<?xml version="1.0" encoding="UTF-8"?>

<recipeml version="0.5">
  <recipe>
    <head>
      <title>Bean Curd Casserole</title>
      <categories>
        <cat>Vegetable</cat></categories>
      <yield>4</yield></head>
    <ingredients>
      <ing>
        <amt>
          <qty>4</qty>
          <unit/></amt>
        <item>Shiitake mushrooms; dried</item></ing>
      <ing>
        <amt>
          <qty>1</qty>
          <unit>package</unit></amt>
        <item>(10-oz) bean curd or tofu</item></ing>
      <ing>
        <amt>
          <qty>4</qty>
          <unit>ounces</unit></amt>
        <item>Shrimp; shelled &amp; deveined</item></ing>
      <ing>
        <amt>
          <qty>1</qty>
          <unit>teaspoon</unit></amt>
        <item>Sherry</item></ing>
      <ing>
        <amt>
          <qty>1</qty>
          <unit>teaspoon</unit></amt>
        <item>Cornstarch (optional; save 1 gr. carb)</item></ing>
      <ing>
        <amt>
          <qty>5</qty>
          <unit>cups</unit></amt>
        <item>Chicken stock</item></ing>
      <ing>
        <amt>
          <qty>1/2</qty>
          <unit>cups</unit></amt>
        <item>Cooked chicken breast; sliced</item></ing>
      <ing>
        <amt>
          <qty/>
          <unit/></amt>
        <item>Salt</item></ing></ingredients>
    <directions>
      <step>  From: "sharon@sols.com" &lt;sharon@sols.com&gt;
  
  Date: Thu, 25 Apr 1996 18:58:13 -0600
  
  Recipe By : adapted from Madame Wong's Long-Life Chinese Cookbook
  
  Soak mushrooms in boiling water for 20 minutes. Drain, remove hard stems,
  and cut into quarters. Cut tofu into 1/2 inch squares.
  
  Cut shrimp in half lengthwise, and each half into 4 pieces. Mix in bowl
  with sherry and cornstarch. Set aside.
  
  Pour stock into casserol dish (large pot). Add mushrooms, tofu, and bamboo
  shoots. Bring to boil. *Simmer* 30 minutes
  
  Add shrimp and chicken. As soon as shrimp turn pink, turn off heat. Season
  with salt to taste.
  
  Per serving: 91 Calories; 2g Fat (24% calories from fat); 12g Protein; 4g
  Carbohydrate; 43mg Cholesterol; 1012mg Sodium
  
  MC-RECIPE@MASTERCOOK.COM
  
  MASTERCOOK RECIPES LIST SERVER
  
  MC-RECIPE DIGEST V1 #59
  
  From the MasterCook recipe list.  Downloaded from Glen's MM Recipe Archive,
  http://www.erols.com/hosey.
 
</step></directions></recipe></recipeml>
