<?xml version="1.0" encoding="UTF-8"?>

<recipeml version="0.5">
  <recipe>
    <head>
      <title>Bean Curd with Broccoli</title>
      <categories>
        <cat>Vegetarian</cat>
        <cat>Beans</cat></categories>
      <yield>4</yield></head>
    <ingredients>
      <ing>
        <amt>
          <qty>1 1/2</qty>
          <unit>teaspoons</unit></amt>
        <item>Cornstarch</item></ing>
      <ing>
        <amt>
          <qty>3/4</qty>
          <unit>cups</unit></amt>
        <item>Stock</item></ing>
      <ing>
        <amt>
          <qty>1</qty>
          <unit>tablespoon</unit></amt>
        <item>Dry sherry</item></ing>
      <ing>
        <amt>
          <qty>2</qty>
          <unit>tablespoons</unit></amt>
        <item>Soy sauce</item></ing>
      <ing>
        <amt>
          <qty>1</qty>
          <unit>tablespoon</unit></amt>
        <item>Sesame oil</item></ing>
      <ing>
        <amt>
          <qty>1</qty>
          <unit/></amt>
        <item>Scallion</item></ing>
      <ing>
        <amt>
          <qty>4</qty>
          <unit>tablespoons</unit></amt>
        <item>Vegetable oil</item></ing>
      <ing>
        <amt>
          <qty>2</qty>
          <unit>slices</unit></amt>
        <item>Ginger root</item></ing>
      <ing>
        <amt>
          <qty>2</qty>
          <unit/></amt>
        <item>Garlic cloves, sliced</item></ing>
      <ing>
        <amt>
          <qty>2</qty>
          <unit>cups</unit></amt>
        <item>Broccoli, florets &amp; stems</item></ing>
      <ing>
        <amt>
          <qty>1/2</qty>
          <unit>teaspoons</unit></amt>
        <item>Salt</item></ing>
      <ing>
        <amt>
          <qty>1/2</qty>
          <unit>pounds</unit></amt>
        <item>Medium tofu, cubed</item></ing></ingredients>
    <directions>
      <step>  Put cornstarch into a cup  &amp; slowly add 1/4 c of stock &amp; mix well. Add
  wine, soy sauce &amp; sesame oil.  Mix again.
  
  Cut scallion into 1 1/2" lengths.  Heat vegetable oil in a wok over medium
  heat.  When hot, put in ginger &amp; garlic. Stir &amp; fry for 10 seconds. Put in
  scallion &amp; broccoli. Fry for 1 minute. Add 1/2 c stock &amp; the salt. Bring to
  a simmer.  Cover &amp; cook over a medium heat for a minute, till broccoli is
  tender crisp. Remove broccoli with a slotted spoon. Turn heat to low &amp; add
  tofu.  Let it heat through.  Add cornstarch mixture. Stir very gently. Put
  broccoli back in wok. Serve as soon as the sauce is thick &amp; everything is
  heated through.
  
  Madhur Jaffrey "World of the East Vegetarian Cookbook"
  
  From Gemini's MASSIVE MealMaster collection at www.synapse.com/~gemini
 
</step></directions></recipe></recipeml>
