<?xml version="1.0" encoding="UTF-8"?>

<recipeml version="0.5">
  <recipe>
    <head>
      <title>Bean Burritos with Tvp</title>
      <categories>
        <cat>Main dish</cat>
        <cat>Vegan</cat></categories>
      <yield>8</yield></head>
    <ingredients>
      <ing-div>
        <title>INGREDIENTS</title>
        <ing>
          <amt>
            <qty>8</qty>
            <unit>large</unit></amt>
          <item>Flour Tortillas, 10"</item></ing>
        <ing>
          <amt>
            <qty>2</qty>
            <unit>cups</unit></amt>
          <item>Black or pinto beans</item></ing>
        <ing>
          <amt>
            <qty>1</qty>
            <unit>cup</unit></amt>
          <item>Vegetarian Chili Mix (TVP)</item></ing>
        <ing>
          <amt>
            <qty>7/8</qty>
            <unit>cups</unit></amt>
          <item>Water, or white grape juice</item></ing>
        <ing>
          <amt>
            <qty>1</qty>
            <unit/></amt>
          <item>Medium onion, diced</item></ing>
        <ing>
          <amt>
            <qty/>
            <unit/></amt>
          <item>Garnish:</item></ing>
        <ing>
          <amt>
            <qty/>
            <unit/></amt>
          <item>Diced tomatoes, black olives</item></ing>
        <ing>
          <amt>
            <qty/>
            <unit/></amt>
          <item>Guacamole, diced onions,</item></ing>
        <ing>
          <amt>
            <qty/>
            <unit/></amt>
          <item>Picante Sauce</item></ing></ing-div></ingredients>
    <directions>
      <step>  Method: Heat water or juice to boiling and pour over TVP in a heatproof
  bowl. Allow to sit for 10 minutes until water is absorbed. Add beans with
  juice to TVP. Saute onions in a little water or juice until soft. Lay out
  your tortillas flat, and divide bean-TVP mixture evenly among the 8
  tortillas. Then fold the tortilla up from the bottom, down from the top,
  and then fold the two ends to the middle. "Pin" them with a toothpick.
  Spray a cookie sheet with cooking spray, place the "envelopes" on the
  cookie sheet, and spray them with the cooking spray. Place in a 350 degree
  oven for 10-15 minutes until crisp and slightly browned. Take the
  toothpicks out when baked - they will stay in shape. Use what you need, and
  freeze the rest in plastic freezer bags. When ready to serve, heat in oven
  or microwave and top with tomatoes and onions - guacamole and black olives,
  picante sauce as desired.
         Original - Alice in Houston - 9/12/92
  
  From Gemini's MASSIVE MealMaster collection at www.synapse.com/~gemini
 
</step></directions></recipe></recipeml>
