<?xml version="1.0" encoding="UTF-8"?>

<recipeml version="0.5">
  <recipe>
    <head>
      <title>Bean Loaf</title>
      <categories>
        <cat>Main dish</cat></categories>
      <yield>6</yield></head>
    <ingredients>
      <ing>
        <amt>
          <qty>1</qty>
          <unit>cup</unit></amt>
        <item>Rolled oats</item></ing>
      <ing>
        <amt>
          <qty>3/4</qty>
          <unit>cups</unit></amt>
        <item>Water</item></ing>
      <ing>
        <amt>
          <qty>1</qty>
          <unit>pound</unit></amt>
        <item>Can butter beans, drained*</item></ing>
      <ing>
        <amt>
          <qty>1</qty>
          <unit>cup</unit></amt>
        <item>Shredded carrots</item></ing>
      <ing>
        <amt>
          <qty>1/2</qty>
          <unit>cups</unit></amt>
        <item>Onions, finely chopped</item></ing>
      <ing>
        <amt>
          <qty>2</qty>
          <unit>tablespoons</unit></amt>
        <item>Oat bran</item></ing>
      <ing>
        <amt>
          <qty>1</qty>
          <unit/></amt>
        <item>Egg white</item></ing>
      <ing>
        <amt>
          <qty>1/8</qty>
          <unit>teaspoons</unit></amt>
        <item>Garlic powder</item></ing>
      <ing>
        <amt>
          <qty>1/8</qty>
          <unit>teaspoons</unit></amt>
        <item>Pepper</item></ing>
      <ing>
        <amt>
          <qty>1/4</qty>
          <unit>teaspoons</unit></amt>
        <item>Oregano</item></ing>
      <ing>
        <amt>
          <qty>1/4</qty>
          <unit>teaspoons</unit></amt>
        <item>Basil</item></ing>
      <ing>
        <amt>
          <qty>1/4</qty>
          <unit>teaspoons</unit></amt>
        <item>Thyme</item></ing>
      <ing>
        <amt>
          <qty>1/4</qty>
          <unit>teaspoons</unit></amt>
        <item>Ground sage</item></ing>
      <ing>
        <amt>
          <qty/>
          <unit/></amt>
        <item>Salt to taste</item></ing></ingredients>
    <directions>
      <step>  *Butter beans (like lima) or Great Northern beans, rinsed, drained 1 cup
  dry beans make about 2 c puree but I'm not sure about canned.
  
  "Oats, beans and carrots make this deliciously spiced loaf a real
  high-fiber meal.  Try it hot for dinner and have the leftovers in a
  sandwich the next day."
  
  Preheat oven to 350F Lightly oil a 4x8 inch loaf pan or spray with nonstick
  cooking spray. Place oats and water in a small bowl and let stand 15 min.
  Place beans in a large bowl, mash. Add remaining ingredients. Mix well with
  fork making sure that spices are evenly distributed. Add oats to bean
  mixture.  Mix well.  Press firmly into prepared pan. Bake 1 hr 15 min.
  Invert onto serving plate.  Let stand 5 min before slicing.
  
  Per serving: 161 calories, 9 g protein, 1 g fat, 29 g carbohydrate, 19 mg
  sodium, 0 mg cholesterol, 7 g fiber.
  
  Source:  Oat Cuisine c. 1989 Bobbie Hinman, Prima Publishing, Rocklin, CA
  Shared by Elizabeth Rodier Apr 93
  
  From Gemini's MASSIVE MealMaster collection at www.synapse.com/~gemini
 
</step></directions></recipe></recipeml>
