<?xml version="1.0" encoding="UTF-8"?>

<recipeml version="0.5">
  <recipe>
    <head>
      <title>Bean Burgers</title>
      <categories>
        <cat>Veg-cook</cat>
        <cat>August</cat></categories>
      <yield>8</yield></head>
    <ingredients>
      <ing>
        <amt>
          <qty>4</qty>
          <unit/></amt>
        <item>Whole wheat bread slices</item></ing>
      <ing>
        <amt>
          <qty>16</qty>
          <unit>ounces</unit></amt>
        <item>Vegetarian refried beans; ca</item></ing>
      <ing>
        <amt>
          <qty>1</qty>
          <unit>cup</unit></amt>
        <item>Millet or brown rice; cooked</item></ing>
      <ing>
        <amt>
          <qty>1/4</qty>
          <unit>cups</unit></amt>
        <item>Oats; quick-cooking</item></ing>
      <ing>
        <amt>
          <qty>1/4</qty>
          <unit>cups</unit></amt>
        <item>Tomato paste</item></ing>
      <ing>
        <amt>
          <qty>1/2</qty>
          <unit>teaspoons</unit></amt>
        <item>Garlic powder</item></ing>
      <ing>
        <amt>
          <qty>1/2</qty>
          <unit>teaspoons</unit></amt>
        <item>Salt</item></ing>
      <ing>
        <amt>
          <qty>1</qty>
          <unit>tablespoon</unit></amt>
        <item>Arrowroot</item></ing>
      <ing>
        <amt>
          <qty>3</qty>
          <unit>teaspoons</unit></amt>
        <item>Onion, finely minced; or</item></ing>
      <ing>
        <amt>
          <qty/>
          <unit/></amt>
        <item>(optional)</item></ing></ingredients>
    <directions>
      <step>  Process bread, one slice at a time, in a dry blender to form soft crumbs. M
  all ingredients together well. Form into 8 patties. Brown on each side n a
  vegetable-oil sprayed non-stick skillet. Serve as is or on whole wheat buns
  with lettuce, sprouts and ketchup, if desired. Per patty:  131 calories, 6
  protein, 25 g carb, 6 g fat (4%)
  
  From: garhow@hpubmaa.esr.HP.COM (Garry Howard).  rfvc Digest V94 Issue
  #181, Aug. 26, 1994. Formatted by Sue Smith, S.Smith34, TXFT40A@Prodigy.com
  ~--
  
  File ftp://ftp.idiscover.co.uk/pub/food/mealmaster/recipes/vegcook1.zip
 
</step></directions></recipe></recipeml>
