<?xml version="1.0" encoding="UTF-8"?>

<recipeml version="0.5">
  <recipe>
    <head>
      <title>Bean Dip</title>
      <categories>
        <cat>Appetizers</cat>
        <cat>Beverages</cat></categories>
      <yield>8</yield></head>
    <ingredients>
      <ing>
        <amt>
          <qty>1</qty>
          <unit>pound</unit></amt>
        <item>Ground beef</item></ing>
      <ing>
        <amt>
          <qty>1</qty>
          <unit>medium</unit></amt>
        <item>Onion; chopped</item></ing>
      <ing>
        <amt>
          <qty>1</qty>
          <unit>can</unit></amt>
        <item>Refried beans</item></ing>
      <ing>
        <amt>
          <qty>1</qty>
          <unit>can</unit></amt>
        <item>Chili without beans</item></ing>
      <ing>
        <amt>
          <qty>1</qty>
          <unit>can</unit></amt>
        <item>Green chiles; diced</item></ing>
      <ing>
        <amt>
          <qty>1</qty>
          <unit>pound</unit></amt>
        <item>Velveeta cheese</item></ing></ingredients>
    <directions>
      <step>  Brown hamburger and onion; drain. Put in crockpot with remaining
  ingredients. Cook on low for at least 2 hours. Serve with tortilla chips.
  
  Recipe by: Unknown Posted to TNT - Prodigy's Recipe Exchange Newsletter by
  SilkyKitty &lt;SilkyKitty@prodigy.net&gt; on Aug 24, 1997
 
</step></directions></recipe></recipeml>
