<?xml version="1.0" encoding="UTF-8"?>

<recipeml version="0.5">
  <recipe>
    <head>
      <title>Bean Burgers</title>
      <categories>
        <cat>Vegetables</cat></categories>
      <yield>4</yield></head>
    <ingredients>
      <ing>
        <amt>
          <qty>1</qty>
          <unit>tablespoon</unit></amt>
        <item>Vegetable oil</item></ing>
      <ing>
        <amt>
          <qty>1</qty>
          <unit/></amt>
        <item>Med size onion, finely chop</item></ing>
      <ing>
        <amt>
          <qty>1</qty>
          <unit/></amt>
        <item>Clove garlic,finely chopped</item></ing>
      <ing>
        <amt>
          <qty>2</qty>
          <unit>cups</unit></amt>
        <item>Cooked pinto, pea, or</item></ing>
      <ing>
        <amt>
          <qty/>
          <unit/></amt>
        <item>Kidney beans, drain &amp; mash</item></ing>
      <ing>
        <amt>
          <qty>1/4</qty>
          <unit>cups</unit></amt>
        <item>Chopped parsley</item></ing>
      <ing>
        <amt>
          <qty>1/2</qty>
          <unit>cups</unit></amt>
        <item>Whole wheat bread crumbs</item></ing>
      <ing>
        <amt>
          <qty>2</qty>
          <unit/></amt>
        <item>Egg yolks</item></ing>
      <ing>
        <amt>
          <qty>2</qty>
          <unit>tablespoons</unit></amt>
        <item>Cream or milk</item></ing>
      <ing>
        <amt>
          <qty>1</qty>
          <unit>teaspoon</unit></amt>
        <item>Salt</item></ing>
      <ing>
        <amt>
          <qty>1/4</qty>
          <unit>teaspoons</unit></amt>
        <item>Freshly ground black pepper</item></ing>
      <ing>
        <amt>
          <qty>1/2</qty>
          <unit>teaspoons</unit></amt>
        <item>Dried oregano</item></ing>
      <ing>
        <amt>
          <qty/>
          <unit/></amt>
        <item>Wheat germ</item></ing>
      <ing>
        <amt>
          <qty/>
          <unit/></amt>
        <item>Butter for sauteeing</item></ing>
      <ing>
        <amt>
          <qty/>
          <unit/></amt>
        <item>Barbeque sauce</item></ing></ingredients>
    <directions>
      <step>  1.  Heat the oil in a small skillet and saute the onion and garlic until
    tender but not browned.  Combine with the beans, parsley, crumbs, egg
    yolks, cream, salt, pepper, and oregano and mix well. 2. Shape into 4
  burgers and coat with wheat germ. Chill for 1 hour or
    longer. 3. Melt the butter in a large heavy skillet and saute burgers
  until
    lightly browned.  Serve with barbeque sauce.
  
  From Gemini's MASSIVE MealMaster collection at www.synapse.com/~gemini
 
</step></directions></recipe></recipeml>
