<?xml version="1.0" encoding="UTF-8"?>

<recipeml version="0.5">
  <recipe>
    <head>
      <title>Bean Curd Rolls</title>
      <categories>
        <cat>Appetizers</cat>
        <cat>Chinese</cat>
        <cat>Vegetarian</cat></categories>
      <yield>6</yield></head>
    <ingredients>
      <ing>
        <amt>
          <qty>1</qty>
          <unit>cup</unit></amt>
        <item>Uncooked shortgrain rice</item></ing>
      <ing>
        <amt>
          <qty>6</qty>
          <unit/></amt>
        <item>Dried shiitake mushrooms</item></ing>
      <ing>
        <amt>
          <qty>1</qty>
          <unit>tablespoon</unit></amt>
        <item>Vegetable oil</item></ing>
      <ing>
        <amt>
          <qty>1</qty>
          <unit/></amt>
        <item>Garlic clove, minced</item></ing>
      <ing>
        <amt>
          <qty>1/2</qty>
          <unit>small</unit></amt>
        <item>Carrot, cut into 1" slivers</item></ing>
      <ing>
        <amt>
          <qty>3</qty>
          <unit/></amt>
        <item>Asparagus tips, cut into 1/2" pieces, diagonally</item></ing>
      <ing>
        <amt>
          <qty>1/4</qty>
          <unit>cups</unit></amt>
        <item>Slivered bamboo shoots</item></ing>
      <ing>
        <amt>
          <qty>1/4</qty>
          <unit>cups</unit></amt>
        <item>Ginkgo nuts, optional</item></ing>
      <ing>
        <amt>
          <qty>2</qty>
          <unit/></amt>
        <item>Pitted dates, chopped</item></ing>
      <ing>
        <amt>
          <qty>2</qty>
          <unit/></amt>
        <item>Green onions, sliced</item></ing>
      <ing>
        <amt>
          <qty>1</qty>
          <unit>tablespoon</unit></amt>
        <item>Hoisin suce</item></ing>
      <ing>
        <amt>
          <qty>2</qty>
          <unit>tablespoons</unit></amt>
        <item>Soy sauce</item></ing>
      <ing>
        <amt>
          <qty>2</qty>
          <unit>teaspoons</unit></amt>
        <item>Rice wine/dry sherry</item></ing>
      <ing>
        <amt>
          <qty>2</qty>
          <unit>teaspoons</unit></amt>
        <item>Sesame oil</item></ing>
      <ing>
        <amt>
          <qty>6</qty>
          <unit/></amt>
        <item>Dried bean curd sheets, soaked for a few minutes</item></ing>
      <ing>
        <amt>
          <qty>1</qty>
          <unit>tablespoon</unit></amt>
        <item>Flour mixed with 1 tb water</item></ing>
      <ing>
        <amt>
          <qty>6</qty>
          <unit>tablespoons</unit></amt>
        <item>Vegetable oil</item></ing></ingredients>
    <directions>
      <step>  Cover rice with warm water &amp; soak for 30 minutes. Drain. Line the inside of
  a steamer with a damp cheesecloth. Place rice on cheesecloth. Then cover &amp;
  steam the rice over boiling water for 30 minutes. Set aside.
  
  Meanwhile, cover mushrooms with warm water &amp; soak for 30 minutes. Drain
  well. Cut off &amp; discard stems. Thinly slice caps. Set aside.
  
  Place a wok over high heat till hot.  Add oil, swirling to coat sides. Add
  garlic &amp; cook, stirring for 10 seconds. Add carrot &amp; asparagus &amp; stir fry
  for 2 minutes. Add reserved mushrooms, bamboo shoots, nuts, dates, onions,
  hoisin sauce, soy sauce, rice wine or sherry &amp; sesame oil. Stir fry for 2
  minutes. Add rice &amp; mix well. Transfer to a bowl &amp; set aside.
  
  To make rolls, spread about 2 heaping tablespoonfuls of filling diagonally
  across a bean curd sheet.  Keep remaining sheets covered to prevent drying.
  Fold bottom corner over filling to cover, then fold over right &amp; left
  corners.  Roll over once to enclose filling. Brush sides &amp; top of triangle
  with flour &amp; water mixture. Fold over to seal. Cover filled rolls with a
  damp cloth while preparing the rest of the rolls.
  
  Place a non-stick frying pan over medium heat.  Add 1 to 2 tb oil. Add
  rolls two at a time &amp; cook for 2 minutes on each side, or till golden
  brown.  Transfer to a heat proof dish &amp; keep warm in a 200F oven while
  cooking remaining rolls.
  
  To serve, cut each roll into thirds.
  
  "Vegetarian Times" February, 1992.
 
</step></directions></recipe></recipeml>
