<?xml version="1.0" encoding="UTF-8"?>

<recipeml version="0.5">
  <recipe>
    <head>
      <title>Bean Dip</title>
      <categories>
        <cat>None</cat></categories>
      <yield>1</yield></head>
    <ingredients>
      <ing>
        <amt>
          <qty>20 1/2</qty>
          <unit>ounces</unit></amt>
        <item>Refried Beans</item></ing>
      <ing>
        <amt>
          <qty>1 1/2</qty>
          <unit>cups</unit></amt>
        <item>Shredded Cheddar Cheese</item></ing>
      <ing>
        <amt>
          <qty>1/2</qty>
          <unit>cups</unit></amt>
        <item>Sliced Olives; (optional)</item></ing>
      <ing>
        <amt>
          <qty>4</qty>
          <unit>ounces</unit></amt>
        <item>Diced Green Chiles</item></ing>
      <ing>
        <amt>
          <qty>1/3</qty>
          <unit>cups</unit></amt>
        <item>Sliced Green Onion</item></ing>
      <ing>
        <amt>
          <qty>1/4</qty>
          <unit>cups</unit></amt>
        <item>Minced Cilantro; (optional)</item></ing>
      <ing>
        <amt>
          <qty>1/4</qty>
          <unit>teaspoons</unit></amt>
        <item>Ea. Garlic Powder and Salt</item></ing></ingredients>
    <directions>
      <step>  I have a wunnnderrrfulll bean dip from my mother in law in Michigan.....
  
  In large saucepan combine all ingredients. Heat stirring frequently, til
  cheese is melted and beans are heated through. Can serve at room temp or
  warm. Makes 1 1/4 cup dip. This can be frozen, but there is never any left
  to freeze at my house. Serve with assorted tortilla chips.
  
  Posted to recipelu-digest Volume 01 Number 418 by Lulubel2
  &lt;Lulubel2@aol.com&gt; on Dec 30, 1997
 
</step></directions></recipe></recipeml>
