<?xml version="1.0" encoding="UTF-8"?>

<recipeml version="0.5">
  <recipe>
    <head>
      <title>Bean and Franks Soup</title>
      <categories>
        <cat>Beans</cat>
        <cat>Meats</cat>
        <cat>Soups</cat></categories>
      <yield>6</yield></head>
    <ingredients>
      <ing>
        <amt>
          <qty>3</qty>
          <unit>medium</unit></amt>
        <item>Carrots, sliced</item></ing>
      <ing>
        <amt>
          <qty>2</qty>
          <unit>medium</unit></amt>
        <item>Onions, chopped</item></ing>
      <ing>
        <amt>
          <qty>1</qty>
          <unit/></amt>
        <item>Garlic Clove, minced</item></ing>
      <ing>
        <amt>
          <qty>2</qty>
          <unit>tablespoons</unit></amt>
        <item>Butter/Margarine/Bacon Fat</item></ing>
      <ing>
        <amt>
          <qty>28</qty>
          <unit>ounces</unit></amt>
        <item>Baked Beans in Brown Sugar Sauce</item></ing>
      <ing>
        <amt>
          <qty>11 1/2</qty>
          <unit>ounces</unit></amt>
        <item>V-8 or Tomato Juice</item></ing>
      <ing>
        <amt>
          <qty>8</qty>
          <unit/></amt>
        <item>Frankfuaters, cut into 1" pieces</item></ing>
      <ing>
        <amt>
          <qty>1</qty>
          <unit>teaspoon</unit></amt>
        <item>Worsterceshire Sauce</item></ing>
      <ing>
        <amt>
          <qty/>
          <unit/></amt>
        <item>American or Cheddar Cheese, shredded</item></ing></ingredients>
    <directions>
      <step>  Cook carrots, onions and garlic in the butter in a 3 Qt sauce pan. Stirring
  frequently until crisp and tender. Stir in the remaining ingredients except
  for the cheese. Heat over medium heat, stirring occasionally until hot.
  Serve with cheese.
  
  Source: "The Yankee Kitchen" 04-06-93 [#2] Cheryl
  
  From Gemini's MASSIVE MealMaster collection at www.synapse.com/~gemini
 
</step></directions></recipe></recipeml>
