<?xml version="1.0" encoding="UTF-8"?>

<recipeml version="0.5">
  <recipe>
    <head>
      <title>Bean and Sausage Casserole</title>
      <categories>
        <cat>Home cookin</cat></categories>
      <yield>8</yield></head>
    <ingredients>
      <ing>
        <amt>
          <qty/>
          <unit/></amt>
        <item>Waldine Van Geffen</item></ing>
      <ing>
        <amt>
          <qty>1</qty>
          <unit>package</unit></amt>
        <item>Frozen Lima Beans; 10oz</item></ing>
      <ing>
        <amt>
          <qty>1</qty>
          <unit>can</unit></amt>
        <item>Baked Beans; 21oz</item></ing>
      <ing>
        <amt>
          <qty>1</qty>
          <unit>can</unit></amt>
        <item>Kidney Beans; Drained</item></ing>
      <ing>
        <amt>
          <qty>1</qty>
          <unit>can</unit></amt>
        <item>Great Northern Beans; 15-1/</item></ing>
      <ing>
        <amt>
          <qty/>
          <unit/></amt>
        <item>Oz, Drained</item></ing>
      <ing>
        <amt>
          <qty>1</qty>
          <unit>small</unit></amt>
        <item>Onion; Chopped</item></ing>
      <ing>
        <amt>
          <qty>1</qty>
          <unit>pound</unit></amt>
        <item>Smoked Sausage; Cut 1" Piec</item></ing>
      <ing>
        <amt>
          <qty>3/4</qty>
          <unit>cups</unit></amt>
        <item>Ketchup</item></ing>
      <ing>
        <amt>
          <qty>2</qty>
          <unit>tablespoons</unit></amt>
        <item>Packed Brown Sugar</item></ing>
      <ing>
        <amt>
          <qty>1/2</qty>
          <unit>teaspoons</unit></amt>
        <item>Salt</item></ing>
      <ing>
        <amt>
          <qty>1/2</qty>
          <unit>teaspoons</unit></amt>
        <item>Dry Mustard</item></ing>
      <ing>
        <amt>
          <qty>1/8</qty>
          <unit>teaspoons</unit></amt>
        <item>Pepper</item></ing></ingredients>
    <directions>
      <step>  Heat oven to 400~. Rinse frozen lima beans with cold water to separate. Mix
  lima, baked, kidney and northern beans, onion and sausage in ungreased
  2-1/2-quart casserole. Mix remaining ingredients; stir into bean mixture.
  Cover and bake 40 to 50 minutes or until hot and bubbly.
  Posted to EAT-L Digest 02 Sep 96
  
  From:    Claudia Knowles &lt;KnowlesCM7@AOL.COM&gt;
  
  Date:    Tue, 3 Sep 1996 02:24:28 -0400
 
</step></directions></recipe></recipeml>
