<?xml version="1.0" encoding="UTF-8"?>

<recipeml version="0.5">
  <recipe>
    <head>
      <title>Bean Casserole</title>
      <categories>
        <cat>Beans</cat>
        <cat>Casseroles</cat></categories>
      <yield>1</yield></head>
    <ingredients>
      <ing>
        <amt>
          <qty>2</qty>
          <unit>cups</unit></amt>
        <item>Dried beans</item></ing>
      <ing>
        <amt>
          <qty>2</qty>
          <unit/></amt>
        <item>Carrots</item></ing>
      <ing>
        <amt>
          <qty>2</qty>
          <unit/></amt>
        <item>Onions</item></ing>
      <ing>
        <amt>
          <qty>1</qty>
          <unit>cup</unit></amt>
        <item>Canned tomatoes</item></ing>
      <ing>
        <amt>
          <qty>2</qty>
          <unit>tablespoons</unit></amt>
        <item>Butter</item></ing>
      <ing>
        <amt>
          <qty>1</qty>
          <unit>cup</unit></amt>
        <item>Diced leftover meat or bacon</item></ing>
      <ing>
        <amt>
          <qty>1 1/2</qty>
          <unit>teaspoons</unit></amt>
        <item>Salt</item></ing>
      <ing>
        <amt>
          <qty>1/4</qty>
          <unit>teaspoons</unit></amt>
        <item>Pepper</item></ing></ingredients>
    <directions>
      <step>  Soak beans overnight and cook in boiling salted water until tender. Drain.
  Add sliced carrots, onions, tomatoes, and meat.  Season with salt and
  pepper.  Put in greased casserole and dot with butter.  Bake until
  vegetables are tender, in moderate oven.  Serve with a green salad. Makes a
  very economical supper dish.  Source: Heritage Recipes Chatelaine ch.
    Posted to MM-Recipes Digest V3 #260
  
    Date: Sun, 22 Sep 1996 18:11:56 -0400
  
    From: Cindy J Hartlin &lt;chartlin@total.net&gt;
 
</step></directions></recipe></recipeml>
