<?xml version="1.0" encoding="UTF-8"?>

<recipeml version="0.5">
  <recipe>
    <head>
      <title>Bean and Corn Salad</title>
      <categories>
        <cat>None</cat></categories>
      <yield>4</yield></head>
    <ingredients>
      <ing>
        <amt>
          <qty>3/4</qty>
          <unit>pounds</unit></amt>
        <item>Green beans; trimmed</item></ing>
      <ing>
        <amt>
          <qty>3</qty>
          <unit>tablespoons</unit></amt>
        <item>Cider vinegar</item></ing>
      <ing>
        <amt>
          <qty>3</qty>
          <unit>tablespoons</unit></amt>
        <item>Olive oil</item></ing>
      <ing>
        <amt>
          <qty>2</qty>
          <unit>teaspoons</unit></amt>
        <item>Honey Dijon mustard</item></ing>
      <ing>
        <amt>
          <qty>3/4</qty>
          <unit>teaspoons</unit></amt>
        <item>Salt</item></ing>
      <ing>
        <amt>
          <qty>1/4</qty>
          <unit>teaspoons</unit></amt>
        <item>Freshly ground pepper</item></ing>
      <ing>
        <amt>
          <qty>1</qty>
          <unit>can</unit></amt>
        <item>(15 oz.) black beans; drained and rinsed</item></ing>
      <ing>
        <amt>
          <qty>1</qty>
          <unit>cup</unit></amt>
        <item>Cooked fresh corn kernels; (or 1/2 10 oz. box frozen corn, thawed)</item></ing>
      <ing>
        <amt>
          <qty>1</qty>
          <unit>medium</unit></amt>
        <item>Red onion; thinly sliced</item></ing></ingredients>
    <directions>
      <step>  Work Time: 15 minutes Total Time: 15 minutes
  
  1. Cook green beans in boiling water until tender-crisp, 3 to 5 minutes.
  Drain and rinse with cold water; drain.
  
  2. Combine vinegar, oil, mustard, salt, and pepper in large bowl. Toss in
  green beans, black beans, corn, and onion.
  
  Posted to EAT-LF Digest by Katherine Rodman &lt;levya@mindspring.com&gt; on Apr
  12, 1998
 
</step></directions></recipe></recipeml>
