<?xml version="1.0" encoding="UTF-8"?>

<recipeml version="0.5">
  <recipe>
    <head>
      <title>Bean Burgers with Oregano-Yogurt Sauce</title>
      <categories>
        <cat>Vegetable</cat></categories>
      <yield>4</yield></head>
    <ingredients>
      <ing>
        <amt>
          <qty>1/2</qty>
          <unit>cups</unit></amt>
        <item>Nonfat sour cream</item></ing>
      <ing>
        <amt>
          <qty>2</qty>
          <unit>tablespoons</unit></amt>
        <item>Chopped green onions</item></ing>
      <ing>
        <amt>
          <qty>1/4</qty>
          <unit>teaspoons</unit></amt>
        <item>Dried oregano leaves</item></ing>
      <ing>
        <amt>
          <qty>1/8</qty>
          <unit>teaspoons</unit></amt>
        <item>Salt</item></ing>
      <ing>
        <amt>
          <qty>1</qty>
          <unit>can</unit></amt>
        <item>(15.5-oz) kidney beans; drained; rinsed (I used black beans which was also good)</item></ing>
      <ing>
        <amt>
          <qty>3</qty>
          <unit>tablespoons</unit></amt>
        <item>Plain bread crumbs</item></ing>
      <ing>
        <amt>
          <qty>1/4</qty>
          <unit>tablespoons</unit></amt>
        <item>Garlic powder</item></ing>
      <ing>
        <amt>
          <qty>1</qty>
          <unit>dash</unit></amt>
        <item>Ground red pepper (cayenne)</item></ing>
      <ing>
        <amt>
          <qty>1</qty>
          <unit>dash</unit></amt>
        <item>Pepper</item></ing>
      <ing>
        <amt>
          <qty>2</qty>
          <unit/></amt>
        <item>Egg whites</item></ing>
      <ing>
        <amt>
          <qty/>
          <unit/></amt>
        <item>Cooking spray</item></ing>
      <ing>
        <amt>
          <qty>4</qty>
          <unit/></amt>
        <item>Buns; split</item></ing></ingredients>
    <directions>
      <step>  From: Patricia Thorp &lt;thorp@sas.upenn.edu&gt;
  
  Date: Wed, 17 Jul 1996 11:12:36 -0400 (EDT)
  From Quick and Healthy:
  
  In small bowl, combine sour cream, onions, oregano, and salt; mix well.
  Refrigerate until serving time.
  
  In medium bowl with fork or in food processor bowl with metal blade, mash
  beans well. Add bread crumbs, garlic powder, ground red pepper, pepper, egg
  whites; mix well. Mixture will be soft. With wet hands, shape mixture into
        4    patties, 1/2 inch thick.
  
  Spray pan in medium nonstick skillet . "Fry" bean patties 5 minutes over
  medium heat. Turn and flattten slightly with pancake turner; cook and
  additional 5 minutes or until thoroughly heated and set. Serve in buns with
  sour cream sauce.
  
  I also tried mine with a sprinkle of nonfat cheese, which was also yummy.
  
  Makes 4 sandwiches.
  
  fatfree digest V96 #198
  
  From the Fatfree Vegetarian recipe list.  Downloaded from Glen's MM Recipe
  Archive, http://www.erols.com/hosey.
 
</step></directions></recipe></recipeml>
