<?xml version="1.0" encoding="UTF-8"?>

<recipeml version="0.5">
  <recipe>
    <head>
      <title>Bean and Cornmeal Pie (Ovo Lacto)</title>
      <categories>
        <cat>Digest</cat>
        <cat>Nov.</cat>
        <cat>Ovo</cat>
        <cat>Fatfree</cat></categories>
      <yield>1</yield></head>
    <ingredients>
      <ing-div>
        <title/>
        <ing>
          <amt>
            <qty>2</qty>
            <unit>cans</unit></amt>
          <item>Black beans/kidney beans</item></ing>
        <ing>
          <amt>
            <qty>2</qty>
            <unit>cups</unit></amt>
          <item>Chopped onions</item></ing>
        <ing>
          <amt>
            <qty>1 1/2</qty>
            <unit>cups</unit></amt>
          <item>Chopped tomatoes</item></ing>
        <ing>
          <amt>
            <qty/>
            <unit/></amt>
          <item>{canned tomatoes work, just</item></ing>
        <ing>
          <amt>
            <qty/>
            <unit/></amt>
          <item>Drain them}</item></ing>
        <ing>
          <amt>
            <qty>1/4</qty>
            <unit>cups</unit></amt>
          <item>Salsa {I use hot}</item></ing>
        <ing>
          <amt>
            <qty>1</qty>
            <unit>large</unit></amt>
          <item>Green pepper</item></ing>
        <ing>
          <amt>
            <qty>1</qty>
            <unit>cup</unit></amt>
          <item>Frozen corn kernels</item></ing>
        <ing>
          <amt>
            <qty>1</qty>
            <unit>teaspoon</unit></amt>
          <item>Cumin</item></ing>
        <ing>
          <amt>
            <qty>2</qty>
            <unit>teaspoons</unit></amt>
          <item>Chili</item></ing>
        <ing>
          <amt>
            <qty>1</qty>
            <unit>teaspoon</unit></amt>
          <item>Or more mixed herbs {i</item></ing>
        <ing>
          <amt>
            <qty/>
            <unit/></amt>
          <item>Cheated &amp; used Mrs. Dash}</item></ing>
        <ing>
          <amt>
            <qty>1/2</qty>
            <unit>teaspoons</unit></amt>
          <item>Salt</item></ing></ing-div>
      <ing-div>
        <title>TOPPING</title>
        <ing>
          <amt>
            <qty>3/4</qty>
            <unit>cups</unit></amt>
          <item>Flour</item></ing>
        <ing>
          <amt>
            <qty>3/4</qty>
            <unit>cups</unit></amt>
          <item>Cornmeal</item></ing>
        <ing>
          <amt>
            <qty>3/4</qty>
            <unit>cups</unit></amt>
          <item>Skim milk</item></ing>
        <ing>
          <amt>
            <qty>2</qty>
            <unit>teaspoons</unit></amt>
          <item>Baking powder</item></ing>
        <ing>
          <amt>
            <qty>1</qty>
            <unit>dash</unit></amt>
          <item>Salt</item></ing>
        <ing>
          <amt>
            <qty>2</qty>
            <unit>teaspoons</unit></amt>
          <item>Sugar</item></ing>
        <ing>
          <amt>
            <qty>1</qty>
            <unit>dash</unit></amt>
          <item>Chili pepper</item></ing>
        <ing>
          <amt>
            <qty>1</qty>
            <unit/></amt>
          <item>Egg white</item></ing>
        <ing>
          <amt>
            <qty>1/2</qty>
            <unit>cups</unit></amt>
          <item>Corn kernels</item></ing></ing-div></ingredients>
    <directions>
      <step>  Saute onions &amp; pepper in a little vegetable stock &amp; water till tender
  (about 8 mins). Add tomatoes, beans, salsa &amp; corn. Add the spices and
  simmer while you get the topping ready.
  
  {Original recipe called for 3 or 4 tablespoons of oil and 1 whole egg in
  the batter. I increased the milk slightly, added about 1/2 more teaspoon of
  baking powder and used just the egg white}
  
  Sift together dry ingredients. Beat egg white &amp; milk. Stir into flour &amp;
  cornmeal mixture - don't overmix. Fold in the corn kernels, and spread
  batter over bean mixture and bake at 375 degrees for 25 minutes.
  
  I serve this with plain yogurt {reduced fat, can't get fatfree around my
  neck of the woods} &amp; extra salsa on the side.
  
  Posted by Janet Hatch &lt;janet.hatch@acadiau.ca&gt; to the Fatfree Dig. Vol. 12
  Issue 9 Nov. 10, 1994. FATFREE Recipe collections copyrighted by Michelle
  Dick 1994. Used with permission. Formatted by Sue Smith, S.Smith34,
  TXFT40A@Prodigy.com using MMCONV.
  
  File ftp://ftp.idiscover.co.uk/pub/food/mealmaster/recipes/fatfreex.zip
 
</step></directions></recipe></recipeml>
