<?xml version="1.0" encoding="UTF-8"?>

<recipeml version="0.5">
  <recipe>
    <head>
      <title>Bean Curd and Coconut Soup</title>
      <categories>
        <cat>Soups</cat>
        <cat>Appetizers</cat>
        <cat>Vegetarian</cat></categories>
      <yield>4</yield></head>
    <ingredients>
      <ing>
        <amt>
          <qty>2</qty>
          <unit/></amt>
        <item>Whole stalks lemongrass</item></ing>
      <ing>
        <amt>
          <qty>2</qty>
          <unit>teaspoons</unit></amt>
        <item>Laos powder</item></ing>
      <ing>
        <amt>
          <qty>1</qty>
          <unit>can</unit></amt>
        <item>Coconut milk</item></ing>
      <ing>
        <amt>
          <qty>1</qty>
          <unit>pound</unit></amt>
        <item>Firm tofu, diced</item></ing>
      <ing>
        <amt>
          <qty>1/2</qty>
          <unit>cups</unit></amt>
        <item>White miso</item></ing>
      <ing>
        <amt>
          <qty>1</qty>
          <unit/></amt>
        <item>Chili, seeded sliced into thin rounds</item></ing>
      <ing>
        <amt>
          <qty>1</qty>
          <unit/></amt>
        <item>Lime, juiced</item></ing>
      <ing>
        <amt>
          <qty>2</qty>
          <unit>tablespoons</unit></amt>
        <item>Fresh basil and/or mint (finely chopped)</item></ing>
      <ing>
        <amt>
          <qty>1</qty>
          <unit>tablespoon</unit></amt>
        <item>Nam pla (OPTIONAL)</item></ing>
      <ing>
        <amt>
          <qty/>
          <unit/></amt>
        <item>Fresh coriander (as garnish)</item></ing></ingredients>
    <directions>
      <step>  Chop lemongrass, and bruise it with the flat of a cleaver.
  
  Add Laos powder and lemongrass to coconut milk, and slowly bring to a boil
  while stirring gently.  Simmer for 10 minutes.
  
  Strain off lemongrass.
  
  Add tofu, stirring into stock.
  
  Remove 2 cups of stock.  Dissolve miso in it, and return to pot. Simmer for
        5    minutes.
  
  Add tofu, stirring into stock.
  
  Remove 2 cups of stock.  Dissolve miso in it, and return to pot. Simmer for
        5    minutes.
  
  Add remaining ingredients, and serve garnished with coriander. This is
  delicious with a bowl of Thai jasmine rice.
  
  John Paino &amp; Lisa Messinger, "The Tofu Book"  Posted by Karen Mintzias
  
  From Gemini's MASSIVE MealMaster collection at www.synapse.com/~gemini
 
</step></directions></recipe></recipeml>
