<?xml version="1.0" encoding="UTF-8"?>

<recipeml version="0.5">
  <recipe>
    <head>
      <title>Bean Burritos #3</title>
      <categories>
        <cat>Vegetable</cat></categories>
      <yield>4</yield></head>
    <ingredients>
      <ing>
        <amt>
          <qty>1</qty>
          <unit>can</unit></amt>
        <item>(16 Oz.) Light Red Kidney Beans; Drained</item></ing>
      <ing>
        <amt>
          <qty>1</qty>
          <unit>teaspoon</unit></amt>
        <item>Vegetable Oil</item></ing>
      <ing>
        <amt>
          <qty>1/2</qty>
          <unit>cups</unit></amt>
        <item>Chopped Onion</item></ing>
      <ing>
        <amt>
          <qty>1/2</qty>
          <unit>cups</unit></amt>
        <item>Diced Red OR Green Pepper</item></ing>
      <ing>
        <amt>
          <qty>1</qty>
          <unit/></amt>
        <item>Clove Garlic; Minced</item></ing>
      <ing>
        <amt>
          <qty>3/4</qty>
          <unit>teaspoons</unit></amt>
        <item>Ground Cumin</item></ing>
      <ing>
        <amt>
          <qty>1/2</qty>
          <unit>teaspoons</unit></amt>
        <item>Ground Coriander</item></ing>
      <ing>
        <amt>
          <qty>1/8</qty>
          <unit>teaspoons</unit></amt>
        <item>White Pepper</item></ing>
      <ing>
        <amt>
          <qty>1/2</qty>
          <unit>cups</unit></amt>
        <item>Frozen Whole Kernel Corn; Thawed &amp; Drained</item></ing>
      <ing>
        <amt>
          <qty>4</qty>
          <unit/></amt>
        <item>(8 Inch) Flour Tortillas</item></ing>
      <ing>
        <amt>
          <qty>3/4</qty>
          <unit>cups</unit></amt>
        <item>(3 Oz.) Shredded Cheddar Cheese</item></ing>
      <ing>
        <amt>
          <qty>1</qty>
          <unit>cup</unit></amt>
        <item>Commercial Medium Salsa</item></ing></ingredients>
    <directions>
      <step>  Place Kidney Beans in A Medium Bowl.  Mash To Desired Consistency. Coat A
  Small Nonstick Skillet With Cooking Spray.  Add Oil &amp; Place Over Medium
  Heat Until Hot. Add Onion, Red Bell Pepper &amp; Garlic &amp; Saute 5 Min. OR Until
  Onion Is Tender. Stir in Cumin, Coriander &amp; White Pepper. Cook 1 Min, And
  Remove From Heat. Add Onion Mixture &amp; Corn To Beans. Stir Well.
  
  Divide Bean Mixture Evenly Among Tortillas, Spreading To Edges. Sprinkle 3
  T. Cheese Down Center Of Each Tortilla.  Roll Up; Place Seam Side Down On A
  Baking Sheet.  Bake At 425 For 5 Min. OR Until Thoroughly Heated. Spoon
  Salsa Over Burritos. Serve Warm. (About 353 Cal. Per Burrito And 1/4 C.
  Salsa. Fat
  
  12.1, Chol. 22)
  
  Date: Tue, 11 Jun 1996 02:59:32 -0400
  
  From: Dennis &lt;dennisjy@ix.netcom.com&gt;
  
  MM-Recipes Digest V3 #162
  
  From the MealMaster recipe list.  Downloaded from Glen's MM Recipe Archive,
  http://www.erols.com/hosey.
 
</step></directions></recipe></recipeml>
