<?xml version="1.0" encoding="UTF-8"?>

<recipeml version="0.5">
  <recipe>
    <head>
      <title>Bean and Vegetable Soup, First Time Around (Mf)</title>
      <categories>
        <cat>Soups &amp;</cat>
        <cat>Stews</cat></categories>
      <yield>8</yield></head>
    <ingredients>
      <ing>
        <amt>
          <qty>1/4</qty>
          <unit>cups</unit></amt>
        <item>Extra virgin olive oil</item></ing>
      <ing>
        <amt>
          <qty>4</qty>
          <unit>slices</unit></amt>
        <item>Bacon-- diced</item></ing>
      <ing>
        <amt>
          <qty>2</qty>
          <unit>medium</unit></amt>
        <item>Onions, finely diced</item></ing>
      <ing>
        <amt>
          <qty>1</qty>
          <unit/></amt>
        <item>Stalk celery, finely diced</item></ing>
      <ing>
        <amt>
          <qty>2</qty>
          <unit/></amt>
        <item>Carrots, finely diced</item></ing>
      <ing>
        <amt>
          <qty>4</qty>
          <unit/></amt>
        <item>Cloves garlic, minced</item></ing>
      <ing>
        <amt>
          <qty>1</qty>
          <unit>large</unit></amt>
        <item>Zucchini (2 cups), cut in 1/2" cubes</item></ing>
      <ing>
        <amt>
          <qty>14</qty>
          <unit>ounces</unit></amt>
        <item>Canned plum tomatoes (2 cups), chopped</item></ing>
      <ing>
        <amt>
          <qty>1/2</qty>
          <unit/></amt>
        <item>Head small savoy cabbage, finely sliced</item></ing>
      <ing>
        <amt>
          <qty>2</qty>
          <unit>cups</unit></amt>
        <item>Washed spinach leaves, coarsely chopped</item></ing>
      <ing>
        <amt>
          <qty>2</qty>
          <unit>cans</unit></amt>
        <item>White beans (16 ounces each), rinsed and drained, one can beans pureed, one can beans left whole</item></ing>
      <ing>
        <amt>
          <qty>1/2</qty>
          <unit>cups</unit></amt>
        <item>Stemmed washed basil leaves, cut into strips</item></ing>
      <ing>
        <amt>
          <qty>4</qty>
          <unit>cups</unit></amt>
        <item>Chicken broth, preferably homemade</item></ing>
      <ing>
        <amt>
          <qty>4</qty>
          <unit>cups</unit></amt>
        <item>Water</item></ing>
      <ing>
        <amt>
          <qty/>
          <unit/></amt>
        <item>Salt and freshly ground black pepper</item></ing>
      <ing>
        <amt>
          <qty>1/2</qty>
          <unit>cups</unit></amt>
        <item>Grated Parmesan or Pecorino Romano cheese, approximately</item></ing></ingredients>
    <directions>
      <step>  Heat olive oil and bacon and cook until bacon bits are almost crisp. Add
  onions, celery and carrots and saute for about 10 minutes or until soft.
  Add the garlic, zucchini, tomatoes, cabbage, spinach and cook for about 10
  minutes longer or until wilted. (If vegetables begin to stick, add some
  water.)
  
  Add the bean puree and whole beans, basil, broth, water and 1 teaspoon of
  salt. Bring liquid to a boil, and simmer, over low heat, stirring on
  occasion, for 20 minutes. Season well to taste with salt and pepper and
  ladle into hot deep bowls. Garnish with grated cheese to taste.
  
  Yield: 8 servings
  
  Copyright, 1996, TV FOOD NETWORK, G.P., All Rights Reserved
  NOTES :  Soups, Beans &amp; Legumes
  
  Posted to MC-Recipe Digest V1 #321
  
  Recipe by: COOKING MONDAY TO FRIDAY SHOW #MF6746
  
  From: Gail Shermeyer &lt;4paws@netrax.net&gt;
  
  Date: Fri, 29 Nov 1996 21:23:56 -0500
 
</step></directions></recipe></recipeml>
