<?xml version="1.0" encoding="UTF-8"?>

<recipeml version="0.5">
  <recipe>
    <head>
      <title>Bean Curd with Chinese Parsley</title>
      <categories>
        <cat>Vegetarian</cat>
        <cat>Beans</cat>
        <cat>Chinese</cat></categories>
      <yield>3</yield></head>
    <ingredients>
      <ing>
        <amt>
          <qty>2</qty>
          <unit/></amt>
        <item>Hot Italian peppers</item></ing>
      <ing>
        <amt>
          <qty>1/2</qty>
          <unit>small</unit></amt>
        <item>Sweet red bell pepper</item></ing>
      <ing>
        <amt>
          <qty>1</qty>
          <unit>teaspoon</unit></amt>
        <item>Cornstarch</item></ing>
      <ing>
        <amt>
          <qty>2</qty>
          <unit>tablespoons</unit></amt>
        <item>Oil</item></ing>
      <ing>
        <amt>
          <qty>1/4</qty>
          <unit>teaspoons</unit></amt>
        <item>Salt</item></ing>
      <ing>
        <amt>
          <qty>1/2</qty>
          <unit>pounds</unit></amt>
        <item>Medium bean curd, cubed</item></ing>
      <ing>
        <amt>
          <qty>1</qty>
          <unit>tablespoon</unit></amt>
        <item>Soy sauce</item></ing>
      <ing>
        <amt>
          <qty>1/2</qty>
          <unit>cups</unit></amt>
        <item>Chopped Chinese parsley</item></ing></ingredients>
    <directions>
      <step>  Slice hot peppers into long strips.  Mix cornstarch with 1/4 cup water.
  Heat oil in a wok.  When hot, add hot pepper &amp; fry for 30 seconds. Slice &amp;
  fry sweet peppers in the same way.
  
  Add cubes of tofu.  Drizzle in soy sauce &amp; add cornstarch mixture. Scatter
  the parsley over the top. Turn the heat up slightly &amp; cookk till sauce
  thickens. Serve hot.
  
  Madhur Jaffrey, "World of the East Vegetarian Cookbook"
  
  From Gemini's MASSIVE MealMaster collection at www.synapse.com/~gemini
 
</step></directions></recipe></recipeml>
