<?xml version="1.0" encoding="UTF-8"?>

<recipeml version="0.5">
  <recipe>
    <head>
      <title>Bean and Corn Burritos</title>
      <categories>
        <cat>Vegetables</cat>
        <cat>Ethnic</cat></categories>
      <yield>4</yield></head>
    <ingredients>
      <ing>
        <amt>
          <qty/>
          <unit/></amt>
        <item>Vegetable cooking spray</item></ing>
      <ing>
        <amt>
          <qty>1/2</qty>
          <unit>cups</unit></amt>
        <item>Onion -- chopped</item></ing>
      <ing>
        <amt>
          <qty>1/4</qty>
          <unit>cups</unit></amt>
        <item>Green pepper -- diced</item></ing>
      <ing>
        <amt>
          <qty>1</qty>
          <unit>teaspoon</unit></amt>
        <item>Pickled jalapeno pepper --</item></ing>
      <ing>
        <amt>
          <qty/>
          <unit/></amt>
        <item>Minced</item></ing>
      <ing>
        <amt>
          <qty>1</qty>
          <unit>teaspoon</unit></amt>
        <item>Ground cumin</item></ing>
      <ing>
        <amt>
          <qty>1/8</qty>
          <unit>teaspoons</unit></amt>
        <item>Ground white pepper</item></ing>
      <ing>
        <amt>
          <qty>16</qty>
          <unit>ounces</unit></amt>
        <item>Can light red kidney beans</item></ing>
      <ing>
        <amt>
          <qty/>
          <unit/></amt>
        <item>Drained and mashed</item></ing>
      <ing>
        <amt>
          <qty>1/2</qty>
          <unit>cups</unit></amt>
        <item>Frozen whole kernel corn --</item></ing>
      <ing>
        <amt>
          <qty/>
          <unit/></amt>
        <item>Thawed and drained</item></ing>
      <ing>
        <amt>
          <qty>4</qty>
          <unit/></amt>
        <item>8-inch flour tortillas</item></ing>
      <ing>
        <amt>
          <qty>3/4</qty>
          <unit>cups</unit></amt>
        <item>Shredded reduced fat sharp</item></ing>
      <ing>
        <amt>
          <qty/>
          <unit/></amt>
        <item>Cheddar cheese</item></ing>
      <ing>
        <amt>
          <qty>1</qty>
          <unit>cup</unit></amt>
        <item>Commercial medium salsa</item></ing>
      <ing>
        <amt>
          <qty>1/4</qty>
          <unit>cups</unit></amt>
        <item>Nonfat sour cream</item></ing>
      <ing>
        <amt>
          <qty/>
          <unit/></amt>
        <item>Alternative</item></ing>
      <ing>
        <amt>
          <qty/>
          <unit/></amt>
        <item>Jalapeno pepper slices --</item></ing>
      <ing>
        <amt>
          <qty/>
          <unit/></amt>
        <item>Opt</item></ing>
      <ing>
        <amt>
          <qty/>
          <unit/></amt>
        <item>Fresh cilantro sprigs --</item></ing>
      <ing>
        <amt>
          <qty/>
          <unit/></amt>
        <item>Opt</item></ing></ingredients>
    <directions>
      <step>  Coat a small nonstick skillet with cooking spray; place over medium heat
  until hot.  Add onion, green pepper, jalapeno pepper, and garlic; saute
  until tender. Stir in cumin and white pepper. Cook 1 minute, stirring
  constantly.  Remove from heat; stir in mashed beans and corn. Spread 1/2
  cup bean mixture evenly over surface of each tortilla. Sprinkle 3
  tablespoons cheese down center of each tortilla. Roll up tortillas, and
  place seam side down on a medium baking sheet. Bake at 425~ for 7 to 8
  minutes or until thoroughly heated. For each serving, top each burrito with
  1/4 cup salsa and 1 tablespoon sour cream. If desired, garnish with
  jalapeno pepper slices and fresh cilantro sprigs. Yield: 4 servings (355
  calories [20% from fat] per serving). Fat 7.8g (Sat 3.2g, Mono 2.6g, Poly
  1.2g) Protein 18.5g Carbohydrate 57.1g Fiber 5.4g Cholesterol 14 mg Sodium
  316mg
  
  Recipe By     :
  
  File ftp://ftp.idiscover.co.uk/pub/food/mealmaster/recipes/mmdja006.zip
 
</step></directions></recipe></recipeml>
