<?xml version="1.0" encoding="UTF-8"?>

<recipeml version="0.5">
  <recipe>
    <head>
      <title>Bean Dip</title>
      <categories>
        <cat>Appetizers</cat>
        <cat>Vegetarian</cat>
        <cat>Mexican</cat>
        <cat>Low-cal</cat>
        <cat>Beans</cat></categories>
      <yield>6</yield></head>
    <ingredients>
      <ing>
        <amt>
          <qty>1/4</qty>
          <unit>cups</unit></amt>
        <item>Green Chilies, diced</item></ing>
      <ing>
        <amt>
          <qty>1/4</qty>
          <unit>cups</unit></amt>
        <item>Tomato Sauce -or- Mild Chili Salsa (green or red)</item></ing>
      <ing>
        <amt>
          <qty>4</qty>
          <unit/></amt>
        <item>Green Onions, chopped</item></ing>
      <ing>
        <amt>
          <qty>1/4</qty>
          <unit>teaspoons</unit></amt>
        <item>To 1/2 ts Cumin</item></ing>
      <ing>
        <amt>
          <qty>1/2</qty>
          <unit/></amt>
        <item>Garlic Clove, minced</item></ing>
      <ing>
        <amt>
          <qty>30</qty>
          <unit>ounces</unit></amt>
        <item>Can Refried Beans</item></ing></ingredients>
    <directions>
      <step>  Keywords: Diabetic
  
  This dip makes a marvelous burrito filling.  Simply spoon the bean dip
  inside a warm tortilla and roll up. For an even easier bean dip, combine
  several tablespoons of salsa with refried beans and serve with tortilla
  chips.
  
  Low-Fat Cheese, freshly grated (optional)
  
  Combine chilies, tomato sauce, onions and seasonings in a saucepan and cook
  until onions are tender.
  
  Add beans and cook approximately 8 minutes.
  
  Serve either hot or cold; top with grated low-fat cheese if desired.
  
  Yield: 16 servings, 4 cups
  
  One Serving = 4 tablespoons (without cheese) Calories: 76 Protein: 4 g Fat:
  1 g Carbohydrate: 12 g Fiber: 6.4 g* Cholesterol: 0 mg Sodium: 302 mg
  Potassium: 262 mg
  
  Exchange: 1 Starch/Bread
  
  * Good source of dietary fiber
  
  Source:  "The U.C.S.D. Healthy Diet for Diabetes, a Comprehensive
  Nutritional Guide and Cookbook," by Susan Algert, M.S., R.D.; Barbara
  Grasse, R.D., C.D.E.; and Annie Durning, M.S., R.D.
  
  Shared by:  Norman R. Brown
  
  From Gemini's MASSIVE MealMaster collection at www.synapse.com/~gemini
 
</step></directions></recipe></recipeml>
