<?xml version="1.0" encoding="UTF-8"?>

<recipeml version="0.5">
  <recipe>
    <head>
      <title>Bean Cassoulet</title>
      <categories>
        <cat>Veggie</cat>
        <cat>Main dish</cat></categories>
      <yield>6</yield></head>
    <ingredients>
      <ing>
        <amt>
          <qty>1 1/2</qty>
          <unit>cups</unit></amt>
        <item>Navy beans</item></ing>
      <ing>
        <amt>
          <qty>7</qty>
          <unit>cups</unit></amt>
        <item>Water</item></ing>
      <ing>
        <amt>
          <qty>1</qty>
          <unit>medium</unit></amt>
        <item>Onion</item></ing>
      <ing>
        <amt>
          <qty>4</qty>
          <unit/></amt>
        <item>Cloves whole</item></ing>
      <ing>
        <amt>
          <qty>3</qty>
          <unit>tablespoons</unit></amt>
        <item>Garlic clove minced</item></ing>
      <ing>
        <amt>
          <qty>1</qty>
          <unit>cup</unit></amt>
        <item>Carrots cubed</item></ing>
      <ing>
        <amt>
          <qty>1</qty>
          <unit>cup</unit></amt>
        <item>Bread crumbs</item></ing>
      <ing>
        <amt>
          <qty>2</qty>
          <unit>tablespoons</unit></amt>
        <item>Olive oil</item></ing>
      <ing>
        <amt>
          <qty>1</qty>
          <unit>cup</unit></amt>
        <item>Onion chopped</item></ing>
      <ing>
        <amt>
          <qty>48</qty>
          <unit>ounces</unit></amt>
        <item>Tomato canned</item></ing>
      <ing>
        <amt>
          <qty>16</qty>
          <unit>ounces</unit></amt>
        <item>Tomato Sauce, canned</item></ing>
      <ing>
        <amt>
          <qty>1</qty>
          <unit>teaspoon</unit></amt>
        <item>Basil</item></ing>
      <ing>
        <amt>
          <qty>1</qty>
          <unit>teaspoon</unit></amt>
        <item>Thyme, ground</item></ing>
      <ing>
        <amt>
          <qty>1</qty>
          <unit/></amt>
        <item>Fresh ginger root</item></ing></ingredients>
    <directions>
      <step>  Soak beans overnight.  Peel onion and leave whole. Stick the cloves into
  it.  In a large pot put in the beans, onion with cloves, 1 tbs garlic, and
  4" peeled ginger root. Cover and cook medium to high until beans are
  tender.  Add the carrots and cook another 20 minutes. Throw out the onion
  and ginger root.  Retain 1 1/2 cups of the liquid. In a fry pan saute the
  chopped onion and 2 tbs garlic. Add the bean liquid 1 1/2 cups, chopped
  tomatoes, tomato sauce, basil, thyme. Bring to boil, low heat and simmer
  about 45 minutes. Preheat oven to 350 deg. In a baking casserole dish
  combine 1/2 of the bean mixture and 1/2 of the tomato mixture. Cover evenly
  with 1/2 the bread crumbs. Add rest of mixture and cover with bread crumbs.
  OPTIONAL COVER TOP WITH A LITTLE GRATE PARMESAN CHEESE. Bake 20 minute then
  5 under broiler until top crusty brown.
  
  From Gemini's MASSIVE MealMaster collection at www.synapse.com/~gemini
 
</step></directions></recipe></recipeml>
