<?xml version="1.0" encoding="UTF-8"?>

<recipeml version="0.5">
  <recipe>
    <head>
      <title>Bean Curd and Peanut Salad Vinaigrette</title>
      <categories>
        <cat>None</cat></categories>
      <yield>1</yield></head>
    <ingredients>
      <ing>
        <amt>
          <qty>1/4</qty>
          <unit>cups</unit></amt>
        <item>Light-flavored vegetable oil</item></ing>
      <ing>
        <amt>
          <qty>1/4</qty>
          <unit>cups</unit></amt>
        <item>White vinegar</item></ing>
      <ing>
        <amt>
          <qty>1/4</qty>
          <unit>cups</unit></amt>
        <item>Minced fresh hot chiles</item></ing>
      <ing>
        <amt>
          <qty>1/2</qty>
          <unit>teaspoons</unit></amt>
        <item>Grated fresh ginger</item></ing>
      <ing>
        <amt>
          <qty>4</qty>
          <unit/></amt>
        <item>Cloves garlic; finely minced</item></ing>
      <ing>
        <amt>
          <qty>3</qty>
          <unit>tablespoons</unit></amt>
        <item>Vinegar</item></ing>
      <ing>
        <amt>
          <qty/>
          <unit/></amt>
        <item>Salt and coarsely ground black pepper; to taste</item></ing>
      <ing>
        <amt>
          <qty/>
          <unit/></amt>
        <item>Cayenne pepper; to taste (optional)</item></ing></ingredients>
    <directions>
      <step>  In a blender pure all ingredients.
  Posted to MC-Recipe Digest V1 #304
  
  Date: Fri, 15 Nov 1996 18:28:22 -0800
  
  From: "brandon.clausing@sierra.com" &lt;gary.stevens@sierra.com&gt;
 
</step></directions></recipe></recipeml>
