<?xml version="1.0" encoding="UTF-8"?>

<recipeml version="0.5">
  <recipe>
    <head>
      <title>Bean Burritos</title>
      <categories>
        <cat>Beans</cat>
        <cat>Mexican</cat></categories>
      <yield>4</yield></head>
    <ingredients>
      <ing>
        <amt>
          <qty>2</qty>
          <unit>teaspoons</unit></amt>
        <item>Olive oil</item></ing>
      <ing>
        <amt>
          <qty>1</qty>
          <unit>small</unit></amt>
        <item>Green pepper; diced</item></ing>
      <ing>
        <amt>
          <qty>2</qty>
          <unit>small</unit></amt>
        <item>Onions; sliced thin</item></ing>
      <ing>
        <amt>
          <qty>2</qty>
          <unit/></amt>
        <item>Cloves garlic; minced</item></ing>
      <ing>
        <amt>
          <qty>1 1/4</qty>
          <unit>cups</unit></amt>
        <item>Water</item></ing>
      <ing>
        <amt>
          <qty>2</qty>
          <unit>cups</unit></amt>
        <item>Pinto beans</item></ing>
      <ing>
        <amt>
          <qty>3</qty>
          <unit>tablespoons</unit></amt>
        <item>Tomato paste</item></ing>
      <ing>
        <amt>
          <qty>1/2</qty>
          <unit>teaspoons</unit></amt>
        <item>Cumin</item></ing>
      <ing>
        <amt>
          <qty>1/2</qty>
          <unit>teaspoons</unit></amt>
        <item>Chili powder</item></ing>
      <ing>
        <amt>
          <qty>8</qty>
          <unit/></amt>
        <item>Tortillas; 7" in diameter</item></ing>
      <ing>
        <amt>
          <qty>1/2</qty>
          <unit>cups</unit></amt>
        <item>Monterey jack cheese; shredded</item></ing></ingredients>
    <directions>
      <step>  Preheat oven at 350.  Prepare a 11 x 7" pan with cooking spray.  In a
  skillet, heat oil over moderate heat.  Add pepper, onions, and garlic and
  cook, covered, stirring occasionally, for 5 minutes or until onions are
  lightly browned.  Add 3/4 cup water and cook, uncovered, another 5 minutes
  or until vegetables are very soft and almost all liquid has evaporated. Add
  beans, tomato paste, cumin, chili powder, and remaining 1/2 cup water and
  cook, covered, stirring occasionally, for 5 minutes. With a potato masher
  or spoon, mash mixture until smooth.  Place 2 tablespoons of bean mixture
  on each tortilla and sprinkle with 1 tablespoon of the cheese. Roll up the
  tortillas and place them, seam side down, in a single layer in prepared
  pan. Using a pastry brush, brush each tortilla with a little water. Cover
  the dish with aluminum foil and bake for 15 minutes or until tortillas are
  piping hot.
 
</step></directions></recipe></recipeml>
