<?xml version="1.0" encoding="UTF-8"?>

<recipeml version="0.5">
  <recipe>
    <head>
      <title>Bean Lasagna [Layered Bean and Noodle Casserole]</title>
      <categories>
        <cat>Vegetarian</cat>
        <cat>Bean/legume</cat>
        <cat>Low cal</cat></categories>
      <yield>4</yield></head>
    <ingredients>
      <ing>
        <amt>
          <qty>1</qty>
          <unit>tablespoon</unit></amt>
        <item>Vegetable Oil</item></ing>
      <ing>
        <amt>
          <qty>1</qty>
          <unit>cup</unit></amt>
        <item>Chopped Onion</item></ing>
      <ing>
        <amt>
          <qty>3</qty>
          <unit/></amt>
        <item>Garlic Cloves, chopped</item></ing>
      <ing>
        <amt>
          <qty>1</qty>
          <unit/></amt>
        <item>14 oz Can Tomato Sauce</item></ing>
      <ing>
        <amt>
          <qty>1</qty>
          <unit/></amt>
        <item>Small can Tomato Paste</item></ing>
      <ing>
        <amt>
          <qty>3</qty>
          <unit>tablespoons</unit></amt>
        <item>Oregano</item></ing>
      <ing>
        <amt>
          <qty>2</qty>
          <unit>tablespoons</unit></amt>
        <item>Basil</item></ing>
      <ing>
        <amt>
          <qty>1/2</qty>
          <unit>teaspoons</unit></amt>
        <item>Paprika</item></ing>
      <ing>
        <amt>
          <qty>1 1/2</qty>
          <unit>cups</unit></amt>
        <item>Mixed Beans [soaked] *</item></ing>
      <ing>
        <amt>
          <qty>1 1/2</qty>
          <unit>cups</unit></amt>
        <item>Low-fat Cottage Cheese</item></ing>
      <ing>
        <amt>
          <qty>2</qty>
          <unit>cups</unit></amt>
        <item>Low-fat Mozzarella [Grated]</item></ing>
      <ing>
        <amt>
          <qty>1</qty>
          <unit/></amt>
        <item>Egg</item></ing>
      <ing>
        <amt>
          <qty>8</qty>
          <unit/></amt>
        <item>Lasagna Noodles [cooked]</item></ing>
      <ing>
        <amt>
          <qty>1</qty>
          <unit>teaspoon</unit></amt>
        <item>Coriander Leaves [chopped]</item></ing>
      <ing>
        <amt>
          <qty>2</qty>
          <unit>tablespoons</unit></amt>
        <item>Parmesan Cheese [Grated]</item></ing></ingredients>
    <directions>
      <step>  Soak beans four to eight hours. Cover with water in saucepan and bring
  beans to a boil. Simmer 30 - 40 minutes. Heat oil, saute onion and garlic
  until soft.  Add tomato sauce, tomato paste, oregano, basil, paprika and
  cooked, drained, beans.  Bring to a boil, reduce heat, simmer 8 - 10
  minutes. Add Coriander leaves. Pre-heat oven to 325 F. Combine cottage
  cheese,  mozzarella and egg. In a greased lasagna pan place a layer of
  noodles, a layer of bean mixture and a layer of cheese mixture. Continue,
  alternating noodles, beans and cheese, finishing with a layer of cheese on
  top.  Sprinkle Parmesan cheese over top layer. Bake for 40 minutes at 325
  F. * I use a mixture of red, pink, baby lima, white, black-eyed and mung in
  whatever proportion strikes my fancy. From: Dale Shipp
                      Date: 05-19-96
  Posted to MM-Recipes Digest V3 #323
  
  Date: Sun, 24 Nov 1996 20:47:05 -0500
  
  From: BobbieB1@aol.com
 
</step></directions></recipe></recipeml>
