<?xml version="1.0" encoding="UTF-8"?>

<recipeml version="0.5">
  <recipe>
    <head>
      <title>Bean Burgers</title>
      <categories>
        <cat>Meats</cat></categories>
      <yield>8</yield></head>
    <ingredients>
      <ing>
        <amt>
          <qty>3</qty>
          <unit>cups</unit></amt>
        <item>Cooked beans (kidney or pinto beans are good)</item></ing>
      <ing>
        <amt>
          <qty>1</qty>
          <unit>medium</unit></amt>
        <item>Onion, finely chopped</item></ing>
      <ing>
        <amt>
          <qty>1</qty>
          <unit>large</unit></amt>
        <item>Potato, cooked</item></ing>
      <ing>
        <amt>
          <qty>2</qty>
          <unit>large</unit></amt>
        <item>Tomatoes, chopped</item></ing>
      <ing>
        <amt>
          <qty>2</qty>
          <unit>teaspoons</unit></amt>
        <item>Chopped thyme (or 1 scant teaspoon dry)</item></ing>
      <ing>
        <amt>
          <qty>3/4</qty>
          <unit>cups</unit></amt>
        <item>Breadcrumbs or whole-wheat flour</item></ing>
      <ing>
        <amt>
          <qty/>
          <unit/></amt>
        <item>Salt to taste</item></ing>
      <ing>
        <amt>
          <qty/>
          <unit/></amt>
        <item>Pepper to taste</item></ing></ingredients>
    <directions>
      <step>  From "Eating In," The Biosphere Press, Space Biosphere Ventures.
  
  Mix all the ingredients thoroughly, either in a food processor or with a
  potato masher. The cooked beans should be mashed, not pureed, and the
  mixture should form into balls easily. If the mixture is too wet, add a
  little more breadcrumbs or flour. Form the mixture into eight burgers and
  place them on a lightly greased baking tray. Bake at 350'F. for 45 minutes,
  turning them over after 30 minutes. Place the burgers inside buns ("Eating
  In" also includes a recipe for whole-wheat buns) and top with fried onions,
  lettuce, tomato, pickles, or whatever your taste dictates. Each burger
  contains: 352 calories, 0 cholesterol, 1 gram fat, 20 grams protein.
  
  From Gemini's MASSIVE MealMaster collection at www.synapse.com/~gemini
 
</step></directions></recipe></recipeml>
