<?xml version="1.0" encoding="UTF-8"?>

<recipeml version="0.5">
  <recipe>
    <head>
      <title>Bean Dip with Chorizo</title>
      <categories>
        <cat>Appetizers</cat></categories>
      <yield>8</yield></head>
    <ingredients>
      <ing>
        <amt>
          <qty>1</qty>
          <unit>large</unit></amt>
        <item>Onion,, chopped</item></ing>
      <ing>
        <amt>
          <qty>1/2</qty>
          <unit>pounds</unit></amt>
        <item>Chorizo,, skin removed</item></ing>
      <ing>
        <amt>
          <qty>1</qty>
          <unit>can</unit></amt>
        <item>(4 oz) chopped green chiles</item></ing>
      <ing>
        <amt>
          <qty>2</qty>
          <unit>cans</unit></amt>
        <item>(16 oz) refried beans</item></ing>
      <ing>
        <amt>
          <qty>1</qty>
          <unit>cup</unit></amt>
        <item>Shredded cheddar cheese</item></ing>
      <ing>
        <amt>
          <qty>1</qty>
          <unit>cup</unit></amt>
        <item>Shredded monterey jack cheese</item></ing>
      <ing>
        <amt>
          <qty>1</qty>
          <unit>teaspoon</unit></amt>
        <item>Chili powder,, or to taste</item></ing></ingredients>
    <directions>
      <step>  Crumble chorizo in a large heavy skillet and cook just until the fat starts
  to gather in the pan. Add onion and cook until onion is transparent; drain.
  Add remaining ingredients and cook until all is hot and the cheeses are
  melted. Serve hot with tortilla chips or corn chips.
  
  Recipe by: Prodigy Food &amp; Wine Board Posted to MC-Recipe Digest V1 #610 by
  Crane Walden &lt;cranew@foothill.net&gt; on May 13, 1997
 
</step></directions></recipe></recipeml>
