<?xml version="1.0" encoding="UTF-8"?>

<recipeml version="0.5">
  <recipe>
    <head>
      <title>Bean and Tvp Burritos</title>
      <categories>
        <cat>Vegetarian</cat>
        <cat>Tex-mex</cat>
        <cat>Main dish</cat></categories>
      <yield>10</yield></head>
    <ingredients>
      <ing>
        <amt>
          <qty>10</qty>
          <unit>large</unit></amt>
        <item>(10") tortillas or chapatis</item></ing>
      <ing>
        <amt>
          <qty>1</qty>
          <unit>cup</unit></amt>
        <item>Dried pinto beans, soaked</item></ing>
      <ing>
        <amt>
          <qty/>
          <unit/></amt>
        <item>Overnight in 3 cups water</item></ing>
      <ing>
        <amt>
          <qty>1</qty>
          <unit/></amt>
        <item>Bay leaf</item></ing>
      <ing>
        <amt>
          <qty>3</qty>
          <unit/></amt>
        <item>Cloves garlic, minced</item></ing>
      <ing>
        <amt>
          <qty>1/2</qty>
          <unit>cups</unit></amt>
        <item>TVP granules or flakes</item></ing>
      <ing>
        <amt>
          <qty>1/2</qty>
          <unit>cups</unit></amt>
        <item>(less 1 T.) hot water</item></ing>
      <ing>
        <amt>
          <qty>2</qty>
          <unit>teaspoons</unit></amt>
        <item>Chili powder</item></ing>
      <ing>
        <amt>
          <qty>1</qty>
          <unit>teaspoon</unit></amt>
        <item>Cumin</item></ing>
      <ing>
        <amt>
          <qty>1</qty>
          <unit>teaspoon</unit></amt>
        <item>Salt</item></ing>
      <ing>
        <amt>
          <qty>1/2</qty>
          <unit>teaspoons</unit></amt>
        <item>Oregano</item></ing>
      <ing>
        <amt>
          <qty>1</qty>
          <unit>tablespoon</unit></amt>
        <item>Olive oil</item></ing>
      <ing>
        <amt>
          <qty>1</qty>
          <unit>cup</unit></amt>
        <item>Onion, chopped</item></ing></ingredients>
    <directions>
      <step>   Drain, rinse and cook the beans until tender (70-90 minutes) in 3 cups of
  water with the bay leaf and garlic.
  
   Drain the beans, but reserve the liquid in case it is needed later to thin
  the filling mixture.
  
   Combine the TVP, hot water, hot bean liquid, chili powder, cumin, salt and
  oregano.
  
   Saute the onion in the olive oil in a good sized skilled until softened.
  
   Add the seasoned TVP and cook a few minutes more. Stir in the cooked
  beans, then transfer mixture to a food processor or blender and mash to a
  fairly smooth textured filling, adding a little of the bean liquid if
  mixture is too thick. Taste and add a little hot sauce if desired. If done
  in a blender, you may need to do it in two batches, then mix the batches
  together.
  
   To assemble: heat a griddle or skillet until a few drops of water dance on
  the surface. Dry fry each tortilla on both sides until the surface of the
  tortilla begins to bubble and brown slightly. Keep them warm in a thick
  towel. When all are heated, place about 1/3 cup of filling down one side of
  a tortilla and roll up. You may wish to enclose or serve with side dishes
  of shredded lettuce, grated soy cheese, salsa sauce or sliced avocados.
  
   Burritos may be made ahead, kept wrapped, and baked before serving.
  Unwrap, place on cookie sheet, bursh tops lightly with oil if desired and
  bake at 350 degrees about 20 minutes.
  
   Per burrito:  164 cal., 9 g protein; 28 g.
   carbohydrate, 2 g fat
  
  From Gemini's MASSIVE MealMaster collection at www.synapse.com/~gemini
 
</step></directions></recipe></recipeml>
