<?xml version="1.0" encoding="UTF-8"?>

<recipeml version="0.5">
  <recipe>
    <head>
      <title>Bean Curd on Sizzling Platter</title>
      <categories>
        <cat>Vegetarian</cat>
        <cat>Vegan</cat>
        <cat>Ethnic</cat>
        <cat>Main dish</cat></categories>
      <yield>3</yield></head>
    <ingredients>
      <ing>
        <amt>
          <qty>1</qty>
          <unit>cup</unit></amt>
        <item>Dried lily flowers; loosely packed</item></ing>
      <ing>
        <amt>
          <qty>3</qty>
          <unit/></amt>
        <item>Pieces dried agaric (wood ear mushrooms)</item></ing>
      <ing>
        <amt>
          <qty>2</qty>
          <unit>tablespoons</unit></amt>
        <item>Soybean oil</item></ing>
      <ing>
        <amt>
          <qty>1</qty>
          <unit>pound</unit></amt>
        <item>Firm tofu</item></ing>
      <ing>
        <amt>
          <qty>2</qty>
          <unit>teaspoons</unit></amt>
        <item>Sesame oil</item></ing>
      <ing>
        <amt>
          <qty>5</qty>
          <unit/></amt>
        <item>Fresh shiitake mushrooms; sliced</item></ing>
      <ing>
        <amt>
          <qty>1/2</qty>
          <unit/></amt>
        <item>Carrot; shredded</item></ing>
      <ing>
        <amt>
          <qty>1/2</qty>
          <unit>cups</unit></amt>
        <item>Vegetable stock</item></ing>
      <ing>
        <amt>
          <qty>1</qty>
          <unit>teaspoon</unit></amt>
        <item>Low-sodium soy sauce</item></ing>
      <ing>
        <amt>
          <qty>1/4</qty>
          <unit>teaspoons</unit></amt>
        <item>Sugar</item></ing>
      <ing>
        <amt>
          <qty/>
          <unit>pinches</unit></amt>
        <item>White pepper</item></ing>
      <ing>
        <amt>
          <qty>2</qty>
          <unit>teaspoons</unit></amt>
        <item>Vegetarian oyster sauce (Lee Kum Kee makes one; it is available in Oriental markets)</item></ing>
      <ing>
        <amt>
          <qty>1</qty>
          <unit>teaspoon</unit></amt>
        <item>Cornstarch</item></ing>
      <ing>
        <amt>
          <qty>1</qty>
          <unit>teaspoon</unit></amt>
        <item>;water</item></ing></ingredients>
    <directions>
      <step>   Place lily flowers and agaric in a small bowl and cover with warm water.
  Soak for 30 minutes, drain and set aside.
  
   Slice tofu into 1/4" thick strips. Heat soybean oil in a wok or large
  skillet and stir-fry tofu until brown and crispy. Remove and set aside.
  
   Heat sesame oil in wok over medium-high heat and stir-fry lily flowers,
  agaric, shiitake mushrooms and carrot for 2 minutes.
  
   Add tofu, vegetable stock, soy sauce, sugar, pepper and soyster sauce to
  vegetable mixture. Lower heat and cook for 3 minutes.
  
   In a separate bowl, mix cornstarch with water until blended. Stir
  cornstarch solution into vegetable mixture and heat for 2 minutes.
  
   Serve hot. (Optional: Heat a sizzling platter overhigh heat. Once hated,
  place vegetables on platter and serve immediately).
  
   Per serving: 376 cal; 26 g prot; 120 mg sod; 15 g crb; 25 g fat; 0 mg
  chol; 308 mg calcium
  
   Source: Vegetarian Gourmet, Winter 93/MM by DEEANNE
  
  From Gemini's MASSIVE MealMaster collection at www.synapse.com/~gemini
 
</step></directions></recipe></recipeml>
