<?xml version="1.0" encoding="UTF-8"?>

<recipeml version="0.5">
  <recipe>
    <head>
      <title>Bean Enchiladas</title>
      <categories>
        <cat>Tex-mex</cat>
        <cat>Beans</cat>
        <cat>Healthy</cat></categories>
      <yield>1</yield></head>
    <ingredients>
      <ing>
        <amt>
          <qty>15</qty>
          <unit>ounces</unit></amt>
        <item>Can low-sodium tomatoes</item></ing>
      <ing>
        <amt>
          <qty>1</qty>
          <unit/></amt>
        <item>Jalapeno pepper; seed, chop, leave the seed in if you like hot</item></ing>
      <ing>
        <amt>
          <qty>1/4</qty>
          <unit>teaspoons</unit></amt>
        <item>Freshly ground sea salt</item></ing>
      <ing>
        <amt>
          <qty>1</qty>
          <unit>tablespoon</unit></amt>
        <item>Fresh oregano &lt;&lt;&lt;or&gt;&gt;&gt;</item></ing>
      <ing>
        <amt>
          <qty>1</qty>
          <unit>teaspoon</unit></amt>
        <item>Dried oregano</item></ing>
      <ing>
        <amt>
          <qty>1</qty>
          <unit>cup</unit></amt>
        <item>Bean tereena</item></ing>
      <ing>
        <amt>
          <qty>8</qty>
          <unit/></amt>
        <item>4-inch flour tortillas</item></ing>
      <ing>
        <amt>
          <qty>2</qty>
          <unit>tablespoons</unit></amt>
        <item>Freshly grated parmesan</item></ing></ingredients>
    <directions>
      <step>  Recipe by: Graham Kerr's Kitchen Preheat the oven to 350 degrees. Whiz the
  tomatoes, jalapeno, salt and oregano in a blender or processor until the
  tomatoes are chopped but not smooth. Pour a little of the sauce into the
  bottom of a loaf pan.
  
  Spoon 2 tablespoons of he Bean Tereena down the middle of each tortilla.
  Roll up and place on top of the sauce in the casserole. Cover the
  enchiladas with some more of the sauce, but don't drown them. Bake for 15
  minutes. Pour the remaining sauce into a saucepan and just heat through.
  
  To serve: Pour a pool of sauce onto each serving plate, place 2 enchiladas
  on top, sprinkle with Parmesan cheese, and serve with a side salad of
  watercress or seasonal greens and your choice of low-fat dressing.
  
  Per serving: Calories 346 from fat 54; fat 6g; sat fat 2g; sodium 395mg;
  cholesterol 6mg; carbohydrats 58gm; fiber 11g Format NW
  Posted to MC-Recipe Digest V1 #1065 by "M. Hicks" &lt;nitro_ii@email.msn.com&gt;
  on Jan 31, 1998
 
</step></directions></recipe></recipeml>
