<?xml version="1.0" encoding="UTF-8"?>

<recipeml version="0.5">
  <recipe>
    <head>
      <title>Bean Enchiladas</title>
      <categories>
        <cat>Main dish</cat></categories>
      <yield>12</yield></head>
    <ingredients>
      <ing>
        <amt>
          <qty>1 2/3</qty>
          <unit>cups</unit></amt>
        <item>Drained cooked beans (red, pink or pinto) mashed</item></ing>
      <ing>
        <amt>
          <qty>2</qty>
          <unit>cups</unit></amt>
        <item>Shredded Cheddar cheese divided</item></ing>
      <ing>
        <amt>
          <qty>1/2</qty>
          <unit>cups</unit></amt>
        <item>Chopped onion</item></ing>
      <ing>
        <amt>
          <qty>2 1/4</qty>
          <unit>ounces</unit></amt>
        <item>Sliced ripe olives</item></ing>
      <ing>
        <amt>
          <qty>15</qty>
          <unit>ounces</unit></amt>
        <item>Tomato sauce, divided</item></ing>
      <ing>
        <amt>
          <qty>4</qty>
          <unit>ounces</unit></amt>
        <item>Diced green chilies</item></ing>
      <ing>
        <amt>
          <qty>2</qty>
          <unit>teaspoons</unit></amt>
        <item>Garlic salt</item></ing>
      <ing>
        <amt>
          <qty>12</qty>
          <unit/></amt>
        <item>(7 in.) corn tortillas</item></ing>
      <ing>
        <amt>
          <qty>1</qty>
          <unit>teaspoon</unit></amt>
        <item>Chili powder</item></ing>
      <ing>
        <amt>
          <qty>1/8</qty>
          <unit>teaspoons</unit></amt>
        <item>Bottled hot pepper sauce</item></ing></ingredients>
    <directions>
      <step>  Combine mashed beans, 1 cup cheese,/ onion, olives, 3/4 cup tomato
  sauce, chilies and garlic salt taste. Mix well. Place about 1/3 cup bean
  mixture along center of each tortilla.  Roll up and place in two 11-3/4
  x 7-1/2 x 1-3/4-inch baking dishes. Combine remaining tomato sauce;
  spoon over filled tortillas.  Sprinkle remaining cheese over sauce.
  Bake at 350 F. 15 to 20 minutes or until thoroughly heated.  Makes 12
  enchiladas or 6 servings.
  
  Copyright IDAHO BEAN COMMISSION  P.O.Box 9433...Boise, Idaho 83707
  &lt;Electronic format by Karen Mintzias&gt;
  
  File ftp://ftp.idiscover.co.uk/pub/food/mealmaster/recipes/id_beans.zip
 
</step></directions></recipe></recipeml>
