<?xml version="1.0" encoding="UTF-8"?>

<recipeml version="0.5">
  <recipe>
    <head>
      <title>Bean and Grain Burgers</title>
      <categories>
        <cat>None</cat></categories>
      <yield>1</yield></head>
    <ingredients>
      <ing-div>
        <title/>
        <ing>
          <amt>
            <qty>1</qty>
            <unit/></amt>
          <item>Medium-sized onion; finely chopped</item></ing>
        <ing>
          <amt>
            <qty>2</qty>
            <unit>tablespoons</unit></amt>
          <item>Vegetable oil</item></ing>
        <ing>
          <amt>
            <qty>2</qty>
            <unit>cups</unit></amt>
          <item>Cooked chickpeas; drained</item></ing>
        <ing>
          <amt>
            <qty>1</qty>
            <unit>cup</unit></amt>
          <item>Fine fresh bread crumbs</item></ing>
        <ing>
          <amt>
            <qty>1/4</qty>
            <unit>cups</unit></amt>
          <item>Tahini</item></ing>
        <ing>
          <amt>
            <qty>1/4</qty>
            <unit>cups</unit></amt>
          <item>Tamari; (soy sauce)</item></ing>
        <ing>
          <amt>
            <qty>2</qty>
            <unit>large</unit></amt>
          <item>Garlic cloves; crushed or 1/2 teaspoon powder</item></ing>
        <ing>
          <amt>
            <qty>1/4</qty>
            <unit>cups</unit></amt>
          <item>Chopped fresh parsley</item></ing>
        <ing>
          <amt>
            <qty>1</qty>
            <unit>cup</unit></amt>
          <item>Cooked rice; (preferably long grain brown rice)</item></ing>
        <ing>
          <amt>
            <qty/>
            <unit/></amt>
          <item>Vegetable oil</item></ing></ing-div>
      <ing-div>
        <title>GARNISH</title>
        <ing>
          <amt>
            <qty>2 1/2</qty>
            <unit>cups</unit></amt>
          <item>Alfalfa sprouts</item></ing>
        <ing>
          <amt>
            <qty>1</qty>
            <unit>cup</unit></amt>
          <item>Shredded carrots</item></ing>
        <ing>
          <amt>
            <qty>2</qty>
            <unit/></amt>
          <item>Medium-sized tomatoes; cut into thin wedges</item></ing>
        <ing>
          <amt>
            <qty/>
            <unit/></amt>
          <item>Sesame Tahini Sauce; (below)</item></ing></ing-div></ingredients>
    <directions>
      <step>  The next few recipes are from Classics and Creations:A World of Vegetarian
  Cooking published by SK Publications in Naperville, Illinois.
  
  Try this adaptation of the Mid-Eastern falafel for a satisfying and
  complete protein meal.
  
  Saute onion in 2 tablespoons vegetable oil until soft. Coarsely mash
  chickpeas with a potato masher or process lightly in a food processor. Add
  bread crumbs, tahini, tamari and garlic. Mix thoroughly. Stir in sauteed
  onion, parsley and cooked rice. Form into 8 burgers. Skillet-fry in
  vegetable oil until browned on both sides. Serve hot with alfalfa sprouts,
  shredded carrot and tomato wedges. Spoon Sesame Tahini Sauce over top.
  
  Note: Mixture can also be formed into 1-inch balls and skillet-fried or
  deep-fried. THis size is ideal for use in pita breads. Yield: 8 burgers
  Posted to JEWISH-FOOD digest by Sandy English &lt;yehudit@earthlink.net&gt; on
  May 13, 1998
 
</step></directions></recipe></recipeml>
