<?xml version="1.0" encoding="UTF-8"?>

<recipeml version="0.5">
  <recipe>
    <head>
      <title>Bean Biscuits</title>
      <categories>
        <cat>Diabetic</cat>
        <cat>Beans</cat>
        <cat>Breads/bm</cat></categories>
      <yield>16</yield></head>
    <ingredients>
      <ing>
        <amt>
          <qty>1 1/2</qty>
          <unit>cups</unit></amt>
        <item>All-purpose flour</item></ing>
      <ing>
        <amt>
          <qty>1/2</qty>
          <unit>cups</unit></amt>
        <item>Whole wheat flour</item></ing>
      <ing>
        <amt>
          <qty>4</qty>
          <unit>teaspoons</unit></amt>
        <item>Baking powder</item></ing>
      <ing>
        <amt>
          <qty>1</qty>
          <unit>tablespoon</unit></amt>
        <item>Granulated sugar</item></ing>
      <ing>
        <amt>
          <qty>1/2</qty>
          <unit>teaspoons</unit></amt>
        <item>Salt</item></ing>
      <ing>
        <amt>
          <qty>1/3</qty>
          <unit>cups</unit></amt>
        <item>Butter or soft margarine</item></ing>
      <ing>
        <amt>
          <qty>1</qty>
          <unit>cup</unit></amt>
        <item>Cooked kidney beans wt / red</item></ing>
      <ing>
        <amt>
          <qty>2/3</qty>
          <unit>cups</unit></amt>
        <item>2% milk</item></ing></ingredients>
    <directions>
      <step>  Revised after testing Feb 94.  Used 1 1/2 cup flour NOT 2 1/2 cups as
  printed in the book.  The 1 cup beans probably replaced 1 cup flour
  in the original recipe.
  
  Stir dry ingredients together in a mixing bowl.  Cut in butter until
  mixture resembles crumbs.
  
  In food processor or blender, puree beans with milk.  OR mash beans
  and stir in milk.  Stir into dry ingredients all at once to make
  light soft dough.
  
  Turn out onto lightly floured board, sprinkle with flour and knead
  about 20 seconds.
  
  Shape biscuits by rolling, patting and cutting or divide dough into 16
  pieces and shape by hand.
  
  Bake at 400 F for 12 to 15 minutes or until golden brown.
  
  1 biscuit - 162 calories, 1 1/2 starch, 1 fats &amp; oils exchange 4 grams
  total fat, .8 grams saturated fat, 0 cholesterol, 5 grams protein, 26
  grams carbohydrate, 169 mg sodium, 204 mg potassium.
  
  Adapted from Full of Beans by V. Currie &amp; Kay Spicer, 1993 Shared and
  tested by Elizabeth Rodier Feb 94
  
  File ftp://ftp.idiscover.co.uk/pub/food/mealmaster/recipes/diabetic.zip
 
</step></directions></recipe></recipeml>
