<?xml version="1.0" encoding="UTF-8"?>

<recipeml version="0.5">
  <recipe>
    <head>
      <title>Bean and Bacon Soup</title>
      <categories>
        <cat>Beans</cat>
        <cat>Soup</cat></categories>
      <yield>8</yield></head>
    <ingredients>
      <ing>
        <amt>
          <qty>2</qty>
          <unit>cups</unit></amt>
        <item>Pinto beans (dried)</item></ing>
      <ing>
        <amt>
          <qty>1</qty>
          <unit>teaspoon</unit></amt>
        <item>Salt</item></ing>
      <ing>
        <amt>
          <qty>1/2</qty>
          <unit>teaspoons</unit></amt>
        <item>Pepper</item></ing>
      <ing>
        <amt>
          <qty>4</qty>
          <unit/></amt>
        <item>Bacon slices, cut in squares</item></ing>
      <ing>
        <amt>
          <qty>4</qty>
          <unit/></amt>
        <item>Carrots, chopped</item></ing>
      <ing>
        <amt>
          <qty>4</qty>
          <unit/></amt>
        <item>Celery stalks, chopped</item></ing>
      <ing>
        <amt>
          <qty>1/2</qty>
          <unit>teaspoons</unit></amt>
        <item>Thyme (dried)</item></ing>
      <ing>
        <amt>
          <qty>1</qty>
          <unit/></amt>
        <item>Garlic clove, minced</item></ing>
      <ing>
        <amt>
          <qty>4</qty>
          <unit>ounces</unit></amt>
        <item>Can of tomato paste</item></ing>
      <ing>
        <amt>
          <qty>2</qty>
          <unit>tablespoons</unit></amt>
        <item>Olive oil</item></ing>
      <ing>
        <amt>
          <qty>1</qty>
          <unit/></amt>
        <item>Onion, chopped</item></ing>
      <ing>
        <amt>
          <qty>1</qty>
          <unit>tablespoon</unit></amt>
        <item>Wine vinegar</item></ing></ingredients>
    <directions>
      <step>  The approximate cooking time is 3 hours.
  
  Cover the washed beans with 6-8 cups of water and bring to a boil. Reduce
  heat, cover and boil gently for 1 hour and then simmer while still covered.
  Stir about every 15 minutes for the ENTIRE time the beans are cooking.
  
  After the beans have been cooking for about 1 hour and 45 minutes chop the
  onion and celery and carrots. Slice the four slices of bacon into 1"
  squares.  Saute the onion, celery and bacon squares in the olive oil for
  about 10 minutes.  Add to the beans along with the thyme, chopped carrots
  and tomato paste.  Simmer uncovered for another hour until the beans are
  tender and slightly mash the beans. Add the salt, pepper and wine vinegar
  before serving. Submitted By JSCHLANK@PACIFICNET.NET On THU, 21 DEC 1995
  200833 -0500
  
  From Gemini's MASSIVE MealMaster collection at www.synapse.com/~gemini
 
</step></directions></recipe></recipeml>
