<?xml version="1.0" encoding="UTF-8"?>

<recipeml version="0.5">
  <recipe>
    <head>
      <title>Bean Curd Szechwan Style</title>
      <categories>
        <cat>Vegetable</cat></categories>
      <yield>4</yield></head>
    <ingredients>
      <ing>
        <amt>
          <qty>4</qty>
          <unit>tablespoons</unit></amt>
        <item>Oil</item></ing>
      <ing>
        <amt>
          <qty>1</qty>
          <unit>slice</unit></amt>
        <item>Fresh ginger; chopped fine</item></ing>
      <ing>
        <amt>
          <qty>1/2</qty>
          <unit/></amt>
        <item>Scallion; chopped fine</item></ing>
      <ing>
        <amt>
          <qty>4</qty>
          <unit>ounces</unit></amt>
        <item>Pork; minced</item></ing>
      <ing>
        <amt>
          <qty>2</qty>
          <unit>tablespoons</unit></amt>
        <item>Soy sauce; dark</item></ing>
      <ing>
        <amt>
          <qty>1</qty>
          <unit>tablespoon</unit></amt>
        <item>Sherry</item></ing>
      <ing>
        <amt>
          <qty>4</qty>
          <unit/></amt>
        <item>Pieces tofu (from block 1/2" thick); cubed</item></ing>
      <ing>
        <amt>
          <qty>1</qty>
          <unit>teaspoon</unit></amt>
        <item>Chili paste with garlic</item></ing>
      <ing>
        <amt>
          <qty>1/8</qty>
          <unit>teaspoons</unit></amt>
        <item>Sugar (or equilvalent sweetener)</item></ing>
      <ing>
        <amt>
          <qty>1 1/2</qty>
          <unit>teaspoons</unit></amt>
        <item>Cornstarch</item></ing>
      <ing>
        <amt>
          <qty>1</qty>
          <unit/></amt>
        <item>Clove garlic; chopped fine</item></ing></ingredients>
    <directions>
      <step>  From: "sharon@sols.com" &lt;sharon@sols.com&gt;
  
  Date: Thu, 25 Apr 1996 18:58:13 -0600
  
  Recipe By : adapted from Madame Wong's Long-Life Chinese Cookbook
  
  1. Heat 2 T. of oil in wok. Stir-fry ginger and scallions 30 seconds. Put
  in port. Stir-fry 1 minute. Add 1 T. soy sauce and sherry. Cook 1 minute.
  Remove mixture to plate.
  
  2. Heat 2 T oil in wok. Put in tofu. Add 1 T soy sauce, stock, chili past
  and sugar/sweetener.
  
  3. Put pork mixture on top of todu. Cook over high heat 2 minutes. Add
  dissolved cornstarch to thicken (optional). Add garlic. Stir gently into
  sauce.
  
  Per serving: 184 Calories; 17g Fat (85% calories from fat); 4g Protein; 2g
  Carbohydrate; 15mg Cholesterol; 427mg Sodium
  
  NOTES : May be prepared in advance through step 1, or frozen after step 4.
  Reheat prior to serving. [Nutritional values are off due to ingredient
  list. LC apprx. 8.5 gr per serving.]
  
  MC-RECIPE@MASTERCOOK.COM
  
  MASTERCOOK RECIPES LIST SERVER
  
  MC-RECIPE DIGEST V1 #59
  
  From the MasterCook recipe list.  Downloaded from Glen's MM Recipe Archive,
  http://www.erols.com/hosey.
 
</step></directions></recipe></recipeml>
