<?xml version="1.0" encoding="UTF-8"?>

<recipeml version="0.5">
  <recipe>
    <head>
      <title>Bean and Egg Au Gratin</title>
      <categories>
        <cat>Casserole</cat></categories>
      <yield>8</yield></head>
    <ingredients>
      <ing>
        <amt>
          <qty>1</qty>
          <unit>pound</unit></amt>
        <item>Shelled lima beans</item></ing>
      <ing>
        <amt>
          <qty/>
          <unit/></amt>
        <item>Salt</item></ing>
      <ing>
        <amt>
          <qty>3</qty>
          <unit/></amt>
        <item>Hard-boiled eggs; sliced</item></ing>
      <ing>
        <amt>
          <qty>1/4</qty>
          <unit>cups</unit></amt>
        <item>Butter</item></ing>
      <ing>
        <amt>
          <qty>6</qty>
          <unit>tablespoons</unit></amt>
        <item>Wholewheat flour</item></ing>
      <ing>
        <amt>
          <qty>2</qty>
          <unit>cups</unit></amt>
        <item>Milk</item></ing>
      <ing>
        <amt>
          <qty/>
          <unit/></amt>
        <item>Freshly ground black pepper</item></ing>
      <ing>
        <amt>
          <qty>2</qty>
          <unit>tablespoons</unit></amt>
        <item>Fresh breadcrumbs</item></ing>
      <ing>
        <amt>
          <qty>1/2</qty>
          <unit>cups</unit></amt>
        <item>Grated cheddar cheese</item></ing></ingredients>
    <directions>
      <step>   Cook the beans in boiling salted water until just tender; drain.  Place
  half the beans in a greased ovenproof dish and place the eggs on top. Cover
  with the remaining beans.
  
   Melt 3 tablespoons of the butter in a pan, stir in the flour and cook
  gently, stiring, to make a roux.  Remove from the heat and gradually add
  the milk, stirring. Return to the heat and bring to a boil. Cook, stirring,
  until thickened.  Season to taste with salt and pepper.
  
   Pour the sauce over the beans and sprinkle on the breadcrumbs and cheese.
  Dot with the remaining butter, place in a preheated hot oven (435F) and
  cook for 15 minutes until golden brown.
  
  ARIELLE@TARONGA.COM
  
  (STEPHANIE DA SILVA)
  
  REC.FOOD.RECIPES
  
  From rec.food.cooking archives.  Downloaded from Glen's MM Recipe Archive,
  http://www.erols.com/hosey.
 
</step></directions></recipe></recipeml>
