<?xml version="1.0" encoding="UTF-8"?>

<recipeml version="0.5">
  <recipe>
    <head>
      <title>Bean and Bacon "Snack" Wraps</title>
      <categories>
        <cat>None</cat></categories>
      <yield>1</yield></head>
    <ingredients>
      <ing>
        <amt>
          <qty>1</qty>
          <unit>can</unit></amt>
        <item>(15 oz) Van Camp's Pork and Beans</item></ing>
      <ing>
        <amt>
          <qty>1/2</qty>
          <unit>cups</unit></amt>
        <item>Instant rice</item></ing>
      <ing>
        <amt>
          <qty>4</qty>
          <unit>slices</unit></amt>
        <item>Bacon; chopped</item></ing>
      <ing>
        <amt>
          <qty>2</qty>
          <unit>tablespoons</unit></amt>
        <item>Each: diced red and green bell peppers; red onion, and chopped</item></ing>
      <ing>
        <amt>
          <qty/>
          <unit/></amt>
        <item>Green onions</item></ing>
      <ing>
        <amt>
          <qty>6</qty>
          <unit/></amt>
        <item>Fajita-size flour tortillas</item></ing>
      <ing>
        <amt>
          <qty>3/4</qty>
          <unit>cups</unit></amt>
        <item>Shredded Mexican-blend or Cheddar cheese</item></ing></ingredients>
    <directions>
      <step>  Drain beans, reserving 1/2 cup broth Prepare rice according to package
  directions using reserved broth In skillet, cook bacon until crisp. Drain
  drippings, reserving 1 Tbsp. Add peppers and onions; saute 2 mins. Add
  beans; simmer until heated through. Keep warm Place 1-1/2 Tbsp. rice in the
  center of each tortilla. Top each with 2 Tbsp. cheese and about 1/3 cup
  bean mixture. Roll to enclose and serve.
  
  Makes 6 wraps
  Posted to brand-name-recipes by Carriej999@aol.com on Feb 4, 1998
 
</step></directions></recipe></recipeml>
