<?xml version="1.0" encoding="UTF-8"?>

<recipeml version="0.5">
  <recipe>
    <head>
      <title>Bean Curd with Oyster Sauce</title>
      <categories>
        <cat>Vegetables</cat></categories>
      <yield>4</yield></head>
    <ingredients>
      <ing>
        <amt>
          <qty>8</qty>
          <unit>ounces</unit></amt>
        <item>Bean curd; (225g)</item></ing>
      <ing>
        <amt>
          <qty>4</qty>
          <unit>ounces</unit></amt>
        <item>Fresh mushrooms; (113g)</item></ing>
      <ing>
        <amt>
          <qty>6</qty>
          <unit/></amt>
        <item>Green onions</item></ing>
      <ing>
        <amt>
          <qty>3</qty>
          <unit/></amt>
        <item>Stalks celery</item></ing>
      <ing>
        <amt>
          <qty>1</qty>
          <unit/></amt>
        <item>Red or green pepper</item></ing>
      <ing>
        <amt>
          <qty>2</qty>
          <unit>tablespoons</unit></amt>
        <item>Vegetable oil; (30ml)</item></ing>
      <ing>
        <amt>
          <qty>1/2</qty>
          <unit>cups</unit></amt>
        <item>Water; (125ml)</item></ing>
      <ing>
        <amt>
          <qty>1</qty>
          <unit>tablespoon</unit></amt>
        <item>Cornstarch; (15ml)</item></ing>
      <ing>
        <amt>
          <qty>2</qty>
          <unit>tablespoons</unit></amt>
        <item>Oyster sauce; (30ml)</item></ing>
      <ing>
        <amt>
          <qty>4</qty>
          <unit>teaspoons</unit></amt>
        <item>Dry sherry; (20ml)</item></ing>
      <ing>
        <amt>
          <qty>4</qty>
          <unit>teaspoons</unit></amt>
        <item>Soy sauce; (20ml)</item></ing></ingredients>
    <directions>
      <step>  ( Everything should be prepared before cooking)
  
  1.Cut bean curd into 1/2 inch (1.5cm) cubes. Clean mushrooms and cut into
  slices. Cut onions into 1 inch (2.5cm) pieces. Cut celery into 1/2 inch
  (1.5cm) diagonal slices. Remove seeds from pepper and cut pepper into 1/2
  inch (1.5cm) chunks.
  
  2.Heat 1 tablespoon (15ml) of the oil in wok over high heat. Cook bean curd
  in the oil, stirring gently, until light brown, 3 minutes. Remove from pan.
  
  3.Heat remaining 1 tablespoon (15ml) oil in wok over high heat. Add
  mushrooms, onions, celery and pepper, Stir fry for 1 minute.
  
  4.Return bean curd to wok. Toss lightly to combine. Blend water,
  cornstarch, oyster sauce, sherry and soy sauce. Pour over mixture in wok.
  Cook and stir until liquid boils. Cook and stir 1 minute longer.
  Posted to recipelu-digest by "Diane Geary" &lt;diane@keyway.net&gt; on Feb 15,
  1998
 
</step></directions></recipe></recipeml>
