<?xml version="1.0" encoding="UTF-8"?>

<recipeml version="0.5">
  <recipe>
    <head>
      <title>Banana and Sultana Cake</title>
      <categories>
        <cat>Vegetarian</cat>
        <cat>Eat-lf mail</cat>
        <cat>Healthwise</cat></categories>
      <yield>1</yield></head>
    <ingredients>
      <ing>
        <amt>
          <qty>5</qty>
          <unit>large</unit></amt>
        <item>Bananas; peeled (weighing approx. 1 lb 3 oz)</item></ing>
      <ing>
        <amt>
          <qty>2</qty>
          <unit/></amt>
        <item>Eggs; beaten</item></ing>
      <ing>
        <amt>
          <qty>6</qty>
          <unit>ounces</unit></amt>
        <item>Brown sugar; (150 g)</item></ing>
      <ing>
        <amt>
          <qty>4</qty>
          <unit>ounces</unit></amt>
        <item>Raisins; (100 g) (original called for "sultanas")</item></ing>
      <ing>
        <amt>
          <qty>8</qty>
          <unit>ounces</unit></amt>
        <item>Self-rising flour; (200 g)</item></ing></ingredients>
    <directions>
      <step>  Mash bananas; add eggs, sugar and sultanas and then mix in the flour. Bake
  in a lined 2 lb loaf tin or cake tin for 1 1/4 hours at 180 C, 350 F or Gas
  Mark 4. Store in an airtight tin for 24 hours before serving. Suitable for
  freezing.
  
  1 serving = 1/2 inch thick slice.
  
  Recipe by: Complete Hip &amp; Thigh Diet, R. Conley (Annabel Smyth)
  
  Posted to MC-Recipe Digest V1 #804 by Roberta Banghart
  &lt;bobbi744@sojourn.com&gt; on Sep 24, 1997
 
</step></directions></recipe></recipeml>
