<?xml version="1.0" encoding="UTF-8"?>

<recipeml version="0.5">
  <recipe>
    <head>
      <title>Banana Bread</title>
      <categories>
        <cat/></categories>
      <yield>100</yield></head>
    <ingredients>
      <ing>
        <amt>
          <qty>19</qty>
          <unit/></amt>
        <item>EGGS SHELL</item></ing>
      <ing>
        <amt>
          <qty>8</qty>
          <unit>pounds</unit></amt>
        <item>BANANAS FRESH</item></ing>
      <ing>
        <amt>
          <qty>3 1/2</qty>
          <unit>pounds</unit></amt>
        <item>FLOUR GEN PURPOSE 10LB</item></ing>
      <ing>
        <amt>
          <qty>2</qty>
          <unit>pounds</unit></amt>
        <item>NUTS MIX SHELL #10</item></ing>
      <ing>
        <amt>
          <qty>2 3/4</qty>
          <unit>pounds</unit></amt>
        <item>SUGAR; GRANULATED 10 LB</item></ing>
      <ing>
        <amt>
          <qty>1</qty>
          <unit>pound</unit></amt>
        <item>SHORTENING; 3LB</item></ing>
      <ing>
        <amt>
          <qty>2 1/2</qty>
          <unit>ounces</unit></amt>
        <item>BAKING POWDER</item></ing>
      <ing>
        <amt>
          <qty>2</qty>
          <unit>teaspoons</unit></amt>
        <item>SALT TABLE 5LB</item></ing>
      <ing>
        <amt>
          <qty>PAN:</qty>
          <unit>16</unit></amt>
        <item>BY 4 1/2 BY 4 1/4-INCH LOAF-TYPE PAN   TEMPERATURE:  350 F. OVEN</item></ing></ingredients>
    <directions>
      <step>  1.  CREAM SHORTENING AND SUGAR IN MIXER BOWL AT MEDIUM SPEED UNTIL LIGHT
  AND FLUFFY.
  
  2.  ADD EGGS AND CONTINUE BEATING AT MEDIUM SPEED 1 MINUTE.
  
  3.  ADD BANANAS AND NUTS TO EGG MIXTURE. MIX UNTIL BLENDED.
  4   SIFT TOGETHER FLOUR, BAKING POWDER AND SALT.
  
  5.  ADD DRY INGREDIENTS TO BANANA MIXTURE; BEAT AT LOW SPEED ABOUT
  1/2 MINUTE. SCRAPE DOWN BOWL. CONTINUE BEATING 1/2 MINUTE LONGER OR
  UNTIL BLENDED. DO NOT OVER BEAT.
  
  6.  POUR ABOUT 4 LB 12 OZ (2 QT) BATTER INTO EACH WELL-GREASED PAN.
  
  7.  BAKE 80 TO 85 MINUTES OR UNTIL DONE.
  
  8.  COOL THOROUGHLY; WRAP IN WAXED PAPER AND STORE OVERNIGHT BEFORE
  SLICING.
  
  9.  CUT 25 SLICES (5/8 INCH THICK) PER LOAF.
  
  NOTE:  1.  IN STEP 2, 9 1/2 OZ (2 1/3 CUPS) CANNED DEHYDRATED EGG MIX
  COMBINED WITH 2 7/8 CUPS WATER MAY BE USED.
  
  NOTE:  2.  IN STEP 3, 12 LB 5 OZ FRESH BANANAS A.P. (37 BANANAS) WILL
  YIELD 8 LB PEELED, MASHED BANANAS.
  
  NOTE:  3.  IN STEP 7, IF CONVECTION OVEN IS USED, BAKE AT 325 F. 70 TO
  75 MINUTES OR UNTIL DONE ON LOW FAN WITH OPEN VENT.
  
  Recipe Number: D03000
  
  SERVING SIZE: 1 SLICE
  
  From the &lt;Army Master Recipe Index File&gt; (actually used today!).
  Downloaded from Glen's MM Recipe Archive, http://www.erols.com/hosey.
 
</step></directions></recipe></recipeml>
