<?xml version="1.0" encoding="UTF-8"?>

<recipeml version="0.5">
  <recipe>
    <head>
      <title>Bananas Foster #3</title>
      <categories>
        <cat>Dessert</cat></categories>
      <yield>4</yield></head>
    <ingredients>
      <ing>
        <amt>
          <qty>4</qty>
          <unit>tablespoons</unit></amt>
        <item>Butter</item></ing>
      <ing>
        <amt>
          <qty>3 1/2</qty>
          <unit>tablespoons</unit></amt>
        <item>Brown sugar</item></ing>
      <ing>
        <amt>
          <qty>1/2</qty>
          <unit>teaspoons</unit></amt>
        <item>Cinnamon</item></ing>
      <ing>
        <amt>
          <qty>2</qty>
          <unit>tablespoons</unit></amt>
        <item>Banana liquor</item></ing>
      <ing>
        <amt>
          <qty>4</qty>
          <unit/></amt>
        <item>Bananas cut in half legth-wise; then halved</item></ing>
      <ing>
        <amt>
          <qty>1/4</qty>
          <unit>cups</unit></amt>
        <item>Rum</item></ing>
      <ing>
        <amt>
          <qty>4</qty>
          <unit/></amt>
        <item>Scoops vanilla ice cream</item></ing></ingredients>
    <directions>
      <step>  From: scimatec16@uoft02.utoledo.edu
  
  Date: 23 Feb 1994 10:40:36 -0500
  Here is a simple recipe for bananas foster from Brennan's in New Orleans.
  It's a good crowd pleaser if you make it at the table with an alcohol
  burner.
  
  Melt butter over alcohol burner or in attractive skillet. Stir in sugar,
  cinnamon, and banana liquor, and heat a few minutes. Add bananas and saute
  until slightly browned.  Add rum, heat well, then tip pan to ignite. ("This
  is unnecessary without an audience, unless you like fire." The alcohol will
  boil off after about 2 minutes.) Sift bananas carefully out of pan, place
  four pieces over each scoop if ice cream. Spoon sauce over top. Serves 4.
  
  REC.FOOD.RECIPES ARCHIVES
  
  /FRUIT
  
  From rec.food.cooking archives.  Downloaded from Glen's MM Recipe Archive,
  http://www.erols.com/hosey.
 
</step></directions></recipe></recipeml>
