<?xml version="1.0" encoding="UTF-8"?>

<recipeml version="0.5">
  <recipe>
    <head>
      <title>Banana Bread #12</title>
      <categories>
        <cat>Bread</cat></categories>
      <yield>6</yield></head>
    <ingredients>
      <ing>
        <amt>
          <qty>2 1/2</qty>
          <unit>cups</unit></amt>
        <item>All-purpose flour</item></ing>
      <ing>
        <amt>
          <qty>2</qty>
          <unit>teaspoons</unit></amt>
        <item>Baking powder</item></ing>
      <ing>
        <amt>
          <qty>1</qty>
          <unit>teaspoon</unit></amt>
        <item>Baking soda</item></ing>
      <ing>
        <amt>
          <qty>1</qty>
          <unit>teaspoon</unit></amt>
        <item>Ground cinnamon</item></ing>
      <ing>
        <amt>
          <qty>1/2</qty>
          <unit>cups</unit></amt>
        <item>Applesauce</item></ing>
      <ing>
        <amt>
          <qty>1</qty>
          <unit>cup</unit></amt>
        <item>Granulated sugar</item></ing>
      <ing>
        <amt>
          <qty>3</qty>
          <unit/></amt>
        <item>Egg whites</item></ing>
      <ing>
        <amt>
          <qty>4</qty>
          <unit/></amt>
        <item>Ripe bananas; peeled, mashed</item></ing>
      <ing>
        <amt>
          <qty>1</qty>
          <unit>teaspoon</unit></amt>
        <item>Vanilla extract</item></ing></ingredients>
    <directions>
      <step>  From: Lisa Burnham &lt;lburnham@golden.ncw.net&gt;
  
  Date: Fri, 1 Jul 1994 03:00:45 GMT
  
  Preheat oven to 350 degrees.  Spray a 9x5 loaf pan with non-stick cooking
  spray.  Combine flour, baking powder, baking soda and cinnamon and set
  aside. In a larger bowl, whisk together applesauce, sugar, egg whites,
  banana and vanilla. Add flour mixture all at once and stir gently to blend.
  Pour batter into prepared loaf pan and bake for 50 - 60 minutes or until
  knife inserted comes out clean. Cool bread completely before slicing. 162
  calories, .291 grams of fat per slice.
  
  REC.FOOD.RECIPES
  
  From rec.food.cooking archives.  Downloaded from Glen's MM Recipe Archive,
  http://www.erols.com/hosey.
 
</step></directions></recipe></recipeml>
