<?xml version="1.0" encoding="UTF-8"?>

<recipeml version="0.5">
  <recipe>
    <head>
      <title>Banana Bread #11</title>
      <categories>
        <cat>Bread</cat></categories>
      <yield>16</yield></head>
    <ingredients>
      <ing>
        <amt>
          <qty>8</qty>
          <unit>ounces</unit></amt>
        <item>Self-raising flour</item></ing>
      <ing>
        <amt>
          <qty>2</qty>
          <unit>ounces</unit></amt>
        <item>Butter</item></ing>
      <ing>
        <amt>
          <qty>2</qty>
          <unit>tablespoons</unit></amt>
        <item>Sunflower oil</item></ing>
      <ing>
        <amt>
          <qty>1/2</qty>
          <unit>teaspoons</unit></amt>
        <item>Salt</item></ing>
      <ing>
        <amt>
          <qty>6</qty>
          <unit>ounces</unit></amt>
        <item>Dried mixed fruit</item></ing>
      <ing>
        <amt>
          <qty>2</qty>
          <unit/></amt>
        <item>Eggs</item></ing>
      <ing>
        <amt>
          <qty>1</qty>
          <unit>pound</unit></amt>
        <item>Soft bananas</item></ing></ingredients>
    <directions>
      <step>  From: Mark Alexander &lt;mark@alexr.demon.co.uk&gt;
  
  Date: Fri, 1 Jul 1994 02:23:00 GMT
  You might also be interested in this one, by Micheal Barry is "Yes
  Magazine", free with the Sunday People Newspaper in the UK.
  
   Mix all the ingredients, except the dried fruit, together in a food
  processor. When the bananas are completely mashed, add the dried fruit. Mix
  well and pour into a buttered non-stick 2 pound loaf tin, leaving an inch
  from the top. Bake for 90 minutes at gas mark 4, 350F, 180C. Cover the top
  with foil if you think it might burn. Leave in the tin for a minute or two
  then turn on to a rack.
  
  REC.FOOD.RECIPES
  
  From rec.food.cooking archives.  Downloaded from Glen's MM Recipe Archive,
  http://www.erols.com/hosey.
 
</step></directions></recipe></recipeml>
