<?xml version="1.0" encoding="UTF-8"?>

<recipeml version="0.5">
  <recipe>
    <head>
      <title>Banana Bran Bread</title>
      <categories>
        <cat>Bread</cat>
        <cat>Osg</cat></categories>
      <yield>1</yield></head>
    <ingredients>
      <ing>
        <amt>
          <qty>1</qty>
          <unit>cup</unit></amt>
        <item>Flour; sifted</item></ing>
      <ing>
        <amt>
          <qty>1/2</qty>
          <unit>teaspoons</unit></amt>
        <item>Salt</item></ing>
      <ing>
        <amt>
          <qty>1/2</qty>
          <unit>teaspoons</unit></amt>
        <item>Baking soda</item></ing>
      <ing>
        <amt>
          <qty>1</qty>
          <unit>teaspoon</unit></amt>
        <item>Baking powder</item></ing>
      <ing>
        <amt>
          <qty>2</qty>
          <unit>tablespoons</unit></amt>
        <item>Shortening</item></ing>
      <ing>
        <amt>
          <qty>1/4</qty>
          <unit>cups</unit></amt>
        <item>Sugar</item></ing>
      <ing>
        <amt>
          <qty>1</qty>
          <unit/></amt>
        <item>Egg; well beaten</item></ing>
      <ing>
        <amt>
          <qty>1</qty>
          <unit>cup</unit></amt>
        <item>Bran; shredded</item></ing>
      <ing>
        <amt>
          <qty>2</qty>
          <unit>tablespoons</unit></amt>
        <item>Milk</item></ing>
      <ing>
        <amt>
          <qty>2</qty>
          <unit/></amt>
        <item>Bananas; thinly sliced</item></ing></ingredients>
    <directions>
      <step>  Sift in dry ingredients. Cream shortening, add sugar gradually, cream
  well. Add egg, bran and milk. Mix and allow to stand while slicing
  bananas, stirring as little as possible, Bake in small bread pan in
  upper part of oven with remainder of meal.
  
  Note: No temperature or time given. Assume a moderate 350 - 400 F oven
  for 45 - 60 minutes.
  Source: Luella Coffy, Petersburg Grange, Carroll County, OH
  Originally published in Ohio State Grange Cook Book, 21st ed., Apr 1966.
  Compiled by members of Ohio State Grange Home Economics Committee.
  
  File ftp://ftp.idiscover.co.uk/pub/food/mealmaster/recipes/mm-bread.zip
 
</step></directions></recipe></recipeml>
