<?xml version="1.0" encoding="UTF-8"?>

<recipeml version="0.5">
  <recipe>
    <head>
      <title>Bananas Foster Pain Perdu</title>
      <categories>
        <cat>Good</cat>
        <cat>Morning</cat>
        <cat>America</cat></categories>
      <yield>6</yield></head>
    <ingredients>
      <ing>
        <amt>
          <qty>1/4</qty>
          <unit>pounds</unit></amt>
        <item>Butter; plus 2 tablespoons</item></ing>
      <ing>
        <amt>
          <qty>1</qty>
          <unit>cup</unit></amt>
        <item>Pecan pieces</item></ing>
      <ing>
        <amt>
          <qty>2</qty>
          <unit>cups</unit></amt>
        <item>Maple syrup</item></ing>
      <ing>
        <amt>
          <qty>1/4</qty>
          <unit>cups</unit></amt>
        <item>Rum</item></ing>
      <ing>
        <amt>
          <qty>3</qty>
          <unit/></amt>
        <item>Eggs</item></ing>
      <ing>
        <amt>
          <qty>3/4</qty>
          <unit>cups</unit></amt>
        <item>Milk</item></ing>
      <ing>
        <amt>
          <qty>1</qty>
          <unit>tablespoon</unit></amt>
        <item>Grated orange zest</item></ing>
      <ing>
        <amt>
          <qty>1/4</qty>
          <unit>cups</unit></amt>
        <item>Fresh orange juice</item></ing>
      <ing>
        <amt>
          <qty>2</qty>
          <unit>tablespoons</unit></amt>
        <item>Sugar</item></ing>
      <ing>
        <amt>
          <qty>1/4</qty>
          <unit>teaspoons</unit></amt>
        <item>Cinnamon</item></ing>
      <ing>
        <amt>
          <qty>1/4</qty>
          <unit>teaspoons</unit></amt>
        <item>Vanilla extract</item></ing>
      <ing>
        <amt>
          <qty>8</qty>
          <unit>slices</unit></amt>
        <item>French bread; about 1 inch thick</item></ing>
      <ing>
        <amt>
          <qty>2</qty>
          <unit/></amt>
        <item>Bananas; peeled and sliced 1/4 inch thick</item></ing>
      <ing>
        <amt>
          <qty/>
          <unit/></amt>
        <item>Powdered sugar for dusting</item></ing></ingredients>
    <directions>
      <step>  1. In a saute pan, melt 2 tablespoons of the butter.
  
  2. Add the pecans and saute for 4-5 minutes, stirring constantly.
  
  3. Stir in the maple syrup and bring the liquid up to a simmer.
  
  4. Remove the pan from the stove and add the rum. Carefully place the pan
  back on the stove and flame the sauce. Remove the sauce from the heat and
  set aside.
  
  5. In a mixing bowl, whisk the eggs, milk, orange zest, orange juice,
  sugar, cinnamon, and vanilla, to dissolve the sugar. In a nonstick saut‚
  pan, heat 2 tablespoons of butter. Dip 2 slices of the bread into the
  egg-milk mixture, coating evenly. Fry in the butter until golden brown, 2-3
  minutes on each side. Repeat until all the butter and bread is used.
  
  6. Lay the pain perdu on a platter. Add the bananas to the pecan mixture
  and warm slightly. Spoon the warm sauce over the pain perdu. Dust the
  entire plate with powdered sugar.
  
  Note: Airdate: 4/17/98: on Good Morning America Friday; Emeril’s French
  Toast
  
  To order GMA recipes or to subscribe yearly please call: 1-800-543-4GMA
  Single recipes $3 / Yearly $14.95
  
  MC formatted using MC Buster 2.0d &amp; SNT on 4/19/98
  
  Recipe by: Emeril Lagasse
  
  Posted to MC-Recipe Digest by Barb at PK  &lt;abprice@wf.net&gt; on Apr 19, 1998
 
</step></directions></recipe></recipeml>
