<?xml version="1.0" encoding="UTF-8"?>

<recipeml version="0.5">
  <recipe>
    <head>
      <title>Banana and Mango Bread</title>
      <categories>
        <cat>Bread</cat></categories>
      <yield>16</yield></head>
    <ingredients>
      <ing>
        <amt>
          <qty>1</qty>
          <unit>cup</unit></amt>
        <item>Butter</item></ing>
      <ing>
        <amt>
          <qty>1 1/4</qty>
          <unit>cups</unit></amt>
        <item>Packed brown sugar</item></ing>
      <ing>
        <amt>
          <qty>3</qty>
          <unit/></amt>
        <item>Eggs</item></ing>
      <ing>
        <amt>
          <qty>3</qty>
          <unit>cups</unit></amt>
        <item>Self-raising cake flour</item></ing>
      <ing>
        <amt>
          <qty>1/2</qty>
          <unit>teaspoons</unit></amt>
        <item>Salt</item></ing>
      <ing>
        <amt>
          <qty>1/2</qty>
          <unit>teaspoons</unit></amt>
        <item>Cinnamon</item></ing>
      <ing>
        <amt>
          <qty>1/4</qty>
          <unit>teaspoons</unit></amt>
        <item>Grated fresh nutmeg</item></ing>
      <ing>
        <amt>
          <qty>1 1/2</qty>
          <unit>cups</unit></amt>
        <item>Mashed ripe bananas</item></ing>
      <ing>
        <amt>
          <qty>1</qty>
          <unit>small</unit></amt>
        <item>Ripe mango; peeled, pureed</item></ing>
      <ing>
        <amt>
          <qty>1</qty>
          <unit>cup</unit></amt>
        <item>Golden raisins</item></ing>
      <ing>
        <amt>
          <qty>1/2</qty>
          <unit>cups</unit></amt>
        <item>Chopped walnuts</item></ing></ingredients>
    <directions>
      <step>  Date: Sat, 16 Mar 1996 22:01:07 GMT
  
  From: gemini@synapse.net (Georgette &amp; Dave Burnside)
  
  From The Gazette, 91/02/13. In a bowl, cream the butter with sugar until
  fluffy; beat in eggs, one at a time, until incorporated. In another bowl,
  combine self-raising flour with salt, cinnamon and nutmeg. Combine mashed
  bananas with mango puree.  Mix the dry ingredients and banana mixture,
  alternately, into the creamed mixture until batter is just combined; fold
  in raisins and nuts. Pour batter into 2 greased 8 1/2 by 4 1/2 inch loaf
  pans. Bake at 350 degrees for 50 - 60 minutes or until cake tester inserted
  in the centre tests done. Leave in pan for 10 minutes; remove form loaf
  pans and let cool on racks.  Makes 2 loaves.
  
  MM-RECIPES@IDISCOVER.NET
  
  MEAL-MASTER RECIPES LIST SERVER
  
  MM-RECIPES DIGEST V3 #77
  
  From the MealMaster recipe list.  Downloaded from Glen's MM Recipe Archive,
  http://www.erols.com/hosey.
 
</step></directions></recipe></recipeml>
