<?xml version="1.0" encoding="UTF-8"?>

<recipeml version="0.5">
  <recipe>
    <head>
      <title>Banana &amp; Poppyseed Muffins</title>
      <categories>
        <cat>Bread</cat></categories>
      <yield>12</yield></head>
    <ingredients>
      <ing>
        <amt>
          <qty>4 1/2</qty>
          <unit>ounces</unit></amt>
        <item>Butter</item></ing>
      <ing>
        <amt>
          <qty>3/4</qty>
          <unit>cups</unit></amt>
        <item>Brown sugar</item></ing>
      <ing>
        <amt>
          <qty>2</qty>
          <unit/></amt>
        <item>Eggs</item></ing>
      <ing>
        <amt>
          <qty>2</qty>
          <unit>cups</unit></amt>
        <item>Flour</item></ing>
      <ing>
        <amt>
          <qty>1</qty>
          <unit>teaspoon</unit></amt>
        <item>Baking powder</item></ing>
      <ing>
        <amt>
          <qty>2</qty>
          <unit>teaspoons</unit></amt>
        <item>Ground nutmeg</item></ing>
      <ing>
        <amt>
          <qty>1/2</qty>
          <unit>teaspoons</unit></amt>
        <item>Cinnamon</item></ing>
      <ing>
        <amt>
          <qty>1/4</qty>
          <unit>teaspoons</unit></amt>
        <item>Mixed spice</item></ing>
      <ing>
        <amt>
          <qty>1/4</qty>
          <unit>cups</unit></amt>
        <item>Milk</item></ing>
      <ing>
        <amt>
          <qty>1/4</qty>
          <unit>cups</unit></amt>
        <item>Poppy seeds</item></ing>
      <ing>
        <amt>
          <qty>2</qty>
          <unit>large</unit></amt>
        <item>Bananas</item></ing>
      <ing>
        <amt>
          <qty/>
          <unit/></amt>
        <item>Ground nutmeg (extra)</item></ing></ingredients>
    <directions>
      <step>  Reheat oven to 350øF, prepare pans. Melt the butter in a saucepan. Add
  sugar &amp; beat until well combined &amp; paler in colour. Beat eggs until thick &amp;
  pale. Sift flour, b/pdr, measured nutmeg, cinnamon &amp; mixed spice together,
  add poppy seeds. Mash bananas, add to sugar mixture &amp; stir to combine. Fold
  sifted ingredients, milk &amp; egg alternately into the banana mixture until
  just combined. Do not overmix. Spoon into pans, sprinkle tops with nutmeg &amp;
  bake for about 15 mins. Leave in tin 5 mins before turning out. Makes 12.
  
  REC.FOOD.RECIPES
  
  From rec.food.cooking archives.  Downloaded from Glen's MM Recipe Archive,
  http://www.erols.com/hosey.
 
</step></directions></recipe></recipeml>
