<?xml version="1.0" encoding="UTF-8"?>

<recipeml version="0.5">
  <recipe>
    <head>
      <title>Banana Blueberry Muffins No 1796</title>
      <categories>
        <cat>Fruits</cat></categories>
      <yield>1</yield></head>
    <ingredients>
      <ing>
        <amt>
          <qty>1</qty>
          <unit>cup</unit></amt>
        <item>Pureed Overripe bananas</item></ing>
      <ing>
        <amt>
          <qty>1/2</qty>
          <unit>teaspoons</unit></amt>
        <item>Baking Soda</item></ing>
      <ing>
        <amt>
          <qty>1/2</qty>
          <unit>teaspoons</unit></amt>
        <item>Salt</item></ing>
      <ing>
        <amt>
          <qty>6</qty>
          <unit>tablespoons</unit></amt>
        <item>Sweet Butter</item></ing>
      <ing>
        <amt>
          <qty>1/2</qty>
          <unit>teaspoons</unit></amt>
        <item>Lemon Peel, Grated</item></ing>
      <ing>
        <amt>
          <qty>6</qty>
          <unit>tablespoons</unit></amt>
        <item>Brown Sugar</item></ing>
      <ing>
        <amt>
          <qty>1</qty>
          <unit>cup</unit></amt>
        <item>Frozen Blueberries,rinsed and drained</item></ing>
      <ing>
        <amt>
          <qty>1</qty>
          <unit/></amt>
        <item>Egg</item></ing>
      <ing>
        <amt>
          <qty>1 1/2</qty>
          <unit>cups</unit></amt>
        <item>All-Purpose Flour</item></ing>
      <ing>
        <amt>
          <qty>1/2</qty>
          <unit>teaspoons</unit></amt>
        <item>Baking Powder</item></ing></ingredients>
    <directions>
      <step>  Preheat the oven to 375 degrees. Cream the butter and brown sugar until
  light and fluffy. Mix in the banana and egg. Combine the flour, baking
  powder, baking soda, salt and lemon peel. Blend into the banana mixture by
  hand until just moistened. Do not over blend. Gently fold in the
  blueberries. Line LARGE muffin cups with paper liners. Coat the liners
  lightly with vegetable spray. Fill each cup a little more than half full.
  Bake until muffins test done with a wooden toothpick (20-25 minutes)
  Posted to MC-Recipe Digest V1 #248
  
  Date: Thu, 17 Oct 1996 12:00:03 -0400
  
  From: Eileen &amp; Bob Holze &lt;beck4@asan.com&gt;
  
  NOTES : Yields 6 Muffin
 
</step></directions></recipe></recipeml>
