<?xml version="1.0" encoding="UTF-8"?>

<recipeml version="0.5">
  <recipe>
    <head>
      <title>Banana - Chocolate Muffins</title>
      <categories>
        <cat>Desserts</cat></categories>
      <yield>12</yield></head>
    <ingredients>
      <ing>
        <amt>
          <qty>1</qty>
          <unit>cup</unit></amt>
        <item>Flour, White</item></ing>
      <ing>
        <amt>
          <qty>1/2</qty>
          <unit>cups</unit></amt>
        <item>Whole-Wheat Flour</item></ing>
      <ing>
        <amt>
          <qty>1</qty>
          <unit>teaspoon</unit></amt>
        <item>Baking Powder</item></ing>
      <ing>
        <amt>
          <qty>3/4</qty>
          <unit>teaspoons</unit></amt>
        <item>Baking Soda</item></ing>
      <ing>
        <amt>
          <qty>1</qty>
          <unit/></amt>
        <item>Egg</item></ing>
      <ing>
        <amt>
          <qty>1/2</qty>
          <unit>cups</unit></amt>
        <item>Milk</item></ing>
      <ing>
        <amt>
          <qty>50</qty>
          <unit>grams</unit></amt>
        <item>Butter</item></ing>
      <ing>
        <amt>
          <qty>3</qty>
          <unit>tablespoons</unit></amt>
        <item>Corn Syrup, Light</item></ing>
      <ing>
        <amt>
          <qty>1</qty>
          <unit/></amt>
        <item>Banana -- mashed</item></ing>
      <ing>
        <amt>
          <qty>3</qty>
          <unit>tablespoons</unit></amt>
        <item>Chocolate Chips</item></ing></ingredients>
    <directions>
      <step>  Sift dry ingredients together. Melt butter and golden syrup together.  Let
  cool. Beat egg into milk, and stir into the butter-golden syrup mixture.
  Make a well in the dry ingredients, stir in liquid mixture, add banana and
  chocolate.
  
  The mixture should be rather lumpy, not stirred till it was smooth (or else
  the Muffins Will Crack apparently.)  2/3 fill muffin pans and bake at 180
  C/350 F for 15 minutes.
  
  Yield : 12 large muffins.
  
  Recipe By     : mara@kauri.vuw.ac.nz (Mara)
  
  File ftp://ftp.idiscover.co.uk/pub/food/mealmaster/recipes/mmdja006.zip
 
</step></directions></recipe></recipeml>
