<?xml version="1.0" encoding="UTF-8"?>

<recipeml version="0.5">
  <recipe>
    <head>
      <title>Banana Bran Muffins (Ovo Lacto Ff)</title>
      <categories>
        <cat>Digest</cat>
        <cat>Nov.</cat>
        <cat>Fatfree</cat></categories>
      <yield>1</yield></head>
    <ingredients>
      <ing>
        <amt>
          <qty>4</qty>
          <unit>medium</unit></amt>
        <item>Very ripe bananas</item></ing>
      <ing>
        <amt>
          <qty>1</qty>
          <unit>cup</unit></amt>
        <item>Whole wheat flour</item></ing>
      <ing>
        <amt>
          <qty>1</qty>
          <unit>cup</unit></amt>
        <item>Unprocessed bran</item></ing>
      <ing>
        <amt>
          <qty>2</qty>
          <unit>teaspoons</unit></amt>
        <item>Baking powder</item></ing>
      <ing>
        <amt>
          <qty>1/2</qty>
          <unit>teaspoons</unit></amt>
        <item>Baking soda</item></ing>
      <ing>
        <amt>
          <qty>1/4</qty>
          <unit>teaspoons</unit></amt>
        <item>Salt</item></ing>
      <ing>
        <amt>
          <qty>1</qty>
          <unit>cup</unit></amt>
        <item>Fatfree yogurt, unflavored</item></ing>
      <ing>
        <amt>
          <qty>2</qty>
          <unit/></amt>
        <item>Egg whites (or egg replacer</item></ing>
      <ing>
        <amt>
          <qty/>
          <unit/></amt>
        <item>For 1egg)</item></ing>
      <ing>
        <amt>
          <qty>1/4</qty>
          <unit>cups</unit></amt>
        <item>Brown sugar</item></ing>
      <ing>
        <amt>
          <qty>1/2</qty>
          <unit>teaspoons</unit></amt>
        <item>Cinnamon (or more)</item></ing></ingredients>
    <directions>
      <step>  Liquify bananas in a blender or food processor and add the yogurt and egg
  whites.  Mix the dry ingredients, then add the liquid.  Mix just till
  moistened.  Spoon into sprayed (or non-stick) muffin tins.  Bake in a
  preheated 400 degree oven for about 25 minutes.  (Use the toothpick test.)
  Makes 12-14.
  
  Posted by Annice Grinberg &lt;VSANNICE@WEIZMANN.weizmann.ac.il&gt; to the Fatfree
  Dig. Vol. 12 Iss. 13 Nov. 14, 1994. FATFREE Recipe collections copyrighted
  by Michelle Dick 1994. Used with permission. Formatted by Sue Smith,
  S.Smith34, TXFT40A@Prodigy.com using MMCONV.
  
  File ftp://ftp.idiscover.co.uk/pub/food/mealmaster/recipes/fatfreex.zip
 
</step></directions></recipe></recipeml>
