<?xml version="1.0" encoding="UTF-8"?>

<recipeml version="0.5">
  <recipe>
    <head>
      <title>Banana Bran Muffins</title>
      <categories>
        <cat>Dessert</cat></categories>
      <yield>12</yield></head>
    <ingredients>
      <ing>
        <amt>
          <qty>1</qty>
          <unit>cup</unit></amt>
        <item>Whole bran cereal (i use quaker wheat bran)</item></ing>
      <ing>
        <amt>
          <qty>2/3</qty>
          <unit>cups</unit></amt>
        <item>Milk</item></ing>
      <ing>
        <amt>
          <qty>1</qty>
          <unit>large</unit></amt>
        <item>Banana; mashed</item></ing>
      <ing>
        <amt>
          <qty>1</qty>
          <unit/></amt>
        <item>Egg; beaten</item></ing>
      <ing>
        <amt>
          <qty>1/4</qty>
          <unit>cups</unit></amt>
        <item>Cooking oil</item></ing>
      <ing>
        <amt>
          <qty>1 1/2</qty>
          <unit>cups</unit></amt>
        <item>Flour</item></ing>
      <ing>
        <amt>
          <qty>1/2</qty>
          <unit>cups</unit></amt>
        <item>Brown sugar; packed</item></ing>
      <ing>
        <amt>
          <qty>2 1/2</qty>
          <unit>teaspoons</unit></amt>
        <item>Baking powder</item></ing>
      <ing>
        <amt>
          <qty>1/2</qty>
          <unit>teaspoons</unit></amt>
        <item>Salt</item></ing>
      <ing>
        <amt>
          <qty>1/4</qty>
          <unit>teaspoons</unit></amt>
        <item>Cloves (actually; 1/2 tsp, however; I find that too strong.)</item></ing>
      <ing>
        <amt>
          <qty>Here</qty>
          <unit>is</unit></amt>
        <item>one that I like (so do my boys.)  Found in the Muffin Cookbook</item></ing></ingredients>
    <directions>
      <step>  2'nd edition Published by the Save-easy Food Stores.
  
   In large bowl, stir together cereal, milk and banana.  Let stand 2 minutes
  or until cereal is soft.  Add oil and egg; mix well.  Stir dry ingredients
  into bran mixture only until moistened.  Spoon into greased muffin cups.
  Bake at 375F for 25 to 30 minutes. Yields 6 large or 12 normal size
  muffins.
  
  JAF@JUPITER.SUN.CSD.UNB.CA
  
  (J ANTHONY FITZGERALD)
  
  REC.FOOD.RECIPES
  
  From rec.food.cooking archives.  Downloaded from Glen's MM Recipe Archive,
  http://www.erols.com/hosey.
 
</step></directions></recipe></recipeml>
