<?xml version="1.0" encoding="UTF-8"?>

<recipeml version="0.5">
  <recipe>
    <head>
      <title>Banana Ambrosia</title>
      <categories>
        <cat>None</cat></categories>
      <yield>1</yield></head>
    <ingredients>
      <ing>
        <amt>
          <qty>3</qty>
          <unit>tablespoons</unit></amt>
        <item>Butter or margarine</item></ing>
      <ing>
        <amt>
          <qty>6</qty>
          <unit>large</unit></amt>
        <item>Ripe bananas; peeled and quartered lengthwise</item></ing>
      <ing>
        <amt>
          <qty>1</qty>
          <unit/></amt>
        <item>Orange; Juice of</item></ing>
      <ing>
        <amt>
          <qty>1</qty>
          <unit/></amt>
        <item>Orange peeled; pitted &amp; diced</item></ing>
      <ing>
        <amt>
          <qty>3</qty>
          <unit>tablespoons</unit></amt>
        <item>Brown sugar; firmly packed</item></ing>
      <ing>
        <amt>
          <qty>1/2</qty>
          <unit>cups</unit></amt>
        <item>Shredded coconut</item></ing></ingredients>
    <directions>
      <step>  1. Melt butter or margarine in a shallow, heat-resistant, non- metallic
  baking dish in Microwave Oven 30 seconds.
  
  2. Place bananas in baking dish and coat well with butter or mar garine.
  
  3. In a small bowl, combine the orange juice and pieces and brown sugar
  until well blended. Spoon over bananas.
  
  4. Heat, uncovered, in Microwave Oven 4 minutes or until bananas are soft
  and glazed.
  
  5. Just before serving, sprinkle with coconut. Serve either hot or cold.
  Posted to recipelu-digest by "bunny" &lt;layla696@ix.netcom.com&gt; on Mar 1,
  1998
 
</step></directions></recipe></recipeml>
