<?xml version="1.0" encoding="UTF-8"?>

<recipeml version="0.5">
  <recipe>
    <head>
      <title>Bananas Foster</title>
      <categories>
        <cat>Desserts</cat>
        <cat>Restaurants</cat></categories>
      <yield>4</yield></head>
    <ingredients>
      <ing>
        <amt>
          <qty>1/4</qty>
          <unit>cups</unit></amt>
        <item>Butter or margarine</item></ing>
      <ing>
        <amt>
          <qty>1/2</qty>
          <unit>cups</unit></amt>
        <item>Light brown sugar; firmly packed</item></ing>
      <ing>
        <amt>
          <qty>4</qty>
          <unit/></amt>
        <item>Ripe bananas; peeled and split</item></ing>
      <ing>
        <amt>
          <qty>1/8</qty>
          <unit>teaspoons</unit></amt>
        <item>Cinnamon</item></ing>
      <ing>
        <amt>
          <qty>1/2</qty>
          <unit>cups</unit></amt>
        <item>White rum</item></ing>
      <ing>
        <amt>
          <qty>1/4</qty>
          <unit>cups</unit></amt>
        <item>Banana liqueur (cr~me de bananas)</item></ing>
      <ing>
        <amt>
          <qty>1</qty>
          <unit>pint</unit></amt>
        <item>Vanilla ice cream; or</item></ing>
      <ing>
        <amt>
          <qty>1</qty>
          <unit>teaspoon</unit></amt>
        <item>Sweetened whipped cream</item></ing></ingredients>
    <directions>
      <step>  1. Melt butter and brown sugar in flat chaifing dish or attractive skillet.
  Add bananas in single layer, and saut6, turning once, unfil tender - about
        5    minutes.
  
  2. Sprinkle with cinnamon. Pour in rum and banana liqueur. Ignite with
  match, remove from heat, and baste bananas until flame burns out.
  
  3. Serve at once, with vanilla ice cream or sweetened whipped cream. Makes
        4    servings.
  
  Recipe by: diane@keyway.net  (Brennan's, New Orleans)
  
  Posted to recipelu-digest Volume 01 Number 317 by "Diane Geary"
  &lt;diane@keyway.net&gt; on Nov 27, 1997
 
</step></directions></recipe></recipeml>
