<?xml version="1.0" encoding="UTF-8"?>

<recipeml version="0.5">
  <recipe>
    <head>
      <title>Banana and Pomegranate Salad (Kela Anar Kachamber)</title>
      <categories>
        <cat>None</cat></categories>
      <yield>4</yield></head>
    <ingredients>
      <ing>
        <amt>
          <qty>1</qty>
          <unit>medium</unit></amt>
        <item>Pomegranate</item></ing>
      <ing>
        <amt>
          <qty>2</qty>
          <unit>medium</unit></amt>
        <item>Firm ripe bananas</item></ing>
      <ing>
        <amt>
          <qty>2</qty>
          <unit>tablespoons</unit></amt>
        <item>Fresh lime juice</item></ing>
      <ing>
        <amt>
          <qty>1</qty>
          <unit>tablespoon</unit></amt>
        <item>Date sugar</item></ing>
      <ing>
        <amt>
          <qty>1/4</qty>
          <unit>teaspoons</unit></amt>
        <item>Salt</item></ing></ingredients>
    <directions>
      <step>  1.  Cut the pomegranate into quarters and twist each wedge to loosen the
  cells.  Gently shake, tap, scoop, and coax the cells onto a serving plate
  and arrange them in a neat mound in the center. 2. Peel the bananas and
  slice them on the diagonal into 1/4 inch rounds. Arrange them in a circle
  around the pomegranate cells.  Sprinkle with the lime or lemon juice,
  sweetener and salt, and serve immediately.
  
  &gt;From The Art of Indian Vegetarian Cooking by Yamuna Devi
  Posted to Recipe Archive - 24 November 96
  
  Date: Sun, 24 Nov 96 7:21:04 EST
  
  submitted by: eep@tampa.mindspring.com
 
</step></directions></recipe></recipeml>
