<?xml version="1.0" encoding="UTF-8"?>

<recipeml version="0.5">
  <recipe>
    <head>
      <title>Banana - Apple Bread</title>
      <categories>
        <cat>Diabetic</cat>
        <cat>Breads</cat></categories>
      <yield>16</yield></head>
    <ingredients>
      <ing>
        <amt>
          <qty>1/2</qty>
          <unit>cups</unit></amt>
        <item>Reduced-calorie margarine</item></ing>
      <ing>
        <amt>
          <qty/>
          <unit/></amt>
        <item>Sugar substitute to equal</item></ing>
      <ing>
        <amt>
          <qty/>
          <unit/></amt>
        <item>1 cup sugar plus 2 tb</item></ing>
      <ing>
        <amt>
          <qty>2</qty>
          <unit/></amt>
        <item>Eggs</item></ing>
      <ing>
        <amt>
          <qty>1 3/4</qty>
          <unit>cups</unit></amt>
        <item>All-purpose flour</item></ing>
      <ing>
        <amt>
          <qty>2 3/4</qty>
          <unit>teaspoons</unit></amt>
        <item>Baking powder</item></ing>
      <ing>
        <amt>
          <qty>1</qty>
          <unit>cup</unit></amt>
        <item>Peeled,coarsley chopped</item></ing>
      <ing>
        <amt>
          <qty/>
          <unit/></amt>
        <item>Apples</item></ing>
      <ing>
        <amt>
          <qty>3</qty>
          <unit>medium</unit></amt>
        <item>Bananas,chopped</item></ing>
      <ing>
        <amt>
          <qty/>
          <unit/></amt>
        <item>Vegetable cooking spray</item></ing></ingredients>
    <directions>
      <step>  Cream margarine in a large bowl; gradually add sugar substitute,beating at
  medium speed until light and fluffy.Add eggs and beat until thick and lemon
  coloured.Combine flour and baking powder; add to creamed mixture,mixing
  well.Fold in apple and banana.Spoon batter into a loafpan coated with
  cooking spray.Bake at 350 for 65 to 70 minutes or until a wooden pick
  inserted in center comes out clean.LCool in pan 10 minutes; remove from
  pan,and cool completely on a wire rack.
  
  Exchanges:  1 Starch   1 Fat
  
  Serving Size:  1 (1/2") slice
  
  Per Serving:  Calories  123     Fiber  1gm      Sodium  142mg
                  Cholesterol  23mg      Carbohydrates  21gm
                  Protein  3gm       Fat  4gm
  
  From The Complete Step by Step Diabetic Cookbook
  
  Typed by G.Major             01\08\96
  
  From: Georgina Major                  Date: 06-02-96
  Posted to MM-Recipes Digest V3 #335
  
  From: BobbieB1@aol.com
  
  Date: Sat, 7 Dec 1996 10:53:35 -0500
 
</step></directions></recipe></recipeml>
