<?xml version="1.0" encoding="UTF-8"?>

<recipeml version="0.5">
  <recipe>
    <head>
      <title>Banana Berry Popover</title>
      <categories>
        <cat>None</cat></categories>
      <yield>6</yield></head>
    <ingredients>
      <ing>
        <amt>
          <qty>2/3</qty>
          <unit>cups</unit></amt>
        <item>Sifted all-purpose flour</item></ing>
      <ing>
        <amt>
          <qty>1/3</qty>
          <unit>cups</unit></amt>
        <item>Sifted cake flour-not self-rising</item></ing>
      <ing>
        <amt>
          <qty>1/2</qty>
          <unit>cups</unit></amt>
        <item>Granulated white sugar</item></ing>
      <ing>
        <amt>
          <qty>1/4</qty>
          <unit>teaspoons</unit></amt>
        <item>Salt</item></ing>
      <ing>
        <amt>
          <qty>1</qty>
          <unit>cup</unit></amt>
        <item>Milk</item></ing>
      <ing>
        <amt>
          <qty>2</qty>
          <unit>large</unit></amt>
        <item>Eggs; lightly beaten</item></ing>
      <ing>
        <amt>
          <qty>1</qty>
          <unit>teaspoon</unit></amt>
        <item>Vanilla extract</item></ing>
      <ing>
        <amt>
          <qty>1</qty>
          <unit>pinch</unit></amt>
        <item>Nutmeg; grated</item></ing>
      <ing>
        <amt>
          <qty>1/2</qty>
          <unit>cups</unit></amt>
        <item>Blackberries or raspberries; (sprinkled with sugar if tart)</item></ing>
      <ing>
        <amt>
          <qty>1</qty>
          <unit>small</unit></amt>
        <item>Banana ; halved lengthwise then sliced into 1/4 inch pieces</item></ing>
      <ing>
        <amt>
          <qty>1 1/2</qty>
          <unit>tablespoons</unit></amt>
        <item>Light brown sugar or dark brown sugar</item></ing>
      <ing>
        <amt>
          <qty>1/4</qty>
          <unit>teaspoons</unit></amt>
        <item>Ground cinnamon</item></ing></ingredients>
    <directions>
      <step>  1. Heat oven to 425 degrees. Generously butter a 9-inch metal pie plate or
  other shallow baking dish, including the rim, set aside.
  
  2. Mix flours, sugar, and salt in a medium bowl, until free of lumps.
  
  3. Whisk milk, eggs, and vanilla in a smaller bowl until smooth.
  
  4. Make a well in dry ingredients and add liquid mixture. Whisk gently
  until butter is just blended. A few lumps are fine.
  
  5. Gently stir nutmeg into butter. Leaving a 1 -inch border around the
  edge, distribute fruit evenly in prepared pan. Gently pour butter over
  fruit. Mix brown sugar and cinnamon. Sprinkle over butter.
  
  6. Bake 20 minutes. Lower heat to 350 degrees. Without opening oven door,
  continue to bake until popover is puffed and golden, 15 to 20 minutes
  longer. Cut into wedges and serve immediately.
  
  Cook's Illustrated, Nov./Dec. 1992, Page 18. Credit: Richard Sax.
  
  Nationality: USA Courses: dessert, breakfast Season:any Method: baked
  
  Start to Finish 1 hour Preparation 5 minutes Attention 1 hour Finishing 5
  minutes
  
  Converted from Mangia!, Cook's Illustrated 1993-1995 Cookbook
  
  NOTES : A pie-size, not-too-sweet popover with fruit, this dessert puffs up
  crisp and golden on the surface, soft and eggy within.  Not only a dessert,
  this popover can stand in for a muffin at brunch or breakfast.
  Recipe by: Cook's Illustrated, Nov./Dec. 1992,  Page 18
  
  Posted to MC-Recipe Digest by "Hobbs, D B                 USO"
  &lt;hobbs@lbcapo1.uso.unisys.com&gt; on Mar 20, 1998
 
</step></directions></recipe></recipeml>
