<?xml version="1.0" encoding="UTF-8"?>

<recipeml version="0.5">
  <recipe>
    <head>
      <title>Bananas Foster for Two</title>
      <categories>
        <cat>None</cat></categories>
      <yield>1</yield></head>
    <ingredients>
      <ing>
        <amt>
          <qty>3/16</qty>
          <unit>cups</unit></amt>
        <item>Butter</item></ing>
      <ing>
        <amt>
          <qty>2</qty>
          <unit/></amt>
        <item>Bananas; ripe</item></ing>
      <ing>
        <amt>
          <qty>1/3</qty>
          <unit>cups</unit></amt>
        <item>Packed brown sugar</item></ing>
      <ing>
        <amt>
          <qty>1/4</qty>
          <unit>cups</unit></amt>
        <item>Rum</item></ing></ingredients>
    <directions>
      <step>  Slice bananas into 1" pieces. Melt butter over medium heat in sauce
  pan.Stir in brown sugar. Add bananas. Cook for 3 minutes or until heated
  through. Spoon over vanilla or chocolate ice cream. In a small pan, heat
  rum until hot. Do not let it simmer or the alcohol will evaporate. Pour hot
  rum into a large ladle. Place the bananas with ice cream in front of your
  guest. Ignite the rum in the ladle, and pour over ice cream as it flames.
  Posted to TNT - Prodigy's Recipe Exchange Newsletter  by c62op27@ibx.com
  (Victor Fiorillo) on Aug 11, 97
 
</step></directions></recipe></recipeml>
