<?xml version="1.0" encoding="UTF-8"?>

<recipeml version="0.5">
  <recipe>
    <head>
      <title>Bananas Foster Bread Pudding</title>
      <categories>
        <cat>Desserts</cat></categories>
      <yield>16</yield></head>
    <ingredients>
      <ing>
        <amt>
          <qty>10</qty>
          <unit>ounces</unit></amt>
        <item>Bread; stale, crumbled</item></ing>
      <ing>
        <amt>
          <qty>1 1/2</qty>
          <unit>cups</unit></amt>
        <item>Milk</item></ing>
      <ing>
        <amt>
          <qty>1 1/2</qty>
          <unit>cups</unit></amt>
        <item>Cream</item></ing>
      <ing>
        <amt>
          <qty>1</qty>
          <unit>cup</unit></amt>
        <item>Banana liqueur</item></ing>
      <ing>
        <amt>
          <qty>2</qty>
          <unit>cups</unit></amt>
        <item>Sugar</item></ing>
      <ing>
        <amt>
          <qty>8</qty>
          <unit>tablespoons</unit></amt>
        <item>Butter; melted</item></ing>
      <ing>
        <amt>
          <qty>4</qty>
          <unit>large</unit></amt>
        <item>Eggs</item></ing>
      <ing>
        <amt>
          <qty>2</qty>
          <unit>tablespoons</unit></amt>
        <item>Vanilla</item></ing>
      <ing>
        <amt>
          <qty>5</qty>
          <unit>medium</unit></amt>
        <item>Bananas; cut up</item></ing>
      <ing>
        <amt>
          <qty>1</qty>
          <unit>cup</unit></amt>
        <item>Pecans; chopped</item></ing>
      <ing>
        <amt>
          <qty>1</qty>
          <unit>tablespoon</unit></amt>
        <item>Cinnamon Bananas Foster Sauce--</item></ing>
      <ing>
        <amt>
          <qty/>
          <unit>1</unit></amt>
        <item>stick         butter 2 cups dark brown sugar</item></ing>
      <ing>
        <amt>
          <qty/>
          <unit>4</unit></amt>
        <item>ounces        banana liqueur</item></ing>
      <ing>
        <amt>
          <qty/>
          <unit>4</unit></amt>
        <item>ounces        dark rum</item></ing>
      <ing>
        <amt>
          <qty/>
          <unit/></amt>
        <item>ground cinnamon</item></ing></ingredients>
    <directions>
      <step>  Combine all ingredients; mixture should be very moist but not soupy. Pour
  into buttered 9x12" or larger baking dish.  Place into non-preheated oven.
  Bake at 350 degrees for approx. 75 minutes, until top is golden brown.
  Serve warm with sauce.
  
  Bananas Foster Sauce:
  
  Melt butter and add brown sugar to form a creamy paste.  Let this mixture
  caramelize over heat for approx. 5 minutes.  Stir in banana liqueur and
  rum.  Heat and ignite.  Agitate to keep flame burning, and add a few
  pinches of voodoo magic (ground cinnamon) to the flame.  Let flames go out
  and serve warm over warm bread pudding.
  Posted to EAT-L Digest 04 Sep 96
  
  Date:    Thu, 5 Sep 1996 07:57:04 -0500
  
  From:    Deborah Kirwan &lt;dkkirwan@CREIGHTON.EDU&gt;
 
</step></directions></recipe></recipeml>
