<?xml version="1.0" encoding="UTF-8"?>

<recipeml version="0.5">
  <recipe>
    <head>
      <title>Banana Bread, Like Mom Used To Make</title>
      <categories>
        <cat>None</cat></categories>
      <yield>1</yield></head>
    <ingredients>
      <ing>
        <amt>
          <qty>2</qty>
          <unit>cups</unit></amt>
        <item>Flour</item></ing>
      <ing>
        <amt>
          <qty>2 3/4</qty>
          <unit>teaspoons</unit></amt>
        <item>Baking powder</item></ing>
      <ing>
        <amt>
          <qty>1/2</qty>
          <unit>teaspoons</unit></amt>
        <item>Salt</item></ing>
      <ing>
        <amt>
          <qty>3/4</qty>
          <unit>cups</unit></amt>
        <item>Sugar</item></ing>
      <ing>
        <amt>
          <qty>1/2</qty>
          <unit>cups</unit></amt>
        <item>Shortening</item></ing>
      <ing>
        <amt>
          <qty>2</qty>
          <unit/></amt>
        <item>Eggs</item></ing>
      <ing>
        <amt>
          <qty>2</qty>
          <unit/></amt>
        <item>Ripe bananas; (2 to 3)</item></ing>
      <ing>
        <amt>
          <qty>1/2</qty>
          <unit>cups</unit></amt>
        <item>Coarsely chopped walnuts</item></ing></ingredients>
    <directions>
      <step>  1. Preheat oven to 350 degrees Fahrenheit. Grease and flour a loaf pan.
  
  2. Mix flour, baking powder, and salt together. In a separate bowl, beat
  sugar, shortening, and eggs together. Mash bananas into the lquid mixture.
  
  3. Gradually add the dry ingredients into the wet ingredients. Add walnuts.
  
  4. Pour into the loaf pan and bake for 60 to 70 minutes, or until a
  toothpick inserted into the center comes out clean.
  
  5. Cool in the pan for 15 minutes, then remove the bread and complete
  cooling it on a wire rack.
  
  6. When cool, wrap well and store in the refrigerator.
  Posted to recipelu-digest by "Bunny" &lt;layla696@ix.netcom.com&gt; on Mar 21,
  1998
 
</step></directions></recipe></recipeml>
