<?xml version="1.0" encoding="UTF-8"?>

<recipeml version="0.5">
  <recipe>
    <head>
      <title>Banana Bonanza Shake</title>
      <categories>
        <cat>None</cat></categories>
      <yield>1</yield></head>
    <ingredients>
      <ing>
        <amt>
          <qty>3</qty>
          <unit/></amt>
        <item>Medium-size ripe bananas; (about 1 pound), cut into chunks</item></ing>
      <ing>
        <amt>
          <qty>1/4</qty>
          <unit>cups</unit></amt>
        <item>Skim milk</item></ing>
      <ing>
        <amt>
          <qty>1/4</qty>
          <unit>cups</unit></amt>
        <item>Nonfat dry milk powder</item></ing>
      <ing>
        <amt>
          <qty>1/8</qty>
          <unit>teaspoons</unit></amt>
        <item>Ground allspice</item></ing></ingredients>
    <directions>
      <step>  In blender process:
  
  until blended and smooth.
  
  Pour into chilled glasses; garnish with bananas slices, if desired.
  
  Makes 2 servings
  
  Per serving without garnish: 236 calories, 7 grams protein, 0 grams fat,
       56    grams carbohydrate
  
  Note: For super-thick shake, place in freezer 1 to 2 hours until mixture is
  semi-frozen; then to drinking consistency with additional skim milk, if
  necessary.
  Posted to brand-name-recipes by rosann-1@juno.com (R G H) on Feb 5, 1998
 
</step></directions></recipe></recipeml>
