<?xml version="1.0" encoding="UTF-8"?>

<recipeml version="0.5">
  <recipe>
    <head>
      <title>Banana and Mango Smoothie</title>
      <categories>
        <cat>None</cat></categories>
      <yield>1</yield></head>
    <ingredients>
      <ing>
        <amt>
          <qty>1/2</qty>
          <unit/></amt>
        <item>Ripe mango; 1 point.</item></ing>
      <ing>
        <amt>
          <qty>1</qty>
          <unit>small</unit></amt>
        <item>Banana; 1 point</item></ing>
      <ing>
        <amt>
          <qty>1/4</qty>
          <unit>pints</unit></amt>
        <item>Skimmed milk; 0.5 points</item></ing>
      <ing>
        <amt>
          <qty>1</qty>
          <unit>small</unit></amt>
        <item>100-ml glass fruit juice; 0.5 points</item></ing>
      <ing>
        <amt>
          <qty>1</qty>
          <unit>tablespoon</unit></amt>
        <item>Low fat natural yoghurt; 0.5 points</item></ing></ingredients>
    <directions>
      <step>  Total points 3.5.
  
  The number after each ingredient stands for the number of Weight Watchers
  123 success points that ingredient contains.
  
  Process all ingredients together in a blender and chill in the fridge
  before serving.
  
  Posted to EAT-LF Digest by Donna Slater &lt;donna@mfslater.demon.co.uk&gt; on Mar
  12, 1998
 
</step></directions></recipe></recipeml>
