<?xml version="1.0" encoding="UTF-8"?>

<recipeml version="0.5">
  <recipe>
    <head>
      <title>Banana Bonanza Ice Cream</title>
      <categories>
        <cat>Ice cream</cat>
        <cat>Desserts</cat>
        <cat>Freezer</cat></categories>
      <yield>16</yield></head>
    <ingredients>
      <ing-div>
        <title>PATTI - VDRJ67A</title>
        <ing>
          <amt>
            <qty>2</qty>
            <unit>cups</unit></amt>
          <item>Milk</item></ing>
        <ing>
          <amt>
            <qty>2</qty>
            <unit>cups</unit></amt>
          <item>Whipping cream</item></ing>
        <ing>
          <amt>
            <qty>2</qty>
            <unit/></amt>
          <item>Eggs; beaten</item></ing>
        <ing>
          <amt>
            <qty>1 1/4</qty>
            <unit>cups</unit></amt>
          <item>Sugar</item></ing>
        <ing>
          <amt>
            <qty>2</qty>
            <unit>medium</unit></amt>
          <item>Bananas, extra ripe; peeled</item></ing>
        <ing>
          <amt>
            <qty>1/2</qty>
            <unit>teaspoons</unit></amt>
          <item>Vanilla</item></ing>
        <ing>
          <amt>
            <qty>1/4</qty>
            <unit>teaspoons</unit></amt>
          <item>Salt</item></ing>
        <ing>
          <amt>
            <qty>1/8</qty>
            <unit>teaspoons</unit></amt>
          <item>Ground nutmeg</item></ing></ing-div></ingredients>
    <directions>
      <step>  In saucepan, combine milk, cream, eggs, and sugar. Cook and stir over low
  heat until mixture thickens slightly and coats the back of a spoon. Cool to
  room temperature. Puree bananas in blender ( 1 cup). Combine cooled
  custard, bananas, vanilla, salt and nutmeg. Pour into freezer container.
  Freeze according to manufacturer's directions.
  Posted to MM-Recipes Digest  by "Robert Ellis" &lt;rpearson@snowcrest.net&gt; on
  Apr 6, 1998
 
</step></directions></recipe></recipeml>
