<?xml version="1.0" encoding="UTF-8"?>

<recipeml version="0.5">
  <recipe>
    <head>
      <title>Banana and Coconut Milk Ice Cream</title>
      <categories>
        <cat>Ice</cat>
        <cat>Cream</cat></categories>
      <yield>4</yield></head>
    <ingredients>
      <ing>
        <amt>
          <qty>2</qty>
          <unit>large</unit></amt>
        <item>Very ripe bananas</item></ing>
      <ing>
        <amt>
          <qty>1/4</qty>
          <unit>cups</unit></amt>
        <item>Sweetened coconut flakes</item></ing>
      <ing>
        <amt>
          <qty>1/2</qty>
          <unit>cups</unit></amt>
        <item>Unsweetened coconut milk</item></ing>
      <ing>
        <amt>
          <qty>1</qty>
          <unit>tablespoon</unit></amt>
        <item>Superfine sugar</item></ing>
      <ing>
        <amt>
          <qty/>
          <unit/></amt>
        <item>A squeeze of lime juice</item></ing>
      <ing>
        <amt>
          <qty>1</qty>
          <unit>teaspoon</unit></amt>
        <item>Dark rum</item></ing></ingredients>
    <directions>
      <step>  Slice the bananas crosswise 1/2 inch thick. Place on a baking sheet and
  freeze until solid, about 1 hour.
  
  Preheat the oven to 375¡F. In a pie plate, toast the coconut for about 4
  minutes, or until golden; let cool.
  
  In a food processor, combine the frozen bananas with the coconut milk,
  sugar, lime juice and rum. PurŽe until very creamy, about 2 minutes. Spoon
  into bowls, garnish with the toasted coconut and serve.
  
  NOTES : Recipe source: Food and Wine March 1998
  
  Recipe by: Ron West
  
  Posted to Bakery-Shoppe Digest by Ron West &lt;ronwest@centex.net&gt; on Feb 10,
  1998
 
</step></directions></recipe></recipeml>
