<?xml version="1.0" encoding="UTF-8"?>

<recipeml version="0.5">
  <recipe>
    <head>
      <title>Banana and Mango Chutney</title>
      <categories>
        <cat>Pickles</cat>
        <cat>Relishes</cat>
        <cat>Sauces</cat></categories>
      <yield>4</yield></head>
    <ingredients>
      <ing>
        <amt>
          <qty>3/4</qty>
          <unit>cups</unit></amt>
        <item>Cider vinegar</item></ing>
      <ing>
        <amt>
          <qty>3/4</qty>
          <unit>cups</unit></amt>
        <item>Firmly packed brown sugar</item></ing>
      <ing>
        <amt>
          <qty>2</qty>
          <unit>teaspoons</unit></amt>
        <item>Madras curry powder</item></ing>
      <ing>
        <amt>
          <qty>1</qty>
          <unit>teaspoon</unit></amt>
        <item>Ground black pepper</item></ing>
      <ing>
        <amt>
          <qty>1/2</qty>
          <unit>teaspoons</unit></amt>
        <item>Salt</item></ing>
      <ing>
        <amt>
          <qty>1/2</qty>
          <unit>teaspoons</unit></amt>
        <item>Ground cinnamon</item></ing>
      <ing>
        <amt>
          <qty>1/4</qty>
          <unit>teaspoons</unit></amt>
        <item>Ground white pepper</item></ing>
      <ing>
        <amt>
          <qty>1/8</qty>
          <unit>teaspoons</unit></amt>
        <item>Ground red pepper</item></ing>
      <ing>
        <amt>
          <qty>1/4</qty>
          <unit>teaspoons</unit></amt>
        <item>Minced garlic</item></ing>
      <ing>
        <amt>
          <qty>6</qty>
          <unit>medium</unit></amt>
        <item>Bananas, sliced, divided</item></ing>
      <ing>
        <amt>
          <qty>1</qty>
          <unit/></amt>
        <item>Jar mango slices, divided</item></ing>
      <ing>
        <amt>
          <qty>1/4</qty>
          <unit>cups</unit></amt>
        <item>Raisins</item></ing></ingredients>
    <directions>
      <step>  1. Combine vinegar, sugar, curry powder, all three peppers, salt, cinnamon
  and minced garlic in a 4-quart non-reactive saucepan. Heat to simmer,
  stirring, and cook for 1 minute.
  
  2. Peel 4 bananas, slice and add to saucepan. Add 1 cup diced mangos. Heat
  fruit mixture and simmer, uncovered, 10 minutes, stirring occasionally
  until mixture thickens.
  
  3. Slice and add remaining bananas to chutney. Add remaining diced mangos
  and raisins. Stir to mix well, remove from heat, cover and let stand 30
  minutes.
  
  4. Serve hot or cold with curries or as a condiment with meat, fish or
  poultry dishes.
  
  Posted to EAT-L Digest  by "Pamela F. Wagner" &lt;FanofPern@AOL.COM&gt; on Jul 7,
  1997
 
</step></directions></recipe></recipeml>
