<?xml version="1.0" encoding="UTF-8"?>

<recipeml version="0.5">
  <recipe>
    <head>
      <title>Banana Apricot Bars</title>
      <categories>
        <cat>Dessert</cat></categories>
      <yield>36</yield></head>
    <ingredients>
      <ing-div>
        <title/>
        <ing>
          <amt>
            <qty>3</qty>
            <unit>medium</unit></amt>
          <item>Bananas; extra-ripe, peeled</item></ing>
        <ing>
          <amt>
            <qty>1/2</qty>
            <unit>cups</unit></amt>
          <item>Butter or margarine</item></ing>
        <ing>
          <amt>
            <qty>3/4</qty>
            <unit>cups</unit></amt>
          <item>Brown sugar; packed</item></ing>
        <ing>
          <amt>
            <qty>2</qty>
            <unit/></amt>
          <item>Eggs</item></ing>
        <ing>
          <amt>
            <qty>1/2</qty>
            <unit>cups</unit></amt>
          <item>Apricot or peach preserves</item></ing>
        <ing>
          <amt>
            <qty>1</qty>
            <unit>teaspoon</unit></amt>
          <item>Vanilla extract</item></ing>
        <ing>
          <amt>
            <qty>2</qty>
            <unit>cups</unit></amt>
          <item>All-purpose flour</item></ing>
        <ing>
          <amt>
            <qty>1/2</qty>
            <unit>teaspoons</unit></amt>
          <item>Baking powder</item></ing>
        <ing>
          <amt>
            <qty>1/2</qty>
            <unit>teaspoons</unit></amt>
          <item>Baking soda</item></ing>
        <ing>
          <amt>
            <qty>1/2</qty>
            <unit>teaspoons</unit></amt>
          <item>Salt</item></ing>
        <ing>
          <amt>
            <qty>1/2</qty>
            <unit>cups</unit></amt>
          <item>Chopped pecans</item></ing></ing-div>
      <ing-div>
        <title>GLAZE</title>
        <ing>
          <amt>
            <qty>1</qty>
            <unit>cup</unit></amt>
          <item>Confectioner's sugar (up to)</item></ing>
        <ing>
          <amt>
            <qty>5</qty>
            <unit>teaspoons</unit></amt>
          <item>Lemon juice</item></ing></ing-div></ingredients>
    <directions>
      <step>   Heat oven to 350 degrees. Grease a 13x9-inch baking pan. Puree bananas to
  make 1-1/2 cups.
  
   Cream together margarine and sugar. Add pureed bananas, eggs, preserves
  and vanilla. Mix till well blended. (Mixture may appear curdled.)
  
   Combine flour, baking powder, baking soda and salt. Add to banana mixture
  and mix until well blended. Pour into prepared pan.
  
   Bake at 350 degrees for 25-30 minutes.
  
   Meanwhile, blend lemon juice into confectioner's sugar to make a smooth,
  pourable glaze.
  
   Immediately after removing pan from oven, drizzle glaze over top. Cool 5
  minutes. Remove from pan and cut into 36 bars.
  
  FROM NEWSPAPER ARTICLE
  
  From a collection of my mother's (Judy Hosey) recipe box which contained
  lots of her favorite recipes, clippings, etc.  Downloaded from Glen's MM
  Recipe Archive, http://www.erols.com/hosey.
 
</step></directions></recipe></recipeml>
