<?xml version="1.0" encoding="UTF-8"?>

<recipeml version="0.5">
  <recipe>
    <head>
      <title>Banana Bran Muffins</title>
      <categories>
        <cat>Breads: qui</cat>
        <cat>Vegetarian</cat>
        <cat>Eat-lf mail</cat></categories>
      <yield>1</yield></head>
    <ingredients>
      <ing>
        <amt>
          <qty>1 1/2</qty>
          <unit>cups</unit></amt>
        <item>Whole wheat flour</item></ing>
      <ing>
        <amt>
          <qty>2</qty>
          <unit>teaspoons</unit></amt>
        <item>Baking powder</item></ing>
      <ing>
        <amt>
          <qty/>
          <unit/></amt>
        <item>(or 1 1/2 t. at high altitude)*</item></ing>
      <ing>
        <amt>
          <qty>1/2</qty>
          <unit>teaspoons</unit></amt>
        <item>Baking soda</item></ing>
      <ing>
        <amt>
          <qty/>
          <unit/></amt>
        <item>(or 1/4 t. at high a ltitude)*</item></ing>
      <ing>
        <amt>
          <qty>1/4</qty>
          <unit>teaspoons</unit></amt>
        <item>Salt</item></ing>
      <ing>
        <amt>
          <qty>1</qty>
          <unit>teaspoon</unit></amt>
        <item>Cinnamon</item></ing>
      <ing>
        <amt>
          <qty>1/4</qty>
          <unit>teaspoons</unit></amt>
        <item>Nutmeg</item></ing>
      <ing>
        <amt>
          <qty>2</qty>
          <unit/></amt>
        <item>Egg whites ; or substitute</item></ing>
      <ing>
        <amt>
          <qty>1 1/2</qty>
          <unit>cups</unit></amt>
        <item>Mashed bananas</item></ing>
      <ing>
        <amt>
          <qty>1 1/2</qty>
          <unit>cups</unit></amt>
        <item>All-bran¨ cereal; (k ellogg's)</item></ing>
      <ing>
        <amt>
          <qty>1/4</qty>
          <unit>cups</unit></amt>
        <item>Water</item></ing>
      <ing>
        <amt>
          <qty>2</qty>
          <unit>tablespoons</unit></amt>
        <item>Applesauce</item></ing>
      <ing>
        <amt>
          <qty>1</qty>
          <unit>teaspoon</unit></amt>
        <item>Vanilla</item></ing>
      <ing>
        <amt>
          <qty>1/4</qty>
          <unit>cups</unit></amt>
        <item>Honey ; (1/4 to 1/2)</item></ing></ingredients>
    <directions>
      <step>  Recipe by: Nabisco 100% Bran Cereal Box Here's my recipe adapted from a
  recipe on the Nabisco 100% Bran cereal box. This makes a very dense and
  heavy muffin just the way I like it. If you prefer a lighter muffin than
  just add all-purpose flour for some or part of the whole wheat flour.
  
  Mix flour, baking powder, baking soda, salt, cinnamon, and nutmeg in large
  
  bowl.  Beat egg in medium bowl, stir in bananas, cereal, water, applesauce,
  vanilla, and honey.  Add to flour mixture. Stir JUST UNTIL MOISTENED!
  (Batter will be lumpy.) Fill muffin tin. Makes 12 average size muffins.
  
  Bake at 400 F. for 18-22 min.
  
  A good variation that I have tried is using pureed peaches instead of
  bananas.  You might have to cut back on the water a little for that
  depending on how juicy your peaches are. When I add peaches I also like to
  add a little extra nutmeg.  Maybe I should try this with rhubarb. I know I
  would have to increase the honey quite a bit!
  Posted to JEWISH-FOOD digest V96 #53
  
  Date: Tue, 15 Oct 1996 23:03:58 -0800
  
  From: "Jenny S. Johanssen" &lt;johanssen@matnet.com&gt;
 
</step></directions></recipe></recipeml>
