<?xml version="1.0" encoding="UTF-8"?>

<recipeml version="0.5">
  <recipe>
    <head>
      <title>Banana Berry Shake</title>
      <categories>
        <cat>Beverages</cat></categories>
      <yield>1</yield></head>
    <ingredients>
      <ing>
        <amt>
          <qty>1/2</qty>
          <unit>cups</unit></amt>
        <item>Skim milk</item></ing>
      <ing>
        <amt>
          <qty>1/2</qty>
          <unit>cups</unit></amt>
        <item>Frozen strawberries; unsweetened</item></ing>
      <ing>
        <amt>
          <qty>1/2</qty>
          <unit>cups</unit></amt>
        <item>Frozen yogurt, vanilla; nonfat</item></ing>
      <ing>
        <amt>
          <qty>1/2</qty>
          <unit/></amt>
        <item>Ripe banana; sliced</item></ing>
      <ing>
        <amt>
          <qty>1</qty>
          <unit>tablespoon</unit></amt>
        <item>Strawbery jam; if desired</item></ing></ingredients>
    <directions>
      <step>  In a food processor or blender, combine all ingredients &amp; blend until
  smooth.
  
      260    cal  1g fat  150 mg sodium
  Recipe By     : Pillsbury Great Tasting Lowfat Recipes
  
  Posted to Digest eat-lf.v096.n213
  
  Date: Fri, 08 Nov 1996 18:52:08 -0500
  
  From: charles moffat &lt;moffats@usaor.net&gt;
 
</step></directions></recipe></recipeml>
