<?xml version="1.0" encoding="UTF-8"?>

<recipeml version="0.5">
  <recipe>
    <head>
      <title>Bananas in Coconut Milk</title>
      <categories>
        <cat>Desserts</cat>
        <cat>Thai</cat>
        <cat>Fruits</cat>
        <cat>Vegetarian</cat></categories>
      <yield>4</yield></head>
    <ingredients>
      <ing>
        <amt>
          <qty>2 1/2</qty>
          <unit>cups</unit></amt>
        <item>Coconut milk</item></ing>
      <ing>
        <amt>
          <qty>1/4</qty>
          <unit>cups</unit></amt>
        <item>Sugar</item></ing>
      <ing>
        <amt>
          <qty>1/2</qty>
          <unit>teaspoons</unit></amt>
        <item>Salt</item></ing>
      <ing>
        <amt>
          <qty>4</qty>
          <unit>large</unit></amt>
        <item>Bananas, peeled &amp; diagonally sliced into 1 1/2" pieces</item></ing></ingredients>
    <directions>
      <step>  In a large saucepan, bring the coconut milk to a boil. Add the sugar &amp; the
  salt &amp; cook for 3 to 5 minutes over medium heat. Reduce the heat, add the
  sliced bananas, cover &amp; simmer for 5 minutes. Do not stir, or the bananas
  will become mushy.  Serve hot or cold.
 
</step></directions></recipe></recipeml>
