<?xml version="1.0" encoding="UTF-8"?>

<recipeml version="0.5">
  <recipe>
    <head>
      <title>Banana and Ricotta Pizza with Ham</title>
      <categories>
        <cat>Ham</cat>
        <cat>Pizza</cat></categories>
      <yield>4</yield></head>
    <ingredients>
      <ing>
        <amt>
          <qty>1</qty>
          <unit/></amt>
        <item>Milk Pizza Dough</item></ing>
      <ing>
        <amt>
          <qty>3/4</qty>
          <unit>cups</unit></amt>
        <item>Ricotta cheese</item></ing>
      <ing>
        <amt>
          <qty>3</qty>
          <unit/></amt>
        <item>Bananas, peeled and sliced</item></ing>
      <ing>
        <amt>
          <qty>2</qty>
          <unit>tablespoons</unit></amt>
        <item>Unsalted butter</item></ing>
      <ing>
        <amt>
          <qty>3</qty>
          <unit>ounces</unit></amt>
        <item>Cooked ham; thinly sliced</item></ing></ingredients>
    <directions>
      <step>  Make the pizza dough.  Preheat the oven to 450F.  If using a baking stone
  or tiles, place in the oven now.
  
  Roll out the pizza dough and spread the ricotta over it.  Lay the banana
  slices on top in concentric circles.  Brush the butter over the bananas.
  Transfer to the oven and bake for 10 minutes.  Remove from the oven and
  cover with the ham slices.  Quickly return to the oven, reduce the
  temperature to 400F and bake until the crust is golden, about 10 minutes.
  
  Serve immediately
  Posted to MC-Recipe Digest V1 #249
  
  Date: Thu, 17 Oct 1996 11:14:53 -0700
  
  From: Gerald Edgerton &lt;jerrye@wizard.com&gt;
  
  NOTES : This pizza can be made with crisply cooked and crumbled bacon
  instead of ham -- or with no meat at all.
 
</step></directions></recipe></recipeml>
