<?xml version="1.0" encoding="UTF-8"?>

<recipeml version="0.5">
  <recipe>
    <head>
      <title>Waldorf Salad</title>
      <categories>
        <cat>Copycat</cat></categories>
      <yield>7</yield></head>
    <ingredients>
      <ing>
        <amt>
          <qty>2 1/2</qty>
          <unit>cups</unit></amt>
        <item>Chopped apples</item></ing>
      <ing>
        <amt>
          <qty>1</qty>
          <unit>cup</unit></amt>
        <item>Cheddar cheese</item></ing>
      <ing>
        <amt>
          <qty>1</qty>
          <unit>cup</unit></amt>
        <item>Red or green grapes</item></ing>
      <ing>
        <amt>
          <qty>1/2</qty>
          <unit>cups</unit></amt>
        <item>Diced celery</item></ing>
      <ing>
        <amt>
          <qty>1/2</qty>
          <unit>cups</unit></amt>
        <item>Walnuts</item></ing>
      <ing>
        <amt>
          <qty>1/2</qty>
          <unit>cups</unit></amt>
        <item>Raisins</item></ing>
      <ing>
        <amt>
          <qty>1/3</qty>
          <unit>cups</unit></amt>
        <item>Mayonnaise</item></ing>
      <ing>
        <amt>
          <qty>1</qty>
          <unit>tablespoon</unit></amt>
        <item>Fresh lemon juice</item></ing></ingredients>
    <directions>
      <step>  In a large bowl, toss all the ingredients and stir well to coat with the
  mayonnaise and lemon juice. Refrigerate until ready to serve. Serves 6 to
  8.
  
  Recipe By     : Deanna Cook, 1996. Disney's Family Cookbook
  
  Posted to EAT-L Digest 26 Sep 96
  
  Date:    Fri, 27 Sep 1996 07:34:49 -0400
  
  From:    Eileen &amp; Bob Holze &lt;beck4@ASAN.COM&gt;
  
  NOTES : Reviewed in "Vegetables your kids will eat," Family Fun Magazine,
  May 1996.  This salad dresses up a plate nicely. Use fresh ingredients and
  toss well to coat the apples and prevent them from browning.
 
</step></directions></recipe></recipeml>
