<?xml version="1.0" encoding="UTF-8"?>

<recipeml version="0.5">
  <recipe>
    <head>
      <title>Waldorf Salad</title>
      <categories>
        <cat>Side</cat>
        <cat>Dishes*</cat></categories>
      <yield>1</yield></head>
    <ingredients>
      <ing>
        <amt>
          <qty>3/4</qty>
          <unit>cups</unit></amt>
        <item>Mayonnaise or salad dressing</item></ing>
      <ing>
        <amt>
          <qty>1</qty>
          <unit>tablespoon</unit></amt>
        <item>Plus 2 teaspoons lemon juice</item></ing>
      <ing>
        <amt>
          <qty>1</qty>
          <unit>tablespoon</unit></amt>
        <item>Plus 2 teaspoons milk</item></ing>
      <ing>
        <amt>
          <qty>3</qty>
          <unit>medium</unit></amt>
        <item>Unpeeled red eating apples; coarsely chopped (3 cups)</item></ing>
      <ing>
        <amt>
          <qty>3</qty>
          <unit>medium</unit></amt>
        <item>Stalk celery; chopped (1 1/2 cups)</item></ing>
      <ing>
        <amt>
          <qty>1/2</qty>
          <unit>cups</unit></amt>
        <item>Coarsely chopped nuts</item></ing>
      <ing>
        <amt>
          <qty/>
          <unit/></amt>
        <item>Salad greens; if desired</item></ing></ingredients>
    <directions>
      <step>  1. Mix mayonnaise, lemon juice and milk in medium bowl.
  
  2. Stir in apples, celery and nuts. Serve on salad greens. Cover and
  refrigerate any remaining salad.
  
  1 Serving: 310 calories (260 calories from fat); 29 g fat (4 g saturated);
  15 mg cholesterol; 180 mg sodium; 14 g carbohydrate (3 g dietary fiber); 1
  g protein.
  
  © Betty Crocker, 1997
  
  NOTES : Take this salad to the tropics! Replace one apple and the lemon
  juice with 1 can (8 ounces) pineapple chunks in juice (save 1 tablespoon of
  juice--discard the rest) and sprinkle each serving with toasted coconut.
  Recipe by: Betty Crocker
  
  Posted to brand-name-recipes by Tiina &lt;4Angels@videotron.ca&gt; on Feb 05,
  1998
 
</step></directions></recipe></recipeml>
