<?xml version="1.0" encoding="UTF-8"?>

<recipeml version="0.5">
  <recipe>
    <head>
      <title>Waldorf Salad Mold</title>
      <categories>
        <cat>Salads</cat>
        <cat>Apples</cat></categories>
      <yield>6</yield></head>
    <ingredients>
      <ing-div>
        <title>LORELI AGUDA WSKD49A</title>
        <ing>
          <amt>
            <qty>1</qty>
            <unit>package</unit></amt>
          <item>Lemon gelatin, 3 oz.</item></ing>
        <ing>
          <amt>
            <qty>1/2</qty>
            <unit>teaspoons</unit></amt>
          <item>Salt</item></ing>
        <ing>
          <amt>
            <qty>1</qty>
            <unit>cup</unit></amt>
          <item>Boiling water</item></ing>
        <ing>
          <amt>
            <qty>3/4</qty>
            <unit>cups</unit></amt>
          <item>Cold water</item></ing>
        <ing>
          <amt>
            <qty>2</qty>
            <unit>teaspoons</unit></amt>
          <item>Vinegar</item></ing>
        <ing>
          <amt>
            <qty>3/4</qty>
            <unit>cups</unit></amt>
          <item>Finely diced celery</item></ing>
        <ing>
          <amt>
            <qty>1</qty>
            <unit>cup</unit></amt>
          <item>Diced red apples</item></ing>
        <ing>
          <amt>
            <qty>1/4</qty>
            <unit>cups</unit></amt>
          <item>Chopped walnuts</item></ing>
        <ing>
          <amt>
            <qty>1/4</qty>
            <unit>cups</unit></amt>
          <item>Mayonnaise (optional)</item></ing></ing-div></ingredients>
    <directions>
      <step>  Dissolve gelatin and salt in boiling water. Add cold water and vinegar.
  Chill until very thick. Fold in celery, apples, walnuts and mayonnaise.
  Spoon into individual molds or a 1 quart mold. Chill until firm. Unmold and
  serve with cream cheese or whipped topping.
  
  From Gemini's MASSIVE MealMaster collection at www.synapse.com/~gemini
 
</step></directions></recipe></recipeml>
