<?xml version="1.0" encoding="UTF-8"?>

<recipeml version="0.5">
  <recipe>
    <head>
      <title>Waldorf Astoria Cake</title>
      <categories>
        <cat>None</cat></categories>
      <yield>1</yield></head>
    <ingredients>
      <ing>
        <amt>
          <qty>1/2</qty>
          <unit>cups</unit></amt>
        <item>Shortening</item></ing>
      <ing>
        <amt>
          <qty>1 1/2</qty>
          <unit>cups</unit></amt>
        <item>Sugar</item></ing>
      <ing>
        <amt>
          <qty>2</qty>
          <unit/></amt>
        <item>Eggs</item></ing>
      <ing>
        <amt>
          <qty>2</qty>
          <unit>ounces</unit></amt>
        <item>Red food coloring</item></ing>
      <ing>
        <amt>
          <qty>1</qty>
          <unit>tablespoon</unit></amt>
        <item>Cocoa (up to 3)</item></ing>
      <ing>
        <amt>
          <qty>1</qty>
          <unit>cup</unit></amt>
        <item>Buttermilk</item></ing>
      <ing>
        <amt>
          <qty>1/2</qty>
          <unit>teaspoons</unit></amt>
        <item>Salt</item></ing>
      <ing>
        <amt>
          <qty>2</qty>
          <unit>cups</unit></amt>
        <item>Cake flour</item></ing>
      <ing>
        <amt>
          <qty>1</qty>
          <unit>teaspoon</unit></amt>
        <item>Vanilla extract</item></ing>
      <ing>
        <amt>
          <qty>1</qty>
          <unit>teaspoon</unit></amt>
        <item>Baking soda</item></ing>
      <ing>
        <amt>
          <qty>1</qty>
          <unit>teaspoon</unit></amt>
        <item>Vinegar</item></ing>
      <ing>
        <amt>
          <qty>3/4</qty>
          <unit>teaspoons</unit></amt>
        <item>Almond extract (opt.)</item></ing></ingredients>
    <directions>
      <step>  Preheat oven to 350 F. Cream shortening and sugar; blend in eggs, one at a
  time. Make a paste of red food coloring and cocoa. Add to creamed mixture.
  Add buttermilk and salt alternately with the flour. Stir in vanilla. Add
  baking soda, vinegar and almond extract. Divide batter between 2 (10-inch)
  round, ungreased layer pans and bake 30 minutes. Cool. FROSTING: Cook
  together: 4 1/2 Tbs. flour and 1 cup milk over medium heat, stirring
  constantly to avoid lumps. Cool. IN separate bowl cream 1 cup sugar, 1 cup
  butter and 1 tsp. vanilla until lightly fluffy. Blend creamed mixture and
  cooled cooked mixture together, mixing until fluffy.
  
  Posted to Bakery-Shoppe Digest V1 #192 by "William &amp; Evelyn Hall"
  &lt;wchall@nevia.net&gt; on Aug 16, 1997
 
</step></directions></recipe></recipeml>
