<?xml version="1.0" encoding="UTF-8"?>

<recipeml version="0.5">
  <recipe>
    <head>
      <title>Waldorf Chicken</title>
      <categories>
        <cat>Poultry</cat>
        <cat>Salads</cat></categories>
      <yield>1</yield></head>
    <ingredients>
      <ing>
        <amt>
          <qty>6</qty>
          <unit>small</unit></amt>
        <item>Chicken breast halves (about 3 pounds), boned and skinned</item></ing>
      <ing>
        <amt>
          <qty>1</qty>
          <unit>cup</unit></amt>
        <item>Unsweetened apple juice</item></ing>
      <ing>
        <amt>
          <qty>1</qty>
          <unit>tablespoon</unit></amt>
        <item>Lemon juice</item></ing>
      <ing>
        <amt>
          <qty>1/4</qty>
          <unit>teaspoons</unit></amt>
        <item>Salt</item></ing>
      <ing>
        <amt>
          <qty>1/4</qty>
          <unit>teaspoons</unit></amt>
        <item>Ground ginger</item></ing>
      <ing>
        <amt>
          <qty>1</qty>
          <unit>tablespoon</unit></amt>
        <item>Cornstarch</item></ing>
      <ing>
        <amt>
          <qty>2</qty>
          <unit>cups</unit></amt>
        <item>Coarsely chopped unpared red apples (about 2 medium)</item></ing>
      <ing>
        <amt>
          <qty>1</qty>
          <unit>cup</unit></amt>
        <item>Diagonal slices celery (about 2 medium stalks)</item></ing>
      <ing>
        <amt>
          <qty>3</qty>
          <unit>tablespoons</unit></amt>
        <item>Raisins</item></ing>
      <ing>
        <amt>
          <qty>1</qty>
          <unit>tablespoon</unit></amt>
        <item>Sliced green onion (with top)</item></ing></ingredients>
    <directions>
      <step>  Remove excess fat from chicken. Place chicken, I/2 cup of the apple juice,
  the lemon juice, salt and ginger in 10 inch nonstick skillet. Heat to
  boiling; reduce heat. Cover and simmer about 20 minutes or until chicken is
  done. Remove chicken; keep warm.
  
  Mix remaining apple juice and the cornstarch, add to hot liquid. Heat to
  boiling, stirring constantly. Boil and stir 1 minute. Stir in remaining
  ingredients; heat through. For each serving, diagonally slice chicken.
  Arrange on plate, overlapping slices.  Top with sauce.
  
        6    servings.
  
  Warm Chicken Waldorf Salad: Arrange sliced chicken on salad greens. Top
  with sauce.
  
  Nutrition information Per serving 1 serving Percent of U.S. RDA Calories
  :  240     Protein so% Protein, 9 33 Vitamin A 2% Carbohydrate, 9 18
  vitamin c
  : 2% Fat, 9 4 Thiamin 4% Cholesterol, mg 85 Riboflavin 8% Sodium, mg 180
  Niacin  48% Potassium, mg 400 Calcium 2% Iron 6% From the files of Al Rice,
  North Pole Alaska. Feb 1994
  
  From Gemini's MASSIVE MealMaster collection at www.synapse.com/~gemini
 
</step></directions></recipe></recipeml>
