<?xml version="1.0" encoding="UTF-8"?>

<recipeml version="0.5">
  <recipe>
    <head>
      <title>Waldorf Style Salad-Weight Watchers</title>
      <categories>
        <cat>Salad</cat></categories>
      <yield>4</yield></head>
    <ingredients>
      <ing>
        <amt>
          <qty>2</qty>
          <unit>tablespoons</unit></amt>
        <item>Lemon juice</item></ing>
      <ing>
        <amt>
          <qty>2</qty>
          <unit>small</unit></amt>
        <item>Red Delicious apples</item></ing>
      <ing>
        <amt>
          <qty>1</qty>
          <unit>cup</unit></amt>
        <item>Celery; diced</item></ing>
      <ing>
        <amt>
          <qty>1/4</qty>
          <unit>cups</unit></amt>
        <item>Dark raisins</item></ing>
      <ing>
        <amt>
          <qty>2 1/2</qty>
          <unit>tablespoons</unit></amt>
        <item>Reduced-calorie mayonnaise</item></ing>
      <ing>
        <amt>
          <qty>4</qty>
          <unit/></amt>
        <item>Romaine lettuce leaves</item></ing>
      <ing>
        <amt>
          <qty>1 1/2</qty>
          <unit>tablespoons</unit></amt>
        <item>Sunflower seeds</item></ing></ingredients>
    <directions>
      <step>  From: Wendy Lockman &lt;wlockman@ra1.randomc.com&gt;
  
  Date: Fri, 12 Apr 1996 18:06:10 -0400
  
  In small mixing bowl sprinkle lemon juice over apples which have been cored
  and diced. Toss lightly to combine and add celery, raisins, and mayo. Mix
  until thoroughly coated. Cover with plaxtic wrap and refrigerate for at
  least 30 minutes. To serve, line 4 salad plates with lettuce leaf; top each
  with an equal amount of apple mixture and sprinkle each with 1 t. sunflower
  seeds.
  
  MC-RECIPE@MASTERCOOK.COM
  
  MASTERCOOK RECIPES LIST SERVER
  
  MC-RECIPE DIGEST V1 #41
  
  From the MasterCook recipe list.  Downloaded from Glen's MM Recipe Archive,
  http://www.erols.com/hosey.
 
</step></directions></recipe></recipeml>
