<?xml version="1.0" encoding="UTF-8"?>

<recipeml version="0.5">
  <recipe>
    <head>
      <title>Waldorf Shrimp and Spinach Salad</title>
      <categories>
        <cat>Sandwiches</cat></categories>
      <yield>4</yield></head>
    <ingredients>
      <ing>
        <amt>
          <qty>2</qty>
          <unit>tablespoons</unit></amt>
        <item>Nonfat buttermilk</item></ing>
      <ing>
        <amt>
          <qty>2</qty>
          <unit>tablespoons</unit></amt>
        <item>Walnut oil</item></ing>
      <ing>
        <amt>
          <qty>1</qty>
          <unit/></amt>
        <item>Lemon; juice and zest of</item></ing>
      <ing>
        <amt>
          <qty>1</qty>
          <unit/></amt>
        <item>Salt and pepper to taste</item></ing>
      <ing>
        <amt>
          <qty>10</qty>
          <unit>ounces</unit></amt>
        <item>Spinach leaves; cleaned</item></ing>
      <ing>
        <amt>
          <qty>3/4</qty>
          <unit>pounds</unit></amt>
        <item>Medium shrimp; poached</item></ing>
      <ing>
        <amt>
          <qty>1/2</qty>
          <unit/></amt>
        <item>Red onion; diced</item></ing>
      <ing>
        <amt>
          <qty>3</qty>
          <unit/></amt>
        <item>Fennel ribs; thinly sliced</item></ing>
      <ing>
        <amt>
          <qty>1</qty>
          <unit/></amt>
        <item>Granny smith apple; peel/dice</item></ing>
      <ing>
        <amt>
          <qty>1/4</qty>
          <unit>pounds</unit></amt>
        <item>Smoked turkey breast; diced</item></ing>
      <ing>
        <amt>
          <qty>1/3</qty>
          <unit>cups</unit></amt>
        <item>Walnut pieces</item></ing>
      <ing>
        <amt>
          <qty>1/4</qty>
          <unit>cups</unit></amt>
        <item>Parsley; chopped</item></ing></ingredients>
    <directions>
      <step>  Whisk nonfat buttermilk and walnut oil, the juice and finely grated zest of
  1 lemon, salt and pepper to taste. Toss with cleaned spinach leaves,
  poached and clean medium shrimps; half of a diced red onion; thinly sliced
  fennel ribs; Granny Smith apple; peeled, seeded and diced, diced smoked
  turkey breast, walnut pieces and flat parsley leaves. Serves 4
  Posted to TNT - Prodigy's Recipe Exchange Newsletter  by ConnieJo
  &lt;clonnie@eaze.net&gt; on Dec 23, 1997
 
</step></directions></recipe></recipeml>
