<?xml version="1.0" encoding="UTF-8"?>

<recipeml version="0.5">
  <recipe>
    <head>
      <title>Waldine's Turkey Sausage Gumbo</title>
      <categories>
        <cat>Soups</cat>
        <cat>Poultry</cat>
        <cat>Meats</cat>
        <cat>Cajun</cat></categories>
      <yield>1</yield></head>
    <ingredients>
      <ing-div>
        <title>WALDINE VAN GEFFEN VGHC42A</title>
        <ing>
          <amt>
            <qty>1</qty>
            <unit>large</unit></amt>
          <item>Onion; Chop</item></ing>
        <ing>
          <amt>
            <qty>1/2</qty>
            <unit>bunches</unit></amt>
          <item>Green Onions; Chop</item></ing>
        <ing>
          <amt>
            <qty>3</qty>
            <unit/></amt>
          <item>Ribs Celery; Chop</item></ing>
        <ing>
          <amt>
            <qty>1</qty>
            <unit>large</unit></amt>
          <item>Green Pepper; Chop</item></ing>
        <ing>
          <amt>
            <qty>1</qty>
            <unit>tablespoon</unit></amt>
          <item>Garlic; mince, or more</item></ing>
        <ing>
          <amt>
            <qty>1/2</qty>
            <unit>cups</unit></amt>
          <item>Oil</item></ing>
        <ing>
          <amt>
            <qty>1/2</qty>
            <unit>cups</unit></amt>
          <item>Flour for Roux</item></ing>
        <ing>
          <amt>
            <qty/>
            <unit/></amt>
          <item>Turkey Carcass and Bones (Leave some meat on when carving)</item></ing>
        <ing>
          <amt>
            <qty>1</qty>
            <unit>pound</unit></amt>
          <item>Smoked or Andouille Sausage; 1" Slices</item></ing>
        <ing>
          <amt>
            <qty/>
            <unit/></amt>
          <item>Left-over Gravy if you have</item></ing>
        <ing>
          <amt>
            <qty>2</qty>
            <unit>dashes</unit></amt>
          <item>Creole Seasoning</item></ing>
        <ing>
          <amt>
            <qty>1</qty>
            <unit>dash</unit></amt>
          <item>Poultry Seasoning, Thyme and Basil</item></ing></ing-div></ingredients>
    <directions>
      <step>  In a large pot, cook flour in the oil, stirring until browned. Do not burn.
  Add veggies and saute until transparent. Throw in carcass, bones, left-over
  morsels of turkey, sausage, gravy, neck and giblets (I use these in my
  gravy and remove them to save for the gumbo), herbs, salt and pepper to
  taste.  Cook until all meat falls off the bones. Cool. Pick bones out of
  gumbo. Let sit in the fridge and skim off excess fat. Add fresh parsley
  This is my favorite leftover from Thanksgiving. NOTE-I have since changed
  this recipe to avoid using all the oil. I saute the veggies in a little
  broth until tender. Then add the carcass, etc. When cooked, thicken with
  Instant flour or a mixture of cornstarch/water. Serve over rice and pass
  the file' MM Waldine Van Geffen vghc42a@prodigy.com.
  
  Posted to TNT - Prodigy's Recipe Exchange Newsletter  by
  VGHC42A@prodigy.com (MRS WALDINE R VAN GEFFEN) on Aug 25, 1997
 
</step></directions></recipe></recipeml>
