<?xml version="1.0" encoding="UTF-8"?>

<recipeml version="0.5">
  <recipe>
    <head>
      <title>Waldorf Salad</title>
      <categories>
        <cat/></categories>
      <yield>100</yield></head>
    <ingredients>
      <ing>
        <amt>
          <qty>7/8</qty>
          <unit>cups</unit></amt>
        <item>WATER; WARM</item></ing>
      <ing>
        <amt>
          <qty>3</qty>
          <unit>tablespoons</unit></amt>
        <item>MILK; DRY NON-FAT L HEAT</item></ing>
      <ing>
        <amt>
          <qty>9</qty>
          <unit>pounds</unit></amt>
        <item>APPLE FRESH</item></ing>
      <ing>
        <amt>
          <qty>4</qty>
          <unit>pounds</unit></amt>
        <item>CELERY FRESH</item></ing>
      <ing>
        <amt>
          <qty>1/2</qty>
          <unit>cups</unit></amt>
        <item>LEMON FRESH</item></ing>
      <ing>
        <amt>
          <qty>4</qty>
          <unit>pounds</unit></amt>
        <item>LETTUCE FRESH</item></ing>
      <ing>
        <amt>
          <qty>1</qty>
          <unit>pound</unit></amt>
        <item>NUTS MIX SHELL #10</item></ing>
      <ing>
        <amt>
          <qty>2</qty>
          <unit>ounces</unit></amt>
        <item>SUGAR; GRANULATED 10 LB</item></ing>
      <ing>
        <amt>
          <qty>2 1/2</qty>
          <unit>pounds</unit></amt>
        <item>SALAD DRESSING #2 1/2</item></ing></ingredients>
    <directions>
      <step>  1.  TRIM, WASH, AND PREPARE FRUIT AND VEGETABLE AS DIRECTED ON RECIPE CARD
  M-G-1.
  
  2.  RECONSTITUTE MILK.
  
  3.  COMBINE LEMON JUICE, SUGAR, AND SALAD DRESSING.  ADD TO MILK.  MIX
  WELL.
  
  4.  ADD CELERY, NUTS AND APPLES TO SALAD DRESSING MIXTURE.  TOSS WELL TO
  COAT
  PIECES.
  
  5.  PLACE 1 LETTUCE LEAF ON EACH SERVING DISH; ADD SALAD. COVER;
  REFRIGERATE
  UNTIL READY TO SERVE.
  
  NOTE:  1.  IN STEP 4:  10 LB 10 OZ FRESH EATING APPLES A.P. WILL YIELD 9 LB
  UNPARED, DICED APPLES; 5 LB 8 OZ FRESH CELERY A.P. WILL YIELD 4 LB DICED
  CELERY; 12 OZ LEMONS A.P. (3 LEMONS) WILL YIELD 1/2 CUP JUICE.
  
  NOTE:  2.  IN STEP 5, 4 LB 5 OZ FRESH LETTUCE A.P. WILL YIELD 4 LB TRIMMED
  LETTUCE.
  
  NOTE:  3.  IN STEP 5, 1-NO. 8 SCOOP MAY BE USED.  SEE RECIPE NO. A-4.
  
  Recipe Number: M05000
  
  SERVING SIZE: 1/2 CUP (3
  
  From the &lt;Army Master Recipe Index File&gt; (actually used today!).
  Downloaded from Glen's MM Recipe Archive, http://www.erols.com/hosey.
 
</step></directions></recipe></recipeml>
