<?xml version="1.0" encoding="UTF-8"?>

<recipeml version="0.5">
  <recipe>
    <head>
      <title>Walking Tortillas</title>
      <categories>
        <cat>Appetizer</cat></categories>
      <yield>8</yield></head>
    <ingredients>
      <ing>
        <amt>
          <qty>1</qty>
          <unit>can</unit></amt>
        <item>Refried beans</item></ing>
      <ing>
        <amt>
          <qty>8</qty>
          <unit>ounces</unit></amt>
        <item>Avocado dip</item></ing>
      <ing>
        <amt>
          <qty>8</qty>
          <unit>ounces</unit></amt>
        <item>Sour cream</item></ing>
      <ing>
        <amt>
          <qty>2</qty>
          <unit>ounces</unit></amt>
        <item>Green chiles</item></ing>
      <ing>
        <amt>
          <qty/>
          <unit/></amt>
        <item>Sliced olives</item></ing>
      <ing>
        <amt>
          <qty/>
          <unit/></amt>
        <item>Diced tomatoes</item></ing>
      <ing>
        <amt>
          <qty/>
          <unit/></amt>
        <item>Shredded mild Cheddar cheese</item></ing>
      <ing>
        <amt>
          <qty>Layer</qty>
          <unit>on</unit></amt>
        <item>serving platter in order given above.  To serve, place tortilla</item></ing></ingredients>
    <directions>
      <step>  chips around the edge in an upright position.
  
  From a book of my mother's (Judy Hosey) titled &lt;Senator Richard Matsuura's
  Favorite Recipes&gt;, mostly Japanese and Hawaiian.  Downloaded from Glen's MM
  Recipe Archive, http://www.erols.com/hosey.
 
</step></directions></recipe></recipeml>
