<?xml version="1.0" encoding="UTF-8"?>

<recipeml version="0.5">
  <recipe>
    <head>
      <title>Walkabout Soup</title>
      <categories>
        <cat>Copycat</cat>
        <cat>Soups</cat>
        <cat>Outback</cat></categories>
      <yield>1</yield></head>
    <ingredients>
      <ing>
        <amt>
          <qty>8</qty>
          <unit>cups</unit></amt>
        <item>Water</item></ing>
      <ing>
        <amt>
          <qty>8</qty>
          <unit/></amt>
        <item>Beef bouillon cubes</item></ing>
      <ing>
        <amt>
          <qty>3</qty>
          <unit>medium</unit></amt>
        <item>White onions</item></ing>
      <ing>
        <amt>
          <qty>1</qty>
          <unit>teaspoon</unit></amt>
        <item>Salt</item></ing>
      <ing>
        <amt>
          <qty>1</qty>
          <unit>teaspoon</unit></amt>
        <item>Black pepper</item></ing>
      <ing>
        <amt>
          <qty>3/4</qty>
          <unit>cups</unit></amt>
        <item>All purpose flour</item></ing>
      <ing>
        <amt>
          <qty>1</qty>
          <unit>cup</unit></amt>
        <item>Heavy cream</item></ing>
      <ing>
        <amt>
          <qty>1 1/4</qty>
          <unit>cups</unit></amt>
        <item>Shredded cheddar cheese</item></ing>
      <ing>
        <amt>
          <qty>1/4</qty>
          <unit>cups</unit></amt>
        <item>Shredded monterey jack cheese</item></ing></ingredients>
    <directions>
      <step>  1. Heat water to boiling in a large pan, add bouillon cubes, dissolve.
  
  2. Cut the onions into thin slices, then quarter the slices, add to broth.
  Add salt and pepper.
  
  3. Bring the mixture back to a biol then simmer uncovered for an hour.
  
  4. While stirring, sift flour into soup. After 30 minutes of additional
  simmering add the cream and 1 cup of cheddar cheese, continue to simmer for
  another 10 minutes.
  
  5. Serve the soup hot, sprinkle each serving with remaining cheeses.
  
  Recipe by: Outback Restaurant
  
  Posted to recipelu-digest by RecipeLu &lt;recipelu@geocities.com&gt; on Feb 19,
  1998
 
</step></directions></recipe></recipeml>
