<?xml version="1.0" encoding="UTF-8"?>

<recipeml version="0.5">
  <recipe>
    <head>
      <title>Walk To School Cookies</title>
      <categories>
        <cat>Cookies</cat>
        <cat>Desserts</cat>
        <cat>Favorites</cat></categories>
      <yield>48</yield></head>
    <ingredients>
      <ing>
        <amt>
          <qty>2</qty>
          <unit>cups</unit></amt>
        <item>Softened butter</item></ing>
      <ing>
        <amt>
          <qty>4</qty>
          <unit>cups</unit></amt>
        <item>Flour</item></ing>
      <ing>
        <amt>
          <qty>1</qty>
          <unit>cup</unit></amt>
        <item>Pecans</item></ing>
      <ing>
        <amt>
          <qty>1</qty>
          <unit>cup</unit></amt>
        <item>Sugar</item></ing>
      <ing>
        <amt>
          <qty>1</qty>
          <unit>teaspoon</unit></amt>
        <item>Vanilla</item></ing></ingredients>
    <directions>
      <step>  CREAM TOGETHER BUTTER AND SUGAR.  ADD FLOUR AND VANILLA AND MIX WELL. PAT
  INTO SEVERAL LONG ROLLS AND PLACE IN REFRIGERATOR TO CHILL. SLICE AND BAKE
  ON COOKIE SHEETS IN 325 DEGREE OVEN FOR 10-12 MINUTES. REMOVE FROM OVEN AND
  SPRINKEL WITH POWDERED SUGAR IF DESIRED. (RECIPE COMES FROM PAT PRIEST, A
  "BUNCO BUDDY")
  Posted to MM-Recipes Digest V4 #035 by Connie Robertson
  &lt;clonnie@cyberhighway.net&gt; on Feb 2, 1997.
 
</step></directions></recipe></recipeml>
