<?xml version="1.0" encoding="UTF-8"?>

<recipeml version="0.5">
  <recipe>
    <head>
      <title>Walleye Pike Sandwiches with Cambridge Sauce</title>
      <categories>
        <cat>New imports</cat>
        <cat>Meat - seaf</cat></categories>
      <yield>1</yield></head>
    <ingredients>
      <ing>
        <amt>
          <qty>2</qty>
          <unit/></amt>
        <item>4 ounce piec Walleye Pike</item></ing>
      <ing>
        <amt>
          <qty>1</qty>
          <unit/></amt>
        <item>Egg beaten with 2 tablespoons buttermilk</item></ing>
      <ing>
        <amt>
          <qty/>
          <unit/></amt>
        <item>Vegetable oil for frying</item></ing>
      <ing>
        <amt>
          <qty>3</qty>
          <unit>tablespoons</unit></amt>
        <item>Cornmeal</item></ing>
      <ing>
        <amt>
          <qty>3</qty>
          <unit>tablespoons</unit></amt>
        <item>Flour</item></ing>
      <ing>
        <amt>
          <qty/>
          <unit/></amt>
        <item>Creole spice-recipe included</item></ing>
      <ing>
        <amt>
          <qty>4</qty>
          <unit>slices</unit></amt>
        <item>Pumpernickel bread</item></ing>
      <ing>
        <amt>
          <qty>2</qty>
          <unit/></amt>
        <item>Dill pickle spears</item></ing>
      <ing>
        <amt>
          <qty/>
          <unit/></amt>
        <item>For the Cambridge sauce:</item></ing>
      <ing>
        <amt>
          <qty>1</qty>
          <unit/></amt>
        <item>Hard cooked egg</item></ing>
      <ing>
        <amt>
          <qty>1</qty>
          <unit>can</unit></amt>
        <item>Rinsed and chopped anchovy fillets</item></ing>
      <ing>
        <amt>
          <qty>1</qty>
          <unit>teaspoon</unit></amt>
        <item>Crushed capers</item></ing>
      <ing>
        <amt>
          <qty>1/2</qty>
          <unit>teaspoons</unit></amt>
        <item>Chopped chervil</item></ing>
      <ing>
        <amt>
          <qty>1/2</qty>
          <unit>teaspoons</unit></amt>
        <item>Chopped tarragon</item></ing>
      <ing>
        <amt>
          <qty>1/2</qty>
          <unit>teaspoons</unit></amt>
        <item>Chopped parsley</item></ing>
      <ing>
        <amt>
          <qty>1/2</qty>
          <unit>teaspoons</unit></amt>
        <item>Chopped chives</item></ing>
      <ing>
        <amt>
          <qty>1</qty>
          <unit>teaspoon</unit></amt>
        <item>Dijon mustard</item></ing>
      <ing>
        <amt>
          <qty>1</qty>
          <unit>teaspoon</unit></amt>
        <item>Champagne vinegar</item></ing>
      <ing>
        <amt>
          <qty>1</qty>
          <unit>pinch</unit></amt>
        <item>Cayenne pepper</item></ing>
      <ing>
        <amt>
          <qty>1/2</qty>
          <unit>cups</unit></amt>
        <item>Olive oil</item></ing>
      <ing>
        <amt>
          <qty/>
          <unit/></amt>
        <item>Salt and pepper</item></ing></ingredients>
    <directions>
      <step>  Place the fish fillets in the egg and buttermilk mixture. Now, the
  Cambridge sauce. In a small bowl combine egg, anchovy fillets, capers,
  chopped herbs, Dijon mustard, vinegar, cayenne, and salt and pepper. Stir
  and mash together thoroughly. Then gradually add the oil and incorporate
  completely. You should end up with a mayonnaise type consistency. Place
  vegetable oil in a deep saute pan to come no more than 1/3 up the side of
  the pan. Heat until a deep fat fry thermometer registers 350 degrees.
  Meanwhile, in a shallow bowl combine the flour and cornmeal, and season
  with the Creole spice. Coat the fish fillets with the flour mixture.
  Carefully drop the fish fillets into the saute pan and fry until golden,
  about 8 minutes. Meanwhile, spread the bread slices with a generous coating
  of the Cambridge sauce. Remove the fish from the pan and drain on paper
  towels. Place each piece on a slice of bread and top with another slice.
  Garnish with the pickles.
  
  Yield: 2 serving
  Posted to MC-Recipe Digest V1 #227
  
  Date: Fri, 27 Sep 1996 09:26:19 -0700
  
  From: "Rowaan@ix.netcom.com" &lt;rowaan@ix.netcom.com&gt;
 
</step></directions></recipe></recipeml>
