<?xml version="1.0" encoding="UTF-8"?>

<recipeml version="0.5">
  <recipe>
    <head>
      <title>Walla Walla Onion Potato Salad</title>
      <categories>
        <cat>Salads</cat></categories>
      <yield>10</yield></head>
    <ingredients>
      <ing>
        <amt>
          <qty>3</qty>
          <unit>pounds</unit></amt>
        <item>Red new potatoes; skinned</item></ing>
      <ing>
        <amt>
          <qty>1</qty>
          <unit>large</unit></amt>
        <item>Walla Walla; Vidalia or other mild onion</item></ing>
      <ing>
        <amt>
          <qty>1</qty>
          <unit>cup</unit></amt>
        <item>Sliced celery</item></ing>
      <ing>
        <amt>
          <qty>1</qty>
          <unit>large</unit></amt>
        <item>Golden delicious apple; diced</item></ing>
      <ing>
        <amt>
          <qty>20</qty>
          <unit>large</unit></amt>
        <item>Pimiento stuffed olives; sliced</item></ing>
      <ing>
        <amt>
          <qty>1/3</qty>
          <unit>cups</unit></amt>
        <item>Sweet pickle relish</item></ing>
      <ing>
        <amt>
          <qty>1 1/2</qty>
          <unit>cups</unit></amt>
        <item>Mayonnaise</item></ing>
      <ing>
        <amt>
          <qty>2</qty>
          <unit>teaspoons</unit></amt>
        <item>Dijon mustard</item></ing>
      <ing>
        <amt>
          <qty>2</qty>
          <unit>tablespoons</unit></amt>
        <item>White wine vinegar</item></ing>
      <ing>
        <amt>
          <qty>2</qty>
          <unit>tablespoons</unit></amt>
        <item>Steak sauce</item></ing>
      <ing>
        <amt>
          <qty/>
          <unit/></amt>
        <item>Salt and pepper; to taste</item></ing></ingredients>
    <directions>
      <step>  Boil potatoes until just tender when pierced by a fork. Drain, let cool and
  dice into a large bowl. Cut onions into quarters and slice thin; add to
  potatoes along with celery, apples, olives and pickle. In a small bowl,
  stir mayonnaise, mustard, vinegar and steak sauce. Spoon over potato
  mixture and mix gently. Season with salt and pepper. Cover and refrigerate
  for at least 2 hours or until the next day.
  
  Recipe by: Carole Rock Posted to MC-Recipe Digest V1 #688 by Crane Walden
  &lt;cranew@foothill.net&gt; on Jul 24, 1997
 
</step></directions></recipe></recipeml>
