<?xml version="1.0" encoding="UTF-8"?>

<recipeml version="0.5">
  <recipe>
    <head>
      <title>Walleyes in Red Wine Sauce</title>
      <categories>
        <cat>Seafood</cat></categories>
      <yield>4</yield></head>
    <ingredients>
      <ing>
        <amt>
          <qty/>
          <unit/></amt>
        <item>Salt and fresh pepper</item></ing>
      <ing>
        <amt>
          <qty>1</qty>
          <unit>cup</unit></amt>
        <item>Boiling water</item></ing>
      <ing>
        <amt>
          <qty>4</qty>
          <unit/></amt>
        <item>Walleyes, cleaned</item></ing>
      <ing>
        <amt>
          <qty>2</qty>
          <unit/></amt>
        <item>Bay leaves</item></ing>
      <ing>
        <amt>
          <qty>2</qty>
          <unit>tablespoons</unit></amt>
        <item>Flour for dredging</item></ing>
      <ing>
        <amt>
          <qty>1/2</qty>
          <unit>teaspoons</unit></amt>
        <item>Thyme</item></ing>
      <ing>
        <amt>
          <qty>1</qty>
          <unit/></amt>
        <item>Onion, minced</item></ing>
      <ing>
        <amt>
          <qty>1</qty>
          <unit>tablespoon</unit></amt>
        <item>Tomate pureee</item></ing>
      <ing>
        <amt>
          <qty>6</qty>
          <unit>tablespoons</unit></amt>
        <item>Olive oil</item></ing>
      <ing>
        <amt>
          <qty>2</qty>
          <unit>tablespoons</unit></amt>
        <item>Capers</item></ing>
      <ing>
        <amt>
          <qty>2</qty>
          <unit/></amt>
        <item>Cloves garlic, minced</item></ing>
      <ing>
        <amt>
          <qty>3</qty>
          <unit>tablespoons</unit></amt>
        <item>Chopped parsley</item></ing>
      <ing>
        <amt>
          <qty>1</qty>
          <unit>cup</unit></amt>
        <item>Red wine</item></ing></ingredients>
    <directions>
      <step>  Salt and pepper the fish and dredge in flour.  Shake off excess.
    In a heavy saucepan saute the onion in 2 Tbs. olive oil. When
  translucent, add the garlic and slowly saute another minute. Stir in 2
  tablespoons flour, blend well, and cook, stirring for a minute or two. Off
  heat pour in the wine and boiling water; whisk thoroughly. Return to heat,
  whisking as the sauce thickens. Add bay leaves, thyme, and tomato puree.
  Let simmer while you sear the fish.
    In a pan large enough to hold the 4 walleyes in one layer, heat the
  remaining oil and when hot, but nor smoking, sear the fish quickly on each
  side.
    Now, pour the red wine sauce over the fish.  Bring to a boil, then
  quickly lower the heat.  Cover and let simmer for about 15 minutes.
    Just before serving remove the bay leaves, adjust the seasoning (the
  sauce will probably need salt and pepper), toss the capers in, and sprinkle
  with chopped parsley on top.
  
  From Gemini's MASSIVE MealMaster collection at www.synapse.com/~gemini
 
</step></directions></recipe></recipeml>
