<?xml version="1.0" encoding="UTF-8"?>

<recipeml version="0.5">
  <recipe>
    <head>
      <title>Walnut and Mushroom Roast</title>
      <categories>
        <cat>Main dish</cat>
        <cat>Vegetarian</cat>
        <cat>Vegan</cat></categories>
      <yield>1</yield></head>
    <ingredients>
      <ing-div>
        <title/>
        <ing>
          <amt>
            <qty>1</qty>
            <unit>small</unit></amt>
          <item>Onion</item></ing>
        <ing>
          <amt>
            <qty>1</qty>
            <unit>cup</unit></amt>
          <item>Mushrooms</item></ing>
        <ing>
          <amt>
            <qty>1</qty>
            <unit>tablespoon</unit></amt>
          <item>Vegetable oil</item></ing>
        <ing>
          <amt>
            <qty>1/4</qty>
            <unit>cups</unit></amt>
          <item>Walnuts</item></ing>
        <ing>
          <amt>
            <qty>1/4</qty>
            <unit>cups</unit></amt>
          <item>Sunflower seeds</item></ing>
        <ing>
          <amt>
            <qty>1/3</qty>
            <unit>cups</unit></amt>
          <item>Soymilk</item></ing>
        <ing>
          <amt>
            <qty>1</qty>
            <unit>cup</unit></amt>
          <item>Whole wheat breadcrumbs</item></ing>
        <ing>
          <amt>
            <qty>1/8</qty>
            <unit>teaspoons</unit></amt>
          <item>Sage</item></ing>
        <ing>
          <amt>
            <qty>1/4</qty>
            <unit>teaspoons</unit></amt>
          <item>Sweet basil</item></ing>
        <ing>
          <amt>
            <qty/>
            <unit/></amt>
          <item>Sea salt; to taste</item></ing></ing-div>
      <ing-div>
        <title>CREAMY GRAVY</title>
        <ing>
          <amt>
            <qty>1/8</qty>
            <unit>cups</unit></amt>
          <item>Rolled oats</item></ing>
        <ing>
          <amt>
            <qty>1/3</qty>
            <unit>cups</unit></amt>
          <item>Warm water</item></ing>
        <ing>
          <amt>
            <qty>1</qty>
            <unit>teaspoon</unit></amt>
          <item>Vegetable oil</item></ing>
        <ing>
          <amt>
            <qty>1/2</qty>
            <unit>teaspoons</unit></amt>
          <item>Yeast extract (or more to taste)</item></ing></ing-div></ingredients>
    <directions>
      <step>  Chop the onion and mushrooms finely.  Saute over low heat in the oil for
  about 3 minutes, until tenderized.
  
  Chop the walnuts coarsely.  Grind the sunflower seeds finely.
  
  Add all the rest of the ingredients to the onions and mushrooms, and mix
  well.  Transfer to a greased baking dish and bake in a 350 F (180 C)/ Gas
  Mark 4 oven for about 45 minutes. Serve with Creamy Gravy (see recipe
  below) if desired and seasonal vegetables.
  
  CREAMY GRAVY:  Put the oats, water and oil in a liquidizer and blend
  thoroughly.  Pour the mixture into a small saucepan and heat gently,
  stirring constantly until it has thickened. Stir in the yeast extract. If
  the mixture is too thick add a little more water. (N.B. This can be made
  earlier and reheated when serving the roast.)
  
  From: The Single Vegan - by Leah Leneman Typed for you by Karen Mintzias
  
  From Gemini's MASSIVE MealMaster collection at www.synapse.com/~gemini
 
</step></directions></recipe></recipeml>
