<?xml version="1.0" encoding="UTF-8"?>

<recipeml version="0.5">
  <recipe>
    <head>
      <title>Walnut Cheddar Muffins "Chez Susan"</title>
      <categories>
        <cat>Muffins</cat>
        <cat>Breads</cat></categories>
      <yield>24</yield></head>
    <ingredients>
      <ing>
        <amt>
          <qty>3/4</qty>
          <unit>cups</unit></amt>
        <item>All purpose flour</item></ing>
      <ing>
        <amt>
          <qty>3/4</qty>
          <unit>cups</unit></amt>
        <item>Whole wheat flour</item></ing>
      <ing>
        <amt>
          <qty>1</qty>
          <unit>tablespoon</unit></amt>
        <item>Baking powder</item></ing>
      <ing>
        <amt>
          <qty>1/4</qty>
          <unit>teaspoons</unit></amt>
        <item>Salt</item></ing>
      <ing>
        <amt>
          <qty>2</qty>
          <unit>teaspoons</unit></amt>
        <item>Dried thyme, crumbled</item></ing>
      <ing>
        <amt>
          <qty>1</qty>
          <unit>cup</unit></amt>
        <item>Chopped walnuts</item></ing>
      <ing>
        <amt>
          <qty>3/4</qty>
          <unit>cups</unit></amt>
        <item>Grated extra sharp white cheddar</item></ing>
      <ing>
        <amt>
          <qty>3/4</qty>
          <unit>cups</unit></amt>
        <item>Buttermilk (shake well)</item></ing>
      <ing>
        <amt>
          <qty>1/4</qty>
          <unit>cups</unit></amt>
        <item>Walnut oil</item></ing>
      <ing>
        <amt>
          <qty>2</qty>
          <unit>large</unit></amt>
        <item>Eggs, beaten lightly</item></ing>
      <ing>
        <amt>
          <qty>2</qty>
          <unit>tablespoons</unit></amt>
        <item>Honey</item></ing>
      <ing>
        <amt>
          <qty>1/4</qty>
          <unit>teaspoons</unit></amt>
        <item>Tabasco</item></ing></ingredients>
    <directions>
      <step>  Preheat oven to 400 degrees and butter twelve 1/4 cup muffin tins.
  
  In a large bowl whisk together flours, baking powder, salt and thyme. Stir
  in walnuts and cheddar until combined well. In a bowl whisk together
  remaining ingredients and add to flour mixture, stirring just until
  combined (do not overmix).
  
  Divide batter among muffin tins and bake in middle of oven for 15 minutes
  or until golden and a tester comes out clean. Cool muffins in tins on a
  rack 10 minutes and turn out onto rack.
  
  From the November 1996 Gourmet Magazine
  
  Formatted on February 3, 1997 by Jamie Calton
  Posted to MM-Recipes Digest  by "Robert Ellis" &lt;rpearson@snowcrest.net&gt; on
  Mar 10, 1998
 
</step></directions></recipe></recipeml>
