<?xml version="1.0" encoding="UTF-8"?>

<recipeml version="0.5">
  <recipe>
    <head>
      <title>Walnut-Grapefruit Salad with Yellow Chilies</title>
      <categories>
        <cat>Salads</cat></categories>
      <yield>4</yield></head>
    <ingredients>
      <ing>
        <amt>
          <qty/>
          <unit/></amt>
        <item>Stephen Ceideburg</item></ing>
      <ing>
        <amt>
          <qty>2</qty>
          <unit/></amt>
        <item>Grapefruit, peeled and white pith removed</item></ing>
      <ing>
        <amt>
          <qty>2</qty>
          <unit/></amt>
        <item>Oranges, peeled and white pith removed</item></ing>
      <ing>
        <amt>
          <qty>1</qty>
          <unit>cup</unit></amt>
        <item>Peeled, diced jicama</item></ing>
      <ing>
        <amt>
          <qty>4</qty>
          <unit/></amt>
        <item>Yellow wax hot chilies, sliced in thin rings</item></ing>
      <ing>
        <amt>
          <qty>1</qty>
          <unit>tablespoon</unit></amt>
        <item>Walnut or vegetable oil</item></ing>
      <ing>
        <amt>
          <qty>1</qty>
          <unit>tablespoon</unit></amt>
        <item>Balsamic vinegar</item></ing>
      <ing>
        <amt>
          <qty>1</qty>
          <unit>tablespoon</unit></amt>
        <item>Fresh lime juice</item></ing>
      <ing>
        <amt>
          <qty>1</qty>
          <unit>tablespoon</unit></amt>
        <item>Chopped fresh parsley</item></ing>
      <ing>
        <amt>
          <qty>2</qty>
          <unit>teaspoons</unit></amt>
        <item>Sugar</item></ing>
      <ing>
        <amt>
          <qty>2</qty>
          <unit>tablespoons</unit></amt>
        <item>Chopped walnuts (optional)</item></ing></ingredients>
    <directions>
      <step>  Chilies and citrus fruits combine in a powerful combination of vitamin C
  and flavor. This salad complements fish and poultry especially well.
  Jicama, a crunchy, mild flavored tuber, is available at Latin markets and
  in many supermarkets.
  
  Cut fruit sections away from their surrounding membranes into a bowl. Add
  jicama, chilies, oil, vinegar, lime juice, parsley and sugar and toss to
  coat. Let salad stand at room temperature for 1 hour. (The salad can be
  made ahead to this point and refrigerated overnight.)
  
  Just before serving, sprinkle the salad with walnuts.
  
  144 CALORIES PER SERVING: 3 G PROTEIN, 4 G FAT, 29 G CARBO- HYDRATE; 5 MG
  SODIUM; 0 MG CHOLESTEROL.
  
  Posted by Stephen Ceideburg
  
  From Gemini's MASSIVE MealMaster collection at www.synapse.com/~gemini
 
</step></directions></recipe></recipeml>
