<?xml version="1.0" encoding="UTF-8"?>

<recipeml version="0.5">
  <recipe>
    <head>
      <title>Walnut and Herb Crusted Chicken</title>
      <categories>
        <cat>B</cat>
        <cat>N</cat></categories>
      <yield>1</yield></head>
    <ingredients>
      <ing>
        <amt>
          <qty>3/4</qty>
          <unit>cups</unit></amt>
        <item>Finely chopped diamond walnuts</item></ing>
      <ing>
        <amt>
          <qty>1/4</qty>
          <unit>cups</unit></amt>
        <item>Plain bread crumbs</item></ing>
      <ing>
        <amt>
          <qty>1 1/2</qty>
          <unit>teaspoons</unit></amt>
        <item>Dried basil leaves</item></ing>
      <ing>
        <amt>
          <qty>3/4</qty>
          <unit>teaspoons</unit></amt>
        <item>Dried rosemary leaves</item></ing>
      <ing>
        <amt>
          <qty>2</qty>
          <unit>tablespoons</unit></amt>
        <item>Flour</item></ing>
      <ing>
        <amt>
          <qty>1/2</qty>
          <unit>teaspoons</unit></amt>
        <item>Salt</item></ing>
      <ing>
        <amt>
          <qty>1</qty>
          <unit/></amt>
        <item>Egg or egg white</item></ing>
      <ing>
        <amt>
          <qty>2 1/2</qty>
          <unit>pounds</unit></amt>
        <item>Chicken pieces; (skin removed)</item></ing></ingredients>
    <directions>
      <step>  In a shallow dish, combine walnuts, bread crumbs, basil, rosemary, flour,
  and salt. In a second shallow dish, lightly beat egg. Roll chicken in egg,
  then in walnut mixture. Place on baking sheet.
  
  Bake 40-45 minutes at 350° F. until crust is browned and juices run clear
  when pierced with a fork.
  
  Makes 4 servings.
  Posted to brand-name-recipes by Beach Princess&lt;barbra@pipeline.com&gt; on Jan
  24, 1998
 
</step></directions></recipe></recipeml>
