<?xml version="1.0" encoding="UTF-8"?>

<recipeml version="0.5">
  <recipe>
    <head>
      <title>Walnut Bread (July,1997) in the Food Proceessor</title>
      <categories>
        <cat>Breads</cat></categories>
      <yield>1</yield></head>
    <ingredients>
      <ing>
        <amt>
          <qty>2</qty>
          <unit>cups</unit></amt>
        <item>Flour</item></ing>
      <ing>
        <amt>
          <qty>2 1/2</qty>
          <unit>cups</unit></amt>
        <item>Whole wheat flour</item></ing>
      <ing>
        <amt>
          <qty>2</qty>
          <unit>teaspoons</unit></amt>
        <item>Yeast</item></ing>
      <ing>
        <amt>
          <qty>1 1/2</qty>
          <unit>cups</unit></amt>
        <item>Water</item></ing>
      <ing>
        <amt>
          <qty>2</qty>
          <unit>tablespoons</unit></amt>
        <item>Powdered milk</item></ing>
      <ing>
        <amt>
          <qty>1/4</qty>
          <unit>cups</unit></amt>
        <item>Chopped walnuts</item></ing>
      <ing>
        <amt>
          <qty>2</qty>
          <unit>tablespoons</unit></amt>
        <item>Dark brown sugar</item></ing>
      <ing>
        <amt>
          <qty>1</qty>
          <unit>tablespoon</unit></amt>
        <item>Honey</item></ing>
      <ing>
        <amt>
          <qty>2</qty>
          <unit>tablespoons</unit></amt>
        <item>Oil</item></ing>
      <ing>
        <amt>
          <qty>2</qty>
          <unit>teaspoons</unit></amt>
        <item>Salt</item></ing></ingredients>
    <directions>
      <step>  1. Dissolve yeast in water and flour. Let stand 10 minutes. ( in bowl of
  food processor).
  
  2. Add brown sugar, honey, milk, salt and whole wheat and process until it
  forms a ball. Add walnuts and process just to blend. ( use the plastic
  blade)
  
  3. Turn dough onto a working surface and knead 5 minutes.
  
  4. Place dough into an oiled bow, cover with plastic or cloth and let rise
  in a warm place ( oven, off) for 1 hour.
  
  5. Knead dough to expel air and place it in a loaf pan. Let stand covered
      1/2    hour.
  
  6. Bake in 450 ( pre heated) oven for 30 minutes. Turn down to 350 bake 10
  minutes.
  
  NOTES : I was able to make this bread thanks to all the people on the web
  who sent me recipes..
  Recipe by: Miriam Podcameni Posvolsky Posted to Digest
  bread-bakers.v097.n054 by Leon &amp; Miriam Posvolsky &lt;miriamp@pobox.com&gt; on
  Aug 25, 1997
 
</step></directions></recipe></recipeml>
