<?xml version="1.0" encoding="UTF-8"?>

<recipeml version="0.5">
  <recipe>
    <head>
      <title>Walnut Chicken with Raspberry-Lime Sauce</title>
      <categories>
        <cat>Poultry</cat>
        <cat>1994 dccc</cat>
        <cat>Finalist</cat></categories>
      <yield>4</yield></head>
    <ingredients>
      <ing>
        <amt>
          <qty>4</qty>
          <unit/></amt>
        <item>Breasts, chicken, halves, broiler/fryer, boned, skinned</item></ing>
      <ing>
        <amt>
          <qty>1 1/3</qty>
          <unit>cups</unit></amt>
        <item>Walnuts, ground</item></ing>
      <ing>
        <amt>
          <qty>1/4</qty>
          <unit>teaspoons</unit></amt>
        <item>Garlic, powder</item></ing>
      <ing>
        <amt>
          <qty>1/2</qty>
          <unit>teaspoons</unit></amt>
        <item>Salt</item></ing>
      <ing>
        <amt>
          <qty>1/4</qty>
          <unit>teaspoons</unit></amt>
        <item>Pepper</item></ing>
      <ing>
        <amt>
          <qty>1</qty>
          <unit>large</unit></amt>
        <item>Egg, beaten</item></ing>
      <ing>
        <amt>
          <qty>3</qty>
          <unit>tablespoons</unit></amt>
        <item>Oil, olive, divided</item></ing>
      <ing>
        <amt>
          <qty>1/3</qty>
          <unit>cups</unit></amt>
        <item>Onion, green, whole, sliced</item></ing>
      <ing>
        <amt>
          <qty>1/2</qty>
          <unit>cups</unit></amt>
        <item>Sherry, cooking</item></ing>
      <ing>
        <amt>
          <qty>1/2</qty>
          <unit>cups</unit></amt>
        <item>Jam, raspberry, seedless</item></ing>
      <ing>
        <amt>
          <qty>1/4</qty>
          <unit>cups</unit></amt>
        <item>Juice, lime</item></ing>
      <ing>
        <amt>
          <qty>1/2</qty>
          <unit>teaspoons</unit></amt>
        <item>Coriander</item></ing></ingredients>
    <directions>
      <step>       In a shallow dish, mix the walnuts, garlic powder, salt and
  pepper well.
  
       In second shallow dish, place the beaten egg.  Dip the chicken,
  (one piece at a time) first in the beaten egg, then in the walnut
  mixture, turning to coat.
  
       In a saute pan, place two tablespoons of oil and heat over medium
  flame.  Add chicken and cook, turning, about 10 minutes or until
  chicken is brown on all sides and fork tender.
  
       Remove chicken; set aside and keep warm.
  
       To the same saute pan, add the remaining tablespoon of oil, any
  remaining walnut mixture, and onion; cook for 2 minutes, stirring
  constantly.
  
       Add sherry, jam, lime juice, and coriander.  Heat to boiling and
  cook, stirring constantly, 3 minutes or until thick.
  
       Spoon sauce over chicken.
  
       Cook:  Melissa G.A. Gilbert, Frederick, Maryland
  
       Source: "Chicken Cookery"  - 1994 Delmarva Chicken Cooking Contest
       :       Delmarva Poultry Industries, Inc.
       :       Georgetown, Delaware, 19947-9622
  
  File: ftp://ftp.idiscover.co.uk/pub/food/mealmaster/recipes/94-dccc.zip
 
</step></directions></recipe></recipeml>
