<?xml version="1.0" encoding="UTF-8"?>

<recipeml version="0.5">
  <recipe>
    <head>
      <title>Walnut and Roquefort Salad</title>
      <categories>
        <cat>Salads</cat>
        <cat>Cheese</cat>
        <cat>Appetizers</cat></categories>
      <yield>4</yield></head>
    <ingredients>
      <ing>
        <amt>
          <qty>3</qty>
          <unit>ounces</unit></amt>
        <item>Walnut halves</item></ing>
      <ing>
        <amt>
          <qty>2</qty>
          <unit>tablespoons</unit></amt>
        <item>To 3T white wine vinegar</item></ing>
      <ing>
        <amt>
          <qty>1/2</qty>
          <unit>teaspoons</unit></amt>
        <item>Freshly ground pepper</item></ing>
      <ing>
        <amt>
          <qty>1/4</qty>
          <unit>teaspoons</unit></amt>
        <item>Salt</item></ing>
      <ing>
        <amt>
          <qty>7</qty>
          <unit>tablespoons</unit></amt>
        <item>Olive oil</item></ing>
      <ing>
        <amt>
          <qty>1</qty>
          <unit>medium</unit></amt>
        <item>Head romaine, cleaned, torn into large pieces</item></ing>
      <ing>
        <amt>
          <qty>1/2</qty>
          <unit/></amt>
        <item>Head chicory, cleaned, torn into large pieces</item></ing>
      <ing>
        <amt>
          <qty>1</qty>
          <unit/></amt>
        <item>Avocado, peeled, pitted, sliced lengthwise, dipped in lemon juice</item></ing>
      <ing>
        <amt>
          <qty>1</qty>
          <unit/></amt>
        <item>Bunch scallions with tops, trimmed, chopped</item></ing>
      <ing>
        <amt>
          <qty>4</qty>
          <unit>ounces</unit></amt>
        <item>Roquefort cheese, crumbled (about 3/4 cup)</item></ing></ingredients>
    <directions>
      <step>  1.  Toast walnuts in heavy skillet over medium heat, stirring frequently,
  until golden, 5 to 8 minutes. Remove from skillet; cool and reserve. 2. Mix
  vinegar, pepper and salt in small bowl. Add oil in thin, steady stream,
  whisking continuously until dressing is smooth and thoroughly mixed. 3.
  Combine romaine, chicory, avocado, scallions, cheese and reserved walnuts
  in large salad bowl.  Pour dressing over salad; toss. Taste and adjust
  seasonings.  Serve immediately.
  
  From Gemini's MASSIVE MealMaster collection at www.synapse.com/~gemini
 
</step></directions></recipe></recipeml>
