<?xml version="1.0" encoding="UTF-8"?>

<recipeml version="0.5">
  <recipe>
    <head>
      <title>Walnut-Crusted Sea Bass with Peach Salsa</title>
      <categories>
        <cat>None</cat></categories>
      <yield>1</yield></head>
    <ingredients>
      <ing>
        <amt>
          <qty>1</qty>
          <unit>pound</unit></amt>
        <item>Sea bass; (any firm white fish) cut into 4-oz servings</item></ing>
      <ing>
        <amt>
          <qty>1</qty>
          <unit>cup</unit></amt>
        <item>Buttermilk</item></ing>
      <ing>
        <amt>
          <qty>1/2</qty>
          <unit>teaspoons</unit></amt>
        <item>Tobasco sauce</item></ing>
      <ing>
        <amt>
          <qty>2</qty>
          <unit>tablespoons</unit></amt>
        <item>Lime juice</item></ing>
      <ing>
        <amt>
          <qty>1/4</qty>
          <unit>teaspoons</unit></amt>
        <item>Salt</item></ing>
      <ing>
        <amt>
          <qty>1</qty>
          <unit>large</unit></amt>
        <item>Shallot; (1/4 cup), finely chopped</item></ing>
      <ing>
        <amt>
          <qty>1</qty>
          <unit>can</unit></amt>
        <item>(4-ounce) diced green chiles</item></ing>
      <ing>
        <amt>
          <qty>2</qty>
          <unit>tablespoons</unit></amt>
        <item>Cilantro; chopped</item></ing>
      <ing>
        <amt>
          <qty>6</qty>
          <unit>large</unit></amt>
        <item>Peaches; peeled and chopped</item></ing>
      <ing>
        <amt>
          <qty>1/2</qty>
          <unit>cups</unit></amt>
        <item>Ground or crushed walnuts</item></ing>
      <ing>
        <amt>
          <qty/>
          <unit/></amt>
        <item>Toasted walnut halves and cilantro</item></ing>
      <ing>
        <amt>
          <qty/>
          <unit/></amt>
        <item>Springs for garnish</item></ing></ingredients>
    <directions>
      <step>  From: Becca &lt;becca@hal-pc.org&gt;
  
  Recipe By : Becca Love (originally published in the Houston Chronicle)
  
  Place fish in a glass baking dish, combing buttermilk and tobasco, pour
  over fish, turning to coat both sides. Cover tightly and refrigerate all
  day, or overnight.
  
  Combine lime juice and salt and stir until disolved; add shallots, chiles
  and cilantro, add peaches and mix well. Set aside.
  
  Preheat oven to 400 (F) degrees. Spray a baking sheet with oil. Put crushed
  walnuts on a plate (or shallow bowl). Remove fish from buttermilk and press
  into walnuts, coating each side evenly. Place coated fish on the baking
  sheet and spray fish lightly with vegetable oil spray.
  
  Bake 12-15 minutes or until golden brown and flakes with a fork. To serve,
  place fish on a plate and arrange salsa around it. Garnish with toasted
  walnut halves and cilantro sprigs, if desired.
  
  Posted to recipelu-digest by jeryder@juno.com on Mar 23, 1998
 
</step></directions></recipe></recipeml>
