<?xml version="1.0" encoding="UTF-8"?>

<recipeml version="0.5">
  <recipe>
    <head>
      <title>Walnut Carrots</title>
      <categories>
        <cat>Carrots</cat></categories>
      <yield>8</yield></head>
    <ingredients>
      <ing>
        <amt>
          <qty>5</qty>
          <unit>cups</unit></amt>
        <item>Sticks or 32 baby carrots</item></ing>
      <ing>
        <amt>
          <qty>1 1/2</qty>
          <unit>cups</unit></amt>
        <item>Water</item></ing>
      <ing>
        <amt>
          <qty>1/2</qty>
          <unit>teaspoons</unit></amt>
        <item>Salt</item></ing>
      <ing>
        <amt>
          <qty>1/2</qty>
          <unit>cups</unit></amt>
        <item>Melted butter</item></ing>
      <ing>
        <amt>
          <qty>2</qty>
          <unit>teaspoons</unit></amt>
        <item>Honey</item></ing>
      <ing>
        <amt>
          <qty>1/2</qty>
          <unit>teaspoons</unit></amt>
        <item>Salt</item></ing>
      <ing>
        <amt>
          <qty>1/4</qty>
          <unit>teaspoons</unit></amt>
        <item>Coarse pepper</item></ing>
      <ing>
        <amt>
          <qty>2</qty>
          <unit>tablespoons</unit></amt>
        <item>Lemon juice</item></ing>
      <ing>
        <amt>
          <qty>1/4</qty>
          <unit>teaspoons</unit></amt>
        <item>Grated lemon peel</item></ing>
      <ing>
        <amt>
          <qty>1/2</qty>
          <unit>cups</unit></amt>
        <item>Coarsely broken walnuts</item></ing></ingredients>
    <directions>
      <step>  Cook carrots in water with 1/2 teaspoon salt added, just until tender.
  Drain well. Meanwhile, heat remaining ingredients except the walnuts. Pour
  this topping over hot carrots. Toss in walnuts. Tootie Note: I use the
  small baby carrots. Put in my Pampered Chief steamer with 3/4 cup water or
  so and steam in microwave till tender and proceed.
  
  Recipe by: Tootie's Special Recipe Collection
  
  Posted to TNT Recipes Digest, Vol 01, Nr 961 by LVFG53A@prodigy.com (MRS
  IRA M DENNIS) on Jan 24, 1998
 
</step></directions></recipe></recipeml>
