<?xml version="1.0" encoding="UTF-8"?>

<recipeml version="0.5">
  <recipe>
    <head>
      <title>Walnut Bourbon Pie</title>
      <categories>
        <cat>Desserts</cat>
        <cat>Pies &amp; past</cat>
        <cat>Recipes con</cat></categories>
      <yield>8</yield></head>
    <ingredients>
      <ing>
        <amt>
          <qty>2</qty>
          <unit>ounces</unit></amt>
        <item>Unsweetened baking chocolate</item></ing>
      <ing>
        <amt>
          <qty>1</qty>
          <unit>cup</unit></amt>
        <item>Granulated sugar</item></ing>
      <ing>
        <amt>
          <qty>1</qty>
          <unit>cup</unit></amt>
        <item>Light corn syrup</item></ing>
      <ing>
        <amt>
          <qty>3</qty>
          <unit>tablespoons</unit></amt>
        <item>Bourbon</item></ing>
      <ing>
        <amt>
          <qty>1/4</qty>
          <unit>cups</unit></amt>
        <item>Butter</item></ing>
      <ing>
        <amt>
          <qty>1</qty>
          <unit>teaspoon</unit></amt>
        <item>Vanilla</item></ing>
      <ing>
        <amt>
          <qty>1</qty>
          <unit>pinch</unit></amt>
        <item>Salt</item></ing>
      <ing>
        <amt>
          <qty>3</qty>
          <unit/></amt>
        <item>Eggs</item></ing>
      <ing>
        <amt>
          <qty>1 1/2</qty>
          <unit>cups</unit></amt>
        <item>Black walnuts</item></ing>
      <ing>
        <amt>
          <qty>1</qty>
          <unit/></amt>
        <item>9-inch pie crust, unbaked</item></ing>
      <ing>
        <amt>
          <qty/>
          <unit/></amt>
        <item>Whipped cream</item></ing></ingredients>
    <directions>
      <step>  Preheat oven to 375 degrees. In a medium saucepan, melt chocolate with
  sugar, corn syrup, bourbon, butter, vanilla, and salt over low heat. Let
  cool; stir in eggs. Place nuts in pie shell (sprinkle evenly over bottom).
  Pour chocolate mixture over nuts. Bake for 15 minutes. Reduce heat to 325
  degrees and bake 35 to 40 minutes longer--the filling will still be a bit
  shaky, but deep golden brown. Let cool to room temperature prior to
  serving. Serve with whipped cream, if desired.
  Posted to MC-Recipe Digest V1 #343
  
  From: Diane Lamere &lt;dlamere@plantnet.com&gt;
  
  Date: Fri, 13 Dec 1996 21:59:10 -0800
 
</step></directions></recipe></recipeml>
