<?xml version="1.0" encoding="UTF-8"?>

<recipeml version="0.5">
  <recipe>
    <head>
      <title>Walnut Apple Cake</title>
      <categories>
        <cat>Desserts</cat></categories>
      <yield>1</yield></head>
    <ingredients>
      <ing-div>
        <title>FOR CAKE</title>
        <ing>
          <amt>
            <qty/>
            <unit/></amt>
          <item>Butter</item></ing>
        <ing>
          <amt>
            <qty>3</qty>
            <unit>cups</unit></amt>
          <item>Sifted all-purpose flour</item></ing>
        <ing>
          <amt>
            <qty/>
            <unit/></amt>
          <item>Plus more to prepare pan</item></ing>
        <ing>
          <amt>
            <qty>4</qty>
            <unit>cups</unit></amt>
          <item>Granny smith apples; thumbnail size pieces</item></ing>
        <ing>
          <amt>
            <qty>2</qty>
            <unit>tablespoons</unit></amt>
          <item>Fresh lemon juice</item></ing>
        <ing>
          <amt>
            <qty>1</qty>
            <unit>cup</unit></amt>
          <item>Granulated sugar</item></ing>
        <ing>
          <amt>
            <qty>1</qty>
            <unit>cup</unit></amt>
          <item>Brown sugar; packed</item></ing>
        <ing>
          <amt>
            <qty>1</qty>
            <unit>teaspoon</unit></amt>
          <item>Baking soda</item></ing>
        <ing>
          <amt>
            <qty>3/4</qty>
            <unit>teaspoons</unit></amt>
          <item>Salt</item></ing>
        <ing>
          <amt>
            <qty>2</qty>
            <unit>teaspoons</unit></amt>
          <item>Ground cinnamon</item></ing>
        <ing>
          <amt>
            <qty>1/4</qty>
            <unit>teaspoons</unit></amt>
          <item>Ground ginger</item></ing>
        <ing>
          <amt>
            <qty>1/4</qty>
            <unit>teaspoons</unit></amt>
          <item>Ground nutmeg</item></ing>
        <ing>
          <amt>
            <qty>2</qty>
            <unit>teaspoons</unit></amt>
          <item>Vanilla</item></ing>
        <ing>
          <amt>
            <qty>1 1/2</qty>
            <unit>cups</unit></amt>
          <item>Vegetable oil</item></ing>
        <ing>
          <amt>
            <qty>3</qty>
            <unit>large</unit></amt>
          <item>Eggs</item></ing>
        <ing>
          <amt>
            <qty>1</qty>
            <unit>cup</unit></amt>
          <item>Walnuts or pecans; chopped, Plus additional Halves, for garnish</item></ing></ing-div>
      <ing-div>
        <title>FOR GLAZE</title>
        <ing>
          <amt>
            <qty>6</qty>
            <unit>tablespoons</unit></amt>
          <item>(3/4 stick) unsalted butter</item></ing>
        <ing>
          <amt>
            <qty>6</qty>
            <unit>tablespoons</unit></amt>
          <item>Granulated sugar</item></ing>
        <ing>
          <amt>
            <qty>6</qty>
            <unit>tablespoons</unit></amt>
          <item>Brown sugar; packed</item></ing>
        <ing>
          <amt>
            <qty>6</qty>
            <unit>tablespoons</unit></amt>
          <item>Heavy cream</item></ing>
        <ing>
          <amt>
            <qty>1</qty>
            <unit>teaspoon</unit></amt>
          <item>Vanilla</item></ing></ing-div></ingredients>
    <directions>
      <step>  Recipe by: St. Louis Post-Dispatch 8/14/95 To prepare cake: Rub butter
  generously on bottom and sides of a Bundt cake pan. Add flour and turn to
  coat all surfaces. Preheat oven to 325 degrees. Combine apples with 2 cups
  water and lemon juice. Set aside. In a large mixing bowl, sift together
  granulated and brown sugars, 3 cups sifted flour, baking soda, salt,
  cinnamon, ginger and nutmeg. Add vanilla, oil and eggs; mix well. Spoon
  soaked apples into batter, so that some of the soaking liquid is included
  for moistness. Fold in nuts. Bake on low oven rack for 1 hour, 15 minutes
  or until a toothpick inserted into the cake comes out clean. Cool cake in
  pan 10 minutes, then turn out onto cake rack. When cake has cooled, prepare
  glaze: In a small saucepan with heavy bottom, combine butter, granulated
  sugar, brown sugar and cream. Cook over medium heat, stirring constantly,
  until slightly thickened, about 3 to 4 minutes. Remove from heat; let cool
  5 minutes. Stir in vanilla. Pour glaze over cake. Garnish as desired with
  nut halves. Yield: 12 to 16 servings. Recipe from: Dotty Griffith, who
  writes for The Dallas Morning News.
  Posted to MC-Recipe Digest V1 #777 by Nancy Berry &lt;nlberry@prodigy.net&gt; on
  Sep 09, 1997
 
</step></directions></recipe></recipeml>
