<?xml version="1.0" encoding="UTF-8"?>

<recipeml version="0.5">
  <recipe>
    <head>
      <title>Walnut-Spice Cake</title>
      <categories>
        <cat>Cakes</cat>
        <cat>Desserts</cat></categories>
      <yield>1</yield></head>
    <ingredients>
      <ing>
        <amt>
          <qty>1/2</qty>
          <unit>cups</unit></amt>
        <item>Butter or margarine</item></ing>
      <ing>
        <amt>
          <qty>1</qty>
          <unit>cup</unit></amt>
        <item>C&amp;H Golden Brown Sugar</item></ing>
      <ing>
        <amt>
          <qty>1/2</qty>
          <unit>cups</unit></amt>
        <item>C&amp;H Granulated Sugar</item></ing>
      <ing>
        <amt>
          <qty>2</qty>
          <unit/></amt>
        <item>Eggs; OR... Whole egg, plus... yolks</item></ing>
      <ing>
        <amt>
          <qty>1 3/4</qty>
          <unit>cups</unit></amt>
        <item>Sifted cake flour</item></ing>
      <ing>
        <amt>
          <qty>1</qty>
          <unit>teaspoon</unit></amt>
        <item>Baking powder</item></ing>
      <ing>
        <amt>
          <qty>1/2</qty>
          <unit>teaspoons</unit></amt>
        <item>Soda</item></ing>
      <ing>
        <amt>
          <qty>1/2</qty>
          <unit>teaspoons</unit></amt>
        <item>Salt</item></ing>
      <ing>
        <amt>
          <qty>1/2</qty>
          <unit>teaspoons</unit></amt>
        <item>Nutmeg</item></ing>
      <ing>
        <amt>
          <qty>1/2</qty>
          <unit>teaspoons</unit></amt>
        <item>Allspice</item></ing>
      <ing>
        <amt>
          <qty>2/3</qty>
          <unit>cups</unit></amt>
        <item>Sour milk</item></ing>
      <ing>
        <amt>
          <qty>3/4</qty>
          <unit>cups</unit></amt>
        <item>Chopped walnuts</item></ing></ingredients>
    <directions>
      <step>  Cream together butter and sugars.  Add eggs one at a time, beating well
  after each addition.  Sift dry ingredients and stir in alternately with
  sour milk.  Blend in nuts.  Spread in greased and floured 13x9x2-inch pan.
  Top the batter with Bake-On-Meringue (see "Special Cake Toppings" recipe)
  and bake at 350 degrees for 35 to 40 minutes, or until cake tests done.
  Or bake cake first, then top with Lazy Daisy Frosting (see "Special Cake
  Toppings")
  
  Reprinted with permission from _Brown Sugar Recipe Bonanza_
  From the C and H Sugar Kitchen
  Electronic format by Karen Mintzias
  
  File ftp://ftp.idiscover.co.uk/pub/food/mealmaster/recipes/c_hsugar.zip
 
</step></directions></recipe></recipeml>
