<?xml version="1.0" encoding="UTF-8"?>

<recipeml version="0.5">
  <recipe>
    <head>
      <title>Walnut and Egg Spread</title>
      <categories>
        <cat>Passover</cat>
        <cat>Eggs</cat>
        <cat>Nuts</cat></categories>
      <yield>1</yield></head>
    <ingredients>
      <ing>
        <amt>
          <qty>4</qty>
          <unit/></amt>
        <item>Eggs, hard boiled</item></ing>
      <ing>
        <amt>
          <qty>1/4</qty>
          <unit>cups</unit></amt>
        <item>Walnuts, chopped fine</item></ing>
      <ing>
        <amt>
          <qty/>
          <unit>dashes</unit></amt>
        <item>Salt</item></ing>
      <ing>
        <amt>
          <qty/>
          <unit>dashes</unit></amt>
        <item>Pepper</item></ing>
      <ing>
        <amt>
          <qty/>
          <unit>dashes</unit></amt>
        <item>Paprika</item></ing>
      <ing>
        <amt>
          <qty/>
          <unit/></amt>
        <item>Mayonnaise</item></ing></ingredients>
    <directions>
      <step>  Chop eggs and nuts until very fine.  Add salt, pepper and paprika to taste.
  Mix. Add enough mayonnaise to hold mixture together. Keep chilled when not
  using.
  
  Source: Torah Prep High School for Girls Passover booklet
  
  Posted to JEWISH-FOOD digest V97 #122 by Tzimmi@aol.com on Apr 16, 1997
 
</step></directions></recipe></recipeml>
