<?xml version="1.0" encoding="UTF-8"?>

<recipeml version="0.5">
  <recipe>
    <head>
      <title>Walnut, Carrot and Beet Salad</title>
      <categories>
        <cat>Cooking liv</cat>
        <cat>Import</cat></categories>
      <yield>1</yield></head>
    <ingredients>
      <ing>
        <amt>
          <qty>1/4</qty>
          <unit>cups</unit></amt>
        <item>Minced shallot</item></ing>
      <ing>
        <amt>
          <qty>1</qty>
          <unit/></amt>
        <item>Garlic clove; minced</item></ing>
      <ing>
        <amt>
          <qty>4</qty>
          <unit>teaspoons</unit></amt>
        <item>Red wine vinegar</item></ing>
      <ing>
        <amt>
          <qty>4</qty>
          <unit>teaspoons</unit></amt>
        <item>Lemon juice</item></ing>
      <ing>
        <amt>
          <qty>1/2</qty>
          <unit>cups</unit></amt>
        <item>Walnut oil plus 2 tablespoons</item></ing>
      <ing>
        <amt>
          <qty>2</qty>
          <unit>tablespoons</unit></amt>
        <item>Finely chopped walnuts</item></ing>
      <ing>
        <amt>
          <qty>3</qty>
          <unit>cups</unit></amt>
        <item>Finely shredded carrots</item></ing>
      <ing>
        <amt>
          <qty>3</qty>
          <unit>cups</unit></amt>
        <item>Finely shredded peeled raw beets, with tops saved and washed</item></ing>
      <ing>
        <amt>
          <qty/>
          <unit/></amt>
        <item>Salt and pepper to taste</item></ing>
      <ing>
        <amt>
          <qty>6</qty>
          <unit>ounces</unit></amt>
        <item>Blue cheese; crumbled</item></ing></ingredients>
    <directions>
      <step>  In a bowl, whisk together the shallot, garlic, red wine vinegar, and lemon
  juice. Add the walnut oil in a slow stream and blend until smooth. Season
  with salt and pepper and mix in the chopped walnuts.
  
  In separate bowls, toss carrots with half the dressing and the beets with
  the remaining half.
  
  Set aside.
  
  In a medium skillet, heat 2 tablespoons of the walnut oil. Quickly saute
  the beet tops until wilted. Divide among four serving plates and top with
  carrot salad and beet salad. Sprinkle with blue cheese and serve
  immediately.
  
  Yield: 4 servings
  
  Recipe by: Cooking Live Show #CL8927 Posted to MC-Recipe Digest V1 #720 by
  "Angele and Jon Freeman" &lt;jfreeman@netusa1.net&gt; on Aug 4, 1997
 
</step></directions></recipe></recipeml>
