<?xml version="1.0" encoding="UTF-8"?>

<recipeml version="0.5">
  <recipe>
    <head>
      <title>Walnut Burgers #1</title>
      <categories>
        <cat>Vegetable</cat></categories>
      <yield>8</yield></head>
    <ingredients>
      <ing>
        <amt>
          <qty>1</qty>
          <unit>package</unit></amt>
        <item>(10.5-oz) more-nu tofu; silken-soft</item></ing>
      <ing>
        <amt>
          <qty>1</qty>
          <unit>cup</unit></amt>
        <item>Walnuts; chopped</item></ing>
      <ing>
        <amt>
          <qty>1/4</qty>
          <unit>cups</unit></amt>
        <item>Sunflower seeds</item></ing>
      <ing>
        <amt>
          <qty>1/4</qty>
          <unit>cups</unit></amt>
        <item>Scallions; chopped</item></ing>
      <ing>
        <amt>
          <qty>2</qty>
          <unit>tablespoons</unit></amt>
        <item>Soy sauce</item></ing>
      <ing>
        <amt>
          <qty>2</qty>
          <unit>tablespoons</unit></amt>
        <item>Nutritional yeast</item></ing>
      <ing>
        <amt>
          <qty>1/2</qty>
          <unit>teaspoons</unit></amt>
        <item>Basil</item></ing>
      <ing>
        <amt>
          <qty>2</qty>
          <unit>cups</unit></amt>
        <item>Pepperidge Farm herb seasoned stuffing</item></ing></ingredients>
    <directions>
      <step>   In a food processor or blender, puree tofu then add rest of ingredients
  except stuffing.  Put stuffing into a bowl and pour tofu mixture over it.
  Mix well.
  
   Form into 8 burger patties and bake on a greased cookie sheet in a 350F
  oven for 25-30 minutes or until golden brown. (Note: These can be grilled
  also!) Serve on a burger bun with your favorite condiments.
  
   NOTE: These can also be formed into 24 meat balls and served with
  spaghetti sauce over pasta.
  
  GARHOW@HPUBMAA.ESR.HP.COM
  
  (GARRY HOWARD)
  
  REC.FOOD.RECIPES
  
  From rec.food.cooking archives.  Downloaded from Glen's MM Recipe Archive,
  http://www.erols.com/hosey.
 
</step></directions></recipe></recipeml>
