<?xml version="1.0" encoding="UTF-8"?>

<recipeml version="0.5">
  <recipe>
    <head>
      <title>Walnut-Pepper Biscotti</title>
      <categories>
        <cat>Cookie</cat></categories>
      <yield>30</yield></head>
    <ingredients>
      <ing>
        <amt>
          <qty>1 3/4</qty>
          <unit>cups</unit></amt>
        <item>Flour</item></ing>
      <ing>
        <amt>
          <qty>1/2</qty>
          <unit>teaspoons</unit></amt>
        <item>Baking soda</item></ing>
      <ing>
        <amt>
          <qty>1/2</qty>
          <unit>teaspoons</unit></amt>
        <item>Baking powder</item></ing>
      <ing>
        <amt>
          <qty>1/8</qty>
          <unit>teaspoons</unit></amt>
        <item>Salt</item></ing>
      <ing>
        <amt>
          <qty>1/2</qty>
          <unit>tablespoons</unit></amt>
        <item>Black pepper</item></ing>
      <ing>
        <amt>
          <qty>1/2</qty>
          <unit>cups</unit></amt>
        <item>Butter</item></ing>
      <ing>
        <amt>
          <qty>1</qty>
          <unit>cup</unit></amt>
        <item>Sugar</item></ing>
      <ing>
        <amt>
          <qty>2</qty>
          <unit/></amt>
        <item>Egg</item></ing>
      <ing>
        <amt>
          <qty>2</qty>
          <unit>teaspoons</unit></amt>
        <item>Orange peel; grated</item></ing>
      <ing>
        <amt>
          <qty>1 1/2</qty>
          <unit>teaspoons</unit></amt>
        <item>Vanilla extract</item></ing>
      <ing>
        <amt>
          <qty>1/4</qty>
          <unit>teaspoons</unit></amt>
        <item>Almond extract</item></ing>
      <ing>
        <amt>
          <qty>1 1/2</qty>
          <unit>cups</unit></amt>
        <item>Walnuts; lightly toasted &amp; chopped</item></ing></ingredients>
    <directions>
      <step>  From: waring@infomail.com (Sam Waring) (COLLECTION)
  
  Date: 12 Apr 1994 15:17:00 -0400
  Sift first 4 ingredients into medium bowl.  Mix in pepper.  Using electric
  mixer, cream butter in another bowl until light.  Gradually add sugar and
  beat until fluffy. Mix in eggs one at a time. Mix in orange peel and
  vanilla and almond extracts. Mix in walnuts. Add dry ingredients and mix
  just until blended. Cover dough with plastic wrap and refrigerate until
  well chilled. (Can be prepared one day ahead.) Preheat oven to 350. Butter
  and flour 2 baking sheets. Divide dough into 3 pieces. Using lightly
  floured hands, roll each piece into 1-1/2 inch diameter log on lightly
  floured surface. Arrange 2 logs on one sheet, spacing 5 inches apart.
  Arrange third log on second sheet. Bake until logs are light brown, about
  20 minutes (logs will spread during baking). Cool slightly on pan. Cut logs
  crosswise on diagonal into 3/4 inch wide slices. Turn cut side down on
  baking sheet.  Bake until golden brown, about 15 minutes. Transfer to racks
  and cool. Store in airtight container.
  
  BON APPETIT, Jan. 1989 per Fred Peters
  
  REC.FOOD.RECIPES ARCHIVES
  
  /COOKIES
  
  From rec.food.cooking archives.  Downloaded from Glen's MM Recipe Archive,
  http://www.erols.com/hosey.
 
</step></directions></recipe></recipeml>
