<?xml version="1.0" encoding="UTF-8"?>

<recipeml version="0.5">
  <recipe>
    <head>
      <title>Walnut and Blue Cheese-Coated Grapes</title>
      <categories>
        <cat>Cooking</cat>
        <cat>Live</cat></categories>
      <yield>1</yield></head>
    <ingredients>
      <ing>
        <amt>
          <qty>2/3</qty>
          <unit>cups</unit></amt>
        <item>Finely chopped walnuts</item></ing>
      <ing>
        <amt>
          <qty>6</qty>
          <unit>ounces</unit></amt>
        <item>Crumbled Cabrales (Spanish blue cheese), Roquefort or Gorgonzola may be substituted</item></ing>
      <ing>
        <amt>
          <qty>4</qty>
          <unit>ounces</unit></amt>
        <item>Cream cheese</item></ing>
      <ing>
        <amt>
          <qty>20</qty>
          <unit/></amt>
        <item>Loose seedless red grapes (about 1/4 pound with stems)</item></ing></ingredients>
    <directions>
      <step>  Preheat oven to 325 degrees F. On a sheet pan spread out the walnuts and
  toast in the oven for 7 to 9 minutes. Remove from oven and allow to cool.
  
  In a bowl with an electric mixer, cream together the blue cheese and the
  cream cheese until smooth. Put one tablespoon of the cheese mixture in the
  palm of one hand and in it roll a grape, shaping the mixture around the
  grape to coat. Cover the remaining grapes and chill on a sheet pan for 15
  minutes. Roll the cheese-coated grapes in the walnut mixture to cover
  completely and chill for 30 minutes or until coating is firm. Using a sharp
  knife cut grapes into halves.
  
  Yield: 8 servings
  
  NOTES : COOKING LIVE SHOW #CL8826
  
  Recipe by: Cooking live Show #CL8826
  
  Posted to MC-Recipe Digest V1 #492 by Angele Freeman &lt;jfreeman@netusa1.net&gt;
  on Mar 2, 1997.
 
</step></directions></recipe></recipeml>
