<?xml version="1.0" encoding="UTF-8"?>

<recipeml version="0.5">
  <recipe>
    <head>
      <title>Walnut-Cinnamon Crisps</title>
      <categories>
        <cat>Desserts</cat></categories>
      <yield>6</yield></head>
    <ingredients>
      <ing>
        <amt>
          <qty>1</qty>
          <unit>cup</unit></amt>
        <item>Sugar</item></ing>
      <ing>
        <amt>
          <qty>1</qty>
          <unit>cup</unit></amt>
        <item>Margarine or butter, softened</item></ing>
      <ing>
        <amt>
          <qty>1</qty>
          <unit/></amt>
        <item>Egg, separated</item></ing>
      <ing>
        <amt>
          <qty>2</qty>
          <unit>cups</unit></amt>
        <item>All-purpose, self-rising or unbleached flour</item></ing>
      <ing>
        <amt>
          <qty>1/2</qty>
          <unit>teaspoons</unit></amt>
        <item>Ground cinnamon</item></ing>
      <ing>
        <amt>
          <qty>1</qty>
          <unit>tablespoon</unit></amt>
        <item>Water</item></ing>
      <ing>
        <amt>
          <qty>1/2</qty>
          <unit>cups</unit></amt>
        <item>Very finely chopped walnuts</item></ing>
      <ing>
        <amt>
          <qty>FROM:</qty>
          <unit/></amt>
        <item>Theresa Merkling</item></ing></ingredients>
    <directions>
      <step>  Heat oven to 350F.  Mix sugar, margarine and egg yolk. Stir in flour and
  cinnamon.  Press in lightly greased jelly roll pan, 15 1/2x10 1/2x1". (Or
  use 2 square pans, one 8x8x2" and one 9x9x2".) Beat egg white and water
  until foamy; brush over dough.  Sprinkle with walnuts. Bake 20 to 25 min or
  until very light brown. Immediately cut into 2 1/2 to 3" squares. Cut
  diagonally into halves.
  
  About 40 cookies.
  
  *&gt;* this comes from the bottom of the files of Shelley Rodgers &lt;=-
  
  From Gemini's MASSIVE MealMaster collection at www.synapse.com/~gemini
 
</step></directions></recipe></recipeml>
