<?xml version="1.0" encoding="UTF-8"?>

<recipeml version="0.5">
  <recipe>
    <head>
      <title>Walnut-Cinnamon Biscotti</title>
      <categories>
        <cat>Biscotti</cat></categories>
      <yield>1</yield></head>
    <ingredients>
      <ing>
        <amt>
          <qty>2 1/2</qty>
          <unit>cups</unit></amt>
        <item>Pioneer Low Fat Biscuit and Baking mix</item></ing>
      <ing>
        <amt>
          <qty>2/3</qty>
          <unit>cups</unit></amt>
        <item>Granulated sugar</item></ing>
      <ing>
        <amt>
          <qty>1</qty>
          <unit>tablespoon</unit></amt>
        <item>Instant coffee granules</item></ing>
      <ing>
        <amt>
          <qty>3/4</qty>
          <unit>teaspoons</unit></amt>
        <item>Ground cinnamon</item></ing>
      <ing>
        <amt>
          <qty>2</qty>
          <unit>large</unit></amt>
        <item>Eggs</item></ing>
      <ing>
        <amt>
          <qty>1</qty>
          <unit/></amt>
        <item>Egg white</item></ing>
      <ing>
        <amt>
          <qty>1/2</qty>
          <unit>cups</unit></amt>
        <item>Chopped walnuts or pecans</item></ing></ingredients>
    <directions>
      <step>  Directions: Combine first 4 ingredients in a mixing bowl. Add eggs and egg
  white, beating at medium speed with an electric mixer until blended. Stir
  in chopped nuts. (Mixture will be crumbly) Shape dough into a ball. cover
  dough and chill 30 minutes. Divide dough in half. Shape each portion into a
  8 x 2-inch long log on lightly greased baking sheets. Bake at 350 for 25
  minutes or until firm. Let cool on baking sheets 5 minutes. Remove to wire
  racks to cool. Cut diagonally into 1/2-inch thick slices. Place slices on
  baking sheets. Bake at 350 for 3 minutes; turn slices over and bake 3
  minutes more. Remove to wire racks to cool. Makes about
    2 1/2    dozen.
  
  Posted to brand-name-recipes by P&amp;S Gruenwald &lt;sitm@ne.infi.net&gt; on Feb 20,
  1998
 
</step></directions></recipe></recipeml>
