<?xml version="1.0" encoding="UTF-8"?>

<recipeml version="0.5">
  <recipe>
    <head>
      <title>Walnut Chews</title>
      <categories>
        <cat>Cookies</cat></categories>
      <yield>60</yield></head>
    <ingredients>
      <ing>
        <amt>
          <qty>3</qty>
          <unit>cups</unit></amt>
        <item>Kelloggs Special K cereal</item></ing>
      <ing>
        <amt>
          <qty>2</qty>
          <unit>cups</unit></amt>
        <item>All-purpose flour;sifted</item></ing>
      <ing>
        <amt>
          <qty>1</qty>
          <unit>teaspoon</unit></amt>
        <item>Baking powder</item></ing>
      <ing>
        <amt>
          <qty>1/2</qty>
          <unit>teaspoons</unit></amt>
        <item>Baking soda</item></ing>
      <ing>
        <amt>
          <qty>1/2</qty>
          <unit>teaspoons</unit></amt>
        <item>Salt</item></ing>
      <ing>
        <amt>
          <qty>3/4</qty>
          <unit>cups</unit></amt>
        <item>Butter or margarine;softened</item></ing>
      <ing>
        <amt>
          <qty>2</qty>
          <unit>cups</unit></amt>
        <item>Brown sugar;firmly packed</item></ing>
      <ing>
        <amt>
          <qty>2</qty>
          <unit/></amt>
        <item>Eggs</item></ing>
      <ing>
        <amt>
          <qty>1</qty>
          <unit>cup</unit></amt>
        <item>Walnuts;coarsely chopped</item></ing></ingredients>
    <directions>
      <step>  1. Measure Special K cereal; crush to 1 1/2 cups. Set aside. 2. Sift
  together flour, baking powder, soda and salt. Set aside. 3. Place margarine
  and sugar in large mixer bowl; beat until light and fluffy. Add eggs; beat
  well. Add sifted dry ingredients; mix until thoroughly combined. Stir in
  Special K and walnuts. Drop by level measuring-tablespoon onto lightly
  greased baking sheets. 4. Bake in moderate oven (350 degrees) about 15
  minutes or until lightly browned. Remove immediately from baking sheets;
  cool on wire racks. Yield: about 5 dozen Walnut Chews, 2 1/2" in diameter.
  
  Lorna Brown, Prodigy Food &amp; Wine Board
  
  From Gemini's MASSIVE MealMaster collection at www.synapse.com/~gemini
 
</step></directions></recipe></recipeml>
