<?xml version="1.0" encoding="UTF-8"?>

<recipeml version="0.5">
  <recipe>
    <head>
      <title>Walnut Carrots</title>
      <categories>
        <cat>Vegetables</cat></categories>
      <yield>4</yield></head>
    <ingredients>
      <ing>
        <amt>
          <qty>32</qty>
          <unit/></amt>
        <item>Baby carrots; or 5 c sticks</item></ing>
      <ing>
        <amt>
          <qty>3/4</qty>
          <unit>cups</unit></amt>
        <item>Water</item></ing>
      <ing>
        <amt>
          <qty>1/4</qty>
          <unit>teaspoons</unit></amt>
        <item>Salt</item></ing>
      <ing>
        <amt>
          <qty>1/4</qty>
          <unit>cups</unit></amt>
        <item>Melted butter</item></ing>
      <ing>
        <amt>
          <qty>1</qty>
          <unit>teaspoon</unit></amt>
        <item>Honey</item></ing>
      <ing>
        <amt>
          <qty>1/4</qty>
          <unit>teaspoons</unit></amt>
        <item>Salt</item></ing>
      <ing>
        <amt>
          <qty>1</qty>
          <unit>dash</unit></amt>
        <item>Fresh ground black pepper</item></ing>
      <ing>
        <amt>
          <qty>1</qty>
          <unit>tablespoon</unit></amt>
        <item>Lemon juice</item></ing>
      <ing>
        <amt>
          <qty>1</qty>
          <unit>dash</unit></amt>
        <item>Lemon zest</item></ing>
      <ing>
        <amt>
          <qty>1/4</qty>
          <unit>cups</unit></amt>
        <item>Chopped walnuts; coarsely chopped</item></ing></ingredients>
    <directions>
      <step>  Cook carrots in water with 1/2 teaspoon salt added, just until tender.
  Drain well. Meanwhile, heat remaining ingredients except the walnuts. Pour
  this topping over hot carrots. Toss in walnuts.
  
  Tootie Note: I use the small baby carrots. Put in my Pampered Chef steamer
  with 3/4 cup water or so and steam in microwave till tender and proceed.
  
  Message From LVFG53A@prodigy.com (MRS IRA M DENNIS) to The TNT Recipes
  List.
  
  Recipe by: Tootie's Special Recipe Collection
  
  Posted to EAT-L Digest  by Betsy Burtis &lt;ebburtis@IX.NETCOM.COM&gt; on Apr 13,
  1998
 
</step></directions></recipe></recipeml>
