<?xml version="1.0" encoding="UTF-8"?>

<recipeml version="0.5">
  <recipe>
    <head>
      <title>Walnut Candy</title>
      <categories>
        <cat>Candies</cat></categories>
      <yield>36</yield></head>
    <ingredients>
      <ing>
        <amt>
          <qty>1 1/2</qty>
          <unit>cups</unit></amt>
        <item>Walnuts, coarsely chopped</item></ing>
      <ing>
        <amt>
          <qty>2/3</qty>
          <unit>cups</unit></amt>
        <item>Butter or margarine</item></ing>
      <ing>
        <amt>
          <qty>1</qty>
          <unit>cup</unit></amt>
        <item>Packed light brown sugar 14 oz can sweetened condensed milk</item></ing>
      <ing>
        <amt>
          <qty>1 1/2</qty>
          <unit>teaspoons</unit></amt>
        <item>Vanilla</item></ing></ingredients>
    <directions>
      <step>  To toast walnuts, spread in a single layer in a 9" glass pie plate.
  Stirring every 2 minutes, microwave on high 6 minutes or until toasted.
  
  Place butter in a 2 quart glass measure. Microwave on high 1 minute. Blend
  in brown sugar and condensed milk. Stirring every 2 minutes, microwave on
  high 8 to 9 minutes or until mixture is a medium caramel color. Stir in
  vanilla and beat with a wooden spoon for 2 to 3 minutes. Fold in walnuts.
  Pour into buttered 8" square dish. Cool to lukewarm; then refrigerate until
  set. Cut into squares. Makes 36 pieces.
  
  From Gemini's MASSIVE MealMaster collection at www.synapse.com/~gemini
 
</step></directions></recipe></recipeml>
