<?xml version="1.0" encoding="UTF-8"?>

<recipeml version="0.5">
  <recipe>
    <head>
      <title>Walnut Christmas Candy</title>
      <categories>
        <cat>Bakery-shop</cat>
        <cat>Desserts</cat>
        <cat>To post</cat></categories>
      <yield>1</yield></head>
    <ingredients>
      <ing>
        <amt>
          <qty>1</qty>
          <unit>cup</unit></amt>
        <item>Butter</item></ing>
      <ing>
        <amt>
          <qty>1</qty>
          <unit>cup</unit></amt>
        <item>Sugar</item></ing>
      <ing>
        <amt>
          <qty>1</qty>
          <unit>tablespoon</unit></amt>
        <item>White Corn Syrup</item></ing>
      <ing>
        <amt>
          <qty>3</qty>
          <unit>tablespoons</unit></amt>
        <item>Water</item></ing>
      <ing>
        <amt>
          <qty>1 1/2</qty>
          <unit>cups</unit></amt>
        <item>Chopped Walnuts</item></ing>
      <ing>
        <amt>
          <qty>4</qty>
          <unit/></amt>
        <item>Hershey Bars (Plain)</item></ing></ingredients>
    <directions>
      <step>  Butter a 9" square pan. Melt butter in 2 quart saucepan; gradually stir in
  sugar. Add syrup and water. Cook over moderate heat, stirring occasionally,
  until mixture reaches 290° on a candy thermometer. Add 1 cup walnuts, and
  cook 3 minutes more, stirring occasionally. Pour into pan. When it is set,
  but not cool, crumble 2 Hershey bars on top and spread them to cover.
  Sprinkle with 1/4 cup finely chopped nuts. Turn onto waxed paper and repeat
  procedure with remaining 2 Hershey bars and 1/4 cup nuts. When cold, break
  into small pieces. If toffee gets too cold to melt Hersheys, melt them over
  warm water, but it works best if chocolate is melted right on toffee.
  
  Source: "Mountain Measures" -- Junior League of Charleston, WV ed 1974
  
  billspa@icanect.net
  
  Recipe by: Mrs. Kenneth Underwood
  
  Posted to MC-Recipe Digest V1 #881 by Bill Spalding &lt;billspa@icanect.net&gt;
  on Nov 03, 1997
 
</step></directions></recipe></recipeml>
