<?xml version="1.0" encoding="UTF-8"?>

<recipeml version="0.5">
  <recipe>
    <head>
      <title>Avocado Salsa</title>
      <categories>
        <cat>Mcdougall</cat>
        <cat>Digest</cat>
        <cat>Apr95</cat>
        <cat>Fatfree</cat></categories>
      <yield>2</yield></head>
    <ingredients>
      <ing>
        <amt>
          <qty>1</qty>
          <unit/></amt>
        <item>Avocado</item></ing>
      <ing>
        <amt>
          <qty>3</qty>
          <unit>tablespoons</unit></amt>
        <item>Coriander; chopped fresh</item></ing>
      <ing>
        <amt>
          <qty>1/2</qty>
          <unit>cups</unit></amt>
        <item>Water</item></ing>
      <ing>
        <amt>
          <qty>3/4</qty>
          <unit>teaspoons</unit></amt>
        <item>Tabasco sauce</item></ing>
      <ing>
        <amt>
          <qty>1/2</qty>
          <unit>teaspoons</unit></amt>
        <item>Vinegar</item></ing>
      <ing>
        <amt>
          <qty>1</qty>
          <unit>teaspoon</unit></amt>
        <item>Soy sauce, low sodium</item></ing></ingredients>
    <directions>
      <step>  Preparation Time: 0:10 Peel and pit avocado. Coursely chop and place in
  blender jar. Add remaining ingredients and blend until smooth.
  
  HELPFUL HINTS: Use as a dip for vegetables or crackers. Or try as a topping
  for various foods, such as rice casserole, stuffed vegetables, or chapati
  roll-ups.
  
  From the recipe files of Sue Smith, SueSmith9@aol.com. Posted by KevinVegan
  to AOL. D/L April 16, 1995. Formatted using MMCONV 1.8. 1.80á
  
  File ftp://ftp.idiscover.co.uk/pub/food/mealmaster/recipes/fatfreex.zip
 
</step></directions></recipe></recipeml>
