<?xml version="1.0" encoding="UTF-8"?>

<recipeml version="0.5">
  <recipe>
    <head>
      <title>Avocado Gazpacho</title>
      <categories>
        <cat>Soups &amp;</cat>
        <cat>Stews</cat></categories>
      <yield>6</yield></head>
    <ingredients>
      <ing>
        <amt>
          <qty>2</qty>
          <unit>medium</unit></amt>
        <item>Cucumbers; peeled</item></ing>
      <ing>
        <amt>
          <qty>3</qty>
          <unit>cups</unit></amt>
        <item>Chicken broth</item></ing>
      <ing>
        <amt>
          <qty>1/2</qty>
          <unit>teaspoons</unit></amt>
        <item>Tabasco sauce; or to taste</item></ing>
      <ing>
        <amt>
          <qty>1/4</qty>
          <unit>cups</unit></amt>
        <item>Fresh cilantro or parsley; firmly packed</item></ing>
      <ing>
        <amt>
          <qty>2</qty>
          <unit>tablespoons</unit></amt>
        <item>Lime juice</item></ing>
      <ing>
        <amt>
          <qty>2</qty>
          <unit>medium</unit></amt>
        <item>Firm/ripe avocados</item></ing>
      <ing>
        <amt>
          <qty>1/2</qty>
          <unit>teaspoons</unit></amt>
        <item>Salt</item></ing>
      <ing>
        <amt>
          <qty>1/2</qty>
          <unit>small</unit></amt>
        <item>Red onion</item></ing>
      <ing>
        <amt>
          <qty/>
          <unit/></amt>
        <item>Fresh cilantro sprigs; for garnish</item></ing></ingredients>
    <directions>
      <step>  Cut one cucumber in chunks and put in the blender; whirl with 2 cups of the
  chicken broth, cilantro, lime juice, salt and Tabasco until smoothly
  pureed. Peel, pit and coarsely chop avocados. Put into a food processor and
  add the pureed mixture and the rest of the chicken broth. Whirl very
  briefly to coarsely puree the avocado, leaving some chunks. Cover and chill
  at least 2 hours or overnight. Just before serving, finely mince the red
  onion; seed and chop the second cucumber. Pour soup into 6 bowls and
  garnish each with a sprig of fresh cilantro. Offer the minced onion and
  chopped cucumber on the side to add individually to taste.
  
  Recipe by: Carole Rock
  
  Posted to recipelu-digest by "Crane C. Walden" &lt;cranew@foothill.net&gt; on Feb
  5, 1998
 
</step></directions></recipe></recipeml>
