<?xml version="1.0" encoding="UTF-8"?>

<recipeml version="0.5">
  <recipe>
    <head>
      <title>Avocado Kashmir</title>
      <categories>
        <cat>Indian</cat>
        <cat>Poultry</cat>
        <cat>Vegetables</cat>
        <cat>Vegetarian</cat></categories>
      <yield>6</yield></head>
    <ingredients>
      <ing>
        <amt>
          <qty>2</qty>
          <unit>tablespoons</unit></amt>
        <item>Ghee -- --or -- Butter</item></ing>
      <ing>
        <amt>
          <qty>1/2</qty>
          <unit>teaspoons</unit></amt>
        <item>Ground Cumin</item></ing>
      <ing>
        <amt>
          <qty>1/2</qty>
          <unit>teaspoons</unit></amt>
        <item>Chili Powder</item></ing>
      <ing>
        <amt>
          <qty>1/2</qty>
          <unit>teaspoons</unit></amt>
        <item>Turmeric</item></ing>
      <ing>
        <amt>
          <qty>1/2</qty>
          <unit>teaspoons</unit></amt>
        <item>Coriander</item></ing>
      <ing>
        <amt>
          <qty>1</qty>
          <unit>small</unit></amt>
        <item>Onion -- chopped</item></ing>
      <ing>
        <amt>
          <qty>1</qty>
          <unit>small</unit></amt>
        <item>Tart Apples -- peeled &amp;</item></ing>
      <ing>
        <amt>
          <qty/>
          <unit/></amt>
        <item>Diced</item></ing>
      <ing>
        <amt>
          <qty>1</qty>
          <unit>can</unit></amt>
        <item>Cream Of Celery Soup --</item></ing>
      <ing>
        <amt>
          <qty/>
          <unit/></amt>
        <item>Or--</item></ing>
      <ing>
        <amt>
          <qty>1</qty>
          <unit>can</unit></amt>
        <item>Cream Of Chicken Soup --</item></ing>
      <ing>
        <amt>
          <qty/>
          <unit/></amt>
        <item>Or--</item></ing>
      <ing>
        <amt>
          <qty>1</qty>
          <unit>can</unit></amt>
        <item>Cream Of Shrimp Soup</item></ing>
      <ing>
        <amt>
          <qty/>
          <unit/></amt>
        <item>Salt And Pepper</item></ing>
      <ing>
        <amt>
          <qty>2</qty>
          <unit>cups</unit></amt>
        <item>Eggplant -- chopped &amp; cooked</item></ing>
      <ing>
        <amt>
          <qty>3</qty>
          <unit/></amt>
        <item>Avocados -- halved</item></ing>
      <ing>
        <amt>
          <qty/>
          <unit/></amt>
        <item>Juice Of 1 Lemon</item></ing>
      <ing>
        <amt>
          <qty>1</qty>
          <unit>cup</unit></amt>
        <item>Rice</item></ing>
      <ing>
        <amt>
          <qty>1 1/2</qty>
          <unit>cups</unit></amt>
        <item>Water Condiments-----</item></ing>
      <ing>
        <amt>
          <qty/>
          <unit/></amt>
        <item>Raisins</item></ing>
      <ing>
        <amt>
          <qty/>
          <unit/></amt>
        <item>Whole Peanuts</item></ing>
      <ing>
        <amt>
          <qty/>
          <unit/></amt>
        <item>Chutney</item></ing>
      <ing>
        <amt>
          <qty/>
          <unit/></amt>
        <item>Toasted Coconut</item></ing>
      <ing>
        <amt>
          <qty/>
          <unit/></amt>
        <item>Lime</item></ing>
      <ing>
        <amt>
          <qty/>
          <unit/></amt>
        <item>Scallions</item></ing>
      <ing>
        <amt>
          <qty/>
          <unit/></amt>
        <item>Preserved Kumquats --</item></ing>
      <ing>
        <amt>
          <qty/>
          <unit/></amt>
        <item>(crumbled bacon)</item></ing></ingredients>
    <directions>
      <step>  * or 2 cups cooked chicken or shrimp.
  
  Heat ghee in skillet and add spices. Add onion and apple and saute until
  limp. Add soup, salt and pepper to taste and heat over low heat until
  smooth. Add eggplant (or chicken or shrimp). Place rice in 1 1/2 cups
  water, cover and steam until tender. Peel avocados and rub with lemon juice
  to avoid discoloration. Place each half on a bed of rice on a salad plate
  and fill with the curry mixture. Place condiments in separate dishes and
  serve at the table.
  
  Serves 6.
  
  Recipe By     :
  
  From Gemini's MASSIVE MealMaster collection at www.synapse.com/~gemini
 
</step></directions></recipe></recipeml>
