<?xml version="1.0" encoding="UTF-8"?>

<recipeml version="0.5">
  <recipe>
    <head>
      <title>Avocado Pate with Pecans</title>
      <categories>
        <cat>Dip</cat></categories>
      <yield>10</yield></head>
    <ingredients>
      <ing>
        <amt>
          <qty>4</qty>
          <unit/></amt>
        <item>Avocados; peeled and pitted</item></ing>
      <ing>
        <amt>
          <qty/>
          <unit/></amt>
        <item>Vegetable oil</item></ing>
      <ing>
        <amt>
          <qty>16</qty>
          <unit>ounces</unit></amt>
        <item>Cream cheese</item></ing>
      <ing>
        <amt>
          <qty>2</qty>
          <unit>tablespoons</unit></amt>
        <item>Shallots; minced</item></ing>
      <ing>
        <amt>
          <qty>1</qty>
          <unit>tablespoon</unit></amt>
        <item>Lemon juice; fresh</item></ing>
      <ing>
        <amt>
          <qty>2</qty>
          <unit/></amt>
        <item>Cloves garlic; minced</item></ing>
      <ing>
        <amt>
          <qty>1</qty>
          <unit>teaspoon</unit></amt>
        <item>Chili powder</item></ing>
      <ing>
        <amt>
          <qty>1/2</qty>
          <unit>teaspoons</unit></amt>
        <item>Salt</item></ing>
      <ing>
        <amt>
          <qty>1/4</qty>
          <unit>cups</unit></amt>
        <item>Parsley; chopped</item></ing>
      <ing>
        <amt>
          <qty>2</qty>
          <unit>tablespoons</unit></amt>
        <item>Pecans; unsalted and chopped</item></ing>
      <ing>
        <amt>
          <qty>4</qty>
          <unit/></amt>
        <item>Butter lettuce or Boston lettuce leaves</item></ing>
      <ing>
        <amt>
          <qty>1/2</qty>
          <unit>cups</unit></amt>
        <item>Black olives; pitted</item></ing>
      <ing>
        <amt>
          <qty>10</qty>
          <unit/></amt>
        <item>Cherry tomatoes; ripe</item></ing>
      <ing>
        <amt>
          <qty/>
          <unit/></amt>
        <item>Tortilla chips</item></ing></ingredients>
    <directions>
      <step>  Date: Mon, 04 Mar 1996 22:24:48 -0500 (EST)
  
  From: Trish &lt;TRISHMCKENNA@delphi.com&gt;
  Line a 6 cup rectangular glass loaf pan or ceramic dish with 3 layers of
  waxed paper, extending over long sides only.  Brush top sheet of paper
  generously with oil.  Puree avocados and cream cheese in processor.  Add
  shallots, lemon juice, garlic, chili powder and salt and blend 30 seconds.
  Transfer mixture to prepared pan; smooth top.  Press plastic wrap onto
  surface of pate and refrigerate at least 6 hours or overnight.
  
  Remove plastic and unmold onto a platter lined with the lettuce leaves. Mix
  parsley and pecans and sprinkle over the pate.  Garnish with olives and
  tomatoes.  Surround with tortilla chips. From Poppa Rock's Family Cookbook
  Also
  
  MM-RECIPES@IDISCOVER.NET
  
  MEAL-MASTER RECIPES LIST SERVER
  
  MM-RECIPES DIGEST V3 #64
  
  From the MealMaster recipe list.  Downloaded from Glen's MM Recipe Archive,
  http://www.erols.com/hosey.
 
</step></directions></recipe></recipeml>
