<?xml version="1.0" encoding="UTF-8"?>

<recipeml version="0.5">
  <recipe>
    <head>
      <title>Avocado Green Salad</title>
      <categories>
        <cat/></categories>
      <yield>100</yield></head>
    <ingredients>
      <ing>
        <amt>
          <qty>2</qty>
          <unit>pounds</unit></amt>
        <item>CAULIFLOWER FZ</item></ing>
      <ing>
        <amt>
          <qty>4</qty>
          <unit>pounds</unit></amt>
        <item>TOMATOES FRESH</item></ing>
      <ing>
        <amt>
          <qty>1/2</qty>
          <unit>cups</unit></amt>
        <item>LEMON FRESH</item></ing>
      <ing>
        <amt>
          <qty>7</qty>
          <unit>pounds</unit></amt>
        <item>LETTUCE FRESH</item></ing>
      <ing>
        <amt>
          <qty>2</qty>
          <unit>pounds</unit></amt>
        <item>PEPPER SWT GRN FRESH</item></ing></ingredients>
    <directions>
      <step>  1.  TRIM, WASH, AND PREPARE SALAD FRUIT AND VEGETABLES AS DIRECTED ON
  RECIPE
  CARD MG-1.
  
  2.  SPRINKLE AVOCADO SLICES WITH LEMON JUICE.
  
  3.  ADD PEPPERS, CELERY, LETTUCE, AND TOMATOES; TOSS LIGHTLY.
  
  4.  COVER; REFRIGERATE UNTIL READY TO SERVE.
  
  NOTE:  IN STEP 1:  8 LB 12 OZ FRESH AVOCADOS A.P. WILL YIELD 6 LB SLICED
  AVOCADOS; 12 OZ LEMONS A.P. (3 LEMONS) WILL YIELD 1/2 CUP LEMON JUICE; 2 LB
  7 OZ FRESH SWEET PEPPERS A.P. WILL YIELD 2 LB CHOPPED CELERY; 7 LB 9 OZ
  FRESH
  CELERY A.P. WILL YIELD 7 LB SHREDDED LETTUCE; 4 LB 1 OZ FRESH TOMATOES A.P.
  WILL YIELD 4 LB TOMATO WEDGES.
  
  Recipe Number: M03800
  
  SERVING SIZE: 1 CP
  
  From the &lt;Army Master Recipe Index File&gt; (actually used today!).
  Downloaded from Glen's MM Recipe Archive, http://www.erols.com/hosey.
 
</step></directions></recipe></recipeml>
