<?xml version="1.0" encoding="UTF-8"?>

<recipeml version="0.5">
  <recipe>
    <head>
      <title>Avocado Salad Plate with Basil Dressing</title>
      <categories>
        <cat>None</cat></categories>
      <yield>2</yield></head>
    <ingredients>
      <ing>
        <amt>
          <qty>1</qty>
          <unit/></amt>
        <item>Avocado -- peeled and</item></ing>
      <ing>
        <amt>
          <qty/>
          <unit/></amt>
        <item>Halved</item></ing>
      <ing>
        <amt>
          <qty/>
          <unit/></amt>
        <item>Boston lettuce leaves</item></ing>
      <ing>
        <amt>
          <qty>1</qty>
          <unit>small</unit></amt>
        <item>Tomato -- sliced</item></ing>
      <ing>
        <amt>
          <qty>1/2</qty>
          <unit>cups</unit></amt>
        <item>Alfalfa sprouts</item></ing>
      <ing>
        <amt>
          <qty>1</qty>
          <unit/></amt>
        <item>Green onion -- thinly</item></ing>
      <ing>
        <amt>
          <qty/>
          <unit/></amt>
        <item>Sliced</item></ing>
      <ing>
        <amt>
          <qty>2</qty>
          <unit>tablespoons</unit></amt>
        <item>Sunflower seeds, roasted</item></ing>
      <ing>
        <amt>
          <qty/>
          <unit/></amt>
        <item>Basil Dressing ----</item></ing>
      <ing>
        <amt>
          <qty>1</qty>
          <unit>tablespoon</unit></amt>
        <item>Sherry vinegar</item></ing>
      <ing>
        <amt>
          <qty>1</qty>
          <unit>teaspoon</unit></amt>
        <item>Lemon juice</item></ing>
      <ing>
        <amt>
          <qty>1/4</qty>
          <unit>teaspoons</unit></amt>
        <item>Salt</item></ing>
      <ing>
        <amt>
          <qty>1</qty>
          <unit>dash</unit></amt>
        <item>Sugar</item></ing>
      <ing>
        <amt>
          <qty>1</qty>
          <unit>dash</unit></amt>
        <item>Black pepper -- ground</item></ing>
      <ing>
        <amt>
          <qty>2</qty>
          <unit>teaspoons</unit></amt>
        <item>Fresh basil -- chopped</item></ing>
      <ing>
        <amt>
          <qty>3</qty>
          <unit>tablespoons</unit></amt>
        <item>Olive oil</item></ing></ingredients>
    <directions>
      <step>  1. Place avocado half on a lettuce leaf, on each of 2 salad plates. Arrange
  tomato slices beside avocado. Drizzle Basil Dressing lightly over avocado
  and tomatoes; spoon any remaining dressing into hollow of avocado.
  
  2. Sprinkle tomatoes with sprouts, onion, and sunflower seeds. Serve at
  once.
  
  Basil Dressing:  In a small bowl mix vinegar, lemon juice, salt, sugar,
  pepper, and basil. Using a whisk or fork, gradually beat in oil until well
  combined.
  
  Recipe By     : the California Culinary Academy
  
  File ftp://ftp.idiscover.co.uk/pub/food/mealmaster/recipes/mmdja006.zip
 
</step></directions></recipe></recipeml>
