<?xml version="1.0" encoding="UTF-8"?>

<recipeml version="0.5">
  <recipe>
    <head>
      <title>Avocado Salmon Sandwich</title>
      <categories>
        <cat>Sandwich</cat></categories>
      <yield>6</yield></head>
    <ingredients>
      <ing>
        <amt>
          <qty>1</qty>
          <unit/></amt>
        <item>Ripe avocado</item></ing>
      <ing>
        <amt>
          <qty>1</qty>
          <unit/></amt>
        <item>Lemon; juice of</item></ing>
      <ing>
        <amt>
          <qty>6</qty>
          <unit/></amt>
        <item>Hamburger buns; split</item></ing>
      <ing>
        <amt>
          <qty>2</qty>
          <unit>cans</unit></amt>
        <item>(7.75-oz) sockeye salmon or-</item></ing>
      <ing>
        <amt>
          <qty>1</qty>
          <unit>can</unit></amt>
        <item>(large) sockeye salmon</item></ing>
      <ing>
        <amt>
          <qty>6</qty>
          <unit>slices</unit></amt>
        <item>Process type swiss cheese</item></ing>
      <ing>
        <amt>
          <qty/>
          <unit/></amt>
        <item>Sesame seeds</item></ing></ingredients>
    <directions>
      <step>  From: arielle@taronga.com (Stephanie da Silva) (COLLECTION)
  
  Date: Thu, 22 Jul 1993 18:23:06 GMT
  
  Preheat broiler to about 475F. Peel and slice avocado and sprinkle with
  part of the lemon juice. Divide avocado slices evenly over the bottoms of
  the hamburger buns. Drain salmon and break into chunks. Divide evenly over
  avocado slices, and sprinkle with remaining lemon juice. Top with second
  halves of the buns, then with cheese slices. Sprinkle with sesame seeds.
  Broil about 8 inches from heat until cheese melts and the sandwiches are
  heated through. Garnish with dill pickles.
  
  REC.FOOD.RECIPES ARCHIVES
  
  /FRUIT
  
  From rec.food.cooking archives.  Downloaded from Glen's MM Recipe Archive,
  http://www.erols.com/hosey.
 
</step></directions></recipe></recipeml>
