<?xml version="1.0" encoding="UTF-8"?>

<recipeml version="0.5">
  <recipe>
    <head>
      <title>Avocados with Chipotle and Lime</title>
      <categories>
        <cat>Avocados</cat>
        <cat>Cookbook</cat>
        <cat>Salads and</cat></categories>
      <yield>4</yield></head>
    <ingredients>
      <ing>
        <amt>
          <qty>1</qty>
          <unit/></amt>
        <item>Avocado</item></ing>
      <ing>
        <amt>
          <qty>3</qty>
          <unit>tablespoons</unit></amt>
        <item>Chipotle Hot Sauce; at room temperature, or canned chipotle chiles in adobo sauce</item></ing>
      <ing>
        <amt>
          <qty>1</qty>
          <unit>tablespoon</unit></amt>
        <item>Warm water</item></ing>
      <ing>
        <amt>
          <qty>1</qty>
          <unit>tablespoon</unit></amt>
        <item>Sundried tomatoes; (oil packed) drained and chopped</item></ing>
      <ing>
        <amt>
          <qty>1</qty>
          <unit/></amt>
        <item>Lime</item></ing></ingredients>
    <directions>
      <step>  Skin the avocado, cut it in half lengthwise, and remove the pit. Slice the
  halves lengthwise into 6 to 10 thin slices, and fan them out on small
  plates (3 to 5 slices per serving).
  
  Combine the chipotle sauce, water, and sundried tomatoes in a blender, and
  puree. Spoon a fine, decorative line across the fanned avocado slices. Cut
  the lime in half. Squeeze a bit of juice from one half of the lime over the
  top of each fan; cut the other half into 4 thin slices. Garnish the plates
  with lime slices and serve.
  
  Note: Avocado should be ripe, creamy, and of the Haas variety (the nubbly
  black avocados, not smooth the green-skinned ones, which can be watery). A
  delicate, deep red line of hot sauce painted across the avocado is visually
  dramatic, and the spiciness accentuates the avocado's cool smoothness. This
  dish makes an elegant and very easy first course for a dinner party.
  
  Jennifer Trainer Thompson, Jump Up and Kiss Me, Spicy Vegetarian Cooking MC
  formatted by Brenda Adams &lt;adamsfmle@sprintmail.com&gt;
  
  Recipe by: Jennifer Trainer Thompson, Jump Up and Kiss Me
  
  Posted to recipelu-digest Volume 01 Number 188 by Terry Pogue
  &lt;tpogue@idsonline.com&gt; on Nov 1, 1997
 
</step></directions></recipe></recipeml>
