<?xml version="1.0" encoding="UTF-8"?>

<recipeml version="0.5">
  <recipe>
    <head>
      <title>Avocado and Orange Salad with Walnuts</title>
      <categories>
        <cat>Salads</cat>
        <cat>Appetizers</cat></categories>
      <yield>2</yield></head>
    <ingredients>
      <ing-div>
        <title/>
        <ing>
          <amt>
            <qty>1/4</qty>
            <unit>cups</unit></amt>
          <item>Walnuts, chopped</item></ing>
        <ing>
          <amt>
            <qty>1</qty>
            <unit>small</unit></amt>
          <item>Sweet orange, sectioned</item></ing>
        <ing>
          <amt>
            <qty>1/2</qty>
            <unit>medium</unit></amt>
          <item>Firm ripe avocado, diced</item></ing>
        <ing>
          <amt>
            <qty>1/2</qty>
            <unit>cups</unit></amt>
          <item>Turnip, diced</item></ing>
        <ing>
          <amt>
            <qty/>
            <unit/></amt>
          <item>Red leaf lettuce, torn, as needed</item></ing></ing-div>
      <ing-div>
        <title>DRESSING</title>
        <ing>
          <amt>
            <qty>1 1/2</qty>
            <unit>tablespoons</unit></amt>
          <item>Walnut oil -=OR=-</item></ing>
        <ing>
          <amt>
            <qty/>
            <unit/></amt>
          <item>Peanut oil</item></ing>
        <ing>
          <amt>
            <qty>1/2</qty>
            <unit>tablespoons</unit></amt>
          <item>Lemon juice -=OR=-</item></ing>
        <ing>
          <amt>
            <qty/>
            <unit/></amt>
          <item>Lime juice, to taste</item></ing>
        <ing>
          <amt>
            <qty>1/2</qty>
            <unit>teaspoons</unit></amt>
          <item>Mint</item></ing>
        <ing>
          <amt>
            <qty>1/2</qty>
            <unit>teaspoons</unit></amt>
          <item>Honey</item></ing>
        <ing>
          <amt>
            <qty/>
            <unit/></amt>
          <item>Black pepper, to taste</item></ing></ing-div></ingredients>
    <directions>
      <step>  Toast walnuts on a hot, dry skillet, stirring frequently, until they are
  fragrant.  About 8 to 10 minutes. Remove from heat &amp; let cool. Combine
  salad ingredients in a serving bowl &amp; toss with the walnuts. In a small
  bowl, stir together the dressing ingredients. Pour over the salad &amp; toss to
  coat. Serve at once.
 
</step></directions></recipe></recipeml>
