<?xml version="1.0" encoding="UTF-8"?>

<recipeml version="0.5">
  <recipe>
    <head>
      <title>Avocado Oliva</title>
      <categories>
        <cat>Salads</cat>
        <cat>Vegetables</cat></categories>
      <yield>4</yield></head>
    <ingredients>
      <ing>
        <amt>
          <qty/>
          <unit/></amt>
        <item>WALDINE VAN GEFFEN</item></ing>
      <ing>
        <amt>
          <qty/>
          <unit/></amt>
        <item>VGHC42A-----</item></ing>
      <ing>
        <amt>
          <qty>2</qty>
          <unit>large</unit></amt>
        <item>Avocados -- halve</item></ing>
      <ing>
        <amt>
          <qty>2</qty>
          <unit>large</unit></amt>
        <item>Can baby artichoke hearts</item></ing>
      <ing>
        <amt>
          <qty>1/2</qty>
          <unit>cups</unit></amt>
        <item>Oil</item></ing>
      <ing>
        <amt>
          <qty>1</qty>
          <unit>tablespoon</unit></amt>
        <item>Vinegar</item></ing>
      <ing>
        <amt>
          <qty>1</qty>
          <unit>tablespoon</unit></amt>
        <item>Fresh lemon juice</item></ing>
      <ing>
        <amt>
          <qty>2</qty>
          <unit>tablespoons</unit></amt>
        <item>Vermouth</item></ing>
      <ing>
        <amt>
          <qty>2</qty>
          <unit>tablespoons</unit></amt>
        <item>Dijon mustard</item></ing>
      <ing>
        <amt>
          <qty/>
          <unit/></amt>
        <item>Salt and white pepper</item></ing>
      <ing>
        <amt>
          <qty>2</qty>
          <unit>tablespoons</unit></amt>
        <item>Parsley -- chopped</item></ing></ingredients>
    <directions>
      <step>  Fill cavities with baby artichoke hearts. Combine the remaining
  ingredients, leaving the parsley for decoration. Pour the sauce over the
  arichoke hearts. Sprinkle with parsley and serve. Source: LeRuth's, N.O.LA
  (wrv)
  
  Recipe By     :
  
  File ftp://ftp.idiscover.co.uk/pub/food/mealmaster/recipes/mmdja006.zip
 
</step></directions></recipe></recipeml>
