<?xml version="1.0" encoding="UTF-8"?>

<recipeml version="0.5">
  <recipe>
    <head>
      <title>Avocado Banana Spread</title>
      <categories>
        <cat>Diabetic</cat>
        <cat>Spreads</cat></categories>
      <yield>1</yield></head>
    <ingredients>
      <ing>
        <amt>
          <qty>1/2</qty>
          <unit>cups</unit></amt>
        <item>Mashed ripe banana (mash with fork)</item></ing>
      <ing>
        <amt>
          <qty>1/2</qty>
          <unit>cups</unit></amt>
        <item>Mashed ripe avocado</item></ing>
      <ing>
        <amt>
          <qty>1</qty>
          <unit>tablespoon</unit></amt>
        <item>Lemon juice</item></ing></ingredients>
    <directions>
      <step>  Blend ingredients in a food processor or blender. Heat to a boil in a
  saucepan; turn to low and simmer, stirring occasionally, until mixture
  reaches desired thickness. Yields 1/2 cup. Source: Sweet &amp; Sugarfree
  Shared by: Shirley Goos
  
  File ftp://ftp.idiscover.co.uk/pub/food/mealmaster/recipes/diabetic.zip
 
</step></directions></recipe></recipeml>
