<?xml version="1.0" encoding="UTF-8"?>

<recipeml version="0.5">
  <recipe>
    <head>
      <title>Avocado in Tarragon Cream Dressing</title>
      <categories>
        <cat>Salads</cat>
        <cat>Fruits</cat></categories>
      <yield>4</yield></head>
    <ingredients>
      <ing>
        <amt>
          <qty/>
          <unit/></amt>
        <item>DRESSING-----</item></ing>
      <ing>
        <amt>
          <qty>1/2</qty>
          <unit>teaspoons</unit></amt>
        <item>Sugar</item></ing>
      <ing>
        <amt>
          <qty>1/4</qty>
          <unit>cups</unit></amt>
        <item>Vinegar -- tarragon</item></ing>
      <ing>
        <amt>
          <qty>2</qty>
          <unit/></amt>
        <item>Eggs</item></ing>
      <ing>
        <amt>
          <qty>1</qty>
          <unit>cup</unit></amt>
        <item>Cream -- heavy</item></ing>
      <ing>
        <amt>
          <qty/>
          <unit/></amt>
        <item>SALAD-----</item></ing>
      <ing>
        <amt>
          <qty>4</qty>
          <unit/></amt>
        <item>Avocadoes</item></ing>
      <ing>
        <amt>
          <qty>12</qty>
          <unit/></amt>
        <item>Lettuce leaves -- Bibb</item></ing>
      <ing>
        <amt>
          <qty/>
          <unit/></amt>
        <item>Or</item></ing>
      <ing>
        <amt>
          <qty/>
          <unit/></amt>
        <item>Paprika</item></ing>
      <ing>
        <amt>
          <qty/>
          <unit/></amt>
        <item>Boston</item></ing></ingredients>
    <directions>
      <step>  In a bowl add sugar to eggs and gradually pour in vinegar.
  
  Stand the bowl in a pan of boiling water and stir until the mixure begins
  to thicken, then turn off the heat and continue to stir.
  
  When the mixure is thick, remove bowl from pan and continue stirring for
  one minute. Season and cool.
  
  Whip the cream till it holds a soft shape.
  
  Place 3 lettuce leaves on a plate. Halve, seed, peel the avocados. Place
  avocado half on the leaves round side up.
  
  Fold the cream into the dressing. Coat avocados with the dressing. Sprinkle
  with paprika and serve.
  
  Tom's comments: I find the vinegar taste to be overwhelming. You may want
  to remove one tb of vinegar or double-triple the sugar. The vinegar taste
  does lessen with time, but I would not want to bet a meal on doing things
  that way. I WILL do this again (I like it!) and shall try the things I
  stated above.
  
  Posted on GEnie Food &amp; Wine RT Apr 21, 1993 by T.MILLER39  MM by Sylvia
  Steiger, GEnie THE.STEIGERS, CI$ 71511,2253, GT Cookbook echo moderator,
  net/node 004/005
  
  Recipe By     :
  
  File ftp://ftp.idiscover.co.uk/pub/food/mealmaster/recipes/mmdja006.zip
 
</step></directions></recipe></recipeml>
