<?xml version="1.0" encoding="UTF-8"?>

<recipeml version="0.5">
  <recipe>
    <head>
      <title>Avocado Logs</title>
      <categories>
        <cat>None</cat></categories>
      <yield>1</yield></head>
    <ingredients>
      <ing>
        <amt>
          <qty>1</qty>
          <unit>cup</unit></amt>
        <item>Mashed avocado</item></ing>
      <ing>
        <amt>
          <qty>1 1/2</qty>
          <unit>cups</unit></amt>
        <item>Dry-roasted cashew nuts; chopped</item></ing>
      <ing>
        <amt>
          <qty>8</qty>
          <unit>ounces</unit></amt>
        <item>Cream cheese; softened</item></ing>
      <ing>
        <amt>
          <qty>1/2</qty>
          <unit>cups</unit></amt>
        <item>Sharp cheddar cheese; grated</item></ing>
      <ing>
        <amt>
          <qty>2</qty>
          <unit>teaspoons</unit></amt>
        <item>Lime juice</item></ing>
      <ing>
        <amt>
          <qty>1</qty>
          <unit/></amt>
        <item>Garlic clove; crushed and minced</item></ing>
      <ing>
        <amt>
          <qty>1/2</qty>
          <unit>teaspoons</unit></amt>
        <item>Worcestershire sauce</item></ing>
      <ing>
        <amt>
          <qty>1/2</qty>
          <unit>teaspoons</unit></amt>
        <item>Salt</item></ing>
      <ing>
        <amt>
          <qty>1</qty>
          <unit>dash</unit></amt>
        <item>Tabasco</item></ing>
      <ing>
        <amt>
          <qty/>
          <unit/></amt>
        <item>Paprika</item></ing></ingredients>
    <directions>
      <step>  Combine all ingredients except paprika, and mix well. Cover mixture and
  refrigerate 30 minutes. Divide mixture in half and shape each into roll.
  Sprinkle waxed paper with paprika, turning roll to cover with paprika. Wrap
  each roll in foil and refrigerate until ready to serve. Slice and serve
  with crackers. May be made up to 2 days ahead of serving. Yields 2 logs.
  
  Source: Of Magnolia and Mesquite
  
  Happily scanned and MC formatted, using Buster, by Pamela Creeden 5/7/98
  
  Recipe by: The Best of the Best From Texas, p.42
  
  Posted to MC-Recipe Digest by "Pamela Creeden" &lt;creedenites@sprintmail.com&gt;
  on May 7, 1998
 
</step></directions></recipe></recipeml>
