<?xml version="1.0" encoding="UTF-8"?>

<recipeml version="0.5">
  <recipe>
    <head>
      <title>Avocado-And-Scallop Ceviche</title>
      <categories>
        <cat>Appetizers</cat>
        <cat>Seafood</cat></categories>
      <yield>8</yield></head>
    <ingredients>
      <ing>
        <amt>
          <qty>1/2</qty>
          <unit>cups</unit></amt>
        <item>Fresh lime juice</item></ing>
      <ing>
        <amt>
          <qty>3</qty>
          <unit>tablespoons</unit></amt>
        <item>Peanut oil or vegetable oil</item></ing>
      <ing>
        <amt>
          <qty>24</qty>
          <unit/></amt>
        <item>Green peppercorns; crushed</item></ing>
      <ing>
        <amt>
          <qty/>
          <unit/></amt>
        <item>Salt</item></ing>
      <ing>
        <amt>
          <qty/>
          <unit/></amt>
        <item>Freshly ground black pepper</item></ing>
      <ing>
        <amt>
          <qty>3/4</qty>
          <unit>pounds</unit></amt>
        <item>Sea or bay scallops finely chopped</item></ing>
      <ing>
        <amt>
          <qty>1</qty>
          <unit>large</unit></amt>
        <item>Ripe avocado; peeled</item></ing>
      <ing>
        <amt>
          <qty>2</qty>
          <unit>tablespoons</unit></amt>
        <item>Fresh chives, chopped or scallions, chopped</item></ing>
      <ing>
        <amt>
          <qty>40</qty>
          <unit>small</unit></amt>
        <item>White mushrooms</item></ing>
      <ing>
        <amt>
          <qty>1/4</qty>
          <unit>cups</unit></amt>
        <item>Vegetable oil</item></ing>
      <ing>
        <amt>
          <qty>2</qty>
          <unit>tablespoons</unit></amt>
        <item>Fresh lemon juice</item></ing>
      <ing>
        <amt>
          <qty>1</qty>
          <unit>medium</unit></amt>
        <item>Garlic clove peeled and crushed</item></ing>
      <ing>
        <amt>
          <qty/>
          <unit/></amt>
        <item>Salt and pepper to taste</item></ing>
      <ing>
        <amt>
          <qty/>
          <unit/></amt>
        <item>Additional chives, optional (or scallions), for  garnish</item></ing></ingredients>
    <directions>
      <step>  COMBINE THE LIME JUICE, oil, peppercorns, salt and pepper together in a
  glass or ceramic bowl. Stir in the scallops, cover and refrigerate for at
  least 4 hours while they marinate. They should become opaque in this time.
  Mash the avocado until almost smooth, then add it along with the chives or
  scallions to the marinating scallops (do not drain them) and mix well. Set
  aside for at least 1/2 hour, refrigerated. About half an hour before
  serving the scallops, remove the stems from the mushrooms and wipe them to
  remove any dirt. Combine the vegetable oil, lemon juice, garlic, salt and
  pepper in a small bowl, and brush the insides of the mushrooms liberally
  with the mixture. Just before serving, drain the caps and fill with the
  scallop mixture. Garnish with additional chives, if desired.
  
  From Gemini's MASSIVE MealMaster collection at www.synapse.com/~gemini
 
</step></directions></recipe></recipeml>
