<?xml version="1.0" encoding="UTF-8"?>

<recipeml version="0.5">
  <recipe>
    <head>
      <title>Avocado and Bibb Lettuce Toss</title>
      <categories>
        <cat>Brunch for</cat>
        <cat>Salads and</cat>
        <cat>Canadian li</cat></categories>
      <yield>8</yield></head>
    <ingredients>
      <ing-div>
        <title/>
        <ing>
          <amt>
            <qty>1</qty>
            <unit/></amt>
          <item>Head bibb lettuce; separated</item></ing>
        <ing>
          <amt>
            <qty>2</qty>
            <unit/></amt>
          <item>Belgian endives; separated</item></ing>
        <ing>
          <amt>
            <qty>1</qty>
            <unit/></amt>
          <item>Head radicchio; separated, or 1 more endive</item></ing>
        <ing>
          <amt>
            <qty>1/2</qty>
            <unit/></amt>
          <item>Sweet red pepper; or green</item></ing>
        <ing>
          <amt>
            <qty>1/2</qty>
            <unit/></amt>
          <item>White or spanish onion</item></ing>
        <ing>
          <amt>
            <qty>2</qty>
            <unit/></amt>
          <item>Avocados</item></ing></ing-div>
      <ing-div>
        <title>CITRUS DRESSING</title>
        <ing>
          <amt>
            <qty>1/4</qty>
            <unit>cups</unit></amt>
          <item>Orange juice</item></ing>
        <ing>
          <amt>
            <qty>1</qty>
            <unit>tablespoon</unit></amt>
          <item>Red wine vinegar</item></ing>
        <ing>
          <amt>
            <qty>1</qty>
            <unit>teaspoon</unit></amt>
          <item>Dijon mustard</item></ing>
        <ing>
          <amt>
            <qty>1/2</qty>
            <unit>teaspoons</unit></amt>
          <item>Salt</item></ing>
        <ing>
          <amt>
            <qty>1</qty>
            <unit/></amt>
          <item>Clove garlic; minced</item></ing>
        <ing>
          <amt>
            <qty>1</qty>
            <unit>dash</unit></amt>
          <item>Hot pepper sauce</item></ing>
        <ing>
          <amt>
            <qty>1/2</qty>
            <unit>cups</unit></amt>
          <item>Olive oil</item></ing></ing-div></ingredients>
    <directions>
      <step>  Buy the avocados in plenty of time for them to ripen at room temperature.
  Prepare the Citrus Dressing ahead and have all the salad ingredients washed
  and dried.
  
  Citrus Dressing: In bowl, stir together orange juice, vinegar, mustard,
  salt, garlic and hot pepper sauce; whisk in oil. (Dressing can be covered
  and refrigerated for up to 2 days.)
  
  In large salad bowl, arrange Bibb lettuce, endive and radicchio. Cut red
  pepper into thin strips and onion into thin rings; add to bowl. Peel and
  pit avocados; cut into bite-size cubes and sprinkle over salad. Drizzle
  with enough dressing to moisten; toss well.
  
  Makes about 8 servings.
  
  Typos and 'Busting' courtesy of Peg Baldassari, March 18, 1998.
  
  Recipe by: Canadian Living
  
  Posted to recipelu-digest by Peg Baldassari &lt;Baldassari@compuserve.com&gt; on
  Mar 18, 1998
 
</step></directions></recipe></recipeml>
