<?xml version="1.0" encoding="UTF-8"?>

<recipeml version="0.5">
  <recipe>
    <head>
      <title>Avocado Filled with Crabmeat</title>
      <categories>
        <cat>Salads</cat>
        <cat>Seafood</cat></categories>
      <yield>4</yield></head>
    <ingredients>
      <ing-div>
        <title/>
        <ing>
          <amt>
            <qty>2</qty>
            <unit/></amt>
          <item>Avocados</item></ing>
        <ing>
          <amt>
            <qty>1/2</qty>
            <unit>pounds</unit></amt>
          <item>Crabmeat</item></ing>
        <ing>
          <amt>
            <qty>1</qty>
            <unit>dash</unit></amt>
          <item>Hot pepper sauce (opt.)</item></ing>
        <ing>
          <amt>
            <qty>1/4</qty>
            <unit>cups</unit></amt>
          <item>Minced celery</item></ing>
        <ing>
          <amt>
            <qty/>
            <unit/></amt>
          <item>Mayonnaise</item></ing>
        <ing>
          <amt>
            <qty/>
            <unit/></amt>
          <item>Lemon juice</item></ing>
        <ing>
          <amt>
            <qty/>
            <unit/></amt>
          <item>MSG (optional)</item></ing>
        <ing>
          <amt>
            <qty/>
            <unit/></amt>
          <item>Salt, pepper</item></ing>
        <ing>
          <amt>
            <qty/>
            <unit/></amt>
          <item>Shredded lettuce</item></ing>
        <ing>
          <amt>
            <qty>4</qty>
            <unit/></amt>
          <item>Hard cooked eggs; chopped</item></ing>
        <ing>
          <amt>
            <qty>4</qty>
            <unit/></amt>
          <item>Anchovy fillets</item></ing>
        <ing>
          <amt>
            <qty>4</qty>
            <unit/></amt>
          <item>Strips pimiento</item></ing>
        <ing>
          <amt>
            <qty>1</qty>
            <unit/></amt>
          <item>Lemon; cut in 4 wedges</item></ing>
        <ing>
          <amt>
            <qty>1</qty>
            <unit/></amt>
          <item>Tomato; cut in 4 wedges</item></ing>
        <ing>
          <amt>
            <qty/>
            <unit/></amt>
          <item>Black olives</item></ing>
        <ing>
          <amt>
            <qty/>
            <unit/></amt>
          <item>Parsley sprigs</item></ing></ing-div>
      <ing-div>
        <title>HERBED MAYONNAISE DRESSING</title>
        <ing>
          <amt>
            <qty>1</qty>
            <unit>cup</unit></amt>
          <item>Mayonnaise</item></ing>
        <ing>
          <amt>
            <qty>1</qty>
            <unit>dash</unit></amt>
          <item>Tarragon</item></ing>
        <ing>
          <amt>
            <qty>1</qty>
            <unit>dash</unit></amt>
          <item>Chervil</item></ing>
        <ing>
          <amt>
            <qty>2</qty>
            <unit>tablespoons</unit></amt>
          <item>Chopped chives</item></ing>
        <ing>
          <amt>
            <qty>2</qty>
            <unit>tablespoons</unit></amt>
          <item>Tomato puree (or more)</item></ing></ing-div></ingredients>
    <directions>
      <step>  Combine 1 cup mayonnaise, tarragon, chervil and chives. Add just enough
  tomato puree to give dressing a pourable consistency and delicate color.
  Set aside. To make salad, cut avocados in halves and remove seeds. Flake
  crabmeat and combine with hot pepper sauce, celery and enough mayonnaise to
  moisten. Season to taste with lemon juice, MSG, salt and pepper. Place
  avocado halves on shredded lettuce, fill with crab mixture and sprinkle
  generously with chopped eggs. Garnish with anchovies, pimiento strips,
  lemon and tomato wedges, olives and parsley. Serve dressing on side.
  
  From Gemini's MASSIVE MealMaster collection at www.synapse.com/~gemini
 
</step></directions></recipe></recipeml>
