<?xml version="1.0" encoding="UTF-8"?>

<recipeml version="0.5">
  <recipe>
    <head>
      <title>Avocado Jello Mold</title>
      <categories>
        <cat>Fruits</cat></categories>
      <yield>1</yield></head>
    <ingredients>
      <ing>
        <amt>
          <qty>6</qty>
          <unit/></amt>
        <item>8 cup</item></ing>
      <ing>
        <amt>
          <qty/>
          <unit/></amt>
        <item>Middle</item></ing>
      <ing>
        <amt>
          <qty>2</qty>
          <unit>packages</unit></amt>
        <item>Unflavored gelatin</item></ing>
      <ing>
        <amt>
          <qty>1</qty>
          <unit>cup</unit></amt>
        <item>Canned chicken broth</item></ing>
      <ing>
        <amt>
          <qty>2 1/2</qty>
          <unit>cups</unit></amt>
        <item>Mashed ripe avocado</item></ing>
      <ing>
        <amt>
          <qty>1 1/2</qty>
          <unit>teaspoons</unit></amt>
        <item>Lime juice</item></ing>
      <ing>
        <amt>
          <qty>2</qty>
          <unit>tablespoons</unit></amt>
        <item>Grated onion</item></ing>
      <ing>
        <amt>
          <qty>1/2</qty>
          <unit>teaspoons</unit></amt>
        <item>Worshireshire sauce</item></ing>
      <ing>
        <amt>
          <qty/>
          <unit/></amt>
        <item>Salt -- to taste</item></ing>
      <ing>
        <amt>
          <qty>1/2</qty>
          <unit>cups</unit></amt>
        <item>Sour cream</item></ing>
      <ing>
        <amt>
          <qty>3/4</qty>
          <unit>cups</unit></amt>
        <item>Mayonaise</item></ing>
      <ing>
        <amt>
          <qty/>
          <unit/></amt>
        <item>Green food coloring</item></ing>
      <ing>
        <amt>
          <qty/>
          <unit/></amt>
        <item>Mold with a hole -- in the</item></ing></ingredients>
    <directions>
      <step>  1. Combine gelatin with chicken broth. Let stand for 5 minutes.  Heat
  slowly and then set aside til dissolved. 2. Combine the mashed avocado,
  lime juice, salt, worshireshire sauce, grated onion, sour cream, and
  mayonaise. Add a little green coloring. 3. Fold all together and put into a
  buttered mold and refrigerate to set. DRESSING (OPTIONAL. Flavor is
  sweet/tart 6 tablespoons frozen lemonade 2 eggs, well beaten (safer to use
  1/2 cup mayonaise) 1 cup heavy cream 1/4 cup sugar 1. Heat the lemonade,
  slowly add to well beaten eggs, (or mayonaise) then add the sugar. 2. Whip
  cream and slowly blend into mixture.  You can put anything you want in the
  center of the mold (I like big strawberries) or you can just leave it
  empty!
  
  Recipe By     : RUBYdakoda
  
  File ftp://ftp.idiscover.co.uk/pub/food/mealmaster/recipes/mmdja006.zip
 
</step></directions></recipe></recipeml>
