<?xml version="1.0" encoding="UTF-8"?>

<recipeml version="0.5">
  <recipe>
    <head>
      <title>Avocado-Chicken Dip</title>
      <categories>
        <cat>Snacks</cat>
        <cat>Appetizers</cat></categories>
      <yield>2</yield></head>
    <ingredients>
      <ing>
        <amt>
          <qty>1</qty>
          <unit>cup</unit></amt>
        <item>Finely chopped cooked --</item></ing>
      <ing>
        <amt>
          <qty/>
          <unit/></amt>
        <item>Chicken OR</item></ing>
      <ing>
        <amt>
          <qty>6 3/4</qty>
          <unit>ounces</unit></amt>
        <item>Can chunk-style chicken --</item></ing>
      <ing>
        <amt>
          <qty/>
          <unit/></amt>
        <item>Drained and finely c</item></ing>
      <ing>
        <amt>
          <qty>1</qty>
          <unit>medium</unit></amt>
        <item>Ripe avocado; seeded --</item></ing>
      <ing>
        <amt>
          <qty/>
          <unit/></amt>
        <item>Peeled</item></ing>
      <ing>
        <amt>
          <qty/>
          <unit/></amt>
        <item>Chopped</item></ing>
      <ing>
        <amt>
          <qty>1</qty>
          <unit>small</unit></amt>
        <item>Tomato -- seeded and</item></ing>
      <ing>
        <amt>
          <qty/>
          <unit/></amt>
        <item>Chopped</item></ing>
      <ing>
        <amt>
          <qty>1/4</qty>
          <unit>cups</unit></amt>
        <item>Onion -- chopped</item></ing>
      <ing>
        <amt>
          <qty>2</qty>
          <unit>tablespoons</unit></amt>
        <item>Pickled jalapeno peppers --</item></ing>
      <ing>
        <amt>
          <qty/>
          <unit/></amt>
        <item>Rinsed, chopped, see</item></ing>
      <ing>
        <amt>
          <qty>1</qty>
          <unit/></amt>
        <item>Clove garlic -- minced</item></ing>
      <ing>
        <amt>
          <qty>1/2</qty>
          <unit>cups</unit></amt>
        <item>Dairy sour cream</item></ing>
      <ing>
        <amt>
          <qty>1/4</qty>
          <unit>cups</unit></amt>
        <item>Milk</item></ing>
      <ing>
        <amt>
          <qty>2</qty>
          <unit>tablespoons</unit></amt>
        <item>Mayonnaise or salad</item></ing>
      <ing>
        <amt>
          <qty/>
          <unit/></amt>
        <item>Dressing</item></ing>
      <ing>
        <amt>
          <qty>2</qty>
          <unit>teaspoons</unit></amt>
        <item>Lemon juice</item></ing>
      <ing>
        <amt>
          <qty>1/4</qty>
          <unit>teaspoons</unit></amt>
        <item>Dried oregano -- crushed</item></ing>
      <ing>
        <amt>
          <qty>1/8</qty>
          <unit>teaspoons</unit></amt>
        <item>Salt</item></ing>
      <ing>
        <amt>
          <qty/>
          <unit/></amt>
        <item>Avocado slices (optional)</item></ing>
      <ing>
        <amt>
          <qty/>
          <unit/></amt>
        <item>Oven-Crisp Tortilla Chips --</item></ing>
      <ing>
        <amt>
          <qty/>
          <unit/></amt>
        <item>Or tortilla chips</item></ing></ingredients>
    <directions>
      <step>  In a mixing bowl stir together the finely chopped cooked chicken or drained
  and finely chopped canned chicken, chopped avocado, seeded and chopped
  tomato, chopped onion, seeded and chopped pickled jalapeno peppers, and
  minced garlic.
  
  Stir in the sour cream, milk, mayonnaise or salad dressing, lemon juice,
  dried oregano, and salt.  Stir till ingredients are thoroughly combined.
  Cover and chill till serving time.
  
  If desired, garnish the dip with avocado slices. Serve with Oven-Crisp
  Tortilla Chips or other tortilla chips. Makes about 2 3/4 cups dip.
  
  Oven-Crisp Tortilla Chips:  Here's an easy way to make your own tortilla
  chips without frying them.  Cut flour tortillas into wedges with kitchen
  shears or a knife. Place the wedges on an ungreased baking sheet and toast
  in a 350F oven for 10 to 12 minutes or till dry and crisp. You'll find
  they're sturdy for dipping, there's no messy cleanup, and the chips are
  lower in calories than those you buy in the store.
  
  from Better Homes and Gardens "Super Snacks" "Super-Cool Nibbles" posted by
  Tiffany Hall-Graham
  
  Recipe By     :
  
  File ftp://ftp.idiscover.co.uk/pub/food/mealmaster/recipes/mmdja006.zip
 
</step></directions></recipe></recipeml>
