<?xml version="1.0" encoding="UTF-8"?>

<recipeml version="0.5">
  <recipe>
    <head>
      <title>Avocado Basil Dressing</title>
      <categories>
        <cat>None</cat></categories>
      <yield>1</yield></head>
    <ingredients>
      <ing>
        <amt>
          <qty>1/3</qty>
          <unit>pounds</unit></amt>
        <item>Soft tofu</item></ing>
      <ing>
        <amt>
          <qty>1</qty>
          <unit/></amt>
        <item>Ripe avocado; pitted &amp; peeled</item></ing>
      <ing>
        <amt>
          <qty>1/2</qty>
          <unit>cups</unit></amt>
        <item>Water</item></ing>
      <ing>
        <amt>
          <qty>1/4</qty>
          <unit>cups</unit></amt>
        <item>Extra virgin olive oil</item></ing>
      <ing>
        <amt>
          <qty>1/4</qty>
          <unit>cups</unit></amt>
        <item>Light miso</item></ing>
      <ing>
        <amt>
          <qty>2</qty>
          <unit>tablespoons</unit></amt>
        <item>Rice vinegar</item></ing>
      <ing>
        <amt>
          <qty>1</qty>
          <unit>tablespoon</unit></amt>
        <item>Fresh lemon juice</item></ing>
      <ing>
        <amt>
          <qty>2</qty>
          <unit>tablespoons</unit></amt>
        <item>Minced onion</item></ing>
      <ing>
        <amt>
          <qty>1</qty>
          <unit/></amt>
        <item>Clove garlic; minced</item></ing>
      <ing>
        <amt>
          <qty>1/4</qty>
          <unit>cups</unit></amt>
        <item>Fresh basil; minced</item></ing></ingredients>
    <directions>
      <step>  Bring 2 cups of water to simmer, add tofu and simmer for 2 minutes. Drain
  and cool tofu to room temperature in cold water- drain again. Puree tofu
  
  with next 8 ingredients in blender or food processor. Stir in basil. Use
  
  immediately or refrigerate until serving.
  
  Cook's Illustrated, Nov./Dec. 1992, Page 30. Credit: Laurel Vukovic.
  
  Nationality: USA Course: salad dressing Season:any Method: boiled
  
  Start to Finish 15 minutes Preparation 5 minutes Attention 10 minutes
  Finishing a minute or less
  
  NOTES : Refresh your tofu by simmering or steaming it for 2 minutes.
  (Unused tofu will keep, refrigerated, for a week-, cover in water and
  change water daily.) Serve this rich dressing over mixed greens or on a
  salad of basmati rice, corn, and red peppers.
  Posted to MC-Recipe Digest by "Hobbs, D B                 USO"
  &lt;hobbs@lbcapo1.uso.unisys.com&gt; on Mar 19, 1998
 
</step></directions></recipe></recipeml>
