<?xml version="1.0" encoding="UTF-8"?>

<recipeml version="0.5">
  <recipe>
    <head>
      <title>Avocado and Cucumber Soup (No Cooking Required)</title>
      <categories>
        <cat>None</cat></categories>
      <yield>1</yield></head>
    <ingredients>
      <ing>
        <amt>
          <qty>2</qty>
          <unit>medium</unit></amt>
        <item>Cuccumbers. seed if the seeds are large. peel if waxed or not grown organically. chop, reserve 1 C</item></ing>
      <ing>
        <amt>
          <qty>2</qty>
          <unit/></amt>
        <item>Nice and ripe avocados; pitted and peeled</item></ing>
      <ing>
        <amt>
          <qty>5</qty>
          <unit/></amt>
        <item>Cloves of garlic</item></ing>
      <ing>
        <amt>
          <qty>1/2</qty>
          <unit>cups</unit></amt>
        <item>Packed fresh parsley don't bother to mince, just wash</item></ing>
      <ing>
        <amt>
          <qty>2</qty>
          <unit>cups</unit></amt>
        <item>Plain non fat yoghurt</item></ing>
      <ing>
        <amt>
          <qty>1</qty>
          <unit>cup</unit></amt>
        <item>Water (or 1 C ice cubes)</item></ing>
      <ing>
        <amt>
          <qty>3</qty>
          <unit/></amt>
        <item>Chopped scallions</item></ing>
      <ing>
        <amt>
          <qty/>
          <unit/></amt>
        <item>White pepper</item></ing></ingredients>
    <directions>
      <step>  In a bowl, combine all but 1 C of the cuccumber, avocadoes, garlic,
  parsley, yoghurt, water or ice cubes, pepper. In a blender puree this
  mixture in batches until smooth, transfering it to a bowl or pitcher.. When
  everything is blended, add in the reserved cup of cukes and the scallions.
  Mix and chill at least 1 hour.
  
  Variation: I don't recommend this, but I did see someone put vodka into his
  bowl of soup once. He said that if we can mix vodka with tomato juice, why
  not with avocado and cuccumbers.... Posted to fatfree digest V97 #179 by
  Gloriamarie Amalfitano &lt;gma@adnc.com&gt; on Aug 14, 1997
 
</step></directions></recipe></recipeml>
