<?xml version="1.0" encoding="UTF-8"?>

<recipeml version="0.5">
  <recipe>
    <head>
      <title>Avocado and Crab Enchiladas</title>
      <categories>
        <cat>Seafood</cat>
        <cat>Mexican</cat></categories>
      <yield>6</yield></head>
    <ingredients>
      <ing>
        <amt>
          <qty>1/4</qty>
          <unit>cups</unit></amt>
        <item>Chopped onion -- finely</item></ing>
      <ing>
        <amt>
          <qty/>
          <unit/></amt>
        <item>Choppe</item></ing>
      <ing>
        <amt>
          <qty>1/4</qty>
          <unit>cups</unit></amt>
        <item>Black olives -- chopped</item></ing>
      <ing>
        <amt>
          <qty>1/4</qty>
          <unit>cups</unit></amt>
        <item>Fresh mushrooms -- sliced</item></ing>
      <ing>
        <amt>
          <qty>2</qty>
          <unit>tablespoons</unit></amt>
        <item>Butter</item></ing>
      <ing>
        <amt>
          <qty>1</qty>
          <unit>pound</unit></amt>
        <item>Crab meat -- fresh or</item></ing>
      <ing>
        <amt>
          <qty/>
          <unit/></amt>
        <item>Frozen</item></ing>
      <ing>
        <amt>
          <qty>1</qty>
          <unit/></amt>
        <item>Avocado -- mashed</item></ing>
      <ing>
        <amt>
          <qty>1 1/2</qty>
          <unit>cups</unit></amt>
        <item>Sour cream -- divided</item></ing>
      <ing>
        <amt>
          <qty>1</qty>
          <unit>teaspoon</unit></amt>
        <item>Lemon juice</item></ing>
      <ing>
        <amt>
          <qty>3</qty>
          <unit>dashes</unit></amt>
        <item>Tabasco sauce</item></ing>
      <ing>
        <amt>
          <qty>12</qty>
          <unit/></amt>
        <item>Tortillas</item></ing>
      <ing>
        <amt>
          <qty/>
          <unit/></amt>
        <item>Peanut oil -- hot</item></ing>
      <ing>
        <amt>
          <qty>1</qty>
          <unit>cup</unit></amt>
        <item>Cheddar cheese -- grated</item></ing></ingredients>
    <directions>
      <step>  Recipe by: From the files of CherAn Saute onion, chopped olives and
  mushrooms in butter.  Remove from heat and stir in crabmeat, avocado mixed
  with 1 cup sour cream, lemon juice and Tabasco sauce. Dip each tortilla
  into hot oil and drain on absorbent paper.
  
  Fill each tortilla with some of the crab mixture, roll and place seam-side
  down in buttered 9 by 11 inch casserole. Cover with remaining sour cream
  and sprinkle with cheese. Bake at 350 for 20 minutes and serve immediately.
  
  Cooked, chopped shrimp may be substituted for crab.
  
  Recipe By     :
  
  File ftp://ftp.idiscover.co.uk/pub/food/mealmaster/recipes/mmdja006.zip
 
</step></directions></recipe></recipeml>
