<?xml version="1.0" encoding="UTF-8"?>

<recipeml version="0.5">
  <recipe>
    <head>
      <title>Avocado Orange Soup</title>
      <categories>
        <cat>Soups</cat>
        <cat>*tabasco</cat></categories>
      <yield>4</yield></head>
    <ingredients>
      <ing>
        <amt>
          <qty>2</qty>
          <unit>large</unit></amt>
        <item>Ripe avocados; pitted</item></ing>
      <ing>
        <amt>
          <qty>1</qty>
          <unit>cup</unit></amt>
        <item>Fresh orange juice</item></ing>
      <ing>
        <amt>
          <qty>1</qty>
          <unit>cup</unit></amt>
        <item>Plain yogurt</item></ing>
      <ing>
        <amt>
          <qty>1/2</qty>
          <unit>teaspoons</unit></amt>
        <item>TABASCO pepper sauce</item></ing>
      <ing>
        <amt>
          <qty>1/4</qty>
          <unit>teaspoons</unit></amt>
        <item>Salt</item></ing>
      <ing>
        <amt>
          <qty/>
          <unit/></amt>
        <item>Orange slices</item></ing></ingredients>
    <directions>
      <step>  In food processor or blender, blend avocados and orange juice. Add yogurt,
  TABASCO sauce and salt. Blend until smooth. Refrigerate until ready to
  serve. Garnish with orange slices.
  
  Busted by Karen Sonnessa &lt;ksonness@suffolk.lib.ny.us&gt;
  
  Recipe by: Tabasco www.tabasco.com
  
  Posted to MC-Recipe Digest by "Karen Sonnessa" &lt;ksonness@suffolk.lib.ny.us&gt;
  on Mar 29, 1998
 
</step></directions></recipe></recipeml>
