<?xml version="1.0" encoding="UTF-8"?>

<recipeml version="0.5">
  <recipe>
    <head>
      <title>Avocado and Shrimp Salad</title>
      <categories>
        <cat>Fish and se</cat>
        <cat>Salads</cat></categories>
      <yield>2</yield></head>
    <ingredients>
      <ing>
        <amt>
          <qty>3</qty>
          <unit>tablespoons</unit></amt>
        <item>Olive oil</item></ing>
      <ing>
        <amt>
          <qty>2</qty>
          <unit>tablespoons</unit></amt>
        <item>White wine vinegar --</item></ing>
      <ing>
        <amt>
          <qty/>
          <unit/></amt>
        <item>Preferably French</item></ing>
      <ing>
        <amt>
          <qty>1</qty>
          <unit>teaspoon</unit></amt>
        <item>Dijon mustard</item></ing>
      <ing>
        <amt>
          <qty>1</qty>
          <unit>pound</unit></amt>
        <item>Cooked shrimp -- deveined</item></ing>
      <ing>
        <amt>
          <qty/>
          <unit/></amt>
        <item>Shelled</item></ing>
      <ing>
        <amt>
          <qty/>
          <unit/></amt>
        <item>Cubed</item></ing>
      <ing>
        <amt>
          <qty>1</qty>
          <unit>cup</unit></amt>
        <item>Mayonnaise</item></ing>
      <ing>
        <amt>
          <qty>2</qty>
          <unit>tablespoons</unit></amt>
        <item>Chili sauce</item></ing>
      <ing>
        <amt>
          <qty>1</qty>
          <unit>large</unit></amt>
        <item>Garlic clove -- minced</item></ing>
      <ing>
        <amt>
          <qty/>
          <unit/></amt>
        <item>Hot pepper sauce</item></ing>
      <ing>
        <amt>
          <qty/>
          <unit/></amt>
        <item>Salt</item></ing>
      <ing>
        <amt>
          <qty/>
          <unit/></amt>
        <item>Pepper -- freshly ground</item></ing>
      <ing>
        <amt>
          <qty>1</qty>
          <unit>large</unit></amt>
        <item>Avocado -- ripe</item></ing>
      <ing>
        <amt>
          <qty>1/2</qty>
          <unit/></amt>
        <item>Lemon juice</item></ing>
      <ing>
        <amt>
          <qty>2</qty>
          <unit>tablespoons</unit></amt>
        <item>Fresh dill -- finely minced</item></ing>
      <ing>
        <amt>
          <qty>2</qty>
          <unit>tablespoons</unit></amt>
        <item>Fresh chives -- finely</item></ing>
      <ing>
        <amt>
          <qty/>
          <unit/></amt>
        <item>Minced</item></ing>
      <ing>
        <amt>
          <qty/>
          <unit/></amt>
        <item>Dill weed sprigs -- garnish</item></ing>
      <ing>
        <amt>
          <qty/>
          <unit/></amt>
        <item>Lemon wedges -- garnish</item></ing>
      <ing>
        <amt>
          <qty/>
          <unit/></amt>
        <item>Avocado slices -- garnish</item></ing></ingredients>
    <directions>
      <step>  Whisk together first 3 ingregients until will blended.  Add to shrimp, toss
  thoroughly, cover and marinate.
  
  Meanwhile, whisk mayonaise, chili sauce, garlic, hot pepper sauce, salt and
  pepper until smooth.  Set aside.
  
  Peel, pit, and cube avocado.  Sprinkle with lemon juice.
  
  Drain shrimp.  Add cubed avocado, dill and chives and toss lightly.  Fold
  in
  enough mayonnaise mixture to coat lightly.  Taste and adjust seasonings.
  Cover and chill until ready to serve.
  
  Divide salad among chilled plates and garnish with dill sprigs, lemon
  wedges
  and avocado slices.
  
  Posted to MC-Recipe Digest V1 #155
  
  Date: Tue, 16 Jul 96 00:04:07 UT
  
  From: "rasta  or Suz " &lt;rastamanmon@msn.com&gt;
  
  Recipe By     : Bon Appetit's TOO BUSY TO COOK?
 
</step></directions></recipe></recipeml>
