<?xml version="1.0" encoding="UTF-8"?>

<recipeml version="0.5">
  <recipe>
    <head>
      <title>Avocado and Pineapple Milkshake</title>
      <categories>
        <cat>Barry</cat></categories>
      <yield>1</yield></head>
    <ingredients>
      <ing>
        <amt>
          <qty>1</qty>
          <unit>large</unit></amt>
        <item>Very Ripe avocado pear</item></ing>
      <ing>
        <amt>
          <qty>1</qty>
          <unit>pint</unit></amt>
        <item>Semi-skimmed milk</item></ing>
      <ing>
        <amt>
          <qty>6</qty>
          <unit>ounces</unit></amt>
        <item>Pineapple cubes</item></ing>
      <ing>
        <amt>
          <qty>1/2</qty>
          <unit>cups</unit></amt>
        <item>Ice Cubes</item></ing>
      <ing>
        <amt>
          <qty/>
          <unit>pinches</unit></amt>
        <item>Salt</item></ing></ingredients>
    <directions>
      <step>  Scoop the avocado out of the skin. Discard the stone and put the flesh into
  a liquidiser or mash it. Add to the milk, ice cubes, ice cubes, crushed
  pineapple chunks and salt, and process until thoroughly blended in and the
  whole mixture is nice and frothy. Pour into glasses and serve with a
  swizzle stick of celery.
  
  Source: Michael Barry, Yes! Magazone
  
  From Gemini's MASSIVE MealMaster collection at www.synapse.com/~gemini
 
</step></directions></recipe></recipeml>
