<?xml version="1.0" encoding="UTF-8"?>

<recipeml version="0.5">
  <recipe>
    <head>
      <title>Avocados with Roquefort</title>
      <categories>
        <cat>Appetizers</cat>
        <cat>Cheese</cat>
        <cat>Fruits/nuts</cat>
        <cat>Beverages</cat></categories>
      <yield>4</yield></head>
    <ingredients>
      <ing>
        <amt>
          <qty>2 1/2</qty>
          <unit>ounces</unit></amt>
        <item>Roquefort cheese</item></ing>
      <ing>
        <amt>
          <qty>1</qty>
          <unit>tablespoon</unit></amt>
        <item>Minced fresh parsley</item></ing>
      <ing>
        <amt>
          <qty>3</qty>
          <unit>tablespoons</unit></amt>
        <item>Olive oil</item></ing>
      <ing>
        <amt>
          <qty>3</qty>
          <unit>tablespoons</unit></amt>
        <item>Fresh lemon juice</item></ing>
      <ing>
        <amt>
          <qty/>
          <unit/></amt>
        <item>Salt</item></ing>
      <ing>
        <amt>
          <qty/>
          <unit/></amt>
        <item>Freshly ground white pepper</item></ing>
      <ing>
        <amt>
          <qty>2</qty>
          <unit/></amt>
        <item>Avocados</item></ing>
      <ing>
        <amt>
          <qty/>
          <unit/></amt>
        <item>Boston lettuce leaves</item></ing>
      <ing>
        <amt>
          <qty/>
          <unit/></amt>
        <item>Sliced ripe olives</item></ing></ingredients>
    <directions>
      <step>  1. Mash cheese with parsely into coarse paste in medium bowl with fork.
  Whisk olive oil and 2 tablespoons of the lemon juice in small bowl; stir
  into cheese mixture.  Season to taste with salt and pepper. 2. Cut avocados
  lengthwise in half; remove pits. Scoop two thirds of the flesh out of each
  avocado half, leaving a thin shell, and add to cheese mixture; mix well.
  Taste and adjust seasoning. Sprinkle insides of avocado shells with
  remaining lemon juice; place on serving plate lined with lettuce leaves.
  Spoon cheese mixture into avocado shells, dividing evenly. Garnish with
  olives.
  
  From Gemini's MASSIVE MealMaster collection at www.synapse.com/~gemini
 
</step></directions></recipe></recipeml>
