<?xml version="1.0" encoding="UTF-8"?>

<recipeml version="0.5">
  <recipe>
    <head>
      <title>Avocado Dressing</title>
      <categories>
        <cat>None</cat></categories>
      <yield>1</yield></head>
    <ingredients>
      <ing>
        <amt>
          <qty>1</qty>
          <unit/></amt>
        <item>Ripe avocado; peeled and mashed</item></ing>
      <ing>
        <amt>
          <qty>3/4</qty>
          <unit>cups</unit></amt>
        <item>Sour cream</item></ing>
      <ing>
        <amt>
          <qty>1 1/2</qty>
          <unit>tablespoons</unit></amt>
        <item>Lime juice</item></ing>
      <ing>
        <amt>
          <qty>2</qty>
          <unit/></amt>
        <item>Cloves garlic; crushed</item></ing>
      <ing>
        <amt>
          <qty>1/2</qty>
          <unit>teaspoons</unit></amt>
        <item>Ground cumin</item></ing>
      <ing>
        <amt>
          <qty>1/4</qty>
          <unit>teaspoons</unit></amt>
        <item>Salt</item></ing>
      <ing>
        <amt>
          <qty>1/4</qty>
          <unit>teaspoons</unit></amt>
        <item>Ground red pepper</item></ing>
      <ing>
        <amt>
          <qty>2</qty>
          <unit>tablespoons</unit></amt>
        <item>Vegetable oil</item></ing></ingredients>
    <directions>
      <step>  Combine first 7 ingredients in a mixing bowl; beat at medium speed with an
  electric mixer until smooth. Add oil, 1 tablespoon at a time, beating until
  blended. Cover and chill at least 3 hours.
  
  Posted to EAT-L Digest  by Aquasea221 &lt;Aquasea221@AOL.COM&gt; on Jan 21, 1998
 
</step></directions></recipe></recipeml>
