<?xml version="1.0" encoding="UTF-8"?>

<recipeml version="0.5">
  <recipe>
    <head>
      <title>Avocado Cake with Dates</title>
      <categories>
        <cat>Cake</cat></categories>
      <yield>12</yield></head>
    <ingredients>
      <ing>
        <amt>
          <qty/>
          <unit/></amt>
        <item>Nonstick cooking spray or butter</item></ing>
      <ing>
        <amt>
          <qty>1 1/2</qty>
          <unit>cups</unit></amt>
        <item>Cake flour</item></ing>
      <ing>
        <amt>
          <qty>1 1/3</qty>
          <unit>cups</unit></amt>
        <item>Granulated sugar</item></ing>
      <ing>
        <amt>
          <qty>1/2</qty>
          <unit>teaspoons</unit></amt>
        <item>Ground cinnamon</item></ing>
      <ing>
        <amt>
          <qty>1/2</qty>
          <unit>teaspoons</unit></amt>
        <item>Ground nutmeg</item></ing>
      <ing>
        <amt>
          <qty>1/2</qty>
          <unit>teaspoons</unit></amt>
        <item>Ground allspice</item></ing>
      <ing>
        <amt>
          <qty>1 1/2</qty>
          <unit>teaspoons</unit></amt>
        <item>Baking soda</item></ing>
      <ing>
        <amt>
          <qty>1/2</qty>
          <unit>teaspoons</unit></amt>
        <item>Salt</item></ing>
      <ing>
        <amt>
          <qty>1</qty>
          <unit>cup</unit></amt>
        <item>Mashed avocados (about 1 1/2 avocados)</item></ing>
      <ing>
        <amt>
          <qty>1/2</qty>
          <unit>cups</unit></amt>
        <item>Thawed frozen nonfat egg substitute (equivalent to 2 eggs)</item></ing>
      <ing>
        <amt>
          <qty>1/3</qty>
          <unit>cups</unit></amt>
        <item>Nonfat milk</item></ing>
      <ing>
        <amt>
          <qty>1</qty>
          <unit>cup</unit></amt>
        <item>Chopped dates</item></ing>
      <ing>
        <amt>
          <qty/>
          <unit/></amt>
        <item>Powdered sugar (optional)</item></ing>
      <ing>
        <amt>
          <qty/>
          <unit/></amt>
        <item>Additional dates; slivered</item></ing></ingredients>
    <directions>
      <step>  From: christi@lexis-nexis.com (Christi Wilson)
  
  Date: 26 Oct 1995 10:00:52 -0500
  Spray a nonstick 9-inch-square baking pan with nonstick cooking spray or
  lightly brush with butter.
  
  Sift together cake flour, sugar, cinnamon, nutmeg, allspice, baking soda
  and salt in large bowl. Blend together avocados, egg substitute and nonfat
  milk in small bowl. Stir into dry ingredients along with dates until
  blended. Spread evenly into prepared pan.
  
  Bake at 325 degrees 30 to 35 minutes or until wood pick inserted in center
  comes out clean. Cool in pan. Sprinkle lightly with powdered sugar. Garnish
  top with a few slivers of dates, if desired.
  
  Per serving: 217 calories, 4 gm fat, no cholesterol, 119 mg sodium.
  
  REC.FOOD.RECIPES ARCHIVES
  
  /CAKES
  
  From rec.food.cooking archives.  Downloaded from Glen's MM Recipe Archive,
  http://www.erols.com/hosey.
 
</step></directions></recipe></recipeml>
