<?xml version="1.0" encoding="UTF-8"?>

<recipeml version="0.5">
  <recipe>
    <head>
      <title>Avocado Muffins</title>
      <categories>
        <cat>Bread</cat></categories>
      <yield>12</yield></head>
    <ingredients>
      <ing-div>
        <title>WET MIX</title>
        <ing>
          <amt>
            <qty>1/4</qty>
            <unit>cups</unit></amt>
          <item>Margarine</item></ing>
        <ing>
          <amt>
            <qty>1/4</qty>
            <unit>cups</unit></amt>
          <item>Sugar</item></ing>
        <ing>
          <amt>
            <qty>1</qty>
            <unit/></amt>
          <item>Egg</item></ing>
        <ing>
          <amt>
            <qty>1</qty>
            <unit/></amt>
          <item>Avocado; pureed</item></ing>
        <ing>
          <amt>
            <qty>1</qty>
            <unit>cup</unit></amt>
          <item>Toasted slivered almonds</item></ing>
        <ing>
          <amt>
            <qty>1</qty>
            <unit>cup</unit></amt>
          <item>Milk</item></ing></ing-div>
      <ing-div>
        <title>DRY MIX</title>
        <ing>
          <amt>
            <qty>2</qty>
            <unit>cups</unit></amt>
          <item>Self-raising flour</item></ing></ing-div></ingredients>
    <directions>
      <step>   Preheat oven to 400øF &amp; prepare pans. Cream butter &amp; sugar &amp; beat in the
  egg. Blend in the avocado &amp; milk &amp; mix in the nuts. Lastly add the flour &amp;
  mix gently but thoroughly until the ingredients are moistened &amp; combined.
  Place in pans and sprinkle each muffin with topping. Bake for 20-25 mins.
  Makes 10-12.
  
   Note: I also add a little grated lemon rind. Almonds may be toasted
  quickly in the microwave or in a dry frying pan, stir constantly to stop
  burning. These muffins are one of my favourites.
  
  REC.FOOD.RECIPES
  
  From rec.food.cooking archives.  Downloaded from Glen's MM Recipe Archive,
  http://www.erols.com/hosey.
 
</step></directions></recipe></recipeml>
