<?xml version="1.0" encoding="UTF-8"?>

<recipeml version="0.5">
  <recipe>
    <head>
      <title>Avocado and Shrimp Terrine</title>
      <categories>
        <cat>Appetizers</cat>
        <cat>Southwester</cat></categories>
      <yield>1</yield></head>
    <ingredients>
      <ing-div>
        <title>FOR MOUSSE</title>
        <ing>
          <amt>
            <qty>8</qty>
            <unit>small</unit></amt>
          <item>Avocado; ripe, haas*</item></ing>
        <ing>
          <amt>
            <qty>4</qty>
            <unit/></amt>
          <item>Lemons; juiced</item></ing>
        <ing>
          <amt>
            <qty>1</qty>
            <unit>tablespoon</unit></amt>
          <item>Dijon mustard</item></ing>
        <ing>
          <amt>
            <qty/>
            <unit>dashes</unit></amt>
          <item>Worcestershire sauce</item></ing>
        <ing>
          <amt>
            <qty/>
            <unit/></amt>
          <item>Salt and white pepper</item></ing>
        <ing>
          <amt>
            <qty>1/2</qty>
            <unit>cups</unit></amt>
          <item>Heavy cream</item></ing></ing-div>
      <ing-div>
        <title>SAUCE</title>
        <ing>
          <amt>
            <qty>8</qty>
            <unit/></amt>
          <item>Plum tomatoes; peel, seed, dice</item></ing>
        <ing>
          <amt>
            <qty>3</qty>
            <unit>tablespoons</unit></amt>
          <item>Heavy cream</item></ing>
        <ing>
          <amt>
            <qty>1</qty>
            <unit>tablespoon</unit></amt>
          <item>Lemon juice; fresh</item></ing>
        <ing>
          <amt>
            <qty>2</qty>
            <unit>tablespoons</unit></amt>
          <item>Basil; fresh, chopped</item></ing>
        <ing>
          <amt>
            <qty/>
            <unit/></amt>
          <item>Salt and pepper</item></ing></ing-div>
      <ing-div>
        <title>SHRIMP</title>
        <ing>
          <amt>
            <qty>1</qty>
            <unit>cup</unit></amt>
          <item>Dry white wine</item></ing>
        <ing>
          <amt>
            <qty>1</qty>
            <unit>cup</unit></amt>
          <item>Water</item></ing>
        <ing>
          <amt>
            <qty/>
            <unit/></amt>
          <item>Salt and pepper</item></ing>
        <ing>
          <amt>
            <qty>2</qty>
            <unit>pounds</unit></amt>
          <item>Shrimp; fresh, cleaned</item></ing></ing-div></ingredients>
    <directions>
      <step>  *Should have 7 to 8 cups of pulp.
  
  Line a 9x5 inch loaf pan with parchment paper, leaving tags hanging over
  edge.  Peel 6 avocados and mash well with mustard, Worcestershire, lemon
  juice, salt and pepper.  Whip cream to soft peaks.  Fold whipped cream into
  avocado.  Pour half mixture in loaf pan and bang on table to level and
  drive out air bubbles. Peel two remaining avocados and halve them. Place
  cut side down up mold. Tap mold again. Top with rest of mousse. Tap, smooth
  top, and put a piece of parchment right on surface of mousse.  Chill.
  
  For sauce, stew tomatoes, cream, lemon juice for about 5 minutes, stirring
  frequently.   Cool and add basil and s&amp;p if needed.
  
  Bring wine and water to boil.  Add salt and shrimp.  Simmer gently 'til
  done, remove, drain and cool.
  
  Unmold mousse.  Spread sauce on long edges of mold letting it drip down the
  sides.  Garnish center of mold with shrimp, and green things like chives or
  cilantro.  Take your bows!
  Posted to EAT-L Digest 02 Sep 96
  
  Date:    Tue, 3 Sep 1996 18:01:46 -0500
  
  From:    Johnette Hassell &lt;hassell@EECS.TULANE.EDU&gt;
 
</step></directions></recipe></recipeml>
