<?xml version="1.0" encoding="UTF-8"?>

<recipeml version="0.5">
  <recipe>
    <head>
      <title>Avocado and Wehani Rice Salad (Hominy Grill)</title>
      <categories>
        <cat>Salads</cat>
        <cat>Grains</cat></categories>
      <yield>4</yield></head>
    <ingredients>
      <ing>
        <amt>
          <qty>1</qty>
          <unit>cup</unit></amt>
        <item>Wehani rice</item></ing>
      <ing>
        <amt>
          <qty>3</qty>
          <unit/></amt>
        <item>Ripe plum tomatoes; seeded and diced</item></ing>
      <ing>
        <amt>
          <qty>1/4</qty>
          <unit>cups</unit></amt>
        <item>Diced red onion</item></ing>
      <ing>
        <amt>
          <qty>1</qty>
          <unit>small</unit></amt>
        <item>Jalapeno pepper; seeded and diced</item></ing>
      <ing>
        <amt>
          <qty>1/4</qty>
          <unit>cups</unit></amt>
        <item>Finely chopped cilantro</item></ing>
      <ing>
        <amt>
          <qty>1/4</qty>
          <unit>cups</unit></amt>
        <item>Extra virgin olive oil</item></ing>
      <ing>
        <amt>
          <qty>1</qty>
          <unit>tablespoon</unit></amt>
        <item>Lime juice</item></ing>
      <ing>
        <amt>
          <qty>1/8</qty>
          <unit>teaspoons</unit></amt>
        <item>Celery seed</item></ing>
      <ing>
        <amt>
          <qty/>
          <unit/></amt>
        <item>Salt and pepper; to taste</item></ing>
      <ing>
        <amt>
          <qty>1</qty>
          <unit/></amt>
        <item>Ripe avocado</item></ing>
      <ing>
        <amt>
          <qty/>
          <unit/></amt>
        <item>Mixed baby greens</item></ing></ingredients>
    <directions>
      <step>  Cook Wehani rice according to directions on package. Spread on baking sheet
  to cool.
  
  In large bowl, mix rice with tomatoes, red onion, jalapeno pepper and
  cilantro. Add extra virgin olive oil, lime juice and celery seed. Season
  with salt and pepper.
  
  To serve, peel and slice avocado. Arrange slices over mixed baby greens.
  Spoon Wehani rice salad over avocados. Garnish with grilled vegetables, if
  desired.
  
  Notes: Hominy Grill on Rutledge Avenue, Charleston, SC. "Wehani rice and
  avocado salad. Wehani rice is a hybrid of brown rices developed at Lundberg
  Family Farms in California (www.lundberg.com). It's a light clay color and
  splits a little when cooked. 'Wehani rice is nutty and unhulled, kind of
  chewy, and it has some texture to it,' Stehling says. It's a nice pairing
  with the smooth, cool avocado." -- AB
  
  Hanneman: Recipes provided by "Ann Burger" &lt;www.charleston.net/&gt; on July
  30, 1997, converted by MC_Buster.
  
  Recipe by: Robert Stehling, Chef
  
  Posted to MC-Recipe Digest by Kitpath &lt;phannema@wizard.ucr.edu&gt; on May 17,
  1998
 
</step></directions></recipe></recipeml>
