<?xml version="1.0" encoding="UTF-8"?>

<recipeml version="0.5">
  <recipe>
    <head>
      <title>Avocado Crabmeat Salad</title>
      <categories>
        <cat>Seafood</cat>
        <cat>Salads</cat></categories>
      <yield>4</yield></head>
    <ingredients>
      <ing>
        <amt>
          <qty>1</qty>
          <unit>pound</unit></amt>
        <item>Crabmeat</item></ing>
      <ing>
        <amt>
          <qty>2</qty>
          <unit>tablespoons</unit></amt>
        <item>Mayonnaise</item></ing>
      <ing>
        <amt>
          <qty>3</qty>
          <unit>tablespoons</unit></amt>
        <item>Pickapepper sauce</item></ing>
      <ing>
        <amt>
          <qty>1/4</qty>
          <unit>pounds</unit></amt>
        <item>Jalapeno cheese -- grated</item></ing>
      <ing>
        <amt>
          <qty>1/4</qty>
          <unit>pounds</unit></amt>
        <item>Cheddar cheese -- grated</item></ing>
      <ing>
        <amt>
          <qty>8</qty>
          <unit/></amt>
        <item>Hearts of palm</item></ing>
      <ing>
        <amt>
          <qty>8</qty>
          <unit/></amt>
        <item>Artichoke hearts</item></ing>
      <ing>
        <amt>
          <qty>1</qty>
          <unit/></amt>
        <item>Basket cherry tomatoes</item></ing>
      <ing>
        <amt>
          <qty>1</qty>
          <unit>large</unit></amt>
        <item>Ripe avocado -- in 1/8's</item></ing>
      <ing>
        <amt>
          <qty>2</qty>
          <unit/></amt>
        <item>Hard boiled eggs --</item></ing>
      <ing>
        <amt>
          <qty/>
          <unit/></amt>
        <item>Quartered</item></ing>
      <ing>
        <amt>
          <qty/>
          <unit/></amt>
        <item>Lettuce with:</item></ing>
      <ing>
        <amt>
          <qty/>
          <unit/></amt>
        <item>Lemon wedges</item></ing></ingredients>
    <directions>
      <step>  Combine all ingredients and mix together. Add a little oil from the
  artichokes as you mix.  Chill and serve on lettuce with lemon slices.
  /\/\ichael  ================= &amp; Ms. /\/\ | /-\ /\/\ | \/\/eslie
  ================= Reformatted by Elaine Radis
  
  Recipe By     :
  
  File ftp://ftp.idiscover.co.uk/pub/food/mealmaster/recipes/mmdja006.zip
 
</step></directions></recipe></recipeml>
