<?xml version="1.0" encoding="UTF-8"?>

<recipeml version="0.5">
  <recipe>
    <head>
      <title>Avocado 'n Everything Pizza</title>
      <categories>
        <cat>Vegetable</cat></categories>
      <yield>4</yield></head>
    <ingredients>
      <ing>
        <amt>
          <qty>2</qty>
          <unit>cups</unit></amt>
        <item>Buttermilk baking mix</item></ing>
      <ing>
        <amt>
          <qty>1/2</qty>
          <unit>cups</unit></amt>
        <item>Hot water</item></ing>
      <ing>
        <amt>
          <qty>1</qty>
          <unit>can</unit></amt>
        <item>(8-oz) tomato sauce</item></ing>
      <ing>
        <amt>
          <qty>1/4</qty>
          <unit>cups</unit></amt>
        <item>Chopped green onion</item></ing>
      <ing>
        <amt>
          <qty>1/2</qty>
          <unit>cups</unit></amt>
        <item>Shredded mozzarella cheese</item></ing>
      <ing>
        <amt>
          <qty>1/2</qty>
          <unit>cups</unit></amt>
        <item>Sliced muchrooms</item></ing>
      <ing>
        <amt>
          <qty>1/3</qty>
          <unit>cups</unit></amt>
        <item>Sliced ripe olives</item></ing>
      <ing>
        <amt>
          <qty>1</qty>
          <unit>small</unit></amt>
        <item>Tomato; sliced</item></ing>
      <ing>
        <amt>
          <qty>2</qty>
          <unit>tablespoons</unit></amt>
        <item>Olive oil</item></ing>
      <ing>
        <amt>
          <qty>1</qty>
          <unit/></amt>
        <item>Avocado; seeded, peeled and sliced</item></ing>
      <ing>
        <amt>
          <qty/>
          <unit/></amt>
        <item>Fresh basil leaves; optional</item></ing></ingredients>
    <directions>
      <step>  From: arielle@taronga.com (Stephanie da Silva) (COLLECTION)
  
  Date: Thu, 22 Jul 1993 18:23:06 GMT
  
  Heat oven to 425F. Stir together buttermilk mix and water with fork in
  small bowl. Pat or roll into 12-inch circle on ungreased baking sheet or
  pizza pan. Mix together tomato sauce and green onion; spread over pizza
  dough. Top with cheese, mushrooms, olives and tomato slices. Drizzle olive
  oil over top. Bake 15 to 20 minutes or until edge of crust is golden brown.
  Remove pizza from oven and arrange avocado slices over top. Garnish with
  basil leaves and serve.
  
  REC.FOOD.RECIPES ARCHIVES
  
  /FRUIT
  
  From rec.food.cooking archives.  Downloaded from Glen's MM Recipe Archive,
  http://www.erols.com/hosey.
 
</step></directions></recipe></recipeml>
