<?xml version="1.0" encoding="UTF-8"?>

<recipeml version="0.5">
  <recipe>
    <head>
      <title>Avocado Fabulous First Course</title>
      <categories>
        <cat>Vegetables</cat></categories>
      <yield>4</yield></head>
    <ingredients>
      <ing>
        <amt>
          <qty/>
          <unit/></amt>
        <item>Avocado</item></ing>
      <ing>
        <amt>
          <qty/>
          <unit/></amt>
        <item>Canned consommé; chilled and stirred</item></ing>
      <ing>
        <amt>
          <qty/>
          <unit/></amt>
        <item>Lemon juice</item></ing>
      <ing>
        <amt>
          <qty/>
          <unit/></amt>
        <item>Sour cream</item></ing>
      <ing>
        <amt>
          <qty/>
          <unit/></amt>
        <item>Capers</item></ing></ingredients>
    <directions>
      <step>  Allow 1/2 avocado and 1/3 can of consommé per serving. Dice avocado and
  toss with lemon juice. Place in bottom of balloon wine glass. Cover with
  consommé, sprinkled with a little additional lemon juice. Add a dollop of
  sour cream and sprinkle with capers. Serve as appetizer or first course.
  Can be made ahead about 1 hour before company arrives and kept in
  refrigerator.
  Posted to recipelu-digest by "Diane Geary" &lt;diane@keyway.net&gt; on Feb 16,
  1998
 
</step></directions></recipe></recipeml>
