<?xml version="1.0" encoding="UTF-8"?>

<recipeml version="0.5">
  <recipe>
    <head>
      <title>Avocado Relish</title>
      <categories>
        <cat>Relishes</cat>
        <cat>Condiments</cat></categories>
      <yield>4</yield></head>
    <ingredients>
      <ing>
        <amt>
          <qty>1/2</qty>
          <unit>medium</unit></amt>
        <item>Avocado (about 1/4 pound), pared and finely diced</item></ing>
      <ing>
        <amt>
          <qty>2</qty>
          <unit>tablespoons</unit></amt>
        <item>Lime juice (no sugar added)</item></ing>
      <ing>
        <amt>
          <qty>1/4</qty>
          <unit>cups</unit></amt>
        <item>Each diced red onion, red bell pepper, and green bell pepper</item></ing>
      <ing>
        <amt>
          <qty>2</qty>
          <unit>large</unit></amt>
        <item>Plum tomatoes, diced</item></ing>
      <ing>
        <amt>
          <qty>1</qty>
          <unit>tablespoon</unit></amt>
        <item>Each chopped fresh cilantro or parsley, and seeded mild or hot</item></ing>
      <ing>
        <amt>
          <qty/>
          <unit/></amt>
        <item>Chili pepper</item></ing>
      <ing>
        <amt>
          <qty>2</qty>
          <unit>small</unit></amt>
        <item>Cloves garlic, chopped</item></ing>
      <ing>
        <amt>
          <qty>2</qty>
          <unit>teaspoons</unit></amt>
        <item>Olive or vegetable oil</item></ing>
      <ing>
        <amt>
          <qty>1</qty>
          <unit>dash</unit></amt>
        <item>Each salt and pepper</item></ing></ingredients>
    <directions>
      <step>  In small bowl, combine avocado and lime juice; set aside. In separate bowl
  combine remaining ingredients, mix well; carefully fold into avocado
  mixture.  Cover with plastic wrap and refrigerate until flavors blend, at
  least 30 minutes.  Just before serving, stir well. A nice addition to
  broiled chicken or fish. Makes 4 servings, about 1/2 c each
  
  ///\oo/\\\ From the hearth in Sandee's Kitchen...
  
  From Gemini's MASSIVE MealMaster collection at www.synapse.com/~gemini
 
</step></directions></recipe></recipeml>
