<?xml version="1.0" encoding="UTF-8"?>

<recipeml version="0.5">
  <recipe>
    <head>
      <title>Avocado-Papaya Salad</title>
      <categories>
        <cat>Salads</cat></categories>
      <yield>6</yield></head>
    <ingredients>
      <ing-div>
        <title>SALAD</title>
        <ing>
          <amt>
            <qty>3</qty>
            <unit/></amt>
          <item>Avocados</item></ing>
        <ing>
          <amt>
            <qty>3</qty>
            <unit/></amt>
          <item>Papayas</item></ing>
        <ing>
          <amt>
            <qty>3</qty>
            <unit>tablespoons</unit></amt>
          <item>Lemon juice</item></ing>
        <ing>
          <amt>
            <qty>1</qty>
            <unit/></amt>
          <item>Head lettuce</item></ing>
        <ing>
          <amt>
            <qty>1/2</qty>
            <unit>cups</unit></amt>
          <item>Honey mustard dressing; recipe follows</item></ing>
        <ing>
          <amt>
            <qty>1/2</qty>
            <unit>cups</unit></amt>
          <item>Toasted sliced almonds</item></ing></ing-div>
      <ing-div>
        <title>HONEY MUSTARD DRESSING</title>
        <ing>
          <amt>
            <qty>2/3</qty>
            <unit>cups</unit></amt>
          <item>Vegetable oil</item></ing>
        <ing>
          <amt>
            <qty>1/3</qty>
            <unit>cups</unit></amt>
          <item>Cider vinegar</item></ing>
        <ing>
          <amt>
            <qty>1</qty>
            <unit>teaspoon</unit></amt>
          <item>Salt</item></ing>
        <ing>
          <amt>
            <qty>1/4</qty>
            <unit>teaspoons</unit></amt>
          <item>Pepper</item></ing>
        <ing>
          <amt>
            <qty>1/4</qty>
            <unit>cups</unit></amt>
          <item>Honey</item></ing>
        <ing>
          <amt>
            <qty>2</qty>
            <unit>tablespoons</unit></amt>
          <item>Dijon-style mustard</item></ing></ing-div></ingredients>
    <directions>
      <step>  Date: Thu, 23 May 96 22:33:51 PDT
  
  From: eboyd@shentel.net
  
  Salad:  Peel and slice the papayas and avocados. Dip or sprinkle with lemon
  juice. Arrange on lettuce-lined salad plates. Drizzle dressing over and
  sprinkle with nuts.
  
  Honey Mustard Dressing: Blend vegetable oil, cider vinegar, salt, pepper,
  honey and mustard. Keep in a closed jar.
  
  Nutrition information per serving: 366 calories, 30 gram fat, 6 mg
  cholesterol, 100 mg sodium.
  
  Chicago Tribune 12/16/93.
  
  Posted on MealMaster Recipes List, Digest #145, 26 May 1996
 
</step></directions></recipe></recipeml>
