<?xml version="1.0" encoding="UTF-8"?>

<recipeml version="0.5">
  <recipe>
    <head>
      <title>Avocado Lafitte</title>
      <categories>
        <cat>Appetizers</cat></categories>
      <yield>1</yield></head>
    <ingredients>
      <ing>
        <amt>
          <qty>1/2</qty>
          <unit>medium</unit></amt>
        <item>Avocado; ripe</item></ing>
      <ing>
        <amt>
          <qty>1</qty>
          <unit>dash</unit></amt>
        <item>White wine</item></ing>
      <ing>
        <amt>
          <qty/>
          <unit/></amt>
        <item>Worcestershire sauce</item></ing>
      <ing>
        <amt>
          <qty>1/2</qty>
          <unit>teaspoons</unit></amt>
        <item>Mustard; creole</item></ing>
      <ing>
        <amt>
          <qty/>
          <unit/></amt>
        <item>Hot sauce</item></ing>
      <ing>
        <amt>
          <qty/>
          <unit/></amt>
        <item>White pepper</item></ing>
      <ing>
        <amt>
          <qty>2</qty>
          <unit>ounces</unit></amt>
        <item>Lump crabmeat</item></ing>
      <ing>
        <amt>
          <qty>1</qty>
          <unit/></amt>
        <item>Sprig parsley</item></ing>
      <ing>
        <amt>
          <qty>1</qty>
          <unit>teaspoon</unit></amt>
        <item>Lowfat mayonnaise</item></ing>
      <ing>
        <amt>
          <qty>1/4</qty>
          <unit/></amt>
        <item>Lemon</item></ing>
      <ing>
        <amt>
          <qty>1</qty>
          <unit/></amt>
        <item>Green onion; chopped</item></ing>
      <ing>
        <amt>
          <qty>1/2</qty>
          <unit/></amt>
        <item>Papaya</item></ing>
      <ing>
        <amt>
          <qty>1</qty>
          <unit/></amt>
        <item>Leaf lettuce</item></ing>
      <ing>
        <amt>
          <qty>2</qty>
          <unit/></amt>
        <item>Strawberries</item></ing></ingredients>
    <directions>
      <step>  Cut avocado in half, remove skin and seed, rub with lemon. Mix mayonnaise,
  mustard, green onion, wine, Worcestershire, hot sauce and white pepper in a
  small mixing bowl, then fold in the crabmeat to coat evenly with sauce.
  Cover plate with leaf lettuce. Don't let lettuce overlap sides of plate.
  Place avocado in center of plate. Top with crabmeat salad and parsley
  sprig. Peel and seed papaya and slice lengthwise. Arrange in concentric
  circles around avocado. Slice strawberries in half, place cut side up at
  base of plate, place lemon wedge to contrast and to use as dressing. &gt;From
  A Votre Sante BY: Greater Baton Rouge Health Care Alliance-1988
  
  Recipe by: LOUIS JESOWSHEK, Our Lady of the Lake Medical Center
  
  Posted to MC-Recipe Digest V1 #857 by Emily Griffin
  &lt;emgriffi@ix.netcom.com&gt; on Oct 21, 1997
 
</step></directions></recipe></recipeml>
