<?xml version="1.0" encoding="UTF-8"?>

<recipeml version="0.5">
  <recipe>
    <head>
      <title>Avocado Cake</title>
      <categories>
        <cat>None</cat></categories>
      <yield>1</yield></head>
    <ingredients>
      <ing>
        <amt>
          <qty>1 1/3</qty>
          <unit>cups</unit></amt>
        <item>Sugar</item></ing>
      <ing>
        <amt>
          <qty>1/2</qty>
          <unit>cups</unit></amt>
        <item>Butter</item></ing>
      <ing>
        <amt>
          <qty>2</qty>
          <unit/></amt>
        <item>Eggs; well beaten</item></ing>
      <ing>
        <amt>
          <qty>1</qty>
          <unit>cup</unit></amt>
        <item>Pureed avocado; (the riper, the better the flavor)</item></ing>
      <ing>
        <amt>
          <qty>1/3</qty>
          <unit>cups</unit></amt>
        <item>Buttermilk; (I subbed some sour cream...you use what you got!!)</item></ing>
      <ing>
        <amt>
          <qty>1/2</qty>
          <unit>teaspoons</unit></amt>
        <item>Cinnamon</item></ing>
      <ing>
        <amt>
          <qty>1/2</qty>
          <unit>teaspoons</unit></amt>
        <item>Nutmeg; freshly ground</item></ing>
      <ing>
        <amt>
          <qty>1/2</qty>
          <unit>teaspoons</unit></amt>
        <item>Allspice</item></ing>
      <ing>
        <amt>
          <qty>1/2</qty>
          <unit>teaspoons</unit></amt>
        <item>Salt</item></ing>
      <ing>
        <amt>
          <qty>1 1/2</qty>
          <unit>teaspoons</unit></amt>
        <item>Baking soda</item></ing>
      <ing>
        <amt>
          <qty>1 1/2</qty>
          <unit>cups</unit></amt>
        <item>All purpose flour</item></ing>
      <ing>
        <amt>
          <qty>1/2</qty>
          <unit>cups</unit></amt>
        <item>Chopped dates; (I subbed dried cherries)</item></ing>
      <ing>
        <amt>
          <qty>1/4</qty>
          <unit>cups</unit></amt>
        <item>Golden raisins</item></ing>
      <ing>
        <amt>
          <qty>1/2</qty>
          <unit>cups</unit></amt>
        <item>Walnuts; (I used pecans)</item></ing>
      <ing>
        <amt>
          <qty>1</qty>
          <unit>pint</unit></amt>
        <item>Heavy cream</item></ing>
      <ing>
        <amt>
          <qty>1/4</qty>
          <unit>cups</unit></amt>
        <item>Light rum</item></ing>
      <ing>
        <amt>
          <qty>1</qty>
          <unit>pinch</unit></amt>
        <item>Salt</item></ing>
      <ing>
        <amt>
          <qty>1</qty>
          <unit>cup</unit></amt>
        <item>Confectioners sugar</item></ing></ingredients>
    <directions>
      <step>  from "Maurice's Tropical Fruit Cook Book" by Maurice de Verteuil (some
  modifications in directions made)
  
  Cream sugar and butter together. Add eggs; mix well. Add avocado puree; mix
  well. Lastly, add buttermilk. Combine spices, salt, soda and flour.
  Gradually, add dry ingredients to wet beating well; it should be on the
  stiff side. Add dates, raisins and walnuts. Turn into a greased 9x9 inch
  baking dish and bake for 1 hour or until a toothpick comes out clean.
  
  Combine cream, rum, salt and sugar and beat until stiff. (Of course, you
  must have your bowl and beaters chilled to accomplish this!). Chill. Serve
  a "dollop" of this cream on each piece of avocado cake.
  
  NOTE: This recipe can be doubled and baked in a 9x13 inch pan. The cooking
  time remains the same. I have never made the cream topping. I prefer to
  make a simple glaze with confectioners sugar, lime juice and milk, although
  keeping the cake "plain" is just fine. This is a lovely, moist, mildly
  spicy, old fashioned cake. People will guess that it is a carrot or
  zucchini cake if they don't know what the "secret" ingredient is. The
  batter is a lovely shade of green, but the cake bakes up a brown color.
  
  Posted to KitMailbox Digest  by ehgf@primenet.com (Ellen) on Jan 16, 1998
 
</step></directions></recipe></recipeml>
