<?xml version="1.0" encoding="UTF-8"?>

<recipeml version="0.5">
  <recipe>
    <head>
      <title>Avocado Salsa #2</title>
      <categories>
        <cat>Dip</cat></categories>
      <yield>16</yield></head>
    <ingredients>
      <ing>
        <amt>
          <qty>3</qty>
          <unit>large</unit></amt>
        <item>Ripe avocados (not soft); coarsely chopped</item></ing>
      <ing>
        <amt>
          <qty>3</qty>
          <unit/></amt>
        <item>Fresh tomatillos (husks removed); diced</item></ing>
      <ing>
        <amt>
          <qty>1</qty>
          <unit>small</unit></amt>
        <item>Onion; finely diced</item></ing>
      <ing>
        <amt>
          <qty>2</qty>
          <unit/></amt>
        <item>Cloves garlic; minced</item></ing>
      <ing>
        <amt>
          <qty>2</qty>
          <unit/></amt>
        <item>Limes; juice only</item></ing>
      <ing>
        <amt>
          <qty>1</qty>
          <unit/></amt>
        <item>Jalapeno; minced</item></ing>
      <ing>
        <amt>
          <qty>1</qty>
          <unit>teaspoon</unit></amt>
        <item>Salt</item></ing>
      <ing>
        <amt>
          <qty>1</qty>
          <unit/></amt>
        <item>Bunch cilantro; minced</item></ing></ingredients>
    <directions>
      <step>  gunterman@ccmailpc.ctron.com
  
  Recipe By: the California Culinary Academy
  
  In a medium bowl, stir together avocados, tomatillos, onion, garlic, lime
  juice,  chile, salt, and cilantro. Let rest for at least 30 minutes before
  serving.  Makes 4 cups.
  
  Use as a dip or as a marinade for poultry or fish
  
  CHILE-HEADS ARCHIVES
  
  From the Chile-Heads recipe list.  Downloaded from Glen's MM Recipe
  Archive, http://www.erols.com/hosey.
 
</step></directions></recipe></recipeml>
