<?xml version="1.0" encoding="UTF-8"?>

<recipeml version="0.5">
  <recipe>
    <head>
      <title>Avocado-And-Orange Salad with Citrus Vinaigre</title>
      <categories>
        <cat>Vegetarian</cat>
        <cat>Vegan</cat>
        <cat>Salads</cat>
        <cat>Inet</cat></categories>
      <yield>4</yield></head>
    <ingredients>
      <ing>
        <amt>
          <qty>6</qty>
          <unit>tablespoons</unit></amt>
        <item>Orange juice, fresh</item></ing>
      <ing>
        <amt>
          <qty/>
          <unit/></amt>
        <item>Pinch cayenne pepper</item></ing>
      <ing>
        <amt>
          <qty>6</qty>
          <unit>tablespoons</unit></amt>
        <item>Olive oil, extra virgin</item></ing>
      <ing>
        <amt>
          <qty/>
          <unit/></amt>
        <item>Salt and pepper to taste</item></ing>
      <ing>
        <amt>
          <qty>2</qty>
          <unit>cups</unit></amt>
        <item>Lettuce, Romaine; julienned</item></ing>
      <ing>
        <amt>
          <qty>2</qty>
          <unit/></amt>
        <item>Avocados; peeled, cut into 1-inch cubes</item></ing>
      <ing>
        <amt>
          <qty>2</qty>
          <unit/></amt>
        <item>Oranges, navel; peeled and sectioned</item></ing>
      <ing>
        <amt>
          <qty>1</qty>
          <unit>medium</unit></amt>
        <item>Onion, red; thinly sliced</item></ing></ingredients>
    <directions>
      <step>   Make vinaigrette in a  small bowl by combining orange juice and cayenne
  pepper. Gradually whisk in olive oil in a thin steady stream. Season to
  taste with salt and pepper.
  
   Toss Romaine with 2/3 of vinaigrette. Divide evenly among 4 salad plates.
  Arrange cubed avocado, oranges, and onion decoratively on top and drizzle
  with remaining vinaigrette. Serves 4.
  
   Per serving: 393 cal, 3.45 g pro, 35.8 g fat, 19.8 carb, 0 mg chol, 148 mg
  sodium
  
  From Gemini's MASSIVE MealMaster collection at www.synapse.com/~gemini
 
</step></directions></recipe></recipeml>
