<?xml version="1.0" encoding="UTF-8"?>

<recipeml version="0.5">
  <recipe>
    <head>
      <title>Avocado Cilantro Soup</title>
      <categories>
        <cat>Soups</cat></categories>
      <yield>4</yield></head>
    <ingredients>
      <ing>
        <amt>
          <qty>8</qty>
          <unit>medium</unit></amt>
        <item>Scallions</item></ing>
      <ing>
        <amt>
          <qty>1/2</qty>
          <unit>cups</unit></amt>
        <item>Fresh Cilantro Leaves</item></ing>
      <ing>
        <amt>
          <qty>2</qty>
          <unit/></amt>
        <item>Cloves Garlic</item></ing>
      <ing>
        <amt>
          <qty>4</qty>
          <unit>ounces</unit></amt>
        <item>Pared Avocado</item></ing>
      <ing>
        <amt>
          <qty>1 1/2</qty>
          <unit>cups</unit></amt>
        <item>Plain Nonfat Yogurt</item></ing>
      <ing>
        <amt>
          <qty>1/2</qty>
          <unit>cups</unit></amt>
        <item>Skim Buttermilk</item></ing>
      <ing>
        <amt>
          <qty>2</qty>
          <unit>tablespoons</unit></amt>
        <item>Lime Juice</item></ing>
      <ing>
        <amt>
          <qty>1/2</qty>
          <unit>teaspoons</unit></amt>
        <item>Curry Powder</item></ing>
      <ing>
        <amt>
          <qty>1/8</qty>
          <unit>teaspoons</unit></amt>
        <item>Ground Red Pepper</item></ing></ingredients>
    <directions>
      <step>  In a food processor, combine scallions, cilantro and garlic; process until
  finely chopped.  Add avocado; process until smooth. Add yogurt, buttermilk.
  1/4 cup water, lime juice, curry powder and red pepper to food processor;
  process until smooth.  Cover and refrigerate at least 1 hour, until well
  chilled.  Each 1/2 cup serving contains 115 calories, 5 gm fat, 104 mg
  sodium and 3 mg cholesterol.
  
  Recipe By     :
  
  File ftp://ftp.idiscover.co.uk/pub/food/mealmaster/recipes/mmdja006.zip
 
</step></directions></recipe></recipeml>
