<?xml version="1.0" encoding="UTF-8"?>

<recipeml version="0.5">
  <recipe>
    <head>
      <title>Avocado and Crab Meat Salad</title>
      <categories>
        <cat>Seafood</cat>
        <cat>Salads</cat>
        <cat>American</cat></categories>
      <yield>4</yield></head>
    <ingredients>
      <ing>
        <amt>
          <qty>2</qty>
          <unit/></amt>
        <item>Avocados; ripe --</item></ing>
      <ing>
        <amt>
          <qty/>
          <unit/></amt>
        <item>Unblemished</item></ing>
      <ing>
        <amt>
          <qty>1</qty>
          <unit/></amt>
        <item>Lime -- juice only</item></ing>
      <ing>
        <amt>
          <qty/>
          <unit/></amt>
        <item>Salt</item></ing>
      <ing>
        <amt>
          <qty>2</qty>
          <unit>medium</unit></amt>
        <item>Tomatoes</item></ing>
      <ing>
        <amt>
          <qty/>
          <unit/></amt>
        <item>Crab mayonnaise mexicaine --</item></ing>
      <ing>
        <amt>
          <qty/>
          <unit/></amt>
        <item>Parsley -- finely chopped</item></ing></ingredients>
    <directions>
      <step>  Recipe by: From the personal files of CherAn Peel the avocados. Cut them in
  half.  Discard the pits.  Cut each half into 6 wedges. Squeeze the lime
  juice over them to prevent discoloration. Sprinkle the wedges with salt
  Core the tomatoes.  Cut each tomato into 8 wedges. Sprinkle each wedge with
  salt.
  
  Spoon equal portions of the crab mixture on each of 4 luncheon plates.
  Garnish with 6 avocado slices and 4 tomato wedges. Sprinkle with chopped
  parsley and serve.
  
  Recipe By     :
  
  File ftp://ftp.idiscover.co.uk/pub/food/mealmaster/recipes/mmdja006.zip
 
</step></directions></recipe></recipeml>
