<?xml version="1.0" encoding="UTF-8"?>

<recipeml version="0.5">
  <recipe>
    <head>
      <title>A Bowl of Red (Reno Red)</title>
      <categories>
        <cat>Vegetarian</cat>
        <cat>Vegan</cat>
        <cat>Chili</cat></categories>
      <yield>8</yield></head>
    <ingredients>
      <ing>
        <amt>
          <qty>6</qty>
          <unit/></amt>
        <item>Chilis ( or more) cold water</item></ing>
      <ing>
        <amt>
          <qty>1</qty>
          <unit>package</unit></amt>
        <item>TVP (12oz)</item></ing>
      <ing>
        <amt>
          <qty>2</qty>
          <unit>tablespoons</unit></amt>
        <item>Olive oil</item></ing>
      <ing>
        <amt>
          <qty>1</qty>
          <unit>medium</unit></amt>
        <item>Onion, finely chopped</item></ing>
      <ing>
        <amt>
          <qty>1</qty>
          <unit>clove</unit></amt>
        <item>Garlic; minced</item></ing>
      <ing>
        <amt>
          <qty>1</qty>
          <unit>tablespoon</unit></amt>
        <item>Cumin</item></ing>
      <ing>
        <amt>
          <qty>1/2</qty>
          <unit>teaspoons</unit></amt>
        <item>Red pepper</item></ing>
      <ing>
        <amt>
          <qty>1</qty>
          <unit>tablespoon</unit></amt>
        <item>Paprika water</item></ing></ingredients>
    <directions>
      <step>  Wash, stem and remove the seeds from the chilies.  Put the chilies in 3
  cups cold water and bring to a boil. After about 45 minutes to an hour, the
  skins should slop easily. Mash the pulp to a paste. If this seems too
  difficult, you can substitute chili powder at a ratio of 1 teaspoon of
  chili powder to 1 pod of chili. Read the instructions on the so or TVP
  package to see if the product was soaked before hand. If not, use some of
  the water to prepare this ingredient.  Saute the onions in olive oil until
  translucent.  Add the garlic and spices the 12 cups of water. Bring to a
  boil, then add the TVP nuggets.  Reduce to a simmer, cook for 30 minutes to
  an hour.  If this seems too runny, you can thicken with masa, the cornmeal
  flour used in tortillas. When made in bulk this chili can easily be frozen.
  total calories per serving: 163 fat:4g (22%)
  
  Source: Vegetarian Journal Jan/Feb 95 formatted 2/17/95
  Posted to MM-Recipes Digest V4 #295 by "Robert Ellis"
  &lt;rpearson@snowcrest.net&gt; on Nov 5, 1997
 
</step></directions></recipe></recipeml>
