<?xml version="1.0" encoding="UTF-8"?>

<recipeml version="0.5">
  <recipe>
    <head>
      <title>A Butter for Kids To Make</title>
      <categories>
        <cat>Kid</cat>
        <cat>Friendly</cat></categories>
      <yield>4</yield></head>
    <ingredients>
      <ing>
        <amt>
          <qty>1</qty>
          <unit>pinch</unit></amt>
        <item>Whipping cream</item></ing>
      <ing>
        <amt>
          <qty>4</qty>
          <unit>small</unit></amt>
        <item>Clean baby food jars with lids</item></ing></ingredients>
    <directions>
      <step>  For each 4 children:
  
  Take whipping cream out of refrigerator 2 hours before using to get to room
  temperature. Divide evenly into jars, put on lids and let children shake,
  shake, shake. When butter forms, pour off liquid (taste this!) and spread
  on crackers or bread . (Add a touch of salt if desired.) Option: Put 1 pint
  of cream into a mayonnaise jar and take turns shaking.
  
  busted by sooz
  
  Recipe by: Key Gourmet
  
  Posted to recipelu-digest by sooz &lt;kirkland@gj.net&gt; on Mar 25, 1998
 
</step></directions></recipe></recipeml>
