<?xml version="1.0" encoding="UTF-8"?>

<recipeml version="0.5">
  <recipe>
    <head>
      <title>A Christmas Potpourri - Victoria Magazine</title>
      <categories>
        <cat>Christmas</cat>
        <cat>Kooknet</cat></categories>
      <yield>6</yield></head>
    <ingredients>
      <ing>
        <amt>
          <qty>3</qty>
          <unit>cups</unit></amt>
        <item>Fresh juniper sprigs with berries</item></ing>
      <ing>
        <amt>
          <qty>2</qty>
          <unit>cups</unit></amt>
        <item>Red rosebuds</item></ing>
      <ing>
        <amt>
          <qty>1</qty>
          <unit>cup</unit></amt>
        <item>Bay leaves</item></ing>
      <ing>
        <amt>
          <qty>1/4</qty>
          <unit>cups</unit></amt>
        <item>Cinnamon chips</item></ing>
      <ing>
        <amt>
          <qty>2</qty>
          <unit>tablespoons</unit></amt>
        <item>Cloves</item></ing>
      <ing>
        <amt>
          <qty>10</qty>
          <unit>drops</unit></amt>
        <item>Rose oil</item></ing>
      <ing>
        <amt>
          <qty>3</qty>
          <unit>drops</unit></amt>
        <item>Pine oil</item></ing>
      <ing>
        <amt>
          <qty>6</qty>
          <unit>drops</unit></amt>
        <item>Cinnamon oil</item></ing>
      <ing>
        <amt>
          <qty>1</qty>
          <unit>tablespoon</unit></amt>
        <item>Orrisroot chips</item></ing>
      <ing>
        <amt>
          <qty>5</qty>
          <unit/></amt>
        <item>Whole dried rose blossoms</item></ing>
      <ing>
        <amt>
          <qty>3</qty>
          <unit/></amt>
        <item>Three-inch cinnamon sticks</item></ing>
      <ing>
        <amt>
          <qty>20</qty>
          <unit/></amt>
        <item>Assorted pinecones; painted gold</item></ing></ingredients>
    <directions>
      <step>  Combine the juniper, rosebuds, bay leaves, cinnamon chips, cloves, and
  cones in a big ceramic bowl. In a separate dish, mix the oils with the
  orrisroot. Stir this mixture into the first one and put into a closed
  container to mellow for a few weeks, stirring occasionally. Place the
  potpourri in a dish and scatter the roses blossoms and cinnamon sticks on
  top.
  
  Victoria/December/90 Scanned &amp; fixed by DP and GG
  Posted to TNT - Prodigy's Recipe Exchange Newsletter  by Patrice McClure
  &lt;works4mee@earthlink.net&gt; on Nov 20, 1997
 
</step></directions></recipe></recipeml>
