<?xml version="1.0" encoding="UTF-8"?>

<recipeml version="0.5">
  <recipe>
    <head>
      <title>A Gahntze Tzimmes</title>
      <categories>
        <cat>Beef</cat>
        <cat>Jewish</cat></categories>
      <yield>6</yield></head>
    <ingredients>
      <ing>
        <amt>
          <qty>3</qty>
          <unit/></amt>
        <item>To 4 lbs boneless brisket</item></ing>
      <ing>
        <amt>
          <qty>2</qty>
          <unit>tablespoons</unit></amt>
        <item>Schmaltz (rendered chicken fat)</item></ing>
      <ing>
        <amt>
          <qty>3</qty>
          <unit>large</unit></amt>
        <item>Carrots</item></ing>
      <ing>
        <amt>
          <qty>1/2</qty>
          <unit>pounds</unit></amt>
        <item>Prunes--pitted</item></ing>
      <ing>
        <amt>
          <qty>1/2</qty>
          <unit>pounds</unit></amt>
        <item>Dried apricots</item></ing>
      <ing>
        <amt>
          <qty>1</qty>
          <unit/></amt>
        <item>Lemon--thinly sliced</item></ing>
      <ing>
        <amt>
          <qty>3</qty>
          <unit>large</unit></amt>
        <item>Sweet potatos</item></ing>
      <ing>
        <amt>
          <qty/>
          <unit/></amt>
        <item>Juice of 1 orange</item></ing>
      <ing>
        <amt>
          <qty>5</qty>
          <unit>cups</unit></amt>
        <item>Boiling water</item></ing>
      <ing>
        <amt>
          <qty>1 1/2</qty>
          <unit>tablespoons</unit></amt>
        <item>Brown sugar</item></ing>
      <ing>
        <amt>
          <qty>2</qty>
          <unit>tablespoons</unit></amt>
        <item>Flour</item></ing></ingredients>
    <directions>
      <step>  Sear meat well in hot fat in a Dutch oven or heavy skillet on top of the
  stove.  Transfer to a roasting pan. Peel carrots and cut in 1-inch round
  slices. Place them around the meat. Add prunes, apricots and lemon slices.
  Peel sweet potatos and cut in 1-inch slices. Place over meat and fruit in
  the roaster.
  
  Add orange juice to boiling water.  Combine brown sugar and flour and add
  enough water to make a thin paste. Add this paste to the orange juice
  mixture. Pour over the Tzimmes. If necessary, add more boiling water to
  bring liquid to the top of the tzimmes.
   Cover. Bake at 400 degrees for 1 hour.  Reduce heat to 325 F. and continue
  baking 4 1/2 hours.  Uncover and bake 30 minutes longer.
  
  From Gemini's MASSIVE MealMaster collection at www.synapse.com/~gemini
 
</step></directions></recipe></recipeml>
