<?xml version="1.0" encoding="UTF-8"?>

<recipeml version="0.5">
  <recipe>
    <head>
      <title>A Jad - Cucumber Pickle</title>
      <categories>
        <cat>None</cat></categories>
      <yield>1</yield></head>
    <ingredients>
      <ing>
        <amt>
          <qty>1/2</qty>
          <unit>cups</unit></amt>
        <item>Rice vinegar</item></ing>
      <ing>
        <amt>
          <qty>5</qty>
          <unit>tablespoons</unit></amt>
        <item>Thangkwa (cucumber)</item></ing>
      <ing>
        <amt>
          <qty>2</qty>
          <unit>tablespoons</unit></amt>
        <item>Hom daeng (shallot), finely sliced</item></ing>
      <ing>
        <amt>
          <qty>1</qty>
          <unit>tablespoon</unit></amt>
        <item>Nam som paep (palm sugar)</item></ing>
      <ing>
        <amt>
          <qty>1</qty>
          <unit>tablespoon</unit></amt>
        <item>Haeo (water chestnut), finely sliced</item></ing>
      <ing>
        <amt>
          <qty>1</qty>
          <unit>tablespoon</unit></amt>
        <item>Prik chi fa daeng (red Thai jalapenas), sliced</item></ing></ingredients>
    <directions>
      <step>  This pickle is often confused with the similar-in-concept, but functionally
  quite different, than gkwa kiaowan, a sweet &amp; sour cooked relish.
  
  Slice the cucumber in four lengthwise, then slice the pieces to segments
  about an eighth of an inch thick.
  
  Slice the tops of the chilis (green ones can be used if red are not
  available, but Thais like the color contrast), and tap out any loose seeds,
  and discard, then slice the chilis across into thin rounds. Slice the
  shallots and water chestnuts.
  
  Combine and serve.
  
  This will keep 2 or 3 weeks in a referigerator. It is a traditional
  accomaniment to snacks such as spring rolls, or to barbequed foods.
  
  Posted to CHILE-HEADS DIGEST V3 #144
  
  Date: Wed, 30 Oct 1996 12:25:49 -0700
  
  From: "Colonel I.F.K. Philpott" &lt;colonel@korat1.vu-korat.ac.th&gt;
 
</step></directions></recipe></recipeml>
