<?xml version="1.0" encoding="UTF-8"?>

<recipeml version="0.5">
  <recipe>
    <head>
      <title>A la Recherche De L'orange Perdue</title>
      <categories>
        <cat>Beverages</cat>
        <cat>France</cat>
        <cat>Submitted</cat></categories>
      <yield>6</yield></head>
    <ingredients>
      <ing>
        <amt>
          <qty>3</qty>
          <unit>ounces</unit></amt>
        <item>Rum, jamaican, dark</item></ing>
      <ing>
        <amt>
          <qty>4 1/2</qty>
          <unit>ounces</unit></amt>
        <item>Vermouth, dry, white</item></ing>
      <ing>
        <amt>
          <qty>3/4</qty>
          <unit>ounces</unit></amt>
        <item>Sweetened Lime Juice</item></ing>
      <ing>
        <amt>
          <qty>1</qty>
          <unit/></amt>
        <item>Orange; quartered</item></ing>
      <ing>
        <amt>
          <qty>1</qty>
          <unit/></amt>
        <item>Juice from lime</item></ing>
      <ing>
        <amt>
          <qty>5</qty>
          <unit>dashes</unit></amt>
        <item>Orange Bitters</item></ing>
      <ing>
        <amt>
          <qty>3/4</qty>
          <unit>ounces</unit></amt>
        <item>Orange liqueur</item></ing>
      <ing>
        <amt>
          <qty>6</qty>
          <unit/></amt>
        <item>Ice Cubes</item></ing>
      <ing>
        <amt>
          <qty>1</qty>
          <unit>tablespoon</unit></amt>
        <item>Orange Marmalade</item></ing></ingredients>
    <directions>
      <step>    Place all ingredients in jar of electric blender and blend 20 seconds.
  Strain through a sieve into a pitcher. Cover and refrigerate until serving
  time. Stir before serving, and pour into chilled cocktail glasses.
    FROM: Julia Child's "Menu Cookbook" Posted on GEnie's Food &amp; Wine RT May
  17, 1992 by S.ZENSEN [*Mad*Poster] MM by QBTOMM and Sylvia Steiger, GEnie
  THE.STEIGERS, CI$ 71511,2253, GT Cookbook echo moderator at net/node
  004/005, reposted by DonW1948@aol.com
  
  File ftp://ftp.idiscover.co.uk/pub/food/mealmaster/recipes/mmdja006.zip
 
</step></directions></recipe></recipeml>
