<?xml version="1.0" encoding="UTF-8"?>

<recipeml version="0.5">
  <recipe>
    <head>
      <title>A Modern Way To Fry Chicken</title>
      <categories>
        <cat>Chicken</cat></categories>
      <yield>4</yield></head>
    <ingredients>
      <ing>
        <amt>
          <qty>1</qty>
          <unit/></amt>
        <item>Frying chickens</item></ing>
      <ing>
        <amt>
          <qty/>
          <unit/></amt>
        <item>Flour</item></ing>
      <ing>
        <amt>
          <qty/>
          <unit/></amt>
        <item>Salt</item></ing>
      <ing>
        <amt>
          <qty/>
          <unit/></amt>
        <item>Pepper</item></ing>
      <ing>
        <amt>
          <qty/>
          <unit/></amt>
        <item>Cayenne pepper</item></ing>
      <ing>
        <amt>
          <qty>4</qty>
          <unit>tablespoons</unit></amt>
        <item>Butter</item></ing>
      <ing>
        <amt>
          <qty>6</qty>
          <unit>tablespoons</unit></amt>
        <item>Vegetable oil</item></ing></ingredients>
    <directions>
      <step>  Put flour, salt and pepper in bag. Add chicken and shake to coat. Heat fat
  in skillet on high. Brown on skin side. Do not crowd. Turn chicken, reduce
  heat and brown other side. Turn again and simmer until tender. Drain on
  paper towels
  
  NOTES : This has a thin coating and comes out very crispy.
  
  Recipe by: James Beard - American Cookery
  
  Posted to TNT Recipes Digest by "Barbara Zack" &lt;bzack@leading.net&gt; on May
  8, 1998
 
</step></directions></recipe></recipeml>
