<?xml version="1.0" encoding="UTF-8"?>

<recipeml version="0.5">
  <recipe>
    <head>
      <title>A Penne for Your Thoughts</title>
      <categories>
        <cat>Pasta</cat></categories>
      <yield>4</yield></head>
    <ingredients>
      <ing>
        <amt>
          <qty>1</qty>
          <unit>cup</unit></amt>
        <item>Sun-dried tomatoes</item></ing>
      <ing>
        <amt>
          <qty>3</qty>
          <unit>cups</unit></amt>
        <item>Sliced mushrooms</item></ing>
      <ing>
        <amt>
          <qty>12</qty>
          <unit>ounces</unit></amt>
        <item>Pasta; penne</item></ing>
      <ing>
        <amt>
          <qty>4</qty>
          <unit>slices</unit></amt>
        <item>Turkey bacon; cut in 1" pieces</item></ing>
      <ing>
        <amt>
          <qty>3</qty>
          <unit/></amt>
        <item>Cloves garlic; minced</item></ing>
      <ing>
        <amt>
          <qty>1</qty>
          <unit>cup</unit></amt>
        <item>Red onion; sliced</item></ing>
      <ing>
        <amt>
          <qty>2</qty>
          <unit>cups</unit></amt>
        <item>Chopped fresh spinach</item></ing>
      <ing>
        <amt>
          <qty>2</qty>
          <unit>tablespoons</unit></amt>
        <item>Chopped fresh basil or 1 teaspoon dried</item></ing>
      <ing>
        <amt>
          <qty>1/2</qty>
          <unit>teaspoons</unit></amt>
        <item>Crushed red pepper</item></ing>
      <ing>
        <amt>
          <qty/>
          <unit/></amt>
        <item>Freshly ground black pepper; to taste</item></ing>
      <ing>
        <amt>
          <qty>2</qty>
          <unit>tablespoons</unit></amt>
        <item>Grated parmesan cheese</item></ing>
      <ing>
        <amt>
          <qty>2</qty>
          <unit>tablespoons</unit></amt>
        <item>Chopped fresh parsley</item></ing></ingredients>
    <directions>
      <step>  Pour 1 cup boiling water over sun-dried tomatoes and let soak for 5
  minutes. Drain and chop. Set aside.
  
  Place mushrooms in a medium bowl with 1/4 cup water. Microwave on high
  power for 5 minutes. Drain and set aside.
  
  Cook penne according to package directions. Drain and keep warm.
  
  Cook bacon in a large skillet over medium-high heat until crisp. Add garlic
  and cook 1 more minute. Do not discard drippings. Add onions, spinach,
  sundried tomatoes, cooked mushrooms, basil and red pepper flakes. Cook and
  stir for 4 - 5 minutes, until onions are tender.
  
  Toss bacon/vegetable mixture with hot pasta until evenly distributed.
  Divide pasta between 4 serving dishes. Top each with freshly ground black
  pepper and 1/4 of parmesean cheese. Sprinkle with parsley. Serve
  immediately.
  
  NOTES : Calories:  426 Fat: 5.4 Fiber: 5.6 %ccf: 11.2% Weight Watchers
  Points:  6
  Recipe by: Looney-Spoons Cookbook by Janet and Greta Podleski
  
  Posted to EAT-LF Digest by Katherine Rodman &lt;levya@mindspring.com&gt; on Mar
  14, 1998
 
</step></directions></recipe></recipeml>
