<?xml version="1.0" encoding="UTF-8"?>

<recipeml version="0.5">
  <recipe>
    <head>
      <title>A Quick Way To Decorate Cake</title>
      <categories>
        <cat>Frosting</cat></categories>
      <yield>1</yield></head>
    <ingredients>
      <ing>
        <amt>
          <qty>1</qty>
          <unit>package</unit></amt>
        <item>Marshmallows</item></ing>
      <ing>
        <amt>
          <qty/>
          <unit/></amt>
        <item>Vanilla to taste</item></ing>
      <ing>
        <amt>
          <qty/>
          <unit/></amt>
        <item>Green food coloring</item></ing>
      <ing>
        <amt>
          <qty>1</qty>
          <unit>package</unit></amt>
        <item>Red hots</item></ing>
      <ing>
        <amt>
          <qty>1</qty>
          <unit/></amt>
        <item>Box cornflakes</item></ing>
      <ing>
        <amt>
          <qty/>
          <unit/></amt>
        <item>White angel food cake</item></ing></ingredients>
    <directions>
      <step>  Date: Sun, 25 Feb 1996 22:41:09 -0500
  
  From: "Vernon E. Phipps Jr." &lt;cook4u@vivanet.com&gt;
  
  Melt marshmallows, add food coloring and vanilla. Add the cornflakes, stir
  until well coated. Spread this onto a cookie sheet, shaping into holly
  leaves. Place a red hot in middle. Let dry about 5 hours. Then top a white
  frosted angel cake with the holly leaves.
  
  MM-RECIPES@IDISCOVER.NET
  
  MEAL-MASTER RECIPES LIST SERVER
  
  MM-RECIPES DIGEST V3 #60
  
  From the MealMaster recipe list.  Downloaded from Glen's MM Recipe Archive,
  http://www.erols.com/hosey.
 
</step></directions></recipe></recipeml>
