<?xml version="1.0" encoding="UTF-8"?>

<recipeml version="0.5">
  <recipe>
    <head>
      <title>A Slightly Different Sauce Bolognese</title>
      <categories>
        <cat>Sauce</cat></categories>
      <yield>4</yield></head>
    <ingredients>
      <ing>
        <amt>
          <qty>1</qty>
          <unit>can</unit></amt>
        <item>Corned beef</item></ing>
      <ing>
        <amt>
          <qty>1</qty>
          <unit/></amt>
        <item>Medium-sized onion</item></ing>
      <ing>
        <amt>
          <qty>1</qty>
          <unit>cup</unit></amt>
        <item>Tomato ketchup</item></ing>
      <ing>
        <amt>
          <qty>2</qty>
          <unit>tablespoons</unit></amt>
        <item>Good grade olive oil</item></ing>
      <ing>
        <amt>
          <qty>1</qty>
          <unit>bunch</unit></amt>
        <item>(small) marjoram and oregano or-</item></ing>
      <ing>
        <amt>
          <qty>1</qty>
          <unit>tablespoon</unit></amt>
        <item>Each dried herbs</item></ing>
      <ing>
        <amt>
          <qty>1</qty>
          <unit>pinch</unit></amt>
        <item>Pepper and garlic powder</item></ing></ingredients>
    <directions>
      <step>  submitted by: paradise@math.tau.ac.il
  Empty corned beef and tomato ketchup into bowl and stir thoroughly or mix
  with electric mixer. Do not mince or blend!  Grate onion on coarse grater
  or chop finely, fry in oil till transparent. Add beef, ketchup, herbs,
  pepper and garlic, stir, cover and simmer over low flame for 10 mins. Pour
  into glass jars, cover tightly and when cool, put in refrigerator. Keeps 2
  months in unopened jars, 1 week in opened jars. Fine over spaghetti, rice
  or what have you.
  
  Greetings from yehuda paradise, Ramat Gan, Israel
  
  DAVE &lt;DAVIDG@CLAM.RUTGERS.EDU&gt;
  
  RECIPEINTERNET LIST SERVER
  
  RECIPE ARCHIVE - 2 JUNE 1996
  
  From the 'RECIPEinternet: Recipes from Around the World' recipe list.
  Downloaded from Glen's MM Recipe Archive, http://www.erols.com/hosey.
 
</step></directions></recipe></recipeml>
