<?xml version="1.0" encoding="UTF-8"?>

<recipeml version="0.5">
  <recipe>
    <head>
      <title>A Stewed Pork and Purple Sweet Potatoes</title>
      <categories>
        <cat>New</cat>
        <cat>Text</cat>
        <cat>Import</cat></categories>
      <yield>1</yield></head>
    <ingredients>
      <ing>
        <amt>
          <qty>3/4</qty>
          <unit>pounds</unit></amt>
        <item>Boneless pork loin, cut, into 1-inch pieces</item></ing>
      <ing>
        <amt>
          <qty/>
          <unit/></amt>
        <item>Essence</item></ing>
      <ing>
        <amt>
          <qty>2</qty>
          <unit>tablespoons</unit></amt>
        <item>Olive oil</item></ing>
      <ing>
        <amt>
          <qty>1</qty>
          <unit>cup</unit></amt>
        <item>Chopped onions</item></ing>
      <ing>
        <amt>
          <qty>1/2</qty>
          <unit>cups</unit></amt>
        <item>Chopped bell peppers</item></ing>
      <ing>
        <amt>
          <qty>1/4</qty>
          <unit>cups</unit></amt>
        <item>Chopped celery</item></ing>
      <ing>
        <amt>
          <qty/>
          <unit/></amt>
        <item>Salt and black pepper</item></ing>
      <ing>
        <amt>
          <qty>2</qty>
          <unit>tablespoons</unit></amt>
        <item>Flour</item></ing>
      <ing>
        <amt>
          <qty>1</qty>
          <unit>pound</unit></amt>
        <item>Purple sweet potatoes,, peeled and cubed</item></ing>
      <ing>
        <amt>
          <qty>2</qty>
          <unit>cups</unit></amt>
        <item>Veal stock</item></ing>
      <ing>
        <amt>
          <qty>1/4</qty>
          <unit>cups</unit></amt>
        <item>Chopped green onions</item></ing>
      <ing>
        <amt>
          <qty>1</qty>
          <unit>cup</unit></amt>
        <item>Shredded sweet potato</item></ing>
      <ing>
        <amt>
          <qty>2</qty>
          <unit>tablespoons</unit></amt>
        <item>Chopped green onions</item></ing>
      <ing>
        <amt>
          <qty>1</qty>
          <unit>tablespoon</unit></amt>
        <item>Brunoise red peppers</item></ing></ingredients>
    <directions>
      <step>  In a mixing bowl, toss the pork pieces with Essence. In a large saut_ pan,
  heat the olive oil. When the oil is hot, add the pork and brown evenly.
  Remove the pork from the pan and set aside. In a mixing bowl, season the
  onions, peppers, and celery with salt and pepper. Stir the flour into the
  oil, stirring constantly for about 4 to 5 minutes, for a medium brown roux.
  Add the onions, peppers, and celery to the roux and cook for about 2 to 3
  minutes or until slightly wilted. Return the pork to the skillet and cook,
  stirring constantly for 3 to 4 minutes. Add the sweet potatoes and broth.
  Bring the liquid up to a boil and reduce to a simmer. Cook for 40-45
  minutes. Stir in the green onions and check seasonings. Make nests with
  shredded sweet potato and fry until crispy. Season with Essence. Spoon the
  stew into a shallow bowl and garnish sweet potato nests, green onions, and
  peppers.
  Posted to MC-Recipe Digest V1 #328
  
  Recipe by: ESSENCE OF EMERIL SHOW#EE2434
  
  From: Meg Antczak &lt;meginny@frontiernet.net&gt;
  
  Date: Wed, 4 Dec 1996 07:57:46 -0500
 
</step></directions></recipe></recipeml>
