<?xml version="1.0" encoding="UTF-8"?>

<recipeml version="0.5">
  <recipe>
    <head>
      <title>A Taste of Thailand</title>
      <categories>
        <cat>Rice</cat>
        <cat>Mcrecipe</cat></categories>
      <yield>6</yield></head>
    <ingredients>
      <ing>
        <amt>
          <qty/>
          <unit/></amt>
        <item>Vegetable cooking spray</item></ing>
      <ing>
        <amt>
          <qty>1 1/2</qty>
          <unit>cups</unit></amt>
        <item>Chicken broth</item></ing>
      <ing>
        <amt>
          <qty>1</qty>
          <unit>cup</unit></amt>
        <item>Rice</item></ing>
      <ing>
        <amt>
          <qty>1/4</qty>
          <unit>cups</unit></amt>
        <item>Chopped green onions</item></ing>
      <ing>
        <amt>
          <qty>2</qty>
          <unit/></amt>
        <item>Fresh red chilies; seeded and chopped</item></ing>
      <ing>
        <amt>
          <qty>1</qty>
          <unit>tablespoon</unit></amt>
        <item>Snipped cilantro</item></ing>
      <ing>
        <amt>
          <qty>1</qty>
          <unit>tablespoon</unit></amt>
        <item>Margarine</item></ing>
      <ing>
        <amt>
          <qty>1</qty>
          <unit>teaspoon</unit></amt>
        <item>Minced ginger root</item></ing>
      <ing>
        <amt>
          <qty>1/8</qty>
          <unit>teaspoons</unit></amt>
        <item>Turmeric</item></ing>
      <ing>
        <amt>
          <qty>2</qty>
          <unit>tablespoons</unit></amt>
        <item>Lime juice</item></ing>
      <ing>
        <amt>
          <qty>1/4</qty>
          <unit>cups</unit></amt>
        <item>Roasted peanuts</item></ing></ingredients>
    <directions>
      <step>  Spray rice cooker container with vegetable non-stick cooking spray. Add all
  ingredients except lime juice and peanuts. Cover and cook until rice cooker
  shuts off. Careully remove cover. Gently stir in lime juice and peanuts.
  
  Serves 6. [PER SERVING: Calories 165; Cholesterol 0 mg; Fat - Total 4.56 g;
  Saturated Fat 0.763 g; Sodium 217 mg]
  
  Riviana Foods markets Mahatma, Carolina, River, WaterMaid Success and other
  brands. "Mahatma Rice" &lt;http://www.mahatmarice.com &gt; and Related link:
  http://www.usarice.com/domestic/recipes/
  
  Sent by "Kitpath" &lt;phannema@wizard.ucr.edu&gt; on May 11, 1998, converted by
  MC_Buster.
  
  Recipe by: Riviana Foods Inc. "Rice Cooker Gourmet"
  
  Posted to MC-Recipe Digest by Kitpath &lt;phannema@wizard.ucr.edu&gt; on May 11,
  1998
 
</step></directions></recipe></recipeml>
