<?xml version="1.0" encoding="UTF-8"?>

<recipeml version="0.5">
  <recipe>
    <head>
      <title>A Texas Breakfast Casserole</title>
      <categories>
        <cat>Cheese/eggs</cat>
        <cat>Main dish</cat></categories>
      <yield>8</yield></head>
    <ingredients>
      <ing>
        <amt>
          <qty>1</qty>
          <unit>cup</unit></amt>
        <item>Crescent rolls</item></ing>
      <ing>
        <amt>
          <qty>1</qty>
          <unit>pound</unit></amt>
        <item>Sausage; cooked and drained</item></ing>
      <ing>
        <amt>
          <qty/>
          <unit/></amt>
        <item>Fresh mushrooms; sliced</item></ing>
      <ing>
        <amt>
          <qty>3/4</qty>
          <unit>pounds</unit></amt>
        <item>Monterey jack cheese; grated</item></ing>
      <ing>
        <amt>
          <qty>6</qty>
          <unit/></amt>
        <item>Eggs; beaten</item></ing>
      <ing>
        <amt>
          <qty>1</qty>
          <unit>cup</unit></amt>
        <item>Cream of onion soup</item></ing></ingredients>
    <directions>
      <step>  Line a 13x9 inch Pyrex dish with rolls, sealing perforations. Cover with
  sausage, mushrooms and half the cheese. Mix eggs with soup and pour over
  casserole.  Sprinkle remaining cheese on top. Chill overnight. Bake at 350
  for 1 hour. Note: For variation, you can use cooked, crumbled bacon or
  bite-sized pieces of ham instead of sausage.
  
  from Texas Celebrity Cookbook
  Posted to EAT-L Digest 14 Sep 96
  
  Date:    Sun, 15 Sep 1996 17:10:57 -0500
  
  From:    "hassell@eecs.tulane.edu" &lt;hassell@EECS.TULANE.EDU&gt;
 
</step></directions></recipe></recipeml>
