<?xml version="1.0" encoding="UTF-8"?>

<recipeml version="0.5">
  <recipe>
    <head>
      <title>A Variation on the Theme of Pashka</title>
      <categories>
        <cat>Desserts</cat></categories>
      <yield>16</yield></head>
    <ingredients>
      <ing>
        <amt>
          <qty>4</qty>
          <unit/></amt>
        <item>8 oz. pkgs cream cheese</item></ing>
      <ing>
        <amt>
          <qty>1</qty>
          <unit>cup</unit></amt>
        <item>(2 sticks) butter</item></ing>
      <ing>
        <amt>
          <qty>3</qty>
          <unit/></amt>
        <item>Egg yolks</item></ing>
      <ing>
        <amt>
          <qty>2</qty>
          <unit>cups</unit></amt>
        <item>Sifted powdered sugar</item></ing>
      <ing>
        <amt>
          <qty>2</qty>
          <unit>teaspoons</unit></amt>
        <item>Vanilla extract</item></ing>
      <ing>
        <amt>
          <qty>1</qty>
          <unit>cup</unit></amt>
        <item>Toasted, slivered almonds</item></ing>
      <ing>
        <amt>
          <qty>2</qty>
          <unit>pints</unit></amt>
        <item>(or 3) fresh or frozen</item></ing>
      <ing>
        <amt>
          <qty/>
          <unit/></amt>
        <item>Strawberries</item></ing></ingredients>
    <directions>
      <step>  Let cream cheese, butter and egg yolks stand at room temperature at least 2
  hours.  Beat cheese in a mixing bowl with a wooden spoon or blend at low
  speed in electric mixer. Add butter and continue beating. When well
  blended, add sugar, then egg yolks, one at a time. Add vanilla and fold in
  almonds.
  
  Wash and dry the inside of a Pashka mold or a new 2 quart clay or plastic
  flowerpot with drain holes in the bottom. Line the pot with a double
  thickness of cheesecloth wrung out in cold water. Spoon cheese mixture into
  the pot to the brim.  Cover with plastic wrap and refrigerate several hours
  or overnight on a plate.
  
  To unmold, trim around and discard top of the cheesecloth. Invert a dessert
  plate over the opening of the flowerpot and quickly turn the whole thing
  upside down.  Place on table and gently lift off pot, tugging at the
  cheesecloth lining if necessary.   When the pot is clear, gently remove the
  cheesecloth.
  
  Garnish the base and top of the Pashka with whole strawberries and
  strawberry halves.  Serve with additional crushed, sweetened strawberries
  as a sauce. You may add some brandy or liqueur to the sauce if you wish.
  
  RECIPE FROM: NEWMAN'S OWN COOKBOOK
  
  From Gemini's MASSIVE MealMaster collection at www.synapse.com/~gemini
 
</step></directions></recipe></recipeml>
