<?xml version="1.0" encoding="UTF-8"?>

<recipeml version="0.5">
  <recipe>
    <head>
      <title>A Valium</title>
      <categories>
        <cat>Beverages</cat></categories>
      <yield>16</yield></head>
    <ingredients>
      <ing>
        <amt>
          <qty>1</qty>
          <unit/></amt>
        <item>15oz  can</item></ing>
      <ing>
        <amt>
          <qty>1</qty>
          <unit>large</unit></amt>
        <item>Can</item></ing>
      <ing>
        <amt>
          <qty>1</qty>
          <unit/></amt>
        <item>3oz can</item></ing>
      <ing>
        <amt>
          <qty>1</qty>
          <unit>quart</unit></amt>
        <item>Vodka</item></ing>
      <ing>
        <amt>
          <qty/>
          <unit/></amt>
        <item>Cream of coconut</item></ing>
      <ing>
        <amt>
          <qty/>
          <unit/></amt>
        <item>Pineapple juice</item></ing>
      <ing>
        <amt>
          <qty/>
          <unit/></amt>
        <item>Limeade</item></ing></ingredients>
    <directions>
      <step>  Mix together in large plastic bowl , place in freezer for 24 hours stirring
  after 12 hours(it will become slushy).  When ready to serve place 2
  scoops(If you use an ice cream scoop this works well) into glass and fill
  with chilled 7-up or sprite.  This tastes great. MrsCordl
  
  Recipe By     : MrsCordle
  
  From: Ladies Home Journal- August 1991
  
  File ftp://ftp.idiscover.co.uk/pub/food/mealmaster/recipes/mmdja006.zip
 
</step></directions></recipe></recipeml>
