<?xml version="1.0" encoding="UTF-8"?>

<recipeml version="0.5">
  <recipe>
    <head>
      <title>B&amp;b Chocolate Bouchee' (Chocolate Bite)</title>
      <categories>
        <cat>Alcohol</cat>
        <cat>Chocolate</cat>
        <cat>Desserts</cat></categories>
      <yield>1</yield></head>
    <ingredients>
      <ing-div>
        <title/>
        <ing>
          <amt>
            <qty>3 1/2</qty>
            <unit>tablespoons</unit></amt>
          <item>Cocoa powder</item></ing>
        <ing>
          <amt>
            <qty>1 1/2</qty>
            <unit>cups</unit></amt>
          <item>All-purpose flour</item></ing>
        <ing>
          <amt>
            <qty>1/4</qty>
            <unit>teaspoons</unit></amt>
          <item>Salt</item></ing>
        <ing>
          <amt>
            <qty>1/4</qty>
            <unit>teaspoons</unit></amt>
          <item>Cinnamon</item></ing>
        <ing>
          <amt>
            <qty>10</qty>
            <unit>tablespoons</unit></amt>
          <item>Butter</item></ing>
        <ing>
          <amt>
            <qty>3</qty>
            <unit>tablespoons</unit></amt>
          <item>Corn oil</item></ing>
        <ing>
          <amt>
            <qty>5</qty>
            <unit>ounces</unit></amt>
          <item>Unsweetened chocolate, chopped</item></ing>
        <ing>
          <amt>
            <qty>2</qty>
            <unit>cups</unit></amt>
          <item>Light brown sugar</item></ing>
        <ing>
          <amt>
            <qty>2</qty>
            <unit>tablespoons</unit></amt>
          <item>Light brown sugar</item></ing>
        <ing>
          <amt>
            <qty>3</qty>
            <unit/></amt>
          <item>Eggs</item></ing>
        <ing>
          <amt>
            <qty>1</qty>
            <unit/></amt>
          <item>Egg yolk</item></ing>
        <ing>
          <amt>
            <qty>6</qty>
            <unit>tablespoons</unit></amt>
          <item>B&amp;B liquer</item></ing></ing-div>
      <ing-div>
        <title>GLAZE FROSTING</title>
        <ing>
          <amt>
            <qty>9</qty>
            <unit>ounces</unit></amt>
          <item>Semisweet chocolate, chopped</item></ing>
        <ing>
          <amt>
            <qty>6</qty>
            <unit>ounces</unit></amt>
          <item>Corn oil</item></ing>
        <ing>
          <amt>
            <qty>1</qty>
            <unit>tablespoon</unit></amt>
          <item>B&amp;B liquer</item></ing></ing-div></ingredients>
    <directions>
      <step>  Butter and flour 9 or 10" square pan. Sift togethr cocoa, flour, salt and
  cinnamon. Melt butter, corn oil and chocolate over double boiler. Place
  melted chocolate mixture in a mixing bowl. Allow to cool for 5 min. Add
  brown sugar and beat well . Add eggs slowly. Add B&amp;B liquer. Slowly add dry
  ingredients, mixing until incorporated. Pour into prepared pan. Bake at 350
  for 20-30 min.
  
  Glaze: Melt chocolate, corn oil and liquer over a double boiler. Let
  brownies cool and cut into desired shapes. Place on cake rack over pan to
  catch drippings. Pour warm glaze to coat. Chill until glaze sets. Strain
  and refrigerate remaining glaze in covered bowl.
  
  Recipe by: B&amp;B Liquer Posted to MC-Recipe Digest V1 #612 by
  "terily@tenet.edu" &lt;terily@tenet.edu&gt; on May 14, 1997
 
</step></directions></recipe></recipeml>
