<?xml version="1.0" encoding="UTF-8"?>

<recipeml version="0.5">
  <recipe>
    <head>
      <title>Bar Cheeze a la Win Shooter's</title>
      <categories>
        <cat>Appetizers</cat></categories>
      <yield>12</yield></head>
    <ingredients>
      <ing>
        <amt>
          <qty>1</qty>
          <unit>pound</unit></amt>
        <item>Velveeta cheese; (no substit</item></ing>
      <ing>
        <amt>
          <qty>1/2</qty>
          <unit>pounds</unit></amt>
        <item>Unsalted butter at room t</item></ing>
      <ing>
        <amt>
          <qty>8</qty>
          <unit>ounces</unit></amt>
        <item>Pkg cream cheese; softened</item></ing>
      <ing>
        <amt>
          <qty>5</qty>
          <unit>ounces</unit></amt>
        <item>Bottle prepared horseradi</item></ing>
      <ing>
        <amt>
          <qty>1/4</qty>
          <unit/></amt>
        <item>Melted and strained bacon gr</item></ing>
      <ing>
        <amt>
          <qty>2</qty>
          <unit>pints</unit></amt>
        <item>Onion juice</item></ing>
      <ing>
        <amt>
          <qty>1/8</qty>
          <unit>pints</unit></amt>
        <item>Tabasco hot red pepper sauce</item></ing>
      <ing>
        <amt>
          <qty>1</qty>
          <unit/></amt>
        <item>Few drops of red and yell</item></ing></ingredients>
    <directions>
      <step>    Place all ingredients in top of double boiler over
    simmering water. Stir occasionally until melted and
    smooth. The mixture will look coarse in texture. For
    best results put it through blender; using on/off
    speed on high for two or three minutes until satiny
    smooth. If you do not have a blender; use electric
    mixer on high speed, beating until smooth. Pour into
    refrigerator containers. Keeps well up to four or five
    weeks if tightly covered and refrigerated. Freezes
    well up to six months. Makes about a quart, which
    won't last long!
  
  From Gemini's MASSIVE MealMaster collection at www.synapse.com/~gemini
 
</step></directions></recipe></recipeml>
