<?xml version="1.0" encoding="UTF-8"?>

<recipeml version="0.5">
  <recipe>
    <head>
      <title>Barth's Linden Inn Italian Rotini Salad</title>
      <categories>
        <cat>Pasta</cat>
        <cat>Poultry</cat>
        <cat>Salads</cat></categories>
      <yield>1</yield></head>
    <ingredients>
      <ing>
        <amt>
          <qty>2</qty>
          <unit>cups</unit></amt>
        <item>Mayonnaise-style salad dressing</item></ing>
      <ing>
        <amt>
          <qty>1</qty>
          <unit>cup</unit></amt>
        <item>Milk</item></ing>
      <ing>
        <amt>
          <qty>1</qty>
          <unit>tablespoon</unit></amt>
        <item>Italian seasoning</item></ing>
      <ing>
        <amt>
          <qty>1</qty>
          <unit>teaspoon</unit></amt>
        <item>Garlic powder</item></ing>
      <ing>
        <amt>
          <qty>1</qty>
          <unit>teaspoon</unit></amt>
        <item>White pepper</item></ing>
      <ing>
        <amt>
          <qty>1</qty>
          <unit>teaspoon</unit></amt>
        <item>Salt</item></ing>
      <ing>
        <amt>
          <qty>1</qty>
          <unit>pound</unit></amt>
        <item>Rotini noodles; cooked, rinsed, drained</item></ing>
      <ing>
        <amt>
          <qty>1</qty>
          <unit>small</unit></amt>
        <item>Green bell pepper; diced</item></ing>
      <ing>
        <amt>
          <qty>1</qty>
          <unit>small</unit></amt>
        <item>Red bell pepper; diced</item></ing>
      <ing>
        <amt>
          <qty>1</qty>
          <unit>small</unit></amt>
        <item>Red onion; diced</item></ing>
      <ing>
        <amt>
          <qty>2</qty>
          <unit/></amt>
        <item>Ribs celery; diced</item></ing>
      <ing>
        <amt>
          <qty>1/2</qty>
          <unit>cups</unit></amt>
        <item>Black olives; sliced</item></ing>
      <ing>
        <amt>
          <qty>1/4</qty>
          <unit>cups</unit></amt>
        <item>Green olives; sliced</item></ing>
      <ing>
        <amt>
          <qty>2</qty>
          <unit>ounces</unit></amt>
        <item>Pepperoni; sliced</item></ing></ingredients>
    <directions>
      <step>  In medium bowl, make dressing by combining salad dressing, milk and
  seasonings. Stir well with wire whip.
  
  Combine pasta, bell peppers, onion, celery, olives and pepperoni in large
  bowl.
  
  NOTES : From: Resturant Recipes
  Posted to TNT - Prodigy's Recipe Exchange Newsletter  by Aquasea221
  &lt;Aquasea221@aol.com&gt; on Oct 31, 1997
 
</step></directions></recipe></recipeml>
