<?xml version="1.0" encoding="UTF-8"?>

<recipeml version="0.5">
  <recipe>
    <head>
      <title>Barvarian Potato Salad</title>
      <categories>
        <cat>German</cat>
        <cat>Salads</cat>
        <cat>Vegetables</cat></categories>
      <yield>4</yield></head>
    <ingredients>
      <ing>
        <amt>
          <qty>4</qty>
          <unit>cups</unit></amt>
        <item>Potatoes; *</item></ing>
      <ing>
        <amt>
          <qty>2</qty>
          <unit>cups</unit></amt>
        <item>Chicken broth; **</item></ing>
      <ing>
        <amt>
          <qty>1/2</qty>
          <unit>teaspoons</unit></amt>
        <item>Salt</item></ing>
      <ing>
        <amt>
          <qty>1/4</qty>
          <unit>cups</unit></amt>
        <item>Vegetable oil</item></ing>
      <ing>
        <amt>
          <qty>1/3</qty>
          <unit>cups</unit></amt>
        <item>Onion; chopped</item></ing>
      <ing>
        <amt>
          <qty>1/2</qty>
          <unit>teaspoons</unit></amt>
        <item>Sugar</item></ing>
      <ing>
        <amt>
          <qty>2</qty>
          <unit>tablespoons</unit></amt>
        <item>Lemon juice</item></ing>
      <ing>
        <amt>
          <qty/>
          <unit/></amt>
        <item>Pepper; as desired</item></ing></ingredients>
    <directions>
      <step>  *    Potatoes should be peeled and sliced 1/4-inch thick. ** Chicken broth
  may be either home made or commercial.
  +++++++++++++++++++++++++++++++++++++++++++++++++++++++ ++++++++++++++ ++++
  Boil potatoes in broth with 1/4 t salt for 5 to 8 minutes, until tender.
  Drain.  Toss warm potatoes with vegetable oil and onions. Dissolve
  remaining 1/4 t salt and the sugar in lemon juice. Pour over potatoes.
  Marinate salad 1 to 2 hours before serving. Serve at room temperature.
  
  From Gemini's MASSIVE MealMaster collection at www.synapse.com/~gemini
 
</step></directions></recipe></recipeml>
