<?xml version="1.0" encoding="UTF-8"?>

<recipeml version="0.5">
  <recipe>
    <head>
      <title>Basa Genep (Basic Balinese Spice Mix)</title>
      <categories>
        <cat>Seasoning</cat></categories>
      <yield>1</yield></head>
    <ingredients>
      <ing>
        <amt>
          <qty>1</qty>
          <unit>teaspoon</unit></amt>
        <item>Whole black pepper</item></ing>
      <ing>
        <amt>
          <qty>3</qty>
          <unit/></amt>
        <item>Cloves garlic</item></ing>
      <ing>
        <amt>
          <qty>1/2</qty>
          <unit>medium</unit></amt>
        <item>Onion</item></ing>
      <ing>
        <amt>
          <qty>3</qty>
          <unit/></amt>
        <item>Lombok chilles</item></ing>
      <ing>
        <amt>
          <qty>1</qty>
          <unit>teaspoon</unit></amt>
        <item>Sesame seeds</item></ing>
      <ing>
        <amt>
          <qty>1/4</qty>
          <unit>teaspoons</unit></amt>
        <item>Freshly ground nutmeg</item></ing>
      <ing>
        <amt>
          <qty>1/2</qty>
          <unit>teaspoons</unit></amt>
        <item>Terasi [ blachan; fermented shrimp paste]</item></ing>
      <ing>
        <amt>
          <qty>3</qty>
          <unit/></amt>
        <item>Ground candlenuts</item></ing>
      <ing>
        <amt>
          <qty>1</qty>
          <unit>teaspoon</unit></amt>
        <item>Ground coriander</item></ing>
      <ing>
        <amt>
          <qty>1</qty>
          <unit>tablespoon</unit></amt>
        <item>Turmeric [ use fresh if available]</item></ing>
      <ing>
        <amt>
          <qty>5</qty>
          <unit>teaspoons</unit></amt>
        <item>Galangal [ laos; use fresh if avaiable]</item></ing>
      <ing>
        <amt>
          <qty>2</qty>
          <unit>teaspoons</unit></amt>
        <item>Lesser galangal [ kencur]</item></ing>
      <ing>
        <amt>
          <qty>1</qty>
          <unit>tablespoon</unit></amt>
        <item>Grated ginger</item></ing>
      <ing>
        <amt>
          <qty>1/4</qty>
          <unit>cups</unit></amt>
        <item>Water</item></ing></ingredients>
    <directions>
      <step>  From: Nexus User patthom &lt;patthom@nexus.edu.au&gt;
  
  Date: Sun, 4 Aug 1996 10:10:08 +0930
  grind whole seeds in pestle and mortar, then blnd all together. You can use
  a food processor for this part.  It should be golden yellow and thick paste
  like.
  
  This is used in many ways...rub over chicken and barbecue, marinade fish
  and warp in banana leaf and steam, add to rice porridge.
  
  Add to: 300 gr chicken mince 3 lime leaves, three quarters cup grated
  cocunut, 2 tspn palm sugar half tspn salt, 1 tbspn fried dried onion and
  hald stick finely chopped lemon grass. kead until very sticky. Mold around
  soaked bamboo satay sticks and charcoal grill.
  
  this is chicken satay, not the kebabs that are sold for tourist
  consumption.
  
  CHILE-HEADS DIGEST V3 #062
  
  From the Chile-Heads recipe list.  Downloaded from Glen's MM Recipe
  Archive, http://www.erols.com/hosey.
 
</step></directions></recipe></recipeml>
