<?xml version="1.0" encoding="UTF-8"?>

<recipeml version="0.5">
  <recipe>
    <head>
      <title>Basbousa Bil Laban (Semolina &amp; Yogurt Ck</title>
      <categories>
        <cat>Cake</cat></categories>
      <yield>8</yield></head>
    <ingredients>
      <ing-div>
        <title/>
        <ing>
          <amt>
            <qty>1/2</qty>
            <unit>cups</unit></amt>
          <item>Blanched; toasted almonds</item></ing>
        <ing>
          <amt>
            <qty>2/3</qty>
            <unit>cups</unit></amt>
          <item>Plain yogourt</item></ing>
        <ing>
          <amt>
            <qty>2</qty>
            <unit/></amt>
          <item>Sticks unsalted butter; melted</item></ing>
        <ing>
          <amt>
            <qty>1/2</qty>
            <unit>cups</unit></amt>
          <item>Sugar</item></ing>
        <ing>
          <amt>
            <qty>1 1/4</qty>
            <unit>cups</unit></amt>
          <item>Semolina flour</item></ing>
        <ing>
          <amt>
            <qty>1</qty>
            <unit>teaspoon</unit></amt>
          <item>Baking powder</item></ing>
        <ing>
          <amt>
            <qty>1</qty>
            <unit>teaspoon</unit></amt>
          <item>Vanilla</item></ing></ing-div>
      <ing-div>
        <title>SYRUP</title>
        <ing>
          <amt>
            <qty>1</qty>
            <unit>cup</unit></amt>
          <item>Plus</item></ing>
        <ing>
          <amt>
            <qty>2</qty>
            <unit>tablespoons</unit></amt>
          <item>Sugar</item></ing>
        <ing>
          <amt>
            <qty>2/3</qty>
            <unit>cups</unit></amt>
          <item>Water</item></ing>
        <ing>
          <amt>
            <qty>2</qty>
            <unit>tablespoons</unit></amt>
          <item>Lemon juice</item></ing></ing-div></ingredients>
    <directions>
      <step>  From: sophie@odin.uchicago.edu (Sophie Laplante)
  
  Date: Thu, 19 Aug 1993 15:43:17 GMT
  Basbousa bil laban (Semolina and yogourt cake soaked in syrup)
  
  Preheat oven to 400F.  Grease and flour a round baking pan, about 8 inches
  in diameter.
  
  Prepare the syrup by placing all the ingredients in a small pan and
  bringing slowly to a boil. Lower the heat and simmer for about 10 minutes
  or until the syrup forms a sticky film on the back of a spoon. Set aside to
  cool.
  
  Chop the almonds finely.  Pour the yogourt into a bowl, add half the melted
  butter, sugar, semolina, baking powder, vanilla and almonds.  Mix
  thoroughly until well blended. Pour the batter into the cake pan and smooth
  over the surface with the back of a spoon.
  
  Bake for about 30 minutes, or until the surface of the cake is golden.
  Remove from the oven and pour the cold syrup evenly over it.  Cut into
  lozenge shapes and return to the oven for 3-4 more minutes.
  
  Warm the remaining butter.  Remove the basbousa from the oven and pour the
  butter evenly over the surface.  Leave to cool.
  
  (From: Patisserie of the Eastern Mediterranean, by Arto der Haroutunian;
  edited by McGraw-Hill)
  
  REC.FOOD.RECIPES ARCHIVES
  
  /CAKES
  
  From rec.food.cooking archives.  Downloaded from Glen's MM Recipe Archive,
  http://www.erols.com/hosey.
 
</step></directions></recipe></recipeml>
