<?xml version="1.0" encoding="UTF-8"?>

<recipeml version="0.5">
  <recipe>
    <head>
      <title>Basel Chocolate-Spice Cookies (Basel Brunsli)</title>
      <categories>
        <cat>Cookies</cat>
        <cat>Swedish</cat></categories>
      <yield>2</yield></head>
    <ingredients>
      <ing>
        <amt>
          <qty>1 1/4</qty>
          <unit>cups</unit></amt>
        <item>Blanched whole almonds (about 7 ounces)</item></ing>
      <ing>
        <amt>
          <qty>1 1/2</qty>
          <unit>cups</unit></amt>
        <item>Powdered sugar</item></ing>
      <ing>
        <amt>
          <qty>3 1/2</qty>
          <unit>tablespoons</unit></amt>
        <item>Unsweetened cocoa powder</item></ing>
      <ing>
        <amt>
          <qty>2 1/2</qty>
          <unit>teaspoons</unit></amt>
        <item>Ground cinnamon</item></ing>
      <ing>
        <amt>
          <qty>1/8</qty>
          <unit>teaspoons</unit></amt>
        <item>Ground cloves</item></ing>
      <ing>
        <amt>
          <qty>3</qty>
          <unit>ounces</unit></amt>
        <item>Bitterswet (not unsweetened) or swmisweet</item></ing>
      <ing>
        <amt>
          <qty/>
          <unit/></amt>
        <item>Chocolate, chopped fairly fine</item></ing>
      <ing>
        <amt>
          <qty>1/4</qty>
          <unit>teaspoons</unit></amt>
        <item>(generous) almond extract</item></ing>
      <ing>
        <amt>
          <qty>2</qty>
          <unit>large</unit></amt>
        <item>Egg whites</item></ing>
      <ing>
        <amt>
          <qty>2</qty>
          <unit/></amt>
        <item>To 5 Tbl confectioners' sugar for rolling out cookies</item></ing></ingredients>
    <directions>
      <step>  Heat oven to 325F.  Line several baking sheets with aluminum foil.
  
  In a food processor, process the almonds and 1 cup powdered sugar until the
  almonds are powder-fine but not oily; stop the processor and scrape down
  the sides several times. Add the cocoa powder, cinnamon, cloves, and
  chocolate; continue processing until the chocolate is finely ground. Add
  the remaining 1/2 cup powdered sugar, the almond extract, and egg whites;
  process until the mixture is blended and just forms a mass. Set the dough
  aside for 5 to 10 minutes to stiffen slightly.
  
  Generously dust a work surface with powdered sugar. If the dough seems too
  soft to roll out easily, dust it with more sugar and knead until the
  consistency is manageable, but avoid adding any more sugar than absolutely
  necessary.  Roll out the dough to 1/4 inch thickness, lifting it with a
  spatula frequently and redusting the surface and rolling pin with powdered
  sugar to prevent sticking.  Cut out the cookies using a 2 1/4-inch
  heart-shaped (or similar) cutter.  Use a spatula to transfer the cookies to
  the prepared baking sheets, about 1 inch apart.
  
  Bake the cookies for 9 to 12 minutes or until almost firm on top and
  slightly puffy.  Let them stand on the foil lined baking sheets until
  completely cooled. Peel from the foil. Store airtight for 3 to 4 days.
  Freeze, airtight, for longer storage.
  
  Makes about forty 2 1/4-inch cookies.
  
  [THE BALTIMORE SUN;  November 25. 1990]
  
  Posted by Fred Peters.
  
  From Gemini's MASSIVE MealMaster collection at www.synapse.com/~gemini
 
</step></directions></recipe></recipeml>
