<?xml version="1.0" encoding="UTF-8"?>

<recipeml version="0.5">
  <recipe>
    <head>
      <title>Basic Baked Potatoes</title>
      <categories>
        <cat>Baked</cat>
        <cat>Potatoes</cat></categories>
      <yield>4</yield></head>
    <ingredients>
      <ing>
        <amt>
          <qty>4</qty>
          <unit/></amt>
        <item>Idaho potatoes</item></ing></ingredients>
    <directions>
      <step>  Scrub potatoesand pierce all over with a fork.  Line microwave with paper
  towels and arrange potatoes on top.  Microwave on high for 5 minutes, tur
  and
  rearrange potatoe and microwave 5 minutes more.  Repeat until potaotes feel
  soft, 5-8 minutes more.  Let stand 5 minutes.  Preheat oven to 375 Cun an X
  into the top of each potato. Scoop out the flesh leaving a thick potato
  shell.
  Chop the potao's flesh and place eash in its own small bowl.  Combine with
  add
  ons(see recipes) Arrange stuffed potatoes in baking pan and bake 15
  minutes or
  until heated.
  
  Posted to MC-Recipe Digest V1 #158
  
  Date: Thu, 18 Jul 1996 03:29:51 GMT
  
  From: Stephanie Ash &lt;s.ash@worldnet.att.net&gt;
  
  Recipe By     : Weight Watchers
 
</step></directions></recipe></recipeml>
