<?xml version="1.0" encoding="UTF-8"?>

<recipeml version="0.5">
  <recipe>
    <head>
      <title>Basic Bread Stuffing</title>
      <categories>
        <cat>Breads</cat>
        <cat>Poultry</cat>
        <cat>Holiday</cat></categories>
      <yield>12</yield></head>
    <ingredients>
      <ing>
        <amt>
          <qty>1/2</qty>
          <unit>cups</unit></amt>
        <item>Butter or margarine</item></ing>
      <ing>
        <amt>
          <qty>1</qty>
          <unit/></amt>
        <item>Large onion, diced</item></ing>
      <ing>
        <amt>
          <qty>1</qty>
          <unit>cup</unit></amt>
        <item>To 2 c diced celery w/leaves</item></ing>
      <ing>
        <amt>
          <qty>15</qty>
          <unit>cups</unit></amt>
        <item>Toasted 1/2-inch bread cubes</item></ing>
      <ing>
        <amt>
          <qty>1 1/2</qty>
          <unit>teaspoons</unit></amt>
        <item>Salt</item></ing>
      <ing>
        <amt>
          <qty>1/4</qty>
          <unit>teaspoons</unit></amt>
        <item>Black pepper</item></ing>
      <ing>
        <amt>
          <qty>1</qty>
          <unit>tablespoon</unit></amt>
        <item>Dried sage *</item></ing>
      <ing>
        <amt>
          <qty>1/2</qty>
          <unit>cups</unit></amt>
        <item>Chopped parsely</item></ing>
      <ing>
        <amt>
          <qty>1</qty>
          <unit>cup</unit></amt>
        <item>Turkey stock, water, or milk</item></ing></ingredients>
    <directions>
      <step>  *  or 1/4 cup minced fresh sage ===============================
  
  Melt butter in large stockpot.  Add onion and celery and cook until
  vegetables are tender but not browned.  Add to bread cubes in large bowl.
  Add salt, pepper, sage, and parsley and toss until well mixed. Add turkey
  stock and blend well.  Use to stuff 12 to 14-pound turkey. Bake leftover
  stuffing in lightly greased casserole at 325 degrees 45 minutes to 1 hour
  or until heated through.
  
  Each serving contains about: 181 calories; 635 mg sodium; 22 g cholesterol;
  9 g fat; 20 g carbohydrates; 4 g protien; 0.3 g fiber. 46% of calories from
  fat.
  Posted to MM-Recipes Digest V4 #289 by "John Weber" &lt;hdbrer@ibm.net&gt; on Nov
  04, 97
 
</step></directions></recipe></recipeml>
