<?xml version="1.0" encoding="UTF-8"?>

<recipeml version="0.5">
  <recipe>
    <head>
      <title>Basic Biscuit Crust</title>
      <categories>
        <cat>Vegetarian</cat>
        <cat>Vegan</cat>
        <cat>Crust</cat></categories>
      <yield>1</yield></head>
    <ingredients>
      <ing>
        <amt>
          <qty>1 3/4</qty>
          <unit>cups</unit></amt>
        <item>Unbleached or whole wheat pastry flour</item></ing>
      <ing>
        <amt>
          <qty>1/2</qty>
          <unit>teaspoons</unit></amt>
        <item>Salt</item></ing>
      <ing>
        <amt>
          <qty>2</qty>
          <unit>teaspoons</unit></amt>
        <item>Baking powder</item></ing>
      <ing>
        <amt>
          <qty>1/2</qty>
          <unit>teaspoons</unit></amt>
        <item>Baking soda</item></ing>
      <ing>
        <amt>
          <qty>1</qty>
          <unit>tablespoon</unit></amt>
        <item>Safflower or soy margarine</item></ing>
      <ing>
        <amt>
          <qty>3/4</qty>
          <unit>cups</unit></amt>
        <item>Soy milk</item></ing>
      <ing>
        <amt>
          <qty>2</qty>
          <unit>teaspoons</unit></amt>
        <item>Honey or maple syrup</item></ing></ingredients>
    <directions>
      <step>   Sift flour, salt if desired, baking powder, and baking soda into a large
  bowl. Using a pastry blender or fork, cut the margarine into the flour
  mixture until it resembles coarse meal. In a measruing cup, combine soy
  milk and honey or syrup. Add the liquid mixture to the flour mixture,
  stirring with a fork to form a stiff dough. Add more buttermilk if dough is
  too dry.
   Knead lightly in bowl, about 3 to 5 minutes, until the dough is no longer
  sticky. Thenturn out onto lightly floured surface.Rollout into desired
  shape. Makes enough crust to cover a 9- by 12-inch baking pan.
  
   Per serving: 128 cal; 4 g prot; 3 g fat; 21 g carb; 0 chol; 211 mg sod; 1
  g fiber; vegan
  
   Adapted from Vegetarian Times, Nov 93/MM by DEEANNE
  
  From Gemini's MASSIVE MealMaster collection at www.synapse.com/~gemini
 
</step></directions></recipe></recipeml>
