<?xml version="1.0" encoding="UTF-8"?>

<recipeml version="0.5">
  <recipe>
    <head>
      <title>Basic Bean Curd Soup</title>
      <categories>
        <cat>Soup</cat></categories>
      <yield>4</yield></head>
    <ingredients>
      <ing>
        <amt>
          <qty>6</qty>
          <unit>cups</unit></amt>
        <item>Stock</item></ing>
      <ing>
        <amt>
          <qty>2</qty>
          <unit/></amt>
        <item>Bean curd cakes</item></ing>
      <ing>
        <amt>
          <qty>1</qty>
          <unit>teaspoon</unit></amt>
        <item>Salt</item></ing></ingredients>
    <directions>
      <step>     1. Cut bean curd cakes in thin slices or 1-inch cubes.
  
     2. Bring stock to a boil. Add bean curd and simmer, covered, only to
  heat through. Season with salt.
  
     VARIATIONS: Add with bean curd any of the following vegetables:
  
     BAMBOO SHOOTS: 1/2 cup, sliced thin. Simmer, covered, 3 minutes.
  
     BEAN SPROUTS: 1/2 cup. Simmer, covered, 2 minutes.
  
     CHINESE CABBAGE: 1 Cup, cut in 1-inch Sections. Simmer, uncovered, 3
  minutes.
  
     MUSHROOMS, FRESH: 1/2 cup, sliced thin. Simmer, covered, 3 minutes.
  
     MUSHROOMS: 8 dried black (soaked), sliced. Simmer, covered, 10 to 15
  minutes.
  
     MUSTARD CABBAGE: 1 Cup, cut in 1-inch SectionS. Simmer, uncovered, 3 to
        5    minutes.
  
     SPINACH: 1 Cup, cut in 1-inch sections. Simmer, uncovered, 1 to 2
  minutes.
  
  From &lt;The Thousand Recipe Chinese Cookbook&gt;, ISBN 0-517-65870-4. Downloaded
  from Glen's MM Recipe Archive, http://www.erols.com/hosey.
 
</step></directions></recipe></recipeml>
