<?xml version="1.0" encoding="UTF-8"?>

<recipeml version="0.5">
  <recipe>
    <head>
      <title>Basic Bean Burgers</title>
      <categories>
        <cat>Digest</cat>
        <cat>Nov.</cat>
        <cat>Fatfree</cat></categories>
      <yield>1</yield></head>
    <ingredients>
      <ing>
        <amt>
          <qty>1</qty>
          <unit>cup</unit></amt>
        <item>TVP granules</item></ing>
      <ing>
        <amt>
          <qty>1</qty>
          <unit/></amt>
        <item>Scant cup boiling water</item></ing>
      <ing>
        <amt>
          <qty>1</qty>
          <unit>tablespoon</unit></amt>
        <item>Tomato paste or ketchup</item></ing>
      <ing>
        <amt>
          <qty>1</qty>
          <unit/></amt>
        <item>16-oz can pinto, kidney, or</item></ing>
      <ing>
        <amt>
          <qty/>
          <unit/></amt>
        <item>Other beans, drained</item></ing>
      <ing>
        <amt>
          <qty>1/4</qty>
          <unit>cups</unit></amt>
        <item>Whole wheat bread crumbs</item></ing>
      <ing>
        <amt>
          <qty>2</qty>
          <unit/></amt>
        <item>Cloves garlic, finely</item></ing>
      <ing>
        <amt>
          <qty/>
          <unit/></amt>
        <item>Minced</item></ing>
      <ing>
        <amt>
          <qty>1/2</qty>
          <unit>teaspoons</unit></amt>
        <item>Oregano</item></ing>
      <ing>
        <amt>
          <qty>1</qty>
          <unit>tablespoon</unit></amt>
        <item>Tarmari or soy sauce</item></ing>
      <ing>
        <amt>
          <qty>1</qty>
          <unit>teaspoon</unit></amt>
        <item>Sweetener</item></ing>
      <ing>
        <amt>
          <qty/>
          <unit/></amt>
        <item>Salt and pepper to taste</item></ing>
      <ing>
        <amt>
          <qty/>
          <unit/></amt>
        <item>Whole wheat flour for</item></ing>
      <ing>
        <amt>
          <qty/>
          <unit/></amt>
        <item>Dusting</item></ing></ingredients>
    <directions>
      <step>  Pour boiling water over TVP and tomato paste in a bowl.  Stir and let rest
  for 10 minutes.  In food processor, combine TVP mixture and remaining
  ingredients except for flour.  Pulse until mixture is almost a puree. Dust
  hands with flour and shape mixture into 6 burgers. Dust them lightly in
  flour.  Layer the burgers with sheets of waxed paper and refrigerate for at
  least one hour.  Cook on a gill covered with foil for about 10 minutes on
  each side.&lt;p&gt;
  
  Victoria Schiloni, who owns and operates a vegetarian catering service in
  Philadelphia, offered her Basic Bean Burger (above) along with a peanutty
  variation (follows).
  
  Posted by Terry Frye &lt;A01TMF1@MVS.CSO.NIU. to the Fatfree Dig. [Vol.12
  Issue 3], Nov. 4, 1994. FATFREE Recipe collections copyrighted by Michelle
  Dick 1994. Used with permission. Formatted by Sue Smith, S.Smith34,
  TXFT40A@Prodigy.com using MMCONV.
  
  File ftp://ftp.idiscover.co.uk/pub/food/mealmaster/recipes/fatfreex.zip
 
</step></directions></recipe></recipeml>
