<?xml version="1.0" encoding="UTF-8"?>

<recipeml version="0.5">
  <recipe>
    <head>
      <title>Basic Bread Dough</title>
      <categories>
        <cat>New</cat>
        <cat>Text</cat>
        <cat>Import</cat></categories>
      <yield>1</yield></head>
    <ingredients>
      <ing>
        <amt>
          <qty>1/2</qty>
          <unit>cups</unit></amt>
        <item>Warm water</item></ing>
      <ing>
        <amt>
          <qty>3</qty>
          <unit>teaspoons</unit></amt>
        <item>Yeast; (dry)</item></ing>
      <ing>
        <amt>
          <qty>1</qty>
          <unit>teaspoon</unit></amt>
        <item>Salt</item></ing>
      <ing>
        <amt>
          <qty>1</qty>
          <unit>teaspoon</unit></amt>
        <item>Sugar</item></ing>
      <ing>
        <amt>
          <qty>4</qty>
          <unit>cups</unit></amt>
        <item>High gluten flour</item></ing>
      <ing>
        <amt>
          <qty>4</qty>
          <unit>tablespoons</unit></amt>
        <item>Extra virgin olive oil</item></ing></ingredients>
    <directions>
      <step>  Place warm water in a warm mixing bowl and add yeast. Stir to dissolve and
  let stand 3 minutes. Add salt and sugar and stir through. Add flour and
  olive oil and mix, using hands until you can knead the dough without it
  sticking to your fingers.
  
  Wash and dry hands and remove ball to cutting board. Knead the dough,
  occasionally dusting with 1 teaspoon flour, until a firm, smooth homogenous
  ball is formed, about 15 minutes. Place ball of dough in a lightly oiled
  mixing bowl, cover with a clean kitchen towel and allow to rise in a warm
  place until its size is doubled, about 2 hours. Punch down and divide into
  4 pieces. Dough is now ready for use.
  Recipe By     : MOLTO MARIO
  
  Posted to MC-Recipe Digest V1 #280
  
  Date: Tue, 5 Nov 1996 17:14:56 -0500 (EST)
  
  From: Sue &lt;suechef@sover.net&gt;
 
</step></directions></recipe></recipeml>
