<?xml version="1.0" encoding="UTF-8"?>

<recipeml version="0.5">
  <recipe>
    <head>
      <title>Basic Brocolli Frittata</title>
      <categories>
        <cat>Eggs</cat>
        <cat>Can living</cat></categories>
      <yield>4</yield></head>
    <ingredients>
      <ing>
        <amt>
          <qty>2</qty>
          <unit>tablespoons</unit></amt>
        <item>Butter</item></ing>
      <ing>
        <amt>
          <qty>1/2</qty>
          <unit/></amt>
        <item>Onion; chopped</item></ing>
      <ing>
        <amt>
          <qty>1</qty>
          <unit/></amt>
        <item>Garlic clove; minced</item></ing>
      <ing>
        <amt>
          <qty>2</qty>
          <unit>cups</unit></amt>
        <item>Brocolli florets; cooked</item></ing>
      <ing>
        <amt>
          <qty>6</qty>
          <unit/></amt>
        <item>Eggs Salt</item></ing>
      <ing>
        <amt>
          <qty>3/4</qty>
          <unit>cups</unit></amt>
        <item>Mozzarella; cubed</item></ing>
      <ing>
        <amt>
          <qty>2</qty>
          <unit>teaspoons</unit></amt>
        <item>Parsley; minced</item></ing>
      <ing>
        <amt>
          <qty>2</qty>
          <unit>teaspoons</unit></amt>
        <item>Onion green tops;</item></ing>
      <ing>
        <amt>
          <qty>1/4</qty>
          <unit/></amt>
        <item>Sl Red sweet red pepper (opt</item></ing></ingredients>
    <directions>
      <step>  In 10" skillet over med heat,  melt butter,  add onions &amp; garlic. Saute
  till tender,  about 3 min. Place florets over onions. Whisk together eggs
  with salt,  pepper &amp; cayenne.  Stir in mozzarella, parsley &amp; green onion.
  Pour gently over brocolli.  Increase heat to med-high. Cook till bottom
  sets, lifting frittata with spatula to allow uncooked eggs to flow
  underneath &amp; set.  When edges  are firm but top is still moist, cover
  skillet with large plate, turn over together &amp; slide frittata into skillet,
  cooked side up  or till bottom is set. Transfer to heated serving dish &amp;
  cut  into wedges. VARIATION: RED PEPPER AND EMMENTHAL FRITTATA Add 1 1/2
  cups sweet red pepper chunks to onion &amp; garlic. Saute together till onions
  are soft &amp; peppers tender-crisp a bout 4-5 min. Proceed with egg mixture,
  substituting Emmanthal or Gruyere for mozzarella. Other mild cheese such as
  Brie are also good.
  VARIATION: MUSHROOM AND PROVOLONE FRITTATA Add 1/4 cup diced sweet red
  pepper &amp; 2 cups sliced mushrooms to onions. Saute together till  vegs are
  tender &amp; moisture has evaporated about 6 min. Proceed with egg mixture,
  substituting provolone for mozzarella, adding pinch of nutmeg.
  
  VARIATION: SPINACH AND PARMESAN FRITTATA Wash &amp; trim 1 (10oz) pk fresh
  spinach.  Cook till tender in covered saucepan with water clinging to the
  leaves, about 3-4 min,  stirring midway if needed.  Drain in colander,
  pressing out excess  moisture;chop  coarsely.  There should be  1  cup
  cooked chopped spinach. Set aside. Add 1/4 cup diced sweet red pepper to
  onions &amp; garlic. Mix spinach into egg  mixture &amp; substitute 1/4 c up
  grated parmesan for 3/4 cup cubed mozzarella. Sprinkle surface of finished
  frittata with pinch of oregano.
  
  SERVES: 4
  Source: _The Canadian Living Cookbook_by Carol Ferguson
  posted by Anne MacLellan
  
  File ftp://ftp.idiscover.co.uk/pub/food/mealmaster/recipes/mmcorr.zip
 
</step></directions></recipe></recipeml>
