<?xml version="1.0" encoding="UTF-8"?>

<recipeml version="0.5">
  <recipe>
    <head>
      <title>Basic Beef with Gravy</title>
      <categories>
        <cat>Meat</cat></categories>
      <yield>2</yield></head>
    <ingredients>
      <ing>
        <amt>
          <qty>1/2</qty>
          <unit>pounds</unit></amt>
        <item>Sirloin steak; sliced thin across the grain</item></ing>
      <ing>
        <amt>
          <qty>2</qty>
          <unit>tablespoons</unit></amt>
        <item>Dry sherry</item></ing>
      <ing>
        <amt>
          <qty>1</qty>
          <unit>tablespoon</unit></amt>
        <item>Soy sauce</item></ing>
      <ing>
        <amt>
          <qty>1</qty>
          <unit>teaspoon</unit></amt>
        <item>Cornstarch</item></ing>
      <ing>
        <amt>
          <qty>1</qty>
          <unit/></amt>
        <item>Clove garlic; minced</item></ing>
      <ing>
        <amt>
          <qty>1/4</qty>
          <unit>teaspoons</unit></amt>
        <item>Salt</item></ing>
      <ing>
        <amt>
          <qty>1</qty>
          <unit>cup</unit></amt>
        <item>Onions; sliced thin</item></ing>
      <ing>
        <amt>
          <qty>1</qty>
          <unit>tablespoon</unit></amt>
        <item>Oil</item></ing>
      <ing>
        <amt>
          <qty>1</qty>
          <unit>tablespoon</unit></amt>
        <item>Cornstarch</item></ing>
      <ing>
        <amt>
          <qty>1</qty>
          <unit>teaspoon</unit></amt>
        <item>Soy sauce</item></ing>
      <ing>
        <amt>
          <qty>1/4</qty>
          <unit>cups</unit></amt>
        <item>Water or beef broth</item></ing>
      <ing>
        <amt>
          <qty>1/2</qty>
          <unit>teaspoons</unit></amt>
        <item>Accent</item></ing></ingredients>
    <directions>
      <step>  Marinate beef in sherry, 1 tablespoon soy sauce and 1 tsp cornstarch. In
  small bowl, mix 1 tablespoon cornstarch, 1 teaspoon soy sauce, 1/4 cup
  water and 1/2 tsp Accent. In a deep, cast-iron skillet, heat 1 tablespoon
  oil. Add garlic, salt and onions. Add marinated beef and stir fry to
  desired degree of doneness (about 1-2 minutes). Add cornstarch mixture and
  stir until thick and smooth. Serve with rice. PEPPER STEAK: Add 2 cups
  diced bell pepper. TOMATO, PEPPER AND BEEF: Add 1 cup tomatoes and 1 cup
  peppers, quartered. CELERY AND BEEF: Add 2 cups celery, sliced diagonally.
  BROCCOLI AND BEEF:  Trim tough outer part of broccoli by pulling from
  bottom of stalk to the head. Slice diagonally in 1/8-inch slices to make 2
  cups. Cook in boiling water 3 minutes. Rinse with cold water and drain. May
  add 1 tea- spoon sugar before making gravy. STRING BEANS AND BEEF: Parboil
  2 cups beans (snapped) for 3 minutes in salted water. Rinse with cold water
  and drain. SNOW PEAS AND BEEF: Add 1-1/2 cups snow peas. BEAN SPROUTS AND
  BEEF:  Add 4 cups bean sprouts and 1 teaspoon soy sauce. MUSHROOMS AND
  BEEF: Add 1/2 cup sliced fresh mushrooms.
  
  MRS DANIEL TONYMAN (SUSIE)
  
  FORT WORTH, TX
  
  From the book &lt;High Cotton Cookin'&gt;, Marvell Academy Mothers Assn, Marvell,
  AR  72366, ISBN 0-918544-14-9, downloaded from Glen's MM Recipe Archive,
  http://www.erols.com/hosey.
 
</step></directions></recipe></recipeml>
