<?xml version="1.0" encoding="UTF-8"?>

<recipeml version="0.5">
  <recipe>
    <head>
      <title>Basics Couscous</title>
      <categories>
        <cat>Pastanoodle</cat></categories>
      <yield>4</yield></head>
    <ingredients>
      <ing>
        <amt>
          <qty>1 1/2</qty>
          <unit>cups</unit></amt>
        <item>Vegetable or chicken stock or water</item></ing>
      <ing>
        <amt>
          <qty/>
          <unit>pinches</unit></amt>
        <item>Salt</item></ing>
      <ing>
        <amt>
          <qty>1</qty>
          <unit>cup</unit></amt>
        <item>Couscous</item></ing></ingredients>
    <directions>
      <step>  Basics for new cooks:
  
  In saucepan, bring water and salt to boil; stir in couscous. Remove from
  heat; cover and let stand for 5 minutes. Fluff with fork. Makes 3 cups, or
        4    servings.
  
  Source: Canadian Living magazine, Apr 95 Presented in article by Elizabeth
  Baird: "Only The Best" Recipe by Canadian Living Test Kitchen
  
      [-=PAM=-]   PA_Meadows@msn.com
  Posted to MM-Recipes Digest V3 #342
  
  From: "Paul A Meadows" &lt;PA_Meadows@msn.com&gt;
  
  Date: Sat, 14 Dec 96 22:01:56 UT
 
</step></directions></recipe></recipeml>
