<?xml version="1.0" encoding="UTF-8"?>

<recipeml version="0.5">
  <recipe>
    <head>
      <title>Basic Braised Beef</title>
      <categories>
        <cat>Meat</cat></categories>
      <yield>6</yield></head>
    <ingredients>
      <ing>
        <amt>
          <qty>2</qty>
          <unit>pounds</unit></amt>
        <item>Beef chuck</item></ing>
      <ing>
        <amt>
          <qty>1</qty>
          <unit/></amt>
        <item>Scallion stalk</item></ing>
      <ing>
        <amt>
          <qty>1</qty>
          <unit/></amt>
        <item>Clove garlic</item></ing>
      <ing>
        <amt>
          <qty>2</qty>
          <unit/></amt>
        <item>Or</item></ing>
      <ing>
        <amt>
          <qty>3</qty>
          <unit>slices</unit></amt>
        <item>Fresh ginger root</item></ing>
      <ing>
        <amt>
          <qty>4</qty>
          <unit>tablespoons</unit></amt>
        <item>Soy sauce</item></ing>
      <ing>
        <amt>
          <qty>2</qty>
          <unit>tablespoons</unit></amt>
        <item>Sherry</item></ing>
      <ing>
        <amt>
          <qty>1</qty>
          <unit>teaspoon</unit></amt>
        <item>Sugar</item></ing>
      <ing>
        <amt>
          <qty>1</qty>
          <unit>teaspoon</unit></amt>
        <item>Salt</item></ing>
      <ing>
        <amt>
          <qty>1</qty>
          <unit>dash</unit></amt>
        <item>Pepper</item></ing>
      <ing>
        <amt>
          <qty>2</qty>
          <unit/></amt>
        <item>Or</item></ing>
      <ing>
        <amt>
          <qty>3</qty>
          <unit>tablespoons</unit></amt>
        <item>Oil</item></ing>
      <ing>
        <amt>
          <qty>3</qty>
          <unit>cups</unit></amt>
        <item>Water</item></ing></ingredients>
    <directions>
      <step>  1. Leave beef whole. Cut scallion stalk in 2-inch sections. Mince garlic
  and ginger root and combine with soy sauce, sherry, sugar, salt and pepper.
  
  2. Heat oil in a heavy pan. Brown beef quickly on all sides. Add soy-sherry
  mixture and cook stirring to heat and blend (about 3 minutes). Meanwhile,
  boil water.
  
  3. Add water to beef and bring to a boil again. Simmer, covered, until beef
  is tender (about 1-1/2 to 2 hours).
  
  NOTE: You may increase the soy sauce to 1/2 cup, the sherry to 1/4 cup;
  then reserve the gravy as a master sauce. (See recipe for "Master Sauce".)
  VARIATIONS:
  
     Cut the beef in large chunks. Cook only 1 hour in step 3.
  
     Cut the beef in 1-1/2 inch cubes. Sprinkle with 1 teaspoon salt; then
  toss in 1/2 tablespoon soy sauce and 1/2 tablespoon sherry. Let stand 20 to
  30 minutes, turning occasionally. Then brown as in step 2, but omit the
  soy-sherry mix. Cook about 45 minutes in step 3.
  
     Instead of browning the beef, plunge in a pan of boiling water, parboil
  2 to 3 minutes, then drain.
  
     In step 1, do not combine the soy sauce and other seasonings. Instead,
  after browning the beef in step 2, cook it in the soy over medium heat,
  until well colored (about 10 minutes). Then add the scallion, garlic and
  ginger root; stir in the sherry, sugar, salt, pepper and 2 cups heated
  stock. Cook as in step 3, but omit the boiling water.
  
     In step 2, add any of the following:
  
        2    cloves star anise
  
        3 to 4 anise peppercorns and 1/2 teaspoon sesame oil
  
        1-inch piece of cinnamon stick
  
        1 piece tangerine peel (soaked)
  
        1    tablespoon wine vinegar
  
     During the last 30 minutes of cooking, add any of the following:
  
        1    pound cabbage, cut in wedges
  
        1 pound carrots, peeled and cubed
  
        6 celery stalks, cut in 1-inch sections
  
      1/2    pound chestnuts, parboiled
  
        6    eggs, hardboiled and shelled
  
        1/2 cup lily buds (soaked), cut in two
  
        1 pound lotus root, peeled and cubed
  
        1 cup dried black mushrooms (soaked), left whole
  
        1 pound new potatoes, peeled and cubed
  
        1    pound string beans, stemmed
  
        1 pound Chinese white turnips, peeled and cubed
  
    During the last 15 minutes of cooking, add 2 cups bamboo shoots, diced.
  
    During the last 10 minutes of cooking, add 2 cups shelled peas or 4
  tomatoes, cut in wedges.
  
  NOTE: When adding vegetables, do not also add star anise, anise pepper,
  cinnamon stick, tangerine peel or wine vinegar. (These will overwhelm the
  vegetable flavors.) They are better when the beef is cooked alone.
  
  From &lt;The Thousand Recipe Chinese Cookbook&gt;, ISBN 0-517-65870-4. Downloaded
  from Glen's MM Recipe Archive, http://www.erols.com/hosey.
 
</step></directions></recipe></recipeml>
