<?xml version="1.0" encoding="UTF-8"?>

<recipeml version="0.5">
  <recipe>
    <head>
      <title>Basics: Kasha</title>
      <categories>
        <cat>Vegetables</cat></categories>
      <yield>2</yield></head>
    <ingredients>
      <ing>
        <amt>
          <qty>1</qty>
          <unit>cup</unit></amt>
        <item>Kasha</item></ing>
      <ing>
        <amt>
          <qty>1</qty>
          <unit/></amt>
        <item>Egg</item></ing>
      <ing>
        <amt>
          <qty>1/2</qty>
          <unit>teaspoons</unit></amt>
        <item>Salt</item></ing>
      <ing>
        <amt>
          <qty/>
          <unit>pinches</unit></amt>
        <item>Pepper</item></ing>
      <ing>
        <amt>
          <qty>1 1/2</qty>
          <unit>cups</unit></amt>
        <item>Boiling water</item></ing>
      <ing>
        <amt>
          <qty>1</qty>
          <unit>tablespoon</unit></amt>
        <item>Butter</item></ing></ingredients>
    <directions>
      <step>  Basics for new cooks:
  
  [Kasha: aka Buckwheat Groats]
  
  In saucepan, combine kaska, egg, salt and pepper; cook over medium-low
  heat, stirring, for 3 minutes or until dry and kernels separate. Stir in
  water and butter; cover and cook, without stirring, for 10-12 minutes or
  until water is absorbed. Fluff kasha with fork. Makes 1-1/2 cups, or 2
  servings.
  
  Source: Canadian Living magazine, Apr 95 Presented in article by Elizabeth
  Baird: "Only The Best" Recipe by Canadian Living Test Kitchen
  
      [-=PAM=-]   PA_Meadows@msn.com
  
  From Gemini's MASSIVE MealMaster collection at www.synapse.com/~gemini
 
</step></directions></recipe></recipeml>
