<?xml version="1.0" encoding="UTF-8"?>

<recipeml version="0.5">
  <recipe>
    <head>
      <title>Basic Adobo</title>
      <categories>
        <cat>Poultry</cat></categories>
      <yield>1</yield></head>
    <ingredients>
      <ing>
        <amt>
          <qty>3</qty>
          <unit>pounds</unit></amt>
        <item>Chicken thighs or 3 lb pork</item></ing>
      <ing>
        <amt>
          <qty/>
          <unit/></amt>
        <item>Butt</item></ing>
      <ing>
        <amt>
          <qty>1/2</qty>
          <unit>cups</unit></amt>
        <item>Vinegar</item></ing>
      <ing>
        <amt>
          <qty>1/4</qty>
          <unit>cups</unit></amt>
        <item>Soy sauce</item></ing>
      <ing>
        <amt>
          <qty>3</qty>
          <unit/></amt>
        <item>Cloves garlic</item></ing>
      <ing>
        <amt>
          <qty>1/4</qty>
          <unit>teaspoons</unit></amt>
        <item>Salt.</item></ing>
      <ing>
        <amt>
          <qty>1/4</qty>
          <unit>teaspoons</unit></amt>
        <item>Peppercorns, crushed</item></ing>
      <ing>
        <amt>
          <qty>1</qty>
          <unit/></amt>
        <item>Bay leaf, crushed</item></ing></ingredients>
    <directions>
      <step>  Cut chicken pieces in half if thighs are large. If using pork, cut
  pork into 1 1/2 inch pieces. In a saucepan, combine all ingredients.
  Let stand for 1 to 3 hours.  Bring to a boil. Cover, lower heat, and
  simmer for 30 minutes (45 minutes for pork).  Remove cover and simmer
  15 more minutes or until liquid evaporates and chicken or pork is
  lightly browned.
  
  File ftp://ftp.idiscover.co.uk/pub/food/mealmaster/recipes/mmkah001.zip
 
</step></directions></recipe></recipeml>
