<?xml version="1.0" encoding="UTF-8"?>

<recipeml version="0.5">
  <recipe>
    <head>
      <title>Basic Black Beans</title>
      <categories>
        <cat>Cuban</cat>
        <cat>Vegetables</cat>
        <cat>Ceideburg 2</cat></categories>
      <yield>6</yield></head>
    <ingredients>
      <ing>
        <amt>
          <qty>14</qty>
          <unit>ounces</unit></amt>
        <item>Dried black beans</item></ing>
      <ing>
        <amt>
          <qty>2</qty>
          <unit>quarts</unit></amt>
        <item>Water</item></ing>
      <ing>
        <amt>
          <qty>1/8</qty>
          <unit>teaspoons</unit></amt>
        <item>Baking soda</item></ing>
      <ing>
        <amt>
          <qty>1/2</qty>
          <unit>teaspoons</unit></amt>
        <item>Ground oregano</item></ing>
      <ing>
        <amt>
          <qty>2</qty>
          <unit>teaspoons</unit></amt>
        <item>Ground cumin</item></ing>
      <ing>
        <amt>
          <qty>1</qty>
          <unit/></amt>
        <item>Green pepper; quartered</item></ing>
      <ing>
        <amt>
          <qty>1/2</qty>
          <unit/></amt>
        <item>Onion; finely chopped</item></ing>
      <ing>
        <amt>
          <qty>3</qty>
          <unit>tablespoons</unit></amt>
        <item>Minced garlic</item></ing>
      <ing>
        <amt>
          <qty>1/4</qty>
          <unit>cups</unit></amt>
        <item>Olive oil</item></ing>
      <ing>
        <amt>
          <qty>3</qty>
          <unit>tablespoons</unit></amt>
        <item>Cider vinegar</item></ing>
      <ing>
        <amt>
          <qty>1/4</qty>
          <unit>cups</unit></amt>
        <item>Sherry wine</item></ing>
      <ing>
        <amt>
          <qty/>
          <unit/></amt>
        <item>Salt; to taste</item></ing></ingredients>
    <directions>
      <step>  Rinse beans and discard any stones. In a large pot, soak beans overnight in
  water with baking soda, oregano, cumin and green pepper. The next day, add
  onion, garlic, olive oil, cider vinegar, sherry and salt to the water and
  cook on medium-low heat for about 3 hours or until the beans are very
  tender and liquid is reduced and somewhat thickened. Make sure liquid in
  pot does not entirely boil away. To prevent beans from burning, add more
  water when necessary. Recipe from Sandy Vasquez of Honduras and Miami, FL,
  who got the recipe from her Cuban grandmother. Tried on 09/01/90 when Sandy
  taught a Cuban cooking class at The Cookbook Cottage/1279 Bardstown
  Rd./Louisville, KY 40204. Posted by Cathy Harned. Fidonet GOURMET echo
  
  Recipe by: Sandy Vasquez of Honduras and Miami, FL,
  
  Posted to MC-Recipe Digest V1 #989 by The Meades &lt;kmeade@idsonline.com&gt; on
  Jan 6, 1998
 
</step></directions></recipe></recipeml>
