<?xml version="1.0" encoding="UTF-8"?>

<recipeml version="0.5">
  <recipe>
    <head>
      <title>Basic Barbecue Baste</title>
      <categories>
        <cat>Sauce</cat></categories>
      <yield>1</yield></head>
    <ingredients>
      <ing>
        <amt>
          <qty>2</qty>
          <unit>ounces</unit></amt>
        <item>Ketchup</item></ing>
      <ing>
        <amt>
          <qty>2</qty>
          <unit>ounces</unit></amt>
        <item>Twist and Shout (see note)</item></ing>
      <ing>
        <amt>
          <qty>2</qty>
          <unit>ounces</unit></amt>
        <item>Picapeppa sauce</item></ing>
      <ing>
        <amt>
          <qty>1</qty>
          <unit>teaspoon</unit></amt>
        <item>Rice vinegar</item></ing>
      <ing>
        <amt>
          <qty>1</qty>
          <unit>teaspoon</unit></amt>
        <item>Red chile and garlic sauce</item></ing>
      <ing>
        <amt>
          <qty>3</qty>
          <unit>tablespoons</unit></amt>
        <item>Honey</item></ing></ingredients>
    <directions>
      <step>  Mix the first 5 ingredients, microwave for 90 secs (until bubbling), and
  add the honey. Brush on meat. Grill, and continue to baste until meat is
  ready.
  
  Note: My wife discovered, and I love,  a grocery-store bought Habanero hot
  sauce by Mezzetta's, called "Twist and Shout".  It has a very good Habanero
  taste, and a nice little kick.  It sells for $1.50 per 8 ounce bottle. It
  makes a great addition to barbecue sauces. David Wilkins A chile head stuck
  in a state with a town named BLANDing.
  
  CHILE-HEADS ARCHIVES
  
  From the Chile-Heads recipe list.  Downloaded from Glen's MM Recipe
  Archive, http://www.erols.com/hosey.
 
</step></directions></recipe></recipeml>
