<?xml version="1.0" encoding="UTF-8"?>

<recipeml version="0.5">
  <recipe>
    <head>
      <title>Basics: Barley</title>
      <categories>
        <cat>Vegetables</cat></categories>
      <yield>4</yield></head>
    <ingredients>
      <ing>
        <amt>
          <qty>2</qty>
          <unit>cups</unit></amt>
        <item>Vegetable or chicken stock or water</item></ing>
      <ing>
        <amt>
          <qty>1/4</qty>
          <unit>teaspoons</unit></amt>
        <item>Salt</item></ing>
      <ing>
        <amt>
          <qty>1</qty>
          <unit>cup</unit></amt>
        <item>Pot or pearl barley</item></ing></ingredients>
    <directions>
      <step>  Basics for new cooks:
  
  In saucepan, bring water and salt to boil over high heat; stir in barley.
  Reduce heat to low; cover and simmer for 40 minutes or until tender and
  liquid has evaporated. Makes about 3 cups, or 4 servings.
  
  Source: Canadian Living magazine, Apr 95 Presented in article by Elizabeth
  Baird: "Only The Best" Recipe by Canadian Living Test Kitchen
  
      [-=PAM=-]   PA_Meadows@msn.com
  
  From Gemini's MASSIVE MealMaster collection at www.synapse.com/~gemini
 
</step></directions></recipe></recipeml>
