<?xml version="1.0" encoding="UTF-8"?>

<recipeml version="0.5">
  <recipe>
    <head>
      <title>Basic Braised Shrimp Balls</title>
      <categories>
        <cat>Seafood</cat></categories>
      <yield>8</yield></head>
    <ingredients>
      <ing>
        <amt>
          <qty>1</qty>
          <unit>pound</unit></amt>
        <item>Shrimp</item></ing>
      <ing>
        <amt>
          <qty>1/4</qty>
          <unit>pounds</unit></amt>
        <item>Pork</item></ing>
      <ing>
        <amt>
          <qty>1</qty>
          <unit>tablespoon</unit></amt>
        <item>Sherry</item></ing>
      <ing>
        <amt>
          <qty>1</qty>
          <unit>tablespoon</unit></amt>
        <item>Soy sauce</item></ing>
      <ing>
        <amt>
          <qty>1</qty>
          <unit>teaspoon</unit></amt>
        <item>Sugar</item></ing>
      <ing>
        <amt>
          <qty>1/2</qty>
          <unit>teaspoons</unit></amt>
        <item>Salt</item></ing>
      <ing>
        <amt>
          <qty>1</qty>
          <unit>tablespoon</unit></amt>
        <item>Cornstarch</item></ing>
      <ing>
        <amt>
          <qty>2</qty>
          <unit>tablespoons</unit></amt>
        <item>Water</item></ing>
      <ing>
        <amt>
          <qty>3</qty>
          <unit>tablespoons</unit></amt>
        <item>Oil</item></ing>
      <ing>
        <amt>
          <qty>3</qty>
          <unit>tablespoons</unit></amt>
        <item>Water</item></ing></ingredients>
    <directions>
      <step>  1. Shell and devein shrimp; mince or grind with pork. Then blend in sherry,
  soy sauce, sugar and salt.
  
  2. Blend cornstarch and cold water to a paste. Add to shrimp mixture,
  mixing well. Form into walnut size balls; then flatten each slightly.
  
  3. Heat oil. Brown shrimp balls lightly on all sides.
  
  4. Add remaining water and cook, covered, over medium heat, turning several
  times, until done (6 to 8 minutes).
  
  NOTE: The pork used should have some fat. VARIATIONS:
  
  1. For the oil, substitute lard.
  
  2. With Chinese cabbage: In step 4, place 1 pound Chinese cabbage stems,
  cut in 1-inch sections, at the bottom of the pan with the shrimp balls on
  top. Add 1/2 cup water and 1/2 teaspoon salt; then simmer, covered, 15 to
       20    minutes.
  
  3. With cucumbers: In step 4, place 2 medium cucumbers, peeled and cut in
  1-inch slices, at the bottom of the pan with the shrimp balls on top. Add
  1/2 cup water and 1 tablespoon soy sauce; then simmer, covered, 10 minutes.
  
  4. With lily buds: In step 4, place 1/2 cup lily buds (soaked) at the
  bottom of the pan with the shrimp balls on top. Add 1 cup water and 2
  teaspoons soy sauce; then simmer, covered, 20 minutes.
  
  5. With mushrooms: In step 4, add to the shrimp balls 1/2 cup water and
  simmer, covered, 10 minutes. Then add 1/2 pound fresh mushrooms, sliced;
  and simmer, covered, 3 to 4 minutcs more.
  
  6. With spinach: In step 4, add to the shrimp balls 1/2 cup water and
  simmer, covered, 10 minutes. Then add 1 pound whole leaf spinach and 1/2
  teaspoon salt; and simmer, covered, 3 minutes more.
  
  From &lt;The Thousand Recipe Chinese Cookbook&gt;, ISBN 0-517-65870-4. Downloaded
  from Glen's MM Recipe Archive, http://www.erols.com/hosey.
 
</step></directions></recipe></recipeml>
