<?xml version="1.0" encoding="UTF-8"?>

<recipeml version="0.5">
  <recipe>
    <head>
      <title>Basics Boiled and Mashed Potatoes</title>
      <categories>
        <cat>Vegetables</cat></categories>
      <yield>4</yield></head>
    <ingredients>
      <ing-div>
        <title>BOILED POTATOES</title>
        <ing>
          <amt>
            <qty>1</qty>
            <unit>tablespoon</unit></amt>
          <item>Salt</item></ing>
        <ing>
          <amt>
            <qty>1</qty>
            <unit/></amt>
          <item>Bay leaf [optl]</item></ing>
        <ing>
          <amt>
            <qty/>
            <unit/></amt>
          <item>Water, to cover</item></ing></ing-div>
      <ing-div>
        <title>MASHED POTATOES</title>
        <ing>
          <amt>
            <qty>2</qty>
            <unit>pounds</unit></amt>
          <item>Hot boiled peeled potatoes [=4 potatoes]</item></ing>
        <ing>
          <amt>
            <qty>1</qty>
            <unit>cup</unit></amt>
          <item>Buttermilk or milk</item></ing>
        <ing>
          <amt>
            <qty>4</qty>
            <unit>teaspoons</unit></amt>
          <item>Butter</item></ing>
        <ing>
          <amt>
            <qty>1</qty>
            <unit>teaspoon</unit></amt>
          <item>Salt</item></ing>
        <ing>
          <amt>
            <qty>1/2</qty>
            <unit>teaspoons</unit></amt>
          <item>Pepper</item></ing></ing-div></ingredients>
    <directions>
      <step>  Basics for new cooks:
  
  Boiling Potatoes:
  
  Scrub or peel potatoes; place in large pot. Cover with cold water, add salt
  [about 1 tb for 16 cups of water.] and bay leaf. Bring to boil. Cover and
  boil for about 20 minutes or until fork-tender. Drain, remove bay leaf and
  return potatoes to pot over low heat for 30 seconds to evaporate excess
  moisture.
  
  Mashed Potatoes:
  
  In pot, mash together potatoes, buttermilk, butter, salt and pepper until
  smooth.
  
  Source: Canadian Living magazine, Apr 95 Presented in article by Elizabeth
  Baird: "Only The Best" Recipe by Canadian Living Test Kitchen
  
      [-=PAM=-]   PA_Meadows@msn.com
  Posted to MM-Recipes Digest V3 #342
  
  From: "Paul A Meadows" &lt;PA_Meadows@msn.com&gt;
  
  Date: Sat, 14 Dec 96 22:01:56 UT
 
</step></directions></recipe></recipeml>
