<?xml version="1.0" encoding="UTF-8"?>

<recipeml version="0.5">
  <recipe>
    <head>
      <title>Basic Bread Stuffing</title>
      <categories>
        <cat>Fish &amp; seaf</cat>
        <cat>Stuffings</cat></categories>
      <yield>4</yield></head>
    <ingredients>
      <ing>
        <amt>
          <qty>3</qty>
          <unit>tablespoons</unit></amt>
        <item>Onions; chopped</item></ing>
      <ing>
        <amt>
          <qty>3/4</qty>
          <unit>cups</unit></amt>
        <item>Celery; chopped</item></ing>
      <ing>
        <amt>
          <qty>6</qty>
          <unit>tablespoons</unit></amt>
        <item>Butter; melted</item></ing>
      <ing>
        <amt>
          <qty>4</qty>
          <unit>cups</unit></amt>
        <item>Day old bread crumbs</item></ing>
      <ing>
        <amt>
          <qty>1</qty>
          <unit>teaspoon</unit></amt>
        <item>Salt</item></ing>
      <ing>
        <amt>
          <qty>1/8</qty>
          <unit>teaspoons</unit></amt>
        <item>Pepper</item></ing>
      <ing>
        <amt>
          <qty>1</qty>
          <unit>teaspoon</unit></amt>
        <item>Thyme or sage</item></ing>
      <ing>
        <amt>
          <qty>2</qty>
          <unit>tablespoons</unit></amt>
        <item>Water or milk; (optional)</item></ing></ingredients>
    <directions>
      <step>  Cook celery and onions in melted butter for about 10 minutes or until
  tender. Add the celery and onions and seasonings to the bread crumbs and
  mix thoroughly. If dressing seems very dry, add 2 tablespoons water, milk
  or fish stock to moisten.
  
  Recipe by: Key Gourmet
  
  Posted to recipelu-digest by James and Susan Kirkland &lt;kirkland@gj.net&gt; on
  Feb 16, 1998
 
</step></directions></recipe></recipeml>
