<?xml version="1.0" encoding="UTF-8"?>

<recipeml version="0.5">
  <recipe>
    <head>
      <title>Basic Bannock/scone Mixture</title>
      <categories>
        <cat>Breads</cat></categories>
      <yield>6</yield></head>
    <ingredients>
      <ing>
        <amt>
          <qty>4</qty>
          <unit>cups</unit></amt>
        <item>All purpose flour</item></ing>
      <ing>
        <amt>
          <qty>2</qty>
          <unit>tablespoons</unit></amt>
        <item>Baking powder</item></ing>
      <ing>
        <amt>
          <qty>1</qty>
          <unit>teaspoon</unit></amt>
        <item>Salt</item></ing>
      <ing>
        <amt>
          <qty>1</qty>
          <unit>teaspoon</unit></amt>
        <item>Sugar</item></ing>
      <ing>
        <amt>
          <qty>2</qty>
          <unit>tablespoons</unit></amt>
        <item>Butter; cut in 6 pieces</item></ing></ingredients>
    <directions>
      <step>  In a food processor with steel blade,combine flour,baking powder,salt and
  sugar for 3 to 4 seconds.Add butter and process to consistency of fine
  breadcrumbs.Alternately,cut butter into dry ingredients with pastry blender
  or rub in with fingers.Store in airtight container in cool,dry place.Makes
  5 1/2 to 6 cups mixture.Scone recipe under separate post.
  
  Irwin Solomon
  
  MC formatted/busted by Martha Hicks 4/98
  
  Posted to MC-Recipe Digest by "Mega-bytes" &lt;mega-bytes@email.msn.com&gt; on
  Apr 5, 1998
 
</step></directions></recipe></recipeml>
