<?xml version="1.0" encoding="UTF-8"?>

<recipeml version="0.5">
  <recipe>
    <head>
      <title>Baked Rice and Cheese</title>
      <categories>
        <cat>Casseroles</cat>
        <cat>Rice &amp; grai</cat></categories>
      <yield>4</yield></head>
    <ingredients>
      <ing>
        <amt>
          <qty>1</qty>
          <unit>cup</unit></amt>
        <item>Raw Rice</item></ing>
      <ing>
        <amt>
          <qty>1</qty>
          <unit>small</unit></amt>
        <item>Onion; minced</item></ing>
      <ing>
        <amt>
          <qty>6</qty>
          <unit>tablespoons</unit></amt>
        <item>Butter</item></ing>
      <ing>
        <amt>
          <qty>3</qty>
          <unit>tablespoons</unit></amt>
        <item>Flour</item></ing>
      <ing>
        <amt>
          <qty>1</qty>
          <unit>teaspoon</unit></amt>
        <item>Salt</item></ing>
      <ing>
        <amt>
          <qty>1/8</qty>
          <unit>teaspoons</unit></amt>
        <item>Pepper</item></ing>
      <ing>
        <amt>
          <qty>1/2</qty>
          <unit>teaspoons</unit></amt>
        <item>Dry Mustard</item></ing>
      <ing>
        <amt>
          <qty>1</qty>
          <unit>teaspoon</unit></amt>
        <item>Worcestershire Sauce</item></ing>
      <ing>
        <amt>
          <qty>2</qty>
          <unit>cups</unit></amt>
        <item>Milk</item></ing>
      <ing>
        <amt>
          <qty>1/2</qty>
          <unit>pounds</unit></amt>
        <item>Cheddar Cheese</item></ing>
      <ing>
        <amt>
          <qty>3</qty>
          <unit>tablespoons</unit></amt>
        <item>Fine Dry Bread Crumbs</item></ing></ingredients>
    <directions>
      <step>  Cook and drain rice. Cook onion in 4 tbs. of butter, add flour and
  seasonings. Add milk gradually and cook, stirring constantly until
  thickeded. Dice half of cheese and add to mixture, stir constantly until
  blended. Slice remaining cheese. Put half of rice in shallow 1 1/2 qt.
  baking dish. Cover with layer of sliced cheese, pour half of hot mixture
  over top. Repeat with other half of ingredients. Sprinkle crumbs on top,
  and dot with remaining butter. Bake in hot over at 400° for 20 minutes.
  
  Source: Recipes Out of This World Women of St. Agnes Catholic Church
  Charleston, WV 1969
  
  billspa@icanect.net
  
  NOTES : During Lent, tuna or crabmeat may be added if desired.  Otherwise,
  any meat of your liking may be added to hot mixture before pouring over
  rice.
  Recipe by: Mary Creniti
  
  Posted to MC-Recipe Digest by Bill Spalding &lt;billspa@icanect.net&gt; on Mar
  06, 1998
 
</step></directions></recipe></recipeml>
