<?xml version="1.0" encoding="UTF-8"?>

<recipeml version="0.5">
  <recipe>
    <head>
      <title>Baked Salmon with Mustard-Crumb Crust</title>
      <categories>
        <cat>Fish/seafoo</cat>
        <cat>French/prov</cat>
        <cat>Autumn</cat>
        <cat>Main dishes</cat></categories>
      <yield>4</yield></head>
    <ingredients>
      <ing>
        <amt>
          <qty>2</qty>
          <unit>tablespoons</unit></amt>
        <item>Distilled vinegar</item></ing>
      <ing>
        <amt>
          <qty>1</qty>
          <unit>teaspoon</unit></amt>
        <item>Distilled vinegar</item></ing>
      <ing>
        <amt>
          <qty>2</qty>
          <unit>tablespoons</unit></amt>
        <item>Sugar</item></ing>
      <ing>
        <amt>
          <qty>2</qty>
          <unit>tablespoons</unit></amt>
        <item>Dijon mustard</item></ing>
      <ing>
        <amt>
          <qty>1 1/2</qty>
          <unit>teaspoons</unit></amt>
        <item>Dry mustard</item></ing>
      <ing>
        <amt>
          <qty>1/3</qty>
          <unit>cups</unit></amt>
        <item>Vegetable oil</item></ing>
      <ing>
        <amt>
          <qty>4</qty>
          <unit/></amt>
        <item>Salmon fillets, 6 ounces each</item></ing>
      <ing>
        <amt>
          <qty/>
          <unit/></amt>
        <item>Dried thyme</item></ing>
      <ing>
        <amt>
          <qty>1</qty>
          <unit>cup</unit></amt>
        <item>Fresh bread crumbs</item></ing></ingredients>
    <directions>
      <step>  Place vinegar, sugar and both mustards in blender. With machine running,
  slowly pour in oil and blend until medium-thick sauce forms. (Can be made 1
  day ahead. Chill.)
  
  Preheat oven to 375#161#F. Lightly grease 13x9-inch baking dish. Arrange
  salmon in prepared dish, skin side down. Season with dried thyme, salt and
  pepper. Spread 1 tablespoon mustard sauce over each fillet, covering
  completely. Press breadcrumbs onto fish. Bake salmon until cooked through
  and crumb topping is crisp and golden brown, about 18 minutes.
  
  Using large spatula, transfer salmon fillets to platter. Serve, passing
  remaining mustard sauce separately.
  Per serving: 407 Calories; 25g Fat (55% calories from fat); 35g Protein;
  10g Carbohydrate; 88mg Cholesterol; 234mg Sodium
  
  Recipe By: Bon Appetit/October 1993
  
  Posted to EAT-L Digest 27 October 96
  
  Date:    Mon, 28 Oct 1996 17:39:30 -0400
  
  From:    "McNamara, Kelly" &lt;kmcnamara@LIGGETT.COM&gt;
 
</step></directions></recipe></recipeml>
