<?xml version="1.0" encoding="UTF-8"?>

<recipeml version="0.5">
  <recipe>
    <head>
      <title>Baked Sea Scallops with Feta Cheese</title>
      <categories>
        <cat>Seafood</cat></categories>
      <yield>4</yield></head>
    <ingredients>
      <ing>
        <amt>
          <qty>1 1/2</qty>
          <unit>pounds</unit></amt>
        <item>Fresh sea scallops</item></ing>
      <ing>
        <amt>
          <qty>3</qty>
          <unit>tablespoons</unit></amt>
        <item>Olive oil; divided use</item></ing>
      <ing>
        <amt>
          <qty/>
          <unit/></amt>
        <item>Salt and freshly ground black pepper to taste</item></ing>
      <ing>
        <amt>
          <qty>1</qty>
          <unit/></amt>
        <item>Red bell pepper</item></ing>
      <ing>
        <amt>
          <qty>2</qty>
          <unit/></amt>
        <item>Green bell peppers</item></ing>
      <ing>
        <amt>
          <qty>3/4</qty>
          <unit>cups</unit></amt>
        <item>Sliced onions</item></ing>
      <ing>
        <amt>
          <qty>2</qty>
          <unit>teaspoons</unit></amt>
        <item>Finely chopped garlic</item></ing>
      <ing>
        <amt>
          <qty>1 1/2</qty>
          <unit>cups</unit></amt>
        <item>Ripe plum tomatoes cut into 1-1/2 inch cubes</item></ing>
      <ing>
        <amt>
          <qty>16</qty>
          <unit/></amt>
        <item>Black greek olives; pitted</item></ing>
      <ing>
        <amt>
          <qty>2</qty>
          <unit>teaspoons</unit></amt>
        <item>Chopped fresh oregano -or-</item></ing>
      <ing>
        <amt>
          <qty>1</qty>
          <unit>teaspoon</unit></amt>
        <item>Dried oregano</item></ing>
      <ing>
        <amt>
          <qty>1/2</qty>
          <unit>teaspoons</unit></amt>
        <item>Fennel or anise seed</item></ing>
      <ing>
        <amt>
          <qty>1/2</qty>
          <unit>cups</unit></amt>
        <item>Dry white wine</item></ing>
      <ing>
        <amt>
          <qty>1/8</qty>
          <unit>teaspoons</unit></amt>
        <item>Dried hot red pepper flakes</item></ing>
      <ing>
        <amt>
          <qty>6</qty>
          <unit>ounces</unit></amt>
        <item>Feta cheese; crumbled</item></ing></ingredients>
    <directions>
      <step>   Preheat oven to 450 degrees. Grease 4 individual ovenproof serving dishes
  with 1 tablespoon of the olive oil. Divide the scallops evenly among the
  dishes and sprinkle with salt and pepper.
  
   Core and seed the red and green peppers and cut them into thin strips
  about 1-1/2 inches long.
  
   Heat remaining olive oil in a heavy skillet. Add onions, garlic and
  peppers. Cook and stir over medium-high heat until wilted. Add tomatoes,
  olives, oregano, fennel, wine, pepper flakes, salt and pepper. Bring to a
  boil and simmer 5 minutes.
  
   Spoon mixture evenly over the scallops. Dot with the cheese and place in
  the oven. Bake 15-20 minutes or until lightly browned. Serve immediately.
  
  ARKANSAS GAZETTE, 11/1/1989
  
  From a collection of my mother's (Judy Hosey) recipe box which contained
  lots of her favorite recipes, clippings, etc.  Downloaded from Glen's MM
  Recipe Archive, http://www.erols.com/hosey.
 
</step></directions></recipe></recipeml>
