<?xml version="1.0" encoding="UTF-8"?>

<recipeml version="0.5">
  <recipe>
    <head>
      <title>Baked Sausage Patties (Prepared)</title>
      <categories>
        <cat/></categories>
      <yield>100</yield></head>
    <ingredients>
      <ing>
        <amt>
          <qty>18 3/4</qty>
          <unit>pounds</unit></amt>
        <item>PORK SAUSAGE PATTIES</item></ing></ingredients>
    <directions>
      <step>  1.  PLACE PATTIES ON SHEET PANS (18 BY 26-INCHES); BAKE UNCOVERED IN 375 F.
  OVEN 15 MINUTES OR UNTIL WELL DONE OR IN 325 F. CONVECTION OVEN 7 MINUTES
  ON LOW FAN.
  
  2.  DRAIN SAUSAGES.
  :
  
  NOTE:  SAUSAGE SHOULD BE COOKED UNTIL INSIDE IS GRAY WITH NO TINGE OF PINK
  REMAINING AND INTERNAL TEMPERATURE IS 170 F.
  
  Recipe Number: L08903
  
  SERVING SIZE: 1 PATTIE (
  
  From the &lt;Army Master Recipe Index File&gt; (actually used today!).
  Downloaded from Glen's MM Recipe Archive, http://www.erols.com/hosey.
 
</step></directions></recipe></recipeml>
