<?xml version="1.0" encoding="UTF-8"?>

<recipeml version="0.5">
  <recipe>
    <head>
      <title>Baked Rice (Pilafi Sto Fourno) (Greek Menu 1)</title>
      <categories>
        <cat>Greek</cat>
        <cat>Rice</cat>
        <cat>Side dishes</cat>
        <cat>Tried</cat></categories>
      <yield>4</yield></head>
    <ingredients>
      <ing>
        <amt>
          <qty>3</qty>
          <unit>tablespoons</unit></amt>
        <item>Butter (up to 4)</item></ing>
      <ing>
        <amt>
          <qty>1 1/2</qty>
          <unit>cups</unit></amt>
        <item>Raw long-grain white rice</item></ing>
      <ing>
        <amt>
          <qty/>
          <unit/></amt>
        <item>Salt and white pepper</item></ing>
      <ing>
        <amt>
          <qty>3 1/2</qty>
          <unit>cups</unit></amt>
        <item>Hot chicken stock</item></ing></ingredients>
    <directions>
      <step>  In a saucepan, heat butter over Medium heat. Add rice and saute until
  transparent, stirring constantly. Be careful not to brown. Transfer to a
  buttered baking dish and add salt and pepper to taste. Add hot chicken
  stock and stir. Bake, covered, in a preheated, 350 F. onven for 40 minutes,
  or until the rice is tender and all liquid has been absorbed. Remove from
  oven, uncover and drape with a dry towel for 10 minutes. Serve warm. Serves
  4. MC formatting by bobbi744@sojourn.com
  
  NOTES : Wonderful flavor and texture! Recipe by: Opaa! Greek Cooking,
  Detroit Style, by George J. Gekas
  
  Posted to MC-Recipe Digest V1 #809 by Roberta Banghart
  &lt;bobbi744@sojourn.com&gt; on Sep 26, 1997
 
</step></directions></recipe></recipeml>
