<?xml version="1.0" encoding="UTF-8"?>

<recipeml version="0.5">
  <recipe>
    <head>
      <title>Baked Salmon</title>
      <categories>
        <cat>Salmon</cat>
        <cat>Low-cal</cat></categories>
      <yield>4</yield></head>
    <ingredients>
      <ing>
        <amt>
          <qty/>
          <unit/></amt>
        <item>Patricia McKenna-BJDJ46B</item></ing>
      <ing>
        <amt>
          <qty>4</qty>
          <unit>x</unit></amt>
        <item>(2 1/2 oz) salmon steaks</item></ing>
      <ing>
        <amt>
          <qty/>
          <unit/></amt>
        <item>Vegetable cooking spray</item></ing>
      <ing>
        <amt>
          <qty>2</qty>
          <unit>tablespoons</unit></amt>
        <item>Lemon juice</item></ing>
      <ing>
        <amt>
          <qty>1/2</qty>
          <unit>teaspoons</unit></amt>
        <item>Dried whole dill weed</item></ing>
      <ing>
        <amt>
          <qty>1/2</qty>
          <unit>teaspoons</unit></amt>
        <item>Dried parsley flakes</item></ing>
      <ing>
        <amt>
          <qty>1/2</qty>
          <unit>teaspoons</unit></amt>
        <item>Pepper</item></ing></ingredients>
    <directions>
      <step>  Rinse steaks thoroughly in cold water; pat dry with paper towels. Place
  steaks in a shallow baking pan coated with cooking spray; brush with lemon
  juice. Sprinkle evenly with dill weed, parsley, and pepper. Bake at 350
  degrees F. for 25 to 35 minutes or until fish flakes easily when tested
  with a fork. PER SERVING: 1 steak   calories - 92, carbohydrate - 1 g.,
  protein 15 g., fat - 3 g., cholesterol - 26 mg., fiber - 0, sodium - 50 mg.
  Exchanges - 2 Lean Meat FROM: All New Cookbook for Diabetics and Their
  Families by the University of Alabama at Birmingham copyright 1988
  Posted to recipelu-digest by molony &lt;molony@scsn.net&gt; on Feb 19, 1998
 
</step></directions></recipe></recipeml>
