<?xml version="1.0" encoding="UTF-8"?>

<recipeml version="0.5">
  <recipe>
    <head>
      <title>Baked Rice Pudding</title>
      <categories>
        <cat>Rice</cat>
        <cat>Puddings</cat></categories>
      <yield>1</yield></head>
    <ingredients>
      <ing>
        <amt>
          <qty>1/3</qty>
          <unit>cups</unit></amt>
        <item>Rice; raw</item></ing>
      <ing>
        <amt>
          <qty>4</qty>
          <unit>cups</unit></amt>
        <item>Milk</item></ing>
      <ing>
        <amt>
          <qty>1/2</qty>
          <unit>cups</unit></amt>
        <item>Sugar</item></ing>
      <ing>
        <amt>
          <qty>1/2</qty>
          <unit>teaspoons</unit></amt>
        <item>Salt</item></ing>
      <ing>
        <amt>
          <qty>1</qty>
          <unit>teaspoon</unit></amt>
        <item>Vanilla</item></ing>
      <ing>
        <amt>
          <qty>1/4</qty>
          <unit>teaspoons</unit></amt>
        <item>Nutmeg; grated</item></ing>
      <ing>
        <amt>
          <qty>1/2</qty>
          <unit>cups</unit></amt>
        <item>Raisins</item></ing>
      <ing>
        <amt>
          <qty/>
          <unit/></amt>
        <item>Butter; softened</item></ing></ingredients>
    <directions>
      <step>  Preheat oven to 300 degrees, lightly butter cassarole. Combine rice, milk,
  salt, vanilla and nutmeg in casserole and mix well. Bake, uncovered for 1
  hour, stirring occasionally. Then stir in raisins and bake another 2 hours,
  stirring occassionally.
  Posted to MC-Recipe Digest V1 #169
  
  Date: Fri, 26 Jul 1996 21:10:02 -0300
  
  From: Calvin Deiterich &lt;cedeiter@epix.net&gt;
 
</step></directions></recipe></recipeml>
