<?xml version="1.0" encoding="UTF-8"?>

<recipeml version="0.5">
  <recipe>
    <head>
      <title>Baked Scallops with Oyster Cracker Crumbs</title>
      <categories>
        <cat>Tried</cat>
        <cat>Scallops</cat>
        <cat>Low fat</cat></categories>
      <yield>4</yield></head>
    <ingredients>
      <ing>
        <amt>
          <qty>2</qty>
          <unit/></amt>
        <item>Cloves garlic; halved</item></ing>
      <ing>
        <amt>
          <qty/>
          <unit/></amt>
        <item>Italian Parsley; a handful</item></ing>
      <ing>
        <amt>
          <qty>2</qty>
          <unit>cups</unit></amt>
        <item>Oyster crackers</item></ing>
      <ing>
        <amt>
          <qty>1/2</qty>
          <unit>teaspoons</unit></amt>
        <item>Paprika</item></ing>
      <ing>
        <amt>
          <qty/>
          <unit/></amt>
        <item>Grated orange peel; of 1 orange</item></ing>
      <ing>
        <amt>
          <qty/>
          <unit/></amt>
        <item>Salt; to taste</item></ing>
      <ing>
        <amt>
          <qty/>
          <unit/></amt>
        <item>Freshly ground black pepper; to taste</item></ing>
      <ing>
        <amt>
          <qty>1 1/2</qty>
          <unit>pounds</unit></amt>
        <item>Scallops</item></ing>
      <ing>
        <amt>
          <qty>2</qty>
          <unit>tablespoons</unit></amt>
        <item>Olive oil; for drizzling</item></ing></ingredients>
    <directions>
      <step>  Preheat oven to 375°F. Have on hand a 9x13" baking dish.
  
  In the bowl of a food processor, combine the garlic and parsley. Pulse
  until the mixture is coarsley chopped. Add the crackers and process again
  just until they are crushed. Add the paprika, orange rind, salt, and pepper
  and process just until thoroughly combined.
  
  Set the scallops in the baking dish. Sprinkle with the crumb mixture and
  drizzle with the oil. Bake 20 minutes or until they feel springy when
  pressed. Serve at once.
  
  Per serving: 701 Calories; 20g Fat (26% calories from fat); 40g Protein;
  89g Carbohydrate; 56mg Cholesterol; 2183mg Sodium
  
  Recipe by: Sheryl Julian, Boston Globe Magazine, 11/96
  
  Posted to TNT Recipes Digest, Vol 01, Nr 916 by Betsy Burtis
  &lt;ebburtis@ix.netcom.com&gt; on Jan 5, 98
 
</step></directions></recipe></recipeml>
