<?xml version="1.0" encoding="UTF-8"?>

<recipeml version="0.5">
  <recipe>
    <head>
      <title>Baked Shrimp and Crab Curry</title>
      <categories>
        <cat>Crab</cat>
        <cat>Shrimp</cat></categories>
      <yield>6</yield></head>
    <ingredients>
      <ing>
        <amt>
          <qty>1/4</qty>
          <unit>cups</unit></amt>
        <item>Butter; unsalted</item></ing>
      <ing>
        <amt>
          <qty>1/4</qty>
          <unit>cups</unit></amt>
        <item>Scallion; sliced</item></ing>
      <ing>
        <amt>
          <qty>1</qty>
          <unit>teaspoon</unit></amt>
        <item>Curry powder</item></ing>
      <ing>
        <amt>
          <qty>3</qty>
          <unit>tablespoons</unit></amt>
        <item>Flour</item></ing>
      <ing>
        <amt>
          <qty>1/2</qty>
          <unit>teaspoons</unit></amt>
        <item>Salt</item></ing>
      <ing>
        <amt>
          <qty>1 3/4</qty>
          <unit>cups</unit></amt>
        <item>Milk</item></ing>
      <ing>
        <amt>
          <qty>1</qty>
          <unit>cup</unit></amt>
        <item>Sour cream</item></ing>
      <ing>
        <amt>
          <qty>1</qty>
          <unit>cup</unit></amt>
        <item>Pasta shells; small, cooked</item></ing>
      <ing>
        <amt>
          <qty>10</qty>
          <unit>medium</unit></amt>
        <item>Shrimp; cooked and chopped</item></ing>
      <ing>
        <amt>
          <qty>1</qty>
          <unit>cup</unit></amt>
        <item>Crabmeat; fresh</item></ing>
      <ing>
        <amt>
          <qty>1/2</qty>
          <unit>cups</unit></amt>
        <item>Bread crumbs</item></ing></ingredients>
    <directions>
      <step>  Preheat oven to 350F. Melt three tablespoons butter in a saucepan over
  medium heat. Cook scallions, stirring constantly about 10 minutes. Stir in
  curry powder, flour and salt, mixing well. Add milk, increase heat and cook
  until mixture boils and thickens. Remove from heat. Stir in sour cream,
  pasta and seafood, and pour mixture into a buttered baking dish.
  
  Melt remaining tablespoon of butter and combine with bread crumbs. Sprinkle
  crumbs over seafood mixture and bake uncovered about 30 minutes.
  
  Per serving: 353 Calories; 20g Fat (50% calories from fat); 16g Protein;
  28g Carbohydrate; 98mg Cholesterol; 488mg Sodium
  
  Recipe by: Delicious Decisions/tpogue@idsonline.com
  
  Posted to recipelu-digest Volume 01 Number 385 by Terry Pogue
  &lt;tpogue@idsonline.com&gt; on Dec 19, 1997
 
</step></directions></recipe></recipeml>
