<?xml version="1.0" encoding="UTF-8"?>

<recipeml version="0.5">
  <recipe>
    <head>
      <title>Baked Rigatoni and Meatballs</title>
      <categories>
        <cat>Poultry etc</cat>
        <cat>Pastanoodle</cat>
        <cat>Casseroles</cat></categories>
      <yield>4</yield></head>
    <ingredients>
      <ing-div>
        <title/>
        <ing>
          <amt>
            <qty>2</qty>
            <unit>tablespoons</unit></amt>
          <item>Olive oil</item></ing>
        <ing>
          <amt>
            <qty>1</qty>
            <unit/></amt>
          <item>Onion, chopped</item></ing>
        <ing>
          <amt>
            <qty>2</qty>
            <unit/></amt>
          <item>Garlic cloves, minced</item></ing>
        <ing>
          <amt>
            <qty>3</qty>
            <unit>cups</unit></amt>
          <item>Mushrooms, sliced</item></ing>
        <ing>
          <amt>
            <qty>1</qty>
            <unit/></amt>
          <item>Sweet green pepper, chopped</item></ing>
        <ing>
          <amt>
            <qty>1 1/2</qty>
            <unit>teaspoons</unit></amt>
          <item>Dried basil</item></ing>
        <ing>
          <amt>
            <qty>1 1/2</qty>
            <unit>teaspoons</unit></amt>
          <item>Granulated sugar</item></ing>
        <ing>
          <amt>
            <qty>1</qty>
            <unit>teaspoon</unit></amt>
          <item>Dried oregano</item></ing>
        <ing>
          <amt>
            <qty>1</qty>
            <unit>teaspoon</unit></amt>
          <item>Salt</item></ing>
        <ing>
          <amt>
            <qty>3/4</qty>
            <unit>teaspoons</unit></amt>
          <item>Pepper</item></ing>
        <ing>
          <amt>
            <qty>28</qty>
            <unit>ounces</unit></amt>
          <item>Canned tomatoes, chopped</item></ing>
        <ing>
          <amt>
            <qty>2</qty>
            <unit>tablespoons</unit></amt>
          <item>Tomato paste</item></ing>
        <ing>
          <amt>
            <qty>3 1/2</qty>
            <unit>cups</unit></amt>
          <item>Rigatoni pasta</item></ing>
        <ing>
          <amt>
            <qty>1 1/3</qty>
            <unit>cups</unit></amt>
          <item>Mozzarella, shredded</item></ing>
        <ing>
          <amt>
            <qty>1/4</qty>
            <unit>cups</unit></amt>
          <item>Parmesan, freshly grated</item></ing></ing-div>
      <ing-div>
        <title>MEATBALLS</title>
        <ing>
          <amt>
            <qty>1</qty>
            <unit/></amt>
          <item>Egg</item></ing>
        <ing>
          <amt>
            <qty>1/3</qty>
            <unit>cups</unit></amt>
          <item>Onion, finely chopped</item></ing>
        <ing>
          <amt>
            <qty>1/4</qty>
            <unit>cups</unit></amt>
          <item>Dry bread crumbs</item></ing>
        <ing>
          <amt>
            <qty>2</qty>
            <unit/></amt>
          <item>Garlic cloves, minced</item></ing>
        <ing>
          <amt>
            <qty>3</qty>
            <unit>tablespoons</unit></amt>
          <item>Parmesan, freshly grated</item></ing>
        <ing>
          <amt>
            <qty>1</qty>
            <unit>teaspoon</unit></amt>
          <item>Dried oregano</item></ing>
        <ing>
          <amt>
            <qty>3/4</qty>
            <unit>teaspoons</unit></amt>
          <item>Salt</item></ing>
        <ing>
          <amt>
            <qty>1/2</qty>
            <unit>teaspoons</unit></amt>
          <item>Pepper</item></ing>
        <ing>
          <amt>
            <qty>1</qty>
            <unit>pound</unit></amt>
          <item>Lean ground turkey chicken or beef may be used</item></ing></ing-div></ingredients>
    <directions>
      <step>  Meatballs: In bowl, beat egg lightly; mix in onion, crumbs, garlic,
  Parmesan, oregano, salt and pepper. Mix in turkey. Shape heaping
  tablespoonfuls into balls.
  
  In large skillet, heat oil over medium-high heat; cook meatballs, in
  batches if necessary, for 8-10 minutes or until browned on all sides.
  Transfer to paper towel-lined plate.
  
  Add onion, garlic, mushrooms, green pepper, basil, sugar, oregano, salt,
  pepper and 2 tb water to skillet; cook over medium heat, stirring
  occasionally, for about 10 minutes or until vegetables are softened. Stir
  in tomatoes and tomato paste; bring to boil. Add meatballs; reduce heat and
  simmer for 30 minutes or until slightly thickened.
  
  Meanwhile, in large pot of boiling salted water, cook rigatoni for about 8
  minutes or until pasta is tender but firm. Drain and return to pot; add
  tomato sauce, stirring to coat rigatoni.
  
  Transfer to 11x7-inch baking dish or 8-cup shallow oven casserole. Sprinkle
  mozzarella (use part-skim mozzarella), then Parmesan evenly over top.
  
  Bake in 400F 200C oven for about 20 minutes or until cheese is melted and
  top is golden.
  
  Per serving: about 780 calories, 49 g protein, 34 g fat, 70 g carbohydrate
  very high source fibre, excellent source calcium and iron.
  
  Source: Canadian Living magazine [Jan 96] cover article
       [-=PAM=-]  j PA_Meadows@msn.com
  Posted to MM-Recipes Digest V3 #342
  
  From: "Paul A Meadows" &lt;PA_Meadows@msn.com&gt;
  
  Date: Sat, 14 Dec 96 22:00:56 UT
 
</step></directions></recipe></recipeml>
