<?xml version="1.0" encoding="UTF-8"?>

<recipeml version="0.5">
  <recipe>
    <head>
      <title>Baked Scallops and Mushrooms in Garlic Sauce</title>
      <categories>
        <cat>Appetizers</cat>
        <cat>Mushrooms</cat>
        <cat>Seafood</cat></categories>
      <yield>4</yield></head>
    <ingredients>
      <ing>
        <amt>
          <qty>3/4</qty>
          <unit>pounds</unit></amt>
        <item>Scallops</item></ing>
      <ing>
        <amt>
          <qty>1/4</qty>
          <unit>cups</unit></amt>
        <item>Flour</item></ing>
      <ing>
        <amt>
          <qty>1/2</qty>
          <unit>pounds</unit></amt>
        <item>Mushrooms; stems minced</item></ing>
      <ing>
        <amt>
          <qty>3</qty>
          <unit>tablespoons</unit></amt>
        <item>Olive oil</item></ing>
      <ing>
        <amt>
          <qty>1/4</qty>
          <unit>cups</unit></amt>
        <item>White wine</item></ing>
      <ing>
        <amt>
          <qty>3</qty>
          <unit>tablespoons</unit></amt>
        <item>Fine bread crumbs</item></ing>
      <ing>
        <amt>
          <qty>2</qty>
          <unit>tablespoons</unit></amt>
        <item>Minced onion</item></ing>
      <ing>
        <amt>
          <qty>1</qty>
          <unit>tablespoon</unit></amt>
        <item>Minced parsely</item></ing>
      <ing>
        <amt>
          <qty>2</qty>
          <unit/></amt>
        <item>Cloves garlic; minced</item></ing>
      <ing>
        <amt>
          <qty>1</qty>
          <unit>pinch</unit></amt>
        <item>Red pepper flakes &amp; salt</item></ing></ingredients>
    <directions>
      <step>  Preheat oven to 350F. Brush a shallow baking dish with 1 tbs. of the oil.
  Bake the mushroom caps for 10 min. Combine stems, crumbs, onion, parsley,
  red pepper and salt mix together well. Add scallops to the baking dish.
  
  (If you really want to be artistic, plan it out so the scallops are a good
  size to fit into the mushroom caps, and buy the same number of each. Then
  you can stick one scallop in each 'mushrooms.)
  
  Add the wine to the baking dish. Sprinkle the minced mixture over all, and
  drizzle the remaining oil over. Bake for 20 more min, or until done.
  
  Formatted and Busted by RecipeLu &lt;recipelu@recipelu.com&gt;
  Posted to recipelu-digest by RecipeLu &lt;recipelu@geocities.com&gt; on Mar 22,
  1998
 
</step></directions></recipe></recipeml>
