<?xml version="1.0" encoding="UTF-8"?>

<recipeml version="0.5">
  <recipe>
    <head>
      <title>Baked Rigatoni with Sausage</title>
      <categories>
        <cat>Lhj</cat>
        <cat>Italian</cat>
        <cat>Main dish</cat></categories>
      <yield>6</yield></head>
    <ingredients>
      <ing>
        <amt>
          <qty>1</qty>
          <unit>bunch</unit></amt>
        <item>Broccoli; cut into florets</item></ing>
      <ing>
        <amt>
          <qty>1/4</qty>
          <unit>pounds</unit></amt>
        <item>Hot Italian sausage; casing removed</item></ing>
      <ing>
        <amt>
          <qty>1/2</qty>
          <unit>cups</unit></amt>
        <item>Finely chopped onion</item></ing>
      <ing>
        <amt>
          <qty>1</qty>
          <unit/></amt>
        <item>Jar; (26-32-oz) marinara sauce</item></ing>
      <ing>
        <amt>
          <qty>1</qty>
          <unit>package</unit></amt>
        <item>(8-oz) mozzarella cheese; shredded</item></ing>
      <ing>
        <amt>
          <qty>2</qty>
          <unit>tablespoons</unit></amt>
        <item>Freshly grated Parmesan cheese</item></ing>
      <ing>
        <amt>
          <qty>1</qty>
          <unit>pound</unit></amt>
        <item>Rigatoni; cook according to pk</item></ing></ingredients>
    <directions>
      <step>  1. Heat oven to 375 degrees. Bring 1 inch water to boil in a 4-quart
  saucepan over high heat. Add broccoli florets. Reduce heat to low; cover
  and simmer 2 minutes, stirring once. Drain and set aside.
  
  2. In same saucepan, cook sausage and onion, stirring frequently, using
  spoon to break up sausage, until well browned. Stir in marinara sauce; heat
  through.
  
  3. Toss Marinara sauce, broccoli, mozzarella and parmesan cheese with
  cooked pasta. Spoon into shallow 2 1/2-quart baking dish; cover with foil.
  Bake
       20    to 25 minutes until cheese is melted.
  
  Per serving: 9 Calories; less than one gram Fat (6% calories from fat); 1g
  Protein; 2g Carbohydrate; 0mg Cholesterol; 4mg Sodium
  
  NOTES : What a difference just on link of hot Italian sausage makes when
  adde to bottled marinara! The sausage is removed from its casing and breaks
  up into bits--like ground beef--during cooking. The broccoli florets add
  color contrast and great nutrition.
  
  Recipe by: LHJ
  
  Posted to MC-Recipe Digest by Lisa Minor &lt;lisa@cybermill.com&gt; on Feb 4,
  1998
 
</step></directions></recipe></recipeml>
