<?xml version="1.0" encoding="UTF-8"?>

<recipeml version="0.5">
  <recipe>
    <head>
      <title>Baked Salmon Provencale</title>
      <categories>
        <cat>Fish</cat></categories>
      <yield>4</yield></head>
    <ingredients>
      <ing>
        <amt>
          <qty>4</qty>
          <unit/></amt>
        <item>Salmon steaks; 3/4-inch thick</item></ing>
      <ing>
        <amt>
          <qty>1</qty>
          <unit>teaspoon</unit></amt>
        <item>Unsalted butter</item></ing>
      <ing>
        <amt>
          <qty>1</qty>
          <unit>teaspoon</unit></amt>
        <item>Olive oil</item></ing>
      <ing>
        <amt>
          <qty>1</qty>
          <unit>gram</unit></amt>
        <item>(2 teaspoons) saffron threads</item></ing>
      <ing>
        <amt>
          <qty>1</qty>
          <unit>tablespoon</unit></amt>
        <item>Minced garlic</item></ing>
      <ing>
        <amt>
          <qty>1/2</qty>
          <unit>teaspoons</unit></amt>
        <item>Tarragon</item></ing>
      <ing>
        <amt>
          <qty>1/4</qty>
          <unit>teaspoons</unit></amt>
        <item>Thyme</item></ing>
      <ing>
        <amt>
          <qty>1</qty>
          <unit>pinch</unit></amt>
        <item>Sage</item></ing>
      <ing>
        <amt>
          <qty>2</qty>
          <unit/></amt>
        <item>Bay leaves crushed</item></ing>
      <ing>
        <amt>
          <qty>1</qty>
          <unit>cup</unit></amt>
        <item>Coarsely chopped plum tomatoes</item></ing>
      <ing>
        <amt>
          <qty>9</qty>
          <unit/></amt>
        <item>Greek olives; pitted and chopped</item></ing>
      <ing>
        <amt>
          <qty>2 3/4</qty>
          <unit>cups</unit></amt>
        <item>White wine</item></ing>
      <ing>
        <amt>
          <qty>1</qty>
          <unit>teaspoon</unit></amt>
        <item>Herbal salt substitute</item></ing></ingredients>
    <directions>
      <step>  Recipe By: the California Culinary Academy Preparation Time: 0:30
  
  1. Preheat oven to 400 degrees F. Wash and pat dry salmon steaks.
  
  2. In a large, deep, ovenproof skillet or stovetop casserole over
  medium-high heat, saute salmon briefly on each side in butter and oil
  (about 1 minute). Remove to a platter. Add saffron, garlic, tarragon,
  thyme, sage, bay leaves, tomatoes, olives, wine, fish stock, and salt
  substitute. Bring to a boil. Lower heat and simmer for 10 minutes,
  uncovered.
  
  3. Add salmon steaks. Remove pan from heat and place in oven. Bake until
  salmon is lightly pink and done to taste (10 minutes).
  
  4. To serve, place salmon steaks on platter and spoon sauce over them.
  
  Posted to JEWISH-FOOD digest V97 #325 by BNLImp@a0l.com (Iara Lewin) on
 
</step></directions></recipe></recipeml>
