<?xml version="1.0" encoding="UTF-8"?>

<recipeml version="0.5">
  <recipe>
    <head>
      <title>Baked Rice Broccoli</title>
      <categories>
        <cat>Vegetables</cat>
        <cat>Rice</cat></categories>
      <yield>6</yield></head>
    <ingredients>
      <ing>
        <amt>
          <qty>2</qty>
          <unit>cups</unit></amt>
        <item>Rice; cooked</item></ing>
      <ing>
        <amt>
          <qty>1/2</qty>
          <unit>cups</unit></amt>
        <item>Butter</item></ing>
      <ing>
        <amt>
          <qty>1/2</qty>
          <unit>cups</unit></amt>
        <item>Onion; chopped</item></ing>
      <ing>
        <amt>
          <qty>1/2</qty>
          <unit>cups</unit></amt>
        <item>Celery; chopped</item></ing>
      <ing>
        <amt>
          <qty>1</qty>
          <unit>can</unit></amt>
        <item>Cream of mushroom soup</item></ing>
      <ing>
        <amt>
          <qty>2</qty>
          <unit>packages</unit></amt>
        <item>Frozen chopped broccoli; tha</item></ing>
      <ing>
        <amt>
          <qty/>
          <unit/></amt>
        <item>Not cook</item></ing>
      <ing>
        <amt>
          <qty>1</qty>
          <unit>can</unit></amt>
        <item>Water chestnuts; drain; chop</item></ing>
      <ing>
        <amt>
          <qty>1</qty>
          <unit>cup</unit></amt>
        <item>Velvetta cheese; cubed</item></ing></ingredients>
    <directions>
      <step>  Melt butter in saucepan. Saute onion and celery in butter. Mix in a big bow
  cooked rice, onions, celery, broccoli, soup, water chestnuts and cheese.
  Mix all togethera nd put in a 9x13" casserole dish. Cover with foil and
  bake for 25-30 minutes at 350~.
  
   SOURCE: Angels &amp; Friends Favorite Recipes :       Angels of Easter Seals,
  Youngstown, Ohio.
 
</step></directions></recipe></recipeml>
