<?xml version="1.0" encoding="UTF-8"?>

<recipeml version="0.5">
  <recipe>
    <head>
      <title>Baked Shrimp with Chili-Garlic Butter</title>
      <categories>
        <cat>Tex-mex</cat>
        <cat>Shrimp</cat>
        <cat>Main dish</cat></categories>
      <yield>4</yield></head>
    <ingredients>
      <ing>
        <amt>
          <qty/>
          <unit/></amt>
        <item>SHARRON SOLOMON</item></ing>
      <ing>
        <amt>
          <qty/>
          <unit/></amt>
        <item>JNSV02B-----</item></ing>
      <ing>
        <amt>
          <qty>1 1/2</qty>
          <unit>pounds</unit></amt>
        <item>Raw shrimp in shells</item></ing>
      <ing>
        <amt>
          <qty>1/2</qty>
          <unit>cups</unit></amt>
        <item>Butter</item></ing>
      <ing>
        <amt>
          <qty>1/4</qty>
          <unit>cups</unit></amt>
        <item>Vegetable oil</item></ing>
      <ing>
        <amt>
          <qty>8</qty>
          <unit/></amt>
        <item>Cloves garlic -- finely</item></ing>
      <ing>
        <amt>
          <qty/>
          <unit/></amt>
        <item>Chop</item></ing>
      <ing>
        <amt>
          <qty>1</qty>
          <unit/></amt>
        <item>To 3 dried de arbol chilies</item></ing>
      <ing>
        <amt>
          <qty/>
          <unit/></amt>
        <item>Coarsley crumbled*</item></ing>
      <ing>
        <amt>
          <qty>1</qty>
          <unit>tablespoon</unit></amt>
        <item>Fresh lime juice salt</item></ing>
      <ing>
        <amt>
          <qty/>
          <unit/></amt>
        <item>Green onion tops, slivered</item></ing>
      <ing>
        <amt>
          <qty/>
          <unit/></amt>
        <item>For garnish</item></ing></ingredients>
    <directions>
      <step>  *For milder flavor, seed some or all of the chilies. De Arbol chilies are
  usually sold in cellophane packages, along with other Mexican food
  specialties. They are a small, slender, almost needle-shaped chilie with
  smooth, bright red skin and a very hot flavor. Preheat oven to 400~. Shell
  and devein shrimp, leaving tails attached; rinse and drain well. Heat
  butter and oil in small skillet over medium heat until butter is melted and
  foamy. Add garlic, chilies, lime juice and salt. Cook and stir 1 minute.
  Remove from heat. Arrange shrimp in even layer in shallow 2-quart gratin
  pan or baking dish. Pour hot butter mixture over shrimp. Bake shrimp 10 to
  12 minutes until shrimp turn opaque, stirring once. Do not overcook or
  shrimp will be dry and tough. Garnish if desired. Source: Cooking Class,
  Mexican Cookbook MM Format Norma Wrenn npxr56b
  
  Recipe By     :
  
  File ftp://ftp.idiscover.co.uk/pub/food/mealmaster/recipes/mmdja006.zip
 
</step></directions></recipe></recipeml>
