<?xml version="1.0" encoding="UTF-8"?>

<recipeml version="0.5">
  <recipe>
    <head>
      <title>Baked Rice #1</title>
      <categories>
        <cat>Rice</cat></categories>
      <yield>8</yield></head>
    <ingredients>
      <ing>
        <amt>
          <qty>1</qty>
          <unit>large</unit></amt>
        <item>Onion; chopped</item></ing>
      <ing>
        <amt>
          <qty>1/4</qty>
          <unit>pounds</unit></amt>
        <item>Butter or margarine</item></ing>
      <ing>
        <amt>
          <qty>1 1/2</qty>
          <unit>teaspoons</unit></amt>
        <item>Salt</item></ing>
      <ing>
        <amt>
          <qty>1</qty>
          <unit>cup</unit></amt>
        <item>Raw rice</item></ing>
      <ing>
        <amt>
          <qty>2</qty>
          <unit>cans</unit></amt>
        <item>Consomme</item></ing>
      <ing>
        <amt>
          <qty>1</qty>
          <unit/></amt>
        <item>Soup can water</item></ing>
      <ing>
        <amt>
          <qty>1</qty>
          <unit>package</unit></amt>
        <item>Slivered almonds; optional</item></ing></ingredients>
    <directions>
      <step>  Saute onion with butter &amp; almonds. Do not let almonds get too brown. Add
  rice, salt, consomme &amp; water. Pour into 2-quart casserole dish &amp; bake in
  preheated oven at 350 for 1 to 1-1/2 hours or until done. Cover dish for
  the first 20 minutes. Serves 8-10.
  
  MRS W.A. (AUDREY) BURT
  
  From the &lt;The Bliss of Cooking Returns&gt;, Fort Bliss Officers Wives Club,
  Ft. Bliss, TX.  Downloaded from Glen's MM Recipe Archive,
  http://www.erols.com/hosey.
 
</step></directions></recipe></recipeml>
