<?xml version="1.0" encoding="UTF-8"?>

<recipeml version="0.5">
  <recipe>
    <head>
      <title>Baked Shrimp Creole</title>
      <categories>
        <cat>Seafood</cat></categories>
      <yield>4</yield></head>
    <ingredients>
      <ing-div>
        <title/>
        <ing>
          <amt>
            <qty>2</qty>
            <unit/></amt>
          <item>Eggs; slightly beaten</item></ing>
        <ing>
          <amt>
            <qty>2</qty>
            <unit>cups</unit></amt>
          <item>Shrimp; shelled, deveined</item></ing>
        <ing>
          <amt>
            <qty/>
            <unit/></amt>
          <item>Oil</item></ing>
        <ing>
          <amt>
            <qty/>
            <unit/></amt>
          <item>Pepper to taste</item></ing>
        <ing>
          <amt>
            <qty>1/4</qty>
            <unit>cups</unit></amt>
          <item>Water</item></ing>
        <ing>
          <amt>
            <qty>2</qty>
            <unit>cups</unit></amt>
          <item>Cornflake crumbs</item></ing>
        <ing>
          <amt>
            <qty/>
            <unit/></amt>
          <item>Salt to taste</item></ing></ing-div>
      <ing-div>
        <title>SHRIMP SAUCE</title>
        <ing>
          <amt>
            <qty>1</qty>
            <unit>cup</unit></amt>
          <item>Chili sauce</item></ing>
        <ing>
          <amt>
            <qty>1/4</qty>
            <unit>cups</unit></amt>
          <item>Pickle relish</item></ing>
        <ing>
          <amt>
            <qty>1/2</qty>
            <unit>teaspoons</unit></amt>
          <item>Mustard;prepared</item></ing>
        <ing>
          <amt>
            <qty>1</qty>
            <unit>tablespoon</unit></amt>
          <item>Lemon juice</item></ing>
        <ing>
          <amt>
            <qty>1</qty>
            <unit>cup</unit></amt>
          <item>Mayonnaise</item></ing>
        <ing>
          <amt>
            <qty>1</qty>
            <unit/></amt>
          <item>Egg; hard-cooked, chopped</item></ing>
        <ing>
          <amt>
            <qty>1/2</qty>
            <unit>teaspoons</unit></amt>
          <item>Onion; grated</item></ing></ing-div></ingredients>
    <directions>
      <step>  From: Wendy Lockman &lt;wlockman@ra1.randomc.com&gt;
  
  Date: Sun, 11 Feb 1996 10:35:49 -0500
  1. Beat eggs slightly with water.
  
  2. Dry shrimp on paper towels; dip first into crumbs, then eggs, then into
  crumbs again.
  
  3. Place shrimp in well-oiled shallow baking pan so they do not touch;
  sprinkle with salt and pepper.
  
  4. Turn once with a broad spatula so that both sides are oiled.
  
  5. Bake in preheated 450'F. oven 6 to 8 minutes. Serve with Shrimp Sauce or
  your favorite sauce. SHRIMP SAUCE:
  
  1. Combine all ingredients; chill.
  
  2. Serve with baked or broiled shrimp.
  
  NOTE: You may prefer broiled shrimp. Follow the same recipe, but cook only
  2 minutes on each side under the broiler.
  
  MM-RECIPES@IDISCOVER.NET
  
  MEAL-MASTER RECIPES LIST SERVER
  
  From the MealMaster recipe list.  Downloaded from Glen's MM Recipe Archive,
  http://www.erols.com/hosey.
 
</step></directions></recipe></recipeml>
