<?xml version="1.0" encoding="UTF-8"?>

<recipeml version="0.5">
  <recipe>
    <head>
      <title>Baked Salmon with Garlic and Herb Crust</title>
      <categories>
        <cat>Fish</cat></categories>
      <yield>2</yield></head>
    <ingredients>
      <ing>
        <amt>
          <qty>1</qty>
          <unit/></amt>
        <item>Clove garlic; finely chopped</item></ing>
      <ing>
        <amt>
          <qty>1</qty>
          <unit>tablespoon</unit></amt>
        <item>Dried Marjoram</item></ing>
      <ing>
        <amt>
          <qty>4</qty>
          <unit>tablespoons</unit></amt>
        <item>Flat leaf parsley; chopped</item></ing>
      <ing>
        <amt>
          <qty>3</qty>
          <unit>tablespoons</unit></amt>
        <item>Fresh bread crumbs</item></ing>
      <ing>
        <amt>
          <qty>4</qty>
          <unit>tablespoons</unit></amt>
        <item>Extra virgin olive oil</item></ing>
      <ing>
        <amt>
          <qty>1/2</qty>
          <unit>teaspoons</unit></amt>
        <item>Salt</item></ing>
      <ing>
        <amt>
          <qty/>
          <unit/></amt>
        <item>Ground pepper to taste</item></ing>
      <ing>
        <amt>
          <qty>1 1/2</qty>
          <unit>pounds</unit></amt>
        <item>Salmon fillets; skinned</item></ing></ingredients>
    <directions>
      <step>  1. Heat the oven to 400 degrees.
  
  2. With a mortar and pestle crush the garlic to a paste. In a small mixing
  bowl combine the garlic, marjoram, parsley, breadcrumbs, olive oil, and
  salt.
  
  3. Grind in a little black pepper and stir until you have a paste.
  
  4. Cut the fillet crosswise into four pieces, lightly grease a baking dish
  with about 2 Tsp. olive oil, arrange the fillets with at least 1 inch
  apart.
  
  5. Bake the salmon for about 5 minutes, remove from the oven, spread the
  paste mixture over the fillets and bake the salmon for another 5-10
  minutes.
  
  Recipe by: Fine Cooking - Tauton Press
  
  Posted to recipelu-digest by RecipeLu &lt;recipelu@geocities.com&gt; on Feb 19,
  1998
 
</step></directions></recipe></recipeml>
