<?xml version="1.0" encoding="UTF-8"?>

<recipeml version="0.5">
  <recipe>
    <head>
      <title>Baked Red Snapper with Tomatoes &amp; Olives</title>
      <categories>
        <cat>Fish</cat></categories>
      <yield>6</yield></head>
    <ingredients>
      <ing>
        <amt>
          <qty>6</qty>
          <unit/></amt>
        <item>6-ounce red snapper or tilapia fillets</item></ing>
      <ing>
        <amt>
          <qty>1/4</qty>
          <unit>cups</unit></amt>
        <item>Extra-virgin olive oil</item></ing>
      <ing>
        <amt>
          <qty>4</qty>
          <unit/></amt>
        <item>Sprigs fresh thyme</item></ing>
      <ing>
        <amt>
          <qty>3</qty>
          <unit/></amt>
        <item>Tomatoes; peeled, seeded and chopped</item></ing>
      <ing>
        <amt>
          <qty>1/2</qty>
          <unit>cups</unit></amt>
        <item>Coarsely chopped green olives</item></ing>
      <ing>
        <amt>
          <qty>1/4</qty>
          <unit>teaspoons</unit></amt>
        <item>Dried hot red pepper flakes</item></ing>
      <ing>
        <amt>
          <qty>2</qty>
          <unit/></amt>
        <item>Cloves garlic; minced</item></ing>
      <ing>
        <amt>
          <qty>1/2</qty>
          <unit>cups</unit></amt>
        <item>Finely chopped red onion</item></ing>
      <ing>
        <amt>
          <qty>1</qty>
          <unit>tablespoon</unit></amt>
        <item>Fresh lime juice</item></ing></ingredients>
    <directions>
      <step>  rrom: Rebecca Radnor &lt;japlady@nwu.edu&gt; Date: 6 Dec 1994 14:54:30 -0500
  
  Preheat the oven to 400 degrees.  Oil lightly a shallow baking dish large
  enough to hold the fillets in one layer.  In a bowl stir together the oil,
  the thyme, the tomatoes, the olives, the red pepper flakes, the garlic, the
  onion, and the lime juice. In the prepared baking dish arrange the fillets,
  skin sides down, season them with salt, and spoon the tomato mixture over
  them. Bake the fish, uncovered, in the middle of the oven 15 to 20 minutes,
  or until it just flakes. Serves 6.
  
  REC.FOOD.RECIPES ARCHIVES
  
  /FISH
  
  From rec.food.cooking archives.  Downloaded from Glen's MM Recipe Archive,
  http://www.erols.com/hosey.
 
</step></directions></recipe></recipeml>
