<?xml version="1.0" encoding="UTF-8"?>

<recipeml version="0.5">
  <recipe>
    <head>
      <title>Baked Salmon with Caper Sauce</title>
      <categories>
        <cat>Fish</cat></categories>
      <yield>2</yield></head>
    <ingredients>
      <ing>
        <amt>
          <qty>2</qty>
          <unit>tablespoons</unit></amt>
        <item>Plain lowfat yogurt</item></ing>
      <ing>
        <amt>
          <qty>2</qty>
          <unit>tablespoons</unit></amt>
        <item>Reduced-calorie mayonnaise</item></ing>
      <ing>
        <amt>
          <qty>1</qty>
          <unit>teaspoon</unit></amt>
        <item>Capers; drained</item></ing>
      <ing>
        <amt>
          <qty>1/2</qty>
          <unit>teaspoons</unit></amt>
        <item>White wine vinegar</item></ing>
      <ing>
        <amt>
          <qty>1/4</qty>
          <unit>teaspoons</unit></amt>
        <item>Lemon-pepper seasoning</item></ing>
      <ing>
        <amt>
          <qty>2</qty>
          <unit/></amt>
        <item>(4 oz.) salmon steaks</item></ing>
      <ing>
        <amt>
          <qty>1</qty>
          <unit>small</unit></amt>
        <item>Onion; thinly sliced</item></ing>
      <ing>
        <amt>
          <qty>2</qty>
          <unit>tablespoons</unit></amt>
        <item>Dry white wine</item></ing>
      <ing>
        <amt>
          <qty>1</qty>
          <unit>teaspoon</unit></amt>
        <item>Dried dillweed</item></ing>
      <ing>
        <amt>
          <qty/>
          <unit/></amt>
        <item>Lemon slices</item></ing>
      <ing>
        <amt>
          <qty/>
          <unit/></amt>
        <item>Fresh dill sprigs (optional)</item></ing></ingredients>
    <directions>
      <step>  From: Wendy Lockman &lt;wlockman@ra1.randomc.com&gt;
  
  Date: Sun, 11 Feb 1996 10:35:49 -0500
  
  Combine First Five Ingredients, Mixing Well. Cover &amp; Chill. Rinse Salmon,
  Pat Dry. Place in 1 Quart Baking Dish Coated With Cooking Spray. Arange
  Onino Slices Over Salmon. Pour Wine Over Salmon &amp; Sprinkle With Dill. Cover
  &amp; Bake At 350 For 15 To 20 Min. OR Until Salmon Flakes Easily When Tested
  With A Fork. Discard Onion &amp; Dill (If Fresh). Transfer To Individual
  Serving Plates.Spoon 2 T. Caper Sauce Over Each Salmon Steak &amp; Garnish With
  Lemon Slices &amp; Fresh Dill If Desired. Fat 8.6, Chol. 45.
  
  MM-RECIPES@IDISCOVER.NET
  
  MEAL-MASTER RECIPES LIST SERVER
  
  From the MealMaster recipe list.  Downloaded from Glen's MM Recipe Archive,
  http://www.erols.com/hosey.
 
</step></directions></recipe></recipeml>
