<?xml version="1.0" encoding="UTF-8"?>

<recipeml version="0.5">
  <recipe>
    <head>
      <title>Baked Smoked Chicken Apple Sausage with Cider Sauce</title>
      <categories>
        <cat>Main dishes</cat>
        <cat>Sausage</cat></categories>
      <yield>1</yield></head>
    <ingredients>
      <ing>
        <amt>
          <qty>2</qty>
          <unit>cups</unit></amt>
        <item>Apple cider</item></ing>
      <ing>
        <amt>
          <qty>1</qty>
          <unit/></amt>
        <item>Bottle lager beer or ale</item></ing>
      <ing>
        <amt>
          <qty>1/2</qty>
          <unit>cups</unit></amt>
        <item>Chicken stock</item></ing>
      <ing>
        <amt>
          <qty>1/2</qty>
          <unit>cups</unit></amt>
        <item>Firmly packed brown sugar</item></ing>
      <ing>
        <amt>
          <qty>3</qty>
          <unit>tablespoons</unit></amt>
        <item>Cider vinegar</item></ing>
      <ing>
        <amt>
          <qty>3</qty>
          <unit>tablespoons</unit></amt>
        <item>Dijon mustard</item></ing>
      <ing>
        <amt>
          <qty>6</qty>
          <unit/></amt>
        <item>Links Aidells® smoked chicken and apple sausage; sliced 1-inch thick</item></ing></ingredients>
    <directions>
      <step>  Bring cider, lager and stock to a boil in a heavy saucepan over medium-high
  heat. Boil about 8 minutes. Whisk sugar, vinegar and mustard in a small
  bowl until reduced to 2 1/4 cups, stirring occasionally, about 6 minutes.
  
  Preheat oven to 375° F. Place sausages in a baking dish and spoon over the
  sauce. Bake until sausage is heated through, about 15 minutes. Serve.
  
  Recipe by: www.aidells.com
  
  Posted to recipelu-digest by "Crane C. Walden" &lt;cranew@foothill.net&gt; on Mar
  23, 1998
 
</step></directions></recipe></recipeml>
