<?xml version="1.0" encoding="UTF-8"?>

<recipeml version="0.5">
  <recipe>
    <head>
      <title>Baked Scrod</title>
      <categories>
        <cat>Fish</cat></categories>
      <yield>4</yield></head>
    <ingredients>
      <ing>
        <amt>
          <qty>2</qty>
          <unit>tablespoons</unit></amt>
        <item>Olive oil</item></ing>
      <ing>
        <amt>
          <qty>4</qty>
          <unit/></amt>
        <item>Scrod filets (about 1 1/2 lb</item></ing>
      <ing>
        <amt>
          <qty>2</qty>
          <unit/></amt>
        <item>Lemon juice</item></ing>
      <ing>
        <amt>
          <qty/>
          <unit/></amt>
        <item>Salt</item></ing>
      <ing>
        <amt>
          <qty/>
          <unit/></amt>
        <item>Pepper</item></ing>
      <ing>
        <amt>
          <qty>4</qty>
          <unit>tablespoons</unit></amt>
        <item>Italian parsely ;chopped</item></ing>
      <ing>
        <amt>
          <qty>10</qty>
          <unit>ounces</unit></amt>
        <item>Fresh mushrooms ;chopped</item></ing>
      <ing>
        <amt>
          <qty>4</qty>
          <unit/></amt>
        <item>Scallions ;chopped</item></ing>
      <ing>
        <amt>
          <qty>1/4</qty>
          <unit>cups</unit></amt>
        <item>Bread crumbs</item></ing></ingredients>
    <directions>
      <step>  1. Grease and oven proof pan with 1 teaspoon of olive oil. Brush scrod with
  juice of 1 lemon, season with salt and pepper and sprinkle with 2
  tablespoons parsley. Place fish in pan and drizzle with 2 teaspoons olive
  oil. 2. Cook mushrooms 10 minutes in remaining tablespoon of olive oil.
  Stir in scallions, remaining lemon juice and parsley, salt and pepper. 3.
  Cover fish with mushroom mixture and sprinkle with bread crumbss. Bake 10
  minutes in a 475 degree oven. Makes 4 servings.
  
  From Newsday (Long Island Newspaper), "Cinderellas of the Sea" by Marie
  Bianco p.65, January 13, 1993.
  Posted to MM-Recipes Digest V4 #264 by Harrison &lt;littlebear@mindspring.com&gt;
  on Oct 05, 1997
 
</step></directions></recipe></recipeml>
