<?xml version="1.0" encoding="UTF-8"?>

<recipeml version="0.5">
  <recipe>
    <head>
      <title>Baked Samosa Logs with Fruit-Sweetened Tomato Chutney</title>
      <categories>
        <cat>Vegetables</cat>
        <cat>Relishes</cat></categories>
      <yield>8</yield></head>
    <ingredients>
      <ing-div>
        <title>LOGS</title>
        <ing>
          <amt>
            <qty>8</qty>
            <unit>cups</unit></amt>
          <item>Cauliflower; diced</item></ing>
        <ing>
          <amt>
            <qty>1 1/3</qty>
            <unit>cups</unit></amt>
          <item>Baby peas, fresh or frozen</item></ing>
        <ing>
          <amt>
            <qty>1 1/2</qty>
            <unit>tablespoons</unit></amt>
          <item>Coconut flakes, unsweetened</item></ing>
        <ing>
          <amt>
            <qty>1</qty>
            <unit>teaspoon</unit></amt>
          <item>Curry powder</item></ing>
        <ing>
          <amt>
            <qty>1/8</qty>
            <unit>teaspoons</unit></amt>
          <item>Cayenne pepper OR</item></ing>
        <ing>
          <amt>
            <qty>1/2</qty>
            <unit>teaspoons</unit></amt>
          <item>Paprika</item></ing>
        <ing>
          <amt>
            <qty>2</qty>
            <unit>tablespoons</unit></amt>
          <item>Cilantro, fresh; chopped</item></ing>
        <ing>
          <amt>
            <qty>1 1/2</qty>
            <unit>tablespoons</unit></amt>
          <item>Lemon juice</item></ing>
        <ing>
          <amt>
            <qty>1/2</qty>
            <unit>teaspoons</unit></amt>
          <item>Salt</item></ing>
        <ing>
          <amt>
            <qty>12</qty>
            <unit/></amt>
          <item>Whole-wheat chapatis</item></ing>
        <ing>
          <amt>
            <qty/>
            <unit/></amt>
          <item>Olive oil spray or olive oil for brushing</item></ing></ing-div>
      <ing-div>
        <title>CHUTNEY</title>
        <ing>
          <amt>
            <qty>2</qty>
            <unit>teaspoons</unit></amt>
          <item>Virgin olive oil</item></ing>
        <ing>
          <amt>
            <qty>2</qty>
            <unit>tablespoons</unit></amt>
          <item>Ginger root; freshly grated</item></ing>
        <ing>
          <amt>
            <qty>1/2</qty>
            <unit>tablespoons</unit></amt>
          <item>Jalapeno pepper; minced</item></ing>
        <ing>
          <amt>
            <qty>1</qty>
            <unit>teaspoon</unit></amt>
          <item>Cumin seeds; crushed</item></ing>
        <ing>
          <amt>
            <qty>1/2</qty>
            <unit>tablespoons</unit></amt>
          <item>Coriander seeds; crushed</item></ing>
        <ing>
          <amt>
            <qty>5 1/2</qty>
            <unit>cups</unit></amt>
          <item>Tomato puree</item></ing>
        <ing>
          <amt>
            <qty>2</qty>
            <unit>cups</unit></amt>
          <item>Tomatoes; diced, with juice</item></ing>
        <ing>
          <amt>
            <qty>1/2</qty>
            <unit>cups</unit></amt>
          <item>White grape juice</item></ing>
        <ing>
          <amt>
            <qty/>
            <unit/></amt>
          <item>Salt and pepper to taste</item></ing></ing-div></ingredients>
    <directions>
      <step>  Logs: Steam cauliflower in a large pan for 10 minutes. If using frozen
  peas, defrost; addpeas and steam for 3 more minutes. Transfer cauliflower
  and peas to a bowl and add coconut, curry powder, cayenne or paprika,
  cilantro, lemon juice and salt. Toss to mix. Allow mixture to cool slightly
  and divide into 12 portions, about 1/2 cup each.
    Place one chapati on a work surface and brush lightly with water. With
  your hands, shape a portion of the vegetable mixture into a log. Place
  about 1 1/2 inches from the botom edge of the chapati. Roll chapati
  halfway, fold in sides, then finish rolling into a log. Place on a baking
  sheet, seam side down. Repeat processwith remaining chapatis.
    Preheat oven to 375 degrees. Spray or brush samosas lightly with o8il.
  Bake for 15 to 20 minutes, until crisp and golden. Cut each samosa in half.
  Makes 24 logs; serves 8. Serve with fruit-sweetened tomato chutney.
    Hints: Samosas can be made a day ahead of time and baked just before
  serving. If you can't find chapatis, you can substitute flour tortillas
  (either white or whole wheat).
    Chutney: Heat oil in a large saucepan. Add ginger, pepper, and cumin and
  coriander seeds. Cook until fragrant, about 1 to 2 minutes. Add remaining
  ingredients and bring mixture toa boil. Reduce heat an simmer, uncovered,
  for 35 to 40 minutes. Makes about 1 1/2 cups.
    Hints: Chutney can be made up to 2 ays before serving. Store in the
  refrigerator.
    If you double the recipe, increase cooking time by 15 minutes. If you
  freeze the chutney, season with salt and pepper before serving. Per serving
  (3 logs + 3 tbs. chutney): 255 cal; 7 g prot; 4 g fat; 46 g carb; 0 chol;
  791 mg sod; 6 g fiber; vegan Source: Vegetarian Times, July 93/MM by
  DEEANNE Submitted By DONW1948@AOL.COM On 30 OCT 1995 115833 -0600
  
  File ftp://ftp.idiscover.co.uk/pub/food/mealmaster/recipes/mmdjaxxx.zip
 
</step></directions></recipe></recipeml>
