<?xml version="1.0" encoding="UTF-8"?>

<recipeml version="0.5">
  <recipe>
    <head>
      <title>Baked Sausage Cups and Scrambled Eggs</title>
      <categories>
        <cat>Breakfast</cat></categories>
      <yield>6</yield></head>
    <ingredients>
      <ing-div>
        <title>SAUSAGE CUPS</title>
        <ing>
          <amt>
            <qty>1</qty>
            <unit>pound</unit></amt>
          <item>Pork sausage meat</item></ing>
        <ing>
          <amt>
            <qty>1/2</qty>
            <unit>cups</unit></amt>
          <item>Quaker Oats, uncooked (quick or old-fashioned)</item></ing>
        <ing>
          <amt>
            <qty>1/2</qty>
            <unit>teaspoons</unit></amt>
          <item>Salt</item></ing>
        <ing>
          <amt>
            <qty>1/2</qty>
            <unit>teaspoons</unit></amt>
          <item>Rubbed sage</item></ing>
        <ing>
          <amt>
            <qty>1</qty>
            <unit/></amt>
          <item>Egg</item></ing>
        <ing>
          <amt>
            <qty>1/2</qty>
            <unit>cups</unit></amt>
          <item>Milk</item></ing></ing-div>
      <ing-div>
        <title>SCRAMBLED EGGS</title>
        <ing>
          <amt>
            <qty>1</qty>
            <unit>tablespoon</unit></amt>
          <item>Butter or margarine</item></ing>
        <ing>
          <amt>
            <qty>9</qty>
            <unit/></amt>
          <item>Eggs</item></ing>
        <ing>
          <amt>
            <qty>1</qty>
            <unit>teaspoon</unit></amt>
          <item>Salt</item></ing>
        <ing>
          <amt>
            <qty>1</qty>
            <unit>dash</unit></amt>
          <item>Pepper (optional)</item></ing>
        <ing>
          <amt>
            <qty>1/3</qty>
            <unit>cups</unit></amt>
          <item>Milk</item></ing></ing-div></ingredients>
    <directions>
      <step>  For sausage cups, combine all ingredients thoroughly.  Firmly press into
  six 5-oz. ovenproof custard cups.  Place in shallow baking pan.  Bake in
  preheated moderate oven (350 F.) about 45 minutes.  Unmold; drain on
  absorbent paper.
  
  For eggs, melt butter in large skillet over low heat.  Beat together eggs,
  salt, pepper and milk until fluffy.  Pour into skillet.  Cook, stirring
  lightly until eggs are just barely set.  Arrange sausage cups around eggs
  on serving platter.  Garnish with parsley.
  
  Source: Our Favorites for family and friends
  Reprinted with permission from The Quaker Oats Company
  Electronic format courtesy of Karen Mintzias
  
  File ftp://ftp.idiscover.co.uk/pub/food/mealmaster/recipes/quaker01.zip
 
</step></directions></recipe></recipeml>
