<?xml version="1.0" encoding="UTF-8"?>

<recipeml version="0.5">
  <recipe>
    <head>
      <title>Baked Rice with Sausage, Peppers and Mushrooms</title>
      <categories>
        <cat>Casseroles</cat>
        <cat>Rice</cat>
        <cat>Sausage</cat></categories>
      <yield>4</yield></head>
    <ingredients>
      <ing>
        <amt>
          <qty>2</qty>
          <unit>tablespoons</unit></amt>
        <item>Olive oil</item></ing>
      <ing>
        <amt>
          <qty>12</qty>
          <unit>ounces</unit></amt>
        <item>Italian sausage; cut 1/2 inch thick</item></ing>
      <ing>
        <amt>
          <qty>1</qty>
          <unit>medium</unit></amt>
        <item>Onion; finely chopped</item></ing>
      <ing>
        <amt>
          <qty>1</qty>
          <unit>medium</unit></amt>
        <item>Sweet red pepper; cut 1/2 inch squares</item></ing>
      <ing>
        <amt>
          <qty>1</qty>
          <unit>can</unit></amt>
        <item>Mushroom; thinly sliced</item></ing>
      <ing>
        <amt>
          <qty>1</qty>
          <unit>small</unit></amt>
        <item>Zucchini; halved and sliced</item></ing>
      <ing>
        <amt>
          <qty>3</qty>
          <unit>cups</unit></amt>
        <item>White rice</item></ing>
      <ing>
        <amt>
          <qty>2 3/4</qty>
          <unit>cups</unit></amt>
        <item>Chicken broth</item></ing>
      <ing>
        <amt>
          <qty>1/2</qty>
          <unit>cups</unit></amt>
        <item>Parmesan cheese; grated</item></ing>
      <ing>
        <amt>
          <qty>1</qty>
          <unit>teaspoon</unit></amt>
        <item>Dried basil</item></ing>
      <ing>
        <amt>
          <qty>1/2</qty>
          <unit>teaspoons</unit></amt>
        <item>Black pepper</item></ing></ingredients>
    <directions>
      <step>  1. Heat the oil in a heavy 12 inch skillet over moderately high heat.
  
  2. Add the sausage, and saute for 5 minutes or until browned.
  
  3. Transfer with a slotted spoon to a bowl.
  
  4. Pour off all but 1 tablespoon of the fat from the skillet and discard.
  
  5. Preheat the oven to 350.
  
  6. Add the onion to the skillet and saute stirring for 5 minutes.
  
  7. Add the red pepper, mushrooms and zucchini and saute, stirring
  occasionally, 5 minutes longer.
  
  8. Stir in the rice tossing to coat.
  
  9. Add the stock, bring to a boil and stir in the Parmesan cheese, basil,
  pepper and sausage.
  
  10. Transfer the mixture to a lightly oiled, 2 quart casserole. AT this
  point the casserole can be coled to room temperature and stored in the
  refrigerator tightly covered for up to 24 hours.
  
  11. Bake covered for 25 minutes.
  
  12. Uncover and bake 10 minutes longer or until almost all the liquid has
  been absorbed and the rice is tender and the top is slightly crusty.
  
  Recipe by: Readers Digest Cook Now, Serve Later, 1989
  
  Posted to MC-Recipe Digest V1 #1024 by njwwb &lt;njwwb@ibm.net&gt; on Jan 20,
  1998
 
</step></directions></recipe></recipeml>
