<?xml version="1.0" encoding="UTF-8"?>

<recipeml version="0.5">
  <recipe>
    <head>
      <title>Baked Rockfish with Ginger-Lime Sauce</title>
      <categories>
        <cat>Fish</cat></categories>
      <yield>4</yield></head>
    <ingredients>
      <ing>
        <amt>
          <qty/>
          <unit/></amt>
        <item>Stephen Ceideburg</item></ing>
      <ing>
        <amt>
          <qty>1 1/3</qty>
          <unit>pounds</unit></amt>
        <item>Rockfish fillets</item></ing>
      <ing>
        <amt>
          <qty>1/4</qty>
          <unit>teaspoons</unit></amt>
        <item>Salt</item></ing>
      <ing>
        <amt>
          <qty/>
          <unit/></amt>
        <item>Freshly ground black pepper to taste</item></ing>
      <ing>
        <amt>
          <qty>1 1/2</qty>
          <unit>tablespoons</unit></amt>
        <item>Butter or margarine</item></ing>
      <ing>
        <amt>
          <qty>1</qty>
          <unit>tablespoon</unit></amt>
        <item>Finely grated fresh ginger</item></ing>
      <ing>
        <amt>
          <qty>2</qty>
          <unit>tablespoons</unit></amt>
        <item>Lime juice</item></ing>
      <ing>
        <amt>
          <qty>2</qty>
          <unit>tablespoons</unit></amt>
        <item>Ketchup</item></ing></ingredients>
    <directions>
      <step>  Place the fish fillets on a rack set in a pan (or use a broiling pan), and
  sprinkle with salt and pepper. Bake in a preheated 450-degree oven 12
  minutes per inch of thickness. Test for doneness.
  
  While the fish is cooking melt the margarine in a small saucepan. Add the
  ginger, lime juice and ketchup. Stir until blended and hot.
  
  Spoon the sauce over the fish and serve. By Larry Brown of the Seattle
  Times writing in the San Jose Mercury News. 6/9/93.
  
  Posted by Stephen Ceideburg
  
  From Gemini's MASSIVE MealMaster collection at www.synapse.com/~gemini
 
</step></directions></recipe></recipeml>
