<?xml version="1.0" encoding="UTF-8"?>

<recipeml version="0.5">
  <recipe>
    <head>
      <title>Baked Shrimp in Wine and Basil Sauce</title>
      <categories>
        <cat>Appetizers</cat>
        <cat>Shrimp</cat></categories>
      <yield>10</yield></head>
    <ingredients>
      <ing>
        <amt>
          <qty>1</qty>
          <unit>cup</unit></amt>
        <item>Butter, melted</item></ing>
      <ing>
        <amt>
          <qty>1/4</qty>
          <unit>cups</unit></amt>
        <item>Dry white wine</item></ing>
      <ing>
        <amt>
          <qty>1/4</qty>
          <unit>cups</unit></amt>
        <item>Parsley, minced</item></ing>
      <ing>
        <amt>
          <qty>2</qty>
          <unit>tablespoons</unit></amt>
        <item>Lemon juice, freshly squeezed</item></ing>
      <ing>
        <amt>
          <qty>3</qty>
          <unit/></amt>
        <item>Cloves garlic, minced</item></ing>
      <ing>
        <amt>
          <qty>4</qty>
          <unit>tablespoons</unit></amt>
        <item>Basil, fresh chopped</item></ing>
      <ing>
        <amt>
          <qty>1</qty>
          <unit>teaspoon</unit></amt>
        <item>Worcestershire sauce</item></ing>
      <ing>
        <amt>
          <qty>1</qty>
          <unit>teaspoon</unit></amt>
        <item>Tabasco sauce</item></ing>
      <ing>
        <amt>
          <qty>1/2</qty>
          <unit>teaspoons</unit></amt>
        <item>Salt</item></ing>
      <ing>
        <amt>
          <qty>2</qty>
          <unit>pounds</unit></amt>
        <item>Shrimp, tails intact</item></ing>
      <ing>
        <amt>
          <qty>1/2</qty>
          <unit>cups</unit></amt>
        <item>Bread crumbs, dry unseasoned</item></ing></ingredients>
    <directions>
      <step>  Preheat over to 450F. Combine the first nine ingredients in a bowl and mix
  well. Remove a fourth of this mixture and set aside.
  
  In a shallow baking dish (or small quiche dishes), pour in part of the
  sauce. Place the shrimp around the rim (or rims) with tails over the side,
  being sure the meat is well coated. Mix the bread crumbs with the remaining
  sauce and sprinkle over the dish. Bake 10 to 15 minutes. Serve warm with
  slices of sourdough.
  
  Per serving: 294 Calories; 20g Fat (63% calories from fat); 20g Protein; 7g
  Carbohydrate; 187mg Cholesterol; 488mg Sodium
  
  NOTES : With the tails of these shrimp curled over the side of a baking
  dish, this appetizer is an eye-catcher. The shrimp can't carry all the
  delicious sauce however. Serve a loaf of warm, sliced sourdough for
  dipping.
  
  Recipe by: Delicious Decisions/tpogue@idsonline.com Posted to MC-Recipe
  Digest V1 #620 by Terry Pogue &lt;tpogue@idsonline.com&gt; on May 25, 1997
 
</step></directions></recipe></recipeml>
