<?xml version="1.0" encoding="UTF-8"?>

<recipeml version="0.5">
  <recipe>
    <head>
      <title>Baked Sandwich Roll</title>
      <categories>
        <cat>Breads</cat>
        <cat>Sandwiches</cat>
        <cat>Abm</cat></categories>
      <yield>4</yield></head>
    <ingredients>
      <ing>
        <amt>
          <qty>1</qty>
          <unit/></amt>
        <item>Loaf frozen dough; thawed</item></ing>
      <ing>
        <amt>
          <qty>1</qty>
          <unit>pound</unit></amt>
        <item>Turkey pastrami; sliced thin</item></ing>
      <ing>
        <amt>
          <qty>1/2</qty>
          <unit>pounds</unit></amt>
        <item>Smoked turkey; sliced thin</item></ing>
      <ing>
        <amt>
          <qty>1/2</qty>
          <unit>pounds</unit></amt>
        <item>Mozzarella cheese; sliced thin</item></ing>
      <ing>
        <amt>
          <qty/>
          <unit/></amt>
        <item>Spicy mustard</item></ing>
      <ing>
        <amt>
          <qty/>
          <unit/></amt>
        <item>Italian salad dressing</item></ing>
      <ing>
        <amt>
          <qty/>
          <unit/></amt>
        <item>Egg white</item></ing></ingredients>
    <directions>
      <step>  On a lightly floured surface, roll thawed dough into rectangle,
  approximately 15x20. Spread spicy mustard evenly over entire surface. Lay
  slices of turkey pastrami over entire surface, then a layer of cheese, then
  a layer of turkey. Sprinkle Italian dressing sporadically over turkey. Roll
  up rectangle, jelly roll style. Pinch to seal edges. Brush top surface with
  beaten egg white. Bake in preheated 350 F oven 20 to 30 minutes or until
  golden brown. If top browns too quickly, cover with aluminum foil.
  
  Cool slightly. Slice in 2 inch slices.
  
  NOTES : I make my own Italian dressing for this recipe, adding lots of
  spices including garlic (powder or roasted garlic paste), cilantro, basil,
  oregano, onion powder, oil, vinegar and mayonnaise. You may use any
  combination of sandwich slices or cheese. You may use pizza sauce, pizza
  toppings and mozzarella cheese. J: It took much longer to bake...maybe 40
  minutes total.
  Recipe by: Julie Evans Posted to TNT - Prodigy's Recipe Exchange Newsletter
  by JoAnn &lt;joannr@pclink.com&gt; on Aug 18, 1997
 
</step></directions></recipe></recipeml>
