<?xml version="1.0" encoding="UTF-8"?>

<recipeml version="0.5">
  <recipe>
    <head>
      <title>Baked Red Snapper in a Salt Crust</title>
      <categories>
        <cat>None</cat></categories>
      <yield>1</yield></head>
    <ingredients>
      <ing>
        <amt>
          <qty>3</qty>
          <unit>cups</unit></amt>
        <item>All-purpose flour</item></ing>
      <ing>
        <amt>
          <qty>1</qty>
          <unit>cup</unit></amt>
        <item>Cornmeal</item></ing>
      <ing>
        <amt>
          <qty>1 1/4</qty>
          <unit>cups</unit></amt>
        <item>Coarse salt</item></ing>
      <ing>
        <amt>
          <qty>1</qty>
          <unit>tablespoon</unit></amt>
        <item>Fresh rosemary</item></ing>
      <ing>
        <amt>
          <qty>2</qty>
          <unit>large</unit></amt>
        <item>Egg whites</item></ing>
      <ing>
        <amt>
          <qty>1/2</qty>
          <unit>cups</unit></amt>
        <item>Water</item></ing>
      <ing>
        <amt>
          <qty>2</qty>
          <unit>pounds</unit></amt>
        <item>Whole red snapper; cleaned</item></ing></ingredients>
    <directions>
      <step>  Preheat oven to 375 degrees.
  
  In a bowl blend together the flour, cornmeal, coarse salt, and fresh
  rosemary. Add the egg whites and the water. Stir to combine. Add more water
  if necessary to form a stiff dough.
  
  On a lightly floured surface roll out the dough. Transfer it to a baking
  sheet. Wrap the whole red snapper completely in the dough. Press the edges
  of the dough to seal.
  
  Put in oven and bake for 25 minutes.
  
  Remove the crust. Fillet and serve the fish.
  
  Yield: 4 servings
  
  Recommended drink: Lacryma Christi del Vesuvio, Mastroberardino, 1994 TASTE
  SHOW #TS4891
  Posted to MC-Recipe Digest by Leon &amp; Miriam Posvolsky &lt;miriamp@pobox.com&gt;
  on May 17, 1998
 
</step></directions></recipe></recipeml>
