<?xml version="1.0" encoding="UTF-8"?>

<recipeml version="0.5">
  <recipe>
    <head>
      <title>Baked Rigatoni and Ham with Four Cheeses</title>
      <categories>
        <cat>None</cat></categories>
      <yield>4</yield></head>
    <ingredients>
      <ing>
        <amt>
          <qty>3</qty>
          <unit>tablespoons</unit></amt>
        <item>Butter or margarine; divided</item></ing>
      <ing>
        <amt>
          <qty>1/4</qty>
          <unit>cups</unit></amt>
        <item>Fine dry breadcrumbs</item></ing>
      <ing>
        <amt>
          <qty>8</qty>
          <unit>ounces</unit></amt>
        <item>Rigatoni pasta; uncooked</item></ing>
      <ing>
        <amt>
          <qty>2</qty>
          <unit>tablespoons</unit></amt>
        <item>All-purpose flour</item></ing>
      <ing>
        <amt>
          <qty>2</qty>
          <unit>cups</unit></amt>
        <item>Milk</item></ing>
      <ing>
        <amt>
          <qty>1/4</qty>
          <unit>teaspoons</unit></amt>
        <item>Salt</item></ing>
      <ing>
        <amt>
          <qty>1/4</qty>
          <unit>teaspoons</unit></amt>
        <item>Pepper</item></ing>
      <ing>
        <amt>
          <qty>4</qty>
          <unit>ounces</unit></amt>
        <item>Cooked ham; diced</item></ing>
      <ing>
        <amt>
          <qty>4</qty>
          <unit>ounces</unit></amt>
        <item>Mozzarella cheese; shredded</item></ing>
      <ing>
        <amt>
          <qty>2</qty>
          <unit>ounces</unit></amt>
        <item>Provolone cheese; shredded</item></ing>
      <ing>
        <amt>
          <qty>2</qty>
          <unit>ounces</unit></amt>
        <item>Fontina cheese; shredded</item></ing>
      <ing>
        <amt>
          <qty>1/4</qty>
          <unit>cups</unit></amt>
        <item>Parmesan cheese; freshly grated</item></ing></ingredients>
    <directions>
      <step>  1. Melt 1 tablespoon butter in a small saucepan over low heat. Add
  breadcrumbs, and toss well. Set aside.
  
  2. Cook pasta according to package directions; drain well. Set aside, and
  keep warm.
  
  3. Melt remaining 2 tablespoons butter in a heavy saucepan over low heat;
  add flour, stirring until smooth. Cook 1 minute, stirring constantly.
  Gradually add milk; cook over medium heat, stirring constantly, until
  mixture is thickened and bubbly. Stir in salt and pepper. Add ham and
  cheeses, stirring until cheeses melt.
  
  4. Add cooked pasta to cheese mixture; stir well. Pour into a buttered
  2-quart baking dish. Cover and bake at 375 degrees for 25 minutes or until
  bubbly. Uncover and sprinkle with breadcrumb mixture. Bake 7 additional
  minutes or until golden.
  
  This pasta dish is flavor-packed with cheese--mozzarella, provolone,
  fontina, and Parmesan.
  
  Simply Irresistible, The junior Auxiliary of Conway, Arkansas
  
  Recipe by: America's Best Recipes  1996
  
  Posted to MC-Recipe Digest by "Marie Smith" &lt;crafty1@earthlink.net&gt; on May
  2, 1998
 
</step></directions></recipe></recipeml>
