<?xml version="1.0" encoding="UTF-8"?>

<recipeml version="0.5">
  <recipe>
    <head>
      <title>Baked Rice</title>
      <categories>
        <cat>Diabetic</cat>
        <cat>Rice</cat></categories>
      <yield>8</yield></head>
    <ingredients>
      <ing>
        <amt>
          <qty>8</qty>
          <unit/></amt>
        <item>Cube bouillion;</item></ing>
      <ing>
        <amt>
          <qty>8</qty>
          <unit>cups</unit></amt>
        <item>Hot water;</item></ing>
      <ing>
        <amt>
          <qty>2</qty>
          <unit>cups</unit></amt>
        <item>Rice;</item></ing>
      <ing>
        <amt>
          <qty>8</qty>
          <unit/></amt>
        <item>Green onion; chopped</item></ing>
      <ing>
        <amt>
          <qty>7/8</qty>
          <unit>cups</unit></amt>
        <item>Celery;</item></ing>
      <ing>
        <amt>
          <qty>1</qty>
          <unit>cup</unit></amt>
        <item>Bread crumbs; dry</item></ing>
      <ing>
        <amt>
          <qty/>
          <unit/></amt>
        <item>Recipe was for 1 serving</item></ing>
      <ing>
        <amt>
          <qty/>
          <unit/></amt>
        <item>And I AM not going to use</item></ing>
      <ing>
        <amt>
          <qty/>
          <unit/></amt>
        <item>8 bouillion cubes</item></ing></ingredients>
    <directions>
      <step>  Dissolve bouillion in hot water.  Add rice, green onion, and celery;
  cover. Cook for 5 minutes.  Add bread crumbs.  Pour into small baking
  dish. Bake at 350 F for 25 to 30 minutes or until top i s lightly
  crusted. Food Exchange per serving:  1 1/2 STARCH/BREAD EXCHANGES
  CAL: 115
  
  Source: The Complete Diabetic Cookbook by Mary Jane Finsand
  Brought to you and yours via Nancy O'Brion and her Meal-Master
  
  File ftp://ftp.idiscover.co.uk/pub/food/mealmaster/recipes/diabetic.zip
 
</step></directions></recipe></recipeml>
