<?xml version="1.0" encoding="UTF-8"?>

<recipeml version="0.5">
  <recipe>
    <head>
      <title>Baked Red Snapper with Ricotta Stuffing</title>
      <categories>
        <cat>Fish</cat></categories>
      <yield>4</yield></head>
    <ingredients>
      <ing-div>
        <title/>
        <ing>
          <amt>
            <qty>1</qty>
            <unit/></amt>
          <item>3-4 lb. red snapper; striped bass or similar fish</item></ing>
        <ing>
          <amt>
            <qty/>
            <unit/></amt>
          <item>Salt</item></ing>
        <ing>
          <amt>
            <qty>2</qty>
            <unit>tablespoons</unit></amt>
          <item>Olive oil</item></ing></ing-div>
      <ing-div>
        <title>STUFFING</title>
        <ing>
          <amt>
            <qty>1/2</qty>
            <unit>cups</unit></amt>
          <item>Celery; chopped</item></ing>
        <ing>
          <amt>
            <qty>1/8</qty>
            <unit>cups</unit></amt>
          <item>Olive oil</item></ing>
        <ing>
          <amt>
            <qty>3/4</qty>
            <unit>cups</unit></amt>
          <item>Ricotta cheese</item></ing>
        <ing>
          <amt>
            <qty>1/2</qty>
            <unit>teaspoons</unit></amt>
          <item>Salt</item></ing>
        <ing>
          <amt>
            <qty>2</qty>
            <unit>tablespoons</unit></amt>
          <item>Lemon rind; grated</item></ing>
        <ing>
          <amt>
            <qty>1/2</qty>
            <unit>cups</unit></amt>
          <item>Onion; chopped</item></ing>
        <ing>
          <amt>
            <qty>1</qty>
            <unit>cup</unit></amt>
          <item>Dry bread crumbs</item></ing>
        <ing>
          <amt>
            <qty>1/4</qty>
            <unit>cups</unit></amt>
          <item>Lemon; diced and peeled</item></ing>
        <ing>
          <amt>
            <qty>1</qty>
            <unit>teaspoon</unit></amt>
          <item>Paprika</item></ing></ing-div></ingredients>
    <directions>
      <step>  Date: Tue, 23 Apr 1996 10:55:54 -0400 (EDT)
  
  From: altaira@escape.com
  
  Recipe By: Gilda Latzky
  Clean, wash and dry fish. Sprinkle inside and out with salt.
  
  Prepare stuffing: Saute celery and onion in 1/4 cup olive oil until soft.
  Remove from heat and combine with rest of stuffing ingredients, blending
  well. Stuff fish loosely. Close opening with small skewers or toothpicks.
  Place in well-greased baking pan. Brush with 2 tbsp. olive oil and bake in
  pre-heated 350 degree oven for 40-60 minutes or until fish flakes easily
  with a fork. Baste occassionally with drippings while fish is baking.
  
  MM-RECIPES@IDISCOVER.NET
  
  MEAL-MASTER RECIPES LIST SERVER
  
  MM-RECIPES DIGEST V3 #114
  
  From the MealMaster recipe list.  Downloaded from Glen's MM Recipe Archive,
  http://www.erols.com/hosey.
 
</step></directions></recipe></recipeml>
