<?xml version="1.0" encoding="UTF-8"?>

<recipeml version="0.5">
  <recipe>
    <head>
      <title>Baked Salmon Mousse</title>
      <categories>
        <cat>Appetizer</cat></categories>
      <yield>6</yield></head>
    <ingredients>
      <ing>
        <amt>
          <qty>1</qty>
          <unit>can</unit></amt>
        <item>(15-oz) salmon; drained</item></ing>
      <ing>
        <amt>
          <qty>1/2</qty>
          <unit>cups</unit></amt>
        <item>Fresh bread crumbs</item></ing>
      <ing>
        <amt>
          <qty>1</qty>
          <unit>medium</unit></amt>
        <item>Onion; chopped</item></ing>
      <ing>
        <amt>
          <qty>1/2</qty>
          <unit/></amt>
        <item>Lemon; juice of</item></ing>
      <ing>
        <amt>
          <qty>1</qty>
          <unit>cup</unit></amt>
        <item>Evaporated skim milk</item></ing>
      <ing>
        <amt>
          <qty>1</qty>
          <unit/></amt>
        <item>Egg</item></ing>
      <ing>
        <amt>
          <qty/>
          <unit/></amt>
        <item>Salt and pepper</item></ing>
      <ing>
        <amt>
          <qty>1/2</qty>
          <unit>cups</unit></amt>
        <item>Chopped celery</item></ing>
      <ing>
        <amt>
          <qty/>
          <unit/></amt>
        <item>Dill sauce (see recipe)</item></ing></ingredients>
    <directions>
      <step>   Put all ingredients except celery and dill sauce into blender; blend well.
  Scatter celery into a non-stick ring mold or loaf pan which has been rubbed
  lightly with margarine. Pour contents of blender into mold or pan.
  
   Bake in a preheated 350 degree oven 40 minutes for ring mold, or 60-70
  minutes for loaf pan, or until knife inserted in center comes out clean.
  
   Remove from oven and let stand 5 minutes. Unmold onto serving platter.
  Serve with Dill Sauce (see recipe in this cookbook).
  
   Makes 6 servings of 181 calories, 20 grams protein and 27% of the USRDA
  for calcium each.
  
  NEWSPAPER ARTICLE, FROM AMERICAN
  
  HEART ASSOCIATION'S CULINARY
  
  HEARTS KITCHEN
  
  From a collection of my mother's (Judy Hosey) recipe box which contained
  lots of her favorite recipes, clippings, etc.  Downloaded from Glen's MM
  Recipe Archive, http://www.erols.com/hosey.
 
</step></directions></recipe></recipeml>
