<?xml version="1.0" encoding="UTF-8"?>

<recipeml version="0.5">
  <recipe>
    <head>
      <title>Baked Scrambled Egg Casserole</title>
      <categories>
        <cat>None</cat></categories>
      <yield>6</yield></head>
    <ingredients>
      <ing>
        <amt>
          <qty>2</qty>
          <unit>tablespoons</unit></amt>
        <item>Margarine</item></ing>
      <ing>
        <amt>
          <qty>12</qty>
          <unit/></amt>
        <item>Eggs</item></ing>
      <ing>
        <amt>
          <qty>1 1/2</qty>
          <unit>cups</unit></amt>
        <item>Cooked ham -- chopped</item></ing>
      <ing>
        <amt>
          <qty>4</qty>
          <unit>ounces</unit></amt>
        <item>Cheddar cheese -- shredded</item></ing>
      <ing>
        <amt>
          <qty>1/2</qty>
          <unit>cups</unit></amt>
        <item>Green onions -- sliced</item></ing>
      <ing>
        <amt>
          <qty>1/2</qty>
          <unit>cups</unit></amt>
        <item>Half &amp; half</item></ing>
      <ing>
        <amt>
          <qty>1</qty>
          <unit>can</unit></amt>
        <item>Cream of mushroom soup</item></ing></ingredients>
    <directions>
      <step>  Heat oven to 250~. Grease 2-qt casserole. In large skillet, melt margarine.
  Saute onions until crisp tender. In large bowl, beat eggs; stir in half &amp;
  half and ham. Pour egg mixtue into skillet with onions; mix well. Cook over
  medium heat. As mixture begins to set, gently lift cooked portions with
  spatula so that thin uncooked portions can flow to bottom. Avoid constant
  stirring. Cook until eggs are thickened throughout; spoon into prepared
  casserole dish. Pour soup evenly over top. Bake at 250~ for 30 minutes;
  sprinkle with cheddar cheese and bake 10-15 minutes longer.
  
  Recipe By     :
  
  File ftp://ftp.idiscover.co.uk/pub/food/mealmaster/recipes/mmdja006.zip
 
</step></directions></recipe></recipeml>
