<?xml version="1.0" encoding="UTF-8"?>

<recipeml version="0.5">
  <recipe>
    <head>
      <title>Baked Rigatoni</title>
      <categories>
        <cat>Pasta</cat>
        <cat>Main dish</cat>
        <cat>Italian</cat></categories>
      <yield>8</yield></head>
    <ingredients>
      <ing-div>
        <title>FOR THE SAUCE</title>
        <ing>
          <amt>
            <qty>1/4</qty>
            <unit>cups</unit></amt>
          <item>Olive oil</item></ing>
        <ing>
          <amt>
            <qty>2</qty>
            <unit/></amt>
          <item>Garlic cloves,minced</item></ing>
        <ing>
          <amt>
            <qty>1/2</qty>
            <unit>large</unit></amt>
          <item>Onion,finely chopped</item></ing>
        <ing>
          <amt>
            <qty>1/4</qty>
            <unit>teaspoons</unit></amt>
          <item>Hot-pepper flakes</item></ing>
        <ing>
          <amt>
            <qty>1</qty>
            <unit>can</unit></amt>
          <item>Tomato paste (12 oz)</item></ing>
        <ing>
          <amt>
            <qty>3</qty>
            <unit>cups</unit></amt>
          <item>Water</item></ing>
        <ing>
          <amt>
            <qty>1</qty>
            <unit>can</unit></amt>
          <item>Plum tomatoes (14 1/2 oz)</item></ing>
        <ing>
          <amt>
            <qty>1</qty>
            <unit>teaspoon</unit></amt>
          <item>Dried oregano</item></ing>
        <ing>
          <amt>
            <qty>1</qty>
            <unit>teaspoon</unit></amt>
          <item>Dried basil</item></ing>
        <ing>
          <amt>
            <qty>1</qty>
            <unit>teaspoon</unit></amt>
          <item>Salt,or to taste</item></ing>
        <ing>
          <amt>
            <qty>1</qty>
            <unit>tablespoon</unit></amt>
          <item>Sugar</item></ing></ing-div>
      <ing-div>
        <title>FOR THE FILLING</title>
        <ing>
          <amt>
            <qty>1</qty>
            <unit>pound</unit></amt>
          <item>Ricotta cheese</item></ing>
        <ing>
          <amt>
            <qty>1</qty>
            <unit>tablespoon</unit></amt>
          <item>Parsley</item></ing>
        <ing>
          <amt>
            <qty>2</qty>
            <unit/></amt>
          <item>Eggs,lightly beaten</item></ing>
        <ing>
          <amt>
            <qty/>
            <unit/></amt>
          <item>Pepper to taste</item></ing>
        <ing>
          <amt>
            <qty>3/4</qty>
            <unit>cups</unit></amt>
          <item>Shredded mozzarella cheese</item></ing>
        <ing>
          <amt>
            <qty>3/4</qty>
            <unit>cups</unit></amt>
          <item>Grated Parmesan cheese</item></ing></ing-div></ingredients>
    <directions>
      <step>  To make the sauce: Heat oven to 350'F. In a pot, heat oil and saute
  garlic, onions and hot-pepper flakes until golden.
  
  Stir in tomato paste. Rinse can with the water and add to pot. Simmer
       30    minutes.
  
  Add all the remaining ingredients. Simmer at least 1-1/2 to 2 hours.
  If you have more time, let it simmer even a little longer.
  
  To make the filling: Combine ricotta, pepper, parsley and eggs in
  medium bowl. Mix thoroughly. Reserve cheeses.
  
  To assemble the casserole: Cook rigatoni according to package
  directions, but reduce cooking time by two minutes. Do not overcook.
  
  Spread sauce over the bottom of a 9x13x2" baking dish. Top with a
  layer of pasta. Top pasta with a little more sauce, then several
  spoons full of ricotta mixture. Spoon together with the back of a
  large spoon. Top with a sprinkling of mozzarella cheese. Top with a
  layer of pasta and repeat process, ending with Parmesan this time.
  Then repeat, ending with mozzarella, etc. Finish with a layer of
  pasta.
  
  Bake for 30-35 minutes, or for about 15 minutes after it begins to
  bubble around edges. Ricotta will rise to top; it should be slightly
  set. Allow to stand 10-15 minutes before serving. Serves six to eight.
  
  From Tuscon area newspapers, 1994, 3rd quarter, courtest Mike Orchekowski.
  File ftp://ftp.idiscover.co.uk/pub/food/mealmaster/recipes/tn-94q3.zip
 
</step></directions></recipe></recipeml>
