<?xml version="1.0" encoding="UTF-8"?>

<recipeml version="0.5">
  <recipe>
    <head>
      <title>Baked Sole Au Gratin</title>
      <categories>
        <cat>Seafood</cat></categories>
      <yield>1</yield></head>
    <ingredients>
      <ing>
        <amt>
          <qty>1 1/2</qty>
          <unit>pounds</unit></amt>
        <item>Dover sole</item></ing>
      <ing>
        <amt>
          <qty/>
          <unit/></amt>
        <item>Salt &amp; pepper to taste</item></ing>
      <ing>
        <amt>
          <qty>3</qty>
          <unit>teaspoons</unit></amt>
        <item>Oregano</item></ing>
      <ing>
        <amt>
          <qty>6</qty>
          <unit>tablespoons</unit></amt>
        <item>Olive oil</item></ing>
      <ing>
        <amt>
          <qty>1</qty>
          <unit>cup</unit></amt>
        <item>Bread crumbs</item></ing></ingredients>
    <directions>
      <step>  Preheat oven to 425. Season both sides of fish with salt &amp; pepper.
  Place in lightly oiled dish. In bowl combine oregano with olive oil &amp;
  bread crumbs. Spread crumb mixture evenly over surface of fish. Bake
  6-12 minutes per inch of thickness, until fish is opaque throughout.
  Remove from oven &amp; place under broiler for 1 minute to brown the
  crumb mixture.
  
  File ftp://ftp.idiscover.co.uk/pub/food/mealmaster/recipes/mmkah001.zip
 
</step></directions></recipe></recipeml>
