<?xml version="1.0" encoding="UTF-8"?>

<recipeml version="0.5">
  <recipe>
    <head>
      <title>Baked Rigatoni Primavera</title>
      <categories>
        <cat>None</cat></categories>
      <yield>6</yield></head>
    <ingredients>
      <ing>
        <amt>
          <qty>8</qty>
          <unit>ounces</unit></amt>
        <item>Rigatoni</item></ing>
      <ing>
        <amt>
          <qty>2</qty>
          <unit>large</unit></amt>
        <item>Onions; chopped</item></ing>
      <ing>
        <amt>
          <qty>1</qty>
          <unit>tablespoon</unit></amt>
        <item>Vegetable oil</item></ing>
      <ing>
        <amt>
          <qty>2</qty>
          <unit/></amt>
        <item>Cloves garlic; finely chopped</item></ing>
      <ing>
        <amt>
          <qty>1</qty>
          <unit>can</unit></amt>
        <item>(16 oz.) no-salt-added tomatoes</item></ing>
      <ing>
        <amt>
          <qty>1</qty>
          <unit>can</unit></amt>
        <item>(8 0z.) no-salt-added tomato sauce</item></ing>
      <ing>
        <amt>
          <qty>1</qty>
          <unit>teaspoon</unit></amt>
        <item>Dried basil</item></ing>
      <ing>
        <amt>
          <qty>1/2</qty>
          <unit>teaspoons</unit></amt>
        <item>Dried oregano</item></ing>
      <ing>
        <amt>
          <qty>1</qty>
          <unit>teaspoon</unit></amt>
        <item>Salt</item></ing>
      <ing>
        <amt>
          <qty>1/4</qty>
          <unit>teaspoons</unit></amt>
        <item>Pepper</item></ing>
      <ing>
        <amt>
          <qty>1</qty>
          <unit>pound</unit></amt>
        <item>Fresh spinach; washed, stemmed and chopped, -or-</item></ing>
      <ing>
        <amt>
          <qty>1</qty>
          <unit>package</unit></amt>
        <item>(10-oz.) frozen spinach; thawed and drained</item></ing>
      <ing>
        <amt>
          <qty>1</qty>
          <unit>package</unit></amt>
        <item>(10 oz.) frozen corn kernels, thawed</item></ing>
      <ing>
        <amt>
          <qty>1</qty>
          <unit>cup</unit></amt>
        <item>Fresh or frozen green peas</item></ing>
      <ing>
        <amt>
          <qty>1</qty>
          <unit>cup</unit></amt>
        <item>Part-skim ricotta cheese</item></ing>
      <ing>
        <amt>
          <qty>1/4</qty>
          <unit>cups</unit></amt>
        <item>Grated Parmesan cheese</item></ing></ingredients>
    <directions>
      <step>  Coat a lasagne dish with nonstick cooking spray. Cook rigatoni according to
  package directions (do not overcook). Drain and return to pot.
  
  In a large skillet (you'll need a good-sized one), saute onion in oil for 3
  minutes. Add garlic and saute another minute. Stir in tomatoes with their
  liquid, tomato sauce, basil, oregano, salt and pepper, breaking up the
  tomatoes. Simmer, uncovered, for 15 minutes until slightly thickened.
  
  Stir in spinach, corn, pease. Cook 5 minutes until spinach wilts. Add
  vegetable mixture and ricotta cheese to drained pasta. Spoon into prepared
  pan. Sprinkle with Parmesan cheese.
  
  Bake in a 375-degree oven for 25 minutes until cheese is golden brown. Let
  stand 5 minutes before serving.
  
  Posted to FOODWINE Digest  by "Joanne L. Schweikj" &lt;SCHWEIKJ@FREDONIA.EDU&gt;
  on Nov 18, 1997
 
</step></directions></recipe></recipeml>
