<?xml version="1.0" encoding="UTF-8"?>

<recipeml version="0.5">
  <recipe>
    <head>
      <title>Baked Rhubarb</title>
      <categories>
        <cat>Dessert</cat></categories>
      <yield>6</yield></head>
    <ingredients>
      <ing>
        <amt>
          <qty>1 1/2</qty>
          <unit>pounds</unit></amt>
        <item>Rhubarb; peeled if necessary, and cut in 3 or 4 inch stalks</item></ing>
      <ing>
        <amt>
          <qty>1/4</qty>
          <unit>cups</unit></amt>
        <item>Water (up to)</item></ing>
      <ing>
        <amt>
          <qty>1 1/2</qty>
          <unit>cups</unit></amt>
        <item>Sugar</item></ing>
      <ing>
        <amt>
          <qty>1</qty>
          <unit>dash</unit></amt>
        <item>Salt</item></ing></ingredients>
    <directions>
      <step>  From: Pat Gold &lt;plgold@ix.netcom.com&gt; (COLLECTION)
  
  Date: 16 Jun 1995 12:39:57 +0100
  
  Arrange the rhubarb in a 1-1/2 -quart casserole with a cover. Add the
  water, sugar to taste, and salt. Cover tightly and bake at 350 degrees 20
  to 25 minutes or until tender. Chill and serve. Cooked rhubarb is good
  served with heavy cream or sour cream, witih fresh strawberries if you
  like.
  
  REC.FOOD.RECIPES ARCHIVES
  
  /FRUIT
  
  From rec.food.cooking archives.  Downloaded from Glen's MM Recipe Archive,
  http://www.erols.com/hosey.
 
</step></directions></recipe></recipeml>
