<?xml version="1.0" encoding="UTF-8"?>

<recipeml version="0.5">
  <recipe>
    <head>
      <title>Baked Scallops</title>
      <categories>
        <cat>None</cat></categories>
      <yield>4</yield></head>
    <ingredients>
      <ing>
        <amt>
          <qty>1</qty>
          <unit>tablespoon</unit></amt>
        <item>Butter</item></ing>
      <ing>
        <amt>
          <qty>1/4</qty>
          <unit>cups</unit></amt>
        <item>Dry white wine</item></ing>
      <ing>
        <amt>
          <qty/>
          <unit/></amt>
        <item>Lemon juice</item></ing>
      <ing>
        <amt>
          <qty>1/2</qty>
          <unit/></amt>
        <item>Thyme</item></ing>
      <ing>
        <amt>
          <qty>1</qty>
          <unit>pound</unit></amt>
        <item>Scallops rinsed</item></ing></ingredients>
    <directions>
      <step>  Heat butter wine lemon juice and thyme pour over scallops. Marinate for
  15-20 minutes at room temperature. Bake at 450 for 5-6 minutes. Do not
  overcook.
  
  Posted to KitMailbox Digest  by Brandy Chicoine &lt;bnb86@alice.icanect.net&gt;
  on Nov 23, 1997
 
</step></directions></recipe></recipeml>
