<?xml version="1.0" encoding="UTF-8"?>

<recipeml version="0.5">
  <recipe>
    <head>
      <title>Baked Scallops Aux Herbes</title>
      <categories>
        <cat>Shellfish</cat></categories>
      <yield>1</yield></head>
    <ingredients>
      <ing>
        <amt>
          <qty>3</qty>
          <unit>pounds</unit></amt>
        <item>Scallops, sea or bay</item></ing>
      <ing>
        <amt>
          <qty>4</qty>
          <unit>tablespoons</unit></amt>
        <item>Butter</item></ing>
      <ing>
        <amt>
          <qty>1/4</qty>
          <unit>cups</unit></amt>
        <item>Dry white wine</item></ing>
      <ing>
        <amt>
          <qty>1/2</qty>
          <unit>cups</unit></amt>
        <item>Parsley, fresh; firmly packed (1/4 cup minced)</item></ing>
      <ing>
        <amt>
          <qty>5</qty>
          <unit>tablespoons</unit></amt>
        <item>Chives; snipped</item></ing>
      <ing>
        <amt>
          <qty>1</qty>
          <unit/></amt>
        <item>Garlic cloves, minced</item></ing>
      <ing>
        <amt>
          <qty>6</qty>
          <unit/></amt>
        <item>Shallots; peeled</item></ing>
      <ing>
        <amt>
          <qty>2</qty>
          <unit>teaspoons</unit></amt>
        <item>Basil</item></ing>
      <ing>
        <amt>
          <qty>1</qty>
          <unit>teaspoon</unit></amt>
        <item>Salt</item></ing>
      <ing>
        <amt>
          <qty/>
          <unit/></amt>
        <item>Pepper</item></ing></ingredients>
    <directions>
      <step>  Wash and drain scallops.  If using large sea scallops, cut each into 2 or 3
  equal slices.  Divide scallops among 8 individual ramekins or a 13-inch
  gratin dish.
  
  Melt butter, mix with wine
  
  Mince parsley and chives together.  Set aside 1 TBL, stir rest into butter
  mixture.  Add seasonings, pour over scallops and cover with foil. The
  scallops can be prepared up to 4 hours in advance, refrigerated.
  
  Preheat oven to 425^.  Bake ramekins 10 minutes, gratin dish 20-25 minutes
  or until scallop liquid froths.  Watch carefully--overcooked scallops are
  tough.
  
  Sprinkle with reserved parsley mixture.
  Posted to MM-Recipes Digest V3 #240
  
  Date: Mon, 02 Sep 96 19:58:46 -0300
  
  From: "Patricia Lange" &lt;patlange@eznet.net&gt;
 
</step></directions></recipe></recipeml>
