<?xml version="1.0" encoding="UTF-8"?>

<recipeml version="0.5">
  <recipe>
    <head>
      <title>Baked Red Snapper with Sour Cream Stuffing</title>
      <categories>
        <cat>Main dish</cat>
        <cat>Fish</cat></categories>
      <yield>6</yield></head>
    <ingredients>
      <ing-div>
        <title>FISH</title>
        <ing>
          <amt>
            <qty>4</qty>
            <unit>pounds</unit></amt>
          <item>Red snapper; dressed</item></ing>
        <ing>
          <amt>
            <qty>1 1/2</qty>
            <unit>teaspoons</unit></amt>
          <item>Salt</item></ing>
        <ing>
          <amt>
            <qty/>
            <unit/></amt>
          <item>Pepper</item></ing>
        <ing>
          <amt>
            <qty>2</qty>
            <unit>tablespoons</unit></amt>
          <item>Butter</item></ing></ing-div>
      <ing-div>
        <title>STUFFING</title>
        <ing>
          <amt>
            <qty>3/4</qty>
            <unit>cups</unit></amt>
          <item>Onion; chopped</item></ing>
        <ing>
          <amt>
            <qty>1/4</qty>
            <unit>cups</unit></amt>
          <item>Butter; melted (or oil)</item></ing>
        <ing>
          <amt>
            <qty>1/2</qty>
            <unit>cups</unit></amt>
          <item>Sour cream</item></ing>
        <ing>
          <amt>
            <qty>1/4</qty>
            <unit>cups</unit></amt>
          <item>Lemon; diced, peeled</item></ing>
        <ing>
          <amt>
            <qty>1</qty>
            <unit>teaspoon</unit></amt>
          <item>Paprika</item></ing>
        <ing>
          <amt>
            <qty>1/2</qty>
            <unit>cups</unit></amt>
          <item>Celery; chopped</item></ing>
        <ing>
          <amt>
            <qty>1</qty>
            <unit>quart</unit></amt>
          <item>Dry bread crumbs</item></ing>
        <ing>
          <amt>
            <qty>1/2</qty>
            <unit>teaspoons</unit></amt>
          <item>Dill</item></ing>
        <ing>
          <amt>
            <qty>2</qty>
            <unit>tablespoons</unit></amt>
          <item>Grated lemon rind</item></ing>
        <ing>
          <amt>
            <qty>1</qty>
            <unit>teaspoon</unit></amt>
          <item>Salt</item></ing></ing-div></ingredients>
    <directions>
      <step>  Stuffing: Cook celery and onion in butter or oil until tender. Mix sour
  cream and dill then combine all ingredients and mix thoroughly. Makes about
  one quart stuffing.
  
  Fish: Clean, wash and dry fish. Sprinkle inside and out with salt and
  pepper. Stuff fish loosely.  Close opening with toothpicks. Place fish in
  well greased baking pan. Brush with melted butter or oil. Bake in moderate
  oven at 350 degrees for 50 to 60 minutes or until fish flakes easily. Baste
  occasionally with butter or oil.
  
  Serves 6.
  
  SOURCE: 1979 New Orleans Times-Picayune Recipe Contest Cookbook Typed for
  you by Nancy Coleman
 
</step></directions></recipe></recipeml>
