<?xml version="1.0" encoding="UTF-8"?>

<recipeml version="0.5">
  <recipe>
    <head>
      <title>Baked Salmon in White Wine</title>
      <categories>
        <cat>Fish</cat>
        <cat>Seafood</cat></categories>
      <yield>8</yield></head>
    <ingredients>
      <ing>
        <amt>
          <qty>3</qty>
          <unit>pounds</unit></amt>
        <item>Salmon Fillet</item></ing>
      <ing>
        <amt>
          <qty>1/2</qty>
          <unit>medium</unit></amt>
        <item>Onion -- sliced 1/4" thick</item></ing>
      <ing>
        <amt>
          <qty>3</qty>
          <unit/></amt>
        <item>Shallots -- minced</item></ing>
      <ing>
        <amt>
          <qty>1</qty>
          <unit>cup</unit></amt>
        <item>Mushrooms -- sliced</item></ing>
      <ing>
        <amt>
          <qty>1</qty>
          <unit>tablespoon</unit></amt>
        <item>Lemon Juice</item></ing>
      <ing>
        <amt>
          <qty/>
          <unit/></amt>
        <item>Salt And Pepper -- to</item></ing>
      <ing>
        <amt>
          <qty/>
          <unit/></amt>
        <item>Individual taste</item></ing>
      <ing>
        <amt>
          <qty/>
          <unit>pinches</unit></amt>
        <item>Nutmeg</item></ing>
      <ing>
        <amt>
          <qty/>
          <unit>pinches</unit></amt>
        <item>Cloves, Ground</item></ing>
      <ing>
        <amt>
          <qty/>
          <unit/></amt>
        <item>Dry White Wine</item></ing>
      <ing>
        <amt>
          <qty>2</qty>
          <unit>tablespoons</unit></amt>
        <item>Brandy</item></ing>
      <ing>
        <amt>
          <qty>2</qty>
          <unit>tablespoons</unit></amt>
        <item>Flour</item></ing>
      <ing>
        <amt>
          <qty>2</qty>
          <unit>tablespoons</unit></amt>
        <item>Soft Butter</item></ing>
      <ing>
        <amt>
          <qty/>
          <unit>dashes</unit></amt>
        <item>Cayenne</item></ing>
      <ing>
        <amt>
          <qty/>
          <unit/></amt>
        <item>Parsley Sprigs -- optional</item></ing>
      <ing>
        <amt>
          <qty/>
          <unit/></amt>
        <item>Lemon Slices -- optional</item></ing></ingredients>
    <directions>
      <step>  Dry fish with paper towels.  Butter a large baking dish and arrange fish in
  it. Separate onions into rings. Scatter over fish. Combine shallots,
  mushrooms, lemon juice, salt, pepper, nutmeg and cloves. Sprinkle over fish
  and onions. Almost cover fish with wine. Bake at 350'F. for 20 to 30
  minutes, or until fish flakes.  Remove from oven. With a baster, remove all
  cooking liquid to a small saucepaan. Reduce liquid over high heat to 1-1/4
  cups.  Warm brandy in a ladle. Light it carefully. Pour flaming brandy into
  reduced liquid. Cream together flour and butter. Add to liquid. Stir
  mixture constantly over medium heat. When thick, add cayenne and pour over
  fish. Garnish with parsley and lemons.
  
  Recipe By     : Gary Watson &lt;watson@rahul.net&gt;
  
  File ftp://ftp.idiscover.co.uk/pub/food/mealmaster/recipes/mmdja006.zip
 
</step></directions></recipe></recipeml>
