<?xml version="1.0" encoding="UTF-8"?>

<recipeml version="0.5">
  <recipe>
    <head>
      <title>Baked Sea Bass with Black-Olive Sauce</title>
      <categories>
        <cat>Seafood</cat></categories>
      <yield>4</yield></head>
    <ingredients>
      <ing>
        <amt>
          <qty>4</qty>
          <unit/></amt>
        <item>Cloves garlic; minced</item></ing>
      <ing>
        <amt>
          <qty>1</qty>
          <unit>cup</unit></amt>
        <item>Pitted black olives; chopped</item></ing>
      <ing>
        <amt>
          <qty>1</qty>
          <unit>teaspoon</unit></amt>
        <item>Crumbled dried oregano</item></ing>
      <ing>
        <amt>
          <qty>1</qty>
          <unit>teaspoon</unit></amt>
        <item>Crumbled dried basil</item></ing>
      <ing>
        <amt>
          <qty>2</qty>
          <unit>tablespoons</unit></amt>
        <item>Minced parsley</item></ing>
      <ing>
        <amt>
          <qty/>
          <unit/></amt>
        <item>Salt</item></ing>
      <ing>
        <amt>
          <qty/>
          <unit/></amt>
        <item>Freshly ground pepper</item></ing>
      <ing>
        <amt>
          <qty>1/4</qty>
          <unit>cups</unit></amt>
        <item>Olive oil</item></ing>
      <ing>
        <amt>
          <qty>2</qty>
          <unit>pounds</unit></amt>
        <item>Sea bass fillets (4 to 6 ea)</item></ing>
      <ing>
        <amt>
          <qty>1/2</qty>
          <unit>cups</unit></amt>
        <item>Vegetable stock -OR- dry white wine</item></ing></ingredients>
    <directions>
      <step>     Combine garlic, olives, oregano, basil and parsley in small bowl. Season
  to taste with salt and pepper.
     Heat oil in 13x9-inch glass baking dish at 425 degrees 1 minute. Spread
  olive mixture evenly over bottom of baking dish. Arrange sea bass, skin
  side up, on top. Pour vegetable stock around fillets. Bake, basting
  occasionally with juices, 15 minutes or until done. To serve, arrange
  fillets and olive mixture on heated serving plates. Makes 4 servings. Each
  serving contains about:  361 calories; 393 mg sodium; 145 mg cholesterol;
  17 grams fat; 2 grams carbohydrates; 33 grams protein; 0.07 gram fiber.
  
  From Gemini's MASSIVE MealMaster collection at www.synapse.com/~gemini
 
</step></directions></recipe></recipeml>
