<?xml version="1.0" encoding="UTF-8"?>

<recipeml version="0.5">
  <recipe>
    <head>
      <title>Baked Scallops</title>
      <categories>
        <cat/></categories>
      <yield>100</yield></head>
    <ingredients>
      <ing>
        <amt>
          <qty>30</qty>
          <unit>pounds</unit></amt>
        <item>SCALLOPS</item></ing>
      <ing>
        <amt>
          <qty>1</qty>
          <unit>pound</unit></amt>
        <item>BUTTER PRINT SURE</item></ing>
      <ing>
        <amt>
          <qty>2 2/3</qty>
          <unit>tablespoons</unit></amt>
        <item>GARLIC DEHY GRA</item></ing>
      <ing>
        <amt>
          <qty>1 1/3</qty>
          <unit>cups</unit></amt>
        <item>LEMON FRESH</item></ing>
      <ing>
        <amt>
          <qty>1/2</qty>
          <unit>cups</unit></amt>
        <item>PARSLEY DEHY #2 1/2</item></ing>
      <ing>
        <amt>
          <qty>1 1/2</qty>
          <unit>pounds</unit></amt>
        <item>BREAD SNDWICH 22OZ #51</item></ing>
      <ing>
        <amt>
          <qty>2</qty>
          <unit>teaspoons</unit></amt>
        <item>PEPPER BLACK 1 LB CN</item></ing>
      <ing>
        <amt>
          <qty>1 2/3</qty>
          <unit>tablespoons</unit></amt>
        <item>BASIL SWEET GROUND</item></ing>
      <ing>
        <amt>
          <qty>1</qty>
          <unit>teaspoon</unit></amt>
        <item>PAPRIKA GROUND</item></ing>
      <ing>
        <amt>
          <qty>2 1/4</qty>
          <unit>teaspoons</unit></amt>
        <item>SALT TABLE 5LB</item></ing>
      <ing>
        <amt>
          <qty>PAN:</qty>
          <unit>12</unit></amt>
        <item>BY 20 BY 2 1/2" STEAM TABLE PAN         TEMPERATURE:  350F. OVEN</item></ing></ingredients>
    <directions>
      <step>  1.  WASH SCALLOPS THOROUGHLY; CUT LARGE ONES IN HALF. DRAIN WELL.
  
  2.  SOAK SCALLOPS IN LEMON JUICE 5-10 MINUTES.  SET ASIDE FOR USE IN STEP
  4.
  
  3.  MIX BREAD CRUMBS, SALT, PEPPER, PAPRIKA, BASIL AND GARLIC.
  
  4.  DRAIN SCALLOPS.  DREDGE SCALLOPS IN SEASONED BREAD CRUMBS.  PLACE AN
  EQUAL QUANTITY OF SCALLOPS IN EACH PAN.
  
  5.  DRIZZLE 1/2 CUP MELTED BUTTER OR MARGARINE OVER TOPS OF SCALLOPS IN
  EACH
  PAN.  BAKE 30 MINUTES.
  
  6.  REMOVE FROM OVEN; SPRINKLE EACH PAN WITH 2 TBSP PARSLEY.  SERVE
  IMMEDIATELY.
  
  NOTE:  1.  IN STEP 2, 2 LB LEMONS A.P. (8 LEMONS) WILL YIELD 1 1/3 CUPS
  JUICE
  
  2.  IN STEP 2, 1/3 CUP FROZEN LEMON JUICE CONCENTRATE AND 1 CUP COLD
  WATER MAY BE USED FOR JUICE.
  
  3.  IN STEP 4, OTHER SIZES AND TYPES OF PANS MAY BE USED.  SEE RECIPE
  NO. A-25.
  
  4.  IN STEP 5, IF CONVECTION OVEN IS USED, BAKE AT 350F. 20 MINUTES ON
  HIGH FAN, CLOSED VENT.
  
  5.  IN STEP 6, 4 1/2 OZ (2 CUPS) CHOPPED FRESH PARSLEY A.P. MAY BE
  USED.  SEE RECIPE NO. A-11.
  
  Recipe Number: L18000
  
  SERVING SIZE: 6 TO 12 SC
  
  From the &lt;Army Master Recipe Index File&gt; (actually used today!).
  Downloaded from Glen's MM Recipe Archive, http://www.erols.com/hosey.
 
</step></directions></recipe></recipeml>
