<?xml version="1.0" encoding="UTF-8"?>

<recipeml version="0.5">
  <recipe>
    <head>
      <title>Baked Scrambled Egg Casserole</title>
      <categories>
        <cat>None</cat></categories>
      <yield>1</yield></head>
    <ingredients>
      <ing>
        <amt>
          <qty>2</qty>
          <unit>tablespoons</unit></amt>
        <item>Margarine or butter</item></ing>
      <ing>
        <amt>
          <qty>1 1/2</qty>
          <unit>cups</unit></amt>
        <item>Cooked ham; chopped</item></ing>
      <ing>
        <amt>
          <qty>1/2</qty>
          <unit>cups</unit></amt>
        <item>Green onions; sliced</item></ing>
      <ing>
        <amt>
          <qty>1</qty>
          <unit>can</unit></amt>
        <item>Cream of mushroom soup</item></ing>
      <ing>
        <amt>
          <qty>12</qty>
          <unit/></amt>
        <item>Eggs</item></ing>
      <ing>
        <amt>
          <qty>4</qty>
          <unit>ounces</unit></amt>
        <item>Cheddar cheese; shredded</item></ing>
      <ing>
        <amt>
          <qty>1/2</qty>
          <unit>cups</unit></amt>
        <item>Half &amp; Half or cream</item></ing></ingredients>
    <directions>
      <step>  These recipes come from Culinary Cyber Sleuth. The first one has no chiles
  but think they would make a wonderful addition and it sounds great for a
  special holiday occasion, as does the 2nd one.
  
  Heat oven to 250 degrees. Grease a 2-quart casserole. In large skillet,
  melt margarine. Saute onions until crisp tender. In large bowl, beat eggs;
  stir in half &amp; half and ham. Pour egg mixture into skillet with onions; mix
  well. Cook over medium heat. As mixture begins to set, gently lift cooked
  portions with spatula so that thin uncooked portions can flow to bottom.
  Avoid constant stirring. Cook until eggs thickened throughout; spoon into
  prepared casserole dish. Pour soup evenly over top. Bake at 250 degrees for
  30 minutes; sprinkle with cheddar cheese and bake 10-15 minutes longer.
  
  Posted to CHILE-HEADS DIGEST V4 #202 by Judy Howle &lt;howle@ebicom.net&gt; on
  Nov 16, 1997
 
</step></directions></recipe></recipeml>
