<?xml version="1.0" encoding="UTF-8"?>

<recipeml version="0.5">
  <recipe>
    <head>
      <title>Baked Red Snapper Italian Style</title>
      <categories>
        <cat>Main dish</cat>
        <cat>Fish</cat></categories>
      <yield>1</yield></head>
    <ingredients>
      <ing>
        <amt>
          <qty>3</qty>
          <unit>pounds</unit></amt>
        <item>Red Snapper or Bass</item></ing>
      <ing>
        <amt>
          <qty>1</qty>
          <unit/></amt>
        <item>Clove garlic, chopped fine</item></ing>
      <ing>
        <amt>
          <qty/>
          <unit/></amt>
        <item>Salt &amp; pepper to taste</item></ing>
      <ing>
        <amt>
          <qty/>
          <unit/></amt>
        <item>Italian cheese</item></ing>
      <ing>
        <amt>
          <qty>1</qty>
          <unit>small</unit></amt>
        <item>Can tomatoes</item></ing>
      <ing>
        <amt>
          <qty>1 1/2</qty>
          <unit>cups</unit></amt>
        <item>Bread crumbs (Progresso)</item></ing>
      <ing>
        <amt>
          <qty>1/4</qty>
          <unit>cups</unit></amt>
        <item>Grated cheese (Romano, etc.)</item></ing>
      <ing>
        <amt>
          <qty/>
          <unit/></amt>
        <item>Mint leaves</item></ing>
      <ing>
        <amt>
          <qty>1</qty>
          <unit>tablespoon</unit></amt>
        <item>Oil</item></ing>
      <ing>
        <amt>
          <qty/>
          <unit/></amt>
        <item>Onion slices</item></ing>
      <ing>
        <amt>
          <qty>3</qty>
          <unit/></amt>
        <item>Lemon slices</item></ing></ingredients>
    <directions>
      <step>     Mix bread crumbs, grated cheese and 3 finely chopped mint leaves
  (optional); stuff fish, close and fasten with toothpick(s). Grease baking
  pan with tablespoon of oil and place fish it it, slit fish on upturned side
  and in each slit, place 1 small pc. cheese, 1 small slice on onion and 1
  mint leaf.  Pour tomatoes over fish and arrange 3 thin slices of lemon on
  top.  Bake at 350 F. for 1 hr., basting regularly. Cover during last 15
  minutes of cooking. Courtesy Telephone Pioneers BillSpalding *P CRBR 38 A
  
  From Gemini's MASSIVE MealMaster collection at www.synapse.com/~gemini
 
</step></directions></recipe></recipeml>
