<?xml version="1.0" encoding="UTF-8"?>

<recipeml version="0.5">
  <recipe>
    <head>
      <title>Baked Shrimp</title>
      <categories>
        <cat>Seafood</cat></categories>
      <yield>2</yield></head>
    <ingredients>
      <ing>
        <amt>
          <qty>1/2</qty>
          <unit>pounds</unit></amt>
        <item>Shrimp; peeled and deveined</item></ing>
      <ing>
        <amt>
          <qty>1/4</qty>
          <unit>cups</unit></amt>
        <item>Plain bread crumbs</item></ing>
      <ing>
        <amt>
          <qty/>
          <unit/></amt>
        <item>Salt and pepper to taste</item></ing>
      <ing>
        <amt>
          <qty>1</qty>
          <unit>teaspoon</unit></amt>
        <item>Margarine or butter</item></ing>
      <ing>
        <amt>
          <qty>1/4</qty>
          <unit>cups</unit></amt>
        <item>Dry white wine</item></ing>
      <ing>
        <amt>
          <qty>2</qty>
          <unit>tablespoons</unit></amt>
        <item>Parmesan cheese; grated</item></ing>
      <ing>
        <amt>
          <qty>Date:</qty>
          <unit>24</unit></amt>
        <item>Mar 96 22:44:25 EST</item></ing></ingredients>
    <directions>
      <step>  From: "Lisabeth Crawford (Pooh)" &lt;104105.1416@compuserve.com&gt;
  Preheat oven to 350 degrees. Place shrimp in a small baking dish just large
  enough to hold them in one layer. Sprinkle with bread crumbs and salt and
  pepper to taste. Toss to make sure shrimp are coated with bread crumbs Cut
  margarine into pieces and divide it among the shrimp. Pour wine into the
  baking dish and bake for 10 minutes. Remove from oven and turn on broiler.
  Sprinkle top with Parmesan cheese and place under broiler for 5 to 10
  seconds. Watch them carefully. They will brown quickly.
  
  Nutritional info per serving: 205 cal; 22g pro, 10g carb, 6g fat (26%)
  
  Source: Miami Herald 3/21/96 from Linda Gassenheimer's column Dinner in
  Minutes
  
  MM-RECIPES@IDISCOVER.NET
  
  MEAL-MASTER RECIPES LIST SERVER
  
  MM-RECIPES DIGEST V3 #85
  
  From the MealMaster recipe list.  Downloaded from Glen's MM Recipe Archive,
  http://www.erols.com/hosey.
 
</step></directions></recipe></recipeml>
