<?xml version="1.0" encoding="UTF-8"?>

<recipeml version="0.5">
  <recipe>
    <head>
      <title>Baked Rice #6</title>
      <categories>
        <cat>Rice</cat></categories>
      <yield>4</yield></head>
    <ingredients>
      <ing>
        <amt>
          <qty>1/2</qty>
          <unit>cups</unit></amt>
        <item>Chopped onion</item></ing>
      <ing>
        <amt>
          <qty>1/4</qty>
          <unit>cups</unit></amt>
        <item>Butter (pareve margarine)</item></ing>
      <ing>
        <amt>
          <qty>1</qty>
          <unit>cup</unit></amt>
        <item>Long grain rice</item></ing>
      <ing>
        <amt>
          <qty>2</qty>
          <unit>cups</unit></amt>
        <item>Boiling chicken broth or water</item></ing>
      <ing>
        <amt>
          <qty>2</qty>
          <unit>tablespoons</unit></amt>
        <item>Melted butter(pareve margarine)</item></ing></ingredients>
    <directions>
      <step>  From: "Judith B. Sherman" &lt;jsherman@ici.net&gt;
  
  Date: Fri, 26 Jul 1996 20:15:31 -0400
  I've used this recipe from the Joy of Cooking for many years.  It is one of
  the very few recipes that I use from this book.
  
  Preheat oven to 375.  Cook onion in butter (pareve margarine) until
  translucent.  Add rice, and stir until well coated.  Add boiling chicken
  broth or water. Cover and bake for about 18 minutes. Gently mix butter with
  the rice. Serve the rice at once.
  
  JEWISH-FOOD digest 282
  
  From the Jewish Food recipe list.  Downloaded from Glen's MM Recipe
  Archive, http://www.erols.com/hosey.
 
</step></directions></recipe></recipeml>
