<?xml version="1.0" encoding="UTF-8"?>

<recipeml version="0.5">
  <recipe>
    <head>
      <title>Arbol Chile Con Carne</title>
      <categories>
        <cat>Meat</cat></categories>
      <yield>4</yield></head>
    <ingredients>
      <ing>
        <amt>
          <qty>1</qty>
          <unit>tablespoon</unit></amt>
        <item>Vegetable oil</item></ing>
      <ing>
        <amt>
          <qty>1</qty>
          <unit/></amt>
        <item>Chopped onion</item></ing>
      <ing>
        <amt>
          <qty>1</qty>
          <unit/></amt>
        <item>Seeded; chopped green pepper</item></ing>
      <ing>
        <amt>
          <qty>12</qty>
          <unit>ounces</unit></amt>
        <item>Minced beef</item></ing>
      <ing>
        <amt>
          <qty>8</qty>
          <unit>ounces</unit></amt>
        <item>Stewing beef cut into 1cm (0.5 inch) cubes</item></ing>
      <ing>
        <amt>
          <qty>1/2</qty>
          <unit>pints</unit></amt>
        <item>Chicken stock</item></ing>
      <ing>
        <amt>
          <qty>3</qty>
          <unit/></amt>
        <item>Whole dried arbol chiles</item></ing>
      <ing>
        <amt>
          <qty>2</qty>
          <unit>tablespoons</unit></amt>
        <item>Ground cumin</item></ing>
      <ing>
        <amt>
          <qty>2</qty>
          <unit>tablespoons</unit></amt>
        <item>Chili powder</item></ing>
      <ing>
        <amt>
          <qty>2</qty>
          <unit>tablespoons</unit></amt>
        <item>Gralic granules</item></ing>
      <ing>
        <amt>
          <qty/>
          <unit/></amt>
        <item>Salt and pepper</item></ing></ingredients>
    <directions>
      <step>  From: gcaselton@easynet.co.uk (Graeme Caselton BSc(Open))
  
  Date: Mon, 2 Sep 1996 19:06:58 +0200
  Heat oil in large saucepan over medium heat. Add the onion and green pepper
  and saute until both are wilted, about 5 minutes.  Remove from pan and set
  aside.
  
  Put the minced and cubed beef into the saucepan and saute throughly until
  cooked, about 10 minutes. Drain off fat and put cooked green pepper and
  onion back into pan with the beef.
  
  Add the chicken stock, arbol chiles, cumin, chili powder, garlic and salt
  and pepper to taste. Simmer over medium-low heat until most of the liquid
  has evaporated, about 1 hour.
  
  Serve with white beans or pasta, either combined with the chili or on the
  side.  Serves 4.
  
  From 'Peppers - A Cookbook' By 'Robert Berkley'
  
  CHILE-HEADS DIGEST V3 #092
  
  From the Chile-Heads recipe list.  Downloaded from Glen's MM Recipe
  Archive, http://www.erols.com/hosey.
 
</step></directions></recipe></recipeml>
