<?xml version="1.0" encoding="UTF-8"?>

<recipeml version="0.5">
  <recipe>
    <head>
      <title>Arby's Sauce</title>
      <categories>
        <cat>Condiments</cat></categories>
      <yield>1</yield></head>
    <ingredients>
      <ing>
        <amt>
          <qty>1</qty>
          <unit>cup</unit></amt>
        <item>Catsup</item></ing>
      <ing>
        <amt>
          <qty>2</qty>
          <unit>teaspoons</unit></amt>
        <item>Water</item></ing>
      <ing>
        <amt>
          <qty>1/4</qty>
          <unit>teaspoons</unit></amt>
        <item>Garlic powder</item></ing>
      <ing>
        <amt>
          <qty>1/4</qty>
          <unit>teaspoons</unit></amt>
        <item>Onion powder</item></ing>
      <ing>
        <amt>
          <qty>1/4</qty>
          <unit>teaspoons</unit></amt>
        <item>Pepper</item></ing>
      <ing>
        <amt>
          <qty>1/4</qty>
          <unit>teaspoons</unit></amt>
        <item>Salt</item></ing>
      <ing>
        <amt>
          <qty>1/2</qty>
          <unit>teaspoons</unit></amt>
        <item>Tabasco sauce -- or similar</item></ing>
      <ing>
        <amt>
          <qty/>
          <unit/></amt>
        <item>Hot sauce</item></ing></ingredients>
    <directions>
      <step>  Date: Mon, 20 May 1996 21:45:36 -0400
  
  From: IWarfield2@aol.com
  
  In a small saucepan, combine all the ingredients and cook over medium heat,
  stirring frequently, for 5 - 10 minutes or until the sauce begins to boil.
  Remove the sauce from the heat; cover and cool.  Pour into a covered
  container for storage.  Will keep for at least a month in the refrigerator.
  
  Makes 1 cup.
  
  Formatted by Ilene Warfield.
  
  Recipe By     : _More Top Secret Recipes_ by Todd Wilbur
  
  Posted to MealMaster Recipes List, Digest #141
 
</step></directions></recipe></recipeml>
