<?xml version="1.0" encoding="UTF-8"?>

<recipeml version="0.5">
  <recipe>
    <head>
      <title>Arcadian 8 Bean Chili</title>
      <categories>
        <cat>Tex-mex</cat>
        <cat>Main dish</cat></categories>
      <yield>25</yield></head>
    <ingredients>
      <ing>
        <amt>
          <qty/>
          <unit/></amt>
        <item>Anne Rosensweig's</item></ing>
      <ing>
        <amt>
          <qty>1/4</qty>
          <unit>pounds</unit></amt>
        <item>Ea of the following dried</item></ing>
      <ing>
        <amt>
          <qty/>
          <unit/></amt>
        <item>Beans:kidney, white, pink</item></ing>
      <ing>
        <amt>
          <qty/>
          <unit/></amt>
        <item>Black, red, pinto,cranberry</item></ing>
      <ing>
        <amt>
          <qty/>
          <unit/></amt>
        <item>And navy</item></ing>
      <ing>
        <amt>
          <qty>1</qty>
          <unit>pound</unit></amt>
        <item>Bacon</item></ing>
      <ing>
        <amt>
          <qty/>
          <unit>large</unit></amt>
        <item>Onions -- peeled/chopped</item></ing>
      <ing>
        <amt>
          <qty>2/3</qty>
          <unit>cups</unit></amt>
        <item>Minced garlic</item></ing>
      <ing>
        <amt>
          <qty>1/4</qty>
          <unit>cups</unit></amt>
        <item>Coriander seeds --</item></ing>
      <ing>
        <amt>
          <qty/>
          <unit/></amt>
        <item>Ground/toast</item></ing>
      <ing>
        <amt>
          <qty>1/4</qty>
          <unit>cups</unit></amt>
        <item>Ground cinnamon</item></ing>
      <ing>
        <amt>
          <qty>1/4</qty>
          <unit>cups</unit></amt>
        <item>Paprika</item></ing>
      <ing>
        <amt>
          <qty>1/4</qty>
          <unit>cups</unit></amt>
        <item>Cayenne pepper -- or to</item></ing>
      <ing>
        <amt>
          <qty/>
          <unit/></amt>
        <item>Taste</item></ing>
      <ing>
        <amt>
          <qty>1/2</qty>
          <unit>cups</unit></amt>
        <item>Ground dried Poblano chili</item></ing>
      <ing>
        <amt>
          <qty/>
          <unit/></amt>
        <item>Peppers</item></ing>
      <ing>
        <amt>
          <qty>108</qty>
          <unit>ounces</unit></amt>
        <item>(#10 can) Italian plum..</item></ing>
      <ing>
        <amt>
          <qty/>
          <unit/></amt>
        <item>Tomatoes -- with juice</item></ing>
      <ing>
        <amt>
          <qty>12</qty>
          <unit>ounces</unit></amt>
        <item>Beer</item></ing>
      <ing>
        <amt>
          <qty/>
          <unit/></amt>
        <item>Salt to taste</item></ing></ingredients>
    <directions>
      <step>  In a large pot, soak the beans together overnight in water to cover. Drain
  and add fresh water to cover. Cook at a simmer for 1 1/2 hours or until
  beans are just tender. While the beans are simmering, heat a large skillet.
  Mince the bacon and cook it until it begins to crisp. Add the onions and
  garlic and cook over medium heat for 5 minutes. Add all the spices and the
  ground Poblanos and cook another 5 minutes. Add the tomatoes with their
  juice and the beer. Simmer for half an hour. In another pan, cook the beef
  until the pink color disappears. Drain adn add it to tomatoe mixture. When
  the beans are fully cooked, drain them, reserving the liquid, and add the
  beans to the meat/tomato mixture. Salt to taste and let the mixture simmer
  for about 1 hour. If it is too dry, add some of the bean liquid.
  
  Recipe By     :
  
  File ftp://ftp.idiscover.co.uk/pub/food/mealmaster/recipes/mmdja006.zip
 
</step></directions></recipe></recipeml>
