<?xml version="1.0" encoding="UTF-8"?>

<recipeml version="0.5">
  <recipe>
    <head>
      <title>Arcadian Garlic Soup</title>
      <categories>
        <cat>Soups/stews</cat></categories>
      <yield>4</yield></head>
    <ingredients>
      <ing>
        <amt>
          <qty/>
          <unit/></amt>
        <item>15 to 20 cloves garlic,</item></ing>
      <ing>
        <amt>
          <qty/>
          <unit/></amt>
        <item>;unpeeled</item></ing>
      <ing>
        <amt>
          <qty>5</qty>
          <unit>tablespoons</unit></amt>
        <item>Olive oil</item></ing>
      <ing>
        <amt>
          <qty>5</qty>
          <unit>cups</unit></amt>
        <item>Chicken or veal stock</item></ing>
      <ing>
        <amt>
          <qty>2</qty>
          <unit>teaspoons</unit></amt>
        <item>Fresh thyme</item></ing>
      <ing>
        <amt>
          <qty>1/2</qty>
          <unit>teaspoons</unit></amt>
        <item>Salt</item></ing>
      <ing>
        <amt>
          <qty/>
          <unit/></amt>
        <item>White pepper</item></ing>
      <ing>
        <amt>
          <qty>3</qty>
          <unit/></amt>
        <item>Egg yolks</item></ing>
      <ing>
        <amt>
          <qty/>
          <unit/></amt>
        <item>Sliced French bread or toast</item></ing>
      <ing>
        <amt>
          <qty/>
          <unit/></amt>
        <item>Grated cheese</item></ing></ingredients>
    <directions>
      <step>  Blanch the garlic for 1 minute, drain and peel. Cook it, but do not let it
  brown, in half the oil for 10 minutes. Add the stock, thyme, salt and
  plenty of white pepper. Simmer for 30 minutes and check the seasoning.
  
  Sieve or blend the soup, keeping a few garlic cloves whole. Return the soup
  to its saucepan and keep hot.
  
  Beat the egg yolks and gradually add the remaining oil. Stir a couple of
  spoonfuls of the soup into the egg mixture, remove the soup from the heat
  and add the egg in a thin stream, stirring well.
  
  Serve immediately with sliced French bread or toast, and a sprinkling of
  grated cheese in each bowl.
  
  Variation: Omit the oil and egg yolk mixture and poach six fresh eggs in
  the simmering, unpureed soup.
  
  The Great Garlic Cookbook, by Sophie Hale ISBN 1-55521-801-6
  Posted to MM-Recipes Digest V4 #256 by roy@indy.net (Roy) on Sep 25, 1997
 
</step></directions></recipe></recipeml>
