<?xml version="1.0" encoding="UTF-8"?>

<recipeml version="0.5">
  <recipe>
    <head>
      <title>Arepas Jenesanences (Corn Bread Jenesanen Style)</title>
      <categories>
        <cat>Breads</cat></categories>
      <yield>1</yield></head>
    <ingredients>
      <ing>
        <amt>
          <qty>1</qty>
          <unit/></amt>
        <item>Recipe basic arepa dough</item></ing>
      <ing>
        <amt>
          <qty>2</qty>
          <unit/></amt>
        <item>Egg yolks</item></ing>
      <ing>
        <amt>
          <qty>4</qty>
          <unit>tablespoons</unit></amt>
        <item>Butter -- softened</item></ing>
      <ing>
        <amt>
          <qty>1</qty>
          <unit>cup</unit></amt>
        <item>Muenster cheese -- grated</item></ing>
      <ing>
        <amt>
          <qty/>
          <unit/></amt>
        <item>Butter -- softened</item></ing></ingredients>
    <directions>
      <step>  Knead dough with egg yolks, butter and cheese until smooth. Shape to 4-inch
  discs and cook on a lightly greased griddle until crusty on both sides.
  Serve hot, spread with butter. If desired, 1 tablespoon of grated cheese
  can be sandwiched between 2 very thin rounds of dough before cooking.
  
  NOTES : Entered into MasterCook by Garry Howard - Cambridge, MA
       garhow@hpubmaa.esr.hp.com
  
  File ftp://ftp.idiscover.co.uk/pub/food/mealmaster/recipes/mmdjaxxx.zip
 
</step></directions></recipe></recipeml>
