<?xml version="1.0" encoding="UTF-8"?>

<recipeml version="0.5">
  <recipe>
    <head>
      <title>Argentine Stew in Pumpkin Shell</title>
      <categories>
        <cat>Beef</cat>
        <cat>Vegetables</cat>
        <cat>S_american</cat>
        <cat>Main dish</cat></categories>
      <yield>4</yield></head>
    <ingredients>
      <ing>
        <amt>
          <qty>2</qty>
          <unit>pounds</unit></amt>
        <item>Beef stew meat; cut in 1 1/2" cubes</item></ing>
      <ing>
        <amt>
          <qty>1</qty>
          <unit>large</unit></amt>
        <item>Onion; chopped</item></ing>
      <ing>
        <amt>
          <qty>2</qty>
          <unit/></amt>
        <item>Garlic cloves; minced oil</item></ing>
      <ing>
        <amt>
          <qty>2</qty>
          <unit>large</unit></amt>
        <item>Tomatoes; chopped</item></ing>
      <ing>
        <amt>
          <qty>1</qty>
          <unit>large</unit></amt>
        <item>Green pepper; chopped Salt and pepper sugar</item></ing>
      <ing>
        <amt>
          <qty>1</qty>
          <unit>cup</unit></amt>
        <item>Dried apricots</item></ing>
      <ing>
        <amt>
          <qty>3</qty>
          <unit/></amt>
        <item>White potato; peeled, diced</item></ing>
      <ing>
        <amt>
          <qty>3</qty>
          <unit/></amt>
        <item>Sweet potatoes; peeled,diced</item></ing>
      <ing>
        <amt>
          <qty>2</qty>
          <unit>cups</unit></amt>
        <item>Beef stock</item></ing>
      <ing>
        <amt>
          <qty>1</qty>
          <unit>medium</unit></amt>
        <item>Pumpkin</item></ing>
      <ing>
        <amt>
          <qty/>
          <unit/></amt>
        <item>Butter or margarine; melted use Parve or olive oil</item></ing>
      <ing>
        <amt>
          <qty>1/4</qty>
          <unit>cups</unit></amt>
        <item>Dry sherry</item></ing>
      <ing>
        <amt>
          <qty>1</qty>
          <unit>can</unit></amt>
        <item>Whole kernel corn (1lb)</item></ing></ingredients>
    <directions>
      <step>  Trim any excess fat from beef and cook with onion and garlic in oil until
  meat is browned. Add tomatoes, green pepper, 1 T. salt, 1/2 t. black
  pepper, sugar, apricots, white potatoes, sweet potatoes and broth. Cover
  and simmer for 1 1/2 hours.
  
  Meanwhile, cut top off pumpkin and discard. Scoop out seeds and stringy
  membrane. Brush inside of pumpkin with melted butter and sprinkle lightly
  with salt and pepper. Stir sherry and corn into stew and spoon into pumpkin
  shell.
  
  Place shell in shallow pan and bake at 325F for one hour or until pumpkin
  meat is tender. Place pumpkin in large bowl and ladle out stew, scooping
  out some of pumpkin with each serving. Makes 6-8 servings.
  
  While this is not necessarily just a Halloween recipe, we have made it many
  times for Halloween parties as the main course. I have probably posted it
  before here, but since we have so many new people, thought I would do it
  again. It always gets rave reviews.
  
  Posted on Genie by Sid Kerr;  9/30/92
    Posted to JEWISH-FOOD digest V96 #036
  
    Date: Tue, 24 Sep 1996 17:57:05 +0000
  
    From: BGMB90B@prodigy.com
 
</step></directions></recipe></recipeml>
