<?xml version="1.0" encoding="UTF-8"?>

<recipeml version="0.5">
  <recipe>
    <head>
      <title>Arizona Desert Chili</title>
      <categories>
        <cat>Meats</cat></categories>
      <yield>6</yield></head>
    <ingredients>
      <ing>
        <amt>
          <qty>2</qty>
          <unit>tablespoons</unit></amt>
        <item>Vegetable oil</item></ing>
      <ing>
        <amt>
          <qty>3</qty>
          <unit/></amt>
        <item>Garlic cloves; chopped</item></ing>
      <ing>
        <amt>
          <qty>2</qty>
          <unit/></amt>
        <item>Onions; chopped</item></ing>
      <ing>
        <amt>
          <qty>1</qty>
          <unit/></amt>
        <item>Green bell peppers; chopped</item></ing>
      <ing>
        <amt>
          <qty>3</qty>
          <unit>pounds</unit></amt>
        <item>Beef</item></ing>
      <ing>
        <amt>
          <qty>1</qty>
          <unit>teaspoon</unit></amt>
        <item>Ground cumin</item></ing>
      <ing>
        <amt>
          <qty>1</qty>
          <unit>teaspoon</unit></amt>
        <item>Ground oregano</item></ing>
      <ing>
        <amt>
          <qty>3</qty>
          <unit>tablespoons</unit></amt>
        <item>Chili powder</item></ing>
      <ing>
        <amt>
          <qty>10</qty>
          <unit/></amt>
        <item>Tomatoes; peeled and chopped</item></ing>
      <ing>
        <amt>
          <qty>2</qty>
          <unit/></amt>
        <item>Jalapeño peppers; optional</item></ing>
      <ing>
        <amt>
          <qty>1</qty>
          <unit>can</unit></amt>
        <item>Beer</item></ing></ingredients>
    <directions>
      <step>  * Have beef chopped, not ground.
  
  1. Heat oil in a large heavy skillet. Add garlic, onions and green pepper.
  Sauté until soft, about 5-7 minutes.
  
  2. Add beef and lightly brown on all surfaces. Drain off some of the fat if
  a lot has accumulated. Lean beef trimmed of all fat should not have an
  excess amount, however.
  
  3. Add remaining ingredients and simmer for 1 hour or slightly longer. Put
  a cover on skillet during cooking time, and slightly tilt it so steam can
  escape. Check often and stir to prevent sticking. Skim off fat as it rises.
  Best if allowed to sit, tightly covered, for an hour after cooking is
  complete.
  
  Serving Ideas : Serve with cornbread or cheese biscuits.
  
  NOTES : This chili can be mild or very hot depending upon the use of
  jalapeño peppers. Some chili lovers say you should never put beans in chili
  so this recipe omits them. This recipe is from a truck driver named Sparky
  that we met in Arizona, a firm believer in no-bean chili.
  
  Recipe by: Jo Anne Merrill
  
  Posted to recipelu-digest Volume 01 Number 576 by "catspaw@inetnow.net"
  &lt;catspaw@inetnow.net&gt; on Jan 22, 1998
 
</step></directions></recipe></recipeml>
