<?xml version="1.0" encoding="UTF-8"?>

<recipeml version="0.5">
  <recipe>
    <head>
      <title>Arizona Pecan Chocolate Rum Pie</title>
      <categories>
        <cat>Pies</cat>
        <cat>Desserts</cat></categories>
      <yield>1</yield></head>
    <ingredients>
      <ing>
        <amt>
          <qty>1/4</qty>
          <unit>teaspoons</unit></amt>
        <item>Salt</item></ing>
      <ing>
        <amt>
          <qty>1 1/4</qty>
          <unit>cups</unit></amt>
        <item>Flour</item></ing>
      <ing>
        <amt>
          <qty>1/2</qty>
          <unit>cups</unit></amt>
        <item>Lard; chilled</item></ing>
      <ing>
        <amt>
          <qty>3</qty>
          <unit/></amt>
        <item>Eggs; lightly beaten</item></ing>
      <ing>
        <amt>
          <qty>3</qty>
          <unit>tablespoons</unit></amt>
        <item>Water</item></ing>
      <ing>
        <amt>
          <qty>1/4</qty>
          <unit>teaspoons</unit></amt>
        <item>Vinegar</item></ing>
      <ing>
        <amt>
          <qty>1 1/2</qty>
          <unit>ounces</unit></amt>
        <item>Unsweetened chocolate</item></ing>
      <ing>
        <amt>
          <qty>3</qty>
          <unit>tablespoons</unit></amt>
        <item>Butter</item></ing>
      <ing>
        <amt>
          <qty>3/4</qty>
          <unit>cups</unit></amt>
        <item>Dark corn syrup</item></ing>
      <ing>
        <amt>
          <qty>1/2</qty>
          <unit>cups</unit></amt>
        <item>Brown sugar</item></ing>
      <ing>
        <amt>
          <qty>3/4</qty>
          <unit>teaspoons</unit></amt>
        <item>Vanilla extract</item></ing>
      <ing>
        <amt>
          <qty>1</qty>
          <unit>tablespoon</unit></amt>
        <item>Rum</item></ing>
      <ing>
        <amt>
          <qty>1 1/4</qty>
          <unit>cups</unit></amt>
        <item>Chopped pecans</item></ing></ingredients>
    <directions>
      <step>  Mix the salt into the flour and cut in the lard. Measure out 1 tablespoon
  of the beaten eggs into a small bowl and reserve the remaining eggs. Add
  the water and vinegar to the bowl and stir. Slowly add the liquid to the
  flour and lard, just until the mixture holds together to form a dough.
  Lightly flour a work surface and rolling pin and roll the dough into an
  11-inch circle.  Fit it into a 9-inch pie pan and refrigerate it if you
  plan to finish the pie after several hours, or freeze it if you are
  completing the recipe at this point. This will prevent shrinkage. Melt the
  chocolate and butter together in a heavy saucepan. Set aside and allow to
  cool. Stir the corn syrup and sugar into the reserved eggs. Add the
  chocolate and butter, vanilla, rum and the pecans. Mix well and pour into
  the pie shell. Bake in the preheated oven for 1 hour, or until set. The
  filling will rise and then fall. Remove from the oven and cool on a rack.
  Serve slightly warm or at room temperature.
  
  From Gemini's MASSIVE MealMaster collection at www.synapse.com/~gemini
 
</step></directions></recipe></recipeml>
