<?xml version="1.0" encoding="UTF-8"?>

<recipeml version="0.5">
  <recipe>
    <head>
      <title>Arizona Style Chicken Salad</title>
      <categories>
        <cat>Main dish</cat>
        <cat>Poultry</cat>
        <cat>Salad</cat></categories>
      <yield>8</yield></head>
    <ingredients>
      <ing>
        <amt>
          <qty>1/4</qty>
          <unit>cups</unit></amt>
        <item>Margarine or butter; cut into 4 pieces</item></ing>
      <ing>
        <amt>
          <qty>6</qty>
          <unit/></amt>
        <item>Boneless skinless chicken breast halves</item></ing>
      <ing>
        <amt>
          <qty>2</qty>
          <unit/></amt>
        <item>Eggs</item></ing>
      <ing>
        <amt>
          <qty>1 1/4</qty>
          <unit>cups</unit></amt>
        <item>Picante sauce</item></ing>
      <ing>
        <amt>
          <qty>1 1/3</qty>
          <unit>cups</unit></amt>
        <item>Progresso Plain Bread Crumbs</item></ing>
      <ing>
        <amt>
          <qty>1</qty>
          <unit>teaspoon</unit></amt>
        <item>Salt</item></ing>
      <ing>
        <amt>
          <qty>1/2</qty>
          <unit>teaspoons</unit></amt>
        <item>Cumin</item></ing>
      <ing>
        <amt>
          <qty>1/2</qty>
          <unit>teaspoons</unit></amt>
        <item>Chili powder</item></ing>
      <ing>
        <amt>
          <qty>1</qty>
          <unit>tablespoon</unit></amt>
        <item>Packaged Taco Seasoning</item></ing>
      <ing>
        <amt>
          <qty>4</qty>
          <unit/></amt>
        <item>Green onions; sliced</item></ing>
      <ing>
        <amt>
          <qty>2</qty>
          <unit>cups</unit></amt>
        <item>Mixed salad greens of choice I use boston lettuce and bib lettuce</item></ing>
      <ing>
        <amt>
          <qty>1</qty>
          <unit>tablespoon</unit></amt>
        <item>Finely chopped cilantro</item></ing>
      <ing>
        <amt>
          <qty>3</qty>
          <unit>medium</unit></amt>
        <item>Tomatoes; chopped</item></ing>
      <ing>
        <amt>
          <qty>1/2</qty>
          <unit/></amt>
        <item>Thinly sliced sweet onion</item></ing>
      <ing>
        <amt>
          <qty>1</qty>
          <unit/></amt>
        <item>Bottle (8-oz.) red wine vinegar and oil salad dressing</item></ing>
      <ing>
        <amt>
          <qty>1</qty>
          <unit/></amt>
        <item>Avocado; peeled, sliced</item></ing>
      <ing>
        <amt>
          <qty>1</qty>
          <unit>cup</unit></amt>
        <item>Sour cream</item></ing></ingredients>
    <directions>
      <step>  Heat oven to 400F. Place margarine in 15x10x1-inch baking pan. Place pan in
  oven; heat 3 minutes or until margarine is melted. Tilt pan to coat with
  margarine. Meanwhile, cut chicken breast halves in half lengthwise. Cut
  crosswise into 1/2-inch slices. In large bowl, beat eggs; stir in chicken
  and 1/4 cup of the picante. In shallow bowl, combine bread crumbs, salt,
  cumin, chili powder; taco seasoning mix well. Add chicken pieces to bread
  crumb mixture, a few at a time; turn to coat. Place coated chicken in
  margarine-coated pan. Bake at 400F. for 15 to 20 minutes or until chicken
  is no longer pink. Reserve 1 tablespoon of the green onions for garnish. In
  large bowl, combine remaining onions, salad greens, cilantro and tomatoes;
  toss gently. Pour half of the dressing over salad; toss to coat. Arrange
  evenly on 8 individual plates. Spoon chicken into center of each salad. Top
  each with 1 tablespoon sour cream and about 1/2 teaspoon reserved green
  onions. Garnish each plate with avocado slices. Serve with remaining half
  of salad dressing, 1/2 cup sour cream and 1 cup picante. I have adapted
  this recipe and submitted with changes for personal use by Marina
        8    servings.
  
  Posted to TNT - Prodigy's Recipe Exchange Newsletter  by Jsgrl430@aol.com
  on Sep 20, 1997
 
</step></directions></recipe></recipeml>
