<?xml version="1.0" encoding="UTF-8"?>

<recipeml version="0.5">
  <recipe>
    <head>
      <title>Arizona Chicken</title>
      <categories>
        <cat>Poultry</cat></categories>
      <yield>4</yield></head>
    <ingredients>
      <ing>
        <amt>
          <qty>2</qty>
          <unit/></amt>
        <item>Whole chicken breasts; skinned and boned</item></ing>
      <ing>
        <amt>
          <qty>1</qty>
          <unit>tablespoon</unit></amt>
        <item>Dijon mustard</item></ing>
      <ing>
        <amt>
          <qty>1</qty>
          <unit>tablespoon</unit></amt>
        <item>Butter</item></ing>
      <ing>
        <amt>
          <qty>1/2</qty>
          <unit>cups</unit></amt>
        <item>Prepared salsa</item></ing>
      <ing>
        <amt>
          <qty>2</qty>
          <unit>tablespoons</unit></amt>
        <item>Lime juice</item></ing>
      <ing>
        <amt>
          <qty>1/4</qty>
          <unit>cups</unit></amt>
        <item>Chopped fresh cilantro (optional)</item></ing>
      <ing>
        <amt>
          <qty>Date:</qty>
          <unit/></amt>
        <item>Thu, 20 Jun 1996 18:17:01 EDT</item></ing>
      <ing>
        <amt>
          <qty>From:</qty>
          <unit/></amt>
        <item>"Sharon H. Frye" &lt;shfrye@PEN.K12.VA.US&gt;</item></ing></ingredients>
    <directions>
      <step>  Pound each breast between sheets of plastic wrap to a uniform thickness of
  1/2 inch. Spread both sides with mustard.
  
  In a large skillet, melt butter over medium heat. Add chicken and cook 3-4
  minutes on each side. Stir salsa and lime juice together and add to
  skillet.
  
  Simmer gently, uncovered, until chicken is cooked through and sauce has
  thickened, about 6-8 minutes. Sprinkle with cilantro.
  
  Personal note: I first tried this in the fall of 1993, and it quickly
  became a family favorite. Both hubby and I have taken the leftovers to
  "nuke" for lunches the next day. It keeps several days in the fridge.
  
  EAT-L DIGEST 19 JUNE 1996
  
  From the EAT-L recipe list.  Downloaded from Glen's MM Recipe Archive,
  http://www.erols.com/hosey.
 
</step></directions></recipe></recipeml>
