<?xml version="1.0" encoding="UTF-8"?>

<recipeml version="0.5">
  <recipe>
    <head>
      <title>Arizona Chicken Fajitas</title>
      <categories>
        <cat>Mexico</cat>
        <cat>Poultry</cat></categories>
      <yield>4</yield></head>
    <ingredients>
      <ing>
        <amt>
          <qty>1/2</qty>
          <unit>cups</unit></amt>
        <item>Oil</item></ing>
      <ing>
        <amt>
          <qty>1/2</qty>
          <unit>cups</unit></amt>
        <item>Lime juice</item></ing>
      <ing>
        <amt>
          <qty>1</qty>
          <unit>cup</unit></amt>
        <item>Tequila</item></ing>
      <ing>
        <amt>
          <qty>1/4</qty>
          <unit>cups</unit></amt>
        <item>Tomato paste</item></ing>
      <ing>
        <amt>
          <qty>2</qty>
          <unit/></amt>
        <item>Garlic cloves</item></ing>
      <ing>
        <amt>
          <qty>1</qty>
          <unit/></amt>
        <item>Jalapeno chili</item></ing>
      <ing>
        <amt>
          <qty>1/2</qty>
          <unit>teaspoons</unit></amt>
        <item>Salt</item></ing>
      <ing>
        <amt>
          <qty>1/2</qty>
          <unit>teaspoons</unit></amt>
        <item>Chili powder</item></ing>
      <ing>
        <amt>
          <qty>1/2</qty>
          <unit>teaspoons</unit></amt>
        <item>Cumin</item></ing>
      <ing>
        <amt>
          <qty>1 1/2</qty>
          <unit>pounds</unit></amt>
        <item>Chicken breast</item></ing>
      <ing>
        <amt>
          <qty>10</qty>
          <unit/></amt>
        <item>Flour tortillas</item></ing>
      <ing>
        <amt>
          <qty>3</qty>
          <unit>tablespoons</unit></amt>
        <item>Oil</item></ing>
      <ing>
        <amt>
          <qty>1</qty>
          <unit/></amt>
        <item>Bell pepper</item></ing>
      <ing>
        <amt>
          <qty>1</qty>
          <unit/></amt>
        <item>Onion</item></ing>
      <ing>
        <amt>
          <qty>1</qty>
          <unit/></amt>
        <item>Tomato</item></ing>
      <ing>
        <amt>
          <qty/>
          <unit/></amt>
        <item>Sour cream</item></ing></ingredients>
    <directions>
      <step>  Mince garlic. Cut bell pepper and onion into strips. Cut tomato into
  chunks. In a glass bowl or baking dish, combine 1/2 cup oil, lime juice,
  tequila, tomato paste, garlic, jalapeno, salt, chili powder, and cumin.
  Blend well. Add chicken, cover, and marinate in refrigerator at least 6
  hours or overnight. Preheat oven to 350F. Wrap tortillas in aluminum foil.
  Bake 15 minutes while preparing fajitas. Remove chicken from marinade. In a
  large, heavy skillet over medium-high heat, heat 3 Tbl oil. Add chicken and
  cook, stirring constantly, 5 to 7 minutes or until chicken is done. Add
  bell pepper and onion and cook 3 minutes more, just until vegetables are
  crisp-tender. Serve with tortillas, guacamole, sour cream, salsa, and
  cheese. Shared by Garry Howard From Hyatt Regency at Gainey Ranch
  
  File ftp://ftp.idiscover.co.uk/pub/food/mealmaster/recipes/mmdja006.zip
 
</step></directions></recipe></recipeml>
