<?xml version="1.0" encoding="UTF-8"?>

<recipeml version="0.5">
  <recipe>
    <head>
      <title>Ark Soup</title>
      <categories>
        <cat>Soups/stews</cat></categories>
      <yield>6</yield></head>
    <ingredients>
      <ing>
        <amt>
          <qty>2</qty>
          <unit>tablespoons</unit></amt>
        <item>Butter</item></ing>
      <ing>
        <amt>
          <qty>2</qty>
          <unit/></amt>
        <item>Onions (peeled and chopped)</item></ing>
      <ing>
        <amt>
          <qty>2</qty>
          <unit/></amt>
        <item>Leeks (sliced)</item></ing>
      <ing>
        <amt>
          <qty>2</qty>
          <unit/></amt>
        <item>Md turnips (cubed)</item></ing>
      <ing>
        <amt>
          <qty>2</qty>
          <unit/></amt>
        <item>Peeled potatoes (cubed)</item></ing>
      <ing>
        <amt>
          <qty>2</qty>
          <unit/></amt>
        <item>Shallots (chopped)</item></ing>
      <ing>
        <amt>
          <qty>2</qty>
          <unit/></amt>
        <item>Stalks celery (sliced)</item></ing>
      <ing>
        <amt>
          <qty>2</qty>
          <unit/></amt>
        <item>Carrots (sliced)</item></ing>
      <ing>
        <amt>
          <qty>2</qty>
          <unit>cloves</unit></amt>
        <item>Garlic (halved)</item></ing>
      <ing>
        <amt>
          <qty>2</qty>
          <unit/></amt>
        <item>Sprigs parsley</item></ing>
      <ing>
        <amt>
          <qty>2</qty>
          <unit>cans</unit></amt>
        <item>Chicken broth</item></ing>
      <ing>
        <amt>
          <qty>2</qty>
          <unit>cups</unit></amt>
        <item>Half-and-half</item></ing>
      <ing>
        <amt>
          <qty/>
          <unit/></amt>
        <item>Salt and pepper to taste</item></ing>
      <ing>
        <amt>
          <qty/>
          <unit/></amt>
        <item>Dill weed to taste (opt.)</item></ing></ingredients>
    <directions>
      <step>  Saute all the vegetables in a large soup pot with the
  2 tablespoons butter until vegetables are limp. Add
  chicken broth and simmer until turnips are tender.
  Cool slightly, then process a little at a time through
  a blender. Return soup to the pot and add the
  half-and-half. Re-heat gently and serve hot, garnished
  with a sprig of fresh dill. Submitted by: Mayor Kerry
  Groom Kirschner of Sarasota, Florida
         SOURCE: National Cooking Echo 04/18/90
  
  From Gemini's MASSIVE MealMaster collection at www.synapse.com/~gemini
 
</step></directions></recipe></recipeml>
