<?xml version="1.0" encoding="UTF-8"?>

<recipeml version="0.5">
  <recipe>
    <head>
      <title>Arkansas Brown Rice</title>
      <categories>
        <cat>Rice</cat></categories>
      <yield>4</yield></head>
    <ingredients>
      <ing>
        <amt>
          <qty>1</qty>
          <unit>cup</unit></amt>
        <item>Brown rice</item></ing>
      <ing>
        <amt>
          <qty>2 1/2</qty>
          <unit>cups</unit></amt>
        <item>Water</item></ing>
      <ing>
        <amt>
          <qty>1/2</qty>
          <unit>teaspoons</unit></amt>
        <item>Salt</item></ing>
      <ing>
        <amt>
          <qty>1</qty>
          <unit>tablespoon</unit></amt>
        <item>Butter or oil</item></ing></ingredients>
    <directions>
      <step>   Wash rice by rinsing in a pan of cool water, pick out floating particles
  and any unhulled grains. Combine ingredients in saucepan with tight-fitting
  cover. Bring rice to a boil over high heat; stir once or twice; cover.
  Reduce heat and simmer 45-50 minutes until rice is tender and water
  absorbed.
  
   NOTE: Brown rice is raw rice which has not been polished to the white
  stage normally seen.
  
  ARKANSAS RICE DEPOT, INC.
  
  PO BOX 808, 825 W. THIRD STREET
  
  LITTLE ROCK, AR  72203
  
  From a collection of my mother's (Judy Hosey) recipe box which contained
  lots of her favorite recipes, clippings, etc.  Downloaded from Glen's MM
  Recipe Archive, http://www.erols.com/hosey.
 
</step></directions></recipe></recipeml>
