<?xml version="1.0" encoding="UTF-8"?>

<recipeml version="0.5">
  <recipe>
    <head>
      <title>Arkansas Cheescake</title>
      <categories>
        <cat>Desserts</cat>
        <cat>Low-cal</cat>
        <cat>Pies</cat></categories>
      <yield>8</yield></head>
    <ingredients>
      <ing>
        <amt>
          <qty>1</qty>
          <unit/></amt>
        <item>Egg, seperated</item></ing>
      <ing>
        <amt>
          <qty>1/2</qty>
          <unit>cups</unit></amt>
        <item>Skim milk</item></ing>
      <ing>
        <amt>
          <qty>1</qty>
          <unit>package</unit></amt>
        <item>Gelatin (envelope)</item></ing>
      <ing>
        <amt>
          <qty>1/8</qty>
          <unit>teaspoons</unit></amt>
        <item>Salt</item></ing>
      <ing>
        <amt>
          <qty>1</qty>
          <unit>tablespoon</unit></amt>
        <item>Equal (no substitute)</item></ing>
      <ing>
        <amt>
          <qty>1 1/2</qty>
          <unit>cups</unit></amt>
        <item>Cottage cheese</item></ing>
      <ing>
        <amt>
          <qty>1</qty>
          <unit>tablespoon</unit></amt>
        <item>Lemon juice</item></ing>
      <ing>
        <amt>
          <qty>1</qty>
          <unit>teaspoon</unit></amt>
        <item>Vanilla</item></ing>
      <ing>
        <amt>
          <qty>6</qty>
          <unit>tablespoons</unit></amt>
        <item>Lite Coolwhip</item></ing></ingredients>
    <directions>
      <step>  Take cottage cheese and cream in blender until very SMOOTH &lt;this is the
  hardpart&gt;. Set aside. Put egg yolk in top of double boiler beat well and
  add milk. Add gelatin &amp; salt. Cook overr boiling water until gelatin
  dissolves and mixture thickens. (about 10 minutes) Remove from heat, add
  sugar substitute. Cool. Add cottage cheese, lemon juice and vanilla to
  cooled mixture. Chill, stirring occasionally, until mixture mounds when
  dropped from a spoon.  Beat egg white until stiff. Fold egg white and
  cool-whip together into mixture. Pour into graham crust. Or pour into pie
  plate and top with crumb topping. Crumb Topping: crush 2 graham crackers
  fine. Mix with pinch of cinnamon and nutmeg. Calories (without topping or
  crust): 442 (Whole Pie!) Calories with Keebler Graham Crust: 1402 (per
  serving 175 7gr fat)
  
  From Gemini's MASSIVE MealMaster collection at www.synapse.com/~gemini
 
</step></directions></recipe></recipeml>
