<?xml version="1.0" encoding="UTF-8"?>

<recipeml version="0.5">
  <recipe>
    <head>
      <title>Arkansas Pecan Chicken Dish</title>
      <categories>
        <cat>Chicken</cat></categories>
      <yield>6</yield></head>
    <ingredients>
      <ing>
        <amt>
          <qty>1</qty>
          <unit/></amt>
        <item>Frying Chicken; Cut up</item></ing>
      <ing>
        <amt>
          <qty>1/2</qty>
          <unit>cups</unit></amt>
        <item>Butter</item></ing>
      <ing>
        <amt>
          <qty>1</qty>
          <unit>cup</unit></amt>
        <item>Buttermilk</item></ing>
      <ing>
        <amt>
          <qty>1</qty>
          <unit/></amt>
        <item>Egg; Slightly Beaten</item></ing>
      <ing>
        <amt>
          <qty>1</qty>
          <unit>cup</unit></amt>
        <item>Flour</item></ing>
      <ing>
        <amt>
          <qty>1</qty>
          <unit>cup</unit></amt>
        <item>Pecans; Chopped</item></ing>
      <ing>
        <amt>
          <qty>1/4</qty>
          <unit>cups</unit></amt>
        <item>Sesame Seeds</item></ing>
      <ing>
        <amt>
          <qty>3/4</qty>
          <unit>teaspoons</unit></amt>
        <item>Salt</item></ing>
      <ing>
        <amt>
          <qty>1</qty>
          <unit>tablespoon</unit></amt>
        <item>Paprika</item></ing>
      <ing>
        <amt>
          <qty>1/2</qty>
          <unit>teaspoons</unit></amt>
        <item>Pepper</item></ing></ingredients>
    <directions>
      <step>  Melt butter in a large shallow baking dish. Combine buttermilk and beaten
  egg in a flat dish. Mix flour, pecans, sesame seeds and seasonings in
  another dish. Remove and discard skin from the chicken. Dip the chicken
  pieces in milk mixture, then in flour mixture. Put the chicken in baking
  dish and turn to coat with butter. Arrange in a single layer in baking pan.
  Bake for 1-1/2 hours, uncovered, at 350~. Baste with drippings 2 or 3 times
  during baking time.
  
  Source: Recipes from the Birthplace of Bill Clinton, Wanda Powell. (wrv)
  Posted to MC-Recipe Digest V1 #928 by Nancy Berry &lt;nlberry@prodigy.net&gt; on
  Nov 28, 1997
 
</step></directions></recipe></recipeml>
