<?xml version="1.0" encoding="UTF-8"?>

<recipeml version="0.5">
  <recipe>
    <head>
      <title>Arkansas Goulash</title>
      <categories>
        <cat>None</cat></categories>
      <yield>1</yield></head>
    <ingredients>
      <ing>
        <amt>
          <qty>1</qty>
          <unit>pound</unit></amt>
        <item>Ground beef</item></ing>
      <ing>
        <amt>
          <qty>1</qty>
          <unit>package</unit></amt>
        <item>(8-ounce) spaghetti</item></ing>
      <ing>
        <amt>
          <qty>1</qty>
          <unit>can</unit></amt>
        <item>Tomato soup</item></ing>
      <ing>
        <amt>
          <qty>1</qty>
          <unit>pound</unit></amt>
        <item>Cheese</item></ing>
      <ing>
        <amt>
          <qty>1</qty>
          <unit>medium</unit></amt>
        <item>Green pepper</item></ing>
      <ing>
        <amt>
          <qty>1</qty>
          <unit>medium</unit></amt>
        <item>Onion</item></ing>
      <ing>
        <amt>
          <qty>1 1/2</qty>
          <unit>teaspoons</unit></amt>
        <item>Salt</item></ing>
      <ing>
        <amt>
          <qty>1</qty>
          <unit>teaspoon</unit></amt>
        <item>Pepper</item></ing></ingredients>
    <directions>
      <step>  Brown ground beef. Chop onion and green pepper. Mix onion and pepper with
  beef. Cook till onion and pepper are soft. Cook and drain spaghetti.
  Combine with beef mixture. Add tomato soup and one can water or milk. Cube
  cheese. Add salt and pepper; mix well. Bake at 350 40 minutes.
  Posted to EAT-L Digest  by Monica Boggs &lt;wiggles@SHELL.PLANETC.COM&gt; on Sep
  16, 1997
 
</step></directions></recipe></recipeml>
