<?xml version="1.0" encoding="UTF-8"?>

<recipeml version="0.5">
  <recipe>
    <head>
      <title>Arlene's Strawberry Pie</title>
      <categories>
        <cat>None</cat></categories>
      <yield>1</yield></head>
    <ingredients>
      <ing>
        <amt>
          <qty>1</qty>
          <unit/></amt>
        <item>Baked 9-inch pie shell</item></ing>
      <ing>
        <amt>
          <qty>1</qty>
          <unit>cup</unit></amt>
        <item>Water</item></ing>
      <ing>
        <amt>
          <qty>1</qty>
          <unit>cup</unit></amt>
        <item>Sugar</item></ing>
      <ing>
        <amt>
          <qty>3</qty>
          <unit>tablespoons</unit></amt>
        <item>(heaping) cornstarch</item></ing>
      <ing>
        <amt>
          <qty>3</qty>
          <unit>tablespoons</unit></amt>
        <item>Strawberry Jell-o</item></ing>
      <ing>
        <amt>
          <qty>3</qty>
          <unit>tablespoons</unit></amt>
        <item>White Karo</item></ing>
      <ing>
        <amt>
          <qty>1</qty>
          <unit>dash</unit></amt>
        <item>Salt</item></ing>
      <ing>
        <amt>
          <qty>1</qty>
          <unit>quart</unit></amt>
        <item>Strawberries</item></ing></ingredients>
    <directions>
      <step>  Notes: Arlene Kresge, McMichaels
  
  Mix together water, sugar, cornstarch, corn syrup and salt. Cook until
  clear in appearance and you are unable to taste the cornstarch. Remove from
  heat and add 1/4 tsp. red food coloring and Jell-o and stir. Pour over
  strawberries, stirring gently. Pour into cooled 9-inch pie shell and
  refrigerate. Cool until set. If desired, top with Cool Whip or any other
  whipped topping before serving.
  
  Posted to recipelu-digest by ncanty@juno.com (Nadia I Canty) on Mar 6, 1998
 
</step></directions></recipe></recipeml>
