<?xml version="1.0" encoding="UTF-8"?>

<recipeml version="0.5">
  <recipe>
    <head>
      <title>Arm and Hammer Double Chip Cookies</title>
      <categories>
        <cat>Cookies</cat></categories>
      <yield>60</yield></head>
    <ingredients>
      <ing>
        <amt>
          <qty>1</qty>
          <unit>cup</unit></amt>
        <item>Butter or marg.</item></ing>
      <ing>
        <amt>
          <qty>1</qty>
          <unit>cup</unit></amt>
        <item>Sugar</item></ing>
      <ing>
        <amt>
          <qty>1/2</qty>
          <unit>cups</unit></amt>
        <item>Light brown sugar, packed</item></ing>
      <ing>
        <amt>
          <qty>1</qty>
          <unit>teaspoon</unit></amt>
        <item>Vanilla extract</item></ing>
      <ing>
        <amt>
          <qty>2</qty>
          <unit>x</unit></amt>
        <item>Eggs</item></ing>
      <ing>
        <amt>
          <qty>2</qty>
          <unit>cups</unit></amt>
        <item>Flour, unsifted</item></ing>
      <ing>
        <amt>
          <qty>1</qty>
          <unit>tablespoon</unit></amt>
        <item>Arm &amp; Hammer Baking Soda</item></ing>
      <ing>
        <amt>
          <qty>1 2/3</qty>
          <unit>cups</unit></amt>
        <item>(10 oz. pkg.) Peanut Butter</item></ing>
      <ing>
        <amt>
          <qty/>
          <unit/></amt>
        <item>Chips</item></ing>
      <ing>
        <amt>
          <qty>2/3</qty>
          <unit>cups</unit></amt>
        <item>Semi-sweet chocolate chips</item></ing></ingredients>
    <directions>
      <step>  In large mixing bowl, beat butter or margarine, sugar, brown sugar and
  vanilla.  Add eggs; beat well.  Stir together flour and baking soda; blend
  into sugar mixture. Stir in peanug butter and chocolate chips. Drop by
  rounded teaspoonfuls onto ungreased cookie sheet. Bake at 350 for 8 to 10
  minutes or until lightly browned. Cool slightly; remove from cookie sheet
  to wire rack.  Cool completely.  Makes about 5 dozen cookies.
  
  From Gemini's MASSIVE MealMaster collection at www.synapse.com/~gemini
 
</step></directions></recipe></recipeml>
