<?xml version="1.0" encoding="UTF-8"?>

<recipeml version="0.5">
  <recipe>
    <head>
      <title>Arm and Hammer Chocolate Chip Banana Bread</title>
      <categories>
        <cat>Breads</cat>
        <cat>Desserts</cat></categories>
      <yield>1</yield></head>
    <ingredients>
      <ing>
        <amt>
          <qty>2</qty>
          <unit>cups</unit></amt>
        <item>Flour, unsifted</item></ing>
      <ing>
        <amt>
          <qty>1</qty>
          <unit>cup</unit></amt>
        <item>Sugar</item></ing>
      <ing>
        <amt>
          <qty>1</qty>
          <unit>teaspoon</unit></amt>
        <item>Baking powder</item></ing>
      <ing>
        <amt>
          <qty>1</qty>
          <unit>teaspoon</unit></amt>
        <item>Salt</item></ing>
      <ing>
        <amt>
          <qty>1/2</qty>
          <unit>teaspoons</unit></amt>
        <item>Arm &amp; Hammer Baking Soda</item></ing>
      <ing>
        <amt>
          <qty>1</qty>
          <unit>cup</unit></amt>
        <item>Masked ripe bananas (about</item></ing>
      <ing>
        <amt>
          <qty/>
          <unit/></amt>
        <item>3 small)</item></ing>
      <ing>
        <amt>
          <qty>1/2</qty>
          <unit>cups</unit></amt>
        <item>Butter or margarine</item></ing>
      <ing>
        <amt>
          <qty>2</qty>
          <unit>x</unit></amt>
        <item>Eggs</item></ing>
      <ing>
        <amt>
          <qty>1</qty>
          <unit>cup</unit></amt>
        <item>Mini semi-sweet chocolate</item></ing>
      <ing>
        <amt>
          <qty/>
          <unit/></amt>
        <item>Chips</item></ing>
      <ing>
        <amt>
          <qty>1/2</qty>
          <unit>cups</unit></amt>
        <item>Chopped walnuts</item></ing></ingredients>
    <directions>
      <step>  Directions: Lightly greast the bottom only of a 9-1/4 by 5-1/4 by 2-3/4
  inch loaf pan. Set aside.  In large mixing bowl, combine all ingredients
  except small chocolate chips and walnuts; blend well on medium speed. Stir
  in small chocolate chips and walnuts. Bake at 350 for 60 to 65 minutes or
  until wooden pick inserted in center comes out clean. Cool 10 minutes;
  remove from pan. Cool completely.
  
  From Gemini's MASSIVE MealMaster collection at www.synapse.com/~gemini
 
</step></directions></recipe></recipeml>
