<?xml version="1.0" encoding="UTF-8"?>

<recipeml version="0.5">
  <recipe>
    <head>
      <title>Armadillo Eggs</title>
      <categories>
        <cat>Appetizers</cat>
        <cat>Cheese/eggs</cat>
        <cat>Tex-mex</cat></categories>
      <yield>15</yield></head>
    <ingredients>
      <ing>
        <amt>
          <qty>1/2</qty>
          <unit>pounds</unit></amt>
        <item>Monterey Jack Cheese</item></ing>
      <ing>
        <amt>
          <qty>1/2</qty>
          <unit>pounds</unit></amt>
        <item>Sharp cheddar cheese</item></ing>
      <ing>
        <amt>
          <qty>1/2</qty>
          <unit>pounds</unit></amt>
        <item>Hot pork sausage*</item></ing>
      <ing>
        <amt>
          <qty>1 1/2</qty>
          <unit>cups</unit></amt>
        <item>Bisquick mix</item></ing>
      <ing>
        <amt>
          <qty>1</qty>
          <unit/></amt>
        <item>Egg</item></ing>
      <ing>
        <amt>
          <qty>1</qty>
          <unit>package</unit></amt>
        <item>Pork flavor Shake 'n Bake</item></ing>
      <ing>
        <amt>
          <qty>20</qty>
          <unit/></amt>
        <item>Whole jalapeno peppers**</item></ing></ingredients>
    <directions>
      <step>  *Jimmy Dean Sausage brand is best **Use 20-30 peppers-may use fresh, but
  success reported when using
    bottled or canned
  
  Slice peppers in half lengthwise and scrape out all the seeds (wear
  gloves).  Try to keep both halves near each other as you have to put them
  back together later. Mix bisquick, raw sausage &amp; cheddar cheese.
   Stuff each pepper with Monterey Jack cheese and put the halves back
  together. Grab a handful of bisquick mixture and mold around pepper in
  shape of elongated egg. Use enough to cover pepper wiell. Dip armadillo egg
  in beaten egg and roll in Shake 'n Bake.  Bake on broiler pan (can use
  cookie sheet) at 350 degrees for 25 minutes or until crisp.
  
  Posted by Sandra Stone
 
</step></directions></recipe></recipeml>
