<?xml version="1.0" encoding="UTF-8"?>

<recipeml version="0.5">
  <recipe>
    <head>
      <title>Armadillo Eggs</title>
      <categories>
        <cat>None</cat></categories>
      <yield>1</yield></head>
    <ingredients>
      <ing>
        <amt>
          <qty>1</qty>
          <unit>can</unit></amt>
        <item>(lg) whole mild(or to taste) jalopenos</item></ing>
      <ing>
        <amt>
          <qty>8</qty>
          <unit>ounces</unit></amt>
        <item>Cream cheese</item></ing>
      <ing>
        <amt>
          <qty>1</qty>
          <unit>pound</unit></amt>
        <item>Mild breakfast sausage</item></ing>
      <ing>
        <amt>
          <qty/>
          <unit/></amt>
        <item>Chedder cheese to cover tops of pepper</item></ing></ingredients>
    <directions>
      <step>  1. Cut peppers in half and de-seed. 2. Put on a cookie sheet cut side up.
  3. Cook sausage, crumbly. 4. Drain the fat, and mix the sausage with the
  cream cheese* 5. Spoon this mixture onto the jalopeno halves, and top with
  a little cheese. 6. Bake in a pre-heated 350 degree oven until cheese has
  melted. Posted to MM-Recipes Digest V4 #166 by Sandy Courrege
  &lt;sandy@aisp.net&gt; on Jun 28, 1997
 
</step></directions></recipe></recipeml>
