<?xml version="1.0" encoding="UTF-8"?>

<recipeml version="0.5">
  <recipe>
    <head>
      <title>Armagnac Prune Cake</title>
      <categories>
        <cat>Cakes</cat>
        <cat>Desserts</cat></categories>
      <yield>16</yield></head>
    <ingredients>
      <ing-div>
        <title/>
        <ing>
          <amt>
            <qty>12</qty>
            <unit>ounces</unit></amt>
          <item>Pitted prunes</item></ing>
        <ing>
          <amt>
            <qty>2</qty>
            <unit>cups</unit></amt>
          <item>Water</item></ing>
        <ing>
          <amt>
            <qty>1/4</qty>
            <unit>cups</unit></amt>
          <item>Armagnac or Cognac</item></ing>
        <ing>
          <amt>
            <qty>1 1/2</qty>
            <unit>cups</unit></amt>
          <item>Vegetable oil</item></ing>
        <ing>
          <amt>
            <qty>2 1/4</qty>
            <unit>cups</unit></amt>
          <item>Sugar</item></ing>
        <ing>
          <amt>
            <qty>5</qty>
            <unit>large</unit></amt>
          <item>Eggs</item></ing>
        <ing>
          <amt>
            <qty>2</qty>
            <unit>tablespoons</unit></amt>
          <item>Vanilla extract</item></ing>
        <ing>
          <amt>
            <qty>3</qty>
            <unit>cups</unit></amt>
          <item>All-purpose flour</item></ing>
        <ing>
          <amt>
            <qty>1</qty>
            <unit>tablespoon</unit></amt>
          <item>Baking soda</item></ing>
        <ing>
          <amt>
            <qty>2 1/2</qty>
            <unit>teaspoons</unit></amt>
          <item>Ground cinnamon</item></ing>
        <ing>
          <amt>
            <qty>1</qty>
            <unit>teaspoon</unit></amt>
          <item>Ground nutmeg</item></ing>
        <ing>
          <amt>
            <qty>1</qty>
            <unit>teaspoon</unit></amt>
          <item>Ground allspice</item></ing>
        <ing>
          <amt>
            <qty>1/2</qty>
            <unit>teaspoons</unit></amt>
          <item>Ground cardamom</item></ing>
        <ing>
          <amt>
            <qty>1/2</qty>
            <unit>teaspoons</unit></amt>
          <item>Ground cloves</item></ing>
        <ing>
          <amt>
            <qty>1</qty>
            <unit>teaspoon</unit></amt>
          <item>Salt</item></ing>
        <ing>
          <amt>
            <qty>1 1/2</qty>
            <unit>cups</unit></amt>
          <item>Buttermilk</item></ing></ing-div>
      <ing-div>
        <title>GLAZE</title>
        <ing>
          <amt>
            <qty>1 1/2</qty>
            <unit>cups</unit></amt>
          <item>Sugar</item></ing>
        <ing>
          <amt>
            <qty>1/4</qty>
            <unit>cups</unit></amt>
          <item>Unsalted butter</item></ing>
        <ing>
          <amt>
            <qty>1/2</qty>
            <unit>cups</unit></amt>
          <item>Armagnac or Cognac</item></ing>
        <ing>
          <amt>
            <qty>2</qty>
            <unit>tablespoons</unit></amt>
          <item>Light corn syrup</item></ing>
        <ing>
          <amt>
            <qty>2</qty>
            <unit>tablespoons</unit></amt>
          <item>Fresh lemon juice</item></ing>
        <ing>
          <amt>
            <qty>1</qty>
            <unit>teaspoon</unit></amt>
          <item>Baking soda</item></ing></ing-div>
      <ing-div>
        <title>OPTIONAL</title>
        <ing>
          <amt>
            <qty/>
            <unit/></amt>
          <item>Vanilla ice cream</item></ing></ing-div></ingredients>
    <directions>
      <step>  FOR CAKE: Position rack in center of oven and preheat to 350 F. Butter and
  flour 12-cup bundt pan.  Combine prunes, water and Armagnac in heavy medium
  saucepan. Simmer until prunes are tender, about 15 minutes. Drain prunes,
  reserving 1/4 cup cooking liquid for glaze. Coarsely chop prunes.
  
  Beat oil, sugar, eggs and vanilla in large bowl until well blended. In
  medium bowl, mix flour, baking soda, spices and salt to blend. Mix dry
  ingredients into dry mixture. Add buttermilk, beating until batter is
  smooth.  Fold in chopped prunes.  Transfer batter to prepared pan. Bake
  cake until tester comes out clean, about 1 hour 5 minutes. Transfer to rack
  in pan.
  
  FOR GLAZE:  Combine reserved 1/4 cup prune cooking liquid, sugar, butter,
  Armagnac, corn syrup, lemon juice and baking soda in heavy large saucepan.
  Bring to boil over medium heat, stirring occasionally. Boil 2 minutes.
  
  Pierce cake in several places with long toothpick or wooden skewer. Slowly
  pour 1-1/4 cups glaze over hot cake. Reserve extra glaze. Let glazed cake
  cool in pan 30 minutes. Turn cake out onto platter. Cool completely.
  
  Cut cake into wedges.  Serve with vanilla ice cream, passing additional
  glaze separately as sauce.
  
  Bon Appetit - April 1991 Typed for you by Karen Mintzias
 
</step></directions></recipe></recipeml>
