<?xml version="1.0" encoding="UTF-8"?>

<recipeml version="0.5">
  <recipe>
    <head>
      <title>Armchair Quarterback Crunch</title>
      <categories>
        <cat>Appetizer</cat></categories>
      <yield>12</yield></head>
    <ingredients>
      <ing>
        <amt>
          <qty>3</qty>
          <unit>quarts</unit></amt>
        <item>Popped popcorn</item></ing>
      <ing>
        <amt>
          <qty>2</qty>
          <unit>cups</unit></amt>
        <item>Mini pretzels</item></ing>
      <ing>
        <amt>
          <qty>1/3</qty>
          <unit>cups</unit></amt>
        <item>Roasted pepitas or hulled Pumpkin seeds (optional)</item></ing>
      <ing>
        <amt>
          <qty>1/4</qty>
          <unit>cups</unit></amt>
        <item>Regular or light margarine</item></ing>
      <ing>
        <amt>
          <qty>2</qty>
          <unit>tablespoons</unit></amt>
        <item>Grated Parmesan cheese</item></ing>
      <ing>
        <amt>
          <qty>1</qty>
          <unit>teaspoon</unit></amt>
        <item>Mexican seasoning</item></ing></ingredients>
    <directions>
      <step>  Place popped popcorn, pretzels and pepitas in large bowl.  Melt margarine
  in small pan. Add Parmesan and Mexican seasoning. Drizzle over pop corn and
  toss lightly. Makes about 3 1/2 quarts.
  
  From: Danial Mannen                   Date: 24 Mar 96
  
  Date: Sun, 9 Jun 1996 01:04:33 -0400
  
  From: BobbieB1@aol.com
  
  MM-Recipes Digest V3 #160
  
  From the MealMaster recipe list.  Downloaded from Glen's MM Recipe Archive,
  http://www.erols.com/hosey.
 
</step></directions></recipe></recipeml>
