<?xml version="1.0" encoding="UTF-8"?>

<recipeml version="0.5">
  <recipe>
    <head>
      <title>Armenian Potato Salad with Red Onions and Green Pepper</title>
      <categories>
        <cat>Salads</cat></categories>
      <yield>8</yield></head>
    <ingredients>
      <ing>
        <amt>
          <qty>3</qty>
          <unit>pounds</unit></amt>
        <item>Red-skinned potatoes</item></ing>
      <ing>
        <amt>
          <qty>1</qty>
          <unit>medium</unit></amt>
        <item>Red onion -- thinly sliced</item></ing>
      <ing>
        <amt>
          <qty/>
          <unit/></amt>
        <item>And</item></ing>
      <ing>
        <amt>
          <qty/>
          <unit/></amt>
        <item>Into</item></ing>
      <ing>
        <amt>
          <qty/>
          <unit/></amt>
        <item>Rings</item></ing>
      <ing>
        <amt>
          <qty>1</qty>
          <unit/></amt>
        <item>Green pepper -- seeded and</item></ing>
      <ing>
        <amt>
          <qty/>
          <unit/></amt>
        <item>Chopped</item></ing>
      <ing>
        <amt>
          <qty>3</qty>
          <unit>tablespoons</unit></amt>
        <item>Minced fresh parsley</item></ing>
      <ing>
        <amt>
          <qty/>
          <unit/></amt>
        <item>Juice of 1/2 lemon</item></ing>
      <ing>
        <amt>
          <qty>1/3</qty>
          <unit>cups</unit></amt>
        <item>Olive oil</item></ing></ingredients>
    <directions>
      <step>  From: Gerald Edgerton &lt;jerrye@wizard.com&gt;
  
  Date: Tue, 21 May 1996 10:44:07 -0700
  
  salt, pepper and cayenne pepper to taste  Boil potatoes in their jackets
  until barely tender.  Cool enough to handle, cut into generous bite-size
  pieces while still warm.  Place potatoes in a large salad bowl along with
  onion rings and green pepper; mix well.  Add parsley and lemon juice;
  carefully toss again.  Dribble oil over the vegetables and season to taste
  with salt, pepper and cayenne pepper; toss and set aside for several hours
  for salad ingredients to mellow.  If refrigerated, bring to room
  temperature before serving. (Goes well with roasted lamb, chicken or simple
  fish recipes).
  
  Serves 8 to 12.
  
  From:  CLASSIC COLD CUISINE by Karen Green, Jeremy P. Tarcher, Inc., Los
  Angeles.  1984.  ISBN 0-87477-322-9 Posted by: Karin Brewer, Cooking Echo,
  9/92
  
  Posted to Master Cook Recipes List, Digest #92
 
</step></directions></recipe></recipeml>
