<?xml version="1.0" encoding="UTF-8"?>

<recipeml version="0.5">
  <recipe>
    <head>
      <title>Armenian Nutmeg Cake</title>
      <categories>
        <cat>Cake</cat></categories>
      <yield>12</yield></head>
    <ingredients>
      <ing>
        <amt>
          <qty>2</qty>
          <unit>cups</unit></amt>
        <item>Firmly packed brown sugar</item></ing>
      <ing>
        <amt>
          <qty>2</qty>
          <unit>cups</unit></amt>
        <item>Plain flour</item></ing>
      <ing>
        <amt>
          <qty>2</qty>
          <unit>teaspoons</unit></amt>
        <item>Baking powder</item></ing>
      <ing>
        <amt>
          <qty>1</qty>
          <unit>teaspoon</unit></amt>
        <item>Baking soda</item></ing>
      <ing>
        <amt>
          <qty>1</qty>
          <unit>teaspoon</unit></amt>
        <item>Salt</item></ing>
      <ing>
        <amt>
          <qty>125</qty>
          <unit>grams</unit></amt>
        <item>Butter</item></ing>
      <ing>
        <amt>
          <qty>1</qty>
          <unit>cup</unit></amt>
        <item>Milk</item></ing>
      <ing>
        <amt>
          <qty>1</qty>
          <unit/></amt>
        <item>Egg; beaten</item></ing>
      <ing>
        <amt>
          <qty>1</qty>
          <unit>teaspoon</unit></amt>
        <item>Nutmeg</item></ing>
      <ing>
        <amt>
          <qty>1/2</qty>
          <unit>cups</unit></amt>
        <item>Walnuts; chopped</item></ing></ingredients>
    <directions>
      <step>  From: criccio@idirect.com (costantino riccio)
  
  Date: 8 Sep 1995 09:53:08 -0500
  This cake is sweet and spicy with a crunchy base and light cake topping.
  
  Combine sugar,and sifted flour, baking powder, and salt.  Rub in butter
  until mixture resembles fine breadcrumbs.Press half the mixture into a well
  greased 20cm square pan. Dissolve baking soda in milk, add egg and nutmeg
  and pour over remaining sugar and flour mixture. Mix well, then spoon into
  pan on top of pressed in mixture.
  
  Sprinkle walnuts over. Bake in preheated oven at 350F for 1 hour. Allow to
  stand 15 minutes before turning out on to a wire rack to cool.
  
  REC.FOOD.RECIPES ARCHIVES
  
  /CAKES
  
  From rec.food.cooking archives.  Downloaded from Glen's MM Recipe Archive,
  http://www.erols.com/hosey.
 
</step></directions></recipe></recipeml>
