<?xml version="1.0" encoding="UTF-8"?>

<recipeml version="0.5">
  <recipe>
    <head>
      <title>Armenian Style Zucchini</title>
      <categories>
        <cat>Vegetables</cat></categories>
      <yield>6</yield></head>
    <ingredients>
      <ing>
        <amt>
          <qty>2</qty>
          <unit>pounds</unit></amt>
        <item>Zucchini, washed and trimmed</item></ing>
      <ing>
        <amt>
          <qty>1</qty>
          <unit>cup</unit></amt>
        <item>Ground lamb shoulder*</item></ing>
      <ing>
        <amt>
          <qty>1/2</qty>
          <unit>cups</unit></amt>
        <item>Raw rice</item></ing>
      <ing>
        <amt>
          <qty>1</qty>
          <unit/></amt>
        <item>Small onion, chopped fine</item></ing>
      <ing>
        <amt>
          <qty>1</qty>
          <unit>tablespoon</unit></amt>
        <item>Chopped parsley</item></ing>
      <ing>
        <amt>
          <qty>1/2</qty>
          <unit>cups</unit></amt>
        <item>Stewed tomatoes</item></ing>
      <ing>
        <amt>
          <qty/>
          <unit/></amt>
        <item>Salt</item></ing>
      <ing>
        <amt>
          <qty/>
          <unit/></amt>
        <item>Black pepper</item></ing></ingredients>
    <directions>
      <step>  *Note: May use lamb patties. Peel the zucchini and cut into 3 inch lengths.
  Scoop out the centers. Soak the vegetable in cold salted water about one
  half hour. mix the lamb with the rice, onion, parsley, tomatoes, salt and
  pepper. Drain the zucchini and fill the hollows with the lamb mixture.
  Arrange in a saucepan and add water to the depth of one inch. The water
  should not reach more than halfway up the sides of the zucchini. Cover the
  pan tightly and simmer over low heat until the rice is&gt;&gt;&gt; tender, about one
  hour. Check from time to time to see that the water has not evaporated.
  Source: New york Times Cookbook.
  
  From Gemini's MASSIVE MealMaster collection at www.synapse.com/~gemini
 
</step></directions></recipe></recipeml>
