<?xml version="1.0" encoding="UTF-8"?>

<recipeml version="0.5">
  <recipe>
    <head>
      <title>Armenian Barley and Yoghurt Soup</title>
      <categories>
        <cat>Soups/stews</cat></categories>
      <yield>8</yield></head>
    <ingredients>
      <ing>
        <amt>
          <qty>1</qty>
          <unit>cup</unit></amt>
        <item>Barley</item></ing>
      <ing>
        <amt>
          <qty>6</qty>
          <unit>cups</unit></amt>
        <item>Chicken broth</item></ing>
      <ing>
        <amt>
          <qty>1</qty>
          <unit>cup</unit></amt>
        <item>Onion</item></ing>
      <ing>
        <amt>
          <qty>1/4</qty>
          <unit>teaspoons</unit></amt>
        <item>Butter</item></ing>
      <ing>
        <amt>
          <qty>3</qty>
          <unit>tablespoons</unit></amt>
        <item>Fresh mint OR</item></ing>
      <ing>
        <amt>
          <qty>1</qty>
          <unit>tablespoon</unit></amt>
        <item>Dried mint</item></ing>
      <ing>
        <amt>
          <qty>2</qty>
          <unit>tablespoons</unit></amt>
        <item>Fresh parsley, minced</item></ing>
      <ing>
        <amt>
          <qty>1</qty>
          <unit>teaspoon</unit></amt>
        <item>Yoghurt</item></ing></ingredients>
    <directions>
      <step>  Contributed to the echo by: Judy Haight Originally
  from: The New York Times Bread and Soup Cookbook
  Armenian Barley and Yoghurt Soup Salt &amp; freshly ground
  pepper to taste Place the barley and the broth in a
  soup kettle and cook for a few minutes. Peel and chop
  the onion; saute in butter until it is golden and
  transparent. Add to the soup kettle, together with the
  mint, parsley, salt and pepper. Simmer the soup until
  the barley is soft. Stir in the yoghurt and continue
  to simmer for about 5 minutes. This soup can be served
  either hot or icy cold in small decorative bowls.
  
  Servings: 8
  
  From Gemini's MASSIVE MealMaster collection at www.synapse.com/~gemini
 
</step></directions></recipe></recipeml>
