<?xml version="1.0" encoding="UTF-8"?>

<recipeml version="0.5">
  <recipe>
    <head>
      <title>Armenian Eggplant Dip</title>
      <categories>
        <cat>Armenian</cat>
        <cat>Dips</cat>
        <cat>Vegetables</cat>
        <cat>Vegetarian</cat></categories>
      <yield>1</yield></head>
    <ingredients>
      <ing>
        <amt>
          <qty>1</qty>
          <unit>medium</unit></amt>
        <item>Egg plant</item></ing>
      <ing>
        <amt>
          <qty>1/4</qty>
          <unit>cups</unit></amt>
        <item>Chopped red onion</item></ing>
      <ing>
        <amt>
          <qty>1/2</qty>
          <unit>cups</unit></amt>
        <item>Milk</item></ing>
      <ing>
        <amt>
          <qty>1</qty>
          <unit>tablespoon</unit></amt>
        <item>Olive oil</item></ing>
      <ing>
        <amt>
          <qty>2</qty>
          <unit>tablespoons</unit></amt>
        <item>Lemon juice</item></ing>
      <ing>
        <amt>
          <qty>1</qty>
          <unit>tablespoon</unit></amt>
        <item>Butter</item></ing>
      <ing>
        <amt>
          <qty>1</qty>
          <unit>tablespoon</unit></amt>
        <item>Flour</item></ing>
      <ing>
        <amt>
          <qty/>
          <unit/></amt>
        <item>Salt and pepper to taste</item></ing>
      <ing>
        <amt>
          <qty/>
          <unit/></amt>
        <item>Freshly grated nutmeg to taste</item></ing>
      <ing>
        <amt>
          <qty>3</qty>
          <unit>ounces</unit></amt>
        <item>Parmesan cheese</item></ing></ingredients>
    <directions>
      <step>  Preheat oven to 400 F.
  
  Prick eggplant with a fork in 10-12 places and rub with olive oil.
  Bake uncovered for about an hour, or until the pulp feels quite soft.
  Scoop out the pulp and place in a small saucepan. Add lemon juice and
  cook over medium heat until the water has evaporated - about 5
  minutes.
  
  Saute the onion in butter. Blend enough of the flour in to make a
  thick roux, then add milk slowly to form a thick sauce. Beat lightly
  into the eggplant. Season with salt, pepper and nutmeg. Add the
  Parmesan cheese and a few drops of warm milk if dip is too thick.
  
  Store overnight in the refrigerator but bring to room temperature
  before serving with crackers, bagel chips, or strips of crisped pita.
  
  From vegan.zip at Michelle Stewart's SunShine PC Board in Pembroke
  Pines, FL.  Source unknown.  Formatted by Cathy Harned.
  
  File ftp://ftp.idiscover.co.uk/pub/food/mealmaster/recipes/michelle.zip
 
</step></directions></recipe></recipeml>
