<?xml version="1.0" encoding="UTF-8"?>

<recipeml version="0.5">
  <recipe>
    <head>
      <title>Armenian Dinner Sandwich</title>
      <categories>
        <cat>Beef</cat>
        <cat>Sandwiches</cat></categories>
      <yield>4</yield></head>
    <ingredients>
      <ing>
        <amt>
          <qty>1</qty>
          <unit>teaspoon</unit></amt>
        <item>Vegetable Oil</item></ing>
      <ing>
        <amt>
          <qty>1</qty>
          <unit/></amt>
        <item>Onion; chopped</item></ing>
      <ing>
        <amt>
          <qty>2</qty>
          <unit/></amt>
        <item>Cloves Garlic; minced</item></ing>
      <ing>
        <amt>
          <qty>1</qty>
          <unit>teaspoon</unit></amt>
        <item>Paprika</item></ing>
      <ing>
        <amt>
          <qty>3/4</qty>
          <unit>teaspoons</unit></amt>
        <item>Ground Allspice</item></ing>
      <ing>
        <amt>
          <qty>1/2</qty>
          <unit>teaspoons</unit></amt>
        <item>Salt And Pepper</item></ing>
      <ing>
        <amt>
          <qty>1</qty>
          <unit>pound</unit></amt>
        <item>Ground Beef</item></ing>
      <ing>
        <amt>
          <qty>1</qty>
          <unit>can</unit></amt>
        <item>Tomatoes; (14 oz)</item></ing>
      <ing>
        <amt>
          <qty>1/4</qty>
          <unit>cups</unit></amt>
        <item>Tomato Paste</item></ing>
      <ing>
        <amt>
          <qty>1</qty>
          <unit/></amt>
        <item>Green Pepper; chopped</item></ing>
      <ing>
        <amt>
          <qty>1/2</qty>
          <unit>cups</unit></amt>
        <item>Fresh Parsley; chopped</item></ing>
      <ing>
        <amt>
          <qty>8</qty>
          <unit/></amt>
        <item>8-Inch Flour Tortillas Or Pita Breads; warmed</item></ing>
      <ing>
        <amt>
          <qty>1</qty>
          <unit>cup</unit></amt>
        <item>Cucmber; diced</item></ing>
      <ing>
        <amt>
          <qty>1</qty>
          <unit>cup</unit></amt>
        <item>Feta Cheese; crumbled</item></ing></ingredients>
    <directions>
      <step>  1. In a nonstick skillet, heat oil over med-high heat; cook onion and
  garlic, stirring often, for 3 minutes. Add paprika, allspice, salt and
  pepper; cook, stirring, for 1 minute. Add beef; cook, breaking up meat, for
  5 minutes or until no longer pink. Drain off any fat.
  
  2. Add tomatoes and tomato paste, breaking up tomatoes with a fork; bring
  to boil. Reduce heat to medium. Add green pepper and parsley; cook,
  stirring often, for 10 to 15 minutes or until most of the liquid has
  evaporated.
  
  3. Divide beef mixture among tortillas; fold tortillas in half to form
  pockets. Sprinkle beef filling with cucumber, and feta cheese.
  
  NOTES : issue of Canadian Living.
  
  Recipe by: Lisa A Neilson &lt;lneilson@UOGUELPH.CA&gt;
  
  Posted to recipelu-digest by RecipeLu &lt;recipelu@geocities.com&gt; on Mar 08,
  1998
 
</step></directions></recipe></recipeml>
