<?xml version="1.0" encoding="UTF-8"?>

<recipeml version="0.5">
  <recipe>
    <head>
      <title>Arnavut Cigeri (Lamb's Liver with Red Peppers</title>
      <categories>
        <cat>Middle east</cat>
        <cat>Turkish</cat>
        <cat>Side dish</cat>
        <cat>Offal</cat>
        <cat>Publication</cat></categories>
      <yield>4</yield></head>
    <ingredients>
      <ing>
        <amt>
          <qty>2</qty>
          <unit>small</unit></amt>
        <item>Onion; peeled, sliced 1/8</item></ing>
      <ing>
        <amt>
          <qty/>
          <unit/></amt>
        <item>;inch thick and separated</item></ing>
      <ing>
        <amt>
          <qty/>
          <unit/></amt>
        <item>;into rings</item></ing>
      <ing>
        <amt>
          <qty>1</qty>
          <unit>tablespoon</unit></amt>
        <item>Salt</item></ing>
      <ing>
        <amt>
          <qty>1/4</qty>
          <unit>teaspoons</unit></amt>
        <item>Salt</item></ing>
      <ing>
        <amt>
          <qty>1/4</qty>
          <unit>cups</unit></amt>
        <item>Parsley; finely chopped and</item></ing>
      <ing>
        <amt>
          <qty/>
          <unit/></amt>
        <item>;preferably flat leaf</item></ing>
      <ing>
        <amt>
          <qty>1/4</qty>
          <unit>teaspoons</unit></amt>
        <item>Hot red pepper; crushed</item></ing>
      <ing>
        <amt>
          <qty>1</qty>
          <unit>pound</unit></amt>
        <item>Lamb's liver; trimmed and</item></ing>
      <ing>
        <amt>
          <qty/>
          <unit/></amt>
        <item>;cut into 1/2 inch cubes, or</item></ing>
      <ing>
        <amt>
          <qty/>
          <unit/></amt>
        <item>;1 lb. calf's liver, trimmed</item></ing>
      <ing>
        <amt>
          <qty/>
          <unit/></amt>
        <item>;and cubed</item></ing>
      <ing>
        <amt>
          <qty>1/4</qty>
          <unit>cups</unit></amt>
        <item>Raki; or ouzo or pernod or</item></ing>
      <ing>
        <amt>
          <qty/>
          <unit/></amt>
        <item>;any other anise flavored</item></ing>
      <ing>
        <amt>
          <qty/>
          <unit/></amt>
        <item>;aperitif</item></ing>
      <ing>
        <amt>
          <qty>1/4</qty>
          <unit>cups</unit></amt>
        <item>Flour</item></ing>
      <ing>
        <amt>
          <qty>3/4</qty>
          <unit>cups</unit></amt>
        <item>Olive oil</item></ing>
      <ing>
        <amt>
          <qty/>
          <unit/></amt>
        <item>Black pepper; freshly ground</item></ing>
      <ing>
        <amt>
          <qty>2</qty>
          <unit/></amt>
        <item>Red Peppers, long; Italian</item></ing>
      <ing>
        <amt>
          <qty/>
          <unit/></amt>
        <item>;type, cut in half, deribbed</item></ing>
      <ing>
        <amt>
          <qty/>
          <unit/></amt>
        <item>;seeded, and cut lengthwise</item></ing>
      <ing>
        <amt>
          <qty/>
          <unit/></amt>
        <item>;into 1/8 inch wide strips</item></ing></ingredients>
    <directions>
      <step>    Place the onion rings in a sieve or colander, sprinkle with 1 tablespoon
  of the salt, and turn them about with a spoon to coat them evenly. Let them
  rest at room temperature for 30 minutes, then rinse under warm running
  water and squeeze them gently but completely dry. In a large bowl, toss the
  onions, parsley and red pepper together until well mixed. Set aside.
    Drop the liver into a bowl, pour in the raki and stir together for a few
  seconds.  Then pour off the raki. Toss the liver and flour together in
  another bowl, place the liver in a sieve and shake through all the excess
  flour.  In a heavy 10 to 12 inch skillet, heat the oil over high heat until
  a light haze forms above it. Add the liver and stir it about in the hot oil
  for 1 or 2 minutes, or until the cubes are lightly browned. Stir in the
  remaining 1/4 teaspoon of salt and a few grindings of pepper. With a
  slotted spoon, transfer the liver to paper towels to drain.
    Mound the liver in the center of a heated platter, arrange the onion-ring
  mixture and red pepper strips around it and serve at once.
  
  From Gemini's MASSIVE MealMaster collection at www.synapse.com/~gemini
 
</step></directions></recipe></recipeml>
