<?xml version="1.0" encoding="UTF-8"?>

<recipeml version="0.5">
  <recipe>
    <head>
      <title>Arnaud's Crawfish Bisque</title>
      <categories>
        <cat>None</cat></categories>
      <yield>6</yield></head>
    <ingredients>
      <ing>
        <amt>
          <qty>2</qty>
          <unit>pounds</unit></amt>
        <item>Live crawfish</item></ing>
      <ing>
        <amt>
          <qty/>
          <unit/></amt>
        <item>Garlic</item></ing>
      <ing>
        <amt>
          <qty>1</qty>
          <unit>gallon</unit></amt>
        <item>Water</item></ing>
      <ing>
        <amt>
          <qty/>
          <unit/></amt>
        <item>Black peppercorns</item></ing>
      <ing>
        <amt>
          <qty>1</qty>
          <unit>cup</unit></amt>
        <item>Vegetable oil</item></ing>
      <ing>
        <amt>
          <qty/>
          <unit/></amt>
        <item>Bay leaves</item></ing>
      <ing>
        <amt>
          <qty>1 1/2</qty>
          <unit>cups</unit></amt>
        <item>All-purpose flour</item></ing>
      <ing>
        <amt>
          <qty>1</qty>
          <unit>cup</unit></amt>
        <item>Finely diced onion</item></ing>
      <ing>
        <amt>
          <qty>2</qty>
          <unit>teaspoons</unit></amt>
        <item>Chopped parsley</item></ing>
      <ing>
        <amt>
          <qty>2</qty>
          <unit>teaspoons</unit></amt>
        <item>Chopped green onions</item></ing>
      <ing>
        <amt>
          <qty>1</qty>
          <unit>teaspoon</unit></amt>
        <item>Fresh ground black pepper</item></ing>
      <ing>
        <amt>
          <qty>1</qty>
          <unit>teaspoon</unit></amt>
        <item>Cayenne pepper</item></ing>
      <ing>
        <amt>
          <qty>1</qty>
          <unit>teaspoon</unit></amt>
        <item>Whole dried thyme</item></ing>
      <ing>
        <amt>
          <qty>3</qty>
          <unit>tablespoons</unit></amt>
        <item>Tomato paste</item></ing>
      <ing>
        <amt>
          <qty>1</qty>
          <unit>can</unit></amt>
        <item>Rotel tomatoes</item></ing>
      <ing>
        <amt>
          <qty/>
          <unit/></amt>
        <item>Salt</item></ing></ingredients>
    <directions>
      <step>  Place crawfish in a large bowl and sprinkle with all but 3 tsp. of the
  salt. Allow to set for 20 minutes. Bring one gallon water to a boil in a 6
  quart stock pot. Wash crawfish in several changes of fresh water until the
  water runs clear. Add the clean crawfish to the stockpot and bring the
  water back to a boil.
  
  In a heavy gauge pot, heat oil until very hot. Add flour, stirring
  constantly until the roux turns dark chestnut in color. Add garlic, bay
  leaves, black peppercorns and thyme. When the garlic is blonde, add onions,
  celery and bell peppers. When onions are translucent, add tomato paste and
  lower heat. When paste is cooked out, add Rotel tomatoes.
  
  Drain the crawfish, reserving the liquid. Peel. Pass the crawfish and the
  liquid through a food mill, strain and add 1/2 of the liquid to the roux
  and bring to a boil. Smooth out paste and add remaining liquid to the roux.
  Bring to a boil, then lower heat to simmer for one hour. Adjust seasonings
  with salt, cayenne Tabasco and Worcestershire sauce. Serve very hot.
  Posted to recipelu-digest Volume 01 Number 510 by jecraig@lan-inc.com on
  Jan 13, 98
 
</step></directions></recipe></recipeml>
