<?xml version="1.0" encoding="UTF-8"?>

<recipeml version="0.5">
  <recipe>
    <head>
      <title>Arnaki Lemonato Katsarolas (Lamb with Lemon)</title>
      <categories>
        <cat>None</cat></categories>
      <yield>1</yield></head>
    <ingredients>
      <ing>
        <amt>
          <qty>2</qty>
          <unit>pounds</unit></amt>
        <item>Leg of lamb; (up to 2-1/2)</item></ing>
      <ing>
        <amt>
          <qty>1/2</qty>
          <unit>cups</unit></amt>
        <item>Butter</item></ing>
      <ing>
        <amt>
          <qty>2</qty>
          <unit>large</unit></amt>
        <item>Lemons</item></ing>
      <ing>
        <amt>
          <qty>2</qty>
          <unit>cups</unit></amt>
        <item>Water</item></ing>
      <ing>
        <amt>
          <qty>2</qty>
          <unit>pounds</unit></amt>
        <item>Small red potatoes</item></ing>
      <ing>
        <amt>
          <qty/>
          <unit/></amt>
        <item>Olive oil</item></ing>
      <ing>
        <amt>
          <qty/>
          <unit/></amt>
        <item>Salt and pepper to taste</item></ing></ingredients>
    <directions>
      <step>  Wash and dry lamb. Cut into serving portions. Heat pan; add butter and
  brown lamb. Salt and pepper meat after it is partially browned. When nicely
  brown, add lemon juice. Immediately cover for one minute. Add 2 cups of
  water and cover again. Lower heat to a simmer and allow meat to stew
  slowly.
  
  While lamb is stewing, peel (optional) and wash potatoes. Fry them in
  plenty of oil. When the lamb is tender, add the potatoes to the pan. Add
  more salt and a bit more water, if necessary, and allow to simmer for 10
  more minutes. Serve with freshly ground black pepper.
  
  Posted to TNT Recipes Digest, Vol 01, Nr 945 by vu-man@juno.com (V U Man)
  on Jan 16, 1998
 
</step></directions></recipe></recipeml>
