<?xml version="1.0" encoding="UTF-8"?>

<recipeml version="0.5">
  <recipe>
    <head>
      <title>Arni Souvlaki (Skewered Lamb)</title>
      <categories>
        <cat>Greek</cat>
        <cat>Meats</cat>
        <cat>Lamb</cat></categories>
      <yield>6</yield></head>
    <ingredients>
      <ing>
        <amt>
          <qty/>
          <unit/></amt>
        <item>Karen Mintzias</item></ing>
      <ing>
        <amt>
          <qty>1</qty>
          <unit/></amt>
        <item>Leg lamb (2 kg), boned</item></ing>
      <ing>
        <amt>
          <qty>1/2</qty>
          <unit>cups</unit></amt>
        <item>Olive oil</item></ing>
      <ing>
        <amt>
          <qty>1/2</qty>
          <unit>cups</unit></amt>
        <item>Dry white wine</item></ing>
      <ing>
        <amt>
          <qty>1</qty>
          <unit/></amt>
        <item>Lemon (juice only)</item></ing>
      <ing>
        <amt>
          <qty>2</qty>
          <unit>teaspoons</unit></amt>
        <item>Dried rigani or oregano</item></ing>
      <ing>
        <amt>
          <qty>2</qty>
          <unit/></amt>
        <item>Garlic cloves; crushed</item></ing>
      <ing>
        <amt>
          <qty>3</qty>
          <unit/></amt>
        <item>Bay leaves; broken in pieces</item></ing>
      <ing>
        <amt>
          <qty/>
          <unit/></amt>
        <item>Salt and pepper</item></ing></ingredients>
    <directions>
      <step>  Serves: 6-8 Cooking time: 15 minutes
  
  Cut lamb into 4 cm (1 1/2 inch) cubes and place in a glass or earthenware
  dish.  Add remaining ingredients to lamb, mix well to coat meat, and cover.
  Leave in refrigerator to marinate for 12-24 hours, stirring meat
  occasionally.
  
  Lift lamb out of marinade and thread onto metal skewers. Pieces of bay leaf
  may be placed between lamb cubes.
  
  Cook under a hot grill or over glowing charcoal, running and basting
  frequently with marinade.  Grill for 15 minutes or until cooked to taste.
  Place on a platter and garnish with parsley and lemon wedges. Serve hot.
  
  From: "The Complete Middle East Cookbook" by Tess Mallos. ISBN: 1 86302 069
  1
  
  Typed for you by Karen Mintzias
  
  From Gemini's MASSIVE MealMaster collection at www.synapse.com/~gemini
 
</step></directions></recipe></recipeml>
