<?xml version="1.0" encoding="UTF-8"?>

<recipeml version="0.5">
  <recipe>
    <head>
      <title>Arni Exohiko ("Surprise" Lamb, Country Style</title>
      <categories>
        <cat>Greek</cat>
        <cat>Meats</cat>
        <cat>Lamb</cat></categories>
      <yield>8</yield></head>
    <ingredients>
      <ing>
        <amt>
          <qty/>
          <unit/></amt>
        <item>Karen Mintzias</item></ing>
      <ing>
        <amt>
          <qty>2</qty>
          <unit>tablespoons</unit></amt>
        <item>Olive oil</item></ing>
      <ing>
        <amt>
          <qty>8</qty>
          <unit/></amt>
        <item>Loin lamb chops</item></ing>
      <ing>
        <amt>
          <qty>18</qty>
          <unit/></amt>
        <item>Sheets commercial phyllo</item></ing>
      <ing>
        <amt>
          <qty>6</qty>
          <unit>tablespoons</unit></amt>
        <item>Butter; hot and melted</item></ing>
      <ing>
        <amt>
          <qty>2</qty>
          <unit>cups</unit></amt>
        <item>Peas; cooked and drained</item></ing>
      <ing>
        <amt>
          <qty>16</qty>
          <unit/></amt>
        <item>Potato balls; parboiled</item></ing>
      <ing>
        <amt>
          <qty>16</qty>
          <unit/></amt>
        <item>Cherry tomatoes; peeled</item></ing>
      <ing>
        <amt>
          <qty>1/2</qty>
          <unit>pounds</unit></amt>
        <item>Kasseri cheese; in 8 pieces</item></ing>
      <ing>
        <amt>
          <qty/>
          <unit/></amt>
        <item>Salt &amp; freshly ground pepper</item></ing>
      <ing>
        <amt>
          <qty>3/4</qty>
          <unit>cups</unit></amt>
        <item>Chopped fresh parsley</item></ing>
      <ing>
        <amt>
          <qty>1</qty>
          <unit>pinch</unit></amt>
        <item>Dried oregano</item></ing></ingredients>
    <directions>
      <step>  *Note: 3/4-inch slices leg of lamb may be used instead of lamb chops.
  
  In a heavy skillet, heat the oil or butter and fry the lamb over high heat,
  turning frequently.  Lower the heat and simmer for 15 minutes, then remove
  from the heat. Meanwhile, unroll the filo sheets and cover with a damp
  towel.  In a small pan over low heat, have the butter hot without letting
  it brown. Remove two sheets of filo, brush with hot butter over the first,
  then cover with the second sheet and brush it with butter. In the center of
  the buttered filo place 1 lamb chop, 2 tablspoons peas, 2 potato balls, 2
  cherry tomatoes, and a slice of kasseri. Sprinkle with salt and pepper, a
  heaping tablespoon of parsley, and a pinch of oregano. Fold the filo around
  the lamb and vegetables like a sealed parcel. Place, seam side down, on a
  buttered baking pan (approximately 11 x 15 x 3 inches) and set aside while
  you repeat the procedure with the remaining ingredients to make 8
  "parcels".  Brush hot butter on the tops, then bake in a moderate oven (350
  F) for 45 to 50 minutes or until golden in color. Remove from the oven and
  arrange on a warm platter or on individual dishes. Serve warm, with a
  fresh-cooked or raw vegetable salad.
  
  Note: The vegetables and herbs may be varied. Substitute green beans or
  lima beans for peas, use thyme or basil instead of oregano. Arni Exohiko is
  frequently prepared using buttered waxed paper, parchment paper or aluminum
  foil rather than with filo.
  
  From: "The Food of Greece" by Vilma Liacouras Chantiles. Avenel Books, New
  York.
  
  Typed for you by Karen Mintzias
  
  From Gemini's MASSIVE MealMaster collection at www.synapse.com/~gemini
 
</step></directions></recipe></recipeml>
