<?xml version="1.0" encoding="UTF-8"?>

<recipeml version="0.5">
  <recipe>
    <head>
      <title>Arni Me Araka (Lamb with Peas)</title>
      <categories>
        <cat>Meats</cat>
        <cat>Main dish</cat>
        <cat>Greek</cat></categories>
      <yield>6</yield></head>
    <ingredients>
      <ing>
        <amt>
          <qty>3</qty>
          <unit>pounds</unit></amt>
        <item>Lamb</item></ing>
      <ing>
        <amt>
          <qty>1/2</qty>
          <unit>pounds</unit></amt>
        <item>Butter or margarine</item></ing>
      <ing>
        <amt>
          <qty>4</qty>
          <unit/></amt>
        <item>Scallions, chopped</item></ing>
      <ing>
        <amt>
          <qty>1 1/2</qty>
          <unit>pounds</unit></amt>
        <item>Tomatoes, peeled,strained OR</item></ing>
      <ing>
        <amt>
          <qty>1</qty>
          <unit>tablespoon</unit></amt>
        <item>Tomato paste + 2 c. water</item></ing>
      <ing>
        <amt>
          <qty>1</qty>
          <unit>tablespoon</unit></amt>
        <item>Dill, chopped</item></ing>
      <ing>
        <amt>
          <qty>1</qty>
          <unit>tablespoon</unit></amt>
        <item>Parsley, chopped</item></ing>
      <ing>
        <amt>
          <qty/>
          <unit/></amt>
        <item>Salt &amp; pepper to taste</item></ing>
      <ing>
        <amt>
          <qty>4</qty>
          <unit>pounds</unit></amt>
        <item>Peas, shelled, washed</item></ing>
      <ing>
        <amt>
          <qty/>
          <unit/></amt>
        <item>Water as needed</item></ing></ingredients>
    <directions>
      <step>     Cut meat into 1 1/2" cubes (approx.).  Wash and drain. Brown butter in a
  pot.  Add meat and brown well. Add scallions, and cook until soft but not
  dark.  Add tomatoes (or diluted tomato paste), dill, parsley, salt &amp;
  pepper.  Simmer abt. 20 min.  Add peas and an addt'l. 1 c. water. Cover,
  simmer until all liquid is absorbed and only butter remains as a sauce.
  
  From Gemini's MASSIVE MealMaster collection at www.synapse.com/~gemini
 
</step></directions></recipe></recipeml>
