<?xml version="1.0" encoding="UTF-8"?>

<recipeml version="0.5">
  <recipe>
    <head>
      <title>Arni Lemonato (Roast Lemon Lamb)</title>
      <categories>
        <cat>Greek</cat>
        <cat>Meats</cat>
        <cat>Lamb</cat></categories>
      <yield>8</yield></head>
    <ingredients>
      <ing>
        <amt>
          <qty/>
          <unit/></amt>
        <item>Karen Mintzias</item></ing>
      <ing>
        <amt>
          <qty>1</qty>
          <unit/></amt>
        <item>Leg of lamb, about 2 kg</item></ing>
      <ing>
        <amt>
          <qty>3</qty>
          <unit/></amt>
        <item>Garlic cloves</item></ing>
      <ing>
        <amt>
          <qty>2</qty>
          <unit/></amt>
        <item>Lemons (juice only)</item></ing>
      <ing>
        <amt>
          <qty/>
          <unit/></amt>
        <item>Salt</item></ing>
      <ing>
        <amt>
          <qty/>
          <unit/></amt>
        <item>Freshly ground black pepper</item></ing>
      <ing>
        <amt>
          <qty>1</qty>
          <unit>teaspoon</unit></amt>
        <item>Dried rigani or oregano</item></ing>
      <ing>
        <amt>
          <qty>2</qty>
          <unit>tablespoons</unit></amt>
        <item>Butter or margarine</item></ing>
      <ing>
        <amt>
          <qty>1</qty>
          <unit>cup</unit></amt>
        <item>Hot water</item></ing></ingredients>
    <directions>
      <step>  Serves: 6-8 Oven temperature: 180 C (350 F) Cooking time: 2 1/2 hours
  
  Wipe leg with damp cloth.  Cut small slits over surface of lamb. Cut garlic
  cloves into slivers and insert in slits. Rub entire surface with lemon
  juice and season with salt and pepper. Sprinkle with herb and place in a
  roasting pan.  Cook in a moderate oven for 1 hour. Drain off fat and add
  hot water to pan. Spread butter on lamb and return to oven. Cook for
  further 1 1/2 hours or until lamb is cooked to taste. Turn during cooking
  to brown evenly.  Allow lamb to rest in warm place for 15 to 20 minutes
  before carving. Skim off excess fat from pan juices, reduce if necessary
  and serve with the lamb.
  
  Note: 1 kg (2 lb) potatoes, peeled and quartered, may be cooked with the
  lamb during the last hour. Sprinkle with additional lemon juice, herb, salt
  and pepper.
  
  From: "The Complete Middle East Cookbook" by Tess Mallos. ISBN: 1 86302 069
  1
  
  Typed for you by Karen Mintzias
  
  From Gemini's MASSIVE MealMaster collection at www.synapse.com/~gemini
 
</step></directions></recipe></recipeml>
