<?xml version="1.0" encoding="UTF-8"?>

<recipeml version="0.5">
  <recipe>
    <head>
      <title>Arni Psito Me Patates (Roast Lamb with Potatoes)</title>
      <categories>
        <cat>Greece</cat>
        <cat>Lamb/mutton</cat>
        <cat>Main dish</cat>
        <cat>Submitted</cat>
        <cat>Archived</cat></categories>
      <yield>8</yield></head>
    <ingredients>
      <ing>
        <amt>
          <qty>1</qty>
          <unit/></amt>
        <item>Lamb, leg of; young, spring</item></ing>
      <ing>
        <amt>
          <qty>3</qty>
          <unit/></amt>
        <item>Garlic cloves</item></ing>
      <ing>
        <amt>
          <qty/>
          <unit/></amt>
        <item>Salt; to taste</item></ing>
      <ing>
        <amt>
          <qty/>
          <unit/></amt>
        <item>Pepper, black; to taste</item></ing>
      <ing>
        <amt>
          <qty>4</qty>
          <unit>tablespoons</unit></amt>
        <item>Butter; melted</item></ing>
      <ing>
        <amt>
          <qty>1</qty>
          <unit/></amt>
        <item>Lemon; juiced</item></ing>
      <ing>
        <amt>
          <qty>20</qty>
          <unit>small</unit></amt>
        <item>Potatoes; peeled</item></ing>
      <ing>
        <amt>
          <qty/>
          <unit/></amt>
        <item>Salt</item></ing>
      <ing>
        <amt>
          <qty>2</qty>
          <unit>tablespoons</unit></amt>
        <item>Tomato paste</item></ing>
      <ing>
        <amt>
          <qty>2</qty>
          <unit>cups</unit></amt>
        <item>Water; hot</item></ing></ingredients>
    <directions>
      <step>    Wash leg of lamb.  Slit with sharp knife in various places on both sides
  of lamb.  Slice garlic thinly and insert the slices in slits made in lamb.
  Season with salt and pepper and brush with melted butter. Squeeze lemon
  juice over lamb and place in roasting pan, fat side up. Roast at 450 F for
      1/2    hour.
    While lamb is browning, sprinkle potatoes with salt, rub with tomato
  paste, and let stand for a few minutes. Add potatoes to the baking pan with
  the water and lower oven temperature to 350 F. Turn and baste the potatoes
  occasionally during the roasting period. When lamb is done, remove to hot
  serving platter and keep warm. Increase oven temperature to 425 F and brown
  potatoes for 20 minutes longer.
    Source: The Art of Greek Cookery by the Women of St. Pauls Greek Orthodox
  Church Typed for you by Karen Mintzias, reposted by DonW1948@aol.com
  
  File ftp://ftp.idiscover.co.uk/pub/food/mealmaster/recipes/mmdja006.zip
 
</step></directions></recipe></recipeml>
