<?xml version="1.0" encoding="UTF-8"?>

<recipeml version="0.5">
  <recipe>
    <head>
      <title>Arni Fricase Me Kremmithakia Ke Maroulia (Lamb Fricassee)</title>
      <categories>
        <cat>Meats</cat>
        <cat>Main dish</cat>
        <cat>Greek</cat></categories>
      <yield>6</yield></head>
    <ingredients>
      <ing>
        <amt>
          <qty>5</qty>
          <unit>pounds</unit></amt>
        <item>Shoulder or back of lamb</item></ing>
      <ing>
        <amt>
          <qty>3/4</qty>
          <unit>cups</unit></amt>
        <item>Butter</item></ing>
      <ing>
        <amt>
          <qty>10</qty>
          <unit/></amt>
        <item>Scallions</item></ing>
      <ing>
        <amt>
          <qty/>
          <unit/></amt>
        <item>Water as needed</item></ing>
      <ing>
        <amt>
          <qty/>
          <unit/></amt>
        <item>Coarse salt</item></ing>
      <ing>
        <amt>
          <qty>3</qty>
          <unit/></amt>
        <item>Heads of lettuce</item></ing>
      <ing>
        <amt>
          <qty>2</qty>
          <unit>tablespoons</unit></amt>
        <item>Dill, chopped (or to taste)</item></ing>
      <ing>
        <amt>
          <qty/>
          <unit/></amt>
        <item>Salt &amp; pepper to taste</item></ing>
      <ing>
        <amt>
          <qty>2</qty>
          <unit/></amt>
        <item>Egg yolks</item></ing>
      <ing>
        <amt>
          <qty>2</qty>
          <unit/></amt>
        <item>Lemons, juice only</item></ing></ingredients>
    <directions>
      <step>     Cut lamb into serving-size strips.  Place in pot with the butter.  Clean
  scallions; chop the white part into small pcs. and the greens into larger
  ones (abt. 1 1/2" long); add to meat.  Add 1/2 c. water and a little coarse
  salt; cook over med. heat for abt. 1 hr.
  
     Clean lettuce and cut into 2-inch pcs.
  
     As soon as meat has absorbed the water it will begin to brown in the
  butter but do not let the scallions brown.  Add dill, lettuce, salt &amp;
  pepper.  Cover pot and simmer over low heat for abt. 15 min.  If it is
  needed, add a little water toward the end of the cooking time (not in the
  beginning, because then the lettuce will exude water).
  
     Beat egg yolks with 2 tb. of water, add the juice from the lemons, and
  beat it in well.  Add a little of the liquid from the pot, beating
  constantly.  Pour this sauce back into the pot and shake the pot gently to
  mix the sauce with the food.  Serve immediately.
  
  File ftp://ftp.idiscover.co.uk/pub/food/mealmaster/recipes/mmdjaxxx.zip
 
</step></directions></recipe></recipeml>
