<?xml version="1.0" encoding="UTF-8"?>

<recipeml version="0.5">
  <recipe>
    <head>
      <title>Arni Souvlaki</title>
      <categories>
        <cat>Lamb</cat>
        <cat>Main dish</cat>
        <cat>Ethnic</cat></categories>
      <yield>8</yield></head>
    <ingredients>
      <ing>
        <amt>
          <qty/>
          <unit/></amt>
        <item>NANCY BERRY</item></ing>
      <ing>
        <amt>
          <qty>1</qty>
          <unit/></amt>
        <item>Leg lamb;about 4 lb. --</item></ing>
      <ing>
        <amt>
          <qty/>
          <unit/></amt>
        <item>Boned</item></ing>
      <ing>
        <amt>
          <qty>1/2</qty>
          <unit>cups</unit></amt>
        <item>Olive oil</item></ing>
      <ing>
        <amt>
          <qty>1/2</qty>
          <unit>cups</unit></amt>
        <item>Dry white wine</item></ing>
      <ing>
        <amt>
          <qty/>
          <unit/></amt>
        <item>Juice of 1 lemon</item></ing>
      <ing>
        <amt>
          <qty>2</qty>
          <unit>teaspoons</unit></amt>
        <item>Dried oregano</item></ing>
      <ing>
        <amt>
          <qty>20</qty>
          <unit>mililiters</unit></amt>
        <item>Garlic -- crushed or</item></ing>
      <ing>
        <amt>
          <qty/>
          <unit/></amt>
        <item>Chopped</item></ing>
      <ing>
        <amt>
          <qty>3</qty>
          <unit/></amt>
        <item>Bay leaves -- broken in</item></ing>
      <ing>
        <amt>
          <qty/>
          <unit/></amt>
        <item>Pieces</item></ing>
      <ing>
        <amt>
          <qty/>
          <unit/></amt>
        <item>Salt and freshly ground</item></ing>
      <ing>
        <amt>
          <qty/>
          <unit/></amt>
        <item>Black pepper to taste</item></ing>
      <ing>
        <amt>
          <qty/>
          <unit/></amt>
        <item>(CWBJ78A)</item></ing></ingredients>
    <directions>
      <step>  Cut lamb into 1 1/2 inch cubes and place in a non-reactive (glass or
  earthenware) dish. Add remaining ingredients to lamb, mix well to coat
  meat, and cover.  You   can also place all ingredients in a heavy plastic
  bag and seal. Leave in refrigerator to marinate for 12-24 hours, stirring
  meat occasionally. Lift lamb out of marinade and thread onto metal skewers.
  Pieces of bay leaf may be placed between lamb cubes. Since most vegetables
  have different cooking times, I would suggest that you skewer peppers,
  onions, etc. separately and serve them together with the lamb. If you wish
  these may be marinated also (in a separate bag.)  Cook under a hot broiler
  or over glowing charcoal, turning and basting frequently with marinade. I
  like this best medium rare. Keep checking the meat -- the cooking time will
  vary because charcoal fires are so variable. Place on a platter and garnish
  with parsley and lemon wedges. Serves 6-8.
  
  Formatted by Elaine Radis BGMB90B; October, 1993 Posted in 1991
  
  Recipe By     :
  
  File ftp://ftp.idiscover.co.uk/pub/food/mealmaster/recipes/mmdja006.zip
 
</step></directions></recipe></recipeml>
