<?xml version="1.0" encoding="UTF-8"?>

<recipeml version="0.5">
  <recipe>
    <head>
      <title>Aromatic Broth with Vegetable Slivers</title>
      <categories>
        <cat>Soup</cat></categories>
      <yield>4</yield></head>
    <ingredients>
      <ing>
        <amt>
          <qty>1</qty>
          <unit/></amt>
        <item>Stalk lemon grass</item></ing>
      <ing>
        <amt>
          <qty>4</qty>
          <unit>cups</unit></amt>
        <item>Cubed chicken meat</item></ing>
      <ing>
        <amt>
          <qty/>
          <unit/></amt>
        <item>Chicken or fish stock</item></ing>
      <ing>
        <amt>
          <qty>1/2</qty>
          <unit>cups</unit></amt>
        <item>Sliced cilantro leaves</item></ing>
      <ing>
        <amt>
          <qty>1</qty>
          <unit/></amt>
        <item>Serrano or Jalapeno chili</item></ing>
      <ing>
        <amt>
          <qty>1/2</qty>
          <unit>teaspoons</unit></amt>
        <item>Grated lime zest</item></ing>
      <ing>
        <amt>
          <qty/>
          <unit/></amt>
        <item>Lime juice to taste</item></ing>
      <ing>
        <amt>
          <qty>1 1/2</qty>
          <unit>tablespoons</unit></amt>
        <item>Salt</item></ing>
      <ing>
        <amt>
          <qty/>
          <unit/></amt>
        <item>Pepper to taste</item></ing>
      <ing>
        <amt>
          <qty>3</qty>
          <unit>ounces</unit></amt>
        <item>Snow peas</item></ing>
      <ing>
        <amt>
          <qty>1</qty>
          <unit>medium</unit></amt>
        <item>Carrot; peeled</item></ing>
      <ing>
        <amt>
          <qty>4</qty>
          <unit>medium</unit></amt>
        <item>Radishes</item></ing>
      <ing>
        <amt>
          <qty>1</qty>
          <unit/></amt>
        <item>Scallion; green part of</item></ing>
      <ing>
        <amt>
          <qty>2</qty>
          <unit>tablespoons</unit></amt>
        <item>Whole cilantro leaves</item></ing></ingredients>
    <directions>
      <step>  From: kmeade@ids2.idsonline.com (The Meades)
  
  Date: Sun, 5 May 1996 20:09:56 -0400
  1. Cut lemon grass in 2-inch pieces; bruise lightly. Combine with stock,
  cilantro stems, chili, and lime zest in sauce pan. Simmer, covered, 15
  minutes (halfway through, taste and remove hot pepper, if desired, or leave
  in longer for more heat).
  
  2. Strain. (Solids can be re-used with more cilantro to flavor another
  batch of broth.) Add lime juice, salt and pepper.
  
  3. Cut snow peas in thin diagonal strips. With vegetable peeler shave 2
  inch ribbons of carrot. Thinly slice radishes and scallion.
  
  4. Bring soup to a boil: stir in snow peas and carrots and boil until just
  tender --about 1 1/2 minutes. Stir in radishes, scallion, and cilantro;
  bring to a boil. Serve at once.
  
  MC-RECIPE@MASTERCOOK.COM
  
  MASTERCOOK RECIPES LIST SERVER
  
  MC-RECIPE DIGEST V1 #71
  
  From the MasterCook recipe list.  Downloaded from Glen's MM Recipe Archive,
  http://www.erols.com/hosey.
 
</step></directions></recipe></recipeml>
