<?xml version="1.0" encoding="UTF-8"?>

<recipeml version="0.5">
  <recipe>
    <head>
      <title>Aromatic and Crispy Duck</title>
      <categories>
        <cat>Poultry</cat></categories>
      <yield>1</yield></head>
    <ingredients>
      <ing>
        <amt>
          <qty>1</qty>
          <unit/></amt>
        <item>Duckling</item></ing>
      <ing>
        <amt>
          <qty>2</qty>
          <unit>teaspoons</unit></amt>
        <item>Salt</item></ing>
      <ing>
        <amt>
          <qty>4</qty>
          <unit/></amt>
        <item>Spring onions</item></ing>
      <ing>
        <amt>
          <qty>4</qty>
          <unit>slices</unit></amt>
        <item>Ginger root</item></ing>
      <ing>
        <amt>
          <qty>4</qty>
          <unit/></amt>
        <item>Star anise*</item></ing>
      <ing>
        <amt>
          <qty>1</qty>
          <unit>teaspoon</unit></amt>
        <item>Cloves*</item></ing>
      <ing>
        <amt>
          <qty>2</qty>
          <unit/></amt>
        <item>Sticks cinnamon*</item></ing>
      <ing>
        <amt>
          <qty>1</qty>
          <unit>tablespoon</unit></amt>
        <item>Sichuan peppercorns</item></ing>
      <ing>
        <amt>
          <qty>4</qty>
          <unit>tablespoons</unit></amt>
        <item>Sherry</item></ing>
      <ing>
        <amt>
          <qty>4</qty>
          <unit>tablespoons</unit></amt>
        <item>Soy sauce</item></ing>
      <ing>
        <amt>
          <qty>1</qty>
          <unit/></amt>
        <item>Lettuce heart</item></ing></ingredients>
    <directions>
      <step>  * or 2-3 tsp Five Spice powder
  
  Clean duck well, trim wing tips, split down back, rub salt on,
  marinate in large bowl with spring onions cut into short lengths,
  ginger root, spices, wine, soy sauce 4 hours or more. Remove, place
  in deep dish inside large steamer, steam vigorously 3-4 hours,
  Remove, drain, cool 4-6 hours. Heat deep-fryer until smoking, deepfry
  skin side down first 5 minutes until brown, turn over, fry 4-5 mins.
  more, drain. Chop into small bite-size pieces, serve on lettuce
  leaves or use lettuce leaf like a pancake with hoisin or plum sauce,
  spring onions &amp;/or shredded cucumbers.
  
  File ftp://ftp.idiscover.co.uk/pub/food/mealmaster/recipes/mmkah001.zip
 
</step></directions></recipe></recipeml>
