<?xml version="1.0" encoding="UTF-8"?>

<recipeml version="0.5">
  <recipe>
    <head>
      <title>Aromatic Cabbage</title>
      <categories>
        <cat>Vegetables</cat></categories>
      <yield>6</yield></head>
    <ingredients>
      <ing>
        <amt>
          <qty>1</qty>
          <unit/></amt>
        <item>Cabbage; small, about 2 1/2s</item></ing>
      <ing>
        <amt>
          <qty>2</qty>
          <unit/></amt>
        <item>Onions;medium</item></ing>
      <ing>
        <amt>
          <qty>3</qty>
          <unit>tablespoons</unit></amt>
        <item>Vegetable oil</item></ing>
      <ing>
        <amt>
          <qty>1/2</qty>
          <unit>teaspoons</unit></amt>
        <item>Cumin seeds,whole</item></ing>
      <ing>
        <amt>
          <qty>1/2</qty>
          <unit>teaspoons</unit></amt>
        <item>Fennel seeds, whole</item></ing>
      <ing>
        <amt>
          <qty>4</qty>
          <unit>teaspoons</unit></amt>
        <item>Sesame seeds Salt</item></ing></ingredients>
    <directions>
      <step>    Remove coarse outer leaves from cabbage, quarter and core. Cut into fine
  fine shred, either by hand or with food processor. Set aside. Peel onions;
  cut in half lengthwise. Cut crosswise into thin half rings; set aside.
    In large wok or large wide pot over medium heat, heat oil. When very hot,
  add the cumin and the fennel seeds. As soon as the seeds turn a shade
  darker (just a few minutes) toss in the sesame seeds. Stir for a second
  before adding onions. Stir fry 2 or 3 minutes or 'til browned on the edges.
  Cover tightly and turn heat to low. Cook 2-3 minutes or 'til cabbage wilts.
  Uncover and cook over high heat, stir fry 5 minutes or 'til vegetables are
  very tender. SERVES: 6
  
  From Gemini's MASSIVE MealMaster collection at www.synapse.com/~gemini
 
</step></directions></recipe></recipeml>
