<?xml version="1.0" encoding="UTF-8"?>

<recipeml version="0.5">
  <recipe>
    <head>
      <title>Aromatic Braised Lamb Shank with Napa Cabbage and Orzo Stew</title>
      <categories>
        <cat>Cooking liv</cat>
        <cat>Import</cat></categories>
      <yield>1</yield></head>
    <ingredients>
      <ing>
        <amt>
          <qty>3</qty>
          <unit>cups</unit></amt>
        <item>All-purpose flour</item></ing>
      <ing>
        <amt>
          <qty>1/2</qty>
          <unit>cups</unit></amt>
        <item>Chili powder</item></ing>
      <ing>
        <amt>
          <qty>1/4</qty>
          <unit>cups</unit></amt>
        <item>Salt</item></ing>
      <ing>
        <amt>
          <qty>1/8</qty>
          <unit>cups</unit></amt>
        <item>Black pepper</item></ing>
      <ing>
        <amt>
          <qty>12</qty>
          <unit/></amt>
        <item>Lamb shanks; 6 to 8-inches long</item></ing>
      <ing>
        <amt>
          <qty>5</qty>
          <unit/></amt>
        <item>Onions; chopped</item></ing>
      <ing>
        <amt>
          <qty>3</qty>
          <unit/></amt>
        <item>Fennel bulbs; chopped</item></ing>
      <ing>
        <amt>
          <qty>1</qty>
          <unit/></amt>
        <item>Celery stalk; chopped</item></ing>
      <ing>
        <amt>
          <qty>4</qty>
          <unit>large</unit></amt>
        <item>Carrots; chopped</item></ing>
      <ing>
        <amt>
          <qty>1/2</qty>
          <unit>cups</unit></amt>
        <item>Garlic; minced</item></ing>
      <ing>
        <amt>
          <qty>1/2</qty>
          <unit>cups</unit></amt>
        <item>Ginger; minced</item></ing>
      <ing>
        <amt>
          <qty>1</qty>
          <unit>cup</unit></amt>
        <item>Fermented black beans</item></ing>
      <ing>
        <amt>
          <qty>1</qty>
          <unit/></amt>
        <item>16 ounces ca tomatoes; with sauce</item></ing>
      <ing>
        <amt>
          <qty>1</qty>
          <unit/></amt>
        <item>Bottle red wine</item></ing>
      <ing>
        <amt>
          <qty>2</qty>
          <unit>cups</unit></amt>
        <item>Dark soy sauce</item></ing>
      <ing>
        <amt>
          <qty>1/2</qty>
          <unit>bunches</unit></amt>
        <item>Fresh thyme</item></ing>
      <ing>
        <amt>
          <qty>4</qty>
          <unit/></amt>
        <item>Bay leaves</item></ing>
      <ing>
        <amt>
          <qty/>
          <unit/></amt>
        <item>Water; to cover</item></ing></ingredients>
    <directions>
      <step>  In a shallow dish, combine flour, chili, salt and pepper. Coat the shanks
  well. In an oven proof casserole, brown the lamb on all sides. Remove the
  lamb and set aside. Wipe out the pan. Saute the onions, fennel, celery,
  carrots, garlic, ginger, and black beans. Add the tomatoes, wine, soy,
  thyme and bay leaves. Check for seasoning. Return the lamb to the pan and
  bring to a boil. Cover with water and simmer for at least 3 to 4 hours,
  until meat is falling off the bone. Remove the shanks from the pan and
  reduce the sauce until slightly thickened.
  
  Recipe by: Cooking Live Show #CL9000
  
  Posted to MC-Recipe Digest V1 #904 by "Angele and Jon Freeman"
  &lt;jfreeman@comteck.com&gt; on Nov 12, 1997
 
</step></directions></recipe></recipeml>
