<?xml version="1.0" encoding="UTF-8"?>

<recipeml version="0.5">
  <recipe>
    <head>
      <title>Ab Fab Artichoke Dip/sandwich Filling (Ovo La</title>
      <categories>
        <cat>Digest</cat>
        <cat>Dec.</cat>
        <cat>Fatfree</cat></categories>
      <yield>1</yield></head>
    <ingredients>
      <ing>
        <amt>
          <qty>1</qty>
          <unit>package</unit></amt>
        <item>Frozen artichoke hearts</item></ing>
      <ing>
        <amt>
          <qty/>
          <unit>x</unit></amt>
        <item>Italian herbs</item></ing>
      <ing>
        <amt>
          <qty/>
          <unit>x</unit></amt>
        <item>Balsamic vinegar</item></ing>
      <ing>
        <amt>
          <qty/>
          <unit>x</unit></amt>
        <item>1 t olive oil</item></ing>
      <ing>
        <amt>
          <qty>1</qty>
          <unit/></amt>
        <item>Onion, chopped fine</item></ing>
      <ing>
        <amt>
          <qty>3</qty>
          <unit/></amt>
        <item>Garlic cloves Peeled and</item></ing>
      <ing>
        <amt>
          <qty/>
          <unit/></amt>
        <item>Squinched up into little</item></ing>
      <ing>
        <amt>
          <qty/>
          <unit/></amt>
        <item>Pieces</item></ing>
      <ing>
        <amt>
          <qty>1</qty>
          <unit>large</unit></amt>
        <item>Package of mushrooms,</item></ing>
      <ing>
        <amt>
          <qty/>
          <unit/></amt>
        <item>Sliced</item></ing>
      <ing>
        <amt>
          <qty>1/2</qty>
          <unit>cups</unit></amt>
        <item>Or so f/f parmesan cheese</item></ing>
      <ing>
        <amt>
          <qty>2</qty>
          <unit/></amt>
        <item>Spoonsfuls of f/f mayo and</item></ing>
      <ing>
        <amt>
          <qty/>
          <unit/></amt>
        <item>F/f sour cream.</item></ing>
      <ing>
        <amt>
          <qty>1</qty>
          <unit>dash</unit></amt>
        <item>Worcestershireshshchestshire</item></ing>
      <ing>
        <amt>
          <qty/>
          <unit/></amt>
        <item>(you know what I mean)</item></ing></ingredients>
    <directions>
      <step>  Marinate artichoke hearts with italian herbs and some balsamic vinegar. I
  myself add a teaspoon or so of olive oil (someone will be coming to measure
  me now, I'm sure).
  
  Stir artichoke hearts and rest of ingredients together. DON'T put in so
  much white stuff that it is too moist because the mushrooms will release
  moisture and then it will get gross.
  
  Bake at 350 for about 30 minutes in a French White Corning Ware casserole.
  If you put it in anything else it will explode.
  
  This is great as a dip, or in a pita sandwich.  I hope you like it, and I
  promise not to post too often until I actually learn to measure and write
  :-)
  
  Posted by Cynthia Barnes &lt;cbarnes@bigcat.missouri.edu&gt; to Fatfree Digest
  [Volume 13 Issue 13]
  
  FATFREE Recipe collections copyrighted by Michelle Dick 1994. Used with
  permission. Formatted by Sue Smith, S.Smith34, TXFT40A@Prodigy.com using
  MMCONV.
  
  1.80á
  
  File ftp://ftp.idiscover.co.uk/pub/food/mealmaster/recipes/fatfreex.zip
 
</step></directions></recipe></recipeml>
