<?xml version="1.0" encoding="UTF-8"?>

<recipeml version="0.5">
  <recipe>
    <head>
      <title>Absinthe Suissesse</title>
      <categories>
        <cat>S</cat>
        <cat>S</cat>
        <cat>E</cat>
        <cat>N</cat>
        <cat>C</cat></categories>
      <yield>1</yield></head>
    <ingredients>
      <ing>
        <amt>
          <qty>1 1/2</qty>
          <unit>ounces</unit></amt>
        <item>Pernod</item></ing>
      <ing>
        <amt>
          <qty>1/2</qty>
          <unit>ounces</unit></amt>
        <item>Orgeat; (almond simple syrup)</item></ing>
      <ing>
        <amt>
          <qty>1</qty>
          <unit/></amt>
        <item>Egg white; (optional)</item></ing>
      <ing>
        <amt>
          <qty>1/2</qty>
          <unit>ounces</unit></amt>
        <item>Heavy cream</item></ing>
      <ing>
        <amt>
          <qty>4</qty>
          <unit>ounces</unit></amt>
        <item>Shaved ice</item></ing></ingredients>
    <directions>
      <step>  In freezer chill an old-fashioned glass until frosted. In a blender combine
  all ingredients; process 5 seconds or until frothy. Pour into prepared
  glass and serve
  Recipe By     :ESSENCE OF EMERIL SHOW #EE031
  
  Posted to MC-Recipe Digest V1 #245
  
  Date: Wed, 16 Oct 1996 00:01:51 -0400
  
  From: Rowaan &lt;Rowaan@ix.netcom.com&gt;
 
</step></directions></recipe></recipeml>
