<?xml version="1.0" encoding="UTF-8"?>

<recipeml version="0.5">
  <recipe>
    <head>
      <title>Absolutely Delicious Fruit Salad</title>
      <categories>
        <cat>Fruit</cat>
        <cat>Salads</cat></categories>
      <yield>4</yield></head>
    <ingredients>
      <ing>
        <amt>
          <qty>1</qty>
          <unit>package</unit></amt>
        <item>(Small) vanilla pudding (NOT INSTANT)</item></ing>
      <ing>
        <amt>
          <qty>1</qty>
          <unit>can</unit></amt>
        <item>(Large) pineapple chunks in own juice; drain and save juice</item></ing>
      <ing>
        <amt>
          <qty>1</qty>
          <unit>can</unit></amt>
        <item>(Large) chunky friut; drain and save juice</item></ing>
      <ing>
        <amt>
          <qty>1</qty>
          <unit>can</unit></amt>
        <item>Mandarin oranges; drained</item></ing>
      <ing>
        <amt>
          <qty>3</qty>
          <unit>medium</unit></amt>
        <item>Bananas; sliced</item></ing>
      <ing>
        <amt>
          <qty/>
          <unit/></amt>
        <item>Salad cherries</item></ing></ingredients>
    <directions>
      <step>  Measure pineapple juice and chunky fruit juice to equal 1 1/2 cup and add
  to pudding mix. Cook over medium heat, stirring constantly until thick.
  Cool slightly. Pour over fruit and refrigerate. This can be made a day
  ahead; bananas will not turn black.
  
  Recipe by: Tri6dyl1@aol.com AMOM Pam
  
  Posted to recipelu-digest Volume 01 Number 482 by Aquasea221
  &lt;Aquasea221@aol.com&gt; on Jan 9, 1998
 
</step></directions></recipe></recipeml>
