<?xml version="1.0" encoding="UTF-8"?>

<recipeml version="0.5">
  <recipe>
    <head>
      <title>Absolutely Divine Devil's Food Cake</title>
      <categories>
        <cat>None</cat></categories>
      <yield>1</yield></head>
    <ingredients>
      <ing>
        <amt>
          <qty>3</qty>
          <unit>ounces</unit></amt>
        <item>Unsweetened Chocolate --</item></ing>
      <ing>
        <amt>
          <qty/>
          <unit/></amt>
        <item>Chopped</item></ing>
      <ing>
        <amt>
          <qty>1</qty>
          <unit>can</unit></amt>
        <item>Julienne Beets -- (8 1/4</item></ing>
      <ing>
        <amt>
          <qty/>
          <unit/></amt>
        <item>Oz)</item></ing>
      <ing>
        <amt>
          <qty>1</qty>
          <unit/></amt>
        <item>Stick Unsalted Butter --</item></ing>
      <ing>
        <amt>
          <qty/>
          <unit/></amt>
        <item>Softened</item></ing>
      <ing>
        <amt>
          <qty>2 1/2</qty>
          <unit>cups</unit></amt>
        <item>Light Brown Sugar</item></ing>
      <ing>
        <amt>
          <qty>3</qty>
          <unit>large</unit></amt>
        <item>Eggs -- at room temperature</item></ing>
      <ing>
        <amt>
          <qty>2</qty>
          <unit>teaspoons</unit></amt>
        <item>Vanilla</item></ing>
      <ing>
        <amt>
          <qty>2</qty>
          <unit>cups</unit></amt>
        <item>Flour</item></ing>
      <ing>
        <amt>
          <qty>2</qty>
          <unit>teaspoons</unit></amt>
        <item>Baking Soda</item></ing>
      <ing>
        <amt>
          <qty>1/2</qty>
          <unit>teaspoons</unit></amt>
        <item>Salt</item></ing>
      <ing>
        <amt>
          <qty>1/2</qty>
          <unit>cups</unit></amt>
        <item>Buttermilk</item></ing></ingredients>
    <directions>
      <step>  Preheat oven to 350.  Grease and flour 2 8-inch cake pans.
  
  Melt chocolate in double boiler over hot water.  Set aside to cool
  slightly.  Drain beet juice into small bowl.  Chop beets into very small
  pieces (can do in food processor).  Add to beet juice and set aside.
  
  Beat butter, sugar, eggs, and vanilla until very fluffy -- about 5 minutes.
  Beat in chocolate.  Stir together flour, baking soda, and salt. Alternately
  beat flour in fourths and buttermilk in thirds into chocolate mixture,
  beginning and ending with flour.  Mix until incorporated, about 1 minute.
  Add beets and juice and mix until blended.
  
  Pour batter into pans and bake 30-35 minutes.  Do not overbake or cakes
  will be dry.  Cool on wire racks 10 minutes, then invert on racks.  When
  cool, frost.
  
  Recipe By     :
  
  From: Ladies Home Journal- August 1991
  
  File ftp://ftp.idiscover.co.uk/pub/food/mealmaster/recipes/mmdja006.zip
 
</step></directions></recipe></recipeml>
