<?xml version="1.0" encoding="UTF-8"?>

<recipeml version="0.5">
  <recipe>
    <head>
      <title>Absolutely Apricot Bread (Machine) - Regular Loaf</title>
      <categories>
        <cat>Abm</cat></categories>
      <yield>1</yield></head>
    <ingredients>
      <ing>
        <amt>
          <qty>3/4</qty>
          <unit>cups</unit></amt>
        <item>Water</item></ing>
      <ing>
        <amt>
          <qty>2</qty>
          <unit>cups</unit></amt>
        <item>White bread flour</item></ing>
      <ing>
        <amt>
          <qty>1</qty>
          <unit>tablespoon</unit></amt>
        <item>Dry milk</item></ing>
      <ing>
        <amt>
          <qty>1</qty>
          <unit>teaspoon</unit></amt>
        <item>Salt</item></ing>
      <ing>
        <amt>
          <qty>1</qty>
          <unit>tablespoon</unit></amt>
        <item>Butter</item></ing>
      <ing>
        <amt>
          <qty>3</qty>
          <unit>tablespoons</unit></amt>
        <item>Apricot jam</item></ing>
      <ing>
        <amt>
          <qty>1/2</qty>
          <unit>cups</unit></amt>
        <item>Dried apricots, chopped</item></ing>
      <ing>
        <amt>
          <qty>1</qty>
          <unit>teaspoon</unit></amt>
        <item>Yeast, fast rise or machine or -</item></ing>
      <ing>
        <amt>
          <qty>3</qty>
          <unit>teaspoons</unit></amt>
        <item>Yeast, active dry</item></ing></ingredients>
    <directions>
      <step>  Source:  Electric Bread
  
  This is bread with the jam already inside!  It's a coffee bread, a snack
  bread or the perfect after-school bread.  The finely textured sweet bread
  also happens to be lovely, with the summery orange apricots floating in the
  golden loaf.
                             Success Hints
  Posted to MM-Recipes Digest V4 #294 by serge.cyr@sympatico.ca (Serge Cyr)
  on Nov 12, 1997
 
</step></directions></recipe></recipeml>
