<?xml version="1.0" encoding="UTF-8"?>

<recipeml version="0.5">
  <recipe>
    <head>
      <title>Acacpulco Melt</title>
      <categories>
        <cat>Sandwich</cat></categories>
      <yield>4</yield></head>
    <ingredients>
      <ing>
        <amt>
          <qty>1/2</qty>
          <unit>cups</unit></amt>
        <item>Chopped; peeled avocado</item></ing>
      <ing>
        <amt>
          <qty>2</qty>
          <unit/></amt>
        <item>Hard-cooked eggs; chopped</item></ing>
      <ing>
        <amt>
          <qty>6</qty>
          <unit>slices</unit></amt>
        <item>Crisply cooked bacon; crumbled</item></ing>
      <ing>
        <amt>
          <qty>1/4</qty>
          <unit>cups</unit></amt>
        <item>Kraft real mayonnaise</item></ing>
      <ing>
        <amt>
          <qty>8</qty>
          <unit>slices</unit></amt>
        <item>Whole-wheat bread</item></ing>
      <ing>
        <amt>
          <qty>1/4</qty>
          <unit>pounds</unit></amt>
        <item>Velveeta Mexican pasteurized process cheese spread with Jalapeno pepper; sliced</item></ing>
      <ing>
        <amt>
          <qty/>
          <unit/></amt>
        <item>Soft Parkay margarine</item></ing></ingredients>
    <directions>
      <step>  Combine avocado, eggs, bacon and mayonnaise; mix lightly. For each
  sandwich, cover one bread slice with Velveeta Mexican cheese spread,
  approximately 1/4 cup avocado mixture and second bread slice. Spread
  sandwich with margarine. Grill until lightly browned on both sides. 4
  sandwiches.
  
  From a collection of my mother's (Judy Hosey) recipe box which contained
  lots of her favorite recipes, clippings, etc.  Downloaded from Glen's MM
  Recipe Archive, http://www.erols.com/hosey.
 
</step></directions></recipe></recipeml>
