<?xml version="1.0" encoding="UTF-8"?>

<recipeml version="0.5">
  <recipe>
    <head>
      <title>Academy Dark Truffles</title>
      <categories>
        <cat>Candies</cat>
        <cat>Desserts</cat></categories>
      <yield>40</yield></head>
    <ingredients>
      <ing>
        <amt>
          <qty>2 3/4</qty>
          <unit>pounds</unit></amt>
        <item>Bittersweet chocolate</item></ing>
      <ing>
        <amt>
          <qty>2</qty>
          <unit>cups</unit></amt>
        <item>Heavy cream</item></ing>
      <ing>
        <amt>
          <qty>2</qty>
          <unit>ounces</unit></amt>
        <item>Orange liqueur</item></ing>
      <ing>
        <amt>
          <qty>2</qty>
          <unit>ounces</unit></amt>
        <item>Almond liqueur</item></ing>
      <ing>
        <amt>
          <qty>1</qty>
          <unit>teaspoon</unit></amt>
        <item>Vanilla extract</item></ing>
      <ing>
        <amt>
          <qty>6</qty>
          <unit>ounces</unit></amt>
        <item>Softened unsweetened butter</item></ing>
      <ing>
        <amt>
          <qty>1/4</qty>
          <unit>cups</unit></amt>
        <item>Cocoa powder</item></ing>
      <ing>
        <amt>
          <qty/>
          <unit/></amt>
        <item>Parchment paper</item></ing>
      <ing>
        <amt>
          <qty>1</qty>
          <unit>pound</unit></amt>
        <item>Dark baker's chocolate</item></ing>
      <ing>
        <amt>
          <qty/>
          <unit/></amt>
        <item>Melted white chocolate</item></ing>
      <ing>
        <amt>
          <qty/>
          <unit/></amt>
        <item>(optional)</item></ing></ingredients>
    <directions>
      <step>  Shave chocolate into tiny pieces; set aside. In a large saucepan,
  blend together cream, liqueurs and vanilla and heat until the cream
  begins to scald; remove from heat. Add the chocolate pieces and whisk
  for 2 to 3 minutes or until the ganache is satiny and smooth, with no
  lumps of cream or chocolate. Transfer ganache to a bowl and allow to
  cool (at room temperature) below 90 degrees. Cut butter into small
  pieces and add, piece by piece, to the ganache, stirring well. Allow
  ganache to cool and become somewhat firm. Line a baking pan with
  parchment paper. Using a SMALL ice cream scoop, shape ganache into
  mounds and place them on the parchment. Refrigerate until set. Dust
  hands with cocoa powder; shape each mound into uniformly-shaped balls
  and refrigerate.
  
  Melt chocolate in a double boiler. Arrange two sheets of parchment
  paper on work surface. Drop a truffle into melted chocolate, retrieve
  with fork and tap the truffle 4 or 5 times against the surface of the
  chocolate to get rid of the excess. Then scrape the sides of the pan
  with the fork and drag the fork (with the truffle on it) across one
  sheet of parchment paper to remove more chocolate. Place the finished
  truffle on the clean parchment; repeat with remaining truffles. If
  desired, use melted white chocolate to pipe designs onto tops of
  truffles.
  
  File ftp://ftp.idiscover.co.uk/pub/food/mealmaster/recipes/mmkah001.zip
 
</step></directions></recipe></recipeml>
