<?xml version="1.0" encoding="UTF-8"?>

<recipeml version="0.5">
  <recipe>
    <head>
      <title>Academy Award Crab Cakes</title>
      <categories>
        <cat>Fish crab</cat>
        <cat>Main dishes</cat>
        <cat>Appetizers</cat>
        <cat>Spreads and</cat></categories>
      <yield>12</yield></head>
    <ingredients>
      <ing>
        <amt>
          <qty>1</qty>
          <unit>pound</unit></amt>
        <item>Dungeness crab meat; picked over (lump crab meat is ok)</item></ing>
      <ing>
        <amt>
          <qty>2</qty>
          <unit>teaspoons</unit></amt>
        <item>Old bay seasoning</item></ing>
      <ing>
        <amt>
          <qty>1/4</qty>
          <unit>teaspoons</unit></amt>
        <item>Ground thyme</item></ing>
      <ing>
        <amt>
          <qty>1/2</qty>
          <unit>teaspoons</unit></amt>
        <item>Dry mustard</item></ing>
      <ing>
        <amt>
          <qty>1/4</qty>
          <unit>teaspoons</unit></amt>
        <item>Ground white pepper</item></ing>
      <ing>
        <amt>
          <qty>1/4</qty>
          <unit>teaspoons</unit></amt>
        <item>Cayenne pepper powder; optional</item></ing>
      <ing>
        <amt>
          <qty>3</qty>
          <unit>tablespoons</unit></amt>
        <item>Mayonnaise</item></ing>
      <ing>
        <amt>
          <qty>2</qty>
          <unit>teaspoons</unit></amt>
        <item>Worcestershire sauce</item></ing>
      <ing>
        <amt>
          <qty>1/4</qty>
          <unit>cups</unit></amt>
        <item>Fine dry breadcrumbs; unseasoned</item></ing>
      <ing>
        <amt>
          <qty>1</qty>
          <unit/></amt>
        <item>Egg; beaten</item></ing>
      <ing>
        <amt>
          <qty>3</qty>
          <unit>tablespoons</unit></amt>
        <item>Sliced green onions or fresh cilantro; whichever you prefer</item></ing>
      <ing>
        <amt>
          <qty>2</qty>
          <unit>ounces</unit></amt>
        <item>Crab fat; (if available and optional)</item></ing></ingredients>
    <directions>
      <step>  In a large bowl gently fold all the ingredients together adding the bread
  crumbs last. Try not to break the crab meat up into small pieces. Depending
  on how moist the crab mixture is you may want to use less. The less bread
  crumbs you can use as a binder the better the crab cakes are in my opinion.
  I would not add more than a quarter cup. Chill the mixture covered 1 or 2
  hours in the refrigerator and they will form a better cake when you are
  ready cook them. This is very important. Not only will they form a better
  cake but the consistency will be nicer. To cook use enough mixture to form
  a large silver dollar sized cake and saute lightly in oil about 1/2 inch
  deep ( I prefer a good olive oil ) until golden brown, turning once. These
  can be served hot or cold as a main entree or appetizer. Makes about 12
  cakes depending on the size.
  
  NOTES : Combination of recipes made 3/28/93-10/2/93-3/26/94 and 7/19/97 I
  prefer Dungeness crab meat but will use Blue Crab select lump meat when
  available. This is my favorite crab cake as of this writing. I am beginning
  to use Japanese Panko in my crab cakes as it seems to be lighter. (Japanese
  bread crumbs)
  Recipe by: LeRoy Trnavsky
  
  Posted to MC-Recipe Digest by drleroy@juno.com (LeRoy C Trnavsky) on Apr
  25, 1998
 
</step></directions></recipe></recipeml>
