<?xml version="1.0" encoding="UTF-8"?>

<recipeml version="0.5">
  <recipe>
    <head>
      <title>Acadian Eight Bean Chili</title>
      <categories>
        <cat>Vegetable</cat></categories>
      <yield>25</yield></head>
    <ingredients>
      <ing>
        <amt>
          <qty>1/4</qty>
          <unit>pounds</unit></amt>
        <item>Each of the following beans: Kidney; White, Pink, Black, Red; Pinto, Cranberry, Navy</item></ing>
      <ing>
        <amt>
          <qty>1</qty>
          <unit>pound</unit></amt>
        <item>Bacon</item></ing>
      <ing>
        <amt>
          <qty>5</qty>
          <unit>large</unit></amt>
        <item>Onions; peeled and chopped</item></ing>
      <ing>
        <amt>
          <qty>2/3</qty>
          <unit>cups</unit></amt>
        <item>Garlic; minced</item></ing>
      <ing>
        <amt>
          <qty>1/4</qty>
          <unit>cups</unit></amt>
        <item>Coriander seeds; toasted And ground</item></ing>
      <ing>
        <amt>
          <qty>1/4</qty>
          <unit>cups</unit></amt>
        <item>Cinnamon</item></ing>
      <ing>
        <amt>
          <qty>1/4</qty>
          <unit>cups</unit></amt>
        <item>Paprika</item></ing>
      <ing>
        <amt>
          <qty>1/4</qty>
          <unit>cups</unit></amt>
        <item>Cayenne pepper or to taste for the timid tongue</item></ing>
      <ing>
        <amt>
          <qty>1/2</qty>
          <unit>cups</unit></amt>
        <item>Dried Poblano Chili peppers; ground</item></ing>
      <ing>
        <amt>
          <qty>1</qty>
          <unit>can</unit></amt>
        <item>108 oz Italian tomatoes W/juice</item></ing>
      <ing>
        <amt>
          <qty>12</qty>
          <unit>ounces</unit></amt>
        <item>Beer</item></ing>
      <ing>
        <amt>
          <qty>5</qty>
          <unit>pounds</unit></amt>
        <item>Lean ground beef</item></ing>
      <ing>
        <amt>
          <qty/>
          <unit/></amt>
        <item>Salt to taste</item></ing></ingredients>
    <directions>
      <step>  Pick over and wash beans. Put in large pot and cover with 4 qts. cold
  water. Soak over night. Wash and drain. Cover with water, bring to a bowl
  over high heat, lower heat and simmer for 2 hours or until tender. Cook
  bacon in a large skillet, drain and crumble. Put next 7 ingredients in
  skillet and saut=82e for 5 minutes. Add tomatoes and beer, simmer. In
  another skillet saut=82e ground beef until no longer pink. When beans are
  tende= r drain, reserving liquid. Add meat, bacon and vegetables to beans.
  Simmer over low heat until hot, adding bean liquid if necessary.
  
  Date: Wed, 05 Jun 1996 14:17:32 -0700
  
  From: Jo &amp; Pete &lt;jopete@odyssee.net&gt;
  
  MM-Recipes Digest V3 #156
  
  From the MealMaster recipe list.  Downloaded from Glen's MM Recipe Archive,
  http://www.erols.com/hosey.
 
</step></directions></recipe></recipeml>
