<?xml version="1.0" encoding="UTF-8"?>

<recipeml version="0.5">
  <recipe>
    <head>
      <title>Acadian Bread Pudding</title>
      <categories>
        <cat>None</cat></categories>
      <yield>1</yield></head>
    <ingredients>
      <ing-div>
        <title/>
        <ing>
          <amt>
            <qty>12</qty>
            <unit>ounces</unit></amt>
          <item>Cubed French bread or bag of potato rolls; (Albertson's grocery)</item></ing>
        <ing>
          <amt>
            <qty>4</qty>
            <unit/></amt>
          <item>Eggs</item></ing>
        <ing>
          <amt>
            <qty>1 1/2</qty>
            <unit>cups</unit></amt>
          <item>Sugar</item></ing>
        <ing>
          <amt>
            <qty>3 1/2</qty>
            <unit>cups</unit></amt>
          <item>Milk</item></ing>
        <ing>
          <amt>
            <qty>1/2</qty>
            <unit>teaspoons</unit></amt>
          <item>Nutmeg</item></ing>
        <ing>
          <amt>
            <qty>1</qty>
            <unit>teaspoon</unit></amt>
          <item>Cinnamon</item></ing>
        <ing>
          <amt>
            <qty>1/4</qty>
            <unit>pounds</unit></amt>
          <item>Oleo; melted</item></ing></ing-div>
      <ing-div>
        <title>PECAN-RUM SAUCE</title>
        <ing>
          <amt>
            <qty>1</qty>
            <unit>quart</unit></amt>
          <item>Heavy cream or if desired instead; 1 quart half and half</item></ing>
        <ing>
          <amt>
            <qty>8</qty>
            <unit>tablespoons</unit></amt>
          <item>Sugar</item></ing>
        <ing>
          <amt>
            <qty>9</qty>
            <unit>tablespoons</unit></amt>
          <item>Rum; (I like to put more)</item></ing>
        <ing>
          <amt>
            <qty>3</qty>
            <unit>tablespoons</unit></amt>
          <item>Cornstarch</item></ing>
        <ing>
          <amt>
            <qty>2</qty>
            <unit>tablespoons</unit></amt>
          <item>Water</item></ing>
        <ing>
          <amt>
            <qty>1</qty>
            <unit>teaspoon</unit></amt>
          <item>Orange zest; (grated orange peel)</item></ing>
        <ing>
          <amt>
            <qty>1</qty>
            <unit>cup</unit></amt>
          <item>Pecans; (optional)</item></ing></ing-div></ingredients>
    <directions>
      <step>  &gt;From Charley G's Restaurant, Lafayette, Louisiana.
  
  Heat oven to 350ø. Put bread in a 9 x 13 baking dish, which has been
  greased. Beat eggs and sugar on high speed for 3 to 4 minutes. Add nutmeg
  and cinnamon, lower mixer speed and add milk then oleo. Pour milk-egg
  mixture over bread and allow bread to soak for 30 minutes. Place dish in
  oven and bake for 20 minutes, lower temp to 300ø and bake another 20
  minutes. Bread pudding should be puffy and brown. If necessary, bake
  longer.
  
  Pecan-Rum Sauce: Scald cream in a heavy-bottom saucepan until it comes to a
  simmer. Don't let it boil. Add sugar and rum and whip until sugar is
  dissolved. Combine cornstarch and water, stir until cornstarch is
  dissolved. Whip mixture into cream until sauce thickens. Lower fire, stir
  in orange zest and pecans.
  
  Posted to Bakery-Shoppe Digest V1 #442 by Lee Ann Hamm &lt;lhamm@premier.net&gt;
  on Oct 25, 1997
 
</step></directions></recipe></recipeml>
