<?xml version="1.0" encoding="UTF-8"?>

<recipeml version="0.5">
  <recipe>
    <head>
      <title>Acapulco Chicken (En Escabeche)</title>
      <categories>
        <cat>Poultry</cat></categories>
      <yield>6</yield></head>
    <ingredients>
      <ing>
        <amt>
          <qty>2</qty>
          <unit>cups</unit></amt>
        <item>Unsalted chicken broth; defatted</item></ing>
      <ing>
        <amt>
          <qty>1</qty>
          <unit>tablespoon</unit></amt>
        <item>Olive oil</item></ing>
      <ing>
        <amt>
          <qty>2</qty>
          <unit>teaspoons</unit></amt>
        <item>Ground cumin</item></ing>
      <ing>
        <amt>
          <qty>2</qty>
          <unit>tablespoons</unit></amt>
        <item>Pickling spice</item></ing>
      <ing>
        <amt>
          <qty>1/2</qty>
          <unit/></amt>
        <item>Red bell pepper; sliced</item></ing>
      <ing>
        <amt>
          <qty>1</qty>
          <unit>pound</unit></amt>
        <item>Boneless chicken breast halves</item></ing>
      <ing>
        <amt>
          <qty>1/2</qty>
          <unit/></amt>
        <item>Yellow bell pepper; sliced</item></ing>
      <ing>
        <amt>
          <qty>2</qty>
          <unit>tablespoons</unit></amt>
        <item>Minced jalapeno chili with seeds</item></ing>
      <ing>
        <amt>
          <qty>1</qty>
          <unit/></amt>
        <item>Onion; halved, thinly sliced</item></ing>
      <ing>
        <amt>
          <qty>1/3</qty>
          <unit>cups</unit></amt>
        <item>Rice wine vinegar</item></ing>
      <ing>
        <amt>
          <qty>1/4</qty>
          <unit>cups</unit></amt>
        <item>Fresh cilantro leaves</item></ing>
      <ing>
        <amt>
          <qty>3</qty>
          <unit>large</unit></amt>
        <item>Garlic cloves; minced</item></ing>
      <ing>
        <amt>
          <qty/>
          <unit/></amt>
        <item>Baked (no oil) tortilla chips</item></ing></ingredients>
    <directions>
      <step>  Boil broth and pickling spice in heavy large saucepan ten minutes. Strain
  and return liquid to saucepan.  Add chicken, onion, vinegar, garlic, oil
  and cumin to pan. Simmer over very low heat until chicken is just cooked
  through, about ten minutes. Transfer chicken and onions to shallow dish.
  Top with bell peppers and minced chilli. Boil cooking liquid until reduced
  to 2/3 c, about ten minutes. Pour liquid over chicken and let cool 30
  minutes.  Add cilantro to chicken mixture. Cover and refrigerate until well
  chilled, turning chicken occasionally, about 4 hours (can be prepared one
  day ahead).  Slice chicken and transfer to plates. Top with marinated
  vegetables and some of the juices. Pass tortilla chips to use as "pushers."
  130 calories per serving, 4 g fat, 72 mg sodium, 44 mg cholesterol. From
  Bon Appetit's Light &amp; Easy Mar '93.
  
  Makes 6 servings
  
  Date:    6/28/96 7:27 AM
  
  From: dlassiter@atsva.com
  
  MC-Recipe Digest V1 #133
  
  From the MasterCook recipe list.  Downloaded from Glen's MM Recipe Archive,
  http://www.erols.com/hosey.
 
</step></directions></recipe></recipeml>
