<?xml version="1.0" encoding="UTF-8"?>

<recipeml version="0.5">
  <recipe>
    <head>
      <title>Acapulco Chicken Enchilada</title>
      <categories>
        <cat>Poultry</cat></categories>
      <yield>3</yield></head>
    <ingredients>
      <ing-div>
        <title/>
        <ing>
          <amt>
            <qty>3</qty>
            <unit>cups</unit></amt>
          <item>Chicken; cooked, shredded</item></ing>
        <ing>
          <amt>
            <qty>1/2</qty>
            <unit>cups</unit></amt>
          <item>Scallions; w/green; minced</item></ing>
        <ing>
          <amt>
            <qty>1/2</qty>
            <unit>cups</unit></amt>
          <item>Almonds; chopped, blanched</item></ing>
        <ing>
          <amt>
            <qty>1/2</qty>
            <unit>teaspoons</unit></amt>
          <item>Salt</item></ing>
        <ing>
          <amt>
            <qty>3</qty>
            <unit>cups</unit></amt>
          <item>Enchilada Chili Sauce; *</item></ing>
        <ing>
          <amt>
            <qty>8</qty>
            <unit/></amt>
          <item>Fresh corn tortillas</item></ing>
        <ing>
          <amt>
            <qty>3/4</qty>
            <unit>cups</unit></amt>
          <item>Sour cream</item></ing>
        <ing>
          <amt>
            <qty>1/2</qty>
            <unit>cups</unit></amt>
          <item>Shredded Cheddar cheese</item></ing>
        <ing>
          <amt>
            <qty>1/2</qty>
            <unit>cups</unit></amt>
          <item>Sliced ripe olives</item></ing></ing-div>
      <ing-div>
        <title>FOR GARNISH</title>
        <ing>
          <amt>
            <qty/>
            <unit/></amt>
          <item>Sour cream and scallions</item></ing></ing-div>
      <ing-div>
        <title>ENCHILADA SAUCE</title>
        <ing>
          <amt>
            <qty>2</qty>
            <unit>tablespoons</unit></amt>
          <item>Vegetable oil</item></ing>
        <ing>
          <amt>
            <qty>2/3</qty>
            <unit>cups</unit></amt>
          <item>Onion; chopped</item></ing>
        <ing>
          <amt>
            <qty>1/4</qty>
            <unit>cups</unit></amt>
          <item>Green bell pepper; chopped</item></ing>
        <ing>
          <amt>
            <qty>1</qty>
            <unit/></amt>
          <item>Garlic clove; minced</item></ing>
        <ing>
          <amt>
            <qty>1</qty>
            <unit>cup</unit></amt>
          <item>Tomato paste</item></ing>
        <ing>
          <amt>
            <qty>1</qty>
            <unit>cup</unit></amt>
          <item>Water</item></ing>
        <ing>
          <amt>
            <qty>1</qty>
            <unit>teaspoon</unit></amt>
          <item>Chili powder; (or more)</item></ing>
        <ing>
          <amt>
            <qty>1</qty>
            <unit>teaspoon</unit></amt>
          <item>Salt</item></ing>
        <ing>
          <amt>
            <qty>1/2</qty>
            <unit>teaspoons</unit></amt>
          <item>Dried oregano</item></ing></ing-div></ingredients>
    <directions>
      <step>  In small bowl, toss together cooked shredded chicken, scallions, and
  almonds. Sprinkle on salt. Mix and set aside. To prepare chili sauce, heat
  oil in saute pan over med-high heat; add onion, bell pepper, and garlic.
  Saute until vegs. are soft. Stir in tomato paste, water, chili powder, salt
  and oregano. Blend well. Lower heat, cover and simmer for 5 mins. Preheat
  oven to 350 deg. Lightly oil bottom of shallow ovenproof casserole dish.
  Dip a tortilla in hot sauce until partially saturated. Then place tortilla
  in cass. dish; fill with 1/8 of chicken mixture, and top w/1 T sour cream;
  roll into an enchilada. Place in dish seam side down. Repeat with remaining
  tortillas. When casserole is filled, drizzle remaining sauce over top.
  Sprinkle with cheese and top with olives. Bake for 15 mins. or until cheese
  and sauce are hot and bubbling. Serve with additional sour cream and
  chopped scallions on the side. Judy Garnett/pjxg05a RaleighNC
  
  From Gemini's MASSIVE MealMaster collection at www.synapse.com/~gemini
 
</step></directions></recipe></recipeml>
