<?xml version="1.0" encoding="UTF-8"?>

<recipeml version="0.5">
  <recipe>
    <head>
      <title>Acapulco Sunset Spread</title>
      <categories>
        <cat>Appetizers</cat>
        <cat>Snacks</cat></categories>
      <yield>16</yield></head>
    <ingredients>
      <ing>
        <amt>
          <qty>1</qty>
          <unit>can</unit></amt>
        <item>Refried beans; (16 oz)</item></ing>
      <ing>
        <amt>
          <qty>1/2</qty>
          <unit>cups</unit></amt>
        <item>Old El Paso Homestyle Garden Pepper Salsa</item></ing>
      <ing>
        <amt>
          <qty>8</qty>
          <unit>ounces</unit></amt>
        <item>Neufchatel cheese; Softened</item></ing>
      <ing>
        <amt>
          <qty>1</qty>
          <unit/></amt>
        <item>Avocado; pitted, peeled and chopped</item></ing>
      <ing>
        <amt>
          <qty>1</qty>
          <unit>tablespoon</unit></amt>
        <item>Fresh lime juice</item></ing>
      <ing>
        <amt>
          <qty>1/2</qty>
          <unit>pounds</unit></amt>
        <item>Shrimp; cooked, small</item></ing>
      <ing>
        <amt>
          <qty>1</qty>
          <unit/></amt>
        <item>Tomato; Chopped</item></ing>
      <ing>
        <amt>
          <qty/>
          <unit/></amt>
        <item>Fresh cilantro; Optional</item></ing>
      <ing>
        <amt>
          <qty/>
          <unit/></amt>
        <item>Tortilla chips</item></ing></ingredients>
    <directions>
      <step>  1. In medium bowl, combine beans and salsa; mix well. Spread bean mixture
  onto serving plate.
  
  2. In food processor bowl with metal blade or blender container, combine
  cheese, avocado and lime juice; process until well blended. Spread cheese
  mixture over bean mixture.
  
  3. Top with shrimp and tomato; garnish or sprinkle with cilantro. Serve
  with tortilla chips.
  
  Recipe by: Pillsbury's Make It Easy Mexican
  
  Posted to recipelu-digest Volume 01 Number 563 by Rodeo46898
  &lt;Rodeo46898@aol.com&gt; on Jan 20, 1998
 
</step></directions></recipe></recipeml>
