<?xml version="1.0" encoding="UTF-8"?>

<recipeml version="0.5">
  <recipe>
    <head>
      <title>Acapulco Baked Eggs</title>
      <categories>
        <cat>None</cat></categories>
      <yield>1</yield></head>
    <ingredients>
      <ing>
        <amt>
          <qty>8</qty>
          <unit>large</unit></amt>
        <item>Eggs</item></ing>
      <ing>
        <amt>
          <qty>2</qty>
          <unit>tablespoons</unit></amt>
        <item>Butter or margarine</item></ing>
      <ing>
        <amt>
          <qty>6</qty>
          <unit>tablespoons</unit></amt>
        <item>Milk</item></ing>
      <ing>
        <amt>
          <qty>3/4</qty>
          <unit>teaspoons</unit></amt>
        <item>Salt</item></ing>
      <ing>
        <amt>
          <qty>1/4</qty>
          <unit>teaspoons</unit></amt>
        <item>Pepper</item></ing>
      <ing>
        <amt>
          <qty>2/3</qty>
          <unit>cups</unit></amt>
        <item>Extra-sharp cheddar; shredded</item></ing>
      <ing>
        <amt>
          <qty>1</qty>
          <unit>can</unit></amt>
        <item>(4-oz) green chiles; chopped</item></ing>
      <ing>
        <amt>
          <qty/>
          <unit/></amt>
        <item>Tomato sauce; ketchup or chili sauce, optional</item></ing>
      <ing>
        <amt>
          <qty/>
          <unit/></amt>
        <item>Sliced tomatoes for garnish</item></ing></ingredients>
    <directions>
      <step>  These recipes come from Culinary Cyber Sleuth. The first one has no chiles
  but think they would make a wonderful addition and it sounds great for a
  special holiday occasion, as does the 2nd one.
  
  Put butter in 8-inch square baking pan. Set pan in 350 degree oven to melt.
  Shake pan to distribute butter evenly. Slightly beat eggs, milk, salt and
  pepper. Pour into pan. Bake at 350 degrees for 10 minutes or until eggs
  begin to set. Sprinkle with cheese and chiles. Draw a wide metal spatula
  across bottom of pan several times to break up mixture. Bake, breaking up
  mixture again several times for 5 more minutes or until of desired
  doneness. Serve with tomato sauce, ketchup or chili sauce, if used. Garnish
  with sliced tomatoes.
  Posted to CHILE-HEADS DIGEST V4 #202 by Judy Howle &lt;howle@ebicom.net&gt; on
  Nov 16, 1997
 
</step></directions></recipe></recipeml>
