<?xml version="1.0" encoding="UTF-8"?>

<recipeml version="0.5">
  <recipe>
    <head>
      <title>Acapulco Jicama Salad</title>
      <categories>
        <cat>None</cat></categories>
      <yield>1</yield></head>
    <ingredients>
      <ing>
        <amt>
          <qty>1/4</qty>
          <unit>cups</unit></amt>
        <item>Cilantro</item></ing>
      <ing>
        <amt>
          <qty>1</qty>
          <unit/></amt>
        <item>Lime (juice of)</item></ing>
      <ing>
        <amt>
          <qty>2</qty>
          <unit>tablespoons</unit></amt>
        <item>White wine vinegar</item></ing>
      <ing>
        <amt>
          <qty>2</qty>
          <unit>tablespoons</unit></amt>
        <item>Oil</item></ing>
      <ing>
        <amt>
          <qty>1/2</qty>
          <unit>teaspoons</unit></amt>
        <item>Kosher salt</item></ing>
      <ing>
        <amt>
          <qty>1/4</qty>
          <unit>teaspoons</unit></amt>
        <item>Pepper</item></ing>
      <ing>
        <amt>
          <qty>3</qty>
          <unit/></amt>
        <item>Oranges</item></ing>
      <ing>
        <amt>
          <qty>1</qty>
          <unit/></amt>
        <item>Avocado</item></ing>
      <ing>
        <amt>
          <qty>1</qty>
          <unit>small</unit></amt>
        <item>Jicama</item></ing>
      <ing>
        <amt>
          <qty>18</qty>
          <unit/></amt>
        <item>Red-leaf lettuce leaves</item></ing></ingredients>
    <directions>
      <step>  1. Mince cilantro. Whisk together cilantro, lime juice, vinegar, oil, salt,
  and pepper.
  2. Peel oranges, and slice into 1/4-inch-thick circles. Peel and pit
  avocado; slice into 1-inch cubes. Peel jicama and slice into 1/2-inch
  cubes.
  3. Marinate orange slices, avocado, and jicama in lime-cilantro vinaigrette
  for
       30    minutes.
  4. Wash, spin dry, and tear lettuce into bite-sized pieces. Arrange lettuce
  on chilled salad plates. Remove orange, avocado, and jicama from marinade
  and place on lettuce.
  Serves 6.
  Posted to MC-Recipe Digest V1 #306
  
  Date: Sat, 16 Nov 1996 18:13:06 -0800
  
  From: "brandon.clausing@sierra.com" &lt;gary.stevens@sierra.com&gt;
 
</step></directions></recipe></recipeml>
