<?xml version="1.0" encoding="UTF-8"?>

<recipeml version="0.5">
  <recipe>
    <head>
      <title>Acapulco-Los Arcos Mexican Rice</title>
      <categories>
        <cat>Mexican</cat>
        <cat>Rice</cat></categories>
      <yield>8</yield></head>
    <ingredients>
      <ing>
        <amt>
          <qty>1</qty>
          <unit>large</unit></amt>
        <item>Onion; chopped</item></ing>
      <ing>
        <amt>
          <qty>2</qty>
          <unit>cups</unit></amt>
        <item>Long-grain white rice</item></ing>
      <ing>
        <amt>
          <qty>2</qty>
          <unit>ounces</unit></amt>
        <item>Lard or chicken fat; or less as needed</item></ing>
      <ing>
        <amt>
          <qty>2</qty>
          <unit>cups</unit></amt>
        <item>Chicken broth</item></ing>
      <ing>
        <amt>
          <qty>1</qty>
          <unit>cup</unit></amt>
        <item>Diced tomatoes</item></ing>
      <ing>
        <amt>
          <qty>1</qty>
          <unit>cup</unit></amt>
        <item>Tomato juice</item></ing>
      <ing>
        <amt>
          <qty>1</qty>
          <unit>tablespoon</unit></amt>
        <item>Chopped parsley</item></ing>
      <ing>
        <amt>
          <qty>1</qty>
          <unit>teaspoon</unit></amt>
        <item>Minced garlic</item></ing>
      <ing>
        <amt>
          <qty>1</qty>
          <unit>teaspoon</unit></amt>
        <item>Salt</item></ing>
      <ing>
        <amt>
          <qty>1</qty>
          <unit>dash</unit></amt>
        <item>White pepper</item></ing></ingredients>
    <directions>
      <step>  Saute onion and rice in lard until lightly browned, 6 to 10 minutes,
  stirring constantly. Turn into baking dish or casserole.
  
  In a large saucepan, combine chicken broth, tomato juice, tomatoes,
  parsley, garlic, cumin and salt and pepper. Bring to boil. Add broth
  mixture to rice mixture. Cover and bake at 350-degrees F for 20 to 30
  minutes or until rice is fluffy. Use fork tofluff rice. Let set 15 minutes
  before serving. makes 6 to 8 servings.
  
  &gt;From "Dear S.O.S.: Thirty Years of Recipe Requests to the Los Angeles
  Times," by Rose Dosti
  Posted to TNT Recipes Digest by "cathylielausis@mindspring.com"
  &lt;cathylee@mindspring.com&gt; on Mar 17, 1998
 
</step></directions></recipe></recipeml>
