<?xml version="1.0" encoding="UTF-8"?>

<recipeml version="0.5">
  <recipe>
    <head>
      <title>Acar (Indonesian Garden Salad)</title>
      <categories>
        <cat>Cabbage</cat>
        <cat>Salads</cat>
        <cat>Vegetables</cat></categories>
      <yield>8</yield></head>
    <ingredients>
      <ing>
        <amt>
          <qty>1/2</qty>
          <unit>cups</unit></amt>
        <item>Water; cold</item></ing>
      <ing>
        <amt>
          <qty>1/2</qty>
          <unit>cups</unit></amt>
        <item>White vinegar</item></ing>
      <ing>
        <amt>
          <qty>1</qty>
          <unit>slice</unit></amt>
        <item>Ginger root; crushed</item></ing>
      <ing>
        <amt>
          <qty>3 1/2</qty>
          <unit>tablespoons</unit></amt>
        <item>Sugar</item></ing>
      <ing>
        <amt>
          <qty>3</qty>
          <unit>teaspoons</unit></amt>
        <item>Salt</item></ing>
      <ing>
        <amt>
          <qty>1</qty>
          <unit/></amt>
        <item>Yellow onion; thinly sliced</item></ing>
      <ing>
        <amt>
          <qty>5</qty>
          <unit>cups</unit></amt>
        <item>Cabbage; thinly sliced</item></ing>
      <ing>
        <amt>
          <qty>1</qty>
          <unit>cup</unit></amt>
        <item>Carrot; finely shredded</item></ing>
      <ing>
        <amt>
          <qty>2</qty>
          <unit>cups</unit></amt>
        <item>Cucumber; thinly sliced</item></ing></ingredients>
    <directions>
      <step>  In salad bowl combine first five ingredients. Add vegetables. Toss
  thoroughly and refrigerate at least one hour.
  
  NOTES : This is very easy and has an interesting flavor.  I last made it in
  February 1998.  I used red and green cabbage and brought it to an
  engagement party in an antique covered serving dish.
  Recipe by: Craig Claiborne - The New New York Times Cookbook
  
  Posted to TNT Recipes Digest by "Barbara Zack" &lt;bzack@leading.net&gt; on May
  8, 1998
 
</step></directions></recipe></recipeml>
