<?xml version="1.0" encoding="UTF-8"?>

<recipeml version="0.5">
  <recipe>
    <head>
      <title>Accidental Whole Wheat Herb Bread</title>
      <categories>
        <cat>Breads</cat></categories>
      <yield>6</yield></head>
    <ingredients>
      <ing>
        <amt>
          <qty>1</qty>
          <unit>can</unit></amt>
        <item>V-8 juice (11.5-oz) or tomato juice</item></ing>
      <ing>
        <amt>
          <qty>2</qty>
          <unit/></amt>
        <item>Egg or egg substitute</item></ing>
      <ing>
        <amt>
          <qty>2/3</qty>
          <unit>cups</unit></amt>
        <item>Water</item></ing>
      <ing>
        <amt>
          <qty>2</qty>
          <unit>cups</unit></amt>
        <item>Low fat cottage cheese</item></ing>
      <ing>
        <amt>
          <qty>1/2</qty>
          <unit>cups</unit></amt>
        <item>Scallions minced or fresh chives in amounts to taste</item></ing>
      <ing>
        <amt>
          <qty>1</qty>
          <unit>teaspoon</unit></amt>
        <item>Dill</item></ing>
      <ing>
        <amt>
          <qty>3</qty>
          <unit>cups</unit></amt>
        <item>Whole wheat flour</item></ing>
      <ing>
        <amt>
          <qty>5</qty>
          <unit>cups</unit></amt>
        <item>To 6 c unbleached white flour</item></ing>
      <ing>
        <amt>
          <qty>2</qty>
          <unit>packages</unit></amt>
        <item>Fast rising yeast</item></ing>
      <ing>
        <amt>
          <qty>1</qty>
          <unit>tablespoon</unit></amt>
        <item>Sugar</item></ing></ingredients>
    <directions>
      <step>  Mix together juice, eggs, water, cottage cheese, scallions and dill. Heat
  in microwave to 125-130 degrees using a thermometer. Combine whole wheat
  flour, 5 cup of white flour, yeast and sugar. Mix the wet and dry
  ingredients together. Knead dough on work surface sprinkled with remaining
  flour, until the dough is smooth and elastic, about 5-8 minutes. Place the
  dough in bowl, cover with a towel, and rest 10 minutes. Divide the dough
  and place in two 5 1/ 4 x 9 1/4 inch loaf pans. Cover with plastic wrap
  sprayed with non stick vegetable coating and put in a warm place for 20
  minutes. Bake in preheated, 425 degree oven for 25 minutes, or until the
  loaves sound hollow when tapped. Remove from loaf pans and cool on rack.
  
  NOTE: You may need to practice before you get the results you wish.
  
  From Gemini's MASSIVE MealMaster collection at www.synapse.com/~gemini
 
</step></directions></recipe></recipeml>
