<?xml version="1.0" encoding="UTF-8"?>

<recipeml version="0.5">
  <recipe>
    <head>
      <title>Achara Zuke (Turnips in Vinegar Dressing)</title>
      <categories>
        <cat>Side dish</cat>
        <cat>Japanese</cat>
        <cat>Vegetables</cat></categories>
      <yield>8</yield></head>
    <ingredients>
      <ing>
        <amt>
          <qty>4</qty>
          <unit>ounces</unit></amt>
        <item>White turnips</item></ing>
      <ing>
        <amt>
          <qty>1</qty>
          <unit>teaspoon</unit></amt>
        <item>Salt</item></ing>
      <ing>
        <amt>
          <qty>1</qty>
          <unit/></amt>
        <item>Dried red pepper</item></ing>
      <ing>
        <amt>
          <qty>1</qty>
          <unit/></amt>
        <item>1" square kombu, washed</item></ing>
      <ing>
        <amt>
          <qty>1/4</qty>
          <unit>cups</unit></amt>
        <item>Rice vinegar -=OR=- 1/4 c white vinegar</item></ing>
      <ing>
        <amt>
          <qty>4</qty>
          <unit>teaspoons</unit></amt>
        <item>Sugar</item></ing>
      <ing>
        <amt>
          <qty/>
          <unit/></amt>
        <item>Soy sauce</item></ing></ingredients>
    <directions>
      <step>  Starting a day ahead, peel the turnips &amp;, one at a time, slice them
  in the following fashion: Make thin slices down to within 1/8" of the
  base, move the turnip a half turn clockwise &amp; make similar slices
  intersecting the first ones.  Now cut each turnip into quarters.
  
  In a mixing bowl, stir the salt into 1/4 c cold water.  Add the
  turnips. Soak in the refrigerator for 24 hours.
  
  The following day, cover the dried red pepper with cold water &amp; soak
  at room temperature for about 1 hour, or until soft.  Cut off the top
  of the pepper, remove &amp; discard the seeds, slice the pepper crosswise
  into very thin rings.
  
  Wrap the piece of kombu in a damp towel and let it rest for about an
  hour, or until it is soft and pliable.  Cut into strips 1" by 1/8"
  wide.
  
  Drain the turnips &amp; squeeze them firmly until dry.  Combine the
  vinegar, 1/2 c cold water, sugar &amp; a sprinkle of soy sauce in a 1 1/2
  to 2 qt jar &amp; stir thoroughly.  Add the turnips, pepper rings and
  kombu, &amp; stir again. Cover tightly with a jar cover or plastic wrap,
  &amp; refrigerate for at least 12 hours before serving.  Will keep for 3
  or 4 days.
  
  "Foods of the World" Recipes: The Cooking of Japan.  Time/Life Books.
  Posted by Earl Cravens
  
  File ftp://ftp.idiscover.co.uk/pub/food/mealmaster/recipes/vegan4.zip
 
</step></directions></recipe></recipeml>
