<?xml version="1.0" encoding="UTF-8"?>

<recipeml version="0.5">
  <recipe>
    <head>
      <title>Achiote Paste</title>
      <categories>
        <cat>None</cat></categories>
      <yield>1</yield></head>
    <ingredients>
      <ing>
        <amt>
          <qty>2</qty>
          <unit>tablespoons</unit></amt>
        <item>Annatto seeds</item></ing>
      <ing>
        <amt>
          <qty>1</qty>
          <unit>teaspoon</unit></amt>
        <item>Cumin seeds</item></ing>
      <ing>
        <amt>
          <qty>1</qty>
          <unit>teaspoon</unit></amt>
        <item>Oregano</item></ing>
      <ing>
        <amt>
          <qty>6</qty>
          <unit/></amt>
        <item>Allspice berries</item></ing>
      <ing>
        <amt>
          <qty>1</qty>
          <unit>teaspoon</unit></amt>
        <item>Sea salt</item></ing>
      <ing>
        <amt>
          <qty>4</qty>
          <unit/></amt>
        <item>Garlic cloves; pressed</item></ing>
      <ing>
        <amt>
          <qty>4</qty>
          <unit>tablespoons</unit></amt>
        <item>Lime juice</item></ing></ingredients>
    <directions>
      <step>  Combine the annatto seeds, cumin seeds, oregano, allspice berries, and salt
  in a spice mill or coffee grinder. Grind to a powderlike consistency. In a
  small bowl, mix the powder with the garlic and lime juice. Store in an
  airtight container, in the refrigerator.
  
  Use for Cochinita Pibil or any grilled seafood. Yield: about 1/2 cup
  Copyright, 1996, TV FOOD NETWORK, G.P., All Rights Reserved 10/14/96 show
  Recipe By     : TOO HOT TAMALES PANTRY STAPLES SHOW #TH6289
  
  Posted to MC-Recipe Digest V1 #270
  
  Date: Wed, 30 Oct 1996 20:11:54 -0600 (CST)
  
  From: Pat Asher &lt;asher@mcs.com&gt;
 
</step></directions></recipe></recipeml>
