<?xml version="1.0" encoding="UTF-8"?>

<recipeml version="0.5">
  <recipe>
    <head>
      <title>Achiote Chicken and Cilantro Dumplings</title>
      <categories>
        <cat>Poultry</cat></categories>
      <yield>1</yield></head>
    <ingredients>
      <ing>
        <amt>
          <qty>1</qty>
          <unit>pound</unit></amt>
        <item>Boneless skinless chicken breasts; cut into cubes</item></ing>
      <ing>
        <amt>
          <qty>1/4</qty>
          <unit>cups</unit></amt>
        <item>Achiote paste</item></ing>
      <ing>
        <amt>
          <qty>1/4</qty>
          <unit>cups</unit></amt>
        <item>Freshsqueezed orange juice</item></ing>
      <ing>
        <amt>
          <qty>2</qty>
          <unit>tablespoons</unit></amt>
        <item>Butter</item></ing>
      <ing>
        <amt>
          <qty>2</qty>
          <unit/></amt>
        <item>Carrots; sliced</item></ing>
      <ing>
        <amt>
          <qty>2</qty>
          <unit/></amt>
        <item>Celery stalks; sliced</item></ing>
      <ing>
        <amt>
          <qty>2</qty>
          <unit/></amt>
        <item>JalapeZos; split lengthwise, seeded, sliced</item></ing>
      <ing>
        <amt>
          <qty>6</qty>
          <unit>cups</unit></amt>
        <item>Chicken stock</item></ing>
      <ing>
        <amt>
          <qty>1 1/2</qty>
          <unit>cups</unit></amt>
        <item>All purpose flour</item></ing>
      <ing>
        <amt>
          <qty>1</qty>
          <unit>tablespoon</unit></amt>
        <item>Baking powder</item></ing>
      <ing>
        <amt>
          <qty>3/4</qty>
          <unit>teaspoons</unit></amt>
        <item>Salt</item></ing>
      <ing>
        <amt>
          <qty>2</qty>
          <unit>large</unit></amt>
        <item>Eggs</item></ing>
      <ing>
        <amt>
          <qty>1/2</qty>
          <unit>cups</unit></amt>
        <item>Milk; (about)</item></ing>
      <ing>
        <amt>
          <qty>1</qty>
          <unit>bunch</unit></amt>
        <item>Cilantro leaves; chopped</item></ing></ingredients>
    <directions>
      <step>  Season chicken with salt and pepper. Place in medium bowl. Puree Achiote
  paste with orange juice in blender. Add to chicken. Toss to coat. Set
  aside.
  
  Melt butter in large saucepan over medium heat. Add carrots and celery and
  sautJ 5 minutes. Add chicken and jalapeZo and sautJ 3 to 5 minutes.
  Gradually whisk in stock. Simmer until slightly thickened. Combine flour,
  baking powder and salt in large bowl. Whisk eggs in glass measuring cup.
  Add enough milk to measure 3/4 cup. Add chopped cilantro. Whisk to blend.
  Add to dry ingredients and stir until blended. Drop dumpling mixture by
  rounded tablespoonfuls into bowl of iced water. Using slotted spoon,
  transfer to chicken mixture. Add enough dumplings to cover top of stew.
  Cover and simmer until dumplings are firm to touch, turning occasionally,
  about 12 minutes. Ladle chicken and dumplings into bowls.
  
  Yield: 4 servings
  Posted to recipelu-digest Volume 01 Number 656 by "Diane Geary."
  &lt;diane@keyway.net&gt; on Jan 31, 1998
 
</step></directions></recipe></recipeml>
