<?xml version="1.0" encoding="UTF-8"?>

<recipeml version="0.5">
  <recipe>
    <head>
      <title>Ackee Soup</title>
      <categories>
        <cat>Soups/stews</cat>
        <cat>Jamaica</cat>
        <cat>Caribbean</cat>
        <cat>Submitted</cat></categories>
      <yield>6</yield></head>
    <ingredients>
      <ing>
        <amt>
          <qty>1</qty>
          <unit>can</unit></amt>
        <item>Ackees (19oz); about 4 cups</item></ing>
      <ing>
        <amt>
          <qty>1 1/2</qty>
          <unit>cups</unit></amt>
        <item>Stock, chicken</item></ing>
      <ing>
        <amt>
          <qty>1/2</qty>
          <unit>cups</unit></amt>
        <item>Tomatoes; peeled, chopped</item></ing>
      <ing>
        <amt>
          <qty>1/4</qty>
          <unit>cups</unit></amt>
        <item>Shallots; chopped</item></ing>
      <ing>
        <amt>
          <qty/>
          <unit/></amt>
        <item>Salt; to taste</item></ing>
      <ing>
        <amt>
          <qty/>
          <unit/></amt>
        <item>Pepper, black; to taste</item></ing>
      <ing>
        <amt>
          <qty/>
          <unit/></amt>
        <item>Tabasco hot sauce; to taste</item></ing>
      <ing>
        <amt>
          <qty>1/2</qty>
          <unit>cups</unit></amt>
        <item>Heavy cream</item></ing></ingredients>
    <directions>
      <step>    Put the ackees together with the liquid from the can into a saucepan with
  the chicken stock, tomatoes, shallots, salt and pepper to taste; cover and
  simmer gently until the shallots are tender. Puree in an electric blender.
  Return to saucepan, season to taste with hot pepper sauce, stir in cream
  and heat through. Also very good chilled,
    Garnish, if desired, with chopped chives or chopped passley or with sweet
  paparika.
  
  From Gemini's MASSIVE MealMaster collection at www.synapse.com/~gemini
 
</step></directions></recipe></recipeml>
