<?xml version="1.0" encoding="UTF-8"?>

<recipeml version="0.5">
  <recipe>
    <head>
      <title>Ackee - Codfish</title>
      <categories>
        <cat>Kaz</cat></categories>
      <yield>4</yield></head>
    <ingredients>
      <ing>
        <amt>
          <qty>1</qty>
          <unit/></amt>
        <item>Tin</item></ing>
      <ing>
        <amt>
          <qty>1/2</qty>
          <unit>pounds</unit></amt>
        <item>Salted cod fish</item></ing>
      <ing>
        <amt>
          <qty>1</qty>
          <unit/></amt>
        <item>Onion -- chopped</item></ing>
      <ing>
        <amt>
          <qty/>
          <unit/></amt>
        <item>Black pepper to taste</item></ing>
      <ing>
        <amt>
          <qty/>
          <unit/></amt>
        <item>Ackee</item></ing></ingredients>
    <directions>
      <step>  Bring fish to boil to remove some of the salt.  Test for saltiness. Cook
  fish with ackee and black pepper.
  
  Recipe By     :
  
  From Gemini's MASSIVE MealMaster collection at www.synapse.com/~gemini
 
</step></directions></recipe></recipeml>
