<?xml version="1.0" encoding="UTF-8"?>

<recipeml version="0.5">
  <recipe>
    <head>
      <title>Acorn Squash Corn Bread Dressing</title>
      <categories>
        <cat>New import</cat></categories>
      <yield>4</yield></head>
    <ingredients>
      <ing>
        <amt>
          <qty>1</qty>
          <unit>medium</unit></amt>
        <item>Acorn squash</item></ing>
      <ing>
        <amt>
          <qty>3</qty>
          <unit>tablespoons</unit></amt>
        <item>Butter (divided use)</item></ing>
      <ing>
        <amt>
          <qty>12</qty>
          <unit>slices</unit></amt>
        <item>Stale white bread,</item></ing>
      <ing>
        <amt>
          <qty/>
          <unit/></amt>
        <item>Ends trimmed</item></ing>
      <ing>
        <amt>
          <qty>1</qty>
          <unit/></amt>
        <item>(8x8-inch) pan of cooked</item></ing>
      <ing>
        <amt>
          <qty/>
          <unit/></amt>
        <item>Corn bread</item></ing>
      <ing>
        <amt>
          <qty>2</qty>
          <unit/></amt>
        <item>Red or green delicious</item></ing>
      <ing>
        <amt>
          <qty/>
          <unit/></amt>
        <item>Apples, peeled,</item></ing>
      <ing>
        <amt>
          <qty/>
          <unit/></amt>
        <item>And chopped</item></ing>
      <ing>
        <amt>
          <qty>1</qty>
          <unit>medium</unit></amt>
        <item>Onion</item></ing>
      <ing>
        <amt>
          <qty>3</qty>
          <unit/></amt>
        <item>Stalks celery, strings</item></ing>
      <ing>
        <amt>
          <qty/>
          <unit/></amt>
        <item>Removed, and</item></ing>
      <ing>
        <amt>
          <qty/>
          <unit/></amt>
        <item>Cut in %-inch dices</item></ing>
      <ing>
        <amt>
          <qty>1 1/2</qty>
          <unit>teaspoons</unit></amt>
        <item>Thyme</item></ing>
      <ing>
        <amt>
          <qty>1</qty>
          <unit>tablespoon</unit></amt>
        <item>Sage</item></ing>
      <ing>
        <amt>
          <qty>1</qty>
          <unit>teaspoon</unit></amt>
        <item>Salt</item></ing>
      <ing>
        <amt>
          <qty>1/4</qty>
          <unit>teaspoons</unit></amt>
        <item>Pepper</item></ing>
      <ing>
        <amt>
          <qty>2</qty>
          <unit/></amt>
        <item>Eggs, beaten</item></ing>
      <ing>
        <amt>
          <qty>2 3/4</qty>
          <unit>cups</unit></amt>
        <item>Low~sodium chicken broth</item></ing>
      <ing>
        <amt>
          <qty/>
          <unit/></amt>
        <item>Nonstick cooking spray</item></ing></ingredients>
    <directions>
      <step>  Preheat oven to 350 F. Slice acorn squash in half, dot with 1 tablespoon
  butter and bake for 40 minutes. Cool, remove skin, chop into 1/2 inch
  cubes. In mixing bowl, coarsely crumble stale bread and mix with crumbled
  corn bread. Mix in apples and raisins. Melt remaining butter in heavy
  skillet; add onions and celery. Saute until tender. Add to crumbs. Mix in
  thyme, sage, salt, pepper and squash. Add beaten eggs and chick- en broth.
  Mix well. Spray a casserole dish with cooking spray. Spread mix- ture
  evenly in dish. Bake 45 minutes. Makes 12 servings.
  
  Posted to MM-Recipes Digest V4 #185 by BobbieB1@aol.com on Jul 18, 1997
 
</step></directions></recipe></recipeml>
