<?xml version="1.0" encoding="UTF-8"?>

<recipeml version="0.5">
  <recipe>
    <head>
      <title>Acorns</title>
      <categories>
        <cat>Cookies</cat>
        <cat>Picture</cat></categories>
      <yield>16</yield></head>
    <ingredients>
      <ing>
        <amt>
          <qty>1/3</qty>
          <unit>cups</unit></amt>
        <item>Butter; no substitutes</item></ing>
      <ing>
        <amt>
          <qty>1/3</qty>
          <unit>cups</unit></amt>
        <item>Sugar</item></ing>
      <ing>
        <amt>
          <qty>1/2</qty>
          <unit>teaspoons</unit></amt>
        <item>Baking soda</item></ing>
      <ing>
        <amt>
          <qty>1</qty>
          <unit/></amt>
        <item>Egg yolk</item></ing>
      <ing>
        <amt>
          <qty>1 1/2</qty>
          <unit>teaspoons</unit></amt>
        <item>Vanilla</item></ing>
      <ing>
        <amt>
          <qty>1</qty>
          <unit>cup</unit></amt>
        <item>All-purpose flour</item></ing>
      <ing>
        <amt>
          <qty>3</qty>
          <unit>ounces</unit></amt>
        <item>Semisweet chocolate</item></ing>
      <ing>
        <amt>
          <qty>1</qty>
          <unit>teaspoon</unit></amt>
        <item>Shortening</item></ing>
      <ing>
        <amt>
          <qty/>
          <unit/></amt>
        <item>Strawberry jam or hazelnut butter</item></ing>
      <ing>
        <amt>
          <qty/>
          <unit/></amt>
        <item>Pretzel twists; broken, optional</item></ing></ingredients>
    <directions>
      <step>  1. Beat butter in a medium bowl with an electric mixer on medium to high
  speed for 30 seconds. Add sugar and baking soda; beat till combined. Beat
  in egg yolk and vanilla. Beat in as much of the flour as you can with the
  mixer. Stir in any remaining flour with a wooden spoon.
  
  2. To shape, press a small amount of dough firmly and evenly into a
  teaspoon (not a measuring teaspoon). Gently tap the side of the spoon onto
  a greased cookie sheet to remove the shaped cookie. If necessary, use your
  finger to help remove dough from spoon. Reshape dough slightly on cookie
  sheet, if necessary. Makes 32 ovals.
  
  3. Bake in 350 degree oven for 8 to 10 minutes or till lightly browned.
  Cool on cookie sheet. Combine chocolate and shortening in a small saucepan.
  Cook and stir over low heat till chocolate is melted; cool.
  
  4. Place about 1 teaspoon strawberry jam or hazelnut butter on the flat
  side of a cookie; top with another cookie, flat side down. Repeat with
  remaining cookies. Dip wide end of each cookie sandwich into melted
  chocolate. Place on wire rack over waxed paper. Sprinkle with chopped nuts.
  Insert a pretzel piece at top of cookie for stem, if desired.
  
  5. To store, place cookies in a single layer in a shallow container;
  refrigerate up to a week.
  
  NOTES : For acornlike oval shapes, mold the dough with a flatware teaspoon,
  not a measuring teaspoon.
  
  Recipe by: Better Homes Christmas Cookies 1997
  
  Posted to recipelu-digest Volume 01 Number 506 by Marie Smith
  &lt;craftee@sprynet.com&gt; on Jan 12, 1998
 
</step></directions></recipe></recipeml>
