<?xml version="1.0" encoding="UTF-8"?>

<recipeml version="0.5">
  <recipe>
    <head>
      <title>Acorn Squash Soup</title>
      <categories>
        <cat>None</cat></categories>
      <yield>1</yield></head>
    <ingredients>
      <ing>
        <amt>
          <qty>3</qty>
          <unit/></amt>
        <item>Acorn squash</item></ing>
      <ing>
        <amt>
          <qty>4</qty>
          <unit/></amt>
        <item>Carrots, thinly sliced</item></ing>
      <ing>
        <amt>
          <qty>1/2</qty>
          <unit/></amt>
        <item>Onion, thinly sliced , I used one smallish</item></ing>
      <ing>
        <amt>
          <qty/>
          <unit/></amt>
        <item>Olive oil</item></ing>
      <ing>
        <amt>
          <qty>2</qty>
          <unit/></amt>
        <item>Cloves garlic, chopped</item></ing>
      <ing>
        <amt>
          <qty>2</qty>
          <unit>cans</unit></amt>
        <item>Chicken stock</item></ing>
      <ing>
        <amt>
          <qty/>
          <unit/></amt>
        <item>Curry powder</item></ing>
      <ing>
        <amt>
          <qty/>
          <unit/></amt>
        <item>Cayenne pepper</item></ing>
      <ing>
        <amt>
          <qty/>
          <unit/></amt>
        <item>Salt and pepper</item></ing>
      <ing>
        <amt>
          <qty>1/4</qty>
          <unit/></amt>
        <item>C. table or heavy cream, I used 1/2 C. light nondairy (up to 1/2)</item></ing>
      <ing>
        <amt>
          <qty/>
          <unit/></amt>
        <item>Lime wedges (really makes the soup!)</item></ing></ingredients>
    <directions>
      <step>  Cut squash in half and remove the seeds.  Put a pat of butter or margarine
  in the cavity of each half and roast in the oven at 375  for 40 minutes or
  till soft.  Let cool.  In the meantime, sauté the carrots and onions in a
  little olive oil until caramelized.  Add chicken stock and deglaze the pan.
  Add about 1/2 can of water to the stock.  Remove squash from the shell and
  put in saucepan with the stock.  Mash down the vegetables as much as you
  can.  Add seasonings to taste, then purée in blender or food processor.
  Return to pot; add cream; and adjust seasonings.  Serve with wedges of lime
  to be squeezed on top.
  
  Note: I did not put the butter or margarine in the cavity of the squash
  halves -- didn't miss it -- soup was still very rich.  I also simmered the
  soup for a little while to soften the vegetables a little more after adding
  the squash.
  
  Posted to JEWISH-FOOD digest V96 #85
  
  Date: Mon, 25 Nov 1996 11:36:33 -0500 (EST)
  
  From: Paula Miller Jacobson &lt;paulaj@erols.com&gt;
 
</step></directions></recipe></recipeml>
