<?xml version="1.0" encoding="UTF-8"?>

<recipeml version="0.5">
  <recipe>
    <head>
      <title>Acorn Squash with Cranberries</title>
      <categories>
        <cat>Cooking</cat>
        <cat>Live</cat></categories>
      <yield>1</yield></head>
    <ingredients>
      <ing>
        <amt>
          <qty>2</qty>
          <unit>small</unit></amt>
        <item>Acorn squashes; (about 1 pound each)</item></ing>
      <ing>
        <amt>
          <qty>1</qty>
          <unit/></amt>
        <item>Fresh orange</item></ing>
      <ing>
        <amt>
          <qty>1</qty>
          <unit>cup</unit></amt>
        <item>Fresh cranberries</item></ing>
      <ing>
        <amt>
          <qty>3</qty>
          <unit>tablespoons</unit></amt>
        <item>Sugar</item></ing>
      <ing>
        <amt>
          <qty>1</qty>
          <unit>tablespoon</unit></amt>
        <item>Butter; cut into 4 thin slices</item></ing></ingredients>
    <directions>
      <step>  Preheat the oven to 350 degrees. Cut each acorn squash in half lengthwise
  (through the stem). Scoop out seeds and fibers.
  
  Place the squash halves cut side down in a baking pan. Bake 40 minutes.
  
  While the squash are baking, grate one teaspoon of the orange zest. Halve
  the orange and squeeze the juice. You will need 3 tablespoons of juice. In
  a bowl, combine the orange zest, juice, cranberries and sugar. Turn the
  squash cut side up. Fill each half with the cranberry mixture. Top with a
  slice of butter. Bake 15 minutes or until the squash are tender when
  pierced with a fork. Serve hot.
  
  Yield: 4 servings
  
  Notes: recipe courtesy of Michele Scicolone
  
  Recipe by: Cooking live Show #9009
  
  Posted to MC-Recipe Digest V1 #966 by "Angele and Jon Freeman"
  &lt;jfreeman@comteck.com&gt; on Dec 19, 1997
 
</step></directions></recipe></recipeml>
