<?xml version="1.0" encoding="UTF-8"?>

<recipeml version="0.5">
  <recipe>
    <head>
      <title>Acorn Squash Rings</title>
      <categories>
        <cat>Squash</cat>
        <cat>Vegetables</cat></categories>
      <yield>2</yield></head>
    <ingredients>
      <ing>
        <amt>
          <qty>1</qty>
          <unit>large</unit></amt>
        <item>Acorn squash</item></ing>
      <ing>
        <amt>
          <qty>3</qty>
          <unit>tablespoons</unit></amt>
        <item>Melted butter</item></ing>
      <ing>
        <amt>
          <qty/>
          <unit/></amt>
        <item>Cranberry relish</item></ing></ingredients>
    <directions>
      <step>  Slice the squash into one and one half inch rings. Remove seeds and strings
  and place on buttered nonstick baking sheet. Top with remaining butter,
  season with salt and pepper and bake at 375 degrees for approximately 25
  minutes, turning once, so that the squash is cooked through and still
  retains its shape.
  
  Recipe by: Pick Of The Day Show #Pd7724 Posted to MC-Recipe Digest V1 #617
  by Marilyn Thomson &lt;mthomson@worldnet.att.net&gt; on May 23, 1997
 
</step></directions></recipe></recipeml>
