<?xml version="1.0" encoding="UTF-8"?>

<recipeml version="0.5">
  <recipe>
    <head>
      <title>Acorn Squash and Wild Rice</title>
      <categories>
        <cat>Vegetables</cat>
        <cat>Rice</cat></categories>
      <yield>4</yield></head>
    <ingredients>
      <ing>
        <amt>
          <qty>2</qty>
          <unit/></amt>
        <item>Acorn squash, ~1-1/2 lb ea</item></ing>
      <ing>
        <amt>
          <qty>1/2</qty>
          <unit>pounds</unit></amt>
        <item>Small Brussels sprouts</item></ing>
      <ing>
        <amt>
          <qty>2</qty>
          <unit>teaspoons</unit></amt>
        <item>Olive oil</item></ing>
      <ing>
        <amt>
          <qty>1</qty>
          <unit>cup</unit></amt>
        <item>Diced onion</item></ing>
      <ing>
        <amt>
          <qty>1</qty>
          <unit>teaspoon</unit></amt>
        <item>Fennel seeds</item></ing>
      <ing>
        <amt>
          <qty>1</qty>
          <unit>teaspoon</unit></amt>
        <item>Dried marjoram</item></ing>
      <ing>
        <amt>
          <qty>1/4</qty>
          <unit>cups</unit></amt>
        <item>Minced fresh sage</item></ing>
      <ing>
        <amt>
          <qty>1/4</qty>
          <unit>cups</unit></amt>
        <item>Fresh orange juice</item></ing>
      <ing>
        <amt>
          <qty>2</qty>
          <unit>teaspoons</unit></amt>
        <item>Fresh lemon juice</item></ing>
      <ing>
        <amt>
          <qty>1/8</qty>
          <unit>teaspoons</unit></amt>
        <item>Freshly grated pepper</item></ing>
      <ing>
        <amt>
          <qty>2</qty>
          <unit>cups</unit></amt>
        <item>Cooked wild rice</item></ing></ingredients>
    <directions>
      <step>  1.  Preheat the oven to 350 degrees (F).
  
  2.  Cut each squash in half and remove the seeds and pulp.  In a large
  baking dish, place the squash, cut side down, with about 1 inch of water.
  Bake until tender, about 45 minutes.
  
  3.  Pour about 2 inches of water into a large stockpot.  Place a
  collapsible steamer in the pot, cover, and bring to a boil.  Place the
  Brussels sprouts in the steamer, cover, and steam for 5 to 7 minutes, or
  until tender.  Set aside.
  
  4.  Meanwhile, in a large skillet, heat the oil over low heat.  Add the
  onion and saute for 10 minutes, stirring frequently.  Stir in the fennel,
  marjoram, sage, orange juice, lemon juice, and pepper, and simmer for 3
  minutes.  Stir in the cooked wild rice and the Brussels sprouts and heat
  through.
  
  5.  Spoon the wild rice and Brussels sprout mixture into the squash
  cavities.  Serve immediately.
  
  I often microwave the acorn squash by placing in a shallow glass pan with
  about 1/2-inch of water, covering with saran wrap and nuking for about 10
  minutes or until tender.
  Posted to MM-Recipes Digest  by BobbieB1 &lt;BobbieB1@aol.com&gt; on Apr 27, 1998
 
</step></directions></recipe></recipeml>
