<?xml version="1.0" encoding="UTF-8"?>

<recipeml version="0.5">
  <recipe>
    <head>
      <title>Acorn Squash Baked with Pineapple</title>
      <categories>
        <cat>Side</cat>
        <cat>Squash</cat>
        <cat>Vegetable</cat>
        <cat>Baked</cat></categories>
      <yield>6</yield></head>
    <ingredients>
      <ing>
        <amt>
          <qty>3</qty>
          <unit/></amt>
        <item>Acorn squash; halved</item></ing>
      <ing>
        <amt>
          <qty>2</qty>
          <unit>tablespoons</unit></amt>
        <item>Dry sherry</item></ing>
      <ing>
        <amt>
          <qty>2</qty>
          <unit>tablespoons</unit></amt>
        <item>Brown sugar</item></ing>
      <ing>
        <amt>
          <qty>6</qty>
          <unit>tablespoons</unit></amt>
        <item>Butter</item></ing>
      <ing>
        <amt>
          <qty>1/2</qty>
          <unit>cups</unit></amt>
        <item>Crushed pineapple; drained</item></ing>
      <ing>
        <amt>
          <qty>1/4</qty>
          <unit>teaspoons</unit></amt>
        <item>Ground nutmeg</item></ing>
      <ing>
        <amt>
          <qty>1</qty>
          <unit>teaspoon</unit></amt>
        <item>Salt</item></ing></ingredients>
    <directions>
      <step>     Preheat oven to 425 F.
     Scoop out the squash seeds and fibers and discard.  Place squash in
  greased baking dish.
     Put 1 teaspoon each of sherry, brown sugar, and butter in each squash
  half.
     Cover and bake for 30 minutes or until tender.
     Scoop squash out of shells, leaving wall about 1/4 inch thick.
     Mash squash and combine with remaining 4 tablespoons butter, pineapple,
  nutmeg and salt, beating well to blend.
     Spoon back into shells and return to oven to bake for 15 minutes more.
  
  _Classic American Cooking_  Pearl Byrd Foster, 1983 Simon &amp; Schuster ISBN
  0-671-44303-8    Typos by Jeff Pruett
    Posted to MM-Recipes Digest V3 #266
  
    Date: Sat, 28 Sep 1996 07:43:55 -0500
  
    From: netdir@cyberspc.mb.ca (S.Pickell)
 
</step></directions></recipe></recipeml>
