<?xml version="1.0" encoding="UTF-8"?>

<recipeml version="0.5">
  <recipe>
    <head>
      <title>Acorn Squash Stuffed with Apple Couscous</title>
      <categories>
        <cat>Fruits</cat>
        <cat>Vegetarian</cat></categories>
      <yield>8</yield></head>
    <ingredients>
      <ing>
        <amt>
          <qty>1</qty>
          <unit>cup</unit></amt>
        <item>Couscous</item></ing>
      <ing>
        <amt>
          <qty>1</qty>
          <unit>cup</unit></amt>
        <item>Apple juice</item></ing>
      <ing>
        <amt>
          <qty>1/4</qty>
          <unit>cups</unit></amt>
        <item>Prunes, pitted &amp; chopped</item></ing>
      <ing>
        <amt>
          <qty>1/4</qty>
          <unit>cups</unit></amt>
        <item>Dried cranberries</item></ing>
      <ing>
        <amt>
          <qty>1/4</qty>
          <unit>cups</unit></amt>
        <item>Dried apples</item></ing>
      <ing>
        <amt>
          <qty>1/4</qty>
          <unit>cups</unit></amt>
        <item>Apple juice concentrate, thawed</item></ing>
      <ing>
        <amt>
          <qty>1/4</qty>
          <unit>teaspoons</unit></amt>
        <item>Cardamom, ground</item></ing>
      <ing>
        <amt>
          <qty>1</qty>
          <unit>tablespoon</unit></amt>
        <item>Maple syrup</item></ing>
      <ing>
        <amt>
          <qty>4</qty>
          <unit/></amt>
        <item>Acorn squash, halved &amp; seeded</item></ing>
      <ing>
        <amt>
          <qty>1/4</qty>
          <unit>cups</unit></amt>
        <item>Pecans, toasted &amp; chopped, optional</item></ing></ingredients>
    <directions>
      <step>  Place couscous in a small mixing bowl.  Set aside.
  
  Bring apple juice to a boil in a small saucepan &amp; pour over the couscous.
  Cover &amp; set aside until the juice is absorbed.  This will take 15 minutes.
  
  Stir in the fruit, apple juice concentrate, cardamom &amp; maple syrup. Set
  aside.
  
  Steam squash halves until tender, about 15 minutes.  Drain &amp; place on a
  baking sheet.  Preheat oven to 350F.  Fill squash halves with the couscous
  mixture &amp; bake for 20 minutes.  Top with pecans &amp; serve.
  
  "Vegetarian Gourmet" Winter, 1995
    Posted to MM-Recipes Digest V3 #268
  
    Date: Mon, 30 Sep 1996 23:47:59 -0400
  
    From: BobbieB1@aol.com
 
</step></directions></recipe></recipeml>
