<?xml version="1.0" encoding="UTF-8"?>

<recipeml version="0.5">
  <recipe>
    <head>
      <title>Acorn Squash Soup W/corned Beef and Walnuts</title>
      <categories>
        <cat>Soups</cat>
        <cat>Beef</cat>
        <cat>Nuts</cat></categories>
      <yield>12</yield></head>
    <ingredients>
      <ing>
        <amt>
          <qty>1 1/2</qty>
          <unit>pounds</unit></amt>
        <item>Lean Corned Beef</item></ing>
      <ing>
        <amt>
          <qty>3</qty>
          <unit>quarts</unit></amt>
        <item>Water</item></ing>
      <ing>
        <amt>
          <qty>2</qty>
          <unit>pounds</unit></amt>
        <item>Acorn Squash, Peeled, Seeded &amp; Cubed</item></ing>
      <ing>
        <amt>
          <qty/>
          <unit/></amt>
        <item>Black Peppercorns</item></ing>
      <ing>
        <amt>
          <qty/>
          <unit/></amt>
        <item>Nutmeg</item></ing>
      <ing>
        <amt>
          <qty/>
          <unit/></amt>
        <item>Mace</item></ing>
      <ing>
        <amt>
          <qty/>
          <unit/></amt>
        <item>Bay Leaf</item></ing>
      <ing>
        <amt>
          <qty/>
          <unit/></amt>
        <item>Juniper Berries</item></ing>
      <ing>
        <amt>
          <qty/>
          <unit/></amt>
        <item>Cloves</item></ing>
      <ing>
        <amt>
          <qty>4</qty>
          <unit>ounces</unit></amt>
        <item>Prepared Horseradish,</item></ing>
      <ing>
        <amt>
          <qty>2</qty>
          <unit>quarts</unit></amt>
        <item>Corned Beef Broth</item></ing>
      <ing>
        <amt>
          <qty>1 1/2</qty>
          <unit>cups</unit></amt>
        <item>Heavy Cream</item></ing>
      <ing>
        <amt>
          <qty/>
          <unit/></amt>
        <item>Salt</item></ing>
      <ing>
        <amt>
          <qty/>
          <unit/></amt>
        <item>Pepper</item></ing>
      <ing>
        <amt>
          <qty>6</qty>
          <unit>ounces</unit></amt>
        <item>Walnuts, Shelled &amp; Toasted</item></ing>
      <ing>
        <amt>
          <qty>4</qty>
          <unit>tablespoons</unit></amt>
        <item>Chives, Snipped</item></ing></ingredients>
    <directions>
      <step>  Cook the corned beef with water and seasonings until tender. Remove from
  the broth. Trim Cube. De-fat the broth. Add the squash. Cook until tender.
  Cool. Use a food processor to puree. Add the cream and horseradish. Season
  to taste. Add the cubed corned beef. Sprinkle with toasted walnuts and
  chives immediately before serving.
  
  Chef Fritz Sonnenschmidt From: Joel Ehrlich
    Posted to MM-Recipes Digest V3 #266
  
    Date: Sat, 28 Sep 1996 07:43:55 -0500
  
    From: netdir@cyberspc.mb.ca (S.Pickell)
 
</step></directions></recipe></recipeml>
