<?xml version="1.0" encoding="UTF-8"?>

<recipeml version="0.5">
  <recipe>
    <head>
      <title>Acorn Squash Puree From Sonoma Mission Inn</title>
      <categories>
        <cat>Vegetables</cat>
        <cat>Side dish</cat>
        <cat>Low cal</cat></categories>
      <yield>4</yield></head>
    <ingredients>
      <ing-div>
        <title/>
        <ing>
          <amt>
            <qty/>
            <unit/></amt>
          <item>Sonoma Mission Inn, Calif</item></ing>
        <ing>
          <amt>
            <qty/>
            <unit/></amt>
          <item>Shared by Dorothy Hair 6/94</item></ing></ing-div>
      <ing-div>
        <title>ACORN SQUASH PUREE</title>
        <ing>
          <amt>
            <qty>4</qty>
            <unit>medium</unit></amt>
          <item>Acorn Squash</item></ing>
        <ing>
          <amt>
            <qty>1/2</qty>
            <unit>cups</unit></amt>
          <item>Tofu, soft</item></ing>
        <ing>
          <amt>
            <qty>1</qty>
            <unit/></amt>
          <item>Egg; plus</item></ing>
        <ing>
          <amt>
            <qty>2</qty>
            <unit/></amt>
          <item>Egg whites</item></ing>
        <ing>
          <amt>
            <qty>1/8</qty>
            <unit>teaspoons</unit></amt>
          <item>Allspice, ground</item></ing>
        <ing>
          <amt>
            <qty>2</qty>
            <unit>tablespoons</unit></amt>
          <item>Honey</item></ing>
        <ing>
          <amt>
            <qty/>
            <unit/></amt>
          <item>Pepper, white freshly ground</item></ing>
        <ing>
          <amt>
            <qty>2</qty>
            <unit>tablespoons</unit></amt>
          <item>Butter, melted</item></ing>
        <ing>
          <amt>
            <qty/>
            <unit/></amt>
          <item>Cinnamon</item></ing>
        <ing>
          <amt>
            <qty/>
            <unit/></amt>
          <item>Allspice and/or</item></ing>
        <ing>
          <amt>
            <qty/>
            <unit/></amt>
          <item>Nutmeg freshly ground (to taste)</item></ing></ing-div></ingredients>
    <directions>
      <step>  =========================== &gt; Directions &lt; ====================  Preheat
  the oven to 350 degrees. Cut the squash in half lengthwise, scrape out the
  seeds, place cut side down on a baking sheet and bake until soft, about 1
  hour.
  
  When cool enough to handle, scoop out the flesh into a mixing bowl and mash
  well. Add the tofu and blend thoroughly. In another bowl beat the egg and
  egg whites lightly, then add the squash mixture, spices, honey pepper, and
  butter. Mix well.
  
  Turn the puree into a shallow 1 quart baking dish. If preparing ahead to
  this point, cover the dish with wax paper.
  
  Bake for 30 minutes. Serve hot, sprinkled with additional cinnamon,
  allspice or nutmeg (or all three) if desired.
  
  ======================&gt; Notes and Credits &lt;====================  Calories
  per serving: 65
  
  Source: Sonoma Mission Inn, located in one of California's wine regions.
  Built in 1926 and renovated in 1980. Enjoy a killer weekend get-away at
  this spa and resort.  Great low cal haute cuisine, beautiful countryside
  and __WONDERFUL__ massages.
    Posted to MM-Recipes Digest V3 #266
  
    Date: Sat, 28 Sep 1996 07:43:55 -0500
  
    From: netdir@cyberspc.mb.ca (S.Pickell)
 
</step></directions></recipe></recipeml>
