<?xml version="1.0" encoding="UTF-8"?>

<recipeml version="0.5">
  <recipe>
    <head>
      <title>Acorn Squash, Indonesian</title>
      <categories>
        <cat>Crockpot</cat>
        <cat>Vegetables</cat></categories>
      <yield>6</yield></head>
    <ingredients>
      <ing>
        <amt>
          <qty>3</qty>
          <unit/></amt>
        <item>Acorn squash</item></ing>
      <ing>
        <amt>
          <qty/>
          <unit/></amt>
        <item>Salt and pepper</item></ing>
      <ing>
        <amt>
          <qty>1/4</qty>
          <unit>cups</unit></amt>
        <item>Melted butter</item></ing>
      <ing>
        <amt>
          <qty>1/3</qty>
          <unit>cups</unit></amt>
        <item>Chutney*</item></ing>
      <ing>
        <amt>
          <qty>1/3</qty>
          <unit>cups</unit></amt>
        <item>Flake coconut</item></ing></ingredients>
    <directions>
      <step>  Cut squash in half; remove seeds. Wash and drain excess water but do not
  dry. Sprinkle with salt and pepper. Place in slow-cooking pot. Cover and
  cook on low for 3 to 5 hours or until tender. Remove from pot; set, cut
  side up, on broiler pan or heat-proof platter. Brush inside of squash with
  butter. Mix chutney and coconut; spoon into cavity of squash. Bake in 400 F
  oven for about 15 minutes or until bubbly. - -NOTES
  : Make chutney in slow-cooking pot according to "Peach Chutney" recipe.
  Posted to recipelu-digest Volume 01 Number 264 by James and Susan Kirkland
  &lt;kirkland@gj.net&gt; on Nov 17, 1997
 
</step></directions></recipe></recipeml>
