<?xml version="1.0" encoding="UTF-8"?>

<recipeml version="0.5">
  <recipe>
    <head>
      <title>Acorn Squash with Wehani Rice and Pecan Stuffing</title>
      <categories>
        <cat>Vegetables</cat></categories>
      <yield>6</yield></head>
    <ingredients>
      <ing-div>
        <title/>
        <ing>
          <amt>
            <qty>3</qty>
            <unit/></amt>
          <item>Acorn squash</item></ing>
        <ing>
          <amt>
            <qty>2</qty>
            <unit>cups</unit></amt>
          <item>Wehani rice or rice blend</item></ing>
        <ing>
          <amt>
            <qty>4</qty>
            <unit>cups</unit></amt>
          <item>Water</item></ing>
        <ing>
          <amt>
            <qty>1</qty>
            <unit>tablespoon</unit></amt>
          <item>Tamari</item></ing>
        <ing>
          <amt>
            <qty>1</qty>
            <unit>tablespoon</unit></amt>
          <item>Soy margarine or butter</item></ing>
        <ing>
          <amt>
            <qty>1</qty>
            <unit>cup</unit></amt>
          <item>Carrot, diced</item></ing>
        <ing>
          <amt>
            <qty>1</qty>
            <unit>cup</unit></amt>
          <item>Celery, diced</item></ing>
        <ing>
          <amt>
            <qty>1</qty>
            <unit>cup</unit></amt>
          <item>Onion, diced</item></ing>
        <ing>
          <amt>
            <qty>1/4</qty>
            <unit>teaspoons</unit></amt>
          <item>Dried thyme</item></ing>
        <ing>
          <amt>
            <qty>1/2</qty>
            <unit>teaspoons</unit></amt>
          <item>Fresh ginger, minced</item></ing>
        <ing>
          <amt>
            <qty>2</qty>
            <unit>tablespoons</unit></amt>
          <item>Pecan pieces</item></ing>
        <ing>
          <amt>
            <qty>1</qty>
            <unit>tablespoon</unit></amt>
          <item>Orange zest, minced</item></ing>
        <ing>
          <amt>
            <qty/>
            <unit/></amt>
          <item>Sea salt</item></ing>
        <ing>
          <amt>
            <qty/>
            <unit/></amt>
          <item>Freshly ground black pepper</item></ing></ing-div>
      <ing-div>
        <title>GLAZE</title>
        <ing>
          <amt>
            <qty>1</qty>
            <unit>cup</unit></amt>
          <item>Orange juice</item></ing>
        <ing>
          <amt>
            <qty>1</qty>
            <unit>tablespoon</unit></amt>
          <item>Honey or barley malt</item></ing>
        <ing>
          <amt>
            <qty>1/4</qty>
            <unit>teaspoons</unit></amt>
          <item>Cinnamon</item></ing></ing-div></ingredients>
    <directions>
      <step>  Halve squash lengthwise.  Seed, then steam for 20 minutes (squash will not
  be fully cooked).  Set aside.  (May be prepared one day ahead.
  Refrigerate.)
  
  Bring water and tamari to a boil in a 2-quart saucepan over medium-high
  heat.  Add rice and return to a boil.  Reduce heat and simmer, covered,
  until liquid is absorbed and rice is tender. (Rice may be cooked up to 2
  days ahead; refrigerate until used.)
  
  For Stuffing: In a large skillet, saute carrots, celery, onion, thyme and
  ginger in margarine or butter until onions are golden. Thoroughly toss in
  pecans, orange zest and rice.  Season with salt and pepper to taste. Remove
  from heat and set aside.  (Stuffing may be prepared 1 day ahead and
  refrigerated.)
  
  Put glaze ingredients into a small jar and shake vigorously to combine.
  Keep refrigerated until ready to use.  (Glaze may be prepared a day ahead.)
  
  One hour before serving, preheat oven to 375 F.  Mound stuffing mixture
  into each squash half to about 2 inches over top of squash. Place stuffed
  squash halves in a baking pan filled with 1/2 cup of water. Drizzle some
  glaze over stuffing and brush onto squash. Cover with foil and bake 20
  minutes.
  
  Drizzle remaining glaze over squash, and continue baking, uncovered, for
  another 20 minutes until glazed and lightly browned. Serve immediately.
  
  Calories per serving: 326 Grams of fat: 5 % fat calories: 14 Cholesterol: 0
  mg. Grams of fiber: 5.8
  
  Adapted from a recipe in Delicious! magazine (November 1994) Typed for you
  by Karen Mintzias
  Posted to MC-Recipe Digest V1 #196
  
  Date: Tue, 13 Aug 1996 11:25:51 -0400
  
  From: marie@FreeMark.COM (Marie Slone)
 
</step></directions></recipe></recipeml>
