<?xml version="1.0" encoding="UTF-8"?>

<recipeml version="0.5">
  <recipe>
    <head>
      <title>Acorn Squash Risotto with Duck and Sage</title>
      <categories>
        <cat>New</cat>
        <cat>Text</cat>
        <cat>Import</cat></categories>
      <yield>1</yield></head>
    <ingredients>
      <ing>
        <amt>
          <qty>1</qty>
          <unit>large</unit></amt>
        <item>Acorn squash,; about 1 pound</item></ing>
      <ing>
        <amt>
          <qty>2</qty>
          <unit>tablespoons</unit></amt>
        <item>Olive oil</item></ing>
      <ing>
        <amt>
          <qty>2</qty>
          <unit>tablespoons</unit></amt>
        <item>Chopped shallots</item></ing>
      <ing>
        <amt>
          <qty>2</qty>
          <unit>cups</unit></amt>
        <item>Arborio rice</item></ing>
      <ing>
        <amt>
          <qty>3</qty>
          <unit>cups</unit></amt>
        <item>Duck stock or you can substitute chicken stock</item></ing>
      <ing>
        <amt>
          <qty>1</qty>
          <unit>cup</unit></amt>
        <item>Cooked duck meat,; cut into 1-inch pieces</item></ing>
      <ing>
        <amt>
          <qty>1</qty>
          <unit>tablespoon</unit></amt>
        <item>Chopped fresh sage</item></ing>
      <ing>
        <amt>
          <qty>1</qty>
          <unit>tablespoon</unit></amt>
        <item>Butter</item></ing>
      <ing>
        <amt>
          <qty>2</qty>
          <unit>tablespoons</unit></amt>
        <item>Heavy cream</item></ing>
      <ing>
        <amt>
          <qty>1/4</qty>
          <unit>cups</unit></amt>
        <item>Grated fresh Parmesan cheese</item></ing>
      <ing>
        <amt>
          <qty/>
          <unit/></amt>
        <item>Salt and pepper</item></ing></ingredients>
    <directions>
      <step>  Preheat oven to 400 degrees. Split squash in half across the middle, remove
  the seeds. Grease a baking sheet with 1 teaspoon of the olive oil, and~
  place squash, cut side down on the baking sheet. Bake for 20 minutes, or
  until tender. Allow to cool, and then peel and dice the flesh into 1 - inch
  cubes. In a sauce pot heat the remaining oil, add shallots, and cook for 3
  minutes. Stir in the rice, and saute, stirring for 1 minute. Stir in the
  stock, 1 teaspoon salt, and a pinch of pepper, and bring to a boil. Reduce
  the heat to medium and simmer until rice is tender about 18 minutes. Fold
  in squash, duck, sage, cream, cheese, and butter, and simmer for 2 - 3
  minutes.
  
  Yield: 4 servings
  Recipe By     :ESSENCE OF EMERIL SHOW #EE2211
  
  Posted to MC-Recipe Digest V1 #300
  
  Date: Wed, 13 Nov 1996 07:35:47 -0500
  
  From: Meg Antczak &lt;meginny@frontiernet.net&gt;
 
</step></directions></recipe></recipeml>
