<?xml version="1.0" encoding="UTF-8"?>

<recipeml version="0.5">
  <recipe>
    <head>
      <title>Acorn Squash and Apple Soup</title>
      <categories>
        <cat>None</cat></categories>
      <yield>1</yield></head>
    <ingredients>
      <ing>
        <amt>
          <qty>2</qty>
          <unit>medium</unit></amt>
        <item>Acorn Squash; 1 Lb Each, halved and seeded</item></ing>
      <ing>
        <amt>
          <qty>3</qty>
          <unit>cups</unit></amt>
        <item>Low Sodium Chicken Broth; Nonfat</item></ing>
      <ing>
        <amt>
          <qty>2</qty>
          <unit/></amt>
        <item>Green Apples; Tart, cored, peeled and chopped (about 2 cups)</item></ing>
      <ing>
        <amt>
          <qty>1/2</qty>
          <unit>cups</unit></amt>
        <item>Onion; chopped</item></ing>
      <ing>
        <amt>
          <qty>1</qty>
          <unit>cup</unit></amt>
        <item>Apple Juice; unsweetened</item></ing>
      <ing>
        <amt>
          <qty>2</qty>
          <unit>teaspoons</unit></amt>
        <item>Fresh Ginger Root; grated</item></ing>
      <ing>
        <amt>
          <qty>1/2</qty>
          <unit>teaspoons</unit></amt>
        <item>Salt</item></ing>
      <ing>
        <amt>
          <qty>1</qty>
          <unit>tablespoon</unit></amt>
        <item>Fresh lemon juice</item></ing>
      <ing>
        <amt>
          <qty/>
          <unit/></amt>
        <item>Freshly ground white pepper</item></ing>
      <ing>
        <amt>
          <qty/>
          <unit/></amt>
        <item>Plain non- or low-fat yogurt</item></ing>
      <ing>
        <amt>
          <qty/>
          <unit/></amt>
        <item>Snipped fresh chives OR shredded fresh basil</item></ing></ingredients>
    <directions>
      <step>  Place squash cut side down on rack set over gently simmering water in
  saucepan. Cover and steam until tender, about 10 minutes. Cool squash
  slightly. Scoop pulp from shells. Combine 1/4 cup chicken stock, apples and
  onion in heavy medium saucepan. Cover and cook over low heat 10 minutes.
  Add squash pulp, remaining chicken stock, apple juice, ginger and salt.
  Cover and simmer until ingredients are very tender, about 20 minutes. Puree
  soup in batches in processor or blender. Strain through sieve into clean
  saucepan, pressing puree with back of spoon. Reheat soup gently. Add lemon
  juice. Season with salt and generous amount of pepper. Ladle into bowls.
  Garnish with yogurt and chives.
  Posted to recipelu-digest Volume 01 Number 426 by eyesopen@ix.netcom.com
  (linda) on Dec 31, 1997
 
</step></directions></recipe></recipeml>
