<?xml version="1.0" encoding="UTF-8"?>

<recipeml version="0.5">
  <recipe>
    <head>
      <title>Acorn Squash with Onion-Berry Filling</title>
      <categories>
        <cat>None</cat></categories>
      <yield>4</yield></head>
    <ingredients>
      <ing>
        <amt>
          <qty>1</qty>
          <unit/></amt>
        <item>Orange</item></ing>
      <ing>
        <amt>
          <qty>2</qty>
          <unit>medium</unit></amt>
        <item>Acorn squash</item></ing>
      <ing>
        <amt>
          <qty>2</qty>
          <unit>cups</unit></amt>
        <item>Chopped purple onion</item></ing>
      <ing>
        <amt>
          <qty>2</qty>
          <unit>tablespoons</unit></amt>
        <item>Olive oil</item></ing>
      <ing>
        <amt>
          <qty>1/3</qty>
          <unit>cups</unit></amt>
        <item>Firmly packed brown sugar</item></ing>
      <ing>
        <amt>
          <qty>1</qty>
          <unit>can</unit></amt>
        <item>(16-ounce) whole-berry cranberry sauce</item></ing></ingredients>
    <directions>
      <step>  Cut unpeeled orange into quarters, and remove seeds. Pulse orange in food
  processor until chopped; set aside.
  
  Cut squash in half; discard seeds. Place, cut sides down, in an 11- x
  7-inch baking dish. Pour about 1/2 cup water into dish.
  
  Microwave, covered, at HIGH 12 minutes or until tender.
  
  Sauté purple onion in hot oil in a skillet 5 minutes or until lightly
  browned. Add brown sugar, and cook 4 minutes. Remove from heat. Stir in
  cranberry sauce and orange. Spoon into squash halves, reserving remaining
  mixture to serve with turkey or chicken. Makes 4 servings.
  
  Recipe by: Sue Gulledge, Springville, Alabama
  
  Posted to MC-Recipe Digest V1 #1047 by Suzy Wert &lt;SuzyWert@aol.com&gt; on Jan
  27, 1998
 
</step></directions></recipe></recipeml>
