<?xml version="1.0" encoding="UTF-8"?>

<recipeml version="0.5">
  <recipe>
    <head>
      <title>Acorn Squash and Sweet Potato</title>
      <categories>
        <cat>Side dish</cat>
        <cat>Beans/peas</cat></categories>
      <yield>8</yield></head>
    <ingredients>
      <ing>
        <amt>
          <qty>1</qty>
          <unit>large</unit></amt>
        <item>Onion; chopped, 1 C</item></ing>
      <ing>
        <amt>
          <qty>1 1/2</qty>
          <unit>pounds</unit></amt>
        <item>Sweet Potatoes; pared &amp; cubed,</item></ing>
      <ing>
        <amt>
          <qty/>
          <unit/></amt>
        <item>; (about 5 C)</item></ing>
      <ing>
        <amt>
          <qty>1</qty>
          <unit>small</unit></amt>
        <item>Acorn Squash; quartered, seeded,</item></ing>
      <ing>
        <amt>
          <qty/>
          <unit/></amt>
        <item>; pared (about 4 C)</item></ing>
      <ing>
        <amt>
          <qty>13 3/4</qty>
          <unit>ounces</unit></amt>
        <item>Chicken Broth; vegetarian</item></ing>
      <ing>
        <amt>
          <qty>4</qty>
          <unit>tablespoons</unit></amt>
        <item>Nonfat Milk; to 6 T</item></ing>
      <ing>
        <amt>
          <qty>1/2</qty>
          <unit>teaspoons</unit></amt>
        <item>Salt</item></ing>
      <ing>
        <amt>
          <qty>1/4</qty>
          <unit>teaspoons</unit></amt>
        <item>White Pepper</item></ing>
      <ing>
        <amt>
          <qty>1/4</qty>
          <unit>cups</unit></amt>
        <item>Nonfat Sour Cream; optional</item></ing>
      <ing>
        <amt>
          <qty/>
          <unit/></amt>
        <item>Ground Nutmeg; optional</item></ing></ingredients>
    <directions>
      <step>  Saute onion in broth or water in lg. saucepan over med. heat until onion is
  translucent, about 6 min.  Add potatoes, squash and broth.  Simmer,
  covered, until veggies are tender, about 25 min.  Cool slightly.
  
  Working in batches, place the veggies with their liquid in food processor.
  Whirl until pureed.  Return the puree to the saucepan.  Stir in the nonfat
  milk for desired consistency.  Season with salt and pepper.  Heat over low
  heat.
  
  Top each serving with dollop of nonfat sour cream and a sprinkle of nutmeg.
  Posted to MC-Recipe Digest V1 #176
  
  Date: Tue, 30 Jul 1996 19:52:15 -0700
  
  From: "Keri, J. (Mike)" &lt;mkeri@img.net&gt;
  NOTES : Recipe adjusted to lower the fat content.
 
</step></directions></recipe></recipeml>
