<?xml version="1.0" encoding="UTF-8"?>

<recipeml version="0.5">
  <recipe>
    <head>
      <title>Acorns</title>
      <categories>
        <cat>Cookies</cat></categories>
      <yield>1</yield></head>
    <ingredients>
      <ing>
        <amt>
          <qty>1</qty>
          <unit>cup</unit></amt>
        <item>Butter, melted</item></ing>
      <ing>
        <amt>
          <qty>3/4</qty>
          <unit>cups</unit></amt>
        <item>Brown sugar, firmly packed</item></ing>
      <ing>
        <amt>
          <qty>1 1/2</qty>
          <unit>cups</unit></amt>
        <item>Pecans, chopped fine,*</item></ing>
      <ing>
        <amt>
          <qty>2 1/2</qty>
          <unit>cups</unit></amt>
        <item>All-purpose flour, sifted</item></ing>
      <ing>
        <amt>
          <qty>1/2</qty>
          <unit>teaspoons</unit></amt>
        <item>Baking powder</item></ing>
      <ing>
        <amt>
          <qty>1</qty>
          <unit>cup</unit></amt>
        <item>Semi-sweet chocolate chips</item></ing></ingredients>
    <directions>
      <step>  * divided in 3/4 cup portions
  
   This is an easy yet elegant butter-pecan cookie shaped to resemble an
  acorn and dipped in melted chocolate chips and chopped pecans.
  
   Preheat oven to 375ø.
  
   In a large bowl, beat together butter, brown sugar, 3/4 cup chopped pecans
  and vanilla on medium speed until well blended. Add flour and baking powder
  and mix well, using low speed.
  
   Shape dough into 1-inch balls. Slightly flatten by pressing balls onto
  ungreased cookie sheets; pinch tops to point to resemble acorns. Bake for
  10-12 minutes at 375ø. Remove from oven and cool on wire racks.
  
   In top of a double boiler over simmering water, melt chocolate chips,
  stirring until smooth. Remove from heat; keep double boiler over water. Dip
  large ends of cooled cookies into melted chocolate, then roll in chopped
  pecans. Cool to set chocolate.
  
  Yield: 3 dozen. Peggy Mellody, co-author, In the Chips: The Complete
  Chocolate Chip Cookbook (published by Rawson Associates), Los Angeles, CA
  
     Randy Shearer
  
  From Gemini's MASSIVE MealMaster collection at www.synapse.com/~gemini
 
</step></directions></recipe></recipeml>
