<?xml version="1.0" encoding="UTF-8"?>

<recipeml version="0.5">
  <recipe>
    <head>
      <title>Acorn Bread</title>
      <categories>
        <cat>Native amer</cat>
        <cat>Breads</cat></categories>
      <yield>1</yield></head>
    <ingredients>
      <ing>
        <amt>
          <qty>1</qty>
          <unit>cup</unit></amt>
        <item>Acorn meal</item></ing>
      <ing>
        <amt>
          <qty>1</qty>
          <unit>cup</unit></amt>
        <item>Flour</item></ing>
      <ing>
        <amt>
          <qty>2</qty>
          <unit>tablespoons</unit></amt>
        <item>Baking powder</item></ing>
      <ing>
        <amt>
          <qty>1/2</qty>
          <unit>teaspoons</unit></amt>
        <item>Salt</item></ing>
      <ing>
        <amt>
          <qty>3</qty>
          <unit>tablespoons</unit></amt>
        <item>Sugar</item></ing>
      <ing>
        <amt>
          <qty>1</qty>
          <unit/></amt>
        <item>Egg, beaten</item></ing>
      <ing>
        <amt>
          <qty>1</qty>
          <unit>cup</unit></amt>
        <item>Milk</item></ing>
      <ing>
        <amt>
          <qty>3</qty>
          <unit>tablespoons</unit></amt>
        <item>Oil</item></ing></ingredients>
    <directions>
      <step>  Sift together, acorn meal, white flour, baking powder, salt and sugar. In
  separate bowl, mix together egg, milk, and oil.  Combine dry ingredients
  and liquid ingredients.  Stir just enough to moisten dry ingredients. Pour
  into a greased pan and bake at 400F. for 30 minutes.
  Posted to MM-Recipes Digest  by BobbieB1 &lt;BobbieB1@aol.com&gt; on May 14, 1998
 
</step></directions></recipe></recipeml>
