<?xml version="1.0" encoding="UTF-8"?>

<recipeml version="0.5">
  <recipe>
    <head>
      <title>Acorn Squash Souffle</title>
      <categories>
        <cat>Vegetables</cat></categories>
      <yield>4</yield></head>
    <ingredients>
      <ing>
        <amt>
          <qty>2</qty>
          <unit>small</unit></amt>
        <item>(3/4 lb. ea) acorn squash</item></ing>
      <ing>
        <amt>
          <qty>4</qty>
          <unit>teaspoons</unit></amt>
        <item>Brown sugar</item></ing>
      <ing>
        <amt>
          <qty/>
          <unit/></amt>
        <item>Grating of fresh nutmeg</item></ing>
      <ing>
        <amt>
          <qty>1/8</qty>
          <unit>teaspoons</unit></amt>
        <item>Salt</item></ing>
      <ing>
        <amt>
          <qty>4</qty>
          <unit>tablespoons</unit></amt>
        <item>Butter</item></ing>
      <ing>
        <amt>
          <qty>1/4</qty>
          <unit>teaspoons</unit></amt>
        <item>Ground cinnamon</item></ing>
      <ing>
        <amt>
          <qty>1</qty>
          <unit>large</unit></amt>
        <item>Egg, separated</item></ing>
      <ing>
        <amt>
          <qty>1</qty>
          <unit/></amt>
        <item>Egg white</item></ing>
      <ing>
        <amt>
          <qty/>
          <unit/></amt>
        <item>Fresh ground black pepper</item></ing></ingredients>
    <directions>
      <step>  Preheat oven to 400 F.  Wash squash.  Cut squash in half and scoop out
  seeds.  Place squash halves skin side up in 1/2 inch (1.25 cm) water in a
  baking dish and bake for 30 minutes.
  
  Remove from oven.  Using tongs turn squash halves over.  Put 1 tbs butter
  in each half.  Bake again for 30 minutes or until flesh is tender.  Cool
  for 30 minutes.
  
  Carefully remove squash from baking pan and pour butter into a bowl.
  Without damaging skin, carefully scoop out flesh from each squash half and
  put into same bowl. In blender or food processor, puree the squash with the
  reserved butter, sugar, spices, and egg yolk. Pour into mixing bowl.
  
  Whip the egg whites with the salt until it forms stiff peaks.  FOLD into
  the puree.  Work quickly but carefully, preserving the egg white volume.
  Pour souffle mixture into squash skin halves and bake 25 min. or until the
  tops are brown and beginning to crack.  Serve immediately.
  
  Notes:  adjust amounts of spices to taste.  this recipe always gets
  compliments whenever i serve it.
  
  Shannon E. Wells
  
  Recipe By     : swells@ariel.unm.edu (squeedle)
  
  From: Ladies Home Journal- August 1991
  
  File ftp://ftp.idiscover.co.uk/pub/food/mealmaster/recipes/mmdja006.zip
 
</step></directions></recipe></recipeml>
