<?xml version="1.0" encoding="UTF-8"?>

<recipeml version="0.5">
  <recipe>
    <head>
      <title>Acorn Squash with Creamed Onions</title>
      <categories>
        <cat>Side dishes</cat>
        <cat>To post</cat></categories>
      <yield>8</yield></head>
    <ingredients>
      <ing>
        <amt>
          <qty>4</qty>
          <unit/></amt>
        <item>Acorn Squash</item></ing>
      <ing>
        <amt>
          <qty>2</qty>
          <unit>packages</unit></amt>
        <item>Frozen Onions With Cream Sauce</item></ing>
      <ing>
        <amt>
          <qty/>
          <unit/></amt>
        <item>Salt</item></ing>
      <ing>
        <amt>
          <qty/>
          <unit/></amt>
        <item>Paprika</item></ing></ingredients>
    <directions>
      <step>  Wash, cut in half length-wise and remove seeds from squash. Place in
  shallow pan, cut side down. Bake at 325° till almost tender (45 to 50 min.)
  Turn cut side up and sprinkle with salt. Continue baking until tender (15
  to 20 more minutes.) Heat onions according to package directions. Spoon
  into squash centers. Sprinkle with paprika.
  
  Serves 6 to 8
  
  Source: Recipes Out of This World Women of St. Agnes Catholic Church
  Charleston, WV 1969
  
  billspa@icanect.net
  
  Recipe by: Carolyn Carroll
  
  Posted to MC-Recipe Digest by Bill Spalding &lt;billspa@icanect.net&gt; on Mar
  06, 1998
 
</step></directions></recipe></recipeml>
