<?xml version="1.0" encoding="UTF-8"?>

<recipeml version="0.5">
  <recipe>
    <head>
      <title>"Light" Gelatin Shots</title>
      <categories>
        <cat>Beverage</cat></categories>
      <yield>12</yield></head>
    <ingredients>
      <ing>
        <amt>
          <qty>1</qty>
          <unit>package</unit></amt>
        <item>(4-serving size) Jell-O brand gelatin; any flavor</item></ing>
      <ing>
        <amt>
          <qty>1</qty>
          <unit>cup</unit></amt>
        <item>Boiling water</item></ing>
      <ing>
        <amt>
          <qty>3/4</qty>
          <unit>cups</unit></amt>
        <item>Cold juice or soda</item></ing>
      <ing>
        <amt>
          <qty>1/4</qty>
          <unit>cups</unit></amt>
        <item>Cold liqueur; rum or wine</item></ing></ingredients>
    <directions>
      <step>   DISSOLVE gelatin in boiling water.  Add juice and liqueur. Pour into 12
  (2-ounce) souffle cups. Chill until set, about 1 hour.
  
   Cherry-Rum Colo Shots: Use cherry flavor gelatin, 3/4 cup cola beverage
  and
      1/4    cup rum.
  
   Orange Triplex: Use orange flavor gelatin, 3/4 cup orange flavor sparkling
  water and 1/4 cup any orange liqueur.
  
   MAKES 12 servings, Prep time: 10 minutes, Chill time: 1 hour
  
  From &lt;Favorite Recipes: Jell-O Easy Entertaining&gt;.  Downloaded from Glen's
  MM Recipe Archive, http://www.erols.com/hosey.
 
</step></directions></recipe></recipeml>
