<?xml version="1.0" encoding="UTF-8"?>

<recipeml version="0.5">
  <recipe>
    <head>
      <title>"M&amp;m's" Brownie Sundae Cake</title>
      <categories>
        <cat>Desserts</cat>
        <cat>Cakes</cat></categories>
      <yield>12</yield></head>
    <ingredients>
      <ing>
        <amt>
          <qty>21</qty>
          <unit>ounces</unit></amt>
        <item>Fudge brownie mix; prepared as for cake-like brownies</item></ing>
      <ing>
        <amt>
          <qty>1</qty>
          <unit>cup</unit></amt>
        <item>"M&amp;M's" Semi-Sweet Chocolate Mini Baking Bits</item></ing>
      <ing>
        <amt>
          <qty>1/2</qty>
          <unit>cups</unit></amt>
        <item>Chopped nuts; optional</item></ing>
      <ing>
        <amt>
          <qty>1</qty>
          <unit>quart</unit></amt>
        <item>Vanilla ice cream; softened</item></ing>
      <ing>
        <amt>
          <qty>1/4</qty>
          <unit>cups</unit></amt>
        <item>Caramel or butterscotch ice cream topping</item></ing></ingredients>
    <directions>
      <step>  Line 2 9-inch round cake pans with aluminum foil, extending it slightly
  over the edges of the pan; lightly spray bottoms of each pan with vegetable
  cooking spray; set aside. Preheat oven as brownie mix package directs.
  Divide brownie batter evenly between the two pans; sprinkle half the
  "M&amp;M's"r Semi-Sweet Chocolate Mini Baking Bits and nuts over each. Bake 23
  to 25 minutes or until edges begin to pull away from sides of pan. Cool
  completely. Remove layers by lifting foil from pans. To assemble cake,
  place one brownie layer, topping side down in a 9-inch spring form pan.
  Spread ice cream over brownie layer; drizzle with ice cream topping. Place
  second brownie layer on top of ice cream layer, with topping side up; press
  down lightly. Wrap in plastic wrap and freeze until firm. Remove from
  freezer about 15 minutes before serving. Remove sides of pan. Cut into
  wedges. MAKES 12 WEDGES.
  
  Recipe by: M &amp; M WEBSITE
  
  Posted to recipelu-digest by GramWag@aol.com on Feb 4, 1998
 
</step></directions></recipe></recipeml>
