<?xml version="1.0" encoding="UTF-8"?>

<recipeml version="0.5">
  <recipe>
    <head>
      <title>"M&amp;m's" Coconut Pecan Bars</title>
      <categories>
        <cat>C</cat>
        <cat>O</cat>
        <cat>O</cat>
        <cat>K</cat>
        <cat>I</cat></categories>
      <yield>12</yield></head>
    <ingredients>
      <ing>
        <amt>
          <qty>1/4</qty>
          <unit>cups</unit></amt>
        <item>Granulated sugar; divided</item></ing>
      <ing>
        <amt>
          <qty>1/2</qty>
          <unit>cups</unit></amt>
        <item>Plus 3 tablespoons all-purpose flour; divided</item></ing>
      <ing>
        <amt>
          <qty>1/2</qty>
          <unit>cups</unit></amt>
        <item>Finely chopped pecans; divided</item></ing>
      <ing>
        <amt>
          <qty/>
          <unit/></amt>
        <item>/4      c  butter; divided</item></ing>
      <ing>
        <amt>
          <qty/>
          <unit>large</unit></amt>
        <item>Eggs</item></ing>
      <ing>
        <amt>
          <qty/>
          <unit>tablespoons</unit></amt>
        <item>Vanilla extract</item></ing>
      <ing>
        <amt>
          <qty>2</qty>
          <unit>ounces</unit></amt>
        <item>"M&amp;M's" Chocolate Mini Baking Bits; divided</item></ing>
      <ing>
        <amt>
          <qty/>
          <unit>cups</unit></amt>
        <item>Shredded coconut</item></ing></ingredients>
    <directions>
      <step>  Preheat oven to 350ø F. Lightly grease a 13 x 9 x 2-inch baking pan; set
  aside. In large bowl combine 3/4 cup sugar, 1/2 cup flour and 1/2 cup
  chopped pecans; add 1/4 cup melted butter and mix well. Press mixture into
  bottom of prepared pan. Bake 10 minutes or until set; cool slightly. In
  mixing bowl cream 1/2 cup butter and 1/2 cup sugar; add eggs, one at a
  time, beating well after each addition. Blend in vanilla. Combine 1 cup
  "M&amp;M's"r Chocolate Mini Baking Bits with 3 tablespoons flour; stir into
  creamed mixture. Spread mixture over cooled crust. Combine coconut and
  remaining pecans; sprinkle over batter. Sprinkle remaining 3/4 cup "M&amp;M's"r
  Chocolate Mini Baking Bits over coconut and pecans; pat down lightly. Bake
  25 to 30 minutes or until set. Cool completely before cutting into bars.
  Store in tightly covered container. MAKES 24 TO 36 BARS.
  
  Recipe by: M &amp; M WEBSITE
  
  Posted to recipelu-digest by GramWag@aol.com on Feb 4, 1998
 
</step></directions></recipe></recipeml>
