<?xml version="1.0" encoding="UTF-8"?>

<recipeml version="0.5">
  <recipe>
    <head>
      <title>"M&amp;m's" Chocolate Macadamia Chewies</title>
      <categories>
        <cat>C</cat>
        <cat>O</cat>
        <cat>O</cat>
        <cat>K</cat>
        <cat>I</cat></categories>
      <yield>12</yield></head>
    <ingredients>
      <ing>
        <amt>
          <qty>3/4</qty>
          <unit>cups</unit></amt>
        <item>Butter</item></ing>
      <ing>
        <amt>
          <qty>2/3</qty>
          <unit>cups</unit></amt>
        <item>Firmly packed light brown sugar</item></ing>
      <ing>
        <amt>
          <qty>1</qty>
          <unit>large</unit></amt>
        <item>Egg</item></ing>
      <ing>
        <amt>
          <qty>1</qty>
          <unit>teaspoon</unit></amt>
        <item>Vanilla extract</item></ing>
      <ing>
        <amt>
          <qty>1 3/4</qty>
          <unit>cups</unit></amt>
        <item>All-purpose flour</item></ing>
      <ing>
        <amt>
          <qty>3/4</qty>
          <unit>teaspoons</unit></amt>
        <item>Baking soda</item></ing>
      <ing>
        <amt>
          <qty>1/4</qty>
          <unit>teaspoons</unit></amt>
        <item>Salt</item></ing>
      <ing>
        <amt>
          <qty>1/2</qty>
          <unit>cups</unit></amt>
        <item>Shredded coconut</item></ing>
      <ing>
        <amt>
          <qty>3/4</qty>
          <unit>cups</unit></amt>
        <item>Coarsely chopped macadamia nuts</item></ing>
      <ing>
        <amt>
          <qty>12</qty>
          <unit>ounces</unit></amt>
        <item>"M&amp;M's" Chocolate Mini Baking Bits</item></ing></ingredients>
    <directions>
      <step>  Preheat oven to 350ø F. In a large bowl with electric mixer, cream butter
  with sugar until light and fluffy. Add egg, milk and vanilla, blending
  well. Combine flour, baking soda and salt; blend well into creamed mixture.
  Blend in coconut and macadamia nuts. By hand, stir in "M&amp;M's" r Chocolate
  Mini Baking Bits. Drop by heaping teaspoonfuls onto ungreased cookie
  sheets; flatten slightly with back of spoon. Bake 8 to 10 minutes, or just
  until set. Do not over bake. Cool 1 minute before removing to wire rack;
  cool completely. Store in tightly covered container. MAKES ABOUT 4 DOZEN
  COOKIES.
  
  Recipe by: M &amp; M WEBSITE
  
  Posted to recipelu-digest by GramWag@aol.com on Feb 4, 1998
 
</step></directions></recipe></recipeml>
