<?xml version="1.0" encoding="UTF-8"?>

<recipeml version="0.5">
  <recipe>
    <head>
      <title>"Market for 2" Salmon</title>
      <categories>
        <cat>Seafood</cat></categories>
      <yield>1</yield></head>
    <ingredients>
      <ing>
        <amt>
          <qty>400</qty>
          <unit>grams</unit></amt>
        <item>Skinless boneless salmon steaks OR one steak per serving</item></ing>
      <ing>
        <amt>
          <qty>2</qty>
          <unit>bunches</unit></amt>
        <item>Watercress</item></ing>
      <ing>
        <amt>
          <qty>100</qty>
          <unit>grams</unit></amt>
        <item>Roasted sunflower seeds</item></ing>
      <ing>
        <amt>
          <qty>1</qty>
          <unit>tablespoon</unit></amt>
        <item>Brown rice miso OR plum miso</item></ing>
      <ing>
        <amt>
          <qty>1</qty>
          <unit/></amt>
        <item>Celery branch</item></ing>
      <ing>
        <amt>
          <qty>2</qty>
          <unit/></amt>
        <item>Cloves garlic</item></ing>
      <ing>
        <amt>
          <qty>10</qty>
          <unit>grams</unit></amt>
        <item>Corn meal</item></ing>
      <ing>
        <amt>
          <qty/>
          <unit/></amt>
        <item>Sesame oil</item></ing>
      <ing>
        <amt>
          <qty>600</qty>
          <unit>mililiters</unit></amt>
        <item>Filtered water</item></ing>
      <ing>
        <amt>
          <qty>3</qty>
          <unit>tablespoons</unit></amt>
        <item>Olive oil</item></ing></ingredients>
    <directions>
      <step>  Mix 1 table spoon miso paste with 600ml filtered water; boil for 1 minute
  with chopped celery branch and 1 clove sliced garlic (reserve and keep
  warm) Put corn meal on a dinner plate, then put salmon skin side down
  (reserve) In a teflon pan on low/medium heat put 1 tablespoon of olive oil
  and put salmon steaks corn meal side down roast slowly until golden brown,
  then flip and finish off slowly. The salmon should be pink inside (reserve
  warm) In another pan, put remaining olive oil with sliced garlic and sweat
  lightly, add 2 table spoons of miso broth and add watercress, cover for 30
  seconds
  
  To Plate: "I love to serve this dish in a large soup Tonkinoise bowls, but
  regular large soup bowls will do Put equal amounts of watercress in each
  bowl, put crispy salmon on top, add warm miso broth and drizzlewith a few
  drops of sesame oil; garnish with chives."-- DM
  
  REF: Restaurant Globe on St-Laurent Blvd in Montreal (Quebec, CA)
  http://www.restaurantglobe.com/
  
  Notes: Corn meal crispy salmon with wilted watercress, roasted sunflowers
  seeds, miso broth and sesane oil, Global style.
  
  Sent by "Pat Hanneman" &lt;phannema@wizard.ucr.edu&gt; on Fri, 08 May 1998 and
  converted by MC_Buster.
  
  Recipe by: St-Laurent Springs, by David McMillan
  
  Posted to MC-Recipe Digest by Kitpath &lt;phannema@wizard.ucr.edu&gt; on May 16,
  1998
 
</step></directions></recipe></recipeml>
