<?xml version="1.0" encoding="UTF-8"?>

<recipeml version="0.5">
  <recipe>
    <head>
      <title>"Mediterranean" Bean Soup</title>
      <categories>
        <cat/></categories>
      <yield>8</yield></head>
    <ingredients>
      <ing>
        <amt>
          <qty>1</qty>
          <unit>tablespoon</unit></amt>
        <item>Extra-virgin olive oil; (1 to 2)</item></ing>
      <ing>
        <amt>
          <qty>1</qty>
          <unit>large</unit></amt>
        <item>Onion; coarsely chopped</item></ing>
      <ing>
        <amt>
          <qty>2</qty>
          <unit>medium</unit></amt>
        <item>Carrots; peeled and chopped</item></ing>
      <ing>
        <amt>
          <qty>1</qty>
          <unit>large</unit></amt>
        <item>Garlic clove; crushed</item></ing>
      <ing>
        <amt>
          <qty>2</qty>
          <unit>cups</unit></amt>
        <item>Dried beans; soaked &amp; drained</item></ing>
      <ing>
        <amt>
          <qty>8</qty>
          <unit>cups</unit></amt>
        <item>Boiling water; (8 to 10)</item></ing>
      <ing>
        <amt>
          <qty>1</qty>
          <unit>tablespoon</unit></amt>
        <item>Fresh thyme (or 1 teaspoon dried)</item></ing>
      <ing>
        <amt>
          <qty>1</qty>
          <unit/></amt>
        <item>Bay leaves</item></ing>
      <ing>
        <amt>
          <qty>1/4</qty>
          <unit>cups</unit></amt>
        <item>Italian parsley (plus more for garnish); chopped</item></ing>
      <ing>
        <amt>
          <qty/>
          <unit/></amt>
        <item>Salt; to taste</item></ing>
      <ing>
        <amt>
          <qty/>
          <unit/></amt>
        <item>Freshly ground black pepper; to taste</item></ing>
      <ing>
        <amt>
          <qty/>
          <unit/></amt>
        <item>Croutons for (optional); for garnish</item></ing>
      <ing>
        <amt>
          <qty/>
          <unit/></amt>
        <item>Green olive oil (optional); for garnish</item></ing></ingredients>
    <directions>
      <step>  In heavy 3-quart stockpot or soup kettle heat extra-virgin olive oil; saute
  onion, carrots and garlic until vegetables are soft but not browned, 10-15
  minutes.  Add drained beans and boiling water to stockpot; add thyme, bay
  leaves and parsley.  Cover and cook over low heat, adding boiling water
  occasionally if necessary, 1 1/2 - 3 hours or until beans are soft (cooking
  time varies with age of beans).  When beans are soft add salt and pepper.
  
  For thicker soup remove about 1 1/2 cups of beans, puree in food processor
  or blender, and return to pot. For thinner soup add hot water (or crushed
  canned tomatoes with juices). Correct seasonings. Transfer soup to tureen
  or individual bowls. Garnish with chopped parsley or croutons and drizzle
  with a good green olive oil. Makes 8 servings.
  
  Notes:  This recipe can be adapted to almost any kind of bean (cannellini,
  Great Northern, anasazi, _pinto_, pinquito, etc. are all possibilities).
  From an article on the Mediterranean diet in the March-April 1995 issue of
  Modern Maturity magazine. Uploaded to the CompuServe Cooks Library on
  5/13/96 by Lon Hall.
  Posted to MC-Recipe Digest V1 #216
  
  Date: 24 Aug 96 13:22:29 EDT
  
  From: Paul &amp; Terri Law &lt;103366.1520@CompuServe.COM&gt;
 
</step></directions></recipe></recipeml>
