<?xml version="1.0" encoding="UTF-8"?>

<recipeml version="0.5">
  <recipe>
    <head>
      <title>"Mocheese" Filled Tamales</title>
      <categories>
        <cat>Vegetable</cat></categories>
      <yield>9</yield></head>
    <ingredients>
      <ing-div>
        <title/>
        <ing>
          <amt>
            <qty>1</qty>
            <unit/></amt>
          <item>Recipe basic masa dough (see tamales--basic masa dough)</item></ing>
        <ing>
          <amt>
            <qty>18</qty>
            <unit/></amt>
          <item>Corn husks or parchment</item></ing></ing-div>
      <ing-div>
        <title>FILLING</title>
        <ing>
          <amt>
            <qty>4</qty>
            <unit>ounces</unit></amt>
          <item>Silken tofu; mashed</item></ing>
        <ing>
          <amt>
            <qty>6</qty>
            <unit>ounces</unit></amt>
          <item>Mochi cake; uncooked, grated</item></ing>
        <ing>
          <amt>
            <qty>4</qty>
            <unit>tablespoons</unit></amt>
          <item>Miso paste; white, yellow, or mellow</item></ing>
        <ing>
          <amt>
            <qty>4</qty>
            <unit>tablespoons</unit></amt>
          <item>Corn oil</item></ing></ing-div></ingredients>
    <directions>
      <step>  Date: Thu, 28 Mar 1996 00:43:27 -0500
  
  From: BobbieB1@aol.com
  Mix filling ingredients until smooth.  Fill and cook tamales according to
  "Tamales--Basic Masa Dough".
  
  Per serving (2 tamales): 393 cal; 3 g prot; 411 medium sod; 67 g carb; 10 g
  fat; 0 mg chol; 36 mg calcium
  
  MM-RECIPES@IDISCOVER.NET
  
  MEAL-MASTER RECIPES LIST SERVER
  
  MM-RECIPES DIGEST V3 #89
  
  From the MealMaster recipe list.  Downloaded from Glen's MM Recipe Archive,
  http://www.erols.com/hosey.
 
</step></directions></recipe></recipeml>
