<?xml version="1.0" encoding="UTF-8"?>

<recipeml version="0.5">
  <recipe>
    <head>
      <title>"Mountain Express Chilli"</title>
      <categories>
        <cat>Chili</cat>
        <cat>Meat</cat>
        <cat>Main dish</cat></categories>
      <yield>999</yield></head>
    <ingredients>
      <ing>
        <amt>
          <qty>4</qty>
          <unit>tablespoons</unit></amt>
        <item>Gebhardt chili powder</item></ing>
      <ing>
        <amt>
          <qty>4</qty>
          <unit>tablespoons</unit></amt>
        <item>California chile powder</item></ing>
      <ing>
        <amt>
          <qty>3</qty>
          <unit>tablespoons</unit></amt>
        <item>Mild New Mexico chile powder</item></ing>
      <ing>
        <amt>
          <qty>2</qty>
          <unit>tablespoons</unit></amt>
        <item>HOT New Mexico chile powder</item></ing>
      <ing>
        <amt>
          <qty>1</qty>
          <unit>tablespoon</unit></amt>
        <item>Pasilla chile powder</item></ing>
      <ing>
        <amt>
          <qty>1</qty>
          <unit>can</unit></amt>
        <item>(14 1/2 oz.) chicken broth</item></ing>
      <ing>
        <amt>
          <qty>4</qty>
          <unit>cups</unit></amt>
        <item>Water</item></ing>
      <ing>
        <amt>
          <qty>1</qty>
          <unit/></amt>
        <item>Pod garlic, pressed Salt to taste</item></ing>
      <ing>
        <amt>
          <qty>3</qty>
          <unit>tablespoons</unit></amt>
        <item>Ground cumin</item></ing>
      <ing>
        <amt>
          <qty>2</qty>
          <unit>tablespoons</unit></amt>
        <item>Flour</item></ing>
      <ing>
        <amt>
          <qty>1</qty>
          <unit>tablespoon</unit></amt>
        <item>Garlic powder</item></ing>
      <ing>
        <amt>
          <qty>1</qty>
          <unit>teaspoon</unit></amt>
        <item>Ground Mexican oregano</item></ing>
      <ing>
        <amt>
          <qty>1</qty>
          <unit>can</unit></amt>
        <item>(14 1/2 oz.) Hunt's Whole Tomatoes</item></ing>
      <ing>
        <amt>
          <qty>2</qty>
          <unit>medium</unit></amt>
        <item>Onions, finely chopped Tabasco Sauce</item></ing></ingredients>
    <directions>
      <step>  4 pounds tri-tip or bottom sirloin, trimmed and cut in 1/4 inch cubes.
  
  1) Combine all dry ingredients in a small container. Clean tomatoes of
  seeds and put through sieve or chop finely. Combine tomatoes, broth water
  and dry spices in a bowl, mix well. Put into a chilli pot and simmer.
  
  2) Meanwhile, in a skillet, saute onions and garlic in a little water over
  low heat for 30 minutes. Drain and add to tomato sauce and simmer 30
  minutes.
  
  3) In a large skillet, cook meat until no longer pink, drain off juices and
  add to chilli pot. Simmer for 1 1/2 hours or until meat is tender. Adjust
  seasoning with salt and add Tabasco if hotter chilli is desired.
  
  Cooking time - 3 hours or longer (start to finish)
  
  All typos are my fault. Burning the meat is your fault. Dave Drum
  
  ======================================================= ===================
  = 1994 WORLD'S CHAMPIONSHIP CHILLI RECEIPE $25,000 FIRST PLACE WINNER
  
  BILL &amp; KAREN RAY, RIVERSIDE, CALIFORNIA
  
  ENJOY!!!
  
  ... H. Allen Smith &amp; Wick Fowler. The Original Chilli Cookoff Champs
  
  From: Dave Drum                       Date: Sat, 10-2
  
  From Gemini's MASSIVE MealMaster collection at www.synapse.com/~gemini
 
</step></directions></recipe></recipeml>
