<?xml version="1.0" encoding="UTF-8"?>

<recipeml version="0.5">
  <recipe>
    <head>
      <title>"Oreo" Frozen Dessert</title>
      <categories>
        <cat>Dessert</cat></categories>
      <yield>12</yield></head>
    <ingredients>
      <ing>
        <amt>
          <qty>1/3</qty>
          <unit>cups</unit></amt>
        <item>Margarine; Melted</item></ing>
      <ing>
        <amt>
          <qty>16</qty>
          <unit>ounces</unit></amt>
        <item>Hershey's Fudge</item></ing>
      <ing>
        <amt>
          <qty>1/2</qty>
          <unit>gallons</unit></amt>
        <item>Vanilla Ice Cream</item></ing>
      <ing>
        <amt>
          <qty>1</qty>
          <unit>cup</unit></amt>
        <item>Cool Whip</item></ing>
      <ing>
        <amt>
          <qty>1</qty>
          <unit>package</unit></amt>
        <item>(15-oz) Oreo Cookies</item></ing>
      <ing>
        <amt>
          <qty>From:</qty>
          <unit/></amt>
        <item>Joel Ehrlich &lt;Joel.Ehrlich@SALATA.COM&gt;</item></ing>
      <ing>
        <amt>
          <qty>Date:</qty>
          <unit/></amt>
        <item>Tue, 30 Jul 1996 09:44:15 -0800</item></ing></ingredients>
    <directions>
      <step>  Crush the cookies.  Stir in the melted margarine.  Press the crumb crust
  into a 9" pie plate.  Slice the ice cream.  Place on the crust.  Pour the
  fudge over.  Frost with Cool Whip.  Sprinkle more cookie crumbs over.
  Freeze. Remove from the freezer 10 minutes before slicing and serving.
  
  EAT-L Digest 30 July 96
  
  From the EAT-L recipe list.  Downloaded from Glen's MM Recipe Archive,
  http://www.erols.com/hosey.
 
</step></directions></recipe></recipeml>
