<?xml version="1.0" encoding="UTF-8"?>

<recipeml version="0.5">
  <recipe>
    <head>
      <title>"Outrageous" Chocolate-Oatmeal Chipper (Cooki</title>
      <categories>
        <cat>Cookies</cat>
        <cat>Chocolate</cat></categories>
      <yield>40</yield></head>
    <ingredients>
      <ing>
        <amt>
          <qty>1 1/2</qty>
          <unit>cups</unit></amt>
        <item>Rolled oats</item></ing>
      <ing>
        <amt>
          <qty>1</qty>
          <unit/></amt>
        <item>Stick unsalted butter -- at</item></ing>
      <ing>
        <amt>
          <qty/>
          <unit/></amt>
        <item>Room temperature</item></ing>
      <ing>
        <amt>
          <qty>1/2</qty>
          <unit>cups</unit></amt>
        <item>Granulated sugar</item></ing>
      <ing>
        <amt>
          <qty>1/2</qty>
          <unit>cups</unit></amt>
        <item>Light brown sugar -- firmly</item></ing>
      <ing>
        <amt>
          <qty/>
          <unit/></amt>
        <item>Packed</item></ing>
      <ing>
        <amt>
          <qty>1</qty>
          <unit/></amt>
        <item>Egg</item></ing>
      <ing>
        <amt>
          <qty>1</qty>
          <unit>teaspoon</unit></amt>
        <item>Vanilla extract</item></ing>
      <ing>
        <amt>
          <qty>1</qty>
          <unit>cup</unit></amt>
        <item>All-purpose flour</item></ing>
      <ing>
        <amt>
          <qty>1/2</qty>
          <unit>teaspoons</unit></amt>
        <item>Baking powder</item></ing>
      <ing>
        <amt>
          <qty>1/2</qty>
          <unit>teaspoons</unit></amt>
        <item>Baking soda</item></ing>
      <ing>
        <amt>
          <qty>1/4</qty>
          <unit>teaspoons</unit></amt>
        <item>Salt</item></ing>
      <ing>
        <amt>
          <qty>2</qty>
          <unit>ounces</unit></amt>
        <item>Semisweet chocolate chips --</item></ing>
      <ing>
        <amt>
          <qty/>
          <unit/></amt>
        <item>* see note</item></ing>
      <ing>
        <amt>
          <qty>3</qty>
          <unit>ounces</unit></amt>
        <item>Chocolate -- chopped</item></ing>
      <ing>
        <amt>
          <qty>3</qty>
          <unit>ounces</unit></amt>
        <item>White chocolate -- chopped</item></ing>
      <ing>
        <amt>
          <qty>1/2</qty>
          <unit>cups</unit></amt>
        <item>Blanched almonds -- chopped</item></ing></ingredients>
    <directions>
      <step>  "The name of these triple chocolate cookies says it all- or almost. Serve
  them only to guests who you don't want to have leave- ever!"
  
  1. Preheat the oven to 375F. 2. Place 1 1/4 cups of the oats in the
  container of a food processor, and process until fine, 1 minute. 3. Beat
  the butter with both sugars in the large bowl of an electric mixer until
  smooth. Beat in the egg and vanilla. 4. Combine the processed oats with the
  flour, baking powder, baking soda, and salt. Slowly add to the butter
  mixture. Then stir in the remaining 1/4 cup oats, the chocolates, and the
  almonds. 5. Drop the dough by spoonfuls onto the ungreased baking sheets,
  and bake until golden brown, about 10 minutes. Cool slightly on the sheets
  before removing. Makes about. 40 cookies
  
  Recipe By     : The Grains Cookbook by Bert Greene
  
  From Gemini's MASSIVE MealMaster collection at www.synapse.com/~gemini
 
</step></directions></recipe></recipeml>
