<?xml version="1.0" encoding="UTF-8"?>

<recipeml version="0.5">
  <recipe>
    <head>
      <title>"Oven Fried Chicken"</title>
      <categories>
        <cat>None</cat></categories>
      <yield>1</yield></head>
    <ingredients>
      <ing>
        <amt>
          <qty/>
          <unit/></amt>
        <item>Matzo meal</item></ing>
      <ing>
        <amt>
          <qty/>
          <unit/></amt>
        <item>Corn flake crumbs; (about 50%/50%)</item></ing>
      <ing>
        <amt>
          <qty/>
          <unit/></amt>
        <item>Non fat; non dairy creamer</item></ing>
      <ing>
        <amt>
          <qty/>
          <unit/></amt>
        <item>Egg beaters</item></ing>
      <ing>
        <amt>
          <qty/>
          <unit/></amt>
        <item>Garlic powder</item></ing>
      <ing>
        <amt>
          <qty/>
          <unit/></amt>
        <item>Seasoned pepper</item></ing>
      <ing>
        <amt>
          <qty/>
          <unit/></amt>
        <item>Paprika</item></ing>
      <ing>
        <amt>
          <qty/>
          <unit/></amt>
        <item>Cooking oil spray</item></ing></ingredients>
    <directions>
      <step>  This is a no brainer; I also don't have any measurements. I just punt. In
  one shallow bowl, mix some "creamer" and egg beaters (obviously, you can
  use full fat creamer and real eggs) and in the other, mix the matzo meal
  and corn flake crumbs and seasonings. Skin the chicken and first dip in
  liquid and then in crumb mixture. Line a cookie sheet with aluminum foil
  and spray foil with oil. put chicken on foil and then spray all the chicken
  with oil spray. Bake in oven at 350 degrees until done. best when prepared
  the day before and reheated; it gets crunchier. Also good cold or at room
  temp.
  
  Posted to JEWISH-FOOD digest Volume 98 #039 by MUFFY MOM &lt;MUFFYMOM@aol.com&gt;
  on Jan 22, 1998
 
</step></directions></recipe></recipeml>
