<?xml version="1.0" encoding="UTF-8"?>

<recipeml version="0.5">
  <recipe>
    <head>
      <title>"Pass the Biscuits, Pappy!" Biscuits</title>
      <categories>
        <cat>Bread</cat></categories>
      <yield>12</yield></head>
    <ingredients>
      <ing>
        <amt>
          <qty>2</qty>
          <unit>cups</unit></amt>
        <item>Flour</item></ing>
      <ing>
        <amt>
          <qty>2</qty>
          <unit>teaspoons</unit></amt>
        <item>Baking powder</item></ing>
      <ing>
        <amt>
          <qty>1</qty>
          <unit>teaspoon</unit></amt>
        <item>Salt</item></ing>
      <ing>
        <amt>
          <qty>2</qty>
          <unit>tablespoons</unit></amt>
        <item>Shortening</item></ing>
      <ing>
        <amt>
          <qty>1</qty>
          <unit>cup</unit></amt>
        <item>Sweet milk [this is a southern term for milk; and it means regular milk and not buttermilk]</item></ing></ingredients>
    <directions>
      <step>  From: George McTyre &lt;MCTYREG@baylor.edu&gt;
  
  Date: Thu, 26 Jan 1995 21:29:42 GMT
  
  From  "Maw's in the kitchen : you'll know when it's done!" The recipes and
  history of Gov. Miriam A. Ferguson, the first woman governor of Texas
  Austin, TX
  : Eakin Press ISBN 089015953X  -  A really good book and great biscuits!
  Sift the flour, baking powder, and salt together. Rub the shortening into
  this, add the milk, mix lightly but well.  Do not knead. Roll out 1 to 2
  inches thick, cut into biscuits and bake in a quick oven [450] about 10
  minutes.
  
  REC.FOOD.RECIPES
  
  From rec.food.cooking archives.  Downloaded from Glen's MM Recipe Archive,
  http://www.erols.com/hosey.
 
</step></directions></recipe></recipeml>
