<?xml version="1.0" encoding="UTF-8"?>

<recipeml version="0.5">
  <recipe>
    <head>
      <title>"Philly" 15 Minute Cheesecake</title>
      <categories>
        <cat>Cheesecakes</cat></categories>
      <yield>12</yield></head>
    <ingredients>
      <ing>
        <amt>
          <qty>1</qty>
          <unit>cup</unit></amt>
        <item>Graham cracker crumbs</item></ing>
      <ing>
        <amt>
          <qty>3</qty>
          <unit>tablespoons</unit></amt>
        <item>Sugar</item></ing>
      <ing>
        <amt>
          <qty>3</qty>
          <unit>tablespoons</unit></amt>
        <item>Margarine; melted</item></ing>
      <ing>
        <amt>
          <qty>3</qty>
          <unit>packages</unit></amt>
        <item>(8 oz) Philadelphia Cream Cheese; softened</item></ing>
      <ing>
        <amt>
          <qty>3/4</qty>
          <unit>cups</unit></amt>
        <item>C  sugar</item></ing>
      <ing>
        <amt>
          <qty>3</qty>
          <unit/></amt>
        <item>Eggs</item></ing>
      <ing>
        <amt>
          <qty>1</qty>
          <unit>cup</unit></amt>
        <item>Small semi-sweet chocolate pieces</item></ing>
      <ing>
        <amt>
          <qty>1</qty>
          <unit>teaspoon</unit></amt>
        <item>Vanilla</item></ing></ingredients>
    <directions>
      <step>  Combine crumbs, sugar and margarine; press onto bottom of 9-inch springform
  pan.
  
  Combine cream cheese and sugar mixing at medium speed on electric mixer
  until well blended. Add eggs, one at a time, mixing well after each
  addition. Blend in chocolate pieces and vanilla; pour over crust.
  
  Bake at 450, 10 minutes. Reduce oven temperature to 250; continue baking 35
  minutes. Loosen cake from rim of pan; cool before removing rim of pan.
  Chill
  
  NOTES : To soften cream cheese, unwrap and microwave on medium (50%) for 30
  seconds per package.
  Recipe by: source unknown
  
  Posted to TNT Recipes Digest by Susbal &lt;Susbal@aol.com&gt; on Mar 24, 1998
 
</step></directions></recipe></recipeml>
