<?xml version="1.0" encoding="UTF-8"?>

<recipeml version="0.5">
  <recipe>
    <head>
      <title>"Pizza Hut" Pizza Crust</title>
      <categories>
        <cat>Breads</cat></categories>
      <yield>6</yield></head>
    <ingredients>
      <ing>
        <amt>
          <qty>1 1/3</qty>
          <unit>cups</unit></amt>
        <item>Warm water</item></ing>
      <ing>
        <amt>
          <qty>1/2</qty>
          <unit>teaspoons</unit></amt>
        <item>Salt</item></ing>
      <ing>
        <amt>
          <qty>4</qty>
          <unit>cups</unit></amt>
        <item>Flour</item></ing>
      <ing>
        <amt>
          <qty>1/3</qty>
          <unit>teaspoons</unit></amt>
        <item>Oregano</item></ing>
      <ing>
        <amt>
          <qty>1</qty>
          <unit>tablespoon</unit></amt>
        <item>Sugar</item></ing>
      <ing>
        <amt>
          <qty>1</qty>
          <unit>package</unit></amt>
        <item>Dry yeast</item></ing>
      <ing>
        <amt>
          <qty>1/3</qty>
          <unit>teaspoons</unit></amt>
        <item>Garlic salt</item></ing>
      <ing>
        <amt>
          <qty>2</qty>
          <unit>tablespoons</unit></amt>
        <item>Olive oil</item></ing></ingredients>
    <directions>
      <step>     Mix 1 c flour and remaining ingredients in food processor; beat 1 min.
      Add flour gradually and process until dough leaves the side of the
     container.  Place in greased bowl, turn to grease top, and cover with
     plastic wrap.  Let rise in refrigerator overnight.  Divide dough in
     thirds.  Press with heel of hand onto greased pizza pan until crust
     fills pan.  (Unless, of course, you are talented enough to toss it
     into the air.) Bake in 350F oven for 5 minutes.   Freeze.  When ready
     to make pizza, remove from freezer and quickly cover with pizza sauce
     and toppings.  Bake on oven rack without pan.
  
  Posted to MM-Recipes Digest V4 #257 by frances.m.say@bakernet.com on Sep
  29, 1997
 
</step></directions></recipe></recipeml>
