<?xml version="1.0" encoding="UTF-8"?>

<recipeml version="0.5">
  <recipe>
    <head>
      <title>"Radical" Peanut Butter Pizza Cookies</title>
      <categories>
        <cat>None</cat></categories>
      <yield>1</yield></head>
    <ingredients>
      <ing-div>
        <title>COOKIES</title>
        <ing>
          <amt>
            <qty>1</qty>
            <unit>cup</unit></amt>
          <item>Butter Flavored Crisco</item></ing>
        <ing>
          <amt>
            <qty>1 1/4</qty>
            <unit>cups</unit></amt>
          <item>Sugar; divided</item></ing>
        <ing>
          <amt>
            <qty>1</qty>
            <unit>cup</unit></amt>
          <item>Firmly packed dk brown sugar</item></ing>
        <ing>
          <amt>
            <qty>1</qty>
            <unit>cup</unit></amt>
          <item>Jif Creamy Peanut Butter</item></ing>
        <ing>
          <amt>
            <qty>2</qty>
            <unit/></amt>
          <item>Eggs</item></ing>
        <ing>
          <amt>
            <qty>1</qty>
            <unit>teaspoon</unit></amt>
          <item>Baking soda</item></ing>
        <ing>
          <amt>
            <qty>1</qty>
            <unit>teaspoon</unit></amt>
          <item>Vanilla</item></ing>
        <ing>
          <amt>
            <qty>1/2</qty>
            <unit>teaspoons</unit></amt>
          <item>Salt</item></ing>
        <ing>
          <amt>
            <qty>2</qty>
            <unit>cups</unit></amt>
          <item>All-purpose flour</item></ing>
        <ing>
          <amt>
            <qty>2</qty>
            <unit>cups</unit></amt>
          <item>Quick oats; uncooked</item></ing></ing-div>
      <ing-div>
        <title>PIZZA SAUCE</title>
        <ing>
          <amt>
            <qty>2</qty>
            <unit>cups</unit></amt>
          <item>Milk chocolate chips</item></ing>
        <ing>
          <amt>
            <qty>1/2</qty>
            <unit>cups</unit></amt>
          <item>Butter Flavor Crisco</item></ing></ing-div>
      <ing-div>
        <title>PIZZA TOPPING</title></ing-div>
      <ing-div>
        <title>ANY OF THE FOLLOWING</title>
        <ing>
          <amt>
            <qty/>
            <unit/></amt>
          <item>Mmmmmm-candy coated chocolate pieces</item></ing>
        <ing>
          <amt>
            <qty/>
            <unit/></amt>
          <item>Beary good-gummy bears</item></ing>
        <ing>
          <amt>
            <qty/>
            <unit/></amt>
          <item>Jumbo jewels-small pieces of gumdrops</item></ing>
        <ing>
          <amt>
            <qty/>
            <unit/></amt>
          <item>Bubble gum-like-round sprinkles and balls</item></ing>
        <ing>
          <amt>
            <qty/>
            <unit/></amt>
          <item>German chocolate-chopped pecans and flake coconut</item></ing>
        <ing>
          <amt>
            <qty/>
            <unit/></amt>
          <item>Cherries jubilee-candied cherries and slivered almonds</item></ing>
        <ing>
          <amt>
            <qty/>
            <unit/></amt>
          <item>Rocky road-miniature marshmallows and mini semi-sweet chocolate chips</item></ing>
        <ing>
          <amt>
            <qty/>
            <unit/></amt>
          <item>Harvest mix-candy corn and chopped peanuts</item></ing>
        <ing>
          <amt>
            <qty/>
            <unit/></amt>
          <item>Ants and logs-cashews and raisins</item></ing></ing-div>
      <ing-div>
        <title>DRIZZLE</title>
        <ing>
          <amt>
            <qty>1</qty>
            <unit>cup</unit></amt>
          <item>White confectionery coating</item></ing></ing-div></ingredients>
    <directions>
      <step>  From: Favorite Brand Name Cookie Collection (since it is brand names, I
  will include them, but I can't say I used them &lt;G&gt;)
  
  1) Preheat oven to 350
  
  2) For Cookies, combine 1 cup Crisco, 1 cup sugar and brown sugar in large
  bowl. Beat at low speed until well blended. Add peanut butter, eggs, baking
  soda, vanilla and salt. Mix about 2 minutes or until well blended. Stir in
  flow and oats with spoon.
  
  3) Place remaining 1/4 cup sugar in small bowl.
  
  4) Measure 1/4 cup dough. Shape into ball. Repeat with remaining dough.
  Roll each ball in sugar. Place 4 inches apart on ungreased cookie sheet.
  Flatten into 4-inch circles.
  
  5) Bake for 8-10 minutes. Use back of spoon to flatten center and up to
  edge of each hot cookie to resemble pizza crust. Cool 5-8 minutes on cookie
  sheet before removing to flat surface.
  
  6) For pizza sauce, combine chocolate chips and crisco in large
  microwave-safe measuring cup or bowl. Microwave at medium for 2-3 minutes
  or until chips are shiny and soft (or melt on rangetop in small saucepan on
  very low heat). Stir until smooth. Spoon 2 tsp melted chocolate into center
  of each cookie. Spread to inside edge. Sprinkle desired topping over
  chocolate.
  
  7) For drizzle, place confectionery coating in heavy resealable plastic
  bag. Seal. Microwave at medium. Cut tiny tip off corner of bag. Squeeze out
  and drizzle over cookies. Makes about 2 dozen cookie/pizzas...
  Note: I use Green and Red M&amp;M's for Christmas &lt;G&gt;
  
  Posted to TNT - Prodigy's Recipe Exchange Newsletter  by
  JVAX57A@prodigy.com (MRS BOBBIE S WEAVER) on 5 No, v 1997
 
</step></directions></recipe></recipeml>
