<?xml version="1.0" encoding="UTF-8"?>

<recipeml version="0.5">
  <recipe>
    <head>
      <title>"Reduced" Mandelbread</title>
      <categories>
        <cat>None</cat></categories>
      <yield>1</yield></head>
    <ingredients>
      <ing>
        <amt>
          <qty>1/4</qty>
          <unit>cups</unit></amt>
        <item>Canola oil</item></ing>
      <ing>
        <amt>
          <qty>3/4</qty>
          <unit>cups</unit></amt>
        <item>Sugar</item></ing>
      <ing>
        <amt>
          <qty>1/2</qty>
          <unit>cups</unit></amt>
        <item>Nonfat liquid egg substitute</item></ing>
      <ing>
        <amt>
          <qty>1</qty>
          <unit>teaspoon</unit></amt>
        <item>Vanilla extract</item></ing>
      <ing>
        <amt>
          <qty>1</qty>
          <unit>teaspoon</unit></amt>
        <item>Almond extract</item></ing>
      <ing>
        <amt>
          <qty>2 1/2</qty>
          <unit>cups</unit></amt>
        <item>Unbleached all-purpose flour</item></ing>
      <ing>
        <amt>
          <qty>1</qty>
          <unit>tablespoon</unit></amt>
        <item>Baking powder</item></ing>
      <ing>
        <amt>
          <qty>1/2</qty>
          <unit>cups</unit></amt>
        <item>Chopped walnuts</item></ing>
      <ing>
        <amt>
          <qty>1/4</qty>
          <unit>cups</unit></amt>
        <item>Mini semisweet chocolate chips (optional)</item></ing></ingredients>
    <directions>
      <step>  &gt;&gt;From: Claudia Parras (tamale@aloha.net)
  
  The very idea of healthier (less fat and no cholesterol) mandelbread made
  me pause, but I made this recipe as gift for a friend who is concerned
  about such things and misses the traditional sort. I found the taste to be
  pleasant, and I hope that you will also find it so!
  
  Preheat oven to 350 F. Coat two baking sheets with a nonstick vegetable
  spray.
  
  In a medium bowl, beat oil, sugar, egg substitute and extracts. Add flour
  and baking powder and mix well. Stir in nuts and chocolate chips, if using.
  Batter will be stiff and sticky.
  
  Divide batter into 4 parts. Lay out in four thin loaf shapes, 10 inches
  long by 1-1/2 inches.
  
  Spread the pieces out so they do not touch and continue baking until the
  pieces are brown, about another 10 to 12 minutes, being careful they do not
  burn on the bottom. Makes 40.
  
  Posted to JEWISH-FOOD digest V97 #301 by Mrs. Elaine Radis
  (auntie_e@prodigy.com) on Nov 18, 1997
 
</step></directions></recipe></recipeml>
