<?xml version="1.0" encoding="UTF-8"?>

<recipeml version="0.5">
  <recipe>
    <head>
      <title>"Roasted" Potato Wedges</title>
      <categories>
        <cat>Potatoes</cat></categories>
      <yield>4</yield></head>
    <ingredients>
      <ing>
        <amt>
          <qty>2</qty>
          <unit>tablespoons</unit></amt>
        <item>Oil</item></ing>
      <ing>
        <amt>
          <qty>1</qty>
          <unit/></amt>
        <item>Clove garlic; minced</item></ing>
      <ing>
        <amt>
          <qty>1/8</qty>
          <unit>teaspoons</unit></amt>
        <item>Pepper</item></ing>
      <ing>
        <amt>
          <qty>1/8</qty>
          <unit>teaspoons</unit></amt>
        <item>Paprika</item></ing>
      <ing>
        <amt>
          <qty>1</qty>
          <unit>tablespoon</unit></amt>
        <item>Soy sauce</item></ing>
      <ing>
        <amt>
          <qty>4</qty>
          <unit>medium</unit></amt>
        <item>Potatoes; 8 oz. each</item></ing></ingredients>
    <directions>
      <step>  In 8"x12" baking dish, cook oil, garlic, pepper and paprika 30-45 sec. in
  microwave.  Stir in soy sauce.  Cut unpealed potatoes into 6 wedges each.
  Add to dish, coating with oil mixture.  Cover and cook 15-18 min., turning
  and rearranging twice.  Discard oil and serve.
  
  Sweet potatoes may be substituted.  Use margarine and 1 tsp. salt, no
  spices or soy sauce.
  Posted to MC-Recipe Digest V1 #177
  
  Date: Wed, 31 Jul 96 11:18:31 +0300
  
  From: Annice Grinberg &lt;VSANNICE@WEIZMANN.WEIZMANN.AC.IL&gt;
 
</step></directions></recipe></recipeml>
