<?xml version="1.0" encoding="UTF-8"?>

<recipeml version="0.5">
  <recipe>
    <head>
      <title>"Rotel" Mashed Potatoes</title>
      <categories>
        <cat>None</cat></categories>
      <yield>1</yield></head>
    <ingredients>
      <ing>
        <amt>
          <qty>6</qty>
          <unit>cups</unit></amt>
        <item>Mashed potatoes; (up to 7)</item></ing>
      <ing>
        <amt>
          <qty>1</qty>
          <unit>can</unit></amt>
        <item>(10 ozs) Rotel diced tomatoes/green chilies</item></ing>
      <ing>
        <amt>
          <qty>1</qty>
          <unit/></amt>
        <item>Container; (8 ozs) fat free sour cream</item></ing>
      <ing>
        <amt>
          <qty>1/2</qty>
          <unit>cups</unit></amt>
        <item>Shredded fat free cheddar cheese</item></ing></ingredients>
    <directions>
      <step>  Mix potatoes, Rotel and sour cream in a large bowl. Spoon into a 2-quart
  baking dish. Bake 25 minutes at 350. Sprinkle with cheese. Bake an
  additional 5 minutes or til cheese melts.
  
  Posted to fatfree digest V97 #299 by adritter@legend.sat.txdirect.net on
  Dec 18, 1997
 
</step></directions></recipe></recipeml>
