<?xml version="1.0" encoding="UTF-8"?>

<recipeml version="0.5">
  <recipe>
    <head>
      <title>"Rotel Tomatoes"</title>
      <categories>
        <cat>Tomatoes</cat></categories>
      <yield>1</yield></head>
    <ingredients>
      <ing>
        <amt>
          <qty>1 1/2</qty>
          <unit>quarts</unit></amt>
        <item>Peeled, chopped tomatoes; about 4 lbs</item></ing>
      <ing>
        <amt>
          <qty>12</qty>
          <unit/></amt>
        <item>Jalepeno or hot chili peppers; sliced</item></ing>
      <ing>
        <amt>
          <qty>1</qty>
          <unit>teaspoon</unit></amt>
        <item>Salt</item></ing>
      <ing>
        <amt>
          <qty>Place</qty>
          <unit>in</unit></amt>
        <item>4 quart saucepan, and simmer until reduced to 1 quart.  (measure 1</item></ing></ingredients>
    <directions>
      <step>  quart water into saucepan in advance, and mark on outside of pan, to help
  you judge)
  
  Freeze in 1 cup portions.
  
  This way you can adjust the hot peppers to suit yourself, and making small
  batches is so easy!
  Posted to MM-Recipes Digest V3 #321
  
  Date: Sat, 23 Nov 1996 20:26:12 -0600
  
  From: Gruenwald &lt;sitm@ekx.infi.net&gt;
 
</step></directions></recipe></recipeml>
