<?xml version="1.0" encoding="UTF-8"?>

<recipeml version="0.5">
  <recipe>
    <head>
      <title>"Route 66" Chili</title>
      <categories>
        <cat>None</cat></categories>
      <yield>1</yield></head>
    <ingredients>
      <ing>
        <amt>
          <qty>3</qty>
          <unit>pounds</unit></amt>
        <item>Trimmed boneless pork shoulder; cut into 1-inch pieces</item></ing>
      <ing>
        <amt>
          <qty/>
          <unit/></amt>
        <item>All purpose flour</item></ing>
      <ing>
        <amt>
          <qty>1/2</qty>
          <unit>cups</unit></amt>
        <item>Olive oil</item></ing>
      <ing>
        <amt>
          <qty>3/4</qty>
          <unit>cups</unit></amt>
        <item>Chopped onion</item></ing>
      <ing>
        <amt>
          <qty>4</qty>
          <unit/></amt>
        <item>Poblano chilies; * chopped</item></ing>
      <ing>
        <amt>
          <qty>1/4</qty>
          <unit>cups</unit></amt>
        <item>Chopped garlic</item></ing>
      <ing>
        <amt>
          <qty>1</qty>
          <unit>can</unit></amt>
        <item>(28-oz) diced tomatoes in juice</item></ing>
      <ing>
        <amt>
          <qty>2</qty>
          <unit>cans</unit></amt>
        <item>(19-oz) enchilada sauce</item></ing>
      <ing>
        <amt>
          <qty>1</qty>
          <unit/></amt>
        <item>Bottle; (12-oz) amber ale</item></ing>
      <ing>
        <amt>
          <qty>1</qty>
          <unit>can</unit></amt>
        <item>(7-oz) diced green chilies</item></ing>
      <ing>
        <amt>
          <qty>1</qty>
          <unit>tablespoon</unit></amt>
        <item>Ground cumin</item></ing>
      <ing>
        <amt>
          <qty>1</qty>
          <unit>tablespoon</unit></amt>
        <item>Chili powder</item></ing>
      <ing>
        <amt>
          <qty/>
          <unit/></amt>
        <item>Sour cream</item></ing>
      <ing>
        <amt>
          <qty/>
          <unit/></amt>
        <item>Sliced green onions</item></ing></ingredients>
    <directions>
      <step>  Dredge pork in flour to coat; shake off excess. Heat 1/4 cup olive oil in
  heavy large pot over medium-high heat. Working in batches, add pork and
  brown on all sides, about 8 minutes. Using slotted spoon, transfer pork to
  large bowl.
  
  Add remaining 1/4 cup olive oil to same pot. Add onion and sauté until
  translucent, about 4 minutes. Add poblano chilies and garlic and sauté 2
  minutes. Mix in pork, diced tomatoes with their juice, enchilada sauce,
  ale, diced green chilies, cumin and chili powder. Simmer until meat is
  tender and chili thickens slightly, stirring occasionally, about 1 hour.
  Serve chili with sour cream and sliced green onions.
  
  *Fresh green chilies, often called pasillas; available at Latin American
  market and some supermarkets.
  
  North Coast Brewing Co. Fort Bragg, CA Bon Appetit August, 1997
  
  Posted to Bakery-Shoppe Digest by "Kathy Keller" &lt;katst@hotmail.com&gt; on Feb
  04, 1998
 
</step></directions></recipe></recipeml>
