<?xml version="1.0" encoding="UTF-8"?>

<recipeml version="0.5">
  <recipe>
    <head>
      <title>"Russian" Tea Mix</title>
      <categories>
        <cat>Beverages</cat></categories>
      <yield>25</yield></head>
    <ingredients>
      <ing>
        <amt>
          <qty>1 1/4</qty>
          <unit>cups</unit></amt>
        <item>Orange breakfast drink</item></ing>
      <ing>
        <amt>
          <qty>2/3</qty>
          <unit>cups</unit></amt>
        <item>Instant tea with sugar and lemon</item></ing>
      <ing>
        <amt>
          <qty>1</qty>
          <unit>teaspoon</unit></amt>
        <item>Ground cloves</item></ing>
      <ing>
        <amt>
          <qty>1</qty>
          <unit>teaspoon</unit></amt>
        <item>Ground cinnamon</item></ing>
      <ing>
        <amt>
          <qty>1</qty>
          <unit>teaspoon</unit></amt>
        <item>Ground allspice</item></ing>
      <ing>
        <amt>
          <qty>1/4</qty>
          <unit>teaspoons</unit></amt>
        <item>Grated lemon rind</item></ing>
      <ing>
        <amt>
          <qty>1/4</qty>
          <unit>teaspoons</unit></amt>
        <item>Grated orange rind</item></ing></ingredients>
    <directions>
      <step>  Combine all ingredients, stirring well. Store mix in an airtight container
  To serve, place 3 to 4 teaspoons mix in a cup. Add 1 cup boilin water, and
  stir well. Yield: about 25 servings.NOTE: Keep Instant Spiced Tea Mix on
  hand to stir up when guests drop in during the winter. It's a tasty
  warmer-upper, and it makes your kitchen smell good, too. For a thoughtful
  gift, package Instant Spiced Tea Mix in an attractive container labeled
  with mixing instructions.
  Posted to MC-Recipe Digest V1 #956 by The Meades &lt;kmeade@idsonline.com&gt; on
  Dec 13, 1997
 
</step></directions></recipe></recipeml>
