<?xml version="1.0" encoding="UTF-8"?>

<recipeml version="0.5">
  <recipe>
    <head>
      <title>"Sauteed Scallops in Wine Sauce"</title>
      <categories>
        <cat>None</cat></categories>
      <yield>1</yield></head>
    <ingredients>
      <ing>
        <amt>
          <qty>2</qty>
          <unit>pounds</unit></amt>
        <item>Sea scallops</item></ing>
      <ing>
        <amt>
          <qty>2</qty>
          <unit>tablespoons</unit></amt>
        <item>Olive oil</item></ing>
      <ing>
        <amt>
          <qty>1/4</qty>
          <unit>tablespoons</unit></amt>
        <item>Hot pepper flakes</item></ing>
      <ing>
        <amt>
          <qty>2</qty>
          <unit/></amt>
        <item>Cloves garlic; finely chopped</item></ing>
      <ing>
        <amt>
          <qty>1</qty>
          <unit>tablespoon</unit></amt>
        <item>White wine</item></ing>
      <ing>
        <amt>
          <qty>1</qty>
          <unit>tablespoon</unit></amt>
        <item>Curry powder</item></ing>
      <ing>
        <amt>
          <qty>1</qty>
          <unit>small</unit></amt>
        <item>Tomato; peeled, seeded and chopped</item></ing>
      <ing>
        <amt>
          <qty>1/4</qty>
          <unit>cups</unit></amt>
        <item>Heavy cream</item></ing>
      <ing>
        <amt>
          <qty>2</qty>
          <unit>tablespoons</unit></amt>
        <item>Tabasco sauce</item></ing>
      <ing>
        <amt>
          <qty/>
          <unit/></amt>
        <item>Salt and pepper to taste</item></ing>
      <ing>
        <amt>
          <qty>1</qty>
          <unit>tablespoon</unit></amt>
        <item>Parsley; finely chopped</item></ing></ingredients>
    <directions>
      <step>  How To Prepare: First, pour some olive oil into one of the skillets on the
  range top. Then, add the red pepper flakes, garlic and white wine. Add all
  of the sea scallops to the skillet. Cover the pan and let the scallops cook
  over med/high heat until the scallops become firm and opaque (2 to 4 min.)
  shaking the pan occasionally. Remove the pan from the heat and transfer the
  scallops to a large serving bowl. Set aside, making sure to reserve some of
  the liquid. Add 1 tbsp. oil and the curry powder to a small saucepan and
  cook for 1-2 minutes.
  
  Add the reserved scallop liquid to the saucepan of oil and curry by
  straining 3/4 cup of it through a cheesecloth or a coffee filter. To the
  same saucepan, add the tomato pieces, cream, Tabasco, salt, pepper and
  parsely, and heat for 2 to 3 minutes. Spoon some of the scallops onto a
  plate and then pour contents of the small saucepan over scallops.
  
  Serve with angel hair pasta, crusty bread, green salad and a lovely white
  wine.
  
  Kevin won an Emmy this year for "Outstanding Young Actor" as "Marcus
  Williams" on CBS's "Guiding Light." Born in Zimbabwe and raised in
  Saskatchewan, Canada, Kevin is also an accomplished musician.
  Posted to recipelu-digest Volume 01 Number 472 by "bunny"
  &lt;layla696@ix.netcom.com&gt; on Jan 7, 1998
 
</step></directions></recipe></recipeml>
