<?xml version="1.0" encoding="UTF-8"?>

<recipeml version="0.5">
  <recipe>
    <head>
      <title>"Second Time Around" Couscous Salad</title>
      <categories>
        <cat>Preparation</cat>
        <cat>Time :</cat></categories>
      <yield>1</yield></head>
    <ingredients>
      <ing>
        <amt>
          <qty>1</qty>
          <unit>cup</unit></amt>
        <item>Cooked couscous</item></ing>
      <ing>
        <amt>
          <qty>1</qty>
          <unit/></amt>
        <item>Scallion,; thinly sliced</item></ing>
      <ing>
        <amt>
          <qty>1</qty>
          <unit/></amt>
        <item>Rib celery,; finely diced</item></ing>
      <ing>
        <amt>
          <qty>1</qty>
          <unit>cup</unit></amt>
        <item>Smoked or regular cooked chicken,; cut into bitesize</item></ing>
      <ing>
        <amt>
          <qty>1</qty>
          <unit>cup</unit></amt>
        <item>Thawed frozen peas</item></ing>
      <ing>
        <amt>
          <qty>1</qty>
          <unit>ounce</unit></amt>
        <item>Blue cheese</item></ing>
      <ing>
        <amt>
          <qty>1/3</qty>
          <unit>cups</unit></amt>
        <item>Mayonnaise</item></ing>
      <ing>
        <amt>
          <qty>1</qty>
          <unit>teaspoon</unit></amt>
        <item>Dijon mustard</item></ing>
      <ing>
        <amt>
          <qty/>
          <unit/></amt>
        <item>Rice vinegar to taste</item></ing>
      <ing>
        <amt>
          <qty/>
          <unit/></amt>
        <item>Chopped fresh parsley</item></ing></ingredients>
    <directions>
      <step>  In a mixing bowl combine the couscous, scallion, celery, chicken and peas.
  
  In another mixing bowl combine blue cheese, mayonnaise, mustard and rice
  vinegar to taste; season with salt and pepper.
  
  Yield: 2 servings
  Posted to MC-Recipe Digest V1 #234
  
  Date: Tue, 1 Oct 1996 23:31:12 -0400
  
  From: Meg Antczak &lt;meginny@frontiernet.net&gt;
 
</step></directions></recipe></recipeml>
