<?xml version="1.0" encoding="UTF-8"?>

<recipeml version="0.5">
  <recipe>
    <head>
      <title>"Shrunk" Hamburger over Noodles</title>
      <categories>
        <cat>None</cat></categories>
      <yield>4</yield></head>
    <ingredients>
      <ing>
        <amt>
          <qty>1</qty>
          <unit>teaspoon</unit></amt>
        <item>Corn-oil margarine</item></ing>
      <ing>
        <amt>
          <qty>1</qty>
          <unit>medium</unit></amt>
        <item>Onion; minced</item></ing>
      <ing>
        <amt>
          <qty>1</qty>
          <unit>pound</unit></amt>
        <item>Extra-lean ground beef</item></ing>
      <ing>
        <amt>
          <qty>2</qty>
          <unit>tablespoons</unit></amt>
        <item>Unbleached all-purpose flour</item></ing>
      <ing>
        <amt>
          <qty>1</qty>
          <unit/></amt>
        <item>Clove garlic; minced</item></ing>
      <ing>
        <amt>
          <qty>1/2</qty>
          <unit>teaspoons</unit></amt>
        <item>Salt</item></ing>
      <ing>
        <amt>
          <qty>1/4</qty>
          <unit>teaspoons</unit></amt>
        <item>Each: freshly ground black pepper, paprika</item></ing>
      <ing>
        <amt>
          <qty>1</qty>
          <unit>can</unit></amt>
        <item>(10 3/4 ounces) condensed low-fat cream of mushroom soup</item></ing>
      <ing>
        <amt>
          <qty>1/2</qty>
          <unit>cups</unit></amt>
        <item>Non-fat milk</item></ing>
      <ing>
        <amt>
          <qty>8</qty>
          <unit>ounces</unit></amt>
        <item>No-yolk wide noodles; cooked according to package directions</item></ing>
      <ing>
        <amt>
          <qty/>
          <unit/></amt>
        <item>Fresh parsley; chives or dill, chopped, for sprinkling</item></ing></ingredients>
    <directions>
      <step>  Preparation time: 30 minutes Cooking time: 10 minutes
  
  1. Melt margarine in large non-stick skillet over low heat. Add onions and
  cook, stirring, until soft, about 5 minutes. Add ground beef; cook,
  stirring continuously, until meat is no longer pink. Drain off grease. 2.
  Stir in flour, garlic, salt, pepper and paprika; cook 5 minutes. Stir in
  soup and milk. Simmer, uncovered, 10 minutes. Serve over hot noodles with
  parsley, chives or dill sprinkled on top. Nutrition information per
  serving: Calories ...... 451 Fat ............. 9 g Cholesterol .. 70 mg
  Sodium ..... 714 mg Carbohydrates .. 56 g Protein ....... 35 g
  
  Send your recipe for revision to: Cook it light, Chicago Tribune, 435 N.
  Michigan Ave., Chicago, Ill. 60611-4041. Posted to TNT - Prodigy's Recipe
  Exchange Newsletter  by Rrairie@aol.com on Aug 6, 1997
 
</step></directions></recipe></recipeml>
