<?xml version="1.0" encoding="UTF-8"?>

<recipeml version="0.5">
  <recipe>
    <head>
      <title>"Smoking" Punch</title>
      <categories>
        <cat>None</cat></categories>
      <yield>1</yield></head>
    <ingredients>
      <ing>
        <amt>
          <qty>1</qty>
          <unit>can</unit></amt>
        <item>OJuice concentrate</item></ing>
      <ing>
        <amt>
          <qty>1</qty>
          <unit>can</unit></amt>
        <item>Lemonade concentrate</item></ing>
      <ing>
        <amt>
          <qty>1</qty>
          <unit/></amt>
        <item>Jar white grape juice</item></ing>
      <ing>
        <amt>
          <qty>2</qty>
          <unit>cans</unit></amt>
        <item>Water</item></ing>
      <ing>
        <amt>
          <qty>1</qty>
          <unit/></amt>
        <item>Bottle Canada Dry Gingerale (or that type - not heavy in caramel) -OR-</item></ing>
      <ing>
        <amt>
          <qty>1</qty>
          <unit/></amt>
        <item>Bottle Sprite/7up/no name white pop</item></ing></ingredients>
    <directions>
      <step>  To make it "smoke" put dry ice in instead of regular ice.
  
  This punch is not alcoholic, but it tastes as if their might be something
  in it. Since my family knows what's in it, we don't care, but I have had
  the question put to me - "What's in the punch?" "I could have sworn that
  there was a little something else..."
  Posted to FOODWINE Digest 23 October 96
  
  Date:    Thu, 24 Oct 1996 09:52:36 -0300
  
  From:    "J. Meade" &lt;meade@MAIL.ATCON.COM&gt;
 
</step></directions></recipe></recipeml>
