<?xml version="1.0" encoding="UTF-8"?>

<recipeml version="0.5">
  <recipe>
    <head>
      <title>"Some Like It Hot" Cheese Ball</title>
      <categories>
        <cat>Appetizers</cat>
        <cat>Mine</cat>
        <cat>Spicy</cat></categories>
      <yield>1</yield></head>
    <ingredients>
      <ing>
        <amt>
          <qty>4</qty>
          <unit>ounces</unit></amt>
        <item>Softened Cream Cheese</item></ing>
      <ing>
        <amt>
          <qty>2</qty>
          <unit>cups</unit></amt>
        <item>Grated Chedder Cheese</item></ing>
      <ing>
        <amt>
          <qty>1</qty>
          <unit>tablespoon</unit></amt>
        <item>Grated Onion</item></ing>
      <ing>
        <amt>
          <qty>1</qty>
          <unit>tablespoon</unit></amt>
        <item>Milk</item></ing>
      <ing>
        <amt>
          <qty>1</qty>
          <unit>tablespoon</unit></amt>
        <item>Worcestershire Sauce</item></ing>
      <ing>
        <amt>
          <qty>2</qty>
          <unit>tablespoons</unit></amt>
        <item>Minced Seeded Jalapeno Peppr</item></ing>
      <ing>
        <amt>
          <qty>2</qty>
          <unit>tablespoons</unit></amt>
        <item>Minced Seeded Red Bell Peppr</item></ing>
      <ing>
        <amt>
          <qty>2</qty>
          <unit>tablespoons</unit></amt>
        <item>Minced Pepperoni</item></ing>
      <ing>
        <amt>
          <qty>1</qty>
          <unit>tablespoon</unit></amt>
        <item>Chili Powder</item></ing></ingredients>
    <directions>
      <step>  Allow cheeses to warm to room temperature. Mix cheeses, milk, onion, and
  Worcestershire sauce with electric mixer. Add peppers and pepperoni and
  gently mix. Rap mixture in plastic rap and refrigerate until firm. While
  still in plastic rap, form in to ball shape, unrap and roll in chili
  powder. Serve with your favorite crackers.
  Posted to MM-Recipes Digest V5 #032 by Michael McLaughlin
  &lt;mmclaughlin@micronet.net&gt; on Feb 01, 1998
 
</step></directions></recipe></recipeml>
