<?xml version="1.0" encoding="UTF-8"?>

<recipeml version="0.5">
  <recipe>
    <head>
      <title>"Spanish" Chicken</title>
      <categories>
        <cat>Poultry</cat></categories>
      <yield>4</yield></head>
    <ingredients>
      <ing>
        <amt>
          <qty>4</qty>
          <unit>tablespoons</unit></amt>
        <item>Vegetable oil</item></ing>
      <ing>
        <amt>
          <qty>1</qty>
          <unit/></amt>
        <item>Frying chicken (I used a 4.5 pound bird); cut into pieces</item></ing>
      <ing>
        <amt>
          <qty>1</qty>
          <unit>small</unit></amt>
        <item>Onion; chopped</item></ing>
      <ing>
        <amt>
          <qty>3</qty>
          <unit/></amt>
        <item>Cloves garlic; finely chopped</item></ing>
      <ing>
        <amt>
          <qty>1</qty>
          <unit>tablespoon</unit></amt>
        <item>Flour</item></ing>
      <ing>
        <amt>
          <qty>1/4</qty>
          <unit>cups</unit></amt>
        <item>Dry white wine (or water)</item></ing>
      <ing>
        <amt>
          <qty>1/2</qty>
          <unit>cups</unit></amt>
        <item>Chicken broth</item></ing>
      <ing>
        <amt>
          <qty>1/2</qty>
          <unit>cans</unit></amt>
        <item>(14-oz) diced tomatoes; drained (reserve other half)</item></ing>
      <ing>
        <amt>
          <qty/>
          <unit/></amt>
        <item>Salt and pepper to taste</item></ing>
      <ing>
        <amt>
          <qty>1/2</qty>
          <unit>cans</unit></amt>
        <item>Reserved diced tomatoes</item></ing>
      <ing>
        <amt>
          <qty/>
          <unit/></amt>
        <item>Parsley or cilantro; chopped</item></ing></ingredients>
    <directions>
      <step>  submitted by: sgjg6566@pipeline.com (Julie, Michigan, USA)
  Hi everyone!  Here's what I made for Sunday night dinner.  We can't get
  enough chicken at our house!!
  
  In a skillet heat the oil, and brown the chicken.  Remove to a platter and
  keep warm.  To the skillet add the onions and garlic, cooking over medium
  heat, stirring occasionally, 3-4 minutes.  Add the flour, wine and chicken
  broth, stirring with a wire whisk and cook until the mixture is thickened.
  Add the 1/2 can of tomatoes and the salt and pepper.  Return the chicken to
  the skillet, cover and simmer til tender, about 30 minutes.  Remove the
  chicken from the skillet and transfer to a platter and keep warm.  To the
  skillet add the reserved tomatoes and simmer for 15 minutes.  Add the
  cilantro or parsley and simmer another minute longer. Pour over the chicken
  and serve.
  
  This recipe was given to me by a woman from Spain, hence "spanish" chicken.
  
  DAVE &lt;DAVIDG@CLAM.RUTGERS.EDU&gt;
  
  RECIPEINTERNET LIST SERVER
  
  RECIPE ARCHIVE - 13 MAY 1996
  
  From the 'RECIPEinternet: Recipes from Around the World' recipe list.
  Downloaded from Glen's MM Recipe Archive, http://www.erols.com/hosey.
 
</step></directions></recipe></recipeml>
