<?xml version="1.0" encoding="UTF-8"?>

<recipeml version="0.5">
  <recipe>
    <head>
      <title>"Sun" Dried Tomatoes Aug 1997</title>
      <categories>
        <cat>None</cat></categories>
      <yield>1</yield></head>
    <ingredients>
      <ing>
        <amt>
          <qty/>
          <unit/></amt>
        <item>Firm ripe tomatoes</item></ing>
      <ing>
        <amt>
          <qty/>
          <unit/></amt>
        <item>Sugar</item></ing>
      <ing>
        <amt>
          <qty/>
          <unit/></amt>
        <item>Oil</item></ing>
      <ing>
        <amt>
          <qty/>
          <unit/></amt>
        <item>Olive oil</item></ing>
      <ing>
        <amt>
          <qty/>
          <unit/></amt>
        <item>Oregano (very little)</item></ing>
      <ing>
        <amt>
          <qty/>
          <unit/></amt>
        <item>Very little vinegar</item></ing></ingredients>
    <directions>
      <step>  Cut tomatoes in half, lengthwise and discard the seeds. Sprinkle cut
  surface with a little sugar and turn tomatoes over to drain for 1 hour.
  Baste them with oil. Place on a rack in a 250 F oven, turn temp down to
  200. bake 8 hours, checking and turning. Remove the ones that are done.
  tomatoes are ready when they are shriveled but you can still feel the meat.
  Past this point, they are dissected, not dried. Place in a jar with olive
  oil, oil, and a pinch oregano. Chill.
  
  NOTES : I was inspired to this recipe by other recipes from the lists I
  subscribe to
  Recipe by: Miriam Podcameni Posvolsky
  
  Posted to Bakery-Shoppe Digest V1 #231 by Leon &amp; Miriam Posvolsky
  &lt;miriamp@pobox.com&gt; on Sep 12, 1997
 
</step></directions></recipe></recipeml>
