<?xml version="1.0" encoding="UTF-8"?>

<recipeml version="0.5">
  <recipe>
    <head>
      <title>"Taco Ring"</title>
      <categories>
        <cat>None</cat></categories>
      <yield>1</yield></head>
    <ingredients>
      <ing>
        <amt>
          <qty>2</qty>
          <unit>cans</unit></amt>
        <item>Refrigerated crescent rolls</item></ing>
      <ing>
        <amt>
          <qty>1</qty>
          <unit>pound</unit></amt>
        <item>Ground meat or turkey</item></ing>
      <ing>
        <amt>
          <qty>1</qty>
          <unit>package</unit></amt>
        <item>Taco seasoning mix according to directions</item></ing>
      <ing>
        <amt>
          <qty>1/2</qty>
          <unit/></amt>
        <item>Head lettuce</item></ing>
      <ing>
        <amt>
          <qty>1</qty>
          <unit/></amt>
        <item>Tomato cubed</item></ing>
      <ing>
        <amt>
          <qty>1/2</qty>
          <unit/></amt>
        <item>Onion or 3 or 4 green onions</item></ing>
      <ing>
        <amt>
          <qty>1</qty>
          <unit>cup</unit></amt>
        <item>Sour cream</item></ing>
      <ing>
        <amt>
          <qty>8</qty>
          <unit>ounces</unit></amt>
        <item>Cheddar cheese</item></ing>
      <ing>
        <amt>
          <qty>1/2</qty>
          <unit>cups</unit></amt>
        <item>Black olives; sliced</item></ing>
      <ing>
        <amt>
          <qty>1</qty>
          <unit/></amt>
        <item>Bell pepper; (sits flat)</item></ing>
      <ing>
        <amt>
          <qty>1</qty>
          <unit>cup</unit></amt>
        <item>Mild salsa</item></ing>
      <ing>
        <amt>
          <qty>A few</qty>
          <unit>of</unit></amt>
        <item>you have asked me to post the Pampered Chef "Taco Ring" -</item></ing></ingredients>
    <directions>
      <step>  Cook meat, drain, add taco seasoning and cook until liquid is absorbed. Add
  cheese. Arrange crescent rolls on a flat baking stone in a circle with
  bases overlapping in center and points to the outside - (unroll the
  crescent rolls and place the pointed triangle part on the stone overlapping
  each one) Spoon meat around in a circle and pull the square part of the
  crescent rolls over the meat, sealing it to look like a wreath. Bake at 375
  for 20-25 minutes or until golden brown.
  
  Cut lettuce with garnisher and use v-shaped cutter to cut pepper. Chop
  onion and tomato with food chopper. Slice olives with egg slicer. Fill
  pepper with salsa and place in the center of the taco ring. Put lettuce
  around the pepper and arrange tomatoes, onions and olives on top. Add sour
  cream if you like. Cut with pizza cutter and serve with mini serving
  spatula.
  
  Because I was cooking for children, I left out the onions and peppers.
  
  Posted to EAT-L Digest  by "Riley, Nancy" &lt;buchanan@USIA.GOV&gt; on Jan 13,
  1998
 
</step></directions></recipe></recipeml>
