<?xml version="1.0" encoding="UTF-8"?>

<recipeml version="0.5">
  <recipe>
    <head>
      <title>"Texas Caviar" Salad</title>
      <categories>
        <cat>Salads</cat></categories>
      <yield>4</yield></head>
    <ingredients>
      <ing>
        <amt>
          <qty>1</qty>
          <unit>tablespoon</unit></amt>
        <item>Cooking oil</item></ing>
      <ing>
        <amt>
          <qty>2</qty>
          <unit/></amt>
        <item>Yellow summer squash; thinly sliced crosswise (about 1 1/2 cups)</item></ing>
      <ing>
        <amt>
          <qty>1</qty>
          <unit/></amt>
        <item>Jalapeno peppers; seeded and chopped, about 2 tablespoons* (up to 2)</item></ing>
      <ing>
        <amt>
          <qty>2</qty>
          <unit/></amt>
        <item>Cloves garlic;, minced</item></ing>
      <ing>
        <amt>
          <qty>1/2</qty>
          <unit>teaspoons</unit></amt>
        <item>Cumin seed;, crushed</item></ing>
      <ing>
        <amt>
          <qty>1</qty>
          <unit>can</unit></amt>
        <item>(16-oz) black-eyed peas; rinsed and, drained</item></ing>
      <ing>
        <amt>
          <qty>1</qty>
          <unit/></amt>
        <item>Green onion; sliced, (2 tablespoons)</item></ing>
      <ing>
        <amt>
          <qty>1</qty>
          <unit>teaspoon</unit></amt>
        <item>Snipped fresh cilantro</item></ing>
      <ing>
        <amt>
          <qty>1/4</qty>
          <unit>teaspoons</unit></amt>
        <item>Salt</item></ing>
      <ing>
        <amt>
          <qty>2</qty>
          <unit>medium</unit></amt>
        <item>Tomatoes; cut into thin wedges</item></ing></ingredients>
    <directions>
      <step>  In a medium skillet heat oil; cook squash, peppers, garlic and cumin,
  uncovered, for 8 minutes or till squash is tender, stirring occasionally.
  Remove from heat; let cool. Combine squash mixture with peas, green onion,
  cilantro, and salt. Cover and chill up to 24 hours. Toss tomato wedges with
  chilled squash mixture before serving. Makes 4 side-dish servings. Typed by
  Ethel Snyder &lt;essie49@juno.com&gt; Date: Sept. 21, 1997
  
  NOTES : *Note: Because hot peppers contain oils that can burn eyes, lips
  and sensitive skin, wear plastic gloves while preparing and be sure to wash
  hands thoroughly afterward.
  Recipe by: Better Homes and Gardens magazine -- May 1997
  
  Posted to MC-Recipe Digest V1 #795 by essie49@juno.com (Ethel R Snyder) on
  Sep 21, 1997
 
</step></directions></recipe></recipeml>
