<?xml version="1.0" encoding="UTF-8"?>

<recipeml version="0.5">
  <recipe>
    <head>
      <title>"Texas Red" Chili Con Carne</title>
      <categories>
        <cat>None</cat></categories>
      <yield>6</yield></head>
    <ingredients>
      <ing>
        <amt>
          <qty>3</qty>
          <unit>pounds</unit></amt>
        <item>Boned Beef Chuck, Cut Into 1 1/2" Cubes &amp; Trimmed of all Fat</item></ing>
      <ing>
        <amt>
          <qty>1</qty>
          <unit>tablespoon</unit></amt>
        <item>Bacon Drippings</item></ing>
      <ing>
        <amt>
          <qty>6</qty>
          <unit/></amt>
        <item>Dried Ancho Peppers</item></ing>
      <ing>
        <amt>
          <qty>2</qty>
          <unit>cups</unit></amt>
        <item>Cold Water</item></ing>
      <ing>
        <amt>
          <qty>1</qty>
          <unit>tablespoon</unit></amt>
        <item>Oregano</item></ing>
      <ing>
        <amt>
          <qty>3</qty>
          <unit>cups</unit></amt>
        <item>Water</item></ing>
      <ing>
        <amt>
          <qty>1</qty>
          <unit>tablespoon</unit></amt>
        <item>Cumin Seeds, Crushed</item></ing>
      <ing>
        <amt>
          <qty>2</qty>
          <unit>teaspoons</unit></amt>
        <item>Salt</item></ing>
      <ing>
        <amt>
          <qty>2</qty>
          <unit>teaspoons</unit></amt>
        <item>Cayenne</item></ing>
      <ing>
        <amt>
          <qty>2</qty>
          <unit/></amt>
        <item>Cloves Garlic, Peeled &amp; Crushed</item></ing>
      <ing>
        <amt>
          <qty>2</qty>
          <unit>tablespoons</unit></amt>
        <item>Masa Harina (Mexican Corn Meal Flour)</item></ing></ingredients>
    <directions>
      <step>  Put the meat through the coarse blade of a meat grinder.  Brown in small
  batches in the bacon fat in a large skillet over moderately high heat.
  Transfer the cooked meat to a second large heavy skillet using a slotted
  spoon.  Set aside.  Wash the peppers in cold water.  Discard the stems and
  seeds.  Tear the peppers into 2" pieces.  Place the pieces in a small sauce
  pan with the first measure of (cold) water.  Cover.  Simmer 20 minutes.
  Drain, reserving the cooking water.  Peel the skin from the peppers. Place
  in the work bowl of a food processor. Add the reserved water. Puree with
  short pulses. Mix the pepper puree into the beef. Add the second measure of
  water. Bring to a boil over high heat. Reduce heat to a slow simmer. Cover.
  Simmer for 30 minutes. Stir in all the remaining ingredients except the
  masa harina. Cover. Simmer 45 minutes. Mix in the masa harina. Cover.
  Reduce heat to the lowest possible. Cook 30 minutes longer, stirring
  occasionally so that the mixture doesn't stick. If too thick, thin with
  small amounts of boiling water. Serve.
  Posted to EAT-L Digest  3 November 96
  
  Date:    Sun, 3 Nov 1996 08:53:58 -0800
  
  From:    Joel Ehrlich &lt;Joel.Ehrlich@SALATA.COM&gt;
 
</step></directions></recipe></recipeml>
