<?xml version="1.0" encoding="UTF-8"?>

<recipeml version="0.5">
  <recipe>
    <head>
      <title>"The Bread Machine Cookbook" Semolina Bread</title>
      <categories>
        <cat>Bread machi</cat></categories>
      <yield>1</yield></head>
    <ingredients>
      <ing>
        <amt>
          <qty/>
          <unit/></amt>
        <item>1 POUND LOAF</item></ing>
      <ing>
        <amt>
          <qty>1</qty>
          <unit>cup</unit></amt>
        <item>Water</item></ing>
      <ing>
        <amt>
          <qty>1</qty>
          <unit>tablespoon</unit></amt>
        <item>Olive oil</item></ing>
      <ing>
        <amt>
          <qty>1</qty>
          <unit>teaspoon</unit></amt>
        <item>Sugar</item></ing>
      <ing>
        <amt>
          <qty>1</qty>
          <unit>teaspoon</unit></amt>
        <item>Salt</item></ing>
      <ing>
        <amt>
          <qty>1 1/2</qty>
          <unit>cups</unit></amt>
        <item>Semolina flour</item></ing>
      <ing>
        <amt>
          <qty>1 1/2</qty>
          <unit>cups</unit></amt>
        <item>Bread flour</item></ing>
      <ing>
        <amt>
          <qty>1 1/2</qty>
          <unit>teaspoons</unit></amt>
        <item>Yeast</item></ing>
      <ing>
        <amt>
          <qty/>
          <unit/></amt>
        <item>1 1/2 POUND LOAF</item></ing>
      <ing>
        <amt>
          <qty>1 1/3</qty>
          <unit>cups</unit></amt>
        <item>Water</item></ing>
      <ing>
        <amt>
          <qty>1 1/2</qty>
          <unit>tablespoons</unit></amt>
        <item>Olive oil</item></ing>
      <ing>
        <amt>
          <qty>1 1/2</qty>
          <unit>teaspoons</unit></amt>
        <item>Sugar</item></ing>
      <ing>
        <amt>
          <qty>1 1/3</qty>
          <unit>teaspoons</unit></amt>
        <item>Salt</item></ing>
      <ing>
        <amt>
          <qty>2</qty>
          <unit>cups</unit></amt>
        <item>Semolina flour</item></ing>
      <ing>
        <amt>
          <qty>2</qty>
          <unit>cups</unit></amt>
        <item>Bread flour</item></ing>
      <ing>
        <amt>
          <qty>2 1/2</qty>
          <unit>teaspoons</unit></amt>
        <item>Yeast</item></ing></ingredients>
    <directions>
      <step>  Bake according to manufacturer's instructions. Author's notes: "Semolina
  flour has a very high gluten content, and therefore makes an exceptional
  loaf.  Expect a yellow-tinted interior and a well-developed wheat flavor."
  My notes:  I made this bread 6/3/96.  I used durum wheat flour instead of
  semolina.  Barney unplugged my machine, so I had to finish the second rise,
  and bake it in the real oven.  It turned out great. This bread is not
  sweet, it has almost a "sour" taste.  Holds up nice for sandwiches. I'll
  make it again. Posted to MealMaster Recipes List, Digest #166
  
  Date: Sat, 15 Jun 1996 14:49:42 -0400
  
  From: Sleopo@aol.com
 
</step></directions></recipe></recipeml>
