<?xml version="1.0" encoding="UTF-8"?>

<recipeml version="0.5">
  <recipe>
    <head>
      <title>"Threshold of Pain" Kung Pao Chicken</title>
      <categories>
        <cat>Poultry</cat></categories>
      <yield>4</yield></head>
    <ingredients>
      <ing-div>
        <title/>
        <ing>
          <amt>
            <qty>1</qty>
            <unit>pound</unit></amt>
          <item>Boneless chicken breast (I actually like thighs in this; too), cubed</item></ing>
        <ing>
          <amt>
            <qty>1/2</qty>
            <unit>cups</unit></amt>
          <item>Whole Chinese hot dried red peppers; stemmed</item></ing>
        <ing>
          <amt>
            <qty>1/2</qty>
            <unit>cups</unit></amt>
          <item>Roasted peanuts</item></ing>
        <ing>
          <amt>
            <qty>1</qty>
            <unit>tablespoon</unit></amt>
          <item>Fresh ginger; crushed and minced</item></ing>
        <ing>
          <amt>
            <qty>1</qty>
            <unit>tablespoon</unit></amt>
          <item>Fresh garlic; crushed and minced</item></ing></ing-div>
      <ing-div>
        <title>MARINADE</title>
        <ing>
          <amt>
            <qty>1 1/2</qty>
            <unit>tablespoons</unit></amt>
          <item>Cornstarch</item></ing>
        <ing>
          <amt>
            <qty>1</qty>
            <unit>tablespoon</unit></amt>
          <item>Cold water</item></ing>
        <ing>
          <amt>
            <qty>1</qty>
            <unit>tablespoon</unit></amt>
          <item>Soy sauce</item></ing></ing-div>
      <ing-div>
        <title>SAUCE</title>
        <ing>
          <amt>
            <qty>2</qty>
            <unit>tablespoons</unit></amt>
          <item>Soy sauce</item></ing>
        <ing>
          <amt>
            <qty>1</qty>
            <unit>tablespoon</unit></amt>
          <item>Mirin (rice wine)</item></ing>
        <ing>
          <amt>
            <qty>1</qty>
            <unit>tablespoon</unit></amt>
          <item>Sesame oil</item></ing>
        <ing>
          <amt>
            <qty>1</qty>
            <unit>teaspoon</unit></amt>
          <item>Sugar</item></ing>
        <ing>
          <amt>
            <qty>1</qty>
            <unit>teaspoon</unit></amt>
          <item>Cornstarch</item></ing>
        <ing>
          <amt>
            <qty>1</qty>
            <unit>teaspoon</unit></amt>
          <item>White vinegar</item></ing>
        <ing>
          <amt>
            <qty/>
            <unit/></amt>
          <item>Peanut oil for frying</item></ing></ing-div>
      <ing-div>
        <title>GARNISH</title>
        <ing>
          <amt>
            <qty>4</qty>
            <unit/></amt>
          <item>Scallions; sliced into rings</item></ing>
        <ing>
          <amt>
            <qty>2</qty>
            <unit/></amt>
          <item>Fresh red -and-</item></ing>
        <ing>
          <amt>
            <qty>2</qty>
            <unit/></amt>
          <item>Green hot "finger" chiles (e.g. long Thai); sliced into rings</item></ing></ing-div></ingredients>
    <directions>
      <step>  Date: Thu, 6 Jun 1996 13:09:00 -0400 (EDT)
  
  From: Larry Hunter &lt;hunter@intr.net&gt;
  About 15 years ago, the first restaurant with genuinely spicy food arrived
  in lovely New Haven, CT (where I was going to college).  It was officially
  called "Threshold", although we all called it "Threshold of Pain".  They
  sold Schezwan food at 1 through 5 "alarms". When you ordered Kung Pao
  chicken at 5 alarm (which I did often), there were more chiles than peanuts
  in the dish. Unfortunately, the restaurant folded in less than a year.
  
  Here's an attempt to recreate that 5 alarm recipe.  It needs to be scaled
  up to restaurant portions, but it's not a difficult dish. You can reduce
  the amount of dried chile to reduce the heat level to mainstream levels if
  absolutely necessary.
  
  Make the marinade: Mix all ingredients and stir to dissolve cornstarch. Add
  chicken and marinate 30 minutes or longer.  Mix sauce and set aside.  Heat
  a bit peanut oil in the wok until just shy of smoking. Add chicken and stir
  fry until it is cooked and turns white. Remove and set aside. Add more oil
  to the wok, and reheat until almost smoking. Stir fry red peppers until
  they are crisp and start to turn black. Add ginger and garlic and stir fry
  for about 10 seconds, stirring constantly. Add the sauce, stirring
  constantly until slightly thickened. Add the chicken and stir until tyhe
  chicken is heated through and the sauce is thick. Remove from heat and stir
  in the peanuts.
  
  Serve over white rice, garnished with chile and scallion slices.
  
  CHILE-HEADS DIGEST V3 #007
  
  From the Chile-Heads recipe list.  Downloaded from Glen's MM Recipe
  Archive, http://www.erols.com/hosey.
 
</step></directions></recipe></recipeml>
