<?xml version="1.0" encoding="UTF-8"?>

<recipeml version="0.5">
  <recipe>
    <head>
      <title>"Ultimate" Corn Bread</title>
      <categories>
        <cat>None</cat></categories>
      <yield>1</yield></head>
    <ingredients>
      <ing>
        <amt>
          <qty>1/2</qty>
          <unit>cups</unit></amt>
        <item>Honey</item></ing>
      <ing>
        <amt>
          <qty>2</qty>
          <unit/></amt>
        <item>Eggs</item></ing>
      <ing>
        <amt>
          <qty>1</qty>
          <unit>teaspoon</unit></amt>
        <item>Salt</item></ing>
      <ing>
        <amt>
          <qty>1</qty>
          <unit>cup</unit></amt>
        <item>Flour (try freshly ground pastry wheat)</item></ing>
      <ing>
        <amt>
          <qty>2</qty>
          <unit>cups</unit></amt>
        <item>Yellow cornmeal (freshly ground popcorn)</item></ing>
      <ing>
        <amt>
          <qty>1</qty>
          <unit>tablespoon</unit></amt>
        <item>Baking powder</item></ing>
      <ing>
        <amt>
          <qty>1</qty>
          <unit>tablespoon</unit></amt>
        <item>Butter; melted</item></ing>
      <ing>
        <amt>
          <qty>1 1/2</qty>
          <unit>cups</unit></amt>
        <item>Milk or buttermilk</item></ing></ingredients>
    <directions>
      <step>  Beat eggs together then beat in honey. Sift flour, cornmeal, baking powder,
  and salt together. Stir into egg mixture with melted butter and milk. Stir
  just until all ingredients are well-mixed. Spread into oiled or buttered
  11.5 X 7.5 X 1 inch pan (I use a lightly oiled iron skillet). Bake at 400
  degrees for 25-30 minutes. Serve hot, with extra honey to drizzle! Posted
  to Digest bread-bakers.v097.n051 by HeartHome4@aol.com on Aug 3, 1997
 
</step></directions></recipe></recipeml>
