<?xml version="1.0" encoding="UTF-8"?>

<recipeml version="0.5">
  <recipe>
    <head>
      <title>"Upstairs" Langoustine and Mango Salsa</title>
      <categories>
        <cat>Seafood</cat></categories>
      <yield>1</yield></head>
    <ingredients>
      <ing>
        <amt>
          <qty>5</qty>
          <unit/></amt>
        <item>Langoustine</item></ing>
      <ing>
        <amt>
          <qty>1/2</qty>
          <unit/></amt>
        <item>Mango; Diced</item></ing>
      <ing>
        <amt>
          <qty>50</qty>
          <unit>grams</unit></amt>
        <item>Pancetta</item></ing>
      <ing>
        <amt>
          <qty>1</qty>
          <unit>tablespoon</unit></amt>
        <item>Olive Oil</item></ing>
      <ing>
        <amt>
          <qty>1</qty>
          <unit/></amt>
        <item>Clove Garlic; Crushed</item></ing>
      <ing>
        <amt>
          <qty/>
          <unit/></amt>
        <item>For The Mango Salsa:</item></ing>
      <ing>
        <amt>
          <qty>2</qty>
          <unit/></amt>
        <item>Mango; Diced</item></ing>
      <ing>
        <amt>
          <qty>1</qty>
          <unit/></amt>
        <item>Avocado; Diced</item></ing>
      <ing>
        <amt>
          <qty>2</qty>
          <unit/></amt>
        <item>Red Chillis; Chopped</item></ing>
      <ing>
        <amt>
          <qty>2</qty>
          <unit>bunches</unit></amt>
        <item>Spring Onions; Chopped</item></ing>
      <ing>
        <amt>
          <qty>2</qty>
          <unit/></amt>
        <item>Cloves Garlic; Chopped</item></ing>
      <ing>
        <amt>
          <qty>100</qty>
          <unit>mililiters</unit></amt>
        <item>Rice Vinegar</item></ing>
      <ing>
        <amt>
          <qty>3</qty>
          <unit>tablespoons</unit></amt>
        <item>Honey</item></ing>
      <ing>
        <amt>
          <qty>3</qty>
          <unit>tablespoons</unit></amt>
        <item>Lime Juice</item></ing>
      <ing>
        <amt>
          <qty>100</qty>
          <unit>mililiters</unit></amt>
        <item>Soy Sauce</item></ing>
      <ing>
        <amt>
          <qty>1</qty>
          <unit>tablespoon</unit></amt>
        <item>Flat Leaf Parsley; Chopped</item></ing>
      <ing>
        <amt>
          <qty>1</qty>
          <unit>tablespoon</unit></amt>
        <item>Fresh Coriander; Chopped</item></ing>
      <ing>
        <amt>
          <qty/>
          <unit/></amt>
        <item>Salt and black pepper</item></ing></ingredients>
    <directions>
      <step>  Blanch langoustines in boiling water, refresh in iced water, remove meat
  from shell and dry. Wrap langoustine and diced mango in pacetta, then
  skewer.
  
  To make the salsa: mix all the ingredients thoroughly , reserving a few
  herbs. Quickly pan-fry the skewers in hot olive oil with garlic. Lightly
  warm the salsa. Serve the skewers on the salsa, sprinkle with herbs.
  Posted to EAT-L Digest 06 Aug 96
  
  Date:    Wed, 7 Aug 1996 13:03:20 EDT
  
  From:    erika metzieder &lt;100627.3022@COMPUSERVE.COM&gt;
  NOTES : Devised by David Sharland for Upstairs at The Savoy, London,
       England.
 
</step></directions></recipe></recipeml>
