<?xml version="1.0" encoding="UTF-8"?>

<recipeml version="0.5">
  <recipe>
    <head>
      <title>"Verde" Papas Con Chile Verde (Green Chile Potatoes)</title>
      <categories>
        <cat>Mexican</cat>
        <cat>Potatoes</cat></categories>
      <yield>1</yield></head>
    <ingredients>
      <ing>
        <amt>
          <qty>2</qty>
          <unit>cups</unit></amt>
        <item>Pototoes; peeled &amp; thinly slic</item></ing>
      <ing>
        <amt>
          <qty>2</qty>
          <unit>tablespoons</unit></amt>
        <item>Shortening</item></ing>
      <ing>
        <amt>
          <qty>1/4</qty>
          <unit>cups</unit></amt>
        <item>Chopped onions</item></ing>
      <ing>
        <amt>
          <qty>2</qty>
          <unit>cups</unit></amt>
        <item>Water</item></ing>
      <ing>
        <amt>
          <qty>1/2</qty>
          <unit>teaspoons</unit></amt>
        <item>Garlic salt</item></ing>
      <ing>
        <amt>
          <qty>1/2</qty>
          <unit>teaspoons</unit></amt>
        <item>Salt</item></ing>
      <ing>
        <amt>
          <qty>1/2</qty>
          <unit>cups</unit></amt>
        <item>Chopped green chile*</item></ing></ingredients>
    <directions>
      <step>  1. Brown potatoes in shortening in a medium-sized skillet at medium  heat.
  Add onions and seasonings and cook until onions are tender. 2. Add green
  chile and water and simmer for 15-20 minutes at low heat. * Varied amounts
  may be used
  Posted to MC-Recipe Digest V1 #176
  
  Date: Tue, 30 Jul 1996 19:52:15 -0700
  
  From: "Keri, J. (Mike)" &lt;mkeri@img.net&gt;
 
</step></directions></recipe></recipeml>
