<?xml version="1.0" encoding="UTF-8"?>

<recipeml version="0.5">
  <recipe>
    <head>
      <title>"When the Shepherd Is in a Hurry" Pie</title>
      <categories>
        <cat>Beef</cat></categories>
      <yield>1</yield></head>
    <ingredients>
      <ing>
        <amt>
          <qty>1 1/2</qty>
          <unit>pounds</unit></amt>
        <item>Ground beef</item></ing>
      <ing>
        <amt>
          <qty>1</qty>
          <unit>small</unit></amt>
        <item>Onion; chopped fine</item></ing>
      <ing>
        <amt>
          <qty>1/2</qty>
          <unit>packages</unit></amt>
        <item>Lipton's onion soup mix or more to taste</item></ing>
      <ing>
        <amt>
          <qty>1</qty>
          <unit/></amt>
        <item>To 1 1/2 cup water</item></ing>
      <ing>
        <amt>
          <qty>1</qty>
          <unit/></amt>
        <item>To 2 tbsp flour</item></ing>
      <ing>
        <amt>
          <qty>1</qty>
          <unit/></amt>
        <item>16 oz pkg frozen corn, green beans, carrots</item></ing>
      <ing>
        <amt>
          <qty/>
          <unit/></amt>
        <item>Whichever you prefer</item></ing>
      <ing>
        <amt>
          <qty>8</qty>
          <unit/></amt>
        <item>10 servings instant mashed potatoes</item></ing>
      <ing>
        <amt>
          <qty/>
          <unit/></amt>
        <item>Made per box  directions</item></ing></ingredients>
    <directions>
      <step>  First, brown your ground beef and onion over medium-high heat.  Add the
  onion soup to taste and the water. You can add more and taste it as the mix
  tends to be salty. Cook this mixture about 5-10 minutes and add pepper if
  you like.
  
  Push the ground beef to one side of the pan and sprinkle the flour in while
  stirring the broth briskly.  Careful here!  It will lump quite easily. The
  idea is to make a gravy and if you like, you can dissolve the flour in a
  little cold water before stirring in. Bring back to a boil and add more
  water if you like a thinner gravy.
  
  Pour this meat mixture into a large casserole dish such as a 13x9 oblong
  baking pan. Add the frozen vegetables and top with the prepared mashed
  potatoes. Bake about 30-40 minutes, uncovered, in a 350 degree oven. Serves
  well with a simple salad and about 6 hungry people, possibly with some left
  for lunch the next day. Reheats well.
  Posted to EAT-L Digest 23 Jul 96
  
  Date:    Wed, 24 Jul 1996 17:35:03 EDT
  
  From:    erika metzieder &lt;100627.3022@COMPUSERVE.COM&gt;
 
</step></directions></recipe></recipeml>
