<?xml version="1.0" encoding="UTF-8"?>

<recipeml version="0.5">
  <recipe>
    <head>
      <title>Appetizer Shrimp Kabobs</title>
      <categories>
        <cat>Appetizers</cat>
        <cat>Fish</cat>
        <cat>Holiday</cat></categories>
      <yield>3</yield></head>
    <ingredients>
      <ing-div>
        <title>NORMA WRENN</title>
        <ing>
          <amt>
            <qty>2</qty>
            <unit>pounds</unit></amt>
          <item>Unpeeled large fresh shrimp</item></ing>
        <ing>
          <amt>
            <qty>1/2</qty>
            <unit>cups</unit></amt>
          <item>Lemon juice</item></ing>
        <ing>
          <amt>
            <qty>1/2</qty>
            <unit>cups</unit></amt>
          <item>Vegetable oil</item></ing>
        <ing>
          <amt>
            <qty>1/4</qty>
            <unit>cups</unit></amt>
          <item>Soy sauce</item></ing>
        <ing>
          <amt>
            <qty>3</qty>
            <unit>tablespoons</unit></amt>
          <item>Fresh parsley; chopped</item></ing>
        <ing>
          <amt>
            <qty>2</qty>
            <unit>tablespoons</unit></amt>
          <item>Onion; finely chopped</item></ing>
        <ing>
          <amt>
            <qty>1/2</qty>
            <unit>teaspoons</unit></amt>
          <item>Salt</item></ing>
        <ing>
          <amt>
            <qty>1/2</qty>
            <unit>teaspoons</unit></amt>
          <item>Pepper</item></ing>
        <ing>
          <amt>
            <qty>1</qty>
            <unit/></amt>
          <item>Clove garlic; minced</item></ing></ing-div></ingredients>
    <directions>
      <step>  Peel shrimp, and devein, if desired; set aside. Combine lemon juice and
  remaining ingredients except shrimp in a shallow dish; set aside.
  
  Arrange shrimp on 6-inch bamboo skewers, and place marinade, turning to
  coat.  Cover and refrigetate 2 to 3 hours.
  
  Remove shrimp from marinade, reserving marinade. Place shrimp on rack of a
  lightly greased broiler pan. Broil 6 inches from heat 3 to 4 minutes on
  each side, basting occasionally with remaining marinade. Serve hot or cold.
  
  Source:  Southern Living 1991 Annual Recipes - Oxmoor House
  Posted to MM-Recipes Digest V4 #337 by "Deborah Kühnen"
  &lt;DEBKUHNEN@classic.msn.com&gt; on Dec 29, 97
 
</step></directions></recipe></recipeml>
