<?xml version="1.0" encoding="UTF-8"?>

<recipeml version="0.5">
  <recipe>
    <head>
      <title>Appetizer Spareribs-Costillitas De Cerdo</title>
      <categories>
        <cat>Appetizer</cat></categories>
      <yield>24</yield></head>
    <ingredients>
      <ing-div>
        <title/>
        <ing>
          <amt>
            <qty>3</qty>
            <unit>pounds</unit></amt>
          <item>Spareribs; cut</item></ing>
        <ing>
          <amt>
            <qty>4</qty>
            <unit>tablespoons</unit></amt>
          <item>Un sulphured molasses; or melted brown sugar</item></ing>
        <ing>
          <amt>
            <qty>3</qty>
            <unit>tablespoons</unit></amt>
          <item>Lemon juice</item></ing>
        <ing>
          <amt>
            <qty>4</qty>
            <unit>tablespoons</unit></amt>
          <item>Prepared mustard</item></ing>
        <ing>
          <amt>
            <qty>3</qty>
            <unit>tablespoons</unit></amt>
          <item>Soy sauce</item></ing>
        <ing>
          <amt>
            <qty>2</qty>
            <unit>tablespoons</unit></amt>
          <item>Worcestershire sauce</item></ing>
        <ing>
          <amt>
            <qty>1/4</qty>
            <unit>teaspoons</unit></amt>
          <item>Pepper</item></ing></ing-div>
      <ing-div>
        <title>OR, EN ESPANOL</title>
        <ing>
          <amt>
            <qty>3</qty>
            <unit>pounds</unit></amt>
          <item>De costillitas de cuerdo cortadas</item></ing>
        <ing>
          <amt>
            <qty>4</qty>
            <unit/></amt>
          <item>Cucharadas de melaza sin azufre; o raspidium derretid</item></ing>
        <ing>
          <amt>
            <qty>3</qty>
            <unit/></amt>
          <item>Cucharadas de jugo de lemon</item></ing>
        <ing>
          <amt>
            <qty>4</qty>
            <unit/></amt>
          <item>Cucharadas de mostaza preparada</item></ing>
        <ing>
          <amt>
            <qty>3</qty>
            <unit/></amt>
          <item>Cucharadas de salsa de soya</item></ing>
        <ing>
          <amt>
            <qty>2</qty>
            <unit/></amt>
          <item>Cucharadas de salsa inglesa; worcestershire sauce</item></ing>
        <ing>
          <amt>
            <qty>1/4</qty>
            <unit/></amt>
          <item>Cucharadita de pimienta</item></ing></ing-div></ingredients>
    <directions>
      <step>  submitted by: lloyd2@mindspring.com  (Lloyd A. Carver, Prattville, AL
  36067)
  
  Recipe By : Kathryn Gatens
  
  This is a recipe I picked up while in Panama. It is for Spareribs used as
  an appetizer but I have the same recipe with only the meat changed to pork
  chops. Then it is a dinner meat. It is good either way. I included the
  original recipe in Spanish and my interpretation in English.
  
  Have the rack of ribs cut in 3 parts lengthwise. Then divide each part into
  individual ribs. Arrange in a baking dish. Separately, mix the molasses
  with the prepared mustard; add the remaining ingredients and mix all well.
  Paint the ribs with the sauce. Bake at 350F, for 1 1/2 hour, basting
  frequently with the rest of the sauce. To Serve, drain well on absorbent
  paper. Arrange in a chafing dish to keep hot.
  
  NOTES : If desired, prepared the ribs or chops several days ahead of time
  and freeze. To serve, bake at 300F until hot. Approximately 1 hour.
  
  Haga cortar las costillas en 3 partes, a lo largo. Luego, divida cada parte
  in costillitas individuales. Coloquelas en un cecipiente de hornear.
  Aparte, lique la melaza con la mostaza preparada; aqada los ingredientes
  restantes y mizclelo todo bien. Pinte las costillas con salsa. Hornilas a
  350F (180C) durante 1 1/2 hora, pintandolas frecuentemente con el resto de
  la salsa. Para servirlas, esczrralas antes, sobre papel absorbente.
  Colsquelas luego en una fuente de servir con brasero abajo, para
  conservarlas calientes.
  
  NOTES : Si quiere, puede hacer costillas o chuletas con varios dias de
  anticipacisn y congelaras. Para servirlas a 300F (150C) hasta que se
  calienten aproximadamente 1 hora.
  
  DAVE &lt;DAVIDG@CLAM.RUTGERS.EDU&gt;
  
  RECIPEINTERNET LIST SERVER
  
  RECIPE ARCHIVE - 19 MARCH 1996
  
  From the 'RECIPEinternet: Recipes from Around the World' recipe list.
  Downloaded from Glen's MM Recipe Archive, http://www.erols.com/hosey.
 
</step></directions></recipe></recipeml>
