<?xml version="1.0" encoding="UTF-8"?>

<recipeml version="0.5">
  <recipe>
    <head>
      <title>Appetizer Tortilla Rollups (Fat-Free)</title>
      <categories>
        <cat>Appetizers</cat>
        <cat>Mexican</cat></categories>
      <yield>1</yield></head>
    <ingredients>
      <ing>
        <amt>
          <qty>1</qty>
          <unit>package</unit></amt>
        <item>Flour tortillas; jumbo sized, fat-free</item></ing>
      <ing>
        <amt>
          <qty>2</qty>
          <unit>packages</unit></amt>
        <item>Cream cheese; fat-free</item></ing>
      <ing>
        <amt>
          <qty>1</qty>
          <unit>can</unit></amt>
        <item>Rotel tomatoes with chilies; drained</item></ing>
      <ing>
        <amt>
          <qty>4</qty>
          <unit/></amt>
        <item>Green onions; finely chopped</item></ing></ingredients>
    <directions>
      <step>  Mix the cream cheese, rotel tomatoes w/chilies and green onions to make a
  paste...you may need a little of the juice drained from the rotel, so
  reserve it just in case.
  
  Spread the mixture about 1/4 inch thick on tortillas. Refrigerate for about
  an hour before slicing.  For Christmas, you can also tint the mixture with
  food coloring.
  
  Serve with salsa, or if you are not worried about fat grams, queso.
  Posted to MM-Recipes Digest V5 #010 by valerie@nbnet.nb.ca (valerie) on Jan
  10, 1998
 
</step></directions></recipe></recipeml>
