<?xml version="1.0" encoding="UTF-8"?>

<recipeml version="0.5">
  <recipe>
    <head>
      <title>Appetizer Sausage Balls in Blanket</title>
      <categories>
        <cat>Appetizers</cat>
        <cat>Eggs/cheese</cat>
        <cat>Pork/ham</cat></categories>
      <yield>36</yield></head>
    <ingredients>
      <ing>
        <amt>
          <qty>1 1/2</qty>
          <unit>cups</unit></amt>
        <item>Flour</item></ing>
      <ing>
        <amt>
          <qty>2</qty>
          <unit>teaspoons</unit></amt>
        <item>Curry Powder</item></ing>
      <ing>
        <amt>
          <qty>1</qty>
          <unit>teaspoon</unit></amt>
        <item>Paprika</item></ing>
      <ing>
        <amt>
          <qty>1/4</qty>
          <unit>teaspoons</unit></amt>
        <item>Salt</item></ing>
      <ing>
        <amt>
          <qty>2</qty>
          <unit>cups</unit></amt>
        <item>Cheddar Cheese, shredded</item></ing>
      <ing>
        <amt>
          <qty>1/2</qty>
          <unit>cups</unit></amt>
        <item>Butter Or Margarine</item></ing>
      <ing>
        <amt>
          <qty>1</qty>
          <unit>pound</unit></amt>
        <item>Sausage Meat (Hot Or Mild)</item></ing></ingredients>
    <directions>
      <step>  Mix flour, curry, paprika, salt, and cheese. With pastry blender, cut in
  butter until mixture resembles couarse crumbs. Shape pastry mixture into
  ball with hands. Cover and refrigerate at least an hour. Shape saussage
  into small balls. Fry until browned. Drain on towels. Divide dough into as
  mny pieces as there are sausage balls. Shape dought around balls. (Dough
  may be crumbly but will form.) Wrap and freeze. Preheat oven to 400° and
  bake on cookie sheet 12 minutes. (Careful with baking time since they burn
  easily.)
  
  Makes about 3 dozen.
  
  Source: Mountain Measures--Junior League of Charleston, WV ed. 1974
  
  Recipe by: Mrs. Charles G. Moyers, Jr. (Charleston Gazette) Posted to
  MC-Recipe Digest V1 #610 by Bill Spalding &lt;billspa@icanect.net&gt; on May 13,
  1997
 
</step></directions></recipe></recipeml>
