<?xml version="1.0" encoding="UTF-8"?>

<recipeml version="0.5">
  <recipe>
    <head>
      <title>Apple-Habanero Chutney</title>
      <categories>
        <cat>None</cat></categories>
      <yield>1</yield></head>
    <ingredients>
      <ing>
        <amt>
          <qty>2</qty>
          <unit/></amt>
        <item>Fresh apples; peeled and sliced</item></ing>
      <ing>
        <amt>
          <qty>1</qty>
          <unit>ounce</unit></amt>
        <item>Diced yellow onion</item></ing>
      <ing>
        <amt>
          <qty>1/2</qty>
          <unit/></amt>
        <item>Fresh haberno chile; diced and seeded</item></ing>
      <ing>
        <amt>
          <qty>1/2</qty>
          <unit>teaspoons</unit></amt>
        <item>Cinnamon</item></ing>
      <ing>
        <amt>
          <qty>1/2</qty>
          <unit>teaspoons</unit></amt>
        <item>Salt</item></ing>
      <ing>
        <amt>
          <qty>1</qty>
          <unit>pinch</unit></amt>
        <item>Pepper</item></ing>
      <ing>
        <amt>
          <qty>4</qty>
          <unit>ounces</unit></amt>
        <item>Water</item></ing></ingredients>
    <directions>
      <step>  Saw these on CBS morning show. Today's recipes and archived recipes can be
  found at cbs.com under Recipes on a Shoestring.
  
  Lightly saute onions, add apple and chile, cook for about 5 minutes, add
  water and cinnamon, reduce until liquid gels, season and chill.
  
  Posted to CHILE-HEADS DIGEST by Judy Howle &lt;howle@ebicom.net&gt; on Apr 11,
  1998
 
</step></directions></recipe></recipeml>
