<?xml version="1.0" encoding="UTF-8"?>

<recipeml version="0.5">
  <recipe>
    <head>
      <title>Apple, Raisin, and Rosemary Dressing</title>
      <categories>
        <cat>Side dish</cat></categories>
      <yield>1</yield></head>
    <ingredients>
      <ing>
        <amt>
          <qty>2</qty>
          <unit>cups</unit></amt>
        <item>Fresh bread crumbs</item></ing>
      <ing>
        <amt>
          <qty>4</qty>
          <unit>tablespoons</unit></amt>
        <item>Butter</item></ing>
      <ing>
        <amt>
          <qty>3</qty>
          <unit>tablespoons</unit></amt>
        <item>Water</item></ing>
      <ing>
        <amt>
          <qty>2/3</qty>
          <unit>cups</unit></amt>
        <item>Chopped celery</item></ing>
      <ing>
        <amt>
          <qty>1/2</qty>
          <unit>cups</unit></amt>
        <item>Chopped onions</item></ing>
      <ing>
        <amt>
          <qty>1 1/2</qty>
          <unit>cups</unit></amt>
        <item>Chopped, peeled apples (about 2)</item></ing>
      <ing>
        <amt>
          <qty>1/4</qty>
          <unit>cups</unit></amt>
        <item>Golden raisins</item></ing>
      <ing>
        <amt>
          <qty>1/2</qty>
          <unit>teaspoons</unit></amt>
        <item>Baking powder</item></ing>
      <ing>
        <amt>
          <qty>1</qty>
          <unit>teaspoon</unit></amt>
        <item>Dried rosemary</item></ing>
      <ing>
        <amt>
          <qty>2</qty>
          <unit>tablespoons</unit></amt>
        <item>Dry Madeira or</item></ing>
      <ing>
        <amt>
          <qty>1</qty>
          <unit>tablespoon</unit></amt>
        <item>Brandy</item></ing>
      <ing>
        <amt>
          <qty/>
          <unit/></amt>
        <item>Salt and freshly ground pepper to taste</item></ing></ingredients>
    <directions>
      <step>  Preheat the oven to 225 F Spread the crumbs on a baking sheet and dry and
  toast them in the oven 5 to 10 minutes. Melt the butter in the water in a
  large skillet. Add the celery and onions, and sauté until the onions have
  absorbed the butter and are limp. Don't brown them. Add the apples,
  raisins, bread crumbs, baking powder, rosemary, and the Madeira or brandy.
  Season with salt/pepper to taste and toss well with a fork. If the stuffing
  seems overly dry, add an egg or a little chicken stock. Stuff a crown roast
  of pork or a turkey per your pork/turkey baking times/temps or place in a
  casserole dish and bake uncovered at 325 F until browned, about 25 minutes.
  
  From Gemini's MASSIVE MealMaster collection at www.synapse.com/~gemini
 
</step></directions></recipe></recipeml>
