<?xml version="1.0" encoding="UTF-8"?>

<recipeml version="0.5">
  <recipe>
    <head>
      <title>Apple, Endive and Cabrales Salad</title>
      <categories>
        <cat>New</cat>
        <cat>Text</cat>
        <cat>Import</cat></categories>
      <yield>1</yield></head>
    <ingredients>
      <ing>
        <amt>
          <qty>3</qty>
          <unit>small</unit></amt>
        <item>Heads curly endive; preferably frisee</item></ing>
      <ing>
        <amt>
          <qty>3</qty>
          <unit>large</unit></amt>
        <item>Granny Smith apples</item></ing>
      <ing>
        <amt>
          <qty>1 1/2</qty>
          <unit>cups</unit></amt>
        <item>Heavy cream</item></ing>
      <ing>
        <amt>
          <qty>3/4</qty>
          <unit>cups</unit></amt>
        <item>Red wine vinegar</item></ing>
      <ing>
        <amt>
          <qty>3</qty>
          <unit>ounces</unit></amt>
        <item>Cabrales or blue cheese; crumbled</item></ing>
      <ing>
        <amt>
          <qty>1/3</qty>
          <unit>cups</unit></amt>
        <item>Walnuts; toasted and coarsely chopped</item></ing>
      <ing>
        <amt>
          <qty>1/2</qty>
          <unit>teaspoons</unit></amt>
        <item>Coarse salt</item></ing></ingredients>
    <directions>
      <step>  Separate endive leaves and wash well in cold running water. Trim and
  discard stems, break leaves into bitesized pieces and pat dry. Set aside in
  a bowl. Peel and core apples and cut into thin slices. In another bowl,
  combine remaining ingredients. Add apple slices to cream mixture. (The
  apples can now be reserved in the refrigerator for up to 4 hours.) To
  serve, pour apple and cream mixture over endive. Toss well to coat. Yield:
        6    servings
        Copyright, 1996, TV FOOD NETWORK, G.P., All Rights Reserved 11/5/96
  SHOW
  Recipe By     : TOO HOT TAMALES SHOW #TH6309
  
  Posted to MC-Recipe Digest V1 #280
  
  Date: Tue, 05 Nov 1996 16:40:59 -0600
  
  From: Pat Asher &lt;asher@mcs.com&gt;
 
</step></directions></recipe></recipeml>
