<?xml version="1.0" encoding="UTF-8"?>

<recipeml version="0.5">
  <recipe>
    <head>
      <title>Apple-Coconut Pie</title>
      <categories>
        <cat>Pie</cat></categories>
      <yield>8</yield></head>
    <ingredients>
      <ing-div>
        <title/>
        <ing>
          <amt>
            <qty>3 1/2</qty>
            <unit>cups</unit></amt>
          <item>Apples; tart, thinly sliced</item></ing>
        <ing>
          <amt>
            <qty>3/4</qty>
            <unit>cups</unit></amt>
          <item>Sugar</item></ing>
        <ing>
          <amt>
            <qty>2</qty>
            <unit>tablespoons</unit></amt>
          <item>Flour; all-purpose</item></ing>
        <ing>
          <amt>
            <qty>1/2</qty>
            <unit>teaspoons</unit></amt>
          <item>Salt</item></ing>
        <ing>
          <amt>
            <qty>3 1/2</qty>
            <unit>ounces</unit></amt>
          <item>Coconut; flaked</item></ing>
        <ing>
          <amt>
            <qty>1</qty>
            <unit>teaspoon</unit></amt>
          <item>Vanilla extract</item></ing>
        <ing>
          <amt>
            <qty>2</qty>
            <unit>tablespoons</unit></amt>
          <item>Margarine</item></ing></ing-div>
      <ing-div>
        <title>CREAM CHEESE PASTRY</title>
        <ing>
          <amt>
            <qty>1</qty>
            <unit>cup</unit></amt>
          <item>Margarine; softened</item></ing>
        <ing>
          <amt>
            <qty>6</qty>
            <unit>ounces</unit></amt>
          <item>Cream cheese; softened</item></ing>
        <ing>
          <amt>
            <qty>2</qty>
            <unit>cups</unit></amt>
          <item>Flour; all-purpose</item></ing>
        <ing>
          <amt>
            <qty>1</qty>
            <unit>dash</unit></amt>
          <item>Salt</item></ing></ing-div></ingredients>
    <directions>
      <step>  Line a 10" piepan with half the pastry rolled 1/8" thick.
  
  Arrange apples in unbakes pie shell.  Combine sugar, flour, and salt;
  sprinkle over apples, mixing well.  Cover with coconut, sprinkle vanilla
  over top, and dot with margarine.
  
  Roll out remaining pastry, and place over filling; seal and flute edges.
  Cut slits in top to allow steam to escape.  Bake at 400 degrees for 10
  minutes; reduce heat to 300 degrees and bake an additional 35 to 40
  minutes.
  
  Cream Cheese Pastry: Combine margarine and cream cheese; mix well. Cut in
  flour and salt iwht pastry blender. Shape dough into a ball; chill. Yield:
  enough pastry for double crust 10" pie.
  
  SOURCE: Southern Living Magazine, March 1974. Typos by Nancy Coleman.
  
  Date: Wed, 5 Jun 1996 18:41:13 -0500
  
  From: pickell@cyberspc.mb.ca (S.Pickell)
  
  MM-Recipes Digest V3 #157
  
  From the MealMaster recipe list.  Downloaded from Glen's MM Recipe Archive,
  http://www.erols.com/hosey.
 
</step></directions></recipe></recipeml>
