<?xml version="1.0" encoding="UTF-8"?>

<recipeml version="0.5">
  <recipe>
    <head>
      <title>Apple-Lovage Chutney</title>
      <categories>
        <cat>Preserves</cat>
        <cat>Relishes</cat>
        <cat>Herbs</cat></categories>
      <yield>6</yield></head>
    <ingredients>
      <ing>
        <amt>
          <qty>6</qty>
          <unit>cups</unit></amt>
        <item>Apples, cored and chopped</item></ing>
      <ing>
        <amt>
          <qty>1</qty>
          <unit>cup</unit></amt>
        <item>Lovage, fresh</item></ing>
      <ing>
        <amt>
          <qty>1</qty>
          <unit>medium</unit></amt>
        <item>Sweet red pepper, cored,</item></ing>
      <ing>
        <amt>
          <qty/>
          <unit/></amt>
        <item>Seeded and chopped</item></ing>
      <ing>
        <amt>
          <qty>1</qty>
          <unit>medium</unit></amt>
        <item>Red tomato, cored, peeled,</item></ing>
      <ing>
        <amt>
          <qty/>
          <unit/></amt>
        <item>Chopped</item></ing>
      <ing>
        <amt>
          <qty>1</qty>
          <unit>medium</unit></amt>
        <item>Green tomato, cored, chopped</item></ing>
      <ing>
        <amt>
          <qty>1</qty>
          <unit>medium</unit></amt>
        <item>Onion, peeled and chopped</item></ing>
      <ing>
        <amt>
          <qty>3</qty>
          <unit/></amt>
        <item>Garlic cloves, minced</item></ing>
      <ing>
        <amt>
          <qty>1</qty>
          <unit>cup</unit></amt>
        <item>Golden raisins</item></ing>
      <ing>
        <amt>
          <qty>1/4</qty>
          <unit>cups</unit></amt>
        <item>Fresh ginger, peeled, minced</item></ing>
      <ing>
        <amt>
          <qty>1</qty>
          <unit>cup</unit></amt>
        <item>Light brown sugar, packed</item></ing>
      <ing>
        <amt>
          <qty>1</qty>
          <unit>cup</unit></amt>
        <item>White wine vinegar</item></ing>
      <ing>
        <amt>
          <qty>1</qty>
          <unit>tablespoon</unit></amt>
        <item>Mustard seeds</item></ing>
      <ing>
        <amt>
          <qty>1</qty>
          <unit>teaspoon</unit></amt>
        <item>Celery seeds</item></ing></ingredients>
    <directions>
      <step>  Combine all ingredients in non-reactive pan. Bring to boil over med-high
  heat, stirring constantly. Reduce heat to med-low and simmer, uncovered,
  stirring frequently, for 45 mins, or until thickened.
  
  Prepare jars, lids and boiling water bath. Fill jars with hot mixture,
  leaving 1/4 inch headspace. Wipe rims with clean towel and attach lids
  securely.
  
  Place jars in boiling water bath, and when the water returns to the boil,
  process for 15 mins.
  
  From Gemini's MASSIVE MealMaster collection at www.synapse.com/~gemini
 
</step></directions></recipe></recipeml>
