<?xml version="1.0" encoding="UTF-8"?>

<recipeml version="0.5">
  <recipe>
    <head>
      <title>Apple-Chicken Salad-(Marinaded)</title>
      <categories>
        <cat>Cyberealm</cat>
        <cat>Salads</cat>
        <cat>Main dish</cat></categories>
      <yield>4</yield></head>
    <ingredients>
      <ing-div>
        <title>FROM LOIS FLACK</title></ing-div>
      <ing-div>
        <title>CYBEREALM BBS (315)786-1120</title></ing-div>
      <ing-div>
        <title>MARINADE</title>
        <ing>
          <amt>
            <qty>1/4</qty>
            <unit>cups</unit></amt>
          <item>Frozen apple juice- concentrate, thawed</item></ing>
        <ing>
          <amt>
            <qty>2</qty>
            <unit>tablespoons</unit></amt>
          <item>Salad oil</item></ing>
        <ing>
          <amt>
            <qty>2</qty>
            <unit>tablespoons</unit></amt>
          <item>Soy sauce</item></ing>
        <ing>
          <amt>
            <qty>1</qty>
            <unit>tablespoon</unit></amt>
          <item>White wine vinegar</item></ing>
        <ing>
          <amt>
            <qty>1</qty>
            <unit>teaspoon</unit></amt>
          <item>Dried savory, crushed</item></ing></ing-div>
      <ing-div>
        <title>CHICKEN</title>
        <ing>
          <amt>
            <qty>4</qty>
            <unit>medium</unit></amt>
          <item>Skinless, boneless chicken breast halves (12 ounces)</item></ing></ing-div>
      <ing-div>
        <title>DRESSING</title>
        <ing>
          <amt>
            <qty>3/4</qty>
            <unit>cups</unit></amt>
          <item>Mayonnaise or salad dressing</item></ing>
        <ing>
          <amt>
            <qty>1/4</qty>
            <unit>cups</unit></amt>
          <item>Apple juice concentrate</item></ing>
        <ing>
          <amt>
            <qty>1/4</qty>
            <unit>teaspoons</unit></amt>
          <item>Salt</item></ing>
        <ing>
          <amt>
            <qty>1/4</qty>
            <unit>teaspoons</unit></amt>
          <item>Pepper</item></ing></ing-div>
      <ing-div>
        <title>SALAD</title>
        <ing>
          <amt>
            <qty>3</qty>
            <unit>cups</unit></amt>
          <item>Torn romaine lettuce</item></ing>
        <ing>
          <amt>
            <qty>2</qty>
            <unit>cups</unit></amt>
          <item>Torn red leaf lettuce</item></ing>
        <ing>
          <amt>
            <qty>1/2</qty>
            <unit>cups</unit></amt>
          <item>Broken pecans or walnuts</item></ing>
        <ing>
          <amt>
            <qty>1/3</qty>
            <unit>cups</unit></amt>
          <item>Red onion rings</item></ing>
        <ing>
          <amt>
            <qty>2</qty>
            <unit>medium</unit></amt>
          <item>Apples, cored &amp; sliced</item></ing></ing-div></ingredients>
    <directions>
      <step>    *  NOTE:  This recipe needs to be prepared ahead of time! *
  
    For marinade: In a small bowl combine apple juice concentrate, salad oil,
  soy sauce, vinegar, and savory.
  
    For chicken: Place chicken breasts in a plastic bag in a shallow dish.
  Pour marinade over chicken.  Close bag. Refrigerate about 4 hours, turning
  once.  Remove meat, reserving marinade. Pat chicken dry with paper towels.
  
    Place chicken on a rack of an unheated broiler pan. Broil about 4 to 6
  inches from heat for 8 to 10 minutes or till tender, brushing occasionally
  with reserved marinade. (Or grill chicken on an uncovered grill directly
  over medium-hot coals for 20 to 25 minutes or till tender, turning once.)
  Remove from heat. Cut chicken into strips. Cover and chill 2 to 24 hours.
  
    For dressing:  In a small bowl combine mayonnaise or salad dressing,
  apple juice concentrate, salt and pepper.
  
    In a large bowl combine the romaine, red leaf lettuce, pecans or walnuts,
  and onion.  Divide salad greens among 4 dinner plates. Arrange chicken and
  apples over greens.  Drizzle salad dressing over salads.
  
    Makes 4 main-dish salads.
  
  Calories......705     Protein...31 g Carbohydrates..32.g Fat...52 g
  Cholesterol....98.mg Sodium...959 mg Potassium.....782.mg
  
  Source: Better Homes and Gardens, Summertime Cooking
  
  Typed for you by Lois Flack, CYBEREALM BBS, Watertown, NY.
  
  From Gemini's MASSIVE MealMaster collection at www.synapse.com/~gemini
 
</step></directions></recipe></recipeml>
