<?xml version="1.0" encoding="UTF-8"?>

<recipeml version="0.5">
  <recipe>
    <head>
      <title>Apple-Glazed Baby Carrots</title>
      <categories>
        <cat>Diabetic</cat></categories>
      <yield>6</yield></head>
    <ingredients>
      <ing>
        <amt>
          <qty>3</qty>
          <unit>cups</unit></amt>
        <item>Baby carrots</item></ing>
      <ing>
        <amt>
          <qty>1</qty>
          <unit>tablespoon</unit></amt>
        <item>Lemon juice</item></ing>
      <ing>
        <amt>
          <qty>1</qty>
          <unit>tablespoon</unit></amt>
        <item>Low-calorie margarine</item></ing>
      <ing>
        <amt>
          <qty>3</qty>
          <unit>tablespoons</unit></amt>
        <item>Apple juice concentrate</item></ing>
      <ing>
        <amt>
          <qty>2/3</qty>
          <unit>cups</unit></amt>
        <item>Low-fat low-sodium chicken broth</item></ing>
      <ing>
        <amt>
          <qty>1</qty>
          <unit>teaspoon</unit></amt>
        <item>Cinnamon</item></ing>
      <ing>
        <amt>
          <qty>2</qty>
          <unit>teaspoons</unit></amt>
        <item>Cornstarch; or arrowroot powder</item></ing>
      <ing>
        <amt>
          <qty>1</qty>
          <unit>teaspoon</unit></amt>
        <item>Water</item></ing></ingredients>
    <directions>
      <step>  In a steamer over 2 inches of boiling water, steam the carrots, covered,
  for 3 minutes. Sprinkle with lemon juice. Melt the margarine in a medium
  skillet over medium heat. Add the apple juice concentrate and cook until it
  melts. Add the broth and cinnamon and bring to a boil. Mix together the
  cornstarch or arrowroot powder with the water. Add to the skillet, lower
  the heat, and cook until thickened. Add the carrots and toss well to coat.
  
  Exchanges: Vegetable Exchange -- 2 Calories -- 61 Calories from Fat -- 12
  Total Fat -- 1g Saturated Fat -- 0g Cholesterol -- 0mg Sodium -- 77mg
  Carbohydrate -- 12g Dietary Fiber -- 2g Sugars -- 7g Protein -- 1g
  
  Notes: Recipe for Wednesday, 4/8/98
  
  In preparation for your Easter Sunday celebration this week, we are
  featuring tantalizing and festive recipes from the Flavorful Seasons
  Cookbook, featuring healthy dishes for all those special occasions
  throughout the year.
  
  You can order a copy of this and many other cookbooks from our online
  bookstore or call 1-800-ADA-ORDER (1-800-232-6733).
  
  N: Serving size: 1/2 cup. No need for sticky brown sugar and high-fat
  butter -- let the natural, sweet taste of the carrots shine through.
  
  Copyright © 1998 American Diabetes Association
  
  MC Formatted using MC Buster 2.0d &amp; SNT by Barb at Possum Kingdom on
  4/13/98
  
  Notes: Serving size: 1/2 cup. No need for sticky brown sugar and high-fat
  butter -- let the natural, sweet taste of the carrots shine through.
  
  Recipe by: http://www.diabetes.org/recipes
  
  Posted to MC-Recipe Digest by "abprice@wf.net" &lt;abprice@wf.net&gt; on Apr 13,
  1998
 
</step></directions></recipe></recipeml>
