<?xml version="1.0" encoding="UTF-8"?>

<recipeml version="0.5">
  <recipe>
    <head>
      <title>Apple-Nut Ring</title>
      <categories>
        <cat>Dessert</cat></categories>
      <yield>20</yield></head>
    <ingredients>
      <ing>
        <amt>
          <qty>2</qty>
          <unit/></amt>
        <item>Cans (8-oz) refrigerated buttermilk biscuits</item></ing>
      <ing>
        <amt>
          <qty>3/4</qty>
          <unit>cups</unit></amt>
        <item>Sugar</item></ing>
      <ing>
        <amt>
          <qty>1</qty>
          <unit>tablespoon</unit></amt>
        <item>Cinnamon</item></ing>
      <ing>
        <amt>
          <qty>1/4</qty>
          <unit>cups</unit></amt>
        <item>Butter or margarine; melted</item></ing>
      <ing>
        <amt>
          <qty>2</qty>
          <unit>medium</unit></amt>
        <item>Apples</item></ing>
      <ing>
        <amt>
          <qty>1/3</qty>
          <unit>cups</unit></amt>
        <item>Chopped nuts</item></ing>
      <ing>
        <amt>
          <qty>1/4</qty>
          <unit>cups</unit></amt>
        <item>Raisins (optional)</item></ing></ingredients>
    <directions>
      <step>  Separate the biscuits into 20 pieces. Combine sugar and cinnamon. Dip
  biscuits into melted butter, then roll in sugar mixture. Arrange biscuits
  around outer edge of DEEP DISH BAKER, using a total of 15; overlap
  remaining 5 biscuits in the center. Peel, core, and slice apples into thin
  slices, using the APPLE PEELER/CORER/SLICER. Plae an apple slice between
  each biscuit and place apple slices all around the outer edge of the DEEP
  DISH BAKER. Mix nuts and raisins with remaining sugar mixture and pour over
  all. Bake at 400 degrees for 25-30 minutes. Yields 20 rolls.
  
  THE PAMPERED CHEF
  
  APPLE PEELER/CORER/SLICER RECIPE
  
  BOOKLET
  
  Downloaded from Glen's MM Recipe Archive, http://www.erols.com/hosey.
 
</step></directions></recipe></recipeml>
