<?xml version="1.0" encoding="UTF-8"?>

<recipeml version="0.5">
  <recipe>
    <head>
      <title>Apple-Cornmeal Latkes</title>
      <categories>
        <cat>Desserts</cat>
        <cat>La_times</cat>
        <cat>Fruits</cat>
        <cat>Jewish</cat>
        <cat>Holiday</cat></categories>
      <yield>14</yield></head>
    <ingredients>
      <ing-div>
        <title>LARRY LUTTROPP FVKC70A</title></ing-div>
      <ing-div>
        <title>L.A.TIMES FOOD SECTION 11/94</title>
        <ing>
          <amt>
            <qty>2</qty>
            <unit>large</unit></amt>
          <item>Apples; peeled, cored &amp; grated</item></ing>
        <ing>
          <amt>
            <qty/>
            <unit/></amt>
          <item>Juice 1/2 lemon</item></ing>
        <ing>
          <amt>
            <qty>2</qty>
            <unit/></amt>
          <item>Eggs</item></ing>
        <ing>
          <amt>
            <qty>2</qty>
            <unit>tablespoons</unit></amt>
          <item>Sugar</item></ing>
        <ing>
          <amt>
            <qty/>
            <unit>dashes</unit></amt>
          <item>Salt</item></ing>
        <ing>
          <amt>
            <qty>1/4</qty>
            <unit>cups</unit></amt>
          <item>Matzo meal</item></ing>
        <ing>
          <amt>
            <qty>1/4</qty>
            <unit>cups</unit></amt>
          <item>Ground almonds</item></ing>
        <ing>
          <amt>
            <qty>1/2</qty>
            <unit>cups</unit></amt>
          <item>Yellow cornmeal</item></ing>
        <ing>
          <amt>
            <qty/>
            <unit/></amt>
          <item>Oil for frying</item></ing>
        <ing>
          <amt>
            <qty/>
            <unit/></amt>
          <item>Sour cream</item></ing>
        <ing>
          <amt>
            <qty/>
            <unit/></amt>
          <item>Cranberry sauce</item></ing></ing-div></ingredients>
    <directions>
      <step>     In large bowl combine apples, lemon juice, eggs, sugar, salt, matzo
  meal, almonds and cornmeal. Mix well.
     In large, heavy skillet, heat 1/4 inch oil over medium heat.4 Spoon
  apple-cornmeal mixture by tablespoons into hot oil and fry on both sides
  until golden brown.
     Drain on paper towels. Serve with sour cream and cranberry sauce. Makes
  about 14 latkes.
     Each serving contains about: 80 calories; 26 mg sodium; 30 mg
  cholesterol; 3 grams fat; 13 grams carbohydrates; 2 grams protein; 0.31
  gram fiber.
     Presented by: Judy Zeidler, L.A. Times article, "Eight Days of Latkes",
  11/25/94, page H7.
     "The intensity of flavor of these latkes will vary with the variety of
  apple used - the sweeter, the better. Cornmeal adds a special crunch."
  
  Posted to JEWISH-FOOD digest V97 #321 by ELAINE  RADIS
  (AUNTIE_E@prodigy.net) on Dec 8, 1997
 
</step></directions></recipe></recipeml>
