<?xml version="1.0" encoding="UTF-8"?>

<recipeml version="0.5">
  <recipe>
    <head>
      <title>Apple-Mustard Glazed Ham</title>
      <categories>
        <cat>None</cat></categories>
      <yield>1</yield></head>
    <ingredients>
      <ing>
        <amt>
          <qty>1</qty>
          <unit>cup</unit></amt>
        <item>Apple jelly</item></ing>
      <ing>
        <amt>
          <qty>1</qty>
          <unit>tablespoon</unit></amt>
        <item>Prepared mustard</item></ing>
      <ing>
        <amt>
          <qty>1</qty>
          <unit>tablespoon</unit></amt>
        <item>Lemon juice</item></ing>
      <ing>
        <amt>
          <qty>1/4</qty>
          <unit>teaspoons</unit></amt>
        <item>Ground nutmeg</item></ing>
      <ing>
        <amt>
          <qty>1</qty>
          <unit/></amt>
        <item>Fully cooked ham; bone in or bone out, 4-5 pounds</item></ing>
      <ing>
        <amt>
          <qty/>
          <unit/></amt>
        <item>Whole cloves</item></ing>
      <ing>
        <amt>
          <qty/>
          <unit/></amt>
        <item>Spiced apple rings; optional</item></ing></ingredients>
    <directions>
      <step>  http://www.geocities.com/NapaValley/4908/ham.htm
  
  In small saucepan, combine jelly, mustard, lemon juice and nutmeg. Bring to
  a boil, stirring constantly. Remove from heat and set aside.
  
  Preheat oven to 325 degrees, F.
  
  Score the surface of the ham, making diamond shapes 1/2 inch deep. Insert a
  clove in each diamond.
  
  Place ham on a rack in shallow roasting pan. Bake, uncovered, for 20
  minutes per pound, or until a meat thermometer reads 140 degrees.
  
  During the last 30 minutes of baking, brush with glaze twice. Garnish with
  apple rings if desired.
  
  Makes 6-8 servings.
  
  Posted to recipelu-digest by LSHW &lt;shusky@erols.com&gt; on Mar 24, 1998
 
</step></directions></recipe></recipeml>
