<?xml version="1.0" encoding="UTF-8"?>

<recipeml version="0.5">
  <recipe>
    <head>
      <title>Apple, Raisin, and Walnut Crepes</title>
      <categories>
        <cat>Fruits</cat></categories>
      <yield>8</yield></head>
    <ingredients>
      <ing>
        <amt>
          <qty>1/4</qty>
          <unit>cups</unit></amt>
        <item>Raisins</item></ing>
      <ing>
        <amt>
          <qty>1 1/2</qty>
          <unit>tablespoons</unit></amt>
        <item>Apple brandy</item></ing>
      <ing>
        <amt>
          <qty>1 1/2</qty>
          <unit>cups</unit></amt>
        <item>Coarsely grated green apple</item></ing>
      <ing>
        <amt>
          <qty>1/2</qty>
          <unit>teaspoons</unit></amt>
        <item>Cinnamon</item></ing>
      <ing>
        <amt>
          <qty>1/4</qty>
          <unit>cups</unit></amt>
        <item>Chopped toasted walnuts</item></ing>
      <ing>
        <amt>
          <qty>1</qty>
          <unit>teaspoon</unit></amt>
        <item>Grated lemon peel</item></ing>
      <ing>
        <amt>
          <qty>2</qty>
          <unit>tablespoons</unit></amt>
        <item>Honey</item></ing>
      <ing>
        <amt>
          <qty>1</qty>
          <unit>tablespoon</unit></amt>
        <item>Lemon juice</item></ing>
      <ing>
        <amt>
          <qty/>
          <unit/></amt>
        <item>Buckwheat Crepes -- (see</item></ing>
      <ing>
        <amt>
          <qty/>
          <unit/></amt>
        <item>Recipe)</item></ing>
      <ing>
        <amt>
          <qty/>
          <unit/></amt>
        <item>Melted butter -- for</item></ing>
      <ing>
        <amt>
          <qty/>
          <unit/></amt>
        <item>Garnish</item></ing>
      <ing>
        <amt>
          <qty/>
          <unit/></amt>
        <item>Cinnamon sugar (see Note) --</item></ing>
      <ing>
        <amt>
          <qty/>
          <unit/></amt>
        <item>For garnish</item></ing></ingredients>
    <directions>
      <step>  1. In a small bowl combine raisins and brandy and let stand 30 minutes. In
  a medium bowl combine raisin mixture, apple, cinnamon, and walnuts and stir
  to blend. Stir in lemon peel, honey, and lemon juice.
  
  2. To serve, spoon about 1/4 cup filling down the center of each hot crepe
  and roll into a cylinder. Brush with melted butter and sprinkle with
  Cinnamon Sugar.
  
  Makes 8 filled crepes.
  
  Note: To make Cinnamon Sugar, in a small bowl stir together 1/4 teaspoon
  cinnamon and 2 tablespoons sugar.
  
  Recipe By     : the California Culinary Academy
  
  From: Ladies Home Journal- August 1991
  
  File ftp://ftp.idiscover.co.uk/pub/food/mealmaster/recipes/mmdja006.zip
 
</step></directions></recipe></recipeml>
