<?xml version="1.0" encoding="UTF-8"?>

<recipeml version="0.5">
  <recipe>
    <head>
      <title>Apple-Cinnamon Waffles with Cider Syrup</title>
      <categories>
        <cat>Bread</cat></categories>
      <yield>6</yield></head>
    <ingredients>
      <ing-div>
        <title/>
        <ing>
          <amt>
            <qty>2 1/4</qty>
            <unit>cups</unit></amt>
          <item>Bisquick original baking mix</item></ing>
        <ing>
          <amt>
            <qty>1 1/4</qty>
            <unit>cups</unit></amt>
          <item>Milk</item></ing>
        <ing>
          <amt>
            <qty>2</qty>
            <unit>tablespoons</unit></amt>
          <item>Sugar</item></ing>
        <ing>
          <amt>
            <qty>2</qty>
            <unit>tablespoons</unit></amt>
          <item>Vegetable oil</item></ing>
        <ing>
          <amt>
            <qty>1</qty>
            <unit>teaspoon</unit></amt>
          <item>Ground cinnamon</item></ing>
        <ing>
          <amt>
            <qty>1</qty>
            <unit/></amt>
          <item>Egg</item></ing>
        <ing>
          <amt>
            <qty>1/2</qty>
            <unit>cups</unit></amt>
          <item>Finely chopped peeled all-purpose apple</item></ing></ing-div>
      <ing-div>
        <title>CIDER SYRUP</title>
        <ing>
          <amt>
            <qty>1</qty>
            <unit>cup</unit></amt>
          <item>Sugar</item></ing>
        <ing>
          <amt>
            <qty>3</qty>
            <unit>tablespoons</unit></amt>
          <item>Bisquick original baking mix</item></ing>
        <ing>
          <amt>
            <qty>1</qty>
            <unit>teaspoon</unit></amt>
          <item>Ground cinnamon</item></ing>
        <ing>
          <amt>
            <qty>2</qty>
            <unit>cups</unit></amt>
          <item>Apple cider</item></ing>
        <ing>
          <amt>
            <qty>2</qty>
            <unit>tablespoons</unit></amt>
          <item>Lemon juice</item></ing>
        <ing>
          <amt>
            <qty>1/2</qty>
            <unit/></amt>
          <item>Stick margarine or butter</item></ing></ing-div></ingredients>
    <directions>
      <step>   PREPARE Cider Syrup; keep warm.  Heat waffle iron; grease if necessary.
  Beat remaining ingredients except apple with wire whisk or hand beater
  until smooth. Stir in apple.
  
   POUR batter by scant 1 cupfuls onto center of hot waffle iron.
  
   BAKE until steaming stops and waffle is golden brown. Carefully remove
  waffle. Serve with syrup.  Twelve 4-inch squares.
  
   Cider Syrup: Mix sugar, baking mix and cinnamon in 2-quart saucepan. Stir
  in apple cider and lemon juice. Cook, stirring constantly, until mixture
  thickens and boils. Boil and stir 1 minute; remove from heat. Stir in
  margarine.
  
  From &lt;Betty Crocker: Bisquick Classics and New Favorites&gt;.  Downloaded from
  Glen's MM Recipe Archive, http://www.erols.com/hosey.
 
</step></directions></recipe></recipeml>
