<?xml version="1.0" encoding="UTF-8"?>

<recipeml version="0.5">
  <recipe>
    <head>
      <title>Apple-Glazed Cornish Hens</title>
      <categories>
        <cat>Diabetic</cat></categories>
      <yield>4</yield></head>
    <ingredients>
      <ing>
        <amt>
          <qty>2</qty>
          <unit/></amt>
        <item>Cornish hens</item></ing>
      <ing>
        <amt>
          <qty>6</qty>
          <unit>ounces</unit></amt>
        <item>Unsweetened apple juice concentrate; undiluted</item></ing>
      <ing>
        <amt>
          <qty>1 1/2</qty>
          <unit>tablespoons</unit></amt>
        <item>Water</item></ing>
      <ing>
        <amt>
          <qty>1 1/2</qty>
          <unit>teaspoons</unit></amt>
        <item>Cornstarch</item></ing>
      <ing>
        <amt>
          <qty>1/2</qty>
          <unit>teaspoons</unit></amt>
        <item>Cinnamon</item></ing>
      <ing>
        <amt>
          <qty>1/2</qty>
          <unit>medium</unit></amt>
        <item>Lemon; sliced</item></ing></ingredients>
    <directions>
      <step>  Remove giblets from hens and discard. Rinse hens under cold water and pat
  dry. Using a long, sharp knife, split the hens lengthwise. You may also buy
  precut hens. Place the hens, cavity side up, in a roasting pan. Dilute 1/4
  cup of the apple juice concentrate with the water. Pour juice over the
  hens. Bake uncovered at 350øF for 45 minutes. Turn breast side up. In a
  small pan over medium heat, combine the remaining apple juice concentrate,
  cornstarch and cinnamon; mix well. Add 2 lemon slices and continue cooking
  until thickened. Remove from heat and brush hens with the sauce. Return the
  hens to the oven and continue to bake for an additional 15 minutes.
  Transfer the hens to a serving platter and garnish with remaining lemon
  slices.
  
  Per serving: calories 447, fat 20.2g, 48% calories from fat, cholesterol
  210mg, protein 30.3g, carbohydrates 19.2g, fiber 0.4g, sodium 111mg.
  
  Exchanges: Lean Meat 4, Fruit 1/2.
  
  Source: webmaster@MealsForYou.com Copyright © 1996-1998 Meals For You.
  
  MC Formatted &amp; MC Busted by Barb at Possum Kingdom
  
  NOTES : Prep: 10 min, Cook: 1:00.
  
  Recipe by: The American Diabetes Association's Easy &amp; Elegant Entrees
  
  Posted to MC-Recipe Digest by "abprice@wf.net" &lt;abprice@wf.net&gt; on Mar 16,
  1998
 
</step></directions></recipe></recipeml>
