<?xml version="1.0" encoding="UTF-8"?>

<recipeml version="0.5">
  <recipe>
    <head>
      <title>Apple-Cranberry Cobblecake</title>
      <categories>
        <cat>Desserts</cat>
        <cat>Holiday</cat></categories>
      <yield>1</yield></head>
    <ingredients>
      <ing-div>
        <title>FRUIT FILLING</title>
        <ing>
          <amt>
            <qty>7</qty>
            <unit/></amt>
          <item>Granny (3 lbs) Smith or Golden Delicious apples</item></ing>
        <ing>
          <amt>
            <qty>1</qty>
            <unit>cup</unit></amt>
          <item>Cranberries</item></ing>
        <ing>
          <amt>
            <qty>1</qty>
            <unit>cup</unit></amt>
          <item>Granulated sugar</item></ing>
        <ing>
          <amt>
            <qty>3/4</qty>
            <unit>cups</unit></amt>
          <item>Orange juice</item></ing>
        <ing>
          <amt>
            <qty>1/4</qty>
            <unit>teaspoons</unit></amt>
          <item>Ground cinnamon</item></ing></ing-div>
      <ing-div>
        <title>CAKE TOPPING</title>
        <ing>
          <amt>
            <qty>1 1/4</qty>
            <unit>cups</unit></amt>
          <item>All-purpose flour</item></ing>
        <ing>
          <amt>
            <qty>1</qty>
            <unit>teaspoon</unit></amt>
          <item>Baking powder</item></ing>
        <ing>
          <amt>
            <qty>1/4</qty>
            <unit>teaspoons</unit></amt>
          <item>Salt</item></ing>
        <ing>
          <amt>
            <qty>1/2</qty>
            <unit>cups</unit></amt>
          <item>Butter or margarine; softened</item></ing>
        <ing>
          <amt>
            <qty>1/3</qty>
            <unit>cups</unit></amt>
          <item>Granulated sugar</item></ing>
        <ing>
          <amt>
            <qty>1</qty>
            <unit/></amt>
          <item>Egg</item></ing>
        <ing>
          <amt>
            <qty>1</qty>
            <unit>teaspoon</unit></amt>
          <item>Vanilla extract</item></ing>
        <ing>
          <amt>
            <qty>1/4</qty>
            <unit>cups</unit></amt>
          <item>Milk</item></ing>
        <ing>
          <amt>
            <qty/>
            <unit/></amt>
          <item>Confectioner's sugar</item></ing></ing-div></ingredients>
    <directions>
      <step>  1. Preheat oven to 375 degrees. Peel and slice apples, set aside.
  
  2. In large pot or Dutch oven over medium-high heat, combine remaining
  fruit-filling ingredients. Bring to a boil; reduce heat and simmer for 3
  minutes, or until cranberries pop. Stir in apples. Return to a boil,
  stirring occasionally; cook for 1 minute. Pour into shallow 2 1/2-quart
  baking dish.
  
  3. For cake topping: In small bowl, mix flour, baking powder and salt until
  combined; set aside. In large bowl with electric mixer on medium speed,
  cream butter and granulated sugar. Beat in egg and vanilla until combined.
  On low speed, beat flour mixture into butter mixture in thirds, alternating
  with milk and beginning and ending with flour mixture. Drop batter by 10
  heaping tablespoons around edge of dish, leaving fruit filling in center
  exposed.
  
  4. Bake for 40 minutes, or until fruit is tender and cake is browned and
  toothpick inserted comes out clean. Dust top lightly with confectioner's
  sugar.
  
  Serve with ice cream, if desired.
  
  NOTES : Cobblecake can be made 1 day ahead.  Cool completely, then cover
  and store at room temperature.  Reheat, uncovered, in 325F degree oven for
  about 20 minutes.
  Posted to EAT-L Digest  by LDGOSS &lt;LDGOSS@PRODIGY.NET&gt; on Nov 20, 1997
 
</step></directions></recipe></recipeml>
