<?xml version="1.0" encoding="UTF-8"?>

<recipeml version="0.5">
  <recipe>
    <head>
      <title>Apple-Cranberry Crisp Amandine</title>
      <categories>
        <cat>Desserts</cat>
        <cat>Low-fat/low</cat>
        <cat>Fruits</cat></categories>
      <yield>8</yield></head>
    <ingredients>
      <ing>
        <amt>
          <qty>8</qty>
          <unit/></amt>
        <item>Apples, peeled -- cored and</item></ing>
      <ing>
        <amt>
          <qty/>
          <unit/></amt>
        <item>Sliced</item></ing>
      <ing>
        <amt>
          <qty>1/4</qty>
          <unit>cups</unit></amt>
        <item>Cranberries</item></ing>
      <ing>
        <amt>
          <qty>1/2</qty>
          <unit>cups</unit></amt>
        <item>Honey</item></ing>
      <ing>
        <amt>
          <qty>1</qty>
          <unit>teaspoon</unit></amt>
        <item>Cinnamon</item></ing>
      <ing>
        <amt>
          <qty>1/8</qty>
          <unit>teaspoons</unit></amt>
        <item>Allspice</item></ing>
      <ing>
        <amt>
          <qty>1</qty>
          <unit>tablespoon</unit></amt>
        <item>Fresh lemon juice</item></ing>
      <ing>
        <amt>
          <qty>3</qty>
          <unit>tablespoons</unit></amt>
        <item>Water</item></ing>
      <ing>
        <amt>
          <qty/>
          <unit/></amt>
        <item>TOPPING-----</item></ing>
      <ing>
        <amt>
          <qty>1 1/2</qty>
          <unit>cups</unit></amt>
        <item>Oats</item></ing>
      <ing>
        <amt>
          <qty>1/2</qty>
          <unit>cups</unit></amt>
        <item>All-purpose flour</item></ing>
      <ing>
        <amt>
          <qty>1/4</qty>
          <unit>cups</unit></amt>
        <item>Almonds -- sliced</item></ing>
      <ing>
        <amt>
          <qty>1/4</qty>
          <unit>cups</unit></amt>
        <item>Barley malt</item></ing>
      <ing>
        <amt>
          <qty>2</qty>
          <unit>tablespoons</unit></amt>
        <item>Honey</item></ing></ingredients>
    <directions>
      <step>  1. Heat oven to 350F.  Lightly coat 13x9-inch baking dish with vegetable
  cooking spray.
  
  2. Combine apple slices, cranberries, honey, cinnamon, allspice and lemon
  juice in large bowl.  Transfer to prepare baking dish and sprinkle with
  water.
  
  3. Make topping: Combine oats, flour, and almonds in medium bowl. Stir in
  barley malt and honey until completely moistened.
  
  4. With fingertips, spread topping over apples as thin as possible. Spray a
  piece of foil with cooking spray; cover baking dish and bake 45 minutes,
  then bake uncovered 15 minutes more. Serve warm or at room temp.
  
  Recipe By     : Rosie Daley
  
  From Gemini's MASSIVE MealMaster collection at www.synapse.com/~gemini
 
</step></directions></recipe></recipeml>
