<?xml version="1.0" encoding="UTF-8"?>

<recipeml version="0.5">
  <recipe>
    <head>
      <title>Apple-Cider "Doughnuts" with Maple Glaze</title>
      <categories>
        <cat>None</cat></categories>
      <yield>1</yield></head>
    <ingredients>
      <ing-div>
        <title/>
        <ing>
          <amt>
            <qty>3</qty>
            <unit>tablespoons</unit></amt>
          <item>White sugar for preparing pans</item></ing>
        <ing>
          <amt>
            <qty>2</qty>
            <unit>cups</unit></amt>
          <item>All-purpose white flour</item></ing>
        <ing>
          <amt>
            <qty>1 1/2</qty>
            <unit>teaspoons</unit></amt>
          <item>Baking powder</item></ing>
        <ing>
          <amt>
            <qty>1 1/2</qty>
            <unit>teaspoons</unit></amt>
          <item>Baking soda</item></ing>
        <ing>
          <amt>
            <qty>1/2</qty>
            <unit>teaspoons</unit></amt>
          <item>Salt</item></ing>
        <ing>
          <amt>
            <qty>2</qty>
            <unit>teaspoons</unit></amt>
          <item>Ground cinnamon</item></ing>
        <ing>
          <amt>
            <qty>1</qty>
            <unit>large</unit></amt>
          <item>Egg; lightly beaten</item></ing>
        <ing>
          <amt>
            <qty>2/3</qty>
            <unit>cups</unit></amt>
          <item>Packed brown sugar</item></ing>
        <ing>
          <amt>
            <qty>1/2</qty>
            <unit>cups</unit></amt>
          <item>Apple butter</item></ing>
        <ing>
          <amt>
            <qty>1/3</qty>
            <unit>cups</unit></amt>
          <item>Pure maple syrup</item></ing>
        <ing>
          <amt>
            <qty>1/3</qty>
            <unit>cups</unit></amt>
          <item>Apple cider</item></ing>
        <ing>
          <amt>
            <qty>1/3</qty>
            <unit>cups</unit></amt>
          <item>Nonfat plain yogurt</item></ing>
        <ing>
          <amt>
            <qty>3</qty>
            <unit>tablespoons</unit></amt>
          <item>Canola oil</item></ing></ing-div>
      <ing-div>
        <title>MAPLE GLAZE</title>
        <ing>
          <amt>
            <qty>1 1/4</qty>
            <unit>cups</unit></amt>
          <item>Confectioners' sugar</item></ing>
        <ing>
          <amt>
            <qty>1</qty>
            <unit>teaspoon</unit></amt>
          <item>Pure vanilla extract</item></ing>
        <ing>
          <amt>
            <qty>1/4</qty>
            <unit>cups</unit></amt>
          <item>Pure maple syrup (up to 1/3)</item></ing></ing-div></ingredients>
    <directions>
      <step>  Preheat oven to 400 degrees. Coat the molds of a mini-Bundt pan with
  nonstick cooking spray or oil. Sprinkle with white sugar, shaking out the
  excess.
  
  In a mixing bowl, whisk together flour, baking powder, baking soda, salt,
  and cinnamon; set aside. In another bowl, whisk together egg, brown sugar,
  apple butter, maple syrup, cider, yogurt and oil. Add the dry ingredients
  and stir just until moistened. Divide half the batter among the prepared
  molds, spooning about 2 generous tablespoonfuls of batter into each mold.
  
  Bake for 10 to 12 minutes, or until the tops spring back when touched
  lightly. Loosen the edges and turn the cakes out onto a wire rack to cool.
  Clean the mini-Bundt pan, then recoat it with cooking spray or oil and
  sugar. Repeat with the remaining batter. To make maple glaze:
  
  In a bowl, combine confectioners' sugar and vanilla. Gradually whisk in
  enough maple syrup to make a coating consistency. Dip the fluted side of
  the "doughnuts" in the glaze to coat. Then set them glazed side up on a
  wire rack over waxed paper for a few minutes until the glaze has set.
  
  Yield: 1 dozen doughnuts
  
  Per Serving: 285 calories, 3g protein, 4g fat, 263mg sodium, 18mg
  cholesterol
  
  Posted to Digest eat-lf.v097.n238 by "Tina D. Bell"
  &lt;tdbell@altair.csustan.edu&gt; on Sep 19, 1997
 
</step></directions></recipe></recipeml>
