<?xml version="1.0" encoding="UTF-8"?>

<recipeml version="0.5">
  <recipe>
    <head>
      <title>Apple-Oat Muffins</title>
      <categories>
        <cat>None</cat></categories>
      <yield>12</yield></head>
    <ingredients>
      <ing>
        <amt>
          <qty>1/2</qty>
          <unit>cups</unit></amt>
        <item>Pitted prunes</item></ing>
      <ing>
        <amt>
          <qty>2</qty>
          <unit>tablespoons</unit></amt>
        <item>Water</item></ing>
      <ing>
        <amt>
          <qty>1 2/3</qty>
          <unit>cups</unit></amt>
        <item>Unbleached all purpose flour</item></ing>
      <ing>
        <amt>
          <qty>1/2</qty>
          <unit>cups</unit></amt>
        <item>Old fashioned rolled oats</item></ing>
      <ing>
        <amt>
          <qty>1/2</qty>
          <unit>cups</unit></amt>
        <item>Brown sugar; firmly packed</item></ing>
      <ing>
        <amt>
          <qty>1</qty>
          <unit>tablespoon</unit></amt>
        <item>Baking powder</item></ing>
      <ing>
        <amt>
          <qty>1/4</qty>
          <unit>teaspoons</unit></amt>
        <item>Salt; (optional)</item></ing>
      <ing>
        <amt>
          <qty>1 1/2</qty>
          <unit>teaspoons</unit></amt>
        <item>Ground cinnamon</item></ing>
      <ing>
        <amt>
          <qty>1/2</qty>
          <unit>cups</unit></amt>
        <item>Milk</item></ing>
      <ing>
        <amt>
          <qty>1/4</qty>
          <unit>cups</unit></amt>
        <item>Maple syrup</item></ing>
      <ing>
        <amt>
          <qty>2</qty>
          <unit/></amt>
        <item>Egg whites; lightly beaten</item></ing>
      <ing>
        <amt>
          <qty>1</qty>
          <unit>cup</unit></amt>
        <item>Chopped apple</item></ing></ingredients>
    <directions>
      <step>  From: Midian125 &lt;Midian125@aol.com&gt; These muffins have only 0.4g fat per
  serving of one muffin...
  
  Preheat oven to 375 degrees. Place prunes and water in a food processor or
  blender and puree. Combine flour, oats, brown sugar, baking powder, salt,
  if using, and cinnamon in a bowl. In a separate bowl, beat together the
  prune puree, milk, maple syrup, egg whties and apples. Stir the wet
  ingredients into the dry ingredients until the dry ingredients are just
  moistenned. Transfer batter to nonstick or paper lined muffin cups, or to
  muffin cups lightly prayed with vegetable cooking spray. Bake for 30
  minutes or until muffin tops are lightlyy browned and a wooden toothpick
  inserted into the middle of a muffin comes out clean.
  
  Note: you can substitute 1/3 cup commercially prepared pureed prune baby
  food or prun butter for the prune puree.
  
  Each serving has 154 calories, 0.4g fat, 0.2 mg cholesterol, 3g protein,
  34g carbohydrates and 57 mg sodium.
  
  Posted to recipelu-digest by jeryder@juno.com on Mar 17, 1998
 
</step></directions></recipe></recipeml>
