<?xml version="1.0" encoding="UTF-8"?>

<recipeml version="0.5">
  <recipe>
    <head>
      <title>Apple-Motza Kugel</title>
      <categories>
        <cat>None</cat></categories>
      <yield>12</yield></head>
    <ingredients>
      <ing>
        <amt>
          <qty>4</qty>
          <unit/></amt>
        <item>Squares motza</item></ing>
      <ing>
        <amt>
          <qty>7</qty>
          <unit>large</unit></amt>
        <item>Eggs separated</item></ing>
      <ing>
        <amt>
          <qty>1 1/2</qty>
          <unit>cups</unit></amt>
        <item>Sugar</item></ing>
      <ing>
        <amt>
          <qty>1/2</qty>
          <unit/></amt>
        <item>Lemon; juiced</item></ing>
      <ing>
        <amt>
          <qty>1/2</qty>
          <unit>teaspoons</unit></amt>
        <item>Grated lemon zest</item></ing>
      <ing>
        <amt>
          <qty>1/3</qty>
          <unit>cups</unit></amt>
        <item>Margarine</item></ing>
      <ing>
        <amt>
          <qty>1 1/2</qty>
          <unit>teaspoons</unit></amt>
        <item>Cinnamon</item></ing>
      <ing>
        <amt>
          <qty/>
          <unit/></amt>
        <item>Salt and pepper to taste</item></ing>
      <ing>
        <amt>
          <qty>4</qty>
          <unit>large</unit></amt>
        <item>Granny Smith apples; peeled and grated</item></ing>
      <ing>
        <amt>
          <qty>1/2</qty>
          <unit>cups</unit></amt>
        <item>Seedless raisins</item></ing>
      <ing>
        <amt>
          <qty>1/4</qty>
          <unit>teaspoons</unit></amt>
        <item>Salt</item></ing></ingredients>
    <directions>
      <step>  &gt;From Sherry Greenberg (BUBBEG@AOL.com)
  
  Soak motza in water to cover. Drain and press out excess water. Beat egg
  yolks with sugar until light and fluffy. Add drained motza, lemon juice,
  margarine, cinnamon and salt. Beat until combined.
  
  Add grated apples and rasins to yolk mixture. Beat egg whites and 1/4 tsp.
  Salt until frothy at low speed. Increase speed to high. Beat until soft
  peaks appear. Fold egg whites into the yolk mixture. Pour mixture into a 9
  x 13 inch greased baking dish. Bake at 375 degrees or until lightly
  browned.
  
  Posted to JEWISH-FOOD digest by BUBBEG@aol.com on Feb 19, 1998
 
</step></directions></recipe></recipeml>
