<?xml version="1.0" encoding="UTF-8"?>

<recipeml version="0.5">
  <recipe>
    <head>
      <title>Apple-&amp;-Mango Salad with Grilled Chicken</title>
      <categories>
        <cat>Chicken</cat>
        <cat>Salads</cat>
        <cat>Lhj</cat>
        <cat>Luncheon</cat>
        <cat>Fruits</cat></categories>
      <yield>4</yield></head>
    <ingredients>
      <ing-div>
        <title>GINGER VINAIGRETTE</title>
        <ing>
          <amt>
            <qty>2</qty>
            <unit>tablespoons</unit></amt>
          <item>Rice wine vinegar</item></ing>
        <ing>
          <amt>
            <qty>1</qty>
            <unit>tablespoon</unit></amt>
          <item>Fresh chives; chopped</item></ing>
        <ing>
          <amt>
            <qty>1</qty>
            <unit>teaspoon</unit></amt>
          <item>Fresh ginger; grated</item></ing>
        <ing>
          <amt>
            <qty>1/2</qty>
            <unit>teaspoons</unit></amt>
          <item>Salt</item></ing>
        <ing>
          <amt>
            <qty>1/4</qty>
            <unit>teaspoons</unit></amt>
          <item>Freshly ground pepper</item></ing>
        <ing>
          <amt>
            <qty>1</qty>
            <unit>tablespoon</unit></amt>
          <item>Sunflower oil</item></ing>
        <ing>
          <amt>
            <qty/>
            <unit/></amt>
          <item>REST:   :</item></ing>
        <ing>
          <amt>
            <qty>1/2</qty>
            <unit>teaspoons</unit></amt>
          <item>Salt</item></ing>
        <ing>
          <amt>
            <qty>1/4</qty>
            <unit>teaspoons</unit></amt>
          <item>Freshly ground pepper</item></ing>
        <ing>
          <amt>
            <qty>1/4</qty>
            <unit>teaspoons</unit></amt>
          <item>Cumin</item></ing>
        <ing>
          <amt>
            <qty>1</qty>
            <unit>pinch</unit></amt>
          <item>Ground red pepper</item></ing>
        <ing>
          <amt>
            <qty>4</qty>
            <unit/></amt>
          <item>Boneless; skinless chicken breast halves</item></ing>
        <ing>
          <amt>
            <qty/>
            <unit/></amt>
          <item>Vegetable cooking spray</item></ing>
        <ing>
          <amt>
            <qty>8</qty>
            <unit>cups</unit></amt>
          <item>Mixed salad greens</item></ing>
        <ing>
          <amt>
            <qty>1</qty>
            <unit>large</unit></amt>
          <item>Mango; peeled and sliced</item></ing>
        <ing>
          <amt>
            <qty>2</qty>
            <unit/></amt>
          <item>Golden Delicious apples; peeled, cored, thinly sliced</item></ing>
        <ing>
          <amt>
            <qty>1/4</qty>
            <unit>cups</unit></amt>
          <item>Sunflower seeds</item></ing>
        <ing>
          <amt>
            <qty/>
            <unit/></amt>
          <item>Sesame flatbread; (optional)</item></ing></ing-div></ingredients>
    <directions>
      <step>  1. Make Ginger-Vinaigrette: Combine vinegar, chives, ginger, salt and
  pepper in small bowl; gradually whisk in oil. Makes 1/4 cup.
  
  2. Combine salt, pepper, cumin and red pepper in cup. Sprinkle over both
  sides of chicken. Lightly coat heavy grill pan or cast iron skillet with
  vegetable cooking spray. Heat 1 to 2 minutes over medium-high heat. Cook
  chicken 5 to 6 minutes per side, until cooked through. Transfer to cutting
  board.
  
  3. Toss greens, mango and apple slices with 3 tablespoons dressing. Arrange
  salad on 4 individual dinner plates. Slice chicken and divide evenly over
  greens; Dizzle remaining 1 tablespoon dressing over chicken. Sprinkle 1
  tablespoon sunflower seeds over each salad. Serve with sesame flatbread, if
  desired.
  
  Per serving: 103 Calories; 6g Fat (50% calories from fat); 3g Protein; 11g
  Carbohydrate; 0mg Cholesterol; 562mg Sodium
  
  NOTES : It's a salad with a twist: a parade of trendy flavors including
  mango cumin and peppers. Just one serving provides all the vitamin E you'll
  need for the day, thanks to the sunflower seeds and oil.
  
  Recipe by: LHJ
  
  Posted to MC-Recipe Digest by Lisa Minor &lt;lisa@cybermill.com&gt; on Feb 4,
  1998
 
</step></directions></recipe></recipeml>
