<?xml version="1.0" encoding="UTF-8"?>

<recipeml version="0.5">
  <recipe>
    <head>
      <title>Apple-Cheese Crumble Pie</title>
      <categories>
        <cat>Apples</cat>
        <cat>Bobbie - no</cat>
        <cat>Cheese</cat>
        <cat>Desserts</cat>
        <cat>Nuts</cat></categories>
      <yield>8</yield></head>
    <ingredients>
      <ing>
        <amt>
          <qty>1/2</qty>
          <unit>cups</unit></amt>
        <item>Sugar; (up to 3/4)</item></ing>
      <ing>
        <amt>
          <qty>1/2</qty>
          <unit>cups</unit></amt>
        <item>Firmly packed brown sugar</item></ing>
      <ing>
        <amt>
          <qty>1</qty>
          <unit>teaspoon</unit></amt>
        <item>Ground cinnamon</item></ing>
      <ing>
        <amt>
          <qty/>
          <unit/></amt>
        <item>Pie crust mix for a 2-crust pie</item></ing>
      <ing>
        <amt>
          <qty>3</qty>
          <unit>tablespoons</unit></amt>
        <item>Butter or margarine</item></ing>
      <ing>
        <amt>
          <qty>8</qty>
          <unit>ounces</unit></amt>
        <item>Sharp Cheddar cheese; shredded</item></ing>
      <ing>
        <amt>
          <qty>3</qty>
          <unit>tablespoons</unit></amt>
        <item>Cold water</item></ing>
      <ing>
        <amt>
          <qty>6</qty>
          <unit>cups</unit></amt>
        <item>Tart apples; pared/sliced</item></ing>
      <ing>
        <amt>
          <qty>1</qty>
          <unit>tablespoon</unit></amt>
        <item>Flour</item></ing>
      <ing>
        <amt>
          <qty>1/2</qty>
          <unit>teaspoons</unit></amt>
        <item>Ground nutmeg</item></ing>
      <ing>
        <amt>
          <qty>1/4</qty>
          <unit>teaspoons</unit></amt>
        <item>Ground mace</item></ing>
      <ing>
        <amt>
          <qty>1/2</qty>
          <unit>cups</unit></amt>
        <item>Coarsely chopped pecans</item></ing></ingredients>
    <directions>
      <step>  Blend the sugars and cinnamon in abowl with 1 cup of the pie crust mix. Cut
  in the butter or margarine with a pastry blender and set aside for topping
  the pie. Mix one half of the shredded cheese into remaining pie crust mix.
  Add water gradually and mix lightly wit ha fork. On a lightly floured
  pastry canvas, roll out dough about 1 inch larger than over-all size of a 9
  inch pie plate. Fit pastry loosely into the pie plate. Turn under the
  pastry overhang; flute. Spoon the apples into pastry shell, sprinkle with a
  blend of flour, nutmeg and mace; then the nuts. Cover with one-half the
  topping mixture that was set aside (above). and the remaining cheese.
  Complete with remaining topping mixture. Bake at 375 F. about 40 minutes.
  Remove to a wire rack to cool. Makes one 9 inch pie. MC formatting by
  bobbi744@sojourn.com
  
  Recipe by: Family Weekly, January 3, '71
  
  Posted to MC-Recipe Digest by Roberta Banghart &lt;bobbi744@sojourn.com&gt; on
  Mar 25, 1998
 
</step></directions></recipe></recipeml>
