<?xml version="1.0" encoding="UTF-8"?>

<recipeml version="0.5">
  <recipe>
    <head>
      <title>Apple-Glazed Beef Brisket</title>
      <categories>
        <cat>Pot roasts</cat></categories>
      <yield>8</yield></head>
    <ingredients>
      <ing>
        <amt>
          <qty>4</qty>
          <unit>pounds</unit></amt>
        <item>Boneless beef brisket</item></ing>
      <ing>
        <amt>
          <qty>1</qty>
          <unit/></amt>
        <item>Onion; quartered</item></ing>
      <ing>
        <amt>
          <qty>2</qty>
          <unit/></amt>
        <item>Cloves garlic; halved</item></ing>
      <ing>
        <amt>
          <qty>10</qty>
          <unit/></amt>
        <item>Whole cloves</item></ing>
      <ing>
        <amt>
          <qty/>
          <unit/></amt>
        <item>Water to cover</item></ing>
      <ing>
        <amt>
          <qty>10</qty>
          <unit>ounces</unit></amt>
        <item>Jar apple jelly</item></ing>
      <ing>
        <amt>
          <qty>1/2</qty>
          <unit>cups</unit></amt>
        <item>Dry white wine</item></ing>
      <ing>
        <amt>
          <qty>3</qty>
          <unit>tablespoons</unit></amt>
        <item>Dijon mustard; or spicy brown</item></ing>
      <ing>
        <amt>
          <qty>3</qty>
          <unit>tablespoons</unit></amt>
        <item>Minced green onions</item></ing>
      <ing>
        <amt>
          <qty>1 1/2</qty>
          <unit>teaspoons</unit></amt>
        <item>Salt</item></ing>
      <ing>
        <amt>
          <qty>3/4</qty>
          <unit>teaspoons</unit></amt>
        <item>Cracked black pepper</item></ing>
      <ing>
        <amt>
          <qty>3/4</qty>
          <unit>teaspoons</unit></amt>
        <item>Curry powder</item></ing></ingredients>
    <directions>
      <step>  Place brisket, onion, garlic and cloves in a large Dutch oven. Add water to
  cover. Bring to a boil, reduce heat, cover and simmer for 2 1/2 to 3 hours,
  or until tender. Drain brisket (you may do this part a day in advance).
  Combine apple jelly, wine, mustard, green onions, salt, pepper and curry
  powder in a small saucepan and heat until the jelly melts, stirring
  occasionally. Place brisket in a shallow roasting pan and brush with the
  apple glaze. Place in a 325 degree oven and roast for 45 minutes, basting
  frequently with the glaze.
  
  Recipe by: National Beef Cook-Off Winner
  
  Posted to TNT Recipes Digest by "Susan Mori" &lt;bonaparte@email.msn.com&gt; on
  Mar 17, 1998
 
</step></directions></recipe></recipeml>
