<?xml version="1.0" encoding="UTF-8"?>

<recipeml version="0.5">
  <recipe>
    <head>
      <title>Apple-Oat Muffins</title>
      <categories>
        <cat>Dessert</cat></categories>
      <yield>12</yield></head>
    <ingredients>
      <ing>
        <amt>
          <qty>1</qty>
          <unit>cup</unit></amt>
        <item>Oats; quick-cooking or old-fashioned; uncooked</item></ing>
      <ing>
        <amt>
          <qty>1</qty>
          <unit>cup</unit></amt>
        <item>Flour; all-purpose</item></ing>
      <ing>
        <amt>
          <qty>1</qty>
          <unit>teaspoon</unit></amt>
        <item>Baking soda</item></ing>
      <ing>
        <amt>
          <qty>1</qty>
          <unit>teaspoon</unit></amt>
        <item>Ground cinnamon</item></ing>
      <ing>
        <amt>
          <qty>1/2</qty>
          <unit>teaspoons</unit></amt>
        <item>Ground allspice</item></ing>
      <ing>
        <amt>
          <qty>1/3</qty>
          <unit>cups</unit></amt>
        <item>Honey</item></ing>
      <ing>
        <amt>
          <qty>1/4</qty>
          <unit>cups</unit></amt>
        <item>Skim milk</item></ing>
      <ing>
        <amt>
          <qty>1/4</qty>
          <unit>cups</unit></amt>
        <item>Salad oil</item></ing>
      <ing>
        <amt>
          <qty>1</qty>
          <unit/></amt>
        <item>Egg</item></ing>
      <ing>
        <amt>
          <qty>2</qty>
          <unit/></amt>
        <item>Diced medium-sized red cooking apples</item></ing></ingredients>
    <directions>
      <step>  1.  Preheat oven to 400 degrees.  Prepare muffin pan.
  
  2.  In large bowl, mix first 5 ingredients.  In small bowl, beat honey,
  milk, oil and egg until blended; stir into flour mixture just until flour
  is moistened (batter will be lumpy). Fold in apples.
  
  3.  Spoon batter into cups to come almost to the top of each cup.  Bake 25
  minutes or until toothpick inserted in center of muffin comes out clean.
  Immediately remove muffins from pan; serve warm or cool on wire rack. Makes
  12 muffins.  About 155 calories each. NOTES
  : I always leave the apples unpeeled but peel if you wish.  You may also
  bake this as a quickbread in which case, use a standard loaf pan and bake
  for 50-60 minutes at 350-375 degrees. Pans made from ceramic, glass, black,
  dark or polished metals exhibit different baking characteristics. Baking
  times and temperatures should be adjusted accordingly.
  
  BORENSTEIN@ALBANY.NET
  
  REC.FOOD.RECIPES
  
  From rec.food.cooking archives.  Downloaded from Glen's MM Recipe Archive,
  http://www.erols.com/hosey.
 
</step></directions></recipe></recipeml>
