<?xml version="1.0" encoding="UTF-8"?>

<recipeml version="0.5">
  <recipe>
    <head>
      <title>Apple-Apricot Bars</title>
      <categories>
        <cat>None</cat></categories>
      <yield>1</yield></head>
    <ingredients>
      <ing>
        <amt>
          <qty>3/4</qty>
          <unit>cups</unit></amt>
        <item>Chopped dried apples</item></ing>
      <ing>
        <amt>
          <qty>3/4</qty>
          <unit>cups</unit></amt>
        <item>Chopped dried apricots</item></ing>
      <ing>
        <amt>
          <qty>3 1/2</qty>
          <unit>teaspoons</unit></amt>
        <item>Equal Measure or 12 packets of Equal sweetener</item></ing>
      <ing>
        <amt>
          <qty>1</qty>
          <unit>cup</unit></amt>
        <item>Water</item></ing>
      <ing>
        <amt>
          <qty>5</qty>
          <unit>tablespoons</unit></amt>
        <item>Oleo; softened</item></ing>
      <ing>
        <amt>
          <qty>1 3/4</qty>
          <unit>teaspoons</unit></amt>
        <item>Equal Measure or 6 pkts. of sweetener</item></ing>
      <ing>
        <amt>
          <qty>1</qty>
          <unit/></amt>
        <item>Egg</item></ing>
      <ing>
        <amt>
          <qty>2</qty>
          <unit/></amt>
        <item>Egg whites</item></ing>
      <ing>
        <amt>
          <qty>1</qty>
          <unit>teaspoon</unit></amt>
        <item>Vanilla</item></ing>
      <ing>
        <amt>
          <qty>1 3/4</qty>
          <unit>cups</unit></amt>
        <item>All purpose flour</item></ing>
      <ing>
        <amt>
          <qty>1/2</qty>
          <unit>teaspoons</unit></amt>
        <item>Baking soda</item></ing>
      <ing>
        <amt>
          <qty>1/4</qty>
          <unit>teaspoons</unit></amt>
        <item>Salt</item></ing>
      <ing>
        <amt>
          <qty/>
          <unit/></amt>
        <item>Skim milk</item></ing></ingredients>
    <directions>
      <step>  From the Equal Sweetener cook booklet.
  
  Heat apples, apricots, 3 1/2 tsps. Equal Measure and water to boiling in a
  saucepan; reduce heat and simmer, uncovered, until fruit is tender and
  water is absorbed, about 10 mins. Process mixture in a food processor until
  smooth; cool.
  
  Beat oleo and 1 3/4 tsps. Equal Measure in medium bowl until fluffy; beat
  in egg, egg whites, and vanilla. Mix in combined flour, baking soda, and
  salt. Divide dough into 4 equal parts; roll each into a log about 5 inches
  long. Refrigerate, covered, until firm, about 2 hours.
  
  Roll 1 piece dough on floured board into rectangle 12x4 inches. Spread 1/4
  of the fruit filling in a 1 1/2-inch strip in the center of dough. Fold
  sides of dough over filling, pressing edges to seal. Cut filled dough in
  half an place on greased cookie sheet. Repeat with remaining dough and
  fruit filling.
  
  Brush top of dough lightly with milk; bake in preheated oven to 400 F.
  until lightly browned, 10-12 mins. Remove from pan and cool on wire racks;
  cut into 1 1/2-inch bars. Store in an airtight container.
  
  Makes 2 1/2 dozen-21 percent calorie reduction from traditional recipe. 70
  cal., 1 gm. pro., 12 gm. carbo., 2 gm. fat, 7 mg. chol, 72 mg. sodium.
  Diabetic food exchange: 1/2 fruit, 1/2 bread, 1/2 fat
  
  Posted to Bakery-Shoppe Digest V1 #419 by "William &amp; Evelyn Hall"
  &lt;wchall@nevia.net&gt; on Nov 26, 1997
 
</step></directions></recipe></recipeml>
