<?xml version="1.0" encoding="UTF-8"?>

<recipeml version="0.5">
  <recipe>
    <head>
      <title>Apple-Amaretto-Creme</title>
      <categories>
        <cat>None</cat></categories>
      <yield>1</yield></head>
    <ingredients>
      <ing>
        <amt>
          <qty>2</qty>
          <unit/></amt>
        <item>Egg yolks</item></ing>
      <ing>
        <amt>
          <qty>150</qty>
          <unit>grams</unit></amt>
        <item>Sugar</item></ing>
      <ing>
        <amt>
          <qty>250</qty>
          <unit>grams</unit></amt>
        <item>Mascarpone cheese</item></ing>
      <ing>
        <amt>
          <qty>5</qty>
          <unit>tablespoons</unit></amt>
        <item>Amaretto (or any almond liqueur)</item></ing>
      <ing>
        <amt>
          <qty>1</qty>
          <unit/></amt>
        <item>Egg white</item></ing>
      <ing>
        <amt>
          <qty>2</qty>
          <unit>large</unit></amt>
        <item>Apples (approx. 500 g)</item></ing>
      <ing>
        <amt>
          <qty>50</qty>
          <unit>mililiters</unit></amt>
        <item>Apple juice (approx. 1/5 cup)</item></ing>
      <ing>
        <amt>
          <qty/>
          <unit/></amt>
        <item>Cinnamon</item></ing>
      <ing>
        <amt>
          <qty/>
          <unit/></amt>
        <item>All-spice</item></ing>
      <ing>
        <amt>
          <qty>40</qty>
          <unit>grams</unit></amt>
        <item>Amarettini (small almond or apricot stone macaroons)</item></ing>
      <ing>
        <amt>
          <qty>1</qty>
          <unit>teaspoon</unit></amt>
        <item>Cocoa-powder</item></ing></ingredients>
    <directions>
      <step>  1. Beat egg yolk and 50 g sugar until frothy. Add mascarpone and mix. Add 3
  Tbl Amaretto. Beat egg white until stiff and carefully mix with the cheese
  mixture. Put into the fridge for at least 2 hours.
  
  2. Peel apples, cut in quarters, remove the cores and cut them into slices.
  
  3. Melt the remaining sugar in a wide saucepan and let it caramelize (?)
  until it turns golden brown. Add the apple slices and stew them for a
  moment. Then pour in the apple juice, add a pinch of each cinnamon and
  all-spice and let the apples cook for about 3 min. Let them cool down in
  the saucepan.
  
  4. Sprinkle the amarettini with the remaining liqueur. Arrange the
  caramelized apples and the mascarpone creme in four dessert bowls.
  Distribute the amarettini and finally sprinkle some cocoa-powder on top.
  Posted to FOODWINE Digest 26 October 96
  
  Date:    Sun, 27 Oct 1996 08:18:52 -0500
  
  From:    Antje Harder &lt;101650.2363@COMPUSERVE.COM&gt;
 
</step></directions></recipe></recipeml>
