<?xml version="1.0" encoding="UTF-8"?>

<recipeml version="0.5">
  <recipe>
    <head>
      <title>Apple-Maple-Caramel-Cream Pie</title>
      <categories>
        <cat>None</cat></categories>
      <yield>10</yield></head>
    <ingredients>
      <ing>
        <amt>
          <qty>1</qty>
          <unit/></amt>
        <item>Single pie crust</item></ing>
      <ing>
        <amt>
          <qty>2</qty>
          <unit>tablespoons</unit></amt>
        <item>Lightly salted butter</item></ing>
      <ing>
        <amt>
          <qty>2</qty>
          <unit>pounds</unit></amt>
        <item>Golden delicious apples; peel/core/sliced</item></ing>
      <ing>
        <amt>
          <qty>1/2</qty>
          <unit>cups</unit></amt>
        <item>Light brown sugar; packed</item></ing>
      <ing>
        <amt>
          <qty>1</qty>
          <unit>can</unit></amt>
        <item>Evaporated milk</item></ing>
      <ing>
        <amt>
          <qty>1</qty>
          <unit/></amt>
        <item>Egg yolk</item></ing>
      <ing>
        <amt>
          <qty>1/3</qty>
          <unit>cups</unit></amt>
        <item>Maple syrup</item></ing>
      <ing>
        <amt>
          <qty>2</qty>
          <unit>tablespoons</unit></amt>
        <item>Cornstarch</item></ing>
      <ing>
        <amt>
          <qty>1</qty>
          <unit>teaspoon</unit></amt>
        <item>Vanilla</item></ing>
      <ing>
        <amt>
          <qty>1/2</qty>
          <unit>cups</unit></amt>
        <item>Heavy cream</item></ing>
      <ing>
        <amt>
          <qty>1</qty>
          <unit>tablespoon</unit></amt>
        <item>Sugar</item></ing>
      <ing>
        <amt>
          <qty>1/4</qty>
          <unit>teaspoons</unit></amt>
        <item>Ground cinnamon</item></ing></ingredients>
    <directions>
      <step>  Roll pastry on well-floured board into 12-inch circle.  Brush off any
  excess flour. Transfer to 9-inch pie pan; trim to 1/2-inch overhang. Crimp
  to form stand-up edge. Prick bottom of dough all over with fork.
  Refrigerate at least
       30    minutes.
  Heat oven to 450.  Line dough with aluminum foil; fill with dried beans or
  pie weights. Bake for 10 minutes. Reduce oven temperature to 350. Bake for
  10 minutes more. Remove foil and beans. Bake until crust is golden, about
       15    minutes. Cool on rack.
  Heat butter in large skillet.  Add apples and sugar; cook, stirring, until
  apples are very tender and thickely glazed, 15-20 minutes.  Cool to room
  temperature.
  Heat milk in saucepan until bubbles appear around edge of pan.  Whisk yolk,
  syrup, cornstarch and vanilla in bowl until smooth.  Gradually whisk in
  milk. Return mixture to saucepan. Stir over low heat until thickened.
  Remove saucepan from heat; whisk for 1 minute.
  Spoon apples into crust.  Top with hot maple mixture; smooth top.  Cool to
  room temperature. Refrigerate until custard is firm, about 1hour. Beat
  cream in bowl until soft peaks form. Beat in sugar and cinnamon until firm
  peaks form. To serve, decorate with whipped cream.
  Recipe By     : Family Circle 9/17/96
  
  Posted to EAT-L Digest 30 October 96
  
  Date:    Thu, 31 Oct 1996 16:25:01 -0500
  
  From:    Carol Taillon &lt;taillon@ACCESS.MOUNTAIN.NET&gt;
 
</step></directions></recipe></recipeml>
