<?xml version="1.0" encoding="UTF-8"?>

<recipeml version="0.5">
  <recipe>
    <head>
      <title>Apple-Apricot Strudels</title>
      <categories>
        <cat>Dessert</cat></categories>
      <yield>8</yield></head>
    <ingredients>
      <ing>
        <amt>
          <qty>3</qty>
          <unit>cups</unit></amt>
        <item>Apples; chopped</item></ing>
      <ing>
        <amt>
          <qty>1</qty>
          <unit>cup</unit></amt>
        <item>Dried Apricots; Chopped</item></ing>
      <ing>
        <amt>
          <qty>1/2</qty>
          <unit>cups</unit></amt>
        <item>Almonds; Slivered</item></ing>
      <ing>
        <amt>
          <qty>1/3</qty>
          <unit>cups</unit></amt>
        <item>Granulated Sugar</item></ing>
      <ing>
        <amt>
          <qty>1/4</qty>
          <unit>cups</unit></amt>
        <item>Dry Bread Crumbs</item></ing>
      <ing>
        <amt>
          <qty>1</qty>
          <unit>tablespoon</unit></amt>
        <item>Lemon Juice</item></ing>
      <ing>
        <amt>
          <qty>1/4</qty>
          <unit>teaspoons</unit></amt>
        <item>Ground Nutmeg</item></ing>
      <ing>
        <amt>
          <qty>8</qty>
          <unit/></amt>
        <item>Frozen Phyllo Leaves; (Thawed)</item></ing>
      <ing>
        <amt>
          <qty>1/4</qty>
          <unit>cups</unit></amt>
        <item>Butter; Melted</item></ing>
      <ing>
        <amt>
          <qty/>
          <unit/></amt>
        <item>Powdered Sugar</item></ing></ingredients>
    <directions>
      <step>  From: vwbug@iadfw.net
  
  Date: Mon, 29 Jul 1996 09:40:38 -0500
  Recipe By     : Betty Crocker's Cookbook
  
  Heat oven to 375 degrees. Mix apples, apricots, almonds, granulated sugar,
  bread crumbs, lemon juice and nutmeg. Fold 1 phyllo leaf in half crosswise
  and brush with margarine. (Keep remaining phyllo leaves covered with a
  dampened towel to prevent them from drying out.) Place about 2/3 cup of the
  apple mixture in center of phyllo leaf 1 inch from narrow end of leaf. Fold
  sides of phyllo toward center, overlapping sides slightly. Roll up,
  beginning at filling end. Place seam side down on ungreased cookie sheet.
  Repeat with remaining phyllo leaves and apple mixture. Bake 30 to 35
  minutes or until golden brown; cool. Sprinkle with powdered sugar. Serve
  with Soft Custard if desired. 8 SERVINGS; 280 CALORIES PER SERVING.
  
  Mm-recipes Digest V3 #204
  
  From the MealMaster recipe list.  Downloaded from Glen's MM Recipe Archive,
  http://www.erols.com/hosey.
 
</step></directions></recipe></recipeml>
