<?xml version="1.0" encoding="UTF-8"?>

<recipeml version="0.5">
  <recipe>
    <head>
      <title>Apple-Crisp Cookies</title>
      <categories>
        <cat>None</cat></categories>
      <yield>1</yield></head>
    <ingredients>
      <ing>
        <amt>
          <qty>1</qty>
          <unit>cup</unit></amt>
        <item>Shortening</item></ing>
      <ing>
        <amt>
          <qty>1/2</qty>
          <unit>cups</unit></amt>
        <item>Butter or margarine</item></ing>
      <ing>
        <amt>
          <qty>1 1/2</qty>
          <unit>cups</unit></amt>
        <item>Brown sugar; packed</item></ing>
      <ing>
        <amt>
          <qty>1</qty>
          <unit>cup</unit></amt>
        <item>Sugar</item></ing>
      <ing>
        <amt>
          <qty>1</qty>
          <unit>package</unit></amt>
        <item>Instant spiced apple flavored drink mix</item></ing>
      <ing>
        <amt>
          <qty>1</qty>
          <unit>tablespoon</unit></amt>
        <item>Ground cinnamon</item></ing>
      <ing>
        <amt>
          <qty>1 1/2</qty>
          <unit>teaspoons</unit></amt>
        <item>Baking powder</item></ing>
      <ing>
        <amt>
          <qty>1 1/2</qty>
          <unit>teaspoons</unit></amt>
        <item>Baking soda</item></ing>
      <ing>
        <amt>
          <qty>1/2</qty>
          <unit>teaspoons</unit></amt>
        <item>Salt</item></ing>
      <ing>
        <amt>
          <qty>3</qty>
          <unit/></amt>
        <item>Eggs</item></ing>
      <ing>
        <amt>
          <qty>2</qty>
          <unit>teaspoons</unit></amt>
        <item>Vanilla</item></ing>
      <ing>
        <amt>
          <qty>3</qty>
          <unit>cups</unit></amt>
        <item>All-purpose flour</item></ing>
      <ing>
        <amt>
          <qty>3</qty>
          <unit>cups</unit></amt>
        <item>Quick-cooking oats</item></ing>
      <ing>
        <amt>
          <qty>1 1/2</qty>
          <unit>cups</unit></amt>
        <item>Raisins</item></ing>
      <ing>
        <amt>
          <qty>1 1/2</qty>
          <unit>cups</unit></amt>
        <item>Dried apple pieces; chopped</item></ing>
      <ing>
        <amt>
          <qty>1. In</qty>
          <unit>an</unit></amt>
        <item>extra-large mixing bowl beat together the shortening and margarine</item></ing></ingredients>
    <directions>
      <step>  or butter with an electric mixer on medium to high speed for 30 seconds.
  Add brown sugar, granulated sugar, instant drink mix, cinnamon, baking
  powder, baking soda, and salt. Beat till combined, scraping the sides of
  bowl occasionally. Beat in eggs and vanilla till combined. Beat in as much
  flour as you can with the mixer. Using a wooden spoon, stir in any
  remaining flour, oats, raisins, and dried apples.
  
  2. Drop dough from a rounded teaspoon 2 inches apart on an ungreased cookie
  sheet. Bake in a 350 degree oven about 12 minutes or till lightly browned.
  Remove from cookie sheet and cool on a wire rack.
  
  This recipe earned Kimberly Kurkovic of Jefferson, Ohio, $200 in the
  magazine's monthly contest.
  
  Better Homes And Gardens Annual Recipes 1997 ISBN: 0-696-20726-5
  
  Better Homes And Gardens has been giving us cooking tips and recipes for
  the past 75 years. This cookbook is in celebration of tho se 75 years. It
  is full of recipes they have reviewed and renewed. Also the cooking
  traditions that have warmed the souls of Americans. You will find recipes
  that are claimed to be forever-favorites. The recipes in this book have
  been tested thoroughly in the home-style kitchens at Better Homes and
  Gardens. This cookbook has recipes for fast meals--start to finish---in 30
  minutes or less. Recipes that are low fat, no more than 10 grams of fat per
  serving. Also recipes that have earned top honors in Better Homes and
  Gardens monthly Prize Tested Recipe contest.
  
  Recipe by: Better Homes And Gardens Annual Recipes 1997
  
  Posted to MC-Recipe Digest by "Marie Smith" &lt;crafty1@earthlink.net&gt; on Apr
  28, 1998
 
</step></directions></recipe></recipeml>
