<?xml version="1.0" encoding="UTF-8"?>

<recipeml version="0.5">
  <recipe>
    <head>
      <title>Apple-Oatmeal Waffles</title>
      <categories>
        <cat>None</cat></categories>
      <yield>12</yield></head>
    <ingredients>
      <ing>
        <amt>
          <qty>1</qty>
          <unit>cup</unit></amt>
        <item>Regular oats</item></ing>
      <ing>
        <amt>
          <qty>1 2/3</qty>
          <unit>cups</unit></amt>
        <item>Flour</item></ing>
      <ing>
        <amt>
          <qty>2 1/2</qty>
          <unit>teaspoons</unit></amt>
        <item>Baking powder</item></ing>
      <ing>
        <amt>
          <qty>1</qty>
          <unit>teaspoon</unit></amt>
        <item>Ground cinnamon</item></ing>
      <ing>
        <amt>
          <qty>1/2</qty>
          <unit>teaspoons</unit></amt>
        <item>Salt (optional)</item></ing>
      <ing>
        <amt>
          <qty>1</qty>
          <unit>cup</unit></amt>
        <item>Nonfat milk</item></ing>
      <ing>
        <amt>
          <qty>1/4</qty>
          <unit>cups</unit></amt>
        <item>Maple syrup</item></ing>
      <ing>
        <amt>
          <qty>1/4</qty>
          <unit>cups</unit></amt>
        <item>Orange juice</item></ing>
      <ing>
        <amt>
          <qty/>
          <unit/></amt>
        <item>&gt;or apple juice</item></ing>
      <ing>
        <amt>
          <qty>1</qty>
          <unit>large</unit></amt>
        <item>Egg</item></ing>
      <ing>
        <amt>
          <qty>3</qty>
          <unit>large</unit></amt>
        <item>Egg whites</item></ing>
      <ing>
        <amt>
          <qty>3/4</qty>
          <unit>cups</unit></amt>
        <item>Tart apples -- finely chop</item></ing>
      <ing>
        <amt>
          <qty>1/2</qty>
          <unit>cups</unit></amt>
        <item>Raisins</item></ing>
      <ing>
        <amt>
          <qty/>
          <unit/></amt>
        <item>Butter or margarine</item></ing>
      <ing>
        <amt>
          <qty/>
          <unit/></amt>
        <item>Maple syrup</item></ing></ingredients>
    <directions>
      <step>  1. Spread oats on a baking sheet; toast in 350 oven, stirring occasionally,
  until golden (12-15 minutes). Mix oats, flour, baking powder, cinnamon, and
  if desired, salt in a large bowl. In a medium sized bowl, beat milk, syrup,
  juice, egg and egg whites until blended. Stir in apple and raisins. Add egg
  mixture to flour mixture; stir until evenly moistened. 2. Preheat a waffle
  iron following manufacturer's directions. Grease iron; fill three-quarters
  full of batter. Bake until golden and crisp (6-8 minutes). Transfer to a
  plate and keep warm in a 200 degree oven while making remaining waffles.
  Offer with butter and syrup. Makes about twelve 4- inch square waffles.
  
  Recipe By     :
  
  From: Ladies Home Journal- August 1991
  
  File ftp://ftp.idiscover.co.uk/pub/food/mealmaster/recipes/mmdja006.zip
 
</step></directions></recipe></recipeml>
