<?xml version="1.0" encoding="UTF-8"?>

<recipeml version="0.5">
  <recipe>
    <head>
      <title>Apple-Cheddar Crescent</title>
      <categories>
        <cat>Miamiherald</cat>
        <cat>Desserts</cat>
        <cat>Kids 3-5</cat></categories>
      <yield>4</yield></head>
    <ingredients>
      <ing>
        <amt>
          <qty/>
          <unit/></amt>
        <item>Refrigerated pie dough for 1 crust</item></ing>
      <ing>
        <amt>
          <qty/>
          <unit/></amt>
        <item>Vegetable oil spray</item></ing>
      <ing>
        <amt>
          <qty/>
          <unit/></amt>
        <item>Flour</item></ing>
      <ing>
        <amt>
          <qty>1/4</qty>
          <unit>cups</unit></amt>
        <item>All-fruit apple spread</item></ing>
      <ing>
        <amt>
          <qty>6</qty>
          <unit/></amt>
        <item>Apples (3 Granny Smith and 3 Red Delicious)</item></ing>
      <ing>
        <amt>
          <qty>1</qty>
          <unit>cup</unit></amt>
        <item>Shredded cheddar cheese</item></ing>
      <ing>
        <amt>
          <qty>2</qty>
          <unit>tablespoons</unit></amt>
        <item>Melted butter</item></ing></ingredients>
    <directions>
      <step>  Preheat oven to 400 degrees.  Lightly coat a baking
  sheet with vegetable oil spray.  On a lightly floured
  surface, roll the dough into a 12-inch circle.
  Melt the apple spread in the microwave (10 - 15
  seconds on high). Brush the melted spread onto the pie
  crust with a pastry brush. Peel the apples if desired
  and chop them coarsely. Scatter the apple spices over
  the pie crust and then scatter on the cheese.
  Using a pizza cutter, cut the pie crust into 8 wedges.
  Starting form the wide end, roll up each wedge of
  crust.  Place the wedges on the prepared baking sheet
  and shape into crescents.  Brush with melted butter.
  Bake for about 15 minutes, until browned and bubbly.
  
  Nutritional info per serving: 465 cal; 9.3g pro, 60g
  carb, 22g fat (10.3%)
  
  Source: Miami Herald, 9/7/95
  format: 8/7/96, LIsa Crawford
  Posted to MM-Recipes Digest V3 #214
  
  Date: 08 Aug 96 00:14:23 EDT
  
  From: "Lisabeth Crawford (Pooh)" &lt;104105.1416@CompuServe.COM&gt;
 
</step></directions></recipe></recipeml>
