<?xml version="1.0" encoding="UTF-8"?>

<recipeml version="0.5">
  <recipe>
    <head>
      <title>Apple-Honey Custard Pie</title>
      <categories>
        <cat>Pie</cat></categories>
      <yield>8</yield></head>
    <ingredients>
      <ing>
        <amt>
          <qty>1</qty>
          <unit/></amt>
        <item>9 inch pie shell; unbaked</item></ing>
      <ing>
        <amt>
          <qty>2</qty>
          <unit>cups</unit></amt>
        <item>Peeled; sliced apples (any kind except Red Delicious)</item></ing>
      <ing>
        <amt>
          <qty>4</qty>
          <unit>large</unit></amt>
        <item>Eggs</item></ing>
      <ing>
        <amt>
          <qty>3/4</qty>
          <unit>cups</unit></amt>
        <item>Honey</item></ing>
      <ing>
        <amt>
          <qty>1</qty>
          <unit>cup</unit></amt>
        <item>Yogurt</item></ing>
      <ing>
        <amt>
          <qty>1</qty>
          <unit>teaspoon</unit></amt>
        <item>Vanilla</item></ing>
      <ing>
        <amt>
          <qty>1/2</qty>
          <unit>teaspoons</unit></amt>
        <item>Cinnamon</item></ing>
      <ing>
        <amt>
          <qty>1/4</qty>
          <unit>teaspoons</unit></amt>
        <item>Salt</item></ing></ingredients>
    <directions>
      <step>  Date: Mon, 11 Mar 1996 21:00:37 -0800
  
  From: johanssen@matnet.com (Johansseh, Jenny)
  Spread apple slices evenly over pie shell.  Combine remaining ingredients
  in the blender, and turn at high speed for several seconds. Pour custard
  over apples in pie shell. Sprinkle on some nuts (walnuts or almonds
  recommended), if desired. Bake 45 minutes in 375 F oven, or until sold when
  jiggled. Sprinkle top of pie with chopped nuts (optional). Cool at least to
  room temperature before cutting.
  
  Optional:  Replace apples with sliced fresh peaches or pitted, halved fresh
  black cherries
  
  NOTE: You may replace honey with maple syrup
  
  FROM: The Moosewood Cookbook by Mollie Katzen
  
  MM-RECIPES@IDISCOVER.NET
  
  MEAL-MASTER RECIPES LIST SERVER
  
  MM-RECIPES DIGEST V3 #74
  
  From the MealMaster recipe list.  Downloaded from Glen's MM Recipe Archive,
  http://www.erols.com/hosey.
 
</step></directions></recipe></recipeml>
