<?xml version="1.0" encoding="UTF-8"?>

<recipeml version="0.5">
  <recipe>
    <head>
      <title>Apple-Cranberry Chutney</title>
      <categories>
        <cat>Relishes</cat></categories>
      <yield>2</yield></head>
    <ingredients>
      <ing>
        <amt>
          <qty>2</qty>
          <unit>cups</unit></amt>
        <item>Peeled, Chopped Rome</item></ing>
      <ing>
        <amt>
          <qty/>
          <unit/></amt>
        <item>Apples (About 2 Medium)</item></ing>
      <ing>
        <amt>
          <qty>1</qty>
          <unit>cup</unit></amt>
        <item>Cranberries</item></ing>
      <ing>
        <amt>
          <qty>1/4</qty>
          <unit>cups</unit></amt>
        <item>Golden Raisins</item></ing>
      <ing>
        <amt>
          <qty>2</qty>
          <unit>tablespoons</unit></amt>
        <item>Brown Sugar</item></ing>
      <ing>
        <amt>
          <qty>1</qty>
          <unit>tablespoon</unit></amt>
        <item>Grated Orange Rind</item></ing>
      <ing>
        <amt>
          <qty>2</qty>
          <unit>tablespoons</unit></amt>
        <item>Cider Vinegar</item></ing>
      <ing>
        <amt>
          <qty>1/4</qty>
          <unit>teaspoons</unit></amt>
        <item>Ground Cloves</item></ing>
      <ing>
        <amt>
          <qty>1/4</qty>
          <unit>teaspoons</unit></amt>
        <item>Ground Nutmeg</item></ing>
      <ing>
        <amt>
          <qty>1/4</qty>
          <unit>teaspoons</unit></amt>
        <item>Ground Cinnamon</item></ing></ingredients>
    <directions>
      <step>  Combine All Ingredients in A Nonaluminum Saucepan. Place Over High Heat.
  Bring To A Boil, Stir Constantly. Reduce Heat &amp; Simmer Uncovered 15 Min. OR
  Until Apples Are Tender.  Remove From Heat &amp; Let Cool. With Knife Blade in
  Processor, Add Cranberry Mixture. Process, Pulsing 1 OR 2 Times Until
  Combined.  Place in A Medium Bowl. Cover&amp; Chill.
   (Fat 0.  Chol. 0.)
 
</step></directions></recipe></recipeml>
