<?xml version="1.0" encoding="UTF-8"?>

<recipeml version="0.5">
  <recipe>
    <head>
      <title>Apple, Celery, and Pineapple Salad</title>
      <categories>
        <cat/></categories>
      <yield>100</yield></head>
    <ingredients>
      <ing>
        <amt>
          <qty>9</qty>
          <unit>pounds</unit></amt>
        <item>APPLE FRESH</item></ing>
      <ing>
        <amt>
          <qty>6 3/4</qty>
          <unit>pounds</unit></amt>
        <item>PINEAPPLE SLICED #10</item></ing>
      <ing>
        <amt>
          <qty>3</qty>
          <unit>pounds</unit></amt>
        <item>CELERY FRESH</item></ing>
      <ing>
        <amt>
          <qty>4</qty>
          <unit>pounds</unit></amt>
        <item>LETTUCE FRESH</item></ing>
      <ing>
        <amt>
          <qty>1</qty>
          <unit>quart</unit></amt>
        <item>SALAD DRESSING #2 1/2</item></ing></ingredients>
    <directions>
      <step>  1.  TRIM, WASH, AND PREPARE SALAD VEGETABLES AND FRUITS AS DIRECTED ON
  RECIPE NO. MG0100.
  
  2.  COMBINE SALAD DRESSING AND APPLES.
  
  3.  DRAIN PINEAPPLE.
  
  4.  ADD PINEAPPLE AND CELERY TO APPLE MIXTURE; MIX LIGHTLY.
  
  5.  PLACE 1 LETTUCE LEAF ON EACH SERVING DISH; ADD EQUAL AMOUNT SALAD
  MIXTURE.  COVER; REFRIGERATE UNTIL READY TO SERVE.
  
  NOTE:  IN STEP 1:  10 LB 10 OZ FRESH EATING APPLES A.P. (26 APPLES) WILL
  YIELD 9 LB UNPARED, DICED APPLES.
  4 LB 2 OZ FRESH CELERY A.P. WILL YIELD 3 LB DICED CELERY.
  4 LB 5 OZ FRESH LETTUCE A.P. WILL YIELD 4 LB TRIMMED
  LETTUCE.
  
  Recipe Number: M00100
  
  SERVING SIZE: 1/2 CUP
  
  From the &lt;Army Master Recipe Index File&gt; (actually used today!).
  Downloaded from Glen's MM Recipe Archive, http://www.erols.com/hosey.
 
</step></directions></recipe></recipeml>
