<?xml version="1.0" encoding="UTF-8"?>

<recipeml version="0.5">
  <recipe>
    <head>
      <title>Apple-Cranberry Gem Tarts</title>
      <categories>
        <cat>Desserts</cat></categories>
      <yield>8</yield></head>
    <ingredients>
      <ing>
        <amt>
          <qty>1 2/3</qty>
          <unit>cups</unit></amt>
        <item>Whole wheat pastry flour</item></ing>
      <ing>
        <amt>
          <qty>2</qty>
          <unit>tablespoons</unit></amt>
        <item>Date sugar</item></ing>
      <ing>
        <amt>
          <qty>4</qty>
          <unit>tablespoons</unit></amt>
        <item>Unsalted butter -- chilled</item></ing>
      <ing>
        <amt>
          <qty>3</qty>
          <unit>tablespoons</unit></amt>
        <item>Safflower oil</item></ing>
      <ing>
        <amt>
          <qty>1</qty>
          <unit/></amt>
        <item>Egg white</item></ing>
      <ing>
        <amt>
          <qty>1</qty>
          <unit>tablespoon</unit></amt>
        <item>Apple cider vinegar</item></ing>
      <ing>
        <amt>
          <qty>3 1/2</qty>
          <unit>tablespoons</unit></amt>
        <item>Ice water</item></ing>
      <ing>
        <amt>
          <qty>3/4</qty>
          <unit>cups</unit></amt>
        <item>Cranberries</item></ing>
      <ing>
        <amt>
          <qty>2</qty>
          <unit>cups</unit></amt>
        <item>Sliced green apples</item></ing>
      <ing>
        <amt>
          <qty>1/4</qty>
          <unit>cups</unit></amt>
        <item>Apple juice or apple brandy</item></ing>
      <ing>
        <amt>
          <qty>1/4</qty>
          <unit>cups</unit></amt>
        <item>Dried currants or raisins</item></ing>
      <ing>
        <amt>
          <qty>1</qty>
          <unit>cup</unit></amt>
        <item>Maple syrup</item></ing>
      <ing>
        <amt>
          <qty>2</qty>
          <unit>tablespoons</unit></amt>
        <item>Arrowroot powder</item></ing>
      <ing>
        <amt>
          <qty>1</qty>
          <unit>tablespoon</unit></amt>
        <item>Lemon juice</item></ing>
      <ing>
        <amt>
          <qty>1/2</qty>
          <unit>teaspoons</unit></amt>
        <item>Cinnamon</item></ing>
      <ing>
        <amt>
          <qty>1</qty>
          <unit>tablespoon</unit></amt>
        <item>Lemon rind -- grated</item></ing>
      <ing>
        <amt>
          <qty>1/2</qty>
          <unit>cups</unit></amt>
        <item>Ground almonds or walnuts</item></ing></ingredients>
    <directions>
      <step>  1. Preheat oven to 375 degrees F. In a large mixing bowl, combine flour and
  date sugar. Make a well in center of dry ingredients and grate in butter
  and stir in oil. With fingers or a pastry mixer, combine butter and flour
  mixture until it is the texture of cornmeal. Do not overmix or butter will
  melt. Add egg white, vinegar, and enough of the ice water to form 8 small
  balls of dough. Wrap each in plastic wrap and refrigerate for 10 minutes.
  
  2. In a saucepan over medium-high heat, combine cranberries, apples, apple
  juice, currants, and maple syrup. Cook, uncovered, until berries pop. In a
  small bowl combine arrowroot with lemon juice and add to cranberries along
  with cinnamon and lemon rind.  Cook, stirring frequently, until mixture
  thickens. Remove from heat and let cool 10 minutes.
  
  3. Lightly flour a counter or breadboard. Roll each ball of dough into a
  6-inch circle and press into a 4-inch tart pan (preferably one with fluted
  edges). Fill two thirds full with cranberry filling and sprinkle with
  ground almonds. Bake for 20 minutes. Let cool before serving.
  
  Makes 8 tarts.
  
  Note: Crunchy date sugar adds a fruity taste to the whole wheat pastry
  dough, but if it is not available, substitute an equal amount of maple
  sugar or honey.
  
  Recipe By     : the California Culinary Academy
  
  From: Ladies Home Journal- August 1991
  
  File ftp://ftp.idiscover.co.uk/pub/food/mealmaster/recipes/mmdja006.zip
 
</step></directions></recipe></recipeml>
