<?xml version="1.0" encoding="UTF-8"?>

<recipeml version="0.5">
  <recipe>
    <head>
      <title>Apple-Oat Bran Scones - Country Cooking</title>
      <categories>
        <cat>Breads</cat></categories>
      <yield>8</yield></head>
    <ingredients>
      <ing>
        <amt>
          <qty>3</qty>
          <unit>cups</unit></amt>
        <item>Unsifted all-purpose flour</item></ing>
      <ing>
        <amt>
          <qty>1</qty>
          <unit>cup</unit></amt>
        <item>Oat or wheat-bran flaked cereal</item></ing>
      <ing>
        <amt>
          <qty>4</qty>
          <unit>teaspoons</unit></amt>
        <item>Baking powder</item></ing>
      <ing>
        <amt>
          <qty>1</qty>
          <unit>teaspoon</unit></amt>
        <item>Ground cinnamon</item></ing>
      <ing>
        <amt>
          <qty>1/2</qty>
          <unit>teaspoons</unit></amt>
        <item>Salt</item></ing>
      <ing>
        <amt>
          <qty>1/4</qty>
          <unit>cups</unit></amt>
        <item>Milk</item></ing>
      <ing>
        <amt>
          <qty>1/4</qty>
          <unit>cups</unit></amt>
        <item>Vegetable oil</item></ing>
      <ing>
        <amt>
          <qty>1/4</qty>
          <unit>cups</unit></amt>
        <item>Firmly packed light-brown sugar</item></ing>
      <ing>
        <amt>
          <qty>1</qty>
          <unit>large</unit></amt>
        <item>Egg</item></ing>
      <ing>
        <amt>
          <qty>1</qty>
          <unit>large</unit></amt>
        <item>Red baking apple, cored and coarsely chopped with skin on</item></ing>
      <ing>
        <amt>
          <qty>1</qty>
          <unit>tablespoon</unit></amt>
        <item>Butter, melted</item></ing>
      <ing>
        <amt>
          <qty/>
          <unit/></amt>
        <item>Additional ground cinnamon for topping (opt.)</item></ing></ingredients>
    <directions>
      <step>  1. Heat oven to 425'F. Grease large baking sheet. In large bowl, combine
  flour, cereal, baking powder, cinnamon, and salt. 2. In medium-size bowl,
  beat together milk, oil, sugar, and egg. Add to dry ingredients along with
  chopped apple; mix lightly with fork until mixture clings together and
  forms a soft dough. 3. Turn dough out onto lightly floured surface and
  knead gently 5 or 6 times. Divide dough in half. With lightly floured
  rolling pin, roll one half of dough into a 7-inch round. Cut into 4 wedges.
  Repeat with remaining half of dough. 4. Place scones, 1 inch apart, on
  greased baking sheet. Pierce tops with tines of fork. Brush tops with
  melted butter and sprinkle with additional cinnamon, if desired. 5. Bake
  scones 15 to 18 minutes or until golden brown. Serve warm.
  
  From Gemini's MASSIVE MealMaster collection at www.synapse.com/~gemini
 
</step></directions></recipe></recipeml>
