<?xml version="1.0" encoding="UTF-8"?>

<recipeml version="0.5">
  <recipe>
    <head>
      <title>Apple-Cranberry Sage Dressing</title>
      <categories>
        <cat>New text im</cat>
        <cat>Cooking liv</cat></categories>
      <yield>1</yield></head>
    <ingredients>
      <ing>
        <amt>
          <qty>3</qty>
          <unit>cups</unit></amt>
        <item>Cubed French bread, fresh or day-old</item></ing>
      <ing>
        <amt>
          <qty>1/2</qty>
          <unit>cups</unit></amt>
        <item>Chicken stock</item></ing>
      <ing>
        <amt>
          <qty>3</qty>
          <unit/></amt>
        <item>Eggs; beaten</item></ing>
      <ing>
        <amt>
          <qty>1/4</qty>
          <unit>cups</unit></amt>
        <item>Whole milk</item></ing>
      <ing>
        <amt>
          <qty>2</qty>
          <unit/></amt>
        <item>Onions, peeled and diced</item></ing>
      <ing>
        <amt>
          <qty>2</qty>
          <unit>tablespoons</unit></amt>
        <item>Unsalted butter</item></ing>
      <ing>
        <amt>
          <qty>3</qty>
          <unit/></amt>
        <item>Tart apples such as Granny Smith, peeled, cored, and cut into medium dice</item></ing>
      <ing>
        <amt>
          <qty>1/2</qty>
          <unit>cups</unit></amt>
        <item>Dried cranberries</item></ing>
      <ing>
        <amt>
          <qty>3</qty>
          <unit>tablespoons</unit></amt>
        <item>Chopped fresh sage, -or-</item></ing>
      <ing>
        <amt>
          <qty>1 1/2</qty>
          <unit>tablespoons</unit></amt>
        <item>Dried sage</item></ing>
      <ing>
        <amt>
          <qty/>
          <unit/></amt>
        <item>Salt and freshly ground black pepper to taste</item></ing></ingredients>
    <directions>
      <step>  Preheat the oven to 375 degrees F. Soak the bread cubes in the chicken
  stock, egg, and milk until all the liquid is absorbed. Saute the onions in
  the butter until translucent. Add the apples and cont
  
  inue cooking until the apples have just begun to soften (about 7 to 8
  minutes). Remove from the heat and cool before combining the onion and
  apple mixture with the bread cubes. Lightly stir in the herbs, dried
  cranberries and seasoning, and pour the mixture into a 2-quart ovenproof
  dish. Bake f
  
  or 35 minutes. Serve hot in the baking dish or may be scooped into the
  center of the pork roast for a festive presentation.
  
  Yield: 4 to 6 serving
  Recipe By     : COOKING LIVE SHOW #CL8762
  
  Posted to MC-Recipe Digest V1 #306
  
  Date: Sun, 17 Nov 1996 13:52:27 -0500
  
  From: "Angele and Jon Freeman" &lt;jfreeman@netusa1.net&gt;
 
</step></directions></recipe></recipeml>
