<?xml version="1.0" encoding="UTF-8"?>

<recipeml version="0.5">
  <recipe>
    <head>
      <title>Apple-Apricot Pastries</title>
      <categories>
        <cat>Desserts</cat></categories>
      <yield>12</yield></head>
    <ingredients>
      <ing>
        <amt>
          <qty/>
          <unit/></amt>
        <item>Safflower oil for coating</item></ing>
      <ing>
        <amt>
          <qty/>
          <unit/></amt>
        <item>Baking pan</item></ing>
      <ing>
        <amt>
          <qty>2</qty>
          <unit>cups</unit></amt>
        <item>Thinly sliced green apples</item></ing>
      <ing>
        <amt>
          <qty>1/2</qty>
          <unit>cups</unit></amt>
        <item>Dried currants</item></ing>
      <ing>
        <amt>
          <qty>2</qty>
          <unit>tablespoons</unit></amt>
        <item>Lemon juice</item></ing>
      <ing>
        <amt>
          <qty>1</qty>
          <unit>teaspoon</unit></amt>
        <item>Vanilla extract</item></ing>
      <ing>
        <amt>
          <qty>1/2</qty>
          <unit>cups</unit></amt>
        <item>Date sugar</item></ing>
      <ing>
        <amt>
          <qty>3/4</qty>
          <unit>teaspoons</unit></amt>
        <item>Cinnamon</item></ing>
      <ing>
        <amt>
          <qty>1/2</qty>
          <unit>teaspoons</unit></amt>
        <item>Nutmeg</item></ing>
      <ing>
        <amt>
          <qty>3/4</qty>
          <unit>cups</unit></amt>
        <item>Ground almonds</item></ing>
      <ing>
        <amt>
          <qty>8</qty>
          <unit/></amt>
        <item>Sheets filo</item></ing>
      <ing>
        <amt>
          <qty>1/3</qty>
          <unit>cups</unit></amt>
        <item>Melted unsalted butter</item></ing>
      <ing>
        <amt>
          <qty>1/2</qty>
          <unit>cups</unit></amt>
        <item>Apricot preserves</item></ing></ingredients>
    <directions>
      <step>  1. Preheat oven to 375 degrees F. Lightly oil a 9- by 12-inch baking pan
  with shallow sides.
  
  2. In a medium saucepan over medium-high heat, cook apples, currants, lemon
  juice, vanilla, and date sugar until soft (about 15 minutes). Remove from
  heat and let cool.
  
  3. In a small bowl mix cinnamon, nutmeg, and almonds. Set aside.
  
  4. Sprinkle each sheet of filo with 2 teaspoons of the melted butter, then
  spread butter to coat filo evenly. Sprinkle sheets with almond mixture and
  pile one sheet on top of another. Line prepared baking pan with stack of
  filo sheets, folding edges where necessary to make 1-inch sides.
  
  5. In a small saucepan over medium heat, cook apricot preserves until soft,
  then spread evenly over top sheet of filo. Spoon apple mixture over
  preserves.
  
  6. Bake pastry until slightly browned (about 20 minutes). Let cool, then
  cut into 2-inch squares.
  
  Makes 12 squares.
  
  Recipe By     : the California Culinary Academy
  
  From: Ladies Home Journal- August 1991
  
  File ftp://ftp.idiscover.co.uk/pub/food/mealmaster/recipes/mmdja006.zip
 
</step></directions></recipe></recipeml>
