<?xml version="1.0" encoding="UTF-8"?>

<recipeml version="0.5">
  <recipe>
    <head>
      <title>Apple-Ginger Upside-Down Cake</title>
      <categories>
        <cat>None</cat></categories>
      <yield>8 -10</yield></head>
    <ingredients>
      <ing-div>
        <title>TOPPING</title>
        <ing>
          <amt>
            <qty>1/4</qty>
            <unit>cups</unit></amt>
          <item>(1/2 stick) unsalted butter</item></ing>
        <ing>
          <amt>
            <qty>2/3</qty>
            <unit>cups</unit></amt>
          <item>(packed) golden brown sugar</item></ing>
        <ing>
          <amt>
            <qty>1/2</qty>
            <unit>teaspoons</unit></amt>
          <item>Ground ginger</item></ing>
        <ing>
          <amt>
            <qty>4</qty>
            <unit>large</unit></amt>
          <item>Granny Smith apples (about 28 oz) peeled; quartered, cored, cut into 1/2"-thick wedges</item></ing>
        <ing>
          <amt>
            <qty>3</qty>
            <unit>tablespoons</unit></amt>
          <item>Minced crystalized ginger</item></ing></ing-div>
      <ing-div>
        <title>CAKE</title>
        <ing>
          <amt>
            <qty>1/3</qty>
            <unit>cups</unit></amt>
          <item>Minced crystallized ginger</item></ing>
        <ing>
          <amt>
            <qty>4</qty>
            <unit>tablespoons</unit></amt>
          <item>Plus 1 1/4 cup all-purpose flour</item></ing>
        <ing>
          <amt>
            <qty>1/4</qty>
            <unit>teaspoons</unit></amt>
          <item>Salt</item></ing>
        <ing>
          <amt>
            <qty>1</qty>
            <unit>cup</unit></amt>
          <item>(packed) golden brown sugar</item></ing>
        <ing>
          <amt>
            <qty>6</qty>
            <unit>tablespoons</unit></amt>
          <item>(3/4 stick) unsalted butter at room temp</item></ing>
        <ing>
          <amt>
            <qty>2</qty>
            <unit>large</unit></amt>
          <item>Eggs</item></ing>
        <ing>
          <amt>
            <qty>1/2</qty>
            <unit>teaspoons</unit></amt>
          <item>Vanilla extract</item></ing>
        <ing>
          <amt>
            <qty>1/4</qty>
            <unit>cups</unit></amt>
          <item>Whole milk</item></ing></ing-div>
      <ing-div>
        <title>CREAM</title>
        <ing>
          <amt>
            <qty>1</qty>
            <unit>cup</unit></amt>
          <item>Chilled whipping cream</item></ing>
        <ing>
          <amt>
            <qty>2</qty>
            <unit>tablespoons</unit></amt>
          <item>Sugar</item></ing>
        <ing>
          <amt>
            <qty>1/4</qty>
            <unit>teaspoons</unit></amt>
          <item>Ground ginger</item></ing></ing-div></ingredients>
    <directions>
      <step>  (Bon Appetit, January 1998)
  
  For topping: Position rack in center of oven and preheat to 350 F. Butter
  9" diameter cake pan with 2" high sides. Melt butter in small saucepan over
  medium heat. Add sugar and cook until mixture bubbles, about 3 minutes.
  Remove from heat. Stir in ground ginger. Pour mixture into prepared pan,
  spreading with spatula to distribute evenly. Tightly overlap apples atop
  sugar mixture making 2 layers of apples. Sprinkle crystallized ginger atop
  apples. Set aside.
  
  For Cake: Mix crystallized ginger with 1 tbl flour in small bowl. Sift 1
  1/4 cup plus 3 tbl flour, baking soda, and salt into medium bowl. Using
  electric mixer, beat brown sugar and butter until light and creamy. Beat in
  eggs 1 at a time. Beat in vanilla. Mix in sifted dry ingredients
  alternately with milk. Stir in ginger mixture. Spoon butter atop apples in
  pan. Bake cake until brown on top and tester inserted into center comes out
  clean, about 1 hour. Cool cake in pan on rack 15 minutes.
  
  Whip cream, 2 tbl sugar, and ground ginger in another medium bowl to soft
  peaks.
  
  Run small knife around edges of pan to loosen cake. Place platter over cake
  and invert cake onto platter. Serve warm or at room tempereature with
  cream.
  I halved this recipe and it worked out very well. I'd imagine you can use
  peaches, pineapple, apricot, pears, etc. The softer fruits might need
  adjustments for dry ingredients. And, of course, it took 4 stores to find
  crystallized ginger in New York City!
  
  Posted to FOODWINE Digest  by Jessica Chaiken &lt;jessc@IX.NETCOM.COM&gt; on Dec
  29, 1997
 
</step></directions></recipe></recipeml>
