<?xml version="1.0" encoding="UTF-8"?>

<recipeml version="0.5">
  <recipe>
    <head>
      <title>Apple-Cinnamon Baked French Toast</title>
      <categories>
        <cat>Breakfast</cat></categories>
      <yield>10</yield></head>
    <ingredients>
      <ing>
        <amt>
          <qty>1</qty>
          <unit>pound</unit></amt>
        <item>Loaf French bread</item></ing>
      <ing>
        <amt>
          <qty/>
          <unit/></amt>
        <item>Nonstick cooking spray</item></ing>
      <ing>
        <amt>
          <qty>8</qty>
          <unit>large</unit></amt>
        <item>Eggs; slightly beaten</item></ing>
      <ing>
        <amt>
          <qty>3 1/2</qty>
          <unit>cups</unit></amt>
        <item>Skim milk</item></ing>
      <ing>
        <amt>
          <qty>1</qty>
          <unit>cup</unit></amt>
        <item>Sugar; divided</item></ing>
      <ing>
        <amt>
          <qty>1</qty>
          <unit>tablespoon</unit></amt>
        <item>Vanilla extract</item></ing>
      <ing>
        <amt>
          <qty>6</qty>
          <unit>medium</unit></amt>
        <item>Apples;peel/core/thin slice</item></ing>
      <ing>
        <amt>
          <qty>3</qty>
          <unit>teaspoons</unit></amt>
        <item>Ground cinnamon</item></ing>
      <ing>
        <amt>
          <qty>1</qty>
          <unit>teaspoon</unit></amt>
        <item>Ground nutmeg</item></ing>
      <ing>
        <amt>
          <qty>1</qty>
          <unit>tablespoon</unit></amt>
        <item>Butter</item></ing></ingredients>
    <directions>
      <step>  1. Slice bread into 1 1/2-inch slices. Coat a 9-by-13-inch pan with
  nonstick cooking spray and tightly pack bread into pan.
  
  2. In a large bowl, stir together eggs, milk,  1/2 cup sugar and the
  vanilla. Pour half of the egg mixture over the bread slices.
  
  3. Evenly distribute apple slices over bread. Top with remaining  egg
  mixture.
  
  4. In a small bowl combine remaining  1/2 cup sugar, the cinnamon  and
  nutmeg. Sprinkle over apples. Dot with butter. Cover and refrigerate
  overnight.
  
  5. The next day, uncover pan and bake in a preheated 350-degree oven for 1
  hour. Remove from oven and let stand for 10 to 15 minutes. Cut into squares
  and serve warm.
  
  from Joseph Stefanic, Oak Park, Illinois
  
  Source: Chicago Sun Times, August 7, 1996
  Posted to MM-Recipes Digest V3 #296
  
  Date: Mon, 28 Oct 1996 16:20:21 +0000
  
  From: Linda Place &lt;placel@worldnet.att.net&gt;
 
</step></directions></recipe></recipeml>
