<?xml version="1.0" encoding="UTF-8"?>

<recipeml version="0.5">
  <recipe>
    <head>
      <title>Apple-Cranberry Compote</title>
      <categories>
        <cat>None</cat></categories>
      <yield>5</yield></head>
    <ingredients>
      <ing>
        <amt>
          <qty>5</qty>
          <unit/></amt>
        <item>Cooking apples -- peeled and</item></ing>
      <ing>
        <amt>
          <qty/>
          <unit/></amt>
        <item>Sliced</item></ing>
      <ing>
        <amt>
          <qty>1</qty>
          <unit>cup</unit></amt>
        <item>Fresh cranberries</item></ing>
      <ing>
        <amt>
          <qty>1</qty>
          <unit>cup</unit></amt>
        <item>Sugar</item></ing>
      <ing>
        <amt>
          <qty>1/2</qty>
          <unit>teaspoons</unit></amt>
        <item>Orange peel -- grated</item></ing>
      <ing>
        <amt>
          <qty>1/2</qty>
          <unit>cups</unit></amt>
        <item>Water</item></ing>
      <ing>
        <amt>
          <qty>1/4</qty>
          <unit>cups</unit></amt>
        <item>Port wine</item></ing>
      <ing>
        <amt>
          <qty/>
          <unit/></amt>
        <item>Dairy sour cream</item></ing></ingredients>
    <directions>
      <step>  Arrange apple slices and cranberries in slow-cooking pot.  Sprinkle sugar
  over fruit.  Add orange peel, water and wine.  Stir to mix ingredients.
  Cover and cook on low for 4 to 6 hours or until apples are tender.  Serve
  warm fruits with the juices, topped with dab of sour cream.
  
  Recipe By     :
  
  From: Ladies Home Journal- August 1991
  
  File ftp://ftp.idiscover.co.uk/pub/food/mealmaster/recipes/mmdja006.zip
 
</step></directions></recipe></recipeml>
