<?xml version="1.0" encoding="UTF-8"?>

<recipeml version="0.5">
  <recipe>
    <head>
      <title>Apple-Oatmeal Cookies</title>
      <categories>
        <cat>1</cat>
        <cat>Apples</cat>
        <cat>Cookies</cat>
        <cat>Favorites</cat></categories>
      <yield>1</yield></head>
    <ingredients>
      <ing>
        <amt>
          <qty>1 1/2</qty>
          <unit>cups</unit></amt>
        <item>Oats; rolled (raw), quick cooking</item></ing>
      <ing>
        <amt>
          <qty>3/4</qty>
          <unit>cups</unit></amt>
        <item>Flour</item></ing>
      <ing>
        <amt>
          <qty>3/4</qty>
          <unit>cups</unit></amt>
        <item>Whole-wheat flour</item></ing>
      <ing>
        <amt>
          <qty>1/2</qty>
          <unit>cups</unit></amt>
        <item>Brown sugar; firmly packed</item></ing>
      <ing>
        <amt>
          <qty>1</qty>
          <unit>teaspoon</unit></amt>
        <item>Baking powder</item></ing>
      <ing>
        <amt>
          <qty>1/4</qty>
          <unit>teaspoons</unit></amt>
        <item>Baking soda</item></ing>
      <ing>
        <amt>
          <qty>1/2</qty>
          <unit>teaspoons</unit></amt>
        <item>Salt</item></ing>
      <ing>
        <amt>
          <qty>1 1/2</qty>
          <unit>teaspoons</unit></amt>
        <item>Cinnamon</item></ing>
      <ing>
        <amt>
          <qty>1/2</qty>
          <unit>cups</unit></amt>
        <item>Raisins</item></ing>
      <ing>
        <amt>
          <qty>1</qty>
          <unit>cup</unit></amt>
        <item>Apples; peeled</item></ing>
      <ing>
        <amt>
          <qty>1</qty>
          <unit/></amt>
        <item>Egg; slightly beaten</item></ing>
      <ing>
        <amt>
          <qty>1/2</qty>
          <unit>cups</unit></amt>
        <item>Honey</item></ing>
      <ing>
        <amt>
          <qty>1/2</qty>
          <unit>cups</unit></amt>
        <item>Oil</item></ing>
      <ing>
        <amt>
          <qty>1/3</qty>
          <unit>cups</unit></amt>
        <item>Milk</item></ing></ingredients>
    <directions>
      <step>  * such as Granny Smith
  
  Preheat oven to 375 degrees. In a medium bowl, combine oats, flour, whole
  wheat flour, brown sugar, baking powder, baking soda, salt and cinnamon.
  Stir to combine. Stir in raisins and apples. In a large bowl, combine egg,
  honey, oil and milk. Stir in dry ingredients. Mix to form a smooth batter.
  Drop batter onto ungreased baking sheets, using a rounded teaspoon of dough
  for each cookie, leaving 2" between. Dip fingers into water, and press down
  to about 1-1/2-inch diameter. Bake for 10 to 12 minutes, or until lightly
  golden.
  
  MARY'S NOTE These soft, chewy cookies are perfect for filling the cookie
  jar AND mailing to our troops in Bosnia! Me ke aloha, Mary
  
  Source: Helen Jolly, Wis/Gramma
  
  Recipe by: Wis/Gramma
  
  Posted to TNT - Prodigy's Recipe Exchange Newsletter  by
  MarySpero@prodigy.com (MS MARY E SPERO) on 2 No, v 1997
 
</step></directions></recipe></recipeml>
