<?xml version="1.0" encoding="UTF-8"?>

<recipeml version="0.5">
  <recipe>
    <head>
      <title>Apple-Cranberry Bake</title>
      <categories>
        <cat>None</cat></categories>
      <yield>6</yield></head>
    <ingredients>
      <ing>
        <amt>
          <qty>5</qty>
          <unit>cups</unit></amt>
        <item>Sliced peeled all-purpose apples</item></ing>
      <ing>
        <amt>
          <qty>1</qty>
          <unit>cup</unit></amt>
        <item>Fresh or frozen; (thawed) cranberries</item></ing>
      <ing>
        <amt>
          <qty>1/3</qty>
          <unit>cups</unit></amt>
        <item>Granulated sugar</item></ing>
      <ing>
        <amt>
          <qty>2</qty>
          <unit>tablespoons</unit></amt>
        <item>Bisquick® Original baking mix</item></ing>
      <ing>
        <amt>
          <qty>1</qty>
          <unit>teaspoon</unit></amt>
        <item>Ground cinnamon</item></ing>
      <ing>
        <amt>
          <qty>1</qty>
          <unit>cup</unit></amt>
        <item>Bisquick Original baking mix</item></ing>
      <ing>
        <amt>
          <qty>1/2</qty>
          <unit>cups</unit></amt>
        <item>Chopped nuts</item></ing>
      <ing>
        <amt>
          <qty>1/4</qty>
          <unit>cups</unit></amt>
        <item>Packed brown sugar</item></ing>
      <ing>
        <amt>
          <qty>1/4</qty>
          <unit>cups</unit></amt>
        <item>Margarine or butter; * softened</item></ing></ingredients>
    <directions>
      <step>  1.Heat oven to 375ø
  
  2.Stir together apples, cranberries, granulated sugar, 2 tablespoons baking
  mix and the cinnamon in medium bowl. Spread in ungreased square baking
  dish, 8x8x2 inches.
  
  3.Stir together remaining ingredients; sprinkle evenly over apple mixture.
  
  4.Bake 35 to 40 minutes or until topping is brown.
  
  *If using spread, use only stick that has more than 65% vegetable oil.
  
  ®Reg. T.M. of General Mills, Inc. © Betty Crocker, 1997
  
  Busted by Karen Sonnessa &lt;ksonness@suffolk.lib.ny.us&gt;
  
  Recipe by: Betty Crocker Recipe Site
  
  Posted to Bakery-Shoppe Digest by "Karen Sonnessa"
  &lt;ksonness@suffolk.lib.ny.us&gt; on Apr 2, 1998
 
</step></directions></recipe></recipeml>
