<?xml version="1.0" encoding="UTF-8"?>

<recipeml version="0.5">
  <recipe>
    <head>
      <title>Apple-Fennel Salad with Fusilli</title>
      <categories>
        <cat>Vegetarian</cat>
        <cat>Vegan</cat>
        <cat>Salads</cat></categories>
      <yield>4</yield></head>
    <ingredients>
      <ing-div>
        <title>DRESSING</title>
        <ing>
          <amt>
            <qty>1/4</qty>
            <unit>cups</unit></amt>
          <item>Vinegar, red wine</item></ing>
        <ing>
          <amt>
            <qty>1 1/2</qty>
            <unit>tablespoons</unit></amt>
          <item>Olive oil</item></ing>
        <ing>
          <amt>
            <qty>1</qty>
            <unit>tablespoon</unit></amt>
          <item>Apple juice concentrate, frozen; thawed</item></ing>
        <ing>
          <amt>
            <qty>1 1/2</qty>
            <unit>teaspoons</unit></amt>
          <item>Thyme, dried</item></ing>
        <ing>
          <amt>
            <qty>1/2</qty>
            <unit>teaspoons</unit></amt>
          <item>Salt</item></ing>
        <ing>
          <amt>
            <qty>1/4</qty>
            <unit>teaspoons</unit></amt>
          <item>Pepper</item></ing></ing-div>
      <ing-div>
        <title>SALAD</title>
        <ing>
          <amt>
            <qty>8</qty>
            <unit>ounces</unit></amt>
          <item>Pasta, fusilli, uncooked</item></ing>
        <ing>
          <amt>
            <qty>3</qty>
            <unit/></amt>
          <item>Apples, Mcintosh; cored and diced</item></ing>
        <ing>
          <amt>
            <qty>2</qty>
            <unit>tablespoons</unit></amt>
          <item>Lemon juice</item></ing>
        <ing>
          <amt>
            <qty>1/2</qty>
            <unit>pounds</unit></amt>
          <item>Fennel; trimmed and thinly sliced (about 1 cup)</item></ing>
        <ing>
          <amt>
            <qty>1</qty>
            <unit>small</unit></amt>
          <item>Lettuce head, Boston</item></ing></ing-div></ingredients>
    <directions>
      <step>   Dressing: In a small bowl, combine all dressing ingredients. Mix well.
  
   Salad:  Boil pasta in salted water until cooked al dente, about 10
  minutes. Drain and set aside. In a medium bowl, toss apples and lemon
  juice. Stir in fennel and toss well.Combine pasta and apple-fennel
  mx\ixture in a medium serving bowl. Add dressing and toss well. Serve on a
  bed of lettuce. Serves 4.
  
   Per serving: 288 cal; 5 g port; 7 g fat; 53 g carb; 0 chol; 341 mg sod; 6
  g fiber
  
   From the files of DEEANNE
  
  From Gemini's MASSIVE MealMaster collection at www.synapse.com/~gemini
 
</step></directions></recipe></recipeml>
