<?xml version="1.0" encoding="UTF-8"?>

<recipeml version="0.5">
  <recipe>
    <head>
      <title>Aj's Southwestern Meatloaf</title>
      <categories>
        <cat>Main dish</cat>
        <cat>Meats</cat></categories>
      <yield>8</yield></head>
    <ingredients>
      <ing>
        <amt>
          <qty>2</qty>
          <unit>pounds</unit></amt>
        <item>Lean ground beef</item></ing>
      <ing>
        <amt>
          <qty>1/4</qty>
          <unit>cups</unit></amt>
        <item>Onion, chopped</item></ing>
      <ing>
        <amt>
          <qty>1/8</qty>
          <unit>cups</unit></amt>
        <item>Green pepper, chopped</item></ing>
      <ing>
        <amt>
          <qty>1</qty>
          <unit>teaspoon</unit></amt>
        <item>Salt</item></ing>
      <ing>
        <amt>
          <qty>1</qty>
          <unit>dash</unit></amt>
        <item>Cayenne pepper</item></ing>
      <ing>
        <amt>
          <qty>1/2</qty>
          <unit>cups</unit></amt>
        <item>Frozen whole-kernal corn</item></ing>
      <ing>
        <amt>
          <qty>2</qty>
          <unit/></amt>
        <item>Green onions, chopped</item></ing>
      <ing>
        <amt>
          <qty>1</qty>
          <unit>teaspoon</unit></amt>
        <item>Southwest Seasoning's Ajo Picante seasoning **</item></ing>
      <ing>
        <amt>
          <qty>1/2</qty>
          <unit>cups</unit></amt>
        <item>Plain bread crumbs</item></ing>
      <ing>
        <amt>
          <qty>2</qty>
          <unit>large</unit></amt>
        <item>Eggs</item></ing>
      <ing>
        <amt>
          <qty>1/2</qty>
          <unit>cups</unit></amt>
        <item>Pace Picante sauce</item></ing>
      <ing>
        <amt>
          <qty>2 1/2</qty>
          <unit>tablespoons</unit></amt>
        <item>Green chilis, chopped</item></ing>
      <ing>
        <amt>
          <qty>1</qty>
          <unit>cup</unit></amt>
        <item>Monterey Jack cheese, shredded</item></ing>
      <ing>
        <amt>
          <qty>1/4</qty>
          <unit>cups</unit></amt>
        <item>Black olives, sliced</item></ing>
      <ing>
        <amt>
          <qty>1</qty>
          <unit>cup</unit></amt>
        <item>Chili sauce</item></ing></ingredients>
    <directions>
      <step>  ** I used 1 teaspoon of Schilling Mexican seasoning as a substitution for
  the Ajo Picante seasoning -- it tasted just fine. **
  
  Preheat oven to 350 degrees. In a large bowl, combine the ground beef,
  onion, green pepper, garlic, salt, cayenne pepper, frozen corn, green
  onion, Ajo Picante seasoning, bread crumbs, eggs, picante sauce, green
  chilies, cheese, olives and chili sauce. Mix well with your hands. Place
  into a greased 9- by 5-inch loaf pan and bake for about 1 to 1 1/2 hours,
  until meat is no longer pink and juices run clear.
  
  Chef Ernest Muniz Treet's Deli, Phoenix, Arizona. (c) Arizona Republic,
  6/5/96.
  
  Hunt and pecked by John Blackwell, Taylorsville, Utah,
  scooter@xmission.com.
  Posted to MM-Recipes Digest  by "John Weber" &lt;hdbrer@ibm.net&gt; on Mar 22, 98
 
</step></directions></recipe></recipeml>
