<?xml version="1.0" encoding="UTF-8"?>

<recipeml version="0.5">
  <recipe>
    <head>
      <title>Ajam Panggang (Indonesian Barbecued Chicken)</title>
      <categories>
        <cat>Fruits</cat>
        <cat>Harned 1994</cat>
        <cat>Indonesian</cat>
        <cat>Main dish</cat>
        <cat>Poultry</cat></categories>
      <yield>4</yield></head>
    <ingredients>
      <ing>
        <amt>
          <qty>3</qty>
          <unit>pounds</unit></amt>
        <item>Broiler chicken</item></ing>
      <ing>
        <amt>
          <qty>1</qty>
          <unit>cup</unit></amt>
        <item>Kecap (or ketjap) manis*</item></ing>
      <ing>
        <amt>
          <qty>2</qty>
          <unit/></amt>
        <item>Garlic cloves peeled and mashed</item></ing>
      <ing>
        <amt>
          <qty>2</qty>
          <unit>tablespoons</unit></amt>
        <item>Fresh lime juice</item></ing>
      <ing>
        <amt>
          <qty>1/2</qty>
          <unit>cups</unit></amt>
        <item>Melted, unsalted butter</item></ing>
      <ing>
        <amt>
          <qty>1/2</qty>
          <unit>teaspoons</unit></amt>
        <item>Grated fresh ginger</item></ing>
      <ing>
        <amt>
          <qty>1</qty>
          <unit>teaspoon</unit></amt>
        <item>Sambal oelek**</item></ing>
      <ing>
        <amt>
          <qty>1</qty>
          <unit>package</unit></amt>
        <item>Kroepoek oedang***</item></ing>
      <ing>
        <amt>
          <qty/>
          <unit/></amt>
        <item>Cornstarch to thicken marinade for sauce</item></ing></ingredients>
    <directions>
      <step>  *Sweet soy sauce.
  
  **Hot pepper sauce.
  
  ***Shrimp puffs.
  
  Note:  Ingredients from Indonesia are available at many Dutch, Chinese,
  Vietnamese and Indonesian specialty stores.  This...dish is good with Nasi
  Goreng (fried rice).
  
  Cut chicken into 8 pieces.  Combine remaining ingredients, except shrimp
  puffs, in large bowl.  Add chicken pieces; toss to coat. Marinate 2 hours
  at room temperature, stirring occasionally.  Remove chicken pieces from
  marinade (reserving some of the marinade for basting and the rest for
  sauce).
  
  Roast, uncovered, at 400 F. for 35 to 40 minutes or until done, basting as
  needed.  If browning too quickly, cover with foil.  (In summer, barbecue
  over charcoal fire.)
  
  Heat reserved marinade with cornstarch until thickened and serve as sauce,
  if desired.  Serve with shrimp puffs on the side.  For these, simply
  deep-fry in hot fat or oil (375 F. on fat thermometer), draining at once on
  paper towels.  The chips will puff up as soon as they hit the fat.
  
  Yield: 4 servings on its own, 6 as part of an Indonesian rice table.
  
  From _Nancy Enright's Canadian Herb Cookbook_ by Nancy Enright. Toronto:
  James Lorimer &amp; Company, 1985.  Pg. 57.  ISBN 0-88862-788-2. Electronic
  format by Cathy Harned.
    Posted to MM-Recipes Digest V3 #255
  
    Date: Tue, 17 Sep 1996 22:37:48 -0700
  
    From: Julie Bertholf &lt;jewel1@ix.netcom.com&gt;
 
</step></directions></recipe></recipeml>
