<?xml version="1.0" encoding="UTF-8"?>

<recipeml version="0.5">
  <recipe>
    <head>
      <title>Ajar</title>
      <categories>
        <cat>Salad</cat></categories>
      <yield>4</yield></head>
    <ingredients>
      <ing>
        <amt>
          <qty>3</qty>
          <unit>tablespoons</unit></amt>
        <item>Rice vinegar</item></ing>
      <ing>
        <amt>
          <qty>1</qty>
          <unit>tablespoon</unit></amt>
        <item>Sugar</item></ing>
      <ing>
        <amt>
          <qty>1/2</qty>
          <unit>teaspoons</unit></amt>
        <item>Salt</item></ing>
      <ing>
        <amt>
          <qty>1</qty>
          <unit>dash</unit></amt>
        <item>Black pepper</item></ing>
      <ing>
        <amt>
          <qty>1</qty>
          <unit>medium</unit></amt>
        <item>Cucumber; peeled</item></ing>
      <ing>
        <amt>
          <qty>1/2</qty>
          <unit>cups</unit></amt>
        <item>Red onion; thinnly sliced</item></ing>
      <ing>
        <amt>
          <qty>2</qty>
          <unit>tablespoons</unit></amt>
        <item>Cilantro leaves; chopped</item></ing>
      <ing>
        <amt>
          <qty>1</qty>
          <unit>small</unit></amt>
        <item>Fresh red or green chili</item></ing></ingredients>
    <directions>
      <step>  In a medium bowl, stir vinegar, sugar, salt, and pepper until sugar &amp; salt
  are dissolved.  Quarter cucumber lengthwise.  Remove seeds.  Cut quarters
  crossswise into 1/8" thick slices.  Add cucumber, onion, cilantro &amp; chili
  to vinegar dressing; toss until combined. Cover and marinate in the
  refrigerator for 3 hours, stirring occasionally.
  
  Date:    6/28/96 7:27 AM
  
  From: dlassiter@atsva.com
  
  MC-Recipe Digest V1 #133
  
  From the MasterCook recipe list.  Downloaded from Glen's MM Recipe Archive,
  http://www.erols.com/hosey.
 
</step></directions></recipe></recipeml>
