<?xml version="1.0" encoding="UTF-8"?>

<recipeml version="0.5">
  <recipe>
    <head>
      <title>Aji Sauce #2</title>
      <categories>
        <cat>Sauce</cat></categories>
      <yield>1</yield></head>
    <ingredients>
      <ing>
        <amt>
          <qty>1</qty>
          <unit/></amt>
        <item>Whole onion, finely chopped</item></ing>
      <ing>
        <amt>
          <qty>1/2</qty>
          <unit>bunches</unit></amt>
        <item>Parsley, finely chopped</item></ing>
      <ing>
        <amt>
          <qty>1</qty>
          <unit/></amt>
        <item>Whole Aji Peppers, ground</item></ing></ingredients>
    <directions>
      <step>  Fry finely chopped onion in oil. Add chopped parsley and ground aji. Add a
  little water and cook until onion is tender.
  
  NOTES : This recipe comes from a recipe book distributed by the Embassy o=
  f Bolivia at a course on South American cuisine sponsored by the
  Smithsonian:
  Recipe by: lroberts @ csc.com Posted to CHILE-HEADS DIGEST V3 #334 by Walt
  Gray &lt;waltgray@mnsinc.com&gt; on May 24, 1997
 
</step></directions></recipe></recipeml>
