<?xml version="1.0" encoding="UTF-8"?>

<recipeml version="0.5">
  <recipe>
    <head>
      <title>Aji Molido (Chile Paste - Red)</title>
      <categories>
        <cat>S. america</cat>
        <cat>Condiments</cat>
        <cat>Upload</cat></categories>
      <yield>1</yield></head>
    <ingredients>
      <ing-div>
        <title/>
        <ing>
          <amt>
            <qty>15</qty>
            <unit/></amt>
          <item>Chiles, red, New Mexican</item></ing>
        <ing>
          <amt>
            <qty>1/4</qty>
            <unit>cups</unit></amt>
          <item>Oil, olive</item></ing>
        <ing>
          <amt>
            <qty>1</qty>
            <unit/></amt>
          <item>Garlic clove; minced</item></ing>
        <ing>
          <amt>
            <qty>2</qty>
            <unit>tablespoons</unit></amt>
          <item>Vinegar</item></ing>
        <ing>
          <amt>
            <qty>1</qty>
            <unit>teaspoon</unit></amt>
          <item>Salt</item></ing></ing-div>
      <ing-div>
        <title>HEAT SCALE - HOT</title></ing-div></ingredients>
    <directions>
      <step>    If the chiles are dried, soak in water till softened. Remove seeds and
  stems. Combine all ingredient in a food processor and puree to a fine
  paste. This is a HOT condiment.
    This South American chile paste can be used as a substitute whenever
  fresh chiles are called for. It will keep for two weeks or more in the
  refrigerator. For longer storage, increase the vinegar and reduce the
  amount of olive oil.
  
  From Gemini's MASSIVE MealMaster collection at www.synapse.com/~gemini
 
</step></directions></recipe></recipeml>
