<?xml version="1.0" encoding="UTF-8"?>

<recipeml version="0.5">
  <recipe>
    <head>
      <title>Ajiaco Criollo Cuban Creole Stew</title>
      <categories>
        <cat>Meat</cat>
        <cat>Taste</cat>
        <cat>Tvfn</cat></categories>
      <yield>1</yield></head>
    <ingredients>
      <ing-div>
        <title>FOR THE BROTH</title>
        <ing>
          <amt>
            <qty>1/2</qty>
            <unit>pounds</unit></amt>
          <item>Tasajo (jerked beef); cut in 2-inch chunks</item></ing>
        <ing>
          <amt>
            <qty>1</qty>
            <unit>pound</unit></amt>
          <item>Pork meat; cut in 2-inch chunks</item></ing>
        <ing>
          <amt>
            <qty>1</qty>
            <unit>pound</unit></amt>
          <item>Beef brisket; cut in 2-inch chunks</item></ing>
        <ing>
          <amt>
            <qty>1</qty>
            <unit/></amt>
          <item>Bay leaf</item></ing></ing-div>
      <ing-div>
        <title>FOR THE SOFRITO</title>
        <ing>
          <amt>
            <qty>1/4</qty>
            <unit>cups</unit></amt>
          <item>Vegetable oil</item></ing>
        <ing>
          <amt>
            <qty>2</qty>
            <unit>large</unit></amt>
          <item>Onions; peeled &amp; chopped</item></ing>
        <ing>
          <amt>
            <qty>1</qty>
            <unit>medium</unit></amt>
          <item>Green bell pepper; cored,seeded,chopped</item></ing>
        <ing>
          <amt>
            <qty>3</qty>
            <unit/></amt>
          <item>Cloves garlic; minced</item></ing>
        <ing>
          <amt>
            <qty>1</qty>
            <unit>teaspoon</unit></amt>
          <item>Freshly ground pepper</item></ing>
        <ing>
          <amt>
            <qty>1/2</qty>
            <unit>teaspoons</unit></amt>
          <item>Ground cumin</item></ing>
        <ing>
          <amt>
            <qty>1</qty>
            <unit>cup</unit></amt>
          <item>Tomatoes (canned are fine); crushed</item></ing></ing-div>
      <ing-div>
        <title>TO COMPLETE STEW</title>
        <ing>
          <amt>
            <qty>1/2</qty>
            <unit>pounds</unit></amt>
          <item>(1 medium) yellow malanga</item></ing>
        <ing>
          <amt>
            <qty>1</qty>
            <unit>pound</unit></amt>
          <item>(2 medium) white malanga</item></ing>
        <ing>
          <amt>
            <qty>1</qty>
            <unit>pound</unit></amt>
          <item>(2 medium) boniato</item></ing>
        <ing>
          <amt>
            <qty>1/2</qty>
            <unit>pounds</unit></amt>
          <item>(1/2 medium) name</item></ing>
        <ing>
          <amt>
            <qty>1</qty>
            <unit>pound</unit></amt>
          <item>(2 medium) yucca</item></ing>
        <ing>
          <amt>
            <qty>1</qty>
            <unit>pound</unit></amt>
          <item>(1/2 medium) calabaza</item></ing>
        <ing>
          <amt>
            <qty>2</qty>
            <unit/></amt>
          <item>Ears corn; husked</item></ing>
        <ing>
          <amt>
            <qty>2</qty>
            <unit/></amt>
          <item>Green plantains</item></ing>
        <ing>
          <amt>
            <qty>1/4</qty>
            <unit>cups</unit></amt>
          <item>Fresh lime juice</item></ing>
        <ing>
          <amt>
            <qty>2</qty>
            <unit/></amt>
          <item>Semi-ripe (yellow) plantains</item></ing>
        <ing>
          <amt>
            <qty>1</qty>
            <unit/></amt>
          <item>Ripe (almost black) plantain</item></ing></ing-div></ingredients>
    <directions>
      <step>  Make the broth:
  
  Cover the tasajo with cold water and soak it for at least 8 hours. (There
  is no need to refrigerate it.) Change the water and continue soaking for
  another hour. Drain again and rinse under cold running water. Put the
  tasajo in a large, heavy pot and add about 6 quarts of water. Bring to a
  boil, reduce the heat and simmer, covered for 1 hour. Add the pork, beef
  brisket, and bay leaf, and let the three meats cook together until tender.
  Remove the pot from the heat and skim as much fat as possible from the
  broth. (If you have time, the best way is to refrigerate the broth
  overnight until the fat solidifies and then remove it.)
  
  Make the Sofrito:
  
  Heat the oil in a skillet over medium heat and saute the onions and green
  pepper until the onions are translucent, about 3 minutes. Add the garlic
  and cook 2 minutes more. Add the pepper, cumin, and tomatoes and cook for
  another 2 minutes.
  
  Add the sofrito to the broth and simmer, covered, while you prepare the
  vegetables.
  
  Complete the Dish:
  
  Peel the malanga, boniato, name, yucca, and calabaza and cube them. Cut the
  corn and green plantains&amp;nbsp;into 1 1/2-inch pieces. With a knife slit the
  skin of each piece of greenplantain by opening it away from the center as
  if you were taking off a coat. Sprinkle the plantain pieces with the lime
  juice. Slit the semi-ripe and ripe plantains lengthwise and slice them
  crosswise into 1 1/2-inch rounds. Do not remove their skins or they will
  disintegrate in the stew.
  
  Add the green plantains to the simmering stew. After about 15 minutes, add
  the semiripe plantains. After another 15 minutes, add the ripe plantains
  and let them simmer for about 10 minutes.
  
  Serve hot in soup plates or, cocido-style, with the meats, vegetables, and
  broth in separate dishes. ( Each diner removes the skin from the semi-ripe
  and ripe plantains themselves.)
  Recipe By     : TVFN - Taste - Show # 4881
  
  Posted to MC-Recipe Digest V1 #314
  
  Date: Sun, 24 Nov 1996 15:53:26 -0500
  
  From: Doc1946@aol.com
 
</step></directions></recipe></recipeml>
