<?xml version="1.0" encoding="UTF-8"?>

<recipeml version="0.5">
  <recipe>
    <head>
      <title>Ajiaco Del Restaurant Garcia</title>
      <categories>
        <cat>Poultry</cat>
        <cat>Ethnic</cat>
        <cat>Vegetables</cat>
        <cat>Kooknet</cat></categories>
      <yield>4</yield></head>
    <ingredients>
      <ing>
        <amt>
          <qty>2</qty>
          <unit>tablespoons</unit></amt>
        <item>Butter</item></ing>
      <ing>
        <amt>
          <qty>1</qty>
          <unit>teaspoon</unit></amt>
        <item>Cayenne Pepper</item></ing>
      <ing>
        <amt>
          <qty>1</qty>
          <unit>cup</unit></amt>
        <item>Unsalted Chicken Stock</item></ing>
      <ing>
        <amt>
          <qty>4</qty>
          <unit/></amt>
        <item>Ears Yellow Corn, shucked,</item></ing>
      <ing>
        <amt>
          <qty/>
          <unit/></amt>
        <item>Sliced into 1" wheels</item></ing>
      <ing>
        <amt>
          <qty>3</qty>
          <unit>pounds</unit></amt>
        <item>Chicken Breasts, cut up</item></ing>
      <ing>
        <amt>
          <qty>2</qty>
          <unit>teaspoons</unit></amt>
        <item>Sweet Paprika</item></ing>
      <ing>
        <amt>
          <qty>1</qty>
          <unit>cup</unit></amt>
        <item>Onions, finely diced</item></ing>
      <ing>
        <amt>
          <qty>3</qty>
          <unit>cups</unit></amt>
        <item>Milk</item></ing>
      <ing>
        <amt>
          <qty>2</qty>
          <unit>large</unit></amt>
        <item>Yucca, peeled and diced</item></ing>
      <ing>
        <amt>
          <qty>1</qty>
          <unit/></amt>
        <item>Lime, juiced</item></ing></ingredients>
    <directions>
      <step>  Melt the butter in a 6 qt. pot over medium heat. Cook chicken pieces in the
  butter until no longer pink. Remove chicken with slotted spoon and place in
  in a bowl. Put onion, garlic, cayenne, and paprika in pot and cook while
  stirring, until onion is translucent and colored with the paprika. Add
  stock, milk, yucca, corn, and chicken to the pot. Bring almost to a boil
  then reduce heat, cover and simmer, stirring every now and then, for about
  1 hour, or until yucca is tender. Remove from heat and stir in lime juice.
  Serve with Cuban or French bread that has been sliced and broiled until
  golden.
  
  As an alternative frozen corn on the cob will work, as well as fresh frozen
  kernels. The fresh corn cob seems to impart a nice flavor to this dish.
  
  If you're wondering what to do with the wheels of corn, just pick 'em up
  with your fingers and nibble 'round the rims.
  
  From Gemini's MASSIVE MealMaster collection at www.synapse.com/~gemini
 
</step></directions></recipe></recipeml>
