<?xml version="1.0" encoding="UTF-8"?>

<recipeml version="0.5">
  <recipe>
    <head>
      <title>Ajilimojili (Garlic and Pepper Sauce)</title>
      <categories>
        <cat>Sauce/gravy</cat>
        <cat>Puerto rico</cat>
        <cat>Caribbean</cat>
        <cat>Upload</cat></categories>
      <yield>3</yield></head>
    <ingredients>
      <ing>
        <amt>
          <qty>3</qty>
          <unit/></amt>
        <item>Peppers, red, hot; seeded</item></ing>
      <ing>
        <amt>
          <qty>3</qty>
          <unit/></amt>
        <item>Peppers, bell, red; seeded</item></ing>
      <ing>
        <amt>
          <qty>4</qty>
          <unit/></amt>
        <item>Peppercorns, white</item></ing>
      <ing>
        <amt>
          <qty>4</qty>
          <unit>large</unit></amt>
        <item>Garlic cloves; peeled</item></ing>
      <ing>
        <amt>
          <qty>2</qty>
          <unit>teaspoons</unit></amt>
        <item>Salt</item></ing>
      <ing>
        <amt>
          <qty>1/2</qty>
          <unit>cups</unit></amt>
        <item>Lime juice</item></ing>
      <ing>
        <amt>
          <qty>1/2</qty>
          <unit>cups</unit></amt>
        <item>Oil, olive</item></ing></ingredients>
    <directions>
      <step>    Pound peppers, peppercorns, garlic and salt in a mortar, or chop in
  processor finely. Transfer to a bowl and beat in lime juice and oil. Served
  with suckling pig.
    MM and upload by DonW1948@aol.com / CBCC Submitted By DONW1948@AOL.COM On
  SAT, 9 SEP 1995 204220 -0400
  
  From Gemini's MASSIVE MealMaster collection at www.synapse.com/~gemini
 
</step></directions></recipe></recipeml>
