<?xml version="1.0" encoding="UTF-8"?>

<recipeml version="0.5">
  <recipe>
    <head>
      <title>Ajo Blanco Cool Garlic and Almond Soup</title>
      <categories>
        <cat>None</cat></categories>
      <yield>4</yield></head>
    <ingredients>
      <ing>
        <amt>
          <qty>3/4</qty>
          <unit>cups</unit></amt>
        <item>Blanched almonds</item></ing>
      <ing>
        <amt>
          <qty>6</qty>
          <unit/></amt>
        <item>Cloves garlic peeled; whole</item></ing>
      <ing>
        <amt>
          <qty>3</qty>
          <unit>tablespoons</unit></amt>
        <item>Sherry vinegar</item></ing>
      <ing>
        <amt>
          <qty>1/2</qty>
          <unit>cups</unit></amt>
        <item>White seedless grapes</item></ing>
      <ing>
        <amt>
          <qty>2</qty>
          <unit/></amt>
        <item>Pieces white bread; crust removed</item></ing>
      <ing>
        <amt>
          <qty>1/4</qty>
          <unit>cups</unit></amt>
        <item>Extra virgin olive oil</item></ing>
      <ing>
        <amt>
          <qty>3</qty>
          <unit>cups</unit></amt>
        <item>Water; very cold</item></ing>
      <ing>
        <amt>
          <qty/>
          <unit/></amt>
        <item>Salt and pepper; to taste</item></ing>
      <ing>
        <amt>
          <qty>12</qty>
          <unit/></amt>
        <item>Muscat grapes; for garnish</item></ing></ingredients>
    <directions>
      <step>  Place almonds and garlic in food processor and blend until very fine. Add
  sherry vinegar and grapes and bread and blend until smooth. With machine
  running, drizzle in the olive oil first and then the water. Strain in a
  soup tureen and season pretty aggressively. Drizzle sherry vinegar on to
  bowls of soup and garnish with grapes.
  
  Yield: 4 servings as appetizer
  
  Recipe by: MEDITERRANEAN MARIO #ME1A39
  
  Posted to MC-Recipe Digest by Sue &lt;suechef@sover.net&gt; on Feb 26, 1998
 
</step></directions></recipe></recipeml>
