<?xml version="1.0" encoding="UTF-8"?>

<recipeml version="0.5">
  <recipe>
    <head>
      <title>Ajvar</title>
      <categories>
        <cat>Appetizers</cat>
        <cat>Vegetarian</cat>
        <cat>Vegan</cat></categories>
      <yield>6</yield></head>
    <ingredients>
      <ing>
        <amt>
          <qty>2</qty>
          <unit>large</unit></amt>
        <item>Eggplants</item></ing>
      <ing>
        <amt>
          <qty>6</qty>
          <unit>large</unit></amt>
        <item>Red or green sweet peppers</item></ing>
      <ing>
        <amt>
          <qty/>
          <unit/></amt>
        <item>Salt</item></ing>
      <ing>
        <amt>
          <qty/>
          <unit/></amt>
        <item>Pepper</item></ing>
      <ing>
        <amt>
          <qty>1</qty>
          <unit/></amt>
        <item>Garlic clove; minced</item></ing>
      <ing>
        <amt>
          <qty>1</qty>
          <unit/></amt>
        <item>Lemon; juiced</item></ing>
      <ing>
        <amt>
          <qty>1/2</qty>
          <unit>cups</unit></amt>
        <item>Oil, preferably olive oil</item></ing>
      <ing>
        <amt>
          <qty/>
          <unit/></amt>
        <item>Parsley; minced</item></ing></ingredients>
    <directions>
      <step>  Bake eggplants and sweet peppers at 350 F until tender when pierced with a
  fork.  Peel skin from hot vegetables and chop or mince the vegetables.
  Season to taste with salt and pepper and stir in the garlic and lemon
  juice. Gradually stir in as much of the oil as the vegetables will absorb.
  Mix well.  Pile into a glass dish and sprinkle with parsley.
  
  Source: Jane Rinear "Our Favorite Recipes" St. Anthony Croatian Catholic
  Church Typed for you by Karen Mintzias
  
  From Gemini's MASSIVE MealMaster collection at www.synapse.com/~gemini
 
</step></directions></recipe></recipeml>
