<?xml version="1.0" encoding="UTF-8"?>

<recipeml version="0.5">
  <recipe>
    <head>
      <title>Akoori (Parsi Spicy Scrambled Eggs)</title>
      <categories>
        <cat>Eggs</cat>
        <cat>Parsi</cat></categories>
      <yield>4</yield></head>
    <ingredients>
      <ing>
        <amt>
          <qty>6</qty>
          <unit/></amt>
        <item>Eggs</item></ing>
      <ing>
        <amt>
          <qty>4</qty>
          <unit>tablespoons</unit></amt>
        <item>Milk</item></ing>
      <ing>
        <amt>
          <qty>3/4</qty>
          <unit>teaspoons</unit></amt>
        <item>Salt</item></ing>
      <ing>
        <amt>
          <qty>1/4</qty>
          <unit>teaspoons</unit></amt>
        <item>Black pepper</item></ing>
      <ing>
        <amt>
          <qty>2</qty>
          <unit>tablespoons</unit></amt>
        <item>Ghee</item></ing>
      <ing>
        <amt>
          <qty>6</qty>
          <unit/></amt>
        <item>Spring onions, chopped</item></ing>
      <ing>
        <amt>
          <qty>3</qty>
          <unit/></amt>
        <item>Fresh green chillies</item></ing>
      <ing>
        <amt>
          <qty/>
          <unit/></amt>
        <item>Seeded and chopped</item></ing>
      <ing>
        <amt>
          <qty>1</qty>
          <unit>teaspoon</unit></amt>
        <item>Finely grated fresh ginger</item></ing>
      <ing>
        <amt>
          <qty>1/8</qty>
          <unit>teaspoons</unit></amt>
        <item>Ground turmeric</item></ing>
      <ing>
        <amt>
          <qty>2</qty>
          <unit>tablespoons</unit></amt>
        <item>Chopped fresh coriander</item></ing>
      <ing>
        <amt>
          <qty/>
          <unit/></amt>
        <item>Leaves</item></ing>
      <ing>
        <amt>
          <qty>1</qty>
          <unit/></amt>
        <item>Ripe tomato, diced</item></ing>
      <ing>
        <amt>
          <qty>1/2</qty>
          <unit>teaspoons</unit></amt>
        <item>Ground cummin</item></ing>
      <ing>
        <amt>
          <qty/>
          <unit/></amt>
        <item>Tomato wedges to garnish</item></ing>
      <ing>
        <amt>
          <qty/>
          <unit/></amt>
        <item>Sprig fresh coriander leaves</item></ing>
      <ing>
        <amt>
          <qty/>
          <unit/></amt>
        <item>To garnish</item></ing></ingredients>
    <directions>
      <step>  Beat eggs until well mixed. Add the milk, salt and pepper. Heat ghee in a
  large, heavy frying pan and cook the spring onions, chillies and ginger
  until soft. Add turmeric, coriander leaves and tomato and fry for a minute
  or two longer, then stir in the egg mixture and the ground cummin. Cook
  over low heat, stirring and lifting the eggs as they begin to set on the
  base of the pan. Mix and cook until the eggs are of a creamy
  consistency-they should not be cooked until dry. Turn on a serving plate
  and garnish with tomato and coriander. Serve with chapatis or parathas or
  just plain bread.
  
  Compiled by Imran C.
  Posted to EAT-L Digest 15 November 96
  
  Date:    Sat, 16 Nov 1996 19:17:58 +1000
  
  From:    "I. Chaudhary" &lt;imranc@ONTHENET.COM.AU&gt;
 
</step></directions></recipe></recipeml>
