<?xml version="1.0" encoding="UTF-8"?>

<recipeml version="0.5">
  <recipe>
    <head>
      <title>Akotonshi (Stuffed Crabs)</title>
      <categories>
        <cat>None</cat></categories>
      <yield>6</yield></head>
    <ingredients>
      <ing>
        <amt>
          <qty>1</qty>
          <unit>teaspoon</unit></amt>
        <item>Salt</item></ing>
      <ing>
        <amt>
          <qty>1</qty>
          <unit/></amt>
        <item>Inch fresh ginger root</item></ing>
      <ing>
        <amt>
          <qty>6</qty>
          <unit/></amt>
        <item>Whole cloves</item></ing>
      <ing>
        <amt>
          <qty>4</qty>
          <unit>tablespoons</unit></amt>
        <item>Vegetable oil</item></ing>
      <ing>
        <amt>
          <qty>1</qty>
          <unit>small</unit></amt>
        <item>Onion -- minced</item></ing>
      <ing>
        <amt>
          <qty>1</qty>
          <unit>teaspoon</unit></amt>
        <item>Ground ginger</item></ing>
      <ing>
        <amt>
          <qty>2</qty>
          <unit/></amt>
        <item>Tomatoes -- finely chopped</item></ing>
      <ing>
        <amt>
          <qty>1</qty>
          <unit>tablespoon</unit></amt>
        <item>Tomato paste</item></ing>
      <ing>
        <amt>
          <qty>2</qty>
          <unit/></amt>
        <item>Bell peppers -- finely</item></ing>
      <ing>
        <amt>
          <qty/>
          <unit/></amt>
        <item>Chopped</item></ing>
      <ing>
        <amt>
          <qty/>
          <unit>pinches</unit></amt>
        <item>Paprika</item></ing>
      <ing>
        <amt>
          <qty>1</qty>
          <unit>teaspoon</unit></amt>
        <item>Cayenne pepper</item></ing>
      <ing>
        <amt>
          <qty>1</qty>
          <unit>tablespoon</unit></amt>
        <item>Dried shrimp -- from</item></ing>
      <ing>
        <amt>
          <qty/>
          <unit/></amt>
        <item>Oriental shop</item></ing>
      <ing>
        <amt>
          <qty>1/2</qty>
          <unit>cups</unit></amt>
        <item>Bread crumbs -- whole wheat</item></ing>
      <ing>
        <amt>
          <qty>1</qty>
          <unit/></amt>
        <item>Egg -- hard Boiled chopped</item></ing>
      <ing>
        <amt>
          <qty>1</qty>
          <unit/></amt>
        <item>Sprig parsley</item></ing>
      <ing>
        <amt>
          <qty>2</qty>
          <unit>pounds</unit></amt>
        <item>Crab meat</item></ing></ingredients>
    <directions>
      <step>  [I think this recipe assumes raw crabmeat to start; refer to instructions
  below about boiling crab meat and alter technique if using pre-cooked crab
  meat, perhaps by just boiling some ginger and cloves in small amount of
  water and adding a bit to flavor crab.  -- cmt]
  
  Put crab meat in boiling salted water along with ginger piece and cloves.
  Cook about 15 minutes, until meat is tender enough to flake with a fork.
  Drain, flake and set aside.
  
  In a heavy pot, heat oil to a moderate temperature and add other
  ingredients in the following sequence, stirring for a minute or so between
  each: onions, ground ginger, tomatoes, tomato paste, green pepper, paprika,
  cayenne, and dried shrimp.  Reduce heat and simmer for 4-5 minutes,
  stirring constantly, until vegetables are cooked.  Add crab meat and stir
  another couple of minutes to heat it through.  Then spoon the mixture into
  clean crab shells or ramekins (small individual baking dishes).
  
  Sprinkle bread crumbs on top of each crab and toast under an oven broiler,
  being careful not to let the crumbs scorch.  Garnish with egg and parsley.
  
  Recipe By     : African News Cookbook-African Cooking for Western Kitchens
  
  From: Ladies Home Journal- August 1991
  
  File ftp://ftp.idiscover.co.uk/pub/food/mealmaster/recipes/mmdja006.zip
 
</step></directions></recipe></recipeml>
