<?xml version="1.0" encoding="UTF-8"?>

<recipeml version="0.5">
  <recipe>
    <head>
      <title>Al's Chocolate To the Max</title>
      <categories>
        <cat>Desserts</cat></categories>
      <yield>6</yield></head>
    <ingredients>
      <ing>
        <amt>
          <qty>6</qty>
          <unit>ounces</unit></amt>
        <item>Package of semisweet</item></ing>
      <ing>
        <amt>
          <qty/>
          <unit/></amt>
        <item>Chocolate chips</item></ing>
      <ing>
        <amt>
          <qty>1</qty>
          <unit/></amt>
        <item>Egg</item></ing>
      <ing>
        <amt>
          <qty>1</qty>
          <unit>teaspoon</unit></amt>
        <item>Vanilla</item></ing>
      <ing>
        <amt>
          <qty>1</qty>
          <unit>teaspoon</unit></amt>
        <item>Almond extract</item></ing>
      <ing>
        <amt>
          <qty>1</qty>
          <unit>tablespoon</unit></amt>
        <item>Creme de cacao liqueur</item></ing>
      <ing>
        <amt>
          <qty>1</qty>
          <unit>cup</unit></amt>
        <item>Whipping cream</item></ing></ingredients>
    <directions>
      <step>  Blend together first 4 ingredients while microwaving the cream until just
  beginning to boil. With blender going add the hot cream and blend until
  well combined. Pour into small sherbet or wine glasses (I use the
  disposable plastic ones) and refrigerate for several hours. This is
  chocolate to the MAX! Few people refuse one of these and few can eat more
  than one.
  Posted to EAT-L Digest 01 Aug 96
  
  Date:    Fri, 2 Aug 1996 10:47:08 -0500
  
  From:    LD Goss &lt;ldgoss@METRONET.COM&gt;
  NOTES : This is a heavenly sauce for ice cream.
 
</step></directions></recipe></recipeml>
