<?xml version="1.0" encoding="UTF-8"?>

<recipeml version="0.5">
  <recipe>
    <head>
      <title>Al's Seafood Bisque</title>
      <categories>
        <cat>Soups/stews</cat>
        <cat>Seafood</cat></categories>
      <yield>6</yield></head>
    <ingredients>
      <ing>
        <amt>
          <qty>2</qty>
          <unit>cups</unit></amt>
        <item>Dry white wine</item></ing>
      <ing>
        <amt>
          <qty>1</qty>
          <unit/></amt>
        <item>Bay leaf</item></ing>
      <ing>
        <amt>
          <qty>1</qty>
          <unit/></amt>
        <item>Onion, roughly chopped</item></ing>
      <ing>
        <amt>
          <qty>1</qty>
          <unit>clove</unit></amt>
        <item>Garlic</item></ing>
      <ing>
        <amt>
          <qty>2</qty>
          <unit/></amt>
        <item>Ribs celery</item></ing>
      <ing>
        <amt>
          <qty>1</qty>
          <unit/></amt>
        <item>Lobster (1- 1 1/2 lb)</item></ing>
      <ing>
        <amt>
          <qty>12</qty>
          <unit>medium</unit></amt>
        <item>Shrimp in the shell</item></ing>
      <ing>
        <amt>
          <qty>24</qty>
          <unit/></amt>
        <item>Mussels, well scrubbed</item></ing>
      <ing>
        <amt>
          <qty>12</qty>
          <unit/></amt>
        <item>Sea scallops</item></ing>
      <ing>
        <amt>
          <qty>4</qty>
          <unit>cups</unit></amt>
        <item>Heavy whipping cream</item></ing>
      <ing>
        <amt>
          <qty>1</qty>
          <unit>cup</unit></amt>
        <item>Milk</item></ing>
      <ing>
        <amt>
          <qty>1</qty>
          <unit>teaspoon</unit></amt>
        <item>Dried thyme</item></ing>
      <ing>
        <amt>
          <qty>1</qty>
          <unit>tablespoon</unit></amt>
        <item>Minced fresh parsley</item></ing>
      <ing>
        <amt>
          <qty>1/4</qty>
          <unit>teaspoons</unit></amt>
        <item>Dried rosemary</item></ing>
      <ing>
        <amt>
          <qty>1</qty>
          <unit>cup</unit></amt>
        <item>Fresh spinach, chopped</item></ing>
      <ing>
        <amt>
          <qty>1/2</qty>
          <unit>cups</unit></amt>
        <item>Grated carrot</item></ing>
      <ing>
        <amt>
          <qty/>
          <unit/></amt>
        <item>Salt &amp; pepper to taste</item></ing>
      <ing>
        <amt>
          <qty>1/2</qty>
          <unit>teaspoons</unit></amt>
        <item>Fresh lemon juice</item></ing></ingredients>
    <directions>
      <step>  1. Combine the white wine, bay leaf, onion, garlic, and celery in a large
  stockpot over medium heat. Bring to a boil. Add the lobster, cover the pot
  and steam for 10 minutes. Remove the lobster.
  
  2. Add the shrimp, cover the pot, and steam for 5 minutes. Remove the
  shrimp with tongs.
  
  3. Add the mussels, cover the pot and steam until they open, about 5
  minutes. Remove the mussels with tongs, extract the meat, and discard the
  shells. Discard any that do not open.
  
  4. Add 2 cups water to the liquid in the pot, bring to a boil, and then add
  the scallops. Cover the pot and steam for 3 minutes. Remove the scallops
  with tongs.
  
  5. Extract the lobster meat, reserving the shells. Peel and devein the
  shrimp, reserving the shells. Chop the meats into bite-sized portions;
  cover and set aside.
  
  6. Return the seafood shells to the pot of broth and add 2 cups water.
  Bring to a boil, and then reduce the heat and simmer for 30 minutes. Strain
  the broth and return to the pan.
  
  7. Bring the broth to a simmer over low heat. Add the cream, milk, thyme,
  parsley and rosemary and simmer until the mixture thickens slightly, 5
  minutes. Add the lobster, shrimp, mussels, and scallops and simmer for 2
  minutes. Stir in the spinach and carrots and simmer another 2 minutes just
  to wilt the spinach. Season with salt and pepper, and stir in the lemon
  juice. Serve hot.
  
  Serves 6.
  
  Source: The New York Cookbook, Molly O'Neill, 1993
  
  From Gemini's MASSIVE MealMaster collection at www.synapse.com/~gemini
 
</step></directions></recipe></recipeml>
