<?xml version="1.0" encoding="UTF-8"?>

<recipeml version="0.5">
  <recipe>
    <head>
      <title>Alabama Chocolate-Candy Jumbo Christmas Cheesecake</title>
      <categories>
        <cat>None</cat></categories>
      <yield>1</yield></head>
    <ingredients>
      <ing>
        <amt>
          <qty>1</qty>
          <unit>package</unit></amt>
        <item>(9 oz) chocolate wafer cookies; crushed</item></ing>
      <ing>
        <amt>
          <qty>1/4</qty>
          <unit>cups</unit></amt>
        <item>Sugar</item></ing>
      <ing>
        <amt>
          <qty>1/4</qty>
          <unit>cups</unit></amt>
        <item>Butter; melted</item></ing>
      <ing>
        <amt>
          <qty>2</qty>
          <unit/></amt>
        <item>Chocolate (2.07 oz) coated caramel-peanut nougat bars; coarsely chopped</item></ing>
      <ing>
        <amt>
          <qty>2</qty>
          <unit>packages</unit></amt>
        <item>(8 oz) cream cheese; softened</item></ing>
      <ing>
        <amt>
          <qty>1/2</qty>
          <unit>cups</unit></amt>
        <item>Sugar</item></ing>
      <ing>
        <amt>
          <qty>2</qty>
          <unit>large</unit></amt>
        <item>Eggs</item></ing>
      <ing>
        <amt>
          <qty>3/4</qty>
          <unit>cups</unit></amt>
        <item>Semisweet chocolate chips; melted</item></ing>
      <ing>
        <amt>
          <qty>1</qty>
          <unit>teaspoon</unit></amt>
        <item>Vanilla</item></ing>
      <ing>
        <amt>
          <qty/>
          <unit/></amt>
        <item>Whipped cream</item></ing></ingredients>
    <directions>
      <step>  Here's one that you may have to save til next year since it comes to you so
  late....from "Southern Living"
  
  Combine first 3 ingredients; press mix evenly onto bottom and 1-1/2" up
  sides of 9" springform pan. Sprinkle chopped nougat bars evenly over
  bottom; set aside. Beat cream cheese at high speed w/ mixer til light and
  fluffy; gradually add 1/2C sugar, mixing well. Add eggs, one at a time,
  beating after each addition. Stir in chocolate chips and vanilla; beat til
  blended. Spoon over candy layer. Bake at 350° for 30min. Remove from oven
  and run knife around edges of pan to release sides. Let cool to room
  temperature on wire rack. Cover and chill at least 8 hrs. To serve, remove
  cheesecake from pan; pipe or dollop whipped cream on top. Yield: one 9"
  cheesecake.
  
  Posted to KitMailbox Digest  by "Dan/Trina D." &lt;itisme@swbell.net&gt; on Dec
  24, 1997
 
</step></directions></recipe></recipeml>
