<?xml version="1.0" encoding="UTF-8"?>

<recipeml version="0.5">
  <recipe>
    <head>
      <title>Alabama Chocolate-Pecan Jumbo Christmas Fudge Pie</title>
      <categories>
        <cat>Chocolate</cat>
        <cat>Pies</cat>
        <cat>Desserts</cat></categories>
      <yield>8</yield></head>
    <ingredients>
      <ing>
        <amt>
          <qty>1 1/4</qty>
          <unit>cups</unit></amt>
        <item>Chocolate wafer crumbs</item></ing>
      <ing>
        <amt>
          <qty>1/3</qty>
          <unit>cups</unit></amt>
        <item>Butter; melted</item></ing>
      <ing>
        <amt>
          <qty>1/2</qty>
          <unit>cups</unit></amt>
        <item>Butter; softened</item></ing>
      <ing>
        <amt>
          <qty>3/4</qty>
          <unit>cups</unit></amt>
        <item>Sugar, brown</item></ing>
      <ing>
        <amt>
          <qty>3</qty>
          <unit/></amt>
        <item>Egg</item></ing>
      <ing>
        <amt>
          <qty>12</qty>
          <unit>ounces</unit></amt>
        <item>Semisweet chocolate morsels;</item></ing>
      <ing>
        <amt>
          <qty>2</qty>
          <unit>teaspoons</unit></amt>
        <item>Coffee, instant</item></ing>
      <ing>
        <amt>
          <qty>1</qty>
          <unit>teaspoon</unit></amt>
        <item>Vanilla extract</item></ing>
      <ing>
        <amt>
          <qty>1/2</qty>
          <unit>cups</unit></amt>
        <item>Flour</item></ing>
      <ing>
        <amt>
          <qty>1</qty>
          <unit>cup</unit></amt>
        <item>Pecans; coarsely chopped</item></ing>
      <ing>
        <amt>
          <qty/>
          <unit/></amt>
        <item>Whipped cream, sweetened</item></ing>
      <ing>
        <amt>
          <qty/>
          <unit/></amt>
        <item>Chocolate syrup</item></ing>
      <ing>
        <amt>
          <qty/>
          <unit/></amt>
        <item>Maraschino cherries with ste</item></ing>
      <ing>
        <amt>
          <qty/>
          <unit/></amt>
        <item>Mint sprigs</item></ing></ingredients>
    <directions>
      <step>        Combine chocolate wafer crumbs and 1/3 cup melted butter; firmly
  press on bottom and sides of a 9-inch tart pan or pie plate.  Bake at 350F
  for 6 to 8 minutes.
  
        Cream 1/2 cup softened butter; gradually add brown sugar with the
  electric mixer at medium speed until blended.  Add the eggs, one at a time,
  beating after each addition.  Stir in the melted chocolate, instant coffee
  granules, vanilla extract, flour and chopped pecans. Pour into the prepared
  crust.  Bake at 375F for 25 minutes.  Remove from oven and cool completely
  on a rack.
  
        Before serving, pipe sweetened whipped cream on each piece and
  drizzle with chocolate syrup.  Garnish with cherries and/or mint if
  desired.
  
  [ Advertisement letter for "Christmas With SOUTHERN LIVING 1990" ]
                    Posted by Fred Peters
  
  File ftp://ftp.idiscover.co.uk/pub/food/mealmaster/recipes/mmdjaxxx.zip
 
</step></directions></recipe></recipeml>
