<?xml version="1.0" encoding="UTF-8"?>

<recipeml version="0.5">
  <recipe>
    <head>
      <title>Alabama Corn Bread</title>
      <categories>
        <cat>None</cat></categories>
      <yield>1</yield></head>
    <ingredients>
      <ing>
        <amt>
          <qty>1</qty>
          <unit>can</unit></amt>
        <item>(8 3/4 ounce) cream style corn</item></ing>
      <ing>
        <amt>
          <qty>1</qty>
          <unit>cup</unit></amt>
        <item>Commercial sour cream</item></ing>
      <ing>
        <amt>
          <qty>2</qty>
          <unit/></amt>
        <item>Eggs</item></ing>
      <ing>
        <amt>
          <qty>1/2</qty>
          <unit>cups</unit></amt>
        <item>Vegetable oil</item></ing>
      <ing>
        <amt>
          <qty>1</qty>
          <unit>cup</unit></amt>
        <item>Self rising cornmeal</item></ing>
      <ing>
        <amt>
          <qty>2</qty>
          <unit>teaspoons</unit></amt>
        <item>Baking powder</item></ing></ingredients>
    <directions>
      <step>  (This cornbread is so moist you may not want butter!)
  
  Combine corn, sour cream, eggs and oil; beat well. Combine cornmeal and
  baking powder; stir into corn mixture. Pour into greased 10 inch iron
  skillet. bake at 400 degrees for 30 minutes or until done. Yield 8
  servings.
  
  Posted to Bakery-Shoppe Digest V1 #439 by "Mike England"
  &lt;englandm@kear.tds.net&gt; on Dec 05, 97
 
</step></directions></recipe></recipeml>
