<?xml version="1.0" encoding="UTF-8"?>

<recipeml version="0.5">
  <recipe>
    <head>
      <title>Alain Senderen's Salade De Fruit Exotique</title>
      <categories>
        <cat>Desserts</cat>
        <cat>Fruits/nuts</cat></categories>
      <yield>4</yield></head>
    <ingredients>
      <ing>
        <amt>
          <qty>2</qty>
          <unit>tablespoons</unit></amt>
        <item>Plus 2 teaspoons sugar</item></ing>
      <ing>
        <amt>
          <qty>1/2</qty>
          <unit/></amt>
        <item>Vanilla bean, split</item></ing>
      <ing>
        <amt>
          <qty>3</qty>
          <unit/></amt>
        <item>Coriander seeds</item></ing>
      <ing>
        <amt>
          <qty>1</qty>
          <unit/></amt>
        <item>Whole clove</item></ing>
      <ing>
        <amt>
          <qty>1/4</qty>
          <unit>teaspoons</unit></amt>
        <item>Five-spice powder</item></ing>
      <ing>
        <amt>
          <qty/>
          <unit/></amt>
        <item>Zest of 1 lime</item></ing>
      <ing>
        <amt>
          <qty/>
          <unit/></amt>
        <item>Zest of 1/2 lemon</item></ing>
      <ing>
        <amt>
          <qty>1/2</qty>
          <unit>teaspoons</unit></amt>
        <item>Chopped fresh ginger</item></ing>
      <ing>
        <amt>
          <qty>1</qty>
          <unit/></amt>
        <item>Sprig of fresh mint (OPT)</item></ing>
      <ing>
        <amt>
          <qty>1</qty>
          <unit>tablespoon</unit></amt>
        <item>Fresh lime juice</item></ing>
      <ing>
        <amt>
          <qty>1</qty>
          <unit/></amt>
        <item>Pineapple</item></ing>
      <ing>
        <amt>
          <qty>1</qty>
          <unit/></amt>
        <item>Mango</item></ing>
      <ing>
        <amt>
          <qty>2</qty>
          <unit/></amt>
        <item>Large kiwis</item></ing>
      <ing>
        <amt>
          <qty>2</qty>
          <unit/></amt>
        <item>Passion fruits</item></ing></ingredients>
    <directions>
      <step>  And ideal fruit salad or dessert for Winter, because the tropical fruits
  are available year-round and ripen naturally. The riper and more fragrant
  the fruit, the better the salad. 
  In a small saucepan, combine 1 1/2 cups water with the sugar, vanilla bean,
  coriander seeds, clove, five-spice powder, lime and lemon zests, ginger,
  and mint, if using. Simmer over moderate heat for 10 minutes. Set aside to
  cook.  Then stir in the lime juice. (The syrup can be made up and
  refrigerated for up to a week before serving the salad.) 
  Slice off the top and the rind from the pineapple; quarter it lengthwise.
  Reserve 3 of the quarters for another use. Slice 1 of the quarters
  crosswise 1/8-inch thick. Using a sharp paring knife, peel the mango and
  slice lengthwise, parallel to the pit on both sides, into disks 1/8-inch
  thick.  Slice each mango disk in half lengthwise. Peel the kiwis and halve
  lengthwise.  Cut each half lengthwise into thin wedges. 
  Divide the fruit evenly and arrange in each of 4 shallow soup bowls,
  overlapping the slices to form a decorative pattern. Strain the reserved
  syrup and divide equally among the 4 servings. Cover with plastic wrap and
  refirgerate for at least 1 or up to 4 hours. Just before serving, halve the
  passion fruits crosswise. Using a teaspoon, scoop the pulk out of each half
  onto the fruit in each bowl. 
  Nutritional information per serving: 147 calories; 1.2 G Protein; .7 G fat;
  37.0 G Carbohydrate.
  
  From Gemini's MASSIVE MealMaster collection at www.synapse.com/~gemini
 
</step></directions></recipe></recipeml>
