<?xml version="1.0" encoding="UTF-8"?>

<recipeml version="0.5">
  <recipe>
    <head>
      <title>Alamo Chili</title>
      <categories>
        <cat>Main dish</cat></categories>
      <yield>4</yield></head>
    <ingredients>
      <ing>
        <amt>
          <qty>2</qty>
          <unit>pounds</unit></amt>
        <item>Stew meat</item></ing>
      <ing>
        <amt>
          <qty>1</qty>
          <unit>medium</unit></amt>
        <item>Onion</item></ing>
      <ing>
        <amt>
          <qty>1</qty>
          <unit>can</unit></amt>
        <item>Tomato sauce</item></ing>
      <ing>
        <amt>
          <qty>2</qty>
          <unit/></amt>
        <item>Cloves garlic</item></ing>
      <ing>
        <amt>
          <qty>2</qty>
          <unit>tablespoons</unit></amt>
        <item>Of chili powder</item></ing>
      <ing>
        <amt>
          <qty>2</qty>
          <unit/></amt>
        <item>Jalapeno chili's</item></ing>
      <ing>
        <amt>
          <qty>2</qty>
          <unit>cups</unit></amt>
        <item>Pinto beans</item></ing>
      <ing>
        <amt>
          <qty/>
          <unit/></amt>
        <item>Salt and pepper to taste</item></ing></ingredients>
    <directions>
      <step>   Trim the fat from the stew meat, cut into bite sized chunks and brown it.
  Chop the onion and the jalapeno chili. Smash the garlic. Throw every thing
  but the beans into a pot, add water and simmer until meat is tender.
   Put the beans into a pot with water and bring to a boil, turn the heat
  down and simmer till the beans are done.
   Eat the chili and stomp the hell out of the beans.
   Don't confuse this with "Rebel Chile" which also has the beans stomped out
  of it.
   I brought this recipe back from Mexico and it was said to be the one that
  Mexico used when they taught Texans how to make chili at the Alamo. I
  understand that to this day Texans do not put beans in chili.
  
  TL: If it hasn't got a bean it must be Texas.
 
</step></directions></recipe></recipeml>
