<?xml version="1.0" encoding="UTF-8"?>

<recipeml version="0.5">
  <recipe>
    <head>
      <title>Alan Rachin's Salmon with Roasted Garlic Sauce</title>
      <categories>
        <cat>Bobbie - no</cat>
        <cat>Fish - salm</cat>
        <cat>Main dishes</cat>
        <cat>Celebrity</cat></categories>
      <yield>4</yield></head>
    <ingredients>
      <ing>
        <amt>
          <qty>1</qty>
          <unit/></amt>
        <item>Bulb garlic</item></ing>
      <ing>
        <amt>
          <qty>2</qty>
          <unit>tablespoons</unit></amt>
        <item>Extra-virgin olive oil</item></ing>
      <ing>
        <amt>
          <qty>1/2</qty>
          <unit>cups</unit></amt>
        <item>Salad dressing; (spoonable)</item></ing>
      <ing>
        <amt>
          <qty>1</qty>
          <unit>teaspoon</unit></amt>
        <item>Dijon mustard</item></ing>
      <ing>
        <amt>
          <qty/>
          <unit/></amt>
        <item>White pepper; to taste</item></ing>
      <ing>
        <amt>
          <qty>1</qty>
          <unit>teaspoon</unit></amt>
        <item>Salt</item></ing>
      <ing>
        <amt>
          <qty>1</qty>
          <unit>pound</unit></amt>
        <item>Salmon filet; in four pieces</item></ing></ingredients>
    <directions>
      <step>  Preheat oven to 325 F. Slice thin layer off top of garlic bulb and place in
  an ovenproof baking dish. Drizzle with 1 tablespoon oil. Bake 40 minutes or
  until golden. Squeeze 5 garlic cloves from baked peel into mixing bowl. Add
  dressing, mistard, pepper; set aside. Preheat broiler. Place salmon in
  broiling pan; salt and brush with remaining oil. Rub salmond with two
  additional cloves of roasted garlic. (Save any additional cloves garlic to
  smear on bread) Broil salmon 10 minutes or until cooked through. Serve with
  dollop of dressing-mustard sauce. Serves 4. MC formatting by
  bobbi744@sojourn.com
  
  Recipe by: TV Guide magazine, Nov '97
  
  Posted to MC-Recipe Digest by Roberta Banghart &lt;bobbi744@sojourn.com&gt; on
  Apr 13, 1998
 
</step></directions></recipe></recipeml>
