<?xml version="1.0" encoding="UTF-8"?>

<recipeml version="0.5">
  <recipe>
    <head>
      <title>Alaskan Spot Prawns with Cannellini Beans</title>
      <categories>
        <cat>Cooking liv</cat>
        <cat>Import</cat></categories>
      <yield>1</yield></head>
    <ingredients>
      <ing>
        <amt>
          <qty>1</qty>
          <unit>cup</unit></amt>
        <item>Dried cannellini beans</item></ing>
      <ing>
        <amt>
          <qty>1</qty>
          <unit/></amt>
        <item>Carrot</item></ing>
      <ing>
        <amt>
          <qty>1</qty>
          <unit/></amt>
        <item>Rib celery</item></ing>
      <ing>
        <amt>
          <qty>1</qty>
          <unit/></amt>
        <item>Onion; cut in half</item></ing>
      <ing>
        <amt>
          <qty/>
          <unit/></amt>
        <item>Extra virgin olive oil</item></ing>
      <ing>
        <amt>
          <qty>3</qty>
          <unit/></amt>
        <item>Cloves garlic; chopped</item></ing>
      <ing>
        <amt>
          <qty>2</qty>
          <unit>teaspoons</unit></amt>
        <item>Freshly chopped rosemary</item></ing>
      <ing>
        <amt>
          <qty>12</qty>
          <unit/></amt>
        <item>Alaskan spot prawns; heads on (any large fresh prawns can be substituted)</item></ing>
      <ing>
        <amt>
          <qty>5</qty>
          <unit/></amt>
        <item>Roma tomatoes; peeled and diced</item></ing>
      <ing>
        <amt>
          <qty>1</qty>
          <unit>tablespoon</unit></amt>
        <item>Freshly chopped parsley</item></ing>
      <ing>
        <amt>
          <qty/>
          <unit/></amt>
        <item>Salt</item></ing>
      <ing>
        <amt>
          <qty/>
          <unit/></amt>
        <item>Pepper</item></ing></ingredients>
    <directions>
      <step>  Cover the cannellini beans with water and soak overnight and drain. In a
  large saucepan, combine soaked beans, carrot, celery, and onion and enough
  water to cover. Cover and simmer until tender, about 1 hour.
  
  In a large saute pan, heat 1 tablespoon of olive oil. Saute the garlic,
  rosemary and prawns. When almost finished, stir in the tomatoes, parsley,
  salt and pepper and beans. Cook until prawns just turn pink. Serve
  immediately. Finish with some extra virgin olive oil and garnish with fresh
  rosemary.
  
  Yield: 2 servings
  
  Recipe by: Cooking Live Show #CL8925 Posted to MC-Recipe Digest V1 #693 by
  "Angele and Jon Freeman" &lt;jfreeman@netusa1.net&gt; on Jul 26, 1997
 
</step></directions></recipe></recipeml>
