<?xml version="1.0" encoding="UTF-8"?>

<recipeml version="0.5">
  <recipe>
    <head>
      <title>Alaskan Sourdough Fruitcake</title>
      <categories>
        <cat>Cakes</cat></categories>
      <yield>6</yield></head>
    <ingredients>
      <ing>
        <amt>
          <qty>1 1/2</qty>
          <unit>cups</unit></amt>
        <item>Golden, seedless, and puffed seeded raisins, combined</item></ing>
      <ing>
        <amt>
          <qty>4</qty>
          <unit>cups</unit></amt>
        <item>White flour</item></ing>
      <ing>
        <amt>
          <qty>1</qty>
          <unit>teaspoon</unit></amt>
        <item>Baking soda</item></ing>
      <ing>
        <amt>
          <qty>1 1/2</qty>
          <unit>cups</unit></amt>
        <item>Dried currants</item></ing>
      <ing>
        <amt>
          <qty>1</qty>
          <unit>teaspoon</unit></amt>
        <item>Salt</item></ing>
      <ing>
        <amt>
          <qty>1</qty>
          <unit>cup</unit></amt>
        <item>Plus 2 tb Blackberry Cordial or other wine</item></ing>
      <ing>
        <amt>
          <qty>1</qty>
          <unit>teaspoon</unit></amt>
        <item>Cinnamon</item></ing>
      <ing>
        <amt>
          <qty>1</qty>
          <unit>teaspoon</unit></amt>
        <item>Cloves</item></ing>
      <ing>
        <amt>
          <qty>1</qty>
          <unit>teaspoon</unit></amt>
        <item>Allspice</item></ing>
      <ing>
        <amt>
          <qty>1</qty>
          <unit>cup</unit></amt>
        <item>Alaskan Sourdough Starter</item></ing>
      <ing>
        <amt>
          <qty>1/2</qty>
          <unit>teaspoons</unit></amt>
        <item>Mace</item></ing>
      <ing>
        <amt>
          <qty>6</qty>
          <unit>tablespoons</unit></amt>
        <item>Butter</item></ing>
      <ing>
        <amt>
          <qty>3</qty>
          <unit>cups</unit></amt>
        <item>Candied fruit; green and red cherries, pineapple, orange, citron and ging</item></ing>
      <ing>
        <amt>
          <qty>1</qty>
          <unit>cup</unit></amt>
        <item>White sugar</item></ing>
      <ing>
        <amt>
          <qty>1</qty>
          <unit>cup</unit></amt>
        <item>Brown sugar</item></ing>
      <ing>
        <amt>
          <qty>3</qty>
          <unit/></amt>
        <item>Eggs, well beaten</item></ing>
      <ing>
        <amt>
          <qty>1</qty>
          <unit>cup</unit></amt>
        <item>Chopped nuts</item></ing>
      <ing>
        <amt>
          <qty>2</qty>
          <unit>tablespoons</unit></amt>
        <item>Grated lemon rind</item></ing></ingredients>
    <directions>
      <step>  Soak raisins and currants in 1 cup wine overnight. Remove starter from
  refrigerator and set, tightly covered, in warm place overnight. It should
  be in at least a two cup container as it will just about double its volume
  overnight.  In the morning, cream butter with sugar and beat in eggs and
  lemon rind.  Drain wine from raisins into creamed mixture. Stir in starter
  and 3 cups of the flour sifted with the soda, salt and spices. Sprinkle the
  remaining 1 cup of flour over the fruit and nuts in a large bowl. Toss and
  shake until well-coated. Add to batter and mix thoroughly. Turn into loaf
  pans which have been generously buttered. Let stand in warm place for 30
  minutes.  Bake in oven preheated to 300 with a pan of water on floor of
  oven and rack as near as possible in middle of oven. Bake about 2-1/2 hours
  for medium-sized loaves watching carefully to see that they do not brown to
  quickly. Test with toothpick. Remove from oven, turn pans on sides and
  allow to set for a few minutes before taking from pans. When cold drip 2
  tbsp. of wine over each cake. As soon as it is absorbed, wrap tightly in
  cellophane freezer paper and store in refrigerator or freezer. They improve
  with age.
  
  From: Breads and Coffee Cakes with Homemade Starters Shared By: Pat
  Stockett
  
  From Gemini's MASSIVE MealMaster collection at www.synapse.com/~gemini
 
</step></directions></recipe></recipeml>
