<?xml version="1.0" encoding="UTF-8"?>

<recipeml version="0.5">
  <recipe>
    <head>
      <title>Alaska Matelote</title>
      <categories>
        <cat>Fish</cat></categories>
      <yield>6</yield></head>
    <ingredients>
      <ing>
        <amt>
          <qty>418</qty>
          <unit>grams</unit></amt>
        <item>Canned pink Alaska salmon</item></ing>
      <ing>
        <amt>
          <qty>2</qty>
          <unit>tablespoons</unit></amt>
        <item>Olive oil</item></ing>
      <ing>
        <amt>
          <qty>8</qty>
          <unit/></amt>
        <item>Spring onions trimmed and chopped</item></ing>
      <ing>
        <amt>
          <qty>2</qty>
          <unit/></amt>
        <item>Garlic cloves; crushed</item></ing>
      <ing>
        <amt>
          <qty>25</qty>
          <unit>grams</unit></amt>
        <item>Plain flour</item></ing>
      <ing>
        <amt>
          <qty>300</qty>
          <unit>mililiters</unit></amt>
        <item>Vegetable stock</item></ing>
      <ing>
        <amt>
          <qty>300</qty>
          <unit>mililiters</unit></amt>
        <item>Dry cider</item></ing>
      <ing>
        <amt>
          <qty>1</qty>
          <unit>tablespoon</unit></amt>
        <item>Freshly chopped basil</item></ing>
      <ing>
        <amt>
          <qty>1</qty>
          <unit/></amt>
        <item>Lemon; juiced</item></ing>
      <ing>
        <amt>
          <qty>100</qty>
          <unit>grams</unit></amt>
        <item>Peeled prawns</item></ing>
      <ing>
        <amt>
          <qty>175</qty>
          <unit>grams</unit></amt>
        <item>Mussels in brine</item></ing>
      <ing>
        <amt>
          <qty>350</qty>
          <unit>grams</unit></amt>
        <item>Skate or monkfish</item></ing>
      <ing>
        <amt>
          <qty>50</qty>
          <unit>grams</unit></amt>
        <item>Baby mushrooms; trimmed</item></ing>
      <ing>
        <amt>
          <qty>1</qty>
          <unit>small</unit></amt>
        <item>Onion; sliced into rings</item></ing>
      <ing>
        <amt>
          <qty>4</qty>
          <unit>tablespoons</unit></amt>
        <item>Vegetable stock</item></ing>
      <ing>
        <amt>
          <qty/>
          <unit/></amt>
        <item>Salt and black pepper</item></ing></ingredients>
    <directions>
      <step>  Drain can of salmon. Make juice up to 300ml / 1/2 pint with water for fish
  stock. Break fish into large chunks.
  
  Heat the oil. Gently fry spring onions and garlic. Stir in flour. Add the
  fish and vegetable stocks and cider. Mix well. Stir in basil and lemon
  juice. Bring to the boil. Add prawns, mussels and white fish. Simmer for 10
  minutes.
  
  Cook mushrooms and onion in salt water. Drain and set aside. Stir salmon
  into soup. Heat through. Serve garnished with mushrooms and onions.
  
  Serves 6. Approx. 290 kcals per serving
  
  From: On the Wild Side - Alaska Canned Salmon Recipes Reprinted with
  permission from Alaska Seafood Marketing Institute Meal-Master compatible
  recipe format courtesy of Karen Mintzias
  
  From Gemini's MASSIVE MealMaster collection at www.synapse.com/~gemini
 
</step></directions></recipe></recipeml>
