<?xml version="1.0" encoding="UTF-8"?>

<recipeml version="0.5">
  <recipe>
    <head>
      <title>Alaska Salmon and Avocado Pasta Salad</title>
      <categories>
        <cat>Fish</cat>
        <cat>Pasta</cat>
        <cat>Salads</cat></categories>
      <yield>4</yield></head>
    <ingredients>
      <ing>
        <amt>
          <qty>6</qty>
          <unit>ounces</unit></amt>
        <item>Dry pasta (macaroni; penne, rotini, or shells</item></ing>
      <ing>
        <amt>
          <qty>1</qty>
          <unit>can</unit></amt>
        <item>Alaska salmon; (14 3/4 oz)</item></ing>
      <ing>
        <amt>
          <qty>2</qty>
          <unit>tablespoons</unit></amt>
        <item>French dressing</item></ing>
      <ing>
        <amt>
          <qty>1</qty>
          <unit/></amt>
        <item>Red bell pepper; thinly sliced</item></ing>
      <ing>
        <amt>
          <qty>3</qty>
          <unit>tablespoons</unit></amt>
        <item>Cilantro or parsley; chopped</item></ing>
      <ing>
        <amt>
          <qty>1</qty>
          <unit/></amt>
        <item>Lime; juiced/rind grat</item></ing>
      <ing>
        <amt>
          <qty>1</qty>
          <unit>tablespoon</unit></amt>
        <item>Tomato paste</item></ing>
      <ing>
        <amt>
          <qty>1/2</qty>
          <unit>cups</unit></amt>
        <item>Sour cream</item></ing>
      <ing>
        <amt>
          <qty/>
          <unit/></amt>
        <item>Paprika to taste</item></ing>
      <ing>
        <amt>
          <qty>1</qty>
          <unit>bunch</unit></amt>
        <item>Green onion; thinly sliced</item></ing>
      <ing>
        <amt>
          <qty>2</qty>
          <unit>tablespoons</unit></amt>
        <item>Light mayonnaise</item></ing>
      <ing>
        <amt>
          <qty>3</qty>
          <unit/></amt>
        <item>Ripe avocados; diced</item></ing>
      <ing>
        <amt>
          <qty/>
          <unit/></amt>
        <item>Lettuce leaves to serve on</item></ing></ingredients>
    <directions>
      <step>  Cook the pasta according to package directions. Drain and toss with the
  French dressing. Allow to cool. Drain and flake the salmon. Add to the
  pasta with the green onions, sliced bell pepper and cilantro. Whisk
  together the lime juice and grated rind, the mayonnaise, sour cream and
  tomato paste until thoroughly combined. Toss the pasta salad with the
  dressing. Season to taste with salt and pepper; cover and chill. Before
  serving, gently toss the avocados into the salad. Spoon the salad onto a
  bed of lettuce leaves. Sprinkle with paprika for garnish.
  
  ** Dallas Morning News - Food section - 26 July 1995 ** Posted on MC list
  by bobbi744@sojourn.com
  
  Recipe by: Unknown
  
  Posted to recipelu-digest by "Diane Geary" &lt;diane@keyway.net&gt; on Mar 23,
  1998
 
</step></directions></recipe></recipeml>
