<?xml version="1.0" encoding="UTF-8"?>

<recipeml version="0.5">
  <recipe>
    <head>
      <title>Alaska Vol-Au-Vents</title>
      <categories>
        <cat>Appetizers</cat>
        <cat>Fish</cat>
        <cat>Party</cat></categories>
      <yield>24</yield></head>
    <ingredients>
      <ing>
        <amt>
          <qty>418</qty>
          <unit>grams</unit></amt>
        <item>Canned Alaska salmon (pink or red)</item></ing>
      <ing>
        <amt>
          <qty>24</qty>
          <unit/></amt>
        <item>Vol-au-vent cases (pre-cooked, individual)</item></ing>
      <ing>
        <amt>
          <qty>250</qty>
          <unit>grams</unit></amt>
        <item>Cucumber; peeled and diced</item></ing>
      <ing>
        <amt>
          <qty>1</qty>
          <unit>teaspoon</unit></amt>
        <item>Salt</item></ing>
      <ing>
        <amt>
          <qty>150</qty>
          <unit>mililiters</unit></amt>
        <item>Mayonnaise</item></ing>
      <ing>
        <amt>
          <qty>4</qty>
          <unit>tablespoons</unit></amt>
        <item>Sour cream OR- Greek yogurt</item></ing>
      <ing>
        <amt>
          <qty>2</qty>
          <unit>teaspoons</unit></amt>
        <item>Freshly chopped mint</item></ing></ingredients>
    <directions>
      <step>  Drain the can of salmon. Flake the fish into a bowl and set aside. Scoop
  out the soft pastry from inside the vol- au-vent cases.
  
  Put the cucumber into another bowl and sprinkle with the salt. Allow to
  stand for 15 minutes then rinse thoroughly. Pat dry and mix into the salmon
  with the remaining ingredients. Pile equal amounts of the salmon filling
  into each vol-au-vent case and replace the lids. Serve garnished with
  salad.
  
  Makes 24. Approx. 140 kcals per serving
  
  From: On the Wild Side - Alaska Canned Salmon Recipes Reprinted with
  permission from Alaska Seafood Marketing Institute Meal-Master compatible
  recipe format courtesy of Karen Mintzias
  
  From Gemini's MASSIVE MealMaster collection at www.synapse.com/~gemini
 
</step></directions></recipe></recipeml>
