<?xml version="1.0" encoding="UTF-8"?>

<recipeml version="0.5">
  <recipe>
    <head>
      <title>Alaska Patties</title>
      <categories>
        <cat>Main dish</cat>
        <cat>Fish</cat>
        <cat>Kids</cat></categories>
      <yield>4</yield></head>
    <ingredients>
      <ing>
        <amt>
          <qty>105</qty>
          <unit>grams</unit></amt>
        <item>Canned pink Alaska salmon</item></ing>
      <ing>
        <amt>
          <qty>25</qty>
          <unit>grams</unit></amt>
        <item>Cream or curd cheese</item></ing>
      <ing>
        <amt>
          <qty>2</qty>
          <unit/></amt>
        <item>Spring onions finely chopped</item></ing>
      <ing>
        <amt>
          <qty>1/4</qty>
          <unit/></amt>
        <item>Red pepper; finely chopped</item></ing>
      <ing>
        <amt>
          <qty>200</qty>
          <unit>grams</unit></amt>
        <item>Strong plain flour</item></ing>
      <ing>
        <amt>
          <qty>2</qty>
          <unit/></amt>
        <item>Eggs; beaten</item></ing>
      <ing>
        <amt>
          <qty>1</qty>
          <unit>pinch</unit></amt>
        <item>Salt</item></ing>
      <ing>
        <amt>
          <qty>2</qty>
          <unit>teaspoons</unit></amt>
        <item>Freshly chopped basil</item></ing>
      <ing>
        <amt>
          <qty>435</qty>
          <unit>grams</unit></amt>
        <item>Canned tomato soup</item></ing>
      <ing>
        <amt>
          <qty>50</qty>
          <unit>grams</unit></amt>
        <item>Cheddar cheese, grated</item></ing></ingredients>
    <directions>
      <step>  Pre-heat oven to 375 F, 190 C, Gas mark 5.
  
  Drain the can of salmon. Flake the fish. Mix with the cheese, onions and
  red pepper. Set aside. Put the flour into a bowl, add the eggs, salt and
  basil. Mix well to form a soft dough. Divide into egg size pieces. Knead
  until smooth.
  
  Roll the dough pieces on a lightly floured board to a maximum 2mm / 1/10
  inch thick or roll each piece through a pasta maker reducing the setting to
  5 or 6 over 3 or 4 rollings. Cut the pasta sheets into 3cm / 1 1/2 inch
  squares. Put salmon filling onto one corner of each square then fold in
  half diagonally to make a triangular "pattie". Dry on silicone paper for 1
  hour before cooking, turning each pattie over after 30 minutes to dry
  undersides.
  
  Put the soup into a casserole dish and drop the salmon patties into it.
  Cover with a lid and cook in the oven for 30 minutes. Uncover and sprinkle
  with the cheese. Continue cooking for a further 10 minutes. Serve with
  salad.
  
  Serves 4. Approx. 390 kcals per serving
  
  From: On the Wild Side - Alaska Canned Salmon Recipes Reprinted with
  permission from Alaska Seafood Marketing Institute Meal-Master compatible
  recipe format courtesy of Karen Mintzias
  
  From Gemini's MASSIVE MealMaster collection at www.synapse.com/~gemini
 
</step></directions></recipe></recipeml>
