<?xml version="1.0" encoding="UTF-8"?>

<recipeml version="0.5">
  <recipe>
    <head>
      <title>Alaskan Amber Beer Red Beans and Rice</title>
      <categories>
        <cat>Alaskan</cat>
        <cat>Beer</cat>
        <cat>Crockpot</cat></categories>
      <yield>6</yield></head>
    <ingredients>
      <ing>
        <amt>
          <qty>1</qty>
          <unit>pound</unit></amt>
        <item>Red beans; cooked</item></ing>
      <ing>
        <amt>
          <qty>1/2</qty>
          <unit>pounds</unit></amt>
        <item>Ham; diced</item></ing>
      <ing>
        <amt>
          <qty>1/2</qty>
          <unit>pounds</unit></amt>
        <item>Hot link sausages; diced</item></ing>
      <ing>
        <amt>
          <qty>3</qty>
          <unit>medium</unit></amt>
        <item>Jalapeno chile pepper; diced fine</item></ing>
      <ing>
        <amt>
          <qty>1</qty>
          <unit>medium</unit></amt>
        <item>Onion; diced</item></ing>
      <ing>
        <amt>
          <qty>1</qty>
          <unit>tablespoon</unit></amt>
        <item>Creole seasoning</item></ing>
      <ing>
        <amt>
          <qty>2</qty>
          <unit/></amt>
        <item>Bottles Alaskan Amber Beer</item></ing>
      <ing>
        <amt>
          <qty>1/2</qty>
          <unit>cups</unit></amt>
        <item>Celery; diced</item></ing>
      <ing>
        <amt>
          <qty>1/2</qty>
          <unit>cups</unit></amt>
        <item>Red bell pepper; diced</item></ing></ingredients>
    <directions>
      <step>  In a crockpot or a heavy 3 quart pan place all the ingredients except the
  beans to a boil and simmer for an hour or two. Add the beans and simmer for
  another hour or two. Mash a few of the beans with a spoon to thicken the
  liquid..
  
  Do not use a creole seasoning made with salt. The sausage and ham provide
  salt, and more may be added at the table.
  
  Add additional peppers if desired. Serve with rice.
  
  A table of tomato paste may be added near the end of the cooking time.
  
  NOTES : Beans can be cooked to minimize the undigestable sugars that cause
  gas.  Put the beans in a pan and cover with water to 2 inches over the dry
  beans.  Heat to boiling.  Turn off the heat.  Allow the beans to swell for
  about an hour.  Drain the water off and refill with water to cover the
  beans. Bring to a boil and allow to set over night or for several hours.
  Drain the beans and refill with water to cover and simmer until tender
  (about 1 hour). Drain the beans and use in recipes calling for cooked
  beans.
  
  Recipe by: Ken Vaughan
  
  Posted to MC-Recipe Digest V1 #949 by Ken Vaughan &lt;kvaughan@ptialaska.net&gt;
  on Dec 7, 1997
 
</step></directions></recipe></recipeml>
