<?xml version="1.0" encoding="UTF-8"?>

<recipeml version="0.5">
  <recipe>
    <head>
      <title>Alaskan Fish Bake</title>
      <categories>
        <cat>Fish</cat></categories>
      <yield>4</yield></head>
    <ingredients>
      <ing>
        <amt>
          <qty>1/2</qty>
          <unit>cups</unit></amt>
        <item>Carrot,shredded</item></ing>
      <ing>
        <amt>
          <qty>1/2</qty>
          <unit>cups</unit></amt>
        <item>Celery,finely chopped</item></ing>
      <ing>
        <amt>
          <qty>1/2</qty>
          <unit>cups</unit></amt>
        <item>Onion,finely chopped</item></ing>
      <ing>
        <amt>
          <qty>1</qty>
          <unit/></amt>
        <item>Bouillon cube,chicken</item></ing>
      <ing>
        <amt>
          <qty>2 1/2</qty>
          <unit>cups</unit></amt>
        <item>Water</item></ing>
      <ing>
        <amt>
          <qty>3/4</qty>
          <unit>cups</unit></amt>
        <item>Rice,long-grain</item></ing>
      <ing>
        <amt>
          <qty>1</qty>
          <unit>tablespoon</unit></amt>
        <item>Margarine,unsalted</item></ing>
      <ing>
        <amt>
          <qty>1/3</qty>
          <unit>cups</unit></amt>
        <item>Flour,all-purpose</item></ing>
      <ing>
        <amt>
          <qty>1/2</qty>
          <unit>teaspoons</unit></amt>
        <item>Garlic salt</item></ing>
      <ing>
        <amt>
          <qty>1/4</qty>
          <unit>teaspoons</unit></amt>
        <item>Dill weed</item></ing>
      <ing>
        <amt>
          <qty>1/4</qty>
          <unit>teaspoons</unit></amt>
        <item>Onion powder</item></ing>
      <ing>
        <amt>
          <qty>4</qty>
          <unit/></amt>
        <item>Salmon steaks,1/2" thick</item></ing>
      <ing>
        <amt>
          <qty>1/2</qty>
          <unit>cups</unit></amt>
        <item>Mayonnaise</item></ing></ingredients>
    <directions>
      <step>  1. Gently boil carrot, celery, onion and bouillon in water in pot, covered,
  10 minutes. Stir in rice and margarine. Simmer, covered, 20 minutes (not
  all liquid will be absorbed). 2. Combine flour, garlic salt, dill and onion
  powder on waxed paper. Spread salmon on both sides with mayonnaise. Dip in
  flour mixture. Lightly brown steaks on both sides in ungresed skillet over
  medium heat. 3. Pour UNDRAINED rice mixture into shallow baking dish, about
  11x7". Place steaks on top of rice mixture. 4. Bake, uncovered, in
  preheated hot oven (400'F) for 20-25 minutes or until fish is cooked
  through. Let stand 5 minutes before serving. (Eve Engle, Palmer AR)
  
  From Gemini's MASSIVE MealMaster collection at www.synapse.com/~gemini
 
</step></directions></recipe></recipeml>
