<?xml version="1.0" encoding="UTF-8"?>

<recipeml version="0.5">
  <recipe>
    <head>
      <title>Alaska Bbq Salmon with Zesty Sauce</title>
      <categories>
        <cat>Seafood</cat></categories>
      <yield>1</yield></head>
    <ingredients>
      <ing>
        <amt>
          <qty>1</qty>
          <unit/></amt>
        <item>Whole dressed salmon (5-8</item></ing>
      <ing>
        <amt>
          <qty/>
          <unit/></amt>
        <item>Lb)</item></ing>
      <ing>
        <amt>
          <qty/>
          <unit/></amt>
        <item>Salt &amp; pepper</item></ing>
      <ing>
        <amt>
          <qty>2</qty>
          <unit>tablespoons</unit></amt>
        <item>Softened butter</item></ing>
      <ing>
        <amt>
          <qty>1/2</qty>
          <unit/></amt>
        <item>Sliced med onion</item></ing>
      <ing>
        <amt>
          <qty>1/2</qty>
          <unit/></amt>
        <item>Sliced lemon</item></ing>
      <ing>
        <amt>
          <qty/>
          <unit/></amt>
        <item>Several sprigs parsley</item></ing>
      <ing>
        <amt>
          <qty/>
          <unit/></amt>
        <item>Corn oil</item></ing>
      <ing>
        <amt>
          <qty/>
          <unit/></amt>
        <item>ZESTY SAUCE</item></ing></ingredients>
    <directions>
      <step>  Wash fish &amp; pat dry. Sprinkle with salt &amp; pepper &amp; dot with butter.
  Arrange overlapping slices of onion, lemon &amp; parsley in cavity of
  fish; brush fish with oil. Wrap in heavy duty aluminum foil, sealing
  edges with double folds. Place on grill over med hot coals; cook,
  carefully turning salmon every 10 minutes. Test for doneness after 45
  minutes by inserting meat thermometer into thickest portion. Cook to
  internal temperature of 160. To serve, transfer fish to heated
  platter; fold back foil. Cut between bone &amp; meat with wide spatula;
  lift off each serving. Serve with Zesty Sauce.
  
  File ftp://ftp.idiscover.co.uk/pub/food/mealmaster/recipes/mmkah001.zip
 
</step></directions></recipe></recipeml>
