<?xml version="1.0" encoding="UTF-8"?>

<recipeml version="0.5">
  <recipe>
    <head>
      <title>Alaska Sourest Sourdough Starter</title>
      <categories>
        <cat>Sourdough</cat></categories>
      <yield>1</yield></head>
    <ingredients>
      <ing>
        <amt>
          <qty>1</qty>
          <unit>package</unit></amt>
        <item>Yeast</item></ing>
      <ing>
        <amt>
          <qty>1</qty>
          <unit>tablespoon</unit></amt>
        <item>Vinegar</item></ing>
      <ing>
        <amt>
          <qty>2 1/4</qty>
          <unit>cups</unit></amt>
        <item>Warm water</item></ing>
      <ing>
        <amt>
          <qty>1</qty>
          <unit>teaspoon</unit></amt>
        <item>Salt</item></ing>
      <ing>
        <amt>
          <qty>2</qty>
          <unit>tablespoons</unit></amt>
        <item>Sugar</item></ing>
      <ing>
        <amt>
          <qty>2</qty>
          <unit>cups</unit></amt>
        <item>Bread flour</item></ing></ingredients>
    <directions>
      <step>  Dissolve yeast in 1/4 cup warm water. Add sugar vinegar,salt,all purpose
  flour. Add remaining water until a creamy batter is formed.
  
  Place in a glass bowl,cover and let sit until it starts to ferment, about 3
  days. It will take on a powerful boozy smell. Stir again until creamy and
  measure out what is called for in the recipe.
  
  Replenish starter with equal amounts of flour and water. Store in the
  fridge and bring to room temp before using.
  
  Directions say to allow to ferment for one week between uses but I don't. I
  do let it sit out overnight after I feed it.
  
  This starter took about 1 1/2 months to become really sour.
  
  Recipe by: Sourdough WWW Site
  
  Posted to EAT-L Digest  by michelle &lt;rickilee@execpc.com&gt; on Janusday,, ary
  21, 199
 
</step></directions></recipe></recipeml>
