<?xml version="1.0" encoding="UTF-8"?>

<recipeml version="0.5">
  <recipe>
    <head>
      <title>Alaska Paella</title>
      <categories>
        <cat>Main dish</cat></categories>
      <yield>2</yield></head>
    <ingredients>
      <ing>
        <amt>
          <qty>213</qty>
          <unit>grams</unit></amt>
        <item>Canned red Alaska salmon</item></ing>
      <ing>
        <amt>
          <qty>2</qty>
          <unit>tablespoons</unit></amt>
        <item>Olive oil</item></ing>
      <ing>
        <amt>
          <qty>1</qty>
          <unit/></amt>
        <item>Garlic clove; crushed</item></ing>
      <ing>
        <amt>
          <qty>1</qty>
          <unit>small</unit></amt>
        <item>Onion; chopped</item></ing>
      <ing>
        <amt>
          <qty>1</qty>
          <unit/></amt>
        <item>Leek; cleaned and sliced</item></ing>
      <ing>
        <amt>
          <qty>100</qty>
          <unit>grams</unit></amt>
        <item>Long grain rice</item></ing>
      <ing>
        <amt>
          <qty>100</qty>
          <unit>grams</unit></amt>
        <item>Shelled prawns</item></ing>
      <ing>
        <amt>
          <qty>100</qty>
          <unit>grams</unit></amt>
        <item>Mussels in brine; drained OR- Mussels in shells</item></ing>
      <ing>
        <amt>
          <qty>375</qty>
          <unit>mililiters</unit></amt>
        <item>Vegetable or chicken stock</item></ing>
      <ing>
        <amt>
          <qty>1/2</qty>
          <unit/></amt>
        <item>Lemon; juiced</item></ing>
      <ing>
        <amt>
          <qty>1/2</qty>
          <unit>teaspoons</unit></amt>
        <item>Ground saffron; OR... ground turineric</item></ing>
      <ing>
        <amt>
          <qty>2</qty>
          <unit/></amt>
        <item>Tomatoes; skinned, de-seeded and chopped</item></ing>
      <ing>
        <amt>
          <qty>10</qty>
          <unit/></amt>
        <item>Whole cooked prawns</item></ing>
      <ing>
        <amt>
          <qty/>
          <unit/></amt>
        <item>Lemon slices to garnish</item></ing></ingredients>
    <directions>
      <step>  [Saffron gives this dish its traditional Paella coloring. It is however,
  expensive. Turmeric can be used as a substitute.]
  
  Drain the can of salmon, reserving the juice. Set aside.
  
  Heat the oil in a large pan and cook the garlic, onion and leek for 5
  minutes. Stir in the rice, prawns, mussels, salmon juice, stock, lemon
  juice and saffron. Mix well, bring to the boil. Reduce the heat and simmer
  for 15-20 minutes or until the liquid is almost completely absorbed by the
  rice.
  
  Stir the tomatoes into the rice along with the salmon, broken into large
  flakes.
  
  Pile into a serving dish and decorate with the whole prawns and lemon
  slices. Serve immediately.
  
  Serves 2. Approx. 580 kcals per serving
  
  From: On the Wild Side - Alaska Canned Salmon Recipes Reprinted with
  permission from Alaska Seafood Marketing Institute Meal-Master compatible
  recipe format courtesy of Karen Mintzias
  
  From Gemini's MASSIVE MealMaster collection at www.synapse.com/~gemini
 
</step></directions></recipe></recipeml>
