<?xml version="1.0" encoding="UTF-8"?>

<recipeml version="0.5">
  <recipe>
    <head>
      <title>Alaskan Blueberry Coffee Cake</title>
      <categories>
        <cat>Breads</cat>
        <cat>Snacks</cat></categories>
      <yield>8</yield></head>
    <ingredients>
      <ing>
        <amt>
          <qty>1 1/2</qty>
          <unit>cups</unit></amt>
        <item>All-purpose flour</item></ing>
      <ing>
        <amt>
          <qty>3/4</qty>
          <unit>cups</unit></amt>
        <item>Sugar</item></ing>
      <ing>
        <amt>
          <qty>2 1/2</qty>
          <unit>teaspoons</unit></amt>
        <item>Baking powder</item></ing>
      <ing>
        <amt>
          <qty>1</qty>
          <unit>teaspoon</unit></amt>
        <item>Salt</item></ing>
      <ing>
        <amt>
          <qty>1/4</qty>
          <unit>cups</unit></amt>
        <item>Vegetable oil</item></ing>
      <ing>
        <amt>
          <qty>3/4</qty>
          <unit>cups</unit></amt>
        <item>Milk</item></ing>
      <ing>
        <amt>
          <qty>1</qty>
          <unit/></amt>
        <item>Egg</item></ing>
      <ing>
        <amt>
          <qty>1 1/2</qty>
          <unit>cups</unit></amt>
        <item>Blueberries (I use fresh, but imagine frozen would work)</item></ing>
      <ing>
        <amt>
          <qty>1/3</qty>
          <unit>cups</unit></amt>
        <item>All-purpose flour</item></ing>
      <ing>
        <amt>
          <qty>1/2</qty>
          <unit>cups</unit></amt>
        <item>Brown sugar, firmly packed</item></ing>
      <ing>
        <amt>
          <qty>1/2</qty>
          <unit>teaspoons</unit></amt>
        <item>Cinnamon (or more to taste)</item></ing>
      <ing>
        <amt>
          <qty>1/4</qty>
          <unit>cups</unit></amt>
        <item>Firm butter (1/2 stick)</item></ing></ingredients>
    <directions>
      <step>  Appearing In: The American Country Inn and Bed &amp; Breakfast Cookbook, Volume
  One. From: Heavenly View Bed and Breakfast, Anchorage, Alaska
  
  In a medium mixing bowl, blend together 1-1/2 cups flour, sugar, baking
  powder, salt, oil, milk, egg and 1 cup blueberries. Beat thoroughly for 30
  seconds and spread in a greased round 9x1-1/2-inch pan or an 8x8x2-inch
  pan. Combine 1/3 cup flour, brown sugar, connamon and butter. Sprinkle over
  batter and top with the remaining berries. Bake in a 375 degree oven for 25
  to 30 minutes, until done. Don't overbake. Serve warm with butter or honey.
  Serves 8.
  
  Sonya's note: If I remember correctly, this takes a bit longer to bake than
  what is in the instructions, but it is worth the wait!
  
  From Gemini's MASSIVE MealMaster collection at www.synapse.com/~gemini
 
</step></directions></recipe></recipeml>
