<?xml version="1.0" encoding="UTF-8"?>

<recipeml version="0.5">
  <recipe>
    <head>
      <title>Alaska Gratin</title>
      <categories>
        <cat>Fish</cat>
        <cat>Main dish</cat>
        <cat>Microwave</cat></categories>
      <yield>4</yield></head>
    <ingredients>
      <ing>
        <amt>
          <qty>213</qty>
          <unit>grams</unit></amt>
        <item>Canned pink Alaska salmon</item></ing>
      <ing>
        <amt>
          <qty>90</qty>
          <unit>mililiters</unit></amt>
        <item>Milk</item></ing>
      <ing>
        <amt>
          <qty>3</qty>
          <unit>tablespoons</unit></amt>
        <item>Greek yogurt</item></ing>
      <ing>
        <amt>
          <qty>450</qty>
          <unit>grams</unit></amt>
        <item>Old potatoes peeled and thinly sliced</item></ing>
      <ing>
        <amt>
          <qty>15</qty>
          <unit>grams</unit></amt>
        <item>Butter or margarine</item></ing>
      <ing>
        <amt>
          <qty>100</qty>
          <unit>grams</unit></amt>
        <item>Button mushrooms, sliced</item></ing>
      <ing>
        <amt>
          <qty>100</qty>
          <unit>grams</unit></amt>
        <item>Courgettes; chopped</item></ing>
      <ing>
        <amt>
          <qty>1</qty>
          <unit>tablespoon</unit></amt>
        <item>Freshly chopped chives</item></ing>
      <ing>
        <amt>
          <qty>100</qty>
          <unit>grams</unit></amt>
        <item>Cheddar cheese, grated</item></ing></ingredients>
    <directions>
      <step>  Drain can of salmon. Mix juice with milk and yogurt. Melt butter on HIGH
  POWER for 30 seconds. Stir in mushrooms, courgette and chives, cook for 2
  minutes on HIGH POWER.
  
  Flake in salmon. Arrange one third of potato slices into base of microwave
  proof dish. Spread half salmon mixture over. Top with third of potatoes.
  Add remaining salmon, cover with rest of potatoes. Pour over salmon stock.
  Sprinkle with cheese and cover. Cook on MEDIUM POWER for 15 minutes.
  Uncover and cook for 5 minutes. Stand for 5 minutes. Brown under a
  conventional grill before serving.
  
  Serves 4. Approx. 340 kcals per serving
  
  From: On the Wild Side - Alaska Canned Salmon Recipes Reprinted with
  permission from Alaska Seafood Marketing Institute Meal-Master compatible
  recipe format courtesy of Karen Mintzias
  
  From Gemini's MASSIVE MealMaster collection at www.synapse.com/~gemini
 
</step></directions></recipe></recipeml>
