<?xml version="1.0" encoding="UTF-8"?>

<recipeml version="0.5">
  <recipe>
    <head>
      <title>Albanian Lamb Stew with Okra</title>
      <categories>
        <cat>Lamb</cat>
        <cat>Main dishes</cat>
        <cat>Microwave</cat>
        <cat>Stews</cat>
        <cat>Vegetables</cat></categories>
      <yield>4</yield></head>
    <ingredients>
      <ing>
        <amt>
          <qty>12</qty>
          <unit>ounces</unit></amt>
        <item>Okra; fresh or frozen</item></ing>
      <ing>
        <amt>
          <qty>2</qty>
          <unit>medium</unit></amt>
        <item>Green peppers; diced</item></ing>
      <ing>
        <amt>
          <qty>2</qty>
          <unit>cups</unit></amt>
        <item>Celery; diced</item></ing>
      <ing>
        <amt>
          <qty>4</qty>
          <unit>ounces</unit></amt>
        <item>Onion; diced</item></ing>
      <ing>
        <amt>
          <qty>4</qty>
          <unit/></amt>
        <item>Cloves garlic; pressed</item></ing>
      <ing>
        <amt>
          <qty/>
          <unit/></amt>
        <item>Salt and pepper; to taste</item></ing>
      <ing>
        <amt>
          <qty>1/2</qty>
          <unit>cups</unit></amt>
        <item>Water</item></ing>
      <ing>
        <amt>
          <qty>1</qty>
          <unit>pound</unit></amt>
        <item>Roasted lamb; in bite size cubes</item></ing>
      <ing>
        <amt>
          <qty>1/4</qty>
          <unit>teaspoons</unit></amt>
        <item>Thyme</item></ing>
      <ing>
        <amt>
          <qty/>
          <unit/></amt>
        <item>Paprika</item></ing>
      <ing>
        <amt>
          <qty/>
          <unit/></amt>
        <item>Grated lemon rind</item></ing></ingredients>
    <directions>
      <step>  Cook okra until liquid evaporated in skillet or Microwave dish, stirring
  occasionally for 5 minutes. Add green pepper, celery, onion, garlic, salt
  and pepper to taste. Cook for 10 minutes. Stir to prevent vegetables from
  sticking. Add water, lamb and thyme and simmer, covered, over Low heat for
  20 minutes until heated through. Sprinkle with paprika and garnish with
  lemon rind. MC formatting by bobbi744@sojourn.com
  
  Recipe by: Source Unknown
  
  Posted to MC-Recipe Digest by Roberta Banghart &lt;bobbi744@sojourn.com&gt; on
  Apr 05, 1998
 
</step></directions></recipe></recipeml>
