<?xml version="1.0" encoding="UTF-8"?>

<recipeml version="0.5">
  <recipe>
    <head>
      <title>Albacore Tuna with Mushroom Caper Sauce</title>
      <categories>
        <cat>Seafood</cat>
        <cat>Grilling</cat></categories>
      <yield>2</yield></head>
    <ingredients>
      <ing>
        <amt>
          <qty>2</qty>
          <unit/></amt>
        <item>Tuna steaks; (6 ounces each)</item></ing>
      <ing>
        <amt>
          <qty>2</qty>
          <unit>tablespoons</unit></amt>
        <item>Vegetable oil</item></ing>
      <ing>
        <amt>
          <qty/>
          <unit/></amt>
        <item>Salt and freshly ground pepper</item></ing>
      <ing>
        <amt>
          <qty>2</qty>
          <unit>tablespoons</unit></amt>
        <item>Olive oil</item></ing>
      <ing>
        <amt>
          <qty>1</qty>
          <unit>cup</unit></amt>
        <item>Sliced shitake mushrooms</item></ing>
      <ing>
        <amt>
          <qty>1</qty>
          <unit>tablespoon</unit></amt>
        <item>Chopped garlic</item></ing>
      <ing>
        <amt>
          <qty>1/4</qty>
          <unit>cups</unit></amt>
        <item>Dry white wine</item></ing>
      <ing>
        <amt>
          <qty>1/4</qty>
          <unit>cups</unit></amt>
        <item>Fish or chicken stock</item></ing>
      <ing>
        <amt>
          <qty>2</qty>
          <unit>tablespoons</unit></amt>
        <item>Capers</item></ing>
      <ing>
        <amt>
          <qty>2</qty>
          <unit>tablespoons</unit></amt>
        <item>Butter; rolled in flour to coat</item></ing>
      <ing>
        <amt>
          <qty>1</qty>
          <unit/></amt>
        <item>Tomato; seeded and julienned</item></ing>
      <ing>
        <amt>
          <qty>1</qty>
          <unit>tablespoon</unit></amt>
        <item>Chopped flat parsley leaves</item></ing></ingredients>
    <directions>
      <step>  Brush tuna with vegetable oil, season with salt and pepper and set aside.
  Heat olive oil in a saute' pan over medium heat. Add mushrooms and saute'
  for 2 minutes. Add garlic and continue cooking until garlic begins to
  brown. Add wine and bring to boil, scraping up browned bits. Add stock and
  capers and return to boil, then reduce heat, add butter rolled in flour and
  simmer until slightly thickened. Add tomato and season with salt and
  pepper. Set aside in a warm place.
  
  Grill tuna over high heat, being careful not to overcook. Arrange on a
  serving plat- ter. Spoon sauce over and sprinkle with chopped parsley Serve
  at once.
  
  Formatted for MCrecipe by JoAnn Pellegrino 5/98
  
  NOTES : This is a good example of innovative grilling by so many new
  American chefs, this one was created by Sergio Abramoff
  Recipe by: The Joy of Grilling/Chef Sergio Abramoff
  
  Posted to MC-Recipe Digest by J Pellegrino &lt;gigimfg@ix.netcom.com&gt; on May
  15, 1998
 
</step></directions></recipe></recipeml>
