<?xml version="1.0" encoding="UTF-8"?>

<recipeml version="0.5">
  <recipe>
    <head>
      <title>Albondigas (Spanish)</title>
      <categories>
        <cat>Soups</cat></categories>
      <yield>6</yield></head>
    <ingredients>
      <ing>
        <amt>
          <qty>1/2</qty>
          <unit>pounds</unit></amt>
        <item>Pork, ground</item></ing>
      <ing>
        <amt>
          <qty>1/2</qty>
          <unit>pounds</unit></amt>
        <item>Beef, ground</item></ing>
      <ing>
        <amt>
          <qty>1</qty>
          <unit/></amt>
        <item>Egg</item></ing>
      <ing>
        <amt>
          <qty>1/2</qty>
          <unit>cups</unit></amt>
        <item>Rice, brown; uncooked</item></ing>
      <ing>
        <amt>
          <qty>1</qty>
          <unit/></amt>
        <item>Onion, diced fine</item></ing>
      <ing>
        <amt>
          <qty>1/2</qty>
          <unit>teaspoons</unit></amt>
        <item>Thyme</item></ing>
      <ing>
        <amt>
          <qty>8</qty>
          <unit>cups</unit></amt>
        <item>;Water</item></ing>
      <ing>
        <amt>
          <qty>1</qty>
          <unit/></amt>
        <item>Tomato; chopped</item></ing>
      <ing>
        <amt>
          <qty>1</qty>
          <unit/></amt>
        <item>Garlic clove; diced</item></ing>
      <ing>
        <amt>
          <qty>1/2</qty>
          <unit>cups</unit></amt>
        <item>Chile huerta</item></ing>
      <ing>
        <amt>
          <qty>2</qty>
          <unit/></amt>
        <item>Yerba buena, sprig</item></ing>
      <ing>
        <amt>
          <qty>1</qty>
          <unit>slice</unit></amt>
        <item>French bread; thick</item></ing>
      <ing>
        <amt>
          <qty>1/2</qty>
          <unit>teaspoons</unit></amt>
        <item>Cumin</item></ing>
      <ing>
        <amt>
          <qty>2</qty>
          <unit/></amt>
        <item>Carrot; sliced thin</item></ing>
      <ing>
        <amt>
          <qty>1</qty>
          <unit>cup</unit></amt>
        <item>Peas, fresh or frozen</item></ing></ingredients>
    <directions>
      <step>  Mix pork, beef, egg, rice, 1/2 of onion, and tomio together; make into
  small balls.  Bring water to boil and add balls; simmer at low boil for 1
  hour.  Add tomato, garlic, chili, and rest of chopped onion; let simmer 35
  minutes.  Add yerba buena and simmer 10 minutes. Soak French bread in small
  amount of soup broth until very soft. Place in blender with comino; chop
  together; add to soup.  Next add carrots and peas; simmer until vegetables
  are tender.  Serve.
  
  From Gemini's MASSIVE MealMaster collection at www.synapse.com/~gemini
 
</step></directions></recipe></recipeml>
