<?xml version="1.0" encoding="UTF-8"?>

<recipeml version="0.5">
  <recipe>
    <head>
      <title>Bag O' Bird</title>
      <categories>
        <cat>Main dish</cat>
        <cat>Poultry</cat></categories>
      <yield>8</yield></head>
    <ingredients>
      <ing>
        <amt>
          <qty>1</qty>
          <unit>large</unit></amt>
        <item>14x20 cooking bag</item></ing>
      <ing>
        <amt>
          <qty>2</qty>
          <unit>tablespoons</unit></amt>
        <item>Flour</item></ing>
      <ing>
        <amt>
          <qty>1/3</qty>
          <unit>cups</unit></amt>
        <item>Water</item></ing>
      <ing>
        <amt>
          <qty>1/2</qty>
          <unit>teaspoons</unit></amt>
        <item>Basil</item></ing>
      <ing>
        <amt>
          <qty>1/2</qty>
          <unit>teaspoons</unit></amt>
        <item>Thyme</item></ing>
      <ing>
        <amt>
          <qty>1/2</qty>
          <unit>teaspoons</unit></amt>
        <item>Seasoned salt</item></ing>
      <ing>
        <amt>
          <qty>1</qty>
          <unit>medium</unit></amt>
        <item>Onion</item></ing>
      <ing>
        <amt>
          <qty>2</qty>
          <unit>medium</unit></amt>
        <item>Baking potatoes</item></ing>
      <ing>
        <amt>
          <qty>4</qty>
          <unit>medium</unit></amt>
        <item>Carrots</item></ing>
      <ing>
        <amt>
          <qty>1</qty>
          <unit>medium</unit></amt>
        <item>Red/green pepper</item></ing>
      <ing>
        <amt>
          <qty>8</qty>
          <unit/></amt>
        <item>Pieces chicken</item></ing></ingredients>
    <directions>
      <step>  Shake flour in bag.  Place bag in 9 x 13 pan.
  
  Add water, basil, thyme and seasoned salt and squeeze bag to blend.
  
  Cut onion and potatoes into 8 wedges each.  Diagonally slice carrots and
  cut pepper into 1/2 inch cubes.  Add onions, potatoes, carrots and peppers
  to bag.  Turn bag to coat veggies with sauce. Arrange in an even layer.
  
  Sprinkle chicken with additional seasoned salt, pepper, and paprika. Place
  chicken in bag on top of veggies.
  
  Close bag with nylon tie. Make 6 one half inch slits in top of bag. Bake 1
  hour at 375 until tender.
  
  From Gemini's MASSIVE MealMaster collection at www.synapse.com/~gemini
 
</step></directions></recipe></recipeml>
