<?xml version="1.0" encoding="UTF-8"?>

<recipeml version="0.5">
  <recipe>
    <head>
      <title>Bagna Cauda (Garlic Dip)</title>
      <categories>
        <cat>Dips</cat></categories>
      <yield>8</yield></head>
    <ingredients>
      <ing>
        <amt>
          <qty>1/2</qty>
          <unit>cups</unit></amt>
        <item>Olive oil</item></ing>
      <ing>
        <amt>
          <qty>1/4</qty>
          <unit>pounds</unit></amt>
        <item>Butter (1 stick)</item></ing>
      <ing>
        <amt>
          <qty>5</qty>
          <unit/></amt>
        <item>Garlic cloves, chopped fine</item></ing>
      <ing>
        <amt>
          <qty>6</qty>
          <unit/></amt>
        <item>Anchovy fillets, chopped or mashed</item></ing>
      <ing>
        <amt>
          <qty/>
          <unit>dashes</unit></amt>
        <item>Pepper</item></ing></ingredients>
    <directions>
      <step>  Heat the oil and butter together in an earthenware pot over hot water or in
  a double boiler. In another pan cook the garlic in a bit of the oil until
  it is soft. Add the anchovy fillets, and cook until the fish dissolves into
  a paste, about 5 minutes. Add all to the pan of hot oil and butter. The
  Bagna Cauda is kept hot in the middle of the table. Guests dip celery,
  cooked and cooled artichokes, endive, cucumbers, green onions, and Italian
  bread into this mixture.
  
  From Gemini's MASSIVE MealMaster collection at www.synapse.com/~gemini
 
</step></directions></recipe></recipeml>
