<?xml version="1.0" encoding="UTF-8"?>

<recipeml version="0.5">
  <recipe>
    <head>
      <title>Bagna Caudi (On Ziti with Carrots)</title>
      <categories>
        <cat>Italian</cat></categories>
      <yield>8</yield></head>
    <ingredients>
      <ing>
        <amt>
          <qty>1/4</qty>
          <unit>cups</unit></amt>
        <item>Butter</item></ing>
      <ing>
        <amt>
          <qty>1/4</qty>
          <unit>cups</unit></amt>
        <item>Olive oil</item></ing>
      <ing>
        <amt>
          <qty>15</qty>
          <unit/></amt>
        <item>Cloves garlic, chopped fine</item></ing>
      <ing>
        <amt>
          <qty>4</qty>
          <unit>ounces</unit></amt>
        <item>Anchovies, chopped</item></ing>
      <ing>
        <amt>
          <qty>1</qty>
          <unit>quart</unit></amt>
        <item>Heavy cream</item></ing>
      <ing>
        <amt>
          <qty>1</qty>
          <unit>teaspoon</unit></amt>
        <item>Dijon mustard</item></ing>
      <ing>
        <amt>
          <qty>2</qty>
          <unit>tablespoons</unit></amt>
        <item>Roast Garlic mashed</item></ing>
      <ing>
        <amt>
          <qty>1/2</qty>
          <unit>pounds</unit></amt>
        <item>Ziti, cooked</item></ing>
      <ing>
        <amt>
          <qty>1/4</qty>
          <unit>cups</unit></amt>
        <item>Matchstick-sliced carrots,</item></ing>
      <ing>
        <amt>
          <qty/>
          <unit/></amt>
        <item>Par-boiled</item></ing></ingredients>
    <directions>
      <step>  The Sauce: Saute the chopped garlic in butter and oil until lightly
  browned. Add the chopped anchovies. Cook until the anchovies are dissolved.
  Add the cream, mustard and roast garlic. Reduce by one-fourth. Final
  assembly: Heat the sauce, then add the cooked ziti and carrots. Toss until
  thoroughly coated and serve immediately.
  
  From Gemini's MASSIVE MealMaster collection at www.synapse.com/~gemini
 
</step></directions></recipe></recipeml>
