<?xml version="1.0" encoding="UTF-8"?>

<recipeml version="0.5">
  <recipe>
    <head>
      <title>Bahamian Peas and Rice</title>
      <categories>
        <cat>Vegetables</cat>
        <cat>Rice</cat></categories>
      <yield>6</yield></head>
    <ingredients>
      <ing>
        <amt>
          <qty>1/4</qty>
          <unit>pounds</unit></amt>
        <item>Salt pork, diced</item></ing>
      <ing>
        <amt>
          <qty>1</qty>
          <unit/></amt>
        <item>Small onion, sliced</item></ing>
      <ing>
        <amt>
          <qty>1</qty>
          <unit/></amt>
        <item>Celery rib, chopped</item></ing>
      <ing>
        <amt>
          <qty>1/4</qty>
          <unit>cups</unit></amt>
        <item>Tomato paste</item></ing>
      <ing>
        <amt>
          <qty>3</qty>
          <unit>cups</unit></amt>
        <item>Water</item></ing>
      <ing>
        <amt>
          <qty/>
          <unit/></amt>
        <item>Salt and freshly ground pepp</item></ing>
      <ing>
        <amt>
          <qty>1</qty>
          <unit>tablespoon</unit></amt>
        <item>Vegetable oil</item></ing>
      <ing>
        <amt>
          <qty>1/4</qty>
          <unit/></amt>
        <item>Green pepper, seeded and</item></ing>
      <ing>
        <amt>
          <qty>1</qty>
          <unit>teaspoon</unit></amt>
        <item>Dried thyme leaves</item></ing>
      <ing>
        <amt>
          <qty>3/4</qty>
          <unit>cups</unit></amt>
        <item>Cooked pigeon peas (black</item></ing>
      <ing>
        <amt>
          <qty/>
          <unit/></amt>
        <item>Eyed peas can be substituted</item></ing>
      <ing>
        <amt>
          <qty>2</qty>
          <unit>cups</unit></amt>
        <item>Uncooked white rice</item></ing></ingredients>
    <directions>
      <step>  Fry the salt pork in a large skillet until the fat has been released, then
  add the vegetable oil.  Add the onion and saute until translucent. Then add
  the green pepper, celery, thyme, and tomato paste. Reduce the heat, cover,
  and simmer for 5 minutes.  Add the peas and cook for another 5 minutes.
    Transfer the pea mixture to a saucepan and add the water and salt and
  pepper to taste.  Bring to a boil, add the rice, and stir. Reduce the heat
  when the water returns to a boil. Cook, uncovered, for about 25 minutes, or
  until the liquid is absorbed.  This is usually served as a side dish.
  
  From Gemini's MASSIVE MealMaster collection at www.synapse.com/~gemini
 
</step></directions></recipe></recipeml>
