<?xml version="1.0" encoding="UTF-8"?>

<recipeml version="0.5">
  <recipe>
    <head>
      <title>Bahamian Lamb</title>
      <categories>
        <cat>Main dish</cat></categories>
      <yield>1</yield></head>
    <ingredients/>
    <directions>
      <step>  Ingredients:
  
  Leg of lamb dijon mustard italian breadcrumbs
  Bake leg plain (no spices), covered with aluminum
  foil, 1 hour till mostly done.  Take out of oven,
  cover with dijon mustard and italian breadcrumbs. Bake
  for 1/2 hour more (until breadcrumbs are browned).
  Take out of oven, slice meat &amp; put back into the
  juices of the pan. Serve hot. Converted by MMCONV
  vers. 1.40
  
  From Gemini's MASSIVE MealMaster collection at www.synapse.com/~gemini
 
</step></directions></recipe></recipeml>
