<?xml version="1.0" encoding="UTF-8"?>

<recipeml version="0.5">
  <recipe>
    <head>
      <title>Bahamian Lobster "Buena Vista"</title>
      <categories>
        <cat>Bahamian</cat>
        <cat>Caribbean</cat>
        <cat>Seafood</cat></categories>
      <yield>4</yield></head>
    <ingredients>
      <ing>
        <amt>
          <qty>4</qty>
          <unit/></amt>
        <item>Lobsters; boiled</item></ing>
      <ing>
        <amt>
          <qty>1</qty>
          <unit/></amt>
        <item>Chopped onion</item></ing>
      <ing>
        <amt>
          <qty>1</qty>
          <unit/></amt>
        <item>Clove garlic; finely chopped</item></ing>
      <ing>
        <amt>
          <qty>2</qty>
          <unit>teaspoons</unit></amt>
        <item>Chopped parsley</item></ing>
      <ing>
        <amt>
          <qty>2</qty>
          <unit>ounces</unit></amt>
        <item>Brandy</item></ing>
      <ing>
        <amt>
          <qty/>
          <unit/></amt>
        <item>Few drops of Tabasco</item></ing>
      <ing>
        <amt>
          <qty>4</qty>
          <unit>cups</unit></amt>
        <item>White sauce</item></ing>
      <ing>
        <amt>
          <qty>1</qty>
          <unit>cup</unit></amt>
        <item>Sliced mushrooms</item></ing>
      <ing>
        <amt>
          <qty/>
          <unit/></amt>
        <item>Salt and pepper</item></ing>
      <ing>
        <amt>
          <qty>1/2</qty>
          <unit>cups</unit></amt>
        <item>Bread crumbs</item></ing>
      <ing>
        <amt>
          <qty>2</qty>
          <unit>teaspoons</unit></amt>
        <item>Worcestershire sauce</item></ing></ingredients>
    <directions>
      <step>  Halve the lobsters.  Remove the meat and dice.  Wash the shells and retain.
  In a saucepan, melt some butter, add the onions and garlic, sautee until
  golden brown.  Add the lobster meat and flambe with the brandy, add the
  mushrooms and simmer for a few minutes, stir in the mustard, Tabasco and
  Worcestershire and cook over low flame a few more minutes. Mix in the white
  sauce, remove from fire and add the parsley. Season with salt and pepper
  and fill the shells with the mixture, sprinkle with the breadcrumbs and
  place under the broiler for a few minutes to glaze.
  
  White Sauce: In a saucepan, melt equal parts of butter and flour( over low
  heat), whisk them together(do not let the mixture get brown) until you
  obtain a homogenous paste. Let it cool for a few minutes then gradually add
  some hot fish stock, whisk continuously to prevent lumps. Bring the mixture
  slowly to boil and let simmer for 15 to 20 minutes.
  Recipe By     : Historical Buena Vista Restaurant on Delancy St.
  
  Posted to EAT-L Digest 23 October 96
  
  Date:    Thu, 24 Oct 1996 05:40:52 -0700
  
  From:    CD &lt;jazzbel@MAIL.BATELNET.BS&gt;
 
</step></directions></recipe></recipeml>
