<?xml version="1.0" encoding="UTF-8"?>

<recipeml version="0.5">
  <recipe>
    <head>
      <title>Bahamian Conch Chowder</title>
      <categories>
        <cat>Posted</cat></categories>
      <yield>8</yield></head>
    <ingredients>
      <ing>
        <amt>
          <qty>1/2</qty>
          <unit/></amt>
        <item>Jalapeno</item></ing>
      <ing>
        <amt>
          <qty>1/2</qty>
          <unit/></amt>
        <item>Red pepper</item></ing>
      <ing>
        <amt>
          <qty>1/2</qty>
          <unit/></amt>
        <item>Green pepper</item></ing>
      <ing>
        <amt>
          <qty>1/2</qty>
          <unit/></amt>
        <item>Spanish onion</item></ing>
      <ing>
        <amt>
          <qty>1</qty>
          <unit/></amt>
        <item>Potato</item></ing>
      <ing>
        <amt>
          <qty>1</qty>
          <unit>pound</unit></amt>
        <item>Ground conch</item></ing>
      <ing>
        <amt>
          <qty>2</qty>
          <unit/></amt>
        <item>Diced roma tomatoes</item></ing>
      <ing>
        <amt>
          <qty>1/2</qty>
          <unit>cups</unit></amt>
        <item>Dry sack sherry</item></ing>
      <ing>
        <amt>
          <qty>3</qty>
          <unit>ounces</unit></amt>
        <item>Clam base or clam juice</item></ing>
      <ing>
        <amt>
          <qty>8</qty>
          <unit/></amt>
        <item>Sprigs fresh thyme; stemmed</item></ing>
      <ing>
        <amt>
          <qty>1</qty>
          <unit/></amt>
        <item>Bay leaf</item></ing>
      <ing>
        <amt>
          <qty>1/2</qty>
          <unit>tablespoons</unit></amt>
        <item>Black pepper</item></ing></ingredients>
    <directions>
      <step>  Boil potatoes until al dente. Reserve water. Sweat vegetables until tender.
  Add conch and saute 10 minutes. Deglaze with sherry, clam base, and
  seasonings. Add 6 cups of reserved water, potatoes, and remaining liquid.
  Bring to a boil and remove from heat. To serve, bring to boil, add a touch
  of cream (for color), tighten with a simple roux, remove from heat, and
  finish with sherry as necessary. Note: Heat Scale: Mild
  
  busted by Suzanne
  
  Recipe by: Chile Pepper Magazine 10/97
  
  Posted to recipelu-digest by SKnight436 &lt;SKnight436@aol.com&gt; on Mar 7, 1998
 
</step></directions></recipe></recipeml>
