<?xml version="1.0" encoding="UTF-8"?>

<recipeml version="0.5">
  <recipe>
    <head>
      <title>Bahama Mamas</title>
      <categories>
        <cat>None</cat></categories>
      <yield>1</yield></head>
    <ingredients>
      <ing>
        <amt>
          <qty>2</qty>
          <unit>cups</unit></amt>
        <item>Water (Boiling) to Melt Jello in BIG POT</item></ing>
      <ing>
        <amt>
          <qty>3</qty>
          <unit/></amt>
        <item>Boxes Orange Jello</item></ing>
      <ing>
        <amt>
          <qty>3</qty>
          <unit/></amt>
        <item>Boxes Strawberry Jello</item></ing>
      <ing>
        <amt>
          <qty>3</qty>
          <unit/></amt>
        <item>Boxes Pineapple Jello (sugar Free)</item></ing>
      <ing>
        <amt>
          <qty>1</qty>
          <unit>can</unit></amt>
        <item>Frozen Orange Juice (Don't Dilute)</item></ing>
      <ing>
        <amt>
          <qty>1</qty>
          <unit>can</unit></amt>
        <item>Frozen Strawberries in sugar</item></ing>
      <ing>
        <amt>
          <qty>4</qty>
          <unit>cups</unit></amt>
        <item>Rum</item></ing>
      <ing>
        <amt>
          <qty>2</qty>
          <unit>cups</unit></amt>
        <item>Coconut Rum</item></ing></ingredients>
    <directions>
      <step>  Blend the OJ and Strawberries before mixing with other ingredients
  Posted to EAT-L Digest  by Wendy Harding &lt;wharding@MAIL.WF.NET&gt; on Sep 5,
  1997
 
</step></directions></recipe></recipeml>
