<?xml version="1.0" encoding="UTF-8"?>

<recipeml version="0.5">
  <recipe>
    <head>
      <title>Baharat (N African Spice)</title>
      <categories>
        <cat>Mixes and s</cat>
        <cat>Mid-east</cat></categories>
      <yield>1</yield></head>
    <ingredients>
      <ing>
        <amt>
          <qty>1/2</qty>
          <unit/></amt>
        <item>Nutmeg, grated</item></ing>
      <ing>
        <amt>
          <qty>1</qty>
          <unit>tablespoon</unit></amt>
        <item>Black peppercorns</item></ing>
      <ing>
        <amt>
          <qty>1</qty>
          <unit>tablespoon</unit></amt>
        <item>Coriander seeds</item></ing>
      <ing>
        <amt>
          <qty>1</qty>
          <unit>tablespoon</unit></amt>
        <item>Cumin seeds</item></ing>
      <ing>
        <amt>
          <qty>1</qty>
          <unit>tablespoon</unit></amt>
        <item>Cloves</item></ing>
      <ing>
        <amt>
          <qty/>
          <unit/></amt>
        <item>A small piece of cinnamon</item></ing>
      <ing>
        <amt>
          <qty/>
          <unit/></amt>
        <item>Seeds from 6 green cardamoms</item></ing>
      <ing>
        <amt>
          <qty>2</qty>
          <unit>tablespoons</unit></amt>
        <item>Paprika</item></ing>
      <ing>
        <amt>
          <qty>1</qty>
          <unit>teaspoon</unit></amt>
        <item>Ground chili</item></ing></ingredients>
    <directions>
      <step>  A fiery preparation from the Gulf States, used to spice meats and
  vegetables. The recipe comes from Cooking with Chillies by Meg Jump.
  
  Grind all the ingredients together. The mixture will keep for 3-4 months
  stored in an airtight jar.
  
  Source: Jill Norman "The Complete Book of Spices" Viking Studio Books, 1991
  ISBN 0-670-83437-8 The book is lavishly illustrated with full color
  photographs of the herbs and spices- whole, mixed, ground.
  
  Recipe by: Jill Norman * Web File 4/97 Posted to MC-Recipe Digest V1 #632
  by "Mary Spyridakis" &lt;MSpork@msn.com&gt; on Jun 2, 97
 
</step></directions></recipe></recipeml>
