<?xml version="1.0" encoding="UTF-8"?>

<recipeml version="0.5">
  <recipe>
    <head>
      <title>Bahais Fejoida Completa</title>
      <categories>
        <cat>None</cat></categories>
      <yield>8</yield></head>
    <ingredients>
      <ing>
        <amt>
          <qty/>
          <unit/></amt>
        <item>Stephen Ceideburg</item></ing>
      <ing>
        <amt>
          <qty>1</qty>
          <unit>pound</unit></amt>
        <item>Black beans</item></ing>
      <ing>
        <amt>
          <qty>8</qty>
          <unit>ounces</unit></amt>
        <item>Dried beef (carne seca)</item></ing>
      <ing>
        <amt>
          <qty>8</qty>
          <unit>ounces</unit></amt>
        <item>Pork butt</item></ing>
      <ing>
        <amt>
          <qty>8</qty>
          <unit>ounces</unit></amt>
        <item>Smoked sausage</item></ing>
      <ing>
        <amt>
          <qty>8</qty>
          <unit>ounces</unit></amt>
        <item>Mild Portuguese sausage</item></ing>
      <ing>
        <amt>
          <qty>8</qty>
          <unit>ounces</unit></amt>
        <item>Ham hock</item></ing>
      <ing>
        <amt>
          <qty>1</qty>
          <unit>pound</unit></amt>
        <item>Onion, chopped</item></ing>
      <ing>
        <amt>
          <qty>6</qty>
          <unit>ounces</unit></amt>
        <item>Bacon</item></ing>
      <ing>
        <amt>
          <qty/>
          <unit/></amt>
        <item>Seasonings:</item></ing>
      <ing>
        <amt>
          <qty/>
          <unit/></amt>
        <item>Chopped green onion</item></ing>
      <ing>
        <amt>
          <qty/>
          <unit/></amt>
        <item>Chopped onions</item></ing>
      <ing>
        <amt>
          <qty/>
          <unit/></amt>
        <item>Chopped parsley</item></ing>
      <ing>
        <amt>
          <qty/>
          <unit/></amt>
        <item>Crumbled bay leaves</item></ing>
      <ing>
        <amt>
          <qty/>
          <unit/></amt>
        <item>Oregano</item></ing>
      <ing>
        <amt>
          <qty/>
          <unit/></amt>
        <item>Tarragon</item></ing>
      <ing>
        <amt>
          <qty/>
          <unit/></amt>
        <item>Sauteed garlic</item></ing>
      <ing>
        <amt>
          <qty/>
          <unit/></amt>
        <item>Salt and pepper</item></ing></ingredients>
    <directions>
      <step>  Pick over beans and wash well. Cover with water and cook for about 2 1/2
  hours in a covered saucepan. Adding boiling water as needed to keep beans
  well covered with water.
  
  As the beans are cooking, prepare the meats. Remove fat from beef and pork.
  Dice the meats and sausages, removing as much fat from sausages as you can,
  and bake at 350 degrees F. until well done.
  
  Cover ham hock with water and add chopped onion. Cook for about 1 hour.
  Remove meat from bone. Discard fat and bone.
  
  Dice bacon and bake at 350 degrees F. until well done. Drain the fat and
  set bacon aside.
  
  When beans are almost cooked (make sure there is plenty of water), add all
  the meats and seasonings to taste. Simmer 30 minutes longer, or until beans
  are completely done. PER SERVING: 460 calories, 34 g protein, 28 g
  carbohydrate, 23 g fat (8 g saturated), 93 mg cholesterol, 1,570 mg sodium,
        9 g  fiber.
  
  From Valmor Neto, Bahia Brazil
  
  From an article by Heidi Haughy Cusik in the San Francisco Chronicle,
  6/12/91.
  
  Posted by Stephen Ceideburg
  
  From Gemini's MASSIVE MealMaster collection at www.synapse.com/~gemini
 
</step></directions></recipe></recipeml>
