<?xml version="1.0" encoding="UTF-8"?>

<recipeml version="0.5">
  <recipe>
    <head>
      <title>Bahama Mama</title>
      <categories>
        <cat>Rum - dark</cat>
        <cat>Coconut liq</cat>
        <cat>Glass - hig</cat>
        <cat>Kahlua</cat></categories>
      <yield>1</yield></head>
    <ingredients>
      <ing>
        <amt>
          <qty>1/2</qty>
          <unit>ounces</unit></amt>
        <item>Dark Rum</item></ing>
      <ing>
        <amt>
          <qty>1/2</qty>
          <unit>ounces</unit></amt>
        <item>Coconut Liqueur</item></ing>
      <ing>
        <amt>
          <qty>1/4</qty>
          <unit>ounces</unit></amt>
        <item>151-Proof Rum</item></ing>
      <ing>
        <amt>
          <qty>1/4</qty>
          <unit>ounces</unit></amt>
        <item>Kahlua</item></ing>
      <ing>
        <amt>
          <qty/>
          <unit/></amt>
        <item>Juice of 1/2 Lemon</item></ing>
      <ing>
        <amt>
          <qty>4</qty>
          <unit>ounces</unit></amt>
        <item>Pineapple Juice</item></ing></ingredients>
    <directions>
      <step>  Combine ingredients and pour over cracked ice into a highball glass.
  Garnish with a strawberry or a cherry.
  
  Recipe by: Mr. Boston Posted to MC-Recipe Digest V1 #715 by John Setzler
  &lt;jms@twave.net&gt; on Aug 2, 1997
 
</step></directions></recipe></recipeml>
