<?xml version="1.0" encoding="UTF-8"?>

<recipeml version="0.5">
  <recipe>
    <head>
      <title>Baida Paratha</title>
      <categories>
        <cat>Bread</cat></categories>
      <yield>6</yield></head>
    <ingredients>
      <ing>
        <amt>
          <qty>2</qty>
          <unit>cups</unit></amt>
        <item>Flour; whole wheat</item></ing>
      <ing>
        <amt>
          <qty>2</qty>
          <unit>teaspoons</unit></amt>
        <item>Salt</item></ing>
      <ing>
        <amt>
          <qty>4</qty>
          <unit/></amt>
        <item>Eggs; boiled and mashed</item></ing>
      <ing>
        <amt>
          <qty>2</qty>
          <unit>tablespoons</unit></amt>
        <item>Ghee</item></ing>
      <ing>
        <amt>
          <qty>1/2</qty>
          <unit>teaspoons</unit></amt>
        <item>Pepper</item></ing>
      <ing>
        <amt>
          <qty>1</qty>
          <unit>teaspoon</unit></amt>
        <item>Coriander leaves; chopped cilantro</item></ing>
      <ing>
        <amt>
          <qty/>
          <unit/></amt>
        <item>Water to knead</item></ing>
      <ing>
        <amt>
          <qty/>
          <unit/></amt>
        <item>Ghee; for shallow frying</item></ing></ingredients>
    <directions>
      <step>  Sift whole wheat flour in bowl with 1 tsp salt. Gradually add water, make a
  stiff flour. Cover with a damp cloth. Keep aside for 20 minutes. Boil eggs
  and mash well. Add 1 tsp salt, pepper, coriander and 1 tsp ghee or oil. Mix
  thoroughly. Knead the dough until smooth. Divide into 8 equal parts and
  roll out each 4" diameter circle. Place 1 tbsp egg filling in the centre of
  each circle. Shape them into round balls again. Now roll out each ball on a
  floured board to a circle of 5" (13 cm) diameter. Rub a little ghee or oil
  on one side. Heat a griddle, shallow fry each paratha with a little ghee or
  oil (flip and smear a little ghee on the other side with the back of a
  spoon). Cook until both sides turn golden brown, turning once or twice.
  
  Date:    6/28/96 7:27 AM
  
  From: dlassiter@atsva.com
  
  MC-Recipe Digest V1 #133
  
  From the MasterCook recipe list.  Downloaded from Glen's MM Recipe Archive,
  http://www.erols.com/hosey.
 
</step></directions></recipe></recipeml>
