<?xml version="1.0" encoding="UTF-8"?>

<recipeml version="0.5">
  <recipe>
    <head>
      <title>Baigan Aur Tamaatar</title>
      <categories>
        <cat>Indian</cat></categories>
      <yield>2</yield></head>
    <ingredients>
      <ing>
        <amt>
          <qty>1/2</qty>
          <unit>pounds</unit></amt>
        <item>Eggplant</item></ing>
      <ing>
        <amt>
          <qty>2</qty>
          <unit>tablespoons</unit></amt>
        <item>Ghee</item></ing>
      <ing>
        <amt>
          <qty>1</qty>
          <unit>small</unit></amt>
        <item>Onion; chopped finely</item></ing>
      <ing>
        <amt>
          <qty>1</qty>
          <unit/></amt>
        <item>Garlic cloves; sliced</item></ing>
      <ing>
        <amt>
          <qty>1/2</qty>
          <unit>teaspoons</unit></amt>
        <item>Turmeric</item></ing>
      <ing>
        <amt>
          <qty>1</qty>
          <unit/></amt>
        <item>Bay leaf</item></ing>
      <ing>
        <amt>
          <qty>1</qty>
          <unit/></amt>
        <item>1" cinnamon stick</item></ing>
      <ing>
        <amt>
          <qty>1/2</qty>
          <unit>teaspoons</unit></amt>
        <item>Salt</item></ing>
      <ing>
        <amt>
          <qty>3/4</qty>
          <unit>teaspoons</unit></amt>
        <item>Cayenne pepper</item></ing>
      <ing>
        <amt>
          <qty>1</qty>
          <unit>slice</unit></amt>
        <item>1/2" fresh ginger</item></ing>
      <ing>
        <amt>
          <qty>2</qty>
          <unit>medium</unit></amt>
        <item>Tomatoes</item></ing>
      <ing>
        <amt>
          <qty>1</qty>
          <unit>tablespoon</unit></amt>
        <item>Garam masala</item></ing></ingredients>
    <directions>
      <step>  Wash &amp; slice aubergines. Heat ghee &amp; saute the onion &amp; garlic when hot for
  2 to 3 minutes. Add turmeric, bay leaf &amp; cinnamon stick &amp; saute for a
  further 2 minutes, stirring frequently. Stir in sliced eggplant. Add salt,
  cayenne &amp; ginger. Blend together well. Cook for 10 minutes. Add tomatoes,
  cover pot &amp; cook for another 10 minutes. Sprinkle with garam masala &amp;
  serve. Be careful not to overcook otherwise it will go very mushy.
  
  Recipe by: Madhur Jaffrey, "An Invitation to Indian Cooking"
  
  Posted to recipelu-digest by Sharon Raghavachary &lt;schary@earthlink.net&gt; on
  Feb 05, 1998
 
</step></directions></recipe></recipeml>
