<?xml version="1.0" encoding="UTF-8"?>

<recipeml version="0.5">
  <recipe>
    <head>
      <title>Baileys B-52</title>
      <categories>
        <cat>Beverages</cat>
        <cat>Kooknet</cat></categories>
      <yield>1</yield></head>
    <ingredients>
      <ing>
        <amt>
          <qty>1</qty>
          <unit/></amt>
        <item>Baileys</item></ing>
      <ing>
        <amt>
          <qty>1</qty>
          <unit/></amt>
        <item>Coffee Liqueur</item></ing>
      <ing>
        <amt>
          <qty>1</qty>
          <unit/></amt>
        <item>Orange Liqueur</item></ing></ingredients>
    <directions>
      <step>  Layer ingredients into a small snifter or shot glass.
  
  Source: Baileys Dessert Heaven
  
  From Gemini's MASSIVE MealMaster collection at www.synapse.com/~gemini
 
</step></directions></recipe></recipeml>
