<?xml version="1.0" encoding="UTF-8"?>

<recipeml version="0.5">
  <recipe>
    <head>
      <title>Bailey's Irish Cream Unlikely Knockoff - # 1</title>
      <categories>
        <cat>None</cat></categories>
      <yield>1</yield></head>
    <ingredients>
      <ing>
        <amt>
          <qty>1</qty>
          <unit>cup</unit></amt>
        <item>Light cream</item></ing>
      <ing>
        <amt>
          <qty>14</qty>
          <unit>ounces</unit></amt>
        <item>Eagle brand sweetened condensed milk</item></ing>
      <ing>
        <amt>
          <qty>1 2/3</qty>
          <unit>cups</unit></amt>
        <item>Irish whiskey</item></ing>
      <ing>
        <amt>
          <qty>1</qty>
          <unit>teaspoon</unit></amt>
        <item>Instant coffee</item></ing>
      <ing>
        <amt>
          <qty>2</qty>
          <unit>tablespoons</unit></amt>
        <item>Hershey's chocolate syrup</item></ing>
      <ing>
        <amt>
          <qty>1</qty>
          <unit>teaspoon</unit></amt>
        <item>Vanilla</item></ing>
      <ing>
        <amt>
          <qty>1</qty>
          <unit>teaspoon</unit></amt>
        <item>Almond extract</item></ing></ingredients>
    <directions>
      <step>  Method: Put all ingredients in blender and blend for 30 seconds. From
  Michelle Bruce. Light cream?
  
  Posted to FOODWINE Digest 09 Dec 96
  
  From:    Bob Pastorio &lt;pastorio@RICA.NET&gt;
  
  Date:    Mon, 9 Dec 1996 18:56:25 -0800
 
</step></directions></recipe></recipeml>
