<?xml version="1.0" encoding="UTF-8"?>

<recipeml version="0.5">
  <recipe>
    <head>
      <title>Bailey's Irish Cream Cheesecake #1</title>
      <categories>
        <cat>Pie</cat></categories>
      <yield>12</yield></head>
    <ingredients>
      <ing-div>
        <title>CRUST</title>
        <ing>
          <amt>
            <qty>1 1/2</qty>
            <unit>packages</unit></amt>
          <item>Graham crackers; crushed</item></ing>
        <ing>
          <amt>
            <qty>6</qty>
            <unit>tablespoons</unit></amt>
          <item>Butter; melted</item></ing>
        <ing>
          <amt>
            <qty>1/3</qty>
            <unit>cups</unit></amt>
          <item>Sugar</item></ing></ing-div>
      <ing-div>
        <title>FILLING</title>
        <ing>
          <amt>
            <qty>24</qty>
            <unit>ounces</unit></amt>
          <item>Cream cheese; unwrapped and softened in a microwave on high</item></ing>
        <ing>
          <amt>
            <qty>5</qty>
            <unit/></amt>
          <item>Jumbo eggs; separated</item></ing>
        <ing>
          <amt>
            <qty>1 1/2</qty>
            <unit>cups</unit></amt>
          <item>Sugar</item></ing>
        <ing>
          <amt>
            <qty>2</qty>
            <unit/></amt>
          <item>Envelopes Knox gelatin</item></ing>
        <ing>
          <amt>
            <qty>3</qty>
            <unit>tablespoons</unit></amt>
          <item>Cocoa</item></ing>
        <ing>
          <amt>
            <qty>1/2</qty>
            <unit>cups</unit></amt>
          <item>Bailey's Irish Cream</item></ing>
        <ing>
          <amt>
            <qty>1</qty>
            <unit>pint</unit></amt>
          <item>Whipping cream</item></ing></ing-div></ingredients>
    <directions>
      <step>  From: mark@alexr.co.uk
  
  Date: Sun, 25 Feb 1996 00:00:24 GMT
  CRUST: Mix and pat into bottom and up sides of springform pan. Bake at 350
  degrees for 10 minutes.
  
  FILLING: Soften gelatin in small saucepan with 3/4 cup water. Stir egg
  yolks into 1 cup sugar. Add to gelatin mixture and cook over med. heat.
  stirring constantly until mixture thickens and bubbles. Cool. Beat cheese
  in large bowl until light and fluffy. Add cocoa and beat again. Add
  Bailey's and beat some more. Slowly add gelatin mixture an blend well. Beat
  egg whites until soft peaks form. Add remaining 1/2 cup sugar and continue
  beating until stiff peaks form. Fold into cheese mixture. Whip cream and
  fold into cheese mixture. Pour into crust and refrigerated several hours or
  overnight.
  
  MM-RECIPES@IDISCOVER.NET
  
  MEAL-MASTER RECIPES LIST SERVER
  
  MM-RECIPES DIGEST V3 #56
  
  From the MealMaster recipe list.  Downloaded from Glen's MM Recipe Archive,
  http://www.erols.com/hosey.
 
</step></directions></recipe></recipeml>
