<?xml version="1.0" encoding="UTF-8"?>

<recipeml version="0.5">
  <recipe>
    <head>
      <title>Bailey's - # 3</title>
      <categories>
        <cat>None</cat></categories>
      <yield>1</yield></head>
    <ingredients>
      <ing>
        <amt>
          <qty>2</qty>
          <unit>cans</unit></amt>
        <item>Evaporated milk</item></ing>
      <ing>
        <amt>
          <qty>1</qty>
          <unit>cup</unit></amt>
        <item>Irish whiskey</item></ing>
      <ing>
        <amt>
          <qty>1/2</qty>
          <unit>cups</unit></amt>
        <item>Vodka</item></ing>
      <ing>
        <amt>
          <qty>1/2</qty>
          <unit>tablespoons</unit></amt>
        <item>Hershey's chocolate syrup</item></ing>
      <ing>
        <amt>
          <qty>1/2</qty>
          <unit>teaspoons</unit></amt>
        <item>Coconut extract</item></ing>
      <ing>
        <amt>
          <qty>1/2</qty>
          <unit>teaspoons</unit></amt>
        <item>Almond extract</item></ing></ingredients>
    <directions>
      <step>  Method: Put in blender. Walk around table three times to age to perfection
  [cute, huh?]. Blend. Keep refrigerated. From Bobbi Zee. This won't have as
  strong an Irish whiskey flavor.
  
  Posted to FOODWINE Digest 09 Dec 96
  
  From:    Bob Pastorio &lt;pastorio@RICA.NET&gt;
  
  Date:    Mon, 9 Dec 1996 18:56:25 -0800
 
</step></directions></recipe></recipeml>
