<?xml version="1.0" encoding="UTF-8"?>

<recipeml version="0.5">
  <recipe>
    <head>
      <title>Bailey's Irish Cream Cheesecake</title>
      <categories>
        <cat>Cakes</cat>
        <cat>Desserts</cat>
        <cat>Chocolate</cat></categories>
      <yield>10</yield></head>
    <ingredients>
      <ing>
        <amt>
          <qty/>
          <unit/></amt>
        <item>*   *   Crust   *   *</item></ing>
      <ing>
        <amt>
          <qty>10</qty>
          <unit/></amt>
        <item>Whole graham crackers, broken into pieces</item></ing>
      <ing>
        <amt>
          <qty>1 1/4</qty>
          <unit>cups</unit></amt>
        <item>Pecans (about 5 ounces)</item></ing>
      <ing>
        <amt>
          <qty>1/4</qty>
          <unit>cups</unit></amt>
        <item>Sugar</item></ing>
      <ing>
        <amt>
          <qty>6</qty>
          <unit>tablespoons</unit></amt>
        <item>Unsalted butter, melted</item></ing>
      <ing>
        <amt>
          <qty/>
          <unit/></amt>
        <item>*   *   Filling   *   *</item></ing>
      <ing>
        <amt>
          <qty>1 1/2</qty>
          <unit>pounds</unit></amt>
        <item>Cream cheese, room temp.</item></ing>
      <ing>
        <amt>
          <qty>3/4</qty>
          <unit>cups</unit></amt>
        <item>Sugar</item></ing>
      <ing>
        <amt>
          <qty>3</qty>
          <unit/></amt>
        <item>Large eggs</item></ing>
      <ing>
        <amt>
          <qty>1/3</qty>
          <unit>cups</unit></amt>
        <item>Baileys Irish Cream Liqueur</item></ing>
      <ing>
        <amt>
          <qty>1</qty>
          <unit>teaspoon</unit></amt>
        <item>Vanilla extract</item></ing>
      <ing>
        <amt>
          <qty>3</qty>
          <unit>ounces</unit></amt>
        <item>Imported white chocolate</item></ing>
      <ing>
        <amt>
          <qty/>
          <unit/></amt>
        <item>(such as Lindt), broken into pieces</item></ing>
      <ing>
        <amt>
          <qty/>
          <unit/></amt>
        <item>*   *   Topping   *   *</item></ing>
      <ing>
        <amt>
          <qty>1 1/2</qty>
          <unit>cups</unit></amt>
        <item>Sour cream</item></ing>
      <ing>
        <amt>
          <qty>1/4</qty>
          <unit>cups</unit></amt>
        <item>Powdered sugar</item></ing>
      <ing>
        <amt>
          <qty>1 1/2</qty>
          <unit>ounces</unit></amt>
        <item>Imported white chocolate,</item></ing>
      <ing>
        <amt>
          <qty>24</qty>
          <unit/></amt>
        <item>Grated pecan halves</item></ing></ingredients>
    <directions>
      <step>  For crust:  Preheat oven to 325=F8F.  Lightly butter 9-inch diameter
  springform pan with 2 3/4-inch-high sides.  Finely grind graham crackers,
  pecans and sugar in processor.  Add butter and blend, using on/off turns.
  Press crumbs onto bottom and 2 inches up sides of prepared pan. Refrigerate
       20    minutes.
  
  For filling:  Using electric mixer, beat cream cheese and sugar in large
  bowl until smooth.  Whisk eggs, Baileys and vanilla in medium bowl until
  just blended.  Beat egg mixture into cream cheese mixture. Finely chop
  white chocolate in processor using on/off turns. Add to cream cheese
  mixture.
  
  Transfer filling to crust-lined pan.  Bake until edges of filling are
  puffed and dry looking and center is just set, about 50 minutes. Cool on
  rack.
  
  For topping:  Mix sour cream and powdered sugar in small bowl. Spread
  topping onto cooled cake.  Refrigerate until well chilled, about 6 hours.
  (Can be prepared 1 day ahead.)
  
  Sprinkle grated chocolate over cake.  Place pecans around edge and serve.
  
  Note: I've fixed the cake with and without the topping, and I prefer it
  without the topping. As a suggestion, prepare the topping, but serve it on
  the side.
  
  Re-posted by Lois Flack, Watertown, NY
  Posted to MM-Recipes Digest V4 #299 by "Fred Goslin"
  &lt;fjgoslin@northnet.org&gt; on Nov 18, 1997
 
</step></directions></recipe></recipeml>
