<?xml version="1.0" encoding="UTF-8"?>

<recipeml version="0.5">
  <recipe>
    <head>
      <title>Bailey's Cheesecake</title>
      <categories>
        <cat>Desserts</cat>
        <cat>Cheesecake</cat></categories>
      <yield>6</yield></head>
    <ingredients>
      <ing>
        <amt>
          <qty>1 1/2</qty>
          <unit>cups</unit></amt>
        <item>Graham cracker crumbs, coars</item></ing>
      <ing>
        <amt>
          <qty>4</qty>
          <unit>tablespoons</unit></amt>
        <item>Butter, melted</item></ing>
      <ing>
        <amt>
          <qty>15</qty>
          <unit>ounces</unit></amt>
        <item>Cheese, ricotta</item></ing>
      <ing>
        <amt>
          <qty>8</qty>
          <unit>ounces</unit></amt>
        <item>Cream cheese</item></ing>
      <ing>
        <amt>
          <qty>4</qty>
          <unit/></amt>
        <item>Eggs, lightly beaten</item></ing>
      <ing>
        <amt>
          <qty>1/2</qty>
          <unit>cups</unit></amt>
        <item>Sugar</item></ing>
      <ing>
        <amt>
          <qty>1/3</qty>
          <unit>cups</unit></amt>
        <item>Bailey's</item></ing>
      <ing>
        <amt>
          <qty>1</qty>
          <unit>teaspoon</unit></amt>
        <item>Vanilla</item></ing>
      <ing>
        <amt>
          <qty>1/4</qty>
          <unit>teaspoons</unit></amt>
        <item>Salt</item></ing></ingredients>
    <directions>
      <step>  Combine crumbs and butter, press over bottom and sides of greased 9-inch
  springform pan.  Chill.  Preheat oven to 325 degrees.  Beat together
  ricotta and cream cheese until smooth.  Add remaining ingredients, beat
  until smooth.  Pour mixture into pan.  Bake 1 hour and 15 minutes or until
  firm in middle (place a shallow pan of water in oven to cook under my
  cheesecakes so they don't crack).  Cool 20-30 minutes in pan. Cool
  completely.
  Posted to MM-Recipes Digest  by "Wayne T. Jones" &lt;waynej@mail.austasia.net&gt;
  on Mar 12, 1998
 
</step></directions></recipe></recipeml>
