<?xml version="1.0" encoding="UTF-8"?>

<recipeml version="0.5">
  <recipe>
    <head>
      <title>Baily's Irish Cream Cake</title>
      <categories>
        <cat>American</cat>
        <cat>Cake</cat></categories>
      <yield>8</yield></head>
    <ingredients>
      <ing-div>
        <title/>
        <ing>
          <amt>
            <qty>1</qty>
            <unit/></amt>
          <item>YELLOW Cake Mix</item></ing>
        <ing>
          <amt>
            <qty>4</qty>
            <unit/></amt>
          <item>Eggs</item></ing>
        <ing>
          <amt>
            <qty>1/2</qty>
            <unit>cups</unit></amt>
          <item>Cold Water</item></ing>
        <ing>
          <amt>
            <qty>1/2</qty>
            <unit>cups</unit></amt>
          <item>Baily's Irish Cream Liquor</item></ing>
        <ing>
          <amt>
            <qty>1</qty>
            <unit>package</unit></amt>
          <item>Instant Vanilla Pudding Mix</item></ing>
        <ing>
          <amt>
            <qty>1/2</qty>
            <unit>cups</unit></amt>
          <item>Oil</item></ing>
        <ing>
          <amt>
            <qty>1</qty>
            <unit>cup</unit></amt>
          <item>Chopped Toasted Pecans</item></ing></ing-div>
      <ing-div>
        <title>GLAZE</title>
        <ing>
          <amt>
            <qty>2</qty>
            <unit>ounces</unit></amt>
          <item>Butter</item></ing>
        <ing>
          <amt>
            <qty>1/2</qty>
            <unit>cups</unit></amt>
          <item>Sugar</item></ing>
        <ing>
          <amt>
            <qty>1/8</qty>
            <unit>cups</unit></amt>
          <item>Water</item></ing>
        <ing>
          <amt>
            <qty>1/4</qty>
            <unit>cups</unit></amt>
          <item>Bailey's Irish Cream</item></ing></ing-div></ingredients>
    <directions>
      <step>  Combine All Ingredients, Except Nuts, Beat until well mixed, stir in nuts.
  Pour into greased and floured 12 cup bundt pan and bake at 325F for 1 hour
  or until it tests done.   Cook cake 15 minutes and turn out onto rack. Heat
  glaze ingredients until melted.  Poke holes in cake with meat fork and
  brush warm cake with 1/2 glaze mixture.  When cake has cooked, brush with
  remaining glaze mixture.
  
  Serving Ideas : Dessert
  
  Recipe by: Nancy Kuhl (Nssh88A)
  
  Posted to recipelu-digest by Nesb2 &lt;Nesb2@aol.com&gt; on Mar 1, 1998
 
</step></directions></recipe></recipeml>
