<?xml version="1.0" encoding="UTF-8"?>

<recipeml version="0.5">
  <recipe>
    <head>
      <title>Bailey's Irish Cream Cheesecake #2</title>
      <categories>
        <cat>Pie</cat></categories>
      <yield>8</yield></head>
    <ingredients>
      <ing-div>
        <title>CRUST</title>
        <ing>
          <amt>
            <qty>10</qty>
            <unit/></amt>
          <item>Whole graham crackers; broken into pieces</item></ing>
        <ing>
          <amt>
            <qty>1 1/4</qty>
            <unit>cups</unit></amt>
          <item>Pecans (about 5 ozs.)</item></ing>
        <ing>
          <amt>
            <qty>1/4</qty>
            <unit>cups</unit></amt>
          <item>Sugar</item></ing>
        <ing>
          <amt>
            <qty>6</qty>
            <unit>tablespoons</unit></amt>
          <item>Unsalted butter; melted</item></ing></ing-div>
      <ing-div>
        <title>FILLING</title>
        <ing>
          <amt>
            <qty>1 1/2</qty>
            <unit>pounds</unit></amt>
          <item>Cream cheese; room temperature (don't get the philly stuff - get it from the deli - much creamier)</item></ing>
        <ing>
          <amt>
            <qty>3/4</qty>
            <unit>cups</unit></amt>
          <item>Sugar</item></ing>
        <ing>
          <amt>
            <qty>3</qty>
            <unit>large</unit></amt>
          <item>Eggs</item></ing>
        <ing>
          <amt>
            <qty>1/3</qty>
            <unit>cups</unit></amt>
          <item>Baileys original irish cream liqueur</item></ing>
        <ing>
          <amt>
            <qty>1</qty>
            <unit>teaspoon</unit></amt>
          <item>Vanilla extract</item></ing>
        <ing>
          <amt>
            <qty>3</qty>
            <unit>ounces</unit></amt>
          <item>Imported white chocolate; broken into pieces</item></ing></ing-div>
      <ing-div>
        <title>TOPPING</title>
        <ing>
          <amt>
            <qty>1 1/2</qty>
            <unit>cups</unit></amt>
          <item>Sour cream</item></ing>
        <ing>
          <amt>
            <qty>1/4</qty>
            <unit>cups</unit></amt>
          <item>Powdered sugar</item></ing>
        <ing>
          <amt>
            <qty>1 1/2</qty>
            <unit>ounces</unit></amt>
          <item>Imported whilt chocolate; grated</item></ing>
        <ing>
          <amt>
            <qty>24</qty>
            <unit/></amt>
          <item>Pecan halves</item></ing></ing-div></ingredients>
    <directions>
      <step>  From: cookie@news.cpcnet.com (Margaret Garland)
  
  Date: 19 Nov 1995 12:06:04 -0700
  For crust: Preheat oven to 325. Lightly butter 9" diameter springform pan
  with 2 3/4 inch high sides. Finely grind graham crackers, pecans and sugar
  in processor. Add butter and blend, using on/off turns. Press crumbs onto
  bottom and 2 inches up sides of prepared pan. Refrigerate at least 20
  minutes.
  
  For filling: Using electric mixer, beat cream cheese and sugar in large
  bowl until smooth. Whisk eggs, Baileys and vanilla in medium bowl untiljust
  blended. Beat egg mixture into cream cheese mixture.  Finely chop white
  chocolate in processor using on/off turns. Add to cream cheese mixture.
  
  Transfer filling to crust-lined pan. Bake until edges of filling are puffed
  and dry looking and center is just set, about 50 minutes. Cool on rack.
  
  For Topping: Mix sour cream and powdered sugar in small bowl. Spread
  topping onto cooled cake. Refrigerate until well chilled, about 6 hours.
  
  Sprinkle grated chocolate over cake. Place pecan halves around edge and
  serve.
  
  REC.FOOD.RECIPES ARCHIVES
  
  /DESSERTS
  
  From rec.food.cooking archives.  Downloaded from Glen's MM Recipe Archive,
  http://www.erols.com/hosey.
 
</step></directions></recipe></recipeml>
