<?xml version="1.0" encoding="UTF-8"?>

<recipeml version="0.5">
  <recipe>
    <head>
      <title>Bailey's Irish Cream Whiskey</title>
      <categories>
        <cat>Liqueurs an</cat>
        <cat>Homemade be</cat>
        <cat>Gifts</cat></categories>
      <yield>1</yield></head>
    <ingredients>
      <ing>
        <amt>
          <qty>3</qty>
          <unit/></amt>
        <item>Egg yolks; room temp.</item></ing>
      <ing>
        <amt>
          <qty>1</qty>
          <unit/></amt>
        <item>14 ounce can sweetened condensed milk</item></ing>
      <ing>
        <amt>
          <qty>1 1/4</qty>
          <unit>cups</unit></amt>
        <item>Whipping cream</item></ing>
      <ing>
        <amt>
          <qty>1 1/2</qty>
          <unit>cups</unit></amt>
        <item>Irish whiskey</item></ing>
      <ing>
        <amt>
          <qty>1 1/2</qty>
          <unit>tablespoons</unit></amt>
        <item>Sweetened chocolate syrup</item></ing>
      <ing>
        <amt>
          <qty>1/4</qty>
          <unit>teaspoons</unit></amt>
        <item>Coconut extract</item></ing></ingredients>
    <directions>
      <step>  In a large bowl, beat the egg yolks until thick. Stir in the condensed
  milk, cream, whiskey, chocolate syrup and coconut extract. Beat for one
  minute. Taste and add more coconut extract if desired.
  
  In a large decanter, pour Irish Cream whiskey. Seal. Sore in the
  refrigerator and allow to mellow 7 days before using. Will keep for 2
  weeks.
  
  Makes about 5 cups.
  
  NOTES : Everything emulsifies better if all of the ingredients are a room
  temp.. If the egg yolks are cold when mixed they tend to stay together more
  and are visible in the drink ( not very pretty).
  Posted to KitMailbox Digest  by GAdams1350@aol.com on Sep 20, 1997
 
</step></directions></recipe></recipeml>
