<?xml version="1.0" encoding="UTF-8"?>

<recipeml version="0.5">
  <recipe>
    <head>
      <title>Bailey's Irish Cream Truffles</title>
      <categories>
        <cat>Dessert</cat></categories>
      <yield>16</yield></head>
    <ingredients>
      <ing>
        <amt>
          <qty>1/4</qty>
          <unit>cups</unit></amt>
        <item>Bailey's Irish Cream</item></ing>
      <ing>
        <amt>
          <qty>1</qty>
          <unit>tablespoon</unit></amt>
        <item>Butter</item></ing>
      <ing>
        <amt>
          <qty>12</qty>
          <unit>ounces</unit></amt>
        <item>Semisweet chocolate</item></ing>
      <ing>
        <amt>
          <qty>2</qty>
          <unit/></amt>
        <item>Egg Yolks</item></ing>
      <ing>
        <amt>
          <qty>1/4</qty>
          <unit>cups</unit></amt>
        <item>Heavy Cream</item></ing></ingredients>
    <directions>
      <step>  Melt chocolate, Bailey's and heavy cream tog over very low heat.  Whisk in
  yolks, one at a time, mixture will thicken.  Whisk in butter. Refrigerate
  overnight, or until firm.  With spoon make small balls.  Roll in powdered
  sugar, cocoa, chopped nuts, sprinkles, etc.
  
  Date: Sun, 16 Jun 1996 10:50:33 PST
  
  From: minnie@juno.com (Louise M McCartney)
  
  MM-Recipes Digest V3 #167
  
  From the MealMaster recipe list.  Downloaded from Glen's MM Recipe Archive,
  http://www.erols.com/hosey.
 
</step></directions></recipe></recipeml>
