<?xml version="1.0" encoding="UTF-8"?>

<recipeml version="0.5">
  <recipe>
    <head>
      <title>Baileys Mocha Cocktail</title>
      <categories>
        <cat>None</cat></categories>
      <yield>1</yield></head>
    <ingredients>
      <ing>
        <amt>
          <qty/>
          <unit/></amt>
        <item>Baileys; (to taste)</item></ing>
      <ing>
        <amt>
          <qty>1</qty>
          <unit/></amt>
        <item>Part coffee</item></ing>
      <ing>
        <amt>
          <qty>1</qty>
          <unit/></amt>
        <item>Part hot chocolate</item></ing></ingredients>
    <directions>
      <step>  Add Baileys to equal parts coffee and hot chocolate.
  
  Posted to recipelu-digest by Sandy &lt;sandysno@pctech.net&gt; on Mar 17, 1998
 
</step></directions></recipe></recipeml>
