<?xml version="1.0" encoding="UTF-8"?>

<recipeml version="0.5">
  <recipe>
    <head>
      <title>Bailey's Marbled Cheesecake</title>
      <categories>
        <cat>Desserts</cat></categories>
      <yield>1</yield></head>
    <ingredients>
      <ing>
        <amt>
          <qty>4</qty>
          <unit>tablespoons</unit></amt>
        <item>Unsalted Butter; melted</item></ing>
      <ing>
        <amt>
          <qty>1/4</qty>
          <unit>cups</unit></amt>
        <item>Sugar</item></ing>
      <ing>
        <amt>
          <qty>1/4</qty>
          <unit>cups</unit></amt>
        <item>Cocoa</item></ing>
      <ing>
        <amt>
          <qty>1</qty>
          <unit>package</unit></amt>
        <item>Graham Crackers; ground fine Filling-----</item></ing>
      <ing>
        <amt>
          <qty>24</qty>
          <unit>ounces</unit></amt>
        <item>Cream Cheese; softened</item></ing>
      <ing>
        <amt>
          <qty>3/4</qty>
          <unit>cups</unit></amt>
        <item>Sugar</item></ing>
      <ing>
        <amt>
          <qty>3</qty>
          <unit/></amt>
        <item>Eggs</item></ing>
      <ing>
        <amt>
          <qty>3/4</qty>
          <unit>cups</unit></amt>
        <item>Bailey's Irish Cream</item></ing>
      <ing>
        <amt>
          <qty>2</qty>
          <unit/></amt>
        <item>Semisweet Chocolate Squares; melted</item></ing></ingredients>
    <directions>
      <step>  Combine butter, sugar and cocoa powder. Stir in crumbs. Press evenly over
  bottom of greased 9-inch springform pan and bake at 350 for 10 minutes.
  Cool pan and grease sides.
  
  Beat cream cheese until smooth. Gradually beat in sugar. Beat in eggs, one
  at a time. Blend in Bailey s. Pour about 1/3 mixture into a bowl and stir
  in melted chocolate. Pour half of plain mixture into prepared pan. Drizzle
  with half the chocolate mixture. Repeat layers. Make a marbled design by
  gently swirling batter with a knife. Bake 10 minutes at 450, then 55
  minutes at 250.
  
  Posted to MC-Recipe Digest V1 #744 by Kristin Cain
  &lt;princesskris@geocities.com&gt; on Aug 14, 1997
 
</step></directions></recipe></recipeml>
