<?xml version="1.0" encoding="UTF-8"?>

<recipeml version="0.5">
  <recipe>
    <head>
      <title>Bailey's Salt Wafers</title>
      <categories>
        <cat>Breads</cat>
        <cat>Biscuits</cat>
        <cat>Baileys.mcf</cat></categories>
      <yield>60</yield></head>
    <ingredients>
      <ing>
        <amt>
          <qty>1 3/4</qty>
          <unit>cups</unit></amt>
        <item>All-purpose flour</item></ing>
      <ing>
        <amt>
          <qty>1</qty>
          <unit>cup</unit></amt>
        <item>Whole wheat flour</item></ing>
      <ing>
        <amt>
          <qty>2</qty>
          <unit>tablespoons</unit></amt>
        <item>Sugar</item></ing>
      <ing>
        <amt>
          <qty>3/4</qty>
          <unit>teaspoons</unit></amt>
        <item>Salt</item></ing>
      <ing>
        <amt>
          <qty>1/4</qty>
          <unit>teaspoons</unit></amt>
        <item>Black pepper</item></ing>
      <ing>
        <amt>
          <qty>1/2</qty>
          <unit>teaspoons</unit></amt>
        <item>Baking soda</item></ing>
      <ing>
        <amt>
          <qty>1/2</qty>
          <unit>cups</unit></amt>
        <item>Unsalted butter</item></ing>
      <ing>
        <amt>
          <qty>1</qty>
          <unit>cup</unit></amt>
        <item>Low-fat sour cream</item></ing>
      <ing>
        <amt>
          <qty/>
          <unit/></amt>
        <item>Coarse salt; for topping</item></ing></ingredients>
    <directions>
      <step>  Preheat oven to 400 degrees.
  
  Sift together the flours, sugar, salt, pepper, and baking soda. cut in the
  butter with a pastry blender or 2 knives. Beat in the sour cream.
  
  Roll out dough until paper-thin on a floured surface. Cut into saltine-size
  (2-inch) squares and place on 2 ungreased cookie sheets. Sprinkle each with
  salt.
  
  Bake for approximately 7 minutes and then turn off heat. Allow to crisp as
  the oven cools. Makes about 60 wafers
  
  SOURCE: Lee Bailey's Soup Meals (1989:isbn0517573040)
  
  Notes: Lee's Intro: These crisp little squares were inspired by Nathalie
  Dupree's "Brittlebread. "
  
  Kitpath 98Jan
  
  Recipe by: Lee Bailey's Soup Meals: Cold-Weather
  
  Posted to MC-Recipe Digest by KitPATh &lt;phannema@wizard.ucr.edu&gt; on Feb 12,
  1998
 
</step></directions></recipe></recipeml>
