<?xml version="1.0" encoding="UTF-8"?>

<recipeml version="0.5">
  <recipe>
    <head>
      <title>Bailey's Irish Cream Bread</title>
      <categories>
        <cat>Bread</cat></categories>
      <yield>14</yield></head>
    <ingredients>
      <ing>
        <amt>
          <qty>1 1/4</qty>
          <unit>cups</unit></amt>
        <item>Very warm water</item></ing>
      <ing>
        <amt>
          <qty>1</qty>
          <unit>package</unit></amt>
        <item>Yeast</item></ing>
      <ing>
        <amt>
          <qty>1</qty>
          <unit>cup</unit></amt>
        <item>Oats</item></ing>
      <ing>
        <amt>
          <qty>3</qty>
          <unit>cups</unit></amt>
        <item>Bread flour</item></ing>
      <ing>
        <amt>
          <qty>1</qty>
          <unit>teaspoon</unit></amt>
        <item>Salt</item></ing>
      <ing>
        <amt>
          <qty>1/3</qty>
          <unit>cups</unit></amt>
        <item>Honey</item></ing>
      <ing>
        <amt>
          <qty>2</qty>
          <unit>tablespoons</unit></amt>
        <item>Bailey's Irish Cream; or to taste</item></ing></ingredients>
    <directions>
      <step>  Recipe By: "Aine.McManus" &lt;mcmanus@maths.anu.edu.au&gt;, Gaelic List.
  
  Put ingredients in pan in order listed, Select "white bread" setting on
  machine and press Start. The bread doesn't rise much, but the texture is
  great. From: David Phillip Oster (oster@well.sf.ca.us). Very low fat.
  
  JAPLADY@NWU.EDU (REBECCA RADNOR)
  
  REC.FOOD.RECIPES
  
  From rec.food.cooking archives.  Downloaded from Glen's MM Recipe Archive,
  http://www.erols.com/hosey.
 
</step></directions></recipe></recipeml>
