<?xml version="1.0" encoding="UTF-8"?>

<recipeml version="0.5">
  <recipe>
    <head>
      <title>Bailey's - # 4</title>
      <categories>
        <cat>None</cat></categories>
      <yield>1</yield></head>
    <ingredients>
      <ing>
        <amt>
          <qty>1</qty>
          <unit>can</unit></amt>
        <item>Borden's condensed milk</item></ing>
      <ing>
        <amt>
          <qty>3</qty>
          <unit>large</unit></amt>
        <item>Eggs</item></ing>
      <ing>
        <amt>
          <qty>3</qty>
          <unit>tablespoons</unit></amt>
        <item>Chocolate syrup</item></ing>
      <ing>
        <amt>
          <qty>1</qty>
          <unit>tablespoon</unit></amt>
        <item>Vanilla</item></ing>
      <ing>
        <amt>
          <qty>2</qty>
          <unit>teaspoons</unit></amt>
        <item>Cream of coconut</item></ing>
      <ing>
        <amt>
          <qty>1 1/4</qty>
          <unit>cups</unit></amt>
        <item>Irish whiskey</item></ing></ingredients>
    <directions>
      <step>  Method: Combine all ingredients in a blender. Blend 3 to 7 minutes. That
  Borden's stuff is really gooey and takes a while to incorporate. From Tom
  Morstead. Suggestion: put everything else in the blender and add the milk
  through the hole in the lid while it's running.
  
  Posted to FOODWINE Digest 09 Dec 96
  
  From:    Bob Pastorio &lt;pastorio@RICA.NET&gt;
  
  Date:    Mon, 9 Dec 1996 18:56:25 -0800
 
</step></directions></recipe></recipeml>
