<?xml version="1.0" encoding="UTF-8"?>

<recipeml version="0.5">
  <recipe>
    <head>
      <title>Bailey's Truffle Fudge</title>
      <categories>
        <cat>Candies</cat></categories>
      <yield>64</yield></head>
    <ingredients>
      <ing-div>
        <title>AMERICAN MEASUREMENTS</title>
        <ing>
          <amt>
            <qty>3</qty>
            <unit>cups</unit></amt>
          <item>Semisweet chocolate chips</item></ing>
        <ing>
          <amt>
            <qty>1</qty>
            <unit>cup</unit></amt>
          <item>Vanilla chips OR More chocolate chips*</item></ing>
        <ing>
          <amt>
            <qty>1/4</qty>
            <unit>cups</unit></amt>
          <item>Butter</item></ing>
        <ing>
          <amt>
            <qty>3</qty>
            <unit>cups</unit></amt>
          <item>Powdered sugar</item></ing>
        <ing>
          <amt>
            <qty>1</qty>
            <unit>cup</unit></amt>
          <item>Bailey's Irish Creme</item></ing>
        <ing>
          <amt>
            <qty>1/2</qty>
            <unit>cups</unit></amt>
          <item>Chopped nuts; optional</item></ing></ing-div>
      <ing-div>
        <title>TRUFFLE TOPPING</title>
        <ing>
          <amt>
            <qty>1</qty>
            <unit>cup</unit></amt>
          <item>Semisweet chocolate chips</item></ing>
        <ing>
          <amt>
            <qty>1/2</qty>
            <unit>cups</unit></amt>
          <item>Vanilla chips OR More chocolate chips*</item></ing>
        <ing>
          <amt>
            <qty>2</qty>
            <unit>tablespoons</unit></amt>
          <item>Butter; cut in pieces</item></ing>
        <ing>
          <amt>
            <qty>4</qty>
            <unit>tablespoons</unit></amt>
          <item>Bailey's Irish Creme</item></ing></ing-div></ingredients>
    <directions>
      <step>  *Bailey's Original Irish Creme gets its flavor from a blend of Irish
  whiskey and fresh cream, which is delivered daily to the Dublin plant that
  makes the liqueur. This dessert is packed with chocolate and rich flavor.
  Using all semisweet chocolate will yield a deeper, darker fudge.
  
  FUDGE: Melt all chips with butter until they are soft enough to stir
  smooth. Do not overheat. Add chocolate/butter mixture to powdered sugar and
  Baileys. Stir until smooth. Add nuts, if desired. Mix well.
  
  Place fudge in an 8-inch square pay sprayed with vegetable spray. Lay a
  sheet of plastic wrap on top and gently press to smooth fudge.
  
  TOPPING: Melt chips until smooth. Remove from heat. With a fork, beat in
  butter and Bailey's until smooth.
  
  Spread topping over fudge with a knife. If a very smooth top is desired,
  use a piece of plastic as done on fudge.
  
  Refrigerate until firm, 1 to 2 hours. Can be frozen. Makes 64 pieces.
  
  Source: Oregonian FoodDay; typos by Dorothy Flatman 1997
 
</step></directions></recipe></recipeml>
