<?xml version="1.0" encoding="UTF-8"?>

<recipeml version="0.5">
  <recipe>
    <head>
      <title>Bailey's Beef Stock</title>
      <categories>
        <cat>Soups</cat></categories>
      <yield>8</yield></head>
    <ingredients>
      <ing>
        <amt>
          <qty>5</qty>
          <unit>pounds</unit></amt>
        <item>Mixed beef and veal bones</item></ing>
      <ing>
        <amt>
          <qty>2</qty>
          <unit>large</unit></amt>
        <item>Carrots; scrubbed</item></ing>
      <ing>
        <amt>
          <qty>2</qty>
          <unit>large</unit></amt>
        <item>Ribs celery; cleaned</item></ing>
      <ing>
        <amt>
          <qty>2</qty>
          <unit>large</unit></amt>
        <item>Onions; cut in half</item></ing>
      <ing>
        <amt>
          <qty/>
          <unit/></amt>
        <item>Water</item></ing>
      <ing>
        <amt>
          <qty>2</qty>
          <unit>tablespoons</unit></amt>
        <item>Tomato paste</item></ing>
      <ing>
        <amt>
          <qty>6</qty>
          <unit/></amt>
        <item>Parsley sprigs</item></ing>
      <ing>
        <amt>
          <qty>1</qty>
          <unit>teaspoon</unit></amt>
        <item>Thyme; leaves</item></ing>
      <ing>
        <amt>
          <qty>18</qty>
          <unit/></amt>
        <item>Peppercorns</item></ing>
      <ing>
        <amt>
          <qty>2</qty>
          <unit>medium</unit></amt>
        <item>Garlic cloves; crushed</item></ing></ingredients>
    <directions>
      <step>  Preheat oven to very hot, about 500F degrees. Place bones in a single layer
  in a roasting pan, break carrots and celery into large pieces and sprinkle
  among the bones, ditto with the onions. Roast for 30 to 45 minutes until
  meat, bones, and vegetables begin to brown, even burn a little. Dump these
  into a deep stock pot. Pour about a half inch of water into the roasting
  pan and dissolve any bits which have stuck to the bottom of the pan. Pour
  over bones. Add more water to several inches above bones. Bring to a boil
  and stir in tomato paste. Add parsley, thyme, peppercorns, and garlic.
  Cook, barely simmering, for several hours, adding more hot water as
  necessary. Strain and boil slowly until reduced and flavor is intensified.
  Allow to cool and skim any fat from the top.
  
  SOURCE: Lee Bailey's Soup Meals (1989:isbn0517573040)
  
  Notes: Refrigerate, tightly covered, or freeze. Makes about 2 quarts
  
  Recipe by: Lee Bailey's Soup Meals: Cold-Weather
  
  Posted to MC-Recipe Digest V1 #1049 by KitPATh &lt;phannema@wizard.ucr.edu&gt; on
  Jan 28, 1998
 
</step></directions></recipe></recipeml>
