<?xml version="1.0" encoding="UTF-8"?>

<recipeml version="0.5">
  <recipe>
    <head>
      <title>Bailey's - # 6</title>
      <categories>
        <cat>None</cat></categories>
      <yield>1</yield></head>
    <ingredients>
      <ing>
        <amt>
          <qty>1</qty>
          <unit>teaspoon</unit></amt>
        <item>Instant coffee</item></ing>
      <ing>
        <amt>
          <qty>1/2</qty>
          <unit>teaspoons</unit></amt>
        <item>Pure vanilla extract</item></ing>
      <ing>
        <amt>
          <qty>1/4</qty>
          <unit>teaspoons</unit></amt>
        <item>Almond extract</item></ing>
      <ing>
        <amt>
          <qty>2</qty>
          <unit>cups</unit></amt>
        <item>Irish whiskey</item></ing>
      <ing>
        <amt>
          <qty>1</qty>
          <unit>can</unit></amt>
        <item>Sweetened condensed milk</item></ing>
      <ing>
        <amt>
          <qty>4</qty>
          <unit>large</unit></amt>
        <item>Eggs</item></ing></ingredients>
    <directions>
      <step>  Method: Add flavorings to whiskey and blend in blender. Add milk and blend
  on low speed for 1 minute. Add eggs and pulse stir for 1 minute (use the
  lowest speed on blender and turn on-off about eight times). Makes about 4
  cups. From Alan Burgstahler. He seems partial to 10 ounce cups. I think
  Alan has very variable cups; see the next recipe.
  
  Posted to FOODWINE Digest 09 Dec 96
  
  From:    Bob Pastorio &lt;pastorio@RICA.NET&gt;
  
  Date:    Mon, 9 Dec 1996 18:56:25 -0800
 
</step></directions></recipe></recipeml>
