<?xml version="1.0" encoding="UTF-8"?>

<recipeml version="0.5">
  <recipe>
    <head>
      <title>Baingan Bharta (Roasted Eggplant)</title>
      <categories>
        <cat>Vegetable</cat></categories>
      <yield>4</yield></head>
    <ingredients>
      <ing-div>
        <title/>
        <ing>
          <amt>
            <qty>2</qty>
            <unit>large</unit></amt>
          <item>Eggplants</item></ing>
        <ing>
          <amt>
            <qty>2</qty>
            <unit/></amt>
          <item>Cloves garlic; halved</item></ing>
        <ing>
          <amt>
            <qty>1</qty>
            <unit>large</unit></amt>
          <item>Fresh hot green chili; seeded</item></ing>
        <ing>
          <amt>
            <qty>1</qty>
            <unit/></amt>
          <item>2-inch piece fresh ginger; peeled and coarsely chopped (optional)</item></ing>
        <ing>
          <amt>
            <qty>4</qty>
            <unit/></amt>
          <item>Cardamom pods</item></ing>
        <ing>
          <amt>
            <qty>2</qty>
            <unit/></amt>
          <item>Cloves</item></ing>
        <ing>
          <amt>
            <qty>1</qty>
            <unit>cup</unit></amt>
          <item>Finely chopped onions</item></ing>
        <ing>
          <amt>
            <qty>1/2</qty>
            <unit>teaspoons</unit></amt>
          <item>Turmeric</item></ing>
        <ing>
          <amt>
            <qty>1/2</qty>
            <unit>teaspoons</unit></amt>
          <item>Ground coriander</item></ing>
        <ing>
          <amt>
            <qty>1/2</qty>
            <unit>teaspoons</unit></amt>
          <item>Chili powder</item></ing>
        <ing>
          <amt>
            <qty>1</qty>
            <unit>tablespoon</unit></amt>
          <item>Finely chopped fresh coriander</item></ing>
        <ing>
          <amt>
            <qty>2</qty>
            <unit>medium</unit></amt>
          <item>Tomatoes; roughly sliced</item></ing>
        <ing>
          <amt>
            <qty>1</qty>
            <unit>tablespoon</unit></amt>
          <item>Lime juice (optional)</item></ing></ing-div>
      <ing-div>
        <title>GARNISH (OPTIONAL</title>
        <ing>
          <amt>
            <qty>1</qty>
            <unit>tablespoon</unit></amt>
          <item>Finely chopped fresh coriander (another one!)</item></ing>
        <ing>
          <amt>
            <qty>1</qty>
            <unit>teaspoon</unit></amt>
          <item>Garam masala</item></ing>
        <ing>
          <amt>
            <qty>1</qty>
            <unit>medium</unit></amt>
          <item>Tomato; roughly sliced</item></ing></ing-div></ingredients>
    <directions>
      <step>  Date: 1 May 1996 08:31:35 -0700
  
  From: "Zoe Sodja" &lt;zoe_sodja@macmail.ucsc.edu&gt;
  Preheat the broiler, with the pan 6 inches from the heat source. Broil the
  eggplants, turning often, 25 minutes or until tender and the skin is well
  charred. Transfer to paper bag and let stand 10 minutes; peel and discard
  skin. In a large bowl, mash the eggplant to a coarse pulp. Set aside.
  
  In a blender, combine the garlic, chili and ginger. Process until fine. Set
  aside.
  
  In a medium saucepan, heat 1/2 cup of water until boiling. Add the cardamom
  and cloves and cook, stirring constantly for 1 minute. Reduce the heat to
  medium low and add the onions. Cook for 10 minutes, or until golden brown,
  stirring occasionally. Stir in the garlic mixture, turmeric, ground
  coriander and chili powder until well combined. Cook, stirring
  occasionally, 2 minutes.
  
  Reduce the heat to low, add the eggplant and fresh coriander. Cook 10
  minutes.  Add the 2 tomatoes and cook 5 minutes longer. Stir in the lime
  juice if you like and sprinkle with garam masala. Serve garnished with the
  fresh coriander and sliced tomato. Serves 4.
  
  FATFREE DIGEST V96 #123
  
  From the Fatfree Vegetarian recipe list.  Downloaded from Glen's MM Recipe
  Archive, http://www.erols.com/hosey.
 
</step></directions></recipe></recipeml>
