<?xml version="1.0" encoding="UTF-8"?>

<recipeml version="0.5">
  <recipe>
    <head>
      <title>Baingan Bharta</title>
      <categories>
        <cat>Veg-cook</cat>
        <cat>Sept.</cat></categories>
      <yield>3</yield></head>
    <ingredients>
      <ing>
        <amt>
          <qty>1</qty>
          <unit>large</unit></amt>
        <item>Purple eggplant (skin</item></ing>
      <ing>
        <amt>
          <qty/>
          <unit/></amt>
        <item>Texture should be firm)</item></ing>
      <ing>
        <amt>
          <qty>1</qty>
          <unit>medium</unit></amt>
        <item>Onion, chopped</item></ing>
      <ing>
        <amt>
          <qty>2</qty>
          <unit/></amt>
        <item>Tomatos (preferably plum</item></ing>
      <ing>
        <amt>
          <qty/>
          <unit/></amt>
        <item>Tomatos)</item></ing>
      <ing>
        <amt>
          <qty>2</qty>
          <unit/></amt>
        <item>To 3 cloves garlic</item></ing>
      <ing>
        <amt>
          <qty/>
          <unit/></amt>
        <item>(optional/or more acc. to</item></ing>
      <ing>
        <amt>
          <qty/>
          <unit/></amt>
        <item>Taste)</item></ing>
      <ing>
        <amt>
          <qty>1</qty>
          <unit/></amt>
        <item>To 2 tsp. any generic indian</item></ing>
      <ing>
        <amt>
          <qty/>
          <unit/></amt>
        <item>Masala powder</item></ing>
      <ing>
        <amt>
          <qty>1</qty>
          <unit>tablespoon</unit></amt>
        <item>Lemon juice</item></ing>
      <ing>
        <amt>
          <qty/>
          <unit>x</unit></amt>
        <item>Hot pepper (eg. jalepeno)</item></ing>
      <ing>
        <amt>
          <qty/>
          <unit/></amt>
        <item>Acc  to taste</item></ing>
      <ing>
        <amt>
          <qty/>
          <unit>x</unit></amt>
        <item>Salt</item></ing>
      <ing>
        <amt>
          <qty/>
          <unit>x</unit></amt>
        <item>Cilantro, chopped for</item></ing>
      <ing>
        <amt>
          <qty/>
          <unit/></amt>
        <item>Garnish</item></ing>
      <ing>
        <amt>
          <qty/>
          <unit>x</unit></amt>
        <item>Cumin seeds 1tsp</item></ing>
      <ing>
        <amt>
          <qty/>
          <unit>x</unit></amt>
        <item>Turmeric powder 1 t (opt)</item></ing></ingredients>
    <directions>
      <step>  Grill the eggplant (lightly oiled) on an open flame, turning it around fhen
  skin is charred...skin should turn completely black. (sometimes the
  eggplant might burst open and make a mess..) (if you have an electric
  range, grill it on a hot skillet, at max heat)
  
  peel, cool slightly. mash with a fork.
  
  Heat 2 tablesp. (or 1) oil. Fry cumin seeds, chopped onion and crushed
  garlic with turmeric added. Add half of chopped tomatos. Fry some more! add
  mashed eggplant. Add salt and masala powder (spice powder) and hot peppers.
  cook on low heat for about 5-7 mts. Let cool slightly and then add lemon
  juice. Garnish with remaining chopped tomatos and cilantro.
  
  Do let me know if you are satisfied with the finished product :).
  
  i usually serve it with hot parathas or in a pinch, pita bread.
  
  From: balach01@assets.wharton.upenn.edu (R. BALACHANDRAN).  rfvc Digest V94
  Issue #205, Sept. 23, 1994. Formatted by Sue Smith, S.Smith34,
  TXFT40A@Prodigy.com using MMCONV.
  
  File ftp://ftp.idiscover.co.uk/pub/food/mealmaster/recipes/vegcook2.zip
 
</step></directions></recipe></recipeml>
