<?xml version="1.0" encoding="UTF-8"?>

<recipeml version="0.5">
  <recipe>
    <head>
      <title>Bainbridge Butterscotch Shortbread</title>
      <categories>
        <cat>Cookies</cat></categories>
      <yield>36</yield></head>
    <ingredients>
      <ing>
        <amt>
          <qty>1</qty>
          <unit>cup</unit></amt>
        <item>Unsalted butter</item></ing>
      <ing>
        <amt>
          <qty>1/2</qty>
          <unit>cups</unit></amt>
        <item>Dark brown sugar</item></ing>
      <ing>
        <amt>
          <qty>2</qty>
          <unit>cups</unit></amt>
        <item>Flour</item></ing>
      <ing>
        <amt>
          <qty>1/2</qty>
          <unit>teaspoons</unit></amt>
        <item>Baking powder</item></ing>
      <ing>
        <amt>
          <qty>1/4</qty>
          <unit>teaspoons</unit></amt>
        <item>Salt</item></ing>
      <ing>
        <amt>
          <qty>1</qty>
          <unit>cup</unit></amt>
        <item>Finely chopped walnuts or pecans</item></ing></ingredients>
    <directions>
      <step>  Sift the flour, salt, and baking powder together and set aside. Cream the
  butter until soft and gradually add the sugar. Add the flour mixture a
  little at a time and mix well. Refrigerate for one hour. Divide the dough
  in half and keep one portion in the refrigerator while rolling out the
  other to approximately 1/4" thickness. (The dough gets soft quickly.)
  Sprinkle the dough with the nuts and gently press them in with the rolling
  pin. Cut into 1-1/2" squares.   Pix uses a paper pattern as she is hopeless
  at estimating things like this, unlike Faith. Prick with a fork and place
  the squares on an ungreased cookie sheet. Repeat with the rest of the
  dough. Bake until golden brown, approximately 15 minutes in a preheated
  350F oven. Makes 6 dozen squares. This is a devostatingly rich, crumbly
  cookie.
  Posted to MC-Recipe Digest V1 #191
  
  Date: Sat, 10 Aug 1996 08:34:45 -0700 (PDT)
  
  From: PatH &lt;phannema@wizard.ucr.edu&gt;
  NOTES : Body in the Basement: A Faith Fairchild Mystery. Pix Miller,
       Faith's=
       Neighbor. They live in Maine.
 
</step></directions></recipe></recipeml>
