<?xml version="1.0" encoding="UTF-8"?>

<recipeml version="0.5">
  <recipe>
    <head>
      <title>Beef Burgundy</title>
      <categories>
        <cat>Crockpot</cat>
        <cat>Beef</cat></categories>
      <yield>6</yield></head>
    <ingredients>
      <ing>
        <amt>
          <qty>2</qty>
          <unit>slices</unit></amt>
        <item>Bacon; chopped</item></ing>
      <ing>
        <amt>
          <qty>2</qty>
          <unit>pounds</unit></amt>
        <item>Sirloin tip or round steak; cut into 1" cubes</item></ing>
      <ing>
        <amt>
          <qty>1/4</qty>
          <unit>cups</unit></amt>
        <item>Flour</item></ing>
      <ing>
        <amt>
          <qty>1</qty>
          <unit>teaspoon</unit></amt>
        <item>Slat</item></ing>
      <ing>
        <amt>
          <qty>1/2</qty>
          <unit>teaspoons</unit></amt>
        <item>Seasoned salt</item></ing>
      <ing>
        <amt>
          <qty>1/4</qty>
          <unit>teaspoons</unit></amt>
        <item>Marjoram</item></ing>
      <ing>
        <amt>
          <qty>1/4</qty>
          <unit>teaspoons</unit></amt>
        <item>Thyme</item></ing>
      <ing>
        <amt>
          <qty>1/4</qty>
          <unit>teaspoons</unit></amt>
        <item>Pepper</item></ing>
      <ing>
        <amt>
          <qty>1</qty>
          <unit/></amt>
        <item>Clove garlic; minced</item></ing>
      <ing>
        <amt>
          <qty>1</qty>
          <unit/></amt>
        <item>Beef bouillon cubes; crushed</item></ing>
      <ing>
        <amt>
          <qty>1</qty>
          <unit>cup</unit></amt>
        <item>Burgundy wine</item></ing>
      <ing>
        <amt>
          <qty>1/4</qty>
          <unit>pounds</unit></amt>
        <item>Fresh mushrooms; sliced</item></ing>
      <ing>
        <amt>
          <qty>2</qty>
          <unit>tablespoons</unit></amt>
        <item>Cornstarch - optional</item></ing></ingredients>
    <directions>
      <step>  In large skillet or slow-cooking pot with browning unit, cook bacon several
  minutes. Remove bacon and set aside. Coat beef with flour and brown on all
  sides in bacon mixture. Combine steak, bacon drippings, cooked bacon,
  seasonings, boullon, and Burgundy in slow-cooking pot. Cover and cook on
  low for 6 to 8 hours or until meat is tender. Turn control to high. Add
  mushrooms; cook on high 15 minutes. To thicken sauce, if desired, add
  cornstarch (dissolved in 2 tbs. cold water) with mushrooms.
  Posted to recipelu-digest Volume 01 Number 264 by James and Susan Kirkland
  &lt;kirkland@gj.net&gt; on Nov 17, 1997
 
</step></directions></recipe></recipeml>
