<?xml version="1.0" encoding="UTF-8"?>

<recipeml version="0.5">
  <recipe>
    <head>
      <title>Beef Brisket with Dried Fruits</title>
      <categories>
        <cat>Cooking liv</cat>
        <cat>Import</cat></categories>
      <yield>1</yield></head>
    <ingredients>
      <ing>
        <amt>
          <qty>2</qty>
          <unit>tablespoons</unit></amt>
        <item>Vegetable oil</item></ing>
      <ing>
        <amt>
          <qty>4</qty>
          <unit>pounds</unit></amt>
        <item>Beef brisket; rolled and tied</item></ing>
      <ing>
        <amt>
          <qty>2</qty>
          <unit>large</unit></amt>
        <item>Onions; chopped fine</item></ing>
      <ing>
        <amt>
          <qty>1</qty>
          <unit>cup</unit></amt>
        <item>Beef broth</item></ing>
      <ing>
        <amt>
          <qty>1/4</qty>
          <unit>cups</unit></amt>
        <item>Apricot jam</item></ing>
      <ing>
        <amt>
          <qty>3</qty>
          <unit>tablespoons</unit></amt>
        <item>Firmly packed brown sugar</item></ing>
      <ing>
        <amt>
          <qty>3</qty>
          <unit>tablespoons</unit></amt>
        <item>Fresh lemon juice</item></ing>
      <ing>
        <amt>
          <qty>1</qty>
          <unit>tablespoon</unit></amt>
        <item>Brandy</item></ing>
      <ing>
        <amt>
          <qty>2 1/2</qty>
          <unit>teaspoons</unit></amt>
        <item>Cinnamon; or to taste, up to 2-3/4</item></ing>
      <ing>
        <amt>
          <qty>1</qty>
          <unit>teaspoon</unit></amt>
        <item>Ground ginger</item></ing>
      <ing>
        <amt>
          <qty>1</qty>
          <unit>cup</unit></amt>
        <item>Dried apricots</item></ing>
      <ing>
        <amt>
          <qty>1</qty>
          <unit>cup</unit></amt>
        <item>Pitted prunes</item></ing>
      <ing>
        <amt>
          <qty>1</qty>
          <unit>can</unit></amt>
        <item>(12 oz) beer</item></ing></ingredients>
    <directions>
      <step>  In a large heavy flameproof casserole heat the oil over moderately high
  heat until it is hot but not smoking, in it brown the brisket, patted dry
  and seasoned with salt and pepper, and transfer it to a plate. Add the
  onions to the casserole and cook them over moderate heat, stirring, until
  they are golden. Add the broth, jam, brown sugar, lemon juice, brandy,
  cinnamon, ginger, and salt and pepper to taste and bring the mixture to a
  boil, stirring. Add the brisket with any juices that have accumulated on
  the plate and simmer the mixture, covered, for 2 hours. Add the apricots,
  prunes, and beer and simmer the mixture, covered, for 1 1/2 hours more, or
  until the brisket is tender. Transfer the brisket with slotted spoons to a
  cutting board and let it stand, covered loosely, for 10 minutes. Discard
  the strings, slice the meat across the grain, and arrange it on a heated
  platter. Spoon some of the sauce over the meat and serve remaining sauce
  separately.
  
  Yield: 8 servings
  
  NOTES : Recipe courtesy of Gourmet Magazine
  
  Recipe by: Cooking Live Show #CL9044
  
  Posted to MC-Recipe Digest by "Angele and Jon Freeman"
  &lt;jfreeman@comteck.com&gt; on Feb 7, 1998
 
</step></directions></recipe></recipeml>
