<?xml version="1.0" encoding="UTF-8"?>

<recipeml version="0.5">
  <recipe>
    <head>
      <title>Beef Chow Fun with Black Bean Sauce</title>
      <categories>
        <cat>Oriental</cat>
        <cat>Main dish</cat></categories>
      <yield>4</yield></head>
    <ingredients>
      <ing-div>
        <title/>
        <ing>
          <amt>
            <qty>1/2</qty>
            <unit>pounds</unit></amt>
          <item>Flank steak</item></ing>
        <ing>
          <amt>
            <qty>1</qty>
            <unit>tablespoon</unit></amt>
          <item>Chinese fermented blk. beans</item></ing>
        <ing>
          <amt>
            <qty>2</qty>
            <unit/></amt>
          <item>Garlic cloves peeled, chopped</item></ing>
        <ing>
          <amt>
            <qty>2</qty>
            <unit>slices</unit></amt>
          <item>Fresh peeled ginger; minced (quarter-sized slices)</item></ing>
        <ing>
          <amt>
            <qty>1</qty>
            <unit>pound</unit></amt>
          <item>Fresh rice noodles</item></ing>
        <ing>
          <amt>
            <qty>3</qty>
            <unit>tablespoons</unit></amt>
          <item>Peanut oil</item></ing>
        <ing>
          <amt>
            <qty>1</qty>
            <unit/></amt>
          <item>Onion; cut into 8 wedges</item></ing>
        <ing>
          <amt>
            <qty>1</qty>
            <unit/></amt>
          <item>Green bell pepper; seeded cut into 1-inch cubes</item></ing>
        <ing>
          <amt>
            <qty>1</qty>
            <unit>pinch</unit></amt>
          <item>White pepper</item></ing>
        <ing>
          <amt>
            <qty>1</qty>
            <unit>pinch</unit></amt>
          <item>Sugar</item></ing>
        <ing>
          <amt>
            <qty>1</qty>
            <unit>tablespoon</unit></amt>
          <item>Soy sauce</item></ing></ing-div>
      <ing-div>
        <title>BEEF MARINADE</title>
        <ing>
          <amt>
            <qty>2</qty>
            <unit>teaspoons</unit></amt>
          <item>Dark soy sauce</item></ing>
        <ing>
          <amt>
            <qty>2</qty>
            <unit>teaspoons</unit></amt>
          <item>Rice wine or dry sherry</item></ing>
        <ing>
          <amt>
            <qty>1/2</qty>
            <unit>teaspoons</unit></amt>
          <item>Sugar</item></ing>
        <ing>
          <amt>
            <qty>1</qty>
            <unit>teaspoon</unit></amt>
          <item>Cornstarch</item></ing>
        <ing>
          <amt>
            <qty>1</qty>
            <unit>teaspoon</unit></amt>
          <item>Peanut or sesame oil</item></ing></ing-div></ingredients>
    <directions>
      <step>  CUT THE BEEF into 1/4-inch thick by 1 1/2-inch long by 1/2-inch wide
  slices; put into a bowl and toss with the beef marinade. Set aside. Cover
  the black beans with water until soft, about 5 minutes. Drain and rinse off
  excess salt with water. Place in a small bowl and mash together with garlic
  and ginger into a coarse paste; set aside. Separate the strands of rice
  noodles. Set aside. Over high heat, preheat the wok until hot. Add half the
  oil and swirl it to coat the sides. When the oil is hot, add the beef; toss
  until the beef loses its redness, about 30-to-45 seconds.
  
  Remove to a bowl; set aside. Add remaining oil to wok. While the oil is
  warming add the black bean mixture; stir-fry until fragrant, about 10
  seconds. Over high heat, add the onions and peppers; stir-fry until they
  begin to soften but are still crisp, about 1 minute. Add the rice noodles;
  stir-fry to coat the strands with seasoned oil, about 30 seconds. Add the
  white pepper, sugar and soy sauce; toss until evenly distributed. Return
  the beef; toss a few turns to mix in. Transfer to a serving platter. Serve
  immediately.
  
  From Gemini's MASSIVE MealMaster collection at www.synapse.com/~gemini
 
</step></directions></recipe></recipeml>
