<?xml version="1.0" encoding="UTF-8"?>

<recipeml version="0.5">
  <recipe>
    <head>
      <title>Beef Brisket</title>
      <categories>
        <cat>Beef</cat></categories>
      <yield>1</yield></head>
    <ingredients>
      <ing>
        <amt>
          <qty>1</qty>
          <unit/></amt>
        <item>Beef ( 5 to 7 lbs.) brisket</item></ing>
      <ing>
        <amt>
          <qty/>
          <unit/></amt>
        <item>Instant meat tenderizer</item></ing>
      <ing>
        <amt>
          <qty>2/3</qty>
          <unit>teaspoons</unit></amt>
        <item>Garlic salt</item></ing>
      <ing>
        <amt>
          <qty>2/3</qty>
          <unit>teaspoons</unit></amt>
        <item>Celery salt</item></ing>
      <ing>
        <amt>
          <qty>2/3</qty>
          <unit>teaspoons</unit></amt>
        <item>Onion salt</item></ing>
      <ing>
        <amt>
          <qty>1/2</qty>
          <unit>cups</unit></amt>
        <item>Liquid smoke</item></ing>
      <ing>
        <amt>
          <qty/>
          <unit/></amt>
        <item>Worcestershire sauce</item></ing></ingredients>
    <directions>
      <step>  Trim excess fat off brisket. Punch holes in both sides with a fork. Take
  instant meat tenderizer and sprinkle on both sides. Do the same with garlic
  salt, onion salt, and celery salt. Place in a shallow baking dish lined
  with heavy-duty foil. Pour liquid smoke over the meat. Wrap tightly;
  marinate 8 to 10 hours in the refrigerator, the longer the better. When
  ready to bake, sprinkle Worcestershire sauce over the meat. Wrap tightly.
  Preheat oven at 225 for 5 to 6 hours or to your liking. Let cool; save
  broth. Slice meat thin, and reheat in broth. You may reheat this in your
  favorite barbecue sauce. busted by sooz
  Posted to recipelu-digest Volume 01 Number 170 by James and Susan Kirkland
  &lt;kirkland@gj.net&gt; on Oct 27, 1997
 
</step></directions></recipe></recipeml>
