<?xml version="1.0" encoding="UTF-8"?>

<recipeml version="0.5">
  <recipe>
    <head>
      <title>Beef Burgundy</title>
      <categories>
        <cat>Beef</cat>
        <cat>Beef</cat>
        <cat>Steaks</cat>
        <cat>Possum king</cat></categories>
      <yield>3</yield></head>
    <ingredients>
      <ing>
        <amt>
          <qty>1/4</qty>
          <unit>pounds</unit></amt>
        <item>Fresh Mushrooms; sliced</item></ing>
      <ing>
        <amt>
          <qty>6</qty>
          <unit>small</unit></amt>
        <item>Pearl Onions; cut in quarters</item></ing>
      <ing>
        <amt>
          <qty>3</qty>
          <unit>tablespoons</unit></amt>
        <item>Butter</item></ing>
      <ing>
        <amt>
          <qty>1/4</qty>
          <unit>pounds</unit></amt>
        <item>Bacon; diced</item></ing>
      <ing>
        <amt>
          <qty>1</qty>
          <unit>pound</unit></amt>
        <item>Top Sirloin Steaks; cut in 1-inch cubes</item></ing>
      <ing>
        <amt>
          <qty>1</qty>
          <unit>tablespoon</unit></amt>
        <item>Flour</item></ing>
      <ing>
        <amt>
          <qty>1/2</qty>
          <unit>cups</unit></amt>
        <item>Burgundy; wine</item></ing>
      <ing>
        <amt>
          <qty>3/4</qty>
          <unit>cups</unit></amt>
        <item>Beef Broth</item></ing>
      <ing>
        <amt>
          <qty>1</qty>
          <unit/></amt>
        <item>Bay Leaf</item></ing>
      <ing>
        <amt>
          <qty>2</qty>
          <unit/></amt>
        <item>Cloves Garlic; minced</item></ing>
      <ing>
        <amt>
          <qty>1/2</qty>
          <unit>teaspoons</unit></amt>
        <item>Ground Thyme</item></ing>
      <ing>
        <amt>
          <qty>1 1/2</qty>
          <unit>cups</unit></amt>
        <item>Carrots; diagonally sliced</item></ing>
      <ing>
        <amt>
          <qty/>
          <unit/></amt>
        <item>Salt And Pepper; to taste</item></ing>
      <ing>
        <amt>
          <qty/>
          <unit/></amt>
        <item>Noodles; hot, buttered</item></ing>
      <ing>
        <amt>
          <qty>1 1/2</qty>
          <unit>teaspoons</unit></amt>
        <item>Chopped Parsley</item></ing></ingredients>
    <directions>
      <step>  In large skillet, sauté mushrooms and onions in hot butter until golden
  brown. Remove from skillet and set aside.
  
  Add bacon to skillet and fry until crisp; remove with a slotted spoon and
  reserve.
  
  Add top sirloin steak to skillet and fry in bacon fat, stirring frequently,
  until well browned.
  
  Return mushroom and onion mixture to skillet and add flour; toss until
  flour disappears.
  
  Add wine, beef broth, bay leaf, garlic and thyme. Simmer, covered, for 30
  minutes, stirring frequently.
  
  Add carrots and cooked bacon, and cook covered, for 15 minutes longer.
  
  Season with salt and pepper.
  
  Before serving remove bay leaf. Serve over hot buttered noodles.
  
  Sprinkle with parsley.
  Posted to MC-Recipe Digest V1 #924 by "abprice@wf.net" &lt;abprice@wf.net&gt; on
  Nov 25, 1997
 
</step></directions></recipe></recipeml>
