<?xml version="1.0" encoding="UTF-8"?>

<recipeml version="0.5">
  <recipe>
    <head>
      <title>Beef Chunks Cooked in Coconut Milk</title>
      <categories>
        <cat>Main dish</cat>
        <cat>Beef</cat>
        <cat>Meats</cat>
        <cat>Indonesian</cat></categories>
      <yield>4</yield></head>
    <ingredients>
      <ing>
        <amt>
          <qty/>
          <unit/></amt>
        <item>3" cube fresh galingal OR</item></ing>
      <ing>
        <amt>
          <qty/>
          <unit/></amt>
        <item>12 slices dried galingal</item></ing>
      <ing>
        <amt>
          <qty>2</qty>
          <unit/></amt>
        <item>Sticks fresh lemon grass OR</item></ing>
      <ing>
        <amt>
          <qty>2</qty>
          <unit>tablespoons</unit></amt>
        <item>Dried sliced lemon grass</item></ing>
      <ing>
        <amt>
          <qty>6</qty>
          <unit/></amt>
        <item>Dried red chillies</item></ing>
      <ing>
        <amt>
          <qty/>
          <unit/></amt>
        <item>2" stick cinnamon</item></ing>
      <ing>
        <amt>
          <qty>14</qty>
          <unit/></amt>
        <item>Cloves</item></ing>
      <ing>
        <amt>
          <qty>4</qty>
          <unit>ounces</unit></amt>
        <item>Red bell pepper</item></ing>
      <ing>
        <amt>
          <qty>4</qty>
          <unit>ounces</unit></amt>
        <item>Shallots or onions</item></ing>
      <ing>
        <amt>
          <qty/>
          <unit/></amt>
        <item>1" cube fresh ginger</item></ing>
      <ing>
        <amt>
          <qty>2</qty>
          <unit/></amt>
        <item>Cloves garlic</item></ing>
      <ing>
        <amt>
          <qty>12</qty>
          <unit/></amt>
        <item>Fresh/dried curry leaves OR</item></ing>
      <ing>
        <amt>
          <qty>4</qty>
          <unit/></amt>
        <item>Dried bay leaves</item></ing>
      <ing>
        <amt>
          <qty>8</qty>
          <unit/></amt>
        <item>Fresh/dried kaffir lime</item></ing>
      <ing>
        <amt>
          <qty/>
          <unit/></amt>
        <item>Leaves OR a 3 X 1/4" strip</item></ing>
      <ing>
        <amt>
          <qty/>
          <unit/></amt>
        <item>Of lemon peel</item></ing>
      <ing>
        <amt>
          <qty>3</qty>
          <unit>pints</unit></amt>
        <item>Coconut milk</item></ing>
      <ing>
        <amt>
          <qty>2</qty>
          <unit>pounds</unit></amt>
        <item>Stewing beef, cut into 1-2"</item></ing>
      <ing>
        <amt>
          <qty/>
          <unit/></amt>
        <item>Cubes</item></ing>
      <ing>
        <amt>
          <qty>1</qty>
          <unit>tablespoon</unit></amt>
        <item>Salt</item></ing></ingredients>
    <directions>
      <step>  If you are using fresh galingal, peel and coursely chop it and set it
  aside.  If you are using dried galingal, combine it in a cut with 4
  tablespoons of water. If you are using fresh lemon grass, cut of the
  straw-like top, leaving about 6" of the bottom. lightly crush the very
  bottom and set it aside.  If you are using dried lemon grass, put it into
  the water along with the galingal. Crumble and break the dried red chillies
  and cinnamon into enough water to cobver and add them to the dried galingal
  and dried lemon grass if you are using them. Also put in the cloves. Soak
  the spices for 30 mins.  Cut the red pepper coarsely inot dice, discarding
  all the seeds.  Peel and coarsely chop the shallots/onions, ginger and
  garlic. In an electric blender, combine the soaked spices and their liquid,
  the frsh galingal (if you are using it), the chopped red pepper, shallots,
  ginger and garlic. Blend until smooth. Into a wide, preferably non-stick
  pan put the paste from the blender, the fresh lemon grass (if using), the
  curry leaves and kaffir lime leaves (or lemon rind). Stir the coconut milk
  well until smooth and pour that in as well. Bring to the boil, stirring
  occasionally.  Turn the heat to medium and cook the sauce for 15 mins,
  stirring now and then to prevent curdling. Put in the meat and salt and
  bring to the boil again. Reduce the heat to medium. Cook, uncovered for 1
  hour, stirring occasionally. Turn the heat up to medium-high and continue
  to cook, stirring now and then for a further 30 mins or until the sauce
  becomes thick and brown and the meat tender. This is now called KALIYO
  DAGING, if you continue to cook until the sauce dissappears its called
  RENDANG DAGING.
 
</step></directions></recipe></recipeml>
