<?xml version="1.0" encoding="UTF-8"?>

<recipeml version="0.5">
  <recipe>
    <head>
      <title>Beef Burritos</title>
      <categories>
        <cat>Not</cat>
        <cat>Sent</cat></categories>
      <yield>18</yield></head>
    <ingredients>
      <ing>
        <amt>
          <qty>2</qty>
          <unit/></amt>
        <item>3-lb chuck pot roasts</item></ing>
      <ing>
        <amt>
          <qty>2</qty>
          <unit>tablespoons</unit></amt>
        <item>Cooking oil</item></ing>
      <ing>
        <amt>
          <qty>1</qty>
          <unit>cup</unit></amt>
        <item>Water</item></ing>
      <ing>
        <amt>
          <qty>1</qty>
          <unit>large</unit></amt>
        <item>Onion; chopped</item></ing>
      <ing>
        <amt>
          <qty>4</qty>
          <unit/></amt>
        <item>Cloves garlic; minced</item></ing>
      <ing>
        <amt>
          <qty>2</qty>
          <unit>teaspoons</unit></amt>
        <item>Dried oregano</item></ing>
      <ing>
        <amt>
          <qty>2</qty>
          <unit>teaspoons</unit></amt>
        <item>Salt</item></ing>
      <ing>
        <amt>
          <qty>1</qty>
          <unit>teaspoon</unit></amt>
        <item>Pepper</item></ing>
      <ing>
        <amt>
          <qty>1</qty>
          <unit>can</unit></amt>
        <item>(28 oz) diced tomatoes; undrained</item></ing>
      <ing>
        <amt>
          <qty>2</qty>
          <unit>cans</unit></amt>
        <item>(4 oz) chopped green chiles</item></ing>
      <ing>
        <amt>
          <qty>2</qty>
          <unit>tablespoons</unit></amt>
        <item>All-purpose flour</item></ing>
      <ing>
        <amt>
          <qty>1/4</qty>
          <unit>cups</unit></amt>
        <item>Cold water</item></ing>
      <ing>
        <amt>
          <qty>6</qty>
          <unit>drops</unit></amt>
        <item>Hot pepper sauce</item></ing>
      <ing>
        <amt>
          <qty>18</qty>
          <unit/></amt>
        <item>Flour tortillas; warmed</item></ing>
      <ing>
        <amt>
          <qty/>
          <unit/></amt>
        <item>Shredded cheddar cheese</item></ing>
      <ing>
        <amt>
          <qty/>
          <unit/></amt>
        <item>Sour cream</item></ing>
      <ing>
        <amt>
          <qty/>
          <unit/></amt>
        <item>Salsa</item></ing></ingredients>
    <directions>
      <step>  In a Dutch oven over medium heat, brown roasts in oil; drain. Add water,
  onion, garlic, oregano, salt and pepper; bring to a boil. Reduce heat;
  cover and simmer for 2-2 1/2 hours or until meat is tender. Remove roasts;
  cool. Remove meat from bone and cut into bite-size pieces. Skim fat from
  pan juices. Add meat; bring to a boil. Reduce heat; simmer, uncovered, for
  30 minutes. Combine flour and cold water; mix well. Stir into beef mixture.
  Cook over medium heat, stirring constantly, until thickened and bubbly. Add
  hot pepper sauce. Spoon down the center of tortillas; fold top and bottom
  of tortilla over fillling and roll up. Serve with cheese, sour cream and
  salsa.
  
  Recipe by: Taste of Home - August/September '97 Posted to MC-Recipe Digest
  V1 #701 by The Taillons &lt;taillon@access.mountain.net&gt; on Jul 31, 1997
 
</step></directions></recipe></recipeml>
