<?xml version="1.0" encoding="UTF-8"?>

<recipeml version="0.5">
  <recipe>
    <head>
      <title>Beef Brogul</title>
      <categories>
        <cat/></categories>
      <yield>100</yield></head>
    <ingredients>
      <ing>
        <amt>
          <qty>1 1/4</qty>
          <unit>gallons</unit></amt>
        <item>WATER; BOILING</item></ing>
      <ing>
        <amt>
          <qty>3</qty>
          <unit>quarts</unit></amt>
        <item>WATER; BOILING</item></ing>
      <ing>
        <amt>
          <qty>3</qty>
          <unit>quarts</unit></amt>
        <item>WATER; COLD</item></ing>
      <ing>
        <amt>
          <qty>6</qty>
          <unit>pounds</unit></amt>
        <item>BREAD CUBES</item></ing>
      <ing>
        <amt>
          <qty>27</qty>
          <unit>pounds</unit></amt>
        <item>BEEF;OVEN ROAST FZ</item></ing>
      <ing>
        <amt>
          <qty>1 1/2</qty>
          <unit>pounds</unit></amt>
        <item>CHEESE GRATED 1LB</item></ing>
      <ing>
        <amt>
          <qty>2 1/2</qty>
          <unit>pounds</unit></amt>
        <item>CELERY FRESH</item></ing>
      <ing>
        <amt>
          <qty>3 9/16</qty>
          <unit>pounds</unit></amt>
        <item>MUSHROOMS 16 OZ</item></ing>
      <ing>
        <amt>
          <qty>1</qty>
          <unit>pound</unit></amt>
        <item>ONIONS DRY</item></ing>
      <ing>
        <amt>
          <qty>2</qty>
          <unit>pounds</unit></amt>
        <item>FLOUR GEN PURPOSE 10LB</item></ing>
      <ing>
        <amt>
          <qty>3</qty>
          <unit>ounces</unit></amt>
        <item>SOUP GRAVY BASE BEEF</item></ing>
      <ing>
        <amt>
          <qty>4</qty>
          <unit>pounds</unit></amt>
        <item>SOUP TOMATO VEG #2 1/2</item></ing>
      <ing>
        <amt>
          <qty>3</qty>
          <unit>ounces</unit></amt>
        <item>SHORTENING; 3LB</item></ing>
      <ing>
        <amt>
          <qty>1</qty>
          <unit>pound</unit></amt>
        <item>SHORTENING; 3LB</item></ing>
      <ing>
        <amt>
          <qty>1 1/2</qty>
          <unit>teaspoons</unit></amt>
        <item>PEPPER BLACK 1 LB CN</item></ing>
      <ing>
        <amt>
          <qty>2</qty>
          <unit>teaspoons</unit></amt>
        <item>POULTRY SEASONING GR.</item></ing>
      <ing>
        <amt>
          <qty>2</qty>
          <unit>tablespoons</unit></amt>
        <item>BASIL SWEET GROUND</item></ing>
      <ing>
        <amt>
          <qty>3</qty>
          <unit>tablespoons</unit></amt>
        <item>OREGANO GROUND</item></ing>
      <ing>
        <amt>
          <qty>1</qty>
          <unit>tablespoon</unit></amt>
        <item>THYME GROUND</item></ing>
      <ing>
        <amt>
          <qty>PAN:</qty>
          <unit>12</unit></amt>
        <item>BY 20 BY 4-INCH STEAM TABLE PAN        TEMPERATURE:  350 F.</item></ing></ingredients>
    <directions>
      <step>  GRIDDLE
  350 F. OVEN
  :
  
  1.  SLICE BEEF INTO 4 OZ SLICES (1/4 INCH THICK).  SET ASIDE FOR USE IN
  STEP 5.
  
  2.  CHOP MUSHROOMS; SAUTE' WITH CELERY AND ONIONS IN SHORTENING OR SALAD
  OIL UNTIL TENDER.
  
  3.  ADD GRATED PARMESAN CHEESE, CELERY AND ONIONS TO CUBED BREAD; TOSS
  LIGHTLY.
  
  4.  RECONSTITUTE SOUP AND GRAVY BASE.  ADD POULTRY SEASONING AND PEPPER.
  ADD TO BREAD MIXTURE; MIX LIGHTLY BUT THOROUGHLY.  DO NOT OVERMIX.
  
  5.  PLACE 1/3 CUP (1-NO. 12 SCOOP) STUFFING IN THE CENTER OF EACH BEEF
  SLICE; ROLL TIGHTLY AROUND STUFFING.
  
  6.  DREDGE BEEF ROLLS IN FLOUR; GRILL ON WELL-GREASED GRIDDLE 3 TO 5
  MINUTES OR UNTIL BROWNED ON ALL SIDES.  PLACE EQUAL AMOUNT BEEF ROLLS
  IN EACH PAN.
  
  7.  COMBINE TOMATO SAUCE MIX, OREGANO, BASIL AND THYME.  ADD WATER; MIX
  UNTIL SMOOTH.  ADD WATER, STIRRING CONSTANTLY.  COOK AT MEDIUM HEAT
  UNTIL SAUCE COMES TO A BOIL.  SIMMER 1 MINUTE, STIRRING AS NECESSARY.
  
  8.  POUR EQUAL AMOUNT TOMATO SAUCE OVER BEEF ROLLS IN EACH PAN.
  
  9.  COVER.  BAKE 1 1/2 HOURS OR UNTIL TENDER AND HEATED THOROUGHLY.
  :
  **ALL NOTES ARE PER 100 PORTIONS.
  
  NOTE:  1. IN STEP 2, 3 LB 7 OZ FRESH CELERY A.P. WILL YIELD 2 LB 8 OZ
  CHOPPED CELERY AND 1 LB 2 OZ DRY ONIONS A.P. WILL YIELD 1 LB CHOPPED
  ONIONS.
  
  2.  IN STEP 2, 2 OZ (2/3 CUPS) DEHYDRATED ONIONS MAY BE USED.   SEE
  RECIPE NO. A-11.
  
  3.  IN STEP 9, IF CONVECTION OVEN IS USED, BAKE AT 300F. 45 MINUTES OR
  UNTIL TENDER OR HEAT THOROUGHLY, ON HIGH FAN, CLOSED VENT.
  
  Recipe Number: L04501
  
  SERVING SIZE: 1 BEEF ROL
  
  From the &lt;Army Master Recipe Index File&gt; (actually used today!).
  Downloaded from Glen's MM Recipe Archive, http://www.erols.com/hosey.
 
</step></directions></recipe></recipeml>
