<?xml version="1.0" encoding="UTF-8"?>

<recipeml version="0.5">
  <recipe>
    <head>
      <title>Beef Brisket with Texas Barbecue Sauce</title>
      <categories>
        <cat>Summer</cat></categories>
      <yield>1</yield></head>
    <ingredients>
      <ing-div>
        <title/>
        <ing>
          <amt>
            <qty>1</qty>
            <unit>cup</unit></amt>
          <item>Vegetable oil</item></ing>
        <ing>
          <amt>
            <qty>1</qty>
            <unit>cup</unit></amt>
          <item>Cider vinegar</item></ing>
        <ing>
          <amt>
            <qty>1/4</qty>
            <unit>cups</unit></amt>
          <item>Worcestershire sauce</item></ing>
        <ing>
          <amt>
            <qty>1</qty>
            <unit/></amt>
          <item>Bay leaf; crumbled</item></ing>
        <ing>
          <amt>
            <qty>1 1/4</qty>
            <unit>teaspoons</unit></amt>
          <item>Seasoning salt</item></ing>
        <ing>
          <amt>
            <qty>2 1/4</qty>
            <unit>teaspoons</unit></amt>
          <item>Pepper</item></ing>
        <ing>
          <amt>
            <qty>3/4</qty>
            <unit>teaspoons</unit></amt>
          <item>Paprika</item></ing>
        <ing>
          <amt>
            <qty>1</qty>
            <unit/></amt>
          <item>Beef; (3-lb.) brisket</item></ing>
        <ing>
          <amt>
            <qty/>
            <unit/></amt>
          <item>Texas barbecue sauce</item></ing></ing-div>
      <ing-div>
        <title>GARNISH</title>
        <ing>
          <amt>
            <qty/>
            <unit/></amt>
          <item>Fresh thyme sprigs</item></ing></ing-div></ingredients>
    <directions>
      <step>  Combine first 4 ingredients in a shallow dish or large zip-top plastic bag.
  
  Combine seasoning salt, pepper, and paprika; rub into brisket, and place in
  marinade. Cover or seal; chill 8 hours, turning occasionally. Prepare fire
  by placing 2 pieces of oak or 10 hickory chunks at front and back of grill,
  and piling charcoal in the middle. Let fire burn until coals are white.
  
       Remove brisket from marinade; discard marinade. Rake coals to 1 end of
  grill; place brisket at opposite end. Grill, without grill lid, over
  indirect heat 2 to 2 1/2 hours.
  
  Brush both sides of brisket with 1 cup Texas Barbecue Sauce, and cook 1
  hour or until tender, basting with sauce. Serve with remaining 2 cups
  sauce. Garnish, if desired. Makes 6 to 8 servings.
  
  Southern Living Website
  
  Recipe by: Southern Living
  
  Posted to MC-Recipe Digest V1 #1039 by Suzy Wert &lt;SuzyWert@aol.com&gt; on Jan
  23, 1998
 
</step></directions></recipe></recipeml>
