<?xml version="1.0" encoding="UTF-8"?>

<recipeml version="0.5">
  <recipe>
    <head>
      <title>Beef Burgers with Caramelized Onions</title>
      <categories>
        <cat>Grbeef</cat></categories>
      <yield>4</yield></head>
    <ingredients>
      <ing>
        <amt>
          <qty>1/3</qty>
          <unit>cups</unit></amt>
        <item>Bulgur</item></ing>
      <ing>
        <amt>
          <qty>2</qty>
          <unit>teaspoons</unit></amt>
        <item>Olive oil</item></ing>
      <ing>
        <amt>
          <qty>4</qty>
          <unit>cups</unit></amt>
        <item>Onion(s), sliced (4 med)</item></ing>
      <ing>
        <amt>
          <qty>2</qty>
          <unit>teaspoons</unit></amt>
        <item>Sugar</item></ing>
      <ing>
        <amt>
          <qty>2</qty>
          <unit>teaspoons</unit></amt>
        <item>Balsamic vinegar</item></ing>
      <ing>
        <amt>
          <qty/>
          <unit/></amt>
        <item>Salt to taste</item></ing>
      <ing>
        <amt>
          <qty>3/4</qty>
          <unit>pounds</unit></amt>
        <item>Lean ground beef</item></ing>
      <ing>
        <amt>
          <qty>2</qty>
          <unit>tablespoons</unit></amt>
        <item>Tomato paste</item></ing>
      <ing>
        <amt>
          <qty>1/4</qty>
          <unit>cups</unit></amt>
        <item>Parsley, chopped</item></ing>
      <ing>
        <amt>
          <qty>1/4</qty>
          <unit>teaspoons</unit></amt>
        <item>Black pepper</item></ing>
      <ing>
        <amt>
          <qty>4</qty>
          <unit/></amt>
        <item>Hamburger buns</item></ing>
      <ing>
        <amt>
          <qty/>
          <unit/></amt>
        <item>Split and toasted</item></ing>
      <ing>
        <amt>
          <qty/>
          <unit/></amt>
        <item>Lettuce</item></ing></ingredients>
    <directions>
      <step>  In a small bowl, combine the bulgur with  1/2 cup warm water; let stand for
  30 min, or until the bulgur is tender and the water is absorbed.
  
  In a large non-stick skillet, heat oil over low heat. Add onions and sugar;
  saute until the onions are tender and dark golden, about 15 min. Stir in
  1/4 cup water and vinegar. Season with salt and keep warm.
  
  Prepare the grill or preheat the broiler. In a medium bowl, combine the
  bulgur, beef, tomato paste, parsley, 1/2 tsp salt and pepper; mix
  thoroughly but lightly. Shape into four 3/4-inch-thick patties. Grill over
  high heat or broil on a lightly oiled rack until browned and cooked
  through, about 5 min per side. Blot the patties with paper towels. Place
  each patty on a bun, top with the caramelized onions and garnish with
  lettuce.
  
  eating Well Recipe Rescue Cookbook ISBN 1-884943-01-2 pg 149
  
  From Gemini's MASSIVE MealMaster collection at www.synapse.com/~gemini
 
</step></directions></recipe></recipeml>
