<?xml version="1.0" encoding="UTF-8"?>

<recipeml version="0.5">
  <recipe>
    <head>
      <title>Beef Chow Mein</title>
      <categories>
        <cat>Oriental</cat>
        <cat>Main dishes</cat></categories>
      <yield>4</yield></head>
    <ingredients>
      <ing>
        <amt>
          <qty>3/4</qty>
          <unit>pounds</unit></amt>
        <item>Round/rump steak</item></ing>
      <ing>
        <amt>
          <qty>1</qty>
          <unit>tablespoon</unit></amt>
        <item>Soy sauce</item></ing>
      <ing>
        <amt>
          <qty>1</qty>
          <unit>teaspoon</unit></amt>
        <item>Salt</item></ing>
      <ing>
        <amt>
          <qty>1</qty>
          <unit>tablespoon</unit></amt>
        <item>Sugar</item></ing>
      <ing>
        <amt>
          <qty>8</qty>
          <unit/></amt>
        <item>Fresh Mushrooms</item></ing>
      <ing>
        <amt>
          <qty>1/2</qty>
          <unit>pounds</unit></amt>
        <item>Bean sprouts</item></ing>
      <ing>
        <amt>
          <qty>6</qty>
          <unit>ounces</unit></amt>
        <item>Bamboo Shoots (can)</item></ing>
      <ing>
        <amt>
          <qty>3</qty>
          <unit/></amt>
        <item>Green Onions (scallions)</item></ing>
      <ing>
        <amt>
          <qty>1</qty>
          <unit/></amt>
        <item>Egg</item></ing>
      <ing>
        <amt>
          <qty>2</qty>
          <unit>cups</unit></amt>
        <item>Beef Stock</item></ing>
      <ing>
        <amt>
          <qty>2</qty>
          <unit>tablespoons</unit></amt>
        <item>Cornstarch</item></ing>
      <ing>
        <amt>
          <qty>1</qty>
          <unit>teaspoon</unit></amt>
        <item>Seseme oil</item></ing>
      <ing>
        <amt>
          <qty>2</qty>
          <unit>cups</unit></amt>
        <item>Dried egg noodles</item></ing>
      <ing>
        <amt>
          <qty/>
          <unit/></amt>
        <item>Deep frying oil</item></ing></ingredients>
    <directions>
      <step>  Slice beef about 1 inch long 1/2 inch wide and as thin as possible. Mix the
  salt, sugar and soy sauce together and mix well, then ad the beef and
  marinate for at least one hour, longer for more flavor. Wash and slice the
  mushrooms, including stems.  Slice the bamboo into thin strips; slice the
  scallions into 1 inch pieces; soak, rinse and drain the bean sprouts. In a
  seperate bowl, mix the cornstarch and beef stock together.
  Drain the beef reserving the marinade. Heat the seseme oil and stir fry the
  beef for 4 to 5 minutes. Ad the cornstarch mixture and remaining marinade,
  bring to a boil stirring constantly; ad the vegetables and simmer for 5
  minutes longer.
  Cook noodles in boiling water for 4 to 5 minutes; drain thoroughly. Deep
  fry as needed draining on absorbent paper. Beat the egg adding 1 tablespoon
  water and pour onto lightly oiled skillet. Make a small thin omelet and
  slice into thin strips. Place cooked noodles on hot dish, top with beef
  mixture and garnish with the strips of omelet.
  
  Miscellaneous recipes from the collection of Mike Orchekowski.
  File ftp://ftp.idiscover.co.uk/pub/food/mealmaster/recipes/mo-misc.zip
 
</step></directions></recipe></recipeml>
