<?xml version="1.0" encoding="UTF-8"?>

<recipeml version="0.5">
  <recipe>
    <head>
      <title>Beef Broccoli Strudel</title>
      <categories>
        <cat>Broccoli</cat>
        <cat>Cheese</cat>
        <cat>Filo/puff p</cat>
        <cat>Ground beef</cat>
        <cat>Main dishes</cat></categories>
      <yield>6</yield></head>
    <ingredients>
      <ing>
        <amt>
          <qty>1</qty>
          <unit>pound</unit></amt>
        <item>Ground beef</item></ing>
      <ing>
        <amt>
          <qty>1</qty>
          <unit>medium</unit></amt>
        <item>Onion; diced</item></ing>
      <ing>
        <amt>
          <qty>1</qty>
          <unit>package</unit></amt>
        <item>Frozen chopped broccoli; thawed,squeezed dry</item></ing>
      <ing>
        <amt>
          <qty>4</qty>
          <unit>ounces</unit></amt>
        <item>Shredded Mozzarella cheese</item></ing>
      <ing>
        <amt>
          <qty>1/2</qty>
          <unit>cups</unit></amt>
        <item>Sour cream</item></ing>
      <ing>
        <amt>
          <qty>1/4</qty>
          <unit>cups</unit></amt>
        <item>Dried bread crumbs</item></ing>
      <ing>
        <amt>
          <qty>1 1/4</qty>
          <unit>teaspoons</unit></amt>
        <item>Salt</item></ing>
      <ing>
        <amt>
          <qty>1/4</qty>
          <unit>teaspoons</unit></amt>
        <item>Pepper</item></ing>
      <ing>
        <amt>
          <qty>1/2</qty>
          <unit>pounds</unit></amt>
        <item>Filo dough</item></ing>
      <ing>
        <amt>
          <qty>1/2</qty>
          <unit>cups</unit></amt>
        <item>Melted margarine</item></ing></ingredients>
    <directions>
      <step>  In a 10" skillet, brown ground beef and onion until juice evaportes. Remove
  from heat. Drain fat. Stir in broccoli, cheese, sour cream, bread crumbs,
  salt and pepper. Preheat oven to 350 F. On wax paper, place 1 sheeet filo.
  Brush with melted margarine. Repeat with all of Filo. Starting at short
  side of Filo, evenly spoon ground beef mixture to cover half of rectangle.
  From ground been end, roll, jelly-roll style. Place roll, seam-side down on
  cookie sheet. Brush with rest of melted margarine. Bake at 350 F. for 45
  minutes until golden. Cool for 15 minutes on cookie sheet to ease cutting.
  
  NOTES : Absolutely delicious.
  
  Recipe by: Temptations, Lansing Junior League, Cookbook, 1984 Posted to
  MC-Recipe Digest V1 #722 by Roberta Banghart &lt;bobbi744@sojourn.com&gt; on Aug
  05, 1997
 
</step></directions></recipe></recipeml>
