<?xml version="1.0" encoding="UTF-8"?>

<recipeml version="0.5">
  <recipe>
    <head>
      <title>Beef Casserole with Edam</title>
      <categories>
        <cat>Casseroles</cat>
        <cat>Beef</cat>
        <cat>Venezualan</cat></categories>
      <yield>4</yield></head>
    <ingredients>
      <ing>
        <amt>
          <qty>1/4</qty>
          <unit>cups</unit></amt>
        <item>Onion, finely chopped</item></ing>
      <ing>
        <amt>
          <qty>1/2</qty>
          <unit>cups</unit></amt>
        <item>Unsalted butter</item></ing>
      <ing>
        <amt>
          <qty>1</qty>
          <unit>pound</unit></amt>
        <item>Sirloin steak, sliced thinly</item></ing>
      <ing>
        <amt>
          <qty>2</qty>
          <unit/></amt>
        <item>Tomatoes, finely chopped</item></ing>
      <ing>
        <amt>
          <qty>1</qty>
          <unit/></amt>
        <item>Red bell pepper, in 1/2-inch</item></ing>
      <ing>
        <amt>
          <qty/>
          <unit/></amt>
        <item>Slices</item></ing>
      <ing>
        <amt>
          <qty>1/2</qty>
          <unit/></amt>
        <item>Green bell pepper, in 1/2-in</item></ing>
      <ing>
        <amt>
          <qty/>
          <unit/></amt>
        <item>Dice</item></ing>
      <ing>
        <amt>
          <qty>1</qty>
          <unit>large</unit></amt>
        <item>Egg, hard-boiled, chopped</item></ing>
      <ing>
        <amt>
          <qty>1/4</qty>
          <unit>cups</unit></amt>
        <item>Raisins</item></ing>
      <ing>
        <amt>
          <qty>1/4</qty>
          <unit>cups</unit></amt>
        <item>Black olives, pitted and</item></ing>
      <ing>
        <amt>
          <qty/>
          <unit/></amt>
        <item>Halved</item></ing>
      <ing>
        <amt>
          <qty>1/4</qty>
          <unit>cups</unit></amt>
        <item>Sweet gherkins, chopped</item></ing>
      <ing>
        <amt>
          <qty>1/4</qty>
          <unit>cups</unit></amt>
        <item>Mushrooms, chopped</item></ing>
      <ing>
        <amt>
          <qty>2</qty>
          <unit>tablespoons</unit></amt>
        <item>Brandy</item></ing>
      <ing>
        <amt>
          <qty>2 1/2</qty>
          <unit>teaspoons</unit></amt>
        <item>Flour</item></ing>
      <ing>
        <amt>
          <qty>1/2</qty>
          <unit>cups</unit></amt>
        <item>Beef broth</item></ing>
      <ing>
        <amt>
          <qty>1/4</qty>
          <unit>teaspoons</unit></amt>
        <item>Oriental chili paste</item></ing>
      <ing>
        <amt>
          <qty>1/2</qty>
          <unit>teaspoons</unit></amt>
        <item>Chili sauce</item></ing>
      <ing>
        <amt>
          <qty>1/2</qty>
          <unit>teaspoons</unit></amt>
        <item>Ketchup</item></ing>
      <ing>
        <amt>
          <qty/>
          <unit/></amt>
        <item>Tabasco sauce to taste</item></ing>
      <ing>
        <amt>
          <qty>7</qty>
          <unit>ounces</unit></amt>
        <item>Edam, sliced 1/4-inch thick</item></ing>
      <ing>
        <amt>
          <qty/>
          <unit/></amt>
        <item>Sauteed bananas as an</item></ing>
      <ing>
        <amt>
          <qty/>
          <unit/></amt>
        <item>Accompaniment</item></ing></ingredients>
    <directions>
      <step>  from the Keshy Yena Intercontinental Hotel, Curacao. In a skillet, cook
  onion in the butter over moderate heat until golden. Add the steak,
  tomatoes, and bell pepper. Cook, stirring, over mod-high heat, until
  veggies are softened.  Add the egg, raisins, olives, gherkins, and
  mushrooms and cook the mixture, stirring, for 1 minute. Add the brandy,
  heated, and ignite. Shake skillet gently until flame go out. Stir in flour
  and cook for 2 minutes, stirring. Stir in broth, chili paste, chili sauce,
  ketchup, Tabasco, and salt and pepper to taste. Simmer the mixture,
  stirring occasionally, for 5 minutes. Line the sides of a 2-qt. shallow
  casserole with some of the cheese slices. Pour the beef mixture into the
  casserole, and cover it with the remaining Edam. Put the casserole in a
  larger pan, add enough water to reach 1-inch up the sides of the casserole,
  and cover the pan with foil. Bake in the middle of a preheated 325f oven
  for 15 minutes. Serve with sauteed bananas. a 1963 Gourmet Mag. favorite
  
  From Gemini's MASSIVE MealMaster collection at www.synapse.com/~gemini
 
</step></directions></recipe></recipeml>
