<?xml version="1.0" encoding="UTF-8"?>

<recipeml version="0.5">
  <recipe>
    <head>
      <title>Beef Chow Fun</title>
      <categories>
        <cat>Chinese</cat>
        <cat>Beef</cat></categories>
      <yield>6</yield></head>
    <ingredients>
      <ing-div>
        <title/>
        <ing>
          <amt>
            <qty>10</qty>
            <unit/></amt>
          <item>Chow Fun Noodles</item></ing>
        <ing>
          <amt>
            <qty>1</qty>
            <unit>pound</unit></amt>
          <item>Beef flank steak, sliced thin across the grain</item></ing></ing-div>
      <ing-div>
        <title>MARINADE</title>
        <ing>
          <amt>
            <qty>1</qty>
            <unit>tablespoon</unit></amt>
          <item>Dark soy sauce</item></ing>
        <ing>
          <amt>
            <qty>1</qty>
            <unit>tablespoon</unit></amt>
          <item>Cornstarch</item></ing>
        <ing>
          <amt>
            <qty>1</qty>
            <unit/></amt>
          <item>Egg white</item></ing>
        <ing>
          <amt>
            <qty>1</qty>
            <unit>tablespoon</unit></amt>
          <item>Peanut oil</item></ing></ing-div>
      <ing-div>
        <title>ADDITIONAL</title>
        <ing>
          <amt>
            <qty>7</qty>
            <unit>tablespoons</unit></amt>
          <item>Peanut oil for pan-frying</item></ing>
        <ing>
          <amt>
            <qty>2</qty>
            <unit/></amt>
          <item>Cloves garlic, chopped fine</item></ing>
        <ing>
          <amt>
            <qty>1</qty>
            <unit/></amt>
          <item>Slice ginger, cut julienne</item></ing>
        <ing>
          <amt>
            <qty>1</qty>
            <unit>tablespoon</unit></amt>
          <item>Fermented black beans (dow see), rinsed</item></ing>
        <ing>
          <amt>
            <qty>1</qty>
            <unit>tablespoon</unit></amt>
          <item>Dry sherry</item></ing>
        <ing>
          <amt>
            <qty>1/2</qty>
            <unit>medium</unit></amt>
          <item>Yellow onion, peeled and sliced</item></ing>
        <ing>
          <amt>
            <qty>1/2</qty>
            <unit/></amt>
          <item>Green sweet bell pepper cored &amp; cut julienne</item></ing></ing-div>
      <ing-div>
        <title>SAUCE</title>
        <ing>
          <amt>
            <qty>1/4</qty>
            <unit>teaspoons</unit></amt>
          <item>MSG (opt)</item></ing>
        <ing>
          <amt>
            <qty>1</qty>
            <unit>tablespoon</unit></amt>
          <item>Dark soy sauce</item></ing>
        <ing>
          <amt>
            <qty>1/4</qty>
            <unit>teaspoons</unit></amt>
          <item>Sugar</item></ing>
        <ing>
          <amt>
            <qty>1</qty>
            <unit>tablespoon</unit></amt>
          <item>Dry sherry</item></ing>
        <ing>
          <amt>
            <qty>1</qty>
            <unit>pinch</unit></amt>
          <item>White pepper</item></ing>
        <ing>
          <amt>
            <qty>1</qty>
            <unit>tablespoon</unit></amt>
          <item>Oyster sauce</item></ing></ing-div>
      <ing-div>
        <title>FINAL</title>
        <ing>
          <amt>
            <qty>1</qty>
            <unit>cup</unit></amt>
          <item>Fresh bean sprouts</item></ing>
        <ing>
          <amt>
            <qty/>
            <unit/></amt>
          <item>Chinese parsley (garnish)</item></ing></ing-div></ingredients>
    <directions>
      <step>  Slice the chow fun into noodles about 1/2 inch wide. Slice the meat and mix
  the marinade.  Marinate the meat for 15 minutes. Heat the wok and add 2 T
  of the peanut oil. Toss the noodles about in the oil until they are very
  hot and begin to color just a bit on the edges. Remove to the serving
  platter and set aside. Heat the wok again and add 3 T of the peanut oil
  along with the garlic and ginger. Chow for a moment and add the rinsed
  black beans and the sherry.  In this chow the onion and green pepper, just
  until very hot. Remove to the serving platter. Heat the wok a third time
  and add 2 T of the peanut oil and the meat.  Chow on one side only until it
  begins to brown.  Return the vegetables, the noodles, and the sauce to the
  wok and toss with the meat until hot. Add the bean sprouts, toss just a
  minute or so and serve.  Garnish with Chinese parsley.
  
  From Gemini's MASSIVE MealMaster collection at www.synapse.com/~gemini
 
</step></directions></recipe></recipeml>
