<?xml version="1.0" encoding="UTF-8"?>

<recipeml version="0.5">
  <recipe>
    <head>
      <title>Beef Burgundy</title>
      <categories>
        <cat>Beef</cat>
        <cat>Soups/stews</cat></categories>
      <yield>6</yield></head>
    <ingredients>
      <ing>
        <amt>
          <qty>3</qty>
          <unit>pounds</unit></amt>
        <item>Stew beef,cut into 2" cubes</item></ing>
      <ing>
        <amt>
          <qty>1/2</qty>
          <unit>cups</unit></amt>
        <item>Flour</item></ing>
      <ing>
        <amt>
          <qty>2</qty>
          <unit>tablespoons</unit></amt>
        <item>Vegetable oil</item></ing>
      <ing>
        <amt>
          <qty>12</qty>
          <unit>small</unit></amt>
        <item>White onions,peeled</item></ing>
      <ing>
        <amt>
          <qty>12</qty>
          <unit>ounces</unit></amt>
        <item>Fresh mushrooms,trimmed</item></ing>
      <ing>
        <amt>
          <qty>3/4</qty>
          <unit>cups</unit></amt>
        <item>Burgundy wine</item></ing>
      <ing>
        <amt>
          <qty>3/4</qty>
          <unit>cups</unit></amt>
        <item>Beef broth</item></ing>
      <ing>
        <amt>
          <qty>1</qty>
          <unit/></amt>
        <item>Bay leaf</item></ing>
      <ing>
        <amt>
          <qty>1</qty>
          <unit>teaspoon</unit></amt>
        <item>Salt</item></ing>
      <ing>
        <amt>
          <qty>1/4</qty>
          <unit>teaspoons</unit></amt>
        <item>Pepper</item></ing></ingredients>
    <directions>
      <step>  In a sturdy plastic bag,combine beef and flour.Shake to coat well. In
  electric skillet with heat control set at 325 degrees brown beef
  cubes,about 4 to 5 minutes.Add onions and mushrooms.Saute onions until
  brown and mushrooms are dark.Add wine and broth.Bring to boil, stirring
  well.Add bay leaf,salt and pepper.Cover.Turn heat control down until light
  goes out (simmer point).Simmer 1 1/2 to 2 hours, stirring
  occasionally,until meat is tender and sauce is thick.Makes 4 to 6 servings.
 
</step></directions></recipe></recipeml>
