<?xml version="1.0" encoding="UTF-8"?>

<recipeml version="0.5">
  <recipe>
    <head>
      <title>Beef Burger Mignon</title>
      <categories>
        <cat>Beef</cat></categories>
      <yield>6</yield></head>
    <ingredients>
      <ing-div>
        <title>FILETS</title>
        <ing>
          <amt>
            <qty>1 1/2</qty>
            <unit>pounds</unit></amt>
          <item>Ground round steak,ground</item></ing>
        <ing>
          <amt>
            <qty/>
            <unit/></amt>
          <item>Twice</item></ing>
        <ing>
          <amt>
            <qty>1/2</qty>
            <unit>cups</unit></amt>
          <item>Soft bread crumbs</item></ing>
        <ing>
          <amt>
            <qty>3</qty>
            <unit>tablespoons</unit></amt>
          <item>Minced scallions</item></ing>
        <ing>
          <amt>
            <qty>2</qty>
            <unit>tablespoons</unit></amt>
          <item>Minced parsley</item></ing>
        <ing>
          <amt>
            <qty>1/8</qty>
            <unit>teaspoons</unit></amt>
          <item>Fresh ground pepper</item></ing>
        <ing>
          <amt>
            <qty>1</qty>
            <unit>tablespoon</unit></amt>
          <item>Worcestershire sauce</item></ing>
        <ing>
          <amt>
            <qty>1/4</qty>
            <unit>cups</unit></amt>
          <item>Beef bouillon</item></ing>
        <ing>
          <amt>
            <qty>6</qty>
            <unit>tablespoons</unit></amt>
          <item>Butter</item></ing>
        <ing>
          <amt>
            <qty>1</qty>
            <unit>teaspoon</unit></amt>
          <item>Seasoned salt</item></ing>
        <ing>
          <amt>
            <qty>6</qty>
            <unit/></amt>
          <item>Mushroom caps, for serving</item></ing></ing-div>
      <ing-div>
        <title>SAUCE</title>
        <ing>
          <amt>
            <qty>1/4</qty>
            <unit>cups</unit></amt>
          <item>Butter</item></ing>
        <ing>
          <amt>
            <qty>1/4</qty>
            <unit>cups</unit></amt>
          <item>Minced parsley</item></ing>
        <ing>
          <amt>
            <qty>1</qty>
            <unit>clove</unit></amt>
          <item>Garlic,minced</item></ing>
        <ing>
          <amt>
            <qty>1/2</qty>
            <unit>teaspoons</unit></amt>
          <item>Lemon juice</item></ing>
        <ing>
          <amt>
            <qty>1/4</qty>
            <unit>teaspoons</unit></amt>
          <item>Crushed rosemary</item></ing>
        <ing>
          <amt>
            <qty>1/8</qty>
            <unit>teaspoons</unit></amt>
          <item>Salt</item></ing>
        <ing>
          <amt>
            <qty>2</qty>
            <unit>tablespoons</unit></amt>
          <item>Ketchup</item></ing>
        <ing>
          <amt>
            <qty>1/4</qty>
            <unit>cups</unit></amt>
          <item>Red wine</item></ing>
        <ing>
          <amt>
            <qty>1/2</qty>
            <unit>cups</unit></amt>
          <item>Beef bouillon</item></ing>
        <ing>
          <amt>
            <qty>6</qty>
            <unit/></amt>
          <item>Toast points for serving</item></ing></ing-div>
      <ing-div>
        <title>GARNISH</title>
        <ing>
          <amt>
            <qty/>
            <unit/></amt>
          <item>Onion ruffles</item></ing>
        <ing>
          <amt>
            <qty/>
            <unit/></amt>
          <item>Carrot curls</item></ing>
        <ing>
          <amt>
            <qty/>
            <unit/></amt>
          <item>Parsley</item></ing></ing-div></ingredients>
    <directions>
      <step>  Combine all filet ingredients except butter and seasoned salt. Shape into
  six patties 1 1/2 inches thick.Press 1 teaspoon of the butter into center
  of each enclosing well.Wrap a strip of foil,1 1/2 inches
  wide,around,folding over ends to secure. Sprinkle both sides with seasoned
  salt.Chill while preparing mushrooms and sauce.
  
  Melt 1 tablespoon of butter in medium fry pan.Saute mushroom caps.Set
  aside.Wipe out pan for sauce.
  
  Make sauce by combining all ingredients and simmer 10 minutes, until
  slightly thickened.Keep warm.
  
  Heat remaining butter about 4 tablespoons in large heavy fry pan.Cook
  filets 3 to 3 1/2 minutes on each side,slightly pink in center.Remove foil
  strips.Place on toast points on serving plate.Spoon on sauce and top with
  mushroom caps.Garnish. Serves 6.
 
</step></directions></recipe></recipeml>
