<?xml version="1.0" encoding="UTF-8"?>

<recipeml version="0.5">
  <recipe>
    <head>
      <title>Beef Dressing Casserole</title>
      <categories>
        <cat>None</cat></categories>
      <yield>1</yield></head>
    <ingredients>
      <ing>
        <amt>
          <qty>1</qty>
          <unit>small</unit></amt>
        <item>Onion; chopped</item></ing>
      <ing>
        <amt>
          <qty>1/4</qty>
          <unit>cups</unit></amt>
        <item>Celery leaves; minced</item></ing>
      <ing>
        <amt>
          <qty>1</qty>
          <unit>teaspoon</unit></amt>
        <item>Poultry seasoning</item></ing>
      <ing>
        <amt>
          <qty>12</qty>
          <unit>slices</unit></amt>
        <item>Dry bread; cut into 1/2 inch cubes</item></ing>
      <ing>
        <amt>
          <qty>2</qty>
          <unit>cans</unit></amt>
        <item>Mushroom soup; (undiluted)</item></ing>
      <ing>
        <amt>
          <qty>1</qty>
          <unit>cup</unit></amt>
        <item>Milk</item></ing>
      <ing>
        <amt>
          <qty>2</qty>
          <unit>pounds</unit></amt>
        <item>Ground beef</item></ing>
      <ing>
        <amt>
          <qty>1</qty>
          <unit>tablespoon</unit></amt>
        <item>Prepared mustard</item></ing>
      <ing>
        <amt>
          <qty>1</qty>
          <unit>teaspoon</unit></amt>
        <item>Worcestershire sauce</item></ing></ingredients>
    <directions>
      <step>  Mix onion, celery leaves, poultry seasoning, and dried bread cubes. Add 1
  can soup and milk. Cover and set in refrigerator overnight. Next day, mix
  meat and mustard. Add bread mixture. Mix it thoroughly. Turn into a 13x9x2
  inch pan. (I prefer Pyrex.) Pat it down. Spread 1 can of diluted soup on
  top. Bake at 375 degrees for about 1 hour, or a little less. Cut this
  casserole in squares and garnish with parsley.
  
  Note: Cranberry salad is a delightful accompaniment.
  
  Recipe by: Laura Lewis - Illinois
  
  Posted to MC-Recipe Digest V1 #976 by "M. Hicks" &lt;nitro_ii@email.msn.com&gt;
  on Jan 1, 1998
 
</step></directions></recipe></recipeml>
