<?xml version="1.0" encoding="UTF-8"?>

<recipeml version="0.5">
  <recipe>
    <head>
      <title>Beef En Brochette</title>
      <categories>
        <cat>All newly t</cat>
        <cat>Bbq/grill</cat>
        <cat>Beef</cat></categories>
      <yield>6</yield></head>
    <ingredients>
      <ing>
        <amt>
          <qty>1</qty>
          <unit>can</unit></amt>
        <item>(13 1/4 oz.) pineapple chunks</item></ing>
      <ing>
        <amt>
          <qty>1/2</qty>
          <unit>cups</unit></amt>
        <item>Heinz 57 sauce</item></ing>
      <ing>
        <amt>
          <qty>2</qty>
          <unit>tablespoons</unit></amt>
        <item>Dry white wine</item></ing>
      <ing>
        <amt>
          <qty>1</qty>
          <unit>tablespoon</unit></amt>
        <item>Salad oil</item></ing>
      <ing>
        <amt>
          <qty>1/2</qty>
          <unit>teaspoons</unit></amt>
        <item>Salt</item></ing>
      <ing>
        <amt>
          <qty>1</qty>
          <unit>dash</unit></amt>
        <item>Pepper</item></ing>
      <ing>
        <amt>
          <qty>2</qty>
          <unit>pounds</unit></amt>
        <item>Beef sirloin tip or top round, cubed</item></ing>
      <ing>
        <amt>
          <qty/>
          <unit/></amt>
        <item>Salt and pepper</item></ing></ingredients>
    <directions>
      <step>  Drain pineapple, reserving 1/2 cup liquid. Cover and refrigerate pineapple
  chunks. Combine the 1/2 cup pineapple liquid with 57 sauce and next 4
  ingredients; poour over meat. Marinate 2 to 3 hours in refrigerator,
  turning occasionally. Thread meat and pineapple chunks alternately on six
  (12 inch) skewers, allowing 4-5 pieces of meat and 5-6 pieces of pineapple
  for each skewer. Brush with marinade; season lightly with salt and pepper.
  Grill or broil 3 inches from heat source 5 minutes on each side for medium
  rare. Makes 6 servings.
  
  Recipe by: Heinz 57 sauce Posted to MC-Recipe Digest V1 #730 by
  L979@aol.com on Aug 9, 1997
 
</step></directions></recipe></recipeml>
