<?xml version="1.0" encoding="UTF-8"?>

<recipeml version="0.5">
  <recipe>
    <head>
      <title>Beef Casserole with Creamy Cheese Pasta</title>
      <categories>
        <cat>Casseroles</cat>
        <cat>Pasta</cat>
        <cat>Cheese</cat>
        <cat>Low-fat</cat>
        <cat>Meats</cat></categories>
      <yield>8</yield></head>
    <ingredients>
      <ing-div>
        <title>NORMA WRENN</title>
        <ing>
          <amt>
            <qty>1</qty>
            <unit>teaspoon</unit></amt>
          <item>Vegetable oil</item></ing>
        <ing>
          <amt>
            <qty>2</qty>
            <unit>teaspoons</unit></amt>
          <item>Garlic; crushed</item></ing>
        <ing>
          <amt>
            <qty>1</qty>
            <unit>cup</unit></amt>
          <item>Onion; chopped</item></ing>
        <ing>
          <amt>
            <qty>12</qty>
            <unit>ounces</unit></amt>
          <item>Ground beef</item></ing>
        <ing>
          <amt>
            <qty>1/2</qty>
            <unit>cups</unit></amt>
          <item>Beef or chicken stock</item></ing>
        <ing>
          <amt>
            <qty>1 2/3</qty>
            <unit>cups</unit></amt>
          <item>Prepared tomato sauce</item></ing>
        <ing>
          <amt>
            <qty>8</qty>
            <unit>ounces</unit></amt>
          <item>Small shell pasta</item></ing>
        <ing>
          <amt>
            <qty>1</qty>
            <unit>tablespoon</unit></amt>
          <item>Margarine or butter</item></ing>
        <ing>
          <amt>
            <qty>2 1/2</qty>
            <unit>tablespoons</unit></amt>
          <item>All-purpose flour</item></ing>
        <ing>
          <amt>
            <qty>1 1/4</qty>
            <unit>cups</unit></amt>
          <item>Beef or chicken stock</item></ing>
        <ing>
          <amt>
            <qty>1 1/4</qty>
            <unit>cups</unit></amt>
          <item>2% milk</item></ing>
        <ing>
          <amt>
            <qty>1/2</qty>
            <unit>cups</unit></amt>
          <item>Shredded Cheddar cheese</item></ing>
        <ing>
          <amt>
            <qty>2</qty>
            <unit>tablespoons</unit></amt>
          <item>Grated Parmesan cheese</item></ing></ing-div></ingredients>
    <directions>
      <step>  Tips: This is an excellent casserole for children and teenagers. Adults
  love it too!  Substitute ground chicken or veal for beef. It's great to
  reheat.
  
  Make ahead:  Prepare up to a day ahead but do not bake until ready to eat.
  
  In large nonstick skillet, heat oil; saute garlic and onions for 4 minutes.
  Add beef and saute until no longer pink, approximately 4 minutes. Add stock
  and tomato sauce; simmer on low heat for 12 minutes or until thickened,
  stirring occasionally.  Set aside.
  
  Cook pasta in boiling water according to package instructions or until firm
  to the bite.  Drain and place in baking dish.
  
  In medium nonstick saucepan, melt margarine, add flour and cook for 1
  minute, stirring constantly.  Add stock and milk; simmer on medium heat
  until slightly thickened, approximately 5 minutes. Add Cheddar cheese and
  Parmesan cheese.
  
  Add tomato sauce mixture to pasta.  Mix well. Pour cheese sauce over top.
  Cover and bake for 15 minutes or until hot. Let rest for 10 minutes before
  serving.
  
  Per serving: calories 339; protein 18g; fat-tatal 15g-sat fat 6g; carbo
  34g; sodium 513g; cholesterol 38mg; fiber 2g.
  
  Source:  Good Taste: Premier Issue
  Posted to MM-Recipes Digest V4 #300 by "Deborah Kühnen"
  &lt;DEBKUHNEN@classic.msn.com&gt; on Nov 19, 97
 
</step></directions></recipe></recipeml>
