<?xml version="1.0" encoding="UTF-8"?>

<recipeml version="0.5">
  <recipe>
    <head>
      <title>Beef Empanadas</title>
      <categories>
        <cat>Main dish</cat>
        <cat>Snacks</cat></categories>
      <yield>1</yield></head>
    <ingredients>
      <ing>
        <amt>
          <qty>1/2</qty>
          <unit>pounds</unit></amt>
        <item>Ground beef</item></ing>
      <ing>
        <amt>
          <qty>2</qty>
          <unit/></amt>
        <item>Golden raisins</item></ing>
      <ing>
        <amt>
          <qty>1/2</qty>
          <unit>cups</unit></amt>
        <item>Corn; thawed</item></ing>
      <ing>
        <amt>
          <qty>1/8</qty>
          <unit>cups</unit></amt>
        <item>Tomato paste</item></ing>
      <ing>
        <amt>
          <qty>2</qty>
          <unit/></amt>
        <item>Green salsa</item></ing>
      <ing>
        <amt>
          <qty>1/2</qty>
          <unit>cups</unit></amt>
        <item>Cheddar cheese; shredded</item></ing>
      <ing>
        <amt>
          <qty>1</qty>
          <unit/></amt>
        <item>Dried basil</item></ing>
      <ing>
        <amt>
          <qty>1</qty>
          <unit/></amt>
        <item>Pillsbury Grands Refrigerator; biscuits</item></ing>
      <ing>
        <amt>
          <qty>1</qty>
          <unit/></amt>
        <item>Egg; beaten</item></ing></ingredients>
    <directions>
      <step>  In large skillet brown ground beef.  Stir in raisins, corn, tomato paste
  and salsa, heat throughly. Remove from heat stir in cheese and basil. Set
  aside.
  
  Preheat oven to 375F.  Separate dough into 8 biscuits. Roll orpress each to
  a 5 inch circle.  Place about 1/4 cup meat mixture in center of biscuit.
  Fold in half; seal edges and prick with fork. Brush with egg.
  
  Place on ungreased cookie sheet.  Bake for 13 to 16 minutes or until golden
  brown.
  
  Contributor:  Pillsbury
  
  Posted to recipelu-digest by Kelly &lt;kelly@hci.net&gt; on Feb 16, 1998
 
</step></directions></recipe></recipeml>
