<?xml version="1.0" encoding="UTF-8"?>

<recipeml version="0.5">
  <recipe>
    <head>
      <title>Beef Brisket in Teriyaki Sauce</title>
      <categories>
        <cat>Teriyaki</cat></categories>
      <yield>1</yield></head>
    <ingredients>
      <ing>
        <amt>
          <qty>5</qty>
          <unit>pounds</unit></amt>
        <item>Beef brisket</item></ing>
      <ing>
        <amt>
          <qty>1</qty>
          <unit>tablespoon</unit></amt>
        <item>Garlic salt</item></ing>
      <ing>
        <amt>
          <qty>1/2</qty>
          <unit>tablespoons</unit></amt>
        <item>Salt</item></ing>
      <ing>
        <amt>
          <qty/>
          <unit/></amt>
        <item>Pepper to taste</item></ing>
      <ing>
        <amt>
          <qty>1</qty>
          <unit>package</unit></amt>
        <item>Lipton onion soup mix</item></ing>
      <ing>
        <amt>
          <qty>1/2</qty>
          <unit>cups</unit></amt>
        <item>Teriyaki sauce</item></ing>
      <ing>
        <amt>
          <qty>1 1/2</qty>
          <unit>cups</unit></amt>
        <item>Water</item></ing></ingredients>
    <directions>
      <step>  Cut most of fat off the brisket. Put brisket on rack in deep baking pan.
  Sprinkle all sides of brisket with garlic salt, salt and pepper. Sprinkle
  soup mix on top. Pour teriyaki sauce on top. Half of soup mixture will fall
  off to make gravy. Pour 1 1/2 cups water in bottom of pan. Cover with foil
  and bake at 275 degrees for 5 hours.
  
  Recipe by: diane@keyway.net
  
  Posted to recipelu-digest Volume 01 Number 244 by "Diane Geary"
  &lt;diane@keyway.net&gt; on Nov 11, 1997
 
</step></directions></recipe></recipeml>
