<?xml version="1.0" encoding="UTF-8"?>

<recipeml version="0.5">
  <recipe>
    <head>
      <title>Beef Bourguignon</title>
      <categories>
        <cat>Meats</cat>
        <cat>Main dish</cat></categories>
      <yield>8</yield></head>
    <ingredients>
      <ing>
        <amt>
          <qty>8</qty>
          <unit>ounces</unit></amt>
        <item>Bacon, coarsely chopped</item></ing>
      <ing>
        <amt>
          <qty>3</qty>
          <unit>pounds</unit></amt>
        <item>Well-trimmed boneless beef chuck, cut into 1 1/2 inch cubes (from 7-bone chuck roast)</item></ing>
      <ing>
        <amt>
          <qty>1/3</qty>
          <unit>cups</unit></amt>
        <item>All purpose flour</item></ing>
      <ing>
        <amt>
          <qty>1 1/4</qty>
          <unit>pounds</unit></amt>
        <item>Boiling onions, peeled</item></ing>
      <ing>
        <amt>
          <qty>3/4</qty>
          <unit>pounds</unit></amt>
        <item>Large carrots, cut into 1-inch pieces</item></ing>
      <ing>
        <amt>
          <qty>12</qty>
          <unit/></amt>
        <item>Large garlic cloves, peeled (left whole)</item></ing>
      <ing>
        <amt>
          <qty>3</qty>
          <unit>cups</unit></amt>
        <item>Canned beef broth</item></ing>
      <ing>
        <amt>
          <qty>1/2</qty>
          <unit>cups</unit></amt>
        <item>Cognac or brandy</item></ing>
      <ing>
        <amt>
          <qty>2</qty>
          <unit/></amt>
        <item>(750 ml) bottles red Burgundy wine</item></ing>
      <ing>
        <amt>
          <qty>1 1/2</qty>
          <unit>pounds</unit></amt>
        <item>Mushrooms</item></ing>
      <ing>
        <amt>
          <qty>1/3</qty>
          <unit>cups</unit></amt>
        <item>Fresh thyme OR</item></ing>
      <ing>
        <amt>
          <qty>2</qty>
          <unit>tablespoons</unit></amt>
        <item>Dried thyme</item></ing>
      <ing>
        <amt>
          <qty>1</qty>
          <unit>tablespoon</unit></amt>
        <item>Dark brown sugar</item></ing>
      <ing>
        <amt>
          <qty>1</qty>
          <unit>tablespoon</unit></amt>
        <item>Tomato paste</item></ing></ingredients>
    <directions>
      <step>  Preheat oven to 325F.  Saute bacon in heavy large Dutch oven over high heat
  until brown and crisp, about 8 minutes. Using slotted spoon, transfer bacon
  to paper towels. Season beef generously with salt and pepper; coat with 1/3
  cup flour, using all of the flour. Working in 3 batches, brown beef in same
  pot over high heat, about 5 minutes per batch. Transfer meat to large bowl.
  Add onions and carrots to same pot and saute until light brown, about 6
  minutes. Add garlic and saute 1 minute. Transfer vegetables to bowl with
  beef.
  
  Add 1 cup broth and Cognac to pot; boil until reduced to glaze, scraping up
  browned bits, about 8 minutes. Return meat and vegetables and their juices
  to pot. Add wine, mushrooms, thyme, sugar, tomato paste and 2 cups broth.
  Bring to boil, stirring occasionally. Cover pot and place in oven. Cook
  until beef is tender, about 1 hour 20 minutes.
  
  Ladle liquid from stew into large saucepan.  Spoon off fat. Boil liquid
  until reduced to 2 3/4 cups, about 40 minutes. Season with salt and pepper.
  Pour liquid back over beef and vegetables. (Can be prepared 1 day ahead.
  Cover and chill.) Rewarm over low heat before serving.
  
  From the Burgundy &amp; Lyonnais region of France
  
  Bon Appetit/May 94 Typed by Didi Pahl
  
  From Gemini's MASSIVE MealMaster collection at www.synapse.com/~gemini
 
</step></directions></recipe></recipeml>
