<?xml version="1.0" encoding="UTF-8"?>

<recipeml version="0.5">
  <recipe>
    <head>
      <title>Beef Braised in Red Wine</title>
      <categories>
        <cat>Ethnic</cat>
        <cat>Beef</cat></categories>
      <yield>1</yield></head>
    <ingredients>
      <ing>
        <amt>
          <qty>3</qty>
          <unit>pounds</unit></amt>
        <item>Lean beef chuck roast</item></ing>
      <ing>
        <amt>
          <qty>3</qty>
          <unit>slices</unit></amt>
        <item>Lean bacon chopped</item></ing>
      <ing>
        <amt>
          <qty>1</qty>
          <unit>teaspoon</unit></amt>
        <item>Minced garlic</item></ing>
      <ing>
        <amt>
          <qty>1</qty>
          <unit>teaspoon</unit></amt>
        <item>Crumbled oregano</item></ing>
      <ing>
        <amt>
          <qty>1/2</qty>
          <unit>teaspoons</unit></amt>
        <item>Salt</item></ing>
      <ing>
        <amt>
          <qty>1/4</qty>
          <unit>teaspoons</unit></amt>
        <item>Fresh ground pepper</item></ing>
      <ing>
        <amt>
          <qty>1</qty>
          <unit>tablespoon</unit></amt>
        <item>Margarine</item></ing>
      <ing>
        <amt>
          <qty>1</qty>
          <unit>tablespoon</unit></amt>
        <item>Olive oil</item></ing>
      <ing>
        <amt>
          <qty>1/2</qty>
          <unit>cups</unit></amt>
        <item>Chopped onion</item></ing>
      <ing>
        <amt>
          <qty>1/4</qty>
          <unit>cups</unit></amt>
        <item>Chopped carrots</item></ing>
      <ing>
        <amt>
          <qty>1/4</qty>
          <unit>cups</unit></amt>
        <item>Chopped celery</item></ing>
      <ing>
        <amt>
          <qty>1/2</qty>
          <unit>cups</unit></amt>
        <item>Dry red wine</item></ing>
      <ing>
        <amt>
          <qty>2</qty>
          <unit>cups</unit></amt>
        <item>Beef stock canned or made from bouillon cubes</item></ing>
      <ing>
        <amt>
          <qty>1 1/2</qty>
          <unit>cups</unit></amt>
        <item>Canned tomatoes pureed or coarsely chopped</item></ing>
      <ing>
        <amt>
          <qty>1</qty>
          <unit/></amt>
        <item>Bay leaf</item></ing>
      <ing>
        <amt>
          <qty>2</qty>
          <unit>tablespoons</unit></amt>
        <item>Soft butter optional</item></ing>
      <ing>
        <amt>
          <qty>2</qty>
          <unit>tablespoons</unit></amt>
        <item>Flour optional</item></ing></ingredients>
    <directions>
      <step>  chilled. Top each portion with 1/4 cup chopped watercress. Makes 11 one-cup
  servings.
    Nutrient content per serving: 225 calories, 2 grams fat, 4 grams protein,
  50 grams carbohydrate, .6 milligrams cholesterol, 509 milligrams sodium, .4
  milligrams beta carotene.
    SOURCE: Tyler Morning Telegraph, Wed., Feb. 27 1991 * Broccoli should be
  cut into long-stemmed florets, blanched, drained ** Red Pepper should be
  cut in julienne strips
      Preheat oven to 325". Place one layer of broccoli in pie shell or
  directly into 8-inch pie dish. Crumble cheese on top, cover with remaining
  broccoli, arranging it with stems pointing center and the flowers to the
  outside. Add the carrots and red pepper. Mix egg, oregano and evaporated
  skim milk. Pour over vegetables. Bake loosely covered with foil for one
  hour or until filling is set. Uncover for last 10 minutes of baking.
    Nutrient content per serving: 196 calories, 11 grams fat, 8 grams
  protein, 17 grams carbohydrate, 47 milligrams cholesterol, 336 milligrams
  sodium, 2.6 milligrams beta carotene.
    SOURCE: Tyler Morning Telegraph, Wed., Feb. 27, 1991 In a medium mixing
  bowl, combine cold mashed potatoes with salt and vanilla. Add icing sugar,
  one cup at a time, beating after each addition.
  
  From Gemini's MASSIVE MealMaster collection at www.synapse.com/~gemini
 
</step></directions></recipe></recipeml>
