<?xml version="1.0" encoding="UTF-8"?>

<recipeml version="0.5">
  <recipe>
    <head>
      <title>Beef Congee (Or a Thick Gloppy Rice Dish)</title>
      <categories>
        <cat>Meats</cat>
        <cat>Grains</cat></categories>
      <yield>1</yield></head>
    <ingredients>
      <ing>
        <amt>
          <qty>8</qty>
          <unit>ounces</unit></amt>
        <item>Rump steak coarsely chopped</item></ing>
      <ing>
        <amt>
          <qty>8</qty>
          <unit>ounces</unit></amt>
        <item>Long grain rice</item></ing>
      <ing>
        <amt>
          <qty/>
          <unit/></amt>
        <item>Stock or water</item></ing>
      <ing>
        <amt>
          <qty/>
          <unit/></amt>
        <item>Piece of star anise</item></ing>
      <ing>
        <amt>
          <qty>2</qty>
          <unit/></amt>
        <item>Cloves garlic, mashed</item></ing>
      <ing>
        <amt>
          <qty>1</qty>
          <unit/></amt>
        <item>Inch piece of ginger sliced into 5-6 pieces</item></ing>
      <ing>
        <amt>
          <qty>6</qty>
          <unit/></amt>
        <item>Spring onions</item></ing>
      <ing>
        <amt>
          <qty>8</qty>
          <unit>ounces</unit></amt>
        <item>Mangetout</item></ing>
      <ing>
        <amt>
          <qty/>
          <unit/></amt>
        <item>Salt, pepper</item></ing>
      <ing>
        <amt>
          <qty/>
          <unit/></amt>
        <item>Sesame oil</item></ing></ingredients>
    <directions>
      <step>  Put the rice and four times it's volume of stock/water into a thick
  bottomed pan. Add the star anise, garlic, ginger, salt, pepper and half the
  spring onions. Bring to the boil then simmer, stirring occaisionally, until
  the rice turns into a thick glop - about 40 minutes. Add more water if
  needed.
  
  Remove and discard the spring onion and add the beef. Cook for two minutes.
  Add the beans and cook for a further two minutes.
  
  Chop the remaing spring onions and add, along with a dash of the sesame
  oil. Goes very well with chinese chilli sauce and/or soy sauce.
  
  From Gemini's MASSIVE MealMaster collection at www.synapse.com/~gemini
 
</step></directions></recipe></recipeml>
