<?xml version="1.0" encoding="UTF-8"?>

<recipeml version="0.5">
  <recipe>
    <head>
      <title>Beef Bourguinon</title>
      <categories>
        <cat>Meats</cat>
        <cat>Casseroles</cat></categories>
      <yield>1</yield></head>
    <ingredients>
      <ing-div>
        <title>FROM: YNNUF@YETTI.AMIGANS.GE</title></ing-div>
      <ing-div>
        <title>SOURCE: CROCKPOT COOKING FRO</title></ing-div>
      <ing-div>
        <title>INGREDIENTS</title>
        <ing>
          <amt>
            <qty/>
            <unit/></amt>
          <item>++++++++++++</item></ing>
        <ing>
          <amt>
            <qty>4</qty>
            <unit>pounds</unit></amt>
          <item>Lean beef cubed 1 1/2 cups  red wine</item></ing>
        <ing>
          <amt>
            <qty>1/3</qty>
            <unit>cups</unit></amt>
          <item>Oil</item></ing>
        <ing>
          <amt>
            <qty>1</qty>
            <unit>teaspoon</unit></amt>
          <item>Thyme</item></ing>
        <ing>
          <amt>
            <qty>1</qty>
            <unit>teaspoon</unit></amt>
          <item>Black pepper</item></ing>
        <ing>
          <amt>
            <qty>8</qty>
            <unit>slices</unit></amt>
          <item>Bacon, diced</item></ing>
        <ing>
          <amt>
            <qty>2</qty>
            <unit/></amt>
          <item>Cloves garlic crushed</item></ing>
        <ing>
          <amt>
            <qty>1</qty>
            <unit/></amt>
          <item>Onion diced</item></ing>
        <ing>
          <amt>
            <qty>1</qty>
            <unit>pound</unit></amt>
          <item>Mushrooms sliced</item></ing>
        <ing>
          <amt>
            <qty>1/3</qty>
            <unit>cups</unit></amt>
          <item>Flour</item></ing></ing-div>
      <ing-div>
        <title>INSTRUCTIONS</title>
        <ing>
          <amt>
            <qty/>
            <unit/></amt>
          <item>++++++++++++-</item></ing></ing-div></ingredients>
    <directions>
      <step>  Marinate beef in wine,oil,thyme and pepper 4 hrs at room temp. or overnight
  in the fridge. In large pan, cook bacon until soft. Add garlic and onion
  sauteeing until soft. Add mushrooms and cook until slightly wilted. Drain
  beef reserving liquid. Place beef in slow cooker. Sprinkle flour over the
  beef stirring until well coated. Add mushroom mixture on top. Pour reserved
  marinade over all. Cook on LOW 8-9 hrs.
  
  Submitted By KDECK@FAMILY.ISLAND.NET (KAREN DECK)  On WED, 22 MAR 95 182242
  GMT
  
  From Gemini's MASSIVE MealMaster collection at www.synapse.com/~gemini
 
</step></directions></recipe></recipeml>
