<?xml version="1.0" encoding="UTF-8"?>

<recipeml version="0.5">
  <recipe>
    <head>
      <title>Beef Curry</title>
      <categories>
        <cat>Beef</cat></categories>
      <yield>6</yield></head>
    <ingredients>
      <ing>
        <amt>
          <qty>1/4</qty>
          <unit>cups</unit></amt>
        <item>+ 2 teaspoons all-purpose flour</item></ing>
      <ing>
        <amt>
          <qty>3/4</qty>
          <unit>teaspoons</unit></amt>
        <item>Salt</item></ing>
      <ing>
        <amt>
          <qty>1 1/2</qty>
          <unit>pounds</unit></amt>
        <item>Beef fillet blotted dry and; cut into 1" chunks</item></ing>
      <ing>
        <amt>
          <qty>2</qty>
          <unit>tablespoons</unit></amt>
        <item>Vegetable oil</item></ing>
      <ing>
        <amt>
          <qty>4</qty>
          <unit>large</unit></amt>
        <item>Shallots; thinly sliced</item></ing>
      <ing>
        <amt>
          <qty>2</qty>
          <unit>teaspoons</unit></amt>
        <item>Minced garlic</item></ing>
      <ing>
        <amt>
          <qty>2</qty>
          <unit>teaspoons</unit></amt>
        <item>Minced ginger</item></ing>
      <ing>
        <amt>
          <qty>2</qty>
          <unit>teaspoons</unit></amt>
        <item>Curry powder</item></ing>
      <ing>
        <amt>
          <qty>1</qty>
          <unit>large</unit></amt>
        <item>Golden Delicious apple; cored and shredded</item></ing>
      <ing>
        <amt>
          <qty>2</qty>
          <unit>teaspoons</unit></amt>
        <item>Sugar</item></ing>
      <ing>
        <amt>
          <qty>1</qty>
          <unit>teaspoon</unit></amt>
        <item>Ground cumin</item></ing>
      <ing>
        <amt>
          <qty>1</qty>
          <unit>teaspoon</unit></amt>
        <item>Turmeric</item></ing>
      <ing>
        <amt>
          <qty>3</qty>
          <unit>cups</unit></amt>
        <item>Beef broth</item></ing>
      <ing>
        <amt>
          <qty>1/4</qty>
          <unit>cups</unit></amt>
        <item>Currants</item></ing>
      <ing>
        <amt>
          <qty>1/4</qty>
          <unit>cups</unit></amt>
        <item>Tomato paste</item></ing>
      <ing>
        <amt>
          <qty/>
          <unit/></amt>
        <item>Water; as needed</item></ing>
      <ing>
        <amt>
          <qty>1/4</qty>
          <unit>cups</unit></amt>
        <item>Torn cilantro leaves; for garnish</item></ing></ingredients>
    <directions>
      <step>  Place 1/4 cup flour, salt, pepper to taste and beef in a plastic food bag.
  Seal the bag and shake to coat the beef.
  
  Heat 1 tablespoon oil in a 12-inch non-stick skillet over medium high heat.
  When hot, sear the beef on all sides, about 2 minutes. Remove from the
  skillet and set aside.
  
  Heat the remaining 1 tablespoon oil in the skillet. Add shallots, garlic,
  ginger, curry powder and apple, and cook, stirring often, until the
  shallots are softened, about 4 minutes. Stir in the remaining 2 teaspoons
  flour, sugar, cumin and turmeric, and cook 1 minute.
  
  Stir in broth, currants and tomato paste, and simmer, uncovered, until the
  mixture has the consistency of sour cream, about 10 minutes. Add water as
  needed if the sauce is too thick. Add beef and accumulated juices to the
  sauce. (Curry can be prepared to this point and refrigerated up to 2 days
  or frozen as long as 1 month. Bring to room temperature before reheating.
  Gently reheat until just heated through but not long enough to cook beef
  further if rare is preferred. Add water as needed.) Taste and adjust
  seasonings. Garnish with cilantro. Serve with assorted chutneys.
  
  NOTES : Can substitute lamb, chicken, turkey or shrimp for the beef with
  excellent results.  Hot, fragrant basmati rice is a perfect backdrop for
  the spicy curry. Reprinted in The Sacramento Bee October 1, 1997.
  Recipe by: Abby Mandel, Los Angeles Times
  
  Posted to recipelu-digest Volume 01 Number 545 by Crane Walden
  &lt;cranew@foothill.net&gt; on Jan 17, 1998
 
</step></directions></recipe></recipeml>
