<?xml version="1.0" encoding="UTF-8"?>

<recipeml version="0.5">
  <recipe>
    <head>
      <title>Beef Brisket</title>
      <categories>
        <cat>None</cat></categories>
      <yield>1</yield></head>
    <ingredients>
      <ing>
        <amt>
          <qty>10</qty>
          <unit>pounds</unit></amt>
        <item>Beef brisket (note: yield on brisket reduces by 1/2 - 2/3 times raw weight after fat is trimmed and nice pieces are salvaged)</item></ing>
      <ing>
        <amt>
          <qty>1/2</qty>
          <unit>cups</unit></amt>
        <item>Potato starch</item></ing>
      <ing>
        <amt>
          <qty/>
          <unit/></amt>
        <item>Kosher salt</item></ing>
      <ing>
        <amt>
          <qty/>
          <unit/></amt>
        <item>Pepper</item></ing>
      <ing>
        <amt>
          <qty>1/4</qty>
          <unit>cups</unit></amt>
        <item>Margarine</item></ing>
      <ing>
        <amt>
          <qty>1</qty>
          <unit>large</unit></amt>
        <item>Onion; coarsely chopped</item></ing>
      <ing>
        <amt>
          <qty>2</qty>
          <unit/></amt>
        <item>Leeks; cleaned and sliced</item></ing>
      <ing>
        <amt>
          <qty>1</qty>
          <unit>pound</unit></amt>
        <item>Carrots; cut into large chunks</item></ing>
      <ing>
        <amt>
          <qty>1/2</qty>
          <unit/></amt>
        <item>Head celery; cut into large chunks</item></ing>
      <ing>
        <amt>
          <qty>1</qty>
          <unit>small</unit></amt>
        <item>Tomato; chopped</item></ing>
      <ing>
        <amt>
          <qty>2</qty>
          <unit>teaspoons</unit></amt>
        <item>Garlic; chopped</item></ing>
      <ing>
        <amt>
          <qty>5</qty>
          <unit/></amt>
        <item>Bay leaves</item></ing>
      <ing>
        <amt>
          <qty>2</qty>
          <unit>teaspoons</unit></amt>
        <item>Thyme</item></ing>
      <ing>
        <amt>
          <qty>4</qty>
          <unit>cups</unit></amt>
        <item>Mogan David wine</item></ing>
      <ing>
        <amt>
          <qty>1</qty>
          <unit>pound</unit></amt>
        <item>Prunes</item></ing>
      <ing>
        <amt>
          <qty>1</qty>
          <unit>pound</unit></amt>
        <item>Dried apricots</item></ing>
      <ing>
        <amt>
          <qty/>
          <unit/></amt>
        <item>Water</item></ing></ingredients>
    <directions>
      <step>  1. Pre-heat overn to 350 degrees.
  
  2. Coat brisket with potato starch, kosher salt and pepper to taste.
  
  3. Melt margarine in dutch oven and brown brisket. When browned, remove
  brisket and brown vegetables with garlic, bay leaves, thyme and additional
  salt and pepper. Remove vegetables and deglaze pan with wine.
  
  4. Return all browned items along with the dried fruit to the dutch oven.
  Add approximately 2 cups of water.
  
  5. Roast for 2 1/2 hours covered. Uncover and roast for an additional 1
  1/2-2 1/2 hours or until meat is very tender. You may have to add more
  water as it evaporates. This can be made a day ahead. The meat slices much
  nicer when cold then warm gently in a low temp. oven.
  
  Gravy: Take fruit and veggie out of liquid and whiz 1/2 the amount of the
  veggie and fruit with the liquid. Place the remaining fruit and veggies on
  brisket. Posted to EAT-L Digest by Marie Whitman &lt;goinnutz@VOICENET.COM&gt; on
  Aug 28, 1997
 
</step></directions></recipe></recipeml>
