<?xml version="1.0" encoding="UTF-8"?>

<recipeml version="0.5">
  <recipe>
    <head>
      <title>Beef Casserole #2</title>
      <categories>
        <cat>Meat</cat></categories>
      <yield>4</yield></head>
    <ingredients>
      <ing>
        <amt>
          <qty>1 1/2</qty>
          <unit>pounds</unit></amt>
        <item>Stewing steak</item></ing>
      <ing>
        <amt>
          <qty>1</qty>
          <unit>ounce</unit></amt>
        <item>Plain flour</item></ing>
      <ing>
        <amt>
          <qty>2</qty>
          <unit>tablespoons</unit></amt>
        <item>Oil</item></ing>
      <ing>
        <amt>
          <qty>2</qty>
          <unit>large</unit></amt>
        <item>Onions</item></ing>
      <ing>
        <amt>
          <qty>3</qty>
          <unit>medium</unit></amt>
        <item>Carrots</item></ing>
      <ing>
        <amt>
          <qty>1</qty>
          <unit>pint</unit></amt>
        <item>Beef stock</item></ing>
      <ing>
        <amt>
          <qty/>
          <unit/></amt>
        <item>Salt and pepper</item></ing></ingredients>
    <directions>
      <step>  From: hz225wu@unidui.uni-duisburg.de (Micaela Pantke) (COLLECTION)
  
  Date: Mon, 6 Sep 93 09:30:43 +0200
  
  From: ynnuf@yetti.amigans.gen.nz (Doreen Randal)
  
  Source: Crockpot Cooking from Barbara Blitz Cut the steak into 1 inch cubes
  and toss in the flour seasoned with salt and pepper. Brown on all sides in
  the oil, then remove from the pan.  Cut the onions into thin slices and
  cook in the oil until soft and golden. Slice the carrots thinly and put
  into the crockpot. Top with the onions and the meat. Add any remaining
  flour to the fat in the pan and cook for 2 minutes. Work in the stock and
  stir over low heat until the liquid comes to the boil. Pour into the
  crockpot, cover and cook on HIGH for 30 minutes, then on LOW 6-7 hours.
  
  REC.FOOD.RECIPES ARCHIVES
  
  /MISC
  
  From rec.food.cooking archives.  Downloaded from Glen's MM Recipe Archive,
  http://www.erols.com/hosey.
 
</step></directions></recipe></recipeml>
