<?xml version="1.0" encoding="UTF-8"?>

<recipeml version="0.5">
  <recipe>
    <head>
      <title>Beef Chow Fun (Gnow Yoke Chow Fun)</title>
      <categories>
        <cat>Chinese</cat>
        <cat>Dim sum</cat></categories>
      <yield>1</yield></head>
    <ingredients>
      <ing-div>
        <title/>
        <ing>
          <amt>
            <qty/>
            <unit/></amt>
          <item>****  NO   E  ***** Karen Adler FNGP13B. Yield: Serves 2-3</item></ing>
        <ing>
          <amt>
            <qty>1</qty>
            <unit>pound</unit></amt>
          <item>Fresh rice noodles -=OR=- 1 recipe rice noodle dough*</item></ing>
        <ing>
          <amt>
            <qty>1/2</qty>
            <unit>pounds</unit></amt>
          <item>Flank steak</item></ing>
        <ing>
          <amt>
            <qty>1</qty>
            <unit>pound</unit></amt>
          <item>Green beans (or broccoli)</item></ing>
        <ing>
          <amt>
            <qty>1</qty>
            <unit/></amt>
          <item>Green onion stalk</item></ing>
        <ing>
          <amt>
            <qty>2</qty>
            <unit/></amt>
          <item>Garlic cloves; crushed</item></ing>
        <ing>
          <amt>
            <qty>1</qty>
            <unit/></amt>
          <item>Ginger chunk; crushed (size of a quarter)</item></ing>
        <ing>
          <amt>
            <qty>4</qty>
            <unit>tablespoons</unit></amt>
          <item>Oil; -=OR=- Oil</item></ing>
        <ing>
          <amt>
            <qty>3</qty>
            <unit>tablespoons</unit></amt>
          <item>Oyster sauce</item></ing>
        <ing>
          <amt>
            <qty>2</qty>
            <unit>teaspoons</unit></amt>
          <item>Sesame oil</item></ing>
        <ing>
          <amt>
            <qty>2</qty>
            <unit>teaspoons</unit></amt>
          <item>Light soy sauce</item></ing></ing-div>
      <ing-div>
        <title>MEAT MARINADE</title>
        <ing>
          <amt>
            <qty>2</qty>
            <unit>teaspoons</unit></amt>
          <item>Cornstarch</item></ing>
        <ing>
          <amt>
            <qty>1</qty>
            <unit>teaspoon</unit></amt>
          <item>Sherry</item></ing>
        <ing>
          <amt>
            <qty>2</qty>
            <unit>teaspoons</unit></amt>
          <item>Light soy sauce</item></ing></ing-div></ingredients>
    <directions>
      <step>  *Recipe is included in this collection. PREPARATION:       Slice flank
  steak across the grain in thin strips no more than 1/8 inch thick. Mix with
  meat marinade for       1/2 hour. String and cut green beans in 1 1/2 inch
  length. Cut green onions the same length. Combine sauce mixture. Separate
  store bought rice noodles so       they will not stick to each other. If
  you make your        own noodles, cut them in 1/2 inch wide strips and
  separate them. COOKING: Stir fry green beans in 1 tbsp. oil for 3-4
  minutes, adding 2 tbsp. water the        last 2 minutes and cover. Set
  aside. Add 1 tbsp. oil       and brown the garlic and ginger. Stir fry
  beef,            drizzle 1 tbsp. of oyster sauce on top. Set aside. Add 2
  tbsp. oil and stir fry noodles, turning and adding a     little water so
  they'll soften. It takes about 3-4         minutes. You may find you have
  to add more water or oil to keep a steady stream of steam to help soften
  the noodles. Add back the vegetables and meat. Add the rest of the oyster
  sauce, soy sauce and sesame oil. DO AHEAD NOTES: Do through preparation.
  COMMENTS: Rice noodles can be purchased in Chinatown by the pound. They
  come in sheets or pre cut. You can easily make your own rice noodles.
  Source: "Dim Sum" by Rhoda Fong Yee. Formatted for MM by Karen Adler
  FNGP13B.
  Posted to MC-Recipe Digest V1 #174
  
  Date: 29 Jul 96 11:20:56 From: "steven.h.bergstein"
  &lt;steven.h.bergstein@ac.com&gt;
 
</step></directions></recipe></recipeml>
