<?xml version="1.0" encoding="UTF-8"?>

<recipeml version="0.5">
  <recipe>
    <head>
      <title>Beef Braised in Barolo Wine - Manzo Al Barolo</title>
      <categories>
        <cat>Italian</cat>
        <cat>Beef</cat></categories>
      <yield>6</yield></head>
    <ingredients>
      <ing>
        <amt>
          <qty>2</qty>
          <unit/></amt>
        <item>Garlic clove, chopped</item></ing>
      <ing>
        <amt>
          <qty>3 1/2</qty>
          <unit>pounds</unit></amt>
        <item>Beef, bottom round or chuck</item></ing>
      <ing>
        <amt>
          <qty/>
          <unit/></amt>
        <item>Salt</item></ing>
      <ing>
        <amt>
          <qty/>
          <unit/></amt>
        <item>Pepper, ground</item></ing>
      <ing>
        <amt>
          <qty>2</qty>
          <unit/></amt>
        <item>Bay leaves, fresh or dried</item></ing>
      <ing>
        <amt>
          <qty/>
          <unit/></amt>
        <item>Thyme, dried, pinch</item></ing>
      <ing>
        <amt>
          <qty>5</qty>
          <unit>cups</unit></amt>
        <item>Wine, Barolo (I used one 750 ml bottle)</item></ing>
      <ing>
        <amt>
          <qty>3</qty>
          <unit>tablespoons</unit></amt>
        <item>Butter</item></ing>
      <ing>
        <amt>
          <qty>2</qty>
          <unit>tablespoons</unit></amt>
        <item>Olive oil</item></ing>
      <ing>
        <amt>
          <qty>1</qty>
          <unit/></amt>
        <item>Onion, medium, finely chopped</item></ing>
      <ing>
        <amt>
          <qty>1</qty>
          <unit/></amt>
        <item>Carrot, finely chopped</item></ing>
      <ing>
        <amt>
          <qty>1</qty>
          <unit/></amt>
        <item>Celery stalk, finely chopped</item></ing>
      <ing>
        <amt>
          <qty>1/2</qty>
          <unit>pounds</unit></amt>
        <item>Mushrooms, white</item></ing></ingredients>
    <directions>
      <step>  Number of Servings:   6
  
  This dish comes from the Piedmont region where fine wine and beef are
  produced.
  
  Rub garlic into meat.  Season with salt and pepper. Place meat in a large
  bowl.  Add bay leaves, thyme and enough wine to cover meat. Cover and
  refrigerate overnight. Drain meat, reserving marinade. Dry meat with paper
  towels.  Melt 2 tablespoons butter with oil in a large heavy casserole.
  When butter foams, add meat. brown meat on all sides over medium heat.
  Remove meat from casserole. Add onion, carrot and celery to casserole.
  Saute until lightly browned.  Return meat to casserole. Pour reserved
  marinade through a strainer over meat. Cover casserole and reduce heat.
  Simmer 2 to 2-1/2 hours or until meat is tender. Turn and baste meat often
  during cooking.
  
  Wash and dry mushrooms thoroughly and slice thin. Melt 1 tablespoon butter
  in a medium skillet.  Saute mushrooms over high heat until golden. Add
  mushrooms to meat and cook 5 minutes longer. Place meat on a cutting board
  and cool 5 minutes.  If sauce is too thin, cook uncovered over high heat 5
  to 10 minutes. Slice meat and arrange on a warm platter. Taste and adjust
  sauce for seasoning, then spoon over meat. Serve immediately.
  
  Makes 6 to 8 servings.
  
  Sallie Austin
  
  From Gemini's MASSIVE MealMaster collection at www.synapse.com/~gemini
 
</step></directions></recipe></recipeml>
