<?xml version="1.0" encoding="UTF-8"?>

<recipeml version="0.5">
  <recipe>
    <head>
      <title>Beef Brochettes W/red Peppers and Coriander</title>
      <categories>
        <cat>Beef</cat>
        <cat>Main course</cat></categories>
      <yield>4</yield></head>
    <ingredients>
      <ing>
        <amt>
          <qty>1 1/2</qty>
          <unit>pounds</unit></amt>
        <item>Beef, lean such as filet or</item></ing>
      <ing>
        <amt>
          <qty>2</qty>
          <unit/></amt>
        <item>Med Red peppers</item></ing>
      <ing>
        <amt>
          <qty>2</qty>
          <unit>tablespoons</unit></amt>
        <item>Coriander seeds</item></ing>
      <ing>
        <amt>
          <qty>1/4</qty>
          <unit>teaspoons</unit></amt>
        <item>Red pepper flakes</item></ing>
      <ing>
        <amt>
          <qty>4</qty>
          <unit/></amt>
        <item>Thyme, fresh or 1 tsp dried</item></ing>
      <ing>
        <amt>
          <qty>2</qty>
          <unit>tablespoons</unit></amt>
        <item>Honey</item></ing>
      <ing>
        <amt>
          <qty>4</qty>
          <unit>tablespoons</unit></amt>
        <item>Coriander, fresh coarsley ch</item></ing>
      <ing>
        <amt>
          <qty>2</qty>
          <unit/></amt>
        <item>Red onions, about 1/2 lb</item></ing>
      <ing>
        <amt>
          <qty>2</qty>
          <unit>tablespoons</unit></amt>
        <item>Lemon juice</item></ing>
      <ing>
        <amt>
          <qty>1</qty>
          <unit>teaspoon</unit></amt>
        <item>Garlic, chopped</item></ing>
      <ing>
        <amt>
          <qty>1/2</qty>
          <unit>teaspoons</unit></amt>
        <item>Cumin</item></ing>
      <ing>
        <amt>
          <qty>1/4</qty>
          <unit>cups</unit></amt>
        <item>Red wine, dry</item></ing>
      <ing>
        <amt>
          <qty>2</qty>
          <unit>tablespoons</unit></amt>
        <item>Olive oil</item></ing>
      <ing>
        <amt>
          <qty/>
          <unit/></amt>
        <item>Salt and pepper to taste</item></ing></ingredients>
    <directions>
      <step>      Preheat a charcoal grill to high or an oven broiler to 500 degrees. If
  wooden skewers are used, soak them in cold water until ready to use.
      Cut the beef into 1 inch cubes. There should be 24 cubes.
      Peel and cut the onions into 24  1 inch cubes. Reserve the remaining
  onion for another use. Set the cubes aside until ready to cook.
      Cut away and discard the pepper cores and seeds. Cut the peppers into
  24 equal-size pieces and set aside until ready to cook.
      Combine the meat and remaining ingredients in a mixing bowl. Blend well
  and marinate for 15 minutes.
      Drain the meat and arrange equal portions of meat, onions and peppers
  on skewers. Reserve the marinade for basting.
      If the brochettes are to be cooked under the broiler, arrange them on a
  rack about 4 inches from the source of heat, leaving the door slightly
  ajar. Cook for about four minutes for rare, basting with reserved marinade
  and turning often. If the brochettes are to be cooked on a grill, place
  them on the grill and cook for 4 minutes for rare, basting often with the
  reserved marinade while turning UPL by Dr. Jim Culveyhouse 73330,2525
  
  From Gemini's MASSIVE MealMaster collection at www.synapse.com/~gemini
 
</step></directions></recipe></recipeml>
