<?xml version="1.0" encoding="UTF-8"?>

<recipeml version="0.5">
  <recipe>
    <head>
      <title>Beef Bourguignonne Oven Baked or Microwave</title>
      <categories>
        <cat>Main dish</cat>
        <cat>Beef</cat>
        <cat>Veggies</cat>
        <cat>Pasta</cat></categories>
      <yield>8</yield></head>
    <ingredients>
      <ing>
        <amt>
          <qty>2</qty>
          <unit>pounds</unit></amt>
        <item>Bonless beef chuck *</item></ing>
      <ing>
        <amt>
          <qty>1/4</qty>
          <unit>cups</unit></amt>
        <item>Unbleached all-purpose flour</item></ing>
      <ing>
        <amt>
          <qty>1 1/3</qty>
          <unit>cups</unit></amt>
        <item>Sliced carrots</item></ing>
      <ing>
        <amt>
          <qty>14 1/2</qty>
          <unit>ounces</unit></amt>
        <item>(1 cn) tomatoes **</item></ing>
      <ing>
        <amt>
          <qty>1</qty>
          <unit/></amt>
        <item>Med. bay leaf</item></ing>
      <ing>
        <amt>
          <qty>1</qty>
          <unit/></amt>
        <item>Env. soup mix ***</item></ing>
      <ing>
        <amt>
          <qty>1/2</qty>
          <unit>cups</unit></amt>
        <item>Red wine</item></ing>
      <ing>
        <amt>
          <qty>8</qty>
          <unit>ounces</unit></amt>
        <item>Mushrooms ****</item></ing>
      <ing>
        <amt>
          <qty>8</qty>
          <unit>ounces</unit></amt>
        <item>Medium or broad egg noodles</item></ing></ingredients>
    <directions>
      <step>  * Bonless chuck should be cut into 1-inch cubes as with stew meat.
  
  ** Tomatoes should be whole peeled tomatoes, undrained and chopped.
  
  *** Choose either Onion or Beefy Onion soup mix.
  
  **** Use 1 cn of sliced mushrooms or slice up 8 ozs of fresh mushrooms.
  
  Preheat Oven to 400 degrees F. In 2-quart casserole, toss beef with flour,
  then bake uncovered 20 minutes. Add carrots, tomatoes, and bay leaf, then
  add beefy onion recipe soup mix blended with wine. Bake, covered, 1 1/2
  hours or until beef is tender. Add mushrooms and bake covered an additional
  10 minutes. Remove bay leaf. Meanwhile, cook noodles according to package
  directions. To serve, arrange bourguignonne over noodles.
  
  MICROWAVE DIRECTIONS: Toss beef with flour, set aside. In 2-quart
  casserole, combine tomatoes, bay leaf, and beefy onion recipe soup mix
  blended with wine. Heat, covered, at HIGH (Full Power) 7 minutes, stirring
  once. Add beef and carrots. Heat covered at DEFROST (30% FULL POWER),
  stirring occasionally, 1 1/4 hours. Add mushrooms and heat covered at
  DEFROST (30% FULL POWER), 30 minutes or until beef is tender. Remove bay
  leaf. Let stand covered 5 minutes. Cook Noodles and serve as above.
  
  FREEZING/REHEATING DIRECTIONS: Bourguignonne can be baked, then frozen.
  Simply wrap covered casserole in heavy-duty Aluminum Foil; freeze. To
  reheat, unwrap and bake covered at 400 degrees F. stirring occasionally to
  separate beef and vegetables, 1 hour. OR, Microwave at HIGH (Full Power)
  stirring occasionally, 20 minutes or until heated through. Let stand
  covered 5 minutes.
  Posted to recipelu-digest by jeryder@juno.com (Judy E Ryder) on Mar 03,
  1998
 
</step></directions></recipe></recipeml>
