<?xml version="1.0" encoding="UTF-8"?>

<recipeml version="0.5">
  <recipe>
    <head>
      <title>Beef Cabbage Casserole (Diet)</title>
      <categories>
        <cat>Beef</cat></categories>
      <yield>1</yield></head>
    <ingredients>
      <ing>
        <amt>
          <qty>1</qty>
          <unit>pound</unit></amt>
        <item>Ground beef</item></ing>
      <ing>
        <amt>
          <qty>1</qty>
          <unit>tablespoon</unit></amt>
        <item>Dried onion flakes</item></ing>
      <ing>
        <amt>
          <qty>4</qty>
          <unit>ounces</unit></amt>
        <item>Tomato sauce</item></ing>
      <ing>
        <amt>
          <qty>4</qty>
          <unit>ounces</unit></amt>
        <item>Tomato juice</item></ing>
      <ing>
        <amt>
          <qty>1/8</qty>
          <unit>teaspoons</unit></amt>
        <item>Cinnamon</item></ing>
      <ing>
        <amt>
          <qty>1/8</qty>
          <unit>teaspoons</unit></amt>
        <item>Ground cloves</item></ing>
      <ing>
        <amt>
          <qty>4</qty>
          <unit>cups</unit></amt>
        <item>Shredded cabbage; (1 average head)</item></ing></ingredients>
    <directions>
      <step>  Brown meat and drain off fat. Blot with paper towel. Mix onion, tomato
  sauce, tomato juice, cloves and cinnamon; then add meat. Make a bed of
  cabbage, using 1/2 of cabbage in a 2 quart casserole. Top cabbage with 1/2
  of the meat mixture; repeat cabbage-meat mixture. Cover; bake for 45
  minutes at
      350    degrees. Serves 2.
  Posted to recipelu-digest Volume 01 Number 657 by "Diane Geary."
  &lt;diane@keyway.net&gt; on Jan 31, 1998
 
</step></directions></recipe></recipeml>
