<?xml version="1.0" encoding="UTF-8"?>

<recipeml version="0.5">
  <recipe>
    <head>
      <title>Beef Croquettes</title>
      <categories>
        <cat>None</cat></categories>
      <yield>1</yield></head>
    <ingredients>
      <ing>
        <amt>
          <qty>1</qty>
          <unit>pound</unit></amt>
        <item>Hamburger</item></ing>
      <ing>
        <amt>
          <qty>1</qty>
          <unit/></amt>
        <item>Egg</item></ing>
      <ing>
        <amt>
          <qty>1/2</qty>
          <unit/></amt>
        <item>Onion; diced</item></ing>
      <ing>
        <amt>
          <qty>1</qty>
          <unit/></amt>
        <item>Handful Bread Crumbs</item></ing>
      <ing>
        <amt>
          <qty/>
          <unit/></amt>
        <item>Salt &amp; Pepper to taste</item></ing>
      <ing>
        <amt>
          <qty>5</qty>
          <unit>teaspoons</unit></amt>
        <item>Cream style corn</item></ing>
      <ing>
        <amt>
          <qty/>
          <unit/></amt>
        <item>Flour for coating</item></ing>
      <ing>
        <amt>
          <qty/>
          <unit/></amt>
        <item>Egg whites for coating</item></ing>
      <ing>
        <amt>
          <qty/>
          <unit/></amt>
        <item>Bread crumbs for coating</item></ing></ingredients>
    <directions>
      <step>  Mix hamburger, egg, onion, handful of bread crumbs, salt, pepper and cream
  style corn together and roll into balls or make into patties. Coat in
  flour, then egg whites, then crumbs. Deep fry in hot oil until browned. So
  easy and so good!
  
  Recipe by: Found on MSN Cooking Forum
  
  Posted to MC-Recipe Digest V1 #976 by "M. Hicks" &lt;nitro_ii@email.msn.com&gt;
  on Jan 1, 1998
 
</step></directions></recipe></recipeml>
