<?xml version="1.0" encoding="UTF-8"?>

<recipeml version="0.5">
  <recipe>
    <head>
      <title>Beef Chilly Fry</title>
      <categories>
        <cat>Goanese</cat></categories>
      <yield>1</yield></head>
    <ingredients>
      <ing>
        <amt>
          <qty>1/2</qty>
          <unit>kilograms</unit></amt>
        <item>Beef cubed (whichever you use for stewing)</item></ing>
      <ing>
        <amt>
          <qty>2</qty>
          <unit>teaspoons</unit></amt>
        <item>Salt</item></ing>
      <ing>
        <amt>
          <qty>6</qty>
          <unit>large</unit></amt>
        <item>Onions</item></ing>
      <ing>
        <amt>
          <qty>8</qty>
          <unit/></amt>
        <item>Peppercorns</item></ing>
      <ing>
        <amt>
          <qty>1</qty>
          <unit/></amt>
        <item>1-inch piece ginger</item></ing>
      <ing>
        <amt>
          <qty>6</qty>
          <unit/></amt>
        <item>Cloves garlic</item></ing>
      <ing>
        <amt>
          <qty>1</qty>
          <unit>bunch</unit></amt>
        <item>Corriander leaves</item></ing>
      <ing>
        <amt>
          <qty>1</qty>
          <unit>bunch</unit></amt>
        <item>Mint leaves</item></ing>
      <ing>
        <amt>
          <qty>6</qty>
          <unit/></amt>
        <item>Green chillies</item></ing>
      <ing>
        <amt>
          <qty/>
          <unit/></amt>
        <item>Salt to taste</item></ing>
      <ing>
        <amt>
          <qty>1/2</qty>
          <unit>teaspoons</unit></amt>
        <item>Tamarind concentrate</item></ing>
      <ing>
        <amt>
          <qty/>
          <unit/></amt>
        <item>Salt and pepper to taste</item></ing></ingredients>
    <directions>
      <step>  Boil the meat, peppercorns, one onion and salt for 20 minutes, drain and
  reserve the water.  Slice the remaining onions and finely chop the ginger,
  garlic, chillies, corriander and mint.  Fry the onions until translucent.
  Add the remaining chopped ingredients and meat. Pour in about 1 cup of the
  reserved water and simmer until the meat is done.  Add the tamarind and
  continue cooking, uncovered over a high heat until the moisture has
  evaporated.
  From archives of rec.food.recipes
  
  Date: Tue, 31 Jan 1995 08:20:10 GMT
  
  From: trev@wg.icl.co.uk (Trevor Hall)
 
</step></directions></recipe></recipeml>
