<?xml version="1.0" encoding="UTF-8"?>

<recipeml version="0.5">
  <recipe>
    <head>
      <title>Beef Casserole</title>
      <categories>
        <cat>Casseroles</cat>
        <cat>Meat</cat>
        <cat>Microwave</cat></categories>
      <yield>8</yield></head>
    <ingredients>
      <ing>
        <amt>
          <qty>1 1/2</qty>
          <unit>pounds</unit></amt>
        <item>Lean ground beef</item></ing>
      <ing>
        <amt>
          <qty>1</qty>
          <unit/></amt>
        <item>Clove garlic; minced or pressed</item></ing>
      <ing>
        <amt>
          <qty>1</qty>
          <unit>teaspoon</unit></amt>
        <item>Salt</item></ing>
      <ing>
        <amt>
          <qty>1</qty>
          <unit>medium</unit></amt>
        <item>Size onion; chopped fine</item></ing>
      <ing>
        <amt>
          <qty>1</qty>
          <unit>medium</unit></amt>
        <item>Green pepper; chopped fine</item></ing>
      <ing>
        <amt>
          <qty>1</qty>
          <unit>tablespoon</unit></amt>
        <item>Tabasco sauce</item></ing>
      <ing>
        <amt>
          <qty>1</qty>
          <unit>can</unit></amt>
        <item>Tomatoes; 16 oz chopped</item></ing>
      <ing>
        <amt>
          <qty>1</qty>
          <unit>can</unit></amt>
        <item>Kidney beans; 16 oz undrained</item></ing>
      <ing>
        <amt>
          <qty>1</qty>
          <unit>cup</unit></amt>
        <item>Uncooked Minute rice</item></ing>
      <ing>
        <amt>
          <qty>1</qty>
          <unit>cup</unit></amt>
        <item>Water</item></ing>
      <ing>
        <amt>
          <qty>1/2</qty>
          <unit>cups</unit></amt>
        <item>Chopped black olives</item></ing>
      <ing>
        <amt>
          <qty>1</qty>
          <unit>cup</unit></amt>
        <item>Mild Cheddar cheese; shredded</item></ing></ingredients>
    <directions>
      <step>  Place ground beef in a 2 quart casserole. Microwave at high (100%) 8 to 9
  minutes, stirring to break up beef after half the cooking time. Add garlic,
  salt, onion, green pepper and Tabasco sauce. Microwave at high (100%) 3 to
  4 minutes. Add undrained tomatoes and undrained kidney beans and rice. Stir
  well. Cover. Microwave at high (100%) 1 5 to 20 minutes, stirring after
  half the cooking time. Sprinkle chopped olives and shredded cheese over
  all. Microwave at high (100%) until cheese is melted, 4 to 5 minutes. Let
  stand 5 minutes. Makes 8 servings.
  
  Recipe by: diane@keyway.net
  
  Posted to recipelu-digest Volume 01 Number 208 by "Diane Geary"
  &lt;diane@keyway.net&gt; on Nov 6, 1997
 
</step></directions></recipe></recipeml>
