<?xml version="1.0" encoding="UTF-8"?>

<recipeml version="0.5">
  <recipe>
    <head>
      <title>Beef Casserole</title>
      <categories>
        <cat>Crockpot</cat></categories>
      <yield>6</yield></head>
    <ingredients>
      <ing>
        <amt>
          <qty>1 1/2</qty>
          <unit>pounds</unit></amt>
        <item>Stew meat; cut in 1" cubes</item></ing>
      <ing>
        <amt>
          <qty>1</qty>
          <unit>ounce</unit></amt>
        <item>Flour</item></ing>
      <ing>
        <amt>
          <qty>2</qty>
          <unit>tablespoons</unit></amt>
        <item>Oil</item></ing>
      <ing>
        <amt>
          <qty>2</qty>
          <unit>large</unit></amt>
        <item>Onion; thinly sliced</item></ing>
      <ing>
        <amt>
          <qty>3</qty>
          <unit>medium</unit></amt>
        <item>Carrots; thinly sliced</item></ing>
      <ing>
        <amt>
          <qty>1</qty>
          <unit>can</unit></amt>
        <item>Beef bouillon</item></ing>
      <ing>
        <amt>
          <qty/>
          <unit/></amt>
        <item>Salt and pepper; to taste</item></ing></ingredients>
    <directions>
      <step>  Toss meat with flour seasoned with salt and pepper.  Brown in oil over
  medium heat; remove from pan. Saute onion slices until soft and golden.
  Place carrots, then onions, then meat into crockpot.  Add any remaining
  flour to mixture in frying pan and cook for 2 minutes.  Stir in bouillon
  and stir over low heat until mixture comes to a boil.  Pour into crockpot,
  cover and cook on HIGH for 30 minutes, then on LOW 6-7 hours.
  Recipe By     : Crockpot Cooking, Barbara Blitz
  
  Posted to MC-Recipe Digest V1 #264
  
  Date: Sun, 27 Oct 1996 02:11:10 -0700
  
  From: Rooby &lt;rooby@shell.masterpiece.com&gt;
 
</step></directions></recipe></recipeml>
