<?xml version="1.0" encoding="UTF-8"?>

<recipeml version="0.5">
  <recipe>
    <head>
      <title>Beef Burgundy and Biscuits</title>
      <categories>
        <cat>Soup /</cat>
        <cat>Stew</cat></categories>
      <yield>4</yield></head>
    <ingredients>
      <ing>
        <amt>
          <qty>2</qty>
          <unit>pounds</unit></amt>
        <item>Beef boneless chuck eye; OR rolled rump roast, cut into 1" cubes</item></ing>
      <ing>
        <amt>
          <qty>1/4</qty>
          <unit>cups</unit></amt>
        <item>All-purpose flour</item></ing>
      <ing>
        <amt>
          <qty>2</qty>
          <unit>tablespoons</unit></amt>
        <item>Olive or vegetable oil</item></ing>
      <ing>
        <amt>
          <qty>1</qty>
          <unit/></amt>
        <item>Clove garlic</item></ing>
      <ing>
        <amt>
          <qty>1 1/4</qty>
          <unit>cups</unit></amt>
        <item>Red Burgundy or other dry red wine</item></ing>
      <ing>
        <amt>
          <qty>2</qty>
          <unit>teaspoons</unit></amt>
        <item>Instant beef bouillon</item></ing>
      <ing>
        <amt>
          <qty>1/2</qty>
          <unit>small</unit></amt>
        <item>Bay leaf</item></ing>
      <ing>
        <amt>
          <qty>3</qty>
          <unit>slices</unit></amt>
        <item>Bacon; diced</item></ing>
      <ing>
        <amt>
          <qty>18</qty>
          <unit>small</unit></amt>
        <item>White onions</item></ing>
      <ing>
        <amt>
          <qty>3</qty>
          <unit>tablespoons</unit></amt>
        <item>Tomato paste</item></ing>
      <ing>
        <amt>
          <qty>1/2</qty>
          <unit>teaspoons</unit></amt>
        <item>Dried thyme leaves</item></ing>
      <ing>
        <amt>
          <qty>1/4</qty>
          <unit>teaspoons</unit></amt>
        <item>Ground pepper</item></ing>
      <ing>
        <amt>
          <qty>2</qty>
          <unit>cups</unit></amt>
        <item>Bisquick® baking mix</item></ing>
      <ing>
        <amt>
          <qty>2/3</qty>
          <unit>cups</unit></amt>
        <item>Milk</item></ing>
      <ing>
        <amt>
          <qty/>
          <unit/></amt>
        <item>Paprika; to taste</item></ing></ingredients>
    <directions>
      <step>  Heat oven to 325F degrees. Coat beef with flour. Heat oil in Dutch oven.
  Cook beef until brown. Add garlic; cook 1 minute. Remove garlic and fat.
  Add wine and enough water to cover beef. Stir in bouillon and bay leaf.
  Cover and bake 2 hours. Fry bacon until limp. Add onions; cook until light
  brown. Stir bacon and onions into beef. Cover and bake until beef is
  tender, about 40 minutes. (Add wine or water during baking, if necessary.)
  Stir in tomato paste, thyme and pepper. Mix baking mix and milk until dough
  forms; beat vigorously until stiff, 30 seconds. Drop by spoonfuls onto beef
  mixture; sprinkle with paprika. Bake until biscuits are golden brown, about
       15    minutes.
  
  Recipe by: Bisquick
  
  Posted to MC-Recipe Digest by "Pamela Creeden" &lt;creedenites@sprintmail.com&gt;
  on Apr 17, 1998
 
</step></directions></recipe></recipeml>
