<?xml version="1.0" encoding="UTF-8"?>

<recipeml version="0.5">
  <recipe>
    <head>
      <title>Beef Cordon Bleu</title>
      <categories>
        <cat/></categories>
      <yield>100</yield></head>
    <ingredients>
      <ing>
        <amt>
          <qty>7 1/2</qty>
          <unit>cups</unit></amt>
        <item>WATER</item></ing>
      <ing>
        <amt>
          <qty>25</qty>
          <unit>pounds</unit></amt>
        <item>BEEF;OVEN ROAST FZ</item></ing>
      <ing>
        <amt>
          <qty>3 1/8</qty>
          <unit>pounds</unit></amt>
        <item>HAM SECTIONED CURED</item></ing>
      <ing>
        <amt>
          <qty>3 1/8</qty>
          <unit>pounds</unit></amt>
        <item>CHEESE AMER/SLICE</item></ing>
      <ing>
        <amt>
          <qty>20</qty>
          <unit/></amt>
        <item>EGGS SHELL</item></ing>
      <ing>
        <amt>
          <qty>6</qty>
          <unit>ounces</unit></amt>
        <item>MILK; DRY NON-FAT L HEAT</item></ing>
      <ing>
        <amt>
          <qty>2</qty>
          <unit>pounds</unit></amt>
        <item>POTATO INST GRA #10</item></ing>
      <ing>
        <amt>
          <qty>3</qty>
          <unit>pounds</unit></amt>
        <item>BREAD SNDWICH 22OZ #51</item></ing>
      <ing>
        <amt>
          <qty>2</qty>
          <unit>pounds</unit></amt>
        <item>SHORTENING; 3LB</item></ing>
      <ing>
        <amt>
          <qty>1</qty>
          <unit>tablespoon</unit></amt>
        <item>PEPPER BLACK 1 LB CN</item></ing>
      <ing>
        <amt>
          <qty>3</qty>
          <unit>ounces</unit></amt>
        <item>SALT TABLE 5LB</item></ing></ingredients>
    <directions>
      <step>  TEMPERATURE:  350 F. GRIDDLE
  
  1.  SLICE BEEF INTO 1/4 INCH THICK SLICES (4 OZ PER SLICE).
  
  2.  PLACE 1/2 SLICE HAM AND 1/2 SLICE CHEESE ON EACH SLICE OF BEEF.
  
  3.  FOLD BEEF SLICE IN HALF, ENCLOSING HAM AND CHEESE.  POUND EDGES OF BEEF
  TOGETHER TO SEAL.
  
  4.  DREDGE BEEF IN INSTANT POTATO GRANULES.
  
  5.  RECONSTITUTE MILK; COMBINE WITH EGGS.
  
  6.  DIP BEEF MILK AND EGG MIXTURE.  DRAIN.
  
  7.  DREDGE IN MIXTURE OF BREAD CRUMBS, SALT, AND PEPPER; SHAKE OFF EXCESS.
  
  8.  FRY IN SHALLOW FAT ON GRIDDLE 3 MINUTES ON EACH SIDE OR UNTIL GOLDEN
  BROWN
  
  NOTE:  1.  IN STEP 1, BEEF, BONELESS, FROZEN, TOP ROUND, WILL PROVIDE THE
  MOST UNIFORM SLICE AND PORTION.
  
  NOTE:  2.  IN STEP 4, 2 LB (2 QT) FLOUR, WHEAT, GENERAL PURPOSE, SIFTED,
  MAY BE SUBSTITUTED FOR POTATOES, WHITE, INSTANT, GRANULES.
  
  NOTE:  3.  IN STEP 5, 10 OZ (1 1/4 QT) DEHYDRATED EGG MIX COMBINED WITH
    1 1/2 QT WARM WATER MAY BE USED FOR WHOLE EGGE. SEE RECIPE CARD A00800.
  
  Recipe Number: L05500
  
  SERVING SIZE: 1 CORDON B
  
  From the &lt;Army Master Recipe Index File&gt; (actually used today!).
  Downloaded from Glen's MM Recipe Archive, http://www.erols.com/hosey.
 
</step></directions></recipe></recipeml>
