<?xml version="1.0" encoding="UTF-8"?>

<recipeml version="0.5">
  <recipe>
    <head>
      <title>Beef Eggplant Casserole</title>
      <categories>
        <cat>None</cat></categories>
      <yield>1</yield></head>
    <ingredients>
      <ing>
        <amt>
          <qty>1 1/2</qty>
          <unit>pounds</unit></amt>
        <item>Gound round beef</item></ing>
      <ing>
        <amt>
          <qty>2</qty>
          <unit>medium</unit></amt>
        <item>Eggplants</item></ing>
      <ing>
        <amt>
          <qty>1</qty>
          <unit>medium</unit></amt>
        <item>Onion, chopped fine</item></ing>
      <ing>
        <amt>
          <qty>1/4</qty>
          <unit>cups</unit></amt>
        <item>Chopped bell pepper</item></ing>
      <ing>
        <amt>
          <qty>1 1/2</qty>
          <unit>cups</unit></amt>
        <item>Cooked rice</item></ing>
      <ing>
        <amt>
          <qty>1/2</qty>
          <unit>cups</unit></amt>
        <item>Fine bread crumbs</item></ing>
      <ing>
        <amt>
          <qty>1/4</qty>
          <unit/></amt>
        <item>Stick margarine</item></ing>
      <ing>
        <amt>
          <qty>1/4</qty>
          <unit>cups</unit></amt>
        <item>Sliced celery</item></ing>
      <ing>
        <amt>
          <qty>1</qty>
          <unit/></amt>
        <item>Clove garlic, chopped</item></ing></ingredients>
    <directions>
      <step>  Peel and boil eggplant in salted water until tender. In a skillet with a
  small amount of shortening, brown ground beef, bell pepper, celery, onion,
  garlic, salt and pepper to taste. To the skillet mixture add rice and
  eggplant; mix well.  Turn into casserole, cover with bread crumbs and dot
  with butter.  Bake in a
      350    oven until brown.  Serves 6.
  
  Posted to EAT-L Digest 18 November 96
  
  Date:    Tue, 19 Nov 1996 05:34:03 -0600
  
  From:    Pam and KerryAnn Cobb &lt;priss@AMARANTH.COM&gt;
 
</step></directions></recipe></recipeml>
