<?xml version="1.0" encoding="UTF-8"?>

<recipeml version="0.5">
  <recipe>
    <head>
      <title>Beef Enchiladas</title>
      <categories>
        <cat>Beef</cat>
        <cat>Mexican</cat></categories>
      <yield>6</yield></head>
    <ingredients>
      <ing>
        <amt>
          <qty>1</qty>
          <unit>pound</unit></amt>
        <item>Ground beef, cooked</item></ing>
      <ing>
        <amt>
          <qty>1</qty>
          <unit/></amt>
        <item>Onion, minced</item></ing>
      <ing>
        <amt>
          <qty>2</qty>
          <unit>cans</unit></amt>
        <item>Chili pepper, diced</item></ing>
      <ing>
        <amt>
          <qty>1</qty>
          <unit/></amt>
        <item>Clove garlic, minced</item></ing>
      <ing>
        <amt>
          <qty>2</qty>
          <unit>pints</unit></amt>
        <item>Tomato sauce</item></ing>
      <ing>
        <amt>
          <qty>1/2</qty>
          <unit>teaspoons</unit></amt>
        <item>Salt</item></ing>
      <ing>
        <amt>
          <qty>1</qty>
          <unit/></amt>
        <item>Egg, beaten</item></ing>
      <ing>
        <amt>
          <qty>1/2</qty>
          <unit>pounds</unit></amt>
        <item>Cheddar cheese,grated</item></ing>
      <ing>
        <amt>
          <qty>12</qty>
          <unit/></amt>
        <item>Tortillas, soft</item></ing>
      <ing>
        <amt>
          <qty/>
          <unit/></amt>
        <item>Olive oil</item></ing>
      <ing>
        <amt>
          <qty/>
          <unit/></amt>
        <item>Red sauce</item></ing>
      <ing>
        <amt>
          <qty>2</qty>
          <unit>teaspoons</unit></amt>
        <item>Oil</item></ing></ingredients>
    <directions>
      <step>  Heat 1/2 inch of oil in skillet and fry tortillas about 15 seconds each
  side; remove and pat off excess oil. In separate skillet heat 2 tbl oil*
  and saute' onion until tender. Add chili peppers, garlic, tomato sauce,
  salt and pepper. Add ground beef. Simmer uncovered 10 minutes. Dip
  tortillas in egg,fill with sauce mixture, roll and place in shallow greased
  baking dish.  Pour red sauce over tortillas, top with grated cheese and
  bake uncovered at 350 deg for 15 minutes. *Quanitiy for standard serving
  size.
  
  From Gemini's MASSIVE MealMaster collection at www.synapse.com/~gemini
 
</step></directions></recipe></recipeml>
