<?xml version="1.0" encoding="UTF-8"?>

<recipeml version="0.5">
  <recipe>
    <head>
      <title>Beef Brisket #1</title>
      <categories>
        <cat>Meat</cat></categories>
      <yield>8</yield></head>
    <ingredients>
      <ing>
        <amt>
          <qty>1</qty>
          <unit/></amt>
        <item>(4-5 lb) beef brisket</item></ing>
      <ing>
        <amt>
          <qty>1</qty>
          <unit/></amt>
        <item>Onion; sliced</item></ing>
      <ing>
        <amt>
          <qty>3/4</qty>
          <unit>cups</unit></amt>
        <item>Chili sauce or catsup</item></ing>
      <ing>
        <amt>
          <qty>1/4</qty>
          <unit>cups</unit></amt>
        <item>Brown sugar</item></ing>
      <ing>
        <amt>
          <qty>1</qty>
          <unit>can</unit></amt>
        <item>(12-oz) beer</item></ing>
      <ing>
        <amt>
          <qty>1</qty>
          <unit/></amt>
        <item>Clove garlic; minced</item></ing>
      <ing>
        <amt>
          <qty>1</qty>
          <unit>teaspoon</unit></amt>
        <item>(heaping) cornstarch</item></ing>
      <ing>
        <amt>
          <qty>2</qty>
          <unit>tablespoons</unit></amt>
        <item>Hot water</item></ing></ingredients>
    <directions>
      <step>  Salt &amp; pepper brisket as desired. Place in baking dish that has a cover.
  Arrange onion slices on top of brisket. In a medium-sized bowl, blend chili
  sauce, brown sugar &amp; beer. Add garlic. Pour this over the brisket &amp; onions.
  Cover &amp; bake at 350 for 2-1/2 hours. Remove from oven &amp; thicken gravy by
  adding cornstarch dissolved in hot water. Bake uncovered an additional 30
  minutes. (This makes a delicious gravy which is excellent served over
  rice.)
  
  MONTIE MC CARLEY
  
  From &lt;Simply Southern&gt;, the Desoto School Mothers' Assn, Helena-West
  Helena, AR 72390.  Downloaded from Glen's MM Recipe Archive,
  http://www.erols.com/hosey.
 
</step></directions></recipe></recipeml>
