<?xml version="1.0" encoding="UTF-8"?>

<recipeml version="0.5">
  <recipe>
    <head>
      <title>Beef Brisket Soup</title>
      <categories>
        <cat>Soup</cat></categories>
      <yield>8</yield></head>
    <ingredients>
      <ing>
        <amt>
          <qty>2</qty>
          <unit>pounds</unit></amt>
        <item>Beef brisket</item></ing>
      <ing>
        <amt>
          <qty>8</qty>
          <unit>cups</unit></amt>
        <item>Water</item></ing>
      <ing>
        <amt>
          <qty>1</qty>
          <unit>tablespoon</unit></amt>
        <item>Salt</item></ing>
      <ing>
        <amt>
          <qty>5</qty>
          <unit>medium</unit></amt>
        <item>Potatoes; peeled and diced</item></ing>
      <ing>
        <amt>
          <qty>1</qty>
          <unit>dash</unit></amt>
        <item>Celery salt</item></ing>
      <ing>
        <amt>
          <qty>1</qty>
          <unit>large</unit></amt>
        <item>Onion; chopped</item></ing>
      <ing>
        <amt>
          <qty>1/2</qty>
          <unit>cups</unit></amt>
        <item>Shredded American or Cheddar cheese</item></ing>
      <ing>
        <amt>
          <qty>2/3</qty>
          <unit>cups</unit></amt>
        <item>Oatmeal</item></ing>
      <ing>
        <amt>
          <qty>1</qty>
          <unit>can</unit></amt>
        <item>(1-lb) cream-style corn (optional)</item></ing></ingredients>
    <directions>
      <step>  Cut brisket into pieces; simmer, covered, in salted water. When meat is
  tender, add potatoes, celery salt, onion, cheese, and oatmeal. Add corn, if
  desired. Continue to cook, covered, until vegetables are done, stirring
  once or twice while cooking. Remove from heat and serve in separate small
  bowls, allowing a piece of beef for each bowl. Yield: 8 servings.
  
  From &lt;The Progressive Farmer's Southern Country Cookbook&gt;, by the editors
  of the 'Progressive Farmer Magazine'.  Downloaded from Glen's MM Recipe
  Archive, http://www.erols.com/hosey.
 
</step></directions></recipe></recipeml>
