<?xml version="1.0" encoding="UTF-8"?>

<recipeml version="0.5">
  <recipe>
    <head>
      <title>Beef Brisket De Quarles</title>
      <categories>
        <cat>None</cat></categories>
      <yield>1</yield></head>
    <ingredients>
      <ing>
        <amt>
          <qty>2</qty>
          <unit>pounds</unit></amt>
        <item>Beef brisket; (flat cut)</item></ing>
      <ing>
        <amt>
          <qty>1/8</qty>
          <unit>cups</unit></amt>
        <item>Worcestershire sauce</item></ing>
      <ing>
        <amt>
          <qty>1/8</qty>
          <unit>cups</unit></amt>
        <item>Soy sauce</item></ing>
      <ing>
        <amt>
          <qty>3/4</qty>
          <unit>packages</unit></amt>
        <item>"Good Seasons Italian Dressing" dry mix; (Zesty Italian</item></ing>
      <ing>
        <amt>
          <qty/>
          <unit/></amt>
        <item>Tastes best)</item></ing></ingredients>
    <directions>
      <step>  Preheat oven to 375 degrees. Criss-cross two pieces of foil and line bottom
  of casserole dish. Sprinkle small amount of Good Seasons dressing on bottom
  of foil lined dish before placing in brisket. Place brisket in dish, fatty
  side up. Evenly pour worcestershire and soy sauces over brisket. Sprinkle
  remaining Good Seasons dressing mix on top of brisket. Tightly fold foil
  over brisket, forming a tent. Place in oven. Bake at 375 degrees for 1
  hour. Bake at 325-350 degrees for an additional 2 hours (or until meat
  looks "stringy"). Enjoy!
  
  Posted to MM-Recipes Digest V4 #311 by "Sandy or Ben"
  &lt;gidget67@earthlink.net&gt; on Dec 1, 1997
 
</step></directions></recipe></recipeml>
