<?xml version="1.0" encoding="UTF-8"?>

<recipeml version="0.5">
  <recipe>
    <head>
      <title>Beef Embul</title>
      <categories>
        <cat>Main dish</cat></categories>
      <yield>1</yield></head>
    <ingredients>
      <ing>
        <amt>
          <qty>450</qty>
          <unit>grams</unit></amt>
        <item>Beef</item></ing>
      <ing>
        <amt>
          <qty>25</qty>
          <unit>grams</unit></amt>
        <item>Tamarind</item></ing>
      <ing>
        <amt>
          <qty>75</qty>
          <unit>mililiters</unit></amt>
        <item>Water</item></ing>
      <ing>
        <amt>
          <qty>1/2</qty>
          <unit>teaspoons</unit></amt>
        <item>Chilli powder</item></ing>
      <ing>
        <amt>
          <qty>1/2</qty>
          <unit>teaspoons</unit></amt>
        <item>White pepper</item></ing>
      <ing>
        <amt>
          <qty>1</qty>
          <unit>teaspoon</unit></amt>
        <item>Salt</item></ing>
      <ing>
        <amt>
          <qty>1/2</qty>
          <unit>teaspoons</unit></amt>
        <item>Turmeric</item></ing>
      <ing>
        <amt>
          <qty>2</qty>
          <unit/></amt>
        <item>Cm cinnamon stick</item></ing>
      <ing>
        <amt>
          <qty>2</qty>
          <unit/></amt>
        <item>Cm lemon grass</item></ing></ingredients>
    <directions>
      <step>  Wash and cut beef into 2 cm cubes. Mix tamarind with water and remove
  seeds.  Place tamarind water in a pan, add chilli powder, pepper powder,
  salt, turmeric, cinnamon stick and lemon grass and mix well. Add beef cubes
  and simmer over a medium heat until the meat is tender and the gravy has
  thickened.   Remove  the cinnamon stick before serving. From "A taste of
  Sri Lanka" by Indra Jayasekera, ISBN #962 224 010 0
  
  From Gemini's MASSIVE MealMaster collection at www.synapse.com/~gemini
 
</step></directions></recipe></recipeml>
