<?xml version="1.0" encoding="UTF-8"?>

<recipeml version="0.5">
  <recipe>
    <head>
      <title>Beef Brisket with Jardinere Sauce</title>
      <categories>
        <cat>Meats</cat></categories>
      <yield>1</yield></head>
    <ingredients>
      <ing>
        <amt>
          <qty>1 1/2</qty>
          <unit>pounds</unit></amt>
        <item>Lean beef brisket</item></ing>
      <ing>
        <amt>
          <qty>2</qty>
          <unit>tablespoons</unit></amt>
        <item>Corn oil</item></ing>
      <ing>
        <amt>
          <qty>1/2</qty>
          <unit>cups</unit></amt>
        <item>Coarsely chopped onions</item></ing>
      <ing>
        <amt>
          <qty>1/2</qty>
          <unit>cups</unit></amt>
        <item>Coarsely chopped carrots</item></ing>
      <ing>
        <amt>
          <qty>1/2</qty>
          <unit>cups</unit></amt>
        <item>Coarsely chopped celery</item></ing>
      <ing>
        <amt>
          <qty>2</qty>
          <unit/></amt>
        <item>Minced garlic cloves</item></ing>
      <ing>
        <amt>
          <qty>1 1/2</qty>
          <unit>cups</unit></amt>
        <item>Beef bouillon</item></ing>
      <ing>
        <amt>
          <qty>1</qty>
          <unit>cup</unit></amt>
        <item>Coarsely chopped tomatoes</item></ing>
      <ing>
        <amt>
          <qty>1/4</qty>
          <unit>teaspoons</unit></amt>
        <item>Pepper</item></ing></ingredients>
    <directions>
      <step>  Trim fat. Heat oil in 5 quart Dutch oven over med heat; add brisket &amp;
  brown on all sides. Remove meat &amp; set aside. Add onion, carrot,
  celery &amp; garlic. Cook 2 minutes, stirring frequently. Stir in
  bouillon, tomato &amp; pepper; return brisket, cover &amp; bring to boil.
  Reduce heat &amp; simmer 50-60 minutes or until tender.  Remove brisket;
  cover &amp; refrigerate. Cover &amp; refrigerate vegetables mixture; place
  mixture in blender, blend on med speed 15 seconds. Place vegetable
  mixture in large skillet; cut brisket into thin slices &amp; place in
  same skillet. Cover &amp; reheat gently 5-10 minutes.
  
  File ftp://ftp.idiscover.co.uk/pub/food/mealmaster/recipes/mmkah001.zip
 
</step></directions></recipe></recipeml>
