<?xml version="1.0" encoding="UTF-8"?>

<recipeml version="0.5">
  <recipe>
    <head>
      <title>Beef Croquettes and Bitter Balls</title>
      <categories>
        <cat>Meat</cat></categories>
      <yield>8</yield></head>
    <ingredients>
      <ing>
        <amt>
          <qty>2 1/4</qty>
          <unit>cups</unit></amt>
        <item>Very finely minced lean beef</item></ing>
      <ing>
        <amt>
          <qty>1</qty>
          <unit/></amt>
        <item>Carrot; chopped finely</item></ing>
      <ing>
        <amt>
          <qty>1</qty>
          <unit>tablespoon</unit></amt>
        <item>Finely chopped parsley</item></ing>
      <ing>
        <amt>
          <qty>8</qty>
          <unit>cups</unit></amt>
        <item>Boiling water</item></ing>
      <ing>
        <amt>
          <qty>1 1/2</qty>
          <unit>cups</unit></amt>
        <item>Margarine</item></ing>
      <ing>
        <amt>
          <qty>2 1/4</qty>
          <unit>cups</unit></amt>
        <item>Flour</item></ing>
      <ing>
        <amt>
          <qty>1/2</qty>
          <unit>teaspoons</unit></amt>
        <item>Salt</item></ing>
      <ing>
        <amt>
          <qty>1/2</qty>
          <unit>teaspoons</unit></amt>
        <item>Ground nutmeg</item></ing>
      <ing>
        <amt>
          <qty>1/4</qty>
          <unit>teaspoons</unit></amt>
        <item>White pepper</item></ing>
      <ing>
        <amt>
          <qty/>
          <unit/></amt>
        <item>Melted butter</item></ing>
      <ing>
        <amt>
          <qty>6</qty>
          <unit/></amt>
        <item>Egg whites</item></ing>
      <ing>
        <amt>
          <qty>2</qty>
          <unit>cups</unit></amt>
        <item>Fine dry breadcrumbs</item></ing></ingredients>
    <directions>
      <step>  Date: Mon, 25 Mar 96 13:05:40 EST
  
  submitted by: reep@datanet.ab.ca
  
  From cookbook "Let's Go Dutch Again" by Johanna Bates and Jan
  Walrabenstein.
  
  In a large saucepan, place the meat, carrot, parsley and water. Bring to a
  boil. Once the mixture is boiling reduce the heat and simmer for 1 1/2
  hours.
  
  Meanwhile, heat the margarine in a Dutch oven. Add the flour, salt and
  spices and stir until you have a roux. Heat and stir for 2 more minutes and
  then let the roux cool down.
  
  Once the meat mixture is done, reheat the roux and stir in the meat mixture
  gradually. Stir vigorously and bring to a low boil. Once all the meat
  mixture is added, maintain a low boil for 15 minutes.
  
  Spread the meat mixture on cookie sheets with sides no higher than1/2".
  Brush with a bit of melted butter to prevent a crust from forming. Cool
  overnight in the refreigerator.
  
  The next day, make cylindrical shapes (croquettes) or smallish balls
  (bitter balls) from the stiff mixture. Roll the cylinders through the
  breadcrumbs, then through the egg whites and again through the breadcrumbs,
  then freeze.
  
  Place the frozen croquettes in preheated oil and deep-fry about 5 minutes
  or until they are golden brown. ( I have deep-fryed them ahead of time and
  reheated in the oven. This avoids the smell when you have a house full of
  guests). Yield: approximately 30 croquettes
  
  Can be servied with Dutch-style coarse mustard.
  
  DAVE &lt;DAVIDG@CLAM.RUTGERS.EDU&gt;
  
  RECIPEINTERNET LIST SERVER
  
  RECIPE ARCHIVE - 26 MARCH 1996
  
  From the 'RECIPEinternet: Recipes from Around the World' recipe list.
  Downloaded from Glen's MM Recipe Archive, http://www.erols.com/hosey.
 
</step></directions></recipe></recipeml>
