<?xml version="1.0" encoding="UTF-8"?>

<recipeml version="0.5">
  <recipe>
    <head>
      <title>Beef Brisket in Beer</title>
      <categories>
        <cat>Meats</cat>
        <cat>Beef</cat></categories>
      <yield>11</yield></head>
    <ingredients>
      <ing>
        <amt>
          <qty>4</qty>
          <unit>pounds</unit></amt>
        <item>Beef brisket</item></ing>
      <ing>
        <amt>
          <qty>1/2</qty>
          <unit>teaspoons</unit></amt>
        <item>Pepper</item></ing>
      <ing>
        <amt>
          <qty>1</qty>
          <unit>cup</unit></amt>
        <item>Sliced onion, rings separate</item></ing>
      <ing>
        <amt>
          <qty>1/2</qty>
          <unit>cups</unit></amt>
        <item>Chili sauce</item></ing>
      <ing>
        <amt>
          <qty>3</qty>
          <unit>tablespoons</unit></amt>
        <item>Brown sugar</item></ing>
      <ing>
        <amt>
          <qty>2</qty>
          <unit/></amt>
        <item>Cloves garlic, crushed</item></ing>
      <ing>
        <amt>
          <qty>12</qty>
          <unit>ounces</unit></amt>
        <item>Beer</item></ing>
      <ing>
        <amt>
          <qty>2 1/2</qty>
          <unit>tablespoons</unit></amt>
        <item>Flour</item></ing>
      <ing>
        <amt>
          <qty>1/2</qty>
          <unit>cups</unit></amt>
        <item>+2T water</item></ing>
      <ing>
        <amt>
          <qty/>
          <unit/></amt>
        <item>Black pepper</item></ing></ingredients>
    <directions>
      <step>  Trim fat from brisket; place in a 13- x 9- x2-in baking dish. Sprinkle top
  of brisket with pepper; arrange onion rings over brisket.
    Combine chili sauce and next 3 ingredients; stir well, and pour over
  brisket. Cover and bake at 350 for 3 hours. Uncover and bake an additional
  20 min or until. brisket is tender. Place brisket on a serving platter,
  reserving cooking liquid. Set brisket aside, and keep warm.
   Pour 1 1/2 c cooking liquid into a sm saucepan. Place flour in a sm bowl.
  Grad add water, blending with a wire whisk; add to cooking liquid. Bring to
  a boil and cook 2 min or until gravy is thickened, stirring constantly.
    Serve gravy with brisket. Sprinkle with pepper, and garnish with tomato
  slices and parsley springs, if desired. (Serving size is 3 oz brisket and 3
  T. sauce).
  
  From Gemini's MASSIVE MealMaster collection at www.synapse.com/~gemini
 
</step></directions></recipe></recipeml>
