<?xml version="1.0" encoding="UTF-8"?>

<recipeml version="0.5">
  <recipe>
    <head>
      <title>Beef Corn Casserole</title>
      <categories>
        <cat>Casseroles</cat></categories>
      <yield>1</yield></head>
    <ingredients>
      <ing>
        <amt>
          <qty>4</qty>
          <unit>tablespoons</unit></amt>
        <item>Oil</item></ing>
      <ing>
        <amt>
          <qty>18</qty>
          <unit>ounces</unit></amt>
        <item>Beef roast,not to lean</item></ing>
      <ing>
        <amt>
          <qty>1</qty>
          <unit/></amt>
        <item>Garlic Clove</item></ing>
      <ing>
        <amt>
          <qty>2</qty>
          <unit/></amt>
        <item>Onions</item></ing>
      <ing>
        <amt>
          <qty>2</qty>
          <unit>teaspoons</unit></amt>
        <item>Paprika Hot</item></ing>
      <ing>
        <amt>
          <qty>1</qty>
          <unit/></amt>
        <item>Pepper, red</item></ing>
      <ing>
        <amt>
          <qty>1</qty>
          <unit/></amt>
        <item>Pepper, green</item></ing>
      <ing>
        <amt>
          <qty>9</qty>
          <unit>ounces</unit></amt>
        <item>Carrots</item></ing>
      <ing>
        <amt>
          <qty>1</qty>
          <unit/></amt>
        <item>Leek</item></ing>
      <ing>
        <amt>
          <qty>2</qty>
          <unit>quarts</unit></amt>
        <item>Broth, clear</item></ing>
      <ing>
        <amt>
          <qty>2</qty>
          <unit>cups</unit></amt>
        <item>Rice</item></ing>
      <ing>
        <amt>
          <qty>2</qty>
          <unit>cans</unit></amt>
        <item>Corn,whole cernel</item></ing>
      <ing>
        <amt>
          <qty>1/2</qty>
          <unit>teaspoons</unit></amt>
        <item>Salt</item></ing>
      <ing>
        <amt>
          <qty>1</qty>
          <unit>teaspoon</unit></amt>
        <item>Pepper</item></ing>
      <ing>
        <amt>
          <qty>1</qty>
          <unit>bunch</unit></amt>
        <item>Parsley,chopped</item></ing></ingredients>
    <directions>
      <step>  1.Let the oil get hot in a big pot; cut the meat into
  cubes and brown in the oil for about 20 minutes. 2.In
  the meantime; peel onion and clove and chopped finely.
  3.Clean the leek, carrots and the peppers and dice
  finely. 4.Add the vegetables to meat and saute shortly
  and pour in the broth.
   Let come to a boil, and add the rice and let it all
  simmer 20 minutes. 5.Add the corn and let simmer for
  another 10 minutes. Season to taste and add the
  parsley.Serve with a hearty bread. Recipe by Bollerix
  Translated by Brigitte Sealing Cyberealm BBS
  315-786-1120
  
  From Gemini's MASSIVE MealMaster collection at www.synapse.com/~gemini
 
</step></directions></recipe></recipeml>
