<?xml version="1.0" encoding="UTF-8"?>

<recipeml version="0.5">
  <recipe>
    <head>
      <title>Beef a la Mode</title>
      <categories>
        <cat>Crock pot</cat>
        <cat>Meat</cat></categories>
      <yield>10</yield></head>
    <ingredients>
      <ing-div>
        <title/>
        <ing>
          <amt>
            <qty>4</qty>
            <unit>pounds</unit></amt>
          <item>Beef rump roast</item></ing>
        <ing>
          <amt>
            <qty>1</qty>
            <unit>tablespoon</unit></amt>
          <item>Butter</item></ing>
        <ing>
          <amt>
            <qty>2</qty>
            <unit/></amt>
          <item>Beef bouillon cubes</item></ing>
        <ing>
          <amt>
            <qty>1/4</qty>
            <unit>cups</unit></amt>
          <item>Tomato sauce</item></ing></ing-div>
      <ing-div>
        <title>MARINADE</title>
        <ing>
          <amt>
            <qty>1 1/2</qty>
            <unit>teaspoons</unit></amt>
          <item>Salt</item></ing>
        <ing>
          <amt>
            <qty>1</qty>
            <unit>teaspoon</unit></amt>
          <item>Dried thyme</item></ing>
        <ing>
          <amt>
            <qty/>
            <unit/></amt>
          <item>Pepper</item></ing>
        <ing>
          <amt>
            <qty>1</qty>
            <unit/></amt>
          <item>Each: carrot; celery stalk and onion, chopped</item></ing>
        <ing>
          <amt>
            <qty>2</qty>
            <unit/></amt>
          <item>Cloves garlic; minced</item></ing>
        <ing>
          <amt>
            <qty>2</qty>
            <unit>cups</unit></amt>
          <item>Dry red wine</item></ing></ing-div></ingredients>
    <directions>
      <step>  Place roast in large bowl or bag with marinade. Cover and chill 1 day.
  NOTE: Will turn a purpil color.
  
  Remove from marinade. Pat dry with paper towels. Brown on all sides.
  
  Place in crockpot. Strain marinade reserving vegetables. Add marinade to
  meat. Saute vegetables until glazed and add to meat. Loosen pan drippings
  with a little water and add to pot along with bouillon and tomato sauce.
  
  Cover and cook on low 8 hours or until tender.
  
  Transfer meat to carving board. Pour juices into saucepan. Boil until
  reduced to two cups.
  
  NOTES : I use broth instead of boulillon cubes to reduce sodium. Does get
  an interesting shade of purpil before cooking.
  Posted to MC-Recipe Digest V1 #951 by Vickie &lt;pvreg@gte.net&gt; on Dec 09,
  1997
 
</step></directions></recipe></recipeml>
