<?xml version="1.0" encoding="UTF-8"?>

<recipeml version="0.5">
  <recipe>
    <head>
      <title>Beef and Rice Skillet</title>
      <categories>
        <cat>Beef</cat>
        <cat>Casseroles</cat>
        <cat>Ethnic</cat>
        <cat>Main dishes</cat>
        <cat>Mexican</cat></categories>
      <yield>4</yield></head>
    <ingredients>
      <ing>
        <amt>
          <qty>3/4</qty>
          <unit>pounds</unit></amt>
        <item>Ground beef</item></ing>
      <ing>
        <amt>
          <qty>2</qty>
          <unit>tablespoons</unit></amt>
        <item>Butter</item></ing>
      <ing>
        <amt>
          <qty>1 1/2</qty>
          <unit>teaspoons</unit></amt>
        <item>Salt</item></ing>
      <ing>
        <amt>
          <qty>1/8</qty>
          <unit>teaspoons</unit></amt>
        <item>Pepper</item></ing>
      <ing>
        <amt>
          <qty>1</qty>
          <unit>medium</unit></amt>
        <item>Onion</item></ing>
      <ing>
        <amt>
          <qty>1</qty>
          <unit>large</unit></amt>
        <item>Green pepper</item></ing>
      <ing>
        <amt>
          <qty>1 1/3</qty>
          <unit>cups</unit></amt>
        <item>Minute rice</item></ing>
      <ing>
        <amt>
          <qty>1</qty>
          <unit>can</unit></amt>
        <item>Tomatoes; 1 lb. 12 oz.</item></ing>
      <ing>
        <amt>
          <qty>1</qty>
          <unit>tablespoon</unit></amt>
        <item>Yellow mustard</item></ing></ingredients>
    <directions>
      <step>  1. Lightly brown meat in butter in large skillet. Season with 1 tsp. salt
  and the pepper.
  
  2. Thinly slice onion and green pepper and add to skillet. Stir in minute
  rice right from box. 3. Saute over high heat until rice is lightly browned.
  Add tomatoes, mustard and remaining salt. Mix well. 4. Bring to a boil.
  Reduce heat and let simmer 5 minutes uncovered.
  
  Recipe by: Annette(Minute Rice)
  
  Posted to TNT - Prodigy's Recipe Exchange Newsletter  by Luke Murden
  &lt;lmurden@visi.net&gt; on Sep 14, 1997
 
</step></directions></recipe></recipeml>
