<?xml version="1.0" encoding="UTF-8"?>

<recipeml version="0.5">
  <recipe>
    <head>
      <title>Beef Bourginon</title>
      <categories>
        <cat>Beef</cat></categories>
      <yield>4</yield></head>
    <ingredients>
      <ing>
        <amt>
          <qty>2 1/2</qty>
          <unit>pounds</unit></amt>
        <item>Sirloin steak; cut into 2" cubes</item></ing>
      <ing>
        <amt>
          <qty>4</qty>
          <unit>slices</unit></amt>
        <item>Bacon; cut up</item></ing>
      <ing>
        <amt>
          <qty>1/2</qty>
          <unit/></amt>
        <item>Stick butter</item></ing>
      <ing>
        <amt>
          <qty>1/2</qty>
          <unit>pounds</unit></amt>
        <item>Mushrooms; sliced</item></ing>
      <ing>
        <amt>
          <qty>2</qty>
          <unit>tablespoons</unit></amt>
        <item>Sugar</item></ing>
      <ing>
        <amt>
          <qty>1/4</qty>
          <unit>teaspoons</unit></amt>
        <item>Thyme</item></ing>
      <ing>
        <amt>
          <qty>1/4</qty>
          <unit>teaspoons</unit></amt>
        <item>Salt</item></ing>
      <ing>
        <amt>
          <qty>2</qty>
          <unit>tablespoons</unit></amt>
        <item>Tomato paste</item></ing>
      <ing>
        <amt>
          <qty>1/2</qty>
          <unit>pounds</unit></amt>
        <item>Sweet onions; cut into strips</item></ing>
      <ing>
        <amt>
          <qty>2</qty>
          <unit/></amt>
        <item>Beef bouillon cubes</item></ing>
      <ing>
        <amt>
          <qty>1 1/4</qty>
          <unit>cups</unit></amt>
        <item>Red wine</item></ing>
      <ing>
        <amt>
          <qty>2</qty>
          <unit>tablespoons</unit></amt>
        <item>Flour</item></ing></ingredients>
    <directions>
      <step>  Melt 1/2 stick butter. Saute onions &amp; mushrooms in butter. Remove. Cut up 4
  slices bacon, fry in the butter you removed the mushrooms &amp; onions in. Once
  bacon is crispy, remove from pan. Brown meat. Add 2 tbsp flour. Add wine,
  beef bouillon, &amp; spices. Simmer for 2 hours, stirring intermittently. Add
  onions, mushrooms &amp; bacon &amp; continue cooking for one hour. If liquid
  evaporates, you may add more wine (&amp; also small amounts of water).
  Serving Ideas : Serve over rice or noodles.
  
  NOTES : I add 1 clove of garlic when browning meat.
  
  Posted to KitMailbox Digest  by AnnDeTar &lt;AnnDeTar@aol.com&gt; on Jan 6, 1998
 
</step></directions></recipe></recipeml>
