<?xml version="1.0" encoding="UTF-8"?>

<recipeml version="0.5">
  <recipe>
    <head>
      <title>Beef and Noodle Soup "A la Vietnamese"</title>
      <categories>
        <cat>None</cat></categories>
      <yield>1</yield></head>
    <ingredients>
      <ing>
        <amt>
          <qty>1</qty>
          <unit>pound</unit></amt>
        <item>Boneless sirloin; fat removed and cut into fine julienne</item></ing>
      <ing>
        <amt>
          <qty>2</qty>
          <unit/></amt>
        <item>Cloves garlic</item></ing>
      <ing>
        <amt>
          <qty>1</qty>
          <unit/></amt>
        <item>1-inch piece ginger; peeled</item></ing>
      <ing>
        <amt>
          <qty>1</qty>
          <unit/></amt>
        <item>Stick cinnamon</item></ing>
      <ing>
        <amt>
          <qty>2</qty>
          <unit>quarts</unit></amt>
        <item>Water</item></ing>
      <ing>
        <amt>
          <qty>1</qty>
          <unit>large</unit></amt>
        <item>Bunch cilantro</item></ing>
      <ing>
        <amt>
          <qty>1/4</qty>
          <unit>pounds</unit></amt>
        <item>Vermicelli or capellini broken into 2-inch lengths</item></ing>
      <ing>
        <amt>
          <qty/>
          <unit/></amt>
        <item>Salt; to taste</item></ing>
      <ing>
        <amt>
          <qty>2</qty>
          <unit>tablespoons</unit></amt>
        <item>Fresh lime juice</item></ing>
      <ing>
        <amt>
          <qty>2</qty>
          <unit>cups</unit></amt>
        <item>Fresh bean sprouts</item></ing>
      <ing>
        <amt>
          <qty>1/2</qty>
          <unit>teaspoons</unit></amt>
        <item>Dried red pepper flakes</item></ing></ingredients>
    <directions>
      <step>  PASTA MONDAY TO FRIDAY SHOW #PS6554
  
  Combine beef, garlic, ginger, cinnamon and 2 quarts water. Bring to a boil,
  skim off scum. Reduce heat to low and simmer gently until meat is tender,
  about 45 minutes. Continue skimming and keeping level of liquid constant by
  replenishing with fresh water.
  
  Meanwhile, rinse and chop the cilantro. When meat is tender, remove garlic,
  cinnamon and ginger. Add noodles and simmer until tender, about 5 minutes.
  Remove soup from heat, stir in salt, lime juice, bean sprouts, pepper and
  cilantro. Adjust seasoning and serve piping hot.
  
  Yield: 4 servings
  
  Posted to recipelu-digest by molony &lt;molony@scsn.net&gt; on Feb 24, 1998
 
</step></directions></recipe></recipeml>
