<?xml version="1.0" encoding="UTF-8"?>

<recipeml version="0.5">
  <recipe>
    <head>
      <title>Beef and Orange Burritos</title>
      <categories>
        <cat>Beef</cat>
        <cat>Mexican</cat></categories>
      <yield>8</yield></head>
    <ingredients>
      <ing>
        <amt>
          <qty>1</qty>
          <unit>teaspoon</unit></amt>
        <item>Olive oil</item></ing>
      <ing>
        <amt>
          <qty>1</qty>
          <unit>large</unit></amt>
        <item>Onion, chopped</item></ing>
      <ing>
        <amt>
          <qty>1</qty>
          <unit>large</unit></amt>
        <item>Green pepper, chopped</item></ing>
      <ing>
        <amt>
          <qty>3</qty>
          <unit>large</unit></amt>
        <item>Garlic cloves, crushed</item></ing>
      <ing>
        <amt>
          <qty>1</qty>
          <unit>tablespoon</unit></amt>
        <item>Orange rind, grated</item></ing>
      <ing>
        <amt>
          <qty>2</qty>
          <unit>teaspoons</unit></amt>
        <item>Ground cumin</item></ing>
      <ing>
        <amt>
          <qty>1</qty>
          <unit>teaspoon</unit></amt>
        <item>Chili powder</item></ing>
      <ing>
        <amt>
          <qty>1/4</qty>
          <unit>cups</unit></amt>
        <item>Orange juice</item></ing>
      <ing>
        <amt>
          <qty>1</qty>
          <unit>large</unit></amt>
        <item>Lean ground beef, cooked &amp; drained</item></ing></ingredients>
    <directions>
      <step>  In a large skillet, saute onion, pepper, cloves, orange rind, cumin &amp; chili
  powder in oil (and Pam if needed) until almost tender. Add orange juice &amp;
  stir until liquid evaporates.
  
  Add cooked &amp; drained ground beef &amp; stir long enough until flavors have
  blended together.
  
  Serve with heated flour tortillas &amp; your choice of the following
  accompaniments: chopped tomatoes, shredded lettuce, grated sharp cheddar
  cheese, sour cream, chopped scallions, salsa, refried beans, tabasco sauce,
  sliced jalapenos.
  
  Per serving: 93 Calories; 7g Fat (64% calories from fat); 5g Protein; 3g
  Carbohydrate; 21mg Cholesterol; 93mg Sodium
  
  Recipe by: Alan Gold Posted to TNT - Prodigy's Recipe Exchange Newsletter
  by &lt;ebburtis@ix.netcom.com&gt; on Jul 7, 97
 
</step></directions></recipe></recipeml>
