<?xml version="1.0" encoding="UTF-8"?>

<recipeml version="0.5">
  <recipe>
    <head>
      <title>Beef Boulettes with Garlic</title>
      <categories>
        <cat>Not</cat>
        <cat>Sent</cat></categories>
      <yield>6</yield></head>
    <ingredients>
      <ing-div>
        <title/>
        <ing>
          <amt>
            <qty>2</qty>
            <unit>pounds</unit></amt>
          <item>Ground beef</item></ing>
        <ing>
          <amt>
            <qty>1 1/2</qty>
            <unit>teaspoons</unit></amt>
          <item>Plus 1 tsp salt</item></ing>
        <ing>
          <amt>
            <qty>1/2</qty>
            <unit>teaspoons</unit></amt>
          <item>Plus 1/4 tsp freshly ground black pepper</item></ing>
        <ing>
          <amt>
            <qty>1/2</qty>
            <unit>teaspoons</unit></amt>
          <item>Ground red pepper</item></ing>
        <ing>
          <amt>
            <qty>1/2</qty>
            <unit>cups</unit></amt>
          <item>Finely chopped onion</item></ing>
        <ing>
          <amt>
            <qty>3</qty>
            <unit>cups</unit></amt>
          <item>Thinly sliced onion</item></ing>
        <ing>
          <amt>
            <qty>12</qty>
            <unit>small</unit></amt>
          <item>Garlic cloves</item></ing>
        <ing>
          <amt>
            <qty>1/2</qty>
            <unit>cups</unit></amt>
          <item>Flour</item></ing>
        <ing>
          <amt>
            <qty>2</qty>
            <unit>teaspoons</unit></amt>
          <item>Rustic Rub; (See below)</item></ing>
        <ing>
          <amt>
            <qty>3</qty>
            <unit>tablespoons</unit></amt>
          <item>Vegetable oil</item></ing>
        <ing>
          <amt>
            <qty>4</qty>
            <unit>small</unit></amt>
          <item>Bay leaves</item></ing>
        <ing>
          <amt>
            <qty>2</qty>
            <unit>cups</unit></amt>
          <item>Water</item></ing>
        <ing>
          <amt>
            <qty>3</qty>
            <unit>tablespoons</unit></amt>
          <item>Chopped parsley</item></ing></ing-div>
      <ing-div>
        <title>RUSTIC RUB</title>
        <ing>
          <amt>
            <qty>1/4</qty>
            <unit>cups</unit></amt>
          <item>Paprika</item></ing>
        <ing>
          <amt>
            <qty>3</qty>
            <unit>tablespoons</unit></amt>
          <item>Garlic powder</item></ing>
        <ing>
          <amt>
            <qty>3</qty>
            <unit>teaspoons</unit></amt>
          <item>Salt</item></ing>
        <ing>
          <amt>
            <qty>2 1/2</qty>
            <unit>tablespoons</unit></amt>
          <item>Freshly ground black pepper</item></ing>
        <ing>
          <amt>
            <qty>1 1/2</qty>
            <unit>tablespoons</unit></amt>
          <item>Ground red pepper</item></ing>
        <ing>
          <amt>
            <qty>1 1/2</qty>
            <unit>tablespoons</unit></amt>
          <item>Onion powder</item></ing>
        <ing>
          <amt>
            <qty>1 1/4</qty>
            <unit>tablespoons</unit></amt>
          <item>Dried oregano</item></ing>
        <ing>
          <amt>
            <qty>1 1/4</qty>
            <unit>tablespoons</unit></amt>
          <item>Dried thyme</item></ing></ing-div></ingredients>
    <directions>
      <step>  In a large bowl mix beef, the 1 1/2 tsp salt, 1/2 tsp black pepper, the red
  pepper and chopped onion. Make 12 meatballs. Insert a garlic clove into the
  center of each; pinch beef around garlic.
  
  Mix flour and Rustic Rub in a shallow plate. Add meatballs and roll to
  coat. Reserve remaining mixture. Heat oil in large nonstick skillet over
  medium-high heat. Add meatballs and brown evenly on all sides, 4-5 minutes.
  Remove with a slotten spoon to a plate. Reduce heat to medium; add reserve
  flour mixture and cook, stirring, 3-4 minutes until a dark chocolate brown.
  
  Add sliced onions, remaining 1 tsp salt, 1/4 tsp black pepper and bay
  leaves. Cook, stirring occasionally, 10 minutes or until onions are very
  soft. Stir in water, bring to a boil, add meatballs, reduce heat and
  simmer, uncovered, about 1 hour. Skim fat off surface, remove bay leaves,
  add parsley and serve immediately. \
  
  Rustic Rub: Stir all ingredients in a bowl or an airtight container until
  blended. Store in a kitchen cabinet up to 3 months.
  
  Recipe by: Woman's Day - 2/1/98
  
  Posted to EAT-L Digest  by The Taillons &lt;taillon@EARTHLINK.NET&gt; on Jan 2,
  1998
 
</step></directions></recipe></recipeml>
