<?xml version="1.0" encoding="UTF-8"?>

<recipeml version="0.5">
  <recipe>
    <head>
      <title>Beef Birds in Wine Sauce</title>
      <categories>
        <cat>Meat</cat></categories>
      <yield>4</yield></head>
    <ingredients>
      <ing>
        <amt>
          <qty>1 1/2</qty>
          <unit>pounds</unit></amt>
        <item>Top round or sirloin steak (cut very thin - 1/4 inch slices or pieces)</item></ing>
      <ing>
        <amt>
          <qty>1</qty>
          <unit>large</unit></amt>
        <item>Onion; sliced thin</item></ing>
      <ing>
        <amt>
          <qty>2</qty>
          <unit/></amt>
        <item>Cloves garlic; chopped fine</item></ing>
      <ing>
        <amt>
          <qty>2</qty>
          <unit>teaspoons</unit></amt>
        <item>Chopped parsley</item></ing>
      <ing>
        <amt>
          <qty>3</qty>
          <unit>tablespoons</unit></amt>
        <item>Romano cheese</item></ing>
      <ing>
        <amt>
          <qty>4</qty>
          <unit>ounces</unit></amt>
        <item>Proscuitto ham (up to)</item></ing>
      <ing>
        <amt>
          <qty>1</qty>
          <unit>cup</unit></amt>
        <item>Red wine</item></ing>
      <ing>
        <amt>
          <qty>1</qty>
          <unit>pinch</unit></amt>
        <item>Rosemary</item></ing></ingredients>
    <directions>
      <step>  Cut steak into 3- to 4-inch squares. Mix together garlic, parsley, cheese &amp;
  proscuitto. Place 1 teaspoon of mixture in center of meat, place onion
  slice on top. Roll carefully, tie with string or fasten with toothpicks.
  Brown in oil 8-10 minutes. Make gravy with drippings. Add 1/2 to 1 cup
  burgundy (red) wine &amp; a pinch of rosemary. Simmer 30 minutes.
  
  MRS MICHAEL A (DOTTY) DI GENNARO
  
  From the &lt;The Bliss of Cooking Returns&gt;, Fort Bliss Officers Wives Club,
  Ft. Bliss, TX.  Downloaded from Glen's MM Recipe Archive,
  http://www.erols.com/hosey.
 
</step></directions></recipe></recipeml>
