<?xml version="1.0" encoding="UTF-8"?>

<recipeml version="0.5">
  <recipe>
    <head>
      <title>Beef Bourguignon</title>
      <categories>
        <cat>None</cat></categories>
      <yield>1</yield></head>
    <ingredients>
      <ing>
        <amt>
          <qty>1/4</qty>
          <unit>cups</unit></amt>
        <item>All purpose flour</item></ing>
      <ing>
        <amt>
          <qty>2</qty>
          <unit>pounds</unit></amt>
        <item>Beef stew meat; 1 1/2-inch pieces</item></ing>
      <ing>
        <amt>
          <qty>7</qty>
          <unit>tablespoons</unit></amt>
        <item>Butter</item></ing>
      <ing>
        <amt>
          <qty>1/4</qty>
          <unit>cups</unit></amt>
        <item>Brandy</item></ing>
      <ing>
        <amt>
          <qty>2</qty>
          <unit>cups</unit></amt>
        <item>Burgundy or other dry red wine</item></ing>
      <ing>
        <amt>
          <qty>2</qty>
          <unit>cups</unit></amt>
        <item>Canned beef broth</item></ing>
      <ing>
        <amt>
          <qty>6</qty>
          <unit/></amt>
        <item>Fresh thyme sprigs</item></ing>
      <ing>
        <amt>
          <qty>4</qty>
          <unit>large</unit></amt>
        <item>Garlic cloves; chopped</item></ing>
      <ing>
        <amt>
          <qty>3</qty>
          <unit/></amt>
        <item>Bay leaves</item></ing>
      <ing>
        <amt>
          <qty>1/2</qty>
          <unit>teaspoons</unit></amt>
        <item>Dried oregano</item></ing>
      <ing>
        <amt>
          <qty>1</qty>
          <unit>large</unit></amt>
        <item>Onion; cut into 12 wedges</item></ing>
      <ing>
        <amt>
          <qty>4</qty>
          <unit/></amt>
        <item>Carrots; peeled, cut into 2-inch lengths</item></ing>
      <ing>
        <amt>
          <qty>4</qty>
          <unit/></amt>
        <item>Celery stalks; cut into 2-inch lengths</item></ing>
      <ing>
        <amt>
          <qty>1 1/2</qty>
          <unit>pounds</unit></amt>
        <item>Red-skinned potatoes; peeled, quartered</item></ing>
      <ing>
        <amt>
          <qty>1/2</qty>
          <unit>pounds</unit></amt>
        <item>Mushrooms</item></ing>
      <ing>
        <amt>
          <qty/>
          <unit/></amt>
        <item>Generous pinch of ground nutmeg</item></ing></ingredients>
    <directions>
      <step>  Place flour in large bowl. Season with salt and pepper. Add beef to flour
  and toss to coat. Melt 2 tablespoons butter in heavy Dutch oven over high
  heat. Working in batches, add beef to pot and saute until brown on all
  sides, about 5 minutes per batch. Return all meat to pot. Add brandy; boil
  until almost evaporated, about 2 minutes. Add wine, broth, thyme, garlic,
  bay leaves and oregano. Cover; simmer until beef is almost tender, about 1
  hour.
  
  Meanwhile, melt 1 tablespoon butter in large nonstick skillet over
  medium-high heat. Add onion; saute until brown, about 6 minutes. Using
  slotted spoon, transfer to bowl with onions. Melt 2 tablespoons butter in
  same skillet. Add potatoes; saute until brown on all sides, about 5
  minutes. Using slotted spoon, transfer to bowl with other vegetables. Melt
  1 tablespoon butter in same skillet. Add mushrooms; saute until brown on
  all sides, about 5 minutes. Using slotted spoon, transfer to bowl.
  
  Add vegetables to pot with beef. Add nutmeg. Cover pot; simmer 45 minutes.
  Uncover pot and boil liquid until thickened to sauce consistency, about 7
  minutes. Season with salt and pepper.
  
        6    Servings
  
  Bon Appetit January 1996 Judith Buckner: North Hollywood, California
  
  Posted to EAT-L Digest  by Jennie Craig &lt;jecraig@LAN-INC.COM&gt; on Apr 6,
  1998
 
</step></directions></recipe></recipeml>
