<?xml version="1.0" encoding="UTF-8"?>

<recipeml version="0.5">
  <recipe>
    <head>
      <title>Beef and Macaroni Casserole</title>
      <categories>
        <cat>Crockpot</cat></categories>
      <yield>6</yield></head>
    <ingredients>
      <ing>
        <amt>
          <qty>1</qty>
          <unit>package</unit></amt>
        <item>Package</item></ing>
      <ing>
        <amt>
          <qty/>
          <unit/></amt>
        <item>Macaroni,</item></ing>
      <ing>
        <amt>
          <qty/>
          <unit/></amt>
        <item>Cooked and drained</item></ing>
      <ing>
        <amt>
          <qty>2</qty>
          <unit>tablespoons</unit></amt>
        <item>Oil</item></ing>
      <ing>
        <amt>
          <qty>1 1/2</qty>
          <unit>pounds</unit></amt>
        <item>Ground beef, browned and drained</item></ing>
      <ing>
        <amt>
          <qty/>
          <unit/></amt>
        <item>Salt and pepper</item></ing>
      <ing>
        <amt>
          <qty>1</qty>
          <unit>large</unit></amt>
        <item>Onion, chopped</item></ing>
      <ing>
        <amt>
          <qty>2</qty>
          <unit/></amt>
        <item>Stalks celery, chopped</item></ing>
      <ing>
        <amt>
          <qty>1</qty>
          <unit>can</unit></amt>
        <item>Tomato paste</item></ing>
      <ing>
        <amt>
          <qty>3/4</qty>
          <unit>cups</unit></amt>
        <item>Water</item></ing>
      <ing>
        <amt>
          <qty>2</qty>
          <unit>tablespoons</unit></amt>
        <item>Sherry</item></ing>
      <ing>
        <amt>
          <qty>1</qty>
          <unit>can</unit></amt>
        <item>Tomato soup</item></ing>
      <ing>
        <amt>
          <qty/>
          <unit/></amt>
        <item>Grated Cheddar or</item></ing>
      <ing>
        <amt>
          <qty/>
          <unit/></amt>
        <item>Parmesan cheese</item></ing>
      <ing>
        <amt>
          <qty>1</qty>
          <unit>teaspoon</unit></amt>
        <item>Leaf oregano</item></ing></ingredients>
    <directions>
      <step>  Toss cooked noodles in oil. Place in greased CROCK-POT. Add all remaining
  ingredients,  except grated cheese. Stir thoroughly. Sprinkle cheese over
  top. Cover and cook on Low 4 to 8 hours. (High: 2 to 3 hours). From Rival
  Crock-Pot cookbook, date unknown
  
  From Gemini's MASSIVE MealMaster collection at www.synapse.com/~gemini
 
</step></directions></recipe></recipeml>
