<?xml version="1.0" encoding="UTF-8"?>

<recipeml version="0.5">
  <recipe>
    <head>
      <title>Beef and Vegetable Kabobs</title>
      <categories>
        <cat>Barbecue</cat>
        <cat>Beef</cat>
        <cat>Vegetables</cat></categories>
      <yield>8 -10</yield></head>
    <ingredients>
      <ing>
        <amt>
          <qty>1</qty>
          <unit>pound</unit></amt>
        <item>Top round steak; cut into 1.5 inch chunks</item></ing>
      <ing>
        <amt>
          <qty>1</qty>
          <unit>medium</unit></amt>
        <item>Spanish or vidalia onions; quartered and separated</item></ing>
      <ing>
        <amt>
          <qty>3</qty>
          <unit>tablespoons</unit></amt>
        <item>Soy sauce</item></ing>
      <ing>
        <amt>
          <qty>1</qty>
          <unit>tablespoon</unit></amt>
        <item>Dry sherry</item></ing>
      <ing>
        <amt>
          <qty>1</qty>
          <unit>tablespoon</unit></amt>
        <item>Salad or olive oil</item></ing>
      <ing>
        <amt>
          <qty>1</qty>
          <unit>tablespoon</unit></amt>
        <item>Chili sauce</item></ing>
      <ing>
        <amt>
          <qty>1/4</qty>
          <unit>teaspoons</unit></amt>
        <item>Ground ginger</item></ing>
      <ing>
        <amt>
          <qty>1</qty>
          <unit>medium</unit></amt>
        <item>Zucchini</item></ing>
      <ing>
        <amt>
          <qty>1</qty>
          <unit>medium</unit></amt>
        <item>Straight-neck squash</item></ing>
      <ing>
        <amt>
          <qty>1</qty>
          <unit>medium</unit></amt>
        <item>Red or green pepper</item></ing>
      <ing>
        <amt>
          <qty>1/2</qty>
          <unit>pounds</unit></amt>
        <item>Medium mushrooms</item></ing>
      <ing>
        <amt>
          <qty>1/2</qty>
          <unit>pounds</unit></amt>
        <item>Cherry tomatoes</item></ing>
      <ing>
        <amt>
          <qty>3/4</qty>
          <unit>cups</unit></amt>
        <item>Italian dressing</item></ing></ingredients>
    <directions>
      <step>  1. In a medium sized bowl, mix the first 7 ingredients. Cover mixture and
  refrigerate at least 2 house, stirring occasionally.
  
  2. About 1 hour before serving, prepare the grill for barbecuing.
  
  3. Cut zucchini and yellow squash into 1 inch chunks. Cut pepper into 1
  inch pieces. On long skewers, alternately thread zucchini, yellow squash,
  peppers, tomatoes and mushrooms. (I usually  use only one tomato and 1
  
  mushroom  per skewer to keep the weight down.)
  
  On separate skewers, alternately thread beef and onions. Save the marinade
  for later.
  
  4. Place vegetable and meat skewers on grill over medium heat. If you have
  a 2-level grill, place the meat skewers on the lower level and the
  vegetable skewers on the top level.
  
  Cook about 10 minutes, brushing the meat and onions with the reserved
  marinade and the vegetables with the Italian dressing. Turn skewers several
  times while brushing frequently.( A good way to tell that the vegetables
  are done is when the tomatoes start to split.)
  This is a great meal  served with curried (or regular) rice and a fresh
  fruit salad.
  
  Contributor:  Good Housekeeping Cookbook 1986 (modified) Preparation Time:
        1    hr
  
  Posted to MM-Recipes Digest  by Greg Henderson
  &lt;gregh@postoffice.worldnet.att.net&gt; on Mar 30, 1998
 
</step></directions></recipe></recipeml>
