<?xml version="1.0" encoding="UTF-8"?>

<recipeml version="0.5">
  <recipe>
    <head>
      <title>Beef and Spinach Pita Pockets</title>
      <categories>
        <cat>Beef</cat>
        <cat>Sandwiches</cat>
        <cat>Spinach</cat></categories>
      <yield>4</yield></head>
    <ingredients>
      <ing>
        <amt>
          <qty>1</qty>
          <unit>pound</unit></amt>
        <item>Ground round</item></ing>
      <ing>
        <amt>
          <qty>3</qty>
          <unit/></amt>
        <item>Garlic clove; minced</item></ing>
      <ing>
        <amt>
          <qty>1/2</qty>
          <unit>teaspoons</unit></amt>
        <item>Crushed red pepper</item></ing>
      <ing>
        <amt>
          <qty>3</qty>
          <unit>cups</unit></amt>
        <item>Spinach leaves; chopped</item></ing>
      <ing>
        <amt>
          <qty>1/2</qty>
          <unit>teaspoons</unit></amt>
        <item>Ground cumin</item></ing>
      <ing>
        <amt>
          <qty>1/2</qty>
          <unit>teaspoons</unit></amt>
        <item>Ground coriander</item></ing>
      <ing>
        <amt>
          <qty>1/4</qty>
          <unit>teaspoons</unit></amt>
        <item>Ground ginger</item></ing>
      <ing>
        <amt>
          <qty>1/4</qty>
          <unit>teaspoons</unit></amt>
        <item>Salt</item></ing>
      <ing>
        <amt>
          <qty>12</qty>
          <unit/></amt>
        <item>Spinach leaves</item></ing>
      <ing>
        <amt>
          <qty>2</qty>
          <unit/></amt>
        <item>Whole pita bread; whole-wheat, halved</item></ing>
      <ing>
        <amt>
          <qty>1/4</qty>
          <unit>cups</unit></amt>
        <item>Sour cream; or plain yogurt</item></ing>
      <ing>
        <amt>
          <qty>1/4</qty>
          <unit>teaspoons</unit></amt>
        <item>Curry powder</item></ing></ingredients>
    <directions>
      <step>  In large skillet, combine first 3 ingredients. Cook over medium heat until
  browned, stirring to crumble beef. In a saucepan, slowly heat spices in
  butter. Drain beef. Wipe skillet dry with a paper towel. Return beef
  mixture to skillet; add chopped spinach, spices and salt; stir well. Cover
  and cook over medium heat 5 minutes or just until spinach is wilted; remove
  from heat. Line each pita half with whole spinach leaves. Spoon 1/2 cup
  beef mixture into each pita half. Mix sour cream or yogurt with curry
  powder. Top each pita half with 1 tablespoon sour cream or yogurt.
  
  Serving Ideas : Serve with French Onion Soup
  
  NOTES : I served this at a Sunday brunch in 1987.  They're low in fat (if
  you use yogurt) and are a nice change of pace.
  Recipe by: California Beef Council
  
  Posted to TNT Recipes Digest by "Barbara Zack" &lt;bzack@leading.net&gt; on May
  8, 1998
 
</step></directions></recipe></recipeml>
