<?xml version="1.0" encoding="UTF-8"?>

<recipeml version="0.5">
  <recipe>
    <head>
      <title>Beef and Mustard Casserole</title>
      <categories>
        <cat>Meat</cat></categories>
      <yield>4</yield></head>
    <ingredients>
      <ing>
        <amt>
          <qty>2</qty>
          <unit>pounds</unit></amt>
        <item>Tenderest stewing beef; cubed</item></ing>
      <ing>
        <amt>
          <qty>2</qty>
          <unit>tablespoons</unit></amt>
        <item>Flour</item></ing>
      <ing>
        <amt>
          <qty>1</qty>
          <unit>ounce</unit></amt>
        <item>Clarified butter (i use olive oil)</item></ing>
      <ing>
        <amt>
          <qty>8</qty>
          <unit>ounces</unit></amt>
        <item>Mushrooms sliced</item></ing>
      <ing>
        <amt>
          <qty>1</qty>
          <unit>cup</unit></amt>
        <item>Meat stock</item></ing>
      <ing>
        <amt>
          <qty>2</qty>
          <unit>tablespoons</unit></amt>
        <item>Dijon mustard</item></ing>
      <ing>
        <amt>
          <qty>1</qty>
          <unit>bunch</unit></amt>
        <item>Fresh herbs tied in a bundle</item></ing>
      <ing>
        <amt>
          <qty/>
          <unit/></amt>
        <item>Salt and pepper to taste</item></ing></ingredients>
    <directions>
      <step>  submitted by: tpogue@ids2.idsonline.com
  A yummy stew - falls apart on the fork, easy to make and tender as they
  come - also better the next day. We had it two nights ago. We love it!
  Original main ingredient was veal, but I found veal dried out too fast so
  substituted the stewing meat. We have something called cross-cut blade
  steak here, which I use and it's perfect! - Use your equiivalent tender
  beef.
  
  Preheat oven to 325. Tossed cubed beef in flour. (I put the whole mess into
  a plastic bag) Brown in olive oil/butter. Place in a casserole dish. Toss
  mushrooms in pan until lightly cooked and add to casserole with combined
  meat stock and mustard. Stir. Scrape pan and add to casserole. Add salt and
  pepper. Place tied herbs on top of meat
  
  Cover and cook for two hours, stirring once during cooking. Remove herbs
  before serving.
  
  DAVE &lt;DAVIDG@CLAM.RUTGERS.EDU&gt;
  
  RECIPEINTERNET LIST SERVER
  
  RECIPE ARCHIVE - 8 APRIL 1996
  
  From the 'RECIPEinternet: Recipes from Around the World' recipe list.
  Downloaded from Glen's MM Recipe Archive, http://www.erols.com/hosey.
 
</step></directions></recipe></recipeml>
