<?xml version="1.0" encoding="UTF-8"?>

<recipeml version="0.5">
  <recipe>
    <head>
      <title>Beef and Vegetables in Red Wine Sauce</title>
      <categories>
        <cat>Meats</cat></categories>
      <yield>4</yield></head>
    <ingredients>
      <ing>
        <amt>
          <qty>1</qty>
          <unit>pound</unit></amt>
        <item>Lean beef</item></ing>
      <ing>
        <amt>
          <qty>1</qty>
          <unit>cup</unit></amt>
        <item>Dry red wine</item></ing>
      <ing>
        <amt>
          <qty>1/4</qty>
          <unit>cups</unit></amt>
        <item>Balsamic vinegar</item></ing>
      <ing>
        <amt>
          <qty>1</qty>
          <unit>tablespoon</unit></amt>
        <item>Minced garlic</item></ing>
      <ing>
        <amt>
          <qty>1/4</qty>
          <unit>cups</unit></amt>
        <item>Chopped onion</item></ing>
      <ing>
        <amt>
          <qty>1</qty>
          <unit>teaspoon</unit></amt>
        <item>Dried marjoram</item></ing>
      <ing>
        <amt>
          <qty>1/4</qty>
          <unit>cups</unit></amt>
        <item>Chopped parsley</item></ing>
      <ing>
        <amt>
          <qty>1</qty>
          <unit/></amt>
        <item>Bay leaf</item></ing>
      <ing>
        <amt>
          <qty>1/2</qty>
          <unit>teaspoons</unit></amt>
        <item>Salt</item></ing>
      <ing>
        <amt>
          <qty>1/4</qty>
          <unit>teaspoons</unit></amt>
        <item>Black pepper</item></ing>
      <ing>
        <amt>
          <qty>1</qty>
          <unit/></amt>
        <item>Green, red and yellow bell p</item></ing>
      <ing>
        <amt>
          <qty>1</qty>
          <unit/></amt>
        <item>Small red onion, peeled and</item></ing>
      <ing>
        <amt>
          <qty>2</qty>
          <unit/></amt>
        <item>Stalks celery, trimmed and t</item></ing></ingredients>
    <directions>
      <step>  ~--------------For the beef:---------------------------------------
  ~--------------FOR THE DISH:---------------------------------------- PLACE
  THE MEAT in the freezer for 30 minutes to facilitate slicing. Slice it
  against the grain into very thin slices, less than 1/4-inch. Combine the
  beef with the wine, vinegar, garlic, onion, thyme, marjoram, parsley, bay
  leaf, salt and pepper in a glass or stainless steel bowl. Marinate at room
  temperature for 20 minutes, or up to 4 hours refrigerated, tightly covered
  with plastic wrap. Drain the beef. Reserve the marinade, and pat beef dry
  on paper towels. Heat the oil in a wok or large skillet over high heat. Add
  the beef and stir-fry for 1 minute. Remove the beef with a slotted spoon,
  and reserve. Add the pepper, onion and celery to the wok, and stir-fry for
  2 minutes. Add the reserved marinade, and cook over high heat until the
  liquid is reduced by 2/3 and the vegetables are cooked but still crisp,
  about 5 minutes. Return the beef to the pan, and heat for 1 minute. Serve
  immediately. Serves 4.
  
  From Gemini's MASSIVE MealMaster collection at www.synapse.com/~gemini
 
</step></directions></recipe></recipeml>
