<?xml version="1.0" encoding="UTF-8"?>

<recipeml version="0.5">
  <recipe>
    <head>
      <title>Beef and Pineapple Kabobs</title>
      <categories>
        <cat>Meats</cat>
        <cat>Beef</cat></categories>
      <yield>4</yield></head>
    <ingredients>
      <ing>
        <amt>
          <qty/>
          <unit/></amt>
        <item>BARB DAY - GWHP32A-----</item></ing>
      <ing>
        <amt>
          <qty>1</qty>
          <unit>pound</unit></amt>
        <item>Top sirloin steak -- cut</item></ing>
      <ing>
        <amt>
          <qty/>
          <unit/></amt>
        <item>Pineapple -- 16- 1" X 1"</item></ing>
      <ing>
        <amt>
          <qty>1</qty>
          <unit/></amt>
        <item>"</item></ing>
      <ing>
        <amt>
          <qty/>
          <unit/></amt>
        <item>Pieces</item></ing>
      <ing>
        <amt>
          <qty>1</qty>
          <unit>small</unit></amt>
        <item>Onion -- finely chopped</item></ing>
      <ing>
        <amt>
          <qty>8</qty>
          <unit>ounces</unit></amt>
        <item>Water chestnuts; canned</item></ing>
      <ing>
        <amt>
          <qty>1/2</qty>
          <unit>cups</unit></amt>
        <item>Teriyaki sauce -- bottled</item></ing>
      <ing>
        <amt>
          <qty/>
          <unit/></amt>
        <item>Drained</item></ing>
      <ing>
        <amt>
          <qty/>
          <unit/></amt>
        <item>Thick</item></ing></ingredients>
    <directions>
      <step>  Preparation time:  27 minutes Cut steak into 1/4" thick strips.  Combine
  onion and teriyaki sauce. Place beef strips in small bowl and add the
  marinade, stirring to coat. Alternately thread beef strips (weaving back
  and forth), pineapple cubes and water chestnuts on bamboo or thin metal
  skewers. Place kabobs on grid over medium coals. Grill 4 minutes, turning
  once. Note: Recipe may also be prepared using top round steak, cut 1" thick
  or flank steak. Serving suggestions: Hot cooked rice and stir-fried
  broccoli, mushrooms and red bell peppers. Source: Beef Industry Council
  
  Recipe By     :
  
  File ftp://ftp.idiscover.co.uk/pub/food/mealmaster/recipes/mmdja006.zip
 
</step></directions></recipe></recipeml>
