<?xml version="1.0" encoding="UTF-8"?>

<recipeml version="0.5">
  <recipe>
    <head>
      <title>Beef and Pea Pod Stir-Fry</title>
      <categories>
        <cat>Chinese</cat>
        <cat>Beef</cat></categories>
      <yield>4</yield></head>
    <ingredients>
      <ing>
        <amt>
          <qty>3/4</qty>
          <unit>pounds</unit></amt>
        <item>Beef top round steak</item></ing>
      <ing>
        <amt>
          <qty>3</qty>
          <unit>tablespoons</unit></amt>
        <item>Soy sauce</item></ing>
      <ing>
        <amt>
          <qty>2</qty>
          <unit>tablespoons</unit></amt>
        <item>Red wine vinegar</item></ing>
      <ing>
        <amt>
          <qty>1</qty>
          <unit>tablespoon</unit></amt>
        <item>Fresh ginger, grated</item></ing>
      <ing>
        <amt>
          <qty>1</qty>
          <unit/></amt>
        <item>Clove garlic, minced</item></ing>
      <ing>
        <amt>
          <qty>3</qty>
          <unit/></amt>
        <item>Green onions, bias cut into 1/2-inch lengths</item></ing>
      <ing>
        <amt>
          <qty>2</qty>
          <unit>tablespoons</unit></amt>
        <item>Cold water</item></ing>
      <ing>
        <amt>
          <qty>4</qty>
          <unit>teaspoons</unit></amt>
        <item>Cornstarch</item></ing>
      <ing>
        <amt>
          <qty>1</qty>
          <unit>package</unit></amt>
        <item>Frozen pea pods (8 oz)</item></ing>
      <ing>
        <amt>
          <qty>1/2</qty>
          <unit>cups</unit></amt>
        <item>Cherry tomatoes, quartered</item></ing>
      <ing>
        <amt>
          <qty>1/3</qty>
          <unit>cups</unit></amt>
        <item>Sliced water chestnuts, drained (1/2 can)</item></ing>
      <ing>
        <amt>
          <qty/>
          <unit/></amt>
        <item>Hot cooked rice (Optional)</item></ing></ingredients>
    <directions>
      <step>  Partially freeze beef and thinly slice across the grain into bite-size
  strips.
  
  For marinade, in a medium mixing bowl combine soy sauce, vinegar, ginger,
  and garlic.  Stir in the strips of beef. Cover and let stand at room
  temperature for 30 minutes.  Drain meat and reserve marinade.
  
  Preheat a 10-inch microwave browning dish on High for 5 minutes. Add
  cooking oil and swirl to coat the dish. Add the strips of beef. Micro-cook,
  uncovered, on High 2 for to 3 minutes until the meat is tender, stirring
  every minute.  Remove meat with a slotted spoon, reserving juices. Set meat
  aside.
  
  Combine reserved juices and reserved marinade in a measuring cup. Add
  water, if necessary, to equal 3/4 cup total. Stir in green onions. Return
  mixture to the browning dish and cook, covered, on High until onions are
  crisp-tender, 1 to 2 minutes.  Stir together water and cornstarch and add
  to the green onion mixture. Cook, uncovered, on High for 2 to 4 minutes or
  until thickened and bubbly, stirring every minute until slightly thickened,
  then every 30 seconds.
  
  Stir in the cooked meat, peapods, tomatoes, and water chestnuts. Cook,
  uncovered, on High for 2 to 4 minutes until heated through. Serve over hot
  cooked rice, if desired.
  
  LOW CALORIE RECIPES; Summer 1988
  
  Posted by Fred Peters.
  
  From Gemini's MASSIVE MealMaster collection at www.synapse.com/~gemini
 
</step></directions></recipe></recipeml>
