<?xml version="1.0" encoding="UTF-8"?>

<recipeml version="0.5">
  <recipe>
    <head>
      <title>Beef and Vegetable Soup #1</title>
      <categories>
        <cat>Soup</cat></categories>
      <yield>4</yield></head>
    <ingredients>
      <ing>
        <amt>
          <qty>1</qty>
          <unit>teaspoon</unit></amt>
        <item>Oil</item></ing>
      <ing>
        <amt>
          <qty>1/2</qty>
          <unit>pounds</unit></amt>
        <item>Boneless beef sirloin; cut in 1/2" cubes</item></ing>
      <ing>
        <amt>
          <qty>1</qty>
          <unit/></amt>
        <item>Clove garlic; minced</item></ing>
      <ing>
        <amt>
          <qty>3</qty>
          <unit>cups</unit></amt>
        <item>Water</item></ing>
      <ing>
        <amt>
          <qty>2</qty>
          <unit>cans</unit></amt>
        <item>(10.5-oz) condensed vegetarian vegetable soup</item></ing>
      <ing>
        <amt>
          <qty>1/4</qty>
          <unit>cups</unit></amt>
        <item>Uncooked elbow macaroni (1 oz)</item></ing>
      <ing>
        <amt>
          <qty>2</qty>
          <unit>tablespoons</unit></amt>
        <item>Chopped fresh parsley; if desired</item></ing></ingredients>
    <directions>
      <step>   Heat oil in large saucepan over medium-high heat until hot. Add beef and
  garlic; cook and stir 2-3 minutes or until browned.
  
   Add remaining ingredients; bring to a boil. Reduce heat to medium; simmer
  15 minutes. If desired, sprinkle with grated Parmesan cheese.
  
  CALORIES: 210     SODIUM: 1030MG
  
  CHOLESTEROL: 40MG    FAT: 7G
  
  CARBOHYDRATE: 20G    SAT: 2G
  
  From &lt;Meals In Minutes&gt;, a Pillsbury Classic Cookbook.  Downloaded from
  Glen's MM Recipe Archive, http://www.erols.com/hosey.
 
</step></directions></recipe></recipeml>
