<?xml version="1.0" encoding="UTF-8"?>

<recipeml version="0.5">
  <recipe>
    <head>
      <title>Beef and Noddles</title>
      <categories>
        <cat>Main dish</cat>
        <cat>Meats</cat></categories>
      <yield>1</yield></head>
    <ingredients>
      <ing>
        <amt>
          <qty>1 1/2</qty>
          <unit>pounds</unit></amt>
        <item>Boneless stew meat</item></ing>
      <ing>
        <amt>
          <qty>1</qty>
          <unit/></amt>
        <item>Large onion, chopped</item></ing>
      <ing>
        <amt>
          <qty/>
          <unit/></amt>
        <item>Garlic to taste, minced</item></ing>
      <ing>
        <amt>
          <qty>1/2</qty>
          <unit>cups</unit></amt>
        <item>Worcestershire sauce</item></ing>
      <ing>
        <amt>
          <qty/>
          <unit/></amt>
        <item>Salt to taste</item></ing>
      <ing>
        <amt>
          <qty/>
          <unit/></amt>
        <item>Pepper to taste</item></ing>
      <ing>
        <amt>
          <qty>1</qty>
          <unit>tablespoon</unit></amt>
        <item>Butter</item></ing>
      <ing>
        <amt>
          <qty>1</qty>
          <unit/></amt>
        <item>8 oz pk egg noddles</item></ing></ingredients>
    <directions>
      <step>  Chop stew meat into small pieces.  Saute in hot oil until meat changes
  color.  Add onion &amp; garlic, saute with meat. Add worcestershire sauce &amp;
  salt &amp; pepper to taste. Cover with water &amp; cook until meat is tender, about
  one hr.  Add more water, butter, &amp; uncooked noodles. Cover &amp; simmer until
  noodles are done. Add more water as needed.
  
  ~-
 
</step></directions></recipe></recipeml>
