<?xml version="1.0" encoding="UTF-8"?>

<recipeml version="0.5">
  <recipe>
    <head>
      <title>Beef and Potato Empanadas</title>
      <categories>
        <cat>Appetizers</cat>
        <cat>Pies &amp; past</cat></categories>
      <yield>18</yield></head>
    <ingredients>
      <ing>
        <amt>
          <qty>6</qty>
          <unit>ounces</unit></amt>
        <item>Cooked roast beef; shredded</item></ing>
      <ing>
        <amt>
          <qty>1/2</qty>
          <unit>cups</unit></amt>
        <item>Green onion; chopped</item></ing>
      <ing>
        <amt>
          <qty>1/4</qty>
          <unit>cups</unit></amt>
        <item>Onion; finely chopped</item></ing>
      <ing>
        <amt>
          <qty>1</qty>
          <unit>tablespoon</unit></amt>
        <item>Jalapeno; canned, chopped</item></ing>
      <ing>
        <amt>
          <qty>1/2</qty>
          <unit>teaspoons</unit></amt>
        <item>Garlic; minced</item></ing>
      <ing>
        <amt>
          <qty>1/2</qty>
          <unit>teaspoons</unit></amt>
        <item>Salt</item></ing>
      <ing>
        <amt>
          <qty>1/2</qty>
          <unit>teaspoons</unit></amt>
        <item>Pepper</item></ing>
      <ing>
        <amt>
          <qty>2</qty>
          <unit>medium</unit></amt>
        <item>Potato; peel, cook, and chop</item></ing>
      <ing>
        <amt>
          <qty>1/4</qty>
          <unit>cups</unit></amt>
        <item>Beef broth</item></ing>
      <ing>
        <amt>
          <qty>2</qty>
          <unit/></amt>
        <item>Sheets frozen puff pastry; thawed</item></ing></ingredients>
    <directions>
      <step>  To make filling: Combine beef, green onion, onion, jalapeno pepper, garlic,
  salt and pepper in medium bowl; mix well. Stir in potatoes and enough of
  the beef broth to moisten and hold mixture together.
  
  Preheat oven to 400 degrees. Roll out each pastry sheet to 12X12-inch
  square on lightly floured surface. Cut each square into nine 4-inch
  squares. Place rounded tablespoonful of filling on each square. Fold over
  to form triangle; seal edges with fork. Place on baking sheet. Bake about
  20 minutes or until golden brown.
  
  Makes 18
  
  Recipe by: Colorado Potato Administrative Committee
  
  Posted to MC-Recipe Digest by Sas &lt;sas@sassybeth.com&gt; on Mar 18, 1998
 
</step></directions></recipe></recipeml>
