<?xml version="1.0" encoding="UTF-8"?>

<recipeml version="0.5">
  <recipe>
    <head>
      <title>Beef Balls Stroganoff</title>
      <categories>
        <cat/></categories>
      <yield>100</yield></head>
    <ingredients>
      <ing>
        <amt>
          <qty>5 1/2</qty>
          <unit>cups</unit></amt>
        <item>WATER; WARM</item></ing>
      <ing>
        <amt>
          <qty>2</qty>
          <unit>gallons</unit></amt>
        <item>WATER; BOILING</item></ing>
      <ing>
        <amt>
          <qty>4</qty>
          <unit>pounds</unit></amt>
        <item>BREAD CUBES</item></ing>
      <ing>
        <amt>
          <qty>1 1/2</qty>
          <unit>pounds</unit></amt>
        <item>DRIPPINGS &amp; FAT</item></ing>
      <ing>
        <amt>
          <qty>30</qty>
          <unit>pounds</unit></amt>
        <item>BEEF GROUND FZ</item></ing>
      <ing>
        <amt>
          <qty>10</qty>
          <unit/></amt>
        <item>EGGS SHELL</item></ing>
      <ing>
        <amt>
          <qty>3</qty>
          <unit>pounds</unit></amt>
        <item>SOUR CREAM 12 OZ</item></ing>
      <ing>
        <amt>
          <qty>5</qty>
          <unit>ounces</unit></amt>
        <item>MILK; DRY NON-FAT L HEAT</item></ing>
      <ing>
        <amt>
          <qty>3/4</qty>
          <unit>teaspoons</unit></amt>
        <item>GARLIC DEHY GRA</item></ing>
      <ing>
        <amt>
          <qty>5 1/4</qty>
          <unit>pounds</unit></amt>
        <item>MUSHROOMS 16 OZ</item></ing>
      <ing>
        <amt>
          <qty>1</qty>
          <unit>pound</unit></amt>
        <item>ONIONS DRY</item></ing>
      <ing>
        <amt>
          <qty>1 1/8</qty>
          <unit>pounds</unit></amt>
        <item>FLOUR GEN PURPOSE 10LB</item></ing>
      <ing>
        <amt>
          <qty>8</qty>
          <unit>ounces</unit></amt>
        <item>SOUP GRAVY BASE BEEF</item></ing>
      <ing>
        <amt>
          <qty>4</qty>
          <unit>ounces</unit></amt>
        <item>SHORTENING; 3LB</item></ing>
      <ing>
        <amt>
          <qty>3</qty>
          <unit>tablespoons</unit></amt>
        <item>PEPPER BLACK 1 LB CN</item></ing>
      <ing>
        <amt>
          <qty>1</qty>
          <unit>tablespoon</unit></amt>
        <item>PEPPER RED GROUND</item></ing>
      <ing>
        <amt>
          <qty>1 1/3</qty>
          <unit>tablespoons</unit></amt>
        <item>THYME GROUND</item></ing>
      <ing>
        <amt>
          <qty>4</qty>
          <unit>ounces</unit></amt>
        <item>SALT TABLE 5LB</item></ing>
      <ing>
        <amt>
          <qty>PAN:</qty>
          <unit>18</unit></amt>
        <item>BY 24-INCH ROASTING PAN                    TEMPERATURE:  400 F.</item></ing></ingredients>
    <directions>
      <step>  OVEN
  300 F. OVEN
  :
  
  1.  RECONSTITUTE MILK.
  
  2.  POUR MILK OVER BREAD; LET STAND 5 MINUTES.  SET ASIDE FOR USE IN STEP
  4.
  
  3.  SAUTE GARLIC AND ONIONS IN SHORTENING OR SALAD OIL UNTIL TENDER.
  
  4.  COMBINE BREAD MIXTURE, SAUTEED ONIONS AND GARLIC WITH BEEF, EGGS, BLACK
  AND RED PEPPER, SALT, PARSLEY AND THYME.
  
  5.  SHAPE INTO BEFF BALLS WEIGHING ABOUT 2 OZ EACH (1-NO. 16 SCOOP);
  PLACE AN EQUAL NUMBER IN  EACH PAN.
  
  6.  BAKE IN 400 F. OVEN 30 MINUTES OR UNTIL BROWNED ON ALL SIDES; DRAIN OR
  SKIM OFF EXCESS FAT FROM DRIPPINGS; USE IN STEP 7.
  
  7.  ADD FAT TO FLOUR, BROWN LIGHTLY AT LOW HEAT.
  
  8.  RECONSTITUTE SOUP AND GRAVY BASE WITH WATER; ADD GRADUALLY TO BROWNED
  FLOUR MIXTURE STIRRING CONSTANTLY.  SIMMER TO 10 TO 15 MINUTES OR UNTIL
  THICKENED.
  
  9.  ADD MUSHROOMS AND SOUR CREAM TO GRAVY; MIX WELL.
  
  10. POUR 1/2 GAL GRAVY OVER BEEF BALLS IN EACH PAN.
  
  11. HEAT IN 300 F. OVEN FOR 30 MINUTES. DO NOT BOIL.
  :
  
  NOTE:  1.  IN STEP 3, 1 LB 2 OZ DRY ONIONS A.P. WILL YIELD 1 LB DRY CHOPPED
  ONIONS.
  
  NOTE:  2.  IN STEP 3, 2 OZ (2/3 CUP) DEHYDRATED ONIONS MAY BE USED. SEE
  RECIPE NO. A01100.
  
  NOTE:  3.  IN STEP 3, 1 TBSP (3 CLOVES) DRY GARLIC MAY BE USED.  MINCE;
  FRY WITH ONIONS.
  
  NOTE:  4.  IN STEP 9, 6-8 Z CN CANNED MUSHROOMS MAY BE USED.
  
  NOTE:  5.  IN STEP 9, SOUR CREAM SAUCE MIX MAY BE USED.  MIX ACCORDING TO
  DIRECTIONS ON CONTAINER.
  
  NOTE:  6.  OTHER SIZES AND TYPES OF PANS MAY BE USED.  SEE RECIPE NO. A-25.
  
  Recipe Number: L02700
  
  SERVING SIZE: 3 MEATBALL
  
  From the &lt;Army Master Recipe Index File&gt; (actually used today!).
  Downloaded from Glen's MM Recipe Archive, http://www.erols.com/hosey.
 
</step></directions></recipe></recipeml>
