<?xml version="1.0" encoding="UTF-8"?>

<recipeml version="0.5">
  <recipe>
    <head>
      <title>Beef and Vegetable Stir-Fry</title>
      <categories>
        <cat>None</cat></categories>
      <yield>4</yield></head>
    <ingredients>
      <ing>
        <amt>
          <qty>1</qty>
          <unit>pound</unit></amt>
        <item>Beef Top Round Steak</item></ing>
      <ing>
        <amt>
          <qty>1 1/2</qty>
          <unit>cups</unit></amt>
        <item>Broccoli Cut Into 1" Pieces</item></ing>
      <ing>
        <amt>
          <qty>3</qty>
          <unit>medium</unit></amt>
        <item>Carrots, Bias Sliced</item></ing>
      <ing>
        <amt>
          <qty>1</qty>
          <unit>teaspoon</unit></amt>
        <item>Cornstarch</item></ing>
      <ing>
        <amt>
          <qty>1/2</qty>
          <unit>teaspoons</unit></amt>
        <item>Sugar</item></ing>
      <ing>
        <amt>
          <qty>1</qty>
          <unit>teaspoon</unit></amt>
        <item>Salt</item></ing>
      <ing>
        <amt>
          <qty>2</qty>
          <unit>tablespoons</unit></amt>
        <item>Soy Sauce</item></ing>
      <ing>
        <amt>
          <qty>2</qty>
          <unit>tablespoons</unit></amt>
        <item>Dry Sherry</item></ing>
      <ing>
        <amt>
          <qty>2</qty>
          <unit>tablespoons</unit></amt>
        <item>Peanut Oil</item></ing>
      <ing>
        <amt>
          <qty>1</qty>
          <unit>medium</unit></amt>
        <item>Onion, Cut Into Thin Wedges</item></ing>
      <ing>
        <amt>
          <qty>5</qty>
          <unit>ounces</unit></amt>
        <item>Green Peas, Hulled</item></ing>
      <ing>
        <amt>
          <qty>1/2</qty>
          <unit>cups</unit></amt>
        <item>Water Chestnuts, Drained &amp; Sliced Thin</item></ing>
      <ing>
        <amt>
          <qty>1/2</qty>
          <unit>cups</unit></amt>
        <item>Bamboo Shoots, Halved Lengthwise</item></ing>
      <ing>
        <amt>
          <qty/>
          <unit/></amt>
        <item>Rice, Cooked, Hot</item></ing></ingredients>
    <directions>
      <step>  Partially freeze the beef to make it easier to handle and cut. Slice very
  thinly across the grain into bite size strips. Cook the broccoli and
  carrots, covered, in boiling salted water for 2 minutes. Drain. Set aside.
  Mix the cornstarch, sugar and salt. Stir in the soy sauce and the sherry.
  Set aside. Preheat a wok or large skillet over high heat. Add oil. Stir fry
  the broccoli, carrots and onion until tender crisp (about 2 minutes).
  Remove from the wok. Replenish the oil as necessary. Add half the beef to
  the HOT(!) oil. Stir fry until browned (2-3 minutes). Remove. Repeat with
  the remaining beef. Return all the meat to the wok. Add the peas, water
  chestnuts and bamboo shoots. Stir the soy mixture into the wok. Cook,
  stirring steadily, until thickened and bubbly. Cook, stirring steadily,
  another minute or two. Return the broccoli, carrots and onion to the wok.
  Cover. Cook for 1 minute. Serve over rice.
  
  From Gemini's MASSIVE MealMaster collection at www.synapse.com/~gemini
 
</step></directions></recipe></recipeml>
