<?xml version="1.0" encoding="UTF-8"?>

<recipeml version="0.5">
  <recipe>
    <head>
      <title>Beef a la Will Moreland</title>
      <categories>
        <cat>Uncatagoriz</cat>
        <cat>Two fat lad</cat></categories>
      <yield>6</yield></head>
    <ingredients>
      <ing>
        <amt>
          <qty>2</qty>
          <unit>pounds</unit></amt>
        <item>Filet or sirloin of beef</item></ing>
      <ing>
        <amt>
          <qty>2</qty>
          <unit>tablespoons</unit></amt>
        <item>Oil</item></ing>
      <ing>
        <amt>
          <qty>1</qty>
          <unit>bunch</unit></amt>
        <item>Spring onions; chopped</item></ing>
      <ing>
        <amt>
          <qty>2</qty>
          <unit/></amt>
        <item>Cloves garlic; chopped</item></ing>
      <ing>
        <amt>
          <qty>1</qty>
          <unit/></amt>
        <item>Piece ginger root the size of your thumb, chopped</item></ing>
      <ing>
        <amt>
          <qty>1</qty>
          <unit>tablespoon</unit></amt>
        <item>Soy sauce</item></ing>
      <ing>
        <amt>
          <qty>1</qty>
          <unit>bunch</unit></amt>
        <item>Fresh coriander; chopped</item></ing>
      <ing>
        <amt>
          <qty>2</qty>
          <unit/></amt>
        <item>Fresh chilies; chopped</item></ing>
      <ing>
        <amt>
          <qty>1</qty>
          <unit/></amt>
        <item>Piece lemon grass; roughly chopped</item></ing>
      <ing>
        <amt>
          <qty>2</qty>
          <unit>cans</unit></amt>
        <item>Coconut milk</item></ing>
      <ing>
        <amt>
          <qty>1</qty>
          <unit/></amt>
        <item>Lime; juice of</item></ing></ingredients>
    <directions>
      <step>  Heat a heavy frying pan and sear your piece of meat, remove. Heat the oil
  in the same pan and saute the spring onions, garlic and ginger until
  softened. Add the soy sauce, half of the coriander, and the chilies.
  
  Place the sealed meat in a roasting tin. Pour over the fried vegetable
  mixture. Add the lemongrass and pour the coconut milk and lime juice over
  the meat. Cook in a preheated oven at 350 degrees for 40 minutes.
  
  Place beef on a serving dish. Strain the sauce, add the rest of the chopped
  coriander and pour over the meat. Serve immediately.
  
  Formatted by suechef@sover.net
  
  Recipe by: TWO FAT LADIES #FL1A02
  
  Posted to MC-Recipe Digest V1 #789 by Sue &lt;suechef@sover.net&gt; on Sep 18,
  1997
 
</step></directions></recipe></recipeml>
