<?xml version="1.0" encoding="UTF-8"?>

<recipeml version="0.5">
  <recipe>
    <head>
      <title>Beef and Orzo Stuffed Peppers</title>
      <categories>
        <cat>Meat</cat></categories>
      <yield>4</yield></head>
    <ingredients>
      <ing>
        <amt>
          <qty>4</qty>
          <unit>large</unit></amt>
        <item>Green peppers</item></ing>
      <ing>
        <amt>
          <qty>2/3</qty>
          <unit>cups</unit></amt>
        <item>Italian parsley; tightly packed</item></ing>
      <ing>
        <amt>
          <qty>1/4</qty>
          <unit>cups</unit></amt>
        <item>Pamesan cheese; grated</item></ing>
      <ing>
        <amt>
          <qty>2</qty>
          <unit>tablespoons</unit></amt>
        <item>Chopped walnuts</item></ing>
      <ing>
        <amt>
          <qty>5 1/2</qty>
          <unit>teaspoons</unit></amt>
        <item>Dried basil</item></ing>
      <ing>
        <amt>
          <qty>1/2</qty>
          <unit>teaspoons</unit></amt>
        <item>Salt</item></ing>
      <ing>
        <amt>
          <qty>1</qty>
          <unit/></amt>
        <item>Clove garlic; minced</item></ing>
      <ing>
        <amt>
          <qty>1/4</qty>
          <unit>cups</unit></amt>
        <item>Olive oil</item></ing>
      <ing>
        <amt>
          <qty>1</qty>
          <unit>pound</unit></amt>
        <item>Ground beef</item></ing>
      <ing>
        <amt>
          <qty>1 1/2</qty>
          <unit>cups</unit></amt>
        <item>Orzo; cooked in</item></ing>
      <ing>
        <amt>
          <qty>3</qty>
          <unit>cups</unit></amt>
        <item>Water</item></ing>
      <ing>
        <amt>
          <qty>1</qty>
          <unit>medium</unit></amt>
        <item>Tomato; seeded and chopped</item></ing>
      <ing>
        <amt>
          <qty>2</qty>
          <unit>tablespoons</unit></amt>
        <item>Parmesan cheese</item></ing></ingredients>
    <directions>
      <step>  From: Bobb1744@aol.com
  
  Date: Sat, 6 Apr 1996 15:48:46 -0500
  Cut top off green peppers. Remove seeds and membranes. Blanch for 3 minutes
  in boiling salted water. Drain, inverted on paper towels.  Pesto: Combine
  parsley, 1/4 cup Parmesan cheese, walnuts, basil, salt and garlic in food
  processor or blender until blended. With motor running, slowly pour in
  olive oil. Process until blended. Reserve. Cook ground beef in large frypan
  unitl not pink. Pour off fat. Stir in pesto, orzo and tomato. Spoon equally
  into pepper shells. Bake at 350 F. for 20 minutes. Sprinkle with 2 Tbsps.
  more grated Parmesan cheese.
  
  NOTES : In place of all Pesto ingredients, you can use prepared pesto.
  
  MC-RECIPE@MASTERCOOK.COM
  
  MASTERCOOK RECIPES LIST SERVER
  
  From the MasterCook recipe list.  Downloaded from Glen's MM Recipe Archive,
  http://www.erols.com/hosey.
 
</step></directions></recipe></recipeml>
