<?xml version="1.0" encoding="UTF-8"?>

<recipeml version="0.5">
  <recipe>
    <head>
      <title>Beef Barley Stew</title>
      <categories>
        <cat>Beef</cat>
        <cat>Soups &amp; ste</cat>
        <cat>Cooper</cat></categories>
      <yield>8</yield></head>
    <ingredients>
      <ing>
        <amt>
          <qty>1 1/2</qty>
          <unit>pounds</unit></amt>
        <item>Lean beef stew meat; cut into 2 inch cubes</item></ing>
      <ing>
        <amt>
          <qty>1</qty>
          <unit>medium</unit></amt>
        <item>Onion; chopped</item></ing>
      <ing>
        <amt>
          <qty>1</qty>
          <unit>tablespoon</unit></amt>
        <item>Cooking oil</item></ing>
      <ing>
        <amt>
          <qty>3</qty>
          <unit>cans</unit></amt>
        <item>Beef broth; (43 1/2 ounces)</item></ing>
      <ing>
        <amt>
          <qty>1</qty>
          <unit>cup</unit></amt>
        <item>Medium pearl barley</item></ing>
      <ing>
        <amt>
          <qty>1</qty>
          <unit>teaspoon</unit></amt>
        <item>Dried thyme</item></ing>
      <ing>
        <amt>
          <qty>2</qty>
          <unit>teaspoons</unit></amt>
        <item>Dried marjoram</item></ing>
      <ing>
        <amt>
          <qty>3</qty>
          <unit>teaspoons</unit></amt>
        <item>Dried rosemary; crushed</item></ing>
      <ing>
        <amt>
          <qty>3</qty>
          <unit>teaspoons</unit></amt>
        <item>Pepper</item></ing>
      <ing>
        <amt>
          <qty>4</qty>
          <unit>medium</unit></amt>
        <item>Carrots; sliced</item></ing>
      <ing>
        <amt>
          <qty>2</qty>
          <unit>tablespoons</unit></amt>
        <item>Fresh parsley; chopped</item></ing></ingredients>
    <directions>
      <step>  In a large saucepan or Dutch oven over medium heat, brown meat and onion in
  oil. Add broth, barley, thyme, marjoram, rosemary and pepper; bring to a
  boil. Reduce heat; cover and simmer for 1 hour. Add carrots; bring to a
  boil. Reduce heat; cover and simmer 30-40 minutes or until meat and carrots
  are tender. Add parsley just before serving. Yield: 8 servings.
  
  Recipe by: Taste of Home Magazine
  
  Posted to recipelu-digest Volume 01 Number 463 by Sewgoode
  &lt;Sewgoode@aol.com&gt; on Jan 6, 1998
 
</step></directions></recipe></recipeml>
