<?xml version="1.0" encoding="UTF-8"?>

<recipeml version="0.5">
  <recipe>
    <head>
      <title>Beef Bourguignonne</title>
      <categories>
        <cat>Meats</cat></categories>
      <yield>10</yield></head>
    <ingredients>
      <ing>
        <amt>
          <qty>2 3/4</qty>
          <unit>pounds</unit></amt>
        <item>Beef roast</item></ing>
      <ing>
        <amt>
          <qty>1/4</qty>
          <unit>teaspoons</unit></amt>
        <item>Salt</item></ing>
      <ing>
        <amt>
          <qty>1/4</qty>
          <unit>teaspoons</unit></amt>
        <item>Marjoram</item></ing>
      <ing>
        <amt>
          <qty>1/4</qty>
          <unit>teaspoons</unit></amt>
        <item>Thyme</item></ing>
      <ing>
        <amt>
          <qty>1/4</qty>
          <unit>teaspoons</unit></amt>
        <item>Black pepper</item></ing>
      <ing>
        <amt>
          <qty>1 3/4</qty>
          <unit>cups</unit></amt>
        <item>Beef consomme</item></ing>
      <ing>
        <amt>
          <qty>1 3/4</qty>
          <unit>cups</unit></amt>
        <item>Hot water</item></ing>
      <ing>
        <amt>
          <qty>3/4</qty>
          <unit>ounces</unit></amt>
        <item>Flour</item></ing>
      <ing>
        <amt>
          <qty>1/4</qty>
          <unit>cups</unit></amt>
        <item>Cold water</item></ing>
      <ing>
        <amt>
          <qty>1/4</qty>
          <unit>cups</unit></amt>
        <item>Red Wine</item></ing>
      <ing>
        <amt>
          <qty>5</qty>
          <unit>ounces</unit></amt>
        <item>Mushrooms, halved</item></ing>
      <ing>
        <amt>
          <qty>11</qty>
          <unit>ounces</unit></amt>
        <item>Pearl Onions</item></ing></ingredients>
    <directions>
      <step>  Brown meat.  Remove from heat.  Sprinkle with salt, marjoram, thyme, and
  pepper. Mix consomme with hot water. Pour just enough consomme over meat to
  cover and simmer 1 hr, adding consomme as needed to keep meat covered. Mix
  flour with cold water and add to meat to thicken sauce. Add half of wine
  and simmer for 1/2 hr. Add rest of wine and simmer until meat is tender.
  Gently stir in mushrooms and onions 10 minutes before removing from heat.
  Serve over rice or noodles.
  
  From Gemini's MASSIVE MealMaster collection at www.synapse.com/~gemini
 
</step></directions></recipe></recipeml>
