<?xml version="1.0" encoding="UTF-8"?>

<recipeml version="0.5">
  <recipe>
    <head>
      <title>Beef and French Fries</title>
      <categories>
        <cat>Beef</cat></categories>
      <yield>2</yield></head>
    <ingredients>
      <ing>
        <amt>
          <qty>8</qty>
          <unit>tablespoons</unit></amt>
        <item>Oil</item></ing>
      <ing>
        <amt>
          <qty>2</qty>
          <unit>large</unit></amt>
        <item>Potatoes, matchstick cut</item></ing>
      <ing>
        <amt>
          <qty/>
          <unit/></amt>
        <item>Can use frozen</item></ing>
      <ing>
        <amt>
          <qty>1</qty>
          <unit>medium</unit></amt>
        <item>Onion, thinly sliced</item></ing>
      <ing>
        <amt>
          <qty>2</qty>
          <unit/></amt>
        <item>Garlic cloves, minced</item></ing>
      <ing>
        <amt>
          <qty>10</qty>
          <unit>ounces</unit></amt>
        <item>Sirloin steak, thin slice</item></ing>
      <ing>
        <amt>
          <qty>2</qty>
          <unit>teaspoons</unit></amt>
        <item>Cornstarch</item></ing>
      <ing>
        <amt>
          <qty>3</qty>
          <unit>teaspoons</unit></amt>
        <item>Water</item></ing>
      <ing>
        <amt>
          <qty>1</qty>
          <unit>teaspoon</unit></amt>
        <item>Sugar</item></ing>
      <ing>
        <amt>
          <qty>2</qty>
          <unit>teaspoons</unit></amt>
        <item>Fish sauce, Nuoc Mam</item></ing>
      <ing>
        <amt>
          <qty/>
          <unit/></amt>
        <item>Pepper, lots</item></ing></ingredients>
    <directions>
      <step>  1.  Pour 6 tablespoons of the oil into a flat skillet, add the potatoes and
  fry until brown.  Drain the oil and set potatoes aside to drain on paper
  towels. 2. Fry the onion and garlic in oil, then add the beef and fry for
  about 1 minute or until meat is browned but not tough. 3. Mix the
  cornstarch, water, sugar and fish sauce in a small bowl, blending well. Add
  this to the beef and stir..add more water if needed to make a light not too
  thick sauce. 4. Fold in potatoes or...remove the potatoes to a serving dish
  then spoon beef and sauce over the potatoes. 5. If you like, sprinkle with
  lots of black pepper.
 
</step></directions></recipe></recipeml>
