<?xml version="1.0" encoding="UTF-8"?>

<recipeml version="0.5">
  <recipe>
    <head>
      <title>Beef and French-Fried Potatoes (Thit Bo Xao Khoai Tay</title>
      <categories>
        <cat>Beef</cat>
        <cat>Vietnamese</cat></categories>
      <yield>6</yield></head>
    <ingredients>
      <ing>
        <amt>
          <qty>3</qty>
          <unit/></amt>
        <item>Potatoes; peeled and sliced</item></ing>
      <ing>
        <amt>
          <qty>1/2</qty>
          <unit>teaspoons</unit></amt>
        <item>Cornstarch</item></ing>
      <ing>
        <amt>
          <qty>1/2</qty>
          <unit>cups</unit></amt>
        <item>Water</item></ing>
      <ing>
        <amt>
          <qty>1</qty>
          <unit>liter</unit></amt>
        <item>Round steak; sliced</item></ing>
      <ing>
        <amt>
          <qty>4</qty>
          <unit/></amt>
        <item>Garlic cloves; minced</item></ing>
      <ing>
        <amt>
          <qty>3</qty>
          <unit>teaspoons</unit></amt>
        <item>Fish sauce</item></ing>
      <ing>
        <amt>
          <qty>1</qty>
          <unit/></amt>
        <item>Onion; wedged</item></ing>
      <ing>
        <amt>
          <qty>1/2</qty>
          <unit>teaspoons</unit></amt>
        <item>Pepper</item></ing>
      <ing>
        <amt>
          <qty>2</qty>
          <unit/></amt>
        <item>Green onions; chopped</item></ing>
      <ing>
        <amt>
          <qty>1</qty>
          <unit/></amt>
        <item>Cooking oil</item></ing>
      <ing>
        <amt>
          <qty>1</qty>
          <unit/></amt>
        <item>Tomato; small cubes</item></ing></ingredients>
    <directions>
      <step>  Cover bottom of skillet with approximately 1/2 inch of cooking oil and
  bring to a medium-high heat. Drop in potato strips and fry until golden
  brown; remove, drain, and set aside. pour off all of oil xcept 3-4 tb.
  Stir the cornstarch into the water and add the fish sauce.  Reheat the
  remaining oil in skillet and briefely sautee the onion wedges and garlic.
  Next add the beef and stir-fry for approximately two minutes.  Then add the
  tomato cubes and the green onions.  As you stir, add the cornstarch
  mixture. Cook for 3-4 minutes, until the liquid is reduced slightly.
  Return the potatoes to the skillet.  Strir well and allow time just to heat
  through.  Add pepper to taste.  Serve.
  Recipe By     :  Living and Cooking Vietnamese by Paula Tran
  
  Posted to MC-Recipe Digest V1 #234
  
  Date: Tue, 1 Oct 1996 19:43:31 -0400 (EDT)
  
  From: "roperez@erols.com" &lt;roperez@erols.com&gt;
 
</step></directions></recipe></recipeml>
