<?xml version="1.0" encoding="UTF-8"?>

<recipeml version="0.5">
  <recipe>
    <head>
      <title>Beef and Mushroom Cobbler</title>
      <categories>
        <cat>Beef</cat></categories>
      <yield>6</yield></head>
    <ingredients>
      <ing-div>
        <title>BEEF STEW</title>
        <ing>
          <amt>
            <qty>2</qty>
            <unit>tablespoons</unit></amt>
          <item>Vegetable oil</item></ing>
        <ing>
          <amt>
            <qty>1/2</qty>
            <unit>cups</unit></amt>
          <item>Onion; chopped</item></ing>
        <ing>
          <amt>
            <qty>1/2</qty>
            <unit>pounds</unit></amt>
          <item>Mushrooms; quartered</item></ing>
        <ing>
          <amt>
            <qty>2</qty>
            <unit/></amt>
          <item>Cloves garlic; chopped</item></ing>
        <ing>
          <amt>
            <qty>1/3</qty>
            <unit>cups</unit></amt>
          <item>Unsifted flour</item></ing>
        <ing>
          <amt>
            <qty>1/4</qty>
            <unit>teaspoons</unit></amt>
          <item>Salt</item></ing>
        <ing>
          <amt>
            <qty>1/4</qty>
            <unit>teaspoons</unit></amt>
          <item>Pepper</item></ing>
        <ing>
          <amt>
            <qty>2</qty>
            <unit>pounds</unit></amt>
          <item>Beef round; cut in 1/2" cubes</item></ing>
        <ing>
          <amt>
            <qty>1</qty>
            <unit>can</unit></amt>
          <item>Beef broth</item></ing>
        <ing>
          <amt>
            <qty>1/2</qty>
            <unit>cups</unit></amt>
          <item>Orange juice</item></ing>
        <ing>
          <amt>
            <qty>2</qty>
            <unit>tablespoons</unit></amt>
          <item>Tarragon vinegar</item></ing>
        <ing>
          <amt>
            <qty>1</qty>
            <unit>teaspoon</unit></amt>
          <item>Orange rind; grated</item></ing>
        <ing>
          <amt>
            <qty>1</qty>
            <unit>teaspoon</unit></amt>
          <item>Worcestershire sauce</item></ing></ing-div>
      <ing-div>
        <title>WHOLE WHEAT CRUST</title>
        <ing>
          <amt>
            <qty>3/4</qty>
            <unit>cups</unit></amt>
          <item>Whole-wheat flour</item></ing>
        <ing>
          <amt>
            <qty>3/4</qty>
            <unit>cups</unit></amt>
          <item>Unsifed</item></ing>
        <ing>
          <amt>
            <qty>1</qty>
            <unit>tablespoon</unit></amt>
          <item>Baking powder</item></ing>
        <ing>
          <amt>
            <qty>1/4</qty>
            <unit>cups</unit></amt>
          <item>Fresh parsley; chopped</item></ing>
        <ing>
          <amt>
            <qty>1</qty>
            <unit>teaspoon</unit></amt>
          <item>Dried tarragon</item></ing>
        <ing>
          <amt>
            <qty>1/4</qty>
            <unit>teaspoons</unit></amt>
          <item>Dried thyme</item></ing>
        <ing>
          <amt>
            <qty>1/4</qty>
            <unit>teaspoons</unit></amt>
          <item>Salt</item></ing>
        <ing>
          <amt>
            <qty>1/4</qty>
            <unit>teaspoons</unit></amt>
          <item>Fresh ground black pepper</item></ing>
        <ing>
          <amt>
            <qty>1/4</qty>
            <unit>cups</unit></amt>
          <item>Butter; cut up</item></ing>
        <ing>
          <amt>
            <qty>1/2</qty>
            <unit>cups</unit></amt>
          <item>Water</item></ing>
        <ing>
          <amt>
            <qty>1</qty>
            <unit>tablespoon</unit></amt>
          <item>Oats; rolled (raw)</item></ing>
        <ing>
          <amt>
            <qty>1</qty>
            <unit>teaspoon</unit></amt>
          <item>Sesame seeds</item></ing></ing-div></ingredients>
    <directions>
      <step>  Prepare Beef Stew: Heat oven to 350øF. In large skillet, heat 1 tbs. oil.
  Add onion, mushrooms, and garlic. Saute, stirring, till onion &amp; mushrooms
  are golden. Remove to shallow 1 1/2-quart casserole.
  
  In plastic bag, combine 1/4 cup flour, the salt &amp; ground pepper. Toss beef
  cubes in flour mixture.  Add remaining oil, beef cubes, half at a time, to
  skillet.  Saute til beef is browned on all sides.  Remove beef cubes to
  casserole as they are browned; toss with onion mushrooms.
  
  In small bowl, with wire whisk, beat broth, orange juice, tarragon vinegar,
  orange rind, Worcestershire sauce and the remaining flour til smooth; add
  to skillet. Cook, stirring, til mixture thickens slightly; stir into
  mixture in casserole.
  
  Cover casserole tightly with lid or aluminum foil. Bake 1 1/2 hours or til
  meat is tender.
  
  Meanwhile, prepare Whole-Wheat Crust: In medium-size bowl, combine flours,
  baking powder, parsley, tarragon, thyme, salt, cracked pepper.  With pastry
  blender, cut in butter til mixture resembles coarse crumbs.  With fork,
  stir in water, 1 tablespoon at a time, just til dough holds together when
  pressed lightly into a ball.
  
  Between wheets of waxed paper, roll out crust to fit top of casserole. When
  beef is tender, uncover casserole and place crust on top of meat mixture.
  Sprinkle oats and sesame seeds over top.
  
  Bake 20 to 25 minutes longer or until crust is golden brown. Serve from
  casserole.
  Posted to recipelu-digest by Nesb2 &lt;Nesb2@aol.com&gt; on Mar 2, 1998
 
</step></directions></recipe></recipeml>
