<?xml version="1.0" encoding="UTF-8"?>

<recipeml version="0.5">
  <recipe>
    <head>
      <title>Beef and Shrimp Kabobs</title>
      <categories>
        <cat>Main dish</cat></categories>
      <yield>6</yield></head>
    <ingredients>
      <ing>
        <amt>
          <qty>8</qty>
          <unit>ounces</unit></amt>
        <item>Italian salad dressing</item></ing>
      <ing>
        <amt>
          <qty>1/4</qty>
          <unit>cups</unit></amt>
        <item>Catsup</item></ing>
      <ing>
        <amt>
          <qty>1/4</qty>
          <unit>cups</unit></amt>
        <item>Red wine</item></ing>
      <ing>
        <amt>
          <qty>1</qty>
          <unit>teaspoon</unit></amt>
        <item>Worcestershire sauce</item></ing>
      <ing>
        <amt>
          <qty/>
          <unit/></amt>
        <item>Salt; to taste</item></ing>
      <ing>
        <amt>
          <qty/>
          <unit/></amt>
        <item>Pepper; to taste</item></ing>
      <ing>
        <amt>
          <qty>4</qty>
          <unit>pounds</unit></amt>
        <item>Sirloin; or round steak</item></ing>
      <ing>
        <amt>
          <qty>48</qty>
          <unit>large</unit></amt>
        <item>Shrimp, raw; shelled</item></ing>
      <ing>
        <amt>
          <qty>6</qty>
          <unit>slices</unit></amt>
        <item>Bacon; cut in squares</item></ing>
      <ing>
        <amt>
          <qty>1</qty>
          <unit/></amt>
        <item>Green pepper; sliced</item></ing>
      <ing>
        <amt>
          <qty>1</qty>
          <unit>large</unit></amt>
        <item>Onion; sliced</item></ing>
      <ing>
        <amt>
          <qty>1</qty>
          <unit>can</unit></amt>
        <item>Button mushroons; (4oz)</item></ing></ingredients>
    <directions>
      <step>  To make marinade, combine salad dressing, catsup, wine, Worcestershire
  sauce, salt and pepper.  Cut steak into 1-1/2 inch cubes. Put steak cubes
  and raw shrimp in marinade and let stand in refrigerator 3 hours.
  
  Remove beef and shrimp from marinade; alternate 8 beef cubes and 8 shrimp
  on 6 skewers, using squares of bacon, slices of pepper and onion, and
  mushrooms between meats. Place skewers 4 to 6 inches abover medium heat on
  grill.  Cook 8 to 10 minutes on each side, brushing with marinade
  occasionally.
  
  SOURCE: Southern Living Magazine,sometime in 1974. Typed for you by Nancy
  Coleman.
 
</step></directions></recipe></recipeml>
