<?xml version="1.0" encoding="UTF-8"?>

<recipeml version="0.5">
  <recipe>
    <head>
      <title>Beef and Green Pepper Stir-Fry</title>
      <categories>
        <cat>None</cat></categories>
      <yield>1</yield></head>
    <ingredients>
      <ing>
        <amt>
          <qty>2 1/2</qty>
          <unit>tablespoons</unit></amt>
        <item>Soy sauce</item></ing>
      <ing>
        <amt>
          <qty>1</qty>
          <unit>tablespoon</unit></amt>
        <item>Dry white wine</item></ing>
      <ing>
        <amt>
          <qty>1</qty>
          <unit>tablespoon</unit></amt>
        <item>Oriental sesame oil</item></ing>
      <ing>
        <amt>
          <qty>3</qty>
          <unit>teaspoons</unit></amt>
        <item>Cornstarch</item></ing>
      <ing>
        <amt>
          <qty>1</qty>
          <unit>teaspoon</unit></amt>
        <item>Minced peeled fresh ginger</item></ing>
      <ing>
        <amt>
          <qty>1</qty>
          <unit/></amt>
        <item>Garlic clove; minced</item></ing>
      <ing>
        <amt>
          <qty>1/2</qty>
          <unit>pounds</unit></amt>
        <item>Flank; or skirt steak, cut into thin strips</item></ing>
      <ing>
        <amt>
          <qty>1/4</qty>
          <unit>cups</unit></amt>
        <item>Canned beef broth</item></ing>
      <ing>
        <amt>
          <qty>6</qty>
          <unit>tablespoons</unit></amt>
        <item>Vegetable oil</item></ing>
      <ing>
        <amt>
          <qty>1</qty>
          <unit>can</unit></amt>
        <item>(8-ounce) sliced water chestnuts; drained</item></ing>
      <ing>
        <amt>
          <qty>1</qty>
          <unit>small</unit></amt>
        <item>Green bell pepper; thinly sliced</item></ing>
      <ing>
        <amt>
          <qty/>
          <unit/></amt>
        <item>Freshly cooked rice</item></ing></ingredients>
    <directions>
      <step>  Combine 1 1/2 tablespoons soy sauce, wine, sesame oil, 2 teaspoons
  cornstarch, ginger and garlic in medium bowl. Add beef and stir to coat.
  Let stand 30 minutes. Combine broth, remaining 1 teaspoon soy sauce and
  remaining 1 teaspoon cornstarch in small bowl.
  
  Heat 3 tablespoons vegetable oil in wok or heavy large skillet over high
  heat. Add water chestnuts and bell pepper and stir-fry 2 minutes. Remove
  from wok. Heat remaining 3 tablespoons oil in wok. Add beef with marinade
  and stir-fry until just cooked through, about 4 minutes. Return water
  chestnuts and peppers to wok and mix well. Stir broth mixture. Add to wok
  and cook until sauce boils and thickens, about 30 seconds. Serve with
  freshly cooked rice.
  
  2 to 4 servings
  
  Bon Appetit June 1990 Susan Bishop-Sauter: Medfield, Massachusetts
  
  Posted to EAT-L Digest  by Jennie Craig &lt;jecraig@LAN-INC.COM&gt; on Apr 6,
  1998
 
</step></directions></recipe></recipeml>
