<?xml version="1.0" encoding="UTF-8"?>

<recipeml version="0.5">
  <recipe>
    <head>
      <title>Beef and Horseradish Salad</title>
      <categories>
        <cat>New</cat>
        <cat>Text</cat>
        <cat>Import</cat></categories>
      <yield>1</yield></head>
    <ingredients>
      <ing>
        <amt>
          <qty>1</qty>
          <unit>pound</unit></amt>
        <item>Flank steak</item></ing>
      <ing>
        <amt>
          <qty/>
          <unit/></amt>
        <item>Essence</item></ing>
      <ing>
        <amt>
          <qty>1</qty>
          <unit>tablespoon</unit></amt>
        <item>Olive oil</item></ing>
      <ing>
        <amt>
          <qty>2</qty>
          <unit>cups</unit></amt>
        <item>Julienne red onions</item></ing>
      <ing>
        <amt>
          <qty>3</qty>
          <unit>tablespoons</unit></amt>
        <item>Finely chopped parsley</item></ing>
      <ing>
        <amt>
          <qty>3</qty>
          <unit>tablespoons</unit></amt>
        <item>Chopped green onions</item></ing>
      <ing>
        <amt>
          <qty>1</qty>
          <unit>cup</unit></amt>
        <item>Prepared homemade mayonnaise</item></ing>
      <ing>
        <amt>
          <qty>1</qty>
          <unit>tablespoon</unit></amt>
        <item>Minced garlic</item></ing>
      <ing>
        <amt>
          <qty>1/2</qty>
          <unit>cups</unit></amt>
        <item>Grated horseradish</item></ing>
      <ing>
        <amt>
          <qty/>
          <unit/></amt>
        <item>Juice of one lemon</item></ing>
      <ing>
        <amt>
          <qty>1</qty>
          <unit>teaspoon</unit></amt>
        <item>Dijon mustard</item></ing>
      <ing>
        <amt>
          <qty>1/2</qty>
          <unit>teaspoons</unit></amt>
        <item>Worcestershire sauce</item></ing>
      <ing>
        <amt>
          <qty>1/2</qty>
          <unit>teaspoons</unit></amt>
        <item>Tabasco</item></ing>
      <ing>
        <amt>
          <qty>4</qty>
          <unit>cups</unit></amt>
        <item>Assorted baby greens</item></ing>
      <ing>
        <amt>
          <qty>2/3</qty>
          <unit>cups</unit></amt>
        <item>Grated Parmigiano-Reggiano cheese</item></ing>
      <ing>
        <amt>
          <qty/>
          <unit/></amt>
        <item>Salt and pepper</item></ing>
      <ing>
        <amt>
          <qty>2</qty>
          <unit>tablespoons</unit></amt>
        <item>Chopped chives</item></ing></ingredients>
    <directions>
      <step>  Preheat the grill. Season the flank steak with Essence and olive oil. Place
  the steak on the grill and cook for 3-4 minutes on each side for
  medium-rare. Remove the steak from the grill and slice into 1-inch slices.
  Toss the beef with the red onions, parsley and green onions. Set aside. In
  a mixing bowl, combine the mayonnaise, garlic, horseradish, lemon juice,
  Dijon, Worcestershire, and Tabasco. Mix thoroughly. Season with salt and
  pepper. Refrigerate the dressing for 1 hour. Toss the greens with the
  dressing and mound in the center of the plate. Arrange the steak and onions
  around the greens. Garnish with the cheese, chives and Essence on the rim.
  
  Yield: 4 servings
  Recipe By     :ESSENCE OF EMERIL SHOW#EE2371
  
  Posted to MC-Recipe Digest V1 #277
  
  Date: Mon, 4 Nov 1996 08:29:21 -0500
  
  From: Meg Antczak &lt;meginny@frontiernet.net&gt;
 
</step></directions></recipe></recipeml>
