<?xml version="1.0" encoding="UTF-8"?>

<recipeml version="0.5">
  <recipe>
    <head>
      <title>Beef and Vegetable Soup #2</title>
      <categories>
        <cat>Soup</cat></categories>
      <yield>6</yield></head>
    <ingredients>
      <ing>
        <amt>
          <qty>1</qty>
          <unit>pound</unit></amt>
        <item>Beef stew meat; cut in 1-inch cubes</item></ing>
      <ing>
        <amt>
          <qty>2</qty>
          <unit/></amt>
        <item>Onions</item></ing>
      <ing>
        <amt>
          <qty>2</qty>
          <unit/></amt>
        <item>Potatoes</item></ing>
      <ing>
        <amt>
          <qty>3</qty>
          <unit/></amt>
        <item>Carrots</item></ing>
      <ing>
        <amt>
          <qty>3</qty>
          <unit/></amt>
        <item>Celery stalks</item></ing>
      <ing>
        <amt>
          <qty>1/4</qty>
          <unit/></amt>
        <item>Head cabbage</item></ing>
      <ing>
        <amt>
          <qty>3</qty>
          <unit>tablespoons</unit></amt>
        <item>Margarine</item></ing>
      <ing>
        <amt>
          <qty>1 1/2</qty>
          <unit>teaspoons</unit></amt>
        <item>Salt</item></ing>
      <ing>
        <amt>
          <qty>1/2</qty>
          <unit>teaspoons</unit></amt>
        <item>Black pepper</item></ing></ingredients>
    <directions>
      <step>  From: beck4@pipeline.com (Eileen &amp; Bob Holze)
  
  Date: Sat, 13 Apr 1996 11:42:27 -0400
  
  Recipe By: Jo Anne Merrill
  1. Melt margarine in a large heavy pot with lid. Trim meat of all fat and
  cut into 1-inch cubes. Brown beef on all sides.
  
  2. Add vegetables (except cabbage) which have all been sliced into pieces
  of approximately the same size. Add 5 cups water. Cover and simmer for
  1-1/2 hours, adding more water if needed.
  
  3. Slice cabbage and add to pot along with salt and pepper. Simmer for
  20-25 minutes longer.
  
  MC-RECIPE@MASTERCOOK.COM
  
  MASTERCOOK RECIPES LIST SERVER
  
  MC-RECIPE DIGEST V1 #41
  
  From the MasterCook recipe list.  Downloaded from Glen's MM Recipe Archive,
  http://www.erols.com/hosey.
 
</step></directions></recipe></recipeml>
