<?xml version="1.0" encoding="UTF-8"?>

<recipeml version="0.5">
  <recipe>
    <head>
      <title>Beef and Stout Casserole</title>
      <categories>
        <cat>Irish</cat>
        <cat>Meats</cat></categories>
      <yield>4</yield></head>
    <ingredients>
      <ing>
        <amt>
          <qty>1 1/2</qty>
          <unit>pounds</unit></amt>
        <item>Beef</item></ing>
      <ing>
        <amt>
          <qty>6</qty>
          <unit>ounces</unit></amt>
        <item>Lean bacon, cubed</item></ing>
      <ing>
        <amt>
          <qty>1</qty>
          <unit>pound</unit></amt>
        <item>Shallots or small onions</item></ing>
      <ing>
        <amt>
          <qty>3</qty>
          <unit/></amt>
        <item>Cloves garlic</item></ing>
      <ing>
        <amt>
          <qty>1</qty>
          <unit/></amt>
        <item>Bouquet garni</item></ing>
      <ing>
        <amt>
          <qty>1</qty>
          <unit>tablespoon</unit></amt>
        <item>Sugar</item></ing>
      <ing>
        <amt>
          <qty/>
          <unit/></amt>
        <item>Salt and pepper</item></ing>
      <ing>
        <amt>
          <qty/>
          <unit/></amt>
        <item>Basil and parsley</item></ing>
      <ing>
        <amt>
          <qty>1</qty>
          <unit>tablespoon</unit></amt>
        <item>Butter</item></ing>
      <ing>
        <amt>
          <qty>2</qty>
          <unit>tablespoons</unit></amt>
        <item>Flour</item></ing>
      <ing>
        <amt>
          <qty>1</qty>
          <unit>tablespoon</unit></amt>
        <item>Wine or cider vinegar</item></ing>
      <ing>
        <amt>
          <qty>1</qty>
          <unit/></amt>
        <item>Bottle of stout</item></ing></ingredients>
    <directions>
      <step>  Saute the beef and bacon in a little oil.  Drain off the excess liquid.
  Remove the meat anmd set aside. Add the butter to the pan, and melt. Stir
  in the flour to make a roux. Gradually stir in the stout. Place the meat
  and the small onions (peeled) in a deep casserole dish, and season with the
  salt, pepper and herbs. Crush the garlic and add to the ingredients.
  Sprinkle the sugar on top, and pour in the sauce. Cover and place in the
  oven.  Cook very gently for up to 3 hours at 300F. Check occasionally. If
  the casserole seems to be drying a little, you can add more stout. Remove
  from the oven and mix in the vinegar. Serve with lots of boiled potatoes to
  sop up the sauce.
  
  From Gemini's MASSIVE MealMaster collection at www.synapse.com/~gemini
 
</step></directions></recipe></recipeml>
