<?xml version="1.0" encoding="UTF-8"?>

<recipeml version="0.5">
  <recipe>
    <head>
      <title>Beef and Scallop Saute</title>
      <categories>
        <cat>Beef</cat>
        <cat>Fish</cat>
        <cat>Easy</cat>
        <cat>Entertain</cat>
        <cat>Main dish</cat></categories>
      <yield>4</yield></head>
    <ingredients>
      <ing>
        <amt>
          <qty>2</qty>
          <unit>tablespoons</unit></amt>
        <item>Peanut oil</item></ing>
      <ing>
        <amt>
          <qty>1</qty>
          <unit>teaspoon</unit></amt>
        <item>Minced garlic</item></ing>
      <ing>
        <amt>
          <qty>1</qty>
          <unit>pound</unit></amt>
        <item>Beef cut for stirfry</item></ing>
      <ing>
        <amt>
          <qty>1</qty>
          <unit>pinch</unit></amt>
        <item>Red pepper flakes</item></ing>
      <ing>
        <amt>
          <qty>3/4</qty>
          <unit>pounds</unit></amt>
        <item>Sea scallops</item></ing>
      <ing>
        <amt>
          <qty>1</qty>
          <unit>pinch</unit></amt>
        <item>Red pepper flakes</item></ing>
      <ing>
        <amt>
          <qty>1 1/4</qty>
          <unit>cups</unit></amt>
        <item>Sliced green onion</item></ing>
      <ing>
        <amt>
          <qty>1</qty>
          <unit>tablespoon</unit></amt>
        <item>Water</item></ing>
      <ing>
        <amt>
          <qty>1</qty>
          <unit>pinch</unit></amt>
        <item>Fresh ginger</item></ing>
      <ing>
        <amt>
          <qty>1</qty>
          <unit>pinch</unit></amt>
        <item>White pepper</item></ing>
      <ing>
        <amt>
          <qty>1</qty>
          <unit>teaspoon</unit></amt>
        <item>Salt</item></ing></ingredients>
    <directions>
      <step>  Heat  oil in wok or large skillet until almost smoking.   Add garlic and
  beef,  then  scallops,  and  stir-fry about 30  seconds.   Add remaining
  ingredients and stir-fry beef and scallops another 20 to 30 seconds.
  
  Posted to the TWSU BBS (316-689-3779), compiled by the Sysop.
  
  File ftp://ftp.idiscover.co.uk/pub/food/mealmaster/recipes/mmtwsu01.zip
 
</step></directions></recipe></recipeml>
