<?xml version="1.0" encoding="UTF-8"?>

<recipeml version="0.5">
  <recipe>
    <head>
      <title>Beef Bourgiunon</title>
      <categories>
        <cat>Crockpot</cat></categories>
      <yield>8</yield></head>
    <ingredients>
      <ing>
        <amt>
          <qty>4</qty>
          <unit>pounds</unit></amt>
        <item>Lean beef; cubed</item></ing>
      <ing>
        <amt>
          <qty>1</qty>
          <unit>cup</unit></amt>
        <item>Red wine</item></ing>
      <ing>
        <amt>
          <qty>1/3</qty>
          <unit>cups</unit></amt>
        <item>Oil</item></ing>
      <ing>
        <amt>
          <qty>1</qty>
          <unit>teaspoon</unit></amt>
        <item>Thyme</item></ing>
      <ing>
        <amt>
          <qty>1</qty>
          <unit>teaspoon</unit></amt>
        <item>Black pepper</item></ing>
      <ing>
        <amt>
          <qty>8</qty>
          <unit>slices</unit></amt>
        <item>Bacon; diced</item></ing>
      <ing>
        <amt>
          <qty>2</qty>
          <unit/></amt>
        <item>Cloves garlic; crushed</item></ing>
      <ing>
        <amt>
          <qty>1</qty>
          <unit/></amt>
        <item>Onion; diced</item></ing>
      <ing>
        <amt>
          <qty>1</qty>
          <unit>pound</unit></amt>
        <item>Mushrooms; sliced</item></ing>
      <ing>
        <amt>
          <qty>1/3</qty>
          <unit>cups</unit></amt>
        <item>Flour</item></ing></ingredients>
    <directions>
      <step>  Marinate beef in wine ,oil, thyme and pepper 4 hours at room temperature or
  overnight in refrigerator. In large pan, cook bacon until soft.  Add garlic
  and onion; saute until soft.  Add mushrooms and cook until slightly wilted.
  Drain beef, reserving liquid.  Place beef in slow cooker.  Sprinkle flour
  over the beef, stirring until well coated.  Add mushroom mixture.  Pour
  reserved marinade over all. Cook on LOW 8-9 hrs.
  Recipe By     : Crockpot Cooking, Barbara Blitz
  
  Posted to MC-Recipe Digest V1 #264
  
  Date: Sun, 27 Oct 1996 02:11:10 -0700
  
  From: Rooby &lt;rooby@shell.masterpiece.com&gt;
 
</step></directions></recipe></recipeml>
