<?xml version="1.0" encoding="UTF-8"?>

<recipeml version="0.5">
  <recipe>
    <head>
      <title>Beef and Pork Tenderloin Sandwiches</title>
      <categories>
        <cat>Sandwiches</cat></categories>
      <yield>24</yield></head>
    <ingredients>
      <ing-div>
        <title/>
        <ing>
          <amt>
            <qty>1</qty>
            <unit/></amt>
          <item>6-7-pound beef tenderloin; trimmed</item></ing>
        <ing>
          <amt>
            <qty>2</qty>
            <unit/></amt>
          <item>2-3-pound pork tenderloins; trimmed</item></ing></ing-div>
      <ing-div>
        <title>MARINADE</title>
        <ing>
          <amt>
            <qty>1/2</qty>
            <unit>cups</unit></amt>
          <item>Port wine</item></ing>
        <ing>
          <amt>
            <qty>1/2</qty>
            <unit>cups</unit></amt>
          <item>Brandy</item></ing>
        <ing>
          <amt>
            <qty>1/2</qty>
            <unit>teaspoons</unit></amt>
          <item>Dried tarragon leaves</item></ing>
        <ing>
          <amt>
            <qty>1/2</qty>
            <unit>teaspoons</unit></amt>
          <item>Dried whole thyme</item></ing>
        <ing>
          <amt>
            <qty>2</qty>
            <unit/></amt>
          <item>Bay leaves</item></ing>
        <ing>
          <amt>
            <qty>1 1/4</qty>
            <unit>teaspoons</unit></amt>
          <item>Salt</item></ing>
        <ing>
          <amt>
            <qty>1/2</qty>
            <unit>teaspoons</unit></amt>
          <item>Pepper</item></ing>
        <ing>
          <amt>
            <qty>1/2</qty>
            <unit>teaspoons</unit></amt>
          <item>Dry mustard</item></ing>
        <ing>
          <amt>
            <qty/>
            <unit/></amt>
          <item>Vegetable oil</item></ing>
        <ing>
          <amt>
            <qty/>
            <unit/></amt>
          <item>Party rye bread</item></ing>
        <ing>
          <amt>
            <qty/>
            <unit/></amt>
          <item>Endive</item></ing>
        <ing>
          <amt>
            <qty/>
            <unit/></amt>
          <item>Mayonnaise; optional</item></ing>
        <ing>
          <amt>
            <qty/>
            <unit/></amt>
          <item>Commercial barbecue sauce; optional</item></ing>
        <ing>
          <amt>
            <qty/>
            <unit/></amt>
          <item>Prepared horseradish; optional</item></ing></ing-div></ingredients>
    <directions>
      <step>  *Marinate these beef and pork tenderloins together, but cook them
  separately. Sandwiches can be prepared from either or both types of meat.
  Place tenderloins in a large pan or dish; Pour marinade over top, and cover
  tightly. Refrigerate overnight, turning meat several times; drain. Place
  beef tenderloin, fat side up, on rack in a shallow roasting pan; rub with 1
  tablespoon vegetable oil. Bake at 450 degrees for 15 minutes. turn oven
  off; do not open door. Let roast remain in oven 45 minutes. (roast will be
  medium rare). Place pork tenderloins, fat side up, on rack in a shallow
  roasting pan; rub with 1 teaspoon vegetable oil. Bake at 325 degrees for 1
  hour or until well done. Slice tenderloins, and place on serving platter.
  Serve on party rye bread with endive; top with mayonnaise, barbecue sauce,
  or horseradish, if desired. Yield: about 24 servings. Marinade: Combine all
  ingredients in a small mixing bowl, mixing well. Yield: 1 cup.
  
  Recipe by: Southern Living 1980 Annual Recipes Posted to MC-Recipe Digest
  V1 #758 by NGavlak@aol.com on Aug 24, 1997
 
</step></directions></recipe></recipeml>
