<?xml version="1.0" encoding="UTF-8"?>

<recipeml version="0.5">
  <recipe>
    <head>
      <title>Beef and Vegetable Medley</title>
      <categories>
        <cat>Main dish</cat></categories>
      <yield>4</yield></head>
    <ingredients>
      <ing>
        <amt>
          <qty>1</qty>
          <unit>package</unit></amt>
        <item>Long grain &amp; wild rice mix (4 to 6-1/2 ounces)</item></ing>
      <ing>
        <amt>
          <qty>1</qty>
          <unit>pound</unit></amt>
        <item>Boneless beef sirloin steak cut in strips</item></ing>
      <ing>
        <amt>
          <qty>3/4</qty>
          <unit>teaspoons</unit></amt>
        <item>Salt</item></ing>
      <ing>
        <amt>
          <qty>3/4</qty>
          <unit>teaspoons</unit></amt>
        <item>Ground black pepper</item></ing>
      <ing>
        <amt>
          <qty>1</qty>
          <unit>tablespoon</unit></amt>
        <item>Vegetable oil</item></ing>
      <ing>
        <amt>
          <qty>1</qty>
          <unit>cup</unit></amt>
        <item>Red pepper strips</item></ing>
      <ing>
        <amt>
          <qty>1</qty>
          <unit>cup</unit></amt>
        <item>Sliced fresh mushrooms</item></ing>
      <ing>
        <amt>
          <qty>1</qty>
          <unit>cup</unit></amt>
        <item>Sliced zucchini squash</item></ing>
      <ing>
        <amt>
          <qty>1</qty>
          <unit>cup</unit></amt>
        <item>Sliced yellow squash</item></ing>
      <ing>
        <amt>
          <qty>1/3</qty>
          <unit>cups</unit></amt>
        <item>Sliced green onions including tops</item></ing>
      <ing>
        <amt>
          <qty>1</qty>
          <unit/></amt>
        <item>Garlic clove; minced</item></ing></ingredients>
    <directions>
      <step>  Prepare rice mix as directed on package.  Season beef with salt and black
  pepper; brown in oil in large skillet over high heat.  Stir in remaining
  ingredients except rice; stir-fry 3 to 4 minutes or until vegetables are
  tender crisp.  Stir in rice; heat thoroughly.
  
  Each serving provides:
  * 334 calories
  * 28.6 grams protein
  * 12.2 grams fat
  * 26.4 grams carbohydrate
  * 970 milligrams sodium
  * 74 milligrams cholesterol
  
  Source: Cooking with Rice
  Reprinted with permission from The USA Rice Council
  Electronic format courtesy of Karen Mintzias
  
  File ftp://ftp.idiscover.co.uk/pub/food/mealmaster/recipes/usarice.zip
 
</step></directions></recipe></recipeml>
