<?xml version="1.0" encoding="UTF-8"?>

<recipeml version="0.5">
  <recipe>
    <head>
      <title>Beef Baked in a Barrel</title>
      <categories>
        <cat>Beef</cat>
        <cat>Meats</cat>
        <cat>Fruits</cat></categories>
      <yield>6</yield></head>
    <ingredients>
      <ing>
        <amt>
          <qty>2</qty>
          <unit>pounds</unit></amt>
        <item>Ground Beef Chuck</item></ing>
      <ing>
        <amt>
          <qty>2</qty>
          <unit/></amt>
        <item>Med Onions, Chopped</item></ing>
      <ing>
        <amt>
          <qty>2</qty>
          <unit>tablespoons</unit></amt>
        <item>Cooking Fat or Oil</item></ing>
      <ing>
        <amt>
          <qty>1</qty>
          <unit>teaspoon</unit></amt>
        <item>Ground Ginger</item></ing>
      <ing>
        <amt>
          <qty>1/4</qty>
          <unit>teaspoons</unit></amt>
        <item>Freshly Ground Pepper</item></ing>
      <ing>
        <amt>
          <qty>1</qty>
          <unit>cup</unit></amt>
        <item>Diced Fresh Pineapple</item></ing>
      <ing>
        <amt>
          <qty>1/4</qty>
          <unit>cups</unit></amt>
        <item>Madarine Liqueur</item></ing>
      <ing>
        <amt>
          <qty>3</qty>
          <unit>tablespoons</unit></amt>
        <item>Butter</item></ing>
      <ing>
        <amt>
          <qty>3</qty>
          <unit>cups</unit></amt>
        <item>Cooked Rice</item></ing>
      <ing>
        <amt>
          <qty>2</qty>
          <unit/></amt>
        <item>Large Pineapples</item></ing>
      <ing>
        <amt>
          <qty>3</qty>
          <unit/></amt>
        <item>Cloves Garlic, Minced</item></ing>
      <ing>
        <amt>
          <qty>1</qty>
          <unit>teaspoon</unit></amt>
        <item>Salt</item></ing>
      <ing>
        <amt>
          <qty>1/2</qty>
          <unit>teaspoons</unit></amt>
        <item>Seasoned Salt</item></ing>
      <ing>
        <amt>
          <qty>1/2</qty>
          <unit>cups</unit></amt>
        <item>Coffee Brandy</item></ing>
      <ing>
        <amt>
          <qty>1</qty>
          <unit>cup</unit></amt>
        <item>Canned Mandarine Orange Segs</item></ing>
      <ing>
        <amt>
          <qty>18</qty>
          <unit/></amt>
        <item>Fresh Mushrooms</item></ing>
      <ing>
        <amt>
          <qty>18</qty>
          <unit/></amt>
        <item>Strips Of Pimiento</item></ing></ingredients>
    <directions>
      <step>  Cut tops from pineapples.  With a sharp knife, hollow out fruit, leaving
  about 3/4 inch pineapple on sides and bottom.  (Be careful not to cut
  through outside shells.)  Dice 1 cup pineapple.  (Use remainder for salad
  or dessert)  Cook onions and garlic in cooking fat in large frying-pan 5
  minutes, stirring occasionally.  Add ground beef, salt, ginger, seasoned
  salt and pepper.  Cook over medium heat, stirring occasionally, until
  ground beef begins to brown.  Warm brandy in small pan over low heat,
  ignite and pour over beef mixture, lifting pan from heat and shaking until
  flame dies.  Continue cooking for 8 to 10 minutes.  Remove from heat; add
  1 cup diced pineapple, orange segments and mandarine liquer, stirring
  carefully to mix.  Fill pineapple shells (barrels) with beef and fruit
  mixture.  Place filled fruit upright in foil lined pan.  Bake in a
  moderate oven (350 degrees F.) for 35 minutes.  Meanwhile remove stemms
  from mushrooms, slightly hollowing out caps.  Cook caps in butter in small
  frying-pan about 3 minutes.  Curl up each pimiento strip and place in
  mushroom cap.  To serve, set both "Barrels" on warm plater, spoon beef
  mixture over rice on individual dinner plates and garnish each serving
  with 3 stuffed mushroom caps.
  
  File ftp://ftp.idiscover.co.uk/pub/food/mealmaster/recipes/meats.zip
 
</step></directions></recipe></recipeml>
