<?xml version="1.0" encoding="UTF-8"?>

<recipeml version="0.5">
  <recipe>
    <head>
      <title>Beef and Rice "Olives"</title>
      <categories>
        <cat>Rice</cat></categories>
      <yield>8</yield></head>
    <ingredients>
      <ing>
        <amt>
          <qty>2</qty>
          <unit>pounds</unit></amt>
        <item>Lean ground beef</item></ing>
      <ing>
        <amt>
          <qty>2</qty>
          <unit>cups</unit></amt>
        <item>Cooked converted rice</item></ing>
      <ing>
        <amt>
          <qty>1</qty>
          <unit>teaspoon</unit></amt>
        <item>Oregano</item></ing>
      <ing>
        <amt>
          <qty>1</qty>
          <unit>teaspoon</unit></amt>
        <item>Salt</item></ing>
      <ing>
        <amt>
          <qty>1/2</qty>
          <unit>teaspoons</unit></amt>
        <item>Pepper</item></ing>
      <ing>
        <amt>
          <qty>1</qty>
          <unit/></amt>
        <item>Egg; beaten</item></ing></ingredients>
    <directions>
      <step>  SERVES 8-10
  
    This dish comes from a cookbook that is about 200 years old. I cannot
  quite figure out the background of the name but we have seen the dish many
  times since those early days. It is obviously a way of stretching meat
  using rice. I have added some seasoning and the dish is baked, so it is
  easy to prepare.
  
    Mix all together and form into 1-inch balls. Place on a baking sheet and
  bake for about 20 minutes at 375ø, or until they are done to your taste.
  
    If you make these small enough, they are terrific as party snacks. Larger
  sizes fit the dinner table well, along with a green salad, rolls, and
  perhaps some Cabbage and Salt Pork (see recipe).
  
  From &lt;The Frugal Gourmet Cooks American&gt;.  Downloaded from Glen's MM Recipe
  Archive, http://www.erols.com/hosey.
 
</step></directions></recipe></recipeml>
