<?xml version="1.0" encoding="UTF-8"?>

<recipeml version="0.5">
  <recipe>
    <head>
      <title>Beef Biscuits</title>
      <categories>
        <cat>Crs</cat>
        <cat>Totest</cat>
        <cat>Post</cat>
        <cat>Chopmeat</cat></categories>
      <yield>24</yield></head>
    <ingredients>
      <ing>
        <amt>
          <qty>3</qty>
          <unit>cans</unit></amt>
        <item>Refrigerated biscuits</item></ing>
      <ing>
        <amt>
          <qty>1</qty>
          <unit>pound</unit></amt>
        <item>Ground beef</item></ing>
      <ing>
        <amt>
          <qty>1</qty>
          <unit>small</unit></amt>
        <item>Onion, chopped</item></ing>
      <ing>
        <amt>
          <qty>1/4</qty>
          <unit>cups</unit></amt>
        <item>Chopped green pepper</item></ing>
      <ing>
        <amt>
          <qty>1</qty>
          <unit>can</unit></amt>
        <item>(8oz) tomato sauce</item></ing>
      <ing>
        <amt>
          <qty>1</qty>
          <unit>teaspoon</unit></amt>
        <item>Salt</item></ing>
      <ing>
        <amt>
          <qty>1/2</qty>
          <unit>teaspoons</unit></amt>
        <item>Pepper</item></ing>
      <ing>
        <amt>
          <qty>1/2</qty>
          <unit>teaspoons</unit></amt>
        <item>Oregano</item></ing>
      <ing>
        <amt>
          <qty/>
          <unit/></amt>
        <item>Oil for frying</item></ing></ingredients>
    <directions>
      <step>  Brown beef, onion and pepper. Stir in sauce and seasonings, mixing well.
  
  Roll out each biscuit into a 5" circle. Place 1 rounded tablespoon meat
  mixture on each; flod in half and seal with tines of fork.
  
  Fry about 3" of oil to 375F. Deep fry each biscuit until golden brown;
  drain on paper towels. Serve warm.
  
  Taste of Home Ground Beef Collection 1996 Edition
  
  From Gemini's MASSIVE MealMaster collection at www.synapse.com/~gemini
 
</step></directions></recipe></recipeml>
