<?xml version="1.0" encoding="UTF-8"?>

<recipeml version="0.5">
  <recipe>
    <head>
      <title>Beef a Roni</title>
      <categories>
        <cat>Ground beef</cat>
        <cat>Pasta</cat>
        <cat>Syd's book</cat></categories>
      <yield>4</yield></head>
    <ingredients>
      <ing>
        <amt>
          <qty>1 1/2</qty>
          <unit>pounds</unit></amt>
        <item>Ground Beef, Lean</item></ing>
      <ing>
        <amt>
          <qty>3</qty>
          <unit>quarts</unit></amt>
        <item>Spaghetti Sauce</item></ing>
      <ing>
        <amt>
          <qty>8</qty>
          <unit>ounces</unit></amt>
        <item>Tomato Sauce</item></ing>
      <ing>
        <amt>
          <qty>1/2</qty>
          <unit>pounds</unit></amt>
        <item>Mushrooms</item></ing>
      <ing>
        <amt>
          <qty>17</qty>
          <unit>ounces</unit></amt>
        <item>Corn, Whole Kernel</item></ing>
      <ing>
        <amt>
          <qty>1</qty>
          <unit>pound</unit></amt>
        <item>Pasta Shells</item></ing>
      <ing>
        <amt>
          <qty>1/4</qty>
          <unit>cups</unit></amt>
        <item>Onion Chopped</item></ing>
      <ing>
        <amt>
          <qty>1</qty>
          <unit/></amt>
        <item>Salt And Pepper To Taste</item></ing></ingredients>
    <directions>
      <step>  Brown ground beef in a large frying pan. Add spaghetti sauce, tomato sauce,
  corn, sliced mushrooms and chopped onion. Simmer until the mushrooms are
  cooked. Add seasonings and continue to simmer.  In a large pot cook the
  shells and drain. Mix sauce with shells and serve.  Leftovers are even
  better and I always make extra.  From: Syd's Cookbook.
  
  File ftp://ftp.idiscover.co.uk/pub/food/mealmaster/recipes/sydsbook.zip
 
</step></directions></recipe></recipeml>
