<?xml version="1.0" encoding="UTF-8"?>

<recipeml version="0.5">
  <recipe>
    <head>
      <title>Andhra Hot Coconut Rice</title>
      <categories>
        <cat>Rice</cat></categories>
      <yield>8</yield></head>
    <ingredients>
      <ing>
        <amt>
          <qty>4</qty>
          <unit/></amt>
        <item>Dried red new mexico chiles; stemed &amp; crushed</item></ing>
      <ing>
        <amt>
          <qty>4</qty>
          <unit/></amt>
        <item>Fresh jalapeno or serrano chiles, finely chopped</item></ing>
      <ing>
        <amt>
          <qty>2</qty>
          <unit>cups</unit></amt>
        <item>Freshly grated coconut</item></ing>
      <ing>
        <amt>
          <qty>2</qty>
          <unit>cups</unit></amt>
        <item>Cooked rice</item></ing>
      <ing>
        <amt>
          <qty>1</qty>
          <unit>teaspoon</unit></amt>
        <item>Salt</item></ing>
      <ing>
        <amt>
          <qty>1</qty>
          <unit>teaspoon</unit></amt>
        <item>Mustard seeds</item></ing>
      <ing>
        <amt>
          <qty>2</qty>
          <unit>teaspoons</unit></amt>
        <item>Peanuts</item></ing>
      <ing>
        <amt>
          <qty>2</qty>
          <unit>teaspoons</unit></amt>
        <item>Cashews</item></ing>
      <ing>
        <amt>
          <qty>1/2</qty>
          <unit>cups</unit></amt>
        <item>Vegetable oil</item></ing>
      <ing>
        <amt>
          <qty/>
          <unit/></amt>
        <item>Several fresh whole red and green chiles for garnish</item></ing></ingredients>
    <directions>
      <step>  Roast the coconut in a dry frying pan until it is golden brown, then mix in
  the rice and salt. Set aside. Heat the oil and fry the mustard seeds,
  peanuts, and cashews, but take care they do not burn. Pour the seasoning
  mixture over the rice and coconut, and mix well. Garnish with the whole red
  and green chiles. This one is hot so watch out !
  
  Formatted &amp; Busted by RecipeLu &lt;recipelu@recipelu.com&gt;
  Posted to recipelu-digest Volume 01 Number 208 by RecipeLu
  &lt;recipelu@geocities.com&gt; on Nov 07, 1997
 
</step></directions></recipe></recipeml>
