<?xml version="1.0" encoding="UTF-8"?>

<recipeml version="0.5">
  <recipe>
    <head>
      <title>Andhra Hot Coconut Rice</title>
      <categories>
        <cat>India</cat></categories>
      <yield>6</yield></head>
    <ingredients>
      <ing>
        <amt>
          <qty>4</qty>
          <unit/></amt>
        <item>Dried red New Mexico chiles, stems removed, crushed</item></ing>
      <ing>
        <amt>
          <qty>4</qty>
          <unit/></amt>
        <item>Fresh jalapeno or serrano chiles, stems removed, finely chopped</item></ing>
      <ing>
        <amt>
          <qty>2</qty>
          <unit>cups</unit></amt>
        <item>Freshly grated coconut</item></ing>
      <ing>
        <amt>
          <qty>2</qty>
          <unit>cups</unit></amt>
        <item>Cooked rice</item></ing>
      <ing>
        <amt>
          <qty>1</qty>
          <unit>teaspoon</unit></amt>
        <item>Salt</item></ing>
      <ing>
        <amt>
          <qty>1</qty>
          <unit>teaspoon</unit></amt>
        <item>Mustard seeds</item></ing>
      <ing>
        <amt>
          <qty>2</qty>
          <unit>teaspoons</unit></amt>
        <item>Peanuts</item></ing>
      <ing>
        <amt>
          <qty>2</qty>
          <unit>teaspoons</unit></amt>
        <item>Cashews</item></ing>
      <ing>
        <amt>
          <qty>1/2</qty>
          <unit>cups</unit></amt>
        <item>Vegetable oil</item></ing></ingredients>
    <directions>
      <step>  several fresh whole red and green chiles for garnish Roast the coconut in a
  dry frying pan until it is golden brown, then mix in the rice and salt. Set
  aside. Heat the oil and fry the mustard seeds, peanuts, and cashews, but
  take care they do not burn. Pour the seasoning mixture over the rice and
  coconut, and mix well. Garnish with the whole red and green chiles. Serves:
  6-8. Heat scale: Hot. ANDHRA HOT COCONUT RICE
  
  File ftp://ftp.idiscover.co.uk/pub/food/mealmaster/recipes/mmdja006.zip
 
</step></directions></recipe></recipeml>
