<?xml version="1.0" encoding="UTF-8"?>

<recipeml version="0.5">
  <recipe>
    <head>
      <title>Andhra Mutton Biriyani</title>
      <categories>
        <cat>India</cat></categories>
      <yield>1</yield></head>
    <ingredients>
      <ing>
        <amt>
          <qty>8</qty>
          <unit/></amt>
        <item>Chiles, serrano (or jalapeno ;stems removed</item></ing>
      <ing>
        <amt>
          <qty>4</qty>
          <unit>cups</unit></amt>
        <item>Basmati; (or long grain rice)</item></ing>
      <ing>
        <amt>
          <qty>3</qty>
          <unit>pounds</unit></amt>
        <item>Mutton; 1.5" cubes</item></ing>
      <ing>
        <amt>
          <qty>2</qty>
          <unit>cups</unit></amt>
        <item>Yogurt</item></ing>
      <ing>
        <amt>
          <qty>1 1/2</qty>
          <unit>cubic centimters</unit></amt>
        <item>Ginger</item></ing>
      <ing>
        <amt>
          <qty>10</qty>
          <unit>large</unit></amt>
        <item>Garlic cloves</item></ing>
      <ing>
        <amt>
          <qty>2</qty>
          <unit/></amt>
        <item>Cinnomon stick; 1"</item></ing>
      <ing>
        <amt>
          <qty>14</qty>
          <unit/></amt>
        <item>Cloves</item></ing>
      <ing>
        <amt>
          <qty>10</qty>
          <unit/></amt>
        <item>Cardomon seeds</item></ing>
      <ing>
        <amt>
          <qty>10</qty>
          <unit>small</unit></amt>
        <item>Onions; sliced</item></ing>
      <ing>
        <amt>
          <qty>1 1/2</qty>
          <unit>cups</unit></amt>
        <item>Ghee</item></ing>
      <ing>
        <amt>
          <qty>6</qty>
          <unit>cups</unit></amt>
        <item>Water; boiling</item></ing>
      <ing>
        <amt>
          <qty>1</qty>
          <unit>teaspoon</unit></amt>
        <item>Turmeric</item></ing>
      <ing>
        <amt>
          <qty>3</qty>
          <unit>teaspoons</unit></amt>
        <item>Salt</item></ing></ingredients>
    <directions>
      <step>  Wash and soak the rice in water for 1/2 hour. Drain off the water and tie
  the rice into a cloth. Add the meat to a mixture of the yogurt and 2 tsp
  salt and set aside. Saute the chiles in 1 TBS ghee. Mix the chiles, ginger,
  garlic, and half the cinnamon, cloves and cardamom together and grind into
  a fine paste. Rub the ground spices into the meat. Heat half the remaining
  ghee and add the meat and spice/yogurt mixture and half the onions and cook
  over a low fire until the meat is tender. Heat the remaining ghee and add
  the remaining cinnamon, cloves and cardamom. After they have cooked for a
  few minutes add the rest of the onions and fry until they are golden brown.
  Add the rice and fry it until it is slightly brown. At this point, add the
  6 cups boiling water, and then the turmeric and remaining salt. Let the
  rice mixture cook until the water is almost level with the grains (the rice
  should be half done by then) and then add the meat and its gravy. Do not
  mix them, but, after placing a tight lid on the pot, let the biriyani
  simmer for 15-20 minutes. After this, mix well and serve. Serves 8. This is
  almost a complete meal by itself, although pickles, chutneys and vegetables
  dishes would probably be served with it. Heat scale: Hot. ANDHRA MUTTON
  BIRIYANI
  
  File ftp://ftp.idiscover.co.uk/pub/food/mealmaster/recipes/mmdja006.zip
 
</step></directions></recipe></recipeml>
