<?xml version="1.0" encoding="UTF-8"?>

<recipeml version="0.5">
  <recipe>
    <head>
      <title>Andouille #2</title>
      <categories>
        <cat>Cajun</cat>
        <cat>Meats</cat>
        <cat>Appetizers</cat></categories>
      <yield>8</yield></head>
    <ingredients>
      <ing>
        <amt>
          <qty>4</qty>
          <unit>pounds</unit></amt>
        <item>Pork (2 lb fat ; 2 lb lean) [usually Boston butt]</item></ing>
      <ing>
        <amt>
          <qty>1</qty>
          <unit>pound</unit></amt>
        <item>Inner lining of pork stomach Or largest intestine (chitterlings)</item></ing>
      <ing>
        <amt>
          <qty>2</qty>
          <unit/></amt>
        <item>Cloves of garlic</item></ing>
      <ing>
        <amt>
          <qty>3</qty>
          <unit/></amt>
        <item>Bay leaves</item></ing>
      <ing>
        <amt>
          <qty>2</qty>
          <unit/></amt>
        <item>Large onions</item></ing>
      <ing>
        <amt>
          <qty>1</qty>
          <unit>tablespoon</unit></amt>
        <item>Salt (not iodized)</item></ing>
      <ing>
        <amt>
          <qty>1</qty>
          <unit>tablespoon</unit></amt>
        <item>Pepper</item></ing>
      <ing>
        <amt>
          <qty>1</qty>
          <unit>teaspoon</unit></amt>
        <item>Cayenne pepper</item></ing>
      <ing>
        <amt>
          <qty>1</qty>
          <unit>teaspoon</unit></amt>
        <item>Chili pepper</item></ing>
      <ing>
        <amt>
          <qty>1/2</qty>
          <unit>teaspoons</unit></amt>
        <item>Ground mace</item></ing>
      <ing>
        <amt>
          <qty>1/2</qty>
          <unit>teaspoons</unit></amt>
        <item>Ground cloves</item></ing>
      <ing>
        <amt>
          <qty>1/2</qty>
          <unit>teaspoons</unit></amt>
        <item>Ground allspice</item></ing>
      <ing>
        <amt>
          <qty>1</qty>
          <unit>tablespoon</unit></amt>
        <item>Minced thyme</item></ing>
      <ing>
        <amt>
          <qty>1</qty>
          <unit>tablespoon</unit></amt>
        <item>Minced marjoram</item></ing>
      <ing>
        <amt>
          <qty>1</qty>
          <unit>tablespoon</unit></amt>
        <item>Minced parsley</item></ing></ingredients>
    <directions>
      <step>  (you can use an extra pound of pork instead of the tripe.) - Chop, do not
  grind the meat.  Mix with seasonings.  Stuff into casings. Age at least
  overnight and then smoke several hours using hickory, hackberry or ash. (Do
  not use pine.)  Throw anything sweet, such as cane sugar or syrup, raw
  sugar, molassess, sugar cane or brown sugar on the wood before lighting.
  From:    Ellen Cleary
  Posted to bbq-digest V4 #38
  
  Date: Sat, 9 Nov 1996 08:07:32 -0800 (PST)
  
  From: Tom Solomon &lt;bigheat@earthlink.net&gt;
 
</step></directions></recipe></recipeml>
