<?xml version="1.0" encoding="UTF-8"?>

<recipeml version="0.5">
  <recipe>
    <head>
      <title>Andouille</title>
      <categories>
        <cat>Maincourses</cat></categories>
      <yield>1</yield></head>
    <ingredients>
      <ing>
        <amt>
          <qty>5</qty>
          <unit>pounds</unit></amt>
        <item>Pork, fat and lean separated</item></ing>
      <ing>
        <amt>
          <qty>2</qty>
          <unit>teaspoons</unit></amt>
        <item>Garlic powder</item></ing>
      <ing>
        <amt>
          <qty>2</qty>
          <unit>tablespoons</unit></amt>
        <item>Kosher salt</item></ing>
      <ing>
        <amt>
          <qty>1</qty>
          <unit>tablespoon</unit></amt>
        <item>Ground black pepper</item></ing>
      <ing>
        <amt>
          <qty>1</qty>
          <unit>teaspoon</unit></amt>
        <item>Red pepper flakes</item></ing>
      <ing>
        <amt>
          <qty>2</qty>
          <unit>teaspoons</unit></amt>
        <item>Cayenne</item></ing>
      <ing>
        <amt>
          <qty>3</qty>
          <unit>tablespoons</unit></amt>
        <item>Paprika</item></ing>
      <ing>
        <amt>
          <qty>1/2</qty>
          <unit>teaspoons</unit></amt>
        <item>Ground mace</item></ing>
      <ing>
        <amt>
          <qty>1</qty>
          <unit>teaspoon</unit></amt>
        <item>Thyme</item></ing>
      <ing>
        <amt>
          <qty>2</qty>
          <unit>tablespoons</unit></amt>
        <item>Sugar</item></ing>
      <ing>
        <amt>
          <qty>1</qty>
          <unit>teaspoon</unit></amt>
        <item>Prague powder #1</item></ing>
      <ing>
        <amt>
          <qty>3/4</qty>
          <unit>cups</unit></amt>
        <item>Cold water</item></ing>
      <ing>
        <amt>
          <qty>1/2</qty>
          <unit>cups</unit></amt>
        <item>Soy concentrate</item></ing>
      <ing>
        <amt>
          <qty/>
          <unit/></amt>
        <item>Wide hog casings</item></ing></ingredients>
    <directions>
      <step>  Grind the fat through a 1/4 inch plate. Grind lean meat through 1/2 inch
  plate. Dissolve Prague powder in water to ensure even distribution. Mix all
  ingredients, except casings, well. Stuff into casings and twist at 12 inch
  intervals to form links. Hang sausages in front of a fan in a cool place
  overnight to dry. Smoke at less than 140F for 6 to 8 hours. Refrigerate
  until firm. Freezes well.
  Recipe By     : Richard Matthews
  
  Posted to bbq-digest V4 #38
  
  Date: Sat, 9 Nov 1996 08:07:32 -0800 (PST)
  
  From: Tom Solomon &lt;bigheat@earthlink.net&gt;
 
</step></directions></recipe></recipeml>
