<?xml version="1.0" encoding="UTF-8"?>

<recipeml version="0.5">
  <recipe>
    <head>
      <title>Andouille Sausage Making</title>
      <categories>
        <cat>Sausages</cat>
        <cat>Meats</cat></categories>
      <yield>5</yield></head>
    <ingredients>
      <ing>
        <amt>
          <qty>4</qty>
          <unit>pounds</unit></amt>
        <item>Pork</item></ing>
      <ing>
        <amt>
          <qty>1</qty>
          <unit>pound</unit></amt>
        <item>Tripe or chitterlings</item></ing>
      <ing>
        <amt>
          <qty>2</qty>
          <unit/></amt>
        <item>Garlic cloves</item></ing>
      <ing>
        <amt>
          <qty>3</qty>
          <unit/></amt>
        <item>Bay leaves</item></ing>
      <ing>
        <amt>
          <qty>2</qty>
          <unit>large</unit></amt>
        <item>Onions</item></ing>
      <ing>
        <amt>
          <qty>1</qty>
          <unit>tablespoon</unit></amt>
        <item>Salt (not iodized)</item></ing>
      <ing>
        <amt>
          <qty>1</qty>
          <unit>tablespoon</unit></amt>
        <item>Pepper</item></ing>
      <ing>
        <amt>
          <qty>1</qty>
          <unit>teaspoon</unit></amt>
        <item>Cayenne pepper</item></ing>
      <ing>
        <amt>
          <qty>1</qty>
          <unit>teaspoon</unit></amt>
        <item>Chili pepper</item></ing>
      <ing>
        <amt>
          <qty>1/2</qty>
          <unit>teaspoons</unit></amt>
        <item>Ground mace</item></ing>
      <ing>
        <amt>
          <qty>1/2</qty>
          <unit>teaspoons</unit></amt>
        <item>Ground cloves</item></ing>
      <ing>
        <amt>
          <qty>1/2</qty>
          <unit>teaspoons</unit></amt>
        <item>Ground allspice</item></ing>
      <ing>
        <amt>
          <qty>1</qty>
          <unit>tablespoon</unit></amt>
        <item>Minced thyme</item></ing>
      <ing>
        <amt>
          <qty>1</qty>
          <unit>tablespoon</unit></amt>
        <item>Minced marjoram</item></ing>
      <ing>
        <amt>
          <qty>1</qty>
          <unit>tablespoon</unit></amt>
        <item>Minced parsley</item></ing></ingredients>
    <directions>
      <step>  Pork should be approx 2 lbs fat and 2 lbs lean [usually Boston butt] The
  tripe is the inner lining of pork stomach and chitterlings (largest
  intestine) may be used instead. You can use an extra pound of pork instead
  of the tripe/chitterlings.
  
  Chop, do not grind the meat.  Mix with seasonings. Stuff into casings. Age
  at least overnight and then smoke several hours using hickory, hackberry or
  ash. (Do not use pine.) Throw anything sweet, such as cane sugar or syrup,
  raw sugar, molassess, sugar cane or brown sugar on the wood before
  lighting. [-=PAM=-]
  
  Paul A. Meadows - Concepts In Drug Education Ottawa, Ont K1S 5J6 FAX
  613-565-3759
  
  ~~~ Rec.food.recipes is moderated; only recipes and recipe requests are
  accepted for posting. Please read the "Posting Guidelines" article first.
  Submissions go to recipes@rt66.com; questions/comments go to
  tfdpress@acpub.duke.edu. Please allow several days for your submission to
  appear. Xref: news.demon.co.uk rec.food.recipes:7469 Path:
  news.demon.co.uk!peernews.demon.co.uk!news.sprintlink.n t!news.clark.n t!ra
  hul.net!a2i!mack.rt66.com!mack.rt66.com!not-for-mail From:
  af656@freenet.carleton.ca (Paul A. Meadows) Newsgroups: rec.food.recipes
  Subject: COLLECTION: Bratwurst Sausage Followup-To: rec.food.cooking Date:
  16 Apr 1995 21:37:06 -0600 Organization: Freenet Lines: 85 Sender:
  phill@mack.rt66.com Approved: phill@rt66.com Message-ID:
  &lt;199504100414.AAA00198@freenet2.carleton.ca&gt; Reply-To:
  af656@freenet.carleton.ca (Paul A. Meadows) NNTP-Posting-Host:
  mack.rt66.com
  
  MM: Bratwurst(2) (Sausage Making)
  
  From Gemini's MASSIVE MealMaster collection at www.synapse.com/~gemini
 
</step></directions></recipe></recipeml>
