<?xml version="1.0" encoding="UTF-8"?>

<recipeml version="0.5">
  <recipe>
    <head>
      <title>Andouille and Corn Pudding</title>
      <categories>
        <cat>New</cat>
        <cat>Text</cat>
        <cat>Import</cat></categories>
      <yield>1</yield></head>
    <ingredients>
      <ing>
        <amt>
          <qty>1</qty>
          <unit>tablespoon</unit></amt>
        <item>Olive oil</item></ing>
      <ing>
        <amt>
          <qty>1</qty>
          <unit>pound</unit></amt>
        <item>Andouille sausage, coarsely chopped</item></ing>
      <ing>
        <amt>
          <qty>1</qty>
          <unit>cup</unit></amt>
        <item>Chopped onions</item></ing>
      <ing>
        <amt>
          <qty>1/2</qty>
          <unit>cups</unit></amt>
        <item>Chopped celery</item></ing>
      <ing>
        <amt>
          <qty>2</qty>
          <unit>tablespoons</unit></amt>
        <item>Minced garlic</item></ing>
      <ing>
        <amt>
          <qty>1</qty>
          <unit>cup</unit></amt>
        <item>Fresh sweet corn,; about 2 ears</item></ing>
      <ing>
        <amt>
          <qty>5</qty>
          <unit/></amt>
        <item>Eggs; beaten</item></ing>
      <ing>
        <amt>
          <qty>1</qty>
          <unit>cup</unit></amt>
        <item>Heavy cream</item></ing>
      <ing>
        <amt>
          <qty>3</qty>
          <unit>cups</unit></amt>
        <item>Milk</item></ing>
      <ing>
        <amt>
          <qty/>
          <unit/></amt>
        <item>Salt and cayenne pepper</item></ing>
      <ing>
        <amt>
          <qty/>
          <unit/></amt>
        <item>Freshly ground black pepper</item></ing>
      <ing>
        <amt>
          <qty>8</qty>
          <unit>cups</unit></amt>
        <item>White bread,; 1-inch cubes</item></ing>
      <ing>
        <amt>
          <qty>8</qty>
          <unit>ounces</unit></amt>
        <item>Grated white cheddar,; about 2 cups</item></ing>
      <ing>
        <amt>
          <qty>1/2</qty>
          <unit/></amt>
        <item>Chicken, (breast, thigh, and leg attached); grilled</item></ing>
      <ing>
        <amt>
          <qty>2</qty>
          <unit/></amt>
        <item>Chicken wings, marinated in Crystal hot sa; and dredge</item></ing>
      <ing>
        <amt>
          <qty>1</qty>
          <unit>cup</unit></amt>
        <item>Dark chicken reduction,; warm</item></ing>
      <ing>
        <amt>
          <qty>1/4</qty>
          <unit>cups</unit></amt>
        <item>Grated white cheddar cheese</item></ing>
      <ing>
        <amt>
          <qty>1</qty>
          <unit>tablespoon</unit></amt>
        <item>Chopped chives</item></ing>
      <ing>
        <amt>
          <qty>1</qty>
          <unit>tablespoon</unit></amt>
        <item>Brunoise red peppers</item></ing></ingredients>
    <directions>
      <step>  Preheat the oven to 375 degrees. Preheat the grill. Preheat the fryer.
  Grease a 3 quart baking dish. In a saut_ pan, heat the olive oil. When the
  oil is hot, add the Andouille and render for 3 to 4 minutes. Add the onions
  and celery and continue to saut_ for 4 to 5 minutes, or until the
  vegetables are wilted. Add the garlic and corn and cook for 1 minute.
  Season the mixture with salt and pepper. Remove from the heat and set
  aside. In a mixing bowl, whisk the eggs, cream, and milk together. Season
  the mixture with salt, cayenne and black pepper. Fold the Andouille
  mixture, bread cubes and half of the cheese into the cream mixture, mix
  thoroughly. Cover the pudding and refrigerate for 30 minutes. Pour the
  mixture into the prepared pan. Sprinkle the pudding with the remaining
  cheese. Bake for 45 minutes or until the pudding is set and golden brown.
  Remove from the oven and let stand for 5 minutes. Fry the chicken wings for
  about 3 minutes or until they float. Remove from the fryer and drain.
  Season the wings with Essence. Mound the pudding in the center of the
  plate. Lay the grilled chicken aside the pudding. Spoon the sauce over the
  top. Garnish with the chicken wings, grated cheese, chives, and peppers.
  
  Yield: 8 servings
  Recipe By     :ESSENCE OF EMERIL SHOW #EE2437
  
  Posted to MC-Recipe Digest V1 #289
  
  Date: Sat, 9 Nov 1996 14:18:58 -0500
  
  From: Meg Antczak &lt;meginny@frontiernet.net&gt;
 
</step></directions></recipe></recipeml>
