<?xml version="1.0" encoding="UTF-8"?>

<recipeml version="0.5">
  <recipe>
    <head>
      <title>Andouille Sausage</title>
      <categories>
        <cat>*md</cat>
        <cat>Ethnic</cat>
        <cat>Sausage</cat>
        <cat>Tvfn</cat></categories>
      <yield>1</yield></head>
    <ingredients>
      <ing>
        <amt>
          <qty>1</qty>
          <unit/></amt>
        <item>Boneless pork butt; about 5 pounds, cut into 1-inch pieces</item></ing>
      <ing>
        <amt>
          <qty>1/2</qty>
          <unit>cups</unit></amt>
        <item>Rustic rub</item></ing>
      <ing>
        <amt>
          <qty>1 1/2</qty>
          <unit>teaspoons</unit></amt>
        <item>Chili powder</item></ing>
      <ing>
        <amt>
          <qty>1/4</qty>
          <unit>cups</unit></amt>
        <item>Paprika</item></ing>
      <ing>
        <amt>
          <qty>1 1/2</qty>
          <unit>teaspoons</unit></amt>
        <item>File powder</item></ing>
      <ing>
        <amt>
          <qty>3</qty>
          <unit>teaspoons</unit></amt>
        <item>Freshly ground black pepper</item></ing>
      <ing>
        <amt>
          <qty>1</qty>
          <unit>teaspoon</unit></amt>
        <item>Cumin</item></ing>
      <ing>
        <amt>
          <qty>1 1/2</qty>
          <unit>teaspoons</unit></amt>
        <item>Crushed red pepper</item></ing>
      <ing>
        <amt>
          <qty>2</qty>
          <unit>teaspoons</unit></amt>
        <item>Garlic powder</item></ing>
      <ing>
        <amt>
          <qty>2</qty>
          <unit>teaspoons</unit></amt>
        <item>Salt</item></ing>
      <ing>
        <amt>
          <qty>1/4</qty>
          <unit>cups</unit></amt>
        <item>Chopped garlic</item></ing></ingredients>
    <directions>
      <step>  Prepare the smoker. In a mixing bowl, toss the pork with the remaining
  ingredients together. Cover and refrigerate for 24 hours. Remove from the
  refrigerator and pass the meat through a meat grinder with a 1/2-inch die
  attachment. Remove half of the meat and pass through the grinder a second
  time. Stuff 1/2 the sausage into 1 1/2-inch casings. Tie the casings at
  4-inch intervals for individual links. Form the remaining mixture into
  4-ounce patties. Place the casings and patties in the smoker and smoke for
  25 to 30 minutes. Remove from the smoker and cool. Yield: 5 pounds
  
  NOTES : Posted by Emily Griffin - emgriffi@ix.netcom.com S:
  
  Recipe by: EMERIL LIVE SHOW #EMIA72 PORK FAT RULES
  
  Posted to MC-Recipe Digest V1 #919 by Emily Griffin
  &lt;emgriffi@ix.netcom.com&gt; on Nov 22, 1997
 
</step></directions></recipe></recipeml>
