<?xml version="1.0" encoding="UTF-8"?>

<recipeml version="0.5">
  <recipe>
    <head>
      <title>Andouille Cornbread Stuffing</title>
      <categories>
        <cat>Side dish</cat>
        <cat>Stuffings</cat></categories>
      <yield>1</yield></head>
    <ingredients>
      <ing>
        <amt>
          <qty>1</qty>
          <unit>tablespoon</unit></amt>
        <item>Olive oil</item></ing>
      <ing>
        <amt>
          <qty>1/4</qty>
          <unit>cups</unit></amt>
        <item>Chopped yellow onions</item></ing>
      <ing>
        <amt>
          <qty>1/2</qty>
          <unit>cups</unit></amt>
        <item>Chopped andouille sausage -; (abt 2 oz)</item></ing>
      <ing>
        <amt>
          <qty>1/4</qty>
          <unit>cups</unit></amt>
        <item>Chopped green onions</item></ing>
      <ing>
        <amt>
          <qty>2</qty>
          <unit>tablespoons</unit></amt>
        <item>Chopped celery</item></ing>
      <ing>
        <amt>
          <qty>2</qty>
          <unit>tablespoons</unit></amt>
        <item>Chopped green bell peppers</item></ing>
      <ing>
        <amt>
          <qty>1</qty>
          <unit>tablespoon</unit></amt>
        <item>Finely-chopped fresh garlic</item></ing>
      <ing>
        <amt>
          <qty>1</qty>
          <unit>cup</unit></amt>
        <item>Coarsely-crumbled corn muffins; homemade, or purchased</item></ing>
      <ing>
        <amt>
          <qty>1/2</qty>
          <unit>cups</unit></amt>
        <item>Chicken stock</item></ing>
      <ing>
        <amt>
          <qty>1</qty>
          <unit>teaspoon</unit></amt>
        <item>Bayou Blast; see * Note</item></ing>
      <ing>
        <amt>
          <qty/>
          <unit/></amt>
        <item>Salt; to taste</item></ing>
      <ing>
        <amt>
          <qty/>
          <unit/></amt>
        <item>Freshly-ground black pepper; to taste</item></ing></ingredients>
    <directions>
      <step>  * Note: See the "Bayou Blast - {Emeril's Creole Seasoning}" recipe which is
  included in this collection.
  
  Heat oil in a large skillet over high heat. Add yellow onions and sausage
  and saute 1 minute. Add green onions, celery, bell peppers and garlic and
  stir-fry 1 minute. Stir in corn muffins, stock and Bayou Blast, season to
  taste with salt and pepper and cook, stirring and shaking the skillet,
  about 2 minutes. Remove from heat and serve with roast chicken, turkey or
  pork.
  
  Recipe Source: ESSENCE OF EMERIL with Emeril Lagasse From the TV FOOD
  NETWORK - (Show # EE-006 broadcast 11-17-1997) Downloaded from their
  Web-Site - http://www.foodtv.com
  
  Formatted for MasterCook by Joe Comiskey, aka MR MAD - jpmd44a@prodigy.com
  ~or- MAD-SQUAD@prodigy.net
  
  11-18-1997
  
  Recipe by: Emeril Lagasse
 
</step></directions></recipe></recipeml>
