<?xml version="1.0" encoding="UTF-8"?>

<recipeml version="0.5">
  <recipe>
    <head>
      <title>Andouille Jambalaya</title>
      <categories>
        <cat>Ethnic</cat>
        <cat>Cajun</cat></categories>
      <yield>6</yield></head>
    <ingredients>
      <ing>
        <amt>
          <qty>2</qty>
          <unit>tablespoons</unit></amt>
        <item>Vegetable oil</item></ing>
      <ing>
        <amt>
          <qty>2</qty>
          <unit>large</unit></amt>
        <item>Onions; chopped, divided</item></ing>
      <ing>
        <amt>
          <qty>3/4</qty>
          <unit>pounds</unit></amt>
        <item>Andouille sausage; thinly sliced</item></ing>
      <ing>
        <amt>
          <qty>1</qty>
          <unit>medium</unit></amt>
        <item>Green bell pepper; cored, seeded and coarsely chopped</item></ing>
      <ing>
        <amt>
          <qty>1</qty>
          <unit/></amt>
        <item>Celery rib; chopped</item></ing>
      <ing>
        <amt>
          <qty>2</qty>
          <unit/></amt>
        <item>Garlic cloves; minced</item></ing>
      <ing>
        <amt>
          <qty>1</qty>
          <unit>cup</unit></amt>
        <item>Long-grain white rice</item></ing>
      <ing>
        <amt>
          <qty>1</qty>
          <unit>can</unit></amt>
        <item>(14 1/2-ounce) crushed tomatoes in puree</item></ing>
      <ing>
        <amt>
          <qty>2</qty>
          <unit>teaspoons</unit></amt>
        <item>Dried oregano leaves</item></ing>
      <ing>
        <amt>
          <qty>1</qty>
          <unit>teaspoon</unit></amt>
        <item>Tabasco sauce</item></ing>
      <ing>
        <amt>
          <qty>1/2</qty>
          <unit>teaspoons</unit></amt>
        <item>Dried thyme leaves</item></ing>
      <ing>
        <amt>
          <qty>1/2</qty>
          <unit>teaspoons</unit></amt>
        <item>Cayenne pepper</item></ing>
      <ing>
        <amt>
          <qty>1</qty>
          <unit/></amt>
        <item>Bay leaf</item></ing>
      <ing>
        <amt>
          <qty>2</qty>
          <unit>cups</unit></amt>
        <item>Chicken broth</item></ing>
      <ing>
        <amt>
          <qty>1</qty>
          <unit>pound</unit></amt>
        <item>Medium shrimp; peeled and deveined</item></ing></ingredients>
    <directions>
      <step>  Heat the oil in a heavy-bottomed 2-quart saucepan over medium heat. Add
  half the onions and cook, uncovered, stirring occasionally, until the
  onions are caramelized but do not burn, about 5 to 10 minutes. Add the
  remaining onions, the sausage, green pepper, celery and garlic. Cook,
  stirring frequently, for 5 minutes. Add the rice and stir to coat with oil.
  Add the tomatoes, oregano, Tabasco sauce, thyme, cayenne, bay leaf and
  chicken broth. Bring to a boil over high heat, cover, reduce the heat and
  cook until liquid is absorbed and rice is tender, about 25 minutes. Add the
  shrimp, cover and cook an additional 5 minutes over low heat, or until the
  shrimp are pink. Taste and adjust seasoning.
  
  Recipe by: The Hartford Courant
  
  Posted to MC-Recipe Digest V1 #781 by John Snell, jws@teleport.com on
 
</step></directions></recipe></recipeml>
