<?xml version="1.0" encoding="UTF-8"?>

<recipeml version="0.5">
  <recipe>
    <head>
      <title>Andouille and Artichoke Bisque Soup</title>
      <categories>
        <cat>Pork &amp; ham</cat>
        <cat>Soups &amp; ste</cat></categories>
      <yield>10</yield></head>
    <ingredients>
      <ing>
        <amt>
          <qty>4</qty>
          <unit>ounces</unit></amt>
        <item>Butter</item></ing>
      <ing>
        <amt>
          <qty>1</qty>
          <unit>large</unit></amt>
        <item>Bell pepper (red) --</item></ing>
      <ing>
        <amt>
          <qty/>
          <unit/></amt>
        <item>Julienned</item></ing>
      <ing>
        <amt>
          <qty>1</qty>
          <unit>large</unit></amt>
        <item>Bell pepper (green) --</item></ing>
      <ing>
        <amt>
          <qty/>
          <unit/></amt>
        <item>Julienned</item></ing>
      <ing>
        <amt>
          <qty>1</qty>
          <unit>large</unit></amt>
        <item>Bell pepper (yellow) --</item></ing>
      <ing>
        <amt>
          <qty/>
          <unit/></amt>
        <item>Julienned</item></ing>
      <ing>
        <amt>
          <qty>1</qty>
          <unit>large</unit></amt>
        <item>Yellow onion -- julienned</item></ing>
      <ing>
        <amt>
          <qty>16</qty>
          <unit>ounces</unit></amt>
        <item>Can</item></ing>
      <ing>
        <amt>
          <qty/>
          <unit/></amt>
        <item>Pc in 1/2</item></ing>
      <ing>
        <amt>
          <qty>1</qty>
          <unit>pound</unit></amt>
        <item>Andouille sausage -- 1/4</item></ing>
      <ing>
        <amt>
          <qty/>
          <unit/></amt>
        <item>Inch diced</item></ing>
      <ing>
        <amt>
          <qty>3</qty>
          <unit>tablespoons</unit></amt>
        <item>Flour</item></ing>
      <ing>
        <amt>
          <qty>1</qty>
          <unit>cup</unit></amt>
        <item>Dry vermouth</item></ing>
      <ing>
        <amt>
          <qty>1</qty>
          <unit>cup</unit></amt>
        <item>Chicken stock</item></ing>
      <ing>
        <amt>
          <qty>1</qty>
          <unit>cup</unit></amt>
        <item>Half and half</item></ing>
      <ing>
        <amt>
          <qty>2</qty>
          <unit>cups</unit></amt>
        <item>Heavy whipping cream</item></ing>
      <ing>
        <amt>
          <qty>1/4</qty>
          <unit>teaspoons</unit></amt>
        <item>Cayenne pepper</item></ing>
      <ing>
        <amt>
          <qty>1/4</qty>
          <unit>teaspoons</unit></amt>
        <item>Black pepper</item></ing>
      <ing>
        <amt>
          <qty>1</qty>
          <unit>tablespoon</unit></amt>
        <item>Basil</item></ing>
      <ing>
        <amt>
          <qty>1/2</qty>
          <unit>tablespoons</unit></amt>
        <item>Oregano</item></ing>
      <ing>
        <amt>
          <qty>1</qty>
          <unit>cup</unit></amt>
        <item>Jalapeno cheese -- shredded</item></ing>
      <ing>
        <amt>
          <qty/>
          <unit/></amt>
        <item>Salt to taste</item></ing>
      <ing>
        <amt>
          <qty/>
          <unit/></amt>
        <item>Quartered artichokes -- cut</item></ing></ingredients>
    <directions>
      <step>  Melt butter, saute vegetables and andouille sausage until vegetables are
  tender and sausage lightly browned.  Add flour, cook 5-8 minutes until
  blond roux forms.  Add vermouth.  Add hot chicken stock, half &amp; half and
  heavy cream.  Add herbs and seasonings.  Cook until thickened.  Adjust
  seasonings to taste Source: Brit Shockely of Broussard's Catering.. Can
  substitute smoked spicy sausage for Andouille
  
  Recipe By     : Rhonda Guilbeaux
  
  From: Ladies Home Journal- August 1991
  
  File ftp://ftp.idiscover.co.uk/pub/food/mealmaster/recipes/mmdja006.zip
 
</step></directions></recipe></recipeml>
