<?xml version="1.0" encoding="UTF-8"?>

<recipeml version="0.5">
  <recipe>
    <head>
      <title>Andouille in Comforting Barbecue Sauce</title>
      <categories>
        <cat>Cajun</cat>
        <cat>Appetizers</cat></categories>
      <yield>25</yield></head>
    <ingredients>
      <ing>
        <amt>
          <qty>4</qty>
          <unit>cups</unit></amt>
        <item>Onions, finely chopped</item></ing>
      <ing>
        <amt>
          <qty>1</qty>
          <unit>cup</unit></amt>
        <item>Bell pepper, finely chopped</item></ing>
      <ing>
        <amt>
          <qty>1</qty>
          <unit>cup</unit></amt>
        <item>Peanut oil</item></ing>
      <ing>
        <amt>
          <qty>3</qty>
          <unit>cups</unit></amt>
        <item>Steak sauce</item></ing>
      <ing>
        <amt>
          <qty>3</qty>
          <unit>cups</unit></amt>
        <item>Ketchup</item></ing>
      <ing>
        <amt>
          <qty>3</qty>
          <unit>teaspoons</unit></amt>
        <item>Salt, to taste</item></ing>
      <ing>
        <amt>
          <qty>1</qty>
          <unit>pound</unit></amt>
        <item>Andouille sausage</item></ing>
      <ing>
        <amt>
          <qty>1</qty>
          <unit>cup</unit></amt>
        <item>Celery, finely chopped</item></ing>
      <ing>
        <amt>
          <qty>1</qty>
          <unit>cup</unit></amt>
        <item>Parsley, finely chopped</item></ing>
      <ing>
        <amt>
          <qty>1</qty>
          <unit>tablespoon</unit></amt>
        <item>Garlic, finely chopped</item></ing>
      <ing>
        <amt>
          <qty>1/2</qty>
          <unit>cups</unit></amt>
        <item>Louisiana hot sauce OR</item></ing>
      <ing>
        <amt>
          <qty>2</qty>
          <unit>tablespoons</unit></amt>
        <item>Cayenne pepper</item></ing>
      <ing>
        <amt>
          <qty>1</qty>
          <unit>cup</unit></amt>
        <item>Southern Comfort Liquor</item></ing></ingredients>
    <directions>
      <step>  Saute onions, celery, bell pepper, and parsley in peanut oil until the
  onions are clear or tender.  Add garlic and cook a little longer.  Add
  steak sauce, hot sauce, and ketchup.  Add salt to taste.  Add Southern
  Comfort.  Bring to a boil.  Lower heat and cook for 2 to 3 hours.
  Makes about 3/4 gallon.  This will keep in the refrigerator for weeks.
  Slice 1 lb. andouille or smoked sausage 1/4 inch thick and combine with
  1 cup sauce.  Heat well on stove or in a chafing dish.  Serve with small
  pieces of French bread or use teethpicks to spear andouille.  You will
  need plenty of napkins, also, too.
  "Other smoked sausages may be used, but we like andouille."
  From Justin Wilsons "Outdoor Cooking With Inside Help ."
  
  File ftp://ftp.idiscover.co.uk/pub/food/mealmaster/recipes/cajun.zip
 
</step></directions></recipe></recipeml>
