<?xml version="1.0" encoding="UTF-8"?>

<recipeml version="0.5">
  <recipe>
    <head>
      <title>Andouille and Chicken Gumbo with File</title>
      <categories>
        <cat>Cajun/</cat>
        <cat>Creole</cat></categories>
      <yield>1</yield></head>
    <ingredients>
      <ing>
        <amt>
          <qty>1</qty>
          <unit/></amt>
        <item>4-Pound Hen; (4 to 6)</item></ing>
      <ing>
        <amt>
          <qty>1/2</qty>
          <unit>cups</unit></amt>
        <item>Cooking Oil</item></ing>
      <ing>
        <amt>
          <qty>3/4</qty>
          <unit>cups</unit></amt>
        <item>All-Purpose Flour</item></ing>
      <ing>
        <amt>
          <qty>2 1/2</qty>
          <unit>cups</unit></amt>
        <item>Onions; chopped</item></ing>
      <ing>
        <amt>
          <qty>1 1/2</qty>
          <unit>cups</unit></amt>
        <item>Celery; chopped</item></ing>
      <ing>
        <amt>
          <qty>3/4</qty>
          <unit>cups</unit></amt>
        <item>Green Onions; chopped</item></ing>
      <ing>
        <amt>
          <qty>4</qty>
          <unit/></amt>
        <item>Garlic Cloves; (4 to 5)</item></ing>
      <ing>
        <amt>
          <qty>1</qty>
          <unit>pound</unit></amt>
        <item>Andouille; sliced</item></ing>
      <ing>
        <amt>
          <qty>1</qty>
          <unit>pound</unit></amt>
        <item>Smoked Sausage; sliced</item></ing>
      <ing>
        <amt>
          <qty>6</qty>
          <unit>quarts</unit></amt>
        <item>Water</item></ing>
      <ing>
        <amt>
          <qty>4</qty>
          <unit>teaspoons</unit></amt>
        <item>Black Pepper</item></ing>
      <ing>
        <amt>
          <qty/>
          <unit/></amt>
        <item>File</item></ing>
      <ing>
        <amt>
          <qty>3/4</qty>
          <unit>cups</unit></amt>
        <item>Parsley; chopped</item></ing>
      <ing>
        <amt>
          <qty>3</qty>
          <unit>cups</unit></amt>
        <item>Rice; cooked</item></ing></ingredients>
    <directions>
      <step>  Heat water in large pot. Cut hen into serving pieces. Season with 2
  teaspoons salt and 1/2 teaspoon black pepper. Brown in hot oil. Remove
  chicken and set aside. Add flour to drippings. Scrape bottom of skillet to
  loosen drippings. Make a medium-brown roux. Add onions and celery. Continue
  cooking 10 minutes, stirring constantly. Add roux to hot water. Stir until
  dissolved. Add hen, andouille, sausage and remaining salt and pepper.
  Simmer; remove andouille and sausage, when tender, set aside. Continue
  cooking until chicken is tender, about 2 hours. Add andouille, sausage,
  green onions, and parsley. Adjust seasoning if necessary. Cook 15 minutes
  longer. Add file, allowing 1/4 teaspoon per serving. Makes 4-1/2 quarts.
  Serve over cooked rice.
  
  Festival: Bridge City Gumbo Festival; October 13-15, 1995 Recipe: Jeanne
  Daunie
  
  Recipe by: New Orleans Recipes
  
  Posted to EAT-L Digest  by wilson@tfs.net on Jun 21, 1996
 
</step></directions></recipe></recipeml>
