<?xml version="1.0" encoding="UTF-8"?>

<recipeml version="0.5">
  <recipe>
    <head>
      <title>Andouille in Puff Pastry</title>
      <categories>
        <cat>Appetizers</cat>
        <cat>Meats</cat></categories>
      <yield>8</yield></head>
    <ingredients>
      <ing-div>
        <title>WALDINE VAN GEFFEN VGHC42A</title>
        <ing>
          <amt>
            <qty>1 3/4</qty>
            <unit>pounds</unit></amt>
          <item>Andouille sausage</item></ing>
        <ing>
          <amt>
            <qty/>
            <unit/></amt>
          <item>Puff pastry or filo</item></ing>
        <ing>
          <amt>
            <qty/>
            <unit/></amt>
          <item>Creole mustard</item></ing>
        <ing>
          <amt>
            <qty>1</qty>
            <unit>cup</unit></amt>
          <item>Cheese; grate</item></ing>
        <ing>
          <amt>
            <qty>1</qty>
            <unit/></amt>
          <item>Egg white; beat</item></ing></ing-div></ingredients>
    <directions>
      <step>  To cook the sausage, slit the skin at several point with a knife to keep it
  from splitting while cooking. Place in a pot of cold water and bring to a
  boil. Turn down the heat and simmer for 45 minutes. Remove, allow to cool
  on a cloth, then carefully remove skin with a knife. Chop coarsely. Preheat
  oven to 425~. Spread puff pastry sheets as directed. Cut into 4" squares.
  Place a tb of andouille in center of each square. For variety, place a
  dollor of mustard on 1/3 of the appetizers, 2 tb cheese on 1/3 and leave
  1/3 plain. Brush edges with beaten egg white, fold into triangle and press
  edges together with fork to seal and flute. Brush tops with beaten egg
  white. Bake at 425~ for about 15 minutes or until golden brown.
  VARIATION-Fresh pork or Italian sausage may be substituted for the
  andouille. Source: Copeland's. NOLA
  
  Posted to Bakery Shoppe Digest148 by novmom@juno.com (Angela Gilliland) on
  Jul 06, 1997
 
</step></directions></recipe></recipeml>
