<?xml version="1.0" encoding="UTF-8"?>

<recipeml version="0.5">
  <recipe>
    <head>
      <title>Andrea Parket's Stuffed Mushrooms</title>
      <categories>
        <cat>Bobbie - no</cat>
        <cat>Cheese</cat>
        <cat>Main dishes</cat>
        <cat>Mushrooms</cat>
        <cat>Stuffing</cat></categories>
      <yield>4</yield></head>
    <ingredients>
      <ing>
        <amt>
          <qty>4</qty>
          <unit/></amt>
        <item>Portobello mushrooms; stems removed</item></ing>
      <ing>
        <amt>
          <qty>1</qty>
          <unit>cup</unit></amt>
        <item>Package stuffings</item></ing>
      <ing>
        <amt>
          <qty/>
          <unit/></amt>
        <item>Extra virgin olive oil</item></ing>
      <ing>
        <amt>
          <qty>1</qty>
          <unit>cup</unit></amt>
        <item>Tomato sauce</item></ing>
      <ing>
        <amt>
          <qty>1/2</qty>
          <unit>cups</unit></amt>
        <item>Chicken stock</item></ing>
      <ing>
        <amt>
          <qty>1</qty>
          <unit>tablespoon</unit></amt>
        <item>Chopped fresh parsley</item></ing>
      <ing>
        <amt>
          <qty>2</qty>
          <unit/></amt>
        <item>Cloves garlic; minced</item></ing>
      <ing>
        <amt>
          <qty>1/2</qty>
          <unit>cups</unit></amt>
        <item>Pecorino Romano cheese; freshly grated</item></ing>
      <ing>
        <amt>
          <qty>1</qty>
          <unit>tablespoon</unit></amt>
        <item>Italian bread crumbs</item></ing></ingredients>
    <directions>
      <step>  Preheat oven to 500 F. Fill mushroom caps with stuffing and oil. In a
  mixing bowl, combine tomato saue, chicken stock, parsley and garlic. Pour
  mixture into shallow baking dish. Place mushroom in dish and sprinkle tops
  with cheese and bread crumbs. Bake 15 minutes, remove from sauce (some will
  be absorbed by mushrooms). Serves 4. MC formatting by bobbi744@sojourn.com
  
  NOTES : Andrea Parker play the villainous vamp on NBC's The Pretender.
  
  Recipe by: TV Guide, Oct. 11-17, p. 53
  
  Posted to MC-Recipe Digest by Roberta Banghart &lt;bobbi744@sojourn.com&gt; on
  Apr 13, 1998
 
</step></directions></recipe></recipeml>
