<?xml version="1.0" encoding="UTF-8"?>

<recipeml version="0.5">
  <recipe>
    <head>
      <title>Andrea's Brunch</title>
      <categories>
        <cat>Cyberealm</cat>
        <cat>Breakfast</cat></categories>
      <yield>8</yield></head>
    <ingredients>
      <ing>
        <amt>
          <qty>16</qty>
          <unit>slices</unit></amt>
        <item>Bread of your choice</item></ing>
      <ing>
        <amt>
          <qty>8</qty>
          <unit>slices</unit></amt>
        <item>Sharp cheddar cheese</item></ing>
      <ing>
        <amt>
          <qty>8</qty>
          <unit>slices</unit></amt>
        <item>Ham, sliced thin</item></ing>
      <ing>
        <amt>
          <qty>6</qty>
          <unit/></amt>
        <item>Eggs</item></ing>
      <ing>
        <amt>
          <qty>3</qty>
          <unit>cups</unit></amt>
        <item>Milk</item></ing>
      <ing>
        <amt>
          <qty>1/2</qty>
          <unit>teaspoons</unit></amt>
        <item>Dry mustard</item></ing>
      <ing>
        <amt>
          <qty>1/2</qty>
          <unit>teaspoons</unit></amt>
        <item>Salt</item></ing>
      <ing>
        <amt>
          <qty>1/2</qty>
          <unit>cups</unit></amt>
        <item>Butter, melted</item></ing>
      <ing>
        <amt>
          <qty>1</qty>
          <unit>cup</unit></amt>
        <item>Cornflakes</item></ing></ingredients>
    <directions>
      <step>  1. Butter both sides of 16 slices of bread. Place 8 slices in a
  8 x 10 inch pan 2 inches deep. Cover bread with sharp cheese and
  a slice of ham on each piece of bread. Top with the remaining 8
  slices of bread.
  
  2. Mix together all the rest of the ingredients except melted butter
  and cornflakes. Pour over casserole and refrigerate overnight.
  
  3. Before baking, mix the melted butter and cornflakes. Spread evenly
  over casserole. Bake at 350F for 1 hour.
  
  Source: Andrea Cassoni, Cyberealm BBS Watertown NY
  originally posted 9/13/92
  Typed for you by: Linda Fields, Cyberealm BBS Watertown NY
  315-786-1120
  
  File ftp://ftp.idiscover.co.uk/pub/food/mealmaster/recipes/mmcyber4.zip
 
</step></directions></recipe></recipeml>
