<?xml version="1.0" encoding="UTF-8"?>

<recipeml version="0.5">
  <recipe>
    <head>
      <title>Andy's Mom's Snickerdoodles</title>
      <categories>
        <cat>Cookie</cat></categories>
      <yield>36</yield></head>
    <ingredients>
      <ing>
        <amt>
          <qty>1</qty>
          <unit>cup</unit></amt>
        <item>Shortening</item></ing>
      <ing>
        <amt>
          <qty>1 1/2</qty>
          <unit>cups</unit></amt>
        <item>Sugar</item></ing>
      <ing>
        <amt>
          <qty>2</qty>
          <unit/></amt>
        <item>Eggs</item></ing>
      <ing>
        <amt>
          <qty>2 3/4</qty>
          <unit>cups</unit></amt>
        <item>Flour</item></ing>
      <ing>
        <amt>
          <qty>2</qty>
          <unit>teaspoons</unit></amt>
        <item>Cream of tartar</item></ing>
      <ing>
        <amt>
          <qty>1</qty>
          <unit>teaspoon</unit></amt>
        <item>Soda</item></ing>
      <ing>
        <amt>
          <qty>1/4</qty>
          <unit>teaspoons</unit></amt>
        <item>Salt</item></ing>
      <ing>
        <amt>
          <qty/>
          <unit/></amt>
        <item>Cinnamon sugar</item></ing></ingredients>
    <directions>
      <step>  From: akhurshe@pearl.tufts.edu (Arifa)
  
  Date: Fri, 17 Sep 1993 18:22:32 GMT
  
  Mix shortening, sugar and eggs together thoroughly.  Sift together flour,
  cream of tartar, soda and salt.  Stir the two mixtures together.  roll into
  ball the size of walnuts.  dip in mixture of equal parts cinnamon and
  sugar. place two inches apart on lightly greased baking sheet. bake until
  lightly browned but still soft (8 - 10 minutes) at 400 degrees farenheit.
  makes 3 dozen.
  
  REC.FOOD.RECIPES ARCHIVES
  
  /COOKIES
  
  From rec.food.cooking archives.  Downloaded from Glen's MM Recipe Archive,
  http://www.erols.com/hosey.
 
</step></directions></recipe></recipeml>
