<?xml version="1.0" encoding="UTF-8"?>

<recipeml version="0.5">
  <recipe>
    <head>
      <title>Andy's Chocolate Eggnog Layer Pie</title>
      <categories>
        <cat>Beyond</cat>
        <cat>Biscuits</cat>
        <cat>Newsletter</cat></categories>
      <yield>6</yield></head>
    <ingredients>
      <ing>
        <amt>
          <qty>1</qty>
          <unit/></amt>
        <item>Envelope unflavored gelatin</item></ing>
      <ing>
        <amt>
          <qty>1/2</qty>
          <unit>cups</unit></amt>
        <item>Water; cold</item></ing>
      <ing>
        <amt>
          <qty>1/3</qty>
          <unit>cups</unit></amt>
        <item>Sugar</item></ing>
      <ing>
        <amt>
          <qty>2</qty>
          <unit>tablespoons</unit></amt>
        <item>Cornstarch</item></ing>
      <ing>
        <amt>
          <qty>1/4</qty>
          <unit>teaspoons</unit></amt>
        <item>Salt</item></ing>
      <ing>
        <amt>
          <qty>2</qty>
          <unit>cups</unit></amt>
        <item>Commercial eggnog</item></ing>
      <ing>
        <amt>
          <qty>1 1/2</qty>
          <unit/></amt>
        <item>Squares unsweetened chocolate; melted</item></ing>
      <ing>
        <amt>
          <qty>1</qty>
          <unit>teaspoon</unit></amt>
        <item>Vanilla</item></ing>
      <ing>
        <amt>
          <qty>1</qty>
          <unit/></amt>
        <item>9" pie shell; baked</item></ing>
      <ing>
        <amt>
          <qty>1</qty>
          <unit>teaspoon</unit></amt>
        <item>Rum extract</item></ing>
      <ing>
        <amt>
          <qty>2</qty>
          <unit>cups</unit></amt>
        <item>Whipping cream</item></ing>
      <ing>
        <amt>
          <qty>1/4</qty>
          <unit>cups</unit></amt>
        <item>Confectioners sugar</item></ing>
      <ing>
        <amt>
          <qty/>
          <unit/></amt>
        <item>Chocolate curls; optional</item></ing></ingredients>
    <directions>
      <step>  In a small bowl, soften the gelatin in the water. Set aside. In a 1-qt.
  saucepan, combine the sugar, cornstarch, and salt. Gradually stir in the
  eggnog. Cook over med. heat, stirring constantly, until thickened. Cook for
  2 minutes. Remove from the heat and add the gelatin mixture, stirring until
  dissolved.
  
  Divide the filling in half, setting half aside to cool. Add the melted
  chocolate and vanilla to half; stir well, and pour into the pie shell.
  Chill until set.
  
  Add rum extract to the remaining filling. Whip 1 cup of cream and fold into
  the cooled mixture. Spoon over the chocolate layer and chill.
  
  Whip the remaining cream and add the confectioners sugar. Spread over the
  pie, or pipe from a pastry bag, and garnish with chocolate curls, if
  desired. Serves 6 to 8. Source: Aunt Bee's Mayberry Cookbook
  
  Busted by Barb; Beyond Biscuit Newsletter Issue 26 by
  southernfood-admin@list.miningco.com on behalf of
  
  Recipe by: Aunt Bee's Mayberry Cookbook
  
  Posted to MC-Recipe Digest by "abprice@wf.net" &lt;abprice@wf.net&gt; on Feb 14,
  1998
 
</step></directions></recipe></recipeml>
