<?xml version="1.0" encoding="UTF-8"?>

<recipeml version="0.5">
  <recipe>
    <head>
      <title>Andy's Skillet Supper</title>
      <categories>
        <cat>Poultry</cat>
        <cat>Main dish</cat>
        <cat>Mexican</cat></categories>
      <yield>4</yield></head>
    <ingredients>
      <ing>
        <amt>
          <qty>1</qty>
          <unit>pound</unit></amt>
        <item>Chicken breasts</item></ing>
      <ing>
        <amt>
          <qty>2</qty>
          <unit>tablespoons</unit></amt>
        <item>Canola oil</item></ing>
      <ing>
        <amt>
          <qty>1</qty>
          <unit>medium</unit></amt>
        <item>Onion; chopped</item></ing>
      <ing>
        <amt>
          <qty>2</qty>
          <unit>teaspoons</unit></amt>
        <item>Chili powder</item></ing>
      <ing>
        <amt>
          <qty>1/2</qty>
          <unit>teaspoons</unit></amt>
        <item>Cumin</item></ing>
      <ing>
        <amt>
          <qty>1/2</qty>
          <unit>teaspoons</unit></amt>
        <item>Oregano leaves; crushed</item></ing>
      <ing>
        <amt>
          <qty>1/2</qty>
          <unit>cups</unit></amt>
        <item>Chicken broth</item></ing>
      <ing>
        <amt>
          <qty>1 1/2</qty>
          <unit>cups</unit></amt>
        <item>V8 juice</item></ing>
      <ing>
        <amt>
          <qty>19</qty>
          <unit>ounces</unit></amt>
        <item>Canned kidney beans</item></ing></ingredients>
    <directions>
      <step>  Preparation time = 30 minutes Chicken breasts should be skinned and boned.
  Any suitable oil can be substituted for canola oil. Chicken broth may be
  purchased as instant and mixed with water. V8 juice is a brandname
  vegetable juice. 1. Cut the chicken into 1/2-inch pieces. 2. In hot oil,
  cook chicken, onion, chili powder, cumin and oregano until the chicken
  turns white. 3. Stir in broth and juice, heat until boiling, then reduce
  heat to low. Simmer 10 minutes. 4. Dump in beans, liquid and all, stir,
  cover and simmer for another 10 minutes. Stir occasionally. Serve over
  rice.
 
</step></directions></recipe></recipeml>
