<?xml version="1.0" encoding="UTF-8"?>

<recipeml version="0.5">
  <recipe>
    <head>
      <title>Andy's Murgh Kurma</title>
      <categories>
        <cat>Main</cat>
        <cat>Dishes</cat></categories>
      <yield>4</yield></head>
    <ingredients>
      <ing>
        <amt>
          <qty>6</qty>
          <unit/></amt>
        <item>Green cardamon pods</item></ing>
      <ing>
        <amt>
          <qty>1</qty>
          <unit>kilogram</unit></amt>
        <item>Chicken meat</item></ing>
      <ing>
        <amt>
          <qty>250</qty>
          <unit>mililiters</unit></amt>
        <item>Plain yogurt</item></ing>
      <ing>
        <amt>
          <qty>7</qty>
          <unit/></amt>
        <item>Whole cloves</item></ing>
      <ing>
        <amt>
          <qty>5</qty>
          <unit>mililiters</unit></amt>
        <item>Salt</item></ing>
      <ing>
        <amt>
          <qty>10</qty>
          <unit>mililiters</unit></amt>
        <item>Cinnamon</item></ing>
      <ing>
        <amt>
          <qty>5</qty>
          <unit>mililiters</unit></amt>
        <item>Turmeric</item></ing>
      <ing>
        <amt>
          <qty>1</qty>
          <unit>medium</unit></amt>
        <item>Onion</item></ing>
      <ing>
        <amt>
          <qty>7</qty>
          <unit/></amt>
        <item>Szechuan peppercorns</item></ing>
      <ing>
        <amt>
          <qty>60</qty>
          <unit>mililiters</unit></amt>
        <item>Vegetable oil</item></ing>
      <ing>
        <amt>
          <qty>2</qty>
          <unit/></amt>
        <item>Bay leaves</item></ing>
      <ing>
        <amt>
          <qty>3</qty>
          <unit/></amt>
        <item>Garlic cloves (to taste)</item></ing>
      <ing>
        <amt>
          <qty>1</qty>
          <unit>milliliter</unit></amt>
        <item>Ginger root</item></ing>
      <ing>
        <amt>
          <qty>5</qty>
          <unit>mililiters</unit></amt>
        <item>Black pepper</item></ing>
      <ing>
        <amt>
          <qty>50</qty>
          <unit>mililiters</unit></amt>
        <item>Tomato puree</item></ing>
      <ing>
        <amt>
          <qty>250</qty>
          <unit>mililiters</unit></amt>
        <item>Water</item></ing></ingredients>
    <directions>
      <step>  1.  Thoroughly clean the chicken pieces, then marinate with yogurt and salt
  for 1 hour.
  
  2.  Meanwhile, prepare the spices. Chop the garlic and ginger, then add
  black pepper to this mixture. Set aside in a small bowl.
  
  3.  Near the end of the hour of marinating, melt the shortening in a
  coverable skillet (woks will do).  Chop the onion, and brown in the skillet
  for about 10 minutes.
  
  4.  After the onions are ready, add the garlic/ginger/pepper mixture. Let
  simmer for approximately 5 minutes, then add the chicken.
  
  5.  Let the chicken simmer for approximately 30 minutes or until cooked.
  
  6.  Add the cardamons, cloves, cinnamon, turmeric, and bay leaves. Leave
  them whole. Simmer for 5 minutes.
  
  7.  Finally, add the tomato puree and water to the mixture, and cook until
  the mixture has thickened.
  
  Author's Notes: Serve with rice and chapati.
  
  Difficulty    : moderate. Precision
  : approximate measurement OK.
  
  Recipe By     : Andy House Software Engineering Institute, Pittsburgh, PA,
  U
  
  From: Ladies Home Journal- August 1991
  
  File ftp://ftp.idiscover.co.uk/pub/food/mealmaster/recipes/mmdja006.zip
 
</step></directions></recipe></recipeml>
