<?xml version="1.0" encoding="UTF-8"?>

<recipeml version="0.5">
  <recipe>
    <head>
      <title>Andy's Murgh Kurma (Chicken Curry)</title>
      <categories>
        <cat>Poultry</cat>
        <cat>Usenet</cat></categories>
      <yield>6</yield></head>
    <ingredients>
      <ing>
        <amt>
          <qty>4</qty>
          <unit/></amt>
        <item>Green cardamon pods (up to 8)</item></ing>
      <ing>
        <amt>
          <qty>2</qty>
          <unit>pounds</unit></amt>
        <item>Chicken</item></ing>
      <ing>
        <amt>
          <qty>1</qty>
          <unit>cup</unit></amt>
        <item>Plain yogurt</item></ing>
      <ing>
        <amt>
          <qty>6</qty>
          <unit/></amt>
        <item>Cloves, whole (up to 8)</item></ing>
      <ing>
        <amt>
          <qty>1</qty>
          <unit>teaspoon</unit></amt>
        <item>Salt</item></ing>
      <ing>
        <amt>
          <qty>2</qty>
          <unit>teaspoons</unit></amt>
        <item>Cinnamon</item></ing>
      <ing>
        <amt>
          <qty>1</qty>
          <unit>teaspoon</unit></amt>
        <item>Turmeric</item></ing>
      <ing>
        <amt>
          <qty>1</qty>
          <unit>medium</unit></amt>
        <item>Onion</item></ing>
      <ing>
        <amt>
          <qty>6</qty>
          <unit/></amt>
        <item>Szechuan peppercorns (up to 8)</item></ing>
      <ing>
        <amt>
          <qty>4</qty>
          <unit>tablespoons</unit></amt>
        <item>Vegetable oil</item></ing>
      <ing>
        <amt>
          <qty>2</qty>
          <unit/></amt>
        <item>Bay leaves</item></ing>
      <ing>
        <amt>
          <qty>5</qty>
          <unit/></amt>
        <item>Garlic cloves (or less, to taste)</item></ing>
      <ing>
        <amt>
          <qty>1/4</qty>
          <unit>teaspoons</unit></amt>
        <item>Ginger root</item></ing>
      <ing>
        <amt>
          <qty>1</qty>
          <unit>teaspoon</unit></amt>
        <item>Black pepper</item></ing>
      <ing>
        <amt>
          <qty>1/4</qty>
          <unit>cups</unit></amt>
        <item>Tomato puree</item></ing>
      <ing>
        <amt>
          <qty>1</qty>
          <unit>cup</unit></amt>
        <item>Water</item></ing></ingredients>
    <directions>
      <step>  Thoroughly clean the chicken pieces, then marinate with yogurt and salt for
        1    hour.
  
  Meanwhile, prepare the spices.  Chop the garlic and ginger, then add black
  pepper to this mixture.  Set aside in a small bowl.
  
  Near the end of the hour of marinating, melt the shortening in a coverable
  skillet (woks will do). Chop the onion and brown in the skillet for about
       10    minutes.
  
  After the onions are ready, add the garlic/ginger/pepper mixture. Let
  simmer for approximately 5 minutes, then add the chicken. Let the chicken
  simmer for approximately 30 minutes or until cooked.
  
  Add the cardamoms, cloves, cinnamon, turmeric and bay leaves. Leave them
  whole.  Simmer for 5 minutes. Finally, add the tomato puree and water to
  the mixture and cook until the mixture has thickened. Serve with rice and
  chapati.
  
  NOTES:
  
  *  A simple chicken curry.
  
  : Difficulty:  moderate.
  : Time:  1 hour marinating, 15 minutes preparation, 1 hour cooking.
  : Precision:  approximate measurement OK.
  
  : Andy House
  : Software Engineering Institute, Pittsburgh, PA, USA
  : ahouse@dz.sei.cmu.edu
  
  : Copyright (C) 1986 USENET Community Trust
  
  From Gemini's MASSIVE MealMaster collection at www.synapse.com/~gemini
 
</step></directions></recipe></recipeml>
