<?xml version="1.0" encoding="UTF-8"?>

<recipeml version="0.5">
  <recipe>
    <head>
      <title>Angel Biscuits</title>
      <categories>
        <cat>None</cat></categories>
      <yield>1</yield></head>
    <ingredients>
      <ing>
        <amt>
          <qty>2 1/2</qty>
          <unit>cups</unit></amt>
        <item>Biscuit baking mix</item></ing>
      <ing>
        <amt>
          <qty>1/2</qty>
          <unit>cups</unit></amt>
        <item>Shredded coconut</item></ing>
      <ing>
        <amt>
          <qty>1</qty>
          <unit>cup</unit></amt>
        <item>Whipping cream</item></ing>
      <ing>
        <amt>
          <qty>2</qty>
          <unit>tablespoons</unit></amt>
        <item>Margarine; melted</item></ing></ingredients>
    <directions>
      <step>  Preheat oven to 450.
  
  Combine baking mix and coconut till well-blended.  Add whipping cream till
  well-blended.
  
  Turn onto a lightly floured surface and knead about one minute.
  
  Using a rolling pin, roll out to about 1/2 inch thickness.
  
  Cut into dough, place 2 inches apart on a greased baking sheet and brush
  tops with melted margarine.
  
  Bake 7 to 10 minutes, or till light brown.
  
  Can be made ahead of time.
  
  To reheat:  preheat oven to 350, cover biscuits and bake 3 to 5 minutes.
  Recipe By     : Friendship Gifts of Good Taste Serving Size  : 18
  
  Posted to MC-Recipe Digest V1 #304
  
  Date: Fri, 15 Nov 96 21:05:48 -0500
  
  From: Janet Baker &lt;jbaker@cnmnet.com&gt;
 
</step></directions></recipe></recipeml>
