<?xml version="1.0" encoding="UTF-8"?>

<recipeml version="0.5">
  <recipe>
    <head>
      <title>Angels on Horseback</title>
      <categories>
        <cat>None</cat></categories>
      <yield>1</yield></head>
    <ingredients>
      <ing>
        <amt>
          <qty>1</qty>
          <unit>can</unit></amt>
        <item>(12 oz.) oysters; fresh or frozen</item></ing>
      <ing>
        <amt>
          <qty/>
          <unit/></amt>
        <item>Pepper</item></ing>
      <ing>
        <amt>
          <qty/>
          <unit/></amt>
        <item>Paprika</item></ing>
      <ing>
        <amt>
          <qty>1/2</qty>
          <unit>teaspoons</unit></amt>
        <item>Salt</item></ing>
      <ing>
        <amt>
          <qty>2</qty>
          <unit>teaspoons</unit></amt>
        <item>Parsley; chopped</item></ing>
      <ing>
        <amt>
          <qty>10</qty>
          <unit>slices</unit></amt>
        <item>Bacon; cut in thirds</item></ing></ingredients>
    <directions>
      <step>  While looking through the December issue of "Louisiana Country," the
  publication for the rural electric cooperatives in that state, I noticed
  these oyster recipes that sound worth trying, particularly the Angels on
  Horseback (if you like spicy stuff, see my note after recipe).
  
  Thaw oysters if frozen. Drain oysters. Sprinkle with parsley and
  seasonings. Place one oyster on each piece of bacon. Wrap bacon around
  oysters; secure with toothpick. Place on broiler pan. Broil about 4 inches
  from heat source 8 to 10 min. or until bacon is crisp. Turn carefully.
  Broil 4 to 5 min. longer or until bacon is crisp. Makes about 30.
  
  MY NOTE: This sounds similar to something a friend makes called Oysters
  Diablo. He wraps the bacon around the oyster (sometimes he uses shrimp for
  (duh) Shrimp Diablo!) and a strip of jalapeno and bastes during the
  broiling process with Worcestershire.
  
  Posted to EAT-L Digest  by Cheryl Zinsmeyer &lt;MaeWestern@AOL.COM&gt; on Dec 1,
  1997
 
</step></directions></recipe></recipeml>
