<?xml version="1.0" encoding="UTF-8"?>

<recipeml version="0.5">
  <recipe>
    <head>
      <title>Angels on Horseback</title>
      <categories>
        <cat>Seafood</cat></categories>
      <yield>6</yield></head>
    <ingredients>
      <ing>
        <amt>
          <qty>12</qty>
          <unit>large</unit></amt>
        <item>Freshly-shucked oysters</item></ing>
      <ing>
        <amt>
          <qty>6</qty>
          <unit>slices</unit></amt>
        <item>Smoked bacon; thin, cut in half</item></ing>
      <ing>
        <amt>
          <qty/>
          <unit/></amt>
        <item>Paprika or white pepper</item></ing>
      <ing>
        <amt>
          <qty>12</qty>
          <unit/></amt>
        <item>Wooden toothpicks; unflavored and not colored</item></ing>
      <ing>
        <amt>
          <qty>1</qty>
          <unit>tablespoon</unit></amt>
        <item>Lemon juice or crisp dry wine</item></ing>
      <ing>
        <amt>
          <qty>2</qty>
          <unit>slices</unit></amt>
        <item>Low-moisture Mozzarella cheese</item></ing></ingredients>
    <directions>
      <step>  Combine first 7 ingredients. Marinate shrimp overnight in mixture. Remove
  shrimp from marinade. Immediately roll, undrained, in bread crumbs. Place
  on combination broiling and serving platter. Dribble melted butter over
  shrimp. Add marinade to 1/8 in. in bottom of broiler pan. Broil slowly on
  low heat until done. Note: Use Tabasco sauce in place of pepper, it blends
  better with other ingredients. Use only white bread crumbs, brown crumbs or
  crusts will brown too fast during cooking. Alternative method of
  preparation: Saute shrimp in combination of half butter and half cooking
  oil. When done, remove from skillet. Reduce marinade in skillet, pour over
  shrimp and serve.
  
  WOODEN ANGEL
  
  PITTSBURGH, BEAVER
  
  CHATEAU ST. JEAN GERWURZTRAMINER
  
  From the &lt;Micro Cookbook Collection of American recipes&gt;, downloaded from
  Glen's MM Recipe Archive, http://www.erols.com/hosey.
 
</step></directions></recipe></recipeml>
