<?xml version="1.0" encoding="UTF-8"?>

<recipeml version="0.5">
  <recipe>
    <head>
      <title>Angelini Grill Bruschetta</title>
      <categories>
        <cat>Appetizers</cat>
        <cat>Restaurants</cat>
        <cat>Dkuhnen msn</cat></categories>
      <yield>2</yield></head>
    <ingredients>
      <ing>
        <amt>
          <qty>2</qty>
          <unit/></amt>
        <item>Ripe plum tomatoes</item></ing>
      <ing>
        <amt>
          <qty>3</qty>
          <unit/></amt>
        <item>Leaves fresh basil</item></ing>
      <ing>
        <amt>
          <qty>1</qty>
          <unit>teaspoon</unit></amt>
        <item>Chopped fresh parsley</item></ing>
      <ing>
        <amt>
          <qty>3</qty>
          <unit>tablespoons</unit></amt>
        <item>Extra-virgin olive oil</item></ing>
      <ing>
        <amt>
          <qty/>
          <unit/></amt>
        <item>Salt and pepper to taste</item></ing>
      <ing>
        <amt>
          <qty>2</qty>
          <unit/></amt>
        <item>Crusty italian rolls</item></ing>
      <ing>
        <amt>
          <qty>1</qty>
          <unit>clove</unit></amt>
        <item>Garlic, cut in half</item></ing></ingredients>
    <directions>
      <step>  Finely chop the tomatoes and basil.  Mix them in a bowl with parsley and
  olive oil.  Season with salt and pepper, to taste.  Cut the rolls in half.
  Toast them under a hot broiler for a few minutes, until nicely golden.
  Remove from oven, and rub the toasted side generously with the cut side of
  the garlic clove.  Top each piece with a portion of the tomato mixture and
  serve immediately. From Angelini Grill, Scotia Plaza, 40 King St. W.,
  Toronto Ontario.
  Posted to MM-Recipes Digest V3 #294
  
  Date: Sun, 27 Oct 96 13:02:13 UT
  
  From: "Deborah Kühnen" &lt;DEBKUHNEN@msn.com&gt;
 
</step></directions></recipe></recipeml>
