<?xml version="1.0" encoding="UTF-8"?>

<recipeml version="0.5">
  <recipe>
    <head>
      <title>Angel Biscuits Ii</title>
      <categories>
        <cat>Breads</cat></categories>
      <yield>48</yield></head>
    <ingredients>
      <ing>
        <amt>
          <qty>5</qty>
          <unit>cups</unit></amt>
        <item>Sifted self-rising flour</item></ing>
      <ing>
        <amt>
          <qty>1/3</qty>
          <unit>cups</unit></amt>
        <item>Sugar</item></ing>
      <ing>
        <amt>
          <qty>1</qty>
          <unit>teaspoon</unit></amt>
        <item>Baking soda</item></ing>
      <ing>
        <amt>
          <qty>1</qty>
          <unit>cup</unit></amt>
        <item>Shortening</item></ing>
      <ing>
        <amt>
          <qty>2</qty>
          <unit>packages</unit></amt>
        <item>Yeast dissolved in</item></ing>
      <ing>
        <amt>
          <qty>1/4</qty>
          <unit>cups</unit></amt>
        <item>Warm water</item></ing>
      <ing>
        <amt>
          <qty>2</qty>
          <unit>cups</unit></amt>
        <item>Buttermilk</item></ing></ingredients>
    <directions>
      <step>  Combine flour, soda, and sugar; cut in shortening and stir in yeast and
  buttermilk. Be sure to mix well. Keep covered in refrigerator at least an
  hour or two before using. Roll out and cut as desired. Plae on greased pan.
  Let rise for 2 hours. Bake at 450~ for about 10 minutes. NOTE: Dough will
  keep in refrigerator as long as a week. Source: Southern Living Hall of
  Fame, A Taste of Georgia
  Posted to MC-Recipe Digest V1 #805 by Nancy Berry &lt;nlberry@prodigy.net&gt; on
  Sep 25, 1997
 
</step></directions></recipe></recipeml>
