<?xml version="1.0" encoding="UTF-8"?>

<recipeml version="0.5">
  <recipe>
    <head>
      <title>Angel Biscuits</title>
      <categories>
        <cat>Bread</cat>
        <cat>Appetizer</cat>
        <cat>Biscuit</cat></categories>
      <yield>24</yield></head>
    <ingredients>
      <ing>
        <amt>
          <qty>2</qty>
          <unit>tablespoons</unit></amt>
        <item>Sugar</item></ing>
      <ing>
        <amt>
          <qty>1</qty>
          <unit>can</unit></amt>
        <item>Yeast</item></ing>
      <ing>
        <amt>
          <qty>1/2</qty>
          <unit>cups</unit></amt>
        <item>Water; luke warm</item></ing>
      <ing>
        <amt>
          <qty>5</qty>
          <unit>cups</unit></amt>
        <item>Flour; sifted</item></ing>
      <ing>
        <amt>
          <qty>3</qty>
          <unit>teaspoons</unit></amt>
        <item>Baking powder</item></ing>
      <ing>
        <amt>
          <qty>1</qty>
          <unit>teaspoon</unit></amt>
        <item>Salt</item></ing>
      <ing>
        <amt>
          <qty>2</qty>
          <unit>cups</unit></amt>
        <item>Milk</item></ing>
      <ing>
        <amt>
          <qty>3/4</qty>
          <unit>cups</unit></amt>
        <item>Shortening; melted</item></ing></ingredients>
    <directions>
      <step>  Fat grams per serving: Approx. Cook Time: 15min Put sugar, yeast and water
  in bowl and let sit. Put melted shortening and milk together making sure
  that it is not to hot (115 degrees). Sift together flour, baking powder and
  salt. Add to yeast mixture alternatly milk mixture and dry ingredients.
  Roll out on a floured cutting board and cut with a biscuit cutter. Place on
  a baking sheet and bake for 12 to 15 minutes at 400 degrees. Source:
  Shelton
  Posted to EAT-L Digest  by Walt Gray &lt;waltgray@MNSINC.COM&gt; on Nov 22, 1997
 
</step></directions></recipe></recipeml>
