<?xml version="1.0" encoding="UTF-8"?>

<recipeml version="0.5">
  <recipe>
    <head>
      <title>Angelo Pernicone's Prosciutto Sauce</title>
      <categories>
        <cat>Pasta</cat></categories>
      <yield>4</yield></head>
    <ingredients>
      <ing>
        <amt>
          <qty/>
          <unit/></amt>
        <item>Stephen Ceideburg</item></ing>
      <ing>
        <amt>
          <qty>2</qty>
          <unit>tablespoons</unit></amt>
        <item>Olive oil</item></ing>
      <ing>
        <amt>
          <qty>3</qty>
          <unit/></amt>
        <item>Cloves garlic, minced</item></ing>
      <ing>
        <amt>
          <qty>1</qty>
          <unit/></amt>
        <item>Onion, minced</item></ing>
      <ing>
        <amt>
          <qty>1/4</qty>
          <unit>pounds</unit></amt>
        <item>Prosciutto *</item></ing>
      <ing>
        <amt>
          <qty>70</qty>
          <unit>ounces</unit></amt>
        <item>Italian plum tomatoes</item></ing>
      <ing>
        <amt>
          <qty>1</qty>
          <unit>cup</unit></amt>
        <item>Loosely packed fresh basil leaves, chopped</item></ing>
      <ing>
        <amt>
          <qty>3/4</qty>
          <unit>cups</unit></amt>
        <item>Loosely packed Italian flat-leaf parsley leaves, chopped</item></ing>
      <ing>
        <amt>
          <qty>1</qty>
          <unit>cup</unit></amt>
        <item>Dry white wine</item></ing>
      <ing>
        <amt>
          <qty>1/4</qty>
          <unit>teaspoons</unit></amt>
        <item>Dried red pepper flakes</item></ing>
      <ing>
        <amt>
          <qty/>
          <unit/></amt>
        <item>Salt and freshly ground black pepper, to taste</item></ing>
      <ing>
        <amt>
          <qty>2</qty>
          <unit>tablespoons</unit></amt>
        <item>Butter</item></ing></ingredients>
    <directions>
      <step>  * thinly sliced and cut into strips
  
  Fellow fire fighters beg Mr. Pernicone to make his fullbodied prosciutto
  sauce. Serve it over a pound or so of your favorite macaroni.
  
  1. Warm the oil in a nonreactive large pot over medium heat. Add the garlic
  and onion and cook until the onion is translucent, 5 minutes. Add the
  prosciutto and cook for 5 minutes. Add the juice from the tomatoes. Using
  your hands or a fork, break up the whole tomatoes and add to the pot.
  Simmer, uncovered, for 30 minutes.
  
  2. Stir in the basil, parsley, wine and pepper flakes, season with salt and
  pepper to taste, and simmer for 1 hour.
  
  3. Remove the sauce from the heat. Whisk in the butter until melted.
  
  Makes 3 1/2 cups, serves 4.
  
  From the Oregonian's FOODday, 1/26/93.
  
  Posted by Stephen Ceideburg
  
  From Gemini's MASSIVE MealMaster collection at www.synapse.com/~gemini
 
</step></directions></recipe></recipeml>
