<?xml version="1.0" encoding="UTF-8"?>

<recipeml version="0.5">
  <recipe>
    <head>
      <title>Angels on Horseback (Sanctuary Style)(Wash)</title>
      <categories>
        <cat>Seafood</cat>
        <cat>Restaurant</cat></categories>
      <yield>1</yield></head>
    <ingredients>
      <ing-div>
        <title/>
        <ing>
          <amt>
            <qty>12</qty>
            <unit/></amt>
          <item>Fresh oysters; shucked, liquor reserved</item></ing>
        <ing>
          <amt>
            <qty>12</qty>
            <unit>slices</unit></amt>
          <item>Prosciutto ham; thinly sliced</item></ing>
        <ing>
          <amt>
            <qty/>
            <unit/></amt>
          <item>Melted butter</item></ing></ing-div>
      <ing-div>
        <title>ARTICHOKE BRUSCHETTA</title>
        <ing>
          <amt>
            <qty>12</qty>
            <unit/></amt>
          <item>Toast points</item></ing>
        <ing>
          <amt>
            <qty>3</qty>
            <unit/></amt>
          <item>Garlic cloves</item></ing>
        <ing>
          <amt>
            <qty/>
            <unit/></amt>
          <item>Olive oil; (good quality)</item></ing>
        <ing>
          <amt>
            <qty>1</qty>
            <unit>cup</unit></amt>
          <item>Artichoke hearts; diced</item></ing>
        <ing>
          <amt>
            <qty>3</qty>
            <unit/></amt>
          <item>Plum tomatoes; diced</item></ing>
        <ing>
          <amt>
            <qty>1/4</qty>
            <unit>cups</unit></amt>
          <item>Kalamata olives; pitted and chopped</item></ing>
        <ing>
          <amt>
            <qty>1</qty>
            <unit>tablespoon</unit></amt>
          <item>Basil; minced, up to 2</item></ing>
        <ing>
          <amt>
            <qty>1</qty>
            <unit>teaspoon</unit></amt>
          <item>Balsamic vinegar</item></ing>
        <ing>
          <amt>
            <qty>2</qty>
            <unit/></amt>
          <item>Cloves garlic; minced with salt</item></ing></ing-div></ingredients>
    <directions>
      <step>  Rub toast points with garlic and brush with olive oil. Combine' remaining
  ingredients.
  
  In a small saute pan add oysters and their liquor. Lightly poach. Remove
  oysters and wrap each one in prosciutto ham securing with a tooth pick.
  Sprinkle with melted butter and broil or bake until ham is nicely browned.
  Remove toothpicks and serve on artichoke bruschetta.
  
  Source: Barbara Williams, Coasting &amp; Cooking Bk #4 -- Washington &amp; Oregon,
  1997. ISBN:0-9609950-2-1
  
  Typed and MC_Busted for you by Brenda Adams &lt;adamsfmle@sprintmail.com&gt;
  
  Recipe by: Sanctuary, Chinook, Wash.
 
</step></directions></recipe></recipeml>
