<?xml version="1.0" encoding="UTF-8"?>

<recipeml version="0.5">
  <recipe>
    <head>
      <title>Angelhair Pasta and Grouper</title>
      <categories>
        <cat>Pasta</cat></categories>
      <yield>1</yield></head>
    <ingredients>
      <ing>
        <amt>
          <qty/>
          <unit/></amt>
        <item>Grouper filet (or other firm</item></ing>
      <ing>
        <amt>
          <qty/>
          <unit/></amt>
        <item>Fish) cut int</item></ing>
      <ing>
        <amt>
          <qty>15</qty>
          <unit>mililiters</unit></amt>
        <item>Olive oil</item></ing>
      <ing>
        <amt>
          <qty>2</qty>
          <unit/></amt>
        <item>Cloves minced garlic</item></ing>
      <ing>
        <amt>
          <qty>1</qty>
          <unit/></amt>
        <item>Onion sliced thin</item></ing>
      <ing>
        <amt>
          <qty>2</qty>
          <unit/></amt>
        <item>Italian frying peppers</item></ing>
      <ing>
        <amt>
          <qty/>
          <unit/></amt>
        <item>(poblano?) diced</item></ing>
      <ing>
        <amt>
          <qty>1</qty>
          <unit/></amt>
        <item>Sweet red or yellow pepper</item></ing>
      <ing>
        <amt>
          <qty/>
          <unit/></amt>
        <item>(for color opti</item></ing>
      <ing>
        <amt>
          <qty/>
          <unit/></amt>
        <item>Broccoli florets</item></ing>
      <ing>
        <amt>
          <qty>6</qty>
          <unit/></amt>
        <item>Or 7 brussel sprouts sliced fine br or</item></ing>
      <ing>
        <amt>
          <qty>1/2</qty>
          <unit>cups</unit></amt>
        <item>Grated cabbage</item></ing>
      <ing>
        <amt>
          <qty>1</qty>
          <unit>large</unit></amt>
        <item>Or 2 sm diced tomatos</item></ing>
      <ing>
        <amt>
          <qty/>
          <unit/></amt>
        <item>Salt and black pepper to</item></ing>
      <ing>
        <amt>
          <qty/>
          <unit/></amt>
        <item>Taste</item></ing>
      <ing>
        <amt>
          <qty>1 1/2</qty>
          <unit>tablespoons</unit></amt>
        <item>Dried basil (ran out of</item></ing>
      <ing>
        <amt>
          <qty/>
          <unit/></amt>
        <item>Fresh)</item></ing>
      <ing>
        <amt>
          <qty>1</qty>
          <unit>tablespoon</unit></amt>
        <item>Parsley</item></ing>
      <ing>
        <amt>
          <qty>1/2</qty>
          <unit>cups</unit></amt>
        <item>Fresh grated parmeasan (sp?)</item></ing>
      <ing>
        <amt>
          <qty/>
          <unit/></amt>
        <item>Or romano che</item></ing>
      <ing>
        <amt>
          <qty/>
          <unit/></amt>
        <item>Cappelini (angelhair pasta)</item></ing></ingredients>
    <directions>
      <step>  1.  In a skillet, sautee the garlic, onion and frying peppers in the olive
  oil until onion is transluscent (about 2 min). Add the Broccoli and let it
  cook until bright green.
  
  2.  Add the rest of the peppers and the brussel sprouts/cabbage, the
  tomatoes, basil and salt and pepper. Toss very well so the tomatoes have a
  chance to cook. Add the grouper andcover for about 5 min.
  
  3.  The liquid from the fish mixes with the tomatos for a kind of sauce.
  Add the parsley and cover until the fish is cooked all the way through.
  
  4.  Take off heat and mix with the cheese. Some people may like more than
  1/2 cup of cheese so keep it handy.
  
  5.  Serve over Cappelini.
  
  Author's Notes: Here is a kind of throw together recipe I came up with:
  
  If you are entertaining you can garnish with fresh parsley and serve with a
  caesar salad, garlic bread and a nice chablis. The vegetables can vary.
  I've used mushrooms, spinach, cauliflower etc. Grouper works well with this
  because it has a lot of flavor. I've used fresh tuna and halibut but prefer
  grouper.
  
  Difficulty    : easy. Precision
  : measure ingredients.
  
  Recipe By     : Doris Woods dfw@needle..bellcore.com
  
  From Gemini's MASSIVE MealMaster collection at www.synapse.com/~gemini
 
</step></directions></recipe></recipeml>
