<?xml version="1.0" encoding="UTF-8"?>

<recipeml version="0.5">
  <recipe>
    <head>
      <title>Angel Bread</title>
      <categories>
        <cat>Abm</cat>
        <cat>Bread</cat>
        <cat>Oven cooked</cat></categories>
      <yield>6</yield></head>
    <ingredients>
      <ing>
        <amt>
          <qty>3</qty>
          <unit>cups</unit></amt>
        <item>White flour</item></ing>
      <ing>
        <amt>
          <qty>1 1/4</qty>
          <unit>cups</unit></amt>
        <item>Warm water</item></ing>
      <ing>
        <amt>
          <qty>1</qty>
          <unit>teaspoon</unit></amt>
        <item>Salt</item></ing>
      <ing>
        <amt>
          <qty>1 1/2</qty>
          <unit>tablespoons</unit></amt>
        <item>Yeast</item></ing>
      <ing>
        <amt>
          <qty>1</qty>
          <unit>tablespoon</unit></amt>
        <item>Olive oil</item></ing>
      <ing>
        <amt>
          <qty>2</qty>
          <unit/></amt>
        <item>Green apples; chopped</item></ing>
      <ing>
        <amt>
          <qty>1/2</qty>
          <unit>cups</unit></amt>
        <item>Raisins</item></ing>
      <ing>
        <amt>
          <qty>1/2</qty>
          <unit>cups</unit></amt>
        <item>Dried apricot halves; chopped</item></ing>
      <ing>
        <amt>
          <qty>1/2</qty>
          <unit>teaspoons</unit></amt>
        <item>Cinnamon</item></ing></ingredients>
    <directions>
      <step>  1. Place water, flour, salt, yeast, and oil into bread machine and set on
  "dough."
  2. While dough is mixing and rising chop apple and apricots.
  
  3. Take dough and set into 6 equal portions. Roll each portion into a ball,
  then pull into a circle about 6-7" round.
  5. Place equal amounts of filling in middle of each dough circle and fold
  each into semi-circles. Securly pinch down the rims of each rol and place
  on baking tray.
  6. Allow to rise to 20 min in warm, dark space.
  
  7. Bake at 200'C for 20 min. Remove and place on wire wrack to cool.
  Recipe By     : Kascha &amp; Joe Sweeney (sweeney@asiaonline.net)
  
  Posted to MC-Recipe Digest V1 #260
  
  Date: Sun, 27 Oct 1996 00:18:14 +0800 (HKT)
  
  From: Joe Sweeney &lt;sweeney@asiaonline.net&gt;
  
  Serving Ideas : Great for school lunches.
  
  NOTES : To give an extra crunchy crust, spray a little water on the bread
  several times during baking. Wonderful!
  
  May be frozen.
 
</step></directions></recipe></recipeml>
