<?xml version="1.0" encoding="UTF-8"?>

<recipeml version="0.5">
  <recipe>
    <head>
      <title>Angel's Kiss</title>
      <categories>
        <cat>Mixed</cat>
        <cat>Drinks</cat></categories>
      <yield>1</yield></head>
    <ingredients>
      <ing>
        <amt>
          <qty>1/4</qty>
          <unit>ounces</unit></amt>
        <item>Dark creme de cacao</item></ing>
      <ing>
        <amt>
          <qty>1/4</qty>
          <unit>ounces</unit></amt>
        <item>Creme Yvette</item></ing>
      <ing>
        <amt>
          <qty>1/4</qty>
          <unit>ounces</unit></amt>
        <item>Brandy</item></ing>
      <ing>
        <amt>
          <qty>1/4</qty>
          <unit>ounces</unit></amt>
        <item>Sweet cream</item></ing></ingredients>
    <directions>
      <step>  Pour ingredients slowly, in order given, into a pony or pousse-cafe glass,
  being careful not to let ingredients mix. This produces a multi-colored
  "striped" effect of the liquors.For best results pour each ingredient
  slowly over a teaspoon held bottom-side up over the glass. You can achieve
  the same effect by inserting a glass stirring rod into the glass and then
  slowly pouring each ingredient down the rod.
  
  Recipe By     : Joe Robertson
  
  From Gemini's MASSIVE MealMaster collection at www.synapse.com/~gemini
 
</step></directions></recipe></recipeml>
