<?xml version="1.0" encoding="UTF-8"?>

<recipeml version="0.5">
  <recipe>
    <head>
      <title>Angeled Eggs (Fatfree Deviled Eggs)</title>
      <categories>
        <cat>Appetizer</cat></categories>
      <yield>4</yield></head>
    <ingredients>
      <ing>
        <amt>
          <qty/>
          <unit/></amt>
        <item>Eggs; hard boiled</item></ing>
      <ing>
        <amt>
          <qty/>
          <unit/></amt>
        <item>Instant potato flakes</item></ing>
      <ing>
        <amt>
          <qty/>
          <unit/></amt>
        <item>FF mayonnaise</item></ing>
      <ing>
        <amt>
          <qty/>
          <unit/></amt>
        <item>Yellow prepared salad mustard</item></ing>
      <ing>
        <amt>
          <qty/>
          <unit/></amt>
        <item>Onion; finely chopped</item></ing>
      <ing>
        <amt>
          <qty/>
          <unit/></amt>
        <item>Salt (opt)</item></ing>
      <ing>
        <amt>
          <qty/>
          <unit/></amt>
        <item>Tabasco</item></ing>
      <ing>
        <amt>
          <qty/>
          <unit/></amt>
        <item>Paprika</item></ing>
      <ing>
        <amt>
          <qty/>
          <unit/></amt>
        <item>Nutritional yeast flakes (opt)</item></ing></ingredients>
    <directions>
      <step>  Date: Thu, 21 Mar 1996 22:39:47 -0500
  
  From: AKACarl@aol.com (Clare Shipman)
  Hi! I have been experimenting with FF deviled eggs, which means you discard
  the yolk and replace it with something. Here is the result,  We think it is
  pretty good.  This recipe does not show quantities because it depends on
  the number of eggs. If you make too much filling, boil some more eggs!
  
  Peel eggs, cut in half and discard yolks.
  
  Mix potato flakes, mayonnaise, and mustard to desired consistency. Add
  chopped onions and a dash of Tobasco.
  
  Add other seasonings to taste, such as curry powder or chopped chives.
  
  A small amount of nutritional yeast will thicken mixture and contribute a
  cheese-like flavor.
  
  Let stand in refrigator about an hour.
  
  Fill centers of boiled-egg halves.  Dust tops with paprika and garnish as
  desired.  Chill and serve.
  
  FATFREE DIGEST V96 #80
  
  From the Fatfree Vegetarian recipe list.  Downloaded from Glen's MM Recipe
  Archive, http://www.erols.com/hosey.
 
</step></directions></recipe></recipeml>
