<?xml version="1.0" encoding="UTF-8"?>

<recipeml version="0.5">
  <recipe>
    <head>
      <title>Ange's Apple Bread</title>
      <categories>
        <cat>Breads</cat>
        <cat>Apples</cat></categories>
      <yield>2</yield></head>
    <ingredients>
      <ing>
        <amt>
          <qty>2</qty>
          <unit>cups</unit></amt>
        <item>Sugar</item></ing>
      <ing>
        <amt>
          <qty>1</qty>
          <unit>teaspoon</unit></amt>
        <item>Baking soda</item></ing>
      <ing>
        <amt>
          <qty>1</qty>
          <unit>cup</unit></amt>
        <item>Oil</item></ing>
      <ing>
        <amt>
          <qty>1</qty>
          <unit>teaspoon</unit></amt>
        <item>Cinnamon</item></ing>
      <ing>
        <amt>
          <qty>3</qty>
          <unit/></amt>
        <item>Eggs</item></ing>
      <ing>
        <amt>
          <qty>2</qty>
          <unit>teaspoons</unit></amt>
        <item>Vanilla extract</item></ing>
      <ing>
        <amt>
          <qty>3</qty>
          <unit>cups</unit></amt>
        <item>All purpose flour</item></ing>
      <ing>
        <amt>
          <qty>2</qty>
          <unit>cups</unit></amt>
        <item>Chopped peeled apples</item></ing>
      <ing>
        <amt>
          <qty>1</qty>
          <unit>teaspoon</unit></amt>
        <item>Salt</item></ing>
      <ing>
        <amt>
          <qty>1</qty>
          <unit>cup</unit></amt>
        <item>Nuts</item></ing></ingredients>
    <directions>
      <step>  Grease 2 loaf pans. In a large bowl beat together the sugar, oil and eggs.
  In a separate bowl sift together the flour, slt, baking soda, and cinnamon.
  Add the dry ingredients to the sugar mixture. Add the vanilla, apples, and
  nuts. Pour the batter into the prepared pans. Bake in a 325F over for 1
  hour. Pat Empson 05/20 08:10 pm FOOD AND WINE BB TOPIC: FOOD SOFTWARE TIME:
  05/20 8:20 PM  TO:      PAT EMPSON   (PFXX29A) FROM: PAT EMPSON (PFXX29A)
  SUBJECT: MM-MORE APPLES
  
  From Gemini's MASSIVE MealMaster collection at www.synapse.com/~gemini
 
</step></directions></recipe></recipeml>
