<?xml version="1.0" encoding="UTF-8"?>

<recipeml version="0.5">
  <recipe>
    <head>
      <title>Angel Cake Surprise</title>
      <categories>
        <cat>Cakes</cat></categories>
      <yield>1</yield></head>
    <ingredients>
      <ing-div>
        <title/>
        <ing>
          <amt>
            <qty>1</qty>
            <unit/></amt>
          <item>10" Round Cooked Angel Food Cake</item></ing>
        <ing>
          <amt>
            <qty>1</qty>
            <unit>cup</unit></amt>
          <item>Heavy Cream; whipped</item></ing>
        <ing>
          <amt>
            <qty>3</qty>
            <unit>tablespoons</unit></amt>
          <item>Sugar</item></ing>
        <ing>
          <amt>
            <qty>1/2</qty>
            <unit>teaspoons</unit></amt>
          <item>Vanilla</item></ing>
        <ing>
          <amt>
            <qty>1/4</qty>
            <unit>cups</unit></amt>
          <item>Maraschino Cherries; quartered</item></ing>
        <ing>
          <amt>
            <qty>1/4</qty>
            <unit>cups</unit></amt>
          <item>Crushed Pineapple; drained</item></ing>
        <ing>
          <amt>
            <qty>1/4</qty>
            <unit>pounds</unit></amt>
          <item>Marshmallows; cut in eighths</item></ing>
        <ing>
          <amt>
            <qty>1/2</qty>
            <unit>cups</unit></amt>
          <item>Walnuts; chopped</item></ing></ing-div>
      <ing-div>
        <title>FROSTING</title>
        <ing>
          <amt>
            <qty>1 1/2</qty>
            <unit>pints</unit></amt>
          <item>Cream; whipped</item></ing>
        <ing>
          <amt>
            <qty>3</qty>
            <unit>tablespoons</unit></amt>
          <item>Sugar</item></ing>
        <ing>
          <amt>
            <qty/>
            <unit/></amt>
          <item>Pineapple Chunks; for garnish</item></ing>
        <ing>
          <amt>
            <qty/>
            <unit/></amt>
          <item>Maraschino Cherries; for garnish</item></ing></ing-div></ingredients>
    <directions>
      <step>  Combine cream, sugar and vanilla. Fold in maraschino cherries, crushed
  pineapple, marshmallows, and chopped walnuts. Chill. Cut with serrated
  knife, 1 inch slice from top of a 10 inch round angel cake. Cut out a ring
  2 inches wide and 2 inches deep. Spoon in chilled filling. Replace slice
  cut from top.
  
  Frosting: Beat cream and sugar together with mixer.
  
  Frost top and sides of cake. Chill. Decorate with pineapple chunks and
  maraschino cherries.
  Posted to recipelu-digest Volume 01 Number 350 by James and Susan Kirkland
  &lt;kirkland@gj.net&gt; on Dec 08, 1997
 
</step></directions></recipe></recipeml>
