<?xml version="1.0" encoding="UTF-8"?>

<recipeml version="0.5">
  <recipe>
    <head>
      <title>Angelica Liqueur</title>
      <categories>
        <cat>Beverages</cat></categories>
      <yield>1</yield></head>
    <ingredients>
      <ing>
        <amt>
          <qty>3</qty>
          <unit>tablespoons</unit></amt>
        <item>Dried chopped angelica root</item></ing>
      <ing>
        <amt>
          <qty>1</qty>
          <unit>tablespoon</unit></amt>
        <item>Chopped almonds</item></ing>
      <ing>
        <amt>
          <qty>1</qty>
          <unit/></amt>
        <item>Allspice berry, cracked</item></ing>
      <ing>
        <amt>
          <qty>1</qty>
          <unit/></amt>
        <item>1" piece cinnamon stick, broken</item></ing>
      <ing>
        <amt>
          <qty>3</qty>
          <unit/></amt>
        <item>To 6 anise or fennel seeds, crushed</item></ing>
      <ing>
        <amt>
          <qty>1/8</qty>
          <unit>teaspoons</unit></amt>
        <item>Powdered coriander seed</item></ing>
      <ing>
        <amt>
          <qty>1</qty>
          <unit>tablespoon</unit></amt>
        <item>Chopped fresh marjoram leaves or 1 tsp. dried</item></ing>
      <ing>
        <amt>
          <qty>1 1/2</qty>
          <unit>cups</unit></amt>
        <item>Vodka</item></ing>
      <ing>
        <amt>
          <qty>1/2</qty>
          <unit>cups</unit></amt>
        <item>Granulated sugar</item></ing>
      <ing>
        <amt>
          <qty>1/4</qty>
          <unit>cups</unit></amt>
        <item>Water</item></ing>
      <ing>
        <amt>
          <qty>1</qty>
          <unit>drop</unit></amt>
        <item>Each yellow and green food color,(optional)</item></ing></ingredients>
    <directions>
      <step>  Combine all herbs, nuts and spices with vodka in a 1 quart or larger aging
  container.  Cap tightly and shake daily for 2 weeks. Strain through a fine
  muslin cloth or coffee filter; discarding solids. Clean out aging
  container. Place liquid back in container.
  
  Place sugar and water in saucepan and stir to combine over medium heat.**
  When sugar is completely dissolved, set aside and let cool. When cool
  combine with food coloring and add to liqueur liquid. Cap and allow to age
  and mellow in a cool, dark place for one month.
  
  **Microwave Directions: This step may be done in the microwave oven using a
  glass bowl. Microwave on HIGH for 1 to 1.5 minutes, stirring every 30
  seconds.
  
  From Gemini's MASSIVE MealMaster collection at www.synapse.com/~gemini
 
</step></directions></recipe></recipeml>
