<?xml version="1.0" encoding="UTF-8"?>

<recipeml version="0.5">
  <recipe>
    <head>
      <title>Albondigas Soup with Turkey</title>
      <categories>
        <cat>Chicken &amp; t</cat>
        <cat>Ethnic</cat>
        <cat>Healthy and</cat>
        <cat>Mexican</cat>
        <cat>Soup</cat></categories>
      <yield>1</yield></head>
    <ingredients>
      <ing-div>
        <title>SOUP BASE</title>
        <ing>
          <amt>
            <qty>64</qty>
            <unit>ounces</unit></amt>
          <item>Chicken Broth</item></ing>
        <ing>
          <amt>
            <qty>16</qty>
            <unit>ounces</unit></amt>
          <item>Water</item></ing>
        <ing>
          <amt>
            <qty>1</qty>
            <unit>teaspoon</unit></amt>
          <item>Parsley</item></ing>
        <ing>
          <amt>
            <qty>2</qty>
            <unit/></amt>
          <item>Bay Leaf</item></ing>
        <ing>
          <amt>
            <qty>1</qty>
            <unit>teaspoon</unit></amt>
          <item>Basil</item></ing>
        <ing>
          <amt>
            <qty>1</qty>
            <unit>teaspoon</unit></amt>
          <item>Cajun Seasoning</item></ing>
        <ing>
          <amt>
            <qty>1</qty>
            <unit>tablespoon</unit></amt>
          <item>Gebhardt's Chili Powder</item></ing>
        <ing>
          <amt>
            <qty>1</qty>
            <unit>teaspoon</unit></amt>
          <item>Coriander</item></ing>
        <ing>
          <amt>
            <qty>3</qty>
            <unit/></amt>
          <item>Cloves Garlic; Minced</item></ing>
        <ing>
          <amt>
            <qty>2</qty>
            <unit/></amt>
          <item>Chicken Bouillon Cube</item></ing>
        <ing>
          <amt>
            <qty>4</qty>
            <unit>medium</unit></amt>
          <item>Carrot; Chopped</item></ing>
        <ing>
          <amt>
            <qty>1</qty>
            <unit>medium</unit></amt>
          <item>Onion; Chopped</item></ing>
        <ing>
          <amt>
            <qty>1</qty>
            <unit>tablespoon</unit></amt>
          <item>Minced Dry Onions</item></ing>
        <ing>
          <amt>
            <qty>4</qty>
            <unit>medium</unit></amt>
          <item>Potato; Diced, unpeeled</item></ing>
        <ing>
          <amt>
            <qty>1/3</qty>
            <unit>bunches</unit></amt>
          <item>Cilantro; Tops Only, Chopped</item></ing>
        <ing>
          <amt>
            <qty>2</qty>
            <unit/></amt>
          <item>Whole Tomatoes; Chopped</item></ing>
        <ing>
          <amt>
            <qty>1</qty>
            <unit>can</unit></amt>
          <item>(14 1/2 Oz) Merxican Stewed Tomatoes</item></ing></ing-div>
      <ing-div>
        <title>MEATBALLS</title>
        <ing>
          <amt>
            <qty>3</qty>
            <unit/></amt>
          <item>Whole Eggs</item></ing>
        <ing>
          <amt>
            <qty>2</qty>
            <unit>pounds</unit></amt>
          <item>Ground Turkey</item></ing>
        <ing>
          <amt>
            <qty>1/3</qty>
            <unit>cups</unit></amt>
          <item>Uncooked Rice</item></ing>
        <ing>
          <amt>
            <qty>1</qty>
            <unit>teaspoon</unit></amt>
          <item>Garlic Powder</item></ing></ing-div></ingredients>
    <directions>
      <step>  In a large pot, combine broth, water &amp; next 12 ingredients.(Parsley through
  potatoes.) Bring to boil, simmer 40 minutes.To make meatballs, combine
  turkey, eggs, rice &amp; garlic powder, then shape into 1 inch balls. Add meat
  balls, one at a time, to boiling broth. Boil for 30 minutes after last ball
  has been dropped in broth. Add tomatoes, cilantro and additional seasoning
  if necessary. Simmer 8-10 minutes. Salt &amp; pepper to taste.
  
  NOTES : I found this recipe in the food section of the San Bernardino
  County Sun. The use of ground turkey and low fat chicken broth make it much
  lower in fat than the usual albondigas. Jeannine Lutz
  Recipe by: Jerri Dunithan, Redlands, California
  
  Posted to EAT-L Digest  by KnotAClew &lt;KnotAClew@AOL.COM&gt; on Mar 6, 1998
 
</step></directions></recipe></recipeml>
