<?xml version="1.0" encoding="UTF-8"?>

<recipeml version="0.5">
  <recipe>
    <head>
      <title>Albondigas Soup</title>
      <categories>
        <cat>Soups/stews</cat>
        <cat>Hamburger</cat>
        <cat>Mexican</cat>
        <cat>Beef</cat></categories>
      <yield>5</yield></head>
    <ingredients>
      <ing>
        <amt>
          <qty>3</qty>
          <unit>quarts</unit></amt>
        <item>Regular-strength beef broth</item></ing>
      <ing>
        <amt>
          <qty>1</qty>
          <unit>large</unit></amt>
        <item>Can (28 oz.) crushed tomatoes</item></ing>
      <ing>
        <amt>
          <qty>1</qty>
          <unit>large</unit></amt>
        <item>Can (7 oz.) diced green chiles</item></ing>
      <ing>
        <amt>
          <qty>1</qty>
          <unit>large</unit></amt>
        <item>(about 1/2-lb.) onion, chopped</item></ing>
      <ing>
        <amt>
          <qty>1 1/2</qty>
          <unit>teaspoons</unit></amt>
        <item>Crumbled dried basil leaves</item></ing>
      <ing>
        <amt>
          <qty>1 1/2</qty>
          <unit>teaspoons</unit></amt>
        <item>Crumbled dried oregano leaves</item></ing>
      <ing>
        <amt>
          <qty>1/2</qty>
          <unit/></amt>
        <item>To 1 tsp. liquid hot pepper seasoning</item></ing>
      <ing>
        <amt>
          <qty>1/2</qty>
          <unit>cups</unit></amt>
        <item>Long-grain white rice</item></ing>
      <ing>
        <amt>
          <qty/>
          <unit/></amt>
        <item>Meatballs (recipe follows)</item></ing>
      <ing>
        <amt>
          <qty>1/2</qty>
          <unit>cups</unit></amt>
        <item>Minced fresh cilantro (coriander)</item></ing>
      <ing>
        <amt>
          <qty/>
          <unit/></amt>
        <item>Cilantro sprigs (optional)</item></ing>
      <ing>
        <amt>
          <qty/>
          <unit/></amt>
        <item>Salt and pepper</item></ing>
      <ing>
        <amt>
          <qty/>
          <unit/></amt>
        <item>In a 6- to 8-quart pan, combine broth, tomatoes and their</item></ing>
      <ing>
        <amt>
          <qty/>
          <unit/></amt>
        <item>Liquid, chiles, onion, basil, oregano, and hot pepper</item></ing>
      <ing>
        <amt>
          <qty/>
          <unit/></amt>
        <item>Seasoning to taste.  Bring to a boil over high heat.</item></ing>
      <ing>
        <amt>
          <qty/>
          <unit/></amt>
        <item>Add rice; cover and simmer 15 minutes.  Add meatballs;</item></ing>
      <ing>
        <amt>
          <qty/>
          <unit/></amt>
        <item>Cover and simmer until meatballs are not pink in the</item></ing>
      <ing>
        <amt>
          <qty/>
          <unit/></amt>
        <item>Center (cut to test), 10 to 15 minutes longer.  Stir</item></ing>
      <ing>
        <amt>
          <qty/>
          <unit/></amt>
        <item>In the minced cilantro.</item></ing>
      <ing>
        <amt>
          <qty/>
          <unit/></amt>
        <item>Ladle into bowls and garnish with cilantro sprigs.  Add</item></ing>
      <ing>
        <amt>
          <qty/>
          <unit/></amt>
        <item>Salt and pepper to taste. Makes about 5 quarts, 10 to</item></ing>
      <ing>
        <amt>
          <qty>12</qty>
          <unit/></amt>
        <item>Servings.</item></ing></ingredients>
    <directions>
      <step>  MEATBALLS:  In a large bowl, mix together until well blended 1 pound GROUND
  LEAN BEEF; 1/3 pound BULK PORK SAUSAGE; 1/2 cup CORNMEAL; 1/4 cup MILK; 1
  large EGG; 1 small (about 6 oz.) ONION, minced; 1 clove GARLIC, pressed or
  minced; and 1/2 teaspoon crumbled DRIED BASIL LEAVES.
  
  Shape the mixture into about 3/4-inch balls.  If making ahead, return the
  meatballs to bowl, cover, and chill up to 4 hours.
  
  FROM:  Sunset Best of the West, Spring/Summer 1993 Originally Posted on
  GEnie by: Debbie Applebury (J.APPLEBURY)
  
  From Gemini's MASSIVE MealMaster collection at www.synapse.com/~gemini
 
</step></directions></recipe></recipeml>
