<?xml version="1.0" encoding="UTF-8"?>

<recipeml version="0.5">
  <recipe>
    <head>
      <title>Albuquerque Corn-Bread Stuffing</title>
      <categories>
        <cat>Side dish</cat>
        <cat>Jaw</cat></categories>
      <yield>12</yield></head>
    <ingredients>
      <ing>
        <amt>
          <qty>2</qty>
          <unit>cups</unit></amt>
        <item>Yellow cornmeal</item></ing>
      <ing>
        <amt>
          <qty>2</qty>
          <unit>teaspoons</unit></amt>
        <item>Baking powder</item></ing>
      <ing>
        <amt>
          <qty>1</qty>
          <unit>teaspoon</unit></amt>
        <item>Baking soda</item></ing>
      <ing>
        <amt>
          <qty>1</qty>
          <unit>teaspoon</unit></amt>
        <item>Salt</item></ing>
      <ing>
        <amt>
          <qty>2</qty>
          <unit>cups</unit></amt>
        <item>Buttermilk</item></ing>
      <ing>
        <amt>
          <qty>1/2</qty>
          <unit>cups</unit></amt>
        <item>Butter</item></ing>
      <ing>
        <amt>
          <qty>1</qty>
          <unit/></amt>
        <item>Can cream-style corn</item></ing>
      <ing>
        <amt>
          <qty>8</qty>
          <unit>ounces</unit></amt>
        <item>Shredded Monterey Jack</item></ing>
      <ing>
        <amt>
          <qty/>
          <unit/></amt>
        <item>Cheese (2 cups)</item></ing>
      <ing>
        <amt>
          <qty>2</qty>
          <unit/></amt>
        <item>Cans chopped green chiles</item></ing>
      <ing>
        <amt>
          <qty>4</qty>
          <unit>large</unit></amt>
        <item>Eggs, beaten lightly</item></ing>
      <ing>
        <amt>
          <qty>1/2</qty>
          <unit>cups</unit></amt>
        <item>Chicken broth</item></ing></ingredients>
    <directions>
      <step>  Prepare corn bread: Preheat oven to 350 degrees. Grease 13x9 metal baking
  pan or deep 12 inch skillet with oven safe handle.
  
  In large bowl, with spoon, mix cornmeal, baking powder, baking soda, and
  solt. Stir in buttermilk and remaining ingredients except chicken broth and
  mix until thoroughly blended. Pour batter into baking pan.
  
  Bake corn bread 60 to 65 minutes until top is browned and toothpick
  inserted in center comes out clean. Cool corn bread in pan on wire rack.
  (If not making stuffing right away, cover and reserve corn bread up to 2
  days.)
  
  Prepare stuffing: Into large bowl, crumble corn bread. Drizzle with chicken
  broth; toss to mix well. Use to stuff 12 to 16 lb turkey. Or, spoon into
  13x9 glass baking dish, cover with foil and bake in preheated 325 degree
  oven 45 minutes or until heated through.
  Posted to MM-Recipes Digest V3 #286
  
  Date: Fri, 18 Oct 1996 21:53:33 -0500
  
  From: jessann doe &lt;jessann@texas.net&gt;
 
</step></directions></recipe></recipeml>
