<?xml version="1.0" encoding="UTF-8"?>

<recipeml version="0.5">
  <recipe>
    <head>
      <title>Alcachofas De Tudela En Salsa (Tudela Artichokes with Sauce)</title>
      <categories>
        <cat>None</cat></categories>
      <yield>1</yield></head>
    <ingredients>
      <ing>
        <amt>
          <qty>12</qty>
          <unit/></amt>
        <item>Artichokes</item></ing>
      <ing>
        <amt>
          <qty>1</qty>
          <unit/></amt>
        <item>Onion</item></ing>
      <ing>
        <amt>
          <qty>6</qty>
          <unit/></amt>
        <item>Garlic cloves</item></ing>
      <ing>
        <amt>
          <qty>50</qty>
          <unit>grams</unit></amt>
        <item>Bacon or cured ham</item></ing>
      <ing>
        <amt>
          <qty>2</qty>
          <unit>tablespoons</unit></amt>
        <item>Flour</item></ing>
      <ing>
        <amt>
          <qty>1/2</qty>
          <unit>cups</unit></amt>
        <item>Olive oil</item></ing></ingredients>
    <directions>
      <step>  Clean the artichokes: remove the external leaves and cut off the stem. Cut
  off the top leaves with a sharp knife, too. Put the clean artichokes in a
  bowl with cold water, to avoid that they become black. In another bowl,
  boil water and add the drained artichokes one by one, to avoid that the
  water stop boiling. In the meantime, fry the chopped onion in a pan with
  oil, the chopped garlic cloves and the sliced bacon or ham. When they
  become golden, remove the pan from fire and add the flour. Drain the bowled
  artichokes and add to the onion sauce. Serve hot.
  
  I hope you understand my little English and you enjoy this receipe. It
  comes from the Saint Claire's Convent in Tudela (Navarra), in northern
  Spain.
  Posted to EAT-L Digest 29 Aug 96
  
  From:    Pablo Dobner &lt;msevilla@REDESTB.ES&gt;
  
  Date:    Fri, 30 Aug 1996 13:59:21 +0200
 
</step></directions></recipe></recipeml>
