<?xml version="1.0" encoding="UTF-8"?>

<recipeml version="0.5">
  <recipe>
    <head>
      <title>Alexander's Special</title>
      <categories>
        <cat>Sandwich</cat></categories>
      <yield>1</yield></head>
    <ingredients>
      <ing>
        <amt>
          <qty>4</qty>
          <unit>slices</unit></amt>
        <item>Turkey</item></ing>
      <ing>
        <amt>
          <qty>1</qty>
          <unit>slice</unit></amt>
        <item>Pineapple</item></ing>
      <ing>
        <amt>
          <qty>2</qty>
          <unit>slices</unit></amt>
        <item>Cheddar cheese</item></ing>
      <ing>
        <amt>
          <qty>1</qty>
          <unit>teaspoon</unit></amt>
        <item>Mustard</item></ing>
      <ing>
        <amt>
          <qty>2</qty>
          <unit>slices</unit></amt>
        <item>100% whole wheat bread</item></ing></ingredients>
    <directions>
      <step>  Top turkey with pineapple and cheese.  Heat until cheese melts. Spread
  mustard on top slice of bread and close sandwich.
  
  Date: Sat, 22 Jun 1996 19:06:27 -0400
  
  From: BobbieB1@aol.com
  
  MM-Recipes Digest V3 #174
  
  From the MealMaster recipe list.  Downloaded from Glen's MM Recipe Archive,
  http://www.erols.com/hosey.
 
</step></directions></recipe></recipeml>
