<?xml version="1.0" encoding="UTF-8"?>

<recipeml version="0.5">
  <recipe>
    <head>
      <title>Alexis' Sweet Potato Pie</title>
      <categories>
        <cat>None</cat></categories>
      <yield>1</yield></head>
    <ingredients>
      <ing>
        <amt>
          <qty>1</qty>
          <unit/></amt>
        <item>Unbaked 9-inch pie shell</item></ing>
      <ing>
        <amt>
          <qty>4</qty>
          <unit/></amt>
        <item>Medium-size sweet potatoes, either boiled or baked until soft and then peeled</item></ing>
      <ing>
        <amt>
          <qty>3</qty>
          <unit/></amt>
        <item>Eggs, lightly beaten</item></ing>
      <ing>
        <amt>
          <qty>1/3</qty>
          <unit>cups</unit></amt>
        <item>Granulated sugar</item></ing>
      <ing>
        <amt>
          <qty>1/4</qty>
          <unit>teaspoons</unit></amt>
        <item>Freshly grated nutmeg</item></ing>
      <ing>
        <amt>
          <qty>3/4</qty>
          <unit>teaspoons</unit></amt>
        <item>Cinnamon</item></ing>
      <ing>
        <amt>
          <qty>1/2</qty>
          <unit>teaspoons</unit></amt>
        <item>Allspice</item></ing>
      <ing>
        <amt>
          <qty>1/4</qty>
          <unit>teaspoons</unit></amt>
        <item>Salt</item></ing>
      <ing>
        <amt>
          <qty>1</qty>
          <unit>teaspoon</unit></amt>
        <item>Grated lemon rind</item></ing>
      <ing>
        <amt>
          <qty>1 1/2</qty>
          <unit>cups</unit></amt>
        <item>Light cream</item></ing>
      <ing>
        <amt>
          <qty>4</qty>
          <unit>tablespoons</unit></amt>
        <item>(1/2 stick) unsalted butter, melted and cooled</item></ing></ingredients>
    <directions>
      <step>  1. Preheat the oven to 400 F.
  
  2. Put the sweet potatoes in a large mixing bowl and mash with a wooden
  spoon or a potato masher.  Set aside.
  
  3. Combine the eggs, sugar, spices, salt, lemon rind, and cream in a small
  bowl and whisk together until combined.  Pour this mixture into the sweet
  potatoes and stir until thoroughly combined.  Add the butter and mix well.
  Pour into the pie crust and bake for 45 to 55 minutes, or until the filling
  is set and a knife inserted in the center comes out clean.  Let cool
  completely before slicing.
  
  Recipe is from _Martha Stewart's Pies &amp; Tarts_.
  
  Posted to EAT-L Digest 15 November 96
  
  Date:    Sat, 16 Nov 1996 00:34:30 EST
  
  From:    Felicia Pickering &lt;MNHAN063@SIVM.SI.EDU&gt;
 
</step></directions></recipe></recipeml>
