<?xml version="1.0" encoding="UTF-8"?>

<recipeml version="0.5">
  <recipe>
    <head>
      <title>Alexander Walters' "French Canadian Chili"</title>
      <categories>
        <cat>None</cat></categories>
      <yield>1</yield></head>
    <ingredients>
      <ing>
        <amt>
          <qty>1</qty>
          <unit/></amt>
        <item>Clove garlic; minced</item></ing>
      <ing>
        <amt>
          <qty>2</qty>
          <unit/></amt>
        <item>Onions; chopped</item></ing>
      <ing>
        <amt>
          <qty>2</qty>
          <unit>pounds</unit></amt>
        <item>Lean ground beef</item></ing>
      <ing>
        <amt>
          <qty>2</qty>
          <unit/></amt>
        <item>Each: red; green and yellow peppers, chopped</item></ing>
      <ing>
        <amt>
          <qty>1</qty>
          <unit/></amt>
        <item>Jalapeno pepper; seeded and chopped</item></ing>
      <ing>
        <amt>
          <qty>1</qty>
          <unit/></amt>
        <item>Container (10 oz) white mushrooms; chopped</item></ing>
      <ing>
        <amt>
          <qty>5</qty>
          <unit/></amt>
        <item>Garden tomatoes; chopped</item></ing>
      <ing>
        <amt>
          <qty>5</qty>
          <unit/></amt>
        <item>Plum tomatoes; chopped</item></ing>
      <ing>
        <amt>
          <qty>2</qty>
          <unit>cans</unit></amt>
        <item>(6 oz) tomato paste</item></ing>
      <ing>
        <amt>
          <qty>2</qty>
          <unit>cans</unit></amt>
        <item>(28 oz) stewed tomatoes</item></ing>
      <ing>
        <amt>
          <qty>1</qty>
          <unit/></amt>
        <item>Jar; (16 oz) garden style tomato sauce</item></ing>
      <ing>
        <amt>
          <qty>2</qty>
          <unit>tablespoons</unit></amt>
        <item>Dried oregano</item></ing>
      <ing>
        <amt>
          <qty>2</qty>
          <unit>tablespoons</unit></amt>
        <item>Dried thyme</item></ing>
      <ing>
        <amt>
          <qty>1</qty>
          <unit>tablespoon</unit></amt>
        <item>Celery salt</item></ing>
      <ing>
        <amt>
          <qty/>
          <unit/></amt>
        <item>Ground pepper</item></ing>
      <ing>
        <amt>
          <qty>4</qty>
          <unit>cans</unit></amt>
        <item>Red kidney beans; drained</item></ing></ingredients>
    <directions>
      <step>  First, pour some vegetable oil a large skillet. Then add the garlic and
  onion, letting them saute until they're translucent. Then add the ground
  beef and brown it.
  
  Add all the peppers, jalapenos included, plus the mushrooms to the post,
  continue cooking the vegetables until they soften a bit (2-3 minutes). To a
  large pot, add all the canned tomato paste, the canned stewed tomatoes and
  the chopped fresh plum and garden tomatoes.
  
  Combine browned meat/peppers mixture with tomato mixture in large pot. Add
  the oregano, thyme, celery salt and pepper.
  
  Let entire mixture simmer for 20-25 minutes.
  
  After it's simmered, add the beans and simmer for another 15 to 20 minutes
  until the sauce is the consistency of a thick gravy.
  
  Alexander Walters is the handsomely sexy actor who plays Mark Kasnoff on
  CBS's, "As The World Turns." Originally from Toronto, Canada, Walters went
  to college in Montreal where, during a stint as a bartender, he was
  discovered by a modeling agent. His modeling career bought him to New York
  and the rest, as they say, is history!
  Posted to recipelu-digest Volume 01 Number 472 by "bunny"
  &lt;layla696@ix.netcom.com&gt; on Jan 7, 1998
 
</step></directions></recipe></recipeml>
