<?xml version="1.0" encoding="UTF-8"?>

<recipeml version="0.5">
  <recipe>
    <head>
      <title>Alfie and Archie's Dog Biscuits</title>
      <categories>
        <cat>Desserts</cat>
        <cat>Cookies</cat>
        <cat>Misc</cat></categories>
      <yield>10</yield></head>
    <ingredients>
      <ing>
        <amt>
          <qty>2 1/2</qty>
          <unit>cups</unit></amt>
        <item>Whole wheat flour</item></ing>
      <ing>
        <amt>
          <qty>1/2</qty>
          <unit>cups</unit></amt>
        <item>Powdered dry milk</item></ing>
      <ing>
        <amt>
          <qty>1/2</qty>
          <unit>teaspoons</unit></amt>
        <item>Salt</item></ing>
      <ing>
        <amt>
          <qty>1/2</qty>
          <unit>teaspoons</unit></amt>
        <item>Garlic powder</item></ing>
      <ing>
        <amt>
          <qty>1</qty>
          <unit>teaspoon</unit></amt>
        <item>Brown sugar</item></ing>
      <ing>
        <amt>
          <qty>6</qty>
          <unit>tablespoons</unit></amt>
        <item>Meat drippings</item></ing>
      <ing>
        <amt>
          <qty>1</qty>
          <unit/></amt>
        <item>Beaten egg</item></ing>
      <ing>
        <amt>
          <qty>1/2</qty>
          <unit>cups</unit></amt>
        <item>Ice water</item></ing></ingredients>
    <directions>
      <step>  1.  Preheat oven to 350.  Lightly oil a cookie sheet. Combine flour, dry
  milk, salt, garlic powder and sugar. Cut in meat drippings until mixture
  resembles corn meal. Mix in egg. Add enough water so that mixture forms a
  ball.  Using your fingers, pat out dough onto cookie sheet to half inch
  thick.  Cut with cookie cutter or knife and remove scraps. Scraps can be
  formed again and baked. 2. Bake 25-30 minutes. Remove from tray and cool on
  rack. from:  _Cookiemania_
  Posted to MM-Recipes Digest V3 #324
  
  Date: Mon, 25 Nov 1996 22:44:35 PST
  
  From: jlewis1@juno.com (Julie L. Lewis)
 
</step></directions></recipe></recipeml>
