<?xml version="1.0" encoding="UTF-8"?>

<recipeml version="0.5">
  <recipe>
    <head>
      <title>Alfred Portale's Jumbo Asparagus Salad</title>
      <categories>
        <cat>None</cat></categories>
      <yield>4</yield></head>
    <ingredients>
      <ing-div>
        <title>LEMON VINAIGRETTE</title>
        <ing>
          <amt>
            <qty>3</qty>
            <unit>tablespoons</unit></amt>
          <item>Fresh lemon juice</item></ing>
        <ing>
          <amt>
            <qty>2</qty>
            <unit>teaspoons</unit></amt>
          <item>Lemon zest</item></ing>
        <ing>
          <amt>
            <qty>1</qty>
            <unit>tablespoon</unit></amt>
          <item>Sherry vinegar</item></ing>
        <ing>
          <amt>
            <qty/>
            <unit/></amt>
          <item>Salt and white pepper</item></ing></ing-div>
      <ing-div>
        <title>SALAD WITH PROSCIUTTODE PARM</title>
        <ing>
          <amt>
            <qty>3/4</qty>
            <unit>cups</unit></amt>
          <item>Extra virgin olive oil</item></ing>
        <ing>
          <amt>
            <qty>1</qty>
            <unit>pound</unit></amt>
          <item>Asparagus; jumbo (about 12)</item></ing>
        <ing>
          <amt>
            <qty>2</qty>
            <unit/></amt>
          <item>Shallots; minced</item></ing>
        <ing>
          <amt>
            <qty>1</qty>
            <unit>teaspoon</unit></amt>
          <item>Minced fresh thyme leaves</item></ing>
        <ing>
          <amt>
            <qty>1 1/2</qty>
            <unit>pounds</unit></amt>
          <item>New potatoes; boiled until tender, sliced thick</item></ing>
        <ing>
          <amt>
            <qty>2</qty>
            <unit>tablespoons</unit></amt>
          <item>Minced fresh chives</item></ing>
        <ing>
          <amt>
            <qty>12</qty>
            <unit>slices</unit></amt>
          <item>Prosciutto de Parma (or other cured ham; very thinly sliced</item></ing>
        <ing>
          <amt>
            <qty>1</qty>
            <unit>quart</unit></amt>
          <item>Cleaned dried lettuce; torn into bite sized pieces</item></ing>
        <ing>
          <amt>
            <qty>1</qty>
            <unit/></amt>
          <item>Piece Parmesan Reggiano cheese; for shaving</item></ing>
        <ing>
          <amt>
            <qty>2</qty>
            <unit/></amt>
          <item>Eggs; hard boiled and separated</item></ing></ing-div></ingredients>
    <directions>
      <step>  Alfred Portale's Jumbo Asparagus Salad with Prosciuttode Parma, Parmesan,
  and Lemon Vinaigrette
  
  1. For the vinaigrette, mix lemon juice, zest, vinegar, and salt and pepper
  to taste in a medium bowl. Whisk in olive oil and set aside.
  
  2. Bring 1 inch water to boil in a soup kettle. Put asparagus in steamer
  basket then carefully place steamer basket in kettle and cover and steam
  over medium-high heat until asparagus spears bend slightly when picked up
  and flesh at cut end yields when squeezed, 4 to 5 minutes for asparagus
  under 1/2 inch in diameter, 5 to 6 minutes for the jumbo size. Drain and
  plunge spears immediately into ice water to stop the cooking process. Drain
  again, cover, and refrigerate until chilled, as long as overnight.
  
  3. In a medium bowl, combine the shallots, thyme, asparagus, sliced
  potatoes, and 1 tablespoon chives. Add 1/4 cup vinaigrette toss to coat.
  Season to taste with salt and pepper.
  
  4. Arrange asparagus-potato mixture with the prosciutto alongside it on 4
  large serving plates. Dress lettuces with another 1/4 cup vinaigrette, and
  arrange a portion on each plate. Use a vegetable peeler to shave Parmesan
  curls over each salad. Press eggs through a fine sieve. Sprinkle each salad
  with sieved egg and remaining chives-, serve immediately with remaining
  dressing passed separately.
  
  Cook's Illustrated, May/June 1993, Page 7. Credit: Stephanie Lyness.
  
  Nationality: USA Course: vegetable side dish Season: spring Method: Combo
  
  Start to Finish 1 hour Preparation 30 minutes Attention 30 minutes
  Finishing 10 minutes
  
  Converted from Mangia!, Cook's Illustrated 1993-1995 Cookbook
  
  NOTES : Even though Portale peels, bundles, and cooks his asparagus in
  boiling water, we still prefer the steaming method, even for the jumbos. Of
  course, large or even medium asparagus can be substituted.
  Recipe by: Cook's Illustrated, May/June 1993, Page 7.
  
  Posted to MC-Recipe Digest by "Hobbs, D B                 USO"
  &lt;hobbs@lbcapo1.uso.unisys.com&gt; on Mar 10, 1998
 
</step></directions></recipe></recipeml>
