<?xml version="1.0" encoding="UTF-8"?>

<recipeml version="0.5">
  <recipe>
    <head>
      <title>Alfredo Sauce (Ovo Lacto</title>
      <categories>
        <cat>Sauces</cat></categories>
      <yield>4</yield></head>
    <ingredients>
      <ing>
        <amt>
          <qty>1</qty>
          <unit>quart</unit></amt>
        <item>Non-fat Milk</item></ing>
      <ing>
        <amt>
          <qty>1</qty>
          <unit>tablespoon</unit></amt>
        <item>Garlic Salt</item></ing>
      <ing>
        <amt>
          <qty>2</qty>
          <unit>tablespoons</unit></amt>
        <item>Molly McButter</item></ing>
      <ing>
        <amt>
          <qty>1/4</qty>
          <unit>cups</unit></amt>
        <item>Arrowroot Starch</item></ing>
      <ing>
        <amt>
          <qty>1/4</qty>
          <unit>cups</unit></amt>
        <item>Water</item></ing>
      <ing>
        <amt>
          <qty>1</qty>
          <unit>cup</unit></amt>
        <item>Shredded Non-fat Mozzarella</item></ing>
      <ing>
        <amt>
          <qty/>
          <unit/></amt>
        <item>Cheese</item></ing>
      <ing>
        <amt>
          <qty/>
          <unit/></amt>
        <item>To taste  Salt</item></ing>
      <ing>
        <amt>
          <qty/>
          <unit/></amt>
        <item>To taste  White Pepper</item></ing></ingredients>
    <directions>
      <step>  Combine all ingredients except for the starch, cheese and water and put
  into a sauce pan and bring to a boil. Blend together the arrowroot and cold
  water then add slowly to the sauce, stirring constantly. Let sauce simmer
  for 2 minutes.  Remove from heat. Slowly add and blend in the cheese.
  
  Makes 4-6 servings.
  
  Posted by Doug Robinson &lt;dougr@netcom.com&gt; to Fatfree Digest [Volume 13
  Issue 12] Dec. 12, 1994. FATFREE Recipe collections copyrighted by Michelle
  Dick 1994. Used with permission. Formatted by Sue Smith, S.Smith34,
  TXFT40A@Prodigy.com using MMCONV.
  
  1.80á
  
  From Gemini's MASSIVE MealMaster collection at www.synapse.com/~gemini
 
</step></directions></recipe></recipeml>
