<?xml version="1.0" encoding="UTF-8"?>

<recipeml version="0.5">
  <recipe>
    <head>
      <title>Alfredo</title>
      <categories>
        <cat>Pasta</cat>
        <cat>Sauces</cat>
        <cat>Cheese</cat></categories>
      <yield>6</yield></head>
    <ingredients>
      <ing>
        <amt>
          <qty>1/4</qty>
          <unit>cups</unit></amt>
        <item>Butter</item></ing>
      <ing>
        <amt>
          <qty>2</qty>
          <unit>cups</unit></amt>
        <item>Heavy Cream</item></ing>
      <ing>
        <amt>
          <qty/>
          <unit>pinches</unit></amt>
        <item>Nutmeg</item></ing>
      <ing>
        <amt>
          <qty>1/2</qty>
          <unit>teaspoons</unit></amt>
        <item>Salt</item></ing>
      <ing>
        <amt>
          <qty>1/2</qty>
          <unit>teaspoons</unit></amt>
        <item>Pepper</item></ing>
      <ing>
        <amt>
          <qty>3/4</qty>
          <unit>cups</unit></amt>
        <item>Grated Parmesan Cheese</item></ing>
      <ing>
        <amt>
          <qty>1</qty>
          <unit>pound</unit></amt>
        <item>Cooked Fettuccine</item></ing></ingredients>
    <directions>
      <step>  Combine butter, cream, nutmeg, salt and pepper in skillet. Bring to boil;
  reduce heat and simmer 4 minutes. Toss with cheese and cooked pasta.
  Posted to MM-Recipes Digest V4 #257 by "Deborah Kühnen"
  &lt;DEBKUHNEN@classic.msn.com&gt; on Sep 27, 97
 
</step></directions></recipe></recipeml>
