<?xml version="1.0" encoding="UTF-8"?>

<recipeml version="0.5">
  <recipe>
    <head>
      <title>Alfredo Sauce over Fettuccine Ff</title>
      <categories>
        <cat>Pasta</cat></categories>
      <yield>6</yield></head>
    <ingredients>
      <ing>
        <amt>
          <qty>12</qty>
          <unit>ounces</unit></amt>
        <item>Fettucine; uncooked, FF or 16 ozs fresh, FF</item></ing>
      <ing>
        <amt>
          <qty/>
          <unit/></amt>
        <item>Dry white wine</item></ing>
      <ing>
        <amt>
          <qty>3</qty>
          <unit>large</unit></amt>
        <item>Garlic cloves; minced</item></ing>
      <ing>
        <amt>
          <qty>1/4</qty>
          <unit>cups</unit></amt>
        <item>Red bell pepper; fine chop</item></ing>
      <ing>
        <amt>
          <qty>1/4</qty>
          <unit>cups</unit></amt>
        <item>Green onions; slice</item></ing>
      <ing>
        <amt>
          <qty>1/4</qty>
          <unit>cups</unit></amt>
        <item>Parsley; fresh, chop, or 1 tb dry</item></ing>
      <ing>
        <amt>
          <qty>1</qty>
          <unit>tablespoon</unit></amt>
        <item>Flour</item></ing>
      <ing>
        <amt>
          <qty>12</qty>
          <unit>ounces</unit></amt>
        <item>Evaporated skim milk</item></ing>
      <ing>
        <amt>
          <qty>1/2</qty>
          <unit>teaspoons</unit></amt>
        <item>Basil leaves</item></ing>
      <ing>
        <amt>
          <qty>1/4</qty>
          <unit>teaspoons</unit></amt>
        <item>Oregano leaves</item></ing>
      <ing>
        <amt>
          <qty>1/4</qty>
          <unit>cups</unit></amt>
        <item>Nutritional yeast; parmesan</item></ing></ingredients>
    <directions>
      <step>  Recipe by: Fast and Healthy, Sep/Oct 1994 Cook fettuccine to desired
  doneness as directed on the package. Drain; keep warm. Meanwhile, saute
  garlic in wine ; cook for 1 minute. Add bell pepper, onions, parsley and
  flour; cook and stir for 1 minute. Gradually stir in milk until blended.
  Bring to a boil, stirring constantly. Cook for 3 to 5 minutes, or until
  sauce boils and thickens, stirring frequently. Remove from heat; stir in
  basil and oregano. Add cooked fettuccini; toss gently to coat. Sprinkle
  with nutritional yeast.
  
  Nutrition Analysis: 310 calories, 15g protein, 50g carbohydrate, 2g dietary
  fiber, 0g fat, 59mg cholesterol, 180mg sodium. Dietary Exchanges: 3 1/2
  Starch, 1 Fat.
  Posted to recipelu-digest by "Diane Geary" &lt;diane@keyway.net&gt; on Mar 23,
  1998
 
</step></directions></recipe></recipeml>
