<?xml version="1.0" encoding="UTF-8"?>

<recipeml version="0.5">
  <recipe>
    <head>
      <title>Algerian Cooked Carrot Salad</title>
      <categories>
        <cat>Salads</cat>
        <cat>Algerian</cat>
        <cat>African</cat></categories>
      <yield>6</yield></head>
    <ingredients>
      <ing>
        <amt>
          <qty>1</qty>
          <unit>pound</unit></amt>
        <item>Carrots</item></ing>
      <ing>
        <amt>
          <qty>3</qty>
          <unit/></amt>
        <item>Garlic cloves, chopped</item></ing>
      <ing>
        <amt>
          <qty>1</qty>
          <unit>pinch</unit></amt>
        <item>Salt</item></ing>
      <ing>
        <amt>
          <qty>1</qty>
          <unit>pinch</unit></amt>
        <item>Sugar</item></ing>
      <ing>
        <amt>
          <qty/>
          <unit/></amt>
        <item>Lemon Juice</item></ing>
      <ing>
        <amt>
          <qty>1/2</qty>
          <unit>teaspoons</unit></amt>
        <item>Cayenne pepper</item></ing>
      <ing>
        <amt>
          <qty>1/4</qty>
          <unit>teaspoons</unit></amt>
        <item>Cumin</item></ing>
      <ing>
        <amt>
          <qty/>
          <unit/></amt>
        <item>Parsley, chopped</item></ing></ingredients>
    <directions>
      <step>  Scrape the carrots and quarter lengthwise. Cook in a little water with
  garlic and a pinch of salt and sugar, for 15 minutes. Drain and chill. Just
  before serving, cover with lemon juice, aobut 1/4 teaspoon salt, cayenne
  and cumin. Sprinkle with chopped parsley.
  
  Harva Hachten, "Kitchen Safari A Gourmet's Tour of Africa" Posted by
  Dorothy Hair
  
  File ftp://ftp.idiscover.co.uk/pub/food/mealmaster/recipes/mmdjaxxx.zip
 
</step></directions></recipe></recipeml>
