<?xml version="1.0" encoding="UTF-8"?>

<recipeml version="0.5">
  <recipe>
    <head>
      <title>Ali's Oatmeal Cookies</title>
      <categories>
        <cat>Biscuits</cat></categories>
      <yield>3</yield></head>
    <ingredients>
      <ing>
        <amt>
          <qty/>
          <unit/></amt>
        <item>Stephen Ceideburg</item></ing>
      <ing>
        <amt>
          <qty>1</qty>
          <unit>cup</unit></amt>
        <item>Butter-flavored shortening</item></ing>
      <ing>
        <amt>
          <qty>1</qty>
          <unit>cup</unit></amt>
        <item>Granulated sugar</item></ing>
      <ing>
        <amt>
          <qty>1</qty>
          <unit>cup</unit></amt>
        <item>Firmly packed brown sugar</item></ing>
      <ing>
        <amt>
          <qty>2</qty>
          <unit/></amt>
        <item>Eggs</item></ing>
      <ing>
        <amt>
          <qty>1</qty>
          <unit>teaspoon</unit></amt>
        <item>Vanilla</item></ing>
      <ing>
        <amt>
          <qty>1 1/2</qty>
          <unit>cups</unit></amt>
        <item>Plus 1 tb sifted all-purpose flour, divided</item></ing>
      <ing>
        <amt>
          <qty>1</qty>
          <unit>teaspoon</unit></amt>
        <item>Baking soda</item></ing>
      <ing>
        <amt>
          <qty>3/4</qty>
          <unit>teaspoons</unit></amt>
        <item>Salt</item></ing>
      <ing>
        <amt>
          <qty>2 1/2</qty>
          <unit>cups</unit></amt>
        <item>Old-fashioned or:</item></ing>
      <ing>
        <amt>
          <qty>2 1/2</qty>
          <unit>cups</unit></amt>
        <item>Quick-cooking oatmeal, uncooked</item></ing>
      <ing>
        <amt>
          <qty>1</qty>
          <unit>cup</unit></amt>
        <item>Finely chopped hazelnuts</item></ing>
      <ing>
        <amt>
          <qty>1</qty>
          <unit>cup</unit></amt>
        <item>Finely diced dried apricots</item></ing>
      <ing>
        <amt>
          <qty>1</qty>
          <unit>cup</unit></amt>
        <item>White chocolate chips</item></ing></ingredients>
    <directions>
      <step>  Best Oatmeal Cookie, Oregon State Fair Susan Middleton and Alisha Delos,
  Keizer
  
  Preheat oven to 350 degrees. In large bowl, mix shortening, the sugars,
  eggs and vanilla. Beat at medium speed with an electric mixer until
  well-blended.
  
  Combine 1 1/2 cups of flour, baking soda and salt. Stir into the shortening
  mixture. Stir in oatmeal. Stir in nuts.
  
  Toss apricots with remaining 1 tablespoon flour. Stir into dough. Stir in
  white chocolate chips.
  
  Shape dough into 1 1/2-inch balls. Flatten slightly and place 2 inches
  apart on ungreased baking sheets.
  
  Bake 11 to 13 minutes until slightly moist in the center and just beginning
  to brown around the edges. Remove immediately to wax-paper-covered paper
  towels.
  
  Makes 3 dozen
  
  From the Oregonian's FOODday, 1/12/93.
  
  Posted by Stephen Ceideburg
  
  From Gemini's MASSIVE MealMaster collection at www.synapse.com/~gemini
 
</step></directions></recipe></recipeml>
