<?xml version="1.0" encoding="UTF-8"?>

<recipeml version="0.5">
  <recipe>
    <head>
      <title>Alice's Pickles</title>
      <categories>
        <cat>Kaz</cat></categories>
      <yield>4</yield></head>
    <ingredients>
      <ing>
        <amt>
          <qty>2</qty>
          <unit>tablespoons</unit></amt>
        <item>Celery seeds</item></ing>
      <ing>
        <amt>
          <qty>1</qty>
          <unit/></amt>
        <item>To 1 1/2 c. white vinegar</item></ing>
      <ing>
        <amt>
          <qty>1</qty>
          <unit/></amt>
        <item>To 1 1/2 c. sugar</item></ing>
      <ing>
        <amt>
          <qty>7</qty>
          <unit>medium</unit></amt>
        <item>Cucumbers -- slice</item></ing>
      <ing>
        <amt>
          <qty>2</qty>
          <unit>tablespoons</unit></amt>
        <item>Salt</item></ing>
      <ing>
        <amt>
          <qty/>
          <unit/></amt>
        <item>Fresh vegetables - onion --</item></ing>
      <ing>
        <amt>
          <qty/>
          <unit/></amt>
        <item>Green beans, yellow</item></ing></ingredients>
    <directions>
      <step>  Boil for 3 minutes 2 tablespoons celery seeds, 1 to 1 1/2 cups white
  vinegar and 1 to 1 1/2 cups sugar and cool. Soak in 2 tablespoons salt for
  1 hour cucumbers, then drain. Mix boiled mixture and all vegetables in
  large jar and refrigerate.
  
  Recipe By     :
  
  From Gemini's MASSIVE MealMaster collection at www.synapse.com/~gemini
 
</step></directions></recipe></recipeml>
