<?xml version="1.0" encoding="UTF-8"?>

<recipeml version="0.5">
  <recipe>
    <head>
      <title>Alice's Special Whole Wheat</title>
      <categories>
        <cat>None</cat></categories>
      <yield>1</yield></head>
    <ingredients>
      <ing>
        <amt>
          <qty>3 1/3</qty>
          <unit>cups</unit></amt>
        <item>Whole Wheat Flour - 100%</item></ing>
      <ing>
        <amt>
          <qty>1 1/2</qty>
          <unit>tablespoons</unit></amt>
        <item>Butter -- Margarine or Veg</item></ing>
      <ing>
        <amt>
          <qty/>
          <unit/></amt>
        <item>Oil</item></ing>
      <ing>
        <amt>
          <qty>3</qty>
          <unit>tablespoons</unit></amt>
        <item>Vital Gluten or Gluten</item></ing>
      <ing>
        <amt>
          <qty/>
          <unit/></amt>
        <item>Flour</item></ing>
      <ing>
        <amt>
          <qty>1 1/2</qty>
          <unit>tablespoons</unit></amt>
        <item>Barley Malt Liquid</item></ing>
      <ing>
        <amt>
          <qty>1 1/2</qty>
          <unit>teaspoons</unit></amt>
        <item>Lecithin Granules</item></ing>
      <ing>
        <amt>
          <qty>1 1/3</qty>
          <unit>cups</unit></amt>
        <item>Water (11 fl oz)</item></ing>
      <ing>
        <amt>
          <qty>1 1/2</qty>
          <unit>tablespoons</unit></amt>
        <item>Dry milk powder</item></ing>
      <ing>
        <amt>
          <qty>1 1/2</qty>
          <unit>teaspoons</unit></amt>
        <item>Yeast -- Red Star</item></ing>
      <ing>
        <amt>
          <qty/>
          <unit/></amt>
        <item>Quick-Rise</item></ing>
      <ing>
        <amt>
          <qty>1 1/2</qty>
          <unit>teaspoons</unit></amt>
        <item>Salt</item></ing></ingredients>
    <directions>
      <step>  DIRECTIONS: This recipe is made-to-order for Panasonic 65. Convert as
  necessary to use in other machines.
  
  Place ingredients in baking kettle as listed, with the exception of the
  yeast, which should be placed in the dispenser. Set on Rapid Rise Cycle or
        3    hour cycle.
  
  The Barley Malt Liquid is used in place of other liquid sweetener such as
  molasses or honey.  The gluten is added so that the loaf will rise higher
  than it would with Whole Wheat Flour alone, and the Lecithin is added for
  texture and tenderness of crumb. Be sure to use Quick-Rise yeast for this
  particular recipe to assure a good rise. It has a nice crust and elastic
  texture, is easy to slice.
  
  This makes a 1-1/2 loaf for the Panasonic 65 - appx 7.5 long x 4.5 wide x
  7.5-7.75 high, 1-1/2 lb loaf. Have tested it several times and turns out
  fine each time. From files of A.Broaddus [Alice in Hou] 9-01-93 Message 143
  Wed Sep 01, 1993 THE.STEIGERS [Sylvia] at 07:23 EDT
  
  Recipe By     :
                        -----INGREDIENTS-----
  
  From: Ladies Home Journal- August 1991
  
  File ftp://ftp.idiscover.co.uk/pub/food/mealmaster/recipes/mmdja006.zip
 
</step></directions></recipe></recipeml>
