<?xml version="1.0" encoding="UTF-8"?>

<recipeml version="0.5">
  <recipe>
    <head>
      <title>Alice's Special Shrimp</title>
      <categories>
        <cat>Artichokes</cat>
        <cat>Bobbie - no</cat>
        <cat>Main dishes</cat>
        <cat>Seafood</cat>
        <cat>Shrimp</cat></categories>
      <yield>1</yield></head>
    <ingredients>
      <ing>
        <amt>
          <qty>1</qty>
          <unit/></amt>
        <item>Or more Tb butter</item></ing>
      <ing>
        <amt>
          <qty>5</qty>
          <unit/></amt>
        <item>Raw jumbo shrimp; shelled/deveined</item></ing>
      <ing>
        <amt>
          <qty>4</qty>
          <unit/></amt>
        <item>Black olives; pitted</item></ing>
      <ing>
        <amt>
          <qty>4</qty>
          <unit/></amt>
        <item>Green olives; pitted</item></ing>
      <ing>
        <amt>
          <qty>4</qty>
          <unit/></amt>
        <item>Ripe cherry tomatoes</item></ing>
      <ing>
        <amt>
          <qty>3</qty>
          <unit/></amt>
        <item>Artichoke hearts; in oil, lightly drained (3 to 4)</item></ing>
      <ing>
        <amt>
          <qty>1</qty>
          <unit/></amt>
        <item>Handful fresh chopped parsley and scallions</item></ing>
      <ing>
        <amt>
          <qty>1</qty>
          <unit>pinch</unit></amt>
        <item>Dried tarragon; generous-crumbled</item></ing>
      <ing>
        <amt>
          <qty>1</qty>
          <unit/></amt>
        <item>Portion cooked orzo</item></ing></ingredients>
    <directions>
      <step>  Melt the butter in a saute pan over fairly high heat. Toss in the remaining
  ingredients, except the orzo, all at once. Let it all sizzle up, turning
  the shrimp once, and immediately serve over the orzo the moment the shrimp
  are cooked. It takes just minutes. In the restaurant, each portion was
  cooked to order in its own little pan. Four or so portions can be prepared
  at a time in a 12-inch or larger pan. The ingredients should not be
  crowded. NOTES
  : This dish was created for visual and culinary effect. It turned out to be
  an all-time favorite at Alice's Restaurant. Serves 1. Recipe By
  : Best of the Best from New England
  http://www.ebicom.net/kitchen/page/fish/alices.htm MC formatting by
  bobbi744@acd.net ICQ #12099523
  Posted to MC-Recipe Digest by Roberta Banghart &lt;bobbi744@acd.net&gt; on May
  14, 1998
 
</step></directions></recipe></recipeml>
