<?xml version="1.0" encoding="UTF-8"?>

<recipeml version="0.5">
  <recipe>
    <head>
      <title>Alice's Kreplach</title>
      <categories>
        <cat>Meat</cat></categories>
      <yield>8</yield></head>
    <ingredients>
      <ing-div>
        <title>DOUGH</title>
        <ing>
          <amt>
            <qty>2</qty>
            <unit>cups</unit></amt>
          <item>Flour</item></ing>
        <ing>
          <amt>
            <qty>2</qty>
            <unit/></amt>
          <item>Eggs</item></ing>
        <ing>
          <amt>
            <qty>1/2</qty>
            <unit>cups</unit></amt>
          <item>Cold Water</item></ing>
        <ing>
          <amt>
            <qty>1/2</qty>
            <unit>teaspoons</unit></amt>
          <item>Salt</item></ing></ing-div>
      <ing-div>
        <title>FILLING</title>
        <ing>
          <amt>
            <qty>1</qty>
            <unit>tablespoon</unit></amt>
          <item>Chicken Fat or Oil</item></ing>
        <ing>
          <amt>
            <qty>1</qty>
            <unit/></amt>
          <item>Egg</item></ing>
        <ing>
          <amt>
            <qty>1 1/2</qty>
            <unit>pounds</unit></amt>
          <item>Chuck or Brisket; Ground</item></ing>
        <ing>
          <amt>
            <qty>1</qty>
            <unit/></amt>
          <item>Onion; diced</item></ing>
        <ing>
          <amt>
            <qty>1</qty>
            <unit/></amt>
          <item>Carrot; shredded</item></ing></ing-div></ingredients>
    <directions>
      <step>  From: Marilyn Sultar &lt;spartica@FRONTIERNET.NET&gt;
  
  Date: Sat, 10 Aug 1996 12:52:55 +0000
  When I was working for the Jewish Home in Rochester, a wonderful resident
  by the name of Mary Shapiro, may she rest in peace, told me to get her
  sister's recipe for kreplach. I did, and this is it! It makes declicious
  kreplach!
  
  DOUGH: Mix all ingredients in mixer with dough hooks until dough forms
  ball. Put dough on floured board &amp; knead for a bit. Divide the dough into 2
  and roll thin. Cut into strips &amp; then squares. Fill. Fold into triangles.
  Pinch sides together.
  
  FILLING: Cook meat in oil with onion &amp; carrot before you grind.  After
  cool, add egg. Then mix everything together.
  
  After Kreplach are filled, blast freeze.  Throw into plastic bag after
  frozen.
  
  When ready to serve, boil in salted water (1 tbsp. regular salt).  Boil
  20-25 mins., then throw into hot soup. If dough feels sticky, add a little
  flour.
  
  JEWISH-FOOD digest 312
  
  From the Jewish Food recipe list.  Downloaded from Glen's MM Recipe
  Archive, http://www.erols.com/hosey.
 
</step></directions></recipe></recipeml>
