<?xml version="1.0" encoding="UTF-8"?>

<recipeml version="0.5">
  <recipe>
    <head>
      <title>Alices's Overnight Salad</title>
      <categories>
        <cat>None</cat></categories>
      <yield>1</yield></head>
    <ingredients>
      <ing-div>
        <title>LAYER 1</title>
        <ing>
          <amt>
            <qty>1</qty>
            <unit/></amt>
          <item>Head lettuce; torn</item></ing>
        <ing>
          <amt>
            <qty>1</qty>
            <unit>can</unit></amt>
          <item>Sliced water chestnuts; drained</item></ing>
        <ing>
          <amt>
            <qty>1</qty>
            <unit>medium</unit></amt>
          <item>Onion; chopped</item></ing>
        <ing>
          <amt>
            <qty>1</qty>
            <unit>package</unit></amt>
          <item>Frozen peas; unthawed</item></ing></ing-div>
      <ing-div>
        <title>LAYER 2</title>
        <ing>
          <amt>
            <qty>1</qty>
            <unit>pint</unit></amt>
          <item>Mayonnaise</item></ing>
        <ing>
          <amt>
            <qty>2</qty>
            <unit>teaspoons</unit></amt>
          <item>Sugar</item></ing>
        <ing>
          <amt>
            <qty>1</qty>
            <unit>teaspoon</unit></amt>
          <item>Salt</item></ing>
        <ing>
          <amt>
            <qty>1</qty>
            <unit>teaspoon</unit></amt>
          <item>Pepper</item></ing></ing-div>
      <ing-div>
        <title>LAYER 3</title>
        <ing>
          <amt>
            <qty>3/4</qty>
            <unit>pounds</unit></amt>
          <item>Shredded mozarella cheese; (12 oz)</item></ing>
        <ing>
          <amt>
            <qty>1/2</qty>
            <unit>cups</unit></amt>
          <item>Grated Parmesan cheese.</item></ing></ing-div>
      <ing-div>
        <title>LAYER 4</title>
        <ing>
          <amt>
            <qty>1/2</qty>
            <unit>cups</unit></amt>
          <item>Real bacon bits</item></ing>
        <ing>
          <amt>
            <qty>2</qty>
            <unit/></amt>
          <item>Fresh tomatoes; cut into chunks</item></ing></ing-div></ingredients>
    <directions>
      <step>  Alice Robertson, my next door neighbor, gave me this recipe in 1977 when we
  bought this house right next door to them. We immediately "took" to each
  other and we're now closer than sisters.
  
  Layer 2: Mix together and spread over layer 1, being sure you touch the
  sides of the bowl to "seal" it.
  
  Layer 3: Sprinkle over layer 2.
  
  Cover with saran wrap and refrigerate overnight.
  
  LAYER 4: Just before serving, add the following to the top of layer 3.
  
  To serve: Do not toss. Dig to the bottom to serve some of each of the four
  layers.
  
  This makes a lot, and is great for a make-ahead salad. It looks really
  pretty in a clear salad bowl so all the layers show through. This was one
  of my late mother-in-law's favorites.
  
  Posted to EAT-L Digest  by "Sharon H. Frye" &lt;shfrye@PEN.K12.VA.US&gt; on Jan
  16, 1998
 
</step></directions></recipe></recipeml>
