<?xml version="1.0" encoding="UTF-8"?>

<recipeml version="0.5">
  <recipe>
    <head>
      <title>Alicia's Flour Tortilla</title>
      <categories>
        <cat>Mexican</cat>
        <cat>Bread</cat>
        <cat>Southwest</cat>
        <cat>Tortilla</cat></categories>
      <yield>6</yield></head>
    <ingredients>
      <ing>
        <amt>
          <qty>4</qty>
          <unit>cups</unit></amt>
        <item>Flour</item></ing>
      <ing>
        <amt>
          <qty>2</qty>
          <unit>tablespoons</unit></amt>
        <item>Lard</item></ing>
      <ing>
        <amt>
          <qty>1/2</qty>
          <unit>cups</unit></amt>
        <item>Warm milk</item></ing>
      <ing>
        <amt>
          <qty>1</qty>
          <unit>tablespoon</unit></amt>
        <item>Baking powder</item></ing>
      <ing>
        <amt>
          <qty>1</qty>
          <unit>teaspoon</unit></amt>
        <item>Salt</item></ing></ingredients>
    <directions>
      <step>  Mix all dry ingredients and sift. Mix in lard. Add milk gradually. Knead
  til smooth. Roll in pieces. roll out flat very thin. Cook on griddle until
  lightly spotted.
  Posted to MM-Recipes Digest V4 #241 by Walt Gray &lt;waltgray@mnsinc.com&gt; on
  Sep 10, 1997
 
</step></directions></recipe></recipeml>
