<?xml version="1.0" encoding="UTF-8"?>

<recipeml version="0.5">
  <recipe>
    <head>
      <title>Alice's Italian Casserole</title>
      <categories>
        <cat>Casserole</cat></categories>
      <yield>8</yield></head>
    <ingredients>
      <ing>
        <amt>
          <qty>1</qty>
          <unit>pound</unit></amt>
        <item>Hamburger</item></ing>
      <ing>
        <amt>
          <qty>1</qty>
          <unit>teaspoon</unit></amt>
        <item>Basil</item></ing>
      <ing>
        <amt>
          <qty>2</qty>
          <unit>cups</unit></amt>
        <item>Noodles (measure uncooked)</item></ing>
      <ing>
        <amt>
          <qty>1/3</qty>
          <unit>cups</unit></amt>
        <item>Water</item></ing>
      <ing>
        <amt>
          <qty>1</qty>
          <unit>teaspoon</unit></amt>
        <item>Oregano</item></ing>
      <ing>
        <amt>
          <qty>1</qty>
          <unit>package</unit></amt>
        <item>(8-oz) shredded Moxarella cheese</item></ing>
      <ing>
        <amt>
          <qty>1</qty>
          <unit/></amt>
        <item>Jar (32-oz) prepared spaghetti sauce (I use Ragu)</item></ing>
      <ing>
        <amt>
          <qty>1</qty>
          <unit>teaspoon</unit></amt>
        <item>Sugar</item></ing>
      <ing>
        <amt>
          <qty>1</qty>
          <unit>medium</unit></amt>
        <item>Onion; chopped</item></ing>
      <ing>
        <amt>
          <qty>1 1/2</qty>
          <unit>teaspoons</unit></amt>
        <item>Salt</item></ing>
      <ing>
        <amt>
          <qty>1/4</qty>
          <unit>teaspoons</unit></amt>
        <item>Pepper</item></ing>
      <ing>
        <amt>
          <qty>Date:</qty>
          <unit/></amt>
        <item>Thu, 20 Jun 1996 18:34:11 EDT</item></ing>
      <ing>
        <amt>
          <qty>From:</qty>
          <unit/></amt>
        <item>"Sharon H. Frye" &lt;shfrye@PEN.K12.VA.US&gt;</item></ing></ingredients>
    <directions>
      <step>  Here is a recipe that is best assembled the night before, after the kids
  are in bed, then popped into the oven when you get home from work. While it
  bakes, put your feet up, let the kids watch Barney (the purple dinosaur I
  hate), have a glass of chilled wine, and relax.....
  
  Brown hamburger and onion; drain. Add Ragu, spices, sugar, salt, and water.
  Simmer for about 30 minutes. Cook noodles according to package directions.
  Drain.
  
  In a "lasagna" sized casserole, layer the drained noodles and the ragu
  mixture, beginning and ending with the sauce. Top with shredded cheese.
  Bake at 375 degrees (covered) for 45 minutes. Uncover, and bake for 10
  minutes more.
  
  Optional center layer: Mix together 1 egg, 1 1/2 cups cottage cheese, salt,
  and pepper. Spread this over the first layer of sauce/noodles, and then
  continue layering.
  
  This optional center layer will make this casserole taste just like
  lasagna.
  
  This casserole can be prepared to the baking point, then frozen. Thaw
  before baking.
  
  Make TWO casseroles out of this if you have a small family.  Bake one and
  freeze one for an emergency.
  
  Personal note: This recipe was given to me by Alice Robertson, my next door
  neighbor. Whenever either of us makes this, we divide the casserole in two
  parts and share with each other.
  
  EAT-L DIGEST 19 JUNE 1996
  
  From the EAT-L recipe list.  Downloaded from Glen's MM Recipe Archive,
  http://www.erols.com/hosey.
 
</step></directions></recipe></recipeml>
