<?xml version="1.0" encoding="UTF-8"?>

<recipeml version="0.5">
  <recipe>
    <head>
      <title>Alice's Oatmeal Rounds</title>
      <categories>
        <cat>*pat's coll</cat>
        <cat>Cookies: fo</cat>
        <cat>*out to m/c</cat></categories>
      <yield>1</yield></head>
    <ingredients>
      <ing>
        <amt>
          <qty>1</qty>
          <unit>cup</unit></amt>
        <item>Sugar</item></ing>
      <ing>
        <amt>
          <qty>1/2</qty>
          <unit>cups</unit></amt>
        <item>Raisins</item></ing>
      <ing>
        <amt>
          <qty>1</qty>
          <unit>cup</unit></amt>
        <item>Shortening (half butter or margarine)</item></ing>
      <ing>
        <amt>
          <qty>1 3/4</qty>
          <unit>cups</unit></amt>
        <item>Flour</item></ing>
      <ing>
        <amt>
          <qty>1</qty>
          <unit>teaspoon</unit></amt>
        <item>Baking soda</item></ing>
      <ing>
        <amt>
          <qty>2</qty>
          <unit/></amt>
        <item>Eggs</item></ing>
      <ing>
        <amt>
          <qty>1/2</qty>
          <unit>teaspoons</unit></amt>
        <item>Salt</item></ing>
      <ing>
        <amt>
          <qty>1</qty>
          <unit>teaspoon</unit></amt>
        <item>Vanilla</item></ing>
      <ing>
        <amt>
          <qty>1/2</qty>
          <unit>teaspoons</unit></amt>
        <item>Cinnamon</item></ing>
      <ing>
        <amt>
          <qty>1</qty>
          <unit>cup</unit></amt>
        <item>Rolled oats</item></ing></ingredients>
    <directions>
      <step>  Mix sugar, shortening, eggs, and vanilla thoroughly. Blend remaining
  ingredients into shortening mixture. Refrigerate dough 4 to 5 hours or
  overnight. Heat oven to 375. Roll dough into 1 inch balls and place on an
  ungreased cookie sheet. Flatten with greased bottom of glass dipped in
  sugar. Bake 10 minutes. Makes about 4-1/2 dozen cookies. (55 cookies; 28
  per lb.) NOTE: If using self rising flour, omit soda and salt. Input:
  10/29/91
  Posted to MC-Recipe Digest V1 #287
  
  Date: 09 Nov 96 08:18:18 EST
  
  From: Pat Minotti &lt;76401.3715@compuserve.com&gt;
 
</step></directions></recipe></recipeml>
