<?xml version="1.0" encoding="UTF-8"?>

<recipeml version="0.5">
  <recipe>
    <head>
      <title>Alisa's Mexican Rice</title>
      <categories>
        <cat>Rice</cat></categories>
      <yield>4</yield></head>
    <ingredients>
      <ing>
        <amt>
          <qty>1</qty>
          <unit>cup</unit></amt>
        <item>Rice</item></ing>
      <ing>
        <amt>
          <qty/>
          <unit/></amt>
        <item>Olive oil</item></ing>
      <ing>
        <amt>
          <qty>1/2</qty>
          <unit>large</unit></amt>
        <item>Onion; chopped fine</item></ing>
      <ing>
        <amt>
          <qty>1</qty>
          <unit/></amt>
        <item>Clove garlic; mashed with a little salt</item></ing>
      <ing>
        <amt>
          <qty>1</qty>
          <unit>can</unit></amt>
        <item>Tomatoes</item></ing>
      <ing>
        <amt>
          <qty>1/2</qty>
          <unit/></amt>
        <item>Bell pepper; chopped (up to)</item></ing>
      <ing>
        <amt>
          <qty>2</qty>
          <unit/></amt>
        <item>Jalepenos; minced (with or without seeds; depending on heat you like)</item></ing>
      <ing>
        <amt>
          <qty>1</qty>
          <unit>can</unit></amt>
        <item>(small) chiles</item></ing>
      <ing>
        <amt>
          <qty/>
          <unit/></amt>
        <item>Plenty of black pepper</item></ing></ingredients>
    <directions>
      <step>  Saute the rice, onion &amp; garlic in a little oil until the onion is soft. Put
  the tomatoes in a big measuring cup and squish them into pieces.  You need
  about 3-1/2 cups of liquid, so add water to the tomatoes til you get this
  amount.  Bring to a boil, add the bell pepper, hot pepper &amp; chiles. Cover &amp;
  cook 15-20 minutes.  Taste for black pepper.
  
  NORVELLE@UGA.CC.UGA.EDU
  
  (ALISA NORVELLE)
  
  REC.FOOD.RECIPES
  
  From rec.food.cooking archives.  Downloaded from Glen's MM Recipe Archive,
  http://www.erols.com/hosey.
 
</step></directions></recipe></recipeml>
