<?xml version="1.0" encoding="UTF-8"?>

<recipeml version="0.5">
  <recipe>
    <head>
      <title>Aliter Dulcia (Another Kind of Dessert)</title>
      <categories>
        <cat>Dessert</cat></categories>
      <yield>4</yield></head>
    <ingredients>
      <ing>
        <amt>
          <qty>250</qty>
          <unit>grams</unit></amt>
        <item>Coarsely ground nuts</item></ing>
      <ing>
        <amt>
          <qty>100</qty>
          <unit>grams</unit></amt>
        <item>Coarsely ground stone-pine kernels (up to)</item></ing>
      <ing>
        <amt>
          <qty>4</qty>
          <unit>tablespoons</unit></amt>
        <item>Honey</item></ing>
      <ing>
        <amt>
          <qty>1</qty>
          <unit>teaspoon</unit></amt>
        <item>Minced rue</item></ing>
      <ing>
        <amt>
          <qty>50</qty>
          <unit>mililiters</unit></amt>
        <item>Passum</item></ing>
      <ing>
        <amt>
          <qty>50</qty>
          <unit>mililiters</unit></amt>
        <item>Milk</item></ing>
      <ing>
        <amt>
          <qty>2</qty>
          <unit/></amt>
        <item>Eggs</item></ing>
      <ing>
        <amt>
          <qty/>
          <unit/></amt>
        <item>Honey to drip on afterwards</item></ing>
      <ing>
        <amt>
          <qty/>
          <unit/></amt>
        <item>A small amound of ground pepper</item></ing></ingredients>
    <directions>
      <step>  From: hz225wu@unidui.uni-duisburg.de (Micaela Pantke) (COLLECTION)
  
  Date: Thu, 22 Jul 93 11:12:07 +0200
  
  See "Ancient Roman Ingredients" for info on ingredients. Mesh pepper, pine
  kernels, honey, rue and Passum with milk and eggs, and boil the dough.
  Serve topped with honey and sprinkle with pepper.
  
  REC.FOOD.RECIPES ARCHIVES
  
  /MISC
  
  From rec.food.cooking archives.  Downloaded from Glen's MM Recipe Archive,
  http://www.erols.com/hosey.
 
</step></directions></recipe></recipeml>
