<?xml version="1.0" encoding="UTF-8"?>

<recipeml version="0.5">
  <recipe>
    <head>
      <title>All-Chocolate Blackout Cake Pt 1</title>
      <categories>
        <cat>None</cat></categories>
      <yield>1</yield></head>
    <ingredients>
      <ing-div>
        <title>CAKE</title>
        <ing>
          <amt>
            <qty>1/2</qty>
            <unit>cups</unit></amt>
          <item>Unsweetened Dutch-process cocoa powder</item></ing>
        <ing>
          <amt>
            <qty>2</qty>
            <unit>tablespoons</unit></amt>
          <item>Boiling water</item></ing>
        <ing>
          <amt>
            <qty>2</qty>
            <unit>ounces</unit></amt>
          <item>Unsweetened chocolate; chopped</item></ing>
        <ing>
          <amt>
            <qty>3/4</qty>
            <unit>cups</unit></amt>
          <item>Milk</item></ing>
        <ing>
          <amt>
            <qty>1</qty>
            <unit>cup</unit></amt>
          <item>(2 sticks) unsalted butter; softened slightly</item></ing>
        <ing>
          <amt>
            <qty>2</qty>
            <unit>cups</unit></amt>
          <item>Sugar</item></ing>
        <ing>
          <amt>
            <qty>4</qty>
            <unit>large</unit></amt>
          <item>Eggs; separated</item></ing>
        <ing>
          <amt>
            <qty>2</qty>
            <unit>teaspoons</unit></amt>
          <item>Vanilla extract</item></ing>
        <ing>
          <amt>
            <qty>2</qty>
            <unit>cups</unit></amt>
          <item>All-purpose flour</item></ing>
        <ing>
          <amt>
            <qty>1</qty>
            <unit>teaspoon</unit></amt>
          <item>Baking powder</item></ing>
        <ing>
          <amt>
            <qty>1</qty>
            <unit>teaspoon</unit></amt>
          <item>Baking soda</item></ing>
        <ing>
          <amt>
            <qty>1</qty>
            <unit>teaspoon</unit></amt>
          <item>Salt</item></ing></ing-div>
      <ing-div>
        <title>FILLING</title>
        <ing>
          <amt>
            <qty>1</qty>
            <unit>tablespoon</unit></amt>
          <item>Plus 1 3/4 teaspoons unsweetened Dutch-process cocoa powder</item></ing>
        <ing>
          <amt>
            <qty>2</qty>
            <unit>cups</unit></amt>
          <item>Boiling water</item></ing>
        <ing>
          <amt>
            <qty>3/4</qty>
            <unit>cups</unit></amt>
          <item>Plus 1 tablespoon plus 1/2 teaspoon sugar</item></ing>
        <ing>
          <amt>
            <qty>1</qty>
            <unit>ounce</unit></amt>
          <item>Bittersweet chocolate; chopped</item></ing>
        <ing>
          <amt>
            <qty>2</qty>
            <unit>tablespoons</unit></amt>
          <item>Cornstarch dissolved in 1 tablespoon cold water</item></ing>
        <ing>
          <amt>
            <qty>1/4</qty>
            <unit>teaspoons</unit></amt>
          <item>Salt</item></ing>
        <ing>
          <amt>
            <qty>1</qty>
            <unit>teaspoon</unit></amt>
          <item>Vanilla extract</item></ing>
        <ing>
          <amt>
            <qty>2</qty>
            <unit>tablespoons</unit></amt>
          <item>Unsalted butter</item></ing></ing-div>
      <ing-div>
        <title>FROSTING</title>
        <ing>
          <amt>
            <qty>12</qty>
            <unit>ounces</unit></amt>
          <item>Semisweet chocolate; chopped</item></ing>
        <ing>
          <amt>
            <qty>12</qty>
            <unit>tablespoons</unit></amt>
          <item>(1 1/2 sticks) unsalted butter</item></ing>
        <ing>
          <amt>
            <qty>1/2</qty>
            <unit>cups</unit></amt>
          <item>Hot water</item></ing>
        <ing>
          <amt>
            <qty>1</qty>
            <unit>tablespoon</unit></amt>
          <item>Light corn syrup</item></ing>
        <ing>
          <amt>
            <qty>1</qty>
            <unit>tablespoon</unit></amt>
          <item>Vanilla extract</item></ing></ing-div></ingredients>
    <directions>
      <step>  1. Preheat the oven to 375 F. Butter and lightly flour two 8-inch round
  cake pans.
  
  2. Make the cake: Place the cocoa in a small bowl and whisk in the boiling
  water to form a paste.
  
  3. Combine the chocolate and milk in a small saucepan over medium heat.
  Stir frequently until the chocolate melts, about 3 minutes. Remove from the
  heat. Whisk a small amount of the hot chocolate milk into the cocoa paste
  to warm it. Whisk the cocoa mixture into the milk mixture. Return the pan
  to medium heat and stir for 1 minute. Remove and set aside to cool until
  tepid.
  
  4. In the bowl of a mixer, cream the butter and sugar together. Beat in the
  egg yolks, one at a time, and add the vanilla. Slowly stir in the chocolate
  mixture.
  
  5. Combine the flour, baking powder, baking soda and salt. Using a spatula
  or a wooden spoon, slowly add the flour mixture to the chocolate mixture.
  Fold in until just mixed.
  
  6. In another bowl, whisk the egg whites until soft peaks form. Using a
  rubber spatula, gently fold the egg whites into the batter. Divide the
  batter between the prepared pans. Bake until a toothpick inserted in the
  center of a cake comes out clean, 45 minutes. Cool the cakes in the pans on
  a rack for 15 minutes. Gently remove the cakes from the pans and continue
  to cool.
  
  7. While the cake is baking, make the filling: Combine the cocoa and
  boiling water in a small saucepan over low heat. Stir in the sugar and
  chocolate. Add the dissolved cornstarch paste and salt to the pan and bring
  to a boil, stirring constantly. Boil for 1 minute. Remove the pan from the
  heat and whisk in the vanilla and butter. Transfer the mixture to a bowl,
  cover, and refrigerate until cool.
  
  8. Make the frosting: Melt the chocolate in a double boiler over hot, not
  simmering, water, stirring until smooth. Remove the top of the double
  boiler from the heat and whisk in the butter, 1 tablespoon at a time.
  Return the top to the heat, if necessary, to melt the butter.
  
  9. Whisk in the hot water all at once and whisk until smooth. Whisk in the
  corn syrup and vanilla. Cover and refrigerate for up to 15 minutes prior to
  using.
  
  10. Assemble the cake: Use a sharp serrated knife to slice each cake layer
  horizontally in half to form 4 layers. Set 1 layer aside. Place 1 layer on
  a cake round or plate. Generously swath the layer with one- third of the
  filling. Add the second layer and repeat. Set the third layer on top.
  Quickly apply a layer of frosting to the top and the sides of the cake.
  Refrigerate for 10 minutes.
  
  11. Meanwhile, crumble the remaining cake layer. Apply the remaining
  frosting to the cake. Sprinkle it liberally with the cake crumbs. Serve the
  cake within 24 hours. Store in a cool place.
  continued in part 2
 
</step></directions></recipe></recipeml>
