<?xml version="1.0" encoding="UTF-8"?>

<recipeml version="0.5">
  <recipe>
    <head>
      <title>All-American Chocolate Cake</title>
      <categories>
        <cat>Cake</cat></categories>
      <yield>10</yield></head>
    <ingredients>
      <ing>
        <amt>
          <qty>4</qty>
          <unit>ounces</unit></amt>
        <item>Unsweetened chocolate</item></ing>
      <ing>
        <amt>
          <qty>1</qty>
          <unit>cup</unit></amt>
        <item>Shortening; or 1/2 lb butter</item></ing>
      <ing>
        <amt>
          <qty>2</qty>
          <unit>teaspoons</unit></amt>
        <item>Vanilla</item></ing>
      <ing>
        <amt>
          <qty>2</qty>
          <unit>cups</unit></amt>
        <item>Cake flour</item></ing>
      <ing>
        <amt>
          <qty>2</qty>
          <unit>cups</unit></amt>
        <item>Sugar</item></ing>
      <ing>
        <amt>
          <qty>1 1/2</qty>
          <unit>teaspoons</unit></amt>
        <item>Baking powder</item></ing>
      <ing>
        <amt>
          <qty>1</qty>
          <unit>teaspoon</unit></amt>
        <item>Baking soda</item></ing>
      <ing>
        <amt>
          <qty>1</qty>
          <unit>teaspoon</unit></amt>
        <item>Salt</item></ing>
      <ing>
        <amt>
          <qty>1</qty>
          <unit>cup</unit></amt>
        <item>Milk</item></ing>
      <ing>
        <amt>
          <qty>4</qty>
          <unit/></amt>
        <item>Eggs</item></ing>
      <ing>
        <amt>
          <qty>From:</qty>
          <unit/></amt>
        <item>Brenda Laughlin &lt;brenl104@MAAS.NET&gt;</item></ing>
      <ing>
        <amt>
          <qty>Date:</qty>
          <unit/></amt>
        <item>Wed, 24 Jul 1996 17:20:39 -0500</item></ing></ingredients>
    <directions>
      <step>  PREHEAT OVEN TO 350F. In a small, heavy-bottomed pan, melt chocolate and
  shortening, stirring over low heat until smooth and melted. Remove from
  heat and stir in vanilla. In large bowl, combine flour, sugar, baking
  powder, baking soda and salt. Add chocolate mixture, milk and eggs, beating
  until smooth. Spread mixture in two greased and floured 9-inch round cake
  pans. Bake for 30-to-35 minutes or until toothpick inserted in center of
  cake comes out clean. Cool in pans 5 minutes before turning out onto wire
  rack.
  
  EAT-L Digest 23 July 96
  
  From the EAT-L recipe list.  Downloaded from Glen's MM Recipe Archive,
  http://www.erols.com/hosey.
 
</step></directions></recipe></recipeml>
