<?xml version="1.0" encoding="UTF-8"?>

<recipeml version="0.5">
  <recipe>
    <head>
      <title>All-In-One-Breakfast</title>
      <categories>
        <cat>Breakfast</cat></categories>
      <yield>1</yield></head>
    <ingredients>
      <ing>
        <amt>
          <qty>1</qty>
          <unit>slice</unit></amt>
        <item>Whole Wheat Bread; toasted</item></ing>
      <ing>
        <amt>
          <qty>1</qty>
          <unit>teaspoon</unit></amt>
        <item>Butter</item></ing>
      <ing>
        <amt>
          <qty>3</qty>
          <unit/></amt>
        <item>Fresh mushrooms; thin sliced</item></ing>
      <ing>
        <amt>
          <qty>3</qty>
          <unit/></amt>
        <item>Tomato slices</item></ing>
      <ing>
        <amt>
          <qty>2</qty>
          <unit>tablespoons</unit></amt>
        <item>Grated Parmesan cheese</item></ing>
      <ing>
        <amt>
          <qty>1</qty>
          <unit>slice</unit></amt>
        <item>Bacon; crisp; drain/crumble</item></ing></ingredients>
    <directions>
      <step>  Place toast on baking sheet. Spread with butter if desired. Cover with
  mushrooms and tomato slices. Sprinkle cheese and crumbled bacon on top.
  Bake in 350 degree oven until cheese melts. 1 serving - 147 cal or 1 bread,
  1 fat and 1 lean meat exchange (without butter) or 182 cal or 1 bread, 2
  fat and 1 lean meat exchange (with butter).
  Posted to recipelu-digest by Lea &lt;lhoover@ptialaska.net&gt; on Feb 02, 1998
 
</step></directions></recipe></recipeml>
