<?xml version="1.0" encoding="UTF-8"?>

<recipeml version="0.5">
  <recipe>
    <head>
      <title>All-Bran Extra Fiber Muffins (Ovo Lacto)</title>
      <categories>
        <cat>Muffins</cat>
        <cat>Breads</cat>
        <cat>Lowfat</cat>
        <cat>Prodigy</cat>
        <cat>Dec.</cat></categories>
      <yield>12</yield></head>
    <ingredients>
      <ing>
        <amt>
          <qty>1/2</qty>
          <unit>cups</unit></amt>
        <item>Sugar</item></ing>
      <ing>
        <amt>
          <qty>1</qty>
          <unit>tablespoon</unit></amt>
        <item>Baking powder</item></ing>
      <ing>
        <amt>
          <qty>2</qty>
          <unit>cups</unit></amt>
        <item>Kellogg's all-bran cereal</item></ing>
      <ing>
        <amt>
          <qty>1 1/4</qty>
          <unit>cups</unit></amt>
        <item>Skim milk</item></ing>
      <ing>
        <amt>
          <qty>1/4</qty>
          <unit>cups</unit></amt>
        <item>Skim milk</item></ing>
      <ing>
        <amt>
          <qty>1</qty>
          <unit/></amt>
        <item>Egg beaters 99% real egg pro</item></ing>
      <ing>
        <amt>
          <qty>1 1/4</qty>
          <unit>cups</unit></amt>
        <item>Flour</item></ing></ingredients>
    <directions>
      <step>  Stir together flour, sugar  &amp; baking powder . In a large mixing bowl
  combine cereal &amp; milk. Let stand 5min or until cereal softens. Add egg
  beater and applesauce. Beat well. Add flour mixture stirring only until
  combined. Pour into 12 muffin cups. Bake at 400 degrees for 20 min until
  lightly brown. Serve warm.
  : Nutrition (per serving): 146 calories Total Fat 1 g (4% of calories)
  :
  
  D/L from Prodigy 12-14-94. Recipe collection of Sue Smith. 1.80á
  
  File ftp://ftp.idiscover.co.uk/pub/food/mealmaster/recipes/fatfreex.zip
 
</step></directions></recipe></recipeml>
