<?xml version="1.0" encoding="UTF-8"?>

<recipeml version="0.5">
  <recipe>
    <head>
      <title>All-American Chicken Puff</title>
      <categories>
        <cat>Poultry</cat></categories>
      <yield>5</yield></head>
    <ingredients>
      <ing-div>
        <title>PUFF DOUGH</title>
        <ing>
          <amt>
            <qty>1/2</qty>
            <unit>cups</unit></amt>
          <item>Boiling water</item></ing>
        <ing>
          <amt>
            <qty>1/4</qty>
            <unit>cups</unit></amt>
          <item>Butter or margarine</item></ing>
        <ing>
          <amt>
            <qty>1/2</qty>
            <unit>cups</unit></amt>
          <item>Flour</item></ing>
        <ing>
          <amt>
            <qty>1/8</qty>
            <unit>teaspoons</unit></amt>
          <item>Salt</item></ing>
        <ing>
          <amt>
            <qty>2</qty>
            <unit/></amt>
          <item>Eggs</item></ing></ing-div>
      <ing-div>
        <title>CREAM CHICKEN FILLING</title>
        <ing>
          <amt>
            <qty>1/4</qty>
            <unit>cups</unit></amt>
          <item>Butter or margarine</item></ing>
        <ing>
          <amt>
            <qty>1/3</qty>
            <unit>cups</unit></amt>
          <item>Flour</item></ing>
        <ing>
          <amt>
            <qty>1/2</qty>
            <unit>teaspoons</unit></amt>
          <item>Salt</item></ing>
        <ing>
          <amt>
            <qty>1</qty>
            <unit>cup</unit></amt>
          <item>Chicken broth</item></ing>
        <ing>
          <amt>
            <qty>1</qty>
            <unit>cup</unit></amt>
          <item>Milk</item></ing>
        <ing>
          <amt>
            <qty>4</qty>
            <unit>ounces</unit></amt>
          <item>Cheese; shredded</item></ing>
        <ing>
          <amt>
            <qty>2</qty>
            <unit>cups</unit></amt>
          <item>Chicken; diced</item></ing>
        <ing>
          <amt>
            <qty>1</qty>
            <unit>can</unit></amt>
          <item>(3-oz) sliced mushrooms</item></ing>
        <ing>
          <amt>
            <qty>1</qty>
            <unit>tablespoon</unit></amt>
          <item>Green onion tops; chopped</item></ing>
        <ing>
          <amt>
            <qty>1</qty>
            <unit>cup</unit></amt>
          <item>Green peas</item></ing>
        <ing>
          <amt>
            <qty>1</qty>
            <unit>small</unit></amt>
          <item>Bell pepper; chopped</item></ing>
        <ing>
          <amt>
            <qty/>
            <unit/></amt>
          <item>Parsley; chopped fine</item></ing>
        <ing>
          <amt>
            <qty/>
            <unit/></amt>
          <item>Black pepper</item></ing>
        <ing>
          <amt>
            <qty/>
            <unit/></amt>
          <item>Tabasco sauce</item></ing></ing-div></ingredients>
    <directions>
      <step>   Melt butter in boiling water; add flour and salt all at once, stirring
  vigorously. Cook and stir until mixture forms a ball that doesn't separate.
  Remove from the heat; cool slightly. Add eggs, one at a time, beating after
  each addition until smooth. Drop by heaping tablespoons 3 inches apart on
  greased cookie sheet. Bake at 450 degrees for 15 minutes, then at 325
  degrees for 25 minutes. Remove from oven; split. Turn off oven; return
  puffs to the oven to dry, about 20 minutes. Cool on rack. Makes 5 cream
  puffs.
  
   In a saucepan, melt butter or margarine; blend in flour and add salt. Add
  chicken broth and milk all at once; stirring constantly until sauce is
  thick and bubbly. Add cheese, diced chicken, mushrooms, pimento, parsley,
  green onion tops and green peas. Season to taste with Tabasco sauce and
  black pepper. Add bell pepper just before serving. Serve with cream puffs.
  This meal costs about 45› per serving.
  
  From &lt;A Taste of Louisiana&gt;.  Downloaded from Glen's MM Recipe Archive,
  http://www.erols.com/hosey.
 
</step></directions></recipe></recipeml>
