<?xml version="1.0" encoding="UTF-8"?>

<recipeml version="0.5">
  <recipe>
    <head>
      <title>All-American Chili Dog</title>
      <categories>
        <cat>Beef</cat>
        <cat>Meats</cat>
        <cat>Tex-mex</cat>
        <cat>Main dish</cat></categories>
      <yield>4</yield></head>
    <ingredients>
      <ing>
        <amt>
          <qty/>
          <unit/></amt>
        <item>WILSON  BWVB02B</item></ing>
      <ing>
        <amt>
          <qty>1/2</qty>
          <unit>pounds</unit></amt>
        <item>Ground beef</item></ing>
      <ing>
        <amt>
          <qty>1</qty>
          <unit>small</unit></amt>
        <item>Onion -- chopped</item></ing>
      <ing>
        <amt>
          <qty>1</qty>
          <unit>small</unit></amt>
        <item>Green pepper -- chopped</item></ing>
      <ing>
        <amt>
          <qty>1</qty>
          <unit>medium</unit></amt>
        <item>Clove garlic -- crushed</item></ing>
      <ing>
        <amt>
          <qty>1</qty>
          <unit>tablespoon</unit></amt>
        <item>Chili seasoning</item></ing>
      <ing>
        <amt>
          <qty>1</qty>
          <unit>can</unit></amt>
        <item>(16 oz) tomatoes -- crushed</item></ing>
      <ing>
        <amt>
          <qty>1</qty>
          <unit>tablespoon</unit></amt>
        <item>Tomato paste</item></ing>
      <ing>
        <amt>
          <qty>1/8</qty>
          <unit>teaspoons</unit></amt>
        <item>Ground red pepper</item></ing>
      <ing>
        <amt>
          <qty>1</qty>
          <unit>package</unit></amt>
        <item>(16 oz) frankfurters (8)</item></ing>
      <ing>
        <amt>
          <qty>8</qty>
          <unit/></amt>
        <item>Frankfurter rolls</item></ing>
      <ing>
        <amt>
          <qty>1/2</qty>
          <unit>cups</unit></amt>
        <item>(2 oz.) extra sharp cheddar</item></ing>
      <ing>
        <amt>
          <qty/>
          <unit/></amt>
        <item>Cheese; shredded</item></ing></ingredients>
    <directions>
      <step>  In large skillet, over medium-high heat, saute beef 3 minutes, or until
  browned.  Add onion, green pepper, garlic and chili seasoning; cook,
  stirring, 3 minutes longer. Stir in tomatoes and their juice, tomato paste,
  ground red pepper and 1 teaspoon salt; bring to boiling. Reduce heat;
  simmer, uncovered, 10 minutes.
  
  Prepare barbecue grill.  With knife, score frankfurter crosswise about one
  third through.  Grill, 6 inches from heat and turning occasionally, 5
  minutes.  Place rolls or grill to toast lightly.
  
  Place frankfurters in rolls.  Spoon some chili onto each frankfurter;
  sprinkle each with cheese.  If desired, serve with potato chips. Makes 4
  servings.
  
  Recipe By     :
  
  From: Ladies Home Journal- August 1991
  
  File ftp://ftp.idiscover.co.uk/pub/food/mealmaster/recipes/mmdja006.zip
 
</step></directions></recipe></recipeml>
