<?xml version="1.0" encoding="UTF-8"?>

<recipeml version="0.5">
  <recipe>
    <head>
      <title>All-American Chocolate Chip Cookies</title>
      <categories>
        <cat>Cookies</cat></categories>
      <yield>36</yield></head>
    <ingredients>
      <ing>
        <amt>
          <qty>2/3</qty>
          <unit>cups</unit></amt>
        <item>Butter or margarine, softened</item></ing>
      <ing>
        <amt>
          <qty>1/3</qty>
          <unit>cups</unit></amt>
        <item>Shortening</item></ing>
      <ing>
        <amt>
          <qty>1</qty>
          <unit>cup</unit></amt>
        <item>Packed brown sugar</item></ing>
      <ing>
        <amt>
          <qty>1/2</qty>
          <unit>cups</unit></amt>
        <item>Granulated sugar</item></ing>
      <ing>
        <amt>
          <qty>1</qty>
          <unit/></amt>
        <item>Egg</item></ing>
      <ing>
        <amt>
          <qty>1</qty>
          <unit>teaspoon</unit></amt>
        <item>Vanilla</item></ing>
      <ing>
        <amt>
          <qty>2</qty>
          <unit>cups</unit></amt>
        <item>All-purpose flour</item></ing>
      <ing>
        <amt>
          <qty>1</qty>
          <unit>teaspoon</unit></amt>
        <item>Baking soda</item></ing>
      <ing>
        <amt>
          <qty>1</qty>
          <unit>teaspoon</unit></amt>
        <item>Salt</item></ing>
      <ing>
        <amt>
          <qty>1</qty>
          <unit>package</unit></amt>
        <item>Semisweet chocolate chips</item></ing>
      <ing>
        <amt>
          <qty>1</qty>
          <unit>cup</unit></amt>
        <item>Chopped walnuts</item></ing></ingredients>
    <directions>
      <step>  In large bowl, cream butter, shortening and sugars Beat in egg and
  vanilla. Combine flour, baking soda and salt; stir into butter mixture,
  mixing well. Stir in chocolate chips and nuts. Drop by teaspoonfuls, 2"
  apart, onto greased baking sheets. Bake in 350'F. oven 8-10 minutes, just
  until edges are golden (centers will still be soft). Remove to wire racks
  to cool.
  
  Makes about 3 dozen cookies.
  
  From Favorite All Time Recipes - Homemade Holiday Cookies, Publication
  International, Ltd., ISBN 0-7853-0147-X.
  
  File ftp://ftp.idiscover.co.uk/pub/food/mealmaster/recipes/pi-cooky.zip
 
</step></directions></recipe></recipeml>
