<?xml version="1.0" encoding="UTF-8"?>

<recipeml version="0.5">
  <recipe>
    <head>
      <title>All-Apple or Apple Raspberry Jelly</title>
      <categories>
        <cat>Condiments</cat>
        <cat>Fruits</cat></categories>
      <yield>32</yield></head>
    <ingredients>
      <ing>
        <amt>
          <qty>2</qty>
          <unit/></amt>
        <item>12-oz cans</item></ing>
      <ing>
        <amt>
          <qty/>
          <unit/></amt>
        <item>Concentrate -- or another</item></ing>
      <ing>
        <amt>
          <qty/>
          <unit/></amt>
        <item>Blend</item></ing>
      <ing>
        <amt>
          <qty>1</qty>
          <unit/></amt>
        <item>2-oz  pkg</item></ing>
      <ing>
        <amt>
          <qty/>
          <unit/></amt>
        <item>Jellies</item></ing>
      <ing>
        <amt>
          <qty/>
          <unit/></amt>
        <item>Made with little or no</item></ing>
      <ing>
        <amt>
          <qty/>
          <unit/></amt>
        <item>Sugar</item></ing>
      <ing>
        <amt>
          <qty/>
          <unit/></amt>
        <item>Unsweetened apple juice</item></ing>
      <ing>
        <amt>
          <qty/>
          <unit/></amt>
        <item>Dry pectin for jams and</item></ing></ingredients>
    <directions>
      <step>  ~-Patially thaw concentrate and add enough water to make 1 quart; pur into
  a 5-6 quart pan.  Add pectin; stir until dissolved, about 10 minutes.
  Scrape the pan sides often. --On medium-high heat, sit until boiling. On
  high heat bring to a rolling boil that can't be stirred down; boil exactly
  one minute.  Off the heat, skim off foam. Pour hot liquid into 1-2 cup jars
  to within 1/2 inch of rims. --Wipe rims clean, then cover with lids. Let
  jelly cool; serve or chill up to 3 months. Makes 4 cups. These have a base
  of fruit juice concentrate so make sure that you purchase concentrates that
  have no added sugars. These do not save calories but for some people they
  are more refreshing and digest easier
  
  Recipe By     : RED FLA
  
  From: Ladies Home Journal- August 1991
  
  File ftp://ftp.idiscover.co.uk/pub/food/mealmaster/recipes/mmdja006.zip
 
</step></directions></recipe></recipeml>
