<?xml version="1.0" encoding="UTF-8"?>

<recipeml version="0.5">
  <recipe>
    <head>
      <title>All-Dressed Spaghetti</title>
      <categories>
        <cat>Pastanoodle</cat></categories>
      <yield>4</yield></head>
    <ingredients>
      <ing>
        <amt>
          <qty>2</qty>
          <unit>tablespoons</unit></amt>
        <item>Vegetable oil</item></ing>
      <ing>
        <amt>
          <qty>1</qty>
          <unit/></amt>
        <item>Onion, chopped</item></ing>
      <ing>
        <amt>
          <qty>1 1/4</qty>
          <unit>cups</unit></amt>
        <item>Mushrooms, sliced</item></ing>
      <ing>
        <amt>
          <qty>1</qty>
          <unit>cup</unit></amt>
        <item>Pepperoni, sliced</item></ing>
      <ing>
        <amt>
          <qty>1</qty>
          <unit/></amt>
        <item>Sweet green pepper, chopped</item></ing>
      <ing>
        <amt>
          <qty>1 1/2</qty>
          <unit>teaspoons</unit></amt>
        <item>Dried oregano</item></ing>
      <ing>
        <amt>
          <qty>14</qty>
          <unit>ounces</unit></amt>
        <item>Canned tomato sauce</item></ing>
      <ing>
        <amt>
          <qty>1/4</qty>
          <unit>teaspoons</unit></amt>
        <item>Salt</item></ing>
      <ing>
        <amt>
          <qty>1/4</qty>
          <unit>teaspoons</unit></amt>
        <item>Pepper</item></ing>
      <ing>
        <amt>
          <qty>3/4</qty>
          <unit>pounds</unit></amt>
        <item>Spaghetti</item></ing></ingredients>
    <directions>
      <step>  In skillet, heat oil ove medium heat; cook onion, mushrooms, pepperoni,
  green pepper and oregano, stirring often, for 5 minutes or until onion is
  softened.
  
  Add tomato sauce, salt and pepper; cook for 3 minutes or until boiling.
  
  Meanwhile, in large pot of boiling salted water, cook spaghetti for 8-10
  minutes or until tender but firm. Drain well and return to pot.
  
  Add sauce; toss to coat well.
  
  Per serving: About 605 calories, 20 g protein, 24 g fat, 77 g carbohydrate,
  very high in fibre, good source iron.
  
  4 servings for $4.29CDN ]Feb 96]
  
  Source: Canadian Living Test Kitchen, Canadian Living [magazine] Feb 96
      [-=PAM=-]         PA_Meadows@msn.com
  Posted to MM-Recipes Digest V3 #343
  
  From: "Paul A Meadows" &lt;PA_Meadows@msn.com&gt;
  
  Date: Sat, 14 Dec 96 22:05:54 UT
 
</step></directions></recipe></recipeml>
