<?xml version="1.0" encoding="UTF-8"?>

<recipeml version="0.5">
  <recipe>
    <head>
      <title>All-American Dessert</title>
      <categories>
        <cat>Dessert</cat></categories>
      <yield>12</yield></head>
    <ingredients>
      <ing>
        <amt>
          <qty>1</qty>
          <unit>large</unit></amt>
        <item>Berry blue Jello</item></ing>
      <ing>
        <amt>
          <qty>1</qty>
          <unit>large</unit></amt>
        <item>Red Jello; any flavor</item></ing>
      <ing>
        <amt>
          <qty>4</qty>
          <unit>cups</unit></amt>
        <item>Water; boiling</item></ing>
      <ing>
        <amt>
          <qty>2</qty>
          <unit>cups</unit></amt>
        <item>Water; cold</item></ing>
      <ing>
        <amt>
          <qty>8</qty>
          <unit>ounces</unit></amt>
        <item>Cool whip; thawed</item></ing>
      <ing>
        <amt>
          <qty>4</qty>
          <unit>cups</unit></amt>
        <item>Angel food cake or pound cake; break in cubes</item></ing>
      <ing>
        <amt>
          <qty>2</qty>
          <unit>cups</unit></amt>
        <item>Strawberries; sliced</item></ing>
      <ing>
        <amt>
          <qty>1/2</qty>
          <unit>cups</unit></amt>
        <item>Blueberries; (opt)</item></ing></ingredients>
    <directions>
      <step>  Date: Wed, 24 Apr 1996 00:25:32 -0400
  
  From: BobbieB1@aol.com
  
  Dissolve each flavor of jello completely in 2 cups of boing water in
  separate bowls. Stir 1 cup of cold water into each bowl. Pour into separate
  9x13" pans. Refrigerate at least 3 hours until firm. Cut into 1/2" cubes.
  Place blue jello cubes in bottom of clear glass trifle bowl. Top with 1/3
  of the Cool Whip. Add cake cubes, then sliced strawberries. Top with
  another 1/3 Cool Whip. Add the red jello cubes and then the remaining Cool
  Whip. Sprinkle blueberries over top if desired.
  
  MM-RECIPES@IDISCOVER.NET
  
  MEAL-MASTER RECIPES LISTSERVER
  
  MM-RECIPES DIGEST V3 #116
  
  From the MealMaster recipe list.  Downloaded from Glen's MM Recipe Archive,
  http://www.erols.com/hosey.
 
</step></directions></recipe></recipeml>
