<?xml version="1.0" encoding="UTF-8"?>

<recipeml version="0.5">
  <recipe>
    <head>
      <title>All-American Apple Turnovers</title>
      <categories>
        <cat>Pies</cat>
        <cat>Desserts</cat>
        <cat>Apples</cat></categories>
      <yield>10</yield></head>
    <ingredients>
      <ing>
        <amt>
          <qty>2</qty>
          <unit>tablespoons</unit></amt>
        <item>Unsalted butter</item></ing>
      <ing>
        <amt>
          <qty>3</qty>
          <unit>large</unit></amt>
        <item>Apples (ab. 1-1//2 lbs); peeled,cored &amp; cut in 1/4" dice ( 3cups)</item></ing>
      <ing>
        <amt>
          <qty>1/2</qty>
          <unit>cups</unit></amt>
        <item>Apple cider or unsweetened apple juice</item></ing>
      <ing>
        <amt>
          <qty>2</qty>
          <unit>tablespoons</unit></amt>
        <item>Sugar</item></ing>
      <ing>
        <amt>
          <qty>2</qty>
          <unit>teaspoons</unit></amt>
        <item>Fresh lemon juice</item></ing>
      <ing>
        <amt>
          <qty>1</qty>
          <unit>pinch</unit></amt>
        <item>Salt</item></ing>
      <ing>
        <amt>
          <qty>1/4</qty>
          <unit>cups</unit></amt>
        <item>Unsweetened apple butter</item></ing>
      <ing>
        <amt>
          <qty>2</qty>
          <unit>tablespoons</unit></amt>
        <item>Dried currants (optional)</item></ing>
      <ing>
        <amt>
          <qty>1</qty>
          <unit>teaspoon</unit></amt>
        <item>Lemon zest; finely grated</item></ing>
      <ing>
        <amt>
          <qty>1/4</qty>
          <unit>teaspoons</unit></amt>
        <item>Cinnamon (optional)</item></ing>
      <ing>
        <amt>
          <qty>1</qty>
          <unit>pinch</unit></amt>
        <item>Ground cloves;(optional)</item></ing>
      <ing>
        <amt>
          <qty>1</qty>
          <unit>pinch</unit></amt>
        <item>Ground allspice;(optional)</item></ing></ingredients>
    <directions>
      <step>  (Use favorite pastry) These turnovers are best with at least two varieties
  of firm cooking apples, such as Granny Smith, Jonathan, Winesap &amp; Golden
  Delicious, for differences in texture and acidity. Sweet spices optional.
   1. Melt butter in a lg nonreactive skillet over mod. high heat. Add 2 c of
  diced apples &amp; cook, stirring frequently, 'til they begin to color, ab.5
  min. Stir in cider, sugar, lemon ju &amp; salt; reduce heat to mod. &amp; cook 'til
  the liquid is reduced &amp; the apples appear almost dry but still retain their
  shape, about 5 min. longer. Remove skillet from heat &amp; stir in apple
  butter, currants, lemon zest,  cinnamon, cloves &amp; allspice, along w
  remaining 1 c  of raw chopped apple. Transfer apple mixture to a med. bowl
  &amp; refrigerate, uncovered, till cooled completely.
   2. On a lightly floured work surface, roll out the pastry dough to an
  18x20" rectangle, 1/16th inch thick. Using a 6" plate or bowl as a guide,
  cut out eight, 6"rounds as close together as possible. Gather and reroll
  the dough scraps, then cut out 2 additional rounds. 3. Spoon the cooled
  apple filling on the lower
  
  half of each of the rounds. Lightly moisten the edges of the rounds with
  water and fold the dough over the filling to form semicircular turnovers.
  Press down on the edges to seal, first with your fingers, then with the
  tines of a fork. Using back of a small knife, press into sealed edges at
  1/2-inch intervals to create a scalloped effect. Transfer turnovers to a
  heavy baking sheet &amp; refrigerate at least 15 min. 4. Preheat oven to 425
  degrees. Brush turnovers w egg wash. Using a sharp knife, cut 2 small slits
  in top of each turnover to vent steam. 5. Bake turnovers in mid. of oven
  for 10 min. Move them to the upper rack &amp; bake for 8-10 min.longer, or 'til
  pastry is a deep golden brown and filling begins to bubble. Let cool on
  rack. Makes 10.
  
  From Gemini's MASSIVE MealMaster collection at www.synapse.com/~gemini
 
</step></directions></recipe></recipeml>
