<?xml version="1.0" encoding="UTF-8"?>

<recipeml version="0.5">
  <recipe>
    <head>
      <title>All-American Salmon Saute W/mushroom Sauce</title>
      <categories>
        <cat>Seafood</cat>
        <cat>Main dish</cat></categories>
      <yield>4</yield></head>
    <ingredients>
      <ing>
        <amt>
          <qty>1</qty>
          <unit>can</unit></amt>
        <item>Low-salt chicken broth, 14 1/2 oz size/</item></ing>
      <ing>
        <amt>
          <qty>6</qty>
          <unit>cups</unit></amt>
        <item>Sliced mushrooms</item></ing>
      <ing>
        <amt>
          <qty>2</qty>
          <unit>tablespoons</unit></amt>
        <item>Olive oil</item></ing>
      <ing>
        <amt>
          <qty>2</qty>
          <unit/></amt>
        <item>Garlic cloves, minced Freshly ground pepper to taste</item></ing>
      <ing>
        <amt>
          <qty>1/2</qty>
          <unit>cups</unit></amt>
        <item>Non-fat plain yogurt</item></ing>
      <ing>
        <amt>
          <qty>2</qty>
          <unit>teaspoons</unit></amt>
        <item>Cornstarch</item></ing>
      <ing>
        <amt>
          <qty>4</qty>
          <unit/></amt>
        <item>Salmon steaks, about 6 oz ea</item></ing></ingredients>
    <directions>
      <step>  Pour broth into small saucepan. Bring to a boil over high heat and reduce
  to 1 cup. Set aside. Meanwhile, saute mushrooms in oil in a large skillet
  over high heat 5 minutes, or until golden brown. Reduce heat to medium and
  stir in garlic. Saute 1 to 2 minutes. Season with pepper. Add yogurt and
  cornstarch to reduced broth and whisk to blend. Whisk yogurt mixture into
  mushrooms. Bring to a boil, stirring constantly until thickened. Remove
  from heat and keep warm. Season salmon steaks with salt and pepper and
  saute in a lightly oiled non-stick pan over medium-high heat 10 minutes per
  inch of thickness, or until fish just flakes when tested with a fork. Turn
  once while cooking. Arrange each salmon steak on a dinner plate with
  reserved sauce. Serving suggestion:  Try this with Garlic Mashed Potatoes
  and buttered peas.
  
  From Gemini's MASSIVE MealMaster collection at www.synapse.com/~gemini
 
</step></directions></recipe></recipeml>
