<?xml version="1.0" encoding="UTF-8"?>

<recipeml version="0.5">
  <recipe>
    <head>
      <title>All-American Strawberry Shortcake</title>
      <categories>
        <cat>Dessert</cat></categories>
      <yield>4</yield></head>
    <ingredients>
      <ing>
        <amt>
          <qty/>
          <unit/></amt>
        <item>Judy Vocelka (nfxs18b)</item></ing>
      <ing>
        <amt>
          <qty>3</qty>
          <unit>pints</unit></amt>
        <item>Fresh strawberries</item></ing>
      <ing>
        <amt>
          <qty>2</qty>
          <unit>teaspoons</unit></amt>
        <item>Orange juice</item></ing>
      <ing>
        <amt>
          <qty>4</qty>
          <unit>tablespoons</unit></amt>
        <item>Sugar</item></ing>
      <ing>
        <amt>
          <qty>1</qty>
          <unit/></amt>
        <item>Orange; grated rind of</item></ing>
      <ing>
        <amt>
          <qty>1/4</qty>
          <unit>cups</unit></amt>
        <item>Butter</item></ing>
      <ing>
        <amt>
          <qty>1/2</qty>
          <unit>cups</unit></amt>
        <item>Sour cream</item></ing>
      <ing>
        <amt>
          <qty>4</qty>
          <unit>tablespoons</unit></amt>
        <item>Sugar; optional</item></ing>
      <ing>
        <amt>
          <qty>1/4</qty>
          <unit>teaspoons</unit></amt>
        <item>Sugar or honey</item></ing>
      <ing>
        <amt>
          <qty>2</qty>
          <unit>cups</unit></amt>
        <item>Flour</item></ing>
      <ing>
        <amt>
          <qty>4</qty>
          <unit>tablespoons</unit></amt>
        <item>Baking powder</item></ing>
      <ing>
        <amt>
          <qty>1/2</qty>
          <unit>teaspoons</unit></amt>
        <item>Salt</item></ing>
      <ing>
        <amt>
          <qty>1/4</qty>
          <unit>cups</unit></amt>
        <item>Solid shortening</item></ing>
      <ing>
        <amt>
          <qty>2</qty>
          <unit>cups</unit></amt>
        <item>Whipping cream</item></ing></ingredients>
    <directions>
      <step>  Date: Wed, 24 Apr 1996 00:25:32 -0400
  
  From: BobbieB1@aol.com
  
  WHIPPED CREAM: whip cold cream (with sugar) until soft peaks form.
  
  1.  Combine sliced berries; sugar or honey; and orange juice. Let stand at
  room temp. for 1 hr.
  
  2. Sift all dry ingredients together into a med bowl. Add orange rind. Add
  butter and shortening; and work thme into flour-mixutre thoroughly.
  
  3. Lightly mix in sour cream with a fork to form a soft dough.
  
  4. roll dough out onto lighlty floured board; 3/4 in thick. Cut into 4
  circles; about 4 in wide (use a 2-lb coffee can as a cutter.)
  
  5. Place on ungreased baking sheet. Bake at 400 about 20 mins. or until
  golden.
  
  6.  While still warm; use fork and split cakes in half. Place each on
  desset plate. Top with drained berries and second half of cake. Top wtih
  additional berries. ladel some juice on top. Garnish with whipped cream and
  a strawberry.
  
  MM-RECIPES@IDISCOVER.NET
  
  MEAL-MASTER RECIPES LISTSERVER
  
  MM-RECIPES DIGEST V3 #116
  
  From the MealMaster recipe list.  Downloaded from Glen's MM Recipe Archive,
  http://www.erols.com/hosey.
 
</step></directions></recipe></recipeml>
