<?xml version="1.0" encoding="UTF-8"?>

<recipeml version="0.5">
  <recipe>
    <head>
      <title>All-American Beef Brisket</title>
      <categories>
        <cat>Meats</cat></categories>
      <yield>1</yield></head>
    <ingredients>
      <ing>
        <amt>
          <qty>1</qty>
          <unit>cup</unit></amt>
        <item>Dry red wine or beef broth</item></ing>
      <ing>
        <amt>
          <qty>1</qty>
          <unit/></amt>
        <item>Pack mushroom onion soup</item></ing>
      <ing>
        <amt>
          <qty/>
          <unit/></amt>
        <item>Mix</item></ing>
      <ing>
        <amt>
          <qty>2 1/2</qty>
          <unit>pounds</unit></amt>
        <item>Thin cut beef brisket</item></ing>
      <ing>
        <amt>
          <qty/>
          <unit/></amt>
        <item>Trimmed of fat</item></ing>
      <ing>
        <amt>
          <qty>12</qty>
          <unit>small</unit></amt>
        <item>(1 1/2 lb) well scrubbed red</item></ing>
      <ing>
        <amt>
          <qty/>
          <unit/></amt>
        <item>Potaotes</item></ing>
      <ing>
        <amt>
          <qty>9</qty>
          <unit>medium</unit></amt>
        <item>Carrots cut in 2" chunks</item></ing></ingredients>
    <directions>
      <step>  Heat oven to 350. Pour wine into 4-5 quart dutch oven. Stir in soup
  mix until blended. Add beef &amp; turn to coat. Cover &amp; bake 2 hours. Add
  potatoes &amp; carrots.  Cover &amp; bake 1 hour longer or until meat &amp;
  vegetables are tender. Remove meat to a cutting board. Cover loosely
  with foil &amp; let stand 10 minutes. Cut in thin slices against the
  grain. Arrange on serving platter with vegetables. Spoon some gravy
  over meat. Serve with remaining gravy.
  
  File ftp://ftp.idiscover.co.uk/pub/food/mealmaster/recipes/mmkah001.zip
 
</step></directions></recipe></recipeml>
