<?xml version="1.0" encoding="UTF-8"?>

<recipeml version="0.5">
  <recipe>
    <head>
      <title>All-American Potato Salad</title>
      <categories>
        <cat>Vegetables</cat></categories>
      <yield>6</yield></head>
    <ingredients>
      <ing>
        <amt>
          <qty>2 1/2</qty>
          <unit>pounds</unit></amt>
        <item>Small boiling potatoes (white, red, or fingerling)</item></ing>
      <ing>
        <amt>
          <qty>3</qty>
          <unit>tablespoons</unit></amt>
        <item>Cider vinegar; or to taste</item></ing>
      <ing>
        <amt>
          <qty>5</qty>
          <unit/></amt>
        <item>Hard-boiled large eggs</item></ing>
      <ing>
        <amt>
          <qty>3/4</qty>
          <unit>cups</unit></amt>
        <item>Mayonnaise</item></ing>
      <ing>
        <amt>
          <qty>2</qty>
          <unit>tablespoons</unit></amt>
        <item>Dijon mustard</item></ing>
      <ing>
        <amt>
          <qty>1/2</qty>
          <unit>cups</unit></amt>
        <item>Chopped sweet onion</item></ing>
      <ing>
        <amt>
          <qty>3</qty>
          <unit>large</unit></amt>
        <item>Celery ribs</item></ing></ingredients>
    <directions>
      <step>  Boil potatoes. With a sharp knife peel warm potatoes and cut into
  1/3-inch-thick slices. In a bowl immediately toss potatoes with vinegar. In
  a bowl mash yolks and stir in mayonnaise, mustard, and onion. Chop whites
  and celery and gently toss together with potatoes, mayonnaise mixture, and
  salt and pepper to taste. Serve potato salad chilled or at room temperature
  Serves 6.
  
  Suggested additions: dill pickle, fresh chives, poppy seeds, crab meat, or
  corn.
  
  Recipe by: From Gourmet Magazine, July 1997 Posted to MC-Recipe Digest V1
  #748 by C4 &lt;c4@groupz.net&gt; on Aug 19, 1997
 
</step></directions></recipe></recipeml>
