<?xml version="1.0" encoding="UTF-8"?>

<recipeml version="0.5">
  <recipe>
    <head>
      <title>Baked Fish Creole</title>
      <categories>
        <cat>Seafood</cat></categories>
      <yield>8</yield></head>
    <ingredients>
      <ing-div>
        <title/>
        <ing>
          <amt>
            <qty>1</qty>
            <unit>large</unit></amt>
          <item>Red fish or red snapper</item></ing>
        <ing>
          <amt>
            <qty>3</qty>
            <unit/></amt>
          <item>Cloves garlic; sliced, or so</item></ing>
        <ing>
          <amt>
            <qty/>
            <unit/></amt>
          <item>Flour to coat</item></ing>
        <ing>
          <amt>
            <qty/>
            <unit/></amt>
          <item>Salt &amp; pepper to taste</item></ing></ing-div>
      <ing-div>
        <title>DRESSING</title>
        <ing>
          <amt>
            <qty>1</qty>
            <unit>pound</unit></amt>
          <item>Raw shrimp</item></ing>
        <ing>
          <amt>
            <qty>3</qty>
            <unit/></amt>
          <item>Ribs celery</item></ing>
        <ing>
          <amt>
            <qty>4</qty>
            <unit/></amt>
          <item>Green onions</item></ing>
        <ing>
          <amt>
            <qty>1</qty>
            <unit>cup</unit></amt>
          <item>Bread crumbs</item></ing>
        <ing>
          <amt>
            <qty>1</qty>
            <unit/></amt>
          <item>Egg; beaten</item></ing>
        <ing>
          <amt>
            <qty>2</qty>
            <unit/></amt>
          <item>Lemons; juice of</item></ing></ing-div>
      <ing-div>
        <title>SAUCE</title>
        <ing>
          <amt>
            <qty>3</qty>
            <unit>tablespoons</unit></amt>
          <item>Cooking oil</item></ing>
        <ing>
          <amt>
            <qty>1</qty>
            <unit>small</unit></amt>
          <item>Onion; minced</item></ing>
        <ing>
          <amt>
            <qty>1</qty>
            <unit/></amt>
          <item>Bunch green onions; minced</item></ing>
        <ing>
          <amt>
            <qty>3</qty>
            <unit>cans</unit></amt>
          <item>Tomato sauce</item></ing>
        <ing>
          <amt>
            <qty>1</qty>
            <unit/></amt>
          <item>Bay leaf</item></ing>
        <ing>
          <amt>
            <qty>1/2</qty>
            <unit>teaspoons</unit></amt>
          <item>Thyme</item></ing>
        <ing>
          <amt>
            <qty/>
            <unit/></amt>
          <item>Chopped parsley</item></ing>
        <ing>
          <amt>
            <qty/>
            <unit/></amt>
          <item>Salt &amp; pepper to taste</item></ing></ing-div></ingredients>
    <directions>
      <step>    Clean fish thoroughly. To stuff make an opening from side where insides
  have been removed. Season in and out with salt and pepper. Make slits on
  top and insert garlic slices.
  
    Saut‚ 1 pound peeled, raw chopped shrimp, chopped celery and green onions
  in oil until limp and shrimp turn pink. Add a little flour and stir. Simmer
  about 2 minutes. Add a little bread crumbs to thicken. Beat in egg; mix
  well. Cool before stuffing fish. Stuff fish and close opening with skewers
  or toothpicks. Squeeze juice of lemons over the fish. Bake in a greased pan
  in a 350 degree oven. Pour the following sauce over the fish and baste
  often.
  
    Saut‚ onions and green onions until limp. Add other ingredients and
  simmer for 15 to 2O minutes. Pour over stuffed fish; baste often.
  
  From &lt;A Taste of Louisiana&gt;.  Downloaded from Glen's MM Recipe Archive,
  http://www.erols.com/hosey.
 
</step></directions></recipe></recipeml>
