<?xml version="1.0" encoding="UTF-8"?>

<recipeml version="0.5">
  <recipe>
    <head>
      <title>Baked Flank Steak (Lf)</title>
      <categories>
        <cat>Meats</cat></categories>
      <yield>4</yield></head>
    <ingredients>
      <ing>
        <amt>
          <qty>1 1/2</qty>
          <unit>pounds</unit></amt>
        <item>Flank steak</item></ing>
      <ing>
        <amt>
          <qty>1</qty>
          <unit>tablespoon</unit></amt>
        <item>Vegetable oil</item></ing>
      <ing>
        <amt>
          <qty>1</qty>
          <unit>cup</unit></amt>
        <item>Hot water</item></ing>
      <ing>
        <amt>
          <qty/>
          <unit/></amt>
        <item>Bay leaf</item></ing>
      <ing>
        <amt>
          <qty>1</qty>
          <unit>large</unit></amt>
        <item>Garlic clove -- crushed</item></ing>
      <ing>
        <amt>
          <qty>1</qty>
          <unit>teaspoon</unit></amt>
        <item>Salt</item></ing>
      <ing>
        <amt>
          <qty>4</qty>
          <unit>tablespoons</unit></amt>
        <item>Celery -- minced</item></ing>
      <ing>
        <amt>
          <qty>1/8</qty>
          <unit>teaspoons</unit></amt>
        <item>Black pepper -- fresh</item></ing>
      <ing>
        <amt>
          <qty/>
          <unit/></amt>
        <item>Ground</item></ing>
      <ing>
        <amt>
          <qty>2</qty>
          <unit>teaspoons</unit></amt>
        <item>Lemon juice</item></ing>
      <ing>
        <amt>
          <qty>1</qty>
          <unit>medium</unit></amt>
        <item>Carrot -- diced</item></ing>
      <ing>
        <amt>
          <qty>1/4</qty>
          <unit>medium</unit></amt>
        <item>Bell pepper -- diced</item></ing>
      <ing>
        <amt>
          <qty/>
          <unit/></amt>
        <item>PER SERVING-----</item></ing>
      <ing>
        <amt>
          <qty/>
          <unit/></amt>
        <item>*cals</item></ing>
      <ing>
        <amt>
          <qty/>
          <unit/></amt>
        <item>*mg chol</item></ing>
      <ing>
        <amt>
          <qty/>
          <unit/></amt>
        <item>*gm dietary fiber</item></ing>
      <ing>
        <amt>
          <qty/>
          <unit/></amt>
        <item>*gm fat</item></ing>
      <ing>
        <amt>
          <qty/>
          <unit/></amt>
        <item>*mg sodium</item></ing></ingredients>
    <directions>
      <step>  Trim away any visible fat from the steak.  Sear the steak in the oil over
  medium to med-high heat.  Place the steak in a casserole dish. For extra
  flavoring, pour the water into the skillet you seared the meat in, and
  stir.  Pour this over the meat, then add all the other ingredients. Cook
  uncovered at 350F for 30 minutes, or longer if you prefer your meat well
  done. Makes 4 servings, 4.5 oz each, plus sauce, but without optional
  gravy. LIGHT GRAVY: (Optional) Heat 1 Tablespoon of vegetable oil, and stir
  in 2 Tablespoons of whole-wheat flour. Take a cup of liquid from the meat
  and stir into the roux. Stir until thickened, and serve over the meat.
  Using the Gravy adds 30 calories and 3 grams of fat; nutrient values of the
  meat liquid and other ingredients are included in the original analysis.
  
  Recipe By     :
  
  File ftp://ftp.idiscover.co.uk/pub/food/mealmaster/recipes/mmdja006.zip
 
</step></directions></recipe></recipeml>
