<?xml version="1.0" encoding="UTF-8"?>

<recipeml version="0.5">
  <recipe>
    <head>
      <title>Baked Flatbread</title>
      <categories>
        <cat>None</cat></categories>
      <yield>1</yield></head>
    <ingredients>
      <ing>
        <amt>
          <qty>4</qty>
          <unit>cups</unit></amt>
        <item>Flour</item></ing>
      <ing>
        <amt>
          <qty>2</qty>
          <unit>teaspoons</unit></amt>
        <item>Baking soda</item></ing>
      <ing>
        <amt>
          <qty>1</qty>
          <unit>teaspoon</unit></amt>
        <item>Cream of tartar</item></ing>
      <ing>
        <amt>
          <qty>1/4</qty>
          <unit>teaspoons</unit></amt>
        <item>Salt</item></ing>
      <ing>
        <amt>
          <qty>1/2</qty>
          <unit>cups</unit></amt>
        <item>Water</item></ing>
      <ing>
        <amt>
          <qty>1</qty>
          <unit/></amt>
        <item>Egg</item></ing>
      <ing>
        <amt>
          <qty>1</qty>
          <unit>cup</unit></amt>
        <item>Milk</item></ing>
      <ing>
        <amt>
          <qty>2</qty>
          <unit>tablespoons</unit></amt>
        <item>Canola oil</item></ing>
      <ing>
        <amt>
          <qty>1/4</qty>
          <unit>cups</unit></amt>
        <item>Olive oil</item></ing>
      <ing>
        <amt>
          <qty>2</qty>
          <unit/></amt>
        <item>Garlic cloves; minced</item></ing></ingredients>
    <directions>
      <step>  Combine flour, baking soda, cream of tartar and salt. Set aside. Whisk
  water and egg in large bowl. Add milk and canola oil. Add flour mixture to
  milk mixture and stir until dough forms a ball. Knead briefly, place in a
  greased bowl and cover with a damp towel. Let dough rest in a warm,
  draft-free area for 2-1/2 to 3 hours. Preheat oven to 400ø Lightly oil
  baking sheets. Saut‚ garlic in olive oil for 2 minutes. Set aside. Lightly
  coat hands with vegetable oil and knead dough on a lightly floured surface
  until smooth, about 3 minutes. Divide dough into 12 equal pieces and roll
  each into a ball. Flatten each ball with hands, roll to about 3/8". Place
  on baking sheets and brush with garlic oil. Bake on middle rack for 6 to 8
  minutes. After baking, place under broiler to brown. Posted to MM-Recipes
  Digest V4 #225 by Stacey Snyder &lt;SSnyder@MAIL.COLGATE.EDU&gt; on Aug 25, 1997
 
</step></directions></recipe></recipeml>
