<?xml version="1.0" encoding="UTF-8"?>

<recipeml version="0.5">
  <recipe>
    <head>
      <title>Baked French Toast Supreme</title>
      <categories>
        <cat>None</cat></categories>
      <yield>1</yield></head>
    <ingredients>
      <ing>
        <amt>
          <qty>14</qty>
          <unit>slices</unit></amt>
        <item>Cinnamon-raisin bread</item></ing>
      <ing>
        <amt>
          <qty>1</qty>
          <unit>cup</unit></amt>
        <item>Heavy cream</item></ing>
      <ing>
        <amt>
          <qty>1/2</qty>
          <unit>cups</unit></amt>
        <item>Butter or margarine --</item></ing>
      <ing>
        <amt>
          <qty/>
          <unit/></amt>
        <item>Melted</item></ing>
      <ing>
        <amt>
          <qty/>
          <unit/></amt>
        <item>Or half and half</item></ing>
      <ing>
        <amt>
          <qty>4</qty>
          <unit/></amt>
        <item>Eggs</item></ing>
      <ing>
        <amt>
          <qty>1</qty>
          <unit>tablespoon</unit></amt>
        <item>Vanilla extract</item></ing>
      <ing>
        <amt>
          <qty>2</qty>
          <unit/></amt>
        <item>Egg yolks</item></ing>
      <ing>
        <amt>
          <qty/>
          <unit/></amt>
        <item>Powdered sugar</item></ing>
      <ing>
        <amt>
          <qty>3/4</qty>
          <unit>cups</unit></amt>
        <item>Sugar</item></ing>
      <ing>
        <amt>
          <qty>3</qty>
          <unit>cups</unit></amt>
        <item>Fresh berries or</item></ing>
      <ing>
        <amt>
          <qty>3</qty>
          <unit>cups</unit></amt>
        <item>Milk</item></ing>
      <ing>
        <amt>
          <qty>3</qty>
          <unit>cups</unit></amt>
        <item>Fresh fruit -- cut up</item></ing></ingredients>
    <directions>
      <step>  Brush both sides of bread with melted butter and arrange slices evenly in
  the bottom of a buttered 9 x 13" pan. In a large bowl, beat together whole
  eggs and egg yolks. Beat in milk, cream and vanilla. Strain this custard
  over bread, making sure that each slice is evenly moistened. Bake at 350
  for 25 minutes or until custard is set and top lightly browned. Let cool in
  the pan on a wire rack for 15 minutes. Cut into squares. Sprinkle with
  powdered sugar and serve with berries or other fruit. Servings: 6 to 8.
  "The better the bread, the better this dish.  If you can get a good bakery
  loaf and cut it into extra thick slices (about 1 inch), you will be
  rewarded.  This dish makes a breakfast or brunch into an occasion." Source:
  THE 9X13 PAN COOKBOOK, by Barbara Karoff nitty gritty cookbooks
  
  Recipe By     :
  
  File ftp://ftp.idiscover.co.uk/pub/food/mealmaster/recipes/mmdja006.zip
 
</step></directions></recipe></recipeml>
