<?xml version="1.0" encoding="UTF-8"?>

<recipeml version="0.5">
  <recipe>
    <head>
      <title>Baked Gefilte Fish Mold</title>
      <categories>
        <cat>Appetizers</cat>
        <cat>Seafood</cat>
        <cat>Main dish</cat>
        <cat>Passover</cat></categories>
      <yield>12</yield></head>
    <ingredients>
      <ing-div>
        <title>HARITON; (JJHV69B</title>
        <ing>
          <amt>
            <qty>2</qty>
            <unit>pounds</unit></amt>
          <item>Fish fillets; (whitefish; pike, turbot or mixe</item></ing>
        <ing>
          <amt>
            <qty>1</qty>
            <unit/></amt>
          <item>Onion; chopped</item></ing>
        <ing>
          <amt>
            <qty>1</qty>
            <unit>dash</unit></amt>
          <item>Pepper</item></ing>
        <ing>
          <amt>
            <qty>1</qty>
            <unit/></amt>
          <item>Carrot; grated</item></ing>
        <ing>
          <amt>
            <qty>2</qty>
            <unit/></amt>
          <item>Eggs; beaten</item></ing>
        <ing>
          <amt>
            <qty>1</qty>
            <unit>teaspoon</unit></amt>
          <item>Oil</item></ing>
        <ing>
          <amt>
            <qty>1/2</qty>
            <unit>cups</unit></amt>
          <item>Cold water</item></ing>
        <ing>
          <amt>
            <qty>1</qty>
            <unit>tablespoon</unit></amt>
          <item>Sugar</item></ing>
        <ing>
          <amt>
            <qty>2</qty>
            <unit>tablespoons</unit></amt>
          <item>Salt</item></ing>
        <ing>
          <amt>
            <qty>1</qty>
            <unit/></amt>
          <item>Green Pepper; sliced into rings</item></ing>
        <ing>
          <amt>
            <qty>1</qty>
            <unit>small</unit></amt>
          <item>Onion; sliced</item></ing></ing-div></ingredients>
    <directions>
      <step>  Preheat oven to 350. Brush bottom of a 9-inch X 5-inch X 3- inch loaf pan
  with oil.
  
  Put fish through food grinder with chopped onion, grated carrot, oil,
  sugar, salt, pepper, beaten eggs &amp; cold water. Blend well.
  
  Place green pepper rings and onion slices across bottom of pan. Pour fish
  mixture into pan. Bake 1 hour, uncovered. Remove from oven, turn out upside
  down on platter. Slice; serve hot or cold.
  
  This was from the book "I Must Have That Recipe". Recipe by Phyllis Fass of
  Scarsdale, NY. Hope it helps! Lisa Formatted by Elaine Radis BGMB90B; MARCH
  '93
  Posted to JEWISH-FOOD digest V97 #333 by Nancy Berry &lt;nlberry@prodigy.net&gt;
  on Dec 24, 1997
 
</step></directions></recipe></recipeml>
