<?xml version="1.0" encoding="UTF-8"?>

<recipeml version="0.5">
  <recipe>
    <head>
      <title>Baked German Potato Salad</title>
      <categories>
        <cat>Salads</cat>
        <cat>Side dish</cat>
        <cat>German</cat></categories>
      <yield>10</yield></head>
    <ingredients>
      <ing>
        <amt>
          <qty>4</qty>
          <unit/></amt>
        <item>Strips bacon, diced (up To 5)</item></ing>
      <ing>
        <amt>
          <qty>1</qty>
          <unit>cup</unit></amt>
        <item>Onion, diced</item></ing>
      <ing>
        <amt>
          <qty>1</qty>
          <unit>cup</unit></amt>
        <item>Celery, diced</item></ing>
      <ing>
        <amt>
          <qty>3</qty>
          <unit>tablespoons</unit></amt>
        <item>All-purpose flour</item></ing>
      <ing>
        <amt>
          <qty>1 1/3</qty>
          <unit>cups</unit></amt>
        <item>Water</item></ing>
      <ing>
        <amt>
          <qty>2/3</qty>
          <unit>cups</unit></amt>
        <item>Cider vinegar</item></ing>
      <ing>
        <amt>
          <qty>1/4</qty>
          <unit>cups</unit></amt>
        <item>Sugar</item></ing>
      <ing>
        <amt>
          <qty/>
          <unit/></amt>
        <item>Salt</item></ing>
      <ing>
        <amt>
          <qty/>
          <unit/></amt>
        <item>Freshly ground pepper</item></ing>
      <ing>
        <amt>
          <qty>4</qty>
          <unit>pounds</unit></amt>
        <item>Potatoes; cooked, diced</item></ing></ingredients>
    <directions>
      <step>  Preparation time: 20 minutes. Cooking time: 50 minutes.
  
  1. Heat oven to 350 degrees. Cook bacon in a flameproof casserole until
  crisp; remove to paper towels with a slotted spoon. Drain off all but
      1/4    cup fat from casserole.
  
  2. Stir in celery and onion; cook 1 minute. Sprinkle flour over and mix
  well. Add water and vinegar; cook until mixture thickens. Add sugar, salt
  and pepper. Add potatoes and bacon and mix lightly.
  
  3. Cover casserole and bake for 30 minutes. Serve hot or at room
  temperature.
  
  This recipe from Tribune reader Ruth Bower of Evanston. Chicago Tribune
  2/10/94.
  
  Posted to MC-Recipe Digest V1 #643 by Nancy Berry &lt;nlberry@prodigy.net&gt; on
  Jun 11, 1997
 
</step></directions></recipe></recipeml>
