<?xml version="1.0" encoding="UTF-8"?>

<recipeml version="0.5">
  <recipe>
    <head>
      <title>Baked Frankfurters with S</title>
      <categories>
        <cat/></categories>
      <yield>100</yield></head>
    <ingredients>
      <ing>
        <amt>
          <qty>3</qty>
          <unit>quarts</unit></amt>
        <item>WATER</item></ing>
      <ing>
        <amt>
          <qty>20</qty>
          <unit>pounds</unit></amt>
        <item>FRANKFURTERS</item></ing>
      <ing>
        <amt>
          <qty>3</qty>
          <unit>gallons</unit></amt>
        <item>SAUERKRAUT #10</item></ing>
      <ing>
        <amt>
          <qty>PAN:</qty>
          <unit>18</unit></amt>
        <item>BY 24-INCH ROASTING PAN              TEMPERATURE:  350 F. OVEN</item></ing></ingredients>
    <directions>
      <step>  1.  COMBINE SAUERKRAUT AND WATER.  HEAT TO SIMMER.  DRAIN OFF EXCESS
  LIQUID.
  
  2.  PLACE 1 1/2 gal SAUERKRAUT IN EACH PAN.  ARRANGE FRANKFURTERS ON TOP OF
  SAUERKRAUT IN EACH PAN.
  
  3.  BAKE 35 TO 40 MINUTES OR UNTIL WELL HEATED.
  
  NOTE:  1.  SAUERKRAUT AND FRANKFURTERS MAY BE LAYERED. PLACE 3/4 GAL
  SAUERKRAUT IN EACH PAN; ARRANGE FRANKFURTERS ON TOP; COVER WITH REMAINING
  SAUERKRAUT.
  
  NOTE:  2.  OTHER SIZES AND TYPES OF PANS MAY BE USED. SEE RECIPE CARD A-25.
  
  Recipe Number: L11300
  
  SERVING SIZE: 2 FRANKFUR
  
  From the &lt;Army Master Recipe Index File&gt; (actually used today!).
  Downloaded from Glen's MM Recipe Archive, http://www.erols.com/hosey.
 
</step></directions></recipe></recipeml>
