<?xml version="1.0" encoding="UTF-8"?>

<recipeml version="0.5">
  <recipe>
    <head>
      <title>Baked Fish with Tomato-Orange Confit</title>
      <categories>
        <cat>Fish</cat>
        <cat>And</cat>
        <cat>Seafood</cat></categories>
      <yield>6</yield></head>
    <ingredients>
      <ing>
        <amt>
          <qty>4</qty>
          <unit/></amt>
        <item>Sun-dried tomatoes -- (not</item></ing>
      <ing>
        <amt>
          <qty/>
          <unit/></amt>
        <item>In oil)</item></ing>
      <ing>
        <amt>
          <qty>1</qty>
          <unit>tablespoon</unit></amt>
        <item>Olive oil</item></ing>
      <ing>
        <amt>
          <qty>1/2</qty>
          <unit>cups</unit></amt>
        <item>Onion -- minced</item></ing>
      <ing>
        <amt>
          <qty>1</qty>
          <unit/></amt>
        <item>Clove garlic -- peeled and</item></ing>
      <ing>
        <amt>
          <qty/>
          <unit/></amt>
        <item>Minced</item></ing>
      <ing>
        <amt>
          <qty>2</qty>
          <unit>large</unit></amt>
        <item>Tomatoes -- peeled, seeded</item></ing>
      <ing>
        <amt>
          <qty/>
          <unit/></amt>
        <item>And </item></ing>
      <ing>
        <amt>
          <qty>2</qty>
          <unit>tablespoons</unit></amt>
        <item>Orange peel -- grated</item></ing>
      <ing>
        <amt>
          <qty>2</qty>
          <unit>tablespoons</unit></amt>
        <item>Orange juice</item></ing>
      <ing>
        <amt>
          <qty>2</qty>
          <unit>tablespoons</unit></amt>
        <item>Lime juice</item></ing>
      <ing>
        <amt>
          <qty>1/2</qty>
          <unit>teaspoons</unit></amt>
        <item>Dried tarragon -- crushed</item></ing>
      <ing>
        <amt>
          <qty/>
          <unit>pinches</unit></amt>
        <item>Cayenne pepper</item></ing>
      <ing>
        <amt>
          <qty>1/2</qty>
          <unit>teaspoons</unit></amt>
        <item>Fennel seeds -- crushed</item></ing>
      <ing>
        <amt>
          <qty>2</qty>
          <unit/></amt>
        <item>Oranges -- peeled and</item></ing>
      <ing>
        <amt>
          <qty/>
          <unit/></amt>
        <item>Sectioned</item></ing>
      <ing>
        <amt>
          <qty>1</qty>
          <unit>tablespoon</unit></amt>
        <item>Unsalted butter</item></ing>
      <ing>
        <amt>
          <qty/>
          <unit/></amt>
        <item>Ground black pepper -- to</item></ing>
      <ing>
        <amt>
          <qty/>
          <unit/></amt>
        <item>Taste</item></ing>
      <ing>
        <amt>
          <qty>1 2/3</qty>
          <unit>pounds</unit></amt>
        <item>Fish fillets</item></ing>
      <ing>
        <amt>
          <qty>1</qty>
          <unit>teaspoon</unit></amt>
        <item>Olive oil</item></ing>
      <ing>
        <amt>
          <qty/>
          <unit/></amt>
        <item>Cut into cubes</item></ing></ingredients>
    <directions>
      <step>  Cover the dried tomatoes with boiling water and let sit until softened,
  about 20 minutes.  Drain and chop. In a medium pan heat 1 tbsp. olive oil
  over medium heat. Add the onion and garlic; saute 10 minutes. Stir in the
  dried and fresh tomatoes, orange peel, orange and lime juices, tarragon,
  cayenne and fennel seeds. Cook over medium heat 10 minutes. Stir in the
  orange sections, butter, pepper. Keep warm. Place fish on a rack in a
  baking pan or use a broiling pan. Brush with 1 tsp. olive oil and bake in a
  preheated 450-degree oven 12 minutes per inch of thickness. Serve with
  confit on top.
  
  Recipe By     : Sarah Leah Chase
  
  From Gemini's MASSIVE MealMaster collection at www.synapse.com/~gemini
 
</step></directions></recipe></recipeml>
