<?xml version="1.0" encoding="UTF-8"?>

<recipeml version="0.5">
  <recipe>
    <head>
      <title>Baked Garlic, Tomato and Zucchini Casserole</title>
      <categories>
        <cat>None</cat></categories>
      <yield>1</yield></head>
    <ingredients>
      <ing>
        <amt>
          <qty>4</qty>
          <unit>tablespoons</unit></amt>
        <item>Extra virgin olive oil or-</item></ing>
      <ing>
        <amt>
          <qty>16</qty>
          <unit>medium</unit></amt>
        <item>Tomatoes, cored &amp; cut in 1/2 inch slices</item></ing>
      <ing>
        <amt>
          <qty>6</qty>
          <unit>medium</unit></amt>
        <item>Zucchini stems removed, cut on the diagonal 1/2 inch slices</item></ing>
      <ing>
        <amt>
          <qty>12</qty>
          <unit/></amt>
        <item>Cloves garlic, peeled and sliced</item></ing>
      <ing>
        <amt>
          <qty>10</qty>
          <unit/></amt>
        <item>Sprigs fresh basil, leaves only, shredded</item></ing>
      <ing>
        <amt>
          <qty/>
          <unit/></amt>
        <item>Coarse salt (kosher) and freshly ground pepper to taste</item></ing>
      <ing>
        <amt>
          <qty>1/2</qty>
          <unit>cups</unit></amt>
        <item>Grated aged goat cheese, parmesan or asiago cheese</item></ing></ingredients>
    <directions>
      <step>  from "The Buffet Book" by Peck and Hart
  
  1. preheat oven to 400. use one tablespoon of oil to coat a large shallow
  casserole
  
  2. layer tomato and zucchini slices alternately, overlapping slightly.
  sprinkle with garlic, basil and cheese. drizzle with remaining oil.
  
  3. bake about 30 minutes, until the vegetables are tender. serve hot or at
  room temperature. about 20 servings
  
  64 calories, 4 grams fat, 3 milligrams cholesterol, 14 milligrams sodium, 2
  grams protein, 5 grams carbohydrate Posted to Bakery Shoppe Digest150 by
  "bevmed" &lt;bevmed@ingress.com&gt; on Jul 7, 1997
 
</step></directions></recipe></recipeml>
