<?xml version="1.0" encoding="UTF-8"?>

<recipeml version="0.5">
  <recipe>
    <head>
      <title>Baked French Toast (Overnight)</title>
      <categories>
        <cat>Bread</cat></categories>
      <yield>8</yield></head>
    <ingredients>
      <ing>
        <amt>
          <qty>8</qty>
          <unit>slices</unit></amt>
        <item>(1-inch thick) french bread</item></ing>
      <ing>
        <amt>
          <qty>6</qty>
          <unit/></amt>
        <item>Eggs</item></ing>
      <ing>
        <amt>
          <qty>3/4</qty>
          <unit>cups</unit></amt>
        <item>Milk</item></ing>
      <ing>
        <amt>
          <qty>1/4</qty>
          <unit>teaspoons</unit></amt>
        <item>Baking powder</item></ing>
      <ing>
        <amt>
          <qty>1</qty>
          <unit>tablespoon</unit></amt>
        <item>Vanilla</item></ing>
      <ing>
        <amt>
          <qty>1</qty>
          <unit/></amt>
        <item>Bag (10-oz) frozen strawberries</item></ing>
      <ing>
        <amt>
          <qty>4</qty>
          <unit/></amt>
        <item>Ripe bananas; thick sliced</item></ing>
      <ing>
        <amt>
          <qty>3/4</qty>
          <unit>cups</unit></amt>
        <item>Sugar</item></ing>
      <ing>
        <amt>
          <qty>1</qty>
          <unit>tablespoon</unit></amt>
        <item>Apple pie spice</item></ing>
      <ing>
        <amt>
          <qty/>
          <unit/></amt>
        <item>Cinnamon and sugar</item></ing>
      <ing>
        <amt>
          <qty/>
          <unit/></amt>
        <item>Whipped cream or powdered sugar</item></ing></ingredients>
    <directions>
      <step>  From: arielle@taronga.com (Stephanie da Silva) (COLLECTION)
  
  Date: Sun, 25 Jul 1993 02:12:42 GMT
  Combine eggs, milk, baking powder and vanilla.  Pour over bread slices,
  cover and refrigerate overnight.
  
  Next morning: Combine 10 ounce bag frozen strawberries, 4 ripe bananas,
  thick sliced, place in glass casserole dish, sprinkle mixture of 3/4 cup
  sugar and 1 tablespoon apple pie spice over strawberries and bananas. Place
  slices of egg-soaked bread on top of strawberries and bananas. Sprinkle top
  with cinnamon and sugar. Bake 450 degrees for 20-25 minutes. Serve with
  whipped cream or powdered sugar.
  
  REC.FOOD.RECIPES ARCHIVES
  
  /EGGS
  
  From rec.food.cooking archives.  Downloaded from Glen's MM Recipe Archive,
  http://www.erols.com/hosey.
 
</step></directions></recipe></recipeml>
