<?xml version="1.0" encoding="UTF-8"?>

<recipeml version="0.5">
  <recipe>
    <head>
      <title>Baked Fresh Fish</title>
      <categories>
        <cat>Fish</cat></categories>
      <yield>4</yield></head>
    <ingredients>
      <ing-div>
        <title/>
        <ing>
          <amt>
            <qty/>
            <unit/></amt>
          <item>Cooking oil</item></ing>
        <ing>
          <amt>
            <qty>1</qty>
            <unit>pound</unit></amt>
          <item>Fish filets</item></ing>
        <ing>
          <amt>
            <qty/>
            <unit/></amt>
          <item>Crazy Jane salt</item></ing>
        <ing>
          <amt>
            <qty/>
            <unit/></amt>
          <item>Black pepper; freshly ground</item></ing>
        <ing>
          <amt>
            <qty/>
            <unit/></amt>
          <item>Dill weed; crushed</item></ing>
        <ing>
          <amt>
            <qty/>
            <unit/></amt>
          <item>Butter</item></ing></ing-div>
      <ing-div>
        <title>SAUCE</title>
        <ing>
          <amt>
            <qty>3</qty>
            <unit>tablespoons</unit></amt>
          <item>Butter or margarine</item></ing>
        <ing>
          <amt>
            <qty>1</qty>
            <unit>teaspoon</unit></amt>
          <item>Tarragon</item></ing>
        <ing>
          <amt>
            <qty>2</qty>
            <unit>teaspoons</unit></amt>
          <item>Capers with juice</item></ing>
        <ing>
          <amt>
            <qty>2</qty>
            <unit>tablespoons</unit></amt>
          <item>Lemon juice</item></ing>
        <ing>
          <amt>
            <qty>Spray</qty>
            <unit>or</unit></amt>
          <item>brush cookie sheet with cooking oil. Place filets on greased</item></ing></ing-div></ingredients>
    <directions>
      <step>  surface and sprinkle with salt, pepper, dill weed and dots of butter. Bake
  at 375ø for 6 to 8 minutes. Turn and bake another 6 to 8 minutes or until
  fish is flaky. To make sauce melt the butter, tarragon, capers and lemon
  juice together. Serve sauce over warm fish. Yield: 4 servings.
  
  JACKIE KELLEY (MRS. G. LARRY)
  
  From &lt;Traditions: A Taste of the Good Life&gt;, by the Little Rock (AR) Junior
  League.  Downloaded from Glen's MM Recipe Archive,
  http://www.erols.com/hosey.
 
</step></directions></recipe></recipeml>
