<?xml version="1.0" encoding="UTF-8"?>

<recipeml version="0.5">
  <recipe>
    <head>
      <title>Baked Fresh Salmon</title>
      <categories>
        <cat>Fish</cat></categories>
      <yield>4</yield></head>
    <ingredients>
      <ing>
        <amt>
          <qty>3</qty>
          <unit>pounds</unit></amt>
        <item>Salmon</item></ing>
      <ing>
        <amt>
          <qty>1</qty>
          <unit>teaspoon</unit></amt>
        <item>Salt</item></ing>
      <ing>
        <amt>
          <qty>1</qty>
          <unit>teaspoon</unit></amt>
        <item>Pepper, black</item></ing>
      <ing>
        <amt>
          <qty>1/2</qty>
          <unit>teaspoons</unit></amt>
        <item>Thyme</item></ing>
      <ing>
        <amt>
          <qty>3</qty>
          <unit>tablespoons</unit></amt>
        <item>Butter</item></ing>
      <ing>
        <amt>
          <qty>1 1/2</qty>
          <unit>cups</unit></amt>
        <item>Cream, light</item></ing>
      <ing>
        <amt>
          <qty>3</qty>
          <unit/></amt>
        <item>Onion; sliced</item></ing>
      <ing>
        <amt>
          <qty>3</qty>
          <unit/></amt>
        <item>Parsley sprig</item></ing>
      <ing>
        <amt>
          <qty>1</qty>
          <unit/></amt>
        <item>Garlic clove; quartered</item></ing>
      <ing>
        <amt>
          <qty>1</qty>
          <unit/></amt>
        <item>Bay leaf</item></ing>
      <ing>
        <amt>
          <qty>2</qty>
          <unit/></amt>
        <item>Cucumber; peeled &amp; cut into strips</item></ing></ingredients>
    <directions>
      <step>  Combine salt, pepper and thyme then rub all sides of the salmon. Melt
  butter in baking dish then add salmon and coat with the butter. Add light
  cream, onion slices, parsley, garlic, and bay leaf then arrange cucumber
  strips around the fish. Bake covered for 40 minutes or until centre bone
  can be removed easily. Remove and discard bay leaf, onion, parsley and
  garlic before serving.
  
  From Gemini's MASSIVE MealMaster collection at www.synapse.com/~gemini
 
</step></directions></recipe></recipeml>
