<?xml version="1.0" encoding="UTF-8"?>

<recipeml version="0.5">
  <recipe>
    <head>
      <title>Baked Guavas Stuffed with Mushrooms and Olives</title>
      <categories>
        <cat>Fruits</cat>
        <cat>Harned 1994</cat>
        <cat>Sephardic</cat>
        <cat>Vegetables</cat>
        <cat>Yemenite</cat></categories>
      <yield>6</yield></head>
    <ingredients>
      <ing>
        <amt>
          <qty>6</qty>
          <unit/></amt>
        <item>Guavas</item></ing>
      <ing>
        <amt>
          <qty>1</qty>
          <unit>tablespoon</unit></amt>
        <item>Oil</item></ing>
      <ing>
        <amt>
          <qty>1</qty>
          <unit>cup</unit></amt>
        <item>Mushrooms; chopped</item></ing>
      <ing>
        <amt>
          <qty>1</qty>
          <unit>tablespoon</unit></amt>
        <item>Onion; chopped</item></ing>
      <ing>
        <amt>
          <qty>1/2</qty>
          <unit>cups</unit></amt>
        <item>Green olives; chopped</item></ing>
      <ing>
        <amt>
          <qty>2</qty>
          <unit>tablespoons</unit></amt>
        <item>Parsley; chopped</item></ing>
      <ing>
        <amt>
          <qty>4</qty>
          <unit>teaspoons</unit></amt>
        <item>Chopped fresh dill weed or</item></ing>
      <ing>
        <amt>
          <qty>1</qty>
          <unit>teaspoon</unit></amt>
        <item>Dried dill</item></ing>
      <ing>
        <amt>
          <qty>1/2</qty>
          <unit>teaspoons</unit></amt>
        <item>Each salt and pepper</item></ing>
      <ing>
        <amt>
          <qty>1</qty>
          <unit>tablespoon</unit></amt>
        <item>Sesame seeds</item></ing></ingredients>
    <directions>
      <step>  To prepare the guavas for stuffing, cut a thin slice from the top of the
  guava.  With a melon ball scoop or small spoon, remove the seeds and set
  the guavas aside.
  
  Heat the oil in a skillet.  Add mushrooms, onion, green olives, herbs, salt
  and pepper; saute until vegetables are soft. Remove the mixture from the
  flame; cool.  Stuff the guavas, filling them to the top.
  
  Place stuffed guavas in a baking dish just large enough to hold them and
  sprinkle sesame seeds over the guava tops. Bake at 325 F. for 1 hour, or
  until the fruit is tender. Serve hot.
  
  From _The Yemenite Cookbook_ by Zion Levi and Hani Agabria. New York:
  Seaver Books, 1988.  Pg. 67.  ISBN 0-8050-0394-0. Electronic format by
  Cathy Harned. Submitted By LARRY HARRISON &lt;76303.1253@COMPUSERVE.COM&gt; On 09
  JAN 96 080312 EST
  
  From Gemini's MASSIVE MealMaster collection at www.synapse.com/~gemini
 
</step></directions></recipe></recipeml>
