<?xml version="1.0" encoding="UTF-8"?>

<recipeml version="0.5">
  <recipe>
    <head>
      <title>Baked Fish with Rhubarb Sauce</title>
      <categories>
        <cat>Fish</cat></categories>
      <yield>4</yield></head>
    <ingredients>
      <ing-div>
        <title/>
        <ing>
          <amt>
            <qty>2</qty>
            <unit>tablespoons</unit></amt>
          <item>Extra virgin olive oil</item></ing>
        <ing>
          <amt>
            <qty>2</qty>
            <unit>large</unit></amt>
          <item>Onions; peeled and sliced</item></ing>
        <ing>
          <amt>
            <qty>2</qty>
            <unit/></amt>
          <item>Celery stalks; washed and cut in 1 inch pieces</item></ing>
        <ing>
          <amt>
            <qty>3</qty>
            <unit/></amt>
          <item>Carrots; peeled and shredded</item></ing>
        <ing>
          <amt>
            <qty>1</qty>
            <unit>large</unit></amt>
          <item>Firm fish; about 5 pounds (striped bass; blue fish; etc.)</item></ing>
        <ing>
          <amt>
            <qty>1</qty>
            <unit>tablespoon</unit></amt>
          <item>Dark soy sauce</item></ing>
        <ing>
          <amt>
            <qty/>
            <unit/></amt>
          <item>Salt and pepper to taste</item></ing>
        <ing>
          <amt>
            <qty>1</qty>
            <unit>cup</unit></amt>
          <item>Chopped parsley; sage and oregano; in equal proportions</item></ing>
        <ing>
          <amt>
            <qty>2</qty>
            <unit/></amt>
          <item>Cloves garlic; minced</item></ing>
        <ing>
          <amt>
            <qty>4</qty>
            <unit>small</unit></amt>
          <item>Israeli tomatoes; sliced</item></ing>
        <ing>
          <amt>
            <qty>2</qty>
            <unit>cups</unit></amt>
          <item>Rhubarb sauce (see below)</item></ing></ing-div>
      <ing-div>
        <title>RHUBARB SAUCE</title>
        <ing>
          <amt>
            <qty>1</qty>
            <unit>pound</unit></amt>
          <item>Rhubarb; washed and cut in 1 inch pieces</item></ing>
        <ing>
          <amt>
            <qty>2</qty>
            <unit>cups</unit></amt>
          <item>Water</item></ing>
        <ing>
          <amt>
            <qty>1/2</qty>
            <unit>cups</unit></amt>
          <item>Sugar</item></ing>
        <ing>
          <amt>
            <qty>1</qty>
            <unit>pinch</unit></amt>
          <item>Salt</item></ing>
        <ing>
          <amt>
            <qty>1/4</qty>
            <unit>cups</unit></amt>
          <item>Orange rind; thinly sliced</item></ing></ing-div></ingredients>
    <directions>
      <step>  From: Pat Gold &lt;plgold@ix.netcom.com&gt;
  
  Date: Fri, 12 Jul 1996 18:11:53 -0700
  I came across a magazine called "La Cocina Italiana" today ... I think this
  is issue # 2. At any rate there were 3 recipes in an article called Kosher
  (In Accordance with the Jewish Dietary Laws) and although I haven't tried
  them they sounded interesting enough to post to the list. "Cooking Kosher
  with Colette Rossant".
  
  1.  Preheat the oven to 375-degrees F.
  
  2.  Brush a baking pan with olive oil. Line the pan with the sliced onions,
  celery and carrots.
  
  3.  Rub the fish with the remaining olive oil mixed with the soy sauce.
  Sprinkle the fish with salt and pepper. Fill the cavity with the herbs and
  garlic.
  
  4.  Place the fish on the onions, and top the fish with sliced tomatoes.
  
  5.  Bake the fish for 25 minutes or until it flakes easily with a fork.
  Serve with the rhubarb sauce.
  
  Rhubarb Sauce (Serves 4)
  
  1.  Place all the ingredients in a saucepan. Bring to a boil, lower the
  heat and simmer until the rhubarb is cooked.
  
  2.  Pour the sauce in a sauceboat and serve with the fish at room
  temperature.
  
  JEWISH-FOOD digest 254
  
  From the Jewish Food recipe list.  Downloaded from Glen's MM Recipe
  Archive, http://www.erols.com/hosey.
 
</step></directions></recipe></recipeml>
