<?xml version="1.0" encoding="UTF-8"?>

<recipeml version="0.5">
  <recipe>
    <head>
      <title>Baked Fish Portions</title>
      <categories>
        <cat/></categories>
      <yield>100</yield></head>
    <ingredients>
      <ing>
        <amt>
          <qty>25</qty>
          <unit>pounds</unit></amt>
        <item>FISH FILLETS FLAT FZ</item></ing>
      <ing>
        <amt>
          <qty>3</qty>
          <unit>pounds</unit></amt>
        <item>BUTTER PRINT SURE</item></ing>
      <ing>
        <amt>
          <qty>1/4</qty>
          <unit>cups</unit></amt>
        <item>PAPRIKA GROUND</item></ing>
      <ing>
        <amt>
          <qty>PAN:</qty>
          <unit>18</unit></amt>
        <item>BY 24-INCH SHEET PAN                  TEMPERATURE:  375 F. OVEN</item></ing></ingredients>
    <directions>
      <step>  1.  PLACE FISH IN WELL GREASED PANS.
  
  2.  BRUSH FISH WITH MELTED BUTTER OR MARGARINE; SPRINKLE WITH PAPRIKA.
  
  3.  BAKE 35 MINUTES OR UNTIL LIGHTLY BROWNED.
  
  NOTE:  1.  IN STEP 1, PORTIONS SHOULD NOT TOUCH EACH OTHER WHILE BAKING.
  
  NOTE:  2.  IN STEP 1, DO NOT THAW FISH PORTIONS BEFORE BAKING.
  
  NOTE:  3.  OTHER SIZES AND TYPES OF PANS MAY BE USED. SEE RECIPE NO.
  A02500.
  
  Recipe Number: L12400
  
  SERVING SIZE: 4 OZ
  
  From the &lt;Army Master Recipe Index File&gt; (actually used today!).
  Downloaded from Glen's MM Recipe Archive, http://www.erols.com/hosey.
 
</step></directions></recipe></recipeml>
