<?xml version="1.0" encoding="UTF-8"?>

<recipeml version="0.5">
  <recipe>
    <head>
      <title>Baked Fish with Black Pepper (Machhi Kali Mirch)</title>
      <categories>
        <cat>Diabetic</cat></categories>
      <yield>4</yield></head>
    <ingredients>
      <ing>
        <amt>
          <qty>1</qty>
          <unit>pound</unit></amt>
        <item>Fish fillets</item></ing>
      <ing>
        <amt>
          <qty>1/2</qty>
          <unit>teaspoons</unit></amt>
        <item>Salt</item></ing>
      <ing>
        <amt>
          <qty>1/8</qty>
          <unit>teaspoons</unit></amt>
        <item>Turmeric</item></ing>
      <ing>
        <amt>
          <qty>1/2</qty>
          <unit>teaspoons</unit></amt>
        <item>Cumin powder</item></ing>
      <ing>
        <amt>
          <qty>1/2</qty>
          <unit>teaspoons</unit></amt>
        <item>Ground black pepper</item></ing>
      <ing>
        <amt>
          <qty>1</qty>
          <unit/></amt>
        <item>Clove garlic; chopped</item></ing>
      <ing>
        <amt>
          <qty>1</qty>
          <unit>teaspoon</unit></amt>
        <item>Oil</item></ing>
      <ing>
        <amt>
          <qty>1 1/2</qty>
          <unit>teaspoons</unit></amt>
        <item>Fresh lemon juice</item></ing></ingredients>
    <directions>
      <step>  Place fish fillets in a bowl, sprinkle with salt, turmeric, cumin, black
  pepper and garlic, tossing to coat well. Cover and marinate for 20 minutes
  at room temperature or longer in the refrigerator. Preheat oven to 400øF.
  Coat the bottom of baking dish with the oil. Place the fish in a single
  layer and pour the marinade over it. Bake uncovered for 20-25 minutes. The
  fish should be firm to the touch. Fish is done when it easily flakes with a
  fork. Sprinkle with lemon juice.
  
  Per serving: calories 106, fat 2.0g, 17% calories from fat, cholesterol
  49mg, protein 20.3g, carbohydrates 0.7g, fiber 0.1g, sodium 328mg.
  
  Exchanges: 3 Lean Meat.
  
  The recommended wines are: Pinot Blanc, White Zinfandel, or Riesling.
  
  Source: webmaster@MealsForYou.com Copyright © 1996-1998 Meals For You.
  
  MC Formatted &amp; MC Busted by Barb at Possum Kingdom
  
  NOTES : Prep: 10 min, Marinate: 20 min, Cook: 20 min.
  
  Recipe by: Lite and Luscious Cuisine of India by Madhu Gadia, M.S., R.
  
  Posted to MC-Recipe Digest by "abprice@wf.net" &lt;abprice@wf.net&gt; on Mar 16,
  1998
 
</step></directions></recipe></recipeml>
