<?xml version="1.0" encoding="UTF-8"?>

<recipeml version="0.5">
  <recipe>
    <head>
      <title>Baked Haddock</title>
      <categories>
        <cat>Fish</cat></categories>
      <yield>4</yield></head>
    <ingredients>
      <ing>
        <amt>
          <qty>1</qty>
          <unit>pound</unit></amt>
        <item>Haddock fillets (up to)</item></ing>
      <ing>
        <amt>
          <qty>3</qty>
          <unit>tablespoons</unit></amt>
        <item>Olive oil</item></ing>
      <ing>
        <amt>
          <qty>1</qty>
          <unit>medium</unit></amt>
        <item>Onion chopped</item></ing>
      <ing>
        <amt>
          <qty>1</qty>
          <unit>medium</unit></amt>
        <item>Green pepper chopped</item></ing>
      <ing>
        <amt>
          <qty>3</qty>
          <unit>tablespoons</unit></amt>
        <item>Parsley chopped</item></ing>
      <ing>
        <amt>
          <qty>1</qty>
          <unit>can</unit></amt>
        <item>(1-lb) tomatoes chopped; reserve juice</item></ing>
      <ing>
        <amt>
          <qty>2</qty>
          <unit>teaspoons</unit></amt>
        <item>Cornstarch</item></ing>
      <ing>
        <amt>
          <qty>1/2</qty>
          <unit>teaspoons</unit></amt>
        <item>Salt</item></ing>
      <ing>
        <amt>
          <qty>1/2</qty>
          <unit>teaspoons</unit></amt>
        <item>Basil</item></ing>
      <ing>
        <amt>
          <qty>1</qty>
          <unit>pinch</unit></amt>
        <item>Black pepper</item></ing>
      <ing>
        <amt>
          <qty/>
          <unit/></amt>
        <item>Lemon juice to taste</item></ing></ingredients>
    <directions>
      <step>  From: Diana Hamilton &lt;hamilton@gl.umbc.edu&gt;
  
  Date: 18 Nov 1994 08:35:43 -0500
  
  Saute onions, peppers and parsley in oil until soft, ~5 min. Stir in
  tomatoes, juice, salt and pepper, basil and cornstarch. Cook until the
  mixture thickens. Pour half the sauce in a 9x9" baking dish. Place the
  fillets on top in a single layer, sprinkle with lemon juice and top with
  the rest of the sauce. Bake 375F ~10 mn until flaky. Serve over rice.
  
  REC.FOOD.RECIPES ARCHIVES
  
  /FISH
  
  From rec.food.cooking archives.  Downloaded from Glen's MM Recipe Archive,
  http://www.erols.com/hosey.
 
</step></directions></recipe></recipeml>
