<?xml version="1.0" encoding="UTF-8"?>

<recipeml version="0.5">
  <recipe>
    <head>
      <title>Baked French Onion Soup</title>
      <categories>
        <cat>Cheese/eggs</cat></categories>
      <yield>6</yield></head>
    <ingredients>
      <ing>
        <amt>
          <qty>3</qty>
          <unit>tablespoons</unit></amt>
        <item>Butter</item></ing>
      <ing>
        <amt>
          <qty>1</qty>
          <unit>tablespoon</unit></amt>
        <item>Oil</item></ing>
      <ing>
        <amt>
          <qty>3</qty>
          <unit>pounds</unit></amt>
        <item>Onion; sliced very thinly</item></ing>
      <ing>
        <amt>
          <qty>1</qty>
          <unit>teaspoon</unit></amt>
        <item>Salt</item></ing>
      <ing>
        <amt>
          <qty>1</qty>
          <unit>teaspoon</unit></amt>
        <item>White sugar</item></ing>
      <ing>
        <amt>
          <qty>3</qty>
          <unit>tablespoons</unit></amt>
        <item>Flour</item></ing>
      <ing>
        <amt>
          <qty>4</qty>
          <unit>cans</unit></amt>
        <item>Beef consomme</item></ing>
      <ing>
        <amt>
          <qty>4</qty>
          <unit>cans</unit></amt>
        <item>Water</item></ing>
      <ing>
        <amt>
          <qty>2</qty>
          <unit>cups</unit></amt>
        <item>Dry red wine</item></ing>
      <ing>
        <amt>
          <qty>1</qty>
          <unit/></amt>
        <item>Bay leaf</item></ing>
      <ing>
        <amt>
          <qty>1</qty>
          <unit>teaspoon</unit></amt>
        <item>Sage</item></ing>
      <ing>
        <amt>
          <qty>1</qty>
          <unit/></amt>
        <item>Sliced french bread; toasted</item></ing>
      <ing>
        <amt>
          <qty>1</qty>
          <unit/></amt>
        <item>Mozzarella cheese; shredded</item></ing>
      <ing>
        <amt>
          <qty>1</qty>
          <unit/></amt>
        <item>Parmesan cheese; shredded</item></ing></ingredients>
    <directions>
      <step>  Melt butter with oil in large soup pot - add sliced onions and stir to coat
  ~ cover pot and cook
  
  over moderately low heat for 15 - 20 minutes - stirring
  occasionally until onions are tender and translucent.  Uncover pot and
  
  raise heat to moderately high - stir in salt and sugar (sugar
  
  carmelizes and helps onions to brown) - cook about 30 minutes -
  
  stirring frequently until onions have turned an even deep golden
  
  brown. Lower heat to moderate - stir in flour and add a bit more
  
  butter if flour does not absorb into a paste with the onions. Cook
  
  slowly, stirring constantly for 12 minutes to brown flour lightly.
  Remove from heat - pour about 1 cup of warmed consomme into
  
  onion/flour mixture to blend flour and consomme - add rest of
  
  consomme, water, wine, bay leaf and sage - bring to a simmer. Simmer
  
  slowly for 30 - 40 minutes.
  If you are not serving right away, let cool, uncovered, then cover and
  
  refrigerate.  Reheat when ready to serve - place in ovenproof soup
  
  bowls - top with a slice of toasted french bread, shredded mozzarella
  
  cheese and parmesan cheese. Place under broiler to melt cheeses until
  
  bubbly.
  Posted to MM-Recipes Digest V5 #021 by lena36@juno.com (Lena P Mitchell) on
  Jan 20, 1998
 
</step></directions></recipe></recipeml>
