<?xml version="1.0" encoding="UTF-8"?>

<recipeml version="0.5">
  <recipe>
    <head>
      <title>Baked Flounder Barataria</title>
      <categories>
        <cat>Kosher</cat>
        <cat>Cajun</cat>
        <cat>Main dish</cat>
        <cat>Fish</cat></categories>
      <yield>4</yield></head>
    <ingredients>
      <ing>
        <amt>
          <qty>4</qty>
          <unit>tablespoons</unit></amt>
        <item>Butter, divided</item></ing>
      <ing>
        <amt>
          <qty>2</qty>
          <unit>pounds</unit></amt>
        <item>Flounder filets</item></ing>
      <ing>
        <amt>
          <qty>1</qty>
          <unit>teaspoon</unit></amt>
        <item>Salt</item></ing>
      <ing>
        <amt>
          <qty>1/2</qty>
          <unit>teaspoons</unit></amt>
        <item>Tabasco sauce</item></ing>
      <ing>
        <amt>
          <qty>1</qty>
          <unit>tablespoon</unit></amt>
        <item>Paprika</item></ing>
      <ing>
        <amt>
          <qty>1/4</qty>
          <unit>cups</unit></amt>
        <item>Grated cheddar cheese</item></ing>
      <ing>
        <amt>
          <qty>1</qty>
          <unit>cup</unit></amt>
        <item>Sour cream</item></ing>
      <ing>
        <amt>
          <qty>1/4</qty>
          <unit>cups</unit></amt>
        <item>Fine bread crumbs</item></ing></ingredients>
    <directions>
      <step>  Grease a 2 qt. baking dish with 1 ts. butter.  Arrange fish filets in
  baking dish.  Blend salt, Tabasco Sauce, paprika, and cheddar cheese into
  sour cream and spread over fish. Top with bread crumbs and dot with
  remaining 3 ts. butter. Bake uncovered at 350 F. for 30 min. or until fish
  flakes easily with fork.
  
  Yield: 4 to 6 servings.
  
  From Gemini's MASSIVE MealMaster collection at www.synapse.com/~gemini
 
</step></directions></recipe></recipeml>
