<?xml version="1.0" encoding="UTF-8"?>

<recipeml version="0.5">
  <recipe>
    <head>
      <title>Baked Fish with Vegetables #1</title>
      <categories>
        <cat>Fish</cat></categories>
      <yield>6</yield></head>
    <ingredients>
      <ing>
        <amt>
          <qty>1</qty>
          <unit/></amt>
        <item>Whole (2-lb) red snapper or whole sea bass or fillets</item></ing>
      <ing>
        <amt>
          <qty/>
          <unit/></amt>
        <item>Salt; pepper</item></ing>
      <ing>
        <amt>
          <qty>2 1/2</qty>
          <unit/></amt>
        <item>Lemons; halved</item></ing>
      <ing>
        <amt>
          <qty>1</qty>
          <unit>bunch</unit></amt>
        <item>Fresh fennel leaves -or-</item></ing>
      <ing>
        <amt>
          <qty>2</qty>
          <unit>teaspoons</unit></amt>
        <item>Fennel seeds</item></ing>
      <ing>
        <amt>
          <qty>1/2</qty>
          <unit>cups</unit></amt>
        <item>Butter or margarine</item></ing>
      <ing>
        <amt>
          <qty>1</qty>
          <unit/></amt>
        <item>Onion; thinly sliced</item></ing>
      <ing>
        <amt>
          <qty>2</qty>
          <unit>medium</unit></amt>
        <item>Potatoes; peeled and very thinly sliced</item></ing>
      <ing>
        <amt>
          <qty>2</qty>
          <unit/></amt>
        <item>Tomatoes; peeled and quartered</item></ing>
      <ing>
        <amt>
          <qty>1/2</qty>
          <unit>cups</unit></amt>
        <item>White wine</item></ing>
      <ing>
        <amt>
          <qty>3</qty>
          <unit>tablespoons</unit></amt>
        <item>Pernod</item></ing>
      <ing>
        <amt>
          <qty/>
          <unit/></amt>
        <item>Parsley; chopped</item></ing></ingredients>
    <directions>
      <step>  Date: Tue, 23 Apr 1996 22:04:32 -0500 (CDT)
  
  From: "Mr. &amp; Mrs. Pro and the crew" &lt;D.Pro@coretech.com&gt;
  
  Season fish inside and out with salt and pepper to taste and juice of 1/2
  lemon. If fillets are used, sprinkle both sides with salt, pepper and lemon
  juice. Place fennel leaves or seeds inside fish or sprinkle over fillets.
  Melt butter in large skillet. Brown fish on both sides. Transfer fish and
  juices to 13- x 9-inch baking pan. Arrange onion and potato slices around
  fish and bake at 375F 30 minutes. Add tomatoes, pour wine over fish and
  sprinkle with Pernod. Bake 10 minutes longer or until fish flakes easily
  with fork and potatoes are done. Serve from baking dish or arrange fish on
  large platter with tomatoes, potatoes and onions. Pour juices over fish and
  sprinkle with parsley. Garnish with remaining lemon halves.
  
  MM-RECIPES@IDISCOVER.NET
  
  MEAL-MASTER RECIPES LIST SERVER
  
  MM-RECIPES DIGEST V3 #114
  
  From the MealMaster recipe list.  Downloaded from Glen's MM Recipe Archive,
  http://www.erols.com/hosey.
 
</step></directions></recipe></recipeml>
