<?xml version="1.0" encoding="UTF-8"?>

<recipeml version="0.5">
  <recipe>
    <head>
      <title>Baked Fish with Apple Dill Sauce</title>
      <categories>
        <cat>None</cat></categories>
      <yield>4</yield></head>
    <ingredients>
      <ing>
        <amt>
          <qty>2</qty>
          <unit>pounds</unit></amt>
        <item>Whole haddock or salmon; head and tail removed</item></ing>
      <ing>
        <amt>
          <qty/>
          <unit/></amt>
        <item>Salt</item></ing>
      <ing>
        <amt>
          <qty>2</qty>
          <unit>tablespoons</unit></amt>
        <item>Butter</item></ing>
      <ing>
        <amt>
          <qty>1</qty>
          <unit>teaspoon</unit></amt>
        <item>Cornstarch</item></ing>
      <ing>
        <amt>
          <qty>1</qty>
          <unit>teaspoon</unit></amt>
        <item>Prepared mustard</item></ing>
      <ing>
        <amt>
          <qty>2</qty>
          <unit>tablespoons</unit></amt>
        <item>Chopped fresh dill</item></ing>
      <ing>
        <amt>
          <qty>1/2</qty>
          <unit>cups</unit></amt>
        <item>Apple juice</item></ing>
      <ing>
        <amt>
          <qty>1/2</qty>
          <unit>cups</unit></amt>
        <item>Finely diced unpeeled apple</item></ing>
      <ing>
        <amt>
          <qty>1</qty>
          <unit>tablespoon</unit></amt>
        <item>Fresh lemon juice</item></ing></ingredients>
    <directions>
      <step>  Wash fish and pat dry. Sprinkle all over with salt. Wrap in 2 layers of
  aluminum foil. Fold over and seal seam and ends. Place on a cookie sheet.
  Bake at 375 F for 40 to 45 minutes or until fish flakes easily. Meanwhile,
  melt butter in a small sauce pan. Stir in cornstarch, mustard and dill.
  Gradually add apple juice. Stir until smooth and thickened. Add the diced
  apple and lemon juice. Open foil packet, remove skin from fish, and
  transfer to a platter. Serve sauce over fish. Makes 4 servings.
  
  Recipe by: unknown cookbook
  
  Posted to MC-Recipe Digest V1 #1024 by Mardi Desjardins
  &lt;amdesjar@mb.sympatico.ca&gt; on Jan 20, 1998
 
</step></directions></recipe></recipeml>
