<?xml version="1.0" encoding="UTF-8"?>

<recipeml version="0.5">
  <recipe>
    <head>
      <title>Baked Goat Cheese with Garden Salad</title>
      <categories>
        <cat>Salads</cat></categories>
      <yield>4</yield></head>
    <ingredients>
      <ing>
        <amt>
          <qty>8</qty>
          <unit>ounces</unit></amt>
        <item>Fresh log chevre*</item></ing>
      <ing>
        <amt>
          <qty>3</qty>
          <unit/></amt>
        <item>Thyme sprigs (or more)</item></ing>
      <ing>
        <amt>
          <qty/>
          <unit/></amt>
        <item>Olive oil</item></ing>
      <ing>
        <amt>
          <qty>1</qty>
          <unit>cup</unit></amt>
        <item>Fine dried bread crumbs</item></ing>
      <ing>
        <amt>
          <qty>1</qty>
          <unit>teaspoon</unit></amt>
        <item>Dried thyme; crushed</item></ing>
      <ing>
        <amt>
          <qty>2</qty>
          <unit>tablespoons</unit></amt>
        <item>Red wine vinegar -or more</item></ing>
      <ing>
        <amt>
          <qty/>
          <unit/></amt>
        <item>Salt, pepper</item></ing>
      <ing>
        <amt>
          <qty>1/2</qty>
          <unit/></amt>
        <item>Head rocket (or see note)</item></ing>
      <ing>
        <amt>
          <qty>1</qty>
          <unit/></amt>
        <item>Day-old baguette</item></ing>
      <ing>
        <amt>
          <qty>1/2</qty>
          <unit>cups</unit></amt>
        <item>Butter; melted</item></ing>
      <ing>
        <amt>
          <qty>2</qty>
          <unit/></amt>
        <item>Lg. garlic cloves; split</item></ing></ingredients>
    <directions>
      <step>  *Note: Chevre should be cut into 4 (1/2-inch-thick) rounds. **Instead of
  rocket, lamb's lettuce or small oak leaf and red leaf lettuces or chervil
  may be used instead. Place goat cheese rounds and fresh thyme in shallow
  pan or dish. Sprinkle with 1/4 cup olive oil. Marinate up to 1 day. Mix
  bread crumbs and dried thyme. Set aside. Make dressing with 1/2 cup olive
  oil, vinegar and salt and pepper to taste. Set aside. Wash and dry
  lettuces. Slice baguette into 24 (1/4-inch-thick) slices. Brush each slice
  with some of melted butter. Place on baking sheet and bake at 350F 5 to 7
  min utes, or until croutons are lightly browned. While still warm rub each
  crouton with cut clove of garlic. Dip marinated cheese slices in bread
  crumbs. Place in lightly oiled baking dish. Bake at 400F 6 minutes, or
  until cheese is barely bubbling and is golden brown. Toss lettuces with
  enough dressing to lightly coat. Arrange on 4 salad plates. Place cheese in
  center of plates, browned side up. Arrange croutons around cheese.
  
  From Gemini's MASSIVE MealMaster collection at www.synapse.com/~gemini
 
</step></directions></recipe></recipeml>
