<?xml version="1.0" encoding="UTF-8"?>

<recipeml version="0.5">
  <recipe>
    <head>
      <title>Baked Fruited Popcorn</title>
      <categories>
        <cat>Snacks</cat>
        <cat>Popcorn</cat></categories>
      <yield>1</yield></head>
    <ingredients>
      <ing>
        <amt>
          <qty>7</qty>
          <unit>cups</unit></amt>
        <item>Cooked Popcorn</item></ing>
      <ing>
        <amt>
          <qty>1</qty>
          <unit>cup</unit></amt>
        <item>Pecans pieces</item></ing>
      <ing>
        <amt>
          <qty>3/4</qty>
          <unit>cups</unit></amt>
        <item>Candied red cherries; cut up</item></ing>
      <ing>
        <amt>
          <qty>3/4</qty>
          <unit>cups</unit></amt>
        <item>Brown sugar; packed</item></ing>
      <ing>
        <amt>
          <qty>6</qty>
          <unit>tablespoons</unit></amt>
        <item>Butter or margerine</item></ing>
      <ing>
        <amt>
          <qty>3</qty>
          <unit>tablespoons</unit></amt>
        <item>Light corn syrup</item></ing>
      <ing>
        <amt>
          <qty>1/4</qty>
          <unit>teaspoons</unit></amt>
        <item>Baking soda</item></ing>
      <ing>
        <amt>
          <qty>1/4</qty>
          <unit>teaspoons</unit></amt>
        <item>Vanilla</item></ing></ingredients>
    <directions>
      <step>  Remove all unpopped kernals from popcorn. In a 17x12x12 " baking pan,
  combine popcorn, pecans and cherries. In a 1 quart saucepan combine brown
  sugar, butter and corn syrup. Cook and stir over medium heat until butter
  melts and mixture comes to a boil. Cook over low heat 5 minutes more.
  Remove from heat. Stir in baking soda and vanilla. Pour mixture over
  popcorn; gently stir to ccoat popcorn mixture. Bake in 300~ oven for 15
  minutes;stir. Bake 5-10 minutes more. Remove popcorn to large bowl, cool
  Posted to recipelu-digest Volume 01 Number 652 by RecipeLu
  &lt;recipelu@geocities.com&gt; on Jan 31, 1998
 
</step></directions></recipe></recipeml>
