<?xml version="1.0" encoding="UTF-8"?>

<recipeml version="0.5">
  <recipe>
    <head>
      <title>Baked German Pancakes</title>
      <categories>
        <cat>Breads</cat></categories>
      <yield>4</yield></head>
    <ingredients>
      <ing>
        <amt>
          <qty>3</qty>
          <unit/></amt>
        <item>Eggs</item></ing>
      <ing>
        <amt>
          <qty>1/2</qty>
          <unit>cups</unit></amt>
        <item>Flour 1/2 t Salt 1/2 c Mi</item></ing></ingredients>
    <directions>
      <step>  ~----FILLING------------------------------ 2 T Butter 2 Large apples -
  peeled &amp; sliced 2 T Sugar 1/2 t Cinnamon Whip eggs to blend. Sift flour,
  measure it, sift again with salt.Add flour and salt to eggs in four
  additions, blend smooth.  Add milk in two additions and beat in butter
  (oil). Butter bottom &amp; sides of 9 - 10" heavy frypan. Pour in batter. Bake
  in over @ 450 for 20 min; reduce heat to 350 for 10 min(or 15 min. Cake
  will climb walls of pan. Slip onto plate, add filling, serve. FILLING: Melt
  butter in fry pan.  Add apples.  Sprinkle sugar and cinnamon.  Cook over
  low heat until glazed &amp; tender. Spoon into center of cake.  Add apples.
  Sprinkle sugar andcinnamon. Cook over low heat until glazed &amp; tender. Spoon
  into center of cake.
  
  Recipe By     :
  
  File ftp://ftp.idiscover.co.uk/pub/food/mealmaster/recipes/mmdja006.zip
 
</step></directions></recipe></recipeml>
