<?xml version="1.0" encoding="UTF-8"?>

<recipeml version="0.5">
  <recipe>
    <head>
      <title>Baked Fish with Tahina</title>
      <categories>
        <cat>None</cat></categories>
      <yield>1</yield></head>
    <ingredients>
      <ing-div>
        <title/>
        <ing>
          <amt>
            <qty>4</qty>
            <unit/></amt>
          <item>Fish fillets or whole fish( white fish, firm )</item></ing>
        <ing>
          <amt>
            <qty/>
            <unit/></amt>
          <item>Salt, black pepper,  touch of oil</item></ing>
        <ing>
          <amt>
            <qty/>
            <unit/></amt>
          <item>Garlic</item></ing>
        <ing>
          <amt>
            <qty/>
            <unit/></amt>
          <item>Parsley</item></ing>
        <ing>
          <amt>
            <qty/>
            <unit/></amt>
          <item>Lemon</item></ing></ing-div>
      <ing-div>
        <title>SAUCE</title>
        <ing>
          <amt>
            <qty>6</qty>
            <unit>tablespoons</unit></amt>
          <item>Tahina paste (not hummous)</item></ing>
        <ing>
          <amt>
            <qty>3</qty>
            <unit>tablespoons</unit></amt>
          <item>Water</item></ing>
        <ing>
          <amt>
            <qty/>
            <unit/></amt>
          <item>Bit of oil</item></ing></ing-div>
      <ing-div>
        <title>OR</title>
        <ing>
          <amt>
            <qty>2</qty>
            <unit>tablespoons</unit></amt>
          <item>Water -and-</item></ing>
        <ing>
          <amt>
            <qty>1</qty>
            <unit>tablespoon</unit></amt>
          <item>Lemon or white wine vinegar (i LIKE LEMON BEST)</item></ing>
        <ing>
          <amt>
            <qty>2</qty>
            <unit/></amt>
          <item>Cloves garlic, minced</item></ing>
        <ing>
          <amt>
            <qty/>
            <unit/></amt>
          <item>Salt/pepper</item></ing></ing-div></ingredients>
    <directions>
      <step>  cut 2-3 incisions in the skin of the fish on both sides and rub inside and
  out with mixture of pepper/salt and a bit of oil. Put the garlic inside the
  fish.    Sprinkle with parsley , set aside, leave one hour. put fish in a
  baking dish.
  
  Prepare tahina sauce and (optional) add  1/2-1 tsp hot chili or some type
  of harissa ( prepared ok). Pour the sauce over the fish.. bake 350 oven for
  30 minutes ( or until the fish is tender). Serve with lemon wedges,
  /lightly toasted pine nuts or almonds rice is a great addition...to sop up
  the sauce... also pita...
  
  Note:  you can be creative...sometimes I just put lots of parsley and
  garlic in the tahina...but you have to know who you are feeding, and if
  they like things with a bit more punch. The tahina gets sort of golden..
  and there is never any left.
  Posted to JEWISH-FOOD digest V96 #77
  
  Date: Wed, 13 Nov 1996 10:27:06 +0200
  
  From: shust@inter.net.il
 
</step></directions></recipe></recipeml>
