<?xml version="1.0" encoding="UTF-8"?>

<recipeml version="0.5">
  <recipe>
    <head>
      <title>Baked Garlic-Stuffed Antipasto Bread</title>
      <categories>
        <cat>None</cat></categories>
      <yield>1</yield></head>
    <ingredients>
      <ing-div>
        <title>KBTHOMPS / SUSAN FORTNEY</title>
        <ing>
          <amt>
            <qty>10</qty>
            <unit>large</unit></amt>
          <item>Cloves fresh garlic</item></ing>
        <ing>
          <amt>
            <qty>1</qty>
            <unit>large</unit></amt>
          <item>Crusty; unsliced loaf French bread</item></ing>
        <ing>
          <amt>
            <qty>1/2</qty>
            <unit>cups</unit></amt>
          <item>Butter</item></ing>
        <ing>
          <amt>
            <qty>1/4</qty>
            <unit>cups</unit></amt>
          <item>Olive oil</item></ing>
        <ing>
          <amt>
            <qty>1</qty>
            <unit>package</unit></amt>
          <item>(9-o) frozen; chopped spinach, thawed and squeezed dry</item></ing>
        <ing>
          <amt>
            <qty>1</qty>
            <unit>can</unit></amt>
          <item>(14 oz) artichoke hearts; drained and coarsely chopped</item></ing>
        <ing>
          <amt>
            <qty>1/2</qty>
            <unit>cups</unit></amt>
          <item>Coarsely chopped parsley</item></ing>
        <ing>
          <amt>
            <qty>1</qty>
            <unit>can</unit></amt>
          <item>Anchovy fillets; cut into large pieces</item></ing>
        <ing>
          <amt>
            <qty>1</qty>
            <unit>cup</unit></amt>
          <item>Grated Swiss cheese</item></ing>
        <ing>
          <amt>
            <qty>1/2</qty>
            <unit>cups</unit></amt>
          <item>Grated mozzarella cheese</item></ing>
        <ing>
          <amt>
            <qty>1</qty>
            <unit>cup</unit></amt>
          <item>(4 oz) sliced black olives</item></ing>
        <ing>
          <amt>
            <qty>1</qty>
            <unit>tablespoon</unit></amt>
          <item>Capers</item></ing>
        <ing>
          <amt>
            <qty>1/4</qty>
            <unit>teaspoons</unit></amt>
          <item>Dried tarragon</item></ing>
        <ing>
          <amt>
            <qty>1/4</qty>
            <unit/></amt>
          <item>Teaspooon dried basil</item></ing>
        <ing>
          <amt>
            <qty>1</qty>
            <unit>teaspoon</unit></amt>
          <item>Coarsely ground pepper</item></ing>
        <ing>
          <amt>
            <qty>1/2</qty>
            <unit>teaspoons</unit></amt>
          <item>Garlic salt</item></ing></ing-div></ingredients>
    <directions>
      <step>  Preheat oven to 350 degrees.
  
  Peel and coarsely chop garlic, set aside. Slice top off French bread
  lengthwise. Carefully scoop out inside of loaf, tearing bread into small
  pieces, and place in large bowl.
  
  In large skillet, melt butter and all but 1 tablespoon of the olive oil
  together until bubbly. Add garlic and stir for 30 seconds. Add spinach,
  artichokes, parsley and anchovies. With a wooden spoon, gently combine
  ingedients and cook about 1 minute. When thoroughly mixed, add to bread
  pieces and toss well to mix. Add cheeses, black olives, capers and
  seasonings. Toss well to mix.
  
  Pack into hollowed out bread, replace top and wrap in foil. Bake for 30
  minutes at 350 degrees F. Unwrap bread, drizzle with 1 tablespoon olive oil
  and bake for additional 5 minutes. Slice into 1 1/2 inch slices. Serve
  warm.
  
  Posted to FOODWINE Digest  by Kristi Thompson &lt;kbthomps@STUDENTS.WISC.EDU&gt;
  on Sep 3, 1997
 
</step></directions></recipe></recipeml>
