<?xml version="1.0" encoding="UTF-8"?>

<recipeml version="0.5">
  <recipe>
    <head>
      <title>Baked Fish with Orange-Chili Marinade</title>
      <categories>
        <cat>Fish</cat></categories>
      <yield>4</yield></head>
    <ingredients>
      <ing>
        <amt>
          <qty>1/2</qty>
          <unit>cups</unit></amt>
        <item>Fresh orange juice</item></ing>
      <ing>
        <amt>
          <qty>1/2</qty>
          <unit>cups</unit></amt>
        <item>Fresh cilantro leaves; Chopped</item></ing>
      <ing>
        <amt>
          <qty>1</qty>
          <unit>tablespoon</unit></amt>
        <item>Olive oil</item></ing>
      <ing>
        <amt>
          <qty>2</qty>
          <unit/></amt>
        <item>Cloves garlic; peeled and Minced</item></ing>
      <ing>
        <amt>
          <qty>1</qty>
          <unit/></amt>
        <item>Chipotle pepper; chopped</item></ing>
      <ing>
        <amt>
          <qty>1 1/3</qty>
          <unit>pounds</unit></amt>
        <item>Fish fillets; (thick)</item></ing>
      <ing>
        <amt>
          <qty/>
          <unit/></amt>
        <item>Ground black pepper; to Taste</item></ing></ingredients>
    <directions>
      <step>  Combine the orange juice, cilantro, olive oil, garlic and chipotle. Place
  the fish in a glass dish and cover with the marinade. Refrigerate 1 hour.
  Remove the fish from the marinade and place on a rack set into a baking pan
  or on a broiling pan. Bake in a preheated 450-degree oven 12 minutes per
  inch of thickness.
  
  Recipe By     : W. Park Kerr
  
  Date:    6/28/96 7:27 AM
  
  From: dlassiter@atsva.com
  
  MC-Recipe Digest V1 #133
  
  From the MasterCook recipe list.  Downloaded from Glen's MM Recipe Archive,
  http://www.erols.com/hosey.
 
</step></directions></recipe></recipeml>
