<?xml version="1.0" encoding="UTF-8"?>

<recipeml version="0.5">
  <recipe>
    <head>
      <title>Baked Fish Au Gratin</title>
      <categories>
        <cat>Reg2 - feb9</cat>
        <cat>Fish</cat></categories>
      <yield>4</yield></head>
    <ingredients>
      <ing>
        <amt>
          <qty>1 1/2</qty>
          <unit>pounds</unit></amt>
        <item>Haddock or sole fillets</item></ing>
      <ing>
        <amt>
          <qty>1/4</qty>
          <unit>cups</unit></amt>
        <item>Flour</item></ing>
      <ing>
        <amt>
          <qty>1</qty>
          <unit>can</unit></amt>
        <item>Cream of celery soup</item></ing>
      <ing>
        <amt>
          <qty>1/4</qty>
          <unit>cups</unit></amt>
        <item>Milk</item></ing>
      <ing>
        <amt>
          <qty>1/2</qty>
          <unit>cups</unit></amt>
        <item>Grated Cheddar cheese</item></ing>
      <ing>
        <amt>
          <qty>1</qty>
          <unit>tablespoon</unit></amt>
        <item>Parsley</item></ing>
      <ing>
        <amt>
          <qty>1</qty>
          <unit>dash</unit></amt>
        <item>Paprika</item></ing></ingredients>
    <directions>
      <step>  Dip fish in flour. Arrange in Pam-sprayed baking dish. Blend cream of
  celery soup and milk. Spread over fish in pan. Sprinkle with grated cheese,
  parlsley and paprika. Bake at 350 F. for 45 mins. until fish flakes easily
  with fork.
  
  Bobbie Banghart, Lansing, Michigan, U.S.A.
  
  NOTES : Can do in Microwave for 6-7 minutes, until fish flakes easily with
  fork.  An easy, delicious fish dish we have made for years..
  Recipe by: R. Banghart
  
  Posted to recipelu-digest by RecipeLu &lt;recipelu@geocities.com&gt; on Feb 19,
  1998
 
</step></directions></recipe></recipeml>
