<?xml version="1.0" encoding="UTF-8"?>

<recipeml version="0.5">
  <recipe>
    <head>
      <title>Baked Golden Chicken (Sou</title>
      <categories>
        <cat/></categories>
      <yield>100</yield></head>
    <ingredients>
      <ing>
        <amt>
          <qty>2 3/4</qty>
          <unit>quarts</unit></amt>
        <item>WATER</item></ing>
      <ing>
        <amt>
          <qty>82</qty>
          <unit>pounds</unit></amt>
        <item>CHICKEN;WHOLE FZ</item></ing>
      <ing>
        <amt>
          <qty>17 1/4</qty>
          <unit>pounds</unit></amt>
        <item>SOUP CHICKEN NOODLE</item></ing>
      <ing>
        <amt>
          <qty>2</qty>
          <unit>cups</unit></amt>
        <item>SHORTENING; 3LB</item></ing>
      <ing>
        <amt>
          <qty>2</qty>
          <unit>tablespoons</unit></amt>
        <item>PEPPER BLACK 1 LB CN</item></ing>
      <ing>
        <amt>
          <qty>1</qty>
          <unit>tablespoon</unit></amt>
        <item>PAPRIKA GROUND</item></ing>
      <ing>
        <amt>
          <qty>PAN:</qty>
          <unit>18</unit></amt>
        <item>BY 26-INCH SHEET PAN (5 EA)            TEMPERATURE:  350 F. OVEN</item></ing></ingredients>
    <directions>
      <step>  18 BY 24-INCH ROASTING PAN (3 EA)
  
  1.  WASH CHICKEN THOROUGHLY UNDER COLD RUNNING WATER. DRAIN WELL.
  
  2.  SPRINKLE PIECES OF CHICKEN WITH PEPPER; ARRANGE ON SHEET PAN.
  
  3.  POUR MELTED SHORTENING OR SALAD OIL EVENLY OVER CHICKEN.
  
  4.  BAKE 1 HOUR OR UNTIL DONE (180 F.).
  
  5.  REMOVE CHICKEN; PLACE AN EQUAL QUANTITY OF CHICKEN IN EACH ROASTING
  PAN.
  DRAIN OR SKIM OFF FAT FROM DRIPPINGS.
  
  6.  COMBINE SOUP AND 2 3/4 QUARTS WATER. BRING SOUP MIXTURE TO A BOIL.
  
  7.  POUR 3 1/2 QT GRAVY EVENLY OVER CHICKEN IN EACH PAN. SPRINKLE WITH
  PAPRIKA.
  
  8.  BAKE 30 MINUTES OR UNTIL CHICKEN AND GRAVY ARE HEATED.
  
  NOTE:  1.  IN STEP 1, 65 LB CHICKEN, BROILER-FRYER, CUT-UP OR 82 LB
  CHICKEN,
  BROILER-FRYER, QUARTERED MAY BE USED.
  
  NOTE:  2.  OTHER SIZES AND TYPES OF PANS MAY BE USED. SEE RECIPE NO.
  A02500.
  
  Recipe Number: L14903
  
  SERVING SIZE: 2 PIECES C
  
  From the &lt;Army Master Recipe Index File&gt; (actually used today!).
  Downloaded from Glen's MM Recipe Archive, http://www.erols.com/hosey.
 
</step></directions></recipe></recipeml>
