<?xml version="1.0" encoding="UTF-8"?>

<recipeml version="0.5">
  <recipe>
    <head>
      <title>Baked French Toast</title>
      <categories>
        <cat>Breakfast</cat></categories>
      <yield>4</yield></head>
    <ingredients>
      <ing>
        <amt>
          <qty>8</qty>
          <unit>ounces</unit></amt>
        <item>French Bread loaf</item></ing>
      <ing>
        <amt>
          <qty>3</qty>
          <unit/></amt>
        <item>Eggs</item></ing>
      <ing>
        <amt>
          <qty>3</qty>
          <unit>tablespoons</unit></amt>
        <item>Sugar</item></ing>
      <ing>
        <amt>
          <qty>1</qty>
          <unit>teaspoon</unit></amt>
        <item>Vanilla extract</item></ing>
      <ing>
        <amt>
          <qty>2 1/4</qty>
          <unit>cups</unit></amt>
        <item>Milk; nonfat</item></ing>
      <ing>
        <amt>
          <qty>1/2</qty>
          <unit>cups</unit></amt>
        <item>Flour</item></ing>
      <ing>
        <amt>
          <qty>6</qty>
          <unit>tablespoons</unit></amt>
        <item>Brown sugar</item></ing>
      <ing>
        <amt>
          <qty>1/2</qty>
          <unit>teaspoons</unit></amt>
        <item>Cinnamon</item></ing>
      <ing>
        <amt>
          <qty>1/4</qty>
          <unit>cups</unit></amt>
        <item>Butter</item></ing>
      <ing>
        <amt>
          <qty>1</qty>
          <unit>cup</unit></amt>
        <item>Blueberries; (fresh or frozen)</item></ing>
      <ing>
        <amt>
          <qty>1</qty>
          <unit>cup</unit></amt>
        <item>Strawberries</item></ing></ingredients>
    <directions>
      <step>  Diagonally cut bread into 1-inch slices and place in a well-greased
        9 x  13 inch baking dish.
  
  In a med. bowl, lightly beat eggs, sugar and vanilla. Stir in milk until
  well blended. Pour over bread, turning pieces to coat well. Cover and
  refrigerate overnight.
  
  Preheat oven to 375 degrees. In small bowl, combine flour, brown sugar and
  cinnamon. Cut in butter until mixture resembles coarse crumbs. Turn bread
  over in baking dish. Scatter blueberries over bread. Sprinkle evenly with
  crumb mixture.
  
  Bake about 40 minuted until golden brown. Cut into squares. top with heated
  strawberries or serve them on the side.
  
  NOTES : Non-stick spray was NOT sufficient to keep from sticking.
  Refrigeration overnight enhances the flavor.
  Recipe by: California Sizzles Cookbook
  
  Posted to TNT - Prodigy's Recipe Exchange Newsletter  by Vickie
  &lt;pvreg@gte.net&gt; on Dec 31, 1997
 
</step></directions></recipe></recipeml>
