<?xml version="1.0" encoding="UTF-8"?>

<recipeml version="0.5">
  <recipe>
    <head>
      <title>Baked Grapefruit</title>
      <categories>
        <cat>Fruits</cat>
        <cat>Appetizers</cat>
        <cat>Microwave</cat></categories>
      <yield>4</yield></head>
    <ingredients>
      <ing>
        <amt>
          <qty>2</qty>
          <unit>medium</unit></amt>
        <item>Grapefruit</item></ing>
      <ing>
        <amt>
          <qty>4</qty>
          <unit>teaspoons</unit></amt>
        <item>Dark brown sugar</item></ing>
      <ing>
        <amt>
          <qty>2</qty>
          <unit>teaspoons</unit></amt>
        <item>Butter or margarine</item></ing>
      <ing>
        <amt>
          <qty>4</qty>
          <unit/></amt>
        <item>Maraschino cherries</item></ing></ingredients>
    <directions>
      <step>  1. Cut each grapefruit in half crosswise. Remove any pits and cut around
  each section with a sharp knife. 2. Sprinkle each grapefruit with 1
  teaspoon sugar. 3. Dot each half with 1/2 teaspoon of butter. Place
  grapefruit halves on a paper plate. 4. Heat, uncovered, in Microwave Oven 4
  minutes. 5. Garnish each half with a maraschino cherry. 6. Serve hot.
  
  From Gemini's MASSIVE MealMaster collection at www.synapse.com/~gemini
 
</step></directions></recipe></recipeml>
