<?xml version="1.0" encoding="UTF-8"?>

<recipeml version="0.5">
  <recipe>
    <head>
      <title>Baked Fruit Salad Supreme</title>
      <categories>
        <cat>Fruits</cat>
        <cat>Salads</cat>
        <cat>Chili</cat></categories>
      <yield>4</yield></head>
    <ingredients>
      <ing>
        <amt>
          <qty>16</qty>
          <unit>ounces</unit></amt>
        <item>Pineapple chunks in juice; drained and chopped, reserve juice</item></ing>
      <ing>
        <amt>
          <qty>1</qty>
          <unit>tablespoon</unit></amt>
        <item>Tapioca</item></ing>
      <ing>
        <amt>
          <qty>1</qty>
          <unit/></amt>
        <item>Apple; diced</item></ing>
      <ing>
        <amt>
          <qty>1</qty>
          <unit/></amt>
        <item>Orange; peeled and diced</item></ing>
      <ing>
        <amt>
          <qty>4</qty>
          <unit>tablespoons</unit></amt>
        <item>Frozen pineapple juice</item></ing>
      <ing>
        <amt>
          <qty>2</qty>
          <unit/></amt>
        <item>Egg whites</item></ing>
      <ing>
        <amt>
          <qty>1/8</qty>
          <unit>teaspoons</unit></amt>
        <item>Cream of tartar</item></ing>
      <ing>
        <amt>
          <qty>1/2</qty>
          <unit>teaspoons</unit></amt>
        <item>Vanilla</item></ing>
      <ing>
        <amt>
          <qty>2</qty>
          <unit>packages</unit></amt>
        <item>NutraSweet</item></ing></ingredients>
    <directions>
      <step>  Bring reserved pineapple juice and tapioca to a boil until thickened.
  Combine apple, pineapple, orange, and frozen pineapple juice concentrate.
  Mix well to coat fruits with the thickened juice. Spoon fruit into 4
  individual souffle baking dishes. Beat egg whites until soft peaks form.
  Add vanilla. Swirl the egg whites to top of the fruit salad, heaping it
  thick and spreading it to edges of dishes. Place in preheated 450 degrees
  F. oven for 4 to 5 minutes until meringue is lightly browned.
  
  Recipe by: 14 Days to New Vigor &amp; Health Mormon Diet
  
  Posted to EAT-LF Digest by "Dorothy Tapping" &lt;unicorn4@usit.net&gt; on Mar 16,
  1998
 
</step></directions></recipe></recipeml>
