<?xml version="1.0" encoding="UTF-8"?>

<recipeml version="0.5">
  <recipe>
    <head>
      <title>Baked Goose with Wine Sauce</title>
      <categories>
        <cat>Game</cat></categories>
      <yield>6</yield></head>
    <ingredients>
      <ing-div>
        <title/>
        <ing>
          <amt>
            <qty>1</qty>
            <unit/></amt>
          <item>Wild goose</item></ing>
        <ing>
          <amt>
            <qty>3</qty>
            <unit/></amt>
          <item>Dozen prunes</item></ing>
        <ing>
          <amt>
            <qty/>
            <unit/></amt>
          <item>Chicken broth</item></ing>
        <ing>
          <amt>
            <qty>1</qty>
            <unit/></amt>
          <item>Onion; chopped</item></ing>
        <ing>
          <amt>
            <qty>1/2</qty>
            <unit/></amt>
          <item>Stick butter</item></ing>
        <ing>
          <amt>
            <qty>1</qty>
            <unit>cup</unit></amt>
          <item>Soft bread crumbs</item></ing>
        <ing>
          <amt>
            <qty>1/2</qty>
            <unit>pounds</unit></amt>
          <item>Sausage</item></ing>
        <ing>
          <amt>
            <qty>1</qty>
            <unit/></amt>
          <item>Egg</item></ing>
        <ing>
          <amt>
            <qty/>
            <unit/></amt>
          <item>Salt and pepper to taste</item></ing>
        <ing>
          <amt>
            <qty>1/2</qty>
            <unit>teaspoons</unit></amt>
          <item>Sage</item></ing>
        <ing>
          <amt>
            <qty>1</qty>
            <unit>tablespoon</unit></amt>
          <item>Minced parsley</item></ing></ing-div>
      <ing-div>
        <title>WINE SAUCE</title>
        <ing>
          <amt>
            <qty>3</qty>
            <unit>cups</unit></amt>
          <item>Chicken broth</item></ing>
        <ing>
          <amt>
            <qty>4</qty>
            <unit>tablespoons</unit></amt>
          <item>Goose drippings</item></ing>
        <ing>
          <amt>
            <qty>1</qty>
            <unit>tablespoon</unit></amt>
          <item>Each wine; brandy &amp; gin</item></ing>
        <ing>
          <amt>
            <qty/>
            <unit/></amt>
          <item>Flour to thicken</item></ing></ing-div></ingredients>
    <directions>
      <step>  Cover prunes with chicken broth. Cook until tender. Drain and remove seeds
  from prunes. Saute onion in butter. Cook sausage, drain and crumble.
  Combine all ingredients and stuff goose. Run goose with oil and bake at 350
  for 3-4 hours or until tender. Baste occasionally with drippings. WINE
  SAUCE: Boil stock down to 2 cups. Add remaining ingredients, except flour.
  Heat thoroughly, add flour to thicken and simmer 5 minutes.
  
  MRS W.W. BURKS (ANNA)
  
  BEDFORD, VA
  
  From the book &lt;High Cotton Cookin'&gt;, Marvell Academy Mothers Assn, Marvell,
  AR  72366, ISBN 0-918544-14-9, downloaded from Glen's MM Recipe Archive,
  http://www.erols.com/hosey.
 
</step></directions></recipe></recipeml>
