<?xml version="1.0" encoding="UTF-8"?>

<recipeml version="0.5">
  <recipe>
    <head>
      <title>Baked Garlic Chicken Legs</title>
      <categories>
        <cat>Poultry</cat></categories>
      <yield>12</yield></head>
    <ingredients>
      <ing-div>
        <title>PHILLY.INQUIRER</title>
        <ing>
          <amt>
            <qty>1</qty>
            <unit>cup</unit></amt>
          <item>PEANUT OR VEGEIE OIL</item></ing>
        <ing>
          <amt>
            <qty>1</qty>
            <unit>tablespoon</unit></amt>
          <item>SWEET MILD PAPRIKA</item></ing>
        <ing>
          <amt>
            <qty>1</qty>
            <unit>cup</unit></amt>
          <item>OLIVE OIL</item></ing>
        <ing>
          <amt>
            <qty>1</qty>
            <unit>teaspoon</unit></amt>
          <item>CELERY SALT</item></ing>
        <ing>
          <amt>
            <qty>1/4</qty>
            <unit>cups</unit></amt>
          <item>COARSLY CHOPPED GARLIC</item></ing>
        <ing>
          <amt>
            <qty>1/2</qty>
            <unit>cups</unit></amt>
          <item>RED WINE VINEGAR</item></ing>
        <ing>
          <amt>
            <qty>1</qty>
            <unit>cup</unit></amt>
          <item>CHOPPED ONIONS</item></ing>
        <ing>
          <amt>
            <qty>1/2</qty>
            <unit>teaspoons</unit></amt>
          <item>RED HOT PEPPER SAUCE</item></ing>
        <ing>
          <amt>
            <qty>3</qty>
            <unit>tablespoons</unit></amt>
          <item>SOY SAUCE</item></ing>
        <ing>
          <amt>
            <qty>24</qty>
            <unit/></amt>
          <item>MEDIUM WHOLE CHICKEN LEGS</item></ing></ing-div></ingredients>
    <directions>
      <step>      COMBINE THE MARINADE INGREDIENTS IN A LARGE BOWL.PRICK THE SKIN OF THE
  CHICKEN LEGS IN SEVERAL PLACES WITH THE POINT OF A SHARP KNIFE.PUT THE
  CHICKEN IN A LARGE NONMETALIC SHALLOW PAN OR GLASS DISH.POUR THE MARINADE
  OVER THE CHICKEN.TURN THE LEGS SEVERAL TIMES TO COAT THE PIECES EVENLY.COV
  TIGHTLY WITH PLASTIC WRAP AND REFRIGERATE OVER NIGHT.
      PREHEAT THE OVEN TO 350 DEGREES.WIPE OFF ANY GARLIC OR ONION PIECES
  FROM THE CHICKEN LEGS AND PUT THEM SIDE BY SIDE IN TWO LARGE ROASTING
  PANS.IF NECESSARY PUT ONE PAN ON THE LOWER SHELF AND THE OTHER ON THE NEXT
  SHELF UP IN THE OVEN.ROAST FOR THIRTY MINUTES. MEANWHILE,STRAIN THE
  MARINADE AND SET IT ASIDE.AFTER THE CHICKEN HAS COOKED FOR 30 MINUTES,TURN
  EACH PIECE AND BRUSH THE CHICKEN LIBERALLY WITH THE MARINADE.ROTATE THE
  PANS ON THE SHELVES.ROAST FOR 30 MINUTES MORE,OR UNTIL THE LEGS ARE GOLDEN
  BROWN.TURN AGAIN IF NECESSARY.SERVE IMMEDIATLY O CHILL AND SERVE.MAKES 12
  SERVINGS.
  
  From Gemini's MASSIVE MealMaster collection at www.synapse.com/~gemini
 
</step></directions></recipe></recipeml>
