<?xml version="1.0" encoding="UTF-8"?>

<recipeml version="0.5">
  <recipe>
    <head>
      <title>Baked Flounder with Sauce</title>
      <categories>
        <cat>Fish</cat></categories>
      <yield>4</yield></head>
    <ingredients>
      <ing>
        <amt>
          <qty>3</qty>
          <unit>pounds</unit></amt>
        <item>Flounder</item></ing>
      <ing>
        <amt>
          <qty>6</qty>
          <unit>tablespoons</unit></amt>
        <item>Butter; melted</item></ing>
      <ing>
        <amt>
          <qty>2</qty>
          <unit>tablespoons</unit></amt>
        <item>Onions; browned, chopped</item></ing>
      <ing>
        <amt>
          <qty>1</qty>
          <unit/></amt>
        <item>Clove garlic; mincee, browned</item></ing>
      <ing>
        <amt>
          <qty>2</qty>
          <unit>tablespoons</unit></amt>
        <item>Parsley</item></ing>
      <ing>
        <amt>
          <qty>1/4</qty>
          <unit>cups</unit></amt>
        <item>Dry white wine</item></ing>
      <ing>
        <amt>
          <qty>1</qty>
          <unit/></amt>
        <item>Lemon; juice of</item></ing>
      <ing>
        <amt>
          <qty/>
          <unit/></amt>
        <item>Salt &amp; pepper to taste</item></ing>
      <ing>
        <amt>
          <qty/>
          <unit/></amt>
        <item>Flour</item></ing></ingredients>
    <directions>
      <step>  From: Wendy Lockman &lt;wlockman@ra1.randomc.com&gt;
  
  Date: Sun, 11 Feb 1996 10:35:49 -0500
  
  Place fish in baking dish or pan. Prepare a sauce by browning garlic, onion
  in melted butter. When brown, add parsley, wine and lemon juice. Blend
  sauce. Pour sauce over fish; sprinkle with salt, pepper, flour. Bake
  covered 10 min. at 375 Degrees. Uncover, basting with melted butter and dry
  white wine. Bake (ten minutes more or until done to taste. Also for:
  Flounder, mackerel, weakfish, grouper, snapper, bass etc. Suggestions: Vary
  the ingredients of the sauce with other recipes. Recipe date: 11/28/87
  
  MM-RECIPES@IDISCOVER.NET
  
  MEAL-MASTER RECIPES LIST SERVER
  
  From the MealMaster recipe list.  Downloaded from Glen's MM Recipe Archive,
  http://www.erols.com/hosey.
 
</step></directions></recipe></recipeml>
