<?xml version="1.0" encoding="UTF-8"?>

<recipeml version="0.5">
  <recipe>
    <head>
      <title>Baked Fresh Tuna in Tomato Purée</title>
      <categories>
        <cat>None</cat></categories>
      <yield>1</yield></head>
    <ingredients>
      <ing>
        <amt>
          <qty>4</qty>
          <unit/></amt>
        <item>6-ounce fresh tuna steaks</item></ing>
      <ing>
        <amt>
          <qty>1</qty>
          <unit>cup</unit></amt>
        <item>Fish stock or clam juice</item></ing>
      <ing>
        <amt>
          <qty>1/8</qty>
          <unit>teaspoons</unit></amt>
        <item>Black pepper</item></ing>
      <ing>
        <amt>
          <qty>1/8</qty>
          <unit>teaspoons</unit></amt>
        <item>Grated nutmeg</item></ing>
      <ing>
        <amt>
          <qty>2</qty>
          <unit>tablespoons</unit></amt>
        <item>Plus 2 tsp. tomato sauce</item></ing>
      <ing>
        <amt>
          <qty>1/8</qty>
          <unit>teaspoons</unit></amt>
        <item>Dried oregano or 1/4 tsp. fresh</item></ing>
      <ing>
        <amt>
          <qty>3/4</qty>
          <unit/></amt>
        <item>Lemon; juiced</item></ing>
      <ing>
        <amt>
          <qty>1</qty>
          <unit>tablespoon</unit></amt>
        <item>Plus 1 tsp. fresh parsley; finely minced</item></ing></ingredients>
    <directions>
      <step>  Prep: 5 min, Cook: 20 min.
  
  Preheat oven to 350°F. Arrange tuna in a baking pan. Pour fish stock over
  tuna and season with pepper and nutmeg. Cover with a buttered piece of
  foil. Bake 15 minutes, until fish flakes when tested with a fork, lifting
  the foil and basting fish occasionally. Transfer tuna to a warm serving
  dish. Pour pan liquid into a heavy nonreactive saucepan and boil 4-5
  minutes, or until mixture is reduced in volume by half. Stir in tomato
  sauce and oregano and simmer until hot. Add lemon juice and serve sauce
  over fish. Sprinkle with parsley.
  
  Posted to recipelu-digest by molony &lt;molony@scsn.net&gt; on Mar 04, 1998
 
</step></directions></recipe></recipeml>
