<?xml version="1.0" encoding="UTF-8"?>

<recipeml version="0.5">
  <recipe>
    <head>
      <title>Baked Garlic Croutons</title>
      <categories>
        <cat>None</cat></categories>
      <yield>4</yield></head>
    <ingredients>
      <ing>
        <amt>
          <qty>1/4</qty>
          <unit>cups</unit></amt>
        <item>(1/2 stick) butter; melted</item></ing>
      <ing>
        <amt>
          <qty>2</qty>
          <unit/></amt>
        <item>Cloves garlic; minced</item></ing>
      <ing>
        <amt>
          <qty>3</qty>
          <unit/></amt>
        <item>Bread slices; crusts removed, cut into 1/2-inch cubes (up to 4)</item></ing></ingredients>
    <directions>
      <step>  Chicago Tribune
  
  Preparation time: 5 minutes Cooking time: 10-15 minutes Yield: 4 servings
  
  1. Heat oven to 300 degrees. Combine melted butter and garlic in large
  bowl. Add bread cubes; stir gently to coat. Place bread on baking sheet in
  single layer. Bake, turning once during baking, until bread is golden on
  all sides, 10 to 15 minutes. Let croutons cool. Store in airtight
  container. Nutrition information per serving: Calories ....... 160 Fat
  ............ 13 g Cholesterol .. 30 mg Sodium ...... 230 mg Carbohydrates
  .. 11 g Protein ........ 2 g Posted to TNT - Prodigy's Recipe Exchange
  Newsletter  by Rrairie@aol.com on Aug 6, 1997
 
</step></directions></recipe></recipeml>
