<?xml version="1.0" encoding="UTF-8"?>

<recipeml version="0.5">
  <recipe>
    <head>
      <title>Baked Garlic</title>
      <categories>
        <cat>None</cat></categories>
      <yield>1</yield></head>
    <ingredients>
      <ing>
        <amt>
          <qty/>
          <unit/></amt>
        <item>Garlic; (1 bulb per person)</item></ing>
      <ing>
        <amt>
          <qty/>
          <unit/></amt>
        <item>Olive oil</item></ing>
      <ing>
        <amt>
          <qty/>
          <unit/></amt>
        <item>Brie Cheese</item></ing>
      <ing>
        <amt>
          <qty/>
          <unit/></amt>
        <item>French bread Baguette loaf-sliced &amp; toasted</item></ing></ingredients>
    <directions>
      <step>  Preheat oven to 325 degrees F. Remove any of the loose, paper-like skin and
  lightly baste bulbs of garlic with olive oil. Wrap in foil and poke a few
  holes to allow steam to escape. Bake for 1-1/4 hours. Cut garlic in half
  horizontally. To serve, warm Brie in 325 degree F oven until just starting
  to melt. Spread cheese on bread slices and then spread warm garlic pulp on
  top.
  
  Posted to MM-Recipes Digest V5 #010 by info@yourbestimage.com (Best Image)
  on Jan 09, 1998
 
</step></directions></recipe></recipeml>
