<?xml version="1.0" encoding="UTF-8"?>

<recipeml version="0.5">
  <recipe>
    <head>
      <title>Baked French Toast</title>
      <categories>
        <cat>None</cat></categories>
      <yield>8</yield></head>
    <ingredients>
      <ing>
        <amt>
          <qty>16</qty>
          <unit>slices</unit></amt>
        <item>Loaf french bread; cubed</item></ing>
      <ing>
        <amt>
          <qty>6</qty>
          <unit>ounces</unit></amt>
        <item>Cream cheese; cubed</item></ing>
      <ing>
        <amt>
          <qty>4</qty>
          <unit>tablespoons</unit></amt>
        <item>Maple syrup; divided</item></ing>
      <ing>
        <amt>
          <qty>2</qty>
          <unit>cups</unit></amt>
        <item>Milk</item></ing>
      <ing>
        <amt>
          <qty>12</qty>
          <unit/></amt>
        <item>Eggs</item></ing>
      <ing>
        <amt>
          <qty>Spray</qty>
          <unit>9"</unit></amt>
        <item>x 13" casserole dish with Pam or other vegetable spray. Put one</item></ing>
      <ing>
        <amt>
          <qty>layer</qty>
          <unit>of</unit></amt>
        <item>bread in casserole dish. Layer cubed cream cheese on top of bread</item></ing></ingredients>
    <directions>
      <step>  and add the second layer of bread. Pour 2 tablespoons maple syrup over
  layered bread and cream cheese.
  
  Beat eggs, maple syrup, and milk. Pour egg, milk and maple syrup mixture
  over bread and press bread into egg mixture with spatula. Sprinkle with
  nutmeg, cover with plastic wrap and refrigerate overnight.
  
  Preheat oven to 350° and bake on center rack for 45 minutes or until
  toothpick comes out clean. Place aluminum foil over top during last 10
  minutes if top becomes brown.
  
  Yield: 8 servings
  
  Tip: Serve with pure maple syrup
  
  Note: Our ghosts sometimes help in the preparation of breakfast! This
  recipe furnished by the innkeepers at Longdale Inn.
  
  Recipe by: Longdale Inn, Clifton Forge, Virginia
  
  Posted to MC-Recipe Digest by SuzyWert@aol.com on Feb 13, 1998
 
</step></directions></recipe></recipeml>
