<?xml version="1.0" encoding="UTF-8"?>

<recipeml version="0.5">
  <recipe>
    <head>
      <title>Apple Pan Dowdy</title>
      <categories>
        <cat>Desserts</cat>
        <cat>Masterchefs</cat>
        <cat>New york</cat>
        <cat>Aap</cat></categories>
      <yield>6</yield></head>
    <ingredients>
      <ing>
        <amt>
          <qty/>
          <unit/></amt>
        <item>Butter (for ramekins)</item></ing>
      <ing>
        <amt>
          <qty>12</qty>
          <unit>slices</unit></amt>
        <item>Bread, white, firm</item></ing>
      <ing>
        <amt>
          <qty>6</qty>
          <unit>tablespoons</unit></amt>
        <item>Butter, unsalted, or more</item></ing>
      <ing>
        <amt>
          <qty/>
          <unit/></amt>
        <item>Sugar</item></ing>
      <ing>
        <amt>
          <qty>4</qty>
          <unit>large</unit></amt>
        <item>Apples, baking (Rome other not-too-tart variety) peeled, cored, quarters cut cross-wise into 1/4-inch slices</item></ing>
      <ing>
        <amt>
          <qty>3</qty>
          <unit>tablespoons</unit></amt>
        <item>Molasses</item></ing>
      <ing>
        <amt>
          <qty>1/2</qty>
          <unit>cups</unit></amt>
        <item>Sugar, light brown, firmly packed</item></ing>
      <ing>
        <amt>
          <qty>1/2</qty>
          <unit>teaspoons</unit></amt>
        <item>Cinnamon</item></ing>
      <ing>
        <amt>
          <qty>1/4</qty>
          <unit>teaspoons</unit></amt>
        <item>Nutmeg, finely grated</item></ing>
      <ing>
        <amt>
          <qty>3</qty>
          <unit>tablespoons</unit></amt>
        <item>Rum, dark</item></ing>
      <ing>
        <amt>
          <qty>2</qty>
          <unit>tablespoons</unit></amt>
        <item>Juice, lemon</item></ing>
      <ing>
        <amt>
          <qty>1</qty>
          <unit>tablespoon</unit></amt>
        <item>Vanilla</item></ing>
      <ing>
        <amt>
          <qty>5</qty>
          <unit>tablespoons</unit></amt>
        <item>Butter, unsalted, chilled cut into small pieces</item></ing>
      <ing>
        <amt>
          <qty>1</qty>
          <unit>cup</unit></amt>
        <item>Cream, whipping, lightly whipped, sweetened with sugar</item></ing></ingredients>
    <directions>
      <step>       Preheat the oven to 375 F.
  
       Butter six 8-ounce ramekins or souffle dishes.  (Ramekins are
  round cup-cake-like porcelain cups &lt;only a bit larger&gt; that are used
  to bake souffles, and such.)
  
       Use a cutter to cut slices of bread into 12 rounds that fit into
  the dishes you've chosen to use.  Spread the rounds with softened
  butter on both sides, and sprinkle 1 side of each round with a little
  sugar.
  
       Place 1 bread round in each dish, sugared side down.  Reserve 6
  of the rounds for tops.
  
       Toss your sliced apples with molasses, brown sugar, cinnamon,
  nutmeg, rum, lemon juice, vanilla and pieces of butter until well
  coated.
  
       Spoon the apple mixture into the ramekins filling them nearly
  full and spooning some of the juices over the top.
  
       Top each dish with a reserved bread round, sugared side up.
  
       Place the ramekins in a roasting pan and then place the pan on the
  center rack of the oven.   Pour an inch of hot water into the
  roasting pan around the ramekins.
  
       Bake until the bread tops are golden brown, about 25 minutes.
  
       Serve warm in ramekins with whipped cream on the side.
       Source:  New York's Master Chefs, Bon Appetit Magazine
       :  Written by Richard Sax, Photographs by Nancy McFarland
       :  The Knapp Press, Los Angeles, 1985
  
       Chef:  Larry Forgione, An American Place Restaurant, New York
  
  File ftp://ftp.idiscover.co.uk/pub/food/mealmaster/recipes/mm-gc-ny.zip
 
</step></directions></recipe></recipeml>
