<?xml version="1.0" encoding="UTF-8"?>

<recipeml version="0.5">
  <recipe>
    <head>
      <title>Apple Pancake Puff Low Calorie</title>
      <categories>
        <cat>None</cat></categories>
      <yield>4</yield></head>
    <ingredients>
      <ing>
        <amt>
          <qty>1</qty>
          <unit>tablespoon</unit></amt>
        <item>+1 tsp margarine</item></ing>
      <ing>
        <amt>
          <qty>1</qty>
          <unit>teaspoon</unit></amt>
        <item>Cinnamon</item></ing>
      <ing>
        <amt>
          <qty>3</qty>
          <unit>small</unit></amt>
        <item>Mac. apples</item></ing>
      <ing>
        <amt>
          <qty>2</qty>
          <unit>large</unit></amt>
        <item>Eggs</item></ing>
      <ing>
        <amt>
          <qty/>
          <unit/></amt>
        <item>Core and cut into 1/4"</item></ing>
      <ing>
        <amt>
          <qty/>
          <unit/></amt>
        <item>Slice</item></ing>
      <ing>
        <amt>
          <qty>1/2</qty>
          <unit>cups</unit></amt>
        <item>Skim milk</item></ing>
      <ing>
        <amt>
          <qty>2</qty>
          <unit>tablespoons</unit></amt>
        <item>Dark raisins</item></ing>
      <ing>
        <amt>
          <qty>1/4</qty>
          <unit>cups</unit></amt>
        <item>+ 2 tb. flour</item></ing>
      <ing>
        <amt>
          <qty>3</qty>
          <unit>tablespoons</unit></amt>
        <item>Granulatd sugar</item></ing>
      <ing>
        <amt>
          <qty>1</qty>
          <unit>teaspoon</unit></amt>
        <item>Vanilla extract</item></ing>
      <ing>
        <amt>
          <qty>2</qty>
          <unit>tablespoons</unit></amt>
        <item>Orange juice</item></ing></ingredients>
    <directions>
      <step>  In heavy med. ovenproof skillet, melt 2 tsp of the margarine. Add apples,
  raisins, 1 T sugar, and orange juice and cinnamon. cook, stirring freq. 6-8
  minutes, until apples are just tender. Remove apples to bowl. Preheat oven
  to 425d. In small bowl, w/ electric mixer, beat eggs until foamy. Gradually
  add milk, flour, the remaining 2 TB. sugar and the vanilla; beat 2 minutes
  longer, until batter is smooth. Add remaining 2 tsp. margarine to same
  skillet. Place in oven to melt, abt 1 minute. POur batter into skillet;bake
  10 minutes. Remove from oven and spoon apple mixture into center of
  pancake. Return to oven and bake 12-15 min. longer until puffed and golden.
  Cut into quarters. Each serving: 1/2 Fa, 1/2 P, 1/2 B, 1 FR, 60 cal.
  
  Recipe By     :
  
  From: Ladies Home Journal- August 1991
  
  File ftp://ftp.idiscover.co.uk/pub/food/mealmaster/recipes/mmdja006.zip
 
</step></directions></recipe></recipeml>
