<?xml version="1.0" encoding="UTF-8"?>

<recipeml version="0.5">
  <recipe>
    <head>
      <title>Apple Oat Muffins</title>
      <categories>
        <cat>Breads</cat></categories>
      <yield>12</yield></head>
    <ingredients>
      <ing>
        <amt>
          <qty>1</qty>
          <unit>cup</unit></amt>
        <item>Buttermilk, sour milk, or</item></ing>
      <ing>
        <amt>
          <qty/>
          <unit/></amt>
        <item>..plain yogurt (thinned to</item></ing>
      <ing>
        <amt>
          <qty/>
          <unit/></amt>
        <item>..consistency of bmilk)</item></ing>
      <ing>
        <amt>
          <qty>1</qty>
          <unit>cup</unit></amt>
        <item>Rolled oats</item></ing>
      <ing>
        <amt>
          <qty>1/2</qty>
          <unit>cups</unit></amt>
        <item>Raisons</item></ing>
      <ing>
        <amt>
          <qty>1</qty>
          <unit>cup</unit></amt>
        <item>Whole wheat (pastry) flour</item></ing>
      <ing>
        <amt>
          <qty>1 1/2</qty>
          <unit>teaspoons</unit></amt>
        <item>Baking powder</item></ing>
      <ing>
        <amt>
          <qty>1 1/2</qty>
          <unit>teaspoons</unit></amt>
        <item>Cinnamon</item></ing>
      <ing>
        <amt>
          <qty>1/2</qty>
          <unit>teaspoons</unit></amt>
        <item>Salt</item></ing>
      <ing>
        <amt>
          <qty>1</qty>
          <unit/></amt>
        <item>Egg or 2 egg whites or</item></ing>
      <ing>
        <amt>
          <qty/>
          <unit/></amt>
        <item>..1/4 c egg substitute</item></ing>
      <ing>
        <amt>
          <qty>1/3</qty>
          <unit>cups</unit></amt>
        <item>Honey</item></ing>
      <ing>
        <amt>
          <qty>1</qty>
          <unit/></amt>
        <item>Apple--cored and grated</item></ing></ingredients>
    <directions>
      <step>    1.  Spray muffin pan with no-stick cooking spray.
    2.  Stir together in large mixing bowl and let stand while preparing
        remaining ingredients:  Buttermilk, oats, and raisons
    3.  Blend dry ingredients together in separate bowl: whole wheat flour,
        baking powder, cinnamon, salt.
    4.  Vigorously blend into oats and buttermilk:  Egg and honey.
    5.  Blend dry ingredients into liquid ingredients just until mixed. Do
        not overmix!
    6.  Fold in grated apple.
    7.  Fill muffin cups almost full.  Fill any empty cups half full of
        water.
    8.  Bake 350 degrees for 20 minutes.
    9.  Cool muffins in pan for 5 to 10 minutes for easy removal with slight
        tug on side of each muffin.  Turn muffins upsode down when removed
  from
        pan unmtil ready to serve. Best served warm. Variation--omit oats and
  use 1 3/4 cups whole wheat pastry flour.
  
  From Gemini's MASSIVE MealMaster collection at www.synapse.com/~gemini
 
</step></directions></recipe></recipeml>
