<?xml version="1.0" encoding="UTF-8"?>

<recipeml version="0.5">
  <recipe>
    <head>
      <title>Apple Nut Spread</title>
      <categories>
        <cat>Spreads</cat></categories>
      <yield>2</yield></head>
    <ingredients>
      <ing>
        <amt>
          <qty>2</qty>
          <unit>tablespoons</unit></amt>
        <item>Cream Sherry</item></ing>
      <ing>
        <amt>
          <qty>4 1/2</qty>
          <unit>cups</unit></amt>
        <item>Peeled, Thinly Sliced</item></ing>
      <ing>
        <amt>
          <qty/>
          <unit/></amt>
        <item>Cooking Apples (About</item></ing>
      <ing>
        <amt>
          <qty/>
          <unit/></amt>
        <item>1 Lb.)</item></ing>
      <ing>
        <amt>
          <qty>1/3</qty>
          <unit>cups</unit></amt>
        <item>Pitted Dates Chopped</item></ing>
      <ing>
        <amt>
          <qty>1/2</qty>
          <unit>cups</unit></amt>
        <item>Low Fat Cottage Cheese</item></ing>
      <ing>
        <amt>
          <qty>1/4</qty>
          <unit>cups</unit></amt>
        <item>Light Cream Cheese Product</item></ing>
      <ing>
        <amt>
          <qty>1/2</qty>
          <unit>teaspoons</unit></amt>
        <item>Ground Cinnamon</item></ing>
      <ing>
        <amt>
          <qty>2</qty>
          <unit>tablespoons</unit></amt>
        <item>Chopped Almonds Toasted</item></ing></ingredients>
    <directions>
      <step>  Place Sherry in 1 Quart Glass Measure.  Microwave At High 45 Seconds To 1
  Min. OR Until Boiling. Add Apples &amp; Dates. Cover With Plastic Wrap &amp; Vent.
  Microwave On High 4-5 Min. OR Until Tender, Stirring After 2 Min. Cool
  Mixture Completely.
   Position Knife in Food Processor. Add Apple Mixture. Process Until Smooth.
  Place Mixture in A Bowl &amp; Set Aside. Place Cottage Cheese in Processor &amp;
  Process Until Smooth. Add Cream Cheese &amp; Cinnamon; Process Until Smooth.
  Add Apple Mixture &amp; Process Until Smooth. Place Mixture in A Bowl &amp; Stir in
  Almonds. Cover &amp; Chill. Serve Spread With Toasted Raisin Bread OR Apple
  Slices. (Fat 0.7, Cho. 0)
 
</step></directions></recipe></recipeml>
