<?xml version="1.0" encoding="UTF-8"?>

<recipeml version="0.5">
  <recipe>
    <head>
      <title>Apple Pie - Streusel</title>
      <categories>
        <cat>Pies</cat>
        <cat>Apples</cat>
        <cat>Desserts</cat></categories>
      <yield>1</yield></head>
    <ingredients>
      <ing-div>
        <title/>
        <ing>
          <amt>
            <qty>1</qty>
            <unit/></amt>
          <item>Egg</item></ing>
        <ing>
          <amt>
            <qty>1</qty>
            <unit>cup</unit></amt>
          <item>Sour cream, room temp</item></ing>
        <ing>
          <amt>
            <qty>3/4</qty>
            <unit>cups</unit></amt>
          <item>Sugar</item></ing>
        <ing>
          <amt>
            <qty>2</qty>
            <unit>tablespoons</unit></amt>
          <item>Flour</item></ing>
        <ing>
          <amt>
            <qty>1/2</qty>
            <unit>teaspoons</unit></amt>
          <item>Vanilla</item></ing>
        <ing>
          <amt>
            <qty/>
            <unit>dashes</unit></amt>
          <item>Salt</item></ing>
        <ing>
          <amt>
            <qty>2 1/4</qty>
            <unit>cups</unit></amt>
          <item>Cooking apples, finely chpd, peeled (2-3 apples)</item></ing>
        <ing>
          <amt>
            <qty>1/4</qty>
            <unit>teaspoons</unit></amt>
          <item>Grated lemon peel</item></ing>
        <ing>
          <amt>
            <qty>1</qty>
            <unit/></amt>
          <item>9" single-crust pie shell, unbaked</item></ing></ing-div>
      <ing-div>
        <title>STREUSEL TOPPING</title>
        <ing>
          <amt>
            <qty>1/2</qty>
            <unit>cups</unit></amt>
          <item>Sugar</item></ing>
        <ing>
          <amt>
            <qty>1/3</qty>
            <unit>cups</unit></amt>
          <item>Flour</item></ing>
        <ing>
          <amt>
            <qty>3/4</qty>
            <unit>teaspoons</unit></amt>
          <item>Cinnamon</item></ing>
        <ing>
          <amt>
            <qty>1/4</qty>
            <unit>cups</unit></amt>
          <item>Butter</item></ing>
        <ing>
          <amt>
            <qty>Prep:</qty>
            <unit>20</unit></amt>
          <item>mins  Cook: 50-55 mins In lg bowl beat egg, stir in sour cream,</item></ing></ing-div></ingredients>
    <directions>
      <step>  sugar, flour, vanilla, and salt to blend thoroughly. Fold in apples and
  lemon peel, pour into pie shell. Bake 450, 10 mins. Reduce heat to 350,
  bake 25-30 mins until crust is golden brown. Sprinkle Streusel Topping
  evenly over pie. Bake 15 mins longer. Remove to rack to cool slightly.
  Serve immediately or cover and refrigerate. STREUSEL TOPPING; In sm bowl
  mix sugar, flour, cinnamon. With pastry blender or 2 knives, cut in butter
  to make a crumble mixture.
  
  From Gemini's MASSIVE MealMaster collection at www.synapse.com/~gemini
 
</step></directions></recipe></recipeml>
