<?xml version="1.0" encoding="UTF-8"?>

<recipeml version="0.5">
  <recipe>
    <head>
      <title>Apple Peach Apricot Chutney</title>
      <categories>
        <cat>Pakistani</cat></categories>
      <yield>1</yield></head>
    <ingredients>
      <ing>
        <amt>
          <qty>5</qty>
          <unit>medium</unit></amt>
        <item>Green apples, cored, peeled, chopped</item></ing>
      <ing>
        <amt>
          <qty>1</qty>
          <unit>cup</unit></amt>
        <item>Dried peaches</item></ing>
      <ing>
        <amt>
          <qty>1</qty>
          <unit>cup</unit></amt>
        <item>Dried apricots</item></ing>
      <ing>
        <amt>
          <qty>1/2</qty>
          <unit>cups</unit></amt>
        <item>Golden raisins</item></ing>
      <ing>
        <amt>
          <qty>4</qty>
          <unit/></amt>
        <item>Cloves garlic, minced</item></ing>
      <ing>
        <amt>
          <qty>2</qty>
          <unit>cups</unit></amt>
        <item>Wine vinegar</item></ing>
      <ing>
        <amt>
          <qty>2 1/2</qty>
          <unit>cups</unit></amt>
        <item>Sugar</item></ing>
      <ing>
        <amt>
          <qty>1 1/2</qty>
          <unit>teaspoons</unit></amt>
        <item>Salt</item></ing>
      <ing>
        <amt>
          <qty>1/2</qty>
          <unit>teaspoons</unit></amt>
        <item>Red chili pepper, ground</item></ing></ingredients>
    <directions>
      <step>  Combine all ingredients in sauce pan and bring to boil. Reduce heat and
  simmer for 30 minutes.
  
  Place in food processer and lightly process so that there are chunks about
      1/2    inch in size.
  
  Place in glass container and let stand in refrigerator for at least 2 days.
  
  Recipe by: Jasmine's Kitchen - Karachi Posted to CHILE-HEADS DIGEST V3 #349
  by wight@odc.net on Jun 8, 1997
 
</step></directions></recipe></recipeml>
