<?xml version="1.0" encoding="UTF-8"?>

<recipeml version="0.5">
  <recipe>
    <head>
      <title>Apple Phyllo Kisses</title>
      <categories>
        <cat>Pies</cat>
        <cat>Apples</cat>
        <cat>Desserts</cat></categories>
      <yield>1</yield></head>
    <ingredients>
      <ing-div>
        <title/>
        <ing>
          <amt>
            <qty>1</qty>
            <unit>cup</unit></amt>
          <item>Finely chopped cookg apples</item></ing>
        <ing>
          <amt>
            <qty>1</qty>
            <unit>teaspoon</unit></amt>
          <item>Lemon juice</item></ing>
        <ing>
          <amt>
            <qty>1/4</qty>
            <unit>cups</unit></amt>
          <item>Grated cheddar cheese</item></ing>
        <ing>
          <amt>
            <qty>1</qty>
            <unit>tablespoon</unit></amt>
          <item>Minced fresh chives</item></ing>
        <ing>
          <amt>
            <qty>4</qty>
            <unit/></amt>
          <item>Phyllo dough sheets</item></ing>
        <ing>
          <amt>
            <qty>1 1/2</qty>
            <unit>tablespoons</unit></amt>
          <item>Melted butter</item></ing></ing-div>
      <ing-div>
        <title>06/07 05:03 PM DON FIFIELD</title></ing-div></ingredients>
    <directions>
      <step>  In a small bowl, combine apples, lemon juice, cheddar cheese, and chives.
  Set aside. Preheat oven to 375' F. Cut each sheet of phyllo in half
  lengthwise and into fourths crosswise, forming 32 6 x 4-inch squares. Lay 1
  square of phyllo on a sheet of waxed paper. Brush lightly with melted
  butter.  Repeat with 2 more squares of phyllo. Place 2 tablespoons of
  filling in center. Bring up opposite corners of square and pinch to form a
  "kiss".  Repeat with remaining phyllo. (You should have 8 filled pastries)
  Transfer to lightly buttered baking sheet. Bake for 15 to 20 minutes, or
  until golden brown. Serve warm.
         FOOD AND WINE BB TOPIC: FOOD SOFTWARE TIME: 06/07 5:27 PM
  
  TO:      DON FIFIELD   (XKGR41A) FROM: DON FIFIELD (XKGR41A) SUBJECT: R-MM
  APPLES-PIES
  
  From Gemini's MASSIVE MealMaster collection at www.synapse.com/~gemini
 
</step></directions></recipe></recipeml>
