<?xml version="1.0" encoding="UTF-8"?>

<recipeml version="0.5">
  <recipe>
    <head>
      <title>Apple Pancakes #1</title>
      <categories>
        <cat>Bread</cat></categories>
      <yield>2</yield></head>
    <ingredients>
      <ing>
        <amt>
          <qty/>
          <unit/></amt>
        <item>Maple-apple syrup (see recipe)</item></ing>
      <ing>
        <amt>
          <qty>1</qty>
          <unit/></amt>
        <item>Egg</item></ing>
      <ing>
        <amt>
          <qty>1/2</qty>
          <unit>cups</unit></amt>
        <item>Sour cream; sour half and half or nonfat sour cream</item></ing>
      <ing>
        <amt>
          <qty>3/4</qty>
          <unit>cups</unit></amt>
        <item>Flour</item></ing>
      <ing>
        <amt>
          <qty>1/2</qty>
          <unit>teaspoons</unit></amt>
        <item>Baking powder</item></ing>
      <ing>
        <amt>
          <qty>1/4</qty>
          <unit>teaspoons</unit></amt>
        <item>Baking soda</item></ing>
      <ing>
        <amt>
          <qty>1/8</qty>
          <unit>teaspoons</unit></amt>
        <item>Salt</item></ing>
      <ing>
        <amt>
          <qty>1/4</qty>
          <unit>teaspoons</unit></amt>
        <item>Ground cinnamon</item></ing>
      <ing>
        <amt>
          <qty>1</qty>
          <unit>tablespoon</unit></amt>
        <item>Sugar</item></ing>
      <ing>
        <amt>
          <qty>1</qty>
          <unit>medium</unit></amt>
        <item>Tart apple; peeled and grated (up to)</item></ing>
      <ing>
        <amt>
          <qty>3</qty>
          <unit>tablespoons</unit></amt>
        <item>Apple juice</item></ing>
      <ing>
        <amt>
          <qty>2</qty>
          <unit>tablespoons</unit></amt>
        <item>Oil</item></ing>
      <ing>
        <amt>
          <qty/>
          <unit/></amt>
        <item>Applesauce or sour cream; optional</item></ing></ingredients>
    <directions>
      <step>   Prepare maple-apple syrup (see recipe).  While it simmers, prepare
  pancakes. Beat together egg and sour cream in medium bowl. Set aside.
  
   Stir together flour, baking powder, baking soda, salt, cinnamon and sugar
  in separate medium bowl. Add to sour cream mixture.  Add grated apple and
  stir to blend. Add apple juice, a tablespoon at a time, to achieve pancake
  batter consistency.
  
   Heat 1 tablespoon oil in large skillet. Drop in half the batter by 1/4-cup
  measure. Cook pancakes over medium-high heat until medium brown on
  underside. Flip over and cook second side, 3 to 4 minutes per side. Repeat
  with remaining oil and batter. Serve with Maple-Apple Syrup and applesauce.
  Makes 6 to 8 pancakes or 2 generous servings.
  
  WASHINGTON TIMES FOOD SECTION
  
  JANUARY 17, 1996
  
  Downloaded from Glen's MM Recipe Archive, http://www.erols.com/hosey.
 
</step></directions></recipe></recipeml>
