<?xml version="1.0" encoding="UTF-8"?>

<recipeml version="0.5">
  <recipe>
    <head>
      <title>Apple Oat Pancakes</title>
      <categories>
        <cat>None</cat></categories>
      <yield>5</yield></head>
    <ingredients>
      <ing>
        <amt>
          <qty>1/2</qty>
          <unit>cups</unit></amt>
        <item>Quick-cooking rolled oats</item></ing>
      <ing>
        <amt>
          <qty>1/2</qty>
          <unit>cups</unit></amt>
        <item>Apple -- * * shredded</item></ing>
      <ing>
        <amt>
          <qty>2</qty>
          <unit>cups</unit></amt>
        <item>Water</item></ing>
      <ing>
        <amt>
          <qty>2</qty>
          <unit>tablespoons</unit></amt>
        <item>Sugar</item></ing>
      <ing>
        <amt>
          <qty>2</qty>
          <unit>cups</unit></amt>
        <item>Pancake mix, complete -- *</item></ing>
      <ing>
        <amt>
          <qty>1/2</qty>
          <unit>teaspoons</unit></amt>
        <item>Cinnamon</item></ing></ingredients>
    <directions>
      <step>  Recipe by: Pillsbury Fast and Healthy - Sept/Oct, 1993 Preparation Time:
  0:30 In medium bowl, combine rolled oats and water; let stand 5 minutes.
  Meanwhile, heat large nonstick skillet or griddle tomedium high heat
  (375F).  Grease lightly with oil. Add remaining ingredients to rolled oats
  mixture; stir just until all ingredients are moistened. (Batter will be
  thin). For each pancake, pour 1/4 cup batter into hot skillet. Cook 1 to 1
  1/2 minutes, turning when edges look cookied and bubbles begin to break on
  surface.  Continue to cook 1 to 1 1/2 minutes or until golden brown. Serve
  with syrup, if desired. 15 (4-inch) pancakes; 5 servings Note: use low-fat
  Bisquick if you prefer.
  
  Recipe By     :
  
  From: Ladies Home Journal- August 1991
  
  File ftp://ftp.idiscover.co.uk/pub/food/mealmaster/recipes/mmdja006.zip
 
</step></directions></recipe></recipeml>
