<?xml version="1.0" encoding="UTF-8"?>

<recipeml version="0.5">
  <recipe>
    <head>
      <title>Apple Pecan Fruit Dip (Motts)</title>
      <categories>
        <cat>Appetizers</cat>
        <cat>Brandname</cat></categories>
      <yield>20</yield></head>
    <ingredients>
      <ing>
        <amt>
          <qty>6</qty>
          <unit>ounces</unit></amt>
        <item>Cream cheese; softened</item></ing>
      <ing>
        <amt>
          <qty>2</qty>
          <unit>tablespoons</unit></amt>
        <item>Brown sugar; or half as much to taste</item></ing>
      <ing>
        <amt>
          <qty>1/2</qty>
          <unit>cups</unit></amt>
        <item>Cinnamon apple sauce</item></ing>
      <ing>
        <amt>
          <qty>1/8</qty>
          <unit>teaspoons</unit></amt>
        <item>Ginger</item></ing>
      <ing>
        <amt>
          <qty>1/4</qty>
          <unit>cups</unit></amt>
        <item>Chopped pecans</item></ing></ingredients>
    <directions>
      <step>  In small bowl, beat cream cheese until smooth. Add remaining ingredients
  except pecans.
  
  Stir in pecans. Cover; refrigerate 1 to 2 hours to blend flavors. Serve
  with fresh fruit.
  
  Yields 1 1/4 cups.
  
  NOTES : Pantry: Mott's Cinnamon Apple Sauce. Use the microwave oven to
  soften the cream cheese in seconds.
  
  1998-Apr Hanneman/Buster
  
  Recipe by: Motts Applesauce www.motts.com
  
  Posted to MC-Recipe Digest by KitPATh &lt;phannema@wizard.ucr.edu&gt; on Apr 18,
  1998
 
</step></directions></recipe></recipeml>
