<?xml version="1.0" encoding="UTF-8"?>

<recipeml version="0.5">
  <recipe>
    <head>
      <title>Apple Pie (Dehy Apple Pie Filling)</title>
      <categories>
        <cat/></categories>
      <yield>100</yield></head>
    <ingredients>
      <ing>
        <amt>
          <qty>3 3/4</qty>
          <unit>cups</unit></amt>
        <item>WATER; COLD </item></ing>
      <ing>
        <amt>
          <qty>6</qty>
          <unit>pounds</unit></amt>
        <item>FLOUR GEN PURPOSE 10LB</item></ing>
      <ing>
        <amt>
          <qty>3 9/16</qty>
          <unit>pounds</unit></amt>
        <item>SHORTENING; 3LB</item></ing>
      <ing>
        <amt>
          <qty>3</qty>
          <unit>ounces</unit></amt>
        <item>SALT TABLE 5LB</item></ing></ingredients>
    <directions>
      <step>  PAN:  9-INCH PIE PAN                          TEMPERATURE:  425 F. OVEN
  :
  
  1.  SEE RECIPE NOS. IG002 AND I00100.
  
  2.  USE CANNED DEHYDRATED APPLE PIE FILLING MIX.  REHYDRATE ACCORDING
  TO INSTRUCTIONS ON CONTAINER.
  
  3.  POUR 3 1/2 CUPS FILLING INTO EACH UNBAKED PIE SHELL. COVER WITH TOP
  CRUST.  SEAL EDGES.
  
  4.  BAKE 30-35 MINUTES OR UNTIL LIGHTLY BROWNED.
  
  5.  CUT 8 WEDGES PER PIE.
  
  Recipe Number: I00903
  
  SERVING SIZE: 1/8 PIE
  
  From the &lt;Army Master Recipe Index File&gt; (actually used today!).
  Downloaded from Glen's MM Recipe Archive, http://www.erols.com/hosey.
 
</step></directions></recipe></recipeml>
