<?xml version="1.0" encoding="UTF-8"?>

<recipeml version="0.5">
  <recipe>
    <head>
      <title>Apple Parfait Pie</title>
      <categories>
        <cat>Apples</cat>
        <cat>Bobbie - no</cat>
        <cat>Desserts</cat>
        <cat>Gelatin</cat>
        <cat>Pies &amp; tart</cat></categories>
      <yield>6</yield></head>
    <ingredients>
      <ing>
        <amt>
          <qty>9</qty>
          <unit>ounces</unit></amt>
        <item>Pie crust mix; or homemade 1 crust</item></ing>
      <ing>
        <amt>
          <qty>3</qty>
          <unit>ounces</unit></amt>
        <item>Apple gelatin</item></ing>
      <ing>
        <amt>
          <qty>1 1/4</qty>
          <unit>cups</unit></amt>
        <item>Hot water</item></ing>
      <ing>
        <amt>
          <qty>1</qty>
          <unit>pint</unit></amt>
        <item>Vanilla ice cream</item></ing>
      <ing>
        <amt>
          <qty>2 1/2</qty>
          <unit>cups</unit></amt>
        <item>Canned apple slices</item></ing>
      <ing>
        <amt>
          <qty>1</qty>
          <unit>cup</unit></amt>
        <item>Light brown sugar</item></ing>
      <ing>
        <amt>
          <qty>1/2</qty>
          <unit>teaspoons</unit></amt>
        <item>Cinnamon</item></ing>
      <ing>
        <amt>
          <qty>1/4</qty>
          <unit>teaspoons</unit></amt>
        <item>Nutmeg</item></ing>
      <ing>
        <amt>
          <qty>1</qty>
          <unit>tablespoon</unit></amt>
        <item>Lemon juice</item></ing></ingredients>
    <directions>
      <step>  Start over at 425 F. Make pastry according to directions. Roll out 2/3 of
  mix on lightly floured board to 12" circle. Fit into bottom of 9 ich pie
  plate. Trim to 1 inch from edge. Trun under nad flute edge. Prick pie shell
  with fork. Save remaining dough for making tart later. Bake 12-15 minute
  until golden brown. Cool. Add gelatin to hot water and stir until
  dissolved. Spoon ice cream into gelatin, stirring until completely melted.
  Chill until mixture has consistency of unbeaten egg whites. Meanwhile drain
  apples well. Mix apples, sugar, cinnamon, nutmeg and lemon juce. Cook over
  Low heat, stirring occasionally, until apples are slightly transparent.
  Drain syrup from apples. Cool apples. Gently stir apples into gelatin;
  spoon into pastry shell. Chill until firm. Garnish with whipped cream Makes
  6 servings. MC formatting by bobbi744@sojourn.com
  
  Recipe by: 1960s Magazine article
  
  Posted to MC-Recipe Digest by Roberta Banghart &lt;bobbi744@sojourn.com&gt; on
  Mar 25, 1998
 
</step></directions></recipe></recipeml>
