<?xml version="1.0" encoding="UTF-8"?>

<recipeml version="0.5">
  <recipe>
    <head>
      <title>Apple Pear Cake</title>
      <categories>
        <cat>Cyberealm</cat>
        <cat>Mom's best</cat>
        <cat>Low-cal</cat></categories>
      <yield>12</yield></head>
    <ingredients>
      <ing>
        <amt>
          <qty>1/4</qty>
          <unit>cups</unit></amt>
        <item>Margarine</item></ing>
      <ing>
        <amt>
          <qty>3/4</qty>
          <unit>cups</unit></amt>
        <item>Packed light brown sugar</item></ing>
      <ing>
        <amt>
          <qty>1</qty>
          <unit/></amt>
        <item>Egg</item></ing>
      <ing>
        <amt>
          <qty>1 1/2</qty>
          <unit>teaspoons</unit></amt>
        <item>Vanilla</item></ing>
      <ing>
        <amt>
          <qty>2 1/4</qty>
          <unit>cups</unit></amt>
        <item>Flour</item></ing>
      <ing>
        <amt>
          <qty>1 1/2</qty>
          <unit>teaspoons</unit></amt>
        <item>Baking powder</item></ing>
      <ing>
        <amt>
          <qty>1/2</qty>
          <unit>teaspoons</unit></amt>
        <item>Baking soda</item></ing>
      <ing>
        <amt>
          <qty>1/2</qty>
          <unit>teaspoons</unit></amt>
        <item>Salt</item></ing>
      <ing>
        <amt>
          <qty>2</qty>
          <unit>teaspoons</unit></amt>
        <item>Ground cinnamon</item></ing>
      <ing>
        <amt>
          <qty>1</qty>
          <unit>teaspoon</unit></amt>
        <item>Ground nutmeg</item></ing>
      <ing>
        <amt>
          <qty>2</qty>
          <unit>small</unit></amt>
        <item>Apples, chopped</item></ing>
      <ing>
        <amt>
          <qty>3/4</qty>
          <unit>ounces</unit></amt>
        <item>Dried pears</item></ing>
      <ing>
        <amt>
          <qty>3/4</qty>
          <unit>cups</unit></amt>
        <item>Lowfat buttermilk *</item></ing>
      <ing>
        <amt>
          <qty>1</qty>
          <unit>tablespoon</unit></amt>
        <item>Confectioners sugar</item></ing></ingredients>
    <directions>
      <step>  * Or you can use 3/4 cup regular milk and 1 T vinegar to make sour
  milk.
  
  ======================================================================
  =
  
  1. Preheat the oven to 375F. Spray a 9 1/2 inch tube pan with nonstick
  spray.
  
  2. In a large bowl, cream the margarine with the brown sugar. Beat in
  the egg and vanilla.
  
  3. In a medium bowl, combine the flour, baking powder, baking soda
  and salt. Stir to blend. Stir in the cinnamon and nutmeg.
  
  4. Finely chop the apples, and mince the dried pears.
  
  5. Alternately add the flour mixture and the milk to the butter-sugar
  mixture in three additions, beating just until the flour is no longer
  visible. Stir in the apples and pears.
  
  6. Scrape the batter into the tube pan and bake for 40 min., or until
  golden brown and tests clean.
  
  7. Cool in the pan on a rack for 10 minutes, then unmold the cake and
  cool completely. Dust cake with confectioners sugar just before
  serving.
  
  Serving size: one 2 1/4 inch wedge.
  
  Per serving: each provides 1 fat, 1 bread, 1/4 fruit, 60 optional
  cals. Calories per serving: 207
  
  Note: If you don't have any dried pears, you can substitute raisins
  are just as good!
  
  Source: Weight Watchers Smart Choice Recipe Collection 1993
  Typed for you by: Linda Fields Cyberealm BBS Watertown, NY 1993
  315-786-1120
  
  Source: Weight Watchers
  
  File ftp://ftp.idiscover.co.uk/pub/food/mealmaster/recipes/mmcyber3.zip
 
</step></directions></recipe></recipeml>
