<?xml version="1.0" encoding="UTF-8"?>

<recipeml version="0.5">
  <recipe>
    <head>
      <title>Apple or Cherry Doughnuts</title>
      <categories>
        <cat>Cakes</cat></categories>
      <yield>15</yield></head>
    <ingredients>
      <ing>
        <amt>
          <qty>3</qty>
          <unit>ounces</unit></amt>
        <item>Butter</item></ing>
      <ing>
        <amt>
          <qty>2</qty>
          <unit>ounces</unit></amt>
        <item>Sugar</item></ing>
      <ing>
        <amt>
          <qty>1</qty>
          <unit>teaspoon</unit></amt>
        <item>Vanilla</item></ing>
      <ing>
        <amt>
          <qty>1/2</qty>
          <unit>tablespoons</unit></amt>
        <item>Cinnamon</item></ing>
      <ing>
        <amt>
          <qty>2</qty>
          <unit/></amt>
        <item>Eggyolks</item></ing>
      <ing>
        <amt>
          <qty>9</qty>
          <unit>ounces</unit></amt>
        <item>Flour</item></ing>
      <ing>
        <amt>
          <qty>1/2</qty>
          <unit>cups</unit></amt>
        <item>Milk</item></ing>
      <ing>
        <amt>
          <qty>2</qty>
          <unit>teaspoons</unit></amt>
        <item>Baking Powder</item></ing>
      <ing>
        <amt>
          <qty>2</qty>
          <unit>tablespoons</unit></amt>
        <item>Cherry Brandy</item></ing>
      <ing>
        <amt>
          <qty>2</qty>
          <unit/></amt>
        <item>Egg Whites</item></ing>
      <ing>
        <amt>
          <qty>9</qty>
          <unit>ounces</unit></amt>
        <item>Sour Cherries or</item></ing>
      <ing>
        <amt>
          <qty>9</qty>
          <unit>ounces</unit></amt>
        <item>Apple Slices</item></ing></ingredients>
    <directions>
      <step>  1.Cream butter, sugar, vanilla, cinnamon and egg yolks
  until creamy. 2.Mix bakingpowder under flour and mix,
  alternating with the milk and the brandy under the
  butter mix. 3.Beat the egg whites until stiff and fold
  into dough mix. 4.Add the drained cherries or apple
  slices to all. 5.Heat oil in deep fryer and put
  tablespoons full of the dough into the very hot oil
  and bake until they are golden brown. 6.Drain on
  papertowl and sprinkle with sugar. Translated by
  Brigitte Sealing Cyberealm BBS Watertown NY
  315-786-1120
  
  From Gemini's MASSIVE MealMaster collection at www.synapse.com/~gemini
 
</step></directions></recipe></recipeml>
