<?xml version="1.0" encoding="UTF-8"?>

<recipeml version="0.5">
  <recipe>
    <head>
      <title>Apple Oatmeal Crisp</title>
      <categories>
        <cat>Dessert</cat></categories>
      <yield>8</yield></head>
    <ingredients>
      <ing>
        <amt>
          <qty>6</qty>
          <unit/></amt>
        <item>Firm apples; peeled, cored, and cut in 1/4 inch slices</item></ing>
      <ing>
        <amt>
          <qty>1</qty>
          <unit/></amt>
        <item>Lemon; juice of, strained</item></ing>
      <ing>
        <amt>
          <qty>1</qty>
          <unit/></amt>
        <item>Lemon; rind of, grated</item></ing>
      <ing>
        <amt>
          <qty>1/3</qty>
          <unit>cups</unit></amt>
        <item>Water; apple juice, brandy or Calvados (sometimes i use orange juice and it's great too)</item></ing>
      <ing>
        <amt>
          <qty>3/4</qty>
          <unit>cups</unit></amt>
        <item>Light brown sugar</item></ing>
      <ing>
        <amt>
          <qty>1/2</qty>
          <unit>cups</unit></amt>
        <item>Unsalted butter</item></ing>
      <ing>
        <amt>
          <qty>3/4</qty>
          <unit>cups</unit></amt>
        <item>Flour</item></ing>
      <ing>
        <amt>
          <qty>1/2</qty>
          <unit>cups</unit></amt>
        <item>Regular oats</item></ing>
      <ing>
        <amt>
          <qty>1</qty>
          <unit>teaspoon</unit></amt>
        <item>Cinnamon</item></ing>
      <ing>
        <amt>
          <qty>1/2</qty>
          <unit>teaspoons</unit></amt>
        <item>Ginger</item></ing>
      <ing>
        <amt>
          <qty>1/4</qty>
          <unit>teaspoons</unit></amt>
        <item>Nutmeg</item></ing>
      <ing>
        <amt>
          <qty>Date:</qty>
          <unit/></amt>
        <item>Wed, 19 Jun 1996 15:03:45 -0300</item></ing>
      <ing>
        <amt>
          <qty>From:</qty>
          <unit/></amt>
        <item>Karina Kuschnir &lt;karinak@AX.APC.ORG&gt;</item></ing></ingredients>
    <directions>
      <step>  We are talking about favorite recipes... so I decided to post one of our
  favorites. This algo goes for someone (I don't remember who) who asked for
  a r-e-a-l-l-y crunchy topping for a fruit pie posted some days ago. This
  came from my favorite cookbook "Cafe Beaujolais", by Margaret Fox and John
  Bear, Ten Speed Press. BTW, wouldn't you be interested in sharing the names
  of your favorite cookbooks?
  
  Mix together apples, lemon juice, lemon rind, and water (or the other
  liquid you chose). Place in a buttered 9-inch round cake pan. Using an
  eletric mixer at slow speed, blend sugar, butter, flour, oats, cinnamon,
  ginger and nutmeg, until crumbly. Scatter evenly on top of apples. Bake at
  350 degrees for 1 hour. Serve warm. Optional toppings: vanilla ice-cream,
  whipped cream or Vanilla custard sauce.
  
  EAT-L DIGEST 18 JUNE 1996
  
  From the EAT-L recipe list.  Downloaded from Glen's MM Recipe Archive,
  http://www.erols.com/hosey.
 
</step></directions></recipe></recipeml>
