<?xml version="1.0" encoding="UTF-8"?>

<recipeml version="0.5">
  <recipe>
    <head>
      <title>Apple Pie #2</title>
      <categories>
        <cat>Pie</cat></categories>
      <yield>12</yield></head>
    <ingredients>
      <ing>
        <amt>
          <qty>2</qty>
          <unit/></amt>
        <item>Frozen Pet Ritz pie crusts</item></ing>
      <ing>
        <amt>
          <qty>5</qty>
          <unit/></amt>
        <item>Or</item></ing>
      <ing>
        <amt>
          <qty>6</qty>
          <unit>large</unit></amt>
        <item>Green apples</item></ing>
      <ing>
        <amt>
          <qty>3/4</qty>
          <unit>cups</unit></amt>
        <item>Sugar</item></ing>
      <ing>
        <amt>
          <qty>2</qty>
          <unit>tablespoons</unit></amt>
        <item>Flour</item></ing>
      <ing>
        <amt>
          <qty>1/8</qty>
          <unit>teaspoons</unit></amt>
        <item>Salt</item></ing>
      <ing>
        <amt>
          <qty>1</qty>
          <unit>teaspoon</unit></amt>
        <item>Cinnamon</item></ing>
      <ing>
        <amt>
          <qty>2</qty>
          <unit>tablespoons</unit></amt>
        <item>Butter; or more</item></ing></ingredients>
    <directions>
      <step>  Pare, core and slice apples. Line large pan with one pie crust. Put apples
  in pan. Mix sugar, flour, salt and cinnamon. Sprinkle over each layer of
  apples. Dot with butter. Cover with remaining crust; press edges together
  and slash top. Bake at 450 degrees for 10 minutes or until edges are brown.
  Reduce heat to 350 and bake about 30 minutes longer. VARIATION: Substitute
  peaches for apples.
  
  From a collection of my mother's (Judy Hosey) recipe box which contained
  lots of her favorite recipes, clippings, etc.  Downloaded from Glen's MM
  Recipe Archive, http://www.erols.com/hosey.
 
</step></directions></recipe></recipeml>
