<?xml version="1.0" encoding="UTF-8"?>

<recipeml version="0.5">
  <recipe>
    <head>
      <title>Apple Pancakes with Cider Sauce</title>
      <categories>
        <cat>Breakfast</cat></categories>
      <yield>13</yield></head>
    <ingredients>
      <ing-div>
        <title/>
        <ing>
          <amt>
            <qty>2</qty>
            <unit>cups</unit></amt>
          <item>Biscuit mix</item></ing>
        <ing>
          <amt>
            <qty>1/2</qty>
            <unit>teaspoons</unit></amt>
          <item>Cinnamon, ground</item></ing>
        <ing>
          <amt>
            <qty>1</qty>
            <unit/></amt>
          <item>Egg; beaten</item></ing>
        <ing>
          <amt>
            <qty>1 1/3</qty>
            <unit>cups</unit></amt>
          <item>Milk</item></ing>
        <ing>
          <amt>
            <qty>1</qty>
            <unit>medium</unit></amt>
          <item>Apple; shredded</item></ing></ing-div>
      <ing-div>
        <title>CIDER SAUCE</title>
        <ing>
          <amt>
            <qty>1/2</qty>
            <unit>cups</unit></amt>
          <item>Sugar</item></ing>
        <ing>
          <amt>
            <qty>1</qty>
            <unit>tablespoon</unit></amt>
          <item>Cornstarch</item></ing>
        <ing>
          <amt>
            <qty>1/8</qty>
            <unit>teaspoons</unit></amt>
          <item>Cinnamon, ground</item></ing>
        <ing>
          <amt>
            <qty>1/8</qty>
            <unit>teaspoons</unit></amt>
          <item>Nutmeg, ground</item></ing>
        <ing>
          <amt>
            <qty>1</qty>
            <unit>cup</unit></amt>
          <item>Apple cider</item></ing>
        <ing>
          <amt>
            <qty>1</qty>
            <unit>tablespoon</unit></amt>
          <item>Lemon juice</item></ing>
        <ing>
          <amt>
            <qty>2</qty>
            <unit>tablespoons</unit></amt>
          <item>Butter or margarine</item></ing></ing-div></ingredients>
    <directions>
      <step>  Combine biscuit mix and cinnamon in a bowl. Combine egg and milk; stire
  into dry ingredients until smooth. Stir in shredded apple.
  
  For each pancake, spoon about 1/4 cup batter onto a hot lightly greased
  griddle. Turn pancakes when tops are covered with bubbles and edges are
  brown.
  
  Serve with Cider Sauce. Makes about 13 4-inch pancakes (about half that if
  you make 'em big like I do).
  
  Sauce:  Combine first 4 ingredients in a heavy saucepan. Gradually add
  apple cider and lemon juice. Cook over medium heat, stirring constantly,
  until mixture boils. Cook 1 minute, stirring constantly. Remove from heat,
  stir in butter or margarine. Makes 1 1/4 cups. Submitted By LISE WARING
  &lt;HOBBIT@MAIL.UTEXAS.EDU&gt;  On   TUE, 19 DEC 1995 093841 GMT
  
  From Gemini's MASSIVE MealMaster collection at www.synapse.com/~gemini
 
</step></directions></recipe></recipeml>
