<?xml version="1.0" encoding="UTF-8"?>

<recipeml version="0.5">
  <recipe>
    <head>
      <title>Apple Pie (Dehydrated Apples)</title>
      <categories>
        <cat/></categories>
      <yield>100</yield></head>
    <ingredients>
      <ing>
        <amt>
          <qty>3</qty>
          <unit>cups</unit></amt>
        <item>WATER</item></ing>
      <ing>
        <amt>
          <qty>2 1/4</qty>
          <unit>gallons</unit></amt>
        <item>WATER</item></ing>
      <ing>
        <amt>
          <qty>3 3/4</qty>
          <unit>cups</unit></amt>
        <item>WATER; COLD</item></ing>
      <ing>
        <amt>
          <qty>1 1/8</qty>
          <unit>cups</unit></amt>
        <item>BUTTER PRINT SURE</item></ing>
      <ing>
        <amt>
          <qty>15 1/4</qty>
          <unit>pounds</unit></amt>
        <item>APPLE SLICED #10</item></ing>
      <ing>
        <amt>
          <qty>4 2/3</qty>
          <unit>tablespoons</unit></amt>
        <item>LEMON FRESH</item></ing>
      <ing>
        <amt>
          <qty>1 1/3</qty>
          <unit>cups</unit></amt>
        <item>STARCH EDIBLE CORN</item></ing>
      <ing>
        <amt>
          <qty>6</qty>
          <unit>pounds</unit></amt>
        <item>FLOUR GEN PURPOSE 10LB</item></ing>
      <ing>
        <amt>
          <qty>3</qty>
          <unit>pounds</unit></amt>
        <item>SUGAR; GRANULATED 10 LB</item></ing>
      <ing>
        <amt>
          <qty>3 9/16</qty>
          <unit>pounds</unit></amt>
        <item>SHORTENING; 3LB</item></ing>
      <ing>
        <amt>
          <qty>2</qty>
          <unit>tablespoons</unit></amt>
        <item>NUTMEG GROUND</item></ing>
      <ing>
        <amt>
          <qty>2</qty>
          <unit>tablespoons</unit></amt>
        <item>CINNAMON GROUND 1 LB CN</item></ing>
      <ing>
        <amt>
          <qty>2 1/4</qty>
          <unit>teaspoons</unit></amt>
        <item>SALT TABLE 5LB</item></ing>
      <ing>
        <amt>
          <qty>3</qty>
          <unit>ounces</unit></amt>
        <item>SALT TABLE 5LB</item></ing></ingredients>
    <directions>
      <step>  PAN:  9-INCH PIE PAN                              TEMPERATUE:  425 F. OVEN
  :
  
  1.  SEE RECIPE NOS. IG002 AND I00100.
  
  2.  COMBINE CANNED DEHYDRATED APPLES, WATER, GRANULATED SUGAR,
  PREGELATINIZED STARCH, SALT, GROUND NUTMEG AND GROUND CINNAMON.  BRING
  TO A BOIL; REDUCE HEAT; SIMMER 15 MINUTES OR UNTIL APPLES ARE TENDER.
  REMOVE FROM HEAT.  DO NOT DRAIN; USE UNDRAINED APPLES IN STEP 5.
  
  3.  FOLD APPLES, BUTTER OR MARGARINE, AND LEMON JUICE CAREFULLY INTO
  THICKENED MIXTURE.  ADD WATER.
  
  4.  POUR 3 1/2 CUPS FILLING INTO EACH UNBAKED PIE SHELL.
  
  5.  BAKE 30 TO 35 MINUTES OR UNTIL LIGHTLY BROWNED.
  
  6.  CUT 8 WEDGES PER PIE.
  :
  
  NOTE:  IN STEP 3, 6 OZ LEMONS A.P. (1 1/2 LEMONS) WILL YIELD 4 2/3
  TBSP JUICE.
  
  Recipe Number: I00803
  
  SERVING SIZE: 1/8 PIE
  
  From the &lt;Army Master Recipe Index File&gt; (actually used today!).
  Downloaded from Glen's MM Recipe Archive, http://www.erols.com/hosey.
 
</step></directions></recipe></recipeml>
