<?xml version="1.0" encoding="UTF-8"?>

<recipeml version="0.5">
  <recipe>
    <head>
      <title>Apple Pecan Tart</title>
      <categories>
        <cat>Desserts</cat>
        <cat>The pampere</cat></categories>
      <yield>12</yield></head>
    <ingredients>
      <ing>
        <amt>
          <qty>1</qty>
          <unit/></amt>
        <item>Sheet frozen puff pastry</item></ing>
      <ing>
        <amt>
          <qty/>
          <unit/></amt>
        <item>Shell -- thawed</item></ing>
      <ing>
        <amt>
          <qty>2</qty>
          <unit/></amt>
        <item>Granny Smith apple</item></ing>
      <ing>
        <amt>
          <qty>2</qty>
          <unit>tablespoons</unit></amt>
        <item>Apricot preserves*</item></ing>
      <ing>
        <amt>
          <qty>1/2</qty>
          <unit>cups</unit></amt>
        <item>Pecans -- chopped</item></ing>
      <ing>
        <amt>
          <qty>2</qty>
          <unit>tablespoons</unit></amt>
        <item>Brown sugar -- packed</item></ing>
      <ing>
        <amt>
          <qty>1/4</qty>
          <unit>teaspoons</unit></amt>
        <item>Cinnamon</item></ing>
      <ing>
        <amt>
          <qty/>
          <unit/></amt>
        <item>Ice cream or whipped cream</item></ing>
      <ing>
        <amt>
          <qty/>
          <unit/></amt>
        <item>Optional</item></ing></ingredients>
    <directions>
      <step>  Preheat oven to 400.  Roll dough out into a 11"x14" rectangle on Baking
  Stone with Dough and Pizza Roller.  Roll edges up to form a lip.  Prick
  pastry with Hold 'N Slice.  Brust preserves over bottom with Pastry Brush.
   Peel, core and slice apples with A pple Peeler/Corer/Slicer; cut into
  slices.  Arrange apples over pastry. Chop pecans with Food Chopper. Combine
  pecans, sugar and cinnnamon in 1-Quart Batter Bowl; sprinkle over apples.
  Bake for 25-30 minutes or until golden brown. Cut into pieces wit h Pizza
  Cutter; serve with Mini-Serving Spatula.  Serve warm with ice cream or
  decorate with whipped cream using Easy Accent Decorator.
  
  Posted to EAT-L Digest - 30 May 96
  
  Date:    Fri, 31 May 1996 17:10:17 -0400
  
  From:    "Carol T." &lt;taillon@ACCESS.MOUNTAIN.NET&gt;
  
  Recipe By     : The Pampered Chef
 
</step></directions></recipe></recipeml>
