<?xml version="1.0" encoding="UTF-8"?>

<recipeml version="0.5">
  <recipe>
    <head>
      <title>Apple Pan Dowdy</title>
      <categories>
        <cat>Desserts</cat>
        <cat>Fruits</cat></categories>
      <yield>8</yield></head>
    <ingredients>
      <ing-div>
        <title/>
        <ing>
          <amt>
            <qty>3</qty>
            <unit>cups</unit></amt>
          <item>Tart apples; sliced</item></ing>
        <ing>
          <amt>
            <qty>1/2</qty>
            <unit>cups</unit></amt>
          <item>Molasses</item></ing>
        <ing>
          <amt>
            <qty>1/4</qty>
            <unit>teaspoons</unit></amt>
          <item>Ground nutmeg</item></ing>
        <ing>
          <amt>
            <qty>1/4</qty>
            <unit>teaspoons</unit></amt>
          <item>Ground cinnamon</item></ing>
        <ing>
          <amt>
            <qty>1/8</qty>
            <unit>teaspoons</unit></amt>
          <item>Salt</item></ing></ing-div>
      <ing-div>
        <title>TOPPING</title>
        <ing>
          <amt>
            <qty>1 1/2</qty>
            <unit>cups</unit></amt>
          <item>All-purpose flour</item></ing>
        <ing>
          <amt>
            <qty>2</qty>
            <unit>teaspoons</unit></amt>
          <item>Baking powder</item></ing>
        <ing>
          <amt>
            <qty>1/2</qty>
            <unit>teaspoons</unit></amt>
          <item>Salt</item></ing>
        <ing>
          <amt>
            <qty>1/2</qty>
            <unit>cups</unit></amt>
          <item>Sugar</item></ing>
        <ing>
          <amt>
            <qty>1</qty>
            <unit>large</unit></amt>
          <item>Egg</item></ing>
        <ing>
          <amt>
            <qty>1/2</qty>
            <unit>cups</unit></amt>
          <item>Milk</item></ing>
        <ing>
          <amt>
            <qty>1/2</qty>
            <unit>cups</unit></amt>
          <item>Margarine; melted</item></ing></ing-div></ingredients>
    <directions>
      <step>  1. Pre-heat oven to 350 degrees. Grease a 1-1/2 quart casserole baking
  dish. 2. Prepare apples, using only tart ones such as Granny Smith. Place
  the apples in baking dish. Drizzle the molasses over and then sprinkle the
  spices over that. 3. Bake until apples are soft. Time varies depending on
  what kind of apples you use. Pierce with a sharp knife to test when soft,
  then pour the topping over apples and bake for 25 minutes longer or until
  top is brown and crusty. (Turn oven to 375 to bake topping.)
  
  TOPPING: Sift together the flour, baking powder, salt and sugar. Mix
  together the egg which has been well beaten, milk and melted margarine.
  Stir gently into the flour mixture. Pour over cooked apples, bake until
  crusty and browned. Serve warm with a vanilla sauce, or orange sauce.
  
  Recipe by: Jo Anne Merrill
  
  Posted to MC-Recipe Digest V1 #954 by "Susan Cass"
  &lt;susanc@columbia-center.org&gt; on Dec 12, 1997
 
</step></directions></recipe></recipeml>
