<?xml version="1.0" encoding="UTF-8"?>

<recipeml version="0.5">
  <recipe>
    <head>
      <title>Apple Pecan Crumb Pie</title>
      <categories>
        <cat>Pie</cat></categories>
      <yield>8</yield></head>
    <ingredients>
      <ing>
        <amt>
          <qty>6</qty>
          <unit>large</unit></amt>
        <item>Apples (I use Granny Smith)</item></ing>
      <ing>
        <amt>
          <qty>1</qty>
          <unit/></amt>
        <item>9" deep dish pie shell</item></ing>
      <ing>
        <amt>
          <qty>1</qty>
          <unit>cup</unit></amt>
        <item>Sugar</item></ing>
      <ing>
        <amt>
          <qty>1</qty>
          <unit>teaspoon</unit></amt>
        <item>Cinnamon</item></ing>
      <ing>
        <amt>
          <qty>3/4</qty>
          <unit>cups</unit></amt>
        <item>Flour</item></ing>
      <ing>
        <amt>
          <qty>1/2</qty>
          <unit>cups</unit></amt>
        <item>Butter or margarine</item></ing>
      <ing>
        <amt>
          <qty>1</qty>
          <unit>cup</unit></amt>
        <item>Ground pecans</item></ing></ingredients>
    <directions>
      <step>  submitted by: sgjg6566@pipeline.com (Julie, Michigan, USA)
  Pare apples; cut into slices and arrange in pie shell. Mix 1/2 cup sugar
  with cinnamon and sprinkle over apples. Sift 1/2 cup sugar with flour; cut
  in butter until crumbly. Add pecans and sprinkle over apples. Bake at 400
  degrees for 40-50 minutes.
  
  Recipe Archive - 01 July 1996
  
  From the 'RECIPEinternet: Recipes from Around the World' recipe list.
  Downloaded from Glen's MM Recipe Archive, http://www.erols.com/hosey.
 
</step></directions></recipe></recipeml>
