<?xml version="1.0" encoding="UTF-8"?>

<recipeml version="0.5">
  <recipe>
    <head>
      <title>Apple Pie (Dehydrated Apples)</title>
      <categories>
        <cat/></categories>
      <yield>100</yield></head>
    <ingredients>
      <ing>
        <amt>
          <qty>2 1/4</qty>
          <unit>gallons</unit></amt>
        <item>WATER</item></ing>
      <ing>
        <amt>
          <qty>3</qty>
          <unit>cups</unit></amt>
        <item>WATER; COLD</item></ing>
      <ing>
        <amt>
          <qty>3 3/4</qty>
          <unit>cups</unit></amt>
        <item>WATER; COLD </item></ing>
      <ing>
        <amt>
          <qty>1 1/4</qty>
          <unit>cups</unit></amt>
        <item>BUTTER PRINT SURE</item></ing>
      <ing>
        <amt>
          <qty>4 1/2</qty>
          <unit>teaspoons</unit></amt>
        <item>LEMON FRESH</item></ing>
      <ing>
        <amt>
          <qty>1 1/2</qty>
          <unit>cups</unit></amt>
        <item>STARCH EDIBLE CORN</item></ing>
      <ing>
        <amt>
          <qty>6</qty>
          <unit>pounds</unit></amt>
        <item>FLOUR GEN PURPOSE 10LB</item></ing>
      <ing>
        <amt>
          <qty>3</qty>
          <unit>pounds</unit></amt>
        <item>SUGAR; GRANULATED 10 LB</item></ing>
      <ing>
        <amt>
          <qty>3 9/16</qty>
          <unit>pounds</unit></amt>
        <item>SHORTENING; 3LB</item></ing>
      <ing>
        <amt>
          <qty>1 1/2</qty>
          <unit>teaspoons</unit></amt>
        <item>NUTMEG GROUND</item></ing>
      <ing>
        <amt>
          <qty>1 1/2</qty>
          <unit>teaspoons</unit></amt>
        <item>CINNAMON GROUND 1 LB CN</item></ing>
      <ing>
        <amt>
          <qty>2 1/4</qty>
          <unit>teaspoons</unit></amt>
        <item>SALT TABLE 5LB</item></ing>
      <ing>
        <amt>
          <qty>3</qty>
          <unit>ounces</unit></amt>
        <item>SALT TABLE 5LB</item></ing></ingredients>
    <directions>
      <step>  PAN:  9-INCH PIE PAN                         TEMPERATURE:  425 F. OVEN
  :
  
  1.  SEE RECIPE NOS. IG002 AND I00100.
  
  2.  COMBINE CANNED DEHYDRATED APPLES AND WATER.  ADD GRANULATED SUGAR,
  SALT, GROUND CINNAMON AND GROUND NUTMEG.  BRING TO A BOIL; REDUCE
  HEAT; SIMMER 15 MINUTES OR UNTIL APPLES ARE TENDER.  DO NOT DRAIN; USE
  APPLE MIXTURE IN STEP 5.
  
  3.  COMBINE CORNSTARCH AND WATER; STIR UNTIL SMOOTH.  ADD GRADUALLY TO
  BOILING MIXTURE.  COOK AT MEDIUM HEAT, STIRRING CONSTANTLY, UNTIL THICK
  AND CLEAR.  REMOVE FROM HEAT.
  
  4.  FOLD APPLES, LEMON JUICE, AND BUTTER OR MARGARINE CAREFULLY INTO
  THICKENED MIXTURE.  COOL THOROUGHLY.
  
  5.  POUR 3 1/2 CUPS FILLING INTO EACH UNBAKED PIE SHELL.
  
  6.  BAKE 30 TO 35 MINUTES OR UNTIL LIGHTLY BROWNED.
  
  7.  CUT 8 WEDGES PER PIE.
  :
  
  NOTE:  1.  IN STEP 5, 6 OZ LEMONS A.P. (2 LEMONS) WILL YIELD 4 1/2 TSP
  JUICE.
  
  Recipe Number: I00902
  
  SERVING SIZE: 1/8 PIE
  
  From the &lt;Army Master Recipe Index File&gt; (actually used today!).
  Downloaded from Glen's MM Recipe Archive, http://www.erols.com/hosey.
 
</step></directions></recipe></recipeml>
