<?xml version="1.0" encoding="UTF-8"?>

<recipeml version="0.5">
  <recipe>
    <head>
      <title>Apple Pancakes with Cinnamon Nonfat Yogurt</title>
      <categories>
        <cat>None</cat></categories>
      <yield>4</yield></head>
    <ingredients>
      <ing>
        <amt>
          <qty>1</qty>
          <unit>cup</unit></amt>
        <item>All-purpose flour</item></ing>
      <ing>
        <amt>
          <qty>4</qty>
          <unit/></amt>
        <item>Granny smith apples</item></ing>
      <ing>
        <amt>
          <qty>3</qty>
          <unit>tablespoons</unit></amt>
        <item>Nonfat egg substitute</item></ing>
      <ing>
        <amt>
          <qty/>
          <unit/></amt>
        <item>Or other tart apples</item></ing>
      <ing>
        <amt>
          <qty>1 1/2</qty>
          <unit>cups</unit></amt>
        <item>Nonfat plain yogurt</item></ing>
      <ing>
        <amt>
          <qty/>
          <unit/></amt>
        <item>Peeled/cored/sliced</item></ing>
      <ing>
        <amt>
          <qty>1/2</qty>
          <unit>teaspoons</unit></amt>
        <item>Baking powder</item></ing>
      <ing>
        <amt>
          <qty>1/4</qty>
          <unit>teaspoons</unit></amt>
        <item>Ground cinnamon</item></ing>
      <ing>
        <amt>
          <qty>3</qty>
          <unit>tablespoons</unit></amt>
        <item>Orange juice</item></ing>
      <ing>
        <amt>
          <qty/>
          <unit/></amt>
        <item>Mint leaves</item></ing>
      <ing>
        <amt>
          <qty>3</qty>
          <unit>tablespoons</unit></amt>
        <item>Maple syrup</item></ing></ingredients>
    <directions>
      <step>  Recipe by: Eat More, Weigh Less Combine the flour, egg substitute, 1 cup
  yogurt, baking powder, orange juice, and 2 tablespoons maple syrup into a
  batter. If you like thinner pancakes, add 2 to 4 tablespoons of water at
  this point. Let rest for 1/2 hour. Meanwhile, in a nonstick skillet, saute
  the sliced apples with 1 tablespoon water until the slices are tender and
  caramelized. Combine the remaining yogurt and maple syrup with the
  cinnamon. Using a nonstick omelette pan, make thin crepes by pouring 3
  tablespoons of the batter into the preheated pan and rolling it around to
  uniformly cover the surface of the pan.      Cook over medium heat about 1
  minute, flip with a spatula and cook the other side for about 10 seconds.
  Continue until all the batter has been used. For each serving, roll each of
  two crepes around 2 tablespoons of the apples.  Garnish with a dollop of
  flavored yogurt and a mint leaf. 278 calories, 1.2 grams fat per 3 (4- to
  5-inch) pancakes with filling.
  
  Recipe By     :
  
  From: Ladies Home Journal- August 1991
  
  File ftp://ftp.idiscover.co.uk/pub/food/mealmaster/recipes/mmdja006.zip
 
</step></directions></recipe></recipeml>
