<?xml version="1.0" encoding="UTF-8"?>

<recipeml version="0.5">
  <recipe>
    <head>
      <title>Apple or Plum Cake</title>
      <categories>
        <cat>Cakes</cat>
        <cat>Desserts</cat></categories>
      <yield>12</yield></head>
    <ingredients>
      <ing>
        <amt>
          <qty/>
          <unit/></amt>
        <item>Cottage cheese and oil</item></ing>
      <ing>
        <amt>
          <qty/>
          <unit/></amt>
        <item>Pastry (1)</item></ing>
      <ing>
        <amt>
          <qty/>
          <unit/></amt>
        <item>FRUIT TOPPING:</item></ing>
      <ing>
        <amt>
          <qty>2 1/4</qty>
          <unit>pounds</unit></amt>
        <item>To 3 1/4 lb (1- 1 1/2 kg)</item></ing>
      <ing>
        <amt>
          <qty/>
          <unit/></amt>
        <item>Apples or plums</item></ing>
      <ing>
        <amt>
          <qty/>
          <unit/></amt>
        <item>FOR SPRINKLING:</item></ing>
      <ing>
        <amt>
          <qty/>
          <unit/></amt>
        <item>A little sugar</item></ing></ingredients>
    <directions>
      <step>  Roll out the pastry onto a greased baking sheet. FOR THE FRUIT TOPPING:
  peel and core the apples and cut into slices or quarters (if the apples are
  very large divide into eighths). If plums are used, rub them clean and then
  stone. Distribute the fruit evenly over the pastry. lay plums with the
  insides upwards. fold a piece of greased paper a number of times and lay it
  against the pastry at the open side of the baking sheet. OVEN: pre-heat for
  5 minutes at very hot, bake at moderately hot. BAKING TIME: 15-25 min.
  
  After baking, when the cake has cooled somewhat, sprinkle with sugar.
  
  From Gemini's MASSIVE MealMaster collection at www.synapse.com/~gemini
 
</step></directions></recipe></recipeml>
