<?xml version="1.0" encoding="UTF-8"?>

<recipeml version="0.5">
  <recipe>
    <head>
      <title>Apple Pecan Dressing</title>
      <categories>
        <cat>Main dish</cat>
        <cat>Poultry</cat></categories>
      <yield>20</yield></head>
    <ingredients>
      <ing>
        <amt>
          <qty>2</qty>
          <unit>medium</unit></amt>
        <item>Onions; diced</item></ing>
      <ing>
        <amt>
          <qty>1</qty>
          <unit>large</unit></amt>
        <item>Green pepper; diced</item></ing>
      <ing>
        <amt>
          <qty>4</qty>
          <unit/></amt>
        <item>Cooking Apples; diced</item></ing>
      <ing>
        <amt>
          <qty>8</qty>
          <unit/></amt>
        <item>Garlic cloves; minced</item></ing>
      <ing>
        <amt>
          <qty>2</qty>
          <unit>tablespoons</unit></amt>
        <item>Thyme Leaves</item></ing>
      <ing>
        <amt>
          <qty>1/2</qty>
          <unit>pounds</unit></amt>
        <item>Margerine (or more)</item></ing>
      <ing>
        <amt>
          <qty/>
          <unit/></amt>
        <item>Salt &amp; Pepper</item></ing>
      <ing>
        <amt>
          <qty>1</qty>
          <unit>large</unit></amt>
        <item>Bag Seasoned stuffing mix</item></ing>
      <ing>
        <amt>
          <qty>2</qty>
          <unit>bunches</unit></amt>
        <item>Scallions; diced</item></ing>
      <ing>
        <amt>
          <qty>6</qty>
          <unit/></amt>
        <item>Celery stalks; diced</item></ing>
      <ing>
        <amt>
          <qty>2</qty>
          <unit>cups</unit></amt>
        <item>Pecan pieces</item></ing>
      <ing>
        <amt>
          <qty/>
          <unit/></amt>
        <item>Turkey giblets boiled, and diced</item></ing>
      <ing>
        <amt>
          <qty>2</qty>
          <unit>tablespoons</unit></amt>
        <item>Oregano, dried; -=OR=- Fresh Oregano</item></ing>
      <ing>
        <amt>
          <qty>3</qty>
          <unit>tablespoons</unit></amt>
        <item>Worcestershire Sauce</item></ing>
      <ing>
        <amt>
          <qty>6</qty>
          <unit>cups</unit></amt>
        <item>Chicken Stock</item></ing></ingredients>
    <directions>
      <step>  Melt the margerine in a large stock pot. Add the onions, escallions, green
  pepper, (Some hot chili, or Jalapenpo, or Jamaican Scotch Bonnet Peppers
  too, if you are adventurous-), celery, apples, pecans, garlic, turkey g
  giblets, and all the spices and seasonings, and saute in the margerine, (or
  butter, if you prefer) until the onions are translucent, and the smell is
  driving you crazy. Add then the stuffing mix, turn down the heat, and stir
  until it is well mixed, taking care not to let the bottom burn. Add the
  chicken stock, until you have the right texture and consistency. As soon as
  it is added, turn the fire off, and set the dressing to cool, before
  stuffing the turkey. Stuffs a 20 lb turkey
  
  From Gemini's MASSIVE MealMaster collection at www.synapse.com/~gemini
 
</step></directions></recipe></recipeml>
