<?xml version="1.0" encoding="UTF-8"?>

<recipeml version="0.5">
  <recipe>
    <head>
      <title>Apple Peanut Butter Sandwiches</title>
      <categories>
        <cat>Kids</cat>
        <cat>The pampere</cat></categories>
      <yield>12</yield></head>
    <ingredients>
      <ing>
        <amt>
          <qty>1</qty>
          <unit>small</unit></amt>
        <item>Granny Smith apple</item></ing>
      <ing>
        <amt>
          <qty>1/4</qty>
          <unit>cups</unit></amt>
        <item>Creamy peanut butter</item></ing>
      <ing>
        <amt>
          <qty>3</qty>
          <unit>ounces</unit></amt>
        <item>Cream cheese -- softened</item></ing>
      <ing>
        <amt>
          <qty>2</qty>
          <unit>tablespoons</unit></amt>
        <item>Brown sugar -- packed</item></ing>
      <ing>
        <amt>
          <qty>1/8</qty>
          <unit>teaspoons</unit></amt>
        <item>Cinnamon</item></ing>
      <ing>
        <amt>
          <qty>1</qty>
          <unit/></amt>
        <item>Loaf</item></ing>
      <ing>
        <amt>
          <qty/>
          <unit/></amt>
        <item>Soft white or wheat bread</item></ing></ingredients>
    <directions>
      <step>  Peel, core and slice apple with Apple Peeler/Corer/Slicer.  Chop sliced
  apple with Food Chopper.  Combine all ingredients except bread in Batter
  Bowl.  Place a scant tablespoonfulof filling in center of a piece of bread.
  Cover with another slice.  Cut and seal the 2 layers of bread with 3-inch
  Cut-N-Seal.
  
  Posted to EAT-L Digest - 30 May 96
  
  Date:    Fri, 31 May 1996 17:10:17 -0400
  
  From:    "Carol T." &lt;taillon@ACCESS.MOUNTAIN.NET&gt;
  
  Recipe By     : The Pampered Chef
 
</step></directions></recipe></recipeml>
