<?xml version="1.0" encoding="UTF-8"?>

<recipeml version="0.5">
  <recipe>
    <head>
      <title>Apple Pan Dowdy</title>
      <categories>
        <cat>None</cat></categories>
      <yield>1</yield></head>
    <ingredients>
      <ing>
        <amt>
          <qty>1/2</qty>
          <unit>pounds</unit></amt>
        <item>Refrigerated biscuit dough</item></ing>
      <ing>
        <amt>
          <qty>4</qty>
          <unit/></amt>
        <item>Tart apples, peeled and sliced</item></ing>
      <ing>
        <amt>
          <qty>1/2</qty>
          <unit>teaspoons</unit></amt>
        <item>Cinnamon</item></ing>
      <ing>
        <amt>
          <qty>1/2</qty>
          <unit>cups</unit></amt>
        <item>Light molasses</item></ing>
      <ing>
        <amt>
          <qty>2</qty>
          <unit>tablespoons</unit></amt>
        <item>Unsalted butter</item></ing>
      <ing>
        <amt>
          <qty>1</qty>
          <unit>cup</unit></amt>
        <item>Whipped cream</item></ing>
      <ing>
        <amt>
          <qty>1/8</qty>
          <unit>teaspoons</unit></amt>
        <item>Nutmeg</item></ing></ingredients>
    <directions>
      <step>  Preheat oven to 375.  Arrange apple slices in a buttered shallow 9 inch
  baking pan or dish.  Sprinkle with cinnamon.  Drizzle molasses over and dot
  with butter.  Unroll dough and place over apples.  Cut dashes in dough to
  allow steam to escape.  Bake 30-35 minutes or until bubbly. Serve hot with
  whipped cream sprinkled with nutmeg. This recipe serves 8.
  
  Posted to EAT-L Digest 25 October 96
  
  Date:    Sat, 26 Oct 1996 19:57:20 -0500
  
  From:    Rhonda Grout &lt;babydoll@ARTHUR.AVALON.NET&gt;
 
</step></directions></recipe></recipeml>
