<?xml version="1.0" encoding="UTF-8"?>

<recipeml version="0.5">
  <recipe>
    <head>
      <title>Apple Pecan Bread Pudding</title>
      <categories>
        <cat>Desserts</cat>
        <cat>Crockpot</cat></categories>
      <yield>8</yield></head>
    <ingredients>
      <ing>
        <amt>
          <qty>1</qty>
          <unit>cup</unit></amt>
        <item>Pecans; coarsely chop</item></ing>
      <ing>
        <amt>
          <qty>3</qty>
          <unit/></amt>
        <item>Eggs</item></ing>
      <ing>
        <amt>
          <qty>8</qty>
          <unit>slices</unit></amt>
        <item>Raisin bread; diced</item></ing>
      <ing>
        <amt>
          <qty>2</qty>
          <unit>cups</unit></amt>
        <item>Half &amp; half or milk</item></ing>
      <ing>
        <amt>
          <qty>2</qty>
          <unit>medium</unit></amt>
        <item>Apples, green</item></ing>
      <ing>
        <amt>
          <qty>1/4</qty>
          <unit>cups</unit></amt>
        <item>Bourbon or brandy</item></ing>
      <ing>
        <amt>
          <qty>1</qty>
          <unit>cup</unit></amt>
        <item>Sugar</item></ing>
      <ing>
        <amt>
          <qty>1/4</qty>
          <unit>cups</unit></amt>
        <item>Butter or margarine; melted</item></ing>
      <ing>
        <amt>
          <qty>1</qty>
          <unit>teaspoon</unit></amt>
        <item>Cinnamon</item></ing>
      <ing>
        <amt>
          <qty/>
          <unit/></amt>
        <item>Vanilla ice cream (opt.)</item></ing>
      <ing>
        <amt>
          <qty>1/2</qty>
          <unit>teaspoons</unit></amt>
        <item>Nutmeg</item></ing></ingredients>
    <directions>
      <step>     Preheat oven to 350~.  Spread pecans in a shallow baking pan and bake
  until golden, about 8-10 minutes, stirring occasionally.
     Meanwhile, place bread cubes in a greased 3 qt. or larger slow cooker.
  Peel, core and thinly slice the apples. Mix lightly together the sugar,
  cinnamon and nutmeg, add eggs and mix well. Blend in half and half or
  milkand then stir in bourbon or brandy.
     Lightly mix pecans with bread and apples. Pour egg mixture over bread.
  Drizzle with butter.  Cover and cook on low until apples are tender when
  pierced and custard is set; about 3 1/2 to 4 1/2 hours. Let pudding stand,
  covered, for about 15 minutes.  Serve warm with ice cream, if desired.
  
  Posted to MM-Recipes Digest V4 #132 by novmom@juno.com (Angela Gilliland)
  on May 12, 1997
 
</step></directions></recipe></recipeml>
