<?xml version="1.0" encoding="UTF-8"?>

<recipeml version="0.5">
  <recipe>
    <head>
      <title>Apple Pecan Phyllo Crisps</title>
      <categories>
        <cat>Desserts</cat>
        <cat>Low-cal</cat></categories>
      <yield>6</yield></head>
    <ingredients>
      <ing-div>
        <title/>
        <ing>
          <amt>
            <qty>2</qty>
            <unit/></amt>
          <item>Sheets phyllo pastry</item></ing>
        <ing>
          <amt>
            <qty>2</qty>
            <unit>teaspoons</unit></amt>
          <item>Margarine or butter; melted</item></ing>
        <ing>
          <amt>
            <qty>2</qty>
            <unit>tablespoons</unit></amt>
          <item>Chopped pecans; toasted</item></ing>
        <ing>
          <amt>
            <qty>1 1/2</qty>
            <unit>teaspoons</unit></amt>
          <item>Icing sugar</item></ing></ing-div>
      <ing-div>
        <title>APPLE FILLING</title>
        <ing>
          <amt>
            <qty>1/3</qty>
            <unit>cups</unit></amt>
          <item>Brown sugar; packed</item></ing>
        <ing>
          <amt>
            <qty>1</qty>
            <unit/></amt>
          <item>Grated rind of 1/2 lemon</item></ing>
        <ing>
          <amt>
            <qty>1</qty>
            <unit>tablespoon</unit></amt>
          <item>Lemon juice</item></ing>
        <ing>
          <amt>
            <qty>3</qty>
            <unit>cups</unit></amt>
          <item>Apples; sliced and peeled</item></ing></ing-div></ingredients>
    <directions>
      <step>  1. Lay single sheet of phyllo on counter; brush with half of the margarine.
  Using scissors, cut crosswise into three 5" wide strips; fold each strip
  into thirds to form square shape.
  
  2. Using scissors, round off corners and gently mold into muffin cups.
  Repeat with remaining phyllo to make 6 shells. Bake in 400F oven for 5
  minutes or until golden.
  
  3. Apple filling: in heavy skillet, combine sugar, lemon rind, lemon juice
  and cinnamon; cook over medium heat until bubbly.
  
  4. Add apples and cook, stirring often, for 5 minutes or until tender; let
  cool slightly.
  
  5. Spoon into prepared shells. Sprinkle with pecans; sift icing sugar over
  top. Serve warm or at room temperature.
  
  Make ahead: Through step 2; phyllo crisps can be stored in airtight
  container for up to 3 days. Through step 4 for up to 6 hours.
  Posted to MM-Recipes Digest V4 #301 by Bonnie &amp; Tim Annis
  &lt;accmplce@mail.on.rogers.wave.ca&gt; on 20 N, ov 1997
 
</step></directions></recipe></recipeml>
