<?xml version="1.0" encoding="UTF-8"?>

<recipeml version="0.5">
  <recipe>
    <head>
      <title>Apple Oatmeal Crumble</title>
      <categories>
        <cat>Apples</cat>
        <cat>Desserts</cat></categories>
      <yield>6</yield></head>
    <ingredients>
      <ing>
        <amt>
          <qty>6</qty>
          <unit>cups</unit></amt>
        <item>Peeled; cored, and thinly sliced apples (about 7 apples)</item></ing>
      <ing>
        <amt>
          <qty>2</qty>
          <unit>tablespoons</unit></amt>
        <item>Fresh lemon juice</item></ing>
      <ing>
        <amt>
          <qty>1/2</qty>
          <unit>cups</unit></amt>
        <item>White or brown sugar; firmly packed</item></ing>
      <ing>
        <amt>
          <qty>1/2</qty>
          <unit>cups</unit></amt>
        <item>Rolled old-fashioned oats</item></ing>
      <ing>
        <amt>
          <qty>1/4</qty>
          <unit>cups</unit></amt>
        <item>All-purpose flour</item></ing>
      <ing>
        <amt>
          <qty>1/2</qty>
          <unit>teaspoons</unit></amt>
        <item>Ground cinnamon</item></ing>
      <ing>
        <amt>
          <qty>6</qty>
          <unit>tablespoons</unit></amt>
        <item>Butter; cut into pieces</item></ing>
      <ing>
        <amt>
          <qty>1/2</qty>
          <unit>cups</unit></amt>
        <item>Chopped nuts; lightly toasted</item></ing></ingredients>
    <directions>
      <step>  Preheat the oven to 350F. Butter a shallow 8-cup ovenproof pan.
  
  In a large bowl toss the apple slices with the lemon juice and 2
  tablespoons of the sugar. Spread the slices in the buttered pan. In the
  same bowl mix the remaining sugar, oats, flour, and cinnamon. With your
  fingertips rub the butter into the dry ingredients until it sticks together
  in crumbles, then mix in the nuts. Scatter the topping over the apple
  slices. Put the pan in the oven and bake until the topping is brown and
  crisp and the apples tender, 30 to 40 minutes. Serve with vanilla ice cream
  or whipped cream.
  
  NOTES : The oatmeal in this version of an old favorite gives crunch; add
  nuts or not, as you like.  Use peaches, pears, plums, or another fruit.
  Recipe by: A Feast Of Fruits
  
  Posted to recipelu-digest Volume 01 Number 590 by "Marie Smith"
  &lt;craftee@sprynet.com&gt; on Jan 24, 1998
 
</step></directions></recipe></recipeml>
