<?xml version="1.0" encoding="UTF-8"?>

<recipeml version="0.5">
  <recipe>
    <head>
      <title>Apple Pecan Muffins</title>
      <categories>
        <cat>Muffins</cat></categories>
      <yield>1</yield></head>
    <ingredients>
      <ing>
        <amt>
          <qty>1/2</qty>
          <unit>cups</unit></amt>
        <item>Butter</item></ing>
      <ing>
        <amt>
          <qty>2</qty>
          <unit>cups</unit></amt>
        <item>Sugar</item></ing>
      <ing>
        <amt>
          <qty>2</qty>
          <unit/></amt>
        <item>Eggs</item></ing>
      <ing>
        <amt>
          <qty>1</qty>
          <unit>teaspoon</unit></amt>
        <item>Vanilla</item></ing>
      <ing>
        <amt>
          <qty>2 1/2</qty>
          <unit>cups</unit></amt>
        <item>Flour</item></ing>
      <ing>
        <amt>
          <qty>1</qty>
          <unit>teaspoon</unit></amt>
        <item>Baking powder</item></ing>
      <ing>
        <amt>
          <qty>3/4</qty>
          <unit>teaspoons</unit></amt>
        <item>Baking soda</item></ing>
      <ing>
        <amt>
          <qty>1</qty>
          <unit>teaspoon</unit></amt>
        <item>Salt</item></ing>
      <ing>
        <amt>
          <qty>1/2</qty>
          <unit>teaspoons</unit></amt>
        <item>Nutmeg</item></ing>
      <ing>
        <amt>
          <qty>1</qty>
          <unit>teaspoon</unit></amt>
        <item>Cinnamon</item></ing>
      <ing>
        <amt>
          <qty>3</qty>
          <unit>cups</unit></amt>
        <item>Granny smith apples; peeled &amp; diced</item></ing>
      <ing>
        <amt>
          <qty>1</qty>
          <unit>cup</unit></amt>
        <item>Pecans; chopped</item></ing></ingredients>
    <directions>
      <step>  Cream butter and sugar. Add eggs and vanilla; beat until fluffy. Thoroughly
  mix all dry ingredients. Slowly add to butter-sugar mixture, mising only
  until moistened. Hand stir in pecans and apples. (mixture may be a little
  dry; however, apples will provide enough moisture.) Fill greased or lined
  muffin tins with 1/4 cup of mixture. Bake at 350 F. for 20 minutes or until
  muffins test done.
  
  Yield: 18 to 24 muffins
  
  Hint: these muffins make great gift basket fillers.
  
  Recipe copied from Baylor University Alumni Association, Waco,TX Homecoming
  cookbook.
  
  Recipe by: Marilyn Jeanne Jones 1982
  
  Posted to MC-Recipe Digest V1 #855 by "Nitro_II "
  &lt;Nitro_II@classic.msn.com&gt; on Oct 21, 97
 
</step></directions></recipe></recipeml>
