<?xml version="1.0" encoding="UTF-8"?>

<recipeml version="0.5">
  <recipe>
    <head>
      <title>Apple Pancakes</title>
      <categories>
        <cat>Breakfast</cat>
        <cat>Fruits</cat>
        <cat>Mcdougall</cat></categories>
      <yield>2</yield></head>
    <ingredients>
      <ing>
        <amt>
          <qty>1 1/2</qty>
          <unit>cups</unit></amt>
        <item>Whole-grain wheat pastry flo</item></ing>
      <ing>
        <amt>
          <qty>3/4</qty>
          <unit>cups</unit></amt>
        <item>Bran</item></ing>
      <ing>
        <amt>
          <qty>3</qty>
          <unit>tablespoons</unit></amt>
        <item>Applesauce</item></ing>
      <ing>
        <amt>
          <qty>2</qty>
          <unit>teaspoons</unit></amt>
        <item>Active dry yeast</item></ing>
      <ing>
        <amt>
          <qty>3/4</qty>
          <unit>cups</unit></amt>
        <item>Water; warm</item></ing>
      <ing>
        <amt>
          <qty>2</qty>
          <unit>teaspoons</unit></amt>
        <item>Egg substitute, dried; mixed</item></ing>
      <ing>
        <amt>
          <qty>4</qty>
          <unit>tablespoons</unit></amt>
        <item>Water</item></ing>
      <ing>
        <amt>
          <qty>1 1/2</qty>
          <unit>cups</unit></amt>
        <item>Apple juice</item></ing>
      <ing>
        <amt>
          <qty>2</qty>
          <unit>medium</unit></amt>
        <item>Apple; peeled and grated</item></ing></ingredients>
    <directions>
      <step>  Recipe by: McDougall Mix flour and bran. Add applesauce and mix well. Add
  yeast to warm water, stir to dissolve. Let rest 5 minutes while grating the
  apple. Add the apple juice, grated apple, and yeast mixture to the flour
  mixture. Stir batter well. Mix the egg replacer with water, beat until
  frothy. Add to batter. Cover batter and let rest for 15 minutes. Cook on
  medium-hot non-stick griddle, about 10 minutes on first side, about 5-8
  minutes on other side.
  
  HELPFUL HINTS: Ladle the batter on the griddle and flatten cakes, or the
  center won't be done. Do not turn until bubbles form on top. These are much
  thicker than regular pancakes and take longer to cook.
  From the collection of Sue Smith, S.Smith34, Uploaded June 16, 1994
  File ftp://ftp.idiscover.co.uk/pub/food/mealmaster/recipes/mcdougal.zip
 
</step></directions></recipe></recipeml>
