<?xml version="1.0" encoding="UTF-8"?>

<recipeml version="0.5">
  <recipe>
    <head>
      <title>Apple Pancakes W/ Cinnamon Butter</title>
      <categories>
        <cat>Scot/irish</cat>
        <cat>Breads</cat></categories>
      <yield>8</yield></head>
    <ingredients>
      <ing-div>
        <title/>
        <ing>
          <amt>
            <qty>1 2/3</qty>
            <unit>cups</unit></amt>
          <item>Flour; all-purpose</item></ing>
        <ing>
          <amt>
            <qty>1</qty>
            <unit>tablespoon</unit></amt>
          <item>Baking powder</item></ing>
        <ing>
          <amt>
            <qty>1/4</qty>
            <unit>cups</unit></amt>
          <item>Granulated sugar</item></ing>
        <ing>
          <amt>
            <qty>1/2</qty>
            <unit>teaspoons</unit></amt>
          <item>Ground cinnamon</item></ing>
        <ing>
          <amt>
            <qty>4</qty>
            <unit>tablespoons</unit></amt>
          <item>Butter; melted</item></ing>
        <ing>
          <amt>
            <qty>2</qty>
            <unit/></amt>
          <item>Eggs; beaten</item></ing>
        <ing>
          <amt>
            <qty>1 1/4</qty>
            <unit>cups</unit></amt>
          <item>Milk</item></ing>
        <ing>
          <amt>
            <qty>2</qty>
            <unit/></amt>
          <item>Good eating apples; not</item></ing>
        <ing>
          <amt>
            <qty/>
            <unit/></amt>
          <item>.  Golden Delicious; peeled</item></ing>
        <ing>
          <amt>
            <qty/>
            <unit/></amt>
          <item>.  and cored</item></ing>
        <ing>
          <amt>
            <qty/>
            <unit/></amt>
          <item>Sunflower oil for frying</item></ing></ing-div>
      <ing-div>
        <title>CINNAMON BUTTER</title>
        <ing>
          <amt>
            <qty>1</qty>
            <unit/></amt>
          <item>Stick butter; softened</item></ing>
        <ing>
          <amt>
            <qty>2</qty>
            <unit>teaspoons</unit></amt>
          <item>Cinnamon</item></ing>
        <ing>
          <amt>
            <qty>3/4</qty>
            <unit>cups</unit></amt>
          <item>Soft light brown sugar</item></ing></ing-div></ingredients>
    <directions>
      <step>  First make the cinnamon butter. Beat all the ingredients together
  until the mixture is smooth. Store in a covered container in the
  refrigerator until serving. (This keeps for 7-10 days.)
  
  Sift the flour, baking powder, sugar and cinnamon into a bowl. Beat
  in the melted butter, beaten eggs and milk. Grate the apples into the
  mixture and mix in well.
  
  Oil a griddle, or a heavy-basedfrylng pan, or an electric hotplate,
  or if you have an Aga or Rayburn, the cooler hotplate. (For my
  American readers an Aga is a constantly burning range-like cooker
  with two or four ovens and hotplates. It gives an even heat and very
  consistent results.) Drop spoonsful of the apple batter on to the
  oiled surface, making pancakes of 2-3 inches / 5-7-5cm in diameter
  and leaving a space between them. Cook for about 2 minutes or until
  small bubbles appear over the surface, then, with a palette knife
  (pancake turner), slip each over to cook on the other side.
  
  As they cook, remove the pancakes and keep them warm on a plate, and
  covered with a cloth. When all the pancakes are cooked, serve them
  hot with the cinnamon butter.
  "Lady MacDonald's Scotland: The Best of Scottish Food &amp; Drink"
  :      by   Claire MacDonald A Bullfinch Press Book by Little, Brown
  &amp; Co., London ISBN = 0-8212-1809-3
  Scanned and formatted for you by  The WEE Scot  --  pol Mac Griogair
  
  From: Paul Macgregor                  Date: 06-15-96
  Posted to MM-Recipes Digest V3 #251
  
  Date: Fri, 13 Sep 1996 21:49:00 -0400
  
  From: BobbieB1@aol.com
 
</step></directions></recipe></recipeml>
