<?xml version="1.0" encoding="UTF-8"?>

<recipeml version="0.5">
  <recipe>
    <head>
      <title>Apple Orange Bread</title>
      <categories>
        <cat>Quick</cat>
        <cat>Breads</cat>
        <cat>And</cat>
        <cat>Muffins</cat></categories>
      <yield>36</yield></head>
    <ingredients>
      <ing>
        <amt>
          <qty>2</qty>
          <unit>large</unit></amt>
        <item>Unpeeled baking apples, cored and quartered</item></ing>
      <ing>
        <amt>
          <qty>1</qty>
          <unit>large</unit></amt>
        <item>Orange, unpeeled, quartered</item></ing>
      <ing>
        <amt>
          <qty>1 1/2</qty>
          <unit>cups</unit></amt>
        <item>Raisins</item></ing>
      <ing>
        <amt>
          <qty>2/3</qty>
          <unit>cups</unit></amt>
        <item>Shortening</item></ing>
      <ing>
        <amt>
          <qty>2</qty>
          <unit>cups</unit></amt>
        <item>Sugar</item></ing>
      <ing>
        <amt>
          <qty>4</qty>
          <unit>large</unit></amt>
        <item>Eggs</item></ing>
      <ing>
        <amt>
          <qty>1</qty>
          <unit>teaspoon</unit></amt>
        <item>Lemon extract</item></ing>
      <ing>
        <amt>
          <qty>4</qty>
          <unit>cups</unit></amt>
        <item>All-purpose flour</item></ing>
      <ing>
        <amt>
          <qty>2</qty>
          <unit>teaspoons</unit></amt>
        <item>Baking powder</item></ing>
      <ing>
        <amt>
          <qty>1 1/2</qty>
          <unit>teaspoons</unit></amt>
        <item>Baking soda</item></ing>
      <ing>
        <amt>
          <qty>1</qty>
          <unit>teaspoon</unit></amt>
        <item>Salt</item></ing>
      <ing>
        <amt>
          <qty>2/3</qty>
          <unit>cups</unit></amt>
        <item>Orange juice</item></ing>
      <ing>
        <amt>
          <qty>1</qty>
          <unit>cup</unit></amt>
        <item>Walnuts, chopped</item></ing></ingredients>
    <directions>
      <step>  In blender or food processor, process apples, oranges and raisins until
  finely chopped, set aside. In a large mixing bowl, cream shortening and
  sugar. Add eggs, one at a time, beating well after each addition; beat
  until light and fluffy. Beat in extract. Combine dry ingredients; add to
  creamed mixture alternately with orange juice. Stir in fruit mixture and
  nuts. Pour into 3 greased 8" X 4" loaf pans. Bake at 350 degrees doe 50-55
  minutes. or until a wooden pick inserted near center comes out clean. Cool
  in pans for 10 minutes before removing to wire racks to cool completely.
  
  Recipe by: Taste of Home Posted to MC-Recipe Digest V1 #662 by lunchuck
  &lt;jock@twd.net&gt; on Jul 09, 1997
 
</step></directions></recipe></recipeml>
