<?xml version="1.0" encoding="UTF-8"?>

<recipeml version="0.5">
  <recipe>
    <head>
      <title>Basic Lebanese Aoili (Garlic Dressing)</title>
      <categories>
        <cat>None</cat></categories>
      <yield>1</yield></head>
    <ingredients>
      <ing>
        <amt>
          <qty>1</qty>
          <unit/></amt>
        <item>Head roasted garlic</item></ing>
      <ing>
        <amt>
          <qty/>
          <unit/></amt>
        <item>Some fresh garlic cloves for more flavor</item></ing>
      <ing>
        <amt>
          <qty>1</qty>
          <unit>teaspoon</unit></amt>
        <item>Dijon mustard</item></ing>
      <ing>
        <amt>
          <qty>1/2</qty>
          <unit>teaspoons</unit></amt>
        <item>Salt</item></ing>
      <ing>
        <amt>
          <qty>1/8</qty>
          <unit>teaspoons</unit></amt>
        <item>Cayenne pepper</item></ing>
      <ing>
        <amt>
          <qty/>
          <unit/></amt>
        <item>Fresh ground pepper to tste</item></ing>
      <ing>
        <amt>
          <qty>2</qty>
          <unit>tablespoons</unit></amt>
        <item>Olive oil</item></ing>
      <ing>
        <amt>
          <qty>1/4</qty>
          <unit>cups</unit></amt>
        <item>Unsalted chicken broth</item></ing>
      <ing>
        <amt>
          <qty>1/4</qty>
          <unit>cups</unit></amt>
        <item>Wine vinegar - try balsamic vinegar instead for more flavor &amp; zest</item></ing></ingredients>
    <directions>
      <step>  basic Lebanese aoili (garlic dressing) doesn't use egg for its base but
  will still achieve the "mayo" consistancy - needless to say, for lo-fat use
  less oil or substitute with one of the "better" oils - the original recipe
  given to me called for putting the raw garlic in a blender &amp; pureeing it
  until you had a smooth paste, then a little lemon juice &amp; pepper, then
  slowly add oil (while the blender's running) - this will result in a
  consistency
  
  so we can take your basic recipe :
  
  1 head roasted garlic - add some fresh garlic cloves for more flavor
  
  blend till garlic is smooth paste
  
  then add 1 tsp Dijon mustard,
      1/2    tsp salt,
      1/8    tsp cayenne pepper, fresh ground pepper to tste.
  
  turn blender on &amp; add 2 TBS olive oil,
      1/4    cup unsalted chicken broth, 1/4 cup wine vinegar - try balsamic
  vinegar instead for more flavor &amp; zest.
  Let sit for and hour or so and serve at roon temperature.
  
  Posted to Digest eat-lf.v097.n194 by "Rund, Sharen"
  &lt;RUNDSAB@alisa1.lockheed.com&gt; on Aug 01, 1997
 
</step></directions></recipe></recipeml>
