<?xml version="1.0" encoding="UTF-8"?>

<recipeml version="0.5">
  <recipe>
    <head>
      <title>Basic Mexican Rice</title>
      <categories>
        <cat>Lu's recipe</cat>
        <cat>Mexican</cat>
        <cat>Rice</cat></categories>
      <yield>4</yield></head>
    <ingredients>
      <ing>
        <amt>
          <qty>2</qty>
          <unit>tablespoons</unit></amt>
        <item>Cooking oil</item></ing>
      <ing>
        <amt>
          <qty>1</qty>
          <unit>cup</unit></amt>
        <item>Long grain rice; not instant</item></ing>
      <ing>
        <amt>
          <qty>2</qty>
          <unit/></amt>
        <item>Cloves garlic; pressed</item></ing>
      <ing>
        <amt>
          <qty>1</qty>
          <unit>medium</unit></amt>
        <item>White onion; finely chopped</item></ing>
      <ing>
        <amt>
          <qty>3</qty>
          <unit>medium</unit></amt>
        <item>Tomatoes; finely chopped</item></ing>
      <ing>
        <amt>
          <qty>1</qty>
          <unit/></amt>
        <item>Green chile; seeded and chopped</item></ing>
      <ing>
        <amt>
          <qty>2</qty>
          <unit>cups</unit></amt>
        <item>Chicken broth</item></ing>
      <ing>
        <amt>
          <qty>1</qty>
          <unit>teaspoon</unit></amt>
        <item>Salt</item></ing></ingredients>
    <directions>
      <step>  1. In a large skillet, heat the oil and saute the rice over medium high
  heat until golden brown.
  
  2. Stir in the garlic and the onions and saute unitl onion is golden
  yellow.
  
  3. Stir in the tomatoes, broth and season with salt.
  
  4. Bring to a boil uncovered, reduce heat to low, cover ans simmer for
  15-20 minutes (Don't peek!)
  
  5. Remove lid, toss with a fork to fluff and allow to sit for 5 minutes
  uncovered before serving.
  
  Recipe by: RecipeLu
  
  Posted to recipelu-digest Volume 01 Number 549 by RecipeLu
  &lt;recipelu@geocities.com&gt; on Jan 18, 1998
 
</step></directions></recipe></recipeml>
