<?xml version="1.0" encoding="UTF-8"?>

<recipeml version="0.5">
  <recipe>
    <head>
      <title>Basic Fresh Pasta Dough</title>
      <categories>
        <cat>Pasta</cat>
        <cat>Misc</cat></categories>
      <yield>4</yield></head>
    <ingredients>
      <ing>
        <amt>
          <qty>1</qty>
          <unit>cup</unit></amt>
        <item>Unbleached flour</item></ing>
      <ing>
        <amt>
          <qty>1</qty>
          <unit>cup</unit></amt>
        <item>Semolina or durum flour</item></ing>
      <ing>
        <amt>
          <qty>1</qty>
          <unit>teaspoon</unit></amt>
        <item>Salt</item></ing>
      <ing>
        <amt>
          <qty>1</qty>
          <unit>tablespoon</unit></amt>
        <item>Olive oil</item></ing>
      <ing>
        <amt>
          <qty>3</qty>
          <unit/></amt>
        <item>Eggs (or more); beaten</item></ing></ingredients>
    <directions>
      <step>  PLACE ALL ingredients except egg into a food processor. Add the egg a bit
  at a time while pulsing. When the dough forms into pellets, you've added
  enough eggs. Turn the dough onto a work surface and knead together into a
  stiff mass. Let rest for 15 minutes before rolling into pasta.
  
  From Gemini's MASSIVE MealMaster collection at www.synapse.com/~gemini
 
</step></directions></recipe></recipeml>
