<?xml version="1.0" encoding="UTF-8"?>

<recipeml version="0.5">
  <recipe>
    <head>
      <title>Basic Microwaveable Cake</title>
      <categories>
        <cat>Desserts</cat></categories>
      <yield>1</yield></head>
    <ingredients>
      <ing>
        <amt>
          <qty>1</qty>
          <unit>cup</unit></amt>
        <item>Flour</item></ing>
      <ing>
        <amt>
          <qty>2/3</qty>
          <unit>cups</unit></amt>
        <item>Sugar</item></ing>
      <ing>
        <amt>
          <qty>1 1/4</qty>
          <unit>teaspoons</unit></amt>
        <item>Baking powder</item></ing>
      <ing>
        <amt>
          <qty>1/2</qty>
          <unit>teaspoons</unit></amt>
        <item>Salt</item></ing>
      <ing>
        <amt>
          <qty>1/2</qty>
          <unit>teaspoons</unit></amt>
        <item>Vanilla</item></ing>
      <ing>
        <amt>
          <qty>2</qty>
          <unit/></amt>
        <item>Eggs</item></ing>
      <ing>
        <amt>
          <qty>1/3</qty>
          <unit>cups</unit></amt>
        <item>Milk</item></ing>
      <ing>
        <amt>
          <qty>1/3</qty>
          <unit>cups</unit></amt>
        <item>Shortening</item></ing></ingredients>
    <directions>
      <step>  In mixer bowl, combine flour, sugar, baking powder, salt and vanilla. Add
  eggs, milk and shortening. Beat at low speed till mixed. Beat at medium
  speed 2 minutes, scraping bowl occasionally. Spread batter in a 8-by-1 1/2
  waxed-paper lined round cake dish. Micro-cook, uncovered, on medium 6
  minutes, rotating a quarter turn every 2 minutes. Increase power to 100
  percent. Micro-cook, uncovered, 1 1/2 to 5 minutes or until done. Cool on a
  wire rack 5 to 10 minutes. Remove from pan; cool thoroughly on rack.
  Formatted by Susan Wolfe
  Posted to EAT-L Digest 01 Aug 96
  
  Date:    Fri, 2 Aug 1996 10:47:08 -0500
  
  From:    LD Goss &lt;ldgoss@METRONET.COM&gt;
  NOTES : You'll love the silken texture of this dessert. Other flavorings
       can be
       substituted for the mint, or it can be left out entirely.
 
</step></directions></recipe></recipeml>
