<?xml version="1.0" encoding="UTF-8"?>

<recipeml version="0.5">
  <recipe>
    <head>
      <title>Basic Meat Loaf</title>
      <categories>
        <cat>Main dish</cat>
        <cat>Meats</cat>
        <cat>Appetizers</cat>
        <cat>Microwave</cat></categories>
      <yield>4</yield></head>
    <ingredients>
      <ing>
        <amt>
          <qty>3</qty>
          <unit>slices</unit></amt>
        <item>Bread</item></ing>
      <ing>
        <amt>
          <qty/>
          <unit/></amt>
        <item>Water</item></ing>
      <ing>
        <amt>
          <qty>1</qty>
          <unit/></amt>
        <item>Clove garlic, peeled and crushed</item></ing>
      <ing>
        <amt>
          <qty>1</qty>
          <unit>small</unit></amt>
        <item>Onion, finely chopped</item></ing>
      <ing>
        <amt>
          <qty>1/4</qty>
          <unit>cups</unit></amt>
        <item>Finely chopped celery</item></ing>
      <ing>
        <amt>
          <qty>1/2</qty>
          <unit>teaspoons</unit></amt>
        <item>Salt</item></ing>
      <ing>
        <amt>
          <qty>1/8</qty>
          <unit>teaspoons</unit></amt>
        <item>Pepper</item></ing>
      <ing>
        <amt>
          <qty>1</qty>
          <unit/></amt>
        <item>Egg, slightly beaten</item></ing>
      <ing>
        <amt>
          <qty>1/3</qty>
          <unit>cups</unit></amt>
        <item>Milk</item></ing>
      <ing>
        <amt>
          <qty>1</qty>
          <unit>pound</unit></amt>
        <item>Lean ground beef</item></ing>
      <ing>
        <amt>
          <qty>1/4</qty>
          <unit>cups</unit></amt>
        <item>Catsup</item></ing></ingredients>
    <directions>
      <step>  1. In a small bowl soak bread in water to cover 5 minutes. Squeeze out
  excess water. 2. In a large bowl combine bread, garlic, onion, celery,
  salt, pepper, egg and milk. Stir until well blended. Crumble ground beef
  into bread mixture and stir to combine thoroughly. 3. Shape meat mixture
  into a loaf and place in a shallow heat- resistant, non-metallic baking
  dish. 4. Heat, uncovered, in Microwave Oven 6 1/2 minutes. 5. Spread catsup
  over top of meat loaf and heat, uncovered, in Microwave Oven 5 minutes. 6.
  Allow meat loaf to stand covered 3 to 5 minutes before serving.
  
  From Gemini's MASSIVE MealMaster collection at www.synapse.com/~gemini
 
</step></directions></recipe></recipeml>
