<?xml version="1.0" encoding="UTF-8"?>

<recipeml version="0.5">
  <recipe>
    <head>
      <title>Basic Fish Mousse</title>
      <categories>
        <cat>Fish</cat>
        <cat>Seafood</cat>
        <cat>Appetizers</cat></categories>
      <yield>6</yield></head>
    <ingredients>
      <ing>
        <amt>
          <qty>1/2</qty>
          <unit>pounds</unit></amt>
        <item>Whitefish fillets</item></ing>
      <ing>
        <amt>
          <qty>1/2</qty>
          <unit>pounds</unit></amt>
        <item>Cooked lobster</item></ing>
      <ing>
        <amt>
          <qty>2</qty>
          <unit>tablespoons</unit></amt>
        <item>Finely diced onion</item></ing>
      <ing>
        <amt>
          <qty>1/2</qty>
          <unit>teaspoons</unit></amt>
        <item>Salt</item></ing>
      <ing>
        <amt>
          <qty>2</qty>
          <unit>tablespoons</unit></amt>
        <item>Brandy</item></ing>
      <ing>
        <amt>
          <qty>1</qty>
          <unit>tablespoon</unit></amt>
        <item>Tomato paste</item></ing>
      <ing>
        <amt>
          <qty>1/2</qty>
          <unit>cups</unit></amt>
        <item>Egg whites</item></ing>
      <ing>
        <amt>
          <qty>3/4</qty>
          <unit>cups</unit></amt>
        <item>Whipping cream</item></ing></ingredients>
    <directions>
      <step>  PREHEAT OVEN TO 350F. Combine whitefish, lobster, onion, salt, brandy and
  tomato paste in a food processor and blend until smooth. Add the egg whites
  and blend until incorporated. Transfer the mixture to a bowl, cover and
  chill for 30 minutes. Stir in the cream until incorporated. Divide the
  mousse between buttered ramekins. Place the ramekins in a water bath, cover
  and place in oven for 20 minutes. To serve, turn the contents of each
  ramekin out onto a warm plate, spoon some Hollandaise-based sauce over each
  mousse and serve immediately.
  
  From Gemini's MASSIVE MealMaster collection at www.synapse.com/~gemini
 
</step></directions></recipe></recipeml>
