<?xml version="1.0" encoding="UTF-8"?>

<recipeml version="0.5">
  <recipe>
    <head>
      <title>Basic Green Sauce</title>
      <categories>
        <cat>Mexican</cat>
        <cat>Sauce</cat></categories>
      <yield>8</yield></head>
    <ingredients>
      <ing>
        <amt>
          <qty>1</qty>
          <unit>cup</unit></amt>
        <item>Onions, Chopped, 2 Med.</item></ing>
      <ing>
        <amt>
          <qty>1/2</qty>
          <unit>cups</unit></amt>
        <item>Vegetable Oil</item></ing>
      <ing>
        <amt>
          <qty>10</qty>
          <unit>ounces</unit></amt>
        <item>Fresh Spinach, Chopped</item></ing>
      <ing>
        <amt>
          <qty>1/2</qty>
          <unit>pounds</unit></amt>
        <item>Tomatillos, Coarsely Chopped</item></ing>
      <ing>
        <amt>
          <qty>4</qty>
          <unit>ounces</unit></amt>
        <item>Green Chiles, Chopped, 1 cn</item></ing>
      <ing>
        <amt>
          <qty>2</qty>
          <unit/></amt>
        <item>Cloves Garlic, Crushed</item></ing>
      <ing>
        <amt>
          <qty>1</qty>
          <unit>tablespoon</unit></amt>
        <item>Oregano Leaves, Dried</item></ing>
      <ing>
        <amt>
          <qty>1</qty>
          <unit>cup</unit></amt>
        <item>Chicken Broth</item></ing>
      <ing>
        <amt>
          <qty>2</qty>
          <unit>cups</unit></amt>
        <item>Dairy Sour Cream</item></ing></ingredients>
    <directions>
      <step>  Cook and stir onions in oil in a 3-quart saucepan until tender. Stir in
  remaining ingredients except broth and sour cream. Cover and cook over
  medium heat for 5 minutes, stirring occasionally. Place mixture in food
  processor workbowl fitted with steel blade or in a blender container; cover
  and process until smooth, about 1 minute. Return mixture to saucepan; stir
  in broth. Heat to boiling; reduce heat. Simmer uncovered for 10 minutes.
  Stir in sour cream. Cover and refrigerate any remaining sauce. Makes about
        4    cups of sauce.
  
  Recipe by: =20 Posted to CHILE-HEADS DIGEST V3 #350 by Walt Gray
  &lt;waltgray@mnsinc.com&gt; on Jun 09, 1997
 
</step></directions></recipe></recipeml>
