<?xml version="1.0" encoding="UTF-8"?>

<recipeml version="0.5">
  <recipe>
    <head>
      <title>Basic Loaf Recipe for Legumes</title>
      <categories>
        <cat>Vegetarian</cat>
        <cat>Vegan</cat>
        <cat>Easy</cat>
        <cat>Main dish</cat></categories>
      <yield>6</yield></head>
    <ingredients>
      <ing>
        <amt>
          <qty>1</qty>
          <unit>cup</unit></amt>
        <item>Legumes; cooked</item></ing>
      <ing>
        <amt>
          <qty>1</qty>
          <unit>cup</unit></amt>
        <item>Bread crumbs, wheat germ or ground nuts</item></ing>
      <ing>
        <amt>
          <qty>1</qty>
          <unit>cup</unit></amt>
        <item>Liquid--soymilk, tomato juice, etc.</item></ing>
      <ing>
        <amt>
          <qty/>
          <unit/></amt>
        <item>Seasonings to taste--garlic, onions, etc</item></ing></ingredients>
    <directions>
      <step>   Mix all ingredients thoroughly. Bake in loaf pan in 350 degree oven until
  firm, about 30 minutes.
  
   From DEEANNE's recipe files
  
  From Gemini's MASSIVE MealMaster collection at www.synapse.com/~gemini
 
</step></directions></recipe></recipeml>
