<?xml version="1.0" encoding="UTF-8"?>

<recipeml version="0.5">
  <recipe>
    <head>
      <title>Basic Green "Mexican Salsa"</title>
      <categories>
        <cat>Mexican</cat>
        <cat>Sauces</cat></categories>
      <yield>4</yield></head>
    <ingredients>
      <ing>
        <amt>
          <qty>8</qty>
          <unit/></amt>
        <item>Green Tomatillos</item></ing>
      <ing>
        <amt>
          <qty>1/2</qty>
          <unit>large</unit></amt>
        <item>Onion</item></ing>
      <ing>
        <amt>
          <qty/>
          <unit/></amt>
        <item>Fresh Green chiles serranos</item></ing>
      <ing>
        <amt>
          <qty/>
          <unit/></amt>
        <item>The quantity as you want</item></ing>
      <ing>
        <amt>
          <qty>1</qty>
          <unit>small</unit></amt>
        <item>Clove of garlic</item></ing>
      <ing>
        <amt>
          <qty/>
          <unit/></amt>
        <item>Salt and pepper</item></ing>
      <ing>
        <amt>
          <qty>10</qty>
          <unit/></amt>
        <item>Leaves of Cilantro (optional</item></ing></ingredients>
    <directions>
      <step>  Peel the green tomatillos if they still have the dry skin. In a boiling
  water cook the tomatillos and chiles serranos for 1 or 2 min. Ground all
  the ingredients. You can use this fresh salsa for tacos or quesadillas or
  if you want you can cook it: In a sauce pan add a little amount of
  vegetable oil and when it will be warm add the "salsa", cook 20 min or
  more.  Now you can prepare "chilaquiles" or eggs. Patricia Wriedt.
    Posted to CHILE-HEADS DIGEST V3 #116
  
    Date: Fri, 27 Sep 1996 16:03:06 -0400
  
    From: "Garry Howard" &lt;g.howard@ix.netcom.com&gt;
 
</step></directions></recipe></recipeml>
