<?xml version="1.0" encoding="UTF-8"?>

<recipeml version="0.5">
  <recipe>
    <head>
      <title>Basic New Mexican Red Chile Sauce</title>
      <categories>
        <cat>None</cat></categories>
      <yield>1</yield></head>
    <ingredients>
      <ing>
        <amt>
          <qty>2</qty>
          <unit>tablespoons</unit></amt>
        <item>Oil; (we used olive oil. Butter is good too)</item></ing>
      <ing>
        <amt>
          <qty>1</qty>
          <unit/></amt>
        <item>Clove garlic; cook in the oil, (medium heat)then add</item></ing>
      <ing>
        <amt>
          <qty>1</qty>
          <unit>pinch</unit></amt>
        <item>Cumin; optional-we don't use</item></ing>
      <ing>
        <amt>
          <qty>3</qty>
          <unit>tablespoons</unit></amt>
        <item>Flour; (cook a minute to prepare for roux) then add</item></ing>
      <ing>
        <amt>
          <qty>2</qty>
          <unit>cups</unit></amt>
        <item>Water &amp;</item></ing>
      <ing>
        <amt>
          <qty>6</qty>
          <unit/></amt>
        <item>Dried RED New Mexican chiles from nearby ristra; toasted in hot dry iron griddle</item></ing>
      <ing>
        <amt>
          <qty/>
          <unit/></amt>
        <item>Salt to taste</item></ing>
      <ing>
        <amt>
          <qty/>
          <unit/></amt>
        <item>Oregano; optional</item></ing></ingredients>
    <directions>
      <step>  STEW FOR A WHILE AND THEN BLEND SMOOTH. PLACE IN ICE CUBE TRAYS, FREEZE &amp;
  BAG UP.
  Posted to CHILE-HEADS DIGEST by Pam &lt;mglory@ix.netcom.com&gt; on May 31, 1998
 
</step></directions></recipe></recipeml>
