<?xml version="1.0" encoding="UTF-8"?>

<recipeml version="0.5">
  <recipe>
    <head>
      <title>Basic Noodles Cooked Chicken Topping #2</title>
      <categories>
        <cat>Soup</cat></categories>
      <yield>4</yield></head>
    <ingredients>
      <ing>
        <amt>
          <qty>1</qty>
          <unit>cup</unit></amt>
        <item>Cooked chicken</item></ing>
      <ing>
        <amt>
          <qty>1</qty>
          <unit/></amt>
        <item>Or</item></ing>
      <ing>
        <amt>
          <qty>2</qty>
          <unit/></amt>
        <item>Eggs</item></ing>
      <ing>
        <amt>
          <qty>1/4</qty>
          <unit>cups</unit></amt>
        <item>Smoked ham</item></ing>
      <ing>
        <amt>
          <qty>1</qty>
          <unit>cup</unit></amt>
        <item>Chinese lettuce</item></ing>
      <ing>
        <amt>
          <qty>1</qty>
          <unit>cup</unit></amt>
        <item>String beans</item></ing>
      <ing>
        <amt>
          <qty>1</qty>
          <unit>cup</unit></amt>
        <item>Celery</item></ing>
      <ing>
        <amt>
          <qty>1/2</qty>
          <unit>cups</unit></amt>
        <item>Canned mushrooms</item></ing>
      <ing>
        <amt>
          <qty>1/2</qty>
          <unit>cups</unit></amt>
        <item>Onion</item></ing>
      <ing>
        <amt>
          <qty>1/4</qty>
          <unit>cups</unit></amt>
        <item>Water chestnuts</item></ing>
      <ing>
        <amt>
          <qty>1/4</qty>
          <unit>cups</unit></amt>
        <item>Bamboo shoots</item></ing>
      <ing>
        <amt>
          <qty>2</qty>
          <unit>slices</unit></amt>
        <item>Fresh ginger root (up to)</item></ing>
      <ing>
        <amt>
          <qty>3</qty>
          <unit>tablespoons</unit></amt>
        <item>Oil</item></ing>
      <ing>
        <amt>
          <qty>1</qty>
          <unit>cup</unit></amt>
        <item>Stock</item></ing>
      <ing>
        <amt>
          <qty>1</qty>
          <unit>tablespoon</unit></amt>
        <item>Cornstarch</item></ing>
      <ing>
        <amt>
          <qty>1</qty>
          <unit>tablespoon</unit></amt>
        <item>Soy sauce</item></ing>
      <ing>
        <amt>
          <qty>1/2</qty>
          <unit>teaspoons</unit></amt>
        <item>Sugar</item></ing>
      <ing>
        <amt>
          <qty>2</qty>
          <unit>tablespoons</unit></amt>
        <item>Water</item></ing></ingredients>
    <directions>
      <step>  1. Slice cooked chicken. Hard boil, shell and slice eggs. Dice ham.
  
  2. Slice Chinene lettuce, string beans, celery, mushrooms, onion, water
  chestnuts and bamboo shoots. Shred ginger root.
  
  3. Heat oil. Add ginger root and stir-fry a few times. Add all vegetables;
  stir-fry about 3 minutes.
  
  4. Add stock and heat quickly. Cook, covered, over medium heat until
  vegetables are done (5 to 7 minutes). Then stir in cooked chicken and ham
  only to heat through.
  
  5. Meanwhile blend cornstarch, soy sauce, sugar and cold water to a paste;
  then stir in to thicken mixture. Arrange as a topping over noodles in soup.
  Garnish with egg slices and serve. VARIATION: For the chicken, substitute
  cooked pork, beef, shrimp or lobster.
  
  From &lt;The Thousand Recipe Chinese Cookbook&gt;, ISBN 0-517-65870-4. Downloaded
  from Glen's MM Recipe Archive, http://www.erols.com/hosey.
 
</step></directions></recipe></recipeml>
