<?xml version="1.0" encoding="UTF-8"?>

<recipeml version="0.5">
  <recipe>
    <head>
      <title>Basic French Omelet</title>
      <categories>
        <cat>Eggs</cat></categories>
      <yield>2</yield></head>
    <ingredients>
      <ing>
        <amt>
          <qty>1</qty>
          <unit>teaspoon</unit></amt>
        <item>Olive oil</item></ing>
      <ing>
        <amt>
          <qty>6</qty>
          <unit/></amt>
        <item>Egg whites; whipped</item></ing>
      <ing>
        <amt>
          <qty>1</qty>
          <unit>tablespoon</unit></amt>
        <item>Water</item></ing>
      <ing>
        <amt>
          <qty>1</qty>
          <unit>teaspoon</unit></amt>
        <item>Salt</item></ing>
      <ing>
        <amt>
          <qty>1/2</qty>
          <unit>teaspoons</unit></amt>
        <item>Black pepper</item></ing>
      <ing>
        <amt>
          <qty/>
          <unit/></amt>
        <item>Fillings for basic French omelet (see recipe)</item></ing></ingredients>
    <directions>
      <step>  Date: Sat, 24 Feb 1996 17:19:03 -0700
  
  From: matejka@bga.com (Anita A. Matejka)
  
  Recipe By: The Best Of Family Circle Cookbook
  
  Heat oil over high heat in a skillet with a rounded bottom and sloping
  sides. In a mixing bowl, whip egg whites, water, salt, and black pepper
  together, using a fork. Pour egg mixture into skillet. Cook over moderately
  high heat until the bottom is set. Using a heatproof spatula, move the
  cooked mixture to the center and allow the uncooked mixture to flow into
  the bottom of the pan. When cooked, the omelet should be barely brown on
  the bottom, soft and moist in the center. Spoon the filling down the center
  of the omelet (*see note). Using a spatula and starting from the handle
  side, fold one third of the omelet over the center. With a heated serving
  plate in one hand, grasp the skillet in the other, palm up and tilt so the
  omelet rolls over onto the plate. Per serving: 72 Calories; 2g Fat (30%
  calories from fat); 11g Protein; 1g Carbohydrate; 0mg Cholesterol; 1231mg
  Sodium NOTES: See recipe "Fillings For Basic French Omelet".
  
  MC-RECIPE@MASTERCOOK.COM
  
  MASTERCOOK RECIPES LIST SERVER
  
  From the MasterCook recipe list.  Downloaded from Glen's MM Recipe Archive,
  http://www.erols.com/hosey.
 
</step></directions></recipe></recipeml>
