<?xml version="1.0" encoding="UTF-8"?>

<recipeml version="0.5">
  <recipe>
    <head>
      <title>Basic Noodles Chicken Topping #1</title>
      <categories>
        <cat>Soup</cat></categories>
      <yield>4</yield></head>
    <ingredients>
      <ing>
        <amt>
          <qty>1</qty>
          <unit>cup</unit></amt>
        <item>White meat chicken</item></ing>
      <ing>
        <amt>
          <qty>1</qty>
          <unit>cup</unit></amt>
        <item>Fresh mushrooms</item></ing>
      <ing>
        <amt>
          <qty>1/2</qty>
          <unit>cups</unit></amt>
        <item>Water chestnuts</item></ing>
      <ing>
        <amt>
          <qty>2</qty>
          <unit>tablespoons</unit></amt>
        <item>Oil</item></ing>
      <ing>
        <amt>
          <qty>1/2</qty>
          <unit>teaspoons</unit></amt>
        <item>Salt</item></ing>
      <ing>
        <amt>
          <qty>1/2</qty>
          <unit>cups</unit></amt>
        <item>Stock</item></ing>
      <ing>
        <amt>
          <qty>2</qty>
          <unit>teaspoons</unit></amt>
        <item>Cornstarch</item></ing>
      <ing>
        <amt>
          <qty>2</qty>
          <unit>tablespoons</unit></amt>
        <item>Water</item></ing></ingredients>
    <directions>
      <step>  1. Slice chicken, fresh mushrooms and water chetnuts.
  
  2. Heat oil. Add salt, then chicken, and stir-fry until chicken loses its
  pinkness (about 2 minutes).
  
  3. Add mushrooms and water chestnuts; stir-fry until mushrooms begin to
  soften (about 1 minute more).
  
  4. Add stock and heat quickly. Then simmer, covered, 3 to 4 minutes over
  medium heat.
  
  5. Meanwhile blend cornstarch and cold water to a paste; then stir in to
  thicken chicken mixture. Arrange as a topping over noodles in soup and
  serve. VARIATIONS:
  
  1. For the water chestnuts, substitute bamboo shoots.
  
  2. After step 3, sprinkle the chicken and vegetables with 1 to 2 teaspoons
  soy sauce.
  
  3. In step 5, add to the cornstarch paste 1 to 2 teaspoons soy sauce, 1/4
  teaspoon salt, 1/4 teaspoon sugar and a dash of pepper.
  
  From &lt;The Thousand Recipe Chinese Cookbook&gt;, ISBN 0-517-65870-4. Downloaded
  from Glen's MM Recipe Archive, http://www.erols.com/hosey.
 
</step></directions></recipe></recipeml>
