<?xml version="1.0" encoding="UTF-8"?>

<recipeml version="0.5">
  <recipe>
    <head>
      <title>Basic Noodles Chicken Topping #2</title>
      <categories>
        <cat>Soup</cat></categories>
      <yield>4</yield></head>
    <ingredients>
      <ing>
        <amt>
          <qty>4</qty>
          <unit/></amt>
        <item>Dried black mushrooms</item></ing>
      <ing>
        <amt>
          <qty>1</qty>
          <unit>cup</unit></amt>
        <item>White meat chicken</item></ing>
      <ing>
        <amt>
          <qty>1</qty>
          <unit>tablespoon</unit></amt>
        <item>Soy sauce</item></ing>
      <ing>
        <amt>
          <qty>1/4</qty>
          <unit>teaspoons</unit></amt>
        <item>Sugar</item></ing>
      <ing>
        <amt>
          <qty>1/4</qty>
          <unit>teaspoons</unit></amt>
        <item>Salt</item></ing>
      <ing>
        <amt>
          <qty>1</qty>
          <unit>dash</unit></amt>
        <item>Pepper</item></ing>
      <ing>
        <amt>
          <qty>1/2</qty>
          <unit>cups</unit></amt>
        <item>Bamboo shoots</item></ing>
      <ing>
        <amt>
          <qty>1/2</qty>
          <unit>pounds</unit></amt>
        <item>Spinach</item></ing>
      <ing>
        <amt>
          <qty>2</qty>
          <unit>slices</unit></amt>
        <item>Smoked ham</item></ing>
      <ing>
        <amt>
          <qty>2</qty>
          <unit>tablespoons</unit></amt>
        <item>Oil</item></ing>
      <ing>
        <amt>
          <qty>1/4</qty>
          <unit>teaspoons</unit></amt>
        <item>Salt</item></ing>
      <ing>
        <amt>
          <qty>2</qty>
          <unit>teaspoons</unit></amt>
        <item>Soy sauce</item></ing></ingredients>
    <directions>
      <step>  1. Soak dried mushrooms.
  
  2. Slice chicken. Combine soy sauce, sugar, salt and pepper. Add to chicken
  and toss to coat.
  
  3. Slice bamboo shoots and soaked mushrooms. Shred spinach and mince ham.
  
  4. Heat oil. Add remaining salt, then chicken and stir-fry until it loses
  its pinkness (about 2 minutes).
  
  5. Add bamboo shoots, mushrooms and spinach; stir-fry 2 minutes more.
  Sprinkle with remaining soy sauce.
  
  6. Arrange mixture as a topping over noodles in soup. Garnish with minced
  ham and serve. VARIATIONS:
  
  1. For the chicken, substitute shelled and deveined shrimp.
  
  2. For the spinach, substitute 2 tablespoons cloud ear mushrooms (soaked5.
  sliced; and 1/4 cup lily buds (soaked), cut in two.
  
  From &lt;The Thousand Recipe Chinese Cookbook&gt;, ISBN 0-517-65870-4. Downloaded
  from Glen's MM Recipe Archive, http://www.erols.com/hosey.
 
</step></directions></recipe></recipeml>
