<?xml version="1.0" encoding="UTF-8"?>

<recipeml version="0.5">
  <recipe>
    <head>
      <title>Basic Mustard and Variations</title>
      <categories>
        <cat>Condiments</cat></categories>
      <yield>6</yield></head>
    <ingredients>
      <ing>
        <amt>
          <qty/>
          <unit/></amt>
        <item>Jim Vorheis</item></ing>
      <ing>
        <amt>
          <qty>1/4</qty>
          <unit>cups</unit></amt>
        <item>Dry mustard</item></ing>
      <ing>
        <amt>
          <qty>1/4</qty>
          <unit>cups</unit></amt>
        <item>White wine vinegar</item></ing>
      <ing>
        <amt>
          <qty>1/3</qty>
          <unit>cups</unit></amt>
        <item>Dry white wine</item></ing>
      <ing>
        <amt>
          <qty>1</qty>
          <unit>teaspoon</unit></amt>
        <item>Sugar</item></ing>
      <ing>
        <amt>
          <qty>1/2</qty>
          <unit>teaspoons</unit></amt>
        <item>Salt</item></ing>
      <ing>
        <amt>
          <qty>3</qty>
          <unit/></amt>
        <item>Egg yolks</item></ing>
      <ing>
        <amt>
          <qty/>
          <unit/></amt>
        <item>Lime Mustard:</item></ing>
      <ing>
        <amt>
          <qty>3/4</qty>
          <unit>teaspoons</unit></amt>
        <item>Grated lime peel</item></ing>
      <ing>
        <amt>
          <qty>1 1/2</qty>
          <unit>teaspoons</unit></amt>
        <item>Lime juice</item></ing>
      <ing>
        <amt>
          <qty/>
          <unit/></amt>
        <item>Tarragon Mustard:</item></ing>
      <ing>
        <amt>
          <qty>1/2</qty>
          <unit>teaspoons</unit></amt>
        <item>Crushed tarragon</item></ing>
      <ing>
        <amt>
          <qty/>
          <unit/></amt>
        <item>Spicy Mustard:</item></ing>
      <ing>
        <amt>
          <qty>1/4</qty>
          <unit>teaspoons</unit></amt>
        <item>Ground turmeric</item></ing>
      <ing>
        <amt>
          <qty>1/4</qty>
          <unit>teaspoons</unit></amt>
        <item>Ground cloves</item></ing>
      <ing>
        <amt>
          <qty/>
          <unit/></amt>
        <item>Tomato Mustard:</item></ing>
      <ing>
        <amt>
          <qty>1</qty>
          <unit>teaspoon</unit></amt>
        <item>Paprika</item></ing>
      <ing>
        <amt>
          <qty>1</qty>
          <unit>tablespoon</unit></amt>
        <item>Chopped pimento</item></ing>
      <ing>
        <amt>
          <qty>1/2</qty>
          <unit>cups</unit></amt>
        <item>Tomato paste</item></ing></ingredients>
    <directions>
      <step>  Blend all ingredients except egg yolks and let stand 2 hours. Beat egg
  yolks into mixture.  Cook, stirring constantly, over hot (not boiling)
  water until slightly thickened, about 5 minutes. Cover and store in
  refrigerator for up to a month.
  
  LIME MUSTARD: When adding egg yolks, also add lime peel and juice and
  follow basic mustard recipe. Serve with lamb, chicken or fish.
  
  TARRAGON MUSTARD: When adding egg yolks, also add tarragon and follow basic
  mustard recipe. Serve with lamb, chicken, shrimp or steaks.
  
  SPICY MUSTARD: When adding egg yolks, also add turmeric and cloves and
  follow basic mustard recipe. Serve with ham, hamburgers or hot dogs.
  
  TOMATO MUSTARD: When adding egg yolks, also add paprika, pimento and tomato
  paste and follow basic mustard recipe. Serve with seafood, hamburgers, hot
  dogs or ham.
  
  Colorado Cache Cookbook (1978) From the collection of Jim Vorheis
  
  Posted to MM-Recipes Digest V4 #203 by Tim Brown &lt;tjbrown@kiva.net&gt; on Aug
  05, 1997
 
</step></directions></recipe></recipeml>
