<?xml version="1.0" encoding="UTF-8"?>

<recipeml version="0.5">
  <recipe>
    <head>
      <title>Basic Kibbi</title>
      <categories>
        <cat>Beef</cat>
        <cat>Lebanese</cat>
        <cat>Lamb</cat></categories>
      <yield>1</yield></head>
    <ingredients>
      <ing>
        <amt>
          <qty>2 2/3</qty>
          <unit>cups</unit></amt>
        <item>Bulgur; * see note</item></ing>
      <ing>
        <amt>
          <qty>1</qty>
          <unit>large</unit></amt>
        <item>Onion; grated</item></ing>
      <ing>
        <amt>
          <qty>2</qty>
          <unit>tablespoons</unit></amt>
        <item>Salt</item></ing>
      <ing>
        <amt>
          <qty>1/4</qty>
          <unit>teaspoons</unit></amt>
        <item>Pepper</item></ing>
      <ing>
        <amt>
          <qty>1/8</qty>
          <unit>teaspoons</unit></amt>
        <item>Cinnamon</item></ing>
      <ing>
        <amt>
          <qty>1/8</qty>
          <unit>teaspoons</unit></amt>
        <item>Allspice</item></ing>
      <ing>
        <amt>
          <qty>2</qty>
          <unit>pounds</unit></amt>
        <item>Ground lamb or beef</item></ing>
      <ing>
        <amt>
          <qty>* Add</qty>
          <unit>an</unit></amt>
        <item>additional 1/2 cup when using lamb.</item></ing></ingredients>
    <directions>
      <step>  Cover bulgur with cold water, soak for 10 minutes. Drain and press between
  palms of hand to remove excess water. Work onions and spices together with
  fingers. Knead meat and spices together thoroughly; add crushed wheat and
  continue kneading. Dip hands in ice water while kneading in order to soften
  kibbi. (Ingredients must be kept cold.) Run the kneaded mixture through a
  meat grinder one to three times for a finer consistency.
  
  Note: When using beef, 1 1/4 teaspoon of ground sweet basil may be added.
  
  Recipe by: Lebanese Cuisine, Madelain Farah
  
  Posted to MC-Recipe Digest by shade &lt;liveoak@polaris.net&gt; on Mar 14, 1998
 
</step></directions></recipe></recipeml>
