<?xml version="1.0" encoding="UTF-8"?>

<recipeml version="0.5">
  <recipe>
    <head>
      <title>Basic Fish Stock</title>
      <categories>
        <cat>Seafood</cat></categories>
      <yield>1</yield></head>
    <ingredients>
      <ing>
        <amt>
          <qty>4</qty>
          <unit>quarts</unit></amt>
        <item>Water</item></ing>
      <ing>
        <amt>
          <qty>1</qty>
          <unit>cup</unit></amt>
        <item>Dry white wine</item></ing>
      <ing>
        <amt>
          <qty>4</qty>
          <unit>pounds</unit></amt>
        <item>Fish trimmings</item></ing>
      <ing>
        <amt>
          <qty>2</qty>
          <unit>tablespoons</unit></amt>
        <item>Lemon juice</item></ing>
      <ing>
        <amt>
          <qty>1</qty>
          <unit/></amt>
        <item>Onion peeled/halved</item></ing>
      <ing>
        <amt>
          <qty>2</qty>
          <unit/></amt>
        <item>Stalks celery, halved</item></ing>
      <ing>
        <amt>
          <qty>4</qty>
          <unit/></amt>
        <item>Sprigs parsley</item></ing>
      <ing>
        <amt>
          <qty>2</qty>
          <unit/></amt>
        <item>Sprigs thyme (or 1/2 t dried</item></ing>
      <ing>
        <amt>
          <qty>6</qty>
          <unit/></amt>
        <item>Peppercorns</item></ing></ingredients>
    <directions>
      <step>  BRING THE WATER AND WINE to a boil over high heat. Wash all the fish
  trimmings. Add the fish trimmings, lemon juice, onion, celery, parsley,
  thyme and peppercorns to the pot. When the water returns to a boil, reduce
  the heat so that it is barely simmering, and simmer for 2 hours. Strain the
  stock, extracting as much liquid as possible from the solids. Discard the
  solids, and allow the stock to reach room temperature before refrigerating
  or freezing. Makes 3 qts. The stock can be refrigerated up to four days, or
  frozen for up to six months.
  
  From Gemini's MASSIVE MealMaster collection at www.synapse.com/~gemini
 
</step></directions></recipe></recipeml>
