<?xml version="1.0" encoding="UTF-8"?>

<recipeml version="0.5">
  <recipe>
    <head>
      <title>Basic Homemade Country Sausage</title>
      <categories>
        <cat>Sausage</cat></categories>
      <yield>1</yield></head>
    <ingredients>
      <ing>
        <amt>
          <qty>2</qty>
          <unit>pounds</unit></amt>
        <item>Lean pork (shoulder/butt or trimmings)</item></ing>
      <ing>
        <amt>
          <qty>1/2</qty>
          <unit>pounds</unit></amt>
        <item>Pork fatback</item></ing>
      <ing>
        <amt>
          <qty>3</qty>
          <unit>teaspoons</unit></amt>
        <item>Kosher salt</item></ing>
      <ing>
        <amt>
          <qty>1 1/2</qty>
          <unit>teaspoons</unit></amt>
        <item>Freshly ground black pepper</item></ing>
      <ing>
        <amt>
          <qty>1 1/2</qty>
          <unit>teaspoons</unit></amt>
        <item>Dried sage; crumbled fine</item></ing>
      <ing>
        <amt>
          <qty>1/2</qty>
          <unit>tablespoons</unit></amt>
        <item>Cayenne</item></ing>
      <ing>
        <amt>
          <qty>1</qty>
          <unit>tablespoon</unit></amt>
        <item>Sugar</item></ing>
      <ing>
        <amt>
          <qty>1/4</qty>
          <unit>cups</unit></amt>
        <item>Water</item></ing></ingredients>
    <directions>
      <step>  Coarsely grind the pork meat and fatback together into a large bowl. Add
  the salt, black pepper, dried sage, cayenne, sugar and water and quickly
  but thoroughly mix to combine. In a hot skillet fry a tablespoon of the
  sausage until done, taste and adjust seasoning if necessary. Shape sausage
  into patties. In a skillet fry patties until browned on both sides and no
  longer pink in the center. Serve hot. Yield: 2 1/2 pounds; about 15 patties
  NOTES : Cooking Live Show #CL8814 Recipe by: Cooking Live Show #CL8814
  From: Angele Freeman &lt;jfreeman@netusa1.net&gt; Date: Wed, 5 Feb 1997 14:49:37
  ~0500 (EST)
  Posted to TNT - Prodigy's Recipe Exchange Newsletter  by
  ksmith3001@juno.com (Katherine L Smith) on Oct 24, 1997
 
</step></directions></recipe></recipeml>
