<?xml version="1.0" encoding="UTF-8"?>

<recipeml version="0.5">
  <recipe>
    <head>
      <title>Basic French Bread</title>
      <categories>
        <cat>None</cat></categories>
      <yield>1</yield></head>
    <ingredients>
      <ing>
        <amt>
          <qty>4 3/4</qty>
          <unit>cups</unit></amt>
        <item>Flour</item></ing>
      <ing>
        <amt>
          <qty>2</qty>
          <unit>tablespoons</unit></amt>
        <item>Sugar</item></ing>
      <ing>
        <amt>
          <qty>2</qty>
          <unit>teaspoons</unit></amt>
        <item>Salt</item></ing>
      <ing>
        <amt>
          <qty>2</qty>
          <unit>teaspoons</unit></amt>
        <item>Yeast</item></ing>
      <ing>
        <amt>
          <qty>1 3/4</qty>
          <unit>cups</unit></amt>
        <item>Water</item></ing></ingredients>
    <directions>
      <step>  I usually add herbs to this (which I never measure, but about 2 tsp total
  is pretty flavorful), and top with seeds. I've also substituted or added
  whole wheat flour(up to 2 cups), wheat and/or oat bran, cheese, oil, dried
  garlic and onions, even spinach powder (which turned the bread green; I
  thought it looked gross, but everybody else liked it.)
  
  My favorite herb combo is dried, minced garlic (or garlic powder), dill
  weed, and dill seed.
  
  I use a mix of seeds for the top, usually sesame, poppy, flax, and caraway.
  These would look nice in a bow-tied cellophane bag!
  
  Posted to Digest bread-bakers.v097.n056 by Lee &amp; Bill
  &lt;steiconi@hotcoco.infi.net&gt; on Sep 07, 1997
 
</step></directions></recipe></recipeml>
