<?xml version="1.0" encoding="UTF-8"?>

<recipeml version="0.5">
  <recipe>
    <head>
      <title>Basic Marinara Sauce</title>
      <categories>
        <cat>Sauces/pest</cat>
        <cat>Vegetarian</cat></categories>
      <yield>1</yield></head>
    <ingredients>
      <ing>
        <amt>
          <qty>8</qty>
          <unit/></amt>
        <item>Onions; diced</item></ing>
      <ing>
        <amt>
          <qty>1/2</qty>
          <unit>cups</unit></amt>
        <item>Celery; diced</item></ing>
      <ing>
        <amt>
          <qty>10</qty>
          <unit/></amt>
        <item>Cloves garlic; minced</item></ing>
      <ing>
        <amt>
          <qty>1/4</qty>
          <unit>teaspoons</unit></amt>
        <item>Salt</item></ing>
      <ing>
        <amt>
          <qty>1</qty>
          <unit>can</unit></amt>
        <item>Diced tomatoes (#10)</item></ing>
      <ing>
        <amt>
          <qty>1/2</qty>
          <unit>cans</unit></amt>
        <item>Tomato paste (#10)</item></ing>
      <ing>
        <amt>
          <qty>2 1/2</qty>
          <unit>quarts</unit></amt>
        <item>Water</item></ing>
      <ing>
        <amt>
          <qty>2</qty>
          <unit>teaspoons</unit></amt>
        <item>Dried basil</item></ing>
      <ing>
        <amt>
          <qty>2</qty>
          <unit>teaspoons</unit></amt>
        <item>Dried thyme</item></ing>
      <ing>
        <amt>
          <qty>1/2</qty>
          <unit>cups</unit></amt>
        <item>Dried oregano</item></ing>
      <ing>
        <amt>
          <qty>1/3</qty>
          <unit>teaspoons</unit></amt>
        <item>Ground fennel</item></ing>
      <ing>
        <amt>
          <qty>1 1/2</qty>
          <unit>cups</unit></amt>
        <item>Fresh tomatoes; diced</item></ing>
      <ing>
        <amt>
          <qty>1</qty>
          <unit>teaspoon</unit></amt>
        <item>Black pepper; freshly ground</item></ing>
      <ing>
        <amt>
          <qty>1/2</qty>
          <unit>cups</unit></amt>
        <item>Parsley; chopped</item></ing>
      <ing>
        <amt>
          <qty>2</qty>
          <unit>tablespoons</unit></amt>
        <item>Garlic; minced</item></ing></ingredients>
    <directions>
      <step>  In a large stock pot, saute the onions, celery, 10 cloves of minced garlic,
  and 1/4 teaspoon salt in approx. 1 1/2 teaspoons canola oil until
  translucent.
  
  Add the basil, thyme, fennel, oregano, and black pepper and cook for
  approximately 2 more minutes.
  
  Add the canned diced tomatoes; stir. Add the tomato paste; mix well, adding
  in the water as you stir. Add the second amount of garlic and diced fresh
  tomatoes.
  
  Allow marinara to come to a boil and then reduce to a bare simmer. Allow to
  cook for at least one hour, preferably 3 or 4.
  
  DO NOT SCORCH.
  
  Add in the chopped fresh parsley during the last hour of cooking.
  
  Serving Ideas : Excellent by itself or as a base.
  
  NOTES : True and tried.  Holds for approx. 5 days under refrigeration.  Can
  be frozen.
  Recipe by: Harvest Cafe &amp; Bakery/Oxford MS Posted to CHILE-HEADS DIGEST V4
  #079 by SenorJesus &lt;rael64@ebicom.net&gt; on Aug 11, 1997
 
</step></directions></recipe></recipeml>
