<?xml version="1.0" encoding="UTF-8"?>

<recipeml version="0.5">
  <recipe>
    <head>
      <title>Basic Muffins</title>
      <categories>
        <cat>Breads</cat>
        <cat>Low-fat</cat>
        <cat>Muffins</cat>
        <cat>Mcdougall</cat></categories>
      <yield>4</yield></head>
    <ingredients>
      <ing>
        <amt>
          <qty>1</qty>
          <unit>cup</unit></amt>
        <item>Whole-wheat flour</item></ing>
      <ing>
        <amt>
          <qty>2</qty>
          <unit>teaspoons</unit></amt>
        <item>Baking powder</item></ing>
      <ing>
        <amt>
          <qty>1/4</qty>
          <unit>cups</unit></amt>
        <item>Honey</item></ing>
      <ing>
        <amt>
          <qty>2</qty>
          <unit>cups</unit></amt>
        <item>Water; or nut milk</item></ing>
      <ing>
        <amt>
          <qty>2</qty>
          <unit>tablespoons</unit></amt>
        <item>Applesauce</item></ing>
      <ing>
        <amt>
          <qty>1/2</qty>
          <unit>teaspoons</unit></amt>
        <item>Vanilla</item></ing>
      <ing>
        <amt>
          <qty>1</qty>
          <unit>cup</unit></amt>
        <item>Cornmeal</item></ing></ingredients>
    <directions>
      <step>  Recipe by: McDougall Preparation Time: 0:45 Combine dry ingredients.
  Combine wet ingredients. Fold dry and wet ingredients together, until just
  moistened. Spoon into lightly oiled or non-stick muffin tins. Bake at 350
  degrees for 30 minutes.
  From the collection of Sue Smith, S.Smith34, Uploaded June 16, 1994
  File ftp://ftp.idiscover.co.uk/pub/food/mealmaster/recipes/mcdougal.zip
 
</step></directions></recipe></recipeml>
