<?xml version="1.0" encoding="UTF-8"?>

<recipeml version="0.5">
  <recipe>
    <head>
      <title>Basic Fried Rice #1</title>
      <categories>
        <cat>Rice</cat></categories>
      <yield>4</yield></head>
    <ingredients>
      <ing>
        <amt>
          <qty>3</qty>
          <unit>tablespoons</unit></amt>
        <item>Soybean oil</item></ing>
      <ing>
        <amt>
          <qty>3/4</qty>
          <unit>teaspoons</unit></amt>
        <item>Salt</item></ing>
      <ing>
        <amt>
          <qty>1</qty>
          <unit/></amt>
        <item>Egg; well beaten</item></ing>
      <ing>
        <amt>
          <qty>1</qty>
          <unit>cup</unit></amt>
        <item>Bean sprouts (optional)</item></ing>
      <ing>
        <amt>
          <qty>1/2</qty>
          <unit>cups</unit></amt>
        <item>Onions; cubed</item></ing>
      <ing>
        <amt>
          <qty>1/2</qty>
          <unit>teaspoons</unit></amt>
        <item>Accent (up to)</item></ing>
      <ing>
        <amt>
          <qty>5</qty>
          <unit>cups</unit></amt>
        <item>Cooked; cold rice (up to)</item></ing>
      <ing>
        <amt>
          <qty>3</qty>
          <unit/></amt>
        <item>Green onions; diced</item></ing>
      <ing>
        <amt>
          <qty>2</qty>
          <unit>teaspoons</unit></amt>
        <item>Soy sauce</item></ing>
      <ing>
        <amt>
          <qty>1</qty>
          <unit>dash</unit></amt>
        <item>Black pepper</item></ing></ingredients>
    <directions>
      <step>  Heat oil in deep cast iron skillet. When hot, add salt. Scramble egg in oil
  quickly and leave in skillet. Add bean sprouts, onions, Accent and stir 1
  minute. Turn down heat to avoid burning rice. Add rice and continue
  stirring and mixing for 3-4 minutes. Add green onions, pepper and soy
  sauce, stirring constantly to mix. Variations: Use basic recipe and add 1
  cup raw or cooked chicken meat when adding onions. Or, use 6 ounces raw or
  cooked shrimp which has been thoroughly defrosted and drained. Or, use 1
  cup diced ham or 1 cup pork steak or pork chop, diced. Or, make combination
  fried rice using lesser amounts of each type of meat desired mixed for a
  total of 1 cup.
  
  MRS DANIEL TONYMON (SUSIE)
  
  FORT WORTH, TX
  
  From the book &lt;High Cotton Cookin'&gt;, Marvell Academy Mothers Assn, Marvell,
  AR  72366, ISBN 0-918544-14-9, downloaded from Glen's MM Recipe Archive,
  http://www.erols.com/hosey.
 
</step></directions></recipe></recipeml>
