<?xml version="1.0" encoding="UTF-8"?>

<recipeml version="0.5">
  <recipe>
    <head>
      <title>Basic Lemon Grass Curry Sauce</title>
      <categories>
        <cat>Soup</cat></categories>
      <yield>4</yield></head>
    <ingredients>
      <ing>
        <amt>
          <qty>1/3</qty>
          <unit>cups</unit></amt>
        <item>Lemon grass; sliced</item></ing>
      <ing>
        <amt>
          <qty>4</qty>
          <unit/></amt>
        <item>Cloves garlic</item></ing>
      <ing>
        <amt>
          <qty>1</qty>
          <unit>teaspoon</unit></amt>
        <item>Dried galangal</item></ing>
      <ing>
        <amt>
          <qty>1</qty>
          <unit>teaspoon</unit></amt>
        <item>Ground turmeric</item></ing>
      <ing>
        <amt>
          <qty>1</qty>
          <unit/></amt>
        <item>Jalapeno chile; stemmed &amp; seeded</item></ing>
      <ing>
        <amt>
          <qty>3</qty>
          <unit/></amt>
        <item>Shallots</item></ing>
      <ing>
        <amt>
          <qty>3 1/2</qty>
          <unit>cups</unit></amt>
        <item>Coconut milk</item></ing>
      <ing>
        <amt>
          <qty>3</qty>
          <unit/></amt>
        <item>Lime leaves</item></ing>
      <ing>
        <amt>
          <qty>1</qty>
          <unit>pinch</unit></amt>
        <item>Salt or shrimp paste</item></ing></ingredients>
    <directions>
      <step>  Recipe By: Richard Sterling
  
  Puree together the lemon grass, garlic, galangal, turmeric, Jalapeños and
  shallots.  Bring the coconut milk to a boil and add the pureed ingredients,
  lime leaves, and salt and boil gently, stirring constantly, for about 5
  minutes.  Reduce the heat to low and simmer, stirring often, for about 30
  minutes, or until lime leaves are tender and the sauce is creamy. Remove
  the leaves before serving.
  
  To prepare one portion, pour 1/2 cup of this curry sauce into a shallow
  vessel or a wok.  Add 1/2 cup of meat or vegetables, bring to a medium boil
  and cook to desired degree.  NOTES : Yield: 1 quart. Heat Scale: Mild
  
  SirRedhawk@aol.com
  
  CHILE-HEADS ARCHIVES
  
  From the Chile-Heads recipe list.  Downloaded from Glen's MM Recipe
  Archive, http://www.erols.com/hosey.
 
</step></directions></recipe></recipeml>
