<?xml version="1.0" encoding="UTF-8"?>

<recipeml version="0.5">
  <recipe>
    <head>
      <title>Basic Free Green Salad</title>
      <categories>
        <cat>Salad</cat></categories>
      <yield>8</yield></head>
    <ingredients>
      <ing>
        <amt>
          <qty>2</qty>
          <unit>cups</unit></amt>
        <item>Romaine lettuce; shredded</item></ing>
      <ing>
        <amt>
          <qty>2</qty>
          <unit>cups</unit></amt>
        <item>Iceberg lettuce; shredded</item></ing>
      <ing>
        <amt>
          <qty>1</qty>
          <unit>cup</unit></amt>
        <item>Spinach or Swiss chard; shredded</item></ing>
      <ing>
        <amt>
          <qty>12</qty>
          <unit/></amt>
        <item>Radishes; whole or sliced</item></ing>
      <ing>
        <amt>
          <qty>1</qty>
          <unit>cup</unit></amt>
        <item>Curly endive</item></ing>
      <ing>
        <amt>
          <qty>1</qty>
          <unit/></amt>
        <item>Cucumber; sliced</item></ing>
      <ing>
        <amt>
          <qty>2</qty>
          <unit/></amt>
        <item>Sticks celery; diced w tops</item></ing>
      <ing>
        <amt>
          <qty/>
          <unit/></amt>
        <item>See instructions for other possible ingredients</item></ing></ingredients>
    <directions>
      <step>  From: kmeade@ids2.idsonline.com (The Meades)
  
  Date: Tue, 16 Apr 1996 17:52:47 -0400
  Use your own combinations: Boston or bibb lettuce, Red/green cabbage, Kale
  or comfrey, Chicory or sorrell, Parsley or watercress, Turnip, collard,
  beet greens, Or mustard or dandelion, Onions, tomatoes, sprouts, sliced
  fresh mushrooms, Red/green/gold peppers, sliced, Flowerettes og broccoli or
  Caulifower, Zucchini or yellow squash, sliced, Scallions or chives.
  
  Food Exchanges per serving: FREE
  
  Source: Vegetarian Cooking for Diatetics by Patricia Mozzer Brought to you
  and yours via Nancy O'Brion and her Meal Master
  
  MC-RECIPE@MASTERCOOK.COM
  
  MASTERCOOK RECIPES LIST SERVER
  
  MC-RECIPE DIGEST V1 #46
  
  From the MasterCook recipe list.  Downloaded from Glen's MM Recipe Archive,
  http://www.erols.com/hosey.
 
</step></directions></recipe></recipeml>
