<?xml version="1.0" encoding="UTF-8"?>

<recipeml version="0.5">
  <recipe>
    <head>
      <title>Basic Noodles in Soup #2</title>
      <categories>
        <cat>Soup</cat></categories>
      <yield>6</yield></head>
    <ingredients>
      <ing>
        <amt>
          <qty/>
          <unit/></amt>
        <item>Topping for soup</item></ing>
      <ing>
        <amt>
          <qty>1/2</qty>
          <unit>pounds</unit></amt>
        <item>Egg noodles</item></ing>
      <ing>
        <amt>
          <qty>2</qty>
          <unit>teaspoons</unit></amt>
        <item>Soy sauce</item></ing>
      <ing>
        <amt>
          <qty>1</qty>
          <unit>teaspoon</unit></amt>
        <item>Peanut oil</item></ing>
      <ing>
        <amt>
          <qty>3</qty>
          <unit>drops</unit></amt>
        <item>Sesame oil; more or less</item></ing>
      <ing>
        <amt>
          <qty>1/8</qty>
          <unit>teaspoons</unit></amt>
        <item>Pepper</item></ing>
      <ing>
        <amt>
          <qty>6</qty>
          <unit>cups</unit></amt>
        <item>Stock</item></ing></ingredients>
    <directions>
      <step>  1. Prepare any of the simple or stir-fried toppings suggested in recipes:
  "Basic Noodles Simple Toppings", "Basic Noodles Chicken Topping #1/#2",
  "Basic Noodles Cooked Chicken Topping #1/#2", or "Basic Noodles Pork and
  Spinach Topping"
  
  2. Parboil noodles as in "Parboiled Noodles #1/#2".
  
  3. Place noodles in a bowl. Add soy sauce, peanut oil, sesame oil and
  pepper, and toss well. Keep noodles warm. Meanwhile bring stock to a boil.
  
  4. Transfer noodles to a large tureen or to individual soup bowls. Arrange
  topping over noodles; then pour heated stock over and serve at once.
  
  NOTE: When stir-fried toppings are used, the stock is added first in step
  4, then the topping. VARIATIONS:
  
  1. Leave the noodles unseasoned. Season the stock instead with 1/2 teaspoon
  salt and the pepper.
  
  2. After step 2, brown the noodles in a little oil before placing them in
  soup bowls. Season lightly with salt and pepper.
  
  From &lt;The Thousand Recipe Chinese Cookbook&gt;, ISBN 0-517-65870-4. Downloaded
  from Glen's MM Recipe Archive, http://www.erols.com/hosey.
 
</step></directions></recipe></recipeml>
