<?xml version="1.0" encoding="UTF-8"?>

<recipeml version="0.5">
  <recipe>
    <head>
      <title>Basic Lemonade</title>
      <categories>
        <cat>Beverages</cat></categories>
      <yield>10</yield></head>
    <ingredients>
      <ing>
        <amt>
          <qty>1</qty>
          <unit/></amt>
        <item>Makes 2-1/2 Quarts</item></ing>
      <ing>
        <amt>
          <qty>6</qty>
          <unit/></amt>
        <item>Lemons</item></ing>
      <ing>
        <amt>
          <qty>1</qty>
          <unit>cup</unit></amt>
        <item>Sugar</item></ing>
      <ing>
        <amt>
          <qty>8</qty>
          <unit>cups</unit></amt>
        <item>Ice Water</item></ing>
      <ing>
        <amt>
          <qty>1</qty>
          <unit>cup</unit></amt>
        <item>Boiling Water</item></ing></ingredients>
    <directions>
      <step>  Squeeze juice from lemons into a bowl.  Set lemon rinds aside; strain lemon
  juice into a large pitcher. Add sugar and ice water; stir until sugar is
  dissolved.  Set aside.  Place lemon rinds in a bowl and add boiling water.
  Let stand until water is cold. Discard rinds, add water to picher and stir
  well. Refridgerate until well chilled.
  From Sheila Buff and Judi Olstein, "The New Mixer's Guide to Low-Alcohol &amp;
  Nonalcoholic Drinks." Published By HPBooks, Inc., 1986, ISBN 0-89586-458-4.
  
  From Gemini's MASSIVE MealMaster collection at www.synapse.com/~gemini
 
</step></directions></recipe></recipeml>
