<?xml version="1.0" encoding="UTF-8"?>

<recipeml version="0.5">
  <recipe>
    <head>
      <title>Basic Green Salad</title>
      <categories>
        <cat>Lunch</cat>
        <cat>Salad: vege</cat></categories>
      <yield>3</yield></head>
    <ingredients>
      <ing>
        <amt>
          <qty>4</qty>
          <unit>cups</unit></amt>
        <item>Lettuce; variety</item></ing>
      <ing>
        <amt>
          <qty>1/2</qty>
          <unit>medium</unit></amt>
        <item>Cucumber; peeled and sliced</item></ing>
      <ing>
        <amt>
          <qty>1</qty>
          <unit>large</unit></amt>
        <item>Plum tomato; sliced</item></ing>
      <ing>
        <amt>
          <qty>1/4</qty>
          <unit>cups</unit></amt>
        <item>Salad dressing</item></ing></ingredients>
    <directions>
      <step>  Toss vegetables together with salad dressing. Serve.
  
  Serving Ideas : Add croutons and bacon bits if desired.
  Posted to recipelu-digest by "Valerie Whittle" &lt;catspaw@inetnow.net&gt; on Feb
  7, 1998
 
</step></directions></recipe></recipeml>
