<?xml version="1.0" encoding="UTF-8"?>

<recipeml version="0.5">
  <recipe>
    <head>
      <title>Basic Graham Cracker Crust</title>
      <categories>
        <cat>Digest</cat>
        <cat>Nov.</cat>
        <cat>Fatfree</cat></categories>
      <yield>1</yield></head>
    <ingredients>
      <ing>
        <amt>
          <qty>1 1/2</qty>
          <unit>cups</unit></amt>
        <item>Crushed SnackWell's Cinnamon</item></ing>
      <ing>
        <amt>
          <qty/>
          <unit/></amt>
        <item>Graham Snacks- Fat Free</item></ing>
      <ing>
        <amt>
          <qty/>
          <unit/></amt>
        <item>(appx 1 box)</item></ing>
      <ing>
        <amt>
          <qty>2</qty>
          <unit>tablespoons</unit></amt>
        <item>Sugar</item></ing>
      <ing>
        <amt>
          <qty>1 1/2</qty>
          <unit>tablespoons</unit></amt>
        <item>Liquid Butter Buds</item></ing></ingredients>
    <directions>
      <step>  Crush the SnackWell's graham crackers by placing pieces on wax paper and
  rolling over them with a rolling pin, mix till moistened an press into a
  Pam prepared pan.
  
  * I kept adding liquid butter buds until moist  enough to cling together
  when  pressed into springform pan (more like 3 tablespoons) * I did not put
  any toppings on, but had blueberries,  strawberries  &amp; peaches on the side
  for those who wanted a topping.
  
  The slightly modified cheesecake recipe came from:  Posted by Cooking
  without Fat by George Mateljan, Health Valley Foods The Basic Graham
  Cracker Crust recipe came from : Butter Busters by Pam Mycoskie
  
  Posted by "Shanks, Mira L." &lt;MLM6@NCH08A.EM.CDC.GOV&gt; to the Fatfree Dig.
  Vol. 12 Issue 9 Nov. 10, 1994. FATFREE Recipe collections copyrighted by
  Michelle Dick 1994. Used with permission. Formatted by Sue Smith,
  S.Smith34, TXFT40A@Prodigy.com using MMCONV.
  
  File ftp://ftp.idiscover.co.uk/pub/food/mealmaster/recipes/fatfreex.zip
 
</step></directions></recipe></recipeml>
