<?xml version="1.0" encoding="UTF-8"?>

<recipeml version="0.5">
  <recipe>
    <head>
      <title>Basic Meatballs</title>
      <categories>
        <cat>Ground beef</cat>
        <cat>Main dish</cat>
        <cat>Meatballs</cat>
        <cat>Meats</cat></categories>
      <yield>6</yield></head>
    <ingredients>
      <ing>
        <amt>
          <qty>1</qty>
          <unit>pound</unit></amt>
        <item>Ground Beef</item></ing>
      <ing>
        <amt>
          <qty>1</qty>
          <unit/></amt>
        <item>Egg; Large</item></ing>
      <ing>
        <amt>
          <qty>1/4</qty>
          <unit>cups</unit></amt>
        <item>Onion; Chopped, 1 Sm.</item></ing>
      <ing>
        <amt>
          <qty>1/3</qty>
          <unit>cups</unit></amt>
        <item>Bread Crumbs; Dry</item></ing>
      <ing>
        <amt>
          <qty>1/4</qty>
          <unit>cups</unit></amt>
        <item>Milk</item></ing>
      <ing>
        <amt>
          <qty>3/4</qty>
          <unit>teaspoons</unit></amt>
        <item>Salt</item></ing>
      <ing>
        <amt>
          <qty>1/8</qty>
          <unit>teaspoons</unit></amt>
        <item>Pepper</item></ing>
      <ing>
        <amt>
          <qty>1</qty>
          <unit>teaspoon</unit></amt>
        <item>Worcestershire Sauce</item></ing></ingredients>
    <directions>
      <step>  Mix all the ingredients together.  Shape mixture by Tablespoonfuls into 1
  1/2-inch balls.  (For ease in shaping the meatball, occasionally wet your
  hands with cold water.)
  
  TO COOK IN A SKILLET:
  
  Heat 1 Tbls salad oil in a large skillet, cook the meatballs over medium
  heat until brown, about 20 minutes.  Drain off excess fat.
  
  TO COOK IN THE OVEN:
  
  Place the meatballs in a lightly greased baking pan 13 X 9 X 2 or 15 1/2
  X 9 1/2 X 1-inch; bake, uncovered, in a 400 degree F. oven until light
  brown, about 20 minutes.  Drain off the excess fat.
 
</step></directions></recipe></recipeml>
