<?xml version="1.0" encoding="UTF-8"?>

<recipeml version="0.5">
  <recipe>
    <head>
      <title>Au Gratin Potatoes and Ham</title>
      <categories>
        <cat>None</cat></categories>
      <yield>1</yield></head>
    <ingredients>
      <ing>
        <amt>
          <qty>6</qty>
          <unit>cups</unit></amt>
        <item>(6 medium) potatoes; sliced and peeled</item></ing>
      <ing>
        <amt>
          <qty>1</qty>
          <unit>medium</unit></amt>
        <item>Onion; coarsely chopped</item></ing>
      <ing>
        <amt>
          <qty>1</qty>
          <unit/></amt>
        <item>1/2 cups cubed cooked ham; up to 1</item></ing>
      <ing>
        <amt>
          <qty>4</qty>
          <unit>ounces</unit></amt>
        <item>(1 cup) shredded american cheese</item></ing>
      <ing>
        <amt>
          <qty>10 3/4</qty>
          <unit>ounces</unit></amt>
        <item>Condensed cream of mushroom soup</item></ing>
      <ing>
        <amt>
          <qty>1/2</qty>
          <unit>cups</unit></amt>
        <item>Milk</item></ing>
      <ing>
        <amt>
          <qty>1/4</qty>
          <unit>teaspoons</unit></amt>
        <item>Thyme; up to 1/2</item></ing></ingredients>
    <directions>
      <step>  In slow cooker, layer half each of the potatoes, onion, ham and cheese;
  repeat layers. In small bowl, combine soup, milk and thyme; pour over top.
  Cover; cook on high setting for 1 hour. Reduce to low setting; cook for 6
  to 8 hours or until potatoes are tender. 7 (1 cup) servings.
  Posted to MC-Recipe Digest V1 #1059 by "M. Hicks" &lt;nitro_ii@email.msn.com&gt;
  on Jan 29, 1998
 
</step></directions></recipe></recipeml>
