<?xml version="1.0" encoding="UTF-8"?>

<recipeml version="0.5">
  <recipe>
    <head>
      <title>Authentic Fried Rice</title>
      <categories>
        <cat>Rice</cat></categories>
      <yield>4</yield></head>
    <ingredients>
      <ing-div>
        <title/>
        <ing>
          <amt>
            <qty>2</qty>
            <unit>ounces</unit></amt>
          <item>Chinese barbecued pork</item></ing>
        <ing>
          <amt>
            <qty>1/4</qty>
            <unit>pounds</unit></amt>
          <item>Fresh or frozen peas</item></ing>
        <ing>
          <amt>
            <qty>2</qty>
            <unit>tablespoons</unit></amt>
          <item>Oil; preferably peanut</item></ing>
        <ing>
          <amt>
            <qty>2</qty>
            <unit>cups</unit></amt>
          <item>Long-grain rice; steamed and chilled</item></ing>
        <ing>
          <amt>
            <qty>1</qty>
            <unit>teaspoon</unit></amt>
          <item>Salt</item></ing>
        <ing>
          <amt>
            <qty>2</qty>
            <unit/></amt>
          <item>Eggs; beaten</item></ing>
        <ing>
          <amt>
            <qty>4</qty>
            <unit>ounces</unit></amt>
          <item>Fresh bean sprouts</item></ing></ing-div>
      <ing-div>
        <title>GARNISH</title>
        <ing>
          <amt>
            <qty>2</qty>
            <unit>tablespoons</unit></amt>
          <item>Finely chopped scallions</item></ing></ing-div></ingredients>
    <directions>
      <step>  CUT THE PORK INTO FINE DICE. Blanch the peas in a saucepan of boiling water
  for about 5 minutes if they are fresh or 2 minutes if they are frozen.
  Drain them in a colander. Heat a wok or large skillet until it is hot. Then
  add the oil and wait until it is almost smoking. Add the cooked rice and
  stir-fry it for 1 minute, and then add the barbecued pork, peas and salt.
  Continue to stir-fry the mixture for 5 minutes over high heat. Next add the
  beaten eggs and bean sprouts and continue to stir-fry for 2 minutes or
  until the eggs have set. Turn the mixture onto a plate and garnish it with
  the scallions. Serve at once, or let it cool and serve as a cold rice
  salad.
  
  Date:    6/28/96 7:27 AM
  
  From: dlassiter@atsva.com
  
  MC-Recipe Digest V1 #133
  
  From the MasterCook recipe list.  Downloaded from Glen's MM Recipe Archive,
  http://www.erols.com/hosey.
 
</step></directions></recipe></recipeml>
