<?xml version="1.0" encoding="UTF-8"?>

<recipeml version="0.5">
  <recipe>
    <head>
      <title>Authentic Apple Brown Betty</title>
      <categories>
        <cat>Desserts</cat>
        <cat>Fruits</cat>
        <cat>Pies</cat></categories>
      <yield>6</yield></head>
    <ingredients>
      <ing>
        <amt>
          <qty>2</qty>
          <unit>cups</unit></amt>
        <item>Cubed homemade bread (no crusts)</item></ing>
      <ing>
        <amt>
          <qty>2</qty>
          <unit>tablespoons</unit></amt>
        <item>Melted butter</item></ing>
      <ing>
        <amt>
          <qty>3</qty>
          <unit>cups</unit></amt>
        <item>Pared, thinly sliced apples (4 large)</item></ing>
      <ing>
        <amt>
          <qty>1</qty>
          <unit>cup</unit></amt>
        <item>White sugar</item></ing>
      <ing>
        <amt>
          <qty>1/2</qty>
          <unit>teaspoons</unit></amt>
        <item>Nutmeg</item></ing>
      <ing>
        <amt>
          <qty>1/4</qty>
          <unit>teaspoons</unit></amt>
        <item>Cinnamon</item></ing>
      <ing>
        <amt>
          <qty>1/4</qty>
          <unit>teaspoons</unit></amt>
        <item>Cloves</item></ing>
      <ing>
        <amt>
          <qty>2</qty>
          <unit>tablespoons</unit></amt>
        <item>Butter; in small dots</item></ing>
      <ing>
        <amt>
          <qty>1</qty>
          <unit/></amt>
        <item>Lemon; grated rind and juice of</item></ing></ingredients>
    <directions>
      <step>  Put a layer of cubed bread in buttered souffle dish that will hold 1-1/2
  quarts.  Mix apples, sugar and spices. Cover bread with a layer of apples.
  Dot with butter; add a little lemon juice and rind. Repeat layers, ending
  in bread cubes, until dish is well-heaped. Cover and bake in a preheated
  375-degree oven for 30 minutes. Uncover and bake until apples are tender
  and crust golden brown, about 30 more minutes. Serve at once with vanilla
  ice cream.  Like a souffle, it will collapse if allowed to stand.
  
  Serves 6. Submitted By ROBERT.FOSTER@NASHVILLE.COM (ROBERT FOSTER) On 10
  NOV 1995 060029 -0700
  
  From Gemini's MASSIVE MealMaster collection at www.synapse.com/~gemini
 
</step></directions></recipe></recipeml>
