<?xml version="1.0" encoding="UTF-8"?>

<recipeml version="0.5">
  <recipe>
    <head>
      <title>Authentic Sweet-And-Sour Pork</title>
      <categories>
        <cat>Meats</cat></categories>
      <yield>4</yield></head>
    <ingredients>
      <ing-div>
        <title/>
        <ing>
          <amt>
            <qty>3/4</qty>
            <unit>pounds</unit></amt>
          <item>Lean boneless pork</item></ing>
        <ing>
          <amt>
            <qty>1</qty>
            <unit>tablespoon</unit></amt>
          <item>Rice wine or dry sherry</item></ing>
        <ing>
          <amt>
            <qty>1</qty>
            <unit>tablespoon</unit></amt>
          <item>Light soy sauce</item></ing>
        <ing>
          <amt>
            <qty>1/2</qty>
            <unit>teaspoons</unit></amt>
          <item>Salt</item></ing>
        <ing>
          <amt>
            <qty>1</qty>
            <unit>small</unit></amt>
          <item>Green bell pepper</item></ing>
        <ing>
          <amt>
            <qty>1</qty>
            <unit>small</unit></amt>
          <item>Red bell pepper</item></ing>
        <ing>
          <amt>
            <qty>1</qty>
            <unit/></amt>
          <item>Carrot</item></ing>
        <ing>
          <amt>
            <qty>2</qty>
            <unit/></amt>
          <item>Scallions</item></ing>
        <ing>
          <amt>
            <qty>1</qty>
            <unit/></amt>
          <item>Egg; beaten</item></ing>
        <ing>
          <amt>
            <qty>2</qty>
            <unit>tablespoons</unit></amt>
          <item>Cornstarch</item></ing>
        <ing>
          <amt>
            <qty>2</qty>
            <unit>cups</unit></amt>
          <item>Oil, preferably peanut</item></ing>
        <ing>
          <amt>
            <qty>3</qty>
            <unit>ounces</unit></amt>
          <item>Canned lychees, drained; OR fresh orange in segments</item></ing></ing-div>
      <ing-div>
        <title>SAUCE</title>
        <ing>
          <amt>
            <qty>2/3</qty>
            <unit>cups</unit></amt>
          <item>Chicken stock</item></ing>
        <ing>
          <amt>
            <qty>1</qty>
            <unit>tablespoon</unit></amt>
          <item>Light soy sauce</item></ing>
        <ing>
          <amt>
            <qty>1/2</qty>
            <unit>teaspoons</unit></amt>
          <item>Salt</item></ing>
        <ing>
          <amt>
            <qty>1 1/2</qty>
            <unit>tablespoons</unit></amt>
          <item>Chinese white rice vinegar or cider vinegar</item></ing>
        <ing>
          <amt>
            <qty>1</qty>
            <unit>tablespoon</unit></amt>
          <item>Sugar</item></ing>
        <ing>
          <amt>
            <qty>1</qty>
            <unit>tablespoon</unit></amt>
          <item>Tomato paste</item></ing>
        <ing>
          <amt>
            <qty>1</qty>
            <unit>teaspoon</unit></amt>
          <item>Cornstarch</item></ing>
        <ing>
          <amt>
            <qty>1</qty>
            <unit>teaspoon</unit></amt>
          <item>Water</item></ing></ing-div></ingredients>
    <directions>
      <step>  CUT THE PORK INTO 1-INCH cubes. Put the cubes into a bowl together with the
  rice wine or sherry, 1 tablespoon of light soy sauce and 1/2 teaspoon salt,
  and marinate for 20 minutes. Meanwhile, cut the green and red peppers into
  1-inch squares. Peel and cut the carrot and scallions into 1-inch chunks.
  Bring a pot of water to a boil and blanch the carrots in it for 4 minutes;
  drain and set aside. Mix the egg and cornstarch in a bowl until they are
  well blended into a batter. Lift the pork cubes out of the marinade, put
  them into the batter and coat each piece well. Heat the oil in a deep-fat
  fryer or large wok until it is almost smoking. Remove the pork pieces from
  the batter with a slotted spoon, and deep-fry them. Drain the deep-fried
  pork cubes on paper towels. Combine the chicken stock, soy sauce, salt,
  vinegar, sugar and tomato paste in a large saucepan. Bring it to a boil.
  Add vegetables (not the lychees or oranges.) Stir well. In a small bowl,
  blend together the cornstarch and water. Stir this mixture into the sauce
  and bring it back to a boil. Turn the heat down to a simmer. Add the
  lychees or oranges and pork cubes. Mix well, and then turn the mixture onto
  a deep platter. Serve at once.
  
  From Gemini's MASSIVE MealMaster collection at www.synapse.com/~gemini
 
</step></directions></recipe></recipeml>
