<?xml version="1.0" encoding="UTF-8"?>

<recipeml version="0.5">
  <recipe>
    <head>
      <title>Authentic Scottish Shortbread</title>
      <categories>
        <cat>Cookie</cat></categories>
      <yield>81</yield></head>
    <ingredients>
      <ing>
        <amt>
          <qty>2</qty>
          <unit>cups</unit></amt>
        <item>Sifted all-purpose flour</item></ing>
      <ing>
        <amt>
          <qty>1/2</qty>
          <unit>pounds</unit></amt>
        <item>Cold butter; cubed</item></ing>
      <ing>
        <amt>
          <qty>1/2</qty>
          <unit>cups</unit></amt>
        <item>Potato flour</item></ing>
      <ing>
        <amt>
          <qty>1/2</qty>
          <unit>cups</unit></amt>
        <item>Sifted icing (confectioners) sugar</item></ing></ingredients>
    <directions>
      <step>  From: Dave Kellington &lt;dkelling@acs.ryerson.ca&gt;
  
  Date: 17 Nov 1994 20:51:57 -0500
  
  Put all ingredients in a large bowl and work with fingers until mixture is
  completely blended, five to ten minutes.   Pat into a nine by nine inch
  cake pan and prick surface with a fork. Bake at 325 degrees for approx-
  imately 1 hour or until light brown. Cut into 1" squares immediately after
  removing from oven to prevent crumbling. Let cool before removing. Allow to
  age four to five days before serving.
  
  REC.FOOD.RECIPES ARCHIVES
  
  /COOKIES
  
  From rec.food.cooking archives.  Downloaded from Glen's MM Recipe Archive,
  http://www.erols.com/hosey.
 
</step></directions></recipe></recipeml>
