<?xml version="1.0" encoding="UTF-8"?>

<recipeml version="0.5">
  <recipe>
    <head>
      <title>Authentic Derby Pie</title>
      <categories>
        <cat>None</cat></categories>
      <yield>1</yield></head>
    <ingredients>
      <ing>
        <amt>
          <qty>1/4</qty>
          <unit>cups</unit></amt>
        <item>Butter</item></ing>
      <ing>
        <amt>
          <qty>1</qty>
          <unit>cup</unit></amt>
        <item>Sugar</item></ing>
      <ing>
        <amt>
          <qty>3</qty>
          <unit/></amt>
        <item>Eggs; beaten</item></ing>
      <ing>
        <amt>
          <qty>1 1/2</qty>
          <unit>cups</unit></amt>
        <item>Chocolate chips</item></ing>
      <ing>
        <amt>
          <qty>3/4</qty>
          <unit>cups</unit></amt>
        <item>Light corn syrup</item></ing>
      <ing>
        <amt>
          <qty>1/4</qty>
          <unit>teaspoons</unit></amt>
        <item>Salt</item></ing>
      <ing>
        <amt>
          <qty>1</qty>
          <unit>teaspoon</unit></amt>
        <item>Vanilla</item></ing>
      <ing>
        <amt>
          <qty>1/2</qty>
          <unit>cups</unit></amt>
        <item>Chopped pecans</item></ing>
      <ing>
        <amt>
          <qty>2</qty>
          <unit>tablespoons</unit></amt>
        <item>Bourbon</item></ing>
      <ing>
        <amt>
          <qty>1</qty>
          <unit/></amt>
        <item>Unbaked 9-inch pie shell</item></ing></ingredients>
    <directions>
      <step>  Hi everyone. A week or so ago there was a request for Derby Pie and I
  mentioned that Derby Pie isn't authentic unless there's bourbon (Kentucky
  bourbon, of course) in the recipe. So here's a TNT, authentic Kentucky
  Derby Pie recipe.....
  
  Cream butter. Add sugar gradually while beating. Add beaten eggs, corn
  syrup, salt and vanilla. Stir in chocolate chips, nuts and bourbon until
  well mixed. Pour into pie shell. Bake at 375 degrees for 40-50 minutes. Be
  careful not to overbake.
  
  Posted to TNT - Prodigy's Recipe Exchange Newsletter  by JordanzMom@aol.com
  on Sep 19, 1997
 
</step></directions></recipe></recipeml>
