<?xml version="1.0" encoding="UTF-8"?>

<recipeml version="0.5">
  <recipe>
    <head>
      <title>Autumn Muffins</title>
      <categories>
        <cat>Muffins</cat></categories>
      <yield>12</yield></head>
    <ingredients>
      <ing>
        <amt>
          <qty>1</qty>
          <unit>cup</unit></amt>
        <item>All-Purpose Flour</item></ing>
      <ing>
        <amt>
          <qty>1/2</qty>
          <unit>cups</unit></amt>
        <item>Oat Bran</item></ing>
      <ing>
        <amt>
          <qty>1/2</qty>
          <unit>teaspoons</unit></amt>
        <item>Baking Soda</item></ing>
      <ing>
        <amt>
          <qty>1/2</qty>
          <unit>teaspoons</unit></amt>
        <item>Baking Powder</item></ing>
      <ing>
        <amt>
          <qty>2</qty>
          <unit>teaspoons</unit></amt>
        <item>Cinnamon</item></ing>
      <ing>
        <amt>
          <qty>1/2</qty>
          <unit>teaspoons</unit></amt>
        <item>Ground Ginger</item></ing>
      <ing>
        <amt>
          <qty>1</qty>
          <unit>teaspoon</unit></amt>
        <item>Nutmeg</item></ing>
      <ing>
        <amt>
          <qty>3/4</qty>
          <unit>cups</unit></amt>
        <item>Brown Sugar, Packed</item></ing>
      <ing>
        <amt>
          <qty>1/2</qty>
          <unit>cups</unit></amt>
        <item>Unsweetened Applesauce</item></ing>
      <ing>
        <amt>
          <qty>3</qty>
          <unit/></amt>
        <item>Egg Whites</item></ing>
      <ing>
        <amt>
          <qty>1</qty>
          <unit>teaspoon</unit></amt>
        <item>Vanilla</item></ing>
      <ing>
        <amt>
          <qty>1</qty>
          <unit>cup</unit></amt>
        <item>Canned Pumpkin</item></ing>
      <ing>
        <amt>
          <qty>3/4</qty>
          <unit>cups</unit></amt>
        <item>Lowfat Granola</item></ing>
      <ing>
        <amt>
          <qty>1/2</qty>
          <unit>cups</unit></amt>
        <item>Raisins</item></ing>
      <ing>
        <amt>
          <qty>1</qty>
          <unit>cup</unit></amt>
        <item>Apples; Chopped</item></ing></ingredients>
    <directions>
      <step>   Coat a muffin pan with nonstick spray or line the cups with paper baking
  cups.  Set aside.
   In a medium bowl, wisk the flour, bran, baking soda, baking powder,
  cinnamon, ginger and nutmeg.
   In a large bowl, mix the sugar, applesauce, egg whites, and vanilla.  Stir
  in the pumpkin.  Add the flour mixture and mix quickly.  Fold in the
  granola, raisins and apples.
   Fill the muffin cups three-quarters full.  Sprinkle a small amount of
  brown sugar and granola onto the top of each muffin, pressing the toppings
  slightly into the batter. Bake at 350° until a toothpick inserted in the
  center of a muffin comes out clean, 30 to 35 minutes. Cool on a wire rack
  for 5 minutes. Remove the muffins from the pan and put them on the rack to
  finish cooling.
  
  Recipe By     : Judi Chadwell - judiac@holli.com
  
  Posted to Digest eat-lf.v096.n172
  
  Date: Tue, 1 Oct 1996 01:04:57 -0600
  
  From: "sljc6@cc.usu.edu" &lt;sljc6@cc.usu.edu&gt;
  
  NOTES : VARIATION: Replace the granola with chopped pecans or walnuts.
 
</step></directions></recipe></recipeml>
