<?xml version="1.0" encoding="UTF-8"?>

<recipeml version="0.5">
  <recipe>
    <head>
      <title>Autumn Stir-Fry of Vegetables</title>
      <categories>
        <cat>Brussels sp</cat>
        <cat>Favorite</cat></categories>
      <yield>8</yield></head>
    <ingredients>
      <ing>
        <amt>
          <qty>1 1/2</qty>
          <unit>pounds</unit></amt>
        <item>Brussel sprouts; trimmed &amp; halved</item></ing>
      <ing>
        <amt>
          <qty>4</qty>
          <unit/></amt>
        <item>Carrots; sliced on diagonal</item></ing>
      <ing>
        <amt>
          <qty>3</qty>
          <unit>tablespoons</unit></amt>
        <item>Olive oil</item></ing>
      <ing>
        <amt>
          <qty>2</qty>
          <unit/></amt>
        <item>Red bell pepper; cut in 1/4" strips</item></ing>
      <ing>
        <amt>
          <qty>3</qty>
          <unit/></amt>
        <item>Bulbs fennel; * see note</item></ing>
      <ing>
        <amt>
          <qty>6</qty>
          <unit/></amt>
        <item>Cloves garlic; minced</item></ing>
      <ing>
        <amt>
          <qty/>
          <unit/></amt>
        <item>Grated zest of 1 lemon</item></ing>
      <ing>
        <amt>
          <qty>2</qty>
          <unit>tablespoons</unit></amt>
        <item>Fresh lemon juice</item></ing>
      <ing>
        <amt>
          <qty/>
          <unit/></amt>
        <item>Salt and pepper</item></ing></ingredients>
    <directions>
      <step>  * trim fennel, cut in half, core and cut into 1/2" thick strips.
  
  Cook the brussel sprouts and carrots in a large pot of boiling water until
  nearly tender, about 7 minutes. Rinse and quickly cool under cold running
  water. Drain well and pat dry.
  
  Heat oil in a large skillet or wok over medium-high heat. Add bell pepper,
  fennel, and garlic and stir fry until crsip-tender, 3-5 minutes. Add
  brussel sprouts, carrots, lemon zest and lemon juice; stir fry 5 minutes
  longer. Season with salt and pepper.
  
  Per serving: 108 Calories; 5g Fat (41% calories from fat); 4g Protein; 14g
  Carbohydrate; 0mg Cholesterol; 43mg Sodium
  
  NOTES : Very colorful and visually appealing; a nice, light  side dish with
  heavier meals, such as Thanksgiving dinner. Substitute sliced yellow summer
  squash if fennel isn't used.
  Recipe by: Good Food, Nov 1987
  
  Posted to MC-Recipe Digest V1 #856 by shade &lt;liveoak@polaris.net&gt; on Oct
  21, 1997
 
</step></directions></recipe></recipeml>
