<?xml version="1.0" encoding="UTF-8"?>

<recipeml version="0.5">
  <recipe>
    <head>
      <title>Autumn Squash</title>
      <categories>
        <cat>Soups/stews</cat>
        <cat>Vegetables</cat>
        <cat>Microwave</cat></categories>
      <yield>6</yield></head>
    <ingredients>
      <ing>
        <amt>
          <qty>1</qty>
          <unit>small</unit></amt>
        <item>Butternut squash</item></ing>
      <ing>
        <amt>
          <qty>2</qty>
          <unit/></amt>
        <item>Slices cubed white bread</item></ing>
      <ing>
        <amt>
          <qty>2</qty>
          <unit/></amt>
        <item>Green apples</item></ing>
      <ing>
        <amt>
          <qty>1</qty>
          <unit>teaspoon</unit></amt>
        <item>Salt</item></ing>
      <ing>
        <amt>
          <qty>1</qty>
          <unit>medium</unit></amt>
        <item>Onion; chopped</item></ing>
      <ing>
        <amt>
          <qty>1/4</qty>
          <unit>teaspoons</unit></amt>
        <item>Pepper</item></ing>
      <ing>
        <amt>
          <qty>1</qty>
          <unit>pinch</unit></amt>
        <item>Rosemary</item></ing>
      <ing>
        <amt>
          <qty>2</qty>
          <unit/></amt>
        <item>Egg yolks</item></ing>
      <ing>
        <amt>
          <qty>1</qty>
          <unit>pinch</unit></amt>
        <item>Marjoram</item></ing>
      <ing>
        <amt>
          <qty>1/4</qty>
          <unit>cups</unit></amt>
        <item>Heavy cream</item></ing>
      <ing>
        <amt>
          <qty>1</qty>
          <unit>quart</unit></amt>
        <item>Chicken stock</item></ing></ingredients>
    <directions>
      <step>       Use a small butternut squash, approximately 1 lb
  unpeeled,
     cut in half and seeded. Green apples should be
  peeled, cored
     and chopped.
       Combine squash, apples, onions, herbs, chicken
  stock, bread
     cubes, salt and pepper in heavy sauce pan. Bring to
  a boil and
     simmer uncovered 30-45 minutes. Scoop out flesh of
  squash and
     discard the skins. Return pulp to sauce pan. Puree
  the bisque
     in a blender until smooth. Return to sauce pan. In
  a small
     bowl, beat egg yolks and cream together. Beat in a
  small amount
     of the hot bisque, then return to the saucepan.
  Heat but do not
     boil.
  
  From Gemini's MASSIVE MealMaster collection at www.synapse.com/~gemini
 
</step></directions></recipe></recipeml>
