<?xml version="1.0" encoding="UTF-8"?>

<recipeml version="0.5">
  <recipe>
    <head>
      <title>Autumn Pork Roast</title>
      <categories>
        <cat>Crockpot</cat></categories>
      <yield>6</yield></head>
    <ingredients>
      <ing>
        <amt>
          <qty>3</qty>
          <unit>pounds</unit></amt>
        <item>Pork roast; (up To 4)</item></ing>
      <ing>
        <amt>
          <qty/>
          <unit/></amt>
        <item>Salt and pepper</item></ing>
      <ing>
        <amt>
          <qty>1</qty>
          <unit>cup</unit></amt>
        <item>Cranberries; chop fine</item></ing>
      <ing>
        <amt>
          <qty>1/4</qty>
          <unit>cups</unit></amt>
        <item>Honey</item></ing>
      <ing>
        <amt>
          <qty>1</qty>
          <unit>teaspoon</unit></amt>
        <item>Orange peel; grate</item></ing>
      <ing>
        <amt>
          <qty>1/8</qty>
          <unit>teaspoons</unit></amt>
        <item>Ground cloves</item></ing>
      <ing>
        <amt>
          <qty>1/8</qty>
          <unit>teaspoons</unit></amt>
        <item>Ground nutmeg</item></ing></ingredients>
    <directions>
      <step>  Sprinkle roast with salt and pepper. Place in slow cooking crockpot.
  Combine remaining ingredients. Pour over roast. Cover. Cook on LOW for 8 to
  10 hours. MM Waldine Van Geffen vghc42a@prodigy.com.
  Posted to MC-Recipe Digest V1 #1030 by "M. Hicks" &lt;nitro_ii@email.msn.com&gt;
  on Jan 22, 1998
 
</step></directions></recipe></recipeml>
