<?xml version="1.0" encoding="UTF-8"?>

<recipeml version="0.5">
  <recipe>
    <head>
      <title>Autumn Quick Bread</title>
      <categories>
        <cat>Breads</cat>
        <cat>Kooknet</cat></categories>
      <yield>4</yield></head>
    <ingredients>
      <ing-div>
        <title>QUICK BREAD BASE</title>
        <ing>
          <amt>
            <qty>1 1/2</qty>
            <unit>cups</unit></amt>
          <item>Flour</item></ing>
        <ing>
          <amt>
            <qty>1/2</qty>
            <unit>teaspoons</unit></amt>
          <item>Salt</item></ing>
        <ing>
          <amt>
            <qty>1</qty>
            <unit>cup</unit></amt>
          <item>Sugar</item></ing>
        <ing>
          <amt>
            <qty>1</qty>
            <unit>teaspoon</unit></amt>
          <item>Baking soda</item></ing>
        <ing>
          <amt>
            <qty>1/2</qty>
            <unit>cups</unit></amt>
          <item>Vegetable oil</item></ing>
        <ing>
          <amt>
            <qty>2</qty>
            <unit/></amt>
          <item>Eggs, beaten</item></ing></ing-div>
      <ing-div>
        <title>PUMPKIN</title>
        <ing>
          <amt>
            <qty>1</qty>
            <unit>cup</unit></amt>
          <item>Canned pumpkin</item></ing>
        <ing>
          <amt>
            <qty>2</qty>
            <unit>teaspoons</unit></amt>
          <item>Pumpkin pie spice</item></ing>
        <ing>
          <amt>
            <qty>1/3</qty>
            <unit>cups</unit></amt>
          <item>Nuts (optional)</item></ing>
        <ing>
          <amt>
            <qty>1/3</qty>
            <unit>cups</unit></amt>
          <item>Raisins (optional)</item></ing></ing-div>
      <ing-div>
        <title>APPLESAUCE</title>
        <ing>
          <amt>
            <qty>1</qty>
            <unit>cup</unit></amt>
          <item>Applesauce</item></ing>
        <ing>
          <amt>
            <qty>1</qty>
            <unit>tablespoon</unit></amt>
          <item>Molasses</item></ing>
        <ing>
          <amt>
            <qty>1</qty>
            <unit>teaspoon</unit></amt>
          <item>Cinnamon</item></ing></ing-div>
      <ing-div>
        <title>BANANA</title>
        <ing>
          <amt>
            <qty>3</qty>
            <unit/></amt>
          <item>Ripe bananas, mashed</item></ing>
        <ing>
          <amt>
            <qty>1/2</qty>
            <unit>teaspoons</unit></amt>
          <item>Cinnamon</item></ing>
        <ing>
          <amt>
            <qty>1/2</qty>
            <unit>teaspoons</unit></amt>
          <item>Ginger</item></ing></ing-div>
      <ing-div>
        <title>PEANUT BUTTER BANANA</title>
        <ing>
          <amt>
            <qty>2</qty>
            <unit/></amt>
          <item>Ripe bananas, mashed</item></ing>
        <ing>
          <amt>
            <qty>1/2</qty>
            <unit>cups</unit></amt>
          <item>Peanut butter</item></ing></ing-div>
      <ing-div>
        <title>CRANBERRY</title>
        <ing>
          <amt>
            <qty>1</qty>
            <unit>cup</unit></amt>
          <item>Cranberries, chopped</item></ing>
        <ing>
          <amt>
            <qty>1</qty>
            <unit>tablespoon</unit></amt>
          <item>Orange juice concentrate</item></ing></ing-div></ingredients>
    <directions>
      <step>  Preheat oven to 325.  Gather the ingredients for the Quick Bread Base and
  one of the variations.  Coat 4 small loaf pans with vegetable cooking
  spray.  Combine dry ingredients; blend well and set aside. Combine wet
  ingredients; blend well.  Mix together wet and dry ingredients. Do not
  overmix.  Distribute batter among the 4 pans, and bake for 30 to 40
  minutes.
  
  Source: Lisa Clarke
  
  From Gemini's MASSIVE MealMaster collection at www.synapse.com/~gemini
 
</step></directions></recipe></recipeml>
