<?xml version="1.0" encoding="UTF-8"?>

<recipeml version="0.5">
  <recipe>
    <head>
      <title>Autumn Pork Chop Dinner</title>
      <categories>
        <cat>Cabbage</cat>
        <cat>Casseroles</cat></categories>
      <yield>2</yield></head>
    <ingredients>
      <ing>
        <amt>
          <qty>1</qty>
          <unit>tablespoon</unit></amt>
        <item>Cooking oil</item></ing>
      <ing>
        <amt>
          <qty>2</qty>
          <unit>large</unit></amt>
        <item>Pork chops; loin, 1" thick</item></ing>
      <ing>
        <amt>
          <qty>2</qty>
          <unit>cups</unit></amt>
        <item>Shredded cabbage</item></ing>
      <ing>
        <amt>
          <qty>1</qty>
          <unit>tablespoon</unit></amt>
        <item>Fresh parsley; chopped</item></ing>
      <ing>
        <amt>
          <qty>2</qty>
          <unit>tablespoons</unit></amt>
        <item>Brown sugar</item></ing>
      <ing>
        <amt>
          <qty>2</qty>
          <unit>medium</unit></amt>
        <item>Potatoes  -peeled and sliced-; 1/4" thick</item></ing>
      <ing>
        <amt>
          <qty>1</qty>
          <unit>cup</unit></amt>
        <item>Green beans; fresh or frozen</item></ing>
      <ing>
        <amt>
          <qty>1</qty>
          <unit/></amt>
        <item>To 1 1/2tsp lemon pepper</item></ing>
      <ing>
        <amt>
          <qty>3/4</qty>
          <unit>cups</unit></amt>
        <item>Apple juice</item></ing>
      <ing>
        <amt>
          <qty>1/4</qty>
          <unit>cups</unit></amt>
        <item>Seasoned bread crumbs</item></ing>
      <ing>
        <amt>
          <qty>1</qty>
          <unit>tablespoon</unit></amt>
        <item>Butter or margarine; melted</item></ing></ingredients>
    <directions>
      <step>  In a large skillet, heat the oil over High heat. Brown chops on both sides.
  Remove and set aside. Toss cabbage with parsley and brown sugar. Place in
  an 11x7" baking dish. Top with potaotes and beans. Arrange chops over
  vegetables. Sprinkle with lemon pepper. Pour apple juice over all. Cover
  and bake at 350 F. for 45 minutes or until the pork chops and vegetables
  are tender. Combine the bread crumbs and butter. Sprinkle over the top.
  Return to the oven for 15 minutes.
  
  Recipe By     : Taste of Home, Oct.'93/bobbi744@sojourn.com
  
  Posted to MC-Recipe Digest V1 #233
  
  Date: Tue, 01 Oct 1996 11:03:47 -0400
  
  From: Robertal Banghart &lt;bobbi744@sojourn.com&gt;
 
</step></directions></recipe></recipeml>
