<?xml version="1.0" encoding="UTF-8"?>

<recipeml version="0.5">
  <recipe>
    <head>
      <title>Autumn Salad</title>
      <categories>
        <cat>Salad</cat></categories>
      <yield>6</yield></head>
    <ingredients>
      <ing>
        <amt>
          <qty>2</qty>
          <unit>tablespoons</unit></amt>
        <item>Butter</item></ing>
      <ing>
        <amt>
          <qty>3</qty>
          <unit>ounces</unit></amt>
        <item>Walnut halves</item></ing>
      <ing>
        <amt>
          <qty>1/4</qty>
          <unit>cups</unit></amt>
        <item>Seasoned rice vinegar</item></ing>
      <ing>
        <amt>
          <qty>1</qty>
          <unit>teaspoon</unit></amt>
        <item>Honey</item></ing>
      <ing>
        <amt>
          <qty>1</qty>
          <unit>tablespoon</unit></amt>
        <item>Dijon mustard</item></ing>
      <ing>
        <amt>
          <qty>1</qty>
          <unit>medium</unit></amt>
        <item>Head green leaf lettuce; torn into bite-size pcs.</item></ing>
      <ing>
        <amt>
          <qty>1</qty>
          <unit>medium</unit></amt>
        <item>Head red leaf lettuce; torn into bite-size pcs.</item></ing>
      <ing>
        <amt>
          <qty>1</qty>
          <unit/></amt>
        <item>Red bell pepper; cored, seeded; and cut into strips</item></ing>
      <ing>
        <amt>
          <qty>3/4</qty>
          <unit>cups</unit></amt>
        <item>Peeled; julienned jicama</item></ing>
      <ing>
        <amt>
          <qty>1/2</qty>
          <unit>pounds</unit></amt>
        <item>Fresh figs; ends trimmed and quartered</item></ing>
      <ing>
        <amt>
          <qty>From:</qty>
          <unit/></amt>
        <item>Cheryl Miller &lt;csmiller@LAMAR.COLOSTATE.EDU&gt;</item></ing>
      <ing>
        <amt>
          <qty>Date:</qty>
          <unit/></amt>
        <item>Sun, 7 Jul 1996 11:00:19 +0000</item></ing></ingredients>
    <directions>
      <step>  In small skillet, melt butter over low heat.  Add walnuts and toast gently,
  watching closely to prevent burning.  Remove with slotted spoon and drain
  on paper towels. Cool to room temperature. In small bowl combine vinegar,
  honey, and mustard.  Whisk to blend and set aside.  In large bowl combine
  lettuce, bell pepper, jicama, and figs.  Add dressing, toss to coat, and
  sprinkle with reserved walnuts.  Serves 6.
  
  SOURCE:  Colorado  Collage Cookbook
  
  EAT-L Digest  6 July 96
  
  From the EAT-L recipe list.  Downloaded from Glen's MM Recipe Archive,
  http://www.erols.com/hosey.
 
</step></directions></recipe></recipeml>
