<?xml version="1.0" encoding="UTF-8"?>

<recipeml version="0.5">
  <recipe>
    <head>
      <title>Autumnal Jalapeno Jelly</title>
      <categories>
        <cat>Jelly</cat></categories>
      <yield>1</yield></head>
    <ingredients>
      <ing>
        <amt>
          <qty>1</qty>
          <unit>cup</unit></amt>
        <item>Red bell pepper</item></ing>
      <ing>
        <amt>
          <qty>1/2</qty>
          <unit>cups</unit></amt>
        <item>Jalapeno pepper</item></ing>
      <ing>
        <amt>
          <qty>5</qty>
          <unit>cups</unit></amt>
        <item>Sugar</item></ing>
      <ing>
        <amt>
          <qty>1 1/2</qty>
          <unit>cups</unit></amt>
        <item>Apple cider vinegar</item></ing>
      <ing>
        <amt>
          <qty>1</qty>
          <unit/></amt>
        <item>Jalapeno pepper; seeds of</item></ing>
      <ing>
        <amt>
          <qty>2</qty>
          <unit/></amt>
        <item>Pouch liquid pectin</item></ing>
      <ing>
        <amt>
          <qty>6</qty>
          <unit/></amt>
        <item>Canning jars</item></ing></ingredients>
    <directions>
      <step>  Date: Sat, 23 Mar 1996 20:06:59 -0500
  
  From: Walt Gray &lt;waltgray@mnsinc.com&gt;
  Remove stems veins and most of the seeds of peppers and chiles.  Adding the
  seeds of 1 jalapeno chile will not make the jelly hotter since the sugar,
  the vinegar, and the cooking process tame (most) all the chiles. The
  floatin seeds in the jar add character.
  
  Using the knife blade of a processor, mince the peppers and chiles with
  quick on and off pulsations.
  
  In a 5 qt. pot, mix the peppers, chiles, seeds sugar and vinegar. Bring to
  a rolling boil and boil for 3 minutes. Remove from the heat and cool for 5
  minutes. Add the 6 ozs of pectin (certo) and stir continuously for 2
  minutes. Allow the mixture to cool for another 2 minutes and the stir again
  for 1 minute. This stirring will distribute the bits of pepper throughout
  the jelly. Pour into jelly jars that have been strilized and seal
  immediatly with lids that have been sterilized seperatly for 5 minutes.
  Test seal, after cooling, with finger. If middle pops up when pressed, jar
  is not sealed.
  
  MM-RECIPES@IDISCOVER.NET
  
  MEAL-MASTER RECIPES LIST SERVER
  
  MM-RECIPES DIGEST V3 #85
  
  From the MealMaster recipe list.  Downloaded from Glen's MM Recipe Archive,
  http://www.erols.com/hosey.
 
</step></directions></recipe></recipeml>
