<?xml version="1.0" encoding="UTF-8"?>

<recipeml version="0.5">
  <recipe>
    <head>
      <title>Autumn Glazed Pork Chops</title>
      <categories>
        <cat>Main dish</cat>
        <cat>Meats</cat></categories>
      <yield>4</yield></head>
    <ingredients>
      <ing>
        <amt>
          <qty>4</qty>
          <unit/></amt>
        <item>Boneless pork chops 3/4-inch thick</item></ing>
      <ing>
        <amt>
          <qty/>
          <unit/></amt>
        <item>Nonstick spray coating</item></ing>
      <ing>
        <amt>
          <qty>1/4</qty>
          <unit>teaspoons</unit></amt>
        <item>Freshly ground pepper</item></ing>
      <ing>
        <amt>
          <qty>1/4</qty>
          <unit>cups</unit></amt>
        <item>Apple cider or juice</item></ing>
      <ing>
        <amt>
          <qty>1/2</qty>
          <unit>cups</unit></amt>
        <item>Whole cranberry sauce</item></ing>
      <ing>
        <amt>
          <qty>2</qty>
          <unit>tablespoons</unit></amt>
        <item>Honey</item></ing>
      <ing>
        <amt>
          <qty>2</qty>
          <unit>tablespoons</unit></amt>
        <item>Orange juice concentrate (frozen)</item></ing>
      <ing>
        <amt>
          <qty>1/4</qty>
          <unit>teaspoons</unit></amt>
        <item>Ground ginger</item></ing>
      <ing>
        <amt>
          <qty>1/8</qty>
          <unit>teaspoons</unit></amt>
        <item>Ground nutmeg</item></ing></ingredients>
    <directions>
      <step>  Spray a large nonstick skillet with nonstick coating. Heat over medium-high
  heat. Sprinkle both sides of chops with pepper. Brown chops on each side in
  hot skillet. Add apple cider. Cover tightly; cook over low heat for 5-6
  minutes or until chops are just done. Drain off juices. In a small bowl
  combine cranberry sauce, honey, orange juice concentrate, ginger and
  nutmeg. Pour over chops. Cook for 1-2 minutes, until heated through.
  (Serves 4)
  
  Approximately, per serving:
  
  Calories: 272. Protein: 28 g. Fat: 7 g. Sodium: 71 mg. Cholesterol: 68 mg.
  
  * COOKFDN brings you this recipe with the kind permission of: * National
  Pork Producers Council &lt;pork@nppc.org&gt; http://www.nppc.org
 
</step></directions></recipe></recipeml>
