<?xml version="1.0" encoding="UTF-8"?>

<recipeml version="0.5">
  <recipe>
    <head>
      <title>Autumn Pork Chops</title>
      <categories>
        <cat>Pork</cat>
        <cat>Ham</cat></categories>
      <yield>6</yield></head>
    <ingredients>
      <ing>
        <amt>
          <qty>6</qty>
          <unit/></amt>
        <item>Pork chops</item></ing>
      <ing>
        <amt>
          <qty>2</qty>
          <unit>medium</unit></amt>
        <item>Acorn squash -- unpeeled</item></ing>
      <ing>
        <amt>
          <qty>3/4</qty>
          <unit>teaspoons</unit></amt>
        <item>Salt</item></ing>
      <ing>
        <amt>
          <qty>2</qty>
          <unit>tablespoons</unit></amt>
        <item>Melted butter</item></ing>
      <ing>
        <amt>
          <qty>3/4</qty>
          <unit>cups</unit></amt>
        <item>Brown sugar, packed</item></ing>
      <ing>
        <amt>
          <qty>3/4</qty>
          <unit>teaspoons</unit></amt>
        <item>Brown bouquet sauce</item></ing>
      <ing>
        <amt>
          <qty>1</qty>
          <unit>tablespoon</unit></amt>
        <item>Orange juice</item></ing>
      <ing>
        <amt>
          <qty>1/2</qty>
          <unit>teaspoons</unit></amt>
        <item>Orange peel -- grated</item></ing></ingredients>
    <directions>
      <step>  Trim excess fat from chops.  Cut each squash into 4 to 5 crosswise slices;
  remove seeds.  Arrange 3 chops on bottom of slow-cooking pot.  Place all
  squash sliceds on top; then another layer of remaining 3 chops.  Combine
  salt, butter, sugar, bouquet sauce, orange juice, and orange peel.  Spoon
  over chops.  Cover and cook on low for 4 to 6 hours or until done.  Serve
  one or two slices of squash with each pork chop.
  
  Recipe By     :
  
  File ftp://ftp.idiscover.co.uk/pub/food/mealmaster/recipes/mmdja006.zip
 
</step></directions></recipe></recipeml>
