<?xml version="1.0" encoding="UTF-8"?>

<recipeml version="0.5">
  <recipe>
    <head>
      <title>Autumn Harvest Bread</title>
      <categories>
        <cat>Breads</cat>
        <cat>Breadmakers</cat></categories>
      <yield>1</yield></head>
    <ingredients>
      <ing-div>
        <title>1 1/2 POUND LOAF</title>
        <ing>
          <amt>
            <qty>1/2</qty>
            <unit>cups</unit></amt>
          <item>Carrots; diced, cooked, pureed</item></ing>
        <ing>
          <amt>
            <qty>1/2</qty>
            <unit>cups</unit></amt>
          <item>Canned pumpkin; or diced banana squash, cooked, pureed</item></ing>
        <ing>
          <amt>
            <qty>1/2</qty>
            <unit>cups</unit></amt>
          <item>Unsweetened applesauce</item></ing>
        <ing>
          <amt>
            <qty>1/4</qty>
            <unit>cups</unit></amt>
          <item>Carrot water; the water from which you cooked the carrots</item></ing>
        <ing>
          <amt>
            <qty>1 1/2</qty>
            <unit>cups</unit></amt>
          <item>Whole wheat flour</item></ing>
        <ing>
          <amt>
            <qty>1 1/2</qty>
            <unit>cups</unit></amt>
          <item>Bread flour</item></ing>
        <ing>
          <amt>
            <qty>1 1/2</qty>
            <unit>teaspoons</unit></amt>
          <item>Salt</item></ing>
        <ing>
          <amt>
            <qty>1 1/2</qty>
            <unit>tablespoons</unit></amt>
          <item>Butter; or margarine</item></ing>
        <ing>
          <amt>
            <qty>2</qty>
            <unit>tablespoons</unit></amt>
          <item>Honey</item></ing>
        <ing>
          <amt>
            <qty>1/4</qty>
            <unit>teaspoons</unit></amt>
          <item>Allspice; ground</item></ing>
        <ing>
          <amt>
            <qty>2</qty>
            <unit>teaspoons</unit></amt>
          <item>Red Star yeast</item></ing></ing-div></ingredients>
    <directions>
      <step>  Place all ingredients in bread pan, press light crust setting, and press
  start. After baking cycle ends, remove bread from pan, place on cake rack,
  and allow to cool 1 hour before slicing. Book's Note: Welcome in the fall
  season with this delightful bread that's a perfect combination of autumn's
  colorful fruits and vegetables. This tender, slightly tangy bread is
  delectable served with an orange butter. From Bread Machine Magic by Linda
  Rehberg and Lois Conway
  Posted to MM-Recipes Digest V3 #294
  
  Date: Sun, 27 Oct 1996 00:25:26 -0400
  
  From: BobbieB1@aol.com
 
</step></directions></recipe></recipeml>
