<?xml version="1.0" encoding="UTF-8"?>

<recipeml version="0.5">
  <recipe>
    <head>
      <title>Autumn Celebration Baskets</title>
      <categories>
        <cat>Menu</cat>
        <cat>Desserts</cat>
        <cat>Autumn</cat>
        <cat>Gifts</cat>
        <cat>Tried:great</cat></categories>
      <yield>6</yield></head>
    <ingredients>
      <ing>
        <amt>
          <qty>2</qty>
          <unit>medium</unit></amt>
        <item>Wicker baskets</item></ing>
      <ing>
        <amt>
          <qty>4</qty>
          <unit>small</unit></amt>
        <item>Autumn-colored gift bags</item></ing>
      <ing>
        <amt>
          <qty/>
          <unit/></amt>
        <item>Autumn-colored tissue paper</item></ing>
      <ing>
        <amt>
          <qty>2</qty>
          <unit>small</unit></amt>
        <item>Autumn wreath decorations</item></ing>
      <ing>
        <amt>
          <qty/>
          <unit/></amt>
        <item>Autumn-colored satin ribbon</item></ing>
      <ing>
        <amt>
          <qty>24</qty>
          <unit/></amt>
        <item>"Homemade Goodies" labels</item></ing>
      <ing>
        <amt>
          <qty/>
          <unit/></amt>
        <item>Clear plastic wrap</item></ing>
      <ing>
        <amt>
          <qty>2</qty>
          <unit>packages</unit></amt>
        <item>Autumn cocktail napkins</item></ing>
      <ing>
        <amt>
          <qty>8</qty>
          <unit/></amt>
        <item>12-oz canning jars</item></ing>
      <ing>
        <amt>
          <qty>16</qty>
          <unit>small</unit></amt>
        <item>Disposable loaf pans</item></ing>
      <ing>
        <amt>
          <qty/>
          <unit/></amt>
        <item>"Pumpkin Bread"</item></ing>
      <ing>
        <amt>
          <qty/>
          <unit/></amt>
        <item>"Banana Bread"</item></ing>
      <ing>
        <amt>
          <qty>2</qty>
          <unit/></amt>
        <item>"Spiced Apple Butter"</item></ing>
      <ing>
        <amt>
          <qty/>
          <unit/></amt>
        <item>"Maple Kisses"</item></ing>
      <ing>
        <amt>
          <qty>1</qty>
          <unit>container</unit></amt>
        <item>Instant Apple Cider</item></ing></ingredients>
    <directions>
      <step>  The first day of Fall, September 22, 1996.  Baskets for Mom &amp; Dad R. and
  Mom &amp; Dad C.  Bags for Granny &amp; Grandpa, Aunt Lorraine &amp; Uncle Bob, Aunt
  Candy &amp; Uncle Bill, Donna &amp; Tom.
  
  Print out 24 2x4 labels that say "Homemade Goodies" in black ink,
  preferably using a laser printer: 8 Apple Butter, 8 Pumpkin Bread, 4 Banana
  Bread, 4 Maple Fudge, and 4 plain. Use a varying size of the TrueType
  Architect font. Decorate specific lables with "kitchen crock" stamp in
  black &amp; a different bright color for each type of label. Decorate
  unspecified labels with "crock border" stamp in black and dark blue.
  
  Prepare 2 batches of Spiced Apple Butter according to recipe &amp; store in
  canning jars according to instructions that came with the jars. Affix Apple
  Butter labels to jars.
  
  Prepare Pumpkin Bread according to recipe, except instead of 2 large loaf
  pans, use 8 of the small disposable pans.  Remove bread from pans and cool
  on wire racks.  When cool, wrap tightly with plastic wrap. Affix Pumpkin
  Bread labels across the top of the wrapped bread.
  
  Prepare Banana Bread according to recipe, except instead of 1 large loaf
  pan, use 4 of the small disposable pans.  Remove bread from pans and cool
  on wire racks.  When cool, wrap tightly with plastic wrap. Affix banana
  Bread labels across the top of the wrapped bread.
  
  Prepare Maple Kisses according to recipe, except instead of cooling by
  teaspoonfuls, divide hot mixture among the remaining 4 small disposable
  pans.  When fudge has cooled, pop it out of the pans and wrap tightly with
  plastic wrap.  Affix Maple Fudge labels across the top of the wrapped
  fudge.
  
  In the two baskets, assemble 1 each of the napkins, Apple Butter, Pumpkin
  Bread, Banana Bread, and Maple Fudge, on a bed of tissue paper. Weave fall
  wreath decorations into basket handles.  Make a big bow on top with the
  satin ribbon.
  
  In the four bags, assemble 1 Pumpkin Bread, 1 Apple Butter, and 2-3 apple
  cider packets among tissue paper.  Decorate the handles with satin ribbon,
  and place one of the "crock border" stickers on the front of the bag.
  
  You have 2 of everything left then: one for sampling, and one for company
  or to bring in to work.
  
  Source: Lisa Clarke
  
  Posted to Bakery-Shoppe Digest V1 #216 by Lisa Clarke &lt;lisa@gaf.com&gt; on Sep
  3, 97
 
</step></directions></recipe></recipeml>
