<?xml version="1.0" encoding="UTF-8"?>

<recipeml version="0.5">
  <recipe>
    <head>
      <title>Autumn Apple Cake</title>
      <categories>
        <cat>Desserts</cat></categories>
      <yield>12</yield></head>
    <ingredients>
      <ing>
        <amt>
          <qty>3</qty>
          <unit/></amt>
        <item>Eggs</item></ing>
      <ing>
        <amt>
          <qty>3/4</qty>
          <unit>cups</unit></amt>
        <item>Vegetable oil</item></ing>
      <ing>
        <amt>
          <qty>2</qty>
          <unit>teaspoons</unit></amt>
        <item>Vanilla extract</item></ing>
      <ing>
        <amt>
          <qty>2 1/4</qty>
          <unit>cups</unit></amt>
        <item>Flour</item></ing>
      <ing>
        <amt>
          <qty>1 1/2</qty>
          <unit>cups</unit></amt>
        <item>Sugar</item></ing>
      <ing>
        <amt>
          <qty>1 1/2</qty>
          <unit>teaspoons</unit></amt>
        <item>Ground cinnamon</item></ing>
      <ing>
        <amt>
          <qty>1/4</qty>
          <unit>teaspoons</unit></amt>
        <item>Ground nutmeg</item></ing>
      <ing>
        <amt>
          <qty>3/4</qty>
          <unit>teaspoons</unit></amt>
        <item>Baking soda</item></ing>
      <ing>
        <amt>
          <qty>3/4</qty>
          <unit>teaspoons</unit></amt>
        <item>Baking powder</item></ing>
      <ing>
        <amt>
          <qty>1/2</qty>
          <unit>teaspoons</unit></amt>
        <item>Salt</item></ing>
      <ing>
        <amt>
          <qty>3</qty>
          <unit>cups</unit></amt>
        <item>Apples, peeled -- cored &amp;</item></ing>
      <ing>
        <amt>
          <qty/>
          <unit/></amt>
        <item>Diced</item></ing>
      <ing>
        <amt>
          <qty>1 1/2</qty>
          <unit>cups</unit></amt>
        <item>Walnuts -- chopped</item></ing></ingredients>
    <directions>
      <step>  1. Preheat oven to 375 degrees F. In large bowl of electric mixer, beat
  eggs, oil, and vanilla until well combined.
  
  2. Combine flour, sugar, cinnamon, nutmeg, baking soda, baking powder, and
  salt, stirring to combine thoroughly. Add to egg mixture and stir to blend.
  Stir in apples and nuts.
  
  3. Spoon batter into a greased 9- by 13-inch baking pan, or a 10-inch
  fluted or plain tube pan.
  
  4. Bake until a skewer inserted in center comes out clean (30 to 40
  minutes, or 40 to 50 minutes if using a tube pan). Cool 30 minutes in pan
  on rack before cutting.
  
  * Timesaver Tip: Batter can be made ahead and frozen before baking. Line a
  9- by 13-inch pan with heavy-duty foil and add batter. Freeze, uncovered,
  until frozen solid. Remove from pan; wrap tightly. For tube pan, spoon
  batter into unlined greased pan, wrap pan tightly with heavy-duty aluminum
  foil, and freeze. Label and date package. Freeze at 0 degrees F up to 4
  weeks. To bake, peel off foil; put batter in greased pan. Bake in preheated
  375 degrees F oven 35 to 45 minutes, or until pick inserted in center comes
  out clean. For tube pan, remove foil; bake 40 to 50 minutes.
  
  Recipe By     : the California Culinary Academy
  
  File ftp://ftp.idiscover.co.uk/pub/food/mealmaster/recipes/mmdja006.zip
 
</step></directions></recipe></recipeml>
