<?xml version="1.0" encoding="UTF-8"?>

<recipeml version="0.5">
  <recipe>
    <head>
      <title>Autumn Apple Bread</title>
      <categories>
        <cat>Apples</cat>
        <cat>Breads</cat></categories>
      <yield>10</yield></head>
    <ingredients>
      <ing-div>
        <title>LORELI AGUDA WSKD49A</title>
        <ing>
          <amt>
            <qty>1/4</qty>
            <unit>cups</unit></amt>
          <item>Shortening</item></ing>
        <ing>
          <amt>
            <qty>2/3</qty>
            <unit>cups</unit></amt>
          <item>Sugar</item></ing>
        <ing>
          <amt>
            <qty>2</qty>
            <unit/></amt>
          <item>Eggs, beaten</item></ing>
        <ing>
          <amt>
            <qty>2</qty>
            <unit>cups</unit></amt>
          <item>All purpose flour, sifted</item></ing>
        <ing>
          <amt>
            <qty>1</qty>
            <unit>teaspoon</unit></amt>
          <item>Baking powder</item></ing>
        <ing>
          <amt>
            <qty>1</qty>
            <unit>teaspoon</unit></amt>
          <item>Salt</item></ing>
        <ing>
          <amt>
            <qty>2</qty>
            <unit>cups</unit></amt>
          <item>Apples, coarsely grated, peeled raw</item></ing>
        <ing>
          <amt>
            <qty>1</qty>
            <unit>tablespoon</unit></amt>
          <item>Grated lemon peel</item></ing>
        <ing>
          <amt>
            <qty>2/3</qty>
            <unit>cups</unit></amt>
          <item>Nuts, chopped</item></ing></ing-div></ingredients>
    <directions>
      <step>  Cream shortening and sugar until light and fluffy; beat in eggs. Sift next
  4 ingredients. Add alternately with apples to egg mixture. Stir in lemon
  rind and nuts. Bake in floured, greased 9x5x3 inch loaf pan in preheated
  350 oven for approximately 40 to 50 minutes. Cool before slicing.
  
  From Gemini's MASSIVE MealMaster collection at www.synapse.com/~gemini
 
</step></directions></recipe></recipeml>
