<?xml version="1.0" encoding="UTF-8"?>

<recipeml version="0.5">
  <recipe>
    <head>
      <title>Autumn Broccoli Salad</title>
      <categories>
        <cat>None</cat></categories>
      <yield>6</yield></head>
    <ingredients>
      <ing>
        <amt>
          <qty>1</qty>
          <unit>teaspoon</unit></amt>
        <item>Mustard</item></ing>
      <ing>
        <amt>
          <qty>2</qty>
          <unit>tablespoons</unit></amt>
        <item>Red wine vinegar</item></ing>
      <ing>
        <amt>
          <qty>2</qty>
          <unit>teaspoons</unit></amt>
        <item>Lemon juice</item></ing>
      <ing>
        <amt>
          <qty>1/2</qty>
          <unit>cups</unit></amt>
        <item>Garlic oil (see note) or</item></ing>
      <ing>
        <amt>
          <qty/>
          <unit/></amt>
        <item>Olive oil</item></ing>
      <ing>
        <amt>
          <qty>1/2</qty>
          <unit>cups</unit></amt>
        <item>Grated Parmesan cheese</item></ing>
      <ing>
        <amt>
          <qty/>
          <unit/></amt>
        <item>Salt and freshly ground</item></ing>
      <ing>
        <amt>
          <qty/>
          <unit/></amt>
        <item>Pepper -- to taste</item></ing>
      <ing>
        <amt>
          <qty>2</qty>
          <unit>pounds</unit></amt>
        <item>Broccoli</item></ing>
      <ing>
        <amt>
          <qty>1</qty>
          <unit>pint</unit></amt>
        <item>Cherry tomatoes -- halved</item></ing>
      <ing>
        <amt>
          <qty>1/3</qty>
          <unit>cups</unit></amt>
        <item>Minced green onion</item></ing></ingredients>
    <directions>
      <step>  1. In a small bowl whisk together mustard, vinegar, and lemon juice. Add
  garlic oil gradually, whisking constantly. Whisk in 1/4 cup of the
  Parmesan. Season with salt and pepper. Cover and set aside for at least 1
  hour or up to 1 day.
  
  2. Trim broccoli and cut into florets (reserve stalks for soup, if
  desired). Bring a large pot of salted water to a boil over high heat; add
  florets and cook until tender-crisp. Drain and immediately plunge into ice
  water. When cool, drain again and pat dry. Broccoli may be cooked up to 6
  hours ahead, cooled, and stored in a plastic bag in the refrigerator.
  
  3. Transfer broccoli to a large bowl along with tomatoes. Add dressing to
  vegetables and toss to coat well. Add green onion and remaining 1/4 cup
  Parmesan and toss to blend. Taste and adjust seasoning. Transfer to a
  serving platter.
  
  Note: To make garlic oil, add 6 whole peeled garlic cloves to 1 pint extra
  virgin olive oil. Marinate at least 1 week before using. Oil will keep
  indefinitely if covered and refrigerated.
  
  Variation: Cauliflower may be substituted for all or part of the broccoli.
  
  Recipe By     : The California Culinary Academy
  
  File ftp://ftp.idiscover.co.uk/pub/food/mealmaster/recipes/mmdja006.zip
 
</step></directions></recipe></recipeml>
