<?xml version="1.0" encoding="UTF-8"?>

<recipeml version="0.5">
  <recipe>
    <head>
      <title>Autumn Chicken 'n' Dumplings</title>
      <categories>
        <cat>Magazine</cat>
        <cat>Poultry</cat>
        <cat>Soups/stews</cat></categories>
      <yield>8</yield></head>
    <ingredients>
      <ing>
        <amt>
          <qty>5</qty>
          <unit>pounds</unit></amt>
        <item>Chicken legs &amp; thighs;</item></ing>
      <ing>
        <amt>
          <qty/>
          <unit/></amt>
        <item>.  skinned &amp; defatted</item></ing>
      <ing>
        <amt>
          <qty>1/2</qty>
          <unit>cups</unit></amt>
        <item>Flour; all-purpose</item></ing>
      <ing>
        <amt>
          <qty>4</qty>
          <unit>tablespoons</unit></amt>
        <item>Olive oil</item></ing>
      <ing>
        <amt>
          <qty>4</qty>
          <unit>large</unit></amt>
        <item>Leeks; cleaned &amp; cut into</item></ing>
      <ing>
        <amt>
          <qty/>
          <unit/></amt>
        <item>.  1" long slices</item></ing>
      <ing>
        <amt>
          <qty>6</qty>
          <unit>medium</unit></amt>
        <item>Carrots; sliced</item></ing>
      <ing>
        <amt>
          <qty>4</qty>
          <unit/></amt>
        <item>Stalks of celery; sliced</item></ing>
      <ing>
        <amt>
          <qty>2</qty>
          <unit/></amt>
        <item>Apples; tart, cut into thick</item></ing>
      <ing>
        <amt>
          <qty/>
          <unit/></amt>
        <item>.  wedges</item></ing>
      <ing>
        <amt>
          <qty>3</qty>
          <unit>cups</unit></amt>
        <item>Chicken broth</item></ing>
      <ing>
        <amt>
          <qty>1</qty>
          <unit>cup</unit></amt>
        <item>Apple juice</item></ing>
      <ing>
        <amt>
          <qty>2</qty>
          <unit>tablespoons</unit></amt>
        <item>Dill; finely chopped</item></ing>
      <ing>
        <amt>
          <qty>1/2</qty>
          <unit>teaspoons</unit></amt>
        <item>Salt</item></ing>
      <ing>
        <amt>
          <qty/>
          <unit>pinches</unit></amt>
        <item>Black pepper</item></ing>
      <ing>
        <amt>
          <qty/>
          <unit/></amt>
        <item>Dill Cornmeal Dumplings</item></ing>
      <ing>
        <amt>
          <qty/>
          <unit/></amt>
        <item>.  (recipe follows)</item></ing></ingredients>
    <directions>
      <step>  1. In large plastic or paper bag, coat chicken with flour in 2 batches,
  shaking off excess. Place in single layer on wax paper
  
  2. Warm 3 tablespoons of the oil in 8-quart Dutch oven over medium heat.
  Add chicken in batches so pan is not crowded. Cook 15 to 20 minutes per
  batch, or until browned on all sides. Remove to large plate.
  
  3. Warm remaining 1 tablespoon of oil in same pan over medium heat. Add
  leeks; cook 5 minutes, or until lightly browned, stirring to scrape up
  brown bits. Add carrots, celery and apple wedges; cook 4 minutes. Add
  browned chicken, broth, juice, dill, salt and pepper. Cover; bring to a
  boil. Reduce heat and simmer 15 minutes.
  
  4. While chicken cooks, make dumpling batter (recipe follows).
  
  Dinner Plan: Before adding dumplings, remove 1/2 of stew to microwaveproof
  container; cool, then freeze for later use. With a large spoon, drop
  dumpling batter in 8 spoonfuls over remaining stew. Simmer over medium-low
  heat, covered, about 16 minutes, or until dumplings are done. (Approximate
  microwave time: De- ost 45 minutes. When defrosted, place in deep, 10-inch
  skillet. Make another batch of dumplings, and continue cooking as directed
  above.)
  
  From Gemini's MASSIVE MealMaster collection at www.synapse.com/~gemini
 
</step></directions></recipe></recipeml>
