<?xml version="1.0" encoding="UTF-8"?>

<recipeml version="0.5">
  <recipe>
    <head>
      <title>Autumn Fruited Chicken</title>
      <categories>
        <cat>Poultry</cat></categories>
      <yield>1</yield></head>
    <ingredients>
      <ing>
        <amt>
          <qty>12</qty>
          <unit/></amt>
        <item>Pieces chicken</item></ing>
      <ing>
        <amt>
          <qty>1/2</qty>
          <unit>cups</unit></amt>
        <item>Flour mixed in a plastic bag with a little salt and pepper</item></ing>
      <ing>
        <amt>
          <qty/>
          <unit/></amt>
        <item>Vegetable oil and butter for frying</item></ing>
      <ing>
        <amt>
          <qty>1</qty>
          <unit>tablespoon</unit></amt>
        <item>Plus, brandy</item></ing>
      <ing>
        <amt>
          <qty>3</qty>
          <unit/></amt>
        <item>Cloves garlic, minced</item></ing>
      <ing>
        <amt>
          <qty>1</qty>
          <unit>medium</unit></amt>
        <item>Onion, minced</item></ing>
      <ing>
        <amt>
          <qty>2</qty>
          <unit>cups</unit></amt>
        <item>Sliced fresh mushrooms</item></ing>
      <ing>
        <amt>
          <qty>1 1/2</qty>
          <unit>cups</unit></amt>
        <item>Apple wine</item></ing>
      <ing>
        <amt>
          <qty>2</qty>
          <unit/></amt>
        <item>Each fresh pears and apples peeled and quartered, rinsed in lemon water</item></ing>
      <ing>
        <amt>
          <qty>2</qty>
          <unit>teaspoons</unit></amt>
        <item>Cornstarch</item></ing>
      <ing>
        <amt>
          <qty>1/4</qty>
          <unit>cups</unit></amt>
        <item>(or less) water or chicken stock</item></ing>
      <ing>
        <amt>
          <qty/>
          <unit/></amt>
        <item>Cooked noodles, rice or couscous</item></ing></ingredients>
    <directions>
      <step>  Shake chicken pieces in a plastic bag with flour, salt and pepper until
  lightly dusted and then brown in a little oil with melted butter. Pour the
  brandy over and flame. Set aside.
  
  Saute the onion and garlic, adding a little more oil/butter to the pan if
  needed.  Place chicken, onion mixture, mushrooms and wine in a baking dish.
  Add pears and apples.
  
  Bake, covered, at 350 degrees F. for 30 minutes or until chicken is done.
  Remove chicken and fruit to a heated platter and thicken sauce with
  cornstarch which has been mixed with a little water or chicken stock.
  Adjust seasonings. Serve over couscous, noodles or rice.
  
  From Gemini's MASSIVE MealMaster collection at www.synapse.com/~gemini
 
</step></directions></recipe></recipeml>
