<?xml version="1.0" encoding="UTF-8"?>

<recipeml version="0.5">
  <recipe>
    <head>
      <title>Autumn Soup</title>
      <categories>
        <cat>Soup</cat></categories>
      <yield>4</yield></head>
    <ingredients>
      <ing>
        <amt>
          <qty>1</qty>
          <unit>pound</unit></amt>
        <item>Lean ground beef</item></ing>
      <ing>
        <amt>
          <qty>1</qty>
          <unit>cup</unit></amt>
        <item>Finely chopped onions</item></ing>
      <ing>
        <amt>
          <qty>4</qty>
          <unit>cups</unit></amt>
        <item>Hot water</item></ing>
      <ing>
        <amt>
          <qty>1</qty>
          <unit>cup</unit></amt>
        <item>Carrots; thinly sliced</item></ing>
      <ing>
        <amt>
          <qty>1</qty>
          <unit>cup</unit></amt>
        <item>Celery; diced</item></ing>
      <ing>
        <amt>
          <qty>1</qty>
          <unit>cup</unit></amt>
        <item>Potatoes; diced into 1/2-inch cubes</item></ing>
      <ing>
        <amt>
          <qty>2</qty>
          <unit>teaspoons</unit></amt>
        <item>Salt</item></ing>
      <ing>
        <amt>
          <qty>1/2</qty>
          <unit>teaspoons</unit></amt>
        <item>Pepper</item></ing>
      <ing>
        <amt>
          <qty>1</qty>
          <unit/></amt>
        <item>Bay leaf; crumbled</item></ing>
      <ing>
        <amt>
          <qty/>
          <unit/></amt>
        <item>Few leaves dried basil</item></ing>
      <ing>
        <amt>
          <qty>6</qty>
          <unit/></amt>
        <item>Whole fresh tomatoes; stems removed &amp; cut into eighths</item></ing></ingredients>
    <directions>
      <step>  Date: Sun, 14 Apr 1996 16:48:42 -0400
  
  From: Wendy Lockman &lt;wlockman@ra1.randomc.com&gt;
  1. Place ground beef, crumbled, into a deep, 3-quart heat-resistant,
  non-metallic casserole. Heat. uncovered, in Microwave Oven 5 minutes or
  until meat is browned. Stir occasionally.
  
  2. Drain excess fat.
  
  3. Add onions and heat, uncovered. in Microwave Oven 2 minutes or until
  onions are tender.
  
  4. Add hot water, carrots, celery, potatoes and seasoning. Mix thoroughly.
  
  5. Heat, covered, in Microwave Oven 10 minutes or until water comes to a
  boil.
  
  6. Add tomatoes to soup and heat, covered. in Microwave Oven 5 minutes or
  until tomatoes are tender.
  
  MM-RECIPES@IDISCOVER.NET
  
  MEAL-MASTER RECIPES LIST SERVER
  
  MM-RECIPES DIGEST V3 #106
  
  From the MealMaster recipe list.  Downloaded from Glen's MM Recipe Archive,
  http://www.erols.com/hosey.
 
</step></directions></recipe></recipeml>
