<?xml version="1.0" encoding="UTF-8"?>

<recipeml version="0.5">
  <recipe>
    <head>
      <title>Autumn Wild Rice-Walnut-Broccoli Salad</title>
      <categories>
        <cat>Maindish</cat></categories>
      <yield>4</yield></head>
    <ingredients>
      <ing>
        <amt>
          <qty>3 1/2</qty>
          <unit>cups</unit></amt>
        <item>Water</item></ing>
      <ing>
        <amt>
          <qty>1</qty>
          <unit>cup</unit></amt>
        <item>Wild rice; rinsed</item></ing>
      <ing>
        <amt>
          <qty/>
          <unit/></amt>
        <item>Salt to taste</item></ing>
      <ing>
        <amt>
          <qty>1</qty>
          <unit>pound</unit></amt>
        <item>Broccoli florets; steamed till crisp-tender</item></ing>
      <ing>
        <amt>
          <qty>1/2</qty>
          <unit>cups</unit></amt>
        <item>Broken walnut pieces; toasted, or pecans</item></ing>
      <ing>
        <amt>
          <qty>1/2</qty>
          <unit>cups</unit></amt>
        <item>Chopped fresh parsley</item></ing>
      <ing>
        <amt>
          <qty>2</qty>
          <unit>tablespoons</unit></amt>
        <item>Fresh lemon juice</item></ing>
      <ing>
        <amt>
          <qty>1</qty>
          <unit>tablespoon</unit></amt>
        <item>Wine vinegar; or sherry vinegar</item></ing>
      <ing>
        <amt>
          <qty>1</qty>
          <unit/></amt>
        <item>Clove garlic; minced or pressed</item></ing>
      <ing>
        <amt>
          <qty>1/4</qty>
          <unit>cups</unit></amt>
        <item>Plain lowfat yogurt</item></ing>
      <ing>
        <amt>
          <qty>1/4</qty>
          <unit>cups</unit></amt>
        <item>Walnut oil</item></ing>
      <ing>
        <amt>
          <qty/>
          <unit/></amt>
        <item>Salt to taste</item></ing>
      <ing>
        <amt>
          <qty/>
          <unit/></amt>
        <item>Freshly ground pepper to taste</item></ing></ingredients>
    <directions>
      <step>  Date: Mon, 4 Mar 1996 09:58:57 +0100
  
  From: Sykes.Kaye@uniface.nl (Kaye Sykes)
  This was last night's dinner. Scrumptious! Although it takes about 45 min
  to prepare, there is a long period where there's nothing to do, so I think
  it's suitable for a work night. Shulman thinks it serves 4-6 people. We
  think 3 (generously) or 4 (or two for dinner and one for lunch.).
  
  Recipe By: Martha Rose Shulman's Main-Dish Salads
  
  Bring the water to a boil and add the rice.  Add salt to taste, bring back
  to a boil, reduce heat, cover, and simmer for about 40 minutes, until the
  rice is tender. Drain and toss with the broccoli, nuts, and parsley.
  
  [Meanwhile, steam broccoli and chop nuts.]
  
  Mix together the lemon juice, vinegar, garlic, and yogurt.  Whisk in the
  walnut oil and add salt and pepper.  Toss with the rice mixture, correct
  the seasonings, and serve; or refrigerate until shortly before serving.
  
  Note: If the salad is to be refrigerated for a long time, add the broccoli
  and parsley shortly before serving to retain their bright color.
  
  [Shulman says this serves 4-6. We think 3-4.]
  
  MC-RECIPE@MASTERCOOK.COM
  
  MASTERCOOK RECIPES LIST SERVER
  
  From the MasterCook recipe list.  Downloaded from Glen's MM Recipe Archive,
  http://www.erols.com/hosey.
 
</step></directions></recipe></recipeml>
