<?xml version="1.0" encoding="UTF-8"?>

<recipeml version="0.5">
  <recipe>
    <head>
      <title>Autumn Apple Shortcakes</title>
      <categories>
        <cat>Desserts</cat>
        <cat>Fruits</cat></categories>
      <yield>6</yield></head>
    <ingredients>
      <ing-div>
        <title>SHORTCAKE</title>
        <ing>
          <amt>
            <qty>2</qty>
            <unit>cups</unit></amt>
          <item>Bisquick</item></ing>
        <ing>
          <amt>
            <qty>1/2</qty>
            <unit>cups</unit></amt>
          <item>Water</item></ing>
        <ing>
          <amt>
            <qty>2</qty>
            <unit>tablespoons</unit></amt>
          <item>Sugar</item></ing>
        <ing>
          <amt>
            <qty>2</qty>
            <unit>tablespoons</unit></amt>
          <item>Shredded orange peel</item></ing></ing-div>
      <ing-div>
        <title>CRANBERRY APPLE FILLING</title>
        <ing>
          <amt>
            <qty>2</qty>
            <unit>cups</unit></amt>
          <item>Cranberries</item></ing>
        <ing>
          <amt>
            <qty>1/3</qty>
            <unit>cups</unit></amt>
          <item>Apple juice</item></ing>
        <ing>
          <amt>
            <qty>2</qty>
            <unit>cups</unit></amt>
          <item>Apples; peeled, thinly slice</item></ing>
        <ing>
          <amt>
            <qty>2/3</qty>
            <unit>cups</unit></amt>
          <item>Sugar</item></ing>
        <ing>
          <amt>
            <qty>1/2</qty>
            <unit>cups</unit></amt>
          <item>Apple juice</item></ing>
        <ing>
          <amt>
            <qty>1</qty>
            <unit>tablespoon</unit></amt>
          <item>Cornstarch</item></ing></ing-div></ingredients>
    <directions>
      <step>  Heat oven to 450F.  Grease cookie sheet.  Stir Bisquick, water, sugar and
  orange peel until soft dough forms. Drop by 6 spoonsful onto cookie sheet.
  Sprinkle with additional sugar, if desired.  bake 8 to 10 minutes, until
  brown.  Prepare Cranberry-Apple filling. Split shortcakes and fill and top
  shortcakes with filling and whipped cream.
  
  Cranberry-Apple Filling:
  
  Heat cranberries and 1/3 cup apple juice to boiling in 2 qt. pan. Stir in
  apples and reduce heat.  Simmer uncovered 5 minutes, or until apples are
  softened. Mix remaining ingredients and stir into cranberry mixture. Cook,
  stirring constantly, until mixture thickens and boils. Boil and stir one
  minute and remove from heat. Serve warm.
  
  From Gemini's MASSIVE MealMaster collection at www.synapse.com/~gemini
 
</step></directions></recipe></recipeml>
