<?xml version="1.0" encoding="UTF-8"?>

<recipeml version="0.5">
  <recipe>
    <head>
      <title>Autumn Rarebit Soup</title>
      <categories>
        <cat>Soups/stews</cat>
        <cat>Vegetables</cat>
        <cat>Cheese/eggs</cat></categories>
      <yield>1</yield></head>
    <ingredients>
      <ing>
        <amt>
          <qty>5</qty>
          <unit>cups</unit></amt>
        <item>Pumpkin; or squash, cooked</item></ing>
      <ing>
        <amt>
          <qty>2 1/2</qty>
          <unit>cups</unit></amt>
        <item>Chicken stock</item></ing>
      <ing>
        <amt>
          <qty>1 1/2</qty>
          <unit>cups</unit></amt>
        <item>Light beer</item></ing>
      <ing>
        <amt>
          <qty>2</qty>
          <unit>tablespoons</unit></amt>
        <item>Butter</item></ing>
      <ing>
        <amt>
          <qty>1</qty>
          <unit/></amt>
        <item>Onion;large, chopped</item></ing>
      <ing>
        <amt>
          <qty>3</qty>
          <unit/></amt>
        <item>Garlic cloves;crushed</item></ing>
      <ing>
        <amt>
          <qty>1</qty>
          <unit>cup</unit></amt>
        <item>Cheddar cheese;old, shredded</item></ing>
      <ing>
        <amt>
          <qty>1/4</qty>
          <unit>cups</unit></amt>
        <item>Pumpkin seeds Salt and pepper</item></ing></ingredients>
    <directions>
      <step>  Dotted throughout Canada are small inns that care passionately about the
  food they serve. This velvety fall soup offers a warm welcome to guests at
  the Orchid Trail Inn near Wiarton, Ontario.
  
    In large heavy saucepan, bring pumpkin and stock to a boil; reduce heat
  to medium, cover and simmer for 15 minutes or until tender. In a blender or
  food processor, puree in batches.
    In clean saucepan, combine pumpkin puree with beer; bring to boil over
  medium heat, stirring often. Reduce heat and simmer for 5 minutes.
    Meanwhile, in a small skillet, melt butter over medium low heat, cook
  onion and garlic; stirring, until softened, about 5 minutes. Add to pumpkin
  mixture; stir in cheese and simmer gently, partially covered, for 20
  minutes.
    Meanwhile in skillet over medium heat, cook pumpkin seeds, shaking pan
  often, for 7 to 10 minutes or until golden brown and toasted.
    Season soup with salt to taste. Garnish with pepper and pumpkin seeds.
  
  SERVES: 4-6 Source: ELIZABETH BAIRD posted by Anne MacLellan
  
  From Gemini's MASSIVE MealMaster collection at www.synapse.com/~gemini
 
</step></directions></recipe></recipeml>
