<?xml version="1.0" encoding="UTF-8"?>

<recipeml version="0.5">
  <recipe>
    <head>
      <title>Autumn Fruit Cornish Hens</title>
      <categories>
        <cat>Usenet</cat></categories>
      <yield>8</yield></head>
    <ingredients>
      <ing>
        <amt>
          <qty>8</qty>
          <unit/></amt>
        <item>Cornish game hens (each about 1 lb)</item></ing>
      <ing>
        <amt>
          <qty>12</qty>
          <unit>large</unit></amt>
        <item>Garlic cloves, peeled and finely minced</item></ing>
      <ing>
        <amt>
          <qty>4</qty>
          <unit>tablespoons</unit></amt>
        <item>Oregano, dried</item></ing>
      <ing>
        <amt>
          <qty/>
          <unit/></amt>
        <item>Salt (to taste)</item></ing>
      <ing>
        <amt>
          <qty/>
          <unit/></amt>
        <item>Pepper (to taste)</item></ing>
      <ing>
        <amt>
          <qty>1</qty>
          <unit>cup</unit></amt>
        <item>Red wine vinegar</item></ing>
      <ing>
        <amt>
          <qty>1/2</qty>
          <unit>cups</unit></amt>
        <item>Olive oil</item></ing>
      <ing>
        <amt>
          <qty>1</qty>
          <unit>cup</unit></amt>
        <item>Prunes, pitted</item></ing>
      <ing>
        <amt>
          <qty>1</qty>
          <unit>cup</unit></amt>
        <item>Apricots, dried</item></ing>
      <ing>
        <amt>
          <qty>1</qty>
          <unit>cup</unit></amt>
        <item>Green olives, pitted</item></ing>
      <ing>
        <amt>
          <qty>1/2</qty>
          <unit>cups</unit></amt>
        <item>Capers (plus a bit of the juice)</item></ing>
      <ing>
        <amt>
          <qty>8</qty>
          <unit/></amt>
        <item>Bay leaves</item></ing>
      <ing>
        <amt>
          <qty>1</qty>
          <unit>cup</unit></amt>
        <item>Brown sugar</item></ing>
      <ing>
        <amt>
          <qty>1</qty>
          <unit>cup</unit></amt>
        <item>White wine, dry</item></ing>
      <ing>
        <amt>
          <qty>4</qty>
          <unit>tablespoons</unit></amt>
        <item>Italian parsley (chopped)</item></ing></ingredients>
    <directions>
      <step>  Clean hens well under cold water.  Pat dry.
  
  In a large bowl, combine hens, garlic, oregano, salt, pepper, vinegar, oil,
  prunes, apricots, olives, capers (with juice) and bay leaves. Cover and
  refrigerate overnight to marinate.
  
  Preheat oven to 350 degrees F.  Arrange game hens in 1 or 2 shallow
  roasting pans. Spoon all the marinade over the hens. Sprinkle evenly with
  brown sugar and pour wine around them. Bake for 1 to 1 1/4 hours, basting
  frequently, until golden. Juice should look clear when thigh is pricked
  with a fork. Transfer hens, fruit, olives and capers to a serving platter.
  Moisten with pan juices and sprinkle with parsley. Pass remaining pan
  juices in a sauce boat.
  
  NOTES:
  
  *  Cornish game hens stewed in fruit and sugar -- I originally got this
  recipe from the Sunday magazine of the local paper. I served it last year
  for Christmas dinner, and it's very good. What's more, this recipe is easy:
  you just put everything in a bowl, marinate overnight, then bake until
  done!
  
  : Difficulty:  easy.
  : Time:  5 minutes preparation, overnight marinating, 1 hour cooking.
  : Precision:  approximate measurement OK.
  
  : Nancy Mintz
  : UNIX System Development Lab, AT&amp;T-IS, Summit, NJ
  : ihnp4!attunix!nlm
  
  : Copyright (C) 1986 USENET Community Trust
  
  From Gemini's MASSIVE MealMaster collection at www.synapse.com/~gemini
 
</step></directions></recipe></recipeml>
