<?xml version="1.0" encoding="UTF-8"?>

<recipeml version="0.5">
  <recipe>
    <head>
      <title>Avacado-Lime Jello Salad</title>
      <categories>
        <cat>Salad</cat></categories>
      <yield>9</yield></head>
    <ingredients>
      <ing>
        <amt>
          <qty>1</qty>
          <unit>package</unit></amt>
        <item>(small) lime jello</item></ing>
      <ing>
        <amt>
          <qty>1</qty>
          <unit>cup</unit></amt>
        <item>Boiling water</item></ing>
      <ing>
        <amt>
          <qty>2</qty>
          <unit>packages</unit></amt>
        <item>(small) cream cheese</item></ing>
      <ing>
        <amt>
          <qty>1/2</qty>
          <unit>small</unit></amt>
        <item>Onion; chopped fine</item></ing>
      <ing>
        <amt>
          <qty>1/2</qty>
          <unit>cups</unit></amt>
        <item>Mayonnaise</item></ing>
      <ing>
        <amt>
          <qty>1</qty>
          <unit/></amt>
        <item>Avacado; mashed</item></ing>
      <ing>
        <amt>
          <qty>1/2</qty>
          <unit>cans</unit></amt>
        <item>Pimentos; chopped</item></ing>
      <ing>
        <amt>
          <qty>1/2</qty>
          <unit>cups</unit></amt>
        <item>Green pepper; chopped fine</item></ing>
      <ing>
        <amt>
          <qty>1</qty>
          <unit>cup</unit></amt>
        <item>Celery; chopped fine</item></ing>
      <ing>
        <amt>
          <qty/>
          <unit/></amt>
        <item>Salt &amp; pepper to taste</item></ing></ingredients>
    <directions>
      <step>  Dissolve jello in water. Soften cream cheese with mayonnaise. Mix together
  &amp; then add vegetables to jello. Pour into 9 small molds or 1 large mold.
  Chill until firm.
  
  MRS C.R. (SUE) JACOBSEN
  
  From the &lt;The Bliss of Cooking Returns&gt;, Fort Bliss Officers Wives Club,
  Ft. Bliss, TX.  Downloaded from Glen's MM Recipe Archive,
  http://www.erols.com/hosey.
 
</step></directions></recipe></recipeml>
