<?xml version="1.0" encoding="UTF-8"?>

<recipeml version="0.5">
  <recipe>
    <head>
      <title>Avacado Dressing</title>
      <categories>
        <cat>Dressing</cat></categories>
      <yield>1</yield></head>
    <ingredients>
      <ing>
        <amt>
          <qty>1</qty>
          <unit>large</unit></amt>
        <item>Ripe avacado</item></ing>
      <ing>
        <amt>
          <qty>1/2</qty>
          <unit>cups</unit></amt>
        <item>Sour cream</item></ing>
      <ing>
        <amt>
          <qty>1/4</qty>
          <unit>cups</unit></amt>
        <item>Milk</item></ing>
      <ing>
        <amt>
          <qty>1</qty>
          <unit>tablespoon</unit></amt>
        <item>Grated onion</item></ing>
      <ing>
        <amt>
          <qty>1/2</qty>
          <unit>teaspoons</unit></amt>
        <item>Salt (up to)</item></ing>
      <ing>
        <amt>
          <qty>3</qty>
          <unit>drops</unit></amt>
        <item>Garlic juice</item></ing>
      <ing>
        <amt>
          <qty>1/8</qty>
          <unit>teaspoons</unit></amt>
        <item>Black pepper</item></ing>
      <ing>
        <amt>
          <qty>1</qty>
          <unit>tablespoon</unit></amt>
        <item>Fresh lime juice</item></ing></ingredients>
    <directions>
      <step>  Peel &amp; cup up avacado. Whirl in blender with milk &amp; sour cream. Add
  remaining ingredients &amp; blend until smooth. Place avacado seed in middle of
  dressing to avoid discoloration. Seal tightly &amp; chill before serving.
  
  MRS HILLIARD (CAROL) LEWIS
  
  From the &lt;The Bliss of Cooking Returns&gt;, Fort Bliss Officers Wives Club,
  Ft. Bliss, TX.  Downloaded from Glen's MM Recipe Archive,
  http://www.erols.com/hosey.
 
</step></directions></recipe></recipeml>
