<?xml version="1.0" encoding="UTF-8"?>

<recipeml version="0.5">
  <recipe>
    <head>
      <title>Avga Matia Me Saltsa Domatas (Fried Eggs W/tomatoes)</title>
      <categories>
        <cat>Cheese/eggs</cat>
        <cat>Greek</cat></categories>
      <yield>3</yield></head>
    <ingredients>
      <ing>
        <amt>
          <qty>1 1/2</qty>
          <unit>pounds</unit></amt>
        <item>Tomatoes</item></ing>
      <ing>
        <amt>
          <qty>5</qty>
          <unit>tablespoons</unit></amt>
        <item>Butter</item></ing>
      <ing>
        <amt>
          <qty>6</qty>
          <unit/></amt>
        <item>Eggs</item></ing>
      <ing>
        <amt>
          <qty/>
          <unit/></amt>
        <item>Salt &amp; pepper to taste</item></ing>
      <ing>
        <amt>
          <qty>1</qty>
          <unit>tablespoon</unit></amt>
        <item>Parsley, chopped</item></ing></ingredients>
    <directions>
      <step>     Drop tomatoes into boiling water for 2 min., then carefully peel off the
  skins.  Remove seeds and soft insides and cut into small pcs.  Place the
  pcs. in a frying pan with a little salt. Cook over low heat, meanwhile
  mashing into a pulp.  Add butter and while it browns, break the eggs into a
  shallow dish.  Lightly salt and pepper them, and gently ease into pan.
  
  When cooked to your taste, serve with the sauce in which they were cooked,
  and garnish with parsley.
  
  Serve immediately with fried potatoes.
  
  File ftp://ftp.idiscover.co.uk/pub/food/mealmaster/recipes/mmdjaxxx.zip
 
</step></directions></recipe></recipeml>
