<?xml version="1.0" encoding="UTF-8"?>

<recipeml version="0.5">
  <recipe>
    <head>
      <title>Avgolemono (Egg Lemon Soup)</title>
      <categories>
        <cat>None</cat></categories>
      <yield>1</yield></head>
    <ingredients>
      <ing>
        <amt>
          <qty>6</qty>
          <unit>cups</unit></amt>
        <item>De-fatted chicken stock</item></ing>
      <ing>
        <amt>
          <qty>1/2</qty>
          <unit>cups</unit></amt>
        <item>Uncooked white rice</item></ing>
      <ing>
        <amt>
          <qty>4</qty>
          <unit/></amt>
        <item>Eggs</item></ing>
      <ing>
        <amt>
          <qty>3</qty>
          <unit>tablespoons</unit></amt>
        <item>Fresh lemon juice; strained</item></ing>
      <ing>
        <amt>
          <qty/>
          <unit/></amt>
        <item>Salt</item></ing>
      <ing>
        <amt>
          <qty>2</qty>
          <unit>tablespoons</unit></amt>
        <item>Finely chopped fresh mint</item></ing></ingredients>
    <directions>
      <step>  From: Bulldogfla &lt;Bulldogfla@aol.com&gt;
  
  Bring the chicken stock to a boil over high heat. Add the rice and simmer,
  uncovered for about 15 minutes. Reduce heat to low.
  
  Beat the eggs with a whisk until frothy. Add the lemon juice and 1/4 cup of
  the hot broth. Slowly pour the mixture into the broth, stirring constantly.
  cook over low heat for 5 more minutes. Soup should be thick enough to coat
  a spoon. Do not boil. Season with salt and garnish with mint.
  
  Posted to recipelu-digest by jeryder@juno.com on Mar 21, 1998
 
</step></directions></recipe></recipeml>
