<?xml version="1.0" encoding="UTF-8"?>

<recipeml version="0.5">
  <recipe>
    <head>
      <title>Avgolemono Sauce Ala the Dumpling Cookbook</title>
      <categories>
        <cat>Cookbook</cat>
        <cat>Sauces</cat></categories>
      <yield>1</yield></head>
    <ingredients>
      <ing>
        <amt>
          <qty>3</qty>
          <unit/></amt>
        <item>Egg yolks</item></ing>
      <ing>
        <amt>
          <qty>1</qty>
          <unit>teaspoon</unit></amt>
        <item>Cornstarch</item></ing>
      <ing>
        <amt>
          <qty>1</qty>
          <unit>cup</unit></amt>
        <item>Chicken broth, heated, or water</item></ing>
      <ing>
        <amt>
          <qty>1</qty>
          <unit/></amt>
        <item>Lemon, Juice of</item></ing>
      <ing>
        <amt>
          <qty>1</qty>
          <unit>pinch</unit></amt>
        <item>Cayenne pepper</item></ing>
      <ing>
        <amt>
          <qty/>
          <unit/></amt>
        <item>Salt and pepper to taste</item></ing>
      <ing>
        <amt>
          <qty>1</qty>
          <unit>tablespoon</unit></amt>
        <item>Dill, fresh, chopped</item></ing></ingredients>
    <directions>
      <step>  1. Combine the egg yolks and cornstarch in the top of a double boiler. Beat
  with a whisk until the mixture is light and frothy.
  
  2. Add the hot broth or water, beating with a whisk all the time. Cook over
  simmering water until the sauce starts to thicken. Never let this sauce
  come anywhere near boiling-it will curdle.
  
  3. Add the lemon juice and cayenne. Correct the seasoning.
  
  4. Garnish with dill and serve.
  
  Typos by Brenda Adams &lt;adamsfmle@sprintmail.com&gt;
  NOTES : Serve with Keftedes
  
  Posted to MC-Recipe Digest V1 #328
  
  Recipe by: Maria Polushkin, The Dumpling Cookbook
  
  From: Brenda Adams &lt;adamsfmle@sprintmail.com&gt;
  
  Date: Tue, 03 Dec 1996 19:55:13 -0800
 
</step></directions></recipe></recipeml>
