<?xml version="1.0" encoding="UTF-8"?>

<recipeml version="0.5">
  <recipe>
    <head>
      <title>Aromatic Roast Duck</title>
      <categories>
        <cat>Poultry</cat></categories>
      <yield>6</yield></head>
    <ingredients>
      <ing>
        <amt>
          <qty>1</qty>
          <unit/></amt>
        <item>Piece dried tangerine peel</item></ing>
      <ing>
        <amt>
          <qty>1</qty>
          <unit/></amt>
        <item>Duck; 4 to 5 pounds</item></ing>
      <ing>
        <amt>
          <qty>1</qty>
          <unit/></amt>
        <item>Clove garlic</item></ing>
      <ing>
        <amt>
          <qty>1</qty>
          <unit/></amt>
        <item>Scallion stalk</item></ing>
      <ing>
        <amt>
          <qty>2</qty>
          <unit/></amt>
        <item>Or</item></ing>
      <ing>
        <amt>
          <qty>3</qty>
          <unit>slices</unit></amt>
        <item>Fresh ginger root</item></ing>
      <ing>
        <amt>
          <qty>1/2</qty>
          <unit>cups</unit></amt>
        <item>Soy sauce</item></ing>
      <ing>
        <amt>
          <qty>2</qty>
          <unit>tablespoons</unit></amt>
        <item>Sherry</item></ing>
      <ing>
        <amt>
          <qty>1/2</qty>
          <unit>teaspoons</unit></amt>
        <item>Soybean paste</item></ing>
      <ing>
        <amt>
          <qty>1</qty>
          <unit>teaspoon</unit></amt>
        <item>Sugar</item></ing>
      <ing>
        <amt>
          <qty>5</qty>
          <unit>tablespoons</unit></amt>
        <item>Peanut oil</item></ing></ingredients>
    <directions>
      <step>   1. Soak tangerine peel. Preheat oven to 350 degrees.
  
   2. Wipe duck inside and out with a damp cloth; then dry with paper
  toweling. Sew up or skewer its neck opening. Place ducktail-side up in a
  deep bowl.
  
   3. Mince garlic, scallion, ginger root and soaked tangerine peel. Combine
  with soy sauce, sherry, soybean paste and sugar. Pour mixture into duck
  cavity. Sew up the cavity securely or skewer.
  
   4. Brush duck with oil. Place on a rack over a drip pan containing several
  inches of water. Roast until done (about 25 minutes per pound) brushing
  duck with oil at 15-minute intervals. (Add more water to drip pan as it
  evaporates.)
  
   5. Let duck cool; then chill. Bone and cut in bite-size pieces (each with
  some skin). Serve cold.
  
  From &lt;The Thousand Recipe Chinese Cookbook&gt;, ISBN 0-517-65870-4. Downloaded
  from Glen's MM Recipe Archive, http://www.erols.com/hosey.
 
</step></directions></recipe></recipeml>
