<?xml version="1.0" encoding="UTF-8"?>

<recipeml version="0.5">
  <recipe>
    <head>
      <title>Aromatic Green Casserole</title>
      <categories>
        <cat>Vegetarian</cat>
        <cat>Vegan</cat>
        <cat>Main dish</cat>
        <cat>Easy</cat></categories>
      <yield>2</yield></head>
    <ingredients>
      <ing>
        <amt>
          <qty>3</qty>
          <unit>ounces</unit></amt>
        <item>Snap beans; cut into bite- size pieces</item></ing>
      <ing>
        <amt>
          <qty>3</qty>
          <unit>ounces</unit></amt>
        <item>Brussels sprouts; cut into bite-size pieces</item></ing>
      <ing>
        <amt>
          <qty>3</qty>
          <unit>ounces</unit></amt>
        <item>Broccoli; cut into bite-size pieces</item></ing>
      <ing>
        <amt>
          <qty>1 1/2</qty>
          <unit>ounces</unit></amt>
        <item>Walnuts; chopped</item></ing>
      <ing>
        <amt>
          <qty>2</qty>
          <unit>tablespoons</unit></amt>
        <item>Soy oil</item></ing>
      <ing>
        <amt>
          <qty>1/2</qty>
          <unit>teaspoons</unit></amt>
        <item>Fresh dill; chopped</item></ing>
      <ing>
        <amt>
          <qty>1/4</qty>
          <unit>teaspoons</unit></amt>
        <item>Sage</item></ing>
      <ing>
        <amt>
          <qty>1/2</qty>
          <unit>teaspoons</unit></amt>
        <item>Salt</item></ing>
      <ing>
        <amt>
          <qty/>
          <unit/></amt>
        <item>Juice of 1/2 lemon</item></ing>
      <ing>
        <amt>
          <qty/>
          <unit>pinches</unit></amt>
        <item>Cayenne</item></ing></ingredients>
    <directions>
      <step>   Steam beans, brussels sprouts, and broccoli for 8 minutes. Combine beans
  and walnuts with remaining ingredients and 2 ounces water. Transfer to
  blender and puree until smooth. Pour sauce over vegetables.
   Serve hot or cold.
  
   From DEEANNE's recipe files
  
  From Gemini's MASSIVE MealMaster collection at www.synapse.com/~gemini
 
</step></directions></recipe></recipeml>
