<?xml version="1.0" encoding="UTF-8"?>

<recipeml version="0.5">
  <recipe>
    <head>
      <title>Aromatic Milk Broth</title>
      <categories>
        <cat>None</cat></categories>
      <yield>1</yield></head>
    <ingredients>
      <ing>
        <amt>
          <qty>5</qty>
          <unit>cups</unit></amt>
        <item>Water</item></ing>
      <ing>
        <amt>
          <qty>1</qty>
          <unit>medium</unit></amt>
        <item>Onion; thinly sliced</item></ing>
      <ing>
        <amt>
          <qty>1</qty>
          <unit>large</unit></amt>
        <item>Carrot; quartered</item></ing>
      <ing>
        <amt>
          <qty>4</qty>
          <unit/></amt>
        <item>Sprigs parsley</item></ing>
      <ing>
        <amt>
          <qty>3</qty>
          <unit/></amt>
        <item>Sprigs thyme</item></ing>
      <ing>
        <amt>
          <qty>1</qty>
          <unit>small</unit></amt>
        <item>Rib celery with leaves; quartered</item></ing>
      <ing>
        <amt>
          <qty>1</qty>
          <unit>large</unit></amt>
        <item>Bay leaf</item></ing>
      <ing>
        <amt>
          <qty>1/4</qty>
          <unit>teaspoons</unit></amt>
        <item>Whole black peppercorns</item></ing>
      <ing>
        <amt>
          <qty>1/8</qty>
          <unit>teaspoons</unit></amt>
        <item>Cayenne pepper</item></ing>
      <ing>
        <amt>
          <qty>2</qty>
          <unit/></amt>
        <item>Whole cloves</item></ing>
      <ing>
        <amt>
          <qty/>
          <unit/></amt>
        <item>Salt to taste</item></ing>
      <ing>
        <amt>
          <qty>3</qty>
          <unit>cups</unit></amt>
        <item>Milk</item></ing></ingredients>
    <directions>
      <step>  I have a new cookbook--A Seafood Celebration. It is a fabulous book that
  really teaches you everything about cooking fish. It also contains lots of
  great recipes including sauces, salsas, etc. Since the book was such a
  bargain I feel I want to share some of the recipes with you. Today I am
  going to send you two recipes for poaching fish. If you have any questions
  regarding poaching fish, please e-mail me and I will try to find the answer
  for you. Poaching fish is a wonderful and healthy way to prepare fish. Mary
  Curtis
  
  In a 12-inch saute pan, bring all the ingredients except the milk to a boil
  over medium heat. Lower the heat and simmer, covered, for 15 minutes. Add
  the milk and simmer for 10 minutes more. Strain, pressing the vegetable and
  herb solids against the strainer to extract as much liquid as possible.
  
  This milk-based court boullion is best for poaching delicate-tasting
  white-fleshed fish such as cod, haddock, and halibut. After using it,
  reduce it by half and freeze it to use as a base for veloute or other
  sauces.
  Posted to EAT-L Digest  by mary curtis &lt;curtism@FUSE.NET&gt; on Feb 19, 1998
 
</step></directions></recipe></recipeml>
