<?xml version="1.0" encoding="UTF-8"?>

<recipeml version="0.5">
  <recipe>
    <head>
      <title>Aromatic Seed Mix (Sunset)</title>
      <categories>
        <cat>About</cat>
        <cat>Xport</cat></categories>
      <yield>12</yield></head>
    <ingredients>
      <ing-div>
        <title/>
        <ing>
          <amt>
            <qty>1/2</qty>
            <unit>cups</unit></amt>
          <item>Mustard seed, yellow/white</item></ing>
        <ing>
          <amt>
            <qty>1 1/2</qty>
            <unit>tablespoons</unit></amt>
          <item>Cumin seed</item></ing>
        <ing>
          <amt>
            <qty>1 1/2</qty>
            <unit>tablespoons</unit></amt>
          <item>Coriander seed</item></ing>
        <ing>
          <amt>
            <qty>1</qty>
            <unit>tablespoon</unit></amt>
          <item>Dried thyme leaves</item></ing>
        <ing>
          <amt>
            <qty>3/4</qty>
            <unit>teaspoons</unit></amt>
          <item>Cardamom seed, pods discarded</item></ing></ing-div>
      <ing-div>
        <title>OPTIONAL</title>
        <ing>
          <amt>
            <qty>2</qty>
            <unit>teaspoons</unit></amt>
          <item>Fennel seed</item></ing>
        <ing>
          <amt>
            <qty>2</qty>
            <unit>teaspoons</unit></amt>
          <item>Black peppercorns</item></ing>
        <ing>
          <amt>
            <qty>2</qty>
            <unit>teaspoons</unit></amt>
          <item>Red pepper flakes, or less to taste</item></ing></ing-div></ingredients>
    <directions>
      <step>  From: January, 1995 Food Guide column by Jerry Anne DiVecchio This is a
  great ingredient. Whole seeds can keep their flavor for years, but once in
  liquid, they become soft and easy to chew, while retaining their individual
  integrty. Makes a great gift! The proportions don't need to be precise.
  Substitute ground seeds if you have to. Store in a cool dark place.
  
  USE to flavor the water to cook vegetables like artichokes. Just dump some
  seeds generously into the boiling water. Add to vegetable soup purees --
  like carrot. Add to braised meats for roasts and stews, like Succulent Lamb
  Shanks (Sunset) see recipe.
  
  PatH c/o McRecipe Dec 02 96
  Posted to MC-Recipe Digest V1 #327
  
  Recipe by: Sunset Magazine, Jan 1995
  
  From: PATh &lt;phannema@wizard.ucr.edu&gt;
  
  Date: Mon, 02 Dec 1996 11:59:22 -0800
 
</step></directions></recipe></recipeml>
