<?xml version="1.0" encoding="UTF-8"?>

<recipeml version="0.5">
  <recipe>
    <head>
      <title>Arpagyongy Kremleves (Cream of Pearl Barley Soup)</title>
      <categories>
        <cat>Soups/stews</cat>
        <cat>Hungary</cat>
        <cat>Upload</cat></categories>
      <yield>6</yield></head>
    <ingredients>
      <ing>
        <amt>
          <qty>1</qty>
          <unit>pound</unit></amt>
        <item>Bones, pork &amp; veal</item></ing>
      <ing>
        <amt>
          <qty>2</qty>
          <unit/></amt>
        <item>Carrots; peeled, sliced</item></ing>
      <ing>
        <amt>
          <qty>1</qty>
          <unit/></amt>
        <item>Parsnip; peeled, sliced</item></ing>
      <ing>
        <amt>
          <qty>1/2</qty>
          <unit>cups</unit></amt>
        <item>Pearl Barley; uncooked</item></ing>
      <ing>
        <amt>
          <qty>3</qty>
          <unit>tablespoons</unit></amt>
        <item>Butter; clarified</item></ing>
      <ing>
        <amt>
          <qty>1</qty>
          <unit>tablespoon</unit></amt>
        <item>Flour, all-purpose</item></ing>
      <ing>
        <amt>
          <qty>1/3</qty>
          <unit>cups</unit></amt>
        <item>Milk, whole</item></ing>
      <ing>
        <amt>
          <qty/>
          <unit/></amt>
        <item>Salt</item></ing>
      <ing>
        <amt>
          <qty>1/3</qty>
          <unit>cups</unit></amt>
        <item>Heavy cream</item></ing>
      <ing>
        <amt>
          <qty>1</qty>
          <unit/></amt>
        <item>Egg yolks</item></ing></ingredients>
    <directions>
      <step>    Cook bones and vegetables in 1 1/2 quarts water for about 2 hours. Keep
  skimming the broth to remove scum.  Strain.  Add enough water to bring the
  amount to 1 1/2 quarts again. Add barley to the broth and cook until it is
  soft.
    Make a roux with butter and flour. Cook the roux over low heat, stirring
  constantly, but do not let it become dark. This should be a light roux.
  Stir 1/3 cup cold water and 1/3 cup cold milk into the roux and whip until
  smooth. Pour into soup and simmer it for 10 minutes.
    Puree the soup in a blender or through a sieve. Adjust the salt to taste.
  Mix cream with egg yolk and put it in a soup tureen. Just before serving,
  pour hot creamed soup over the yolk and cream mixture.
  
  File ftp://ftp.idiscover.co.uk/pub/food/mealmaster/recipes/mmdjaxxx.zip
 
</step></directions></recipe></recipeml>
