<?xml version="1.0" encoding="UTF-8"?>

<recipeml version="0.5">
  <recipe>
    <head>
      <title>Arrabbiata Sauce</title>
      <categories>
        <cat>Misc</cat>
        <cat>Pasta</cat>
        <cat>Holiday</cat>
        <cat>Gifts</cat></categories>
      <yield>14</yield></head>
    <ingredients>
      <ing>
        <amt>
          <qty/>
          <unit/></amt>
        <item>Patdwigans_om@juno.com</item></ing>
      <ing>
        <amt>
          <qty>1/2</qty>
          <unit>cups</unit></amt>
        <item>Extra virgin olive oil</item></ing>
      <ing>
        <amt>
          <qty>6</qty>
          <unit/></amt>
        <item>Garlic cloves, crushed</item></ing>
      <ing>
        <amt>
          <qty/>
          <unit/></amt>
        <item>With side of chef's knife</item></ing>
      <ing>
        <amt>
          <qty>4</qty>
          <unit/></amt>
        <item>Cans (35 ounces each )</item></ing>
      <ing>
        <amt>
          <qty/>
          <unit/></amt>
        <item>Italian plum tomatoes</item></ing>
      <ing>
        <amt>
          <qty>1</qty>
          <unit>tablespoon</unit></amt>
        <item>Salt</item></ing>
      <ing>
        <amt>
          <qty>1</qty>
          <unit/></amt>
        <item>To 1 1/2 tsp crushed</item></ing>
      <ing>
        <amt>
          <qty/>
          <unit/></amt>
        <item>Red pepper</item></ing></ingredients>
    <directions>
      <step>  1. In 8-quart Dutch oven, heat olive oil over medium heat until hot but not
  smoking. Add garlic and cook, stirring, 2 minutes; do not brown. Stir in
  tomatoes with their juice, salt, and red pepper; heat to boiling over high
  heat. Reduce heat to low; simmer, uncovered, 50 minutes or until sauce
  thickens slightly, stirring occasionally and crushing tomatoes with back of
  spoon. 2. For smooth, traditional texture,press tomato mixture through food
  mill into large bowl. (Or, leave sauce as is for a hearty, chunky texture.)
  Cool sauce slightly. Spoon into jars. Store in refrigerator for up to a
  week. Or spoon into freezer-proof containers and freeze for up to 2 months.
  Makes about 14 cups. Source: A friend Posted to TNT - Prodigy's Recipe
  Exchange Newsletter  by patdwigans_om@juno.com (patricia a dwigans) on Aug
  06, 1997
 
</step></directions></recipe></recipeml>
