<?xml version="1.0" encoding="UTF-8"?>

<recipeml version="0.5">
  <recipe>
    <head>
      <title>Arribiatta Sauce</title>
      <categories>
        <cat>Sauce</cat></categories>
      <yield>4</yield></head>
    <ingredients>
      <ing>
        <amt>
          <qty>4</qty>
          <unit/></amt>
        <item>Tomatoes -or- (up to)</item></ing>
      <ing>
        <amt>
          <qty>3</qty>
          <unit>cans</unit></amt>
        <item>Whole tomatoes (up to)</item></ing>
      <ing>
        <amt>
          <qty>3</qty>
          <unit/></amt>
        <item>Cloves garlic</item></ing>
      <ing>
        <amt>
          <qty>1</qty>
          <unit>small</unit></amt>
        <item>Onion</item></ing>
      <ing>
        <amt>
          <qty>1</qty>
          <unit>tablespoon</unit></amt>
        <item>Tomato paste</item></ing>
      <ing>
        <amt>
          <qty>1</qty>
          <unit>tablespoon</unit></amt>
        <item>Oregano; parsley, basil, black pepper (I grow my own and add whatever looks good)</item></ing>
      <ing>
        <amt>
          <qty>1</qty>
          <unit>teaspoon</unit></amt>
        <item>Crushed red pepper (or more)!!!</item></ing></ingredients>
    <directions>
      <step>  Date: Wed, 13 Mar 1996 12:33:25 -0500
  
  From: Annm665091@aol.com (Annmarie Chiarini)
  I hope this recipe is what you are looking for.  My family is a very
  traditional Italian family who recently (well, 8 years ago) got into ff/lf
  veg dieting. We slimmed down many sauce recipies as well as reduced the
  acidity of the sauce. Enjoy!
  
  Saute the diced tomatoes and diced onion in a little water for a 3-5
  minutes.  Add the spices, diced garlic, pepper and onion.  Melt in the
  tomato paste and simmer for 15-20 minutes, it will cook down to a nice
  light sauce. Add more tomato paste if you want a thicker sauce. Add more
  tomatoes if you want a chunkier sauce.
  
  I don't mean to be criptic with the measurements, my Grandmother taught me
  how to "sight cook" and I rarely use spoons or cups, if it smells good and
  the spices look evenly distributed, I'm happy.
  
  FATFREE DIGEST V96 #72
  
  From the Fatfree Vegetarian recipe list.  Downloaded from Glen's MM Recipe
  Archive, http://www.erols.com/hosey.
 
</step></directions></recipe></recipeml>
