<?xml version="1.0" encoding="UTF-8"?>

<recipeml version="0.5">
  <recipe>
    <head>
      <title>Arroz Con Pollo</title>
      <categories>
        <cat>Casseroles</cat>
        <cat>Rice &amp; grai</cat>
        <cat>Want to try</cat>
        <cat>Chicken bre</cat></categories>
      <yield>2</yield></head>
    <ingredients>
      <ing-div>
        <title/>
        <ing>
          <amt>
            <qty>2</qty>
            <unit/></amt>
          <item>Chicken breasts without skin</item></ing>
        <ing>
          <amt>
            <qty>1</qty>
            <unit>tablespoon</unit></amt>
          <item>Olive oil</item></ing>
        <ing>
          <amt>
            <qty/>
            <unit/></amt>
          <item>Salt and pepper</item></ing>
        <ing>
          <amt>
            <qty>1/2</qty>
            <unit>medium</unit></amt>
          <item>Onion; diced</item></ing>
        <ing>
          <amt>
            <qty>1</qty>
            <unit>medium</unit></amt>
          <item>Bell pepper; diced</item></ing>
        <ing>
          <amt>
            <qty>3</qty>
            <unit/></amt>
          <item>Cloves garlic; minced</item></ing>
        <ing>
          <amt>
            <qty>1/2</qty>
            <unit>cups</unit></amt>
          <item>Long-grain rice; rinsed and drained</item></ing>
        <ing>
          <amt>
            <qty>1</qty>
            <unit>cup</unit></amt>
          <item>Low sodium chicken broth</item></ing>
        <ing>
          <amt>
            <qty>1/2</qty>
            <unit>teaspoons</unit></amt>
          <item>Saffron threads</item></ing>
        <ing>
          <amt>
            <qty>1/4</qty>
            <unit>cups</unit></amt>
          <item>Dry sherry</item></ing>
        <ing>
          <amt>
            <qty>4</qty>
            <unit/></amt>
          <item>Plum tomatoes; diced</item></ing>
        <ing>
          <amt>
            <qty>1/2</qty>
            <unit>cups</unit></amt>
          <item>Frozen peas</item></ing>
        <ing>
          <amt>
            <qty>8</qty>
            <unit/></amt>
          <item>Green olives; pitted, halved</item></ing></ing-div>
      <ing-div>
        <title>BREAD</title>
        <ing>
          <amt>
            <qty>1</qty>
            <unit/></amt>
          <item>Clove garlic; crushed</item></ing>
        <ing>
          <amt>
            <qty>2</qty>
            <unit>teaspoons</unit></amt>
          <item>Olive oil</item></ing>
        <ing>
          <amt>
            <qty>1/2</qty>
            <unit/></amt>
          <item>Loaf french bread loaf</item></ing></ing-div></ingredients>
    <directions>
      <step>  Preheat oven to 350. Heat 1/2 T. oil n a nonstick skillet. Cut chicken into
  small pieces and borwn on all sides, about 2 minutes per side. Remove
  chicken, and season with salt and pepper.
  
  Add remaining 1/2 T. oil to pan and saute onions, without browning, 5
  mnutes. Add bell pepper and garlic and saute 5 minutes more.
  
  Place rice in a strainer and rinse under cold water. Drain well and add to
  skillet. Saute 1 minute. Add chicken stock and saffron. Bring to the simmer
  and add sherry and tomatoes. Cover and simmer 5 minutes.
  
  Return chicken to skillet and simmer, covered, 15 minutes more.
  
  Add peas and olives and cook 2 minutes. Taste for seasoning and add more
  salt and pepper if needed.
  
  Prpeare bread: Add garlic to 2 tsp. olive oil and brush on top of bread.
  Place in 350 oven to warm through, about 5 to 7 minutes.
  
  Serving Ideas : Tossed Green Salad and warm French bread
  
  Recipe by: Dinner in Minutes by Linda Gassenheimer
  
  Posted to MC-Recipe Digest V1 #916 by KSBAUM@aol.com on Nov 19, 1997
 
</step></directions></recipe></recipeml>
