<?xml version="1.0" encoding="UTF-8"?>

<recipeml version="0.5">
  <recipe>
    <head>
      <title>Arroz Mejicana (Mexican Rice)</title>
      <categories>
        <cat>Mexican</cat></categories>
      <yield>6</yield></head>
    <ingredients>
      <ing>
        <amt>
          <qty>2</qty>
          <unit/></amt>
        <item>Cloves Garlic, Peeled</item></ing>
      <ing>
        <amt>
          <qty>1</qty>
          <unit>small</unit></amt>
        <item>Onion, Peeled &amp; Quartered</item></ing>
      <ing>
        <amt>
          <qty>1 1/2</qty>
          <unit>cups</unit></amt>
        <item>Long Grain White Rice</item></ing>
      <ing>
        <amt>
          <qty>4</qty>
          <unit>tablespoons</unit></amt>
        <item>Bacon Fat (Drippings)</item></ing>
      <ing>
        <amt>
          <qty>1</qty>
          <unit>medium</unit></amt>
        <item>Mild Green Chile -- Roasted</item></ing>
      <ing>
        <amt>
          <qty/>
          <unit/></amt>
        <item>&amp; Peeled</item></ing>
      <ing>
        <amt>
          <qty>1/2</qty>
          <unit/></amt>
        <item>Carrot Cut Into 1" Chunks</item></ing>
      <ing>
        <amt>
          <qty>3</qty>
          <unit>cups</unit></amt>
        <item>Chicken Stock</item></ing>
      <ing>
        <amt>
          <qty>3</qty>
          <unit/></amt>
        <item>Threads</item></ing>
      <ing>
        <amt>
          <qty>1</qty>
          <unit>tablespoon</unit></amt>
        <item>Tomato Paste</item></ing>
      <ing>
        <amt>
          <qty>1</qty>
          <unit>large</unit></amt>
        <item>Tomato</item></ing>
      <ing>
        <amt>
          <qty>1/2</qty>
          <unit>teaspoons</unit></amt>
        <item>Salt</item></ing>
      <ing>
        <amt>
          <qty>1/4</qty>
          <unit>teaspoons</unit></amt>
        <item>Pepper</item></ing>
      <ing>
        <amt>
          <qty>2/3</qty>
          <unit>cups</unit></amt>
        <item>Cooked Green Peas</item></ing>
      <ing>
        <amt>
          <qty>1</qty>
          <unit>tablespoon</unit></amt>
        <item>Parsley, Minced</item></ing>
      <ing>
        <amt>
          <qty/>
          <unit/></amt>
        <item>Saffron</item></ing></ingredients>
    <directions>
      <step>  Use the metal blade of the food processor - drop the garlic through the
  feed tube with the motor running.Add the onion, Pulse to chop. Sautee the
  garlic, onion and rice in the oil, stirring constantly, until the rice is
  lightly browned (about 3 minutes). Remove from the heat. Seed and stem the
  chili pepper. Place in the workbowl of the food processor along with the
  carrot. Pulse to chop coarsely. Add to the skillet along with 1/3 of the
  stock.
  
  Simmer 4 to 5 minutes. Bring the remaining stock to a boil in a saucepan.
  Add the saffron and tomato paste. Use the shredding disk of the food
  processor to pulp and peel the tomato. Add the tomato pulp and the boiling
  stock to the skillet. Bring to a boil. Reduce heat. Cover. Simmer for 15 to
       20    minutes.
  
  Uncover. Add the peas. Add additional stock if the rice seems dry (DO NOT
  STIR THE RICE). Cook uncovered until the rice is tender (about 5 minutes).
  Add salt and pepper to taste. Fluff the rice gently with a fork just before
  serving. Garnish with minced parsley.
  
  Recipe By     : Joel.Ehrlich@salata.com (Joel Ehrlich)
  
  File ftp://ftp.idiscover.co.uk/pub/food/mealmaster/recipes/mmdja006.zip
 
</step></directions></recipe></recipeml>
