<?xml version="1.0" encoding="UTF-8"?>

<recipeml version="0.5">
  <recipe>
    <head>
      <title>Arroz Con Pollo #2</title>
      <categories>
        <cat>Poultry</cat></categories>
      <yield>6</yield></head>
    <ingredients>
      <ing>
        <amt>
          <qty>1</qty>
          <unit>large</unit></amt>
        <item>Chicken; about 3 lbs., cut into 6-8 serving pieces</item></ing>
      <ing>
        <amt>
          <qty/>
          <unit/></amt>
        <item>Salt</item></ing>
      <ing>
        <amt>
          <qty/>
          <unit/></amt>
        <item>Fresh ground black pepper</item></ing>
      <ing>
        <amt>
          <qty>1</qty>
          <unit>cup</unit></amt>
        <item>Cooking oil</item></ing>
      <ing>
        <amt>
          <qty>1</qty>
          <unit/></amt>
        <item>Clove garlic; peeled</item></ing>
      <ing>
        <amt>
          <qty>1/2</qty>
          <unit>pounds</unit></amt>
        <item>Pork shoulder; cut into bite-size pieces</item></ing>
      <ing>
        <amt>
          <qty>1/4</qty>
          <unit>pounds</unit></amt>
        <item>Smoked ham; cut in small chunks</item></ing>
      <ing>
        <amt>
          <qty>1</qty>
          <unit>cup</unit></amt>
        <item>Finely chopped onion</item></ing>
      <ing>
        <amt>
          <qty>1</qty>
          <unit>medium</unit></amt>
        <item>Green bell pepper; sliced into thin strips</item></ing>
      <ing>
        <amt>
          <qty>1</qty>
          <unit>tablespoon</unit></amt>
        <item>Finely chopped garlic</item></ing>
      <ing>
        <amt>
          <qty>2</qty>
          <unit>cups</unit></amt>
        <item>Long grain rice</item></ing>
      <ing>
        <amt>
          <qty>1</qty>
          <unit>can</unit></amt>
        <item>(6-oz) tomato paste</item></ing>
      <ing>
        <amt>
          <qty>1</qty>
          <unit>teaspoon</unit></amt>
        <item>Saffron threads; crushed, soaked in</item></ing>
      <ing>
        <amt>
          <qty>1/2</qty>
          <unit>cups</unit></amt>
        <item>Water</item></ing>
      <ing>
        <amt>
          <qty>1</qty>
          <unit>can</unit></amt>
        <item>Red pimento; cut in strips</item></ing>
      <ing>
        <amt>
          <qty>1/2</qty>
          <unit>cups</unit></amt>
        <item>Dry white wine</item></ing>
      <ing>
        <amt>
          <qty>4</qty>
          <unit>cups</unit></amt>
        <item>Boiling water</item></ing>
      <ing>
        <amt>
          <qty>1</qty>
          <unit>cup</unit></amt>
        <item>Fresh or frozen green peas</item></ing>
      <ing>
        <amt>
          <qty>1/2</qty>
          <unit>cups</unit></amt>
        <item>Each green &amp; black pitted olives (up to)</item></ing>
      <ing>
        <amt>
          <qty>8</qty>
          <unit>medium</unit></amt>
        <item>Shrimp; shelled &amp; deveined; cut in half</item></ing>
      <ing>
        <amt>
          <qty>1</qty>
          <unit>tablespoon</unit></amt>
        <item>Finely chopped parsley</item></ing></ingredients>
    <directions>
      <step>  Rinse the chicken pieces and pat completely dry with paper toweling.
  Sprinkle with salt and freshly ground black pepper. Set aside. In a large,
  flame-proof casserole dish or a large pot suitable for table service, heat
  the oil and garlic clove over moderate heat until the garlic begins to turn
  brown. Remove the garlic and discard. Add to the hot oil the chicken, pork,
  and ham. Cook until browned evenly, about 10 minutes. Remove the chicken
  and set aside. To the pork and ham, add the chopped onion, bell pepper, and
  garlic. Saute until the onion is translucent and the pepper soft, about 5
  minutes. Add the rice, stirring well to absorb liquids. Stir in the tomato
  paste. Add the saffron water, the white wine, and the boiling water. Add
  salt, about 2 tsp., and fresh ground black pepper, about 1 tsp. to taste.
  Return the chicken to the pot. Bring to a boil, then reduce heat to low.
  Stir in the peas, pimento, olives, shrimp, and parsley. Bring to a boil
  again. Immediately reduce the heat, cover, and simmer 20 to 30 minutes or
  until the chicken is tender and the rice has absorbed all the liquid. Serve
  directly from the casserole or pot. Note: For perfect rice, use 2-1/2 cups
  of liquid for each cup of rice. For a richer taste, use chicken stock or
  fortify water with chicken base or bouillon cubes.
  
  CASA GRANDE
  
  E. 200TH SOUTH, SALT LAKE CITY
  
  WINE: TORRES SANGRIA DE TORRO
  
  From the &lt;Micro Cookbook Collection of Mexican Recipes&gt;.  Downloaded from
  Glen's MM Recipe Archive, http://www.erols.com/hosey.
 
</step></directions></recipe></recipeml>
