<?xml version="1.0" encoding="UTF-8"?>

<recipeml version="0.5">
  <recipe>
    <head>
      <title>Arroz Con Pollo</title>
      <categories>
        <cat>Main dish</cat>
        <cat>Poultry</cat></categories>
      <yield>4</yield></head>
    <ingredients>
      <ing>
        <amt>
          <qty>1</qty>
          <unit>tablespoon</unit></amt>
        <item>Vegetable oil</item></ing>
      <ing>
        <amt>
          <qty>1</qty>
          <unit>pound</unit></amt>
        <item>Chicken breasts (boneless, skinless) cut into thick strips</item></ing>
      <ing>
        <amt>
          <qty>1</qty>
          <unit>medium</unit></amt>
        <item>Onion; chopped</item></ing>
      <ing>
        <amt>
          <qty>1</qty>
          <unit>medium</unit></amt>
        <item>Green pepper; chopped</item></ing>
      <ing>
        <amt>
          <qty>1</qty>
          <unit>medium</unit></amt>
        <item>Red pepper; chopped</item></ing>
      <ing>
        <amt>
          <qty>1</qty>
          <unit/></amt>
        <item>Garlic clove; minced</item></ing>
      <ing>
        <amt>
          <qty>1</qty>
          <unit>teaspoon</unit></amt>
        <item>Chili powder</item></ing>
      <ing>
        <amt>
          <qty>1/2</qty>
          <unit>teaspoons</unit></amt>
        <item>Ground cumin</item></ing>
      <ing>
        <amt>
          <qty>1/2</qty>
          <unit>teaspoons</unit></amt>
        <item>Salt</item></ing>
      <ing>
        <amt>
          <qty>1/2</qty>
          <unit>teaspoons</unit></amt>
        <item>Ground black pepper</item></ing>
      <ing>
        <amt>
          <qty>1/4</qty>
          <unit>teaspoons</unit></amt>
        <item>Turmeric</item></ing>
      <ing>
        <amt>
          <qty>1</qty>
          <unit>cup</unit></amt>
        <item>Uncooked rice</item></ing>
      <ing>
        <amt>
          <qty>1</qty>
          <unit>medium</unit></amt>
        <item>Tomato; seeded &amp; chopped</item></ing>
      <ing>
        <amt>
          <qty>2</qty>
          <unit>cups</unit></amt>
        <item>Chicken broth</item></ing></ingredients>
    <directions>
      <step>  Heat oil in large skillet over medium heat.  Cook chicken 8 to 10 minutes
  or until brown on all sides. Remove from pan. Add onion, green pepper, red
  pepper, garlic, chili powder, cumin, salt, pepper and turmeric. Cook 2 to 3
  minutes or until vegetables are tender. Add rice and tomatoes; stir until
  rice is lightly browned. Add broth; bring mixture to a boil, place chicken
  pieces on top of mixture.  Cover and simmer 20 minutes. To serve, fluff
  with fork stirring in chicken pieces.
  
  Each serving provides: * 358 calories * 35.8 g. protein * 4.9 g. fat * 40.3
  g. carbohydrate * 2.1 g. dietary fiber * 74 mg. cholesterol * 1155 mg.
  sodium
  
  Source: The Many Nationalities of Rice Reprinted with permission from USA
  Rice Council Electronic format courtesy of Karen Mintzias
  Posted to MC-Recipe Digest V1 #916 by LinFields@aol.com on Nov 19, 1997
 
</step></directions></recipe></recipeml>
