<?xml version="1.0" encoding="UTF-8"?>

<recipeml version="0.5">
  <recipe>
    <head>
      <title>Arroz Negro Black Rice with Shellfish and Garlic Mayonnaise</title>
      <categories>
        <cat>None</cat></categories>
      <yield>8</yield></head>
    <ingredients>
      <ing>
        <amt>
          <qty>16</qty>
          <unit>large</unit></amt>
        <item>Shrimp; (about 1 pound)</item></ing>
      <ing>
        <amt>
          <qty>1 1/2</qty>
          <unit>pounds</unit></amt>
        <item>Calamari</item></ing>
      <ing>
        <amt>
          <qty>1/2</qty>
          <unit>pounds</unit></amt>
        <item>Cockles or manila clams</item></ing>
      <ing>
        <amt>
          <qty>1</qty>
          <unit>pound</unit></amt>
        <item>Mussels</item></ing>
      <ing>
        <amt>
          <qty>6</qty>
          <unit>tablespoons</unit></amt>
        <item>Extra virgin olive oil</item></ing>
      <ing>
        <amt>
          <qty>1</qty>
          <unit>large</unit></amt>
        <item>Spanish onion; in 1/4" dice</item></ing>
      <ing>
        <amt>
          <qty>2</qty>
          <unit/></amt>
        <item>Red bell peppers; in 1/4" dice</item></ing>
      <ing>
        <amt>
          <qty>8</qty>
          <unit/></amt>
        <item>Cloves garlic; thinly sliced</item></ing>
      <ing>
        <amt>
          <qty>2</qty>
          <unit>tablespoons</unit></amt>
        <item>Spanish paprika</item></ing>
      <ing>
        <amt>
          <qty>2</qty>
          <unit>tablespoons</unit></amt>
        <item>Squid ink; (available in specialty stores)</item></ing>
      <ing>
        <amt>
          <qty>3</qty>
          <unit>cups</unit></amt>
        <item>Short grain rice</item></ing>
      <ing>
        <amt>
          <qty>8</qty>
          <unit>cups</unit></amt>
        <item>Fish stock</item></ing>
      <ing>
        <amt>
          <qty>2</qty>
          <unit>cups</unit></amt>
        <item>Fresh tomatoes; chopped</item></ing>
      <ing>
        <amt>
          <qty>1</qty>
          <unit>cup</unit></amt>
        <item>Scallions; sliced</item></ing></ingredients>
    <directions>
      <step>  MEDITERRANEAN MARIO #ME1A39 Recipes for #ME1A39 Copyright Mario Batali
  1997. All rights reserved.
  
  Peel shrimp, clean calamari and slice into 1/4 inch rings. Scrub cockles
  and debeard and scrub mussels. Set all shellfish aside.
  
  In an 18 inch to 22 inch paella pan, heat olive oil until smoking. Add
  onion, peppers, garlic and paprika and cook until softened, about 6 to 8
  minutes. Add squid ink and rice and continue to cook, about 3 to 4 minutes.
  Add fish stock and bring to a boil. Arrange fish in pan and continue to
  cook, not stirring, for 18 to 20 minutes, or until rice is tender and
  liquid is absorbed. Stir in tomatoes and scallions and season with salt and
  pepper.
  
  Yield: 8 servings
  
  Posted to MC-Recipe Digest by Sue &lt;suechef@sover.net&gt; on Feb 26, 1998
 
</step></directions></recipe></recipeml>
