<?xml version="1.0" encoding="UTF-8"?>

<recipeml version="0.5">
  <recipe>
    <head>
      <title>Arroz Agua Fresca</title>
      <categories>
        <cat>Beverages</cat>
        <cat>Vegan</cat>
        <cat>Vegetarian</cat></categories>
      <yield>8</yield></head>
    <ingredients>
      <ing>
        <amt>
          <qty>1 1/2</qty>
          <unit>quarts</unit></amt>
        <item>Hot; not boiling, water</item></ing>
      <ing>
        <amt>
          <qty>3</qty>
          <unit>cups</unit></amt>
        <item>Rice</item></ing>
      <ing>
        <amt>
          <qty>2 1/4</qty>
          <unit>teaspoons</unit></amt>
        <item>Cinnamon; divided</item></ing>
      <ing>
        <amt>
          <qty>1/2</qty>
          <unit>cups</unit></amt>
        <item>Sugar</item></ing>
      <ing>
        <amt>
          <qty>2</qty>
          <unit>cups</unit></amt>
        <item>Rice milk</item></ing></ingredients>
    <directions>
      <step>  In large bowl, pour hot water over rice and 2 teaspoon cinnamon. Soak 24
  hours, covered.
  
  Drain liquid from rice, reserving liquid. In food processor or blender,
  process rice in two batches with bout 1 cup of soaking liquid per batch
  until nearly smooth. Return rice to remaining soaking liquid. Strain
  mixture through several layers of cheesecloth or coffee filters. (This
  could take as long as an hour.)
  
  Add sugar, rice milk and remaining cinnamon to strained liquid. Refrigerate
  until chilled . Before serving, process or shake to thoroughly blend. Makes
  8 servings of about 1 cup each.
  
  Helpful Hint: Try making this drink with different varieties of rice.
  Jasmine rice, for example, creates a different flavor than basmati or other
  rice.
  
  Formatted by Karen Sonnessa &lt;ksonness@suffolk.lib.ny.us&gt;
  
  Recipe by: Vegetarian Times, October 1996
  
  Posted to MC-Recipe Digest by "Karen Sonnessa" &lt;ksonness@suffolk.lib.ny.us&gt;
  on May 5, 1998
 
</step></directions></recipe></recipeml>
