<?xml version="1.0" encoding="UTF-8"?>

<recipeml version="0.5">
  <recipe>
    <head>
      <title>Arroz Blanco</title>
      <categories>
        <cat>New</cat>
        <cat>Text</cat>
        <cat>Import</cat></categories>
      <yield>1</yield></head>
    <ingredients>
      <ing>
        <amt>
          <qty>3</qty>
          <unit>cups</unit></amt>
        <item>Longgrain unconverted white rice</item></ing>
      <ing>
        <amt>
          <qty>6</qty>
          <unit>tablespoons</unit></amt>
        <item>Vegetable oil</item></ing>
      <ing>
        <amt>
          <qty>1</qty>
          <unit>medium</unit></amt>
        <item>White onion,; finely chopped</item></ing>
      <ing>
        <amt>
          <qty>2</qty>
          <unit/></amt>
        <item>Cloves garlic,; peeled and minced</item></ing>
      <ing>
        <amt>
          <qty>7</qty>
          <unit>cups</unit></amt>
        <item>Water</item></ing></ingredients>
    <directions>
      <step>  Pour hot water over the rice and let it stand for about 10 minutes. Drain
  the rice and rinse well in cold water. Let the rice drain for a few
  minutes.
  
  In a mediumsize saucepan with a tightfitting lid, heat the oil over a
  mediumlow heat. Add the onion and garlic and cook until translucent,
  stirring constantly. Add the rice and cook just until the grains are coated
  with the oil.
  
  Add the water and cook, uncovered, over a medium heat until the liquid has
  been absorbed and small air holes appear on the top of the rice. Do not
  stir.
  
  Wrap the lid of the saucepan with a small terry cloth dish towel. Place the
  lid tightly over the saucepan so that none of the steam can escape. Set
  aside in a warm place for about 20 to 30 minutes, so that the rice can
  continue to cook and the grains expand. Stir the rice well before serving.
  
  Yield: 8 to 12 servings
  Recipe By     :TOO HOT TAMALES SHOW #TH6281
  
  Posted to MC-Recipe Digest V1 #305
  
  Date: Sat, 16 Nov 1996 09:16:35 -0500
  
  From: Meg Antczak &lt;meginny@frontiernet.net&gt;
 
</step></directions></recipe></recipeml>
