<?xml version="1.0" encoding="UTF-8"?>

<recipeml version="0.5">
  <recipe>
    <head>
      <title>Arroz Con Pollo</title>
      <categories>
        <cat>None</cat></categories>
      <yield>1</yield></head>
    <ingredients>
      <ing>
        <amt>
          <qty>2 1/2</qty>
          <unit>pounds</unit></amt>
        <item>Chicken Pieces</item></ing>
      <ing>
        <amt>
          <qty>1/2</qty>
          <unit>cups</unit></amt>
        <item>Olive Oil</item></ing>
      <ing>
        <amt>
          <qty>2</qty>
          <unit>teaspoons</unit></amt>
        <item>Oregano</item></ing>
      <ing>
        <amt>
          <qty>1/2</qty>
          <unit>teaspoons</unit></amt>
        <item>Black Pepper</item></ing>
      <ing>
        <amt>
          <qty>2</qty>
          <unit>teaspoons</unit></amt>
        <item>Salt</item></ing>
      <ing>
        <amt>
          <qty>1</qty>
          <unit/></amt>
        <item>Green Pepper; Cut In Strips</item></ing>
      <ing>
        <amt>
          <qty>2</qty>
          <unit>cups</unit></amt>
        <item>Onions; Chopped</item></ing>
      <ing>
        <amt>
          <qty>1</qty>
          <unit/></amt>
        <item>Bay Leaf</item></ing>
      <ing>
        <amt>
          <qty>1/2</qty>
          <unit>teaspoons</unit></amt>
        <item>Crushed Red Pepper</item></ing>
      <ing>
        <amt>
          <qty>1</qty>
          <unit/></amt>
        <item>Clove Garlic; Crushed</item></ing>
      <ing>
        <amt>
          <qty>1</qty>
          <unit>teaspoon</unit></amt>
        <item>Saffron Threads</item></ing>
      <ing>
        <amt>
          <qty>2</qty>
          <unit>cups</unit></amt>
        <item>Rice</item></ing>
      <ing>
        <amt>
          <qty>1</qty>
          <unit>can</unit></amt>
        <item>Tomatoes; Undrained</item></ing>
      <ing>
        <amt>
          <qty>1</qty>
          <unit>can</unit></amt>
        <item>Chicken Broth</item></ing>
      <ing>
        <amt>
          <qty>1/2</qty>
          <unit>packages</unit></amt>
        <item>Frozen Peas</item></ing>
      <ing>
        <amt>
          <qty>1/2</qty>
          <unit>cups</unit></amt>
        <item>Green Olives; Sliced</item></ing>
      <ing>
        <amt>
          <qty/>
          <unit/></amt>
        <item>Pimento Strips; Optional</item></ing></ingredients>
    <directions>
      <step>  Preheat oven to 350.
  
  Combine the oregano, salt and pepper and rub into the chicken pieces. In a
  heavy dutch oven heat 1/2 cup olive oil and brown chicken a few pieces at a
  time, until golden. Set chicken pieces aside.
  
  To the pan drippings add the green pepper strips, chopped onion, bay leaf,
  crushed red pepper, and crushed garlic. Stir until onion is tender.
  
  Crush the saffron threads. Add them along with the rice to the onion
  mixture. Cook until the rice is lightly browned, about 10 minutes. Add the
  undrained tomatoes and the chicken broth. Arrange chicken on top and bring
  to a boil. Bake covered for 1 hour.
  
  Remove from oven and sprinkle with the peas and sliced green olives.
  Arrange pimento strips on top if desired and bake, uncovered for 20
  minutes. Let stand 10 minutes before serving.
  
  Recipe by: Sandra Bernson
  
  Posted to MC-Recipe Digest V1 #912 by Sue &lt;suechef@sover.net&gt; on Nov 17,
  1997
 
</step></directions></recipe></recipeml>
