<?xml version="1.0" encoding="UTF-8"?>

<recipeml version="0.5">
  <recipe>
    <head>
      <title>Arroz De Huaca</title>
      <categories>
        <cat>Mexican</cat></categories>
      <yield>4</yield></head>
    <ingredients>
      <ing>
        <amt>
          <qty>1/2</qty>
          <unit>cups</unit></amt>
        <item>Minced Onion</item></ing>
      <ing>
        <amt>
          <qty>4</qty>
          <unit/></amt>
        <item>Dried malagueta chiles, stems and seeds removed crushed, or substitute Piquin chiles</item></ing>
      <ing>
        <amt>
          <qty>2</qty>
          <unit>teaspoons</unit></amt>
        <item>Olive Oil</item></ing>
      <ing>
        <amt>
          <qty>1</qty>
          <unit>cup</unit></amt>
        <item>White rice</item></ing>
      <ing>
        <amt>
          <qty>1/2</qty>
          <unit>cups</unit></amt>
        <item>Boiling water</item></ing>
      <ing>
        <amt>
          <qty>1 1/2</qty>
          <unit>cups</unit></amt>
        <item>Coconut milk</item></ing></ingredients>
    <directions>
      <step>   Saute the onion and chiles in the oil until the
  onions are soft. Add the rice and continue to saute
  until the rice turns opaque.
   Combine the water and coconut milk and bring to a
  boil. Add the rice mixture and bring back to a boil.
  Lower the heat, cover and simmer for 30 minutes or
  until the rice is tender.
   Remove the chiles and fluff the rice with a fork
  before serving.
  
  From Gemini's MASSIVE MealMaster collection at www.synapse.com/~gemini
 
</step></directions></recipe></recipeml>
