<?xml version="1.0" encoding="UTF-8"?>

<recipeml version="0.5">
  <recipe>
    <head>
      <title>Arroz Con Pollo- Shareware Recipe Clipper 11</title>
      <categories>
        <cat>Mexican</cat></categories>
      <yield>6</yield></head>
    <ingredients>
      <ing>
        <amt>
          <qty>1/2</qty>
          <unit>cups</unit></amt>
        <item>Olive oil</item></ing>
      <ing>
        <amt>
          <qty>1/4</qty>
          <unit>cups</unit></amt>
        <item>Tomato sauce</item></ing>
      <ing>
        <amt>
          <qty>1</qty>
          <unit/></amt>
        <item>Frying chicken cut up</item></ing>
      <ing>
        <amt>
          <qty>1/8</qty>
          <unit>teaspoons</unit></amt>
        <item>Saffron (powdered)</item></ing>
      <ing>
        <amt>
          <qty>1</qty>
          <unit/></amt>
        <item>Small onion chopped</item></ing>
      <ing>
        <amt>
          <qty>2 1/2</qty>
          <unit>cups</unit></amt>
        <item>Chicken broth</item></ing>
      <ing>
        <amt>
          <qty>1</qty>
          <unit/></amt>
        <item>Clove Garlic; Minced</item></ing>
      <ing>
        <amt>
          <qty>1</qty>
          <unit>cup</unit></amt>
        <item>Uncooked rice</item></ing>
      <ing>
        <amt>
          <qty/>
          <unit/></amt>
        <item>Salt and pepper to taste</item></ing></ingredients>
    <directions>
      <step>  Heat oil, brown chicken on both sides. Add onion and garlic, fry a few
  minutes, then add tomato sauce, saffron dissolved in chicken broth, salt
  and pepper. Cover and cook for 20 minutes. Add rice, stir well, cover again
  and simmer for 30 minutes longer, or until all liquid has been absorbed and
  chicken is tender.
  
  Recipe by: Shareware RECIPE CLIPPER 1.1
  
  Posted to MC-Recipe Digest V1 #913 by The Meades &lt;kmeade@idsonline.com&gt; on
  Nov 17, 1997
 
</step></directions></recipe></recipeml>
