<?xml version="1.0" encoding="UTF-8"?>

<recipeml version="0.5">
  <recipe>
    <head>
      <title>Arroz Bago (Lazy Rice)</title>
      <categories>
        <cat>Beans</cat>
        <cat>Rice</cat>
        <cat>Beef</cat></categories>
      <yield>4</yield></head>
    <ingredients>
      <ing>
        <amt>
          <qty>1 1/2</qty>
          <unit>pounds</unit></amt>
        <item>Ground beef</item></ing>
      <ing>
        <amt>
          <qty>2</qty>
          <unit>pounds</unit></amt>
        <item>Long grain rice</item></ing>
      <ing>
        <amt>
          <qty>1</qty>
          <unit/></amt>
        <item>Green pepper</item></ing>
      <ing>
        <amt>
          <qty>1</qty>
          <unit>can</unit></amt>
        <item>Green beans</item></ing>
      <ing>
        <amt>
          <qty>1</qty>
          <unit>can</unit></amt>
        <item>Corn</item></ing>
      <ing>
        <amt>
          <qty>1</qty>
          <unit>can</unit></amt>
        <item>Green peas</item></ing>
      <ing>
        <amt>
          <qty>1</qty>
          <unit>can</unit></amt>
        <item>Mixed vegetable</item></ing>
      <ing>
        <amt>
          <qty>1</qty>
          <unit>can</unit></amt>
        <item>Campbell's tomato soup</item></ing>
      <ing>
        <amt>
          <qty>1</qty>
          <unit>can</unit></amt>
        <item>Campbell's onion cream</item></ing>
      <ing>
        <amt>
          <qty>1</qty>
          <unit>package</unit></amt>
        <item>Bacon</item></ing>
      <ing>
        <amt>
          <qty>1</qty>
          <unit>can</unit></amt>
        <item>Asparagus</item></ing></ingredients>
    <directions>
      <step>  In large skillet, cook and stir meat and diced green pepper until meat is
  brown and green pepper is tender. Drain off fat. Grease baking dish, 13 x 9
  x 2 inches. Spread liberal amount of ground beef (enough to cover baking
  dish). Spread 1/3 of the amount of rice over the meat. Spread 1/3 cup of
  green beans, corn, green peas, mixed vegetable over the rice. Pour 1/3 cup
  of tomato soup over vegetables. Pour 1/3 c. cream onion over tomato soup.
  Repeat this process twice, making 3 layers. Pour the liquid from the
  vegetables. Place bacon strips on top of third layer. Cover casserole dish
  with aluminum foil. Cook covered in 350 degrwee oven for 1 hour or until
  rice is cooked. Before serving, spread 1 can asparagus over the bacon.
  Makes 10 servings.
  
  Recipe by: Key Gourmet
  
  Posted to recipelu-digest by James and Susan Kirkland &lt;kirkland@gj.net&gt; on
  Feb 17, 1998
 
</step></directions></recipe></recipeml>
