<?xml version="1.0" encoding="UTF-8"?>

<recipeml version="0.5">
  <recipe>
    <head>
      <title>Arroz Amarillo Con Camarones -Yellow Rice &amp; Shrimp Casserole</title>
      <categories>
        <cat>Main dish</cat>
        <cat>Seafood</cat></categories>
      <yield>6</yield></head>
    <ingredients>
      <ing>
        <amt>
          <qty>1/2</qty>
          <unit>cups</unit></amt>
        <item>Olive oil</item></ing>
      <ing>
        <amt>
          <qty>1</qty>
          <unit>small</unit></amt>
        <item>Onion; chopped</item></ing>
      <ing>
        <amt>
          <qty>1</qty>
          <unit>small</unit></amt>
        <item>Green pepper; chopped</item></ing>
      <ing>
        <amt>
          <qty>1</qty>
          <unit/></amt>
        <item>Garlic clove; minced</item></ing>
      <ing>
        <amt>
          <qty>1</qty>
          <unit/></amt>
        <item>Parsley sprig</item></ing>
      <ing>
        <amt>
          <qty>1</qty>
          <unit>large</unit></amt>
        <item>Ripe tomato peeled, seeded &amp; chopped</item></ing>
      <ing>
        <amt>
          <qty>1</qty>
          <unit/></amt>
        <item>Bay leaf</item></ing>
      <ing>
        <amt>
          <qty>1/4</qty>
          <unit>teaspoons</unit></amt>
        <item>Nutmeg</item></ing>
      <ing>
        <amt>
          <qty>1/4</qty>
          <unit>teaspoons</unit></amt>
        <item>Cumin</item></ing>
      <ing>
        <amt>
          <qty>1/4</qty>
          <unit>teaspoons</unit></amt>
        <item>Thyme</item></ing>
      <ing>
        <amt>
          <qty>1</qty>
          <unit>pinch</unit></amt>
        <item>Saffron; toasted</item></ing>
      <ing>
        <amt>
          <qty>1</qty>
          <unit>pound</unit></amt>
        <item>Shrimp, raw shelled, deveined Hot water</item></ing>
      <ing>
        <amt>
          <qty>1/4</qty>
          <unit>cups</unit></amt>
        <item>Dry white wine</item></ing>
      <ing>
        <amt>
          <qty>1</qty>
          <unit>tablespoon</unit></amt>
        <item>Lemon juice</item></ing>
      <ing>
        <amt>
          <qty>1</qty>
          <unit>tablespoon</unit></amt>
        <item>Salt</item></ing>
      <ing>
        <amt>
          <qty>1/2</qty>
          <unit>teaspoons</unit></amt>
        <item>Hot sauce</item></ing>
      <ing>
        <amt>
          <qty>2</qty>
          <unit>cups</unit></amt>
        <item>Long grain white rice Water</item></ing>
      <ing>
        <amt>
          <qty>1/2</qty>
          <unit>cups</unit></amt>
        <item>Beer</item></ing>
      <ing>
        <amt>
          <qty/>
          <unit/></amt>
        <item>Cooked peas</item></ing>
      <ing>
        <amt>
          <qty/>
          <unit/></amt>
        <item>Pimiento strips</item></ing>
      <ing>
        <amt>
          <qty/>
          <unit/></amt>
        <item>Parsley bouquets</item></ing></ingredients>
    <directions>
      <step>  Use a 3-quart casserole with lid.  An earthenware casserole is preferable,
  especially if you wish to add a touch of Spain to a dinner party. However,
  I know that good earthenware is hard to find today.  I have 2 casseroles
  that I've had for 15 years. Heat oil in casserole. Saute onion and pepper
  until transparent.  Add garlic, parsley, tomato, bay leaf, nutmeg, cumin
  and thyme.  Mix well, cover, and cook over low heat until mushy (about 15
  minutes).  The saffron should be toasting on the lid in the little brown
  paper. Add the shrimp to the saute and cook until it turns pink. Dissolve
  the saffron in the 1 cup hot water. Combine with wine, lemon juice, salt
  and hot sauce. Pour into casserole, stir to mix, and cook covered 10
  minutes more. Now add the rice and the 2 1/2 cups of water. Distribute
  ingredients well in casserole.  Bring to a quick boil, STIR ONCE, and place
  in preheated 325 degree F. oven for only 20 minutes - NI UN MINUTO MAS!
  Remove from oven, uncover, and garnish with peas, pimientos, and parsley.
  Pour beer over all.  Cover again and allow to stand 15 minutes longer,
  before serving.
  
  File ftp://ftp.idiscover.co.uk/pub/food/mealmaster/recipes/mmdjaxxx.zip
 
</step></directions></recipe></recipeml>
