<?xml version="1.0" encoding="UTF-8"?>

<recipeml version="0.5">
  <recipe>
    <head>
      <title>Arroz Verde #1</title>
      <categories>
        <cat>Rice</cat></categories>
      <yield>6</yield></head>
    <ingredients>
      <ing>
        <amt>
          <qty>1/2</qty>
          <unit/></amt>
        <item>Medium-size onion</item></ing>
      <ing>
        <amt>
          <qty>2</qty>
          <unit/></amt>
        <item>Stalks celery</item></ing>
      <ing>
        <amt>
          <qty>1/2</qty>
          <unit>large</unit></amt>
        <item>Poblano chile</item></ing>
      <ing>
        <amt>
          <qty>1</qty>
          <unit/></amt>
        <item>Clove (large) garlic</item></ing>
      <ing>
        <amt>
          <qty>2</qty>
          <unit>tablespoons</unit></amt>
        <item>Oil</item></ing>
      <ing>
        <amt>
          <qty>1</qty>
          <unit>cup</unit></amt>
        <item>Long-grain rice</item></ing>
      <ing>
        <amt>
          <qty>2/3</qty>
          <unit>cups</unit></amt>
        <item>Chicken stock (see index)</item></ing>
      <ing>
        <amt>
          <qty>1</qty>
          <unit>teaspoon</unit></amt>
        <item>Salt</item></ing>
      <ing>
        <amt>
          <qty>5</qty>
          <unit>ounces</unit></amt>
        <item>Frozen peas; defrosted</item></ing>
      <ing>
        <amt>
          <qty>2</qty>
          <unit/></amt>
        <item>Carrots; peeled &amp; cut in 1/8 inch dices</item></ing></ingredients>
    <directions>
      <step>  1. Place the onion, celery, chile and garlic in a small saucepan with 1 cup
  water. Bring to a simmer over medium heat and cook until the vegetables are
  tender, 10 to 15 minutes.
  
  2. Let the mixture cool until lukewarm, then puree in a blender or food
  processor. Set aside.
  
  3. Heat the oil in a small saucepan and fry the raw rice gently over in
  order to cook evenly without burning.
  
  4. Stir in the pureed vegetables and the liquid. Add the chicken stock and
  salt. Bring to a boil, stir once, and reduce heat to low. Cover and cook,
  undisturbed, for 10 to 12 minutes.
  
  5. Add the peas and carrots without stirring. Replace the cover and
  continue cooking for 10 to 15 minutes or until the rice is tender and the
  liquid is absorbed.
  
  6. Stir with a fork before serving to fluff the rice and mix the vegetables
  through.
  
  LOPEZ Y GONZALEZ
  
  LEE ROAD, CLEVELAND HEIGHTS.
  
  WINE: RED RIOJA
  
  From the &lt;Micro Cookbook Collection of Mexican Recipes&gt;.  Downloaded from
  Glen's MM Recipe Archive, http://www.erols.com/hosey.
 
</step></directions></recipe></recipeml>
