<?xml version="1.0" encoding="UTF-8"?>

<recipeml version="0.5">
  <recipe>
    <head>
      <title>Arroz Blanco</title>
      <categories>
        <cat>Mexican</cat>
        <cat>Rice</cat></categories>
      <yield>6</yield></head>
    <ingredients>
      <ing>
        <amt>
          <qty/>
          <unit/></amt>
        <item>Jim Vorheis</item></ing>
      <ing>
        <amt>
          <qty>1 1/2</qty>
          <unit>cups</unit></amt>
        <item>Unconverted long-grain rice</item></ing>
      <ing>
        <amt>
          <qty>1/3</qty>
          <unit>cups</unit></amt>
        <item>Safflower oil, melted chicken fat, or melted lard</item></ing>
      <ing>
        <amt>
          <qty>3</qty>
          <unit>tablespoons</unit></amt>
        <item>Finely chopped white onion</item></ing>
      <ing>
        <amt>
          <qty>1</qty>
          <unit/></amt>
        <item>Garlic clove, peeled and finely chopped</item></ing>
      <ing>
        <amt>
          <qty>3 1/2</qty>
          <unit>cups</unit></amt>
        <item>Light chicken broth, approximately</item></ing>
      <ing>
        <amt>
          <qty>1</qty>
          <unit>cup</unit></amt>
        <item>Fresh corn kernels or 1/3 cup carrot rounds</item></ing>
      <ing>
        <amt>
          <qty/>
          <unit/></amt>
        <item>Plus 1/2 cup fresh peas (optional)</item></ing>
      <ing>
        <amt>
          <qty>1</qty>
          <unit/></amt>
        <item>Parsley sprig</item></ing>
      <ing>
        <amt>
          <qty>2</qty>
          <unit/></amt>
        <item>Whole chilies serranos</item></ing>
      <ing>
        <amt>
          <qty/>
          <unit/></amt>
        <item>Sea salt to taste</item></ing>
      <ing>
        <amt>
          <qty/>
          <unit/></amt>
        <item>White Rice</item></ing></ingredients>
    <directions>
      <step>  Put the rice into a bowl and cover with very hot water. Stir once and leave
  to soak for 10 minutes. Drain, rinse in cold water, and drain again.
  
  Heat the oil in a heavy pan.  Give the rice a final shake and stir into the
  fat.  Fry over medium heat for about 5 minutes, stirring almost
  continuously.  Add the onion and garlic and continue frying until the rice
  is just turning a pale gold and the onion is transparent - about 3 to 5
  minutes longer.
  
  Pour in the broth and, if used, the vegetables and parsley or fresh
  chilies, add salt to taste, stir once again for the last time, and cook
  over fairly high heat, uncovered, until all the broth has been absorbed and
  air holes appear in the surface. Cover the surface of the rice with a towel
  and lid and continue cooking over very low heat for 5 minutes more. Remove
  from the heat and set aside in a warm place for the rice to absorb the rest
  of the moisture in the steam and swell ~ about 15 minutes. Dig gently to
  the bottom and test a grain of rice. If it is still damp, cook for a few
  minutes longer.  If the top grains are not quite soft, then sprinkle with a
  little more hot broth, cover, and cook for a few minutes longer.
  
  Before serving, turn the rice over from the bottom so that the flavored
  juices will be distributed evenly.
  
  The Art of Mexican Cooking From the collection of Jim Vorheis
  
  From Gemini's MASSIVE MealMaster collection at www.synapse.com/~gemini
 
</step></directions></recipe></recipeml>
