<?xml version="1.0" encoding="UTF-8"?>

<recipeml version="0.5">
  <recipe>
    <head>
      <title>Arroz De Polvo</title>
      <categories>
        <cat>Rice</cat></categories>
      <yield>4</yield></head>
    <ingredients>
      <ing>
        <amt>
          <qty>800</qty>
          <unit>grams</unit></amt>
        <item>Octopus</item></ing>
      <ing>
        <amt>
          <qty>200</qty>
          <unit>mililiters</unit></amt>
        <item>Red wine</item></ing>
      <ing>
        <amt>
          <qty/>
          <unit/></amt>
        <item>Water</item></ing>
      <ing>
        <amt>
          <qty>600</qty>
          <unit>mililiters</unit></amt>
        <item>Cooking liquid (reserved)</item></ing>
      <ing>
        <amt>
          <qty>150</qty>
          <unit>mililiters</unit></amt>
        <item>Olive oil</item></ing>
      <ing>
        <amt>
          <qty>1</qty>
          <unit/></amt>
        <item>Chopped onion</item></ing>
      <ing>
        <amt>
          <qty>2</qty>
          <unit/></amt>
        <item>Cloves garlic; finely chopped</item></ing>
      <ing>
        <amt>
          <qty>3</qty>
          <unit/></amt>
        <item>Tomatoes; skinned and chopped</item></ing>
      <ing>
        <amt>
          <qty>1</qty>
          <unit>large</unit></amt>
        <item>Green pepper; cut into snips</item></ing>
      <ing>
        <amt>
          <qty/>
          <unit/></amt>
        <item>Salt; pepper and chilli powder to taste</item></ing>
      <ing>
        <amt>
          <qty>350</qty>
          <unit>grams</unit></amt>
        <item>Rice (preferable a short-grain Risotto rice like Arborio)</item></ing></ingredients>
    <directions>
      <step>  From: kmeade@ids2.idsonline.com (The Meades)
  
  Date: Mon, 15 Apr 1996 18:48:14 -0400
  This, too, is a Portuguese recipe, from the Algarve.
  
  It can be made with octopuses of any size. Baby ones won't need so much
  precooking.
  
  Precook 600 to 800 g octopus in 200 mL red wine with a little water.
  
  The octopus will exude liquid so that you are likely to end up with more
  cooking liquid at the end.
  
  Retain this and add water to make it up to 600 ea mL. Cut the drained
  octopus into small pieces.
  
  Heat 150 mL olive oil in a large saucepan, add a chopped onion and cook
  gently, stirring, for 2 or 3 minutes. Add 2 garlic cloves finely chopped, 3
  tomatoes, skinned and chopped, and a large green pepper cut into snips.
  Season with salt, pepper and chilli powder to taste. Cook for a few minutes
  longer.
  
  Add the cooking liquid from the octopus and bring it to the boil. Add 350 g
  rice (preferable a short-grain risotto rice like arborio) and bring back to
  the boil, then turn the heat very low and put the lid on the saucepan.
  After 15 minutes, stir to ensure the rice is not catching on the bottom of
  the saucepan. In 5 minutes more, taste a grain or two to make sure it is
  soft. The rice should still be quite damp. Serve. Makes 4 servings.
  
  From Meryl Constance' column in the Sydney Morning Herald, "Raw Materials".
  3/2/93. Courtesy, Mark Herron. Posted by Stephen Ceideberg; June 4 1993.
  
  MC-RECIPE@MASTERCOOK.COM
  
  MASTERCOOK RECIPES LIST SERVER
  
  MC-RECIPE DIGEST V1 #44
  
  From the MasterCook recipe list.  Downloaded from Glen's MM Recipe Archive,
  http://www.erols.com/hosey.
 
</step></directions></recipe></recipeml>
