<?xml version="1.0" encoding="UTF-8"?>

<recipeml version="0.5">
  <recipe>
    <head>
      <title>Arroz Verde (Green Rice)</title>
      <categories>
        <cat>Rice</cat></categories>
      <yield>6</yield></head>
    <ingredients>
      <ing>
        <amt>
          <qty>2</qty>
          <unit>medium</unit></amt>
        <item>Green peppers coarsely chopped</item></ing>
      <ing>
        <amt>
          <qty>1/2</qty>
          <unit>cups</unit></amt>
        <item>Parsley; fresh, chopped</item></ing>
      <ing>
        <amt>
          <qty>1</qty>
          <unit>medium</unit></amt>
        <item>Onions; yellow, coarsely chopped</item></ing>
      <ing>
        <amt>
          <qty>2</qty>
          <unit/></amt>
        <item>Cloves garlic</item></ing>
      <ing>
        <amt>
          <qty>1/2</qty>
          <unit>cups</unit></amt>
        <item>Water</item></ing>
      <ing>
        <amt>
          <qty>2</qty>
          <unit>cups</unit></amt>
        <item>Brown rice; long-grain, raw</item></ing>
      <ing>
        <amt>
          <qty>3</qty>
          <unit>tablespoons</unit></amt>
        <item>Vegetable oil</item></ing>
      <ing>
        <amt>
          <qty>3</qty>
          <unit>cups</unit></amt>
        <item>Water</item></ing>
      <ing>
        <amt>
          <qty>1</qty>
          <unit>teaspoon</unit></amt>
        <item>Salt</item></ing></ingredients>
    <directions>
      <step>   This recipe even works with old wilted green peppers.  Recipe By: New
  Recipes from Moosewood Restaurant p. 198.
  
   Puree the vegetables in a blender with 1/2 cup of water until smooth.
  Saute the rice in oil for 2 or 3 minutes, stirring to prevent the rice from
  scorching.  Add the vegetable pure and cook for 5 more minutes, stirring
  often.  Add 3 cups of water and the salt and bring to a boil.
  
   Reduce the heat, cover, and cook until the liquid is absorbed, 30 to 45
  minutes.
  
  PERCIM@ATLAS.ODYSSEE.NET
  
  (MARK PERCIVAL)
  
  REC.FOOD.RECIPES
  
  From rec.food.cooking archives.  Downloaded from Glen's MM Recipe Archive,
  http://www.erols.com/hosey.
 
</step></directions></recipe></recipeml>
