<?xml version="1.0" encoding="UTF-8"?>

<recipeml version="0.5">
  <recipe>
    <head>
      <title>Arroz Cartagena</title>
      <categories>
        <cat>None</cat></categories>
      <yield>1</yield></head>
    <ingredients>
      <ing>
        <amt>
          <qty>1/4</qty>
          <unit>cups</unit></amt>
        <item>Unsalted butter</item></ing>
      <ing>
        <amt>
          <qty>1/2</qty>
          <unit/></amt>
        <item>White onion; finely chopped</item></ing>
      <ing>
        <amt>
          <qty>1/2</qty>
          <unit/></amt>
        <item>Red bell pepper; cut into 1/4 inch dice</item></ing>
      <ing>
        <amt>
          <qty>2</qty>
          <unit>teaspoons</unit></amt>
        <item>Ground cumin</item></ing>
      <ing>
        <amt>
          <qty>1/2</qty>
          <unit>small</unit></amt>
        <item>Savoy cabbage; core removed, thinly sliced</item></ing>
      <ing>
        <amt>
          <qty>4</qty>
          <unit/></amt>
        <item>Ripe plum tomatoes; peeled, seeded, and coarsely chopped</item></ing>
      <ing>
        <amt>
          <qty>4</qty>
          <unit>cups</unit></amt>
        <item>Water</item></ing>
      <ing>
        <amt>
          <qty>1</qty>
          <unit>pound</unit></amt>
        <item>Long-grain white rice</item></ing>
      <ing>
        <amt>
          <qty>3/4</qty>
          <unit>teaspoons</unit></amt>
        <item>Salt</item></ing>
      <ing>
        <amt>
          <qty>4</qty>
          <unit/></amt>
        <item>Green onions; light and dark green parts only, finely sliced</item></ing></ingredients>
    <directions>
      <step>  TOO HOT TAMALES SHOW #TH6196
  
  Wash rice and drain.
  
  In a large heavy saucepan heat the butter over medium heat. Add the onion
  and cook, stirring occasionally, for 3 to 4 minutes, or until just
  beginning to soften. Add rice, red pepper and the cumin and stir together
  for 2 minutes. Add the cabbage and tomato and cook for 3 minutes more, or
  until the mixture is thickened. Add the water and salt, increase the heat
  to mediumhigh and bring the mixture to a boil. Reduce the heat a little so
  that the liquid is simmering actively. Stir every minute or 2 until the
  rice is almost dry, then reduce the heat to very low, and stir in the green
  onion. Cover tightly, reduce the heat to low, and cook for 5 minutes more.
  
  Yield: 6 servings
  
  Posted to recipelu-digest by molony &lt;molony@scsn.net&gt; on Mar 04, 1998
 
</step></directions></recipe></recipeml>
