<?xml version="1.0" encoding="UTF-8"?>

<recipeml version="0.5">
  <recipe>
    <head>
      <title>Arroz Con Pollo - Ladies' Home Journal</title>
      <categories>
        <cat>Chicken</cat>
        <cat>Low-fat/low</cat>
        <cat>Mexican</cat>
        <cat>Rice</cat></categories>
      <yield>4</yield></head>
    <ingredients>
      <ing>
        <amt>
          <qty>2</qty>
          <unit>pounds</unit></amt>
        <item>Chicken breast halves</item></ing>
      <ing>
        <amt>
          <qty/>
          <unit/></amt>
        <item>Without skin -- 4 halves</item></ing>
      <ing>
        <amt>
          <qty/>
          <unit/></amt>
        <item>Salt</item></ing>
      <ing>
        <amt>
          <qty>1/2</qty>
          <unit>teaspoons</unit></amt>
        <item>Fresh ground pepper --</item></ing>
      <ing>
        <amt>
          <qty/>
          <unit/></amt>
        <item>Divided</item></ing>
      <ing>
        <amt>
          <qty>1/2</qty>
          <unit>teaspoons</unit></amt>
        <item>Paprika -- divided</item></ing>
      <ing>
        <amt>
          <qty>2</qty>
          <unit>teaspoons</unit></amt>
        <item>Olive oil</item></ing>
      <ing>
        <amt>
          <qty>1</qty>
          <unit>large</unit></amt>
        <item>Green pepper -- chopped</item></ing>
      <ing>
        <amt>
          <qty>3/4</qty>
          <unit>cups</unit></amt>
        <item>Chopped onions</item></ing>
      <ing>
        <amt>
          <qty>1 1/2</qty>
          <unit>teaspoons</unit></amt>
        <item>Garlic -- minced</item></ing>
      <ing>
        <amt>
          <qty>1</qty>
          <unit>cup</unit></amt>
        <item>Long-grain rice</item></ing>
      <ing>
        <amt>
          <qty>14 1/2</qty>
          <unit>ounces</unit></amt>
        <item>Chicken broth, defatted-1 cn</item></ing>
      <ing>
        <amt>
          <qty>1/3</qty>
          <unit>cups</unit></amt>
        <item>Dry white wine</item></ing>
      <ing>
        <amt>
          <qty>1/8</qty>
          <unit>teaspoons</unit></amt>
        <item>Saffron -- optional</item></ing>
      <ing>
        <amt>
          <qty>16</qty>
          <unit>ounces</unit></amt>
        <item>Stewed tomatoes -- or 14.5</item></ing>
      <ing>
        <amt>
          <qty/>
          <unit>ounces</unit></amt>
        <item>Can`</item></ing>
      <ing>
        <amt>
          <qty>1</qty>
          <unit>tablespoon</unit></amt>
        <item>Chopped parsley -- fresh</item></ing></ingredients>
    <directions>
      <step>  1. Cut each breast in 2 pieces.  Combine 1/4 teaspoon each salt, pepper,
  and paprika; rub over chicken.
  
  2. Heat oil over high heat.  Add chicken; cook until golden on all sides,
       10    minutes. Remove chicken.
  
  3. Add green pepper, onions, and garlic to skillet. Cook, stirring until
  vegetables are tender.  Add rice; cook, stirring until rice is opaque, 1 to
        2    minutes.
  
  4. Stir in broth, white wine, 1/2 teaspoon salt, 1/4 teaspoon each paprika
  nd pepper, and the saffron powder. Bring to boil over high heat. Reduce
  heat to low; cover and simmer,15 minutes.
  
  5. Stir in chicken and stewed tomatoes with their liquid; return to boil,
  breaking up tomatoes with spoon. Cover and simmer 20 minutes more, stirring
  once, until chicken and riceare tender and liquid is absorbed. Stir in
  parsley.  Spoon onto warm platter.
  
  Recipe By     : Ladies' Home Journal - Jan. 1995
  
  From Gemini's MASSIVE MealMaster collection at www.synapse.com/~gemini
 
</step></directions></recipe></recipeml>
