<?xml version="1.0" encoding="UTF-8"?>

<recipeml version="0.5">
  <recipe>
    <head>
      <title>Arroz Con Pollo</title>
      <categories>
        <cat>All newly t</cat>
        <cat>Poultry</cat></categories>
      <yield>6</yield></head>
    <ingredients>
      <ing>
        <amt>
          <qty>3</qty>
          <unit>pounds</unit></amt>
        <item>Broiler fryer chicken, cut up</item></ing>
      <ing>
        <amt>
          <qty>3/4</qty>
          <unit>teaspoons</unit></amt>
        <item>Salt</item></ing>
      <ing>
        <amt>
          <qty>1/2</qty>
          <unit>teaspoons</unit></amt>
        <item>Paprika</item></ing>
      <ing>
        <amt>
          <qty>1/4</qty>
          <unit>teaspoons</unit></amt>
        <item>Pepper</item></ing>
      <ing>
        <amt>
          <qty>2 1/2</qty>
          <unit>cups</unit></amt>
        <item>Chicken broth</item></ing>
      <ing>
        <amt>
          <qty>1</qty>
          <unit>cup</unit></amt>
        <item>Uncooked regular rice</item></ing>
      <ing>
        <amt>
          <qty>1</qty>
          <unit>medium</unit></amt>
        <item>Onion, chopped</item></ing>
      <ing>
        <amt>
          <qty>1</qty>
          <unit>teaspoon</unit></amt>
        <item>Garlic salt</item></ing>
      <ing>
        <amt>
          <qty>1/2</qty>
          <unit>teaspoons</unit></amt>
        <item>Dried oregano leaves</item></ing>
      <ing>
        <amt>
          <qty>1/8</qty>
          <unit>teaspoons</unit></amt>
        <item>Ground tumeric</item></ing>
      <ing>
        <amt>
          <qty>1</qty>
          <unit/></amt>
        <item>Bay leaf, crumbled</item></ing>
      <ing>
        <amt>
          <qty>1</qty>
          <unit>package</unit></amt>
        <item>(10 oz.) frozen green peas, thawed and drained</item></ing>
      <ing>
        <amt>
          <qty/>
          <unit/></amt>
        <item>Pimento strips</item></ing>
      <ing>
        <amt>
          <qty/>
          <unit/></amt>
        <item>Pitted ripe olives</item></ing></ingredients>
    <directions>
      <step>  Place chicken, skin sides up, in ungreased rectangular baking dish, 13x9x2
  inches. Sprinkle with salt, paprika and pepper. Cook uncovered in 350 oven
       30    minutes.
  
  Heat broth to boiling. Remove chicken and drain fat from dish. Mix broth,
  rice, onion, garlic salt, oregano, turmeric, bay leaf and peas in baking
  dish. Top with chicken; cover with aluminum foil. Cook in oven until rice
  and thickest pieces of chicken are done and liquid is absorbed, about 30
  minutes. Garnish with pimento strips and olives.
  
  Recipe by: Betty Crockers Red Spoon Collection Posted to MC-Recipe Digest
  V1 #644 by L979@aol.com on Jun 12, 1997
 
</step></directions></recipe></recipeml>
