<?xml version="1.0" encoding="UTF-8"?>

<recipeml version="0.5">
  <recipe>
    <head>
      <title>Arroz Con Pollo (Chicken with Rice)</title>
      <categories>
        <cat>Chicken</cat>
        <cat>To post</cat></categories>
      <yield>4</yield></head>
    <ingredients>
      <ing>
        <amt>
          <qty>1</qty>
          <unit/></amt>
        <item>Broiler chicken; Cut up</item></ing>
      <ing>
        <amt>
          <qty>1 1/2</qty>
          <unit>cups</unit></amt>
        <item>Chopped onion</item></ing>
      <ing>
        <amt>
          <qty>1</qty>
          <unit>package</unit></amt>
        <item>(7 oz) Yellow rice mix with seasoning packet</item></ing>
      <ing>
        <amt>
          <qty>1</qty>
          <unit>cup</unit></amt>
        <item>Frozen green peas</item></ing>
      <ing>
        <amt>
          <qty>1</qty>
          <unit/></amt>
        <item>Jar (4 oz) Whole pimientos; drained, Cut in strips</item></ing></ingredients>
    <directions>
      <step>  1. Cook chicken in a large, deep nonstick skillet over medium heat about 5
  minutes per side until browned. Remove chicken with a slotted spoon. Stir
  onions into drippings in skillet and saute 4 to 5 minutes or until golden.
  
  2. Stir in yellow rice mix, contents of seasoning packet and 2 cups water.
  
  3. Place chicken pieces, skin side up, on rice. Bring liquid to a boil over
  high heat, reduced heat, cover skillet and simmer 15 minutes.
  
  4. Stir in peas, cover and simmer 3 to 5 minutes until liquid is absorbed,
  rice is tender and peas are hot.
  
  5. Remove skillet from heat, uncover and top with strips of pimiento.
  
  Recipe by: Woman's Day  3/10/98
  
  Posted to recipelu-digest by Rodeo46898 &lt;Rodeo46898@aol.com&gt; on Mar 2, 1998
 
</step></directions></recipe></recipeml>
