<?xml version="1.0" encoding="UTF-8"?>

<recipeml version="0.5">
  <recipe>
    <head>
      <title>Arroz Dulce</title>
      <categories>
        <cat>Desserts</cat>
        <cat>Chinese</cat>
        <cat>Ethnic</cat></categories>
      <yield>2</yield></head>
    <ingredients>
      <ing>
        <amt>
          <qty>1</qty>
          <unit>cup</unit></amt>
        <item>Rice</item></ing>
      <ing>
        <amt>
          <qty>2</qty>
          <unit>cups</unit></amt>
        <item>Water</item></ing>
      <ing>
        <amt>
          <qty>1/2</qty>
          <unit>cups</unit></amt>
        <item>Sugar</item></ing>
      <ing>
        <amt>
          <qty>1</qty>
          <unit>teaspoon</unit></amt>
        <item>Salt</item></ing>
      <ing>
        <amt>
          <qty>2</qty>
          <unit>cups</unit></amt>
        <item>Evaporated milk</item></ing>
      <ing>
        <amt>
          <qty>1</qty>
          <unit>cup</unit></amt>
        <item>Raisins</item></ing>
      <ing>
        <amt>
          <qty>3</qty>
          <unit/></amt>
        <item>Eggs separated</item></ing>
      <ing>
        <amt>
          <qty>3/4</qty>
          <unit>teaspoons</unit></amt>
        <item>Vanilla</item></ing>
      <ing>
        <amt>
          <qty>1/4</qty>
          <unit>teaspoons</unit></amt>
        <item>Cinnamon</item></ing>
      <ing>
        <amt>
          <qty>1/4</qty>
          <unit>teaspoons</unit></amt>
        <item>Nutmeg</item></ing></ingredients>
    <directions>
      <step>  Combine the rice, water, sugar and salt in a large saucepan. Bring the
  water to a boil and cover the saucepan. Reduce the heat to low and continue
  to cook for 12-15 minutes, or until the water is absorbed. Combine the milk
  and egg yolks. Add them to the rice. Then mix in the raisins, vanilla and
  cinnamon. Simmer for five minutes. Remove from the heat. Beat the egg
  whites until stiff. Fold them into the rice. Chill and garnish with nutmeg
  before serving. NOTE: I like rice pudding warm, too.
  
  (Rice pudding--a traditional wedding dish) I'll post some Traditional New
  Mexico dessert favorites. Hope you enjoy them. They're not hard, and
  they're sure tasty.
  :)
  
  Food &amp; Wine RT [*] Category 5, Topic 9 Message 65 Sat Dec 12, 1992 PETCHY
  [Court.Jester]        at 13:04 EST
  
  MM by QBTOMM and Sylvia Steiger, GEnie THE.STEIGERS, CI$ 71511,2253, GT
  Cookbook echo moderator, net/node 004/005
  
  From Gemini's MASSIVE MealMaster collection at www.synapse.com/~gemini
 
</step></directions></recipe></recipeml>
