<?xml version="1.0" encoding="UTF-8"?>

<recipeml version="0.5">
  <recipe>
    <head>
      <title>Arroz Criollo (Early Spanish Rice)</title>
      <categories>
        <cat>None</cat></categories>
      <yield>1</yield></head>
    <ingredients>
      <ing-div>
        <title>A</title>
        <ing>
          <amt>
            <qty>1/2</qty>
            <unit>cups</unit></amt>
          <item>Chopped green pepper</item></ing>
        <ing>
          <amt>
            <qty>1/4</qty>
            <unit>cups</unit></amt>
          <item>Chopped onion</item></ing>
        <ing>
          <amt>
            <qty>1</qty>
            <unit/></amt>
          <item>Clove garlic; (minced)- OR 1/8 tsp. minced garlic</item></ing>
        <ing>
          <amt>
            <qty>1/2</qty>
            <unit>teaspoons</unit></amt>
          <item>Basil leaves</item></ing>
        <ing>
          <amt>
            <qty>2</qty>
            <unit>teaspoons</unit></amt>
          <item>Hot oil</item></ing></ing-div>
      <ing-div>
        <title>B</title>
        <ing>
          <amt>
            <qty>2</qty>
            <unit>cups</unit></amt>
          <item>Water</item></ing>
        <ing>
          <amt>
            <qty>1</qty>
            <unit>cup</unit></amt>
          <item>Regular rice</item></ing>
        <ing>
          <amt>
            <qty>1</qty>
            <unit>cup</unit></amt>
          <item>Tomato; (chopped)*</item></ing>
        <ing>
          <amt>
            <qty>1</qty>
            <unit>teaspoon</unit></amt>
          <item>Salt</item></ing>
        <ing>
          <amt>
            <qty>1/4</qty>
            <unit>teaspoons</unit></amt>
          <item>Pepper</item></ing></ing-div></ingredients>
    <directions>
      <step>  In skillet cook "A". Cook until vegetables are tender. Then stir in "B".
  Cook covered, over low heat until rice is done, about 20 minutes. serves
  6-8.
  
  NOTE- the recipe says 6 - 8 but i think that is as a side dish serving. i
  could personally eat this entire thing if i was given an hour break in
  between the two servings.
  
  * i love tomatoes and so i use more than the specified 1 cup. i usually use
  about 1 1/2 - 1 3/4 cup of tomatoes
  
  Posted to recipelu-digest by Kara9718 &lt;Kara9718@aol.com&gt; on Mar 14, 1998
 
</step></directions></recipe></recipeml>
