<?xml version="1.0" encoding="UTF-8"?>

<recipeml version="0.5">
  <recipe>
    <head>
      <title>Arroz Colonial</title>
      <categories>
        <cat>Side dish</cat>
        <cat>Grains</cat></categories>
      <yield>6</yield></head>
    <ingredients>
      <ing>
        <amt>
          <qty>1</qty>
          <unit/></amt>
        <item>Yellow onion; diced</item></ing>
      <ing>
        <amt>
          <qty>1</qty>
          <unit/></amt>
        <item>Red bell pepper; diced</item></ing>
      <ing>
        <amt>
          <qty>3</qty>
          <unit/></amt>
        <item>Garlic cloves; minced</item></ing>
      <ing>
        <amt>
          <qty>1</qty>
          <unit>tablespoon</unit></amt>
        <item>Olive oil</item></ing>
      <ing>
        <amt>
          <qty>1</qty>
          <unit>tablespoon</unit></amt>
        <item>Tomato paste</item></ing>
      <ing>
        <amt>
          <qty>2</qty>
          <unit/></amt>
        <item>Peeled and seeded roasted poblano chiles; minced; *see note</item></ing>
      <ing>
        <amt>
          <qty>1/2</qty>
          <unit>cups</unit></amt>
        <item>Tomato sauce</item></ing>
      <ing>
        <amt>
          <qty>1</qty>
          <unit>teaspoon</unit></amt>
        <item>Ground cumin</item></ing>
      <ing>
        <amt>
          <qty>1</qty>
          <unit>teaspoon</unit></amt>
        <item>Chile powder</item></ing>
      <ing>
        <amt>
          <qty>1</qty>
          <unit>teaspoon</unit></amt>
        <item>Salt</item></ing>
      <ing>
        <amt>
          <qty>2</qty>
          <unit>tablespoons</unit></amt>
        <item>Minced epazote; **see note</item></ing>
      <ing>
        <amt>
          <qty>1 1/2</qty>
          <unit>cups</unit></amt>
        <item>Brown rice</item></ing>
      <ing>
        <amt>
          <qty>2 1/4</qty>
          <unit>cups</unit></amt>
        <item>Vegetable stock</item></ing></ingredients>
    <directions>
      <step>  In a heavy soup pot, saute onion, bell pepper, and garlic in olive oil over
  medium heat for 5 minutes, or until soft. Stir in tomato paste, then add
  remaining ingredients. Bring to a boil, reduce heat to low, cover, and
  simmer for 40 minutes, or until rice is light and tender.
  
  NOTES : *You may either roast your own chiles and mince them, or substitute
  canned diced green chiles.  Both work well. **You may substitute cilantro
  for the epazote.
  Recipe by: Veggie Life, May 1996
  
  Posted to MC-Recipe Digest V1 #988 by "slt4@cornell.edu" &lt;slt4@cornell.edu&gt;
  on Jan 7, 1998
 
</step></directions></recipe></recipeml>
