<?xml version="1.0" encoding="UTF-8"?>

<recipeml version="0.5">
  <recipe>
    <head>
      <title>Arroz a la Mexicana Mexican Rice 1</title>
      <categories>
        <cat>None</cat></categories>
      <yield>1</yield></head>
    <ingredients>
      <ing>
        <amt>
          <qty>2</qty>
          <unit>tablespoons</unit></amt>
        <item>Fat (I use vegetable oil)</item></ing>
      <ing>
        <amt>
          <qty>1</qty>
          <unit>cup</unit></amt>
        <item>Raw rice</item></ing>
      <ing>
        <amt>
          <qty>1</qty>
          <unit>small</unit></amt>
        <item>Onion; minced</item></ing>
      <ing>
        <amt>
          <qty>1/2</qty>
          <unit/></amt>
        <item>Greehn pepper; chopped</item></ing>
      <ing>
        <amt>
          <qty>2</qty>
          <unit>teaspoons</unit></amt>
        <item>Salt</item></ing>
      <ing>
        <amt>
          <qty>2</qty>
          <unit>teaspoons</unit></amt>
        <item>Gebhardt's Chili Powder</item></ing>
      <ing>
        <amt>
          <qty>1</qty>
          <unit>cup</unit></amt>
        <item>Tomatoes</item></ing>
      <ing>
        <amt>
          <qty>2</qty>
          <unit>cups</unit></amt>
        <item>Water</item></ing></ingredients>
    <directions>
      <step>  Here is a recipe I use a lot for our church suppers and everyone likes it.
  It is from Gebhardt's Mexican Cookery for American Homes.
  
  Wash rice well and dry; brown raw rice in hot fat, add onion, green pepper,
  salt, Gebhardt's Chili Powder and tomatoes. Mix well and add just enough
  water to cover mixture. Cover with lid and allow to simmer until rice is
  tender, about 30 minutes. Remove lid to allow mixture to dry out. Do not
  stir after the cooking starts, as stirring tends to break the rice grains,
  causing mixture to become gummy.
  
  Posted to TNT - Prodigy's Recipe Exchange Newsletter  by vergie1@juno.com
  (Vergie A Ewing) on Sep 21, 1997
 
</step></directions></recipe></recipeml>
