<?xml version="1.0" encoding="UTF-8"?>

<recipeml version="0.5">
  <recipe>
    <head>
      <title>Art's Chile-Garlic Sauce</title>
      <categories>
        <cat>Hot and spi</cat>
        <cat>Sauces and</cat></categories>
      <yield>1</yield></head>
    <ingredients>
      <ing>
        <amt>
          <qty>1/4</qty>
          <unit>pounds</unit></amt>
        <item>Thai Red or Red Serrano Peppers, stems removed</item></ing>
      <ing>
        <amt>
          <qty>11</qty>
          <unit>ounces</unit></amt>
        <item>Prepared garlic</item></ing>
      <ing>
        <amt>
          <qty>1</qty>
          <unit>medium</unit></amt>
        <item>Red onion</item></ing>
      <ing>
        <amt>
          <qty>1</qty>
          <unit>teaspoon</unit></amt>
        <item>Salt</item></ing>
      <ing>
        <amt>
          <qty>1/8</qty>
          <unit>cups</unit></amt>
        <item>Sugar</item></ing>
      <ing>
        <amt>
          <qty>1/4</qty>
          <unit>cups</unit></amt>
        <item>White vinegar</item></ing></ingredients>
    <directions>
      <step>  Place all ingredients into a blender. Puree until a smooth consistency is
  reached. Ingredient amounts can vary according to taste. Removing the seeds
  from the peppers will reduce the sauce "heat." Store in a glass jar in the
  refrigerator. Makes about a pint.
  
  Serving Ideas : Great drizzled on pizza, eggs, or in chili to add some
  
  NOTES : Formatted for MasterCook by the Beach_Bum@usa.net.
  
  Recipe by: Art Guyer
  
  Posted to TNT - Prodigy's Recipe Exchange Newsletter  by Art Guyer
  &lt;Beach_Bum@usa.net&gt; on Nov 20, 1997
 
</step></directions></recipe></recipeml>
