<?xml version="1.0" encoding="UTF-8"?>

<recipeml version="0.5">
  <recipe>
    <head>
      <title>Art's Turkey Chili, Revised</title>
      <categories>
        <cat>Chili</cat>
        <cat>Turkey</cat></categories>
      <yield>32</yield></head>
    <ingredients>
      <ing-div>
        <title/>
        <ing>
          <amt>
            <qty>2</qty>
            <unit>tablespoons</unit></amt>
          <item>Olive Oil</item></ing>
        <ing>
          <amt>
            <qty>2 1/2</qty>
            <unit>pounds</unit></amt>
          <item>Ground Turkey</item></ing>
        <ing>
          <amt>
            <qty>29</qty>
            <unit>ounces</unit></amt>
          <item>Beef Broth; (Canned)</item></ing>
        <ing>
          <amt>
            <qty>3</qty>
            <unit>large</unit></amt>
          <item>Onions; Chopped</item></ing>
        <ing>
          <amt>
            <qty>2</qty>
            <unit/></amt>
          <item>Whole Garlics; Crushed</item></ing>
        <ing>
          <amt>
            <qty>3</qty>
            <unit/></amt>
          <item>Green/Red/Yellow Peppers; Chopped</item></ing>
        <ing>
          <amt>
            <qty>1</qty>
            <unit>pound</unit></amt>
          <item>Mushrooms; Sliced</item></ing>
        <ing>
          <amt>
            <qty>1</qty>
            <unit/></amt>
          <item>Jar Hot Salsa; (Or Your Own)</item></ing>
        <ing>
          <amt>
            <qty>12</qty>
            <unit>pounds</unit></amt>
          <item>Crushed Tomatoes; (Canned)</item></ing>
        <ing>
          <amt>
            <qty>6</qty>
            <unit>pounds</unit></amt>
          <item>Red Kidney Beans; (Canned)</item></ing>
        <ing>
          <amt>
            <qty>12</qty>
            <unit>pounds</unit></amt>
          <item>Tomato Paste; (Canned)</item></ing>
        <ing>
          <amt>
            <qty>14</qty>
            <unit>ounces</unit></amt>
          <item>Jumbo Black Olives; Sliced</item></ing>
        <ing>
          <amt>
            <qty>2</qty>
            <unit>cups</unit></amt>
          <item>Fresh Cilantro; Chopped</item></ing></ing-div>
      <ing-div>
        <title>SPICES</title>
        <ing>
          <amt>
            <qty>3</qty>
            <unit>tablespoons</unit></amt>
          <item>Parsley</item></ing>
        <ing>
          <amt>
            <qty>5</qty>
            <unit>tablespoons</unit></amt>
          <item>Ground Cumin</item></ing>
        <ing>
          <amt>
            <qty>1</qty>
            <unit>tablespoon</unit></amt>
          <item>Ground Cinnamon</item></ing>
        <ing>
          <amt>
            <qty>1</qty>
            <unit>tablespoon</unit></amt>
          <item>Basil</item></ing>
        <ing>
          <amt>
            <qty>1</qty>
            <unit>teaspoon</unit></amt>
          <item>Cayenne</item></ing>
        <ing>
          <amt>
            <qty>3</qty>
            <unit>tablespoons</unit></amt>
          <item>Chili Powder</item></ing>
        <ing>
          <amt>
            <qty>2</qty>
            <unit>tablespoons</unit></amt>
          <item>Oregano</item></ing>
        <ing>
          <amt>
            <qty>3</qty>
            <unit>tablespoons</unit></amt>
          <item>Garlic Powder</item></ing>
        <ing>
          <amt>
            <qty>1</qty>
            <unit>tablespoon</unit></amt>
          <item>Black Pepper</item></ing></ing-div></ingredients>
    <directions>
      <step>  Brown turkey in olive oil, drain and place in a large cooking pot (20
  quart). Saute chopped vegetables and add to pot. Add remaining ingredients
  (excluding cilantro and spices) to pot. Cook over medium heat for about 1/2
  hour, stirring frequently. Add spices, one at a time, stirring well between
  each addition. Simmer for another 1/2 hour, stirring frequently. Adjust
  spices to taste. Simmer for another 1/2 hour, stirring frequently. Again
  adjust spices to taste. Add cilantro when you turn the heat off. This made
  about 16-17 quarts.
  
  Serve plain or over spaghetti, baked potato or rice, with grated low-fat
  cheese and chopped onions on the side. Tortilla chips or browned chunks of
  Italian bread are also good on the side. The chili freezes well. Freeze in
  plastic quart containers for quick 2 or 3 person meals.
  
  Recipe by: Art Guyer at ThePoint@beachlink.com
  
  Posted to KitMailbox Digest  by AnnDeTar &lt;AnnDeTar@aol.com&gt; on Mar 9, 1998
 
</step></directions></recipe></recipeml>
