<?xml version="1.0" encoding="UTF-8"?>

<recipeml version="0.5">
  <recipe>
    <head>
      <title>Art's Habenero Jelly</title>
      <categories>
        <cat>Hot and spi</cat>
        <cat>Jams and je</cat></categories>
      <yield>1</yield></head>
    <ingredients>
      <ing>
        <amt>
          <qty>1/2</qty>
          <unit>pounds</unit></amt>
        <item>Habenero peppers</item></ing>
      <ing>
        <amt>
          <qty>1/2</qty>
          <unit>medium</unit></amt>
        <item>Red onion; chopped</item></ing>
      <ing>
        <amt>
          <qty>1</qty>
          <unit>cup</unit></amt>
        <item>Cider vinegar</item></ing>
      <ing>
        <amt>
          <qty>1</qty>
          <unit>can</unit></amt>
        <item>Apricots (reserve juice); (15 ounce) chopped</item></ing>
      <ing>
        <amt>
          <qty>1/8</qty>
          <unit>cups</unit></amt>
        <item>Apricot juice</item></ing>
      <ing>
        <amt>
          <qty>4</qty>
          <unit>drops</unit></amt>
        <item>Red food coloring</item></ing>
      <ing>
        <amt>
          <qty>6</qty>
          <unit>drops</unit></amt>
        <item>Yellow food coloring</item></ing>
      <ing>
        <amt>
          <qty>6</qty>
          <unit>cups</unit></amt>
        <item>Sugar</item></ing>
      <ing>
        <amt>
          <qty>1</qty>
          <unit>package</unit></amt>
        <item>Fruit pectin</item></ing></ingredients>
    <directions>
      <step>  Cut off stem ends of peppers and blend together with chopped onions,
  vinegar, apricots, apricot juice, and food coloring. Pour the pepper
  mixture into a large non-aluminum pan and bring to a simmer. Stir in sugar
  gradually, bringing mixture to a boil. Boil for five minutes. Stir
  frequently through these processes. Remove from heat and let stand for five
  minutes; stir in fruit pectin and let cool slightly. Skim with slotted
  spoon if necessary.
  
  Pour into plastic containers, seal and let stand at room temperature for at
  least 24 hours. You may want to shake containers occassionally to keep bits
  of peppers from settling to the bottom. Freeze and enjoy all winter long.
  
  Makes about 48 oz of jelly.
  
  Recipe by: Art Guyer
  
  Posted to TNT - Prodigy's Recipe Exchange Newsletter  by Art Guyer
  &lt;Beach_Bum@usa.net&gt; on Nov 24, 1997
 
</step></directions></recipe></recipeml>
