<?xml version="1.0" encoding="UTF-8"?>

<recipeml version="0.5">
  <recipe>
    <head>
      <title>Art's Chicken Wings</title>
      <categories>
        <cat>Chat recipe</cat>
        <cat>Chicken</cat>
        <cat>Hot &amp; spicy</cat>
        <cat>Poultry</cat>
        <cat>Wings</cat></categories>
      <yield>1</yield></head>
    <ingredients>
      <ing>
        <amt>
          <qty>3</qty>
          <unit>pounds</unit></amt>
        <item>Chicken wings</item></ing>
      <ing>
        <amt>
          <qty>1/4</qty>
          <unit>cups</unit></amt>
        <item>Apple vinegar</item></ing>
      <ing>
        <amt>
          <qty>1</qty>
          <unit>teaspoon</unit></amt>
        <item>Cayenne pepper (or to taste)</item></ing>
      <ing>
        <amt>
          <qty>16</qty>
          <unit>ounces</unit></amt>
        <item>Wing sauce</item></ing>
      <ing>
        <amt>
          <qty>16</qty>
          <unit>ounces</unit></amt>
        <item>Barbecue sauce (your favorite)</item></ing>
      <ing>
        <amt>
          <qty>1</qty>
          <unit>tablespoon</unit></amt>
        <item>Liquid hot sauce</item></ing>
      <ing>
        <amt>
          <qty>1/2</qty>
          <unit>teaspoons</unit></amt>
        <item>Black pepper</item></ing>
      <ing>
        <amt>
          <qty>1/2</qty>
          <unit>teaspoons</unit></amt>
        <item>Oregano</item></ing>
      <ing>
        <amt>
          <qty>6</qty>
          <unit/></amt>
        <item>Cloves garlic; minced</item></ing>
      <ing>
        <amt>
          <qty/>
          <unit/></amt>
        <item>Celery sticks</item></ing>
      <ing>
        <amt>
          <qty/>
          <unit/></amt>
        <item>Blue cheese salad dressing</item></ing>
      <ing>
        <amt>
          <qty>2</qty>
          <unit>tablespoons</unit></amt>
        <item>Liquid hot sauce</item></ing></ingredients>
    <directions>
      <step>  Wash the wings, remove the tip and sever the wings at the joint. Arrange
  wing pieces in a large, flat baking dish, sprinkle with the vinegar and the
  cayenne pepper. Cover the dish with plastic wrap and cook in the microwave
  on high for 15 minutes; turn the wings and add some more cayenne in you
  like, re-cover and microwave for another 15 minutes. During the last 15
  minutes, preheat the oven to 350 F and combine the remainder of the
  ingredients into a basting sauce. When the wings are finished in the
  microwave, drain the liquid off and apply some of the basting sauce to the
  top of the wings. Cook in the oven for about 25 minutes. Remove and turn
  the wings; baste with more sauce and return the wings to the oven for
  another 25 minutes. Check the wings occasionally through the cooking
  period, and baste as needed. After this cooking, the meat on wings should
  almost fall off the bones, but not quite! Let set for about 10 minutes
  before removing from the baking dish and arranging them on a platter.
  
  Recipe by: Art Guyer Posted to TNT - Prodigy's Recipe Exchange Newsletter
  by "Art Guyer" &lt;Beach_Bum@usa.net&gt; on Aug 24, 1997
 
</step></directions></recipe></recipeml>
