<?xml version="1.0" encoding="UTF-8"?>

<recipeml version="0.5">
  <recipe>
    <head>
      <title>Art's Oyster Pie</title>
      <categories>
        <cat>Casseroles</cat>
        <cat>Seafood</cat></categories>
      <yield>4</yield></head>
    <ingredients>
      <ing>
        <amt>
          <qty>1/4</qty>
          <unit>pounds</unit></amt>
        <item>Saltine crackers; finely crumbled</item></ing>
      <ing>
        <amt>
          <qty>2</qty>
          <unit>pints</unit></amt>
        <item>Standard oysters; reserve liquid</item></ing>
      <ing>
        <amt>
          <qty>1 1/2</qty>
          <unit>teaspoons</unit></amt>
        <item>Old Bay Seasonings</item></ing>
      <ing>
        <amt>
          <qty>1/2</qty>
          <unit>teaspoons</unit></amt>
        <item>Pepper</item></ing>
      <ing>
        <amt>
          <qty>1 2/3</qty>
          <unit>cups</unit></amt>
        <item>Evaporated skim milk</item></ing>
      <ing>
        <amt>
          <qty>1/2</qty>
          <unit>cups</unit></amt>
        <item>Water/oyster liquid</item></ing>
      <ing>
        <amt>
          <qty>2</qty>
          <unit>tablespoons</unit></amt>
        <item>Onion; finely chopped</item></ing>
      <ing>
        <amt>
          <qty>1</qty>
          <unit>can</unit></amt>
        <item>Green chilies (small can); drained</item></ing>
      <ing>
        <amt>
          <qty>1</qty>
          <unit>teaspoon</unit></amt>
        <item>Hot sauce</item></ing>
      <ing>
        <amt>
          <qty>5</qty>
          <unit/></amt>
        <item>Eggs (or "egg beaters"); beaten</item></ing>
      <ing>
        <amt>
          <qty>1/2</qty>
          <unit/></amt>
        <item>Stick margarine</item></ing>
      <ing>
        <amt>
          <qty>1/8</qty>
          <unit>cups</unit></amt>
        <item>Parmesan cheese</item></ing>
      <ing>
        <amt>
          <qty/>
          <unit/></amt>
        <item>Paprika</item></ing></ingredients>
    <directions>
      <step>  Examine oysters for bits of shell or other non-edible parts. Grease the
  bottom of 9x9 inch square pan or a 9 inch deep dish pie pan. Place a layer
  of crumbled crackers on the bottom, and moisten with some of the
  water/oyster liquid. Top with a layer of oysters, placing the oysters in
  the dish one, by one. Repeat with a layer of crackers, oysters and
  crackers.
  
  Mix together the remainder of the ingredients, excluding the margarine,
  cheese and paprika, and pour over the top. Dot the margarine on the top and
  place in refrigerator overnight or at least 2 hours.
  
  One hour before serving, sprinkle with Parmesan cheese and paprika and bake
  for about an hour at 375 degrees; the time may vary depending on the depth
  of the egg/oyster mixture. Let stand on counter for 10 - 15 minutes before
  taking to table.
  
  Serves 4 to 6.
  
  Recipe by: Art Guyer
  
  Posted to KitMailbox Digest  by Art Guyer &lt;Beach_Bum@usa.net&gt; on Nov 26,
  1997
 
</step></directions></recipe></recipeml>
