<?xml version="1.0" encoding="UTF-8"?>

<recipeml version="0.5">
  <recipe>
    <head>
      <title>Art's Spicy Crab Cakes</title>
      <categories>
        <cat>Crab</cat>
        <cat>Seafood</cat></categories>
      <yield>2</yield></head>
    <ingredients>
      <ing>
        <amt>
          <qty>1</qty>
          <unit>pound</unit></amt>
        <item>Lump crabmeat</item></ing>
      <ing>
        <amt>
          <qty>2</qty>
          <unit/></amt>
        <item>Whole eggs; beaten</item></ing>
      <ing>
        <amt>
          <qty>1/4</qty>
          <unit>bunches</unit></amt>
        <item>Scallions; bias cut</item></ing>
      <ing>
        <amt>
          <qty>2</qty>
          <unit>tablespoons</unit></amt>
        <item>Mayonnaise</item></ing>
      <ing>
        <amt>
          <qty>1/4</qty>
          <unit>teaspoons</unit></amt>
        <item>Mustard</item></ing>
      <ing>
        <amt>
          <qty>2</qty>
          <unit/></amt>
        <item>Cloves garlic; minced</item></ing>
      <ing>
        <amt>
          <qty>1/4</qty>
          <unit/></amt>
        <item>Lemon; juice of</item></ing>
      <ing>
        <amt>
          <qty>1/2</qty>
          <unit>teaspoons</unit></amt>
        <item>Dry mustard</item></ing>
      <ing>
        <amt>
          <qty>3/4</qty>
          <unit>teaspoons</unit></amt>
        <item>Old Bay Seasoning</item></ing>
      <ing>
        <amt>
          <qty>1/2</qty>
          <unit>teaspoons</unit></amt>
        <item>Onion powder</item></ing>
      <ing>
        <amt>
          <qty>1/4</qty>
          <unit>teaspoons</unit></amt>
        <item>Ground chipolte pepper</item></ing>
      <ing>
        <amt>
          <qty>1/4</qty>
          <unit>teaspoons</unit></amt>
        <item>Cajun seasoning</item></ing>
      <ing>
        <amt>
          <qty>3/4</qty>
          <unit>teaspoons</unit></amt>
        <item>Baking powder</item></ing>
      <ing>
        <amt>
          <qty>2</qty>
          <unit>tablespoons</unit></amt>
        <item>Bread crumbs (or more if too moist)</item></ing>
      <ing>
        <amt>
          <qty/>
          <unit/></amt>
        <item>Cornmeal</item></ing>
      <ing>
        <amt>
          <qty/>
          <unit/></amt>
        <item>Salt and pepper</item></ing>
      <ing>
        <amt>
          <qty/>
          <unit/></amt>
        <item>Old Bay Seasoning</item></ing>
      <ing>
        <amt>
          <qty/>
          <unit/></amt>
        <item>Peanut oil</item></ing></ingredients>
    <directions>
      <step>  Combine all wet ingredients except crab meat, mix well. Add dry ingredients
  to the wet mixture, mix well. Let mixture sit for 20 minutes. Add crab meat
  to the mixture. Mix well. Portion into 4 cakes. Dust with cornmeal seasoned
  with salt, pepper and  Old Bay and pan fry in 1/4 inch of peanut oil.
  
  This is an adaptation of a wonderful recipe from the Blue Point Bar &amp; Grill
  in Duck, NC.
  
  Recipe by: Art Guyer
  
  Posted to TNT - Prodigy's Recipe Exchange Newsletter  by "Art Guyer"
  &lt;Beach_Bum@usa.net&gt; on Oct 27, 1997
 
</step></directions></recipe></recipeml>
