<?xml version="1.0" encoding="UTF-8"?>

<recipeml version="0.5">
  <recipe>
    <head>
      <title>Arthur Treacher's Fish Batter</title>
      <categories>
        <cat>Mix</cat>
        <cat>Seafood</cat></categories>
      <yield>1</yield></head>
    <ingredients>
      <ing-div>
        <title>WALDINE VAN GEFFEN VGHC42A</title>
        <ing>
          <amt>
            <qty>3</qty>
            <unit>pounds</unit></amt>
          <item>Fish fillets</item></ing>
        <ing>
          <amt>
            <qty>2</qty>
            <unit>cups</unit></amt>
          <item>All-purpose flour</item></ing>
        <ing>
          <amt>
            <qty>3</qty>
            <unit>cups</unit></amt>
          <item>Pancake mix</item></ing>
        <ing>
          <amt>
            <qty>3</qty>
            <unit>cups</unit></amt>
          <item>Club soda</item></ing>
        <ing>
          <amt>
            <qty>1</qty>
            <unit>tablespoon</unit></amt>
          <item>Onion powder</item></ing>
        <ing>
          <amt>
            <qty>1</qty>
            <unit>tablespoon</unit></amt>
          <item>Seasoned salt</item></ing></ing-div></ingredients>
    <directions>
      <step>  Dip moistened fish pieces evenly but lightly in the flour. Dust off any
  excess flour and allow pieces to air dry on eaxed paper, about 5 minutes.
  Whip the pancake mix with the club soda to the consistency of buttermilk-
  pourable, but not too thin and not too thick. beat in the onion powder and
  seasoned salt. Dip floured fillets into batter and drop into 425~ oil in
  heavy saucepan using meat thermometer. Brown about 4 minutes per side.
  Arrange on cookie sheet in 325~ oven until all pieces have been fired.
  Posted to EAT-L Digest 25 Sep 96
  
  Date:    Thu, 26 Sep 1996 18:07:26 -0400
  
  From:    Simps &lt;c.simpson@WORLDNET.ATT.NET&gt;
 
</step></directions></recipe></recipeml>
