<?xml version="1.0" encoding="UTF-8"?>

<recipeml version="0.5">
  <recipe>
    <head>
      <title>Arthur Treacher Style Fish</title>
      <categories>
        <cat>Seafood</cat>
        <cat>Fish and se</cat></categories>
      <yield>6</yield></head>
    <ingredients>
      <ing>
        <amt>
          <qty>3</qty>
          <unit>pounds</unit></amt>
        <item>Fish Fillets; Firm, White</item></ing>
      <ing>
        <amt>
          <qty>2</qty>
          <unit>tablespoons</unit></amt>
        <item>Lemon juice</item></ing>
      <ing>
        <amt>
          <qty>1</qty>
          <unit>cup</unit></amt>
        <item>Milk; or more as needed</item></ing>
      <ing>
        <amt>
          <qty>2</qty>
          <unit>cups</unit></amt>
        <item>Flour</item></ing>
      <ing>
        <amt>
          <qty>3</qty>
          <unit>cups</unit></amt>
        <item>Pancake mix</item></ing>
      <ing>
        <amt>
          <qty>2</qty>
          <unit>cups</unit></amt>
        <item>Club Soda (approx.)</item></ing>
      <ing>
        <amt>
          <qty>1</qty>
          <unit>teaspoon</unit></amt>
        <item>Basil</item></ing>
      <ing>
        <amt>
          <qty>1</qty>
          <unit>teaspoon</unit></amt>
        <item>Pepper</item></ing>
      <ing>
        <amt>
          <qty>1/2</qty>
          <unit>teaspoons</unit></amt>
        <item>Garlic salt</item></ing>
      <ing>
        <amt>
          <qty/>
          <unit/></amt>
        <item>Cooking oil</item></ing></ingredients>
    <directions>
      <step>  Cut fish fillets in half, making triangular shape. Cover with milk and
  lemon juice and refrigerate 3-4 hours. Drain off milk.  Dip fillets in
  flour to coat each piece lightly. Let dry on a cookie sheet,  making sure
  pieces do not tough. Add oil to deep fryer or heavy pan to a  depth of at
  least 3 inches. Heat oil to 425~. Combine pancake mix, basil, pepper,
  garlic salt and enough soda to make a thick batter, about the consistency
  of buttermilk. Dip floured fillets in batter and add to the hot oil one at
  a time. Fry 4-5 minutes. Remove filets to cookie sheet, again, not letting
  them touch and keep warm in a 250~ oven. Deep fry remaining filets, keeping
  the depth of the oil at least 3 inches. NOTE: Do not heap fish as this
  creates steam in the oven and makes coating soft.
  Posted to EAT-L Digest 25 Sep 96
  
  Date:    Thu, 26 Sep 1996 18:07:26 -0400
  
  From:    Simps &lt;c.simpson@WORLDNET.ATT.NET&gt;
 
</step></directions></recipe></recipeml>
