<?xml version="1.0" encoding="UTF-8"?>

<recipeml version="0.5">
  <recipe>
    <head>
      <title>Artichoke-Spinach Casserole #1</title>
      <categories>
        <cat>Casserole</cat></categories>
      <yield>8</yield></head>
    <ingredients>
      <ing>
        <amt>
          <qty>3</qty>
          <unit>packages</unit></amt>
        <item>Frozen; chopped spinach</item></ing>
      <ing>
        <amt>
          <qty>1/2</qty>
          <unit>cups</unit></amt>
        <item>Butter</item></ing>
      <ing>
        <amt>
          <qty>1</qty>
          <unit>cup</unit></amt>
        <item>Pasteurized processed cheese</item></ing>
      <ing>
        <amt>
          <qty>2/3</qty>
          <unit>tablespoons</unit></amt>
        <item>Lemon juice</item></ing>
      <ing>
        <amt>
          <qty/>
          <unit/></amt>
        <item>Cracker crumbs</item></ing>
      <ing>
        <amt>
          <qty>1</qty>
          <unit>can</unit></amt>
        <item>Artichoke hearts</item></ing></ingredients>
    <directions>
      <step>  Prepare spinach according to directions on package. Melt butter &amp; cheese
  together. Add lemon juice. Pour over well-drained spinach. Add salt &amp;
  pepper to taste. In buttered 8-1/2 inch square casserole, break up
  artichoke hearts &amp; line bottom of dish. Cover with spinach mixture. Crumble
  cracker crumbs over top &amp; drizzle with melted butter. Bake at 350 for 30
  minutes.
  
  CATHY EDWARDS
  
  MARIANNA, AR
  
  From &lt;Simply Southern&gt;, the Desoto School Mothers' Assn, Helena-West
  Helena, AR 72390.  Downloaded from Glen's MM Recipe Archive,
  http://www.erols.com/hosey.
 
</step></directions></recipe></recipeml>
