<?xml version="1.0" encoding="UTF-8"?>

<recipeml version="0.5">
  <recipe>
    <head>
      <title>Artichoke-Stuffed Manicotti</title>
      <categories>
        <cat>Pasta</cat></categories>
      <yield>4</yield></head>
    <ingredients>
      <ing>
        <amt>
          <qty>3</qty>
          <unit>ounces</unit></amt>
        <item>Manicotti shells</item></ing>
      <ing>
        <amt>
          <qty>2</qty>
          <unit>teaspoons</unit></amt>
        <item>Olive oil</item></ing>
      <ing>
        <amt>
          <qty>3/4</qty>
          <unit>cups</unit></amt>
        <item>Red onion; chopped</item></ing>
      <ing>
        <amt>
          <qty>2</qty>
          <unit>cups</unit></amt>
        <item>Artichoke hearts; frozen, chopped</item></ing>
      <ing>
        <amt>
          <qty>2</qty>
          <unit>tablespoons</unit></amt>
        <item>Parsley; chopped</item></ing>
      <ing>
        <amt>
          <qty>2</qty>
          <unit>teaspoons</unit></amt>
        <item>Thyme; chopped</item></ing>
      <ing>
        <amt>
          <qty>1/4</qty>
          <unit>teaspoons</unit></amt>
        <item>Salt</item></ing>
      <ing>
        <amt>
          <qty>1/2</qty>
          <unit>cups</unit></amt>
        <item>Chicken broth</item></ing>
      <ing>
        <amt>
          <qty>1/2</qty>
          <unit>cups</unit></amt>
        <item>Ricotta cheese; part skim milk</item></ing>
      <ing>
        <amt>
          <qty>2</qty>
          <unit>teaspoons</unit></amt>
        <item>Parmesan cheese; grated</item></ing>
      <ing>
        <amt>
          <qty>1/3</qty>
          <unit>cups</unit></amt>
        <item>Spaghetti sauce; w/mushrooms, reduced calorie</item></ing>
      <ing>
        <amt>
          <qty>2</qty>
          <unit>ounces</unit></amt>
        <item>Mozzarella cheese; part skim milk</item></ing></ingredients>
    <directions>
      <step>  Date: Fri, 15 Mar 1996 00:29:31 EST
  
  From: MarySpero@prodigy.com (MS MARY E SPERO)
  
  Source: Weight Watchers Magazine, March, 1990
  
  In large pot of boiling water, cook manicotti shells 6 minutes, or until
  still slightly firm; drain. In large nonstick skillet, heat olive oil over
  medium heat. Add onion; saute 2-3 minutes, or until onion is tender. Add
  artichoke hearts, 1 tablespoon parsley, thyme and salt; saute 2 minutes.
  Preheat oven to 350 degrees F. Add chicken broth to skillet; cook, stirring
  frequently, 6-7 minutes, until liquid evaporates. Remove skillet from heat;
  stir in Ricotta and Parmesan. Spread spaghetti sauce in the bottom of an
  8-inch square baking dish. Spoon artichoke filling evenly into the
  manicotti shells; place in baking dish. Cover with aluminum foil; bake 20
  minutes. Remove foil. Sprinkle mozzarella and remaining parsley over
  shells; bake 10-12 minutes, or until cheese melts and filling is hot.
  
  Each serving provides: 1 P, 1 B, 1 1/2 V, 1/2 FA, 15 C 238 calories, 13 g.
  protein, 8 g. fat, 29 g. carbohydrates, 527 mg. sodium, 18 mg. cholesterol.
  
  MC-RECIPE@MASTERCOOK.COM
  
  MASTERCOOK RECIPES LIST SERVER
  
  From the MasterCook recipe list.  Downloaded from Glen's MM Recipe Archive,
  http://www.erols.com/hosey.
 
</step></directions></recipe></recipeml>
