<?xml version="1.0" encoding="UTF-8"?>

<recipeml version="0.5">
  <recipe>
    <head>
      <title>Artichoke-Stuffed Chicken Breast</title>
      <categories>
        <cat>Main dish</cat>
        <cat>Poultry</cat>
        <cat>Jaw</cat></categories>
      <yield>6</yield></head>
    <ingredients>
      <ing>
        <amt>
          <qty>6</qty>
          <unit/></amt>
        <item>4 oz chicken breasts</item></ing>
      <ing>
        <amt>
          <qty>1</qty>
          <unit/></amt>
        <item>Clove garlic</item></ing>
      <ing>
        <amt>
          <qty>1 1/2</qty>
          <unit>cups</unit></amt>
        <item>Frozen or canned artichoke</item></ing>
      <ing>
        <amt>
          <qty/>
          <unit/></amt>
        <item>Hearts, rinsed and drained</item></ing>
      <ing>
        <amt>
          <qty>1</qty>
          <unit/></amt>
        <item>Egg yolk</item></ing>
      <ing>
        <amt>
          <qty>2</qty>
          <unit>tablespoons</unit></amt>
        <item>Heavy cream</item></ing>
      <ing>
        <amt>
          <qty>1</qty>
          <unit>cup</unit></amt>
        <item>Fresh bread crumbs</item></ing>
      <ing>
        <amt>
          <qty/>
          <unit/></amt>
        <item>Dash nutmeg</item></ing>
      <ing>
        <amt>
          <qty>1/3</qty>
          <unit>cups</unit></amt>
        <item>Chopped fresh parsley,</item></ing>
      <ing>
        <amt>
          <qty/>
          <unit/></amt>
        <item>Divided</item></ing>
      <ing>
        <amt>
          <qty>1/4</qty>
          <unit>cups</unit></amt>
        <item>Chicken broth</item></ing>
      <ing>
        <amt>
          <qty/>
          <unit/></amt>
        <item>Paprika</item></ing></ingredients>
    <directions>
      <step>  Heat the oven to 425 degrees. Grease a baking pan.
  
  Salt and pepper the chicken breasts. With a very sharp small knife, cut a
  pocket horizontally into each breast. Do not cut in half. Set aside while
  you make the stuffing.
  
  In a food processor, place the garlic, artichoke hearts, egg yolk, cream,
  bread crumbs, nutmeg and about 1/4 cup of parsley. Process to mix, but do
  not puree.
  
  Place 2 to 3 tablespoons of stuffing in each breast pocket. Do not close
  the pocket-the stuffing will puff up and out a bit.
  
  Place the stuffed breasts in the baking dish. Pour the chicken broth over
  the chicken. Sprinkle with paprika. Bake 12 to 15 minutes. Place the
  breasts on a platter, spoon the pan juices over and sprinkle with reserved
        2    tablespoons parsley.
  
  Quick and Easy from: The Austin American Statesman, typed by jessann
  :)
  Posted to MM-Recipes Digest V3 #298
  
  Date: Wed, 30 Oct 1996 19:18:51 -0600
  
  From: jessann doe &lt;jessann@texas.net&gt;
 
</step></directions></recipe></recipeml>
