<?xml version="1.0" encoding="UTF-8"?>

<recipeml version="0.5">
  <recipe>
    <head>
      <title>Artichoke-Parmesan Dip</title>
      <categories>
        <cat>None</cat></categories>
      <yield>1</yield></head>
    <ingredients>
      <ing>
        <amt>
          <qty>1</qty>
          <unit/></amt>
        <item>Drained; (14-ounce) can of artichokes</item></ing>
      <ing>
        <amt>
          <qty>1/2</qty>
          <unit>cups</unit></amt>
        <item>Freshly grated Parmesan</item></ing>
      <ing>
        <amt>
          <qty>3/4</qty>
          <unit>cups</unit></amt>
        <item>Mayonnaise</item></ing>
      <ing>
        <amt>
          <qty>1/4</qty>
          <unit>cups</unit></amt>
        <item>Plain yogurt</item></ing>
      <ing>
        <amt>
          <qty>1</qty>
          <unit/></amt>
        <item>Clove of garlic; mashed with a pinch of salt</item></ing>
      <ing>
        <amt>
          <qty>2</qty>
          <unit>teaspoons</unit></amt>
        <item>Lemon juice</item></ing>
      <ing>
        <amt>
          <qty>1</qty>
          <unit/></amt>
        <item>Chopped scallion</item></ing>
      <ing>
        <amt>
          <qty/>
          <unit/></amt>
        <item>Hot pepper sauce to taste</item></ing></ingredients>
    <directions>
      <step>  In a food processor, blend the following until smooth: 1 drained (14-ounce)
  can of artichokes, 1/2 cup freshly grated Parmesan, 3/4 cup mayonnaise, 1/4
  cup plain yogurt, 1 clove of garlic mashed with a pinch of salt, 2
  teaspoons lemon juice and 1 chopped scallion. Add hot pepper sauce to
  taste. Serve with French bread slices or pita chips.
  
  Posted to CHILE-HEADS DIGEST V4 #279 by Jim Tidwell
  &lt;snd1jlt@snd10.med.navy.mil&gt; on Jan 22, 1998
 
</step></directions></recipe></recipeml>
