<?xml version="1.0" encoding="UTF-8"?>

<recipeml version="0.5">
  <recipe>
    <head>
      <title>Baklava Rolls</title>
      <categories>
        <cat>Greek</cat>
        <cat>Desserts</cat></categories>
      <yield>6</yield></head>
    <ingredients>
      <ing>
        <amt>
          <qty>1/2</qty>
          <unit>pounds</unit></amt>
        <item>Walnuts, finely chopped</item></ing>
      <ing>
        <amt>
          <qty>2 1/2</qty>
          <unit>tablespoons</unit></amt>
        <item>Sugar</item></ing>
      <ing>
        <amt>
          <qty>1/2</qty>
          <unit>teaspoons</unit></amt>
        <item>Cinnamon</item></ing>
      <ing>
        <amt>
          <qty>1/8</qty>
          <unit>teaspoons</unit></amt>
        <item>Ground Cloves</item></ing>
      <ing>
        <amt>
          <qty/>
          <unit/></amt>
        <item>Syrup:</item></ing>
      <ing>
        <amt>
          <qty>1 1/2</qty>
          <unit>cups</unit></amt>
        <item>Sugar</item></ing>
      <ing>
        <amt>
          <qty>1 1/2</qty>
          <unit>cups</unit></amt>
        <item>Water</item></ing>
      <ing>
        <amt>
          <qty>1</qty>
          <unit/></amt>
        <item>Cinnamon Stick</item></ing>
      <ing>
        <amt>
          <qty>2</qty>
          <unit>teaspoons</unit></amt>
        <item>Lemon Juice</item></ing>
      <ing>
        <amt>
          <qty>1/2</qty>
          <unit>cups</unit></amt>
        <item>Honey</item></ing>
      <ing>
        <amt>
          <qty>1</qty>
          <unit>pound</unit></amt>
        <item>Phyllo Dough</item></ing>
      <ing>
        <amt>
          <qty>3/4</qty>
          <unit>pounds</unit></amt>
        <item>Unsalted Butter, melted</item></ing></ingredients>
    <directions>
      <step>  Heat oven to 350 degrees. Mix first four ingredients together for filling.
  Combine syrup ingredients and cook until sugar dissolves and mixture turns
  syrupy. Set aside to cool. Remove cinnamon stick before using.
  
  To Assemble:
  
  Unfold phyllo. Using a sharp knife, carefully cut phyllo sheets crosswise,
  into thirds. Cover phyllo not being used with a barely damp towel. Using
  two pieces of phyllo - phyllo sheets are so thin they must be doubled - and
  keeping narrow ends towards you, brush with butter. Place 1 to 1 1/2
  teaspoons filling 1/4 inch from end nearest you, to within 1/4 inch of
  sides. Fold long sides in 1/4 inch. Fold over bottom to cover filling.
  
  Place a clean pencil on top of fold and roll into a cigar-like cylinder.
  
  Push both ends toward center and remove pencil. Place roll on cookie sheet
  and generously brush with butter. Repeat with remaining filling and phyllo.
  
  Bake 25 minutes or until golden brown. Dip hot rolls into cooled syrup -
  kitchen tongs work well for this. Place onto a platter to cool. Cover and
  refrigerate. Can be frozen.
  
  SOURCE: Gifts from The Kitchen SHARED BY:Jim Bodle 8/92
  
  From Gemini's MASSIVE MealMaster collection at www.synapse.com/~gemini
 
</step></directions></recipe></recipeml>
