<?xml version="1.0" encoding="UTF-8"?>

<recipeml version="0.5">
  <recipe>
    <head>
      <title>Baklazhannaya Ikra (Eggplant Caviar Odessa Style)</title>
      <categories>
        <cat>Russian</cat>
        <cat>Appetizers</cat>
        <cat>Vegetables</cat>
        <cat>Ethnic</cat></categories>
      <yield>8</yield></head>
    <ingredients>
      <ing>
        <amt>
          <qty>1</qty>
          <unit>large</unit></amt>
        <item>Eggplant;(1 1/2 To 1 3/4 Lb)</item></ing>
      <ing>
        <amt>
          <qty>1</qty>
          <unit>medium</unit></amt>
        <item>Onion; Finely Chopped</item></ing>
      <ing>
        <amt>
          <qty>1</qty>
          <unit>medium</unit></amt>
        <item>Tomato; Meaty, Peeled And Finely Chopped</item></ing>
      <ing>
        <amt>
          <qty>2</qty>
          <unit>large</unit></amt>
        <item>Cloves Garlic; Minced</item></ing>
      <ing>
        <amt>
          <qty>1</qty>
          <unit>tablespoon</unit></amt>
        <item>Olive Oil</item></ing>
      <ing>
        <amt>
          <qty>2</qty>
          <unit>tablespoons</unit></amt>
        <item>Red Wine Vinegar</item></ing>
      <ing>
        <amt>
          <qty/>
          <unit/></amt>
        <item>Salt And Freshly Ground Black Pepper</item></ing>
      <ing>
        <amt>
          <qty/>
          <unit/></amt>
        <item>Fresh Parsley; Chopped For Garnish</item></ing></ingredients>
    <directions>
      <step>  Preheat the oven to 375 Degrees F.  Pierce the eggplant in several places
  with a knife and bake, on a baking sheet, until soft, about 50 minutes,
  turing midway through the baking time.  Remove from the oven and cool. Cut
  the eggplant, lengthwise, in half.  Scoop out the pulp and chop until very
  fine.  In a large bowl, combine the pulp with the onion, tomato, garlic,
  oil, and vinegar.  Blend thoroughly and season with the slat and pepper.
  Cover and refrigerate for several hours.  Place in a serving dish and
  garnish with the parsley.  Serve with pita triangles or cocktail rye bread.
  
  File ftp://ftp.idiscover.co.uk/pub/food/mealmaster/recipes/mmdjaxxx.zip
 
</step></directions></recipe></recipeml>
