<?xml version="1.0" encoding="UTF-8"?>

<recipeml version="0.5">
  <recipe>
    <head>
      <title>Bakoy Highwaymen Style Soup</title>
      <categories>
        <cat>Soups/stews</cat></categories>
      <yield>1</yield></head>
    <ingredients>
      <ing>
        <amt>
          <qty>1</qty>
          <unit/></amt>
        <item>Pound chopped beef(1/2kg)</item></ing>
      <ing>
        <amt>
          <qty>20</qty>
          <unit>ounces</unit></amt>
        <item>Chopped chicken(50-60dkg)</item></ing>
      <ing>
        <amt>
          <qty/>
          <unit/></amt>
        <item>S&amp;p to taste</item></ing>
      <ing>
        <amt>
          <qty>1</qty>
          <unit/></amt>
        <item>Onion</item></ing>
      <ing>
        <amt>
          <qty>2</qty>
          <unit/></amt>
        <item>Carrots</item></ing>
      <ing>
        <amt>
          <qty>1</qty>
          <unit/></amt>
        <item>Celery heart</item></ing>
      <ing>
        <amt>
          <qty>1</qty>
          <unit/></amt>
        <item>Or 2 grn.peppers</item></ing>
      <ing>
        <amt>
          <qty>1</qty>
          <unit/></amt>
        <item>Or 2 tomatoes</item></ing>
      <ing>
        <amt>
          <qty>5</qty>
          <unit>ounces</unit></amt>
        <item>Mushroom(15dkg)</item></ing>
      <ing>
        <amt>
          <qty>1</qty>
          <unit/></amt>
        <item>Egg</item></ing>
      <ing>
        <amt>
          <qty>4</qty>
          <unit>ounces</unit></amt>
        <item>Flour(12 dkg)</item></ing></ingredients>
    <directions>
      <step>  BETJARENSUPPE AUF BAKONYER ART put 1/2kg of chopped beef into cold water
  and bring to a boil,than skim the scum off the top.After 20-25 minutes add
  50-60dkg of chopped chicken.Season with S&amp;P and onion.When half cooked,add
  some carrots and parsnips cut into slivers,a celery heart,1 or 2
  grn.peppers and tomatoes and 15 dkg of chopped mushrooms.Out of this make a
  broth.Than make ribbon noodles from 1 egg and 12 dkg of flour.Put them in
  the soup to cook.Serve with sour cream or sour milk. Check the
  math!!!!!!!!!!
  
  From Gemini's MASSIVE MealMaster collection at www.synapse.com/~gemini
 
</step></directions></recipe></recipeml>
