<?xml version="1.0" encoding="UTF-8"?>

<recipeml version="0.5">
  <recipe>
    <head>
      <title>Balado Tahu Telor (Bean Curd &amp; Eggs in Fried Pounded Chillie</title>
      <categories>
        <cat>None</cat></categories>
      <yield>1</yield></head>
    <ingredients>
      <ing>
        <amt>
          <qty>6</qty>
          <unit/></amt>
        <item>Boiled eggs, remove the skin</item></ing>
      <ing>
        <amt>
          <qty>1</qty>
          <unit/></amt>
        <item>Block tahu, slice in six/eight pieces</item></ing>
      <ing>
        <amt>
          <qty>100</qty>
          <unit/></amt>
        <item>Gr skined prawns</item></ing>
      <ing>
        <amt>
          <qty>8</qty>
          <unit/></amt>
        <item>Fresh red peppers (you can remove the seeds if you want to) (up to 10)</item></ing>
      <ing>
        <amt>
          <qty>5</qty>
          <unit/></amt>
        <item>Shallots</item></ing>
      <ing>
        <amt>
          <qty>4</qty>
          <unit/></amt>
        <item>Cloves garlic</item></ing>
      <ing>
        <amt>
          <qty>1</qty>
          <unit/></amt>
        <item>Big tomato, slice in 8 pieces</item></ing>
      <ing>
        <amt>
          <qty>1/2</qty>
          <unit>teaspoons</unit></amt>
        <item>Belacan ( shrimp paste )</item></ing>
      <ing>
        <amt>
          <qty/>
          <unit/></amt>
        <item>Salt and sugar to taste</item></ing>
      <ing>
        <amt>
          <qty/>
          <unit/></amt>
        <item>Oil for deep frying</item></ing></ingredients>
    <directions>
      <step>  However, I did find the recipe below by following the links at:
  http://www.euronet.nl/users/tampopo/foodpage/index.html I hope this is
  close to what you wanted.
  
  Method: Deep fry the eggs ( till the skin is change to golden brown colour)
  and tahu. Pound/grind the peppers, shallots, garlic, belacan not too fine.
  Fry the paste with hot oil in a wok. Add the shrimps and cook it for about
  3 minutes. Add the fried boiled eggs and tahu. Finally add the tomatoes,
  salt and sugar. Cook again for about 3 minutes.
  
  Posted to FOODWINE Digest 11 November 96
  
  Date:    Mon, 11 Nov 1996 16:17:48 -0600
  
  From:    Ellen Court &lt;CourtMoss@NOVA-NET.NET&gt;
 
</step></directions></recipe></recipeml>
