<?xml version="1.0" encoding="UTF-8"?>

<recipeml version="0.5">
  <recipe>
    <head>
      <title>Balchao De Peixe (Fish Balchao)</title>
      <categories>
        <cat>Goanese</cat></categories>
      <yield>1</yield></head>
    <ingredients>
      <ing-div>
        <title/>
        <ing>
          <amt>
            <qty>6</qty>
            <unit/></amt>
          <item>Fillets or steaks of any firm fish</item></ing>
        <ing>
          <amt>
            <qty>1</qty>
            <unit/></amt>
          <item>Onion</item></ing>
        <ing>
          <amt>
            <qty/>
            <unit/></amt>
          <item>Oil for shallow frying</item></ing>
        <ing>
          <amt>
            <qty>2</qty>
            <unit>tablespoons</unit></amt>
          <item>Balchao paste</item></ing></ing-div>
      <ing-div>
        <title>MASALA MIX</title>
        <ing>
          <amt>
            <qty>20</qty>
            <unit/></amt>
          <item>Dry kashmiri chillies</item></ing>
        <ing>
          <amt>
            <qty>5</qty>
            <unit/></amt>
          <item>Peppercorns</item></ing>
        <ing>
          <amt>
            <qty>10</qty>
            <unit/></amt>
          <item>Cloves garlic</item></ing>
        <ing>
          <amt>
            <qty>1</qty>
            <unit/></amt>
          <item>1/2-inch piece turmeric -or-</item></ing>
        <ing>
          <amt>
            <qty>1/2</qty>
            <unit>teaspoons</unit></amt>
          <item>Ground</item></ing>
        <ing>
          <amt>
            <qty>3</qty>
            <unit/></amt>
          <item>Cloves</item></ing>
        <ing>
          <amt>
            <qty>1</qty>
            <unit>small</unit></amt>
          <item>Piece of cinnamon bark (about 1/2 inch)</item></ing>
        <ing>
          <amt>
            <qty>1</qty>
            <unit>teaspoon</unit></amt>
          <item>Coriander seeds</item></ing>
        <ing>
          <amt>
            <qty>1/4</qty>
            <unit>teaspoons</unit></amt>
          <item>Cummin seeds</item></ing></ing-div></ingredients>
    <directions>
      <step>  Grind together the masala mix in enough vinegar to give a thick paste.  Fry
  the onions until brown, add the masala and fry for about 5 minutes over a
  low heat. Add the balchao and continue to cook. In a separate pan fry the
  fish slightly. Add the masala/onion mixture to the fish, adding a little
  water if the paste is too thick. Simmer until the fish is cooked. Serve
  with plain boiled rice.
  From archives of rec.food.recipes
  
  Date: Tue, 31 Jan 1995 08:20:10 GMT
  
  From: trev@wg.icl.co.uk (Trevor Hall)
 
</step></directions></recipe></recipeml>
