<?xml version="1.0" encoding="UTF-8"?>

<recipeml version="0.5">
  <recipe>
    <head>
      <title>Balchao (Prawn Preserve)</title>
      <categories>
        <cat>Goanese</cat></categories>
      <yield>1</yield></head>
    <ingredients>
      <ing>
        <amt>
          <qty>1/4</qty>
          <unit>kilograms</unit></amt>
        <item>Prawns (shelled).</item></ing>
      <ing>
        <amt>
          <qty>1</qty>
          <unit>teaspoon</unit></amt>
        <item>Cummin seeds</item></ing>
      <ing>
        <amt>
          <qty>1</qty>
          <unit>teaspoon</unit></amt>
        <item>Peppercorns</item></ing>
      <ing>
        <amt>
          <qty>10</qty>
          <unit/></amt>
        <item>Kashmiri chillies</item></ing>
      <ing>
        <amt>
          <qty/>
          <unit/></amt>
        <item>Vinegar to taste</item></ing>
      <ing>
        <amt>
          <qty>1</qty>
          <unit>teaspoon</unit></amt>
        <item>Ground turmeric</item></ing>
      <ing>
        <amt>
          <qty>2</qty>
          <unit>cups</unit></amt>
        <item>Oil</item></ing>
      <ing>
        <amt>
          <qty>4</qty>
          <unit>medium</unit></amt>
        <item>Onions, minced</item></ing>
      <ing>
        <amt>
          <qty>1</qty>
          <unit/></amt>
        <item>Handful curry leaves</item></ing>
      <ing>
        <amt>
          <qty>1</qty>
          <unit/></amt>
        <item>1-inch piece of ginger, finely chopped</item></ing>
      <ing>
        <amt>
          <qty>3</qty>
          <unit/></amt>
        <item>Heads garlic, finely chopped</item></ing>
      <ing>
        <amt>
          <qty>4</qty>
          <unit/></amt>
        <item>Green chillies, seeded and chopped</item></ing>
      <ing>
        <amt>
          <qty/>
          <unit/></amt>
        <item>Salt to taste</item></ing></ingredients>
    <directions>
      <step>  Many Asian countries have a balchao type preserve. It is used either in the
  preparation of other dishes  ;- see Balchao de peixe (fish balchao) and
  Balchao de porco (pork balchao), or served as an accompaniment to other
  dishes.
  
  For a fresh balchao, i.e. one you are not going to bottle :-
  
  Grind together the cummin, peppercorns and chillies with the vinegar. Mix
  in the turmeric. Fry the onions in the oil until all the water have gone.
  Add the prawns, masala, curry leaves, garlic, ginger and green chillies.
  Simmer for 10 minutes or so.
  From archives of rec.food.recipes
  
  Date: Tue, 31 Jan 1995 08:20:10 GMT
  
  From: trev@wg.icl.co.uk (Trevor Hall)
 
</step></directions></recipe></recipeml>
