<?xml version="1.0" encoding="UTF-8"?>

<recipeml version="0.5">
  <recipe>
    <head>
      <title>Bali Hai Banana Cream Pie</title>
      <categories>
        <cat>Pies</cat></categories>
      <yield>1</yield></head>
    <ingredients>
      <ing>
        <amt>
          <qty>3/4</qty>
          <unit>cups</unit></amt>
        <item>Sugar</item></ing>
      <ing>
        <amt>
          <qty>3</qty>
          <unit>tablespoons</unit></amt>
        <item>Cornstarch</item></ing>
      <ing>
        <amt>
          <qty>1/4</qty>
          <unit>teaspoons</unit></amt>
        <item>Salt</item></ing>
      <ing>
        <amt>
          <qty>2</qty>
          <unit>cups</unit></amt>
        <item>Milk</item></ing>
      <ing>
        <amt>
          <qty>1</qty>
          <unit/></amt>
        <item>Whole 9" Baked Pastry Shell</item></ing>
      <ing>
        <amt>
          <qty>3</qty>
          <unit/></amt>
        <item>Whole Bananas; Large</item></ing>
      <ing>
        <amt>
          <qty>3</qty>
          <unit/></amt>
        <item>Whole Egg Whites</item></ing>
      <ing>
        <amt>
          <qty>1/2</qty>
          <unit>teaspoons</unit></amt>
        <item>Vanilla</item></ing>
      <ing>
        <amt>
          <qty>1/4</qty>
          <unit>teaspoons</unit></amt>
        <item>Cream Of Tartar</item></ing>
      <ing>
        <amt>
          <qty>6</qty>
          <unit>tablespoons</unit></amt>
        <item>Sugar</item></ing></ingredients>
    <directions>
      <step>  1. In saucepan, combine sugar, cornstarch and salt; gradually stir in milk.
  
  2. Cook and stir over medium heat until bubbly.
  
  3. Cook and stir 2 minutes. Remove from heat.
  
  4. Stir small amount of hot mixture into egg yolks; immediately return to
  hot mixture; cook 2 minutes, stirring constantly.
  
  5. Remove from heat. Add butter and vanilla.
  
  6. Slice bananas into bottom of pastry shell. Pour cream mixture over
  bananas.
  
  7. Beat egg whites with vanilla and cream of tartar until soft peaks form.
  
  8. Gradually add sugar, beating until stiff and glossy peaks form and all
  sugar is dissolved.
  
  9. Spread meringue over hot filling, sealing to edge of pastry.
  
  10. Bake at 350 degrees for 12 to 15 minutes, or until meringue is golden.
  Cool.
  
  Recipe by: DG
  
  Posted to recipelu-digest Volume 01 Number 192 by "Diane Geary"
  &lt;diane@keyway.net&gt; on Nov 3, 1997
 
</step></directions></recipe></recipeml>
