<?xml version="1.0" encoding="UTF-8"?>

<recipeml version="0.5">
  <recipe>
    <head>
      <title>Bali Tahu - Fried Beancurd in Javanese Blazing Red Sauce</title>
      <categories>
        <cat>Sauces</cat>
        <cat>Beef</cat>
        <cat>Pork &amp; lamb</cat></categories>
      <yield>3</yield></head>
    <ingredients>
      <ing-div>
        <title/>
        <ing>
          <amt>
            <qty>500</qty>
            <unit>grams</unit></amt>
          <item>Bean curd; in bite sized cubes</item></ing>
        <ing>
          <amt>
            <qty>1</qty>
            <unit>large</unit></amt>
          <item>Garlic clove; chopped</item></ing>
        <ing>
          <amt>
            <qty>1</qty>
            <unit/></amt>
          <item>Tablespoon; water</item></ing>
        <ing>
          <amt>
            <qty>1/2</qty>
            <unit>teaspoons</unit></amt>
          <item>Salt</item></ing>
        <ing>
          <amt>
            <qty>50</qty>
            <unit>grams</unit></amt>
          <item>Onions; thin sliced</item></ing>
        <ing>
          <amt>
            <qty>1 1/2</qty>
            <unit>cups</unit></amt>
          <item>Oil</item></ing></ing-div>
      <ing-div>
        <title>SAUCE INGREDIENTS</title>
        <ing>
          <amt>
            <qty>100</qty>
            <unit>grams</unit></amt>
          <item>Red chiles; thickly sliced</item></ing>
        <ing>
          <amt>
            <qty>100</qty>
            <unit>grams</unit></amt>
          <item>Tomato; thickly sliced</item></ing>
        <ing>
          <amt>
            <qty>50</qty>
            <unit>grams</unit></amt>
          <item>Onion; thickly sliced</item></ing>
        <ing>
          <amt>
            <qty>3</qty>
            <unit>tablespoons</unit></amt>
          <item>Boiling water</item></ing>
        <ing>
          <amt>
            <qty>1</qty>
            <unit/></amt>
          <item>Piece ginger 1cm x 1/4cm</item></ing>
        <ing>
          <amt>
            <qty>1/2</qty>
            <unit>cups</unit></amt>
          <item>Coconut cream</item></ing>
        <ing>
          <amt>
            <qty>1</qty>
            <unit/></amt>
          <item>Stalk lemon grass 4cm long; flattened</item></ing>
        <ing>
          <amt>
            <qty>2</qty>
            <unit>teaspoons</unit></amt>
          <item>Sugar; raw or palm</item></ing>
        <ing>
          <amt>
            <qty>1</qty>
            <unit>tablespoon</unit></amt>
          <item>Oil</item></ing>
        <ing>
          <amt>
            <qty/>
            <unit/></amt>
          <item>Salt; to taste</item></ing></ing-div></ingredients>
    <directions>
      <step>  Preparation of bean curds: Put the garlic &amp; salt in a mortar, grind until
  smooth. Add hot water. Stir. Dip bean curd cubes one by one into this
  mixture. Heat 1 1/2 cups of oil in a wok, deep fry the ingredients over
  med. high heat. 1st the onion slices, then the bean curd cubes. Cubes
  should be cooked till yellow and not allowed to puff up. Fry one side then
  the other. Drain well. Place chilies, tomato, onion, rest of garlic &amp;
  ginger in a blender. Add boiling water. Blend till smooth. In a skillet
  heat 1 tbs. of oil, stir in blended sauce and add lemon grass. cook over
  med. heat for 5 mins. Stir occasionally. Now add in the coconut cream,
  sugar, and fried bean curd cubes. Cook for 5 mins. Salt to taste, remove
  from heat and remove lemon grass before serving. Place on serving platter
  and use the fried onions on top. Serve with veggies cooked in coconut cream
  and serve with steamed rice.
  
  NOTES : From: Indonesian Cuisine by Haryati Zucchi Posted by Joell Abbott
  6/94 " the classical Javanese sauce, Bali, is used to flavor many main
  ingredients... This sauce is probably as old as Javanese culture itself.*
  In fact the sauce is produced by simple flavorings, such as ripe chilies,
  and tomato which give the sauce its blazing red colour, then spiced with
  scented lemon grass and ginger; a small amount of coconut cream &amp; sugar is
  added to give a delicate flavour to the dish." H. Zucchi, 1989 *(As chilies
  all originate from New World plants, this is the statement of someone
  simply proud of her heritage and not a scholar of foods. Javanese culture
  goes far back beyond the trading days of the 16&amp;1700's)
  Recipe by: Indonesian Cuisine by Haryati Zucchi
  
  Posted to recipelu-digest by "Christopher E. Eaves" &lt;cea260@airmail.net&gt; on
  Feb 6, 98
 
</step></directions></recipe></recipeml>
