<?xml version="1.0" encoding="UTF-8"?>

<recipeml version="0.5">
  <recipe>
    <head>
      <title>Balkan Summer Lamb Stew</title>
      <categories>
        <cat>Lamb</cat></categories>
      <yield>4</yield></head>
    <ingredients>
      <ing>
        <amt>
          <qty>3</qty>
          <unit>pounds</unit></amt>
        <item>Lamb shoulder with bones; cut in chunks</item></ing>
      <ing>
        <amt>
          <qty>2</qty>
          <unit>medium</unit></amt>
        <item>Onions; peeled and coarsely chopped</item></ing>
      <ing>
        <amt>
          <qty>3</qty>
          <unit>large</unit></amt>
        <item>Bell peppers; trimmed and seeded</item></ing>
      <ing>
        <amt>
          <qty>12</qty>
          <unit>small</unit></amt>
        <item>Red new potatoes; scrubbed and eyes removed</item></ing>
      <ing>
        <amt>
          <qty>2</qty>
          <unit>large</unit></amt>
        <item>Tomatoes; cut into eighths</item></ing>
      <ing>
        <amt>
          <qty>1</qty>
          <unit>bunch</unit></amt>
        <item>Green onions and tops; roots trimmed &amp; sliced into 1 1/2" lengths</item></ing>
      <ing>
        <amt>
          <qty>8</qty>
          <unit/></amt>
        <item>Cloves garlic; crushed and peeled</item></ing>
      <ing>
        <amt>
          <qty>1</qty>
          <unit>cup</unit></amt>
        <item>Snipped fresh dill or 3 tablespoons dried dill</item></ing>
      <ing>
        <amt>
          <qty>1</qty>
          <unit>tablespoon</unit></amt>
        <item>Hot Hungarian paprika; or to taste or 1/2 teaspoon cayenne pepper</item></ing>
      <ing>
        <amt>
          <qty/>
          <unit/></amt>
        <item>Salt and freshly ground black pepper; to taste</item></ing>
      <ing>
        <amt>
          <qty>1/4</qty>
          <unit>cups</unit></amt>
        <item>Olive oil</item></ing>
      <ing>
        <amt>
          <qty>1/3</qty>
          <unit>cups</unit></amt>
        <item>Water</item></ing>
      <ing>
        <amt>
          <qty>3</qty>
          <unit/></amt>
        <item>Yellow summer squash or yellow zucchini; ends trimmed and thickly sliced</item></ing>
      <ing>
        <amt>
          <qty>1/4</qty>
          <unit>cups</unit></amt>
        <item>Green beans; ends trimmed and cut in 1 1/2" lengths</item></ing>
      <ing>
        <amt>
          <qty>2</qty>
          <unit>tablespoons</unit></amt>
        <item>Lemon juice; or to taste</item></ing></ingredients>
    <directions>
      <step>  Preheat oven to 350. Place lamb in a large (6-quart or more) ovenproof
  casserole or Dutch oven and add onion, bell pepper, potatoes, tomatoes,
  green onion, garlic, dill, paprika, salt, and black pepper.Pour on olive
  oil and then the water. Cover and bake 2 1/2 hours.Scatter squash and green
  beans on top of other ingredients and add a little more water (about half a
  cup) if the stew looks dry. Bake 30 minutes longer. Remove casserole from
  oven, leaving oven turned on if serving stew the same night. Pour off (or
  tilt casserole and spoon off) most of the liquid into a bowl. To liquid add
  lemon juice, tasting carefully and correcting seasonings.
  
  NOTES : To serve the same night, spoon off all visible fat from liquid or,
  better yet, place bowl in freezer until fat congeals on top (about 20
  minutes).To serve the next day, refrigerate liquid separately from
  remaining ingredients. Remove and discard fat from top of liquid. Whichever
  technique is used, before serving pour remaining degreased liquid back into
  casserole. Cover casserole and reheat in oven until liquid is bubbling
  slightly (about 20 minutes if chilled, 5 minutes if unchilled). Serve in
  large soup bowls with French bread on the side or on large plates over a
  bed of Pilaf. For a thicker, creamy sauce, stir 3/4 cup yogurt into liquid
  just before reheating. Yield: 4 servings.
  Recipe by: Cole Publishing Group Recipe Collection
  
  Posted to MC-Recipe Digest by "Mega-bytes" &lt;mega-bytes@email.msn.com&gt; on
  Apr 5, 1998
 
</step></directions></recipe></recipeml>
