<?xml version="1.0" encoding="UTF-8"?>

<recipeml version="0.5">
  <recipe>
    <head>
      <title>Ball Blue Book Salsa</title>
      <categories>
        <cat>Appetizers</cat>
        <cat>Canning</cat>
        <cat>Savory sauc</cat>
        <cat>Very low fa</cat></categories>
      <yield>56</yield></head>
    <ingredients>
      <ing>
        <amt>
          <qty>10</qty>
          <unit>cups</unit></amt>
        <item>Tomatoes; peeled and chopped</item></ing>
      <ing>
        <amt>
          <qty>5</qty>
          <unit>cups</unit></amt>
        <item>Green peppers; chopped</item></ing>
      <ing>
        <amt>
          <qty>5</qty>
          <unit>cups</unit></amt>
        <item>Onion; chopped</item></ing>
      <ing>
        <amt>
          <qty>2 1/2</qty>
          <unit>cups</unit></amt>
        <item>Hot peppers; chopped</item></ing>
      <ing>
        <amt>
          <qty>3</qty>
          <unit/></amt>
        <item>Cloves garlic; minced</item></ing>
      <ing>
        <amt>
          <qty>2</qty>
          <unit>tablespoons</unit></amt>
        <item>Cilantro; chopped</item></ing>
      <ing>
        <amt>
          <qty>1 1/4</qty>
          <unit>cups</unit></amt>
        <item>Cider vinegar</item></ing>
      <ing>
        <amt>
          <qty>1</qty>
          <unit>tablespoon</unit></amt>
        <item>Salt</item></ing>
      <ing>
        <amt>
          <qty>1</qty>
          <unit>teaspoon</unit></amt>
        <item>Hot pepper sauce; optional</item></ing></ingredients>
    <directions>
      <step>  Mix everything together in a large saucepan and bring to a boil. Reduce
  heat and simmer for 10 minutes. Ladle into hot pint canning jars, put on
  lids and rings and process in a boiling water bath for 15 minutes. Makes 6
  pints.
  
  NOTES : This uses about 6 pounds tomatoes, 2 pounds green pepper and 1 1/2
  pounds onion.  Depending on your tastes and how hot your peppers are, you
  may want to use less hot pepper.  3/4 cup finely chopped jalapenos, with no
  hot pepper sauce added, makes a mild to medium salsa. I try to use at least
  half Roma tomatoes (or other paste tomatoes) to keep it from being too
  runny.  You could also drain off some of the tomato juices before mixing
  everything together. The recipe says it makes 6 pints, but I've always
  gotten 7 or 8 pints from one recipe.
  Recipe by: Ball Blue Book Posted to Digest eat-lf.v097.n215 by Jenny Herl
  &lt;jlherl@uiuc.edu&gt; on Aug 26, 1997
 
</step></directions></recipe></recipeml>
