<?xml version="1.0" encoding="UTF-8"?>

<recipeml version="0.5">
  <recipe>
    <head>
      <title>Ballbaeuschen</title>
      <categories>
        <cat>Cookies</cat></categories>
      <yield>18</yield></head>
    <ingredients>
      <ing>
        <amt>
          <qty>4</qty>
          <unit>ounces</unit></amt>
        <item>Sugar</item></ing>
      <ing>
        <amt>
          <qty>4</qty>
          <unit>ounces</unit></amt>
        <item>Butter</item></ing>
      <ing>
        <amt>
          <qty>3</qty>
          <unit/></amt>
        <item>Eggs</item></ing>
      <ing>
        <amt>
          <qty>13</qty>
          <unit>ounces</unit></amt>
        <item>Flour</item></ing>
      <ing>
        <amt>
          <qty>1</qty>
          <unit/></amt>
        <item>Peel of lemon, grated</item></ing>
      <ing>
        <amt>
          <qty/>
          <unit/></amt>
        <item>Salt</item></ing>
      <ing>
        <amt>
          <qty>1</qty>
          <unit>teaspoon</unit></amt>
        <item>Baking Powder</item></ing>
      <ing>
        <amt>
          <qty>1</qty>
          <unit>tablespoon</unit></amt>
        <item>Cinnamon</item></ing>
      <ing>
        <amt>
          <qty>4</qty>
          <unit>ounces</unit></amt>
        <item>Sugar</item></ing>
      <ing>
        <amt>
          <qty/>
          <unit/></amt>
        <item>Oil for deep frying</item></ing></ingredients>
    <directions>
      <step>  1.Cream butter and sugar until foamy;add grated
  lemonpeel, salt and eggs; one after the other,
  stirring after each addition. 2.Beat this mix so long
  until sugar has disolved. 3.Mix flour with baking
  powder and mix tablespoon after tablespoon into butter
  mix. 4. Heat oil and dip teaspoons into hot oil and
  than in batter and form little balls and drop into the
  hot oil and fry 5-6 minutes until golden brown. 5.Put
  only so many balls in oil that they dont touch each
  other. 6.Dry on papertowl and still warm roll in
  sugar-cinnamon mix. Translated by Brigitte Sealing
  Cyberealm BBS Watertown NY 315-786-1120
  
  From Gemini's MASSIVE MealMaster collection at www.synapse.com/~gemini
 
</step></directions></recipe></recipeml>
