<?xml version="1.0" encoding="UTF-8"?>

<recipeml version="0.5">
  <recipe>
    <head>
      <title>Ball Curry</title>
      <categories>
        <cat>Meat</cat></categories>
      <yield>4</yield></head>
    <ingredients>
      <ing-div>
        <title>FOR THE MEAT BALLS</title>
        <ing>
          <amt>
            <qty>600</qty>
            <unit>grams</unit></amt>
          <item>Low fat beef; mince</item></ing>
        <ing>
          <amt>
            <qty>1/2</qty>
            <unit>teaspoons</unit></amt>
          <item>Ground black pepper</item></ing>
        <ing>
          <amt>
            <qty>1/2</qty>
            <unit/></amt>
          <item>Chopped onion</item></ing>
        <ing>
          <amt>
            <qty>1</qty>
            <unit/></amt>
          <item>Green chilli (optional)</item></ing>
        <ing>
          <amt>
            <qty>1/2</qty>
            <unit>teaspoons</unit></amt>
          <item>Mixed spice</item></ing>
        <ing>
          <amt>
            <qty>1</qty>
            <unit>tablespoon</unit></amt>
          <item>Worcestershire sauce</item></ing>
        <ing>
          <amt>
            <qty>1</qty>
            <unit>tablespoon</unit></amt>
          <item>Chopped corriander leaves and mint leaves (optional)</item></ing>
        <ing>
          <amt>
            <qty/>
            <unit/></amt>
          <item>Salt to taste</item></ing></ing-div>
      <ing-div>
        <title>FOR THE CURRY</title>
        <ing>
          <amt>
            <qty>2</qty>
            <unit>medium</unit></amt>
          <item>Onions</item></ing>
        <ing>
          <amt>
            <qty>1/4</qty>
            <unit>cups</unit></amt>
          <item>Oil</item></ing>
        <ing>
          <amt>
            <qty>1</qty>
            <unit>tablespoon</unit></amt>
          <item>Grated ginger</item></ing>
        <ing>
          <amt>
            <qty>3</qty>
            <unit/></amt>
          <item>Garlic pods (crushed)</item></ing>
        <ing>
          <amt>
            <qty>1</qty>
            <unit>teaspoon</unit></amt>
          <item>Chilli powder -and/or-</item></ing>
        <ing>
          <amt>
            <qty>1</qty>
            <unit>teaspoon</unit></amt>
          <item>(heaped) paprika (depending on hot or mild)</item></ing>
        <ing>
          <amt>
            <qty>2</qty>
            <unit>teaspoons</unit></amt>
          <item>Ground cummin</item></ing>
        <ing>
          <amt>
            <qty>1 1/2</qty>
            <unit>teaspoons</unit></amt>
          <item>Ground corriander -and/or-</item></ing>
        <ing>
          <amt>
            <qty>1</qty>
            <unit>teaspoon</unit></amt>
          <item>Curry powder</item></ing>
        <ing>
          <amt>
            <qty/>
            <unit/></amt>
          <item>Salt to taste</item></ing>
        <ing>
          <amt>
            <qty>1/2</qty>
            <unit/></amt>
          <item>Lemon; juice of -or-</item></ing>
        <ing>
          <amt>
            <qty>2</qty>
            <unit>tablespoons</unit></amt>
          <item>Vinegar</item></ing>
        <ing>
          <amt>
            <qty>1/4</qty>
            <unit>cups</unit></amt>
          <item>Coconut milk or yoghurt</item></ing></ing-div></ingredients>
    <directions>
      <step>  submitted by: thereseM@qimr.edu.au
  Submitted by Therese Murphy from Brisbane, Australia.  The following are
  recipes with an Indian/Malay background.
  
  Fry sliced onions in oil till evenly brown. Add other ingredients (for the
  curry) with a little water to make a paste. Stir and leave on medium heat.
  Continue to add a little water and stir (for 10-15 minutes).Take 1 Tbsp of
  this mixture and add to the minced beef in a bowl together with the other
  ingredients (for the meat balls). Mix well by hand and form into balls
  about 1 1/2 " in diameter. Add 1/2 cup water to saucepan with the gravy and
  drop the meat balls in gently. Cover pan and simmer for about 20 minutes.
  Stir once, add lemon juice or vinegar and coconut milk or yoghurt and stir
  again. Cooked potatoes may also be added at this stage. Serve hot with
  steamed rice.
  
  DAVE &lt;DAVIDG@CLAM.RUTGERS.EDU&gt;
  
  RECIPEINTERNET LIST SERVER
  
  RECIPE ARCHIVE - 6 MAY 1996
  
  From the 'RECIPEinternet: Recipes from Around the World' recipe list.
  Downloaded from Glen's MM Recipe Archive, http://www.erols.com/hosey.
 
</step></directions></recipe></recipeml>
