<?xml version="1.0" encoding="UTF-8"?>

<recipeml version="0.5">
  <recipe>
    <head>
      <title>Balsamic Potato Salad</title>
      <categories>
        <cat>None</cat></categories>
      <yield>1</yield></head>
    <ingredients>
      <ing-div>
        <title/>
        <ing>
          <amt>
            <qty>2</qty>
            <unit>pounds</unit></amt>
          <item>New Red Potatoes *</item></ing>
        <ing>
          <amt>
            <qty>1</qty>
            <unit>cup</unit></amt>
          <item>Maionnese</item></ing>
        <ing>
          <amt>
            <qty>1/4</qty>
            <unit>cups</unit></amt>
          <item>Balsamic Vinegar</item></ing>
        <ing>
          <amt>
            <qty>1</qty>
            <unit>tablespoon</unit></amt>
          <item>Olive Oil</item></ing>
        <ing>
          <amt>
            <qty>2</qty>
            <unit>teaspoons</unit></amt>
          <item>Salt</item></ing>
        <ing>
          <amt>
            <qty>1/2</qty>
            <unit>teaspoons</unit></amt>
          <item>Fresh Ground Pepper</item></ing>
        <ing>
          <amt>
            <qty>1</qty>
            <unit>cup</unit></amt>
          <item>Sliced Scallions</item></ing>
        <ing>
          <amt>
            <qty>1 1/2</qty>
            <unit>cups</unit></amt>
          <item>Coarsely Chopped Celery</item></ing>
        <ing>
          <amt>
            <qty>1</qty>
            <unit>cup</unit></amt>
          <item>Sliced Radishes</item></ing></ing-div>
      <ing-div>
        <title>GARNISH</title>
        <ing>
          <amt>
            <qty/>
            <unit/></amt>
          <item>Romaine Lettuce Leaves</item></ing></ing-div></ingredients>
    <directions>
      <step>  Cook potatoes in a large pot of boiling salted water over medium heat just
  until tender, 15-20 minutes. Meanwhile, make balsamic dressing: Whisk
  maionnese, balsamic vinegar, olive oil, salt and pepper in a large bowl
  until
  
  blended. Stir in all but 2 tb sliced scallions. Drain potatoes well in a
  colander. Transfer to bow; add dressing and gently toss to coat. Let
  potatoes cool to room temperature. Add celery and radishes to potatoes in
  bowl and toss gently to combine. Line serving bowl with romaine leaves and
  spoon potato salad onto lettuce. Sprinkle salad with reserved scallions.
  
  Posted to JEWISH-FOOD digest V97 #311 by BNLImp@aol.com on Nov 28, 1997
 
</step></directions></recipe></recipeml>
