<?xml version="1.0" encoding="UTF-8"?>

<recipeml version="0.5">
  <recipe>
    <head>
      <title>Balsamic Vinegar-Marinated Lamb Chops</title>
      <categories>
        <cat>Lamb</cat></categories>
      <yield>8</yield></head>
    <ingredients>
      <ing>
        <amt>
          <qty>8</qty>
          <unit/></amt>
        <item>Lamb loin chops, 1-1/4" thick</item></ing>
      <ing>
        <amt>
          <qty>3/4</qty>
          <unit>cups</unit></amt>
        <item>Balsamic vinegar</item></ing>
      <ing>
        <amt>
          <qty>4</qty>
          <unit/></amt>
        <item>Minced Shallots</item></ing>
      <ing>
        <amt>
          <qty>1</qty>
          <unit>teaspoon</unit></amt>
        <item>Dry thyme leaves</item></ing>
      <ing>
        <amt>
          <qty>1</qty>
          <unit>teaspoon</unit></amt>
        <item>Salt</item></ing>
      <ing>
        <amt>
          <qty>1/2</qty>
          <unit>teaspoons</unit></amt>
        <item>Freshly ground pepper</item></ing>
      <ing>
        <amt>
          <qty/>
          <unit/></amt>
        <item>Compound pimiento butter:</item></ing>
      <ing>
        <amt>
          <qty>1/4</qty>
          <unit>pounds</unit></amt>
        <item>Butter; unsalted, softened</item></ing>
      <ing>
        <amt>
          <qty>1/3</qty>
          <unit>cups</unit></amt>
        <item>Pimento; drained,</item></ing>
      <ing>
        <amt>
          <qty/>
          <unit/></amt>
        <item>=or</item></ing>
      <ing>
        <amt>
          <qty>1/3</qty>
          <unit>cups</unit></amt>
        <item>Roasted red bell pepper</item></ing>
      <ing>
        <amt>
          <qty>1</qty>
          <unit>teaspoon</unit></amt>
        <item>Lemon juice, fresh</item></ing></ingredients>
    <directions>
      <step>  Trim lamb chops well and place in a large ziplock bag or bowl. Whisk next
  5 ingredients separately and pour them over chops.  Shake or stir to coat
  well.  Seal bag, squeezing out as much air as possible; tightly cover if
  in bowl.  Marinate chops in refrigerator for at least 8 hours or
  overnight, turning bag several times.
  
  Remove from refrigerator, drain and RESERVE marinade.  Grill chops over
  gas or charcoal grill, about 5 minutes per side, until medium-rare.  Brush
  at least once with reserved marinade.
  
  Transfer chops to a serving platter and serve immediately.  Top each chop
  with a dollop of compound pimiento butter.
  
  Compound pimiento butter:
  Whirl all three ingredients in blender or food
  processor until pimiento is minced and butter is orange-colored.  Pack
  into a small bowl and chill until ready to use.
  
  Submitted By RICHARD DOUVILLE On 05-26-95
  Posted to MM-Recipes Digest V3 #240
  
  Date: Mon, 02 Sep 96 19:58:46 -0300
  
  From: "Patricia Lange" &lt;patlange@eznet.net&gt;
 
</step></directions></recipe></recipeml>
