<?xml version="1.0" encoding="UTF-8"?>

<recipeml version="0.5">
  <recipe>
    <head>
      <title>Balsamic Glazed Chicken with Grilled Treviso</title>
      <categories>
        <cat>New</cat>
        <cat>Text</cat>
        <cat>Import</cat></categories>
      <yield>1</yield></head>
    <ingredients>
      <ing>
        <amt>
          <qty>4</qty>
          <unit>pounds</unit></amt>
        <item>Chicken</item></ing>
      <ing>
        <amt>
          <qty>2</qty>
          <unit/></amt>
        <item>Cloves garlic,; finely minced</item></ing>
      <ing>
        <amt>
          <qty>4</qty>
          <unit>tablespoons</unit></amt>
        <item>Chopped rosemary leaves</item></ing>
      <ing>
        <amt>
          <qty>2</qty>
          <unit>tablespoons</unit></amt>
        <item>Freshly ground black pepper</item></ing>
      <ing>
        <amt>
          <qty>1</qty>
          <unit>teaspoon</unit></amt>
        <item>Sea salt</item></ing>
      <ing>
        <amt>
          <qty>3</qty>
          <unit>tablespoons</unit></amt>
        <item>Virgin olive oil</item></ing>
      <ing>
        <amt>
          <qty>2</qty>
          <unit>ounces</unit></amt>
        <item>Prosciutto rind</item></ing>
      <ing>
        <amt>
          <qty>2</qty>
          <unit>ounces</unit></amt>
        <item>Parmesan rind</item></ing>
      <ing>
        <amt>
          <qty>2</qty>
          <unit>medium</unit></amt>
        <item>Red onion,; sliced into 1-inch disks</item></ing>
      <ing>
        <amt>
          <qty>1</qty>
          <unit/></amt>
        <item>Glass Lambrusco</item></ing>
      <ing>
        <amt>
          <qty>4</qty>
          <unit>tablespoons</unit></amt>
        <item>Balsamic vinegar; plus 4 tablespoons</item></ing>
      <ing>
        <amt>
          <qty>6</qty>
          <unit>large</unit></amt>
        <item>Radicchio di Treviso</item></ing>
      <ing>
        <amt>
          <qty>2</qty>
          <unit>tablespoons</unit></amt>
        <item>Extra virgin olive oil</item></ing></ingredients>
    <directions>
      <step>  Rinse and pat dry chicken. Remove the giblets and set aside.
  
  Chop the garlic, rosemary, pepper and sea salt together and mix with virgin
  olive oil. Rub the outside of the chicken all over with the rosemary
  mixture. Place the Prosciutto and Parmesan rinds inside the cavity and
  allow to sit refrigerated overnight.
  
  Preheat oven to 375 F and preheat grill.
  
  Place onion disks and giblets in bottom of a small heavy bottomed roasting
  pan. Place chicken on top of onions, breast side up. Pour glass of
  Lambrusco over onions and rub chicken all over with 4 tablespoons balsamic
  vinegar. Place in oven and cook for 1 hour and 10 minutes, or until a
  skewer pushed into thickest part of the thigh shows clear -- not bloody --
  juices.
  
  Cut the Radicchio in half lengthwise and place it on the grill and cook for
  3 to 4 minutes per side. Remove from grill and brush with extra virgin
  olive oil and set aside. Remove bird from oven and allow to rest 5 minutes.
  Transfer the chicken to a carving platter. Put onions and giblets in a
  bowl, with the juices. Carve the chicken, drizzle with remaining vinegar
  and serve immediately.
  
  Yield: 4 servings
  Recipe By     :MOLTO MARIO SHOW #MB5686
  
  Posted to MC-Recipe Digest V1 #273
  
  Date: Fri, 1 Nov 1996 22:22:36 -0500
  
  From: Meg Antczak &lt;meginny@frontiernet.net&gt;
 
</step></directions></recipe></recipeml>
