<?xml version="1.0" encoding="UTF-8"?>

<recipeml version="0.5">
  <recipe>
    <head>
      <title>Balsamic Pesto</title>
      <categories>
        <cat>Pesto</cat></categories>
      <yield>6</yield></head>
    <ingredients>
      <ing>
        <amt>
          <qty>2</qty>
          <unit>cups</unit></amt>
        <item>Packed fresh basil leaves</item></ing>
      <ing>
        <amt>
          <qty>1/2</qty>
          <unit>cups</unit></amt>
        <item>Fresh parmesan cheese; grated</item></ing>
      <ing>
        <amt>
          <qty>2</qty>
          <unit/></amt>
        <item>Cloves garlic; crushed</item></ing>
      <ing>
        <amt>
          <qty>1/2</qty>
          <unit>teaspoons</unit></amt>
        <item>Salt</item></ing>
      <ing>
        <amt>
          <qty>1/4</qty>
          <unit>teaspoons</unit></amt>
        <item>Ground black pepper</item></ing>
      <ing>
        <amt>
          <qty>2</qty>
          <unit>tablespoons</unit></amt>
        <item>Olive oil</item></ing>
      <ing>
        <amt>
          <qty>1/3</qty>
          <unit>cups</unit></amt>
        <item>Soft bread crumbs</item></ing>
      <ing>
        <amt>
          <qty>2</qty>
          <unit>tablespoons</unit></amt>
        <item>Balsamic vinegar</item></ing></ingredients>
    <directions>
      <step>  Combine basil, cheese, garlic, salt, pepper, oil and bread crumbs in food
  processor. Pulse to combine. Add vinegar and process until smooth
  
  Per serving: 88 Calories; 5g Fat (53% calories from fat); 1g Protein; 9g
  Carbohydrate; 0mg Cholesterol; 257mg Sodium
  
  NOTES : This unusual pesto is adapted from "The Balsamic Vinegar Cookbook"
  by Meesha Halm. Mary Carroll is the author of the "No Cholesterol (No
  Kidding!) Cookbook" and she cut back the amount of oil by substituting
  bread crumbs as a thickener.
  
  Recipe by: Mary Carroll - St. Louis Post Dispatch
  
  Posted to MC-Recipe Digest V1 #892 by Lisa Minor &lt;lisa@cybermill.com&gt; on
  Nov 8, 1997
 
</step></directions></recipe></recipeml>
