<?xml version="1.0" encoding="UTF-8"?>

<recipeml version="0.5">
  <recipe>
    <head>
      <title>Balsamic Pear-Salmon Saute</title>
      <categories>
        <cat>Fish</cat>
        <cat>Low fat or</cat>
        <cat>Apples and</cat></categories>
      <yield>2</yield></head>
    <ingredients>
      <ing>
        <amt>
          <qty>2</qty>
          <unit/></amt>
        <item>Salmon steaks; about 4 ounces each</item></ing>
      <ing>
        <amt>
          <qty>1/4</qty>
          <unit>teaspoons</unit></amt>
        <item>Salt</item></ing>
      <ing>
        <amt>
          <qty>1/2</qty>
          <unit>teaspoons</unit></amt>
        <item>Freshly ground black pepper</item></ing>
      <ing>
        <amt>
          <qty>1</qty>
          <unit>teaspoon</unit></amt>
        <item>Unsalted butter</item></ing>
      <ing>
        <amt>
          <qty>4</qty>
          <unit/></amt>
        <item>Shallots; thinly sliced</item></ing>
      <ing>
        <amt>
          <qty>1</qty>
          <unit/></amt>
        <item>Garlic clove; thinly sliced</item></ing>
      <ing>
        <amt>
          <qty>2</qty>
          <unit>large</unit></amt>
        <item>Ripe pears; Bartlett, Bosc or Winter Nelis, cored, peeled, and halved</item></ing>
      <ing>
        <amt>
          <qty>1/4</qty>
          <unit>teaspoons</unit></amt>
        <item>Whole fennel seed</item></ing>
      <ing>
        <amt>
          <qty>1/4</qty>
          <unit>cups</unit></amt>
        <item>Pear eau-de-vie; (pear brandy)</item></ing>
      <ing>
        <amt>
          <qty>1/4</qty>
          <unit>cups</unit></amt>
        <item>Balsamic vinegar</item></ing>
      <ing>
        <amt>
          <qty/>
          <unit/></amt>
        <item>Fresh flat-leaf parsley sprigs for garnish</item></ing></ingredients>
    <directions>
      <step>  Pat the steaks dry with a paper towel, then season with salt and pepper.
  Set aside. Preheat a large nonstick skillet over medium-high heat. Coat the
  skillet with butter and heat until the butter foams, then add the steaks.
  Arrange the shallots and garlic around the steaks. Add the pear halves,
  cut-side down, around the steaks. Cook for about 5 minutes, or until the
  steaks are brown on one side, then turn. Sprinkle the fennel seed over
  everything.
  
  Mix the eau-de-vie and vinegar in a cup, then pour over the steaks. Cook
  for about 3 to 5 minutes longer, or until the steaks are done, the pears
  are tender, and the liquid has reduced to a thick dark syrup.
  
  Serve each dinner plate with a salmon steak, 2 pear halves, and a topping
  of the shallot-garlic balsamic syrup. Garnish with a generous amount of the
  flat-leaf parsley.
  
  Source: from Pears, by Linda West Eckhardt
  
  downloaded from
  http://www.theAtlantic.com/atlantic/atlweb/corby/rotm8pear.htm April 8,
     1998    The Atlantic magazine online
  
  Notes: A one-pan dish that simply sings. Accompany with wild-and-brown rice
  pilaf, then tuck a few sprigs of flat-leaf parsley for a celebration dinner
  that's ready in less than 30 minutes. This recipe is easily doubled or
  tripled.
  Posted to MC-Recipe Digest by Mardi Desjardins &lt;amdesjar@mb.sympatico.ca&gt;
  on Apr 09, 1998
 
</step></directions></recipe></recipeml>
