<?xml version="1.0" encoding="UTF-8"?>

<recipeml version="0.5">
  <recipe>
    <head>
      <title>Balsamic Vinegar Chicken Salad</title>
      <categories>
        <cat>Ew</cat>
        <cat>Text</cat>
        <cat>Import</cat></categories>
      <yield>1</yield></head>
    <ingredients>
      <ing>
        <amt>
          <qty>2</qty>
          <unit>tablespoons</unit></amt>
        <item>Olive oil</item></ing>
      <ing>
        <amt>
          <qty>1/4</qty>
          <unit>cups</unit></amt>
        <item>Finely chopped onion</item></ing>
      <ing>
        <amt>
          <qty>1</qty>
          <unit>tablespoon</unit></amt>
        <item>Garlic</item></ing>
      <ing>
        <amt>
          <qty>1</qty>
          <unit>pound</unit></amt>
        <item>Boneless, skinless chicken breasts,</item></ing>
      <ing>
        <amt>
          <qty/>
          <unit/></amt>
        <item>Sliced into 1/2-inch strips</item></ing>
      <ing>
        <amt>
          <qty>1/4</qty>
          <unit>cups</unit></amt>
        <item>Balsamic vinegar</item></ing>
      <ing>
        <amt>
          <qty>1</qty>
          <unit>tablespoon</unit></amt>
        <item>Honey</item></ing>
      <ing>
        <amt>
          <qty>1</qty>
          <unit>tablespoon</unit></amt>
        <item>Dijon mustard</item></ing>
      <ing>
        <amt>
          <qty>3</qty>
          <unit>tablespoons</unit></amt>
        <item>Pine nuts</item></ing>
      <ing>
        <amt>
          <qty/>
          <unit/></amt>
        <item>Salt and pepper</item></ing>
      <ing>
        <amt>
          <qty/>
          <unit/></amt>
        <item>Mixed greens</item></ing>
      <ing>
        <amt>
          <qty/>
          <unit/></amt>
        <item>Fresh grated Parmesan cheese</item></ing></ingredients>
    <directions>
      <step>  Heat oil in large non-stick skillet and cook onion until tender. Stir in
  garlic and chicken. Cook chicken until golden brown. Stir in the balsamic
  vinegar and let simmer for 1 minutes. Stir in honey and Dijon and toss to
  coat. Add pine nuts and season with salt and pepper. Top mixed greens with
  chicken mixture and fresh grated Parmesan.
  
  Yield: 2 servings
  Recipe By     :HOW TO BOIL WATER SHOW #BW8302
  
  Posted to MC-Recipe Digest V1 #247
  
  Date: Wed, 16 Oct 1996 15:00:34 -0400
  
  From: Meg Antczak &lt;meginny@frontiernet.net&gt;
 
</step></directions></recipe></recipeml>
