<?xml version="1.0" encoding="UTF-8"?>

<recipeml version="0.5">
  <recipe>
    <head>
      <title>Balsamic Baked Beets with Hazelnuts</title>
      <categories>
        <cat>Miamiherald</cat>
        <cat>Vegetables</cat></categories>
      <yield>6</yield></head>
    <ingredients>
      <ing>
        <amt>
          <qty>1/4</qty>
          <unit>cups</unit></amt>
        <item>Hazelnuts</item></ing>
      <ing>
        <amt>
          <qty>6</qty>
          <unit>medium</unit></amt>
        <item>Beets, trimmed</item></ing>
      <ing>
        <amt>
          <qty>3</qty>
          <unit>tablespoons</unit></amt>
        <item>Balsamic vinegar</item></ing>
      <ing>
        <amt>
          <qty>1 1/2</qty>
          <unit>tablespoons</unit></amt>
        <item>Olive oil</item></ing>
      <ing>
        <amt>
          <qty>1/8</qty>
          <unit>teaspoons</unit></amt>
        <item>Salt</item></ing>
      <ing>
        <amt>
          <qty/>
          <unit/></amt>
        <item>Finely ground pepper</item></ing>
      <ing>
        <amt>
          <qty>1</qty>
          <unit>tablespoon</unit></amt>
        <item>Minced fresh parsley</item></ing></ingredients>
    <directions>
      <step>  Place the hazel nuts in a preheated 350 degree F oven and toast for 10
  minutes, until skins start to crack. Remove from oven and cool slightly.
  Place in a kitchen towel and rub to remove skins. Chop the nut coarsely.
  Wrap the beets in a large piece of aluminum foil and place on a baking
  sheet.  Bake in a preheated oven at 425 degrees F for 45-50 minutes, until
  just tender. When cool enough to handle, peel and slice thinly. In a small
  jar, shake together the vinegar and olive oil., pouring over the beets.
  Season with salt and pepper. THe beets can be eaten warm or marinate in the
  refrigerator several hours. Just before serving, stir in nuts and parsley.
  
  Per serving: 93 cal; 2g pro, 7g fat(66%), 7g carb,
       82 mg sodium
  
  Source: adapted from Verdura by Viana La Place Miami Herald, 1/25/96 format
  by Lisa Crawford
    Posted to MM-Recipes Digest V3 #259
  
    Date: 21 Sep 96 21:28:54 EDT
  
    From: "Lisabeth Crawford (Pooh)" &lt;104105.1416@CompuServe.COM&gt;
 
</step></directions></recipe></recipeml>
