<?xml version="1.0" encoding="UTF-8"?>

<recipeml version="0.5">
  <recipe>
    <head>
      <title>Balsamic Roasted Onions</title>
      <categories>
        <cat>New</cat>
        <cat>Text</cat>
        <cat>Import</cat></categories>
      <yield>1</yield></head>
    <ingredients>
      <ing>
        <amt>
          <qty>2</qty>
          <unit>large</unit></amt>
        <item>Red onions</item></ing>
      <ing>
        <amt>
          <qty>4</qty>
          <unit>tablespoons</unit></amt>
        <item>Virgin olive oil</item></ing>
      <ing>
        <amt>
          <qty>1</qty>
          <unit>cup</unit></amt>
        <item>Balsamic vinegar</item></ing></ingredients>
    <directions>
      <step>  Preheat oven to 425 degrees.
  
  Cut the onions in half lengthwise, leaving the skins on. In a 14-inch
  skillet, heat olive oil until smoking. Place 4 onion halves cut side down
  into skillet and cook until dark golden brown, about 7 to 8 minutes. Add
  vinegar and place in oven and bake until soft, about 15 to 20 minutes.
  Remove from oven and remove onions from pan immediately placing cut side up
  on cool plate. Pour syrup that has formed in pan over onions and let cool
  to room temperature.
  
  Serves: 4 as accompaniment to main course
  Recipe By     :MOLTO MARIO SHOW#MB5661
  
  Posted to MC-Recipe Digest V1 #292
  
  Date: Sun, 10 Nov 1996 22:55:09 -0500
  
  From: Meg Antczak &lt;meginny@frontiernet.net&gt;
 
</step></directions></recipe></recipeml>
