<?xml version="1.0" encoding="UTF-8"?>

<recipeml version="0.5">
  <recipe>
    <head>
      <title>Balsamic Mushrooms</title>
      <categories>
        <cat>Digest</cat>
        <cat>Sept.</cat>
        <cat>Fatfree</cat></categories>
      <yield>1</yield></head>
    <ingredients>
      <ing>
        <amt>
          <qty>1</qty>
          <unit>package</unit></amt>
        <item>Mushrooms</item></ing>
      <ing>
        <amt>
          <qty>1/3</qty>
          <unit>cups</unit></amt>
        <item>Balsamic vinegar</item></ing>
      <ing>
        <amt>
          <qty>1/8</qty>
          <unit>cups</unit></amt>
        <item>Red wine</item></ing></ingredients>
    <directions>
      <step>  Braise the mushrooms in the vinegar and wine mix covered for a few minutes.
  When mushrooms are soft, removed cover and let liquid condense down to
  almost the bottom.
  
  From: Z3MAX@ttacs1.ttu.edu. Fatfree Digest [Volume 10 Issue 46], Sept. 26,
  1994. Formatted by Sue Smith, S.Smith34, TXFT40A@Prodigy.com using MMCONV
  
  File ftp://ftp.idiscover.co.uk/pub/food/mealmaster/recipes/fatfreex.zip
 
</step></directions></recipe></recipeml>
