<?xml version="1.0" encoding="UTF-8"?>

<recipeml version="0.5">
  <recipe>
    <head>
      <title>Balsamic Vinaigrette (Gr)</title>
      <categories>
        <cat>Dressing-</cat>
        <cat>Sal</cat></categories>
      <yield>1</yield></head>
    <ingredients>
      <ing>
        <amt>
          <qty>3</qty>
          <unit>tablespoons</unit></amt>
        <item>Balsamic vinegar</item></ing>
      <ing>
        <amt>
          <qty>1</qty>
          <unit>tablespoon</unit></amt>
        <item>Finely chopped red onion</item></ing>
      <ing>
        <amt>
          <qty>1</qty>
          <unit>tablespoon</unit></amt>
        <item>Honey</item></ing>
      <ing>
        <amt>
          <qty>1/2</qty>
          <unit>cups</unit></amt>
        <item>Olive oil</item></ing>
      <ing>
        <amt>
          <qty/>
          <unit/></amt>
        <item>Salt and freshly ground pepper</item></ing></ingredients>
    <directions>
      <step>  In a blender, combine the vinegar, onion and honey and puree. With the
  motor running, slowly add the oil until emulsified. Season to taste with
  salt and pepper and pour into a squeeze bottle. May be prepared up to 1 day
  ahead and refrigerated. Bring to room temperature before serving.
  
  Yield: Approximately 3/4 cup
  
  Copyright, 1997, TV FOOD NETWORK, G.P., All Rights Reserved
  
  Busted by Gail Shermeyer &lt;4paws@netrax.net&gt; on Jul 12, 97
  
  Recipe by: GRILLIN' &amp; CHILLIN' SHOW #GR3630 Posted to MC-Recipe Digest V1
  #675 by 4paws@netrax.net (Shermeyer-Gail) on Jul 16, 1997
 
</step></directions></recipe></recipeml>
