<?xml version="1.0" encoding="UTF-8"?>

<recipeml version="0.5">
  <recipe>
    <head>
      <title>Balsalmic Risotto</title>
      <categories>
        <cat>None</cat></categories>
      <yield>1</yield></head>
    <ingredients>
      <ing>
        <amt>
          <qty>100</qty>
          <unit>grams</unit></amt>
        <item>Butter</item></ing>
      <ing>
        <amt>
          <qty>1/2</qty>
          <unit/></amt>
        <item>Onion</item></ing>
      <ing>
        <amt>
          <qty>1</qty>
          <unit/></amt>
        <item>Bay leaf</item></ing>
      <ing>
        <amt>
          <qty>1</qty>
          <unit>pinch</unit></amt>
        <item>Dried rosemary</item></ing>
      <ing>
        <amt>
          <qty>300</qty>
          <unit>grams</unit></amt>
        <item>Arborio rice</item></ing>
      <ing>
        <amt>
          <qty>1</qty>
          <unit>cup</unit></amt>
        <item>Vegetable stock</item></ing>
      <ing>
        <amt>
          <qty>1/2</qty>
          <unit>liters</unit></amt>
        <item>Cabernet or barolo</item></ing>
      <ing>
        <amt>
          <qty/>
          <unit/></amt>
        <item>Freshly grated parmesan</item></ing>
      <ing>
        <amt>
          <qty/>
          <unit/></amt>
        <item>Balsalmic vinegar</item></ing></ingredients>
    <directions>
      <step>  Put 50g of butter, the chopped half onion, the bayleaf and the pinch of
  rosemary into a casserole dish and cook over medium heat until the onion is
  transparent. Then add the rice and stir continuously for one minute until
  all is well mixed. Then add a "good" cup of vegetable stock and bring the
  whole to the boil.
  
  Add the half a litre of red wine and let the alcohol evaporate off. After
  15 minutes add the freshly grated parmesan and the other 50g of butter.
  Stir and then let it cook for another minute.
  
  Just before removing from the stove add a small glass of balsalmic vinegar.
  
  This smells and tastes wonderful!
  
  Posted to FOODWINE Digest 17 Dec 96
  
  From:    WELLS Robert &lt;robert.wells@EUROCONTROL.FR&gt;
  
  Date:    Wed, 18 Dec 1996 11:11:00 PST
 
</step></directions></recipe></recipeml>
