<?xml version="1.0" encoding="UTF-8"?>

<recipeml version="0.5">
  <recipe>
    <head>
      <title>Balsamic-Glazed Pearl Onions</title>
      <categories>
        <cat>None</cat></categories>
      <yield>12</yield></head>
    <ingredients>
      <ing>
        <amt>
          <qty>4</qty>
          <unit/></amt>
        <item>Baskets (10 ozs. each) pearl onions (about 90)</item></ing>
      <ing>
        <amt>
          <qty>1/4</qty>
          <unit>cups</unit></amt>
        <item>Olive oil</item></ing>
      <ing>
        <amt>
          <qty>2</qty>
          <unit>tablespoons</unit></amt>
        <item>Balsamic vinegar</item></ing>
      <ing>
        <amt>
          <qty/>
          <unit/></amt>
        <item>Fresh ground black pepper, to taste</item></ing></ingredients>
    <directions>
      <step>  &gt; by: Laurie Souza, Franciscan Oakville Estate, New Orleans Times Picayune.
  
  Boil the onions in salted water until they are crisp-tender, 3-7 mins,
  depending on the size, drain.  Remove and discard the papery outer skins.
  Do not cut off much of the root end or the onion will fall apart.
  
  Heat a saute pan, large enough to hold all the onions in one layer, over
  medium-high heat.  When hot, add the oil.  When oil is rippling, add
  onions, shaking pan until all are well-coated with oil.  Add one tabsp plus
  one teasp of the vinegar.  Continue to saute, shaking pan occasionally,
  until the onions are golden brown, 6-8 mins.
  
  When they are golden, sprinkle in the remaining two teasp balsamic vinegar;
  season with the fresh ground pepper to taste.  Shake the pan briefly to
  distribute the vinegar.  Taste for seasoning and add a dash more vinegar if
  desired, but there should be just a hint of it.
  
  Posted to FOODWINE Digest 21 November 96
  
  Date:    Thu, 21 Nov 1996 15:25:27 -0600
  
  From:    ALICIA GOLDMAN &lt;ATRIUM.SURGERYPO.AGOLDMAN@OCHSNER.ORG&gt;
 
</step></directions></recipe></recipeml>
