<?xml version="1.0" encoding="UTF-8"?>

<recipeml version="0.5">
  <recipe>
    <head>
      <title>Balsamic Ratatouille</title>
      <categories>
        <cat>Vegetables</cat></categories>
      <yield>4</yield></head>
    <ingredients>
      <ing>
        <amt>
          <qty>1/4</qty>
          <unit>cups</unit></amt>
        <item>Olive oil</item></ing>
      <ing>
        <amt>
          <qty>2</qty>
          <unit/></amt>
        <item>Clove garlic; finely diced</item></ing>
      <ing>
        <amt>
          <qty>1/4</qty>
          <unit>cups</unit></amt>
        <item>Eggplant;*</item></ing>
      <ing>
        <amt>
          <qty>1/4</qty>
          <unit>cups</unit></amt>
        <item>Onion; peeled*</item></ing>
      <ing>
        <amt>
          <qty>1/4</qty>
          <unit>cups</unit></amt>
        <item>Zucchini (green);*</item></ing>
      <ing>
        <amt>
          <qty>1/4</qty>
          <unit>cups</unit></amt>
        <item>Zucchini (yellow) OR yellow squash;*</item></ing>
      <ing>
        <amt>
          <qty>1/4</qty>
          <unit>cups</unit></amt>
        <item>Tomato (red);*</item></ing>
      <ing>
        <amt>
          <qty>1/4</qty>
          <unit>cups</unit></amt>
        <item>Tomato (yellow);*</item></ing>
      <ing>
        <amt>
          <qty>1</qty>
          <unit/></amt>
        <item>Sprig fresh thyme chopped in 1/4 inch pieces</item></ing>
      <ing>
        <amt>
          <qty>2</qty>
          <unit>tablespoons</unit></amt>
        <item>Balsamic vinegar</item></ing>
      <ing>
        <amt>
          <qty>1/4</qty>
          <unit>teaspoons</unit></amt>
        <item>Kosher salt; or to taste</item></ing>
      <ing>
        <amt>
          <qty>1/8</qty>
          <unit>teaspoons</unit></amt>
        <item>Black pepper; or to taste</item></ing></ingredients>
    <directions>
      <step>  * finely diced
  
  Serve with Grilled Balsamic Veal Chops and Mashed Potatoes
  w/Mascarpone Cheese &amp; Roasted Garlic
  
  1. Pour olive oil into a heated saute pan. Add garlic and cook over
  medium heat, stirring, for 30 seconds. Add all diced vegetables;
  cook, stirring, until tender but crisp, about 2 to 3 minutes.
  
  2. Add thyme and balsamic vinegar. Stir just until blended. Remove
  from heat. Season with salt and pepper.
  
  Served at the Chicago 1996 Democratic National Convention.
  
  Source: Chicago Sun Times, August 21, 1996
  Posted to MM-Recipes Digest V3 #231
  
  Date: Sat, 24 Aug 1996 21:59:29 +0000
  
  From: Linda Place &lt;placel@worldnet.att.net&gt;
 
</step></directions></recipe></recipeml>
