<?xml version="1.0" encoding="UTF-8"?>

<recipeml version="0.5">
  <recipe>
    <head>
      <title>Balsamic Chicken</title>
      <categories>
        <cat>Poultry</cat></categories>
      <yield>6</yield></head>
    <ingredients>
      <ing>
        <amt>
          <qty>1/2</qty>
          <unit>cups</unit></amt>
        <item>White wine; or apple juice</item></ing>
      <ing>
        <amt>
          <qty>1/2</qty>
          <unit>cups</unit></amt>
        <item>Chicken broth</item></ing>
      <ing>
        <amt>
          <qty>1</qty>
          <unit>tablespoon</unit></amt>
        <item>Chopped fresh thyme; or 19 oz can rinsed</item></ing>
      <ing>
        <amt>
          <qty>1/2</qty>
          <unit>teaspoons</unit></amt>
        <item>Dried thyme</item></ing>
      <ing>
        <amt>
          <qty>2</qty>
          <unit>tablespoons</unit></amt>
        <item>Lemon juice</item></ing>
      <ing>
        <amt>
          <qty>2</qty>
          <unit>tablespoons</unit></amt>
        <item>Balsamic vinegar</item></ing>
      <ing>
        <amt>
          <qty>2</qty>
          <unit>teaspoons</unit></amt>
        <item>Grated lemon rind</item></ing>
      <ing>
        <amt>
          <qty>1</qty>
          <unit>teaspoon</unit></amt>
        <item>Paprika</item></ing>
      <ing>
        <amt>
          <qty>1/2</qty>
          <unit>teaspoons</unit></amt>
        <item>Salt</item></ing>
      <ing>
        <amt>
          <qty>1/4</qty>
          <unit>teaspoons</unit></amt>
        <item>Pepper</item></ing>
      <ing>
        <amt>
          <qty>6</qty>
          <unit/></amt>
        <item>Boned and skinned chicken breast halves; about 1 1/2 lbs</item></ing></ingredients>
    <directions>
      <step>  Mix all ingredients except chicken thighs in shallow glass or plastic dish.
  Add chicken; turn to coat with marinade. Cover and refrigerate at least 2
  hours
  
  Place chicken and marinade in 10-inch nonstick skillet. Heat to boiling;
  reduce heat. Cover and simmer 15 to 20 minutes or until juices of chicken
  run clear. Remove chicken; keep warm. Heat marinade to boiling. Boil about
  6 minutes or until liquid is reduced by half. Pour over chicken.
  
  Sources Betty Crocker New Choices Cookbook computer program
  
  Recipe by: Betty Crocker New Choices Cookbook computer program
  
  Posted to MC-Recipe Digest V1 #990 by Carol &amp; Bob Floyd
  &lt;c.floyd@arnprior.com&gt; on Jan 05, 1998
 
</step></directions></recipe></recipeml>
