<?xml version="1.0" encoding="UTF-8"?>

<recipeml version="0.5">
  <recipe>
    <head>
      <title>Balsamic Marinated Onions</title>
      <categories>
        <cat>Sauces</cat></categories>
      <yield>6</yield></head>
    <ingredients>
      <ing>
        <amt>
          <qty/>
          <unit/></amt>
        <item>Stephen Ceideburg</item></ing>
      <ing>
        <amt>
          <qty>3</qty>
          <unit>medium</unit></amt>
        <item>Red onions</item></ing>
      <ing>
        <amt>
          <qty>1</qty>
          <unit>tablespoon</unit></amt>
        <item>Virgin olive oil</item></ing>
      <ing>
        <amt>
          <qty>1/2</qty>
          <unit>cups</unit></amt>
        <item>Balsamic vinegar</item></ing>
      <ing>
        <amt>
          <qty>1</qty>
          <unit>teaspoon</unit></amt>
        <item>Salt</item></ing>
      <ing>
        <amt>
          <qty>1/4</qty>
          <unit>teaspoons</unit></amt>
        <item>Pepper</item></ing>
      <ing>
        <amt>
          <qty>1</qty>
          <unit>tablespoon</unit></amt>
        <item>Capers</item></ing></ingredients>
    <directions>
      <step>  Preheat oven to 375 degrees F. Cut the onions in half, peel off the outer
  layer of skin and slice thinly. Toss in a medium-size pan with olive oil,
  balsamic vinegar, salt and pepper. Cover the pan tightly and bake for about
  45 minutes, or until the onions are tender. Stir in the capers and season
  to taste with additional salt and pepper.
  
  Yields about 2 cup
  
  PER TABLESPOON: 15 calories, 0 g protein, 2 g carbohydrate, 0 g fat, 0 mg
  cholesterol, 72 mg sodium, 0 g fiber.
  
  From Woodward's Garden restaurant.
  
  Robin Davis writing in the San Francisco Chronicle, 3/24/93.
  
  Posted by Stephen Ceideburg
  
  From Gemini's MASSIVE MealMaster collection at www.synapse.com/~gemini
 
</step></directions></recipe></recipeml>
