<?xml version="1.0" encoding="UTF-8"?>

<recipeml version="0.5">
  <recipe>
    <head>
      <title>Balsamic Basting Sauce</title>
      <categories>
        <cat>Sauces and</cat>
        <cat>Marinades</cat></categories>
      <yield>1</yield></head>
    <ingredients>
      <ing>
        <amt>
          <qty>2</qty>
          <unit>tablespoons</unit></amt>
        <item>Honey</item></ing>
      <ing>
        <amt>
          <qty>1</qty>
          <unit>tablespoon</unit></amt>
        <item>Fresh ginger; grated</item></ing>
      <ing>
        <amt>
          <qty>1/4</qty>
          <unit>cups</unit></amt>
        <item>Rice vinegar</item></ing>
      <ing>
        <amt>
          <qty>1/4</qty>
          <unit>cups</unit></amt>
        <item>Balsamic vinegar</item></ing>
      <ing>
        <amt>
          <qty>1/4</qty>
          <unit>cups</unit></amt>
        <item>Low-sodium soy sauce</item></ing></ingredients>
    <directions>
      <step>  Place honey, ginger, vinegars and soy sauce in tightly lidded jar; shake
  well to combine. Yield: About 1 cup.
  
  Per serving: 177 Calories; 0g Fat (0% calories from fat); 3g Protein; 47g
  Carbohydrate; 0mg Cholesterol; 1936mg Sodium
  
  NOTES : Balsamic vinegar makes a delicious marinade for grilled eggplant or
  zucchini. Just a splash mixed with oil and seasonings can add rich flavor
  as a basting sauce. It stores for up to 2 months in the refrigerator.
  
  Recipe by: Mary Carroll - St. Louis Post Dispatch
  
  Posted to MC-Recipe Digest V1 #892 by Lisa Minor &lt;lisa@cybermill.com&gt; on
  Nov 8, 1997
 
</step></directions></recipe></recipeml>
