<?xml version="1.0" encoding="UTF-8"?>

<recipeml version="0.5">
  <recipe>
    <head>
      <title>Balsamic Ketchup</title>
      <categories>
        <cat>None</cat></categories>
      <yield>1</yield></head>
    <ingredients>
      <ing>
        <amt>
          <qty>2</qty>
          <unit>tablespoons</unit></amt>
        <item>Balsamic Vinegar</item></ing>
      <ing>
        <amt>
          <qty>8</qty>
          <unit>ounces</unit></amt>
        <item>Tomato Sauce</item></ing>
      <ing>
        <amt>
          <qty>4</qty>
          <unit>tablespoons</unit></amt>
        <item>Brown Sugar</item></ing>
      <ing>
        <amt>
          <qty>1</qty>
          <unit>teaspoon</unit></amt>
        <item>Onion Powder</item></ing>
      <ing>
        <amt>
          <qty>2</qty>
          <unit>tablespoons</unit></amt>
        <item>Green McIlhenny Tabasco Sauce; (This is essential)</item></ing>
      <ing>
        <amt>
          <qty>1</qty>
          <unit>tablespoon</unit></amt>
        <item>Worcestershire</item></ing>
      <ing>
        <amt>
          <qty>1</qty>
          <unit>pinch</unit></amt>
        <item>Allspice</item></ing>
      <ing>
        <amt>
          <qty>1</qty>
          <unit>pinch</unit></amt>
        <item>Powdered Clove</item></ing></ingredients>
    <directions>
      <step>  Stir vigorously in a jar, then microwave till it bubbles thoroughly (4
  min.?). Stir well, cool, stir, put the lid on, refrigerate. (Contributor is
  not responsible for outcome based on frivolous substitutions.)
  
  Mom's kitchen tip: Ketchups (like mayo) are colloidal suspensions. If you
  want the stuff up near the neck of the jar, jerk it a couple - three times
  towards the neck and it will pile up there handy where is easier to get at.
  
  Posted to bbq-digest Volume 98 Issue 033 by Jim Beauchamp
  &lt;jkbeauc@mb.sympatico.ca&gt; on Jan 13, 1998
 
</step></directions></recipe></recipeml>
