<?xml version="1.0" encoding="UTF-8"?>

<recipeml version="0.5">
  <recipe>
    <head>
      <title>Balsamic Couscous Salad with Sun-Dried Tomatoes and Olives</title>
      <categories>
        <cat>None</cat></categories>
      <yield>1</yield></head>
    <ingredients>
      <ing>
        <amt>
          <qty>1</qty>
          <unit>can</unit></amt>
        <item>(14 1/2 oz.) ready-to-serve fat-free chicken broth with 1/3 less sodium</item></ing>
      <ing>
        <amt>
          <qty>2</qty>
          <unit>cups</unit></amt>
        <item>Water</item></ing>
      <ing>
        <amt>
          <qty>1/2</qty>
          <unit>cups</unit></amt>
        <item>Dry pack sun-dried tomatoes, cut up</item></ing>
      <ing>
        <amt>
          <qty>2 1/4</qty>
          <unit>cups</unit></amt>
        <item>Uncooked couscous</item></ing>
      <ing>
        <amt>
          <qty>1</qty>
          <unit>cup</unit></amt>
        <item>Chopped green onions</item></ing>
      <ing>
        <amt>
          <qty>1/4</qty>
          <unit>cups</unit></amt>
        <item>Chopped fresh basil (or 4 teaspoons dried basil leaves)</item></ing>
      <ing>
        <amt>
          <qty>1</qty>
          <unit/></amt>
        <item>Jar (5 3/4 oz.) sliced green olives, drained (about 1 1/4 cups)</item></ing>
      <ing>
        <amt>
          <qty>1/4</qty>
          <unit>cups</unit></amt>
        <item>Balsamic vinegar</item></ing>
      <ing>
        <amt>
          <qty>2</qty>
          <unit>tablespoons</unit></amt>
        <item>Water</item></ing>
      <ing>
        <amt>
          <qty>2</qty>
          <unit>tablespoons</unit></amt>
        <item>Extra-virgin olive oil</item></ing></ingredients>
    <directions>
      <step>  Prep time: 30 minutes
  
  1. In medium saucepan, combine broth, 2 cups water and sun-dried tomatoes.
  Bring to a boil. Stir in couscous; remove from heat. Cover; let stand 5
  minutes.
  
  2. Line 1 large or 2 small cookies sheets with waxed paper. To cool
  couscous mixture quickly, fluff with fork; spread on lined cookie sheet.
  Let stand 5 minutes.
  
  3. In large bowl, combine cooled couscous mixture, onions, basil, olives,
  balsamic vinegar and 2 tablespoons water; toss gently to mix well. Add oil;
  toss gently. Serve immediately or cover and refrigerate until serving time.
       20    (1/2 cup) servings.
  
  Calories: 100 Calories from fat: 20 Dietary exchanges: 1 starch, 1/2 fat or
        1    carbohydrate, 1/2 fat
  
  Notes: I did not bother with step two. I just poured the warm couscous into
  a large shallow stainless steel bowl I use for mixing/tossing big salads
  and let it sit there while I was washing and preparing the green onions and
  basil. I stirred it around a few times, and it cooled off fine.
  
  Also, I spread the green olives in a ring around the edge of my serving
  bowl. It looked nice, and they were easier to avoid for anyone who is not
  as crazy about green olives as I am. Posted to EAT-L Digest by Lynne Fraser
  &lt;Lynne_Fraser@BROWN.EDU&gt; on Jul 7, 1997
 
</step></directions></recipe></recipeml>
