<?xml version="1.0" encoding="UTF-8"?>

<recipeml version="0.5">
  <recipe>
    <head>
      <title>Balsamic Glazed Sweet and Sour Onions</title>
      <categories>
        <cat>New</cat>
        <cat>Text</cat>
        <cat>Import</cat></categories>
      <yield>1</yield></head>
    <ingredients>
      <ing>
        <amt>
          <qty>2</qty>
          <unit>pounds</unit></amt>
        <item>Cipolline or small (1 1/2") onions</item></ing>
      <ing>
        <amt>
          <qty>4</qty>
          <unit>tablespoons</unit></amt>
        <item>Virgin olive oil</item></ing>
      <ing>
        <amt>
          <qty>3</qty>
          <unit>tablespoons</unit></amt>
        <item>Sweet butter</item></ing>
      <ing>
        <amt>
          <qty>2</qty>
          <unit>tablespoons</unit></amt>
        <item>Sugar</item></ing>
      <ing>
        <amt>
          <qty>1</qty>
          <unit>cup</unit></amt>
        <item>Balsamic vinegar</item></ing>
      <ing>
        <amt>
          <qty>1/2</qty>
          <unit>cups</unit></amt>
        <item>Basic tomato sauce</item></ing>
      <ing>
        <amt>
          <qty>1</qty>
          <unit>cup</unit></amt>
        <item>Water</item></ing>
      <ing>
        <amt>
          <qty>1</qty>
          <unit>teaspoon</unit></amt>
        <item>Chopped fresh rosemary leaves</item></ing></ingredients>
    <directions>
      <step>  Peel the onions, leaving and washing any root strand you may find.
  
  In a 12 to 14-inch saute pan over a medium high flame, heat virgin olive
  oil until just smoking. Add butter and cook until foam subsides. Add onions
  and saute until light golden brown on all sides, about 8 to 10 minutes. Add
  sugar, vinegar, tomato sauce and water and bring to a boil.
  
  Cook onions uncovered, until just al dente, about 10 minutes. If liquid
  dissipates too quickly, add more water, a 1/4 cup at a time, realizing that
  it is essential not to overcook the onions. The sauce should just adhere to
  the onions. Remove from saute pan to an earthenware dish and hold in a warm
  place, or allow to cool if you are serving them later or as an antipasto.
  
  Yield: 4 servings
  Posted to MC-Recipe Digest V1 #335
  
  Recipe by: Molto Mario
  
  From: "suechef@sover.net" &lt;suechef@sover.net&gt;
  
  Date: Tue, 10 Dec 1996 16:19:04 -0500 (EST)
 
</step></directions></recipe></recipeml>
