<?xml version="1.0" encoding="UTF-8"?>

<recipeml version="0.5">
  <recipe>
    <head>
      <title>Balsamic Fig Sauce</title>
      <categories>
        <cat>June 1996 i</cat>
        <cat>Marinades</cat>
        <cat>Sauces</cat>
        <cat>&amp; salsas</cat></categories>
      <yield>1</yield></head>
    <ingredients>
      <ing>
        <amt>
          <qty>1</qty>
          <unit>pound</unit></amt>
        <item>Fresh figs; preferably Black Mission, chopped</item></ing>
      <ing>
        <amt>
          <qty>1/3</qty>
          <unit>cups</unit></amt>
        <item>Red wine</item></ing>
      <ing>
        <amt>
          <qty>1</qty>
          <unit>tablespoon</unit></amt>
        <item>Balsamic vinegar</item></ing>
      <ing>
        <amt>
          <qty>1</qty>
          <unit>pinch</unit></amt>
        <item>Salt</item></ing>
      <ing>
        <amt>
          <qty>1/8</qty>
          <unit>teaspoons</unit></amt>
        <item>Freshly ground pepper</item></ing>
      <ing>
        <amt>
          <qty>1/2</qty>
          <unit>teaspoons</unit></amt>
        <item>Sugar</item></ing>
      <ing>
        <amt>
          <qty>1</qty>
          <unit/></amt>
        <item>Sprig fresh thyme</item></ing></ingredients>
    <directions>
      <step>  Combine all ingredients with 1/2 cup water in a saucepan. Cover; bring to
  boil over high heat. Reduce to a simmer; cook, partially covered, until
  fruit has broken down, about 20 to 30 minutes. Let cool slightly; remove
  thyme sprig. Press mixture through a large-holed sieve with a rubber
  spatula.
  Recipe By     : Martha Stewart Living, June 1996
  
  Posted to FOODWINE Digest 22 Sep 96
  
  Date:    Sun, 22 Sep 1996 22:59:33 -465800
  
  From:    Terry Pogue &lt;tpogue@IDS2.IDSONLINE.COM&gt;
 
</step></directions></recipe></recipeml>
