<?xml version="1.0" encoding="UTF-8"?>

<recipeml version="0.5">
  <recipe>
    <head>
      <title>Balsamic Peppered Chicken</title>
      <categories>
        <cat>Chicken</cat></categories>
      <yield>2</yield></head>
    <ingredients>
      <ing>
        <amt>
          <qty>2</qty>
          <unit/></amt>
        <item>Skinless boneless chicken breast halves</item></ing>
      <ing>
        <amt>
          <qty>1</qty>
          <unit>teaspoon</unit></amt>
        <item>Lemon pepper; seasoning</item></ing>
      <ing>
        <amt>
          <qty>3/4</qty>
          <unit>teaspoons</unit></amt>
        <item>Extra virgin olive oil</item></ing>
      <ing>
        <amt>
          <qty>2 2/3</qty>
          <unit>tablespoons</unit></amt>
        <item>Balsamic vinegar</item></ing>
      <ing>
        <amt>
          <qty>2</qty>
          <unit>tablespoons</unit></amt>
        <item>Chicken broth</item></ing>
      <ing>
        <amt>
          <qty>1</qty>
          <unit/></amt>
        <item>Clove garlic; minced</item></ing>
      <ing>
        <amt>
          <qty>2</qty>
          <unit>tablespoons</unit></amt>
        <item>Butter</item></ing>
      <ing>
        <amt>
          <qty>2</qty>
          <unit/></amt>
        <item>Parsley sprig</item></ing></ingredients>
    <directions>
      <step>  Flatten chicken to 1/4 inch thickness. Press lemon-pepper seasoning evenly
  on both sides. In large frypan, place oil and heat to medium temperature.
  Add chicken and cook, turning once about 7 minutes or until fork can be
  inserted in chicken with ease. Remove chicken to warm serving platter; keep
  warm. In small bowl, mix together vinegar, broth, and garlic; add to
  frypan. Cook over medium-high, scraping up brown meat bits, about 2 minutes
  or until mixture is reduced and syrupy. Add butter; stir to melt. Place
  chicken on serving dish and spoon sauce over chicken.
  Posted to MC-Recipe Digest V1 #1033 by -- Mom &lt;clubok@nersp.nerdc.ufl.edu&gt;
  on Jan 23, 1998
 
</step></directions></recipe></recipeml>
