<?xml version="1.0" encoding="UTF-8"?>

<recipeml version="0.5">
  <recipe>
    <head>
      <title>Balsamic Chicken with Fettucine</title>
      <categories>
        <cat>Poultry</cat></categories>
      <yield>4</yield></head>
    <ingredients>
      <ing>
        <amt>
          <qty>1/2</qty>
          <unit>ounces</unit></amt>
        <item>Dried porcine mushrooms</item></ing>
      <ing>
        <amt>
          <qty>4</qty>
          <unit/></amt>
        <item>Chicken breast halves; skinned and boned</item></ing>
      <ing>
        <amt>
          <qty/>
          <unit/></amt>
        <item>Freshly ground pepper</item></ing>
      <ing>
        <amt>
          <qty>1</qty>
          <unit>tablespoon</unit></amt>
        <item>All-purpose flour</item></ing>
      <ing>
        <amt>
          <qty>2</qty>
          <unit>teaspoons</unit></amt>
        <item>Olive oil</item></ing>
      <ing>
        <amt>
          <qty>3</qty>
          <unit/></amt>
        <item>Cloves garlic; minced or pressed</item></ing>
      <ing>
        <amt>
          <qty>3</qty>
          <unit>small</unit></amt>
        <item>Pear-shaped Roma tomatoes; chopped</item></ing>
      <ing>
        <amt>
          <qty>1/2</qty>
          <unit>cups</unit></amt>
        <item>Beef broth</item></ing>
      <ing>
        <amt>
          <qty>1/2</qty>
          <unit>cups</unit></amt>
        <item>Dry red wine</item></ing>
      <ing>
        <amt>
          <qty>1/4</qty>
          <unit>cups</unit></amt>
        <item>Balsamic or red wine vinegar</item></ing>
      <ing>
        <amt>
          <qty>1</qty>
          <unit>teaspoon</unit></amt>
        <item>Cornstarch</item></ing>
      <ing>
        <amt>
          <qty>1</qty>
          <unit>tablespoon</unit></amt>
        <item>Cold water</item></ing>
      <ing>
        <amt>
          <qty>1</qty>
          <unit>package</unit></amt>
        <item>Fresh fettucine; cooked and drained (9-10 oz)</item></ing></ingredients>
    <directions>
      <step>  From Sunset Books "Low-Fat Cookbook."
  
  Soak mushrooms in hot water to cover until soft (about 20 minutes); drain,
  reserving 1/2 cup of the liquid. Rinse mushrooms and cut off tough mushroom
  stems.
  
  Rinse chicken; pat dry. Sprinkle with pepper; dust with flour. Heat oil in
  wide non-stick frying pan over medium-high heat. Add chicken; cook, turning
  once until well browned on both sides. Lift chicken from pan; set aside.
  Add garlic, tomatoes, and mushrooms to pan; stir for 1 minute. Add reserved
  1/2 cup mushroom liquid, broth, wine and 3 tablespoons of vinegar. Boil for
        3    minutes; remove from heat.
  
  Bland cornstarch and water; stir into sauce in pan. Return chicken to pan,
  spooning sauce over it. Return to medium-low heat, cover and cook until
  meat in thickest part is no longer pink (about 10-12 minutes). Stir
  remaining 1 tablespoon vinegar into sauce. Pour fettucine onto a warm deep
  platter; top with chicken and sauce.
  
  Nutritional analysis per serving: 339 calories; 4.41 grams total fat; 68.1
  milligrams cholesterol; 181 milligrams sodium; 13% of calories from fat.
  
  From: Michael Orchekowski             Date: 08-07-95
  
  Date: Sat, 1 Jun 1996 18:56:54 -0400
  
  From: BobbieB1@aol.com
  
  MM-Recipes Digest V3 #160
  
  From the MealMaster recipe list.  Downloaded from Glen's MM Recipe Archive,
  http://www.erols.com/hosey.
 
</step></directions></recipe></recipeml>
