<?xml version="1.0" encoding="UTF-8"?>

<recipeml version="0.5">
  <recipe>
    <head>
      <title>Balsamic Chicken Breasts</title>
      <categories>
        <cat>Main course</cat>
        <cat>Poultry*</cat>
        <cat>Pasta*</cat>
        <cat>Quick dishe</cat></categories>
      <yield>4</yield></head>
    <ingredients>
      <ing>
        <amt>
          <qty>4</qty>
          <unit/></amt>
        <item>Kip filets; about 1#</item></ing>
      <ing>
        <amt>
          <qty>1/2</qty>
          <unit>teaspoons</unit></amt>
        <item>Salt</item></ing>
      <ing>
        <amt>
          <qty>1/4</qty>
          <unit>teaspoons</unit></amt>
        <item>Freshly ground pepper</item></ing>
      <ing>
        <amt>
          <qty>1</qty>
          <unit>tablespoon</unit></amt>
        <item>Olive oil</item></ing>
      <ing>
        <amt>
          <qty>1/4</qty>
          <unit>cups</unit></amt>
        <item>Minced shallots</item></ing>
      <ing>
        <amt>
          <qty>1/2</qty>
          <unit>cups</unit></amt>
        <item>Chicken broth</item></ing>
      <ing>
        <amt>
          <qty>3</qty>
          <unit>tablespoons</unit></amt>
        <item>Balsamic vinegar</item></ing>
      <ing>
        <amt>
          <qty>1</qty>
          <unit>teaspoon</unit></amt>
        <item>Brown sugar</item></ing>
      <ing>
        <amt>
          <qty>1</qty>
          <unit>tablespoon</unit></amt>
        <item>Butter</item></ing>
      <ing>
        <amt>
          <qty>1</qty>
          <unit>cup</unit></amt>
        <item>Orzo; cooked</item></ing>
      <ing>
        <amt>
          <qty>2</qty>
          <unit>tablespoons</unit></amt>
        <item>Minced fresh parsley</item></ing></ingredients>
    <directions>
      <step>  "Kip filets" are skinless, boneless chicken breast halves.
  
  Place chicken between 2 sheets of wax paper. Pound 1/2" thick with rolling
  pin or mallet. Sprinkle chicken with S&amp;P. Heat oil in a large skillet over
  medium-high heat. Cook chicken 4 minutes per side. Transfer to serving
  plate, cover and keep warm. Add shallots to skillet and cook, stirring, 2
  minutes. Add broth, vinegar, and brown sugar. Bring to boil; cook until
  reduced by one third, about 4 minutes. Whisk butter into skillet until
  melted. Pour over chicken. Toss orzo with parsley and serve with chicken.
  
  Yield: 4 servings Per serving: Cal 385 / Fat 9g (Sat 3g) / Chol 74mg /
  Sodium 527mg / Carb 41g / Prot 33g
  Recipe By     : Ladies' Home Journal 4/93
  
  Posted to EAT-L Digest 11 November 96
  
  Date:    Tue, 12 Nov 1996 08:57:34 +0100
  
  From:    Kaye Sykes &lt;Sykes.Kaye@UNIFACE.NL&gt;
  
  NOTES : Halves easily.
 
</step></directions></recipe></recipeml>
