<?xml version="1.0" encoding="UTF-8"?>

<recipeml version="0.5">
  <recipe>
    <head>
      <title>Balsamic Chicken</title>
      <categories>
        <cat>Poultry</cat>
        <cat>Main dish</cat></categories>
      <yield>4</yield></head>
    <ingredients>
      <ing>
        <amt>
          <qty>4</qty>
          <unit/></amt>
        <item>Chicken breasts (boned)</item></ing>
      <ing>
        <amt>
          <qty>2</qty>
          <unit>tablespoons</unit></amt>
        <item>Flour</item></ing>
      <ing>
        <amt>
          <qty>2</qty>
          <unit>tablespoons</unit></amt>
        <item>Olive oil</item></ing>
      <ing>
        <amt>
          <qty>12</qty>
          <unit>ounces</unit></amt>
        <item>Mushrooms, sliced</item></ing>
      <ing>
        <amt>
          <qty>5</qty>
          <unit/></amt>
        <item>Garlic cloves, crushed</item></ing>
      <ing>
        <amt>
          <qty>1/2</qty>
          <unit>cups</unit></amt>
        <item>Balsamic vinegar</item></ing>
      <ing>
        <amt>
          <qty>1/2</qty>
          <unit>cups</unit></amt>
        <item>Chicken broth</item></ing>
      <ing>
        <amt>
          <qty>1</qty>
          <unit/></amt>
        <item>Bay leave</item></ing>
      <ing>
        <amt>
          <qty>1/4</qty>
          <unit>teaspoons</unit></amt>
        <item>Thyme</item></ing>
      <ing>
        <amt>
          <qty>1</qty>
          <unit>tablespoon</unit></amt>
        <item>Flour (additional)</item></ing>
      <ing>
        <amt>
          <qty>1</qty>
          <unit>tablespoon</unit></amt>
        <item>Butter</item></ing>
      <ing>
        <amt>
          <qty/>
          <unit/></amt>
        <item>Salt and pepper to taste</item></ing></ingredients>
    <directions>
      <step>  Rinse chicken and pat dry.  Dredge in mixture of salt, pepper and 2 T
  flour.  Brown chicken in oil in skillet on 1 side for 2 to 3 munutes. Turn
  chicken.  Add mushrooms and garlic.  Cook for 3 to 5 minutes or until
  chicken is brown.  Stir in vinegar, broth, bay leaf and thyme. Cook,
  covered, over medium heat for 10 minutes or until chicken is tender.
  
  Remove chicken to serving platter.  Stir in 1 T flour and butter. Cook for
  7 minutes, stirring constantly.  Discard bay leaf.  Pour over chicken.
  Serve with wild rice and vegtable.
  Posted to MM-Recipes Digest V3 #190
  
  Date: Sat, 06 Jul 1996 18:52:20 -0400
  
  From: kingman@orl.mindspring.com
 
</step></directions></recipe></recipeml>
