<?xml version="1.0" encoding="UTF-8"?>

<recipeml version="0.5">
  <recipe>
    <head>
      <title>Balsamic Marinade for Goat Cheese</title>
      <categories>
        <cat>None</cat></categories>
      <yield>1</yield></head>
    <ingredients>
      <ing>
        <amt>
          <qty>1/2</qty>
          <unit>cups</unit></amt>
        <item>Balsamic vinegar</item></ing>
      <ing>
        <amt>
          <qty>2</qty>
          <unit>tablespoons</unit></amt>
        <item>Fresh lemon juice</item></ing>
      <ing>
        <amt>
          <qty>2</qty>
          <unit>tablespoons</unit></amt>
        <item>Fresh orange juice</item></ing>
      <ing>
        <amt>
          <qty>1</qty>
          <unit>teaspoon</unit></amt>
        <item>Grated lemon peel</item></ing>
      <ing>
        <amt>
          <qty>1</qty>
          <unit>teaspoon</unit></amt>
        <item>Grated orange peel</item></ing>
      <ing>
        <amt>
          <qty>2</qty>
          <unit/></amt>
        <item>Whole garlic cloves; minced</item></ing>
      <ing>
        <amt>
          <qty>1/4</qty>
          <unit>cups</unit></amt>
        <item>Thinly sliced fresh basil</item></ing>
      <ing>
        <amt>
          <qty>1</qty>
          <unit>teaspoon</unit></amt>
        <item>Dried Mexican oregano</item></ing>
      <ing>
        <amt>
          <qty>3/4</qty>
          <unit>cups</unit></amt>
        <item>Extra virgin olive oil</item></ing>
      <ing>
        <amt>
          <qty>8</qty>
          <unit>ounces</unit></amt>
        <item>Soft fresh goat cheese; cut into 1 inch thick rounds</item></ing>
      <ing>
        <amt>
          <qty>1/4</qty>
          <unit>cups</unit></amt>
        <item>Finely diced red bell pepper</item></ing>
      <ing>
        <amt>
          <qty>1/4</qty>
          <unit>cups</unit></amt>
        <item>Finely diced yellow bell pepper</item></ing></ingredients>
    <directions>
      <step>  Mix vinegar, lemon juice, orange juice, lemon peel, orange peel, garlic,
  basil and oregano in medium bowl. Gradually whisk in oil. Season to taste
  with salt and pepper. Pour mixture into glass baking dish. Add goat cheese;
  turn to coat. Refrigerate at least 2 hours or up to 2 days, turning
  occasionally.
  
  Transfer goat cheese to platter. Spoon marinade over. Sprinkle with bell
  peppers.
  
  Yield: 8 appetizer servings
  
  Recipe by: Two Hot Tamales
  
  Posted to recipelu-digest Volume 01 Number 287 by "Diane Geary"
  &lt;diane@keyway.net&gt; on Nov 22, 1997
 
</step></directions></recipe></recipeml>
