<?xml version="1.0" encoding="UTF-8"?>

<recipeml version="0.5">
  <recipe>
    <head>
      <title>Balsamic Dressing (Fat Free)</title>
      <categories>
        <cat>Digest</cat>
        <cat>Oct.</cat>
        <cat>Appetizers</cat>
        <cat>Gemini &amp; le</cat></categories>
      <yield>1</yield></head>
    <ingredients>
      <ing>
        <amt>
          <qty>3/4</qty>
          <unit>cups</unit></amt>
        <item>Water</item></ing>
      <ing>
        <amt>
          <qty>1/4</qty>
          <unit>cups</unit></amt>
        <item>Balsamic vinegar</item></ing>
      <ing>
        <amt>
          <qty>3</qty>
          <unit>teaspoons</unit></amt>
        <item>Capers</item></ing>
      <ing>
        <amt>
          <qty>2</qty>
          <unit>teaspoons</unit></amt>
        <item>Dijon mustard</item></ing>
      <ing>
        <amt>
          <qty>1 1/2</qty>
          <unit>teaspoons</unit></amt>
        <item>Dried basil</item></ing>
      <ing>
        <amt>
          <qty>1</qty>
          <unit>tablespoon</unit></amt>
        <item>Fresh parsley; chopped (optional)</item></ing></ingredients>
    <directions>
      <step>  Combine the ingredients. Adjust vinegar to taste, since it has a stong
  flavor. Store in a covered container in the refrigerator. Makes 1 cup
  Calories: 2 (2 Tablespoons) Fat: 0 gm, 0% fat
  
  Posted by Posted by dmc@cherry-semi.com (Dawn Chace) to the Fatfree Digest
  [Volume 11 Issue 26], Oct. 26, 1994. FATFREE Recipe collections copyrighted
  by Michelle Dick 1994. Used with permission. Formatted by Sue Smith,
  S.Smith34, TXFT40A@Prodigy.com using MMCONV.
  
  Posted to EAT-L Digest  by Leon &amp; Miriam Posvolsky &lt;miriamp@POBOX.COM&gt; on
  Aug 30, 1997
 
</step></directions></recipe></recipeml>
