<?xml version="1.0" encoding="UTF-8"?>

<recipeml version="0.5">
  <recipe>
    <head>
      <title>Balsamic Roasted Onions</title>
      <categories>
        <cat>None</cat></categories>
      <yield>1</yield></head>
    <ingredients>
      <ing>
        <amt>
          <qty>4</qty>
          <unit>large</unit></amt>
        <item>Onions; preferably red, (2 lbs.)</item></ing>
      <ing>
        <amt>
          <qty>1</qty>
          <unit>tablespoon</unit></amt>
        <item>Olive oil</item></ing>
      <ing>
        <amt>
          <qty>1/3</qty>
          <unit>cups</unit></amt>
        <item>Balsamic vinegar</item></ing>
      <ing>
        <amt>
          <qty>1/2</qty>
          <unit>teaspoons</unit></amt>
        <item>Salt</item></ing>
      <ing>
        <amt>
          <qty>Spice</qty>
          <unit>up</unit></amt>
        <item>a meal with this simple, but delicious recipe from The Eating Well</item></ing></ingredients>
    <directions>
      <step>  Rush Hour Cookbook by the editors of Eating Well Magazine (Thomas Allen &amp;
  Son, $22.95 paperback).
  
  1. Preheat oven to 450F. Slice tops off onions and peel, leaving root ends.
  Cut each onion into 8 wedges, taking care to slice through the root so the
  wedges stay intact.
  
  2. Place the onions in a single layer in a 9x13-inch baking dish and toss
  with oil. Spread them out in a single layer. Pour vinegar over the onions
  and sprinkle with salt. Cover the dish with foil and bake for 45 minutes or
  until almost tender. Uncover and bake for 5 to 10 minutes more or until the
  onions are soft and caramelized on the bottom. Serves 4.
  
  from the Toronto Sun Living Section
  
  Posted to FOODWINE Digest  by Leslie Duncan &lt;duncan@VIANET.ON.CA&gt; on Jan
  14, 1998
 
</step></directions></recipe></recipeml>
