<?xml version="1.0" encoding="UTF-8"?>

<recipeml version="0.5">
  <recipe>
    <head>
      <title>Balsamic Grilled Chicken Salad</title>
      <categories>
        <cat>None</cat></categories>
      <yield>1</yield></head>
    <ingredients>
      <ing>
        <amt>
          <qty>2/3</qty>
          <unit>cups</unit></amt>
        <item>Mayonnaise</item></ing>
      <ing>
        <amt>
          <qty>2</qty>
          <unit>tablespoons</unit></amt>
        <item>Balsamic vinegar</item></ing>
      <ing>
        <amt>
          <qty>1</qty>
          <unit>tablespoon</unit></amt>
        <item>Plus 1 tsp. fresh lemon juice</item></ing>
      <ing>
        <amt>
          <qty>3/4</qty>
          <unit>teaspoons</unit></amt>
        <item>Worcestershire sauce</item></ing>
      <ing>
        <amt>
          <qty>1</qty>
          <unit>tablespoon</unit></amt>
        <item>Plus 1 tsp. extra virgin olive oil</item></ing>
      <ing>
        <amt>
          <qty>1</qty>
          <unit/></amt>
        <item>Clove garlic; minced</item></ing>
      <ing>
        <amt>
          <qty>4</qty>
          <unit/></amt>
        <item>Boneless skinless chicken breast halves</item></ing>
      <ing>
        <amt>
          <qty>11</qty>
          <unit>ounces</unit></amt>
        <item>Packaged salad</item></ing>
      <ing>
        <amt>
          <qty>Prep:</qty>
          <unit>10</unit></amt>
        <item>min, Cook: 10 min, plus chilling time.</item></ing></ingredients>
    <directions>
      <step>  Combine first 6 ingredients and salt and pepper to taste in a bowl. Whisk
  until smooth. Cover and chill . Prepare grill or broiler. Season chicken
  with salt and pepper to taste. Grill or broil 4-5 minutes per side, until
  just cooked throughout. Cut diagonally across the grain into 1/4 inch
  slices. Divide lettuce between individual serving plates. Pour dressing
  over. Top with sliced chicken breasts.
  
  Posted to recipelu-digest by molony &lt;molony@scsn.net&gt; on Feb 04, 1998
 
</step></directions></recipe></recipeml>
