<?xml version="1.0" encoding="UTF-8"?>

<recipeml version="0.5">
  <recipe>
    <head>
      <title>Balsamic House Dressing</title>
      <categories>
        <cat>Salad</cat>
        <cat>And</cat>
        <cat>Dressings</cat></categories>
      <yield>32</yield></head>
    <ingredients>
      <ing>
        <amt>
          <qty>1/2</qty>
          <unit>cups</unit></amt>
        <item>Balsamic vinegar</item></ing>
      <ing>
        <amt>
          <qty>1</qty>
          <unit>tablespoon</unit></amt>
        <item>Dijon mustard</item></ing>
      <ing>
        <amt>
          <qty>1</qty>
          <unit/></amt>
        <item>Clove garlic; crushed</item></ing>
      <ing>
        <amt>
          <qty>1/4</qty>
          <unit>teaspoons</unit></amt>
        <item>Salt</item></ing>
      <ing>
        <amt>
          <qty/>
          <unit/></amt>
        <item>Freshly ground black pepper</item></ing>
      <ing>
        <amt>
          <qty/>
          <unit/></amt>
        <item>Fresh rosemary; marjoram, savory or other herbs</item></ing>
      <ing>
        <amt>
          <qty>1 1/2</qty>
          <unit>cups</unit></amt>
        <item>Olive oil</item></ing></ingredients>
    <directions>
      <step>  Blend vinegar, mustard, garlic, salt, pepper and herbs together. Whisk in
  olive oil. Let stand in refrigerator for 30 mins. before serving. Will keep
  for about 1 week. Makes 2 cups.
  
  Source Healthwatch Magazine Formatted for Mastercook by Carol
  Floyd--c.floyd@arnprior.com
  
  Recipe by: Healthwatch Magazine
  
  Posted to MC-Recipe Digest V1 #870 by Carol &amp; Bob Floyd
  &lt;c.floyd@arnprior.com&gt; on Oct 27, 1997
 
</step></directions></recipe></recipeml>
