<?xml version="1.0" encoding="UTF-8"?>

<recipeml version="0.5">
  <recipe>
    <head>
      <title>Balti Vegetable Curry</title>
      <categories>
        <cat>None</cat></categories>
      <yield>1</yield></head>
    <ingredients>
      <ing>
        <amt>
          <qty/>
          <unit/></amt>
        <item>Cooking spray</item></ing>
      <ing>
        <amt>
          <qty>4</qty>
          <unit>cups</unit></amt>
        <item>Vegetables(spinach; mushrooms, cauliflower, potatoes and peas, or whatever your heart desires) (up to 5)</item></ing>
      <ing>
        <amt>
          <qty>2</qty>
          <unit>cups</unit></amt>
        <item>Balti Sauce (see recipe)</item></ing>
      <ing>
        <amt>
          <qty/>
          <unit/></amt>
        <item>Salt to taste</item></ing>
      <ing>
        <amt>
          <qty/>
          <unit/></amt>
        <item>Chopped fresh cilantro and garam masala for garnish</item></ing></ingredients>
    <directions>
      <step>  Heat spray in pan, add mixed vegetables and stir fry for about five
  minutes. Add Balti Sauce and stir-fry until hot and bubbling. Lower heat,
  cover, and simmer ten to fifteen minutes until vegetables are cooked. If
  sauce looks dry, add 1/4 cup of vegetable stock or water. Add salt to
  taste. Garnish with cilantro and garam masala.
  
  Serve it over some bismati rice, and you've really got something. Serrano
  peppers are pretty hot, so cut down on them if your a wuss. Posted to
  fatfree digest V97 #172 by "JACK LEFTON" &lt;FEDERICOFEL@msn.com&gt; on Aug 7, 97
 
</step></directions></recipe></recipeml>
