<?xml version="1.0" encoding="UTF-8"?>

<recipeml version="0.5">
  <recipe>
    <head>
      <title>Balti Sauce</title>
      <categories>
        <cat>None</cat></categories>
      <yield>1</yield></head>
    <ingredients>
      <ing>
        <amt>
          <qty/>
          <unit/></amt>
        <item>Cooking spray</item></ing>
      <ing>
        <amt>
          <qty>3</qty>
          <unit/></amt>
        <item>Serrano peppers;roughly chopped</item></ing>
      <ing>
        <amt>
          <qty>2</qty>
          <unit>large</unit></amt>
        <item>Onions; sliced</item></ing>
      <ing>
        <amt>
          <qty>1</qty>
          <unit>teaspoon</unit></amt>
        <item>Garlic; minced</item></ing>
      <ing>
        <amt>
          <qty>1</qty>
          <unit>teaspoon</unit></amt>
        <item>Ginger; minced</item></ing>
      <ing>
        <amt>
          <qty>1</qty>
          <unit>teaspoon</unit></amt>
        <item>Tumeric</item></ing>
      <ing>
        <amt>
          <qty>1</qty>
          <unit>teaspoon</unit></amt>
        <item>Garam masala</item></ing>
      <ing>
        <amt>
          <qty>1</qty>
          <unit>can</unit></amt>
        <item>(14 1/2 oz) chopped tomatoes</item></ing>
      <ing>
        <amt>
          <qty>1/2</qty>
          <unit>cups</unit></amt>
        <item>Cilantro leaves</item></ing>
      <ing>
        <amt>
          <qty>1</qty>
          <unit>teaspoon</unit></amt>
        <item>Salt</item></ing></ingredients>
    <directions>
      <step>  Heat spray in pan, add next four ingredients and stir-fry until onions are
  soft. Add remaining ingredients and bring to a boil. Lower heat and simmer
  for twenty minutes. Let cool. Puree in blender. Sauce can be refrigerated
  for a week or frozen up to two months. If your unfamiliar with garam
  masala, it's a spice mixture including cinnamon, cloves, and black pepper.
  You should be able to get it at any Indian market or at a spice store.
  Posted to fatfree digest V97 #172 by "JACK LEFTON" &lt;FEDERICOFEL@msn.com&gt; on
  Aug 7, 97
 
</step></directions></recipe></recipeml>
