<?xml version="1.0" encoding="UTF-8"?>

<recipeml version="0.5">
  <recipe>
    <head>
      <title>Balti Garam Masala</title>
      <categories>
        <cat>Seasoning</cat></categories>
      <yield>1</yield></head>
    <ingredients>
      <ing>
        <amt>
          <qty>5</qty>
          <unit>tablespoons</unit></amt>
        <item>Coriander seed</item></ing>
      <ing>
        <amt>
          <qty>3</qty>
          <unit>tablespoons</unit></amt>
        <item>Cumin seed</item></ing>
      <ing>
        <amt>
          <qty>2</qty>
          <unit>tablespoons</unit></amt>
        <item>Cardamom seed</item></ing>
      <ing>
        <amt>
          <qty>1</qty>
          <unit>tablespoon</unit></amt>
        <item>Aniseed</item></ing>
      <ing>
        <amt>
          <qty>4</qty>
          <unit/></amt>
        <item>3" pieces cassia bark</item></ing>
      <ing>
        <amt>
          <qty>1</qty>
          <unit>tablespoon</unit></amt>
        <item>Dried mint</item></ing>
      <ing>
        <amt>
          <qty>5</qty>
          <unit/></amt>
        <item>Bay leaves</item></ing>
      <ing>
        <amt>
          <qty>1</qty>
          <unit>tablespoon</unit></amt>
        <item>Dried rose petals (optional)</item></ing>
      <ing>
        <amt>
          <qty>1</qty>
          <unit>teaspoon</unit></amt>
        <item>Saffron  (optional)</item></ing></ingredients>
    <directions>
      <step>  From: gholman@ndirect.co.uk (Guy Holman)
  
  Date: Wed, 14 Aug 1996 12:02:45 GMT
  Roast spices, being careful not to burn. Cool and grind. Mix and store as
  in Balti Paste. (to make 8oz)
  
  CHILE-HEADS DIGEST V3 #073
  
  From the Chile-Heads recipe list.  Downloaded from Glen's MM Recipe
  Archive, http://www.erols.com/hosey.
 
</step></directions></recipe></recipeml>
