<?xml version="1.0" encoding="UTF-8"?>

<recipeml version="0.5">
  <recipe>
    <head>
      <title>Bama Brunswick Stew - Sl 1/87</title>
      <categories>
        <cat>Stew</cat>
        <cat>Southern</cat>
        <cat>Meats</cat>
        <cat>Sthrn/livng</cat></categories>
      <yield>1 1.5</yield></head>
    <ingredients>
      <ing>
        <amt>
          <qty>1</qty>
          <unit/></amt>
        <item>2.5 - 3 lb broiler-fryer</item></ing>
      <ing>
        <amt>
          <qty>1</qty>
          <unit/></amt>
        <item>2 - 2.5 lb boneless pork loin roast</item></ing>
      <ing>
        <amt>
          <qty>2</qty>
          <unit>pounds</unit></amt>
        <item>Chuck roast</item></ing>
      <ing>
        <amt>
          <qty>2 1/2</qty>
          <unit>quarts</unit></amt>
        <item>;water</item></ing>
      <ing>
        <amt>
          <qty>3</qty>
          <unit>large</unit></amt>
        <item>Potatoes; peeled &amp; finely chopped</item></ing>
      <ing>
        <amt>
          <qty>3</qty>
          <unit>large</unit></amt>
        <item>Onions; finely chopped</item></ing>
      <ing>
        <amt>
          <qty>28</qty>
          <unit>ounces</unit></amt>
        <item>Can tomatoes; undrained and chopped</item></ing>
      <ing>
        <amt>
          <qty>17</qty>
          <unit>ounces</unit></amt>
        <item>Can cream-style corn</item></ing>
      <ing>
        <amt>
          <qty>14</qty>
          <unit>ounces</unit></amt>
        <item>Bottle catsup</item></ing>
      <ing>
        <amt>
          <qty>1</qty>
          <unit>small</unit></amt>
        <item>Hot pepper</item></ing>
      <ing>
        <amt>
          <qty>1/4</qty>
          <unit>cups</unit></amt>
        <item>Red wine</item></ing>
      <ing>
        <amt>
          <qty>2</qty>
          <unit>tablespoons</unit></amt>
        <item>To 3 tb Lemon juice</item></ing>
      <ing>
        <amt>
          <qty>2</qty>
          <unit>tablespoons</unit></amt>
        <item>Dry sherry</item></ing>
      <ing>
        <amt>
          <qty>1 1/2</qty>
          <unit>teaspoons</unit></amt>
        <item>Paprika</item></ing>
      <ing>
        <amt>
          <qty>1</qty>
          <unit>teaspoon</unit></amt>
        <item>Brown sugar</item></ing>
      <ing>
        <amt>
          <qty>1</qty>
          <unit>teaspoon</unit></amt>
        <item>Pepper</item></ing>
      <ing>
        <amt>
          <qty>1/2</qty>
          <unit>teaspoons</unit></amt>
        <item>Ground red pepper</item></ing>
      <ing>
        <amt>
          <qty>1/2</qty>
          <unit>teaspoons</unit></amt>
        <item>Dried red pepper flakes</item></ing></ingredients>
    <directions>
      <step>    Combine chicken, roasts, and water in a large Dutch oven, cover, and
  bring to a boil. Reduce heat, and simmer 1 hour or until meat is tender.
  Remove meat from broth, reserving broth. Cool meat completely. Remove meat
  from bones. Grind meat in food processor or grinder.
  
    Add potatoes and onions to broth; cook over medium heat 20 to 25 minutes
  or until tender. Add meat and remaining ingredients; bring to a boil.
  Reduce heat; simmer, uncovered, 2-1/2 hours, stirring often. Add water for
  a thinner consistency, if desired. Makes 1-1/2 gallons.
  
  Recipe by J.A. Christian in January, 1987 "Southern Living". Typed for
  y'all by Jeff Pruett.
 
</step></directions></recipe></recipeml>
