<?xml version="1.0" encoding="UTF-8"?>

<recipeml version="0.5">
  <recipe>
    <head>
      <title>Bamboo Club Thai Spicy Noodles</title>
      <categories>
        <cat>Thai</cat>
        <cat>Noodles</cat></categories>
      <yield>2</yield></head>
    <ingredients>
      <ing>
        <amt>
          <qty>1</qty>
          <unit>package</unit></amt>
        <item>(8 oz) thin egg noodles</item></ing>
      <ing>
        <amt>
          <qty>4</qty>
          <unit>tablespoons</unit></amt>
        <item>Fish sauce*</item></ing>
      <ing>
        <amt>
          <qty>4</qty>
          <unit>tablespoons</unit></amt>
        <item>Lime juice</item></ing>
      <ing>
        <amt>
          <qty>4</qty>
          <unit>tablespoons</unit></amt>
        <item>Tomato puree</item></ing>
      <ing>
        <amt>
          <qty>4</qty>
          <unit>tablespoons</unit></amt>
        <item>Sugar</item></ing>
      <ing>
        <amt>
          <qty>1</qty>
          <unit>tablespoon</unit></amt>
        <item>Hot red pepper flakes</item></ing>
      <ing>
        <amt>
          <qty>1/2</qty>
          <unit>cups</unit></amt>
        <item>Ground peanuts</item></ing>
      <ing>
        <amt>
          <qty>1/2</qty>
          <unit>cups</unit></amt>
        <item>Vegetable oil</item></ing>
      <ing>
        <amt>
          <qty>4</qty>
          <unit/></amt>
        <item>Cloves garlic; minced</item></ing>
      <ing>
        <amt>
          <qty>1</qty>
          <unit/></amt>
        <item>Square tofu; drained and cubed</item></ing>
      <ing>
        <amt>
          <qty>1</qty>
          <unit>pound</unit></amt>
        <item>Chicken; in bite sized pieces</item></ing>
      <ing>
        <amt>
          <qty>8</qty>
          <unit>large</unit></amt>
        <item>Shrimp; (optional)</item></ing>
      <ing>
        <amt>
          <qty>4</qty>
          <unit/></amt>
        <item>Eggs; lightly beaten</item></ing>
      <ing>
        <amt>
          <qty>2</qty>
          <unit>cups</unit></amt>
        <item>Bean sprouts</item></ing>
      <ing>
        <amt>
          <qty>4</qty>
          <unit/></amt>
        <item>Scallions; cut in pieces</item></ing>
      <ing>
        <amt>
          <qty/>
          <unit/></amt>
        <item>Ground peanuts; for garnish</item></ing>
      <ing>
        <amt>
          <qty/>
          <unit/></amt>
        <item>Lemon wedges; for garnish</item></ing>
      <ing>
        <amt>
          <qty/>
          <unit/></amt>
        <item>Cucumber slices; for garnish</item></ing>
      <ing>
        <amt>
          <qty/>
          <unit/></amt>
        <item>Corriander; for garnish</item></ing></ingredients>
    <directions>
      <step>  1. Partially cook the noodles and allow to cool; set aside.
  
  2. Mix together fish sauce, lime juice, tomato puree, sugar and red pepper
  flakes; set aside.
  
  3. Grind peanuts in food processor (at least 1/2 cup plus extra for
  garnish). Prepare and assemble all other ingredients.
  
  4. In a large wok, over medium heat brown the garlic in oil. Add tofu,
  chicekn and shrimp and saute until lightly browned.
  
  5. Add eggs and continue to stir fry.
  
  6. Add drained noodles and fish sauce mixture; stir fry 3 minutes.
  
  7. Add peanuts, bean sprouts and scallion; stir fry 2 minutes.
  
  8. Remove from heat, add garnish and serve.
  
  Notes: If you cannot locate fish sauce you can use soy sauce but it will
  change the flavour.
  
  from the recipe files of RecipeLu &lt;recipelu@recipelu.com&gt;
  
  Recipe by: Bamboo Club Restaurant
  
  Posted to recipelu-digest by RecipeLu &lt;recipelu@geocities.com&gt; on Feb 19,
  1998
 
</step></directions></recipe></recipeml>
