<?xml version="1.0" encoding="UTF-8"?>

<recipeml version="0.5">
  <recipe>
    <head>
      <title>Bambachkis</title>
      <categories>
        <cat>Dessert</cat></categories>
      <yield>12</yield></head>
    <ingredients>
      <ing>
        <amt>
          <qty>1</qty>
          <unit/></amt>
        <item>Egg</item></ing>
      <ing>
        <amt>
          <qty>1</qty>
          <unit>package</unit></amt>
        <item>(12-oz) semi-sweet chocolate bits</item></ing>
      <ing>
        <amt>
          <qty>1</qty>
          <unit>cup</unit></amt>
        <item>Icing sugar</item></ing>
      <ing>
        <amt>
          <qty/>
          <unit/></amt>
        <item>Roasted almonds</item></ing>
      <ing>
        <amt>
          <qty/>
          <unit/></amt>
        <item>Marachino cherries</item></ing>
      <ing>
        <amt>
          <qty/>
          <unit/></amt>
        <item>Crushed almonds</item></ing>
      <ing>
        <amt>
          <qty/>
          <unit/></amt>
        <item>Cocoa</item></ing>
      <ing>
        <amt>
          <qty/>
          <unit/></amt>
        <item>Toasted coconut</item></ing>
      <ing>
        <amt>
          <qty>From:</qty>
          <unit/></amt>
        <item>rayna knighton &lt;rayna@ICONZ.CO.NZ&gt;</item></ing>
      <ing>
        <amt>
          <qty>Date:</qty>
          <unit/></amt>
        <item>Thu, 27 Jun 1996 09:59:40 +1200</item></ing></ingredients>
    <directions>
      <step>  Melt chocolate.  Stir till mixed and melted.  Break egg into pot.  Stir
  with spatula till mixed. Add sugar slowly stirring. When thick, roll
  chocolate into small balls large enough to accomodate an almond and a
  cherry in the center of each chocolate ball. Roll in crushed nuts, cocoa or
  roasted cocunut.
  
  NOTE:  If you use a larger egg, you may need to alter the amount of icing
  sugar.  Play it by ear to see.  Also if the chocolate mixture appears to be
  thick enough and you still have sugar left - quit.
  
  To keep working quickly - have bowls of cherries, almonds, cocoa and
  cocounut ready.  AuntiFifi (Mimi in Detroit, with whom I had a lovely phone
  chat when we were there) suggested keeping ice water ready to dip hands
  into so chocolate didn't melt when working with it.
  
  EAT-L Digest 25 June 1996
  
  From the EAT-L recipe list.  Downloaded from Glen's MM Recipe Archive,
  http://www.erols.com/hosey.
 
</step></directions></recipe></recipeml>
