<?xml version="1.0" encoding="UTF-8"?>

<recipeml version="0.5">
  <recipe>
    <head>
      <title>Bamee Haeng (Spicy Egg Noodles)</title>
      <categories>
        <cat>Thailand</cat>
        <cat>Pastas</cat></categories>
      <yield>1</yield></head>
    <ingredients>
      <ing>
        <amt>
          <qty/>
          <unit/></amt>
        <item>Stephen Ceideburg</item></ing>
      <ing>
        <amt>
          <qty>3</qty>
          <unit>ounces</unit></amt>
        <item>Fresh whole egg noodles (bamee)</item></ing>
      <ing>
        <amt>
          <qty>1</qty>
          <unit>tablespoon</unit></amt>
        <item>Garlic Oil (see recipe)</item></ing>
      <ing>
        <amt>
          <qty>2</qty>
          <unit>tablespoons</unit></amt>
        <item>Fish sauce (nam pla), or to taste</item></ing>
      <ing>
        <amt>
          <qty>2</qty>
          <unit>tablespoons</unit></amt>
        <item>Kwan's Sweet and Sour Sauce (see recipe)</item></ing>
      <ing>
        <amt>
          <qty/>
          <unit/></amt>
        <item>Dried hot chile flakes, to taste</item></ing>
      <ing>
        <amt>
          <qty>1</qty>
          <unit/></amt>
        <item>Handful bean sprouts</item></ing>
      <ing>
        <amt>
          <qty>1/4</qty>
          <unit>cups</unit></amt>
        <item>Shredded barbecued pork, cooked chicken, beef or shrimp</item></ing>
      <ing>
        <amt>
          <qty/>
          <unit/></amt>
        <item>Chopped green onions for garnish</item></ing>
      <ing>
        <amt>
          <qty/>
          <unit/></amt>
        <item>Fresh coriander leaves</item></ing>
      <ing>
        <amt>
          <qty>1</qty>
          <unit>teaspoon</unit></amt>
        <item>Ground peanuts</item></ing></ingredients>
    <directions>
      <step>  Whole egg noodles may be purchased in Asian markets (they are labeled "egg
  wonton-style noodles"). Serve this dish for breakfast, lunch or as a snack
  or as a side dish in a Western- style meal. The ancillary recipes are in
  the next post.
  
  Plunge noodles into a pot of boiling water for 4 or 5 seconds. Remove and
  plunge into cold water for 4 or 5 seconds. Return to boiling water for 4 or
  5 seconds; drain. Pour noodles into a bowl. Add garlic oil, fish sauce,
  sweet and sour sauce and dried chile flakes (if you like it hot).
  
  Dip bean sprouts quickly into boiling water; drain. Add to noodles. Add one
  or more of the cooked meats. Top with green onions, coriander and ground
  peanuts.
  
  Note: This recipe is a version served by street noodles vendors in
  Thailand. Seasonings may be adjusted to your taste.
  
  PER SERVING: 575 calories, 19 g protein, 60 g carbohydrate, 26 g fat (6 g
  saturated), 82 mg cholesterol, 2,840 mg sodium, 2 g fiber.
  
  From an article by Joyce Jue in the San Francisco Chronicle, 5/29/91.
  
  File ftp://ftp.idiscover.co.uk/pub/food/mealmaster/recipes/mmdja006.zip
 
</step></directions></recipe></recipeml>
