<?xml version="1.0" encoding="UTF-8"?>

<recipeml version="0.5">
  <recipe>
    <head>
      <title>Bamia Stew</title>
      <categories>
        <cat>Meat</cat></categories>
      <yield>4</yield></head>
    <ingredients>
      <ing>
        <amt>
          <qty>1/2</qty>
          <unit>kilograms</unit></amt>
        <item>Okra; remove heads</item></ing>
      <ing>
        <amt>
          <qty>1/4</qty>
          <unit>kilograms</unit></amt>
        <item>Lamb or beef</item></ing>
      <ing>
        <amt>
          <qty>1</qty>
          <unit>large</unit></amt>
        <item>Onion; chopped</item></ing>
      <ing>
        <amt>
          <qty>4</qty>
          <unit>large</unit></amt>
        <item>Tomatoes; chopped</item></ing>
      <ing>
        <amt>
          <qty>1</qty>
          <unit>can</unit></amt>
        <item>Tomato paste</item></ing>
      <ing>
        <amt>
          <qty/>
          <unit/></amt>
        <item>Salt</item></ing>
      <ing>
        <amt>
          <qty>1</qty>
          <unit>teaspoon</unit></amt>
        <item>Coriander seed; ground</item></ing>
      <ing>
        <amt>
          <qty>1</qty>
          <unit>teaspoon</unit></amt>
        <item>Cumin</item></ing>
      <ing>
        <amt>
          <qty>1/2</qty>
          <unit>teaspoons</unit></amt>
        <item>Black pepper</item></ing>
      <ing>
        <amt>
          <qty>1</qty>
          <unit>tablespoon</unit></amt>
        <item>Tamarind pulp soaked in water</item></ing>
      <ing>
        <amt>
          <qty>3</qty>
          <unit/></amt>
        <item>Cloves garlic; chopped</item></ing></ingredients>
    <directions>
      <step>  submitted by: HANRE@aol.com (Hanadi, Kuwait)
  Here are some of my favorite recipes. I hope you'll enjoy them as much as
  my family does.
  
  Brown the meat without oil until it absorbs all its liquid.  Add the onions
  then the spices and garlic. Mix well and add the tomatoes.  Let the stew
  cook on med. heat w/ the lid on. Add the water when the tomatoes appear to
  soften. Let it simmer for 15 min. then add the okra, paste and salt. Let
  the stew cook slowly and towards the end add the strained tamarinds. Serve
  hot w/ rice.
  
  DAVE &lt;DAVIDG@CLAM.RUTGERS.EDU&gt;
  
  RECIPEINTERNET LIST SERVER
  
  RECIPE ARCHIVE - 24 JUNE 1996
  
  From the 'RECIPEinternet: Recipes from Around the World' recipe list.
  Downloaded from Glen's MM Recipe Archive, http://www.erols.com/hosey.
 
</step></directions></recipe></recipeml>
