<?xml version="1.0" encoding="UTF-8"?>

<recipeml version="0.5">
  <recipe>
    <head>
      <title>Banana-Pineapple Kabobs</title>
      <categories>
        <cat>Dessert</cat></categories>
      <yield>6</yield></head>
    <ingredients>
      <ing>
        <amt>
          <qty>1</qty>
          <unit/></amt>
        <item>Whole vanilla bean</item></ing>
      <ing>
        <amt>
          <qty>1/3</qty>
          <unit>cups</unit></amt>
        <item>Brown sugar</item></ing>
      <ing>
        <amt>
          <qty>1/4</qty>
          <unit>cups</unit></amt>
        <item>Water</item></ing>
      <ing>
        <amt>
          <qty>1</qty>
          <unit>teaspoon</unit></amt>
        <item>Margarine; optional</item></ing>
      <ing>
        <amt>
          <qty>1</qty>
          <unit>pinch</unit></amt>
        <item>Salt; optional</item></ing>
      <ing>
        <amt>
          <qty>4</qty>
          <unit/></amt>
        <item>Bananas</item></ing>
      <ing>
        <amt>
          <qty>1/2</qty>
          <unit>small</unit></amt>
        <item>Pineapple</item></ing></ingredients>
    <directions>
      <step>  From: Bobb1744@aol.com
  
  Date: Tue, 23 Apr 1996 13:28:27 -0400
  Slit vanilla bean lengthwise &amp; scrape out sticky black seeds. Place seeds &amp;
  pod in small heavy bottomed pot along with remaining ingredients except
  fruit. Bring to a boil, stirring constantly. Reduce heat &amp; simmer for 2 to
  3 minutes. Stir till sugar has dissolved. Remove from heat. If glaze
  hardens, reheat before using.
  
  Prepare grill. Peel bananas; peel &amp; core pineapple. Cut into bite-sized
  pieces. Alternate bananas &amp; pineapple on skewers. Place skewers on hot
  grill &amp; cook 5 to 10 minutes, turning once. When hot, baste with glaze, two
  or three times. Turn &amp; baste again.
  
  PER SERVING: 139 Cal.; 0.8g Prot.; 0.4g Fat; 33g Carb.; 0 Chol.; 6mg Sod.;
        2 g  Fiber.
  
  "Vegetarian Times" July, 1993
  
  MC-RECIPE@MASTERCOOK.COM
  
  MASTERCOOK RECIPES LIST SERVER
  
  MC-RECIPE DIGEST V1 #55
  
  From the MasterCook recipe list.  Downloaded from Glen's MM Recipe Archive,
  http://www.erols.com/hosey.
 
</step></directions></recipe></recipeml>
