<?xml version="1.0" encoding="UTF-8"?>

<recipeml version="0.5">
  <recipe>
    <head>
      <title>Banana-Raisin Bread (For Bread Machine)</title>
      <categories>
        <cat>None</cat></categories>
      <yield>1</yield></head>
    <ingredients>
      <ing>
        <amt>
          <qty>2</qty>
          <unit>teaspoons</unit></amt>
        <item>Dry yeast; (not rapid rise)</item></ing>
      <ing>
        <amt>
          <qty>3 1/2</qty>
          <unit>cups</unit></amt>
        <item>Bread flour</item></ing>
      <ing>
        <amt>
          <qty>1</qty>
          <unit>teaspoon</unit></amt>
        <item>Cinnamon</item></ing>
      <ing>
        <amt>
          <qty>1</qty>
          <unit/></amt>
        <item>Egg; slightly beaten</item></ing>
      <ing>
        <amt>
          <qty>2</qty>
          <unit>tablespoons</unit></amt>
        <item>Oil</item></ing>
      <ing>
        <amt>
          <qty>1/4</qty>
          <unit>cups</unit></amt>
        <item>Honey</item></ing>
      <ing>
        <amt>
          <qty>2</qty>
          <unit>small</unit></amt>
        <item>Bananas; sliced thin</item></ing>
      <ing>
        <amt>
          <qty>1</qty>
          <unit>teaspoon</unit></amt>
        <item>Salt</item></ing>
      <ing>
        <amt>
          <qty>2/3</qty>
          <unit>cups</unit></amt>
        <item>Water</item></ing>
      <ing>
        <amt>
          <qty>1</qty>
          <unit>cup</unit></amt>
        <item>Raisins; floured with 1 teaspoon flour</item></ing></ingredients>
    <directions>
      <step>  1. Put all ingredients, except yeast and raisins, into the breadmaker
  basket in the order given.
  
  2. Place yeast in yeast dispenser.
  
  3. Select "raisin" mode of baking for white bread. Start machine.
  
  4. When the "beep" sounds, add the raisins. Close door to bread machine and
  allow to complete bake cycle.
  
  Notes: This is adapted to the Panasonic bread machine. Adjust the
  directions to fit the one you have. This makes absolutely fantastic toast
  and when spread with some cream cheese it makes breakfast a real treat.
  
  Posted to EAT-L Digest  by "Sharon H. Frye" &lt;shfrye@PEN.K12.VA.US&gt; on Dec
  3, 1997
 
</step></directions></recipe></recipeml>
