<?xml version="1.0" encoding="UTF-8"?>

<recipeml version="0.5">
  <recipe>
    <head>
      <title>Banana-Orange Frozen Push-Ups</title>
      <categories>
        <cat>Bananas</cat>
        <cat>Frozen dess</cat>
        <cat>Fruits</cat>
        <cat>Low-fat/low</cat></categories>
      <yield>6</yield></head>
    <ingredients>
      <ing>
        <amt>
          <qty>2</qty>
          <unit/></amt>
        <item>Bananas</item></ing>
      <ing>
        <amt>
          <qty>6</qty>
          <unit>ounces</unit></amt>
        <item>Orange juice; frozen</item></ing>
      <ing>
        <amt>
          <qty>1/2</qty>
          <unit>cups</unit></amt>
        <item>Milk; powdered</item></ing>
      <ing>
        <amt>
          <qty>1/2</qty>
          <unit>cups</unit></amt>
        <item>Water</item></ing>
      <ing>
        <amt>
          <qty>1</qty>
          <unit>cup</unit></amt>
        <item>Fat-free yogurt</item></ing></ingredients>
    <directions>
      <step>  Thaw orange juice until soft.  Peel bananas and slice into blender or food
  processor.  Add remaining ingredients. Cover and blend until foamy. Pour
  into small paper cups and freeze.  To eat, squeeze bottom of cup. Or pour
  into popsicle mold. from the American Heart Association. Approx.
  calories/serving: 85
  Posted to MC-Recipe Digest V1 #250
  
  Date: Fri, 18 Oct 1996 06:00:23 +0000
  
  From: Patti McCoy &lt;patti-will-mccoy@postoffice.worldnet.att.net&gt;
 
</step></directions></recipe></recipeml>
