<?xml version="1.0" encoding="UTF-8"?>

<recipeml version="0.5">
  <recipe>
    <head>
      <title>Banana-Mocha Cake</title>
      <categories>
        <cat>Cake</cat></categories>
      <yield>12</yield></head>
    <ingredients>
      <ing-div>
        <title/>
        <ing>
          <amt>
            <qty>2</qty>
            <unit/></amt>
          <item>Very ripe bananas</item></ing>
        <ing>
          <amt>
            <qty>1</qty>
            <unit>teaspoon</unit></amt>
          <item>Instant powdered coffee</item></ing>
        <ing>
          <amt>
            <qty>1 1/4</qty>
            <unit>cups</unit></amt>
          <item>All-purpose flour</item></ing>
        <ing>
          <amt>
            <qty>2/3</qty>
            <unit>cups</unit></amt>
          <item>Sugar</item></ing>
        <ing>
          <amt>
            <qty>1/4</qty>
            <unit>cups</unit></amt>
          <item>Cornstarch</item></ing>
        <ing>
          <amt>
            <qty>3</qty>
            <unit>tablespoons</unit></amt>
          <item>Powdered cocoa</item></ing>
        <ing>
          <amt>
            <qty>1</qty>
            <unit>teaspoon</unit></amt>
          <item>Baking soda</item></ing>
        <ing>
          <amt>
            <qty>1/2</qty>
            <unit>teaspoons</unit></amt>
          <item>Salt</item></ing>
        <ing>
          <amt>
            <qty>1</qty>
            <unit/></amt>
          <item>Egg; lightly beaten</item></ing>
        <ing>
          <amt>
            <qty>1/3</qty>
            <unit>cups</unit></amt>
          <item>Vegetable oil</item></ing>
        <ing>
          <amt>
            <qty>1</qty>
            <unit>tablespoon</unit></amt>
          <item>Vinegar</item></ing>
        <ing>
          <amt>
            <qty>1</qty>
            <unit>teaspoon</unit></amt>
          <item>Vanilla</item></ing></ing-div>
      <ing-div>
        <title>CREAMY MOCHA FROSTING</title>
        <ing>
          <amt>
            <qty>3</qty>
            <unit>tablespoons</unit></amt>
          <item>Softened butter</item></ing>
        <ing>
          <amt>
            <qty>1 1/2</qty>
            <unit>cups</unit></amt>
          <item>Sifted confectioners' sugar</item></ing>
        <ing>
          <amt>
            <qty>2</qty>
            <unit>tablespoons</unit></amt>
          <item>Powdered cocoa</item></ing>
        <ing>
          <amt>
            <qty>1</qty>
            <unit>teaspoon</unit></amt>
          <item>Instant powdered coffee</item></ing>
        <ing>
          <amt>
            <qty>1/2</qty>
            <unit>teaspoons</unit></amt>
          <item>Vanilla</item></ing>
        <ing>
          <amt>
            <qty>From:</qty>
            <unit/></amt>
          <item>Felicia Pickering &lt;MNHAN063@SIVM.SI.EDU&gt;</item></ing>
        <ing>
          <amt>
            <qty>Date:</qty>
            <unit/></amt>
          <item>Sat, 13 Jul 1996 16:57:05 EDT</item></ing></ing-div></ingredients>
    <directions>
      <step>  Preheat oven to 350 F.  Grease and flour a 9 x 9 x 2-inch pan.  Slice
  bananas into a blender.  Cover and blend on high speed until smooth.  Add
  coffee and blend again to mix.  In a large mixing bowl combine flour,
  sugar, cornstarch, cocoa, baking soda, and salt. Stir with a fork to mix.
  Make a well in center of dry ingredients. Add banana mixture, egg, oil,
  vinegar, and vanilla. Stir with a fork to blend well. Pour into prepared
  pan and bake for 30 minutes or until wooden toothpick inserted in center of
  cake comes out clean. Remove pan from oven and allow to cool on a wire rack
  for 10 minutes before reinverting the cake out of the pan onto the rack to
  finish cooling. When cool add frosting.
  
  Creamy Mocha Frosting: In a small mixing bowl using an electric mixer,
  cream butter. Gradually add remaining ingredients and mix until smooth.
  
  Yield:  9-inch square cake
  
  Recipe is from _The Banana Lover's Cookbook_ by Carol Lindquist.
  
  EAT-L Digest 12 July 96
  
  From the EAT-L recipe list.  Downloaded from Glen's MM Recipe Archive,
  http://www.erols.com/hosey.
 
</step></directions></recipe></recipeml>
