<?xml version="1.0" encoding="UTF-8"?>

<recipeml version="0.5">
  <recipe>
    <head>
      <title>Banana-Fudge Walnut Brownies</title>
      <categories>
        <cat>Cookie</cat></categories>
      <yield>16</yield></head>
    <ingredients>
      <ing>
        <amt>
          <qty>1/2</qty>
          <unit/></amt>
        <item>Stick butter</item></ing>
      <ing>
        <amt>
          <qty>1</qty>
          <unit>package</unit></amt>
        <item>(6-oz) semi-sweet chocolate chips</item></ing>
      <ing>
        <amt>
          <qty>3/4</qty>
          <unit>cups</unit></amt>
        <item>All-purpose flour</item></ing>
      <ing>
        <amt>
          <qty>1/2</qty>
          <unit>teaspoons</unit></amt>
        <item>Vanilla</item></ing>
      <ing>
        <amt>
          <qty>1/2</qty>
          <unit>cups</unit></amt>
        <item>Sugar</item></ing>
      <ing>
        <amt>
          <qty>1/4</qty>
          <unit>teaspoons</unit></amt>
        <item>Baking powder</item></ing>
      <ing>
        <amt>
          <qty>1/3</qty>
          <unit>cups</unit></amt>
        <item>Chopped walnuts</item></ing>
      <ing>
        <amt>
          <qty>1/4</qty>
          <unit>teaspoons</unit></amt>
        <item>Salt</item></ing>
      <ing>
        <amt>
          <qty>1/3</qty>
          <unit>cups</unit></amt>
        <item>Mashed ripe banana</item></ing>
      <ing>
        <amt>
          <qty>1</qty>
          <unit/></amt>
        <item>Egg</item></ing></ingredients>
    <directions>
      <step>  From: Aunt Salli &lt;honn@icanect.net&gt;
  
  Date: Sat, 27 Apr 1996 02:16:16 -0400
  
  Recipe By: Gold Medal
  
  Heat oven to 350. Grease bottom ONLY of 8-inch square pan.  Melt in 2-quart
  saucepan, over low heat, stirring constantly, the butter and chocolate
  chips. Beat in thoroughly with spoon the flour, vanilla, sugar, baking
  powder, walnuts, salt, banana and egg. Spread batter evenly in pan. Bake
  about 30 minutes or until center is set. Cut into 2-inch squares.
  
  MC-RECIPE@MASTERCOOK.COM
  
  MASTERCOOK RECIPES LIST SERVER
  
  MC-RECIPE DIGEST V1 #60
  
  From the MasterCook recipe list.  Downloaded from Glen's MM Recipe Archive,
  http://www.erols.com/hosey.
 
</step></directions></recipe></recipeml>
