<?xml version="1.0" encoding="UTF-8"?>

<recipeml version="0.5">
  <recipe>
    <head>
      <title>Banana-Carrot Sheet Cake</title>
      <categories>
        <cat>None</cat></categories>
      <yield>1</yield></head>
    <ingredients>
      <ing>
        <amt>
          <qty>1</qty>
          <unit>cup</unit></amt>
        <item>Chopped pecans</item></ing>
      <ing>
        <amt>
          <qty>1 1/2</qty>
          <unit>cups</unit></amt>
        <item>Grated carrots</item></ing>
      <ing>
        <amt>
          <qty>1 1/2</qty>
          <unit>cups</unit></amt>
        <item>Mashed bananas</item></ing>
      <ing>
        <amt>
          <qty>1/4</qty>
          <unit>cups</unit></amt>
        <item>Toasted coconut</item></ing>
      <ing>
        <amt>
          <qty>3</qty>
          <unit>cups</unit></amt>
        <item>All-purpose flour</item></ing>
      <ing>
        <amt>
          <qty>1</qty>
          <unit>teaspoon</unit></amt>
        <item>Baking soda</item></ing>
      <ing>
        <amt>
          <qty>1</qty>
          <unit>teaspoon</unit></amt>
        <item>Cinnamon</item></ing>
      <ing>
        <amt>
          <qty>1</qty>
          <unit>teaspoon</unit></amt>
        <item>Salt</item></ing>
      <ing>
        <amt>
          <qty>1/2</qty>
          <unit>teaspoons</unit></amt>
        <item>Ground cloves</item></ing>
      <ing>
        <amt>
          <qty>1/2</qty>
          <unit>teaspoons</unit></amt>
        <item>Mace</item></ing>
      <ing>
        <amt>
          <qty>1 1/2</qty>
          <unit>cups</unit></amt>
        <item>Packed light brown sugar</item></ing>
      <ing>
        <amt>
          <qty>1</qty>
          <unit>cup</unit></amt>
        <item>Unsalted butter;  softened</item></ing>
      <ing>
        <amt>
          <qty>3</qty>
          <unit/></amt>
        <item>Eggs</item></ing>
      <ing>
        <amt>
          <qty>1</qty>
          <unit>tablespoon</unit></amt>
        <item>Vanilla</item></ing>
      <ing>
        <amt>
          <qty>3/4</qty>
          <unit>cups</unit></amt>
        <item>Milk</item></ing>
      <ing>
        <amt>
          <qty/>
          <unit/></amt>
        <item>Banana Cream Cheese Frosting (recipe</item></ing>
      <ing>
        <amt>
          <qty/>
          <unit/></amt>
        <item>Follows) or Confectioners' sugar</item></ing></ingredients>
    <directions>
      <step>  Preheat oven to 350 degrees. Grease and flour a 13- x 9- x 2-inch baking
  pan. In a bowl mix together the pecans, carrots, bananas, and coconut. Sift
  together the flour, baking soda, cinnamon, salt, cloves, and mace. Set
  aside. In a large bowl beat the brown sugar and butter until light and
  fluffy. Add the eggs and beat until smooth. Add the vanilla to the milk.
  Beat the milk mixture into the sugar mixture, 1/3 at a time, alternating
  with dry ingredients, beginning and ending with the dry ingredients. Fold
  in the carrot/banana mixture until just incorporated. Pour into the
  prepared pan and bake in the middle of the oven 30 to 35 minutes, or until
  a toothpick inserted into center comes out clean. Cool the cake completely,
  and then frost with cream cheese frosting or dust with sugar. Cut into 24
  squares. The cake, frosted or not, freezes wrapped in plastic wrap. Yield:
        1    cake
  Posted to EAT-L Digest 27 Sep 96
  
  Date:    Fri, 27 Sep 1996 21:27:43 -0500
  
  From:    Jackie Bordelon &lt;jbord@PREMIER.NET&gt;
  
  NOTES : NATHALIE DUPREE COOKS #ND7111
 
</step></directions></recipe></recipeml>
