<?xml version="1.0" encoding="UTF-8"?>

<recipeml version="0.5">
  <recipe>
    <head>
      <title>Banana-Nut Bread</title>
      <categories>
        <cat>New</cat>
        <cat>Text</cat>
        <cat>Import</cat></categories>
      <yield>1</yield></head>
    <ingredients>
      <ing>
        <amt>
          <qty>1/2</qty>
          <unit>cups</unit></amt>
        <item>Butter</item></ing>
      <ing>
        <amt>
          <qty>1</qty>
          <unit>cup</unit></amt>
        <item>Sugar</item></ing>
      <ing>
        <amt>
          <qty>2</qty>
          <unit/></amt>
        <item>Eggs</item></ing>
      <ing>
        <amt>
          <qty>1/2</qty>
          <unit>teaspoons</unit></amt>
        <item>Salt</item></ing>
      <ing>
        <amt>
          <qty>1</qty>
          <unit>teaspoon</unit></amt>
        <item>Vanilla</item></ing>
      <ing>
        <amt>
          <qty>1</qty>
          <unit>teaspoon</unit></amt>
        <item>Baking Soda</item></ing>
      <ing>
        <amt>
          <qty>2</qty>
          <unit>cups</unit></amt>
        <item>All-Purpose Flour</item></ing>
      <ing>
        <amt>
          <qty>3</qty>
          <unit/></amt>
        <item>Bananas, Mashed</item></ing>
      <ing>
        <amt>
          <qty>1/2</qty>
          <unit>cups</unit></amt>
        <item>Pecans, Chopped</item></ing></ingredients>
    <directions>
      <step>  Preheat oven to 300-degrees. Cream butter and sugar together in a large
  bowl. Stir in eggs, salt and vanilla. Sift together the soda and flour and
  add to creamed mixture. Add bananas and nuts, mixing well. Pour into a
  greased 9x5x3-inch loaf pan and bake at 300-degrees for one hour or until
  bread tests done. Serve immediately or wrap and store in an airtight
  container while still warm
  Posted to MC-Recipe Digest V1 #203
  
  Date: Sat, 17 Aug 1996 01:19:29 -0400
  
  From: kathy &lt;jbird21@mindspring.com&gt;
  NOTES : Category: Bread
       Main Ingredient: Bananas
       Servings: 1
       Notes: Serving size is in loave
 
</step></directions></recipe></recipeml>
