<?xml version="1.0" encoding="UTF-8"?>

<recipeml version="0.5">
  <recipe>
    <head>
      <title>Banana-Nut Skillet Scones</title>
      <categories>
        <cat>Biscuits/</cat>
        <cat>Scones/</cat>
        <cat>Muffins</cat></categories>
      <yield>25</yield></head>
    <ingredients>
      <ing>
        <amt>
          <qty>2</qty>
          <unit/></amt>
        <item>Bananas; (very ripe)</item></ing>
      <ing>
        <amt>
          <qty>2</qty>
          <unit/></amt>
        <item>Cartons; 6-oz, banana yogurt</item></ing>
      <ing>
        <amt>
          <qty>3 1/2</qty>
          <unit>cups</unit></amt>
        <item>All-purpose flour</item></ing>
      <ing>
        <amt>
          <qty>3/4</qty>
          <unit>cups</unit></amt>
        <item>Granulated sugar</item></ing>
      <ing>
        <amt>
          <qty>1</qty>
          <unit>tablespoon</unit></amt>
        <item>Baking powder</item></ing>
      <ing>
        <amt>
          <qty>1</qty>
          <unit>teaspoon</unit></amt>
        <item>Baking soda</item></ing>
      <ing>
        <amt>
          <qty>1/4</qty>
          <unit>teaspoons</unit></amt>
        <item>Salt</item></ing>
      <ing>
        <amt>
          <qty>10</qty>
          <unit>tablespoons</unit></amt>
        <item>(1 1/4 sticks) Cold Butter; plus more for the skillet</item></ing>
      <ing>
        <amt>
          <qty>1</qty>
          <unit>cup</unit></amt>
        <item>Chopped walnuts or pecans</item></ing></ingredients>
    <directions>
      <step>  Mash bananas in small bowl; stir in yogurt and set aside. In a separate
  bowl, stir together flour, sugar, baking powder, baking soda and salt. Cut
  in 10 tablespoons butter with pastry blender until mixture resembles coarse
  meal. Add yogurt mixture; stir just until moistened. Stir in nuts. Turn out
  onto well floured surface; knead 3 or 4 times, just until dough holds
  together. Pat into a sqare about 1/2 inch thick. Cut into 2
  1/2-inch-squares (dough will be very soft.)
  
  Heat a large nonstick skillet or griddle over medium heat; lightly butter
  skillet. Use a spatula or turner to lift scones onto griddle; do not crowd.
  Cover and cook until bottoms are lightly browned and tops begin to dry,
  about 4-5 minutes. Turn, add more butter if desired, and cook on other side
  until golden, about 3 minutes Serve warm with butter and honey.
  
  Per serving: 87 Calories; less than one gram Fat (2% calories from fat); 2g
  Protein; 19g Carbohydrate; 0mg Cholesterol; 116mg Sodium
  
  Recipe by: Jack and Mary Billings - St. Louis Post Dispatch
  
  Posted to MC-Recipe Digest V1 #1030 by Lisa Minor &lt;lisa@cybermill.com&gt; on
  Jan 22, 1998
 
</step></directions></recipe></recipeml>
