<?xml version="1.0" encoding="UTF-8"?>

<recipeml version="0.5">
  <recipe>
    <head>
      <title>Banana-Fudge Ripple Cake</title>
      <categories>
        <cat>Cakes</cat>
        <cat>Desserts</cat>
        <cat>Holidays</cat>
        <cat>Health</cat></categories>
      <yield>16</yield></head>
    <ingredients>
      <ing>
        <amt>
          <qty>3/4</qty>
          <unit>cups</unit></amt>
        <item>Firmly packed brown sugar</item></ing>
      <ing>
        <amt>
          <qty>1/2</qty>
          <unit>cups</unit></amt>
        <item>Sugar</item></ing>
      <ing>
        <amt>
          <qty>1/4</qty>
          <unit>cups</unit></amt>
        <item>Vegetable oil</item></ing>
      <ing>
        <amt>
          <qty>1</qty>
          <unit>cup</unit></amt>
        <item>Mashed ripe banana</item></ing>
      <ing>
        <amt>
          <qty>2</qty>
          <unit/></amt>
        <item>Eggs</item></ing>
      <ing>
        <amt>
          <qty>3</qty>
          <unit>cups</unit></amt>
        <item>All-purpose flour</item></ing>
      <ing>
        <amt>
          <qty>1 1/2</qty>
          <unit>teaspoons</unit></amt>
        <item>Baking soda</item></ing>
      <ing>
        <amt>
          <qty>1/2</qty>
          <unit>cups</unit></amt>
        <item>Skim milk</item></ing>
      <ing>
        <amt>
          <qty>1</qty>
          <unit>tablespoon</unit></amt>
        <item>Skim milk</item></ing>
      <ing>
        <amt>
          <qty>2</qty>
          <unit>teaspoons</unit></amt>
        <item>Vanilla extract</item></ing>
      <ing>
        <amt>
          <qty>1/3</qty>
          <unit>cups</unit></amt>
        <item>Chocolate-flavored syrup</item></ing>
      <ing>
        <amt>
          <qty>2</qty>
          <unit>tablespoons</unit></amt>
        <item>Unsweetened cocoa</item></ing>
      <ing>
        <amt>
          <qty/>
          <unit/></amt>
        <item>Vegetable cooking spray</item></ing>
      <ing>
        <amt>
          <qty>1/2</qty>
          <unit>cups</unit></amt>
        <item>Sifted powdered sugar</item></ing>
      <ing>
        <amt>
          <qty>1</qty>
          <unit>tablespoon</unit></amt>
        <item>Skim milk</item></ing>
      <ing>
        <amt>
          <qty>1</qty>
          <unit>tablespoon</unit></amt>
        <item>Unsweetened cocoa</item></ing></ingredients>
    <directions>
      <step>  Combine first 3 ingredients in a bowl, beating at medium speed of an
  electric mixer. Add banana; beat well. Add eggs, 1 at a time, beating after
  each addition. Combine flour and soda; add to sugar mixture alternately
  with milk, beginning and ending with flour mixture. Mix after each
  addition. Stir in vanilla. Reserve 1-1/2 cups batter, and set aside.
  Combine 1 cup batter, syrup and cocoa; stir well. Pour remaining
  light-colored batter into a 12-cup Bundt pan coated with cooking spray.
  Spoon chocolate batter over batter in pan. Pour reserved light-colored
  batter over chocolate batter. Bake at 350 degrees for 45 minutes or until a
  wooden pick inserted in center comes out clean. Cool in pan 10 minutes;
  remove from pan. Cool on a wire rack. Combine powdered sugar and next 2
  ingredients; stir well. Drizzle over cake. Yield: 16 servings (serving
  size: 1 slice). 234 calories (18% from fat), 4.6 g fat (1 g sat, 1.3 g
  mono, 1.8 g poly), 27 mg cholesterol and 98 mg sodium. Source: Cooking
  Light Magazine - Sep/Oct, 1992 From: Dottie Cross TMPJ72B Reformatted for
  MM by CLM, HCPM52C
  
  From Gemini's MASSIVE MealMaster collection at www.synapse.com/~gemini
 
</step></directions></recipe></recipeml>
