<?xml version="1.0" encoding="UTF-8"?>

<recipeml version="0.5">
  <recipe>
    <head>
      <title>Banana-Peanut Butter Bread</title>
      <categories>
        <cat>None</cat></categories>
      <yield>1</yield></head>
    <ingredients>
      <ing>
        <amt>
          <qty>4</qty>
          <unit/></amt>
        <item>Medium; extra-ripe bananas, peeled</item></ing>
      <ing>
        <amt>
          <qty>1/3</qty>
          <unit>cups</unit></amt>
        <item>Chunky peanut butter</item></ing>
      <ing>
        <amt>
          <qty>1/4</qty>
          <unit>cups</unit></amt>
        <item>Softened butter</item></ing>
      <ing>
        <amt>
          <qty>2</qty>
          <unit/></amt>
        <item>Eggs</item></ing>
      <ing>
        <amt>
          <qty>2</qty>
          <unit>cups</unit></amt>
        <item>Flour</item></ing>
      <ing>
        <amt>
          <qty>1/2</qty>
          <unit>cups</unit></amt>
        <item>Sugar</item></ing>
      <ing>
        <amt>
          <qty>1</qty>
          <unit>teaspoon</unit></amt>
        <item>Baking soda</item></ing>
      <ing>
        <amt>
          <qty>1/4</qty>
          <unit>teaspoons</unit></amt>
        <item>Salt</item></ing></ingredients>
    <directions>
      <step>  Here is a terrific loaf of bread that tastes good throughout the entire
  meal-- including the dessert course, which it might well replace. It
  combines two flavors that go well together: peanut butter and bananas.
  
  1. Slice bananas into a blender. Puree until smooth.
  
  2. Beat peanut butter and butter together until smooth. Beat in eggs, then
  bananas until well blended.
  
  3. Combine all dry ingredients, then add to banana mixture, beating in a
  little at a time, until completely blended.
  
  4. Pour batter into nine-by-five-inch loaf pan. Bake in preheated 350
  degree F. oven 50 minutes, or until a wooden pick inserted into loaf comes
  out clean.
  
  5. Cool 10 minutes in pan, then turn onto wire rack to complete cooling.
  Makes one loaf.
  
  Posted to recipelu-digest by "Joe" &lt;Broutek@worldnet.att.net&gt; on Mar 2,
  1998
 
</step></directions></recipe></recipeml>
