<?xml version="1.0" encoding="UTF-8"?>

<recipeml version="0.5">
  <recipe>
    <head>
      <title>Banadura Salata Bil Kizbara (Tomato and Coriander Salad)</title>
      <categories>
        <cat>Salads</cat>
        <cat>Yemani</cat></categories>
      <yield>6</yield></head>
    <ingredients>
      <ing>
        <amt>
          <qty>6</qty>
          <unit>medium</unit></amt>
        <item>Tomatoes (firm)</item></ing>
      <ing>
        <amt>
          <qty>1/2</qty>
          <unit>cups</unit></amt>
        <item>Chopped coriander leaves</item></ing>
      <ing>
        <amt>
          <qty>1</qty>
          <unit>small</unit></amt>
        <item>Hot chili;  -OR- Freshly ground black pepper</item></ing>
      <ing>
        <amt>
          <qty>1/2</qty>
          <unit/></amt>
        <item>Lemon; juiced</item></ing>
      <ing>
        <amt>
          <qty/>
          <unit/></amt>
        <item>Salt</item></ing>
      <ing>
        <amt>
          <qty>1/4</qty>
          <unit>cups</unit></amt>
        <item>Olive oil</item></ing></ingredients>
    <directions>
      <step>  Peel tomatoes by placing in a bowl and pouring boiling water over them.
  Pour off water after 10 seconds and peel off skins.
  
  Slice tomatoes into a bowl and sprinkle with chopped coriander. If using
  chili, cut off stalk, slit open and remove seeds. Take care that you do not
  put fingers near eyes or mouth. Chop chili finely. Otherwise use plenty of
  black pepper.
  
  Combine chopped chili or pepper with lemon juice and about 1 teaspoon salt.
  Beat in 1/4 cup olive oil. Pour over tomatoes and leave for 15 minutes
  before serving.
  
  Source: The Complete Middle East Cookbook by Tess Mallos Typed for you by
  Karen Mintzias
  
  File ftp://ftp.idiscover.co.uk/pub/food/mealmaster/recipes/mmdjaxxx.zip
 
</step></directions></recipe></recipeml>
