<?xml version="1.0" encoding="UTF-8"?>

<recipeml version="0.5">
  <recipe>
    <head>
      <title>Banana-Blueberry Muffins</title>
      <categories>
        <cat>Muffins &amp;</cat>
        <cat>Coffee</cat>
        <cat>Break</cat></categories>
      <yield>10</yield></head>
    <ingredients>
      <ing>
        <amt>
          <qty>1 1/3</qty>
          <unit>cups</unit></amt>
        <item>All-purpose flour</item></ing>
      <ing>
        <amt>
          <qty>2/3</qty>
          <unit>cups</unit></amt>
        <item>Whole-wheat flour</item></ing>
      <ing>
        <amt>
          <qty>2</qty>
          <unit>teaspoons</unit></amt>
        <item>Baking powder</item></ing>
      <ing>
        <amt>
          <qty>1/4</qty>
          <unit>teaspoons</unit></amt>
        <item>Baking soda</item></ing>
      <ing>
        <amt>
          <qty>1/2</qty>
          <unit>teaspoons</unit></amt>
        <item>Salt</item></ing>
      <ing>
        <amt>
          <qty>2</qty>
          <unit>teaspoons</unit></amt>
        <item>Ground cinnamon</item></ing>
      <ing>
        <amt>
          <qty>1/2</qty>
          <unit>teaspoons</unit></amt>
        <item>Nutmeg</item></ing>
      <ing>
        <amt>
          <qty>3/4</qty>
          <unit>cups</unit></amt>
        <item>Blueberries; fresh</item></ing>
      <ing>
        <amt>
          <qty>7</qty>
          <unit>tablespoons</unit></amt>
        <item>Unsalted butter; softened</item></ing>
      <ing>
        <amt>
          <qty>2/3</qty>
          <unit>cups</unit></amt>
        <item>Granulated sugar</item></ing>
      <ing>
        <amt>
          <qty>1</qty>
          <unit>large</unit></amt>
        <item>Egg</item></ing>
      <ing>
        <amt>
          <qty>1 1/2</qty>
          <unit>teaspoons</unit></amt>
        <item>Vanilla extract</item></ing>
      <ing>
        <amt>
          <qty>3/4</qty>
          <unit>cups</unit></amt>
        <item>Banana; mashed</item></ing>
      <ing>
        <amt>
          <qty>1/4</qty>
          <unit>cups</unit></amt>
        <item>Nonfat buttermilk</item></ing></ingredients>
    <directions>
      <step>  Preheat the oven to 400 degrees. Lightly coat the inside of muffin-pan cups
  with nonstick cookware spray.
  
  Whisk together the all-purpose flour, whole-wheat flour, baking powder,
  baking soda, salt, cinnamon and nutmeg. Toss the blueberries with 2
  teaspoons of the flour mixture and set aside.
  
  Beat the butter in the large bowl of an electric mixer on moderate speed
  for 4 minutes. Add the sugar, increase the speed to moderately high and
  beat for 2 minutes. Beat in the egg and vanilla extract. Beat in the mashed
  bananas (the mixture will look slightly curdled), half the flour mixture,
  the buttermilk, then the balance of the flour mixture. By hand, fold in the
  blueberries.
  
  Divide the batter among the muffin cups. Bake the muffins in the preheated
  oven for about 20 minutes, or until plump and a wooden pick inserted in the
  center withdraws clean.
  
  Let the muffins stand in the pan on a cooling rack for 4 to 5 minutes, then
  carefully remove them to another rack.
  Posted to EAT-L Digest  by LDGOSS &lt;LDGOSS@PRODIGY.NET&gt; on Jan 14, 1998
 
</step></directions></recipe></recipeml>
