<?xml version="1.0" encoding="UTF-8"?>

<recipeml version="0.5">
  <recipe>
    <head>
      <title>Banana-Pineapple Rum Bread</title>
      <categories>
        <cat>Fruits</cat>
        <cat>Nuts</cat>
        <cat>Quick bread</cat></categories>
      <yield>12</yield></head>
    <ingredients>
      <ing>
        <amt>
          <qty>1/2</qty>
          <unit>cups</unit></amt>
        <item>White Rum</item></ing>
      <ing>
        <amt>
          <qty>1/2</qty>
          <unit>cups</unit></amt>
        <item>Dried Pineapple -- diced</item></ing>
      <ing>
        <amt>
          <qty>4</qty>
          <unit>tablespoons</unit></amt>
        <item>Butter, Unsalted</item></ing>
      <ing>
        <amt>
          <qty>3/4</qty>
          <unit>cups</unit></amt>
        <item>Sugar</item></ing>
      <ing>
        <amt>
          <qty>1</qty>
          <unit/></amt>
        <item>Extra Large</item></ing>
      <ing>
        <amt>
          <qty>2</qty>
          <unit>large</unit></amt>
        <item>Bananas, Very Ripe --</item></ing>
      <ing>
        <amt>
          <qty/>
          <unit/></amt>
        <item>Mashed</item></ing>
      <ing>
        <amt>
          <qty>1/3</qty>
          <unit>cups</unit></amt>
        <item>Plain Yogurt</item></ing>
      <ing>
        <amt>
          <qty>2</qty>
          <unit>cups</unit></amt>
        <item>All-Purpose Flour</item></ing>
      <ing>
        <amt>
          <qty>1/2</qty>
          <unit>tablespoons</unit></amt>
        <item>Baking Powder</item></ing>
      <ing>
        <amt>
          <qty>1/2</qty>
          <unit>tablespoons</unit></amt>
        <item>Baking Soda</item></ing>
      <ing>
        <amt>
          <qty>1</qty>
          <unit>teaspoon</unit></amt>
        <item>Ground Cinnamon</item></ing>
      <ing>
        <amt>
          <qty>1</qty>
          <unit>teaspoon</unit></amt>
        <item>Ground Nutmeg</item></ing>
      <ing>
        <amt>
          <qty>1</qty>
          <unit>teaspoon</unit></amt>
        <item>Ground Allspice</item></ing>
      <ing>
        <amt>
          <qty>1/2</qty>
          <unit>teaspoons</unit></amt>
        <item>Salt</item></ing>
      <ing>
        <amt>
          <qty>1/2</qty>
          <unit>cups</unit></amt>
        <item>Pecans -- chopped</item></ing>
      <ing>
        <amt>
          <qty/>
          <unit/></amt>
        <item>Egg</item></ing></ingredients>
    <directions>
      <step>  Liberally grease a 9-inch loaf pan. Preheat oven to 350 degrees. Place the
  rum and pineapple in a bowl and let sit, covered for at least one hour. In
  the bowl of a mixer (or by hand), beat together the butter and sugar. Add
  the eggs and continue beating until light and fluffy, scraping down the
  sides of the bowl as necessary. Add the bananas and beat in, mixing well.
  Beat in the yogurt; do not be alarmed if mixture curdles. In a mixing bowl,
  combine the flour, baking powder, baking soda, cinnamon, nutmeg, allspice
  and salt. Add to the bowl and mix until well blended. Drain the pineapple
  and fold in the pecans. Transfer batter to a 9-inch loaf pan and bake for
  45 to 55 minutes or until the bread passes the toothpick test. Remove the
  pan from the oven and let it sit for 10 minutes, before turning out on a
  rack to cool. Per serving: 248 calories, 7.8 grams fat.
  
  Recipe By     : The Herald (8/24/95)
  
  File ftp://ftp.idiscover.co.uk/pub/food/mealmaster/recipes/mmdja006.zip
 
</step></directions></recipe></recipeml>
