<?xml version="1.0" encoding="UTF-8"?>

<recipeml version="0.5">
  <recipe>
    <head>
      <title>Banana-Brownies, Lo Cal</title>
      <categories>
        <cat>Bananas</cat>
        <cat>Brownies</cat>
        <cat>Low-fat/low</cat>
        <cat>Bars</cat></categories>
      <yield>16</yield></head>
    <ingredients>
      <ing>
        <amt>
          <qty>1</qty>
          <unit>cup</unit></amt>
        <item>Flour; all purpose</item></ing>
      <ing>
        <amt>
          <qty>1/4</qty>
          <unit>cups</unit></amt>
        <item>Nonfat dry milk powder</item></ing>
      <ing>
        <amt>
          <qty>1/4</qty>
          <unit>teaspoons</unit></amt>
        <item>Salt</item></ing>
      <ing>
        <amt>
          <qty>1</qty>
          <unit>cup</unit></amt>
        <item>Sugar</item></ing>
      <ing>
        <amt>
          <qty>1/4</qty>
          <unit>cups</unit></amt>
        <item>Buttermilk</item></ing>
      <ing>
        <amt>
          <qty>1/3</qty>
          <unit>cups</unit></amt>
        <item>Cocoa; unsweetened</item></ing>
      <ing>
        <amt>
          <qty>1/4</qty>
          <unit>teaspoons</unit></amt>
        <item>Baking soda</item></ing>
      <ing>
        <amt>
          <qty>1</qty>
          <unit>large</unit></amt>
        <item>Banana; ripe</item></ing>
      <ing>
        <amt>
          <qty>2</qty>
          <unit>large</unit></amt>
        <item>Egg whites</item></ing>
      <ing>
        <amt>
          <qty>1</qty>
          <unit>teaspoon</unit></amt>
        <item>Vanilla</item></ing></ingredients>
    <directions>
      <step>  Preheat oven 350F. Coat 9 in. square baking pan with vegetable cooking
  spray.  Combine flour, cocoa, milk powder, baking soda and salt in bowl.
  Puree banana, sugar, egg whites, buttermilk and vanilla in food processor
  until smooth.  Add dry ingredients and pulse just until blended. Pour into
  prepared pan.  Bake 25 minutes or until toothpick comes out clean. Cut into
        2    in. squares.
  Posted to MC-Recipe Digest V1 #250
  
  Date: Fri, 18 Oct 1996 06:00:23 +0000
  
  From: Patti McCoy &lt;patti-will-mccoy@postoffice.worldnet.att.net&gt;
 
</step></directions></recipe></recipeml>
