<?xml version="1.0" encoding="UTF-8"?>

<recipeml version="0.5">
  <recipe>
    <head>
      <title>Banana-Crunch Bread</title>
      <categories>
        <cat>Breads/</cat>
        <cat>Banana</cat></categories>
      <yield>1</yield></head>
    <ingredients>
      <ing>
        <amt>
          <qty>2</qty>
          <unit>cups</unit></amt>
        <item>All-purpose flour</item></ing>
      <ing>
        <amt>
          <qty>1</qty>
          <unit>cup</unit></amt>
        <item>Sugar</item></ing>
      <ing>
        <amt>
          <qty>2</qty>
          <unit>teaspoons</unit></amt>
        <item>Baking powder</item></ing>
      <ing>
        <amt>
          <qty>1</qty>
          <unit>teaspoon</unit></amt>
        <item>Salt</item></ing>
      <ing>
        <amt>
          <qty>1/2</qty>
          <unit>cups</unit></amt>
        <item>(1 stick) cold butter or margarine, cut in pieces</item></ing>
      <ing>
        <amt>
          <qty>1</qty>
          <unit>cup</unit></amt>
        <item>Mashed ripe bananas (about 2 large bananas)</item></ing>
      <ing>
        <amt>
          <qty>1</qty>
          <unit>cup</unit></amt>
        <item>Coarsely chopped walnuts</item></ing>
      <ing>
        <amt>
          <qty>1/4</qty>
          <unit>cups</unit></amt>
        <item>Finely chopped candied ginger</item></ing>
      <ing>
        <amt>
          <qty>2</qty>
          <unit/></amt>
        <item>Eggs</item></ing>
      <ing>
        <amt>
          <qty>1</qty>
          <unit>teaspoon</unit></amt>
        <item>Vanilla crunch topping-------</item></ing>
      <ing>
        <amt>
          <qty>1/2</qty>
          <unit>cups</unit></amt>
        <item>All-purpose flour</item></ing>
      <ing>
        <amt>
          <qty>1/4</qty>
          <unit>cups</unit></amt>
        <item>Sugar</item></ing>
      <ing>
        <amt>
          <qty>1/4</qty>
          <unit>cups</unit></amt>
        <item>(1/2 stick) butter or margarine, melted</item></ing>
      <ing>
        <amt>
          <qty>3/4</qty>
          <unit>teaspoons</unit></amt>
        <item>Ground cinnamon</item></ing>
      <ing>
        <amt>
          <qty>2</qty>
          <unit>tablespoons</unit></amt>
        <item>Confectioners’ sugar</item></ing></ingredients>
    <directions>
      <step>  Makes 1 loaf (12 slices) for $3.82.
  
  1. Heat oven to 350-F Grease 9 x 5 x 3-inch loaf pan.*
  
  2. Combine flour, sugar, baking powder and salt in large bowl. With pastry
  blender or 2 knives used scissor fashion, cut in butter until mixture
  resembles coarse crumbs. Stir in bananas, walnuts, ginger, eggs and vanilla
  until mixture is just moistened. Spoon batter evenly into prepared pan.
  
  3. Prepare crunch topping: Combine flour, sugar, butter and cinnamon in a
  small bowl. Sprinkle evenly over batter.
  
  4. Bake in 350-F oven for 70 minutes or until wooden pick inserted in
  center comes out clean. If bread begins to brown too quickly, cover loosely
  with foil. Cool bread in pan 10 minutes. Remove bread from pan to wire rack
  to cool completely. Sprinkle cooled bfead with confectioners' sugar.
  
  *For Muffins: Grease twelve 4 1/2 X 2 1/2-inch muffin-pan cups. Bake at
  350-F for 20 minutes or until wooden pick inserted in center comes out
  clean.
  
  MC Busted by Martha Hicks
  Posted to MC-Recipe Digest V1 #922 by "Nitro_II "
  &lt;Nitro_II@classic.msn.com&gt; on Nov 25, 97
 
</step></directions></recipe></recipeml>
