<?xml version="1.0" encoding="UTF-8"?>

<recipeml version="0.5">
  <recipe>
    <head>
      <title>Banana-Orange Cream Pie</title>
      <categories>
        <cat>Pies</cat></categories>
      <yield>6</yield></head>
    <ingredients>
      <ing>
        <amt>
          <qty>1</qty>
          <unit/></amt>
        <item>9 inch pie crust; baked</item></ing>
      <ing>
        <amt>
          <qty>3</qty>
          <unit/></amt>
        <item>Bananas</item></ing>
      <ing>
        <amt>
          <qty>1</qty>
          <unit>cup</unit></amt>
        <item>Sour cream</item></ing>
      <ing>
        <amt>
          <qty>1</qty>
          <unit>cup</unit></amt>
        <item>Milk</item></ing>
      <ing>
        <amt>
          <qty/>
          <unit/></amt>
        <item>Instant vanilla pudding mix; family size</item></ing>
      <ing>
        <amt>
          <qty>1</qty>
          <unit>tablespoon</unit></amt>
        <item>Margarine; melted</item></ing>
      <ing>
        <amt>
          <qty>2</qty>
          <unit>tablespoons</unit></amt>
        <item>Orange marmalade; melted</item></ing></ingredients>
    <directions>
      <step>     Spread the orange marmalade evenly and in a thin layer in baked pie
  crust. You can also use apricot preserves with tasty results. Use
  thoroughly ripened bananas. Slice the bananas on top of the marmalade.
     Combine sour cream and milk; stir in pudding mix. Blend until smooth and
  slightly thick. Mix in the melted margarine.
     Pour over the bananas. Chill.
  
  Recipe By     : Jo Anne Merrill
  
  Posted to EAT-L Digest 23 Sep 96
  
  Date:    Tue, 24 Sep 1996 03:27:22 -0500
  
  From:    LD Goss &lt;ldgoss@METRONET.COM&gt;
  
  Serving Ideas : Serve topped with whipped cream.
 
</step></directions></recipe></recipeml>
