<?xml version="1.0" encoding="UTF-8"?>

<recipeml version="0.5">
  <recipe>
    <head>
      <title>Banana-Brownie Cake</title>
      <categories>
        <cat>Cake</cat></categories>
      <yield>16</yield></head>
    <ingredients>
      <ing>
        <amt>
          <qty>1</qty>
          <unit>cup</unit></amt>
        <item>All-purpose flour</item></ing>
      <ing>
        <amt>
          <qty>1/3</qty>
          <unit>cups</unit></amt>
        <item>Unsweetened cocoa</item></ing>
      <ing>
        <amt>
          <qty>1/4</qty>
          <unit>cups</unit></amt>
        <item>Nonfat dry milk powder</item></ing>
      <ing>
        <amt>
          <qty>1/4</qty>
          <unit>teaspoons</unit></amt>
        <item>Baking soda</item></ing>
      <ing>
        <amt>
          <qty>1/4</qty>
          <unit>teaspoons</unit></amt>
        <item>Salt</item></ing>
      <ing>
        <amt>
          <qty>1</qty>
          <unit/></amt>
        <item>Large; very ripe banana</item></ing>
      <ing>
        <amt>
          <qty>1</qty>
          <unit>cup</unit></amt>
        <item>Sugar</item></ing>
      <ing>
        <amt>
          <qty>2</qty>
          <unit>large</unit></amt>
        <item>Egg whites</item></ing>
      <ing>
        <amt>
          <qty>1/4</qty>
          <unit>cups</unit></amt>
        <item>Buttermilk</item></ing>
      <ing>
        <amt>
          <qty>1</qty>
          <unit>teaspoon</unit></amt>
        <item>Vanilla extract</item></ing></ingredients>
    <directions>
      <step>  From: hz225wu@unidui.uni-duisburg.de (Micaela Pantke)
  
  Date: Thu, 12 Aug 93 09:26:15 +0200
  
  From: thull@skidmore.edu (Terri Hull)
  Preheat oven to 350 F. Coat 9 inch square baking pan with vegetable cooking
  spray. Combine flour, cocoa, milk powder, baking soda and salt in bowl.
  Puree banana, sugar, egg whites, buttermilk and vanilla in food processor
  until smooth. Add dry ingredients and pulse just until blended. Pour into
  prepared pan. Bake 25 minutes or until toothpick inserted in center comes
  out just clean. Cool on wire rack. Cut into 2 inch squares. Makes 16. 65
  cal, 1 gm protein, 0 gm fat, 15 gm carbs, 42 mg sodium
  
  Notes: As a substitute for the buttermilk, take some non-fat yogurt and
  dilute it with skim milk to buttermilk consistency. Use same amount total,
  ~ 1/4 cup. It's probably about 1/8 cup yogurt + 1/8 cup milk??
  
  REC.FOOD.RECIPES ARCHIVES
  
  /CAKES
  
  From rec.food.cooking archives.  Downloaded from Glen's MM Recipe Archive,
  http://www.erols.com/hosey.
 
</step></directions></recipe></recipeml>
