<?xml version="1.0" encoding="UTF-8"?>

<recipeml version="0.5">
  <recipe>
    <head>
      <title>Banana-Coconut Bake</title>
      <categories>
        <cat>Desserts</cat>
        <cat>African</cat></categories>
      <yield>6</yield></head>
    <ingredients>
      <ing>
        <amt>
          <qty>5</qty>
          <unit>medium</unit></amt>
        <item>Bananas</item></ing>
      <ing>
        <amt>
          <qty>1</qty>
          <unit>tablespoon</unit></amt>
        <item>Margarine or butter</item></ing>
      <ing>
        <amt>
          <qty>1/3</qty>
          <unit>cups</unit></amt>
        <item>Orange juice</item></ing>
      <ing>
        <amt>
          <qty>1</qty>
          <unit>tablespoon</unit></amt>
        <item>Lemon juice</item></ing>
      <ing>
        <amt>
          <qty>3</qty>
          <unit>tablespoons</unit></amt>
        <item>Brown sugar, packed</item></ing>
      <ing>
        <amt>
          <qty>2/3</qty>
          <unit>cups</unit></amt>
        <item>Shredded coconut</item></ing></ingredients>
    <directions>
      <step>  Heat oven to 375F. Cut bananas crosswise into halves. Cut each half
  lengthwise into halves and arrange in greased 9-inch pie plate. Dot with
  margarine and drizzle with orange and lemon juices. Sprinkle with brown
  sugar and coconut. Bake until coconut is golden, 8 to 10 minutes.
  
  File ftp://ftp.idiscover.co.uk/pub/food/mealmaster/recipes/mmdjaxxx.zip
 
</step></directions></recipe></recipeml>
