<?xml version="1.0" encoding="UTF-8"?>

<recipeml version="0.5">
  <recipe>
    <head>
      <title>Banana-Papaya Fool</title>
      <categories>
        <cat>None</cat></categories>
      <yield>8</yield></head>
    <ingredients>
      <ing>
        <amt>
          <qty>2</qty>
          <unit/></amt>
        <item>Ripe bananas; peeled and cut into 1/2-inch dice</item></ing>
      <ing>
        <amt>
          <qty>1</qty>
          <unit/></amt>
        <item>Papaya; peeled, halved, seeded, and cut into 1/2 inch dice</item></ing>
      <ing>
        <amt>
          <qty>1</qty>
          <unit>tablespoon</unit></amt>
        <item>Dark rum</item></ing>
      <ing>
        <amt>
          <qty>2</qty>
          <unit>tablespoons</unit></amt>
        <item>Plus 1/4 cup granulated white sugar</item></ing>
      <ing>
        <amt>
          <qty>1</qty>
          <unit>cup</unit></amt>
        <item>Heavy cream</item></ing>
      <ing>
        <amt>
          <qty>1/2</qty>
          <unit>pints</unit></amt>
        <item>Raspberries</item></ing>
      <ing>
        <amt>
          <qty>1/2</qty>
          <unit>cups</unit></amt>
        <item>Toasted coconut</item></ing></ingredients>
    <directions>
      <step>  In a medium bowl, mix banana, papaya, rum, and 2 tablespoons sugar. Puree
  half of this mixture in a food processor fitted with a metal blade; return
  puree to bowl and mix it with remaining diced fruit. Whip cream to soft
  peaks; add 1/4 cup sugar to cream, 1 tablespoon at a time, and continue to
  whip it until it forms stiff peaks. Fold fruit mixture into whipped cream
  until it is fully incorporated. Serve in individual bowls or goblets or a
  large sewing bowl. Garnish with raspberries and toasted coconut.
  
  Cook's Illustrated, Jan./Feb. 1995.
  
  Nationality: USA Course: dessert Season:any Method: food processor
  
  Start to Finish 20 minutes Preparation 5 minutes Attention 15 minutes
  Finishing a minute or less
  
  Converted from Mangia!, Cook's Illustrated 1993-1995 Cookbook
  
  Recipe by: Cook's Illustrated, Jan./Feb. 1995.
  
  Posted to MC-Recipe Digest by "Hobbs, D B                 USO"
  &lt;hobbs@lbcapo1.uso.unisys.com&gt; on Mar 20, 1998
 
</step></directions></recipe></recipeml>
