<?xml version="1.0" encoding="UTF-8"?>

<recipeml version="0.5">
  <recipe>
    <head>
      <title>Banana-Green Mango Chutney</title>
      <categories>
        <cat>Condiments</cat>
        <cat>Relishes</cat></categories>
      <yield>6</yield></head>
    <ingredients>
      <ing>
        <amt>
          <qty>1</qty>
          <unit>large</unit></amt>
        <item>Yellow Onion, Diced Small</item></ing>
      <ing>
        <amt>
          <qty>2</qty>
          <unit>tablespoons</unit></amt>
        <item>Peanut Oil</item></ing>
      <ing>
        <amt>
          <qty>1</qty>
          <unit/></amt>
        <item>Unripe Mango, Peeled And Diced Small</item></ing>
      <ing>
        <amt>
          <qty>1</qty>
          <unit>cup</unit></amt>
        <item>White Vinegar</item></ing>
      <ing>
        <amt>
          <qty>1</qty>
          <unit>cup</unit></amt>
        <item>Fresh Orange Juice</item></ing>
      <ing>
        <amt>
          <qty>1</qty>
          <unit>pound</unit></amt>
        <item>Very Ripe Bananas, Sliced About 1/4-inch Thick</item></ing>
      <ing>
        <amt>
          <qty>1</qty>
          <unit>tablespoon</unit></amt>
        <item>Grated Fresh Ginger</item></ing>
      <ing>
        <amt>
          <qty>1/2</qty>
          <unit>cups</unit></amt>
        <item>Raisins</item></ing>
      <ing>
        <amt>
          <qty>1/2</qty>
          <unit>cups</unit></amt>
        <item>Dark Brown Sugar, Firmly Packed</item></ing>
      <ing>
        <amt>
          <qty>1</qty>
          <unit>tablespoon</unit></amt>
        <item>Finely Chopped Fresh Serrano Or Jalapeno Chile (Or</item></ing>
      <ing>
        <amt>
          <qty/>
          <unit/></amt>
        <item>You May Substitute 3/4 Tbls Red Pepper Flakes)</item></ing>
      <ing>
        <amt>
          <qty/>
          <unit/></amt>
        <item>Salt And Freshly Cracked Black Pepper, To Taste</item></ing>
      <ing>
        <amt>
          <qty>1</qty>
          <unit>teaspoon</unit></amt>
        <item>Allspice</item></ing></ingredients>
    <directions>
      <step>  NOTE:  Use this basic chutney with your very spicy hot dishes.
  
  Yield: About 5 Cups
  
  Saute the onion in the oil until clear, about 4 to 5 minutes. Add the mango
  and cook 2 minutes over medium heat. Add the vinegar and orange juice and
  bring to a simmer, simmering for 10 minutes more. Add all of the remaining
  ingredients and bring the mixture back to a simmer. As soon as a simmer is
  reached, remove the mixture from the heat and cool to room temperature.
  Serve or store in the refrigerator, covered, for up to 2 weeks.
  
  From The Thrill Of The Grill by Chris Schlesinger &amp; John Willouughby
  
  From Gemini's MASSIVE MealMaster collection at www.synapse.com/~gemini
 
</step></directions></recipe></recipeml>
