<?xml version="1.0" encoding="UTF-8"?>

<recipeml version="0.5">
  <recipe>
    <head>
      <title>Bananas</title>
      <categories>
        <cat/></categories>
      <yield>100</yield></head>
    <ingredients>
      <ing>
        <amt>
          <qty>40</qty>
          <unit>pounds</unit></amt>
        <item>BANANAS FRESH</item></ing></ingredients>
    <directions>
      <step>  BANANAS WILL NOT BE STORED IN REFRIGERATORS.  IN PREPARATION 10 LBS
  OF BANANAS WILL BE BROKEN APART FROM THE BUNCHES AND PLACED IN A SUITABLE
  CONTAINER AND PLACED ON THE COLD LINE AHEAD OF THE DESSERTS FOR SELF
  SERVICE DURING LUNCH AND DINNER MEALS.  BANANAS
  MEAL WILL BE ATTRACTIVELY ARRANGED ON THE SELF SERVICE COLD BAR FOR
  SELF SERVICE.  REPLENISHMENT WILL BE PREPARED IN  2 LB INCREMENTS AS
  NEEDED.  AMOUNT USED WILL BE POSTED TO THE KITCHEN REQUISITION AND RETURN
  WORKSHEET.
  
  Recipe Number: S00101
  
  SERVING SIZE: 1 EA
  
  From the &lt;Army Master Recipe Index File&gt; (actually used today!).
  Downloaded from Glen's MM Recipe Archive, http://www.erols.com/hosey.
 
</step></directions></recipe></recipeml>
