<?xml version="1.0" encoding="UTF-8"?>

<recipeml version="0.5">
  <recipe>
    <head>
      <title>Banana-Pineapple Bran Muffins</title>
      <categories>
        <cat>Desserts</cat>
        <cat>Cakes</cat>
        <cat>Muffins</cat></categories>
      <yield>12</yield></head>
    <ingredients>
      <ing>
        <amt>
          <qty>1</qty>
          <unit>cup</unit></amt>
        <item>Mashed banana, (about 2 medium bananas)</item></ing>
      <ing>
        <amt>
          <qty>1/2</qty>
          <unit>cups</unit></amt>
        <item>Brown sugar</item></ing>
      <ing>
        <amt>
          <qty>3/4</qty>
          <unit>cups</unit></amt>
        <item>Bran cereal, such as 100% Bran</item></ing>
      <ing>
        <amt>
          <qty>1</qty>
          <unit>cup</unit></amt>
        <item>Crushed pineapple in juice (undrained)</item></ing>
      <ing>
        <amt>
          <qty>1/4</qty>
          <unit>cups</unit></amt>
        <item>Melted butter or vegetable oil</item></ing>
      <ing>
        <amt>
          <qty>1 1/2</qty>
          <unit>teaspoons</unit></amt>
        <item>Finely grated orange peel</item></ing>
      <ing>
        <amt>
          <qty>1 1/2</qty>
          <unit>teaspoons</unit></amt>
        <item>Vanilla</item></ing>
      <ing>
        <amt>
          <qty>2</qty>
          <unit/></amt>
        <item>Eggs, beaten</item></ing>
      <ing>
        <amt>
          <qty>1 1/2</qty>
          <unit>cups</unit></amt>
        <item>All-purpose flour</item></ing>
      <ing>
        <amt>
          <qty>2/3</qty>
          <unit>cups</unit></amt>
        <item>Skim milk powder</item></ing>
      <ing>
        <amt>
          <qty>1 1/2</qty>
          <unit>teaspoons</unit></amt>
        <item>Baking powder</item></ing>
      <ing>
        <amt>
          <qty>1</qty>
          <unit>teaspoon</unit></amt>
        <item>Baking soda</item></ing>
      <ing>
        <amt>
          <qty>1/4</qty>
          <unit>teaspoons</unit></amt>
        <item>Salt</item></ing></ingredients>
    <directions>
      <step>  Preheat oven to 400F (200C). Grease 12 muffin cups or coat with cooking
  spray.  In a medium-sized mixing bowl, stir mashed banana with brown sugar,
  cereal, pineapple, including juice, butter, peel, and vanilla.  Let mixture
  soak for 5 minutes.  Then, beat in eggs.  Meanwhile, measure flour,
  skim-milk powder, baking powder, baking soda and salt into a large mixing
  bowl.  Stir flour mixture with a fork until well mixed.  Then, make a well
  in centre.  Pour in cereal mixture, stirring just until combined.
  
  Immediately spoon batter into muffin cups. Bake in center of 400F (200C)
  oven until golden and a cake tester inserted into center of a muffin comes
  out clean, about 18 to 20 minutes.  Remove from oven and let stand for 5
  minutes.  Then turn out onto a cooling rack.  Serve warm.  Store muffins in
  a sealed bag at room temperature for up to 2 days.  For longer storage,
  refrigerate muffins or preferably freeze.
  
  Nutrients per muffin: 4.8g protein, 5g fat, 34.1g carbo's, 193 cals.
  Contains a moderate amount of dietary fibre.
  
  By: Bonny Cross, Chatelaine Magazine, April 1996 Prep time: 15mins Baking
  time:    18mins
    Posted to EAT-L Digest 20 Sep 96
  
    Date:    Sat, 21 Sep 1996 12:41:09 +0700
  
    From:    Serene Ong &lt;sereneo@INFO.BISHKEK.SU&gt;
 
</step></directions></recipe></recipeml>
