<?xml version="1.0" encoding="UTF-8"?>

<recipeml version="0.5">
  <recipe>
    <head>
      <title>Banana-Blueberry Bread Pudding</title>
      <categories>
        <cat>Information</cat></categories>
      <yield>6</yield></head>
    <ingredients>
      <ing>
        <amt>
          <qty/>
          <unit/></amt>
        <item>Crumbled</item></ing>
      <ing>
        <amt>
          <qty>2</qty>
          <unit>cups</unit></amt>
        <item>Skim milk</item></ing>
      <ing>
        <amt>
          <qty>3</qty>
          <unit/></amt>
        <item>Eggs; beaten</item></ing>
      <ing>
        <amt>
          <qty>2</qty>
          <unit>cups</unit></amt>
        <item>Whole milk</item></ing>
      <ing>
        <amt>
          <qty>1</qty>
          <unit>tablespoon</unit></amt>
        <item>Butter</item></ing>
      <ing>
        <amt>
          <qty>1 1/2</qty>
          <unit>cups</unit></amt>
        <item>Granola</item></ing>
      <ing>
        <amt>
          <qty>1 1/2</qty>
          <unit>cups</unit></amt>
        <item>Blueberries</item></ing>
      <ing>
        <amt>
          <qty/>
          <unit/></amt>
        <item>Fresh or frozen</item></ing></ingredients>
    <directions>
      <step>    Here's a variation on bread pudding from the Noble House B&amp;B, Bridgton,
  ME.  Crumble the banana bread into small pieces or grate it if it is stale.
  Place in bowl with milk and beaten eggs, ( use 3 or 4 eggs) mixing well.
  Oil a 1 1/2 to 2 quart baking dish and pour in mixture. Dot with 1
  Tablespoon butter, broken into bits. Sprinkle on granola and top with
  blueberries over entire surface.  Bake at 350~ about 45 minutes or until
  pudding sets.  Serve warm or cold with yogurt, applesauce, or as is.
     Dave Sawyer - Auburn, NH
  
  Posted to MM-Recipes Digest V4 #132 by novmom@juno.com (Angela Gilliland)
  on May 12, 1997
 
</step></directions></recipe></recipeml>
