<?xml version="1.0" encoding="UTF-8"?>

<recipeml version="0.5">
  <recipe>
    <head>
      <title>Banana-Macadamia Nut Bread 2 Lb (Oster Bread Machine)</title>
      <categories>
        <cat>Bread</cat>
        <cat>Machine</cat></categories>
      <yield>1</yield></head>
    <ingredients>
      <ing-div>
        <title/>
        <ing>
          <amt>
            <qty>1</qty>
            <unit>cup</unit></amt>
          <item>Water</item></ing>
        <ing>
          <amt>
            <qty>2/3</qty>
            <unit>cups</unit></amt>
          <item>Mashed bananas; very ripe, abt 2 med</item></ing>
        <ing>
          <amt>
            <qty>2</qty>
            <unit>tablespoons</unit></amt>
          <item>Margarine; soft</item></ing>
        <ing>
          <amt>
            <qty>2</qty>
            <unit/></amt>
          <item>Egg whites</item></ing>
        <ing>
          <amt>
            <qty>4</qty>
            <unit>cups</unit></amt>
          <item>Flour; bread</item></ing>
        <ing>
          <amt>
            <qty>1/4</qty>
            <unit>cups</unit></amt>
          <item>Sugar</item></ing>
        <ing>
          <amt>
            <qty>1 1/2</qty>
            <unit>teaspoons</unit></amt>
          <item>Salt</item></ing>
        <ing>
          <amt>
            <qty>2</qty>
            <unit>teaspoons</unit></amt>
          <item>Yeast; (regular or bread)</item></ing></ing-div>
      <ing-div>
        <title>MIX-INS</title>
        <ing>
          <amt>
            <qty>2/3</qty>
            <unit>cups</unit></amt>
          <item>Macadamia nuts; chopped</item></ing></ing-div></ingredients>
    <directions>
      <step>  1) Remove bread pan; attach kneading blade.
  
  2) Place all ingredients in bread pan in order listed.
  
  3) Insert bread pan, close lid and plug in.
  
  4) Select bread type: Press select until the number 8 is displayed (Sweet
  Bread cycle).
  
  5) Press start. Bread will be done baking in the number of hours indicated.
  
  6) Add mix-ins when bread machine beeps, about 32 minutes after starting.
  
  Rapid cycle not recommended. Don't use the delay bake option for this
  recipe.
  
  I used pecans instead of macadamia nuts &amp; it worked out ok.
  
  This recipe came right to the glass when done, but it turned out ok.
  
  NOTES : The bananas have to be *very* ripe, or it won't be sweet enough. (I
  didn't get them ripe enough when I made it).
  Recipe by: Oster Deluxe Bread and Dough Maker, p 40. (1997)
  
  Posted to TNT Recipes Digest by "Russell J. Fletcher"
  &lt;gimplimp@teleport.com&gt; on Feb 18, 1998
 
</step></directions></recipe></recipeml>
