<?xml version="1.0" encoding="UTF-8"?>

<recipeml version="0.5">
  <recipe>
    <head>
      <title>Banana-Chocolate Bundt Cake</title>
      <categories>
        <cat>Cakes</cat>
        <cat>New text im</cat></categories>
      <yield>1</yield></head>
    <ingredients>
      <ing>
        <amt>
          <qty>1 2/3</qty>
          <unit>cups</unit></amt>
        <item>Sifted flour</item></ing>
      <ing>
        <amt>
          <qty>1/3</qty>
          <unit>cups</unit></amt>
        <item>Dutch processed cocoa powder (like Ghiradelli)</item></ing>
      <ing>
        <amt>
          <qty>1</qty>
          <unit>teaspoon</unit></amt>
        <item>Salt</item></ing>
      <ing>
        <amt>
          <qty>2</qty>
          <unit>teaspoons</unit></amt>
        <item>Soda</item></ing>
      <ing>
        <amt>
          <qty>2</qty>
          <unit>medium</unit></amt>
        <item>Ripe bananas</item></ing>
      <ing>
        <amt>
          <qty>1</qty>
          <unit>cup</unit></amt>
        <item>Butter or margarine; softened</item></ing>
      <ing>
        <amt>
          <qty>1 1/2</qty>
          <unit>cups</unit></amt>
        <item>Sugar</item></ing>
      <ing>
        <amt>
          <qty>4</qty>
          <unit/></amt>
        <item>Eggs</item></ing>
      <ing>
        <amt>
          <qty>1/4</qty>
          <unit>cups</unit></amt>
        <item>Sour cream</item></ing>
      <ing>
        <amt>
          <qty>1/4</qty>
          <unit>cups</unit></amt>
        <item>Milk</item></ing></ingredients>
    <directions>
      <step>  Preparation : Preheat oven to 350 degrees. Grease and flour 12 cup Bundt
  pan or 10 inch angel food tube pan. Sift flour, cocoa, salt and soda
  together. Mash the bananas with fork. Cream butter and sugar until light.
  Add sour cream and bananas to butter and sugar. Beat the eggs until well
  blended. In four stages, beat eggs into butter-sugar-sour cream-banana
  mixture. Blend in 1/2 the flour-cocoa mixture. Stir in the milk and
  remaining flour. Mix only until evenly blended. BE CAREFUL NOT TO OVER MIX
  BATTER. Spoon into prepared pan and bake 30 minutes on the lowest level of
  your oven rack. Rotate cake moving the back to the front. Continue baking
  until toothpick pulls out clean from the center - about 30 minutes more.
  Let cool in pan 5 minutes on a rack. Turn out on rack and cool before
  serving. Tuesday Nite Ladies
  
  Recipe by: Cookbook USA Posted to MC-Recipe Digest V1 #738 by Gerald
  Edgerton &lt;jerrye@wizard.com&gt; on Aug 12, 1997
 
</step></directions></recipe></recipeml>
