<?xml version="1.0" encoding="UTF-8"?>

<recipeml version="0.5">
  <recipe>
    <head>
      <title>Banana-Rhubarb Muffins</title>
      <categories>
        <cat>Muffins</cat>
        <cat>Breads</cat></categories>
      <yield>12</yield></head>
    <ingredients>
      <ing>
        <amt>
          <qty>2</qty>
          <unit/></amt>
        <item>Egg whites or 1/4 cup cholesterol free egg product</item></ing>
      <ing>
        <amt>
          <qty>2/3</qty>
          <unit>cups</unit></amt>
        <item>Skim milk</item></ing>
      <ing>
        <amt>
          <qty>1/4</qty>
          <unit>cups</unit></amt>
        <item>Vegetable oil</item></ing>
      <ing>
        <amt>
          <qty>2</qty>
          <unit>cups</unit></amt>
        <item>Oat flour blend</item></ing>
      <ing>
        <amt>
          <qty>1/2</qty>
          <unit>cups</unit></amt>
        <item>Sugar</item></ing>
      <ing>
        <amt>
          <qty>1/2</qty>
          <unit>cups</unit></amt>
        <item>Mashed ripe banana</item></ing>
      <ing>
        <amt>
          <qty>1</qty>
          <unit>tablespoon</unit></amt>
        <item>Baking powder</item></ing>
      <ing>
        <amt>
          <qty>1/2</qty>
          <unit>teaspoons</unit></amt>
        <item>Salt</item></ing>
      <ing>
        <amt>
          <qty>1/2</qty>
          <unit>teaspoons</unit></amt>
        <item>Nutmeg</item></ing>
      <ing>
        <amt>
          <qty>2/3</qty>
          <unit>cups</unit></amt>
        <item>Chopped fresh rhubarb or frozen rhubarb, thawed and well drained</item></ing></ingredients>
    <directions>
      <step>  Servings: Makes 12 Calories: 170 per serving
  
  Preheat oven to 400 F. Spray bottoms of 12 muffin pan cups with vegetable
  cooking spray or line with paper baking cups. In medium-sized bowl beat egg
  whites with fork; stir in milk and oil. Add remaining ingredients except
  rhubarb, mixing just until flour is moistened (batter will be lumpy). Fold
  in rhubarb. Divide batter among prepared muffin cups, filling to top. Bake
  20 to 25 minutes, or until golden brown. Immediately remove muffins from
  pan; cool on wire racks.
  
  Source: Women's Day, Meals in Minutes, August 1990. Posted by Linda Davis
  
  From Gemini's MASSIVE MealMaster collection at www.synapse.com/~gemini
 
</step></directions></recipe></recipeml>
