<?xml version="1.0" encoding="UTF-8"?>

<recipeml version="0.5">
  <recipe>
    <head>
      <title>Banana-Peach Shake</title>
      <categories>
        <cat>Beverages</cat>
        <cat>Vegetables</cat></categories>
      <yield>3</yield></head>
    <ingredients>
      <ing>
        <amt>
          <qty>3/4</qty>
          <unit>cups</unit></amt>
        <item>Skim milk</item></ing>
      <ing>
        <amt>
          <qty>2/3</qty>
          <unit>cups</unit></amt>
        <item>Sliced ripe banana</item></ing>
      <ing>
        <amt>
          <qty>1/2</qty>
          <unit>cups</unit></amt>
        <item>Peeled sliced fresh peach</item></ing>
      <ing>
        <amt>
          <qty>1 1/2</qty>
          <unit>cups</unit></amt>
        <item>Vanilla nonfat frozen yogurt</item></ing></ingredients>
    <directions>
      <step>  Combine first 3 ingredients in container of an electric blender; cover and
  process until smooth. Add frozen yogurt; process until smooth. Yield: 3
  cups (serving size: 1 cup).
  Serving Ideas : Serve immediately.
  Nutr. Assoc. : 0 2142 4377 3481
  
  Posted to MM-Recipes Digest V4 #132 by Sarah Gruenwald &lt;sitm@ekx.infi.net&gt;
  on May 12, 1997
 
</step></directions></recipe></recipeml>
