<?xml version="1.0" encoding="UTF-8"?>

<recipeml version="0.5">
  <recipe>
    <head>
      <title>Banana-Date Cake</title>
      <categories>
        <cat>Cakes</cat></categories>
      <yield>16</yield></head>
    <ingredients>
      <ing>
        <amt>
          <qty>2/3</qty>
          <unit>cups</unit></amt>
        <item>Nonfat milk</item></ing>
      <ing>
        <amt>
          <qty>2</qty>
          <unit>teaspoons</unit></amt>
        <item>Vinegar</item></ing>
      <ing>
        <amt>
          <qty>2 1/3</qty>
          <unit>cups</unit></amt>
        <item>Flour</item></ing>
      <ing>
        <amt>
          <qty>1 2/3</qty>
          <unit>cups</unit></amt>
        <item>Sugar</item></ing>
      <ing>
        <amt>
          <qty>1 1/4</qty>
          <unit>teaspoons</unit></amt>
        <item>Baking powder</item></ing>
      <ing>
        <amt>
          <qty>1 1/4</qty>
          <unit>teaspoons</unit></amt>
        <item>Baking soda</item></ing>
      <ing>
        <amt>
          <qty>1</qty>
          <unit>teaspoon</unit></amt>
        <item>Salt</item></ing>
      <ing>
        <amt>
          <qty>2</qty>
          <unit/></amt>
        <item>Eggs</item></ing>
      <ing>
        <amt>
          <qty>1</qty>
          <unit/></amt>
        <item>Egg white</item></ing>
      <ing>
        <amt>
          <qty>1 1/4</qty>
          <unit>cups</unit></amt>
        <item>Mashed very ripe bananas</item></ing>
      <ing>
        <amt>
          <qty/>
          <unit/></amt>
        <item>(about 3)</item></ing>
      <ing>
        <amt>
          <qty>3/4</qty>
          <unit>cups</unit></amt>
        <item>Pureed Dates (replaces 3/4</item></ing>
      <ing>
        <amt>
          <qty/>
          <unit/></amt>
        <item>Cup shortening)</item></ing>
      <ing>
        <amt>
          <qty>1</qty>
          <unit>teaspoon</unit></amt>
        <item>Vanilla</item></ing>
      <ing>
        <amt>
          <qty>1/2</qty>
          <unit>cups</unit></amt>
        <item>Chopped walnuts, optional</item></ing>
      <ing>
        <amt>
          <qty/>
          <unit/></amt>
        <item>Powdered Sugar, optional</item></ing></ingredients>
    <directions>
      <step>  Mix nonfat milk and vinegar and let stand until thickened. Sift together
  flour, sugar, baking powder, baking soda and salt into mixing bowl. Stir to
  blend. Lightly beat eggs and egg white. Add to flour mixture with bananas,
  Pureed Dates, soured milk, vanilla and nuts. Stir just until blended. Pour
  into 12-cup bundt pan sprayed with non-stick vegetable spray. Bake at 350
  degrees F. 45 to 55 minutes or until cake tests done. Remove to wire rack
  to cool. If desired, sprinkle with powdered sugar and serve. Makes 16
  servings. Note: In place of nonfat milk and vinegar, substitute 2/3 cup
  buttermilk if desired. Banana-Date Cake- Pureed Dates -replaces 3/4 cup
  shortening. Each serving, without walnuts or powdered sugar, contains
  about:
  
  212 calories, 198 mg sodium, 27 mg cholesterol, 1 gram fat, 48 grams
  carbohydrates, 4 grams protein, .33 gram fiber, 4% calories from fat.
  
  Compare to Banana-Date Cake made with shortening, no dates:
  
  Each serving, without walnuts, contains about:
  
  257 calories, 197 mg sodium,27 mg cholesterol, 9 grams fat, 40 grams
  carbohydrates, 4 grams protein, .09 gram fiber, 33% calories from fat.
  
  Optional walnuts, per serving, contains about:
  
  24 calories, .37 mg sodium, 0 mg cholesterol, 2.3 grams fat, .75 gram
  carbohydrates, .5 gram protein, .17 gram fiber.
 
</step></directions></recipe></recipeml>
