<?xml version="1.0" encoding="UTF-8"?>

<recipeml version="0.5">
  <recipe>
    <head>
      <title>Banana-Stuffed French Toast with Streusel Topping</title>
      <categories>
        <cat>Breakfast</cat></categories>
      <yield>6</yield></head>
    <ingredients>
      <ing-div>
        <title/>
        <ing>
          <amt>
            <qty>2</qty>
            <unit>tablespoons</unit></amt>
          <item>Plus 1/4 cup (1/2 stick) unsalted butter</item></ing>
        <ing>
          <amt>
            <qty>2</qty>
            <unit>tablespoons</unit></amt>
          <item>Plus 1/2 cup sugar</item></ing>
        <ing>
          <amt>
            <qty>2</qty>
            <unit>tablespoons</unit></amt>
          <item>Water</item></ing>
        <ing>
          <amt>
            <qty>2</qty>
            <unit>large</unit></amt>
          <item>Ripe bananas, peeled, cut into 1/2-inch-thick rounds</item></ing>
        <ing>
          <amt>
            <qty>1</qty>
            <unit/></amt>
          <item>Unsliced loaf egg bread (1-pound), ends trimmed, bread cut into 6 slices (each about 1-1/2 inches thick)</item></ing>
        <ing>
          <amt>
            <qty>2</qty>
            <unit>cups</unit></amt>
          <item>Milk (do not use low-fat or nonfat)</item></ing>
        <ing>
          <amt>
            <qty>6</qty>
            <unit>large</unit></amt>
          <item>Eggs</item></ing>
        <ing>
          <amt>
            <qty>2 1/2</qty>
            <unit>teaspoons</unit></amt>
          <item>Ground cinnamon</item></ing>
        <ing>
          <amt>
            <qty>1/4</qty>
            <unit>teaspoons</unit></amt>
          <item>Vanilla extract</item></ing></ing-div>
      <ing-div>
        <title>TOPPING</title>
        <ing>
          <amt>
            <qty>1 1/2</qty>
            <unit>cups</unit></amt>
          <item>Thinly sliced almonds, toasted</item></ing>
        <ing>
          <amt>
            <qty>1/4</qty>
            <unit>cups</unit></amt>
          <item>(packed) golden brown sugar</item></ing>
        <ing>
          <amt>
            <qty>1/4</qty>
            <unit>cups</unit></amt>
          <item>Quick-cooking oats</item></ing>
        <ing>
          <amt>
            <qty>2</qty>
            <unit>tablespoons</unit></amt>
          <item>All purpose flour</item></ing>
        <ing>
          <amt>
            <qty/>
            <unit/></amt>
          <item>Maple syrup</item></ing></ing-div></ingredients>
    <directions>
      <step>  Melt 2 tablespoons butter in heavy large skillet over medium heat. Add 2
  tablespoons sugar and 2 tablespoons water and stir until sugar dissolves.
  Continue stirring until mixture is foamy, about 2 minutes. Add bananas;
  cook until tender, stirring occasionally, about 5 minutes. Transfer to
  small bowl; cool. (Can be prepared 4 hours ahead. Cover and chill.)
  
  Preheat oven to 350øF. Using small sharp knife, cut 2-inch-long slit in 1
  side of each bread slice, cutting 3/4 of way through bread and creating
  pocket that leaves 3 sides of bread intact. Divide banana mixture equally
  among pockets in bread. Whisk milk, eggs, 1/2 teaspoon cinnamon, vanilla
  and 1/2 cup sugar in large bowl to blend. Pour into large glass baking
  dish. Place bread in egg mixture; let soak 10 minutes, turning
  occasionally.
  
  Place almonds in shallow bowl. Carefully remove bread from egg mixture and
  coat both sides with almonds. Place bread on heavy large baking sheets. Mix
  brown sugar, oats, flour and remaining 2 teaspoons cinnamon in medium bowl.
  Add remaining 1/4 cup butter and rub in, using fingertips, until moist
  clumps form. Sprinkle topping over bread.
  
  Bake French toast until topping is golden brown and filling is hot, about
  25 minutes. Transfer toast to plates. Serve hot with maple syrup.
  
  Bon App‚tit December 1996
  
  Posted to MM-Recipes Digest V4 #167 by Julie Bertholf
  &lt;jewel1@ix.netcom.com&gt; on Jun 30, 1997
 
</step></directions></recipe></recipeml>
