<?xml version="1.0" encoding="UTF-8"?>

<recipeml version="0.5">
  <recipe>
    <head>
      <title>Banana-Spice Bars</title>
      <categories>
        <cat>None</cat></categories>
      <yield>1</yield></head>
    <ingredients>
      <ing>
        <amt>
          <qty>1</qty>
          <unit>cup</unit></amt>
        <item>Mashed ripe bananas (about 2 medium)</item></ing>
      <ing>
        <amt>
          <qty>2/3</qty>
          <unit>cups</unit></amt>
        <item>Packed brown sugar</item></ing>
      <ing>
        <amt>
          <qty>1/4</qty>
          <unit>cups</unit></amt>
        <item>Vegetable oil</item></ing>
      <ing>
        <amt>
          <qty>2</qty>
          <unit/></amt>
        <item>Eggs</item></ing>
      <ing>
        <amt>
          <qty>2</qty>
          <unit>cups</unit></amt>
        <item>Bisquick baking mix</item></ing>
      <ing>
        <amt>
          <qty>1</qty>
          <unit>teaspoon</unit></amt>
        <item>Pumpkin pie spice</item></ing>
      <ing>
        <amt>
          <qty>1/2</qty>
          <unit>cups</unit></amt>
        <item>Chopped nuts</item></ing>
      <ing>
        <amt>
          <qty/>
          <unit/></amt>
        <item>Browned Butter Frosting (below)</item></ing></ingredients>
    <directions>
      <step>  Heat oven to 350 degrees.
  
  GREASE rectangular pan, 13x9x2 inches. Beat bananas, brown sugar, oil, and
  eggs in large bowl on medium speed, scraping bowl occasionally, 1 minute.
  Stir in baking mix, pumpkin pie spice and nuts. Spread in pan.
  
  BAKE until wooden pick inserted in center comes out clean, about 25
  minutes. Cool; frost with Browned Butter Frosting. Cut into bars, about 3x1
  inch.
  
  Makes 3 dozen
  
  Applesauce-Spice Bars: Substitute 1 cup applesauce for the bananas.
  
  (High Altitude Directions [3500-6500 feet]: heat oven to 375 degrees.
  Decrease sugar to 1/2 cup and baking
  
  mix to 1 3/4 cups; add 1/4 cup all purpose flour.)
  Posted to Bakery-Shoppe Digest V1 #239 by Lea &lt;lhoover@ptialaska.net&gt; on
  Sep 14, 1997
 
</step></directions></recipe></recipeml>
