<?xml version="1.0" encoding="UTF-8"?>

<recipeml version="0.5">
  <recipe>
    <head>
      <title>Banana-Crunch Bread</title>
      <categories>
        <cat>Breads</cat>
        <cat>To/from eat</cat></categories>
      <yield>12</yield></head>
    <ingredients>
      <ing>
        <amt>
          <qty>2</qty>
          <unit>cups</unit></amt>
        <item>Very ripe bananas; mashed</item></ing>
      <ing>
        <amt>
          <qty>2</qty>
          <unit>cups</unit></amt>
        <item>Sugar</item></ing>
      <ing>
        <amt>
          <qty>4</qty>
          <unit/></amt>
        <item>Eggs</item></ing>
      <ing>
        <amt>
          <qty>6</qty>
          <unit>tablespoons</unit></amt>
        <item>Milk</item></ing>
      <ing>
        <amt>
          <qty>4</qty>
          <unit>cups</unit></amt>
        <item>Flour</item></ing>
      <ing>
        <amt>
          <qty>1</qty>
          <unit>teaspoon</unit></amt>
        <item>Salt</item></ing>
      <ing>
        <amt>
          <qty>1</qty>
          <unit>teaspoon</unit></amt>
        <item>Baking soda</item></ing>
      <ing>
        <amt>
          <qty>3</qty>
          <unit>teaspoons</unit></amt>
        <item>Baking powder</item></ing>
      <ing>
        <amt>
          <qty>1</qty>
          <unit>cup</unit></amt>
        <item>Melted butter or margarine</item></ing>
      <ing>
        <amt>
          <qty>2</qty>
          <unit>teaspoons</unit></amt>
        <item>Vanilla</item></ing>
      <ing>
        <amt>
          <qty>1</qty>
          <unit>cup</unit></amt>
        <item>Chopped nuts (optional)</item></ing></ingredients>
    <directions>
      <step>  Preheat oven to 350 deg.
  
  Beat bananas, sugar and eggs together until light. Stir in milk. Add sifted
  dry ingredients and mix thoroughly. Stir in melted butter, vanilla and
  nuts.
  
  Pour into 1 standard or 2 smaller bake pans and bake one hour or until
  done. Baking time may need to be reduced for smaller pans. Done when tooth
  pick tests dry.
  
  Cool thoroughly before slicing.
  
  Freezes well.
  Posted to EAT-L Digest  by Angele and Jon Freeman &lt;jfreeman@netusa1.net&gt; on
  Septay,, ember 16, 199
 
</step></directions></recipe></recipeml>
