<?xml version="1.0" encoding="UTF-8"?>

<recipeml version="0.5">
  <recipe>
    <head>
      <title>Banana-Spice Muffins</title>
      <categories>
        <cat>Muffins</cat></categories>
      <yield>18</yield></head>
    <ingredients>
      <ing>
        <amt>
          <qty>2 1/2</qty>
          <unit>cups</unit></amt>
        <item>All-purpose flour</item></ing>
      <ing>
        <amt>
          <qty>1/3</qty>
          <unit>cups</unit></amt>
        <item>Granulated sugar</item></ing>
      <ing>
        <amt>
          <qty>1/3</qty>
          <unit>cups</unit></amt>
        <item>Brown sugar; packed</item></ing>
      <ing>
        <amt>
          <qty>1</qty>
          <unit>tablespoon</unit></amt>
        <item>Baking powder</item></ing>
      <ing>
        <amt>
          <qty>1</qty>
          <unit>teaspoon</unit></amt>
        <item>Baking soda</item></ing>
      <ing>
        <amt>
          <qty>1</qty>
          <unit>teaspoon</unit></amt>
        <item>Ground allspice</item></ing>
      <ing>
        <amt>
          <qty>1</qty>
          <unit>teaspoon</unit></amt>
        <item>Ground ginger</item></ing>
      <ing>
        <amt>
          <qty>1</qty>
          <unit>cup</unit></amt>
        <item>Mashed bananas</item></ing>
      <ing>
        <amt>
          <qty>2/3</qty>
          <unit>cups</unit></amt>
        <item>Skim milk</item></ing>
      <ing>
        <amt>
          <qty>1/3</qty>
          <unit>cups</unit></amt>
        <item>Buttermilk</item></ing>
      <ing>
        <amt>
          <qty>1/3</qty>
          <unit>cups</unit></amt>
        <item>Ricotta cheese; part skim milk</item></ing>
      <ing>
        <amt>
          <qty>2</qty>
          <unit>tablespoons</unit></amt>
        <item>Vegetable oil</item></ing>
      <ing>
        <amt>
          <qty>1</qty>
          <unit>tablespoon</unit></amt>
        <item>Vanilla extract</item></ing>
      <ing>
        <amt>
          <qty>1</qty>
          <unit>large</unit></amt>
        <item>Egg white</item></ing>
      <ing>
        <amt>
          <qty>1</qty>
          <unit>large</unit></amt>
        <item>Egg</item></ing></ingredients>
    <directions>
      <step>  Preheat oven to 400.
  
  Combine first seven ingredients in a large bowl, and make a well in center
  of mixture. Combine banana and next seven ingredients in a bowl, and add to
  flour mixture. Stir just until moist. Spoon batter into 18 muffin cups
  lined with paper or foil liners.
  
  Bake at 400 for 18 minutes or until done. Remove from pans immediately, and
  cool on a wire rack.
  Per serving: 131 Calories; 2g Fat (16% calories from fat); 3g Protein; 24g
  Carbohydrate; 12mg Cholesterol; 154mg Sodium
  
  Recipe by: Cooking Light (September 1997) (modified) Posted to Digest
  eat-lf.v097.n219 by Joanne McAndrews Eisenman &lt;jmca@nwu.edu&gt; on Aug 31,
  1997
 
</step></directions></recipe></recipeml>
