<?xml version="1.0" encoding="UTF-8"?>

<recipeml version="0.5">
  <recipe>
    <head>
      <title>Banana-Nut Muffins</title>
      <categories>
        <cat>Dessert</cat></categories>
      <yield>12</yield></head>
    <ingredients>
      <ing>
        <amt>
          <qty>1</qty>
          <unit/></amt>
        <item>Stick butter or margarine; softened</item></ing>
      <ing>
        <amt>
          <qty>1</qty>
          <unit>cup</unit></amt>
        <item>Granulated sugar</item></ing>
      <ing>
        <amt>
          <qty>2</qty>
          <unit>large</unit></amt>
        <item>Eggs</item></ing>
      <ing>
        <amt>
          <qty>2</qty>
          <unit>large</unit></amt>
        <item>Ripe bananas; mashed</item></ing>
      <ing>
        <amt>
          <qty>2</qty>
          <unit>cups</unit></amt>
        <item>All-purpose flour</item></ing>
      <ing>
        <amt>
          <qty>1</qty>
          <unit>teaspoon</unit></amt>
        <item>Salt</item></ing>
      <ing>
        <amt>
          <qty>1</qty>
          <unit>teaspoon</unit></amt>
        <item>Baking powder</item></ing>
      <ing>
        <amt>
          <qty>1/2</qty>
          <unit>teaspoons</unit></amt>
        <item>Baking soda</item></ing>
      <ing>
        <amt>
          <qty>1</qty>
          <unit>cup</unit></amt>
        <item>Buttermilk</item></ing>
      <ing>
        <amt>
          <qty>1/2</qty>
          <unit>cups</unit></amt>
        <item>Chopped pecans</item></ing>
      <ing>
        <amt>
          <qty>1</qty>
          <unit>teaspoon</unit></amt>
        <item>Vanilla extract</item></ing></ingredients>
    <directions>
      <step>  1. Preheat oven to 400 degrees.  Grease 12 standard size muffin-pan cups or
  use paper liners.
  
  2. Beat together butter and sugar at medium speed until light and fluffy.
  Add eggs, 1 at a time, beating well after each addition. Beat in bananas
  until smooth.
  
  3. Mix together flour, salt, baking powder, and baking soda.
  
  4. Alternately stir flour mixture and buttermilk into egg mixture until dry
  ingredients are just moistened.
  
  5. Stir in nuts and vanilla. Do not overmix batter; it should not be
  completely smooth.
  
  6. Spoon batter into prepared pan, filling two-thirds full. Bake until
  lightly golden, 15 to 18 minutes. Transfer muffin-pan cups to a wire rack
  to cool slightly. Turn out onto rack. Serve warm.
  
  FROM "GREAT AMERICAN HOME
  
  BAKING" CARDS
  
  From a collection of my mother's (Judy Hosey) recipe box which contained
  lots of her favorite recipes, clippings, etc.  Downloaded from Glen's MM
  Recipe Archive, http://www.erols.com/hosey.
 
</step></directions></recipe></recipeml>
