<?xml version="1.0" encoding="UTF-8"?>

<recipeml version="0.5">
  <recipe>
    <head>
      <title>Banana-Chip Muffins</title>
      <categories>
        <cat>None</cat></categories>
      <yield>1</yield></head>
    <ingredients>
      <ing>
        <amt>
          <qty>1 1/2</qty>
          <unit>cups</unit></amt>
        <item>Flour</item></ing>
      <ing>
        <amt>
          <qty>1/2</qty>
          <unit>cups</unit></amt>
        <item>Sugar</item></ing>
      <ing>
        <amt>
          <qty>2</qty>
          <unit>teaspoons</unit></amt>
        <item>Baking powder</item></ing>
      <ing>
        <amt>
          <qty>1/2</qty>
          <unit>teaspoons</unit></amt>
        <item>Salt</item></ing>
      <ing>
        <amt>
          <qty>1</qty>
          <unit/></amt>
        <item>Egg; slightly beaten</item></ing>
      <ing>
        <amt>
          <qty>1/2</qty>
          <unit>cups</unit></amt>
        <item>Milk</item></ing>
      <ing>
        <amt>
          <qty>1/4</qty>
          <unit>cups</unit></amt>
        <item>Cooking oil</item></ing>
      <ing>
        <amt>
          <qty>3/4</qty>
          <unit>cups</unit></amt>
        <item>Mashed banana; ( about 2 small)</item></ing>
      <ing>
        <amt>
          <qty>1/2</qty>
          <unit/></amt>
        <item>Semisweet chocolate pieces</item></ing>
      <ing>
        <amt>
          <qty>1/2</qty>
          <unit>cups</unit></amt>
        <item>Chopped walnut; ( optional)</item></ing></ingredients>
    <directions>
      <step>  Grease 16 Muffin cups; set aside. Preheat oven to 400. In a large bowl,
  combine flour,sugar, b.powder,and salt. Add oil, milk, and bananas: stir
  until just combined. Stir in chocolate pieces and walnuts. Spoon into
  prepared muffin pan, filling each 2/3 full. Bake 20 to 25 minutes. Serve
  warm.
  
  Almost like cake!
  
  Posted to recipelu-digest Volume 01 Number 477 by "Pauline J.Pelletier"
  &lt;pjpellet@turbont.net&gt; on Jan 8, 1998
 
</step></directions></recipe></recipeml>
