<?xml version="1.0" encoding="UTF-8"?>

<recipeml version="0.5">
  <recipe>
    <head>
      <title>Banana-Sour Cream Coffee Cake 2</title>
      <categories>
        <cat>Desserts</cat>
        <cat>Cakes*</cat></categories>
      <yield>1</yield></head>
    <ingredients>
      <ing-div>
        <title>CAKE</title>
        <ing>
          <amt>
            <qty>2</qty>
            <unit>cups</unit></amt>
          <item>Flour</item></ing>
        <ing>
          <amt>
            <qty>1</qty>
            <unit>teaspoon</unit></amt>
          <item>Baking powder</item></ing>
        <ing>
          <amt>
            <qty>1/4</qty>
            <unit>teaspoons</unit></amt>
          <item>Salt</item></ing>
        <ing>
          <amt>
            <qty>1</qty>
            <unit>cup</unit></amt>
          <item>Butter or margarine; softened</item></ing>
        <ing>
          <amt>
            <qty>1</qty>
            <unit>cup</unit></amt>
          <item>Sugar</item></ing>
        <ing>
          <amt>
            <qty>2</qty>
            <unit/></amt>
          <item>Eggs</item></ing>
        <ing>
          <amt>
            <qty>1</qty>
            <unit>cup</unit></amt>
          <item>Sour cream</item></ing>
        <ing>
          <amt>
            <qty>1/2</qty>
            <unit>teaspoons</unit></amt>
          <item>Vanilla</item></ing>
        <ing>
          <amt>
            <qty/>
            <unit/></amt>
          <item>2-3 ripe bananas; mashed</item></ing></ing-div>
      <ing-div>
        <title>NUT MIXTURE</title>
        <ing>
          <amt>
            <qty>3</qty>
            <unit>tablespoons</unit></amt>
          <item>Sugar</item></ing>
        <ing>
          <amt>
            <qty>1</qty>
            <unit>teaspoon</unit></amt>
          <item>Cinnamon</item></ing>
        <ing>
          <amt>
            <qty>1</qty>
            <unit>cup</unit></amt>
          <item>Chopped pecans or walnuts</item></ing></ing-div>
      <ing-div>
        <title>GLAZE</title>
        <ing>
          <amt>
            <qty>1 1/2</qty>
            <unit>cups</unit></amt>
          <item>Powdered sugar</item></ing>
        <ing>
          <amt>
            <qty>3/4</qty>
            <unit>teaspoons</unit></amt>
          <item>Vanilla</item></ing>
        <ing>
          <amt>
            <qty>3</qty>
            <unit>tablespoons</unit></amt>
          <item>Milk</item></ing>
        <ing>
          <amt>
            <qty>1/4</qty>
            <unit>cups</unit></amt>
          <item>Chopped pecans or walnuts; optional</item></ing></ing-div></ingredients>
    <directions>
      <step>  Preheat oven to 350F. Grease and flour a bundt or 9" tube pan.
  
  Sift together flour, baking powder, and salt. Set aside.
  
  Prepare nut mixture: Combine sugar, cinnamon , and nuts in a small bowl.
  Set aside.
  
  Cream butter and sugar; beat until light and fluffy. Add eggs one at a
  time, beating well after each addition. Stir in sour cream, vanilla, and
  bananas. Stir in the flour mixture.
  
  Pour 1/3 of the cake batter into the prepared baking pan. Sprinkle with 3/4
  cup of the nut mixture. Spoon remaining batter over the nut mixture, then
  sprinkle with remaining nut mixture. Bake in preheated oven for 1 hour, or
  until toothpick inserted in center come out clean. Cool on a rack for 10
  minutes, then remove from pan and continue to cool.
  
  For glaze: Mix powdered sugar, vanilla, and milk until smooth, adding more
  milk if necessary. Drizzle over cooled coffee cake and garnish with
  additional nuts, if desired.
  Posted to EAT-L Digest 11 November 96
  
  Date:    Tue, 12 Nov 1996 08:58:27 +0100
  
  From:    Kaye Sykes &lt;Sykes.Kaye@UNIFACE.NL&gt;
 
</step></directions></recipe></recipeml>
