<?xml version="1.0" encoding="UTF-8"?>

<recipeml version="0.5">
  <recipe>
    <head>
      <title>Bay Scallops Monterey</title>
      <categories>
        <cat>Low-fat</cat>
        <cat>Seafood</cat>
        <cat>Main dish</cat></categories>
      <yield>4</yield></head>
    <ingredients>
      <ing>
        <amt>
          <qty>1</qty>
          <unit>pound</unit></amt>
        <item>Fresh bay scallops</item></ing>
      <ing>
        <amt>
          <qty/>
          <unit/></amt>
        <item>Vegetable cooking spray</item></ing>
      <ing>
        <amt>
          <qty>1</qty>
          <unit>tablespoon</unit></amt>
        <item>Unsalted margarine</item></ing>
      <ing>
        <amt>
          <qty>2</qty>
          <unit>tablespoons</unit></amt>
        <item>All-purpose flour</item></ing>
      <ing>
        <amt>
          <qty>3/4</qty>
          <unit>cups</unit></amt>
        <item>Skim milk</item></ing>
      <ing>
        <amt>
          <qty>1/3</qty>
          <unit>cups</unit></amt>
        <item>Monterey jack cheese; shredd</item></ing>
      <ing>
        <amt>
          <qty>2</qty>
          <unit>teaspoons</unit></amt>
        <item>Parmesan cheese; grated</item></ing>
      <ing>
        <amt>
          <qty>1</qty>
          <unit/></amt>
        <item>Jalapeno pepper; seeded and</item></ing></ingredients>
    <directions>
      <step>  Recipe by: Cooking Light Place scallops in a vegetable steamer over boiling
  water. Cover and steam 3 to 5 minutes. Transfer scallops to 4 individual
  baking dishes coated with cooking spray; set aside. Melt margarine in
  saucepan over low heat; add flour, stirring until smooth. Cook 1 minute,
  stirring constantly. Gradually add milk; cook over medium heat, stirring
  constantly until mixture is thickened and bubbly. Stir in shredded cheese.
  Pour cheese sauce over scallops. Sprinkle with Parmesan cheese and
  jalapeno. Broil scallops 5-1/2 inches from heat until lightly browned.
  YIELD: 4 servings
  Posted to MC-Recipe Digest V1 #929 by Nancy Berry &lt;nlberry@prodigy.net&gt; on
  Nov 28, 1997
 
</step></directions></recipe></recipeml>
