<?xml version="1.0" encoding="UTF-8"?>

<recipeml version="0.5">
  <recipe>
    <head>
      <title>Bay Scallop Scampi</title>
      <categories>
        <cat>None</cat></categories>
      <yield>1</yield></head>
    <ingredients>
      <ing>
        <amt>
          <qty>1/2</qty>
          <unit>pounds</unit></amt>
        <item>Penne pasta</item></ing>
      <ing>
        <amt>
          <qty>2</qty>
          <unit>ounces</unit></amt>
        <item>Unsalted butter; melted</item></ing>
      <ing>
        <amt>
          <qty>2</qty>
          <unit>tablespoons</unit></amt>
        <item>Plus 2 tsp. olive oil</item></ing>
      <ing>
        <amt>
          <qty>2</qty>
          <unit>tablespoons</unit></amt>
        <item>Dry vermouth</item></ing>
      <ing>
        <amt>
          <qty>1</qty>
          <unit>tablespoon</unit></amt>
        <item>Lemon juice</item></ing>
      <ing>
        <amt>
          <qty>2</qty>
          <unit>tablespoons</unit></amt>
        <item>Shallots; chopped</item></ing>
      <ing>
        <amt>
          <qty>1 1/2</qty>
          <unit>teaspoons</unit></amt>
        <item>Garlic; minced</item></ing>
      <ing>
        <amt>
          <qty>1 1/2</qty>
          <unit>tablespoons</unit></amt>
        <item>Parsley; chopped</item></ing>
      <ing>
        <amt>
          <qty>1</qty>
          <unit>pound</unit></amt>
        <item>Bay scallops</item></ing>
      <ing>
        <amt>
          <qty>Prep:</qty>
          <unit>10</unit></amt>
        <item>min, Cook: 5 min.</item></ing></ingredients>
    <directions>
      <step>  Cook pasta in a large pan of boiling water 8-10 minutes, or until al dente.
  Drain and keep warm. Turn on broiler. Combine remaining ingredients, except
  scallops, in a bowl. Season with salt and pepper to taste. Mix well.
  Arrange scallops in a broiler proof dish. Pour butter mixture over scallops
  and toss. Broil 3-4 minutes. Turn and broil 2-3 minutes. Serve over pasta.
  Posted to recipelu-digest by molony &lt;molony@scsn.net&gt; on Feb 20, 1998
 
</step></directions></recipe></recipeml>
