<?xml version="1.0" encoding="UTF-8"?>

<recipeml version="0.5">
  <recipe>
    <head>
      <title>Bay Scallops Bourguignonne</title>
      <categories>
        <cat>Appetizers</cat>
        <cat>Bobbie - no</cat>
        <cat>Carrots</cat>
        <cat>Grains</cat>
        <cat>Main dishes</cat></categories>
      <yield>4</yield></head>
    <ingredients>
      <ing-div>
        <title>FOR THE SAUCE</title>
        <ing>
          <amt>
            <qty>1</qty>
            <unit>tablespoon</unit></amt>
          <item>Butter</item></ing>
        <ing>
          <amt>
            <qty>3</qty>
            <unit/></amt>
          <item>Shallots; peeled/thinlysliced</item></ing>
        <ing>
          <amt>
            <qty>1</qty>
            <unit>small</unit></amt>
          <item>Carrot; peeled and diced</item></ing>
        <ing>
          <amt>
            <qty>1</qty>
            <unit>medium</unit></amt>
          <item>Rib celery; diced</item></ing>
        <ing>
          <amt>
            <qty>1</qty>
            <unit/></amt>
          <item>Bay leaf</item></ing>
        <ing>
          <amt>
            <qty>1</qty>
            <unit/></amt>
          <item>Bottle pinot noir; (3 cups) preferably from Burgundy</item></ing>
        <ing>
          <amt>
            <qty>1</qty>
            <unit>cup</unit></amt>
          <item>Veal stock</item></ing>
        <ing>
          <amt>
            <qty/>
            <unit/></amt>
          <item>Salt and pepper to taste</item></ing></ing-div>
      <ing-div>
        <title>FOR THE GARNISH</title>
        <ing>
          <amt>
            <qty>1</qty>
            <unit>cup</unit></amt>
          <item>Cooked couscous</item></ing>
        <ing>
          <amt>
            <qty>1/4</qty>
            <unit>cups</unit></amt>
          <item>Cooked lentils</item></ing>
        <ing>
          <amt>
            <qty>4</qty>
            <unit/></amt>
          <item>Sprigs fresh thyme</item></ing>
        <ing>
          <amt>
            <qty>4</qty>
            <unit/></amt>
          <item>Sprigs fresh tarragon</item></ing>
        <ing>
          <amt>
            <qty>1</qty>
            <unit>small</unit></amt>
          <item>Bunch chives; cut into long pieces</item></ing></ing-div>
      <ing-div>
        <title>FOR THE SCALLOPS</title>
        <ing>
          <amt>
            <qty>24</qty>
            <unit/></amt>
          <item>Bay scallops</item></ing>
        <ing>
          <amt>
            <qty>2</qty>
            <unit>tablespoons</unit></amt>
          <item>Butter</item></ing>
        <ing>
          <amt>
            <qty>1/2</qty>
            <unit/></amt>
          <item>Leek; white part only, cut into diamond-shaped pieces</item></ing>
        <ing>
          <amt>
            <qty>2</qty>
            <unit/></amt>
          <item>Black truffles or 4 shiitake mushrooms; stems removed, cut into fine julienne pieces</item></ing></ing-div></ingredients>
    <directions>
      <step>  Chef Jacky Pluton of Carlos in Highland Park prepares this dish with
  scallops in the shells, which are very difficult to obtain, and uses fried
  onion slices and fried rice noodles as part of the garniture.
  
  1. Prepare the sauce. In a medium saucepan, cook the shallots in 1
  tablespoon butter until they become translucent. Add the carrots, celery
  and bay leaf and cook an additional 2 minutes, stirring several times. Add
  the wine, bring to a boil and cook until reduced by half. Add the stock and
  continue to reduce until the sauce has a light syrup consistency. Strain
  through a fine sieve and adjust seasoning with salt and pepper. Set aside.
  
  2. While sauce is reducing, prepare couscous and lentils by package
  directions. Combine and set aside. Recipe may be done ahead to this point.
  
  3. Prepare scallops. Make a ring of the couscous-lentil mixture around the
  interior edge of 4 heat-proof soup plates and place in a warming oven.
  Reheat sauce. Add scallops to sauce and simmer until just firm, 2 to 3
  minutes. Meanwhile, heat 2 tablespoons butter in a skillet and saut the
  leek and truffles until the leeks are tender, about 2 minutes.
  
  4. Make a bed of leek and truffles in the center of each plate. Arrange six
  scallops atop each bed and spoon sauce over the scallops and the couscous
  mixture. Garnish with thyme, tarragon and chives and serve at once with the
  same wine used for the sauce. Yield: Four appetizer servings Copyright 1995
  Chicago Tribune Date: Sunday, May 28, 1995 MC formatting by
  bobbi744@sojourn.com
  
  Recipe by: Chicago Tribune
  
  Posted to MC-Recipe Digest by Roberta Banghart &lt;bobbi744@sojourn.com&gt; on
  Apr 01, 1998
 
</step></directions></recipe></recipeml>
