<?xml version="1.0" encoding="UTF-8"?>

<recipeml version="0.5">
  <recipe>
    <head>
      <title>Bay Scallop En Papillote with Mango Sauce /draft</title>
      <categories>
        <cat>Martha stew</cat>
        <cat>Menu</cat>
        <cat>Entertainin</cat></categories>
      <yield>2</yield></head>
    <ingredients>
      <ing-div>
        <title/>
        <ing>
          <amt>
            <qty>2</qty>
            <unit/></amt>
          <item>New potatoes; thinly sliced, with peel on</item></ing>
        <ing>
          <amt>
            <qty>2</qty>
            <unit>tablespoons</unit></amt>
          <item>Clarified butter Clean Trim and Thinly Slice---</item></ing>
        <ing>
          <amt>
            <qty>2</qty>
            <unit>small</unit></amt>
          <item>Leeks</item></ing>
        <ing>
          <amt>
            <qty>1/2</qty>
            <unit>cups</unit></amt>
          <item>Chanterelle mushrooms</item></ing>
        <ing>
          <amt>
            <qty>1/2</qty>
            <unit>cups</unit></amt>
          <item>Mushrooms</item></ing>
        <ing>
          <amt>
            <qty>2</qty>
            <unit>tablespoons</unit></amt>
          <item>Mirin sweet vinegar additions---</item></ing>
        <ing>
          <amt>
            <qty>2</qty>
            <unit>tablespoons</unit></amt>
          <item>Unsalted butter; may be doubled</item></ing>
        <ing>
          <amt>
            <qty>2</qty>
            <unit>teaspoons</unit></amt>
          <item>Orange zest; threads</item></ing>
        <ing>
          <amt>
            <qty>1/4</qty>
            <unit>teaspoons</unit></amt>
          <item>Coriander seed; crushed</item></ing></ing-div>
      <ing-div>
        <title>EN PAPILLOTE</title>
        <ing>
          <amt>
            <qty>2</qty>
            <unit/></amt>
          <item>Sheets parchment paper; or foil</item></ing>
        <ing>
          <amt>
            <qty>6</qty>
            <unit>ounces</unit></amt>
          <item>Bay scallops; cleaned and dried</item></ing>
        <ing>
          <amt>
            <qty>4</qty>
            <unit>tablespoons</unit></amt>
          <item>Truffle butter; or to taste</item></ing></ing-div>
      <ing-div>
        <title>CHUNKY FRUIT SAUCE</title>
        <ing>
          <amt>
            <qty/>
            <unit/></amt>
          <item>Mango</item></ing>
        <ing>
          <amt>
            <qty/>
            <unit/></amt>
          <item>Dried apricots</item></ing>
        <ing>
          <amt>
            <qty/>
            <unit/></amt>
          <item>Some acid</item></ing>
        <ing>
          <amt>
            <qty/>
            <unit/></amt>
          <item>Tarragon; to serve</item></ing></ing-div></ingredients>
    <directions>
      <step>  *Preheat oven to 350F. Thinly slice the scrubbed potatoes. Brush a baker's
  sheet (large, heavy) with clarified butter; arrange the potatoes in a
  single layer on the sheet. Brush tops of potatoes lightly with clarified
  butter. Salt and pepper, if using. Bake 15 to 18 minutes or until done, not
  browned. Remove. From oven
  
  *Meanwhile, heat unsalted butter in a large saute pan over medium. Add the
  leek, mushrooms, zest and ground coriander seed; heat then add the mirin,
  salt and pepper (if using). Soften for 10-15 minutes.
  
  *Preheat oven to 475F. Make Parchment-paper envelopes: Fold single sheet of
  parchment paper in half (to form squate) then cut large heart-shaped piece,
  like a Valentine. Open and assemble potatoes, leeks, chanterelle,
  mushrooms, bay scallops and a dollop (2 tablespoons) of truffle butter.
  Fold and turn the cut edges into a hem that seals the envelope. Makes 10 to
  15 minutes; serve in the paper; cutting an opening or lid in the top. Serve
  with the mango sauce, garnished with tarragon just before serving.
  
  SOURCES (12 Nov 97) Recipe by Katy Sparks, Executive chef, Quilty's, 177
  Prince Street, New York, NY. draft: phannema@wizard.ucr.edu (13 nov 97)
  
  METHOD: Food that cooks quickly, like chicken and seafood, lends itself to
  the "en papillote" steaming technique (French for "in paper"). Choose a
  couple of flavorful ingredients, like shallots and truffles or parsley and
  lemon, and let them infuse a dish. The heart swells, and in a brief time
  creates a dish that is moist, with flavorful broth.
  
  Recipe by: Martha Stewart Living, TV, Nov 12, 1997
  
  Posted to MC-Recipe Digest V1 #907 by KitPATh &lt;phannema@wizard.ucr.edu&gt; on
  Nov 13, 1997
 
</step></directions></recipe></recipeml>
