<?xml version="1.0" encoding="UTF-8"?>

<recipeml version="0.5">
  <recipe>
    <head>
      <title>Bay Scallops with Lemon and Dill</title>
      <categories>
        <cat>Scallops</cat></categories>
      <yield>4</yield></head>
    <ingredients>
      <ing>
        <amt>
          <qty>2</qty>
          <unit>tablespoons</unit></amt>
        <item>Unsalted Oleo; (1/4 Stick)</item></ing>
      <ing>
        <amt>
          <qty>1 1/2</qty>
          <unit>pounds</unit></amt>
        <item>Bay Scallop</item></ing>
      <ing>
        <amt>
          <qty>2/3</qty>
          <unit>cups</unit></amt>
        <item>Dry Vermouth</item></ing>
      <ing>
        <amt>
          <qty>1</qty>
          <unit>tablespoon</unit></amt>
        <item>Lemon Juice</item></ing>
      <ing>
        <amt>
          <qty>1/2</qty>
          <unit>teaspoons</unit></amt>
        <item>Finely Grated Lemon Peel</item></ing>
      <ing>
        <amt>
          <qty>1/4</qty>
          <unit>cups</unit></amt>
        <item>Chopped Fresh Dill OR</item></ing>
      <ing>
        <amt>
          <qty>1/2</qty>
          <unit>teaspoons</unit></amt>
        <item>Dried Dillweed</item></ing>
      <ing>
        <amt>
          <qty>1/4</qty>
          <unit>teaspoons</unit></amt>
        <item>Freshly Ground Pepper</item></ing></ingredients>
    <directions>
      <step>  Coat Heavy Large Skillet Generously With Nonstick Vegetable Spray. Add Oleo
  &amp; Melt Over Medium Heat. Add Scallops &amp; Stir Until Almostopaque, About 2
  Min. Transfer To A Bowl Using A Slotted Spoon. Add Vermouth, Lemon Juice &amp;
  Lemon Peel To Skillet &amp; Boil Until Reduced To A Thick Glaze, About 5 Min.
  Add Any Juices Exuded By The Scallops &amp; Boil Until Reduced To Glaze. Return
  Scallops To Skillet &amp; Stir Until Coated With Sauce. Mix in Dill &amp; Pepper.
  Serve Immediately.
  Posted to recipelu-digest Volume 01 Number 367 by RecipeLu
  &lt;recipelu@geocities.com&gt; on Dec 13, 1997
 
</step></directions></recipe></recipeml>
