<?xml version="1.0" encoding="UTF-8"?>

<recipeml version="0.5">
  <recipe>
    <head>
      <title>Bay Scallop Ceviche</title>
      <categories>
        <cat>Appetizers</cat>
        <cat>Hors d'oeuv</cat>
        <cat>Seafood</cat></categories>
      <yield>6</yield></head>
    <ingredients>
      <ing>
        <amt>
          <qty>1 1/2</qty>
          <unit>teaspoons</unit></amt>
        <item>Ground cumin</item></ing>
      <ing>
        <amt>
          <qty>1</qty>
          <unit>cup</unit></amt>
        <item>Fresh lime juice</item></ing>
      <ing>
        <amt>
          <qty>1/2</qty>
          <unit>cups</unit></amt>
        <item>Fresh orange juice</item></ing>
      <ing>
        <amt>
          <qty>2</qty>
          <unit>pounds</unit></amt>
        <item>Bay scallops</item></ing>
      <ing>
        <amt>
          <qty>1</qty>
          <unit/></amt>
        <item>Hot red chili pepper; finely chopped</item></ing>
      <ing>
        <amt>
          <qty>1/4</qty>
          <unit>cups</unit></amt>
        <item>Red onion; finely chopped</item></ing>
      <ing>
        <amt>
          <qty>3</qty>
          <unit/></amt>
        <item>Ripe plum tomatoes; seeded and chopped</item></ing>
      <ing>
        <amt>
          <qty>1</qty>
          <unit/></amt>
        <item>Red bell pepper; seeded and chopped</item></ing>
      <ing>
        <amt>
          <qty>3</qty>
          <unit/></amt>
        <item>Green onions; chopped</item></ing>
      <ing>
        <amt>
          <qty>1</qty>
          <unit>cup</unit></amt>
        <item>Chopped fresh cilantro</item></ing>
      <ing>
        <amt>
          <qty>1</qty>
          <unit/></amt>
        <item>Lime; sliced, for garnish</item></ing></ingredients>
    <directions>
      <step>  Stir the cumin into the lime and orange juices and pour over the scallops.
  Stir in the chopped chili pepper and red onion. Cover and refrigerate for
  at least 2 hours.
  
  Just before serving, drain the scallops and mix with the chopped tomatoes,
  bell pepper, green onions and cilantro. Garnish with the slices of lime.
  
  Recipe by: American Bistro by Irena Chalmers
  
  Posted to EAT-LF Digest by "sherilyn70@earthlink.net"
  &lt;sherilyn70@earthlink.net&gt; on May 20, 1998
 
</step></directions></recipe></recipeml>
