<?xml version="1.0" encoding="UTF-8"?>

<recipeml version="0.5">
  <recipe>
    <head>
      <title>Bay Scallops with Lime and Cream</title>
      <categories>
        <cat>Appetizers</cat>
        <cat>Scallops</cat></categories>
      <yield>1</yield></head>
    <ingredients>
      <ing>
        <amt>
          <qty>1/2</qty>
          <unit>pounds</unit></amt>
        <item>Very fresh raw bay scallops*</item></ing>
      <ing>
        <amt>
          <qty>3</qty>
          <unit>tablespoons</unit></amt>
        <item>Fresh lime juice</item></ing>
      <ing>
        <amt>
          <qty>1</qty>
          <unit>cup</unit></amt>
        <item>Creme fraiche OR sour cream OR reduced-fat sour cream</item></ing>
      <ing>
        <amt>
          <qty/>
          <unit/></amt>
        <item>Freshly ground black pepper</item></ing>
      <ing>
        <amt>
          <qty/>
          <unit/></amt>
        <item>Radicchio OR lettuce leaves for serving</item></ing></ingredients>
    <directions>
      <step>  Garnish: watercress and lime peel
  
  Put the scallops in a bowl and toss them with lime juice. Chill until ready
  to serve. just before serving, pour off the lime juice and fold in crime
  fraiche or sour cream. Season with pepper (do not add salt). Serve on
  radicchio or lettuce leaves and garnish with a sprig of watercress and fine
  shreds of lime peel. *Physicians advise thatpeople whose immune systems
  have been weakened by illness (such as diabetes or cancer) or by long-term
  steroid use not eat raw seafood.
  
  NOTES : NOTES:If you are an accomplished cook, this elegant appetizer will
  take two minutes to prepare.  A beginner may need an extra 30 seconds.
  Posted to MC-Recipe Digest by "Jeanne T. Elledge" &lt;jeanne@atlantic.net&gt; on
  Dec 03, 1997
 
</step></directions></recipe></recipeml>
