<?xml version="1.0" encoding="UTF-8"?>

<recipeml version="0.5">
  <recipe>
    <head>
      <title>Bay Country Crab Soup</title>
      <categories>
        <cat>Soups/stews</cat>
        <cat>Fish crab</cat></categories>
      <yield>5</yield></head>
    <ingredients>
      <ing>
        <amt>
          <qty>1</qty>
          <unit>pound</unit></amt>
        <item>Beef shin; bone-in</item></ing>
      <ing>
        <amt>
          <qty>3</qty>
          <unit>quarts</unit></amt>
        <item>Water</item></ing>
      <ing>
        <amt>
          <qty>1</qty>
          <unit>large</unit></amt>
        <item>Onion; chopped</item></ing>
      <ing>
        <amt>
          <qty>2</qty>
          <unit>large</unit></amt>
        <item>Stalks celery; chopped</item></ing>
      <ing>
        <amt>
          <qty>1</qty>
          <unit/></amt>
        <item>1 pound can tomatoes</item></ing>
      <ing>
        <amt>
          <qty>1</qty>
          <unit>tablespoon</unit></amt>
        <item>Salt</item></ing>
      <ing>
        <amt>
          <qty>1/4</qty>
          <unit>teaspoons</unit></amt>
        <item>Black pepper</item></ing>
      <ing>
        <amt>
          <qty>1/8</qty>
          <unit>teaspoons</unit></amt>
        <item>Cayenne pepper</item></ing>
      <ing>
        <amt>
          <qty>1</qty>
          <unit>package</unit></amt>
        <item>Frozen mixed vegetables; (10 oz)</item></ing>
      <ing>
        <amt>
          <qty>1</qty>
          <unit>package</unit></amt>
        <item>Fresh or frozen mixed soup vegetables</item></ing>
      <ing>
        <amt>
          <qty>1</qty>
          <unit>pound</unit></amt>
        <item>Maryland regular crabmeat</item></ing>
      <ing>
        <amt>
          <qty>1/2</qty>
          <unit>pounds</unit></amt>
        <item>Maryland claw crabmeat; 8 ozs</item></ing></ingredients>
    <directions>
      <step>  Recipe by: The Maryland Seafood Cookbook.
  
  Put first 8 ingredients in a large pot and simmer covered, until meat is
  tender, about three hours. Add the rest of the ingredients and simmer
  covered until vegetables are done.
  
  Formatted for you by:  Bill Webster
  
  Posted to MC-Recipe Digest V1 #761 by Bill &lt;thelma@pipeline.com&gt; on Aug 27,
  1997
 
</step></directions></recipe></recipeml>
