<?xml version="1.0" encoding="UTF-8"?>

<recipeml version="0.5">
  <recipe>
    <head>
      <title>Bay Scallop Saute</title>
      <categories>
        <cat>Pasta</cat>
        <cat>Seafood</cat>
        <cat>Low-cal</cat></categories>
      <yield>4</yield></head>
    <ingredients>
      <ing>
        <amt>
          <qty>1</qty>
          <unit>tablespoon</unit></amt>
        <item>Olive oil</item></ing>
      <ing>
        <amt>
          <qty>1</qty>
          <unit>medium</unit></amt>
        <item>Garlic clove, chopped fine</item></ing>
      <ing>
        <amt>
          <qty>3/4</qty>
          <unit>pounds</unit></amt>
        <item>Bay scallops</item></ing>
      <ing>
        <amt>
          <qty>1/4</qty>
          <unit>medium</unit></amt>
        <item>Red bell pepper, diced</item></ing>
      <ing>
        <amt>
          <qty>1/4</qty>
          <unit>medium</unit></amt>
        <item>Green bell pepper, diced</item></ing>
      <ing>
        <amt>
          <qty>1/4</qty>
          <unit>medium</unit></amt>
        <item>Yellow bell pepper, diced</item></ing>
      <ing>
        <amt>
          <qty>1/2</qty>
          <unit>cups</unit></amt>
        <item>Rich, salt-free fish stock</item></ing>
      <ing>
        <amt>
          <qty>1/4</qty>
          <unit>cups</unit></amt>
        <item>Dry white wine</item></ing>
      <ing>
        <amt>
          <qty>2</qty>
          <unit>teaspoons</unit></amt>
        <item>Cornstarch</item></ing>
      <ing>
        <amt>
          <qty>1/4</qty>
          <unit>cups</unit></amt>
        <item>Finely shredded fresh basil leaves</item></ing>
      <ing>
        <amt>
          <qty>2</qty>
          <unit>tablespoons</unit></amt>
        <item>Toasted pine nute</item></ing>
      <ing>
        <amt>
          <qty/>
          <unit/></amt>
        <item>Freshly ground black pepper</item></ing>
      <ing>
        <amt>
          <qty/>
          <unit/></amt>
        <item>Cooked pasta-thin strands</item></ing></ingredients>
    <directions>
      <step>  In a large skillet, heat the oil with the garlic over moderate-to-high
  heat. When the garlic sizzles, add the scallops and saute just until they
  firm up slightly, about 30 seconds. then add the peppers and saute about 1
  minute more.
  
  Stir in the fish stock. In a small cup or bowl, stir the cornstarch into
  the wine until it dissolves, then stir that mixture into the ingredients in
  the skillet. Simmer until the sauce begins to thicken slightly, about 1
  minute. Then stir in the basil and pine nuts and spoon over cooked pasta.
  Season to taste with black pepper.
  
  From Gemini's MASSIVE MealMaster collection at www.synapse.com/~gemini
 
</step></directions></recipe></recipeml>
