<?xml version="1.0" encoding="UTF-8"?>

<recipeml version="0.5">
  <recipe>
    <head>
      <title>Bayou Yam Muffins</title>
      <categories>
        <cat>Tabasco</cat></categories>
      <yield>12</yield></head>
    <ingredients>
      <ing>
        <amt>
          <qty>1</qty>
          <unit>cup</unit></amt>
        <item>All-purpose flour</item></ing>
      <ing>
        <amt>
          <qty>1</qty>
          <unit>cup</unit></amt>
        <item>Yellow cornmeal</item></ing>
      <ing>
        <amt>
          <qty>1/4</qty>
          <unit>cups</unit></amt>
        <item>Sugar</item></ing>
      <ing>
        <amt>
          <qty>1</qty>
          <unit>tablespoon</unit></amt>
        <item>Baking powder</item></ing>
      <ing>
        <amt>
          <qty>1 1/4</qty>
          <unit>teaspoons</unit></amt>
        <item>Ground cinnamon</item></ing>
      <ing>
        <amt>
          <qty>1/2</qty>
          <unit>teaspoons</unit></amt>
        <item>Salt</item></ing>
      <ing>
        <amt>
          <qty>2</qty>
          <unit/></amt>
        <item>Eggs</item></ing>
      <ing>
        <amt>
          <qty>1/2</qty>
          <unit>cups</unit></amt>
        <item>Cold strong coffee</item></ing>
      <ing>
        <amt>
          <qty>1/4</qty>
          <unit>cups</unit></amt>
        <item>Butter or margarine; melted</item></ing>
      <ing>
        <amt>
          <qty>1</qty>
          <unit>cup</unit></amt>
        <item>Mashed yams or sweet potatoes</item></ing>
      <ing>
        <amt>
          <qty>1/2</qty>
          <unit>teaspoons</unit></amt>
        <item>TABASCO pepper sauce</item></ing></ingredients>
    <directions>
      <step>  Preheat oven to 425øF. Grease twelve 3 x 1 1/2-inch muffin cups. In large
  bowl, combine flour, cornmeal, sugar, baking powder, cinnamon and salt. In
  medium bowl, beat eggs; stir in coffee, butter, yams and Tabasco pepper
  sauce. Make well in center of dry ingredients; add yam mixture and stir
  just to combine. Spoon batter into prepared muffin cups. Bake 20 to 25
  minutes or until cake tester inserted in center comes out clean. Cool 5
  minutes on wire rack.
  
  Remove from pans. Serve warm or at room temperature. Makes 12 muffins.
  
  *Microwave directions: Prepare muffin batter as directed above. Spoon
  approximately 1/3 cup batter into each of 6 paper baking cup-lined 6-ounce
  custard cups or microwave-safe muffin pan cups. Cook, uncovered, on High 4
  to 5 1/2 minutes or until cake tester inserted in center comes out clean;
  turn and rearrange cups or turn muffin pan 1/2 turn once during cooking.
  
  With small spatula, remove muffins. Cool 5 minutes on wire rack. Remove
  from pans. Repeat procedure with remaining batter. Serve warm or at room
  temperature.
  
  Busted by Karen Sonnessa &lt;ksonness@suffolk.lib.ny.us&gt;
  
  Recipe by: Tabasco www.tabasco.com
  
  Posted to MC-Recipe Digest by "Karen Sonnessa" &lt;ksonness@suffolk.lib.ny.us&gt;
  on Apr 23, 1998
 
</step></directions></recipe></recipeml>
