<?xml version="1.0" encoding="UTF-8"?>

<recipeml version="0.5">
  <recipe>
    <head>
      <title>Bays Blueberry Crumb Cakes</title>
      <categories>
        <cat>None</cat></categories>
      <yield>1</yield></head>
    <ingredients>
      <ing>
        <amt>
          <qty>1</qty>
          <unit>package</unit></amt>
        <item>(8 oz) cream cheese; softened</item></ing>
      <ing>
        <amt>
          <qty>1/4</qty>
          <unit>cups</unit></amt>
        <item>Sugar</item></ing>
      <ing>
        <amt>
          <qty>1</qty>
          <unit/></amt>
        <item>Egg</item></ing>
      <ing>
        <amt>
          <qty>1</qty>
          <unit>teaspoon</unit></amt>
        <item>Vanilla extract</item></ing>
      <ing>
        <amt>
          <qty>3</qty>
          <unit/></amt>
        <item>Bays english muffins; lightly toasted</item></ing>
      <ing>
        <amt>
          <qty>1</qty>
          <unit>cup</unit></amt>
        <item>Frozen blueberries; thawed*</item></ing>
      <ing>
        <amt>
          <qty/>
          <unit/></amt>
        <item>Crumb topping; (recipe follows)</item></ing>
      <ing>
        <amt>
          <qty>2</qty>
          <unit>tablespoons</unit></amt>
        <item>Butter or margarine</item></ing>
      <ing>
        <amt>
          <qty>2</qty>
          <unit>tablespoons</unit></amt>
        <item>Flour</item></ing>
      <ing>
        <amt>
          <qty>1/4</qty>
          <unit>cups</unit></amt>
        <item>Packed brown sugar</item></ing>
      <ing>
        <amt>
          <qty>1/4</qty>
          <unit>cups</unit></amt>
        <item>Quick-cooking oats</item></ing></ingredients>
    <directions>
      <step>  In medium bowl, beat cream cheese, sugar, egg and vanilla until smooth.
  Place about 2 rounded tablespoons of cream cheese mixture on each muffin
  half. Evenly arrange blueberries on top of cream cheese. Sprinkle about 2
  tablespoons crumb topping ov^er each muffin. Place muffins on a cookie
  sheet; bake in a preheated 350° F oven, 20 to 25 minutes. Cool 30 minutes
  before serving. *Fresh blueberries may be substituted
  
  Crumb Topping 2 tablespoons butter or margarine 2 tablespoons flour 1/4 cup
  packed brown sugar 1/4 cup quick-cooking oats
  
  In a small bowl, with pastry blender, cut butter into flour until mixture
  resembles coarse crumbs. Stir in brown sugar and oats. Place about 2
  tablespoons crumb topping on each muffin half.
  
  Serves 6
  
  Recipe Contest Winner
  
  Bays English Muffins www.bays.com
  Posted to MC-Recipe Digest by SuzyWert@aol.com on Feb 13, 1998
 
</step></directions></recipe></recipeml>
