<?xml version="1.0" encoding="UTF-8"?>

<recipeml version="0.5">
  <recipe>
    <head>
      <title>Bbq'd Baby Back Ribs</title>
      <categories>
        <cat>Meat</cat></categories>
      <yield>12</yield></head>
    <ingredients>
      <ing-div>
        <title>DRY RUB</title>
        <ing>
          <amt>
            <qty>4</qty>
            <unit>teaspoons</unit></amt>
          <item>Paprika</item></ing>
        <ing>
          <amt>
            <qty>2</qty>
            <unit>teaspoons</unit></amt>
          <item>Salt</item></ing>
        <ing>
          <amt>
            <qty>2</qty>
            <unit>teaspoons</unit></amt>
          <item>Onion powder</item></ing>
        <ing>
          <amt>
            <qty>2</qty>
            <unit>teaspoons</unit></amt>
          <item>Ground black pepper</item></ing>
        <ing>
          <amt>
            <qty>1</qty>
            <unit>teaspoon</unit></amt>
          <item>Cayenne</item></ing></ing-div>
      <ing-div>
        <title>SAUCE</title>
        <ing>
          <amt>
            <qty>6</qty>
            <unit>tablespoons</unit></amt>
          <item>Salt</item></ing>
        <ing>
          <amt>
            <qty>6</qty>
            <unit>tablespoons</unit></amt>
          <item>Black pepper</item></ing>
        <ing>
          <amt>
            <qty>6</qty>
            <unit>teaspoons</unit></amt>
          <item>Chili powder</item></ing>
        <ing>
          <amt>
            <qty>4</qty>
            <unit>cups</unit></amt>
          <item>Ketchup</item></ing>
        <ing>
          <amt>
            <qty>4</qty>
            <unit>cups</unit></amt>
          <item>White vinegar</item></ing>
        <ing>
          <amt>
            <qty>4</qty>
            <unit>cups</unit></amt>
          <item>Water</item></ing>
        <ing>
          <amt>
            <qty>1</qty>
            <unit>large</unit></amt>
          <item>Yellow onion; diced</item></ing>
        <ing>
          <amt>
            <qty>1/2</qty>
            <unit>cups</unit></amt>
          <item>Sorghum molasses</item></ing></ing-div></ingredients>
    <directions>
      <step>  DRY RUB DIRECTIONS: Mix in jar, cover and shake well to mix. Sprinkle rub
  liberally over and into the surface.
  
  RIB SMOKING DIRECTIONS: Prepare smoker for long, slow cooking using
  hickory, mesquite is also very good. Some people prefer to do back ribs
  using some of the wood of the fruit trees, apple, pear, etc.
  
  BBQ SAUCE DIRECTIONS: Combine all ingredients in a large saucepan. Bring to
  a gentle simmer.  Allow to cool for at least one hour to allow the flavors
  to blend.
  
  Date: Fri, 07 Jun 1996 07:34:54 -0700
  
  From: cstarz@teleport.com (Carey Starzinger)
  
  MM-Recipes Digest V3 #158
  
  From the MealMaster recipe list.  Downloaded from Glen's MM Recipe Archive,
  http://www.erols.com/hosey.
 
</step></directions></recipe></recipeml>
