<?xml version="1.0" encoding="UTF-8"?>

<recipeml version="0.5">
  <recipe>
    <head>
      <title>Bbq Ribs, Apple City Championship</title>
      <categories>
        <cat>Bbq</cat>
        <cat>Ribs</cat></categories>
      <yield>8</yield></head>
    <ingredients>
      <ing>
        <amt>
          <qty>8</qty>
          <unit/></amt>
        <item>RACKS OF RIBS</item></ing>
      <ing>
        <amt>
          <qty/>
          <unit/></amt>
        <item>DRY RUB--</item></ing>
      <ing>
        <amt>
          <qty>2 1/2</qty>
          <unit>tablespoons</unit></amt>
        <item>BLACK PEPPER</item></ing>
      <ing>
        <amt>
          <qty>2 1/2</qty>
          <unit>tablespoons</unit></amt>
        <item>PAPRIKA</item></ing>
      <ing>
        <amt>
          <qty>1 1/4</qty>
          <unit>teaspoons</unit></amt>
        <item>GRD RED PEPPER</item></ing>
      <ing>
        <amt>
          <qty>1 1/4</qty>
          <unit>teaspoons</unit></amt>
        <item>GARLIC POWDER</item></ing>
      <ing>
        <amt>
          <qty>1 1/2</qty>
          <unit>teaspoons</unit></amt>
        <item>CELERY SALT</item></ing>
      <ing>
        <amt>
          <qty>3/4</qty>
          <unit>teaspoons</unit></amt>
        <item>DRY MUSTARD</item></ing>
      <ing>
        <amt>
          <qty/>
          <unit/></amt>
        <item>BBQ SAUCE---</item></ing>
      <ing>
        <amt>
          <qty>1</qty>
          <unit>cup</unit></amt>
        <item>CATSUP</item></ing>
      <ing>
        <amt>
          <qty>1/4</qty>
          <unit>cups</unit></amt>
        <item>SOUY SAUCE</item></ing>
      <ing>
        <amt>
          <qty>2</qty>
          <unit>tablespoons</unit></amt>
        <item>WORCHESTERSHIRE SAUCE</item></ing>
      <ing>
        <amt>
          <qty>3/4</qty>
          <unit>teaspoons</unit></amt>
        <item>GARLIC POWDER</item></ing>
      <ing>
        <amt>
          <qty>1/4</qty>
          <unit>cups</unit></amt>
        <item>APPLE CIDER VINEGAR</item></ing>
      <ing>
        <amt>
          <qty>1/4</qty>
          <unit>cups</unit></amt>
        <item>APPLE JUICE</item></ing>
      <ing>
        <amt>
          <qty>3/4</qty>
          <unit>teaspoons</unit></amt>
        <item>MED SIZED ONION FINELY</item></ing>
      <ing>
        <amt>
          <qty/>
          <unit/></amt>
        <item>GRATED</item></ing>
      <ing>
        <amt>
          <qty>1/4</qty>
          <unit>medium</unit></amt>
        <item>SIZE GOLDEN DELICIOUS APPLE</item></ing>
      <ing>
        <amt>
          <qty/>
          <unit/></amt>
        <item>GRATED</item></ing>
      <ing>
        <amt>
          <qty>2</qty>
          <unit>teaspoons</unit></amt>
        <item>GRATED GREEN BELL PEPPER</item></ing></ingredients>
    <directions>
      <step>  MIX TOGETHER INGREDIENT FOR DRY RUB.  PLACE ON RIBS COATING BOTH SIDES.
  WRAP IN FOIL FOR 8-10 HRS TO MAKE BBQ SAUE COMBINE ALL INGREDIENTS AND
  BRING TO A BOIL ADD ONION APPLE AND GREEN PEPPERS SIMMER UNCOVERED TO THE
  DESIRED THICKNESS TO SMOKE RIBS 5 1/2 HRS AT 180-200 DEGREES BASTE WITH
  APPLE JUICE DURING COOKING. BASTE WITH THE SAUCE DURING THE LAST 15MIN.
  
  Recipe By     :
  
  From Gemini's MASSIVE MealMaster collection at www.synapse.com/~gemini
 
</step></directions></recipe></recipeml>
