<?xml version="1.0" encoding="UTF-8"?>

<recipeml version="0.5">
  <recipe>
    <head>
      <title>Bbq Pork (Cha Siu)</title>
      <categories>
        <cat>Chinese</cat>
        <cat>To post</cat>
        <cat>Pork</cat></categories>
      <yield>1</yield></head>
    <ingredients>
      <ing>
        <amt>
          <qty>1</qty>
          <unit>pound</unit></amt>
        <item>Lean; tender pork in one piece</item></ing>
      <ing>
        <amt>
          <qty>1/4</qty>
          <unit>cups</unit></amt>
        <item>Chicken stock</item></ing>
      <ing>
        <amt>
          <qty>1/4</qty>
          <unit>cups</unit></amt>
        <item>Soy sauce</item></ing>
      <ing>
        <amt>
          <qty>1/4</qty>
          <unit>cups</unit></amt>
        <item>Brown bean sauce</item></ing>
      <ing>
        <amt>
          <qty>2</qty>
          <unit>tablespoons</unit></amt>
        <item>Chinese cooking wine</item></ing>
      <ing>
        <amt>
          <qty>2</qty>
          <unit>tablespoons</unit></amt>
        <item>Garlic; finely chopped</item></ing>
      <ing>
        <amt>
          <qty>6</qty>
          <unit>drops</unit></amt>
        <item>Red food coloring (optional)</item></ing></ingredients>
    <directions>
      <step>  1. Mix stock, soy sauce, brown bean sauce, cooking wine, chopped garlic,
  and food coloring. Pour over pork.
  
  2. Marinate 3 hours at room temperature or overnight in the refrigerator.
  
  3. Preheat oven to 500F. 4. Place pork on rack over drip pan in oven,
  reduce heat to 350F, and roast for 1 hour.
  
  Notes: Yield - 1 lb
  
  Formatted &amp; Busted by RecipeLu &lt;recipelu@recipelu.com&gt;
  Posted to recipelu-digest Volume 01 Number 226 by RecipeLu
  &lt;recipelu@geocities.com&gt; on Nov 09, 1997
 
</step></directions></recipe></recipeml>
