<?xml version="1.0" encoding="UTF-8"?>

<recipeml version="0.5">
  <recipe>
    <head>
      <title>Bbq Kielbasi</title>
      <categories>
        <cat>Appetizers</cat>
        <cat>Finger food</cat>
        <cat>Ground beef</cat></categories>
      <yield>8</yield></head>
    <ingredients>
      <ing>
        <amt>
          <qty>3</qty>
          <unit>pounds</unit></amt>
        <item>Skinless kielbasi; sliced</item></ing>
      <ing>
        <amt>
          <qty>1</qty>
          <unit>cup</unit></amt>
        <item>Ketchup</item></ing>
      <ing>
        <amt>
          <qty>1</qty>
          <unit>cup</unit></amt>
        <item>Brown sugar</item></ing>
      <ing>
        <amt>
          <qty>2</qty>
          <unit>tablespoons</unit></amt>
        <item>Worcestershire sauce</item></ing>
      <ing>
        <amt>
          <qty>1/4</qty>
          <unit>teaspoons</unit></amt>
        <item>Dry mustard</item></ing>
      <ing>
        <amt>
          <qty>1</qty>
          <unit>tablespoon</unit></amt>
        <item>Lemon juice</item></ing>
      <ing>
        <amt>
          <qty>1/2</qty>
          <unit>cups</unit></amt>
        <item>Chili sauce</item></ing></ingredients>
    <directions>
      <step>  Biol kielbasi in water for 30 minutes to remove grease. Combine remaining
  ingredients in a crock pot and cook for about 2 hours or until done. Serve
  in crock pot with toothpicks.
  
  Recipe by: Lori Ziencik
  
  Posted to TNT Recipes Digest by "LauraG" &lt;gaggini@gate.usaor.net&gt; on Apr
  25, 1998
 
</step></directions></recipe></recipeml>
