<?xml version="1.0" encoding="UTF-8"?>

<recipeml version="0.5">
  <recipe>
    <head>
      <title>Bbq Beef Sandwiches</title>
      <categories>
        <cat>Crockpot</cat></categories>
      <yield>1</yield></head>
    <ingredients>
      <ing>
        <amt>
          <qty>3</qty>
          <unit>pounds</unit></amt>
        <item>Rump roast</item></ing>
      <ing>
        <amt>
          <qty/>
          <unit/></amt>
        <item>Water</item></ing>
      <ing>
        <amt>
          <qty/>
          <unit/></amt>
        <item>Beef bouillon cubes</item></ing>
      <ing>
        <amt>
          <qty/>
          <unit/></amt>
        <item>Pepper</item></ing>
      <ing>
        <amt>
          <qty/>
          <unit/></amt>
        <item>Crusty sour dough rolls</item></ing></ingredients>
    <directions>
      <step>  Place the roast in the crock cover 2/3 way with water. Add the cubes and
  pepper. Cook on high for about 6 hours, until the meat falls apart.
  
  When the roast is done place on a plate and with a fork shred it. drain off
  the water Place the shredded Beef back into the crock pot. Add the BBQ
  sauce and a little of the left over broth.
  
  Keep warm until ready to serve.
  
  Serve on Crusty rolls...with: Mayo, Mustard, lettuce tomatoes, red onion
  slices, pickle slices, hot pepper rings.
  
  Place all this near the crock and let everyone serve them selfs...Good with
  a potato or pasta salad ..... Posted to EAT-L Digest by Cheryl Fears
  &lt;mafx20@DIAL.PIPEX.COM&gt; on Aug 4, 1997
 
</step></directions></recipe></recipeml>
