<?xml version="1.0" encoding="UTF-8"?>

<recipeml version="0.5">
  <recipe>
    <head>
      <title>Bbq Chicken</title>
      <categories>
        <cat>Poultry</cat>
        <cat>Bbq/grill</cat></categories>
      <yield>6</yield></head>
    <ingredients>
      <ing>
        <amt>
          <qty>1</qty>
          <unit>cup</unit></amt>
        <item>Barbecue sauce</item></ing>
      <ing>
        <amt>
          <qty>1/2</qty>
          <unit>cups</unit></amt>
        <item>Italian dressing</item></ing>
      <ing>
        <amt>
          <qty>2 1/2</qty>
          <unit>pounds</unit></amt>
        <item>Fryer-broiler chicken</item></ing></ingredients>
    <directions>
      <step>  Mix sauce and dressing. Place chicken, skin-side down, on greased grill
  over low coals. Grill uncovered 50 to 60 minutes or untilk tender, brushing
  frequently with sauce during last 30 minutes, turning occasionally.
  
  Posted to MC-Recipe Digest V1 #654 by Diana Stephens
  &lt;mdstephe@ix.netcom.com&gt; on Jul 1, 1997
 
</step></directions></recipe></recipeml>
