<?xml version="1.0" encoding="UTF-8"?>

<recipeml version="0.5">
  <recipe>
    <head>
      <title>Bbq Crockpot Beef</title>
      <categories>
        <cat>Meat</cat></categories>
      <yield>8</yield></head>
    <ingredients>
      <ing>
        <amt>
          <qty>2</qty>
          <unit/></amt>
        <item>Onions</item></ing>
      <ing>
        <amt>
          <qty/>
          <unit/></amt>
        <item>Cheap roast</item></ing>
      <ing>
        <amt>
          <qty>1</qty>
          <unit/></amt>
        <item>Bottle BBQ sauce</item></ing>
      <ing>
        <amt>
          <qty/>
          <unit/></amt>
        <item>Brown sugar; to taste</item></ing>
      <ing>
        <amt>
          <qty/>
          <unit/></amt>
        <item>Vinegar; to taste</item></ing></ingredients>
    <directions>
      <step>  Date: Sat, 25 May 1996 07:43:26 -0400
  
  From: "Thomas J. May" &lt;Matsubayas@AOL.COM&gt;
  
  Chop onions and put in bottom of crock pot. Put the roast on top on onions,
  add the bottle of BBQ sauce.  Cook on high all day, 8-10 hours. You know
  this is done when the meat can be pulled apart with a fork, and its
  stringy. Add a little brown sugar and vinegar to taste. Serve on burger
  buns or hot dog buns. I prefer the hot dog buns, less messy.
  
  EAT-L DIGEST 24 MAY 1996
  
  From the EAT-L recipe list.  Downloaded from Glen's MM Recipe Archive,
  http://www.erols.com/hosey.
 
</step></directions></recipe></recipeml>
