<?xml version="1.0" encoding="UTF-8"?>

<recipeml version="0.5">
  <recipe>
    <head>
      <title>Bbq Pork Chops with Peaches</title>
      <categories>
        <cat>None</cat></categories>
      <yield>1</yield></head>
    <ingredients>
      <ing-div>
        <title>SAUCE - INCREASE AS NEEDED</title>
        <ing>
          <amt>
            <qty>1/2</qty>
            <unit>cups</unit></amt>
          <item>Ketchup</item></ing>
        <ing>
          <amt>
            <qty>1/4</qty>
            <unit>cups</unit></amt>
          <item>Pickle relish</item></ing>
        <ing>
          <amt>
            <qty>3</qty>
            <unit>tablespoons</unit></amt>
          <item>Lemon juice</item></ing>
        <ing>
          <amt>
            <qty>1 1/2</qty>
            <unit>tablespoons</unit></amt>
          <item>Brown sugar</item></ing>
        <ing>
          <amt>
            <qty>1</qty>
            <unit>teaspoon</unit></amt>
          <item>Mustard</item></ing>
        <ing>
          <amt>
            <qty>1</qty>
            <unit>teaspoon</unit></amt>
          <item>Minced onion</item></ing>
        <ing>
          <amt>
            <qty>1/2</qty>
            <unit>teaspoons</unit></amt>
          <item>Salt</item></ing>
        <ing>
          <amt>
            <qty>1/2</qty>
            <unit>teaspoons</unit></amt>
          <item>Worchestershire sauce</item></ing>
        <ing>
          <amt>
            <qty>1/3</qty>
            <unit>cups</unit></amt>
          <item>Water; (sometimes I leave out the water...)</item></ing></ing-div></ingredients>
    <directions>
      <step>  Brown pork chops on both sides, seasoning with salt and pepper. (Takes
  about 20 minutes). Pour sauce over (recipe follows), top with peach halves
  and whole cloves. Bake at 350 for about 1 hour. Make your favorite biscuit
  recipe (I use Bisquick). Roll and cut out biscuits and place on top of hot
  peaches and sauce and pork. Return to oven till biscuits are done. The
  biscuits will soak up some of the peach juice and sauce while they cook.
  Posted to TNT Recipes Digest by Lisa Long &lt;byhisgrc@lightspeed.net&gt; on Feb
  17, 1998
 
</step></directions></recipe></recipeml>
