<?xml version="1.0" encoding="UTF-8"?>

<recipeml version="0.5">
  <recipe>
    <head>
      <title>Bbq Chicken with Lime Bbq Sauce Hbwk07a</title>
      <categories>
        <cat>B</cat>
        <cat>B</cat>
        <cat>Q</cat>
        <cat>Poultry</cat>
        <cat>Chicken</cat></categories>
      <yield>6</yield></head>
    <ingredients>
      <ing>
        <amt>
          <qty>1</qty>
          <unit>teaspoon</unit></amt>
        <item>Butter</item></ing>
      <ing>
        <amt>
          <qty>1</qty>
          <unit>cup</unit></amt>
        <item>Celery - 1/4 inch dice</item></ing>
      <ing>
        <amt>
          <qty>1</qty>
          <unit/></amt>
        <item>Med red bell pepper 1/4" dic</item></ing>
      <ing>
        <amt>
          <qty>3</qty>
          <unit>tablespoons</unit></amt>
        <item>Soy sauce</item></ing>
      <ing>
        <amt>
          <qty>2</qty>
          <unit>tablespoons</unit></amt>
        <item>White vinegar</item></ing>
      <ing>
        <amt>
          <qty>1</qty>
          <unit>tablespoon</unit></amt>
        <item>Dijon mustard</item></ing>
      <ing>
        <amt>
          <qty>1/2</qty>
          <unit>teaspoons</unit></amt>
        <item>Salt</item></ing>
      <ing>
        <amt>
          <qty>3</qty>
          <unit/></amt>
        <item>Chkn breasts, hvd &amp; deboned</item></ing>
      <ing>
        <amt>
          <qty>1/4</qty>
          <unit>cups</unit></amt>
        <item>Carrots - shredded</item></ing>
      <ing>
        <amt>
          <qty>1</qty>
          <unit/></amt>
        <item>Med onion, 1/4" dice</item></ing>
      <ing>
        <amt>
          <qty>1</qty>
          <unit/></amt>
        <item>Clove garlic, finely minced</item></ing>
      <ing>
        <amt>
          <qty>1</qty>
          <unit>cup</unit></amt>
        <item>Chicken stock</item></ing>
      <ing>
        <amt>
          <qty>1</qty>
          <unit>cup</unit></amt>
        <item>Catsup</item></ing>
      <ing>
        <amt>
          <qty>3</qty>
          <unit>tablespoons</unit></amt>
        <item>Brown sugar - packed</item></ing>
      <ing>
        <amt>
          <qty>1/4</qty>
          <unit>cups</unit></amt>
        <item>Fresh lime juice</item></ing></ingredients>
    <directions>
      <step>  Date: Tue, 21 May 1996 00:30:34 -0400
  
  From: ivanco &lt;ivanco@mail.netserve.net&gt;
  
  Sweat the carrots in butter 5 minutes; then add the celery, onion, red
  pepper  and  garlic;  meanwhile, in a medium saucepan, mix soy sauce,
  chicken stock and vinegar; whisk in catsup, Dijon mustard, brown sugar and
  salt;  heat to simmer,  dissolving  sugar,
    and  cook  10   minutes;  add vegetables and heat through remove from
  heat and stir  in lime  juice.
     Sear  chicken  on  both  sides and place in shallow pan; pour marinade
  over; let marinate for at  least 30 minutes, turning occasionally and
  basting. Pour off marinade into saucepan; heat to boiling; grill chicken,
  basting until done;  reduce sauce to half volume; serve over chicken. Serve
  with  Potato / Apple Salad. Yield 6 servings. From Chuck Ozburn.
  
  Posted to MealMaster Recipes List, Digest #141
 
</step></directions></recipe></recipeml>
