<?xml version="1.0" encoding="UTF-8"?>

<recipeml version="0.5">
  <recipe>
    <head>
      <title>Bbq Plum-Glazed Ribs</title>
      <categories>
        <cat>Pork</cat>
        <cat>Bar-b-q</cat></categories>
      <yield>4</yield></head>
    <ingredients>
      <ing>
        <amt>
          <qty>3</qty>
          <unit>pounds</unit></amt>
        <item>Pork spareribs</item></ing>
      <ing>
        <amt>
          <qty>3/4</qty>
          <unit>cups</unit></amt>
        <item>Plum sauce</item></ing>
      <ing>
        <amt>
          <qty>1/4</qty>
          <unit>cups</unit></amt>
        <item>Cider vinegar</item></ing>
      <ing>
        <amt>
          <qty>2</qty>
          <unit>tablespoons</unit></amt>
        <item>Tomato paste</item></ing>
      <ing>
        <amt>
          <qty>1</qty>
          <unit>teaspoon</unit></amt>
        <item>Gingerroot, minced</item></ing>
      <ing>
        <amt>
          <qty>1</qty>
          <unit>teaspoon</unit></amt>
        <item>Dijon mustard</item></ing>
      <ing>
        <amt>
          <qty>3/4</qty>
          <unit>teaspoons</unit></amt>
        <item>Worcestershire sauce</item></ing>
      <ing>
        <amt>
          <qty>1/2</qty>
          <unit>teaspoons</unit></amt>
        <item>Hot pepper sauce</item></ing>
      <ing>
        <amt>
          <qty>1</qty>
          <unit/></amt>
        <item>Garlic clove, minced</item></ing></ingredients>
    <directions>
      <step>  Cut spareribs between bones into single ribs. In large pot, cover ribs with
  salted water and bring to boil; reduce heat, cover and simmer for about 40
  minutes or until fork-tender. Drain well and transfer to bowl.
  
  In separate small bowl, whisk together plum sauce, vinegar, tomato paste,
  ginger, mustard, Worcestershire sauce, hot pepper sauce and garlic; pour
  over ribs, turning to coat.
  
  Cover and marinate ribs in refrigerator for at least 4 hours or up to 24
  hours. Let stand at room temperature for 30 minutes.
  
  Reserving marinade, place ribs on greased grill over medium-high heat;
  cover and cook, turning and basting often with marinade, for 10-15 minutes
  or until glazed and browned.
  
  Per serving: about 470 calories, 31 g protein, 30 g fat, 16 g carbohydrate
  Good source iron.
  
  Serve with: BBQ: Juicy-Good Corn; (see recipe) and Spinach Salad
  Bumbleberry Crumble
  
  Source: Canadian Living magazine Jun 95 Presented in article by Elizabeth
  Baird: "Grate Partners"
  
      [-=PAM=-]   PA_Meadows@msn.com
  Posted to MM-Recipes Digest V3 #342
  
  From: "Paul A Meadows" &lt;PA_Meadows@msn.com&gt;
  
  Date: Sat, 14 Dec 96 22:03:08 UT
 
</step></directions></recipe></recipeml>
