<?xml version="1.0" encoding="UTF-8"?>

<recipeml version="0.5">
  <recipe>
    <head>
      <title>Bbq Chicken Marinade - Sbkk78a</title>
      <categories>
        <cat>Bbq</cat>
        <cat>Sauces</cat>
        <cat>Marinade</cat></categories>
      <yield>1</yield></head>
    <ingredients>
      <ing>
        <amt>
          <qty>1</qty>
          <unit>cup</unit></amt>
        <item>Good Sherry ***</item></ing>
      <ing>
        <amt>
          <qty>1/2</qty>
          <unit>cups</unit></amt>
        <item>Extra Virgin Olive Oil</item></ing>
      <ing>
        <amt>
          <qty>1</qty>
          <unit/></amt>
        <item>Onion, Medium Minced</item></ing>
      <ing>
        <amt>
          <qty>6</qty>
          <unit/></amt>
        <item>Garlic Cloves, Minced</item></ing>
      <ing>
        <amt>
          <qty>1</qty>
          <unit>tablespoon</unit></amt>
        <item>Worcestershire Sauce</item></ing>
      <ing>
        <amt>
          <qty>1</qty>
          <unit>tablespoon</unit></amt>
        <item>Dijon Mustard</item></ing>
      <ing>
        <amt>
          <qty>1</qty>
          <unit>tablespoon</unit></amt>
        <item>Mixed Herbs</item></ing>
      <ing>
        <amt>
          <qty>1/2</qty>
          <unit>teaspoons</unit></amt>
        <item>Pepper, coarse ground</item></ing>
      <ing>
        <amt>
          <qty>1</qty>
          <unit>teaspoon</unit></amt>
        <item>Soy Sauce</item></ing>
      <ing>
        <amt>
          <qty>1</qty>
          <unit>tablespoon</unit></amt>
        <item>Dry Vermouth</item></ing></ingredients>
    <directions>
      <step>  Mix all ingredients in deep dish or bowl..*** Amontillado sherry is best
  for this.. remember use only good sherry... not over salted cooking
  sherry.. if you cant drink it you shouldnt cook with it. This is enough for
  about 2 lb chicken which should marinate in this for several hours before
  it goes to the grill.. this can also be used as basting sauce but watch out
  for flare ups of oil on hot coals... Ken.
  
  Posted to MM-Recipes Digest V4 #143 by stut@liii.com (Stu) on May 23, 1997
 
</step></directions></recipe></recipeml>
