<?xml version="1.0" encoding="UTF-8"?>

<recipeml version="0.5">
  <recipe>
    <head>
      <title>Bbq Dry Rub</title>
      <categories>
        <cat>Barbeque</cat>
        <cat>Seasonings</cat></categories>
      <yield>1</yield></head>
    <ingredients>
      <ing>
        <amt>
          <qty>1</qty>
          <unit>tablespoon</unit></amt>
        <item>Chile, ground, New Mexico</item></ing>
      <ing>
        <amt>
          <qty>2</qty>
          <unit>teaspoons</unit></amt>
        <item>Paprika, hungarian</item></ing>
      <ing>
        <amt>
          <qty>1</qty>
          <unit>teaspoon</unit></amt>
        <item>Cumin, powder</item></ing>
      <ing>
        <amt>
          <qty>1</qty>
          <unit>teaspoon</unit></amt>
        <item>Coriander; ground</item></ing>
      <ing>
        <amt>
          <qty>1</qty>
          <unit>teaspoon</unit></amt>
        <item>Salt</item></ing>
      <ing>
        <amt>
          <qty>1</qty>
          <unit>teaspoon</unit></amt>
        <item>Onion powder</item></ing>
      <ing>
        <amt>
          <qty>1</qty>
          <unit>teaspoon</unit></amt>
        <item>Garlic powder</item></ing>
      <ing>
        <amt>
          <qty>1/2</qty>
          <unit>teaspoons</unit></amt>
        <item>Mustard, dry, Coleman's</item></ing>
      <ing>
        <amt>
          <qty>1/2</qty>
          <unit>teaspoons</unit></amt>
        <item>Black Pepper; freshly ground</item></ing>
      <ing>
        <amt>
          <qty>1/2</qty>
          <unit>teaspoons</unit></amt>
        <item>Thyme, leaves, dried</item></ing>
      <ing>
        <amt>
          <qty>1/2</qty>
          <unit>teaspoons</unit></amt>
        <item>Curry powder</item></ing>
      <ing>
        <amt>
          <qty>1/2</qty>
          <unit>teaspoons</unit></amt>
        <item>Allspice, ground</item></ing></ingredients>
    <directions>
      <step>  Mix all ingredients.  Rub on meat and refrigerate the night before smoking.
  
  Comment: Consider halving the chile for a  milder rub.
  Posted to MC-Recipe Digest V1 #171
  
  Date: Sun, 28 Jul 1996 12:26:17 -0700
  
  From: Carey Starzinger - BBQ Mailing List
  NOTES : MasterCook formatted by: Garry Howard, Cambridge, MA
       g.howard@ix.netcom.com
       http://members.aol.com/garhow
 
</step></directions></recipe></recipeml>
