<?xml version="1.0" encoding="UTF-8"?>

<recipeml version="0.5">
  <recipe>
    <head>
      <title>Bbq Pork Sandwiches with Five-Vegetable Slaw</title>
      <categories>
        <cat>None</cat></categories>
      <yield>1</yield></head>
    <ingredients>
      <ing-div>
        <title>BBQ BEEF</title>
        <ing>
          <amt>
            <qty>1/4</qty>
            <unit>cups</unit></amt>
          <item>Plus 2 tablespoons dark molasses</item></ing>
        <ing>
          <amt>
            <qty>1/3</qty>
            <unit>cups</unit></amt>
          <item>Cider vinegar</item></ing>
        <ing>
          <amt>
            <qty>1/4</qty>
            <unit>cups</unit></amt>
          <item>Tomato paste</item></ing>
        <ing>
          <amt>
            <qty>4</qty>
            <unit>large</unit></amt>
          <item>Garlic cloves; minced</item></ing>
        <ing>
          <amt>
            <qty>1</qty>
            <unit>teaspoon</unit></amt>
          <item>Cumin</item></ing>
        <ing>
          <amt>
            <qty>1/4</qty>
            <unit>teaspoons</unit></amt>
          <item>Cayenne pepper; or to taste</item></ing>
        <ing>
          <amt>
            <qty>1/2</qty>
            <unit/></amt>
          <item>Teasoon paprika</item></ing>
        <ing>
          <amt>
            <qty>1/3</qty>
            <unit>teaspoons</unit></amt>
          <item>Coriander</item></ing>
        <ing>
          <amt>
            <qty>1/2</qty>
            <unit>teaspoons</unit></amt>
          <item>Salt</item></ing>
        <ing>
          <amt>
            <qty>1/4</qty>
            <unit>teaspoons</unit></amt>
          <item>Freshly ground black pepper</item></ing>
        <ing>
          <amt>
            <qty>1 1/2</qty>
            <unit>pounds</unit></amt>
          <item>Boneless pork shoulder; 2 inch cubes</item></ing>
        <ing>
          <amt>
            <qty>2</qty>
            <unit/></amt>
          <item>Bay leaves</item></ing>
        <ing>
          <amt>
            <qty>4</qty>
            <unit>large</unit></amt>
          <item>Soft; sesame-topped buns</item></ing></ing-div>
      <ing-div>
        <title>FIVE-VEGETABLE SLAW</title>
        <ing>
          <amt>
            <qty>5</qty>
            <unit>cups</unit></amt>
          <item>Green cabbage; finely shredded</item></ing>
        <ing>
          <amt>
            <qty>1/2</qty>
            <unit>cups</unit></amt>
          <item>Red bell pepper; thinly sliced</item></ing>
        <ing>
          <amt>
            <qty>1/2</qty>
            <unit>cups</unit></amt>
          <item>Green bell pepper; thinly sliced</item></ing>
        <ing>
          <amt>
            <qty>1/2</qty>
            <unit>medium</unit></amt>
          <item>Cucumber; thinly sliced</item></ing>
        <ing>
          <amt>
            <qty>3</qty>
            <unit/></amt>
          <item>Scallions; thinly sliced</item></ing>
        <ing>
          <amt>
            <qty>1/3</qty>
            <unit>cups</unit></amt>
          <item>Mayonnaise</item></ing>
        <ing>
          <amt>
            <qty>1</qty>
            <unit>tablespoon</unit></amt>
          <item>Cider vinegar</item></ing>
        <ing>
          <amt>
            <qty>1/4</qty>
            <unit>teaspoons</unit></amt>
          <item>Salt</item></ing>
        <ing>
          <amt>
            <qty>1/4</qty>
            <unit>teaspoons</unit></amt>
          <item>Freshly ground black pepper</item></ing></ing-div></ingredients>
    <directions>
      <step>  BBQ Pork: Preheat the oven to 325F. In a medium bowl, whisk together the
  molasses, vinegar, tomato paste, garlic, cumin, cayenne, paprika,
  coriander, salt and pepper. Place the pork cubes and bay leaves in a large,
  shallow noncorrodible baking dish. Add the molasses mixture and stir well
  to coat. Cover with foil and bake until pork is very tender, about 1 1/2
  hours.
  
  Remove the meat from the sauce and shred with a knife. Return the shredded
  meat to the baking dish and mix with the sauce.
  
  Slice the buns in half. Spoon the pork onto the bottom halves of the buns
  and mound 1/2 cup or more of the vegetable slaw on top.
  Cover with the bun tops and serve the remaining vegetable slaw on the side.
  Five-Vegetable Slaw: In a large bowl, toss together the cabbage, red and
  green bell peppers, cucumber and scallions. Mix in the mayonnaise, vinegar,
  salt and black pepper. Cover and refrigerate for up to 2 days before
  serving.
  
  Posted to recipelu-digest by LSHW &lt;shusky@erols.com&gt; on Mar 19, 1998
 
</step></directions></recipe></recipeml>
