<?xml version="1.0" encoding="UTF-8"?>

<recipeml version="0.5">
  <recipe>
    <head>
      <title>Bbq Ribs W Peanut Chipotle Sauce or Scotch Bonnet and Molass</title>
      <categories>
        <cat>Pork</cat></categories>
      <yield>4</yield></head>
    <ingredients>
      <ing-div>
        <title/>
        <ing>
          <amt>
            <qty>1</qty>
            <unit>cup</unit></amt>
          <item>Soy sauce</item></ing>
        <ing>
          <amt>
            <qty>4</qty>
            <unit>tablespoons</unit></amt>
          <item>Coarsely chopped ginger</item></ing>
        <ing>
          <amt>
            <qty>2</qty>
            <unit/></amt>
          <item>Racks of pork ribs (12 ribs each)</item></ing>
        <ing>
          <amt>
            <qty>2 1/2</qty>
            <unit>cups</unit></amt>
          <item>Peanut Chipotle Sauce</item></ing>
        <ing>
          <amt>
            <qty>4</qty>
            <unit>cups</unit></amt>
          <item>Corn Tomatillio Salsa</item></ing>
        <ing>
          <amt>
            <qty>2</qty>
            <unit>cups</unit></amt>
          <item>Chopped peanuts</item></ing></ing-div>
      <ing-div>
        <title>PEANUT CHIPOTLE SAUCE</title>
        <ing>
          <amt>
            <qty>1 1/2</qty>
            <unit>cups</unit></amt>
          <item>New Mexico style barbecue sauce</item></ing>
        <ing>
          <amt>
            <qty>1/2</qty>
            <unit>cups</unit></amt>
          <item>Smooth peanut butter</item></ing>
        <ing>
          <amt>
            <qty>1/4</qty>
            <unit>cups</unit></amt>
          <item>Soy sauce</item></ing>
        <ing>
          <amt>
            <qty>1 1/2</qty>
            <unit>tablespoons</unit></amt>
          <item>Rice wine vinegar</item></ing>
        <ing>
          <amt>
            <qty>1 1/2</qty>
            <unit>teaspoons</unit></amt>
          <item>Pureed canned chipotles</item></ing>
        <ing>
          <amt>
            <qty>1 1/2</qty>
            <unit>tablespoons</unit></amt>
          <item>Honey</item></ing>
        <ing>
          <amt>
            <qty/>
            <unit/></amt>
          <item>SCOTCH BbONNET &amp; MOLASSES SAUCE:</item></ing>
        <ing>
          <amt>
            <qty>1 1/2</qty>
            <unit>cups</unit></amt>
          <item>New Mexico style barbecue sauce</item></ing>
        <ing>
          <amt>
            <qty>1</qty>
            <unit/></amt>
          <item>Scotch bonnet pepper, finely chopped, seeds removed</item></ing>
        <ing>
          <amt>
            <qty>1 1/2</qty>
            <unit>tablespoons</unit></amt>
          <item>Rice wine vinegar</item></ing>
        <ing>
          <amt>
            <qty>1 1/2</qty>
            <unit>tablespoons</unit></amt>
          <item>Molasses</item></ing></ing-div>
      <ing-div>
        <title>CORN TOMATILLIO SALSA</title>
        <ing>
          <amt>
            <qty>1</qty>
            <unit>cup</unit></amt>
          <item>Roasted corn kernels</item></ing>
        <ing>
          <amt>
            <qty>2</qty>
            <unit>medium</unit></amt>
          <item>Tomatillos, husked and coarsely chopped</item></ing>
        <ing>
          <amt>
            <qty>1</qty>
            <unit>tablespoon</unit></amt>
          <item>Finely diced red onion</item></ing>
        <ing>
          <amt>
            <qty>1 1/2</qty>
            <unit>teaspoons</unit></amt>
          <item>Minced jalapeno</item></ing>
        <ing>
          <amt>
            <qty>2</qty>
            <unit>tablespoons</unit></amt>
          <item>Fresh lime juice</item></ing>
        <ing>
          <amt>
            <qty>2</qty>
            <unit>tablespoons</unit></amt>
          <item>Coarsely chopped cilantro</item></ing>
        <ing>
          <amt>
            <qty>1/2</qty>
            <unit>teaspoons</unit></amt>
          <item>Honey</item></ing></ing-div></ingredients>
    <directions>
      <step>  Preheat oven to 400 degrees. In a saucepan over mediumhigh heat, combine
  soy sauce, 2 cups of water, and the ginger and bring to a boil. Pour the
  mixture into the bottom of a roasting pan and place ribs on a rack in the
  pan. Brush with sauce of your choice. Place in oven for 1 hour basing every
  10 minutes. Remove from the oven and grill for an additional hour, continue
  to baste every 10 minutes.
  PeanutChipotle Sauce: Combine the barbecue sauce, peanut butter, soy sauce,
  vinegar, pureed chipotles and the honey. Mix well and reserve.
  
  Scotch Bonnet and Molasses Sauce: Combine all ingredients and reserve.
  
  CornTomatillio Salsa: Combine the corn, tomatillos, onion, jalapeno, lime
  juice, cilantro and honey in a bowl and season to taste with salt and
  freshly ground pepper. Posted to MM-Recipes Digest V4 #148 by "Vince &amp;
  Juley Roberts" &lt;vince@bellsouth.net&gt; on May 28, 1997
 
</step></directions></recipe></recipeml>
