<?xml version="1.0" encoding="UTF-8"?>

<recipeml version="0.5">
  <recipe>
    <head>
      <title>Bbq Cornish Hens</title>
      <categories>
        <cat>Poultry</cat></categories>
      <yield>1</yield></head>
    <ingredients>
      <ing>
        <amt>
          <qty>4</qty>
          <unit/></amt>
        <item>Cornish hens, about 1 lb</item></ing>
      <ing>
        <amt>
          <qty/>
          <unit/></amt>
        <item>Each, split in half for</item></ing>
      <ing>
        <amt>
          <qty/>
          <unit/></amt>
        <item>Broiling</item></ing>
      <ing>
        <amt>
          <qty/>
          <unit/></amt>
        <item>Salt &amp; pepper</item></ing>
      <ing>
        <amt>
          <qty>2</qty>
          <unit>tablespoons</unit></amt>
        <item>Finely chopped ginger</item></ing>
      <ing>
        <amt>
          <qty>2</qty>
          <unit>tablespoons</unit></amt>
        <item>Dijon mustard</item></ing>
      <ing>
        <amt>
          <qty>1/2</qty>
          <unit>teaspoons</unit></amt>
        <item>Ground cumin</item></ing>
      <ing>
        <amt>
          <qty>1</qty>
          <unit>tablespoon</unit></amt>
        <item>Finely chopped garlic</item></ing>
      <ing>
        <amt>
          <qty>2</qty>
          <unit>tablespoons</unit></amt>
        <item>Fresh lemon juice</item></ing>
      <ing>
        <amt>
          <qty>3</qty>
          <unit>tablespoons</unit></amt>
        <item>Olive oil</item></ing>
      <ing>
        <amt>
          <qty>4</qty>
          <unit>tablespoons</unit></amt>
        <item>Chopped fresh cilantro</item></ing></ingredients>
    <directions>
      <step>  Sprinkle hens with salt &amp; pepper &amp; put them in a baking dish large
  enough to hold the hens in one layer. Blend the ginger, mustard,
  cumin, garlic, lemon juice &amp; oil with a wire whisk. Brush both sides
  of the hens with this mixture. Cover them with plastic wrap &amp;
  marinate 3-4 hours in the refrigerator. Preheat broiler to high. Put
  the hen halves on broiler pan with high sides. They should be skin
  side up &amp; should be placed about 6" from source of heat. Cook until
  skin is nicely browned, about 10 minutes. Turn the hens &amp; continue
  cooking. Baste them, &amp; continue turning &amp; basting every 5 minutes
  until they are done, about 15 minutes longer. Serve with cilantro
  sprinkled over all.
  
  File ftp://ftp.idiscover.co.uk/pub/food/mealmaster/recipes/mmkah001.zip
 
</step></directions></recipe></recipeml>
