<?xml version="1.0" encoding="UTF-8"?>

<recipeml version="0.5">
  <recipe>
    <head>
      <title>Bbq Drumsticks with Spicy Dips</title>
      <categories>
        <cat>Poultry</cat></categories>
      <yield>12</yield></head>
    <ingredients>
      <ing-div>
        <title>HOT HORSERADISH DIP</title>
        <ing>
          <amt>
            <qty>1</qty>
            <unit/></amt>
          <item>Carton (16 oz.) sour cream; regular, light, or no fat</item></ing>
        <ing>
          <amt>
            <qty>3</qty>
            <unit>tablespoons</unit></amt>
          <item>Prepared horseradish</item></ing>
        <ing>
          <amt>
            <qty>1/2</qty>
            <unit>teaspoons</unit></amt>
          <item>Hot pepper sauce</item></ing></ing-div>
      <ing-div>
        <title>MUSTARD DIP</title>
        <ing>
          <amt>
            <qty>1</qty>
            <unit/></amt>
          <item>Carton (16 oz.) Sour cream regular; light or no fat</item></ing>
        <ing>
          <amt>
            <qty>1/4</qty>
            <unit>cups</unit></amt>
          <item>Country-style Dijon mustard</item></ing>
        <ing>
          <amt>
            <qty>1/4</qty>
            <unit>teaspoons</unit></amt>
          <item>Garlic salt</item></ing>
        <ing>
          <amt>
            <qty>2</qty>
            <unit>teaspoons</unit></amt>
          <item>White wine vinegar</item></ing></ing-div>
      <ing-div>
        <title>CHICKEN</title>
        <ing>
          <amt>
            <qty>24</qty>
            <unit/></amt>
          <item>Chicken drumsticks; skin removed</item></ing>
        <ing>
          <amt>
            <qty>2</qty>
            <unit>cups</unit></amt>
          <item>Barbecue sauce</item></ing></ing-div></ingredients>
    <directions>
      <step>  In medium bowl stir together Hot Horseradish Dip ingredients. Cover;
  refrigerate until ready to serve. Repeat for mustard dip.
  
  Prepare grill placing coals to one side; heat until coals are ash white.
  Make aluminum foil drip pan; place opposite coals.
  
  Place chicken on gril over drip pan. Grill, turning occasionally, for 7
  minutes. Continue grilling, basting occasionally with barbecue sauce, until
  chicken is fork tender (6-8 minutes). Serve chicken hot or cold with dips.
  
  TIP: Substitute 4 pounds of chicken wing drummies for 24 chicken
  drumsticks. Serve as an appetizer.
  
  Recipe by: New Chicken
  
  Posted to MC-Recipe Digest V1 #995 by L979 &lt;L979@aol.com&gt; on Jan 8, 1998
 
</step></directions></recipe></recipeml>
