<?xml version="1.0" encoding="UTF-8"?>

<recipeml version="0.5">
  <recipe>
    <head>
      <title>Bbqed Chile-Marinated Pork Spareribs</title>
      <categories>
        <cat>Pork</cat>
        <cat>Bbq sauces</cat></categories>
      <yield>6</yield></head>
    <ingredients>
      <ing>
        <amt>
          <qty>2</qty>
          <unit/></amt>
        <item>Racks pork spareribs</item></ing>
      <ing>
        <amt>
          <qty>8</qty>
          <unit/></amt>
        <item>Dried New Mexican chiles</item></ing>
      <ing>
        <amt>
          <qty/>
          <unit/></amt>
        <item>Seeded</item></ing>
      <ing>
        <amt>
          <qty>3/4</qty>
          <unit>cups</unit></amt>
        <item>Hot water</item></ing>
      <ing>
        <amt>
          <qty>1/2</qty>
          <unit>cups</unit></amt>
        <item>Ketchup</item></ing>
      <ing>
        <amt>
          <qty>2</qty>
          <unit/></amt>
        <item>Cloves garlic</item></ing>
      <ing>
        <amt>
          <qty>1/2</qty>
          <unit>cups</unit></amt>
        <item>Cider vinegar</item></ing>
      <ing>
        <amt>
          <qty>3</qty>
          <unit>tablespoons</unit></amt>
        <item>Brown sugar -- firm packed</item></ing>
      <ing>
        <amt>
          <qty>2</qty>
          <unit>teaspoons</unit></amt>
        <item>Salt</item></ing>
      <ing>
        <amt>
          <qty>3</qty>
          <unit>tablespoons</unit></amt>
        <item>Tequila</item></ing>
      <ing>
        <amt>
          <qty>1/2</qty>
          <unit>cups</unit></amt>
        <item>Veg. oil</item></ing>
      <ing>
        <amt>
          <qty>1/2</qty>
          <unit>teaspoons</unit></amt>
        <item>Cumin</item></ing>
      <ing>
        <amt>
          <qty>1/8</qty>
          <unit>teaspoons</unit></amt>
        <item>Allspice</item></ing></ingredients>
    <directions>
      <step>  In a large kettle combine the spareribs with water to cover, bring the
  water to a boil and simmer the ribs skimming the froth as necessary, for
  about 50min. Drain the ribs well and pat them dry.
  
  While the ribs are simmering, in a blender puree the chiles,water, ketchup,
  garlic, vinegar, brown sugar, salt, tequila. oil, cumin and the allspice.
  In a jelly roll pan or on a tray coat the ribs generously with some of the
  chili sauce, reserving the remaining sauce in a small bowl, covered with
  plastic wrap and chilled for a least 8 hours or over night.
  
  Let the ribs stand at room temp. for 1 hour and grill them on an oiled rack
  set 5-6 over heat source for 6 min. on each side In a small saucepan simmer
  the reserved chile sauce for 3 min. and serve it with the ribs.
  
  From Gemini's MASSIVE MealMaster collection at www.synapse.com/~gemini
 
</step></directions></recipe></recipeml>
