<?xml version="1.0" encoding="UTF-8"?>

<recipeml version="0.5">
  <recipe>
    <head>
      <title>Al and Tipper Gore's Chinese Chicken with Walnuts</title>
      <categories>
        <cat>Poultry</cat>
        <cat>Low-cal</cat></categories>
      <yield>6</yield></head>
    <ingredients>
      <ing>
        <amt>
          <qty>6</qty>
          <unit/></amt>
        <item>Chicken breast halves (boneless, skinless)</item></ing>
      <ing>
        <amt>
          <qty>2 1/2</qty>
          <unit>tablespoons</unit></amt>
        <item>Reduced-sodium soy sauce</item></ing>
      <ing>
        <amt>
          <qty>1 1/2</qty>
          <unit>tablespoons</unit></amt>
        <item>Water</item></ing>
      <ing>
        <amt>
          <qty>2</qty>
          <unit>teaspoons</unit></amt>
        <item>Cornstarch</item></ing>
      <ing>
        <amt>
          <qty>2</qty>
          <unit>tablespoons</unit></amt>
        <item>Dry sherry</item></ing>
      <ing>
        <amt>
          <qty>1</qty>
          <unit>teaspoon</unit></amt>
        <item>Sugar</item></ing>
      <ing>
        <amt>
          <qty>1</qty>
          <unit>teaspoon</unit></amt>
        <item>Grated fresh ginger</item></ing>
      <ing>
        <amt>
          <qty>1/2</qty>
          <unit>teaspoons</unit></amt>
        <item>Crushed red pepper</item></ing>
      <ing>
        <amt>
          <qty>1/4</qty>
          <unit>teaspoons</unit></amt>
        <item>Salt</item></ing>
      <ing>
        <amt>
          <qty>3</qty>
          <unit>teaspoons</unit></amt>
        <item>Peanut oil</item></ing>
      <ing>
        <amt>
          <qty>2</qty>
          <unit>medium</unit></amt>
        <item>Green peppers cut into 3/4-inch pieces</item></ing>
      <ing>
        <amt>
          <qty>4</qty>
          <unit/></amt>
        <item>Green onions diagonally sliced into, 1-inch lengths</item></ing>
      <ing>
        <amt>
          <qty>1/3</qty>
          <unit>cups</unit></amt>
        <item>Walnut Halves</item></ing></ingredients>
    <directions>
      <step>  [NAH Editor's note: Serve this over rice and you'll cut the percent of
  calories from fat. ]
  
  DIRECTIONS: =========== Cut the chicken into 1-inch pieces and set aside.
  Mix the soy sauce and water, then blend into the cornstarch; stir in the
  sherry, sugar, ginger, red pepper, and salt.
  
  Preheat a wok or large skillet over high heat; add 2 teaspoons of peanut
  oil. Stir-fry the green peppers and onions for 2 minutes and remove. Add
  the walnuts and stir-fry for 1 to 2 minutes until golden brown. Remove. Add
  the rest of the oil and stir-fry half of the chicken for 2 minutes.
  
  Return all the chicken to the wok and stir in the soy mixture. Cook and
  stir until bubbly. Stir in the vegetables and walnuts, cover and cook for 1
  minute.
  
  Per serving: Calories: 229 Protein: 30 grams Carb: 4 grams Sodium: 404 mg
  Fat: 9 grams (35% of calories)
  
  * Source: "Cooking with the Stars" * Published in "Nutrition Action
  Healthletter", March 1994 * Typed for you by Karen Mintzias
  
  busted by sooz
  Posted to recipelu-digest Volume 01 Number 227 by James and Susan Kirkland
  &lt;kirkland@gj.net&gt; on Nov 08, 1997
 
</step></directions></recipe></recipeml>
