<?xml version="1.0" encoding="UTF-8"?>

<recipeml version="0.5">
  <recipe>
    <head>
      <title>Al Fresco Pasta</title>
      <categories>
        <cat>Main dishes</cat>
        <cat>Pasta</cat></categories>
      <yield>3</yield></head>
    <ingredients>
      <ing>
        <amt>
          <qty>4</qty>
          <unit>cups</unit></amt>
        <item>Pasta; cooked, al dente</item></ing>
      <ing>
        <amt>
          <qty>1</qty>
          <unit>cup</unit></amt>
        <item>Tomatoes; chopped</item></ing>
      <ing>
        <amt>
          <qty>1/4</qty>
          <unit>cups</unit></amt>
        <item>Basil; ripped up</item></ing>
      <ing>
        <amt>
          <qty>1/2</qty>
          <unit>cups</unit></amt>
        <item>Mozzarella cheese; diced</item></ing>
      <ing>
        <amt>
          <qty>1/4</qty>
          <unit>cups</unit></amt>
        <item>Onions; chopped</item></ing>
      <ing>
        <amt>
          <qty/>
          <unit/></amt>
        <item>Salt and pepper; to taste</item></ing>
      <ing>
        <amt>
          <qty>2</qty>
          <unit>tablespoons</unit></amt>
        <item>Olive oil</item></ing></ingredients>
    <directions>
      <step>  Sautee olive oil, tomatoes, onion and basil with salt and pepper to taste
  until onions are translucent.
  
  Then add pasta to skillet and saute with sauce until hot.
  
  Take off burner and immediately add diced mozzarella
  
  Toss and serve while hot.
  
  Suggested Wine: Cascata Fireside Chardonnay, Riesling or Sweet Iris
  
  Recipe by: Cascata Winery at the Professors' Place
  
  Posted to recipelu-digest by Nesb2 &lt;Nesb2@aol.com&gt; on Feb 27, 1998
 
</step></directions></recipe></recipeml>
