<?xml version="1.0" encoding="UTF-8"?>

<recipeml version="0.5">
  <recipe>
    <head>
      <title>Al Forno's Double Chocolate Bread</title>
      <categories>
        <cat>Bread</cat></categories>
      <yield>12</yield></head>
    <ingredients>
      <ing>
        <amt>
          <qty>1 1/2</qty>
          <unit>cups</unit></amt>
        <item>Flour</item></ing>
      <ing>
        <amt>
          <qty>3/4</qty>
          <unit>cups</unit></amt>
        <item>Dutch process cocoa</item></ing>
      <ing>
        <amt>
          <qty>2</qty>
          <unit>teaspoons</unit></amt>
        <item>Double acting baking powder</item></ing>
      <ing>
        <amt>
          <qty>1/2</qty>
          <unit>teaspoons</unit></amt>
        <item>Baking soda</item></ing>
      <ing>
        <amt>
          <qty>1/4</qty>
          <unit>teaspoons</unit></amt>
        <item>Salt</item></ing>
      <ing>
        <amt>
          <qty>1</qty>
          <unit/></amt>
        <item>Stick butter; softened</item></ing>
      <ing>
        <amt>
          <qty>1</qty>
          <unit>cup</unit></amt>
        <item>Sugar</item></ing>
      <ing>
        <amt>
          <qty>2</qty>
          <unit/></amt>
        <item>Eggs</item></ing>
      <ing>
        <amt>
          <qty>1/2</qty>
          <unit>cups</unit></amt>
        <item>Sour cream</item></ing>
      <ing>
        <amt>
          <qty>4</qty>
          <unit>ounces</unit></amt>
        <item>Unsweetened chocolate; chopped</item></ing></ingredients>
    <directions>
      <step>  Preheat oven to 350 degrees. Lightly butter abd flour a 9 by 5 by 3 inch
  pan and set aside. Sift together the flour, cocoa, baking powder, baking
  soda and salt; set aside. Beat butter and sigar together until light and
  fluffy. Add the eggs, one at a time, beating about 1 minute after each
  addition. Add the sifted ingredients alternately with the sour cream and
  chocolate chunks, beginning and ending with the dry ingredients. (The
  batter will be quite thick.) Turn the batter into the prepared loaf pan and
  bake 1 hour to 1 hour and 15 minutes. To test, stick a toothpick in the
  center; bread is ready when toothpick comes out clean. Let cool in pan 15
  minutes and remove. Makes one loaf. (From "Leftovers", page 43).
  
  ALIN@FACSTAFF.WISC.EDU
  
  (ALICE FERRIS)
  
  REC.FOOD.RECIPES
  
  From rec.food.cooking archives.  Downloaded from Glen's MM Recipe Archive,
  http://www.erols.com/hosey.
 
</step></directions></recipe></recipeml>
