<?xml version="1.0" encoding="UTF-8"?>

<recipeml version="0.5">
  <recipe>
    <head>
      <title>Alu Gosht Kari (Meat and Potato Curry)</title>
      <categories>
        <cat>Meat</cat></categories>
      <yield>4</yield></head>
    <ingredients>
      <ing>
        <amt>
          <qty>1 1/2</qty>
          <unit>kilograms</unit></amt>
        <item>Beef skirt steak</item></ing>
      <ing>
        <amt>
          <qty>1/4</qty>
          <unit>cups</unit></amt>
        <item>Oil</item></ing>
      <ing>
        <amt>
          <qty>1</qty>
          <unit>teaspoon</unit></amt>
        <item>Black mustard seeds</item></ing>
      <ing>
        <amt>
          <qty>1/2</qty>
          <unit>teaspoons</unit></amt>
        <item>Fenugreek seeds</item></ing>
      <ing>
        <amt>
          <qty>6</qty>
          <unit/></amt>
        <item>Cloves garlic; crushed</item></ing>
      <ing>
        <amt>
          <qty>1</qty>
          <unit>tablespoon</unit></amt>
        <item>Ginger; finely chopped</item></ing>
      <ing>
        <amt>
          <qty>3</qty>
          <unit>medium</unit></amt>
        <item>Onions; finely sliced</item></ing>
      <ing>
        <amt>
          <qty>1 1/2</qty>
          <unit>teaspoons</unit></amt>
        <item>Turmeric</item></ing>
      <ing>
        <amt>
          <qty>2</qty>
          <unit>tablespoons</unit></amt>
        <item>Coriander</item></ing>
      <ing>
        <amt>
          <qty>1</qty>
          <unit>tablespoon</unit></amt>
        <item>Cumin</item></ing>
      <ing>
        <amt>
          <qty>2</qty>
          <unit>teaspoons</unit></amt>
        <item>Chilli powder</item></ing>
      <ing>
        <amt>
          <qty>3</qty>
          <unit>teaspoons</unit></amt>
        <item>Salt</item></ing>
      <ing>
        <amt>
          <qty>2</qty>
          <unit>tablespoons</unit></amt>
        <item>Vinegar</item></ing>
      <ing>
        <amt>
          <qty>2</qty>
          <unit>teaspoons</unit></amt>
        <item>Garam masala</item></ing>
      <ing>
        <amt>
          <qty>2</qty>
          <unit>tablespoons</unit></amt>
        <item>Extra vinegar</item></ing>
      <ing>
        <amt>
          <qty>750</qty>
          <unit>grams</unit></amt>
        <item>Cubed potatoes</item></ing>
      <ing>
        <amt>
          <qty>2</qty>
          <unit>tablespoons</unit></amt>
        <item>Fresh coriander</item></ing></ingredients>
    <directions>
      <step>  From: jane@un.seqeb.gov.au (Lady Jane)
  
  Date: Fri, 28 Jan 1994 00:13:16 GMT
  Cut steak into cubes.  Heat oil and fry mustard seeds till they burst.  Add
  fenugreek, garlic, ginger and onion. Fry until onions are golden.  Add
  turmeric and fry 1 minute.  Add coriander, cumin and chilli. Stir well. Add
  salt and vinegar, and fry until liquid evaporates.  Sprinkle in the garam
  masala and mix well.  Add meat and turn till coated.  Add extra vinegar if
  spices start to stick.  Reduce heat, cover and simmer for 1.5-2 hours.  Add
  cubed potatoes and cover. Cook for further 20-30 minutes or until potatoes
  are cooked. Garnish with fresh coriander.
  
  REC.FOOD.RECIPES ARCHIVES
  
  /MISC
  
  From rec.food.cooking archives.  Downloaded from Glen's MM Recipe Archive,
  http://www.erols.com/hosey.
 
</step></directions></recipe></recipeml>
