<?xml version="1.0" encoding="UTF-8"?>

<recipeml version="0.5">
  <recipe>
    <head>
      <title>Alu Curry</title>
      <categories>
        <cat>Vegetables</cat></categories>
      <yield>4</yield></head>
    <ingredients>
      <ing>
        <amt>
          <qty>1/4</qty>
          <unit>cups</unit></amt>
        <item>Coconut oil*</item></ing>
      <ing>
        <amt>
          <qty>2</qty>
          <unit>tablespoons</unit></amt>
        <item>Curry powder</item></ing>
      <ing>
        <amt>
          <qty/>
          <unit/></amt>
        <item>Slices of green mango,</item></ing>
      <ing>
        <amt>
          <qty/>
          <unit/></amt>
        <item>Peeked (optional)</item></ing>
      <ing>
        <amt>
          <qty>2</qty>
          <unit/></amt>
        <item>Garlic cloves, minced</item></ing>
      <ing>
        <amt>
          <qty>2</qty>
          <unit>pounds</unit></amt>
        <item>Potatoes, peeled and</item></ing>
      <ing>
        <amt>
          <qty>1</qty>
          <unit>cup</unit></amt>
        <item>Water</item></ing>
      <ing>
        <amt>
          <qty/>
          <unit/></amt>
        <item>Salt</item></ing></ingredients>
    <directions>
      <step>    Heat the coconut oil in a large skillet and fry the garlic until golden,
  stirring constantly.  Remove the garlic from the oil and discard. Add the
  curry powder to the oil and saute for 5 minutes, stirring constantly. Add
  the potatoes, mango, water, and salt to taste. Reduce the heat, cover, and
  simmer until the potatoes are tender, about 15 minutes. Serve as a
  vegetarian lunch, supper, or snack. * The coconut oil can be found in any
  market that sells tropical foods.
  
  From Gemini's MASSIVE MealMaster collection at www.synapse.com/~gemini
 
</step></directions></recipe></recipeml>
