<?xml version="1.0" encoding="UTF-8"?>

<recipeml version="0.5">
  <recipe>
    <head>
      <title>Alu Matar (Potatoes and Peas)-Flavors of Indi</title>
      <categories>
        <cat>Vegetables</cat>
        <cat>East/orient</cat></categories>
      <yield>4</yield></head>
    <ingredients>
      <ing>
        <amt>
          <qty>1 1/2</qty>
          <unit>cups</unit></amt>
        <item>Peas</item></ing>
      <ing>
        <amt>
          <qty>2</qty>
          <unit>large</unit></amt>
        <item>Potatoes, 1/2 inch cubes</item></ing>
      <ing>
        <amt>
          <qty>1</qty>
          <unit>cup</unit></amt>
        <item>Chopped tomato</item></ing>
      <ing>
        <amt>
          <qty>2</qty>
          <unit/></amt>
        <item>Cloves minced garlic</item></ing>
      <ing>
        <amt>
          <qty>1/2</qty>
          <unit>cups</unit></amt>
        <item>Onion, chopped</item></ing>
      <ing>
        <amt>
          <qty>4</qty>
          <unit>tablespoons</unit></amt>
        <item>Oil</item></ing>
      <ing>
        <amt>
          <qty>1</qty>
          <unit>teaspoon</unit></amt>
        <item>Salt</item></ing>
      <ing>
        <amt>
          <qty>1/4</qty>
          <unit>teaspoons</unit></amt>
        <item>Garam masala</item></ing>
      <ing>
        <amt>
          <qty>1/4</qty>
          <unit>teaspoons</unit></amt>
        <item>Tumeric</item></ing>
      <ing>
        <amt>
          <qty>1/4</qty>
          <unit>teaspoons</unit></amt>
        <item>Ground coriander</item></ing>
      <ing>
        <amt>
          <qty>1</qty>
          <unit>cup</unit></amt>
        <item>Water</item></ing>
      <ing>
        <amt>
          <qty>1/4</qty>
          <unit>teaspoons</unit></amt>
        <item>Cayenne</item></ing></ingredients>
    <directions>
      <step>  In heavy frying pan, heat oil over low heat.  Add onion and garlic and cook
  till light brown.  Add tomato and all spices except cayenne. Cook for 5
  min, continually stirring to form a well blended sauce.
  
  Add potatoes and stir for a minute to cover with sauce. Add water and cook
  covered over med. heat for 10 min. Remove cover and add peas. Lower heat
  and cook another 15 min. At the end, both vegetables should be done but not
  too soft or mushy.  Taste for seasoning and add cayenne for desired
  hotness.
  
  (adapted from Flavors of India by Shanta Sacharoff)
  
  From Gemini's MASSIVE MealMaster collection at www.synapse.com/~gemini
 
</step></directions></recipe></recipeml>
