<?xml version="1.0" encoding="UTF-8"?>

<recipeml version="0.5">
  <recipe>
    <head>
      <title>Alvin Kerr's Zephyr Buns</title>
      <categories>
        <cat>Breads</cat></categories>
      <yield>18</yield></head>
    <ingredients>
      <ing>
        <amt>
          <qty>1</qty>
          <unit>package</unit></amt>
        <item>Active dry yeast</item></ing>
      <ing>
        <amt>
          <qty>2</qty>
          <unit>tablespoons</unit></amt>
        <item>Warm water -- 100-115 deg.</item></ing>
      <ing>
        <amt>
          <qty>2</qty>
          <unit>tablespoons</unit></amt>
        <item>Sugar</item></ing>
      <ing>
        <amt>
          <qty>1</qty>
          <unit>teaspoon</unit></amt>
        <item>Salt</item></ing>
      <ing>
        <amt>
          <qty>3</qty>
          <unit/></amt>
        <item>Eggs</item></ing>
      <ing>
        <amt>
          <qty>2</qty>
          <unit>cups</unit></amt>
        <item>All-purpose flour -- sifted</item></ing>
      <ing>
        <amt>
          <qty>1/4</qty>
          <unit>cups</unit></amt>
        <item>Melted butter</item></ing>
      <ing>
        <amt>
          <qty>1</qty>
          <unit>teaspoon</unit></amt>
        <item>Cool water</item></ing></ingredients>
    <directions>
      <step>  Soften the yeast in warm water and stir in the sugar and salt to dissolve.
  In a bowl, beat 2 of the eggs and blend in the flour. Then stir in the
  yeast mixture and melted butter. Knead vigorously in the bowl with the
  hands till the dough leaves the sides of the bowl and is elastic, about 5
  minutes. Make into a ball, put in a buttered bowl, and cover with plastic
  wrap.  Let rise in a warm, draft-free place for 1 1/2 hours, or until
  doubled in bulk. Punch down and divide into 18 equal pieces. Roll the
  pieces into balls and arrange, well separated, on a buttered baking sheet.
  Let rise 30 minutes, or until doubled in size. Brush with the remaining egg
  beaten with a teaspoon of water.  Bake in a preheated oven at 375 degrees
  for 10 minutes, or until nicely browned. Cool on a rack. From Beard on
  Bread by James Beard.
  
  Recipe By     :
  
  From Gemini's MASSIVE MealMaster collection at www.synapse.com/~gemini
 
</step></directions></recipe></recipeml>
