<?xml version="1.0" encoding="UTF-8"?>

<recipeml version="0.5">
  <recipe>
    <head>
      <title>Always-Ready Bran Muffins</title>
      <categories>
        <cat>None</cat></categories>
      <yield>1</yield></head>
    <ingredients>
      <ing>
        <amt>
          <qty>3</qty>
          <unit>cups</unit></amt>
        <item>Hodgson Mill Unprocessed Wheat Bran</item></ing>
      <ing>
        <amt>
          <qty>1</qty>
          <unit>cup</unit></amt>
        <item>Brown sugar</item></ing>
      <ing>
        <amt>
          <qty>2 1/2</qty>
          <unit>cups</unit></amt>
        <item>Unbleached white flour</item></ing>
      <ing>
        <amt>
          <qty>2 1/2</qty>
          <unit>teaspoons</unit></amt>
        <item>Baking soda</item></ing>
      <ing>
        <amt>
          <qty>1</qty>
          <unit>teaspoon</unit></amt>
        <item>Salt</item></ing>
      <ing>
        <amt>
          <qty>1/2</qty>
          <unit>cups</unit></amt>
        <item>Butter</item></ing>
      <ing>
        <amt>
          <qty>2</qty>
          <unit>cups</unit></amt>
        <item>Buttermilk</item></ing>
      <ing>
        <amt>
          <qty>2</qty>
          <unit/></amt>
        <item>Eggs</item></ing>
      <ing>
        <amt>
          <qty>1</qty>
          <unit>cup</unit></amt>
        <item>Boiling water</item></ing></ingredients>
    <directions>
      <step>  (Adapted from Hodgson Mill wheat bran box)
  
  "These muffins are mixed, stored in the refirigerator and baked whenever
  they are wanted. When preparing to back, preheat oven to 400 degrees. Stir
  batter weel and spoon into buttered muffin tins, filling 2/3 full. Bake
  20-22 minutes and serve. You can make 2 muffins or enough for a large
  family."
  
  Combine 1 C bran and 1 C boiling water, stir and let steep. In a separate
  bowl, cream sugar and butter. Beat eggs. Combine the flour, soda and salt.
  
  Combine the 1 C of steeped bran with remaining 2 C of bran, the eggs, flour
  mixture and buttermilk, butter and sugar. Mix. Store in tightly covered
  container (non-metallic). Let stand at least 12 hours before baking. Batter
  will keep in refrigerator for 6 weeks. Chemical action will cause the
  batter to turn dark on top. No problem, just stir before using.
  
  Note: I never had enough batter around to last more than 2 or 3 days. Six
  weeks seems mighty long to me. But these are delicious!
  
  Posted to TNT Recipes Digest, Vol 01, Nr 945 by Melissa Tarleton
  &lt;meltimnick@mindspring.com&gt; on Jan 16, 1998
 
</step></directions></recipe></recipeml>
