<?xml version="1.0" encoding="UTF-8"?>

<recipeml version="0.5">
  <recipe>
    <head>
      <title>Always Ready Bran Muffins</title>
      <categories>
        <cat>Bread</cat></categories>
      <yield>24</yield></head>
    <ingredients>
      <ing>
        <amt>
          <qty>3</qty>
          <unit>cups</unit></amt>
        <item>Unprocessed wheat bran</item></ing>
      <ing>
        <amt>
          <qty>1</qty>
          <unit>cup</unit></amt>
        <item>Boiling water</item></ing>
      <ing>
        <amt>
          <qty>1</qty>
          <unit>cup</unit></amt>
        <item>Sugar</item></ing>
      <ing>
        <amt>
          <qty>1/2</qty>
          <unit>cups</unit></amt>
        <item>Margarine</item></ing>
      <ing>
        <amt>
          <qty>2</qty>
          <unit/></amt>
        <item>Eggs</item></ing>
      <ing>
        <amt>
          <qty>2 1/2</qty>
          <unit>cups</unit></amt>
        <item>Flour; unbleached</item></ing>
      <ing>
        <amt>
          <qty>2 1/2</qty>
          <unit>teaspoons</unit></amt>
        <item>Baking soda</item></ing>
      <ing>
        <amt>
          <qty>1</qty>
          <unit>teaspoon</unit></amt>
        <item>Salt</item></ing>
      <ing>
        <amt>
          <qty>2</qty>
          <unit>cups</unit></amt>
        <item>Buttermilk</item></ing>
      <ing>
        <amt>
          <qty/>
          <unit/></amt>
        <item>Raisins (optional)</item></ing>
      <ing>
        <amt>
          <qty/>
          <unit/></amt>
        <item>Pecans (optional)</item></ing></ingredients>
    <directions>
      <step>  Date: Mon, 12 Feb 1996 12:23:41 -0500
  
  From: kmeade@ids2.idsonline.com (The Meades)
  
  Subject: Re: Refrigeratable muffin mixes
  
  I use whole wheat flour and add water to the recipe.
  
  Put 1 c of the wheat bran in a small bowl. Add the boiling water, stir once
  and let stand to soften.
  
  Cream the margarine and sugar in a mixing bowl. Beat the eggs slightly and
  add to the margarine mixture, mixing well.
  
  Combine the flour soda and salt in a mixing bowl. Combine the wheat bran,
  the softened bran, and the flour mixture, and then combine with the
  egg/margarine/sugar mixture alternately with the buttermilk. Stir until
  thoroughly mixed.
  
  Pour into a plastic container with a tight lid. Store in the refrigerator
  for a minimum of 12 hours and a maximum of 6 weeks. Makes 2 dozen.
  
  These muffins are made, stored in the refrigerator, and baked whenever they
  are wanted. About 25 minutes before serving, preheat the oven to 400
  degrees F. Spoon the batter into teflon-lined or buttered muffin tins,
  filling them 2/3 full. Bake 18 minutes and serve.
  
  I like to add rasins and pecans to the muffin tins before cooking.
  
  MC-RECIPE@MASTERCOOK.COM
  
  MASTERCOOK RECIPES LIST SERVER
  
  From the MasterCook recipe list.  Downloaded from Glen's MM Recipe Archive,
  http://www.erols.com/hosey.
 
</step></directions></recipe></recipeml>
