<?xml version="1.0" encoding="UTF-8"?>

<recipeml version="0.5">
  <recipe>
    <head>
      <title>Alyce Mantia's Almond Bread Pudding</title>
      <categories>
        <cat>Desserts</cat>
        <cat>Bakery</cat></categories>
      <yield>8</yield></head>
    <ingredients>
      <ing-div>
        <title>ALYCE MANTIA (KRBS41A</title>
        <ing>
          <amt>
            <qty>6</qty>
            <unit/></amt>
          <item>Croissants; large, cut crosswise in 1/2" slices</item></ing>
        <ing>
          <amt>
            <qty>8</qty>
            <unit/></amt>
          <item>Eggs; large, beaten slightly</item></ing>
        <ing>
          <amt>
            <qty>2</qty>
            <unit>cups</unit></amt>
          <item>Sugar</item></ing>
        <ing>
          <amt>
            <qty>3</qty>
            <unit>cups</unit></amt>
          <item>Half-and-half</item></ing>
        <ing>
          <amt>
            <qty>1</qty>
            <unit>tablespoon</unit></amt>
          <item>Amaretto</item></ing>
        <ing>
          <amt>
            <qty>2</qty>
            <unit>teaspoons</unit></amt>
          <item>Vanilla</item></ing>
        <ing>
          <amt>
            <qty>1/4</qty>
            <unit>cups</unit></amt>
          <item>Almond paste; about 3 oz, cut into bits</item></ing>
        <ing>
          <amt>
            <qty>1/2</qty>
            <unit>cups</unit></amt>
          <item>Almonds; slivered</item></ing></ing-div></ingredients>
    <directions>
      <step>  Butter a baking pan, 9x13 and place the smallest croissant rounds in a
  lawyon in the bottom.  Then top with a layer of the larger ones, until all
  are arranged in the pan. Whisk the eggs and sugar together well, then whisk
  in the half-and-half, Amaretto and vanilla, mixing well. Pour over the
  croissant rounds. Sprinkle the almond paste over the top and push down with
  a spoon so that the bread absorbs the liquid. Let set for 10-20 minutes at
  room temperature. Sprinkle the almonds over the top and bake at 350 for
  35-40 minutes, or until golden and puffed. Serve warm or at room
  temperature.
  
  Posted to MM-Recipes Digest V4 #132 by novmom@juno.com (Angela Gilliland)
  on May 12, 1997
 
</step></directions></recipe></recipeml>
