<?xml version="1.0" encoding="UTF-8"?>

<recipeml version="0.5">
  <recipe>
    <head>
      <title>Alys' "I Swear To You It Is Real Good" Fudge</title>
      <categories>
        <cat/></categories>
      <yield>1</yield></head>
    <ingredients>
      <ing>
        <amt>
          <qty>250</qty>
          <unit>grams</unit></amt>
        <item>Velveeta</item></ing>
      <ing>
        <amt>
          <qty>250</qty>
          <unit>grams</unit></amt>
        <item>Margarine</item></ing>
      <ing>
        <amt>
          <qty>250</qty>
          <unit>mililiters</unit></amt>
        <item>Cocoa</item></ing>
      <ing>
        <amt>
          <qty>500</qty>
          <unit>grams</unit></amt>
        <item>Powdered sugar (2 1/4 cups; approx.)</item></ing>
      <ing>
        <amt>
          <qty>1</qty>
          <unit/></amt>
        <item>Capful  vanilla</item></ing>
      <ing>
        <amt>
          <qty>1</qty>
          <unit>pinch</unit></amt>
        <item>Salt Pecans to taste, optional</item></ing></ingredients>
    <directions>
      <step>  Melt velveeta and margerine together.  Add the salt and vanilla. Pour in
  powdered sugar and cocoa.  Stir. (Add nuts if you included them.)
  
  Serve chilled.
  
  ~Oksana Horbach Kingston, ON horbacho@admin.fcbe.edu.on.ca
  NOTES :
 
</step></directions></recipe></recipeml>
