<?xml version="1.0" encoding="UTF-8"?>

<recipeml version="0.5">
  <recipe>
    <head>
      <title>Amanda's Angel Food Cake</title>
      <categories>
        <cat>Cakes</cat>
        <cat>Low-fat</cat></categories>
      <yield>12</yield></head>
    <ingredients>
      <ing>
        <amt>
          <qty>11</qty>
          <unit/></amt>
        <item>Egg white</item></ing>
      <ing>
        <amt>
          <qty>1 1/2</qty>
          <unit>cups</unit></amt>
        <item>Sugar</item></ing>
      <ing>
        <amt>
          <qty>1</qty>
          <unit>cup</unit></amt>
        <item>Flour</item></ing>
      <ing>
        <amt>
          <qty>1</qty>
          <unit>teaspoon</unit></amt>
        <item>Cream of tartar</item></ing>
      <ing>
        <amt>
          <qty>1/8</qty>
          <unit>teaspoons</unit></amt>
        <item>Salt</item></ing>
      <ing>
        <amt>
          <qty>1</qty>
          <unit>teaspoon</unit></amt>
        <item>Vanilla</item></ing></ingredients>
    <directions>
      <step>  Sift the dry ingredients together 4 times. Beat the egg whites until dry.
  Fold dry ingredients into eggs. Add flavoring and bake at 250-F for 1 hour.
  This cake should be baked in an ungreased angel food pan. Source:
  Pennsylvania Dutch Cook Book - Fine Old Recipes, Culinary Arts Press, 1936.
  Posted to JEWISH-FOOD digest V96 #019
  
  Date:         Thu, 12 Sep 96 07:12:18 +0300
  
  From: Annice Grinberg &lt;VSANNICE@WEIZMANN.WEIZMANN.AC.IL&gt;
 
</step></directions></recipe></recipeml>
