<?xml version="1.0" encoding="UTF-8"?>

<recipeml version="0.5">
  <recipe>
    <head>
      <title>Amandari Smoked Salmon Angel Pasta</title>
      <categories>
        <cat>Indonesian</cat>
        <cat>Noodles and</cat>
        <cat>Seafood</cat></categories>
      <yield>4</yield></head>
    <ingredients>
      <ing>
        <amt>
          <qty>8</qty>
          <unit/></amt>
        <item>Ripe plum tomatoes; cut into 8 pieces each</item></ing>
      <ing>
        <amt>
          <qty>2</qty>
          <unit/></amt>
        <item>Shallots; finely chopped</item></ing>
      <ing>
        <amt>
          <qty>2</qty>
          <unit>tablespoons</unit></amt>
        <item>Drained tiny capers</item></ing>
      <ing>
        <amt>
          <qty>2</qty>
          <unit>tablespoons</unit></amt>
        <item>Finely chopped fresh tarragon leaves or other fresh herb such as basil or dill</item></ing>
      <ing>
        <amt>
          <qty/>
          <unit/></amt>
        <item>Finely grated zest of 1 orange</item></ing>
      <ing>
        <amt>
          <qty>4</qty>
          <unit>ounces</unit></amt>
        <item>Thinly sliced smoked salmon; coarsely shredded or torn into small pieces</item></ing>
      <ing>
        <amt>
          <qty>1/4</qty>
          <unit>cups</unit></amt>
        <item>Plus 1 tablespoon extra virgin olive oil</item></ing>
      <ing>
        <amt>
          <qty>1/8</qty>
          <unit>teaspoons</unit></amt>
        <item>Freshly ground black pepper</item></ing>
      <ing>
        <amt>
          <qty>8</qty>
          <unit>ounces</unit></amt>
        <item>Dried angel hair; (very thin) pasta</item></ing>
      <ing>
        <amt>
          <qty>2</qty>
          <unit/></amt>
        <item>Hard-cooked eggs; coarsely chopped, for garnish</item></ing></ingredients>
    <directions>
      <step>  1. In a bowl, combine the tomatoes, shallots, and capers. Add the tarragon,
  orange zest, and salmon, then the 1/4 cup olive oil. Gently fold the
  ingredients together. Season with the pepper. Cover and let rest at room
  temperature for about 1 hour.
  
  2. Shortly before serving, bring a large pot of water to a boil. Add the
  remaining tablespoon of oil and the pasta and cook until just tender. Drain
  the pasta and divide among 4 shallow pasta bowls. Top each portion evenly
  with the tomato and salmon mixture. Sprinkle each portion with chopped egg
  and serve immediately.
  
  Recipe by: Copyright © 1994 by Sheila Lukins
  
  Posted to MC-Recipe Digest V1 #963 by Marcia Bales
  &lt;Marcia.Bales@sierra.com&gt; on Dec 24, 1997
 
</step></directions></recipe></recipeml>
