<?xml version="1.0" encoding="UTF-8"?>

<recipeml version="0.5">
  <recipe>
    <head>
      <title>Amana Coleslaw</title>
      <categories>
        <cat>Salads</cat>
        <cat>Vegetables</cat>
        <cat>Salli's</cat></categories>
      <yield>6</yield></head>
    <ingredients>
      <ing>
        <amt>
          <qty>3 1/2</qty>
          <unit>cups</unit></amt>
        <item>Shredded cabbage</item></ing>
      <ing>
        <amt>
          <qty>3/4</qty>
          <unit>cups</unit></amt>
        <item>Shredded carrots</item></ing>
      <ing>
        <amt>
          <qty>1/2</qty>
          <unit>cups</unit></amt>
        <item>Finely diced celery</item></ing>
      <ing>
        <amt>
          <qty>1/4</qty>
          <unit>cups</unit></amt>
        <item>Finely diced white onion</item></ing>
      <ing>
        <amt>
          <qty>1/2</qty>
          <unit>cups</unit></amt>
        <item>Mayonnaise</item></ing>
      <ing>
        <amt>
          <qty>1/4</qty>
          <unit>teaspoons</unit></amt>
        <item>Lemon pepper</item></ing>
      <ing>
        <amt>
          <qty>2</qty>
          <unit>teaspoons</unit></amt>
        <item>Prepared horseradish</item></ing>
      <ing>
        <amt>
          <qty>2</qty>
          <unit>tablespoons</unit></amt>
        <item>Sugar</item></ing>
      <ing>
        <amt>
          <qty>1</qty>
          <unit>tablespoon</unit></amt>
        <item>White vinegar</item></ing>
      <ing>
        <amt>
          <qty>2</qty>
          <unit>teaspoons</unit></amt>
        <item>Celery seed</item></ing></ingredients>
    <directions>
      <step>  In a medium bowl, combine cabbage, carrots, celery and onion. In small
  bowl, combine the mayonnaise, lemon pepper, horse- radish, sugar, vinegar
  and celery seed. Add to vegetable mixture. Mix well. Cover and refrigerate
  at least 1 hour. Makes 6 (2/3 cup) servings.
  
  From Gemini's MASSIVE MealMaster collection at www.synapse.com/~gemini
 
</step></directions></recipe></recipeml>
