<?xml version="1.0" encoding="UTF-8"?>

<recipeml version="0.5">
  <recipe>
    <head>
      <title>Amanda's Baked Beans</title>
      <categories>
        <cat>Bacon</cat>
        <cat>Beans/legum</cat>
        <cat>Recipes fro</cat>
        <cat>Side dishes</cat></categories>
      <yield>1</yield></head>
    <ingredients>
      <ing>
        <amt>
          <qty>2</qty>
          <unit>pounds</unit></amt>
        <item>Yellow-eye beans</item></ing>
      <ing>
        <amt>
          <qty>1/4</qty>
          <unit>pounds</unit></amt>
        <item>Lean salt pork -- sliced</item></ing>
      <ing>
        <amt>
          <qty>1</qty>
          <unit>medium</unit></amt>
        <item>Onion -- peeled</item></ing>
      <ing>
        <amt>
          <qty>2</qty>
          <unit>teaspoons</unit></amt>
        <item>Salt</item></ing>
      <ing>
        <amt>
          <qty>1/2</qty>
          <unit>cups</unit></amt>
        <item>Maple syrup</item></ing>
      <ing>
        <amt>
          <qty>1</qty>
          <unit>teaspoon</unit></amt>
        <item>Dry mustard</item></ing>
      <ing>
        <amt>
          <qty>1/2</qty>
          <unit>cups</unit></amt>
        <item>Cream</item></ing></ingredients>
    <directions>
      <step>  Cover beans with water, bring to a boil, set aside for an hour. Drain. Add
  fresh water and simmer until just tender. Drain, reserving bean liquor. Put
  whole onion and half of salt pork in large bean pot. Mix syrup, mustard and
  salt with hot liquor to cover beans, top with remaining por. Cover and bake
  for 6-8 hours at 275ø, adding hot bean liquor as needed, to cover beans.
  Uncover and top with cream for last hour.
  
  Posted to MC-Recipe Digest V1 #157
  
  Date: Tue, 16 Jul 1996 21:04:01 -0400
  
  From: bobbi744@sojourn.com (Roberta Banghart)
  
  Recipe By     : Virginia Rich, The Baked Bean Supper Murders
 
</step></directions></recipe></recipeml>
