<?xml version="1.0" encoding="UTF-8"?>

<recipeml version="0.5">
  <recipe>
    <head>
      <title>Amaretto Cream Filled Cake (Zuccotto Ripieno</title>
      <categories>
        <cat>Italian</cat>
        <cat>Nuts</cat>
        <cat>Alcohol</cat>
        <cat>Cakes</cat>
        <cat>Desserts</cat></categories>
      <yield>6</yield></head>
    <ingredients>
      <ing>
        <amt>
          <qty>1</qty>
          <unit/></amt>
        <item>Sponge Cake</item></ing>
      <ing>
        <amt>
          <qty>1/2</qty>
          <unit>cups</unit></amt>
        <item>Hazelnuts</item></ing>
      <ing>
        <amt>
          <qty>1/4</qty>
          <unit>cups</unit></amt>
        <item>Amaretto</item></ing>
      <ing>
        <amt>
          <qty>1/4</qty>
          <unit>cups</unit></amt>
        <item>Light rum</item></ing>
      <ing>
        <amt>
          <qty>1 1/3</qty>
          <unit>cups</unit></amt>
        <item>Whipping cream</item></ing>
      <ing>
        <amt>
          <qty>1/3</qty>
          <unit>cups</unit></amt>
        <item>Powdered sugar</item></ing>
      <ing>
        <amt>
          <qty>1/3</qty>
          <unit>cups</unit></amt>
        <item>Almonds; blanched, chopped, toasted</item></ing>
      <ing>
        <amt>
          <qty>1</qty>
          <unit>ounce</unit></amt>
        <item>Unsweetened chocolate; grated</item></ing></ingredients>
    <directions>
      <step>  Bake hazelnuts in ungreased baking pan at 400~ for 5
  minutes or until skins begin to crack. Wrap hazelnuts
  in clean towel. Let stand 2 minutes. Rub hazelnuts in
  towel to remove skins. Chop hazelnuts. Return to
  baking pan. Bake about 8 minutes until golden brown,
  stirring occasionally. Cool. Cut 4-inch circle from
  cake. Cut remaining cake into 1-inch pieces. Mix
  together amaretto and rum and sprinkle over cake. Line
  large bowl with waxed paper. Butter waxed paper. Place
  cake circle on bottom of bowl. Line side of bowl with
  three-fourths of the cake pieces. Beat together
  whipping cream and powdered sugar in chilled medium
  bowl until stiff. Fold in hazelnuts, almonds and
  chocolate. Spoon filling into cake-lined bowl. Place
  remaining cake pieces on filling. Cover and
  refrigerate 2 hours. Invert onto serving plate. Remove
  bowl and waxed paper. Sprinkle with additional grated
  chocolate if desired.
  
  From Gemini's MASSIVE MealMaster collection at www.synapse.com/~gemini
 
</step></directions></recipe></recipeml>
