<?xml version="1.0" encoding="UTF-8"?>

<recipeml version="0.5">
  <recipe>
    <head>
      <title>Amaretto Cheesecake #3</title>
      <categories>
        <cat>Pie</cat></categories>
      <yield>8</yield></head>
    <ingredients>
      <ing-div>
        <title>HAZELNUT CRUST</title>
        <ing>
          <amt>
            <qty>1</qty>
            <unit>cup</unit></amt>
          <item>Roasted hazelnuts (350 f for 10 minutes)</item></ing>
        <ing>
          <amt>
            <qty>3</qty>
            <unit/></amt>
          <item>Egg whites</item></ing>
        <ing>
          <amt>
            <qty>2</qty>
            <unit>teaspoons</unit></amt>
          <item>Vanilla</item></ing>
        <ing>
          <amt>
            <qty>2</qty>
            <unit>cups</unit></amt>
          <item>Powdered sugar</item></ing>
        <ing>
          <amt>
            <qty>1/2</qty>
            <unit>cups</unit></amt>
          <item>Sugar</item></ing>
        <ing>
          <amt>
            <qty>1/8</qty>
            <unit>teaspoons</unit></amt>
          <item>Salt</item></ing></ing-div>
      <ing-div>
        <title>AMARETTO CREAM CHEESE FILLIN</title>
        <ing>
          <amt>
            <qty>1/2</qty>
            <unit>cups</unit></amt>
          <item>Amaretto</item></ing>
        <ing>
          <amt>
            <qty>3</qty>
            <unit>teaspoons</unit></amt>
          <item>Unflavored gelatin</item></ing>
        <ing>
          <amt>
            <qty>2</qty>
            <unit>teaspoons</unit></amt>
          <item>Vanilla</item></ing>
        <ing>
          <amt>
            <qty>1 1/2</qty>
            <unit>pounds</unit></amt>
          <item>Cream cheese</item></ing>
        <ing>
          <amt>
            <qty>3/4</qty>
            <unit>cups</unit></amt>
          <item>Sugar</item></ing>
        <ing>
          <amt>
            <qty>2</qty>
            <unit>tablespoons</unit></amt>
          <item>Lemon juice</item></ing>
        <ing>
          <amt>
            <qty>1</qty>
            <unit>teaspoon</unit></amt>
          <item>Lemon zest</item></ing>
        <ing>
          <amt>
            <qty>2</qty>
            <unit>cups</unit></amt>
          <item>Cream</item></ing></ing-div></ingredients>
    <directions>
      <step>  From: June Tong &lt;junet@informix.com&gt;
  
  Date: Thu, 10 Aug 1995 03:45:50 GMT
  CRUST: Heat oven to 350. Grease 10" springform pan and line with greased
  parchment. Line a cookie sheet with greased parchment. Whisk together eggs
  and vanilla. Remove as much skin from the hazelnuts as you can and process
  them with one cup of the powdered sugar for 30 seconds. Add both sugars and
  process briefly to combine. With processer running, pour in egg mixture and
  process for 15 seconds or until smooth. Reserve 1/3 to 1/2 cup of the
  batter.  Pour remaining batter into the springform pan and smooth with
  spatula. Pour reserved batter onto the cookie sheet and spread out into a
  7-8" disk. Bake crust 25-30 minutes; disk 20-25 minutes. Cool on a wire
  rack. Chop up the disk into 1/8" pieces and soak in 1/4 cup amaretto (not
  for more than 15 minutes).
  
  FILLING: Sprinkle gelatin over 1/4 cup amaretto, let stand 5 min. Heat in
  sauce pan with hot (not boiling) water stirring for 4 min. Leave in hot
  water to stay warm. Beat cream cheese with mixer for 1 minute. Add lemon
  juice and zest. Beat cream to soft peaks. Fold 1/3 cream into cream cheese.
  Fold in remaining whipped cream and soaked macaroon bits. Pour into
  prepared pan, cover with plastic wrap. Refrigerate at least 3 hours or
  preferably overnight.
  
  REC.FOOD.RECIPES ARCHIVES
  
  /DESSERTS
  
  From rec.food.cooking archives.  Downloaded from Glen's MM Recipe Archive,
  http://www.erols.com/hosey.
 
</step></directions></recipe></recipeml>
