<?xml version="1.0" encoding="UTF-8"?>

<recipeml version="0.5">
  <recipe>
    <head>
      <title>Amaretto Cafe (Italian Coffee)</title>
      <categories>
        <cat>Beverages</cat>
        <cat>Mixed drink</cat>
        <cat>Mc</cat></categories>
      <yield>1</yield></head>
    <ingredients>
      <ing>
        <amt>
          <qty>1</qty>
          <unit>cup</unit></amt>
        <item>Black coffee</item></ing>
      <ing>
        <amt>
          <qty>1</qty>
          <unit>ounce</unit></amt>
        <item>Amaretto</item></ing>
      <ing>
        <amt>
          <qty/>
          <unit/></amt>
        <item>Whipped topping</item></ing>
      <ing>
        <amt>
          <qty>1</qty>
          <unit/></amt>
        <item>Maraschino cherry</item></ing></ingredients>
    <directions>
      <step>  Fill coffee mug or cup with hot coffee. Stir in amaretto. Top with
  pressurized dessert topping and cherry. Serve with teaspoon.
  Recipe By     : Joe Robertson
  
  Posted to MC-Recipe Digest V1 #246
  
  Date: Wed, 16 Oct 1996 07:07:48 -0400
  
  From: kmeade@IDS2.IDSONLINE.COM (The Meades)
 
</step></directions></recipe></recipeml>
