<?xml version="1.0" encoding="UTF-8"?>

<recipeml version="0.5">
  <recipe>
    <head>
      <title>Amaranth, Fig and Arugula Salad W/sesame Dres</title>
      <categories>
        <cat>Vegetarian</cat>
        <cat>Vegan</cat>
        <cat>Salads</cat>
        <cat>Main dish</cat></categories>
      <yield>6</yield></head>
    <ingredients>
      <ing-div>
        <title>AMARANTH</title>
        <ing>
          <amt>
            <qty>1/2</qty>
            <unit>tablespoons</unit></amt>
          <item>Extra-virgin olive oil</item></ing>
        <ing>
          <amt>
            <qty>1</qty>
            <unit>teaspoon</unit></amt>
          <item>Mustard seeds</item></ing>
        <ing>
          <amt>
            <qty>2</qty>
            <unit>tablespoons</unit></amt>
          <item>Amaranth; uncooked</item></ing>
        <ing>
          <amt>
            <qty>2 1/4</qty>
            <unit>cups</unit></amt>
          <item>Vegetable stock</item></ing>
        <ing>
          <amt>
            <qty>2</qty>
            <unit>cups</unit></amt>
          <item>Beans; cooked (white or red kidney)</item></ing>
        <ing>
          <amt>
            <qty>10</qty>
            <unit/></amt>
          <item>Calmyrna figs, dried; chopped</item></ing>
        <ing>
          <amt>
            <qty>1/3</qty>
            <unit>cups</unit></amt>
          <item>Parsley; minced</item></ing>
        <ing>
          <amt>
            <qty>1/2</qty>
            <unit>teaspoons</unit></amt>
          <item>Salt</item></ing>
        <ing>
          <amt>
            <qty/>
            <unit/></amt>
          <item>Pepper</item></ing>
        <ing>
          <amt>
            <qty>1</qty>
            <unit>tablespoon</unit></amt>
          <item>Sesame seeds; toasted, for garnish</item></ing></ing-div>
      <ing-div>
        <title>SALAD AND DRESSING</title>
        <ing>
          <amt>
            <qty>1/4</qty>
            <unit>cups</unit></amt>
          <item>Tahini</item></ing>
        <ing>
          <amt>
            <qty>1/2</qty>
            <unit>cups</unit></amt>
          <item>Orange juice, fresh</item></ing>
        <ing>
          <amt>
            <qty>1/2</qty>
            <unit>cups</unit></amt>
          <item>;water</item></ing>
        <ing>
          <amt>
            <qty/>
            <unit/></amt>
          <item>Salt to taste</item></ing>
        <ing>
          <amt>
            <qty>8</qty>
            <unit>cups</unit></amt>
          <item>Salad greens, mixed OR romaine; shredded</item></ing>
        <ing>
          <amt>
            <qty>1</qty>
            <unit>cup</unit></amt>
          <item>Arugula; chopped</item></ing></ing-div></ingredients>
    <directions>
      <step>   Amaranth: Warm oil in a 2-quart saucepan over moderate heat. Add mustard
  and sesame seeds, cover partially and toast about 30 seconds, or until the
  sesame seeds darken a shade or two. Stir in amaranth until grains are
  coated with oil. Add stock or water and bring to a boil. Reduceheat to low
  and simmer until grains are tender and liquied has been absorbed, about 20
  minutes. Fold in beans and figs, cover and set aside for 5 minutes. Stir in
  parsley, and season with salt and pepper.
  
   Salad and Dressing: Combine tahini, orange juice, water and salt in a
  blender and process until smooth.
   Set aside. Rinse leafy greens and arugula. Spin-dry or pat between towels
  to remove excess water.
  
   To serve: Place amaranth mixture in the center of 6 plates. Garnish with
  sesame seeds and surround with salad greens. Drizzle with dressing. Serves
  6.
  
   Per serving: 482 cal; 17 g prot; 11 g fat; 77 g carb; 0 chol; 385 mg sod;
       13 g  fiber. Vegan
  
   Source: Vegetarian Times, July 93/MM by DEEANNE
  
  From Gemini's MASSIVE MealMaster collection at www.synapse.com/~gemini
 
</step></directions></recipe></recipeml>
