<?xml version="1.0" encoding="UTF-8"?>

<recipeml version="0.5">
  <recipe>
    <head>
      <title>Amaretto Fruit Parfait</title>
      <categories>
        <cat>Dessert</cat></categories>
      <yield>1</yield></head>
    <ingredients>
      <ing>
        <amt>
          <qty/>
          <unit/></amt>
        <item>Fresh fruit chunks or whole berries</item></ing>
      <ing>
        <amt>
          <qty>1/4</qty>
          <unit>teaspoons</unit></amt>
        <item>Amaretto</item></ing>
      <ing>
        <amt>
          <qty/>
          <unit/></amt>
        <item>Chilled; sparkling mineral water</item></ing></ingredients>
    <directions>
      <step>  Spoon chunks of fresh fruit or whole berries into long-stemmed wineglasses.
  Sprinkle with 1/4 teaspoon amaretto, if you wish, then cover the fruit with
  chilled sparkling mineral water.
  
  ARKANSAS TODAY, CHANNEL 11, KTHV
  
  01/23/1991
  
  "COOKING WITH DON BINGHAM"
  
  From a collection of my mother's (Judy Hosey) recipe box which contained
  lots of her favorite recipes, clippings, etc.  Downloaded from Glen's MM
  Recipe Archive, http://www.erols.com/hosey.
 
</step></directions></recipe></recipeml>
