<?xml version="1.0" encoding="UTF-8"?>

<recipeml version="0.5">
  <recipe>
    <head>
      <title>Amaretto Parfait Dessert</title>
      <categories>
        <cat>2post</cat>
        <cat>Alcohol-des</cat>
        <cat>Cheese-des</cat></categories>
      <yield>6</yield></head>
    <ingredients>
      <ing>
        <amt>
          <qty>1</qty>
          <unit>cup</unit></amt>
        <item>Fat-free ricotta cheese</item></ing>
      <ing>
        <amt>
          <qty>1/2</qty>
          <unit>cups</unit></amt>
        <item>Fat-free cream cheese</item></ing>
      <ing>
        <amt>
          <qty>1/4</qty>
          <unit>cups</unit></amt>
        <item>Fat-free plain yogurt</item></ing>
      <ing>
        <amt>
          <qty>1</qty>
          <unit>tablespoon</unit></amt>
        <item>Orange zest</item></ing>
      <ing>
        <amt>
          <qty>2</qty>
          <unit>cups</unit></amt>
        <item>Strawberries; sliced or raspberries</item></ing>
      <ing>
        <amt>
          <qty>2</qty>
          <unit>tablespoons</unit></amt>
        <item>Amaretto liqueur</item></ing></ingredients>
    <directions>
      <step>  Combine ricotta cheese, cream cheese and yogurt in a food processor or
  blender and process until smooth. Stir in orange zest. Divide berries among
  6 parfait or wine glasses. Top with cheese mixture and drizzle with
  Amaretto liqueur.
  
  Serves 6, 79 calories per serving.
  
  &gt;From Jyl Steinback's "Recipes for Fat Free Living Desserts".
  
  Typed by Gail Shermeyer &lt;4paws@netrax.net&gt;.
  
  Recipe by: Successful Slimming Magazine
  
  Posted to MC-Recipe Digest V1 #979 by 4paws@netrax.net (Shermeyer-Gail) on
  Jan 02, 1998
 
</step></directions></recipe></recipeml>
