<?xml version="1.0" encoding="UTF-8"?>

<recipeml version="0.5">
  <recipe>
    <head>
      <title>Amaretto Pancakes</title>
      <categories>
        <cat>Pancakes</cat></categories>
      <yield>4</yield></head>
    <ingredients>
      <ing>
        <amt>
          <qty>2</qty>
          <unit>cups</unit></amt>
        <item>Bisquick</item></ing>
      <ing>
        <amt>
          <qty>2</qty>
          <unit/></amt>
        <item>Eggs</item></ing>
      <ing>
        <amt>
          <qty>1</qty>
          <unit>cup</unit></amt>
        <item>Milk</item></ing>
      <ing>
        <amt>
          <qty>1/4</qty>
          <unit>cups</unit></amt>
        <item>Amaretto</item></ing>
      <ing>
        <amt>
          <qty>1/2</qty>
          <unit>cups</unit></amt>
        <item>Almonds; sliced</item></ing></ingredients>
    <directions>
      <step>  Beat pancakes ingredients together until smooth. Cook as usual.
  Posted to recipelu-digest Volume 01 Number 580 by RecipeLu
  &lt;recipelu@geocities.com&gt; on Jan 23, 1998
 
</step></directions></recipe></recipeml>
