<?xml version="1.0" encoding="UTF-8"?>

<recipeml version="0.5">
  <recipe>
    <head>
      <title>Amaretto Cheesecake #1</title>
      <categories>
        <cat>Pie</cat></categories>
      <yield>10</yield></head>
    <ingredients>
      <ing>
        <amt>
          <qty>2</qty>
          <unit>cups</unit></amt>
        <item>Vanilla wafer crumbs</item></ing>
      <ing>
        <amt>
          <qty>2</qty>
          <unit>tablespoons</unit></amt>
        <item>Sugar</item></ing>
      <ing>
        <amt>
          <qty>1/2</qty>
          <unit>cups</unit></amt>
        <item>Butter; melted</item></ing>
      <ing>
        <amt>
          <qty>32</qty>
          <unit>ounces</unit></amt>
        <item>Cream cheese; softened</item></ing>
      <ing>
        <amt>
          <qty>1</qty>
          <unit>cup</unit></amt>
        <item>Sugar</item></ing>
      <ing>
        <amt>
          <qty>2</qty>
          <unit/></amt>
        <item>Eggs</item></ing>
      <ing>
        <amt>
          <qty>1/4</qty>
          <unit>cups</unit></amt>
        <item>Amaretto</item></ing>
      <ing>
        <amt>
          <qty>16</qty>
          <unit>ounces</unit></amt>
        <item>Sour cream</item></ing>
      <ing>
        <amt>
          <qty>2</qty>
          <unit>tablespoons</unit></amt>
        <item>Amaretto</item></ing></ingredients>
    <directions>
      <step>  From: mark@alexr.co.uk
  
  Date: Sun, 25 Feb 1996 00:00:24 GMT
  
  Combine first 3 ingredients; mix well. Press firmly into bottom of a
  10-inch springform pan. Bake at 350 degrees for 5 minutes; set aside. Beat
  cream cheese until light and fluffy; add 1 cup sugar, mixing well. Add
  eggs, one at a time, beating well after each addition. Stir in 1/4 cup
  amaretto; pour batter into prepared pan. Bake at 350 degrees for 30 to 40
  minutes or until cheesecake is set. Beat sour cream at medium speed of an
  electric mixer 2 minutes. Add remaining sugar and amaretto; beat 1 minute.
  Spread over cheesecake. Bake at 350 degrees for 10 minutes. Let cool to
  room temperature on wire rack; chill 8 hours. To serve, remove sides of
  springform pan. SOURCE: Emily Carlisle, McComb's International Cuisine
  Affair; McComb Interdenominational Care Association; McComb, Mississippi
  America's Best Recipes; A 1989 Hometown Collection; Oxmoor House
  
  MM-RECIPES@IDISCOVER.NET
  
  MEAL-MASTER RECIPES LIST SERVER
  
  MM-RECIPES DIGEST V3 #56
  
  From the MealMaster recipe list.  Downloaded from Glen's MM Recipe Archive,
  http://www.erols.com/hosey.
 
</step></directions></recipe></recipeml>
