<?xml version="1.0" encoding="UTF-8"?>

<recipeml version="0.5">
  <recipe>
    <head>
      <title>Amaretto Peach Cheesecake</title>
      <categories>
        <cat>Pie</cat></categories>
      <yield>10</yield></head>
    <ingredients>
      <ing>
        <amt>
          <qty>3</qty>
          <unit>tablespoons</unit></amt>
        <item>Margarine</item></ing>
      <ing>
        <amt>
          <qty>1/3</qty>
          <unit>cups</unit></amt>
        <item>Sugar</item></ing>
      <ing>
        <amt>
          <qty>1</qty>
          <unit>large</unit></amt>
        <item>Egg</item></ing>
      <ing>
        <amt>
          <qty>3/4</qty>
          <unit>cups</unit></amt>
        <item>Unbleached all-purpose flour</item></ing>
      <ing>
        <amt>
          <qty>24</qty>
          <unit>ounces</unit></amt>
        <item>Cream cheese; softened</item></ing>
      <ing>
        <amt>
          <qty>3/4</qty>
          <unit>cups</unit></amt>
        <item>Sugar</item></ing>
      <ing>
        <amt>
          <qty>3</qty>
          <unit>tablespoons</unit></amt>
        <item>Unbleached all-purpose flour</item></ing>
      <ing>
        <amt>
          <qty>3</qty>
          <unit>large</unit></amt>
        <item>Eggs</item></ing>
      <ing>
        <amt>
          <qty>1</qty>
          <unit>can</unit></amt>
        <item>(16-oz) peach halves; drained, pureed</item></ing>
      <ing>
        <amt>
          <qty>1/4</qty>
          <unit>cups</unit></amt>
        <item>Almond flavored liqueur</item></ing></ingredients>
    <directions>
      <step>  Date: Mon, 19 Feb 96 07:44:59 PST
  
  From: eboyd@shentel.net
  Combine margarine and sugar until light and fluffy. Blend in egg. Add
  flour; mix well. Spread dough onto bottom of 9-inch springform pan. Bake at
  450 degrees F., 10 minutes. Combine cream cheese, sugar and flour; mixing
  at medium speed on electric mixer until well blended.
  
  Add eggs, one at a time, mixing well after each addition. Add peaches and
  liqueur; mix well.  Pour over crust. Bake at 450 degrees F., 10 minutes.
  
  Reduce oven temperature to 250 degrees F.; continue baking 65 minutes.
  Loosen cake from rim of pan; cool before removing rim of pan. Chill.
  Garnish with additional peach slices and sliced almonds, if desired.
  
  MM-RECIPES@IDISCOVER.NET
  
  MEAL-MASTER RECIPES LIST SERVER
  
  From the MealMaster recipe list.  Downloaded from Glen's MM Recipe Archive,
  http://www.erols.com/hosey.
 
</step></directions></recipe></recipeml>
