<?xml version="1.0" encoding="UTF-8"?>

<recipeml version="0.5">
  <recipe>
    <head>
      <title>Amaretto Cheesecake Delite</title>
      <categories>
        <cat>Desserts</cat></categories>
      <yield>16</yield></head>
    <ingredients>
      <ing-div>
        <title>CHOCOLATE COOKIE CRUST</title>
        <ing>
          <amt>
            <qty>1 1/2</qty>
            <unit>cups</unit></amt>
          <item>Chocolate cookie crumbs</item></ing>
        <ing>
          <amt>
            <qty>3</qty>
            <unit>tablespoons</unit></amt>
          <item>Chopped almonds</item></ing>
        <ing>
          <amt>
            <qty>2</qty>
            <unit>tablespoons</unit></amt>
          <item>Soy oil OR ---</item></ing>
        <ing>
          <amt>
            <qty>2</qty>
            <unit/></amt>
          <item>Cookie crumb crusts chocolate, ready-to-serve</item></ing></ing-div>
      <ing-div>
        <title>GLAZED ALMOND TOPPING</title>
        <ing>
          <amt>
            <qty>2</qty>
            <unit>tablespoons</unit></amt>
          <item>Sugar</item></ing>
        <ing>
          <amt>
            <qty>3/4</qty>
            <unit>cups</unit></amt>
          <item>Sliced almonds</item></ing></ing-div>
      <ing-div>
        <title>AMARETTO FILLING</title>
        <ing>
          <amt>
            <qty>10 1/2</qty>
            <unit>ounces</unit></amt>
          <item>Pkg. lite soft silken tofu</item></ing>
        <ing>
          <amt>
            <qty>16</qty>
            <unit>ounces</unit></amt>
          <item>Lower fat cream cheese softened</item></ing>
        <ing>
          <amt>
            <qty>3</qty>
            <unit>tablespoons</unit></amt>
          <item>EQUAL measure; OR... EQUAL packets; OR... Sugar</item></ing>
        <ing>
          <amt>
            <qty>6</qty>
            <unit/></amt>
          <item>Egg whites</item></ing>
        <ing>
          <amt>
            <qty>4</qty>
            <unit/></amt>
          <item>Whole eggs</item></ing>
        <ing>
          <amt>
            <qty>1/4</qty>
            <unit>cups</unit></amt>
          <item>Amaretto</item></ing>
        <ing>
          <amt>
            <qty>2</qty>
            <unit>tablespoons</unit></amt>
          <item>Vanilla</item></ing></ing-div></ingredients>
    <directions>
      <step>  In a small bowl, combine all ingredients for the crust. Press evenly into
  the bottom of a    9-inch springform pan.
  
  Using an electric mixer, combine tofu and cream cheese until smooth. Add
  EQUAL or sugar and mix thoroughly. Add egg whites and whole eggs to
  ingredients and continue to mix until well blended. Add Amaretto and
  vanilla. Pour over crust in springform pan or divide batter into two
  prepared pie crusts. Bake at 300 F for 1 hour in the springform pan or 40
  minutes for the two prepared crusts.
  
  Heat two tablespoons of sugar in a non-stick pan until sugar turns a golden
  brown. Toss almonds in sugar to coat. Remove almonds and allow to cool on
  wax paper. Break apart when cooled and arrange almonds around edge of cake.
  Refrigerate. Serves 16.
  
  *1/2 cup chocolate cookie crumbs can also be sprinkled around the outside
  of the cheesecake for a different taste combination.
  
  First Place, Desserts Category - Cooking with Ohio's Soy Foods
  Ohio State Fair Recipe Contest
  Developed by Jacqueline DeMatteis-O'Brien
  
  Reprinted with permission from the Indiana Soybean Development Council.
  Meal-Master format by Karen Mintzias
  
  File ftp://ftp.idiscover.co.uk/pub/food/mealmaster/recipes/soyfoods.zip
 
</step></directions></recipe></recipeml>
