<?xml version="1.0" encoding="UTF-8"?>

<recipeml version="0.5">
  <recipe>
    <head>
      <title>Amaretto Coconut Bread</title>
      <categories>
        <cat>Breads</cat>
        <cat>Desserts</cat>
        <cat>Vegetarian</cat></categories>
      <yield>1</yield></head>
    <ingredients>
      <ing>
        <amt>
          <qty>4</qty>
          <unit>ounces</unit></amt>
        <item>Tofu</item></ing>
      <ing>
        <amt>
          <qty>1</qty>
          <unit>cup</unit></amt>
        <item>Sugar</item></ing>
      <ing>
        <amt>
          <qty>1/4</qty>
          <unit>cups</unit></amt>
        <item>Amaretto</item></ing>
      <ing>
        <amt>
          <qty>14</qty>
          <unit>fluid ounces</unit></amt>
        <item>Coconut milk</item></ing>
      <ing>
        <amt>
          <qty>2 1/2</qty>
          <unit>cups</unit></amt>
        <item>Flour</item></ing>
      <ing>
        <amt>
          <qty>1/2</qty>
          <unit>teaspoons</unit></amt>
        <item>Salt</item></ing>
      <ing>
        <amt>
          <qty>1</qty>
          <unit>tablespoon</unit></amt>
        <item>Baking powder</item></ing>
      <ing>
        <amt>
          <qty>1</qty>
          <unit>cup</unit></amt>
        <item>Unsweetened coconut flakes</item></ing></ingredients>
    <directions>
      <step>  Preheat oven to 350 F.  Grease a 9" x 5" x 3" loaf pan.
  
  Blend together tofu and sugar thoroughly in an electric mixer or by mashing
  them together in a large mixing bowl with the utensil of your choice.
  :-)
  
  Mix Amaretto and coconut milk into tofu until well blended.
  
  Meanwhile, sift together flour, salt and baking powder. Toss in coconut
  flakes, then add dry ingredients to liquid mixture and blend thoroughly.
  
  Spoon batter into prepared loaf pan.  Bake until done, about 50 minutes.
  Cool slightly before removing from pan.
  
  Toasted slices of this bread are very nice with tea, coffee, or your fave
  hot beverage.
  
  [Note: 1 teaspoon of almond extract and 1/4 cup of water may be substituted
  for the 1/4 cup of Amaretto. 1 1/2 cups water plus 1/4 cup oil may be used
  instead of coconut milk.]
  
  (C) Copyright 1994 Karen Mintzias - May be freely distributed
  
  From Gemini's MASSIVE MealMaster collection at www.synapse.com/~gemini
 
</step></directions></recipe></recipeml>
