<?xml version="1.0" encoding="UTF-8"?>

<recipeml version="0.5">
  <recipe>
    <head>
      <title>Amaretti Cookies</title>
      <categories>
        <cat>Ew</cat>
        <cat>Text</cat>
        <cat>Import</cat></categories>
      <yield>1</yield></head>
    <ingredients>
      <ing>
        <amt>
          <qty>1 1/4</qty>
          <unit>cups</unit></amt>
        <item>Blanched and lightly toasted almonds</item></ing>
      <ing>
        <amt>
          <qty>3/4</qty>
          <unit>cups</unit></amt>
        <item>Powdered sugar</item></ing>
      <ing>
        <amt>
          <qty>2</qty>
          <unit>teaspoons</unit></amt>
        <item>All-purpose flour</item></ing>
      <ing>
        <amt>
          <qty>2</qty>
          <unit>large</unit></amt>
        <item>Egg whites</item></ing>
      <ing>
        <amt>
          <qty>1/3</qty>
          <unit>cups</unit></amt>
        <item>Granulated sugar</item></ing>
      <ing>
        <amt>
          <qty>1</qty>
          <unit>teaspoon</unit></amt>
        <item>Grated lemon zest</item></ing>
      <ing>
        <amt>
          <qty>1</qty>
          <unit>teaspoon</unit></amt>
        <item>Almond extract</item></ing></ingredients>
    <directions>
      <step>  In a food processor, grind the almonds to a powder by pulsing off and on to
  keep the powder loose. Mix the almonds with the powdered sugar and flour.
  In a separate a bowl, beat the egg whites to soft peaks. Gradually beat in
  the granulated sugar until stiff. Fold in the lemon zest and almond
  extract. Pipe the mixture with a pastry bag using a round 1/4-inch tip into
  1 1/2-inch rounds onto baking sheets lined with lightly buttered waxed
  paper or parchment. Bake in a preheated 275-degree oven for 1 hour,
  checking to make sure the amaretti don't brown. Turn off the oven and let
  the amaretti dry out for an additional hour--they should be very crisp.
  Store them in an airtight container in the refrigerator or freezer.
  
  Yield: Approximately 24 cookies
  Recipe By     :COOK'S CHOICE SHOW #CH1215
  
  Posted to MC-Recipe Digest V1 #250
  
  Date: Fri, 18 Oct 1996 12:45:37 -0400
  
  From: Meg Antczak &lt;meginny@frontiernet.net&gt;
 
</step></directions></recipe></recipeml>
