<?xml version="1.0" encoding="UTF-8"?>

<recipeml version="0.5">
  <recipe>
    <head>
      <title>Amaretti</title>
      <categories>
        <cat>Cookie</cat></categories>
      <yield>48</yield></head>
    <ingredients>
      <ing>
        <amt>
          <qty>2</qty>
          <unit>cups</unit></amt>
        <item>Whole unblanched almonds; toasted</item></ing>
      <ing>
        <amt>
          <qty>1 1/4</qty>
          <unit>cups</unit></amt>
        <item>Sugar</item></ing>
      <ing>
        <amt>
          <qty>2 1/2</qty>
          <unit>tablespoons</unit></amt>
        <item>Flour</item></ing>
      <ing>
        <amt>
          <qty>1/4</qty>
          <unit>teaspoons</unit></amt>
        <item>Salt</item></ing>
      <ing>
        <amt>
          <qty>4</qty>
          <unit/></amt>
        <item>Egg whites</item></ing>
      <ing>
        <amt>
          <qty>2</qty>
          <unit>teaspoons</unit></amt>
        <item>Almond extract</item></ing></ingredients>
    <directions>
      <step>  Date: Wed, 6 Mar 96 13:35:21 EST
  
  From: squeakn@pcnet.com
  
  Pre heat oven to 300 degrees.  Line a cookie sheet with aluminum foil.
  Butter &amp; flour it. Combine almonds, sugar, flour and salt in food
  processor. Process till fine. Transfer to bowl. Stir in egg whites and
  almond extract. Drop batter by teaspoonful onto sheet 1-1/2 inches apart.
  Bake 20 minutes or until dry. Let cool slightly on sheet then transfer to
  rack.  Cool completely. Store in airtight container.
  
  MM-RECIPES@IDISCOVER.NET
  
  MEAL-MASTER RECIPES LIST SERVER
  
  MM-RECIPES DIGEST V3 #66
  
  From the MealMaster recipe list.  Downloaded from Glen's MM Recipe Archive,
  http://www.erols.com/hosey.
 
</step></directions></recipe></recipeml>
