<?xml version="1.0" encoding="UTF-8"?>

<recipeml version="0.5">
  <recipe>
    <head>
      <title>Amaretto French Toast</title>
      <categories>
        <cat>None</cat></categories>
      <yield>4</yield></head>
    <ingredients>
      <ing>
        <amt>
          <qty>6</qty>
          <unit>tablespoons</unit></amt>
        <item>Amaretto</item></ing>
      <ing>
        <amt>
          <qty>12</qty>
          <unit>slices</unit></amt>
        <item>French bread</item></ing>
      <ing>
        <amt>
          <qty>4</qty>
          <unit/></amt>
        <item>Eggs -- well beaten</item></ing>
      <ing>
        <amt>
          <qty/>
          <unit/></amt>
        <item>Amaretto butter (see</item></ing>
      <ing>
        <amt>
          <qty/>
          <unit/></amt>
        <item>Recipe)</item></ing>
      <ing>
        <amt>
          <qty>1/2</qty>
          <unit>cups</unit></amt>
        <item>Milk</item></ing>
      <ing>
        <amt>
          <qty/>
          <unit/></amt>
        <item>Amaretto syrup (see recipe)</item></ing></ingredients>
    <directions>
      <step>  In shallow bowl mix all ingredients except bread.  Soak bread in mixture.
  In large skillet, melt some butter. Drain bread. Cook in buttter until both
  sides are golden brown. Serve immediately with Amaretto butter and Amaretto
  Syrup.
  
  NOTE: For a change, try Irish Cream instead of Amaretto.
  
  Recipe By     :
  
  From: Ladies Home Journal- August 1991
  
  File ftp://ftp.idiscover.co.uk/pub/food/mealmaster/recipes/mmdja006.zip
 
</step></directions></recipe></recipeml>
