<?xml version="1.0" encoding="UTF-8"?>

<recipeml version="0.5">
  <recipe>
    <head>
      <title>Amaretto and Ghirardelli Chocolate Chip Cheesecake</title>
      <categories>
        <cat>Chocolate</cat>
        <cat>Desserts</cat></categories>
      <yield>12</yield></head>
    <ingredients>
      <ing-div>
        <title>CRUST</title>
        <ing>
          <amt>
            <qty>1</qty>
            <unit>cup</unit></amt>
          <item>Ghirardelli semi-sweet chocolate chips</item></ing>
        <ing>
          <amt>
            <qty>1</qty>
            <unit>tablespoon</unit></amt>
          <item>Butter, unsalted</item></ing>
        <ing>
          <amt>
            <qty>1 1/4</qty>
            <unit>cups</unit></amt>
          <item>Vanilla wafer crumbs</item></ing>
        <ing>
          <amt>
            <qty>1/4</qty>
            <unit>cups</unit></amt>
          <item>Nuts; finely chopped</item></ing>
        <ing>
          <amt>
            <qty>3</qty>
            <unit>tablespoons</unit></amt>
          <item>Sugar, confectioners'</item></ing></ing-div>
      <ing-div>
        <title>FILLING</title>
        <ing>
          <amt>
            <qty>24</qty>
            <unit>ounces</unit></amt>
          <item>Cream cheese; softened</item></ing>
        <ing>
          <amt>
            <qty>1</qty>
            <unit>cup</unit></amt>
          <item>Sugar</item></ing>
        <ing>
          <amt>
            <qty>4</qty>
            <unit>large</unit></amt>
          <item>Egg; room temp</item></ing>
        <ing>
          <amt>
            <qty>1/4</qty>
            <unit>cups</unit></amt>
          <item>Amaretto</item></ing>
        <ing>
          <amt>
            <qty>2</qty>
            <unit>tablespoons</unit></amt>
          <item>Cornstarch</item></ing>
        <ing>
          <amt>
            <qty>1</qty>
            <unit>teaspoon</unit></amt>
          <item>Vanilla extract</item></ing>
        <ing>
          <amt>
            <qty>1</qty>
            <unit>cup</unit></amt>
          <item>Ghirardelli semi-sweet chocolate chips</item></ing></ing-div>
      <ing-div>
        <title>TOPPING</title>
        <ing>
          <amt>
            <qty>2</qty>
            <unit>cups</unit></amt>
          <item>Sour cream; room temp</item></ing>
        <ing>
          <amt>
            <qty>1/4</qty>
            <unit>cups</unit></amt>
          <item>Sugar</item></ing>
        <ing>
          <amt>
            <qty>1</qty>
            <unit>teaspoon</unit></amt>
          <item>Amaretto</item></ing>
        <ing>
          <amt>
            <qty>1/2</qty>
            <unit>cups</unit></amt>
          <item>Almonds, toasted sliced</item></ing></ing-div></ingredients>
    <directions>
      <step>  Make the crust: Position a rack in the center of the oven and preheat to
  375-F. Lightly butter the bottom and side of a 9 x 3" round springform pan.
  Trim a 9" cardboard cake circle so that it fits snugly within the curved
  lip of the bottom of the springform pan. Cover the top of the cardboard
  lined springform bottom with a piece of aluminum foil, leaving a 2"
  overhang all the way around the edge. Carefully attach the side of the
  springform so as not to tear the foil. Wrap the foil overhang halfway up
  the side of the springform pan. Lightly butter the foil covered bottom and
  side of the springform pan. In the top of a double boiler over hot, not
  simmering, water, melt the chocolate chips with the butter, stirring
  frequently, until smooth. Remove the top part of the double boiler from the
  bottom and cool the chocolate mixture until tepid. In a large bowl, stir
  together the crumbs, nuts and sugar until combined. Add the chocolate
  mixture and using a fork, stir together the chocolate and crumbs, until
  combined. Press the mixture evenly into the bottom of the prepared pan,
  making sure that the crust extends 1" up the side of the pan. Set aside.
  
  Make the filling: In a large bowl, using a hand held electric mixer set at
  medium high speed, beat the cream cheese with the sugar for 2 to 3 minutes,
  or until smooth. One at a time, beat in the eggs, beating well after each
  addition. Beat in the liqueur, cornstarch and vanilla until smooth. Stir in
  the chocolate chips. Pour the cheesecake filling into the prepared pan and
  smooth the surface with a rubber spatula. Bake the cheesecake for 50 to 60
  minutes, or until a knife comes out clean when inserted near the center.
  Cool for 5 minutes. Do not turn off the oven.
  
  Make the topping: In a large bowl, stir together the sour cream, sugar and
  liqueur until combined and spread it evenly over the surface of the cake.
  Bake for 5 minutes longer. Cool the cheesecake completely on a wire rack.
  Cover with plastic wrap and refrigerate overnight. Remove the side of the
  pan and sprinkle the top with the almonds.
  
  File ftp://ftp.idiscover.co.uk/pub/food/mealmaster/recipes/mmdjaxxx.zip
 
</step></directions></recipe></recipeml>
