<?xml version="1.0" encoding="UTF-8"?>

<recipeml version="0.5">
  <recipe>
    <head>
      <title>Amaranth Baking Powder Bread</title>
      <categories>
        <cat>Breads</cat>
        <cat>Gluten-free</cat></categories>
      <yield>1</yield></head>
    <ingredients>
      <ing-div>
        <title/>
        <ing>
          <amt>
            <qty>1</qty>
            <unit>cup</unit></amt>
          <item>AM Amaranth Flour</item></ing>
        <ing>
          <amt>
            <qty>1 1/2</qty>
            <unit>cups</unit></amt>
          <item>AM Brown Rice Flour OR- Whole Wheat Flour</item></ing>
        <ing>
          <amt>
            <qty>1</qty>
            <unit>tablespoon</unit></amt>
          <item>Non-alum baking powder</item></ing>
        <ing>
          <amt>
            <qty>1</qty>
            <unit>teaspoon</unit></amt>
          <item>Sea salt (optional)</item></ing>
        <ing>
          <amt>
            <qty>1</qty>
            <unit>cup</unit></amt>
          <item>Milk, soymilk, or water</item></ing>
        <ing>
          <amt>
            <qty>3</qty>
            <unit>tablespoons</unit></amt>
          <item>Honey</item></ing>
        <ing>
          <amt>
            <qty>2</qty>
            <unit>tablespoons</unit></amt>
          <item>AM Unrefined Vegetable oil</item></ing></ing-div>
      <ing-div>
        <title>IF USING RICE FLOUR</title>
        <ing>
          <amt>
            <qty>2</qty>
            <unit/></amt>
          <item>Egg whites; beaten</item></ing></ing-div></ingredients>
    <directions>
      <step>  Mix dry and liquid ingredients separately; beat egg whites, then combine
  all ingredients.  Pour batter into well-oiled 8" x 4" pan and bake at 350
  F. about 45 minutes.  Cool 10 minutes before removing loaf to rack.
  
  Source: Arrowhead Mills "Amaranth Flour" tri-fold
  Reprinted by permission of Arrowhead Mills, Inc.
  Electronic format courtesy of: Karen Mintzias
  
  File ftp://ftp.idiscover.co.uk/pub/food/mealmaster/recipes/am.zip
 
</step></directions></recipe></recipeml>
