<?xml version="1.0" encoding="UTF-8"?>

<recipeml version="0.5">
  <recipe>
    <head>
      <title>Amaretto Mousse Cheesecake</title>
      <categories>
        <cat>Desserts</cat></categories>
      <yield>12</yield></head>
    <ingredients>
      <ing>
        <amt>
          <qty>2</qty>
          <unit>cups</unit></amt>
        <item>Graham cracker crumbs</item></ing>
      <ing>
        <amt>
          <qty>1/2</qty>
          <unit>cups</unit></amt>
        <item>Butter or margarine, melted</item></ing>
      <ing>
        <amt>
          <qty>1</qty>
          <unit/></amt>
        <item>Envelope unflavored Gelatin</item></ing>
      <ing>
        <amt>
          <qty>1/2</qty>
          <unit>cups</unit></amt>
        <item>Cold Water*</item></ing>
      <ing>
        <amt>
          <qty>3</qty>
          <unit>packages</unit></amt>
        <item>(8 oz each) cream cheese,</item></ing>
      <ing>
        <amt>
          <qty/>
          <unit/></amt>
        <item>Softened</item></ing>
      <ing>
        <amt>
          <qty>1 1/4</qty>
          <unit>cups</unit></amt>
        <item>Sugar</item></ing>
      <ing>
        <amt>
          <qty>1</qty>
          <unit>can</unit></amt>
        <item>(5 oz) evaporated milk</item></ing>
      <ing>
        <amt>
          <qty>1</qty>
          <unit>teaspoon</unit></amt>
        <item>Lemon juice</item></ing>
      <ing>
        <amt>
          <qty>1/3</qty>
          <unit>cups</unit></amt>
        <item>Amaretto liqueur*</item></ing>
      <ing>
        <amt>
          <qty>1</qty>
          <unit>teaspoon</unit></amt>
        <item>Vanilla extract</item></ing>
      <ing>
        <amt>
          <qty>3/4</qty>
          <unit>cups</unit></amt>
        <item>Whipping or heavy cream,</item></ing>
      <ing>
        <amt>
          <qty/>
          <unit/></amt>
        <item>Whipped</item></ing></ingredients>
    <directions>
      <step>  Combine graham cracker crumbs with butter. Press onto bottom and up sides
  of 9-inch springform  pan; chill. In small saucepan sprinkle gelatin over
  cold water.  Let stand 1 minute. Stir over low heat till completely
  dissolved, about 3 minutes; set aside. In large bowl of electric mixer,
  beat cream cheese with sugar till fluffy, about 2 minutes. Gradually add
  evaporated milk and lemon; beat at medium-high speed till mixture is very
  fluffy, about 2 minutes.  Gradually beat in gelatin mixture, liqueur and
  vanilla thoroughly blended.  Fold in whipped cream. Pour into crust; chill
  8 hours or overnight.  Garnish with chocolate sauce and berries.
  
  *Substitution; Omit amaretto liqueur.  Increase water to 3/4 cup, add 1/2
  teaspoon almond extract with vanilla. Gradually add evaporated milk and
  lemon juice; beat at medium-high speed till mixture is very fluffy, about 2
  minute.  Gradually beat in gelatin gelatin mixture, liqueur and vanilla
  until thoroughly blended.  Fold in whipped cream. Pour into crust; chill 8
  hours or overnight.  Garnish with chocolate sauce and berries.
  
  Posted to MM-Recipes Digest V5 #029 by NAZER@mailh2a.cyberway.com.sg,
  KATHRYN ANDREA &lt;$NAZERKA@BrandonU.CA&gt; on Jan 29, 98
 
</step></directions></recipe></recipeml>
