<?xml version="1.0" encoding="UTF-8"?>

<recipeml version="0.5">
  <recipe>
    <head>
      <title>Amaretto Cheesecake #4</title>
      <categories>
        <cat>Pie</cat></categories>
      <yield>8</yield></head>
    <ingredients>
      <ing-div>
        <title>CRUST</title>
        <ing>
          <amt>
            <qty>2</qty>
            <unit>cups</unit></amt>
          <item>Cookie crumbs (vanilla cookies; graham crackers or chocolate cookies depending on your preferences. *I* like to use nilla wafers or oreos)</item></ing>
        <ing>
          <amt>
            <qty>2</qty>
            <unit>tablespoons</unit></amt>
          <item>Sugar</item></ing>
        <ing>
          <amt>
            <qty>1/4</qty>
            <unit>cups</unit></amt>
          <item>Melted butter</item></ing></ing-div>
      <ing-div>
        <title>FILLING</title>
        <ing>
          <amt>
            <qty>24</qty>
            <unit>ounces</unit></amt>
          <item>Softened cream cheese</item></ing>
        <ing>
          <amt>
            <qty>1 1/4</qty>
            <unit>cups</unit></amt>
          <item>Sugar</item></ing>
        <ing>
          <amt>
            <qty>3</qty>
            <unit/></amt>
          <item>Eggs</item></ing>
        <ing>
          <amt>
            <qty>1/2</qty>
            <unit>cups</unit></amt>
          <item>Liquer (I use amaretto most of the time; but baileys is nice too)</item></ing></ing-div>
      <ing-div>
        <title>TOPPING</title>
        <ing>
          <amt>
            <qty>1</qty>
            <unit>cup</unit></amt>
          <item>Sour cream (breakstones is best; if you can get it)</item></ing>
        <ing>
          <amt>
            <qty>1/3</qty>
            <unit>cups</unit></amt>
          <item>Sugar</item></ing>
        <ing>
          <amt>
            <qty>1/4</qty>
            <unit>cups</unit></amt>
          <item>Liquer you used in cake ...or a companion liquer.</item></ing></ing-div></ingredients>
    <directions>
      <step>  From: 21329KAD@msu.edu (Kim Dyer)
  
  Date: Thu, 10 Aug 1995 16:54:06 GMT
  (A multitude of variations possible ... amaretto, chocolate, grand marnier,
  etc.)
  
  A food processor makes this whole thing VERY easy.  You just toss stuff in
  and blend.  You can make it without one, but it is more work.  A spring
  form pan will give you a pretty cake. But it tastes just as good baked in a
  regular cake pan and served a little on the mangled side.
  
  crust: Toss it all in a food processor and blend.  Crumbs should stick
  together.  If they don't, add a little more melted butter.  Pack into
  bottom and up the sides of a springform pan
  
  filling: Once again, toss it all in a food processor and blend until
  smooth. Pour into the prepared crust. Bake for 1 hour at 350 degrees ... or
  until filling is firm and top is golden brown. When cake is cooled you can
  add topping.
  
  Topping: Like before ... toss it all in a food processor, and go at it.
  Pour on cake.  Chill for about an hour so it sets up nice.  Put the cake on
  your serving plate and remove the springform pan.
  
  If you want to be really decadent, pour a can of prepared cherry pie
  filling over the whole thing just before serving.
  
  Serve with bedraggled but proud look, and tell all your friends the effort
  involved is worth it for the look on their faces. ;-)
  
  CAUTION:  Once people try this, they MAY keep asking you to make them one.
  
  REC.FOOD.RECIPES ARCHIVES
  
  /DESSERTS
  
  From rec.food.cooking archives.  Downloaded from Glen's MM Recipe Archive,
  http://www.erols.com/hosey.
 
</step></directions></recipe></recipeml>
