<?xml version="1.0" encoding="UTF-8"?>

<recipeml version="0.5">
  <recipe>
    <head>
      <title>Amaretto Dream Cupcakes</title>
      <categories>
        <cat>Cakes</cat></categories>
      <yield>24</yield></head>
    <ingredients>
      <ing>
        <amt>
          <qty>2</qty>
          <unit>cups</unit></amt>
        <item>All-purpose flour</item></ing>
      <ing>
        <amt>
          <qty>1 1/2</qty>
          <unit>teaspoons</unit></amt>
        <item>Baking powder</item></ing>
      <ing>
        <amt>
          <qty>1/2</qty>
          <unit>teaspoons</unit></amt>
        <item>Baking soda</item></ing>
      <ing>
        <amt>
          <qty>1/4</qty>
          <unit>teaspoons</unit></amt>
        <item>Salt -</item></ing>
      <ing>
        <amt>
          <qty>3/4</qty>
          <unit>cups</unit></amt>
        <item>Butter or margarine</item></ing>
      <ing>
        <amt>
          <qty>1 1/2</qty>
          <unit>cups</unit></amt>
        <item>Packed brown sugar</item></ing>
      <ing>
        <amt>
          <qty>2</qty>
          <unit/></amt>
        <item>Eggs</item></ing>
      <ing>
        <amt>
          <qty>112</qty>
          <unit>cups</unit></amt>
        <item>Buttermilk</item></ing>
      <ing>
        <amt>
          <qty>1/4</qty>
          <unit>cups</unit></amt>
        <item>Amaretto</item></ing>
      <ing>
        <amt>
          <qty>1/3</qty>
          <unit>cups</unit></amt>
        <item>Slivered almonds</item></ing>
      <ing>
        <amt>
          <qty/>
          <unit/></amt>
        <item>Amaretto Butter Frosting</item></ing></ingredients>
    <directions>
      <step>  In a medium bowl; sift together flour, baking powder, baking soda, and
  salt; set aside. In a large mixing bowl, beat butter and brown sugar until
  creamy. add eggs, one at a time, beating well after each. Alternately add
  1/3 of flour &amp; all of the buttermilk, then 1/3 of flour and the Amaretto,
  beating well after each addition. Add remaining flour; mix until smooth.
  Stir in almonds. Line regular or mini muffin cups with baking papers. -Fill
  each 2/3 full. Bake at 375 degrees for 14-16 minutes or until muffins test
  done. Cool In pans for 5 minutes. Remove and cool completely before
  frosting. Yield:
       24    regular or 48 mini cupcakes.
  
  NOTES :
  Posted to recipelu-digest by "Lynn Ratcliffe" &lt;mcgrew@ntr.net&gt; on Mar 28,
  1998
 
</step></directions></recipe></recipeml>
