<?xml version="1.0" encoding="UTF-8"?>

<recipeml version="0.5">
  <recipe>
    <head>
      <title>Amaranth Pie Crust</title>
      <categories>
        <cat>None</cat></categories>
      <yield>1</yield></head>
    <ingredients>
      <ing>
        <amt>
          <qty>3/4</qty>
          <unit>cups</unit></amt>
        <item>Amaranth flour</item></ing>
      <ing>
        <amt>
          <qty>1/2</qty>
          <unit>cups</unit></amt>
        <item>Arrowroot</item></ing>
      <ing>
        <amt>
          <qty>1/4</qty>
          <unit>cups</unit></amt>
        <item>Ground nuts; seeds or peanuts</item></ing>
      <ing>
        <amt>
          <qty>1/2</qty>
          <unit>teaspoons</unit></amt>
        <item>Ground cinnamon (optional)</item></ing>
      <ing>
        <amt>
          <qty>3</qty>
          <unit>tablespoons</unit></amt>
        <item>Oil</item></ing>
      <ing>
        <amt>
          <qty>3</qty>
          <unit>tablespoons</unit></amt>
        <item>Water (up to 4)</item></ing></ingredients>
    <directions>
      <step>  In a large bowl, mix the flour, arrowroot, nuts and cinnamon. In a cup mix
  the oil and water. Blend in the flour with a fork. Stir until a ball can be
  formed. Add more water if nec. Oil a 9" pie plate. Either pat the dough
  into the plate or roll between 2 pieces of wax paper. Handle it carefully -
  its fragile. Prick with a fork. For an unfilled crust bake at 400 for 12 -
  15 min. Cool before filling. Filled crust - bake empty shell at 400 for 3
  min. then add filling and bake as reccommended. Posted to MC-Recipe Digest
  V1 #743 by "Debra Berrett" &lt;grinin@community.net&gt; on Aug 14, 1997
 
</step></directions></recipe></recipeml>
