<?xml version="1.0" encoding="UTF-8"?>

<recipeml version="0.5">
  <recipe>
    <head>
      <title>Amaretto Rice Pudding</title>
      <categories>
        <cat>Diabetic</cat></categories>
      <yield>4</yield></head>
    <ingredients>
      <ing>
        <amt>
          <qty>1/3</qty>
          <unit>cups</unit></amt>
        <item>Dried peaches; chopped</item></ing>
      <ing>
        <amt>
          <qty>2</qty>
          <unit>tablespoons</unit></amt>
        <item>Amaretto; plus 2 teaspoons</item></ing>
      <ing>
        <amt>
          <qty>1/3</qty>
          <unit>cups</unit></amt>
        <item>White rice; uncooked</item></ing>
      <ing>
        <amt>
          <qty>2 2/3</qty>
          <unit>cups</unit></amt>
        <item>Evaporated skim milk</item></ing>
      <ing>
        <amt>
          <qty>1 1/4</qty>
          <unit>teaspoons</unit></amt>
        <item>Unsalted butter</item></ing>
      <ing>
        <amt>
          <qty>2</qty>
          <unit>tablespoons</unit></amt>
        <item>Sugar; plus 2 teaspoons</item></ing>
      <ing>
        <amt>
          <qty>2</qty>
          <unit/></amt>
        <item>Eggs; beaten</item></ing>
      <ing>
        <amt>
          <qty/>
          <unit/></amt>
        <item>Cinnamon</item></ing>
      <ing>
        <amt>
          <qty/>
          <unit/></amt>
        <item>Nutmeg</item></ing></ingredients>
    <directions>
      <step>  Soak the peaches in the Amaretto for 10 minutes. Set aside. Combine the
  rice, milk, butter, and sugar in a saucepan. Bring to a boil, lower the
  heat, and cook until the rice has absorbed the milk but the mixture is
  creamy, about 15-20 minutes. Stir constantly so the milk does not curdle.
  Add the peaches and cook 1 more minute. Remove from the heat and add eggs.
  Return to the heat and cook for about 5 minutes until the mixture is
  creamy. To serve, sprinkle individual dishes of rice pudding with cinnamon
  and nutmeg.
  
  Per serving: calories 335, fat 4.3g, 12% calories from fat, cholesterol
  115mg, protein 17.5g, carbohydrates 51.4g, fiber 1.1g, sodium 229mg.
  
  Exchanges: 3 1/2 Carbohydrate, 1/2 Saturated Fat.
  
  Source: webmaster@MealsForYou.com Copyright © 1996-1998 Meals For You.
  
  MC Formatted &amp; MC Busted by Barb at Possum Kingdom
  
  NOTES : Prep: 10 min, Marinate: 10 min, Cook: 25 min.
  
  Recipe by: The American Diabetes Association's Flavorful Seasons Cookb
  
  Posted to MC-Recipe Digest by "abprice@wf.net" &lt;abprice@wf.net&gt; on Mar 16,
  1998
 
</step></directions></recipe></recipeml>
