<?xml version="1.0" encoding="UTF-8"?>

<recipeml version="0.5">
  <recipe>
    <head>
      <title>Amaretto Carrots</title>
      <categories>
        <cat>Vegetables</cat></categories>
      <yield>6</yield></head>
    <ingredients>
      <ing>
        <amt>
          <qty>1 1/2</qty>
          <unit>pounds</unit></amt>
        <item>Carrots, cut into 4" lengths</item></ing>
      <ing>
        <amt>
          <qty>3</qty>
          <unit>tablespoons</unit></amt>
        <item>Sweet butter</item></ing>
      <ing>
        <amt>
          <qty>3</qty>
          <unit>tablespoons</unit></amt>
        <item>Amaretto</item></ing>
      <ing>
        <amt>
          <qty>1/4</qty>
          <unit>teaspoons</unit></amt>
        <item>Ground ginger, or to taste</item></ing>
      <ing>
        <amt>
          <qty>1/3</qty>
          <unit>cups</unit></amt>
        <item>Sliced unblanced almonds, toasted lightly</item></ing></ingredients>
    <directions>
      <step>  In a steamer set over simmering water steam the carrots, covered, for 10
  minutes, or until they are just al dente. Quarter the carrots lengthwise.
   In a skillet, cook the carrots in the butter over moderate heat, stirring,
  for 3 minutes; stir in the Amaretto and the ginger, and cook the mixture,
  covered, over low heat for 3 minutes.  Stir in the almonds and salt and
  pepper to taste and simmer the mixture, covered for 1 minute. Serves 6 to
  8.
  
  From Gemini's MASSIVE MealMaster collection at www.synapse.com/~gemini
 
</step></directions></recipe></recipeml>
