<?xml version="1.0" encoding="UTF-8"?>

<recipeml version="0.5">
  <recipe>
    <head>
      <title>Amaretto Mousse</title>
      <categories>
        <cat>None</cat></categories>
      <yield>1</yield></head>
    <ingredients>
      <ing>
        <amt>
          <qty>1</qty>
          <unit>pint</unit></amt>
        <item>Whipping cream</item></ing>
      <ing>
        <amt>
          <qty>1</qty>
          <unit>tablespoon</unit></amt>
        <item>Gelatin powder</item></ing>
      <ing>
        <amt>
          <qty>3</qty>
          <unit>ounces</unit></amt>
        <item>Amaretto liqueur</item></ing>
      <ing>
        <amt>
          <qty>4</qty>
          <unit/></amt>
        <item>Eggs</item></ing>
      <ing>
        <amt>
          <qty>3</qty>
          <unit>tablespoons</unit></amt>
        <item>Confectioners sugar</item></ing>
      <ing>
        <amt>
          <qty/>
          <unit/></amt>
        <item>Vanilla extract, to taste</item></ing>
      <ing>
        <amt>
          <qty/>
          <unit/></amt>
        <item>Almond extract, to taste</item></ing>
      <ing>
        <amt>
          <qty>1</qty>
          <unit>cup</unit></amt>
        <item>Sliced, toasted almonds</item></ing></ingredients>
    <directions>
      <step>  1. Whip the fresh, heavy cream. Place in the refrigerator until ready to
  use.
  
  2. Dissolve the gelatin powder in Amaretto in a double boiler. Keep warm
  until ready to use.
  
  3. Combine the eggs and confectioners sugar in a separate double boiler.
  Heat on low temperature until warm while whisking constantly.
  
  4. Remove the egg and sugar mixture from heat and mix at high speed until
  consistency reaches firm peaks.
  
  5. Fold the gelatin mixture into the eggs.
  
  6. Fold in the whipped cream and add vanilla and almond extract to taste.
  
  7. Fill dessert glasses and place in the refrigerator until firm
  (approximately 1 hour).
  
  8. Garnish with sliced, toasted almonds. This mousse is a very light
  dessert. It is good to serve after a meal of many courses.
  
  Posted to MM-Recipes Digest V3 #334
  
  From: Barb &lt;farina@harborcom.net&gt;
  
  Date: Thu, 5 Dec 1996 19:23:14 -0800
 
</step></directions></recipe></recipeml>
