<?xml version="1.0" encoding="UTF-8"?>

<recipeml version="0.5">
  <recipe>
    <head>
      <title>Amaretto Cream Liqueur</title>
      <categories>
        <cat>Beverages</cat></categories>
      <yield>12</yield></head>
    <ingredients>
      <ing>
        <amt>
          <qty>1</qty>
          <unit>can</unit></amt>
        <item>Condensed milk; sweetened</item></ing>
      <ing>
        <amt>
          <qty>1 1/2</qty>
          <unit>cups</unit></amt>
        <item>Whipping cream</item></ing>
      <ing>
        <amt>
          <qty>1</qty>
          <unit>cup</unit></amt>
        <item>Amarreto</item></ing>
      <ing>
        <amt>
          <qty>2/3</qty>
          <unit>cups</unit></amt>
        <item>Vodka</item></ing>
      <ing>
        <amt>
          <qty>1</qty>
          <unit>teaspoon</unit></amt>
        <item>Vanilla extract</item></ing>
      <ing>
        <amt>
          <qty>2</qty>
          <unit>tablespoons</unit></amt>
        <item>Almond extract</item></ing></ingredients>
    <directions>
      <step>  1) Pour all ingredients into a blender and blend until smooth.
  
  2) Store in an airtight container in the refrigerator.
  
  3) Shake well before serving. SERVE CHILLED. Formatted by Lynn Thomas.
  Lynn's notes: This is the best drink--better than eggnog. Put it in fancy
  bottles for gift giving and tie a ribbon around the top.
  Posted to TNT Recipes Digest, Vol 01, Nr 960 by "Cynthia"
  &lt;babycakes@webshoppe.net&gt; on Jan 23, 1998
 
</step></directions></recipe></recipeml>
