<?xml version="1.0" encoding="UTF-8"?>

<recipeml version="0.5">
  <recipe>
    <head>
      <title>Amaretto Cheesecake Cookies</title>
      <categories>
        <cat>Cookies</cat>
        <cat>Desserts</cat></categories>
      <yield>16</yield></head>
    <ingredients>
      <ing>
        <amt>
          <qty>1</qty>
          <unit>cup</unit></amt>
        <item>All-purpose flour</item></ing>
      <ing>
        <amt>
          <qty>1/3</qty>
          <unit>cups</unit></amt>
        <item>Brown sugar -- packed</item></ing>
      <ing>
        <amt>
          <qty>6</qty>
          <unit>tablespoons</unit></amt>
        <item>Butter -- softened</item></ing>
      <ing>
        <amt>
          <qty>1</qty>
          <unit>package</unit></amt>
        <item>Cream cheese -- 8 oz at room</item></ing>
      <ing>
        <amt>
          <qty/>
          <unit/></amt>
        <item>Temp</item></ing>
      <ing>
        <amt>
          <qty>1/4</qty>
          <unit>cups</unit></amt>
        <item>Granulated sugar</item></ing>
      <ing>
        <amt>
          <qty>1</qty>
          <unit/></amt>
        <item>Egg</item></ing>
      <ing>
        <amt>
          <qty>4</qty>
          <unit>tablespoons</unit></amt>
        <item>Amaretto</item></ing>
      <ing>
        <amt>
          <qty>1/2</qty>
          <unit>teaspoons</unit></amt>
        <item>Vanilla</item></ing>
      <ing>
        <amt>
          <qty>4</qty>
          <unit>tablespoons</unit></amt>
        <item>Almonds -- chopped</item></ing></ingredients>
    <directions>
      <step>  In a large mixing bowl, combine flour and brown sugar. Cut in butter until
  mixture forms fine crumbs. Reserve 1 cup crumb mixture for topping. Press
  remainder over bottom of ungreased 8 inch square baking pan. Bake for 12-15
  minutes at 350^ or until lightly browned. In mixer bowl, thoroughly cream
  together cream cheese and granulated sugar. Add egg, amaretto, and vanilla;
  beat well.  Spread batter over partially baked crust. Combine almondswith
  reserved crumb mixture; sprinkle over batter. Bake for 20-25 minutes. Cool
  and cut into squares.
  
  Recipe By     : Dining on Deck
  
  From Gemini's MASSIVE MealMaster collection at www.synapse.com/~gemini
 
</step></directions></recipe></recipeml>
