<?xml version="1.0" encoding="UTF-8"?>

<recipeml version="0.5">
  <recipe>
    <head>
      <title>Amaretto Freeze</title>
      <categories>
        <cat>All ready</cat>
        <cat>Desserts</cat>
        <cat>Frozen dish</cat>
        <cat>Spirits</cat>
        <cat>Bobbie not</cat></categories>
      <yield>6</yield></head>
    <ingredients>
      <ing>
        <amt>
          <qty>1/3</qty>
          <unit>cups</unit></amt>
        <item>Amaretto</item></ing>
      <ing>
        <amt>
          <qty>1</qty>
          <unit>tablespoon</unit></amt>
        <item>Brown sugar</item></ing>
      <ing>
        <amt>
          <qty>1</qty>
          <unit>quart</unit></amt>
        <item>Vanilla ice cream; softened</item></ing></ingredients>
    <directions>
      <step>  Combine amaretto and brown sugar, stirring until sugar dissolves. Process
  amaretto mixture and ice cream in a blender until smooth, stopping once to
  scrape down sides. Pour into 6 individual freezer-proof serving dishes;
  cover and freeze overnight. Makes 6 servings. This can also be spooned into
  a 2-quart baking dish and frozen. http://www.pathfinder.com/ © Copyright
  1997 Southern Living. All rights reserved. MC formatting by
  bobbi744@acd.net ICQ #12099523
  
  Recipe by: Southern Living
  
  Posted to MC-Recipe Digest by Roberta Banghart &lt;bobbi744@acd.net&gt; on May
  13, 1998
 
</step></directions></recipe></recipeml>
