<?xml version="1.0" encoding="UTF-8"?>

<recipeml version="0.5">
  <recipe>
    <head>
      <title>Amaretto Cheesecake</title>
      <categories>
        <cat>None</cat></categories>
      <yield>1</yield></head>
    <ingredients>
      <ing>
        <amt>
          <qty>3</qty>
          <unit>packages</unit></amt>
        <item>(8oz.) cream cheese</item></ing>
      <ing>
        <amt>
          <qty>1</qty>
          <unit>cup</unit></amt>
        <item>Sugar</item></ing>
      <ing>
        <amt>
          <qty>4</qty>
          <unit>large</unit></amt>
        <item>Eggs</item></ing>
      <ing>
        <amt>
          <qty>1/3</qty>
          <unit>cups</unit></amt>
        <item>Amaretto</item></ing>
      <ing>
        <amt>
          <qty>1 1/2</qty>
          <unit>cups</unit></amt>
        <item>Graham Cracker crumbs</item></ing>
      <ing>
        <amt>
          <qty>1</qty>
          <unit>teaspoon</unit></amt>
        <item>Cinnamon</item></ing>
      <ing>
        <amt>
          <qty>1/4</qty>
          <unit>cups</unit></amt>
        <item>Sugar</item></ing>
      <ing>
        <amt>
          <qty>6</qty>
          <unit>tablespoons</unit></amt>
        <item>Butter; melted</item></ing>
      <ing>
        <amt>
          <qty>8</qty>
          <unit>ounces</unit></amt>
        <item>Sour cream</item></ing>
      <ing>
        <amt>
          <qty>1</qty>
          <unit>tablespoon</unit></amt>
        <item>Sugar; (plus 1 teaspoon)</item></ing>
      <ing>
        <amt>
          <qty>1</qty>
          <unit>tablespoon</unit></amt>
        <item>Amaretto</item></ing></ingredients>
    <directions>
      <step>  Cost: $ - Preparation Time: 25 minutes Difficulty Level: 3 - Servings: 12
  
  1. Mix graham cracker crumbs, cinnamon, sugar and butter. Pat mixture in
  bottom of a 9 inch spring form pan.
  
  2. Beat cream cheese until light and fluffy. Gradually beat in 1 cup sugar.
  Add eggs one at a time beating well after each addition.
  
  3. Pour into and bake in a pre-heated 375F oven for 45-50 minutes.
  
  4. Mix the sour cream, sugar and amaretto. Spoon the mixture over the
  cheesecake when done and return to oven for 5 minutes at 500F. Let set for
       48    hours in the refrigerator.
  
  5. Top with 1/4 cup sliced toasted almonds, and chocolate curls before
  serving.
  
  Posted to The Gourmet Connection Recipe Page Newsletter  by Gourmet
  Connection Magazine &lt;newsletter@gourmetconnection.com&gt; on Nov 30, 1997
 
</step></directions></recipe></recipeml>
