<?xml version="1.0" encoding="UTF-8"?>

<recipeml version="0.5">
  <recipe>
    <head>
      <title>Amaretto Brownies Supreme</title>
      <categories>
        <cat>Cookie</cat></categories>
      <yield>16</yield></head>
    <ingredients>
      <ing-div>
        <title>BROWNIES</title>
        <ing>
          <amt>
            <qty>1/2</qty>
            <unit>cups</unit></amt>
          <item>Butter</item></ing>
        <ing>
          <amt>
            <qty>2</qty>
            <unit>ounces</unit></amt>
          <item>Semisweet chocolate</item></ing>
        <ing>
          <amt>
            <qty>2</qty>
            <unit/></amt>
          <item>Eggs; well beaten</item></ing>
        <ing>
          <amt>
            <qty>3/4</qty>
            <unit>cups</unit></amt>
          <item>Sugar</item></ing>
        <ing>
          <amt>
            <qty>1/2</qty>
            <unit>cups</unit></amt>
          <item>Flour</item></ing>
        <ing>
          <amt>
            <qty>1/4</qty>
            <unit>teaspoons</unit></amt>
          <item>Salt</item></ing>
        <ing>
          <amt>
            <qty>1/2</qty>
            <unit>cups</unit></amt>
          <item>Pecans; chopped</item></ing>
        <ing>
          <amt>
            <qty>1/4</qty>
            <unit>cups</unit></amt>
          <item>Amaretto liqueur</item></ing></ing-div>
      <ing-div>
        <title>CHOCOLATE AMARETTO FROSTING</title>
        <ing>
          <amt>
            <qty>3</qty>
            <unit>tablespoons</unit></amt>
          <item>Butter</item></ing>
        <ing>
          <amt>
            <qty>1</qty>
            <unit>dash</unit></amt>
          <item>Salt</item></ing>
        <ing>
          <amt>
            <qty>1 1/2</qty>
            <unit>cups</unit></amt>
          <item>Confectioner's sugar</item></ing>
        <ing>
          <amt>
            <qty>4 1/2</qty>
            <unit>teaspoons</unit></amt>
          <item>Amaretto liqueur</item></ing>
        <ing>
          <amt>
            <qty>4 1/2</qty>
            <unit>teaspoons</unit></amt>
          <item>Cocoa butter</item></ing>
        <ing>
          <amt>
            <qty>4 1/2</qty>
            <unit>teaspoons</unit></amt>
          <item>Hot coffee</item></ing></ing-div>
      <ing-div>
        <title>WHITE ALMOND ICING</title>
        <ing>
          <amt>
            <qty>1/3</qty>
            <unit>cups</unit></amt>
          <item>Confectioner's sugar</item></ing>
        <ing>
          <amt>
            <qty>1</qty>
            <unit>dash</unit></amt>
          <item>Salt</item></ing>
        <ing>
          <amt>
            <qty>1/4</qty>
            <unit>teaspoons</unit></amt>
          <item>Almond extract</item></ing>
        <ing>
          <amt>
            <qty>1/4</qty>
            <unit>cups</unit></amt>
          <item>Half-and-half</item></ing></ing-div></ingredients>
    <directions>
      <step>  From: pgl@iglou.com (Don Thomas)
  
  Date: 22 Mar 1995 18:43:59 -0600
  Preheat oven to 325 degrees. Melt butter and chocolate in a saucepan over
  low heat. Remove from heat, let cool. Then stir in eggs. Add sugar, flour,
  salt and pecans, mixing well. Pour batter in a greased 8" square pan and
  bake for 30 to 35 minutes. Brownies should still be soft. Remove from oven
  and let cool slightly. Poke holes in brownies with fork, and pour amaretto
  liqueur over top. Refrigerate overnight. Spread Chocolate Amaretto Frosting
  over brownies and then drizzle White Almond Icing in a criss-cross pattern
  on top.
  
  Chocolate Amaretto Frosting: Combine butter, sugar, salt, amaretto liqueur,
  cocoa powder and coffee and beat until smooth.
  
  White Almond Icing: Combine sugar, salt and almond extract. Add
  half-and-half a little at a time, mixing until smooth.
  
  REC.FOOD.RECIPES ARCHIVES
  
  /COOKIES
  
  From rec.food.cooking archives.  Downloaded from Glen's MM Recipe Archive,
  http://www.erols.com/hosey.
 
</step></directions></recipe></recipeml>
