<?xml version="1.0" encoding="UTF-8"?>

<recipeml version="0.5">
  <recipe>
    <head>
      <title>Amaretto Apples</title>
      <categories>
        <cat>Desserts</cat>
        <cat>Fruits</cat>
        <cat>Alcohol</cat></categories>
      <yield>2</yield></head>
    <ingredients>
      <ing>
        <amt>
          <qty>2</qty>
          <unit>medium</unit></amt>
        <item>Golden Delicious apple</item></ing>
      <ing>
        <amt>
          <qty>1 1/2</qty>
          <unit>tablespoons</unit></amt>
        <item>Unsalted butter</item></ing>
      <ing>
        <amt>
          <qty>2</qty>
          <unit>tablespoons</unit></amt>
        <item>Sugar</item></ing>
      <ing>
        <amt>
          <qty>2</qty>
          <unit>tablespoons</unit></amt>
        <item>Raisin</item></ing>
      <ing>
        <amt>
          <qty>2</qty>
          <unit>tablespoons</unit></amt>
        <item>Amaretto liqueur</item></ing>
      <ing>
        <amt>
          <qty>2</qty>
          <unit>tablespoons</unit></amt>
        <item>Sliced toasted almonds whipped cream</item></ing></ingredients>
    <directions>
      <step>  Peel apples, core, cut into 1/2-inch dice and set aside. Melt butter in
  medium skillet over medium-high heat. Add apples, sprinkle with sugar and
  saute until tender, about 6 minutes. Stir in raisins. Add liqueur and cook
  until liquid reduces to glaze, about 1 minute. Divide between 2 dessert
  dishes. Garnish with almonds and whipped cream. Serve immediately.
  
  From Gemini's MASSIVE MealMaster collection at www.synapse.com/~gemini
 
</step></directions></recipe></recipeml>
