<?xml version="1.0" encoding="UTF-8"?>

<recipeml version="0.5">
  <recipe>
    <head>
      <title>Amaretto Liqueur</title>
      <categories>
        <cat>Beverage</cat></categories>
      <yield>1</yield></head>
    <ingredients>
      <ing>
        <amt>
          <qty>1</qty>
          <unit>cup</unit></amt>
        <item>Granulated sugar</item></ing>
      <ing>
        <amt>
          <qty>3/4</qty>
          <unit>cups</unit></amt>
        <item>Water</item></ing>
      <ing>
        <amt>
          <qty>2</qty>
          <unit/></amt>
        <item>Dried apricot halves</item></ing>
      <ing>
        <amt>
          <qty>1</qty>
          <unit>tablespoon</unit></amt>
        <item>Almond extract</item></ing>
      <ing>
        <amt>
          <qty>1/2</qty>
          <unit>cups</unit></amt>
        <item>Pure grain alcohol and</item></ing>
      <ing>
        <amt>
          <qty>1/2</qty>
          <unit>cups</unit></amt>
        <item>Water</item></ing>
      <ing>
        <amt>
          <qty>1</qty>
          <unit>cup</unit></amt>
        <item>Brandy</item></ing>
      <ing>
        <amt>
          <qty>3</qty>
          <unit>drops</unit></amt>
        <item>Yellow food coloring</item></ing>
      <ing>
        <amt>
          <qty>6</qty>
          <unit>drops</unit></amt>
        <item>Red food coloring</item></ing>
      <ing>
        <amt>
          <qty>2</qty>
          <unit>drops</unit></amt>
        <item>Blue food coloring</item></ing>
      <ing>
        <amt>
          <qty>1/2</qty>
          <unit>teaspoons</unit></amt>
        <item>Glycerin</item></ing></ingredients>
    <directions>
      <step>   This recipie looks very similar to one found in: "Classic Liqueurs; The
  Art of Making and Cooking with Liqueurs" by Cheryl Long and Heather Kibbey.
  
   Combine sugar and 3/4 cup water in a small saucepan. Bring to a boil,
  stirring constantly. Reduce heat and simmer until all sugar is dissolved.
  Remove from heat and cool.
  
   In an aging container, combine apricot halves, almond extract, grain
  alcohol with 1/2 cup water, and brandy. Stir in cooled sugar syrup mixture.
  Cap and let age for 2 days. Remove apricot halves. (Save apricot halves, as
  they may be used for cooking). Add food coloring and glycerin. Stir, recap
  and continue aging for 1 to 2 months.
  
   Re-bottle as desired. Liqueur is ready to serve but will continue to
  improve with additional aging.
  
   Variation: For a more prominent 'bitter almond' flavor, add 4 apricot
  nuts,** split in half, to basic mixture. Leave in for 2 days to 2 weeks
  depending upon depth of flavor desired. Remove and discard apricot nuts.
  Continue as directed.
  
   **Note: Apricot 'nuts' come from within the apricot pit. You may split
  pits yourself or obtain them dried at a health food store.
  
  TREY@BIG-BIRD.CS.BERKELEY.EDU
  
  (MACDONALD JACKSON)
  
  REC.FOOD.RECIPES
  
  From rec.food.cooking archives.  Downloaded from Glen's MM Recipe Archive,
  http://www.erols.com/hosey.
 
</step></directions></recipe></recipeml>
