<?xml version="1.0" encoding="UTF-8"?>

<recipeml version="0.5">
  <recipe>
    <head>
      <title>Baby Food Salad (Suprise Salad)</title>
      <categories>
        <cat>Salad</cat></categories>
      <yield>8</yield></head>
    <ingredients>
      <ing>
        <amt>
          <qty>1</qty>
          <unit>can</unit></amt>
        <item>(medium) crushed pinapple</item></ing>
      <ing>
        <amt>
          <qty>1</qty>
          <unit>package</unit></amt>
        <item>(small) cream cheese</item></ing>
      <ing>
        <amt>
          <qty>1</qty>
          <unit>package</unit></amt>
        <item>(small) orange jello</item></ing>
      <ing>
        <amt>
          <qty>1</qty>
          <unit/></amt>
        <item>Jar (big) (junior) Apricot babyfood</item></ing>
      <ing>
        <amt>
          <qty>1</qty>
          <unit>package</unit></amt>
        <item>Dream whip</item></ing>
      <ing>
        <amt>
          <qty>From:</qty>
          <unit/></amt>
        <item>Janna Warncke &lt;warncke@AGT.NET&gt;</item></ing>
      <ing>
        <amt>
          <qty>Date:</qty>
          <unit/></amt>
        <item>Sat, 6 Jul 1996 21:24:27 -0600</item></ing></ingredients>
    <directions>
      <step>  This recipe has been in my family for some time.  I have no idea where my
  Aunt found it, but I think it is delicious.
  
  Bring the can of crushed pineapple to a boil.  Add cream cheese, package of
  orange jello and apricot babyfood.  Mix all with and electric beater.
  (Carfull it splatters - I put the bowl in the sink) Cover and chill -
  before fully set fold the package of dream whip in.
  
  EAT-L Digest  6 July 96
  
  From the EAT-L recipe list.  Downloaded from Glen's MM Recipe Archive,
  http://www.erols.com/hosey.
 
</step></directions></recipe></recipeml>
