<?xml version="1.0" encoding="UTF-8"?>

<recipeml version="0.5">
  <recipe>
    <head>
      <title>Baby Pies of Chicken, Leek and Morel Mushrooms</title>
      <categories>
        <cat>None</cat></categories>
      <yield>4</yield></head>
    <ingredients>
      <ing>
        <amt>
          <qty>20</qty>
          <unit/></amt>
        <item>Dried morels</item></ing>
      <ing>
        <amt>
          <qty>1/2</qty>
          <unit>pints</unit></amt>
        <item>Chicken stock</item></ing>
      <ing>
        <amt>
          <qty>4</qty>
          <unit/></amt>
        <item>Shallots; finely chopped</item></ing>
      <ing>
        <amt>
          <qty>1/4</qty>
          <unit>ounces</unit></amt>
        <item>Fresh tarragon</item></ing>
      <ing>
        <amt>
          <qty>4</qty>
          <unit>fluid ounces</unit></amt>
        <item>Riesling wine</item></ing>
      <ing>
        <amt>
          <qty>1/2</qty>
          <unit>pints</unit></amt>
        <item>Double cream</item></ing>
      <ing>
        <amt>
          <qty>2</qty>
          <unit>ounces</unit></amt>
        <item>Unsalted butter</item></ing>
      <ing>
        <amt>
          <qty>2</qty>
          <unit/></amt>
        <item>Leeks; in 1 1/2 in pieces</item></ing>
      <ing>
        <amt>
          <qty>2</qty>
          <unit/></amt>
        <item>Boneless; skinless chicken breasts in 4cm/1 1/2 in pieces</item></ing>
      <ing>
        <amt>
          <qty>1/4</qty>
          <unit>ounces</unit></amt>
        <item>Fresh chives snipped</item></ing>
      <ing>
        <amt>
          <qty>1 1/4</qty>
          <unit>pounds</unit></amt>
        <item>Shortcrust pastry</item></ing>
      <ing>
        <amt>
          <qty/>
          <unit/></amt>
        <item>Egg yolk to glaze</item></ing>
      <ing>
        <amt>
          <qty/>
          <unit/></amt>
        <item>Seasoning</item></ing></ingredients>
    <directions>
      <step>  Anthony Tobin (British Chef)
  
  1. Soak the morels in 150ml/ 1/4 pint of boiling water for 30 mins. Place
  the stock, tarragon and wine in a pan and bring to the boil. Boil steadily
  until the mixture has reduced by two thirds.
  
  2. Stir in the cream and bring back to the boil. Reduce the heat and cook
  gently for about 15 mins for a thick coating consistency. Pass the sauce
  through muslin. Leave to cool.
  
  3. Melt 15g/ 1/2 oz of the butter in a large frying pan. Add the leeks,
  cover and cook gently for 5 mins. Drain morels, add to the pan, cover and
  cook for another 5 mins.
  
  4. Melt 15g/ 1/2 oz of the butter in a frying pan, then add the chicken and
  fry gently until browned. Add to the leeks and morels. Stir in the chives
  and seasoning with enough sauce to moisten the chicken. Reserve the
  remaining sauce. Cool.
  
  5. Preheat the oven to 220C/425F/Gas 7. Place four 7.5cm/3in wide x 5cm/2in
  high pastry rings on abaking sheet. Roll out the pastry on a floured
  surface and use to line the rings. Chill for 20 mins.
  
  6. Line the pastry cases with greaseproof paper and fill with baking beans.
  Bake blind for 10 mins and then remove the paper and beans. Fill pastry
  cases with the chicken mixture.
  
  7. Roll out the remaining pastry on a lightly floured surface and cut our
  the four lids. Dampen the edges with water. Press lids on top of the
  filling. Seal well and cut a small hole in the centre of each pie.
  
  8. Bake for 20 mins and then carefully remove the pastry rings. Brush sides
  and top of pastry with egg yolk and return to the oven for about 10 mins
  until golden brown. Melt the remaining butter and brush over the pies.
  
  9. Place pies in the centre of warmed plates. Serve with piped mashed
  potatoes and vegetables. Warm reserved sauce, thinning with stock if
  necessary and pour around pies.
  
  Posted to FOODWINE Digest  by Jane O'Brien &lt;jayohbee@IOL.IE&gt; on Nov 30,
  1997
 
</step></directions></recipe></recipeml>
