<?xml version="1.0" encoding="UTF-8"?>

<recipeml version="0.5">
  <recipe>
    <head>
      <title>Baby Salmon Stuffed with Caviar (Part 1) (Red Wine Sauce)</title>
      <categories>
        <cat>Sauces</cat>
        <cat>Seafood</cat>
        <cat>Masterchefs</cat>
        <cat>Frisco</cat>
        <cat>M</cat></categories>
      <yield>2</yield></head>
    <ingredients>
      <ing>
        <amt>
          <qty>1/2</qty>
          <unit>cups</unit></amt>
        <item>Oil, olive</item></ing>
      <ing>
        <amt>
          <qty>1</qty>
          <unit>pound</unit></amt>
        <item>Bones, salmon</item></ing>
      <ing>
        <amt>
          <qty>1</qty>
          <unit>pound</unit></amt>
        <item>Butter</item></ing>
      <ing>
        <amt>
          <qty>2</qty>
          <unit>cups</unit></amt>
        <item>Mirepoix</item></ing>
      <ing>
        <amt>
          <qty>4</qty>
          <unit/></amt>
        <item>Bay leaves</item></ing>
      <ing>
        <amt>
          <qty>1/2</qty>
          <unit>teaspoons</unit></amt>
        <item>Oregano</item></ing>
      <ing>
        <amt>
          <qty>1/2</qty>
          <unit>teaspoons</unit></amt>
        <item>Thyme</item></ing>
      <ing>
        <amt>
          <qty>1/2</qty>
          <unit>teaspoons</unit></amt>
        <item>Peppercorns, white</item></ing>
      <ing>
        <amt>
          <qty>4</qty>
          <unit>tablespoons</unit></amt>
        <item>Puree, shallot **</item></ing>
      <ing>
        <amt>
          <qty>1/4</qty>
          <unit>cups</unit></amt>
        <item>Cognac</item></ing>
      <ing>
        <amt>
          <qty>2</qty>
          <unit>cups</unit></amt>
        <item>Wine, red</item></ing>
      <ing>
        <amt>
          <qty>1</qty>
          <unit>cup</unit></amt>
        <item>Stock, fish **</item></ing></ingredients>
    <directions>
      <step>       ** See recipes for Shallot Puree, and Fish Stock.
  
       In a saute pan, heat the olive oil.
  
       Add the salmon bones to the pan and saute for about 1 minute.
  
       Add butter (about 2 tablespoons), 1 cup mirepoix, 2 bay leaves, 1/4
  teaspoon of thyme, 1/4 teaspoon of peppercorns, and 2 tablespoons of the
  shallot puree.  Add cognac and flame.
  
       Deglaze with 1 cup of red wine and cook over high heat for 5 to 10
  minutes.
  
       Meanwhile, in a second saute pan, melt 2 tablespoons of butter.
  
       Add 2 tablespoons shallot puree, 1 cup mirepoix, 2 bay leaves, 1/4
  teaspoon peppercorns, 1/4 teaspoon oregano, 1/4 teaspoon thyme, and 3 cups
  of red wine.
  
       Reduce over medium heat to dry.
  
       Add 1 cup fish stock to saute pan with salmon bones.  Cook about 5
  minutes.
  
       Deglaze reduction (shallot-red wine) in the second saute pan with
  about 3 cups of strained liquid from the first saute pan (salmon bones and
  fish stock).
  
       Reduce ingredients in second saucepan by two-thirds (not dry).
  
       Add remainder of the butter, whisk, and add salt and pepper to taste.
  Strain and reserve.
  
       Source:  Great Chefs of San Francisco, Avon Books, 1984
  
       Chef:   Masataka Kobayashi, Masa's, Vintage Court Hotel,
       :       San Francisco, CA
  
  File ftp://ftp.idiscover.co.uk/pub/food/mealmaster/recipes/mm-gc-sf.zip
 
</step></directions></recipe></recipeml>
