<?xml version="1.0" encoding="UTF-8"?>

<recipeml version="0.5">
  <recipe>
    <head>
      <title>Baby Wipes From the Tightwad Gazette</title>
      <categories>
        <cat>Non</cat>
        <cat>Foods</cat></categories>
      <yield>4</yield></head>
    <ingredients>
      <ing>
        <amt>
          <qty>1</qty>
          <unit/></amt>
        <item>Roll Bounty or microwave paper towels</item></ing>
      <ing>
        <amt>
          <qty>2 1/4</qty>
          <unit>cups</unit></amt>
        <item>Water</item></ing>
      <ing>
        <amt>
          <qty>2</qty>
          <unit>tablespoons</unit></amt>
        <item>Baby shampoo or bath</item></ing>
      <ing>
        <amt>
          <qty>1</qty>
          <unit>tablespoon</unit></amt>
        <item>Baby oil</item></ing></ingredients>
    <directions>
      <step>  Cut roll of towels in half so that you have 2 short rolls; remove cardboard
  center. Mix liquids in a plastic container (such as an old baby wipes
  container). Place one of the half-roll paper towels into container; put lid
  on tightly; turn container upside down to let towels thoroughly soak. When
  ready to use, pull towels from center of the roll. busted by sooz
  
  Recipe by: Key Gourmet
  
  Posted to recipelu-digest by sooz &lt;kirkland@gj.net&gt; on Mar 19, 1998
 
</step></directions></recipe></recipeml>
