<?xml version="1.0" encoding="UTF-8"?>

<recipeml version="0.5">
  <recipe>
    <head>
      <title>Baby Food Soft Doggie Cookies</title>
      <categories>
        <cat>Pets</cat></categories>
      <yield>1</yield></head>
    <ingredients>
      <ing>
        <amt>
          <qty>3</qty>
          <unit/></amt>
        <item>2 1/2 oz. each jars of baby</item></ing>
      <ing>
        <amt>
          <qty/>
          <unit/></amt>
        <item>Food: either beef or chicken</item></ing>
      <ing>
        <amt>
          <qty>1/4</qty>
          <unit>cups</unit></amt>
        <item>Dry milk powder</item></ing>
      <ing>
        <amt>
          <qty>1/4</qty>
          <unit>cups</unit></amt>
        <item>Wheat germ</item></ing></ingredients>
    <directions>
      <step>  Combine ingredients in a bowl and mix well. Roll into small bails and
  place on well-greased cookie sheet. Flatten slightly with a fork.
  Bake in preheated 350 oven for 15 minutes or until brown. Cool on
  wire racks and STORE IN REFRIGERATOR...also freezes well.
  Notes: cream of wheat can be substituted for the wheat germ.
  Tester's note: Definitely something to howl about!! Cookies are soft
  and chewy........
  Posted to MM-Recipes Digest V3 #246
  
  Date: Mon, 9 Sep 1996 11:32:59 -0400
  
  From: ctlindab@usa.nai.net
 
</step></directions></recipe></recipeml>
