<?xml version="1.0" encoding="UTF-8"?>

<recipeml version="0.5">
  <recipe>
    <head>
      <title>Baby Ruth Cookies</title>
      <categories>
        <cat>Cookies</cat>
        <cat>Drop</cat></categories>
      <yield>48</yield></head>
    <ingredients>
      <ing>
        <amt>
          <qty>3 1/2</qty>
          <unit>cups</unit></amt>
        <item>Flour</item></ing>
      <ing>
        <amt>
          <qty>1</qty>
          <unit>teaspoon</unit></amt>
        <item>Salt</item></ing>
      <ing>
        <amt>
          <qty>1</qty>
          <unit>teaspoon</unit></amt>
        <item>Soda</item></ing>
      <ing>
        <amt>
          <qty>1 1/2</qty>
          <unit>cups</unit></amt>
        <item>Sugar</item></ing>
      <ing>
        <amt>
          <qty>1</qty>
          <unit>cup</unit></amt>
        <item>Butter</item></ing>
      <ing>
        <amt>
          <qty>2</qty>
          <unit/></amt>
        <item>Eggs</item></ing>
      <ing>
        <amt>
          <qty>1</qty>
          <unit>teaspoon</unit></amt>
        <item>Vanilla</item></ing>
      <ing>
        <amt>
          <qty>6</qty>
          <unit/></amt>
        <item>1.2-oz Baby Ruth candy bars; cut in small pieces</item></ing></ingredients>
    <directions>
      <step>  Blend flour with salt and soda in small bowl. Gradually add sugar to butter
  in mixing bowl; cream until light and fluffy. Add eggs and vanilla; beat
  well. Blend in dry ingredients gradually; mix thoroughly. Stir in candy
  pieces. Chill dough for easy handling. Drop by tablespoons onto lightly
  greased baking sheet. Bake at 375° for 10 to 12 minutes until golden brown.
  
  Recipe by: Family
  
  Posted to TNT - Prodigy's Recipe Exchange Newsletter  by
  LVFG53A@prodigy.com (MRS IRA M DENNIS) on Nov 11, 1997
 
</step></directions></recipe></recipeml>
