<?xml version="1.0" encoding="UTF-8"?>

<recipeml version="0.5">
  <recipe>
    <head>
      <title>Baby Goat Simmered with Almonds and Saffron</title>
      <categories>
        <cat>None</cat></categories>
      <yield>4</yield></head>
    <ingredients>
      <ing>
        <amt>
          <qty>1</qty>
          <unit>tablespoon</unit></amt>
        <item>Butter</item></ing>
      <ing>
        <amt>
          <qty>1/2</qty>
          <unit>cups</unit></amt>
        <item>Whole blanched almonds</item></ing>
      <ing>
        <amt>
          <qty/>
          <unit/></amt>
        <item>Generous pinch saffron threads</item></ing>
      <ing>
        <amt>
          <qty>2</qty>
          <unit/></amt>
        <item>To 3 ounces pancetta, in 2 thick slices, diced</item></ing>
      <ing>
        <amt>
          <qty>1</qty>
          <unit>pound</unit></amt>
        <item>Baby goat meat, cut from the leg *</item></ing>
      <ing>
        <amt>
          <qty>1</qty>
          <unit/></amt>
        <item>Onion, finely chopped</item></ing>
      <ing>
        <amt>
          <qty>2</qty>
          <unit>large</unit></amt>
        <item>Garlic cloves, minced</item></ing>
      <ing>
        <amt>
          <qty>3</qty>
          <unit/></amt>
        <item>Ripe tomatoes, peeled, seeded and chopped</item></ing>
      <ing>
        <amt>
          <qty/>
          <unit/></amt>
        <item>Salt and pepper</item></ing>
      <ing>
        <amt>
          <qty>1/2</qty>
          <unit>teaspoons</unit></amt>
        <item>Dried thyme</item></ing>
      <ing>
        <amt>
          <qty>1</qty>
          <unit/></amt>
        <item>Bay leaf</item></ing>
      <ing>
        <amt>
          <qty>4</qty>
          <unit>medium</unit></amt>
        <item>Russet potatoes, peeled and cut into eighths</item></ing></ingredients>
    <directions>
      <step>  * in 1 1/2-inch chunks, trimmed of any membrane or fat.
  
  Heat butter in a non stick skillet and saute almonds in it until lightly
  browned.  Transfer to bowl of food processor, add saffron, and process
  until finely ground. Set aside.
  
  In the same skillet, saute pancetta until lightly cooked and transfer to a
  heavy saucepan.  Brown meat, in 2 batches, and add to pancetta. Saute onion
  until golden, adding a little more butter if necessary. to meat and stir in
  garlic, tomatoes, almond-saffron mixture, thyme, and bay leaf. Season to
  taste with salt and pepper. Add just enough water to barely cover. Bring to
  a boil, reduce heat, and partly cover pan. Simmer for 1 hour, or until meat
  is almost done. Add potatoes, pushing them under meat, and cook for 15
  minutes more, until tender (There should not be a great deal of sauce but
  add a little water if too dry.) Taste seasoning.
  
  Serves 4.
  
  PER SERVING:  545 color;es, 34 g protein, 53 carbohydrate, 24 g fat (7 g
  saturated), 82 mg cholesterol, 238 mg sodium, 5 g fiber.
  
  San Francisco Chronicle, 6/29/92.
  
  Posted by Stephen Ceideberg; February 24 1993.
  
  From Gemini's MASSIVE MealMaster collection at www.synapse.com/~gemini
 
</step></directions></recipe></recipeml>
