<?xml version="1.0" encoding="UTF-8"?>

<recipeml version="0.5">
  <recipe>
    <head>
      <title>Baby Leeks with Tomato Confit</title>
      <categories>
        <cat>Side dishes</cat>
        <cat>Vegetables</cat>
        <cat>Fish</cat>
        <cat>Cyberealm</cat></categories>
      <yield>4</yield></head>
    <ingredients>
      <ing-div>
        <title>LEEK MOLDS</title>
        <ing>
          <amt>
            <qty>72</qty>
            <unit/></amt>
          <item>Baby Leeks</item></ing></ing-div>
      <ing-div>
        <title>TOMATO GELATIN</title>
        <ing>
          <amt>
            <qty>1</qty>
            <unit>package</unit></amt>
          <item>Unflavoured Gelatin</item></ing>
        <ing>
          <amt>
            <qty>3/4</qty>
            <unit>cups</unit></amt>
          <item>Cold Water</item></ing>
        <ing>
          <amt>
            <qty>16</qty>
            <unit/></amt>
          <item>Cherry Tomatoes, halved</item></ing></ing-div>
      <ing-div>
        <title>TOMATO CONFIT</title>
        <ing>
          <amt>
            <qty>1</qty>
            <unit>cup</unit></amt>
          <item>Chopped Onion</item></ing>
        <ing>
          <amt>
            <qty>2</qty>
            <unit>tablespoons</unit></amt>
          <item>Olive Oil</item></ing>
        <ing>
          <amt>
            <qty>32</qty>
            <unit/></amt>
          <item>Cherry Tomatoes, quartered</item></ing>
        <ing>
          <amt>
            <qty>2</qty>
            <unit>tablespoons</unit></amt>
          <item>Fresh Basil, chopped or</item></ing>
        <ing>
          <amt>
            <qty>1</qty>
            <unit>teaspoon</unit></amt>
          <item>Dried Basil</item></ing>
        <ing>
          <amt>
            <qty>2</qty>
            <unit>tablespoons</unit></amt>
          <item>Fresh Thyme, chopped or</item></ing>
        <ing>
          <amt>
            <qty>1</qty>
            <unit>teaspoon</unit></amt>
          <item>Dried Thyme</item></ing>
        <ing>
          <amt>
            <qty>1</qty>
            <unit>teaspoon</unit></amt>
          <item>White Wine Vinegar</item></ing>
        <ing>
          <amt>
            <qty/>
            <unit/></amt>
          <item>Salt and Pepper</item></ing></ing-div>
      <ing-div>
        <title>HERBED CREAM FILLING</title>
        <ing>
          <amt>
            <qty>1/4</qty>
            <unit>cups</unit></amt>
          <item>Sour Cream</item></ing>
        <ing>
          <amt>
            <qty>1</qty>
            <unit>tablespoon</unit></amt>
          <item>Fresh Chives, chopped</item></ing>
        <ing>
          <amt>
            <qty/>
            <unit/></amt>
          <item>Salt and Pepper</item></ing>
        <ing>
          <amt>
            <qty>20</qty>
            <unit/></amt>
          <item>Prawns, cooked, shelled and</item></ing>
        <ing>
          <amt>
            <qty/>
            <unit/></amt>
          <item>Deveined</item></ing>
        <ing>
          <amt>
            <qty/>
            <unit/></amt>
          <item>Deep-Fried thin strips of</item></ing>
        <ing>
          <amt>
            <qty/>
            <unit/></amt>
          <item>Carrot, Zucchini, leek,</item></ing>
        <ing>
          <amt>
            <qty/>
            <unit/></amt>
          <item>&amp; Eggplant for garnish</item></ing></ing-div></ingredients>
    <directions>
      <step>  Leek Molds: Lightly oil 4 individual 1 cup souffle dishes, about 4" in
  diameter and 2" deep. Linewith clear plastic wrap, smoothing out wrinkles
  as much as possible and leaving ends extended over tops of dishes.
  
  Trim off leek tops so leeks are about 5" long. Blanch leeks in large pot of
  boiling water 2 to 3 minutes until leeks are tender but still retain their
  shape. Plunge into ice water.
  
  Cut bottom portions of leeks in lengths the same height as the souffle
  dishes, about 2". Stand leek pieces on end around inside edge of each
  souffle forming a leek "shell," with white portions of leeks toward bottom
  of dish. Set aside.
  
  Tomato Gelatin: Sprinkle gelatin over cold water in small saucepan to
  soften. Puree 16 cherry tomatoes in food processor. Sieve to remove seeds
  and skins. Add tomato puree to gelatin mixture. Stir over medium heat until
  gelatin dissolves and mixture almost boils.
  
  Reserve half the gelatin mixture at room temperature. Divide remaining
  gelatin mixture among the 4 souffle dishes. Cover and refrigerate until
  set, about 1 hour.
  
  Tomato Confit: While molds are setting, in large skillet, saute chopped
  onion in hot olive oil over medium high heat until soft.
  
  Add quartered cherry tomatoes. Cook, stirring constantly, until tomatoes
  are very soft and form a saucelike consistency. Remove from heat. Stir in
  basil, thyme, white vinegar, salt, and pepper to taste.
  
  Pour into bowl, and refrigerate to cool.
  
  Herbed Cream Filling: In small bowl, combine sour cream, chives, salt and
  pepper to taste.
  
  Assembly: Reserve half the tomato confit. Spoon remaining confit over set
  gelatin in souffle dishes.
  
  Top with a spoonful of cream filling in center, then cover with remaining
  tomato confit.
  
  Carefully spoon a layer of the remaining gelatin mixture atop each souffle.
  
  Cover and refrigerate 2 to 3 hours until set.
  
  To Serve: Gently loosen plastic wrap from sides of souffle with a knife.
  Lift gelatin molds out of souffles using extended ends of plastic wrap as
  "handles." Peel plastic wrap from sides.
  
  Lift molds off plastic wrap with a spatula and center each mold on a
  serving plate.
  
  Garnish each with 5 prawns and deep-fried vegetables, if desired.
  
  Source: Victoria Magazine, March 1994 Typed by Katherine Smith Cyberealm
  BBS Watertown NY 315-786-1120
  
  From Gemini's MASSIVE MealMaster collection at www.synapse.com/~gemini
 
</step></directions></recipe></recipeml>
