<?xml version="1.0" encoding="UTF-8"?>

<recipeml version="0.5">
  <recipe>
    <head>
      <title>Baby Porcupine Appetizers</title>
      <categories>
        <cat>Beef</cat></categories>
      <yield>6</yield></head>
    <ingredients>
      <ing>
        <amt>
          <qty>1/2</qty>
          <unit>cups</unit></amt>
        <item>Rice</item></ing>
      <ing>
        <amt>
          <qty>1</qty>
          <unit>pound</unit></amt>
        <item>Ground beef</item></ing>
      <ing>
        <amt>
          <qty>1</qty>
          <unit>tablespoon</unit></amt>
        <item>Onions; minced</item></ing>
      <ing>
        <amt>
          <qty>2</qty>
          <unit>tablespoons</unit></amt>
        <item>Green bell peppers; finely chopped</item></ing>
      <ing>
        <amt>
          <qty>1/2</qty>
          <unit>teaspoons</unit></amt>
        <item>Salt</item></ing>
      <ing>
        <amt>
          <qty>1/2</qty>
          <unit>teaspoons</unit></amt>
        <item>Celery salt</item></ing>
      <ing>
        <amt>
          <qty>1</qty>
          <unit/></amt>
        <item>Clove garlic</item></ing>
      <ing>
        <amt>
          <qty>2</qty>
          <unit>cups</unit></amt>
        <item>Tomato juice</item></ing>
      <ing>
        <amt>
          <qty>4</qty>
          <unit/></amt>
        <item>Cloves</item></ing>
      <ing>
        <amt>
          <qty>1/2</qty>
          <unit>teaspoons</unit></amt>
        <item>Oregano</item></ing>
      <ing>
        <amt>
          <qty>2</qty>
          <unit>tablespoons</unit></amt>
        <item>Worcestershire sauce</item></ing></ingredients>
    <directions>
      <step>     Combine rice, ground meat, onion, green pepper, salt, celery salt and
  garlic; form into balls about 1-1/2 inches in diameter.
     Heat tomato juice, cloves, oregano and Worcestershire sauce in skillet.
  Add meatballs. Cover tightly and simmer for 50 minutes. Remove cloves
  before serving.
  Recipe By     : Jo Anne Merrill
  
  Posted to MC-Recipe Digest V1 #275
  
  Date: Sat, 02 Nov 96 21:50:01 -0500
  
  From: Janet Baker &lt;jbaker@cnmnet.com&gt;
 
</step></directions></recipe></recipeml>
