<?xml version="1.0" encoding="UTF-8"?>

<recipeml version="0.5">
  <recipe>
    <head>
      <title>Baby Potatoes Coated with Almonds</title>
      <categories>
        <cat>Vegetable</cat></categories>
      <yield>8</yield></head>
    <ingredients>
      <ing>
        <amt>
          <qty>3</qty>
          <unit>pounds</unit></amt>
        <item>Baby new potatoes</item></ing>
      <ing>
        <amt>
          <qty>2</qty>
          <unit>tablespoons</unit></amt>
        <item>Almond oil</item></ing>
      <ing>
        <amt>
          <qty>2</qty>
          <unit/></amt>
        <item>Jalapeno peppers; seeded &amp; minced</item></ing>
      <ing>
        <amt>
          <qty>2</qty>
          <unit>tablespoons</unit></amt>
        <item>Grated ginger</item></ing>
      <ing>
        <amt>
          <qty>1/2</qty>
          <unit>cups</unit></amt>
        <item>Powdered almonds*</item></ing>
      <ing>
        <amt>
          <qty>2</qty>
          <unit>tablespoons</unit></amt>
        <item>Cilantro; minced</item></ing>
      <ing>
        <amt>
          <qty/>
          <unit/></amt>
        <item>Salt &amp; pepper</item></ing>
      <ing>
        <amt>
          <qty/>
          <unit/></amt>
        <item>Lemon juice</item></ing></ingredients>
    <directions>
      <step>  Steam potatoes till just tender, about 15 minutes. Set them aside. Combine
  oil, peppers, ginger, almonds &amp; cilantro in a large bowl. Add potatoes &amp;
  toss till well coated. Season with salt &amp; pepper &amp; sprinkle with lemon
  juice. Spear potatoes with cocktail sticks; arrange on a platter. Serve
  hot, or keep warm in a 250F oven for up to 30 minutes. *To powder almonds,
  place blanched almonds in a food processor &amp; pulese until they are reduced
  to a powder.
  
  Date:    6/28/96 7:27 AM
  
  From: dlassiter@atsva.com
  
  MC-Recipe Digest V1 #133
  
  From the MasterCook recipe list.  Downloaded from Glen's MM Recipe Archive,
  http://www.erols.com/hosey.
 
</step></directions></recipe></recipeml>
