<?xml version="1.0" encoding="UTF-8"?>

<recipeml version="0.5">
  <recipe>
    <head>
      <title>Baby Lima and Corn Succotash with Roasted Red Pepper</title>
      <categories>
        <cat>T</cat>
        <cat>H</cat>
        <cat>A</cat>
        <cat>N</cat>
        <cat>K</cat></categories>
      <yield>8</yield></head>
    <ingredients>
      <ing>
        <amt>
          <qty>2</qty>
          <unit>cups</unit></amt>
        <item>Fresh lima beans; or a</item></ing>
      <ing>
        <amt>
          <qty>10</qty>
          <unit>ounces</unit></amt>
        <item>Frozen Lima Beans; thawed</item></ing>
      <ing>
        <amt>
          <qty>8</qty>
          <unit/></amt>
        <item>Ears fresh corn (about 5 cups), or</item></ing>
      <ing>
        <amt>
          <qty>20</qty>
          <unit>ounces</unit></amt>
        <item>Frozen corn kernels; thawed</item></ing>
      <ing>
        <amt>
          <qty>3</qty>
          <unit>tablespoons</unit></amt>
        <item>Butter</item></ing>
      <ing>
        <amt>
          <qty>1</qty>
          <unit>cup</unit></amt>
        <item>Shallots; finely minced</item></ing>
      <ing>
        <amt>
          <qty>1 1/2</qty>
          <unit>cups</unit></amt>
        <item>Roasted red pepper; diced</item></ing>
      <ing>
        <amt>
          <qty/>
          <unit/></amt>
        <item>Salt and pepper</item></ing>
      <ing>
        <amt>
          <qty>4</qty>
          <unit>tablespoons</unit></amt>
        <item>Fresh chives; minced</item></ing></ingredients>
    <directions>
      <step>  Bring about 1 1/2 cups salted water to a boil in a medium saucepan. Lower
  heat to medium, add lima beans and cook until tender, 8 minutes; drain.
  
  In a large saucepan, blanch corn in boiling salted water, 1 minute. Drain
  corn and slice kernels as soon as ears are cool enough to handle.
  
  Heat butter in a saucepan over medium low heat. Add shallot and cook until
  softened, about 5 minutes. Add roasted pepper, beans and corn, season to
  taste with salt and pepper and cook until heated through. Garnish with
  chives before serving.
  
  Notes: Thanksgiving Special with Drew Nieporent
  
  Recipe by: TVFN Show #TGSP94
  
  Posted to MC-Recipe Digest V1 #921 by Sue &lt;suechef@sover.net&gt; on Nov 23,
  1997
 
</step></directions></recipe></recipeml>
