<?xml version="1.0" encoding="UTF-8"?>

<recipeml version="0.5">
  <recipe>
    <head>
      <title>Baby Sized Easter Egg Centers</title>
      <categories>
        <cat>Candy</cat>
        <cat>Fudge</cat></categories>
      <yield>100</yield></head>
    <ingredients>
      <ing>
        <amt>
          <qty>1</qty>
          <unit>cup</unit></amt>
        <item>Sweetened Condensed Milk</item></ing>
      <ing>
        <amt>
          <qty>2</qty>
          <unit>pounds</unit></amt>
        <item>Powdered Sugar --</item></ing>
      <ing>
        <amt>
          <qty/>
          <unit/></amt>
        <item>Approximately</item></ing>
      <ing>
        <amt>
          <qty>1/2</qty>
          <unit>pounds</unit></amt>
        <item>Butter</item></ing>
      <ing>
        <amt>
          <qty>1 1/2</qty>
          <unit>teaspoons</unit></amt>
        <item>Vanilla</item></ing></ingredients>
    <directions>
      <step>  Mix sugar &amp; cond. Milk, Butter, Vanilla together (The amount of sugar
  depends on how much can be worked into the mixture). When well mixed, form
  into 100 balls (or tiny egg shapes). You can dip these into chocolate
  coating or colored coating . Note: These can be made into Candy Easter Egg
  Centers or just used as a regular creamy center for making Bon Bons! Note:
  you may also add Flavoring or coloring to the above recipe! Bev in Mn
  
  Recipe By     : BJanson
  
  File ftp://ftp.idiscover.co.uk/pub/food/mealmaster/recipes/mmdja006.zip
 
</step></directions></recipe></recipeml>
