<?xml version="1.0" encoding="UTF-8"?>

<recipeml version="0.5">
  <recipe>
    <head>
      <title>Baby Shark Fry (Tiburoncito Helen Margoth)</title>
      <categories>
        <cat>Fish</cat></categories>
      <yield>4</yield></head>
    <ingredients>
      <ing>
        <amt>
          <qty>1</qty>
          <unit/></amt>
        <item>Baby shark, 2 to 2-1/2 lbs</item></ing>
      <ing>
        <amt>
          <qty>1/4</qty>
          <unit>cups</unit></amt>
        <item>Tomato, chopped fine</item></ing>
      <ing>
        <amt>
          <qty>1/4</qty>
          <unit>cups</unit></amt>
        <item>Onion, minced</item></ing>
      <ing>
        <amt>
          <qty>1</qty>
          <unit>teaspoon</unit></amt>
        <item>Corn oil</item></ing>
      <ing>
        <amt>
          <qty>3</qty>
          <unit>tablespoons</unit></amt>
        <item>Corn oil</item></ing>
      <ing>
        <amt>
          <qty>2</qty>
          <unit>tablespoons</unit></amt>
        <item>Flour</item></ing>
      <ing>
        <amt>
          <qty>1</qty>
          <unit/></amt>
        <item>Egg, beaten</item></ing></ingredients>
    <directions>
      <step>  Fillet the shark, remove the rather leathery skin, and divide the fish into
  4 pieces, or buy shark steaks, ready to cook. Fry the tomato and onion in 1
  tsp oil for 3 minutes to prepare a simple sauce. In another skillet, heat 3
  Tbs oil over moderate heat. Dip the shark pieces into the flour and then
  coat them with beaten egg. Brown in the oil for 3 minutes on each side.
  Drain breifly on a paper towel. Serve warm, pouring the sauce over the
  pieces. Source: False Tongues and Sunday Bread by Copeland Marks
  
  From Gemini's MASSIVE MealMaster collection at www.synapse.com/~gemini
 
</step></directions></recipe></recipeml>
