<?xml version="1.0" encoding="UTF-8"?>

<recipeml version="0.5">
  <recipe>
    <head>
      <title>Baby Salmon Stuffed with Caviar (Part 2) (Mousse)</title>
      <categories>
        <cat>Seafood</cat>
        <cat>Masterchefs</cat>
        <cat>Frisco</cat>
        <cat>M</cat></categories>
      <yield>2</yield></head>
    <ingredients>
      <ing>
        <amt>
          <qty>1</qty>
          <unit>cup</unit></amt>
        <item>Salmon, filet (@ 8 oz per stuffed fish)</item></ing>
      <ing>
        <amt>
          <qty>1</qty>
          <unit>large</unit></amt>
        <item>Egg white</item></ing>
      <ing>
        <amt>
          <qty>3/4</qty>
          <unit>cups</unit></amt>
        <item>Cream, heavy</item></ing>
      <ing>
        <amt>
          <qty>1</qty>
          <unit>teaspoon</unit></amt>
        <item>Pernod</item></ing>
      <ing>
        <amt>
          <qty>1</qty>
          <unit>teaspoon</unit></amt>
        <item>Cognac</item></ing>
      <ing>
        <amt>
          <qty>1</qty>
          <unit>tablespoon</unit></amt>
        <item>Caviar</item></ing></ingredients>
    <directions>
      <step>       Puree salmon filet in a food processor.
  
       Put the salmon into a stainless bowl over ice to chill and firm it up.
  
       Add the egg white and whip the mixture up with spatula.  While
  whipping, add heavy cream to a smooth consistency.
  
       Adjust salt and pepper, then add 1 teaspoon Pernod, 1 teaspoon cognac,
  and 1 tablespoon caviar.  Mix well and put in piping tube. Reserve.
  
       Source: Great Chefs of San Francisco, Avon Books, 1984
  
       Chef:   Masataka Kobayashi, Masa's, Vintage Court Hotel,
       :       San Francisco, CA
  
  File ftp://ftp.idiscover.co.uk/pub/food/mealmaster/recipes/mm-gc-sf.zip
 
</step></directions></recipe></recipeml>
