<?xml version="1.0" encoding="UTF-8"?>

<recipeml version="0.5">
  <recipe>
    <head>
      <title>Baby Shell Pasta Salad with Calamata Olives, Roasted Fennel</title>
      <categories>
        <cat>None</cat></categories>
      <yield>1</yield></head>
    <ingredients>
      <ing-div>
        <title>SALAD</title>
        <ing>
          <amt>
            <qty>1</qty>
            <unit>pound</unit></amt>
          <item>Small pasta shells; uncooked</item></ing>
        <ing>
          <amt>
            <qty>1 1/2</qty>
            <unit>cups</unit></amt>
          <item>Fennel bulb; cut in half lengthwise</item></ing>
        <ing>
          <amt>
            <qty>1</qty>
            <unit>large</unit></amt>
          <item>Sweet onion; sliced 1/2-inch thick</item></ing>
        <ing>
          <amt>
            <qty>2</qty>
            <unit>teaspoons</unit></amt>
          <item>Olive or vegetable oil</item></ing>
        <ing>
          <amt>
            <qty>1</qty>
            <unit>cup</unit></amt>
          <item>Plum tomatoes; diced</item></ing>
        <ing>
          <amt>
            <qty>3/4</qty>
            <unit>cups</unit></amt>
          <item>Calamata olives; sliced</item></ing>
        <ing>
          <amt>
            <qty>1/2</qty>
            <unit>cups</unit></amt>
          <item>Fresh assorted herb leaves; finely chopped (such as basil, dill or parsley)</item></ing></ing-div>
      <ing-div>
        <title>DRESSING</title>
        <ing>
          <amt>
            <qty>2</qty>
            <unit/></amt>
          <item>Garlic cloves; unpeeled</item></ing>
        <ing>
          <amt>
            <qty>1/3</qty>
            <unit>cups</unit></amt>
          <item>Balsamic vinegar</item></ing>
        <ing>
          <amt>
            <qty>1/3</qty>
            <unit>cups</unit></amt>
          <item>Olive or vegetable oil</item></ing>
        <ing>
          <amt>
            <qty>2</qty>
            <unit>tablespoons</unit></amt>
          <item>Barbecue sauce</item></ing>
        <ing>
          <amt>
            <qty>2</qty>
            <unit>tablespoons</unit></amt>
          <item>Lime juice</item></ing>
        <ing>
          <amt>
            <qty/>
            <unit/></amt>
          <item>Shredded Romano cheese</item></ing>
        <ing>
          <amt>
            <qty/>
            <unit/></amt>
          <item>Crushed red chili peppers</item></ing></ing-div></ingredients>
    <directions>
      <step>  Prepare pasta according to package directions; drain and rinse with cold
  water, set aside. Heat oven to 375° F. Toss garlic for dressing, fennel and
  onion with 2 teaspoons olive oil. Spread on a cookie sheet and roast in
  oven until lightly browned and tender, approximately 20-30 minutes. Set
  aside fennel and onion. In a bowl, whisk together oil, vinegar, barbecue
  sauce and lime juice in a bowl. Squeeze garlic out of its peel, dice and
  whisk into dressing. Season to taste with salt and pepper. Dice onion,
  fennel and tomatoes and add to pasta. Add olives, herbs, and dressing and
  toss. Cover and refrigerate for 1 hour. To serve, sprinkle with Romano
  cheese and crushed red chili peppers. Each side dish serving provides: 209
  Calories; 4.8 g Protein; 29 g Carbohydrates; 8.4 g Fat; 0 mg Cholesterol;
  103 mg Sodium. Each main dish serving provides: 358 Calories; 8.2 g
  Protein; 50 g Carbohydrates; 14.4 g Fat; 0 mg Cholesterol; 177 mg Sodium.
  Calories from Fat: 36%
  
  Serves 12 as a side dish or 6-8 as a main dish
  Posted to recipelu-digest Volume 01 Number 451 by "Bunny"
  &lt;layla696@ix.netcom.com&gt; on Jan 4, 1998
 
</step></directions></recipe></recipeml>
