<?xml version="1.0" encoding="UTF-8"?>

<recipeml version="0.5">
  <recipe>
    <head>
      <title>Baby Spinach Salad with Grilled Onions,tomato Vinaigrette</title>
      <categories>
        <cat>New america</cat>
        <cat>Salads</cat>
        <cat>Healthy and</cat></categories>
      <yield>6</yield></head>
    <ingredients>
      <ing>
        <amt>
          <qty>1 1/2</qty>
          <unit>tablespoons</unit></amt>
        <item>Tomato paste</item></ing>
      <ing>
        <amt>
          <qty>1</qty>
          <unit>tablespoon</unit></amt>
        <item>Tamarind pulp</item></ing>
      <ing>
        <amt>
          <qty>1/2</qty>
          <unit>tablespoons</unit></amt>
        <item>Shallots; chopped</item></ing>
      <ing>
        <amt>
          <qty>1/4</qty>
          <unit>cups</unit></amt>
        <item>Sherry vinegar</item></ing>
      <ing>
        <amt>
          <qty>1 1/4</qty>
          <unit>cups</unit></amt>
        <item>Olive oil</item></ing>
      <ing>
        <amt>
          <qty>1/4</qty>
          <unit>teaspoons</unit></amt>
        <item>Kosher salt</item></ing>
      <ing>
        <amt>
          <qty>1</qty>
          <unit>dash</unit></amt>
        <item>Black pepper</item></ing>
      <ing>
        <amt>
          <qty>1</qty>
          <unit/></amt>
        <item>Red onion</item></ing>
      <ing>
        <amt>
          <qty>1 1/2</qty>
          <unit>tablespoons</unit></amt>
        <item>Balsamic vinegar</item></ing>
      <ing>
        <amt>
          <qty>6</qty>
          <unit>cups</unit></amt>
        <item>Spinach</item></ing></ingredients>
    <directions>
      <step>  Recipe by: Ed Kasky, Executive Chef at Engine Co. No. 28, Los Angeles
  Preparation Time: 0:30 FOR THE DRESSING: Place the tomato paste, tamarind
  pulp, shallot, and vinegar in a blender an mix well. Slowly add the oil a
  drop at a time at first and then in a slow b steady stream until it is all
  incorporated. Add the salt. Can be kept in th refrigerator for 1 week.
  
  FOR THE ONIONS: Peel and slice one large red onion thick enough so that you
  can handle the slices and they will not fall apart when you cook them. Rub
  them with a little olive oil and cook the onions over a charcoal fire or
  under a hot broiler until soft. (Approximately 5 to 6 minutes per side.)
  Toss in a bowl with 1-1/2 tablespoons balsamic vinegar so that the slices
  become single rings. These will keep refrigerated 2 to 3 days.
  
  TO ASSEMBLE THE SALAD: Wash and dry one medium handful (about 1 cup)
  spinach for each portion and toss with enough dressing to coat each leaf,
  being careful not to over-dres the salad. Arrange the onions over the salad
  and serve. Always serve salads on chilled plates.
  
  CHEF'S NOTE: Tamarind pulp can be purchased at Latin specialty stores.
  
  File ftp://ftp.idiscover.co.uk/pub/food/mealmaster/recipes/mmdjaxxx.zip
 
</step></directions></recipe></recipeml>
