<?xml version="1.0" encoding="UTF-8"?>

<recipeml version="0.5">
  <recipe>
    <head>
      <title>Baby Lima Beans or Broad Beans with Italian Sausage</title>
      <categories>
        <cat>Sauce</cat>
        <cat>Dupree</cat></categories>
      <yield>5</yield></head>
    <ingredients>
      <ing>
        <amt>
          <qty>1/2</qty>
          <unit>pounds</unit></amt>
        <item>Italian bulk sausage; crumbled</item></ing>
      <ing>
        <amt>
          <qty>1</qty>
          <unit/></amt>
        <item>Onion; sliced</item></ing>
      <ing>
        <amt>
          <qty>2</qty>
          <unit>cups</unit></amt>
        <item>Water</item></ing>
      <ing>
        <amt>
          <qty>1</qty>
          <unit>pound</unit></amt>
        <item>Baby lima beans or broad beans</item></ing>
      <ing>
        <amt>
          <qty>1/2</qty>
          <unit>teaspoons</unit></amt>
        <item>Ground cumin seed</item></ing>
      <ing>
        <amt>
          <qty>1</qty>
          <unit/></amt>
        <item>Fresh hot red pepper; seeded and chopped</item></ing>
      <ing>
        <amt>
          <qty/>
          <unit/></amt>
        <item>Salt</item></ing>
      <ing>
        <amt>
          <qty/>
          <unit/></amt>
        <item>Freshly ground black pepper</item></ing></ingredients>
    <directions>
      <step>  Place the sausage and onion in a heavy casserole or sauce pan and saute
  until light brown. Add the water and bring to the boil. Add the beans,
  cumin seed, and hot pepper and bring back to the boil. Cover, reduce heat
  and simmer 20 minutes. Season well with salt and pepper.
  Yield: 4 to 6 servings
  Recipe By     : Nathalie Dupree Cooks a Sunday Night Supper.  TVFN, 1996
  
  Posted to MC-Recipe Digest V1 #239
  
  Date: Wed, 9 Oct 1996 15:19:37 -0700 (PDT)
  
  From: patH &lt;phannema@wizard.ucr.edu&gt;
 
</step></directions></recipe></recipeml>
