<?xml version="1.0" encoding="UTF-8"?>

<recipeml version="0.5">
  <recipe>
    <head>
      <title>Bacalhau 'a Bras</title>
      <categories>
        <cat>Main dish</cat></categories>
      <yield>6</yield></head>
    <ingredients>
      <ing>
        <amt>
          <qty>1 1/2</qty>
          <unit>pounds</unit></amt>
        <item>Bacalhau (dry weight)</item></ing>
      <ing>
        <amt>
          <qty>1 1/2</qty>
          <unit>pounds</unit></amt>
        <item>Potatoes</item></ing>
      <ing>
        <amt>
          <qty>1 1/2</qty>
          <unit>cups</unit></amt>
        <item>Olive oil</item></ing>
      <ing>
        <amt>
          <qty>2</qty>
          <unit/></amt>
        <item>Garlic cloves, peeled</item></ing>
      <ing>
        <amt>
          <qty>8</qty>
          <unit/></amt>
        <item>Eggs</item></ing>
      <ing>
        <amt>
          <qty/>
          <unit/></amt>
        <item>Salt &amp; pepper</item></ing>
      <ing>
        <amt>
          <qty/>
          <unit/></amt>
        <item>Fresh parsley, chopped</item></ing>
      <ing>
        <amt>
          <qty/>
          <unit/></amt>
        <item>Olive oil</item></ing>
      <ing>
        <amt>
          <qty/>
          <unit/></amt>
        <item>Tomatoes</item></ing>
      <ing>
        <amt>
          <qty/>
          <unit/></amt>
        <item>Lettuce</item></ing>
      <ing>
        <amt>
          <qty/>
          <unit/></amt>
        <item>Black olives</item></ing></ingredients>
    <directions>
      <step>  Soak the cod fish at least overnight, longer if
  possible. Carefully remove bones and pieces of skin.
  Peel and cut the potatoes in long, thick match sticks.
  Heat the olive oil in a large skillet, add the garlic
  cloves and fry till golden. Discard the garlic.
  Stir-fry the flaked cod. Add the potato sticks,
  previously lightly fried in another skillet. Season
  with salt and pepper. Let cook for a while over a low
  fire and meanwhile beat the eggs in a bowl. Scramble
  over the cod and potatoes and let cook till everything
  is set together, Sprinkle with the chopped parsley,
  decorate with black olives, and serve surrounded by
  lettuce leaves and tomato slices. Variation: Bacalhau
  'a Lisbonense': In the same skillet you first fried
  the potato sticks lightly fry 2 medium onions finely
  sliced. Add to the main skillet when you add the
  potatoes. ----
  
  From Gemini's MASSIVE MealMaster collection at www.synapse.com/~gemini
 
</step></directions></recipe></recipeml>
