<?xml version="1.0" encoding="UTF-8"?>

<recipeml version="0.5">
  <recipe>
    <head>
      <title>Bacardi Rum Cake From Loren Martin</title>
      <categories>
        <cat>Cakes</cat></categories>
      <yield>12</yield></head>
    <ingredients>
      <ing>
        <amt>
          <qty/>
          <unit/></amt>
        <item>Cake:</item></ing>
      <ing>
        <amt>
          <qty>1</qty>
          <unit>cup</unit></amt>
        <item>Chopped pecans</item></ing>
      <ing>
        <amt>
          <qty>1</qty>
          <unit/></amt>
        <item>18.5 oz yellow cake mix</item></ing>
      <ing>
        <amt>
          <qty>1</qty>
          <unit/></amt>
        <item>3.75 oz pkg jello instant</item></ing>
      <ing>
        <amt>
          <qty/>
          <unit/></amt>
        <item>Vanilla pudding mix</item></ing>
      <ing>
        <amt>
          <qty>4</qty>
          <unit/></amt>
        <item>Eggs</item></ing>
      <ing>
        <amt>
          <qty>1/2</qty>
          <unit>cups</unit></amt>
        <item>Cold water</item></ing>
      <ing>
        <amt>
          <qty>1/2</qty>
          <unit>cups</unit></amt>
        <item>Wesson oil</item></ing>
      <ing>
        <amt>
          <qty>1/2</qty>
          <unit>cups</unit></amt>
        <item>Dark rum (80 proof)</item></ing>
      <ing>
        <amt>
          <qty/>
          <unit/></amt>
        <item>Glaze:</item></ing>
      <ing>
        <amt>
          <qty>1/4</qty>
          <unit>pounds</unit></amt>
        <item>Butter</item></ing>
      <ing>
        <amt>
          <qty>1/4</qty>
          <unit>cups</unit></amt>
        <item>Water</item></ing>
      <ing>
        <amt>
          <qty>1</qty>
          <unit>cup</unit></amt>
        <item>Sugar</item></ing>
      <ing>
        <amt>
          <qty>1/2</qty>
          <unit>cups</unit></amt>
        <item>Dark rum (80 proof)</item></ing></ingredients>
    <directions>
      <step>  Sprinkle nuts in bottom of bundt pan. Mix all cake ingredients together.
  Pour over nuts.  Bake 1 hour at 325 F.  Cool. Invert on serving plate.
  Prick top and drizzle and smooth glaze evely over top and sides. Allow cake
  to absorb glaze.  Repeat until glaze is used up. Glaze: Melt butter in
  sauce pan.  Stir in water and sugar. Boil 5 minutes, stirring constantly.
  Remove from heat and stir in rum.
  Posted to MM-Recipes Digest V5 #015 by "John Weber" &lt;hdbrer@ibm.net&gt; on Jan
  14, 98
 
</step></directions></recipe></recipeml>
