<?xml version="1.0" encoding="UTF-8"?>

<recipeml version="0.5">
  <recipe>
    <head>
      <title>Bacardi Pina Colada Cake</title>
      <categories>
        <cat>Copycat</cat>
        <cat>Desserts</cat>
        <cat>Miamiherald</cat>
        <cat>Mc</cat></categories>
      <yield>12</yield></head>
    <ingredients>
      <ing-div>
        <title/>
        <ing>
          <amt>
            <qty>1/3</qty>
            <unit>cups</unit></amt>
          <item>80-proof dark rum</item></ing>
        <ing>
          <amt>
            <qty>1</qty>
            <unit>package</unit></amt>
          <item>Instant coconut cream pudding mix (4serving size)</item></ing>
        <ing>
          <amt>
            <qty>1</qty>
            <unit>package</unit></amt>
          <item>White cake mix</item></ing>
        <ing>
          <amt>
            <qty>4</qty>
            <unit/></amt>
          <item>Eggs</item></ing>
        <ing>
          <amt>
            <qty>1/2</qty>
            <unit>cups</unit></amt>
          <item>Water</item></ing>
        <ing>
          <amt>
            <qty>1/4</qty>
            <unit>cups</unit></amt>
          <item>Vegetable oil</item></ing>
        <ing>
          <amt>
            <qty>1</qty>
            <unit>cup</unit></amt>
          <item>Shredded coconut</item></ing></ing-div>
      <ing-div>
        <title>FROSTING</title>
        <ing>
          <amt>
            <qty>1</qty>
            <unit>can</unit></amt>
          <item>Juice packed crushed pineapple (8oz)</item></ing>
        <ing>
          <amt>
            <qty>1</qty>
            <unit>package</unit></amt>
          <item>Instant coconut cream or vanilla pudding mix (4 ser)</item></ing>
        <ing>
          <amt>
            <qty>1/3</qty>
            <unit/></amt>
          <item>Cu Dark rum</item></ing>
        <ing>
          <amt>
            <qty>1</qty>
            <unit>container</unit></amt>
          <item>Frozen whipped topping (9oz) thawed</item></ing></ing-div></ingredients>
    <directions>
      <step>  Make cake: Blend rum, pudding mix, cake mix, eggs,   water, and vegetable
  oil in a large bowl of electric   mixer.  Beat 4 minutes at medium speed.
  Stir in   coconut.  Pour into 2 greased and floured 9-inch cake   pans.
  Bake 25 to 30 minutes at 350 degrees F, until   cake test done.  Cool in
  pan 15 minutes, then remove from pans and cool completely on wire rack.
  Make frosting: Combine pineapple with juice, pudding mix and rum until well
  blended.  Fold in whipped topping.   Fill and frost cake,  Sprinkle with
  coconut.  Chill   thoroughly before serving.      Nutritional info per
  serving:  447 cal; 5g pro, 59g   carb, 19g fat(37%), .9g fiber, 71mg chol,
  402mg sodium      Source: Bacardi Rum   Miami Herald, 11/2/95
  Posted to MC-Recipe Digest V1 #264
  
  Date: Mon, 28 Oct 1996 07:59:57 -0500
  
  From: kmeade@IDS2.IDSONLINE.COM (The Meades)
 
</step></directions></recipe></recipeml>
