<?xml version="1.0" encoding="UTF-8"?>

<recipeml version="0.5">
  <recipe>
    <head>
      <title>Bacardi Rum Chocolate Cake</title>
      <categories>
        <cat>Cakes</cat>
        <cat>Alcohol</cat></categories>
      <yield>1</yield></head>
    <ingredients>
      <ing>
        <amt>
          <qty>1</qty>
          <unit/></amt>
        <item>Package chocolate cake mix ( 2 layer size)</item></ing>
      <ing>
        <amt>
          <qty>1</qty>
          <unit/></amt>
        <item>Jell-o chocolate instant pud ding mix (4 serving)</item></ing>
      <ing>
        <amt>
          <qty>4</qty>
          <unit/></amt>
        <item>Eggs</item></ing>
      <ing>
        <amt>
          <qty>1/2</qty>
          <unit>cups</unit></amt>
        <item>Bacardi dark rum</item></ing>
      <ing>
        <amt>
          <qty>1/4</qty>
          <unit>cups</unit></amt>
        <item>Cold water</item></ing>
      <ing>
        <amt>
          <qty>1/2</qty>
          <unit>cups</unit></amt>
        <item>Wesson oil</item></ing>
      <ing>
        <amt>
          <qty>1/2</qty>
          <unit>cups</unit></amt>
        <item>Slivered almonds, optional</item></ing>
      <ing>
        <amt>
          <qty/>
          <unit/></amt>
        <item>Filling</item></ing>
      <ing>
        <amt>
          <qty>1 1/2</qty>
          <unit>cups</unit></amt>
        <item>Cold milk</item></ing>
      <ing>
        <amt>
          <qty>1/4</qty>
          <unit>cups</unit></amt>
        <item>Bacardi dark rum</item></ing>
      <ing>
        <amt>
          <qty>1</qty>
          <unit/></amt>
        <item>Jell-o chocolate instant pud ding mix (4 serving)</item></ing>
      <ing>
        <amt>
          <qty>1</qty>
          <unit/></amt>
        <item>Dream whip topping mix</item></ing></ingredients>
    <directions>
      <step>  Fat grams    per serving:              Approx. Cook
  Time: 30mn Preheat oven 350F.  Grease and flour 2 - 9
  inch layer cake pans. Combine all cake ingredients
  together in a large bowl. Blend well, then beat at
  medium speed for 2 minutes.  Turn into prepared pans/
  Bake for 30 minutes or until cake tests done.  Do not
  underbake. Cool in pans for 10 minutes. Remove from
  pans, finish cooling on racks. Split layers
  horzontally. Spread one cup filling between each layer
  and over top of cake. Stack. Keep cake well chilled.
  Serve cold. Filling: Combine milk, rum, pudding mix
  and topping mix in deep, narrow bowl. Blend well at
  high speed for 4 minutes, until light anf fluffy.
  Makes 4 cups.
  
  From Gemini's MASSIVE MealMaster collection at www.synapse.com/~gemini
 
</step></directions></recipe></recipeml>
