<?xml version="1.0" encoding="UTF-8"?>

<recipeml version="0.5">
  <recipe>
    <head>
      <title>Bacardi Sauce</title>
      <categories>
        <cat>None</cat></categories>
      <yield>1</yield></head>
    <ingredients>
      <ing>
        <amt>
          <qty>3</qty>
          <unit>ounces</unit></amt>
        <item>Bacardi rum</item></ing>
      <ing>
        <amt>
          <qty>1</qty>
          <unit>teaspoon</unit></amt>
        <item>Tomato ketchup</item></ing>
      <ing>
        <amt>
          <qty>1/2</qty>
          <unit>ounces</unit></amt>
        <item>Lemon juice</item></ing>
      <ing>
        <amt>
          <qty>1/4</qty>
          <unit>pints</unit></amt>
        <item>Chicken stock</item></ing>
      <ing>
        <amt>
          <qty>2</qty>
          <unit>ounces</unit></amt>
        <item>Butter</item></ing>
      <ing>
        <amt>
          <qty>1</qty>
          <unit>teaspoon</unit></amt>
        <item>Salt</item></ing>
      <ing>
        <amt>
          <qty>1</qty>
          <unit>teaspoon</unit></amt>
        <item>White pepper</item></ing>
      <ing>
        <amt>
          <qty>1</qty>
          <unit>teaspoon</unit></amt>
        <item>Cornstarch</item></ing></ingredients>
    <directions>
      <step>  In a saucepan, pour bacardi rum. Add tomato ketchup, chicken stock and
  reduce by half. Add diluted cornstarch and simmer for 5 minutes. Add butter
  an whisk into mixture, season with salt and pepper to taste. Typed by
  jazzbel@batelnet.bs.
  
  Recipe by: Goombay Madness
  
  Posted to Bakery-Shoppe Digest V1 #254 by "Jazzbel"
  &lt;jazzbel@grouper.BatelNET.bs&gt; on Sep 20, 1997
 
</step></directions></recipe></recipeml>
