<?xml version="1.0" encoding="UTF-8"?>

<recipeml version="0.5">
  <recipe>
    <head>
      <title>Bacala a la Catalana</title>
      <categories>
        <cat>Import</cat></categories>
      <yield>4</yield></head>
    <ingredients>
      <ing>
        <amt>
          <qty>4</qty>
          <unit>tablespoons</unit></amt>
        <item>Currants</item></ing>
      <ing>
        <amt>
          <qty>4</qty>
          <unit>tablespoons</unit></amt>
        <item>Pine nuts</item></ing>
      <ing>
        <amt>
          <qty>2</qty>
          <unit>pounds</unit></amt>
        <item>Salt cod fillets; soaked for two days cut into 1" by 2" rectangles</item></ing>
      <ing>
        <amt>
          <qty>4</qty>
          <unit>tablespoons</unit></amt>
        <item>Extra virgin olive oil</item></ing>
      <ing>
        <amt>
          <qty>1</qty>
          <unit>medium</unit></amt>
        <item>Spanish onion; in 1/4" dice</item></ing>
      <ing>
        <amt>
          <qty>4</qty>
          <unit/></amt>
        <item>Cloves garlic; thinly sliced</item></ing>
      <ing>
        <amt>
          <qty>6</qty>
          <unit>cups</unit></amt>
        <item>Spinach cleaned dried; de-stemmed</item></ing>
      <ing>
        <amt>
          <qty>4</qty>
          <unit>ounces</unit></amt>
        <item>White wine</item></ing></ingredients>
    <directions>
      <step>  Cod, must soak 2 days in water changed daily
  
  Soak currants and pine nuts in 2 cups lukewarm water for one hour and then
  drain. Drain salted cod and then pat dry. Heat oil in a 12-inch saute pan
  until smoking. Add cod pieces and cook until golden brown on 1 side. Turn
  cod pieces over and then add onion, garlic, pine nuts, and currants to the
  pan, shaking it so that all the ingredients are in contact with the pan.
  Cook until cod is golden brown, about 6 to 7 more minutes. Remove cod to
  warm plate, add spinach, and season with salt and pepper. Place cod on top
  of spinach, add wine, cover, and cook for 8 more minutes, until the liquid
  evaporates from the spinach. Serve immediately. Yield: 4 servings
  
  Recipe by: MEDITERRANEAN MARIO #ME1A33
  
  Posted to MC-Recipe Digest by Sue &lt;suechef@sover.net&gt; on Feb 26, 1998
 
</step></directions></recipe></recipeml>
