<?xml version="1.0" encoding="UTF-8"?>

<recipeml version="0.5">
  <recipe>
    <head>
      <title>Bacardi Rum Pina Colada Cake</title>
      <categories>
        <cat>Cyberealm</cat>
        <cat>Kooknet</cat>
        <cat>Cakes</cat>
        <cat>Desserts</cat></categories>
      <yield>1</yield></head>
    <ingredients>
      <ing>
        <amt>
          <qty>1</qty>
          <unit/></amt>
        <item>White cake mix (2 layer size )</item></ing>
      <ing>
        <amt>
          <qty>1</qty>
          <unit/></amt>
        <item>Coconut cream or vanilla instant pudding (4 serv)</item></ing>
      <ing>
        <amt>
          <qty>1</qty>
          <unit/></amt>
        <item>Eggs</item></ing>
      <ing>
        <amt>
          <qty>1/4</qty>
          <unit>cups</unit></amt>
        <item>Water</item></ing>
      <ing>
        <amt>
          <qty>1/4</qty>
          <unit>cups</unit></amt>
        <item>Wesson oil</item></ing>
      <ing>
        <amt>
          <qty>1</qty>
          <unit>cup</unit></amt>
        <item>Flaked coconut</item></ing>
      <ing>
        <amt>
          <qty>1/3</qty>
          <unit>cups</unit></amt>
        <item>Bacardi dark rum</item></ing>
      <ing>
        <amt>
          <qty/>
          <unit/></amt>
        <item>Frosting</item></ing>
      <ing>
        <amt>
          <qty>1</qty>
          <unit/></amt>
        <item>Coconut cream or vanilla ins tant pudding (4 serv)</item></ing>
      <ing>
        <amt>
          <qty>1/3</qty>
          <unit>cups</unit></amt>
        <item>Bacardi dark rum</item></ing>
      <ing>
        <amt>
          <qty>1</qty>
          <unit/></amt>
        <item>Can crushed pineapple (in juice)</item></ing>
      <ing>
        <amt>
          <qty>1</qty>
          <unit/></amt>
        <item>Container frozen whipped topping, thawed</item></ing></ingredients>
    <directions>
      <step>  Blend all ingredients except coconut in large mixer bowl. Beat 4 minutes at
  medium speed of electric mixer. Pour into two greased and floured 9-inch
  layer cake pans. Bake at 350øF for 25 -30 minutes or until cake springs
  back when lightly pressed.  Do not under bake. Cool in pans for 15 minutes;
  remove and cool on racks. Fill and frost; sprinkle with coconut. Chill.
  Refrigerate leftover cake. Frosting: Combine all ingredients except whipped
  topping in a bowl; beat until well blended. Fold in thawed whipped topping.
  
  Re-posted by Lois Flack, CYBEREALM-KOOKNET, (315)786-1120, Watertown, NY
  
  From Gemini's MASSIVE MealMaster collection at www.synapse.com/~gemini
 
</step></directions></recipe></recipeml>
