<?xml version="1.0" encoding="UTF-8"?>

<recipeml version="0.5">
  <recipe>
    <head>
      <title>Bacalao (Salt Cod)</title>
      <categories>
        <cat>Seafood</cat></categories>
      <yield>4</yield></head>
    <ingredients>
      <ing>
        <amt>
          <qty>2</qty>
          <unit>pounds</unit></amt>
        <item>Salt cod</item></ing>
      <ing>
        <amt>
          <qty>1/4</qty>
          <unit>cups</unit></amt>
        <item>Olive oil</item></ing>
      <ing>
        <amt>
          <qty>2</qty>
          <unit>medium</unit></amt>
        <item>Onions</item></ing>
      <ing>
        <amt>
          <qty>1</qty>
          <unit>can</unit></amt>
        <item>(small) tomato sauce</item></ing>
      <ing>
        <amt>
          <qty>2</qty>
          <unit/></amt>
        <item>Cloves garlic</item></ing>
      <ing>
        <amt>
          <qty>1/2</qty>
          <unit>cups</unit></amt>
        <item>Minced parsley</item></ing>
      <ing>
        <amt>
          <qty>4</qty>
          <unit>ounces</unit></amt>
        <item>Sliced pimentos</item></ing>
      <ing>
        <amt>
          <qty>1/2</qty>
          <unit>cups</unit></amt>
        <item>Dry white wine</item></ing></ingredients>
    <directions>
      <step>  Date: Thu, 02 May 1996 21:14:00 -0400
  
  From: Walt Gray &lt;waltgray@mnsinc.com&gt;
  
  Wash the cod, changing the water three or four times. Soak it overnight in
  water to cover. Drain. Cut the fish into 2-inch pieces. Place the pieces in
  cold water to cover, bring to boil, and drain well. Chop the onions and
  garlic and fry them, along with the drained pimentos, in olive oil. When
  vegetables are tender stir in the tomato sauce, parsley and wine. Cover and
  simmer over very low heat for 30 minutes. Place the cod in the sauce and
  simmer, uncovered, 30 to 45 minutes, or until the fish flakes easily.
  Serves 4.
  
  MM-RECIPES@IDISCOVER.NET
  
  MEAL-MASTER RECIPES LISTSERVER
  
  MM-RECIPES DIGEST V3 #123
  
  From the MealMaster recipe list.  Downloaded from Glen's MM Recipe Archive,
  http://www.erols.com/hosey.
 
</step></directions></recipe></recipeml>
