<?xml version="1.0" encoding="UTF-8"?>

<recipeml version="0.5">
  <recipe>
    <head>
      <title>Baccala Alla Vicentina (Vicenza-Style Cod)</title>
      <categories>
        <cat>Seafood</cat>
        <cat>Main dish</cat>
        <cat>Italian</cat></categories>
      <yield>4</yield></head>
    <ingredients>
      <ing>
        <amt>
          <qty>1</qty>
          <unit>pound</unit></amt>
        <item>Stockfish (dry cod)</item></ing>
      <ing>
        <amt>
          <qty>2</qty>
          <unit/></amt>
        <item>Fresh anchovies, unsalted skinless and boneless</item></ing>
      <ing>
        <amt>
          <qty>2</qty>
          <unit>cloves</unit></amt>
        <item>Garlic, chopped</item></ing>
      <ing>
        <amt>
          <qty/>
          <unit/></amt>
        <item>Salt (very little)</item></ing>
      <ing>
        <amt>
          <qty>1/4</qty>
          <unit>tablespoons</unit></amt>
        <item>Parmigiano-Reggiano fresh grated</item></ing>
      <ing>
        <amt>
          <qty>1 1/4</qty>
          <unit>cups</unit></amt>
        <item>Onions, sliced</item></ing>
      <ing>
        <amt>
          <qty>1</qty>
          <unit>cup</unit></amt>
        <item>Milk</item></ing>
      <ing>
        <amt>
          <qty>2</qty>
          <unit>cups</unit></amt>
        <item>Extra virgin olive oil</item></ing>
      <ing>
        <amt>
          <qty/>
          <unit/></amt>
        <item>Fresh ground black pepper</item></ing></ingredients>
    <directions>
      <step>  Cod should be cleaned, skinless and boneless. Anchovies should be fresh or
  defrosted frozen Saute onions in oil until transparent. if using salted
  stockfish, pre-soak in cold running water for at least 24 hours, and wash
  pieces individually every 8 hours. In a bowl, mix the parsley, garlic and
  anchovies. With a fork, spread some of the mixture on each piece of fish,
  sprinkle with cheese and roll up. Slice rolls into pieces about 1 1/2
  inches wide and coat in flour mixed with a little cheese and pepper. Shake
  off excess. Place fish bits in an oiled shallow roasting pan and cover with
  sauted onions. Season with salt and pepper, add milk and bake in oven
  preheated to 140C(275F) for 4 hours, turning fish occasionally and adding
  oil if necessary. Remove from oven, top with more parsley and serve
  immediately.
 
</step></directions></recipe></recipeml>
