<?xml version="1.0" encoding="UTF-8"?>

<recipeml version="0.5">
  <recipe>
    <head>
      <title>Bachelor's Chili</title>
      <categories>
        <cat>Meat</cat></categories>
      <yield>1</yield></head>
    <ingredients>
      <ing>
        <amt>
          <qty>1/2</qty>
          <unit>pounds</unit></amt>
        <item>Beef in style of your choosing</item></ing>
      <ing>
        <amt>
          <qty>2</qty>
          <unit/></amt>
        <item>Cloves crushed garlic</item></ing>
      <ing>
        <amt>
          <qty/>
          <unit/></amt>
        <item>Dark beer</item></ing>
      <ing>
        <amt>
          <qty/>
          <unit/></amt>
        <item>Cumin</item></ing>
      <ing>
        <amt>
          <qty/>
          <unit/></amt>
        <item>Salt</item></ing>
      <ing>
        <amt>
          <qty>2</qty>
          <unit>cans</unit></amt>
        <item>(small) or</item></ing>
      <ing>
        <amt>
          <qty>1</qty>
          <unit>can</unit></amt>
        <item>(large) El Pato Mexican tomato sauce</item></ing>
      <ing>
        <amt>
          <qty/>
          <unit/></amt>
        <item>Chopped tomatos from the garden</item></ing>
      <ing>
        <amt>
          <qty/>
          <unit/></amt>
        <item>Chopped chili peppers from the garden</item></ing>
      <ing>
        <amt>
          <qty>1/2</qty>
          <unit/></amt>
        <item>Green Bell sliced and diced (up to)</item></ing>
      <ing>
        <amt>
          <qty>1/2</qty>
          <unit/></amt>
        <item>Onion sliced and diced</item></ing>
      <ing>
        <amt>
          <qty/>
          <unit/></amt>
        <item>Whatever else you feel like adding</item></ing></ingredients>
    <directions>
      <step>  From: smurman@best.com
  
  Date: Fri, 02 Aug 1996 13:14:50 -0700
  Brown the meat with the crushed garlic, then throw everything else in and
  simmer it until you feel like eating.  Serve with beer (duh).
  
  CHILE-HEADS DIGEST V3 #061
  
  From the Chile-Heads recipe list.  Downloaded from Glen's MM Recipe
  Archive, http://www.erols.com/hosey.
 
</step></directions></recipe></recipeml>
