<?xml version="1.0" encoding="UTF-8"?>

<recipeml version="0.5">
  <recipe>
    <head>
      <title>Bachelor Buttons</title>
      <categories>
        <cat>Cookies</cat></categories>
      <yield>18</yield></head>
    <ingredients>
      <ing>
        <amt>
          <qty>1/4</qty>
          <unit>cups</unit></amt>
        <item>Butter, cold</item></ing>
      <ing>
        <amt>
          <qty>1 1/3</qty>
          <unit>cups</unit></amt>
        <item>Flour, all-purpose</item></ing>
      <ing>
        <amt>
          <qty>1</qty>
          <unit/></amt>
        <item>Egg</item></ing>
      <ing>
        <amt>
          <qty>5</qty>
          <unit>ounces</unit></amt>
        <item>Sugar</item></ing>
      <ing>
        <amt>
          <qty>1</qty>
          <unit>pinch</unit></amt>
        <item>Salt</item></ing>
      <ing>
        <amt>
          <qty>1</qty>
          <unit>pinch</unit></amt>
        <item>Nutmeg</item></ing>
      <ing>
        <amt>
          <qty/>
          <unit/></amt>
        <item>Sugar for sprinkling</item></ing></ingredients>
    <directions>
      <step>  Preheat oven to 350 degrees.  In a large bowl, Rub the butter into the
  flour.  In a small bowl, beat the egg with half of the sugar, add the egg
  mixture and the remaining sugar to the butter and flour mixture. Add the
  salt and nutmeg and mix well.  Roll the dough between the palms of your
  hands to form 18 pieces the size of a walnut; moisten your hands or flour
  them for rolling the dough. Sprinkle dough pieces lightly with sugar and
  place 2-3 inches apart on a cookie sheet lined with buttered craft paper.
  Bake until very lightly browned around the edges and on the bottoms, about
  8 minutes.  (The tops should be done but not browned.) Remove from oven;
  transfer to wire rack. Cool completely, then store in airtight container.
  
  From Gemini's MASSIVE MealMaster collection at www.synapse.com/~gemini
 
</step></directions></recipe></recipeml>
