<?xml version="1.0" encoding="UTF-8"?>

<recipeml version="0.5">
  <recipe>
    <head>
      <title>Baci Di Dama (Orange Almond Cookies)</title>
      <categories>
        <cat>Cookie</cat></categories>
      <yield>12</yield></head>
    <ingredients>
      <ing>
        <amt>
          <qty>1</qty>
          <unit>cup</unit></amt>
        <item>Ground blanched almonds</item></ing>
      <ing>
        <amt>
          <qty>1/2</qty>
          <unit>cups</unit></amt>
        <item>Sugar</item></ing>
      <ing>
        <amt>
          <qty>1/2</qty>
          <unit>cups</unit></amt>
        <item>Minced candied orange peel</item></ing>
      <ing>
        <amt>
          <qty>1</qty>
          <unit>cup</unit></amt>
        <item>All-purpose flour; sifted (up to)</item></ing>
      <ing>
        <amt>
          <qty>8</qty>
          <unit>tablespoons</unit></amt>
        <item>Milk</item></ing>
      <ing>
        <amt>
          <qty>1/2</qty>
          <unit>cups</unit></amt>
        <item>Semi-sweet chocolate pieces; melted</item></ing></ingredients>
    <directions>
      <step>  Recipe By     : The Encyclopedia of Italian Cooking
  
  Put the ground almonds in a bowl with the sugar, orange peel and all but 1
  tbsp of the flour.  Mix well, then stire in enough milk to give a smooth,
  firm dough.
  
  Roll into small balls and place, well apart, on a  baking shet lined with
  greased wax paper.  Sprinkle with the remaining flour, and bake in a
  preheated moderate oven 350 degrees, for 15 minutes or until golden brown.
  
  Transfer to a wire rack to cool.  When cold, sandwich the cookies together
  in pairs with the melted chocolate.   Chill in the fridge for1 hour before
  serving. Makes 12-15.
  
  MC-RECIPE@MASTERCOOK.COM
  
  MASTERCOOK RECIPES LIST SERVER
  
  From the MasterCook recipe list.  Downloaded from Glen's MM Recipe Archive,
  http://www.erols.com/hosey.
 
</step></directions></recipe></recipeml>
