<?xml version="1.0" encoding="UTF-8"?>

<recipeml version="0.5">
  <recipe>
    <head>
      <title>Backyard Grilled Clambake</title>
      <categories>
        <cat>Seafoods</cat></categories>
      <yield>4</yield></head>
    <ingredients>
      <ing>
        <amt>
          <qty>3</qty>
          <unit>tablespoons</unit></amt>
        <item>Red-wine vinegar</item></ing>
      <ing>
        <amt>
          <qty>1/2</qty>
          <unit>teaspoons</unit></amt>
        <item>Dijon mustard</item></ing>
      <ing>
        <amt>
          <qty>1/2</qty>
          <unit>teaspoons</unit></amt>
        <item>Sugar</item></ing>
      <ing>
        <amt>
          <qty/>
          <unit/></amt>
        <item>Salt and pepper; to taste</item></ing>
      <ing>
        <amt>
          <qty>6</qty>
          <unit>tablespoons</unit></amt>
        <item>Olive oil</item></ing>
      <ing>
        <amt>
          <qty>8</qty>
          <unit>ounces</unit></amt>
        <item>Orzo pasta</item></ing>
      <ing>
        <amt>
          <qty>1/2</qty>
          <unit>cups</unit></amt>
        <item>Red bell pepper; diced 1/4"</item></ing>
      <ing>
        <amt>
          <qty>1/2</qty>
          <unit>cups</unit></amt>
        <item>Yellow bell pepper; diced 1/4"</item></ing>
      <ing>
        <amt>
          <qty>1/2</qty>
          <unit>cups</unit></amt>
        <item>Red onion; diced 1/4"</item></ing>
      <ing>
        <amt>
          <qty>1/2</qty>
          <unit>cups</unit></amt>
        <item>Zucchini; diced 1/4"</item></ing>
      <ing>
        <amt>
          <qty>1/2</qty>
          <unit>cups</unit></amt>
        <item>Pitted black olives; coarsely chopped</item></ing>
      <ing>
        <amt>
          <qty>4</qty>
          <unit>tablespoons</unit></amt>
        <item>Chopped parsley</item></ing>
      <ing>
        <amt>
          <qty>16</qty>
          <unit/></amt>
        <item>Cherrystone clams</item></ing>
      <ing>
        <amt>
          <qty>16</qty>
          <unit/></amt>
        <item>Oysters</item></ing></ingredients>
    <directions>
      <step>  1. Combine vinegar, mustard, sugar, salt and pepper. Drizzle in the oil,
  whisking constantly, until thickened. Set aside.
  
  2. Cook the orzo according to package directions; drain, rinse under warm
  water and drain again. Toss with half of the vinaigrette. Stir in the bell
  peppers, onion, zucchini, olives and half the parsley. Spoon onto a large
  serving platter.
  
  3. Place the clams and oysters on a grill rack over high heat, 3 inches
  from the heat source. Grill the clams for 5 minutes or until they open.
  Grill the oysters for 5 minutes to 10 minutes, depending on size, or until
  they open.
  
  4. To serve, place the opened clams and oysters atop the orzo salad.
  Drizzle with the remaining vinaigrette and sprinkle with the remaining 2
  tablespoons chopped parsley.
  
  Serves 4. Per serving: 554 calories; 55g carbohydrates; 23g protein; 27g
  fat;
       81 mg cholesterol.
  
  Submitted by Carriej999@AOL.com
  
  Recipe by: Sheila Lukins
  
  Posted to MC-Recipe Digest by Carriej999 &lt;Carriej999@aol.com&gt; on May 17,
  1998
 
</step></directions></recipe></recipeml>
