<?xml version="1.0" encoding="UTF-8"?>

<recipeml version="0.5">
  <recipe>
    <head>
      <title>Backyard Barbeque Sauce</title>
      <categories>
        <cat>Sauces</cat>
        <cat>And</cat>
        <cat>Miscellaneo</cat></categories>
      <yield>1</yield></head>
    <ingredients>
      <ing>
        <amt>
          <qty>2</qty>
          <unit>tablespoons</unit></amt>
        <item>Vegetable oil</item></ing>
      <ing>
        <amt>
          <qty>1</qty>
          <unit/></amt>
        <item>Onion; halved lengthwise and slivered</item></ing>
      <ing>
        <amt>
          <qty>4</qty>
          <unit/></amt>
        <item>Cloves garlic; halved</item></ing>
      <ing>
        <amt>
          <qty>28</qty>
          <unit>ounces</unit></amt>
        <item>Italian plum tomatoes; crushed, with juices</item></ing>
      <ing>
        <amt>
          <qty>1 1/2</qty>
          <unit>cups</unit></amt>
        <item>Ketchup</item></ing>
      <ing>
        <amt>
          <qty>1</qty>
          <unit>cup</unit></amt>
        <item>Fresh orange juice</item></ing>
      <ing>
        <amt>
          <qty>6</qty>
          <unit>tablespoons</unit></amt>
        <item>Fresh lemon juice</item></ing>
      <ing>
        <amt>
          <qty>6</qty>
          <unit>tablespoons</unit></amt>
        <item>Red wine vinegar</item></ing>
      <ing>
        <amt>
          <qty>1/2</qty>
          <unit>cups</unit></amt>
        <item>Water</item></ing>
      <ing>
        <amt>
          <qty>2</qty>
          <unit>tablespoons</unit></amt>
        <item>All-natural liquid smoke; optional</item></ing>
      <ing>
        <amt>
          <qty>1/4</qty>
          <unit>cups</unit></amt>
        <item>Honey</item></ing>
      <ing>
        <amt>
          <qty>1/4</qty>
          <unit>cups</unit></amt>
        <item>Dark brown sugar; packed</item></ing>
      <ing>
        <amt>
          <qty>3</qty>
          <unit>tablespoons</unit></amt>
        <item>Crystallized ginger; finely chopped</item></ing>
      <ing>
        <amt>
          <qty>2</qty>
          <unit>tablespoons</unit></amt>
        <item>Dark molasses</item></ing>
      <ing>
        <amt>
          <qty>1</qty>
          <unit>tablespoon</unit></amt>
        <item>Worcestershire sauce</item></ing>
      <ing>
        <amt>
          <qty>1/4</qty>
          <unit>teaspoons</unit></amt>
        <item>Tabasco sauce</item></ing>
      <ing>
        <amt>
          <qty>2</qty>
          <unit>tablespoons</unit></amt>
        <item>Chili powder</item></ing>
      <ing>
        <amt>
          <qty>1</qty>
          <unit>tablespoon</unit></amt>
        <item>Ground coriander</item></ing>
      <ing>
        <amt>
          <qty>1</qty>
          <unit>tablespoon</unit></amt>
        <item>Dry mustard</item></ing>
      <ing>
        <amt>
          <qty>1</qty>
          <unit>teaspoon</unit></amt>
        <item>Salt</item></ing></ingredients>
    <directions>
      <step>  1. Heat the oil in a heavy medium-size saucepan over medium heat. Add the
  onion and cook, stirring occasionally, until golden brown, 5 minutes. Add
  the garlic and cook for 1 minute more.
  
  2. Add the remaining ingredients and stir well to mix. Bring the mixture to
  a boil, then reduce the heat to very low and cook, uncovered, stirring
  often, until the sauce thickens and has a smooth texture, 45 minutes to 1
  hour.
  
  3. Remove the onion and garlic with a slotted spoon and discard. Adjust
  seasonings to taste, and then, if sauce is too thick, add a small amount of
  water. Cook to blernd seasonings for 2 minutes. Cook to room temperature
  and refrigerate in covred containers for up to 1 week. Makes about 5 cups
  
  NOTES : I skipped direction #3 and put sauce in food processor with onions
  and garlic included and processed until smooth.  MUCH better this way IMHO.
  Recipe by: Sheila Lukins USA Cookbook
  
  Posted to TNT Recipes Digest by Karen &lt;SilkyKitty@prodigy.net&gt; on Apr 30,
  1998
 
</step></directions></recipe></recipeml>
