<?xml version="1.0" encoding="UTF-8"?>

<recipeml version="0.5">
  <recipe>
    <head>
      <title>Back-For-Seconds Potato Salad</title>
      <categories>
        <cat>Salads</cat>
        <cat>Potato</cat></categories>
      <yield>1</yield></head>
    <ingredients>
      <ing>
        <amt>
          <qty>6</qty>
          <unit>large</unit></amt>
        <item>Red potatoes, cook till just done, cubed</item></ing>
      <ing>
        <amt>
          <qty>7</qty>
          <unit/></amt>
        <item>Hard cooked eggs, sliced (reserved 1 for garnish)</item></ing>
      <ing>
        <amt>
          <qty>1</qty>
          <unit>cup</unit></amt>
        <item>Celery, cubed</item></ing>
      <ing>
        <amt>
          <qty>2</qty>
          <unit>cups</unit></amt>
        <item>Maonnaise</item></ing>
      <ing>
        <amt>
          <qty>2</qty>
          <unit>tablespoons</unit></amt>
        <item>Salad (wet) mustard</item></ing>
      <ing>
        <amt>
          <qty>1/4</qty>
          <unit>cups</unit></amt>
        <item>Cider vinegar</item></ing>
      <ing>
        <amt>
          <qty>1</qty>
          <unit>tablespoon</unit></amt>
        <item>Salt</item></ing>
      <ing>
        <amt>
          <qty>1/2</qty>
          <unit>tablespoons</unit></amt>
        <item>Black pepper</item></ing>
      <ing>
        <amt>
          <qty>2</qty>
          <unit>tablespoons</unit></amt>
        <item>Dehydrated onion powder</item></ing>
      <ing>
        <amt>
          <qty>1/2</qty>
          <unit>cups</unit></amt>
        <item>Sweet relish or</item></ing>
      <ing>
        <amt>
          <qty>1</qty>
          <unit>cup</unit></amt>
        <item>Green pepper; chopped, opt'l</item></ing>
      <ing>
        <amt>
          <qty/>
          <unit/></amt>
        <item>Paprika</item></ing></ingredients>
    <directions>
      <step>  In a large bowl, combine potatoes, celery and 6 eggs. Add salt, pepper and
  onion powder. Toss lightly to cut. In a small bowl combine mayonnaise,
  vinegar and mustard. Mix well. Pour a little at a time over potato mixture
  (size of potatoes used determines if you use all the dressing; usually it
  takes all). Relish or green peppers may be added now; mix well. Pour into
  serving dish. Garnish with reserved egg and sprinkle paprika lightly over
  top. Refrigerate 2 hours before serving. Formatted by Mary Wilson, BWVB02B.
  
  Posted to MC-Recipe Digest V1 #643 by Nancy Berry &lt;nlberry@prodigy.net&gt; on
  Jun 11, 1997
 
</step></directions></recipe></recipeml>
