<?xml version="1.0" encoding="UTF-8"?>

<recipeml version="0.5">
  <recipe>
    <head>
      <title>Bacon-Broiled Scallops</title>
      <categories>
        <cat>Seafood</cat></categories>
      <yield>6</yield></head>
    <ingredients>
      <ing>
        <amt>
          <qty>24</qty>
          <unit>large</unit></amt>
        <item>Sea scallops; 1 1/4 lbs</item></ing>
      <ing>
        <amt>
          <qty>12</qty>
          <unit>slices</unit></amt>
        <item>Bacon</item></ing>
      <ing>
        <amt>
          <qty/>
          <unit/></amt>
        <item>Salt</item></ing>
      <ing>
        <amt>
          <qty/>
          <unit/></amt>
        <item>Seasoned pepper</item></ing>
      <ing>
        <amt>
          <qty/>
          <unit/></amt>
        <item>Lemon wedges</item></ing></ingredients>
    <directions>
      <step>  Date: Wed, 01 May 1996 06:55:25 -0700
  
  From: Dan Schamber &lt;dansch@haven.ios.com&gt;
  
  Rinse scallops with running cold water to remove sand from crevices. Pat
  dry. Preheat broiler. Cut each bacon slice crosswise in half, wrap each
  half around a scallop. Secure with toothpick. Sprinkle lightly with salt
  and seasoned pepper. Broil 8-10 mins, turning frequently so bacon will
  brown evenly, until scallops turn opaque through. Remove toothpicks.
  Arrange on platter, garnish with lemon wedges. 205 cals per serving. Good
  source of iron Source: Good Housekeeping Cookbook.
  
  MM-RECIPES@IDISCOVER.NET
  
  MEAL-MASTER RECIPES LISTSERVER
  
  MM-RECIPES DIGEST V3 #122
  
  From the MealMaster recipe list.  Downloaded from Glen's MM Recipe Archive,
  http://www.erols.com/hosey.
 
</step></directions></recipe></recipeml>
