<?xml version="1.0" encoding="UTF-8"?>

<recipeml version="0.5">
  <recipe>
    <head>
      <title>Bacon-Cheese Biscuits</title>
      <categories>
        <cat>Bread</cat></categories>
      <yield>8</yield></head>
    <ingredients>
      <ing>
        <amt>
          <qty>2</qty>
          <unit>cups</unit></amt>
        <item>Self-rising flour</item></ing>
      <ing>
        <amt>
          <qty>1</qty>
          <unit>tablespoon</unit></amt>
        <item>Sugar</item></ing>
      <ing>
        <amt>
          <qty>1/3</qty>
          <unit>cups</unit></amt>
        <item>Shortening</item></ing>
      <ing>
        <amt>
          <qty>1</qty>
          <unit>cup</unit></amt>
        <item>Buttermilk</item></ing>
      <ing>
        <amt>
          <qty>1/2</qty>
          <unit>teaspoons</unit></amt>
        <item>Baking soda</item></ing>
      <ing>
        <amt>
          <qty>3/4</qty>
          <unit>pounds</unit></amt>
        <item>Sliced bacon; cooked and crumbled</item></ing>
      <ing>
        <amt>
          <qty>1</qty>
          <unit>cup</unit></amt>
        <item>Shredded Cheddar cheese</item></ing></ingredients>
    <directions>
      <step>   Combine flour and sugar; cut in shortening with a pastry blender until the
  mixture resembles coarse meal; set aside.
  
   Combine buttermilk and soda, stirring until soda dissolves. Add buttermilk
  mixture, bacon, and cheese to flour mixture, stirring until dry ingredients
  are moistened. Turn dough out onto a lightly floured surface, and knead
  lightly 4 or 5 times.
  
   Roll dough to 1/2-inch thickness; cut with a 2-inch biscuit vutter. Place
  on a lightly greased baking sheet. Bake at 425 degrees for 10-12 minutes.
  Yields about 18 biscuits.
  
  MAGAZINE ARTICLE
  
  KATHY JEAN BROWN,
  
  TUPELO, MS
  
  From a collection of my mother's (Judy Hosey) recipe box which contained
  lots of her favorite recipes, clippings, etc.  Downloaded from Glen's MM
  Recipe Archive, http://www.erols.com/hosey.
 
</step></directions></recipe></recipeml>
