<?xml version="1.0" encoding="UTF-8"?>

<recipeml version="0.5">
  <recipe>
    <head>
      <title>Bacon, Cabbage and Pasta Soup</title>
      <categories>
        <cat>Soups/stews</cat>
        <cat>Beef</cat>
        <cat>Pasta</cat></categories>
      <yield>4</yield></head>
    <ingredients>
      <ing>
        <amt>
          <qty>4</qty>
          <unit/></amt>
        <item>Slices bacon, cut up</item></ing>
      <ing>
        <amt>
          <qty>2</qty>
          <unit>cups</unit></amt>
        <item>Coarsely shredded cabbage</item></ing>
      <ing>
        <amt>
          <qty>2</qty>
          <unit/></amt>
        <item>(14-1/2 oz.) cans beef</item></ing>
      <ing>
        <amt>
          <qty/>
          <unit/></amt>
        <item>Broth</item></ing>
      <ing>
        <amt>
          <qty>1</qty>
          <unit/></amt>
        <item>(16 oz.) pkg. Green Giant</item></ing>
      <ing>
        <amt>
          <qty/>
          <unit/></amt>
        <item>Frozen Pasta &amp; Vegetables</item></ing>
      <ing>
        <amt>
          <qty/>
          <unit/></amt>
        <item>Accent Garden Herb</item></ing>
      <ing>
        <amt>
          <qty/>
          <unit/></amt>
        <item>Seasoning</item></ing></ingredients>
    <directions>
      <step>  Cook bacon in large saucepan until crisp; remove bacon and drain on paper
  towels. Crumble bacon. Cook cabbage in broth until crisp tender. Stir
  bacon, broth, frozen vegetables and pasta, and water into cabbage. Bring to
  a boil; stir. Reduce heat; cover and simmer 6 to 8 minutes or until
  vegetables are tender. From: Pillsbury, Pasta, Rice &amp; Beans Shared By: Pat
  Stockett
  
  From Gemini's MASSIVE MealMaster collection at www.synapse.com/~gemini
 
</step></directions></recipe></recipeml>
