<?xml version="1.0" encoding="UTF-8"?>

<recipeml version="0.5">
  <recipe>
    <head>
      <title>Bacon, Dill, and Onion Potato Salad</title>
      <categories>
        <cat>None</cat></categories>
      <yield>12</yield></head>
    <ingredients>
      <ing>
        <amt>
          <qty>2</qty>
          <unit>pounds</unit></amt>
        <item>Red potatoes; unpeeled</item></ing>
      <ing>
        <amt>
          <qty>3</qty>
          <unit/></amt>
        <item>Green onions; chopped</item></ing>
      <ing>
        <amt>
          <qty>1/2</qty>
          <unit>pounds</unit></amt>
        <item>Bacon; cooked and crumbled</item></ing>
      <ing>
        <amt>
          <qty>1</qty>
          <unit/></amt>
        <item>Green pepper; diced</item></ing>
      <ing>
        <amt>
          <qty>1</qty>
          <unit/></amt>
        <item>Hard-boiled egg; chopped</item></ing>
      <ing>
        <amt>
          <qty>1/2</qty>
          <unit>cups</unit></amt>
        <item>Sour cream</item></ing>
      <ing>
        <amt>
          <qty>1/4</qty>
          <unit>cups</unit></amt>
        <item>Milk</item></ing>
      <ing>
        <amt>
          <qty>3</qty>
          <unit>tablespoons</unit></amt>
        <item>Fresh dill; chopped</item></ing>
      <ing>
        <amt>
          <qty>1</qty>
          <unit>tablespoon</unit></amt>
        <item>Lemon juice</item></ing>
      <ing>
        <amt>
          <qty>2</qty>
          <unit>teaspoons</unit></amt>
        <item>Dijon mustard</item></ing>
      <ing>
        <amt>
          <qty>1/2</qty>
          <unit>teaspoons</unit></amt>
        <item>Salt</item></ing></ingredients>
    <directions>
      <step>  1. Slice potatoes into 1/4-inch-thick slices; place in a large saucepan;
  add water to cover. Bring to a boil; cover, reduce heat, and simmer 15
  minutes. Drain.
  
  2. Combine potato, green onions, and next 3 ingredients in a bowl; toss
  gently.
  
  3. Combine sour cream and remaining 5 ingredients in a small bowl; stir
  well. Pour dressing over potato mixture; toss gently. Cover and chill.
  
  Recipe by: America's Best Recipes 1997
  
  Posted to MC-Recipe Digest by "Marie Smith" &lt;crafty1@earthlink.net&gt; on May
  2, 1998
 
</step></directions></recipe></recipeml>
