<?xml version="1.0" encoding="UTF-8"?>

<recipeml version="0.5">
  <recipe>
    <head>
      <title>Bacon, Avocado, and Cheese Omelets with Tomato Salsa</title>
      <categories>
        <cat>Sauces</cat></categories>
      <yield>2</yield></head>
    <ingredients>
      <ing-div>
        <title/>
        <ing>
          <amt>
            <qty>2/3</qty>
            <unit>cups</unit></amt>
          <item>Finely chopped seeded</item></ing>
        <ing>
          <amt>
            <qty/>
            <unit/></amt>
          <item>Tomato</item></ing>
        <ing>
          <amt>
            <qty>2</qty>
            <unit>tablespoons</unit></amt>
          <item>Finely chopped red onion</item></ing>
        <ing>
          <amt>
            <qty>1</qty>
            <unit/></amt>
          <item>Pickled or fresh jalapeno</item></ing>
        <ing>
          <amt>
            <qty/>
            <unit/></amt>
          <item>Chili, or to taste; seeded</item></ing>
        <ing>
          <amt>
            <qty/>
            <unit/></amt>
          <item>And minced.  (wear rubber</item></ing>
        <ing>
          <amt>
            <qty/>
            <unit/></amt>
          <item>Gloves)</item></ing>
        <ing>
          <amt>
            <qty>2</qty>
            <unit>tablespoons</unit></amt>
          <item>Minced fresh coriander</item></ing>
        <ing>
          <amt>
            <qty/>
            <unit/></amt>
          <item>(cilantro)</item></ing>
        <ing>
          <amt>
            <qty>1</qty>
            <unit>tablespoon</unit></amt>
          <item>Fresh lime or lemon juice</item></ing></ing-div>
      <ing-div>
        <title>OMELET</title>
        <ing>
          <amt>
            <qty>4</qty>
            <unit>large</unit></amt>
          <item>Eggs</item></ing>
        <ing>
          <amt>
            <qty>2</qty>
            <unit>tablespoons</unit></amt>
          <item>Water</item></ing>
        <ing>
          <amt>
            <qty>1</qty>
            <unit>tablespoon</unit></amt>
          <item>Unsalted butter</item></ing>
        <ing>
          <amt>
            <qty>3</qty>
            <unit>slices</unit></amt>
          <item>Lean bacon</item></ing>
        <ing>
          <amt>
            <qty/>
            <unit/></amt>
          <item>Cooked and crumbled</item></ing>
        <ing>
          <amt>
            <qty>1</qty>
            <unit>small</unit></amt>
          <item>Avocado (preferably</item></ing>
        <ing>
          <amt>
            <qty/>
            <unit/></amt>
          <item>California) peeled and</item></ing>
        <ing>
          <amt>
            <qty/>
            <unit/></amt>
          <item>Chopped in half-inch cubes.</item></ing>
        <ing>
          <amt>
            <qty>1/2</qty>
            <unit>cups</unit></amt>
          <item>Coarsely grated Monterey</item></ing>
        <ing>
          <amt>
            <qty/>
            <unit/></amt>
          <item>Jack (about 2 oz)</item></ing></ing-div></ingredients>
    <directions>
      <step>  In a small bowl stir together the tomato, the onion, the jalapeno, the
  coriander, the lime juice, and salt and pepper to taste until the salsa is
  combined well.  In a bowl whisk together the eggs, the water, and salt and
  pepper to taste. In an 8-inch skillet, preferably non-stick, heat 1/2
  teaspoon of the butter over moderately high heat until the foam subsides,
  pour in half the egg mixture, tilting the skillet to spread the egg mixture
  evenly over the bottom, and cook it for 1 minute, or until it is almost
  set. Sprinkle half the omelet with half the bacon, half the avocado, peeled
  and cut into 1/2 inch pieces, and half the Monterey Jack and cook the
  Omelet for 1 minute, or until it is set. Fold the omelet over the filling,
  transfer it to a plate, and keep it warm. Make another omelet in the same
  manner with the remaining butter, egg mixture, bacon, avocado, and Monterey
  Jack and serve the omelets with the salsa over. Serves 2. (or 3 if you have
  enough other things in the breakfast.)
 
</step></directions></recipe></recipeml>
