<?xml version="1.0" encoding="UTF-8"?>

<recipeml version="0.5">
  <recipe>
    <head>
      <title>Bacon, Cheddar and Chive Muffins</title>
      <categories>
        <cat>Breakfast</cat>
        <cat>Lu's recipe</cat>
        <cat>Muffins</cat>
        <cat>Posted to r</cat>
        <cat>Tried</cat></categories>
      <yield>12</yield></head>
    <ingredients>
      <ing>
        <amt>
          <qty>2</qty>
          <unit>cups</unit></amt>
        <item>Flour</item></ing>
      <ing>
        <amt>
          <qty>3</qty>
          <unit>teaspoons</unit></amt>
        <item>Baking powder</item></ing>
      <ing>
        <amt>
          <qty>1/2</qty>
          <unit>teaspoons</unit></amt>
        <item>Salt</item></ing>
      <ing>
        <amt>
          <qty>1</qty>
          <unit/></amt>
        <item>Egg; lightly beaten</item></ing>
      <ing>
        <amt>
          <qty>1</qty>
          <unit>cup</unit></amt>
        <item>Milk</item></ing>
      <ing>
        <amt>
          <qty>1/4</qty>
          <unit>cups</unit></amt>
        <item>Oil</item></ing>
      <ing>
        <amt>
          <qty>2</qty>
          <unit>tablespoons</unit></amt>
        <item>Fresh chives; minced</item></ing>
      <ing>
        <amt>
          <qty>3/4</qty>
          <unit>cups</unit></amt>
        <item>Cheese; grated</item></ing>
      <ing>
        <amt>
          <qty>6</qty>
          <unit>slices</unit></amt>
        <item>Bacon; cooked and crumbled</item></ing></ingredients>
    <directions>
      <step>  1. Place all dry ingredients in a large mixing bowl.
  
  2. Add egg. milk, oil and mix until almost combined.
  
  3. Stir in bacon, cheese and chives until all ingredients are just wet.
  
  (Batter will be thick)
  
  4. Spray muffin tins with cooking spray and fill 3/4 full.
  
  5. Bake at 350 degrees for 25 minutes.
  
  NOTES : These are more like biscuits than muffins in texture.  Good with
  scrambled eggs for breakfast or with soup for a heartly lunch.  You could
  also use them at supper next to grilled meats, with chili or stew instead
  of rolls.
  Recipe by: RecipeLu
  
  Posted to TNT - Prodigy's Recipe Exchange Newsletter  by RecipeLu
  &lt;recipelu@geocities.com&gt; on Oct 17, 1997
 
</step></directions></recipe></recipeml>
