<?xml version="1.0" encoding="UTF-8"?>

<recipeml version="0.5">
  <recipe>
    <head>
      <title>Bacon, Walnut and Feta Focaccia</title>
      <categories>
        <cat>Breads</cat></categories>
      <yield>2</yield></head>
    <ingredients>
      <ing>
        <amt>
          <qty>4</qty>
          <unit/></amt>
        <item>Strips bacon</item></ing>
      <ing>
        <amt>
          <qty>1</qty>
          <unit/></amt>
        <item>Plain focaccia; (6-7 inch) OR pizza crust</item></ing>
      <ing>
        <amt>
          <qty>1</qty>
          <unit/></amt>
        <item>Green onion; green part only, minced</item></ing>
      <ing>
        <amt>
          <qty>2</qty>
          <unit>tablespoons</unit></amt>
        <item>Chopped walnuts</item></ing>
      <ing>
        <amt>
          <qty>2</qty>
          <unit>tablespoons</unit></amt>
        <item>Crumbled feta cheese</item></ing></ingredients>
    <directions>
      <step>  Fry bacon in skillet until crisp. Drain on paper towels. Crumble and
  arrange on focaccia. Sprinkle with onion, walnuts and feta cheese. Place on
  baking sheet. Bake at 400 degrees until cheese melts and ingredients are
  hot, 6 to
       10    minutes. Serve hot.
  
  MC formatted and busted by Martha Hicks 4/98
  
  Posted to MC-Recipe Digest by "Mega-bytes" &lt;mega-bytes@email.msn.com&gt; on
  Apr 11, 1998
 
</step></directions></recipe></recipeml>
