<?xml version="1.0" encoding="UTF-8"?>

<recipeml version="0.5">
  <recipe>
    <head>
      <title>Bacon, Egg and Cheese Bread (Breakfast in a Bread Pan)</title>
      <categories>
        <cat>None</cat></categories>
      <yield>1</yield></head>
    <ingredients>
      <ing>
        <amt>
          <qty>6</qty>
          <unit>slices</unit></amt>
        <item>Bacon</item></ing>
      <ing>
        <amt>
          <qty>3/4</qty>
          <unit>cups</unit></amt>
        <item>Water; (up to 7/8)</item></ing>
      <ing>
        <amt>
          <qty>1</qty>
          <unit/></amt>
        <item>Egg</item></ing>
      <ing>
        <amt>
          <qty>1</qty>
          <unit>tablespoon</unit></amt>
        <item>Reserved Bacon Drippings</item></ing>
      <ing>
        <amt>
          <qty>1 1/2</qty>
          <unit>tablespoons</unit></amt>
        <item>Sugar</item></ing>
      <ing>
        <amt>
          <qty>1</qty>
          <unit>teaspoon</unit></amt>
        <item>Salt</item></ing>
      <ing>
        <amt>
          <qty>3</qty>
          <unit>cups</unit></amt>
        <item>Bread Flour</item></ing>
      <ing>
        <amt>
          <qty>1</qty>
          <unit>cup</unit></amt>
        <item>Grated Sharp Ched. Cheese</item></ing>
      <ing>
        <amt>
          <qty>2</qty>
          <unit>teaspoons</unit></amt>
        <item>Active dry yeast</item></ing></ingredients>
    <directions>
      <step>  Here is the Bacon, Egg, and Cheese Bread recipe from "Bread Machine Magic"
  by Lois Conway and Linda Rehberg aka "breakfast in a bread pan" for 1.5
  pound loaf.......
  
  1. In a skillet, cook bacon until crisp. Remove from pan, drain or pat with
  paper towels, and reserve the drippings, crumble the bacon.
  
  2. Place all ingredients in bread pan, using the least amount of liquid
  listed in the recipe. Select light crust setting and press start.
  
  3. Observe the dough as it kneads. After 5 to 10 minutes, if it appears dry
  and stiff or if your machine sounds as if it is straining to knead it, add
  more liquid 1 tablespoon at a time until dough forms a smooth, soft,
  pliable ball that is slightly tacky to the touch.
  
  4. After the baking cycle ends, remove bread from pan, place on cake rack,
  and allow to cool 1 hour before slicing.
  
  Crust: light Bake Cycle: Standard
  
  Posted to Bread-bakers Digest by Sabrina Hargreaves &lt;shargreaves@bucci.com&gt;
  on Feb 12, 1998
 
</step></directions></recipe></recipeml>
