<?xml version="1.0" encoding="UTF-8"?>

<recipeml version="0.5">
  <recipe>
    <head>
      <title>Asparagus Soup</title>
      <categories>
        <cat>Historic</cat>
        <cat>Vegetables</cat>
        <cat>Soups</cat></categories>
      <yield>6</yield></head>
    <ingredients>
      <ing>
        <amt>
          <qty>1 1/2</qty>
          <unit>pounds</unit></amt>
        <item>Asparagus, cut up</item></ing>
      <ing>
        <amt>
          <qty>2 1/2</qty>
          <unit>cups</unit></amt>
        <item>Cream or milk</item></ing>
      <ing>
        <amt>
          <qty>5</qty>
          <unit/></amt>
        <item>Eggs, well beaten</item></ing>
      <ing>
        <amt>
          <qty>1/4</qty>
          <unit/></amt>
        <item>Stick butter or margarine</item></ing>
      <ing>
        <amt>
          <qty>2</qty>
          <unit/></amt>
        <item>Strips bacon</item></ing>
      <ing>
        <amt>
          <qty>2</qty>
          <unit>cups</unit></amt>
        <item>Water</item></ing>
      <ing>
        <amt>
          <qty>2</qty>
          <unit>tablespoons</unit></amt>
        <item>Fresh parsley, finely chopped</item></ing>
      <ing>
        <amt>
          <qty/>
          <unit/></amt>
        <item>Salt and pepper to taste</item></ing></ingredients>
    <directions>
      <step>  In a deep saucepan, bring the water to a boil.  Add the bacon; cover and
  boil for 15 minutes.  Discard the bacon.  Add the asparagus; cover and
  simmer over medium-low heat until tender.
  
  In a mixing bowl, blend the eggs and cream.  Stir this mix into the
  asparagus, adding the spices and butter.  Simmer for 2 minutes over low
  heat, stirring continuously.  Remove from the heat and serve.
  
                                  Historic Michie Tavern
                                  "A Famous Tavern of the 1700's"
                                  Cooking Treasures of the Past
  
  MM Format by John Hartman Indianapolis, IN 15 May 1997 Cro-Magnon@juno.com
  hartman@indy.net
  
  Posted to MM-Recipes Digest V4 #168 by cro-magnon@juno.com on Jul 1, 1997
 
</step></directions></recipe></recipeml>
