<?xml version="1.0" encoding="UTF-8"?>

<recipeml version="0.5">
  <recipe>
    <head>
      <title>Asparagus Puff Ring</title>
      <categories>
        <cat>Asparagus</cat>
        <cat>Ham</cat>
        <cat>Main dishes</cat>
        <cat>Bobbie - no</cat>
        <cat>Pastry</cat></categories>
      <yield>6</yield></head>
    <ingredients>
      <ing-div>
        <title/>
        <ing>
          <amt>
            <qty>3/4</qty>
            <unit>cups</unit></amt>
          <item>Water</item></ing>
        <ing>
          <amt>
            <qty>6</qty>
            <unit>tablespoons</unit></amt>
          <item>Butter</item></ing>
        <ing>
          <amt>
            <qty>3/4</qty>
            <unit>cups</unit></amt>
          <item>All-purpose flour</item></ing>
        <ing>
          <amt>
            <qty>1/2</qty>
            <unit>teaspoons</unit></amt>
          <item>Salt</item></ing>
        <ing>
          <amt>
            <qty>3</qty>
            <unit/></amt>
          <item>Eggs</item></ing>
        <ing>
          <amt>
            <qty>1/4</qty>
            <unit>cups</unit></amt>
          <item>Grated parmesan cheese; divided</item></ing></ing-div>
      <ing-div>
        <title>FILLING</title>
        <ing>
          <amt>
            <qty>1</qty>
            <unit>pound</unit></amt>
          <item>Fresh asparagus; cut in 1" pieces</item></ing>
        <ing>
          <amt>
            <qty>1/4</qty>
            <unit>cups</unit></amt>
          <item>Diced onion</item></ing>
        <ing>
          <amt>
            <qty>2</qty>
            <unit>tablespoons</unit></amt>
          <item>Butter</item></ing>
        <ing>
          <amt>
            <qty>2</qty>
            <unit>tablespoons</unit></amt>
          <item>All-purpose flour</item></ing>
        <ing>
          <amt>
            <qty>1/2</qty>
            <unit>teaspoons</unit></amt>
          <item>Salt</item></ing>
        <ing>
          <amt>
            <qty>1/4</qty>
            <unit>teaspoons</unit></amt>
          <item>Pepper</item></ing>
        <ing>
          <amt>
            <qty>1 1/2</qty>
            <unit>cups</unit></amt>
          <item>Milk</item></ing>
        <ing>
          <amt>
            <qty>1/2</qty>
            <unit>cups</unit></amt>
          <item>Shredded Swiss cheese</item></ing>
        <ing>
          <amt>
            <qty>2</qty>
            <unit>tablespoons</unit></amt>
          <item>Grated Parmesan cheese</item></ing>
        <ing>
          <amt>
            <qty>2</qty>
            <unit>cups</unit></amt>
          <item>Ham; fully cooked/diced</item></ing></ing-div></ingredients>
    <directions>
      <step>  In a saucepan over Medium heat, bring water and butter to boi. Add flour
  and salt all at once; stir until a smooth ball forms. Let stand for 5
  minutes. Add eggs, one at a time, beating well after each ; beat until
  smooth. Stir in 3 tablespoons Parmesan cheese. Using 1/4 cupfuls of dough
  form a ring around the sides of a greased 10 inch quiche pan or pie plate.
  Mounds should not touch. Top with the remaining cheese. Bake at 400 F. for
       35    minutes. Meanwhile, cook asparagus until crisip-tender, 3-4
  minutes; drain. In a saucepan, saute onion in butter until tender. Stir in
  flour, salt and pepper. Gradually add milk; bring to a boil over medium
  heat, stirring constantly. Reduce heat; stir in cheese until melted, stir
  in ham and asparagus; spoon into ring. Serve immediately. Yield: 6
  servings. MC formatting by bobbi744@sojourn.com
  
  NOTES : Recipe submitted to magazine by Shirley De Lange, Byron Center,
  Michigan, (This recipe won the Grand Prize in magazine Asparagus contest).
  "Ham and asparagus in a creamy sauce are piled high in a cheesy cream puff
  shell. It is delicious and deceivingly simple to prepare!"
  
  Recipe by: Taste of Home Magazine, April/May, '97, p. 26
  
  Posted to MC-Recipe Digest V1 #822 by Roberta Banghart
  &lt;bobbi744@sojourn.com&gt; on Oct 01, 1997
 
</step></directions></recipe></recipeml>
