<?xml version="1.0" encoding="UTF-8"?>

<recipeml version="0.5">
  <recipe>
    <head>
      <title>Asparagus Soup #2</title>
      <categories>
        <cat>Soup</cat></categories>
      <yield>4</yield></head>
    <ingredients>
      <ing>
        <amt>
          <qty>1</qty>
          <unit>pound</unit></amt>
        <item>Asparagus</item></ing>
      <ing>
        <amt>
          <qty>6</qty>
          <unit>cups</unit></amt>
        <item>Stock or canned broth</item></ing>
      <ing>
        <amt>
          <qty>1/2</qty>
          <unit>cups</unit></amt>
        <item>Minced shallot</item></ing>
      <ing>
        <amt>
          <qty>1</qty>
          <unit/></amt>
        <item>Potato; grated</item></ing>
      <ing>
        <amt>
          <qty/>
          <unit/></amt>
        <item>Salt and freshly grated pepper to taste</item></ing>
      <ing>
        <amt>
          <qty/>
          <unit/></amt>
        <item>Plain low-fat yogurt or low-fat sour cream for garnish</item></ing>
      <ing>
        <amt>
          <qty/>
          <unit/></amt>
        <item>Grated lemon peel for garnish</item></ing>
      <ing>
        <amt>
          <qty/>
          <unit/></amt>
        <item>Snipped fresh dill for garnish</item></ing></ingredients>
    <directions>
      <step>  Date: Fri, 12 Apr 1996 08:55:52 -0700 (PDT)
  
  From: "Tina D. Bell" &lt;tdbell@altair.csustan.edu&gt;
  
  From COOKING LIVE SHOW #CLD036
  
  In a saucepan bring stock or broth to a simmer, add trimmings and let stand
       15    minutes.
  
  Rinse spears, pat dry and cut into 1 1/2 pieces, reserving tips.  Strain
  stock or broth into a large saucepan and add the asparagus stalks, shallot,
  potato and salt and pepper to taste. Bring the liquid to a boil over high
  heat and simmer the mixture, stirring occasionally, for 25 minutes, or
  until asparagus is tender.
  
  Meanwhile, in a saucepan of boiling salted water blanch the asparagus tips
  until just tender, drain and refresh.
  
  In a food processor or blender puree the soup in batches until smooth,
  correct seasoning and return to saucepan. Heat until hot.
  
  To serve: ladle soup into bowls and garnish with reserved asparagus tips,
  yogurt, lemon peel and dill. Yield: 4 servings.
  
  FATFREE DIGEST V96 #102
  
  From the Fatfree Vegetarian recipe list.  Downloaded from Glen's MM Recipe
  Archive, http://www.erols.com/hosey.
 
</step></directions></recipe></recipeml>
