<?xml version="1.0" encoding="UTF-8"?>

<recipeml version="0.5">
  <recipe>
    <head>
      <title>Asparagus with Cheese- Bacon Sauce</title>
      <categories>
        <cat>Vegetables</cat>
        <cat>Side dish</cat></categories>
      <yield>6</yield></head>
    <ingredients>
      <ing>
        <amt>
          <qty/>
          <unit/></amt>
        <item>Joan Holden wgmb33a</item></ing>
      <ing>
        <amt>
          <qty>2</qty>
          <unit>tablespoons</unit></amt>
        <item>Flour</item></ing>
      <ing>
        <amt>
          <qty>2</qty>
          <unit>tablespoons</unit></amt>
        <item>Butter -- or margerine</item></ing>
      <ing>
        <amt>
          <qty>1</qty>
          <unit>cup</unit></amt>
        <item>Milk</item></ing>
      <ing>
        <amt>
          <qty>3/4</qty>
          <unit>cups</unit></amt>
        <item>Grated sharp cheddar</item></ing>
      <ing>
        <amt>
          <qty>1/4</qty>
          <unit>tablespoons</unit></amt>
        <item>Salt</item></ing>
      <ing>
        <amt>
          <qty>1/8</qty>
          <unit>tablespoons</unit></amt>
        <item>Pepper -- Ground nutmeg (</item></ing>
      <ing>
        <amt>
          <qty/>
          <unit/></amt>
        <item>Less</item></ing>
      <ing>
        <amt>
          <qty>2</qty>
          <unit>slices</unit></amt>
        <item>Bacon -- cooked</item></ing>
      <ing>
        <amt>
          <qty>14</qty>
          <unit/></amt>
        <item>Asparagus spears</item></ing></ingredients>
    <directions>
      <step>  In heavy saucepan stir flour into melted butter until smooth;cook over low
  heat 3 minutes ( do not brown ).Add milk; continue cooking over low heat,
  stirring constantly, until nearly thickened. Add cheese;stir until cheese
  is melted and sauce is bubbling. Add salt, pepper, nutmeg and crumbled
  bacon. Serve over hot drained asparagus. 6 serv. From the kitchen of Joan
  Holden
  
  Recipe By     :
  
  File ftp://ftp.idiscover.co.uk/pub/food/mealmaster/recipes/mmdja006.zip
 
</step></directions></recipe></recipeml>
