<?xml version="1.0" encoding="UTF-8"?>

<recipeml version="0.5">
  <recipe>
    <head>
      <title>Asparagus Strudel</title>
      <categories>
        <cat>Vegetarian</cat></categories>
      <yield>6</yield></head>
    <ingredients>
      <ing-div>
        <title/>
        <ing>
          <amt>
            <qty>2</qty>
            <unit>large</unit></amt>
          <item>Onions; finely chopped</item></ing>
        <ing>
          <amt>
            <qty>1/4</qty>
            <unit>pounds</unit></amt>
          <item>Butter or vegan margarine plus:</item></ing>
        <ing>
          <amt>
            <qty>2</qty>
            <unit>tablespoons</unit></amt>
          <item>Butter or vegan margarine</item></ing>
        <ing>
          <amt>
            <qty>1 1/3</qty>
            <unit>cups</unit></amt>
          <item>Fine fresh breadcrumbs</item></ing>
        <ing>
          <amt>
            <qty>8</qty>
            <unit/></amt>
          <item>Phyllo pastry sheets</item></ing>
        <ing>
          <amt>
            <qty>1 1/2</qty>
            <unit>pounds</unit></amt>
          <item>Trimmed asparagus; washed, chopped and cooked until tender</item></ing>
        <ing>
          <amt>
            <qty>1/4</qty>
            <unit>cups</unit></amt>
          <item>Finely chopped parsley</item></ing></ing-div>
      <ing-div>
        <title>TO GARNISH</title>
        <ing>
          <amt>
            <qty/>
            <unit/></amt>
          <item>Parsley sprigs</item></ing>
        <ing>
          <amt>
            <qty/>
            <unit/></amt>
          <item>Lemon slices</item></ing>
        <ing>
          <amt>
            <qty/>
            <unit/></amt>
          <item>Asparagus tips</item></ing></ing-div>
      <ing-div>
        <title>VEGAN YOGURT &amp; HERB DRESSING</title>
        <ing>
          <amt>
            <qty>1/2</qty>
            <unit>cups</unit></amt>
          <item>Vegan yogurt</item></ing>
        <ing>
          <amt>
            <qty/>
            <unit/></amt>
          <item>Salt</item></ing>
        <ing>
          <amt>
            <qty/>
            <unit/></amt>
          <item>Freshly ground black pepper</item></ing>
        <ing>
          <amt>
            <qty>2</qty>
            <unit>tablespoons</unit></amt>
          <item>Chopped mint</item></ing></ing-div></ingredients>
    <directions>
      <step>  Preheat the oven to 400 F.  Saute the onions in 2 tablespoons of the butter
  or vegan margarine for 10 minutes, until soft but not browned.
  
  In another pan, heat 4 tablespoons of the butter or vegan margarine and
  saute the crumbs until crisp. Melt the remaining butter or vegan margarine
  in a small saucepan.
  
  Spread one phyllo pastry sheet out on a large board and brush with butter
  or margarine.  Put another pastry sheet on top and brush with more butter
  or margarine. Repeat until all sheets have been used.
  
  Spread the onions evenly on top of the pastry, keeping the edges clear. Put
  the asparagus over the top of the onions and sprinkle with three-quarters
  of the crumbs and the parsley.
  
  Fold over 2 inches all around the pastry, then fold the long edges over to
  make a roll.
  
  Place the roll, seam side down, on a baking sheet and bend it around into a
  horseshoe shape.  Brush with remaining melted butter or margarine and
  sprinkle with the remaining crumbs. Bake for 40 minutes, until golden and
  crisp.  Garnish with parsley sprigs, lemon slices and asparagus tips.
  
  Combine Yogurt and Herb Dressing ingredients, and serve with Strudel.
  
  Source: The Complete Vegetarian Cuisine - by Rose Elliot ISBN:
  0-394-57123-1 Typed for you by Karen Mintzias
  
  From Gemini's MASSIVE MealMaster collection at www.synapse.com/~gemini
 
</step></directions></recipe></recipeml>
