<?xml version="1.0" encoding="UTF-8"?>

<recipeml version="0.5">
  <recipe>
    <head>
      <title>Asparagus Salad #3</title>
      <categories>
        <cat>Salad</cat></categories>
      <yield>12</yield></head>
    <ingredients>
      <ing>
        <amt>
          <qty>1/4</qty>
          <unit>pounds</unit></amt>
        <item>Spinach</item></ing>
      <ing>
        <amt>
          <qty>1/2</qty>
          <unit>cups</unit></amt>
        <item>Celery; sliced</item></ing>
      <ing>
        <amt>
          <qty>1</qty>
          <unit/></amt>
        <item>Head romaine lettuce</item></ing>
      <ing>
        <amt>
          <qty>1/2</qty>
          <unit>cups</unit></amt>
        <item>Cucumber; peeled sliced</item></ing>
      <ing>
        <amt>
          <qty>10</qty>
          <unit/></amt>
        <item>Spares of asparagus</item></ing>
      <ing>
        <amt>
          <qty>1/2</qty>
          <unit>cups</unit></amt>
        <item>Lemon French Dressing</item></ing>
      <ing>
        <amt>
          <qty>1/2</qty>
          <unit/></amt>
        <item>Head red cabbage</item></ing>
      <ing>
        <amt>
          <qty>From:</qty>
          <unit/></amt>
        <item>LD Goss &lt;ldgoss@METRONET.COM&gt;</item></ing>
      <ing>
        <amt>
          <qty>Date:</qty>
          <unit/></amt>
        <item>Mon, 15 Jul 1996 14:33:57 -0500</item></ing></ingredients>
    <directions>
      <step>  Rinse greens.  Break into bite-size pieces. Place in plastic bag or lightly
  covered container.  Store in refrigerator 4-6 hours or overnight to crisp.
  Wash asparagus spears and cut into all 2" pieces. Shred cabbage just as for
  coleslaw; remove all hard pieces.
  
  Just before serving, carefully pat greens dry on towel.  Place all
  ingredients in wooden bowl. Toss lightly to cost all ingredients with Lemon
  French Dressing.
  
  Food Exchanges per serving. 1/2 VEGETABLE EXCHANGE; CAL: 42
  
  Source: The Complete Diabetic Cookbook by Mary Jane Finsand Brought to you
  and yours via Nancy O'Brion and her Meal-Master.
  
  EAT-L Digest 14 July 96
  
  From the EAT-L recipe list.  Downloaded from Glen's MM Recipe Archive,
  http://www.erols.com/hosey.
 
</step></directions></recipe></recipeml>
