<?xml version="1.0" encoding="UTF-8"?>

<recipeml version="0.5">
  <recipe>
    <head>
      <title>Asparagus Salad with Pecans</title>
      <categories>
        <cat>Salad</cat></categories>
      <yield>6</yield></head>
    <ingredients>
      <ing>
        <amt>
          <qty/>
          <unit/></amt>
        <item>Water</item></ing>
      <ing>
        <amt>
          <qty>24</qty>
          <unit/></amt>
        <item>Asparagus spears; fresh, medium-sized</item></ing>
      <ing>
        <amt>
          <qty>6</qty>
          <unit/></amt>
        <item>Red leaf lettuce leaves</item></ing>
      <ing>
        <amt>
          <qty>6</qty>
          <unit>tablespoons</unit></amt>
        <item>Buttermilk mayonnaise; (see index) -or-</item></ing>
      <ing>
        <amt>
          <qty>6</qty>
          <unit>tablespoons</unit></amt>
        <item>Prepared light mayonnaise</item></ing>
      <ing>
        <amt>
          <qty>2</qty>
          <unit>tablespoons</unit></amt>
        <item>Pecans; chopped</item></ing>
      <ing>
        <amt>
          <qty>Date:</qty>
          <unit>27</unit></amt>
        <item>Apr 96 22:21:47 EDT</item></ing></ingredients>
    <directions>
      <step>  From: "Lisabeth Crawford (Pooh)" &lt;104105.1416@CompuServe.COM&gt;
  Bring large pot of water to boil. Wash asparagus and snap off tough bottoms
  os stems.  When water is boiling, add asparagus and let water return to a
  boil. Cook about 3 minutes, until asparagus is crisp but tender. Remove
  asparagus, run it under cold water, and refrigerate to chill. At serving
  time, line six salad plates with lettuce and arrange four spears on each.
  Top salads ith 1 tb of Buttermilk Mayonnaise or commercial light mayonnaise
  and sprinkle with 1 ts chopped pecans. Food Exchange per serving: 1
  VEGETABLE EXCHANGE; CHO: 9g; PRO: 3g; FAT: 2g; CAL: 41 LOW-SODIUM DIET:
  This recipe is excellent.
  
  Source: The Art of Cooking for the Diabetic by Mary Abbott Hess.,R.D.,M.S.
  and Katharine Middleton Brought to you and yours via Nancy O'Brion
  
  MM-RECIPES@IDISCOVER.NET
  
  MEAL-MASTER RECIPES LISTSERVER
  
  MM-RECIPES DIGEST V3 #119
  
  From the MealMaster recipe list.  Downloaded from Glen's MM Recipe Archive,
  http://www.erols.com/hosey.
 
</step></directions></recipe></recipeml>
