<?xml version="1.0" encoding="UTF-8"?>

<recipeml version="0.5">
  <recipe>
    <head>
      <title>Asparagus with Nutmeg Browned Butter</title>
      <categories>
        <cat>Vegetable</cat></categories>
      <yield>6</yield></head>
    <ingredients>
      <ing>
        <amt>
          <qty>2</qty>
          <unit>pounds</unit></amt>
        <item>Fresh asparagus spears or</item></ing>
      <ing>
        <amt>
          <qty>2</qty>
          <unit>packages</unit></amt>
        <item>(10-oz) frozen asparagus spears</item></ing>
      <ing>
        <amt>
          <qty/>
          <unit/></amt>
        <item>Boiling; salted water</item></ing>
      <ing>
        <amt>
          <qty/>
          <unit/></amt>
        <item>Salt</item></ing>
      <ing>
        <amt>
          <qty>6</qty>
          <unit>tablespoons</unit></amt>
        <item>Butter</item></ing>
      <ing>
        <amt>
          <qty>1/4</qty>
          <unit>teaspoons</unit></amt>
        <item>Grated or ground nutmeg</item></ing></ingredients>
    <directions>
      <step>   Wash and trim fresh asparagus spears. Cook fresh or frozen spears in a
  small amount of boiling, salted water until just tender. Drain thoroughly.
  Season lightly with salt; turn into serving dish. ln a small pan, heat
  butter until it bubbles and browns slightly; stir in nutmeg. Pour butter
  mixture over asparagus. Serve immediately. Makes six (6) servings.
  
  From &lt;A Taste of Louisiana&gt;.  Downloaded from Glen's MM Recipe Archive,
  http://www.erols.com/hosey.
 
</step></directions></recipe></recipeml>
