<?xml version="1.0" encoding="UTF-8"?>

<recipeml version="0.5">
  <recipe>
    <head>
      <title>Asparagus Salad with Orange Vinaigrette</title>
      <categories>
        <cat>New</cat>
        <cat>Text</cat>
        <cat>Import</cat></categories>
      <yield>1</yield></head>
    <ingredients>
      <ing>
        <amt>
          <qty>1/4</qty>
          <unit>cups</unit></amt>
        <item>Red wine vinegar</item></ing>
      <ing>
        <amt>
          <qty>1/4</qty>
          <unit>cups</unit></amt>
        <item>Orange juice</item></ing>
      <ing>
        <amt>
          <qty>2</qty>
          <unit>tablespoons</unit></amt>
        <item>Grated orange peel,; no white attached</item></ing>
      <ing>
        <amt>
          <qty>2</qty>
          <unit/></amt>
        <item>Garlic cloves,; chopped</item></ing>
      <ing>
        <amt>
          <qty>1</qty>
          <unit>tablespoon</unit></amt>
        <item>Finely chopped fresh ginger</item></ing>
      <ing>
        <amt>
          <qty>1</qty>
          <unit>tablespoon</unit></amt>
        <item>Dijon mustard</item></ing>
      <ing>
        <amt>
          <qty>1</qty>
          <unit>tablespoon</unit></amt>
        <item>Finely chopped tarragon</item></ing>
      <ing>
        <amt>
          <qty>1</qty>
          <unit>teaspoon</unit></amt>
        <item>Finely chopped lemon balm, lemon thyme,; or lemon verb</item></ing>
      <ing>
        <amt>
          <qty>1</qty>
          <unit>cup</unit></amt>
        <item>Olive oil</item></ing>
      <ing>
        <amt>
          <qty/>
          <unit/></amt>
        <item>Salt, freshly ground black pepper &amp; sugar</item></ing>
      <ing>
        <amt>
          <qty>3</qty>
          <unit>pounds</unit></amt>
        <item>Asparagus</item></ing></ingredients>
    <directions>
      <step>  In a medium bowl, whisk together the red wine vinegar, orange juice, orange
  peel, garlic, ginger, mustard, tarragon, and lemon balm. Slowly whisk in
  the olive oil until thick. Add salt, pepper, and sugar to taste. Peel the
  asparagus if larger than a pencil. Cut off any woody ends. Place in a large
  frying pan of boiling water, being sure that the water covers. (Cook in
  batches if necessary and bring the water back to the boil with each batch.)
  Boil 3 to 5 minutes until tender. Drain. May be done ahead to this point.
  Pour salad dressing over asparagus and serve hot or cold.
  
  Yield: 10 to 12 servings
  Recipe By     :NATHALIE DUPREE COOKS SHOW#ND7095
  
  Posted to MC-Recipe Digest V1 #285
  
  Date: Thu, 7 Nov 1996 23:38:33 -0500
  
  From: Meg Antczak &lt;meginny@frontiernet.net&gt;
 
</step></directions></recipe></recipeml>
