<?xml version="1.0" encoding="UTF-8"?>

<recipeml version="0.5">
  <recipe>
    <head>
      <title>Asparagus Venetian</title>
      <categories>
        <cat>Vegetable</cat></categories>
      <yield>6</yield></head>
    <ingredients>
      <ing>
        <amt>
          <qty>2</qty>
          <unit>pounds</unit></amt>
        <item>Fresh asparagus -or-</item></ing>
      <ing>
        <amt>
          <qty>20</qty>
          <unit>ounces</unit></amt>
        <item>Frozen asparagus; cooked &amp; drained</item></ing>
      <ing>
        <amt>
          <qty>1/3</qty>
          <unit>cups</unit></amt>
        <item>Lipton Onion Butter (see instructions)</item></ing>
      <ing>
        <amt>
          <qty>1</qty>
          <unit>cup</unit></amt>
        <item>Diced Mozzarella cheese</item></ing>
      <ing>
        <amt>
          <qty>2</qty>
          <unit>tablespoons</unit></amt>
        <item>Grated Parmesan cheese</item></ing></ingredients>
    <directions>
      <step>  Arrange cooked, drained asparagus in 8-inch baking dish; drizzle with onion
  butter; sprinkle with cheeses. Bake 10 minutes at 450. Serves 6. Lipton
  Onion Butter:  Thoroughly blend 1 envelope Lipton Onion Soup Mix with
      1/2 lb butter.
  
  MRS ROY L. (JOAN) LOUDERMILK
  
  From the &lt;The Bliss of Cooking Returns&gt;, Fort Bliss Officers Wives Club,
  Ft. Bliss, TX.  Downloaded from Glen's MM Recipe Archive,
  http://www.erols.com/hosey.
 
</step></directions></recipe></recipeml>
