<?xml version="1.0" encoding="UTF-8"?>

<recipeml version="0.5">
  <recipe>
    <head>
      <title>Asparagus Recipe</title>
      <categories>
        <cat>None</cat></categories>
      <yield>1</yield></head>
    <ingredients>
      <ing>
        <amt>
          <qty>3</qty>
          <unit>tablespoons</unit></amt>
        <item>Butter</item></ing>
      <ing>
        <amt>
          <qty>3</qty>
          <unit>tablespoons</unit></amt>
        <item>All-purpose flour</item></ing>
      <ing>
        <amt>
          <qty>1 1/4</qty>
          <unit>cups</unit></amt>
        <item>Milk</item></ing>
      <ing>
        <amt>
          <qty>2</qty>
          <unit>tablespoons</unit></amt>
        <item>Grated Parmesan cheese; (up to 3)</item></ing>
      <ing>
        <amt>
          <qty/>
          <unit/></amt>
        <item>Salt; (preferably sea salt)</item></ing>
      <ing>
        <amt>
          <qty/>
          <unit/></amt>
        <item>Ground black pepper</item></ing>
      <ing>
        <amt>
          <qty>3</qty>
          <unit/></amt>
        <item>Eggs</item></ing>
      <ing>
        <amt>
          <qty>2</qty>
          <unit>cans</unit></amt>
        <item>(10 1/2 oz) cut green asperagus spears</item></ing>
      <ing>
        <amt>
          <qty>1</qty>
          <unit>tablespoon</unit></amt>
        <item>Chopped fresh parsley</item></ing></ingredients>
    <directions>
      <step>  Preheat oven to 350 degrees. In a heavy-bottomed saucepan melt the butter
  and stir in the flour; when it's blended add the milk in 3 batches, keeping
  the heat fairly high and stirring constantly each time, until the mixture
  thickens, before adding any more. Remove the saucepan from heat and add the
  Parmesan cheese, and salt and pepper to taste.
  
  Beat the eggs and drain the asparagus. Mix the eggs into the sauce and then
  gently stir in the asparagus and the parsley. Check the seasoning, then
  pour the mixture into a lightly buttered shallow ovenproof dish. Put the
  dish into another dish or pan containing an inch of very hot water and
  place it on the center rack of the oven. Bake for about 1 hour, or until
  the mixture is set.
  
  Posted to recipelu-digest Volume 01 Number 370 by LMAYONE &lt;LMAYONE@aol.com&gt;
  on Dec 15, 1997
 
</step></directions></recipe></recipeml>
