<?xml version="1.0" encoding="UTF-8"?>

<recipeml version="0.5">
  <recipe>
    <head>
      <title>Asparagus/tomato/pasta Salad</title>
      <categories>
        <cat>Vegetables</cat></categories>
      <yield>1</yield></head>
    <ingredients>
      <ing>
        <amt>
          <qty>2</qty>
          <unit>bunches</unit></amt>
        <item>Asparagus -- cut into 1"</item></ing>
      <ing>
        <amt>
          <qty/>
          <unit/></amt>
        <item>Sections</item></ing>
      <ing>
        <amt>
          <qty>1</qty>
          <unit>pint</unit></amt>
        <item>Cherry tomatoes --</item></ing>
      <ing>
        <amt>
          <qty/>
          <unit/></amt>
        <item>Quartered</item></ing>
      <ing>
        <amt>
          <qty>16</qty>
          <unit>ounces</unit></amt>
        <item>Pasta -- wagon wheel</item></ing>
      <ing>
        <amt>
          <qty>1/2</qty>
          <unit>cups</unit></amt>
        <item>Red wine vinegar</item></ing>
      <ing>
        <amt>
          <qty>1/2</qty>
          <unit>medium</unit></amt>
        <item>Onion -- chopped</item></ing>
      <ing>
        <amt>
          <qty>2</qty>
          <unit/></amt>
        <item>Cloves garlic -- crushed</item></ing>
      <ing>
        <amt>
          <qty>4</qty>
          <unit>tablespoons</unit></amt>
        <item>Olive oil</item></ing>
      <ing>
        <amt>
          <qty>3</qty>
          <unit>tablespoons</unit></amt>
        <item>Dijon mustard</item></ing>
      <ing>
        <amt>
          <qty>1</qty>
          <unit>teaspoon</unit></amt>
        <item>Dried basil</item></ing>
      <ing>
        <amt>
          <qty>1</qty>
          <unit>teaspoon</unit></amt>
        <item>Dried parsley</item></ing>
      <ing>
        <amt>
          <qty/>
          <unit/></amt>
        <item>Black pepper</item></ing>
      <ing>
        <amt>
          <qty/>
          <unit/></amt>
        <item>Salt (optional)</item></ing>
      <ing>
        <amt>
          <qty/>
          <unit/></amt>
        <item>Parmesan cheese (optional)</item></ing></ingredients>
    <directions>
      <step>  Cook pasta according to instructions. Add asparagus for the last 2 1/2
  minutes of boiling (not longer than this or it will be too soft). Drain and
  rinse with cold water. Add tomatoes and onions. Chill. Combine the
  remaining ingredients, and pour over salad when ready to serve. Add salt
  and freshly ground black pepper to taste. [Sprinkle parmesan cheese on
  top.]
  
  Yumm! this served 10 at dinner with leftovers, (but it was not the main
  dish). I can also imagine it with small cubes of mozzarella cheese instead
  of (or in addtion to) parmesan, or with dill instead of basil.
  
  Lucie Melahn lmm5@cornell.edu
  
  Recipe By     : Loopy Lemon &lt;lmm5@cornell.edu&gt;
  
  File ftp://ftp.idiscover.co.uk/pub/food/mealmaster/recipes/mmdja006.zip
 
</step></directions></recipe></recipeml>
