<?xml version="1.0" encoding="UTF-8"?>

<recipeml version="0.5">
  <recipe>
    <head>
      <title>Asparagus Seared Swordfish</title>
      <categories>
        <cat>None</cat></categories>
      <yield>1</yield></head>
    <ingredients>
      <ing>
        <amt>
          <qty>3</qty>
          <unit/></amt>
        <item>2-oz Medallions of fresh Swordfish</item></ing>
      <ing>
        <amt>
          <qty>8</qty>
          <unit/></amt>
        <item>Spears of asparagus</item></ing>
      <ing>
        <amt>
          <qty>1/2</qty>
          <unit>cups</unit></amt>
        <item>Parmesan cheese</item></ing>
      <ing>
        <amt>
          <qty>1/2</qty>
          <unit>cups</unit></amt>
        <item>Goat cheese</item></ing>
      <ing>
        <amt>
          <qty>1/2</qty>
          <unit>cups</unit></amt>
        <item>Queso blanco cheese</item></ing>
      <ing>
        <amt>
          <qty>1/2</qty>
          <unit>cups</unit></amt>
        <item>Romano cheese</item></ing>
      <ing>
        <amt>
          <qty>1/2</qty>
          <unit>cups</unit></amt>
        <item>Cheddar cheese</item></ing>
      <ing>
        <amt>
          <qty>1</qty>
          <unit/></amt>
        <item>Carrot</item></ing>
      <ing>
        <amt>
          <qty>1</qty>
          <unit/></amt>
        <item>Red onion</item></ing>
      <ing>
        <amt>
          <qty>1</qty>
          <unit/></amt>
        <item>Squash</item></ing>
      <ing>
        <amt>
          <qty>1</qty>
          <unit/></amt>
        <item>Zucchini</item></ing>
      <ing>
        <amt>
          <qty>1</qty>
          <unit>cup</unit></amt>
        <item>Heavy cream</item></ing>
      <ing>
        <amt>
          <qty>1</qty>
          <unit>cup</unit></amt>
        <item>Soy sauce</item></ing>
      <ing>
        <amt>
          <qty>1</qty>
          <unit>cup</unit></amt>
        <item>Olive oil</item></ing></ingredients>
    <directions>
      <step>  For Gourmet Friday: This recipe is from Gerry Melendy (Canyon Cafe)
  
  Directions: Take 3 spears of asparagus rough cut and place in blender.
  Pulse 4-5 times and add the 5 cheeses and blend until the cheeses are
  incorporated into one. Slowly add the heavy cream. Place into sauté pan and
  bring to a slight boil. To prepare the swordfish, brush with marinade(1 c
  soy sauce, 1 c olive oil) and grill to desired doneness. For the remaining
  asparagus, grill with the same marinade. Take the vegetables and julienne.
  Arrange around plate
  
  Posted to TNT Recipes Digest by aenwes@juno.com (Angela Norton) on Mar 26,
  1998
 
</step></directions></recipe></recipeml>
