<?xml version="1.0" encoding="UTF-8"?>

<recipeml version="0.5">
  <recipe>
    <head>
      <title>Asparagus Tuscan Spring Salad</title>
      <categories>
        <cat>Salads</cat></categories>
      <yield>6</yield></head>
    <ingredients>
      <ing>
        <amt>
          <qty>12</qty>
          <unit>small</unit></amt>
        <item>Red potatoes</item></ing>
      <ing>
        <amt>
          <qty>1</qty>
          <unit>pound</unit></amt>
        <item>Fresh asparagus; sliced diagonally</item></ing>
      <ing>
        <amt>
          <qty>6</qty>
          <unit/></amt>
        <item>Whole carrots; sliced diagonally</item></ing>
      <ing>
        <amt>
          <qty/>
          <unit/></amt>
        <item>DRESSING as follows</item></ing>
      <ing>
        <amt>
          <qty>3/4</qty>
          <unit>cups</unit></amt>
        <item>Extra virgin olive oil</item></ing>
      <ing>
        <amt>
          <qty>6</qty>
          <unit>tablespoons</unit></amt>
        <item>Red wine vinegar</item></ing>
      <ing>
        <amt>
          <qty>1</qty>
          <unit>tablespoon</unit></amt>
        <item>Sugar</item></ing>
      <ing>
        <amt>
          <qty>1/4</qty>
          <unit>cups</unit></amt>
        <item>Fresh parsley; minced</item></ing>
      <ing>
        <amt>
          <qty>3</qty>
          <unit/></amt>
        <item>Fresh basil leaves; minced</item></ing>
      <ing>
        <amt>
          <qty>2</qty>
          <unit/></amt>
        <item>Cloves garlic; minced</item></ing>
      <ing>
        <amt>
          <qty/>
          <unit/></amt>
        <item>Salt and pepper; to taste</item></ing>
      <ing>
        <amt>
          <qty>1</qty>
          <unit/></amt>
        <item>Shallot; finely diced</item></ing>
      <ing>
        <amt>
          <qty/>
          <unit/></amt>
        <item>Romaine lettuce; optional</item></ing></ingredients>
    <directions>
      <step>     Look for "small new potatoes" with purple-red skins, and fewer deep
  eyes.
     Boil rinsed potatoes in plenty of lightly salted water, about 15
  minutes, or until just tender.  Drain and set aside.
     Cut the asparagus and carrots to size before cooking.  Steam each
  vegetable separately (a dente).
   -Asparagus (1-1/2 to 2-inch lengths) 1-2 minutes.
   -Carrots (1/4-1/3-inch thick) 5 minutes.
     Put the vegetables in a bowl and chill:  to stop cooking and to cool the
  potatoes enough so that they can be handled without crumbling.  Slice the
  red potatoes 1/4 to 1/2 inch thick. Prepare the dressing in a blender, food
  processor, or hand-held grinder.  Season with salt and freshly ground
  pepper.  Drizzle on the salad and toss gently to coat. Fold in the tender
  shallot (or scallions; spring-green onions, sweet onion). Cover and chill
  (about 2 hours). Lettuce (optional).
  
  Cooksnote  - substitute fresh rosemary for the basil.  Use fresh herbs
  Published by Wisconsin Trails Magazine (1988).
  NOTES : Here's an eye-appealing potato salad from Wisconsin.  Asparagus is
       grown there.
 
</step></directions></recipe></recipeml>
