<?xml version="1.0" encoding="UTF-8"?>

<recipeml version="0.5">
  <recipe>
    <head>
      <title>Asparagus Shrimp Salad</title>
      <categories>
        <cat>Salads</cat>
        <cat>Seafood</cat></categories>
      <yield>1</yield></head>
    <ingredients>
      <ing-div>
        <title/>
        <ing>
          <amt>
            <qty>1</qty>
            <unit>pound</unit></amt>
          <item>Shrimp shelled and cleaned</item></ing>
        <ing>
          <amt>
            <qty>1 1/2</qty>
            <unit>pounds</unit></amt>
          <item>Cleaned asparagus</item></ing>
        <ing>
          <amt>
            <qty>1</qty>
            <unit/></amt>
          <item>Thin lemon slice</item></ing>
        <ing>
          <amt>
            <qty>1/4</qty>
            <unit>cups</unit></amt>
          <item>Sliced green onion</item></ing>
        <ing>
          <amt>
            <qty>2</qty>
            <unit>tablespoons</unit></amt>
          <item>Minced parsley</item></ing>
        <ing>
          <amt>
            <qty>1</qty>
            <unit>medium</unit></amt>
          <item>Diced tomato</item></ing>
        <ing>
          <amt>
            <qty/>
            <unit/></amt>
          <item>Lettuce leaves</item></ing>
        <ing>
          <amt>
            <qty>1</qty>
            <unit>ounce</unit></amt>
          <item>Grated Monterey jack cheese</item></ing></ing-div>
      <ing-div>
        <title>DRESSING</title>
        <ing>
          <amt>
            <qty>1/2</qty>
            <unit>cups</unit></amt>
          <item>Salad oil</item></ing>
        <ing>
          <amt>
            <qty>4</qty>
            <unit>tablespoons</unit></amt>
          <item>Vinegar</item></ing>
        <ing>
          <amt>
            <qty>1/4</qty>
            <unit>teaspoons</unit></amt>
          <item>Salt</item></ing>
        <ing>
          <amt>
            <qty/>
            <unit/></amt>
          <item>Dash cayenne</item></ing>
        <ing>
          <amt>
            <qty>1/8</qty>
            <unit>teaspoons</unit></amt>
          <item>Pepper</item></ing>
        <ing>
          <amt>
            <qty>1</qty>
            <unit>tablespoon</unit></amt>
          <item>Parsley</item></ing>
        <ing>
          <amt>
            <qty>1</qty>
            <unit>tablespoon</unit></amt>
          <item>Basil</item></ing>
        <ing>
          <amt>
            <qty>1</qty>
            <unit>tablespoon</unit></amt>
          <item>Oregano</item></ing>
        <ing>
          <amt>
            <qty>1</qty>
            <unit>tablespoon</unit></amt>
          <item>Chervil</item></ing></ing-div></ingredients>
    <directions>
      <step>  Cook shrimp; drain and set aside. Cook asparagus until crisp- tender; drain
  well. Place shrimp, asparagus and lemon slice in mixing bowl. Pour herb
  dressing over all, cover and chill well, stirring once or twice. Combine
  onion, parsley and tomato. To serve, drain shrimp asparagus mixture and
  arrange on plate with lettuce and cheese. Serve with tomato mixture.
  DRESSING: Combine oil, vinegar, salt, cayenne, pepper, parsley, basil,
  chervil and oregano.
  
  From Gemini's MASSIVE MealMaster collection at www.synapse.com/~gemini
 
</step></directions></recipe></recipeml>
