<?xml version="1.0" encoding="UTF-8"?>

<recipeml version="0.5">
  <recipe>
    <head>
      <title>Asparagus Vinaigrette with Sieved Egg and Pickled Pink Onion</title>
      <categories>
        <cat>None</cat></categories>
      <yield>6</yield></head>
    <ingredients>
      <ing>
        <amt>
          <qty/>
          <unit/></amt>
        <item>Salt</item></ing>
      <ing>
        <amt>
          <qty/>
          <unit/></amt>
        <item>Ground black pepper</item></ing>
      <ing>
        <amt>
          <qty>1/2</qty>
          <unit>teaspoons</unit></amt>
        <item>Granulated white sugar</item></ing>
      <ing>
        <amt>
          <qty>1/2</qty>
          <unit>cups</unit></amt>
        <item>White wine vinegar; plus 1 tablespoon more for vinaigrette</item></ing>
      <ing>
        <amt>
          <qty>1</qty>
          <unit>small</unit></amt>
        <item>Red onion; sliced thin &amp; separated into rings</item></ing>
      <ing>
        <amt>
          <qty>1/3</qty>
          <unit>cups</unit></amt>
        <item>Fresh Italian parsley; minced</item></ing>
      <ing>
        <amt>
          <qty>2</qty>
          <unit>teaspoons</unit></amt>
        <item>Fresh tarragon. minced</item></ing>
      <ing>
        <amt>
          <qty>1</qty>
          <unit>tablespoon</unit></amt>
        <item>Capers; drained</item></ing>
      <ing>
        <amt>
          <qty>1</qty>
          <unit/></amt>
        <item>Strip orange zest; sliced thin &amp; blanched 10 seconds then minced</item></ing>
      <ing>
        <amt>
          <qty>1</qty>
          <unit>tablespoon</unit></amt>
        <item>Orange juice from a small orange</item></ing>
      <ing>
        <amt>
          <qty>1/2</qty>
          <unit>teaspoons</unit></amt>
        <item>Dijon mustard</item></ing>
      <ing>
        <amt>
          <qty>1/4</qty>
          <unit>cups</unit></amt>
        <item>Olive oil</item></ing>
      <ing>
        <amt>
          <qty>1 1/2</qty>
          <unit>pounds</unit></amt>
        <item>Fresh asparagus; rinsed, ends snapped</item></ing>
      <ing>
        <amt>
          <qty>1</qty>
          <unit/></amt>
        <item>Hard-boiled egg; peeled, white diced fine, yolk left whole for sieving</item></ing></ingredients>
    <directions>
      <step>  1. Mix 1/2 teaspoon salt, 1/4 teaspoon pepper, sugar, and 1/2 cup vinegar
  in nonreactive bowl. Put onion slices in colander in sink-, pour boiling
  
  water over them. Add warm onions to vinegar mixture with enough cold water
  to cover. Let stand until onions are pink, about 15 minutes. Set aside.
  
  2. Put parsley, tarragon, capers, and orange zest in small bowl with pinch
  of salt-, stir in juice and 1 tablespoon vinegar. Whisk in mustard, then
  
  slowly whisk in oil. Adjust seasonings and set aside.
  
  3. Bring 1 inch water to boil in soup kettle. Put asparagus in steamer
  basket, then carefully place basket in kettle. Cover and steam over
  medium-high heat until asparagus spears bend slightly when picked up, 4 to
  5 minutes. Transfer asparagus to clean kitchen towel to dry.
  
  4. Arrange asparagus on platter. Spoon vinaigrette over it. Lift 1/4 cup
  
  or so of onion rings from liquid and scatter over asparagus. Sprinkle diced
  egg white over asparagus, then push yolk through sieve so that it falls
  evenly over salad. Serve.
  
  Cook's Illustrated, May/June 1995, Page 23. Credit: Deborah Madison.
  
  Nationality: USA Course: salad Season: spring Method: steamed
  
  Start to Finish 1 hour Preparation 20 minutes Attention 30 minutes
  Finishing a minute or less
  
  Converted from Mangia!, Cook's Illustrated 1993-1995 Cookbook
  
  NOTES : The pink onions and sieved egg make this salad utterly springlike
  in appearance.  You only need a quarter cup or so of the pickled onions,
  but the leftovers are great in salads or sandwiches.
  Recipe by: Cook's Illustrated,  May/June 1995, Page 23.
  
  Posted to MC-Recipe Digest by "Hobbs, D B                 USO"
  &lt;hobbs@lbcapo1.uso.unisys.com&gt; on Mar 18, 1998
 
</step></directions></recipe></recipeml>
