<?xml version="1.0" encoding="UTF-8"?>

<recipeml version="0.5">
  <recipe>
    <head>
      <title>Asparagus Salad - Molded</title>
      <categories>
        <cat>Asparagus</cat>
        <cat>Bobbie - no</cat></categories>
      <yield>8</yield></head>
    <ingredients>
      <ing>
        <amt>
          <qty>1</qty>
          <unit>can</unit></amt>
        <item>(16 ounce) cut asparagus</item></ing>
      <ing>
        <amt>
          <qty>2</qty>
          <unit/></amt>
        <item>Envelopes unflavored gelatin</item></ing>
      <ing>
        <amt>
          <qty>1</qty>
          <unit>can</unit></amt>
        <item>Waterchestnuts; drained/chopped</item></ing>
      <ing>
        <amt>
          <qty>1/2</qty>
          <unit>cups</unit></amt>
        <item>Chopped celery</item></ing>
      <ing>
        <amt>
          <qty>1</qty>
          <unit/></amt>
        <item>2-ounce jar pimiento; drained/chopped</item></ing>
      <ing>
        <amt>
          <qty>2</qty>
          <unit>teaspoons</unit></amt>
        <item>Grated onion</item></ing>
      <ing>
        <amt>
          <qty>2</qty>
          <unit>tablespoons</unit></amt>
        <item>Lemon juice</item></ing>
      <ing>
        <amt>
          <qty>1</qty>
          <unit>cup</unit></amt>
        <item>Water</item></ing>
      <ing>
        <amt>
          <qty>1/2</qty>
          <unit>cups</unit></amt>
        <item>Vinegar</item></ing>
      <ing>
        <amt>
          <qty>1/2</qty>
          <unit>teaspoons</unit></amt>
        <item>Salt</item></ing>
      <ing>
        <amt>
          <qty>2/3</qty>
          <unit>cups</unit></amt>
        <item>Sugar</item></ing>
      <ing>
        <amt>
          <qty/>
          <unit/></amt>
        <item>Ranch salad dressing</item></ing></ingredients>
    <directions>
      <step>  Drain asparagus, reserving liquid. Soften gelatin in reserved asparagus
  liquid. Combine aspargus, water chestnuts, celery, pimiento, onion and
  lemon juice. in 9x13" glass dish; toss lightly. Bring mixture of water,
  vinegar, salt and sugar to a boil in saucepan. Add softened gelatin; mix
  until dissolved. Cool. Pour over asparagus mixture. Chill until firm. Cut
  into squares. Place on lettuce-lined plates. Serve with ranch dressing.
  Yield: 8 servings. Submitted by Dorothy M. Durrett, Nu, Anniston, Alabama
  MC formatting by bobbi744@sojourn.com
  
  Recipe by: All-New 1987 Holiday Cookbook, Beta Sigma Phi, p. 88
  
  Posted to MC-Recipe Digest by Roberta Banghart &lt;bobbi744@sojourn.com&gt; on
  Apr 03, 1998
 
</step></directions></recipe></recipeml>
