<?xml version="1.0" encoding="UTF-8"?>

<recipeml version="0.5">
  <recipe>
    <head>
      <title>Asparagus Risotto with Mushrooms and Sun-Drie</title>
      <categories>
        <cat>Vegetarian</cat>
        <cat>Main dish</cat></categories>
      <yield>6</yield></head>
    <ingredients>
      <ing>
        <amt>
          <qty>1</qty>
          <unit>tablespoon</unit></amt>
        <item>Olive oil -- extra virgin</item></ing>
      <ing>
        <amt>
          <qty>1</qty>
          <unit>large</unit></amt>
        <item>Onion -- diced</item></ing>
      <ing>
        <amt>
          <qty>1</qty>
          <unit>large</unit></amt>
        <item>Leek -- halved and sliced</item></ing>
      <ing>
        <amt>
          <qty/>
          <unit/></amt>
        <item>Thinly</item></ing>
      <ing>
        <amt>
          <qty>1</qty>
          <unit>tablespoon</unit></amt>
        <item>Garlic -- finely minced</item></ing>
      <ing>
        <amt>
          <qty>2</qty>
          <unit>cups</unit></amt>
        <item>Rice, arborio; uncooked</item></ing>
      <ing>
        <amt>
          <qty/>
          <unit/></amt>
        <item>Unrinsed</item></ing>
      <ing>
        <amt>
          <qty>1/4</qty>
          <unit>teaspoons</unit></amt>
        <item>Black pepper -- freshly</item></ing>
      <ing>
        <amt>
          <qty/>
          <unit/></amt>
        <item>Ground</item></ing>
      <ing>
        <amt>
          <qty>8</qty>
          <unit>cups</unit></amt>
        <item>Vegetable broth</item></ing>
      <ing>
        <amt>
          <qty>12</qty>
          <unit/></amt>
        <item>Tomatoes, sundried --</item></ing>
      <ing>
        <amt>
          <qty/>
          <unit/></amt>
        <item>Thinly</item></ing>
      <ing>
        <amt>
          <qty/>
          <unit/></amt>
        <item>Sliced</item></ing>
      <ing>
        <amt>
          <qty>1</qty>
          <unit>cup</unit></amt>
        <item>Asparagus -- thinly sliced</item></ing>
      <ing>
        <amt>
          <qty/>
          <unit/></amt>
        <item>On</item></ing>
      <ing>
        <amt>
          <qty/>
          <unit/></amt>
        <item>The diagonal</item></ing>
      <ing>
        <amt>
          <qty>1 1/2</qty>
          <unit>cups</unit></amt>
        <item>Mushrooms -- sliced</item></ing>
      <ing>
        <amt>
          <qty>1/2</qty>
          <unit>cups</unit></amt>
        <item>Basil, fresh -- coarsely</item></ing>
      <ing>
        <amt>
          <qty/>
          <unit/></amt>
        <item>Chopped</item></ing></ingredients>
    <directions>
      <step>  In a large skillet over medium heat, heat olive oil. Saute onion, leek and
  garlic for 3 minutes. Add rice and pepper and saute for 5 minutes more.
  
  In a separate pot, heat vegetable broth to nearly boiling, then remove from
  heat. Add 7 cups broth and sundried tomatoes to rice mixture. Reserve
  remaining 1 cup broth. Bring rice mixture to a boil and reduce heat to a
  lively simmer for 12 minutes, stirring often.
  
  Meanwhile, after 10 minutes, combine reserved cup of broth, asparagus,
  mushrooms and basil in a microwave-safe bowl. Cover loosely with plastic
  and heat in microwave on high for 1 1/2 minutes, until hot but not
  completely cooked. Add mixture to simmering rice, mix well and simmer about
  5 minutes more, until mixture is creamy and rice is just done.
  
  Helpful hint: If you don't have a microwave, steam asparagus, mushrooms and
  basil for 5 minutes, until asparagus is tender-crisp. Add to the mixture
  along with remaining 1 cup vegetable broth. Continue cooking and stirring
  until mixture is creamy and rice is done.
  
  This was the second place winner in Vegetarian Times' recipe contest.
  
  Per serving: 344 cal; 9 g prot; 3 g fat; 68 g carb; 0 chol; 94 mg sod; 3 g
  fiber.
  
  Source: Vegetarian Times, October 1993/MM by DEEANNE
  
  Recipe By     :
  
  File ftp://ftp.idiscover.co.uk/pub/food/mealmaster/recipes/mmdja006.zip
 
</step></directions></recipe></recipeml>
