<?xml version="1.0" encoding="UTF-8"?>

<recipeml version="0.5">
  <recipe>
    <head>
      <title>Asparagus Tomato Sitr-Fry</title>
      <categories>
        <cat>Vegetables</cat>
        <cat>Vegan</cat></categories>
      <yield>6</yield></head>
    <ingredients>
      <ing-div>
        <title>LISA CRAWLEY  TSPN00B</title>
        <ing>
          <amt>
            <qty>1</qty>
            <unit>tablespoon</unit></amt>
          <item>Cold Water</item></ing>
        <ing>
          <amt>
            <qty>2</qty>
            <unit>teaspoons</unit></amt>
          <item>Soy Sauce</item></ing>
        <ing>
          <amt>
            <qty>1</qty>
            <unit>teaspoon</unit></amt>
          <item>Cornstarch</item></ing>
        <ing>
          <amt>
            <qty>1/4</qty>
            <unit>teaspoons</unit></amt>
          <item>Salt</item></ing>
        <ing>
          <amt>
            <qty>1</qty>
            <unit>pound</unit></amt>
          <item>Fresh Asparagus Spears</item></ing>
        <ing>
          <amt>
            <qty>1</qty>
            <unit>tablespoon</unit></amt>
          <item>Vegetable Oil</item></ing>
        <ing>
          <amt>
            <qty>4</qty>
            <unit/></amt>
          <item>Green Onions; sliced diag. into 1" pieces</item></ing>
        <ing>
          <amt>
            <qty>1 1/2</qty>
            <unit>cups</unit></amt>
          <item>Fresh Mushrooms; sliced</item></ing>
        <ing>
          <amt>
            <qty>2</qty>
            <unit>small</unit></amt>
          <item>Tomatoes; cut in thin wedges</item></ing></ing-div></ingredients>
    <directions>
      <step>  Combine first 4 ingred. in sm. bowl, stirring until blended. Set aside.
  Snap off tough ends of asparagus. Remove scales from stalks with a knife.
  Cut asparagus diagonally into 1 1/2" pieces. Set aside. Pour oil around top
  of preheated wok, coating sides; heat at med. high for 2 min. Add asparagus
  and green onions; stir-fry 3-4 min. Add mushrooms; stir-fry 1 min. Add
  reserved cornstarch mixture to veg. mixture in wok; cook until thickened
  and bubbly.  Add tomato, and cook just until heated. Serve immediately.
  
  From Gemini's MASSIVE MealMaster collection at www.synapse.com/~gemini
 
</step></directions></recipe></recipeml>
