<?xml version="1.0" encoding="UTF-8"?>

<recipeml version="0.5">
  <recipe>
    <head>
      <title>Asparagus Salad W/creme Fraich</title>
      <categories>
        <cat>Salad</cat></categories>
      <yield>6</yield></head>
    <ingredients>
      <ing>
        <amt>
          <qty>30</qty>
          <unit/></amt>
        <item>Jumbo asparagus stalks</item></ing>
      <ing>
        <amt>
          <qty/>
          <unit/></amt>
        <item>Salt</item></ing>
      <ing>
        <amt>
          <qty>3</qty>
          <unit>tablespoons</unit></amt>
        <item>Apricot kernel oil</item></ing>
      <ing>
        <amt>
          <qty>1/2</qty>
          <unit>cups</unit></amt>
        <item>Creme fraiche or sour cream</item></ing>
      <ing>
        <amt>
          <qty>6</qty>
          <unit/></amt>
        <item>Drained sun-dried tomatoes; cut into thin slivers</item></ing></ingredients>
    <directions>
      <step>  1. Snap woody ends off asparagus, peel &amp; trim each stalk. Cook in rapidly
  boiling salt water to cover for no more than 1 minute. Drain &amp; plunge into
  ice water. When cool, drain spears, and blot dry with paper towels.
  Asparagus can be prepared ahead to this stage &amp; refrigerated until serving.
  To serve, roll each asparagus spear in apricot kernal oil-it should be very
  lightly coated. Arrange the spears in a fan pattern on chilled salad
  plates, 5 to a plate. Spoon a dollop of creme fraiche at the apex of each
  fan and sprikle with the slivered tomato. To make creme fraiche, combine
  two parts heavy cream with 1 part sour cream. Heat to 85F, no higher. Let
  mixture stand overnight in a loosely covered glass jar. It should taste
  sourish &amp; be quite thick. Creme fraiche will keep 5 to 8 days in the
  refrigerator.
  
  UPSTAIRS AT THE PUDDING
  
  HOLYOKE ST, CAMBRIDGE
  
  TAURASI 1973 (MASTROBERARDINO)
  
  From the &lt;Micro Cookbook Collection of Italian Recipes&gt;.  Downloaded from
  Glen's MM Recipe Archive, http://www.erols.com/hosey.
 
</step></directions></recipe></recipeml>
