<?xml version="1.0" encoding="UTF-8"?>

<recipeml version="0.5">
  <recipe>
    <head>
      <title>Asparagus Vichyssoise</title>
      <categories>
        <cat>Soups/stews</cat>
        <cat>Vegetables</cat></categories>
      <yield>8</yield></head>
    <ingredients>
      <ing>
        <amt>
          <qty>2</qty>
          <unit>pounds</unit></amt>
        <item>Fresh Asparagus Spears</item></ing>
      <ing>
        <amt>
          <qty>3 1/4</qty>
          <unit>cups</unit></amt>
        <item>Water Divided</item></ing>
      <ing>
        <amt>
          <qty>2</qty>
          <unit>large</unit></amt>
        <item>Potatoes (1 Lb.)</item></ing>
      <ing>
        <amt>
          <qty/>
          <unit/></amt>
        <item>Peeled &amp; Diced</item></ing>
      <ing>
        <amt>
          <qty>2</qty>
          <unit>teaspoons</unit></amt>
        <item>Chicken Bouillon Granules</item></ing>
      <ing>
        <amt>
          <qty>3/4</qty>
          <unit>cups</unit></amt>
        <item>Skim Milk</item></ing>
      <ing>
        <amt>
          <qty>1/4</qty>
          <unit>teaspoons</unit></amt>
        <item>Salt</item></ing>
      <ing>
        <amt>
          <qty>1/8</qty>
          <unit>teaspoons</unit></amt>
        <item>White Pepper</item></ing>
      <ing>
        <amt>
          <qty/>
          <unit/></amt>
        <item>Lemon Rind Strips (Opt.)</item></ing></ingredients>
    <directions>
      <step>  Clean Asparagus &amp; Cut Into 1 Inch Pieces.  Combine Asparagus &amp; 1/4 C. Water
  in A 3 Quart Casserole. Cover With Plastic Wrap, Turn Back One Corner To
  Vent &amp; Microwave On High For 5 Min. Let Stand 3 Min. Add Remaining 3 Cups
  Water, Potatoes &amp; Bouillon Granules To Asparagus Mixture. Cover With
  Plastic &amp; Vent. Microwave At High For 10 Min., Stirring Once. Reduce Power
  To Medium &amp; Microwave 15 To 18 Min. Let Mixture Cool Slightly. Pour About
  1/3 Of Mixture Into Processor &amp; Process Until Smooth. Transfer Mixture To A
  Large Bowl.  Repeat Procedure With Remainingasparagus Mixture. Stir in
  Milk, Salt &amp; Pepper. Cover &amp; Chill About 8 Hours. Stir Well Before Serving.
  Garnish With Lemon Rind Strips. (Fat 0.5. Chol. 0.)
 
</step></directions></recipe></recipeml>
