<?xml version="1.0" encoding="UTF-8"?>

<recipeml version="0.5">
  <recipe>
    <head>
      <title>Asparagus Roll-Ups</title>
      <categories>
        <cat>Appetizers</cat>
        <cat>Eggs/cheese</cat>
        <cat>Freezes wel</cat>
        <cat>Vegetables</cat></categories>
      <yield>12</yield></head>
    <ingredients>
      <ing>
        <amt>
          <qty>4</qty>
          <unit>ounces</unit></amt>
        <item>Blue Cheese</item></ing>
      <ing>
        <amt>
          <qty>4</qty>
          <unit>ounces</unit></amt>
        <item>Roquefort Cheese</item></ing>
      <ing>
        <amt>
          <qty>8</qty>
          <unit>ounces</unit></amt>
        <item>Cream Cheese</item></ing>
      <ing>
        <amt>
          <qty>1</qty>
          <unit/></amt>
        <item>Egg</item></ing>
      <ing>
        <amt>
          <qty>1</qty>
          <unit>tablespoon</unit></amt>
        <item>Mayonnaise</item></ing>
      <ing>
        <amt>
          <qty>2</qty>
          <unit>cans</unit></amt>
        <item>Asparagus Spears</item></ing>
      <ing>
        <amt>
          <qty>40</qty>
          <unit/></amt>
        <item>Pieces Sandwich Bread, crust removed</item></ing>
      <ing>
        <amt>
          <qty>1</qty>
          <unit/></amt>
        <item>Stick Margarine</item></ing>
      <ing>
        <amt>
          <qty/>
          <unit/></amt>
        <item>Paprika, as desired</item></ing></ingredients>
    <directions>
      <step>  Mix cheeses, egg and mayonnaise with an electric mixer. Flatten each piece
  of bread with a rolling pin until almost paper thin. Spread cheese mixture
  on each side, lay one spear of asparagus on each piece, and roll up. Melt
  the margarine and add paprika for color. Dip each roll in the margarine,
  and place on an ungreased cookie sheet. Bake at 350° for 15 minutes.
  
  Serves: 10 to 12 as an hors d'oeuvre.
  
  Can be frozen and reheated.
  
  Source: Mountain Measures--Junior League of Charleston, WV ed. 1974
  
  Recipe by: Mrs. Charles Q. Gage Posted to MC-Recipe Digest V1 #610 by Bill
  Spalding &lt;billspa@icanect.net&gt; on May 13, 1997
 
</step></directions></recipe></recipeml>
