<?xml version="1.0" encoding="UTF-8"?>

<recipeml version="0.5">
  <recipe>
    <head>
      <title>Asparagus Pasta Pronto</title>
      <categories>
        <cat>None</cat></categories>
      <yield>4</yield></head>
    <ingredients>
      <ing-div>
        <title/>
        <ing>
          <amt>
            <qty>1</qty>
            <unit>can</unit></amt>
          <item>Condensed cream of mushroom soup</item></ing>
        <ing>
          <amt>
            <qty>2</qty>
            <unit>cups</unit></amt>
          <item>Diced cooked ham; turkey or chicken</item></ing>
        <ing>
          <amt>
            <qty>1/2</qty>
            <unit>cups</unit></amt>
          <item>Milk</item></ing>
        <ing>
          <amt>
            <qty>1</qty>
            <unit>can</unit></amt>
          <item>(12 or 15 ounce) Del Monte® FreshCut Asparagus Spears; drained</item></ing></ing-div>
      <ing-div>
        <title>TOP WITH</title>
        <ing>
          <amt>
            <qty>1</qty>
            <unit>package</unit></amt>
          <item>(8 ounce) Anthenos® Feta Cheese; sliced or crumbled</item></ing></ing-div></ingredients>
    <directions>
      <step>  1. Cook pasta according to package directions; drain. Meanwhile, heat soup,
  ham and milk in large skillet.
  
  2. Reserve 3 asparagus spears for garnish; chop remaining spear.
  
  3. Add pasta and chopped asparagus to skillet and toss with sauce; remove
  to serving dish and garnish with reserved spears.
  Posted to brand-name-recipes by Carriej999 &lt;Carriej999@aol.com&gt; on Jan 25,
  1998
 
</step></directions></recipe></recipeml>
