<?xml version="1.0" encoding="UTF-8"?>

<recipeml version="0.5">
  <recipe>
    <head>
      <title>Asparagus Pasta</title>
      <categories>
        <cat>Pasta</cat></categories>
      <yield>1</yield></head>
    <ingredients>
      <ing-div>
        <title>HAND</title>
        <ing>
          <amt>
            <qty>1</qty>
            <unit>cup</unit></amt>
          <item>Durum semolina</item></ing>
        <ing>
          <amt>
            <qty>1/8</qty>
            <unit>teaspoons</unit></amt>
          <item>Dry mustard</item></ing>
        <ing>
          <amt>
            <qty/>
            <unit/></amt>
          <item>OR</item></ing>
        <ing>
          <amt>
            <qty>1/8</qty>
            <unit>teaspoons</unit></amt>
          <item>Ground nutmeg</item></ing>
        <ing>
          <amt>
            <qty>1/3</qty>
            <unit>cups</unit></amt>
          <item>Asparagus puree</item></ing>
        <ing>
          <amt>
            <qty>2</qty>
            <unit>tablespoons</unit></amt>
          <item>To 3 water, if and as</item></ing>
        <ing>
          <amt>
            <qty/>
            <unit/></amt>
          <item>Needed</item></ing></ing-div>
      <ing-div>
        <title>EXTRUDER</title>
        <ing>
          <amt>
            <qty>1 1/4</qty>
            <unit>cups</unit></amt>
          <item>Durum semolina</item></ing>
        <ing>
          <amt>
            <qty>1/8</qty>
            <unit>teaspoons</unit></amt>
          <item>Dry mustard</item></ing>
        <ing>
          <amt>
            <qty/>
            <unit/></amt>
          <item>OR</item></ing>
        <ing>
          <amt>
            <qty>1/8</qty>
            <unit>teaspoons</unit></amt>
          <item>Nutmeg</item></ing>
        <ing>
          <amt>
            <qty>1/3</qty>
            <unit>cups</unit></amt>
          <item>Asparagus puree</item></ing>
        <ing>
          <amt>
            <qty>2</qty>
            <unit>tablespoons</unit></amt>
          <item>Water, if and as needed</item></ing>
        <ing>
          <amt>
            <qty>Fresh</qty>
            <unit>or</unit></amt>
          <item>canned asparagus ma be used for the puree. Knead longer than</item></ing></ing-div></ingredients>
    <directions>
      <step>  usual. This seems to dry better dusted with flour and laid flat. Per 1 cup
  Serving: 217calories
      8.6 g  protein
     42.8 g  carbohydrate
      1.3 g  fat
     12.9 mg sodium
  
  The Pasta Machine Cookbook Donna Rathmell German ISBN: 1-55867-081-5
  Entered by Carolyn Shaw 4-95. Collected from the International Cooking
  Echoes May 1995
  Posted to FOODWINE Digest  by Abbott &lt;labbott@MHO.NET&gt; on Nov 24, 1997
 
</step></directions></recipe></recipeml>
