<?xml version="1.0" encoding="UTF-8"?>

<recipeml version="0.5">
  <recipe>
    <head>
      <title>Asparagus with Blue Cheese and Walnut Relish</title>
      <categories>
        <cat>Cheese</cat>
        <cat>Vegetables</cat></categories>
      <yield>1</yield></head>
    <ingredients>
      <ing>
        <amt>
          <qty>6</qty>
          <unit>ounces</unit></amt>
        <item>Blue Cheese -- w/o rind &amp;</item></ing>
      <ing>
        <amt>
          <qty/>
          <unit/></amt>
        <item>Crumbled</item></ing>
      <ing>
        <amt>
          <qty>3</qty>
          <unit>tablespoons</unit></amt>
        <item>Walnuts -- chopped</item></ing>
      <ing>
        <amt>
          <qty>3</qty>
          <unit>tablespoons</unit></amt>
        <item>Chopped Green Onions --</item></ing>
      <ing>
        <amt>
          <qty/>
          <unit/></amt>
        <item>(scallions)**</item></ing>
      <ing>
        <amt>
          <qty>2</qty>
          <unit>tablespoons</unit></amt>
        <item>Chopped Parsley</item></ing>
      <ing>
        <amt>
          <qty>1 1/2</qty>
          <unit>teaspoons</unit></amt>
        <item>Grated Lemon Zest</item></ing>
      <ing>
        <amt>
          <qty>2 1/2</qty>
          <unit>pounds</unit></amt>
        <item>Asparagus</item></ing>
      <ing>
        <amt>
          <qty/>
          <unit/></amt>
        <item>Salt</item></ing></ingredients>
    <directions>
      <step>  * such as Roquefort or Danish Blue ** including 2 inches of green stems
  
  Place blue cheese, walnuts, onions, parsley and lemon zest in a bowl and
  mix well.  (Blue cheese relish can be made 1 day ahead. Cover and
  refrigerate. Bring to room temperature 30 minutes before serving.) To
  prepare asparagus, cut off and discard tough, woody ends of stalks. Bring
  enough water to cover asparagus to boil in a large deep saucepan or
  skillet.  Lightly salt water and add the asparagus.  Simmer until just
  tender, 3-5 minutes.  Remove asparagus and drain well.  Taste and season
  with more salt if needed.
  
  To serve, arrange asparagus on heated platter or in a shallow serving bowl.
  Top with blue cheese relish.  Serve hot.
  
  Recipe By     : "Marien, Stacey" &lt;maris.ils@MHS.UNC.EDU&gt;
  
  File ftp://ftp.idiscover.co.uk/pub/food/mealmaster/recipes/mmdja006.zip
 
</step></directions></recipe></recipeml>
