<?xml version="1.0" encoding="UTF-8"?>

<recipeml version="0.5">
  <recipe>
    <head>
      <title>Asparagus Salad</title>
      <categories>
        <cat>Appetizers</cat>
        <cat>Salads</cat>
        <cat>Vegetables</cat>
        <cat>Microwave</cat></categories>
      <yield>8</yield></head>
    <ingredients>
      <ing>
        <amt>
          <qty>3</qty>
          <unit>cans</unit></amt>
        <item>Whole green asparagus,17 oz</item></ing>
      <ing>
        <amt>
          <qty/>
          <unit/></amt>
        <item>Each, vertically packed</item></ing>
      <ing>
        <amt>
          <qty/>
          <unit/></amt>
        <item>Lettuce leaves</item></ing>
      <ing>
        <amt>
          <qty/>
          <unit/></amt>
        <item>Homemade mayonnaise, or</item></ing>
      <ing>
        <amt>
          <qty/>
          <unit/></amt>
        <item>Commercial mayonnaise thinned with</item></ing>
      <ing>
        <amt>
          <qty/>
          <unit/></amt>
        <item>Light cream</item></ing>
      <ing>
        <amt>
          <qty>2</qty>
          <unit/></amt>
        <item>Hard cooked eggs, sieved</item></ing></ingredients>
    <directions>
      <step>  1. Drain asparagus, trying to keep spears whole. 2 Place lettuce leaves on
  8 salad plates and arrange asparagus on lettuce leaves, or asparagus may be
  placed in a vegetable bowl. 3. Place a spoonful of mayonnaise over
  asparagus. 4. Garnish with hard cooked egg. 5. Chill before serving.
  
  From Gemini's MASSIVE MealMaster collection at www.synapse.com/~gemini
 
</step></directions></recipe></recipeml>
