<?xml version="1.0" encoding="UTF-8"?>

<recipeml version="0.5">
  <recipe>
    <head>
      <title>Asparagus with Ginger-Orange Butter</title>
      <categories>
        <cat>Vegetables</cat></categories>
      <yield>1</yield></head>
    <ingredients>
      <ing>
        <amt>
          <qty>1</qty>
          <unit/></amt>
        <item>Navel orange</item></ing>
      <ing>
        <amt>
          <qty>5</qty>
          <unit>tablespoons</unit></amt>
        <item>Unsalted butter, softened</item></ing>
      <ing>
        <amt>
          <qty>2</qty>
          <unit>teaspoons</unit></amt>
        <item>Minced fresh cilantro or parsley</item></ing>
      <ing>
        <amt>
          <qty>1</qty>
          <unit>teaspoon</unit></amt>
        <item>Minced peeled fresh ginger root</item></ing>
      <ing>
        <amt>
          <qty>2</qty>
          <unit>pounds</unit></amt>
        <item>Asparagus, trimmed</item></ing></ingredients>
    <directions>
      <step>  1 Grate 2 tsp orange zest (colored part of peel); place in small bowl.
  Squeeze juice. To orange zest, add butter, l Tbs.orange juice, cilantro,
  ginger and l/4 tsp each salt and pepper. With portable mixer, beat to
  blend. Place on plastic wrap; roll up to form 3-in. log, twisting ends.
  Freeze 30 minutes, or refrigerate overnight.
  
  2. After butter mixture has set, cook asparagus: Peel bottom third of
  asparagus spears with vegetable peeler. In large, deep skillet, combine 2
  cups water, remaining orange juice, ~ /2 tsp salt and the asparagus; heat
  to boiling. Reduce heat; simmer, partially covered, 4 minutes or until
  tender. Drain; place on platter Remove butter from freezer; unwrap. Slice
  into 1/4-in. rounds; place on hot asparagus.
  
  Makes 6 servings.
  
  Per serving: 120 calories, 5 g protein, 6 g carbohydrate, 10 g 6t, 26 mg
  cholesterol, 271 mg sodium.
  
  From the files of Al Rice, North Pole Alaska.    Feb 1994
  
  From Gemini's MASSIVE MealMaster collection at www.synapse.com/~gemini
 
</step></directions></recipe></recipeml>
