<?xml version="1.0" encoding="UTF-8"?>

<recipeml version="0.5">
  <recipe>
    <head>
      <title>Asparagus Soup -1</title>
      <categories>
        <cat>Soups</cat>
        <cat>Vegetables</cat></categories>
      <yield>6</yield></head>
    <ingredients>
      <ing>
        <amt>
          <qty>1</qty>
          <unit>tablespoon</unit></amt>
        <item>Butter</item></ing>
      <ing>
        <amt>
          <qty>1</qty>
          <unit>small</unit></amt>
        <item>Onion; chopped</item></ing>
      <ing>
        <amt>
          <qty>1</qty>
          <unit>tablespoon</unit></amt>
        <item>All-Purpose Flour</item></ing>
      <ing>
        <amt>
          <qty>2</qty>
          <unit>cans</unit></amt>
        <item>Chicken Broth; (14 1/2 oz. each)</item></ing>
      <ing>
        <amt>
          <qty>1</qty>
          <unit>pound</unit></amt>
        <item>Asparagus; Trimmed, cut in 1-in. pieces</item></ing>
      <ing>
        <amt>
          <qty>1</qty>
          <unit>teaspoon</unit></amt>
        <item>Dried Summer Savory; or tarragon</item></ing>
      <ing>
        <amt>
          <qty/>
          <unit/></amt>
        <item>Sour Cream Or Plain Yogurt; (optional)</item></ing></ingredients>
    <directions>
      <step>  Melt 1 tablespoon butter in heavy medium saucepan over medium heat. Add
  chopped onion and cook until tender, stirring occasionally, about 8
  minutes. Add flour and stir 2 minutes. Gradually mix in canned chicken
  broth. Bring mixture to boil. Add asparagus pieces and summer savory and
  simmer until asparagus is very tender, about 25 minutes. Cool slightly.
  
  Drain asparagus, reserving cooking liquid. Puree asparagus in food
  processor (or blender). With machine running, gradually add 1/2 cup cooking
  liquid and puree asparagus until smooth. Gradually blend in remaining
  cooking liquid. Return mixture to saucepan. Season with salt and pepper.
  (Soup can be made one day ahead. Cover and refrigerate). Bring soup to
  simmer. Ladle into bowls. Top with dollops of sour cream or yogurt, if
  desired.
  
  Makes 6 servings.
  
  Bon Appetit, March 1994.
  
  Recipe by: Tracey Meyer &lt;MEYER@ZODIAC.RUTGERS.EDU&gt;
  
  Posted to MC-Recipe Digest by Pepper &lt;pak@datasync.com&gt; on Apr 06, 1998
 
</step></directions></recipe></recipeml>
