<?xml version="1.0" encoding="UTF-8"?>

<recipeml version="0.5">
  <recipe>
    <head>
      <title>Asparagus Soup #3</title>
      <categories>
        <cat>Soup</cat></categories>
      <yield>2</yield></head>
    <ingredients>
      <ing>
        <amt>
          <qty>1</qty>
          <unit>tablespoon</unit></amt>
        <item>Butter</item></ing>
      <ing>
        <amt>
          <qty>2</qty>
          <unit>tablespoons</unit></amt>
        <item>All-purpose flour</item></ing>
      <ing>
        <amt>
          <qty>1 1/4</qty>
          <unit>cups</unit></amt>
        <item>Milk</item></ing>
      <ing>
        <amt>
          <qty>2/3</qty>
          <unit>cups</unit></amt>
        <item>Stock (see Note)</item></ing>
      <ing>
        <amt>
          <qty>1</qty>
          <unit>can</unit></amt>
        <item>(12-oz) asparagus pieces; drained</item></ing>
      <ing>
        <amt>
          <qty/>
          <unit/></amt>
        <item>Salt and freshly ground pepper</item></ing></ingredients>
    <directions>
      <step>  From: Anja Wolle &lt;A.C.Wolle@SOTON.AC.UK&gt;
  
  Date: Tue, 2 Jul 1996 11:34:27 +0100
  Source: 500 Recipes Cooking for Two, Wendy James (ed.), Treasure Press 1989
  
  Melt the butter in a pan, stir in the flour and cook for 1 minute. Remove
  from the heat and gradually blend in the milk and stock. Cook, stirring,
  until the soup thickens a little. Add the asparagus, reserving two tips for
  garnish, and simmer for 5 minutes. Rub the mixture through a sieve, or
  puree in a blender or food processor. Add salt and pepper to taste. Reheat
  the soup and pour into two warmed bowls. Garnish with the reserved
  asparagus and serve with Croutons. Note: use some of the liquid from the
  canned asparagus if it is not too salty.
  
  EAT-L DIGEST  1 JULY 96
  
  From the EAT-L recipe list.  Downloaded from Glen's MM Recipe Archive,
  http://www.erols.com/hosey.
 
</step></directions></recipe></recipeml>
