<?xml version="1.0" encoding="UTF-8"?>

<recipeml version="0.5">
  <recipe>
    <head>
      <title>Asparagus with Lemon-Herb Sauce</title>
      <categories>
        <cat>None</cat></categories>
      <yield>8</yield></head>
    <ingredients>
      <ing>
        <amt>
          <qty>3</qty>
          <unit>cups</unit></amt>
        <item>Canned low-salt chicken broth</item></ing>
      <ing>
        <amt>
          <qty>1 1/2</qty>
          <unit>pounds</unit></amt>
        <item>Thin asparagus spears; trimmed</item></ing>
      <ing>
        <amt>
          <qty>2</qty>
          <unit>tablespoons</unit></amt>
        <item>Olive oil; (preferably extra-virgin)</item></ing>
      <ing>
        <amt>
          <qty>1 1/4</qty>
          <unit>cups</unit></amt>
        <item>Green onions; chopped</item></ing>
      <ing>
        <amt>
          <qty>1/3</qty>
          <unit>cups</unit></amt>
        <item>Shallots; minced</item></ing>
      <ing>
        <amt>
          <qty>1</qty>
          <unit>teaspoon</unit></amt>
        <item>Sugar</item></ing>
      <ing>
        <amt>
          <qty>1</qty>
          <unit>tablespoon</unit></amt>
        <item>Garlic; minced</item></ing>
      <ing>
        <amt>
          <qty>1 1/2</qty>
          <unit>tablespoons</unit></amt>
        <item>Dijon mustard</item></ing>
      <ing>
        <amt>
          <qty>1</qty>
          <unit>tablespoon</unit></amt>
        <item>Fresh lemon juice</item></ing>
      <ing>
        <amt>
          <qty>1</qty>
          <unit>teaspoon</unit></amt>
        <item>Fresh thyme; minced</item></ing>
      <ing>
        <amt>
          <qty>1/2</qty>
          <unit>teaspoons</unit></amt>
        <item>Lemon peel; grated</item></ing>
      <ing>
        <amt>
          <qty>1/2</qty>
          <unit>cups</unit></amt>
        <item>Red bell peppers; seeded &amp; diced</item></ing></ingredients>
    <directions>
      <step>  Bring broth to boil in large pot. Add asparagus; cook until crisp-tender,
  about 4 minutes. Using tongs, transfer asparagus to large bowl of ice
  water. Reserve 1 cup broth in small bowl. Drain asparagus; pat dry. (Can be
  made 1 day ahead. Wrap asparagus in paper towels. Seal in plastic bag.
  Cover broth. Chill asparagus and broth.)
  
  Heat 1 tablespoon oil in medium nonstick skillet over medium heat. Add 1
  cup green onions, shallots and sugar. Saute until onions and shallots are
  tender, about 5 minutes. Add garlic; saute 2 minutes. Stir in reserved 1
  cup broth, 1 tablespoon oil, mustard, lemon juice, thyme and lemon peel.
  Simmer until slightly thickened and liquid is reduced to 1 1/4 cups, about
  5 minutes. Season with salt and pepper. Cool to room temperature.
  
  Arrange asparagus on platter. Spoon sauce over. Sprinkle with remaining 1/4
  cup green onions and bell peppers.
  
  Per Serving: Calories 71; total fat 4 g; saturated fat 1 g; cholesterol
      0.5    mg
  
  Printed in Bon Appetit April 1998
  
  Typed and Busted by Carriej999@AOL.com 4/98
  
  Recipe by: Sally Anne Smith and Ron Lento
  
  Posted to MC-Recipe Digest by Carriej999 &lt;Carriej999@aol.com&gt; on Apr 3,
  1998
 
</step></directions></recipe></recipeml>
