<?xml version="1.0" encoding="UTF-8"?>

<recipeml version="0.5">
  <recipe>
    <head>
      <title>Asparagus with Mustard Sauce</title>
      <categories>
        <cat>Asparagus</cat>
        <cat>Carrots</cat></categories>
      <yield>8</yield></head>
    <ingredients>
      <ing>
        <amt>
          <qty>2 1/2</qty>
          <unit>pounds</unit></amt>
        <item>Trimmed asparagus</item></ing>
      <ing>
        <amt>
          <qty>2</qty>
          <unit>tablespoons</unit></amt>
        <item>Margarine</item></ing>
      <ing>
        <amt>
          <qty>3</qty>
          <unit/></amt>
        <item>Flour</item></ing>
      <ing>
        <amt>
          <qty>1</qty>
          <unit>cup</unit></amt>
        <item>Chicken broth</item></ing>
      <ing>
        <amt>
          <qty>1</qty>
          <unit>cup</unit></amt>
        <item>Skim milk</item></ing>
      <ing>
        <amt>
          <qty>1/4</qty>
          <unit>cups</unit></amt>
        <item>Dijon mustard</item></ing>
      <ing>
        <amt>
          <qty>1</qty>
          <unit>teaspoon</unit></amt>
        <item>Fresh lemon juice</item></ing>
      <ing>
        <amt>
          <qty>1</qty>
          <unit>dash</unit></amt>
        <item>Wht pepper</item></ing></ingredients>
    <directions>
      <step>  Melt margarine in med. saucepan. Stir in flour, cook 1 min. Add broth and
  milk, stirring constantly w/ whisk. Bring to boil, lower heat and simmer
  for 5 mins. Remove from heat and whisk in mustard, lemon juice and white
  pepper. Keep warm while cooking asparagus- don't boil. &gt;From -1001 LOW- FAT
  RECIPES 68 cal 1.4 fat gm. per serving (serves 8) Let me know how it is!
  Posted in KitMail by UTAUfans@aol.com.
  Posted to MC-Recipe Digest by "Mega-bytes" &lt;mega-bytes@email.msn.com&gt; on
  Apr 3, 1998
 
</step></directions></recipe></recipeml>
