<?xml version="1.0" encoding="UTF-8"?>

<recipeml version="0.5">
  <recipe>
    <head>
      <title>Asparagus Salad #2</title>
      <categories>
        <cat>Appetizer</cat></categories>
      <yield>4</yield></head>
    <ingredients>
      <ing>
        <amt>
          <qty>1</qty>
          <unit/></amt>
        <item>Bunch asparagus</item></ing>
      <ing>
        <amt>
          <qty>1/2</qty>
          <unit>teaspoons</unit></amt>
        <item>Sugar</item></ing>
      <ing>
        <amt>
          <qty>1 1/2</qty>
          <unit>tablespoons</unit></amt>
        <item>Soy sauce</item></ing>
      <ing>
        <amt>
          <qty>3</qty>
          <unit>drops</unit></amt>
        <item>Sesame oil; more or less</item></ing></ingredients>
    <directions>
      <step>     1. Using a rolling cut, slice asparagus in 1-1/2 inch sections. Discard
  tough white ends.
  
     2. Parboil 2 minutes. Then transfer to a bowl.
  
     3. Mix sugar, soy sauce and sesame oil. Add to bowl and toss.
  Refrigerate, covered, only to chill (about 20 minutes).
  
     VARIATIONS: In step 2, add to parboiled asparagus, 2/3 cup cooked
  chicken, thinly sliced. Omit sugar from dressing.
  
     In step 3, add 4 to 5 drops hot sauce. (Do not refrigerate.) Serve at
  once, topped with 1 teaspoon red ginger, minced.
  
  From &lt;The Thousand Recipe Chinese Cookbook&gt;, ISBN 0-517-65870-4. Downloaded
  from Glen's MM Recipe Archive, http://www.erols.com/hosey.
 
</step></directions></recipe></recipeml>
