<?xml version="1.0" encoding="UTF-8"?>

<recipeml version="0.5">
  <recipe>
    <head>
      <title>Asparagus Soup</title>
      <categories>
        <cat>Soups</cat>
        <cat>Vegetables</cat></categories>
      <yield>6</yield></head>
    <ingredients>
      <ing-div>
        <title>STOCK</title>
        <ing>
          <amt>
            <qty>1</qty>
            <unit>pound</unit></amt>
          <item>Asparagus,thin*</item></ing>
        <ing>
          <amt>
            <qty>1</qty>
            <unit>cup</unit></amt>
          <item>Leeks greens,roughly chopped</item></ing>
        <ing>
          <amt>
            <qty>1</qty>
            <unit/></amt>
          <item>Bay leaf</item></ing>
        <ing>
          <amt>
            <qty>1</qty>
            <unit/></amt>
          <item>Carrot,peeled and chopped</item></ing>
        <ing>
          <amt>
            <qty>1</qty>
            <unit/></amt>
          <item>Celery stalk,chopped</item></ing>
        <ing>
          <amt>
            <qty>4</qty>
            <unit/></amt>
          <item>Parsley branches</item></ing>
        <ing>
          <amt>
            <qty>1/2</qty>
            <unit>teaspoons</unit></amt>
          <item>Salt</item></ing>
        <ing>
          <amt>
            <qty>8</qty>
            <unit>cups</unit></amt>
          <item>Water,cold</item></ing></ing-div>
      <ing-div>
        <title>SOUP</title>
        <ing>
          <amt>
            <qty>3</qty>
            <unit>tablespoons</unit></amt>
          <item>Butter</item></ing>
        <ing>
          <amt>
            <qty>3</qty>
            <unit/></amt>
          <item>Leeks,white parts,sliced</item></ing>
        <ing>
          <amt>
            <qty>1/2</qty>
            <unit>teaspoons</unit></amt>
          <item>Salt</item></ing>
        <ing>
          <amt>
            <qty>1</qty>
            <unit>tablespoon</unit></amt>
          <item>Parsley,chopped</item></ing>
        <ing>
          <amt>
            <qty>7</qty>
            <unit>cups</unit></amt>
          <item>Stock</item></ing>
        <ing>
          <amt>
            <qty>1/2</qty>
            <unit>cups</unit></amt>
          <item>Light cream (opt)</item></ing>
        <ing>
          <amt>
            <qty/>
            <unit/></amt>
          <item>Pepper</item></ing>
        <ing>
          <amt>
            <qty>1</qty>
            <unit>teaspoon</unit></amt>
          <item>Grated lemon peel</item></ing>
        <ing>
          <amt>
            <qty/>
            <unit/></amt>
          <item>Parmesan,grated,for garnish</item></ing></ing-div></ingredients>
    <directions>
      <step>  * - lower ends only
  
  *** STOCK ***
  
  Snap the lower end of the asparagus where they break easily when bent.
  Rinse the ends well and roughly chop them into 1" pieces. Combine the
  rest of the stock ingredients in a stock pot, bring to a boil, simmer
  20-25 minutes, and then strain.
  
  *** SOUP ***
  
  Cut off the tips of the asparagus and set aside. Roughly chop the
  stems into 1" pieces. Melt the butter in a soup pot, add the leeks,
  and cook over medium-high heat for 2-3 minutes, stirring as needed.
  Add the asparagus stems, salt and parsley. Pour in 5 cups of the
  stock and bring to a boil; then simmer until asparagus is just
  tender, about 6 minutes. Blend the soup in a blender. Return soup to
  pot, stir in cream, if using, and thin it with more stock if
  necessary. Season to taste with salt, pepper and lemon peel. In
  another pot, bring a few cups of water to a boil with a little salt.
  Cook the asparagus tips 1 1/2 to 2 minutes until they are done. Add
  them to the soup. Bring soup to a gentle simmer.
  
  From Tuscon area newspapers, 1994, 3rd quarter, courtest Mike Orchekowski.
  File ftp://ftp.idiscover.co.uk/pub/food/mealmaster/recipes/tn-94q3.zip
 
</step></directions></recipe></recipeml>
