<?xml version="1.0" encoding="UTF-8"?>

<recipeml version="0.5">
  <recipe>
    <head>
      <title>Asparagus Saute over Scallion Noodle Cake (Eating-Well)</title>
      <categories>
        <cat>*new-acq</cat>
        <cat>*see recipe</cat>
        <cat>Asparagus</cat>
        <cat>Pasta</cat>
        <cat>Lowfat</cat></categories>
      <yield>6</yield></head>
    <ingredients>
      <ing>
        <amt>
          <qty>1</qty>
          <unit>teaspoon</unit></amt>
        <item>Olive oil</item></ing>
      <ing>
        <amt>
          <qty>2</qty>
          <unit>pounds</unit></amt>
        <item>Asparagus; trimmed and cut into 1-inch diagonal slices</item></ing>
      <ing>
        <amt>
          <qty>1</qty>
          <unit>cup</unit></amt>
        <item>Chopped scallion whites</item></ing>
      <ing>
        <amt>
          <qty>1/3</qty>
          <unit>cups</unit></amt>
        <item>Dry white wine</item></ing>
      <ing>
        <amt>
          <qty>1</qty>
          <unit/></amt>
        <item>Clove garlic; minced</item></ing>
      <ing>
        <amt>
          <qty>1</qty>
          <unit>cup</unit></amt>
        <item>Peas; fresh or frozen</item></ing>
      <ing>
        <amt>
          <qty>1/2</qty>
          <unit>cups</unit></amt>
        <item>Vegetable broth; or water</item></ing>
      <ing>
        <amt>
          <qty>1/4</qty>
          <unit>cups</unit></amt>
        <item>Chopped fresh parsley</item></ing>
      <ing>
        <amt>
          <qty>1</qty>
          <unit>teaspoon</unit></amt>
        <item>Chopped fresh basil</item></ing>
      <ing>
        <amt>
          <qty>1</qty>
          <unit>teaspoon</unit></amt>
        <item>Freshly grated lemon zest</item></ing>
      <ing>
        <amt>
          <qty/>
          <unit/></amt>
        <item>Freshly ground black pepper; to taste</item></ing>
      <ing>
        <amt>
          <qty/>
          <unit/></amt>
        <item>Scallion Noodle Cake; *see recipe</item></ing>
      <ing>
        <amt>
          <qty>1/2</qty>
          <unit>cups</unit></amt>
        <item>Freshly grated Parmesan cheese</item></ing></ingredients>
    <directions>
      <step>  *Make the Scallion Noodle Cake (see separate recipe).
  
  In a large nonstick skillet, heat oil over high heat. Add asparagus and
  season with salt. Saute until bright green, about 2 minutes. Add scallions
  and wine; cook, stirring until wine is almost evaporated, 3 to 4 minutes.
  Add garlic, peas, broth or water, parsley, basil and lemon zest. Reduce
  heat to medium-high and cook until asparagus is tender, 2 to 5 minutes.
  Season with salt and pepper.
  
  Cut the scallion noodle cake into wedges and divide among warmed plates.
  Top with the asparagus saute. Sprinkle with Parmesan. About 4 cups for 6
  servings.
  
  Nutrition per serving: 250 calories, 5 grams fat, 4 milligrams cholesterol,
      480    milligrams sodium. 18% cff.
  
  &gt;Recipe from EatingWell Magazine. &gt;Distributed by The Riverside
  Press-Enterprise, Food for 18-mar-98. &gt;Edited by Pat Hanneman (Kitpath)
  
  Recipe by: EatingWell
  
  Posted to MC-Recipe Digest by KitPATh &lt;phannema@wizard.ucr.edu&gt; on Mar 18,
  1998
 
</step></directions></recipe></recipeml>
