<?xml version="1.0" encoding="UTF-8"?>

<recipeml version="0.5">
  <recipe>
    <head>
      <title>Asparagus with Egg, Garlic and Lemon Sauce</title>
      <categories>
        <cat>Vegetables</cat></categories>
      <yield>4</yield></head>
    <ingredients>
      <ing>
        <amt>
          <qty>5</qty>
          <unit>tablespoons</unit></amt>
        <item>Butter,unsalted</item></ing>
      <ing>
        <amt>
          <qty>1</qty>
          <unit>tablespoon</unit></amt>
        <item>Fresh garlic,minced</item></ing>
      <ing>
        <amt>
          <qty>2</qty>
          <unit>pounds</unit></amt>
        <item>Asparagus,prepared*</item></ing>
      <ing>
        <amt>
          <qty>1</qty>
          <unit/></amt>
        <item>Hard boiled egg,fine chopped</item></ing>
      <ing>
        <amt>
          <qty>3</qty>
          <unit>tablespoons</unit></amt>
        <item>Fresh lemon juice</item></ing>
      <ing>
        <amt>
          <qty/>
          <unit/></amt>
        <item>Salt</item></ing>
      <ing>
        <amt>
          <qty>1</qty>
          <unit/></amt>
        <item>Black pepper,freshly ground</item></ing>
      <ing>
        <amt>
          <qty>2</qty>
          <unit>teaspoons</unit></amt>
        <item>Fresh tarragon,fine chopped</item></ing></ingredients>
    <directions>
      <step>  * - stems peeled and fiberous ends removed.
  
  1. Heat butter in saucepan over medium heat. Add garlic and saute
  gently 1 minute; remove pan from heat. Reserve and keep warm.
  
  2. Place asparagus in saucepan over medium heat. Add enough water to
  cover, simmer 3-5 minutes or until just tender. Remove from saucepan,
  pat dry and transfer to serving platter. Keep warm.
  
  3. TO SERVE: Stir egg and lemon into reserved garlic butter. Pour over
  asparagus, season with salt and pepper and garnish with tarragon.
  
  From Tuscon area newspapers, 1994, 3rd quarter, courtest Mike Orchekowski.
  File ftp://ftp.idiscover.co.uk/pub/food/mealmaster/recipes/tn-94q3.zip
 
</step></directions></recipe></recipeml>
