<?xml version="1.0" encoding="UTF-8"?>

<recipeml version="0.5">
  <recipe>
    <head>
      <title>Asparagus Mousse</title>
      <categories>
        <cat>Salad</cat></categories>
      <yield>6</yield></head>
    <ingredients>
      <ing>
        <amt>
          <qty>2</qty>
          <unit>pounds</unit></amt>
        <item>Asparagus</item></ing>
      <ing>
        <amt>
          <qty>1/2</qty>
          <unit>cups</unit></amt>
        <item>Mayonnaise</item></ing>
      <ing>
        <amt>
          <qty>4</qty>
          <unit>teaspoons</unit></amt>
        <item>Lemon juice</item></ing>
      <ing>
        <amt>
          <qty>1</qty>
          <unit>tablespoon</unit></amt>
        <item>Green onion; chopped</item></ing>
      <ing>
        <amt>
          <qty>2</qty>
          <unit/></amt>
        <item>Envelopes unflavored gelatin</item></ing>
      <ing>
        <amt>
          <qty>1/2</qty>
          <unit>cups</unit></amt>
        <item>Water</item></ing>
      <ing>
        <amt>
          <qty>1</qty>
          <unit>cup</unit></amt>
        <item>Whipping cream</item></ing>
      <ing>
        <amt>
          <qty>2</qty>
          <unit/></amt>
        <item>Egg whites</item></ing>
      <ing>
        <amt>
          <qty>1</qty>
          <unit>teaspoon</unit></amt>
        <item>Salt</item></ing></ingredients>
    <directions>
      <step>  Date: Wed, 1 May 1996 06:05:05 GMT
  
  From: Anne Sheresky &lt;sheresky@worldchat.com&gt;
  Break off tough stems from asparagus and discard.  Peel lower half of
  asparagus stems; cut into 1-inch lengths.  In saucepan of boiling salted
  water, cook asparagus for about 10-minutes or until tender; drain.  In food
  processor or blender, process until smooth.  There should be about 2 cups
  puree.  Transfer to saucepan.  Add mayonnaise, lemon juice and onion; cook
  over low heat just until warmed through.
  
  Meanwhile, in small saucepan, sprinkle gelatin over water; let stand for 5
  minutes to soften.
  
  Over low heat, warm gelatin until disolved; stir into asparagus mixture.
  Transfer to bowl and place in large bowl of ice and water to chill,
  stirring frequently, for 10 to 15 minutes or until cold and slightly
  thickened. Remove from iced water.
  
  Whip cream; set aside.  In large bowl, beat egg whites with salt until
  stiff peaks form. Whisk about one-quarter of the beaten egg whites into
  cooled asparagus mixture; fold into remaining whites along with whipped
  cream. Pour into rinsed 6-cup mould. Cover and refrigerate for at least 6
  hours or up to 2 days.
  
  To unmould, wrap hot damp tea towel around mould for 1 minute.  Using
  knife, loosen top edge of mousse from mould. Tilt or gently shake mould= to
  loosen mousse. Invert rinsed serving platter on top of mould. Grasp platter
  and mould; quickly turn over. Shake using quick downward motion, to release
  mousse from mould.  Lift off mould.  (If mousse sticks, repeat the
  procedure.)
  
  Source:  Canadian Living's Summertime Cooking (1987)
  
  MM-RECIPES@IDISCOVER.NET
  
  MEAL-MASTER RECIPES LISTSERVER
  
  MM-RECIPES DIGEST V3 #121
  
  From the MealMaster recipe list.  Downloaded from Glen's MM Recipe Archive,
  http://www.erols.com/hosey.
 
</step></directions></recipe></recipeml>
