<?xml version="1.0" encoding="UTF-8"?>

<recipeml version="0.5">
  <recipe>
    <head>
      <title>Asparagus with Ginger and Orange Sauce</title>
      <categories>
        <cat>None</cat></categories>
      <yield>4</yield></head>
    <ingredients>
      <ing>
        <amt>
          <qty>1</qty>
          <unit/></amt>
        <item>Piece (1/2 inch) of fresh ginger root</item></ing>
      <ing>
        <amt>
          <qty>1</qty>
          <unit/></amt>
        <item>Orange</item></ing>
      <ing>
        <amt>
          <qty>1</qty>
          <unit>tablespoon</unit></amt>
        <item>Extra virgin olive oil</item></ing>
      <ing>
        <amt>
          <qty>2</qty>
          <unit>teaspoons</unit></amt>
        <item>Balsamic vinegar</item></ing>
      <ing>
        <amt>
          <qty>1/4</qty>
          <unit>teaspoons</unit></amt>
        <item>Kosher salt</item></ing>
      <ing>
        <amt>
          <qty>1/4</qty>
          <unit>teaspoons</unit></amt>
        <item>Freshly ground pepper</item></ing>
      <ing>
        <amt>
          <qty>1/4</qty>
          <unit>teaspoons</unit></amt>
        <item>Soy sauce</item></ing>
      <ing>
        <amt>
          <qty>3/4</qty>
          <unit>pounds</unit></amt>
        <item>Asparagus</item></ing></ingredients>
    <directions>
      <step>  Source; Wholehearted Cooking, Terry Joyce Blonder
  
  You will need to make the sauce up ahead of time. Peel ginger. Cut into
  thin narrow strips. Wash orange then zest it. Boil the ginger and orange
  five minutes. Drain through a wire mesh. Juice the orange. (If you do not
  have 1/4 c add a little of the liquid from boiling the orange peel and
  ginger. Whisk olive oil, viegar, salt, pepper, and soy sauce into the
  juice. Stir in orange peel and ginger. Let sit for 3 or more hours. Cook
  asparagus. Pour sauce over asparagus and serve. (This can be served cold
  too.)
  
  Calories 82, proteien 3 g, fat 5 g, sodium 181 mg, cholesterol 0.
  
  Posted to TNT - Prodigy's Recipe Exchange Newsletter  by crmcbride@juno.com
  (Caroline R McBride) on Jul 21, 1997
 
</step></directions></recipe></recipeml>
