<?xml version="1.0" encoding="UTF-8"?>

<recipeml version="0.5">
  <recipe>
    <head>
      <title>Asparagus Salad with Blue Cheese Dressing</title>
      <categories>
        <cat>Salads</cat>
        <cat>Healthy</cat>
        <cat>Dressing</cat></categories>
      <yield>4</yield></head>
    <ingredients>
      <ing>
        <amt>
          <qty>28</qty>
          <unit/></amt>
        <item>Asparagus spears -- trimmed</item></ing>
      <ing>
        <amt>
          <qty>1/2</qty>
          <unit>cups</unit></amt>
        <item>Nonfat yogurt</item></ing>
      <ing>
        <amt>
          <qty>1</qty>
          <unit>tablespoon</unit></amt>
        <item>Blue cheese -- crumbled</item></ing>
      <ing>
        <amt>
          <qty>1/4</qty>
          <unit>cups</unit></amt>
        <item>Lemon juice</item></ing>
      <ing>
        <amt>
          <qty>1</qty>
          <unit>tablespoon</unit></amt>
        <item>Chives</item></ing>
      <ing>
        <amt>
          <qty>1</qty>
          <unit/></amt>
        <item>Clove garlic -- peeled and</item></ing>
      <ing>
        <amt>
          <qty/>
          <unit/></amt>
        <item>Minced</item></ing>
      <ing>
        <amt>
          <qty>2</qty>
          <unit/></amt>
        <item>Tomatoes -- cored and</item></ing>
      <ing>
        <amt>
          <qty/>
          <unit/></amt>
        <item>Wedged</item></ing>
      <ing>
        <amt>
          <qty/>
          <unit/></amt>
        <item>Salt and pepper -- to taste</item></ing>
      <ing>
        <amt>
          <qty>1/2</qty>
          <unit>cups</unit></amt>
        <item>Fennel</item></ing></ingredients>
    <directions>
      <step>  Bring water to the boil in the bottom of a steamer. Fit the baket into the
  steamer.  Steam the asparagus over medium high heat for about 6 minutes,
  until bright green and tender. Remove the steamer from the heat and let the
  asparagus cool.
  
  Combine the yogurt and blue cheese in a small saucepan. Warm over low heat
  for 1 to 2 minutes, whisking constantly, just until the blue cheese has
  melted.  Remove the pan from the heat and whisk in the lemon juice, chives
  and garlic.
  
  Arrange the asparagus in the centrer of a serving plate and ring with the
  tomato wedges. Drizzle the yogurt dressing over the asparagus. Sprinkle
  with the salt and pepper and garnish with the fennel.
  
  Recipe By: Rosie Daley from "In the Kitchen with Rosie"
  Posted to MM-Recipes Digest V3 #300
  
  Date: Sat, 2 Nov 1996 14:21:07 +0000
  
  From: Linda Place &lt;placel@worldnet.att.net&gt;
 
</step></directions></recipe></recipeml>
