<?xml version="1.0" encoding="UTF-8"?>

<recipeml version="0.5">
  <recipe>
    <head>
      <title>Asparagus Stir Fry</title>
      <categories>
        <cat>Asparagus</cat>
        <cat>Vegetables</cat></categories>
      <yield>4</yield></head>
    <ingredients>
      <ing>
        <amt>
          <qty>2/3</qty>
          <unit>pounds</unit></amt>
        <item>Asparagus</item></ing>
      <ing>
        <amt>
          <qty>1/4</qty>
          <unit>cups</unit></amt>
        <item>Vegetable oil</item></ing>
      <ing>
        <amt>
          <qty>1</qty>
          <unit>tablespoon</unit></amt>
        <item>Sliced garlic</item></ing>
      <ing>
        <amt>
          <qty>1/2</qty>
          <unit>teaspoons</unit></amt>
        <item>Salt</item></ing></ingredients>
    <directions>
      <step>  Rinse asparagus in cold water. Snap off tough ends. Slice asparagus into
  1-inch pieces diagonally. Heat oil in wok over high heat 30 seconds.
  Stir-fry garlic until golden (30 seconds). Add asparagus and salt. Stir-fry
  3 minutes or until asparagus is crisp-tender. Serve hot from wok. Serves 4.
  Posted to recipelu-digest by "Diane Geary." &lt;diane@keyway.net&gt; on Feb 4,
  1998
 
</step></directions></recipe></recipeml>
