<?xml version="1.0" encoding="UTF-8"?>

<recipeml version="0.5">
  <recipe>
    <head>
      <title>Asparagus with Honey-Garlic Sauce</title>
      <categories>
        <cat>Low fat</cat>
        <cat>Sauces</cat></categories>
      <yield>5</yield></head>
    <ingredients>
      <ing>
        <amt>
          <qty>1</qty>
          <unit>pound</unit></amt>
        <item>Fresh Asparagus</item></ing>
      <ing>
        <amt>
          <qty>1/2</qty>
          <unit>cups</unit></amt>
        <item>Dijon Mustard</item></ing>
      <ing>
        <amt>
          <qty>1/2</qty>
          <unit>cups</unit></amt>
        <item>Beer; Dark Or Dark Ale</item></ing>
      <ing>
        <amt>
          <qty>1/3</qty>
          <unit>cups</unit></amt>
        <item>Honey</item></ing>
      <ing>
        <amt>
          <qty>1</qty>
          <unit/></amt>
        <item>Clove Garlic; Minced</item></ing>
      <ing>
        <amt>
          <qty>1/2</qty>
          <unit>teaspoons</unit></amt>
        <item>Dried Thyme; Crushed</item></ing>
      <ing>
        <amt>
          <qty>1/2</qty>
          <unit>teaspoons</unit></amt>
        <item>Salt</item></ing></ingredients>
    <directions>
      <step>  Trim or break off asparagus spears at tender point; rinse.
  
  In large skillet, in boiling water to cover, cook asparagus until
  crisp-tender, 3-5 minutes. Do not overcook. Drain and rinse under cold
  water.
  
  Combine remaining ingredients for the sauce. Pour over asparagus.
  
  Serves 5.
  
  &gt;From the National Honey Board
  
  Excellent!!
  
  Entered into MasterCook by Reggie Dwork  &lt;reggie@reggie.com&gt;
  &lt;eat-lf-request@lists.best.com&gt;
  
  With permission from The San Jose Mercury News newspaper.
  Posted to Digest eat-lf.v096.n128
  
  Date: Mon, 19 Aug 1996 20:16:40 -0700 (PDT)
  
  From: "Tina D. Bell" &lt;tdbell@altair.csustan.edu&gt;
  NOTES : According to MasterCook:
       Cal  108.7
       Fat  1.2g
       Carbs  23.5g
       Fiber  1.8g
       Protein  2.4g
       Sodium  517mg
       CFF  9.2%
 
</step></directions></recipe></recipeml>
