<?xml version="1.0" encoding="UTF-8"?>

<recipeml version="0.5">
  <recipe>
    <head>
      <title>Asparagus or Spinach Lasagne</title>
      <categories>
        <cat>New</cat>
        <cat>Text</cat>
        <cat>Import</cat></categories>
      <yield>4</yield></head>
    <ingredients>
      <ing>
        <amt>
          <qty>5</qty>
          <unit/></amt>
        <item>Lasagne noodles</item></ing>
      <ing>
        <amt>
          <qty>2</qty>
          <unit/></amt>
        <item>Cloves minced garlic</item></ing>
      <ing>
        <amt>
          <qty>1/2</qty>
          <unit>teaspoons</unit></amt>
        <item>Crushed thyme</item></ing>
      <ing>
        <amt>
          <qty>2</qty>
          <unit>tablespoons</unit></amt>
        <item>Butter</item></ing>
      <ing>
        <amt>
          <qty>2</qty>
          <unit>tablespoons</unit></amt>
        <item>Flour</item></ing>
      <ing>
        <amt>
          <qty>1 1/3</qty>
          <unit>cups</unit></amt>
        <item>Milk</item></ing>
      <ing>
        <amt>
          <qty>1</qty>
          <unit>cup</unit></amt>
        <item>Shredded mozzarella cheese</item></ing>
      <ing>
        <amt>
          <qty>1</qty>
          <unit>cup</unit></amt>
        <item>Julienne ham</item></ing>
      <ing>
        <amt>
          <qty>1</qty>
          <unit/></amt>
        <item>(15 oz.) can asparagus or spinach</item></ing></ingredients>
    <directions>
      <step>  Cook noodles as directed on package, drain and cut in half.  In saucepan
  cook garlic and thyme in butter.  Blend in flour; cook stirring constantly
  until thick.  Season to taste with salt and pepper. In microwaveable dish
  layer 1/3 noodles, sauce, cheese, ham and asparagus or spinach. Repeat
  layers 2 more times.  In microwave cover and cook on high 9-10 minutes.
  Rotate dish twice.  4 servings
 
</step></directions></recipe></recipeml>
