<?xml version="1.0" encoding="UTF-8"?>

<recipeml version="0.5">
  <recipe>
    <head>
      <title>Asparagus Vegetable Soup</title>
      <categories>
        <cat>None</cat></categories>
      <yield>1</yield></head>
    <ingredients>
      <ing>
        <amt>
          <qty>5</qty>
          <unit>cups</unit></amt>
        <item>Water or stock</item></ing>
      <ing>
        <amt>
          <qty>1/4</qty>
          <unit>cups</unit></amt>
        <item>Uncooked brown rice</item></ing>
      <ing>
        <amt>
          <qty>2</qty>
          <unit/></amt>
        <item>Potatoes; sliced, peepled ot not as you prefer</item></ing>
      <ing>
        <amt>
          <qty>1</qty>
          <unit/></amt>
        <item>Carrot; sliced</item></ing>
      <ing>
        <amt>
          <qty>2</qty>
          <unit/></amt>
        <item>Leeks; washed very very carefully</item></ing>
      <ing>
        <amt>
          <qty>1</qty>
          <unit/></amt>
        <item>Stalk celery</item></ing>
      <ing>
        <amt>
          <qty>1</qty>
          <unit>teaspoon</unit></amt>
        <item>Thyme dried</item></ing>
      <ing>
        <amt>
          <qty>1</qty>
          <unit>teaspoon</unit></amt>
        <item>Dried dill weed</item></ing>
      <ing>
        <amt>
          <qty>10</qty>
          <unit/></amt>
        <item>Stalks of asparagus; sliced. use as much of it as you can</item></ing>
      <ing>
        <amt>
          <qty>2</qty>
          <unit>cups</unit></amt>
        <item>Chpped spinach; preferably fresh</item></ing>
      <ing>
        <amt>
          <qty/>
          <unit/></amt>
        <item>White pepper</item></ing></ingredients>
    <directions>
      <step>  (ordinarily I would only eat my asparagus lightly steame with garlic, but
  sometimes I have so much on hand..)
  
  boil water, add rice, potatoes and carrots cook til potatoes are tender
  (not cooked through but tender). Add everything except the asparagus tips.
  Simmer til rice and ptoatoes are cooked through. Add the asparagus tips and
  wilt them.
  
  Variations: again terrific on a hot day with plain nonfat yoghurt. can use
  milk or cream Posted to fatfree digest V97 #179 by Gloriamarie Amalfitano
  &lt;gma@adnc.com&gt; on Aug 14, 1997
 
</step></directions></recipe></recipeml>
