<?xml version="1.0" encoding="UTF-8"?>

<recipeml version="0.5">
  <recipe>
    <head>
      <title>Asparagus with Garlic (Mccartney)</title>
      <categories>
        <cat>Vegetables</cat>
        <cat>Asparagus</cat>
        <cat>*mccartney</cat></categories>
      <yield>4</yield></head>
    <ingredients>
      <ing>
        <amt>
          <qty>2</qty>
          <unit/></amt>
        <item>Cloves garlic; crushed (2 to 3)</item></ing>
      <ing>
        <amt>
          <qty>4</qty>
          <unit>tablespoons</unit></amt>
        <item>Olive oil</item></ing>
      <ing>
        <amt>
          <qty>2</qty>
          <unit>pounds</unit></amt>
        <item>Asparagus</item></ing>
      <ing>
        <amt>
          <qty>4</qty>
          <unit>tablespoons</unit></amt>
        <item>Grated Parmesan cheese; or more</item></ing>
      <ing>
        <amt>
          <qty>2</qty>
          <unit>teaspoons</unit></amt>
        <item>Fresh lemon juice</item></ing></ingredients>
    <directions>
      <step>  1. Mix crushed garlic to taste with the oil and set aside.
  
  2. Stand the asparagus spears upright in a tall pan of boiling water (the
  tips should not be submerged), cover and cook for 8-10 minutes or until
  tender. Lift the asparagus carefully into a colander to drain.
  
  3. Arrange the asparagus on warm plates and spoon the garlic oil over the
  tips.
  
  4. Sprinkle with Parmesan and lemon juice, and serve immediately with warm
  crusty bread to mop up all the juices.
  
  (PER SERVING: 172 cals, 17g fat)
  
  Notes: When asparagus is in season, make the most of it and try this
  unusual way of serving it, with garlic-flavoured oil, lemon juice and
  freshly grated Parmesan.
  
     1998    Hanneman/McBuster
  
  Recipe by: LINDA'S KITCHEN by Linda McCartney (Little, Brown)
  
  Posted to MC-Recipe Digest by KitPATh &lt;phannema@wizard.ucr.edu&gt; on Apr 21,
  1998
 
</step></directions></recipe></recipeml>
