<?xml version="1.0" encoding="UTF-8"?>

<recipeml version="0.5">
  <recipe>
    <head>
      <title>20-Minute White Bean Chili</title>
      <categories>
        <cat>None</cat></categories>
      <yield>6</yield></head>
    <ingredients>
      <ing>
        <amt>
          <qty>1</qty>
          <unit>cup</unit></amt>
        <item>Chopped onions</item></ing>
      <ing>
        <amt>
          <qty>1</qty>
          <unit/></amt>
        <item>Clove garlic; minced</item></ing>
      <ing>
        <amt>
          <qty>1</qty>
          <unit>tablespoon</unit></amt>
        <item>Vegetable oil</item></ing>
      <ing>
        <amt>
          <qty>1</qty>
          <unit>pound</unit></amt>
        <item>Ground turkey</item></ing>
      <ing>
        <amt>
          <qty>1</qty>
          <unit>can</unit></amt>
        <item>Stewed tomatoes; (14 1/2 ounce)</item></ing>
      <ing>
        <amt>
          <qty>1</qty>
          <unit>cup</unit></amt>
        <item>Chicken broth or low sodium chicken broth</item></ing>
      <ing>
        <amt>
          <qty>1/2</qty>
          <unit>cups</unit></amt>
        <item>Grey Poupon® Dijon Mustard</item></ing>
      <ing>
        <amt>
          <qty>1</qty>
          <unit>tablespoon</unit></amt>
        <item>Chili powder</item></ing>
      <ing>
        <amt>
          <qty>1/8</qty>
          <unit>teaspoons</unit></amt>
        <item>Ground red pepper; (up to 1/4)</item></ing>
      <ing>
        <amt>
          <qty>1</qty>
          <unit>can</unit></amt>
        <item>Cannellini beans (15 ounce); drained and rinsed</item></ing>
      <ing>
        <amt>
          <qty>1</qty>
          <unit>can</unit></amt>
        <item>Corn (8 ounce); drained</item></ing>
      <ing>
        <amt>
          <qty/>
          <unit/></amt>
        <item>Tortilla chips; shredded cheddar cheese, and</item></ing>
      <ing>
        <amt>
          <qty/>
          <unit/></amt>
        <item>Cilantro; optional</item></ing></ingredients>
    <directions>
      <step>  In 3-quart saucepan, over medium-high heat, sauté‚ onions and garlic in oil
  until tender. Add turkey; cook until done, stirring occasionally to break
  up meat. Drain. Stir in tomatoes, chicken broth, mustard, chili powder and
  pepper. Heat to a boil; reduce heat. Simmer for 10 minutes. Stir in beans
  and corn cook for 5 minutes. Top with tortilla chips, shredded cheese and
  cilantro, if desired.
  
  Happily scanned and "Busted" by Pamela Creeden 04/16/98
  
  Recipe by: Best Recipes, $.99 Recipes, p.19
  
  Posted to MC-Recipe Digest by "Pamela Creeden" &lt;creedenites@sprintmail.com&gt;
  on Apr 17, 1998
 
</step></directions></recipe></recipeml>
