<?xml version="1.0" encoding="UTF-8"?>

<recipeml version="0.5">
  <recipe>
    <head>
      <title>3-C Bread</title>
      <categories>
        <cat>None</cat></categories>
      <yield>1</yield></head>
    <ingredients>
      <ing>
        <amt>
          <qty>2</qty>
          <unit/></amt>
        <item>Beaten eggs</item></ing>
      <ing>
        <amt>
          <qty>1/2</qty>
          <unit>cups</unit></amt>
        <item>Oil</item></ing>
      <ing>
        <amt>
          <qty>1/2</qty>
          <unit>cups</unit></amt>
        <item>Milk</item></ing>
      <ing>
        <amt>
          <qty>2 1/2</qty>
          <unit>cups</unit></amt>
        <item>Flour</item></ing>
      <ing>
        <amt>
          <qty>1</qty>
          <unit>cup</unit></amt>
        <item>Sugar</item></ing>
      <ing>
        <amt>
          <qty>1</qty>
          <unit>teaspoon</unit></amt>
        <item>Baking powder</item></ing>
      <ing>
        <amt>
          <qty>1</qty>
          <unit>teaspoon</unit></amt>
        <item>Baking soda</item></ing>
      <ing>
        <amt>
          <qty>1</qty>
          <unit>teaspoon</unit></amt>
        <item>Cinnamon</item></ing>
      <ing>
        <amt>
          <qty>1/2</qty>
          <unit>teaspoons</unit></amt>
        <item>Salt</item></ing>
      <ing>
        <amt>
          <qty>2</qty>
          <unit>cups</unit></amt>
        <item>Shredded carrots (I use food processor)</item></ing>
      <ing>
        <amt>
          <qty>1 1/3</qty>
          <unit>cups</unit></amt>
        <item>Shredded coconut</item></ing>
      <ing>
        <amt>
          <qty>1/2</qty>
          <unit>cups</unit></amt>
        <item>Chopped marischino cherries</item></ing>
      <ing>
        <amt>
          <qty>1/2</qty>
          <unit>cups</unit></amt>
        <item>Raisins</item></ing>
      <ing>
        <amt>
          <qty>1/2</qty>
          <unit>cups</unit></amt>
        <item>Chopped pecans (optional)</item></ing></ingredients>
    <directions>
      <step>  This recipe was given to my by Judy Burtner, who was Home Extension agent
  for Frederic Co. Virginia many years ago. She specifically called for this
  being baked in cans....
  
  This is a different tea bread, and is exceptionally good. It freezes well.
  
  Combine eggs, oil, and milk. Beat until well blended. Sift together the
  flour, sugar, baking powder, soda, cinnamon, and salt. Add to egg mixture,
  and stir until combined. Stir in the carrots, coconut, cherries, raisins,
  and pecans.
  
  Turn into 4 greased/floured vegetable cans (like green beans come in). Bake
  at 350 degrees for 45-50 minutes. Let cool in can for about 5 minutes, then
  cool completely. Refrigerate until ready to use.
  
  Note: a regular loaf pan may be used or 4-5 mini-loaf pans.
  
  I'll bet this would be great done in the "jar".
  
  Posted to EAT-L Digest 18 October 96
  
  Date:    Sat, 19 Oct 1996 18:02:59 EDT
  
  From:    "Sharon H. Frye" &lt;shfrye@PEN.K12.VA.US&gt;
 
</step></directions></recipe></recipeml>
