<?xml version="1.0" encoding="UTF-8"?>

<recipeml version="0.5">
  <recipe>
    <head>
      <title>3-Layer Mexican Dip</title>
      <categories>
        <cat>Mexican</cat>
        <cat>Dips</cat></categories>
      <yield>1</yield></head>
    <ingredients>
      <ing>
        <amt>
          <qty>1</qty>
          <unit>can</unit></amt>
        <item>Refried beans</item></ing>
      <ing>
        <amt>
          <qty>1 1/2</qty>
          <unit>cups</unit></amt>
        <item>Guacamole</item></ing>
      <ing>
        <amt>
          <qty>1 1/2</qty>
          <unit>cups</unit></amt>
        <item>Sour cream</item></ing>
      <ing>
        <amt>
          <qty>1/2</qty>
          <unit>teaspoons</unit></amt>
        <item>Garlic powder</item></ing>
      <ing>
        <amt>
          <qty>1/4</qty>
          <unit>teaspoons</unit></amt>
        <item>Chili powder</item></ing>
      <ing>
        <amt>
          <qty>1/4</qty>
          <unit>teaspoons</unit></amt>
        <item>Ground cumin</item></ing>
      <ing>
        <amt>
          <qty>1/4</qty>
          <unit>teaspoons</unit></amt>
        <item>Salt</item></ing>
      <ing>
        <amt>
          <qty>1/4</qty>
          <unit>teaspoons</unit></amt>
        <item>Black pepper</item></ing>
      <ing>
        <amt>
          <qty>1/2</qty>
          <unit>cups</unit></amt>
        <item>Grated sharp cheddar cheese</item></ing>
      <ing>
        <amt>
          <qty>1/2</qty>
          <unit>cups</unit></amt>
        <item>Tomatoes; diced</item></ing>
      <ing>
        <amt>
          <qty>1/2</qty>
          <unit>cups</unit></amt>
        <item>Lettuce; shredded</item></ing>
      <ing>
        <amt>
          <qty>1/4</qty>
          <unit>cups</unit></amt>
        <item>Pitted black olives; chopped</item></ing>
      <ing>
        <amt>
          <qty>2</qty>
          <unit/></amt>
        <item>Green onions; chopped</item></ing></ingredients>
    <directions>
      <step>  1. Heat the refired beans in the microwave until soft and spread them over
  the bottom of a 10-inch round glass baking dish, a round cake pan works as
  well.
  
  2. Cover the beans with guacamole.
  
  3. In a small bowl, combine the sour cream, garlic powder, chili powder,
  cumin, salt, and pepper.
  
  4. Mix well and spread on top of guacamole.
  
  5. Sprinkle the top with cheese, tomatoes, lettuce, olives and green
  onions. Serve chilled with taco chips or on tortillas.
  Posted to recipelu-digest Volume 01 Number 292 by RecipeLu
  &lt;recipelu@geocities.com&gt; on Nov 23, 1997
 
</step></directions></recipe></recipeml>
