<?xml version="1.0" encoding="UTF-8"?>

<recipeml version="0.5">
  <recipe>
    <head>
      <title>3-Step Veggie Pizza</title>
      <categories>
        <cat>Vegetable</cat></categories>
      <yield>4</yield></head>
    <ingredients>
      <ing>
        <amt>
          <qty>2</qty>
          <unit>packages</unit></amt>
        <item>Crescent rolls</item></ing>
      <ing>
        <amt>
          <qty>2</qty>
          <unit>packages</unit></amt>
        <item>(8-oz)  cream cheese</item></ing>
      <ing>
        <amt>
          <qty>1</qty>
          <unit>cup</unit></amt>
        <item>Mayo</item></ing>
      <ing>
        <amt>
          <qty>1</qty>
          <unit>package</unit></amt>
        <item>Hidden valley Ranch Dressing Mix</item></ing>
      <ing>
        <amt>
          <qty>3/4</qty>
          <unit>cups</unit></amt>
        <item>Each of the following vegetables or choose your favorites): broccoli; cauliflower; tomatoes, onion; peppers, and carrots</item></ing>
      <ing>
        <amt>
          <qty>From:</qty>
          <unit/></amt>
        <item>Christine A Weichart &lt;weichart@CSD.UWM.EDU&gt;</item></ing>
      <ing>
        <amt>
          <qty>Date:</qty>
          <unit/></amt>
        <item>Wed, 10 Jul 1996 23:17:48 -0500</item></ing></ingredients>
    <directions>
      <step>  from KinderCare 25th Anniversary cookbook.
  
  Sprinkle grated cheddar and/or mozzarella cheese if you'd like.
  
  STEP  1: Cover the bottom of a cookie sheet with rolls to make a crust.
  Bake at 350 degrees for 8-10 min.  or until light brown.  Cool 10 minutes.
  
  STEP 2: Mix ingredients (except vegetables and cheese) until smooth. Spread
  over cooled crust.
  
  STEP 3: Finely chop vegetables and spread on cream cheese topping. Sprinkle
  with cheese.
  
  ***If you want to reduce the fat  content, low-fat mayo and sourcream can
  be used.
  
  EAT-L Digest 10 July 96
  
  From the EAT-L recipe list.  Downloaded from Glen's MM Recipe Archive,
  http://www.erols.com/hosey.
 
</step></directions></recipe></recipeml>
