<?xml version="1.0" encoding="UTF-8"?>

<recipeml version="0.5">
  <recipe>
    <head>
      <title>3 Fives Ice Cream</title>
      <categories>
        <cat>Frozen</cat>
        <cat>Treats</cat></categories>
      <yield>1</yield></head>
    <ingredients>
      <ing>
        <amt>
          <qty>3</qty>
          <unit/></amt>
        <item>Bananas; mashed</item></ing>
      <ing>
        <amt>
          <qty>3</qty>
          <unit/></amt>
        <item>Oranges; juiced with pulp</item></ing>
      <ing>
        <amt>
          <qty>3</qty>
          <unit/></amt>
        <item>Lemons; juiced</item></ing>
      <ing>
        <amt>
          <qty>3</qty>
          <unit>cups</unit></amt>
        <item>Sugar</item></ing>
      <ing>
        <amt>
          <qty>3</qty>
          <unit>quarts</unit></amt>
        <item>Half and half</item></ing></ingredients>
    <directions>
      <step>  Combine all the above ingredients together and freeze in 6 quart container.
  Posted to MC-Recipe Digest by "Chris or Terri Weidman"
  &lt;weedbear@infowest.com&gt; on Apr 25, 1998
 
</step></directions></recipe></recipeml>
