<?xml version="1.0" encoding="UTF-8"?>

<recipeml version="0.5">
  <recipe>
    <head>
      <title>3 Minute No-Bake Cookies</title>
      <categories>
        <cat>None</cat></categories>
      <yield>1</yield></head>
    <ingredients>
      <ing>
        <amt>
          <qty>2</qty>
          <unit>cups</unit></amt>
        <item>Granulated sugar</item></ing>
      <ing>
        <amt>
          <qty>1/2</qty>
          <unit>cups</unit></amt>
        <item>(1 stick) margarine or butter</item></ing>
      <ing>
        <amt>
          <qty>1/2</qty>
          <unit>cups</unit></amt>
        <item>2% low-fat milk</item></ing>
      <ing>
        <amt>
          <qty>1/3</qty>
          <unit>cups</unit></amt>
        <item>Unsweetened cocoa powder</item></ing>
      <ing>
        <amt>
          <qty>3</qty>
          <unit>cups</unit></amt>
        <item>QUAKER® Oats; (Quick or Old fashioned, uncooked)</item></ing></ingredients>
    <directions>
      <step>  http://www.quakeroatmeal.com/
  
  In large saucepan, combine sugar, milk, margarine and cocoa. Bring to boil
  over medium heat, stirring frequently. Continue boiling 3 minutes. Remove
  from heat. Stir in oats; mix well. Quickly drop by tablespoonfuls onto
  waxed paper or greased cookie sheet. Let stand until set. Store tighlty
  covered at room temperature.
  
  ABOUT 3 DOZEN
  
  Nutrition Information 1 cookie: Calories 100, Calories From Fat 30, Total
  Fat 3g, Saturated Fat 1g, Cholesterol 0mg, Sodium 35mg, Total Carbohydrates
  16g, Dietary Fiber 1g, Protein 1g
  Posted to brand-name-recipes by ralph20@ibm.net (L. A. Marchildon) on Feb
  7, 1998
 
</step></directions></recipe></recipeml>
