<?xml version="1.0" encoding="UTF-8"?>

<recipeml version="0.5">
  <recipe>
    <head>
      <title>3 Minute Bbq Sauce</title>
      <categories>
        <cat>Sauces</cat></categories>
      <yield>10</yield></head>
    <ingredients>
      <ing>
        <amt>
          <qty>3/4</qty>
          <unit>cups</unit></amt>
        <item>Corn syrup</item></ing>
      <ing>
        <amt>
          <qty>1/2</qty>
          <unit>cups</unit></amt>
        <item>Ketchup</item></ing>
      <ing>
        <amt>
          <qty>1/4</qty>
          <unit>cups</unit></amt>
        <item>Worcestershire sauce</item></ing>
      <ing>
        <amt>
          <qty>1/4</qty>
          <unit>cups</unit></amt>
        <item>Prepared mustard</item></ing>
      <ing>
        <amt>
          <qty>2</qty>
          <unit>teaspoons</unit></amt>
        <item>Ground ginger</item></ing></ingredients>
    <directions>
      <step>  In a bowl, stir together all ingredients. Brush on meats or poultry during
  last 20 minutes of grilling, turning frequently. Makes 1 1/2 cups.
  
  Per serving: 92 Calories; less than one gram Fat (3% calories from fat); 1g
  Protein; 24g Carbohydrate; 0mg Cholesterol; 293mg Sodium
  
  Recipe by: Karo
  
  Posted to recipelu-digest Volume 01 Number 668 by on
 
</step></directions></recipe></recipeml>
