<?xml version="1.0" encoding="UTF-8"?>

<recipeml version="0.5">
  <recipe>
    <head>
      <title>Almost Impossible Basic Baking Mix</title>
      <categories>
        <cat>Italian</cat>
        <cat>Vegetables</cat></categories>
      <yield>1</yield></head>
    <ingredients>
      <ing>
        <amt>
          <qty>2 3/4</qty>
          <unit>cups</unit></amt>
        <item>All-purpose flour*</item></ing>
      <ing>
        <amt>
          <qty>1/3</qty>
          <unit>cups</unit></amt>
        <item>Nonfat dry milk powder</item></ing>
      <ing>
        <amt>
          <qty>1</qty>
          <unit>tablespoon</unit></amt>
        <item>Sugar</item></ing>
      <ing>
        <amt>
          <qty>1</qty>
          <unit>tablespoon</unit></amt>
        <item>Double-acting baking powder</item></ing>
      <ing>
        <amt>
          <qty>1</qty>
          <unit>teaspoon</unit></amt>
        <item>Salt</item></ing>
      <ing>
        <amt>
          <qty>6</qty>
          <unit>tablespoons</unit></amt>
        <item>Solid vegetable shortening</item></ing></ingredients>
    <directions>
      <step>  *To vary the mix, replace half of the flour with   whole-wheat flour or
  cornmeal.  Combine flour, dry   milk, sugar, baking powder, salt and
  shortening in   food processor. Pulse until mixture is well blended   and
  smooth. Store in container with tight-fitting   cover in cool place for up
  to 4 weeks. Stir well   before using.
  
  Posted to MC-Recipe Digest V1 #193
  
  Date: Sun, 11 Aug 1996 11:27:00 -0400
  
  From: kmeade@ids2.idsonline.com (The Meades)
  NOTES : Makes 17 cups.
       =20
 
</step></directions></recipe></recipeml>
