<?xml version="1.0" encoding="UTF-8"?>

<recipeml version="0.5">
  <recipe>
    <head>
      <title>Almost Marie Callender's Corn Bread (Wright)</title>
      <categories>
        <cat>*press</cat>
        <cat>Copycat</cat>
        <cat>Quick bread</cat></categories>
      <yield>18</yield></head>
    <ingredients>
      <ing>
        <amt>
          <qty>1</qty>
          <unit/></amt>
        <item>Box; (9 ounce) Jiffy Corn Muffin Mix</item></ing>
      <ing>
        <amt>
          <qty>1</qty>
          <unit/></amt>
        <item>Box; (9 ounce) yellow cake mix</item></ing></ingredients>
    <directions>
      <step>  In a bowl prepare the corn muffin mix following directions on the box. In
  another bowl make the cake mix following directions on the box. Combine the
  2 mixes and mix well. Pour batter into a 9-by-12-inch pan. Bake in
  350-degree oven for 30 to 35 minutes or until a wooden pick inserted in the
  center comes out clean.
  
  *Liz Caesar's Cook And Tell: Delicious Florentine spinach tart
  picnic-perfect Published by the Riverside Press-Enterprise 1998/03/25.
  &gt;&gt;Translated to Mastercook by Pat Hanneman.
  
  Notes: Betty Wright of Riverside shared this recipe, which she found in The
  Press-Enterprise several years ago.
  
  Recipe by: Riv PE 98-Mar-25*
  
  Posted to MC-Recipe Digest by KitPATh &lt;phannema@wizard.ucr.edu&gt; on Mar 25,
  1998
 
</step></directions></recipe></recipeml>
