<?xml version="1.0" encoding="UTF-8"?>

<recipeml version="0.5">
  <recipe>
    <head>
      <title>Almost Lindy's Cheesecake</title>
      <categories>
        <cat>Desserts</cat></categories>
      <yield>8</yield></head>
    <ingredients>
      <ing-div>
        <title>CRUST</title>
        <ing>
          <amt>
            <qty>1</qty>
            <unit>cup</unit></amt>
          <item>Flour</item></ing>
        <ing>
          <amt>
            <qty>1</qty>
            <unit/></amt>
          <item>Egg yolk</item></ing>
        <ing>
          <amt>
            <qty>1/4</qty>
            <unit>cups</unit></amt>
          <item>Sugar</item></ing>
        <ing>
          <amt>
            <qty>1/4</qty>
            <unit>cups</unit></amt>
          <item>Butter</item></ing>
        <ing>
          <amt>
            <qty>1 1/2</qty>
            <unit>teaspoons</unit></amt>
          <item>Lemon zest; grated</item></ing>
        <ing>
          <amt>
            <qty/>
            <unit/></amt>
          <item>;Ice water, as needed</item></ing>
        <ing>
          <amt>
            <qty>1/2</qty>
            <unit>teaspoons</unit></amt>
          <item>Vanilla</item></ing></ing-div>
      <ing-div>
        <title>FILLING</title>
        <ing>
          <amt>
            <qty>40</qty>
            <unit>ounces</unit></amt>
          <item>Cream cheese</item></ing>
        <ing>
          <amt>
            <qty>1 1/2</qty>
            <unit>teaspoons</unit></amt>
          <item>Lemon zest</item></ing>
        <ing>
          <amt>
            <qty>1 3/4</qty>
            <unit>cups</unit></amt>
          <item>Sugar</item></ing>
        <ing>
          <amt>
            <qty>1 1/2</qty>
            <unit>teaspoons</unit></amt>
          <item>Orange zest</item></ing>
        <ing>
          <amt>
            <qty>3</qty>
            <unit>tablespoons</unit></amt>
          <item>Flour</item></ing>
        <ing>
          <amt>
            <qty>1/2</qty>
            <unit>teaspoons</unit></amt>
          <item>Vanilla</item></ing>
        <ing>
          <amt>
            <qty>5</qty>
            <unit/></amt>
          <item>Egg</item></ing>
        <ing>
          <amt>
            <qty>1/4</qty>
            <unit>cups</unit></amt>
          <item>Heavy cream</item></ing>
        <ing>
          <amt>
            <qty>2</qty>
            <unit/></amt>
          <item>Egg yolk</item></ing></ing-div></ingredients>
    <directions>
      <step>  Preheat oven to 400 degrees.  Prepare dough by combining flour, sugar,
  lemon zest and vanilla.  Make a well in the center and add the egg yolk and
  butter. Work together quickly with pastry blender or hands. Add 1 to 2
  tablespoons ice water if necessary to bind dough. Wrap dough in waxed paper
  and chill thoroughly, at least one hour.
  
  Remove ring from springform pan.  Roll one-third of the dough 1/8 inch
  thick and place over bottom of pan. Trim the edge and bake in pre- heated
  oven 12-15 minutes until a light golden brown. Cool. Place the springform
  sides over the baked base.  Roll the remaining dough 1/8 inch thick and cut
  to fit the sides of the pan, pressing firmly to fit and seal the base. Trim
  the dough to come only 3/4 inches up the sides.
  
  Turn oven up to 550 degrees.
  
  Cream cheese with sugar and flour until smooth.  Add eggs and two addi-
  tional yolks one at a time and blend. Add the flavorings and cream, mix
  well, and pour into prepared springform. Bake at 550 degrees for 10 to 12
  minutes, then reduce temperature to 200 degrees and continue to bake for
  one hour.  Cool the cake to room temperature before glazing. Submitted By
  SAM WARING &lt;SAM.WARING@382-91-12.IMA.INFOMAIL.COM&gt;  On MON, 13 NOV 1995
   132305    GMT
  
  From Gemini's MASSIVE MealMaster collection at www.synapse.com/~gemini
 
</step></directions></recipe></recipeml>
