<?xml version="1.0" encoding="UTF-8"?>

<recipeml version="0.5">
  <recipe>
    <head>
      <title>Almost Non-Fat Banana Bread Muffins</title>
      <categories>
        <cat>Digest</cat>
        <cat>Feb95</cat>
        <cat>Fatfree</cat></categories>
      <yield>1</yield></head>
    <ingredients>
      <ing-div>
        <title>MIX TOGETHER</title>
        <ing>
          <amt>
            <qty>1/4</qty>
            <unit>cups</unit></amt>
          <item>Unsweetened applesauce</item></ing>
        <ing>
          <amt>
            <qty>2</qty>
            <unit>tablespoons</unit></amt>
          <item>Lite preserves or</item></ing>
        <ing>
          <amt>
            <qty/>
            <unit/></amt>
          <item>Fruit-based jam</item></ing></ing-div>
      <ing-div>
        <title>BEAT IN</title>
        <ing>
          <amt>
            <qty>1</qty>
            <unit/></amt>
          <item>Egg replacer equal to 1 egg</item></ing>
        <ing>
          <amt>
            <qty/>
            <unit/></amt>
          <item>(reconstituted to liquid)</item></ing></ing-div>
      <ing-div>
        <title>STIR IN</title>
        <ing>
          <amt>
            <qty>2</qty>
            <unit/></amt>
          <item>To 3 mashed very ripe</item></ing>
        <ing>
          <amt>
            <qty/>
            <unit/></amt>
          <item>Bananas</item></ing>
        <ing>
          <amt>
            <qty>3</qty>
            <unit>tablespoons</unit></amt>
          <item>Soy milk</item></ing>
        <ing>
          <amt>
            <qty>2</qty>
            <unit>teaspoons</unit></amt>
          <item>White vinegar</item></ing></ing-div>
      <ing-div>
        <title>SIFT TOGETHER</title>
        <ing>
          <amt>
            <qty>2</qty>
            <unit>cups</unit></amt>
          <item>Whole wheat flour</item></ing>
        <ing>
          <amt>
            <qty>2</qty>
            <unit>teaspoons</unit></amt>
          <item>Wheat gluten</item></ing>
        <ing>
          <amt>
            <qty>1/2</qty>
            <unit>teaspoons</unit></amt>
          <item>Baking powder</item></ing>
        <ing>
          <amt>
            <qty>1/4</qty>
            <unit>teaspoons</unit></amt>
          <item>Baking soda</item></ing>
        <ing>
          <amt>
            <qty>1</qty>
            <unit>pinch</unit></amt>
          <item>Salt</item></ing></ing-div></ingredients>
    <directions>
      <step>  Add dry ingredients to the batter, mixing well.  Stir in 1/4 C raisins or
  date pieces (found in the bulk bins at some health food stores).  Fill
  cupcake size muffin tins 3/4 full.  (Batter is very thick.)  Bake 30
  minutes at 350 degrees, until top is brown and has a hard crust. Cool
  slightly, then remove from tins. Makes 12. This is a great recipe to double
  or triple, depending on how many ripe bananas you have.
  
  These freeze beautifully and can be popped in the oven or toaster oven at
  350 degrees for about 15 minutes to give them that fresh baked feel, if
  desired.
  
  I use a nonstick muffin pan but I just picked up some cushionaire muffin
  tins and find the breads came out lighter now.  I do NOT spray the tins
  with any Pam.
  
  Nutritional analysis per muffin based on the 1/4 cup sugar recipe:
  
  calories  125 fat .684 gr (less than 1%) sodium 6.33 mg protein 2.684 gr
  fiber     3.599 gm
  
  Source: My banana bread recipe, adapted from ideas I got from this great
  list (thanks, Michelle!) and from Neal Pinckney's book, Healthy Heart
  
  Posted by "Natalie Frankel" &lt;Natalie.Frankel@mixcom.com&gt; to the Fatfree
  Digest [Volume 15 Issue 12] Feb. 12, 1995.
  
  Individual recipes copyrighted by originator. FATFREE Recipe collections
  copyrighted by Michelle Dick 1995. Formatted by Sue Smith,
  SueSmith9@aol.com using MMCONV. Archived through kindness of Karen
  Mintzias, km@salata.com.
  
  1.80á
  
  File ftp://ftp.idiscover.co.uk/pub/food/mealmaster/recipes/fatfreex.zip
 
</step></directions></recipe></recipeml>
