<?xml version="1.0" encoding="UTF-8"?>

<recipeml version="0.5">
  <recipe>
    <head>
      <title>Almost Indian Chicken</title>
      <categories>
        <cat>Indian</cat>
        <cat>Main dishes</cat>
        <cat>Crockpot</cat></categories>
      <yield>4</yield></head>
    <ingredients>
      <ing>
        <amt>
          <qty>4</qty>
          <unit/></amt>
        <item>Boned and skinned chicken breast halves, cut in 1" cubes</item></ing>
      <ing>
        <amt>
          <qty>2</qty>
          <unit>tablespoons</unit></amt>
        <item>Olive oil</item></ing>
      <ing>
        <amt>
          <qty>1</qty>
          <unit/></amt>
        <item>Piece fresh ginger (1" x 1"), cut in slivers</item></ing>
      <ing>
        <amt>
          <qty>2</qty>
          <unit/></amt>
        <item>Cloves garlic; crushed</item></ing>
      <ing>
        <amt>
          <qty>1</qty>
          <unit>large</unit></amt>
        <item>Onion; sliced thin</item></ing>
      <ing>
        <amt>
          <qty>1</qty>
          <unit>teaspoon</unit></amt>
        <item>Ground cumin</item></ing>
      <ing>
        <amt>
          <qty>1</qty>
          <unit>teaspoon</unit></amt>
        <item>Ground coriander</item></ing>
      <ing>
        <amt>
          <qty>1</qty>
          <unit>teaspoon</unit></amt>
        <item>Dried parsley flakes</item></ing>
      <ing>
        <amt>
          <qty>1/2</qty>
          <unit>teaspoons</unit></amt>
        <item>Curry powder</item></ing>
      <ing>
        <amt>
          <qty>1/2</qty>
          <unit>teaspoons</unit></amt>
        <item>Freshly ground pepper</item></ing>
      <ing>
        <amt>
          <qty>1</qty>
          <unit>cup</unit></amt>
        <item>Plain yogurt</item></ing>
      <ing>
        <amt>
          <qty>1/2</qty>
          <unit>cups</unit></amt>
        <item>Chicken broth; divided</item></ing>
      <ing>
        <amt>
          <qty>1 1/2</qty>
          <unit>tablespoons</unit></amt>
        <item>Cornstarch</item></ing>
      <ing>
        <amt>
          <qty>2</qty>
          <unit>teaspoons</unit></amt>
        <item>Soy sauce</item></ing></ingredients>
    <directions>
      <step>  In frypan, place olive oil and heat over medium temperature. Add chicken,
  ginger, garlic and onion; saute about 10 minutes or until chicken is brown
  on all sides and onion is transparent. Meanwhile, in crockpot, place
  chicken broth (I used 1/2 cup warm water with 3 chicken bouillon cubes),
  cumin, coriander, parsley flakes, curry powder, and pepper. In a small
  separate dish, combine the cornstarch and soy sauce. When smooth, stir into
  the crockpot with the spice mixture. Add the browned chicken and onion
  mixture into the broth/spice mixture in crockpot. Gently stir in the
  yogurt. Set crockpot on low and cook for about 3 to 4 hours.
  
  Genevieve Lehman, Rockville, MD submitted the original format of this
  recipe in the National Chicken Cooking Contest.
  
  Serving Ideas : Over fresh pasta or basmati rice.
  
  NOTES : This recipe has been modified from its original format by Leilani
  Young. Served this to my hubby with rave reviews.  Original recipe called
  for 1 whole cut-up broiler-fryer chicken, and to be prepared on stovetop in
  large covered skillet.
  Recipe by: The Chicken Cookbook/38th National Chicken Cooking Contest
  Posted to TNT - Prodigy's Recipe Exchange Newsletter  by Bill &amp; Leilani
  Devries &lt;devriesb@cyberbeach.net&gt; on Aug 31, 1997
 
</step></directions></recipe></recipeml>
