<?xml version="1.0" encoding="UTF-8"?>

<recipeml version="0.5">
  <recipe>
    <head>
      <title>Almost Instant (Secret) Broccoli Soup</title>
      <categories>
        <cat>Soups</cat>
        <cat>Stews</cat></categories>
      <yield>1</yield></head>
    <ingredients>
      <ing>
        <amt>
          <qty/>
          <unit/></amt>
        <item>Left over or freshly cooked</item></ing>
      <ing>
        <amt>
          <qty/>
          <unit/></amt>
        <item>Broccoli</item></ing>
      <ing>
        <amt>
          <qty>1</qty>
          <unit>can</unit></amt>
        <item>Mushroom soup</item></ing>
      <ing>
        <amt>
          <qty/>
          <unit/></amt>
        <item>Milk -- as desired</item></ing>
      <ing>
        <amt>
          <qty/>
          <unit/></amt>
        <item>Salt and Pepper</item></ing></ingredients>
    <directions>
      <step>  Remove tiny tops of flowered ends of broccoli and save.  Dump remaining
  stems into blender.  Add soup, some milk, salt and pepper.  Blend. Garnish
  with saved tops.  Heat and serve.
  
  Recipe By     : BJanson
  
  From: Ladies Home Journal- August 1991
  
  File ftp://ftp.idiscover.co.uk/pub/food/mealmaster/recipes/mmdja006.zip
 
</step></directions></recipe></recipeml>
