<?xml version="1.0" encoding="UTF-8"?>

<recipeml version="0.5">
  <recipe>
    <head>
      <title>Almost Pasta Primavera</title>
      <categories>
        <cat>Diabetic</cat>
        <cat>Vegetables</cat>
        <cat>Cheese/eggs</cat></categories>
      <yield>6</yield></head>
    <ingredients>
      <ing>
        <amt>
          <qty>3 1/2</qty>
          <unit>pounds</unit></amt>
        <item>Spaghetti squash; 1 medium</item></ing>
      <ing>
        <amt>
          <qty>1</qty>
          <unit>cup</unit></amt>
        <item>Broccoli flowerets; fresh</item></ing>
      <ing>
        <amt>
          <qty>1</qty>
          <unit>cup</unit></amt>
        <item>Zucchini; small, sliced</item></ing>
      <ing>
        <amt>
          <qty>1</qty>
          <unit>cup</unit></amt>
        <item>Mushrooms; fresh, sliced</item></ing>
      <ing>
        <amt>
          <qty>1</qty>
          <unit>cup</unit></amt>
        <item>Carrot; sliced</item></ing>
      <ing>
        <amt>
          <qty>1</qty>
          <unit/></amt>
        <item>Clove garlic; small, crushed</item></ing>
      <ing>
        <amt>
          <qty>3/4</qty>
          <unit>teaspoons</unit></amt>
        <item>Reduced calorie margarine, melted</item></ing>
      <ing>
        <amt>
          <qty>1</qty>
          <unit>tablespoon</unit></amt>
        <item>Skim milk</item></ing>
      <ing>
        <amt>
          <qty>1/2</qty>
          <unit>cups</unit></amt>
        <item>Part skim ricotta cheese</item></ing>
      <ing>
        <amt>
          <qty>1</qty>
          <unit>tablespoon</unit></amt>
        <item>Parmesan cheese</item></ing>
      <ing>
        <amt>
          <qty>1/2</qty>
          <unit>teaspoons</unit></amt>
        <item>Imitation butter flavoring</item></ing>
      <ing>
        <amt>
          <qty>1/4</qty>
          <unit>teaspoons</unit></amt>
        <item>Salt</item></ing>
      <ing>
        <amt>
          <qty>1/2</qty>
          <unit>teaspoons</unit></amt>
        <item>Italian seasoning</item></ing>
      <ing>
        <amt>
          <qty>1/8</qty>
          <unit>teaspoons</unit></amt>
        <item>Coarsely ground pepper</item></ing></ingredients>
    <directions>
      <step>    Wash squash; cut in half lengthwise and discard seeds. Place squash,
    cut side down, in a Dutch oven; add 2 inches water. Bring water to a
    boil, cover and cook 20 minutes or until squash is tender.
  
    Drain squash and cool. Using a fork remove spaghetti-like strands.
    Measure 3 cups of strands; set aside. Remove remaining strands for
    other use.
  
    Steam vegetables 5 to 7 minutes or until crisp-tender; drain well.
    Combine squash strands and vegetables, tossing gently. Cover to keep
    warm; set aside.
  
    Saute garlic in margarine in a small saucepan; remove from heat. Add
    milk, cheese, buter flavoring, and seasonings to saucepan. Cook over
    low heat, stirring constantly, until mixture is hot (do not boil).
    Spoon cheese mixture over vegetable mixture, tossing gently. Food
    Exchanges per serving: 1 food exchange + some free vegetables, 1/2
    high-fat meat + 1/2 fat exchanges.... {I found this on the cooking
    echo, it sounded sooo good! It may be worth trying out as soon as I
    can convience "Bert" that squash is good for you and yours.;-) which
    is the reason why I put it in my diabetic recipes file}
  
    Yields 6 servings (about 77 calories, 4.5 grams protein, 2.5 grams
    fat, 10.3 grams carbohydrate, 7 milligrams cholesterol, 171
    milligrams sodium, and 331 milligrams potassium per serving).
  
    Source: "Southern Living: 1986 Annual Recipes" Oxmoor House, 1986.
  
    Shared by: June Hoffman, 7/93
  Posted to Bakery-Shoppe Digest V1 #233 by novmom@juno.com (Angela
  Gilliland) on Sep 12, 1997
 
</step></directions></recipe></recipeml>
