<?xml version="1.0" encoding="UTF-8"?>

<recipeml version="0.5">
  <recipe>
    <head>
      <title>Almost la Victoria's Green Taco Sauce</title>
      <categories>
        <cat>Sauce</cat></categories>
      <yield>1</yield></head>
    <ingredients>
      <ing>
        <amt>
          <qty>2</qty>
          <unit>pounds</unit></amt>
        <item>Anaheim or New Mex. chiles; Roast;  peel, deseed</item></ing>
      <ing>
        <amt>
          <qty>1</qty>
          <unit>pound</unit></amt>
        <item>Yellow Hungarian Wax chiles; seeded and chopped</item></ing>
      <ing>
        <amt>
          <qty>1</qty>
          <unit/></amt>
        <item>Serranos and jalapeno; seeded and chopped</item></ing>
      <ing>
        <amt>
          <qty>2 1/2</qty>
          <unit>pounds</unit></amt>
        <item>Tomatillos; slice 1/8" thick</item></ing>
      <ing>
        <amt>
          <qty>7</qty>
          <unit>pounds</unit></amt>
        <item>Green tomatoes; slice 1/4" thick</item></ing>
      <ing>
        <amt>
          <qty>1/2</qty>
          <unit>bunches</unit></amt>
        <item>Cilantro; rough chop</item></ing>
      <ing>
        <amt>
          <qty>4</qty>
          <unit/></amt>
        <item>Cloves Garlic</item></ing>
      <ing>
        <amt>
          <qty>1</qty>
          <unit>medium</unit></amt>
        <item>White onion; chopped</item></ing>
      <ing>
        <amt>
          <qty>1/4</qty>
          <unit>cups</unit></amt>
        <item>Lime juice</item></ing>
      <ing>
        <amt>
          <qty>1/4</qty>
          <unit>cups</unit></amt>
        <item>Apple cider vinegar</item></ing>
      <ing>
        <amt>
          <qty>2</qty>
          <unit>tablespoons</unit></amt>
        <item>Salt</item></ing>
      <ing>
        <amt>
          <qty>4</qty>
          <unit>tablespoons</unit></amt>
        <item>Corn Starch</item></ing></ingredients>
    <directions>
      <step>  Recipe By: Bill Wight via chile-heads
  
  Heat a large cast iron skillet to hot and toast the tomatoes and tomatillos
  without any oil.  Do just one layer at a time and give each  slice a nice
  dark brown color on both sides without burning. Remove when toasted to a
  glass bowl. Do not deglaze the pan. In a blender, combine the onion,
  cilantro, chiles, tomatoes, garlic and tomatillos in batch sizes to
  half-fill the blender jar. Pur‚e. If any dark brown liquid collects in the
  bottom of the toasted tomato and tomatillo bowl, add this to the last
  blender load.  Mix the cornstarch in the lime juice/vinegar. In a large
  stewing pot, combine the blender loads, add the cornstarch mixture and heat
  until  the sauce comes to a low boil, mixing constantly. Be careful here,
  if  you don't mix constantly the thick sauce will tend to erupt in hot
  little geysers of taco sauce that could burn you. Allow sauce to cool and
  add salt to taste.  Transfer to clean jars, filling them 3/4 full and
  freeze what you can't use in a few weeks. Be careful not to fill the jars
  too full or they'll break when you freeze them. I made a batch of sauce
  last year and it tastes just fine after a year in the freezer. The sauce
  keeps OK in my refrigerator for at least a month. * Adjust heat level to
  your personal taste.  The La Victoria sauce is mild. 3 to 4 quarts Posted
  to CHILE-HEADS DIGEST V3 #089 Date: Fri, 30 Aug 1996 22:56:42 -0400
  
  From: kmeade@ids2.idsonline.com (The Meades)
  CHILE-HEADS DIGEST V3 #089
  
  From the Chile-Heads recipe list.  Downloaded from Glen's MM Recipe
  Archive, http://www.erols.com/hosey.
 
</step></directions></recipe></recipeml>
