<?xml version="1.0" encoding="UTF-8"?>

<recipeml version="0.5">
  <recipe>
    <head>
      <title>Almost Vegetarian Hot and Sour Soup</title>
      <categories>
        <cat>Soup</cat>
        <cat>Asian</cat>
        <cat>Tofu</cat>
        <cat>Mushrooms</cat></categories>
      <yield>6</yield></head>
    <ingredients>
      <ing>
        <amt>
          <qty>8</qty>
          <unit>cups</unit></amt>
        <item>Lowfat chicken broth OR vegetable broth</item></ing>
      <ing>
        <amt>
          <qty>1</qty>
          <unit>ounce</unit></amt>
        <item>Bean sprouts; rinsed</item></ing>
      <ing>
        <amt>
          <qty>1</qty>
          <unit>ounce</unit></amt>
        <item>Bamboo shoots; rinsed and julienned</item></ing>
      <ing>
        <amt>
          <qty>1</qty>
          <unit/></amt>
        <item>Stalk bok choy; diagonally sliced (altertive: celery and napa cabbage leaves)</item></ing>
      <ing>
        <amt>
          <qty>3</qty>
          <unit>ounces</unit></amt>
        <item>Chinese pea pods; rinsed and strings pulled</item></ing>
      <ing>
        <amt>
          <qty>6</qty>
          <unit/></amt>
        <item>Dried Chinese mushrooms; soaked in boiling water, rinsed and drained and julienned</item></ing>
      <ing>
        <amt>
          <qty>1</qty>
          <unit>tablespoon</unit></amt>
        <item>Hoisin sauce</item></ing>
      <ing>
        <amt>
          <qty>1</qty>
          <unit>tablespoon</unit></amt>
        <item>Tamari soy; or more to taste</item></ing>
      <ing>
        <amt>
          <qty>1</qty>
          <unit>tablespoon</unit></amt>
        <item>Kung pao sauce; or more to taste</item></ing>
      <ing>
        <amt>
          <qty/>
          <unit/></amt>
        <item>Leftover soba noodle; optional</item></ing>
      <ing>
        <amt>
          <qty>10</qty>
          <unit>ounces</unit></amt>
        <item>Firm tofu; or as packaged drained and sliced, *see instructions</item></ing>
      <ing>
        <amt>
          <qty>2</qty>
          <unit>tablespoons</unit></amt>
        <item>Potato starch; dissolved in</item></ing>
      <ing>
        <amt>
          <qty>4</qty>
          <unit>tablespoons</unit></amt>
        <item>Water</item></ing>
      <ing>
        <amt>
          <qty>1/4</qty>
          <unit>cups</unit></amt>
        <item>Egg substitute; beaten with</item></ing>
      <ing>
        <amt>
          <qty>1/8</qty>
          <unit>teaspoons</unit></amt>
        <item>Light sesame oil</item></ing>
      <ing>
        <amt>
          <qty/>
          <unit/></amt>
        <item>Cilantro leaves; coarsely chopped</item></ing>
      <ing>
        <amt>
          <qty>1</qty>
          <unit>dash</unit></amt>
        <item>Dark sesame oil; for aroma</item></ing>
      <ing>
        <amt>
          <qty>3</qty>
          <unit>tablespoons</unit></amt>
        <item>Rice wine vinegar</item></ing>
      <ing>
        <amt>
          <qty/>
          <unit/></amt>
        <item>Hot pepper sauce; optional</item></ing></ingredients>
    <directions>
      <step>  Rinse the pea pods and trim, pulling strings if necessary; leave them
  whole. If bok choy is not available, use a combination of celery and napa
  cabbage leaves; slice on the bias into bite-sized pieces.
  
  Slice the tofo (bean Curd) cakes into 1/4-inch thick pieces, then carefully
  slice again into strips 1 by 1/4-inch (julienned).
  
  Place the broth in a large soup pan; add the bean sprouts, then bamboo
  shoots, bok choy, pea pods, and mushrooms. Slowly bring to a gentle boil.
  Add the sauces: hoisin, soy and kung pao. Let simmer for 2 to 3 minutes or
  until bok choy is wilted and the sprouts have lost their bitter bite. Add a
  little cooked soba noodle, if using.
  
  Add the bean curd slivers. And as soon as the soup returns to a boil,
  slowly stir in the well-stirred dissolved potato starch. Slowly bring to a
  boil again.
  
  Slowly pour in the beaten egg through the gap of a pair of chopsticks or
  along the back of a fork, moving the chopsticks or fork in a circular
  motion to shirr the egg. Remove at once from heat and cover for 30 seconds
  to allow egg to set and the soup will also clear somewhat.
  
  Remove from heat. Add the coriander leaves. Stir gently to mix. Season with
  vinegar. Then adjust the sauces: soy, hoisin, or kung pao, to taste. Offer
  pepper oil at the table for those who want it hotter.
  
  By KitPATh &lt;phannema@wizard.ucr.edu&gt;
  
  Notes: Recipe was revised for bottled sauces. Quantities are approximate;
  to taste and to what is on hand. The technique and the use of potato starch
  are ideas from CHINESE COOKING by Yan Kit Martin. Have ingredients prepared
  and assembled. This is a variation of an egg drop soup. The boil is also
  gentle and steady; never allow the broth to roil.
  
  Recipe by: Hanneman*
  
  Posted to EAT-LF Digest by KitPATh &lt;phannema@wizard.ucr.edu&gt; on Apr 20,
  1998
 
</step></directions></recipe></recipeml>
