<?xml version="1.0" encoding="UTF-8"?>

<recipeml version="0.5">
  <recipe>
    <head>
      <title>Almost Snickers</title>
      <categories>
        <cat>Desserts</cat>
        <cat>Weight watc</cat></categories>
      <yield>8</yield></head>
    <ingredients>
      <ing>
        <amt>
          <qty>12</qty>
          <unit>ounces</unit></amt>
        <item>Low fat ice cream --</item></ing>
      <ing>
        <amt>
          <qty/>
          <unit/></amt>
        <item>Softened</item></ing>
      <ing>
        <amt>
          <qty>1</qty>
          <unit>cup</unit></amt>
        <item>Low fat Cool Whip</item></ing>
      <ing>
        <amt>
          <qty>1/4</qty>
          <unit>cups</unit></amt>
        <item>Crunchy peanut butter</item></ing>
      <ing>
        <amt>
          <qty>1</qty>
          <unit>package</unit></amt>
        <item>Sugar free Chocolate</item></ing>
      <ing>
        <amt>
          <qty/>
          <unit/></amt>
        <item>Pudding</item></ing>
      <ing>
        <amt>
          <qty>3</qty>
          <unit>ounces</unit></amt>
        <item>Grape Nut cereal</item></ing></ingredients>
    <directions>
      <step>  Mix together ice cream, Cool Whip, peanut butter and pudding.  Fold in
  Grape
  Nuts.  Spread in 8x8 inch pan and freeze.
  
  Posted to MC-Recipe Digest V1 #153
  
  Date: Sun, 14 Jul 1996 22:42:30 -0600
  
  From: Shirley Jordan &lt;shirleyj@pacificrim.net&gt;
  
  Recipe By     : Mary Ann Housman (WW leader)
 
</step></directions></recipe></recipeml>
