<?xml version="1.0" encoding="UTF-8"?>

<recipeml version="0.5">
  <recipe>
    <head>
      <title>Aloha Avocado Pie</title>
      <categories>
        <cat>Pies</cat></categories>
      <yield>1</yield></head>
    <ingredients>
      <ing>
        <amt>
          <qty>1</qty>
          <unit>can</unit></amt>
        <item>(15 1/4 Oz) Pineapple Tidbits</item></ing>
      <ing>
        <amt>
          <qty>3</qty>
          <unit/></amt>
        <item>Whole Eggs; Separated</item></ing>
      <ing>
        <amt>
          <qty>1/4</qty>
          <unit>cups</unit></amt>
        <item>Water</item></ing>
      <ing>
        <amt>
          <qty>1</qty>
          <unit/></amt>
        <item>Whole Envelope Plain Gelatin</item></ing>
      <ing>
        <amt>
          <qty>1/3</qty>
          <unit>cups</unit></amt>
        <item>Sugar</item></ing>
      <ing>
        <amt>
          <qty>1/4</qty>
          <unit>teaspoons</unit></amt>
        <item>Salt</item></ing>
      <ing>
        <amt>
          <qty>1</qty>
          <unit>medium</unit></amt>
        <item>Avocado</item></ing>
      <ing>
        <amt>
          <qty>1</qty>
          <unit>teaspoon</unit></amt>
        <item>Lemon Juice</item></ing>
      <ing>
        <amt>
          <qty>3/4</qty>
          <unit>cups</unit></amt>
        <item>Sour Cream</item></ing>
      <ing>
        <amt>
          <qty>1</qty>
          <unit/></amt>
        <item>Whole 9" Crumb Pie Shell</item></ing></ingredients>
    <directions>
      <step>  1. Drain pineapple, saving syrup.
  
  2. Beat together egg yolks, syrup, and water.
  
  3. Mix gelatin, 2 teaspoons sugar, and salt.
  
  4. Combine with egg yolks and cook over low heat, stirring until gelatin is
  dissolved. Cool.
  
  5. Sieve or mash avocado and mix with lemon juice and sour cream.
  
  6. Add to gelatin mixture.
  
  7. Chill, stirring once or twice, until mixture is partially set and
  mounds.
  
  8. Beat egg whites; gradually add remaining sugar.
  
  9. Fold gelatin mixture and pineapple into egg whites.
  
  10. Turn into crumb crust and chill at least 4 hours.
  
  Recipe by: DG
  
  Posted to recipelu-digest Volume 01 Number 193 by "Diane Geary"
  &lt;diane@keyway.net&gt; on Nov 3, 1997
 
</step></directions></recipe></recipeml>
