<?xml version="1.0" encoding="UTF-8"?>

<recipeml version="0.5">
  <recipe>
    <head>
      <title>Aloha Sweet Potato Salad</title>
      <categories>
        <cat>Salads</cat>
        <cat>Vegetables</cat></categories>
      <yield>6</yield></head>
    <ingredients>
      <ing>
        <amt>
          <qty>1/2</qty>
          <unit>pounds</unit></amt>
        <item>Bacon</item></ing>
      <ing>
        <amt>
          <qty>3</qty>
          <unit>cups</unit></amt>
        <item>Diced cooked sweet potatoes</item></ing>
      <ing>
        <amt>
          <qty>2</qty>
          <unit>cups</unit></amt>
        <item>Pineapple chunks</item></ing>
      <ing>
        <amt>
          <qty>1/2</qty>
          <unit>cups</unit></amt>
        <item>Mayonnaise</item></ing>
      <ing>
        <amt>
          <qty>1</qty>
          <unit>tablespoon</unit></amt>
        <item>Dijon mustard</item></ing>
      <ing>
        <amt>
          <qty>2</qty>
          <unit>tablespoons</unit></amt>
        <item>Lime juice</item></ing>
      <ing>
        <amt>
          <qty>1/2</qty>
          <unit>teaspoons</unit></amt>
        <item>Freshly ground pepper</item></ing>
      <ing>
        <amt>
          <qty>1/2</qty>
          <unit>cups</unit></amt>
        <item>Macadamia nuts</item></ing>
      <ing>
        <amt>
          <qty/>
          <unit/></amt>
        <item>Romaine leaves</item></ing></ingredients>
    <directions>
      <step>  1. Cut the bacon slices into 1/2-inch pieces and fry in a skillet until
  well browned.  Drain on paper towels. 2. Combine the bacon, sweet potatoes
  and pineapple in a large mixing bowl and toss lightly. In a small bowl
  conbine the mayonnaise, mustard, lime juice and pepper. 3. Add dressing to
  the potato mixture and mix lightly but thoroughly. Just before serving,
  stir in the macadamia nuts. 4. Serve the salad in a chilled salad bowl
  lined with romaine leaves.
 
</step></directions></recipe></recipeml>
