<?xml version="1.0" encoding="UTF-8"?>

<recipeml version="0.5">
  <recipe>
    <head>
      <title>Aloha Loaf</title>
      <categories>
        <cat>Bread maker</cat>
        <cat>Sweet bread</cat></categories>
      <yield>1</yield></head>
    <ingredients>
      <ing-div>
        <title>1 1/2 LOAF</title>
        <ing>
          <amt>
            <qty>1</qty>
            <unit>cup</unit></amt>
          <item>Plus 2 tablespoons milk</item></ing>
        <ing>
          <amt>
            <qty>1</qty>
            <unit>tablespoon</unit></amt>
          <item>Butter or margarine</item></ing>
        <ing>
          <amt>
            <qty>3/4</qty>
            <unit>teaspoons</unit></amt>
          <item>Salt</item></ing>
        <ing>
          <amt>
            <qty>3</qty>
            <unit>cups</unit></amt>
          <item>Bread flour</item></ing>
        <ing>
          <amt>
            <qty>1/3</qty>
            <unit>cups</unit></amt>
          <item>Candied pineapple; coarsely</item></ing>
        <ing>
          <amt>
            <qty>1/3</qty>
            <unit>cups</unit></amt>
          <item>Macadamia nuts or almonds; toasted</item></ing>
        <ing>
          <amt>
            <qty>1</qty>
            <unit>tablespoon</unit></amt>
          <item>Sugar</item></ing>
        <ing>
          <amt>
            <qty>2</qty>
            <unit>teaspoons</unit></amt>
          <item>FLEISCHMANN'S Bread Machine; Yeast</item></ing></ing-div></ingredients>
    <directions>
      <step>  Add ingredients to bread machine pan in the order suggested by
  manufacturer, adding candied pineapple, nuts, and coconut with flour.
  
  Note: For machines with glass domes, cover dome with foil (do not cover
  vents) while baking to ensure complete baking.
  
  Recommended cycle: Basic/white bread cycle; light or medium/normal color
  setting.
  
  Nutrition information per serving (1/12 of 1 1/2-lb. recipe): calories 200;
  total fat 5 g; saturated fat 2 g; cholesterol 4 mg; sodium 174 mg; total
  carbohydrate 34 g; dietary fiber 1 g; protein 6 g.
  
  Recipe by: Fleischman's
  
  Posted to recipelu-digest by "D. MacLean" &lt;dmaclean@bfree.on.ca&gt; on Mar 25,
  1998
 
</step></directions></recipe></recipeml>
