<?xml version="1.0" encoding="UTF-8"?>

<recipeml version="0.5">
  <recipe>
    <head>
      <title>Aloha Chicken</title>
      <categories>
        <cat>Diabetic</cat>
        <cat>Poultry</cat>
        <cat>Rice</cat></categories>
      <yield>6</yield></head>
    <ingredients>
      <ing>
        <amt>
          <qty>2 1/2</qty>
          <unit>pounds</unit></amt>
        <item>Chicken pieces; skinned</item></ing>
      <ing>
        <amt>
          <qty>2</qty>
          <unit/></amt>
        <item>Chicken Bouillon cubes; Borden Low Sodium</item></ing>
      <ing>
        <amt>
          <qty>1</qty>
          <unit>tablespoon</unit></amt>
        <item>Margarine;</item></ing>
      <ing>
        <amt>
          <qty>1</qty>
          <unit>cup</unit></amt>
        <item>Green pepper; diced (1 med. pepper)</item></ing>
      <ing>
        <amt>
          <qty>1</qty>
          <unit>cup</unit></amt>
        <item>Radishes; thinly sliced</item></ing>
      <ing>
        <amt>
          <qty>1</qty>
          <unit>cup</unit></amt>
        <item>Pineapple chunks; canned, unsweetened</item></ing>
      <ing>
        <amt>
          <qty>1/2</qty>
          <unit>cups</unit></amt>
        <item>Juice from pineapple;</item></ing>
      <ing>
        <amt>
          <qty>1</qty>
          <unit>teaspoon</unit></amt>
        <item>Light soy sauce;</item></ing>
      <ing>
        <amt>
          <qty>2</qty>
          <unit>tablespoons</unit></amt>
        <item>Flour;</item></ing>
      <ing>
        <amt>
          <qty/>
          <unit>dashes</unit></amt>
        <item>Pepper;</item></ing>
      <ing>
        <amt>
          <qty>4 1/2</qty>
          <unit>cups</unit></amt>
        <item>Rice; cooked</item></ing>
      <ing>
        <amt>
          <qty/>
          <unit/></amt>
        <item>Chow mein noodles; optional</item></ing></ingredients>
    <directions>
      <step>  Simmer the chicken in water with bouillon cubes. Remove meat from bones and
  cut into chunks.  Save 1 cup of chicken broth. While chicken is cooking,
  melt margarine in frying pan or wok and saute the radishes, green peppers,
  and pineapple until crisp tender, but not brown. (Put rice on to cook.) Mix
  1 cup saved chicken broth with 1/2 cup pineapple juice and 1 tsp. soy
  sauce.  Add to pan.
  
  Mix flour with 1 Tb. cold water and stir to remove lumps. Add to
  vegetables.  Add cut up chicken and a dash of pepper, and cook until
  everything is hot. Serve over rice. If desired, sprinkle chow mein noodles
  on top.  Serves 6.  (Portion is 3/4 cup mixture served over
      3/4    cup cooked rice.)
  
  Nutrients per serving:  Calories 320, fat 7g, cholesterol 58mg,
  carbohydrate 39g, sodium 314mg.
  
  Exchanges:  Bread 2 1/2, Meat 2.
  
  Source:  "There IS Life after Lettuce" by Pepper Durcholz, Alberta Gentry,
  Carolyn Williams, M.S.
  
  Formatted for Meal-Master by Joyce Burton.
  
  Posted to MM-Recipes Digest V3 #273
  
  Date: Sun, 6 Oct 1996 01:12:23 -0400
  
  From: BobbieB1@aol.com
 
</step></directions></recipe></recipeml>
