<?xml version="1.0" encoding="UTF-8"?>

<recipeml version="0.5">
  <recipe>
    <head>
      <title>Aloha for Six Stir-Fried Broccoli and Sweet Onions</title>
      <categories>
        <cat>Vegetables</cat></categories>
      <yield>6</yield></head>
    <ingredients>
      <ing>
        <amt>
          <qty>1</qty>
          <unit/></amt>
        <item>Spanish onion</item></ing>
      <ing>
        <amt>
          <qty>2</qty>
          <unit>tablespoons</unit></amt>
        <item>Vegetable oil</item></ing>
      <ing>
        <amt>
          <qty>1</qty>
          <unit>teaspoon</unit></amt>
        <item>Granulated sugar</item></ing>
      <ing>
        <amt>
          <qty>1</qty>
          <unit>teaspoon</unit></amt>
        <item>Salt</item></ing>
      <ing>
        <amt>
          <qty>1</qty>
          <unit>teaspoon</unit></amt>
        <item>Red wine vinegar</item></ing>
      <ing>
        <amt>
          <qty>3</qty>
          <unit>small</unit></amt>
        <item>Garlic cloves, fine chopped</item></ing>
      <ing>
        <amt>
          <qty>6</qty>
          <unit>cups</unit></amt>
        <item>Broccoli florets and sliced stalks</item></ing>
      <ing>
        <amt>
          <qty>2</qty>
          <unit/></amt>
        <item>Sweet red peppers, sliced</item></ing>
      <ing>
        <amt>
          <qty>1/2</qty>
          <unit>teaspoons</unit></amt>
        <item>Pepper</item></ing>
      <ing>
        <amt>
          <qty>1/2</qty>
          <unit>cups</unit></amt>
        <item>Vegetable stock or water</item></ing></ingredients>
    <directions>
      <step>  This recipe attempts to duplicate, as closely as possible, the taste of the
  famous Hawaiian Maui onion.
  
  Cut onion in half lengthwise; cut crosswise into 1/2-inch thick slices. In
  wok or large skillet, heat oil over medium-low heat; cook onion, sugar, 1/2
  ts of the salt, the vinegar and garlic. Cover and stir occasionally, for
  about 20 minutes or until translucent but not browned. Remove from pan and
  set aside.
  
  Recipe can be prepared to this point and refrigerated in airtight container
  for up to 8 hours.
  
  Increase heat to high. Add broccoli, red pepper, pepper and remaining salt
  to pan; toss to combine. Add stock; returning onions to pan. Cover and
  cook, stirring occasionally for 5 minutes or until broccoli is
  tender-crisp.
  
  Per serving: 100 calories, 3 g protein, 5 g fat, 12 g carbohydrate
  
  Dinner menu: Aloha For Six: Party Planner Info Aloha For Six: Golden Curry
  Macadamia Nuts Aloha For Six: Chicken Salad With Soft And Crispy Noodles
  Aloha For Six: Ginger-Glazed Pork Tenderloins Aloha For Six: Citrus Sweet
  Potatoes Aloha For Six: Stir-fried Broccoli And Sweet Onions Aloha For Six:
  Lime Custard With Mange Sauce; or Aloha For Six: Coconut Cookies
  
  Source: Canadian Living Magazine March 1996 by Karen Barnaby
  
  [-=PAM=-] PA_Meadows@msn.com
  
  Posted to MM-Recipes Digest V4 #175 by "KAR" &lt;bluekat@gate.net&gt; on Jul 7,
  1997
 
</step></directions></recipe></recipeml>
