<?xml version="1.0" encoding="UTF-8"?>

<recipeml version="0.5">
  <recipe>
    <head>
      <title>Aloha for Six Citrus Sweet Potatoes</title>
      <categories>
        <cat>Vegetables</cat></categories>
      <yield>6</yield></head>
    <ingredients>
      <ing>
        <amt>
          <qty>2</qty>
          <unit>pounds</unit></amt>
        <item>Sweet potatoes (3)</item></ing>
      <ing>
        <amt>
          <qty>1</qty>
          <unit>tablespoon</unit></amt>
        <item>Grated orange rind</item></ing>
      <ing>
        <amt>
          <qty>1/3</qty>
          <unit>cups</unit></amt>
        <item>Orange juice</item></ing>
      <ing>
        <amt>
          <qty>1/3</qty>
          <unit>cups</unit></amt>
        <item>Grapefruit juice</item></ing>
      <ing>
        <amt>
          <qty>1/4</qty>
          <unit>cups</unit></amt>
        <item>Firm packed brown sugar</item></ing>
      <ing>
        <amt>
          <qty>2</qty>
          <unit>tablespoons</unit></amt>
        <item>Butter, melted</item></ing>
      <ing>
        <amt>
          <qty>2</qty>
          <unit>tablespoons</unit></amt>
        <item>Lemon juice</item></ing>
      <ing>
        <amt>
          <qty>1</qty>
          <unit>teaspoon</unit></amt>
        <item>Salt</item></ing>
      <ing>
        <amt>
          <qty>1/2</qty>
          <unit>teaspoons</unit></amt>
        <item>Pepper</item></ing></ingredients>
    <directions>
      <step>  Peel and cut sweet potatoes into 1/4-inch thick slices; arrange,
  overlapping slightly, in a single layer in 13x9 inch baking dish. Combine
  orange rind and juice, grapefruit juice, sugar, butter, lemon juice, salt
  and pepper; pour evenly over sweet potatoes. Cover tightly with foil; bake
  in 375F=190C oven for 40 minutes. Uncover and bake, basting every 10
  minutes, for about 30 minutes longer or until sweet potatoes are tender and
  glazed.
  
  Per serving: 220 calories, 2 g protein, 4 g fat, 45 g carbohydrate high
  source fibre
  
  Dinner menu: Aloha For Six: Party Planner Info Aloha For Six: Golden Curry
  Macadamia Nuts Aloha For Six: Chicken Salad With Soft And Crispy Noodles
  Aloha For Six: Ginger-Glazed Pork Tenderloins Aloha For Six: Citrus Sweet
  Potatoes Aloha For Six: Stir-fried Broccoli And Sweet Onions Aloha For Six:
  Lime Custard With Mange Sauce; or Aloha For Six: Coconut Cookies
  
  Source: Canadian Living Magazine March 1996 by Karen Barnaby
  
  [-=PAM=-] PA_Meadows@msn.com
  
  Posted to MM-Recipes Digest V4 #175 by "KAR" &lt;bluekat@gate.net&gt; on Jul 7,
  1997
 
</step></directions></recipe></recipeml>
