<?xml version="1.0" encoding="UTF-8"?>

<recipeml version="0.5">
  <recipe>
    <head>
      <title>Aloha Cake</title>
      <categories>
        <cat>Cakes</cat>
        <cat>Fruits</cat>
        <cat>Cake mixes</cat></categories>
      <yield>1</yield></head>
    <ingredients>
      <ing>
        <amt>
          <qty>1</qty>
          <unit>can</unit></amt>
        <item>Cherry pie filling</item></ing>
      <ing>
        <amt>
          <qty>20</qty>
          <unit>ounces</unit></amt>
        <item>Cn pineapple;crushed; not Drained</item></ing>
      <ing>
        <amt>
          <qty>1</qty>
          <unit/></amt>
        <item>Box white or yellow cake mix</item></ing>
      <ing>
        <amt>
          <qty>1</qty>
          <unit>cup</unit></amt>
        <item>Coconut</item></ing>
      <ing>
        <amt>
          <qty>1</qty>
          <unit>cup</unit></amt>
        <item>Walnuts; chopped</item></ing>
      <ing>
        <amt>
          <qty>1</qty>
          <unit>cup</unit></amt>
        <item>Butter; melted</item></ing></ingredients>
    <directions>
      <step>  In the order given, put all ingredients in a greased 9x13" pan. Do NOT
  stir. Bake for 1 hour at 350. Source: My Famous Little Black Box
  Posted to MC-Recipe Digest V1 #1016 by Nancy Berry &lt;nlberry@prodigy.net&gt; on
  Jan 16, 1998
 
</step></directions></recipe></recipeml>
