<?xml version="1.0" encoding="UTF-8"?>

<recipeml version="0.5">
  <recipe>
    <head>
      <title>Aloha for Six Coconut Cookies</title>
      <categories>
        <cat>Cookies</cat></categories>
      <yield>36</yield></head>
    <ingredients>
      <ing>
        <amt>
          <qty>1 1/4</qty>
          <unit>cups</unit></amt>
        <item>Butter, softened</item></ing>
      <ing>
        <amt>
          <qty>1</qty>
          <unit>cup</unit></amt>
        <item>Granulated sugar</item></ing>
      <ing>
        <amt>
          <qty>1</qty>
          <unit/></amt>
        <item>Egg yolk</item></ing>
      <ing>
        <amt>
          <qty>2 1/4</qty>
          <unit>cups</unit></amt>
        <item>All-purpose flour</item></ing>
      <ing>
        <amt>
          <qty>2</qty>
          <unit>cups</unit></amt>
        <item>Unsweetened coconut medium shred</item></ing>
      <ing>
        <amt>
          <qty>1</qty>
          <unit>pinch</unit></amt>
        <item>Nutmeg</item></ing></ingredients>
    <directions>
      <step>  In large bowl, beat butter until creamy; beat in sugar until smooth, about
  1 minute. BEat in egg yolk until slightly fluffy. With wooden spoon, stir
  in flour, coconut and nutmeg until thoroughly combined. Wrap dough in
  plastic wrap; chill until firm, about 2 hours.
  
  Roll heaping tablespoons of dough into 3-inch long logs. Place 2 inches
  apart on greased and floured or parchment paper-lined baking sheets;
  flatten with back of fork to 1/4-inch thickness. Refrigerate for 30 minutes
  to chill.
  
  Bake in 325F=160C oven, 1 sheet at a time, for 25-30 minutes or until
  golden around edges. Let cool in the pan, on a rack, for 5 minutes;
  transfer to rack and let cool completely.
  
  Cookies can be stored in airtight container for up to 4 days.
  
  Per serving: 145 calories, 1 g protein, 10 g fat, 13 g carbohydrate
  
  Dinner menu: Aloha For Six: Party Planner Info Aloha For Six: Golden Curry
  Macadamia Nuts Aloha For Six: Chicken Salad With Soft And Crispy Noodles
  Aloha For Six: Ginger-Glazed Pork Tenderloins Aloha For Six: Citrus Sweet
  Potatoes Aloha For Six: Stir-fried Broccoli And Sweet Onions Aloha For Six:
  Lime Custard With Mange Sauce; or Aloha For Six: Coconut Cookies
  
  Source: Canadian Living Magazine March 1996 by Karen Barnaby
  
  [-=PAM=-] PA_Meadows@msn.com
  
  Posted to MM-Recipes Digest V4 #175 by "KAR" &lt;bluekat@gate.net&gt; on Jul 7,
  1997
 
</step></directions></recipe></recipeml>
