<?xml version="1.0" encoding="UTF-8"?>

<recipeml version="0.5">
  <recipe>
    <head>
      <title>Aloo Bhaji (Braised Potatoes W/tomatoes)</title>
      <categories>
        <cat>Vegetable</cat></categories>
      <yield>4</yield></head>
    <ingredients>
      <ing-div>
        <title/>
        <ing>
          <amt>
            <qty>3</qty>
            <unit/></amt>
          <item>Cloves garlic; halved</item></ing>
        <ing>
          <amt>
            <qty>1</qty>
            <unit>large</unit></amt>
          <item>Fresh hot green chili; seeded</item></ing>
        <ing>
          <amt>
            <qty>1</qty>
            <unit/></amt>
          <item>1-inch piece fresh ginger; peeled and coarsely chopped (optional)</item></ing>
        <ing>
          <amt>
            <qty>1 1/2</qty>
            <unit>cups</unit></amt>
          <item>Finely chopped onions</item></ing>
        <ing>
          <amt>
            <qty>1</qty>
            <unit>pound</unit></amt>
          <item>Potatoes; peeled and cut into 2 inch pieces</item></ing>
        <ing>
          <amt>
            <qty>1</qty>
            <unit>teaspoon</unit></amt>
          <item>Cumin seeds</item></ing>
        <ing>
          <amt>
            <qty>1</qty>
            <unit>teaspoon</unit></amt>
          <item>Turmeric</item></ing>
        <ing>
          <amt>
            <qty>1</qty>
            <unit>teaspoon</unit></amt>
          <item>Ground coriander</item></ing>
        <ing>
          <amt>
            <qty>1</qty>
            <unit>teaspoon</unit></amt>
          <item>Chili powder</item></ing>
        <ing>
          <amt>
            <qty>1</qty>
            <unit>teaspoon</unit></amt>
          <item>Ground cumin</item></ing>
        <ing>
          <amt>
            <qty>1</qty>
            <unit>teaspoon</unit></amt>
          <item>Salt</item></ing>
        <ing>
          <amt>
            <qty>4</qty>
            <unit>medium</unit></amt>
          <item>Tomatoes; quartered</item></ing>
        <ing>
          <amt>
            <qty>1</qty>
            <unit>pinch</unit></amt>
          <item>Thyme</item></ing></ing-div>
      <ing-div>
        <title>GARNISH</title>
        <ing>
          <amt>
            <qty>1</qty>
            <unit>teaspoon</unit></amt>
          <item>Garam masala</item></ing>
        <ing>
          <amt>
            <qty>1/4</qty>
            <unit>cups</unit></amt>
          <item>Finely chopped fresh coriander</item></ing>
        <ing>
          <amt>
            <qty>Date:</qty>
            <unit>24</unit></amt>
          <item>Apr 1996 08:49:30 -0700</item></ing></ing-div></ingredients>
    <directions>
      <step>  From: "Zoe Sodja" &lt;zoe_sodja@macmail.ucsc.edu&gt;
  
  In a blender, combine the garlic and ginger and process until fine. (If you
  don't use ginger, just mince the garlic.) In a large saucepan, heat 1/2 cup
  of water over medium-high heat. Add the onions and cook for 10 minutes, or
  until golden brown, stirring occasionally. Reduce heat to medium and add
  garlic mixture and the chili. Cook, stirring constantly, for 1 minute. Add
  the potatoes and cook 5 minutes. (You may have to add a little water to
  prevent sticking.) Reduce heat to medium low and add the tomatoes and
  spices. Cook, covered, 20 minutes or until potatoes are tender. Add more
  water if you like it to have a little more sauce. Sprinkle with garnish.
  Serves 4.
  
  FATFREE DIGEST V96 #120
  
  From the Fatfree Vegetarian recipe list.  Downloaded from Glen's MM Recipe
  Archive, http://www.erols.com/hosey.
 
</step></directions></recipe></recipeml>
