<?xml version="1.0" encoding="UTF-8"?>

<recipeml version="0.5">
  <recipe>
    <head>
      <title>Aloo Gobi Aur Mater (Cauliflower with Potatoes and Peas)</title>
      <categories>
        <cat>Vegetables</cat>
        <cat>Indian</cat></categories>
      <yield>4</yield></head>
    <ingredients>
      <ing>
        <amt>
          <qty>4</qty>
          <unit>tablespoons</unit></amt>
        <item>Oil</item></ing>
      <ing>
        <amt>
          <qty>2</qty>
          <unit>medium</unit></amt>
        <item>Onions, finely chopped</item></ing>
      <ing>
        <amt>
          <qty>450</qty>
          <unit>grams</unit></amt>
        <item>Potatoes, diced into 2cm</item></ing>
      <ing>
        <amt>
          <qty/>
          <unit/></amt>
        <item>Pieces</item></ing>
      <ing>
        <amt>
          <qty>1</qty>
          <unit>small</unit></amt>
        <item>Cauliflower</item></ing>
      <ing>
        <amt>
          <qty/>
          <unit/></amt>
        <item>Cut into 2cm pieces</item></ing>
      <ing>
        <amt>
          <qty>1/2</qty>
          <unit>teaspoons</unit></amt>
        <item>Ground turmeric</item></ing>
      <ing>
        <amt>
          <qty>1/3</qty>
          <unit>teaspoons</unit></amt>
        <item>Chilli powder</item></ing>
      <ing>
        <amt>
          <qty>1</qty>
          <unit>teaspoon</unit></amt>
        <item>Ground cummin</item></ing>
      <ing>
        <amt>
          <qty>2</qty>
          <unit/></amt>
        <item>Tomatoes, chopped</item></ing>
      <ing>
        <amt>
          <qty>1</qty>
          <unit>teaspoon</unit></amt>
        <item>Salt</item></ing>
      <ing>
        <amt>
          <qty>1/4</qty>
          <unit>teaspoons</unit></amt>
        <item>Sugar</item></ing>
      <ing>
        <amt>
          <qty>200</qty>
          <unit>grams</unit></amt>
        <item>Peas</item></ing>
      <ing>
        <amt>
          <qty>1/2</qty>
          <unit>teaspoons</unit></amt>
        <item>Garam Masala (see below)</item></ing></ingredients>
    <directions>
      <step>  1. Heat the oil in a karahi(wok) over medium high heat
  
  2. Add the onions and fry for 3-4 minutes until light brown
  
  3. Add the potatoes and cauliflower and stir. Add the turmeric, chilli,
  cummin, tomatoes, salt and sugar. Stir fry for 2-3 minutes.
  
  4. Add the peas, cover and reduce heat to a medium low and cook for about
  20 minutes until the potatoes and cauliflower are tender. During the
  cooking period stir the vegetables a few times to stop them sticking.
  
  5. Sprinkle with garam masala.
  
  It's that easy!
  
  Garam Masala means "hot spices" and is a mixture of ground spices that is
  used sparingly, sprinkled either on a finished dish or on to the foods just
  before it has finished cooking. It is far better to grind your own spices
  than to buy the mixture ready-ground. Bought garam masala often contains
  inferior quality spices and will not keep its flavour for long.
  
  For homemade garam masala, grind together cardamom seeds from 10 pods, 25g
  cinnamon stick, 6 cloves and 6-8 whole black peppercorns. Store in an
  airtight jar in a cool place.
  
  Compiled by Imran C.
 
</step></directions></recipe></recipeml>
