<?xml version="1.0" encoding="UTF-8"?>

<recipeml version="0.5">
  <recipe>
    <head>
      <title>Aloo Ko Achar (Potato Salad)</title>
      <categories>
        <cat>Salad</cat></categories>
      <yield>6</yield></head>
    <ingredients>
      <ing>
        <amt>
          <qty>1</qty>
          <unit>pound</unit></amt>
        <item>Potatoes; small size if possible</item></ing>
      <ing>
        <amt>
          <qty>4</qty>
          <unit/></amt>
        <item>Jalapeno peppers; seeded &amp; sliced into long strips (optional)</item></ing>
      <ing>
        <amt>
          <qty>1</qty>
          <unit/></amt>
        <item>Lime; juice of</item></ing>
      <ing>
        <amt>
          <qty/>
          <unit/></amt>
        <item>Salt to taste</item></ing>
      <ing>
        <amt>
          <qty>1/4</qty>
          <unit>cups</unit></amt>
        <item>Sesame seeds; roasted, ground (optional)</item></ing>
      <ing>
        <amt>
          <qty>1</qty>
          <unit>teaspoon</unit></amt>
        <item>Tumeric powder</item></ing>
      <ing>
        <amt>
          <qty>1</qty>
          <unit>teaspoon</unit></amt>
        <item>Cumin seeds (up to)</item></ing>
      <ing>
        <amt>
          <qty>3</qty>
          <unit/></amt>
        <item>Whole dried chilies</item></ing>
      <ing>
        <amt>
          <qty>3</qty>
          <unit>teaspoons</unit></amt>
        <item>Corn oil; or mustard oil (mustard gives best flavor)</item></ing>
      <ing>
        <amt>
          <qty>1/2</qty>
          <unit>cups</unit></amt>
        <item>Water</item></ing>
      <ing>
        <amt>
          <qty>1/2</qty>
          <unit>cups</unit></amt>
        <item>Chopped fresh coriander</item></ing></ingredients>
    <directions>
      <step>  From: Wendy Lockman &lt;wlockman@ra1.randomc.com&gt;
  
  Date: Sat, 10 Feb 1996 00:15:24 -0500
  Boil potatoes in jackets. When done, peel &amp; cut into small pieces. In a
  suitable bowl, combine potatoes, tumeric, salt, ground sesame seeds, lime
  juice, half of the green coriander and water and mix thoroughly. In a small
  pan heat mustard oil until hot; add cumin seeds and red chilies. Fry them
  until brown and then add jalepeno pepper. Let it cook a minute or so. Pour
  it over potatoes in the bowl and mix them thoroughly; garnish with
  remaining green coriander leaves.
  
  SERVES: 6-8 SOURCE: Bhadrika Sharma, Bramalea, Ontario in _Ethnic Eating:
  The Canadian Scene Cookbook_ (Canadian Scene is a news and information
  service for Canada's ethnic media). posted by Anne MacLellan
  
  MM-RECIPES@IDISCOVER.NET
  
  MEAL-MASTER RECIPES LIST SERVER
  
  From the MealMaster recipe list.  Downloaded from Glen's MM Recipe Archive,
  http://www.erols.com/hosey.
 
</step></directions></recipe></recipeml>
