<?xml version="1.0" encoding="UTF-8"?>

<recipeml version="0.5">
  <recipe>
    <head>
      <title>Aloo Mattar</title>
      <categories>
        <cat>None</cat></categories>
      <yield>4 To 6</yield></head>
    <ingredients>
      <ing>
        <amt>
          <qty>2</qty>
          <unit>teaspoons</unit></amt>
        <item>Oil</item></ing>
      <ing>
        <amt>
          <qty>1</qty>
          <unit>tablespoon</unit></amt>
        <item>*green masala (or mild green masala)</item></ing>
      <ing>
        <amt>
          <qty>1</qty>
          <unit>small</unit></amt>
        <item>Onion; chopped</item></ing>
      <ing>
        <amt>
          <qty>1/2</qty>
          <unit>teaspoons</unit></amt>
        <item>Salt</item></ing>
      <ing>
        <amt>
          <qty>3</qty>
          <unit>large</unit></amt>
        <item>Potatoes; peeled and chopped</item></ing>
      <ing>
        <amt>
          <qty>1</qty>
          <unit>package</unit></amt>
        <item>(10 oz) frozen green peas</item></ing>
      <ing>
        <amt>
          <qty>1/4</qty>
          <unit>cups</unit></amt>
        <item>Cashews (opt)</item></ing></ingredients>
    <directions>
      <step>  from Cooking the Indian Way
  
  In large skillet, heat oil. Add green masala, onion and salt and fry until
  mixture is brown and fragrant. Add potatoes and water. Cover, lower heat
  and cook about 20 minutes until potatoes are tender. Add peas and cook 2 or
  3 minutes or until pease are heated through. Serve warm with cashews
  sprinked on top.
  
  Posted to TNT - Prodigy's Recipe Exchange Newsletter  by crmcbride@juno.com
  (Caroline R McBride) on Aug 01, 1997
 
</step></directions></recipe></recipeml>
