<?xml version="1.0" encoding="UTF-8"?>

<recipeml version="0.5">
  <recipe>
    <head>
      <title>Alouette Sundried Tomato Bisque</title>
      <categories>
        <cat>Cheese</cat>
        <cat>Soups &amp; ste</cat></categories>
      <yield>4</yield></head>
    <ingredients>
      <ing>
        <amt>
          <qty>1</qty>
          <unit>package</unit></amt>
        <item>(6 1/2 ounce) Alouette Sundried tomato et Basil</item></ing>
      <ing>
        <amt>
          <qty>2</qty>
          <unit>tablespoons</unit></amt>
        <item>Unsalted butter</item></ing>
      <ing>
        <amt>
          <qty>8</qty>
          <unit>ounces</unit></amt>
        <item>Sliced mushrooms; fresh</item></ing>
      <ing>
        <amt>
          <qty>3</qty>
          <unit>tablespoons</unit></amt>
        <item>Shallots; chopped</item></ing>
      <ing>
        <amt>
          <qty>2</qty>
          <unit>cups</unit></amt>
        <item>Chicken stock</item></ing>
      <ing>
        <amt>
          <qty>1/2</qty>
          <unit>teaspoons</unit></amt>
        <item>Fresh thyme; chopped or 1/4 teaspoon dried thyme</item></ing>
      <ing>
        <amt>
          <qty>1/4</qty>
          <unit>cups</unit></amt>
        <item>Sherry</item></ing>
      <ing>
        <amt>
          <qty>1</qty>
          <unit>tablespoon</unit></amt>
        <item>Flour</item></ing>
      <ing>
        <amt>
          <qty/>
          <unit/></amt>
        <item>Chopped parsley or</item></ing>
      <ing>
        <amt>
          <qty/>
          <unit/></amt>
        <item>Slivers of red bell peppers for garnish</item></ing></ingredients>
    <directions>
      <step>  In a skillet over medium heat, melt butter and saute shallots with
  mushrooms until tender, about 20 minutes.
  
  Using a slotted spoon, transfer shallots and mushrooms from pan and add to
  food processor bowl or blender.
  
  Pour chicken stock into skillet, scraping up any browned bits from bottom
  and heat on low for 10 minutes. Add thyme and sherry and stir.
  
  Remove from heat and pour into food processor/blender.
  
  Add ALOUETTE and puree until smooth. Pour into a soup pot and simmer gently
  over low heat until warm. Do not boil.
  
  Note: Couldn't get shallots so I used green onions.
  
  Serving Ideas : Garnish with fresh parsley or red bell pepper
  
  NOTES : This was super easy to make and tasted even better the following
  day.  Just make sure you heat up slowly and don't boil.
  Recipe by: Alouette
  
  Posted to TNT Recipes Digest by KDZY21A@prodigy.com (MRS SHERRY L CHAPMAN)
  on Mar 27, 1998
 
</step></directions></recipe></recipeml>
