<?xml version="1.0" encoding="UTF-8"?>

<recipeml version="0.5">
  <recipe>
    <head>
      <title>Alphabet Pot Roast</title>
      <categories>
        <cat>Beef</cat>
        <cat>Crockpot</cat></categories>
      <yield>7</yield></head>
    <ingredients>
      <ing>
        <amt>
          <qty>3 1/2</qty>
          <unit>pounds</unit></amt>
        <item>Beef pot roast</item></ing>
      <ing>
        <amt>
          <qty/>
          <unit/></amt>
        <item>Salt and pepper</item></ing>
      <ing>
        <amt>
          <qty>10 3/4</qty>
          <unit>ounces</unit></amt>
        <item>Can alphabet vegetable soup; undiluted</item></ing>
      <ing>
        <amt>
          <qty>1/2</qty>
          <unit>cups</unit></amt>
        <item>Dry red wine</item></ing>
      <ing>
        <amt>
          <qty>1/8</qty>
          <unit>teaspoons</unit></amt>
        <item>Dried basil</item></ing>
      <ing>
        <amt>
          <qty>2</qty>
          <unit>tablespoons</unit></amt>
        <item>Parsley; finely chopped</item></ing></ingredients>
    <directions>
      <step>  Sprinkle beef with salt and pepper. Place in slow-cooking pot. In small
  mixing bowl, combine undiluted soup with wine and basil. Pour over meat.
  Cover and cook on low for 8 to 10 hours. Sprinkle with parsley. Slice meat;
  serve with sauce ladled over meat. (Sauce may be thickened with flour
  dissolved in a small amount of water, if desired. )
  Posted to recipelu-digest Volume 01 Number 264 by James and Susan Kirkland
  &lt;kirkland@gj.net&gt; on Nov 17, 1997
 
</step></directions></recipe></recipeml>
