<?xml version="1.0" encoding="UTF-8"?>

<recipeml version="0.5">
  <recipe>
    <head>
      <title>Alpha's Peanut Butter Fudge</title>
      <categories>
        <cat>Candy</cat></categories>
      <yield>16</yield></head>
    <ingredients>
      <ing>
        <amt>
          <qty>2 1/2</qty>
          <unit>cups</unit></amt>
        <item>Sugar</item></ing>
      <ing>
        <amt>
          <qty>5</qty>
          <unit>ounces</unit></amt>
        <item>Evaporated milk</item></ing>
      <ing>
        <amt>
          <qty>1/2</qty>
          <unit>cups</unit></amt>
        <item>Butter</item></ing>
      <ing>
        <amt>
          <qty>1</qty>
          <unit>tablespoon</unit></amt>
        <item>Light corn syrup</item></ing>
      <ing>
        <amt>
          <qty>18</qty>
          <unit>ounces</unit></amt>
        <item>Peanut butter</item></ing>
      <ing>
        <amt>
          <qty>1</qty>
          <unit>teaspoon</unit></amt>
        <item>Vanilla</item></ing></ingredients>
    <directions>
      <step>  In a medium saucepan, dissolve sugar in evaporated milk. Add butter (cut in
  pieces) and corn syrup, and, stirring constantly, cook over low heat until
  butter is melted. Continue cooking, stirring frequently, to soft ball
  stage. Remove from heat and mix in peanut butter. Cool to about 120 degrees
  F and mix in vanilla. Spread in suitable size pan (the larger the pan, the
  thinner each piece of candy will be; I use a 8x8 pan). Fudge will still be
  very soft at this stage; it takes a few hours to set up.
  
  Date: 15 Jun 96 00:44:25 EDT
  
  From: Linda &lt;72752.746@compuserve.com&gt;
  
  MM-Recipes Digest V3 #166
  
  From the MealMaster recipe list.  Downloaded from Glen's MM Recipe Archive,
  http://www.erols.com/hosey.
 
</step></directions></recipe></recipeml>
