<?xml version="1.0" encoding="UTF-8"?>

<recipeml version="0.5">
  <recipe>
    <head>
      <title>Alphabet Cookies</title>
      <categories>
        <cat>Desserts</cat>
        <cat>Cookies</cat></categories>
      <yield>8</yield></head>
    <ingredients>
      <ing>
        <amt>
          <qty>1 1/2</qty>
          <unit/></amt>
        <item>STICKS BUTTER OR MARGARINE</item></ing>
      <ing>
        <amt>
          <qty>3/4</qty>
          <unit>cups</unit></amt>
        <item>SUGAR</item></ing>
      <ing>
        <amt>
          <qty>1</qty>
          <unit/></amt>
        <item>EGG</item></ing>
      <ing>
        <amt>
          <qty>1/2</qty>
          <unit>teaspoons</unit></amt>
        <item>VANILLA OR ALMOND</item></ing>
      <ing>
        <amt>
          <qty/>
          <unit/></amt>
        <item>EXTRACT (to taste)</item></ing>
      <ing>
        <amt>
          <qty>2</qty>
          <unit>cups</unit></amt>
        <item>ALL PURPOSE FLOUR</item></ing>
      <ing>
        <amt>
          <qty>1/4</qty>
          <unit>teaspoons</unit></amt>
        <item>BAKING POWDER</item></ing>
      <ing>
        <amt>
          <qty>1/4</qty>
          <unit>teaspoons</unit></amt>
        <item>SALT</item></ing>
      <ing>
        <amt>
          <qty/>
          <unit/></amt>
        <item>MILK FOR BRUSHING ON TOP OF</item></ing>
      <ing>
        <amt>
          <qty/>
          <unit/></amt>
        <item>SUGAR FOR DECORATING</item></ing></ingredients>
    <directions>
      <step>  Use an electric mixer and beat butter or margarine until soft. Add 3/4 cup
  sugar and beat until fluffy. Add egg and vanilla or almond flavoring and
  beat again. Mix flour, baking powder, and salt together and add to
  butter-sugar-egg mixture a little bit at a time. Divide the dough into 2
  parts, wrap in plastic wrap and put in the refrigerator for 30 minutes to
  get hard enough to play with like modeling clay. Then make small balls of
  dough and roll into ropes. Shape the ropes into numbers or letters on an
  ungreased cookie sheet, leaving a little space between them. Brush with a
  little milk, sprinkle on a bit of sugar and bake at 375 degrees F for about
       10    minutes.  Cool on a rack.
  
  From Gemini's MASSIVE MealMaster collection at www.synapse.com/~gemini
 
</step></directions></recipe></recipeml>
