<?xml version="1.0" encoding="UTF-8"?>

<recipeml version="0.5">
  <recipe>
    <head>
      <title>Alpine Chicken</title>
      <categories>
        <cat>Crockpot</cat>
        <cat>Poultry</cat></categories>
      <yield>1</yield></head>
    <ingredients>
      <ing>
        <amt>
          <qty>2</qty>
          <unit>teaspoons</unit></amt>
        <item>Chicken bouillon granules</item></ing>
      <ing>
        <amt>
          <qty>1</qty>
          <unit>tablespoon</unit></amt>
        <item>Chopped fresh parsley</item></ing>
      <ing>
        <amt>
          <qty>3/4</qty>
          <unit>teaspoons</unit></amt>
        <item>Poultry seasoning</item></ing>
      <ing>
        <amt>
          <qty>1/3</qty>
          <unit>cups</unit></amt>
        <item>Diced canadian bacon</item></ing>
      <ing>
        <amt>
          <qty>2</qty>
          <unit/></amt>
        <item>Carrots; thinly sliced (up to 3)</item></ing>
      <ing>
        <amt>
          <qty>1</qty>
          <unit/></amt>
        <item>Ribs celery; thinly sliced (up to 2)</item></ing>
      <ing>
        <amt>
          <qty>1</qty>
          <unit>small</unit></amt>
        <item>Onion; thinly sliced</item></ing>
      <ing>
        <amt>
          <qty>1/4</qty>
          <unit>cups</unit></amt>
        <item>Water</item></ing>
      <ing>
        <amt>
          <qty>1</qty>
          <unit/></amt>
        <item>Broiler-fryer chicken (about 3 lb.); cut up</item></ing>
      <ing>
        <amt>
          <qty>1</qty>
          <unit>can</unit></amt>
        <item>(11 oz.) condensed cheddar cheese soup</item></ing>
      <ing>
        <amt>
          <qty>1</qty>
          <unit>tablespoon</unit></amt>
        <item>All purpose flour</item></ing>
      <ing>
        <amt>
          <qty>1</qty>
          <unit>package</unit></amt>
        <item>(16 oz.) wide egg noodles; cooked, drained</item></ing>
      <ing>
        <amt>
          <qty>2</qty>
          <unit>tablespoons</unit></amt>
        <item>Sliced pimento</item></ing>
      <ing>
        <amt>
          <qty>2</qty>
          <unit>tablespoons</unit></amt>
        <item>Grated parmesan cheese</item></ing></ingredients>
    <directions>
      <step>  1. In a small bowl, mix bouillon granules, chopped parsley, and poultry
  seasoning; set aside.
  
  2. Layer in a slow cooker, in order. Canadian bacon, carrots, celery and
  onion. Add water.
  
  3. Remove skin, if desired, and excess fat from chicken; rinse and pat dry.
  Place white meat in slow cooker. Sprinkle with half of the reserved
  seasoning mixture. Top with remaining chicken and sprinkle with remaining
  seasoning mixture. Stir soup and flour together; spoon over top. DO NOT
  STIR.
  
  4. Cover and cook on high for 3 to 3 1/2 hours or on low for 6-8 hours or
  until chicken is tender and juices from chicken run clean when cut along
  the bone and vegetables are tender.
  
  5. Spread cooked noodles in a shallow 2 or 2 1/2 quart broiler proof
  serving dish. Arrange chicken on noodles. Stir soup mixture and vegetables
  until combined. Spoon vegetables and some of the liquid over chicken.
  Sprinkle with pimento and Parmesan cheese.
  
  6. Broil 6 inches from heat source for 6-8 minutes or until lightly
  browned. Garnish with parsley sprig if desired.
  Posted to recipelu-digest Volume 01 Number 338 by James and Susan Kirkland
  &lt;kirkland@gj.net&gt; on Dec 03, 1997
 
</step></directions></recipe></recipeml>
