<?xml version="1.0" encoding="UTF-8"?>

<recipeml version="0.5">
  <recipe>
    <head>
      <title>Alpine Green Beans</title>
      <categories>
        <cat>Vegetables</cat>
        <cat>Side dishes</cat></categories>
      <yield>4</yield></head>
    <ingredients>
      <ing>
        <amt>
          <qty>1</qty>
          <unit>pound</unit></amt>
        <item>Green beans; trimmed</item></ing>
      <ing>
        <amt>
          <qty>3</qty>
          <unit>tablespoons</unit></amt>
        <item>Butter</item></ing>
      <ing>
        <amt>
          <qty>1/2</qty>
          <unit>cups</unit></amt>
        <item>Onion; finely diced</item></ing>
      <ing>
        <amt>
          <qty>1</qty>
          <unit>cup</unit></amt>
        <item>Sour cream</item></ing>
      <ing>
        <amt>
          <qty>1/4</qty>
          <unit>teaspoons</unit></amt>
        <item>White pepper</item></ing>
      <ing>
        <amt>
          <qty/>
          <unit/></amt>
        <item>Salt; to taste</item></ing>
      <ing>
        <amt>
          <qty>2</qty>
          <unit>cups</unit></amt>
        <item>Grated Gruyere or other Swiss cheese</item></ing>
      <ing>
        <amt>
          <qty>1/4</qty>
          <unit>cups</unit></amt>
        <item>Bread crumbs</item></ing></ingredients>
    <directions>
      <step>  1. Preheat oven to 350º. French cut beans by cutting them in half
  lengthwise, running the knife down the flat part between the seams of the
  bean. If the beans are long, cut them at an angle into lengths of about 2
  inches. Steam until crisply tender, from 3 to 5 minutes. When cooked
  through, but still slightly crunchy, remove from the steamer.
  
  2. In large skillet, melt 2 tbs of the butter and add the onion. Cook until
  translucent. Stir in the sour, pepper and the green beans. Add salt to
  taste. Mix to coat all ingredients and turn off heat.
  
  3. Spread mixture into a lightly greased casserole. Layer the cheese over
  it. Top with bread crumbs, and dot with the remaining butter. (At this
  point the dish can be baked immediately or refrigerated for 24 hours; bring
  to room temperature before cooking.)
  
  4. Bake for 25 minutes or until the top is golden brown and the sauce
  bubbly. Serve hot or warm.
  
  Per serving: 261 Calories; 21g Fat (70% calories from fat); 5g Protein; 15g
  Carbohydrate; 49mg Cholesterol; 244mg Sodium
  Posted to TNT - Prodigy's Recipe Exchange Newsletter  by #ebburtis
  &lt;ebburtis@ix.netcom.com&gt; on Dec 22, 97
 
</step></directions></recipe></recipeml>
