<?xml version="1.0" encoding="UTF-8"?>

<recipeml version="0.5">
  <recipe>
    <head>
      <title>Alsatian Apple Tart</title>
      <categories>
        <cat>Cooking liv</cat>
        <cat>Import</cat></categories>
      <yield>1</yield></head>
    <ingredients>
      <ing-div>
        <title>SWEET PASTRY DOUGH</title>
        <ing>
          <amt>
            <qty>1</qty>
            <unit>cup</unit></amt>
          <item>Flour</item></ing>
        <ing>
          <amt>
            <qty>3</qty>
            <unit>tablespoons</unit></amt>
          <item>Sugar</item></ing>
        <ing>
          <amt>
            <qty>1/4</qty>
            <unit>teaspoons</unit></amt>
          <item>Baking powder</item></ing>
        <ing>
          <amt>
            <qty>1</qty>
            <unit>pinch</unit></amt>
          <item>Salt</item></ing>
        <ing>
          <amt>
            <qty>4</qty>
            <unit>tablespoons</unit></amt>
          <item>Unsalted butter</item></ing>
        <ing>
          <amt>
            <qty>1</qty>
            <unit>large</unit></amt>
          <item>Egg</item></ing></ing-div>
      <ing-div>
        <title>APPLE FILLING</title>
        <ing>
          <amt>
            <qty>3</qty>
            <unit/></amt>
          <item>Golden delicious apples</item></ing>
        <ing>
          <amt>
            <qty>2</qty>
            <unit>tablespoons</unit></amt>
          <item>Sugar</item></ing>
        <ing>
          <amt>
            <qty>1/4</qty>
            <unit>teaspoons</unit></amt>
          <item>Cinnamon</item></ing></ing-div>
      <ing-div>
        <title>KIRSCH CUSTARD</title>
        <ing>
          <amt>
            <qty>2/3</qty>
            <unit>cups</unit></amt>
          <item>Heavy cream</item></ing>
        <ing>
          <amt>
            <qty>3</qty>
            <unit>tablespoons</unit></amt>
          <item>Sugar</item></ing>
        <ing>
          <amt>
            <qty>1</qty>
            <unit>tablespoon</unit></amt>
          <item>Kirsch</item></ing>
        <ing>
          <amt>
            <qty>3</qty>
            <unit/></amt>
          <item>Egg yolks</item></ing></ing-div></ingredients>
    <directions>
      <step>  For the dough, combine dry ingredients in food processor and pulse to mix.
  Add butter and pulse in. Add egg and continue to pulse until dough forms a
  ball. Roll the dough into a 14-inch disk and line a 10-inch tart pan. Chill
  the dough several hours, or overnight.
  
  Peel, core, halve and slice the apples 1/8-inch thick; arrange on pastry,
  overlapping. Sprinkle with cinnamon sugar. For custard, combine all
  ingredients; whisk by hand until smooth and well blended; strain and
  reserve.
  
  Bake at 350 degrees for about 35 minutes or until apples and crust are
  baked through. Remove tart from oven; pour on custard cream, being careful
  not to let it overflow. Return tart to oven for 5 to 10 minutes or until
  custard is set, but not colored or puffed.
  
  Yield: 10-inch tart
  
  Recipe by: Cooking Live Show #CL8988
  
  Posted to MC-Recipe Digest V1 #902 by "Angele and Jon Freeman"
  &lt;jfreeman@comteck.com&gt; on Nov 12, 1997
 
</step></directions></recipe></recipeml>
