<?xml version="1.0" encoding="UTF-8"?>

<recipeml version="0.5">
  <recipe>
    <head>
      <title>Alsatian Onion Pie</title>
      <categories>
        <cat>Pies</cat>
        <cat>Vegetables</cat>
        <cat>Main dish</cat></categories>
      <yield>6</yield></head>
    <ingredients>
      <ing>
        <amt>
          <qty>2</qty>
          <unit>tablespoons</unit></amt>
        <item>Oil (Canola oil)</item></ing>
      <ing>
        <amt>
          <qty>3</qty>
          <unit>large</unit></amt>
        <item>Onions; finely diced</item></ing>
      <ing>
        <amt>
          <qty>1</qty>
          <unit>cup</unit></amt>
        <item>Soy milk</item></ing>
      <ing>
        <amt>
          <qty>1/3</qty>
          <unit>cups</unit></amt>
        <item>Firm tofu; crushed by hand</item></ing>
      <ing>
        <amt>
          <qty>1 1/2</qty>
          <unit>teaspoons</unit></amt>
        <item>Sea salt</item></ing>
      <ing>
        <amt>
          <qty>1/4</qty>
          <unit>teaspoons</unit></amt>
        <item>Black pepper</item></ing>
      <ing>
        <amt>
          <qty>1/8</qty>
          <unit>teaspoons</unit></amt>
        <item>Nutmeg</item></ing>
      <ing>
        <amt>
          <qty>2</qty>
          <unit>tablespoons</unit></amt>
        <item>Unbleached flour</item></ing>
      <ing>
        <amt>
          <qty>1</qty>
          <unit>tablespoon</unit></amt>
        <item>Couscous</item></ing>
      <ing>
        <amt>
          <qty>1</qty>
          <unit/></amt>
        <item>Wholewheat pie shell; in a 10-inch tart sh</item></ing></ingredients>
    <directions>
      <step>  Saute onions in oil (I added 1/2 cup water to prevent burning, or you could
  substitute water for the oil to reduce fat), until translucent and mostly
  soft. Blend the soy milk, tofu, salt, pepper, nutmeg, and flour until
  smooth. Then combine the onions, the soy milk mixture and the couscous.
  Pour into the prepared pie shell. Bake in a preheated oven at 350 degrees F
  for about 30 minutes.
  
  &gt;From: Lindsey Jones Date: 10-27-93
  Posted to KitMailbox Digest  by brightl@kitmailbox.com on 19979Sep,
 
</step></directions></recipe></recipeml>
