<?xml version="1.0" encoding="UTF-8"?>

<recipeml version="0.5">
  <recipe>
    <head>
      <title>Alsatian Plum Tart-Tarte Aux Prunes D'alsace</title>
      <categories>
        <cat>Desserts</cat>
        <cat>Cakes</cat>
        <cat>Fruits</cat></categories>
      <yield>6 To 8</yield></head>
    <ingredients>
      <ing>
        <amt>
          <qty/>
          <unit/></amt>
        <item>Butter</item></ing>
      <ing>
        <amt>
          <qty>7</qty>
          <unit/></amt>
        <item>Large red plums, pitted, each cut into 8 wedges</item></ing>
      <ing>
        <amt>
          <qty>4</qty>
          <unit>tablespoons</unit></amt>
        <item>Sugar</item></ing>
      <ing>
        <amt>
          <qty>1</qty>
          <unit/></amt>
        <item>Pate Sucree Dough see separate recipe</item></ing>
      <ing>
        <amt>
          <qty>1/2</qty>
          <unit>teaspoons</unit></amt>
        <item>Ground cinnamon</item></ing>
      <ing>
        <amt>
          <qty>1</qty>
          <unit/></amt>
        <item>Egg white, beaten to blend</item></ing>
      <ing>
        <amt>
          <qty/>
          <unit/></amt>
        <item>Vanilla ice cream</item></ing></ingredients>
    <directions>
      <step>  Preheat oven to 400F.  Line baking sheet with foil; butter foil. Place
  plums on prepared sheet, spacing evenly. Sprinkle with 2 tablespoons sugar.
  Bake until plums are tender but stil hold shape, about 30 minutes. Cool
  plums on sheet.
  
  Roll out dough on floured surface to 12-inch-diameter round. Transfer
  pastry to center of another heavy large baking sheet. Overlap plums in
  concentric circles on pastry, forming 9-inch-diameter circle in center.
  Combine remaining 2 tablespoons sugar and cinnamon in small bowl. Sprinkle
  sugar mixture over plums. Fold edge of pastry over plums, pinching to seal
  any cracks in pastry.  Brush crust twice with egg white.
  
  Bake tart until crust is golden, about 25 minutes. Run thin sharp knife
  carefully under tart edges to loosen from sheet. Cool 15 to 30 minutes.
  Serve tart slightly warm with ice cream.
  
  Bon Appetit/May 94 Typed by Didi Pahl
  
  From Gemini's MASSIVE MealMaster collection at www.synapse.com/~gemini
 
</step></directions></recipe></recipeml>
