<?xml version="1.0" encoding="UTF-8"?>

<recipeml version="0.5">
  <recipe>
    <head>
      <title>Alsatian Tart Dough</title>
      <categories>
        <cat>Deborah</cat>
        <cat>Madison</cat></categories>
      <yield>4</yield></head>
    <ingredients>
      <ing>
        <amt>
          <qty>1/2</qty>
          <unit>cups</unit></amt>
        <item>Unsalted butter</item></ing>
      <ing>
        <amt>
          <qty>1/2</qty>
          <unit>cups</unit></amt>
        <item>Sugar</item></ing>
      <ing>
        <amt>
          <qty>1/8</qty>
          <unit>teaspoons</unit></amt>
        <item>Salt</item></ing>
      <ing>
        <amt>
          <qty>3</qty>
          <unit/></amt>
        <item>Eggs; room temperature</item></ing>
      <ing>
        <amt>
          <qty>1/2</qty>
          <unit>teaspoons</unit></amt>
        <item>Vanilla extract</item></ing>
      <ing>
        <amt>
          <qty>2</qty>
          <unit>teaspoons</unit></amt>
        <item>Grated orange zest</item></ing>
      <ing>
        <amt>
          <qty>1</qty>
          <unit>cup</unit></amt>
        <item>Flour</item></ing></ingredients>
    <directions>
      <step>  Cream the butter, sugar, and salt until light and fluffy, then add the eggs
  one at a time and beat until smooth after each addition. Add the vanilla
  and orange zest, then stir in the flour. Using a spatula, smooth the batter
  into the tart pan, pushing it up against the edges to make a slight rim.
  Fill and bake.
  
  NOTES : All recipes courtesy of Deborah Madison,  "Vegetarian Cooking for
  Everyone"
  Recipe by: COOKING LIVE #CL9111
  
  Posted to MC-Recipe Digest by Nancy Berry &lt;nlberry@prodigy.net&gt; on May 15,
  1998
 
</step></directions></recipe></recipeml>
