<?xml version="1.0" encoding="UTF-8"?>

<recipeml version="0.5">
  <recipe>
    <head>
      <title>Alsatian Gratin of Roots (Lacto)</title>
      <categories>
        <cat>Digest</cat>
        <cat>Feb95</cat>
        <cat>Fatfree</cat></categories>
      <yield>10</yield></head>
    <ingredients>
      <ing>
        <amt>
          <qty>3</qty>
          <unit>large</unit></amt>
        <item>Onions finely chopped</item></ing>
      <ing>
        <amt>
          <qty>4</qty>
          <unit>large</unit></amt>
        <item>Carrots (1 lb) chopped</item></ing>
      <ing>
        <amt>
          <qty>3</qty>
          <unit>cups</unit></amt>
        <item>Broth chicken, beef, or</item></ing>
      <ing>
        <amt>
          <qty/>
          <unit/></amt>
        <item>Vegetable</item></ing>
      <ing>
        <amt>
          <qty>3</qty>
          <unit>pounds</unit></amt>
        <item>Potatoes (about 6large)</item></ing>
      <ing>
        <amt>
          <qty>1</qty>
          <unit>pound</unit></amt>
        <item>(2 medium) rutabagas</item></ing>
      <ing>
        <amt>
          <qty>1/2</qty>
          <unit>cups</unit></amt>
        <item>Minced fresh parsley</item></ing>
      <ing>
        <amt>
          <qty>1</qty>
          <unit/></amt>
        <item>Nutmeg to taste</item></ing>
      <ing>
        <amt>
          <qty>3/4</qty>
          <unit>cups</unit></amt>
        <item>Jarlsberg cheese (I used ff</item></ing>
      <ing>
        <amt>
          <qty/>
          <unit/></amt>
        <item>Cheese instead)</item></ing></ingredients>
    <directions>
      <step>  In a 5-6 quart pan (I used a small roaster) cook onions and carrots in 1/2
  cup of broth until softened.  Add to this the parsley.
  
  Peel and thinly slice the potatoes and rutabagas.  Arrange half of the
  potato/rutabaga combo in the bottom of the pan (I sprayed with Pam first).
  Top with half the onion/carrot mixture. Repeat with the other half of the
  ingredients.  Over the top, pour the rest of the broth.
  
  Cover and bake for 1 1/2 hours in a 425 degree oven.  Top with cheese and
  sprinkle with nutmeg.  Broil until cheese is browned.
  
  Makes 10-12 servings
  
  Comment: I wanted to share a recipe which I have been making this winter
  for my family.  It is a good cold weather dish. It makes enough for a crowd
  ~ my family (2 adults and 3 teens) only eat about half. This can be made
  ahead and chilled until ready to use.
  
  Source: Sunset Magazine. November, 1991  "Vegetables, pilaf, wild rice".
  
  Posted by SANDY BETH - WINONAPL &lt;SANDRA_B@selco.lib.mn.us&gt; to the Fatfree
  Digest [Volume 15 Issue 15] Feb. 15, 1995.
  
  Individual recipes copyrighted by originator. FATFREE Recipe collections
  copyrighted by Michelle Dick 1995. Formatted by Sue Smith,
  SueSmith9@aol.com using MMCONV. Archived through kindness of Karen
  Mintzias, km@salata.com.
  
  1.80á
  
  File ftp://ftp.idiscover.co.uk/pub/food/mealmaster/recipes/fatfreex.zip
 
</step></directions></recipe></recipeml>
