<?xml version="1.0" encoding="UTF-8"?>

<recipeml version="0.5">
  <recipe>
    <head>
      <title>Alt Beer</title>
      <categories>
        <cat>Beer</cat>
        <cat>Brewing</cat></categories>
      <yield>1</yield></head>
    <ingredients>
      <ing>
        <amt>
          <qty>8</qty>
          <unit>pounds</unit></amt>
        <item>Malt extract</item></ing>
      <ing>
        <amt>
          <qty>16</qty>
          <unit>ounces</unit></amt>
        <item>Wheat bran -- crushed</item></ing>
      <ing>
        <amt>
          <qty>3</qty>
          <unit>ounces</unit></amt>
        <item>Hops (hallertau)</item></ing>
      <ing>
        <amt>
          <qty>1</qty>
          <unit>teaspoon</unit></amt>
        <item>Irish moss seaweed</item></ing>
      <ing>
        <amt>
          <qty>5</qty>
          <unit>gallons</unit></amt>
        <item>Water (up to 5 gal)</item></ing>
      <ing>
        <amt>
          <qty>1</qty>
          <unit>package</unit></amt>
        <item>Yeast (liquid dusseldorf ale</item></ing>
      <ing>
        <amt>
          <qty/>
          <unit/></amt>
        <item>Or dried ale)</item></ing>
      <ing>
        <amt>
          <qty>3/4</qty>
          <unit>cups</unit></amt>
        <item>Priming suger</item></ing></ingredients>
    <directions>
      <step>  Boil wort for one hour. Ferment at slightly lower temperature to get the
  proper character
  
  Recipe By     : Northern Brewers
  
  From: Ladies Home Journal- August 1991
  
  File ftp://ftp.idiscover.co.uk/pub/food/mealmaster/recipes/mmdja006.zip
 
</step></directions></recipe></recipeml>
