<?xml version="1.0" encoding="UTF-8"?>

<recipeml version="0.5">
  <recipe>
    <head>
      <title>Applesauce Cake in Jars</title>
      <categories>
        <cat>Cakes</cat>
        <cat>Crockpot</cat></categories>
      <yield>10</yield></head>
    <ingredients>
      <ing>
        <amt>
          <qty>1/2</qty>
          <unit>cups</unit></amt>
        <item>Butter or margarine</item></ing>
      <ing>
        <amt>
          <qty>1</qty>
          <unit>cup</unit></amt>
        <item>Brown sugar</item></ing>
      <ing>
        <amt>
          <qty>1</qty>
          <unit>cup</unit></amt>
        <item>Applesauce</item></ing>
      <ing>
        <amt>
          <qty>2 1/2</qty>
          <unit>cups</unit></amt>
        <item>Flour</item></ing>
      <ing>
        <amt>
          <qty>1/2</qty>
          <unit>teaspoons</unit></amt>
        <item>Baking soda</item></ing>
      <ing>
        <amt>
          <qty>1/2</qty>
          <unit>teaspoons</unit></amt>
        <item>Salt</item></ing>
      <ing>
        <amt>
          <qty>1</qty>
          <unit>teaspoon</unit></amt>
        <item>Baking powder</item></ing>
      <ing>
        <amt>
          <qty>1/2</qty>
          <unit>teaspoons</unit></amt>
        <item>Cinnamon</item></ing>
      <ing>
        <amt>
          <qty>1/2</qty>
          <unit>teaspoons</unit></amt>
        <item>Ground cloves</item></ing>
      <ing>
        <amt>
          <qty>1/4</qty>
          <unit>teaspoons</unit></amt>
        <item>Nutmeg; opt</item></ing>
      <ing>
        <amt>
          <qty>1/4</qty>
          <unit>teaspoons</unit></amt>
        <item>Allspice; opt</item></ing>
      <ing>
        <amt>
          <qty>1</qty>
          <unit>cup</unit></amt>
        <item>Walnuts; chop</item></ing></ingredients>
    <directions>
      <step>  In bowl cream butter; gradually add sugar to the creamed butter. Thoroughly
  mix until fluffy. Add applesauce. Sift together all dry ingredients, then
  add those to the mixture. Add the nuts, and stir well. Pour cake mixture
  into wide-mouth canning jars. WARNING: Please use only canning jars that
  are specially tempered. Do not use cans or other jars that may not be
  appropriate for this method due to lead content. Or, use a special crockpot
  baking pan available thruough Rival Co. To assure that baked cakes will
  slip out easily, grease inside of jars well. (Lining bottom of jars with
  waxed paper also will help.) Cover each jar with a piece of foil greased on
  one side. Place greased side down and press foil around edges to seal
  tightly. Place jars in crockpot with crockery liner in place. Cover; cook
  on high-heat setting for 2 3/4 to 3 hours or till cakes spring back when
  touched and a wooden tothpick inserted near the centers comes out clean.
  Remove jars from cooker; cool 10 minutes. Unmold cakes; remove waxed paper.
  Serve warm or cool with whipped topping, if desired.
  Posted to MC-Recipe Digest V1 #774 by "jana@cablenet-va.com"
  &lt;jana@cablenet-va.com&gt; on Sep 7, 1997
 
</step></directions></recipe></recipeml>
