<?xml version="1.0" encoding="UTF-8"?>

<recipeml version="0.5">
  <recipe>
    <head>
      <title>Applesauce Spice Cake with Caramel Frosting</title>
      <categories>
        <cat>Cakes</cat></categories>
      <yield>12</yield></head>
    <ingredients>
      <ing-div>
        <title>SPICE CAKE</title>
        <ing>
          <amt>
            <qty>1</qty>
            <unit>cup</unit></amt>
          <item>Butter; (2 sticks) at room temperature</item></ing>
        <ing>
          <amt>
            <qty>1</qty>
            <unit>cup</unit></amt>
          <item>Sugar</item></ing>
        <ing>
          <amt>
            <qty>2</qty>
            <unit/></amt>
          <item>Eggs</item></ing>
        <ing>
          <amt>
            <qty>3</qty>
            <unit>cups</unit></amt>
          <item>Flour; sifted</item></ing>
        <ing>
          <amt>
            <qty>2</qty>
            <unit>teaspoons</unit></amt>
          <item>Nutmeg</item></ing>
        <ing>
          <amt>
            <qty>1</qty>
            <unit>teaspoon</unit></amt>
          <item>Cinnamon</item></ing>
        <ing>
          <amt>
            <qty>1</qty>
            <unit>teaspoon</unit></amt>
          <item>Baking soda</item></ing>
        <ing>
          <amt>
            <qty>1/2</qty>
            <unit>teaspoons</unit></amt>
          <item>Ground cloves</item></ing>
        <ing>
          <amt>
            <qty>1/2</qty>
            <unit>teaspoons</unit></amt>
          <item>Ground allspice</item></ing>
        <ing>
          <amt>
            <qty>1/2</qty>
            <unit>teaspoons</unit></amt>
          <item>Ginger</item></ing>
        <ing>
          <amt>
            <qty>1/4</qty>
            <unit>teaspoons</unit></amt>
          <item>Salt</item></ing>
        <ing>
          <amt>
            <qty>16</qty>
            <unit>ounces</unit></amt>
          <item>Applesauce</item></ing>
        <ing>
          <amt>
            <qty>1</qty>
            <unit>cup</unit></amt>
          <item>Walnuts; coarsely chopped</item></ing>
        <ing>
          <amt>
            <qty>1</qty>
            <unit>cup</unit></amt>
          <item>Golden raisins</item></ing></ing-div>
      <ing-div>
        <title>CARAMEL FROSTING</title>
        <ing>
          <amt>
            <qty>3/4</qty>
            <unit>cups</unit></amt>
          <item>Unsalted butter; (1 1/2 sticks)</item></ing>
        <ing>
          <amt>
            <qty>1 1/2</qty>
            <unit>cups</unit></amt>
          <item>Dark brown sugar</item></ing>
        <ing>
          <amt>
            <qty>6</qty>
            <unit>tablespoons</unit></amt>
          <item>Evaporated milk</item></ing>
        <ing>
          <amt>
            <qty>2 1/2</qty>
            <unit>cups</unit></amt>
          <item>Sifted confectioners' sugar</item></ing></ing-div></ingredients>
    <directions>
      <step>  1. Prepare the cake: In a large bowl, beat butter and sugar with an
  electric mixed, until light and fluffy. Beat in eggs, one at a time.
  
  2. In another large bowl, sift together sifted flour, nutmeg, cinnamon,
  baking soda, cloves, allspice, ginger and salt. Slowly add sifted dry
  ingredients to the butter mixture alternately with the applesauce, Mix
  well. Stir in walnuts and raisins.
  
  3. Pour batter into a greased 9-by-13-inch baking pan. Bake in a preheated
  350-degree oven until a toothpick inserted in the center of the cake comes
  out clean; about 1 hour and 15 minutes.
  
  4. Remove cake from pan and let cool on a wire rack.
  
  5. Make the frosting: In a heavy-bottomed, medium saucepan, bring butter
  and brown sugar to a boil over medium-high heat, stirring constantly, Boil,
  stirring, for two minutes. Remove from heat and stir in the milk. Let cool
  until just warm to the touch.
  
  6. Stir in confectioners' sugar cup at a time. Mix until smooth.
  
  Frost cake.
  
  Recipe by: Newspaper Saved by Esther Guyer
  
  Posted to TNT Recipes Digest by "Art Guyer" &lt;ThePoint@beachlink.com&gt; on May
  12, 1998
 
</step></directions></recipe></recipeml>
