<?xml version="1.0" encoding="UTF-8"?>

<recipeml version="0.5">
  <recipe>
    <head>
      <title>Applesauce Nut Bread</title>
      <categories>
        <cat>Diabetic</cat>
        <cat>Desserts</cat>
        <cat>Fruits</cat></categories>
      <yield>16</yield></head>
    <ingredients>
      <ing>
        <amt>
          <qty>1/3</qty>
          <unit>cups</unit></amt>
        <item>Margarine; room temp;</item></ing>
      <ing>
        <amt>
          <qty>3</qty>
          <unit>tablespoons</unit></amt>
        <item>Sugar;</item></ing>
      <ing>
        <amt>
          <qty>3</qty>
          <unit>large</unit></amt>
        <item>Egg white; room temp</item></ing>
      <ing>
        <amt>
          <qty>1</qty>
          <unit>cup</unit></amt>
        <item>Flour;</item></ing>
      <ing>
        <amt>
          <qty>2/3</qty>
          <unit>cups</unit></amt>
        <item>Graham flour;</item></ing>
      <ing>
        <amt>
          <qty>1</qty>
          <unit>teaspoon</unit></amt>
        <item>Pumpkin pie spice;</item></ing>
      <ing>
        <amt>
          <qty>1</qty>
          <unit>tablespoon</unit></amt>
        <item>Baking powder;</item></ing>
      <ing>
        <amt>
          <qty>1</qty>
          <unit>teaspoon</unit></amt>
        <item>Baking soda;</item></ing>
      <ing>
        <amt>
          <qty>1/2</qty>
          <unit>teaspoons</unit></amt>
        <item>Salt;</item></ing>
      <ing>
        <amt>
          <qty>1</qty>
          <unit>cup</unit></amt>
        <item>Unsweetened applesauce;</item></ing>
      <ing>
        <amt>
          <qty>3</qty>
          <unit>tablespoons</unit></amt>
        <item>Liquid Sugar substitute;</item></ing>
      <ing>
        <amt>
          <qty>1/2</qty>
          <unit>cups</unit></amt>
        <item>Nuts; chopped</item></ing></ingredients>
    <directions>
      <step>  Cream margarine and sugar together until light and fluffy. Add egg
  whites to creamed mixture and beat at medium speed for 1/2 minute.
  Stir together flours, spices, baking powder, baking soda and salt
  until well blended. Add applesauce, sweetener, and nuts, along with
  flour mixture, to creamed mixture. Mix at medium speed only until the
  flour is moistened. Do not overbeat. Spread evenly in a 9x5x3 inch
  loaf pan that has been greased with margarine. Bake at 375 F for 45
  minutes, or until a cake tester comes out clean form the center and
  the bread pulls away from the sides of the pan.Cool 10 minutes in the
  pan, and turn out onto a wire rack to cool to room temperature. Cut
  into 16 equal slices. serve 1 slice per serving. From *Prodigy's Food
  and Wine-Healthy Eating Bulletin Board, from Bridget Benjamin
  ~PHFC09A.
  
  File ftp://ftp.idiscover.co.uk/pub/food/mealmaster/recipes/diabetic.zip
 
</step></directions></recipe></recipeml>
