<?xml version="1.0" encoding="UTF-8"?>

<recipeml version="0.5">
  <recipe>
    <head>
      <title>Applesauce Stack Cake</title>
      <categories>
        <cat>Cakes &amp;</cat>
        <cat>Frostings</cat></categories>
      <yield>1</yield></head>
    <ingredients>
      <ing>
        <amt>
          <qty>3/4</qty>
          <unit>cups</unit></amt>
        <item>Shortening</item></ing>
      <ing>
        <amt>
          <qty>1</qty>
          <unit>cup</unit></amt>
        <item>Sugar</item></ing>
      <ing>
        <amt>
          <qty>1</qty>
          <unit>cup</unit></amt>
        <item>Molasses</item></ing>
      <ing>
        <amt>
          <qty>3</qty>
          <unit/></amt>
        <item>Eggs</item></ing>
      <ing>
        <amt>
          <qty>4</qty>
          <unit>cups</unit></amt>
        <item>All-purpose flour</item></ing>
      <ing>
        <amt>
          <qty>1/2</qty>
          <unit>teaspoons</unit></amt>
        <item>Baking soda</item></ing>
      <ing>
        <amt>
          <qty>1</qty>
          <unit>teaspoon</unit></amt>
        <item>Salt</item></ing>
      <ing>
        <amt>
          <qty>1</qty>
          <unit>teaspoon</unit></amt>
        <item>Ground ginger</item></ing>
      <ing>
        <amt>
          <qty>1</qty>
          <unit>cup</unit></amt>
        <item>Milk</item></ing>
      <ing>
        <amt>
          <qty>3</qty>
          <unit>cups</unit></amt>
        <item>Applesauce</item></ing>
      <ing>
        <amt>
          <qty/>
          <unit/></amt>
        <item>Ground cinnamon</item></ing></ingredients>
    <directions>
      <step>  Cream shortening; gradually add sugar and molasses, beating until smooth.
  Add eggs, one at a time, beating well after each addition.
  
  Combine flour, soda, salt, and ginger; add to creamed mixture alternately
  with milk, beginning and ending with flour mixture. Mix after each
  addition.
  
  Pour batter evenly into 6 greased and floured 9-inch round cakepans. Bake
  at 375°F for 18 to 20 minutes or until a wooden pick inserted in center
  comes out clean. Remove layers from pans, and let cool completely on wire
  racks.
  
  Spread about 1/2 cup applesauce between each layer, and stack layers. Spoon
  remaining applesauce on top of cake. Sprinkle top of cake with cinnamon.
  Let stand at least 8 hours before serving. Store in refrigerator.
  
  Yield: one 9-inch stack cake.
  
  Note: Flavor of stack cake is enhanced when stored for up to 3 days.
  
  Busted by Gail Shermeyer &lt;4paws@netrax.net&gt;
  
  Recipe by: The Southern Living Cookbook, 1987, 8487-0709-5
  
  Posted to Bakery-Shoppe Digest by Gail Shermeyer &lt;4paws@netrax.net&gt; on Apr
  13, 1998
 
</step></directions></recipe></recipeml>
