<?xml version="1.0" encoding="UTF-8"?>

<recipeml version="0.5">
  <recipe>
    <head>
      <title>Applesauce Meringue</title>
      <categories>
        <cat>Desserts</cat>
        <cat>Fruits</cat></categories>
      <yield>6</yield></head>
    <ingredients>
      <ing>
        <amt>
          <qty>4</qty>
          <unit>cups</unit></amt>
        <item>Applesauce</item></ing>
      <ing>
        <amt>
          <qty>1</qty>
          <unit>tablespoon</unit></amt>
        <item>Lemon Juice</item></ing>
      <ing>
        <amt>
          <qty>4</qty>
          <unit>x</unit></amt>
        <item>Egg Yolks</item></ing>
      <ing>
        <amt>
          <qty>4</qty>
          <unit>x</unit></amt>
        <item>Egg Whites</item></ing>
      <ing>
        <amt>
          <qty>8</qty>
          <unit>tablespoons</unit></amt>
        <item>Sugar</item></ing>
      <ing>
        <amt>
          <qty>1/2</qty>
          <unit>teaspoons</unit></amt>
        <item>Vanilla</item></ing></ingredients>
    <directions>
      <step>  Grated rind of 1 Lemon Preheat oven to 300 deg F.
   Combine applesauce, lemon juice and rind. Beat in egg yolks and pour into
  baking dish. In separate bowl, beat egg whites until peaks form. Gradually
  add sugar while continuing to beat. Add vanilla.
   Mix approx. 1/4 of meringue thru applesauce and spoon remaining meringue
  on top.
   Bake 15 minutes. Good hot or cold.
  
  From Gemini's MASSIVE MealMaster collection at www.synapse.com/~gemini
 
</step></directions></recipe></recipeml>
