<?xml version="1.0" encoding="UTF-8"?>

<recipeml version="0.5">
  <recipe>
    <head>
      <title>Applesauce Cake Baked in a Jar</title>
      <categories>
        <cat>Cakes</cat>
        <cat>Desserts</cat></categories>
      <yield>1</yield></head>
    <ingredients>
      <ing>
        <amt>
          <qty>2/3</qty>
          <unit>cups</unit></amt>
        <item>Shortening</item></ing>
      <ing>
        <amt>
          <qty>2 2/3</qty>
          <unit>cups</unit></amt>
        <item>Sugar</item></ing>
      <ing>
        <amt>
          <qty>4</qty>
          <unit/></amt>
        <item>Eggs</item></ing>
      <ing>
        <amt>
          <qty>2</qty>
          <unit>cups</unit></amt>
        <item>Applesauce</item></ing>
      <ing>
        <amt>
          <qty>2/3</qty>
          <unit>cups</unit></amt>
        <item>Water</item></ing>
      <ing>
        <amt>
          <qty>3 1/3</qty>
          <unit>cups</unit></amt>
        <item>All-purpose flo sifted</item></ing>
      <ing>
        <amt>
          <qty>1/2</qty>
          <unit>teaspoons</unit></amt>
        <item>Baking powder</item></ing>
      <ing>
        <amt>
          <qty>2</qty>
          <unit>teaspoons</unit></amt>
        <item>Baking soda</item></ing>
      <ing>
        <amt>
          <qty>1 1/2</qty>
          <unit>teaspoons</unit></amt>
        <item>Salt</item></ing>
      <ing>
        <amt>
          <qty>1</qty>
          <unit>teaspoon</unit></amt>
        <item>Cinnamon</item></ing>
      <ing>
        <amt>
          <qty>2</qty>
          <unit>teaspoons</unit></amt>
        <item>Ground cloves</item></ing>
      <ing>
        <amt>
          <qty>2/3</qty>
          <unit>cups</unit></amt>
        <item>Nuts, chopped (optional)</item></ing></ingredients>
    <directions>
      <step>    Preheat oven to 325-degrees.
  
    Sterilize 5 straight-sided Ball Quilted Crystal (#14400- 81400) canning
  jars, lids and rings by boiling them for 15 minutes. Keep the lids and
  rings in the water until you're ready to use them. Remove the jars from the
  water and place them on a clean dish towel to air-dry (up, not upside
  down). When the jars are cool enough to handle, grease the insides with
  shortening (DO NOT use butter, margarine, PAM or Baker's Secret); set
  aside.
  
    Sift together the flour, baking powder, baking soda, salt, cinnamon and
  cloves; set aside.
  
    Cream together the shortening and sugar. Beat in the eggs, one at a time
  until the mixture is light and fluffy. Add the applesauce and water. Blend
  the dry ingredients into the applesauce mixture. Fold in the nuts.; set
  aside. Fill well greased jars half full. Place the jars onto a cookie sheet
  or they'll tip over.
  
    Bake for 35 minutes or until a cake tester comes out clean. like you
  would any canned goods.
  
    The method for making the cakes is the same -- no matter which recipe you
  use. The only difference will be the ingredients (of course), the amount of
  jars needed and the baking times- -that's all, everything else is the same.
  Don't limit yourself to the recipes I'm giving you -- use your favorite
  quick-bread recipe. I plan on trying the Carrot Cake recipe I posted.
  
    Linda/BDT Burbank, CA (USA)
    Posted in COOKING by: Sandee Eveland 8/31/93
  
  From Gemini's MASSIVE MealMaster collection at www.synapse.com/~gemini
 
</step></directions></recipe></recipeml>
