<?xml version="1.0" encoding="UTF-8"?>

<recipeml version="0.5">
  <recipe>
    <head>
      <title>Applesauce Cake (Mix)</title>
      <categories>
        <cat/></categories>
      <yield>100</yield></head>
    <ingredients>
      <ing>
        <amt>
          <qty>1 1/4</qty>
          <unit>quarts</unit></amt>
        <item>WATER</item></ing>
      <ing>
        <amt>
          <qty>3 3/8</qty>
          <unit>pounds</unit></amt>
        <item>APPLE SAUCE #10</item></ing>
      <ing>
        <amt>
          <qty>1 1/2</qty>
          <unit>pounds</unit></amt>
        <item>RAISINS #10</item></ing>
      <ing>
        <amt>
          <qty>10</qty>
          <unit>pounds</unit></amt>
        <item>CAKE MIX YELLOW #10</item></ing>
      <ing>
        <amt>
          <qty>1</qty>
          <unit>cup</unit></amt>
        <item>SALAD OIL; 1 GAL</item></ing>
      <ing>
        <amt>
          <qty>2</qty>
          <unit>tablespoons</unit></amt>
        <item>CINNAMON GROUND 1 LB CN</item></ing>
      <ing>
        <amt>
          <qty>1</qty>
          <unit>tablespoon</unit></amt>
        <item>CLOVES GROUND</item></ing>
      <ing>
        <amt>
          <qty>1 2/3</qty>
          <unit>tablespoons</unit></amt>
        <item>BAKING SODA</item></ing>
      <ing>
        <amt>
          <qty>PAN:</qty>
          <unit>18</unit></amt>
        <item>BY 26-INCH SHEET PAN (2 PANS)     TEMPERATURE:  375 F. OVEN</item></ing></ingredients>
    <directions>
      <step>  1.  COMBINE CAKE MIX, CINNAMON, CLOVES, BAKING SODA, SALAD OIL. AND
  WATER IN MIXING BOWL.  BEAT AT MEDIUM SPEED 3 MINUTES; SCRAPE DOWN BOWL.
  
  2.  ADD APPLESAUCE; BEAT AT LOW SPEED 3 MINUTES.  SCRAPE DOWN BOWL ONCE
  DURING BEATING.
  
  3.  FOLD RAISINS INTO BATTER.
  
  4.  POUR 1 GAL (ABOUT 7 LB 3 OZ) BATTER INTO EACH GREASED AND FLOURED PAN.
  
  5.  BAKE 35 TO 40 MINUTES OR UNTIL DONE.
  
  6.  COOL; FROST IF DESIRED. CUT 6 BY 9.
  
  NOTE:  1.  IN STEP 2, INSTANT APPLESAUCE MAY BE USED. MIX 11 OZ (1/2-NO.
  2 1/2 CN) CANNED INSTANT APPLESAUCE WITH 1 1/2 QT COLD WATER; ALLOW TO
  STAND 10 MINUTES BEFORE USING.
  
  NOTE:  2.  OTHER PAN SIZES MAY BE USED. SEE RECIPE CARD G-G-4.
  
  Recipe Number: G00300
  
  SERVING SIZE: 1 PIECE
  
  From the &lt;Army Master Recipe Index File&gt; (actually used today!).
  Downloaded from Glen's MM Recipe Archive, http://www.erols.com/hosey.
 
</step></directions></recipe></recipeml>
