<?xml version="1.0" encoding="UTF-8"?>

<recipeml version="0.5">
  <recipe>
    <head>
      <title>Applesauce Date Cake</title>
      <categories>
        <cat>Cakes</cat>
        <cat>Desserts</cat></categories>
      <yield>12</yield></head>
    <ingredients>
      <ing>
        <amt>
          <qty>2</qty>
          <unit>cups</unit></amt>
        <item>Flour (unsifted)</item></ing>
      <ing>
        <amt>
          <qty>2</qty>
          <unit>teaspoons</unit></amt>
        <item>Soda</item></ing>
      <ing>
        <amt>
          <qty>1</qty>
          <unit>teaspoon</unit></amt>
        <item>Cinnamon</item></ing>
      <ing>
        <amt>
          <qty>1/2</qty>
          <unit>teaspoons</unit></amt>
        <item>Allspice</item></ing>
      <ing>
        <amt>
          <qty>1/2</qty>
          <unit>teaspoons</unit></amt>
        <item>Nutmeg</item></ing>
      <ing>
        <amt>
          <qty>1/4</qty>
          <unit>teaspoons</unit></amt>
        <item>Cloves</item></ing>
      <ing>
        <amt>
          <qty>1/4</qty>
          <unit>teaspoons</unit></amt>
        <item>Salt</item></ing>
      <ing>
        <amt>
          <qty>2</qty>
          <unit/></amt>
        <item>Eggs</item></ing>
      <ing>
        <amt>
          <qty>1</qty>
          <unit>cup</unit></amt>
        <item>Lt. brown sugar (packd firm)</item></ing>
      <ing>
        <amt>
          <qty>1/2</qty>
          <unit>cups</unit></amt>
        <item>Butter (softened)</item></ing>
      <ing>
        <amt>
          <qty>2</qty>
          <unit>cups</unit></amt>
        <item>Applesauce (heated)</item></ing>
      <ing>
        <amt>
          <qty>1</qty>
          <unit>cup</unit></amt>
        <item>Dates (chopped)</item></ing>
      <ing>
        <amt>
          <qty>3/4</qty>
          <unit>cups</unit></amt>
        <item>Pecans (coarse-shopped)</item></ing>
      <ing>
        <amt>
          <qty/>
          <unit/></amt>
        <item>Butter frosting</item></ing></ingredients>
    <directions>
      <step>  1. Preheat oven to 350 F.  Grease well and flour a 9X9X2" pan. 2. Into
  large bowl, sift flour with soda, spices and salt. Add eggs, brown sugar,
  butter, and 1 cup hot applesauce; at low speed, beat just until the
  ingredients are combined. 3. At medium speed, beat 2 minutes longer,
  occasionally scraping the side of the bowl and guiding mixture into the
  beater with a rubber scraper. 4. Add remaining applesauce, dates, and
  walnuts; beat 1 minute. 5. Pour batter into pan.  Bake 50 minutes OR UNTIL
  straw comes out clean.  Cool 10 minutes in pan.
 
</step></directions></recipe></recipeml>
