<?xml version="1.0" encoding="UTF-8"?>

<recipeml version="0.5">
  <recipe>
    <head>
      <title>Applesauce Banana Bread</title>
      <categories>
        <cat>Breads - qu</cat>
        <cat>Low-fat/low</cat></categories>
      <yield>1</yield></head>
    <ingredients>
      <ing>
        <amt>
          <qty>4</qty>
          <unit/></amt>
        <item>Bananas, ripe</item></ing>
      <ing>
        <amt>
          <qty>1</qty>
          <unit>cup</unit></amt>
        <item>Sugar</item></ing>
      <ing>
        <amt>
          <qty>1/2</qty>
          <unit>cups</unit></amt>
        <item>Applesauce</item></ing>
      <ing>
        <amt>
          <qty>1</qty>
          <unit>teaspoon</unit></amt>
        <item>Vanilla Extract</item></ing>
      <ing>
        <amt>
          <qty>2</qty>
          <unit/></amt>
        <item>Eggs</item></ing>
      <ing>
        <amt>
          <qty>1</qty>
          <unit>teaspoon</unit></amt>
        <item>Baking Soda</item></ing>
      <ing>
        <amt>
          <qty>1</qty>
          <unit>tablespoon</unit></amt>
        <item>Baking Powder</item></ing>
      <ing>
        <amt>
          <qty>1</qty>
          <unit>teaspoon</unit></amt>
        <item>Salt</item></ing>
      <ing>
        <amt>
          <qty>2</qty>
          <unit>cups</unit></amt>
        <item>Flour</item></ing></ingredients>
    <directions>
      <step>  Preheat oven to 350 F. Place bananas in a large bowl and mash with electric
  mixer. Stir in sugar and let stand for 15 minutes.
  
  Add applesauce and eggs and beat well. Add remaining ingredients and mix
  thoroughly. Pour into 9"x5" loaf pan coated with nonstick vegetable spray.
  Bake for 45 minutes, or until a wooden toothpick inserted in the center of
  the loaf comes out clean.
  
  Remove from oven and let stand 10 minutes before removing from pan. Cool on
  wire rack.
  
  Posted 09-14-93 by GORDON YOUNG on F-Gourmet
  
  Posted to Bakery Shoppe Digest146 by Bill Spalding &lt;billspa@icanect.net&gt; on
  Jul 05, 1997
 
</step></directions></recipe></recipeml>
