<?xml version="1.0" encoding="UTF-8"?>

<recipeml version="0.5">
  <recipe>
    <head>
      <title>Applesauce Bars</title>
      <categories>
        <cat>Diabetic</cat>
        <cat>Desserts</cat>
        <cat>Cooky/bars</cat></categories>
      <yield>18</yield></head>
    <ingredients>
      <ing>
        <amt>
          <qty>2</qty>
          <unit>cups</unit></amt>
        <item>All-purpose flour;</item></ing>
      <ing>
        <amt>
          <qty>1/3</qty>
          <unit>cups</unit></amt>
        <item>Sugar;</item></ing>
      <ing>
        <amt>
          <qty/>
          <unit/></amt>
        <item>Dry sugar sub equal to 3/4 c</item></ing>
      <ing>
        <amt>
          <qty/>
          <unit/></amt>
        <item>Sugar</item></ing>
      <ing>
        <amt>
          <qty>1</qty>
          <unit>teaspoon</unit></amt>
        <item>Cinnamon;</item></ing>
      <ing>
        <amt>
          <qty>1/2</qty>
          <unit>teaspoons</unit></amt>
        <item>Nutmeg;</item></ing>
      <ing>
        <amt>
          <qty>1/4</qty>
          <unit>teaspoons</unit></amt>
        <item>Cloves;</item></ing>
      <ing>
        <amt>
          <qty>1 1/2</qty>
          <unit>cups</unit></amt>
        <item>Unsweetened applesaue; hot</item></ing>
      <ing>
        <amt>
          <qty>2</qty>
          <unit>teaspoons</unit></amt>
        <item>Baking soda;</item></ing>
      <ing>
        <amt>
          <qty>1/2</qty>
          <unit>cups</unit></amt>
        <item>Walnuts; chopped</item></ing>
      <ing>
        <amt>
          <qty>1/4</qty>
          <unit>cups</unit></amt>
        <item>Rasins;</item></ing></ingredients>
    <directions>
      <step>  Place flour, sugar, dry sugar substitute, cinnamon, nutmeg and cloves
  in mixer bowl and mix a low speed to blend well.  Combine HOT
  applesause and baking soda ( don't try to be modern and use cold
  applesause and mix with baking soda with the flour; it doesn't work
  as well that way), and add, along with oil, walnuts and raisins, to
  flour mixture. Mix at medium speed until flour is moistened and
  batter in creamy. Spread batter evenly in a 9" by 13" cake pan that
  has been sprayed with pan spray or greased well with margarine.  Bake
  at 375 degrees for 20 to 25 minutes, or till bars pull away from the
  sides of the pan and a cake tester comes out clean from the center.
  Cool on a wire rack. Cut three by six.
  
  Food Exchange per serving: 1 STARCH/BREAD EXCHANGE + 1 FAT EXCHANGE
  CHO: 17g; PRO: 2G;  FAT: 5g;  CAL: 122; Low-sodium diets: Recipe is
  suitable written.
  
  Source: The Art of Cooking for the Diabetic by Mary Abbott
  Hess,R.D.,M.S. And Katharine Middleton
  
  Brought to you and yours via Nancy O'Brion and her Meal-Master
  
  File ftp://ftp.idiscover.co.uk/pub/food/mealmaster/recipes/diabetic.zip
 
</step></directions></recipe></recipeml>
