<?xml version="1.0" encoding="UTF-8"?>

<recipeml version="0.5">
  <recipe>
    <head>
      <title>Applesauce Cake 2</title>
      <categories>
        <cat>Cake</cat></categories>
      <yield>1</yield></head>
    <ingredients>
      <ing-div>
        <title/>
        <ing>
          <amt>
            <qty>2 3/4</qty>
            <unit>cups</unit></amt>
          <item>Cake flour or 2 1/2 cups all-purpose flour</item></ing>
        <ing>
          <amt>
            <qty>2</qty>
            <unit>cups</unit></amt>
          <item>Sugar</item></ing>
        <ing>
          <amt>
            <qty>1/4</qty>
            <unit>teaspoons</unit></amt>
          <item>Baking powder</item></ing>
        <ing>
          <amt>
            <qty>1 1/2</qty>
            <unit>teaspoons</unit></amt>
          <item>Soda</item></ing>
        <ing>
          <amt>
            <qty>1 1/2</qty>
            <unit>teaspoons</unit></amt>
          <item>Salt</item></ing>
        <ing>
          <amt>
            <qty>3/4</qty>
            <unit>teaspoons</unit></amt>
          <item>Cinnamon</item></ing>
        <ing>
          <amt>
            <qty>1/2</qty>
            <unit>teaspoons</unit></amt>
          <item>Cloves</item></ing>
        <ing>
          <amt>
            <qty>1/2</qty>
            <unit>teaspoons</unit></amt>
          <item>Allspice</item></ing>
        <ing>
          <amt>
            <qty>1/2</qty>
            <unit>cups</unit></amt>
          <item>Soft shortening</item></ing>
        <ing>
          <amt>
            <qty>1/2</qty>
            <unit>cups</unit></amt>
          <item>Water</item></ing>
        <ing>
          <amt>
            <qty>1 1/2</qty>
            <unit>cups</unit></amt>
          <item>Unsweetened applesauce</item></ing>
        <ing>
          <amt>
            <qty>2</qty>
            <unit/></amt>
          <item>Eggs; (1/3 to 1/2 cup)</item></ing>
        <ing>
          <amt>
            <qty>1/2</qty>
            <unit>cups</unit></amt>
          <item>Chopped pecans or walnuts; (I like pecans better)</item></ing>
        <ing>
          <amt>
            <qty>1</qty>
            <unit>cup</unit></amt>
          <item>Raisins; chopped</item></ing></ing-div>
      <ing-div>
        <title>EASY PENUCHE ICING</title>
        <ing>
          <amt>
            <qty>1/2</qty>
            <unit>cups</unit></amt>
          <item>Butter</item></ing>
        <ing>
          <amt>
            <qty>1</qty>
            <unit>cup</unit></amt>
          <item>Brown sugar; (packed)</item></ing>
        <ing>
          <amt>
            <qty>1/4</qty>
            <unit>cups</unit></amt>
          <item>Milk</item></ing>
        <ing>
          <amt>
            <qty>1 3/4</qty>
            <unit>cups</unit></amt>
          <item>Sifted confectioners' sugar; (up to 2)</item></ing></ing-div></ingredients>
    <directions>
      <step>  Heat oven to 350 degrees F (moderate). Grease and flour two 8- or 9- inch
  round layer pans or one 13x9x2-inch oblong pan. Measure flour by
  dip-level-pour method or by sifting. Blend dry ingredients in bowl. Add
  shortening, water, and applesauce. Beat 2 minutes at medium speed on mixer
  or 300 vigorous strokes by hand. Scrape sides and bottom of bowl
  constantly. Add eggs. Beat 2 more minutes, scraping bowl frequently. Stir
  in nuts and raisins. Pour into pan(s). Bake layers 35 to 40 minutes, oblong
  45 to 50 minutes. Cool.
  
  All you have to do:
  
  To make unsweetened applesauce: wash, quarter, and core 6 to 8 tart apples.
  Add 1/4 cup water. Cover and cook to a mush, stirring occasionally. Press
  through a sieve or food mill.
  EASY PENUCHE ICING: Melt butter in saucepan. Stir in brown sugar. Boil and
  stir over low heat 2 minutes. Stir in milk. Bring to boil, stirring
  constantly. Cool to lukewarm (120 degrees F). Gradually add confectioners'
  sugar. Place pan in ice water and stir until thick enough to spread. Enough
  for two 8" or 9" layers or 13x9x2" oblong.
  
  Posted to Bakery-Shoppe Digest V1 #472 by fundwell@excel.net on Dec 27,
  1997
 
</step></directions></recipe></recipeml>
