<?xml version="1.0" encoding="UTF-8"?>

<recipeml version="0.5">
  <recipe>
    <head>
      <title>Applesauce Bars</title>
      <categories>
        <cat>Cookies</cat>
        <cat>Desserts</cat></categories>
      <yield>48</yield></head>
    <ingredients>
      <ing>
        <amt>
          <qty>2</qty>
          <unit>cups</unit></amt>
        <item>Flour</item></ing>
      <ing>
        <amt>
          <qty>1</qty>
          <unit>cup</unit></amt>
        <item>Sugar</item></ing>
      <ing>
        <amt>
          <qty>2</qty>
          <unit>teaspoons</unit></amt>
        <item>Baking soda</item></ing>
      <ing>
        <amt>
          <qty>1/2</qty>
          <unit>teaspoons</unit></amt>
        <item>Salt</item></ing>
      <ing>
        <amt>
          <qty>1/4</qty>
          <unit>teaspoons</unit></amt>
        <item>Cinnamon</item></ing>
      <ing>
        <amt>
          <qty>3/4</qty>
          <unit>cups</unit></amt>
        <item>Oleo; softened</item></ing>
      <ing>
        <amt>
          <qty>2</qty>
          <unit>cups</unit></amt>
        <item>Applesauce</item></ing>
      <ing>
        <amt>
          <qty>1</qty>
          <unit/></amt>
        <item>Whole egg</item></ing>
      <ing>
        <amt>
          <qty>3/4</qty>
          <unit>cups</unit></amt>
        <item>Nuts; chopped</item></ing></ingredients>
    <directions>
      <step>  Heat oven to 350 degrees. Greasse 15 x 10 inch jelly roll pan. Lightly
  spoon flour into measuring cup; level off. In large bowl, combine all
  ingredients except the nuts; beat 1 minute at medium speed. Stir in nuts.
  Pour batter into prepared pan. Bake at 350 degrees for 30 to 35 minutes or
  until toothpick inserted in center comes out clean. Sprinkle with powdered
  sugar. Cool completely. 48 bars
  
  Recipe by: Pillsbury
  
  Posted to recipelu-digest Volume 01 Number 324 by PookyPook@aol.com on Nov
  28, 1997
 
</step></directions></recipe></recipeml>
