<?xml version="1.0" encoding="UTF-8"?>

<recipeml version="0.5">
  <recipe>
    <head>
      <title>Applesauce Cake</title>
      <categories>
        <cat>None</cat></categories>
      <yield>1</yield></head>
    <ingredients>
      <ing-div>
        <title/>
        <ing>
          <amt>
            <qty>1/2</qty>
            <unit>pounds</unit></amt>
          <item>Butter</item></ing>
        <ing>
          <amt>
            <qty>2</qty>
            <unit>cups</unit></amt>
          <item>Sugar</item></ing>
        <ing>
          <amt>
            <qty>3</qty>
            <unit>cups</unit></amt>
          <item>Flour</item></ing>
        <ing>
          <amt>
            <qty>1</qty>
            <unit>teaspoon</unit></amt>
          <item>Cinnamon</item></ing>
        <ing>
          <amt>
            <qty>1</qty>
            <unit>teaspoon</unit></amt>
          <item>Nutmeg</item></ing>
        <ing>
          <amt>
            <qty>2</qty>
            <unit>cups</unit></amt>
          <item>THICK applesauce</item></ing>
        <ing>
          <amt>
            <qty>1 3/4</qty>
            <unit>teaspoons</unit></amt>
          <item>Baking soda</item></ing>
        <ing>
          <amt>
            <qty>1</qty>
            <unit>cup</unit></amt>
          <item>Chopped pecans</item></ing>
        <ing>
          <amt>
            <qty>1</qty>
            <unit>cup</unit></amt>
          <item>Raisins</item></ing>
        <ing>
          <amt>
            <qty>1</qty>
            <unit>teaspoon</unit></amt>
          <item>Vanilla fudge frosting</item></ing></ing-div>
      <ing-div>
        <title>VANILLA FUDGE FROSTING</title>
        <ing>
          <amt>
            <qty>2</qty>
            <unit>cups</unit></amt>
          <item>Light brown sugar</item></ing>
        <ing>
          <amt>
            <qty>1</qty>
            <unit>teaspoon</unit></amt>
          <item>Vanilla</item></ing>
        <ing>
          <amt>
            <qty>6</qty>
            <unit>tablespoons</unit></amt>
          <item>Heavy cream</item></ing>
        <ing>
          <amt>
            <qty>4</qty>
            <unit>tablespoons</unit></amt>
          <item>Butter</item></ing>
        <ing>
          <amt>
            <qty>1</qty>
            <unit>cup</unit></amt>
          <item>Confectioners sugar</item></ing></ing-div></ingredients>
    <directions>
      <step>  MAKE FROSTING FIRST: Place brown sugar, cream and butter in a pan. Heat
  slowly until mixture reaches a rolling boil. Remove from heat, stir in
  vanilla and confectioners sugar. Beat the frosting until it reaches a thick
  coating consistency. Spoon over cake. Extra frosting can be poured into a
  buttered pan to eat as fudge when it hardens. Makes 2 cups.
  
  TO MAKE THE CAKE; Preheat oven to 325. Cream the butter and sugar together
  until very light and fluffy. Fold in the applesauce. Sift together the
  flour, cinnamon, nutmeg and baking soda. (Remove 1/4 cupof the flour and
  toss it with the raisins and pecans). Fold the flour mixture into the
  batter. Add the 1 t. of vanilla frosting and fold in the raisins/nuts
  mixture as well. Pour into a 9" greased and floured tube pan. Bake 1 1/2
  hours or until done. Cool in pan slightly before turning onto a rack to
  cool. When cool, frost.
  
  Can be kept for several weeks (but its so good it won't last) Top surface
  may not be flat, but frosting will smooth it. Serves 10-12. Posted to TNT -
  Prodigy's Recipe Exchange Newsletter  by "bevmed" &lt;bevmed@ingress.com&gt; on
  Aug 12, 1997
 
</step></directions></recipe></recipeml>
