<?xml version="1.0" encoding="UTF-8"?>

<recipeml version="0.5">
  <recipe>
    <head>
      <title>Applesauce Doughnuts</title>
      <categories>
        <cat>Bobbie's no</cat>
        <cat>Breads - de</cat>
        <cat>Breads - qu</cat></categories>
      <yield>24</yield></head>
    <ingredients>
      <ing>
        <amt>
          <qty>3 1/3</qty>
          <unit>cups</unit></amt>
        <item>All-purpose flour; divided</item></ing>
      <ing>
        <amt>
          <qty>1</qty>
          <unit>tablespoon</unit></amt>
        <item>Baking powder</item></ing>
      <ing>
        <amt>
          <qty>1/2</qty>
          <unit>teaspoons</unit></amt>
        <item>Salt</item></ing>
      <ing>
        <amt>
          <qty>3/4</qty>
          <unit>teaspoons</unit></amt>
        <item>Ground nutmeg</item></ing>
      <ing>
        <amt>
          <qty>1/4</qty>
          <unit>teaspoons</unit></amt>
        <item>Ground cloves</item></ing>
      <ing>
        <amt>
          <qty>1</qty>
          <unit>cup</unit></amt>
        <item>Applesauce</item></ing>
      <ing>
        <amt>
          <qty>3/4</qty>
          <unit>cups</unit></amt>
        <item>Sugar</item></ing>
      <ing>
        <amt>
          <qty>2</qty>
          <unit/></amt>
        <item>Eggs</item></ing>
      <ing>
        <amt>
          <qty>2</qty>
          <unit>tablespoons</unit></amt>
        <item>Vegetable shortening</item></ing>
      <ing>
        <amt>
          <qty/>
          <unit/></amt>
        <item>Vegetale oil</item></ing>
      <ing>
        <amt>
          <qty/>
          <unit/></amt>
        <item>Confectioner's sugar; (optional)</item></ing></ingredients>
    <directions>
      <step>  Combine 1 1/3 cup flour and next 8 ingredients; beat at Low speed of
  electric mixer until well blended. Increase speed of mixer to medium, and
  beat 2 additional minutes; stir in remaining flour. Cover dough, and chill
  at least 1 hour. Divide dough in half. Working with one portion at a time,
  place dough on a heavily floured surface; roll out to 1/2 inch thickness.
  Cut dough with a floured doughnut cutter. Heat 2-3 inches of oil to 375 F.;
  drop in 3-4 doughnuts at a time. Cook about 1 minute or until golden on one
  side; turn and cook other side, about 1 minute. Drain on paper towels.
  Sprinkle with confectioner's sugar, if desired. Yield: about 2 dozen.
  Submitted to magazine by Ann Davis, Waco Texas MC formatting by
  bobbi744@sojourn.com
  
  Recipe by: Southern Living magazine, September, 1981, p. 188
  
  Posted to MC-Recipe Digest by Roberta Banghart &lt;bobbi744@sojourn.com&gt; on
  Apr 27, 1998
 
</step></directions></recipe></recipeml>
