<?xml version="1.0" encoding="UTF-8"?>

<recipeml version="0.5">
  <recipe>
    <head>
      <title>Applesauce Oatmeal Muffins</title>
      <categories>
        <cat>None</cat></categories>
      <yield>1</yield></head>
    <ingredients>
      <ing-div>
        <title>TOPPING</title>
        <ing>
          <amt>
            <qty>1/4</qty>
            <unit/></amt>
          <item>Cp oats</item></ing>
        <ing>
          <amt>
            <qty>1</qty>
            <unit>tablespoon</unit></amt>
          <item>Packed brn sugar</item></ing>
        <ing>
          <amt>
            <qty>1/8</qty>
            <unit>teaspoons</unit></amt>
          <item>Cinnamon</item></ing></ing-div>
      <ing-div>
        <title>MUFFINS</title>
        <ing>
          <amt>
            <qty>1 1/2</qty>
            <unit/></amt>
          <item>Cp oats</item></ing>
        <ing>
          <amt>
            <qty>1 1/4</qty>
            <unit/></amt>
          <item>Cp flour</item></ing>
        <ing>
          <amt>
            <qty>1/2</qty>
            <unit/></amt>
          <item>Cp packed brn sugar</item></ing>
        <ing>
          <amt>
            <qty>1</qty>
            <unit>teaspoon</unit></amt>
          <item>Baking powder</item></ing>
        <ing>
          <amt>
            <qty>3/4</qty>
            <unit>teaspoons</unit></amt>
          <item>Baking soda</item></ing>
        <ing>
          <amt>
            <qty>3/4</qty>
            <unit>teaspoons</unit></amt>
          <item>Cinnamon</item></ing>
        <ing>
          <amt>
            <qty>1</qty>
            <unit/></amt>
          <item>Cp applesauce</item></ing>
        <ing>
          <amt>
            <qty>1/2</qty>
            <unit/></amt>
          <item>Cp skim milk</item></ing>
        <ing>
          <amt>
            <qty>2</qty>
            <unit>tablespoons</unit></amt>
          <item>Vegetable oil</item></ing>
        <ing>
          <amt>
            <qty>1</qty>
            <unit/></amt>
          <item>Egg white, lightly beaten</item></ing></ing-div></ingredients>
    <directions>
      <step>  Heat oven to 400.  Line 12 muffin cups with paper liners.  Combine topping
  ingredients and set aside.  For muffins, combine dry ingredients and mix
  well. Combine applesauce, milk, oil and egg white and mix well. Add wet to
  dry ingredients and mix just until dry ingredients are moistened. Fill
  muffin cups almost full and sprinkle with topping. Bake 20-24 minutes or
  until golden brown. Cool 5 minutes in pan on wire rack and then remove from
  pan. Serve warm-makes 1 dozen.
  Posted to Digest eat-lf.v096.n188
  
  Date: Tue, 15 Oct 1996 8:23:48 -0400 (EDT)
  
  From: NFRITZ@nssdca.gsfc.nasa.gov
 
</step></directions></recipe></recipeml>
