<?xml version="1.0" encoding="UTF-8"?>

<recipeml version="0.5">
  <recipe>
    <head>
      <title>Applesauce Spice Muffins</title>
      <categories>
        <cat>Dessert</cat></categories>
      <yield>12</yield></head>
    <ingredients>
      <ing>
        <amt>
          <qty>1</qty>
          <unit>cup</unit></amt>
        <item>Butter; softened</item></ing>
      <ing>
        <amt>
          <qty>2</qty>
          <unit>cups</unit></amt>
        <item>Sugar</item></ing>
      <ing>
        <amt>
          <qty>2</qty>
          <unit/></amt>
        <item>Eggs</item></ing>
      <ing>
        <amt>
          <qty>2</qty>
          <unit>cups</unit></amt>
        <item>Applesauce</item></ing>
      <ing>
        <amt>
          <qty>4</qty>
          <unit>cups</unit></amt>
        <item>Flour</item></ing>
      <ing>
        <amt>
          <qty>2</qty>
          <unit>teaspoons</unit></amt>
        <item>Baking soda</item></ing>
      <ing>
        <amt>
          <qty>1</qty>
          <unit>tablespoon</unit></amt>
        <item>Cinnamon</item></ing>
      <ing>
        <amt>
          <qty>2</qty>
          <unit>teaspoons</unit></amt>
        <item>Allspice</item></ing>
      <ing>
        <amt>
          <qty>1/2</qty>
          <unit>teaspoons</unit></amt>
        <item>Cloves</item></ing>
      <ing>
        <amt>
          <qty>1</qty>
          <unit>cup</unit></amt>
        <item>Chopped pecans</item></ing>
      <ing>
        <amt>
          <qty/>
          <unit/></amt>
        <item>Powered sugar to sprinkle on top</item></ing></ingredients>
    <directions>
      <step>   Cream butter, add sugar.  Add eggs, beating after each.  Add applesauce,
  mix well.  Combine flour and next 4 ingredients.  Add to creamed mixture,
  beat till smooth. Stir in pecans. Grease muffin tins (or use paper liners)
  and fill 3/4 full. Bake at 350 for 20 to 25 minutes, or until a toothpick
  inserted in muffin comes out clean.  Transfer from pan to wire rack.
  Sprinkle muffin tops with powdered sugar.
  
   For mini muffins: grease 1 3/4 inch muffin pans. Fill 3/4 full.  Bake at
      350    for 15 minutes.
  
  NLJS81A@PRODIGY.COM
  
  (MS SUSAN M ALLERSMEYER)
  
  REC.FOOD.RECIPES
  
  From rec.food.cooking archives.  Downloaded from Glen's MM Recipe Archive,
  http://www.erols.com/hosey.
 
</step></directions></recipe></recipeml>
