<?xml version="1.0" encoding="UTF-8"?>

<recipeml version="0.5">
  <recipe>
    <head>
      <title>Applesauce Crisp (Oatmeal)</title>
      <categories>
        <cat/></categories>
      <yield>100</yield></head>
    <ingredients>
      <ing>
        <amt>
          <qty>1 1/4</qty>
          <unit>quarts</unit></amt>
        <item>WATER; WARM </item></ing>
      <ing>
        <amt>
          <qty>1</qty>
          <unit>pound</unit></amt>
        <item>BUTTER PRINT SURE</item></ing>
      <ing>
        <amt>
          <qty>4</qty>
          <unit>ounces</unit></amt>
        <item>BUTTER PRINT SURE</item></ing>
      <ing>
        <amt>
          <qty>10 1/8</qty>
          <unit>pounds</unit></amt>
        <item>APPLE SAUCE #10</item></ing>
      <ing>
        <amt>
          <qty>1</qty>
          <unit>pound</unit></amt>
        <item>RAISINS #10</item></ing>
      <ing>
        <amt>
          <qty>6</qty>
          <unit>ounces</unit></amt>
        <item>LEMON FRESH</item></ing>
      <ing>
        <amt>
          <qty>5</qty>
          <unit>ounces</unit></amt>
        <item>STARCH EDIBLE CORN</item></ing>
      <ing>
        <amt>
          <qty>2</qty>
          <unit>pounds</unit></amt>
        <item>SUGAR; GRANULATED 10 LB</item></ing>
      <ing>
        <amt>
          <qty>1</qty>
          <unit>tablespoon</unit></amt>
        <item>NUTMEG GROUND</item></ing>
      <ing>
        <amt>
          <qty>2</qty>
          <unit>tablespoons</unit></amt>
        <item>CINNAMON GROUND 1 LB CN</item></ing>
      <ing>
        <amt>
          <qty>2 1/4</qty>
          <unit>teaspoons</unit></amt>
        <item>SALT TABLE 5LB</item></ing>
      <ing>
        <amt>
          <qty>PAN:</qty>
          <unit>18</unit></amt>
        <item>BY 26 SHEET PAN                TEMPERATURE:  375 F. OVEN</item></ing></ingredients>
    <directions>
      <step>  1.  MIX STARCH, SUGAR, CINNAMON, NUTMEG, AND SALT TOGETHER IN MIXER
  BOWL.  BLEND WELL.
  
  2.  ADD WATER AND BUTTER OR MARGARINE.  MIX WELL.
  
  3.  ADD APPLESAUCE, RAISINS, AND LEMON JUICE.  BLEND THOROUGHLY.
  SET ASIDE FOR USE IN STEP 6.
  
  4.  COMBINE OATMEAL COOKIE MIX WITH 1 LB (2 CUPS) SOFTENED BUTTER
  OR MARGARINE.
  
  5.  PLACE 2 1/4 QT CRUMB MIXTURE IN EACH GREASED PAN; SPREAD EVENLY
  OVER BOTTOM OF PAN.
  
  6.  SPREAD AN EQUAL QUANTITY OF APPLESAUCE MIXTURE IN EACH PAN.
  
  7.  SPRINKLE REMAINING CRUMB MIXTURE (ABOUT 3 QT) OVER APPLESAUCE
  MIXTURE IN EACH PAN.
  
  8.  BAKE 35 TO 40 MINUTES OR UNTIL LIGHTLY BROWNED.
  
  9.  CUT 6 BY 9.  SERVE WITH SERVING SPOON OR SPATULA.
  
  NOTE:  1.  5 OZ (1 CUP) CORNSTARCH MAY BE SUBSTITUTED FOR PREGELATINIZED
  STARCH. OMIT STEPS 1 AND 2.  COMBINE CORNSTARCH WITH 2 LB (4 1/2 CUPS)
  GRANULATED SUGAR AND 1 1/4 QT COOL WATER; STIR UNTIL SMOOTH.  HEAT TO
  BOILING; REDUCE HEAT; COOK UNTIL THICK AND CLEAR.  REMOVE FROM HEAT.
  ADD 4 OZ (1/2 CUP) BUTTER OF MARGARINE, 2 TBSP GROUND CINNAMON, 1 TBSP
  GROUND NUTMEG, AND 2 1/4 TSP SALT.  MIX WELL.  FOLLOW STEPS 3 THROUGH 9.
  
  NOTE:  2.  IN STEP 3, 6 OZ LEMONS A.P. (1 1/2 LEMONS) WILL YIELD 1/4
  CUP JUICE.
  
  NOTE:  3.  IN STEP 3, 1 1/2-NO. 2 1/2 CN CANNED INSTANT APPLESAUCE MAY
  BE USED.  REHYDRATE ACCORDING TO INSTRUCTIONS ON CONTAINER.
  
  Recipe Number: J00201
  
  SERVING SIZE: 1 SQUARE
  
  From the &lt;Army Master Recipe Index File&gt; (actually used today!).
  Downloaded from Glen's MM Recipe Archive, http://www.erols.com/hosey.
 
</step></directions></recipe></recipeml>
