<?xml version="1.0" encoding="UTF-8"?>

<recipeml version="0.5">
  <recipe>
    <head>
      <title>Applesauce Bran Muffins</title>
      <categories>
        <cat>Muffins</cat>
        <cat>Breakfast</cat></categories>
      <yield>12</yield></head>
    <ingredients>
      <ing>
        <amt>
          <qty>1 1/4</qty>
          <unit>cups</unit></amt>
        <item>ALL PURPOSE FLOUR</item></ing>
      <ing>
        <amt>
          <qty>3</qty>
          <unit>teaspoons</unit></amt>
        <item>BAKING POWDER</item></ing>
      <ing>
        <amt>
          <qty>1/4</qty>
          <unit>teaspoons</unit></amt>
        <item>SALT</item></ing>
      <ing>
        <amt>
          <qty>2</qty>
          <unit>tablespoons</unit></amt>
        <item>SUGAR</item></ing>
      <ing>
        <amt>
          <qty>1</qty>
          <unit>cup</unit></amt>
        <item>WHOLE BRAN CEREAL</item></ing>
      <ing>
        <amt>
          <qty>1</qty>
          <unit/></amt>
        <item>LARGE EGG</item></ing>
      <ing>
        <amt>
          <qty>1/3</qty>
          <unit>cups</unit></amt>
        <item>MILK</item></ing>
      <ing>
        <amt>
          <qty>2/3</qty>
          <unit>cups</unit></amt>
        <item>APPLESAUCE</item></ing>
      <ing>
        <amt>
          <qty>1/4</qty>
          <unit>cups</unit></amt>
        <item>BUTTER, MELTED</item></ing></ingredients>
    <directions>
      <step>       Stir together flour, baking powder, salt, sugar and bran cereal.
       In another bowl beat egg well and then add milk, applesauce, and
       melted butter.  Mix the egg mixture and flour mixture just until
       they are well blended. Divide the batter among 12 greased muffin
       tin cups.  Each cup should be about 2/3 full. Bake at 400 degrees
       F for about 20 minutes. You can test to see if the muffins are
       done by sticking a toothpick into the center of them. If the
       toothpick comes out clean, the muffins are done. Otherwise, let
       them bake for another 5 minutes and try again.
  
  From Gemini's MASSIVE MealMaster collection at www.synapse.com/~gemini
 
</step></directions></recipe></recipeml>
