<?xml version="1.0" encoding="UTF-8"?>

<recipeml version="0.5">
  <recipe>
    <head>
      <title>Applesauce Cake #2</title>
      <categories>
        <cat>Cake</cat></categories>
      <yield>12</yield></head>
    <ingredients>
      <ing-div>
        <title/>
        <ing>
          <amt>
            <qty>1 3/4</qty>
            <unit>cups</unit></amt>
          <item>Sifted flour</item></ing>
        <ing>
          <amt>
            <qty>1</qty>
            <unit>teaspoon</unit></amt>
          <item>Soda</item></ing>
        <ing>
          <amt>
            <qty>1/4</qty>
            <unit>teaspoons</unit></amt>
          <item>Salt</item></ing>
        <ing>
          <amt>
            <qty>1</qty>
            <unit>teaspoon</unit></amt>
          <item>Cinnamon</item></ing>
        <ing>
          <amt>
            <qty>1/2</qty>
            <unit>teaspoons</unit></amt>
          <item>Cloves</item></ing>
        <ing>
          <amt>
            <qty>1/2</qty>
            <unit>cups</unit></amt>
          <item>Butter or shortening</item></ing>
        <ing>
          <amt>
            <qty>1</qty>
            <unit>cup</unit></amt>
          <item>Sugar</item></ing>
        <ing>
          <amt>
            <qty>1</qty>
            <unit/></amt>
          <item>Egg; well beaten</item></ing>
        <ing>
          <amt>
            <qty>1</qty>
            <unit>cup</unit></amt>
          <item>Raisins; finely cut and floured</item></ing>
        <ing>
          <amt>
            <qty>1</qty>
            <unit>cup</unit></amt>
          <item>Pecans; finely cut and</item></ing></ing-div>
      <ing-div>
        <title>CREOLE BUTTER FROSTING</title>
        <ing>
          <amt>
            <qty>1</qty>
            <unit>tablespoon</unit></amt>
          <item>Cocoa</item></ing>
        <ing>
          <amt>
            <qty>3 1/2</qty>
            <unit>tablespoons</unit></amt>
          <item>Strong hot coffee</item></ing>
        <ing>
          <amt>
            <qty>1 1/2</qty>
            <unit>tablespoons</unit></amt>
          <item>Butter</item></ing>
        <ing>
          <amt>
            <qty>2</qty>
            <unit>cups</unit></amt>
          <item>Confectioner's sugar</item></ing>
        <ing>
          <amt>
            <qty>1/8</qty>
            <unit>teaspoons</unit></amt>
          <item>Salt</item></ing>
        <ing>
          <amt>
            <qty>1</qty>
            <unit>teaspoon</unit></amt>
          <item>Vanilla</item></ing></ing-div></ingredients>
    <directions>
      <step>   Sift flour once, measure; add soda, salt, cinnamon and cloves; sift
  together three times. Cream butter thoroughly; add sugar gradually,
  creaming together until light and fluffy. Add eggs, raisins and pecans,
  mixing well. Add flour alternately with applesauce, a small amount at a
  time. Beat after each addition until smooth. Pour into greased loaf pan,
  7x5x3 inches, and bake in 350 degree oven for 1 hour. May be served
  unfrosted or spread with Creole Butter Frosting.
  
   To make Creole Butter Frosting: Mix cocoa with hot coffee. Cream butter;
  add sugar, salt, coffee and vanilla. Beat until smooth.
  
  From &lt;A Taste of Louisiana&gt;.  Downloaded from Glen's MM Recipe Archive,
  http://www.erols.com/hosey.
 
</step></directions></recipe></recipeml>
