<?xml version="1.0" encoding="UTF-8"?>

<recipeml version="0.5">
  <recipe>
    <head>
      <title>Applesauce Bread</title>
      <categories>
        <cat>Breadmaker</cat>
        <cat>Breads</cat></categories>
      <yield>2</yield></head>
    <ingredients>
      <ing>
        <amt>
          <qty>1</qty>
          <unit>package</unit></amt>
        <item>Yeast</item></ing>
      <ing>
        <amt>
          <qty>2 1/4</qty>
          <unit>cups</unit></amt>
        <item>Bread flour</item></ing>
      <ing>
        <amt>
          <qty>3/4</qty>
          <unit>cups</unit></amt>
        <item>Wheat flour</item></ing>
      <ing>
        <amt>
          <qty>1/2</qty>
          <unit>teaspoons</unit></amt>
        <item>Salt</item></ing>
      <ing>
        <amt>
          <qty>4</qty>
          <unit>tablespoons</unit></amt>
        <item>White sugar</item></ing>
      <ing>
        <amt>
          <qty>1/2</qty>
          <unit>teaspoons</unit></amt>
        <item>Cinnamon</item></ing>
      <ing>
        <amt>
          <qty>1</qty>
          <unit>pinch</unit></amt>
        <item>Pinch nutmeg</item></ing>
      <ing>
        <amt>
          <qty>2/3</qty>
          <unit>cups</unit></amt>
        <item>Warm appesauce</item></ing>
      <ing>
        <amt>
          <qty>1</qty>
          <unit>tablespoon</unit></amt>
        <item>Butter</item></ing>
      <ing>
        <amt>
          <qty>1/2</qty>
          <unit>cups</unit></amt>
        <item>Warm apple juice</item></ing>
      <ing>
        <amt>
          <qty>1/2</qty>
          <unit>cups</unit></amt>
        <item>Grated fresh apple</item></ing>
      <ing>
        <amt>
          <qty/>
          <unit/></amt>
        <item>Use ingredients at room temp</item></ing></ingredients>
    <directions>
      <step>  Put all ingredients in the order listed into pan,
  select white bread, and push "start".
  This can be mixed on manual of the bread machine.
  After Second kneading, remove dough for machine,
  divide into to equal portions and place in small loaf
  pans.  Cover and let rise to double, about 45 min to 1
  hour.  Bake at 350 f. for 35-40 min.
  
  From Gemini's MASSIVE MealMaster collection at www.synapse.com/~gemini
 
</step></directions></recipe></recipeml>
