<?xml version="1.0" encoding="UTF-8"?>

<recipeml version="0.5">
  <recipe>
    <head>
      <title>Applescotch Pie</title>
      <categories>
        <cat>Pies</cat>
        <cat>Desserts</cat>
        <cat>Apples</cat></categories>
      <yield>8</yield></head>
    <ingredients>
      <ing>
        <amt>
          <qty>5</qty>
          <unit>cups</unit></amt>
        <item>Apples (tart); (note below) peeled and thinly sliced</item></ing>
      <ing>
        <amt>
          <qty>1</qty>
          <unit>cup</unit></amt>
        <item>Brown sugar; firmly packed</item></ing>
      <ing>
        <amt>
          <qty>1/4</qty>
          <unit>cups</unit></amt>
        <item>Water</item></ing>
      <ing>
        <amt>
          <qty>1</qty>
          <unit>tablespoon</unit></amt>
        <item>Lemon juice</item></ing>
      <ing>
        <amt>
          <qty>1/4</qty>
          <unit>cups</unit></amt>
        <item>All-purpose flour</item></ing>
      <ing>
        <amt>
          <qty>2</qty>
          <unit>tablespoons</unit></amt>
        <item>Granulated sugar</item></ing>
      <ing>
        <amt>
          <qty>1/2</qty>
          <unit>teaspoons</unit></amt>
        <item>Salt</item></ing>
      <ing>
        <amt>
          <qty>1</qty>
          <unit>teaspoon</unit></amt>
        <item>Vanilla</item></ing>
      <ing>
        <amt>
          <qty>3</qty>
          <unit>tablespoons</unit></amt>
        <item>Butter or margarine</item></ing>
      <ing>
        <amt>
          <qty>2</qty>
          <unit/></amt>
        <item>Pie crust shells (9"); unbaked</item></ing></ingredients>
    <directions>
      <step>  Mix together the apples, brown sugar water and lemon juice in a 2-quart
  saucepan. Heat to boiling; reduce heat. Cover and simmer 7-8 minutes or
  JUST until apples are tender.
  
  Mix together the flour, granulated sugar and salt; stir into apple mixture.
  Cook, stirring constantly, until mixture thickens and boils. Boil and stir
  1 minute; remove from heat. Stir in the vanilla and butter or margarine;
  cool.
  
  Preheat oven to 425-degrees. Prepare pastry (or use store-bought). Turn
  apple mixture into pastry-lined pie plate. Cover with top crust in which
  you've cut slits; flute the edges. Cover edge of pie crust with foil (or
  cut out an aluminum pan--keeping just the edge) to prevent excessive
  browning; remove foil during the last 15 minutes of baking. Bake 40-45
  minutes or until crust is golden brown.
  
  Note: I've found that ANY recipe calling for tart apples, you get more
  flavor by mixing the types of apples. As we have an abundance of varied
  apples,
  
  Fuji's, Granny Smith and Gala's...they all vary in flavor, texture, etc.
  Experiment with your favorite
  
  From Gemini's MASSIVE MealMaster collection at www.synapse.com/~gemini
 
</step></directions></recipe></recipeml>
