<?xml version="1.0" encoding="UTF-8"?>

<recipeml version="0.5">
  <recipe>
    <head>
      <title>Applesauce Cake</title>
      <categories>
        <cat>None</cat></categories>
      <yield>1</yield></head>
    <ingredients>
      <ing>
        <amt>
          <qty>1 3/4</qty>
          <unit>cups</unit></amt>
        <item>Flour</item></ing>
      <ing>
        <amt>
          <qty>1</qty>
          <unit>cup</unit></amt>
        <item>Applesauce</item></ing>
      <ing>
        <amt>
          <qty>1</qty>
          <unit>cup</unit></amt>
        <item>Sugar</item></ing>
      <ing>
        <amt>
          <qty>1</qty>
          <unit>teaspoon</unit></amt>
        <item>Cinnamon</item></ing>
      <ing>
        <amt>
          <qty>1/2</qty>
          <unit>cups</unit></amt>
        <item>Canola oil or other vegetable oil</item></ing>
      <ing>
        <amt>
          <qty>1</qty>
          <unit>teaspoon</unit></amt>
        <item>Baking soda</item></ing>
      <ing>
        <amt>
          <qty>1/2</qty>
          <unit>cups</unit></amt>
        <item>Walnuts; chopped</item></ing>
      <ing>
        <amt>
          <qty>1/2</qty>
          <unit>teaspoons</unit></amt>
        <item>Ground cloves</item></ing>
      <ing>
        <amt>
          <qty>1</qty>
          <unit>large</unit></amt>
        <item>Egg</item></ing>
      <ing>
        <amt>
          <qty>1</qty>
          <unit>pinch</unit></amt>
        <item>Salt</item></ing></ingredients>
    <directions>
      <step>  Yields -- one 9" square or round cake
  
  Mix the flour, sugar, baking soda, salt, cinnamon and cloves together in a
  bowl. Add the applesauce and oil and blend well together. Beat at low speed
  for 2 minutes. Add the egg and continue beating for 1/2 minute. Stir in the
  nuts and pour the batter into a greased 9" round or square pan. Bake at 350
  degrees for 45 - 50 minutes or until a toothpick placed in the center comes
  out clean.
  
  Remove from pan and allow to cool.
  
  Good served with whipped cream or a dusting of powdered sugar.
  Posted to JEWISH-FOOD digest V97 #329 by BUBBEG &lt;BUBBEG@aol.com&gt; on Dec 19,
  1997
 
</step></directions></recipe></recipeml>
