<?xml version="1.0" encoding="UTF-8"?>

<recipeml version="0.5">
  <recipe>
    <head>
      <title>Applesauce Bar Cookies</title>
      <categories>
        <cat>Cookies</cat>
        <cat>Desserts</cat>
        <cat>Low-cal</cat>
        <cat>Diabetic</cat></categories>
      <yield>24</yield></head>
    <ingredients>
      <ing>
        <amt>
          <qty>1 3/4</qty>
          <unit>cups</unit></amt>
        <item>Sifted cake flour</item></ing>
      <ing>
        <amt>
          <qty>1/2</qty>
          <unit>teaspoons</unit></amt>
        <item>Baking soda</item></ing>
      <ing>
        <amt>
          <qty>1</qty>
          <unit>teaspoon</unit></amt>
        <item>Cinnamon</item></ing>
      <ing>
        <amt>
          <qty>1/2</qty>
          <unit>teaspoons</unit></amt>
        <item>Allspice</item></ing>
      <ing>
        <amt>
          <qty>1/8</qty>
          <unit>teaspoons</unit></amt>
        <item>Cloves</item></ing>
      <ing>
        <amt>
          <qty>1/2</qty>
          <unit>teaspoons</unit></amt>
        <item>Salt</item></ing>
      <ing>
        <amt>
          <qty>1/4</qty>
          <unit>cups</unit></amt>
        <item>Margarine</item></ing>
      <ing>
        <amt>
          <qty>3/4</qty>
          <unit>cups</unit></amt>
        <item>Sugar</item></ing>
      <ing>
        <amt>
          <qty>1</qty>
          <unit/></amt>
        <item>Egg</item></ing>
      <ing>
        <amt>
          <qty>1/2</qty>
          <unit>cups</unit></amt>
        <item>Unsweetened applesauce</item></ing>
      <ing>
        <amt>
          <qty>1/2</qty>
          <unit>cups</unit></amt>
        <item>Raisins</item></ing></ingredients>
    <directions>
      <step>  Preheat oven to 375 F. Prepare bottom of a 11 x 7 ~inch pan with vegetable
  pan coating. Sift together flour, baking soda, spices and salt. Cream
  together margarine and sugar. Add egg to margarine mixture and beat until
  light and fluffy. Alternately add the dry ingredients and applesauce,
  stirring just enough to blend well. Add the raisins. Turn into the prepared
  pan and bake about 30 minutes. Let cool for 10 minutes then cut into 24
  squares. 1 serving = 1 cookie = 1 bread exchange plus 1/2 fat exchange. CHO
  15, PRO 1, FAT 2, CAL 80, Na 98
  
  From Gemini's MASSIVE MealMaster collection at www.synapse.com/~gemini
 
</step></directions></recipe></recipeml>
