<?xml version="1.0" encoding="UTF-8"?>

<recipeml version="0.5">
  <recipe>
    <head>
      <title>Applesauce Snack Cake</title>
      <categories>
        <cat>None</cat></categories>
      <yield>9</yield></head>
    <ingredients>
      <ing>
        <amt>
          <qty>1</qty>
          <unit>package</unit></amt>
        <item>SNACK CAKE MIX; (see recipe)</item></ing>
      <ing>
        <amt>
          <qty>1</qty>
          <unit/></amt>
        <item>Egg</item></ing>
      <ing>
        <amt>
          <qty>1/3</qty>
          <unit>cups</unit></amt>
        <item>Vegetable oil</item></ing>
      <ing>
        <amt>
          <qty>3/4</qty>
          <unit>cups</unit></amt>
        <item>Applesauce</item></ing>
      <ing>
        <amt>
          <qty>1 1/2</qty>
          <unit/></amt>
        <item>Teasooon ground cinnamon</item></ing>
      <ing>
        <amt>
          <qty>1/2</qty>
          <unit>teaspoons</unit></amt>
        <item>Ground allspice</item></ing>
      <ing>
        <amt>
          <qty>1/8</qty>
          <unit/></amt>
        <item>Teasooon ground cloves</item></ing>
      <ing>
        <amt>
          <qty>1/2</qty>
          <unit>cups</unit></amt>
        <item>Chopped nuts</item></ing>
      <ing>
        <amt>
          <qty>1</qty>
          <unit>cup</unit></amt>
        <item>Raisins</item></ing></ingredients>
    <directions>
      <step>  Preheat oven to 325 F. Pour SNACK CAKE MIX into an ungreased 8 or 9 inch
  square pan and set aside.
  
  In a small bowl, combine egg, oil, applesauce, cinnamon, allspice and
  cloves, beating with a fork to blend. Stir into SNACK CAKE MIX until smooth
  and blended. Stir in nuts and raisins. Bake 35 to 45 minutes until a wooden
  pick inserted in center comes out clean . Cool.
  
  Posted to recipelu-digest Volume 01 Number 551 by Midian125
  &lt;Midian125@aol.com&gt; on Jan 18, 1998
 
</step></directions></recipe></recipeml>
