<?xml version="1.0" encoding="UTF-8"?>

<recipeml version="0.5">
  <recipe>
    <head>
      <title>Applesauce Treasure Loaf</title>
      <categories>
        <cat>Breads</cat>
        <cat>Quick</cat></categories>
      <yield>2</yield></head>
    <ingredients>
      <ing>
        <amt>
          <qty>1</qty>
          <unit>cup</unit></amt>
        <item>Shortening; soft</item></ing>
      <ing>
        <amt>
          <qty>1 1/2</qty>
          <unit>cups</unit></amt>
        <item>Brown sugar, firmly packed</item></ing>
      <ing>
        <amt>
          <qty>4</qty>
          <unit/></amt>
        <item>Eggs</item></ing>
      <ing>
        <amt>
          <qty>2 1/2</qty>
          <unit>cups</unit></amt>
        <item>Sifted all-purpose flour</item></ing>
      <ing>
        <amt>
          <qty>1</qty>
          <unit>teaspoon</unit></amt>
        <item>Baking powder</item></ing>
      <ing>
        <amt>
          <qty>1/2</qty>
          <unit>teaspoons</unit></amt>
        <item>Soda</item></ing>
      <ing>
        <amt>
          <qty>1 1/2</qty>
          <unit>teaspoons</unit></amt>
        <item>Salt</item></ing>
      <ing>
        <amt>
          <qty>2</qty>
          <unit>teaspoons</unit></amt>
        <item>Cinnamon</item></ing>
      <ing>
        <amt>
          <qty>3/4</qty>
          <unit>teaspoons</unit></amt>
        <item>Cloves</item></ing>
      <ing>
        <amt>
          <qty>3/4</qty>
          <unit>teaspoons</unit></amt>
        <item>Nutmeg</item></ing>
      <ing>
        <amt>
          <qty>2</qty>
          <unit>cups</unit></amt>
        <item>Sweetened canned applesauce</item></ing>
      <ing>
        <amt>
          <qty>1 1/2</qty>
          <unit>cups</unit></amt>
        <item>Quaker Oats, uncooked (quick or old-fashioned)</item></ing>
      <ing>
        <amt>
          <qty>1</qty>
          <unit>cup</unit></amt>
        <item>Raisins</item></ing>
      <ing>
        <amt>
          <qty>1</qty>
          <unit>cup</unit></amt>
        <item>Pitted dates cut in small pieces</item></ing>
      <ing>
        <amt>
          <qty>1</qty>
          <unit>cup</unit></amt>
        <item>Candied red cherries cut in small pieces</item></ing>
      <ing>
        <amt>
          <qty>1</qty>
          <unit>cup</unit></amt>
        <item>Chopped nutmeats</item></ing></ingredients>
    <directions>
      <step>  Beat shortening and sugar together until creamy.  Add eggs, one at a time,
  beating well after each addition.  Sift together 2 cups of the flour,
  baking powder, soda, salt and spices.  Add alternately with applesauce to
  creamed mixture; blend well.  Stir in oats.
  
  Combine remaining 1/2 cup flour with raisins, dates, cherries and
  nutmeats; stir to coat fruits and nutmeats evenly with flour.  Stir into
  batter.  Pour into 2 greased and waxed paper-lined 8-1/2" x 4-1/2" x
  2-1/2" loaf pans.
  
  Bake in preheated very slow oven (275 F.) about 2 hours.  Set pan of hot
  water in bottom of oven while loaves are baking.  Loosen edges; cool on
  wire rack about 10 minutes.  Remove from pans; cool thoroughly.  Wrap
  cooled bread and store one day before slicing.
  
  Source: Our Favorites for family and friends
  Reprinted with permission from The Quaker Oats Company
  Electronic format courtesy of Karen Mintzias
  
  File ftp://ftp.idiscover.co.uk/pub/food/mealmaster/recipes/quaker01.zip
 
</step></directions></recipe></recipeml>
