<?xml version="1.0" encoding="UTF-8"?>

<recipeml version="0.5">
  <recipe>
    <head>
      <title>Applesauce Nut Bread</title>
      <categories>
        <cat>Breads</cat>
        <cat>Desserts</cat></categories>
      <yield>1</yield></head>
    <ingredients>
      <ing-div>
        <title>BREAD</title>
        <ing>
          <amt>
            <qty>1</qty>
            <unit>cup</unit></amt>
          <item>Sugar</item></ing>
        <ing>
          <amt>
            <qty>1</qty>
            <unit>cup</unit></amt>
          <item>Applesauce</item></ing>
        <ing>
          <amt>
            <qty>1/3</qty>
            <unit>cups</unit></amt>
          <item>Vegetable oil</item></ing>
        <ing>
          <amt>
            <qty>1</qty>
            <unit>teaspoon</unit></amt>
          <item>Baking soda</item></ing>
        <ing>
          <amt>
            <qty>1/2</qty>
            <unit>teaspoons</unit></amt>
          <item>Baking powder</item></ing>
        <ing>
          <amt>
            <qty>1/2</qty>
            <unit>teaspoons</unit></amt>
          <item>Ground cinnamon</item></ing>
        <ing>
          <amt>
            <qty>2</qty>
            <unit>teaspoons</unit></amt>
          <item>Eggs</item></ing>
        <ing>
          <amt>
            <qty>3</qty>
            <unit>teaspoons</unit></amt>
          <item>Milk</item></ing>
        <ing>
          <amt>
            <qty>2</qty>
            <unit>cups</unit></amt>
          <item>Sifted flour</item></ing>
        <ing>
          <amt>
            <qty>1/4</qty>
            <unit>teaspoons</unit></amt>
          <item>Salt</item></ing>
        <ing>
          <amt>
            <qty>1/4</qty>
            <unit>teaspoons</unit></amt>
          <item>Ground nutmeg</item></ing>
        <ing>
          <amt>
            <qty>3/4</qty>
            <unit>cups</unit></amt>
          <item>Chopped pecans</item></ing></ing-div>
      <ing-div>
        <title>TOPPING</title>
        <ing>
          <amt>
            <qty>1/4</qty>
            <unit>cups</unit></amt>
          <item>Brown sugar, packed</item></ing>
        <ing>
          <amt>
            <qty>1/4</qty>
            <unit>cups</unit></amt>
          <item>Chopped pecans</item></ing>
        <ing>
          <amt>
            <qty>1/4</qty>
            <unit>teaspoons</unit></amt>
          <item>Ground cinnamon</item></ing></ing-div></ingredients>
    <directions>
      <step>  In a large mixing bowl, thoroughly combine sugar, applesauce, oil, eggs and
  milk. Sift together flour, soda, baking powder, cinnamon, salt and nutmeg.
  Add to applesauce mixture and beat until well combined. Stir in pecans.
  Turn batter into well greased loaf baking pan. For topping, combine brown
  sugar, cinnamon and pecans. Sprinkle evenly over batter. Bake at 350
  degrees for 1 hour. Cap loosely with foil after the first 30 minutes of
  baking. Remove from pan and cool on rack. Source: Colorado Cache Cookbook
  (an oldie but goodie) From: Dottie Cross TMPJ72B Reformatted by: CLM,
  HCPM52C
  
  From Gemini's MASSIVE MealMaster collection at www.synapse.com/~gemini
 
</step></directions></recipe></recipeml>
