<?xml version="1.0" encoding="UTF-8"?>

<recipeml version="0.5">
  <recipe>
    <head>
      <title>Applesauce Cake</title>
      <categories>
        <cat>Cakes</cat>
        <cat>Desserts</cat></categories>
      <yield>10</yield></head>
    <ingredients>
      <ing>
        <amt>
          <qty>1</qty>
          <unit>cup</unit></amt>
        <item>EDEN Applesauce</item></ing>
      <ing>
        <amt>
          <qty>1/2</qty>
          <unit>cups</unit></amt>
        <item>EDEN Safflower Oil</item></ing>
      <ing>
        <amt>
          <qty>1</qty>
          <unit>cup</unit></amt>
        <item>EDENSOY OR- any EDEN food beverage</item></ing>
      <ing>
        <amt>
          <qty>1</qty>
          <unit>teaspoon</unit></amt>
        <item>Vanilla (if not using Vanilla flavor)</item></ing>
      <ing>
        <amt>
          <qty>3/4</qty>
          <unit>cups</unit></amt>
        <item>Honey</item></ing>
      <ing>
        <amt>
          <qty>2</qty>
          <unit>teaspoons</unit></amt>
        <item>Baking powder</item></ing>
      <ing>
        <amt>
          <qty>2</qty>
          <unit>teaspoons</unit></amt>
        <item>Baking soda</item></ing>
      <ing>
        <amt>
          <qty>1/4</qty>
          <unit>teaspoons</unit></amt>
        <item>LIMA Sea Salt</item></ing>
      <ing>
        <amt>
          <qty>2</qty>
          <unit>cups</unit></amt>
        <item>Whole wheat pastry flour</item></ing>
      <ing>
        <amt>
          <qty>2 1/2</qty>
          <unit>teaspoons</unit></amt>
        <item>Cinnamon</item></ing>
      <ing>
        <amt>
          <qty>1</qty>
          <unit>teaspoon</unit></amt>
        <item>Nutmeg</item></ing>
      <ing>
        <amt>
          <qty>1/2</qty>
          <unit>teaspoons</unit></amt>
        <item>Allspice</item></ing>
      <ing>
        <amt>
          <qty>3/4</qty>
          <unit>cups</unit></amt>
        <item>Chopped walnuts (optional)</item></ing>
      <ing>
        <amt>
          <qty>3/4</qty>
          <unit>cups</unit></amt>
        <item>Raisins (optional)</item></ing></ingredients>
    <directions>
      <step>  Preheat oven to 350 F. Oil two inverted torte pans or one 8"x8" cake pan.
  Blend all liquid ingredients until creamy. Add baking powder, baking
  soda, spices and salt to flour and mix well. Pour wet ingredients into
  dry ingredients and stir thoroughly. Add nuts and raisins if using and
  mix well. Bake 30-40 minutes, until center is done. If using inverted
  torte pans, turn cakes over and fill with custard. Decorate with fresh
  fruit if desired If using cake pan, cut into squares and pour custard
  over individual pieces.
  
  Prep Time: 10 minutes
  Baking Time: 30-40 minutes
  Yield: 10-12 servings
  
  Copyright 1995 Eden Foods, Inc.
  &lt;Electronic format courtesy of Karen Mintzias&gt;
  
  File ftp://ftp.idiscover.co.uk/pub/food/mealmaster/recipes/eden.zip
 
</step></directions></recipe></recipeml>
