<?xml version="1.0" encoding="UTF-8"?>

<recipeml version="0.5">
  <recipe>
    <head>
      <title>Apples Alfresco</title>
      <categories>
        <cat>Fruits</cat>
        <cat>Desserts</cat></categories>
      <yield>6</yield></head>
    <ingredients>
      <ing>
        <amt>
          <qty>6</qty>
          <unit>large</unit></amt>
        <item>Tart Apples</item></ing>
      <ing>
        <amt>
          <qty>8</qty>
          <unit>ounces</unit></amt>
        <item>Pineapple Chunks; Drained</item></ing>
      <ing>
        <amt>
          <qty>6</qty>
          <unit>tablespoons</unit></amt>
        <item>Brown Sugar; Packed</item></ing>
      <ing>
        <amt>
          <qty>1/4</qty>
          <unit>cups</unit></amt>
        <item>Lemon Juice</item></ing>
      <ing>
        <amt>
          <qty>2</qty>
          <unit>tablespoons</unit></amt>
        <item>Red Cinnamon Candies</item></ing></ingredients>
    <directions>
      <step>  Core the apples and core the top half of each one, using the tines of a
  fork.  Place each apple on an 8-inch length of heavy-duty foil. Fill the
  cavity of each apple with 2 chunks of pineapple, 1 tb brown sugar, 2 ts
  lemon juice, and 1 ts candies.  Securely wrap each apple into a loose
  packet and refrigerate.
  
  TO GRILL:
  
  Cook the apple packets 4-inches from grey coals (medium heat), turning once
  or twice.  Grill 30 to 40 minutes or until tender.
  
  From Gemini's MASSIVE MealMaster collection at www.synapse.com/~gemini
 
</step></directions></recipe></recipeml>
