<?xml version="1.0" encoding="UTF-8"?>

<recipeml version="0.5">
  <recipe>
    <head>
      <title>Applesauce Spice Muffins</title>
      <categories>
        <cat>None</cat></categories>
      <yield>1</yield></head>
    <ingredients>
      <ing-div>
        <title/>
        <ing>
          <amt>
            <qty>1 3/4</qty>
            <unit>cups</unit></amt>
          <item>All-purpose flour</item></ing>
        <ing>
          <amt>
            <qty>1</qty>
            <unit>teaspoon</unit></amt>
          <item>Baking powder</item></ing>
        <ing>
          <amt>
            <qty>1/4</qty>
            <unit>teaspoons</unit></amt>
          <item>Salt</item></ing>
        <ing>
          <amt>
            <qty>2</qty>
            <unit>teaspoons</unit></amt>
          <item>Pumpkin pie spice</item></ing>
        <ing>
          <amt>
            <qty>1 1/2</qty>
            <unit>cups</unit></amt>
          <item>Kellogg's® Low Fat Granola cereal; any variety</item></ing>
        <ing>
          <amt>
            <qty>1/4</qty>
            <unit>cups</unit></amt>
          <item>Firmly packed brown sugar</item></ing>
        <ing>
          <amt>
            <qty>1/3</qty>
            <unit>cups</unit></amt>
          <item>Skim milk</item></ing>
        <ing>
          <amt>
            <qty>3/4</qty>
            <unit>cups</unit></amt>
          <item>Unsweetened applesauce</item></ing>
        <ing>
          <amt>
            <qty>2</qty>
            <unit/></amt>
          <item>Egg whites</item></ing>
        <ing>
          <amt>
            <qty>3</qty>
            <unit>tablespoons</unit></amt>
          <item>Vegetable oil</item></ing>
        <ing>
          <amt>
            <qty>1</qty>
            <unit>teaspoon</unit></amt>
          <item>Vanilla</item></ing>
        <ing>
          <amt>
            <qty/>
            <unit/></amt>
          <item>Vegetable cooking spray</item></ing></ing-div>
      <ing-div>
        <title>TOPPING</title>
        <ing>
          <amt>
            <qty>1/4</qty>
            <unit>teaspoons</unit></amt>
          <item>Cinnamon</item></ing>
        <ing>
          <amt>
            <qty>2</qty>
            <unit>tablespoons</unit></amt>
          <item>Sugar</item></ing></ing-div></ingredients>
    <directions>
      <step>  these recipies from.. &lt;A
  HREF="http://www.kelloggs.com/kitchens/book/index.html"&gt;Welcome to Kellogg
  Kitchens(TM)!&lt;/A&gt;
  
  1.Combine flour, baking powder, salt and spice. Set aside.
  
  2.In large mixing bowl, combine Kellogg's® Low Fat Granola cereal, brown
  sugar, milk and applesauce. Add egg whites, oil and vanilla to cereal
  mixture. Mix well. Stir in flour mixture only until combined. Spoon batter
  evenly into twelve, 2 1/2-inch muffin-pan cups coated with cooking spray.
  Sprinkle with cinnamon sugar mixture.
  
  3.Bake at 400°F about 20 minutes or until lightly browned. Serve warm.
  
  NUTRITION FACTS: Serving size 1 muffin (74 grams) Calories 200 Fat cal 40 %
  DAILY VALUE: Total fat 8% (5g), Sat fat 3% (0.5g), Cholest 0% (0mg), Sodium
  7% (170mg), Total carb 12% (36g), Fiber 8% (2g), Sugars 13g, Protein 4g,
  Vitamin A 6%, Vitamin C 0%, Calcium 8%, Iron 10%
  
  YIELD: 12 muffins
  
  Posted to brand-name-recipes by Mapiggy &lt;Mapiggy@aol.com&gt; on Mar 20, 1998
 
</step></directions></recipe></recipeml>
