<?xml version="1.0" encoding="UTF-8"?>

<recipeml version="0.5">
  <recipe>
    <head>
      <title>Applesauce Date Muffins</title>
      <categories>
        <cat>None</cat></categories>
      <yield>1</yield></head>
    <ingredients>
      <ing>
        <amt>
          <qty>1/4</qty>
          <unit>cups</unit></amt>
        <item>Chopped walnuts</item></ing>
      <ing>
        <amt>
          <qty>1 1/2</qty>
          <unit>cups</unit></amt>
        <item>Whole wheat flour</item></ing>
      <ing>
        <amt>
          <qty>2/3</qty>
          <unit>cups</unit></amt>
        <item>Bran cereal; (All-Bran or Bran Buds)</item></ing>
      <ing>
        <amt>
          <qty>1</qty>
          <unit>teaspoon</unit></amt>
        <item>Baking soda</item></ing>
      <ing>
        <amt>
          <qty>1/2</qty>
          <unit>teaspoons</unit></amt>
        <item>Salt</item></ing>
      <ing>
        <amt>
          <qty>1/2</qty>
          <unit>cups</unit></amt>
        <item>Chopped dates</item></ing>
      <ing>
        <amt>
          <qty>1</qty>
          <unit>large</unit></amt>
        <item>Egg; lightly beaten</item></ing>
      <ing>
        <amt>
          <qty>1 3/4</qty>
          <unit>cups</unit></amt>
        <item>Unsweetened applesauce</item></ing>
      <ing>
        <amt>
          <qty>1/3</qty>
          <unit>cups</unit></amt>
        <item>Packed dark brown sugar</item></ing>
      <ing>
        <amt>
          <qty>2</qty>
          <unit>tablespoons</unit></amt>
        <item>Canola oil</item></ing>
      <ing>
        <amt>
          <qty>1</qty>
          <unit>teaspoon</unit></amt>
        <item>Cinnamon</item></ing></ingredients>
    <directions>
      <step>  1. Preheat oven to 425*F. Coat muffin cups with nonstick spray.
  
  2. Spread walnuts in a shallow pan and bake for 3 to 5 minutes, or until
  fregrant. Let cool.
  
  3. In large bowl, whisk flour, bran cereal, baking soda, cinnamon and salt.
  Stir in dates and walnuts.
  
  4. In a bowl, whisk egg, applesauce, brown sugar and oil until smooth,.
  Make a well in dry ingredients and mix in wet ingredients until just
  combined. (Do not overmix.)
  
  5. Divide batter among the prepared muffin cups. Bake for 12 to 15 minutes,
  or until tops spring back when touched lightly. Loosen edges and turn
  muffins out onto a wire rack to cool. Makes 12 Muffins.
  
  Posted to MM-Recipes Digest  by Alice Poe &lt;afpoe@swbell.net&gt; on Mar 24,
  1998
 
</step></directions></recipe></recipeml>
