<?xml version="1.0" encoding="UTF-8"?>

<recipeml version="0.5">
  <recipe>
    <head>
      <title>Applesauce Oatmeal Drops</title>
      <categories>
        <cat>Digest</cat>
        <cat>Mar95</cat>
        <cat>Fatfree</cat></categories>
      <yield>1</yield></head>
    <ingredients>
      <ing>
        <amt>
          <qty>1/4</qty>
          <unit>cups</unit></amt>
        <item>Brown sugar</item></ing>
      <ing>
        <amt>
          <qty>1</qty>
          <unit>teaspoon</unit></amt>
        <item>Baking powder</item></ing>
      <ing>
        <amt>
          <qty>1/2</qty>
          <unit>teaspoons</unit></amt>
        <item>Baking soda</item></ing>
      <ing>
        <amt>
          <qty>1/4</qty>
          <unit>cups</unit></amt>
        <item>White sugar</item></ing>
      <ing>
        <amt>
          <qty>1/2</qty>
          <unit>teaspoons</unit></amt>
        <item>Salt</item></ing>
      <ing>
        <amt>
          <qty>3/4</qty>
          <unit>cups</unit></amt>
        <item>Natural unsweetened</item></ing>
      <ing>
        <amt>
          <qty/>
          <unit/></amt>
        <item>Applesauce</item></ing>
      <ing>
        <amt>
          <qty>1</qty>
          <unit>cup</unit></amt>
        <item>Rolled oats</item></ing>
      <ing>
        <amt>
          <qty>1</qty>
          <unit>cup</unit></amt>
        <item>Sifted all purpose flour</item></ing>
      <ing>
        <amt>
          <qty>1/2</qty>
          <unit>cups</unit></amt>
        <item>Seedless raisins</item></ing></ingredients>
    <directions>
      <step>  Mix sugars and add applesauce.  Sift together dry ingrediants and stir in.
  Add oats and raisins.  Drop by spoonfuls onto lightly greased cookie sheet.
  Bake at 375 degrees about 10 minutes.
  
  Note:  I left out the raisins because I don't care for them. Also, I added
  1/2 tsp of cinnamon.  The next time I make these I may cut back on the
  sugar because they are rather sweet.  These cookies were nice and fluffy
  (for a fat-less cookie) and remind me of muffins.  These are so quick and
  easy to make, I just love them!  I hope everyone enjoys them.
  
  Posted by "Ann Lally" &lt;ALALLY@clemson.edu&gt; to the Fatfree Digest [Volume 16
  Issue 10] Mar. 14, 1995.
  
  Individual recipes copyrighted by originator. FATFREE Recipe collections
  copyrighted by Michelle Dick 1995. Formatted by Sue Smith,
  SueSmith9@aol.com using MMCONV. Archived through kindness of Karen
  Mintzias, km@salata.com.
  
  1.80á
  
  File ftp://ftp.idiscover.co.uk/pub/food/mealmaster/recipes/fatfreex.zip
 
</step></directions></recipe></recipeml>
