<?xml version="1.0" encoding="UTF-8"?>

<recipeml version="0.5">
  <recipe>
    <head>
      <title>Applesauce Cake Circa 1943</title>
      <categories>
        <cat>Sauces</cat>
        <cat>Dressings</cat>
        <cat>Gravies</cat>
        <cat>Etc</cat></categories>
      <yield>10</yield></head>
    <ingredients>
      <ing>
        <amt>
          <qty>1/2</qty>
          <unit>cups</unit></amt>
        <item>Vegetable shortening</item></ing>
      <ing>
        <amt>
          <qty>1</qty>
          <unit>cup</unit></amt>
        <item>Sugar</item></ing>
      <ing>
        <amt>
          <qty>1/2</qty>
          <unit>teaspoons</unit></amt>
        <item>Cloves</item></ing>
      <ing>
        <amt>
          <qty>1</qty>
          <unit>teaspoon</unit></amt>
        <item>Cinnamon</item></ing>
      <ing>
        <amt>
          <qty>1</qty>
          <unit/></amt>
        <item>Egg</item></ing>
      <ing>
        <amt>
          <qty>1</qty>
          <unit>cup</unit></amt>
        <item>Applesauce</item></ing>
      <ing>
        <amt>
          <qty>2</qty>
          <unit>cups</unit></amt>
        <item>All-purpose flour</item></ing>
      <ing>
        <amt>
          <qty>2/3</qty>
          <unit>cups</unit></amt>
        <item>Raisins -- chopped</item></ing>
      <ing>
        <amt>
          <qty>1</qty>
          <unit>teaspoon</unit></amt>
        <item>Baking soda</item></ing>
      <ing>
        <amt>
          <qty>1/2</qty>
          <unit>teaspoons</unit></amt>
        <item>Salt</item></ing>
      <ing>
        <amt>
          <qty>2/3</qty>
          <unit>cups</unit></amt>
        <item>Walnut meats -- chopped</item></ing></ingredients>
    <directions>
      <step>  Cream together shortening and sugar. Add egg; beat well. Sift together
  flour, soda, salt, cloves, and cinnamon. Add alternately with applesauce to
  creamed mixture. Add raisins and nutmeats. Pour into 9-inch greased tube
  pan. Bake in moderate oven (350 degrees) for 1 hour. Let stand until cold.
  Remove cake from pan.
  
  I have a book called "Cooking Behind the Fence: Recipes and Recollections
  from the Oak Ridge '43 Club." (c1992) It features recipes from the '40s
  when Oak Ridge, TN was fenced and people had to have a security clearance
  to get in. I picked one recipe for you. If you have any particular kind of
  recipe you would be interested in let me know. The person who supplied this
  recipe remembers that there was only one grocery store in the area back in
  1943 and she remembers waiting in line for 2 hours to buy soap powder.
  
  Recipe By     : "Cooking Behind the Fence: Oak Ridge 1943 Club" Cookbook
  
  From: Ladies Home Journal- August 1991
  
  File ftp://ftp.idiscover.co.uk/pub/food/mealmaster/recipes/mmdja006.zip
 
</step></directions></recipe></recipeml>
