<?xml version="1.0" encoding="UTF-8"?>

<recipeml version="0.5">
  <recipe>
    <head>
      <title>Applesauce Loaf</title>
      <categories>
        <cat>None</cat></categories>
      <yield>1</yield></head>
    <ingredients>
      <ing>
        <amt>
          <qty>1</qty>
          <unit>cup</unit></amt>
        <item>Shortening</item></ing>
      <ing>
        <amt>
          <qty>1</qty>
          <unit>cup</unit></amt>
        <item>Sugar</item></ing>
      <ing>
        <amt>
          <qty>2</qty>
          <unit/></amt>
        <item>Eggs</item></ing>
      <ing>
        <amt>
          <qty>1 3/4</qty>
          <unit>cups</unit></amt>
        <item>Flour</item></ing>
      <ing>
        <amt>
          <qty>1</qty>
          <unit>teaspoon</unit></amt>
        <item>Salt</item></ing>
      <ing>
        <amt>
          <qty>1</qty>
          <unit>teaspoon</unit></amt>
        <item>Baking powder</item></ing>
      <ing>
        <amt>
          <qty>1</qty>
          <unit>teaspoon</unit></amt>
        <item>Baking soda</item></ing>
      <ing>
        <amt>
          <qty>1</qty>
          <unit>teaspoon</unit></amt>
        <item>Cinnamon</item></ing>
      <ing>
        <amt>
          <qty>1</qty>
          <unit>teaspoon</unit></amt>
        <item>Nutmeg</item></ing>
      <ing>
        <amt>
          <qty>1</qty>
          <unit>cup</unit></amt>
        <item>Sweetened applesauce</item></ing>
      <ing>
        <amt>
          <qty/>
          <unit/></amt>
        <item>Chopped nuts</item></ing></ingredients>
    <directions>
      <step>  Mix shortening to soften. Gradually add sugar, creaming till light. Add
  eggs; beat till light and fluffy. Sift together dry ingredients. Add to
  mixture alternately with applesauce beating after each addition. Stir in
  nuts. Pour in to loaf pan. Bake at 350 for 1 hour.
  
  Posted to Bakery-Shoppe Digest V1 #222 by Monica Boggs
  &lt;wiggles@shell.planetc.com&gt; on Sep 6, 1997
 
</step></directions></recipe></recipeml>
