<?xml version="1.0" encoding="UTF-8"?>

<recipeml version="0.5">
  <recipe>
    <head>
      <title>Applesauce Custard Pie</title>
      <categories>
        <cat>Desserts</cat>
        <cat>Pies &amp; tart</cat></categories>
      <yield>8</yield></head>
    <ingredients>
      <ing>
        <amt>
          <qty>1</qty>
          <unit/></amt>
        <item>9-inch unbaked single pie shell</item></ing>
      <ing>
        <amt>
          <qty>3</qty>
          <unit/></amt>
        <item>Eggs</item></ing>
      <ing>
        <amt>
          <qty>5</qty>
          <unit>tablespoons</unit></amt>
        <item>Sugar</item></ing>
      <ing>
        <amt>
          <qty>1/2</qty>
          <unit>teaspoons</unit></amt>
        <item>Cinnamon</item></ing>
      <ing>
        <amt>
          <qty>2 1/2</qty>
          <unit>cups</unit></amt>
        <item>Milk</item></ing>
      <ing>
        <amt>
          <qty>1</qty>
          <unit>cup</unit></amt>
        <item>Applesauce</item></ing></ingredients>
    <directions>
      <step>  Beat eggs, sugar, cinnamon and milk. Mix in applesauce. Pour into shell.
  Bake at 450 F. for 15 minutes. Reduce heat to 350 F. for 30 minutes. MC
  formatting by bobbi744@sojourn.com
  
  Recipe by: Lansing CityLimits Mag. (Carole) Eberly's Edibles, Oct. '97
  
  Posted to MC-Recipe Digest by Roberta Banghart &lt;bobbi744@sojourn.com&gt; on
  Mar 02, 1998
 
</step></directions></recipe></recipeml>
