<?xml version="1.0" encoding="UTF-8"?>

<recipeml version="0.5">
  <recipe>
    <head>
      <title>Applesauce Glazed Chicken</title>
      <categories>
        <cat>Chicken</cat></categories>
      <yield>4</yield></head>
    <ingredients>
      <ing>
        <amt>
          <qty>1</qty>
          <unit>pound</unit></amt>
        <item>Chicken tenders or</item></ing>
      <ing>
        <amt>
          <qty>1</qty>
          <unit>pound</unit></amt>
        <item>Boneless skinless chicken breasts</item></ing>
      <ing>
        <amt>
          <qty>1/4</qty>
          <unit>cups</unit></amt>
        <item>Orange marmalade</item></ing>
      <ing>
        <amt>
          <qty>1</qty>
          <unit>teaspoon</unit></amt>
        <item>Cornstarch</item></ing>
      <ing>
        <amt>
          <qty>1/4</qty>
          <unit>teaspoons</unit></amt>
        <item>Ginger</item></ing>
      <ing>
        <amt>
          <qty>1/2</qty>
          <unit>teaspoons</unit></amt>
        <item>Minced garlic</item></ing>
      <ing>
        <amt>
          <qty>1</qty>
          <unit>cup</unit></amt>
        <item>Unsweetened Michigan Applesauce</item></ing>
      <ing>
        <amt>
          <qty>2</qty>
          <unit>tablespoons</unit></amt>
        <item>Sliced green onions</item></ing></ingredients>
    <directions>
      <step>  Wash and dry chicken. If using chicken breasts, cut each breast lengthwise
  into 4 pieces. Place in single layer in foil-lined 13 x 9 x 2-inch baking
  pan. Set aside. In 1-quart saucepan, combine marmalade, cornstarch, ginger
  and garlic. Add Michigan Applesauce. Cook over medium heat, stirring
  constantly, until mixture starts to boil. Spread evenly over chicken. Bake
  at 400o F about 20 minutes or until chicken is tender and juices run clear.
  Garnish with green onions and serve hot over rice if desired. Yield: 4
  servings. Per serving, 3 tenders: 230 Calories, 3 g Fat, 72 mg Cholesterol,
  22 g Carbohydrates, 66 mg Sodium, 1 g Fiber. Michigan Apple Committee
  http://MichiganApples.com
  Posted to MC-Recipe Digest V1 #1050 by Roberta Banghart
  &lt;bobbi744@sojourn.com&gt; on Jan 25, 1998
 
</step></directions></recipe></recipeml>
