<?xml version="1.0" encoding="UTF-8"?>

<recipeml version="0.5">
  <recipe>
    <head>
      <title>Applesauce Surprise Mini-Muffins</title>
      <categories>
        <cat>Breads</cat></categories>
      <yield>3</yield></head>
    <ingredients>
      <ing>
        <amt>
          <qty>2</qty>
          <unit>cups</unit></amt>
        <item>Unbleached flour</item></ing>
      <ing>
        <amt>
          <qty>1/4</qty>
          <unit>cups</unit></amt>
        <item>Wheat germ (opt)</item></ing>
      <ing>
        <amt>
          <qty>1</qty>
          <unit>tablespoon</unit></amt>
        <item>Apple pie spice or 1ts each of cinnamon, allspice and nutmeg</item></ing>
      <ing>
        <amt>
          <qty>2</qty>
          <unit>teaspoons</unit></amt>
        <item>Baking powder</item></ing>
      <ing>
        <amt>
          <qty>1/4</qty>
          <unit>teaspoons</unit></amt>
        <item>Salt</item></ing>
      <ing>
        <amt>
          <qty>1/2</qty>
          <unit>cups</unit></amt>
        <item>Honey</item></ing>
      <ing>
        <amt>
          <qty>2</qty>
          <unit/></amt>
        <item>Jars (4oz) strained carrots or 1 cn (16oz) pumpkin puree</item></ing>
      <ing>
        <amt>
          <qty>2/3</qty>
          <unit>cups</unit></amt>
        <item>Applesauce</item></ing>
      <ing>
        <amt>
          <qty>2</qty>
          <unit>tablespoons</unit></amt>
        <item>Vegetable oil</item></ing>
      <ing>
        <amt>
          <qty>2</qty>
          <unit/></amt>
        <item>Eggs; lightly beaten</item></ing>
      <ing>
        <amt>
          <qty/>
          <unit/></amt>
        <item>Vegetable oil spray</item></ing></ingredients>
    <directions>
      <step>  Preheat oven to 425 degrees. Stir together flour, wheat germ, spices,
  baking powder and salt in a large bowl. Set aside. Stir together honey,
  carrots or pumpkin, applesauce, vegetable oil and eggs in second bowl. Stir
  wet ingredients into dry, mixing until completely moistened. Do not over
  beat. Coat mini-muffi pans with vegetable oil spray and spoon in batter.
  Bake for 1-to14 minutes, until muffins will spring back when touched.
  
  Nutritional info per serving: 56 cal; 1.1g fat (18%), 1.1g pro, 10.4g carb
  
  Formatted 7/10/95 by Lisa Crawford (LISA_POOH@DELPHI.COM)
  Posted to MM-Recipes Digest  by "Robert Ellis" &lt;rpearson@snowcrest.net&gt; on
  Mar 10, 1998
 
</step></directions></recipe></recipeml>
