<?xml version="1.0" encoding="UTF-8"?>

<recipeml version="0.5">
  <recipe>
    <head>
      <title>Applesauce/cinnamon/raisin/oatmeal/whole Wheat Bread</title>
      <categories>
        <cat>Bread machi</cat>
        <cat>Breads</cat></categories>
      <yield>1</yield></head>
    <ingredients>
      <ing>
        <amt>
          <qty>2</qty>
          <unit>teaspoons</unit></amt>
        <item>Yeast</item></ing>
      <ing>
        <amt>
          <qty>2</qty>
          <unit>cups</unit></amt>
        <item>White flour</item></ing>
      <ing>
        <amt>
          <qty>1</qty>
          <unit>cup</unit></amt>
        <item>Whole wheat flour</item></ing>
      <ing>
        <amt>
          <qty>1</qty>
          <unit>cup</unit></amt>
        <item>Oatmeal whirred in the blender for 30 seconds</item></ing>
      <ing>
        <amt>
          <qty>1/2</qty>
          <unit>cups</unit></amt>
        <item>Applesauce</item></ing>
      <ing>
        <amt>
          <qty>2</qty>
          <unit>teaspoons</unit></amt>
        <item>Cinnamon</item></ing>
      <ing>
        <amt>
          <qty>3</qty>
          <unit>tablespoons</unit></amt>
        <item>Brown sugar</item></ing>
      <ing>
        <amt>
          <qty>1</qty>
          <unit/></amt>
        <item>Egg</item></ing>
      <ing>
        <amt>
          <qty>2</qty>
          <unit>tablespoons</unit></amt>
        <item>Butter or margarine; or oil</item></ing>
      <ing>
        <amt>
          <qty>1/2</qty>
          <unit>teaspoons</unit></amt>
        <item>Salt</item></ing>
      <ing>
        <amt>
          <qty>1</qty>
          <unit>cup</unit></amt>
        <item>Water</item></ing>
      <ing>
        <amt>
          <qty>1/2</qty>
          <unit>cups</unit></amt>
        <item>Raisins; (added at the beeps</item></ing>
      <ing>
        <amt>
          <qty/>
          <unit/></amt>
        <item>To keep them whole) (1/2 to 1)</item></ing></ingredients>
    <directions>
      <step>  This stuff makes the most fantastic toast.  It's also not bad untoasted. We
  have made it successfully making the bread as listed, but adding only 1
  Tbsp of white sugar and no cinnamon at the beginning, and then adding a
  cinnamon/brown sugar mixture 30 s. or a minute before the end of the last
  kneading cycle.  The sugar/cinnamon ends up marbled through the bread, and
  it is wonderful  (hard to get right though)
  
  &gt;From: Matthew Asplund &lt;ASPLUNDM@PLASMA.BYU.EDU&gt;
  From: Bread-Bakers Archives: ftp.best.com/pub/reggie/archives/bread/recipe
  
  Recipe By     : rec.food.recipes
 
</step></directions></recipe></recipeml>
