<?xml version="1.0" encoding="UTF-8"?>

<recipeml version="0.5">
  <recipe>
    <head>
      <title>Applesauce Cake Squares</title>
      <categories>
        <cat>Cookies</cat></categories>
      <yield>24</yield></head>
    <ingredients>
      <ing>
        <amt>
          <qty>1 1/3</qty>
          <unit>cups</unit></amt>
        <item>Butter; softened</item></ing>
      <ing>
        <amt>
          <qty>5</qty>
          <unit/></amt>
        <item>Eggs</item></ing>
      <ing>
        <amt>
          <qty>1 3/4</qty>
          <unit>cups</unit></amt>
        <item>Juice, apple, concentrated</item></ing>
      <ing>
        <amt>
          <qty>1 1/2</qty>
          <unit>cups</unit></amt>
        <item>Applesauce</item></ing>
      <ing>
        <amt>
          <qty>5 1/4</qty>
          <unit>cups</unit></amt>
        <item>Flour</item></ing>
      <ing>
        <amt>
          <qty>5</qty>
          <unit>teaspoons</unit></amt>
        <item>Baking powder</item></ing>
      <ing>
        <amt>
          <qty>5</qty>
          <unit>teaspoons</unit></amt>
        <item>Cinnamon, ground</item></ing>
      <ing>
        <amt>
          <qty>1 1/2</qty>
          <unit>teaspoons</unit></amt>
        <item>Baking soda</item></ing>
      <ing>
        <amt>
          <qty>1</qty>
          <unit>teaspoon</unit></amt>
        <item>Salt</item></ing>
      <ing>
        <amt>
          <qty>3</qty>
          <unit>large</unit></amt>
        <item>Apples; peeled/chopped</item></ing>
      <ing>
        <amt>
          <qty/>
          <unit/></amt>
        <item>Creamy Topping</item></ing>
      <ing>
        <amt>
          <qty>1 1/3</qty>
          <unit>cups</unit></amt>
        <item>Cream, heavy</item></ing>
      <ing>
        <amt>
          <qty>3</qty>
          <unit>teaspoons</unit></amt>
        <item>Extract, vanilla</item></ing>
      <ing>
        <amt>
          <qty>1</qty>
          <unit>teaspoon</unit></amt>
        <item>Cinnamon, ground</item></ing></ingredients>
    <directions>
      <step>  Preheat oven to 375.  Beat butter in large bowl until creamy. Blend in
  eggs, juice, and applesauce.  Combine dry ingredients. Gradually add to egg
  mixture, beating until well blended. Stir in appls. Spread batter evenly
  into greased 8" square baking pan. Bake 20-25 minutes, until wooden pick
  inserted in center comes out clean.
  
  Cool on wire rack.  Cut into squares.  Serve warm or at room temperature,
  with Creamy Topping if desired.
  
  Creamy Topping: Beat cream in small bowl at high speed of electric mixer
  until soft peaks form.  Beat in vanilla and cinnamon until stiff peaks
  form.
  
  Nutrition information per piece: 229 calories,  4 gm protein, 34 gm
  carbohydrate,  8 gm fat,  65 mg cholesterol, 289 mg sodium, 1-1/4 diabetic
  starch/bread exchange, 1-3/4 diabetic fat exchange, 1 diabetic fruit
  exchange.
  
  Source: "Sugar-Free Desserts," the December 1992 issue of _Favorite
  All-Time Recipes_ magazine
  
  MM by Sylvia Steiger, GEnie THE.STEIGERS, CI$ 71511,2253, GT Cookbook echo
  moderator at net/node 004/005
 
</step></directions></recipe></recipeml>
