<?xml version="1.0" encoding="UTF-8"?>

<recipeml version="0.5">
  <recipe>
    <head>
      <title>Ame Hnat - Very Dry Beef Curry</title>
      <categories>
        <cat>Beef</cat>
        <cat>Ethnic</cat>
        <cat>Tried and l</cat></categories>
      <yield>4</yield></head>
    <ingredients>
      <ing>
        <amt>
          <qty>1 1/2</qty>
          <unit>pounds</unit></amt>
        <item>Stewing steak</item></ing>
      <ing>
        <amt>
          <qty>2</qty>
          <unit>large</unit></amt>
        <item>Onions</item></ing>
      <ing>
        <amt>
          <qty>5</qty>
          <unit>large</unit></amt>
        <item>Cloves garlic</item></ing>
      <ing>
        <amt>
          <qty>2</qty>
          <unit>teaspoons</unit></amt>
        <item>Chopped fresh ginger</item></ing>
      <ing>
        <amt>
          <qty>1</qty>
          <unit>teaspoon</unit></amt>
        <item>Ground turmeric</item></ing>
      <ing>
        <amt>
          <qty>1</qty>
          <unit>teaspoon</unit></amt>
        <item>Chilli powder</item></ing>
      <ing>
        <amt>
          <qty>6</qty>
          <unit>tablespoons</unit></amt>
        <item>Light sesame oil or corn oil</item></ing>
      <ing>
        <amt>
          <qty>1/4</qty>
          <unit>teaspoons</unit></amt>
        <item>Ground black pepper</item></ing>
      <ing>
        <amt>
          <qty>2</qty>
          <unit/></amt>
        <item>Tender stalks lemon grass; finely chopped or 4 strips lemon rind</item></ing>
      <ing>
        <amt>
          <qty>1</qty>
          <unit>cup</unit></amt>
        <item>Hot water</item></ing>
      <ing>
        <amt>
          <qty>1 1/2</qty>
          <unit>teaspoons</unit></amt>
        <item>Salt</item></ing>
      <ing>
        <amt>
          <qty>2</qty>
          <unit>large</unit></amt>
        <item>Onions; finely sliced and fried until crisp and brown-optional</item></ing></ingredients>
    <directions>
      <step>  Cut beef into 5cm (2 inch) squares. Cook the garlic, ginger, onion,
  turmeric, chili powder in the oil. When well cooked and sizzling, add beef,
  pepper and lemon grass or rind. Continue frying slowly until all juices
  from the beef have completely evaporated and meat is brown. Add water and
  salt, cover and simmer until meat is tender, adding more water if
  necessary. Remove lid, raise heat and cook rapidly until the meat is
  oily-dry and well coated with the gravy. Garnish with fried onions.
  
  Recipe by: unknown TNT by Germaine Perry
  
  Posted to TNT - Prodigy's Recipe Exchange Newsletter  by mail from texi
  &lt;perrys@airmail.net&gt; on Sep 18, 1997
 
</step></directions></recipe></recipeml>
