<?xml version="1.0" encoding="UTF-8"?>

<recipeml version="0.5">
  <recipe>
    <head>
      <title>American Style Pilsner</title>
      <categories>
        <cat>Beer</cat>
        <cat>Brewing</cat></categories>
      <yield>1</yield></head>
    <ingredients>
      <ing>
        <amt>
          <qty>6 2/3</qty>
          <unit>pounds</unit></amt>
        <item>Superbrau light malt</item></ing>
      <ing>
        <amt>
          <qty>3</qty>
          <unit>ounces</unit></amt>
        <item>Hallertauer hops -- boil</item></ing>
      <ing>
        <amt>
          <qty>30</qty>
          <unit/></amt>
        <item>45 min</item></ing>
      <ing>
        <amt>
          <qty>1</qty>
          <unit>ounce</unit></amt>
        <item>Saaz hops -- finishing</item></ing>
      <ing>
        <amt>
          <qty>1</qty>
          <unit>package</unit></amt>
        <item>Vierka lager yeast</item></ing>
      <ing>
        <amt>
          <qty>4</qty>
          <unit>ounces</unit></amt>
        <item>Priming sugar</item></ing></ingredients>
    <directions>
      <step>  Boild one gal of water, add syrup, stir until dissolved.  Return to heat.
  Add 3 oz hallertauer hops and boild for 30-45 min.  In last 5-10 minutes of
  boil, add the saaz hops.  Add to 4 gal of cold water.  When cooled to below
  80 degrees, pitch yeast. Fermentation at 45-55 degrees should go as
  follows: 10-14 days in primary fermenter, 2-3 weeks in secondary and 6
  weeks in the bottle. OSG: 1040-1050 FSG: 1008-1012
  
  Recipe By     : Jasper's
  
  From: Ladies Home Journal- August 1991
  
  File ftp://ftp.idiscover.co.uk/pub/food/mealmaster/recipes/mmdja006.zip
 
</step></directions></recipe></recipeml>
