<?xml version="1.0" encoding="UTF-8"?>

<recipeml version="0.5">
  <recipe>
    <head>
      <title>American Trifle</title>
      <categories>
        <cat>Desserts</cat>
        <cat>Fruit</cat></categories>
      <yield>10</yield></head>
    <ingredients>
      <ing>
        <amt>
          <qty>2</qty>
          <unit>pints</unit></amt>
        <item>Blueberries (reserve 1 cup</item></ing>
      <ing>
        <amt>
          <qty>1</qty>
          <unit>teaspoon</unit></amt>
        <item>Vanilla for the topping)</item></ing>
      <ing>
        <amt>
          <qty>24</qty>
          <unit/></amt>
        <item>Ladyfingers</item></ing>
      <ing>
        <amt>
          <qty>2</qty>
          <unit>pints</unit></amt>
        <item>Raspberries (reserve 1 cup for the topping)</item></ing>
      <ing>
        <amt>
          <qty>1/4</qty>
          <unit>cups</unit></amt>
        <item>Rum</item></ing>
      <ing>
        <amt>
          <qty>1</qty>
          <unit/></amt>
        <item>Sponge or Pound Cake</item></ing>
      <ing>
        <amt>
          <qty>2</qty>
          <unit>tablespoons</unit></amt>
        <item>Orange Liquor</item></ing>
      <ing>
        <amt>
          <qty>1/4</qty>
          <unit>cups</unit></amt>
        <item>Orange Juice</item></ing>
      <ing>
        <amt>
          <qty>1</qty>
          <unit>tablespoon</unit></amt>
        <item>Honey</item></ing>
      <ing>
        <amt>
          <qty>2</qty>
          <unit>tablespoons</unit></amt>
        <item>Vodka</item></ing>
      <ing>
        <amt>
          <qty>2</qty>
          <unit>cups</unit></amt>
        <item>Ricotta Cheese</item></ing>
      <ing>
        <amt>
          <qty>1</qty>
          <unit>cup</unit></amt>
        <item>Heavy Cream, whipped</item></ing>
      <ing>
        <amt>
          <qty>1/2</qty>
          <unit>cups</unit></amt>
        <item>Sugar</item></ing></ingredients>
    <directions>
      <step>  Mix ricotta, sugar and vanilla together and set aside. Combine the orange
  liquor and honey, toss with the berries. Slice cake and then cut slices
  into triangle pieces. Line the bottom of a 8-inch spring form pan and
  sprinkle with rum. Line the sides with ladyfingers. Spread half of the
  ricotta mixture  over the cake layer on bottom. Sprinkle with some berries.
  Place another layer of cake down and sprinkle with orange juice and vodka
  mixture, ricotta cream and some berries. The last layer should be a layer
  of cake. Cover with whipped cream. Decorate with the reserved berries.
  Chill over night.
  
  Source: "The Yankee Kitchen" 03-18-93 (#4) [Dora]
  Posted to MM-Recipes Digest  by "Wayne T. Jones" &lt;waynej@mail.austasia.net&gt;
  on Mar 12, 1998
 
</step></directions></recipe></recipeml>
