<?xml version="1.0" encoding="UTF-8"?>

<recipeml version="0.5">
  <recipe>
    <head>
      <title>American Mexican Beans</title>
      <categories>
        <cat>None</cat></categories>
      <yield>1</yield></head>
    <ingredients>
      <ing>
        <amt>
          <qty>1</qty>
          <unit>large</unit></amt>
        <item>Can; (20 oz.) frijoles</item></ing>
      <ing>
        <amt>
          <qty>1/2</qty>
          <unit>pounds</unit></amt>
        <item>Sharp cheddar cheese; grated</item></ing>
      <ing>
        <amt>
          <qty>1</qty>
          <unit>large</unit></amt>
        <item>Onion; (or 2 medium ones), chopped</item></ing>
      <ing>
        <amt>
          <qty>1</qty>
          <unit>tablespoon</unit></amt>
        <item>Salsa jalape=F1a</item></ing></ingredients>
    <directions>
      <step>  Melissa Hill Moore
  
  "Salsa jalape=F1a;" is a fiery condiment made with ripe jalape=F1o chilis.
  It can be replaced in this recipe with any hot sauce that suits the taste.
  
  Combine all the ingredients and cook thoroughly over very low heat. Be very
  careful, since it burns easily.
  
  Posted to recipelu-digest by LSHW &lt;shusky@erols.com&gt; on Feb 09, 1998
 
</step></directions></recipe></recipeml>
