<?xml version="1.0" encoding="UTF-8"?>

<recipeml version="0.5">
  <recipe>
    <head>
      <title>American Rocky Road Muffins</title>
      <categories>
        <cat>Muffins</cat></categories>
      <yield>16</yield></head>
    <ingredients>
      <ing-div>
        <title>FROM J.R.S KITCHEN</title>
        <ing>
          <amt>
            <qty>4</qty>
            <unit>ounces</unit></amt>
          <item>Semi sweet choc</item></ing>
        <ing>
          <amt>
            <qty>1</qty>
            <unit>ounce</unit></amt>
          <item>Unsweetened choc</item></ing>
        <ing>
          <amt>
            <qty>3/4</qty>
            <unit>cups</unit></amt>
          <item>Sour cream</item></ing>
        <ing>
          <amt>
            <qty>1/2</qty>
            <unit>cups</unit></amt>
          <item>Brown sugar</item></ing>
        <ing>
          <amt>
            <qty>1/4</qty>
            <unit>cups</unit></amt>
          <item>Light corn syrup</item></ing>
        <ing>
          <amt>
            <qty>1</qty>
            <unit/></amt>
          <item>Egg</item></ing>
        <ing>
          <amt>
            <qty>1 1/4</qty>
            <unit>teaspoons</unit></amt>
          <item>Vanilla</item></ing>
        <ing>
          <amt>
            <qty>1 1/2</qty>
            <unit>cups</unit></amt>
          <item>Flour</item></ing>
        <ing>
          <amt>
            <qty>1/4</qty>
            <unit>tablespoons</unit></amt>
          <item>Salt</item></ing>
        <ing>
          <amt>
            <qty>1</qty>
            <unit>tablespoon</unit></amt>
          <item>Baking soda</item></ing>
        <ing>
          <amt>
            <qty>2/3</qty>
            <unit>cups</unit></amt>
          <item>Chopped walnuts</item></ing>
        <ing>
          <amt>
            <qty>2/3</qty>
            <unit>cups</unit></amt>
          <item>Minimarshmallows</item></ing></ing-div></ingredients>
    <directions>
      <step>  Melt first three ingredients in double boiler. Whisk liquid ingredients in
  a small bowl. Put remaining ingredients in a large bowl and mix (except
  nuts and mallows ) Add melted choc. to liquid mixture. Pour into into dry
  mixture blending only to combine. Fold in nuts and marshmallows. Batter
  will be lumpy. Spoon into muffin cups. Bake 400 18 to 20 min until tested
  done. Good picnic muffin.
  Posted to MC-Recipe Digest by KateyKC &lt;KateyKC@aol.com&gt; on Mar 23, 1998
 
</step></directions></recipe></recipeml>
