<?xml version="1.0" encoding="UTF-8"?>

<recipeml version="0.5">
  <recipe>
    <head>
      <title>American Ipa</title>
      <categories>
        <cat>Beer</cat>
        <cat>Brewing</cat></categories>
      <yield>54</yield></head>
    <ingredients>
      <ing>
        <amt>
          <qty>2</qty>
          <unit/></amt>
        <item>Row</item></ing>
      <ing>
        <amt>
          <qty>8</qty>
          <unit/></amt>
        <item>10% Crystal 40</item></ing>
      <ing>
        <amt>
          <qty>1 1/4</qty>
          <unit>ounces</unit></amt>
        <item>Whole Cascade 60 minute</item></ing>
      <ing>
        <amt>
          <qty/>
          <unit/></amt>
        <item>Boil</item></ing>
      <ing>
        <amt>
          <qty>1</qty>
          <unit>ounce</unit></amt>
        <item>Cascade 30 minutes</item></ing>
      <ing>
        <amt>
          <qty>2</qty>
          <unit>ounces</unit></amt>
        <item>Cascade</item></ing>
      <ing>
        <amt>
          <qty/>
          <unit/></amt>
        <item>Added a handful at a time</item></ing>
      <ing>
        <amt>
          <qty/>
          <unit/></amt>
        <item>The last 15</item></ing>
      <ing>
        <amt>
          <qty/>
          <unit/></amt>
        <item>Minutes-last 2 minutes</item></ing>
      <ing>
        <amt>
          <qty/>
          <unit/></amt>
        <item>American, London, British</item></ing>
      <ing>
        <amt>
          <qty/>
          <unit/></amt>
        <item>Or</item></ing>
      <ing>
        <amt>
          <qty/>
          <unit/></amt>
        <item>German Ale yeast</item></ing>
      <ing>
        <amt>
          <qty/>
          <unit/></amt>
        <item>(or any cultured ale you</item></ing>
      <ing>
        <amt>
          <qty/>
          <unit/></amt>
        <item>Like)</item></ing>
      <ing>
        <amt>
          <qty/>
          <unit/></amt>
        <item>Pale malt</item></ing>
      <ing>
        <amt>
          <qty>Mash</qty>
          <unit>in</unit></amt>
        <item>at  123 degrees for 30 minutes. Raise to 153  degrees  for  60</item></ing></ingredients>
    <directions>
      <step>  minutes.  Mash off at 172 for 10 minutes. Ferment at 60-68 degrees.  Dry
  hop  with  1 ounce whole Cascades, preferably in secondary  but  primary
  will work. Think Liberty on this one. Enjoy.
  
  Recipe By     : Jim Busch
  
  From: Ladies Home Journal- August 1991
  
  File ftp://ftp.idiscover.co.uk/pub/food/mealmaster/recipes/mmdja006.zip
 
</step></directions></recipe></recipeml>
