<?xml version="1.0" encoding="UTF-8"?>

<recipeml version="0.5">
  <recipe>
    <head>
      <title>American Southwest Style Barbecue Pork Stew (Mf)</title>
      <categories>
        <cat>Soups &amp;</cat>
        <cat>Stews</cat></categories>
      <yield>8</yield></head>
    <ingredients>
      <ing-div>
        <title/>
        <ing>
          <amt>
            <qty>3 1/2</qty>
            <unit>pounds</unit></amt>
          <item>Pork shoulder; cut in 1 1/2" cubes</item></ing>
        <ing>
          <amt>
            <qty>1/2</qty>
            <unit>cups</unit></amt>
          <item>Flour seasoned with salt and pepper</item></ing>
        <ing>
          <amt>
            <qty>1/4</qty>
            <unit>cups</unit></amt>
          <item>Bacon fat or lard</item></ing>
        <ing>
          <amt>
            <qty>1/4</qty>
            <unit/></amt>
          <item>Vegetable oil</item></ing>
        <ing>
          <amt>
            <qty>1</qty>
            <unit>cup</unit></amt>
          <item>Thinly sliced onions</item></ing>
        <ing>
          <amt>
            <qty>1/2</qty>
            <unit>cups</unit></amt>
          <item>Finely chopped carrots and celery</item></ing>
        <ing>
          <amt>
            <qty>2</qty>
            <unit>cups</unit></amt>
          <item>Crushed tomatoes</item></ing>
        <ing>
          <amt>
            <qty/>
            <unit/></amt>
          <item>Bouquet garni, tied up in cheesecloth, consisitng of:</item></ing>
        <ing>
          <amt>
            <qty>1</qty>
            <unit>tablespoon</unit></amt>
          <item>Cumin seeds</item></ing>
        <ing>
          <amt>
            <qty>1</qty>
            <unit/></amt>
          <item>Dried hot red chili pepper</item></ing>
        <ing>
          <amt>
            <qty>1</qty>
            <unit>teaspoon</unit></amt>
          <item>Whole allspice</item></ing>
        <ing>
          <amt>
            <qty>2</qty>
            <unit>teaspoons</unit></amt>
          <item>Dried oregano or fresh oregano herbs</item></ing>
        <ing>
          <amt>
            <qty>4</qty>
            <unit/></amt>
          <item>Whole garlic cloves</item></ing></ing-div>
      <ing-div>
        <title>REMA INDER</title>
        <ing>
          <amt>
            <qty>1/2</qty>
            <unit>cups</unit></amt>
          <item>Red wine</item></ing>
        <ing>
          <amt>
            <qty>2</qty>
            <unit>cups</unit></amt>
          <item>Chicken broth</item></ing>
        <ing>
          <amt>
            <qty>1/4</qty>
            <unit>cups</unit></amt>
          <item>Barbecue sauce</item></ing>
        <ing>
          <amt>
            <qty/>
            <unit/></amt>
          <item>Salt and freshly ground black pepper</item></ing></ing-div></ingredients>
    <directions>
      <step>  Garnish: 2 cups each red bell pepper strips and corn kernels simmered in
  stew last 10 minutes of cooking time; separately cooked rice
  
  Cook stews according to technique.
  
  Yield: 8 servings
  Copyright, 1996, TV FOOD NETWORK, G.P., All Rights Reserved
  Recipe By     : COOKING MONDAY TO FRIDAY SHOW #MF6734
  
  Posted to MC-Recipe Digest V1 #289
  
  Date: Sat, 9 Nov 1996 22:48:46 -0500
  
  From: Gail Shermeyer &lt;4paws@netrax.net&gt;
 
</step></directions></recipe></recipeml>
