<?xml version="1.0" encoding="UTF-8"?>

<recipeml version="0.5">
  <recipe>
    <head>
      <title>Amhari - Mesir Wat (Ethiopian Lentil Bowl)</title>
      <categories>
        <cat>African</cat>
        <cat>Vegetables</cat>
        <cat>Ethiopian</cat></categories>
      <yield>8</yield></head>
    <ingredients>
      <ing>
        <amt>
          <qty>1/2</qty>
          <unit/></amt>
        <item>Kilogram red lentils</item></ing>
      <ing>
        <amt>
          <qty>2</qty>
          <unit>large</unit></amt>
        <item>Onions</item></ing>
      <ing>
        <amt>
          <qty>1/2</qty>
          <unit>cups</unit></amt>
        <item>Oil</item></ing>
      <ing>
        <amt>
          <qty>3</qty>
          <unit>tablespoons</unit></amt>
        <item>Tomato paste</item></ing>
      <ing>
        <amt>
          <qty>1/2</qty>
          <unit>teaspoons</unit></amt>
        <item>Paprika; sweet or hot</item></ing>
      <ing>
        <amt>
          <qty>1</qty>
          <unit/></amt>
        <item>Head garlic</item></ing>
      <ing>
        <amt>
          <qty>1/2</qty>
          <unit>teaspoons</unit></amt>
        <item>Ground ginger</item></ing>
      <ing>
        <amt>
          <qty>1/4</qty>
          <unit>teaspoons</unit></amt>
        <item>Black pepper</item></ing>
      <ing>
        <amt>
          <qty>1</qty>
          <unit>teaspoon</unit></amt>
        <item>Salt</item></ing>
      <ing>
        <amt>
          <qty>3</qty>
          <unit>cups</unit></amt>
        <item>Water</item></ing></ingredients>
    <directions>
      <step>  Recipe by: Gad S. Sheaffer (gss@iil.intel.com) This recipe is common to the
  Ethiopian Jews (Phalashi). My understanding is that these are NOT unique to
  them.
  
  Sort the lentils and soak in tap water for 30 minutes. Rinse in running
  water and drain.
  
  Peel and finely chop the onions. peel and mash the garlic.Heat the oil in
  large pan and saute the onion until golden. Add tomato paste and paprika
  and mix. Add half the water and the garlic,ginger pepper and salt. Stir
  well and then add the rest of the water, stir again ,cover and bring to
  boil.
  
  When the water boil, add the lentils ,lower the flame and cook 20-30
  minutes, until the lentils soften. Serve hot.
 
</step></directions></recipe></recipeml>
