<?xml version="1.0" encoding="UTF-8"?>

<recipeml version="0.5">
  <recipe>
    <head>
      <title>Amhari - Atklit, Tigre - Alz'e (Ethiopian Vegetable Bowl)</title>
      <categories>
        <cat>African</cat>
        <cat>Vegetables</cat>
        <cat>Ethiopian</cat></categories>
      <yield>8</yield></head>
    <ingredients>
      <ing>
        <amt>
          <qty>3</qty>
          <unit>large</unit></amt>
        <item>Onions</item></ing>
      <ing>
        <amt>
          <qty>4</qty>
          <unit>large</unit></amt>
        <item>Carrots</item></ing>
      <ing>
        <amt>
          <qty>3</qty>
          <unit/></amt>
        <item>Potatos</item></ing>
      <ing>
        <amt>
          <qty>1/4</qty>
          <unit/></amt>
        <item>White cabbage</item></ing>
      <ing>
        <amt>
          <qty>1/4</qty>
          <unit>cups</unit></amt>
        <item>Oil</item></ing>
      <ing>
        <amt>
          <qty>1</qty>
          <unit/></amt>
        <item>Head garlic</item></ing>
      <ing>
        <amt>
          <qty>1/2</qty>
          <unit>teaspoons</unit></amt>
        <item>Ground ginger</item></ing>
      <ing>
        <amt>
          <qty>1/2</qty>
          <unit>teaspoons</unit></amt>
        <item>Turmeric</item></ing>
      <ing>
        <amt>
          <qty>1/2</qty>
          <unit>teaspoons</unit></amt>
        <item>Black pepper</item></ing>
      <ing>
        <amt>
          <qty>1</qty>
          <unit>teaspoon</unit></amt>
        <item>Salt</item></ing>
      <ing>
        <amt>
          <qty>4</qty>
          <unit>cups</unit></amt>
        <item>Water</item></ing></ingredients>
    <directions>
      <step>  Recipe by: Gad S. Sheaffer (gss@iil.intel.com) This recipe is common to the
  Ethiopian Jews (Phalashi). My understanding is that these are NOT unique to
  them.
  
  Peel all vegetables , cut into small cubes. peel and mash the garlic.
  
  Heat oil in a large pan and add vegetables. cover and saute 2-3 minutes.
  
  Add the ginger, turmeric, pepper and salt and mix well.
  
  Add the water , stir and cook over very low flame for 30-40 minutes.
  
  Serve hot.
 
</step></directions></recipe></recipeml>
