<?xml version="1.0" encoding="UTF-8"?>

<recipeml version="0.5">
  <recipe>
    <head>
      <title>Amigos Chili</title>
      <categories>
        <cat>Tex-mex</cat>
        <cat>Main dish</cat></categories>
      <yield>6</yield></head>
    <ingredients>
      <ing>
        <amt>
          <qty>2</qty>
          <unit>pounds</unit></amt>
        <item>Ground beef</item></ing>
      <ing>
        <amt>
          <qty>1</qty>
          <unit>cup</unit></amt>
        <item>Onion -- chopped</item></ing>
      <ing>
        <amt>
          <qty>1</qty>
          <unit>tablespoon</unit></amt>
        <item>Garlic -- chopped</item></ing>
      <ing>
        <amt>
          <qty>1/4</qty>
          <unit>cups</unit></amt>
        <item>Chili powder</item></ing>
      <ing>
        <amt>
          <qty>1</qty>
          <unit>tablespoon</unit></amt>
        <item>Ground cumin</item></ing>
      <ing>
        <amt>
          <qty>1</qty>
          <unit>can</unit></amt>
        <item>28 oz. crushed tomatoes with</item></ing>
      <ing>
        <amt>
          <qty/>
          <unit/></amt>
        <item>Added puree</item></ing>
      <ing>
        <amt>
          <qty>1 1/2</qty>
          <unit>cups</unit></amt>
        <item>Beef broth</item></ing>
      <ing>
        <amt>
          <qty>2</qty>
          <unit>cups</unit></amt>
        <item>Fresh or frozen corn</item></ing>
      <ing>
        <amt>
          <qty/>
          <unit/></amt>
        <item>Kernels</item></ing>
      <ing>
        <amt>
          <qty>1</qty>
          <unit>can</unit></amt>
        <item>15 1/4 oz. kidney beans --</item></ing>
      <ing>
        <amt>
          <qty/>
          <unit/></amt>
        <item>Drained</item></ing>
      <ing>
        <amt>
          <qty>1/4</qty>
          <unit>cups</unit></amt>
        <item>Fresh cilantro -- chopped</item></ing></ingredients>
    <directions>
      <step>  Cook beef in heavy large pot over med. heat until brown, crumbling with
  fork, about 10 mins.  Add onion, garlic, chili powder, and cumin and cook 5
  mins., stirring frequently. Mix in crushed tomatoes, beef broth, corn, and
  kidney beans and bring to boil. Reduce heat and simmer until thickened,
  about 30 mins. Mix in cilantro.
  
  Recipe By     :
  
  From: Ladies Home Journal- August 1991
  
  File ftp://ftp.idiscover.co.uk/pub/food/mealmaster/recipes/mmdja006.zip
 
</step></directions></recipe></recipeml>
