<?xml version="1.0" encoding="UTF-8"?>

<recipeml version="0.5">
  <recipe>
    <head>
      <title>Amigdalota (Almond Cookies)</title>
      <categories>
        <cat>Cookies</cat>
        <cat>Desserts</cat>
        <cat>Greek</cat></categories>
      <yield>1</yield></head>
    <ingredients>
      <ing>
        <amt>
          <qty>1 1/2</qty>
          <unit>pounds</unit></amt>
        <item>Almonds, chopped</item></ing>
      <ing>
        <amt>
          <qty>1 3/4</qty>
          <unit>cups</unit></amt>
        <item>Sugar</item></ing>
      <ing>
        <amt>
          <qty>3</qty>
          <unit/></amt>
        <item>Egg whites</item></ing>
      <ing>
        <amt>
          <qty>3</qty>
          <unit>tablespoons</unit></amt>
        <item>Farina or toasted bread &gt;&gt;&gt;</item></ing>
      <ing>
        <amt>
          <qty/>
          <unit/></amt>
        <item>Crumbs (or Cream of Wheat)</item></ing>
      <ing>
        <amt>
          <qty>2</qty>
          <unit>teaspoons</unit></amt>
        <item>Vanilla</item></ing>
      <ing>
        <amt>
          <qty>3/4</qty>
          <unit>pounds</unit></amt>
        <item>10x sugar</item></ing>
      <ing>
        <amt>
          <qty/>
          <unit/></amt>
        <item>Candied cherries</item></ing>
      <ing>
        <amt>
          <qty/>
          <unit/></amt>
        <item>Rosewater (opt.) OR</item></ing>
      <ing>
        <amt>
          <qty/>
          <unit/></amt>
        <item>Flowerwater (opt.)</item></ing></ingredients>
    <directions>
      <step>     If you blanch your own almonds, place in oven for a few minutes to dry,
  then chop them finely.  Place in deep bowl. Add sugar. Beat egg whites
  lightly in another bowl, and add to the almonds. Add farina or bread crumbs
  and the vanilla, and knead well.  Pinch off small pcs. and roll each into a
  ball.  Press half a cherry on top of eac. Place on well-buttered baking
  sheet and bake in preheated 250 F. oven for abt. 20 min. Place cookies on a
  plate, sift confectioner's sugar on, and transfer to platter to serve.
  
     NOTE:  If you have access to rose- or flower water, sprinkle some on the
  cookies as soon as they come out of the oven.
  
  From Gemini's MASSIVE MealMaster collection at www.synapse.com/~gemini
 
</step></directions></recipe></recipeml>
