<?xml version="1.0" encoding="UTF-8"?>

<recipeml version="0.5">
  <recipe>
    <head>
      <title>Amish Oatmeal Cake</title>
      <categories>
        <cat>Brunch</cat>
        <cat>Amish</cat>
        <cat>Cakes</cat></categories>
      <yield>12</yield></head>
    <ingredients>
      <ing>
        <amt>
          <qty>1</qty>
          <unit>cup</unit></amt>
        <item>Uncooked 1 min quick oatmeal</item></ing>
      <ing>
        <amt>
          <qty>1 1/2</qty>
          <unit>cups</unit></amt>
        <item>Boiling water</item></ing>
      <ing>
        <amt>
          <qty>1 1/2</qty>
          <unit>cups</unit></amt>
        <item>Flour</item></ing>
      <ing>
        <amt>
          <qty>1/2</qty>
          <unit>teaspoons</unit></amt>
        <item>Baking soda</item></ing>
      <ing>
        <amt>
          <qty>1/2</qty>
          <unit>teaspoons</unit></amt>
        <item>Cinnamon</item></ing>
      <ing>
        <amt>
          <qty>1/2</qty>
          <unit>teaspoons</unit></amt>
        <item>Nutmeg</item></ing>
      <ing>
        <amt>
          <qty>1/2</qty>
          <unit>teaspoons</unit></amt>
        <item>Salt</item></ing>
      <ing>
        <amt>
          <qty>1/2</qty>
          <unit>cups</unit></amt>
        <item>Butter; softened</item></ing>
      <ing>
        <amt>
          <qty>1</qty>
          <unit>teaspoon</unit></amt>
        <item>Vanilla extract</item></ing>
      <ing>
        <amt>
          <qty>1</qty>
          <unit>cup</unit></amt>
        <item>Brown sugar</item></ing>
      <ing>
        <amt>
          <qty>1</qty>
          <unit>cup</unit></amt>
        <item>Granulated sugar</item></ing>
      <ing>
        <amt>
          <qty>2</qty>
          <unit/></amt>
        <item>Eggs</item></ing></ingredients>
    <directions>
      <step>  Place the oats in a small bowl and pour the boiling water over them. Let
  stand for 20 minutes. Preheat the oven to 350 F. Sift together the flour,
  baking soda, cinnamon, nutmeg, and salt on wax paper. Set aside. In a large
  mixing bowl, beat the butter until creamy. Add the vanilla and gradually
  add the sugars, beating until fluffy. Beat the eggs into the mixture one at
  a time. Add the oatmeal mixture and blend. Add the flour mixture and blend
  again. Pour the batter into an oiled 13 x 8-inch pan. Bake for 35 minutes,
  or until the top of the cake springs back when touched with fingertip.
  Often frosted with Broiled Frosting.
  
  &gt;From Cooking from Quilt country by Marcia Adams.
  Posted to recipelu-digest Volume 01 Number 666 by RecipeLu
  &lt;recipelu@geocities.com&gt; on Feb 01, 1998
 
</step></directions></recipe></recipeml>
