<?xml version="1.0" encoding="UTF-8"?>

<recipeml version="0.5">
  <recipe>
    <head>
      <title>Amish Acres Bean Soup</title>
      <categories>
        <cat>Soup</cat></categories>
      <yield>8</yield></head>
    <ingredients>
      <ing>
        <amt>
          <qty>1</qty>
          <unit>pound</unit></amt>
        <item>Dried Great Northern beans</item></ing>
      <ing>
        <amt>
          <qty>1</qty>
          <unit/></amt>
        <item>Ham bone</item></ing>
      <ing>
        <amt>
          <qty>1/2</qty>
          <unit>cups</unit></amt>
        <item>Chopped onion</item></ing>
      <ing>
        <amt>
          <qty>1/2</qty>
          <unit>teaspoons</unit></amt>
        <item>Seasoned salt</item></ing>
      <ing>
        <amt>
          <qty>1/2</qty>
          <unit>teaspoons</unit></amt>
        <item>Celery salt</item></ing>
      <ing>
        <amt>
          <qty>1</qty>
          <unit>dash</unit></amt>
        <item>Garlic salt</item></ing>
      <ing>
        <amt>
          <qty/>
          <unit/></amt>
        <item>Salt and pepper to taste</item></ing></ingredients>
    <directions>
      <step>  Soak beans in cold water overnight. Drain. Put in soup kettle and add cold
  water to cover, about 10-12 cups. Add ham bone and cook slowly for 2 hours.
  Remove ham bone and trim meat from bone. Add onion, seasoned salt, celery
  salt and garlic salt to kettle. Return bone and ham bits to soup kettle.
  Simmer for 1 hour. Season with salt and pepper to taste. Makes 3 quarts,
  serves 8-10.
  
  FORD TIMES, AUG 1989
  
  TIME INCLUDES SOAKING BEANS
  
  From a collection of my mother's (Judy Hosey) recipe box which contained
  lots of her favorite recipes, clippings, etc.  Downloaded from Glen's MM
  Recipe Archive, http://www.erols.com/hosey.
 
</step></directions></recipe></recipeml>
