<?xml version="1.0" encoding="UTF-8"?>

<recipeml version="0.5">
  <recipe>
    <head>
      <title>Amish Friendship Bread-Lisa</title>
      <categories>
        <cat>Amish</cat>
        <cat>Recipes</cat></categories>
      <yield>1</yield></head>
    <ingredients>
      <ing>
        <amt>
          <qty>1</qty>
          <unit>cup</unit></amt>
        <item>Oil</item></ing>
      <ing>
        <amt>
          <qty>1</qty>
          <unit>cup</unit></amt>
        <item>Sugar</item></ing>
      <ing>
        <amt>
          <qty>1</qty>
          <unit>teaspoon</unit></amt>
        <item>Vanilla</item></ing>
      <ing>
        <amt>
          <qty>3</qty>
          <unit/></amt>
        <item>Eggs</item></ing>
      <ing>
        <amt>
          <qty>1</qty>
          <unit/></amt>
        <item>Box vanilla instant pudding; large size</item></ing>
      <ing>
        <amt>
          <qty>1 1/2</qty>
          <unit>teaspoons</unit></amt>
        <item>Baking powder</item></ing>
      <ing>
        <amt>
          <qty>1/2</qty>
          <unit>teaspoons</unit></amt>
        <item>Salt</item></ing>
      <ing>
        <amt>
          <qty>2</qty>
          <unit>cups</unit></amt>
        <item>All-purpose flour</item></ing>
      <ing>
        <amt>
          <qty>1/2</qty>
          <unit>cups</unit></amt>
        <item>Milk</item></ing>
      <ing>
        <amt>
          <qty>1/2</qty>
          <unit>teaspoons</unit></amt>
        <item>Baking soda</item></ing>
      <ing>
        <amt>
          <qty>3</qty>
          <unit>tablespoons</unit></amt>
        <item>Sugar</item></ing>
      <ing>
        <amt>
          <qty>3</qty>
          <unit>teaspoons</unit></amt>
        <item>Cinnamon</item></ing></ingredients>
    <directions>
      <step>  From: MeLizaJane &lt;MeLizaJane@aol.com&gt;
  
  To the remaining batter in your bowl, after dividing on day 10, add all of
  above except 3T sugar and 3t cinnamon. Blend well. Mix sugar and cinnamon
  and dust 2 greased loaf pans. Pour in batter and sprinkle tops with any
  remaining cinnamon sugar. Bake at 325 for 1 hr. and 15 minutes or till
  done.
  
  If you wish to make this bread but do not have the starter you may use any
  sweetened sourdough starter If you would like authentic sourdough and
  recipes including sweetened starter just let me know.
  
  Recipe by: Lisa
  
  Posted to recipelu-digest by jeryder@juno.com on Mar 20, 1998
 
</step></directions></recipe></recipeml>
