<?xml version="1.0" encoding="UTF-8"?>

<recipeml version="0.5">
  <recipe>
    <head>
      <title>Amish Friendship Bread</title>
      <categories>
        <cat>Breads</cat></categories>
      <yield>2</yield></head>
    <ingredients>
      <ing>
        <amt>
          <qty>1</qty>
          <unit>cup</unit></amt>
        <item>Starter</item></ing>
      <ing>
        <amt>
          <qty>4</qty>
          <unit>cups</unit></amt>
        <item>All-purpose flour, divided</item></ing>
      <ing>
        <amt>
          <qty>3</qty>
          <unit>cups</unit></amt>
        <item>Sugar, divided</item></ing>
      <ing>
        <amt>
          <qty>2 1/2</qty>
          <unit>cups</unit></amt>
        <item>Milk, divided</item></ing>
      <ing>
        <amt>
          <qty>1</qty>
          <unit>cup</unit></amt>
        <item>Vegetable oil</item></ing>
      <ing>
        <amt>
          <qty>3</qty>
          <unit/></amt>
        <item>Eggs</item></ing>
      <ing>
        <amt>
          <qty>1</qty>
          <unit>teaspoon</unit></amt>
        <item>Vanilla extract</item></ing>
      <ing>
        <amt>
          <qty>1</qty>
          <unit>cup</unit></amt>
        <item>Chopped nuts</item></ing>
      <ing>
        <amt>
          <qty>2</qty>
          <unit>teaspoons</unit></amt>
        <item>Sinnamon</item></ing>
      <ing>
        <amt>
          <qty>1 1/2</qty>
          <unit>teaspoons</unit></amt>
        <item>Baking powder</item></ing>
      <ing>
        <amt>
          <qty>1/2</qty>
          <unit>teaspoons</unit></amt>
        <item>Salt</item></ing>
      <ing>
        <amt>
          <qty>1/2</qty>
          <unit>teaspoons</unit></amt>
        <item>Baking soda</item></ing>
      <ing>
        <amt>
          <qty>1</qty>
          <unit>package</unit></amt>
        <item>Lg. instant vanilla pudding</item></ing>
      <ing>
        <amt>
          <qty/>
          <unit/></amt>
        <item>Solid shortening</item></ing>
      <ing>
        <amt>
          <qty/>
          <unit/></amt>
        <item>Cinnamon sugar</item></ing></ingredients>
    <directions>
      <step>  DO NOT USE A METAL SPOON, METAL BOWL OR METAL PAN!  DO NOT REFRIGERATE!
  
  Day 1 - Do nothing Day 2 - Stir starter with wooden spoon Day 3 - Stir
  starter with wooden spoon Day 4 - Stir starter with wooden spoon Day 5 -
  Stir starter with wooden spoon Day 6 - Add 1 cup plain flour, 1 cup sugar
  and 1 cup milk; stir with
  :        wooden spoon Day 7 - Stir starter with wooden spoon Day 8 - Stir
  starter with wooden spoon Day 9 - Stir starter with wooden spoon Day 10 -
  Add 1 cup plain flour, 1 cup sugar and 1 cup milk; stir with
  :        wooden spoon
  
  Pour into three 1-cup containers.  Keep one for yourself and give the other
  two to friends with a copy of this recipe.
  
  TO BAKE BREAD:
  
  Pour the remainder of the starter into a large glass or plastic bowl. Add 1
  cup oil, 1/2 cup milk, 3 eggs and  1 teaspoon vanilla.  Mix thoroughly with
  wooden spoon.
  
  In a separate glass or plastic bowl, mix together 2 cups plain flour, 1 cup
  sugar, 1 cup chopped nuts, 2 teaspoons cinnamon, 1 1/2 teaspoons baking
  powder, 1/2 teaspoon salt, 1/2 teaspoon baking soda and 1 large box instant
  vanilla pudding.
  
  Add dry ingredients to wet ingredients and mix thoroughly by hand. Do not
  use electric mixer.
  
  Pour into 2 large or 4 small loaf pans, which have been well greased (with
  solid shortening) and generously sprinkled with cinnamon sugar. Sprinkle
  extra cinnamon sugar on top.  Bake at 325=F8 for about 1 hour for large
  pans or about 40 minutes for small pans.
    Posted to MM-Recipes Digest V3 #264
  
    Date: Fri, 27 Sep 1996 07:36:49 -0500
  
    From: netdir@cyberspc.mb.ca (S.Pickell)
 
</step></directions></recipe></recipeml>
