<?xml version="1.0" encoding="UTF-8"?>

<recipeml version="0.5">
  <recipe>
    <head>
      <title>Amish Dressing</title>
      <categories>
        <cat>Poultry</cat></categories>
      <yield>20</yield></head>
    <ingredients>
      <ing>
        <amt>
          <qty>2</qty>
          <unit>pounds</unit></amt>
        <item>Good quality bread cut in 1/2 inch cubes</item></ing>
      <ing>
        <amt>
          <qty>2</qty>
          <unit>pounds</unit></amt>
        <item>Poached chicken thighs</item></ing>
      <ing>
        <amt>
          <qty>1/2</qty>
          <unit>cups</unit></amt>
        <item>Minced fresh parsley</item></ing>
      <ing>
        <amt>
          <qty>3/4</qty>
          <unit>cups</unit></amt>
        <item>Chopped onions</item></ing>
      <ing>
        <amt>
          <qty>1</qty>
          <unit>cup</unit></amt>
        <item>Chopped celery</item></ing>
      <ing>
        <amt>
          <qty>1</qty>
          <unit>cup</unit></amt>
        <item>Shredded carrot</item></ing>
      <ing>
        <amt>
          <qty>1 1/4</qty>
          <unit>cups</unit></amt>
        <item>Fine.chopped boiled potatoes</item></ing>
      <ing>
        <amt>
          <qty>1</qty>
          <unit>tablespoon</unit></amt>
        <item>Rubbed sage</item></ing>
      <ing>
        <amt>
          <qty>1</qty>
          <unit>tablespoon</unit></amt>
        <item>Celery seed</item></ing>
      <ing>
        <amt>
          <qty>1</qty>
          <unit>teaspoon</unit></amt>
        <item>Dried thyme</item></ing>
      <ing>
        <amt>
          <qty>1/2</qty>
          <unit>teaspoons</unit></amt>
        <item>Black pepper</item></ing>
      <ing>
        <amt>
          <qty>1/2</qty>
          <unit>tablespoons</unit></amt>
        <item>Turmeric</item></ing>
      <ing>
        <amt>
          <qty>5</qty>
          <unit/></amt>
        <item>Eggs</item></ing>
      <ing>
        <amt>
          <qty>12</qty>
          <unit>ounces</unit></amt>
        <item>Evaporated milk</item></ing>
      <ing>
        <amt>
          <qty>2 1/2</qty>
          <unit>cups</unit></amt>
        <item>Homemade Chicken Broth =OR=- canned broth</item></ing></ingredients>
    <directions>
      <step>     Preheat oven to 350 F.  On 2 cookie sheets, toast the bread cubes for 15
  minutes, or until the bread is golden brown. Transfer to a very large mixer
  bowl. Bone the chicken and very finely chop the meat, discarding the skin.
  (I do this in the food processor while chicken is still warm.) Add the
  chopped vegetables and chicken meat to the bread, along with the
  seasonings.  Toss. In a medium bowl, beat the eggs; add the evaporated milk
  and broth.  Pour over the bread mixture and blend. The mixture will be
  quite moist. Allow to stand 1 hour. Preheat oven to 350 F. Transfer the
  dressing to an oiled 3 quart glass casserole that is 10 inches in diameter
  and 3 inches deep (at this point, dressing can be frozen for future use;
  thaw before baking.) Bake dressing for 2 hours, or until the center of the
  dressing puffs up and is golden brown on top.
  
  From Gemini's MASSIVE MealMaster collection at www.synapse.com/~gemini
 
</step></directions></recipe></recipeml>
