<?xml version="1.0" encoding="UTF-8"?>

<recipeml version="0.5">
  <recipe>
    <head>
      <title>Amish Frienship Bread Starter</title>
      <categories>
        <cat>Breads</cat></categories>
      <yield>1</yield></head>
    <ingredients>
      <ing>
        <amt>
          <qty>2</qty>
          <unit/></amt>
        <item>Envelopes</item></ing>
      <ing>
        <amt>
          <qty>1/4</qty>
          <unit>cups</unit></amt>
        <item>Warm water</item></ing>
      <ing>
        <amt>
          <qty>1</qty>
          <unit>cup</unit></amt>
        <item>Sugar</item></ing>
      <ing>
        <amt>
          <qty>2</qty>
          <unit>cups</unit></amt>
        <item>All purpose white flour</item></ing>
      <ing>
        <amt>
          <qty>2</qty>
          <unit>cups</unit></amt>
        <item>Milk</item></ing>
      <ing>
        <amt>
          <qty/>
          <unit/></amt>
        <item>Active dry yeast</item></ing></ingredients>
    <directions>
      <step>  Day 1:  Sprinkle yeast over warm water.  Add one tablespoon of the sugar
  and let stand a few minutes until yeast is active and swelling. Commbine
  remaining sugar, flour and milk in a 4 to 6 quart glass, plastic or pottery
  bowl or container.  Do not use metal bowls or utensils as these my retard
  starter growth.  With a wooden spoon, stir in active yeast mixture.  Cover
  loosely with a towel so it can breathe.  Then start with day 2 (you know
  the rest).
  
  Recipe By     : Guccie
  
  From: Ladies Home Journal- August 1991
  
  File ftp://ftp.idiscover.co.uk/pub/food/mealmaster/recipes/mmdja006.zip
 
</step></directions></recipe></recipeml>
