<?xml version="1.0" encoding="UTF-8"?>

<recipeml version="0.5">
  <recipe>
    <head>
      <title>Amish Friendship Bread (Original Starter Recipe)</title>
      <categories>
        <cat>Penn dutch</cat>
        <cat>Bread</cat></categories>
      <yield>1</yield></head>
    <ingredients>
      <ing>
        <amt>
          <qty>1</qty>
          <unit>package</unit></amt>
        <item>Active dry yeast</item></ing>
      <ing>
        <amt>
          <qty>2 1/2</qty>
          <unit>cups</unit></amt>
        <item>Warm water</item></ing>
      <ing>
        <amt>
          <qty>2</qty>
          <unit>cups</unit></amt>
        <item>Sifted flour</item></ing>
      <ing>
        <amt>
          <qty>1</qty>
          <unit>tablespoon</unit></amt>
        <item>Sugar</item></ing></ingredients>
    <directions>
      <step>  Dissolve yeast in 1/2 cup of the warm water in a deep glass or plastic
  container.  Stir in remaining warm water, flour and sugar. Beat until
  smooth.  Cover with loose fitting cover. DO NOT REFRIGERATE! The starter
  requires 10 days for fermentation as follows:
  
  DAYS 1, 2, 3 and 4:... Stir batter DAY 5:................ Add 1 cup each
  milk, flour, sugar and stir DAYS 6, 7, and 8:..... Stir batter each day DAY
  10: ............. Add 1 cup each flour, sugar, milk; stir.
  
  The batter is ready to use.
  
  This makes 3 cups batter to use in the recipes. If you want to you may pour
  1 cup batter each into 3 containers and give 1 or 2 away.
  
  Save 1 cup to begin process all over again OR you can use all 3 cups batter
  for the recipes at 1 time and when you want to bake these again just start
  the starter again. From: Pmbst8+@pitt.Edu Date: 03-08-94
  
  File ftp://ftp.idiscover.co.uk/pub/food/mealmaster/recipes/mmdjaxxx.zip
 
</step></directions></recipe></recipeml>
