<?xml version="1.0" encoding="UTF-8"?>

<recipeml version="0.5">
  <recipe>
    <head>
      <title>Amish Sugar Cookies</title>
      <categories>
        <cat>Diabetic</cat>
        <cat>Desserts</cat>
        <cat>Cooky/bars</cat></categories>
      <yield>24</yield></head>
    <ingredients>
      <ing>
        <amt>
          <qty>1/2</qty>
          <unit>cups</unit></amt>
        <item>Sugar;</item></ing>
      <ing>
        <amt>
          <qty>1/3</qty>
          <unit>cups</unit></amt>
        <item>Powdered Sugar;</item></ing>
      <ing>
        <amt>
          <qty>1/4</qty>
          <unit>cups</unit></amt>
        <item>Margerine; (1/2 stick)</item></ing>
      <ing>
        <amt>
          <qty>1/3</qty>
          <unit>cups</unit></amt>
        <item>Vegetable oil</item></ing>
      <ing>
        <amt>
          <qty>1</qty>
          <unit/></amt>
        <item>Egg; (large)</item></ing>
      <ing>
        <amt>
          <qty>1</qty>
          <unit>teaspoon</unit></amt>
        <item>Vanilla</item></ing>
      <ing>
        <amt>
          <qty>1</qty>
          <unit>teaspoon</unit></amt>
        <item>Lemon or alomond flavoring</item></ing>
      <ing>
        <amt>
          <qty>2</qty>
          <unit>tablespoons</unit></amt>
        <item>Water</item></ing>
      <ing>
        <amt>
          <qty>2 1/4</qty>
          <unit>cups</unit></amt>
        <item>All-purpose flour</item></ing>
      <ing>
        <amt>
          <qty>1/2</qty>
          <unit>teaspoons</unit></amt>
        <item>Baking soda</item></ing>
      <ing>
        <amt>
          <qty>1/2</qty>
          <unit>teaspoons</unit></amt>
        <item>Cream of tartar;</item></ing>
      <ing>
        <amt>
          <qty>1/2</qty>
          <unit>teaspoons</unit></amt>
        <item>Salt</item></ing></ingredients>
    <directions>
      <step>  Place sugars, margarine and oil in a mixer bowl and mix at medium
  speed until creamy.  Add egg, banilla, flavoring and water, and mix
  at medium speed for 30 seconds, scraping down the bowl before and
  after adding these ingredients. Stir remaining ingredients together
  to blend well; add to creamy mixture and mix at medium speed to
  blend. Form dough into 24 balls using 1 tablespoon dough per ball.
  Place balls on cookie sheets that have been sprayed with pan spray or
  lined with aluminum foil. Press balls down evenly to 1/2' with the
  back of a tablespoon dipped in water. Bake at 375 for 12 to 14
  minutes, or until cookies are browned on the bottom and lightly
  browned around the edges. Remove cookies to a wire rack and cool to
  room temperature.
  
  Food exchanges: 1 STARCH/BREAD EXCHANGE + 1 FAT EXCHANGE
  
  Caloiries: 107, FAT: 5g, CHO: 15g, Na: 50mg, PRO: 2g, Cholesterol:
  llmg. Source: Desserts for Diabetics by Cavaiani, R. D.
  
  Brought to you and yours via Nancy O'Brion and her Meal-Master
  
  File ftp://ftp.idiscover.co.uk/pub/food/mealmaster/recipes/diabetic.zip
 
</step></directions></recipe></recipeml>
