<?xml version="1.0" encoding="UTF-8"?>

<recipeml version="0.5">
  <recipe>
    <head>
      <title>Amish Friendship Bread 2</title>
      <categories>
        <cat>Breads</cat></categories>
      <yield>1</yield></head>
    <ingredients>
      <ing>
        <amt>
          <qty/>
          <unit/></amt>
        <item>Starter for amish friendship</item></ing>
      <ing>
        <amt>
          <qty>1</qty>
          <unit>cup</unit></amt>
        <item>Oil</item></ing>
      <ing>
        <amt>
          <qty>1</qty>
          <unit>cup</unit></amt>
        <item>Sugar</item></ing>
      <ing>
        <amt>
          <qty>1</qty>
          <unit>teaspoon</unit></amt>
        <item>Vanilla</item></ing>
      <ing>
        <amt>
          <qty>3</qty>
          <unit/></amt>
        <item>Eggs</item></ing>
      <ing>
        <amt>
          <qty>1/2</qty>
          <unit>teaspoons</unit></amt>
        <item>Salt</item></ing>
      <ing>
        <amt>
          <qty>2</qty>
          <unit>teaspoons</unit></amt>
        <item>Cinnamon</item></ing>
      <ing>
        <amt>
          <qty>2</qty>
          <unit>cups</unit></amt>
        <item>Flour</item></ing>
      <ing>
        <amt>
          <qty>1/2</qty>
          <unit>cups</unit></amt>
        <item>Milk</item></ing>
      <ing>
        <amt>
          <qty>1/2</qty>
          <unit>teaspoons</unit></amt>
        <item>Baking soda</item></ing>
      <ing>
        <amt>
          <qty>1</qty>
          <unit/></amt>
        <item>Large box vanilla instant</item></ing>
      <ing>
        <amt>
          <qty/>
          <unit/></amt>
        <item>Pudding</item></ing>
      <ing>
        <amt>
          <qty>1 1/2</qty>
          <unit>teaspoons</unit></amt>
        <item>Baking powder</item></ing>
      <ing>
        <amt>
          <qty/>
          <unit/></amt>
        <item>Cinnamon sugar</item></ing></ingredients>
    <directions>
      <step>  Add ingredients to starter except cinnamon sugar. Grease 2 loaf pans and
  coat with cinnamon sugar. Pour batter into pans and sprinkle with cinnamon
  sugar.
   Bake at 325 for 1 hour.
  
  Starter info: Starter in large zip lock bag: One cup of starter. Day 2
  through 5 squeeze bag 2-3 times per day (gently knead). Day 6 add 1 cup
  each milk, flour and sugar. Day 7,8,9 squeeze bag 2-3 times per day. Day 10
  combine in large bowl: the batter, 1 cup each flour, sugar and milk. Mix
  with wooden spoon. Makes 3 1-cup starters plus 2 loaves of bread. Put each
  starter in large zip lock bag.
  
  If you don't want any starter bags for future use or to give away, omit
  adding ingredients on day 10 and just add ingredients for bread.
  
  Posted to MM-Recipes Digest V4 #192 by Jack Elvis &lt;jackelvis@moonlink.net&gt;
  on Jul 24, 1997
 
</step></directions></recipe></recipeml>
