<?xml version="1.0" encoding="UTF-8"?>

<recipeml version="0.5">
  <recipe>
    <head>
      <title>Amish Sugar Pie</title>
      <categories>
        <cat>Pies</cat>
        <cat>Amish</cat></categories>
      <yield>1</yield></head>
    <ingredients>
      <ing>
        <amt>
          <qty>1</qty>
          <unit/></amt>
        <item>Unbaked 8" pie shell</item></ing>
      <ing>
        <amt>
          <qty>1</qty>
          <unit>cup</unit></amt>
        <item>Brown sugar</item></ing>
      <ing>
        <amt>
          <qty>3</qty>
          <unit>tablespoons</unit></amt>
        <item>Flour</item></ing>
      <ing>
        <amt>
          <qty>1/4</qty>
          <unit>teaspoons</unit></amt>
        <item>Salt</item></ing>
      <ing>
        <amt>
          <qty>1 1/2</qty>
          <unit>cups</unit></amt>
        <item>Evaporated milk</item></ing>
      <ing>
        <amt>
          <qty>3</qty>
          <unit>tablespoons</unit></amt>
        <item>Butter</item></ing>
      <ing>
        <amt>
          <qty/>
          <unit/></amt>
        <item>Cinnamon to taste</item></ing></ingredients>
    <directions>
      <step>  The following is a Sugar Pie recipe that came from Northern Indiana and is
  an old Amish recipe. It is very, very good - and different.
  
  Preheat oven to 350F. In a small bowl blend together the sugar, flour and
  salt. Spread in bottom of pie shell. Pour the milk over the sugar mixture,
  but do not stir. Dot with the butter and sprinkle cinnamon over all. Bake
  for 50-60 minutes, or until filling bubbles in center. This will not be a
  firm custard, so don't despair if it doesn't look like the custard pies you
  are accustomed to! Pie is best served at room temperature.JM. From Peggy
  Makolondra &lt;pmakolon@mail.wiscnet.net&gt;
  Posted to recipelu-digest Volume 01 Number 653 by RecipeLu
  &lt;recipelu@geocities.com&gt; on Jan 31, 1998
 
</step></directions></recipe></recipeml>
