<?xml version="1.0" encoding="UTF-8"?>

<recipeml version="0.5">
  <recipe>
    <head>
      <title>Amish Onion Cake</title>
      <categories>
        <cat>Bread</cat></categories>
      <yield>12</yield></head>
    <ingredients>
      <ing-div>
        <title>SEASONING MIX</title>
        <ing>
          <amt>
            <qty>1</qty>
            <unit>tablespoon</unit></amt>
          <item>Poppy seeds</item></ing>
        <ing>
          <amt>
            <qty>1 1/2</qty>
            <unit>teaspoons</unit></amt>
          <item>Paprika</item></ing>
        <ing>
          <amt>
            <qty>1 1/4</qty>
            <unit>teaspoons</unit></amt>
          <item>Salt</item></ing>
        <ing>
          <amt>
            <qty>1</qty>
            <unit>teaspoon</unit></amt>
          <item>Onion powder</item></ing>
        <ing>
          <amt>
            <qty>3/4</qty>
            <unit>teaspoons</unit></amt>
          <item>Marjoram</item></ing>
        <ing>
          <amt>
            <qty>3/4</qty>
            <unit>teaspoons</unit></amt>
          <item>Freshly ground pepper</item></ing>
        <ing>
          <amt>
            <qty>1/2</qty>
            <unit>teaspoons</unit></amt>
          <item>White pepper</item></ing>
        <ing>
          <amt>
            <qty>1/2</qty>
            <unit>teaspoons</unit></amt>
          <item>Dillweed</item></ing></ing-div>
      <ing-div>
        <title>CAKE</title>
        <ing>
          <amt>
            <qty>4</qty>
            <unit>tablespoons</unit></amt>
          <item>Butter</item></ing>
        <ing>
          <amt>
            <qty>3 1/2</qty>
            <unit>cups</unit></amt>
          <item>Onion; chopped</item></ing>
        <ing>
          <amt>
            <qty>2</qty>
            <unit>large</unit></amt>
          <item>Eggs</item></ing>
        <ing>
          <amt>
            <qty>1</qty>
            <unit>cup</unit></amt>
          <item>Sour cream</item></ing>
        <ing>
          <amt>
            <qty>2</qty>
            <unit>tablespoons</unit></amt>
          <item>Butter; melted</item></ing>
        <ing>
          <amt>
            <qty>1</qty>
            <unit>tablespoon</unit></amt>
          <item>Dark brown sugar</item></ing>
        <ing>
          <amt>
            <qty>2</qty>
            <unit>cups</unit></amt>
          <item>All-purpose flour</item></ing>
        <ing>
          <amt>
            <qty>1/4</qty>
            <unit>cups</unit></amt>
          <item>Cornstarch</item></ing>
        <ing>
          <amt>
            <qty>2</qty>
            <unit>tablespoons</unit></amt>
          <item>Sugar</item></ing>
        <ing>
          <amt>
            <qty>4</qty>
            <unit>teaspoons</unit></amt>
          <item>Baking powder</item></ing>
        <ing>
          <amt>
            <qty>1/2</qty>
            <unit>cups</unit></amt>
          <item>Butter (cold); cut up</item></ing>
        <ing>
          <amt>
            <qty>3</qty>
            <unit>large</unit></amt>
          <item>Eggs</item></ing>
        <ing>
          <amt>
            <qty>1/2</qty>
            <unit>cups</unit></amt>
          <item>Milk</item></ing></ing-div></ingredients>
    <directions>
      <step>  Preheat oven to 425. Grease 10-inch springform pan. Seasoning Mix: In small
  bowl combine poppy seeds, paprika, salt, onion powder, marjoram, peppers
  and dillweed. Set aside. Melt 4 tablespoons butter in large skillet over
  medium high heat. Add chopped onions and cook until golden (10-15 minutes).
  Add 4 teaspoons of the Seasoning Mix and cook until fragrant, 30 seconds.
  Remove from heat and set aside. In medium bowl whisk eggs, sour cream, 2
  tablespoons melted butter and dark brown sugar. Set aside. Combine flour,
  cornstarch, sugar, baking powder and remaining Seasoning Mix in food
  processor. With machine on add 1/2 cup cold butter, cut up; process until
  mixture resembles fine crumbs. In large bowl, whisk 3 large eggs and 1/2
  cup milk. Stir in flour mixture just until moistened. Spread batter evenly
  into prepared pan. Spread onion mixture evenly over batter. Top with a
  layer of sour-cream mixture. Bake 25 to 30 minutes until top is golden and
  bubbly. Cool 10 minutes, then remove sides of pan. Cut cake into wedges and
  serve warm or at room temperature.
  
  Recipe by: Seasoned America, Paul Prudhomme
  
  Posted to MC-Recipe Digest V1 #949 by MAMacR &lt;MAMacR@aol.com&gt; on Dec 7,
  1997
 
</step></directions></recipe></recipeml>
