<?xml version="1.0" encoding="UTF-8"?>

<recipeml version="0.5">
  <recipe>
    <head>
      <title>Amish Friendship Bread</title>
      <categories>
        <cat>Cake</cat></categories>
      <yield>24</yield></head>
    <ingredients>
      <ing-div>
        <title>FRIENDSHIP BREAD STARTER</title>
        <ing>
          <amt>
            <qty>1</qty>
            <unit>cup</unit></amt>
          <item>Flour</item></ing>
        <ing>
          <amt>
            <qty>1</qty>
            <unit>cup</unit></amt>
          <item>Milk</item></ing>
        <ing>
          <amt>
            <qty>1/4</qty>
            <unit>teaspoons</unit></amt>
          <item>Salt</item></ing>
        <ing>
          <amt>
            <qty>1</qty>
            <unit/></amt>
          <item>Friend with starter</item></ing></ing-div>
      <ing-div>
        <title>DAY 5</title>
        <ing>
          <amt>
            <qty>1</qty>
            <unit>cup</unit></amt>
          <item>Flour</item></ing>
        <ing>
          <amt>
            <qty>1</qty>
            <unit>cup</unit></amt>
          <item>Sugar</item></ing>
        <ing>
          <amt>
            <qty>1</qty>
            <unit>cup</unit></amt>
          <item>Milk</item></ing></ing-div>
      <ing-div>
        <title>DAY 10</title>
        <ing>
          <amt>
            <qty>1</qty>
            <unit>cup</unit></amt>
          <item>Flour</item></ing>
        <ing>
          <amt>
            <qty>1</qty>
            <unit>cup</unit></amt>
          <item>Sugar</item></ing>
        <ing>
          <amt>
            <qty>1</qty>
            <unit>cup</unit></amt>
          <item>Milk</item></ing></ing-div>
      <ing-div>
        <title>BREAD</title>
        <ing>
          <amt>
            <qty>2/3</qty>
            <unit>cups</unit></amt>
          <item>Oil</item></ing>
        <ing>
          <amt>
            <qty>3</qty>
            <unit/></amt>
          <item>Eggs</item></ing>
        <ing>
          <amt>
            <qty>1</qty>
            <unit>teaspoon</unit></amt>
          <item>Vanilla</item></ing>
        <ing>
          <amt>
            <qty>2</qty>
            <unit>cups</unit></amt>
          <item>Flour</item></ing>
        <ing>
          <amt>
            <qty>1</qty>
            <unit>cup</unit></amt>
          <item>Sugar</item></ing>
        <ing>
          <amt>
            <qty>1</qty>
            <unit>teaspoon</unit></amt>
          <item>Cinnamon</item></ing>
        <ing>
          <amt>
            <qty>1 1/4</qty>
            <unit>teaspoons</unit></amt>
          <item>Baking powder</item></ing>
        <ing>
          <amt>
            <qty>1/2</qty>
            <unit>teaspoons</unit></amt>
          <item>Baking soda</item></ing>
        <ing>
          <amt>
            <qty>1/2</qty>
            <unit>teaspoons</unit></amt>
          <item>Salt</item></ing></ing-div>
      <ing-div>
        <title>TOPPING</title>
        <ing>
          <amt>
            <qty/>
            <unit/></amt>
          <item>Sliced apples; dried or candied fruit; nuts, coconut; etc.</item></ing></ing-div></ingredients>
    <directions>
      <step>  From: arielle@taronga.com (Stephanie da Silva)
  
  Date: Tue, 3 Aug 93 15:26:15 CDT
  FRIENDSHIP BREAD STARTER: Take flour, milk and salt to visit friend with
  starter. Add each to friends' starter, mixing well. Divide starter in half,
  returning one part to friend, and taking other half home with you.  Place
  your part in your starter bowl. You now have a Friendship Bread Starter.
  
  AMISH FRIENDSHIP BREAD INSTRUCTIONS: Keep at room temperature. Use a glass
  container. Do not use a metal spoon (use a wooden one). Do not refrigerate.
  Use only plain (non-rising) flour.
  
    Day  1  The day you get your starter, do nothing
  
    Day  2  Stir with a wooden spoon
  
    Day  3  Stir with a wooden spoon
  
    Day  4  Stir with a wooden spoon
  
    Day  5  Add 1 cup flour, 1 cup sugar, 1 cup milk and stir
  
    Day  6  Stir with a wooden spoon
  
    Day  7  Stir with a wooden spoon
  
    Day  8  Stir with a wooden spoon
  
    Day  9  Stir with a wooden spoon
  
    Day  10 Add 1 cup flour, 1 cup sugar, 1 cup milk and stir.
  
  Get three glass containers and put one cup of mixture in each container,
  Give a copy of these instructions and a cup of starter to 3 friends. To
  remaining batch add 2/3 cup oil, 3 eggs, 1 tsp vanilla, 2 cups flour, 1 cup
  sugar, 1 tsp cinnamon, 1 and 1/4 tsp baking powder, 1/2 tsp baking soda,
  and 1/2 tsp salt. Pour into 2 well greased and sugared loaf pans, or 1
  bundtpan. Top with anything you like such as, sliced apples, dried or
  candied fruit, nuts, coconut, etc. or leave plain Bake at 350 degrees F for
  40 to 50 minutes. (Check after 30 minutes.) COOL 10 MINUTES BEFORE REMOVING
  FROM PAN. Slice and serve.
  
  REC.FOOD.RECIPES ARCHIVES
  
  /CAKES
  
  STARTER TAKES 10 DAYS
  
  From rec.food.cooking archives.  Downloaded from Glen's MM Recipe Archive,
  http://www.erols.com/hosey.
 
</step></directions></recipe></recipeml>
