<?xml version="1.0" encoding="UTF-8"?>

<recipeml version="0.5">
  <recipe>
    <head>
      <title>Amish Buttermilk Biscuits</title>
      <categories>
        <cat>Breads</cat></categories>
      <yield>1</yield></head>
    <ingredients>
      <ing>
        <amt>
          <qty>3</qty>
          <unit>cups</unit></amt>
        <item>Flour</item></ing>
      <ing>
        <amt>
          <qty>1/4</qty>
          <unit>cups</unit></amt>
        <item>Instant lowfat dry milk (I</item></ing>
      <ing>
        <amt>
          <qty/>
          <unit/></amt>
        <item>Used nonfat)</item></ing>
      <ing>
        <amt>
          <qty>1</qty>
          <unit>tablespoon</unit></amt>
        <item>Baking powder</item></ing>
      <ing>
        <amt>
          <qty>2</qty>
          <unit>tablespoons</unit></amt>
        <item>Sugar (I used less)</item></ing>
      <ing>
        <amt>
          <qty>1</qty>
          <unit>teaspoon</unit></amt>
        <item>Salt</item></ing>
      <ing>
        <amt>
          <qty>2</qty>
          <unit>teaspoons</unit></amt>
        <item>Cream of tartar</item></ing>
      <ing>
        <amt>
          <qty>1/2</qty>
          <unit>cups</unit></amt>
        <item>Cold butter in pieces</item></ing>
      <ing>
        <amt>
          <qty>1/2</qty>
          <unit>cups</unit></amt>
        <item>Cold lard</item></ing>
      <ing>
        <amt>
          <qty>14</qty>
          <unit>tablespoons</unit></amt>
        <item>Cold buttermilk</item></ing></ingredients>
    <directions>
      <step>  Pulse the dry ingredients with the butter and lard until grainy, NOT
  blended!  Add the cold buttermilk, and mix until the dough comes
  together.
  
  Place dough on a floured cloth or marble slab, and knead a few times
  with floured hands. (Keep the dough cold!) Pat or roll out to
  3/4-inch thick, and cut out biscuit rounds or shapes. (You can use a
  cookie cutter!)
  
  These biscuits can be frozen ahead, or baked immediately.
  
  Baking time: Bake at 400 degrees F for 13-15 minutes if fresh, and
  15-18 minutes if frozen.
  
  File ftp://ftp.idiscover.co.uk/pub/food/mealmaster/recipes/mmkah001.zip
 
</step></directions></recipe></recipeml>
