<?xml version="1.0" encoding="UTF-8"?>

<recipeml version="0.5">
  <recipe>
    <head>
      <title>Amish Sugar Cookies</title>
      <categories>
        <cat/></categories>
      <yield>15</yield></head>
    <ingredients>
      <ing>
        <amt>
          <qty>1</qty>
          <unit>cup</unit></amt>
        <item>Unsalted butter or margarine room t</item></ing>
      <ing>
        <amt>
          <qty>1</qty>
          <unit>cup</unit></amt>
        <item>Vegetable cooking oil</item></ing>
      <ing>
        <amt>
          <qty>1</qty>
          <unit>cup</unit></amt>
        <item>Granulated sugar</item></ing>
      <ing>
        <amt>
          <qty>1</qty>
          <unit>cup</unit></amt>
        <item>Confectioners' sugar</item></ing>
      <ing>
        <amt>
          <qty>2</qty>
          <unit/></amt>
        <item>Eggs</item></ing>
      <ing>
        <amt>
          <qty>1</qty>
          <unit>teaspoon</unit></amt>
        <item>Vanilla</item></ing>
      <ing>
        <amt>
          <qty>4 1/2</qty>
          <unit>cups</unit></amt>
        <item>All-purpose flour</item></ing>
      <ing>
        <amt>
          <qty>1</qty>
          <unit>teaspoon</unit></amt>
        <item>Baking soda</item></ing>
      <ing>
        <amt>
          <qty>1</qty>
          <unit>teaspoon</unit></amt>
        <item>Cream of tartar</item></ing></ingredients>
    <directions>
      <step>  Combine butter or margarine, oil and sugars in a large mixing bowl; mix
  
  well.  Add eggs, beat 1 minute until well blended.  Add vanilla, beat
  
  well.
  In separate bowl, combine flour, baking soda and cream of tartar; add to
  creamed mixture, mixing well.  Drop by small teaspoon on ungreased cookie
  sheet.  Bake at 375 degrees for 8 to 10 minutes.  Yield: about 5 dozen
  
  cookies.
  ~ - - - - - - - - - - - - - - - - -
  ~ To Unsubscribe from the MM-RECIPES list send mail to
  majordomo@idiscover.net saying unsubscribe mm-recipes Meal-Master is
  available from all simtel mirrors in the msdos/food directory THE RULES
  Recipes in Meal-Master Format and ASCII only Every message to contain a
  recipe in meal-master format (unless a request)
  Posted to MM-Recipes Digest V4 #295 by lena36@juno.com (Lena P Mitchell) on
  Nov 5, 1997
 
</step></directions></recipe></recipeml>
