<?xml version="1.0" encoding="UTF-8"?>

<recipeml version="0.5">
  <recipe>
    <head>
      <title>Amish Friendship Bread</title>
      <categories>
        <cat>Low-fat</cat>
        <cat>Breads</cat></categories>
      <yield>4</yield></head>
    <ingredients>
      <ing>
        <amt>
          <qty>2 3/4</qty>
          <unit>cups</unit></amt>
        <item>Skim milk</item></ing>
      <ing>
        <amt>
          <qty>1/4</qty>
          <unit>cups</unit></amt>
        <item>Low-fat buttermilk</item></ing>
      <ing>
        <amt>
          <qty>4 3/4</qty>
          <unit>cups</unit></amt>
        <item>All-purpose flour</item></ing>
      <ing>
        <amt>
          <qty>1/4</qty>
          <unit>cups</unit></amt>
        <item>Whole wheat flour</item></ing>
      <ing>
        <amt>
          <qty>3</qty>
          <unit>cups</unit></amt>
        <item>+1 t sugar</item></ing>
      <ing>
        <amt>
          <qty>1</qty>
          <unit>package</unit></amt>
        <item>Active dry yeast</item></ing>
      <ing>
        <amt>
          <qty>2/3</qty>
          <unit>cups</unit></amt>
        <item>Canola oil</item></ing>
      <ing>
        <amt>
          <qty>1 1/4</qty>
          <unit>teaspoons</unit></amt>
        <item>Baking powder</item></ing>
      <ing>
        <amt>
          <qty>1</qty>
          <unit/></amt>
        <item>Egg</item></ing>
      <ing>
        <amt>
          <qty>1</qty>
          <unit>teaspoon</unit></amt>
        <item>Ground cinnamon</item></ing>
      <ing>
        <amt>
          <qty>1</qty>
          <unit>teaspoon</unit></amt>
        <item>Vanilla extract</item></ing>
      <ing>
        <amt>
          <qty>1/2</qty>
          <unit>teaspoons</unit></amt>
        <item>Salt</item></ing>
      <ing>
        <amt>
          <qty>1/2</qty>
          <unit>teaspoons</unit></amt>
        <item>Baking soda</item></ing>
      <ing>
        <amt>
          <qty>2</qty>
          <unit>cups</unit></amt>
        <item>Hazlenuts, chopped coarse</item></ing>
      <ing>
        <amt>
          <qty>2</qty>
          <unit>cups</unit></amt>
        <item>Dried cherries</item></ing></ingredients>
    <directions>
      <step>  Preheat the oven to 350. In a large non reactive bowl, mix 3/4 cup of the
  skim milk, the buttermilk, 3/4 cup of the flour, the whole wheat flour, 1
  t. sugar, and the yeast. Set aside for ten minutes or until the mixture
  starts to bubble. In a large mixing bowl, place the remaining ingredients,
  except for the hazlenuts and cherries and mix well. Fold in the nuts and
  cherries. Lightly wipe four 10x5x2 inch loaf pans with vegetable oil,
  divide the dough among the pans and bake for one hour of until a toothpick
  in the center comes out clean.
 
</step></directions></recipe></recipeml>
