<?xml version="1.0" encoding="UTF-8"?>

<recipeml version="0.5">
  <recipe>
    <head>
      <title>Amish Friendship Bread</title>
      <categories>
        <cat>Breads</cat>
        <cat>Hand made</cat></categories>
      <yield>1</yield></head>
    <ingredients>
      <ing>
        <amt>
          <qty>1</qty>
          <unit>cup</unit></amt>
        <item>Amish Starter</item></ing>
      <ing>
        <amt>
          <qty>2/3</qty>
          <unit>cups</unit></amt>
        <item>Oil</item></ing>
      <ing>
        <amt>
          <qty>1 1/4</qty>
          <unit>teaspoons</unit></amt>
        <item>Baking powder</item></ing>
      <ing>
        <amt>
          <qty>3</qty>
          <unit/></amt>
        <item>Eggs</item></ing>
      <ing>
        <amt>
          <qty>1/2</qty>
          <unit>teaspoons</unit></amt>
        <item>Baking soda</item></ing>
      <ing>
        <amt>
          <qty>1/2</qty>
          <unit>teaspoons</unit></amt>
        <item>Salt</item></ing>
      <ing>
        <amt>
          <qty>2</qty>
          <unit>teaspoons</unit></amt>
        <item>Vanilla</item></ing>
      <ing>
        <amt>
          <qty>2</qty>
          <unit>teaspoons</unit></amt>
        <item>Cinnamon</item></ing>
      <ing>
        <amt>
          <qty>1</qty>
          <unit>cup</unit></amt>
        <item>Sugar</item></ing>
      <ing>
        <amt>
          <qty>2</qty>
          <unit>cups</unit></amt>
        <item>Flour</item></ing></ingredients>
    <directions>
      <step>  ***Do not use metal spoon ***Do not refrigerate dough!!
  
  day 1 -- Get starter and do nothing day 2 -- Stir once each day with wooden
  spoon day 3 -- Stir once each day with wooden spoon day 4 -- Stir once each
  day with wooden spoon day 5 -- Add 1 cup flour, 1 cup sugar, 1 cup milk and
  stir day 6 -- Stir once each day with wooden spoon day 7 -- Stir once each
  day with wooden spoon day 8 -- Stir once each day with wooden spoon day 9
  ~- Stir once each day with wooden spoon day 10 - Add 1 cup flour, 1 cup
  sugar, 1 cup milk and stir.
         pour into containers of 1 cup each and give to 3 friends
         with copy of recipe (or 2 friends and keep 1 start for yourself)
  
  To the remainder add:
  
  2/3 cup oil          1 1/4 tsp baking powder 3 eggs 1/2 tsp baking soda 2
  cups flour         1/2 tsp salt 1 cup sugar 2 tsp vanilla 2 tsp cinnamon
  
  Pour into 2 well greased and sugared loaf pans.  Bake 40 to 50 min. at 350
  degrees.  Cool 10 minutes before removing from pan.  The bread may be
  frozen for a later date.  (note the starter)
  
  &gt;From: "Spawn of a Jewish Carpenter (Cindy Smith)" &lt;cms@dragon.com&gt;
  From: Bread-Bakers Archives: ftp.best.com/pub/reggie/archives/bread/recipe
 
</step></directions></recipe></recipeml>
