<?xml version="1.0" encoding="UTF-8"?>

<recipeml version="0.5">
  <recipe>
    <head>
      <title>Amish Friendship Bread/cake</title>
      <categories>
        <cat>Cake</cat></categories>
      <yield>12</yield></head>
    <ingredients>
      <ing>
        <amt>
          <qty>4</qty>
          <unit>cups</unit></amt>
        <item>Flour</item></ing>
      <ing>
        <amt>
          <qty>3</qty>
          <unit>cups</unit></amt>
        <item>Sugar</item></ing>
      <ing>
        <amt>
          <qty>3 1/2</qty>
          <unit>cups</unit></amt>
        <item>Milk</item></ing>
      <ing>
        <amt>
          <qty>1</qty>
          <unit>cup</unit></amt>
        <item>Oil</item></ing>
      <ing>
        <amt>
          <qty>3</qty>
          <unit/></amt>
        <item>Eggs</item></ing>
      <ing>
        <amt>
          <qty>1</qty>
          <unit>teaspoon</unit></amt>
        <item>Vanilla</item></ing>
      <ing>
        <amt>
          <qty>1 1/2</qty>
          <unit>teaspoons</unit></amt>
        <item>Baking Powder</item></ing>
      <ing>
        <amt>
          <qty>2</qty>
          <unit>teaspoons</unit></amt>
        <item>Cinnamon</item></ing>
      <ing>
        <amt>
          <qty>1/2</qty>
          <unit>teaspoons</unit></amt>
        <item>Salt</item></ing>
      <ing>
        <amt>
          <qty>1/2</qty>
          <unit>teaspoons</unit></amt>
        <item>Baking Soda</item></ing>
      <ing>
        <amt>
          <qty>1</qty>
          <unit>cup</unit></amt>
        <item>Chopped Pecans</item></ing>
      <ing>
        <amt>
          <qty>1</qty>
          <unit/></amt>
        <item>Box (Small) Inst. Vanilla Pudding</item></ing></ingredients>
    <directions>
      <step>  From: john harris &lt;jbird21@owb.mindspring.com&gt;
  
  Date: Mon, 05 Aug 1996 06:44:43 -0400
  DO NOT USE METAL SPOON OR BOWL AND DO NOT REFRIGERATE STARTER MIX! This is
  a fermented process. The batter will expand during fermenting. The use of
  metal utinsils or bowls will spoil the fermenting process. STARTER: 1c.
  flour, 1c. milk, 1c. sugar, mix well with wooden spoon. (if a friend has
  given you a jar of starter mix, you do not need to make the above starter
  mix. Just begin with "Day 1".) Day 1: Do Nothing. Day 2: Stir with wooden
  spoon. Day 3: Stir with wooden spoon. Day 4: Stir with wooden spoon. Day 5:
  Stir with wooden spoon. Day 6: Add, 1c. flour, 1c. milk, 1c. sugar, mix
  well with wooden spoon. Day 7: Stir with wooden spoon. Day 8: Stir with
  wooden spoon. Day 9: Stir with wooden spoon. Day 10: Add, 1c. flour, 1c.
  milk, 1c. sugar, mix well and pour into 3 separate jars. Give two jars of
  starter to friends with this recipe. Keep the third jar to bake the
  following: In a large bowl, add 1c. oil,
      1/2    c. milk, 3 eggs, 1 ts vanilla, and mix thoroughly. In a separate
  bowl, mix 2 c. flour, 1 c. sugar, 1 1/2 ts baking powder, 2 ts cinnamon,
  1/2 ts salt, 1/2 ts baking soda, 1 c. chopped pecans, 1 small box Instant
  Vanilla Pudding and mix well. Add dry indredients to wet ingredients and
  mix thoroughly. Grease 2 loaf pans and sprinkle with a Sugar/Cinnamon mix.
  Pour batter into loaf pans and sprinkle some extra Sugar/Cinnamon on top.
  Bake in 325 degree oven for one hour. Cool and remove from pans. This is
  sinfully delicious................
  
  MC-Recipe Digest V1 #184
  
  From the MasterCook recipe list.  Downloaded from Glen's MM Recipe Archive,
  http://www.erols.com/hosey.
 
</step></directions></recipe></recipeml>
