<?xml version="1.0" encoding="UTF-8"?>

<recipeml version="0.5">
  <recipe>
    <head>
      <title>Amish Cinnamon Flop</title>
      <categories>
        <cat>Cake</cat></categories>
      <yield>12</yield></head>
    <ingredients>
      <ing>
        <amt>
          <qty>1</qty>
          <unit>cup</unit></amt>
        <item>Granulated sugar</item></ing>
      <ing>
        <amt>
          <qty>1</qty>
          <unit>tablespoon</unit></amt>
        <item>Butter</item></ing>
      <ing>
        <amt>
          <qty>1</qty>
          <unit>cup</unit></amt>
        <item>Milk</item></ing>
      <ing>
        <amt>
          <qty>2</qty>
          <unit>cups</unit></amt>
        <item>Flour</item></ing>
      <ing>
        <amt>
          <qty>1/4</qty>
          <unit>teaspoons</unit></amt>
        <item>Baking powder</item></ing>
      <ing>
        <amt>
          <qty>2</qty>
          <unit>cups</unit></amt>
        <item>Brown sugar</item></ing>
      <ing>
        <amt>
          <qty>1 1/2</qty>
          <unit/></amt>
        <item>Stick butter</item></ing>
      <ing>
        <amt>
          <qty/>
          <unit/></amt>
        <item>Cinnamon and nutmeg</item></ing></ingredients>
    <directions>
      <step>  Date: Fri, 24 May 1996 23:19:42 +1000
  
  From: Jacinta Miller &lt;jascraig@GEKO.NET.AU&gt;
  
  Cream tablespoon butter and granulated sugar. Sift together flour, salt and
  baking powder. Add alternately with milk to creamed butter and sugar. Stir
  until smooth. Pour into 2 greased and floured 8-inch cake pans. Dredge tops
  lightly with flour. Sprinkle 1 cup of brown sugar over each. Cut small
  pieces from the 1 1/2 sticks of butter and poke down into batter. Sprnkle
  tops with cinnamon and nutmeg. Bake at 350deg F. for 20 minutes (or until
  toothpick inserted in the center comes out clean) Serve warm. (great w/
  whipped topping)
  
  EAT-L DIGEST 23 MAY 1996
  
  From the EAT-L recipe list.  Downloaded from Glen's MM Recipe Archive,
  http://www.erols.com/hosey.
 
</step></directions></recipe></recipeml>
