<?xml version="1.0" encoding="UTF-8"?>

<recipeml version="0.5">
  <recipe>
    <head>
      <title>Amor Frio (Cold Love) - Wheat-Free Recipe</title>
      <categories>
        <cat>Desserts</cat>
        <cat>Fruits</cat></categories>
      <yield>6</yield></head>
    <ingredients>
      <ing>
        <amt>
          <qty>2</qty>
          <unit>pints</unit></amt>
        <item>Fresh Strawberries</item></ing>
      <ing>
        <amt>
          <qty>1/2</qty>
          <unit>cups</unit></amt>
        <item>Powdered Sugar</item></ing>
      <ing>
        <amt>
          <qty>1/2</qty>
          <unit>cups</unit></amt>
        <item>Madeira -- Or Sweet Sherry</item></ing>
      <ing>
        <amt>
          <qty>1</qty>
          <unit>teaspoon</unit></amt>
        <item>Lemon Zest</item></ing>
      <ing>
        <amt>
          <qty>1/4</qty>
          <unit>teaspoons</unit></amt>
        <item>Cinnamon</item></ing>
      <ing>
        <amt>
          <qty>1/8</qty>
          <unit>teaspoons</unit></amt>
        <item>Powdered Ginger</item></ing>
      <ing>
        <amt>
          <qty>1</qty>
          <unit>pinch</unit></amt>
        <item>Ground Cloves</item></ing>
      <ing>
        <amt>
          <qty>1</qty>
          <unit>pinch</unit></amt>
        <item>Nutmeg</item></ing>
      <ing>
        <amt>
          <qty>2/3</qty>
          <unit/></amt>
        <item>To 1 Cup</item></ing>
      <ing>
        <amt>
          <qty>1 1/2</qty>
          <unit/></amt>
        <item>To 2 Tbsp</item></ing>
      <ing>
        <amt>
          <qty>1/4</qty>
          <unit/></amt>
        <item>Crystallized Ginger --</item></ing>
      <ing>
        <amt>
          <qty/>
          <unit/></amt>
        <item>Chopped</item></ing>
      <ing>
        <amt>
          <qty/>
          <unit/></amt>
        <item>Heavy Cream</item></ing>
      <ing>
        <amt>
          <qty/>
          <unit/></amt>
        <item>Sugar</item></ing></ingredients>
    <directions>
      <step>  Wash, hull and halve or slice berries.  Sprinkle with powdered sugar and
  let sit 10 min.  Meanwhile mix sherry with lemon zest and spices.  Pour
  over berries and chill.
  
  at serving time, whip cream with sugar to taste.  spoon berries into
  sherbert glasses.  garnish with a dollop of cream and sprinkle the c.
  ginger.
  
  per serving (6 servings) 207 calories, 1 gm protein, 25 gm carbo's, 10gm
  fat, 6 gm sat. fat, 36 mg cholesterol, 12 mg sodium.
  
  &gt;From the Washington Post
  
  Recipe By     :
  
  From: Ladies Home Journal- August 1991
  
  File ftp://ftp.idiscover.co.uk/pub/food/mealmaster/recipes/mmdja006.zip
 
</step></directions></recipe></recipeml>
