<?xml version="1.0" encoding="UTF-8"?>

<recipeml version="0.5">
  <recipe>
    <head>
      <title>Amore-Ade</title>
      <categories>
        <cat>Beverages</cat>
        <cat>Valentines</cat></categories>
      <yield>1</yield></head>
    <ingredients>
      <ing>
        <amt>
          <qty>1 1/4</qty>
          <unit>ounces</unit></amt>
        <item>Amaretto</item></ing>
      <ing>
        <amt>
          <qty>3/4</qty>
          <unit>ounces</unit></amt>
        <item>Triple sec</item></ing>
      <ing>
        <amt>
          <qty>3</qty>
          <unit>ounces</unit></amt>
        <item>Club soda</item></ing></ingredients>
    <directions>
      <step>  1. Combine ingredients in oversized red wine glass.
  
  2. Add ice and garnish with a lemon wedge.
  
  Recipe by: http://www.sugarplums.com/ezine/romanticfoods.html
  
  Posted to recipelu-digest Volume 01 Number 586 by RecipeLu
  &lt;recipelu@geocities.com&gt; on Jan 23, 1998
 
</step></directions></recipe></recipeml>
