<?xml version="1.0" encoding="UTF-8"?>

<recipeml version="0.5">
  <recipe>
    <head>
      <title>Apple-Raisin Stuffing</title>
      <categories>
        <cat>Stuffings</cat></categories>
      <yield>1</yield></head>
    <ingredients>
      <ing>
        <amt>
          <qty>6</qty>
          <unit/></amt>
        <item>Apples;pared and diced</item></ing>
      <ing>
        <amt>
          <qty>1</qty>
          <unit>cup</unit></amt>
        <item>Raisins</item></ing>
      <ing>
        <amt>
          <qty>1</qty>
          <unit>teaspoon</unit></amt>
        <item>Cinnamon</item></ing>
      <ing>
        <amt>
          <qty>1/8</qty>
          <unit>teaspoons</unit></amt>
        <item>Nutmeg</item></ing>
      <ing>
        <amt>
          <qty>1</qty>
          <unit>teaspoon</unit></amt>
        <item>Salt</item></ing>
      <ing>
        <amt>
          <qty>12</qty>
          <unit>slices</unit></amt>
        <item>Dry bread;cubed</item></ing>
      <ing>
        <amt>
          <qty>1/2</qty>
          <unit>cups</unit></amt>
        <item>Sugar</item></ing>
      <ing>
        <amt>
          <qty>1</qty>
          <unit>teaspoon</unit></amt>
        <item>Seasoning salt</item></ing></ingredients>
    <directions>
      <step>  Combine all ingredients, blend in enough hot water to moisten well.
  
  Use with poultry,pork,turkey or chicken.
  
  Zona Kay Bunger,Home Economics Teacher,Woodland,Wash.
  
  Recipe by: Favorite Recipes of America 1968
  
  Posted to recipelu-digest Volume 01 Number 293 by ctlindab@mail1.nai.net on
  Nov 23, 1997
 
</step></directions></recipe></recipeml>
