<?xml version="1.0" encoding="UTF-8"?>

<recipeml version="0.5">
  <recipe>
    <head>
      <title>Applesauce - Sugar Free</title>
      <categories>
        <cat>Cooper</cat>
        <cat>Desserts</cat>
        <cat>Fruits</cat>
        <cat>Sauces</cat>
        <cat>Diabetic</cat></categories>
      <yield>4</yield></head>
    <ingredients>
      <ing>
        <amt>
          <qty>4</qty>
          <unit>medium</unit></amt>
        <item>Apples; pared,cored,quarterd</item></ing>
      <ing>
        <amt>
          <qty>1/4</qty>
          <unit>cups</unit></amt>
        <item>Water; to 1/2 cup</item></ing>
      <ing>
        <amt>
          <qty>2</qty>
          <unit/></amt>
        <item>Sticks cinnamon</item></ing>
      <ing>
        <amt>
          <qty>1/4</qty>
          <unit>cups</unit></amt>
        <item>Nutrasweet Spoonful</item></ing></ingredients>
    <directions>
      <step>  Combine apples, water and cinnamon. Cover and simmer until very tender,
  about 10 minutes. Remove cinnamon. Mash apples until smooth. Stir in
  sweetener.
  
  NOTES : I use a couple of dashes of ground cinnamon instead of stick
  cinnamon.
  
  Recipe by: Better Homes &amp; Gardens New Cookbook
  
  Posted to recipelu-digest Volume 01 Number 540 by Sewgoode
  &lt;Sewgoode@aol.com&gt; on Jan 16, 1998
 
</step></directions></recipe></recipeml>
