<?xml version="1.0" encoding="UTF-8"?>

<recipeml version="0.5">
  <recipe>
    <head>
      <title>Apple-Walnut Upside Down Cake</title>
      <categories>
        <cat>Cakes</cat></categories>
      <yield>10</yield></head>
    <ingredients>
      <ing>
        <amt>
          <qty>1/2</qty>
          <unit>cups</unit></amt>
        <item>Unsalted butter</item></ing>
      <ing>
        <amt>
          <qty>1/2</qty>
          <unit>teaspoons</unit></amt>
        <item>Salt</item></ing>
      <ing>
        <amt>
          <qty>1</qty>
          <unit>cup</unit></amt>
        <item>Sugar</item></ing>
      <ing>
        <amt>
          <qty>1/2</qty>
          <unit>cups</unit></amt>
        <item>Ground walnuts</item></ing>
      <ing>
        <amt>
          <qty>2</qty>
          <unit/></amt>
        <item>Eggs</item></ing>
      <ing>
        <amt>
          <qty>1/2</qty>
          <unit>cups</unit></amt>
        <item>Milk</item></ing>
      <ing>
        <amt>
          <qty>1 1/2</qty>
          <unit>teaspoons</unit></amt>
        <item>Vanilla</item></ing>
      <ing>
        <amt>
          <qty>3</qty>
          <unit>tablespoons</unit></amt>
        <item>Butter plus 1 teaspoon</item></ing>
      <ing>
        <amt>
          <qty>1 3/4</qty>
          <unit>cups</unit></amt>
        <item>Flour</item></ing>
      <ing>
        <amt>
          <qty>8</qty>
          <unit/></amt>
        <item>Apples (small) in 8ths</item></ing>
      <ing>
        <amt>
          <qty>2</qty>
          <unit>teaspoons</unit></amt>
        <item>Baking powder</item></ing>
      <ing>
        <amt>
          <qty>1/2</qty>
          <unit>cups</unit></amt>
        <item>Light brown sugar</item></ing></ingredients>
    <directions>
      <step>  1. For the topping, melt 1 teaspoon butter in heavy skillet.  Add apples
  and saute until caramelized. About 3 minutes. 2. Combine remaining 3
  tablespoons of butter and brown sugar in a small saucepan and heat until
  blended. 3. Butter a 10 inch pan and spread brown sugar mixture in bottom.
  Arrange apple splices in pan in concentric circles. Set aside. 4. For cake,
  preheat oven to 350.  Cream butter and sugar until fluffy. Add eggs and
  beat until light.  Add vanilla. 5. Add dry ingredients alternately with
  milk, mixing to combine.  Spread batter evenly over apples. 6. Bake until
  cake springs back when touched.  About 1 hour. 7. Let stand 10 minutes and
  invert onto cake plate.  Let cool.  Serve slightly warm.
  Posted to MC-Recipe Digest V1 #235
  
  Date: Sat, 5 Oct 1996 20:42:16 -0400
  
  From: kmeade@ids2.idsonline.com (The Meades)
 
</step></directions></recipe></recipeml>
