<?xml version="1.0" encoding="UTF-8"?>

<recipeml version="0.5">
  <recipe>
    <head>
      <title>Apple-Praline Pie</title>
      <categories>
        <cat>Pies &amp;</cat>
        <cat>Pastry</cat></categories>
      <yield>1</yield></head>
    <ingredients>
      <ing>
        <amt>
          <qty>1</qty>
          <unit>package</unit></amt>
        <item>(15-ounce) refrigerated piecrusts or OR homemade basic pastry shell</item></ing>
      <ing>
        <amt>
          <qty>6</qty>
          <unit/></amt>
        <item>Granny smith apples; peeled, cored, and sliced</item></ing>
      <ing>
        <amt>
          <qty>1</qty>
          <unit>teaspoon</unit></amt>
        <item>Grated lemon rind</item></ing>
      <ing>
        <amt>
          <qty>1/3</qty>
          <unit>cups</unit></amt>
        <item>Plus 3 tablespoons light corn syrup; divided</item></ing>
      <ing>
        <amt>
          <qty>1/4</qty>
          <unit>cups</unit></amt>
        <item>Plus 1 tablespoon butter; melted and divided</item></ing>
      <ing>
        <amt>
          <qty>3</qty>
          <unit>tablespoons</unit></amt>
        <item>Sugar</item></ing>
      <ing>
        <amt>
          <qty>1/4</qty>
          <unit>cups</unit></amt>
        <item>All-purpose flour; divided</item></ing>
      <ing>
        <amt>
          <qty>1</qty>
          <unit>teaspoon</unit></amt>
        <item>Apple pie spice</item></ing>
      <ing>
        <amt>
          <qty>1/2</qty>
          <unit>cups</unit></amt>
        <item>Firmly packed light brown sugar</item></ing>
      <ing>
        <amt>
          <qty>1/3</qty>
          <unit>cups</unit></amt>
        <item>Chopped pecans or walnuts</item></ing></ingredients>
    <directions>
      <step>  Fit 1 piecrust into a 9-inch pieplate according to package directions.
  Arrange apple slices in piecrust, and sprinkle with lemon rind. Set aside.
  
  Combine1/3 cup corn syrup, 2 tablespoons butter, 3 tablespoons sugar, 2
  tablespoons flour, and apple pie spice. Pour over apple slices.
  
  Combine remaining 3 tablespoons corn syrup, remaining 3 tablespoons butter,
  remaining 2 tablespoons flour, brown sugar, and pecans. Spoon 1/3 cup
  mixture over apple slices.
  
  Unfold remaining piecrust. Cut 2 to 3 desired shapes from center, using a
  cookie cutter. Reserve cutouts. Place piecrust over filling; fold edges
  under, and crimp. Brush cutouts with water, and attach to top of pie. Place
  on a baking sheet.
  
  Bake at 425° for 25 minutes; remove from oven, and dollop with remaining
  brown sugar mixture. Reduce heat to 350°, and bake 10 more minutes. Cool
  completely. Makes 1 (9-inch) pie.
  
  Recipe by: Southern Living
  
  Posted to MC-Recipe Digest V1 #1039 by Suzy Wert &lt;SuzyWert@aol.com&gt; on Jan
  23, 1998
 
</step></directions></recipe></recipeml>
