<?xml version="1.0" encoding="UTF-8"?>

<recipeml version="0.5">
  <recipe>
    <head>
      <title>Applesauce-Rhubarb Muffins</title>
      <categories>
        <cat>Recipelu se</cat>
        <cat>Rhubarb</cat>
        <cat>Apples/appl</cat>
        <cat>Spices</cat></categories>
      <yield>10</yield></head>
    <ingredients>
      <ing>
        <amt>
          <qty>2</qty>
          <unit>cups</unit></amt>
        <item>All purpose flour</item></ing>
      <ing>
        <amt>
          <qty>1</qty>
          <unit>cup</unit></amt>
        <item>Whole wheat flour</item></ing>
      <ing>
        <amt>
          <qty>2</qty>
          <unit>teaspoons</unit></amt>
        <item>Baking powder</item></ing>
      <ing>
        <amt>
          <qty>2</qty>
          <unit>teaspoons</unit></amt>
        <item>Ground cinnamon</item></ing>
      <ing>
        <amt>
          <qty>1/2</qty>
          <unit>teaspoons</unit></amt>
        <item>Baking soda</item></ing>
      <ing>
        <amt>
          <qty>1/2</qty>
          <unit>teaspoons</unit></amt>
        <item>Salt</item></ing>
      <ing>
        <amt>
          <qty>2</qty>
          <unit/></amt>
        <item>Eggs</item></ing>
      <ing>
        <amt>
          <qty>1 1/3</qty>
          <unit>cups</unit></amt>
        <item>Brown sugar; packed</item></ing>
      <ing>
        <amt>
          <qty>1 1/3</qty>
          <unit>cups</unit></amt>
        <item>Applesauce</item></ing>
      <ing>
        <amt>
          <qty>1/2</qty>
          <unit>cups</unit></amt>
        <item>Oil</item></ing>
      <ing>
        <amt>
          <qty>1 1/2</qty>
          <unit>cups</unit></amt>
        <item>Rhubarb; chopped</item></ing></ingredients>
    <directions>
      <step>  Preheat oven to 400€F. Lightly butter 3 inch muffin cups or line with paper
  muffin cups. Sift first 6 ingredients together in a mixing bowl. Make a
  well in center and set aside. Beat eggs in a separate mixing bowl.
  
  Add brown sugar, applesauce and oil. Continue beating until thoroughly
  mixed. Stir egg mixture into flour mixture until just moistened (the batter
  should be lumpy). Fold in rhubarb. Fill prepared muffin cups 2/3 full. Bake
  18-20 minutes or until tops are golden. Remove from oven and set aside 10
  minutes to cool before removing muffins from pans.
  
  This recipe serves 10 people. Because this recipe is for a particular size
  pan, it adjusts the number of servings only in multiples of 10.
  
  Per serving: calories 371, fat 12.3g, 29% calories from fat, cholesterol
  42mg, protein 5.7g, carbohydrates 61.2g, fiber 3.3g, sodium 172mg. Sent
  recipeLu 3/98
  Posted to recipelu-digest by ncanty@juno.com (Nadia I Canty) on Mar 13,
  1998
 
</step></directions></recipe></recipeml>
