<?xml version="1.0" encoding="UTF-8"?>

<recipeml version="0.5">
  <recipe>
    <head>
      <title>Applesauced Meat Loaf</title>
      <categories>
        <cat>Archives of</cat>
        <cat>Dinner</cat>
        <cat>Fruits</cat>
        <cat>Sauces</cat></categories>
      <yield>6</yield></head>
    <ingredients>
      <ing>
        <amt>
          <qty>1</qty>
          <unit>pound</unit></amt>
        <item>Lean Ground Beef</item></ing>
      <ing>
        <amt>
          <qty>1</qty>
          <unit>pound</unit></amt>
        <item>Ground Pork</item></ing>
      <ing>
        <amt>
          <qty>1/2</qty>
          <unit>cups</unit></amt>
        <item>Dry Bread Crumbs</item></ing>
      <ing>
        <amt>
          <qty>3/4</qty>
          <unit>cups</unit></amt>
        <item>Minced Onions</item></ing>
      <ing>
        <amt>
          <qty>1</qty>
          <unit>tablespoon</unit></amt>
        <item>Minced Garlic</item></ing>
      <ing>
        <amt>
          <qty>2</qty>
          <unit>large</unit></amt>
        <item>Eggs</item></ing>
      <ing>
        <amt>
          <qty>1/2</qty>
          <unit>cups</unit></amt>
        <item>Cold Milk</item></ing>
      <ing>
        <amt>
          <qty>1/2</qty>
          <unit>cups</unit></amt>
        <item>Ketchup</item></ing>
      <ing>
        <amt>
          <qty>1 1/2</qty>
          <unit>teaspoons</unit></amt>
        <item>Salt</item></ing>
      <ing>
        <amt>
          <qty>1 1/2</qty>
          <unit>teaspoons</unit></amt>
        <item>Fresh Ground Black Pepper</item></ing>
      <ing>
        <amt>
          <qty>1 1/2</qty>
          <unit>teaspoons</unit></amt>
        <item>Ground Allspice</item></ing>
      <ing>
        <amt>
          <qty>1 1/2</qty>
          <unit>teaspoons</unit></amt>
        <item>Dried Thyme -- Crumbled</item></ing>
      <ing>
        <amt>
          <qty>1</qty>
          <unit>cup</unit></amt>
        <item>Gingered Applesauce Or</item></ing>
      <ing>
        <amt>
          <qty/>
          <unit/></amt>
        <item>Store-Bought -- See Recipe</item></ing>
      <ing>
        <amt>
          <qty>3</qty>
          <unit>tablespoons</unit></amt>
        <item>Apple Cider Or Apple Juice</item></ing>
      <ing>
        <amt>
          <qty>2</qty>
          <unit>tablespoons</unit></amt>
        <item>Light Brown Sugar -- Firmly</item></ing>
      <ing>
        <amt>
          <qty/>
          <unit/></amt>
        <item>Packed</item></ing>
      <ing>
        <amt>
          <qty>1</qty>
          <unit>tablespoon</unit></amt>
        <item>Dijon Mustard</item></ing>
      <ing>
        <amt>
          <qty/>
          <unit/></amt>
        <item>Gingered Applesauce-----</item></ing>
      <ing>
        <amt>
          <qty>2</qty>
          <unit>tablespoons</unit></amt>
        <item>Fresh Lemon Juice</item></ing>
      <ing>
        <amt>
          <qty>4</qty>
          <unit/></amt>
        <item>Sweet-Tart</item></ing>
      <ing>
        <amt>
          <qty/>
          <unit/></amt>
        <item>Newtown Pippin</item></ing>
      <ing>
        <amt>
          <qty>3</qty>
          <unit>tablespoons</unit></amt>
        <item>Sugar -- Or More If Needed</item></ing>
      <ing>
        <amt>
          <qty>1 1/2</qty>
          <unit>teaspoons</unit></amt>
        <item>Peeled Fresh Ginger --</item></ing>
      <ing>
        <amt>
          <qty/>
          <unit/></amt>
        <item>Finely Grated</item></ing>
      <ing>
        <amt>
          <qty/>
          <unit/></amt>
        <item>Apples, Mcintosh, Cortland,</item></ing></ingredients>
    <directions>
      <step>  1. Preheat the oven to 375 F. Lightly butter a roasting pan. 2. Combine the
  beef, pork, bread crumbs, onion, and garlic in a large mixing bowl. In a
  separate bowl, lightly beat the eggs. Beat in the milk, ketchup, and
  seasonings and add to the meat. Mix with your hands just until well
  combined. (A wooden spoon won't do the job as well as your hands.) 3. Shape
  the meat into an oval loaf in the buttered roasting pan and bake until
  evenly browned, 50 minutes. 4. Combine the applesauce, apple cider, brown
  sugar, and heat over medium heat until the sugar is dissolved, about 2
  minutes. 5. Pour the applesauce mixture over the meat loaf, covering it
  well, and continue baking until the top is golden brown, 20 to 25 minutes
  longer. Remove the meat loaf from the oven and let it rest for 5 minutes
  before serving. Makes 6 to 8 entree servings.
  
  GINGERED APPLESAUCE 1. Place the lemon juice in a large saucepan. Peel,
  core, and cut each apple into eighths. As you add the apples to the pot,
  toss them to coat with the lemon juice to prevent discoloration. 2. Add 1/3
  cup water, the sugar, and grated ginger and bring to a boil. Reduce the
  heat to medium-low, cover, and cook until the apples are tender, 4 to 5
  minutes. Remove from the heat and mash coarsely with a fork. Taste and add
  more sugar if necessary. The applesauce should be be a bit chunky.
  
  VARIATIONS: APPLE-HORSERADISH SAUCE: Substitute 1/2 cup of freshly grated
  peeled horseradish for the ginger. If desired, add 2 cups mayonnaise. Great
  with roast beef.
  
  APPLESAUCE WITH FRESH FRUIT: Substitute 1/2 cup fresh or thawed frozen
  raspberries, peaches , or blueberries for the ginger, and stir in 2 Tbs
  brandy or sake. This is great with game or fowl.
  
  PASSION-APPLESAUCE: Omit the ginger. Just after you remove the pan from the
  heat, stir the pulp (seeds and all) of 2 passion fruits into the
  applesauce. This goes well with almost anything, especially grilled
  sausages, smoked pork chops, and venison.
  
  DESSERT APPLESAUCE: Puree the Gingered Applesauce then thin it with fresh
  apple cider to the desired consistency. Use it as a topping for ice cream,
  angel-food cake, or pound cake.
  
  Recipe By     : Nicole Routhier's Fruit Cookbook - ISBN 1-56305-565-1
 
</step></directions></recipe></recipeml>
