<?xml version="1.0" encoding="UTF-8"?>

<recipeml version="0.5">
  <recipe>
    <head>
      <title>Apple-Tamarind Sauce</title>
      <categories>
        <cat>Sauce</cat></categories>
      <yield>8</yield></head>
    <ingredients>
      <ing>
        <amt>
          <qty>2</qty>
          <unit>ounces</unit></amt>
        <item>Tamarind pulp (available in Asian and Indian markets)</item></ing>
      <ing>
        <amt>
          <qty>2</qty>
          <unit>tablespoons</unit></amt>
        <item>Honey</item></ing>
      <ing>
        <amt>
          <qty>1</qty>
          <unit>tablespoon</unit></amt>
        <item>Grated fresh ginger</item></ing>
      <ing>
        <amt>
          <qty>1/2</qty>
          <unit>teaspoons</unit></amt>
        <item>Salt</item></ing>
      <ing>
        <amt>
          <qty>8</qty>
          <unit/></amt>
        <item>Macintosh apples; peeled, cored; and cut into 3/4-inch dice</item></ing></ingredients>
    <directions>
      <step>  From: "Tina D. Bell" &lt;tdbell@altair.csustan.edu&gt;
  
  Date: Wed, 26 Jun 1996 09:36:33 -0700 (PDT)
  Source: TOO HOT TAMALES SHOW #TH6240
  
  Break up the tamarind, pulling it apart into marble-sized pieces. In a
  bowl, cover with I cup boiling water and leave to soak for at least 2 hours
  or overnight. Strain the liquid through a medium-mesh sieve into a large
  saucepan, pressing down hard on the solids. Discard the solids. Stir in the
  honey, ginger, and salt. Add the apples and place the pan over medium-high
  heat. Bring to a boil, then reduce the heat and simmer, covered for about
  40 minutes, stirring occasionally, until thickened into applesauce.
  
  Digest eat-lf.v096.n081
  
  From the EAT-LF recipe list.  Downloaded from Glen's MM Recipe Archive,
  http://www.erols.com/hosey.
 
</step></directions></recipe></recipeml>
