<?xml version="1.0" encoding="UTF-8"?>

<recipeml version="0.5">
  <recipe>
    <head>
      <title>Apple-Sweet Sweet Potatoes (Lf)</title>
      <categories>
        <cat>Vegetables</cat>
        <cat>Fruits</cat></categories>
      <yield>8</yield></head>
    <ingredients>
      <ing>
        <amt>
          <qty>3</qty>
          <unit>large</unit></amt>
        <item>Sweet potatoes water</item></ing>
      <ing>
        <amt>
          <qty>3</qty>
          <unit>medium</unit></amt>
        <item>Apples; cored, peeled --</item></ing>
      <ing>
        <amt>
          <qty/>
          <unit/></amt>
        <item>And</item></ing>
      <ing>
        <amt>
          <qty/>
          <unit/></amt>
        <item>Inch thick</item></ing>
      <ing>
        <amt>
          <qty>1</qty>
          <unit>cup</unit></amt>
        <item>Unsweetened apple juice</item></ing>
      <ing>
        <amt>
          <qty>2</qty>
          <unit>tablespoons</unit></amt>
        <item>Cornstarch</item></ing>
      <ing>
        <amt>
          <qty>3</qty>
          <unit>tablespoons</unit></amt>
        <item>Unsweetened apple juice</item></ing>
      <ing>
        <amt>
          <qty>1</qty>
          <unit>tablespoon</unit></amt>
        <item>Honey</item></ing>
      <ing>
        <amt>
          <qty>1/4</qty>
          <unit>cups</unit></amt>
        <item>Wheat germ</item></ing>
      <ing>
        <amt>
          <qty>1/4</qty>
          <unit>cups</unit></amt>
        <item>Graham cracker crumbs</item></ing>
      <ing>
        <amt>
          <qty/>
          <unit/></amt>
        <item>PER SERVING-----</item></ing>
      <ing>
        <amt>
          <qty/>
          <unit/></amt>
        <item>*cals</item></ing>
      <ing>
        <amt>
          <qty/>
          <unit/></amt>
        <item>*gm dietary fiber</item></ing>
      <ing>
        <amt>
          <qty/>
          <unit/></amt>
        <item>*gm fat</item></ing>
      <ing>
        <amt>
          <qty/>
          <unit/></amt>
        <item>*mg sodium</item></ing></ingredients>
    <directions>
      <step>  Cook whole sweet potatoes in water until tender, about 20 minutes. Peel and
  slice lengthwise about 1/2-inch thick. Layer slices in a 2-quart casserole
  dish.  Top with apple slices. In a saucepan, bring the 1 cup of apple juice
  to a boil.  Dissolve the cornstarch in the 3 Tblspoons of apple juice and
  add to the hot apple juice. Stir until thickened. Stir in honey. Pour the
  sauce over the apples and sweet potatoes.  Combine the wheat germ and
  graham cracker crumbs.  Sprinkle on top of casserole. Bake at 350F for 45
  minutes or until apples are fork tender. Makes 8 servings.
  
  Recipe By     :
  
  From: Ladies Home Journal- August 1991
  
  File ftp://ftp.idiscover.co.uk/pub/food/mealmaster/recipes/mmdja006.zip
 
</step></directions></recipe></recipeml>
