<?xml version="1.0" encoding="UTF-8"?>

<recipeml version="0.5">
  <recipe>
    <head>
      <title>Apple-Rhubarb Betty</title>
      <categories>
        <cat>Cyberealm</cat>
        <cat>Desserts</cat>
        <cat>Low-cal/fat</cat>
        <cat>Fruits</cat></categories>
      <yield>6</yield></head>
    <ingredients>
      <ing>
        <amt>
          <qty>2/3</qty>
          <unit>cups</unit></amt>
        <item>Sugar</item></ing>
      <ing>
        <amt>
          <qty>1</qty>
          <unit>tablespoon</unit></amt>
        <item>Cornstarch</item></ing>
      <ing>
        <amt>
          <qty>1</qty>
          <unit/></amt>
        <item>Pkg 20 oz frozen rhubarb</item></ing>
      <ing>
        <amt>
          <qty>2 1/4</qty>
          <unit>cups</unit></amt>
        <item>Apple pie filling</item></ing>
      <ing>
        <amt>
          <qty>3</qty>
          <unit>slices</unit></amt>
        <item>Bread,cut into cubes 1 1/2c.</item></ing>
      <ing>
        <amt>
          <qty>3/4</qty>
          <unit>cups</unit></amt>
        <item>Graham cracker crumbs</item></ing>
      <ing>
        <amt>
          <qty>1/4</qty>
          <unit>cups</unit></amt>
        <item>Packed light brown sugar</item></ing>
      <ing>
        <amt>
          <qty>1/2</qty>
          <unit>teaspoons</unit></amt>
        <item>Ground cinnamon</item></ing>
      <ing>
        <amt>
          <qty>1/2</qty>
          <unit>teaspoons</unit></amt>
        <item>Apple pie spice</item></ing>
      <ing>
        <amt>
          <qty>3</qty>
          <unit>tablespoons</unit></amt>
        <item>Butter, melted</item></ing></ingredients>
    <directions>
      <step>  1.    Preheat oven to 375 degrees. Combine sugar and cornstarch in
  saucepan. Add rhubarb and cook over medium heat, stirring constantly, `til
  thickened and bubbly... 2. Remove from heat. Stir in pie filling... 3.
  Combine bread, cracker crumbs, brown sugar and spices in small bowl. Stir
  in butter... 4. Spoon half of fruit mixture into 1 1/2 quart baking dish.
  Cover with half of bread mixture. Repeat the layering. and cover. 5) Bake
  20 minutes, then uncover and bake 10 minutes more... 6) Serve with Cool
  Whip or Vanilla ice cream...
  
  From Gemini's MASSIVE MealMaster collection at www.synapse.com/~gemini
 
</step></directions></recipe></recipeml>
