<?xml version="1.0" encoding="UTF-8"?>

<recipeml version="0.5">
  <recipe>
    <head>
      <title>Apple</title>
      <categories>
        <cat>None</cat></categories>
      <yield>16</yield></head>
    <ingredients>
      <ing>
        <amt>
          <qty>2</qty>
          <unit>cups</unit></amt>
        <item>Unbleached flour</item></ing>
      <ing>
        <amt>
          <qty>1/4</qty>
          <unit>teaspoons</unit></amt>
        <item>Salt</item></ing>
      <ing>
        <amt>
          <qty>1/4</qty>
          <unit>teaspoons</unit></amt>
        <item>Baking soda</item></ing>
      <ing>
        <amt>
          <qty>2</qty>
          <unit>teaspoons</unit></amt>
        <item>Baking powder</item></ing>
      <ing>
        <amt>
          <qty>1</qty>
          <unit>teaspoon</unit></amt>
        <item>Cinnamon</item></ing>
      <ing>
        <amt>
          <qty>1/2</qty>
          <unit>teaspoons</unit></amt>
        <item>Ginger</item></ing>
      <ing>
        <amt>
          <qty>1/4</qty>
          <unit>teaspoons</unit></amt>
        <item>Cloves</item></ing>
      <ing>
        <amt>
          <qty>2</qty>
          <unit/></amt>
        <item>Egg whites -- whipped</item></ing>
      <ing>
        <amt>
          <qty>1</qty>
          <unit>cup</unit></amt>
        <item>Brown sugar -- packed</item></ing>
      <ing>
        <amt>
          <qty>1/2</qty>
          <unit>cups</unit></amt>
        <item>Applesauce -- at room</item></ing>
      <ing>
        <amt>
          <qty/>
          <unit/></amt>
        <item>Temperature</item></ing>
      <ing>
        <amt>
          <qty>1/3</qty>
          <unit>cups</unit></amt>
        <item>Skim milk -- at room</item></ing>
      <ing>
        <amt>
          <qty/>
          <unit/></amt>
        <item>Temperature</item></ing>
      <ing>
        <amt>
          <qty>1 1/2</qty>
          <unit>cups</unit></amt>
        <item>Apples -- peeled/ chopped</item></ing></ingredients>
    <directions>
      <step>  Preheat oven at 350.  Prepare pan(s) with cooking spray and flour.  In a
  mixing bowl, combine flour, salt, baking soda, baking powder, cinnamon,
  ginger, and cloves.  In another mixing bowl, combine egg whites, brown
  sugar, applesauce, milk, and apples.  Mix dry ingredients with wet
  ingredients just until moistened.  Pour mixture into prepared pan(s). Bake
  for 1 hour depending on pan size.
  
  Recipe By     : The Wooden Spoon Bread Book
  
  From: Ladies Home Journal- August 1991
  
  File ftp://ftp.idiscover.co.uk/pub/food/mealmaster/recipes/mmdja006.zip
 
</step></directions></recipe></recipeml>
