<?xml version="1.0" encoding="UTF-8"?>

<recipeml version="0.5">
  <recipe>
    <head>
      <title>Apple-Raisin Chews</title>
      <categories>
        <cat>Cookies</cat></categories>
      <yield>120</yield></head>
    <ingredients>
      <ing>
        <amt>
          <qty>2 3/4</qty>
          <unit>cups</unit></amt>
        <item>Cake flour</item></ing>
      <ing>
        <amt>
          <qty>1</qty>
          <unit>teaspoon</unit></amt>
        <item>Salt</item></ing>
      <ing>
        <amt>
          <qty>2</qty>
          <unit>teaspoons</unit></amt>
        <item>Baking powder</item></ing>
      <ing>
        <amt>
          <qty>1</qty>
          <unit>cup</unit></amt>
        <item>Shortening</item></ing>
      <ing>
        <amt>
          <qty>2</qty>
          <unit>cups</unit></amt>
        <item>Brown sugar</item></ing>
      <ing>
        <amt>
          <qty>1 1/2</qty>
          <unit>teaspoons</unit></amt>
        <item>Vanilla extract</item></ing>
      <ing>
        <amt>
          <qty>1</qty>
          <unit/></amt>
        <item>Egg</item></ing>
      <ing>
        <amt>
          <qty>1/2</qty>
          <unit>cups</unit></amt>
        <item>Evaporated milk</item></ing>
      <ing>
        <amt>
          <qty>1/4</qty>
          <unit>cups</unit></amt>
        <item>Orange juice</item></ing>
      <ing>
        <amt>
          <qty>2</qty>
          <unit>large</unit></amt>
        <item>Apples; pared and cored</item></ing>
      <ing>
        <amt>
          <qty>1</qty>
          <unit>cup</unit></amt>
        <item>Seeded raisins</item></ing>
      <ing>
        <amt>
          <qty>1</qty>
          <unit>tablespoon</unit></amt>
        <item>Orange rind; grated</item></ing></ingredients>
    <directions>
      <step>  Sift flour with salt and baking powder. Cream shortening with sifted sugar,
  add vanilla and egg and beat well. Add dry ingredients to the creamed
  mixture alternately with the combined evaporated milk and orange juice. Mix
  thoroughly. Put apples and raisins through food chopper, add grated orange
  rind and fold into mixture. Drop from 1/2 teaspoon onto a well-greased
  cookie sheet. Bake 12 to 15 minutes in a moderate oven (375 degrees). These
  keep well.
  
  Recipe by: Magazine Clipping
  
  Posted to MC-Recipe Digest by "Marie Smith" &lt;craftee@m6.sprynet.com&gt; on Feb
  14, 1998
 
</step></directions></recipe></recipeml>
