<?xml version="1.0" encoding="UTF-8"?>

<recipeml version="0.5">
  <recipe>
    <head>
      <title>Apple-Peanut Butter Fudge</title>
      <categories>
        <cat>Pnut butter</cat>
        <cat>Chocolate</cat>
        <cat>Fudge</cat>
        <cat>Candies</cat></categories>
      <yield>36</yield></head>
    <ingredients>
      <ing>
        <amt>
          <qty>6</qty>
          <unit>ounces</unit></amt>
        <item>Semisweet chocolate pieces</item></ing>
      <ing>
        <amt>
          <qty>1/2</qty>
          <unit/></amt>
        <item>Marshmallow fluff jar</item></ing>
      <ing>
        <amt>
          <qty>1/2</qty>
          <unit>cups</unit></amt>
        <item>Peanut butter</item></ing>
      <ing>
        <amt>
          <qty>1</qty>
          <unit>teaspoon</unit></amt>
        <item>Vanilla</item></ing>
      <ing>
        <amt>
          <qty>2</qty>
          <unit>cups</unit></amt>
        <item>Sugar</item></ing>
      <ing>
        <amt>
          <qty>2/3</qty>
          <unit>cups</unit></amt>
        <item>Apple juice</item></ing>
      <ing>
        <amt>
          <qty/>
          <unit/></amt>
        <item>Chopped peanuts (opt.)</item></ing></ingredients>
    <directions>
      <step>  Mix semisweet chocolate pieces, half jar marshmallow fluff, peanut butter
  and vanilla. Set aside. In buttered heavy 2-quart saucepan, mix sugar and
  apple juice. Cook and stir until sugar dissolves and mixture boils. Cook to
  soft-ball stage or until candy thermometer registers 240 F, stir
  frequently. remove from heat, quickly add marshmallow mixture. stir until
  just blended. Pour into buttered 9" square baking pan. top fudge with
  chopped peanuts, if desired. cool. Cut into squares. Makes 3 dozen 1-1/2
  inch pieces.
  
  From Gemini's MASSIVE MealMaster collection at www.synapse.com/~gemini
 
</step></directions></recipe></recipeml>
