<?xml version="1.0" encoding="UTF-8"?>

<recipeml version="0.5">
  <recipe>
    <head>
      <title>Apple-Rum Meringue</title>
      <categories>
        <cat>Desserts</cat></categories>
      <yield>6</yield></head>
    <ingredients>
      <ing>
        <amt>
          <qty>1/4</qty>
          <unit>pounds</unit></amt>
        <item>Amaretti</item></ing>
      <ing>
        <amt>
          <qty>4</qty>
          <unit>tablespoons</unit></amt>
        <item>Light rum</item></ing>
      <ing>
        <amt>
          <qty>1 1/2</qty>
          <unit>pounds</unit></amt>
        <item>Cooking apples</item></ing>
      <ing>
        <amt>
          <qty>2</qty>
          <unit>tablespoons</unit></amt>
        <item>Unsalted butter</item></ing>
      <ing>
        <amt>
          <qty>1/2</qty>
          <unit>teaspoons</unit></amt>
        <item>Cinnamon</item></ing>
      <ing>
        <amt>
          <qty>1/2</qty>
          <unit>cups</unit></amt>
        <item>Brown sugar; firmly packed</item></ing>
      <ing>
        <amt>
          <qty>3</qty>
          <unit/></amt>
        <item>Egg whites</item></ing>
      <ing>
        <amt>
          <qty>1/4</qty>
          <unit>teaspoons</unit></amt>
        <item>Salt</item></ing>
      <ing>
        <amt>
          <qty>1/3</qty>
          <unit>cups</unit></amt>
        <item>Sugar</item></ing>
      <ing>
        <amt>
          <qty>1/3</qty>
          <unit>cups</unit></amt>
        <item>Super fine sugar</item></ing></ingredients>
    <directions>
      <step>  Cover the bottom of a china flan dish with the amaretti and pour the rum
  over them. Peel, core, and thinly slice the apples into a saucepan; add the
  butter, cinnamon, brown sugar, and 2-3 tablespoon water. Simmer for 10-15
  minutes, or until the apples are just cooked. Leave to cool, then spoon the
  apples over the amaretti. Beat the egg whites with the alt until stiff but
  not dry. Stir in the granulated sugar and beat for about 2 minutes or until
  the meringue mixture is smooth and glossy. Fold in the superfine sugar and
  immediately spoon the meringue over the apples. Swirl the meringue into
  soft peaks with a spatula. Bake for 10-15 minutes in the center of a
  preheated oven at 350° until the meringue is pale beige. Serve hot or cold,
  with a bowl of fresh cream.
  
  Tootie Notes: Ladyfingers can be used instead of the amaretti.
  
  Recipe by: Creative Cooking
  
  Posted to TNT - Prodigy's Recipe Exchange Newsletter  by
  LVFG53A@prodigy.com (MRS IRA M DENNIS) on Oct 17, 1997
 
</step></directions></recipe></recipeml>
