<?xml version="1.0" encoding="UTF-8"?>

<recipeml version="0.5">
  <recipe>
    <head>
      <title>Apple-Walnut Muffins</title>
      <categories>
        <cat>Bread</cat>
        <cat>No sugar</cat>
        <cat>Tested</cat>
        <cat>Analyzed</cat></categories>
      <yield>12</yield></head>
    <ingredients>
      <ing-div>
        <title>FAVORITE ALL-TIME REC; 12/92</title>
        <ing>
          <amt>
            <qty>2</qty>
            <unit>cups</unit></amt>
          <item>Flour</item></ing>
        <ing>
          <amt>
            <qty>2</qty>
            <unit>teaspoons</unit></amt>
          <item>Baking powder</item></ing>
        <ing>
          <amt>
            <qty>1 1/2</qty>
            <unit>teaspoons</unit></amt>
          <item>Cinnamon, ground</item></ing>
        <ing>
          <amt>
            <qty>1/4</qty>
            <unit>teaspoons</unit></amt>
          <item>Nutmeg, ground</item></ing>
        <ing>
          <amt>
            <qty>1/4</qty>
            <unit>teaspoons</unit></amt>
          <item>Salt</item></ing>
        <ing>
          <amt>
            <qty>2</qty>
            <unit/></amt>
          <item>Eggs</item></ing>
        <ing>
          <amt>
            <qty>2/3</qty>
            <unit>cups</unit></amt>
          <item>Apple juice concentrate</item></ing>
        <ing>
          <amt>
            <qty>1/3</qty>
            <unit>cups</unit></amt>
          <item>Butter</item></ing>
        <ing>
          <amt>
            <qty>1</qty>
            <unit>teaspoon</unit></amt>
          <item>Vanilla</item></ing>
        <ing>
          <amt>
            <qty>2</qty>
            <unit>medium</unit></amt>
          <item>Apples</item></ing>
        <ing>
          <amt>
            <qty>1/2</qty>
            <unit>cups</unit></amt>
          <item>Walnuts, chopped</item></ing></ing-div></ingredients>
    <directions>
      <step>  Preheat oven to 350.  Peel, seed, and finely chop apples. Grease muffin
  cups or line with paper liners; set aside. Combine dry ingredients in
  medium bowl.  Combine and add eggs, apple juice concentrate, melted butter,
  and vanilla; mix just until dry ingredients are moistened. Stir in apple
  and walnuts. Spoon batter into prepared cups, filling each cup 3/4 full.
  Bake 25 minutes, until golden brown. Let stand in pan on wire rack 5
  minutes.  Remove from pan. Serve warm or at room temperature.
  
  Cooled muffins may be wrapped securely and frozen up to 3 months.
  
  Sylvia's comments: the kids devoured them!
  
  Nutrition information per muffin: 199 calories, 4 gm protein, 25 gm
  carbohydrate, 9 gm fat, 49 mg cholesterol, 183 mg sodium, 32% of calories
  from fat, 1/4 diabetic starch/bread exchange, 1-3/4 diabetic fat exchange,
      1/2    diabetic fruit exchange.
  
  From the recipe files of Sylvia Steiger, GEnie THE.STEIGERS, CI$
  71511,2253, GT Cookbook echo moderator at net/node 004/005
  Posted to FOODWINE Digest  by Abbott &lt;labbott@MHO.NET&gt; on Jan 21, 1998
 
</step></directions></recipe></recipeml>
