<?xml version="1.0" encoding="UTF-8"?>

<recipeml version="0.5">
  <recipe>
    <head>
      <title>Applesauce #1</title>
      <categories>
        <cat>Dessert</cat></categories>
      <yield>4</yield></head>
    <ingredients>
      <ing>
        <amt>
          <qty/>
          <unit/></amt>
        <item>Cooking apples; peel, core and quarter (grany smith; pippin; etc,)</item></ing>
      <ing>
        <amt>
          <qty/>
          <unit/></amt>
        <item>Water</item></ing>
      <ing>
        <amt>
          <qty>1</qty>
          <unit/></amt>
        <item>Lemon; juice of (optional)</item></ing>
      <ing>
        <amt>
          <qty/>
          <unit/></amt>
        <item>Sugar and cinnamon to taste</item></ing>
      <ing>
        <amt>
          <qty/>
          <unit/></amt>
        <item>Brown sugar is nice</item></ing></ingredients>
    <directions>
      <step>  From: jagordon@agsm.ucla.edu
  
  Date: 26 Oct 1993 15:41:56 GMT
  
  peel, core and quarter cooking apples, grany smith, pippin, etc, as many as
  you want to deal with put in large, heavy lidded pot add just a bit of
  water to get the juices going and mayper the juice of one lemon cover and
  stew on very low heat, watch to prevent burning, add water as needed, just
  1/4 cup at a time When apples have cooked down, stir to break up,
  blenderize if you want it smoother, add sugar and cinnamon to taste, brown
  sugar is nice.  Jan
  
  REC.FOOD.RECIPES ARCHIVES
  
  /FRUIT
  
  From rec.food.cooking archives.  Downloaded from Glen's MM Recipe Archive,
  http://www.erols.com/hosey.
 
</step></directions></recipe></recipeml>
