<?xml version="1.0" encoding="UTF-8"?>

<recipeml version="0.5">
  <recipe>
    <head>
      <title>Applesauce, Date and Raisin Squares</title>
      <categories>
        <cat>Bar</cat>
        <cat>Cookies</cat></categories>
      <yield>16</yield></head>
    <ingredients>
      <ing>
        <amt>
          <qty>1</qty>
          <unit>cup</unit></amt>
        <item>Flour</item></ing>
      <ing>
        <amt>
          <qty>3</qty>
          <unit>tablespoons</unit></amt>
        <item>Flour</item></ing>
      <ing>
        <amt>
          <qty>1/2</qty>
          <unit>teaspoons</unit></amt>
        <item>Baking powder</item></ing>
      <ing>
        <amt>
          <qty>1/4</qty>
          <unit>teaspoons</unit></amt>
        <item>Salt</item></ing>
      <ing>
        <amt>
          <qty>1</qty>
          <unit>teaspoon</unit></amt>
        <item>Cinnamon</item></ing>
      <ing>
        <amt>
          <qty>1</qty>
          <unit>teaspoon</unit></amt>
        <item>Nutmeg</item></ing>
      <ing>
        <amt>
          <qty>1/2</qty>
          <unit>teaspoons</unit></amt>
        <item>Ginger</item></ing>
      <ing>
        <amt>
          <qty>1/4</qty>
          <unit>teaspoons</unit></amt>
        <item>Allspice</item></ing>
      <ing>
        <amt>
          <qty>1/3</qty>
          <unit>cups</unit></amt>
        <item>Raisins</item></ing>
      <ing>
        <amt>
          <qty>6</qty>
          <unit>tablespoons</unit></amt>
        <item>Unsalted butter; see note</item></ing>
      <ing>
        <amt>
          <qty>1</qty>
          <unit>tablespoon</unit></amt>
        <item>Shortening; melted</item></ing>
      <ing>
        <amt>
          <qty>3/4</qty>
          <unit>cups</unit></amt>
        <item>Dark brown sugar; packed</item></ing>
      <ing>
        <amt>
          <qty>2</qty>
          <unit>large</unit></amt>
        <item>Eggs</item></ing>
      <ing>
        <amt>
          <qty>2</qty>
          <unit>teaspoons</unit></amt>
        <item>Vanilla extract</item></ing>
      <ing>
        <amt>
          <qty>1/2</qty>
          <unit>cups</unit></amt>
        <item>Applesauce</item></ing>
      <ing>
        <amt>
          <qty>1/3</qty>
          <unit>cups</unit></amt>
        <item>Pitted dates; coarsely chopped</item></ing>
      <ing>
        <amt>
          <qty/>
          <unit/></amt>
        <item>Confectioner's sugar; optional</item></ing></ingredients>
    <directions>
      <step>  Preheat the oven to 350 degrees. Film the inside of a 9 x 9 x 2 inch baking
  pan with nonstick cooking spary. Stir together the flour, baking powder,
  salt, cinnamon, nutmeg, ginger, and allspice in a large mixing bowl. Toss
  the raisins with 1 teaspoon of the flour mixture and set aside. In a small
  bowl, whisk together the butter shortening mixture when cooled with brown
  sugar, eggs, vanilla and applesauce. Pour the liquid ingredients over the
  flour mixture, add the raisins and dates, stir to form a batter. Spoon the
  batter into the prepared pan. Bake in the preheated oven for 22 to 24
  minutes, or until set. Place on a cooling rack and cool completely. Cut
  into 16 squares. For serving, sift a little confectioner's sugar over the
  top of the squares, if you wish.
  
  NOTES : The butter and shortening is to be melted together and then cooled
  before using.
  Recipe by: Unknown
  
  Posted to recipelu-digest Volume 01 Number 301 by "Marie Smith"
  &lt;craftee@sprynet.com&gt; on Nov 24, 1997
 
</step></directions></recipe></recipeml>
