<?xml version="1.0" encoding="UTF-8"?>

<recipeml version="0.5">
  <recipe>
    <head>
      <title>Apple-Orange Spice Muffins</title>
      <categories>
        <cat>Breads</cat></categories>
      <yield>4</yield></head>
    <ingredients>
      <ing>
        <amt>
          <qty>3/4</qty>
          <unit>cups</unit></amt>
        <item>Flour</item></ing>
      <ing>
        <amt>
          <qty>1 1/2</qty>
          <unit>teaspoons</unit></amt>
        <item>Baking powder</item></ing>
      <ing>
        <amt>
          <qty>1/2</qty>
          <unit>teaspoons</unit></amt>
        <item>Cinnamon</item></ing>
      <ing>
        <amt>
          <qty>1/4</qty>
          <unit>teaspoons</unit></amt>
        <item>Baking soda</item></ing>
      <ing>
        <amt>
          <qty>1</qty>
          <unit/></amt>
        <item>Dash Salt, nutmeg, &amp; cloves</item></ing>
      <ing>
        <amt>
          <qty>1/3</qty>
          <unit>cups</unit></amt>
        <item>Instant nonfat dry milk powd</item></ing>
      <ing>
        <amt>
          <qty>2</qty>
          <unit>tablespoons</unit></amt>
        <item>Plus 2 tsp. margarine</item></ing>
      <ing>
        <amt>
          <qty>1</qty>
          <unit>tablespoon</unit></amt>
        <item>Plus 1 tsp. Fimrly packed</item></ing>
      <ing>
        <amt>
          <qty>1</qty>
          <unit/></amt>
        <item>Brown sugar</item></ing>
      <ing>
        <amt>
          <qty>1</qty>
          <unit/></amt>
        <item>Large egg, separated</item></ing>
      <ing>
        <amt>
          <qty>2</qty>
          <unit/></amt>
        <item>Sm. pared, grated applies</item></ing>
      <ing>
        <amt>
          <qty>2</qty>
          <unit>tablespoons</unit></amt>
        <item>Raisins</item></ing>
      <ing>
        <amt>
          <qty>1</qty>
          <unit>tablespoon</unit></amt>
        <item>Plus 1 tsp. frz. concen.</item></ing>
      <ing>
        <amt>
          <qty/>
          <unit/></amt>
        <item>Apple juice (no sugar added)</item></ing>
      <ing>
        <amt>
          <qty>1</qty>
          <unit/></amt>
        <item>Grated orange peel</item></ing>
      <ing>
        <amt>
          <qty>1</qty>
          <unit/></amt>
        <item>Dash cream of tartar</item></ing></ingredients>
    <directions>
      <step>  Preheat oven to 375 degrees F.  Into small bowl sift together flour, baking
  powder, cinnamon, baking soda, salt, nutmeg and cloves; stir in milk powder
  and set aside. In mixing bowl cream margarine with sugar; add egg yolk and,
  using electric mixer on medium speed, beat until thick and creamy. Add
  apples, raisins, juice, and orange peel and stir to combine; add flour
  mixture and beat until well blended.  In separate bowl, using clean beaters
  and mixer on high speed, beat egg white with cream of tartar until stiff
  but not dry; fold into batter. Spray eight 2 1/2 inch diameter nonstick
  muffin pan cups with nonstick cooking spray; spoon 1/8 of batter into each
  sprayed cup (each will be about 2/3 full) and partially fill remaining cups
  with water (this will prevent pan from burning and/or warping). Bake 20 to
  25 minutes (until cake tester, inserted in center, comes out clean). Remove
  pan from oven and carefully drain off water (remember, it will be boiling
  hot); remove muffins to wire rack and let cool. Makes 4 servings of 2
  MUFFINS EACH!
  
  From Gemini's MASSIVE MealMaster collection at www.synapse.com/~gemini
 
</step></directions></recipe></recipeml>
