<?xml version="1.0" encoding="UTF-8"?>

<recipeml version="0.5">
  <recipe>
    <head>
      <title>Apple-Raisin Rice Pudding</title>
      <categories>
        <cat>Cyberealm</cat>
        <cat>Mom's best</cat>
        <cat>Puddings</cat>
        <cat>Low-fat</cat></categories>
      <yield>6</yield></head>
    <ingredients>
      <ing>
        <amt>
          <qty/>
          <unit/></amt>
        <item>Vegetable cooking spray</item></ing>
      <ing>
        <amt>
          <qty>1/2</qty>
          <unit>cups</unit></amt>
        <item>Chopped apples</item></ing>
      <ing>
        <amt>
          <qty>1/2</qty>
          <unit>cups</unit></amt>
        <item>Raisins</item></ing>
      <ing>
        <amt>
          <qty>3</qty>
          <unit>cups</unit></amt>
        <item>+ 2 tsp skim milk, divided</item></ing>
      <ing>
        <amt>
          <qty>1/2</qty>
          <unit>cups</unit></amt>
        <item>+ 1 T sugar, divided</item></ing>
      <ing>
        <amt>
          <qty>1/3</qty>
          <unit>cups</unit></amt>
        <item>Short-grain rice, uncooked</item></ing>
      <ing>
        <amt>
          <qty>1</qty>
          <unit>tablespoon</unit></amt>
        <item>Cornstarch</item></ing>
      <ing>
        <amt>
          <qty>1</qty>
          <unit/></amt>
        <item>Egg, lightly beaten</item></ing>
      <ing>
        <amt>
          <qty>1</qty>
          <unit>teaspoon</unit></amt>
        <item>Vanilla</item></ing>
      <ing>
        <amt>
          <qty>1/2</qty>
          <unit>teaspoons</unit></amt>
        <item>Cinnamon</item></ing></ingredients>
    <directions>
      <step>  Coat a medium nonstick skillet with cooking spray.
  Place skillet over medium high heat until hot.Add
  apples and raisins; saute 1 minute. Set aside.
  Combine 3 cups milk, 1/2 c sugar, and rice in a large
  saucepan; bring to boil. Cover, reduce heat, and
  simmer 15 minutes. Combine cornstarch and remaining 2
  tsps. of milk, stirring well; add to the rice mixture.
  Bring to boil, and cook 1 minute, stirring
  occasionally. Remove from heat. Gradually stir in
  about 1/4th of the hot rice mixture into the egg; add
  to remaining hot mixture, stirring constantly. Stir in
  apple mixture and vanilla.
  Pour rice mixture into a 1 quart baking dish coated
  with cooking spray. Combine remaining 1 T sugar and
  cinnamon; sprinkle over rice mixture. Place baking
  dish in a large shallow pan; add hot water to pan to a
  depth of 1 inch. Bake at 325F for 1 hour and 15
  minutes. Remove dish from water; let cool 30 minutes
  before serving.
  
  From Gemini's MASSIVE MealMaster collection at www.synapse.com/~gemini
 
</step></directions></recipe></recipeml>
