<?xml version="1.0" encoding="UTF-8"?>

<recipeml version="0.5">
  <recipe>
    <head>
      <title>Apple-Wine-Cake</title>
      <categories>
        <cat>Cakes</cat></categories>
      <yield>6</yield></head>
    <ingredients>
      <ing>
        <amt>
          <qty>15</qty>
          <unit>ounces</unit></amt>
        <item>Short Pastry</item></ing>
      <ing>
        <amt>
          <qty>4</qty>
          <unit>cups</unit></amt>
        <item>Red Wine</item></ing>
      <ing>
        <amt>
          <qty>2 1/2</qty>
          <unit>pounds</unit></amt>
        <item>Apples,finely cubed</item></ing>
      <ing>
        <amt>
          <qty/>
          <unit/></amt>
        <item>Brown Sugar as needed</item></ing>
      <ing>
        <amt>
          <qty/>
          <unit/></amt>
        <item>Vanille Pudding Powder</item></ing>
      <ing>
        <amt>
          <qty/>
          <unit/></amt>
        <item>As needed</item></ing>
      <ing>
        <amt>
          <qty>2 1/8</qty>
          <unit>cups</unit></amt>
        <item>Whip Cream</item></ing>
      <ing>
        <amt>
          <qty>1</qty>
          <unit>teaspoon</unit></amt>
        <item>Vanilla</item></ing>
      <ing>
        <amt>
          <qty>3 1/2</qty>
          <unit>ounces</unit></amt>
        <item>Almond Slices</item></ing></ingredients>
    <directions>
      <step>  1. Cake taste best when baked a day before serving and
  cooled in the refridgerator over night. 2. Boil wine
  add the apples,peeled,cored and cut in fine cubes,and
  cook about 2 minutes;take apples out and put aside. 3.
  Measure the wine-cooking-fluid and add brown sugar as
  needed to your taste. 4. Mix in as much puddingpowder,
  about 1/3 of a package, so that it's of a creamy
  consistence;let come to a boil once. 5. Add the
  applepieces;fold under. 6. Heat oven to 150 C 7. Roll
  out dough and put in a springform, about 26 cm in
  diameter. 8. Fill in the applemix and even out on top.
  9. Bake about 1 hour. 10. Short before serving, beat
  the cream with the vanilla untill very stiff and put
  over cake;garnish with the almondslices. After an idea
  out of "Meine Familie und ich" 1994 Translated by
  Brigitte Sealing Cyberealm BBS Watertown NY
  315-785-8098
  
  From Gemini's MASSIVE MealMaster collection at www.synapse.com/~gemini
 
</step></directions></recipe></recipeml>
