<?xml version="1.0" encoding="UTF-8"?>

<recipeml version="0.5">
  <recipe>
    <head>
      <title>Apple-Raisin Crisp</title>
      <categories>
        <cat>Desserts</cat>
        <cat>Fruits</cat>
        <cat>Vegan</cat></categories>
      <yield>6</yield></head>
    <ingredients>
      <ing>
        <amt>
          <qty>1/2</qty>
          <unit>cups</unit></amt>
        <item>Raisins</item></ing>
      <ing>
        <amt>
          <qty>1/2</qty>
          <unit>cups</unit></amt>
        <item>Rolled oats</item></ing>
      <ing>
        <amt>
          <qty>1/2</qty>
          <unit>cups</unit></amt>
        <item>Brown sugar</item></ing>
      <ing>
        <amt>
          <qty>1/4</qty>
          <unit>cups</unit></amt>
        <item>All-purpose flour</item></ing>
      <ing>
        <amt>
          <qty>1/2</qty>
          <unit>teaspoons</unit></amt>
        <item>Cinnamon</item></ing>
      <ing>
        <amt>
          <qty>1/4</qty>
          <unit>cups</unit></amt>
        <item>Shortening</item></ing>
      <ing>
        <amt>
          <qty>1/2</qty>
          <unit>cups</unit></amt>
        <item>Pecans, chopped</item></ing>
      <ing>
        <amt>
          <qty>6</qty>
          <unit>medium</unit></amt>
        <item>Apples, peeled &amp; cored</item></ing>
      <ing>
        <amt>
          <qty>2</qty>
          <unit>tablespoons</unit></amt>
        <item>Sugar</item></ing></ingredients>
    <directions>
      <step>  In a small mixing bowl pour enough boiling water over the raisins to
  cover them. Let stand for 5 minutes, then drain raisins.
  
  For topping, in a medium mixing bowl stir together rolled oats, brown
  sugar, flour, and cinnamon. Using a pastry blender, cut in margarine
  of butter till mixture resembles coarse crumbs. Stir in chopped
  pecans. Set topping aside.
  
  For filling, in large mixing bowl combine drained raisins, sliced
  apples, and sugar, then gently toss till combined. Transfer the
  filling to an ungreased 9" X 9" X 2" baking pan.
  
  Sprinkle the topping on the filling. Bake in a 375F oven for 30 to 35
  minutes or till the apples are tender and topping is golden. Serve
  warm. Makes 6 servings.
  
  Adapted from "Better Homes &amp; Gardens".  Posted by Marjorie Scofield
  
  File ftp://ftp.idiscover.co.uk/pub/food/mealmaster/recipes/vegan4.zip
 
</step></directions></recipe></recipeml>
