<?xml version="1.0" encoding="UTF-8"?>

<recipeml version="0.5">
  <recipe>
    <head>
      <title>Applesauce-Raisin Muffins</title>
      <categories>
        <cat>Breakfast</cat></categories>
      <yield>12</yield></head>
    <ingredients>
      <ing>
        <amt>
          <qty>2</qty>
          <unit>cups</unit></amt>
        <item>Flour; self-rising</item></ing>
      <ing>
        <amt>
          <qty>1/4</qty>
          <unit>cups</unit></amt>
        <item>Sugar</item></ing>
      <ing>
        <amt>
          <qty>1/2</qty>
          <unit>teaspoons</unit></amt>
        <item>Cinnamon; ground</item></ing>
      <ing>
        <amt>
          <qty>1</qty>
          <unit/></amt>
        <item>Egg; beaten</item></ing>
      <ing>
        <amt>
          <qty>3/4</qty>
          <unit>cups</unit></amt>
        <item>Applesauce</item></ing>
      <ing>
        <amt>
          <qty>1/2</qty>
          <unit>cups</unit></amt>
        <item>Milk</item></ing>
      <ing>
        <amt>
          <qty>1/2</qty>
          <unit>cups</unit></amt>
        <item>Raisins</item></ing>
      <ing>
        <amt>
          <qty>1/4</qty>
          <unit>cups</unit></amt>
        <item>Oil; salad</item></ing></ingredients>
    <directions>
      <step>  Combine flour, sugar, and cinnamon. Combine remaining ingredients; add to
  flour mixture, stirring only until flour is moistened. Fill greased muffin
  pans two-thirds full. Bkae at 425 degrees about 20 to 25 minutes or until
  golden brown.
  
  SOURCE: Southern Living Magazine, June, 1973. Typed for you by Nancy
  Coleman.
  Posted to MC-Recipe Digest V1 #805 by Nancy Berry &lt;nlberry@prodigy.net&gt; on
  Sep 25, 1997
 
</step></directions></recipe></recipeml>
