<?xml version="1.0" encoding="UTF-8"?>

<recipeml version="0.5">
  <recipe>
    <head>
      <title>Apple-Raising Muffins</title>
      <categories>
        <cat>All newly t</cat>
        <cat>Breads</cat></categories>
      <yield>12</yield></head>
    <ingredients>
      <ing>
        <amt>
          <qty>2</qty>
          <unit>cups</unit></amt>
        <item>All purpose flour</item></ing>
      <ing>
        <amt>
          <qty>1/2</qty>
          <unit>cups</unit></amt>
        <item>Packed dark brown sugar</item></ing>
      <ing>
        <amt>
          <qty>1</qty>
          <unit>teaspoon</unit></amt>
        <item>Baking powder</item></ing>
      <ing>
        <amt>
          <qty>1/2</qty>
          <unit>teaspoons</unit></amt>
        <item>Baking soda</item></ing>
      <ing>
        <amt>
          <qty>1/2</qty>
          <unit>teaspoons</unit></amt>
        <item>Cinnamon</item></ing>
      <ing>
        <amt>
          <qty>1/2</qty>
          <unit>teaspoons</unit></amt>
        <item>Salt</item></ing>
      <ing>
        <amt>
          <qty>3/4</qty>
          <unit>cups</unit></amt>
        <item>Buttermilk</item></ing>
      <ing>
        <amt>
          <qty>1/2</qty>
          <unit>cups</unit></amt>
        <item>Unsweetened applesauce</item></ing>
      <ing>
        <amt>
          <qty>2</qty>
          <unit/></amt>
        <item>Egg whites</item></ing>
      <ing>
        <amt>
          <qty>2</qty>
          <unit>tablespoons</unit></amt>
        <item>Canola oil</item></ing>
      <ing>
        <amt>
          <qty>1</qty>
          <unit>cup</unit></amt>
        <item>Chopped peeled apple</item></ing>
      <ing>
        <amt>
          <qty>1/3</qty>
          <unit>cups</unit></amt>
        <item>Dark seedless raisins</item></ing></ingredients>
    <directions>
      <step>  Heat oven to 400. Coat 12 standard size muffin-pan cups with nonstick
  cooking spray.
  
  Mix flour, sugar, baking powder, baking soda, cinnamon and salt in large
  bowl. Make a well in center.
  
  Stir together buttermilk, applesauce, egg whites and canola oil in a small
  bowl. Pour buttermilk mixture into well of dry ingredients. Stir just until
  evenly moistened. Do not overmix. Gently fold in apple and raisins. Divide
  batter evenly among 12 muffin cups.
  
  Bake in 400 oven for 25 minutes or until wooden pick inserted in centers of
  muffins comes out clean. Turn muffins out on wire rack to cool.
  
  Recipe by: 1997 Family Circles' Light &amp; Easy Posted to MC-Recipe Digest V1
  #644 by L979@aol.com on Jun 12, 1997
 
</step></directions></recipe></recipeml>
