<?xml version="1.0" encoding="UTF-8"?>

<recipeml version="0.5">
  <recipe>
    <head>
      <title>Apple-Peach Chutney</title>
      <categories>
        <cat>Chutney</cat></categories>
      <yield>1</yield></head>
    <ingredients>
      <ing>
        <amt>
          <qty>7</qty>
          <unit/></amt>
        <item>Golden delicious apples (about 3 lb), peeled, cored and chopped, about 10 Cups</item></ing>
      <ing>
        <amt>
          <qty>2</qty>
          <unit>cans</unit></amt>
        <item>Sliced peaches (15-16 oz ea.) drained, sliced, in extra light syrup, cut in thirds</item></ing>
      <ing>
        <amt>
          <qty>2</qty>
          <unit/></amt>
        <item>Jars whole onions (15 oz ea.), drained</item></ing>
      <ing>
        <amt>
          <qty>1 1/2</qty>
          <unit>cups</unit></amt>
        <item>Brown sugar; packed</item></ing>
      <ing>
        <amt>
          <qty>1</qty>
          <unit>cup</unit></amt>
        <item>Cider vinegar</item></ing>
      <ing>
        <amt>
          <qty>1</qty>
          <unit>cup</unit></amt>
        <item>Raisins</item></ing>
      <ing>
        <amt>
          <qty>1</qty>
          <unit>teaspoon</unit></amt>
        <item>Ground cumin</item></ing>
      <ing>
        <amt>
          <qty>1</qty>
          <unit>teaspoon</unit></amt>
        <item>Ginger</item></ing>
      <ing>
        <amt>
          <qty>1</qty>
          <unit>teaspoon</unit></amt>
        <item>Cinnamon</item></ing></ingredients>
    <directions>
      <step>  1.Bring all ingredients to a boil in a large pot. Boil gently, uncovered,
  about 1 hour stirring occasionally, until thickened.
  
  2. Cool slightly (mixture will continue to thicken as it cools). Pour into
  jars, cook, cover and refrigerate.
  
  Makes 7 cups. Age for 3 days. Refrigerate up to 2 months.
  
  Typed and Mc Formatted by Martha Hicks &amp; Buster
  Posted to MC-Recipe Digest V1 #853 by "Nitro_II "
  &lt;Nitro_II@classic.msn.com&gt; on Oct 19, 97
 
</step></directions></recipe></recipeml>
