<?xml version="1.0" encoding="UTF-8"?>

<recipeml version="0.5">
  <recipe>
    <head>
      <title>Apple-Pear Butter</title>
      <categories>
        <cat>Jelly</cat></categories>
      <yield>6</yield></head>
    <ingredients>
      <ing>
        <amt>
          <qty>4</qty>
          <unit>pounds</unit></amt>
        <item>Juicy; tart apples</item></ing>
      <ing>
        <amt>
          <qty>4</qty>
          <unit>pounds</unit></amt>
        <item>Pears</item></ing>
      <ing>
        <amt>
          <qty>1</qty>
          <unit>cup</unit></amt>
        <item>Orange juice (up to)</item></ing>
      <ing>
        <amt>
          <qty>1/2</qty>
          <unit>cups</unit></amt>
        <item>Water; if desired</item></ing>
      <ing>
        <amt>
          <qty>2</qty>
          <unit>tablespoons</unit></amt>
        <item>Grated orange peel</item></ing>
      <ing>
        <amt>
          <qty>2/3</qty>
          <unit>cups</unit></amt>
        <item>Sugar</item></ing></ingredients>
    <directions>
      <step>  Wash 8 pint, five 1-1/2 pine or 4 quart jars in hot soapy water; rinse.
  Keep hot until needed.  Prepare lids as manufacturer directs. Wash apples
  and pears. Place in a 6-quart pot. Pour orange juice over fruit; cover.
  Stirring occasionally, cook over low heat until fruit is tender. If mixture
  is too dry, add 1/4 to 1/2 cup water as mixture cooks. Press through a food
  mill or sieve into a large bow; discard seeds and skins. Return puree to
  pot. Stir in orange peel and sugar. Stirring constantly over medium heat,
  bring to a boil. Ladle into 1 hot jar at a time, leaving 1/2 inch
  headspace.  Release trapped air. Wipe rim of jar with a clean damp cloth.
  Attach lid. Place in canner. Fill and close remaining jars. Process in a
  boilinb-water bath. Pints 20 minutes, 1-1/2 pints or quarts,
  
  Date: Sun, 23 Jun 1996 01:08:10 +0000
  
  From: "Wendy Lockman" &lt;wlockman@randomc.com&gt;
  
  MM-Recipes Digest V3 #174
  
  From the MealMaster recipe list.  Downloaded from Glen's MM Recipe Archive,
  http://www.erols.com/hosey.
 
</step></directions></recipe></recipeml>
