<?xml version="1.0" encoding="UTF-8"?>

<recipeml version="0.5">
  <recipe>
    <head>
      <title>Apple-Raisin-Stuffed Pork Loin</title>
      <categories>
        <cat>Pork</cat></categories>
      <yield>6</yield></head>
    <ingredients>
      <ing>
        <amt>
          <qty>2</qty>
          <unit>tablespoons</unit></amt>
        <item>Chopped green onions</item></ing>
      <ing>
        <amt>
          <qty>1 1/2</qty>
          <unit>cups</unit></amt>
        <item>Unpeeled; chopped apple</item></ing>
      <ing>
        <amt>
          <qty>1/2</qty>
          <unit>cups</unit></amt>
        <item>Soft whole wheat breadcrumbs</item></ing>
      <ing>
        <amt>
          <qty>1/3</qty>
          <unit>cups</unit></amt>
        <item>Raisins; chopped</item></ing>
      <ing>
        <amt>
          <qty>1/4</qty>
          <unit>cups</unit></amt>
        <item>Chopped fresh parsley</item></ing>
      <ing>
        <amt>
          <qty>1/4</qty>
          <unit>teaspoons</unit></amt>
        <item>Salt</item></ing>
      <ing>
        <amt>
          <qty>1/8</qty>
          <unit>teaspoons</unit></amt>
        <item>Pepper</item></ing>
      <ing>
        <amt>
          <qty>1 1/2</qty>
          <unit>pounds</unit></amt>
        <item>Boneless pork loin; trimmed</item></ing>
      <ing>
        <amt>
          <qty>1 1/2</qty>
          <unit>teaspoons</unit></amt>
        <item>Dried Italian seasoning</item></ing>
      <ing>
        <amt>
          <qty>1/4</qty>
          <unit>teaspoons</unit></amt>
        <item>Salt</item></ing>
      <ing>
        <amt>
          <qty>1</qty>
          <unit>tablespoon</unit></amt>
        <item>Cornstarch</item></ing>
      <ing>
        <amt>
          <qty>3/4</qty>
          <unit>cups</unit></amt>
        <item>Apple juice</item></ing>
      <ing>
        <amt>
          <qty>1</qty>
          <unit>teaspoon</unit></amt>
        <item>Sugar</item></ing>
      <ing>
        <amt>
          <qty>1</qty>
          <unit>tablespoon</unit></amt>
        <item>Water</item></ing>
      <ing>
        <amt>
          <qty/>
          <unit/></amt>
        <item>Watercress sprigs; red grapes, for garnish</item></ing></ingredients>
    <directions>
      <step>  Saute green onions in a skillet coated with cooking spray until tender;
  remove from heat.
  
  Stir in apple and next 5 ingredients; set aside.
  
  Prepare pork loin for stuffing.
  
  Spread apple mixture over flattened pork loin, leaving a 1/2 inch border;
  rll up pork loin, jellyroll fashion, starting with long side.
  
  Tie rolled loin. Place on a rack coated with cooking spray; place rack in a
  shallow roasting pan. Coat loin with cooking spray; sprinkle with Italian
  seasoning and 1/4 teaspoon salt.
  
  Bake covered, at 350 for 1 hour and 5 minutes or until a meat thermometer
  registers 160. Let stand 10 minutes before slicing.
  
  Whisk cornstarch and next 3 ingredients in a small heavy saucepan. Bring
  mixture to a boil over medium heat, whisking constantly. Boil, whisking
  constantly, 1 minute. Serve with stuffed pork loin. Garnish, if desired.
  Makes 6 servings.
  
  Note: To prepare pork loin for stuffing, slice pork loin lengthwise down
  the center, cutting to, but not through the bottom. Starting from center
  cut, make a horizontal cut toward 1 side, stopping 1/2 inch from edge.
  Repeat on opposite side. Unfold loin so that it is flat.
  
  Flatten loin evenly to about a 12x8 inch rectangle using a meat mallet or
  rolling pin.
  
  After stuffing and rolling, tie the loin at 2 inch intervals with heavy
  string or kitchen twine. Be sure to bake seam side down.
  
  Recipe by: America's Best Loved Recipes
  
  Posted to MC-Recipe Digest V1 #995 by L979 &lt;L979@aol.com&gt; on Jan 8, 1998
 
</step></directions></recipe></recipeml>
