<?xml version="1.0" encoding="UTF-8"?>

<recipeml version="0.5">
  <recipe>
    <head>
      <title>Applesauce</title>
      <categories>
        <cat>Desserts</cat>
        <cat>Microwave</cat></categories>
      <yield>6</yield></head>
    <ingredients>
      <ing>
        <amt>
          <qty>4</qty>
          <unit>cups</unit></amt>
        <item>Peeled and sliced apples</item></ing>
      <ing>
        <amt>
          <qty>1/4</qty>
          <unit>cups</unit></amt>
        <item>Water</item></ing>
      <ing>
        <amt>
          <qty>1/4</qty>
          <unit>cups</unit></amt>
        <item>Honey</item></ing>
      <ing>
        <amt>
          <qty/>
          <unit/></amt>
        <item>Ground cinnamon; to taste</item></ing></ingredients>
    <directions>
      <step>  Place apples? water and honey in a 1 quart casserole. Cover. Microwave at
  high (100%) until apples are tender, 10 to 1 2 minutes. Mash to sauce
  consistency. Sprinkle with cinnamon. Chill and serve. Makes 4 to 6
  servings.
  
  Recipe by: diane@keyway.net
  
  Posted to recipelu-digest Volume 01 Number 216 by "Diane Geary"
  &lt;diane@keyway.net&gt; on Nov 7, 1997
 
</step></directions></recipe></recipeml>
