<?xml version="1.0" encoding="UTF-8"?>

<recipeml version="0.5">
  <recipe>
    <head>
      <title>Apple-Pecan Muffins</title>
      <categories>
        <cat>Muffins</cat>
        <cat>Apples</cat></categories>
      <yield>1</yield></head>
    <ingredients>
      <ing>
        <amt>
          <qty>1 1/4</qty>
          <unit>cups</unit></amt>
        <item>All-purpose flour</item></ing>
      <ing>
        <amt>
          <qty>1</qty>
          <unit>teaspoon</unit></amt>
        <item>Baking soda</item></ing>
      <ing>
        <amt>
          <qty>1/2</qty>
          <unit>teaspoons</unit></amt>
        <item>Ground cinnamon</item></ing>
      <ing>
        <amt>
          <qty>1/8</qty>
          <unit>teaspoons</unit></amt>
        <item>Salt</item></ing>
      <ing>
        <amt>
          <qty>1</qty>
          <unit>cup</unit></amt>
        <item>Sugar</item></ing>
      <ing>
        <amt>
          <qty>1/2</qty>
          <unit>cups</unit></amt>
        <item>Vegetable oil</item></ing>
      <ing>
        <amt>
          <qty>1</qty>
          <unit>large</unit></amt>
        <item>Egg</item></ing>
      <ing>
        <amt>
          <qty>2</qty>
          <unit>tablespoons</unit></amt>
        <item>Fresh lemon juice</item></ing>
      <ing>
        <amt>
          <qty>1 1/2</qty>
          <unit>teaspoons</unit></amt>
        <item>Vanilla extract</item></ing>
      <ing>
        <amt>
          <qty>3/4</qty>
          <unit>teaspoons</unit></amt>
        <item>Grated lemon peel</item></ing>
      <ing>
        <amt>
          <qty>2</qty>
          <unit>cups</unit></amt>
        <item>Green apples; coarsely</item></ing>
      <ing>
        <amt>
          <qty/>
          <unit/></amt>
        <item>Grated peeled (abt 2 lg)</item></ing>
      <ing>
        <amt>
          <qty>1/2</qty>
          <unit>cups</unit></amt>
        <item>Chopped toasted pecans</item></ing>
      <ing>
        <amt>
          <qty/>
          <unit/></amt>
        <item>(about 2 ounces)</item></ing></ingredients>
    <directions>
      <step>  Preheat oven to 350 degrees. Grease 1/2-cup muffin cups. Sift all purpose
  flour, baking soda, ground cinnamon and salt into medium bowl. Combine
  sugar, oil, egg, lemon juice, vanilla and lemon peel in large bowl; whisk
  to blend. Mix in dry ingredients, then apples and pecans. Spoon 1/3 cup
  batter into each prepared muffin cup. Bake until tester inserted into
  centers comes out clean, about 35 minutes. Turn muffins out onto rack; cool
  slightly. Serve warm. (Makes about 12)
  
  From Gemini's MASSIVE MealMaster collection at www.synapse.com/~gemini
 
</step></directions></recipe></recipeml>
