<?xml version="1.0" encoding="UTF-8"?>

<recipeml version="0.5">
  <recipe>
    <head>
      <title>Apple-Port Glazed Chicken Livers</title>
      <categories>
        <cat>Bird</cat>
        <cat>Chicken</cat></categories>
      <yield>4</yield></head>
    <ingredients>
      <ing>
        <amt>
          <qty>1/2</qty>
          <unit>cups</unit></amt>
        <item>Apple juice concentrate; undiluted</item></ing>
      <ing>
        <amt>
          <qty>1/2</qty>
          <unit>cups</unit></amt>
        <item>Port wine</item></ing>
      <ing>
        <amt>
          <qty>3</qty>
          <unit>tablespoons</unit></amt>
        <item>Butter</item></ing>
      <ing>
        <amt>
          <qty>1</qty>
          <unit>pound</unit></amt>
        <item>Chicken livers</item></ing>
      <ing>
        <amt>
          <qty>1/2</qty>
          <unit>cups</unit></amt>
        <item>All-purpose flour</item></ing>
      <ing>
        <amt>
          <qty>1/2</qty>
          <unit>teaspoons</unit></amt>
        <item>Salt</item></ing>
      <ing>
        <amt>
          <qty>1/4</qty>
          <unit>teaspoons</unit></amt>
        <item>Pepper</item></ing></ingredients>
    <directions>
      <step>  Prepare sauce by combining apple juice concentrate, port, and 1 tbsp butter
  in a small saucepan. Boil sauce until reduced to 1/2 cup. Set aside. Remove
  any bits of fat or grislte from liver and cut each in half. Combine flour,
  salt, and pepper in a plastic bag. Drop liver pieces in a few at a time and
  toss to coat. Melt 2 tbsp butter over medium heat and brown liver pieces,
  turning once. Cook until no pink shows when liver is cut, but do not
  overcook. Place livers in a serving dish and pour sauce overtop. Makes 4
  servings.
  
  Formatted by Mardi amdesjar@mb.sympatico.ca December 3, 1997
  
  Recipe by: unknown cookbook
  
  Posted to MC-Recipe Digest V1 #980 by Mardi &lt;amdesjar@mb.sympatico.ca&gt; on
  Jan 3, 1998
 
</step></directions></recipe></recipeml>
