<?xml version="1.0" encoding="UTF-8"?>

<recipeml version="0.5">
  <recipe>
    <head>
      <title>Apple-Raisin Stuffed Onions</title>
      <categories>
        <cat>Fruits</cat>
        <cat>Vegetables</cat></categories>
      <yield>4</yield></head>
    <ingredients>
      <ing>
        <amt>
          <qty>4</qty>
          <unit/></amt>
        <item>Onions -- 1-1/2 pounds</item></ing>
      <ing>
        <amt>
          <qty>3</qty>
          <unit>tablespoons</unit></amt>
        <item>Margarine</item></ing>
      <ing>
        <amt>
          <qty>1/2</qty>
          <unit>cups</unit></amt>
        <item>Celery -- chopped</item></ing>
      <ing>
        <amt>
          <qty>1</qty>
          <unit>cup</unit></amt>
        <item>Carrots -- shredded</item></ing>
      <ing>
        <amt>
          <qty>1 1/2</qty>
          <unit>tablespoons</unit></amt>
        <item>Dijon mustard</item></ing>
      <ing>
        <amt>
          <qty>3/4</qty>
          <unit>teaspoons</unit></amt>
        <item>Curry powder</item></ing>
      <ing>
        <amt>
          <qty>1/4</qty>
          <unit>teaspoons</unit></amt>
        <item>Tabasco sauce</item></ing>
      <ing>
        <amt>
          <qty>1/3</qty>
          <unit>cups</unit></amt>
        <item>Tart apples -- chopped</item></ing>
      <ing>
        <amt>
          <qty>1/4</qty>
          <unit>cups</unit></amt>
        <item>Raisins</item></ing></ingredients>
    <directions>
      <step>  * Use a large sweet onion, such as Spanish, Bermuda or even the Vidalia
  type sweet onions. Total weight: about 1-1/2 pounds.
  
  1. Peel onions; cut off one quarter of each onion from the top and trim
  root end, leaving root end intact. 2. Use a large melon-ball scoop or
  grapefruit spoon to remove centers of onions, leaving 1/4-inch thick
  shells. 3. Stand onion shells in saucepan with 1 inch boiling water; cover
  and let steam for 15 minutes. Remove from heat; invert onto wire rack to
  drain and cool. 4. Finely chop onion centers; you will have about 1/2 cup.
  Melt margarine in skillet and saute the chopped onion for 3 minutes. Add
  celery and saute 1 minute longer. 5. Stir in shredded carrots, mustard,
  curry powder and Tabasco sauce; remove from heat. 6. Blend in apple and
  raisins. Spoon stuffing into onion shells. Place in small baking dish and
  pour hot water into dish to a depth of 1 inch. 7. Bake in preheated
  325-degree oven for 15-20 minutes or until onions are heated through.
  
  Recipe By     : Jo Anne Merrill
  
  From: Ladies Home Journal- August 1991
  
  File ftp://ftp.idiscover.co.uk/pub/food/mealmaster/recipes/mmdja006.zip
 
</step></directions></recipe></recipeml>
