<?xml version="1.0" encoding="UTF-8"?>

<recipeml version="0.5">
  <recipe>
    <head>
      <title>Apple-Streusel Pound Cake (Motts)</title>
      <categories>
        <cat>Cakes</cat>
        <cat>Brandname</cat>
        <cat>Reduced fat</cat></categories>
      <yield>24</yield></head>
    <ingredients>
      <ing>
        <amt>
          <qty>3</qty>
          <unit>cups</unit></amt>
        <item>All-purpose flour</item></ing>
      <ing>
        <amt>
          <qty>1/3</qty>
          <unit>cups</unit></amt>
        <item>Cornmeal</item></ing>
      <ing>
        <amt>
          <qty>1 1/2</qty>
          <unit>teaspoons</unit></amt>
        <item>Baking soda</item></ing>
      <ing>
        <amt>
          <qty>1 1/2</qty>
          <unit>teaspoons</unit></amt>
        <item>Baking powder</item></ing>
      <ing>
        <amt>
          <qty>1/2</qty>
          <unit>teaspoons</unit></amt>
        <item>Salt</item></ing>
      <ing>
        <amt>
          <qty>1</qty>
          <unit>cup</unit></amt>
        <item>Granulated sugar</item></ing>
      <ing>
        <amt>
          <qty>1</qty>
          <unit>cup</unit></amt>
        <item>Skim milk</item></ing>
      <ing>
        <amt>
          <qty>1</qty>
          <unit>cup</unit></amt>
        <item>Nonfat sour cream</item></ing>
      <ing>
        <amt>
          <qty>1/2</qty>
          <unit>cups</unit></amt>
        <item>Unsweetened Apple Sauce</item></ing>
      <ing>
        <amt>
          <qty>1</qty>
          <unit/></amt>
        <item>Whole egg</item></ing>
      <ing>
        <amt>
          <qty>2</qty>
          <unit>tablespoons</unit></amt>
        <item>Vegetable oil</item></ing>
      <ing>
        <amt>
          <qty>2</qty>
          <unit>teaspoons</unit></amt>
        <item>Vanilla extract</item></ing>
      <ing>
        <amt>
          <qty>3</qty>
          <unit/></amt>
        <item>Egg whites; beaten until stiff</item></ing>
      <ing>
        <amt>
          <qty>3/4</qty>
          <unit>cups</unit></amt>
        <item>Firmly packed light brown sugar</item></ing>
      <ing>
        <amt>
          <qty>3/4</qty>
          <unit>cups</unit></amt>
        <item>Chopped apple; peeled</item></ing>
      <ing>
        <amt>
          <qty>1/2</qty>
          <unit>cups</unit></amt>
        <item>Uncooked rolled oats</item></ing>
      <ing>
        <amt>
          <qty>2</qty>
          <unit>teaspoons</unit></amt>
        <item>Ground cinnamon</item></ing></ingredients>
    <directions>
      <step>  Preheat oven to 350F. Spray 10 inch (12 cup) Bundt pan with nonstick
  cooking spray; flour lightly.
  
  In medium bowl, combine flour, cornmeal, baking soda, baking powder and
  salt.
  
  In large bowl, combine granulated sugar, milk, sour cream, apple sauce,
  whole egg, oil and vanilla. Add flour mixture to apple sauce mixture; stir
  until well blended. Gently fold in beaten egg whites.
  
  In small bowl, combine brown sugar, apple, pats and cinnamon. Spread half
  of batter into prepared pan; sprinkle with oat mixture. Spread remaining
  batter over oat mixture.
  
  Bake 60 to 70 minutes or until toothpick inserted in center comes out
  clean. Cool on wire rack 15 minutes before removing from pan. Place cake,
  fluted side up, on serving plate. Serve warm or cool completely. Cut into
       24    slices.
  
  Notes: Pantry: Mott's Natural Apple Sauce. (PER SERVING: 160 calories, 1.5
  grams of fat, 140 mg of Sodium, 10 mg of Cholesterol, 9% of Calories From
  Fat.)
  
  &gt;Hanneman/Buster 1998-Apr
  
  Recipe by: Motts Applesauce www.motts.com
  
  Posted to MC-Recipe Digest by KitPATh &lt;phannema@wizard.ucr.edu&gt; on Apr 18,
  1998
 
</step></directions></recipe></recipeml>
