<?xml version="1.0" encoding="UTF-8"?>

<recipeml version="0.5">
  <recipe>
    <head>
      <title>Apple-Stuffed Pork Chops</title>
      <categories>
        <cat>Not</cat>
        <cat>Sent</cat></categories>
      <yield>6</yield></head>
    <ingredients>
      <ing>
        <amt>
          <qty>1</qty>
          <unit>tablespoon</unit></amt>
        <item>Onion, chopped</item></ing>
      <ing>
        <amt>
          <qty>1/4</qty>
          <unit>cups</unit></amt>
        <item>Butter or margarine</item></ing>
      <ing>
        <amt>
          <qty>3</qty>
          <unit>cups</unit></amt>
        <item>Soft bread cubes</item></ing>
      <ing>
        <amt>
          <qty>2</qty>
          <unit>cups</unit></amt>
        <item>Finely chopped apples</item></ing>
      <ing>
        <amt>
          <qty>1/4</qty>
          <unit>cups</unit></amt>
        <item>Celery, finely chopped</item></ing>
      <ing>
        <amt>
          <qty>2</qty>
          <unit>teaspoons</unit></amt>
        <item>Minced fresh parsley</item></ing>
      <ing>
        <amt>
          <qty>3/4</qty>
          <unit>teaspoons</unit></amt>
        <item>Salt, divided</item></ing>
      <ing>
        <amt>
          <qty>6</qty>
          <unit/></amt>
        <item>Pork loin chops, 1 1/2 inch thick</item></ing>
      <ing>
        <amt>
          <qty>1/8</qty>
          <unit>teaspoons</unit></amt>
        <item>Pepper</item></ing>
      <ing>
        <amt>
          <qty>1</qty>
          <unit>tablespoon</unit></amt>
        <item>Cooking oil</item></ing></ingredients>
    <directions>
      <step>  In a skillet, saute onion in butter until tender. Remove from the heat; add
  bread, apples, celery, parsley and 1/4 tsp salt. Cut a large pocket in the
  side of each pork chop; sprinkle inside and outside with pepper and
  remaining salt. Spon stuffing loosely into pockets. In a large skillet,
  brown the chops on both sides in oil. Place in an ungreased large baking
  pan. Cover and bake at 350° for 30 minutes. Uncover and bake 30 minutes
  longer or until meat juices run very clear. Make gravy from pan juices if
  desired.
  
  Recipe by: Taste Of Home - April/May 1997 Posted to MC-Recipe Digest V1
  #625 by The Taillons &lt;taillon@access.mountain.net&gt; on May 30, 1997
 
</step></directions></recipe></recipeml>
