<?xml version="1.0" encoding="UTF-8"?>

<recipeml version="0.5">
  <recipe>
    <head>
      <title>Apple-Walnut Mold</title>
      <categories>
        <cat>Side dish</cat>
        <cat>Grains</cat>
        <cat>Fruits</cat></categories>
      <yield>8</yield></head>
    <ingredients>
      <ing-div>
        <title/>
        <ing>
          <amt>
            <qty>2</qty>
            <unit/></amt>
          <item>Envelopes Unflavored Gelatin</item></ing>
        <ing>
          <amt>
            <qty>4</qty>
            <unit>cups</unit></amt>
          <item>Apple Juice</item></ing>
        <ing>
          <amt>
            <qty>2</qty>
            <unit>tablespoons</unit></amt>
          <item>Lemon Juice</item></ing>
        <ing>
          <amt>
            <qty>2</qty>
            <unit>cups</unit></amt>
          <item>Red Apples; Chopped</item></ing>
        <ing>
          <amt>
            <qty>1/2</qty>
            <unit>cups</unit></amt>
          <item>Carrots; Pared And Shredded2</item></ing>
        <ing>
          <amt>
            <qty>1/2</qty>
            <unit>cups</unit></amt>
          <item>Celery; Thinly Sliced</item></ing>
        <ing>
          <amt>
            <qty>1/2</qty>
            <unit>cups</unit></amt>
          <item>Walnuts; Chopped</item></ing>
        <ing>
          <amt>
            <qty>1/4</qty>
            <unit>cups</unit></amt>
          <item>Raisins</item></ing></ing-div>
      <ing-div>
        <title>HONEY DRESSING</title>
        <ing>
          <amt>
            <qty>1/2</qty>
            <unit>cups</unit></amt>
          <item>Mayonnaise</item></ing>
        <ing>
          <amt>
            <qty>1</qty>
            <unit>tablespoon</unit></amt>
          <item>Honey</item></ing>
        <ing>
          <amt>
            <qty>1</qty>
            <unit>tablespoon</unit></amt>
          <item>Lemon Juice</item></ing></ing-div></ingredients>
    <directions>
      <step>  Soften the gelatin in 1/2 cup apple juice in a 2-quart saucepan. Add the
  remaining apple juice and cook over low heat until the gelatin is
  completely dissolved. Sir in the lemon juice. Refrigerate for 45 to 60
  minutes or until thick and syrupy.  Fold in the apple, carrot, celery,
  walnuts and raisins.  Pour into a 6-cup mold. Refrigerate for 2 to 2 1/2
  hours or until set. Meanwhile, prepare the HONEY DRESSING.
  
  TO SERVE:
  
  Unmold the gelatin mixture and spoon the honey dressing over the top.
  
  HONEY DRESSING:
  
  Combine all of the ingredients, blending well. Refrigerate until serving
  time.
  
  From Gemini's MASSIVE MealMaster collection at www.synapse.com/~gemini
 
</step></directions></recipe></recipeml>
