<?xml version="1.0" encoding="UTF-8"?>

<recipeml version="0.5">
  <recipe>
    <head>
      <title>Apple-Scotch Pie with Cream Cheese Apples</title>
      <categories>
        <cat>Apples</cat>
        <cat>Bobbie - no</cat>
        <cat>Desserts</cat>
        <cat>Pies &amp; tart</cat></categories>
      <yield>8</yield></head>
    <ingredients>
      <ing>
        <amt>
          <qty/>
          <unit/></amt>
        <item>Pastry for 2 crust pie</item></ing>
      <ing>
        <amt>
          <qty>2</qty>
          <unit>pounds</unit></amt>
        <item>Apples; sliced OR No. 2 can sliced apples</item></ing>
      <ing>
        <amt>
          <qty>3/4</qty>
          <unit>cups</unit></amt>
        <item>Light brown sugar</item></ing>
      <ing>
        <amt>
          <qty>2</qty>
          <unit>tablespoons</unit></amt>
        <item>Flour</item></ing>
      <ing>
        <amt>
          <qty>1/4</qty>
          <unit>teaspoons</unit></amt>
        <item>Salt</item></ing>
      <ing>
        <amt>
          <qty>1/2</qty>
          <unit>teaspoons</unit></amt>
        <item>Nutmeg</item></ing>
      <ing>
        <amt>
          <qty>1/2</qty>
          <unit>teaspoons</unit></amt>
        <item>Vanilla</item></ing>
      <ing>
        <amt>
          <qty>2</qty>
          <unit>tablespoons</unit></amt>
        <item>Currant jelly; OR</item></ing>
      <ing>
        <amt>
          <qty>1</qty>
          <unit>teaspoon</unit></amt>
        <item>Vinegar</item></ing>
      <ing>
        <amt>
          <qty>1</qty>
          <unit>tablespoon</unit></amt>
        <item>Butter</item></ing>
      <ing>
        <amt>
          <qty/>
          <unit/></amt>
        <item>Cheese Apples; *see below, opt.</item></ing></ingredients>
    <directions>
      <step>  Combine apples and brown sugar, flour, salt and nutmeg. Add vanilla and
  jelly or vinegar. POur mixture into lower crust. Dot with 1 tablespoon
  butter . Moisten rim. Cover with top crust, slashed with vent holes. Bake
  at 425 F. oven for 10 minutes. Then at 375 F. until apples are tender, and
  crust is nicely brown, about 45 minutes all together. Serves 6-8. Cheese
  Apples: From each 3 oz. package of cream cheese shape and pat into 6
  apples. Stems can be cloves and "apples" can be dipped in cinnamon or other
  spice to give them a rosy color. Serve on pie for decoration. MC formatting
  by bobbi744@sojourn.com
  
  Recipe by: 1960s magazine article
  
  Posted to MC-Recipe Digest by Roberta Banghart &lt;bobbi744@sojourn.com&gt; on
  Mar 25, 1998
 
</step></directions></recipe></recipeml>
