<?xml version="1.0" encoding="UTF-8"?>

<recipeml version="0.5">
  <recipe>
    <head>
      <title>Applesauce-Raisin Squares</title>
      <categories>
        <cat>Cakes</cat>
        <cat>Low-cal</cat></categories>
      <yield>25</yield></head>
    <ingredients>
      <ing>
        <amt>
          <qty>1</qty>
          <unit/></amt>
        <item>Egg</item></ing>
      <ing>
        <amt>
          <qty>1/4</qty>
          <unit>cups</unit></amt>
        <item>Vegetable oil</item></ing>
      <ing>
        <amt>
          <qty>1/2</qty>
          <unit>cups</unit></amt>
        <item>Low-fat plain yogurt or</item></ing>
      <ing>
        <amt>
          <qty/>
          <unit/></amt>
        <item>1/2 tb lemon juice in milk</item></ing>
      <ing>
        <amt>
          <qty>3/4</qty>
          <unit>cups</unit></amt>
        <item>Brown sugar</item></ing>
      <ing>
        <amt>
          <qty>1</qty>
          <unit>cup</unit></amt>
        <item>Applesauce</item></ing>
      <ing>
        <amt>
          <qty>1</qty>
          <unit>teaspoon</unit></amt>
        <item>Vanilla</item></ing>
      <ing>
        <amt>
          <qty>1</qty>
          <unit>teaspoon</unit></amt>
        <item>Grated lemon rind (or orange</item></ing>
      <ing>
        <amt>
          <qty>1/2</qty>
          <unit>cups</unit></amt>
        <item>Raisins</item></ing>
      <ing>
        <amt>
          <qty>1</qty>
          <unit>cup</unit></amt>
        <item>Whole-wheat flour</item></ing>
      <ing>
        <amt>
          <qty>1/2</qty>
          <unit>cups</unit></amt>
        <item>Natural bran</item></ing>
      <ing>
        <amt>
          <qty>1</qty>
          <unit>teaspoon</unit></amt>
        <item>Baking powder</item></ing>
      <ing>
        <amt>
          <qty>2</qty>
          <unit>teaspoons</unit></amt>
        <item>Cinnamon</item></ing>
      <ing>
        <amt>
          <qty>1</qty>
          <unit>teaspoon</unit></amt>
        <item>Ginger</item></ing>
      <ing>
        <amt>
          <qty>1/4</qty>
          <unit>teaspoons</unit></amt>
        <item>Ground nutmeg</item></ing>
      <ing>
        <amt>
          <qty>1/3</qty>
          <unit>cups</unit></amt>
        <item>Sliced almonds, optional</item></ing></ingredients>
    <directions>
      <step>  In large mixing bowl, beat egg; add oil, yogurt, brown sugar, applesauce,
  vanilla and lemon/orange rind; mix well.
  
  In another bowl, stir together raisins, flour, bran, baking powder,
  cinnamon, ginger and nutmeg; add to wet ingredients and mix only until
  combined.
  
  Turn into lightly greased (or wax-paper lined) 8" square cake pan. Lightly
  press almonds into top of batter. Bake in 350 F oven for 45 min or until
  tester inserted in center comes out clean. (Squares will be moist.) Let
  cool, then cut into squares.  Makes 25 small squares 1 1/2 inch.
  
  Per square: 88 cal, 3 g fat, 11 mg cholesterol, 10 mg sodium, 2 g protein,
  14 g carbohydrate 1 1/2 fruit choice, 1/2 fat
  
  Source:   The Lighthearted Cookbook by Anne Lindsay 1988 Heart and Stroke
  Foundation of Ontario Shared and tested by Elizabeth Rodier Aug 93
  
  From Gemini's MASSIVE MealMaster collection at www.synapse.com/~gemini
 
</step></directions></recipe></recipeml>
