<?xml version="1.0" encoding="UTF-8"?>

<recipeml version="0.5">
  <recipe>
    <head>
      <title>Apple-Sausage Stuffing for Wild Turkey</title>
      <categories>
        <cat>Good</cat>
        <cat>Morning</cat>
        <cat>America</cat></categories>
      <yield>1</yield></head>
    <ingredients>
      <ing>
        <amt>
          <qty>3/4</qty>
          <unit>cups</unit></amt>
        <item>Raisins</item></ing>
      <ing>
        <amt>
          <qty>3</qty>
          <unit>cups</unit></amt>
        <item>Sweet apple cider</item></ing>
      <ing>
        <amt>
          <qty>1</qty>
          <unit>tablespoon</unit></amt>
        <item>Butter</item></ing>
      <ing>
        <amt>
          <qty>2</qty>
          <unit/></amt>
        <item>Stalks celery; sliced</item></ing>
      <ing>
        <amt>
          <qty>1</qty>
          <unit>medium</unit></amt>
        <item>Onion; peeled and diced</item></ing>
      <ing>
        <amt>
          <qty>1</qty>
          <unit>pound</unit></amt>
        <item>Sweet fennel sausage; cut into 1/4-inch slices</item></ing>
      <ing>
        <amt>
          <qty>2</qty>
          <unit/></amt>
        <item>Apples; peeled and diced</item></ing>
      <ing>
        <amt>
          <qty>3</qty>
          <unit/></amt>
        <item>Leaves fresh sage; finely chopped</item></ing>
      <ing>
        <amt>
          <qty>4</qty>
          <unit>cups</unit></amt>
        <item>Day-old sourdough bread; cubed</item></ing>
      <ing>
        <amt>
          <qty>1/2</qty>
          <unit>teaspoons</unit></amt>
        <item>Kosher salt</item></ing>
      <ing>
        <amt>
          <qty>1/4</qty>
          <unit>teaspoons</unit></amt>
        <item>Freshly ground black pepper</item></ing></ingredients>
    <directions>
      <step>  1. Combine the raisins and apple cider in a small saucepan and bring to a
  boil over medium heat. Immediately remove from the heat and set aside to
  plump the raisins.
  
  2. In a large, non-reactive saucepan or Dutch oven, melt the butter over
  medium heat. Add the celery and onions, and cook slowly, stirring until
  softened, about 6-8 minutes.
  
  3. Add the sausage meat and continue cooking until the meat begins to
  brown, about 5 minutes. Stir in the diced apples and sage, and cook an
  additional 5 minutes.
  
  4. Strain the raisins from the apple cider, reserving the cider, and add
  the raisins to the saucepan. Stir in the bread cubes, season with the salt
  and pepper, and add the reserved cider. Bring to a boil, then lower the
  heat to simmer the stuffing, covered, for 1/2 hour, stirring after 15
  minutes. Serve hot, alongside roast Wild Turkey. Yield: 6-8 servings To
  order GMA recipes or to subscribe yearly please call: 1-800-543-4GMA Single
  recipes $3 / Yearly $14.95
  
  Busted by Barb on 2/20/98
  
  Recipe by: Union Square Cafe
  
  Posted to MC-Recipe Digest by "abprice@wf.net" &lt;abprice@wf.net&gt; on Mar 17,
  1998
 
</step></directions></recipe></recipeml>
