<?xml version="1.0" encoding="UTF-8"?>

<recipeml version="0.5">
  <recipe>
    <head>
      <title>Applebee's Oriental Chicken Salad</title>
      <categories>
        <cat>None</cat></categories>
      <yield>1</yield></head>
    <ingredients>
      <ing-div>
        <title>ORIENTAL DRESSING</title>
        <ing>
          <amt>
            <qty>3</qty>
            <unit>tablespoons</unit></amt>
          <item>Honey</item></ing>
        <ing>
          <amt>
            <qty>1 1/2</qty>
            <unit>tablespoons</unit></amt>
          <item>White vinegar</item></ing>
        <ing>
          <amt>
            <qty>4</qty>
            <unit>teaspoons</unit></amt>
          <item>Mayonnaise</item></ing>
        <ing>
          <amt>
            <qty>1</qty>
            <unit>tablespoon</unit></amt>
          <item>Grey Poupon Dijon mustard</item></ing>
        <ing>
          <amt>
            <qty>1/8</qty>
            <unit>teaspoons</unit></amt>
          <item>Sesame oil</item></ing></ing-div>
      <ing-div>
        <title>SALAD</title>
        <ing>
          <amt>
            <qty>1</qty>
            <unit/></amt>
          <item>Egg</item></ing>
        <ing>
          <amt>
            <qty>1/2</qty>
            <unit>cups</unit></amt>
          <item>Milk</item></ing>
        <ing>
          <amt>
            <qty>1/2</qty>
            <unit>cups</unit></amt>
          <item>Flour</item></ing>
        <ing>
          <amt>
            <qty>1/2</qty>
            <unit>cups</unit></amt>
          <item>Corn flake crumbs</item></ing>
        <ing>
          <amt>
            <qty>1</qty>
            <unit>teaspoon</unit></amt>
          <item>Salt</item></ing>
        <ing>
          <amt>
            <qty>1/4</qty>
            <unit>teaspoons</unit></amt>
          <item>Pepper</item></ing>
        <ing>
          <amt>
            <qty>1</qty>
            <unit/></amt>
          <item>Boneless; skinless chicken breast half</item></ing>
        <ing>
          <amt>
            <qty>2</qty>
            <unit>cups</unit></amt>
          <item>Vegetable oil; (for frying) (up to 4)</item></ing>
        <ing>
          <amt>
            <qty>3</qty>
            <unit>cups</unit></amt>
          <item>Chopped romaine lettuce</item></ing>
        <ing>
          <amt>
            <qty>1</qty>
            <unit>cup</unit></amt>
          <item>Red cabbage</item></ing>
        <ing>
          <amt>
            <qty>1</qty>
            <unit>cup</unit></amt>
          <item>Napa cabbage</item></ing>
        <ing>
          <amt>
            <qty>1/2</qty>
            <unit/></amt>
          <item>Carrot; julienned or shredded</item></ing>
        <ing>
          <amt>
            <qty>1</qty>
            <unit/></amt>
          <item>Green onion; chopped</item></ing>
        <ing>
          <amt>
            <qty>1</qty>
            <unit>tablespoon</unit></amt>
          <item>Sliced almonds</item></ing>
        <ing>
          <amt>
            <qty>1/3</qty>
            <unit>cups</unit></amt>
          <item>Chow mein noodles</item></ing></ing-div></ingredients>
    <directions>
      <step>  Exported from : Top Secret Recipes
  
  1. Preheat oil in deep fryer or deep pan over medium heat. You want the
  temperature of the oil to be around 350 degrees.
  
  2. Blend together all ingredients for dressing in a small bowl with an
  electric mixer. Put dressing in refrigerator to chill while you prepare the
  salad.
  
  3. In a small, shallow bowl beat egg, add milk, and mix well.
  
  4. In another bowl, combine flour with corn flake crumbs, salt and pepper.
  
  5. Cut chicken breast into 4 or 5 long strips. Dip each strip of chicken
  first into egg mixture then into the flour mixture, coating each piece
  completely.
  
  6. Fry each chicken finger for 5 minutes or until coating has darkened to
  brown.
  
  7. Prepare salad by tossing the chopped romaine with the chopped red
  cabbage, Napa cabbage, and carrots.
  
  8. Sprinkle sliced green onion on top of the lettuce.
  
  9. Sprinkle almonds over the salad, then the chow mein noodles.
  
  10. Cut the chicken into small bite-size chunks. Place the chicken onto the
  salad forming a pile in the middle. Serve with salad dressing on the side.
  Makes 1 dinner-size salad.
  
  Posted to recipelu-digest Volume 01 Number 567 by BNPF &lt;BNPF@aol.com&gt; on
  Jan 20, 1998
 
</step></directions></recipe></recipeml>
