<?xml version="1.0" encoding="UTF-8"?>

<recipeml version="0.5">
  <recipe>
    <head>
      <title>Baked Pumpkin and Onions</title>
      <categories>
        <cat>Vegetable</cat></categories>
      <yield>4</yield></head>
    <ingredients>
      <ing>
        <amt>
          <qty/>
          <unit/></amt>
        <item>Pumpkin slices; peeled, 1/2-inch thick</item></ing>
      <ing>
        <amt>
          <qty/>
          <unit/></amt>
        <item>Yellow onions; peeled, sliced</item></ing>
      <ing>
        <amt>
          <qty/>
          <unit/></amt>
        <item>Salt &amp; pepper to taste</item></ing>
      <ing>
        <amt>
          <qty/>
          <unit/></amt>
        <item>Melted butter or olive oil</item></ing>
      <ing>
        <amt>
          <qty/>
          <unit/></amt>
        <item>Brown sugar</item></ing></ingredients>
    <directions>
      <step>    I can't give the amounts on this one. It's much too simple for that. It's
  just an old-fashioned way of serving the great American squash. Make as
  little or as much as you like. Your kids will love it.
  
    Clean and peel some pumpkin and cut it into thick slices. Arrange them in
  a buttered baking dish and add sliced onions. Add salt and pepper and a bit
  of melted butter or olive oil. Repeat with another layer and top with a few
  spoons of brown sugar.
  
    Bake, uncovered, at 350ø until tender, about 30 minutes. You may wish to
  cook it longer.
  
    I generally serve this as a vegetable dish.
  
  From &lt;The Frugal Gourmet Cooks American&gt;.  Downloaded from Glen's MM Recipe
  Archive, http://www.erols.com/hosey.
 
</step></directions></recipe></recipeml>
