<?xml version="1.0" encoding="UTF-8"?>

<recipeml version="0.5">
  <recipe>
    <head>
      <title>Baked Pineapple #2</title>
      <categories>
        <cat>Fruits</cat></categories>
      <yield>1</yield></head>
    <ingredients>
      <ing>
        <amt>
          <qty>1</qty>
          <unit>large</unit></amt>
        <item>Crushed pineapple</item></ing>
      <ing>
        <amt>
          <qty>2</qty>
          <unit>tablespoons</unit></amt>
        <item>Flour</item></ing>
      <ing>
        <amt>
          <qty>3</qty>
          <unit/></amt>
        <item>Eggs</item></ing>
      <ing>
        <amt>
          <qty>1/4</qty>
          <unit/></amt>
        <item>Stick oleo</item></ing>
      <ing>
        <amt>
          <qty>3</qty>
          <unit>slices</unit></amt>
        <item>Bread</item></ing></ingredients>
    <directions>
      <step>  Beat eggs and flour, then pineapple. Pour into greased casserole. Melt
  oleo; add bread that has been cubed. Pour on top of pineapple. Bake for 45
  minutes at 350 degrees. Serve hot with ham.
  Posted to recipelu-digest by "Diane Geary" &lt;diane@keyway.net&gt; on Feb 23,
  1998
 
</step></directions></recipe></recipeml>
