<?xml version="1.0" encoding="UTF-8"?>

<recipeml version="0.5">
  <recipe>
    <head>
      <title>Baked Pizza Sandwich</title>
      <categories>
        <cat>Cheese</cat>
        <cat>Ground beef</cat>
        <cat>Hamburger</cat>
        <cat>Main dish</cat></categories>
      <yield>6</yield></head>
    <ingredients>
      <ing>
        <amt>
          <qty>1</qty>
          <unit>pound</unit></amt>
        <item>Lean ground beef</item></ing>
      <ing>
        <amt>
          <qty>15</qty>
          <unit>ounces</unit></amt>
        <item>Tomato sauce; 1 cn; or</item></ing>
      <ing>
        <amt>
          <qty>15</qty>
          <unit>ounces</unit></amt>
        <item>Pizza sauce; 1 cn</item></ing>
      <ing>
        <amt>
          <qty>1</qty>
          <unit>teaspoon</unit></amt>
        <item>Oregano leaves</item></ing>
      <ing>
        <amt>
          <qty>2</qty>
          <unit>cups</unit></amt>
        <item>Biscuit baking mix</item></ing>
      <ing>
        <amt>
          <qty>1</qty>
          <unit/></amt>
        <item>Egg; lg</item></ing>
      <ing>
        <amt>
          <qty>2/3</qty>
          <unit>cups</unit></amt>
        <item>Milk</item></ing>
      <ing>
        <amt>
          <qty>8</qty>
          <unit>ounces</unit></amt>
        <item>Cheese; *</item></ing>
      <ing>
        <amt>
          <qty>2</qty>
          <unit>ounces</unit></amt>
        <item>Mushrooms;sliced,drained; 1cn</item></ing>
      <ing>
        <amt>
          <qty>1/4</qty>
          <unit>cups</unit></amt>
        <item>Parmesan cheese; grated</item></ing></ingredients>
    <directions>
      <step>  *    Use 1 8-oz package of sliced process American Or mozzarella cheese.
  
  ~--- Heat the oven to 400 degrees F.  Cook and stir the meat in a large
  skillet until brown.  Drain off the excess fat.  Stir in half of the tomato
  sauce and the oregano leaves into the meat mixture.  Heat to boiling then
  reduce the heat and simmer, uncovered, for 10 minutes. While the meat
  mixture is simmering, mix the baking mix, egg and the milk. Measure out 3/4
  cup of the batter and set aside.  Spread the remaining batter in a greased
  baking pan 9 X 9 X 2-inches.  Pour into the remaining tomato sauce over the
  batter, spreading evenly.  Layer 4 slices of the cheese, the meat mixture,
  the mushrooms and the remaining cheese on top of the batter and tomato
  sauce.  Spoon the reserved batter on the top of the cheese. Sprinkle the
  batter top with the grated Parmesan cheese and bake, uncovered, until it is
  golden brown, 20 to 25 minutes.  Cool for 5 minutes before cutting into
  squares and serving.
  Posted to recipelu-digest Volume 01 Number 278 by P&amp;S Gruenwald
  &lt;sitm@ne.infi.net&gt; on Nov 19, 1997
 
</step></directions></recipe></recipeml>
