<?xml version="1.0" encoding="UTF-8"?>

<recipeml version="0.5">
  <recipe>
    <head>
      <title>Baked Red Cabbage with Apples</title>
      <categories>
        <cat>Vegetable</cat></categories>
      <yield>6</yield></head>
    <ingredients>
      <ing>
        <amt>
          <qty>1</qty>
          <unit>small</unit></amt>
        <item>Red cabbage</item></ing>
      <ing>
        <amt>
          <qty>2</qty>
          <unit/></amt>
        <item>Cooking apples (Granny Smith)</item></ing>
      <ing>
        <amt>
          <qty>2</qty>
          <unit>tablespoons</unit></amt>
        <item>Sugar</item></ing>
      <ing>
        <amt>
          <qty>1/3</qty>
          <unit>cups</unit></amt>
        <item>Red wine</item></ing>
      <ing>
        <amt>
          <qty>3/4</qty>
          <unit>teaspoons</unit></amt>
        <item>Flour</item></ing>
      <ing>
        <amt>
          <qty>1/2</qty>
          <unit>cups</unit></amt>
        <item>Seedless grapes</item></ing>
      <ing>
        <amt>
          <qty>1</qty>
          <unit>small</unit></amt>
        <item>Onion; chopped</item></ing>
      <ing>
        <amt>
          <qty>3/4</qty>
          <unit>teaspoons</unit></amt>
        <item>Salt</item></ing>
      <ing>
        <amt>
          <qty>3/4</qty>
          <unit>tablespoons</unit></amt>
        <item>Butter</item></ing>
      <ing>
        <amt>
          <qty/>
          <unit>small</unit></amt>
        <item>Amount of vinegar</item></ing>
      <ing>
        <amt>
          <qty>From:</qty>
          <unit/></amt>
        <item>LD Goss &lt;ldgoss@METRONET.COM&gt;</item></ing>
      <ing>
        <amt>
          <qty>Date:</qty>
          <unit/></amt>
        <item>Mon, 15 Jul 1996 14:33:57 -0500</item></ing></ingredients>
    <directions>
      <step>  Pare and slice apples.  Shred cabbage, cook covered in small amount of
  boiling salted water for 8 to 10 minutes.  Add small amount of vinegar to
  preserve color.  Drain, reserving 1 cup liquid.  Place layer of cabbaage in
  butttered baking dish.  Combine grapes, apples, onion, sugar and salt.
  Arrange in alternate layers with cabbage, making top layer cabbage. Add
  cabbage liquid and wine. Dot with butter. Cover and bake at 375 F. for 1
  hour. Shake lour over top, mix lightly with fork and bake 15 minutes
  longer.
  
  EAT-L Digest 14 July 96
  
  From the EAT-L recipe list.  Downloaded from Glen's MM Recipe Archive,
  http://www.erols.com/hosey.
 
</step></directions></recipe></recipeml>
