<?xml version="1.0" encoding="UTF-8"?>

<recipeml version="0.5">
  <recipe>
    <head>
      <title>Baked Potato Quiche</title>
      <categories>
        <cat>Brunch</cat></categories>
      <yield>1</yield></head>
    <ingredients>
      <ing>
        <amt>
          <qty>1</qty>
          <unit>large</unit></amt>
        <item>Potato</item></ing>
      <ing>
        <amt>
          <qty>1</qty>
          <unit/></amt>
        <item>Egg</item></ing>
      <ing>
        <amt>
          <qty>1/4</qty>
          <unit>cups</unit></amt>
        <item>Milk or cream</item></ing>
      <ing>
        <amt>
          <qty>2</qty>
          <unit>tablespoons</unit></amt>
        <item>Shredded cheddar cheese</item></ing>
      <ing>
        <amt>
          <qty>1</qty>
          <unit>tablespoon</unit></amt>
        <item>Chopped broccoli; (up to 2)</item></ing>
      <ing>
        <amt>
          <qty>1</qty>
          <unit>tablespoon</unit></amt>
        <item>Chopped red pepper</item></ing>
      <ing>
        <amt>
          <qty>1/2</qty>
          <unit>tablespoons</unit></amt>
        <item>Bacon bits</item></ing></ingredients>
    <directions>
      <step>  Directions: Bake potato in microwave. Remove from microwave and wrap in
  heavy-duty foil. Cool. With knife, cut large section out of top of potato.
  Remove section and scoop baked potato out from inside, being careful not to
  tear potato skin and leaving at least 1/4" layer of potato inside. In small
  mixing bowl, beat together egg, milk and filling. Pour into potato shell.
  Place in small casserole dish and bake at 400 for 20 minutes or until
  quiche has set. Yield: 1 serving.
  
  Posted to recipelu-digest by P&amp;S Gruenwald &lt;sitm@ne.infi.net&gt; on Feb 20,
  1998
 
</step></directions></recipe></recipeml>
