<?xml version="1.0" encoding="UTF-8"?>

<recipeml version="0.5">
  <recipe>
    <head>
      <title>Baked Prawns and Mungbean Noodles - Kung Op Wun Sen</title>
      <categories>
        <cat>Thai</cat>
        <cat>Seafood</cat></categories>
      <yield>6</yield></head>
    <ingredients>
      <ing>
        <amt>
          <qty>1</qty>
          <unit>pound</unit></amt>
        <item>Prawns</item></ing>
      <ing>
        <amt>
          <qty>5</qty>
          <unit/></amt>
        <item>Coriander roots, crushed</item></ing>
      <ing>
        <amt>
          <qty>1</qty>
          <unit>tablespoon</unit></amt>
        <item>Pepper corns</item></ing>
      <ing>
        <amt>
          <qty>1</qty>
          <unit/></amt>
        <item>Onion, thinly sliced</item></ing>
      <ing>
        <amt>
          <qty>3</qty>
          <unit>slices</unit></amt>
        <item>Ginger, crushed</item></ing>
      <ing>
        <amt>
          <qty>2</qty>
          <unit>tablespoons</unit></amt>
        <item>Cooking oil</item></ing>
      <ing>
        <amt>
          <qty>1</qty>
          <unit>tablespoon</unit></amt>
        <item>Maggi sauce</item></ing>
      <ing>
        <amt>
          <qty>1/4</qty>
          <unit>teaspoons</unit></amt>
        <item>Salt</item></ing>
      <ing>
        <amt>
          <qty>1</qty>
          <unit>tablespoon</unit></amt>
        <item>Sugar</item></ing>
      <ing>
        <amt>
          <qty>1</qty>
          <unit>tablespoon</unit></amt>
        <item>Oyster sauce</item></ing>
      <ing>
        <amt>
          <qty>2</qty>
          <unit>tablespoons</unit></amt>
        <item>Light soy sauce</item></ing>
      <ing>
        <amt>
          <qty>1</qty>
          <unit>teaspoon</unit></amt>
        <item>Sesame oil</item></ing>
      <ing>
        <amt>
          <qty>1</qty>
          <unit>tablespoon</unit></amt>
        <item>Whiskey</item></ing>
      <ing>
        <amt>
          <qty>2</qty>
          <unit>cups</unit></amt>
        <item>Mungbean noodles, soaked and cut into short lengths</item></ing></ingredients>
    <directions>
      <step>  Place the oil in a wok, heat and stir fry the coriander root, ginger,
  pepper and onion. When fragrant, remove from the wok and place in a mixing
  bowl.
  
  Add the noodles, the sauces. salt, sugar, sesame oil and whiskey, toss the
  noodles until well coated, and then add the prawns and toss well once
  again.
  
  Divide the noodles and prawns into four individual portions; place each
  portion in a lidded cup, and close the lids. Place the cups on a baking
  tray and bake at 460 degrees F. until the prawns are done (about 10
  minutes).
  
  Serve hot with fresh vegetables, such as tomatoes and spring onions.
  
  From "The Elegant Taste of Thailand, Cha Am Cuisine" by Sisamon Kongpan and
  Pinyo Srisawat. SLG Books, Berkeley and Hong Kong, 1989. ISBN
  0-943389-05-4.
  
  File ftp://ftp.idiscover.co.uk/pub/food/mealmaster/recipes/mmdjaxxx.zip
 
</step></directions></recipe></recipeml>
