<?xml version="1.0" encoding="UTF-8"?>

<recipeml version="0.5">
  <recipe>
    <head>
      <title>Baked Potato Soup #2</title>
      <categories>
        <cat>Soup</cat></categories>
      <yield>6</yield></head>
    <ingredients>
      <ing>
        <amt>
          <qty>8</qty>
          <unit>ounces</unit></amt>
        <item>Baked potatoes</item></ing>
      <ing>
        <amt>
          <qty>1</qty>
          <unit>medium</unit></amt>
        <item>Chopped onion</item></ing>
      <ing>
        <amt>
          <qty>1</qty>
          <unit>tablespoon</unit></amt>
        <item>Chopped green onion</item></ing>
      <ing>
        <amt>
          <qty>2</qty>
          <unit>teaspoons</unit></amt>
        <item>Butter</item></ing>
      <ing>
        <amt>
          <qty>3</qty>
          <unit>cups</unit></amt>
        <item>Chicken stock</item></ing>
      <ing>
        <amt>
          <qty/>
          <unit/></amt>
        <item>Salt and pepper to taste</item></ing>
      <ing>
        <amt>
          <qty>1</qty>
          <unit>cup</unit></amt>
        <item>Half and half</item></ing>
      <ing>
        <amt>
          <qty/>
          <unit/></amt>
        <item>Sour cream</item></ing>
      <ing>
        <amt>
          <qty/>
          <unit/></amt>
        <item>Shredded Cheddar cheese</item></ing>
      <ing>
        <amt>
          <qty/>
          <unit/></amt>
        <item>Minced green onions</item></ing>
      <ing>
        <amt>
          <qty/>
          <unit/></amt>
        <item>Parsley</item></ing></ingredients>
    <directions>
      <step>  Date: Sun, 5 May 1996 18:24:11 +0000
  
  From: "Wendy Lockman" &lt;wlockman@ra1.randomc.com&gt;
  
  Peel potatoes. Reserve pulp. In a 2-quart sauce pan., saute onions in
  butter over medium-low heat until soft. Add chicken stock, salt, pepper and
  potato pulp. Stir to blend. Stir in half and half. Heat to serving
  temperature. GArnish bowl with sour cream, and green onions or parsley.
  
  MM-RECIPES@IDISCOVER.NET
  
  MEAL-MASTER RECIPES LISTSERVER
  
  MM-RECIPES DIGEST V3 #126
  
  From the MealMaster recipe list.  Downloaded from Glen's MM Recipe Archive,
  http://www.erols.com/hosey.
 
</step></directions></recipe></recipeml>
