<?xml version="1.0" encoding="UTF-8"?>

<recipeml version="0.5">
  <recipe>
    <head>
      <title>Baked Polenta</title>
      <categories>
        <cat>Poultry</cat></categories>
      <yield>4</yield></head>
    <ingredients>
      <ing>
        <amt>
          <qty>1</qty>
          <unit>quart</unit></amt>
        <item>Water</item></ing>
      <ing>
        <amt>
          <qty>1</qty>
          <unit>teaspoon</unit></amt>
        <item>Salt</item></ing>
      <ing>
        <amt>
          <qty>1</qty>
          <unit>cup</unit></amt>
        <item>Polenta</item></ing>
      <ing>
        <amt>
          <qty>1</qty>
          <unit>cup</unit></amt>
        <item>Grated parmesan or romano cheese</item></ing>
      <ing>
        <amt>
          <qty>1/2</qty>
          <unit/></amt>
        <item>Stick butter; melted -or-</item></ing>
      <ing>
        <amt>
          <qty>1/4</qty>
          <unit>cups</unit></amt>
        <item>Olive oil</item></ing></ingredients>
    <directions>
      <step>    This recipe illustrates an interesting bit of history. Corn came from the
  New World and was taken to Italy. Our beloved cornmeal mush be came known
  as polenta in Italy, and while in Italy Mr. Jefferson learned a new trick.
  He brought this recipe back with him and evidently served it often at the
  plantation.
  
    Bring the water to a boil. Add the salt and slowly stir in the polenta.
  Stir constantly to avoid lumps. After the mixture begins to thicken you can
  stir less frequently. Simmer for about 20 minutes or until very thick. Pour
  into a greased loaf mold or bread pan. Allow to cool in the refrigerator
  overnight.
  
    Cut into 1/4-inch slices and layer like tiles in a baking dish. Pour the
  butter or oil over the top and then the cheese. Bake in 375ø ovens for
  about 20 minutes, or until the cheese is melted and all begins to brown
  just a bit.
  
  INCLUDES OVERNIGHT CHILLING TIME
  
  From &lt;The Frugal Gourmet Cooks American&gt;.  Downloaded from Glen's MM Recipe
  Archive, http://www.erols.com/hosey.
 
</step></directions></recipe></recipeml>
