<?xml version="1.0" encoding="UTF-8"?>

<recipeml version="0.5">
  <recipe>
    <head>
      <title>Baked Ravioli</title>
      <categories>
        <cat>None</cat></categories>
      <yield>6</yield></head>
    <ingredients>
      <ing>
        <amt>
          <qty>3</qty>
          <unit>cups</unit></amt>
        <item>Milk</item></ing>
      <ing>
        <amt>
          <qty>2</qty>
          <unit>tablespoons</unit></amt>
        <item>Butter or margarine; divided</item></ing>
      <ing>
        <amt>
          <qty>1/4</qty>
          <unit>pounds</unit></amt>
        <item>Sliced baked ham; cut in thin strips</item></ing>
      <ing>
        <amt>
          <qty>1/4</qty>
          <unit>cups</unit></amt>
        <item>All-purpose flour</item></ing>
      <ing>
        <amt>
          <qty>1/2</qty>
          <unit>teaspoons</unit></amt>
        <item>Salt</item></ing>
      <ing>
        <amt>
          <qty>1/8</qty>
          <unit>teaspoons</unit></amt>
        <item>Freshly ground pepper</item></ing>
      <ing>
        <amt>
          <qty>1</qty>
          <unit>pinch</unit></amt>
        <item>Nutmeg</item></ing>
      <ing>
        <amt>
          <qty>1</qty>
          <unit>cup</unit></amt>
        <item>Shredded fontina cheese</item></ing>
      <ing>
        <amt>
          <qty>1</qty>
          <unit>cup</unit></amt>
        <item>Frozen peas</item></ing>
      <ing>
        <amt>
          <qty>1/4</qty>
          <unit>cups</unit></amt>
        <item>Chopped fresh parsley</item></ing>
      <ing>
        <amt>
          <qty>1</qty>
          <unit>pound</unit></amt>
        <item>Cheese-filled ravioli; cooked</item></ing>
      <ing>
        <amt>
          <qty>2</qty>
          <unit>tablespoons</unit></amt>
        <item>Freshly grated Parmesan cheese</item></ing></ingredients>
    <directions>
      <step>  1. Heat oven to 350øF. Bring milk to boil in medium saucepan over high
  heat. Melt 1 tablespoon butter in large saucepan over medium heat. Add ham
  and cook until it begins to brown, 3 to 5 minutes. Remove ham; set aside.
  
  2. Add 1 tablespoon butter to pan. Stir in flour; cook 1 minute. Gradually
  whisk in milk and bring to boil, whisking. Add salt, pepper and nutmeg;
  reduce heat and simmer, stirring, 5 minutes. Remove from heat; stir in
  fontina, peas, parsley and ham .
  
  3. Stir ravioli into sauce. Pour into shallow 3-quart baking dish. Sprinkle
  with Parmesan. Bake uncovered 25 minutes or until bubbly.
  
  NOTES : You can substitute fresh tortellini for the ravioli in this homey
  dish. Prep time: 20 minutes ; Baking time: 25 minutes ; Degree of
  difficulty: Easy PER SERVING ; Calories 505 ; Total Fat 26 g ; Saturated
  Fat 15 g ; Cholesterol 128 mg ; Sodium 1,099 mg ; Carbohydrates 40 g ;
  Protein 27 g
  Recipe by: Ladies Home Journal: http://www.lhj.com Recipe by A Standing
  Invitation Cookbook
  Posted to recipelu-digest by "Valerie Whittle" &lt;catspaw@inetnow.net&gt; on Feb
  19, 1998
 
</step></directions></recipe></recipeml>
