<?xml version="1.0" encoding="UTF-8"?>

<recipeml version="0.5">
  <recipe>
    <head>
      <title>Baked Pork Chops and Macaroni Creole</title>
      <categories>
        <cat>Pork &amp; ham</cat>
        <cat>Family &amp; fr</cat></categories>
      <yield>4</yield></head>
    <ingredients>
      <ing>
        <amt>
          <qty>4</qty>
          <unit/></amt>
        <item>Pork chops; thin shoulder</item></ing>
      <ing>
        <amt>
          <qty>1</qty>
          <unit>tablespoon</unit></amt>
        <item>Salad oil</item></ing>
      <ing>
        <amt>
          <qty>1</qty>
          <unit>cup</unit></amt>
        <item>Sliced onions</item></ing>
      <ing>
        <amt>
          <qty>1</qty>
          <unit/></amt>
        <item>Clove garlic; crushed</item></ing>
      <ing>
        <amt>
          <qty>1</qty>
          <unit>pound</unit></amt>
        <item>Canned tomatoes; whole, undrained</item></ing>
      <ing>
        <amt>
          <qty>1/2</qty>
          <unit>teaspoons</unit></amt>
        <item>Dried thyme</item></ing>
      <ing>
        <amt>
          <qty>1</qty>
          <unit/></amt>
        <item>Bay leaf; crumbled</item></ing>
      <ing>
        <amt>
          <qty/>
          <unit/></amt>
        <item>Salt; to taste</item></ing>
      <ing>
        <amt>
          <qty>1/8</qty>
          <unit>teaspoons</unit></amt>
        <item>Pepper</item></ing>
      <ing>
        <amt>
          <qty>2</qty>
          <unit>cups</unit></amt>
        <item>Cooked macaroni; elbow, cooked</item></ing></ingredients>
    <directions>
      <step>  Wipe hops with pamp paper towel, trim excess fat. Place on rack in broiler
  pan, broil on both sides until nicely browned. In hot oil in large skillet,
  oven proof, saute onion and garlic, stirring occasionally, until tender,
  about 5 minutes. Add tomatoes, thyme, bay leaf, 3/4 teaspoon salt and the
  pepper well. Add cooked macaroni to tomaoto mixture, mix well. Arrange
  chops on top. Bake covered 40 minutes or until chops are tender.
  Posted to MC-Recipe Digest by Barb at PK  &lt;abprice@wf.net&gt; on Apr 17, 1998
 
</step></directions></recipe></recipeml>
