<?xml version="1.0" encoding="UTF-8"?>

<recipeml version="0.5">
  <recipe>
    <head>
      <title>Baked Red Snapper, Valencia</title>
      <categories>
        <cat>Fish</cat>
        <cat>Rice</cat>
        <cat>Seafood</cat></categories>
      <yield>4</yield></head>
    <ingredients>
      <ing-div>
        <title/>
        <ing>
          <amt>
            <qty>1</qty>
            <unit>pound</unit></amt>
          <item>Red snapper fillets</item></ing></ing-div>
      <ing-div>
        <title>MARINADE</title>
        <ing>
          <amt>
            <qty/>
            <unit/></amt>
          <item>Fresh lime juice of 2 limes</item></ing>
        <ing>
          <amt>
            <qty>1</qty>
            <unit>tablespoon</unit></amt>
          <item>Worcestershire sauce</item></ing>
        <ing>
          <amt>
            <qty>1/4</qty>
            <unit>cups</unit></amt>
          <item>Olive oil</item></ing>
        <ing>
          <amt>
            <qty/>
            <unit/></amt>
          <item>Fresh or dry rosemary to taste</item></ing></ing-div>
      <ing-div>
        <title>SAUCE</title>
        <ing>
          <amt>
            <qty>2</qty>
            <unit>tablespoons</unit></amt>
          <item>Olive oil</item></ing>
        <ing>
          <amt>
            <qty>1</qty>
            <unit>medium</unit></amt>
          <item>Yellow onion; peeled and diced</item></ing>
        <ing>
          <amt>
            <qty>6</qty>
            <unit/></amt>
          <item>Cloves garlic; peeled and minced</item></ing>
        <ing>
          <amt>
            <qty>15</qty>
            <unit>ounces</unit></amt>
          <item>Tomatoes with liquid; peeled and diced</item></ing>
        <ing>
          <amt>
            <qty>1</qty>
            <unit>tablespoon</unit></amt>
          <item>Liquid hot sauce; (or more)</item></ing>
        <ing>
          <amt>
            <qty>1/2</qty>
            <unit>cups</unit></amt>
          <item>Fresh parsley; minced</item></ing>
        <ing>
          <amt>
            <qty>1</qty>
            <unit>tablespoon</unit></amt>
          <item>Fresh rosemary OR; minced</item></ing>
        <ing>
          <amt>
            <qty>1</qty>
            <unit>teaspoon</unit></amt>
          <item>Dried rosemary</item></ing>
        <ing>
          <amt>
            <qty>1</qty>
            <unit>slice</unit></amt>
          <item>Fresh ginger root; peeled, finely mince</item></ing>
        <ing>
          <amt>
            <qty>1</qty>
            <unit>tablespoon</unit></amt>
          <item>Granulated sugar</item></ing>
        <ing>
          <amt>
            <qty/>
            <unit/></amt>
          <item>To taste salt and freshly ground black pepper</item></ing>
        <ing>
          <amt>
            <qty>1</qty>
            <unit>teaspoon</unit></amt>
          <item>Worcestershire sauce</item></ing>
        <ing>
          <amt>
            <qty>1</qty>
            <unit>tablespoon</unit></amt>
          <item>Parmesan cheese; freshly grated</item></ing></ing-div></ingredients>
    <directions>
      <step>  If you like a lot of sauce and want to serve this with rice or pasta,
  double the sauce ingredients. Any firm fish can be substituted for the
  snapper.
  
  To absorb excess water in fish, place fillets on paper towels and squeeze
  gently. Combine marinade ingredients and pour over fish in a zipper bag.
  Refrigerate for an hour or so; turning occassionally.
  
  When ready to prepare, heat 2 tablespoons of olive oil in a 10-inch frying
  pan over medium heat and add onion and garlic. Cook until onion is soft and
  translucent, about 4 minutes. Add remaining ingredients, except fish.
  
  Cook, uncovered, over low heat until sauce is thick and smooth, about 15
  minutes. Meanwhile, preheat oven to 425 degrees. Place fish fillets in a
  single layer in a baking dish. Pour sauce over fish and bake, uncovered,
  until fish flakes when pierced with fork, about 20 minutes.
  
  Serve hot from the baking dish.
  
  Recipe by: The Basic Gourmet, modified by Candice Valencia
  
  Posted to TNT Recipes Digest by "Art Guyer" &lt;ThePoint@beachlink.com&gt; on Mar
  17, 1998
 
</step></directions></recipe></recipeml>
