<?xml version="1.0" encoding="UTF-8"?>

<recipeml version="0.5">
  <recipe>
    <head>
      <title>Baked Potato Soup</title>
      <categories>
        <cat>Soups</cat></categories>
      <yield>6</yield></head>
    <ingredients>
      <ing-div>
        <title/>
        <ing>
          <amt>
            <qty>6</qty>
            <unit>large</unit></amt>
          <item>Baking potatoes; to 8</item></ing>
        <ing>
          <amt>
            <qty>2</qty>
            <unit>cups</unit></amt>
          <item>Chicken stock</item></ing>
        <ing>
          <amt>
            <qty>1/2</qty>
            <unit>cups</unit></amt>
          <item>Margarine</item></ing>
        <ing>
          <amt>
            <qty>1/4</qty>
            <unit>cups</unit></amt>
          <item>Flour</item></ing>
        <ing>
          <amt>
            <qty>1</qty>
            <unit>medium</unit></amt>
          <item>Onion; chopped</item></ing>
        <ing>
          <amt>
            <qty>1</qty>
            <unit>tablespoon</unit></amt>
          <item>Parsley; chopped</item></ing>
        <ing>
          <amt>
            <qty>3/4</qty>
            <unit>teaspoons</unit></amt>
          <item>Pepper</item></ing>
        <ing>
          <amt>
            <qty>1</qty>
            <unit>teaspoon</unit></amt>
          <item>Garlic powder</item></ing>
        <ing>
          <amt>
            <qty>1</qty>
            <unit>teaspoon</unit></amt>
          <item>Salt</item></ing>
        <ing>
          <amt>
            <qty>1</qty>
            <unit>pint</unit></amt>
          <item>Heavy cream</item></ing></ing-div>
      <ing-div>
        <title>GARNISH</title></ing-div></ingredients>
    <directions>
      <step>       Cheese; grated                           Green onion; chopped
        Bacon bits
  
  Scrub potatoes, prick with fork and bake at 375~ for 1 hr. Potatoes should
  yield slightly when pressed. Halve potatoes, scoop out pulp, and cut into
  1/4" to 1/2" pieces. Measure 2 cups potato pulp and puree with stock in
  blender until smooth and creamy.  Melt margarine in lg. pot over. med.
  heat.  Stir in flour and cook, stirring constantly, until flour is light
  golden brown.  Add onions and cook until bacon is soft and translucent.
  Reduce heat to low and slowly add potato/chicken stock mixture, stirring
  constantly. Add remaining potato pieces along with parsley, pepper, garlic
  powder, and salt.  Add heavy cream and cook 30 to 45 mins. Adjust
  seasonings to taste. Serve with grated cheese, bacon bits, and chopped
  green onions. Serves 6 to 8.
  
  Source:  TPA Trib (1/2/97)
  Posted to MM-Recipes Digest V4 #257 by "Cindy Bell" &lt;lilbuddy@hotmail.com&gt;
  on Sep 30, 1997
 
</step></directions></recipe></recipeml>
