<?xml version="1.0" encoding="UTF-8"?>

<recipeml version="0.5">
  <recipe>
    <head>
      <title>Baked Provencal Ziti Provolone</title>
      <categories>
        <cat>None</cat></categories>
      <yield>4</yield></head>
    <ingredients>
      <ing>
        <amt>
          <qty>10</qty>
          <unit>ounces</unit></amt>
        <item>Uncooked ziti</item></ing>
      <ing>
        <amt>
          <qty>1</qty>
          <unit>cup</unit></amt>
        <item>Evaporated skimmed milk</item></ing>
      <ing>
        <amt>
          <qty>1/2</qty>
          <unit>cups</unit></amt>
        <item>Skim milk</item></ing>
      <ing>
        <amt>
          <qty>4</qty>
          <unit/></amt>
        <item>Egg whites</item></ing>
      <ing>
        <amt>
          <qty>1</qty>
          <unit>tablespoon</unit></amt>
        <item>Dijon mustard</item></ing>
      <ing>
        <amt>
          <qty>1/2</qty>
          <unit>teaspoons</unit></amt>
        <item>Salt</item></ing>
      <ing>
        <amt>
          <qty>1/2</qty>
          <unit>cups</unit></amt>
        <item>Finely chopped green onions; with tops</item></ing>
      <ing>
        <amt>
          <qty/>
          <unit/></amt>
        <item>Black pepper</item></ing>
      <ing>
        <amt>
          <qty>4</qty>
          <unit>ounces</unit></amt>
        <item>Provolone cheese; sliced</item></ing>
      <ing>
        <amt>
          <qty>2</qty>
          <unit>tablespoons</unit></amt>
        <item>Parmesan cheese; grated</item></ing></ingredients>
    <directions>
      <step>  Preheat oven to 325F. Spray 9" square baking pan with nonstick cooking
  spray.
  
  Cook pasta according to package directions; drain. Place in bottom of
  prepared pan.
  
  Meanwhite, combine evaporated milk, skim, milk, egg whites, mustard and
  salt in food processor or blender; process until smooth. Sprinkle green
  onions over pasta. Pour egg mixture over top. Sprinkle with pepper and top
  with Provolone cheese. Bake 35 minutes or until heated through. Remove from
  oven. Sprinkle with Parmesan cheese. Let stand 5 minutes before serving.
  Garnish, if desired.
  
  Recipe by: Favorite Brand Name Recipes--Casseroles &amp; Country Favorites
  
  Posted to MC-Recipe Digest V1 #990 by "creedenites"
  &lt;creedenites@sprintmail.com&gt; on Jan 7, 1998
 
</step></directions></recipe></recipeml>
