<?xml version="1.0" encoding="UTF-8"?>

<recipeml version="0.5">
  <recipe>
    <head>
      <title>Baked Potatoes with Chili (Ch</title>
      <categories>
        <cat/></categories>
      <yield>100</yield></head>
    <ingredients>
      <ing>
        <amt>
          <qty>3 1/4</qty>
          <unit>pounds</unit></amt>
        <item>CHEESE CHEDDER</item></ing>
      <ing>
        <amt>
          <qty>55</qty>
          <unit>pounds</unit></amt>
        <item>POTATOES FRENCH FZ</item></ing>
      <ing>
        <amt>
          <qty>10 1/3</qty>
          <unit>pounds</unit></amt>
        <item>BEANS KIDNEY #10</item></ing>
      <ing>
        <amt>
          <qty>2</qty>
          <unit>pounds</unit></amt>
        <item>ONIONS DRY</item></ing>
      <ing>
        <amt>
          <qty>2</qty>
          <unit>pounds</unit></amt>
        <item>PEPPER SWT GRN FRESH</item></ing>
      <ing>
        <amt>
          <qty>1/4</qty>
          <unit>cups</unit></amt>
        <item>SHORTENING; 3LB</item></ing>
      <ing>
        <amt>
          <qty>1</qty>
          <unit>tablespoon</unit></amt>
        <item>CHILI POWDER</item></ing></ingredients>
    <directions>
      <step>  :
  
  1.  PREPARE 1 RECIPE BAKED POTATOES, RECIPE NO. Q-44. SET ASIDE FOR USE
  IN STEP 4.
  
  2.  PREPARE 1/2 RECIPE CHILI CON CARNE WITH BEANS, RECIPE NO. L-59. SET
  ASIDE FOR USE IN STEP 4.
  
  3.  SPLIT POTATOES LENGTHWISE TO 1/2 INCH FROM EACH END; FLUFF WITH FORK.
  
  4.  USE 1/2 CUP (1-B-LADLE) CHILI CON CARNE WITH BEANS.
  
  5.  JUST BEFORE SERVING, GARNISH EACH POTATO WITH 2 TBSP CHEESE.
  :
  
  NOTE:  ONE B LADLE MAY BE USED FOR SERVING TOPPING. SEE RECIPE NO. A-4.
  EACH PORTION:  1 POTATO (6 3/4 OZ), 1/2 CUP (4 1/2 OZ) TOPPING, 2 TBSP
  (1/2 OZ) CHEESE.
  
  Recipe Number: Q08301
  
  SERVING SIZE: 1 POTATOE
  
  From the &lt;Army Master Recipe Index File&gt; (actually used today!).
  Downloaded from Glen's MM Recipe Archive, http://www.erols.com/hosey.
 
</step></directions></recipe></recipeml>
