<?xml version="1.0" encoding="UTF-8"?>

<recipeml version="0.5">
  <recipe>
    <head>
      <title>Baked Polenta with Garlic</title>
      <categories>
        <cat>Mexican</cat>
        <cat>Side dishes</cat></categories>
      <yield>6</yield></head>
    <ingredients>
      <ing>
        <amt>
          <qty>2 3/4</qty>
          <unit>cups</unit></amt>
        <item>Chicken broth; *see note</item></ing>
      <ing>
        <amt>
          <qty>2</qty>
          <unit>cups</unit></amt>
        <item>Water</item></ing>
      <ing>
        <amt>
          <qty>1 1/2</qty>
          <unit>cups</unit></amt>
        <item>Milk</item></ing>
      <ing>
        <amt>
          <qty>3</qty>
          <unit/></amt>
        <item>Cloves garlic; minced</item></ing>
      <ing>
        <amt>
          <qty>1 1/2</qty>
          <unit>teaspoons</unit></amt>
        <item>Fresh rosemary; chopped</item></ing>
      <ing>
        <amt>
          <qty>1/2</qty>
          <unit>teaspoons</unit></amt>
        <item>Salt</item></ing>
      <ing>
        <amt>
          <qty>1 1/2</qty>
          <unit>cups</unit></amt>
        <item>Yellow cornmeal</item></ing>
      <ing>
        <amt>
          <qty>8</qty>
          <unit>tablespoons</unit></amt>
        <item>Fresh parmesan; grated</item></ing></ingredients>
    <directions>
      <step>  1. Preheat oven to 375 degrees. Butter a 2 quart souffle dish. 2. Bring the
  first 6 ingredients to a boil in a heavy saucepan. 3. Gradually add
  cornmeal, whisking until smooth. 4. Reduce heat to low; cook until cornmeal
  is soft and mixture is thick and creamy, about 12 minutes. 5. Remove from
  the heat; stir in 6 Tablespons parmesan cheese and season to taste with
  pepper. 6. Transfer to prepared souffle dish, sprinkle with remaining
  parmesan cheese and bake for about 30 minutes until heated through and
  golden brown on top.
  
  Notes: You can prepare this 1 day ahead up to step 6. Cool, cover and store
  in the refrigerator and then just pop in the oven about 40 minutes before
  ready to serve.
  
  Recipe by: Bon Appetit - February 1997
  
  Posted to recipelu-digest Volume 01 Number 351 by RecipeLu
  &lt;recipelu@geocities.com&gt; on Dec 09, 1997
 
</step></directions></recipe></recipeml>
