<?xml version="1.0" encoding="UTF-8"?>

<recipeml version="0.5">
  <recipe>
    <head>
      <title>Baked Potatoes Stuffed with Avocados</title>
      <categories>
        <cat>None</cat></categories>
      <yield>6</yield></head>
    <ingredients>
      <ing>
        <amt>
          <qty>3</qty>
          <unit/></amt>
        <item>Idaho potatoes</item></ing>
      <ing>
        <amt>
          <qty>1</qty>
          <unit>cup</unit></amt>
        <item>Sour cream</item></ing>
      <ing>
        <amt>
          <qty>1/2</qty>
          <unit>cups</unit></amt>
        <item>Diced avacado</item></ing>
      <ing>
        <amt>
          <qty>2</qty>
          <unit>teaspoons</unit></amt>
        <item>Salt</item></ing>
      <ing>
        <amt>
          <qty/>
          <unit/></amt>
        <item>Freshly ground black pepper to taste</item></ing>
      <ing>
        <amt>
          <qty/>
          <unit/></amt>
        <item>Butter</item></ing></ingredients>
    <directions>
      <step>  from: The White House Chef Cookbook by Rene Verdon
  
  1. Bake the potatoes until done. Half the potatoes lengthwise and scoop out
  the insides with care.
  
  2. Whip the potato pulp together with sour cream, avocado, salt and pepper.
  
  3. Fill the potato shells, dot with butter, and bake ia a preheated 375
  Degree oven for about 10 minutes until lightly browned.
  
  Posted to MM-Recipes Digest V4 #298 by "Maria M. Schaefer"
  &lt;mariam@startext.net&gt; on Nov 18, 1997
 
</step></directions></recipe></recipeml>
