<?xml version="1.0" encoding="UTF-8"?>

<recipeml version="0.5">
  <recipe>
    <head>
      <title>Baked Potato Salad</title>
      <categories>
        <cat>Salads</cat>
        <cat>Vegetables</cat>
        <cat>Taste of ho</cat></categories>
      <yield>16</yield></head>
    <ingredients>
      <ing>
        <amt>
          <qty>4 1/2</qty>
          <unit>pounds</unit></amt>
        <item>Potatoes; peel, 3/4" chunks</item></ing>
      <ing>
        <amt>
          <qty>1/4</qty>
          <unit>cups</unit></amt>
        <item>Olive or vegetable oil</item></ing>
      <ing>
        <amt>
          <qty>2</qty>
          <unit/></amt>
        <item>Env Italian salad dressing, mix; .7oz ea</item></ing>
      <ing>
        <amt>
          <qty>1</qty>
          <unit>medium</unit></amt>
        <item>Green pepper, chop</item></ing>
      <ing>
        <amt>
          <qty>1</qty>
          <unit>medium</unit></amt>
        <item>Sweet red pepper, chop</item></ing>
      <ing>
        <amt>
          <qty>1</qty>
          <unit>bunch</unit></amt>
        <item>Green onions, chop</item></ing>
      <ing>
        <amt>
          <qty>2</qty>
          <unit>large</unit></amt>
        <item>Tomatoes, chop</item></ing>
      <ing>
        <amt>
          <qty>4</qty>
          <unit/></amt>
        <item>Eggs; hard-cook, chop</item></ing>
      <ing>
        <amt>
          <qty>5</qty>
          <unit>slices</unit></amt>
        <item>Bacon; crisp, crumble</item></ing>
      <ing>
        <amt>
          <qty>1 1/2</qty>
          <unit>cups</unit></amt>
        <item>Mayo</item></ing>
      <ing>
        <amt>
          <qty>1</qty>
          <unit>tablespoon</unit></amt>
        <item>Vinegar</item></ing>
      <ing>
        <amt>
          <qty>1</qty>
          <unit>tablespoon</unit></amt>
        <item>Lemon juice</item></ing>
      <ing>
        <amt>
          <qty>2</qty>
          <unit>teaspoons</unit></amt>
        <item>Dried basil</item></ing>
      <ing>
        <amt>
          <qty>1</qty>
          <unit>teaspoon</unit></amt>
        <item>Salt</item></ing>
      <ing>
        <amt>
          <qty>1/2</qty>
          <unit>teaspoons</unit></amt>
        <item>Pepper</item></ing>
      <ing>
        <amt>
          <qty>1/4</qty>
          <unit>teaspoons</unit></amt>
        <item>Garlic powder</item></ing></ingredients>
    <directions>
      <step>  In a large bowl, toss the potatoes with oil and dressing mixes. Place in 2
  greased 13x9 pans. Bake, uncovered, at 400~ for 45 minutes or until tender.
  Cool. Transfer to a large bowl; add peppers, onions, tomatoes, eggs and
  bacon. Toss gently. Combine remaining ingredients in small bowl; mix well.
  Pour over salad and stir gently. Cover and refrigerate for at least 1 hour.
  
  Source: Taste of Home.
  
  Posted to MC-Recipe Digest V1 #643 by Nancy Berry &lt;nlberry@prodigy.net&gt; on
  Jun 11, 1997
 
</step></directions></recipe></recipeml>
