<?xml version="1.0" encoding="UTF-8"?>

<recipeml version="0.5">
  <recipe>
    <head>
      <title>Baked Pineapple #1</title>
      <categories>
        <cat>Dessert</cat></categories>
      <yield>6</yield></head>
    <ingredients>
      <ing>
        <amt>
          <qty>2</qty>
          <unit>cans</unit></amt>
        <item>(no. 2) pineapple chunks</item></ing>
      <ing>
        <amt>
          <qty>1/2</qty>
          <unit>cups</unit></amt>
        <item>Sugar</item></ing>
      <ing>
        <amt>
          <qty>1/2</qty>
          <unit>cups</unit></amt>
        <item>Flour</item></ing>
      <ing>
        <amt>
          <qty>1/4</qty>
          <unit>pounds</unit></amt>
        <item>Pasteurized processed cheese; grated</item></ing></ingredients>
    <directions>
      <step>  Drain pineapple, saving juice. Combine sugar &amp; flour. Butter baking dish.
  Line with layer of pineapple. Sprinkle half the flour-sugar mixture over
  pineapple, then half the cheese. Add remaining pineapple &amp; top with rest of
  sugar, flour &amp; cheese. Pour pineapple juice over top, inserting fork in 2-3
  places to allow juice to seep to bottom. Bake covered at 300 for 45 minutes
  or until mixture appears clear. Remove cover &amp; let brown in oven about 15
  minutes. Keep warm while serving. (Great with ham or duck.)
  
  BECKY JANE TAYLOR
  
  From &lt;Simply Southern&gt;, the Desoto School Mothers' Assn, Helena-West
  Helena, AR 72390.  Downloaded from Glen's MM Recipe Archive,
  http://www.erols.com/hosey.
 
</step></directions></recipe></recipeml>
