<?xml version="1.0" encoding="UTF-8"?>

<recipeml version="0.5">
  <recipe>
    <head>
      <title>Baked Potato Crisps W/ Yogurt Cheese and Smoked Salmon</title>
      <categories>
        <cat>Cooking liv</cat>
        <cat>Vegetables</cat></categories>
      <yield>50</yield></head>
    <ingredients>
      <ing>
        <amt>
          <qty>2</qty>
          <unit>large</unit></amt>
        <item>Russet potatoes</item></ing>
      <ing>
        <amt>
          <qty/>
          <unit/></amt>
        <item>Olive oil</item></ing>
      <ing>
        <amt>
          <qty>14</qty>
          <unit>ounces</unit></amt>
        <item>Smoked salmon; sliced thin</item></ing>
      <ing>
        <amt>
          <qty>6</qty>
          <unit>ounces</unit></amt>
        <item>Yogurt cheese</item></ing>
      <ing>
        <amt>
          <qty>1</qty>
          <unit>teaspoon</unit></amt>
        <item>Finely grated lemon zest</item></ing>
      <ing>
        <amt>
          <qty>2</qty>
          <unit>tablespoons</unit></amt>
        <item>Chopped chives</item></ing>
      <ing>
        <amt>
          <qty>2</qty>
          <unit>tablespoons</unit></amt>
        <item>Snipped fresh dill</item></ing>
      <ing>
        <amt>
          <qty/>
          <unit/></amt>
        <item>Salt and freshly ground black pepper</item></ing>
      <ing>
        <amt>
          <qty/>
          <unit/></amt>
        <item>Dill sprigs and chives for garnish</item></ing></ingredients>
    <directions>
      <step>  Preheat oven to 375 degrees. Line 2 large baking sheets with parchment
  paper. With a mandoline or other manual slicer, cut potatoes into 1/8-inch
  slices. Arrange slices on parchment lined pan and brush with oil. Sprinkle
  potatoes with salt and pepper. Bake potatoes in the middle of the oven
  until golden, 15 -20 minutes, and with a spatula immediately transfer
  slices to a rack to cool completely. Trim salmon and cut into approximately
  1 x 3-inch slices or 50 irregular shaped pieces. Combine yogurt-cheese with
  lemon zest, chives and dill. Top each potato chip with 1 teaspoon
  yogurt-cheese and 1 slice smoked salmon. Garnish with dill, garnish plate
  with whole chives.
  
  Yield: About 50 crisps
  Recipe By     : COOKING LIVE SHOW #CL8742
  
  Posted to MC-Recipe Digest V1 #252
  
  Date: Sun, 20 Oct 1996 13:18:50 -0500
  
  From: "Jon and Angele Freeman" &lt;jfreeman@netusa1.net&gt;
 
</step></directions></recipe></recipeml>
