<?xml version="1.0" encoding="UTF-8"?>

<recipeml version="0.5">
  <recipe>
    <head>
      <title>Baked Pork Chops and Rice</title>
      <categories>
        <cat>Pork &amp; ham</cat>
        <cat>Family &amp; fr</cat></categories>
      <yield>8</yield></head>
    <ingredients>
      <ing>
        <amt>
          <qty>8</qty>
          <unit/></amt>
        <item>Pork chops; center cut</item></ing>
      <ing>
        <amt>
          <qty/>
          <unit/></amt>
        <item>Salt and pepper; to taste</item></ing>
      <ing>
        <amt>
          <qty>2</qty>
          <unit>tablespoons</unit></amt>
        <item>Salad oil</item></ing>
      <ing>
        <amt>
          <qty>1 1/2</qty>
          <unit>cups</unit></amt>
        <item>Long-grain rice</item></ing>
      <ing>
        <amt>
          <qty>1</qty>
          <unit>can</unit></amt>
        <item>Mushrooms</item></ing>
      <ing>
        <amt>
          <qty>1</qty>
          <unit>can</unit></amt>
        <item>Beef consomme</item></ing>
      <ing>
        <amt>
          <qty>1 1/2</qty>
          <unit>cans</unit></amt>
        <item>Water; soup cans</item></ing>
      <ing>
        <amt>
          <qty>1</qty>
          <unit/></amt>
        <item>Green pepper; sliced</item></ing>
      <ing>
        <amt>
          <qty>1</qty>
          <unit/></amt>
        <item>Onion; sliced</item></ing>
      <ing>
        <amt>
          <qty>1</qty>
          <unit/></amt>
        <item>Tomato; sliced</item></ing></ingredients>
    <directions>
      <step>  Season meat, saute in oil until well browned. Combine rice, mushrooms,
  consumme and water; place in a lightly greased casserole dish. Arrange
  chops on top. Place a slice of pepper, onion and tomato on top of each
  chop. Cover tightly.
  
  Bake at 350 degrees for 1 hour and 30 minutes.
  Posted to MC-Recipe Digest by Barb at PK  &lt;abprice@wf.net&gt; on Apr 17, 1998
 
</step></directions></recipe></recipeml>
