<?xml version="1.0" encoding="UTF-8"?>

<recipeml version="0.5">
  <recipe>
    <head>
      <title>Baked Potato Sticks</title>
      <categories>
        <cat>Vegetables</cat></categories>
      <yield>6</yield></head>
    <ingredients>
      <ing>
        <amt>
          <qty>6</qty>
          <unit>medium</unit></amt>
        <item>Baking potatoes</item></ing>
      <ing>
        <amt>
          <qty>9</qty>
          <unit>tablespoons</unit></amt>
        <item>Butter</item></ing>
      <ing>
        <amt>
          <qty>1 1/2</qty>
          <unit>teaspoons</unit></amt>
        <item>Salt</item></ing>
      <ing>
        <amt>
          <qty>1</qty>
          <unit>teaspoon</unit></amt>
        <item>Freshly ground pepper</item></ing></ingredients>
    <directions>
      <step>  1. Preheat oven to 400 degrees F. Scrub and quarter potatoes. Melt butter
  in a 9- by 12-inch ovenproof baking dish in oven.
  
  2. Place potato quarters in dish and turn to coat with melted butter;
  arrange potatoes cut side down and sprinkle with salt and pepper. Bake
  until tender when pierced with a sharp knife (30 to 35 minutes).
  
  Recipe By     : The California Culinary Academy
  
  File ftp://ftp.idiscover.co.uk/pub/food/mealmaster/recipes/mmdja006.zip
 
</step></directions></recipe></recipeml>
