<?xml version="1.0" encoding="UTF-8"?>

<recipeml version="0.5">
  <recipe>
    <head>
      <title>Baked Potatoes with Chili</title>
      <categories>
        <cat/></categories>
      <yield>100</yield></head>
    <ingredients>
      <ing>
        <amt>
          <qty>2 1/4</qty>
          <unit>gallons</unit></amt>
        <item>WATER; BOILING</item></ing>
      <ing>
        <amt>
          <qty>1</qty>
          <unit>gallon</unit></amt>
        <item>WATER; HOT </item></ing>
      <ing>
        <amt>
          <qty>12</qty>
          <unit>pounds</unit></amt>
        <item>BEEF GROUND FZ</item></ing>
      <ing>
        <amt>
          <qty>3 1/4</qty>
          <unit>pounds</unit></amt>
        <item>CHEESE CHEDDER</item></ing>
      <ing>
        <amt>
          <qty>1 3/4</qty>
          <unit>cups</unit></amt>
        <item>TOMATO PASTE #2 1/2</item></ing>
      <ing>
        <amt>
          <qty>1 1/8</qty>
          <unit>teaspoons</unit></amt>
        <item>GARLIC DEHY GRA</item></ing>
      <ing>
        <amt>
          <qty>1 1/2</qty>
          <unit>quarts</unit></amt>
        <item>TOMATOES # 10 CAN</item></ing>
      <ing>
        <amt>
          <qty>55</qty>
          <unit>pounds</unit></amt>
        <item>POTATOES FRENCH FZ</item></ing>
      <ing>
        <amt>
          <qty>1</qty>
          <unit>pound</unit></amt>
        <item>ONIONS DRY</item></ing>
      <ing>
        <amt>
          <qty>4</qty>
          <unit>pounds</unit></amt>
        <item>BEANS WHITE DRY 2 LB</item></ing>
      <ing>
        <amt>
          <qty>1</qty>
          <unit>tablespoon</unit></amt>
        <item>PEPPER RED GROUND</item></ing>
      <ing>
        <amt>
          <qty>3/4</qty>
          <unit>cups</unit></amt>
        <item>CHILI POWDER</item></ing>
      <ing>
        <amt>
          <qty>1/4</qty>
          <unit>cups</unit></amt>
        <item>PAPRIKA GROUND</item></ing>
      <ing>
        <amt>
          <qty>1 1/2</qty>
          <unit>tablespoons</unit></amt>
        <item>SALT TABLE 5LB</item></ing>
      <ing>
        <amt>
          <qty>1</qty>
          <unit>tablespoon</unit></amt>
        <item>SALT TABLE 5LB</item></ing></ingredients>
    <directions>
      <step>  1.  PREPARE 1 RECIPE BAKED POTATOES, RECIPE NO. Q-44. SET ASIDE FOR USE
  IN STEP 4.
  
  2.  PREPARE 1/2 RECIPE CHILI CON CARNE, RECIPE NO. L-28. SET ASIDE FOR USE
  IN STEP 4.
  
  3.  SPLIT POTATOES LENGTHWISE TO 1/2 INCH FROM EACH END; FLUFF WITH FORK.
  
  4.  POUR 1/2 CUP (1-B LADLE) CHILI TOPPING INTO POTATO.
  
  5.  JUST BEFORE SERVING, GARNISH EACH POTATO WITH 2 TBSP CHEESE.
  :
  
  NOTE:  ONE B LADLE MAY BE USED FOR SERVING TOPPING. SEE RECIPE NO. A-4.
  
  Recipe Number: Q08300
  
  SERVING SIZE: 1 POTATOE
  
  From the &lt;Army Master Recipe Index File&gt; (actually used today!).
  Downloaded from Glen's MM Recipe Archive, http://www.erols.com/hosey.
 
</step></directions></recipe></recipeml>
