<?xml version="1.0" encoding="UTF-8"?>

<recipeml version="0.5">
  <recipe>
    <head>
      <title>Baked Potato Spears</title>
      <categories>
        <cat>Vegetable</cat></categories>
      <yield>4</yield></head>
    <ingredients>
      <ing>
        <amt>
          <qty>3</qty>
          <unit>large</unit></amt>
        <item>Baking potatoes</item></ing>
      <ing>
        <amt>
          <qty>1/4</qty>
          <unit>cups</unit></amt>
        <item>Miracle Whip salad dressing</item></ing>
      <ing>
        <amt>
          <qty/>
          <unit/></amt>
        <item>Onion salt</item></ing>
      <ing>
        <amt>
          <qty/>
          <unit/></amt>
        <item>Pepper</item></ing></ingredients>
    <directions>
      <step>  From: Wendy Lockman &lt;wlockman@ra1.randomc.com&gt;
  
  Date: Sun, 24 Mar 1996 01:04:42 -0500
  Scrub the potatoes and cut them lengthwise into thick slices, then cut the
  slices into thick strips. Brush the strips with the salad dressing. Place
  on a greased 15 1/2 X 10 1/2-inch jelly roll pan and season to taste with
  the onion salt and pepper. Bake in a preheated 375 Degree F for 50 minutes
  or until tender and golden brown.
  
  NOTE: The recipe can be doubled for an entertaining snack or to serve with
  hamburgers or bratwurst.
  
  MC-RECIPE@MASTERCOOK.COM
  
  MASTERCOOK RECIPES LIST SERVER
  
  From the MasterCook recipe list.  Downloaded from Glen's MM Recipe Archive,
  http://www.erols.com/hosey.
 
</step></directions></recipe></recipeml>
