<?xml version="1.0" encoding="UTF-8"?>

<recipeml version="0.5">
  <recipe>
    <head>
      <title>Baked Portabella Mushroom Mozzarella</title>
      <categories>
        <cat>Vegetable</cat></categories>
      <yield>2</yield></head>
    <ingredients>
      <ing>
        <amt>
          <qty>4 1/2</qty>
          <unit>ounces</unit></amt>
        <item>Portabella mushroom slices</item></ing>
      <ing>
        <amt>
          <qty>2</qty>
          <unit>tablespoons</unit></amt>
        <item>Extra virgin olive oil</item></ing>
      <ing>
        <amt>
          <qty>1</qty>
          <unit>tablespoon</unit></amt>
        <item>Toasted wheat germ</item></ing>
      <ing>
        <amt>
          <qty>2 2/3</qty>
          <unit>ounces</unit></amt>
        <item>Pasta zesta</item></ing>
      <ing>
        <amt>
          <qty/>
          <unit/></amt>
        <item>Water to cook pasta</item></ing>
      <ing>
        <amt>
          <qty>1</qty>
          <unit>cup</unit></amt>
        <item>Chunky tomato sauce</item></ing>
      <ing>
        <amt>
          <qty>1/2</qty>
          <unit>teaspoons</unit></amt>
        <item>Garlic</item></ing>
      <ing>
        <amt>
          <qty>1/4</qty>
          <unit>teaspoons</unit></amt>
        <item>Basil</item></ing>
      <ing>
        <amt>
          <qty>1/2</qty>
          <unit>teaspoons</unit></amt>
        <item>Oregano</item></ing>
      <ing>
        <amt>
          <qty>1</qty>
          <unit>pinch</unit></amt>
        <item>Red pepper flakes</item></ing>
      <ing>
        <amt>
          <qty>3</qty>
          <unit>ounces</unit></amt>
        <item>Mozzarella cheese; part skim (Healthy Choice)</item></ing>
      <ing>
        <amt>
          <qty/>
          <unit/></amt>
        <item>Chopped parsley; garnish</item></ing></ingredients>
    <directions>
      <step>  From: PatH &lt;phannema@wizard.ucr.edu&gt;
  
  Date: Tue, 7 May 1996 16:01:52 -0700 (PDT)
  
  Recipe by: Hanneman
  
  The idea: substitute portabella mushroom for the meat in a favorite Italian
  recipe.
  
  This served 2 easily and would have served 3.  Pre-warm/cook everything,
  assemble it in a casserole, top with mozzarella and bake it about 15
  minutes.
  
  PastaZesta is a new product for us. It's a spaghetti, homemade, dried, flat
  like soba, made of durum wheat, flavored with various - we chose tomat and
  basil.  No eggs!  Very light and flavorful.  Cooks in 3 minutes. It comes
  in a tan 8-oz box and was near the bottled sauces. We recommend it. Made in
  Canada.
  
  STEP #1  Using a micro-wave proof dish, like a pyrex measure, combine the
  tomato sauce, garlic, basil, oregano and red pepper flakes.  Zap at 100% fo
  about 2 minutes (700 watts). Stir and let stand.
  
  MEANWHILE prepare the pasta.
  
  STEP #2  Heat oil in skillet.  Press some (what you can) wheat germ into th
  slices of mushroom and saute over medium-high heat, turning once, about 1
  1/2 to 2 minutes per side. Remove from heat.
  
  STEP #3  Set oven temperature to 375oF.  Place drained pasta in a shallow
  casserole. Pour half the sauce on top and spread.  Season with pepper (a
  little salt).  Sprinkle on remaining wheat germ, especially along the outer
  edge where it will catch the sauce. Layer the mushroom slices on top of
  that. Pour on the remaining sauce. Top with cheese. Top with parsley. Bake
  about 15 minutes until cheese is melted and beginning to brown.
  
  Nice served with asparagus.
  
  MC-RECIPE@MASTERCOOK.COM
  
  MASTERCOOK RECIPES LIST SERVER
  
  MC-RECIPE DIGEST V1 #76
  
  From the MasterCook recipe list.  Downloaded from Glen's MM Recipe Archive,
  http://www.erols.com/hosey.
 
</step></directions></recipe></recipeml>
