<?xml version="1.0" encoding="UTF-8"?>

<recipeml version="0.5">
  <recipe>
    <head>
      <title>Baked Pumpkin Puree</title>
      <categories>
        <cat>Miscellaneo</cat></categories>
      <yield>4</yield></head>
    <ingredients>
      <ing>
        <amt>
          <qty>7</qty>
          <unit>pounds</unit></amt>
        <item>Pumpkin</item></ing>
      <ing>
        <amt>
          <qty>1/4</qty>
          <unit>teaspoons</unit></amt>
        <item>Salt</item></ing></ingredients>
    <directions>
      <step>  Preheat oven to 375. Halve pumpkin crosswise and scoop out seeds and
  strings. Place pumpkin halves in a large baking dish, shallow side down.
  Bake, uncovered, for two hours, or until fork tender. Remove from oven and
  cool. Scrape pulp from shells and puree in a food processor. Add salt. Use
  immediately in any recipes calling for pumpkin puree or freeze for future
  use.
  
  Per serving: 145 Calories; 1g Fat (3% calories from fat); 6g Protein; 36g
  Carbohydrate; 0mg Cholesterol; 139mg Sodium
  
  NOTES : Yields: 1 quart (four cup servings)
  
  Recipe by: Unknown
  
  Posted to recipelu-digest Volume 01 Number 190 by "Anita A. Matejka"
  &lt;matejka@bga.com&gt; on Nov 2, 97
 
</step></directions></recipe></recipeml>
