<?xml version="1.0" encoding="UTF-8"?>

<recipeml version="0.5">
  <recipe>
    <head>
      <title>Baked Potato with Curried Mushrooms</title>
      <categories>
        <cat>Main dish</cat>
        <cat>Vegetarian</cat></categories>
      <yield>1</yield></head>
    <ingredients>
      <ing>
        <amt>
          <qty>1</qty>
          <unit/></amt>
        <item>6 oz 180 g potato scrubbed.</item></ing>
      <ing>
        <amt>
          <qty>1</qty>
          <unit>teaspoon</unit></amt>
        <item>Margarine.</item></ing>
      <ing>
        <amt>
          <qty>1</qty>
          <unit/></amt>
        <item>Shallot or small onion</item></ing>
      <ing>
        <amt>
          <qty/>
          <unit/></amt>
        <item>Chopped</item></ing>
      <ing>
        <amt>
          <qty>2</qty>
          <unit>ounces</unit></amt>
        <item>60 g mushrooms wiped and</item></ing>
      <ing>
        <amt>
          <qty/>
          <unit/></amt>
        <item>Sliced</item></ing>
      <ing>
        <amt>
          <qty>1</qty>
          <unit>teaspoon</unit></amt>
        <item>Mild curry powder.</item></ing>
      <ing>
        <amt>
          <qty>1</qty>
          <unit>teaspoon</unit></amt>
        <item>Tomato puree.</item></ing>
      <ing>
        <amt>
          <qty>1</qty>
          <unit>tablespoon</unit></amt>
        <item>Low fat natural yogurt.</item></ing>
      <ing>
        <amt>
          <qty>1</qty>
          <unit>teaspoon</unit></amt>
        <item>Fresh mint or half tsp dried</item></ing>
      <ing>
        <amt>
          <qty/>
          <unit/></amt>
        <item>(optional)</item></ing>
      <ing>
        <amt>
          <qty/>
          <unit/></amt>
        <item>Salt and pepper.</item></ing>
      <ing>
        <amt>
          <qty/>
          <unit/></amt>
        <item>Sprig of fresh mint to</item></ing>
      <ing>
        <amt>
          <qty/>
          <unit/></amt>
        <item>Garnish</item></ing></ingredients>
    <directions>
      <step>  1. Preheat the oven to 200 c 400 f gas mark 6. 2. Bake the potato in the
  oven for about 1 hour until cooked: (alternatively microwave on high for
  approximately 6 minutes). 3. Meanwhile heat the margarine in a small
  saucepan and saute with shallots or onion for about 5 minutes until
  softened. Add the mushrooms and cook for 2 more minutes. Add the curry
  powder and stir well. 4. Blend the tomato puree and yoghurt. Add the
  chopped mint if using, and season with salt and pepper. Stir into the
  mushroom mixture and heat gently for one to two minutes stirring
  constantly. 5. Split the baked potato and fill with the curried mushroom
  mixture. Garnish with a sprig of mint. Preparation 10 minutes: cooking 1
  hour (10 minutes if microwaved).
  
  From Gemini's MASSIVE MealMaster collection at www.synapse.com/~gemini
 
</step></directions></recipe></recipeml>
