<?xml version="1.0" encoding="UTF-8"?>

<recipeml version="0.5">
  <recipe>
    <head>
      <title>Baked Potatoes W/hamburge</title>
      <categories>
        <cat/></categories>
      <yield>100</yield></head>
    <ingredients>
      <ing>
        <amt>
          <qty>3 1/4</qty>
          <unit>quarts</unit></amt>
        <item>WATER; WARM</item></ing>
      <ing>
        <amt>
          <qty>5</qty>
          <unit>quarts</unit></amt>
        <item>WATER &amp; MUSHROOM LIQUID</item></ing>
      <ing>
        <amt>
          <qty>12 1/2</qty>
          <unit>pounds</unit></amt>
        <item>BEEF GROUND FZ</item></ing>
      <ing>
        <amt>
          <qty>3 1/4</qty>
          <unit>pounds</unit></amt>
        <item>CHEESE CHEDDER</item></ing>
      <ing>
        <amt>
          <qty>1</qty>
          <unit>quart</unit></amt>
        <item>SOUR CREAM 12 OZ</item></ing>
      <ing>
        <amt>
          <qty>3/4</qty>
          <unit>quarts</unit></amt>
        <item>MILK; DRY NON-FAT L HEAT</item></ing>
      <ing>
        <amt>
          <qty>3/4</qty>
          <unit>teaspoons</unit></amt>
        <item>GARLIC DEHY GRA</item></ing>
      <ing>
        <amt>
          <qty>55</qty>
          <unit>pounds</unit></amt>
        <item>POTATOES FRENCH FZ</item></ing>
      <ing>
        <amt>
          <qty>2 2/3</qty>
          <unit>pounds</unit></amt>
        <item>MUSHROOMS 16 OZ</item></ing>
      <ing>
        <amt>
          <qty>1 2/3</qty>
          <unit>pounds</unit></amt>
        <item>ONIONS DRY</item></ing>
      <ing>
        <amt>
          <qty>1/2</qty>
          <unit>quarts</unit></amt>
        <item>FLOUR GEN PURPOSE 10LB</item></ing>
      <ing>
        <amt>
          <qty>1/2</qty>
          <unit>tablespoons</unit></amt>
        <item>PEPPER BLACK 1 LB CN</item></ing>
      <ing>
        <amt>
          <qty>2 1/2</qty>
          <unit>tablespoons</unit></amt>
        <item>PAPRIKA GROUND</item></ing>
      <ing>
        <amt>
          <qty>3</qty>
          <unit>tablespoons</unit></amt>
        <item>SALT TABLE 5LB</item></ing></ingredients>
    <directions>
      <step>  1.  PREPARE 1 RECIPE BAKED POTATOES, RECIPE NO. Q-44. SET ASIDE FOR USE
  IN STEP 4.
  
  2.  PREPARE 1/2 RECIPE HAMBURGER STROGANOFF, RECIPE NO. L-53-2. SET ASIDE
  
  4.  POUR 1/2 CUP (1-B LADLE) HAMBURGER STROGANOFF TOPPING INTO POTATO.
  
  5.  JUST BEFORE SERVING, GARNISH EACH POTATO WITH 2 TBSP CHEESE.
  :
  
  NOTE:  ONE B LADLE MAY BE USED FOR SERVING TOPPING. SEE RECIPE NO. A-4.
  EACH PORTION:  1 POTATO (6 3/4 OZ), 1/2 CUP (4 OZ) TOPPING, 2 TBSP
  (1/2 OZ) CHEESE.
  
  Recipe Number: Q08305
  
  SERVING SIZE: 1 POTATO (
  
  From the &lt;Army Master Recipe Index File&gt; (actually used today!).
  Downloaded from Glen's MM Recipe Archive, http://www.erols.com/hosey.
 
</step></directions></recipe></recipeml>
