<?xml version="1.0" encoding="UTF-8"?>

<recipeml version="0.5">
  <recipe>
    <head>
      <title>Baked Potatoes, Farmer Style</title>
      <categories>
        <cat>Vegetables</cat>
        <cat>Cheese/eggs</cat></categories>
      <yield>1</yield></head>
    <ingredients>
      <ing>
        <amt>
          <qty>6</qty>
          <unit>large</unit></amt>
        <item>Idaho Potatoes (about 3 lb)</item></ing>
      <ing>
        <amt>
          <qty>2</qty>
          <unit>tablespoons</unit></amt>
        <item>Butter or margarine</item></ing>
      <ing>
        <amt>
          <qty>3</qty>
          <unit>tablespoons</unit></amt>
        <item>Salad oil</item></ing>
      <ing>
        <amt>
          <qty>1 1/4</qty>
          <unit>cups</unit></amt>
        <item>Onion, finely chopped</item></ing>
      <ing>
        <amt>
          <qty>1 1/4</qty>
          <unit>cups</unit></amt>
        <item>Green pepper, finely chopped</item></ing>
      <ing>
        <amt>
          <qty>1/2</qty>
          <unit>cups</unit></amt>
        <item>Milk</item></ing>
      <ing>
        <amt>
          <qty>1/4</qty>
          <unit>cups</unit></amt>
        <item>Butter or margarine</item></ing>
      <ing>
        <amt>
          <qty>1 1/2</qty>
          <unit>teaspoons</unit></amt>
        <item>Salt</item></ing>
      <ing>
        <amt>
          <qty>1/4</qty>
          <unit>teaspoons</unit></amt>
        <item>Pepper</item></ing>
      <ing>
        <amt>
          <qty>1</qty>
          <unit>teaspoon</unit></amt>
        <item>Paprika</item></ing>
      <ing>
        <amt>
          <qty>1 1/2</qty>
          <unit>cups</unit></amt>
        <item>Grated Cheddar cheese (6 oz)</item></ing>
      <ing>
        <amt>
          <qty>1</qty>
          <unit/></amt>
        <item>Preheat oven to 425øF.</item></ing></ingredients>
    <directions>
      <step>  2. Wash and scrub potatoes; dry thoroughly. Rub surface with 2 tablespoons
  butter. Prick skin with fork, to let steam escape durning cooking. 3. Bake
  50 to 60 minutes. Potatoes are done when they can be easily pierced with
  fork. 4. Slash tops in an X; then gently squeeze; with fork, remove most of
  potato to large bowl, keeping skin intact. Mash potato with fork. 5. In hot
  oil in medium skillet, saute onion and green pepper until tender- about 5
  minutes. Heat milk. 6. Add sauted vegetables, hot milk, butter, salt,
  pepper, paprika and 1 cup grated cheese to mashed potato, mixing well with
  fork. Pile lightly into potato shells, mounding high. Sprinkle rest of
  grated cheese over tops of potatoes, dividing evenly. 7. Return to oven;
  bake 15 minutes, or until thoroughly hot and cheese is melted. Makes 6
  servings Recipe From: McCall's, April 1982 Joan Johnson
  
  Converted by MMCONV vers. 1.20
  
  From Gemini's MASSIVE MealMaster collection at www.synapse.com/~gemini
 
</step></directions></recipe></recipeml>
