<?xml version="1.0" encoding="UTF-8"?>

<recipeml version="0.5">
  <recipe>
    <head>
      <title>Baked Pineapple</title>
      <categories>
        <cat>Breakfasts</cat></categories>
      <yield>6</yield></head>
    <ingredients>
      <ing>
        <amt>
          <qty>2</qty>
          <unit>tablespoons</unit></amt>
        <item>Cornstarch</item></ing>
      <ing>
        <amt>
          <qty>1/4</qty>
          <unit>cups</unit></amt>
        <item>Water</item></ing>
      <ing>
        <amt>
          <qty>2</qty>
          <unit/></amt>
        <item>Eggs; beaten</item></ing>
      <ing>
        <amt>
          <qty>1</qty>
          <unit>can</unit></amt>
        <item>(15 1/4 oz.) crushed pineapple; undrained</item></ing>
      <ing>
        <amt>
          <qty>1/2</qty>
          <unit>cups</unit></amt>
        <item>Sugar</item></ing>
      <ing>
        <amt>
          <qty>1</qty>
          <unit>teaspoon</unit></amt>
        <item>Vanilla extract</item></ing>
      <ing>
        <amt>
          <qty/>
          <unit/></amt>
        <item>Butter or margarine</item></ing>
      <ing>
        <amt>
          <qty/>
          <unit/></amt>
        <item>Ground cinnamon</item></ing></ingredients>
    <directions>
      <step>  Combine cornstarch and water; stir until smooth. Add eggs, and blend well.
  Add pineapple, sugar, and vanilla; mix well. Pour into a lightly greased 1
  1/2-quart casserole; dot with butter, and sprinkle with cinnamon. Bake at
  350 for 1 hour. Yields 6 servings.
  
  Recipe by: The Park House
  
  Posted to MC-Recipe Digest by SuzyWert@aol.com on Feb 12, 1998
 
</step></directions></recipe></recipeml>
