<?xml version="1.0" encoding="UTF-8"?>

<recipeml version="0.5">
  <recipe>
    <head>
      <title>Baked Potato Slices</title>
      <categories>
        <cat>Potatoes</cat>
        <cat>To post</cat></categories>
      <yield>1</yield></head>
    <ingredients>
      <ing>
        <amt>
          <qty>4</qty>
          <unit>medium</unit></amt>
        <item>Potatoes</item></ing>
      <ing>
        <amt>
          <qty>1</qty>
          <unit>teaspoon</unit></amt>
        <item>Salt</item></ing>
      <ing>
        <amt>
          <qty>3</qty>
          <unit>tablespoons</unit></amt>
        <item>Melted butter</item></ing>
      <ing>
        <amt>
          <qty>3</qty>
          <unit>tablespoons</unit></amt>
        <item>Chopped fresh herbs -OR-</item></ing>
      <ing>
        <amt>
          <qty>3</qty>
          <unit>teaspoons</unit></amt>
        <item>Dried herbs -OR-</item></ing>
      <ing>
        <amt>
          <qty>1 1/2</qty>
          <unit>teaspoons</unit></amt>
        <item>Caraway seeds or cumin</item></ing>
      <ing>
        <amt>
          <qty>4</qty>
          <unit>tablespoons</unit></amt>
        <item>Grated cheddar cheese</item></ing>
      <ing>
        <amt>
          <qty>1 1/2</qty>
          <unit>tablespoons</unit></amt>
        <item>Parmesan cheese</item></ing></ingredients>
    <directions>
      <step>  1) Peel potatoes if the skin is tough, otherwise just scrub and rinse
  
  2) Cut potatoes into thin slices but not all the way through. Use a handle
  of a spoon to prevent the knife from cutting all the way.
  
  3) Put potatoes in a baking dish. Fan them slightly.
  
  4) Sprinkle with sale and drizzle with butter. Sprinkle with herbs.
  
  5) Bake potatoes at 425 degrees for about 50 minutes
  
  6) Remove from oven. Sprinkle with cheeses.
  
  7) Bake potatoes for another 10 to 15 minutes until lightly browned,
  cheeses are melted and potatoes are soft inside. Check with a fork.
  
  Notes: For fresh herbs use, parsely, sage, thyme, basil or your favourite.
  
  Formatted &amp; Busted by RecipeLu &lt;recipelu@recipelu.com&gt;
  Posted to recipelu-digest Volume 01 Number 209 by RecipeLu
  &lt;recipelu@geocities.com&gt; on Nov 07, 1997
 
</step></directions></recipe></recipeml>
