<?xml version="1.0" encoding="UTF-8"?>

<recipeml version="0.5">
  <recipe>
    <head>
      <title>Baked Potato Soup</title>
      <categories>
        <cat>Soups</cat></categories>
      <yield>1</yield></head>
    <ingredients>
      <ing>
        <amt>
          <qty>2</qty>
          <unit>ounces</unit></amt>
        <item>Bacon grease</item></ing>
      <ing>
        <amt>
          <qty>1</qty>
          <unit>pound</unit></amt>
        <item>Yellow onion; medium diced</item></ing>
      <ing>
        <amt>
          <qty>1</qty>
          <unit/></amt>
        <item>Green bell pepper; seeded, medium diced</item></ing>
      <ing>
        <amt>
          <qty>1</qty>
          <unit/></amt>
        <item>Red bell pepper; medium diced</item></ing>
      <ing>
        <amt>
          <qty>2</qty>
          <unit>bunches</unit></amt>
        <item>Green onion; small diced</item></ing>
      <ing>
        <amt>
          <qty>5</qty>
          <unit>pounds</unit></amt>
        <item>Leftover baked potato; large diced</item></ing>
      <ing>
        <amt>
          <qty>6</qty>
          <unit>ounces</unit></amt>
        <item>Chicken base</item></ing>
      <ing>
        <amt>
          <qty>4</qty>
          <unit>tablespoons</unit></amt>
        <item>Lemon pepper</item></ing>
      <ing>
        <amt>
          <qty>1</qty>
          <unit>tablespoon</unit></amt>
        <item>Tabasco sauce</item></ing>
      <ing>
        <amt>
          <qty>2</qty>
          <unit>gallons</unit></amt>
        <item>Water or chicken stock</item></ing>
      <ing>
        <amt>
          <qty>1</qty>
          <unit>pound</unit></amt>
        <item>Butter</item></ing>
      <ing>
        <amt>
          <qty>3</qty>
          <unit>cups</unit></amt>
        <item>Flour</item></ing>
      <ing>
        <amt>
          <qty>16</qty>
          <unit>ounces</unit></amt>
        <item>Country gravy mix</item></ing>
      <ing>
        <amt>
          <qty>1</qty>
          <unit>quart</unit></amt>
        <item>Half and half</item></ing>
      <ing>
        <amt>
          <qty/>
          <unit/></amt>
        <item>As needed vit. D milk</item></ing></ingredients>
    <directions>
      <step>  1. In a large stock pot add bacon grease let heat.
  
  2. add onion &amp; bell peppers saute for 5 minutes.
  
  3. add green onion &amp; baked potato, saute additional 5 minutes.
  
  4. add water or stock, all seasoning, including chicken base and bring to a
  simmer.
  
  5. In a seperate pan cook butter &amp; flour (roux). when it starts to turn a
  lighter color let cool and then add to simmering pot. Let this cook for 20
  minutes.
  
  6. In a seperate bowl mix half n half with gravy mix and then stir into the
  soup. Let the soup simmer an additional 15 minutes adding milk as needed to
  thin out soup.
  
  NOTES : Serving: Place soup in a bowl and add on top real bacon bits, green
  onion, &amp; cheddar cheese. Popular soup at the restaurant, this is the actual
  recipe....
  Recipe by: Jamie, Az.(local Restaurant)
  
  Posted to recipelu-digest Volume 01 Number 512 by CuisineArt
  &lt;CuisineArt@aol.com&gt; on Jan 13, 1998
 
</step></directions></recipe></recipeml>
