<?xml version="1.0" encoding="UTF-8"?>

<recipeml version="0.5">
  <recipe>
    <head>
      <title>Baked Potato Crisp</title>
      <categories>
        <cat>None</cat></categories>
      <yield>1</yield></head>
    <ingredients>
      <ing>
        <amt>
          <qty>2</qty>
          <unit/></amt>
        <item>Baking potatoes; about 1/2-3/4 esch;unpeeled and well scrubbed</item></ing>
      <ing>
        <amt>
          <qty>1</qty>
          <unit>tablespoon</unit></amt>
        <item>Cranola oil or cooking spray</item></ing>
      <ing>
        <amt>
          <qty/>
          <unit/></amt>
        <item>Salt and freshly pepper</item></ing>
      <ing>
        <amt>
          <qty>1</qty>
          <unit>teaspoon</unit></amt>
        <item>Chopped fresh chives; optional</item></ing>
      <ing>
        <amt>
          <qty>1</qty>
          <unit>teaspoon</unit></amt>
        <item>Chopped fresh parsley; optional</item></ing></ingredients>
    <directions>
      <step>  Source: Willians Sonoma (good Cooking)
  
  Preheat an oven to 400F. Oil 2 nonstick baking sheets with spray or oil.
  Cut the potatoes into slices 1/8 inch tick. Place the potatoes in a bowl
  and toss with the oil to coat evenly, or coat with spray. Seasson to taste
  with soat and pepper. Place on the prepared baking sheets. Bake until crisp
  and browned, 20-25 minutes. Transfer to serving dish and toss with the
  chives and parsley is desired. Taste and adjust the seasoning. Serve
  immediately.
  
  Posted to JEWISH-FOOD digest by Linda Shapiro &lt;lss@coconet.com&gt; on Feb 20,
  1998
 
</step></directions></recipe></recipeml>
