<?xml version="1.0" encoding="UTF-8"?>

<recipeml version="0.5">
  <recipe>
    <head>
      <title>Baked Potatoes with Chees</title>
      <categories>
        <cat/></categories>
      <yield>100</yield></head>
    <ingredients>
      <ing>
        <amt>
          <qty>11 1/4</qty>
          <unit>quarts</unit></amt>
        <item>WATER; WARM</item></ing>
      <ing>
        <amt>
          <qty>4 1/2</qty>
          <unit>pounds</unit></amt>
        <item>CHEESE CHEDDER</item></ing>
      <ing>
        <amt>
          <qty>2 1/4</qty>
          <unit>pounds</unit></amt>
        <item>BUTTER PRINT SURE</item></ing>
      <ing>
        <amt>
          <qty>9</qty>
          <unit>cups</unit></amt>
        <item>MILK; DRY NON-FAT L HEAT</item></ing>
      <ing>
        <amt>
          <qty>55</qty>
          <unit>pounds</unit></amt>
        <item>POTATOES FRENCH FZ</item></ing>
      <ing>
        <amt>
          <qty>6</qty>
          <unit>cups</unit></amt>
        <item>FLOUR GEN PURPOSE 10LB</item></ing>
      <ing>
        <amt>
          <qty>3</qty>
          <unit>tablespoons</unit></amt>
        <item>SALT TABLE 5LB</item></ing></ingredients>
    <directions>
      <step>  1.  PREPARE 1 RECIPE BAKED POTATOES, RECIPE NO. Q-44. SET ASIDE FOR USE
  IN STEP 4.
  
  2.  PREPARE 3 RECIPES CHEESE SAUCE, RECIPE NO. O-1-2. SET ASIDE FOR USE
  IN STEP 4.
  
  3.  SPLIT POTATOES LENGTHWISE TO 1/2 INCH FROM EACH END; FLUFF WITH FORK.
  
  4.  POUR 1/2 CUP (1-B LADLE) CHEESE SAUCE TOPPING INTO POTATO.
  :
  
  NOTE:  ONE B LADLE MAY BE USED FOR SERVING TOPPING. SEE RECIPE NO. A-4.
  EACH PORTION: 1 POTATO (6 3/4 OZ), 1/2 CUP (4 1/2 OZ) CHEESE SAUCE.
  
  Recipe Number: Q08303
  
  SERVING SIZE: 1 POT. (6
  
  From the &lt;Army Master Recipe Index File&gt; (actually used today!).
  Downloaded from Glen's MM Recipe Archive, http://www.erols.com/hosey.
 
</step></directions></recipe></recipeml>
