<?xml version="1.0" encoding="UTF-8"?>

<recipeml version="0.5">
  <recipe>
    <head>
      <title>Baked Potatoes W/broccoli and Chee</title>
      <categories>
        <cat/></categories>
      <yield>100</yield></head>
    <ingredients>
      <ing>
        <amt>
          <qty>5 5/8</qty>
          <unit>quarts</unit></amt>
        <item>WATER; WARM</item></ing>
      <ing>
        <amt>
          <qty>2</qty>
          <unit>gallons</unit></amt>
        <item>WATER TO COVER</item></ing>
      <ing>
        <amt>
          <qty>2 1/4</qty>
          <unit>pounds</unit></amt>
        <item>CHEESE CHEDDER</item></ing>
      <ing>
        <amt>
          <qty>2 1/4</qty>
          <unit>cups</unit></amt>
        <item>BUTTER PRINT SURE</item></ing>
      <ing>
        <amt>
          <qty>4 1/2</qty>
          <unit>cups</unit></amt>
        <item>MILK; DRY NON-FAT L HEAT</item></ing>
      <ing>
        <amt>
          <qty>20</qty>
          <unit>pounds</unit></amt>
        <item>BROCCOLI FZ</item></ing>
      <ing>
        <amt>
          <qty>55</qty>
          <unit>pounds</unit></amt>
        <item>POTATOES FRENCH FZ</item></ing>
      <ing>
        <amt>
          <qty>3</qty>
          <unit>cups</unit></amt>
        <item>FLOUR GEN PURPOSE 10LB</item></ing>
      <ing>
        <amt>
          <qty>3</qty>
          <unit>tablespoons</unit></amt>
        <item>SALT TABLE 5LB</item></ing>
      <ing>
        <amt>
          <qty>1 1/2</qty>
          <unit>tablespoons</unit></amt>
        <item>SALT TABLE 5LB</item></ing></ingredients>
    <directions>
      <step>  1.  PREPARE 1 RECIPE BAKED POTATOES, RECIPE NO. Q-44. SET ASIDE FOR USE
  IN STEP 4.
  
  2.  PREPARE 1 1/2 RECIPES CHEESE SAUCE, RECIPE NO. O-1-2, AND 1 RECIPE
  BROCCOLI, RECIPE NO. Q-G-3. CHOP COOKED BROCCOLI INTO 1-INCH PIECES;
  SET ASIDE FOR USE IN STEP 4.
  
  3.  SPLIT POTATOES LENGTHWISE TO 1/2 INCH FROM EACH END; FLUFF WITH FORK.
  
  4.  PLACE 1/2 CUP BROCCOLI INTO POTATO; COVER WITH 1/4 CUP (1-A LADLE)
  CHEESE SAUCE TOPPING.
  :
  
  NOTE:  ONE B LADLE MAY BE USED FOR SERVING TOPPING. SEE RECIPE NO. A-4.
  EACH PORTION:  1 POTATO (6 3/4 OZ), 1/2 CUP (2 1/2 OZ) CHOPPED BROCCOLI,
      1/4    CUP (2 1/4 OZ) CHEESE SAUCE.
  
  Recipe Number: Q08304
  
  SERVING SIZE: 1 POTATO-1
  
  From the &lt;Army Master Recipe Index File&gt; (actually used today!).
  Downloaded from Glen's MM Recipe Archive, http://www.erols.com/hosey.
 
</step></directions></recipe></recipeml>
