<?xml version="1.0" encoding="UTF-8"?>

<recipeml version="0.5">
  <recipe>
    <head>
      <title>Baked Pork Chops in Mushroom Burgundy</title>
      <categories>
        <cat>Meat</cat></categories>
      <yield>2</yield></head>
    <ingredients>
      <ing>
        <amt>
          <qty>2</qty>
          <unit/></amt>
        <item>6-oz pork chops</item></ing>
      <ing>
        <amt>
          <qty>1</qty>
          <unit>tablespoon</unit></amt>
        <item>Butter</item></ing>
      <ing>
        <amt>
          <qty>1</qty>
          <unit/></amt>
        <item>Minced onion</item></ing>
      <ing>
        <amt>
          <qty>1</qty>
          <unit>cup</unit></amt>
        <item>Sliced fresh mushrooms</item></ing>
      <ing>
        <amt>
          <qty>1</qty>
          <unit>tablespoon</unit></amt>
        <item>Flour</item></ing>
      <ing>
        <amt>
          <qty>3/4</qty>
          <unit>cups</unit></amt>
        <item>Burgundy</item></ing>
      <ing>
        <amt>
          <qty>1</qty>
          <unit/></amt>
        <item>Egg yolk beaten</item></ing>
      <ing>
        <amt>
          <qty>2</qty>
          <unit>tablespoons</unit></amt>
        <item>Sour cream</item></ing>
      <ing>
        <amt>
          <qty>1/4</qty>
          <unit>cups</unit></amt>
        <item>Milk</item></ing>
      <ing>
        <amt>
          <qty>From:</qty>
          <unit/></amt>
        <item>Patricia Moore &lt;PCPJMOOR@IHC.COM&gt;</item></ing>
      <ing>
        <amt>
          <qty>Date:</qty>
          <unit/></amt>
        <item>Thu, 11 Jul 1996 18:14:31 -0700</item></ing></ingredients>
    <directions>
      <step>  Saute pork in butter until brown, remove from skillet and place in shallow
  buttered baking dish.  Saute onion and mushrooms, sprinkle with flour and
  salt and pepper. Blend in burgundy until thickened. Pour over pork, cover.
  Bake 350 degree oven 1 hour or simmer med heat 45 min. Remove pork and keep
  warm. Blend into sauce the egg yolk, sour cream and milk. Cook and stir
  without boiling until thickened. Pour over pork.
  
  EAT-L Digest 10 July 96
  
  From the EAT-L recipe list.  Downloaded from Glen's MM Recipe Archive,
  http://www.erols.com/hosey.
 
</step></directions></recipe></recipeml>
