<?xml version="1.0" encoding="UTF-8"?>

<recipeml version="0.5">
  <recipe>
    <head>
      <title>Baked Potato Soup (Hard Rock Cafe)</title>
      <categories>
        <cat>Soups/stews</cat></categories>
      <yield>1</yield></head>
    <ingredients>
      <ing>
        <amt>
          <qty>6</qty>
          <unit/></amt>
        <item>To 8 slices bacon</item></ing>
      <ing>
        <amt>
          <qty>1</qty>
          <unit>cup</unit></amt>
        <item>Diced yellow onions</item></ing>
      <ing>
        <amt>
          <qty>2/3</qty>
          <unit>cups</unit></amt>
        <item>Flour</item></ing>
      <ing>
        <amt>
          <qty>6</qty>
          <unit>cups</unit></amt>
        <item>Hot chicken stock</item></ing>
      <ing>
        <amt>
          <qty>4</qty>
          <unit>cups</unit></amt>
        <item>Diced -- peeled baked</item></ing>
      <ing>
        <amt>
          <qty/>
          <unit/></amt>
        <item>Potatoes</item></ing>
      <ing>
        <amt>
          <qty>2</qty>
          <unit>cups</unit></amt>
        <item>Heavy cream</item></ing>
      <ing>
        <amt>
          <qty>1/4</qty>
          <unit>cups</unit></amt>
        <item>Chopped parsley</item></ing>
      <ing>
        <amt>
          <qty>1 1/2</qty>
          <unit>teaspoons</unit></amt>
        <item>Granulated garlic</item></ing>
      <ing>
        <amt>
          <qty>1 1/2</qty>
          <unit>teaspoons</unit></amt>
        <item>Dried basil</item></ing>
      <ing>
        <amt>
          <qty>1 1/2</qty>
          <unit>teaspoons</unit></amt>
        <item>Salt</item></ing>
      <ing>
        <amt>
          <qty>1 1/2</qty>
          <unit>teaspoons</unit></amt>
        <item>Red pepper sauce</item></ing>
      <ing>
        <amt>
          <qty>1 1/2</qty>
          <unit>teaspoons</unit></amt>
        <item>Coarse black pepper</item></ing>
      <ing>
        <amt>
          <qty>1</qty>
          <unit>cup</unit></amt>
        <item>Grated Cheddar cheese</item></ing>
      <ing>
        <amt>
          <qty>1/4</qty>
          <unit>cups</unit></amt>
        <item>Diced green onions -- white</item></ing>
      <ing>
        <amt>
          <qty/>
          <unit/></amt>
        <item>Part only</item></ing>
      <ing>
        <amt>
          <qty/>
          <unit/></amt>
        <item>Additional chopped bacon --</item></ing>
      <ing>
        <amt>
          <qty/>
          <unit/></amt>
        <item>Grated cheese and</item></ing>
      <ing>
        <amt>
          <qty/>
          <unit/></amt>
        <item>Chopped parsley for</item></ing>
      <ing>
        <amt>
          <qty/>
          <unit/></amt>
        <item>Garnish</item></ing></ingredients>
    <directions>
      <step>  Fry bacon until crisp.  Chop bacon and reserve drippings. Cook onions in
  remaining drippings over medium-high heat until transparent, about 3
  minutes. Add flour, stirring to prevent lumps. Cook 3 - 5 minutes until mix
  just begins to run golden.  Add chicken stock gradually, whisking to
  prevent lumps, until liquid thickens. Reduce heat to simmer and add
  potatoes, cream, chopped bacon, parsley, garlic, basil, salt, pepper sauce
  and black pepper.  Simmer 10 minutes; DO NOT ALLOW TO BOIL. Add grated
  cheese and green onions.
  
  Heat until cheese melts smoothly. Garnish each serving as desired with
  chopped bacon, grated cheese and chopped parsley.
  
  Recipe By     : Mike Czopek
  Posted to MM-Recipes Digest V4 #303 by "John Weber" &lt;hdbrer@ibm.net&gt; on Nov
  23, 97
 
</step></directions></recipe></recipeml>
