<?xml version="1.0" encoding="UTF-8"?>

<recipeml version="0.5">
  <recipe>
    <head>
      <title>Baked Ratatouille with Cheese Custard</title>
      <categories>
        <cat>None</cat></categories>
      <yield>1</yield></head>
    <ingredients>
      <ing-div>
        <title>FOR RATATOUILLE</title>
        <ing>
          <amt>
            <qty>5</qty>
            <unit>tablespoons</unit></amt>
          <item>Olive oil</item></ing>
        <ing>
          <amt>
            <qty>1 1/2</qty>
            <unit>pounds</unit></amt>
          <item>Eggplant; (about 1 large), peeled and cut into 1/2-inch cubes</item></ing>
        <ing>
          <amt>
            <qty>2</qty>
            <unit>medium</unit></amt>
          <item>Onions; chopped fine</item></ing>
        <ing>
          <amt>
            <qty>4</qty>
            <unit>large</unit></amt>
          <item>Garlic cloves; minced</item></ing>
        <ing>
          <amt>
            <qty>1/4</qty>
            <unit>teaspoons</unit></amt>
          <item>Dried hot red pepper flakes</item></ing>
        <ing>
          <amt>
            <qty>1</qty>
            <unit/></amt>
          <item>Red bell pepper; cut into 1/2-inch pieces</item></ing>
        <ing>
          <amt>
            <qty>1</qty>
            <unit/></amt>
          <item>Yellow bell pepper; cut into 1/2-inch pieces</item></ing>
        <ing>
          <amt>
            <qty>1</qty>
            <unit/></amt>
          <item>Green bell pepper; cut into 1/2-inch pieces</item></ing>
        <ing>
          <amt>
            <qty>1</qty>
            <unit>pound</unit></amt>
          <item>Vine-ripened tomatoes; seeded and chopped fine, or a 28-ounce can whole tomatoes, drained and chopped fine</item></ing>
        <ing>
          <amt>
            <qty>1</qty>
            <unit>cup</unit></amt>
          <item>Cooked chick-peas; rinsed and drained if canned</item></ing>
        <ing>
          <amt>
            <qty>2/3</qty>
            <unit>cups</unit></amt>
          <item>Packed fresh basil leaves; washed well, spun dry, and chopped</item></ing>
        <ing>
          <amt>
            <qty>2/3</qty>
            <unit>cups</unit></amt>
          <item>Packed fresh parsley leaves; washed well, spun dry, and chopped</item></ing>
        <ing>
          <amt>
            <qty>1/4</qty>
            <unit>teaspoons</unit></amt>
          <item>Ground allspice</item></ing>
        <ing>
          <amt>
            <qty/>
            <unit/></amt>
          <item>Freshly ground black pepper to taste</item></ing></ing-div>
      <ing-div>
        <title>CHEESE CUSTARD</title>
        <ing>
          <amt>
            <qty>1/2</qty>
            <unit/></amt>
          <item>Stick; (1/4 cup) unsalted butter</item></ing>
        <ing>
          <amt>
            <qty>1/3</qty>
            <unit>cups</unit></amt>
          <item>All-purpose flour</item></ing>
        <ing>
          <amt>
            <qty>2</qty>
            <unit>cups</unit></amt>
          <item>Milk</item></ing>
        <ing>
          <amt>
            <qty>1/2</qty>
            <unit>cups</unit></amt>
          <item>Freshly Parmesan; (about 2 ounces)</item></ing>
        <ing>
          <amt>
            <qty>3</qty>
            <unit>large</unit></amt>
          <item>Egg yolks</item></ing></ing-div></ingredients>
    <directions>
      <step>  Make ratatouille: In a 12-inch non-stick skillet heat 2 tablespoons oil
  over moderate heat until hot but not smoking and cook half of eggplant,
  stirring frequently, until golden brown and tender, about 6 minutes.
  Transfer cooked eggplant to a 2- to 2 1/2-quart gratin dish or other
  shallow baking dish. Cook remaining eggplant in 2 tablespoons oil in same
  manner and add to dish.
  
  In skillet cook onions, garlic, and red pepper flakes in remaining
  tablespoon oil over moderately low heat, stirring, until onions are
  softened. Add bell peppers and cook over moderate heat, stirring
  occasionally, until tender, about 8 minutes. Stir in remaining ratatouille
  ingredients and simmer, stirring occasionally, 5 minutes. Season mixture
  with salt and additional pepper and spoon evenly over eggplant.
  
  Preheat oven to 375°F.
  
  Make cheese custard: In a 1 1/2-quart heavy saucepan melt butter over
  moderately low heat and whisk in flour. Cook roux, whisking, 3 minutes and
  whisk in milk in a stream and salt and pepper to taste. Bring sauce to
  boil, whisking constantly, and simmer, whisking, 2 minutes. Stir in
  Parmesan and remove pan from heat. In a heatproof bowl whisk yolks together
  and whisk in about one fourth of sauce. Whisk yolk mixture into remaining
  sauce.
  
  Spoon custard over ratatouille. Ratatouille may be prepared up to this
  point 4 hours ahead and chilled, covered.
  
  Bake ratatouille in middle of oven 45 minutes, or until custard is lightly
  browned. Cool ratatouille 10 minutes before serving.
  
  Serves 4 to 6 as a main course or 8 as a side dish
  
  Gourmet September 1995
  
  Posted to recipelu-digest by Sandy &lt;sandysno@pctech.net&gt; on Mar 05, 1998
 
</step></directions></recipe></recipeml>
