<?xml version="1.0" encoding="UTF-8"?>

<recipeml version="0.5">
  <recipe>
    <head>
      <title>Baked Polenta W/italian Sausage Mushrooms and Three Cheese</title>
      <categories>
        <cat>Cheese</cat>
        <cat>Italian</cat>
        <cat>Meats</cat></categories>
      <yield>6</yield></head>
    <ingredients>
      <ing-div>
        <title/>
        <ing>
          <amt>
            <qty>1</qty>
            <unit>tablespoon</unit></amt>
          <item>Fruity olive oil</item></ing>
        <ing>
          <amt>
            <qty>1</qty>
            <unit>small</unit></amt>
          <item>Yellow onion; chopped</item></ing>
        <ing>
          <amt>
            <qty>2</qty>
            <unit>large</unit></amt>
          <item>Garlic cloves; minced</item></ing>
        <ing>
          <amt>
            <qty>1</qty>
            <unit>medium</unit></amt>
          <item>Red sweet pepper cored, seeded &amp; chopped</item></ing>
        <ing>
          <amt>
            <qty>1/2</qty>
            <unit>pounds</unit></amt>
          <item>Mild Italian sausage with fennel seed &amp; garlic casing removed</item></ing>
        <ing>
          <amt>
            <qty>1/2</qty>
            <unit>pounds</unit></amt>
          <item>Fresh crimini, button or</item></ing>
        <ing>
          <amt>
            <qty/>
            <unit/></amt>
          <item>Other mushrooms as available trimmed and thinly sliced</item></ing>
        <ing>
          <amt>
            <qty>2 1/2</qty>
            <unit>cups</unit></amt>
          <item>Milk, broth or water</item></ing>
        <ing>
          <amt>
            <qty>3/4</qty>
            <unit>cups</unit></amt>
          <item>Yellow cornmeal preferably stone-ground</item></ing>
        <ing>
          <amt>
            <qty>1</qty>
            <unit>tablespoon</unit></amt>
          <item>Fresh sage; chopped</item></ing>
        <ing>
          <amt>
            <qty>1</qty>
            <unit>tablespoon</unit></amt>
          <item>Fresh Italian parsley chopped</item></ing>
        <ing>
          <amt>
            <qty>1/4</qty>
            <unit>teaspoons</unit></amt>
          <item>Ground cayenne pepper</item></ing>
        <ing>
          <amt>
            <qty>1</qty>
            <unit>cup</unit></amt>
          <item>Skim or whole-milk ricotta</item></ing>
        <ing>
          <amt>
            <qty>1/2</qty>
            <unit>cups</unit></amt>
          <item>Gruyere or</item></ing>
        <ing>
          <amt>
            <qty>1/2</qty>
            <unit>cups</unit></amt>
          <item>Other Swiss cheese shredded</item></ing>
        <ing>
          <amt>
            <qty/>
            <unit/></amt>
          <item>Salt and pepper; to taste</item></ing>
        <ing>
          <amt>
            <qty>4</qty>
            <unit>tablespoons</unit></amt>
          <item>Melted butter or margarine</item></ing>
        <ing>
          <amt>
            <qty>4</qty>
            <unit>tablespoons</unit></amt>
          <item>Grated Parmesan cheese</item></ing>
        <ing>
          <amt>
            <qty/>
            <unit/></amt>
          <item>Fresh Tomato Sauce*</item></ing></ing-div>
      <ing-div>
        <title>GARNISHES</title>
        <ing>
          <amt>
            <qty/>
            <unit/></amt>
          <item>Italian parsley; chopped</item></ing>
        <ing>
          <amt>
            <qty/>
            <unit/></amt>
          <item>Herb sprigs</item></ing></ing-div></ingredients>
    <directions>
      <step>  *Fresh Tomato Sauce recipe posted separately.
  
  Hill and Barclay write: "This is our idea of comfort food!  Bland cornmeal
  needs a real shot of flavor, so don't hold back on the herbs."
  
  Heat olive oil in a medium skillet; saute onion, garlic and sweet pepper
  until hot through.  Add crumbled sausage and continue cooking just until
  meat changes color.  Stir in mushrooms and cook until hot through. Drain
  excess fat and set mixture aside.
  
  Place milk or other liquid in a large, heavy saucepan over moderately high
  heat; slowly add cornmeal, stirring briskly with a wire whisk to prevent
  lumping.  Bring to a boil and cook 10 minutes, or until mixture is very
  thick and smooth; stir constantly to prevent scorching.
  
  Remove pan from heat and stir in herbs, cayenne pepper, and ricotta and
  gruyere cheeses.   Add sausage and sweet pepper mixture, combine well, then
  season to taste with salt and pepper.
  
  Pour mixture into two 9" pie plates lined with plastic wrap.  Cool on a
  wire rack, then cover and refrigerate at least an hour, or as long as three
  days.
  
  When ready to serve dish, preheat oven to 375 F.  Cut polenta in wedges and
  place on an oiled shallow baking pan large enough to hold polenta in one
  layer without crowding.  Drizzle with melted butter and sprinkle with
  Parmesan.  Bake 15 to 20 minutes, or until polenta is lightly browned and
  very hot when tested with a small knife in center of wedge. Serve with
  Fresh Tomato Sauce.  Garnish with chopped fresh parsley and sprigs of
  herbs.
  
  From Madalene Hill and Gwen Barclay's "Sage through the Ages" article in
  "The Herb Companion."  Dec. 1993/Jan. 1994, Vol. 6, No. 2. Pg. 32. Posted
  by Cathy Harned.
  
  File ftp://ftp.idiscover.co.uk/pub/food/mealmaster/recipes/mmdjaxxx.zip
 
</step></directions></recipe></recipeml>
