<?xml version="1.0" encoding="UTF-8"?>

<recipeml version="0.5">
  <recipe>
    <head>
      <title>Baked Plum Pudding</title>
      <categories>
        <cat>Desserts</cat></categories>
      <yield>1</yield></head>
    <ingredients>
      <ing-div>
        <title/>
        <ing>
          <amt>
            <qty>1/2</qty>
            <unit>cups</unit></amt>
          <item>Butter</item></ing>
        <ing>
          <amt>
            <qty>1</qty>
            <unit>cup</unit></amt>
          <item>Sugar</item></ing>
        <ing>
          <amt>
            <qty>6</qty>
            <unit/></amt>
          <item>Eggs</item></ing>
        <ing>
          <amt>
            <qty>1</qty>
            <unit>cup</unit></amt>
          <item>Raisins</item></ing>
        <ing>
          <amt>
            <qty>1</qty>
            <unit>cup</unit></amt>
          <item>Currants</item></ing>
        <ing>
          <amt>
            <qty>1</qty>
            <unit>cup</unit></amt>
          <item>Pecans</item></ing>
        <ing>
          <amt>
            <qty/>
            <unit/></amt>
          <item>Flour</item></ing>
        <ing>
          <amt>
            <qty>2</qty>
            <unit>cups</unit></amt>
          <item>Breadcrumbs</item></ing>
        <ing>
          <amt>
            <qty>2</qty>
            <unit>teaspoons</unit></amt>
          <item>Cinnamon</item></ing>
        <ing>
          <amt>
            <qty>1/2</qty>
            <unit>teaspoons</unit></amt>
          <item>Cloves</item></ing>
        <ing>
          <amt>
            <qty>1/2</qty>
            <unit>teaspoons</unit></amt>
          <item>Allspice</item></ing></ing-div>
      <ing-div>
        <title>HARD SAUCE</title>
        <ing>
          <amt>
            <qty>1</qty>
            <unit>cup</unit></amt>
          <item>Powdered sugar</item></ing>
        <ing>
          <amt>
            <qty>2</qty>
            <unit/></amt>
          <item>To 5 Tbls butter</item></ing>
        <ing>
          <amt>
            <qty>1/8</qty>
            <unit>teaspoons</unit></amt>
          <item>Salt</item></ing>
        <ing>
          <amt>
            <qty>1</qty>
            <unit>teaspoon</unit></amt>
          <item>Vanilla or</item></ing>
        <ing>
          <amt>
            <qty>1</qty>
            <unit>tablespoon</unit></amt>
          <item>Coffee, rum, whisky; brandy, or lemon jui</item></ing>
        <ing>
          <amt>
            <qty>1</qty>
            <unit/></amt>
          <item>Egg or</item></ing>
        <ing>
          <amt>
            <qty>1/4</qty>
            <unit>cups</unit></amt>
          <item>Cream</item></ing></ing-div></ingredients>
    <directions>
      <step>  Preheat oven to 375 degrees. Beat butter until soft. Gradually add the
  sugar and blend until creamy. Beat in eggs one at a time. In a bowl,
  combine raisins, currants, and pecans and sprinkle lightly with flour. Add
  these ingredients to the butter mixture. Combine breadcrumbs, cinnamon,
  cloves, and allspice; stir these ingredients into the butter mixture. Bake
  in a greased tube pan or baking dish for about 1/2 hour. Serve with about 1
  cup Hard Sauce.
  
  Hard Sauce:
  
  The basic ingredients of hard sauce are always the same, although
  proportions and flavoring may vary. In this recipe, the larger amount of
  butter is preferable. An attractive way to serve hard sauce on cold cake or
  pudding is to chill it and mold it with a small fancy cutter--or put it
  through and individual butter mold.
  
  Sift the powdered sugar. Beat butter until soft; add sugar gradually. Beat
  well until ingredients are well blended. Add the salt and flavoring. Beat
  in the egg or cream. Continue to beat until sauce is very smooth. Chill
  thoroughly.
  Posted to EAT-L Digest 01 Aug 96
  
  Date:    Fri, 2 Aug 1996 10:46:58 -0500
  
  From:    LD Goss &lt;ldgoss@METRONET.COM&gt;
 
</step></directions></recipe></recipeml>
