<?xml version="1.0" encoding="UTF-8"?>

<recipeml version="0.5">
  <recipe>
    <head>
      <title>B-L-T Dip</title>
      <categories>
        <cat>Appetizers</cat>
        <cat>Entertain</cat>
        <cat>Dips</cat>
        <cat>Tvg</cat></categories>
      <yield>1</yield></head>
    <ingredients>
      <ing>
        <amt>
          <qty/>
          <unit/></amt>
        <item>CRANE WALDEN JFXBO8A</item></ing>
      <ing>
        <amt>
          <qty>1</qty>
          <unit>pound</unit></amt>
        <item>Bacon</item></ing>
      <ing>
        <amt>
          <qty>2</qty>
          <unit/></amt>
        <item>Tomatoes, ripe, diced</item></ing>
      <ing>
        <amt>
          <qty>1</qty>
          <unit>cup</unit></amt>
        <item>Sour cream</item></ing>
      <ing>
        <amt>
          <qty>1</qty>
          <unit>cup</unit></amt>
        <item>Mayonnaise</item></ing></ingredients>
    <directions>
      <step>  Fry the bacon very crisp and drain on paper towels. When cool, crumble into
  small pieces and set aside. Combine the sour cream and mayonnaise. Add the
  bacon and mix well. Just before serving, fold in tomatoes and stir gently
  until well distributed.  Posted by Crane Walden 2/93. Formatted by Theresa
  V. Grant
  Posted to MM-Recipes Digest V4 #337 by "Deborah Kühnen"
  &lt;DEBKUHNEN@classic.msn.com&gt; on Dec 29, 97
 
</step></directions></recipe></recipeml>
