<?xml version="1.0" encoding="UTF-8"?>

<recipeml version="0.5">
  <recipe>
    <head>
      <title>B-Nut Butter</title>
      <categories>
        <cat>None</cat></categories>
      <yield>1</yield></head>
    <ingredients>
      <ing>
        <amt>
          <qty>1/4</qty>
          <unit>cups</unit></amt>
        <item>Great Northern Beans, rinsed, dried &amp; mashed (about 1/2 oz)</item></ing>
      <ing>
        <amt>
          <qty>1</qty>
          <unit>tablespoon</unit></amt>
        <item>Peanut Butter</item></ing></ingredients>
    <directions>
      <step>  I'm not sure if this is the right list (I'm behind on my digests)...but my
  Weight Watchers leader gave us a good version:
  
  Mix well and serve on bread.  Good consistency, and you don't have to but
  it.  IT'S EASY!
  
  Posted to Digest eat-lf.v096.n200
  
  Date: Sun, 27 Oct 1996 10:53:59 PDT
  
  From: "Larry Mayer" &lt;LMAYER@kusc.usc.edu&gt;
 
</step></directions></recipe></recipeml>
