<?xml version="1.0" encoding="UTF-8"?>

<recipeml version="0.5">
  <recipe>
    <head>
      <title>Baba Ghannouj</title>
      <categories>
        <cat>Appetizers</cat>
        <cat>Vegetables</cat></categories>
      <yield>6</yield></head>
    <ingredients>
      <ing>
        <amt>
          <qty/>
          <unit/></amt>
        <item>Med Eggplant, peeled  *</item></ing>
      <ing>
        <amt>
          <qty>1/4</qty>
          <unit>cups</unit></amt>
        <item>Tahini</item></ing>
      <ing>
        <amt>
          <qty>1</qty>
          <unit>tablespoon</unit></amt>
        <item>Lemon juice</item></ing>
      <ing>
        <amt>
          <qty/>
          <unit/></amt>
        <item>Clove garlic</item></ing>
      <ing>
        <amt>
          <qty>1/4</qty>
          <unit>teaspoons</unit></amt>
        <item>Black Pepper</item></ing>
      <ing>
        <amt>
          <qty>1</qty>
          <unit>dash</unit></amt>
        <item>Ground Cumin</item></ing>
      <ing>
        <amt>
          <qty>2</qty>
          <unit>tablespoons</unit></amt>
        <item>Sesame seeds</item></ing>
      <ing>
        <amt>
          <qty>2</qty>
          <unit>tablespoons</unit></amt>
        <item>Finely chopped fresh Parsley</item></ing></ingredients>
    <directions>
      <step>  * and cut into 1/2" cubes (about 3 cups) Steam eggplant until tender, about
        8    minutes.
   Place cooked eggplant in food processor. Add tahini (sesame paste),lemon
  juice, and garlic. Puree.
   Stir in remaining ingredients; spoon into serving bowl. Garnish with
  parsley sprig. Serve warm or chill. Makes 2 cups. HINTS: - smaller
  eggplants have thinner peels and a sweeter flavor. Select
  Posted to MM-Recipes Digest V3 #305
  
  Date: Wed, 6 Nov 1996 23:46:18 -0500
  
  From: BobbieB1@aol.com
 
</step></directions></recipe></recipeml>
