<?xml version="1.0" encoding="UTF-8"?>

<recipeml version="0.5">
  <recipe>
    <head>
      <title>Baba Au Rhum</title>
      <categories>
        <cat>Breadmaker</cat>
        <cat>Desserts</cat>
        <cat>Ethnic</cat></categories>
      <yield>1</yield></head>
    <ingredients>
      <ing>
        <amt>
          <qty/>
          <unit/></amt>
        <item>BEV JANSON (RKFV20A)</item></ing>
      <ing>
        <amt>
          <qty>1/3</qty>
          <unit>cups</unit></amt>
        <item>MILK</item></ing>
      <ing>
        <amt>
          <qty>1 1/2</qty>
          <unit>teaspoons</unit></amt>
        <item>Active Dry Yeast</item></ing>
      <ing>
        <amt>
          <qty>1 3/4</qty>
          <unit>cups</unit></amt>
        <item>BREAD Flour -- plus</item></ing>
      <ing>
        <amt>
          <qty>2</qty>
          <unit>tablespoons</unit></amt>
        <item>BREAD Flour</item></ing>
      <ing>
        <amt>
          <qty>6</qty>
          <unit>tablespoons</unit></amt>
        <item>SUGAR</item></ing>
      <ing>
        <amt>
          <qty>8</qty>
          <unit>tablespoons</unit></amt>
        <item>(1 stick) Unsalted BUTTER</item></ing>
      <ing>
        <amt>
          <qty>3</qty>
          <unit/></amt>
        <item>Eggs</item></ing>
      <ing>
        <amt>
          <qty/>
          <unit/></amt>
        <item>SYRUP-----</item></ing>
      <ing>
        <amt>
          <qty>1</qty>
          <unit>cup</unit></amt>
        <item>SUGAR</item></ing>
      <ing>
        <amt>
          <qty>1</qty>
          <unit>cup</unit></amt>
        <item>WATER</item></ing>
      <ing>
        <amt>
          <qty>1/4</qty>
          <unit>cups</unit></amt>
        <item>DARK RUM</item></ing>
      <ing>
        <amt>
          <qty>2/3</qty>
          <unit>cups</unit></amt>
        <item>Unsweetened WHIPPED CREAM</item></ing></ingredients>
    <directions>
      <step>  FINALLY found the answer to your question about "Babka" recipe for ABM! In
  "The Best Bread Machine Cookbook Ever" by Madge Rosenberg there is the
  recipe you are looking for! "Savethis giant baba for a special celebration
  that calls for an impressive desse 1. Scald the milk in a small sauce pan
  and let cool to room temperature. 2. Add the milk and all remaining ingred.
  for the baba in the order SUGGESTED by YOUR bread machine manual and
  process on the basic bread cycle according to the manufacturer's
  directions. 3. Make a syrup by boiling the sugar &amp; water together in a
  small saucepan until the mixture is clear. Add the rum and simmer for 1
  minute. 4. When the bread cycle ends, remove the warm baba to a deep dish
  or shallow bowl. Brush the baba with the syrup several times as it cools.
  Allow the baba to soak up the syrup that collects in the bottom of the
  dish. Refrigerate until chilled. 5. When cool, slice the baba into wedges
  and brush them with any remaining syrup if they are not totally moist.
  Serve with unsweetened whipped cream on the side.
  
  (my note to you: I copied the recipe just AS IS from the book. I have not
  made it. The "2/3 C whipped cream 1 c " was written just that way. It
  probably means it is 2/3 C. before whipping and 1 c  after whipping. See,
  it Pays to ask questions on this board! Bev in MN Baking with a Pana 1.5#
  Formatted by Elaine Radis BGMB90B; APRIL '93
  
  Posted to EAT-L Digest - 18 Jun
  
  Date:    Wed, 19 Jun 1996 01:10:40 -0400
  
  From:    Kappie King &lt;Lestat6663@AOL.COM&gt;
 
</step></directions></recipe></recipeml>
