<?xml version="1.0" encoding="UTF-8"?>

<recipeml version="0.5">
  <recipe>
    <head>
      <title>Baba Ghannouj (Eggplant and Sesame Puree)</title>
      <categories>
        <cat>Appetizers</cat>
        <cat>Ethnic</cat></categories>
      <yield>1</yield></head>
    <ingredients>
      <ing>
        <amt>
          <qty>1</qty>
          <unit>medium</unit></amt>
        <item>Eggplant</item></ing>
      <ing>
        <amt>
          <qty>1/4</qty>
          <unit>cups</unit></amt>
        <item>Lemon juice</item></ing>
      <ing>
        <amt>
          <qty>1/4</qty>
          <unit>cups</unit></amt>
        <item>Tahini (sesame paste)</item></ing>
      <ing>
        <amt>
          <qty>2</qty>
          <unit/></amt>
        <item>Cloves garlic</item></ing>
      <ing>
        <amt>
          <qty>2</qty>
          <unit>teaspoons</unit></amt>
        <item>Salt; or to taste</item></ing>
      <ing>
        <amt>
          <qty>1</qty>
          <unit>tablespoon</unit></amt>
        <item>Olive oil</item></ing>
      <ing>
        <amt>
          <qty>1/4</qty>
          <unit>cups</unit></amt>
        <item>Finely chopped parsley</item></ing></ingredients>
    <directions>
      <step>  Place eggplant on center shelf in hot oven. Cook until soft, turning often.
  Peel off skin while hot. Remove stem and end of eggplant, if firm.
  
  Chop flesh. Put in blender or food processor. Puree. Blend in most of the
  lemon juice. Gradually add tahini.
  
  Crush garlic into a paste with 1 teaspoon salt. Add to eggplant. Beat well.
  Adjust flavor with lemon juice and remaining salt. Beat in olive oil and
  parsley. If using food processor, put about 4 sprigs of parsley into
  container. Process until chopped, but still visible.
  
  Place in shallow dish. Garnish with parsley. Serve with Arab bread as an
  appetizer.
  
  NOTES : If making ahead, store in a sealed container in refrigerator. Bring
  to room temperature before serving.
  Recipe by: Kitchens of Eastern Arabia/Suzan Al Gahtani, Hadeed, NC Posted
  to MC-Recipe Digest V1 #671 by Creedenite@aol.com on Jul 14, 1997
 
</step></directions></recipe></recipeml>
