<?xml version="1.0" encoding="UTF-8"?>

<recipeml version="0.5">
  <recipe>
    <head>
      <title>Baba Ghanoush (Arnold)</title>
      <categories>
        <cat>Side dish</cat></categories>
      <yield>6</yield></head>
    <ingredients>
      <ing>
        <amt>
          <qty>2</qty>
          <unit>medium</unit></amt>
        <item>Aubergines</item></ing>
      <ing>
        <amt>
          <qty>2</qty>
          <unit/></amt>
        <item>Garlic Cloves, peeled</item></ing>
      <ing>
        <amt>
          <qty>2</qty>
          <unit>tablespoons</unit></amt>
        <item>Tahini</item></ing>
      <ing>
        <amt>
          <qty/>
          <unit/></amt>
        <item>Juice of 1 lemon</item></ing>
      <ing>
        <amt>
          <qty>1</qty>
          <unit>tablespoon</unit></amt>
        <item>Parsley, Finely Chopped</item></ing>
      <ing>
        <amt>
          <qty/>
          <unit/></amt>
        <item>Olive Oil</item></ing>
      <ing>
        <amt>
          <qty/>
          <unit/></amt>
        <item>Salt and Pepper</item></ing></ingredients>
    <directions>
      <step>  Preheat the oven to gas mark 5/375F/190C. Prick the skins of the aubergines
  with a carving fork and bake in the oven for one hour, or until flesh is
  soft. Remove and allow to cool so you can handle them without burning your
  hands. Cut in half and scoop out the flesh into a bowl. Mash with a fork.
  You may prefer to use a food processor, but i like the rough finish
  achieved with a fork.
  
  Crush the garlic cloves with a hard blow from your hand on the back of a
  large sharp knife and then chop the pulp finely. Add this, along with the
  tahini, lemon juice and parsley, to the aubergine. Stir everything
  thoroughly, and add enough olive oil to give a rich thick consistency.
  Season with salt and pepper and serve with warm slices of pitta bread or
  hot toast.
  
  Source: Hugo Arnold, Evening Standard, UK
  
  From Gemini's MASSIVE MealMaster collection at www.synapse.com/~gemini
 
</step></directions></recipe></recipeml>
