<?xml version="1.0" encoding="UTF-8"?>

<recipeml version="0.5">
  <recipe>
    <head>
      <title>Baba Ghanouj</title>
      <categories>
        <cat>Appetizer</cat></categories>
      <yield>1</yield></head>
    <ingredients>
      <ing>
        <amt>
          <qty>1</qty>
          <unit>medium</unit></amt>
        <item>Eggplant</item></ing>
      <ing>
        <amt>
          <qty>1</qty>
          <unit/></amt>
        <item>Clove garlic; minced</item></ing>
      <ing>
        <amt>
          <qty>1</qty>
          <unit>tablespoon</unit></amt>
        <item>Tahini</item></ing>
      <ing>
        <amt>
          <qty>1/8</qty>
          <unit>teaspoons</unit></amt>
        <item>Cumin; ground</item></ing>
      <ing>
        <amt>
          <qty>Date:</qty>
          <unit>27</unit></amt>
        <item>Apr 96 22:29:18 EDT</item></ing></ingredients>
    <directions>
      <step>  From: "Lisabeth Crawford (Pooh)" &lt;104105.1416@CompuServe.COM&gt;
  
  Source: - Quick and Easy Diabetic Menus
  
  Preheat the broiler. Slic surface. Cool and peel the slices, then puree in
  a blender or food processor along with the rest of the ingredients. Chill
  and serve with vegetables. Note:
  
  Tahini is sesame paste, made from ground sesame seeds like peanut butter.
  Available in health food stores.
  
  Serving = 1/3c 68cal; pro 3g, carb 6g, fat 4g, sodium 38mg exchanges: 1
  vegetable + 1 fat
  
  MM-RECIPES@IDISCOVER.NET
  
  MEAL-MASTER RECIPES LISTSERVER
  
  MM-RECIPES DIGEST V3 #119
  
  From the MealMaster recipe list.  Downloaded from Glen's MM Recipe Archive,
  http://www.erols.com/hosey.
 
</step></directions></recipe></recipeml>
