<?xml version="1.0" encoding="UTF-8"?>

<recipeml version="0.5">
  <recipe>
    <head>
      <title>Baba Ghanoush (Eggplant Tahini Spread)</title>
      <categories>
        <cat>Appetizer</cat></categories>
      <yield>8</yield></head>
    <ingredients>
      <ing>
        <amt>
          <qty>2</qty>
          <unit>pounds</unit></amt>
        <item>Eggplant (2 medium or 1 lg whole and unpeeled</item></ing>
      <ing>
        <amt>
          <qty>1/4</qty>
          <unit>cups</unit></amt>
        <item>Tahini (sesame paste)</item></ing>
      <ing>
        <amt>
          <qty>1/4</qty>
          <unit>cups</unit></amt>
        <item>Fresh lemon juice</item></ing>
      <ing>
        <amt>
          <qty>1</qty>
          <unit>large</unit></amt>
        <item>Clove garlic crushed</item></ing>
      <ing>
        <amt>
          <qty>1/4</qty>
          <unit>cups</unit></amt>
        <item>Finely minced onion</item></ing>
      <ing>
        <amt>
          <qty/>
          <unit/></amt>
        <item>Salt; if desired, to taste</item></ing>
      <ing>
        <amt>
          <qty/>
          <unit/></amt>
        <item>Freshly ground black pepper; to taste</item></ing>
      <ing>
        <amt>
          <qty>1</qty>
          <unit>tablespoon</unit></amt>
        <item>Oil;preferably olive (optional)</item></ing>
      <ing>
        <amt>
          <qty>2</qty>
          <unit>tablespoons</unit></amt>
        <item>Minced fresh parsley</item></ing>
      <ing>
        <amt>
          <qty/>
          <unit/></amt>
        <item>Note; to make your own Tahini combine in a blender:</item></ing>
      <ing>
        <amt>
          <qty>1</qty>
          <unit>teaspoon</unit></amt>
        <item>Lemon juice</item></ing>
      <ing>
        <amt>
          <qty>1/2</qty>
          <unit>teaspoons</unit></amt>
        <item>Oil</item></ing>
      <ing>
        <amt>
          <qty>2</qty>
          <unit>tablespoons</unit></amt>
        <item>Water</item></ing>
      <ing>
        <amt>
          <qty>1/4</qty>
          <unit>cups</unit></amt>
        <item>Finely ground (in a blender or with mortar and pestle) sesame seeds</item></ing>
      <ing>
        <amt>
          <qty>From:</qty>
          <unit/></amt>
        <item>Claudia Knowles &lt;KnowlesCM7@AOL.COM&gt;</item></ing>
      <ing>
        <amt>
          <qty>Date:</qty>
          <unit/></amt>
        <item>Sat, 3 Aug 1996 19:12:37 -0400</item></ing></ingredients>
    <directions>
      <step>  1. Prick the eggplant in several places with a fork, place it on a baking
  sheet , and broil in a preheated broiler for about 20 minutes, turning the
  vegetable several times so that the skin chars on all sides. Let the
  eggplant cool.
  
  2. When the eggplant is cool enough to handle, cut it in half and scrape
  out the flesh into a bowl, discard the skin, and mash the eggplant with the
  tahini, lemon juice, garlic, onion, salt, and pepper. Cover the mixture and
  refrigerate it.
  
  3. Before serving, sprinkle the spread with the oil, if desired, and minced
  parsley, and serve it with pita, fresh or toasted, or as a dip for fresh
  vegetables.
  
  Recipe from: Jane Brody's Good Food Book.
  
  EAT-L Digest  2 August 96
  
  From the EAT-L recipe list.  Downloaded from Glen's MM Recipe Archive,
  http://www.erols.com/hosey.
 
</step></directions></recipe></recipeml>
