<?xml version="1.0" encoding="UTF-8"?>

<recipeml version="0.5">
  <recipe>
    <head>
      <title>Babaganoush (My Doctored Version)</title>
      <categories>
        <cat>Ethnic</cat></categories>
      <yield>3</yield></head>
    <ingredients>
      <ing>
        <amt>
          <qty>2</qty>
          <unit>tablespoons</unit></amt>
        <item>Olive oil</item></ing>
      <ing>
        <amt>
          <qty>2</qty>
          <unit/></amt>
        <item>Onions (chopped)</item></ing>
      <ing>
        <amt>
          <qty>2</qty>
          <unit/></amt>
        <item>Stalks of celery chopped (optional)</item></ing>
      <ing>
        <amt>
          <qty>1/2</qty>
          <unit/></amt>
        <item>Red sweet pepper chopped, for color</item></ing>
      <ing>
        <amt>
          <qty>1</qty>
          <unit/></amt>
        <item>Eggplant (cubed about 3/4 inch)</item></ing>
      <ing>
        <amt>
          <qty>2</qty>
          <unit/></amt>
        <item>Cloves of garlic, chopped or mashed</item></ing>
      <ing>
        <amt>
          <qty>1/2</qty>
          <unit>teaspoons</unit></amt>
        <item>Ground cumin plus 1 pinch whole</item></ing>
      <ing>
        <amt>
          <qty>1/2</qty>
          <unit>teaspoons</unit></amt>
        <item>Ground coriander</item></ing>
      <ing>
        <amt>
          <qty>1/4</qty>
          <unit>teaspoons</unit></amt>
        <item>Ground pepper</item></ing>
      <ing>
        <amt>
          <qty>1/4</qty>
          <unit>teaspoons</unit></amt>
        <item>Crushed dried chili pepper</item></ing>
      <ing>
        <amt>
          <qty/>
          <unit/></amt>
        <item>Salt (to taste)</item></ing>
      <ing>
        <amt>
          <qty>1</qty>
          <unit>tablespoon</unit></amt>
        <item>Tahini *</item></ing>
      <ing>
        <amt>
          <qty/>
          <unit/></amt>
        <item>Juice of 1/2 to 1 lemon (to taste) or lime</item></ing>
      <ing>
        <amt>
          <qty/>
          <unit/></amt>
        <item>Handful of parsley or cilantro and/or scallion ends or chives</item></ing>
      <ing>
        <amt>
          <qty/>
          <unit/></amt>
        <item>Black olives,</item></ing>
      <ing>
        <amt>
          <qty/>
          <unit/></amt>
        <item>Parsley sprigs and a lemon slice to decorate</item></ing></ingredients>
    <directions>
      <step>    * Sesame paste. I've heard of substituting peanut butter, but never tried
  it.
    The variable amounts of ingredients depend on your taste and on the size
  of the eggplant. Try it without celery and red pepper and then you can
  decide if you want to use it next time.
   Saute onions, (celery &amp; red pepper) till starting to brown (I do in a
  wok). Add eggplant and garlic, stir well, add spices (not the salt), stir
  again and on very low fire, saute. May drop some liquid, that's all right,
  let it evaporate, and saute slowly until everything is very tender. Keep
  checking, it's better if it browns a little, but needs stirring so it
  doesn't burn. If it's too dry, add a few TBs liquid at a time (I use
  vegetable broth, liquid from steaming veggies, or liquid from microwaving
  mushrooms, etc. but water would probably do). Add salt, tahini and lemon
  juice, pulse a few seconds at a time in food processor or mash with potato
  masher -- can be slightly lumpy, too smooth is pretty awful.Add green
  stuff, pulse once or twice to chop coarsely and distribute or chop coarsely
  and stir in.
   It's an ugly color, so I try to dress it up with a lemon slice, greens and
  black olives, seems to help. Serve with quarters of pita bread or mini
  pitas, it's finger food, a great appetizer with a curry meal
  
  From Gemini's MASSIVE MealMaster collection at www.synapse.com/~gemini
 
</step></directions></recipe></recipeml>
