<?xml version="1.0" encoding="UTF-8"?>

<recipeml version="0.5">
  <recipe>
    <head>
      <title>Babas Au Rhum</title>
      <categories>
        <cat>Cakes</cat>
        <cat>Desserts</cat></categories>
      <yield>6</yield></head>
    <ingredients>
      <ing>
        <amt>
          <qty>1/4</qty>
          <unit>cups</unit></amt>
        <item>Milk</item></ing>
      <ing>
        <amt>
          <qty>1/4</qty>
          <unit>cups</unit></amt>
        <item>Butter</item></ing>
      <ing>
        <amt>
          <qty>1</qty>
          <unit>package</unit></amt>
        <item>Yeast</item></ing>
      <ing>
        <amt>
          <qty>1/4</qty>
          <unit>cups</unit></amt>
        <item>Warm water</item></ing>
      <ing>
        <amt>
          <qty>2</qty>
          <unit/></amt>
        <item>Egg yolks</item></ing>
      <ing>
        <amt>
          <qty>1/4</qty>
          <unit>cups</unit></amt>
        <item>Sugar</item></ing>
      <ing>
        <amt>
          <qty>1</qty>
          <unit/></amt>
        <item>Egg</item></ing>
      <ing>
        <amt>
          <qty>1/4</qty>
          <unit>teaspoons</unit></amt>
        <item>Grated lemon rind</item></ing>
      <ing>
        <amt>
          <qty>2</qty>
          <unit>tablespoons</unit></amt>
        <item>Dried currants</item></ing>
      <ing>
        <amt>
          <qty>1 3/4</qty>
          <unit>cups</unit></amt>
        <item>All-purpose flour; sifted</item></ing>
      <ing>
        <amt>
          <qty>2</qty>
          <unit>ounces</unit></amt>
        <item>Dark rum</item></ing>
      <ing>
        <amt>
          <qty/>
          <unit/></amt>
        <item>Rum syrup; hot</item></ing></ingredients>
    <directions>
      <step>  Recipe by: Craig Claibourne - The New York Times Cook Book 1. Scald the
  milk, add the butter and blend. Cool to lukewarm. 2. Sprinkle the yeast on
  the luke warm water and stir until
      disolved. 3. Beat the egg yolks and gradually add the sugar. Vigorously
      beat in the whole egg.  Add the milk to the mixture, disolved
      yeast, lemon rind and currants. 4. Stir in the flour and beat until
  smooth.  Cover the batter and
      let rise in a warm place until doubled in bulk, about one hour.
      Stir down. 5. Spoon into six individual well-greased baba molds or
  small
      custard cups, filling them two-thirds full.  Let rise, uncovered,
      until the batter reaches the tops of the molds, about thirty
      minutes.  Fifteen minutes before the babas are ready,
      preheat the oven to moderate (350F). 6. Bake until a cake tester comes
  out clean, about twenty
      minutes.  Remove from the molds and cool on a cake rack.
      If desired, wrap in foil and freeze. 7. Marinate the babas in hot rum
  sauce several hours before
      serving.  To serve, ignite two ounces heated dark rum in a
      ladle and pour over the babas.
  
  From Gemini's MASSIVE MealMaster collection at www.synapse.com/~gemini
 
</step></directions></recipe></recipeml>
