<?xml version="1.0" encoding="UTF-8"?>

<recipeml version="0.5">
  <recipe>
    <head>
      <title>Baba Au Cherries</title>
      <categories>
        <cat>Cakes</cat></categories>
      <yield>10</yield></head>
    <ingredients>
      <ing>
        <amt>
          <qty>1</qty>
          <unit>package</unit></amt>
        <item>Active dry yeast</item></ing>
      <ing>
        <amt>
          <qty>3/4</qty>
          <unit>cups</unit></amt>
        <item>Warm milk (105ø to 110ø)</item></ing>
      <ing>
        <amt>
          <qty>3</qty>
          <unit>cups</unit></amt>
        <item>Sifted all-purpose flour</item></ing>
      <ing>
        <amt>
          <qty>2/3</qty>
          <unit>cups</unit></amt>
        <item>Butter</item></ing>
      <ing>
        <amt>
          <qty>1/3</qty>
          <unit>cups</unit></amt>
        <item>Sugar</item></ing>
      <ing>
        <amt>
          <qty>1</qty>
          <unit>teaspoon</unit></amt>
        <item>Salt</item></ing>
      <ing>
        <amt>
          <qty>3</qty>
          <unit/></amt>
        <item>Eggs</item></ing>
      <ing>
        <amt>
          <qty>1</qty>
          <unit>teaspoon</unit></amt>
        <item>Almond flavoring</item></ing></ingredients>
    <directions>
      <step>  For guests who deserve the red-carpet treatment, create this masterpiece-
  warm fragrant sweet bread with cherry-rum flavor all the way through.
  
  Cherry Rum Sauce Glaceed Cherries
  
  Soften yeast in warm milk. Beat in 1 cup of the sifted flour. Cover and let
  rise until double in bulk, about 1 hour. Cream together butter, sugar, and
  salt until smooth and fluffy. Add eggs, one at a time, beating thoroughly
  after each addition. Stir in flavoring, then remaining 2 cups of flour. Add
  yeast-raised sponge, blending well. Pour into greased 9-inch spring-form
  tube pan or 9-inch angel food cakepan. Let rise until triple in bulk. Bake
  in moderate (375-F) oven for 25 to 30 minutes. Remove from pan; cool on
  rack. Prick ring with fork.
  
  Place ring on large serving plate. Baste with warm Cherry Rum Sauce. Just
  before serving, arrange Glazed Cherries over ring. Fill center with scoops
  of vanilla ice cream, if desired. Makes 10 servings.
  
  Cherry Rum Sauce: Drain 1 can (20 oz.) frozen cherries, defrosted. Reserve
  cherries. To cherry juice add enough water to make 2 cups liquid. Combine
  cherry liquid and 2 cups sugar in saucepan. Boil over medium heat for 5 to
  6 minutes. Remove from heat cool to lukewarm, and add 2 tablespoons rum or
    1 1/2    teaspoons rum flavoring.
  
  Glazed Cherries: To the reserved cherries, add 1/4 cup sugar, 1/4 cup corn
  syrup, and 2 or 3 drops red food coloring. Heat until sugar is dissolved.
 
</step></directions></recipe></recipeml>
