<?xml version="1.0" encoding="UTF-8"?>

<recipeml version="0.5">
  <recipe>
    <head>
      <title>Baba Ghanouj</title>
      <categories>
        <cat>Mideast</cat>
        <cat>Appetizers</cat></categories>
      <yield>4</yield></head>
    <ingredients>
      <ing>
        <amt>
          <qty>1</qty>
          <unit>medium</unit></amt>
        <item>Eggplant</item></ing>
      <ing>
        <amt>
          <qty/>
          <unit/></amt>
        <item>Olive oil</item></ing>
      <ing>
        <amt>
          <qty>5</qty>
          <unit>teaspoons</unit></amt>
        <item>Tahini</item></ing>
      <ing>
        <amt>
          <qty>1</qty>
          <unit>teaspoon</unit></amt>
        <item>Lemon juice</item></ing>
      <ing>
        <amt>
          <qty>1</qty>
          <unit>teaspoon</unit></amt>
        <item>;Water</item></ing>
      <ing>
        <amt>
          <qty>3/4</qty>
          <unit>teaspoons</unit></amt>
        <item>Salt</item></ing>
      <ing>
        <amt>
          <qty>1/4</qty>
          <unit>teaspoons</unit></amt>
        <item>Garlic powder</item></ing></ingredients>
    <directions>
      <step>  Bake eggplant at 350 deg. for 1 1/2 - 2 hours, until it is quite soft.
  
  Let eggplant cool; then slit skin &amp; scoop out all the pulp.
  
  Place in a small bowl. Cover with 1 or 2 Tbl olive oil and refrigerate for
  at least 3 hours.
  
  Remove from refrigerator &amp; mince well. Add tahini, lemon juice, water,
  salt, and garlic powder. Blend well. Stir in 1-2 tsp of olive oil and serve
  cold. 1/4 tsp (or more) cumin may be added for a still stronger Middle
  Eastern flavor.
  
  From Gemini's MASSIVE MealMaster collection at www.synapse.com/~gemini
 
</step></directions></recipe></recipeml>
