<?xml version="1.0" encoding="UTF-8"?>

<recipeml version="0.5">
  <recipe>
    <head>
      <title>Baba Ganoush</title>
      <categories>
        <cat>Appetizers</cat>
        <cat>Dips</cat>
        <cat>Vegetarian</cat>
        <cat>Vegan</cat></categories>
      <yield>1</yield></head>
    <ingredients>
      <ing>
        <amt>
          <qty>1 1/2</qty>
          <unit>pounds</unit></amt>
        <item>Eggplant</item></ing>
      <ing>
        <amt>
          <qty>3</qty>
          <unit>tablespoons</unit></amt>
        <item>Lemon juice</item></ing>
      <ing>
        <amt>
          <qty>1</qty>
          <unit>teaspoon</unit></amt>
        <item>Salt</item></ing>
      <ing>
        <amt>
          <qty>2</qty>
          <unit>teaspoons</unit></amt>
        <item>Minced fresh garlic</item></ing>
      <ing>
        <amt>
          <qty>3</qty>
          <unit>tablespoons</unit></amt>
        <item>Sesame tahini (optional: substitute yogurt or sour cream)</item></ing>
      <ing>
        <amt>
          <qty>1/4</qty>
          <unit>cups</unit></amt>
        <item>Chopped parsley</item></ing>
      <ing>
        <amt>
          <qty>1/2</qty>
          <unit>cups</unit></amt>
        <item>Toasted pine nuts</item></ing>
      <ing>
        <amt>
          <qty>2</qty>
          <unit>tablespoons</unit></amt>
        <item>Olive oil</item></ing></ingredients>
    <directions>
      <step>  Preheat oven to 400 degrees F.  Prick eggplant all over with a fork. Bake
  whole until tender (about 30 minutes).  Remove from oven, halve and scoop
  out the flesh.  Blend in a food processor with the lemon juice until
  smooth.  Mash the salt and garlic together and combine with the eggplant,
  along with the tahini.  Cool and stir in the parsley and pine nuts. Before
  serving, drizzle with the olive oil. Serve as a dip with tortilla chips or
  triangles of flat (pita) bread.
  
  (Adapted from The Victory Garden Cookbook) From: The Cook's Garden catalog,
  Spring/Summer 1993 (page 20)
  Posted to MM-Recipes Digest V3 #305
  
  Date: Wed, 6 Nov 1996 23:46:18 -0500
  
  From: BobbieB1@aol.com
 
</step></directions></recipe></recipeml>
