<?xml version="1.0" encoding="UTF-8"?>

<recipeml version="0.5">
  <recipe>
    <head>
      <title>Baba Ghannuj (Eggplant Appetizer)</title>
      <categories>
        <cat>Appetizer</cat></categories>
      <yield>8</yield></head>
    <ingredients>
      <ing>
        <amt>
          <qty>1</qty>
          <unit>large</unit></amt>
        <item>Eggplant</item></ing>
      <ing>
        <amt>
          <qty>1</qty>
          <unit/></amt>
        <item>Clove garlic; crushed</item></ing>
      <ing>
        <amt>
          <qty>1</qty>
          <unit>teaspoon</unit></amt>
        <item>Salt</item></ing>
      <ing>
        <amt>
          <qty>1/4</qty>
          <unit>cups</unit></amt>
        <item>Tahini; sesame seed paste</item></ing>
      <ing>
        <amt>
          <qty>2</qty>
          <unit>tablespoons</unit></amt>
        <item>Water</item></ing>
      <ing>
        <amt>
          <qty>1/4</qty>
          <unit>cups</unit></amt>
        <item>Lemon juice</item></ing>
      <ing>
        <amt>
          <qty/>
          <unit/></amt>
        <item>Lemon wedges</item></ing>
      <ing>
        <amt>
          <qty/>
          <unit/></amt>
        <item>Parsley</item></ing>
      <ing>
        <amt>
          <qty/>
          <unit/></amt>
        <item>Olive oil</item></ing></ingredients>
    <directions>
      <step>  Date: Tue, 30 Apr 1996 12:35:35 -0500
  
  From: pickell@cyberspc.mb.ca (S.Pickell)
  
  Set oven to 375F. Wash eggplant and remove stem. Pierce with a fork 4-6
  times. Place in baking dish. Bake for 45 minutes or until tender. Remove
  from oven and run under cold water. Peel and mash; set aside. In serving
  bowl combine garlic, salt, and Tahini. Gradually add water and lemon juice,
  beating well. Fold in mashed eggplant. Garnish with lemon wedges, finely
  chopped parsley and a sprinkle of olive oil. Scoop up eggplant with pieces
  of Pita Bread to eat or serve as a side dish with any meal. Shared by Rita
  Taule, Prodigy ID# BTVC62A.
  
  MM-RECIPES@IDISCOVER.NET
  
  MEAL-MASTER RECIPES LISTSERVER
  
  MM-RECIPES DIGEST V3 #120
  
  From the MealMaster recipe list.  Downloaded from Glen's MM Recipe Archive,
  http://www.erols.com/hosey.
 
</step></directions></recipe></recipeml>
