<?xml version="1.0" encoding="UTF-8"?>

<recipeml version="0.5">
  <recipe>
    <head>
      <title>Baba Ghanoush</title>
      <categories>
        <cat>None</cat></categories>
      <yield>1</yield></head>
    <ingredients>
      <ing-div>
        <title/>
        <ing>
          <amt>
            <qty>1/2</qty>
            <unit/></amt>
          <item>Dish Tahine sauce</item></ing>
        <ing>
          <amt>
            <qty>1</qty>
            <unit/></amt>
          <item>Dish roast eggplant</item></ing></ing-div>
      <ing-div>
        <title>TAHINE SAUCE</title>
        <ing>
          <amt>
            <qty>3</qty>
            <unit>tablespoons</unit></amt>
          <item>Tahine</item></ing>
        <ing>
          <amt>
            <qty>1</qty>
            <unit>medium</unit></amt>
          <item>Lemon</item></ing>
        <ing>
          <amt>
            <qty>2</qty>
            <unit/></amt>
          <item>Cloves garlic</item></ing>
        <ing>
          <amt>
            <qty>3/4</qty>
            <unit>teaspoons</unit></amt>
          <item>Salt</item></ing></ing-div></ingredients>
    <directions>
      <step>  Preparation:
  
  Make a mixture of garlic and salt. Mix in the rest of the ingredients,
  adding some water little by little. Beat until mixture is creamy. Spread
  over the dish you want to serve.
  
  For baba ghanoush or tahine eggplant
  
      1/2    dish Tahine sauce 1 dish roast eggplant
  
  Preparation:
  
  Break up the pealed eggplant. Add Tahine sauce. Mix slowly, without mashing
  too much.
  
  Tahine sauce can be used for sausages, salads, baked or roast fish, kibbeh,
  vegetables and so on....
  
  Posted to JEWISH-FOOD digest V96 #66
  
  Date: Tue, 29 Oct 1996 16:42:01 -0200 (EDT)
  
  From: Daniella De Picciotto &lt;daniela@dialdata.com.br&gt;
 
</step></directions></recipe></recipeml>
