<?xml version="1.0" encoding="UTF-8"?>

<recipeml version="0.5">
  <recipe>
    <head>
      <title>Baba De Mo=e7a ( Egg Coconut Custard Cream )</title>
      <categories>
        <cat>Desserts</cat></categories>
      <yield>1</yield></head>
    <ingredients>
      <ing>
        <amt>
          <qty>6</qty>
          <unit/></amt>
        <item>Egg yolks</item></ing>
      <ing>
        <amt>
          <qty>1</qty>
          <unit>cup</unit></amt>
        <item>Coconut cream or coconut milk</item></ing>
      <ing>
        <amt>
          <qty>1</qty>
          <unit>cup</unit></amt>
        <item>Sugar</item></ing>
      <ing>
        <amt>
          <qty>1/4</qty>
          <unit>cups</unit></amt>
        <item>Water</item></ing>
      <ing>
        <amt>
          <qty/>
          <unit/></amt>
        <item>A few drops vanilla</item></ing></ingredients>
    <directions>
      <step>  Stir sugar and water over medium heat until sugar is dissolved. Let cook to
  make a thick syrup. Pass the yolks through a sieve. Blend yolks and coconut
  cream and stir into syrup. Cook over a double boiler until it coats the
  spoon. Let cool. Chill. Serve in individual bowls or on top of ice cream.
  
  NOTES : This tastes great with ice-cream or as filling for walnut cake.
  
  Recipe by: Miriam Podcameni Posvolsky
  
  Posted to Bakery-Shoppe Digest V1 #231 by Leon &amp; Miriam Posvolsky
  &lt;miriamp@pobox.com&gt; on Sep 11, 1997
 
</step></directions></recipe></recipeml>
