<?xml version="1.0" encoding="UTF-8"?>

<recipeml version="0.5">
  <recipe>
    <head>
      <title>Baba Ghanoush</title>
      <categories>
        <cat>Appetizers</cat>
        <cat>Ethnic</cat>
        <cat>Food proces</cat>
        <cat>Vegetables</cat></categories>
      <yield>10</yield></head>
    <ingredients>
      <ing>
        <amt>
          <qty>2</qty>
          <unit>medium</unit></amt>
        <item>Eggplant; (1 lb. total)</item></ing>
      <ing>
        <amt>
          <qty>2</qty>
          <unit>tablespoons</unit></amt>
        <item>Soy sauce</item></ing>
      <ing>
        <amt>
          <qty>3</qty>
          <unit>tablespoons</unit></amt>
        <item>Lemon juice</item></ing>
      <ing>
        <amt>
          <qty>3</qty>
          <unit>teaspoons</unit></amt>
        <item>Tahini</item></ing>
      <ing>
        <amt>
          <qty>2</qty>
          <unit>tablespoons</unit></amt>
        <item>Olive oil</item></ing>
      <ing>
        <amt>
          <qty>3</qty>
          <unit/></amt>
        <item>Cloves Garlic; pressed</item></ing></ingredients>
    <directions>
      <step>  Prick the eggplant all over and bake it at 350'-400' until they collapse
  (They should look like prunes) - an hour or more. When they have cooled,
  skin them and chop finely, sieving out the large seeds, if preferred. Add
  the other ingredients, except the tahini, and whisk well with a wire whisk.
  Stir in the tahini and chill well before using. This is good with corn
  chips or pita bread.
  
  NOTES : Yields  2 Cup
  
  Recipe by: The Bard's Table Cookbook Posted to TNT - Prodigy's Recipe
  Exchange Newsletter  by Luke Murden &lt;lmurden@visi.net&gt; on Aug 13, 1997
 
</step></directions></recipe></recipeml>
