<?xml version="1.0" encoding="UTF-8"?>

<recipeml version="0.5">
  <recipe>
    <head>
      <title>Baba Au Rhum</title>
      <categories>
        <cat>Cake</cat></categories>
      <yield>12</yield></head>
    <ingredients>
      <ing-div>
        <title/>
        <ing>
          <amt>
            <qty>1</qty>
            <unit>package</unit></amt>
          <item>Dry yeast</item></ing>
        <ing>
          <amt>
            <qty>3</qty>
            <unit>tablespoons</unit></amt>
          <item>Water</item></ing>
        <ing>
          <amt>
            <qty>1</qty>
            <unit>teaspoon</unit></amt>
          <item>Granulated sugar</item></ing>
        <ing>
          <amt>
            <qty>2</qty>
            <unit/></amt>
          <item>Eggs</item></ing>
        <ing>
          <amt>
            <qty>2</qty>
            <unit>tablespoons</unit></amt>
          <item>Granulated sugar</item></ing>
        <ing>
          <amt>
            <qty>1/4</qty>
            <unit>cups</unit></amt>
          <item>Melted butter</item></ing>
        <ing>
          <amt>
            <qty>1/8</qty>
            <unit>teaspoons</unit></amt>
          <item>Salt</item></ing>
        <ing>
          <amt>
            <qty>1 1/2</qty>
            <unit>cups</unit></amt>
          <item>All-purpose flour</item></ing></ing-div>
      <ing-div>
        <title>GLAZE</title>
        <ing>
          <amt>
            <qty>1</qty>
            <unit>cup</unit></amt>
          <item>Apricot preserves; heated and strained</item></ing>
        <ing>
          <amt>
            <qty>2</qty>
            <unit>tablespoons</unit></amt>
          <item>Sugar</item></ing></ing-div>
      <ing-div>
        <title>GARNISH</title>
        <ing>
          <amt>
            <qty/>
            <unit/></amt>
          <item>Candied fruit; if desired</item></ing>
        <ing>
          <amt>
            <qty/>
            <unit/></amt>
          <item>Whipped cream</item></ing></ing-div>
      <ing-div>
        <title>SAUCE</title>
        <ing>
          <amt>
            <qty>2</qty>
            <unit>cups</unit></amt>
          <item>Water</item></ing>
        <ing>
          <amt>
            <qty>1</qty>
            <unit>cup</unit></amt>
          <item>Sugar</item></ing>
        <ing>
          <amt>
            <qty>1/2</qty>
            <unit>cups</unit></amt>
          <item>Dark rum (white is too strong)</item></ing></ing-div></ingredients>
    <directions>
      <step>  From: az302@freenet.carleton.ca (Heather Kelly)
  
  Date: 14 Sep 1994 06:15:23 -0400
  In small bowl combine yeast, water and 1 tsp sugar.  Stir to dissolve.  Let
  sit a few minutes.  In med. bowl combine eggs, 2 Tbsp sugar, butter, salt
  and flour. Mix in: yeast mixture Mix well. Knead smooth - 4 - 5 min. Put in
  greased bowl, cover with saran &amp; a towel &amp; let rise until doubled - about
    1-1/2    hours.
  
  Punch down. Roll in sausage shape &amp; cut into 8 balls.  Pressed into greased
  Savarin  or  9" ring mold.  Cover &amp; let rise until double - about 1 hour.
  Bake in lower 1/3 of oven in preheated 375F oven for 15 - 20 min. until
  golden.
  
  Turn out onto serving plate with a bit of a lip to it.  When cool, poke
  holes in cake with fork.  Pour sauce over, basting every once in a while
  until all is absorbed.
  
  Just before serving (up to 2 hours before) glaze with 1 c. apricot
  preserves, heated and strained.  Add 2 Tbsp. sugar, heat gently to thicken.
  Decorate with candied fruit if desired.  Fill center with whipped cream.
  
  Sauce: Heat gently just to dissolve sugar.
  
  REC.FOOD.RECIPES ARCHIVES
  
  /CAKES
  
  From rec.food.cooking archives.  Downloaded from Glen's MM Recipe Archive,
  http://www.erols.com/hosey.
 
</step></directions></recipe></recipeml>
