<?xml version="1.0" encoding="UTF-8"?>

<recipeml version="0.5">
  <recipe>
    <head>
      <title>Baba Ghannouj</title>
      <categories>
        <cat>None</cat></categories>
      <yield>1</yield></head>
    <ingredients>
      <ing-div>
        <title/>
        <ing>
          <amt>
            <qty>1</qty>
            <unit>large</unit></amt>
          <item>Eggplant</item></ing>
        <ing>
          <amt>
            <qty>3</qty>
            <unit>tablespoons</unit></amt>
          <item>Tahini (sesame seed paste) (up to 5)</item></ing>
        <ing>
          <amt>
            <qty>1</qty>
            <unit>large</unit></amt>
          <item>Clove garlic (or more)</item></ing>
        <ing>
          <amt>
            <qty>1/3</qty>
            <unit>cups</unit></amt>
          <item>Lemon juice (2 lemons)</item></ing>
        <ing>
          <amt>
            <qty>1/2</qty>
            <unit>teaspoons</unit></amt>
          <item>Salt</item></ing></ing-div>
      <ing-div>
        <title>GARNISH</title>
        <ing>
          <amt>
            <qty/>
            <unit/></amt>
          <item>Use any or all or improvise with others as the spirit and your palate moves you:</item></ing>
        <ing>
          <amt>
            <qty/>
            <unit/></amt>
          <item>Parsley</item></ing>
        <ing>
          <amt>
            <qty/>
            <unit/></amt>
          <item>Chopped green pepper</item></ing>
        <ing>
          <amt>
            <qty/>
            <unit/></amt>
          <item>Crushed red pepper</item></ing>
        <ing>
          <amt>
            <qty/>
            <unit/></amt>
          <item>Pomegranate seeds</item></ing>
        <ing>
          <amt>
            <qty/>
            <unit/></amt>
          <item>Olive oil (this one is necessary)</item></ing></ing-div></ingredients>
    <directions>
      <step>  Cut a slit in the eggplant and roast it in a 400 degree oven for about 30
  minutes or until soft. (If camping you can grill it) Run under cold water
  and peel off skin.
  
  Mash up the eggplant and add tahini, garlic, lemon juice and salt.
  
  Spread on a plate or a shallow dish, sprinkle with red pepper and whatever
  other garnish you like. Pour 2 -3 Tbsp of olive oil on top to cover thinly.
  
  Serve cold or at room temp (best) with triangles of pita bread or cubes of
  frensh sourdough for dipping.
  
  NOTE: You can bake and add an onion for variation and/or add a peeled,
  finely chopped tomato. I have also used yoghurt mixed in instead of olive
  oil on top (althouhg this sort of makes the stuff look like someone ate it
  already - but it tastes good!)
  
  This is simple enought to prepare while camping or for an outdoor buffet
  where refrigeration may be a problem. It is best eaten immediately after
  being prepared. Posted to CHILE-HEADS DIGEST V4 #040 by Lorraine Heidecker
  &lt;lheid@saclink.csus.edu&gt; on Jul 25, 1997
 
</step></directions></recipe></recipeml>
