<?xml version="1.0" encoding="UTF-8"?>

<recipeml version="0.5">
  <recipe>
    <head>
      <title>Baba Ganouj</title>
      <categories>
        <cat>None</cat></categories>
      <yield>1</yield></head>
    <ingredients>
      <ing>
        <amt>
          <qty/>
          <unit/></amt>
        <item>Olive oil</item></ing>
      <ing>
        <amt>
          <qty>1</qty>
          <unit>medium</unit></amt>
        <item>Eggplant</item></ing>
      <ing>
        <amt>
          <qty>2</qty>
          <unit>medium</unit></amt>
        <item>Cloves of garlic; minced</item></ing>
      <ing>
        <amt>
          <qty>1/4</qty>
          <unit>cups</unit></amt>
        <item>Fresh lemon juice</item></ing>
      <ing>
        <amt>
          <qty>1/4</qty>
          <unit>cups</unit></amt>
        <item>Sesame tahini</item></ing>
      <ing>
        <amt>
          <qty>1/2</qty>
          <unit>teaspoons</unit></amt>
        <item>Salt</item></ing>
      <ing>
        <amt>
          <qty/>
          <unit/></amt>
        <item>Black pepper; to taste</item></ing>
      <ing>
        <amt>
          <qty/>
          <unit/></amt>
        <item>Cayenne; to taste</item></ing></ingredients>
    <directions>
      <step>  Cost: $ - Preparation Time: 30 minutes Difficulty Level: 2 - Servings: 4-6
  
  1. Preheat the oven to 350F. Lightly oil baking sheet.
  
  2. Slice the eggplant in half lengthwise, and place face-down on the baking
  sheet. Bake for 30 minutes or until very tender. Cool to the touch.
  
  3. Scoop out the eggplant insides, and discard the skin. Place the insides
  in a food processor, and add the garlic, lemon juice, tahini and salt.
  Puree until smooth.
  
  4. Transfer to a serving dish, cover tightly, and chill. Drizzle the top
  with a little olive oil just before serving. Serve with an assortment of
  crackers.
  
  Posted to The Gourmet Connection Recipe Page Newsletter  by Gourmet
  Connection &lt;newsletter@gourmetconnection.com&gt; on Dec 28, 1997
 
</step></directions></recipe></recipeml>
