<?xml version="1.0" encoding="UTF-8"?>

<recipeml version="0.5">
  <recipe>
    <head>
      <title>Baba Ghanouj (An Arab Eggplant Dip)</title>
      <categories>
        <cat>Dip</cat></categories>
      <yield>8</yield></head>
    <ingredients>
      <ing>
        <amt>
          <qty>1</qty>
          <unit>medium</unit></amt>
        <item>Eggplant</item></ing>
      <ing>
        <amt>
          <qty>1</qty>
          <unit/></amt>
        <item>Lemon; juice of (up to)</item></ing>
      <ing>
        <amt>
          <qty>3</qty>
          <unit/></amt>
        <item>Cloves (large) garlic (up to)</item></ing>
      <ing>
        <amt>
          <qty>3</qty>
          <unit>tablespoons</unit></amt>
        <item>(heaping) tahini (sesame seed paste)</item></ing>
      <ing>
        <amt>
          <qty/>
          <unit/></amt>
        <item>Salt to taste</item></ing>
      <ing>
        <amt>
          <qty/>
          <unit/></amt>
        <item>Summak (a mild Arab spice) or chopped parsley for garnish</item></ing>
      <ing>
        <amt>
          <qty>2</qty>
          <unit>tablespoons</unit></amt>
        <item>Olive oil</item></ing>
      <ing>
        <amt>
          <qty>From:</qty>
          <unit/></amt>
        <item>Deborah Kirwan &lt;dkkirwan@CREIGHTON.EDU&gt;</item></ing>
      <ing>
        <amt>
          <qty>Date:</qty>
          <unit/></amt>
        <item>Wed, 26 Jun 1996 13:34:26 -0500</item></ing></ingredients>
    <directions>
      <step>  Pierce eggplant in several places, set on a baking sheet, and bake in a 350
  degree F. oven for 1 hour.  Let cool.  Strip off and discard peel, and cut
  remaining eggplant into chunks and place in blender.  Add lemon juice,
  garlic, tahini and salt. Blend until smooth, stopping blender to push down
  ingredients as needed.  Put in a bowl, sprinkle summak or chopped parsley
  on top, and drizzle with 2 tbsp olive oil. Serve with pieces of pita bread
  to dip into it.
  
  EAT-L Digest 25 June 1996
  
  From the EAT-L recipe list.  Downloaded from Glen's MM Recipe Archive,
  http://www.erols.com/hosey.
 
</step></directions></recipe></recipeml>
