<?xml version="1.0" encoding="UTF-8"?>

<recipeml version="0.5">
  <recipe>
    <head>
      <title>Baba Ghanouj - Quick and Easy Diabetic Menus</title>
      <categories>
        <cat>Diabetic</cat>
        <cat>Appetizers</cat>
        <cat>Vegetarian</cat>
        <cat>Vegan</cat>
        <cat>Ethnic</cat></categories>
      <yield>1</yield></head>
    <ingredients>
      <ing>
        <amt>
          <qty>1</qty>
          <unit>medium</unit></amt>
        <item>Eggplant</item></ing>
      <ing>
        <amt>
          <qty>1</qty>
          <unit>clove</unit></amt>
        <item>Garlic; minced</item></ing>
      <ing>
        <amt>
          <qty>1</qty>
          <unit>tablespoon</unit></amt>
        <item>Tahini</item></ing>
      <ing>
        <amt>
          <qty>1/8</qty>
          <unit>teaspoons</unit></amt>
        <item>Cumin, ground</item></ing></ingredients>
    <directions>
      <step>  Preheat the broiler. Slic surface. Cool and peel the slices, then puree in
  a blender or food processor along with the rest of the ingredients. Chill
  and serve with vegetables. Note: Tahini is sesame paste, made from ground
  sesame seeds like peanut butter. Available in health food stores. Serving =
  1/3c 68cal; pro 3g, carb 6g, fat 4g, sodium 38mg exchanges: 1 vegetable + 1
  fat
  
  From Gemini's MASSIVE MealMaster collection at www.synapse.com/~gemini
 
</step></directions></recipe></recipeml>
