<?xml version="1.0" encoding="UTF-8"?>

<recipeml version="0.5">
  <recipe>
    <head>
      <title>Babe's Creamy Fish Chowder</title>
      <categories>
        <cat>Seafoods</cat>
        <cat>Chowders</cat></categories>
      <yield>4</yield></head>
    <ingredients>
      <ing>
        <amt>
          <qty>2</qty>
          <unit>tablespoons</unit></amt>
        <item>Instant chicken bouillon granules</item></ing>
      <ing>
        <amt>
          <qty>1</qty>
          <unit/></amt>
        <item>Bay leaf</item></ing>
      <ing>
        <amt>
          <qty>1</qty>
          <unit>cup</unit></amt>
        <item>Diced carrot</item></ing>
      <ing>
        <amt>
          <qty>1</qty>
          <unit>cup</unit></amt>
        <item>Peeled; diced potato</item></ing>
      <ing>
        <amt>
          <qty>1</qty>
          <unit>cup</unit></amt>
        <item>Diced celery</item></ing>
      <ing>
        <amt>
          <qty>1/2</qty>
          <unit>cups</unit></amt>
        <item>Chopped onion</item></ing>
      <ing>
        <amt>
          <qty>1/4</qty>
          <unit>teaspoons</unit></amt>
        <item>Dried oregano; crushed</item></ing>
      <ing>
        <amt>
          <qty>1</qty>
          <unit>pound</unit></amt>
        <item>Northern-pike fillets or other skinless fish fillets</item></ing>
      <ing>
        <amt>
          <qty>1/4</qty>
          <unit>cups</unit></amt>
        <item>Butter or margarine</item></ing>
      <ing>
        <amt>
          <qty>1/4</qty>
          <unit>cups</unit></amt>
        <item>All-purpose flour; (to 1/3)</item></ing>
      <ing>
        <amt>
          <qty>2</qty>
          <unit>cups</unit></amt>
        <item>Milk</item></ing>
      <ing>
        <amt>
          <qty/>
          <unit/></amt>
        <item>Fresh snipped parsley</item></ing></ingredients>
    <directions>
      <step>  1. In a large saucepan, combine the bouillon and bay leaf with 1 quart
  water. Add carrot, potato, celery, onion, 1/4 teaspoon salt, 1/4 teaspoon
  pepper, and oregano. Bring to boiling; reduce heat. Cover and simmer 10
  minutes or till the vegetables are just tender. Add fish, and cook 5
  minutes more or till fish is done.
  
  2. Meanwhile, in a medium saucepan, melt butter or margarine over medium
  heat. Stir in the flour, 1/2 teaspoon salt, and 1/8 teaspoon pepper till
  blended. Add milk all at once, and stir till bubbly; remove from heat.
  
  3. Slowly add the thickened mixture to the fish, stirring constantly. To
  serve, remove bay leaf. Garnish bowls with fresh parsley.
  
  Makes 4 to 6 servings.
  
  Published in Midwest Living 6/1990
  
  Submitted by Carriej999@AOL.com 5/98
  
  Recipe by: The Strictly Fish Cookbook by Babe and Charlie Winkleman
  
  Posted to MC-Recipe Digest by Carriej999 &lt;Carriej999@aol.com&gt; on May 17,
  1998
 
</step></directions></recipe></recipeml>
