<?xml version="1.0" encoding="UTF-8"?>

<recipeml version="0.5">
  <recipe>
    <head>
      <title>Babes Wrapped in Swaddling Clothes</title>
      <categories>
        <cat>None</cat></categories>
      <yield>1</yield></head>
    <ingredients>
      <ing-div>
        <title>DOUGH</title>
        <ing>
          <amt>
            <qty>4</qty>
            <unit>cups</unit></amt>
          <item>All-purpose flour</item></ing>
        <ing>
          <amt>
            <qty>1</qty>
            <unit>teaspoon</unit></amt>
          <item>Salt</item></ing>
        <ing>
          <amt>
            <qty>1</qty>
            <unit>cup</unit></amt>
          <item>Butter</item></ing>
        <ing>
          <amt>
            <qty>1</qty>
            <unit/></amt>
          <item>Container (8-oz) sour cream</item></ing>
        <ing>
          <amt>
            <qty>2</qty>
            <unit/></amt>
          <item>Egg yolks (reserve the whites for the meringue filling below)</item></ing>
        <ing>
          <amt>
            <qty>1</qty>
            <unit>tablespoon</unit></amt>
          <item>Lemon juice</item></ing>
        <ing>
          <amt>
            <qty/>
            <unit/></amt>
          <item>Confectioners sugar</item></ing></ing-div>
      <ing-div>
        <title>FILLING</title>
        <ing>
          <amt>
            <qty>2</qty>
            <unit/></amt>
          <item>Egg whites; reserved from making the dough</item></ing>
        <ing>
          <amt>
            <qty>1/2</qty>
            <unit>cups</unit></amt>
          <item>Sugar</item></ing>
        <ing>
          <amt>
            <qty>1</qty>
            <unit>cup</unit></amt>
          <item>Walnuts; chopped fine</item></ing>
        <ing>
          <amt>
            <qty>2 1/2</qty>
            <unit>teaspoons</unit></amt>
          <item>Ground cinnamon</item></ing>
        <ing>
          <amt>
            <qty>1/4</qty>
            <unit>teaspoons</unit></amt>
          <item>Salt</item></ing></ing-div></ingredients>
    <directions>
      <step>  The Following recipes are from The Frugal Gourmet Celebrates Christmas,
  which is a beautiful book.
  
  Combine the flour and salt in a mixing bowl. Cut in the butter until
  grainy. In a small bowl, combine the sour cream; egg yolks and lemon juice.
  Blend the sour cream mixture into the flour mixture. Knead together to form
  a smooth dough. Place the dough on plastic wrap and pat it into a 6 x
  8-inch rectangle. Wrap and refrigerate 2 hours, or overnight.
  
  filling: Whip the egg whites until stiff but not dry. Gradually whip in the
  sugar to form a meringue. Whip until the meringue holds soft peaks. Fold in
  the remaining ingredients. Dust a rolling pin and the counter with flour.
  Roll the chilled dough out into a thin (1/8-inch maximum) rectangle on the
  floured counter. Trim the edges so the rectangle measures 24 x 15-inches.
  Cut the dough into 3-inch squares and dust with confectioners' sugar. Place
  a rounded teaspoon of the filling in the center of each dough square. With
  a tiny bit of water, dampen two opposite corner. Fold the two opposite
  corners over each other and press the center together lightly. Place the
  cookies on a nonstick baking sheet and bake in a preheated 350 oven for 30
  minutes, or until lightly browned.
  
  Posted to recipelu-digest Volume 01 Number 306 by EABoz@aol.com on Nov 25,
  1997
 
</step></directions></recipe></recipeml>
