<?xml version="1.0" encoding="UTF-8"?>

<recipeml version="0.5">
  <recipe>
    <head>
      <title>Babe Ruth Bars</title>
      <categories>
        <cat>Bars</cat></categories>
      <yield>1</yield></head>
    <ingredients>
      <ing>
        <amt>
          <qty>1</qty>
          <unit>cup</unit></amt>
        <item>White Karo syrup</item></ing>
      <ing>
        <amt>
          <qty>1/2</qty>
          <unit>cups</unit></amt>
        <item>White sugar</item></ing>
      <ing>
        <amt>
          <qty>1/2</qty>
          <unit>cups</unit></amt>
        <item>Brown sugar</item></ing>
      <ing>
        <amt>
          <qty>1</qty>
          <unit>cup</unit></amt>
        <item>Peanut butter</item></ing>
      <ing>
        <amt>
          <qty>1</qty>
          <unit>cup</unit></amt>
        <item>Spanish peanuts</item></ing>
      <ing>
        <amt>
          <qty>6</qty>
          <unit>cups</unit></amt>
        <item>Corn flakes</item></ing>
      <ing>
        <amt>
          <qty>5</qty>
          <unit/></amt>
        <item>Regular size Hershey's bars; (5 to 6)</item></ing></ingredients>
    <directions>
      <step>  Bring syrup and sugars just to a boil. Add peanut butter and mix well. Stir
  in peanuts and cereal. Press into buttered 9 x 13-inch pan. Put candy bars
  on top and place in 350 degrees oven until candy bars melt, then spread
  evenly.
  
  Recipe by: diane@keyway.net
  
  Posted to recipelu-digest Volume 01 Number 295 by "Diane Geary"
  &lt;diane@keyway.net&gt; on Nov 23, 1997
 
</step></directions></recipe></recipeml>
