<?xml version="1.0" encoding="UTF-8"?>

<recipeml version="0.5">
  <recipe>
    <head>
      <title>Babi Ketjap (Pork in Soy Sauce)</title>
      <categories>
        <cat>Pork</cat>
        <cat>Indonesian</cat>
        <cat>Main dish</cat></categories>
      <yield>4</yield></head>
    <ingredients>
      <ing>
        <amt>
          <qty>1</qty>
          <unit>pound</unit></amt>
        <item>Pork loin</item></ing>
      <ing>
        <amt>
          <qty>1</qty>
          <unit/></amt>
        <item>Onion, large</item></ing>
      <ing>
        <amt>
          <qty>3</qty>
          <unit/></amt>
        <item>Garlic clove</item></ing>
      <ing>
        <amt>
          <qty>1</qty>
          <unit/></amt>
        <item>Thai chile</item></ing>
      <ing>
        <amt>
          <qty/>
          <unit/></amt>
        <item>Ginger, fresh (1")</item></ing>
      <ing>
        <amt>
          <qty>4</qty>
          <unit>tablespoons</unit></amt>
        <item>Ketjap manis</item></ing>
      <ing>
        <amt>
          <qty>1/2</qty>
          <unit>cups</unit></amt>
        <item>;water</item></ing></ingredients>
    <directions>
      <step>  Calories     per serving: 344 Fat grams per serving: 16 Approx. Cook Time:
  2:00 Cook the meat in one piece in a covered pan in a moderate oven (350 F)
  until done.  Remove from the oven and cool. When cool anough to handle, cut
  very fine (1/8" by 1/2"). Grind together the onion, garlic, ginger and
  pepper in a food pro- cessor. Fry in meat drippings until onion is golden
  (approximately 15 to 20 minutes).  Add ketjap manis, water, and diced meat.
  Simmer about 20 minutes.
  
  From Gemini's MASSIVE MealMaster collection at www.synapse.com/~gemini
 
</step></directions></recipe></recipeml>
