<?xml version="1.0" encoding="UTF-8"?>

<recipeml version="0.5">
  <recipe>
    <head>
      <title>Babka Wielkanocna - Easter Baba</title>
      <categories>
        <cat>Hand made</cat>
        <cat>Bread-baker</cat></categories>
      <yield>1</yield></head>
    <ingredients>
      <ing>
        <amt>
          <qty>1</qty>
          <unit>cup</unit></amt>
        <item>Milk</item></ing>
      <ing>
        <amt>
          <qty>3 1/2</qty>
          <unit>cups</unit></amt>
        <item>All-purpose flour</item></ing>
      <ing>
        <amt>
          <qty>2</qty>
          <unit>teaspoons</unit></amt>
        <item>Active Dry Yeast; (2 Pkg)</item></ing>
      <ing>
        <amt>
          <qty>1/4</qty>
          <unit>cups</unit></amt>
        <item>Lukewarm water</item></ing>
      <ing>
        <amt>
          <qty>2/3</qty>
          <unit>cups</unit></amt>
        <item>Sugar</item></ing>
      <ing>
        <amt>
          <qty>2</qty>
          <unit>teaspoons</unit></amt>
        <item>Salt</item></ing>
      <ing>
        <amt>
          <qty>15</qty>
          <unit/></amt>
        <item>Egg yolks</item></ing>
      <ing>
        <amt>
          <qty>1</qty>
          <unit>teaspoon</unit></amt>
        <item>Vanilla extract</item></ing>
      <ing>
        <amt>
          <qty>1/4</qty>
          <unit>teaspoons</unit></amt>
        <item>Almond extract</item></ing>
      <ing>
        <amt>
          <qty>1/2</qty>
          <unit>cups</unit></amt>
        <item>Melted butter</item></ing>
      <ing>
        <amt>
          <qty>3/4</qty>
          <unit>cups</unit></amt>
        <item>Candied Lemon Peel; Mixed With</item></ing>
      <ing>
        <amt>
          <qty/>
          <unit/></amt>
        <item>Candied Orange Peels; And Chopped</item></ing>
      <ing>
        <amt>
          <qty>1/2</qty>
          <unit>cups</unit></amt>
        <item>Chopped almonds</item></ing>
      <ing>
        <amt>
          <qty>1/3</qty>
          <unit>cups</unit></amt>
        <item>Raisins</item></ing>
      <ing>
        <amt>
          <qty/>
          <unit/></amt>
        <item>Blanched almond halves</item></ing>
      <ing>
        <amt>
          <qty/>
          <unit/></amt>
        <item>Bread crumbs</item></ing></ingredients>
    <directions>
      <step>  (1)  Scald milk and pour into a large bowl.  Slowly add 3/4 cup flour to
  the hot milk and beat thoroughly.  Cool. (2) Dissolve yeast in lukewarm
  water 5  minutes, then add one spoonful of the sugar and let stand 5
  minutes.  Add to cooled milk mixture and beat well. (3) Cover and let rise
  until double in bulk. (4) Add salt to egg yolks. Beat until thick and
  lemon- coloured (about 5 minutes). Add remaining sugar and extracts and
  continue beating. Combine egg mixture with milk mixture, beating
  thoroughly.  Add remaining flour and mix well. (5) Knead 10 minutes in
  bowl.   Add  butter  and  continue kneading 10 more minutes, or until dough
  leaves fingers. Add candied peel, almonds, and raisins. Knead to mix well.
  (6)  Let rise until double in bulk.  Punch down and let rise again. Preheat
  oven to 350 deg. F. (7) Generously grease a 12-inch fluted tub pan. Press
  almond  halves  around  sides  and bottom of pan.  Coat with bread crumbs.
  (8)  Punch down dough and  put  into  prepared  pan.   Dough should fill a
  third of the pan.  Let rise 1 hour, or until dough fills pan. (9) Bake at
  350 deg. F about 50 minutes, or until hollow sounding when tapped on top.
  
  (Makes 1 baba)
  
  RATING Difficulty: moderate. Time: About 3 hours. Precision: Measure the
  ingredients.
  
  CONTRIBUTOR Original recipe passed down through the generations and
  translated from Polish into English by ?
  
  USENET Cookbook  WIELKANOC-2
  
  Edward Chrzanowski MFCF, University of Waterloo, Waterloo, Ontario, Canada
  echrzanowski@watmath.waterloo.edu  or
  {decvax,att,utzoo}!watmath!echrzanowski
  
  From: Patt Bromberger &lt;van-bc!squid.tram.com!patt&gt;
  From: Bread-Bakers Archives: ftp.best.com/pub/reggie/archives/bread/recipe
 
</step></directions></recipe></recipeml>
