<?xml version="1.0" encoding="UTF-8"?>

<recipeml version="0.5">
  <recipe>
    <head>
      <title>Babki Smietankowe (Filled Baba)</title>
      <categories>
        <cat>Poland</cat>
        <cat>Bread/rolls</cat>
        <cat>Desserts</cat>
        <cat>Submitted</cat></categories>
      <yield>18</yield></head>
    <ingredients>
      <ing-div>
        <title>BABA</title>
        <ing>
          <amt>
            <qty>2</qty>
            <unit>cups</unit></amt>
          <item>Butter/margarine; room temp</item></ing>
        <ing>
          <amt>
            <qty>1</qty>
            <unit>cup</unit></amt>
          <item>Sugar, granulated</item></ing>
        <ing>
          <amt>
            <qty>2</qty>
            <unit/></amt>
          <item>Eggs</item></ing>
        <ing>
          <amt>
            <qty>3</qty>
            <unit/></amt>
          <item>Egg whites</item></ing>
        <ing>
          <amt>
            <qty>2 1/2</qty>
            <unit>cups</unit></amt>
          <item>Flour, all-purpose</item></ing></ing-div>
      <ing-div>
        <title>CUSTARD</title>
        <ing>
          <amt>
            <qty>3</qty>
            <unit/></amt>
          <item>Egg yolks</item></ing>
        <ing>
          <amt>
            <qty>3/4</qty>
            <unit>cups</unit></amt>
          <item>Sugar, granulated</item></ing>
        <ing>
          <amt>
            <qty>3/4</qty>
            <unit>cups</unit></amt>
          <item>Whipping cream</item></ing>
        <ing>
          <amt>
            <qty>1/4</qty>
            <unit>teaspoons</unit></amt>
          <item>Salt</item></ing></ing-div></ingredients>
    <directions>
      <step>    For baba:  Beat butter at high speed of an electric mixer. Gradually add
  sugar, creaming until fluffy. Beat in whole eggs and 2 egg whites. Stir in
  flour, and mix well.
    For custard:  Combine all ingredients in the top of a double boiler or a
  heavy saucepan (you can also cook the custard in the microwave). Cook and
  stir until custard is thickened; set aside to cool a few minutes.
    Generously grease muffin pan cups; coat with fine dry bread crumbs. Line
  each cup with 1 tablespoon of the baba dough. Spoon in 2 tablespoons of the
  custard, and top with more dough. Beat reserved egg white until just foamy,
  and brush top of each bab. Bake at 350 degrees for 20 to 25 minutes. Makes
       18    babas.
    From - Culinary Arts Polish Cookbook, MM/posting by DonW1948@aol.com
  
  File ftp://ftp.idiscover.co.uk/pub/food/mealmaster/recipes/mmdja006.zip
 
</step></directions></recipe></recipeml>
