<?xml version="1.0" encoding="UTF-8"?>

<recipeml version="0.5">
  <recipe>
    <head>
      <title>Babka</title>
      <categories>
        <cat>None</cat></categories>
      <yield>1</yield></head>
    <ingredients>
      <ing-div>
        <title/>
        <ing>
          <amt>
            <qty>5 1/2</qty>
            <unit>cups</unit></amt>
          <item>Flour; (up to 6-1/2)</item></ing>
        <ing>
          <amt>
            <qty>2</qty>
            <unit>packages</unit></amt>
          <item>Yeast</item></ing>
        <ing>
          <amt>
            <qty>1/4</qty>
            <unit>cups</unit></amt>
          <item>Warm water</item></ing>
        <ing>
          <amt>
            <qty>1</qty>
            <unit>cup</unit></amt>
          <item>+ 2T. sugar</item></ing>
        <ing>
          <amt>
            <qty>1</qty>
            <unit>teaspoon</unit></amt>
          <item>Salt</item></ing>
        <ing>
          <amt>
            <qty>3</qty>
            <unit/></amt>
          <item>Eggs; slightly beaten</item></ing>
        <ing>
          <amt>
            <qty>1/2</qty>
            <unit>cups</unit></amt>
          <item>Butter</item></ing>
        <ing>
          <amt>
            <qty>1/4</qty>
            <unit>cups</unit></amt>
          <item>Butter; melted</item></ing>
        <ing>
          <amt>
            <qty>1</qty>
            <unit>cup</unit></amt>
          <item>Milk</item></ing>
        <ing>
          <amt>
            <qty>1/4</qty>
            <unit>cups</unit></amt>
          <item>Oil</item></ing></ing-div>
      <ing-div>
        <title>FILLING</title>
        <ing>
          <amt>
            <qty>3/4</qty>
            <unit>cups</unit></amt>
          <item>Sugar</item></ing>
        <ing>
          <amt>
            <qty>3</qty>
            <unit>tablespoons</unit></amt>
          <item>Cinnamon</item></ing>
        <ing>
          <amt>
            <qty>3/4</qty>
            <unit>cups</unit></amt>
          <item>Golden raisins</item></ing>
        <ing>
          <amt>
            <qty>3/4</qty>
            <unit>cups</unit></amt>
          <item>Walnut pieces</item></ing></ing-div></ingredients>
    <directions>
      <step>  Put 3 cups flour into a large bowl. Make a well in the center. Dissolve
  yeast in warm water mixed with 2 T. sugar. Allow yeast to proof. Pour into
  well. Add 1 cup sugar and the salt.
  
  Melt 1/2 cup butter into the milk. Remove from heat and mix in the oil.
  Beat the butter mixture into the flour a little at a time., alternating
  with the eggs. Then beat in 2-3 cups more flour until the mixture is no
  longer sticky.
  
  Knead on floured surface for 8-10 minutes until smooth. Oil a large bowl.
  Roll the dough in the bowl until all surfaces are covered with oil. Cover
  with a tea towel and let rise in a warm place until double in size. Punch
  down dough and turn out on the counter. Cover and let rest for 10 minutes.
  
  Divide the dough into 4 parts. Roll each part into a rectangle 1/8" thick.
  Brush with melted butter. Combine topping ingredients and sprinkle on
  rectangles. Roll each like a jelly roll and place around a greased tube
  pan. Cover and let rise again until double in size. Brush top of babka with
  melted butter.
  
  Bake in a 300 degree oven for 1 hour. Remove from pan and let cool on a a
  cooling rack.
  
  Posted to JEWISH-FOOD digest Volume 98 #023 by Rugelah &lt;Rugelah@aol.com&gt; on
  Jan 12, 1998
 
</step></directions></recipe></recipeml>
