<?xml version="1.0" encoding="UTF-8"?>

<recipeml version="0.5">
  <recipe>
    <head>
      <title>Babka</title>
      <categories>
        <cat>Breads</cat>
        <cat>Machine</cat>
        <cat>Holidays</cat>
        <cat>Polish</cat></categories>
      <yield>1</yield></head>
    <ingredients>
      <ing>
        <amt>
          <qty>1</qty>
          <unit>package</unit></amt>
        <item>Yeast</item></ing>
      <ing>
        <amt>
          <qty>4</qty>
          <unit>cups</unit></amt>
        <item>Bread flour</item></ing>
      <ing>
        <amt>
          <qty>1/2</qty>
          <unit>cups</unit></amt>
        <item>Sugar; plus</item></ing>
      <ing>
        <amt>
          <qty>2</qty>
          <unit>tablespoons</unit></amt>
        <item>Sugar</item></ing>
      <ing>
        <amt>
          <qty>1</qty>
          <unit>teaspoon</unit></amt>
        <item>Salt warm water</item></ing>
      <ing>
        <amt>
          <qty>1</qty>
          <unit>cup</unit></amt>
        <item>Milk</item></ing>
      <ing>
        <amt>
          <qty>1/4</qty>
          <unit>pounds</unit></amt>
        <item>Butter</item></ing>
      <ing>
        <amt>
          <qty>2</qty>
          <unit/></amt>
        <item>Eggs</item></ing>
      <ing>
        <amt>
          <qty>3/4</qty>
          <unit>cups</unit></amt>
        <item>Golden raisins</item></ing></ingredients>
    <directions>
      <step>  I have been making a bread for my Polish neighbor since I have had my DAK;
  I call it "Bacci's Bread". She claims it is just like her mother used to
  bake.
  
  I bake it on the Sweet Bread setting. Hope this might be what you are
  looking for. Sheila Gosselin Ma - tthv22a Formatted by Elaine Radis
  Posted to MM-Recipes Digest V3 #300
  
  Date: Sat, 2 Nov 1996 14:21:26 +0000
  
  From: Linda Place &lt;placel@worldnet.att.net&gt;
 
</step></directions></recipe></recipeml>
