<?xml version="1.0" encoding="UTF-8"?>

<recipeml version="0.5">
  <recipe>
    <head>
      <title>Baboon Butter</title>
      <categories>
        <cat>None</cat></categories>
      <yield>1</yield></head>
    <ingredients>
      <ing>
        <amt>
          <qty>1/2</qty>
          <unit>cups</unit></amt>
        <item>Peanut butter</item></ing>
      <ing>
        <amt>
          <qty>1</qty>
          <unit>large</unit></amt>
        <item>Very ripe banana</item></ing>
      <ing>
        <amt>
          <qty>1/4</qty>
          <unit>teaspoons</unit></amt>
        <item>Cinnamon</item></ing>
      <ing>
        <amt>
          <qty>1</qty>
          <unit>tablespoon</unit></amt>
        <item>Shredded coconut</item></ing>
      <ing>
        <amt>
          <qty/>
          <unit/></amt>
        <item>Handful of raisins OR chopped dates</item></ing></ingredients>
    <directions>
      <step>  Mix well. Great on celery, bread or crackers. Posted to TNT - Prodigy's
  Recipe Exchange Newsletter  by Chad Alan Bumgarner &lt;chadalan@softcom.net&gt;
  on Jul 27, 1997
 
</step></directions></recipe></recipeml>
