<?xml version="1.0" encoding="UTF-8"?>

<recipeml version="0.5">
  <recipe>
    <head>
      <title>Baby Back Ribs with Mustard Sauce</title>
      <categories>
        <cat>Appetizers</cat>
        <cat>Cajun</cat>
        <cat>Meats</cat></categories>
      <yield>20</yield></head>
    <ingredients>
      <ing-div>
        <title/>
        <ing>
          <amt>
            <qty>10</qty>
            <unit>pounds</unit></amt>
          <item>Baby back pork ribs,separatd</item></ing>
        <ing>
          <amt>
            <qty/>
            <unit/></amt>
          <item>Salt to taste</item></ing>
        <ing>
          <amt>
            <qty/>
            <unit/></amt>
          <item>Cayenne pepper to taste</item></ing></ing-div>
      <ing-div>
        <title>MUSTARD SAUCE</title>
        <ing>
          <amt>
            <qty>1</qty>
            <unit>cup</unit></amt>
          <item>Mustard-your choice</item></ing>
        <ing>
          <amt>
            <qty>1/2</qty>
            <unit>cups</unit></amt>
          <item>Honey</item></ing>
        <ing>
          <amt>
            <qty>1</qty>
            <unit>cup</unit></amt>
          <item>Dry white wine (opt)or stock</item></ing></ing-div></ingredients>
    <directions>
      <step>  Preheat oven to 300 F.  Sprinkle salt and pepper on the ribs, the place
  them in a large baking pan, and bake in oven until tenter, about 1 hr.
  Drizzle with the mustard sauce.
  
  Yield: 10-20
  
  From Gemini's MASSIVE MealMaster collection at www.synapse.com/~gemini
 
</step></directions></recipe></recipeml>
