<?xml version="1.0" encoding="UTF-8"?>

<recipeml version="0.5">
  <recipe>
    <head>
      <title>Baby Carrots in Herb Vinegar</title>
      <categories>
        <cat>Vegetables</cat></categories>
      <yield>1</yield></head>
    <ingredients>
      <ing>
        <amt>
          <qty>20</qty>
          <unit>small</unit></amt>
        <item>Carrots; washed &amp; trimmed</item></ing>
      <ing>
        <amt>
          <qty>3/4</qty>
          <unit>cups</unit></amt>
        <item>Sugar</item></ing>
      <ing>
        <amt>
          <qty>1</qty>
          <unit>tablespoon</unit></amt>
        <item>Lemon juice</item></ing>
      <ing>
        <amt>
          <qty>1</qty>
          <unit>tablespoon</unit></amt>
        <item>Butter</item></ing>
      <ing>
        <amt>
          <qty>2</qty>
          <unit>tablespoons</unit></amt>
        <item>Tarragon vinegar</item></ing></ingredients>
    <directions>
      <step>  Place carrots, water and lemon juice in small saucepan. Cover and simmer 5
  minutes.  Remove cover, increase heat to high and cook, stirring, until
  liquid evaporates (5 minutes). Turn heat down.
  
  From: The Cook's Garden catalog - Spring/Summer 1989 - page 5
  
  From Gemini's MASSIVE MealMaster collection at www.synapse.com/~gemini
 
</step></directions></recipe></recipeml>
