<?xml version="1.0" encoding="UTF-8"?>

<recipeml version="0.5">
  <recipe>
    <head>
      <title>Baby Carrots with Brown Sugar and Mustard</title>
      <categories>
        <cat>Side dishes</cat>
        <cat>Vegetables</cat></categories>
      <yield>6</yield></head>
    <ingredients>
      <ing>
        <amt>
          <qty>1</qty>
          <unit>pound</unit></amt>
        <item>Baby carrots</item></ing>
      <ing>
        <amt>
          <qty>3</qty>
          <unit>tablespoons</unit></amt>
        <item>Unsalted butter</item></ing>
      <ing>
        <amt>
          <qty>2 1/2</qty>
          <unit>tablespoons</unit></amt>
        <item>Light brown sugar</item></ing>
      <ing>
        <amt>
          <qty>1</qty>
          <unit>tablespoon</unit></amt>
        <item>Grainy Dijon mustard</item></ing></ingredients>
    <directions>
      <step>  Blanch, steam, or microwave carrots until tender-crisp. Drain well. Melt
  butter in medium skillet over medium heat. Stir in brown sugar and mustard
  to make a smooth sauce. Add carrots and toss to coat. Cook 1 minute longer.
  
  Recipe by: Akron Beacon Journal  December 17, 1997
  
  Posted to recipelu-digest Volume 01 Number 377 by Nancy Pallotta
  &lt;nancee@neo.lrun.com&gt; on Dec 17, 1997
 
</step></directions></recipe></recipeml>
