<?xml version="1.0" encoding="UTF-8"?>

<recipeml version="0.5">
  <recipe>
    <head>
      <title>Baby Carrots Glazed with Butter</title>
      <categories>
        <cat>Vegetable</cat></categories>
      <yield>4</yield></head>
    <ingredients>
      <ing>
        <amt>
          <qty>2</qty>
          <unit>pounds</unit></amt>
        <item>Baby carrots; scraped</item></ing>
      <ing>
        <amt>
          <qty>3</qty>
          <unit>tablespoons</unit></amt>
        <item>Butter</item></ing>
      <ing>
        <amt>
          <qty>2</qty>
          <unit>tablespoons</unit></amt>
        <item>Mint; OR lemon balm OR lemon thyme; chopped</item></ing>
      <ing>
        <amt>
          <qty/>
          <unit/></amt>
        <item>Salt</item></ing>
      <ing>
        <amt>
          <qty/>
          <unit/></amt>
        <item>Fresh ground black pepper</item></ing>
      <ing>
        <amt>
          <qty>From:</qty>
          <unit/></amt>
        <item>Brenda Laughlin &lt;brenl104@MAAS.NET&gt;</item></ing>
      <ing>
        <amt>
          <qty>Date:</qty>
          <unit/></amt>
        <item>Wed, 24 Jul 1996 18:07:20 -0500</item></ing></ingredients>
    <directions>
      <step>  PLACE THE CARROTS in a heavy saucepan and barely cover with water. Add the
  butter and cover. Bring to the boil, reduce the heat, and cook 15 minutes
  or until still firm but easy to pierce with a fork. Remove the cover and
  boil down until the liquid has evaporated and the carrots are coated with
  butter. Watch them carefully or they will burn. Add the chopped herbs and
  season with salt and pepper. Makes 4 to 6 servings
  
  EAT-L Digest 24 July 96
  
  From the EAT-L recipe list.  Downloaded from Glen's MM Recipe Archive,
  http://www.erols.com/hosey.
 
</step></directions></recipe></recipeml>
