<?xml version="1.0" encoding="UTF-8"?>

<recipeml version="0.5">
  <recipe>
    <head>
      <title>Baby Doe's Mine Beer Cheese Soup</title>
      <categories>
        <cat>Soups &amp;</cat>
        <cat>Stews</cat></categories>
      <yield>8</yield></head>
    <ingredients>
      <ing>
        <amt>
          <qty>8</qty>
          <unit>cups</unit></amt>
        <item>Milk</item></ing>
      <ing>
        <amt>
          <qty>2</qty>
          <unit>teaspoons</unit></amt>
        <item>Tabasco sauce;, or to taste</item></ing>
      <ing>
        <amt>
          <qty>4</qty>
          <unit>teaspoons</unit></amt>
        <item>Worcestershire sauce</item></ing>
      <ing>
        <amt>
          <qty>4</qty>
          <unit>tablespoons</unit></amt>
        <item>Chicken seasoning base</item></ing>
      <ing>
        <amt>
          <qty>1</qty>
          <unit>pound</unit></amt>
        <item>Cheese Whiz</item></ing>
      <ing>
        <amt>
          <qty>6</qty>
          <unit>tablespoons</unit></amt>
        <item>Cornstarch</item></ing>
      <ing>
        <amt>
          <qty>1/3</qty>
          <unit>cups</unit></amt>
        <item>Cold water</item></ing>
      <ing>
        <amt>
          <qty>1</qty>
          <unit>cup</unit></amt>
        <item>Beer</item></ing>
      <ing>
        <amt>
          <qty/>
          <unit/></amt>
        <item>Cayenne pepper; to taste</item></ing></ingredients>
    <directions>
      <step>  Combine milk, Tabasco, Worcestershire and chicken seasoning base in a large
  saucepan. Bring to a boil, stirring constantly. Warm Cheese Whiz jar in hot
  water or microwave. Mix well into soup. Dissolve cornstarch completely in
  the water. Stir into soup, which should thicken rapidly. Add bear to soup
  and stir well. To serve, ladle into bowls and dust with cayenne.
  
  Recipe by: Prodigy Food &amp; Wine Board
  
  Posted to recipelu-digest by "Crane C. Walden" &lt;cranew@foothill.net&gt; on Feb
  5, 1998
 
</step></directions></recipe></recipeml>
