<?xml version="1.0" encoding="UTF-8"?>

<recipeml version="0.5">
  <recipe>
    <head>
      <title>Baby Bok Choy with Mushrooms and Tofu</title>
      <categories>
        <cat>Stir-fry</cat>
        <cat>Vegetable</cat>
        <cat>Country liv</cat></categories>
      <yield>4</yield></head>
    <ingredients>
      <ing-div>
        <title/>
        <ing>
          <amt>
            <qty>1</qty>
            <unit>pound</unit></amt>
          <item>Firm tofu; drained</item></ing>
        <ing>
          <amt>
            <qty>2</qty>
            <unit>tablespoons</unit></amt>
          <item>Cornstarch</item></ing>
        <ing>
          <amt>
            <qty>3</qty>
            <unit>tablespoons</unit></amt>
          <item>Vegetable oil</item></ing>
        <ing>
          <amt>
            <qty>1/2</qty>
            <unit>cups</unit></amt>
          <item>Vegetable broth</item></ing>
        <ing>
          <amt>
            <qty>6</qty>
            <unit>slices</unit></amt>
          <item>Fresh ginger root; sliced</item></ing>
        <ing>
          <amt>
            <qty>8</qty>
            <unit/></amt>
          <item>Baby bok choy; halved lengthwise</item></ing></ing-div>
      <ing-div>
        <title>SAUCE</title>
        <ing>
          <amt>
            <qty>1/2</qty>
            <unit>cups</unit></amt>
          <item>Vegetable broth</item></ing>
        <ing>
          <amt>
            <qty>1/4</qty>
            <unit>cups</unit></amt>
          <item>Oyster sauce</item></ing>
        <ing>
          <amt>
            <qty>2</qty>
            <unit>tablespoons</unit></amt>
          <item>Soy sauce; low sodium</item></ing>
        <ing>
          <amt>
            <qty>2</qty>
            <unit>teaspoons</unit></amt>
          <item>Cornstarch</item></ing>
        <ing>
          <amt>
            <qty>2</qty>
            <unit>teaspoons</unit></amt>
          <item>Sugar</item></ing>
        <ing>
          <amt>
            <qty>2</qty>
            <unit>teaspoons</unit></amt>
          <item>Sesame oil</item></ing>
        <ing>
          <amt>
            <qty>1/2</qty>
            <unit>pounds</unit></amt>
          <item>Medium size shiitake mushroom; stems removed</item></ing></ing-div>
      <ing-div>
        <title>OPTIONAL TOPPING</title>
        <ing>
          <amt>
            <qty>1</qty>
            <unit>small</unit></amt>
          <item>Green onion; diagonally sliced</item></ing></ing-div></ingredients>
    <directions>
      <step>  On paper towels, pat tofu dry on all sides. Cut tofu crosswise into
  1/2-inch thick slices. On small plate, place cornstarch.
  
  Heat nonstick wok or large skillet over medium heat until hot. Add 2
  tablespoons oil and swirl to coat pan. One at a time, dip tofu slices into
  cornstarch to coat cut surfaces and place in wok. Fry until well browned on
  one side--about 5 minutes . Turn tofu slices and fry other sides until well
  borwned. Transfer tofu to center of large serving platter; cover with foil
  and keep warm.
  
  Add broth and gingerroot to wok and heat to boiling. Add bok choy; cover
  and cook until tender and most of broth evaporates--about 5 minutes.
  
  Meanwhile, prepare Sauce. In small bowl, combine vegetable broth,
  oyster-flavored sauce, soy sauce, cornstarch, sugar and sesame oil.
  
  With slotted spoon or pancake turner, remove bok choy and place, cut sides
  down, around rim of platter with tofu; cover and keep warm. Discard ginger
  slices and any remaining broth.
  
  Reheat wok over high heat until hot. Add remaining 1 tablespoon oil and the
  mushrooms. Stir-fry mushrooms until softened--about 3 minutes. Restir Sauce
  and pour over mushrooms; cook, stirring constantly, until thickened and
  bubbly. Transfer mushrooms from Sauce and place over tofu. Pour Sauce over
  all. Garnish with green onions, if desired.
  
  Recipe by: Country Living (March 1998)
  
  Posted to recipelu-digest by "Nesb2@aol.com" &lt;Nesb2@aol.com&gt; on Mar 22,
  1998
 
</step></directions></recipe></recipeml>
