<?xml version="1.0" encoding="UTF-8"?>

<recipeml version="0.5">
  <recipe>
    <head>
      <title>Baby Back Ribs</title>
      <categories>
        <cat>None</cat></categories>
      <yield>4</yield></head>
    <ingredients>
      <ing>
        <amt>
          <qty>1/4</qty>
          <unit>cups</unit></amt>
        <item>Packed brown sugar</item></ing>
      <ing>
        <amt>
          <qty>2</qty>
          <unit>tablespoons</unit></amt>
        <item>Dry mustard</item></ing>
      <ing>
        <amt>
          <qty>2</qty>
          <unit>teaspoons</unit></amt>
        <item>Paprika</item></ing>
      <ing>
        <amt>
          <qty>2</qty>
          <unit>teaspoons</unit></amt>
        <item>Salt</item></ing>
      <ing>
        <amt>
          <qty>1</qty>
          <unit>teaspoon</unit></amt>
        <item>Black pepper</item></ing>
      <ing>
        <amt>
          <qty>2</qty>
          <unit/></amt>
        <item>Racks pork baby back ribs (3 1/2 to 4 pounds)</item></ing>
      <ing>
        <amt>
          <qty>1/3</qty>
          <unit>cups</unit></amt>
        <item>K.C. Masterpiece Original Barbecue Sauce (up to 1/2)</item></ing></ingredients>
    <directions>
      <step>  This recipe is from the Kingsford Great Barbecue booklet. The recipe makes
        4    servings.
  
  Combine sugar, mustard, paprika, salt and pepper. Rub mixture evenly onto
  ribs to coat. Place ribs on covered grill opposite medium Kingsfor
  briquets. Grill 30 to 45 minutes or until tender and cooked through,
  turning once and brushing with barbecue sauce during the last 10 minutes of
  grilling.
  
  Source: Kingsford Great Barbecues Posted to KitMailbox Digest by Leon &amp;
  Miriam Posvolsky &lt;posvolsk@centroin.com.br&gt; on Jul 11, 1997
 
</step></directions></recipe></recipeml>
