<?xml version="1.0" encoding="UTF-8"?>

<recipeml version="0.5">
  <recipe>
    <head>
      <title>Baby Carrots with Ginger and Sage Butter</title>
      <categories>
        <cat>Vegetables</cat></categories>
      <yield>8</yield></head>
    <ingredients>
      <ing>
        <amt>
          <qty>2</qty>
          <unit>pounds</unit></amt>
        <item>Baby carrots - scrubbed clean</item></ing>
      <ing>
        <amt>
          <qty>1/2</qty>
          <unit>cups</unit></amt>
        <item>Unsalted butter - one stick</item></ing>
      <ing>
        <amt>
          <qty>5 1/2</qty>
          <unit>tablespoons</unit></amt>
        <item>Firmly packed brown sugar</item></ing>
      <ing>
        <amt>
          <qty>2</qty>
          <unit>tablespoons</unit></amt>
        <item>Fresh ginger; chopped</item></ing>
      <ing>
        <amt>
          <qty>1/2</qty>
          <unit/></amt>
        <item>Lemon - juiced</item></ing>
      <ing>
        <amt>
          <qty>1/4</qty>
          <unit>teaspoons</unit></amt>
        <item>Salt</item></ing>
      <ing>
        <amt>
          <qty>1</qty>
          <unit/></amt>
        <item>Clove garlic - mashed</item></ing>
      <ing>
        <amt>
          <qty>1</qty>
          <unit>tablespoon</unit></amt>
        <item>Fresh sage - chopped</item></ing>
      <ing>
        <amt>
          <qty/>
          <unit/></amt>
        <item>Or 1 teaspoon dried sage</item></ing></ingredients>
    <directions>
      <step>  Poach carrots in simmering water or chicken broth until just tender. Drain.
  Melt butter and add brown sugar, ginger, lemon juice, salt, garlic and
  sage; then add carrots and gently saute 2 to 3 minutes to blend flavors.
  Typos by Brenda Adams &lt;adamsfmle@aol.com&gt;
  
  Source: Shepherd's Garden Seeds newsletter
  Posted to MC-Recipe Digest V1 #208
  
  Date: Tue, 20 Aug 1996 01:03:55 -0400
  
  From: ADAMSFMLE@aol.com
 
</step></directions></recipe></recipeml>
