<?xml version="1.0" encoding="UTF-8"?>

<recipeml version="0.5">
  <recipe>
    <head>
      <title>Baby Back Barbecue Ribs</title>
      <categories>
        <cat>Rib-mt</cat>
        <cat>Grill/broil</cat></categories>
      <yield>1</yield></head>
    <ingredients>
      <ing>
        <amt>
          <qty>2</qty>
          <unit/></amt>
        <item>Sheets reynolds wrap heavy duty aluminum foil ( 18x24 inches each)</item></ing>
      <ing>
        <amt>
          <qty>3</qty>
          <unit>pounds</unit></amt>
        <item>Baby back pork ribs</item></ing>
      <ing>
        <amt>
          <qty>1</qty>
          <unit>tablespoon</unit></amt>
        <item>Brown sugar</item></ing>
      <ing>
        <amt>
          <qty>1</qty>
          <unit>tablespoon</unit></amt>
        <item>Paprika</item></ing>
      <ing>
        <amt>
          <qty>2</qty>
          <unit>teaspoons</unit></amt>
        <item>Garlic powder</item></ing>
      <ing>
        <amt>
          <qty>1 1/2</qty>
          <unit>teaspoons</unit></amt>
        <item>Black pepper</item></ing>
      <ing>
        <amt>
          <qty>1/2</qty>
          <unit>cups</unit></amt>
        <item>Water</item></ing>
      <ing>
        <amt>
          <qty>1 1/2</qty>
          <unit>cups</unit></amt>
        <item>Favorite barbecue sauce</item></ing></ingredients>
    <directions>
      <step>  Preheat grill to medium. Cut each rack of ribs into thirds. Place half of
  ribs in single layer on each foil sheet. Combine brown sugar, paprika,
  garlic powder and pepper. Sprinkle ribs with spice mixture; rub in to coat
  evenly. Wrap ribs by bringing two sides of foil sheets to center. Leaving
  space for heat circulation inside packet, fold foil down. Fold in one end
  to seal. Through open end, add 1/4 cup water. Fold foil in to seal. Repeat
  for second packet. Grill 45 minutes to 1 hour in covered grill. Remove
  steamed ribs carefully from foil and place directly on grill. Grill ribs 10
  to 15 minutes in uncovered grill brushing ribs generously with barbecue
  sauce and turning every 5 minutes to cook evenly.
  
  Busted by Gail Shermeyer &lt;4paws@netrax.net&gt; on May124, 997
  
  Recipe by: TVFN: REYNOLDS SPECIAL RECIPES Posted to MC-Recipe Digest V1
  #641 by 4paws@netrax.net (Shermeyer-Gail) on Jun 09, 1997
 
</step></directions></recipe></recipeml>
