<?xml version="1.0" encoding="UTF-8"?>

<recipeml version="0.5">
  <recipe>
    <head>
      <title>Baby Cheesecakes</title>
      <categories>
        <cat>None</cat></categories>
      <yield>1</yield></head>
    <ingredients>
      <ing>
        <amt>
          <qty>8</qty>
          <unit>ounces</unit></amt>
        <item>Cream cheese; at room temp</item></ing>
      <ing>
        <amt>
          <qty>3/4</qty>
          <unit>cups</unit></amt>
        <item>Granulated sugar</item></ing>
      <ing>
        <amt>
          <qty>1</qty>
          <unit>large</unit></amt>
        <item>Egg</item></ing>
      <ing>
        <amt>
          <qty>1</qty>
          <unit>cup</unit></amt>
        <item>Sour cream</item></ing>
      <ing>
        <amt>
          <qty>1/4</qty>
          <unit>cups</unit></amt>
        <item>All-purpose flour</item></ing>
      <ing>
        <amt>
          <qty>1</qty>
          <unit>teaspoon</unit></amt>
        <item>Vanilla</item></ing></ingredients>
    <directions>
      <step>  Pre-heat oven to 325F. Lightly coat mini-muffin pans with vegetable oil
  cooking spray (PAM) Combine the cream cheese,sugar, and egg in a mixing
  bowl or in a food processor. When well mixed, beat in the sour cream,flour,
  and vanilla. Fill muffin tins almost to the top and bake for about 20
  minutes. The filling will have puffed up a bit. Let cool in the pans for an
  hour and then refrigerate for a few hours. Remove from pans with a small
  flexible knife. Yields 24 1/4 cup cheesecakes. Flavor variations: Add juice
  of two limes. Add 2 tsp. orange zest and 1 Tbsp. orange liquer or essence.
  Add mini chocolate chips. Add fruit preserves or jam. Raspberry is
  especially nice. Garnish with fresh fruit and/or whipped cream.
  
  Posted to FOODWINE Digest  by Sharon &lt;madameming@IBM.NET&gt; on Dec 9, 1997
 
</step></directions></recipe></recipeml>
