<?xml version="1.0" encoding="UTF-8"?>

<recipeml version="0.5">
  <recipe>
    <head>
      <title>Baby Back Ribs with Sofrito Glaze</title>
      <categories>
        <cat>Too</cat>
        <cat>Hot</cat>
        <cat>Tamales</cat></categories>
      <yield>4</yield></head>
    <ingredients>
      <ing>
        <amt>
          <qty/>
          <unit/></amt>
        <item>Marinade</item></ing>
      <ing>
        <amt>
          <qty>1</qty>
          <unit>tablespoon</unit></amt>
        <item>Annatto seeds</item></ing>
      <ing>
        <amt>
          <qty>1/4</qty>
          <unit>cups</unit></amt>
        <item>Vegetable oil</item></ing>
      <ing>
        <amt>
          <qty>1</qty>
          <unit>tablespoon</unit></amt>
        <item>Olive oil</item></ing>
      <ing>
        <amt>
          <qty>1</qty>
          <unit/></amt>
        <item>Yellow onion; diced</item></ing>
      <ing>
        <amt>
          <qty>1</qty>
          <unit/></amt>
        <item>Anaheim chile; seeded and diced</item></ing>
      <ing>
        <amt>
          <qty>4</qty>
          <unit/></amt>
        <item>Garlic cloves</item></ing>
      <ing>
        <amt>
          <qty>2</qty>
          <unit/></amt>
        <item>Red peppers; seeded and diced</item></ing>
      <ing>
        <amt>
          <qty>3</qty>
          <unit/></amt>
        <item>Recao leaves (optional) or</item></ing>
      <ing>
        <amt>
          <qty>1/2</qty>
          <unit>bunches</unit></amt>
        <item>Oregano</item></ing>
      <ing>
        <amt>
          <qty>1/2</qty>
          <unit>bunches</unit></amt>
        <item>Cilantro</item></ing>
      <ing>
        <amt>
          <qty>2</qty>
          <unit>tablespoons</unit></amt>
        <item>Tomato paste</item></ing>
      <ing>
        <amt>
          <qty>3</qty>
          <unit/></amt>
        <item>Whole tomatoes</item></ing>
      <ing>
        <amt>
          <qty>1/4</qty>
          <unit>cups</unit></amt>
        <item>Cider vinegar</item></ing>
      <ing>
        <amt>
          <qty>2</qty>
          <unit>teaspoons</unit></amt>
        <item>Salt</item></ing>
      <ing>
        <amt>
          <qty>1</qty>
          <unit>teaspoon</unit></amt>
        <item>Pepper; freshly ground</item></ing>
      <ing>
        <amt>
          <qty>2</qty>
          <unit>tablespoons</unit></amt>
        <item>Guava jelly</item></ing>
      <ing>
        <amt>
          <qty>1/4</qty>
          <unit>cups</unit></amt>
        <item>Coffee liqueur</item></ing>
      <ing>
        <amt>
          <qty>4</qty>
          <unit>pounds</unit></amt>
        <item>Baby back pork ribs</item></ing></ingredients>
    <directions>
      <step>  To make annatto oil: Place the annatto seeds in a dry pan and toast over
  medium heat. Keep shaking the pan and tossing the seeds until their aroma
  is released, 1 to 2 minutes. Stir in the vegetable oil and set aside. When
  cool, strain to remove seeds. Heat the annatto and olive oils in a large
  skillet. Add the onion, chile, garlic, red peppers, recao and cilantro.
  SautJ over medium heat until vegetables soften, about 5 minutes. Stir in
  the tomato paste and continue cooking for 2 more minutes. Add the tomatoes
  and cook two more minutes. Allow to cool, then transfer mixture to a food
  processor or blender and puree. Pour marinade into a large bowl and stir in
  vinegar. Add remaining marinade ingredients. Place the ribs in the marinade
  and allow to sit for at least 1 hour, or overnight. Preheat oven to 350
  degrees. Remove the ribs from the marinade and place them in a baking pan
  single layer (save marinade for basting). Add 1/4inch water to the pan,
  cover and bake for one hour. Uncover and bake for another hour, basting
  with the reserved marinade every 15 minutes. Yield
  : 4 servings Copyright, 1996, TV FOOD NETWORK, G.P., All Rights Reserved
  11/13/96 show
  Recipe By     : TOO HOT TAMALES SHOW #TH6316
  
  Posted to MC-Recipe Digest V1 #305
  
  Date: Sat, 16 Nov 1996 10:30:25 -0600
  
  From: Pat Asher &lt;asher@mcs.com&gt;
 
</step></directions></recipe></recipeml>
