<?xml version="1.0" encoding="UTF-8"?>

<recipeml version="0.5">
  <recipe>
    <head>
      <title>Baby Back Ribs with Ranch Sauce</title>
      <categories>
        <cat>Meat</cat></categories>
      <yield>4</yield></head>
    <ingredients>
      <ing-div>
        <title/>
        <ing>
          <amt>
            <qty/>
            <unit/></amt>
          <item>Baby back ribs (yes; the pork kind)</item></ing>
        <ing>
          <amt>
            <qty/>
            <unit/></amt>
          <item>Lea and Perrins Worcestershire sauce</item></ing></ing-div>
      <ing-div>
        <title>RANCH SAUCE</title>
        <ing>
          <amt>
            <qty>3</qty>
            <unit>tablespoons</unit></amt>
          <item>Butter</item></ing>
        <ing>
          <amt>
            <qty>1</qty>
            <unit>medium</unit></amt>
          <item>Onion; chopped fine</item></ing>
        <ing>
          <amt>
            <qty>1/2</qty>
            <unit>teaspoons</unit></amt>
          <item>Celery seed</item></ing>
        <ing>
          <amt>
            <qty>1/2</qty>
            <unit>teaspoons</unit></amt>
          <item>Dry mustard</item></ing>
        <ing>
          <amt>
            <qty>1/4</qty>
            <unit>teaspoons</unit></amt>
          <item>Pepper</item></ing>
        <ing>
          <amt>
            <qty>2</qty>
            <unit>teaspoons</unit></amt>
          <item>Salt</item></ing>
        <ing>
          <amt>
            <qty>1</qty>
            <unit/></amt>
          <item>Clove garlic; chopped</item></ing>
        <ing>
          <amt>
            <qty>1</qty>
            <unit>tablespoon</unit></amt>
          <item>Lemon juice</item></ing>
        <ing>
          <amt>
            <qty>1</qty>
            <unit>tablespoon</unit></amt>
          <item>Lea and Perrins; or so</item></ing>
        <ing>
          <amt>
            <qty>1/8</qty>
            <unit>teaspoons</unit></amt>
          <item>Hot sauce (I'm sure we'll add more...)</item></ing>
        <ing>
          <amt>
            <qty>1/4</qty>
            <unit>cups</unit></amt>
          <item>Cider vinegar</item></ing>
        <ing>
          <amt>
            <qty>1</qty>
            <unit>cup</unit></amt>
          <item>Tomato sauce</item></ing>
        <ing>
          <amt>
            <qty>1/2</qty>
            <unit>cups</unit></amt>
          <item>Tomato puree</item></ing>
        <ing>
          <amt>
            <qty>1/4</qty>
            <unit>cups</unit></amt>
          <item>Brown sugar - for a double recipe; use the 1/4 cup and add extra to taste</item></ing></ing-div></ingredients>
    <directions>
      <step>  Date: Mon, 26 Feb 1996 20:10:39 -0600
  
  From: Jim Avery &lt;javery@airmail.net&gt;
  
  Subject: Ribs - actually, *these* ribs are the best in the universe...
  
  OK, y'all, we've heard the hype, now comes the *real* thing...;&gt; Get you
  some: Baby back ribs (yes, the pork kind), brush them lightly with some Lea
  and Perrins Worcestershire Sauce on both sides, so that you can tell that
  there's some on 'em.  Broil them (in the oven) on both sides so that they
  are nice and brown (don't COOK 'em, just give 'em some color), and place
  them in a covered roaster pan in a 250F oven for about 2 hours.
  
  Drain the liquid from the pan and save it for something else.  You can use
  some of the meat juice in the Ranch Sauce (recipe follows), or you can
  throw it away. Paint the ribs with Ranch Sauce on both sides and put back
  in the roaster in the over for about another hour or so. Before serving,
  grill them over moderate coals to brown and finish, basting them again with
  Ranch Sauce, about 10 - 15 minutes.
  
  Ranch Sauce:  this recipe is from Frito - Lay, circa 1957.  Hard to beat:
  Mix all ingredients in a non-reactive saucepan, bring to a boil and simmer
  for at least 20 minutes, stirring often so that it doesn't stick.
  
  This, my friends, is fit to eat!
  
  CHILE-HEADS DIGEST V2 #252
  
  From the Chile-Heads recipe list.  Downloaded from Glen's MM Recipe
  Archive, http://www.erols.com/hosey.
 
</step></directions></recipe></recipeml>
