<?xml version="1.0" encoding="UTF-8"?>

<recipeml version="0.5">
  <recipe>
    <head>
      <title>Baby Bean Burritos</title>
      <categories>
        <cat>Maindish</cat></categories>
      <yield>24</yield></head>
    <ingredients>
      <ing>
        <amt>
          <qty>1</qty>
          <unit>can</unit></amt>
        <item>(16-oz) can plain or Mexican-style refried beans</item></ing>
      <ing>
        <amt>
          <qty>12</qty>
          <unit/></amt>
        <item>(6-inch) flour tortillas</item></ing>
      <ing>
        <amt>
          <qty>1</qty>
          <unit>medium</unit></amt>
        <item>Onion; chopped</item></ing>
      <ing>
        <amt>
          <qty>1</qty>
          <unit>cup</unit></amt>
        <item>Shredded Monterey Jack cheese (about 4 ozs)</item></ing>
      <ing>
        <amt>
          <qty>1</qty>
          <unit>tablespoon</unit></amt>
        <item>Vegetable oil</item></ing>
      <ing>
        <amt>
          <qty>2</qty>
          <unit/></amt>
        <item>Cloves garlic; minced</item></ing>
      <ing>
        <amt>
          <qty>1/2</qty>
          <unit>teaspoons</unit></amt>
        <item>Ground cumin</item></ing>
      <ing>
        <amt>
          <qty>1</qty>
          <unit/></amt>
        <item>Fresh Jalapeno peppers (or 2); seeded and minced</item></ing>
      <ing>
        <amt>
          <qty>1/3</qty>
          <unit>cups</unit></amt>
        <item>Chopped cilantro (optional)</item></ing>
      <ing>
        <amt>
          <qty/>
          <unit/></amt>
        <item>Sour cream and salsa</item></ing></ingredients>
    <directions>
      <step>  From: kmeade@ids2.idsonline.com (The Meades)
  
  Date: Sun, 5 May 1996 20:09:56 -0400 -Dorothy Cross TMPJ72B
  1. Preheat oven to 325 degrees. Stack tortillas and cut in half. Wrap
  tortilla stack in foil and heat until warmed through, 10 to 15 minutes.
  
  2. Meanwhile, in a large frying pan, cook onion in oil over medium-high
  heat until softened but not browned, 2 to 3 minutes. Add garlic and
  jalapeno peppers and cook until garlic is just fragrant, about 30 seconds.
  
  3. Spread about 1-1/2 tablespoons bean mixture on each tortilla half and
  roll up jelly-roll fashion. Arrange on a serving plate and sprinkle with
  cilantro. Serve warm with sour cream and salsa.
  
  COMMENTS: If you love spicy foods, you'll find these irresistible.  They're
  also a bit messy to eat, so be sure to provide lots of napkins.
  
  Source: 365 Snacks, Hors D'oeuvres and Appetizers Reformatted by: CYGNUS,
  HCPM52C
  
  MC-RECIPE@MASTERCOOK.COM
  
  MASTERCOOK RECIPES LIST SERVER
  
  MC-RECIPE DIGEST V1 #71
  
  From the MasterCook recipe list.  Downloaded from Glen's MM Recipe Archive,
  http://www.erols.com/hosey.
 
</step></directions></recipe></recipeml>
