<?xml version="1.0" encoding="UTF-8"?>

<recipeml version="0.5">
  <recipe>
    <head>
      <title>Viennese Puff</title>
      <categories>
        <cat>Casseroles</cat>
        <cat>Pork</cat></categories>
      <yield>3</yield></head>
    <ingredients>
      <ing>
        <amt>
          <qty>1</qty>
          <unit>cup</unit></amt>
        <item>Bread crumbs</item></ing>
      <ing>
        <amt>
          <qty>1</qty>
          <unit>pound</unit></amt>
        <item>Sausage meat</item></ing>
      <ing>
        <amt>
          <qty>3</qty>
          <unit>tablespoons</unit></amt>
        <item>Butter or margarine</item></ing>
      <ing>
        <amt>
          <qty>1/4</qty>
          <unit>teaspoons</unit></amt>
        <item>Curry powder</item></ing>
      <ing>
        <amt>
          <qty>1/2</qty>
          <unit>teaspoons</unit></amt>
        <item>Salt</item></ing>
      <ing>
        <amt>
          <qty>1/2</qty>
          <unit>teaspoons</unit></amt>
        <item>Pepper</item></ing>
      <ing>
        <amt>
          <qty>1</qty>
          <unit>small</unit></amt>
        <item>Onion, chopped</item></ing>
      <ing>
        <amt>
          <qty>1/2</qty>
          <unit>cups</unit></amt>
        <item>Grated Cheddar cheese</item></ing>
      <ing>
        <amt>
          <qty>1/2</qty>
          <unit>cups</unit></amt>
        <item>Flour</item></ing>
      <ing>
        <amt>
          <qty>1</qty>
          <unit>cup</unit></amt>
        <item>Milk</item></ing>
      <ing>
        <amt>
          <qty>1</qty>
          <unit/></amt>
        <item>Egg, fork beaten</item></ing></ingredients>
    <directions>
      <step>  Sprinkle crumbs evenly over bottom of baking dish about 8 x 8 inches. Pat
  sausage meat on waxed paper to size of dish. Invert over crumbs and remove
  paper. Cover. Bake in 350 F oven for 30 minutes. Drain off as much fat as
  you can manage without disturbing meat.
  
  While meat is cooking, melt butter in medium size saucepan. Add curry,
  salt, pepper, onion and cheese. Stir until cheese is melted. Stir in flour.
  Add milk and beaten egg. Stir vigorously until thickened. It will be thick.
  Remove from heat.
  
  When ready, remove sausage meat from oven. Drain. Spread mixture evenly
  over the meat. Leave uncovered. Return to oven and bake at 400 F for 30
  minutes until golden brown. Serves 3-4. Recipe can be doubled and baked in
        9 x  13 inch pan.
  
  Source: Company's Coming: Casseroles By Jean Pare'
  
  From Gemini's MASSIVE MealMaster collection at www.synapse.com/~gemini
 
</step></directions></recipe></recipeml>
