<?xml version="1.0" encoding="UTF-8"?>

<recipeml version="0.5">
  <recipe>
    <head>
      <title>Viennese Sacher Torte</title>
      <categories>
        <cat>None</cat></categories>
      <yield>6</yield></head>
    <ingredients>
      <ing>
        <amt>
          <qty>1/2</qty>
          <unit>cups</unit></amt>
        <item>Sweet butter</item></ing>
      <ing>
        <amt>
          <qty>1/2</qty>
          <unit>cups</unit></amt>
        <item>Plus 2 tbspoons confectioners sugar</item></ing>
      <ing>
        <amt>
          <qty>4</qty>
          <unit>ounces</unit></amt>
        <item>Melted sweet chocolate</item></ing>
      <ing>
        <amt>
          <qty>6</qty>
          <unit/></amt>
        <item>Eggs; separated</item></ing>
      <ing>
        <amt>
          <qty>1</qty>
          <unit>tablespoon</unit></amt>
        <item>Grated lemon rind</item></ing>
      <ing>
        <amt>
          <qty>1</qty>
          <unit>teaspoon</unit></amt>
        <item>Cinnamon</item></ing>
      <ing>
        <amt>
          <qty>1/2</qty>
          <unit>teaspoons</unit></amt>
        <item>Cloves</item></ing>
      <ing>
        <amt>
          <qty>1</qty>
          <unit>cup</unit></amt>
        <item>Plus 2 tbspoons very fine toasted white breadcrumbs</item></ing>
      <ing>
        <amt>
          <qty>1/8</qty>
          <unit>teaspoons</unit></amt>
        <item>Salt</item></ing>
      <ing>
        <amt>
          <qty/>
          <unit/></amt>
        <item>Apricot jam</item></ing></ingredients>
    <directions>
      <step>  Recipe By : American Cookbook
  
  Cream butter until soft and creamy. Gradually add sugar and continue
  beating until well blended. Beat in chocolate and egg yolks, one at a time,
  beating well after each addition. Stir in lemon rind, cinnamon, cloves and
  breadcrumbs. Mix well. Beat egg whites with salt until stiff, but not dry.
  Fold lightly into batter. Bake in 2 greased 8 inch cakes pan in a slow oven
  (325 F)25 to 30 min. Remove from pans and cool. Spread apricot jam betwen
  layers. Frost with chocolate frosting.
  
  Posted to JEWISH-FOOD digest Volume 98 #003 by BNLImp &lt;BNLImp@aol.com&gt; on
  Jan 3, 1998
 
</step></directions></recipe></recipeml>
