<?xml version="1.0" encoding="UTF-8"?>

<recipeml version="0.5">
  <recipe>
    <head>
      <title>Viennese Dreamcake</title>
      <categories>
        <cat>Cakes</cat>
        <cat>Chocolate</cat></categories>
      <yield>6</yield></head>
    <ingredients>
      <ing>
        <amt>
          <qty>3</qty>
          <unit>cups</unit></amt>
        <item>All purpose flour</item></ing>
      <ing>
        <amt>
          <qty>1</qty>
          <unit>tablespoon</unit></amt>
        <item>Baking powder</item></ing>
      <ing>
        <amt>
          <qty>1 1/2</qty>
          <unit>teaspoons</unit></amt>
        <item>Sugar</item></ing>
      <ing>
        <amt>
          <qty>1/2</qty>
          <unit>teaspoons</unit></amt>
        <item>Salt</item></ing>
      <ing>
        <amt>
          <qty>2/3</qty>
          <unit>cups</unit></amt>
        <item>Vegetable shortening</item></ing>
      <ing>
        <amt>
          <qty>6</qty>
          <unit/></amt>
        <item>Egg yolks</item></ing>
      <ing>
        <amt>
          <qty>1</qty>
          <unit>teaspoon</unit></amt>
        <item>Vanilla</item></ing>
      <ing>
        <amt>
          <qty/>
          <unit/></amt>
        <item>Rich Fudge Frosting</item></ing>
      <ing>
        <amt>
          <qty>1/2</qty>
          <unit>cups</unit></amt>
        <item>Butter or margarine (1 stick)</item></ing>
      <ing>
        <amt>
          <qty>1/2</qty>
          <unit>cups</unit></amt>
        <item>Cocoa powder (not a mix)</item></ing>
      <ing>
        <amt>
          <qty>1/4</qty>
          <unit>cups</unit></amt>
        <item>Water</item></ing>
      <ing>
        <amt>
          <qty>10</qty>
          <unit>ounces</unit></amt>
        <item>Confectioner's sugar, sifted</item></ing>
      <ing>
        <amt>
          <qty>1</qty>
          <unit>dash</unit></amt>
        <item>Salt</item></ing>
      <ing>
        <amt>
          <qty>2</qty>
          <unit>tablespoons</unit></amt>
        <item>Brandy</item></ing></ingredients>
    <directions>
      <step>  Sift flour, bakeing powder and slat onto wax paper. Beat sugar, shortening,
  egg yolks and vanilla in large bowl of electric mixer at high speed, 3
  minutes, or until creamy smooth. Tutn mixer speed to low; add flour mixture
  alternately with milk, beating after each addition, just until gatter is
  smooth. Pour batter into two greased and floured 9 inch layer cake pans,
  dividing evenly.
  
  Bake in miderate oven 350 degrees, for 30 minutes or until centers slpring
  back when lightly pressed withfingertip. Cool layers in pans on wire racks;
  10 minuts; loosen around edges with a knife; tutn out onto wire racks; cool
  completely. Put layers together and frost wht RICH FUDGE FROSTING, garnish
  with ROYAL FROSTING and CAKE LACE.
  
  FICH FUDGE FROSTING:
  
  Melt butter or margarine with cocoa in a large saucepan over low heat
  stirring often, until misture is smooth; remove fom heat. Beat in
  confectioner's sugar, salt and brandy until smooth with electric mixer at
  high speed. TIP: If mixture becomes too thick while frosting cake, add a
  few drops hot water and beat.
  
  FROM: Family Circle - Best Ever Baking - Nov. 1984
  
  From Gemini's MASSIVE MealMaster collection at www.synapse.com/~gemini
 
</step></directions></recipe></recipeml>
