<?xml version="1.0" encoding="UTF-8"?>

<recipeml version="0.5">
  <recipe>
    <head>
      <title>Vietnamese Lemongrass Marinade</title>
      <categories>
        <cat>Marinade</cat>
        <cat>Mine</cat></categories>
      <yield>3 /4</yield></head>
    <ingredients>
      <ing>
        <amt>
          <qty>1/4</qty>
          <unit>cups</unit></amt>
        <item>Lemongrass, chopped (4-6 stalks) or</item></ing>
      <ing>
        <amt>
          <qty>1/4</qty>
          <unit>cups</unit></amt>
        <item>Dried lemongrass or</item></ing>
      <ing>
        <amt>
          <qty>6</qty>
          <unit/></amt>
        <item>Strips lemon zest</item></ing>
      <ing>
        <amt>
          <qty>3</qty>
          <unit/></amt>
        <item>Garlic clove(s) minced (1 tbs)</item></ing>
      <ing>
        <amt>
          <qty>2</qty>
          <unit/></amt>
        <item>(to 3) shallots minced (3 tbs)</item></ing>
      <ing>
        <amt>
          <qty>2</qty>
          <unit/></amt>
        <item>Serrano, jalape=A4o or Thai chilies, minced</item></ing>
      <ing>
        <amt>
          <qty>2</qty>
          <unit>teaspoons</unit></amt>
        <item>Brown sugar or to taste</item></ing>
      <ing>
        <amt>
          <qty>3</qty>
          <unit>tablespoons</unit></amt>
        <item>Fish sauce</item></ing>
      <ing>
        <amt>
          <qty>3</qty>
          <unit>tablespoons</unit></amt>
        <item>Lime juice</item></ing>
      <ing>
        <amt>
          <qty>1</qty>
          <unit>teaspoon</unit></amt>
        <item>Vietnamese or Thai hot sauce or chili oil or Tabasco sauce</item></ing></ingredients>
    <directions>
      <step>  Cut off the top 2/3 of each lemongrass stalk, trim off the outside leaves
  and roots, and slice the core thinly.
  
  Pur=82e the lemongrass, garlic, shallots, chilies, and brown sugar to a
  fine paste. Work in the fish sauce, lime juice, and hot sauce. Marinate
  fish or thinly sliced poultry or beef for 1-2 hours, turning once or twice.
  
  Makes enough for 1=AB-2 pounds seafood, poultry, or meat.
  
  High-Flavor, Low-Fat Cooking by Steven Raichlen ISBN 0-1402-4123-X pg 170
  
  From Gemini's MASSIVE MealMaster collection at www.synapse.com/~gemini
 
</step></directions></recipe></recipeml>
