<?xml version="1.0" encoding="UTF-8"?>

<recipeml version="0.5">
  <recipe>
    <head>
      <title>Vietnamese Spring Rolls (Cha Gio)</title>
      <categories>
        <cat>Appetizers</cat>
        <cat>Vietnamese</cat></categories>
      <yield>1</yield></head>
    <ingredients>
      <ing>
        <amt>
          <qty>1</qty>
          <unit>cup</unit></amt>
        <item>Bean threads</item></ing>
      <ing>
        <amt>
          <qty>1</qty>
          <unit>tablespoon</unit></amt>
        <item>Dried chinese mushrooms</item></ing>
      <ing>
        <amt>
          <qty>1</qty>
          <unit>tablespoon</unit></amt>
        <item>Black fungus</item></ing>
      <ing>
        <amt>
          <qty/>
          <unit/></amt>
        <item>Peanut oil</item></ing>
      <ing>
        <amt>
          <qty>1/2</qty>
          <unit>pounds</unit></amt>
        <item>Ground pork</item></ing>
      <ing>
        <amt>
          <qty>1/2</qty>
          <unit>pounds</unit></amt>
        <item>Shrimp; coarsely chopped</item></ing>
      <ing>
        <amt>
          <qty>1/4</qty>
          <unit>cups</unit></amt>
        <item>Shallot; finely chopped</item></ing>
      <ing>
        <amt>
          <qty>1</qty>
          <unit>tablespoon</unit></amt>
        <item>Garlic; finely chopped</item></ing>
      <ing>
        <amt>
          <qty>1</qty>
          <unit>cup</unit></amt>
        <item>Carrots; grated</item></ing>
      <ing>
        <amt>
          <qty>2</qty>
          <unit>tablespoons</unit></amt>
        <item>Fish sauce</item></ing>
      <ing>
        <amt>
          <qty>1/4</qty>
          <unit>teaspoons</unit></amt>
        <item>Ground cloves</item></ing>
      <ing>
        <amt>
          <qty>1</qty>
          <unit>package</unit></amt>
        <item>Eggroll wrappers</item></ing>
      <ing>
        <amt>
          <qty>1</qty>
          <unit/></amt>
        <item>Egg</item></ing></ingredients>
    <directions>
      <step>  1. Soak bean threads in hot water for 10 minutes, drain and chop to 4 inch
  lengths.
  
  2. Soak dried chinese mushrooms and black fungus in hot water for 10
  minutes, drain, remove tough stems from mushrooms and shred mushroom caps
  and black fungus.
  
  3. Heat wok. Add peanut oil, ground pork, shrimp, shallots and garlic. Stir
  fry until pork changes color. Set aside to cool.
  
  4. Mix noodles, mushrooms, pork/shrimp mixture, carrots, fish sauce and
  cloves in a bowl.
  
  5. Place egg in small bowl and beat lightly. 6. Peel off an eggroll wrapper
  and place on board with one point towards you (diamond, not square). Place
  about 1-1/2 tbsp of filling on wrapper, fold point nearest you over
  filling. Fold sides inwards, then roll up. Dip a finger in the egg and use
  it to seal the edges of the wrapper.
  
  6. Place each finished roll on wax paper, making sure that the rolls do not
  touch each other.
  
  7. Heat oil to 375F. Fry rolls, a few at a time, until they are golden
  brown. Drain on paper towels.
  
  Formatted &amp; Busted by RecipeLu &lt;recipelu@recipelu.com&gt;
  Posted to recipelu-digest Volume 01 Number 230 by RecipeLu
  &lt;recipelu@geocities.com&gt; on Nov 09, 1997
 
</step></directions></recipe></recipeml>
