<?xml version="1.0" encoding="UTF-8"?>

<recipeml version="0.5">
  <recipe>
    <head>
      <title>Viet-Acadian Salsa</title>
      <categories>
        <cat>Salsa</cat></categories>
      <yield>4</yield></head>
    <ingredients>
      <ing>
        <amt>
          <qty>2</qty>
          <unit/></amt>
        <item>16Oz Cans whole peeled tomatoes</item></ing>
      <ing>
        <amt>
          <qty>20</qty>
          <unit/></amt>
        <item>Cloves garlic</item></ing>
      <ing>
        <amt>
          <qty>7</qty>
          <unit/></amt>
        <item>Jalapeno peppers</item></ing>
      <ing>
        <amt>
          <qty>2</qty>
          <unit/></amt>
        <item>Ribs celery</item></ing>
      <ing>
        <amt>
          <qty>1</qty>
          <unit>medium</unit></amt>
        <item>Yellow onion</item></ing>
      <ing>
        <amt>
          <qty>8</qty>
          <unit>tablespoons</unit></amt>
        <item>Nuoc mam</item></ing>
      <ing>
        <amt>
          <qty>5</qty>
          <unit>tablespoons</unit></amt>
        <item>Apple cider vinegar</item></ing>
      <ing>
        <amt>
          <qty>4</qty>
          <unit>tablespoons</unit></amt>
        <item>Worcestershire sauce</item></ing>
      <ing>
        <amt>
          <qty>4</qty>
          <unit>tablespoons</unit></amt>
        <item>Sugar</item></ing>
      <ing>
        <amt>
          <qty>1</qty>
          <unit>tablespoon</unit></amt>
        <item>Paprika</item></ing>
      <ing>
        <amt>
          <qty>1</qty>
          <unit>tablespoon</unit></amt>
        <item>Ground hot red pepper, preferably dried tab</item></ing>
      <ing>
        <amt>
          <qty>1</qty>
          <unit>tablespoon</unit></amt>
        <item>Whole cumin seed</item></ing></ingredients>
    <directions>
      <step>  Here's a salsa recipe I've been playing around with for about a month or
  so. Originally, I wanted to "wrap" a salsa around a core of nuoc cham, with
  a hint of a Cajun hot sauce thrown in for good measure. The end result was
  a bit of a hybrid, but it seems to have worked out fairly well. Anyway,
  enjoy--it's a hot one!
  
  Peel (if necessary) and coarsely chop the tomatoes. Place in a saucepan.
  Add coarsely chopped onion, celery, and jalapenos. Peel and finely dice the
  garlic, add half now and reserve the other half.
  
  Grind the cumin seed and add it along with the nuoc mam, vinegar,
  worcestershire, paprika, ground red pepper, and three tablespoons of sugar.
  Bring to a gentle boil, reduce to a moderate simmer, and cook for 25-30
  minutes, or until desired thickness is achieved.
  
  Now, about 5 minutes before the salsa is done, fry the reserved garlic in a
  little oil until it is crispy and golden. Remove the salsa from heat, add
  the fried garlic with one tablespoon of sugar, and stir occasionally until
  the salsa cools (stops steaming).
  
  This should keep for between 1 and 2 weeks at 40 degrees F. The recipe
  makes between 1.5 and 2 quarts of salsa.
  
  ~--Tom NOTES
  : Mastercook formatted by Garry Howard, Cambridge, MA
  garhow@hpubmaa.esr.hp.com or garhow@aol.com
  
  Recipe by: EAT-L - Tom Solomon SOLOMON@ALISON.SBC.EDU
 
</step></directions></recipe></recipeml>
