<?xml version="1.0" encoding="UTF-8"?>

<recipeml version="0.5">
  <recipe>
    <head>
      <title>Vietnamese Chicken Salad with Hot Tahini Sauce</title>
      <categories>
        <cat>Poultry</cat>
        <cat>Ethnic</cat></categories>
      <yield>6</yield></head>
    <ingredients>
      <ing>
        <amt>
          <qty/>
          <unit/></amt>
        <item>Bonnie Bracey</item></ing>
      <ing>
        <amt>
          <qty>8</qty>
          <unit/></amt>
        <item>Green onions -- julienned</item></ing>
      <ing>
        <amt>
          <qty/>
          <unit/></amt>
        <item>GRWP92A</item></ing>
      <ing>
        <amt>
          <qty>1</qty>
          <unit>small</unit></amt>
        <item>Carrot -- julienned</item></ing>
      <ing>
        <amt>
          <qty>2</qty>
          <unit/></amt>
        <item>Chicken breasts -- whole</item></ing>
      <ing>
        <amt>
          <qty>5</qty>
          <unit>cups</unit></amt>
        <item>Bok choy -- shredded</item></ing>
      <ing>
        <amt>
          <qty/>
          <unit/></amt>
        <item>Skin removed</item></ing>
      <ing>
        <amt>
          <qty>2</qty>
          <unit>tablespoons</unit></amt>
        <item>Peanuts</item></ing>
      <ing>
        <amt>
          <qty/>
          <unit/></amt>
        <item>DRESSING-----</item></ing>
      <ing>
        <amt>
          <qty>1/4</qty>
          <unit>cups</unit></amt>
        <item>Tahini</item></ing>
      <ing>
        <amt>
          <qty>3</qty>
          <unit>tablespoons</unit></amt>
        <item>Red wine vinegar</item></ing>
      <ing>
        <amt>
          <qty>1 1/2</qty>
          <unit>tablespoons</unit></amt>
        <item>Chinese Hot Oil</item></ing>
      <ing>
        <amt>
          <qty>2</qty>
          <unit>teaspoons</unit></amt>
        <item>Sugar</item></ing>
      <ing>
        <amt>
          <qty>3</qty>
          <unit>tablespoons</unit></amt>
        <item>Soy sauce</item></ing>
      <ing>
        <amt>
          <qty>1</qty>
          <unit/></amt>
        <item>Garlic clove -- minced</item></ing>
      <ing>
        <amt>
          <qty>1/4</qty>
          <unit>cups</unit></amt>
        <item>Peanut oil</item></ing></ingredients>
    <directions>
      <step>  Cook the chicken.  Cool and cut into thin strips. Cut onions and carrot
  into thin julienned strips.  Mix chicken, onions, carrots and bok choy.
  Sprinkle peanuts on top. For the dressing, beat tea into tahini in a small
  bowl then mix in all the remaining dressing ingredients. Serve salad with
  the dressing on the side. Dressing is very spicy.
  
  ^^^^^^^^^^ This is a wonderful spicy dressing and it is best served on the
  side so that diners can adjust the heat level to their own preference.
  
  Source: ORIGIN UNKNOWN - From Bonnie Bracey's Database  Downloaded from *P
  10/18/1992 Formatted for M-M  12/13/1992  by  Joe  JPMD44A Comiskey
  
  Recipe By     :
  
  From: Love2bake@aol.Com               Date: Thu, 8 Dec 1994 14:07:56 -0500
  
  File ftp://ftp.idiscover.co.uk/pub/food/mealmaster/recipes/mmdja006.zip
 
</step></directions></recipe></recipeml>
