<?xml version="1.0" encoding="UTF-8"?>

<recipeml version="0.5">
  <recipe>
    <head>
      <title>Vietnamese Barbecued Duck Breast</title>
      <categories>
        <cat>Poultry</cat></categories>
      <yield>2</yield></head>
    <ingredients>
      <ing>
        <amt>
          <qty>4</qty>
          <unit/></amt>
        <item>Duck breasts; deboned and skinned</item></ing>
      <ing>
        <amt>
          <qty>2</qty>
          <unit>tablespoons</unit></amt>
        <item>Oil</item></ing>
      <ing>
        <amt>
          <qty>4</qty>
          <unit>tablespoons</unit></amt>
        <item>Vinegar</item></ing>
      <ing>
        <amt>
          <qty>1</qty>
          <unit/></amt>
        <item>Clove garlic; minced</item></ing>
      <ing>
        <amt>
          <qty>1</qty>
          <unit>slice</unit></amt>
        <item>(1/2-inch) ginger root; crumbled</item></ing>
      <ing>
        <amt>
          <qty>1/2</qty>
          <unit>teaspoons</unit></amt>
        <item>Dried chile peppers or more</item></ing></ingredients>
    <directions>
      <step>  Date: Mon, 29 Apr 1996 12:08:26 -0500
  
  From: pickell@cyberspc.mb.ca (S.Pickell)
  This recipe is equally good with wild duck, partridge or ptarmigan.
  
  Cut the breasts away from the bird and marinade at least two days in the
  other ingredients. The peppers can be increased up to 2 tsp according to
  taste. Drain breasts and grill over charcoal/gas, brushing on extra
  marinade as required. Serve with rice.
  
  Recipe by: Jim Weller
  
  MM-RECIPES@IDISCOVER.NET
  
  MEAL-MASTER RECIPES LISTSERVER
  
  MM-RECIPES DIGEST V3 #120
  
  From the MealMaster recipe list.  Downloaded from Glen's MM Recipe Archive,
  http://www.erols.com/hosey.
 
</step></directions></recipe></recipeml>
