<?xml version="1.0" encoding="UTF-8"?>

<recipeml version="0.5">
  <recipe>
    <head>
      <title>Vietnamese Pork "Spaghetti Sauce" over Rice</title>
      <categories>
        <cat>Meats</cat>
        <cat>Ethnic</cat>
        <cat>Kooknet</cat>
        <cat>Main dish</cat></categories>
      <yield>6</yield></head>
    <ingredients>
      <ing>
        <amt>
          <qty>1</qty>
          <unit>tablespoon</unit></amt>
        <item>Vegetable Oil</item></ing>
      <ing>
        <amt>
          <qty>1 1/2</qty>
          <unit>pounds</unit></amt>
        <item>Ground Pork</item></ing>
      <ing>
        <amt>
          <qty>1 1/2</qty>
          <unit>tablespoons</unit></amt>
        <item>Sugar</item></ing>
      <ing>
        <amt>
          <qty>4 1/2</qty>
          <unit>tablespoons</unit></amt>
        <item>Vietnamese Style Fish Sauce</item></ing>
      <ing>
        <amt>
          <qty>1 1/2</qty>
          <unit>tablespoons</unit></amt>
        <item>Lime Juice</item></ing>
      <ing>
        <amt>
          <qty>2</qty>
          <unit/></amt>
        <item>Serrano Chiles; seeded and chopped</item></ing>
      <ing>
        <amt>
          <qty>1/4</qty>
          <unit>cups</unit></amt>
        <item>Garlic; chopped</item></ing>
      <ing>
        <amt>
          <qty>1 1/2</qty>
          <unit>cups</unit></amt>
        <item>Shallots; chopped</item></ing>
      <ing>
        <amt>
          <qty>1/2</qty>
          <unit>teaspoons</unit></amt>
        <item>Black Pepper</item></ing>
      <ing>
        <amt>
          <qty>5</qty>
          <unit>large</unit></amt>
        <item>Tomatoes; seeded and chopped</item></ing>
      <ing>
        <amt>
          <qty>1/4</qty>
          <unit>cups</unit></amt>
        <item>Tomato Paste</item></ing>
      <ing>
        <amt>
          <qty>1 1/2</qty>
          <unit>cups</unit></amt>
        <item>Chicken Stock</item></ing>
      <ing>
        <amt>
          <qty/>
          <unit/></amt>
        <item>Coriander Leaves</item></ing>
      <ing>
        <amt>
          <qty/>
          <unit/></amt>
        <item>Hot Steamed Rice</item></ing></ingredients>
    <directions>
      <step>  Pour oil into a saucepan and place over high heat. Add pork and saute until
  lightly browned, about 5 minutes, breaking up lumps. Add sugar,
    1 1/2 tb fish sauce, the lime juice and chiles. Cook 1 minute. Set aside
  in a bowl.
  
  Put garlic, shallots, pepper and more oil if needed into the saucepan; fry
  over medium heat until fragrant. Add tomato and cook until reduced to a
  slightly lumpy sauce, about 5 minutes. Add pork, tomato paste, remaining
  fish sauce and chicken stock; simmer 10 minutes. Garnish with coriander.
  Serve over hot steamed rice.
  
  Source: San Francisco Chronicle Typed by Katherine Smith Kook-Net: The
  Shadow Zone IV - Stinson Beach, CA
  
  From Gemini's MASSIVE MealMaster collection at www.synapse.com/~gemini
 
</step></directions></recipe></recipeml>
