<?xml version="1.0" encoding="UTF-8"?>

<recipeml version="0.5">
  <recipe>
    <head>
      <title>Vietnamese Lemongrass Chicken</title>
      <categories>
        <cat>Poultry</cat></categories>
      <yield>4</yield></head>
    <ingredients>
      <ing-div>
        <title/>
        <ing>
          <amt>
            <qty>3</qty>
            <unit>pounds</unit></amt>
          <item>Frying chicken</item></ing>
        <ing>
          <amt>
            <qty>1/2</qty>
            <unit>cups</unit></amt>
          <item>Lemongrass; about 4 stalks, minced  **</item></ing>
        <ing>
          <amt>
            <qty>3</qty>
            <unit/></amt>
          <item>Scallion; all of them</item></ing>
        <ing>
          <amt>
            <qty>2</qty>
            <unit>tablespoons</unit></amt>
          <item>Peanut oil</item></ing>
        <ing>
          <amt>
            <qty>2</qty>
            <unit/></amt>
          <item>Red chile peppers; chopped</item></ing>
        <ing>
          <amt>
            <qty>2</qty>
            <unit>teaspoons</unit></amt>
          <item>Sugar</item></ing>
        <ing>
          <amt>
            <qty>1/2</qty>
            <unit>cups</unit></amt>
          <item>Chicken stock; fresh / can'd</item></ing>
        <ing>
          <amt>
            <qty>1/4</qty>
            <unit>teaspoons</unit></amt>
          <item>Black pepper; freshly ground</item></ing>
        <ing>
          <amt>
            <qty>1</qty>
            <unit>teaspoon</unit></amt>
          <item>Salt</item></ing></ing-div>
      <ing-div>
        <title>GARNISH</title>
        <ing>
          <amt>
            <qty>1/2</qty>
            <unit>cups</unit></amt>
          <item>Dry-roasted peanuts; chopped</item></ing>
        <ing>
          <amt>
            <qty>2</qty>
            <unit>tablespoons</unit></amt>
          <item>Nuoc Mam  **</item></ing>
        <ing>
          <amt>
            <qty/>
            <unit/></amt>
          <item>Coriander leaves; chopped</item></ing></ing-div></ingredients>
    <directions>
      <step>  Hack the chicken into small serving pieces, chopping through the bones with
  a very sharp cleaver.
  
  Remove the outer leaves of the lemongrass and finely slice the tender white
  part at the base of the stalks. Bruise with a mortar and pestle or the
  handle of a cleaver. Finely slice the scallions, including the green tops.
  
  Mix the chicken with the salt, 1/4 teaspoon pepper, the lemongrass and
  scallions and set aside for 30 minutes.  Heat a wok and add the oil, and
  when the oil is hot add the chicken mixture and stir-fry for 3 minutes. Add
  chile peppers and stir-fry on medium heat for 10 minutes or until chicken
  no longer looks pink. Season with sugar and pepper and add the chicken
  stock. Stir for a few minutes. Garnish with the peanuts, "nuoc mam" and
  coriander.  Serve with rice, if desired.
  
  This quickly prepared but terrifically flavorful dish is great served with
  rice paper wrappers.  I love it with a few leaves of mint and basil.  This
  is one you must try. It is easily done in a wok.
  
  By Jeff Smith The Frugal Gourmet From the 02/05/1992 issue of The
  Springfield Union-News
  
  Meal-Mastered by  Joe Comiskey 09/05/1992
  
  Date: Tue, 4 Jun 1996 23:16:25 -0700
  
  From: Julie Bertholf &lt;jewel1@ix.netcom.com&gt;
  
  MM-Recipes Digest V3 #156
  
  From the MealMaster recipe list.  Downloaded from Glen's MM Recipe Archive,
  http://www.erols.com/hosey.
 
</step></directions></recipe></recipeml>
