<?xml version="1.0" encoding="UTF-8"?>

<recipeml version="0.5">
  <recipe>
    <head>
      <title>Vietnamese Rolls</title>
      <categories>
        <cat>Asian</cat></categories>
      <yield>8</yield></head>
    <ingredients>
      <ing>
        <amt>
          <qty>2</qty>
          <unit>cups</unit></amt>
        <item>Chinese cabbage; thinly sliced</item></ing>
      <ing>
        <amt>
          <qty>1/2</qty>
          <unit>teaspoons</unit></amt>
        <item>Kosher salt</item></ing>
      <ing>
        <amt>
          <qty>1/2</qty>
          <unit>cups</unit></amt>
        <item>Tree ear fungus</item></ing>
      <ing>
        <amt>
          <qty>1/2</qty>
          <unit>pounds</unit></amt>
        <item>Bean sprouts</item></ing>
      <ing>
        <amt>
          <qty>2</qty>
          <unit>tablespoons</unit></amt>
        <item>Soy sauce</item></ing>
      <ing>
        <amt>
          <qty>2</qty>
          <unit>tablespoons</unit></amt>
        <item>Water</item></ing>
      <ing>
        <amt>
          <qty>2</qty>
          <unit>teaspoons</unit></amt>
        <item>Cornstarch</item></ing>
      <ing>
        <amt>
          <qty>8</qty>
          <unit>ounces</unit></amt>
        <item>Firm tofu</item></ing>
      <ing>
        <amt>
          <qty>1</qty>
          <unit>tablespoon</unit></amt>
        <item>Oil</item></ing>
      <ing>
        <amt>
          <qty>2</qty>
          <unit/></amt>
        <item>Carrots; peeled and julienned cut</item></ing>
      <ing>
        <amt>
          <qty>1</qty>
          <unit>small</unit></amt>
        <item>Onion; thinly sliced</item></ing>
      <ing>
        <amt>
          <qty>1</qty>
          <unit>cup</unit></amt>
        <item>Bamboo shoots; julienned cut</item></ing>
      <ing>
        <amt>
          <qty>4</qty>
          <unit>large</unit></amt>
        <item>Rice-flour wrappers -or-</item></ing>
      <ing>
        <amt>
          <qty>16</qty>
          <unit/></amt>
        <item>Wheat flour wrappers</item></ing>
      <ing>
        <amt>
          <qty/>
          <unit/></amt>
        <item>Oil for deep-frying</item></ing>
      <ing>
        <amt>
          <qty>16</qty>
          <unit>small</unit></amt>
        <item>Lettuce leaves</item></ing></ingredients>
    <directions>
      <step>  Place cabbage in a colander, and sprinkle with salt. Leave for 20 minutes,
  then rinse, drain, and pat dry. Soak tree ear fungus in water for 10
  minutes to rehydrate. Remove string-like tails from bean sprouts. Mix
  together soy sauce, the water, and cornstarch. Slice tofu into strips 1/2
  inch by 2 inches. Heat oil in a wok or large skillet. Add carrots, cabbage,
  tree ear fungus, onion, bean sprouts, and bamboo shoots. Toss and cook over
  high heat for 1 to 2 minutes. Add soy-cornstarch mixture and tofu, and stir
  to cook for another 30 seconds. Remove to a bowl and cool. Quarter
  rice-flour wrappers or use whole spring roll wrapper. Place a rounded
  tablespoon of filling on each wrapper. Roll wrapper to enclose filling,
  tucking in ends as you roll. Brush edge with water and press to seal.
  Reserve until all are completed. Pour oil in a wok or deep saucepan to a
  depth of 3 inches. Heat to 370 degrees. Add one or two spring rolls at a
  time and cook for 2 minutes on the first side. Tur! ! n and cook for 1
  minute on the other side. Drain on paper towels.
  
  Serving Ideas : Serve in a lettuce leaf.
  
  NOTES : Yield: 8 servings. Recipe by: © 1995 Cole Group, Inc.
  
  Posted to MC-Recipe Digest V1 #1067 by Nancy &lt;BNRead@worldnet.att.net&gt; on
  Jan 31, 1998
 
</step></directions></recipe></recipeml>
