<?xml version="1.0" encoding="UTF-8"?>

<recipeml version="0.5">
  <recipe>
    <head>
      <title>Vietnamese Egg Rolls</title>
      <categories>
        <cat>Appetizers</cat>
        <cat>Company</cat>
        <cat>Fried</cat>
        <cat>Oriental</cat></categories>
      <yield>24</yield></head>
    <ingredients>
      <ing>
        <amt>
          <qty>1</qty>
          <unit>pound</unit></amt>
        <item>Ground pork</item></ing>
      <ing>
        <amt>
          <qty>2</qty>
          <unit/></amt>
        <item>Whole green onions; diced</item></ing>
      <ing>
        <amt>
          <qty>2</qty>
          <unit/></amt>
        <item>Whole eggs; beaten</item></ing>
      <ing>
        <amt>
          <qty>2</qty>
          <unit>tablespoons</unit></amt>
        <item>Soy sauce</item></ing>
      <ing>
        <amt>
          <qty/>
          <unit/></amt>
        <item>Salt and pepper; to taste</item></ing>
      <ing>
        <amt>
          <qty>1</qty>
          <unit>tablespoon</unit></amt>
        <item>Sugar</item></ing>
      <ing>
        <amt>
          <qty>1</qty>
          <unit/></amt>
        <item>Clove garlic</item></ing>
      <ing>
        <amt>
          <qty>1</qty>
          <unit/></amt>
        <item>Whole carrot; shredded</item></ing>
      <ing>
        <amt>
          <qty>1</qty>
          <unit>ounce</unit></amt>
        <item>Bean sprouts; broken up</item></ing>
      <ing>
        <amt>
          <qty>1</qty>
          <unit>package</unit></amt>
        <item>Egg roll skins; large size</item></ing></ingredients>
    <directions>
      <step>  Place l tablespoon in each wrapper. Fry in medium-hot oil about 20 minutes.
  
  Recipe by: Barbara Hong
  
  Posted to FOODWINE Digest  by Chris or Dick Marksberry
  &lt;chrism1@MAIL.PHOENIX.NET&gt; on Sep 4, 1997
 
</step></directions></recipe></recipeml>
