<?xml version="1.0" encoding="UTF-8"?>

<recipeml version="0.5">
  <recipe>
    <head>
      <title>Vietnamese Curry (Cari)</title>
      <categories>
        <cat>Poultry</cat></categories>
      <yield>8</yield></head>
    <ingredients>
      <ing>
        <amt>
          <qty/>
          <unit/></amt>
        <item>Stephen Ceideburg</item></ing>
      <ing>
        <amt>
          <qty>1</qty>
          <unit/></amt>
        <item>Stalk fresh lemon grass or</item></ing>
      <ing>
        <amt>
          <qty>1</qty>
          <unit>tablespoon</unit></amt>
        <item>Dried</item></ing>
      <ing>
        <amt>
          <qty>3 1/2</qty>
          <unit>teaspoons</unit></amt>
        <item>Curry powder</item></ing>
      <ing>
        <amt>
          <qty/>
          <unit/></amt>
        <item>Fresh ground black pepper</item></ing>
      <ing>
        <amt>
          <qty>1</qty>
          <unit>teaspoon</unit></amt>
        <item>Sugar</item></ing>
      <ing>
        <amt>
          <qty>4</qty>
          <unit>teaspoons</unit></amt>
        <item>Salt</item></ing>
      <ing>
        <amt>
          <qty>3</qty>
          <unit>pounds</unit></amt>
        <item>Chicken, cut up</item></ing>
      <ing>
        <amt>
          <qty>7</qty>
          <unit>tablespoons</unit></amt>
        <item>Vegetable oil</item></ing>
      <ing>
        <amt>
          <qty>3</qty>
          <unit/></amt>
        <item>Sweet potatoes or</item></ing>
      <ing>
        <amt>
          <qty>3</qty>
          <unit/></amt>
        <item>White potatoes, peeled and cubed</item></ing>
      <ing>
        <amt>
          <qty>4</qty>
          <unit/></amt>
        <item>Cloves garlic, chopped</item></ing>
      <ing>
        <amt>
          <qty>3</qty>
          <unit/></amt>
        <item>Bay leaves</item></ing>
      <ing>
        <amt>
          <qty>1</qty>
          <unit>large</unit></amt>
        <item>Onion, cut into wedges, separated</item></ing>
      <ing>
        <amt>
          <qty>2</qty>
          <unit>cups</unit></amt>
        <item>Water</item></ing>
      <ing>
        <amt>
          <qty>1</qty>
          <unit/></amt>
        <item>Carrot, 2-inch slices</item></ing>
      <ing>
        <amt>
          <qty>2</qty>
          <unit>cups</unit></amt>
        <item>Coconut milk</item></ing>
      <ing>
        <amt>
          <qty>1</qty>
          <unit>cup</unit></amt>
        <item>Milk or water *</item></ing></ingredients>
    <directions>
      <step>  * If you use canned coconut milk, you must use water.
  
  This is a real Vietnamese curry. Although adapted from the Indian, which is
  always made with white potatoes, the Vietnamese version has the option of
  using white or sweet potatoes, the latter being greatly favored by the
  Vietnamese. The Indian in- fluence is greatest in the South, where curried
  dishes are more popular than elsewhere in Vietnam.
  
  This is usually served with noodles as a party dish. When it is part of a
  family meal, it is eaten with rice. Bach serves this to her children for
  breakfast, when it is served with French bread--another influence on the
  cuisine of Vietnam.
  
  If you are using fresh lemon grass, simply remove the outer leaves and
  upper two-thirds of the stalks, then cut the remainder into 2-inch lengths.
  If you are, using, it must be soaked in warm water for 2 hours, then
  drained and chopped fine.
  
  Combine the curry powder, black pepper, sugar, add salt and marinate the
  chicken in the mixture for at least 1 hour. Heat the oil and fry the
  potatoes over high heat until brown. (It is not necessary to completely
  cook potatoes at this point, only to brown them.) When well browned, remove
  from the pan and set aside until ready to cook the curry. Pour off most of
  the oil from the pan, leaving 2 tablespoons for cooking the chicken.
  
  Heat 2 tablespoons oil over a high flame. Fry the garlic for a few seconds,
  then add the bay leaves, onion, and lemon grass; stir briefly and add the
  marinated chicken, stirring long enough to sear the meat slightly. Add the
  2 cups of water and carrot, then cover and bring to a boil. Turn the heat
  down and simmer for 5 minutes; uncover and stir, then cook, covered, for
  another 10 minutes. Remove the cover and add the prefried potatoes, the
  coconut milk, and the milk. Cover again and simmer another 15 minutes.
  Serve with rice, Rice Sticks, or Japanese Alimentary Paste Noodles.
  
  From "The Classic Cuisine of Vietnam", Bach Ngo and Gloria Zimmerman,
  Barron's, 1979.
  
  From Gemini's MASSIVE MealMaster collection at www.synapse.com/~gemini
 
</step></directions></recipe></recipeml>
