<?xml version="1.0" encoding="UTF-8"?>

<recipeml version="0.5">
  <recipe>
    <head>
      <title>Vietnamese Pork Sticks with Lettuce Cups</title>
      <categories>
        <cat>Vietnamese</cat>
        <cat>Pork</cat>
        <cat>Appetizers</cat></categories>
      <yield>6</yield></head>
    <ingredients>
      <ing-div>
        <title/>
        <ing>
          <amt>
            <qty>1</qty>
            <unit>pound</unit></amt>
          <item>Pork butt, ground</item></ing>
        <ing>
          <amt>
            <qty>6</qty>
            <unit/></amt>
          <item>Water chestnuts, minced</item></ing>
        <ing>
          <amt>
            <qty>1</qty>
            <unit>large</unit></amt>
          <item>Clove garlic, minced</item></ing>
        <ing>
          <amt>
            <qty>1</qty>
            <unit>small</unit></amt>
          <item>Green onion, minced</item></ing>
        <ing>
          <amt>
            <qty>1</qty>
            <unit>tablespoon</unit></amt>
          <item>Soy sauce, Japanese</item></ing>
        <ing>
          <amt>
            <qty>2</qty>
            <unit>teaspoons</unit></amt>
          <item>Oil</item></ing>
        <ing>
          <amt>
            <qty>1 1/4</qty>
            <unit>teaspoons</unit></amt>
          <item>Lemon juice, fresh</item></ing>
        <ing>
          <amt>
            <qty>1/2</qty>
            <unit>teaspoons</unit></amt>
          <item>Ginger, fresh, minced</item></ing>
        <ing>
          <amt>
            <qty>1/4</qty>
            <unit>teaspoons</unit></amt>
          <item>Sugar</item></ing>
        <ing>
          <amt>
            <qty>1/4</qty>
            <unit>teaspoons</unit></amt>
          <item>Hot chili oil, Chinese</item></ing>
        <ing>
          <amt>
            <qty>1/8</qty>
            <unit>teaspoons</unit></amt>
          <item>Salt</item></ing>
        <ing>
          <amt>
            <qty>12</qty>
            <unit/></amt>
          <item>Bamboo skewers - 5 to 6 inches long</item></ing></ing-div>
      <ing-div>
        <title>GARNISHES</title>
        <ing>
          <amt>
            <qty>12</qty>
            <unit/></amt>
          <item>Boston lettuce leaves</item></ing>
        <ing>
          <amt>
            <qty>1/2</qty>
            <unit>cups</unit></amt>
          <item>Cilantro, chopped</item></ing>
        <ing>
          <amt>
            <qty>1/2</qty>
            <unit>cups</unit></amt>
          <item>Mint, fresh, chopped</item></ing>
        <ing>
          <amt>
            <qty>1/2</qty>
            <unit>cups</unit></amt>
          <item>Green onion, chopped</item></ing></ing-div>
      <ing-div>
        <title>DIPPING SAUCE</title>
        <ing>
          <amt>
            <qty>1/2</qty>
            <unit>cups</unit></amt>
          <item>Soy sauce, Japanese</item></ing>
        <ing>
          <amt>
            <qty>5</qty>
            <unit>tablespoons</unit></amt>
          <item>Lemon juice, fresh</item></ing>
        <ing>
          <amt>
            <qty>3</qty>
            <unit>tablespoons</unit></amt>
          <item>Water</item></ing>
        <ing>
          <amt>
            <qty>2</qty>
            <unit/></amt>
          <item>Clove garlic, minced</item></ing>
        <ing>
          <amt>
            <qty>2</qty>
            <unit>teaspoons</unit></amt>
          <item>Sugar</item></ing>
        <ing>
          <amt>
            <qty>1</qty>
            <unit>teaspoon</unit></amt>
          <item>Oyster sauce</item></ing>
        <ing>
          <amt>
            <qty>1</qty>
            <unit>teaspoon</unit></amt>
          <item>Ginger, fresh, minced</item></ing>
        <ing>
          <amt>
            <qty>1/8</qty>
            <unit>teaspoons</unit></amt>
          <item>Cayenne pepper</item></ing></ing-div></ingredients>
    <directions>
      <step>  FOR MEAT: Combine all ingredients in large bowl and use hands to mix gently
  but thoroughly. Shape into 12 cylinders approximately 3 inches long and no
  more than 1-inch thick. Insert bamboo skewer through each cylinder and set
  aside. Arrange garnishes in individual bowls; refrigerate.
  
  FOR SAUCE: Combine all ingredients in small pan and bring to boil. Reduce
  heat and simmer 5 minutes. Let cool. Divide among 4 small bowls and set
  aside. Heat coals on barbecue until gray ash forms. Spread into overlapping
  layer, knocking off ash so coals are hot and glowing. Place grill 2 to 3
  inches above coals or, preheat oven to broil. Arrange pork sticks on grill
  or broiling pan so they do not touch. Cook until meat is crisped, browned
  and firm, turning often with tongs, about 10 to 15 minutes. Have each diner
  sprinkle lettuce leaf with other garnishes. Slip pork off skewer onto
  lettuce.  Wrap around pork and use sauce for dipping. Meat mixture can be
  prepared and skewered up to 24 hours before barbecuing. Sauce will keep 2
  weeks in refrigerator.
  
  From Gemini's MASSIVE MealMaster collection at www.synapse.com/~gemini
 
</step></directions></recipe></recipeml>
