<?xml version="1.0" encoding="UTF-8"?>

<recipeml version="0.5">
  <recipe>
    <head>
      <title>Vietnamese Five Spice Chicken</title>
      <categories>
        <cat>Main dish</cat>
        <cat>Chicken</cat>
        <cat>Vietnamese</cat>
        <cat>Asian</cat></categories>
      <yield>4</yield></head>
    <ingredients>
      <ing-div>
        <title>FOR SPICED SHERRY</title>
        <ing>
          <amt>
            <qty>1/3</qty>
            <unit>cups</unit></amt>
          <item>Five spice powder</item></ing>
        <ing>
          <amt>
            <qty>1</qty>
            <unit>cup</unit></amt>
          <item>Sherry</item></ing></ing-div>
      <ing-div>
        <title>FOR FIVE SPICE CHICKEN</title>
        <ing>
          <amt>
            <qty>1</qty>
            <unit>ounce</unit></amt>
          <item>Garlic; minced</item></ing>
        <ing>
          <amt>
            <qty>1</qty>
            <unit>ounce</unit></amt>
          <item>Onion; minced</item></ing>
        <ing>
          <amt>
            <qty>4</qty>
            <unit>teaspoons</unit></amt>
          <item>Spiced wine</item></ing>
        <ing>
          <amt>
            <qty>1/2</qty>
            <unit>teaspoons</unit></amt>
          <item>Salt</item></ing>
        <ing>
          <amt>
            <qty>1/2</qty>
            <unit>teaspoons</unit></amt>
          <item>Ground cloves</item></ing>
        <ing>
          <amt>
            <qty>1</qty>
            <unit>teaspoon</unit></amt>
          <item>Sugar</item></ing>
        <ing>
          <amt>
            <qty>1/4</qty>
            <unit>teaspoons</unit></amt>
          <item>MSG</item></ing>
        <ing>
          <amt>
            <qty>5</qty>
            <unit>tablespoons</unit></amt>
          <item>Thin soy sauce</item></ing>
        <ing>
          <amt>
            <qty>2</qty>
            <unit>tablespoons</unit></amt>
          <item>Thick soy</item></ing>
        <ing>
          <amt>
            <qty>1/2</qty>
            <unit>teaspoons</unit></amt>
          <item>Pepper</item></ing>
        <ing>
          <amt>
            <qty>1</qty>
            <unit>tablespoon</unit></amt>
          <item>Oil</item></ing>
        <ing>
          <amt>
            <qty>1</qty>
            <unit>teaspoon</unit></amt>
          <item>Sesame oil</item></ing>
        <ing>
          <amt>
            <qty>1</qty>
            <unit/></amt>
          <item>Chicken</item></ing></ing-div>
      <ing-div>
        <title>FOR LEMON SAUCE</title>
        <ing>
          <amt>
            <qty>1</qty>
            <unit>teaspoon</unit></amt>
          <item>Fresh lemon juice</item></ing>
        <ing>
          <amt>
            <qty>1</qty>
            <unit>teaspoon</unit></amt>
          <item>Vinegar</item></ing>
        <ing>
          <amt>
            <qty>1</qty>
            <unit>teaspoon</unit></amt>
          <item>Sugar</item></ing>
        <ing>
          <amt>
            <qty>1/4</qty>
            <unit>teaspoons</unit></amt>
          <item>Pepper</item></ing></ing-div></ingredients>
    <directions>
      <step>   Ruou Ngu Vi Huong (spiced Sherry) This condiment is the secret to Five
  Spice Chicken. To make this combine, 1/3 Cup five spice powder, and 1 Cup
  sherry. Mix well and store in a sterilized jar. Ga Nuong Voi Ngu Vi Huong
  (five spice chicken) 1. Wash and dry chicken 2. Combine garlic, onion, 2 t
  spiced sherry, salt, cloves, MSG, 1 T thin soy, and 1 t thick soy. Rub
  inside chicken.
   3. Place the chicken in a bowl and pour the remaining sherry and soy over
  the chicken. 4. Marinade for 2
  
  hours, basting every 20 minutes. 5. Heat oven to 400F.
   6. Place the chicken on a roasting pan grid and bake for 10 minutes, brush
  with marinade, reduce the temperature to 350F bake for 45 more minutes,
  basting every 15 minutes.
   7. Combine oils, and brush on chicken.
   6. Cook another 20 minutes or until chicken is done. Serve with lemon
  sauce and a green salad.
   Lemon sauce: Combine ingredients and mix well. Ladle mixture into
  individual bowls.
   From the House of Dgeign
  
  From Gemini's MASSIVE MealMaster collection at www.synapse.com/~gemini
 
</step></directions></recipe></recipeml>
