<?xml version="1.0" encoding="UTF-8"?>

<recipeml version="0.5">
  <recipe>
    <head>
      <title>Vietnamese Grilled Steak Wraps</title>
      <categories>
        <cat>Beef</cat>
        <cat>Grills</cat>
        <cat>Sandwiches</cat></categories>
      <yield>6</yield></head>
    <ingredients>
      <ing>
        <amt>
          <qty>1 1/2</qty>
          <unit>pounds</unit></amt>
        <item>Beef flank steak</item></ing>
      <ing>
        <amt>
          <qty/>
          <unit/></amt>
        <item>Grated peel of 2 lemons</item></ing>
      <ing>
        <amt>
          <qty/>
          <unit/></amt>
        <item>Juice of 2 lemons</item></ing>
      <ing>
        <amt>
          <qty>6</qty>
          <unit>tablespoons</unit></amt>
        <item>Sugar; divided</item></ing>
      <ing>
        <amt>
          <qty>2</qty>
          <unit>tablespoons</unit></amt>
        <item>Dark sesame oil</item></ing>
      <ing>
        <amt>
          <qty>1 1/4</qty>
          <unit>teaspoons</unit></amt>
        <item>Salt; divided</item></ing>
      <ing>
        <amt>
          <qty>1/2</qty>
          <unit>teaspoons</unit></amt>
        <item>Black pepper</item></ing>
      <ing>
        <amt>
          <qty>1/4</qty>
          <unit>cups</unit></amt>
        <item>Water</item></ing>
      <ing>
        <amt>
          <qty>1/4</qty>
          <unit>cups</unit></amt>
        <item>Rice vinegar</item></ing>
      <ing>
        <amt>
          <qty>1/2</qty>
          <unit>teaspoons</unit></amt>
        <item>Crushed red pepper</item></ing>
      <ing>
        <amt>
          <qty>6</qty>
          <unit/></amt>
        <item>Flour tortillas (8 inch)</item></ing>
      <ing>
        <amt>
          <qty>6</qty>
          <unit/></amt>
        <item>Lettuce leaves</item></ing>
      <ing>
        <amt>
          <qty>1/3</qty>
          <unit>cups</unit></amt>
        <item>Fresh mint leaves</item></ing>
      <ing>
        <amt>
          <qty>1/3</qty>
          <unit>cups</unit></amt>
        <item>Fresh cilantro leaves</item></ing>
      <ing>
        <amt>
          <qty/>
          <unit/></amt>
        <item>Star fruit slices</item></ing>
      <ing>
        <amt>
          <qty/>
          <unit/></amt>
        <item>Red bell pepper strips</item></ing>
      <ing>
        <amt>
          <qty/>
          <unit/></amt>
        <item>Orange peel strips</item></ing></ingredients>
    <directions>
      <step>  Cut beef across the grain into thin slices. Combine lemon peel, juice, 2
  tablespoons sugar, sesame oil, 1 teaspoon salt and black pepper in medium
  bowl. Add beef; toss to coat. Cover and refrigerate at least 30 minutes.
  Combine water, vinegar, remaining 4 tablespoons sugar and 1/4 teaspoon salt
  in small saucepan; bring to a boil. Boil 5 minutes without stirring until
  syrupy. Stir in crushed red pepper; set aside. Remove beef from marinade;
  discard marinade. Thread beef onto metal or wooden skewers. (Soak wooden
  skewers in hot water 30 minutes to prevent burning.) Grill beef over
  medium-hot briquets about 3 minutes per side until cooked through. Grill
  tortillas until hot. Place lettuce, beef, mint and cilantro on tortillas;
  drizzle with vinegar mixture. Roll tortillas to enclose filling. Garnish
  with star fruit, bell pepper and orange peel strips. Makes 6 wraps. Each
  wrap: 366 cal; 25g fat. Typed by Lynn Thomas dcqp82a. Source: Great
  Barbecues by Kingsford.
  
  Recipe by: Great Barbecues Posted to TNT - Prodigy's Recipe Exchange
  Newsletter  by WWGQ25C@prodigy.com (MRS LYNN P THOMAS) on Jul 18, 1997
 
</step></directions></recipe></recipeml>
