<?xml version="1.0" encoding="UTF-8"?>

<recipeml version="0.5">
  <recipe>
    <head>
      <title>Vietnamese-Style Spring Rolls with Shrimp</title>
      <categories>
        <cat>Appetizer</cat>
        <cat>Shellfish</cat>
        <cat>Vietnamese</cat></categories>
      <yield>4</yield></head>
    <ingredients>
      <ing-div>
        <title>DIPPING SAUCE</title>
        <ing>
          <amt>
            <qty>1/4</qty>
            <unit>cups</unit></amt>
          <item>Fish sauce (nam pla)</item></ing>
        <ing>
          <amt>
            <qty>2</qty>
            <unit>tablespoons</unit></amt>
          <item>Thinly sliced green onion</item></ing>
        <ing>
          <amt>
            <qty>1 1/2</qty>
            <unit>tablespoons</unit></amt>
          <item>Fresh lime juice</item></ing>
        <ing>
          <amt>
            <qty>1</qty>
            <unit>pinch</unit></amt>
          <item>Dried crushed red pepper</item></ing></ing-div>
      <ing-div>
        <title>FILLING</title>
        <ing>
          <amt>
            <qty>2</qty>
            <unit>teaspoons</unit></amt>
          <item>Olive oil</item></ing>
        <ing>
          <amt>
            <qty>2</qty>
            <unit>teaspoons</unit></amt>
          <item>Minced fresh ginger</item></ing>
        <ing>
          <amt>
            <qty>16</qty>
            <unit/></amt>
          <item>Uncooked medium shrimp, peeled, deveined, halved lengthwise</item></ing>
        <ing>
          <amt>
            <qty>1/4</qty>
            <unit>cups</unit></amt>
          <item>Chopped fresh cilantro</item></ing></ing-div>
      <ing-div>
        <title>ASSEMBLY</title>
        <ing>
          <amt>
            <qty>4</qty>
            <unit>cups</unit></amt>
          <item>Hot water</item></ing>
        <ing>
          <amt>
            <qty>8</qty>
            <unit/></amt>
          <item>Vietnamese (6-inch-diameter) spring-roll sheets</item></ing>
        <ing>
          <amt>
            <qty>4</qty>
            <unit>small</unit></amt>
          <item>Bibb lettuce leaves, halved</item></ing>
        <ing>
          <amt>
            <qty>1/2</qty>
            <unit>cups</unit></amt>
          <item>Thin strips green onions</item></ing>
        <ing>
          <amt>
            <qty>1/2</qty>
            <unit>cups</unit></amt>
          <item>Thin strips seeded peeled cucumber</item></ing>
        <ing>
          <amt>
            <qty>4</qty>
            <unit>teaspoons</unit></amt>
          <item>Minced fresh mint leaves</item></ing></ing-div></ingredients>
    <directions>
      <step>  Mix first 4 ingredients in small bowl. Set dipping sauce aside.
  
  Heat oil in medium skillet over medium-high heat. Add ginger; saute until
  fragrant, about 10 seconds. Add shrimp and cilantro; saute until shrimp are
  just cooked through, about 1 minute. Remove from heat. Season with salt and
  pepper.
  
  Pour hot water into large bowl. Using tongs, dip 1 spring-roll sheet in
  water 5 seconds. Remove from water; place on wet towel. Let stand 30
  seconds (spring-roll sheet should be soft and pliable; if still stiff,
  sprinkle with more water).
  
  Place half of lettuce leaf across top third of spring-roll sheet. Arrange 4
  shrimp halves on lettuce. Top with 1 tablespoon each of green onions and
  cucumber. Sprinkle 1/2 teaspoon mint over filling. Fold sides of
  spring-roll sheet over ends of filling. Starting at filled side, roll into
  cylinder. Place on plate. Repeat with remaining spring-roll sheets,
  lettuce, shrimp, green onions, cucumber and mint. Serve with sauce.
  
  Bon Appetit January 1998
  Posted to MM-Recipes Digest  by Julie Bertholf &lt;jewel1@ix.netcom.com&gt; on
  Feb 21, 1998
 
</step></directions></recipe></recipeml>
