<?xml version="1.0" encoding="UTF-8"?>

<recipeml version="0.5">
  <recipe>
    <head>
      <title>Vietnamese Stir Fried Chicken with Lemon Grass</title>
      <categories>
        <cat>Main dish</cat>
        <cat>Chicken</cat>
        <cat>Vietnamese</cat></categories>
      <yield>4</yield></head>
    <ingredients>
      <ing-div>
        <title>FOR THE MARINADE</title>
        <ing>
          <amt>
            <qty>1</qty>
            <unit/></amt>
          <item>Stick fresh or 2tb dried</item></ing>
        <ing>
          <amt>
            <qty/>
            <unit/></amt>
          <item>Slices lemon grass</item></ing>
        <ing>
          <amt>
            <qty>2</qty>
            <unit>pounds</unit></amt>
          <item>Chicken pieces, cut into</item></ing>
        <ing>
          <amt>
            <qty/>
            <unit/></amt>
          <item>Small pieces</item></ing>
        <ing>
          <amt>
            <qty>1</qty>
            <unit/></amt>
          <item>Garlic clove, large</item></ing>
        <ing>
          <amt>
            <qty/>
            <unit/></amt>
          <item>0.5" cube fresh ginger</item></ing>
        <ing>
          <amt>
            <qty>1</qty>
            <unit>tablespoon</unit></amt>
          <item>Sugar</item></ing>
        <ing>
          <amt>
            <qty>1 1/2</qty>
            <unit>tablespoons</unit></amt>
          <item>Tomato paste</item></ing>
        <ing>
          <amt>
            <qty>1/2</qty>
            <unit>teaspoons</unit></amt>
          <item>Salt</item></ing>
        <ing>
          <amt>
            <qty>1/4</qty>
            <unit>teaspoons</unit></amt>
          <item>Chilli powder</item></ing>
        <ing>
          <amt>
            <qty>1/4</qty>
            <unit>teaspoons</unit></amt>
          <item>Ground turmuric</item></ing></ing-div>
      <ing-div>
        <title>YOU ALSO NEED</title>
        <ing>
          <amt>
            <qty>2</qty>
            <unit/></amt>
          <item>Cloves garlic</item></ing>
        <ing>
          <amt>
            <qty>3</qty>
            <unit>tablespoons</unit></amt>
          <item>Vegetable oil</item></ing>
        <ing>
          <amt>
            <qty>1</qty>
            <unit>tablespoon</unit></amt>
          <item>Fish sauce OR salt to taste</item></ing>
        <ing>
          <amt>
            <qty/>
            <unit/></amt>
          <item>4-8 tb chicken stock</item></ing>
        <ing>
          <amt>
            <qty>3 1/2</qty>
            <unit>ounces</unit></amt>
          <item>Onions</item></ing></ing-div></ingredients>
    <directions>
      <step>  First prepare the marinade. If you are using fresh lemon grass, cut it
  crossways into very thin slices, starting at the bulbous bottom end and
  going up around 6". Discard the strawlike top. If you are using dried lemon
  grass, soak it in 4 tb of hot water for an hour. Put the chicken pieces in
  a bowl, add the fresh lemon grass or the drained soaked dried lemon grass
  (save the soaking liquid). Peel and crush the large garlic clove, peel the
  ginger and grate it finely. Add the garlic, ginger, sugar, tomato paste,
  salt, chilli powder and turmeric to the chicken. Mix, cover and set aside
  for 1-24 hours, refrigerating if necessary. Peel and finely chop the two
  garlic cloves. Put the oil in a wok or large, lidded frying pan and set
  over a high heat. When it is hot, put in the garlic. Stir and fry for 30
  secs or until the garlic is golden. Add the chicken along with its
  marinade. Stir and fry for 5-6 mins or until the chicken browns a little.
  Add the fish sauce and either the lemon grass soaking liquid or 4 tb stock.
  Stir once and cover. Cook on a high heat for 5 mins. Lift the lid and stir,
  adding another 4 tb of stock. Cover, turn the heat to low and cook for
  another 5 mins. While the chicken cooks, peel the onions and cut them into
  0.75" dice. Separate the onion layers within the diced pieces. Turn the
  heat under the chicken to high, remove the wok lid, add the onion and fry
  for 1 minute. Lift the chicken out its oiul and serve.
  
  From Gemini's MASSIVE MealMaster collection at www.synapse.com/~gemini
 
</step></directions></recipe></recipeml>
