<?xml version="1.0" encoding="UTF-8"?>

<recipeml version="0.5">
  <recipe>
    <head>
      <title>Vietnamese Lemon Grass Baked Chicken</title>
      <categories>
        <cat>Chicken</cat>
        <cat>Fruits</cat>
        <cat>Vietnamese</cat>
        <cat>Wrv</cat></categories>
      <yield>4</yield></head>
    <ingredients>
      <ing-div>
        <title>WALDINE VAN GEFFEN VGHC42A</title>
        <ing>
          <amt>
            <qty>1</qty>
            <unit/></amt>
          <item>Chicken or favorite parts; skin</item></ing>
        <ing>
          <amt>
            <qty>2</qty>
            <unit/></amt>
          <item>Stalks lemon grass; bottom 6" only, slice diagonoally</item></ing>
        <ing>
          <amt>
            <qty>1/2</qty>
            <unit>cups</unit></amt>
          <item>Low-sod soy sauce</item></ing>
        <ing>
          <amt>
            <qty>2</qty>
            <unit>tablespoons</unit></amt>
          <item>Canola oil</item></ing>
        <ing>
          <amt>
            <qty>1</qty>
            <unit>tablespoon</unit></amt>
          <item>Fish sauce</item></ing>
        <ing>
          <amt>
            <qty>2</qty>
            <unit>cloves</unit></amt>
          <item>Garlic; mince</item></ing>
        <ing>
          <amt>
            <qty>1</qty>
            <unit>teaspoon</unit></amt>
          <item>Sugar</item></ing>
        <ing>
          <amt>
            <qty>2</qty>
            <unit/></amt>
          <item>Unripe green bananas;quarter</item></ing>
        <ing>
          <amt>
            <qty>4</qty>
            <unit>slices</unit></amt>
          <item>Fresh pineapple; halve</item></ing></ing-div></ingredients>
    <directions>
      <step>  Mix lemon grass, soy sauce, oil, fish sauce, garlic and sugar. Pour over
  chicken, cover and refrigerate for at least 3 hours or overnight. In baking
  dish, arrange chicken, undrained, in single layer. Add banana and
  pineapple; pour remaining marinade over all. Cover and bake 350~ about 30
  minutes. Remove cover and turn chicken. Return to oven and bake, uncovered,
  about 30 minutes more. Serve over rice. 478 Cal, 20 gr fat, 37% fat.
  
  From Gemini's MASSIVE MealMaster collection at www.synapse.com/~gemini
 
</step></directions></recipe></recipeml>
