<?xml version="1.0" encoding="UTF-8"?>

<recipeml version="0.5">
  <recipe>
    <head>
      <title>Vietnamese-Style Spring Rolls</title>
      <categories>
        <cat>Appetizer</cat></categories>
      <yield>4</yield></head>
    <ingredients>
      <ing>
        <amt>
          <qty>8</qty>
          <unit/></amt>
        <item>Dried black mushroom</item></ing>
      <ing>
        <amt>
          <qty>2</qty>
          <unit>packages</unit></amt>
        <item>Bean thread noodles</item></ing>
      <ing>
        <amt>
          <qty>2</qty>
          <unit>medium</unit></amt>
        <item>Carrot; julienned</item></ing>
      <ing>
        <amt>
          <qty>1</qty>
          <unit>cup</unit></amt>
        <item>Snow peas; stemmed, stringed and julienned</item></ing>
      <ing>
        <amt>
          <qty>1</qty>
          <unit/></amt>
        <item>Cucumber; seeded and julienned</item></ing>
      <ing>
        <amt>
          <qty>1</qty>
          <unit>cup</unit></amt>
        <item>Mung bean sprouts</item></ing>
      <ing>
        <amt>
          <qty>16</qty>
          <unit/></amt>
        <item>Rice paper rounds</item></ing>
      <ing>
        <amt>
          <qty>24</qty>
          <unit/></amt>
        <item>Mint leaf</item></ing>
      <ing>
        <amt>
          <qty>3</qty>
          <unit/></amt>
        <item>Scallions; cut into thin slivers</item></ing>
      <ing>
        <amt>
          <qty>12</qty>
          <unit/></amt>
        <item>Basil leaf</item></ing></ingredients>
    <directions>
      <step>  From: Harris@data-max.com (Michael Harris)
  
  Date: Wed, 26 Jun 1996 10:16:01 -0700
  Soak black mushrooms in hot water to cover for 20 to 30 minutes. Stem and
  cut in fine julienne. Soak bean threads in cold water to cover 20 to 30
  minutes. Cook in 2 quarts boiling water until al dente, about 1 minute.
  Transfer to colander and rinse with cold water, drain well. Blanch carrots
  in boiling noodle water 1 minute. Rinse in cold water. Blanch, drain and
  rinse snow peas and bean sprouts the same way (blanch bean sprouts for 30
  seconds). Fill a large shallow bowl with cold water. Soak a sheet of rice
  paper for 1 minute. Carefully (very carefully!) transfer to a dry paper
  towel, and let sit 1 to 2 minutes until pliable. To assemble rolls, arrange
  2 mint leaves in a row along the bottom third of the rice paper. Arrange
  1/12 of noodles, mushrooms, carrots, scallions, cucumber and snow peas in a
  row on top. Roll up rice paper, folding in flaps after first turn. Add one
  basil leaf after first turn. This forms a compact roll about 6 inches long.
  Once assembled, they will keep for 6 hours, covered in refrigerator. To
  serve, cut in half on the diagonal. Makes 12 rolls.
  
  Digest eat-lf.v096.n085
  
  From the EAT-LF recipe list.  Downloaded from Glen's MM Recipe Archive,
  http://www.erols.com/hosey.
 
</step></directions></recipe></recipeml>
