<?xml version="1.0" encoding="UTF-8"?>

<recipeml version="0.5">
  <recipe>
    <head>
      <title>Vietnamese Spring Noodle Salad</title>
      <categories>
        <cat>Vietnamese</cat>
        <cat>Salads</cat>
        <cat>Extras</cat>
        <cat>Rice/grains</cat></categories>
      <yield>6</yield></head>
    <ingredients>
      <ing>
        <amt>
          <qty/>
          <unit/></amt>
        <item>Water for boiling</item></ing>
      <ing>
        <amt>
          <qty>1/2</qty>
          <unit>pounds</unit></amt>
        <item>Quarter inch rice sticks (imported from Thailand)*</item></ing>
      <ing>
        <amt>
          <qty>2</qty>
          <unit>cups</unit></amt>
        <item>Fresh snow peas; trimmed</item></ing>
      <ing>
        <amt>
          <qty>16</qty>
          <unit>medium</unit></amt>
        <item>Shrimp; shelled</item></ing>
      <ing>
        <amt>
          <qty>1</qty>
          <unit/></amt>
        <item>Clove garlic; minced</item></ing>
      <ing>
        <amt>
          <qty>1</qty>
          <unit/></amt>
        <item>Shallot; minced</item></ing>
      <ing>
        <amt>
          <qty>2/3</qty>
          <unit>cups</unit></amt>
        <item>Fresh lime juice</item></ing>
      <ing>
        <amt>
          <qty>1/2</qty>
          <unit>cups</unit></amt>
        <item>Fish sauce*</item></ing>
      <ing>
        <amt>
          <qty>1/2</qty>
          <unit>cups</unit></amt>
        <item>Water</item></ing>
      <ing>
        <amt>
          <qty>4</qty>
          <unit>tablespoons</unit></amt>
        <item>Sugar</item></ing>
      <ing>
        <amt>
          <qty>1/2</qty>
          <unit>teaspoons</unit></amt>
        <item>Red pepper flakes</item></ing>
      <ing>
        <amt>
          <qty>2</qty>
          <unit/></amt>
        <item>Bibb lettuce heads; leaves separated, rinsed and patted dry</item></ing>
      <ing>
        <amt>
          <qty>3</qty>
          <unit/></amt>
        <item>Carrots; peeled and grated</item></ing>
      <ing>
        <amt>
          <qty>3</qty>
          <unit>cups</unit></amt>
        <item>Fresh mung bean sprouts</item></ing>
      <ing>
        <amt>
          <qty>1</qty>
          <unit>cup</unit></amt>
        <item>Diced cucumber</item></ing>
      <ing>
        <amt>
          <qty>2</qty>
          <unit/></amt>
        <item>Scallions; trimmed and thinly sliced</item></ing>
      <ing>
        <amt>
          <qty>1</qty>
          <unit>cup</unit></amt>
        <item>Fresh mint leaves</item></ing>
      <ing>
        <amt>
          <qty>1/4</qty>
          <unit>cups</unit></amt>
        <item>Fresh cilantro; roughly chopped; 1/4 to 1/2 cup</item></ing></ingredients>
    <directions>
      <step>  * Available in Asian grocery stores
  
  Bring one large pot and one medium-size pot of water to a boil. Drop the
  snow peas into the medium-size pot and cook for about 10 seconds (they will
  turn bright green). Remove them from the pot with a slotted spoon and rinse
  under cold water.
  
  When the water in the medium-size pot has returned to a boil, add the
  shrimp and cook for 2 minutes, or until opaque. Drain, and rinse shrimp
  under cold water. Set aside.
  
  Add the rice noodles to the large pot of boiling water. Boil for 4-5
  minutes, drain, and rinse under cold water.
  
  In a small bowl, whisk together the garlic, shallot, lime juice, fish
  sauce, 1/2 cup water, sugar, and pepper flakes until the sugar is
  dissolved. Divide the dressing into four small bowls.
  
  Pile the lettuce leaf "cups" in the center of a large platter. Surround the
  lettuce with separate mounds of carrot, bean sprouts, cucumber, scallion,
  mint. cilantro, snow peas, noodles, and shrimp.
  
  Give each person a plate upon which to put a lettuce leaf cup. Fill each
  lettuce cup with a tiny bit of ingredient, drizzle with the dressing, and
  roll up in the shape of a cylinder.
  
  Serves 4-6. 289 calories per serving; 5% calories from fat; 2g total fat;
  1g saturated fat; 35 mg cholesterol; 14g protein; 57g carbohydrates; 805 mg
  sodium; 5g fiber.
  
  "MealMasterized" by Mary Ann Young from June 1995 issue of _Walking_ by
  food writer Victoria Abbott Riccardi.
  
  From Gemini's MASSIVE MealMaster collection at www.synapse.com/~gemini
 
</step></directions></recipe></recipeml>
