<?xml version="1.0" encoding="UTF-8"?>

<recipeml version="0.5">
  <recipe>
    <head>
      <title>Villa Montana Baked Ham</title>
      <categories>
        <cat>None</cat></categories>
      <yield>1</yield></head>
    <ingredients>
      <ing>
        <amt>
          <qty/>
          <unit/></amt>
        <item>Pre-cooked boneless ham such as Cure 81</item></ing>
      <ing>
        <amt>
          <qty/>
          <unit/></amt>
        <item>Whole cloves</item></ing>
      <ing>
        <amt>
          <qty>1 1/2</qty>
          <unit>cups</unit></amt>
        <item>Brown sugar</item></ing>
      <ing>
        <amt>
          <qty>2</qty>
          <unit>cups</unit></amt>
        <item>Pineapple juice</item></ing>
      <ing>
        <amt>
          <qty>1</qty>
          <unit>tablespoon</unit></amt>
        <item>Dry mustard</item></ing>
      <ing>
        <amt>
          <qty>2</qty>
          <unit>cups</unit></amt>
        <item>Diced fresh or canned crushed pineapple</item></ing>
      <ing>
        <amt>
          <qty>1</qty>
          <unit/></amt>
        <item>Bottle of ginger ale; (1-2 liter)</item></ing></ingredients>
    <directions>
      <step>  &gt;From: gyspylady &lt;reenee430@uswest.net&gt;
  
  This truly is the best baked boneless ham I have ever eaten. Its from the
  Villa Montana, Morelia, Mexico and is in the Cotton Country Cookbook of
  Monroe, LA.
  
  Stud ham with cloves. In blender container (or food processor if no
  blender), place the sugar, pineapple juice, crushed pineapple, and mustard.
  Blend but do not puree.
  
  Place ham on rack in roasting pan. Pour pineapple mixture over ham.
  
  Bake for one hour at 350 degrees. Lower heat to 300 d. and bake for 2
  hours. As juice in pan boils down (check after first hour), begin to add
  ginger ale as needed. Baste ham every 15 minutes for last hour, adding
  ginger ale as needed. This is the secret to the wonderful flavor! For the
  last 30 minutes of cooking, remove rack and place ham in bottom of pan.
  
  Posted to TNT - Prodigy's Recipe Exchange Newsletter  by
  YNRN11F@prodigy.com (TNT RECIPES LIST) on 5 De, c 1997
 
</step></directions></recipe></recipeml>
