<?xml version="1.0" encoding="UTF-8"?>

<recipeml version="0.5">
  <recipe>
    <head>
      <title>Vinaigrette Dressing</title>
      <categories>
        <cat/></categories>
      <yield>100</yield></head>
    <ingredients>
      <ing>
        <amt>
          <qty>1/2</qty>
          <unit>cups</unit></amt>
        <item>WATER</item></ing>
      <ing>
        <amt>
          <qty>3</qty>
          <unit>tablespoons</unit></amt>
        <item>ONIONS DRY</item></ing>
      <ing>
        <amt>
          <qty>2</qty>
          <unit>ounces</unit></amt>
        <item>PEPPER SWT GRN FRESH</item></ing>
      <ing>
        <amt>
          <qty>1</qty>
          <unit>ounce</unit></amt>
        <item>SUGAR; GRANULATED 10 LB</item></ing>
      <ing>
        <amt>
          <qty>2 1/2</qty>
          <unit>pounds</unit></amt>
        <item>SALAD OIL; 1 GAL</item></ing>
      <ing>
        <amt>
          <qty>1 1/2</qty>
          <unit>teaspoons</unit></amt>
        <item>PEPPER BLACK 1 LB CN</item></ing>
      <ing>
        <amt>
          <qty>4</qty>
          <unit>ounces</unit></amt>
        <item>RELISH PICKLE SWEET</item></ing>
      <ing>
        <amt>
          <qty>1/2</qty>
          <unit>teaspoons</unit></amt>
        <item>PEPPER RED GROUND</item></ing>
      <ing>
        <amt>
          <qty>1 1/2</qty>
          <unit>teaspoons</unit></amt>
        <item>MUSTARD FLOUR</item></ing>
      <ing>
        <amt>
          <qty>3</qty>
          <unit>cups</unit></amt>
        <item>VINEGAR CIDER</item></ing>
      <ing>
        <amt>
          <qty>2</qty>
          <unit>tablespoons</unit></amt>
        <item>SALT TABLE 5LB</item></ing></ingredients>
    <directions>
      <step>  1.  COMBINE MUSTARD FLOUR, SALT, PEPPERS, SUGAR, WATER, ONIONS, PARSLEY,
  PEPPERS, PICKLES, PICKLES, SALAD OIL AND VINEGAR; BLEND WELL.
  
  2.  COVER; REFRIGERATE UNTIL READY TO SERVE.
  
  3.  SHAKE OR BEAT BEFORE USING.
  :
  **ALL NOTES ARE PER 100 PORTIONS.
  
  NOTE:  1.  IN STEP 1, 2 1/2 OZ FRESH SWEET PEPPERS A.P. WILL YIELD 2 OZ
  FINELY CHOPPED PEPPERS AND 1 3/4 OZ DRY ONIONS A.P. WILL YIELD 1 1/8 OZ
  MINCED ONIONS.
  
  NOTE:  2.  IN STEP 1, 1 1/2 TBSP DEHYDRATED ONIONS AND 3 TBSP DEHYDRATED
  GREEN PEPPERS (SEE RECIPE NO. A01100) OR 2 OZ FROZEN, DICED GREEN PEPPERS
  MAY BE USED.  THAW PEPPERS.
  
  NOTE:  3.  IN STEP 1, 1 OZ FRESH PARSLEY A.P. WILL YIELD 3/4 OZ FINELY
  CHOPPED PARSLEY.
  
  Recipe Number: M07100
  
  SERVING SIZE: 1 TABLESPO
  
  From the &lt;Army Master Recipe Index File&gt; (actually used today!).
  Downloaded from Glen's MM Recipe Archive, http://www.erols.com/hosey.
 
</step></directions></recipe></recipeml>
