<?xml version="1.0" encoding="UTF-8"?>

<recipeml version="0.5">
  <recipe>
    <head>
      <title>Vinaigrette Dressing</title>
      <categories>
        <cat>None</cat></categories>
      <yield>1</yield></head>
    <ingredients>
      <ing-div>
        <title/>
        <ing>
          <amt>
            <qty>2</qty>
            <unit>tablespoons</unit></amt>
          <item>Plain nonfat yogurt</item></ing>
        <ing>
          <amt>
            <qty>2</qty>
            <unit>tablespoons</unit></amt>
          <item>Balsamic vinegar</item></ing>
        <ing>
          <amt>
            <qty>4</qty>
            <unit>tablespoons</unit></amt>
          <item>Acceptable vegetable oil</item></ing>
        <ing>
          <amt>
            <qty>1/4</qty>
            <unit>teaspoons</unit></amt>
          <item>Salt</item></ing>
        <ing>
          <amt>
            <qty>1/8</qty>
            <unit>teaspoons</unit></amt>
          <item>Freshly ground black pepper</item></ing></ing-div>
      <ing-div>
        <title>DIJON VINAIGRETTE DRESSING</title>
        <ing>
          <amt>
            <qty>1</qty>
            <unit>tablespoon</unit></amt>
          <item>Dijon mustard</item></ing>
        <ing>
          <amt>
            <qty>1</qty>
            <unit>teaspoon</unit></amt>
          <item>Water</item></ing></ing-div>
      <ing-div>
        <title>GARLIC VINAIGRETTE DRESSING</title>
        <ing>
          <amt>
            <qty>1/4</qty>
            <unit>teaspoons</unit></amt>
          <item>Garlic powder</item></ing>
        <ing>
          <amt>
            <qty>1/2</qty>
            <unit>teaspoons</unit></amt>
          <item>Salt-free lemon-pepper seasoning</item></ing>
        <ing>
          <amt>
            <qty>2</qty>
            <unit>tablespoons</unit></amt>
          <item>Chopped fresh parsley</item></ing>
        <ing>
          <amt>
            <qty/>
            <unit/></amt>
          <item>GREEN ONION VINAIGRETTE DRESSING:</item></ing>
        <ing>
          <amt>
            <qty>2</qty>
            <unit>tablespoons</unit></amt>
          <item>Finely chopped green onion</item></ing>
        <ing>
          <amt>
            <qty/>
            <unit/></amt>
          <item>ITALIAN HERB VINAIGRETTE DRESSING:</item></ing>
        <ing>
          <amt>
            <qty>1</qty>
            <unit>tablespoon</unit></amt>
          <item>Basil</item></ing>
        <ing>
          <amt>
            <qty>1/2</qty>
            <unit>tablespoons</unit></amt>
          <item>Rosemary</item></ing>
        <ing>
          <amt>
            <qty>1</qty>
            <unit>tablespoon</unit></amt>
          <item>Thyme</item></ing></ing-div></ingredients>
    <directions>
      <step>  Makes 1/2 cup. Serves 8; 1 tablespoon per serving. Combine all ingredients
  in a small bowl and whisk until thoroughly blended. Cover and refrigerate.
  For each variation below, add the listed ingredients to the above recipe.
  (Omit pepper in basic recipe.) Each of the following fresh herbs, finely
  chopped:
  
  Posted to FOODWINE Digest 13 Sep 96
  
  From:    Joe Ames &lt;ames@PROLOG.NET&gt;
  
  Date:    Sat, 14 Sep 1996 08:22:47 -0400
 
</step></directions></recipe></recipeml>
