<?xml version="1.0" encoding="UTF-8"?>

<recipeml version="0.5">
  <recipe>
    <head>
      <title>Vinaigrette (Russian Cooked Vegetable Salad)</title>
      <categories>
        <cat>Sauces</cat>
        <cat>Vegetables</cat>
        <cat>Salads</cat>
        <cat>Russian</cat>
        <cat>Ethnic</cat></categories>
      <yield>4</yield></head>
    <ingredients>
      <ing-div>
        <title/>
        <ing>
          <amt>
            <qty>1</qty>
            <unit>large</unit></amt>
          <item>Beet; W/Skin, Stemmed * OR</item></ing>
        <ing>
          <amt>
            <qty>16</qty>
            <unit>ounces</unit></amt>
          <item>Beets; Drained And Cut Into 1/2-Inch Dice, 1 Can</item></ing>
        <ing>
          <amt>
            <qty>3</qty>
            <unit>medium</unit></amt>
          <item>Boiling Potatoes; Peeled</item></ing>
        <ing>
          <amt>
            <qty>2</qty>
            <unit>medium</unit></amt>
          <item>Carrots; Peeled</item></ing>
        <ing>
          <amt>
            <qty>1/4</qty>
            <unit>cups</unit></amt>
          <item>Onion; Chopped</item></ing>
        <ing>
          <amt>
            <qty>3</qty>
            <unit>medium</unit></amt>
          <item>Dill Pickles; Cut Into 1/2 Inch Dice</item></ing>
        <ing>
          <amt>
            <qty>8 1/2</qty>
            <unit>ounces</unit></amt>
          <item>Peas; Drained, 1 Can</item></ing>
        <ing>
          <amt>
            <qty>1/4</qty>
            <unit>cups</unit></amt>
          <item>Scallions; Chopped (Green Onions Will Do)</item></ing>
        <ing>
          <amt>
            <qty>1/4</qty>
            <unit>cups</unit></amt>
          <item>Fresh Dill; Finely Chopped</item></ing>
        <ing>
          <amt>
            <qty/>
            <unit/></amt>
          <item>Salt And Freshly Ground Black Pepper; To Taste</item></ing></ing-div>
      <ing-div>
        <title>DRESSING</title>
        <ing>
          <amt>
            <qty>1</qty>
            <unit>teaspoon</unit></amt>
          <item>Dry Mustard</item></ing>
        <ing>
          <amt>
            <qty>1/2</qty>
            <unit>teaspoons</unit></amt>
          <item>Sugar</item></ing>
        <ing>
          <amt>
            <qty>3</qty>
            <unit>tablespoons</unit></amt>
          <item>Red Wine Vinegar</item></ing>
        <ing>
          <amt>
            <qty>1/3</qty>
            <unit>cups</unit></amt>
          <item>Sunflower Or Corn Oil</item></ing>
        <ing>
          <amt>
            <qty/>
            <unit/></amt>
          <item>Salt And Freshly Ground Black Pepper; To Taste</item></ing></ing-div></ingredients>
    <directions>
      <step>  *  Beet should be washed and dried.
  
  If you are using a fresh beet, preheat the oven to 375 Degrees F. Wrap the
  beet in aluminum foil and bake until tender, about 1 1/4 hours. When the
  beet is cool enough to handle, peel it and cut into 1/2-inch dice.
  Meanwhile, cook the potatoes in lightly salted boiling water for 10
  minutes.  Add the carrots and cook until the vegetables are tender, but not
  mushy, about 10 minutes more. Let cool until easy to handle, then cut the
  vegetables into 1/2-inch dice.  In a large salad bowl, combine the
  potatoes, carrots, onion, pickles, peas, beet, scallions, and dill. Season
  with salt and pepper and toss gently, taking care not to crush the
  vegetables.  In a small bowl, whisk the dry mustard, sugar and vinegar
  together. Whisk in the oil and season with salt and pepper. Toss the salad
  with the dressing and tasting to correct the seasoning. Cover and
  refrigerate for at least 30 minutes before serving.
  
  Makes 4 generous servings.
  
  From Gemini's MASSIVE MealMaster collection at www.synapse.com/~gemini
 
</step></directions></recipe></recipeml>
