<?xml version="1.0" encoding="UTF-8"?>

<recipeml version="0.5">
  <recipe>
    <head>
      <title>Vinarterta</title>
      <categories>
        <cat>None</cat></categories>
      <yield>1</yield></head>
    <ingredients>
      <ing-div>
        <title/>
        <ing>
          <amt>
            <qty>1 1/2</qty>
            <unit>cups</unit></amt>
          <item>Granulated sugar</item></ing>
        <ing>
          <amt>
            <qty>1</qty>
            <unit>cup</unit></amt>
          <item>Butter or margarine</item></ing>
        <ing>
          <amt>
            <qty>3</qty>
            <unit/></amt>
          <item>Eggs</item></ing>
        <ing>
          <amt>
            <qty>1/2</qty>
            <unit>cups</unit></amt>
          <item>Milk</item></ing>
        <ing>
          <amt>
            <qty>2</qty>
            <unit>teaspoons</unit></amt>
          <item>Almond flavouring</item></ing>
        <ing>
          <amt>
            <qty>1</qty>
            <unit>teaspoon</unit></amt>
          <item>Vanilla</item></ing>
        <ing>
          <amt>
            <qty>4</qty>
            <unit>cups</unit></amt>
          <item>Flour or more if needed</item></ing>
        <ing>
          <amt>
            <qty>3</qty>
            <unit>teaspoons</unit></amt>
          <item>Baking powder</item></ing></ing-div>
      <ing-div>
        <title>FILLING</title>
        <ing>
          <amt>
            <qty>2</qty>
            <unit>pounds</unit></amt>
          <item>Prunes</item></ing>
        <ing>
          <amt>
            <qty>2</qty>
            <unit>cups</unit></amt>
          <item>Water</item></ing>
        <ing>
          <amt>
            <qty>2 1/2</qty>
            <unit>cups</unit></amt>
          <item>Granulated sugar</item></ing></ing-div></ingredients>
    <directions>
      <step>  My mother-in-law is Icelandic and this is a recipe that was passed down
  from her grandmother. Whenever she has friends visiting from Iceland she
  serves then this and they comment on how much it reminds then of their
  youth. Although the calls for ground prunes (I try to forget this when I
  eat the cake) you can substitute your favourite jam. When you slice the
  cake it is very pretty seeing all the layers.
  
  Cream butter or margarine, add sugar gradually, add eggs one at a time. Add
  milk and flavoring. Sift dry ingredients, and add to the above mixture.
  Need in enough flour to make a soft "cookie" dough.
  
  Refrigerate dough for at least 1 hour
  
  Roll thin and bake in layered cake pan for appox 10 min (350 deg f)
  
  Tip: Roll the dough on the bottom of cake pan and put directly in the oven.
  
  Filling: Remove stones from prunes and grind the prunes. Combine with water
  and sugar. Boil mixture, being careful to stir frequently. You only boil
  this mixture for 5-7 minutes. Cool the mixture.
  
  To assemble, Spread one layer with prune filling, add second layer and
  continue until all layers are used. You should have 6-7 layers.
  
  Notes: If you want to put on an icing you can. Also, if you don';t want to
  use prunes you can substitute jam.
  
  Posted to EAT-L Digest 10 Apr 97 by Graham Jones (519)451-2500 Ext 2956
  Fax: 519-452-6156 on Apr 11, 1997
 
</step></directions></recipe></recipeml>
