<?xml version="1.0" encoding="UTF-8"?>

<recipeml version="0.5">
  <recipe>
    <head>
      <title>Vinaigrette</title>
      <categories>
        <cat>Cooking liv</cat>
        <cat>Import</cat></categories>
      <yield>1</yield></head>
    <ingredients>
      <ing>
        <amt>
          <qty>2</qty>
          <unit>teaspoons</unit></amt>
        <item>Dijon mustard</item></ing>
      <ing>
        <amt>
          <qty>1</qty>
          <unit>teaspoon</unit></amt>
        <item>Fine sea salt</item></ing>
      <ing>
        <amt>
          <qty>2</qty>
          <unit/></amt>
        <item>Pinches freshly ground white pepper</item></ing>
      <ing>
        <amt>
          <qty>3</qty>
          <unit>tablespoons</unit></amt>
        <item>Red wine vinegar</item></ing>
      <ing>
        <amt>
          <qty>3</qty>
          <unit>tablespoons</unit></amt>
        <item>Sherry vinegar</item></ing>
      <ing>
        <amt>
          <qty>1/2</qty>
          <unit>cups</unit></amt>
        <item>Plus 1 tablespoon olive oil</item></ing>
      <ing>
        <amt>
          <qty>1/2</qty>
          <unit>cups</unit></amt>
        <item>Plus 1 tablespoon corn oil</item></ing></ingredients>
    <directions>
      <step>  In a mixing bowl, whisk together mustard, salt, pepper and vinegars.
  Whisking constantly, very slowly drizzle in the olive oil and then the corn
  oil. Store tightly covered, in the refrigerator for up to 1 week.
  
  Yield: 1 1/3 cups
  
  NOTES : Recipe courtesy of Eric Ripert, Le Bernardin
  
  Recipe by: Cooking Live Show #CL9054
  
  Posted to MC-Recipe Digest by "Angele and Jon Freeman"
  &lt;jfreeman@comteck.com&gt; on Feb 7, 1998
 
</step></directions></recipe></recipeml>
