<?xml version="1.0" encoding="UTF-8"?>

<recipeml version="0.5">
  <recipe>
    <head>
      <title>Vinaigrette Sauce</title>
      <categories>
        <cat>None</cat></categories>
      <yield>1</yield></head>
    <ingredients>
      <ing>
        <amt>
          <qty>1/2</qty>
          <unit>cups</unit></amt>
        <item>Olive oil</item></ing>
      <ing>
        <amt>
          <qty>1</qty>
          <unit>cup</unit></amt>
        <item>White vinegar</item></ing>
      <ing>
        <amt>
          <qty>1</qty>
          <unit>teaspoon</unit></amt>
        <item>Salt</item></ing>
      <ing>
        <amt>
          <qty>1</qty>
          <unit>cup</unit></amt>
        <item>Italian parsley; finely chopped</item></ing>
      <ing>
        <amt>
          <qty>4</qty>
          <unit>large</unit></amt>
        <item>Fresh tomatoes; chopped</item></ing>
      <ing>
        <amt>
          <qty>1</qty>
          <unit>large</unit></amt>
        <item>Yellow onion; finely chopped</item></ing>
      <ing>
        <amt>
          <qty>2</qty>
          <unit/></amt>
        <item>Fresh red cayenne peppers; finely chopped, (optional)</item></ing></ingredients>
    <directions>
      <step>  From: MeLizaJane &lt;MeLizaJane@aol.com&gt;
  
  Combine all the ingredients in a large bowl. Stir well and serve either at
  room temperature or cold. Serve over meat and beans. Make 3 cups.
  
  Posted to recipelu-digest by jeryder@juno.com on Mar 10, 1998
 
</step></directions></recipe></recipeml>
