<?xml version="1.0" encoding="UTF-8"?>

<recipeml version="0.5">
  <recipe>
    <head>
      <title>Vinaterta</title>
      <categories>
        <cat>Dessert</cat>
        <cat>Icelandic</cat></categories>
      <yield>1</yield></head>
    <ingredients>
      <ing-div>
        <title/>
        <ing>
          <amt>
            <qty>1</qty>
            <unit>cup</unit></amt>
          <item>Butter</item></ing>
        <ing>
          <amt>
            <qty>2</qty>
            <unit>cups</unit></amt>
          <item>Sugar</item></ing>
        <ing>
          <amt>
            <qty>6</qty>
            <unit/></amt>
          <item>Eggs</item></ing>
        <ing>
          <amt>
            <qty>1/2</qty>
            <unit>cups</unit></amt>
          <item>Sweet Cream</item></ing>
        <ing>
          <amt>
            <qty>1</qty>
            <unit>teaspoon</unit></amt>
          <item>Vanilla</item></ing>
        <ing>
          <amt>
            <qty>1</qty>
            <unit>teaspoon</unit></amt>
          <item>Almond Flavoring</item></ing>
        <ing>
          <amt>
            <qty>6</qty>
            <unit>cups</unit></amt>
          <item>Flour</item></ing>
        <ing>
          <amt>
            <qty>4</qty>
            <unit>teaspoons</unit></amt>
          <item>Baking Powder</item></ing></ing-div>
      <ing-div>
        <title>FILLING</title>
        <ing>
          <amt>
            <qty>2</qty>
            <unit>pounds</unit></amt>
          <item>Prunes</item></ing>
        <ing>
          <amt>
            <qty>1 1/2</qty>
            <unit>cups</unit></amt>
          <item>Sugar</item></ing>
        <ing>
          <amt>
            <qty>1</qty>
            <unit>tablespoon</unit></amt>
          <item>Cardamom Seeds; Crushed, Pitted</item></ing></ing-div></ingredients>
    <directions>
      <step>  Make filling first: Boil pitted prunes and add sugar and crushed cardamom
  seeds. Cook until sugar dissolves. Cool. Beat well or put through food
  chopper.
  
  Dough: Cream butter and sugar, add eggs one at a time and beat well. Add
  cream and flavorings. Add flour sifted with baking powder. Blend well.
  Divide dough into 5 or 6 equal parts. Roll out and bake a layer on cookie
  sheet at 375F for 8 to 10 minutes.
  
  This dough will make one large (cookie sheet size) torte of 5 or 6 layers,
  or 2-9" tortes five or six layers each.
  
  When all the layers are baked and cooled, put together with prune mixture
  and ice with almond flavored butter icing, if desired. Makes 1 large or 2
  small
  
  Formatted by Carole Walberg
  
  Recipe by: "Homemade Heritage"
  
  Posted to TNT Recipes Digest by "Bob &amp; Carole Walberg"
  &lt;walbergr@mb.sympatico.ca&gt; on Apr 10, 1998
 
</step></directions></recipe></recipeml>
