<?xml version="1.0" encoding="UTF-8"?>

<recipeml version="0.5">
  <recipe>
    <head>
      <title>Vinaigrette Dressing</title>
      <categories>
        <cat>Salad dress</cat>
        <cat>Low-fat</cat>
        <cat>Mcdougall</cat></categories>
      <yield>3</yield></head>
    <ingredients>
      <ing>
        <amt>
          <qty>1</qty>
          <unit>cup</unit></amt>
        <item>Grapefruit juice, unsweetene</item></ing>
      <ing>
        <amt>
          <qty>1/3</qty>
          <unit>cups</unit></amt>
        <item>Vinegar</item></ing>
      <ing>
        <amt>
          <qty>4</qty>
          <unit>tablespoons</unit></amt>
        <item>Water</item></ing>
      <ing>
        <amt>
          <qty>2</qty>
          <unit/></amt>
        <item>Garlic cloves; crushed</item></ing>
      <ing>
        <amt>
          <qty>1/2</qty>
          <unit>teaspoons</unit></amt>
        <item>Basil; dry</item></ing>
      <ing>
        <amt>
          <qty>1/4</qty>
          <unit>teaspoons</unit></amt>
        <item>Thyme</item></ing>
      <ing>
        <amt>
          <qty>1</qty>
          <unit>teaspoon</unit></amt>
        <item>Parsley sprigs; fresh</item></ing>
      <ing>
        <amt>
          <qty>1/4</qty>
          <unit>teaspoons</unit></amt>
        <item>Ground pepper; fresh</item></ing></ingredients>
    <directions>
      <step>  Recipe by: McDougall Preparation Time: 0:10 Place all ingredients in a jar
  with a tight fitting lid. Shake until well mixed. Keeps well in
  refrigerator.
  From the collection of Sue Smith, S.Smith34, Uploaded June 16, 1994
  File ftp://ftp.idiscover.co.uk/pub/food/mealmaster/recipes/mcdougal.zip
 
</step></directions></recipe></recipeml>
