<?xml version="1.0" encoding="UTF-8"?>

<recipeml version="0.5">
  <recipe>
    <head>
      <title>Vincent Price's Caesar Salad for a Busy Cook</title>
      <categories>
        <cat>Salads</cat></categories>
      <yield>4</yield></head>
    <ingredients>
      <ing>
        <amt>
          <qty>2</qty>
          <unit/></amt>
        <item>Heads romaine lettuce; washed and dried</item></ing>
      <ing>
        <amt>
          <qty>1</qty>
          <unit/></amt>
        <item>Clove garlic;, peeled</item></ing>
      <ing>
        <amt>
          <qty>3/4</qty>
          <unit>cups</unit></amt>
        <item>Olive oil</item></ing>
      <ing>
        <amt>
          <qty>1</qty>
          <unit>dash</unit></amt>
        <item>Cayenne pepper</item></ing>
      <ing>
        <amt>
          <qty>1</qty>
          <unit>dash</unit></amt>
        <item>Tabasco® sauce</item></ing>
      <ing>
        <amt>
          <qty>1</qty>
          <unit>teaspoon</unit></amt>
        <item>Sugar</item></ing>
      <ing>
        <amt>
          <qty>1</qty>
          <unit/></amt>
        <item>10" strip anchovy paste</item></ing>
      <ing>
        <amt>
          <qty/>
          <unit/></amt>
        <item>Freshly ground black pepper</item></ing>
      <ing>
        <amt>
          <qty>1/2</qty>
          <unit>teaspoons</unit></amt>
        <item>Salt</item></ing>
      <ing>
        <amt>
          <qty>1</qty>
          <unit/></amt>
        <item>Whole egg</item></ing>
      <ing>
        <amt>
          <qty>1</qty>
          <unit>large</unit></amt>
        <item>Lemon;, juiced</item></ing>
      <ing>
        <amt>
          <qty/>
          <unit/></amt>
        <item>Freshly grated Parmesan cheese</item></ing>
      <ing>
        <amt>
          <qty/>
          <unit/></amt>
        <item>Croutons</item></ing></ingredients>
    <directions>
      <step>  Place the peeled garlic clove in olive oil in a container with a
  tight-fitting lid; set aside overnight. Remove and discard garlic from oil;
  add cayenne, Tabasco, sugar, and anchovy paste. Shake well to mix; set
  aside. Tear the lettuce leaves into smaller pieces and place in a large
  salad bowl. Sprinkle with salt and pepper. Pour the seasoned oil over all
  and toss gently so that all leaves are well coated. Boil the egg for 1
  minute (bring water to a boil, lower egg into water with a large spoon and
  begin timing). Crack the shell and drop egg into salad. Squeeze lemon juice
  over egg and stir gently into salad. It will have a creamy appearance. Just
  before serving, sprinkle cheese over all and add croutons. Toss lightly to
  mix.
  
  NOTES : This recipe contains a partially-cooked egg.  If you are concerned
  about salmonella, substitute an equivalent amount of Egg Beaters or other
  egg substitute.
  
  Recipe by: Prodigy Food &amp; Wine Board Posted to MC-Recipe Digest V1 #763 by
  Crane Walden &lt;cranew@foothill.net&gt; on Aug 28, 1997
 
</step></directions></recipe></recipeml>
