<?xml version="1.0" encoding="UTF-8"?>

<recipeml version="0.5">
  <recipe>
    <head>
      <title>Vindaloo Beef Curry</title>
      <categories>
        <cat>Indian</cat></categories>
      <yield>2</yield></head>
    <ingredients>
      <ing>
        <amt>
          <qty>10</qty>
          <unit>ounces</unit></amt>
        <item>Boneless beef round</item></ing>
      <ing>
        <amt>
          <qty>2</qty>
          <unit>teaspoons</unit></amt>
        <item>Light margarine</item></ing>
      <ing>
        <amt>
          <qty>1/2</qty>
          <unit>cups</unit></amt>
        <item>Onion; chopped</item></ing>
      <ing>
        <amt>
          <qty>1</qty>
          <unit/></amt>
        <item>Garlic clove; minced</item></ing>
      <ing>
        <amt>
          <qty>1 1/2</qty>
          <unit>teaspoons</unit></amt>
        <item>White vinegar</item></ing>
      <ing>
        <amt>
          <qty>1/4</qty>
          <unit>teaspoons</unit></amt>
        <item>Ground turmeric</item></ing>
      <ing>
        <amt>
          <qty>1/8</qty>
          <unit>teaspoons</unit></amt>
        <item>Ea: cumin; ground ginger</item></ing>
      <ing>
        <amt>
          <qty>1/8</qty>
          <unit>teaspoons</unit></amt>
        <item>Ea: dry mustard; red pepper</item></ing>
      <ing>
        <amt>
          <qty>1/8</qty>
          <unit>teaspoons</unit></amt>
        <item>Ea: black pepper; salt</item></ing>
      <ing>
        <amt>
          <qty>3/4</qty>
          <unit>cups</unit></amt>
        <item>Water</item></ing>
      <ing>
        <amt>
          <qty>2</qty>
          <unit>tablespoons</unit></amt>
        <item>Lemon juice</item></ing>
      <ing>
        <amt>
          <qty>1</qty>
          <unit>cup</unit></amt>
        <item>Cooked white rice; (hot)</item></ing></ingredients>
    <directions>
      <step>  On rack in broiling pan, broil steak, turning once, until rare; cut into
  1-inch cubes. In 1 qt saucepan, heat margarine until bubbly; add onion &amp;
  garlic and saute until onion is translucent. Add vinegar &amp; seasonings and
  stir to combine; add steak and cook, stirring frequently, for 3 minutes.
  Stir in water, cover pan, and let simmer, stirring occasionally, until meat
  is tender, about 1 hr. Stir in lemon juice and serve over rice.
  Posted to TNT Recipes Digest by CarolMc10 &lt;CarolMc10@aol.com&gt; on Apr 28,
  1998
 
</step></directions></recipe></recipeml>
