<?xml version="1.0" encoding="UTF-8"?>

<recipeml version="0.5">
  <recipe>
    <head>
      <title>Beaurita</title>
      <categories>
        <cat>Mixed drink</cat></categories>
      <yield>1</yield></head>
    <ingredients>
      <ing>
        <amt>
          <qty>2</qty>
          <unit>ounces</unit></amt>
        <item>Vodka</item></ing>
      <ing>
        <amt>
          <qty>2</qty>
          <unit>ounces</unit></amt>
        <item>Tequila</item></ing>
      <ing>
        <amt>
          <qty>2</qty>
          <unit>ounces</unit></amt>
        <item>Lime juice</item></ing>
      <ing>
        <amt>
          <qty>2</qty>
          <unit>dashes</unit></amt>
        <item>Tabasco sauce</item></ing>
      <ing>
        <amt>
          <qty>6</qty>
          <unit>ounces</unit></amt>
        <item>Crushed ice</item></ing>
      <ing>
        <amt>
          <qty/>
          <unit/></amt>
        <item>Garnish: jalapeno pepper, li</item></ing>
      <ing>
        <amt>
          <qty/>
          <unit/></amt>
        <item>Salt (for rim of glass)</item></ing></ingredients>
    <directions>
      <step>  Recipe by: Beau Nash Restaurant, Hotel Crescent Court, Dallas Mix
  ingredients in a blender. Pour into salt-rimmed martini glass. Garnish.
  
  From Gemini's MASSIVE MealMaster collection at www.synapse.com/~gemini
 
</step></directions></recipe></recipeml>
