<?xml version="1.0" encoding="UTF-8"?>

<recipeml version="0.5">
  <recipe>
    <head>
      <title>Beaumont Inn Corn Pudding</title>
      <categories>
        <cat>Pudding</cat>
        <cat>Corn</cat></categories>
      <yield>6</yield></head>
    <ingredients>
      <ing>
        <amt>
          <qty>2</qty>
          <unit>cups</unit></amt>
        <item>White whole kernel corn</item></ing>
      <ing>
        <amt>
          <qty>4</qty>
          <unit/></amt>
        <item>Eggs</item></ing>
      <ing>
        <amt>
          <qty>4</qty>
          <unit>ounces</unit></amt>
        <item>Flour</item></ing>
      <ing>
        <amt>
          <qty>1</qty>
          <unit>quart</unit></amt>
        <item>Milk</item></ing>
      <ing>
        <amt>
          <qty>4</qty>
          <unit>teaspoons</unit></amt>
        <item>Sugar</item></ing>
      <ing>
        <amt>
          <qty>2</qty>
          <unit>ounces</unit></amt>
        <item>Butter; melted</item></ing>
      <ing>
        <amt>
          <qty>1</qty>
          <unit>teaspoon</unit></amt>
        <item>Salt</item></ing></ingredients>
    <directions>
      <step>  Recipe by: Beaumont Inn
  
  1. In a casserole dish, mix corn, salt, sugar and butter. Beat eggs and add
  to milk. Stir into the corn mixture. Preheat oven to 450 degrees.
  
  2. Place in oven for 10 minutes. Remove and stir with long prong fork,
  disturbing the top as little as possible.
  
  3. Return to the oven for 10 more minutes. Repeat stirring procedure.
  
  4. Return to oven for 10 more minutes. Repeat stirring procedure.
  
  5. Return to oven for 10 - 15 minutes. Top should be lightly brown and
  pudding should be firm.
  
  Note: This side dish is so popular that we offer it at lunch and dinner
  every day. The 3 step cooking process and the use of white corn makes this
  a different and unique version of this Kentucky classic.
  
  Entered for you by: Bill Webster
  Posted to MC-Recipe Digest V1 #835 by Bill Webster &lt;thelma@pipeline.com&gt; on
  Oct 10, 1997
 
</step></directions></recipe></recipeml>
