<?xml version="1.0" encoding="UTF-8"?>

<recipeml version="0.5">
  <recipe>
    <head>
      <title>Beaumont Inn's Corn Pudding</title>
      <categories>
        <cat>None</cat></categories>
      <yield>1</yield></head>
    <ingredients>
      <ing>
        <amt>
          <qty>2</qty>
          <unit>cups</unit></amt>
        <item>White whole kernel corn; or fresh corn cut off the cob</item></ing>
      <ing>
        <amt>
          <qty>4</qty>
          <unit/></amt>
        <item>Eggs</item></ing>
      <ing>
        <amt>
          <qty>8</qty>
          <unit>tablespoons</unit></amt>
        <item>(level) flour</item></ing>
      <ing>
        <amt>
          <qty>1</qty>
          <unit>quart</unit></amt>
        <item>Milk</item></ing>
      <ing>
        <amt>
          <qty>4</qty>
          <unit>teaspoons</unit></amt>
        <item>(rounded) sugar</item></ing>
      <ing>
        <amt>
          <qty>4</qty>
          <unit>tablespoons</unit></amt>
        <item>Butter; melted</item></ing>
      <ing>
        <amt>
          <qty>1</qty>
          <unit>teaspoon</unit></amt>
        <item>Salt</item></ing></ingredients>
    <directions>
      <step>  Decided to stop lurking for a while and pull my weight with some recipes!
  This was taken from "Beaumont Inn, Special Recipes".
  
  Combine corn, flour, salt, sugar, butter. In a separate bowl beat eggs then
  add milk. Add corn mixture and pour into baking dish. Bake in 450 degree
  oven for 40 minutes. Stir while baking at 10 minute increments, leaving top
  as intact as possible. Roxanna
  
  Posted to recipelu-digest Volume 01 Number 645 by Willam Pender
  &lt;kpender@ficom.net&gt; on Jan 30, 1998
 
</step></directions></recipe></recipeml>
