<?xml version="1.0" encoding="UTF-8"?>

<recipeml version="0.5">
  <recipe>
    <head>
      <title>Beau Monde Marinade</title>
      <categories>
        <cat>Spices</cat>
        <cat>Marinade</cat></categories>
      <yield>1</yield></head>
    <ingredients>
      <ing>
        <amt>
          <qty>1</qty>
          <unit>cup</unit></amt>
        <item>Soy sauce</item></ing>
      <ing>
        <amt>
          <qty>3</qty>
          <unit/></amt>
        <item>Cloves garlic; peeled</item></ing>
      <ing>
        <amt>
          <qty>1</qty>
          <unit>large</unit></amt>
        <item>Onion; chunked up</item></ing>
      <ing>
        <amt>
          <qty>1/4</qty>
          <unit>cups</unit></amt>
        <item>Kitchen bouquet</item></ing>
      <ing>
        <amt>
          <qty>2</qty>
          <unit>teaspoons</unit></amt>
        <item>Spice islands beau monde seasoning</item></ing></ingredients>
    <directions>
      <step>  Put it all in a blender or food processor and blend to a mush. Put in a
  tightly covered glass jar (two reasons: you need to shake it before using,
  and it's pungent). It will keep almost forever in the fridge and is good on
  steaks, pork or lamb chops, or to marinate less tender cuts of meat for
  shish kebob. My favorite is a Spencer (Rib Eye) steak, marinated for about
  a day in this marinade. Bill formatted for MM by Norma Wrenn npxr56b
  Posted to MC-Recipe Digest V1 #1066 by "M. Hicks" &lt;nitro_ii@email.msn.com&gt;
  on Jan 31, 1998
 
</step></directions></recipe></recipeml>
