<?xml version="1.0" encoding="UTF-8"?>

<recipeml version="0.5">
  <recipe>
    <head>
      <title>Beautiful Babka with Rum Sauce</title>
      <categories>
        <cat>Breads</cat>
        <cat>Bread maili</cat></categories>
      <yield>1</yield></head>
    <ingredients>
      <ing>
        <amt>
          <qty>1/4</qty>
          <unit>cups</unit></amt>
        <item>Milk</item></ing>
      <ing>
        <amt>
          <qty>1</qty>
          <unit>package</unit></amt>
        <item>Dry yeast</item></ing>
      <ing>
        <amt>
          <qty>1/4</qty>
          <unit>cups</unit></amt>
        <item>Warm water</item></ing>
      <ing>
        <amt>
          <qty>1/4</qty>
          <unit>cups</unit></amt>
        <item>Sugar</item></ing>
      <ing>
        <amt>
          <qty>1/4</qty>
          <unit>cups</unit></amt>
        <item>Margarine; softened</item></ing>
      <ing>
        <amt>
          <qty>3</qty>
          <unit/></amt>
        <item>Eggs</item></ing>
      <ing>
        <amt>
          <qty>2 1/3</qty>
          <unit>cups</unit></amt>
        <item>Flour; sifted</item></ing>
      <ing>
        <amt>
          <qty>1/4</qty>
          <unit>cups</unit></amt>
        <item>Candied fruit; mixed</item></ing>
      <ing>
        <amt>
          <qty>1/4</qty>
          <unit>cups</unit></amt>
        <item>Raisins; dark</item></ing>
      <ing>
        <amt>
          <qty/>
          <unit/></amt>
        <item>Rum Sauce:</item></ing>
      <ing>
        <amt>
          <qty>1/3</qty>
          <unit>cups</unit></amt>
        <item>Water</item></ing>
      <ing>
        <amt>
          <qty>1/2</qty>
          <unit>cups</unit></amt>
        <item>Sugar</item></ing>
      <ing>
        <amt>
          <qty>2</qty>
          <unit>teaspoons</unit></amt>
        <item>Rum extract</item></ing>
      <ing>
        <amt>
          <qty/>
          <unit/></amt>
        <item>Or rum to taste</item></ing></ingredients>
    <directions>
      <step>  Make sure all ingredients are room temperature. Heat milk in a small
  saucepan until hot and cool to lukewarm. Sprinkle yeast over water in large
  bowl and stir to dissolve. Add the milk, 1/4 cup sugar, softened
  nmargarine, eggs and flour. Beat with electric mixture on low speed until
  smooth and blended. ( nothing to knead ). Cover bowel with a towel and let
  mixture rise in a warm place till bubbly, about one hour. Grease and flour
  mold pan. Stir candied fruit and raisins into dough. Turn into prepared
  mold. Cover and let dough rise to almost top of pan about 1 hour or so.
  Bake in a preheated 350 oven about 30 to 40 minutes or tested done and
  golden. while cake is baking make rum sauce. Heat water to a boil and stir
  in sugar to dissolve. Remove from heat and add extract or some rum to
  taste. Immediately upon removing cake from oven, prick top all over with
  fork and spoon on rum sauce. Let cake stay in pan and cool on rack for 1
  hour. Carefully remove and serve cake warm.
  
  Note 1: for candied fruit haters, use instead some candied cherries or well
  drained and chopped marachino cherries. Note 2: these types of yeast
  recipes tend to stale quickly- best eaten fresh! If not eaten in a day or
  so  freeze uneaten portions .
  From: Bread-Bakers Archives: ftp.best.com/pub/reggie/archives/bread/recipe
  
  Recipe By     : Joan,"Flour Power" &lt;LIR119@delphi.com&gt;
  NOTES : Here is another babka recipe; From my mothers files, and quite
       old.
       Old but delicious nevertheless.
 
</step></directions></recipe></recipeml>
