<?xml version="1.0" encoding="UTF-8"?>

<recipeml version="0.5">
  <recipe>
    <head>
      <title>Beautiful Borscht</title>
      <categories>
        <cat>None</cat></categories>
      <yield>8</yield></head>
    <ingredients>
      <ing>
        <amt>
          <qty>8</qty>
          <unit>medium</unit></amt>
        <item>Beets; scrubbed, trimmed &amp; grated</item></ing>
      <ing>
        <amt>
          <qty>2</qty>
          <unit>cups</unit></amt>
        <item>Shredded cabbage</item></ing>
      <ing>
        <amt>
          <qty>2</qty>
          <unit/></amt>
        <item>Turnips; peeled &amp; sliced</item></ing>
      <ing>
        <amt>
          <qty>2</qty>
          <unit/></amt>
        <item>Carrots; scrubbed &amp; sliced</item></ing>
      <ing>
        <amt>
          <qty>2</qty>
          <unit>cups</unit></amt>
        <item>Chopped onion</item></ing>
      <ing>
        <amt>
          <qty>2</qty>
          <unit>tablespoons</unit></amt>
        <item>Margarine</item></ing>
      <ing>
        <amt>
          <qty>1</qty>
          <unit>teaspoon</unit></amt>
        <item>Caraway seeds</item></ing>
      <ing>
        <amt>
          <qty>2</qty>
          <unit>quarts</unit></amt>
        <item>Stock or water; (up to 3)</item></ing>
      <ing>
        <amt>
          <qty>1</qty>
          <unit>teaspoon</unit></amt>
        <item>Dried dill; (or 2 tablespoons fresh)</item></ing>
      <ing>
        <amt>
          <qty>1/2</qty>
          <unit>cups</unit></amt>
        <item>Cider vinegar</item></ing>
      <ing>
        <amt>
          <qty>1</qty>
          <unit>tablespoon</unit></amt>
        <item>Honey</item></ing>
      <ing>
        <amt>
          <qty>1</qty>
          <unit>cup</unit></amt>
        <item>Tomato puree</item></ing>
      <ing>
        <amt>
          <qty>1/2</qty>
          <unit>cups</unit></amt>
        <item>Orange juice</item></ing>
      <ing>
        <amt>
          <qty>1/4</qty>
          <unit>teaspoons</unit></amt>
        <item>Paprika</item></ing>
      <ing>
        <amt>
          <qty/>
          <unit/></amt>
        <item>Salt to taste</item></ing></ingredients>
    <directions>
      <step>  Source: "Garden Fresh Cooking" Organic Gardening Magazine, January, 1998
  
  Scrub the beets and trim off their tails and crowns. Chop, shred or slice
  the other vegetables. Beets can be messy, so grate them last (and don't
  wear a white shirt!). In a large stockpot, saute the onion in margarine for
  a few minutes, then add the caraway and the rest of the vegetables. Add the
  stock and the remaining ingredients. Cover and simmer for 40 to 45 minutes,
  testing occasionally for doneness. If you use fresh dill, add it at the
  very end. Once cooked, you can puree this soup in a blender or food
  processor for more delicate texture. Serve hot, garnished with a dollop of
  sour cream or a sprig of dill.
  
  Per serving: 110 calories; 0.361 grams fat (3% of calories); 3.5 grams
  dietary fiber; 0 mg of cholesterol; 653 mg of sodium
  
  Posted to JEWISH-FOOD digest Volume 98 #035 by Keter &amp; Elisheva
  &lt;lruggles@memphisonline.com&gt; on Jan 19, 1998
 
</step></directions></recipe></recipeml>
