<?xml version="1.0" encoding="UTF-8"?>

<recipeml version="0.5">
  <recipe>
    <head>
      <title>Beaver Tail Ala Denny</title>
      <categories>
        <cat>Meats</cat></categories>
      <yield>4</yield></head>
    <ingredients>
      <ing>
        <amt>
          <qty>4</qty>
          <unit/></amt>
        <item>Beaver tails</item></ing>
      <ing>
        <amt>
          <qty>1</qty>
          <unit/></amt>
        <item>Onion</item></ing>
      <ing>
        <amt>
          <qty>1</qty>
          <unit>tablespoon</unit></amt>
        <item>Butter</item></ing>
      <ing>
        <amt>
          <qty>2</qty>
          <unit>tablespoons</unit></amt>
        <item>Prepared mustard</item></ing>
      <ing>
        <amt>
          <qty>1</qty>
          <unit>cup</unit></amt>
        <item>Sherry</item></ing>
      <ing>
        <amt>
          <qty>1</qty>
          <unit>dash</unit></amt>
        <item>Tabasco sauce</item></ing>
      <ing>
        <amt>
          <qty>3</qty>
          <unit>cups</unit></amt>
        <item>Barbecue sauce</item></ing>
      <ing>
        <amt>
          <qty/>
          <unit/></amt>
        <item>Grated parmesan cheese</item></ing></ingredients>
    <directions>
      <step>  Place whole beaver tails on barbecue or oven broiler rack until scaly skin
  blisters.  Let cool in freezer compartment.  Remove cold blistered skin and
  discard.  Put white meat aside.  In shallow roasting pan, saute onion in
  butter until clear, stir in mustard to coat onions, then stir in sherry,
  tabasco sauce and half of barbecue sauce, making sure bottom of pan is
  covered.  Spread out beaver tails in pan, cover with remaining barbecue
  sauce, sprinkle with cheese, and bake in 450-degree oven for 45 minutes.
  Serve hot with wild or ordinary rice topped with generous spoonfuls of
  remaining sauce.
  
  Posted to MealMaster Recipes List, Digest #155
  
  Date: Tue, 4 Jun 1996 08:16:48 -0400
  
  From: FSpoerl@aol.com
 
</step></directions></recipe></recipeml>
