<?xml version="1.0" encoding="UTF-8"?>

<recipeml version="0.5">
  <recipe>
    <head>
      <title>Beaver in Sour Cream</title>
      <categories>
        <cat>Game</cat>
        <cat>Canadian</cat></categories>
      <yield>1</yield></head>
    <ingredients>
      <ing>
        <amt>
          <qty>1</qty>
          <unit/></amt>
        <item>Beaver, skinned and cleaned</item></ing>
      <ing>
        <amt>
          <qty>1/2</qty>
          <unit>cups</unit></amt>
        <item>Vinegar</item></ing>
      <ing>
        <amt>
          <qty>1</qty>
          <unit>tablespoon</unit></amt>
        <item>Salt</item></ing>
      <ing>
        <amt>
          <qty>2</qty>
          <unit>quarts</unit></amt>
        <item>Water</item></ing>
      <ing>
        <amt>
          <qty>2</qty>
          <unit>teaspoons</unit></amt>
        <item>Soda</item></ing>
      <ing>
        <amt>
          <qty>1/2</qty>
          <unit>cups</unit></amt>
        <item>Flour</item></ing>
      <ing>
        <amt>
          <qty>1</qty>
          <unit>teaspoon</unit></amt>
        <item>Salt</item></ing>
      <ing>
        <amt>
          <qty>1/4</qty>
          <unit>teaspoons</unit></amt>
        <item>Paprika</item></ing>
      <ing>
        <amt>
          <qty>1/4</qty>
          <unit>cups</unit></amt>
        <item>Butter</item></ing>
      <ing>
        <amt>
          <qty>1</qty>
          <unit>medium</unit></amt>
        <item>Onion, sliced</item></ing>
      <ing>
        <amt>
          <qty>1/2</qty>
          <unit>cups</unit></amt>
        <item>Water</item></ing>
      <ing>
        <amt>
          <qty>1</qty>
          <unit>cup</unit></amt>
        <item>Sour cream</item></ing></ingredients>
    <directions>
      <step>  1. Soak beaver overnight in solution of 1/2 cup
  vinegar and 1 tablespoon
     salt in cold water to cover.
  2. The next day, remove the beaver from the brine,
  wash anc cover with
     solution of 2 teaspoons soda to 2 quarts of water.
  Bring to a boil,
     reduce heat and simmer 10 minutes.
  3. Drain and rinse beaver and cut into serving pieces.
  4. Dredge each piece of meat thoroughly in the
  seasoned flour. 5. Melt butter in a heavy fry pan and
  brown the pieces of meat. 6. Transfer meat to a
  greased casserole, slice onions over top, add water
     and bake at 325 degrees F. until tender.
  7. When meat is almost tender, add 1 cup sour cream to
  the casserole. Stir
     well and continue cooking until tender. Serves 4.
  
  From Gemini's MASSIVE MealMaster collection at www.synapse.com/~gemini
 
</step></directions></recipe></recipeml>
