<?xml version="1.0" encoding="UTF-8"?>

<recipeml version="0.5">
  <recipe>
    <head>
      <title>Bebe's Super Stuffed Potatoes</title>
      <categories>
        <cat>Vegetable</cat></categories>
      <yield>6</yield></head>
    <ingredients>
      <ing>
        <amt>
          <qty>6</qty>
          <unit>large</unit></amt>
        <item>Potatoes</item></ing>
      <ing>
        <amt>
          <qty>1</qty>
          <unit>pound</unit></amt>
        <item>American cheese; grated</item></ing>
      <ing>
        <amt>
          <qty>1</qty>
          <unit>can</unit></amt>
        <item>(large) evaporated milk</item></ing>
      <ing>
        <amt>
          <qty>1</qty>
          <unit>large</unit></amt>
        <item>Onion; chopped fine</item></ing>
      <ing>
        <amt>
          <qty/>
          <unit/></amt>
        <item>Salt &amp; pepper to taste</item></ing></ingredients>
    <directions>
      <step>  Wash and dry potatoes. Wrap in aluminum foil and bake 60 minutes in 400
  degree oven or until tender. Remove and allow to cool slightly. With sharp
  knife shave off small slice through potato and foil. This will allow a
  small hole to scoop out and re-stuff potatoes. Scoop out potatoes
  carefully. Mash scooped-out potatoes and whip together with grated cheese
  and onion. Add milk only to moisten. Whipping with mixer will make stuffing
  fluffy. Add salt and pepper. Stuff into foil-wrapped shells. Garnish tops
  with grated cheese and parsley flakes. Bake in a 350 degree oven until
  cheese browns. Serve right out of the oven. Serves 6.
  
  From &lt;A Taste of Louisiana&gt;.  Downloaded from Glen's MM Recipe Archive,
  http://www.erols.com/hosey.
 
</step></directions></recipe></recipeml>
