<?xml version="1.0" encoding="UTF-8"?>

<recipeml version="0.5">
  <recipe>
    <head>
      <title>Becamel Sauce</title>
      <categories>
        <cat>Sauces</cat></categories>
      <yield>1</yield></head>
    <ingredients>
      <ing>
        <amt>
          <qty>8</qty>
          <unit>ounces</unit></amt>
        <item>Butter</item></ing>
      <ing>
        <amt>
          <qty>8</qty>
          <unit>ounces</unit></amt>
        <item>Flour</item></ing>
      <ing>
        <amt>
          <qty>1</qty>
          <unit>gallon</unit></amt>
        <item>Milk</item></ing>
      <ing>
        <amt>
          <qty>1</qty>
          <unit/></amt>
        <item>Onion</item></ing>
      <ing>
        <amt>
          <qty>4</qty>
          <unit/></amt>
        <item>Bay leaf</item></ing>
      <ing>
        <amt>
          <qty>1</qty>
          <unit>pinch</unit></amt>
        <item>Kosher salt</item></ing>
      <ing>
        <amt>
          <qty>1</qty>
          <unit>pinch</unit></amt>
        <item>Nutmeg</item></ing>
      <ing>
        <amt>
          <qty>1</qty>
          <unit>pinch</unit></amt>
        <item>White pepper</item></ing>
      <ing>
        <amt>
          <qty>1</qty>
          <unit>tablespoon</unit></amt>
        <item>Black peppercorns</item></ing>
      <ing>
        <amt>
          <qty>1</qty>
          <unit>pinch</unit></amt>
        <item>Cayenne</item></ing>
      <ing>
        <amt>
          <qty>4</qty>
          <unit/></amt>
        <item>Clove</item></ing></ingredients>
    <directions>
      <step>  1. Heat butter, add flour to make a roux.
  
  2. Scald milk, gradually add to roux, whisking steadily.
  
  3. Bring to a boil, stirring, reduce heat to a simmer.
  
  4. cut onion in half, make a slice in each half, insert a bay leaf in each
  half. stick 2 cloves in each half. Add to sauce &amp; simmer for 20 minutes,
  keep stirring, if too thick add more milk.
  
  5. Season lightly. Spices should not dominate sauce.
  
  5. remove clove &amp; bay leaf from onion, puree sauce.
  
  6. strain through cheesecloth or a semi - fime mesh colander. This is a
  thick sauce.
  
  NOTES : YIELD 1 gallon
  
  Recipe by: S.C.I.
  
  Posted to recipelu-digest Volume 01 Number 524 by CuisineArt
  &lt;CuisineArt@aol.com&gt; on Jan 14, 1998
 
</step></directions></recipe></recipeml>
