<?xml version="1.0" encoding="UTF-8"?>

<recipeml version="0.5">
  <recipe>
    <head>
      <title>Bechinalt</title>
      <categories>
        <cat>Chicken</cat>
        <cat>Soups</cat></categories>
      <yield>4</yield></head>
    <ingredients>
      <ing>
        <amt>
          <qty>2</qty>
          <unit>pounds</unit></amt>
        <item>Gizzards</item></ing>
      <ing>
        <amt>
          <qty/>
          <unit/></amt>
        <item>Salt</item></ing>
      <ing>
        <amt>
          <qty/>
          <unit/></amt>
        <item>Pepper, black</item></ing>
      <ing>
        <amt>
          <qty>4</qty>
          <unit>tablespoons</unit></amt>
        <item>Flour</item></ing>
      <ing>
        <amt>
          <qty>4</qty>
          <unit>tablespoons</unit></amt>
        <item>Butter</item></ing>
      <ing>
        <amt>
          <qty>3</qty>
          <unit/></amt>
        <item>Garlic clove; minced</item></ing></ingredients>
    <directions>
      <step>  Calories     per serving: 316 Fat grams per serving: 12 Approx. Cook Time:
  1:30
  
  Place the gizzards in a large saucepan with water to cover; salt and pepper
  to taste. Bring to a boil, and simmer 20 minutes or until the gizzards are
  done. Drain the gizzards, reserving the broth, and chop them into
  bite-sized pieces. Skim the broth.
  
  Make a light roux of the flour and butter, then add the garlic. Bring the
  reserved broth back to a boil, then pour about a cup of the boiling broth
  into the roux, stirring constantly. When the mixture thickens, gradually
  pour in enough of the broth to make a cream-soup consistency, stirring
  constantly. Return the gizzard pieces to the stew, and heat a few minutes.
  Serve with challah.
 
</step></directions></recipe></recipeml>
