<?xml version="1.0" encoding="UTF-8"?>

<recipeml version="0.5">
  <recipe>
    <head>
      <title>Bechamel Sauce</title>
      <categories>
        <cat>Sauces</cat></categories>
      <yield>1</yield></head>
    <ingredients>
      <ing>
        <amt>
          <qty>1/3</qty>
          <unit>cups</unit></amt>
        <item>Butter (3/4 stick)</item></ing>
      <ing>
        <amt>
          <qty>2</qty>
          <unit>tablespoons</unit></amt>
        <item>Corn Starch</item></ing>
      <ing>
        <amt>
          <qty>2</qty>
          <unit>cups</unit></amt>
        <item>Milk</item></ing>
      <ing>
        <amt>
          <qty>1/4</qty>
          <unit>cups</unit></amt>
        <item>Parmesan Cheese</item></ing>
      <ing>
        <amt>
          <qty/>
          <unit/></amt>
        <item>Egg, whipped</item></ing></ingredients>
    <directions>
      <step>  In a warm saucepan melt butter. Remove from heat and wisk in Corn starch
  until well blended. Return to heat and wisk in 2 cups of Milk (one at a
  time), continue until sauce thickens.
  
  Remove from heat and wisk in Parmesan Cheese, then fold in one whipped egg.
  
  * Keep heat fairly low.
  
  From: John Soanes                     Date: 10-07-93
  
  From Gemini's MASSIVE MealMaster collection at www.synapse.com/~gemini
 
</step></directions></recipe></recipeml>
