<?xml version="1.0" encoding="UTF-8"?>

<recipeml version="0.5">
  <recipe>
    <head>
      <title>Bechamel or Veloute Sauce</title>
      <categories>
        <cat>None</cat></categories>
      <yield>1</yield></head>
    <ingredients>
      <ing>
        <amt>
          <qty>4</qty>
          <unit>tablespoons</unit></amt>
        <item>Butter</item></ing>
      <ing>
        <amt>
          <qty>5</qty>
          <unit>tablespoons</unit></amt>
        <item>Flour</item></ing>
      <ing>
        <amt>
          <qty>2 3/4</qty>
          <unit>cups</unit></amt>
        <item>Hot milk or chicken broth</item></ing>
      <ing>
        <amt>
          <qty/>
          <unit/></amt>
        <item>Salt and freshly ground black pepper</item></ing>
      <ing>
        <amt>
          <qty>1/4</qty>
          <unit>cups</unit></amt>
        <item>Light cream</item></ing>
      <ing>
        <amt>
          <qty>3/4</qty>
          <unit>cups</unit></amt>
        <item>Grated Swiss cheese or Fontina</item></ing></ingredients>
    <directions>
      <step>  Heat butter and add flour. Cook slowly for a minute or two. Add the hot
  liquid and bring to a boil,
  
  stirring continuously. Season to taste with salt and pepper; beat in cream.
  Off heat, add cheese and
  
  adjust the seasoning.
  
  Yield: 3 cups of sauce
  Recipe By     : COOKING MONDAY TO FRIDAY SHOW #MF6738
  
  Posted to MC-Recipe Digest V1 #272
  
  Date: Thu, 31 Oct 1996 17:39:56 -0500
  
  From: Gail Shermeyer &lt;4paws@netrax.net&gt;
 
</step></directions></recipe></recipeml>
