<?xml version="1.0" encoding="UTF-8"?>

<recipeml version="0.5">
  <recipe>
    <head>
      <title>Bechamel Sauce</title>
      <categories>
        <cat>Sauces</cat></categories>
      <yield>1</yield></head>
    <ingredients>
      <ing>
        <amt>
          <qty>2</qty>
          <unit/></amt>
        <item>Onions</item></ing>
      <ing>
        <amt>
          <qty>1 1/2</qty>
          <unit>ounces</unit></amt>
        <item>Butter</item></ing>
      <ing>
        <amt>
          <qty>1 1/4</qty>
          <unit>ounces</unit></amt>
        <item>Flour</item></ing>
      <ing>
        <amt>
          <qty>1 1/2</qty>
          <unit>cups</unit></amt>
        <item>Calfs Broth</item></ing>
      <ing>
        <amt>
          <qty>2 1/8</qty>
          <unit>cups</unit></amt>
        <item>Milk</item></ing>
      <ing>
        <amt>
          <qty/>
          <unit/></amt>
        <item>Salt</item></ing>
      <ing>
        <amt>
          <qty/>
          <unit/></amt>
        <item>Pepper,white</item></ing>
      <ing>
        <amt>
          <qty/>
          <unit/></amt>
        <item>Nutmeg</item></ing></ingredients>
    <directions>
      <step>  1. Chop the onions finely, saute them in the butter until glassy. 2. Add
  the flour and stirring constantly until flour is light yellow. 3. Add the
  milk and the broth;mix with a whisk so you have no clumps. 4. Let the sauce
  simmer, on low heat, for 20 minutes. 5. Season and pour through a sieve.
     This sauce is good over cauliflower,potatoes and broccoli.
  
  Translated by Brigitte Sealing Cyberealm BBS Watertown NY 315-786-1120
  Posted to MM-Recipes Digest V3 #294
  
  Date: Sun, 27 Oct 1996 07:17:50 -0600
  
  From: netdir@cyberspc.mb.ca (S.Pickell)
 
</step></directions></recipe></recipeml>
