<?xml version="1.0" encoding="UTF-8"?>

<recipeml version="0.5">
  <recipe>
    <head>
      <title>Bechamel Sauce (Emeril)</title>
      <categories>
        <cat>New</cat>
        <cat>Text</cat>
        <cat>Import</cat></categories>
      <yield>1</yield></head>
    <ingredients>
      <ing>
        <amt>
          <qty>1/4</qty>
          <unit>cups</unit></amt>
        <item>Oil</item></ing>
      <ing>
        <amt>
          <qty>1/4</qty>
          <unit>cups</unit></amt>
        <item>Flour</item></ing>
      <ing>
        <amt>
          <qty>1/2</qty>
          <unit>teaspoons</unit></amt>
        <item>Salt, freshly-ground white pepper; and grated nutmeg</item></ing>
      <ing>
        <amt>
          <qty>15 1/2</qty>
          <unit>cups</unit></amt>
        <item>Milk</item></ing></ingredients>
    <directions>
      <step>  In a saucepan combine oil and flour, stirring it to a smooth paste. Cook
  over low heat, stirring constantly, 4 minutes, without letting the roux
  brown. Gradually add milk, whisking constantly, and season to taste with
  salt, pepper and nutmeg. Cook for 5 minutes, stirring constantly. If sauce
  has any lumps, strain it before using.
  
  Yield: About 4 cups
  Recipe By     :ESSENCE OF EMERIL SHOW#EE123
  
  Posted to MC-Recipe Digest V1 #302
  
  Date: Thu, 14 Nov 1996 22:27:19 -0500
  
  From: Meg Antczak &lt;meginny@frontiernet.net&gt;
 
</step></directions></recipe></recipeml>
