<?xml version="1.0" encoding="UTF-8"?>

<recipeml version="0.5">
  <recipe>
    <head>
      <title>Becky's Wedding Punch</title>
      <categories>
        <cat>Beverage</cat></categories>
      <yield>1</yield></head>
    <ingredients>
      <ing>
        <amt>
          <qty>2</qty>
          <unit>cans</unit></amt>
        <item>(12-oz) frozen pink (or yellow) lemonade concentrate</item></ing>
      <ing>
        <amt>
          <qty>1</qty>
          <unit>can</unit></amt>
        <item>(12-oz) frozen limeade concentrate</item></ing>
      <ing>
        <amt>
          <qty>1</qty>
          <unit>can</unit></amt>
        <item>(46-oz) pineapple juice</item></ing>
      <ing>
        <amt>
          <qty>3</qty>
          <unit/></amt>
        <item>Lemonade cans cold water</item></ing>
      <ing>
        <amt>
          <qty>1</qty>
          <unit/></amt>
        <item>Bottle (2-liter) 7-up (or your favorite)</item></ing>
      <ing>
        <amt>
          <qty>This</qty>
          <unit>is</unit></amt>
        <item>our family's favorite non-alcoholic punch.  It was originally from</item></ing></ingredients>
    <directions>
      <step>  the home economist at the Oregon Journal, but we call it
  
   Mix it all together, add some pretty ice rings, mint leaves, etc. for
  decoration.  Makes about 6 quarts.
  
   Nice refreshing lime/pineapple taste, easy to keep extra makings in
  reserve.  Happy wedding!
  
  KWARNER@HALCYON.COM
  
  (KATHY WARNER)
  
  REC.FOOD.RECIPES
  
  From rec.food.cooking archives.  Downloaded from Glen's MM Recipe Archive,
  http://www.erols.com/hosey.
 
</step></directions></recipe></recipeml>
