<?xml version="1.0" encoding="UTF-8"?>

<recipeml version="0.5">
  <recipe>
    <head>
      <title>Becky's Favorite Rum Cake</title>
      <categories>
        <cat>Cakes</cat></categories>
      <yield>10</yield></head>
    <ingredients>
      <ing-div>
        <title>CAKE</title>
        <ing>
          <amt>
            <qty>1</qty>
            <unit>cup</unit></amt>
          <item>Pecans; chopped</item></ing>
        <ing>
          <amt>
            <qty>3</qty>
            <unit/></amt>
          <item>Eggs</item></ing>
        <ing>
          <amt>
            <qty>1/3</qty>
            <unit>cups</unit></amt>
          <item>Oil</item></ing>
        <ing>
          <amt>
            <qty>18 1/2</qty>
            <unit>ounces</unit></amt>
          <item>Yellow cake mix</item></ing>
        <ing>
          <amt>
            <qty>1/2</qty>
            <unit>cups</unit></amt>
          <item>;Water, cold</item></ing>
        <ing>
          <amt>
            <qty>1/2</qty>
            <unit>cups</unit></amt>
          <item>Rum, dark (80 proof)</item></ing></ing-div>
      <ing-div>
        <title>GLAZE</title>
        <ing>
          <amt>
            <qty>1/4</qty>
            <unit>pounds</unit></amt>
          <item>Butter</item></ing>
        <ing>
          <amt>
            <qty>1</qty>
            <unit>cup</unit></amt>
          <item>Sugar, granulated</item></ing>
        <ing>
          <amt>
            <qty>1/4</qty>
            <unit>cups</unit></amt>
          <item>;Water</item></ing>
        <ing>
          <amt>
            <qty>1/2</qty>
            <unit>cups</unit></amt>
          <item>Rum, dark (80 proof)</item></ing></ing-div></ingredients>
    <directions>
      <step>  Preheat oven to 325F. Grease and flour 10" tube or 12-cup Bundt pan.
  Sprinkle nuts over bottom of pan. Mix all cake ingredients together. Pour
  batter over nuts. Bake 1 hour. Cool. Invert on serving plate. Prick top.
  Spoon and brush glaze evenly over top and sides. Allow cake to absorb
  glaze. repeat till glaze is used up.
  
  Glaze: Melt butter in saucepan. Stir in water and sugar. Boil 5 minutes,
  stirring constantly. Remove from heat. Stir in rum.
  
  Optional: Decorate with border of sugar frosting or whipped cream.
  
  From Gemini's MASSIVE MealMaster collection at www.synapse.com/~gemini
 
</step></directions></recipe></recipeml>
