<?xml version="1.0" encoding="UTF-8"?>

<recipeml version="0.5">
  <recipe>
    <head>
      <title>Becsinalt Fogolyleves (Quail Soup)</title>
      <categories>
        <cat>Soups/stews</cat>
        <cat>Game</cat>
        <cat>Poultry</cat>
        <cat>Hungary</cat>
        <cat>Submitted</cat></categories>
      <yield>6</yield></head>
    <ingredients>
      <ing>
        <amt>
          <qty>3</qty>
          <unit/></amt>
        <item>Quail</item></ing>
      <ing>
        <amt>
          <qty>1</qty>
          <unit>tablespoon</unit></amt>
        <item>Butter, unsalted</item></ing>
      <ing>
        <amt>
          <qty>1</qty>
          <unit>tablespoon</unit></amt>
        <item>Lard</item></ing>
      <ing>
        <amt>
          <qty>2</qty>
          <unit/></amt>
        <item>Carrots; sliced</item></ing>
      <ing>
        <amt>
          <qty>1</qty>
          <unit>small</unit></amt>
        <item>Onions; sliced</item></ing>
      <ing>
        <amt>
          <qty>1</qty>
          <unit>cup</unit></amt>
        <item>Peas; shelled</item></ing>
      <ing>
        <amt>
          <qty>4</qty>
          <unit/></amt>
        <item>Mushroom caps; sliced Boletus if possible</item></ing>
      <ing>
        <amt>
          <qty>2</qty>
          <unit>tablespoons</unit></amt>
        <item>Flour, all-purpose</item></ing>
      <ing>
        <amt>
          <qty>1</qty>
          <unit>teaspoon</unit></amt>
        <item>Parlsey, flat; chopped</item></ing>
      <ing>
        <amt>
          <qty>1</qty>
          <unit>pinch</unit></amt>
        <item>Salt</item></ing>
      <ing>
        <amt>
          <qty>6</qty>
          <unit>cups</unit></amt>
        <item>Stock, meat</item></ing>
      <ing>
        <amt>
          <qty>1/4</qty>
          <unit>cups</unit></amt>
        <item>Sour cream</item></ing></ingredients>
    <directions>
      <step>    Clean quail and cut into serving pieces. Melt butter and lart in soup
  pot. Brown quail very rapidly for a few minutes; then add vegetables,
  mushrooms and 1/2 cup water.
    Cook slowly, uncovered, until water almost disappears. By this time,
  quail should be quite done.
    Add flour, parsley and salt; stir well. Add meat stock; bring to a boil.
  Cook over very low heat for a few more minutes.
    Just before serving, mix in the sour cream. Serve liver dumplings or
  marrow dumpling in the soup.
    MM and upload by DonW1948@aol.com / CH
  
  File ftp://ftp.idiscover.co.uk/pub/food/mealmaster/recipes/mmdja006.zip
 
</step></directions></recipe></recipeml>
