<?xml version="1.0" encoding="UTF-8"?>

<recipeml version="0.5">
  <recipe>
    <head>
      <title>Bed of Wilted Greens for Grilled Meat</title>
      <categories>
        <cat>Vegetable</cat></categories>
      <yield>4</yield></head>
    <ingredients>
      <ing-div>
        <title>FOR DRESSING</title>
        <ing>
          <amt>
            <qty>3</qty>
            <unit>tablespoons</unit></amt>
          <item>Fresh orange juice</item></ing>
        <ing>
          <amt>
            <qty>2</qty>
            <unit>tablespoons</unit></amt>
          <item>Soy sauce; low sodium</item></ing>
        <ing>
          <amt>
            <qty>1</qty>
            <unit>tablespoon</unit></amt>
          <item>Honey</item></ing>
        <ing>
          <amt>
            <qty>2</qty>
            <unit>teaspoons</unit></amt>
          <item>Salad oil</item></ing>
        <ing>
          <amt>
            <qty>1</qty>
            <unit>teaspoon</unit></amt>
          <item>Sesame oil</item></ing>
        <ing>
          <amt>
            <qty>1/2</qty>
            <unit>teaspoons</unit></amt>
          <item>Fresh ginger root; grated</item></ing></ing-div>
      <ing-div>
        <title>FOR THE SALAD</title>
        <ing>
          <amt>
            <qty>6</qty>
            <unit>cups</unit></amt>
          <item>Mixed young greens; torn</item></ing>
        <ing>
          <amt>
            <qty>1</qty>
            <unit>small</unit></amt>
          <item>Fresh red bell pepper; cut into thin strips</item></ing>
        <ing>
          <amt>
            <qty>1</qty>
            <unit>medium</unit></amt>
          <item>Orange or tangerine; peeled and sectioned</item></ing>
        <ing>
          <amt>
            <qty/>
            <unit/></amt>
          <item>Long strands of orange peel</item></ing></ing-div>
      <ing-div>
        <title>SUGGESTIONS FOR MEAT ENTREE</title>
        <ing>
          <amt>
            <qty/>
            <unit/></amt>
          <item>Chicken breast; boned and skinned</item></ing>
        <ing>
          <amt>
            <qty/>
            <unit/></amt>
          <item>Salmon or swordfish steak</item></ing>
        <ing>
          <amt>
            <qty/>
            <unit/></amt>
          <item>Pork snitzel</item></ing>
        <ing>
          <amt>
            <qty/>
            <unit/></amt>
          <item>Cornmeal breading</item></ing></ing-div></ingredients>
    <directions>
      <step>  From: PatH &lt;phannema@wizard.ucr.edu&gt;
  
  Date: Wed, 15 May 1996 19:31:13 -0700 (PDT)
  
  Recipe by: BH&amp;G, Low-Fat &amp; Luscious, 1996 Combine the dressing ingredients
  In a small bowl.  For the greens, use a combination of spinach, mustard,
  collard, beet, chard,  and/ or radicchio. Avoid older, tougher leaves.
  Remove rib from chard if too old.  Tear large pieces (larger than 3
  inches), placing them and the orange sections in a large bowl. In a large
  skillet, bring salad dressing mixture to boiling.  Add red pepper strips.
  Remove skillet from heat.  Pour hot mixture over the greens, tossing to
  mix.  To serve with a grilled meat or fish steak...  arrange some greens on
  individual dinner plate.  Arrange some of the red pepper slices around the
  outside (perimeter).  Place meat in center.  Make a fan of 3 orange
  sections on the greens and garnish with zest strands or curls. Drizzle a
  spoonful of the dressing on top of the grilled entree.
  
  MC-RECIPE@MASTERCOOK.COM
  
  MASTERCOOK RECIPES LIST SERVER
  
  MC-RECIPE DIGEST V1 #87
  
  From the MasterCook recipe list.  Downloaded from Glen's MM Recipe Archive,
  http://www.erols.com/hosey.
 
</step></directions></recipe></recipeml>
