<?xml version="1.0" encoding="UTF-8"?>

<recipeml version="0.5">
  <recipe>
    <head>
      <title>Beef and Broccoli Stir-Fry</title>
      <categories>
        <cat>Main dish</cat>
        <cat>Beef</cat></categories>
      <yield>4</yield></head>
    <ingredients>
      <ing-div>
        <title/>
        <ing>
          <amt>
            <qty/>
            <unit/></amt>
          <item>Quick-cooking brown rice</item></ing>
        <ing>
          <amt>
            <qty>1</qty>
            <unit>tablespoon</unit></amt>
          <item>Plus 1 teaspoon vegetable oil</item></ing>
        <ing>
          <amt>
            <qty>1</qty>
            <unit>pound</unit></amt>
          <item>Beef strips for stir-fry (such as beef round steak)</item></ing>
        <ing>
          <amt>
            <qty>3</qty>
            <unit>teaspoons</unit></amt>
          <item>Cornstarch, divided</item></ing>
        <ing>
          <amt>
            <qty>2</qty>
            <unit/></amt>
          <item>Cloves garlic, minced</item></ing>
        <ing>
          <amt>
            <qty>1/4</qty>
            <unit>teaspoons</unit></amt>
          <item>To 1/2 teaspoon red pepper flakes</item></ing>
        <ing>
          <amt>
            <qty>1</qty>
            <unit/></amt>
          <item>Sweet onion, halved and sliced</item></ing>
        <ing>
          <amt>
            <qty>1</qty>
            <unit/></amt>
          <item>Bag (8 oz.) fresh broccoli florets</item></ing>
        <ing>
          <amt>
            <qty>1/2</qty>
            <unit>cups</unit></amt>
          <item>Stir-Fry Sauce (recipe follows)</item></ing>
        <ing>
          <amt>
            <qty>1/2</qty>
            <unit>cups</unit></amt>
          <item>Chicken broth</item></ing>
        <ing>
          <amt>
            <qty>1</qty>
            <unit>bunch</unit></amt>
          <item>(3 cups) watercress</item></ing></ing-div>
      <ing-div>
        <title>STIR FRY SAUCE</title>
        <ing>
          <amt>
            <qty>1</qty>
            <unit>cup</unit></amt>
          <item>Reduced-sodium soy sauce</item></ing>
        <ing>
          <amt>
            <qty>1/3</qty>
            <unit>cups</unit></amt>
          <item>Dry sherry</item></ing>
        <ing>
          <amt>
            <qty>4</qty>
            <unit>teaspoons</unit></amt>
          <item>Grated fresh ginger</item></ing>
        <ing>
          <amt>
            <qty>2</qty>
            <unit>teaspoons</unit></amt>
          <item>Sugar</item></ing></ing-div></ingredients>
    <directions>
      <step>  1. Prepare brown rice according to package directions for 4 servings.
  
  2. Meanwhile, heat 1 tablespoon oil in large, deep skillet or wok over high
  heat until shimmering. Toss beef with 2 teaspoons cornstarch in medium
  bowl. Add to skillet and cook, stirring, until no longer pink, 1 to 2
  minutes. With slotted spoon, transfer to clean bowl.
  
  3. Add remaining 1 teaspoon oil to skillet. Add garlic, red pepper flakes
  and onion; cook, stirring, 30 seconds. Stir in broccoli and Stir-Fry Sauce.
  Dissolve remaining 1 teaspoon cornstarch in chicken broth; add to skillet
  and cook, stirring occasionally, until broccoli is tender, 5 minutes.
  
  4. Return beef to skillet with watercress and cook, stirring, 1 minute
  more. Serve with brown rice. Makes 4 servings.
  
  STIR-FRY SAUCE: Combine all ingredients in jar with tight-fitting lid. Stir
  until sugar is dissolved. Refrigerate up to 2 weeks. Shake before using.
  Makes
    1 1/2    cups.
  
  PER SERVING: Calories 440, Total Fat 21 g, Saturated Fat 6 g, Cholesterol
  71 mg, Sodium 1,052 mg, Carbohydrates 35 g, Protein 30 g
  
  Recipe by Cathy Luchetti's Hot Flash Cookbook
  Posted to MM-Recipes Digest  by Julie Bertholf &lt;jewel1@ix.netcom.com&gt; on
  Jun 03, 1998
 
</step></directions></recipe></recipeml>
