<?xml version="1.0" encoding="UTF-8"?>

<recipeml version="0.5">
  <recipe>
    <head>
      <title>Beef and Broccoli</title>
      <categories>
        <cat>Meat</cat></categories>
      <yield>8</yield></head>
    <ingredients>
      <ing>
        <amt>
          <qty>1</qty>
          <unit>teaspoon</unit></amt>
        <item>Garlic powder</item></ing>
      <ing>
        <amt>
          <qty>1</qty>
          <unit>teaspoon</unit></amt>
        <item>Salt</item></ing>
      <ing>
        <amt>
          <qty>2</qty>
          <unit>tablespoons</unit></amt>
        <item>Plus</item></ing>
      <ing>
        <amt>
          <qty>2</qty>
          <unit>teaspoons</unit></amt>
        <item>Cornstarch</item></ing>
      <ing>
        <amt>
          <qty>1</qty>
          <unit>pound</unit></amt>
        <item>Beef tenderloin; cut into 1-1/2" cubes</item></ing>
      <ing>
        <amt>
          <qty>1</qty>
          <unit/></amt>
        <item>Bunch broccoli</item></ing>
      <ing>
        <amt>
          <qty>3/4</qty>
          <unit>cups</unit></amt>
        <item>Cooking oil</item></ing>
      <ing>
        <amt>
          <qty>2/3</qty>
          <unit>cups</unit></amt>
        <item>Chicken stock (see wonton soup recipe)</item></ing>
      <ing>
        <amt>
          <qty>2</qty>
          <unit>tablespoons</unit></amt>
        <item>Soy sauce</item></ing>
      <ing>
        <amt>
          <qty>2</qty>
          <unit>dashes</unit></amt>
        <item>Tabasco sauce</item></ing>
      <ing>
        <amt>
          <qty>2</qty>
          <unit/></amt>
        <item>Eggs</item></ing></ingredients>
    <directions>
      <step>  Make a mixture of the garlic powder, salt, 2 tbs cornstarch, and eggs. Stir
  in the beef, coating thoroughly.  Marinate 5 minutes. Separate the broccoli
  into florets, leaving sections of stalk attached.  Cook 3 minutes in
  lightly salted boiling water. Remove and keep hot. Heat a wok or skillet
  and add the cooking oil. When oil is hot, cook the beef about 1 minute, or
  until browned, stirring constantly. Drain off the cooking oil. Add chicken
  stock, soy sauce, and Tabasco sauce and return to heat. Dissolve the
  remaining cornstarch in 1 tbs. cold water aqnd stir into the beef mixture
  to form a sauce. Immediately place the beef in the center of a serving
  platter and surround with broccoli. Serve hot.
  
  PLUM BLOSSOM
  
  STEMMONS FREEWAY NORTH, DALLAS
  
  WINE:  WANG FU
  
  From the &lt;Micro Cookbook Collection of Chinese Recipes&gt;.  Downloaded from
  Glen's MM Recipe Archive, http://www.erols.com/hosey.
 
</step></directions></recipe></recipeml>
