<?xml version="1.0" encoding="UTF-8"?>

<recipeml version="0.5">
  <recipe>
    <head>
      <title>Beef and Beans South of the Border</title>
      <categories>
        <cat>Beans/legum</cat>
        <cat>Beef</cat>
        <cat>Main dish</cat>
        <cat>Tomatoes</cat></categories>
      <yield>8</yield></head>
    <ingredients>
      <ing>
        <amt>
          <qty>1</qty>
          <unit>package</unit></amt>
        <item>(16-oz) dried small white beans or 1 1/4 cups dried small white beans and 1 1/4 cups dried small red beans;rinsed, drained &amp; picked over</item></ing>
      <ing>
        <amt>
          <qty>4</qty>
          <unit>cups</unit></amt>
        <item>Very hot water</item></ing>
      <ing>
        <amt>
          <qty>1</qty>
          <unit>can</unit></amt>
        <item>Diced peeled tomatoes; (28 ounce)</item></ing>
      <ing>
        <amt>
          <qty>1</qty>
          <unit>can</unit></amt>
        <item>Diced green chiles; (7 ounce)</item></ing>
      <ing>
        <amt>
          <qty>4</qty>
          <unit/></amt>
        <item>Garlic cloves; crushed through a press</item></ing>
      <ing>
        <amt>
          <qty>2</qty>
          <unit>tablespoons</unit></amt>
        <item>Ground cumin</item></ing>
      <ing>
        <amt>
          <qty>2</qty>
          <unit>tablespoons</unit></amt>
        <item>Chile powder</item></ing>
      <ing>
        <amt>
          <qty>4</qty>
          <unit>teaspoons</unit></amt>
        <item>Dried oregano</item></ing>
      <ing>
        <amt>
          <qty>1</qty>
          <unit>teaspoon</unit></amt>
        <item>Ground coriander</item></ing>
      <ing>
        <amt>
          <qty>1</qty>
          <unit>teaspoon</unit></amt>
        <item>Salt</item></ing>
      <ing>
        <amt>
          <qty>1/4</qty>
          <unit>teaspoons</unit></amt>
        <item>Freshly ground black pepper</item></ing>
      <ing>
        <amt>
          <qty>1 1/2</qty>
          <unit>pounds</unit></amt>
        <item>Boneless beef top sirloin steak or boneless beef top round steak; trimmed of fat and cut into 1/2-inch cubes</item></ing></ingredients>
    <directions>
      <step>  This versatile mixture is excellent fare for serving a casual crowd. It
  makes a good filling for burritos, tacos, enchiladas, and tostadas, and is
  especially convenient for last-minute suppers because it freezes well, too.
  I like to roll it up in warm flour tortillas with shredded Cheddar cheese,
  chopped scallions, salsa, sour cream, and guacamole. Makes 8 to 10 servings
  Preparation: 1. In a 5- or 6-quart electric slow cooker, mix together the
  beans, hot water, tomatoes with their liquid, green chiles, garlic, cumin,
  chili powder, oregano, coriander, salt, black pepper, cayenne, and beef. 2.
  Cover and cook on the high heat setting 1 hour. Reduce the heat to the low
  setting and cook, covered, 8 hour longer, or until the beans and beef are
  tender. Season with additional salt and pepper to taste.
  
  Recipe from: THE BEST SLOW COOKER COOKBOOK EVER by Natalie Haughton
  HarperCollinsPublishers October 25, 1995 $17.95/concealed Wire-O binding
  ISBN: 0-06-017266-5
  
  Reprinted by permission of the publisher.
  
  http://www.foodwine.com/food/egg/egg0396/beefbean.html the eGG
  
  Recipe by: THE BEST SLOW COOKER COOKBOOK EVER, by Natalie Haughton
  
  Posted to MC-Recipe Digest V1 #992 by Roberta Banghart
  &lt;bobbi744@sojourn.com&gt; on Jan 08, 1998
 
</step></directions></recipe></recipeml>
