<?xml version="1.0" encoding="UTF-8"?>

<recipeml version="0.5">
  <recipe>
    <head>
      <title>Beef and Broccoli Casserole (Stir-Fry)</title>
      <categories>
        <cat>None</cat></categories>
      <yield>1</yield></head>
    <ingredients>
      <ing>
        <amt>
          <qty>3/4</qty>
          <unit/></amt>
        <item>Boneless beef sirloin steak</item></ing>
      <ing>
        <amt>
          <qty>1</qty>
          <unit>tablespoon</unit></amt>
        <item>Vegetable oil</item></ing>
      <ing>
        <amt>
          <qty>1</qty>
          <unit/></amt>
        <item>Clove garlic; (or just use some garlic powder)</item></ing>
      <ing>
        <amt>
          <qty>1</qty>
          <unit>medium</unit></amt>
        <item>Onion; minced</item></ing>
      <ing>
        <amt>
          <qty>1</qty>
          <unit>can</unit></amt>
        <item>Campbell's cream of broccoli soup</item></ing>
      <ing>
        <amt>
          <qty>1/4</qty>
          <unit>cups</unit></amt>
        <item>Water</item></ing>
      <ing>
        <amt>
          <qty>1</qty>
          <unit>tablespoon</unit></amt>
        <item>Soy sauce; (or more if you like)</item></ing>
      <ing>
        <amt>
          <qty>2</qty>
          <unit>cups</unit></amt>
        <item>Broccoli; cut into flowerets</item></ing>
      <ing>
        <amt>
          <qty/>
          <unit/></amt>
        <item>Hot cooked noodles or white rice</item></ing></ingredients>
    <directions>
      <step>  From: HallieByrd &lt;HallieByrd@aol.com&gt;
  
  1. Slice beef very thin strips. Cook beef with garlic until brown. Add
  onion and cook 5 minutes. 2. Stir in soup, water and soy sauce. Heat to
  boiling. Add broccoli. Reduce heat to low. Cover and simmer 5-10 minutes.
  3. Serve over noodles or rice.
  
  Posted to recipelu-digest by HallieByrd &lt;HallieByrd@aol.com&gt; on Mar 10,
  1998
 
</step></directions></recipe></recipeml>
