<?xml version="1.0" encoding="UTF-8"?>

<recipeml version="0.5">
  <recipe>
    <head>
      <title>Beef 'n Noodles in Sour Cream</title>
      <categories>
        <cat>None</cat></categories>
      <yield>1</yield></head>
    <ingredients>
      <ing>
        <amt>
          <qty>1</qty>
          <unit>cup</unit></amt>
        <item>Chopped onion</item></ing>
      <ing>
        <amt>
          <qty>2</qty>
          <unit>tablespoons</unit></amt>
        <item>Fat</item></ing>
      <ing>
        <amt>
          <qty>1</qty>
          <unit>pound</unit></amt>
        <item>Ground beef</item></ing>
      <ing>
        <amt>
          <qty>3</qty>
          <unit>cups</unit></amt>
        <item>Noodles</item></ing>
      <ing>
        <amt>
          <qty>3</qty>
          <unit>cups</unit></amt>
        <item>Tomato juice</item></ing>
      <ing>
        <amt>
          <qty>2</qty>
          <unit>teaspoons</unit></amt>
        <item>Salt</item></ing>
      <ing>
        <amt>
          <qty>1</qty>
          <unit>teaspoon</unit></amt>
        <item>Celery salt; (up to 2)</item></ing>
      <ing>
        <amt>
          <qty>1</qty>
          <unit>dash</unit></amt>
        <item>Pepper</item></ing>
      <ing>
        <amt>
          <qty>2</qty>
          <unit>teaspoons</unit></amt>
        <item>Worcestershire Sauce</item></ing>
      <ing>
        <amt>
          <qty>1</qty>
          <unit>cup</unit></amt>
        <item>Sour cream</item></ing></ingredients>
    <directions>
      <step>  Cook onion in hot fat until tender but not brown. Add meat; brown lightly.
  Place noodles in layer over meat. Combine remaining ingredients except sour
  cream; pour over noodles to moisten all. Bring to boiling; cover, and
  simmer over low heat 30 minutes, or until noodles are tender. Stir in sour
  cream, heat just to boiling. Season to taste. Garnish with onion rings, if
  desired. Makes 6 servings. Submitted by Suzy Lewis
  
  Posted to Bakery-Shoppe Digest by Suzy-Q Lewis &lt;lewises@flatoday.infi.net&gt;
  on Feb 10, 1998
 
</step></directions></recipe></recipeml>
