<?xml version="1.0" encoding="UTF-8"?>

<recipeml version="0.5">
  <recipe>
    <head>
      <title>Beef and Cheese Quiche</title>
      <categories>
        <cat>Microwave</cat>
        <cat>Quiche</cat></categories>
      <yield>6</yield></head>
    <ingredients>
      <ing>
        <amt>
          <qty>1</qty>
          <unit/></amt>
        <item>Egg</item></ing>
      <ing>
        <amt>
          <qty>1/2</qty>
          <unit>cups</unit></amt>
        <item>Half and half</item></ing>
      <ing>
        <amt>
          <qty>2</qty>
          <unit>cups</unit></amt>
        <item>Seasoned dressing mix</item></ing>
      <ing>
        <amt>
          <qty>1/2</qty>
          <unit>pounds</unit></amt>
        <item>Lean ground beef</item></ing>
      <ing>
        <amt>
          <qty>1</qty>
          <unit>teaspoon</unit></amt>
        <item>Worcestershire sauce</item></ing>
      <ing>
        <amt>
          <qty>1</qty>
          <unit>package</unit></amt>
        <item>Onion Cup-a-Soup</item></ing>
      <ing>
        <amt>
          <qty>3</qty>
          <unit/></amt>
        <item>Eggs</item></ing>
      <ing>
        <amt>
          <qty>1/2</qty>
          <unit>cups</unit></amt>
        <item>Half and half</item></ing>
      <ing>
        <amt>
          <qty>1</qty>
          <unit>cup</unit></amt>
        <item>Jack; or Mozzarella cheese, shredded</item></ing>
      <ing>
        <amt>
          <qty>2</qty>
          <unit/></amt>
        <item>Green onions; chopped (including tops)</item></ing>
      <ing>
        <amt>
          <qty>1</qty>
          <unit>dash</unit></amt>
        <item>Tabasco sauce</item></ing>
      <ing>
        <amt>
          <qty/>
          <unit/></amt>
        <item>Paprika</item></ing></ingredients>
    <directions>
      <step>  Mix egg and half and half in a medium size bowl. Stir in dressing mix. Set
  aside until dressing mix absorbs egg and cream mixture. Crumble beef into
  bread mixture. Add Worcestershire sauce and soup mix. Blend well. Spoon
  into a 9 inch pie dish. Press mixture firmly against bottom and sides of
  dish to form a crust. Mix eggs and half and half in a medium size bowl. Add
  cheese, onions and Tabasco sauce. Blend well. Pour into meat crust.
  Sprinkle with paprika. Place quiche on an inverted saucer in microwave
  oven. Cover with wax paper. Microwave at medium high (70%) 7 minutes.
  Remove wax paper. Microwave at medium (50%) until center is set, 16 to 18
  minutes. Let stand 5 minutes. Makes 6 servings.
  Posted to recipelu-digest Volume 01 Number 207 by "Diane Geary"
  &lt;diane@keyway.net&gt; on Nov 6, 1997
 
</step></directions></recipe></recipeml>
