<?xml version="1.0" encoding="UTF-8"?>

<recipeml version="0.5">
  <recipe>
    <head>
      <title>Beef and Bean Curd Clay Pot</title>
      <categories>
        <cat>Chinese</cat>
        <cat>Beef</cat></categories>
      <yield>6</yield></head>
    <ingredients>
      <ing>
        <amt>
          <qty>1</qty>
          <unit>pound</unit></amt>
        <item>Ground beef</item></ing>
      <ing>
        <amt>
          <qty>1/2</qty>
          <unit>cups</unit></amt>
        <item>Cooked rice</item></ing>
      <ing>
        <amt>
          <qty>1/4</qty>
          <unit>teaspoons</unit></amt>
        <item>Five-spice powder</item></ing>
      <ing>
        <amt>
          <qty>2</qty>
          <unit>tablespoons</unit></amt>
        <item>Peanut oil</item></ing>
      <ing>
        <amt>
          <qty>1</qty>
          <unit>medium</unit></amt>
        <item>Yam</item></ing>
      <ing>
        <amt>
          <qty>2</qty>
          <unit/></amt>
        <item>Sqs. bean curd</item></ing>
      <ing>
        <amt>
          <qty>6</qty>
          <unit/></amt>
        <item>Fresh mushrooms</item></ing>
      <ing>
        <amt>
          <qty>2</qty>
          <unit>cups</unit></amt>
        <item>Warm water</item></ing>
      <ing>
        <amt>
          <qty>1/2</qty>
          <unit>cups</unit></amt>
        <item>Dark soy sauce</item></ing>
      <ing>
        <amt>
          <qty>2</qty>
          <unit>tablespoons</unit></amt>
        <item>Sherry</item></ing>
      <ing>
        <amt>
          <qty>1</qty>
          <unit>teaspoon</unit></amt>
        <item>Fresh ginger, minced</item></ing>
      <ing>
        <amt>
          <qty/>
          <unit/></amt>
        <item>Cornstarch paste</item></ing></ingredients>
    <directions>
      <step>  This dish is almost a meal in itself. It is easy to prepare and a dramatic
  addition at the table.
  
  Preparation:  Mix beef, rice &amp; five-spice powder; form into firm 1"
  balls.Peel yam; cut into chunks.  Cut bean curd into 1" cubes. Wash
  mushrooms; remove dried part of stem.
  
  Cooking:  Heat wok until smoking; add peanut oil. When oil is hot, braise
  meatballs.  Add warm water, soy sauce, sherry &amp; ginger. Bring to boil,
  transfer to clay pot, cover, and simmer for 30 minutes. Add yam chunks,
  bean curd &amp; mushrooms.  Cook uncovered another 20 minutes until yams are
  done but still firm. Thicken sauce with cornstarch paste; boil briefly.
  Turn off heat, cover to keep hot until ready to serve.
  
  From Gemini's MASSIVE MealMaster collection at www.synapse.com/~gemini
 
</step></directions></recipe></recipeml>
