<?xml version="1.0" encoding="UTF-8"?>

<recipeml version="0.5">
  <recipe>
    <head>
      <title>Beef and Cabbage Joes</title>
      <categories>
        <cat>Meats</cat>
        <cat>Main dish</cat>
        <cat>Vegetables</cat></categories>
      <yield>8</yield></head>
    <ingredients>
      <ing>
        <amt>
          <qty>1</qty>
          <unit>pound</unit></amt>
        <item>Ground Beef</item></ing>
      <ing>
        <amt>
          <qty>1/2</qty>
          <unit>cups</unit></amt>
        <item>Onion; Chopped, 1 Md.</item></ing>
      <ing>
        <amt>
          <qty>1/2</qty>
          <unit>cups</unit></amt>
        <item>Celery; Thinly Sliced</item></ing>
      <ing>
        <amt>
          <qty>2</qty>
          <unit>cups</unit></amt>
        <item>Cabbage; Shredded</item></ing>
      <ing>
        <amt>
          <qty>1/3</qty>
          <unit>cups</unit></amt>
        <item>Green Pepper; Chopped</item></ing>
      <ing>
        <amt>
          <qty>3/4</qty>
          <unit>cups</unit></amt>
        <item>Catsup</item></ing>
      <ing>
        <amt>
          <qty>1/4</qty>
          <unit>cups</unit></amt>
        <item>Water</item></ing>
      <ing>
        <amt>
          <qty>1/4</qty>
          <unit>teaspoons</unit></amt>
        <item>Salt</item></ing>
      <ing>
        <amt>
          <qty>1</qty>
          <unit>tablespoon</unit></amt>
        <item>Mustard; Prepared</item></ing>
      <ing>
        <amt>
          <qty>8</qty>
          <unit/></amt>
        <item>Hamburger Buns; *</item></ing></ingredients>
    <directions>
      <step>  *    Hamburger buns should be split and toasted. Cook and stir the meat,
  onion and celery in a large skillet until the meat is brown. Drain off the
  excess fat. Stir in the cabbage, green pepper, catsup, water, salt, and
  mustard and heat to boiling, stirring occasionally. Reduce the heat and
  cover.  Simmer until the vegetables are tender, about 25 minutes. Spoon the
  mixture onto the bottom halves of the buns and top with the remaining
  halves.
  
  NOTE:
  
  For Sloppy Joes, omit the cabbage and salt.
  
  From Gemini's MASSIVE MealMaster collection at www.synapse.com/~gemini
 
</step></directions></recipe></recipeml>
