<?xml version="1.0" encoding="UTF-8"?>

<recipeml version="0.5">
  <recipe>
    <head>
      <title>Beef and Bacon Chili</title>
      <categories>
        <cat>Chili</cat></categories>
      <yield>4</yield></head>
    <ingredients>
      <ing>
        <amt>
          <qty>1/2</qty>
          <unit>pounds</unit></amt>
        <item>Sliced bacon, chopped</item></ing>
      <ing>
        <amt>
          <qty>1</qty>
          <unit>pound</unit></amt>
        <item>Lean ground beef</item></ing>
      <ing>
        <amt>
          <qty>1 1/2</qty>
          <unit>cups</unit></amt>
        <item>Coarsely chopped onion</item></ing>
      <ing>
        <amt>
          <qty>28</qty>
          <unit>ounces</unit></amt>
        <item>Can, whole tomatoes,</item></ing>
      <ing>
        <amt>
          <qty/>
          <unit/></amt>
        <item>Undrained, coarsely chopped</item></ing>
      <ing>
        <amt>
          <qty>16</qty>
          <unit>ounces</unit></amt>
        <item>Can, pinto beans, undrained</item></ing>
      <ing>
        <amt>
          <qty>1</qty>
          <unit>cup</unit></amt>
        <item>Picante sauce</item></ing>
      <ing>
        <amt>
          <qty>1</qty>
          <unit>tablespoon</unit></amt>
        <item>Chili powder</item></ing>
      <ing>
        <amt>
          <qty>2</qty>
          <unit>teaspoons</unit></amt>
        <item>Ground cumin</item></ing>
      <ing>
        <amt>
          <qty>1</qty>
          <unit>teaspoon</unit></amt>
        <item>Salt</item></ing></ingredients>
    <directions>
      <step>  Optional toppings: sour cream, shredded cheddar cheese, chopped onion,
  chopped cilantro. In a large saucepan, cook bacon over medium-low heat,
  stirring frequently, until crisp.  Remove to paper towels with slotted
  spoon.  Pour off all but about 1 tablespoon of the drippings. In drippings,
  brown ground beef with onion and green pepper; drain. Add reserved bacon
  and remaining ingredients except optional toppings; mix well. Bring to a
  boil.  Reduce heat, cover and simmer 20 minutes. Ladle into bowls, top as
  desired, and serve with additional picante sauce.
 
</step></directions></recipe></recipeml>
