<?xml version="1.0" encoding="UTF-8"?>

<recipeml version="0.5">
  <recipe>
    <head>
      <title>Beef and Broccoli</title>
      <categories>
        <cat>Beef</cat>
        <cat>Main dish</cat>
        <cat>Chinese</cat>
        <cat>Vegetables</cat></categories>
      <yield>4</yield></head>
    <ingredients>
      <ing>
        <amt>
          <qty/>
          <unit/></amt>
        <item>DAVE SAWYER  RJHV41A</item></ing>
      <ing>
        <amt>
          <qty>1/2</qty>
          <unit>teaspoons</unit></amt>
        <item>Brown sugar***</item></ing>
      <ing>
        <amt>
          <qty>1</qty>
          <unit/></amt>
        <item>BONELESS BEEF*</item></ing>
      <ing>
        <amt>
          <qty>1</qty>
          <unit>teaspoon</unit></amt>
        <item>Cornstarch; dissolved in ***</item></ing>
      <ing>
        <amt>
          <qty>1</qty>
          <unit>tablespoon</unit></amt>
        <item>Oyster sauce**</item></ing>
      <ing>
        <amt>
          <qty>2</qty>
          <unit>tablespoons</unit></amt>
        <item>Water***</item></ing>
      <ing>
        <amt>
          <qty>2</qty>
          <unit>teaspoons</unit></amt>
        <item>Rice wine**</item></ing>
      <ing>
        <amt>
          <qty>3</qty>
          <unit>tablespoons</unit></amt>
        <item>Peanut oil</item></ing>
      <ing>
        <amt>
          <qty>1/2</qty>
          <unit>teaspoons</unit></amt>
        <item>Brown sugar**</item></ing>
      <ing>
        <amt>
          <qty>2</qty>
          <unit>slices</unit></amt>
        <item>Ginger; minced</item></ing>
      <ing>
        <amt>
          <qty>2</qty>
          <unit>teaspoons</unit></amt>
        <item>Cornstarch**</item></ing>
      <ing>
        <amt>
          <qty>1/2</qty>
          <unit>teaspoons</unit></amt>
        <item>Salt</item></ing>
      <ing>
        <amt>
          <qty>1</qty>
          <unit>pound</unit></amt>
        <item>Broccoli; chopped</item></ing>
      <ing>
        <amt>
          <qty>1/4</qty>
          <unit>cups</unit></amt>
        <item>Water</item></ing>
      <ing>
        <amt>
          <qty>2</qty>
          <unit>teaspoons</unit></amt>
        <item>Rice wine***</item></ing>
      <ing>
        <amt>
          <qty>2</qty>
          <unit>teaspoons</unit></amt>
        <item>Sesame oil</item></ing></ingredients>
    <directions>
      <step>  *(Flank steak, top sirloin, or tenderloin), sliced across grain into thin
  slices
  
  **(combine all marinade ingredients in a bowl)
  
  ***(combine all seasoning sauce ingredients in a cup)
  
  Thoroughly mix beef with marinade and marinate for 30 minutes. Heat wok
  over highest heat, when hot, swirl in 2 Tblsp peanut oil. Add ginger and
  salt and toss a few seconds. Add broccoli and stirfry one minute, then add
  water, turn heat to med-high, cover, and steam until crisp tender. Uncover
  and turn heat to high, stir frying until water is evaporated. Remove
  broccoli and reserve. Reheat same wok (without rinsing) and, when hot, add
  remaining peanut oil. Add beef slices and stirfry until lightly browned but
  not cooked through. Do not stirfry too vigorously or meat will not brown,
  it is better to press slices against sides of wok to sear. Add broccoli to
  wok and toss. When hot, stir in seasoning sauce and stir until sauce
  thickens (it's a good idea to whisk the sauce in the cup just before you
  hurl it into the wok). Turn onto a 02/24/92        4:15 PM platter and
  drizzle sesame oil over the top. The sugar in the marinade and seasoning
  sauce acts as a floor enhancer rather than a sweetener. I hope you enjoy
  this recipe. Dave Sawyer - Auburn, NH FROM: DAVID SAWYER (RJHV41A)
  Converted by MMCONV vers. 1.00
  Posted to MC-Recipe Digest V1 #262
  
  Date: Sun, 27 Oct 1996 23:55:17 +0800 (HKT)
  
  From: Sweeney &lt;sweeney@asiaonline.net&gt;
 
</step></directions></recipe></recipeml>
