<?xml version="1.0" encoding="UTF-8"?>

<recipeml version="0.5">
  <recipe>
    <head>
      <title>Beef and Barley Bake</title>
      <categories>
        <cat>Low calorie</cat>
        <cat>Beef</cat></categories>
      <yield>4</yield></head>
    <ingredients>
      <ing>
        <amt>
          <qty/>
          <unit/></amt>
        <item>Nonstick Spray Coating</item></ing>
      <ing>
        <amt>
          <qty>3/4</qty>
          <unit>pounds</unit></amt>
        <item>Beef Round Steak; Trimmed of fat and Cut Into 1/2-inch cubes</item></ing>
      <ing>
        <amt>
          <qty>1</qty>
          <unit/></amt>
        <item>Clove Garlic; Minced</item></ing>
      <ing>
        <amt>
          <qty>1 3/4</qty>
          <unit>cups</unit></amt>
        <item>Beef Broth</item></ing>
      <ing>
        <amt>
          <qty>1</qty>
          <unit>cup</unit></amt>
        <item>Shredded Carrots</item></ing>
      <ing>
        <amt>
          <qty>1</qty>
          <unit>can</unit></amt>
        <item>(8-OZ) Sliced Water Chestnuts; Drained</item></ing>
      <ing>
        <amt>
          <qty>1</qty>
          <unit>teaspoon</unit></amt>
        <item>Dried Basil; Crushed</item></ing>
      <ing>
        <amt>
          <qty>1/3</qty>
          <unit>cups</unit></amt>
        <item>Pearl Barley</item></ing>
      <ing>
        <amt>
          <qty>2</qty>
          <unit>medium</unit></amt>
        <item>Zucchini; Halved Lengthwise And Thinly Sliced</item></ing>
      <ing>
        <amt>
          <qty>1/4</qty>
          <unit>cups</unit></amt>
        <item>Snipped Parsley</item></ing></ingredients>
    <directions>
      <step>  Spray a cold large skillet with nonstick coating. Preheat skillet over
  medium heat. Add meat and garlic. Brown meat on all sides. Stir in broth,
  carrots, water chestnuts, and basil. Bring to boiling. Transfer to a l
  l/2-quart casserole. Bake, covered, in a 350F oven about 50 minutes or till
  beef and barley are nearly tender; stir occasionally. Stir in zucchini and
  parsley.  Bake l5 to 20 minutes more or till tender.
  
  Recipe by: Low Calorie Recipes 1992
  
  Posted to recipelu-digest by Nesb2 &lt;Nesb2@aol.com&gt; on Mar 2, 1998
 
</step></directions></recipe></recipeml>
