<?xml version="1.0" encoding="UTF-8"?>

<recipeml version="0.5">
  <recipe>
    <head>
      <title>Beef and Apricot Stew</title>
      <categories>
        <cat>None</cat></categories>
      <yield>1</yield></head>
    <ingredients>
      <ing>
        <amt>
          <qty>1</qty>
          <unit>cup</unit></amt>
        <item>Dried apricots</item></ing>
      <ing>
        <amt>
          <qty>3</qty>
          <unit>pounds</unit></amt>
        <item>Flank steak; trimmed, cubed</item></ing>
      <ing>
        <amt>
          <qty>3</qty>
          <unit>tablespoons</unit></amt>
        <item>Oil or shortening</item></ing>
      <ing>
        <amt>
          <qty>1</qty>
          <unit/></amt>
        <item>1/2 cups hot water (up to 1)</item></ing>
      <ing>
        <amt>
          <qty>1</qty>
          <unit>cup</unit></amt>
        <item>Diced celery</item></ing>
      <ing>
        <amt>
          <qty>1</qty>
          <unit>teaspoon</unit></amt>
        <item>Each: salt; ground pepper</item></ing>
      <ing>
        <amt>
          <qty>1</qty>
          <unit>tablespoon</unit></amt>
        <item>Minced onion</item></ing>
      <ing>
        <amt>
          <qty/>
          <unit/></amt>
        <item>Zest from 1 lemon</item></ing>
      <ing>
        <amt>
          <qty>1/4</qty>
          <unit>cups</unit></amt>
        <item>Each: flour; water</item></ing>
      <ing>
        <amt>
          <qty/>
          <unit/></amt>
        <item>Hot cooked rice</item></ing></ingredients>
    <directions>
      <step>  Preparation time: 20 minutes Cooking time: 2 1/2 hours Yield: 8 servings
  This subtly sweet stew comes from "Modern Meat Lore," one of the pamphlets
  the Tribune published under the pen name of Mary Meade, the "cooking
  editor" at the newspaper. Flank steak isn't the economical cut it was in
  1939; feel free to substitute other cuts suitable for stewing, such as
  chuck.
  
  1. Place apricots in a small bowl and cover with hot water; let soak until
  plump, about 20 minutes. Drain and reserve.
  
  2. Heat oil or shortening in a large Dutch oven over medium heat. Brown
  meat, in batches if necessary to prevent crowding. Reduce heat to low.
  Return all meat and any accumulated juices to pan. Add hot water; simmer,
  covered, about 2 hours.
  
  3. Stir in apricots, celery, salt, pepper, onion and lemon zest; simmer,
  covered, until meat is tender, about 30 minutes. Mix flour with water until
  smooth; add to stew mixture. Cook, stirring constantly, until stew
  thickens, about 5 minutes. Serve over rice. Note: We added 2 teaspoons
  fresh thyme along with the other seasonings.
  
  Nutrition information per serving (without rice): Calories ....... 495 Fat
  ............ 27 g Cholesterol .. 120 mg Sodium ...... 310 mg Carbohydrates
  .. 22 g Protein ........ 49 g
  
  Posted to TNT - Prodigy's Recipe Exchange Newsletter  by Roserairie@aol.com
  on Nov 10, 1997
 
</step></directions></recipe></recipeml>
