<?xml version="1.0" encoding="UTF-8"?>

<recipeml version="0.5">
  <recipe>
    <head>
      <title>Beef &amp; Black Beans</title>
      <categories>
        <cat>Meat</cat></categories>
      <yield>4</yield></head>
    <ingredients>
      <ing-div>
        <title/>
        <ing>
          <amt>
            <qty>1/2</qty>
            <unit>pounds</unit></amt>
          <item>Lean beef</item></ing>
        <ing>
          <amt>
            <qty/>
            <unit/></amt>
          <item>Beef marinade</item></ing>
        <ing>
          <amt>
            <qty>1</qty>
            <unit>tablespoon</unit></amt>
          <item>Cooking oil</item></ing>
        <ing>
          <amt>
            <qty>3/4</qty>
            <unit>cups</unit></amt>
          <item>Coarsely diced onion</item></ing>
        <ing>
          <amt>
            <qty>1/2</qty>
            <unit>teaspoons</unit></amt>
          <item>Minced garlic</item></ing>
        <ing>
          <amt>
            <qty>1/2</qty>
            <unit>teaspoons</unit></amt>
          <item>Minced ginger root</item></ing>
        <ing>
          <amt>
            <qty>2</qty>
            <unit>tablespoons</unit></amt>
          <item>Mashed Chinese black beans</item></ing>
        <ing>
          <amt>
            <qty>3/4</qty>
            <unit>cups</unit></amt>
          <item>Bean sprouts</item></ing>
        <ing>
          <amt>
            <qty>3/4</qty>
            <unit>cups</unit></amt>
          <item>Diced Chinese cabbage</item></ing>
        <ing>
          <amt>
            <qty>1/2</qty>
            <unit>cups</unit></amt>
          <item>Chopped broccoli</item></ing>
        <ing>
          <amt>
            <qty>1/2</qty>
            <unit>cups</unit></amt>
          <item>Miniature corn</item></ing>
        <ing>
          <amt>
            <qty>1/2</qty>
            <unit>cups</unit></amt>
          <item>Bamboo shoots</item></ing>
        <ing>
          <amt>
            <qty>1</qty>
            <unit/></amt>
          <item>Splash each soy sauce &amp; sherry</item></ing>
        <ing>
          <amt>
            <qty>1</qty>
            <unit>tablespoon</unit></amt>
          <item>Sesame oil</item></ing>
        <ing>
          <amt>
            <qty>1</qty>
            <unit>cup</unit></amt>
          <item>Chicken broth</item></ing>
        <ing>
          <amt>
            <qty>2</qty>
            <unit>tablespoons</unit></amt>
          <item>Cornstarch</item></ing>
        <ing>
          <amt>
            <qty>1/2</qty>
            <unit>cups</unit></amt>
          <item>Water</item></ing></ing-div>
      <ing-div>
        <title>BEEF MARINADE</title>
        <ing>
          <amt>
            <qty>1/2</qty>
            <unit>cups</unit></amt>
          <item>Vegetable oil</item></ing>
        <ing>
          <amt>
            <qty>1</qty>
            <unit/></amt>
          <item>Clove garlic; minced</item></ing>
        <ing>
          <amt>
            <qty>1/4</qty>
            <unit>teaspoons</unit></amt>
          <item>Diced ginger root</item></ing>
        <ing>
          <amt>
            <qty>1</qty>
            <unit>pinch</unit></amt>
          <item>Salt</item></ing>
        <ing>
          <amt>
            <qty>1</qty>
            <unit>pinch</unit></amt>
          <item>Pepper</item></ing></ing-div></ingredients>
    <directions>
      <step>  Slice beef into thin 1 in. long strips. Marinate in Beef Marinade 1 hr.;
  drain well. Preheat wok over high heat w/ cooking oil. Add onion &amp;
  marinated beef &amp; stir-fry about 1 min. Add garlic, ginger, &amp; black beans.
  Stir-fry 30 sec. Add remaining vegetables; stir-fry 2 min., or until
  vegetables are crisp-tender. Add sherry, soy sauce, sesame oil, &amp; Chicken
  Broth. Bring to fast boil. Combine cornstarch w/ water to make smooth
  paste. Drizzle into wok, stirring constantly til sauce thickens &amp; becomes
  clear. Serve immediately. Note: To use Chinese black beans, soak overnight
  in water,drain well,place in bowl, &amp; mash w/ fork. BEEF MARINADE: Combine
  all ingredients.
  
  ORIENT EXPRESS
  
  KETCHUM; SUN VALLEY
  
  BEVERAGE: TSINGTAO BEER
  
  From the &lt;Micro Cookbook Collection of Chinese Recipes&gt;.  Downloaded from
  Glen's MM Recipe Archive, http://www.erols.com/hosey.
 
</step></directions></recipe></recipeml>
