<?xml version="1.0" encoding="UTF-8"?>

<recipeml version="0.5">
  <recipe>
    <head>
      <title>Beef and Cabbbage Runzas</title>
      <categories>
        <cat>Cabbage</cat>
        <cat>Ground beef</cat></categories>
      <yield>4</yield></head>
    <ingredients>
      <ing>
        <amt>
          <qty>1</qty>
          <unit>tablespoon</unit></amt>
        <item>Diet margarine; or margarine</item></ing>
      <ing>
        <amt>
          <qty>2</qty>
          <unit>cups</unit></amt>
        <item>Green cabbage; thinly sliced</item></ing>
      <ing>
        <amt>
          <qty>1</qty>
          <unit>small</unit></amt>
        <item>Onion; diced</item></ing>
      <ing>
        <amt>
          <qty>1/2</qty>
          <unit>pounds</unit></amt>
        <item>Ground beef</item></ing>
      <ing>
        <amt>
          <qty>1/2</qty>
          <unit>teaspoons</unit></amt>
        <item>Salt</item></ing>
      <ing>
        <amt>
          <qty>1/8</qty>
          <unit>teaspoons</unit></amt>
        <item>Pepper</item></ing>
      <ing>
        <amt>
          <qty/>
          <unit/></amt>
        <item>Other spices, such as cumin; as desired</item></ing>
      <ing>
        <amt>
          <qty>1</qty>
          <unit>tablespoon</unit></amt>
        <item>Flour</item></ing>
      <ing>
        <amt>
          <qty>10</qty>
          <unit>ounces</unit></amt>
        <item>Refrigerated white bread loaf; (Pipin' Hot)</item></ing>
      <ing>
        <amt>
          <qty>1</qty>
          <unit/></amt>
        <item>Egg; beaten</item></ing>
      <ing>
        <amt>
          <qty/>
          <unit/></amt>
        <item>Caraway seeds</item></ing>
      <ing>
        <amt>
          <qty/>
          <unit/></amt>
        <item>Horseradish sauce</item></ing></ingredients>
    <directions>
      <step>  One hour before serving, in 10" skillet over Medium heat, in margarine,
  cook cabbage and onion until coated with butter. Cover and cook over Low
  heat for 10 minutes. Add ground beef to skillet. Cook until not pink.
  Reduce heat. Add salt, pepper and other spices, if using. Add 1 Tbsp.
  flour. Cook for 1 minute. Stir constantly. Remove from heat. Preheat oven
  to 350ø. On lightly floured surface, cut bread loaf into 4 equal pieces.
  With floured rolling pin, roll each pieces to 6x4" oval. Brush edges with 1
  beaten egg. Spoon 1/4 of beef mixture on half of each oval. Fold dough over
  filling. Pinch edge to seal. Brush with beaten egg. Sprinkle with caraway
  seeds. Bake for 25 minutes utnil golden brown. Serve warm with horseradish
  sauce.
  
  Recipe By     : bobbi744@sojourn.com
  
  Posted to MC-Recipe Digest V1 #232
  
  Date: Tue, 01 Oct 1996 14:01:19 -0400
  
  From: Robertal Banghart &lt;bobbi744@sojourn.com&gt;
 
</step></directions></recipe></recipeml>
