<?xml version="1.0" encoding="UTF-8"?>

<recipeml version="0.5">
  <recipe>
    <head>
      <title>Beef Andy Warhol</title>
      <categories>
        <cat>Miamiherald</cat>
        <cat>Meat/beef</cat></categories>
      <yield>4</yield></head>
    <ingredients>
      <ing>
        <amt>
          <qty>2</qty>
          <unit>pounds</unit></amt>
        <item>Center-cut filet mignon</item></ing>
      <ing>
        <amt>
          <qty>4</qty>
          <unit>tablespoons</unit></amt>
        <item>Vietnamese soy sauce or chinese oyster sauce</item></ing>
      <ing>
        <amt>
          <qty>3</qty>
          <unit>tablespoons</unit></amt>
        <item>Butter</item></ing>
      <ing>
        <amt>
          <qty>1</qty>
          <unit/></amt>
        <item>Link Chinese sausage, thinly sliced</item></ing>
      <ing>
        <amt>
          <qty>2</qty>
          <unit>large</unit></amt>
        <item>Red onions, thinly sliced</item></ing>
      <ing>
        <amt>
          <qty>1/2</qty>
          <unit>teaspoons</unit></amt>
        <item>Ground coriander</item></ing>
      <ing>
        <amt>
          <qty>1/2</qty>
          <unit>teaspoons</unit></amt>
        <item>Chili powder</item></ing>
      <ing>
        <amt>
          <qty>1</qty>
          <unit>teaspoon</unit></amt>
        <item>Minced garlic</item></ing>
      <ing>
        <amt>
          <qty>1</qty>
          <unit>teaspoon</unit></amt>
        <item>Lemon juice</item></ing>
      <ing>
        <amt>
          <qty>1/4</qty>
          <unit>teaspoons</unit></amt>
        <item>Black pepper</item></ing>
      <ing>
        <amt>
          <qty>1/4</qty>
          <unit>cups</unit></amt>
        <item>Dry red wine</item></ing>
      <ing>
        <amt>
          <qty>1</qty>
          <unit>teaspoon</unit></amt>
        <item>Salt</item></ing>
      <ing>
        <amt>
          <qty>1</qty>
          <unit>teaspoon</unit></amt>
        <item>Sugar</item></ing>
      <ing>
        <amt>
          <qty>1</qty>
          <unit>tablespoon</unit></amt>
        <item>Soy sauce</item></ing>
      <ing>
        <amt>
          <qty>5</qty>
          <unit>ounces</unit></amt>
        <item>Fresh oyster mushrooms, cleaned</item></ing>
      <ing>
        <amt>
          <qty>1</qty>
          <unit>tablespoon</unit></amt>
        <item>Roasted sesame oil</item></ing>
      <ing>
        <amt>
          <qty>3</qty>
          <unit>ounces</unit></amt>
        <item>Cellophane noodles</item></ing></ingredients>
    <directions>
      <step>  Preheat the oven to 450 degrees.  Coat the filet with
  Vietnamese soy sauce and let marinate for 30 minutes.
  Place in oven and roast for 20 minutes for
  medium-rare, 25 minutes for medium. While the filet is
  cooking, prepare onions and mushrooms. Heat butter in
  a skillet, add the sausage and saute for 2 minutes.
  Add onions and saute for 5 minutes more.  Add 1/4 cup
  water and the coriander, chili powder, lemon juice,
  black pepper, wine salt, sugar, and soy sauce.  Simmer
  ofr 10 minutes or until barely any liquid is left.
  Add the mushrooms, cover and simmer over a low heat
  for 7 minutes.  Remove the cover and stir.  Keep on
  heat until all residual liquid has evaporated, about
  10 minutes.  Remove from heat and keep warm.  Bring a
  pot of lightly salted water to a boil.  Add the sesame
  oil and bring to a simmer.  Add noodles and turn off
  heat.  Let soak ofr 2 minutes then drain.  Keep warm.
  Cut the meat into 4 equal pieces.  Evenly divide the
  onion-mushroom mixture on 4 dinner plates.  Top each
  with a piece of filet, then spoon on some noodles.
  Serve immediately.
  
  Nutritional info per serving: 743 cal; 48g pro, 34g
  carb, 45g fat (54%), 2.4g fiber, 177mg chol, 2078mg
  sod.
  
  Source: A Cook's Book of Mushrooms
  Miami Herald, 9/28/95
  format: 8/15/96, Lisa Crawford
  Posted to MM-Recipes Digest V3 #224
  
  Date: 18 Aug 96 00:31:30 EDT
  
  From: "Lisabeth Crawford (Pooh)" &lt;104105.1416@CompuServe.COM&gt;
 
</step></directions></recipe></recipeml>
