<?xml version="1.0" encoding="UTF-8"?>

<recipeml version="0.5">
  <recipe>
    <head>
      <title>Beef and Bay Stew</title>
      <categories>
        <cat>Beef</cat>
        <cat>Stews</cat></categories>
      <yield>2</yield></head>
    <ingredients>
      <ing>
        <amt>
          <qty>750</qty>
          <unit>grams</unit></amt>
        <item>Beef, cubed</item></ing>
      <ing>
        <amt>
          <qty>2</qty>
          <unit>cups</unit></amt>
        <item>Beef stock</item></ing>
      <ing>
        <amt>
          <qty>1/2</qty>
          <unit>bunches</unit></amt>
        <item>Leeks</item></ing>
      <ing>
        <amt>
          <qty>1</qty>
          <unit>small</unit></amt>
        <item>Turnip</item></ing>
      <ing>
        <amt>
          <qty>1</qty>
          <unit>small</unit></amt>
        <item>Carrot</item></ing>
      <ing>
        <amt>
          <qty>6</qty>
          <unit>small</unit></amt>
        <item>Scrubbed potatoes</item></ing>
      <ing>
        <amt>
          <qty>1</qty>
          <unit/></amt>
        <item>Celery stick</item></ing>
      <ing>
        <amt>
          <qty>1</qty>
          <unit/></amt>
        <item>Bay leaf</item></ing>
      <ing>
        <amt>
          <qty>1/2</qty>
          <unit>teaspoons</unit></amt>
        <item>Thyme</item></ing>
      <ing>
        <amt>
          <qty>1/2</qty>
          <unit/></amt>
        <item>Sugar lump</item></ing>
      <ing>
        <amt>
          <qty>1</qty>
          <unit>pinch</unit></amt>
        <item>Salt</item></ing>
      <ing>
        <amt>
          <qty>1</qty>
          <unit>pinch</unit></amt>
        <item>Pepper</item></ing>
      <ing>
        <amt>
          <qty>2</qty>
          <unit>tablespoons</unit></amt>
        <item>Plain flour</item></ing></ingredients>
    <directions>
      <step>  Roll cubed beef, with fat removed, in flour seasoned wtih salt and pepper.
  Place in casserole with stock and after bringing to the boil, simmer for
  3/4 of an hour. Add the well washed white part of the leeks thickly sliced.
  Peel and dice turnip and carrot and add to the dish with sliced celery and
  well scrubbed potatoes. Add bay leaf, thyme and sugar. Stew gently for
  approximately an hour and serve with thick crusty bread. Serves 2 but his
  may be ahlved and one portion frozen.
    Posted to MM-Recipes Digest V3 #263
  
    Date: Thu, 26 Sep 1996 23:02:22 +-1000
  
    From: Melinda Irvine &lt;micrurus@dragnet.com.au&gt;
 
</step></directions></recipe></recipeml>
