<?xml version="1.0" encoding="UTF-8"?>

<recipeml version="0.5">
  <recipe>
    <head>
      <title>Beef and Chile Pepper Chili</title>
      <categories>
        <cat>Chili</cat>
        <cat>Beef</cat></categories>
      <yield>7</yield></head>
    <ingredients>
      <ing>
        <amt>
          <qty>2</qty>
          <unit>tablespoons</unit></amt>
        <item>Oil</item></ing>
      <ing>
        <amt>
          <qty>1 1/2</qty>
          <unit>pounds</unit></amt>
        <item>Beef sirloin; cubed</item></ing>
      <ing>
        <amt>
          <qty>1</qty>
          <unit>medium</unit></amt>
        <item>Onion; chopped</item></ing>
      <ing>
        <amt>
          <qty>2</qty>
          <unit/></amt>
        <item>Cloves garlic; minced</item></ing>
      <ing>
        <amt>
          <qty>1</qty>
          <unit/></amt>
        <item>Green pepper; chopped</item></ing>
      <ing>
        <amt>
          <qty>1</qty>
          <unit/></amt>
        <item>Red pepper; chopped</item></ing>
      <ing>
        <amt>
          <qty>2</qty>
          <unit/></amt>
        <item>Fresh jalapenos; chopped</item></ing>
      <ing>
        <amt>
          <qty>30</qty>
          <unit>ounces</unit></amt>
        <item>Kidney or navy beans</item></ing>
      <ing>
        <amt>
          <qty>14</qty>
          <unit>ounces</unit></amt>
        <item>Beef broth</item></ing>
      <ing>
        <amt>
          <qty>1/2</qty>
          <unit>cups</unit></amt>
        <item>Red wine</item></ing>
      <ing>
        <amt>
          <qty>2</qty>
          <unit>tablespoons</unit></amt>
        <item>Chili powder</item></ing>
      <ing>
        <amt>
          <qty>2</qty>
          <unit>teaspoons</unit></amt>
        <item>Cumin</item></ing>
      <ing>
        <amt>
          <qty/>
          <unit/></amt>
        <item>Salt and pepper to taste</item></ing></ingredients>
    <directions>
      <step>  1. Heat oil in a Dutch oven or large pot over medium heat. 2. Brown meat on
  all sides in hot oil, 5-8 minutes; stir only occasionally. 3. Add onions,
  garlic, bell peppers and jalapeno pepper; cook for 3 minutes or until
  vegetable are just tender-crisp. 4. Stir in remaining ingredients, bring to
  a boil; reduce heat cover, and simmer for 40-50 minutes or until meat is
  tender.
  
  Recipe by: adapted from Pillsbury Soup, Chili &amp; Bread Recipes
  
  Posted to recipelu-digest Volume 01 Number 325 by RecipeLu
  &lt;recipelu@geocities.com&gt; on Nov 28, 1997
 
</step></directions></recipe></recipeml>
