<?xml version="1.0" encoding="UTF-8"?>

<recipeml version="0.5">
  <recipe>
    <head>
      <title>Beef and Asparagus Saddlebags</title>
      <categories>
        <cat>None</cat></categories>
      <yield>1</yield></head>
    <ingredients>
      <ing>
        <amt>
          <qty>1</qty>
          <unit>package</unit></amt>
        <item>(8 oz) cream cheese; softened</item></ing>
      <ing>
        <amt>
          <qty>2</qty>
          <unit>tablespoons</unit></amt>
        <item>Prepared horseradish</item></ing>
      <ing>
        <amt>
          <qty>1/4</qty>
          <unit>cups</unit></amt>
        <item>Cooked; finely crumbled bacon</item></ing>
      <ing>
        <amt>
          <qty>2</qty>
          <unit>tablespoons</unit></amt>
        <item>Finely chopped fresh parsley</item></ing>
      <ing>
        <amt>
          <qty>2</qty>
          <unit>pounds</unit></amt>
        <item>Roasted beef tenderloin; in 24 thin slices</item></ing>
      <ing>
        <amt>
          <qty>24</qty>
          <unit/></amt>
        <item>Thin asparagus spears;cooked crisp-tender trimmed 3"</item></ing>
      <ing>
        <amt>
          <qty>24</qty>
          <unit/></amt>
        <item>Long chive stems; blanched and cooled</item></ing></ingredients>
    <directions>
      <step>  Cost: $ - Preparation Time: 20 minutes Difficulty Level: 3 - Servings: 6-8
  Note: Reprinted from "Pure Prarie:Farm Fresh and Wildly Delicious Foods
  From the Prarie" by Judith Fertig. "Pure Prarie" is available from Two Lane
  Press at 800-270-8041
  
  1. In a small bowl, mix together the cream cheese, horseradish, bacon, and
  parsley. Set aside.
  
  2. Lay the slices of beef tenderloin out on a waxed paper surface.
  
  3. Spread each slice with a little of the cream cheese mixture.
  
  4. Place an asparagus spear in the middle of each slice.
  
  5. Roll each slice up and tie together with a chive stem.
  
  6. Chill, covered, until time to serve.
  Posted to The Gourmet Connection Recipe Page Newsletter  by Gourmet
  Connection &lt;newsletter@gourmetconnection.com&gt; on Dec 28, 1997
 
</step></directions></recipe></recipeml>
