<?xml version="1.0" encoding="UTF-8"?>

<recipeml version="0.5">
  <recipe>
    <head>
      <title>Beef and Brown Rice Stew</title>
      <categories>
        <cat>Soups &amp;</cat>
        <cat>Stews</cat></categories>
      <yield>4</yield></head>
    <ingredients>
      <ing>
        <amt>
          <qty>1</qty>
          <unit>tablespoon</unit></amt>
        <item>Vegetable oil</item></ing>
      <ing>
        <amt>
          <qty>2</qty>
          <unit>cups</unit></amt>
        <item>Onion; thinly sliced</item></ing>
      <ing>
        <amt>
          <qty>1</qty>
          <unit>teaspoon</unit></amt>
        <item>Allspice</item></ing>
      <ing>
        <amt>
          <qty>1</qty>
          <unit>teaspoon</unit></amt>
        <item>Chili powder</item></ing>
      <ing>
        <amt>
          <qty>1</qty>
          <unit>teaspoon</unit></amt>
        <item>Pepper</item></ing>
      <ing>
        <amt>
          <qty>8</qty>
          <unit>ounces</unit></amt>
        <item>Beef chuck, visible fat removed cut into; 3/4-inch</item></ing>
      <ing>
        <amt>
          <qty>6</qty>
          <unit>cups</unit></amt>
        <item>Water</item></ing>
      <ing>
        <amt>
          <qty>1</qty>
          <unit/></amt>
        <item>Can (28 oz.) crushed tomatoes</item></ing>
      <ing>
        <amt>
          <qty>1 1/4</qty>
          <unit>cups</unit></amt>
        <item>Uncooked long grain brown rice</item></ing>
      <ing>
        <amt>
          <qty>3</qty>
          <unit/></amt>
        <item>Beef bouillon cubes</item></ing>
      <ing>
        <amt>
          <qty>1</qty>
          <unit/></amt>
        <item>Pkg. (10 oz frozen green beans</item></ing></ingredients>
    <directions>
      <step>  Heat oven to 350.  Heat oil in a 4-quart Dutch oven over medium heat.  Add
  onions and cook, stirring often, 7 minutes until translucent.  Add spices
  and meat. Cook 5 to 6 minutes stirring 2 or 3 times. Stir in water,
  tomatoes, rice and bouillon cubes. Bring to a boil. Cover and bake for 1 to
  1 1/4 hours until rice and meat are tender. Stir in green beans. Cover.
  Bake 10 more minutes until green beans are tender.
  Posted to EAT-L Digest 01 Sep 96
  
  Date:    Mon, 2 Sep 1996 12:54:50 -0400
  
  From:    Laura Hunter &lt;LHunter722@AOL.COM&gt;
 
</step></directions></recipe></recipeml>
