<?xml version="1.0" encoding="UTF-8"?>

<recipeml version="0.5">
  <recipe>
    <head>
      <title>Beef and Corn Pie</title>
      <categories>
        <cat/></categories>
      <yield>100</yield></head>
    <ingredients>
      <ing>
        <amt>
          <qty>2 1/2</qty>
          <unit>gallons</unit></amt>
        <item>WATER; BOILING</item></ing>
      <ing>
        <amt>
          <qty>30</qty>
          <unit>pounds</unit></amt>
        <item>BEEF GROUND FZ</item></ing>
      <ing>
        <amt>
          <qty>1/2</qty>
          <unit>pounds</unit></amt>
        <item>BUTTER PRINT SURE</item></ing>
      <ing>
        <amt>
          <qty>10</qty>
          <unit>ounces</unit></amt>
        <item>MILK; DRY NON-FAT L HEAT</item></ing>
      <ing>
        <amt>
          <qty>4 5/8</qty>
          <unit>pounds</unit></amt>
        <item>POTATO INST GRA #10</item></ing>
      <ing>
        <amt>
          <qty>1</qty>
          <unit>ounce</unit></amt>
        <item>GARLIC DEHY GRA</item></ing>
      <ing>
        <amt>
          <qty>12 3/4</qty>
          <unit>pounds</unit></amt>
        <item>CORN WHOLE CN #10</item></ing>
      <ing>
        <amt>
          <qty>3</qty>
          <unit>pounds</unit></amt>
        <item>ONIONS DRY</item></ing>
      <ing>
        <amt>
          <qty>2</qty>
          <unit>pounds</unit></amt>
        <item>PEPPER SWT GRN FRESH</item></ing>
      <ing>
        <amt>
          <qty>4</qty>
          <unit>ounces</unit></amt>
        <item>SHORTENING; 3LB</item></ing>
      <ing>
        <amt>
          <qty>1</qty>
          <unit>teaspoon</unit></amt>
        <item>PEPPER BLACK 1 LB CN</item></ing>
      <ing>
        <amt>
          <qty>2</qty>
          <unit>tablespoons</unit></amt>
        <item>PEPPER BLACK 1 LB CN</item></ing>
      <ing>
        <amt>
          <qty>1</qty>
          <unit>ounce</unit></amt>
        <item>SALT TABLE 5LB</item></ing>
      <ing>
        <amt>
          <qty>2 1/2</qty>
          <unit>ounces</unit></amt>
        <item>SALT TABLE 5LB</item></ing>
      <ing>
        <amt>
          <qty>PAN:</qty>
          <unit>18</unit></amt>
        <item>BY 24-INCH ROASTING PAN              TEMPERATURE:  350 F. OVEN</item></ing></ingredients>
    <directions>
      <step>  :
  
  1.  SAUTE' ONIONS AND PEPPERS IN MELTED SHORTENING OR SALAD OIL UNTIL
  TENDER. SET ASIDE FOR USE IN STEP 3.
  
  2.  COOK BEEF IN ITS OWN FAT UNTIL LIGHT BROWN, STIRRING TO BREAK MEAT IN
  SMALL PIECES. DRAIN OR SKIM OFF EXCESS FAT.
  
  3.  ADD SAUTE'ED ONIONS AND PEPPERS, SALT, PEPPER, AND GARLIC. MIX WELL.
  
  4.  PLACE AN EQUAL QUANTITY OF BEEF MIXTURE IN EACH PAN.
  
  5.  SPREAD EQUAL AMOUNT CORN WITH LIQUID ON TOP OF BEEF MIXTURE IN EACH
  PAN.
  
  6.  PREPARE 1 RECIPE FOR MASHED POTATOES (RECIPE NO. Q05700).  SPREAD
  EQUAL AMOUNT MASHED POTATOES OVER BEEF MIXTURE AND CORN IN EACH PAN.
  
  7.  BAKE 20 MINUTES OR UNTIL POTATOES ARE EVENLY BROWNED.
  
  8.  CUT 5 BY 7.
  :
  **ALL NOTES ARE PER 100 PORTIONS.
  
  NOTE:  1.  IN STEP 1, 3 LB 5 OZ DRY ONIONS A.P. WILL YIELD 3 LB DRY CHOPPED
  ONIONS AND 2 LB 12 OZ FRESH SWEET PEPPERS A.P. WILL YIELD 2 LB CHOPPED
  PEPPERS.
  
  2.  OTHER TYPES &amp; SIZES OF PANS MAY BE USED.  SEE RECIPE NO. A-25.
  
  Recipe Number: L02000
  
  SERVING SIZE: 1 1/2 CUP
  
  From the &lt;Army Master Recipe Index File&gt; (actually used today!).
  Downloaded from Glen's MM Recipe Archive, http://www.erols.com/hosey.
 
</step></directions></recipe></recipeml>
