<?xml version="1.0" encoding="UTF-8"?>

<recipeml version="0.5">
  <recipe>
    <head>
      <title>Beef and Corn Bake</title>
      <categories>
        <cat>Meats</cat>
        <cat>Casseroles</cat></categories>
      <yield>4</yield></head>
    <ingredients>
      <ing>
        <amt>
          <qty>2</qty>
          <unit>pounds</unit></amt>
        <item>Ground beef</item></ing>
      <ing>
        <amt>
          <qty>2</qty>
          <unit>cups</unit></amt>
        <item>Noodles; cooked</item></ing>
      <ing>
        <amt>
          <qty>1</qty>
          <unit/></amt>
        <item>Onion; chopped</item></ing>
      <ing>
        <amt>
          <qty>1</qty>
          <unit>cup</unit></amt>
        <item>Cheddar; grated</item></ing>
      <ing>
        <amt>
          <qty>1/4</qty>
          <unit>cups</unit></amt>
        <item>Oil; vegetable</item></ing>
      <ing>
        <amt>
          <qty>1</qty>
          <unit>cup</unit></amt>
        <item>Corn kernels</item></ing>
      <ing>
        <amt>
          <qty>2</qty>
          <unit>cups</unit></amt>
        <item>Tomato soup Salt - opt</item></ing>
      <ing>
        <amt>
          <qty>1/2</qty>
          <unit>teaspoons</unit></amt>
        <item>Pepper</item></ing>
      <ing>
        <amt>
          <qty>1</qty>
          <unit>teaspoon</unit></amt>
        <item>Ketchup</item></ing></ingredients>
    <directions>
      <step>  Put beef,  onion &amp; oil in fry pan.  Stir to break up meat till it browns.
  Drain off fat. Put meat mixture in bowl. Put corn, soup, salt &amp; pepper &amp;
  ketchup in bowl. Stir &amp; mix with meat. Cook noodles, drain &amp; combine with
  all ingredients. Pour into greased casserole. Sprinkle grated cheese on
  top.  Cover &amp; bake at 350F for 45 min. Remove cover &amp; bake till cheese is
  bubbly.
  
  SERVES: 4 Source: _Company's Coming Casseroles_
  
  From Gemini's MASSIVE MealMaster collection at www.synapse.com/~gemini
 
</step></directions></recipe></recipeml>
