<?xml version="1.0" encoding="UTF-8"?>

<recipeml version="0.5">
  <recipe>
    <head>
      <title>Beef and Broccoli with Oyster Sauce</title>
      <categories>
        <cat>Meat</cat></categories>
      <yield>6</yield></head>
    <ingredients>
      <ing>
        <amt>
          <qty>3</qty>
          <unit>tablespoons</unit></amt>
        <item>Oyster sauce</item></ing>
      <ing>
        <amt>
          <qty>1</qty>
          <unit>tablespoon</unit></amt>
        <item>Soy sauce</item></ing>
      <ing>
        <amt>
          <qty>1</qty>
          <unit>tablespoon</unit></amt>
        <item>Dry sherry</item></ing>
      <ing>
        <amt>
          <qty>1</qty>
          <unit>tablespoon</unit></amt>
        <item>Water</item></ing>
      <ing>
        <amt>
          <qty>2</qty>
          <unit>teaspoons</unit></amt>
        <item>Sugar</item></ing>
      <ing>
        <amt>
          <qty>1</qty>
          <unit>teaspoon</unit></amt>
        <item>Cornstarch</item></ing>
      <ing>
        <amt>
          <qty>1</qty>
          <unit>pound</unit></amt>
        <item>Lean flank steak</item></ing>
      <ing>
        <amt>
          <qty>2</qty>
          <unit>tablespoons</unit></amt>
        <item>Water</item></ing>
      <ing>
        <amt>
          <qty>1</qty>
          <unit>tablespoon</unit></amt>
        <item>Soy sauce</item></ing>
      <ing>
        <amt>
          <qty>2</qty>
          <unit>teaspoons</unit></amt>
        <item>Sugar</item></ing>
      <ing>
        <amt>
          <qty>1</qty>
          <unit>tablespoon</unit></amt>
        <item>Oil; divided</item></ing>
      <ing>
        <amt>
          <qty>1/3</qty>
          <unit>cups</unit></amt>
        <item>1/2-inch diagonally sliced scallions</item></ing>
      <ing>
        <amt>
          <qty>1</qty>
          <unit>tablespoon</unit></amt>
        <item>Minced peeled ginger</item></ing>
      <ing>
        <amt>
          <qty>6</qty>
          <unit>cups</unit></amt>
        <item>Broccoli florets (about 1 lb)</item></ing>
      <ing>
        <amt>
          <qty>1/4</qty>
          <unit>cups</unit></amt>
        <item>Water</item></ing>
      <ing>
        <amt>
          <qty>6</qty>
          <unit>cups</unit></amt>
        <item>Hot rice</item></ing></ingredients>
    <directions>
      <step>  submitted by: 102737.1203@CompuServe.COM
  
  This recipe comes coutesy of Cooking Light magazine and is very good.
  
  1. Combine first 6 ingredients; stir until well-blended and set aside.
  
  2. Trim fat from steak.  Cut diagonally across the grain into 1-inch thick
  slices.  Combine steak, 1 T cornstarch, 2 T water, 1 T soy sauce and 2 t
  sugar in a medium bowl and stir to blend. Cover &amp; marinate in refrigerator
  for 15 minutes.
  
  3. Heat 2 t oil in wok or large skillet over high heat.  Add steak mixture
  and stir-fry 2 minutes. Remove from pan and set aside. Add remaining
  teaspoon of oil, scallions and ginger; stir-fry over medium-high heat 30
  seconds. Stir in broccoli and 1/4 c water. Cover &amp; cook 3 minutes. Return
  steak to pan and stir in oyster sauce mixture. Stir-fry 2 minutes or until
  thick and bubbly. Serve over rice.
  
  Yield: 6 servings (1 c beef mixture and 1 c rice), Calories: 424  Fat: 9.9
  g
  
  Alexandra Houck, North Grafton, MA
  
  DAVE &lt;DAVIDG@CLAM.RUTGERS.EDU&gt;
  
  RECIPEINTERNET LIST SERVER
  
  RECIPE ARCHIVE - 6 MAY 1996
  
  From the 'RECIPEinternet: Recipes from Around the World' recipe list.
  Downloaded from Glen's MM Recipe Archive, http://www.erols.com/hosey.
 
</step></directions></recipe></recipeml>
