<?xml version="1.0" encoding="UTF-8"?>

<recipeml version="0.5">
  <recipe>
    <head>
      <title>Beef and Beer (Bisteces Con Cerveza)</title>
      <categories>
        <cat>Mexican</cat>
        <cat>Beef</cat></categories>
      <yield>1</yield></head>
    <ingredients>
      <ing>
        <amt>
          <qty>6</qty>
          <unit/></amt>
        <item>Steaks (round; sirloin or chuck)</item></ing>
      <ing>
        <amt>
          <qty>1</qty>
          <unit/></amt>
        <item>Glass of beer</item></ing>
      <ing>
        <amt>
          <qty>1/2</qty>
          <unit/></amt>
        <item>Onion; sliced</item></ing>
      <ing>
        <amt>
          <qty>1</qty>
          <unit>tablespoon</unit></amt>
        <item>Tomato paste</item></ing>
      <ing>
        <amt>
          <qty>1</qty>
          <unit>tablespoon</unit></amt>
        <item>Flour</item></ing>
      <ing>
        <amt>
          <qty/>
          <unit/></amt>
        <item>Oil</item></ing>
      <ing>
        <amt>
          <qty/>
          <unit/></amt>
        <item>Salt and pepper</item></ing></ingredients>
    <directions>
      <step>  1. Put salt and pepper on the steaks and fry until golden.
  
  2. Mix the beer with the slices of onion, the tomato, the flour and a
  little water.
  
  3. Add the mix to the pan with the meat. Cover the frying pan and cook for
  a half hour. Serve hot.
  Posted to recipelu-digest Volume 01 Number 218 by James and Susan Kirkland
  &lt;kirkland@gj.net&gt; on Nov 07, 1997
 
</step></directions></recipe></recipeml>
