<?xml version="1.0" encoding="UTF-8"?>

<recipeml version="0.5">
  <recipe>
    <head>
      <title>Beef and Bulgar Stuffed Peppers</title>
      <categories>
        <cat>Grains</cat>
        <cat>Ground beef</cat>
        <cat>Ground chic</cat>
        <cat>Lamb</cat>
        <cat>Main dishes</cat></categories>
      <yield>4</yield></head>
    <ingredients>
      <ing>
        <amt>
          <qty>1</qty>
          <unit>small</unit></amt>
        <item>Onion; fine chopd</item></ing>
      <ing>
        <amt>
          <qty>1</qty>
          <unit/></amt>
        <item>Clove garlic; minced</item></ing>
      <ing>
        <amt>
          <qty>1 1/2</qty>
          <unit/></amt>
        <item>Tomatoes; seeded and chopped (up to 2)</item></ing>
      <ing>
        <amt>
          <qty>1</qty>
          <unit>tablespoon</unit></amt>
        <item>Oil</item></ing>
      <ing>
        <amt>
          <qty>1/4</qty>
          <unit>teaspoons</unit></amt>
        <item>Thyme</item></ing>
      <ing>
        <amt>
          <qty>1/2</qty>
          <unit>cups</unit></amt>
        <item>Bulgur</item></ing>
      <ing>
        <amt>
          <qty>2/3</qty>
          <unit>pounds</unit></amt>
        <item>Ground beef; lamb, turkey, and/or pork</item></ing>
      <ing>
        <amt>
          <qty>2</qty>
          <unit>tablespoons</unit></amt>
        <item>Chopped parsley</item></ing>
      <ing>
        <amt>
          <qty>1/2</qty>
          <unit>teaspoons</unit></amt>
        <item>Salt</item></ing>
      <ing>
        <amt>
          <qty>1/8</qty>
          <unit>teaspoons</unit></amt>
        <item>Pepper</item></ing>
      <ing>
        <amt>
          <qty>4</qty>
          <unit>large</unit></amt>
        <item>Red; green and/or yellow peppers, halved</item></ing>
      <ing>
        <amt>
          <qty>1/2</qty>
          <unit>cups</unit></amt>
        <item>White wine; OR beef broth</item></ing></ingredients>
    <directions>
      <step>  Heat oven to 350 ø. Microwave the pepper halves on High for 3 minutes. Heat
  oil in large pan. Add chopped vegetables, thyme and bulgur. Cook over Low
  heat for 5 minutes. Off heat, stir in ground meat, salt and pepper. Stuff
  pepper halves with raw meat mixture. Place in baking dish. Add wine or
  bouillon to dish. Cover with foil for at least half of the cooking time.
  Bake for 1 hour at 350 F. MC formatting by bobbi744@sojourn.com
  
  NOTES : Per serving: 337 calories.=20
  
  Recipe by: Source Unknown
  
  Posted to Bakery-Shoppe Digest V1 #198 by Roberta Banghart
  &lt;bobbi744@sojourn.com&gt; on Aug 21, 1997
 
</step></directions></recipe></recipeml>
