<?xml version="1.0" encoding="UTF-8"?>

<recipeml version="0.5">
  <recipe>
    <head>
      <title>Amy Yasbeck's Red and Green Roasted Vegetable</title>
      <categories>
        <cat>Asparagus</cat>
        <cat>Cheese</cat>
        <cat>Peppers</cat>
        <cat>Side dishes</cat>
        <cat>Tomatoes</cat></categories>
      <yield>8</yield></head>
    <ingredients>
      <ing>
        <amt>
          <qty>1</qty>
          <unit>pound</unit></amt>
        <item>Red bell peppers; halved/seeded</item></ing>
      <ing>
        <amt>
          <qty>1</qty>
          <unit>pound</unit></amt>
        <item>Green bell peppers; halved/seeded</item></ing>
      <ing>
        <amt>
          <qty>1</qty>
          <unit>pound</unit></amt>
        <item>Asparagus; trimmed</item></ing>
      <ing>
        <amt>
          <qty>1</qty>
          <unit>pound</unit></amt>
        <item>Zucchini; sliced</item></ing>
      <ing>
        <amt>
          <qty>3</qty>
          <unit>pounds</unit></amt>
        <item>Plum tomatoes</item></ing>
      <ing>
        <amt>
          <qty>3/4</qty>
          <unit>cups</unit></amt>
        <item>Extra virgin olive oil</item></ing>
      <ing>
        <amt>
          <qty/>
          <unit/></amt>
        <item>Salt to taste</item></ing>
      <ing>
        <amt>
          <qty/>
          <unit/></amt>
        <item>Freshly ground black pepper; to taste</item></ing>
      <ing>
        <amt>
          <qty>4</qty>
          <unit/></amt>
        <item>Cloves garlic; crushed</item></ing>
      <ing>
        <amt>
          <qty>16</qty>
          <unit>ounces</unit></amt>
        <item>Pkg. mozzarella cheese; shredded</item></ing></ingredients>
    <directions>
      <step>  Preheat oven to 350°. Place vegetables on aluminum foi or metal pans; top
  with oil, salt, pepper and garlic. Place on oven rack. Roast 1 hour. Remove
  all vegetables except tomatoes and set aside. Pierce skin of tomatoes.
  Roast 6 hours until most of the water has evaporated. Transfer vegetables
  to serving platter. Top with cheese. Serve at room temperature. MC
  formatting by bobbi744@sojourn.com
  
  NOTES : Amy Yasbeck plays Helen's (Crystal Bernad) perfect older sister,
  Casey on NBC's Wings.
  Recipe by: TV Guide Magazine, Nov. 23, ' 96
  
  Posted to MC-Recipe Digest by Roberta Banghart &lt;bobbi744@sojourn.com&gt; on
  Apr 13, 1998
 
</step></directions></recipe></recipeml>
