<?xml version="1.0" encoding="UTF-8"?>

<recipeml version="0.5">
  <recipe>
    <head>
      <title>Ana María's Pebre Sauce</title>
      <categories>
        <cat>96feb</cat>
        <cat>Condiment</cat></categories>
      <yield>1</yield></head>
    <ingredients>
      <ing>
        <amt>
          <qty>1</qty>
          <unit/></amt>
        <item>Head garlic; peeled</item></ing>
      <ing>
        <amt>
          <qty>6</qty>
          <unit/></amt>
        <item>Hot green cayenne chile peppers; stemmed, chopped</item></ing>
      <ing>
        <amt>
          <qty>1</qty>
          <unit>small</unit></amt>
        <item>Bunch cilantro; finely chopped</item></ing>
      <ing>
        <amt>
          <qty>4</qty>
          <unit/></amt>
        <item>Tomatoes; peeled -- fine chopped</item></ing>
      <ing>
        <amt>
          <qty>2</qty>
          <unit>tablespoons</unit></amt>
        <item>Olive oil</item></ing>
      <ing>
        <amt>
          <qty>1/4</qty>
          <unit>teaspoons</unit></amt>
        <item>Ground cumin</item></ing>
      <ing>
        <amt>
          <qty/>
          <unit/></amt>
        <item>Salt to taste</item></ing></ingredients>
    <directions>
      <step>  These came out of the Jan/Feb 96 Chile Pepper Magazine written by Barb &amp;
  Ron Kroll. I can't say that I've tried any of them. Hope they help.
  
  Grind the garlic and the chiles in a mortar or food processor to form a
  paste.  Combine the cilantro and tomatoes with the chile paste.  Mix in the
  oil, cumin and salt and let sit for an hour to blend the flavors.
  
  Yield: 1/2 cup, Heat Scale: Hot
  Posted to CHILE-HEADS DIGEST V3 #138
  
  Date: Tue, 22 Oct 1996 05:29:12 -0700
  
  From: "Carl &amp; Joyce Camper" &lt;chateaustripmin@mcn.net&gt;
  
  NOTES : This is one of many variations for the traditional Chilean hot
  sauce.
 
</step></directions></recipe></recipeml>
