<?xml version="1.0" encoding="UTF-8"?>

<recipeml version="0.5">
  <recipe>
    <head>
      <title>Anadama Bread</title>
      <categories>
        <cat>Breads</cat></categories>
      <yield>6</yield></head>
    <ingredients>
      <ing>
        <amt>
          <qty>1/2</qty>
          <unit>cups</unit></amt>
        <item>Corn meal</item></ing>
      <ing>
        <amt>
          <qty>3</qty>
          <unit>tablespoons</unit></amt>
        <item>Shortening</item></ing>
      <ing>
        <amt>
          <qty>1/4</qty>
          <unit>cups</unit></amt>
        <item>Molasses</item></ing>
      <ing>
        <amt>
          <qty>2</qty>
          <unit>teaspoons</unit></amt>
        <item>Salt</item></ing>
      <ing>
        <amt>
          <qty>3/4</qty>
          <unit>cups</unit></amt>
        <item>Boiling water</item></ing>
      <ing>
        <amt>
          <qty>1</qty>
          <unit/></amt>
        <item>Pkg, active dry yeast OR 1 cake compressed</item></ing>
      <ing>
        <amt>
          <qty>1/4</qty>
          <unit>cups</unit></amt>
        <item>Warm water</item></ing>
      <ing>
        <amt>
          <qty>1</qty>
          <unit/></amt>
        <item>Egg beaten</item></ing>
      <ing>
        <amt>
          <qty>3</qty>
          <unit>cups</unit></amt>
        <item>Sifted all-purpose flour</item></ing></ingredients>
    <directions>
      <step>  Combine corn meal, shortening, molasses, salt and boiling water in a large
  bowl. Let stand till lukewarm. Sprinkle yeast over warm water to dissolve,
  then stir yeast, egg and HALF of the flour into corn meal mixture. Beat
  vigorously. Stir in remaining flour and mix thoroughly till dough forms a
  soft ball. Use your hand if it seems easier. Transfer to a greased loaf
  pan, cover with a cloth, and set in a warm place till dough reaches 1 inch
  above the pan. Sprinkle top with a little corn meal and salt. Bake in
  preheated 350 F. oven for 50 to 55 minutes. Cool before slicing.
 
</step></directions></recipe></recipeml>
