<?xml version="1.0" encoding="UTF-8"?>

<recipeml version="0.5">
  <recipe>
    <head>
      <title>Anadama Bread</title>
      <categories>
        <cat>Breads</cat>
        <cat>Breadmaker</cat></categories>
      <yield>1</yield></head>
    <ingredients>
      <ing>
        <amt>
          <qty>1</qty>
          <unit>package</unit></amt>
        <item>Yeast</item></ing>
      <ing>
        <amt>
          <qty>3 1/2</qty>
          <unit>cups</unit></amt>
        <item>Bread flour</item></ing>
      <ing>
        <amt>
          <qty>1/3</qty>
          <unit>cups</unit></amt>
        <item>Yellow cornmeal</item></ing>
      <ing>
        <amt>
          <qty>1 1/2</qty>
          <unit>cups</unit></amt>
        <item>Boiling water</item></ing>
      <ing>
        <amt>
          <qty>1/3</qty>
          <unit>cups</unit></amt>
        <item>Molasses</item></ing>
      <ing>
        <amt>
          <qty>1</qty>
          <unit>teaspoon</unit></amt>
        <item>Salt</item></ing>
      <ing>
        <amt>
          <qty>2</qty>
          <unit>teaspoons</unit></amt>
        <item>Butter</item></ing></ingredients>
    <directions>
      <step>  Place cornmeal into bowl.  Carefully pour boiling water into cornmeal,
  stirring to make sure it is smooth.  Let stand to cool about 30 minutes.
  Stir in molasses, salt and butter.  Place yeast in pan, bread flour, then
  the cornmeal mixture.  Select white bread and push start. DAK bread/maker -
  jean hores
  
  Posted to MealMaster Recipes List, Digest #154
  
  Date: Sun, 2 Jun 1996 14:30:45 -0400
  
  From: millern@redwood.cc.andrews.edu (Nancy Miller)
 
</step></directions></recipe></recipeml>
