<?xml version="1.0" encoding="UTF-8"?>

<recipeml version="0.5">
  <recipe>
    <head>
      <title>Anadama Bread</title>
      <categories>
        <cat>Bread maili</cat>
        <cat>Breads</cat></categories>
      <yield>1</yield></head>
    <ingredients>
      <ing>
        <amt>
          <qty>3</qty>
          <unit>cups</unit></amt>
        <item>Water</item></ing>
      <ing>
        <amt>
          <qty>3/4</qty>
          <unit>teaspoons</unit></amt>
        <item>Yeast; ***see note***</item></ing>
      <ing>
        <amt>
          <qty>6</qty>
          <unit>cups</unit></amt>
        <item>Flour; * (6 to 7)</item></ing>
      <ing>
        <amt>
          <qty>1 1/4</qty>
          <unit>cups</unit></amt>
        <item>Cornmeal</item></ing>
      <ing>
        <amt>
          <qty>2 1/2</qty>
          <unit>teaspoons</unit></amt>
        <item>Sea salt; (table salt can be</item></ing>
      <ing>
        <amt>
          <qty/>
          <unit/></amt>
        <item>Substituted)</item></ing>
      <ing>
        <amt>
          <qty>3</qty>
          <unit>tablespoons</unit></amt>
        <item>Corn oil; (must use corn for</item></ing>
      <ing>
        <amt>
          <qty/>
          <unit/></amt>
        <item>Best flavor)</item></ing>
      <ing>
        <amt>
          <qty>3</qty>
          <unit>tablespoons</unit></amt>
        <item>Molasses</item></ing></ingredients>
    <directions>
      <step>  1&gt; Proof yeast in 1/4 cup  of the water with 1 tsp flour. 2&gt; Sift cornmeal
  with 3 1/2 cups of flour, stir into yeast and remaining water. Stir 100
  times, then cover with towel and let sponge.  (After 1 hour or so, air
  pockets will form, looking like a sponge.) 3&gt; Stir in salt, oil &amp; molasses.
  Gradually stir in enough remaining flour until dough is formed. Knead until
  smooth, about 10 minutes.  Place in greased bowl, turn, cover and let rise
  until double.  (1 1/2 - 2 hours) 4&gt; Punch down, let rise again until double
  ( 1 - 1 1/2 hours). 5&gt; Punch down, form into two loaves. Place in greased
  pans sprinkled with cornmeal. Let rise until double, about 1 hour. Slash
  tops, brush with egg wash and bake at 350 degrees for about 50 minutes or
  until internal temp is
      190    degrees.
  
  NOTE: If eliminating sponge step, use 2 tsp yeast.  Entire process can be
  done in a large food processor or Kitchenaid for ease.
  
  &gt;From: t4v8f4jv@coastalnet.com
  From: Bread-Bakers Archives: ftp.best.com/pub/reggie/archives/bread/recipe
  
  Recipe By     : The Bread Machine Cookbook,Donna Rathmell German
 
</step></directions></recipe></recipeml>
