<?xml version="1.0" encoding="UTF-8"?>

<recipeml version="0.5">
  <recipe>
    <head>
      <title>Anadama Bread - Pan-1</title>
      <categories>
        <cat>Breadmaker</cat>
        <cat>Breads</cat></categories>
      <yield>1</yield></head>
    <ingredients>
      <ing>
        <amt>
          <qty/>
          <unit/></amt>
        <item>XKGR41A Don Fifield</item></ing>
      <ing>
        <amt>
          <qty>2 1/4</qty>
          <unit>cups</unit></amt>
        <item>Bread Flour</item></ing>
      <ing>
        <amt>
          <qty>1</qty>
          <unit>tablespoon</unit></amt>
        <item>Dry milk</item></ing>
      <ing>
        <amt>
          <qty>1</qty>
          <unit>teaspoon</unit></amt>
        <item>Salt</item></ing>
      <ing>
        <amt>
          <qty>1/4</qty>
          <unit>cups</unit></amt>
        <item>Cornmeal (1/2 oz)</item></ing>
      <ing>
        <amt>
          <qty>1</qty>
          <unit>tablespoon</unit></amt>
        <item>Molasses</item></ing>
      <ing>
        <amt>
          <qty>1</qty>
          <unit>tablespoon</unit></amt>
        <item>Olive oil</item></ing>
      <ing>
        <amt>
          <qty>15/16</qty>
          <unit>cups</unit></amt>
        <item>Water (7 1/2 fl.oz)</item></ing>
      <ing>
        <amt>
          <qty>1</qty>
          <unit>teaspoon</unit></amt>
        <item>Dry yeast</item></ing>
      <ing>
        <amt>
          <qty>Timer</qty>
          <unit>OR</unit></amt>
        <item>Bake (Rapid) mode may be used. Place all ingredients (except</item></ing></ingredients>
    <directions>
      <step>  liquids and yeast) inside the bread pan. Add liquid ingredients. Close
  cover and place dry yeast into the yeast holder. Press start.
  
  Posted to MM-Recipes Digest V4 #218 by serge.cyr@sympatico.ca (Serge Cyr)
  on Aug 19, 1997
 
</step></directions></recipe></recipeml>
