<?xml version="1.0" encoding="UTF-8"?>

<recipeml version="0.5">
  <recipe>
    <head>
      <title>Anago's Lentil Bisque</title>
      <categories>
        <cat>American</cat>
        <cat>Beans</cat>
        <cat>Bisque</cat></categories>
      <yield>4</yield></head>
    <ingredients>
      <ing>
        <amt>
          <qty>2</qty>
          <unit>tablespoons</unit></amt>
        <item>Canola oil</item></ing>
      <ing>
        <amt>
          <qty>10</qty>
          <unit/></amt>
        <item>Cloves garlic; crushed and peeled</item></ing>
      <ing>
        <amt>
          <qty>1</qty>
          <unit>large</unit></amt>
        <item>Onion; chopped</item></ing>
      <ing>
        <amt>
          <qty>1</qty>
          <unit>tablespoon</unit></amt>
        <item>Tomato paste</item></ing>
      <ing>
        <amt>
          <qty>2/3</qty>
          <unit>cups</unit></amt>
        <item>Dry white wine</item></ing>
      <ing>
        <amt>
          <qty>1</qty>
          <unit>cup</unit></amt>
        <item>Lentils; rinsed</item></ing>
      <ing>
        <amt>
          <qty>5</qty>
          <unit>cups</unit></amt>
        <item>Light chicken stock; or water</item></ing>
      <ing>
        <amt>
          <qty>1/2</qty>
          <unit>cups</unit></amt>
        <item>Heavy cream</item></ing>
      <ing>
        <amt>
          <qty/>
          <unit/></amt>
        <item>Salt and pepper; to taste</item></ing>
      <ing>
        <amt>
          <qty/>
          <unit/></amt>
        <item>Chopped tomatoes and Italian parsley; optional garnish</item></ing></ingredients>
    <directions>
      <step>  Blackened garlic, lentils, and pasta was one of Bob Calderone's favorite
  combinations when he was a boy. Calderone, chef-owner of Anago in the Lenox
  Hotel, now turns the combination into a bisque. Here is an adaptation of
  his recipe.
  
  Heat the oil in a Dutch oven or large pot over medium-high heat. Add the
  garlic and cook, turning often, until charred, about 5 minutes. Put in the
  onion and cook for an additional 4 minutes or until lightly browned. Add
  the tomatoe paste and wine, and cook while stirring until the tomato paste
  dissolves and the wine bubbles. Add the lentils and chicken stock, and
  bring to a boil. Then reduce the heat and simmer gently for 45 minutes or
  until the lentils are tender. Add more stock or water to keep the lentils
  covered. Remove from the heat and, when cool enough to handle, puree in
  batches in a processor. Refrigerate overnight.
  
  The next day, bring the soup to a gentle simmer. Stir in the cream and more
  stock or water if it is too thick and heat thoroughly. Season with salt and
  pepper, and garnish with chopped tomatoes and Italian parsley, if desired.
  
  Compliments of Garry's Home Cookin' http://www.netrelief.com/cooking Garry
  Howard - Cambridge, MA garry@netrelief.com
  
  Recipe by: Boston Globe - 3/18/98
  
  Posted to MC-Recipe Digest by "Garry Howard" &lt;garry@netrelief.com&gt; on Mar
  21, 1998
 
</step></directions></recipe></recipeml>
