<?xml version="1.0" encoding="UTF-8"?>

<recipeml version="0.5">
  <recipe>
    <head>
      <title>Anasazi Bean Stew with Cornmeal Dumplings</title>
      <categories>
        <cat>Main dish</cat>
        <cat>Vegetarian</cat>
        <cat>Vegan</cat></categories>
      <yield>4</yield></head>
    <ingredients>
      <ing-div>
        <title/>
        <ing>
          <amt>
            <qty>1 1/2</qty>
            <unit>cups</unit></amt>
          <item>Anasazi beans</item></ing>
        <ing>
          <amt>
            <qty>3</qty>
            <unit>cups</unit></amt>
          <item>Water</item></ing>
        <ing>
          <amt>
            <qty>2</qty>
            <unit>cups</unit></amt>
          <item>Chopped onions</item></ing>
        <ing>
          <amt>
            <qty>1</qty>
            <unit>cup</unit></amt>
          <item>Chopped celery</item></ing>
        <ing>
          <amt>
            <qty>1 1/2</qty>
            <unit>cups</unit></amt>
          <item>Sliced carrots</item></ing>
        <ing>
          <amt>
            <qty>1</qty>
            <unit/></amt>
          <item>(7") strip kombu; rinsed</item></ing>
        <ing>
          <amt>
            <qty>3</qty>
            <unit/></amt>
          <item>Bay leaves</item></ing>
        <ing>
          <amt>
            <qty>2</qty>
            <unit>teaspoons</unit></amt>
          <item>Dried savory</item></ing>
        <ing>
          <amt>
            <qty>2</qty>
            <unit>cups</unit></amt>
          <item>Tomato puree</item></ing>
        <ing>
          <amt>
            <qty>1</qty>
            <unit>tablespoon</unit></amt>
          <item>Balsamic vinegar</item></ing>
        <ing>
          <amt>
            <qty>2</qty>
            <unit>tablespoons</unit></amt>
          <item>Low-sodium tamari</item></ing></ing-div>
      <ing-div>
        <title>CORNMEAL DUMPLINGS</title>
        <ing>
          <amt>
            <qty>1/2</qty>
            <unit>cups</unit></amt>
          <item>Cornmeal</item></ing>
        <ing>
          <amt>
            <qty>1/4</qty>
            <unit>teaspoons</unit></amt>
          <item>Sea salt</item></ing>
        <ing>
          <amt>
            <qty>1/8</qty>
            <unit>teaspoons</unit></amt>
          <item>Baking powder</item></ing>
        <ing>
          <amt>
            <qty>5 1/4</qty>
            <unit>ounces</unit></amt>
          <item>Extra-firm silken tofu</item></ing></ing-div></ingredients>
    <directions>
      <step>  Combine beans, water, onions, celery, carrots, kombu, bay leaves, savory
  and tomato puree in a large soup kettle. Bring to a boil, reduce heat and
  simmer until beans and vegetables are tender, about 45 minutes.
  
  Remove kombu, slice into bite-size pieces and return to kettle. Stir in
  vinegar and tamari.
  
  While the stew is cooking, prepare the dumpling dough (below). Bring stew
  to a slow boil over medium heat and drop tablespoonfuls of batter onto
  surface of stew. Cover and cook for 10 minutes.
  
  Remove dumplings with a slotted spoon to a serving bowl. Stir stew to mix
  well.  Ladle stew into individual serving bowls and top with dumplings.
  Serve immediately.
  
  Hints: For fresh tomato puree, place 3 to 4 medium-size tomatoes in a
  blender and blend until smooth.
  
  Delicious with cooked greens and a tomato salad.
  
  CORNMEAL DUMPLINGS: =================== (Makes about 8 dumplings)
  
  In a medium-size mixing bowl, combine cornmeal, salt and baking powder.
  
  Blend tofu in a blender or food processor until smooth and creamy.
  
  Add tofu to cornmeal mixture and mix well.
  
  Hints: Replace 1/2 cup all purpose flour for half of cornmeal.
  
  STEW - Per serving: 526 cal, 31 g prot, 579 mg sod, 92 g carb, 6 g fat, 0
  mg chol, 183 mg calcium
  
  DUMPLINGS - Per serving: 55 cal, 4 g prot, 125 mg sod, 6 g carb, 2 g fat, 0
  mg chol, 51 mg calcium
  
  From: Vegetarian Gourmet - Winter 1993 Typed for you by Karen Mintzias
  
  From Gemini's MASSIVE MealMaster collection at www.synapse.com/~gemini
 
</step></directions></recipe></recipeml>
