<?xml version="1.0" encoding="UTF-8"?>

<recipeml version="0.5">
  <recipe>
    <head>
      <title>Anatole Salad</title>
      <categories>
        <cat>Salad</cat></categories>
      <yield>4</yield></head>
    <ingredients>
      <ing-div>
        <title/>
        <ing>
          <amt>
            <qty>1/2</qty>
            <unit/></amt>
          <item>Head Romaine lettuce</item></ing>
        <ing>
          <amt>
            <qty>1</qty>
            <unit/></amt>
          <item>Head Limestone lettuce</item></ing>
        <ing>
          <amt>
            <qty>4</qty>
            <unit/></amt>
          <item>Leaves Belgian endive</item></ing>
        <ing>
          <amt>
            <qty>4</qty>
            <unit/></amt>
          <item>Leaves spinach</item></ing>
        <ing>
          <amt>
            <qty>4</qty>
            <unit/></amt>
          <item>Sprigs watercress</item></ing>
        <ing>
          <amt>
            <qty>2</qty>
            <unit/></amt>
          <item>Medium-sized avocados; peeled &amp; sliced into 6 wedges each</item></ing>
        <ing>
          <amt>
            <qty>1/4</qty>
            <unit>pounds</unit></amt>
          <item>Cooked lump crabmeat</item></ing>
        <ing>
          <amt>
            <qty>8</qty>
            <unit/></amt>
          <item>Medium-sized cocktail shrimp; boiled; peeled, &amp;</item></ing></ing-div>
      <ing-div>
        <title>GARGANZOLA DRESSING</title>
        <ing>
          <amt>
            <qty>2</qty>
            <unit>cups</unit></amt>
          <item>Heavy mayonnaise</item></ing>
        <ing>
          <amt>
            <qty>2</qty>
            <unit>ounces</unit></amt>
          <item>Roquefort cheese</item></ing>
        <ing>
          <amt>
            <qty>1/3</qty>
            <unit>cups</unit></amt>
          <item>Lemon juice</item></ing>
        <ing>
          <amt>
            <qty>1</qty>
            <unit>teaspoon</unit></amt>
          <item>Salt</item></ing>
        <ing>
          <amt>
            <qty>1/4</qty>
            <unit>teaspoons</unit></amt>
          <item>Garlic salt</item></ing>
        <ing>
          <amt>
            <qty>1 1/2</qty>
            <unit>teaspoons</unit></amt>
          <item>White pepper</item></ing>
        <ing>
          <amt>
            <qty>10</qty>
            <unit/></amt>
          <item>Sprigs parsley; very finely chopped</item></ing>
        <ing>
          <amt>
            <qty>2</qty>
            <unit>tablespoons</unit></amt>
          <item>Very finely chopped chives</item></ing>
        <ing>
          <amt>
            <qty>2</qty>
            <unit>tablespoons</unit></amt>
          <item>Pureed shallots</item></ing>
        <ing>
          <amt>
            <qty>1</qty>
            <unit>cup</unit></amt>
          <item>White wine vinegar</item></ing></ing-div></ingredients>
    <directions>
      <step>  Clean the greens thoroughly. Tear the lettuce, endive, and spinach into
  bite-size pieces and toss together in a salad bowl. Divide the greens onto
  four chilled salad plates; top each salad with a sprig of watercress, 3
  avocado wedges, an ounce of crabmeat, and 2 shrimp.  Top with Garganzola
  Dressing. Combine the mayonnaise, Roquefort, and lemon juice in a blender.
  Add the salt, garlic salt, pepper, parsley, chives, and shallots. Blend at
  low speed. Add the vinegar very slowly while continuing to blend at low
  speed. Chill before serving.
  
  L 'ENTRECOTE
  
  STEMMONS FREEWAY NORTH, DALLAS.
  
  From the &lt;Micro Cookbook Collection of French Recipes&gt;.  Downloaded from
  Glen's MM Recipe Archive, http://www.erols.com/hosey.
 
</step></directions></recipe></recipeml>
