<?xml version="1.0" encoding="UTF-8"?>

<recipeml version="0.5">
  <recipe>
    <head>
      <title>Ancho Ranchero Sauce</title>
      <categories>
        <cat>Ew</cat>
        <cat>Text</cat>
        <cat>Import</cat></categories>
      <yield>1</yield></head>
    <ingredients>
      <ing>
        <amt>
          <qty>10</qty>
          <unit/></amt>
        <item>Ancho peppers</item></ing>
      <ing>
        <amt>
          <qty>5</qty>
          <unit/></amt>
        <item>Garlic cloves</item></ing>
      <ing>
        <amt>
          <qty>2</qty>
          <unit/></amt>
        <item>Tomatoes</item></ing>
      <ing>
        <amt>
          <qty>2</qty>
          <unit>tablespoons</unit></amt>
        <item>Olive oil</item></ing>
      <ing>
        <amt>
          <qty>1 1/2</qty>
          <unit>cups</unit></amt>
        <item>Chopped onions</item></ing>
      <ing>
        <amt>
          <qty>1/2</qty>
          <unit>cups</unit></amt>
        <item>Chopped carrots</item></ing>
      <ing>
        <amt>
          <qty>1</qty>
          <unit/></amt>
        <item>Jalapeno,; seeded and chopped</item></ing>
      <ing>
        <amt>
          <qty>1</qty>
          <unit/></amt>
        <item>Whole ear of corn, cut crosswise into; 4 to 5 rounds crosswise into; 4 to 5 rounds crosswise into; 4 to 5 rounds crosswise into; 4 to 5 rounds crosswise into; 4 to 5 rounds</item></ing>
      <ing>
        <amt>
          <qty>2</qty>
          <unit/></amt>
        <item>Corn tortillas,; cut into 1/2-inch strips</item></ing>
      <ing>
        <amt>
          <qty>1/2</qty>
          <unit>bunches</unit></amt>
        <item>Cilantro,; tied together</item></ing>
      <ing>
        <amt>
          <qty>1 1/2</qty>
          <unit>cups</unit></amt>
        <item>Vegetable or chicken stock; or broth</item></ing>
      <ing>
        <amt>
          <qty/>
          <unit/></amt>
        <item>Juice of 3 limes</item></ing>
      <ing>
        <amt>
          <qty/>
          <unit/></amt>
        <item>Salt</item></ing>
      <ing>
        <amt>
          <qty/>
          <unit/></amt>
        <item>Maple syrup</item></ing></ingredients>
    <directions>
      <step>  Seed Ancho peppers, soak in hot water until soft, then puree in a food
  processor or blender. Roast garlic and tomatoes in a 350 degree oven until
  softened and darkened in spots. Heat oil in a medium saucepan and saute
  onions until golden. Add carrots and saute until tender, about 4 minutes.
  Add roasted garlic and tomatoes, jalapeno, corn, tortilla strips, cilantro
  and Ancho puree. Bring to a boil and simmer for 5 minutes. Remove and
  discard corn and cilantro. Strain sauce. Add lime juice, and season to
  taste with salt and maple syru
  
  Recipe By     :CHEF DU JOUR DEAN FEARING SHOW #DJ9065
  
  Posted to MC-Recipe Digest V1 #228
  
  Date: Sat, 28 Sep 1996 07:47:43 -0400
  
  From: Rowaan &lt;Rowaan@ix.netcom.com&gt;
 
</step></directions></recipe></recipeml>
