<?xml version="1.0" encoding="UTF-8"?>

<recipeml version="0.5">
  <recipe>
    <head>
      <title>Ancho Chile Fudge Pie</title>
      <categories>
        <cat>Pie</cat></categories>
      <yield>8</yield></head>
    <ingredients>
      <ing>
        <amt>
          <qty>2</qty>
          <unit/></amt>
        <item>Eggs</item></ing>
      <ing>
        <amt>
          <qty>1/2</qty>
          <unit>cups</unit></amt>
        <item>Sugar</item></ing>
      <ing>
        <amt>
          <qty>1/2</qty>
          <unit>cups</unit></amt>
        <item>Packed brown sugar</item></ing>
      <ing>
        <amt>
          <qty>1/2</qty>
          <unit>cups</unit></amt>
        <item>Plus</item></ing>
      <ing>
        <amt>
          <qty>2</qty>
          <unit>tablespoons</unit></amt>
        <item>Flour</item></ing>
      <ing>
        <amt>
          <qty>2</qty>
          <unit>tablespoons</unit></amt>
        <item>Ancho chile puree</item></ing>
      <ing>
        <amt>
          <qty>1/2</qty>
          <unit>cups</unit></amt>
        <item>Margarine; melted</item></ing>
      <ing>
        <amt>
          <qty>1/2</qty>
          <unit>cups</unit></amt>
        <item>Chopped walnuts</item></ing>
      <ing>
        <amt>
          <qty>1</qty>
          <unit>cup</unit></amt>
        <item>Chocolate chips</item></ing>
      <ing>
        <amt>
          <qty>1</qty>
          <unit>tablespoon</unit></amt>
        <item>Vanilla</item></ing>
      <ing>
        <amt>
          <qty>1</qty>
          <unit/></amt>
        <item>9" unbaked pastry shell</item></ing>
      <ing>
        <amt>
          <qty/>
          <unit/></amt>
        <item>Cool whip</item></ing></ingredients>
    <directions>
      <step>  Date: Sat, 17 Feb 1996 16:08:14 -0600
  
  From: Judy Howle &lt;howle@EbiCom.net&gt;
  Here is an unusual recipe.  Somebody try it and let me know how it tastes!
  A chef on TV (could have been on Bert Wolfe's show) prepared this:
  
  Ancho puree: Remove stem, seeds and veins from 4-5 ancho chiles. Cut in
  pieces. Soak in boiling water 20 minutes.  Blend in blender with small
  amount of fresh water.
  
  Cream eggs and sugars.  Add flour and ancho paste.  Add melted margarine.
  Mix well.  Add nuts, chocolate chips and vanilla.  Put in shell.  Bake at
  350 d. about 1 hr. until lightly browned. Serve with Cool Whip.
  
  CHILE-HEADS DIGEST V2 #243
  
  From the Chile-Heads recipe list.  Downloaded from Glen's MM Recipe
  Archive, http://www.erols.com/hosey.
 
</step></directions></recipe></recipeml>
