<?xml version="1.0" encoding="UTF-8"?>

<recipeml version="0.5">
  <recipe>
    <head>
      <title>Ancho Chili Mayonnaise</title>
      <categories>
        <cat>*sauces</cat>
        <cat>Mexican</cat>
        <cat>Tvfn</cat></categories>
      <yield>1</yield></head>
    <ingredients>
      <ing>
        <amt>
          <qty>4</qty>
          <unit/></amt>
        <item>Ancho chilies; seeded</item></ing>
      <ing>
        <amt>
          <qty>1</qty>
          <unit>large</unit></amt>
        <item>Egg yolk</item></ing>
      <ing>
        <amt>
          <qty>1</qty>
          <unit>tablespoon</unit></amt>
        <item>Dijon mustard</item></ing>
      <ing>
        <amt>
          <qty>2</qty>
          <unit>tablespoons</unit></amt>
        <item>Balsamic vinegar</item></ing>
      <ing>
        <amt>
          <qty>1</qty>
          <unit>cup</unit></amt>
        <item>Corn oil</item></ing>
      <ing>
        <amt>
          <qty>1</qty>
          <unit/></amt>
        <item>Lime or to taste; juice of</item></ing>
      <ing>
        <amt>
          <qty/>
          <unit/></amt>
        <item>Salt to taste</item></ing></ingredients>
    <directions>
      <step>  Soak chilies in hot water for about 20 minutes or until soft. Place in a
  blender and puree until smooth. Add egg yolk, Dijon mustard, and balsamic
  vinegar. Process until well incorporated. With blender running, slowly add
  oil in a thin, steady stream. When well combined, blend in lime juice.
  Season to taste. Pour mixture into a plastic ketchup bottle and set aside
  until ready to use.
  
  NOTES : I have the Planning and Pantry List for this theme. E-mail me if
  you want it. Posted by Emily Griffin - emgriffi@ix.netcom.com S: 4
  Recipe by: HOME ENTERTAINING WITH DEAN FEARING SHOW #HE1A06 DINNER FOR
  
  Posted to MC-Recipe Digest V1 #919 by Emily Griffin
  &lt;emgriffi@ix.netcom.com&gt; on Nov 22, 1997
 
</step></directions></recipe></recipeml>
