<?xml version="1.0" encoding="UTF-8"?>

<recipeml version="0.5">
  <recipe>
    <head>
      <title>Ancho Red-Onion Flapjacks</title>
      <categories>
        <cat>Cakes</cat>
        <cat>Hot</cat>
        <cat>Vegetables</cat></categories>
      <yield>12</yield></head>
    <ingredients>
      <ing>
        <amt>
          <qty>1</qty>
          <unit>large</unit></amt>
        <item>Red onion, julienned</item></ing>
      <ing>
        <amt>
          <qty>1</qty>
          <unit>tablespoon</unit></amt>
        <item>Ancho powder</item></ing>
      <ing>
        <amt>
          <qty>2</qty>
          <unit>teaspoons</unit></amt>
        <item>Cumin powder</item></ing>
      <ing>
        <amt>
          <qty>2</qty>
          <unit>cups</unit></amt>
        <item>Flour</item></ing>
      <ing>
        <amt>
          <qty>1</qty>
          <unit>cup</unit></amt>
        <item>Corn meal</item></ing>
      <ing>
        <amt>
          <qty>2</qty>
          <unit>teaspoons</unit></amt>
        <item>Salt</item></ing>
      <ing>
        <amt>
          <qty>1</qty>
          <unit>tablespoon</unit></amt>
        <item>Lemon juice</item></ing>
      <ing>
        <amt>
          <qty>1</qty>
          <unit>tablespoon</unit></amt>
        <item>Sugar</item></ing>
      <ing>
        <amt>
          <qty>2</qty>
          <unit>cups</unit></amt>
        <item>Beer</item></ing></ingredients>
    <directions>
      <step>  In a large mixing bowl, combine onions, ancho powder, cumin, flour, corn
  meal, salt, lemon juice and sugar. Stir well to combine.
  
  Add beer, stirring to form a pancake-thin batter.
  
  Coat a griddle with a little oil and heat over medium heat. Pour 1/4 cup of
  batter out at a time to form ca,es, flattening if required. Cook until
  golden brown, about 2-3 minutes. Flip cakes and continue cooking until
  second side is browned. Reseve cakes on a warmed plate.
  
  Serve with chili.
  
  Recipe courtesy of "Chile Pepper Magazine" entered by Roy Olsen
  roy@indy.net        http://www.indy.net/~roy/
  
  Posted to MM-Recipes Digest V4 #134 by roy@indy.net (Roy) on May 14, 1997
 
</step></directions></recipe></recipeml>
