<?xml version="1.0" encoding="UTF-8"?>

<recipeml version="0.5">
  <recipe>
    <head>
      <title>Anchoïade</title>
      <categories>
        <cat>Hors d'</cat>
        <cat>Oeuvres</cat>
        <cat>And</cat>
        <cat>Dips</cat></categories>
      <yield>12</yield></head>
    <ingredients>
      <ing>
        <amt>
          <qty>6</qty>
          <unit/></amt>
        <item>Basil leafs</item></ing>
      <ing>
        <amt>
          <qty>150</qty>
          <unit>grams</unit></amt>
        <item>Anchovies; 5 oz</item></ing>
      <ing>
        <amt>
          <qty>2</qty>
          <unit>deciliters</unit></amt>
        <item>Olive oil</item></ing>
      <ing>
        <amt>
          <qty/>
          <unit/></amt>
        <item>Peanut oil</item></ing>
      <ing>
        <amt>
          <qty>6</qty>
          <unit/></amt>
        <item>Garlic cloves; peeled</item></ing>
      <ing>
        <amt>
          <qty>3</qty>
          <unit>tablespoons</unit></amt>
        <item>Vinegar</item></ing>
      <ing>
        <amt>
          <qty/>
          <unit/></amt>
        <item>Water; if needed</item></ing></ingredients>
    <directions>
      <step>  Wash anchovies to remove salt. Place enchovies, garlic and basil in a small
  food processor. Process adding oil as for mayonnaise. Add vinegar and
  process 1/2 minute. If too thick add a little water. Chill
  
  Based on Barbara Kafka's " Party Foods"
  
  NOTES : Great with toasts or crudites.
  
  Recipe by: Miriam P. Posvolsky
  
  Posted to MC-Recipe Digest V1 #924 by Leon &amp; Miriam Posvolsky
  &lt;miriamp@pobox.com&gt; on Nov 25, 1997
 
</step></directions></recipe></recipeml>
