<?xml version="1.0" encoding="UTF-8"?>

<recipeml version="0.5">
  <recipe>
    <head>
      <title>Anchovy Yogurt Dressing</title>
      <categories>
        <cat>Diabetic</cat>
        <cat>Dressings</cat>
        <cat>Salads</cat></categories>
      <yield>12</yield></head>
    <ingredients>
      <ing>
        <amt>
          <qty>1/2</qty>
          <unit>cups</unit></amt>
        <item>Plain low-fat yogurt;</item></ing>
      <ing>
        <amt>
          <qty>1</qty>
          <unit>tablespoon</unit></amt>
        <item>Salflower; =OR=-</item></ing>
      <ing>
        <amt>
          <qty>1</qty>
          <unit>tablespoon</unit></amt>
        <item>Corn oil;</item></ing>
      <ing>
        <amt>
          <qty>2</qty>
          <unit>tablespoons</unit></amt>
        <item>White vinegar;</item></ing>
      <ing>
        <amt>
          <qty/>
          <unit>pinches</unit></amt>
        <item>Salt;</item></ing>
      <ing>
        <amt>
          <qty>1/8</qty>
          <unit>teaspoons</unit></amt>
        <item>White pepper;</item></ing>
      <ing>
        <amt>
          <qty>1</qty>
          <unit>clove</unit></amt>
        <item>Garlic; minced</item></ing>
      <ing>
        <amt>
          <qty>2</qty>
          <unit>tablespoons</unit></amt>
        <item>Fresh parsley; chopped</item></ing>
      <ing>
        <amt>
          <qty>1</qty>
          <unit>tablespoon</unit></amt>
        <item>Anchovy paste;</item></ing>
      <ing>
        <amt>
          <qty/>
          <unit>dashes</unit></amt>
        <item>Red(cayenne)pepper</item></ing></ingredients>
    <directions>
      <step>  Excellent dressing for vegetables, pasta, fish, or salads.
  
  Place all ingedients in a blender and process until smooth.
  Refrigerate to blend flavors; adjust seasoning before serving.  Makes
  about 3/4 cup. Food Exchange per serving: FREE; CAL: 21; CHO: 2mg;
  CAR: 1g; PRO: 0g; SOD: 38mg; FAT: 2g;  Makes about 3/4 cup.  12
  servings(1-tb each)
  
  Source: Light &amp; Easy Diabetes Cuisine by Betty Marks
  Brought to you and yours via Nancy O'Brion and her Meal-Master
  
  File ftp://ftp.idiscover.co.uk/pub/food/mealmaster/recipes/diabetic.zip
 
</step></directions></recipe></recipeml>
