<?xml version="1.0" encoding="UTF-8"?>

<recipeml version="0.5">
  <recipe>
    <head>
      <title>Anchovy-Garlic Dressing</title>
      <categories>
        <cat>Salads</cat></categories>
      <yield>1</yield></head>
    <ingredients>
      <ing>
        <amt>
          <qty>1</qty>
          <unit/></amt>
        <item>Clove garlic mashed; (or 1 tsp garlic pas</item></ing>
      <ing>
        <amt>
          <qty>1</qty>
          <unit/></amt>
        <item>Anchovy fillet chopped</item></ing>
      <ing>
        <amt>
          <qty>2</qty>
          <unit>teaspoons</unit></amt>
        <item>Balsamic vinegar</item></ing>
      <ing>
        <amt>
          <qty>1 1/2</qty>
          <unit>tablespoons</unit></amt>
        <item>Lemon juice</item></ing>
      <ing>
        <amt>
          <qty>3/4</qty>
          <unit>teaspoons</unit></amt>
        <item>Dijon mustard</item></ing>
      <ing>
        <amt>
          <qty>1/3</qty>
          <unit>cups</unit></amt>
        <item>Oli</item></ing></ingredients>
    <directions>
      <step>  Blend the first 5 ingredients . Wisk olive oil in slowly.
  
  NOTES : This can be made in a blender or food processor, if desired.  It
  will have a different texture,though.
  Recipe by: Judy Posted to JEWISH-FOOD digest V97 #235 by Judith Sobel
  &lt;jcs@mindspring.com&gt; on Aug 20, 1997
 
</step></directions></recipe></recipeml>
