<?xml version="1.0" encoding="UTF-8"?>

<recipeml version="0.5">
  <recipe>
    <head>
      <title>Anchovy Toast</title>
      <categories>
        <cat>None</cat></categories>
      <yield>6</yield></head>
    <ingredients>
      <ing>
        <amt>
          <qty>14</qty>
          <unit/></amt>
        <item>Anchovies -- (2 tins)</item></ing>
      <ing>
        <amt>
          <qty>3</qty>
          <unit/></amt>
        <item>Garlic cloves -- chopped</item></ing>
      <ing>
        <amt>
          <qty>1/8</qty>
          <unit>teaspoons</unit></amt>
        <item>Mustard powder</item></ing>
      <ing>
        <amt>
          <qty>1</qty>
          <unit>tablespoon</unit></amt>
        <item>Chopped onions</item></ing>
      <ing>
        <amt>
          <qty>2</qty>
          <unit>tablespoons</unit></amt>
        <item>Capers</item></ing>
      <ing>
        <amt>
          <qty>1</qty>
          <unit>cup</unit></amt>
        <item>Olive oil</item></ing>
      <ing>
        <amt>
          <qty>3</qty>
          <unit>tablespoons</unit></amt>
        <item>Parmesan cheese -- grated</item></ing>
      <ing>
        <amt>
          <qty>1</qty>
          <unit/></amt>
        <item>Loaf Italian bread</item></ing>
      <ing>
        <amt>
          <qty>1</qty>
          <unit/></amt>
        <item>Sweet red pepper -- thinly</item></ing>
      <ing>
        <amt>
          <qty/>
          <unit/></amt>
        <item>Sliced</item></ing></ingredients>
    <directions>
      <step>  With a mortar and pestle, mash anchovies, garlic, mustard, onions, and
  capers. Turn into a mixing bowl and vigorously beat in olive oil  (or
  combine these ingredients in food processor or blender and blend until
  anchovies are mashed). Slice loaf of Italian bread lengthwise. Spread
  anchovy mixture on top of one slice of bread. Lay slices of red pepper over
  anchovy mixture. Sprinkle with parmesan cheese. Top with second slice of
  bread. Wrap in foil, place in preheated 400 oven for 10 minutes. Slice and
  serve.
  
  Recipe By     : Elizabeth Powell
  
  From: Ladies Home Journal- August 1991
  
  File ftp://ftp.idiscover.co.uk/pub/food/mealmaster/recipes/mmdja006.zip
 
</step></directions></recipe></recipeml>
