<?xml version="1.0" encoding="UTF-8"?>

<recipeml version="0.5">
  <recipe>
    <head>
      <title>Ancho Rubbed Chicken</title>
      <categories>
        <cat>Poultry</cat></categories>
      <yield>4</yield></head>
    <ingredients>
      <ing-div>
        <title/>
        <ing>
          <amt>
            <qty>6</qty>
            <unit/></amt>
          <item>Ancho (or Mulato) peppers; rehydrated</item></ing>
        <ing>
          <amt>
            <qty>6</qty>
            <unit/></amt>
          <item>Cloves garlic</item></ing>
        <ing>
          <amt>
            <qty>1/4</qty>
            <unit>teaspoons</unit></amt>
          <item>Oregano</item></ing>
        <ing>
          <amt>
            <qty>1/2</qty>
            <unit>teaspoons</unit></amt>
          <item>Sugar</item></ing>
        <ing>
          <amt>
            <qty>1/2</qty>
            <unit>teaspoons</unit></amt>
          <item>Salt</item></ing>
        <ing>
          <amt>
            <qty>1/2</qty>
            <unit>cups</unit></amt>
          <item>Fine corn meal</item></ing>
        <ing>
          <amt>
            <qty>1/2</qty>
            <unit>cups</unit></amt>
          <item>Coarse corn meal</item></ing>
        <ing>
          <amt>
            <qty>1/2</qty>
            <unit>cups</unit></amt>
          <item>Flour</item></ing>
        <ing>
          <amt>
            <qty>1</qty>
            <unit>tablespoon</unit></amt>
          <item>Black pepper</item></ing>
        <ing>
          <amt>
            <qty>1</qty>
            <unit>tablespoon</unit></amt>
          <item>Chile powder</item></ing>
        <ing>
          <amt>
            <qty>2</qty>
            <unit/></amt>
          <item>Whole chicken breasts; boned, skinned; and split</item></ing>
        <ing>
          <amt>
            <qty/>
            <unit/></amt>
          <item>White flour (for dusting)</item></ing></ing-div>
      <ing-div>
        <title>THE RUB</title>
        <ing>
          <amt>
            <qty>6</qty>
            <unit/></amt>
          <item>Ancho (or Mulato) peppers; rehydrated</item></ing>
        <ing>
          <amt>
            <qty>6</qty>
            <unit/></amt>
          <item>Cloves garlic; minced</item></ing>
        <ing>
          <amt>
            <qty>1/4</qty>
            <unit>teaspoons</unit></amt>
          <item>Oregano flakes</item></ing>
        <ing>
          <amt>
            <qty>1/2</qty>
            <unit>teaspoons</unit></amt>
          <item>Sugar</item></ing>
        <ing>
          <amt>
            <qty>1/2</qty>
            <unit>teaspoons</unit></amt>
          <item>Salt</item></ing></ing-div>
      <ing-div>
        <title>SEASONED COATING</title>
        <ing>
          <amt>
            <qty>1/2</qty>
            <unit>cups</unit></amt>
          <item>Fine corn meal</item></ing>
        <ing>
          <amt>
            <qty>1/2</qty>
            <unit>cups</unit></amt>
          <item>Coarse corn meal</item></ing>
        <ing>
          <amt>
            <qty>1/2</qty>
            <unit>cups</unit></amt>
          <item>Flour</item></ing>
        <ing>
          <amt>
            <qty>1</qty>
            <unit>tablespoon</unit></amt>
          <item>Black pepper</item></ing>
        <ing>
          <amt>
            <qty>1</qty>
            <unit>tablespoon</unit></amt>
          <item>Chile powder</item></ing></ing-div></ingredients>
    <directions>
      <step>  Jim Maslanka &lt;jmasl@fnbc.com&gt; Ancho Rubbed Chicken (Fried Chicken Breasts
  Rubbed in Ancho Peppers)
  
  The Rub: Toast dried peppers on a hot iron skillet; remove stem; slit and
  remove seeds Place peppers in a pan; cover with water; bring to a boil;
  remove from heat; let stand for 1 hour. Place all rub ingredients in a
  blender and puree until smooth; run mixture through a food mill (fine
  filter) if possible. Should be a thick paste.
  
  Seasoned coating: Mix ingredients thoroughly.
  
  Chicken: 2 whole chicken breasts, boned, skinned, and split; rinse and pat
  dry Separate the tenderloins from each breast; you'll now have 8 pieces of
  chicken Pound chicken flat to about 50% increase in size Score meat with
  sharp knife in a 1/2 inch criss cross pattern.
  
  Preparation: Lightly dust chicken meat on all sides with flour, allow to
  dry for 5 minutes. With a butter knife, spread the ancho paste evenly on
  one side of the chicken pieces; rub into the scored pattern (should be
  enough paste to "hide" the chicken meat). Sprinkle liberally with seasoned
  coating; pat it into the paste; allow to dry for 5 min. Turn chicken pieces
  over and repeat the paste and coating process on other side of meat.
  
  Pour 1 cup of olive oil into a hot iron skillet; add 1/4 stick of butter;
  reduce heat to medium.  Don't crowd the chicken in the pan (cook breasts
  first, followed by  tenderloins); for each batch: cook, covered, for 5
  minutes; turn the  meat; cook for another 5 minutes.  Remove meat, place on
  a warming rack in a 300 degree oven. Continue cooking remaining meat.
  
  Notes:
  
  1. I served this with a yellow corn and black bean salsa, cooked for about
  5 minutes with onions, 1 tsp balsamic vinegar, and 1/4 cup chicken broth.
  
  2. I got the idea for this from "Great Chefs of the East", and changed it
  slightly for the ingredients at hand:
  
  3. Leftover chicken makes great sandwiches, too.
  
  CHILE-HEADS ARCHIVES
  
  From the Chile-Heads recipe list.  Downloaded from Glen's MM Recipe
  Archive, http://www.erols.com/hosey.
 
</step></directions></recipe></recipeml>
