<?xml version="1.0" encoding="UTF-8"?>

<recipeml version="0.5">
  <recipe>
    <head>
      <title>Anchovy Biscuits</title>
      <categories>
        <cat>Appetizer</cat></categories>
      <yield>12</yield></head>
    <ingredients>
      <ing>
        <amt>
          <qty>1</qty>
          <unit/></amt>
        <item>Stick butter or margarine; softened</item></ing>
      <ing>
        <amt>
          <qty>1</qty>
          <unit>package</unit></amt>
        <item>(3-oz) cream cheese; softened</item></ing>
      <ing>
        <amt>
          <qty>1</qty>
          <unit>cup</unit></amt>
        <item>Flour</item></ing>
      <ing>
        <amt>
          <qty>1/4</qty>
          <unit>teaspoons</unit></amt>
        <item>Garlic salt</item></ing>
      <ing>
        <amt>
          <qty>1</qty>
          <unit/></amt>
        <item>Tube anchovy paste</item></ing></ingredients>
    <directions>
      <step>  Cream butter and cheese. Add flour and garlic salt. Work dough into ball
  shape. Cut dough ball in half. Roll dough out on a floured surface. Dough
  should be the thicknsss of pie pastry. Cut out dough with small biscuit
  cutter. Squeeze a dab of anchovy paste in the center of each biscuit. Fold
  over dough into half-moon shape. Freeze immediately. When frozen, bake at
  400ø for 10 minutes or until golden brown.
  
  WILLIE BRAXTON
  
  From &lt;Traditions: A Taste of the Good Life&gt;, by the Little Rock (AR) Junior
  League.  Downloaded from Glen's MM Recipe Archive,
  http://www.erols.com/hosey.
 
</step></directions></recipe></recipeml>
