<?xml version="1.0" encoding="UTF-8"?>

<recipeml version="0.5">
  <recipe>
    <head>
      <title>Ancho Chili Puree</title>
      <categories>
        <cat>Good</cat>
        <cat>Morning</cat>
        <cat>America</cat></categories>
      <yield>1</yield></head>
    <ingredients>
      <ing>
        <amt>
          <qty>1</qty>
          <unit>tablespoon</unit></amt>
        <item>Olive oil</item></ing>
      <ing>
        <amt>
          <qty/>
          <unit/></amt>
        <item>Shells and heads from shrimp</item></ing>
      <ing>
        <amt>
          <qty>2</qty>
          <unit/></amt>
        <item>Shallots; peeled and diced</item></ing>
      <ing>
        <amt>
          <qty>1</qty>
          <unit/></amt>
        <item>Clove garlic; peeled and sliced</item></ing>
      <ing>
        <amt>
          <qty>4</qty>
          <unit/></amt>
        <item>Ancho chilies; seeded and chopped</item></ing>
      <ing>
        <amt>
          <qty>2</qty>
          <unit/></amt>
        <item>Sprigs fresh cilantro; chopped</item></ing>
      <ing>
        <amt>
          <qty>1</qty>
          <unit/></amt>
        <item>Serrano chili; seeded</item></ing>
      <ing>
        <amt>
          <qty>2</qty>
          <unit>cups</unit></amt>
        <item>Fish stock</item></ing>
      <ing>
        <amt>
          <qty>1</qty>
          <unit>tablespoon</unit></amt>
        <item>Masa harina</item></ing>
      <ing>
        <amt>
          <qty>1</qty>
          <unit>teaspoon</unit></amt>
        <item>Fresh lime juice</item></ing>
      <ing>
        <amt>
          <qty>1/2</qty>
          <unit>teaspoons</unit></amt>
        <item>Honey</item></ing>
      <ing>
        <amt>
          <qty/>
          <unit/></amt>
        <item>Salt to taste</item></ing></ingredients>
    <directions>
      <step>  1. Heat oil in a small saucepan over high heat. When it just starts to
  smoke, add shrimp shells and heads and saut‚ for 1 minute, stirring
  constantly, or until bright pink in color. Add shallots, garlic and anchos.
  Lower heat and cook, stirring constantly, for about 4 minutes or until
  shallots, garlic, and anchos are lightly toasted.
  
  2. Add tomatoes, cilantro and serrano. Raise heat to medium and cook 2
  minutes. Add stock. Lower heat and simmer gently for 15 minutes. Do not
  reduce. Pour into a blender and puree until smooth. Mix masa harina with
  enough cold water to make a paste. Then, with the motor running, add to the
  puree in the blender. Strain through a fine sieve and stir in lime juice,
  honey and salt. Keep warm until ready to use.
  
  Serve Chorizo Fingers with Ancho Chili Puree.
  
  To order GMA recipes or to subscribe yearly please call: 1-800-543-4GMA
  Single recipes $3 / Yearly $14.95
  
  Busted by Barb ob 2/21/98
  
  Serving Ideas : Serve Chorizo Fingers with Ancho Chili Puree.
  
  NOTES : Dean Ferring of The Mansion on Turtle Creek, Dallas, Texas
  
  Recipe by: Dean Ferring of The Mansion on Turtle Creek, Dallas, Texas
  
  Posted to MC-Recipe Digest by "abprice@wf.net" &lt;abprice@wf.net&gt; on Mar 17,
  1998
 
</step></directions></recipe></recipeml>
