<?xml version="1.0" encoding="UTF-8"?>

<recipeml version="0.5">
  <recipe>
    <head>
      <title>Anchovy and Garlic Dip</title>
      <categories>
        <cat>None</cat></categories>
      <yield>1</yield></head>
    <ingredients>
      <ing>
        <amt>
          <qty>2</qty>
          <unit>cans</unit></amt>
        <item>(2oz. each) anchovy fillets</item></ing>
      <ing>
        <amt>
          <qty>1/2</qty>
          <unit>cups</unit></amt>
        <item>Margarine or butter; softened</item></ing>
      <ing>
        <amt>
          <qty>2</qty>
          <unit/></amt>
        <item>Cloves garlic; cut into halves</item></ing>
      <ing>
        <amt>
          <qty/>
          <unit/></amt>
        <item>Snipped parsley</item></ing>
      <ing>
        <amt>
          <qty/>
          <unit/></amt>
        <item>Vegetable Dippers or Italian bread sticks</item></ing></ingredients>
    <directions>
      <step>  makes 2/3 cup dip
  
  Drain anchovies; reserve 1 T. oil. Place anchovies, reserved oil, margarine
  and garlic in blender container. Cover and blend on medium speed, scraping
  sides of blender frequently, about 1 minute. Garnish with parsley.
  
  Serve at room temperature with crudités.
  
  Posted to TNT Recipes Digest by Peter Beekman &lt;pbeekman@worldnet.att.net&gt;
  on Apr 09, 1998
 
</step></directions></recipe></recipeml>
