<?xml version="1.0" encoding="UTF-8"?>

<recipeml version="0.5">
  <recipe>
    <head>
      <title>Anchor Bar Buffalo Wings</title>
      <categories>
        <cat>None</cat></categories>
      <yield>1</yield></head>
    <ingredients>
      <ing>
        <amt>
          <qty/>
          <unit/></amt>
        <item>** The Sauce **</item></ing>
      <ing>
        <amt>
          <qty>6</qty>
          <unit>tablespoons</unit></amt>
        <item>Louisiana Hot Sauce -- (3 oz</item></ing>
      <ing>
        <amt>
          <qty/>
          <unit/></amt>
        <item>) **</item></ing>
      <ing>
        <amt>
          <qty>1/2</qty>
          <unit/></amt>
        <item>Stick margarine -- not</item></ing>
      <ing>
        <amt>
          <qty/>
          <unit/></amt>
        <item>Butter!</item></ing>
      <ing>
        <amt>
          <qty>1</qty>
          <unit>tablespoon</unit></amt>
        <item>White vinegar</item></ing>
      <ing>
        <amt>
          <qty>1/8</qty>
          <unit>teaspoons</unit></amt>
        <item>Celery seed</item></ing>
      <ing>
        <amt>
          <qty>1/8</qty>
          <unit>teaspoons</unit></amt>
        <item>Cayenne pepper -- to 1/4</item></ing>
      <ing>
        <amt>
          <qty/>
          <unit/></amt>
        <item>Tsp</item></ing>
      <ing>
        <amt>
          <qty>1/4</qty>
          <unit>teaspoons</unit></amt>
        <item>Red pepper</item></ing>
      <ing>
        <amt>
          <qty>1/8</qty>
          <unit>teaspoons</unit></amt>
        <item>Garlic salt</item></ing>
      <ing>
        <amt>
          <qty>1</qty>
          <unit>dash</unit></amt>
        <item>Black pepper</item></ing>
      <ing>
        <amt>
          <qty>1/4</qty>
          <unit>teaspoons</unit></amt>
        <item>Worcestershire Sauce</item></ing>
      <ing>
        <amt>
          <qty>1</qty>
          <unit>teaspoon</unit></amt>
        <item>Tabasco Sauce -- to 2 tsp</item></ing>
      <ing>
        <amt>
          <qty/>
          <unit/></amt>
        <item>Carrot and celery sticks</item></ing>
      <ing>
        <amt>
          <qty/>
          <unit/></amt>
        <item>Marie's Bleu Cheese</item></ing>
      <ing>
        <amt>
          <qty/>
          <unit/></amt>
        <item>Dressing</item></ing></ingredients>
    <directions>
      <step>  This is supposed to be the REAL Buffalo Wing recipe from the Anchor Bar in
  Buffalo.
  
  The Sauce This makes enough for about 30 "wingettes". Mix all the
  ingredients in a small sauce pan over low heat until the margarine is
  completely melted. Stir occasionally.
  
  The Wings Fry the wings in a deep fryer set at 375 degrees F., using
  vegetable or peanut oil. I fry 15 wings at a time for 12-15 minutes. Drain
  the wings for a few minutes then put them in a bowl. After all the wings
  have been fried, pour the sauce over them, cover the bowl, and shake to
  completely coat the wings. They can be eaten now, or you can put them on a
  baking sheet and bake them for a few minutes to get an extra-crispy
  coating. Serve with carrot and celery sticks, Marie's Bleu Cheese Dressing,
  and cold beer (Genee Cream Ale is traditional). ** (FRANK'S, now Durkee's)
  
  Recipe By     :
  
  From: Ladies Home Journal- August 1991
  
  File ftp://ftp.idiscover.co.uk/pub/food/mealmaster/recipes/mmdja006.zip
 
</step></directions></recipe></recipeml>
