<?xml version="1.0" encoding="UTF-8"?>

<recipeml version="0.5">
  <recipe>
    <head>
      <title>Anchovy, Garlic and Olive Bread ( March, 97)</title>
      <categories>
        <cat>Breads</cat></categories>
      <yield>1</yield></head>
    <ingredients>
      <ing>
        <amt>
          <qty>3</qty>
          <unit>cups</unit></amt>
        <item>Flour</item></ing>
      <ing>
        <amt>
          <qty>1 1/2</qty>
          <unit>cups</unit></amt>
        <item>Tepid water</item></ing>
      <ing>
        <amt>
          <qty>1</qty>
          <unit>package</unit></amt>
        <item>Yeast; or 1 teaspoon</item></ing>
      <ing>
        <amt>
          <qty>1</qty>
          <unit>teaspoon</unit></amt>
        <item>Salt</item></ing>
      <ing>
        <amt>
          <qty>1/2</qty>
          <unit>teaspoons</unit></amt>
        <item>Sugar</item></ing>
      <ing>
        <amt>
          <qty>1/4</qty>
          <unit>cups</unit></amt>
        <item>Olive oil</item></ing>
      <ing>
        <amt>
          <qty>2</qty>
          <unit/></amt>
        <item>Cloves garlic; minced</item></ing>
      <ing>
        <amt>
          <qty>1</qty>
          <unit>cup</unit></amt>
        <item>Pitted Kalamata olives; chopped</item></ing>
      <ing>
        <amt>
          <qty>2</qty>
          <unit>tablespoons</unit></amt>
        <item>Anchovy paste</item></ing></ingredients>
    <directions>
      <step>  1. Dissolve yeast in water. Add sugar and let stand 5 minutes.
  
  2. Place in bowl of kitchen aid and add oil, then flour and salt stirring
  and kneading in kitchen aid. Add oregano.
  
  3. Knead 8 minutes. Then turn dough onto a working surface and knead 3
  minutes by hand.
  
  4. Place in an oiled bowl and turn dough around to coat with oil. Cover
  with plastic, and let rise 1 hour.
  
  5. Divide dough in 2 ,
  
  6. Roll out each into a rectangle and spread garlic, anchovy paste and
  olives. Roll jellyroll fashion.
  
  7. Keep rolling to form a thin baguette. Let rise 30 minutes. Brush with a
  little olive oil.
  
  8. Bake in pre heated 450 oven for 30 minutes .
  
  NOTES : Serve sliced with dips.
  
  Recipe by: Miriam    Podcameni  Posvolsky Posted to Digest
  bread-bakers.v097.n054 by Leon &amp; Miriam Posvolsky &lt;miriamp@pobox.com&gt; on
  Aug 25, 1997
 
</step></directions></recipe></recipeml>
