<?xml version="1.0" encoding="UTF-8"?>

<recipeml version="0.5">
  <recipe>
    <head>
      <title>Ancho Chile and Lime Mayonnaise</title>
      <categories>
        <cat>None</cat></categories>
      <yield>1</yield></head>
    <ingredients>
      <ing>
        <amt>
          <qty>3</qty>
          <unit/></amt>
        <item>Egg Yolks</item></ing>
      <ing>
        <amt>
          <qty>1</qty>
          <unit/></amt>
        <item>Lime ; Juice of</item></ing>
      <ing>
        <amt>
          <qty>6</qty>
          <unit>ounces</unit></amt>
        <item>Vegetable Oil</item></ing>
      <ing>
        <amt>
          <qty>1</qty>
          <unit>pinch</unit></amt>
        <item>Salt</item></ing>
      <ing>
        <amt>
          <qty>1/2</qty>
          <unit/></amt>
        <item>Ancho Chile Reconstituted; Seeded and Chopped.</item></ing></ingredients>
    <directions>
      <step>  http://emall.com/Chile/chilerecipes.html
  
  Chile Today - Hot Tamale
  
  Whip egg yolks in food processor or blender. Add oil in a slow, steady
  stream until incorporated. Remove and place in mixing bowl. Whip in
  remaining ingredients. Serve with crab cakes, smoked fish or shrimp.
  
  Posted to recipelu-digest by LSHW &lt;shusky@erols.com&gt; on Feb 15, 1998
 
</step></directions></recipe></recipeml>
