<?xml version="1.0" encoding="UTF-8"?>

<recipeml version="0.5">
  <recipe>
    <head>
      <title>Ancho Chile Paste</title>
      <categories>
        <cat>None</cat></categories>
      <yield>1</yield></head>
    <ingredients>
      <ing>
        <amt>
          <qty>4</qty>
          <unit/></amt>
        <item>Ancho chilies; stemmed &amp; seeded</item></ing>
      <ing>
        <amt>
          <qty>1</qty>
          <unit>small</unit></amt>
        <item>Onion; peeled and chopped</item></ing>
      <ing>
        <amt>
          <qty>1</qty>
          <unit/></amt>
        <item>Clove garlic; peeled and chopped</item></ing>
      <ing>
        <amt>
          <qty>1</qty>
          <unit/></amt>
        <item>Jalapeno; chopped</item></ing>
      <ing>
        <amt>
          <qty>1</qty>
          <unit/></amt>
        <item>Serrano chili; chopped</item></ing>
      <ing>
        <amt>
          <qty>1</qty>
          <unit/></amt>
        <item>Chipotle chili; chopped</item></ing>
      <ing>
        <amt>
          <qty>1</qty>
          <unit>small</unit></amt>
        <item>Bunch fresh cilantro</item></ing>
      <ing>
        <amt>
          <qty>1</qty>
          <unit>cup</unit></amt>
        <item>Rich chicken stock</item></ing></ingredients>
    <directions>
      <step>  Place all ingredients in a medium saucepan over medium heat. Bring to a
  boil, then simmer for 10 minutes. Pour into a blender and puree until
  smooth. Set aside until ready to use.
  
  (used as ingredient in Smoked Tomato Ranchero - see recipe)
  
  HOME ENTERTAINING WITH DEAN FEARING SHOW #HE1A05 MEXICAN COCKTAIL BUFFET
  
  Recipe by: Dean Fearing
  
  Posted to MC-Recipe Digest V1 #817 by Holly Butman
  &lt;butma001@acpub.duke.edu&gt; on Sep 28, 1997
 
</step></directions></recipe></recipeml>
