<?xml version="1.0" encoding="UTF-8"?>

<recipeml version="0.5">
  <recipe>
    <head>
      <title>Anchovy Spread</title>
      <categories>
        <cat>Spreads</cat></categories>
      <yield>6</yield></head>
    <ingredients>
      <ing>
        <amt>
          <qty>2</qty>
          <unit>ounces</unit></amt>
        <item>Anchovy fillets, drained</item></ing>
      <ing>
        <amt>
          <qty>1</qty>
          <unit>tablespoon</unit></amt>
        <item>Milk</item></ing>
      <ing>
        <amt>
          <qty>2</qty>
          <unit>tablespoons</unit></amt>
        <item>Butter, softened</item></ing>
      <ing>
        <amt>
          <qty>1</qty>
          <unit>ounce</unit></amt>
        <item>Bel Paese cheese</item></ing>
      <ing>
        <amt>
          <qty>1</qty>
          <unit>teaspoon</unit></amt>
        <item>Lemon juice</item></ing>
      <ing>
        <amt>
          <qty>3</qty>
          <unit>pinches</unit></amt>
        <item>Cayenne pepper</item></ing>
      <ing>
        <amt>
          <qty>3</qty>
          <unit>pinches</unit></amt>
        <item>Ground nutmeg</item></ing>
      <ing>
        <amt>
          <qty>1/4</qty>
          <unit>teaspoons</unit></amt>
        <item>Hot-pepper sauce</item></ing>
      <ing>
        <amt>
          <qty>2</qty>
          <unit>teaspoons</unit></amt>
        <item>Capers, drained, finely chopped</item></ing>
      <ing>
        <amt>
          <qty/>
          <unit/></amt>
        <item>Hot toast strips</item></ing>
      <ing>
        <amt>
          <qty/>
          <unit/></amt>
        <item>Radish slices</item></ing>
      <ing>
        <amt>
          <qty/>
          <unit/></amt>
        <item>Watercress sprigs</item></ing></ingredients>
    <directions>
      <step>  Put anchovies into a bowl with milk. Let soak 30 minutes. Drain well, then
  pat anchovies dry with paper towels.
  
  Chop anchovies finely and put into a bowl with butter and cheese; mix well.
  Add lemon juice, cayenne, nutmeg and hot-pepper sauce.
  
  In a blender or food processor, process to a smooth puree scraping mixture
  from sides of bowl occasionally. Add capers and mix well. Spread thinly on
  toast. Garnish with radish slices and watercress.
  
  NOTE: This mixture will keep in refrigerator for up to 5 days.
  
  From Gemini's MASSIVE MealMaster collection at www.synapse.com/~gemini
 
</step></directions></recipe></recipeml>
