<?xml version="1.0" encoding="UTF-8"?>

<recipeml version="0.5">
  <recipe>
    <head>
      <title>Ancho Chile and Orange Marinade</title>
      <categories>
        <cat>Sauce</cat></categories>
      <yield>1</yield></head>
    <ingredients>
      <ing>
        <amt>
          <qty>1/4</qty>
          <unit>teaspoons</unit></amt>
        <item>Whole cumin seeds</item></ing>
      <ing>
        <amt>
          <qty>1/4</qty>
          <unit>teaspoons</unit></amt>
        <item>Whole coriander seeds</item></ing>
      <ing>
        <amt>
          <qty>1/2</qty>
          <unit>medium</unit></amt>
        <item>Onion; thickly sliced</item></ing>
      <ing>
        <amt>
          <qty>8</qty>
          <unit/></amt>
        <item>Cloves (large) garlic; unpeeled</item></ing>
      <ing>
        <amt>
          <qty>8</qty>
          <unit/></amt>
        <item>Dried Ancho chilies</item></ing>
      <ing>
        <amt>
          <qty>1</qty>
          <unit>pinch</unit></amt>
        <item>Cinnamon (generous)</item></ing>
      <ing>
        <amt>
          <qty>1/4</qty>
          <unit>teaspoons</unit></amt>
        <item>Freshly ground black pepper</item></ing>
      <ing>
        <amt>
          <qty>1</qty>
          <unit>large</unit></amt>
        <item>Orange; shredded zest of</item></ing>
      <ing>
        <amt>
          <qty>1/2</qty>
          <unit>teaspoons</unit></amt>
        <item>Dried oregano</item></ing>
      <ing>
        <amt>
          <qty/>
          <unit/></amt>
        <item>Hot water</item></ing>
      <ing>
        <amt>
          <qty>1</qty>
          <unit>large</unit></amt>
        <item>Orange; juice of</item></ing>
      <ing>
        <amt>
          <qty>1/2</qty>
          <unit/></amt>
        <item>Lime; juice of</item></ing>
      <ing>
        <amt>
          <qty/>
          <unit/></amt>
        <item>Salt to taste</item></ing></ingredients>
    <directions>
      <step>  Date: Fri, 8 Mar 1996 14:44:40 -0600 (CST)
  
  From: Chris Kaufman &lt;kaufman@biosci.cbs.umn.edu&gt;
  In my typical prompt and timely manner I've wrangled some recipes from the
  Minneapolis Hotluck participants and am finally posting them for your
  pleasure.  From: Alison and John Krufka.  (I got this recipe from Minnesota
  Public Radio's "The Splendid Table") This marinade is warm and flavorable,
  but not hot. It should work well with chicken, seafood, prok [and euks!]
  and vegtables for grilling, braising or sauteing. It should keep about 1
  month in the Frig. Makes about 1 cup.
  
  In a heavy skillet over medium heat toast the cumin and coriander about 5
  minutes, or until aromatic.  Grind to a powder in a coffee mill or with a
  morter and pestle.  Add onion, garlic, and chilies to pan, roasting chilies
  3 to 5 minutes until aromatic. Remove immediately. Take onion slices to
  golden and garlic to slightley softened, about 10 minutes. Stem and seed
  chilies, then cover with hot water and let soak 30 minutes. Meanwhile toast
  the cinnamon, pepper and orange zest 10 seconds over medium heat. Combine
  all ingredients in a blender (peeling garlic first), including chilies and
  a few tablespoons of their liquid. Puree, season to taste, and refrigerate
  until needed. Marinate larger pieces of meat or poultry from several hours
  to overnight. Fish needs only an hour or so while vegetables are ready to
  cook within the hour. Always refrigerate marinating foods.
  
  CHILE-HEADS DIGEST V2 #263
  
  From the Chile-Heads recipe list.  Downloaded from Glen's MM Recipe
  Archive, http://www.erols.com/hosey.
 
</step></directions></recipe></recipeml>
