<?xml version="1.0" encoding="UTF-8"?>

<recipeml version="0.5">
  <recipe>
    <head>
      <title>Ancho-Cheese Bread</title>
      <categories>
        <cat>Bread</cat></categories>
      <yield>10</yield></head>
    <ingredients>
      <ing>
        <amt>
          <qty>1</qty>
          <unit>cup</unit></amt>
        <item>Water</item></ing>
      <ing>
        <amt>
          <qty>2</qty>
          <unit>tablespoons</unit></amt>
        <item>Nonfat dry milk powder</item></ing>
      <ing>
        <amt>
          <qty>1</qty>
          <unit>teaspoon</unit></amt>
        <item>Salt</item></ing>
      <ing>
        <amt>
          <qty>2</qty>
          <unit>tablespoons</unit></amt>
        <item>Granulated sugar</item></ing>
      <ing>
        <amt>
          <qty>3</qty>
          <unit>cups</unit></amt>
        <item>Bread flour</item></ing>
      <ing>
        <amt>
          <qty>2 1/4</qty>
          <unit>teaspoons</unit></amt>
        <item>Active dry yeast</item></ing>
      <ing>
        <amt>
          <qty>1</qty>
          <unit>teaspoon</unit></amt>
        <item>Calvin's Magic Powder</item></ing>
      <ing>
        <amt>
          <qty>2</qty>
          <unit/></amt>
        <item>Whole ancho peppers; ground</item></ing>
      <ing>
        <amt>
          <qty>1 1/2</qty>
          <unit>cups</unit></amt>
        <item>Provolone cheese; grated</item></ing></ingredients>
    <directions>
      <step>  All items should be at room temperature. Remove stems and seeds from ancho
  peppers and grind in a spice mill or grinder. Add ingredients to bread
  machine in order except cheese which is added during final kneading. Bake
  at regular setting for 1-1/2 Lb loaf.
  
  Serving Ideas : Great with soups or stews
  
  NOTES : This is a bread machine recipe.  I have used Calvins Powder for
  this recipe.  If you do not have it, feel free to substitute another
  powdered hot pepper.  I have only used 1 teaspoon as it adds heat without
  being overwhelming. You can add more to suit your tastes, but watch how
  much more you add as it will affect the consistency of the dough. You can
  also substitute sharp cheddar cheese for the provolone. The ground anchos
  add wonderful flavor and a nice orange color to the bread.
  Recipe by: David Hendricks
  
  Posted to CHILE-HEADS DIGEST V4 #290 by "Dave Hendricks"
  &lt;bvdrangs@enter.net&gt; on Jan 29, 1998
 
</step></directions></recipe></recipeml>
