<?xml version="1.0" encoding="UTF-8"?>

<recipeml version="0.5">
  <recipe>
    <head>
      <title>Ancho Chile Devil's Food Cake W/godiva</title>
      <categories>
        <cat>Cake</cat></categories>
      <yield>12</yield></head>
    <ingredients>
      <ing-div>
        <title/>
        <ing>
          <amt>
            <qty>1 1/4</qty>
            <unit>cups</unit></amt>
          <item>Cake flour</item></ing>
        <ing>
          <amt>
            <qty>1/2</qty>
            <unit>cups</unit></amt>
          <item>Cocoa</item></ing>
        <ing>
          <amt>
            <qty>3</qty>
            <unit>tablespoons</unit></amt>
          <item>Ancho chili powder</item></ing>
        <ing>
          <amt>
            <qty>1/8</qty>
            <unit>teaspoons</unit></amt>
          <item>Cayenne</item></ing>
        <ing>
          <amt>
            <qty>1</qty>
            <unit>teaspoon</unit></amt>
          <item>Baking soda</item></ing>
        <ing>
          <amt>
            <qty>1/4</qty>
            <unit>teaspoons</unit></amt>
          <item>Baking powder</item></ing>
        <ing>
          <amt>
            <qty>1/2</qty>
            <unit>teaspoons</unit></amt>
          <item>Salt</item></ing>
        <ing>
          <amt>
            <qty>1 1/4</qty>
            <unit/></amt>
          <item>Stick unsalted butter; at room temperature</item></ing>
        <ing>
          <amt>
            <qty>1 1/2</qty>
            <unit>cups</unit></amt>
          <item>Sugar</item></ing>
        <ing>
          <amt>
            <qty>3</qty>
            <unit/></amt>
          <item>Eggs</item></ing>
        <ing>
          <amt>
            <qty>1/4</qty>
            <unit>cups</unit></amt>
          <item>Plus</item></ing>
        <ing>
          <amt>
            <qty>2</qty>
            <unit>tablespoons</unit></amt>
          <item>Hot coffee</item></ing>
        <ing>
          <amt>
            <qty>1/2</qty>
            <unit>cups</unit></amt>
          <item>Buttermilk</item></ing>
        <ing>
          <amt>
            <qty>2</qty>
            <unit>tablespoons</unit></amt>
          <item>Godiva liqueur</item></ing>
        <ing>
          <amt>
            <qty>1</qty>
            <unit>teaspoon</unit></amt>
          <item>Vanilla extract</item></ing>
        <ing>
          <amt>
            <qty/>
            <unit/></amt>
          <item>Godiva liqueur marshmallow</item></ing></ing-div>
      <ing-div>
        <title>FROSTING</title>
        <ing>
          <amt>
            <qty>1/2</qty>
            <unit>cups</unit></amt>
          <item>Water</item></ing>
        <ing>
          <amt>
            <qty>1</qty>
            <unit>cup</unit></amt>
          <item>Sugar</item></ing>
        <ing>
          <amt>
            <qty>1 1/2</qty>
            <unit>cups</unit></amt>
          <item>Corn syrup</item></ing>
        <ing>
          <amt>
            <qty>5</qty>
            <unit/></amt>
          <item>Egg whites</item></ing>
        <ing>
          <amt>
            <qty>1</qty>
            <unit>pinch</unit></amt>
          <item>Salt</item></ing>
        <ing>
          <amt>
            <qty>1/4</qty>
            <unit>cups</unit></amt>
          <item>Godiva liqueur</item></ing>
        <ing>
          <amt>
            <qty>1</qty>
            <unit/></amt>
          <item>Stick butter at room temperature</item></ing>
        <ing>
          <amt>
            <qty>1/4</qty>
            <unit>cups</unit></amt>
          <item>Confectioner's sugar</item></ing></ing-div></ingredients>
    <directions>
      <step>  mas@inetdirect.net (Mario A. Subia) Ancho Chile Devil's Food Cake with
  Godiva Liqueur and Marshmallow Frosting, The James Beard Foundation/Godiva
  Liqueur Baking Competition, New York Regional Competition Winner/Dessert
  Category, Wayne Harley Brachman, Pastry Chef, Mesa Grill and Bolo, New York
  City.
  
  1. Set a rack in the middle of the oven and preheat to 350 degrees. Lightly
  grease the sides of two 15-1/2 by 10-1/2 inch jelly-roll pans.  Line them
  with parchment or buttered waxed paper, melted butter or non-stick
  vegetable spray for greasing the pan.
  
  2. Sift the flour, cocoa, ancho, cayenne, baking powder, baking soda and
  salt onto a sheet of waxed paper. Sift two more times to mix and aerate.
  Put the butter and sugar in the bowl or an electric mixer and beat at high
  speed for two minutes until well combined and smooth. Add the eggs, one at
  a time, beating until each is incorporated. Continue beating until light
  and very fluffy, scraping down the sides of the bowl if necessary, about
  five more minutes. With the mixer on its lowest setting, or by hand with a
  rubber spatula, fold in one half of the dry mixture. Fold in the vanilla
  and one quarter of the buttermilk and coffee; another one third of the dry
  mixture and then the remaining buttermilk and coffee. Finally, fold in the
  remaining ingredients.
  
  3. Spread the batter evenly in the two pans. Bake for 30 minutes or until
  the center springs back when lightly pressed. Cool the cake layers, in the
  pans, on a wire rack.
  
  4. When cool, turn them out of the pans by inverting each one onto a plate.
  Split each cake into two layers and fill with the Marshmallow Frosting to
  create a four layer cake. Frost the outside with Ganache.  You may pipe on
  extra Marshmallow Frosting to decorate. Godiva Liqueur Marshmallow
  Frosting:
  
  1. Put the water, sugar and corn syrup in a medium, heavy-bottomed saucepan
  and cook over high heat to soft ball (240 degrees). If necessary, stir a
  few times to help dissolve the sugar crystals.
  
  2. Meanwhile, in an immaculately clean and dry mixing bowl, whisk the egg
  whites with a pinch of salt. When soft peaks form, sprinkle on the teaspoon
  of sugar and whisk until the peaks stiffen to the consistency of shaving
  cream. Set aside until the syrup is ready.
  
  3. While constantly whisking the egg whites, carefully drizzle in the hot
  syrup. Mix in the Godiva Liqueur and continue to whisk until cooled down,
  thickened and spreadable.
  
  4. In the bowl of an electric mixer, whisk together the butter and
  confectioner's sugar. Fold in the egg white mixture.
  
  CHILE-HEADS ARCHIVES
  
  From the Chile-Heads recipe list.  Downloaded from Glen's MM Recipe
  Archive, http://www.erols.com/hosey.
 
</step></directions></recipe></recipeml>
