<?xml version="1.0" encoding="UTF-8"?>

<recipeml version="0.5">
  <recipe>
    <head>
      <title>Ancho Vinaigrette</title>
      <categories>
        <cat>Salads</cat>
        <cat>Dressings</cat>
        <cat>Seasonings</cat></categories>
      <yield>3</yield></head>
    <ingredients>
      <ing>
        <amt>
          <qty>2</qty>
          <unit/></amt>
        <item>Ancho peppers</item></ing>
      <ing>
        <amt>
          <qty>5</qty>
          <unit/></amt>
        <item>Sun-dried tomatoes</item></ing>
      <ing>
        <amt>
          <qty>2</qty>
          <unit>cups</unit></amt>
        <item>Water</item></ing>
      <ing>
        <amt>
          <qty>1</qty>
          <unit>cup</unit></amt>
        <item>Rice wine vinegar</item></ing>
      <ing>
        <amt>
          <qty>1/2</qty>
          <unit>cups</unit></amt>
        <item>Salad oil</item></ing>
      <ing>
        <amt>
          <qty>2</qty>
          <unit>tablespoons</unit></amt>
        <item>Soy sauce</item></ing>
      <ing>
        <amt>
          <qty>2</qty>
          <unit>tablespoons</unit></amt>
        <item>Sugar</item></ing></ingredients>
    <directions>
      <step>  In a small saucepan over medium-high heat, boil peppers and tomatoes until
  soft and water is reduced by half. Remove from heat and cool.
  
  Drain peppers and tomatoes. Reserve cooking liquid. Puree pepper/tomato
  mixture.
  
  In a medium bowl, whisk pepper/tomato mixture, vinerar, oil, soy sauce and
  sugar.
  
  Adjust consistency and flavor to taste with reserved cooking liquid.
  
  Serve on fresh greens.
  
  Recipe courtesy "Chile Pepper Magazine" entered by Roy Olsen roy@indy.net
  http://www.indy.net/~roy/
  
  Posted to MM-Recipes Digest V4 #134 by roy@indy.net (Roy) on May 14, 1997
 
</step></directions></recipe></recipeml>
