<?xml version="1.0" encoding="UTF-8"?>

<recipeml version="0.5">
  <recipe>
    <head>
      <title>Ancho Chili Sauce</title>
      <categories>
        <cat>None</cat></categories>
      <yield>1</yield></head>
    <ingredients>
      <ing>
        <amt>
          <qty>3</qty>
          <unit/></amt>
        <item>Dried ancho chile peppers</item></ing>
      <ing>
        <amt>
          <qty>1/4</qty>
          <unit>cups</unit></amt>
        <item>Corn oil</item></ing>
      <ing>
        <amt>
          <qty>1/2</qty>
          <unit>cups</unit></amt>
        <item>Chopped onion</item></ing>
      <ing>
        <amt>
          <qty>2</qty>
          <unit/></amt>
        <item>Jalapeno peppers, finely chopped (up to 3)</item></ing>
      <ing>
        <amt>
          <qty>1</qty>
          <unit>tablespoon</unit></amt>
        <item>Roasted Sichuan peppercorns</item></ing>
      <ing>
        <amt>
          <qty>1/2</qty>
          <unit>cups</unit></amt>
        <item>White wine</item></ing>
      <ing>
        <amt>
          <qty>6</qty>
          <unit>cups</unit></amt>
        <item>Chicken stock</item></ing>
      <ing>
        <amt>
          <qty>3</qty>
          <unit/></amt>
        <item>Star anise (up to 4)</item></ing>
      <ing>
        <amt>
          <qty>1</qty>
          <unit>tablespoon</unit></amt>
        <item>Coarse or kosher salt</item></ing>
      <ing>
        <amt>
          <qty>1</qty>
          <unit>teaspoon</unit></amt>
        <item>Sugar</item></ing>
      <ing>
        <amt>
          <qty>1</qty>
          <unit>teaspoon</unit></amt>
        <item>Freshly ground white pepper</item></ing>
      <ing>
        <amt>
          <qty>1</qty>
          <unit>tablespoon</unit></amt>
        <item>Cornstarch, mixed with 2 tablespoons water.</item></ing></ingredients>
    <directions>
      <step>  from:Susanna Foo Chinese Cuisine makes about 4 cups
  
      Soak the chili peppers in hot water to cover for about 30 minutes or
  unti soft, when soft drain and puree and set aside. (I keep the water to
  add to broth)
       Heat the oil in a large skillet. Add the onion and cook over high heat
  until soft and golden. Add the jalapeno peppers and the Sichuan
  peppercorns, and cook for 1-2 minutes.
       Add the wine and the pureed chiles, and boil for about 5 minutes or
  until the wine is almost evaporated. Add the remaining ingredients. Reduce
  the heat to low and simmer, uncovered , for about 30 minutes or until
  reduced by about half. Strain the sauce and keep warm.
       Any remaining sauce can be stored in the fridge for 1 week or frozen
  for up to 3 months.
  
  Posted to Recipe Archive - 10 November 96
  
  Date: Sun, 10 Nov 96 12:23:20 EST
  
  submitted by: LeiG@aol.com
 
</step></directions></recipe></recipeml>
