<?xml version="1.0" encoding="UTF-8"?>

<recipeml version="0.5">
  <recipe>
    <head>
      <title>Ancho Corn Cakes</title>
      <categories>
        <cat>Spicy</cat>
        <cat>Vegetables</cat></categories>
      <yield>4</yield></head>
    <ingredients>
      <ing>
        <amt>
          <qty>2</qty>
          <unit/></amt>
        <item>Anchos(use 2 to 4)</item></ing>
      <ing>
        <amt>
          <qty>1/2</qty>
          <unit>cups</unit></amt>
        <item>All purpose flour</item></ing>
      <ing>
        <amt>
          <qty>1/2</qty>
          <unit>cups</unit></amt>
        <item>Yellow corn meal</item></ing>
      <ing>
        <amt>
          <qty>1/2</qty>
          <unit>teaspoons</unit></amt>
        <item>Baking powder</item></ing>
      <ing>
        <amt>
          <qty>3/4</qty>
          <unit>teaspoons</unit></amt>
        <item>Salt</item></ing>
      <ing>
        <amt>
          <qty>1/2</qty>
          <unit>teaspoons</unit></amt>
        <item>Oregano, crush dry</item></ing>
      <ing>
        <amt>
          <qty>3/4</qty>
          <unit>cups</unit></amt>
        <item>Milk</item></ing>
      <ing>
        <amt>
          <qty>1/4</qty>
          <unit>cups</unit></amt>
        <item>Butter ; melted</item></ing>
      <ing>
        <amt>
          <qty>1</qty>
          <unit/></amt>
        <item>Egg</item></ing>
      <ing>
        <amt>
          <qty>1</qty>
          <unit>cup</unit></amt>
        <item>Corn kernels</item></ing>
      <ing>
        <amt>
          <qty/>
          <unit/></amt>
        <item>Oil</item></ing>
      <ing>
        <amt>
          <qty/>
          <unit/></amt>
        <item>Sour cream</item></ing></ingredients>
    <directions>
      <step>  1. Place anchos in small saucepan and cover with water.  Bring to boil,
  remove from heat, cover and let stand 10 minutes. Drain, When cool enough
  to handle, remove skin, stems and seeds, then finely dice. Set aside . 2.
  In bowl, combine flour, cornmeal, baking powder, salt and oregano.  In
  separate bowl, mix milk with melted butter and egg.  Stir into flour
  mixture. Fold in corn and anchos. . 3. Ladle batter onto hot, lightly oiled
  griddle to make 3 inch cakes. Cook over medium-high heat 2 minutes on each
  side or until golden. Transfer to plate and keep warm. Repeat with
  remaining batter.  Serve warm with sour cream and salsa. Makes 4 servings
  
  From  "Totally Chile Pepper Cookbook" by Helene Siegal and Karen
  Gillingham. Printed in Newsday (Long Island Newspaper). Taking The Heat off
  Chiles by Wendy Lin, June 4, 1997, Food and Dining section.
  
  Posted to MM-Recipes Digest V4 #158 by stut@liii.com (Stu) on Jun 7, 1997
 
</step></directions></recipe></recipeml>
