<?xml version="1.0" encoding="UTF-8"?>

<recipeml version="0.5">
  <recipe>
    <head>
      <title>Anchovies, Fried Genovese Style</title>
      <categories>
        <cat>None</cat></categories>
      <yield>1</yield></head>
    <ingredients>
      <ing>
        <amt>
          <qty>3</qty>
          <unit>quarts</unit></amt>
        <item>Virgin olive oil</item></ing>
      <ing>
        <amt>
          <qty>3</qty>
          <unit/></amt>
        <item>Eggs</item></ing>
      <ing>
        <amt>
          <qty>3</qty>
          <unit/></amt>
        <item>Cloves garlic; very finely chopped</item></ing>
      <ing>
        <amt>
          <qty>1</qty>
          <unit>bunch</unit></amt>
        <item>Italian parsley; finely chopped</item></ing>
      <ing>
        <amt>
          <qty>4</qty>
          <unit>cups</unit></amt>
        <item>Fresh bread crumbs; very finely chopped</item></ing>
      <ing>
        <amt>
          <qty/>
          <unit/></amt>
        <item>Salt and pepper</item></ing>
      <ing>
        <amt>
          <qty>2</qty>
          <unit/></amt>
        <item>Lemons; in wedges</item></ing></ingredients>
    <directions>
      <step>  Heat oil to 375 degrees F and maintain heat.
  
  Scale and gut anchovies, leaving heads and tails intact (or have your fish
  monger do this for you). In a large mixing bowl, mix eggs, garlic and
  parsley until well blended. Dip fish 3 or 4 at a time into egg mixture and
  then into bread crumbs. Shake well to remove excess eggcrumb coating and
  fry fish 3 to 4 at a time until crisp and golden brown, about 1 to 2
  minutes. Remove and drain on a paper towel.
  
  Serve immediately with salt, pepper and lemon wedges.
  
  Yield: 4 as antipasto
  
  Recipe by: MEDITERRANEAN MARIO #ME1A04
  
  Posted to MC-Recipe Digest V1 #993 by Sue &lt;suechef@sover.net&gt; on Jan 08,
  1998
 
</step></directions></recipe></recipeml>
