<?xml version="1.0" encoding="UTF-8"?>

<recipeml version="0.5">
  <recipe>
    <head>
      <title>Ancho Honey Basted Salmon</title>
      <categories>
        <cat>None</cat></categories>
      <yield>1</yield></head>
    <ingredients>
      <ing>
        <amt>
          <qty>4</qty>
          <unit/></amt>
        <item>Ancho Chiles</item></ing>
      <ing>
        <amt>
          <qty>2</qty>
          <unit>tablespoons</unit></amt>
        <item>Honey</item></ing>
      <ing>
        <amt>
          <qty>1 1/2</qty>
          <unit>tablespoons</unit></amt>
        <item>Orange Juice Concentrate</item></ing>
      <ing>
        <amt>
          <qty>1</qty>
          <unit>tablespoon</unit></amt>
        <item>Balsamic Vinegar</item></ing>
      <ing>
        <amt>
          <qty>1/4</qty>
          <unit>teaspoons</unit></amt>
        <item>Kosher Salt</item></ing>
      <ing>
        <amt>
          <qty>1/2</qty>
          <unit>teaspoons</unit></amt>
        <item>Minced garlic</item></ing>
      <ing>
        <amt>
          <qty>1</qty>
          <unit>teaspoon</unit></amt>
        <item>Cointreau or another orange flavored liqueur</item></ing>
      <ing>
        <amt>
          <qty>6</qty>
          <unit/></amt>
        <item>Pieces; (6oz) of salmon fillet</item></ing></ingredients>
    <directions>
      <step>  Soak ancho chiles in warm water to soften. Place all ingredients, except
  for the salmon, in a food processor or blender. Puree mixture until chiles
  are very fine. Pat salmon dry and coat with the chile paste. Place on a
  broiler pan and broil 4 to 6 inches from heat for 10 minutes. Salmon should
  flake easily with a fork. I have yet to try this recipe on the BBQ grill at
  home, so if you try it let me know of the outcome.
  
  Posted to CHILE-HEADS DIGEST V4 #301 by ChefChile@aol.com on Feb 3, 1998
 
</step></directions></recipe></recipeml>
