<?xml version="1.0" encoding="UTF-8"?>

<recipeml version="0.5">
  <recipe>
    <head>
      <title>Anchovy Dressing for Salad</title>
      <categories>
        <cat>Dressing</cat></categories>
      <yield>1</yield></head>
    <ingredients>
      <ing>
        <amt>
          <qty>1</qty>
          <unit/></amt>
        <item>Clove Garlic; peeled, sliced</item></ing>
      <ing>
        <amt>
          <qty>1</qty>
          <unit/></amt>
        <item>Stalk celery; sliced</item></ing>
      <ing>
        <amt>
          <qty>1/2</qty>
          <unit>medium</unit></amt>
        <item>Onion; sliced</item></ing>
      <ing>
        <amt>
          <qty>1</qty>
          <unit>can</unit></amt>
        <item>(2-oz) flat anchovies</item></ing>
      <ing>
        <amt>
          <qty>3</qty>
          <unit/></amt>
        <item>Whole eggs</item></ing>
      <ing>
        <amt>
          <qty>2</qty>
          <unit>cups</unit></amt>
        <item>Salad oil</item></ing>
      <ing>
        <amt>
          <qty>1</qty>
          <unit>teaspoon</unit></amt>
        <item>Freshly ground black pepper</item></ing>
      <ing>
        <amt>
          <qty>1</qty>
          <unit>teaspoon</unit></amt>
        <item>Accent</item></ing>
      <ing>
        <amt>
          <qty>1/2</qty>
          <unit>teaspoons</unit></amt>
        <item>Sugar</item></ing>
      <ing>
        <amt>
          <qty>1/4</qty>
          <unit>cups</unit></amt>
        <item>Prepared mustard</item></ing>
      <ing>
        <amt>
          <qty>1</qty>
          <unit>tablespoon</unit></amt>
        <item>Lemon juice</item></ing></ingredients>
    <directions>
      <step>  Put garlic, celery, onion, anchovies, mustard, lemon juice &amp; spices in
  blender &amp; whirl for about 2 seconds. Add eggs &amp; blend again. Add 2 cups
  oil, 1/4 cup at a time, blending between additions; then blend a few
  seconds more after all the oil has been added. Makes about 1 quart. Serve
  on romaine, spinach or head lettuce with crisp toasted croutons.
  
  Source: THE BLISS OF COOKING RETURNS, FT. BLISS OFFICER'S WIVES CLUB
  
  &gt;From Glen Hosey's Recipe Collection Program, hosey@erols.com
  Posted to EAT-L Digest - 26 Jun 96
  
  Date:    Thu, 27 Jun 1996 01:39:23 -0400
  
  From:    "Glen G. Hosey" &lt;hosey@EROLS.COM&gt;
 
</step></directions></recipe></recipeml>
