<?xml version="1.0" encoding="UTF-8"?>

<recipeml version="0.5">
  <recipe>
    <head>
      <title>Ancho Pasilla Sauce</title>
      <categories>
        <cat>Cooking liv</cat>
        <cat>Import</cat></categories>
      <yield>1</yield></head>
    <ingredients>
      <ing>
        <amt>
          <qty>3</qty>
          <unit/></amt>
        <item>Dried ancho chilies*; (about 2 ounces)</item></ing>
      <ing>
        <amt>
          <qty>4</qty>
          <unit/></amt>
        <item>Dried pasilla chilies*; (about 1 1/2 ounces)</item></ing>
      <ing>
        <amt>
          <qty>1 1/2</qty>
          <unit>cups</unit></amt>
        <item>Fresh orange juice</item></ing>
      <ing>
        <amt>
          <qty>3</qty>
          <unit/></amt>
        <item>Garlic cloves</item></ing>
      <ing>
        <amt>
          <qty>2</qty>
          <unit>tablespoons</unit></amt>
        <item>Olive oil</item></ing>
      <ing>
        <amt>
          <qty>3/4</qty>
          <unit>teaspoons</unit></amt>
        <item>Salt</item></ing></ingredients>
    <directions>
      <step>  *Kitchen Market - 888-468-4433
  
  Heat a dry griddle or heavy skillet over moderate heat until hot but not
  smoking and toast chilies, 1 or 2 at a time, pressing down with tongs, a
  few seconds one each side to make more pliable. Wearing rubber gloves,
  remove stems, seeds, and veins. In a blender puree chilies with remaining
  ingredients until completely smooth. Sauce may be made 2 days ahead and
  chilled, covered.
  
  Yield: 2 cups
  
  NOTES : Recipe courtesy of Gourmet Magazine
  
  Recipe by: Cooking Live Show #CL9034
  
  Posted to MC-Recipe Digest by "Angele and Jon Freeman"
  &lt;jfreeman@comteck.com&gt; on Feb 7, 1998
 
</step></directions></recipe></recipeml>
