<?xml version="1.0" encoding="UTF-8"?>

<recipeml version="0.5">
  <recipe>
    <head>
      <title>Ancini Di Pepe Salad</title>
      <categories>
        <cat>Salad</cat></categories>
      <yield>16</yield></head>
    <ingredients>
      <ing>
        <amt>
          <qty>1/2</qty>
          <unit/></amt>
        <item>Box anicini di pepe macaroni</item></ing>
      <ing>
        <amt>
          <qty>2</qty>
          <unit>cans</unit></amt>
        <item>Crushed pineapple in juice; 20 oz each</item></ing>
      <ing>
        <amt>
          <qty>2</qty>
          <unit>cans</unit></amt>
        <item>Mandarin oranges in juice; 11 oz each</item></ing>
      <ing>
        <amt>
          <qty>1</qty>
          <unit/></amt>
        <item>Jar maraschino cherries</item></ing>
      <ing>
        <amt>
          <qty>12</qty>
          <unit>ounces</unit></amt>
        <item>Cool Whip Lite</item></ing>
      <ing>
        <amt>
          <qty>3/4</qty>
          <unit>cups</unit></amt>
        <item>Sugar</item></ing>
      <ing>
        <amt>
          <qty>1/2</qty>
          <unit>cups</unit></amt>
        <item>Egg Beaters 99% egg substitute</item></ing>
      <ing>
        <amt>
          <qty>3</qty>
          <unit>tablespoons</unit></amt>
        <item>Cornstarch</item></ing></ingredients>
    <directions>
      <step>  From: charles moffat &lt;moffats@usaor.net&gt;
  
  Date: Thu, 03 Jan 1980 12:29:07 -0500
  Recipe By: Tammy Roth
  
  Drain all fruit juices into a saucepan. Add sugar, egg substitute &amp;
  cornstarch. Stir together &amp; cook on medium heat, stirring constantly, until
  thick. Cook macaroni according to package directions.  Drain &amp; combine hot
  macaroni &amp; sauce. Cool at least 4 hours.  Fold in drained fruit &amp; Cool
  Whip.
  
  Digest eat-lf.v096.n096
  
  From the EAT-LF recipe list.  Downloaded from Glen's MM Recipe Archive,
  http://www.erols.com/hosey.
 
</step></directions></recipe></recipeml>
