<?xml version="1.0" encoding="UTF-8"?>

<recipeml version="0.5">
  <recipe>
    <head>
      <title>Basil Potato and Egg Salad</title>
      <categories>
        <cat>Salads</cat>
        <cat>Low-fat</cat></categories>
      <yield>4</yield></head>
    <ingredients>
      <ing>
        <amt>
          <qty>1</qty>
          <unit>pound</unit></amt>
        <item>4 oz red new potatoes, scrubbed and quartered</item></ing>
      <ing>
        <amt>
          <qty>3/4</qty>
          <unit>cups</unit></amt>
        <item>Nonfat plain yogurt</item></ing>
      <ing>
        <amt>
          <qty>1/4</qty>
          <unit>cups</unit></amt>
        <item>Minced scallions</item></ing>
      <ing>
        <amt>
          <qty>2</qty>
          <unit>tablespoons</unit></amt>
        <item>+2 t low cal mayonnaise</item></ing>
      <ing>
        <amt>
          <qty>1</qty>
          <unit>tablespoon</unit></amt>
        <item>Cider or red wine vinegar</item></ing>
      <ing>
        <amt>
          <qty>2</qty>
          <unit>teaspoons</unit></amt>
        <item>Dijon or spicy brown mustard</item></ing>
      <ing>
        <amt>
          <qty>1</qty>
          <unit>teaspoon</unit></amt>
        <item>Basil</item></ing>
      <ing>
        <amt>
          <qty>1/4</qty>
          <unit>teaspoons</unit></amt>
        <item>Salt</item></ing>
      <ing>
        <amt>
          <qty>1/8</qty>
          <unit>teaspoons</unit></amt>
        <item>White pepper</item></ing>
      <ing>
        <amt>
          <qty>2</qty>
          <unit>large</unit></amt>
        <item>Hard cooked eggs, chopped</item></ing>
      <ing>
        <amt>
          <qty>2</qty>
          <unit>slices</unit></amt>
        <item>Cooked turkey bacon crumbled</item></ing></ingredients>
    <directions>
      <step>  1.  In a large saucepan, over high heat, bring potatoes and enough water to
  cover to a boil. Reduce heat to low, and simmer 15-20 min. Drain potatoes;
  let cool to room temperature.
  
  2.  Meanwhile, in a medium bowl, compine yogurt, scallions, mayonaise,
  vinegar, mustard, basil, salt and pepper. Fold in eggs and bacon. Add
  potatoes, and toss gently to coat. Cover and refrigerate at least 2 hours
  before serving.
  
  Each serving provides:  1 fat, 1/2 protein, 1 bread, 40 calories Per
  serving:  227 calories
  
  Source:  Weight Watchers Magazine, June 1993
  
  From Gemini's MASSIVE MealMaster collection at www.synapse.com/~gemini
 
</step></directions></recipe></recipeml>
