<?xml version="1.0" encoding="UTF-8"?>

<recipeml version="0.5">
  <recipe>
    <head>
      <title>Basil Pesto Dip</title>
      <categories>
        <cat>None</cat></categories>
      <yield>1</yield></head>
    <ingredients>
      <ing>
        <amt>
          <qty/>
          <unit/></amt>
        <item>Basil pesto from the supermarket deli case</item></ing>
      <ing>
        <amt>
          <qty>1</qty>
          <unit>cup</unit></amt>
        <item>Cottage cheese</item></ing>
      <ing>
        <amt>
          <qty>1</qty>
          <unit>cup</unit></amt>
        <item>Light sour cream</item></ing>
      <ing>
        <amt>
          <qty>1/2</qty>
          <unit>cups</unit></amt>
        <item>Grated Parmesan cheese</item></ing></ingredients>
    <directions>
      <step>  Blend basil pesto from the supermarket deli case with 1 cup cottage cheese,
  1 cup light sour cream and 1/2 cup grated Parmesan cheese in a food
  processor. Serve with small bread sticks or vegetables.
  
  Posted to CHILE-HEADS DIGEST V4 #279 by Jim Tidwell
  &lt;snd1jlt@snd10.med.navy.mil&gt; on Jan 22, 1998
 
</step></directions></recipe></recipeml>
