<?xml version="1.0" encoding="UTF-8"?>

<recipeml version="0.5">
  <recipe>
    <head>
      <title>Basil Mayonnaise</title>
      <categories>
        <cat>New</cat>
        <cat>Text</cat>
        <cat>Import</cat></categories>
      <yield>1</yield></head>
    <ingredients>
      <ing>
        <amt>
          <qty>1</qty>
          <unit/></amt>
        <item>Large egg</item></ing>
      <ing>
        <amt>
          <qty/>
          <unit/></amt>
        <item>Juice of one lemon</item></ing>
      <ing>
        <amt>
          <qty>1</qty>
          <unit>teaspoon</unit></amt>
        <item>Dijon mustard</item></ing>
      <ing>
        <amt>
          <qty>1/3</qty>
          <unit>cups</unit></amt>
        <item>Chopped basil</item></ing>
      <ing>
        <amt>
          <qty>1</qty>
          <unit>teaspoon</unit></amt>
        <item>Minced garlic</item></ing>
      <ing>
        <amt>
          <qty>2</qty>
          <unit>tablespoons</unit></amt>
        <item>Chopped green onions</item></ing>
      <ing>
        <amt>
          <qty/>
          <unit/></amt>
        <item>Salt and black pepper</item></ing>
      <ing>
        <amt>
          <qty>1</qty>
          <unit>cup</unit></amt>
        <item>Olive oil</item></ing></ingredients>
    <directions>
      <step>  In a food processor, combine all the ingredients together, except for the
  olive oil. Puree the mixture for 15 minutes. While the processor is
  running, slowly stream in the olive oil. When all the oil is incorporated,
  turn the machine off and scrape down the sides of the bowl. Continue
  processing until the mayonnaise is thick. Season with salt and pepper.
  Remove the mayonnaise and refrigerate for 30 minutes. Spoon the mayonnaise
  in the center of the plate and around the rim. Mound the chips in the
  center of the sauce. Lay the fish directly on top of the fish. Garnish with
  the grilled green onions, parsley, and peppers.
  
  Yield: about 1 cup
  Recipe By     :ESSENCE OF EMERIL SHOW #EE2411
  
  Posted to MC-Recipe Digest V1 #283
  
  Date: Thu, 7 Nov 1996 08:32:21 -0500
  
  From: Meg Antczak &lt;meginny@frontiernet.net&gt;
 
</step></directions></recipe></recipeml>
