<?xml version="1.0" encoding="UTF-8"?>

<recipeml version="0.5">
  <recipe>
    <head>
      <title>Basil Oil</title>
      <categories>
        <cat/></categories>
      <yield>1</yield></head>
    <ingredients>
      <ing>
        <amt>
          <qty>1</qty>
          <unit/></amt>
        <item>Handful? basil, fresh; bruised</item></ing>
      <ing>
        <amt>
          <qty>1</qty>
          <unit>cup</unit></amt>
        <item>Olive oil</item></ing></ingredients>
    <directions>
      <step>  Combine basil and oil in a tightly-sealed bottle.  Leave to infuse for two
  weeks; the leaves can be used normally, and the oil kept to flavor salads,
  soups, or marinades.
  Posted to MC-Recipe Digest V1 #189
  
  Date: 08 Aug 1996 17:25:22 GMT
  
  From: Richardson@digitalpopcorn.com (Richardson)
 
</step></directions></recipe></recipeml>
