<?xml version="1.0" encoding="UTF-8"?>

<recipeml version="0.5">
  <recipe>
    <head>
      <title>Basil Smoked Shrimp and Scallop Kebabs</title>
      <categories>
        <cat>Fish</cat>
        <cat>Herbs</cat></categories>
      <yield>4</yield></head>
    <ingredients>
      <ing>
        <amt>
          <qty>1/2</qty>
          <unit>cups</unit></amt>
        <item>Applewood chips</item></ing>
      <ing>
        <amt>
          <qty>1/2</qty>
          <unit>pounds</unit></amt>
        <item>Large shrimp (about 12),</item></ing>
      <ing>
        <amt>
          <qty/>
          <unit/></amt>
        <item>Peeled and deveined</item></ing>
      <ing>
        <amt>
          <qty>1/2</qty>
          <unit>pounds</unit></amt>
        <item>Sea scallops (about 12)</item></ing>
      <ing>
        <amt>
          <qty>1</qty>
          <unit>cup</unit></amt>
        <item>Chopped fresh basil (leaves</item></ing>
      <ing>
        <amt>
          <qty/>
          <unit/></amt>
        <item>And stems)</item></ing></ingredients>
    <directions>
      <step>  Soak the applewood chips in water for 1 hour.
  
  Soak four 6-inch amboo skewers in water for 15 minutes. Thread the shrimp
  and scallops alternately onto each skewer.
  
  Line a wok or a straight0sided fry pan with a double thickness of aluminum
  foil.  Drain the applewood chips and combine them with the basil in the
  bottom.  Insert a low rack that wil keep the skewers raised, but still
  allow a cover to fit.
  
  Place the skewers across the rack and cover the pan. If using a wok, ring 2
  wet towels around the cover; for a fry pan, drape a wet towel over the
  cover and secure tightly.
  
  Smoke the kebabs for 15 minutes over medium-high heat. Remove the pan from
  the heat and set it aside for 5 minutes before uncovering. Serve
  immediately.
  Posted to MM-Recipes Digest V3 #208
  
  Date: Thu, 01 Aug 1996 18:46:21 -0800
  
  From: "Jenny S. Johanssen" &lt;johanssen@matnet.com&gt;
 
</step></directions></recipe></recipeml>
