<?xml version="1.0" encoding="UTF-8"?>

<recipeml version="0.5">
  <recipe>
    <head>
      <title>Basil Parmesan Bread</title>
      <categories>
        <cat>Bread machi</cat>
        <cat>Bread maili</cat></categories>
      <yield>1</yield></head>
    <ingredients>
      <ing>
        <amt>
          <qty>3/4</qty>
          <unit>cups</unit></amt>
        <item>Water</item></ing>
      <ing>
        <amt>
          <qty>1</qty>
          <unit>tablespoon</unit></amt>
        <item>Olive oil</item></ing>
      <ing>
        <amt>
          <qty>1/4</qty>
          <unit>cups</unit></amt>
        <item>Swiss cheese; grated</item></ing>
      <ing>
        <amt>
          <qty>1/4</qty>
          <unit>cups</unit></amt>
        <item>Parmesan cheese; grated</item></ing>
      <ing>
        <amt>
          <qty>1/4</qty>
          <unit>teaspoons</unit></amt>
        <item>Salt</item></ing>
      <ing>
        <amt>
          <qty>2</qty>
          <unit>teaspoons</unit></amt>
        <item>Sugar</item></ing>
      <ing>
        <amt>
          <qty>2</qty>
          <unit>teaspoons</unit></amt>
        <item>Basil</item></ing>
      <ing>
        <amt>
          <qty>1</qty>
          <unit>cup</unit></amt>
        <item>Whole-wheat flour</item></ing>
      <ing>
        <amt>
          <qty>1</qty>
          <unit>cup</unit></amt>
        <item>Bread flour</item></ing>
      <ing>
        <amt>
          <qty>1</qty>
          <unit>teaspoon</unit></amt>
        <item>Yeast medium--</item></ing>
      <ing>
        <amt>
          <qty>1 1/8</qty>
          <unit>cups</unit></amt>
        <item>Water</item></ing>
      <ing>
        <amt>
          <qty>1 1/2</qty>
          <unit>tablespoons</unit></amt>
        <item>Olive oil</item></ing>
      <ing>
        <amt>
          <qty>1/3</qty>
          <unit>cups</unit></amt>
        <item>Swiss cheese; grated</item></ing>
      <ing>
        <amt>
          <qty>1/3</qty>
          <unit>cups</unit></amt>
        <item>Parmesan cheese; grated</item></ing>
      <ing>
        <amt>
          <qty>1/3</qty>
          <unit>teaspoons</unit></amt>
        <item>Salt</item></ing>
      <ing>
        <amt>
          <qty>1</qty>
          <unit>tablespoon</unit></amt>
        <item>Sugar</item></ing>
      <ing>
        <amt>
          <qty>1</qty>
          <unit>tablespoon</unit></amt>
        <item>Basil</item></ing>
      <ing>
        <amt>
          <qty>1 1/2</qty>
          <unit>cups</unit></amt>
        <item>Whole-wheat flour</item></ing>
      <ing>
        <amt>
          <qty>1 1/2</qty>
          <unit>cups</unit></amt>
        <item>Bread flour</item></ing>
      <ing>
        <amt>
          <qty>1 1/2</qty>
          <unit>teaspoons</unit></amt>
        <item>Yeast</item></ing></ingredients>
    <directions>
      <step>  &gt;From: hs.Roch811sd@xerox.com (Heather)
  From: Bread-Bakers Archives: ftp.best.com/pub/reggie/archives/bread/recipe
  
  Recipe By     : Donna German The Bread Machine Cookbook II
  NOTES : This is out of the world. A must with an Italian meal. While the
       pre-grated Parmesan cheese may be used in this recipe, freshly
       grated Parmesan
       cheese is much better.
 
</step></directions></recipe></recipeml>
