<?xml version="1.0" encoding="UTF-8"?>

<recipeml version="0.5">
  <recipe>
    <head>
      <title>Basil Shrimp Stuffed Zucchini</title>
      <categories>
        <cat>None</cat></categories>
      <yield>8</yield></head>
    <ingredients>
      <ing>
        <amt>
          <qty>4</qty>
          <unit/></amt>
        <item>Zucchinis 2-3 Inches in Diameter</item></ing>
      <ing>
        <amt>
          <qty>2</qty>
          <unit>tablespoons</unit></amt>
        <item>Butter or Margarine</item></ing>
      <ing>
        <amt>
          <qty>1</qty>
          <unit>tablespoon</unit></amt>
        <item>Minced Onion</item></ing>
      <ing>
        <amt>
          <qty>8</qty>
          <unit>ounces</unit></amt>
        <item>Tomatoes; Peeled, Seeded, Chopped</item></ing>
      <ing>
        <amt>
          <qty>1</qty>
          <unit>pound</unit></amt>
        <item>Small Shrimp; Peeled and Deveined (cut shrimp if they are larger than a quarter)</item></ing>
      <ing>
        <amt>
          <qty>1</qty>
          <unit>tablespoon</unit></amt>
        <item>Fresh Minced Basil</item></ing>
      <ing>
        <amt>
          <qty>1/2</qty>
          <unit>teaspoons</unit></amt>
        <item>Salt</item></ing>
      <ing>
        <amt>
          <qty>1/4</qty>
          <unit>teaspoons</unit></amt>
        <item>Pepper</item></ing>
      <ing>
        <amt>
          <qty>1</qty>
          <unit>cup</unit></amt>
        <item>Breadcrumbs</item></ing>
      <ing>
        <amt>
          <qty>2</qty>
          <unit>tablespoons</unit></amt>
        <item>Melted Butter</item></ing></ingredients>
    <directions>
      <step>  PREPARATION:
  
  1. Preheat oven to 350ø. 2. Wash the zucchini and trim off the ends. 3. Cut
  zucchini in half lengthwise and scoop out the seeds. Be sure to leave some
  by the ends to create a boat-like shape. 4. Saute onions in butter until
  clear, add tomatoes and simmer until soft. 5. In a mixing bowl combine
  tomato and onion mixture, shrimp, basil, salt and pepper and half of the
  bread crumbs. 6. Fill the zucchini boats with the mixture. 7. Place boats
  in a greased baking dish. 8. Sprinkle with remaining breadcrumbs and
  drizzle with butter. 9. Bake for 15 minutes or until shrimp are pink and
  clear.
  
  Formatted and Busted by Carriej999@AOL.com
  
  Recipe by: Red Lobster
  
  Posted to MC-Recipe Digest by Carriej999 &lt;Carriej999@aol.com&gt; on Mar 8,
  1998
 
</step></directions></recipe></recipeml>
