<?xml version="1.0" encoding="UTF-8"?>

<recipeml version="0.5">
  <recipe>
    <head>
      <title>Basil Shrimp in Fresh Tomato Sauce</title>
      <categories>
        <cat>None</cat></categories>
      <yield>2</yield></head>
    <ingredients>
      <ing>
        <amt>
          <qty>1 1/2</qty>
          <unit>teaspoons</unit></amt>
        <item>Olive oil</item></ing>
      <ing>
        <amt>
          <qty>1</qty>
          <unit>medium</unit></amt>
        <item>Onion; chopped</item></ing>
      <ing>
        <amt>
          <qty>3</qty>
          <unit/></amt>
        <item>Cloves garlic; crushed</item></ing>
      <ing>
        <amt>
          <qty>3</qty>
          <unit>large</unit></amt>
        <item>Ripe tomatoes</item></ing>
      <ing>
        <amt>
          <qty>4</qty>
          <unit/></amt>
        <item>Strips of orange peel; about 1/2 x 2"</item></ing>
      <ing>
        <amt>
          <qty>1/2</qty>
          <unit>pounds</unit></amt>
        <item>Large shrimp; (I use 8 big ones) peeled and deveined</item></ing>
      <ing>
        <amt>
          <qty>1/8</qty>
          <unit>teaspoons</unit></amt>
        <item>Cayenne pepper</item></ing>
      <ing>
        <amt>
          <qty>1/2</qty>
          <unit>cups</unit></amt>
        <item>Fresh basil; chopped</item></ing>
      <ing>
        <amt>
          <qty>8</qty>
          <unit>ounces</unit></amt>
        <item>Farfalle bow tie pasta; (have also used linguine)</item></ing>
      <ing>
        <amt>
          <qty>2</qty>
          <unit>tablespoons</unit></amt>
        <item>Freshly grated Parmesan</item></ing></ingredients>
    <directions>
      <step>  From: Bulldogfla &lt;Bulldogfla@aol.com&gt;
  
  Put on water to boil for pasta; heat oil in non-sick skillet, add onions
  and saute for 5 min, without browning; add garlic and orange peel, saute
  another minute. Add tomatoes, cut into large cubes, and cook 15 min., stir
  occasionally.
  
  While it's cooking, add pasta to boiling water, remove and drain when done,
  keep warm. If sauce seems watery, cook another few minutes. Add shrimp and
  pepper to sauce, cook gently about 3 minutes, til shrimp are pink. Add salt
  and freshly ground pepper to taste. Remove orange peel, add basil.
  
  Divide pasta between 2 plates, spoon shrimp and sauce over, sprinkle
  w/cheese. Approx 586 cal, 10 g fat. Takes less than 30 minutes to fix.
  
  Posted to recipelu-digest by jeryder@juno.com on Mar 10, 1998
 
</step></directions></recipe></recipeml>
