<?xml version="1.0" encoding="UTF-8"?>

<recipeml version="0.5">
  <recipe>
    <head>
      <title>Basil/tomato Shrimp</title>
      <categories>
        <cat>Seafood</cat></categories>
      <yield>4</yield></head>
    <ingredients>
      <ing>
        <amt>
          <qty>1</qty>
          <unit>pound</unit></amt>
        <item>Shrimp; peeled and deveined (or 1 pound of scallops; rinsed) (up to)</item></ing>
      <ing>
        <amt>
          <qty>3</qty>
          <unit/></amt>
        <item>Cloves garlic; chopped</item></ing>
      <ing>
        <amt>
          <qty>2</qty>
          <unit>tablespoons</unit></amt>
        <item>Fresh basil; -or-</item></ing>
      <ing>
        <amt>
          <qty>1</qty>
          <unit>tablespoon</unit></amt>
        <item>Dried</item></ing>
      <ing>
        <amt>
          <qty>1 1/2</qty>
          <unit>cups</unit></amt>
        <item>Chopped fresh tomatos (roma or plum are best)</item></ing>
      <ing>
        <amt>
          <qty/>
          <unit/></amt>
        <item>Olive oil</item></ing></ingredients>
    <directions>
      <step>  From: FRITZ@QHORSE.STX.COM
  
  Date: Tue, 16 Jul 1996 8:12:45 -0400 (EDT)
  Saute the shrimp (or scallops) with garlic in 1 or 2 tsp of olive oil until
  they loose their transparency (about 4-5 minutes max).  Add tomatos and
  basil, and simmer 5 more minutes. Serve over rice or pasta, with a sprinkle
  of good fresh or shredded parmesan (the powdered stuff doesn't seem to do
  it).
  
  *Use scallops if cholesterol is a major concern-they are lower than shrimp
  in fat and cholesterol.
  
  Digest eat-lf.v096.n098
  
  From the EAT-LF recipe list.  Downloaded from Glen's MM Recipe Archive,
  http://www.erols.com/hosey.
 
</step></directions></recipe></recipeml>
