<?xml version="1.0" encoding="UTF-8"?>

<recipeml version="0.5">
  <recipe>
    <head>
      <title>Basil Sauce</title>
      <categories>
        <cat>Sauces</cat>
        <cat>Seafood</cat></categories>
      <yield>1</yield></head>
    <ingredients>
      <ing>
        <amt>
          <qty>1</qty>
          <unit>tablespoon</unit></amt>
        <item>Butter</item></ing>
      <ing>
        <amt>
          <qty>6</qty>
          <unit/></amt>
        <item>Shallots; thinly sliced</item></ing>
      <ing>
        <amt>
          <qty>4</qty>
          <unit/></amt>
        <item>Garlic cloves; thinly sliced</item></ing>
      <ing>
        <amt>
          <qty>1</qty>
          <unit>cup</unit></amt>
        <item>Chablis</item></ing>
      <ing>
        <amt>
          <qty>1</qty>
          <unit>cup</unit></amt>
        <item>Clam juice</item></ing>
      <ing>
        <amt>
          <qty>1/4</qty>
          <unit>cups</unit></amt>
        <item>White wine vinegar</item></ing>
      <ing>
        <amt>
          <qty>1/4</qty>
          <unit>cups</unit></amt>
        <item>Heavy cream</item></ing>
      <ing>
        <amt>
          <qty>1</qty>
          <unit/></amt>
        <item>Lemon, juiced</item></ing>
      <ing>
        <amt>
          <qty>1/2</qty>
          <unit>pounds</unit></amt>
        <item>Sweet butter cut into pieces</item></ing>
      <ing>
        <amt>
          <qty>1/2</qty>
          <unit>bunches</unit></amt>
        <item>Basil; stems removed</item></ing>
      <ing>
        <amt>
          <qty/>
          <unit/></amt>
        <item>Salt (to taste)</item></ing></ingredients>
    <directions>
      <step>  In a medium saucepan place the 1 tablespoon of butter and heat it on medium
  high until it has melted.  Add the shallots and garlic. Saut‚ them for 2 to
  3 minutes, or until the shallots are tender. Add the Chablis, clam juice,
  and white wine vinegar.  Cook the ingredients for 15 to 20 minutes, or
  until it is reduced to 1/4 cup. Add the heavy cream and the lemon juice.
  Reduce the heat to low and simmer the ingredients for 1 to 2 minutes, or
  until the liquid starts to thicken. Raise the heat to medium. While
  whisking constantly, add the pieces of butter one at a time. Strain the
  sauce into a blender.  Add the basil leaves. Pur‚e the sauce and then
  season it with the salt. Add some water if the sauce is too thick.
  
  From Gemini's MASSIVE MealMaster collection at www.synapse.com/~gemini
 
</step></directions></recipe></recipeml>
