<?xml version="1.0" encoding="UTF-8"?>

<recipeml version="0.5">
  <recipe>
    <head>
      <title>Basil Veggie Linguine</title>
      <categories>
        <cat>None</cat></categories>
      <yield>6</yield></head>
    <ingredients>
      <ing-div>
        <title/>
        <ing>
          <amt>
            <qty>12</qty>
            <unit>ounces</unit></amt>
          <item>Uncooked linguine pasta</item></ing>
        <ing>
          <amt>
            <qty/>
            <unit/></amt>
          <item>Freshly ground black pepper; to taste</item></ing>
        <ing>
          <amt>
            <qty>1/2</qty>
            <unit>pounds</unit></amt>
          <item>Green beans; blanched, cut into 1/4" pieces</item></ing>
        <ing>
          <amt>
            <qty>1/2</qty>
            <unit>pounds</unit></amt>
          <item>Red new potatoes; blanched, cut into 1/4" dice</item></ing>
        <ing>
          <amt>
            <qty>6</qty>
            <unit/></amt>
          <item>Ripe plum tomatoes; cut into 1/4" dice</item></ing>
        <ing>
          <amt>
            <qty>1/2</qty>
            <unit>cups</unit></amt>
          <item>Basil leaves; slivered</item></ing></ing-div>
      <ing-div>
        <title>FOR THE PESTO</title>
        <ing>
          <amt>
            <qty>2</qty>
            <unit>cups</unit></amt>
          <item>Fresh basil leaves; loosely packed</item></ing>
        <ing>
          <amt>
            <qty>4</qty>
            <unit>teaspoons</unit></amt>
          <item>Garlic; minced</item></ing>
        <ing>
          <amt>
            <qty>2</qty>
            <unit>tablespoons</unit></amt>
          <item>Pine nuts</item></ing>
        <ing>
          <amt>
            <qty>1/3</qty>
            <unit>cups</unit></amt>
          <item>Extra virgin olive oil</item></ing>
        <ing>
          <amt>
            <qty>2</qty>
            <unit>tablespoons</unit></amt>
          <item>Parmesan cheese; grated</item></ing>
        <ing>
          <amt>
            <qty/>
            <unit/></amt>
          <item>Salt and freshly ground black pepper; to taste</item></ing></ing-div></ingredients>
    <directions>
      <step>  Prepare the pesto: Combine the basil, garlic and pine nuts in the bowl of a
  food processor. Process until chopped. With the motor running, slowly
  drizzle in the oil through the feed tube. Add the cheese and process until
  combined. Season with salt and pepper. Refrigerate, covered, until ready to
  use 9up to 3 days). Makes about 1 cup.
  
  Shortly before serving, bring a large pot of salted water to a boil and
  cook the linguine according to package directions. Drain well and place in
  a serving bowl. Add the reserved pesto sauce and toss well. Season with
  pepper.
  
  Sprinkle the green beans, potatoes and tomatoes over the linguine and
  scatter with the slivered basil. Serve immediately, tossing at the table.
  
  Serves 4 to 6. Per serving (based on 6): 404 calories, 55g carbohydrates,
  11g protein, 16g fat, 2mg cholesterol
  
  Published in Parade Magazine 4/26/98
  
  Typed and Busted by Carriej999@AOL.com
  
  Recipe by: Sheila Lukins
  
  Posted to MC-Recipe Digest by Carriej999 &lt;Carriej999@aol.com&gt; on Apr 26,
  1998
 
</step></directions></recipe></recipeml>
