<?xml version="1.0" encoding="UTF-8"?>

<recipeml version="0.5">
  <recipe>
    <head>
      <title>Basil Shrimp</title>
      <categories>
        <cat>Salad</cat></categories>
      <yield>4</yield></head>
    <ingredients>
      <ing>
        <amt>
          <qty>1</qty>
          <unit>pound</unit></amt>
        <item>Shrimp (up to)</item></ing>
      <ing>
        <amt>
          <qty>1 1/2</qty>
          <unit>cups</unit></amt>
        <item>Olive oil</item></ing>
      <ing>
        <amt>
          <qty>3</qty>
          <unit>tablespoons</unit></amt>
        <item>Lemon juice</item></ing>
      <ing>
        <amt>
          <qty>2</qty>
          <unit>tablespoons</unit></amt>
        <item>Pernod liqueur</item></ing>
      <ing>
        <amt>
          <qty>1/3</qty>
          <unit>cups</unit></amt>
        <item>Fresh basil</item></ing>
      <ing>
        <amt>
          <qty/>
          <unit/></amt>
        <item>Salt</item></ing>
      <ing>
        <amt>
          <qty/>
          <unit/></amt>
        <item>Freshly ground white pepper</item></ing></ingredients>
    <directions>
      <step>  Shell, devein and butterfly shrimp. Heat olive oil in a large skillet. Mix
  basil, Pernod, lemon juice and then add to shrimp. Fry shrimp approximately
  2 minutes or until just pink. Remove to a large bowl. Pour oil and herbs
  from skillet over shrimp. Chill. Serve at room temperature on a bed of
  lettuce with a wedge of lemon and a sprig of fresh basil. Yield: 4
  servings.
  
  BEN HUSSMAN (MRS. WALTER, JR.)
  
  From &lt;Traditions: A Taste of the Good Life&gt;, by the Little Rock (AR) Junior
  League.  Downloaded from Glen's MM Recipe Archive,
  http://www.erols.com/hosey.
 
</step></directions></recipe></recipeml>
