<?xml version="1.0" encoding="UTF-8"?>

<recipeml version="0.5">
  <recipe>
    <head>
      <title>Basil Pasta &lt;r T&gt;</title>
      <categories>
        <cat>Eat-lf mail</cat>
        <cat>Italian</cat>
        <cat>Low fat</cat>
        <cat>Main dishes</cat></categories>
      <yield>4</yield></head>
    <ingredients>
      <ing>
        <amt>
          <qty>2</qty>
          <unit>cups</unit></amt>
        <item>All-Purpose Flour; *Note, (1C)</item></ing>
      <ing>
        <amt>
          <qty>1/2</qty>
          <unit>cups</unit></amt>
        <item>Egg Beaters® 99% Egg Substitute; **Note, (1/4C)</item></ing>
      <ing>
        <amt>
          <qty>1</qty>
          <unit>teaspoon</unit></amt>
        <item>Salt; (1/2 Tsp)</item></ing>
      <ing>
        <amt>
          <qty/>
          <unit/></amt>
        <item>Water; (To Half Load Line)</item></ing>
      <ing>
        <amt>
          <qty>2</qty>
          <unit>tablespoons</unit></amt>
        <item>Dried Basil</item></ing></ingredients>
    <directions>
      <step>  Full Load Serves 4 - 6 -- Half Load (2-4):
  
  *NOTE: A Popeil measuring cup
  
  **NOTE: Or equivalent to 2 eggs, beaten
  
  Note: The Full Load recipe calls for 1 T olive oil. The half load recipe
  calls for 1 T olive oil. I omit the oil completely. Because I eliminate the
  oil I do heat the dye before I extrude. What I do is to heat up about 34/ C
  water in a 1 C measurement in the microwave..NOT TO BOILING THOUGH. Then
  when the water is warm enough I remove it from the microwave and lower the
  dye into it. DON'T DROP the dye ....lower it carefully to avoid splashes
  and nasty burns. I usually let it sit in the hot water for about 1 - 1/2
  minutes and the put it on the machine and start extruding immediately.
  
  Equivalents: One Popeil Measuring Cup is equivalent to 1 2/3 C standard
  measurement.
  
  Use the mix and then extrude in any shape that you prefer. We made this
  into fettucine.
  
  This was very good!!
  
  Entered into MasterCook and tested for you by Reggie Dwork &amp; Jeff Dwork
  &lt;reggie@reggie.com&gt;
  
  NOTES : Cal 245.6, Fat 0.7g, Carb 50.3g, Fib 0.4g, Pro 8.5g, Sod 577mg, CFF
  2.6%.
  Recipe by: Reggie Dwork &lt;reggie@reggie.com&gt;
  
  Posted to TNT Recipes Digest, Vol 01, Nr 936 by Reggie Dwork
  &lt;reggie@reggie.com&gt; on Jan 13, 1998
 
</step></directions></recipe></recipeml>
