<?xml version="1.0" encoding="UTF-8"?>

<recipeml version="0.5">
  <recipe>
    <head>
      <title>Basil Stir-Fry</title>
      <categories>
        <cat>Polkadot</cat>
        <cat>Faylen</cat>
        <cat>Beef</cat>
        <cat>Herb/spices</cat>
        <cat>Wok</cat></categories>
      <yield>2</yield></head>
    <ingredients>
      <ing>
        <amt>
          <qty>1/2</qty>
          <unit>cups</unit></amt>
        <item>Couscous</item></ing>
      <ing>
        <amt>
          <qty>1</qty>
          <unit>cup</unit></amt>
        <item>Water</item></ing>
      <ing>
        <amt>
          <qty>1</qty>
          <unit>tablespoon</unit></amt>
        <item>Corn oil</item></ing>
      <ing>
        <amt>
          <qty>1/4</qty>
          <unit>pounds</unit></amt>
        <item>Ground beef</item></ing>
      <ing>
        <amt>
          <qty>1/2</qty>
          <unit>large</unit></amt>
        <item>Green pepper sliced</item></ing>
      <ing>
        <amt>
          <qty>1</qty>
          <unit>medium</unit></amt>
        <item>Carrot sliced 1/4" thick</item></ing>
      <ing>
        <amt>
          <qty>1</qty>
          <unit>medium</unit></amt>
        <item>Onion sliced thin</item></ing>
      <ing>
        <amt>
          <qty>1</qty>
          <unit>teaspoon</unit></amt>
        <item>Dried basil</item></ing>
      <ing>
        <amt>
          <qty>1/2</qty>
          <unit>teaspoons</unit></amt>
        <item>Dijon mustard</item></ing>
      <ing>
        <amt>
          <qty>2</qty>
          <unit>tablespoons</unit></amt>
        <item>Cider vinegar</item></ing>
      <ing>
        <amt>
          <qty>2</qty>
          <unit>bunches</unit></amt>
        <item>Fresh spinach washed</item></ing></ingredients>
    <directions>
      <step>  In a small saucepan, heat water to boiling, add couscous, cover and set
  aside.
  
  Add oil to wok or heavy skillet; over hight heat, quickly brown meat; add
  peppers, carrots, and onions.  Continue stirring until vegetables are
  slightly cooked, about 2-3 minutes.
  
  Add basil, mustard, and vinegar and mix thoroughly.  Reduce heat to low,
  toss spinach on top, cover and allow to steam 3 or 4 minutes. Serve over
  couscous.
  
  Per serving: 456 Calories; 23g Fat (44% calories from fat); 18g Protein;
  46g Carbohydrate; 48mg Cholesterol; 382mg Sodium
  
  Recipe By       : Sage Cottage Herb Garden Cookbook, Dorry Baird Norris
  Serving Size    : 2 Preparation Time: 0:00
  
  From: Faylen Date: 02-19-96 (09:27) The Polka Dot Cottage, a BBS with a
  taste of home.  1-201-822-3627.
  
  Posted to MC-Recipe Digest V1 #711 by Lisa Clarke &lt;lisa@gaf.com&gt; on Aug 1,
  97
 
</step></directions></recipe></recipeml>
