<?xml version="1.0" encoding="UTF-8"?>

<recipeml version="0.5">
  <recipe>
    <head>
      <title>Basler Brezeli (Rubbed Dough)</title>
      <categories>
        <cat>Cookie</cat></categories>
      <yield>300</yield></head>
    <ingredients>
      <ing>
        <amt>
          <qty>1</qty>
          <unit>cup</unit></amt>
        <item>Plus</item></ing>
      <ing>
        <amt>
          <qty>2</qty>
          <unit>tablespoons</unit></amt>
        <item>Butter</item></ing>
      <ing>
        <amt>
          <qty>1 1/2</qty>
          <unit>cups</unit></amt>
        <item>Sugar</item></ing>
      <ing>
        <amt>
          <qty>3 3/4</qty>
          <unit>cups</unit></amt>
        <item>Flour</item></ing>
      <ing>
        <amt>
          <qty>1</qty>
          <unit/></amt>
        <item>Grated lemon peel</item></ing>
      <ing>
        <amt>
          <qty>2</qty>
          <unit>cups</unit></amt>
        <item>Plus</item></ing>
      <ing>
        <amt>
          <qty>2</qty>
          <unit>tablespoons</unit></amt>
        <item>Lukewarm milk</item></ing></ingredients>
    <directions>
      <step>  From: Dan Hirschi (DHIRSCHI) &lt;VFOAO0CY@VAX.CSUN.EDU&gt; (COLLECTION)
  
  Date: Fri, 7 Jan 1994 12:26:25 -0800 (PST)
  
  Rub together butter, sugar and flour.  Add lemon peel and milk.  Let dough
  rest for 1 day.  Put 1/2 teaspoon dough on iron.  300 brezeli
  
  REC.FOOD.RECIPES ARCHIVES
  
  /COOKIES
  
  LET DOUGH REST 1 DAY
  
  From rec.food.cooking archives.  Downloaded from Glen's MM Recipe Archive,
  http://www.erols.com/hosey.
 
</step></directions></recipe></recipeml>
