<?xml version="1.0" encoding="UTF-8"?>

<recipeml version="0.5">
  <recipe>
    <head>
      <title>Basler Mehlsuppe</title>
      <categories>
        <cat>Soups</cat></categories>
      <yield>4</yield></head>
    <ingredients>
      <ing>
        <amt>
          <qty>5</qty>
          <unit>tablespoons</unit></amt>
        <item>Flour</item></ing>
      <ing>
        <amt>
          <qty>60</qty>
          <unit>grams</unit></amt>
        <item>Butter</item></ing>
      <ing>
        <amt>
          <qty>1</qty>
          <unit/></amt>
        <item>Onion cut in strips</item></ing>
      <ing>
        <amt>
          <qty>1</qty>
          <unit>liter</unit></amt>
        <item>Beef stock</item></ing>
      <ing>
        <amt>
          <qty>100</qty>
          <unit>grams</unit></amt>
        <item>Grated cheese (such as Gruyere)</item></ing></ingredients>
    <directions>
      <step>  Cook flour in dry, hot skillet until light brown. (this can be done in
  advance, or in large amounts and used later) Add butter to flour and mix.
  Add onions and cook until softened. Add stock, bring to boil, and simmer 20
  minutes.  Serve with grated cheese.
  
  Add a dash of red wine if desired.
  
  Serves 4
  
  This is _best_ with homemade stock, although canned will do in a pinch.
  
  Dan Hirschi (California State University, Northridge)
  dhirschi@huey.csun.edu
  
  From Gemini's MASSIVE MealMaster collection at www.synapse.com/~gemini
 
</step></directions></recipe></recipeml>
