<?xml version="1.0" encoding="UTF-8"?>

<recipeml version="0.5">
  <recipe>
    <head>
      <title>Basler Brunsli</title>
      <categories>
        <cat>Cookies</cat>
        <cat>Desserts</cat></categories>
      <yield>8</yield></head>
    <ingredients>
      <ing>
        <amt>
          <qty>1 3/4</qty>
          <unit>cups</unit></amt>
        <item>Sugar</item></ing>
      <ing>
        <amt>
          <qty>3 1/2</qty>
          <unit>cups</unit></amt>
        <item>Whole unblanched almonds</item></ing>
      <ing>
        <amt>
          <qty>7</qty>
          <unit>ounces</unit></amt>
        <item>Semisweet chocolate</item></ing>
      <ing>
        <amt>
          <qty>2</qty>
          <unit>teaspoons</unit></amt>
        <item>Cinnamon</item></ing>
      <ing>
        <amt>
          <qty>1/2</qty>
          <unit>teaspoons</unit></amt>
        <item>Ground clove</item></ing>
      <ing>
        <amt>
          <qty>4</qty>
          <unit>large</unit></amt>
        <item>Egg whites</item></ing>
      <ing>
        <amt>
          <qty>1</qty>
          <unit>tablespoon</unit></amt>
        <item>Kirsch (optional)</item></ing></ingredients>
    <directions>
      <step>  COMBINE THE SUGAR and almonds in the food processor and pulse to grind
  finely. Be careful that the mixture does not become warm. Cut the chocolate
  finely and add to the processor. Pulse to grind the chocolate finely and
  mix with the almonds and sugar. Add the remaining ingredients and pulse to
  mix rapidly. Strew the surface with sugar and press the paste out about
  3/8-inch thick. Roll over with a grooved rolling pin. Cut the Brunsli in
  hearts, stars and clover leaf shapes and place on paper-lined pans. Allow
  to dry several hours, uncovered, at room temperature. Preheat oven to 300F.
  Bake about 10 minutes. Do not overbake or they will be very hard.
  
  From Gemini's MASSIVE MealMaster collection at www.synapse.com/~gemini
 
</step></directions></recipe></recipeml>
