<?xml version="1.0" encoding="UTF-8"?>

<recipeml version="0.5">
  <recipe>
    <head>
      <title>Basle Flour Soup</title>
      <categories>
        <cat>Soups/stews</cat>
        <cat>Swedish</cat></categories>
      <yield>6</yield></head>
    <ingredients>
      <ing>
        <amt>
          <qty>60</qty>
          <unit>grams</unit></amt>
        <item>Butter</item></ing>
      <ing>
        <amt>
          <qty>80</qty>
          <unit>grams</unit></amt>
        <item>Plain flour</item></ing>
      <ing>
        <amt>
          <qty>1 1/2</qty>
          <unit>liters</unit></amt>
        <item>Stock</item></ing></ingredients>
    <directions>
      <step>  Melt the butter (moderate heat) and, stirring constantly, cook the flour to
  a chestnut brown. Remove the pan from the heat, add the warmed stock, mix
  well and simmer without a lid on a low heat for 45 minutes. Season with
  ground nutmeg and pepper.  Serve with grated cheeese.
  
  NOTE:  Until quite recently it was said that a young woman could not get
  married until she could prepare a perfect flour soup.
  
  Posted by Alex Comerford. Courtesy of Fred Peters.
  
  From Gemini's MASSIVE MealMaster collection at www.synapse.com/~gemini
 
</step></directions></recipe></recipeml>
