<?xml version="1.0" encoding="UTF-8"?>

<recipeml version="0.5">
  <recipe>
    <head>
      <title>Basler Mehlsuppe / Basler Flour Soup</title>
      <categories>
        <cat/></categories>
      <yield>10</yield></head>
    <ingredients>
      <ing>
        <amt>
          <qty>2 7/8</qty>
          <unit>ounces</unit></amt>
        <item>Margarine</item></ing>
      <ing>
        <amt>
          <qty>1 3/8</qty>
          <unit>pounds</unit></amt>
        <item>Onion; cut in strips</item></ing>
      <ing>
        <amt>
          <qty>7 1/8</qty>
          <unit>ounces</unit></amt>
        <item>Flour, white</item></ing>
      <ing>
        <amt>
          <qty>10 1/2</qty>
          <unit>cups</unit></amt>
        <item>Beef bouillon</item></ing>
      <ing>
        <amt>
          <qty>7/8</qty>
          <unit>cups</unit></amt>
        <item>Red wine</item></ing>
      <ing>
        <amt>
          <qty>1</qty>
          <unit/></amt>
        <item>Salt, pepper; to taste</item></ing>
      <ing>
        <amt>
          <qty>3 1/3</qty>
          <unit>ounces</unit></amt>
        <item>Sprinz (or other swiss cheese); shredded</item></ing></ingredients>
    <directions>
      <step>  STEP ONE:
  
  ~ cut onion in fine strips - roast flour in a pan in the oven by great heat
  until dark brown - cold dwon flour
  
  STEP TWO:
  
  ~ roast onion and margarine - stir in flour, mix well - cold down a little
  bit - stir in consomme (or bouillon) , stir well - add red wine, boil for
  one hour - carefully puree the soup in a blender at low speed until very
  smooth - return to the pot and adjust the salt and pepper - serve with
  shredded Sprinz
  NOTES : Swiss national speciality
 
</step></directions></recipe></recipeml>
