<?xml version="1.0" encoding="UTF-8"?>

<recipeml version="0.5">
  <recipe>
    <head>
      <title>Basmati and Wild Rice Salad with Tangerines And Pine Nuts</title>
      <categories>
        <cat>Rice</cat>
        <cat>Vegetarian</cat></categories>
      <yield>6</yield></head>
    <ingredients>
      <ing>
        <amt>
          <qty>1</qty>
          <unit>cup</unit></amt>
        <item>Wild rice</item></ing>
      <ing>
        <amt>
          <qty>7</qty>
          <unit>cups</unit></amt>
        <item>Water</item></ing>
      <ing>
        <amt>
          <qty/>
          <unit/></amt>
        <item>Salt</item></ing>
      <ing>
        <amt>
          <qty>1/2</qty>
          <unit>cups</unit></amt>
        <item>Basmati rice; rinsed and drained</item></ing>
      <ing>
        <amt>
          <qty>3/4</qty>
          <unit>cups</unit></amt>
        <item>Tangerine juice; about 4 tangerines</item></ing>
      <ing>
        <amt>
          <qty>1/2</qty>
          <unit>cups</unit></amt>
        <item>Dried currants</item></ing>
      <ing>
        <amt>
          <qty>3</qty>
          <unit/></amt>
        <item>Tangerines</item></ing>
      <ing>
        <amt>
          <qty/>
          <unit/></amt>
        <item>Champagne wine vinegar</item></ing>
      <ing>
        <amt>
          <qty>2</qty>
          <unit>tablespoons</unit></amt>
        <item>Light olive oil</item></ing>
      <ing>
        <amt>
          <qty>2</qty>
          <unit>tablespoons</unit></amt>
        <item>Pine nuts; toasted</item></ing></ingredients>
    <directions>
      <step>  Place the wild rice in a large saucepan; cover with 1 quart water, add 1/2
  teaspoon salt and bring to a boil. Reduce the heat to a gentle boil; cover
  and cook until the grains are tender but still chewy, about 30 to 35
  minutes.
  
  Bring the remaining 3 cups water to a boil in a medium-size saucepan; add
  the basmati rice and 1/2 teaspoon salt. Cook for 8 to 10 minutes, until
  just tender. Drain and cool, then add to the wild rice.
  
  In a small saucepan over medium heat, heat the tangerine juice just to
  boiling; pour over the currants to plump them. Peel and section the
  tangerines, removing the seeds and threads.
  
  Toss the rice with the currants, tangerine juice, 1/2 tablespoon Champagne
  vinegar, and the olive oil. If necessary, adjust the seasoning with salt
  and a splash of vinegar. Add the tangerines and the toasted pine nuts just
  before serving at room temperature.
  
  VARIATION: Use oranges and their juice in place of tangerines. Using a
  sharp knife, remove the peel and white pith from the orange by slicing off
  the top and bottom, then working down the sides. Hold the orange over a
  bowl to catch the juice and cut each section loose by slicing down next to
  the membrane.
 
</step></directions></recipe></recipeml>
