<?xml version="1.0" encoding="UTF-8"?>

<recipeml version="0.5">
  <recipe>
    <head>
      <title>Basmati Italiano</title>
      <categories>
        <cat>Italian</cat>
        <cat>Side dish</cat></categories>
      <yield>6</yield></head>
    <ingredients>
      <ing>
        <amt>
          <qty>2</qty>
          <unit>cups</unit></amt>
        <item>Basmati (white or brown) cooked according</item></ing>
      <ing>
        <amt>
          <qty/>
          <unit/></amt>
        <item>To package instructions</item></ing>
      <ing>
        <amt>
          <qty>1/2</qty>
          <unit>cups</unit></amt>
        <item>Grated parmesan cheese</item></ing>
      <ing>
        <amt>
          <qty>1</qty>
          <unit>tablespoon</unit></amt>
        <item>Dry basil (or one bunch fresh chopped)</item></ing>
      <ing>
        <amt>
          <qty>1/2</qty>
          <unit>teaspoons</unit></amt>
        <item>Pepper</item></ing>
      <ing>
        <amt>
          <qty>1/2</qty>
          <unit>teaspoons</unit></amt>
        <item>Salt; optional</item></ing>
      <ing>
        <amt>
          <qty>2</qty>
          <unit/></amt>
        <item>Cloves minced garlic; to taste</item></ing>
      <ing>
        <amt>
          <qty>4</qty>
          <unit>ounces</unit></amt>
        <item>Sliced black olives; drained</item></ing>
      <ing>
        <amt>
          <qty>3/4</qty>
          <unit>cups</unit></amt>
        <item>Sun-dried tomatoes; rehydrated and</item></ing>
      <ing>
        <amt>
          <qty/>
          <unit/></amt>
        <item>Chopped</item></ing>
      <ing>
        <amt>
          <qty>1</qty>
          <unit>tablespoon</unit></amt>
        <item>Olive oil; optional</item></ing></ingredients>
    <directions>
      <step>  Put cooked basmati into large mixing bowl. Toss hot rice with remaining
  ingredients using wooden spoons to avoid breaking grains. Serve
  immediately.
  Posted to MC-Recipe Digest V1 #185
  
  Date: Mon, 5 Aug 1996 18:13:11 -0700 (PDT)
  
  From: PatH &lt;phannema@wizard.ucr.edu&gt;
 
</step></directions></recipe></recipeml>
