<?xml version="1.0" encoding="UTF-8"?>

<recipeml version="0.5">
  <recipe>
    <head>
      <title>Basmati Rice with Tomato-Mushroom Sauce</title>
      <categories>
        <cat>Entree</cat>
        <cat>Pasta</cat>
        <cat>Rice and gr</cat></categories>
      <yield>4</yield></head>
    <ingredients>
      <ing>
        <amt>
          <qty/>
          <unit/></amt>
        <item>Sauteing liquid</item></ing>
      <ing>
        <amt>
          <qty>1/2</qty>
          <unit>teaspoons</unit></amt>
        <item>Ground cumin</item></ing>
      <ing>
        <amt>
          <qty>1/2</qty>
          <unit>teaspoons</unit></amt>
        <item>Ground cardamom</item></ing>
      <ing>
        <amt>
          <qty>1</qty>
          <unit>teaspoon</unit></amt>
        <item>Curry powder</item></ing>
      <ing>
        <amt>
          <qty>1/2</qty>
          <unit>teaspoons</unit></amt>
        <item>Mustard seed</item></ing>
      <ing>
        <amt>
          <qty>1</qty>
          <unit>pinch</unit></amt>
        <item>Asafoetida, optional</item></ing>
      <ing>
        <amt>
          <qty>1/2</qty>
          <unit>teaspoons</unit></amt>
        <item>Coriander</item></ing>
      <ing>
        <amt>
          <qty>1/2</qty>
          <unit>teaspoons</unit></amt>
        <item>Fenugreek, ground</item></ing>
      <ing>
        <amt>
          <qty>1</qty>
          <unit>teaspoon</unit></amt>
        <item>Dried parsley</item></ing>
      <ing>
        <amt>
          <qty/>
          <unit/></amt>
        <item>Salt and pepper, to taste</item></ing>
      <ing>
        <amt>
          <qty>1</qty>
          <unit/></amt>
        <item>Onion, chopped</item></ing>
      <ing>
        <amt>
          <qty>2</qty>
          <unit/></amt>
        <item>Stalks celery, chopped</item></ing>
      <ing>
        <amt>
          <qty>2</qty>
          <unit/></amt>
        <item>Carrots, sliced</item></ing>
      <ing>
        <amt>
          <qty>1</qty>
          <unit/></amt>
        <item>Tomato, cut in chunks</item></ing>
      <ing>
        <amt>
          <qty>1</qty>
          <unit>can</unit></amt>
        <item>Tomatoes, slightly chopped, undrained</item></ing>
      <ing>
        <amt>
          <qty>1</qty>
          <unit>can</unit></amt>
        <item>Butter beans, undrained</item></ing>
      <ing>
        <amt>
          <qty>1</qty>
          <unit>ounce</unit></amt>
        <item>Dried patty straw mushrooms (or other)</item></ing>
      <ing>
        <amt>
          <qty>1</qty>
          <unit/></amt>
        <item>Green pepper, sliced</item></ing>
      <ing>
        <amt>
          <qty>1 2/3</qty>
          <unit>cups</unit></amt>
        <item>Basmati rice</item></ing>
      <ing>
        <amt>
          <qty>1</qty>
          <unit>pinch</unit></amt>
        <item>Saffron threads or flowers</item></ing>
      <ing>
        <amt>
          <qty>2</qty>
          <unit>cups</unit></amt>
        <item>Mushroom broth</item></ing>
      <ing>
        <amt>
          <qty>1 1/3</qty>
          <unit>cups</unit></amt>
        <item>Water</item></ing></ingredients>
    <directions>
      <step>  1. Soak dried mushrooms in 2 cups hot water for 30 minutes. Drain and
  strain out sand, reserving liquid and mushrooms separately.
  
  2. Put rice, saffron or saffron flowers, mushroom liquor, and water in rice
  cooker and set to cook and keep.
  
  3. Dry-roast all remaining spices and herbs. Add sauteing liquid with onion
  and celery and saute for a few minutes. Add carrots. Add mushrooms and
  green pepper, each time sauteing for several minutes (add more liquid if
  necessary). Add tomatoes and beans.
  
  4. Simmer 10 minutes, uncovered, allowing some of the liquid to evaporate.
  
  5. Serve over or mixed with rice.
  
  NOTES : 1. I used 1 tsp olive oil to saute in, and no additional liquid. 2.
  For mushroom broth, I had previously soaked mushrooms for another recipe
  and not used them.  I had also roasted some garlic.  I added the skins from
  the roasted garlic to the saved mushroom broth and simmered them together,
  making a delicious and very aromatic vegetable broth.  This is what I used
  to cook the rice in. 3. I'm sure any kind of dried mushrooms will do. I
  just used what I happened to have on hand. Likewise for the beans; I had
  originally thought of using black beans, but didn't happen to have any. 4.
  It sounds like a lot of ingredients, but it didn't take long to make.
  Dry-roasting the spices is a critical step, as it brings out their flavor.
  
  Posted by Michelle Dick, FATFREE listowner, while list was down.
  
  Recipe by: Ruth Hoffman
  
  From:    "Ruth C. Hoffman" &lt;ruthhoff@ix.netcom.com&gt;
  
  Date:    Wed, 02 Oct 96 09:10:49 PDT
 
</step></directions></recipe></recipeml>
