<?xml version="1.0" encoding="UTF-8"?>

<recipeml version="0.5">
  <recipe>
    <head>
      <title>Basmati Rice with Raisins, Nuts and Peas</title>
      <categories>
        <cat>Rice</cat>
        <cat>Indian</cat></categories>
      <yield>4</yield></head>
    <ingredients>
      <ing>
        <amt>
          <qty>2</qty>
          <unit>cups</unit></amt>
        <item>Basmati rice</item></ing>
      <ing>
        <amt>
          <qty>2</qty>
          <unit>tablespoons</unit></amt>
        <item>Vegetable oil</item></ing>
      <ing>
        <amt>
          <qty>2</qty>
          <unit>small</unit></amt>
        <item>Onions; thinly sliced</item></ing>
      <ing>
        <amt>
          <qty>2</qty>
          <unit>teaspoons</unit></amt>
        <item>Cumin seeds</item></ing>
      <ing>
        <amt>
          <qty>12</qty>
          <unit/></amt>
        <item>Whole black peppercorns</item></ing>
      <ing>
        <amt>
          <qty>8</qty>
          <unit/></amt>
        <item>Whole cloves</item></ing>
      <ing>
        <amt>
          <qty>6</qty>
          <unit/></amt>
        <item>Whole cardamom pods</item></ing>
      <ing>
        <amt>
          <qty>3</qty>
          <unit/></amt>
        <item>Bay leaves</item></ing>
      <ing>
        <amt>
          <qty>1</qty>
          <unit/></amt>
        <item>Cinnamon stick</item></ing>
      <ing>
        <amt>
          <qty>4</qty>
          <unit>cups</unit></amt>
        <item>Water</item></ing>
      <ing>
        <amt>
          <qty>1/4</qty>
          <unit>cups</unit></amt>
        <item>Whipping cream</item></ing>
      <ing>
        <amt>
          <qty>1</qty>
          <unit>teaspoon</unit></amt>
        <item>Salt</item></ing>
      <ing>
        <amt>
          <qty>1/4</qty>
          <unit>teaspoons</unit></amt>
        <item>Saffron threads</item></ing>
      <ing>
        <amt>
          <qty>1 1/2</qty>
          <unit>cups</unit></amt>
        <item>Frozen peas</item></ing>
      <ing>
        <amt>
          <qty>1/4</qty>
          <unit>cups</unit></amt>
        <item>Chopped almonds</item></ing>
      <ing>
        <amt>
          <qty>1/4</qty>
          <unit>cups</unit></amt>
        <item>Chopped cashews</item></ing>
      <ing>
        <amt>
          <qty>1/4</qty>
          <unit>cups</unit></amt>
        <item>Raisins</item></ing></ingredients>
    <directions>
      <step>  Rinse rice under cold running water. Place rice in large bowl. Add enough
  water to cover by 3 inches. Let stand 20 minutes. Drain.
  
  Heat oil in heavy large saucepan over medium-high heat. Add onions; sauté
  until golden, about 8 minutes. Add cumin, peppercorns, cloves, cardamom,
  bay leaves and cinnamon; sauté until onions are brown, about 4 minutes.
  
  Add rice to spices and stir 2 minutes. Add 4 cups water, cream, salt and
  saffron. Bring to boil. Reduce heat to low. Cover saucepan almost
  completely and cook until almost all liquid is absorbed, about 20 minutes.
  
  Add peas to rice. Cover and simmer until rice is tender, about 5 minutes.
  Season with salt and pepper. Sprinkle with nuts and raisins.
  
  &gt;From India's restaurant in Denver, this side dish has whole peppercorns,
  cardamom and cloves. They are not meant to be eaten, so discard them when
  serving the rice.
  
  Recipe by: Bon Appétit September 1995
  
  Posted to MC-Recipe Digest by "gswindell@widomaker.com"
  &lt;gswindell@widomaker.com&gt; on Apr 16, 1998
 
</step></directions></recipe></recipeml>
