<?xml version="1.0" encoding="UTF-8"?>

<recipeml version="0.5">
  <recipe>
    <head>
      <title>Basque Potato Pie</title>
      <categories>
        <cat>Casserole</cat></categories>
      <yield>6</yield></head>
    <ingredients>
      <ing>
        <amt>
          <qty>3</qty>
          <unit>medium</unit></amt>
        <item>Potatoes</item></ing>
      <ing>
        <amt>
          <qty>3</qty>
          <unit>tablespoons</unit></amt>
        <item>Butter</item></ing>
      <ing>
        <amt>
          <qty>1/4</qty>
          <unit>teaspoons</unit></amt>
        <item>Salt</item></ing>
      <ing>
        <amt>
          <qty>1/2</qty>
          <unit>cups</unit></amt>
        <item>Chopped onion</item></ing>
      <ing>
        <amt>
          <qty>1</qty>
          <unit>pound</unit></amt>
        <item>Ground beef</item></ing>
      <ing>
        <amt>
          <qty>3/4</qty>
          <unit>cups</unit></amt>
        <item>Tomato sauce</item></ing>
      <ing>
        <amt>
          <qty>3/4</qty>
          <unit>cups</unit></amt>
        <item>Shredded sharp cheese</item></ing>
      <ing>
        <amt>
          <qty>1/3</qty>
          <unit>cups</unit></amt>
        <item>Pitted black olives; sliced</item></ing></ingredients>
    <directions>
      <step>  Pare potatoes &amp; slice crosswise as thinly as possible using food processor
  or sharp knife. Melt butter in large skillet &amp; add salt. Toss potatoes in
  butter to coat evenly. Line bottom &amp; sides of a 9-inch pie place with
  potato slices, reserving 8 slices as garnish. In same skillet, sauce onions
  until golden. Add beef &amp; cook until browned, breaking up with fork as it
  cooks. Add tomato sauce, cheese &amp; black olives. Mix well. Spoon meat
  mixture into potato-lined pie shell. Garnish with remaining potato slices.
  Bake at 350 for 35-40 minutes or until potatoes are soft &amp; edges are
  lightly browned. Allow pie to stand 5 minutes before serving.
  
  LOUISE CREMEEN
  
  From &lt;Simply Southern&gt;, the Desoto School Mothers' Assn, Helena-West
  Helena, AR 72390.  Downloaded from Glen's MM Recipe Archive,
  http://www.erols.com/hosey.
 
</step></directions></recipe></recipeml>
