<?xml version="1.0" encoding="UTF-8"?>

<recipeml version="0.5">
  <recipe>
    <head>
      <title>Basque Potatoes</title>
      <categories>
        <cat>Vegetable</cat></categories>
      <yield>4</yield></head>
    <ingredients>
      <ing>
        <amt>
          <qty>4</qty>
          <unit>medium</unit></amt>
        <item>Russett potatoes; peeled</item></ing>
      <ing>
        <amt>
          <qty>1/2</qty>
          <unit>cups</unit></amt>
        <item>Olive oil</item></ing>
      <ing>
        <amt>
          <qty>1</qty>
          <unit>teaspoon</unit></amt>
        <item>Paprika</item></ing>
      <ing>
        <amt>
          <qty>4</qty>
          <unit/></amt>
        <item>Cloves garlic; peeled &amp; crushed</item></ing>
      <ing>
        <amt>
          <qty/>
          <unit/></amt>
        <item>Cayenne pepper</item></ing>
      <ing>
        <amt>
          <qty>1</qty>
          <unit>tablespoon</unit></amt>
        <item>Fresh rosemary -or-</item></ing>
      <ing>
        <amt>
          <qty>1</qty>
          <unit>teaspoon</unit></amt>
        <item>Crumbled; dried</item></ing>
      <ing>
        <amt>
          <qty>1</qty>
          <unit>tablespoon</unit></amt>
        <item>Fresh thyme leaves -or-</item></ing>
      <ing>
        <amt>
          <qty>1</qty>
          <unit>teaspoon</unit></amt>
        <item>Dried; minced</item></ing>
      <ing>
        <amt>
          <qty>1/4</qty>
          <unit>cups</unit></amt>
        <item>Coarsly chopped fresh parsley</item></ing>
      <ing>
        <amt>
          <qty/>
          <unit/></amt>
        <item>Salt and pepper</item></ing></ingredients>
    <directions>
      <step>  submitted by: jarvi013@gold.tc.umn.edu (Beth Jarvis, Minneapolis, MN)
  Preheat oven to 375 F.  Scrub potatoes well, cut them in half if they are
  large, but leave whole if they are medium to small.  Heat olive oil in a
  large ovenproof skillet over medium heat. When it is hot, add the garlic,
  paprika, and cayenne to taste, stir. Stir in the rosemary and thyme, and
  then sprinkle in the parsley. Add the potatoes to the skillet, turn once to
  coat, and season generously with salt and pepper. Cover the skillet,
  transfer it to the oven and bake until the potatoes begin to soften, 15
  minutes.  Uncover, stir and continue cooking until the potatoes are golden
  brown and tender, 25-35 minutes; turn them occasionally so they brown
  evenly.  remove from the oven and serve immediately. 4-6 servings.
  
  FROM:  Farm House Cookbook, Susan Herrmann Loomis
  
  DAVE &lt;DAVIDG@CLAM.RUTGERS.EDU&gt;
  
  RECIPEINTERNET LIST SERVER
  
  RECIPE ARCHIVE - 13 MAY 1996
  
  From the 'RECIPEinternet: Recipes from Around the World' recipe list.
  Downloaded from Glen's MM Recipe Archive, http://www.erols.com/hosey.
 
</step></directions></recipe></recipeml>
