<?xml version="1.0" encoding="UTF-8"?>

<recipeml version="0.5">
  <recipe>
    <head>
      <title>Basque Baguette</title>
      <categories>
        <cat>Appetizers</cat>
        <cat>Spanish</cat></categories>
      <yield>4</yield></head>
    <ingredients>
      <ing>
        <amt>
          <qty>3</qty>
          <unit/></amt>
        <item>Red bell peppers, large</item></ing>
      <ing>
        <amt>
          <qty>1/2</qty>
          <unit>pounds</unit></amt>
        <item>Ripe tomatoes; sliced</item></ing>
      <ing>
        <amt>
          <qty>1</qty>
          <unit>teaspoon</unit></amt>
        <item>Superfine sugar</item></ing>
      <ing>
        <amt>
          <qty>1</qty>
          <unit/></amt>
        <item>Baguette; cut into 1/2"</item></ing>
      <ing>
        <amt>
          <qty/>
          <unit/></amt>
        <item>; thick slices</item></ing>
      <ing>
        <amt>
          <qty>2</qty>
          <unit>teaspoons</unit></amt>
        <item>Tomato puree</item></ing>
      <ing>
        <amt>
          <qty>1</qty>
          <unit>teaspoon</unit></amt>
        <item>Sweet paprika</item></ing>
      <ing>
        <amt>
          <qty>2</qty>
          <unit>tablespoons</unit></amt>
        <item>Red wine vinegar</item></ing>
      <ing>
        <amt>
          <qty/>
          <unit/></amt>
        <item>Salt</item></ing>
      <ing>
        <amt>
          <qty/>
          <unit/></amt>
        <item>Freshly ground pepper</item></ing>
      <ing>
        <amt>
          <qty>6</qty>
          <unit>tablespoons</unit></amt>
        <item>Sun-dried tomato oil</item></ing></ingredients>
    <directions>
      <step>  To roast the peppers, preheat an oven to 400 F.  Cut peppers in half
  lenthwise.  Remove ribs and seeds.  Place cut-side down onto an ungreased
  baking sheet, flattening with hand.  Roast until blistered and blackened,
  about 40 minutes, turning peppers several times during cooking. Remove the
  peppers from the oven, place into a paper bag, seal and let stand 20
  minutes.  Peel and cut peppers into strips. Dust the tomato slices lightly
  with the sugar.  Toast the bread slices. In a bowl mix together the tomato
  puree, paprika, garlic and vinegar. Salt and pepper to taste. Whisk in the
  Sun-Dried Tomato Oil, pouring in a thin drizzle. To serve, place the pepper
  strips and a tomato slice on each bread slice. Top each with a tablespoon
  of the puree mixture.
  Posted to MM-Recipes Digest  by BobbieB1 &lt;BobbieB1@aol.com&gt; on Apr 27, 1998
 
</step></directions></recipe></recipeml>
