<?xml version="1.0" encoding="UTF-8"?>

<recipeml version="0.5">
  <recipe>
    <head>
      <title>Basque Roasted Toamto Soup</title>
      <categories>
        <cat>None</cat></categories>
      <yield>8</yield></head>
    <ingredients>
      <ing>
        <amt>
          <qty>2</qty>
          <unit>pounds</unit></amt>
        <item>Plum tomatoes; large</item></ing>
      <ing>
        <amt>
          <qty>2</qty>
          <unit>tablespoons</unit></amt>
        <item>Olive oil</item></ing>
      <ing>
        <amt>
          <qty>1</qty>
          <unit>teaspoon</unit></amt>
        <item>Granulated sugar</item></ing>
      <ing>
        <amt>
          <qty>1</qty>
          <unit>small</unit></amt>
        <item>Dried chiles; broken OR</item></ing>
      <ing>
        <amt>
          <qty>1/4</qty>
          <unit>teaspoons</unit></amt>
        <item>Crushed red pepper</item></ing>
      <ing>
        <amt>
          <qty>2</qty>
          <unit/></amt>
        <item>Onions; finely chopped</item></ing>
      <ing>
        <amt>
          <qty>2</qty>
          <unit/></amt>
        <item>Cloves garlic; crushed</item></ing>
      <ing>
        <amt>
          <qty>1 1/2</qty>
          <unit>teaspoons</unit></amt>
        <item>Paprika</item></ing>
      <ing>
        <amt>
          <qty>1</qty>
          <unit>tablespoon</unit></amt>
        <item>Fresh oregano; OR</item></ing>
      <ing>
        <amt>
          <qty>1</qty>
          <unit>teaspoon</unit></amt>
        <item>Dried oregano</item></ing>
      <ing>
        <amt>
          <qty>1</qty>
          <unit/></amt>
        <item>28 oz. can Italian plum tomatoes; reserve liquid, drained, chopped</item></ing>
      <ing>
        <amt>
          <qty>6</qty>
          <unit>cups</unit></amt>
        <item>Chicken broth; reduced-sodium, defatted</item></ing>
      <ing>
        <amt>
          <qty/>
          <unit/></amt>
        <item>Salt and pepper; to taste</item></ing>
      <ing>
        <amt>
          <qty>1/2</qty>
          <unit>pounds</unit></amt>
        <item>Shrimp; optional</item></ing>
      <ing>
        <amt>
          <qty>2</qty>
          <unit>tablespoons</unit></amt>
        <item>Fresh chives; snipped OR</item></ing>
      <ing>
        <amt>
          <qty>2</qty>
          <unit>tablespoons</unit></amt>
        <item>Basil leaves; slivered</item></ing></ingredients>
    <directions>
      <step>  Preheat oven to 225øF. Lightly oil a large baking sheet with sides or coat
  it with nonstick spray.
  
  Cut fresh tomatoes in half lengthwise. Arrange, cut-side down, in a single
  layer on prepared baking sheet.  Drizzle with 1 tablespoon oil and sprinkle
  with sugar.  Roast for 3 hours, or until very soft and wrinkled.  Let cool
  and set aside.
  
  Meanwhile, in a Dutch oven or soup pot, heat remaining 1 tablepoon oil and
  dried chiles (or crushed red pepper) over medium-low heat.  Add onions and
  garlic and cook, stirring, until lightly browned, 10 to 12 minutes.  Add
  paprika and oregano and cook, stirring, for 1 minute more.
  
  Add canned tomatoes and chicken broth. Bring to a boil, reduce heat to low
  and simmer, partially covered, for 25 minutes. Remove from heat and let
  cool.
  
  Strain soup into a bowl; transfer solids to a food processor or blender.
  Puree until smooth, adding a little broth if necessary.  Return puree and
  broth to pot.  Whisk to combine.
  
  Using a food mill, puree reserved roasted tomatoes (Alternatively, slip off
  skins, puree in a food processor and strain through a coarse sieve.)  Add
  puree to soup. (If the soup is too thick, add a little of the reserved
  canned tomato liquid.) Season with salt and pepper.
  
  If using shrimp, cook in a large saucpen of boiling salted water until they
  just turn pink, 1 to 2 minutes.  Drain and let cool.  Peel shrimp and cut
  in half lengthwise.
  
  Ladle into warmed soup bowls and garnish with shrimp, if using, and chives
  (or basil). Serve immediately.
  
  Recipe by: Eating Well (October) 1997
  
  Posted to recipelu-digest by Nesb2@aol.com on Feb 10, 1998
 
</step></directions></recipe></recipeml>
