<?xml version="1.0" encoding="UTF-8"?>

<recipeml version="0.5">
  <recipe>
    <head>
      <title>Basque Lamb Chops with Tomatoes and Olives</title>
      <categories>
        <cat>Spanish</cat>
        <cat>Basque</cat>
        <cat>Lamb</cat></categories>
      <yield>1</yield></head>
    <ingredients>
      <ing>
        <amt>
          <qty>6</qty>
          <unit/></amt>
        <item>Lamb chops</item></ing>
      <ing>
        <amt>
          <qty/>
          <unit/></amt>
        <item>Flour</item></ing>
      <ing>
        <amt>
          <qty/>
          <unit/></amt>
        <item>Salt and pepper</item></ing>
      <ing>
        <amt>
          <qty>2</qty>
          <unit>tablespoons</unit></amt>
        <item>Spanish olive oil</item></ing>
      <ing>
        <amt>
          <qty>1/3</qty>
          <unit>cups</unit></amt>
        <item>Dry white wine</item></ing>
      <ing>
        <amt>
          <qty>1</qty>
          <unit>pound</unit></amt>
        <item>Vine-ripened tomatoes,</item></ing>
      <ing>
        <amt>
          <qty/>
          <unit/></amt>
        <item>Peeled, seede, and chopped</item></ing>
      <ing>
        <amt>
          <qty>1/2</qty>
          <unit>cups</unit></amt>
        <item>Spanish olives, seeded and</item></ing>
      <ing>
        <amt>
          <qty/>
          <unit/></amt>
        <item>Sliced</item></ing></ingredients>
    <directions>
      <step>  Season chops with salt and pepper; dredge with flour.Heat oil in heavy
  skillet until light haze forms. Add chops and cook 2 to 6 minutes on each
  side.Transfer to heated platter. Pour wine into skillet and scrape up brown
  bits. Stir in tomatoes and olives. Cook over medium heat for 4 to 5
  minutes. Season with salt and pepper. Spoon over chops.
  Posted to MM-Recipes Digest  by BobbieB1 &lt;BobbieB1@aol.com&gt; on Apr 16, 1998
 
</step></directions></recipe></recipeml>
