<?xml version="1.0" encoding="UTF-8"?>

<recipeml version="0.5">
  <recipe>
    <head>
      <title>Basque Tongue and Sauce</title>
      <categories>
        <cat>Meat</cat></categories>
      <yield>6</yield></head>
    <ingredients>
      <ing-div>
        <title/>
        <ing>
          <amt>
            <qty>1</qty>
            <unit>large</unit></amt>
          <item>Beef tongue (or lamb tongues)</item></ing></ing-div>
      <ing-div>
        <title>BASQUE SAUCE</title>
        <ing>
          <amt>
            <qty>3</qty>
            <unit>tablespoons</unit></amt>
          <item>Olive oil</item></ing>
        <ing>
          <amt>
            <qty>1</qty>
            <unit/></amt>
          <item>Clove garlic; finely chopped</item></ing>
        <ing>
          <amt>
            <qty>1</qty>
            <unit>medium</unit></amt>
          <item>Onion semi-finely chopped</item></ing>
        <ing>
          <amt>
            <qty>1</qty>
            <unit/></amt>
          <item>Green pepper; semi-finely chopped</item></ing>
        <ing>
          <amt>
            <qty>2</qty>
            <unit>cans</unit></amt>
          <item>(small) tomato sauce</item></ing>
        <ing>
          <amt>
            <qty>1</qty>
            <unit>can</unit></amt>
          <item>Whole pimentos; chopped</item></ing>
        <ing>
          <amt>
            <qty>1</qty>
            <unit>teaspoon</unit></amt>
          <item>Sugar</item></ing></ing-div></ingredients>
    <directions>
      <step>  Date: Thu, 02 May 1996 21:14:00 -0400
  
  From: Walt Gray &lt;waltgray@mnsinc.com&gt;
  Wash one large beef tongue or several lamb tongues well. Place the tongue
  in a kettle and cover with cold water. Add 2 whole buttons of garlic and
  salt and pepper to taste. Bring the water to a boil and turn the heat down.
  Cover the kettle with a lid and keep the water boiling until the tongue is
  tender to fork. This can take three or more hours. When the tongue is
  tender, run cold water over it and skin it. Be sure to trim the membranes
  under the tongue. Next slice the tongue to about 1/4 inch slices. (The
  tongue can be fixed a day or two ahead and then wrapped in saran wrap and
  refrigerated.
  
  Saute the garlic, onion and green pepper until golden brown. Add tomato
  sauce, pimento and sugar. Simmer slowly for 15 minutes. Add the tongue and
  continue simmering until the tongue is good and hot. This dish is good hot
  or cold. The sauce can also be used for tripe, pigs feet or any left over
  meat. Walt
  
  MM-RECIPES@IDISCOVER.NET
  
  MEAL-MASTER RECIPES LISTSERVER
  
  MM-RECIPES DIGEST V3 #123
  
  From the MealMaster recipe list.  Downloaded from Glen's MM Recipe Archive,
  http://www.erols.com/hosey.
 
</step></directions></recipe></recipeml>
