<?xml version="1.0" encoding="UTF-8"?>

<recipeml version="0.5">
  <recipe>
    <head>
      <title>Basque-Style Fisherman's Stew</title>
      <categories>
        <cat>Mediterrane</cat>
        <cat>Restaurant</cat>
        <cat>Foodnews</cat>
        <cat>Stew</cat>
        <cat>Fish-shellf</cat></categories>
      <yield>6</yield></head>
    <ingredients>
      <ing>
        <amt>
          <qty>2</qty>
          <unit>tablespoons</unit></amt>
        <item>Extra virgin olive oil</item></ing>
      <ing>
        <amt>
          <qty>2</qty>
          <unit/></amt>
        <item>Onions; finely diced</item></ing>
      <ing>
        <amt>
          <qty>3</qty>
          <unit/></amt>
        <item>Russet potatoes; peeled and cut into 2-inch cubes</item></ing>
      <ing>
        <amt>
          <qty>2</qty>
          <unit/></amt>
        <item>Green bell peppers; cored and chopped</item></ing>
      <ing>
        <amt>
          <qty>2</qty>
          <unit/></amt>
        <item>Garlic cloves</item></ing>
      <ing>
        <amt>
          <qty/>
          <unit/></amt>
        <item>Salt; to taste</item></ing>
      <ing>
        <amt>
          <qty>8</qty>
          <unit>cups</unit></amt>
        <item>Fish stock OR bottled clam juice</item></ing>
      <ing>
        <amt>
          <qty>1</qty>
          <unit>cup</unit></amt>
        <item>Dry white wine</item></ing>
      <ing>
        <amt>
          <qty>6</qty>
          <unit>ounces</unit></amt>
        <item>Peeled tomatoes; seeded &amp; diced (OR 3/4 cup recipe ready tomatoes)</item></ing>
      <ing>
        <amt>
          <qty>2</qty>
          <unit>pounds</unit></amt>
        <item>Fatty fresh tuna (preferably from the belly); cut in large pieces</item></ing>
      <ing>
        <amt>
          <qty/>
          <unit/></amt>
        <item>Freshly ground pepper; to taste</item></ing>
      <ing>
        <amt>
          <qty/>
          <unit/></amt>
        <item>Chopped Italian parsley</item></ing></ingredients>
    <directions>
      <step>  Heat the oil in a large heavy saucepan over medium heat. Add the onions.
  Cover and cook, stirring occasionally, until translucent but not colored,
  about 10 minutes.
  
  Add the potatoes, bell peppers and garlic. Cook, stirring for 10 minutes.
  Season lightly with salt.
  
  Add the fish stock and wine. Simmer until the potatoes are tender and the
  stew has thickened slightly, about 10 minutes.
  
  Add the tomatoes and simmer for 10 minutes.
  
  Add the tuna, pushing it down into the stew with a spoon. Cover, remove
  from heat and let stand until tuna is cooked to desired doneness, about 5
  minutes for medium- rare. Season with salt and pepper.
  
  Ladle into bowls, sprinkle with parsley and serve. Serves 6.
  
  PER SERVING: 330 calories, 42 g protein, 25 g carbohydrate, 6 g fat (1 g
  saturated), 68 mg cholesterol, 67 mg sodium, 2 g fiber.
  
  Recipes from Article, "Rainy-Night Suppers: Ten top chefs create sunny
  Mediterranean dishes..." by Robin Davis, Chronicle Staff Writer, Wednesday,
  February 18, 1998 (C) 1998 San Francisco Chronicle. URL:
  
  Notes: Loretta Keller of Bizou likes to prepare this rustic stew on dark
  and stormy nights. It's easy to put together and all you need to accompany
  it is hearty country-style bread.
  
  Recipe by: Loretta Keller, Bizou, San Fran (1998)
  
  Posted to MC-Recipe Digest by KitPATh &lt;phannema@wizard.ucr.edu&gt; on Feb 18,
  1998
 
</step></directions></recipe></recipeml>
