<?xml version="1.0" encoding="UTF-8"?>

<recipeml version="0.5">
  <recipe>
    <head>
      <title>Basque Tortilla</title>
      <categories>
        <cat>Breakfast</cat></categories>
      <yield>4</yield></head>
    <ingredients>
      <ing>
        <amt>
          <qty>4</qty>
          <unit>slices</unit></amt>
        <item>Bacon</item></ing>
      <ing>
        <amt>
          <qty>2</qty>
          <unit>teaspoons</unit></amt>
        <item>Sliced Green Onions/tops</item></ing>
      <ing>
        <amt>
          <qty>3/4</qty>
          <unit>teaspoons</unit></amt>
        <item>Salt</item></ing>
      <ing>
        <amt>
          <qty>1</qty>
          <unit>dash</unit></amt>
        <item>Pepper</item></ing>
      <ing>
        <amt>
          <qty>3</qty>
          <unit>medium</unit></amt>
        <item>Potatoes</item></ing>
      <ing>
        <amt>
          <qty>1</qty>
          <unit>tablespoon</unit></amt>
        <item>Snipped Parsley</item></ing>
      <ing>
        <amt>
          <qty>1/8</qty>
          <unit>teaspoons</unit></amt>
        <item>Dried Thyme; Crushed</item></ing>
      <ing>
        <amt>
          <qty>4</qty>
          <unit>large</unit></amt>
        <item>Eggs</item></ing></ingredients>
    <directions>
      <step>  In 8-inch skillet cook bacon until crisp; drain, reserving 2 T of
  drippings. Crumble bacon and set aside. In same skillet combine reserved
  drippings, peeled, thinly sliced potatoes, onion, parsley, salt, thyme and
  pepper. Cover tightly; cook over low heat til potatoes are barely tender,
  20 to 25 minutes, stirring carefully once or twice. In small bowl beat
  together eggs and milk; pour over potato mixture. Cover and continue
  cooking over very low heat til egg is set in center, 8 to 10 minutes. With
  a wide spatula, loosen sides and bottom and slide potatoes out onto serving
  plate, or serve from skillet. Sprinkle crumbled bacon atop. Serve hot.
  Posted to recipelu-digest by Lea &lt;lhoover@ptialaska.net&gt; on Feb 02, 1998
 
</step></directions></recipe></recipeml>
