<?xml version="1.0" encoding="UTF-8"?>

<recipeml version="0.5">
  <recipe>
    <head>
      <title>Basque Chicken in Clay Cooker</title>
      <categories>
        <cat>None</cat></categories>
      <yield>1</yield></head>
    <ingredients>
      <ing>
        <amt>
          <qty>1</qty>
          <unit/></amt>
        <item>Green pepper; cut in strips</item></ing>
      <ing>
        <amt>
          <qty>2</qty>
          <unit/></amt>
        <item>Onions; sliced in rings</item></ing>
      <ing>
        <amt>
          <qty>1/4</qty>
          <unit>pounds</unit></amt>
        <item>Mushrooms; sliced</item></ing>
      <ing>
        <amt>
          <qty>2</qty>
          <unit/></amt>
        <item>Cloves garlic; minced</item></ing>
      <ing>
        <amt>
          <qty>1</qty>
          <unit/></amt>
        <item>Frying chicken; (3-3 1/2 lbs.) quartered</item></ing>
      <ing>
        <amt>
          <qty>1</qty>
          <unit>teaspoon</unit></amt>
        <item>Salt</item></ing>
      <ing>
        <amt>
          <qty>1</qty>
          <unit>pinch</unit></amt>
        <item>Black pepper</item></ing>
      <ing>
        <amt>
          <qty>1/4</qty>
          <unit>teaspoons</unit></amt>
        <item>Cayenne</item></ing>
      <ing>
        <amt>
          <qty>1</qty>
          <unit/></amt>
        <item>8 oz. can tomato sauce</item></ing>
      <ing>
        <amt>
          <qty>1/4</qty>
          <unit>cups</unit></amt>
        <item>Dry white wine; (or water)</item></ing>
      <ing>
        <amt>
          <qty>2</qty>
          <unit>teaspoons</unit></amt>
        <item>Cornstarch</item></ing>
      <ing>
        <amt>
          <qty>1</qty>
          <unit>tablespoon</unit></amt>
        <item>Water</item></ing></ingredients>
    <directions>
      <step>  Soak top and bottom of clay cooker in water for 15 minutes Drain. Place
  green pepper, mushrooms, onion, and garlic in cooker. Place chicken
  quarters, skin side up over vegetables. Sprinkle with salt and peppers. Mix
  tomato sauce and wine, pour over chicken.
  
  Place cooker in cold oven. Set oven temp. at 450 and bake 1 1/4 hours.
  Remove chicken pieces and keep warm.
  
  Pour cooking liquid from cooker into a medium skillet. Mix cornstarch and
  water; stir into skillet. Heat to boiling, stirring constantly, until
  thickened and clear. Pour over chicken and serve.
  
  Posted to KitMailbox Digest  by Cairn Rodrigues &lt;cairnann@yahoo.com&gt; on Apr
  18, 1998
 
</step></directions></recipe></recipeml>
