<?xml version="1.0" encoding="UTF-8"?>

<recipeml version="0.5">
  <recipe>
    <head>
      <title>Bass 'n' Beer</title>
      <categories>
        <cat>Seafoods</cat></categories>
      <yield>6</yield></head>
    <ingredients>
      <ing>
        <amt>
          <qty>6</qty>
          <unit/></amt>
        <item>Fillets bass; (1/2 to 3/4" thick) (about 2 pounds)</item></ing>
      <ing>
        <amt>
          <qty>1/4</qty>
          <unit>teaspoons</unit></amt>
        <item>Pepper</item></ing>
      <ing>
        <amt>
          <qty/>
          <unit/></amt>
        <item>Paprika</item></ing>
      <ing>
        <amt>
          <qty>1/4</qty>
          <unit>cups</unit></amt>
        <item>Chopped onion</item></ing>
      <ing>
        <amt>
          <qty>1/4</qty>
          <unit>cups</unit></amt>
        <item>Butter</item></ing>
      <ing>
        <amt>
          <qty>2</qty>
          <unit>tablespoons</unit></amt>
        <item>All-purpose flour</item></ing>
      <ing>
        <amt>
          <qty>2</qty>
          <unit>cups</unit></amt>
        <item>Beer</item></ing>
      <ing>
        <amt>
          <qty>1</qty>
          <unit>tablespoon</unit></amt>
        <item>Brown sugar</item></ing>
      <ing>
        <amt>
          <qty>2</qty>
          <unit/></amt>
        <item>Whole cloves</item></ing>
      <ing>
        <amt>
          <qty>1</qty>
          <unit>tablespoon</unit></amt>
        <item>Lemon juice</item></ing>
      <ing>
        <amt>
          <qty/>
          <unit/></amt>
        <item>Hot cooked wild rice or white rice</item></ing></ingredients>
    <directions>
      <step>  1. Sprinkle fish fillets with 1 teaspoon salt, the pepper, and some
  paprika.
  
  2. In a skillet, cook onion in butter till tender. Stir in flour; cook and
  stir till brown. Gradually stir in the beer. Cook and stir till the mixture
  bubbles.
  
  3. Stir in the sugar and cloves. Add fish fillets to sauce. Cover and cook
  for 10 to 15 minutes over low heat till fish flakes with a fork.
  
  4. Remove fish to a platter. Stir lemon juice into sauce in the skillet.
  Serve sauce over fish with rice, if desired.
  
  Makes 6 servings.
  
  Published in Midwest Living 6/1990
  
  Submitted by Carriej999@AOL.com 5/98
  
  Recipe by: The Strictly Fish Cookbook by Babe and Charlie Winkleman
  
  Posted to MC-Recipe Digest by Carriej999 &lt;Carriej999@aol.com&gt; on May 17,
  1998
 
</step></directions></recipe></recipeml>
