<?xml version="1.0" encoding="UTF-8"?>

<recipeml version="0.5">
  <recipe>
    <head>
      <title>Basting Sauce for Barbecue</title>
      <categories>
        <cat>Sauces</cat>
        <cat>Bar-b-q</cat></categories>
      <yield>4</yield></head>
    <ingredients>
      <ing>
        <amt>
          <qty>1/2</qty>
          <unit>cups</unit></amt>
        <item>Margarine or Butter</item></ing>
      <ing>
        <amt>
          <qty>1/2</qty>
          <unit>cups</unit></amt>
        <item>Bacon drippings</item></ing>
      <ing>
        <amt>
          <qty>3</qty>
          <unit>tablespoons</unit></amt>
        <item>Lemon juice</item></ing>
      <ing>
        <amt>
          <qty>1</qty>
          <unit>tablespoon</unit></amt>
        <item>Worcestershire Sauce</item></ing>
      <ing>
        <amt>
          <qty>1</qty>
          <unit>teaspoon</unit></amt>
        <item>Salt</item></ing>
      <ing>
        <amt>
          <qty>1</qty>
          <unit>teaspoon</unit></amt>
        <item>Pepper</item></ing>
      <ing>
        <amt>
          <qty>2</qty>
          <unit>teaspoons</unit></amt>
        <item>Chili Powder</item></ing>
      <ing>
        <amt>
          <qty>2</qty>
          <unit>cups</unit></amt>
        <item>Water</item></ing></ingredients>
    <directions>
      <step>    Butter is preferred in this dish for flavor, but you may prefer
  margarine.
  
    In a saucepan, combine margarine, bacon drippings, lemon juice and
  Worcestershire Sauce.  Cook over low heat until butter margarine melts.
  Dissolve Chili Powder, Salt, Pepper and Garlic Powder in water and add to
  margarine mixture.  Bring to a boil.  Lower heat and simmer for 15 minutes.
  
    Makes 3 1/2 cups.  Will serve to baste 5 lbs. brisket.
  
  From Gemini's MASSIVE MealMaster collection at www.synapse.com/~gemini
 
</step></directions></recipe></recipeml>
