<?xml version="1.0" encoding="UTF-8"?>

<recipeml version="0.5">
  <recipe>
    <head>
      <title>Basting/injecting Sauce Recipe</title>
      <categories>
        <cat>None</cat></categories>
      <yield>1</yield></head>
    <ingredients>
      <ing>
        <amt>
          <qty>1</qty>
          <unit>quart</unit></amt>
        <item>Water</item></ing>
      <ing>
        <amt>
          <qty>1/2</qty>
          <unit>cups</unit></amt>
        <item>Salt</item></ing>
      <ing>
        <amt>
          <qty>1</qty>
          <unit>ounce</unit></amt>
        <item>Pepper sauce; (La red hot)</item></ing>
      <ing>
        <amt>
          <qty>3</qty>
          <unit>ounces</unit></amt>
        <item>Worcestershire sauce</item></ing>
      <ing>
        <amt>
          <qty>1</qty>
          <unit>teaspoon</unit></amt>
        <item>Garlic powder</item></ing>
      <ing>
        <amt>
          <qty>1 1/2</qty>
          <unit>ounces</unit></amt>
        <item>Garlic juice</item></ing>
      <ing>
        <amt>
          <qty>1 1/2</qty>
          <unit>ounces</unit></amt>
        <item>Onion juice</item></ing>
      <ing>
        <amt>
          <qty>1</qty>
          <unit>teaspoon</unit></amt>
        <item>Meat tenderizer</item></ing></ingredients>
    <directions>
      <step>  Mix all ingredients in sauce pan and bring to a boil, let simmer for at
  least 15 minutes, remove from heat and let cool. This sauce may be used on
  meat, poultry, or wild game. You may adjust above seasoning to taste by
  adding different spices or varying amounts. Any left over sauce may be
  stored for several weeks in the refrigerator. Some cooks substitute other
  liquids instead of water. Some of the liquids substituted for water are
  beer, Coke, Dr Pepper, and fruit juice(apple, pineapple, cranberry, etc.) .
  * Some people find the 1/2 cup of salt in the above recipe is too much for
  their taste.
  
  * When seasoning fowl, puncture skin as few times as possible.
  
  * When seasoning large cuts of meat always inject from the top so the sauce
  won't leak out. If you feel it necessary to inject from the side, always
  angle needle downward.
  Posted to recipelu-digest by molony &lt;molony@scsn.net&gt; on Feb 18, 1998
 
</step></directions></recipe></recipeml>
