<?xml version="1.0" encoding="UTF-8"?>

<recipeml version="0.5">
  <recipe>
    <head>
      <title>Basting Sauce for Roast (For Company)</title>
      <categories>
        <cat>Sauces</cat>
        <cat>Meats</cat></categories>
      <yield>12</yield></head>
    <ingredients>
      <ing>
        <amt>
          <qty>12</qty>
          <unit>pounds</unit></amt>
        <item>Chuck Or Arm Roast</item></ing>
      <ing>
        <amt>
          <qty>1/2</qty>
          <unit>teaspoons</unit></amt>
        <item>Garlic salt</item></ing>
      <ing>
        <amt>
          <qty>2</qty>
          <unit>teaspoons</unit></amt>
        <item>Celery Salt</item></ing>
      <ing>
        <amt>
          <qty>1</qty>
          <unit>teaspoon</unit></amt>
        <item>Pepper</item></ing>
      <ing>
        <amt>
          <qty>2</qty>
          <unit>tablespoons</unit></amt>
        <item>Vinegar</item></ing>
      <ing>
        <amt>
          <qty>2</qty>
          <unit>teaspoons</unit></amt>
        <item>Dry Mustard</item></ing>
      <ing>
        <amt>
          <qty>2</qty>
          <unit>teaspoons</unit></amt>
        <item>Onion Salt</item></ing>
      <ing>
        <amt>
          <qty>2</qty>
          <unit>teaspoons</unit></amt>
        <item>Salt</item></ing>
      <ing>
        <amt>
          <qty>2</qty>
          <unit>tablespoons</unit></amt>
        <item>Mayonnaise</item></ing>
      <ing>
        <amt>
          <qty>2</qty>
          <unit>tablespoons</unit></amt>
        <item>Kitchen Bouquet</item></ing></ingredients>
    <directions>
      <step>  Place unseasoned Roast in Roaster with 1 inch water.  Cover and cook 3-4
  hours depending on sixe of roast.  Add sauce and baste.  Continue to cook
  covered til tender.  Thicken liquid with flour.
  
  From "Trail Boss's Cowboy Cookbook" by Society of Range Management.
  File ftp://ftp.idiscover.co.uk/pub/food/mealmaster/recipes/west.zip
 
</step></directions></recipe></recipeml>
