<?xml version="1.0" encoding="UTF-8"?>

<recipeml version="0.5">
  <recipe>
    <head>
      <title>Baste and Bake Chicken</title>
      <categories>
        <cat>Poultry</cat></categories>
      <yield>4</yield></head>
    <ingredients>
      <ing>
        <amt>
          <qty>1/4</qty>
          <unit>cups</unit></amt>
        <item>Canola oil</item></ing>
      <ing>
        <amt>
          <qty>1</qty>
          <unit>tablespoon</unit></amt>
        <item>Honey</item></ing>
      <ing>
        <amt>
          <qty>1</qty>
          <unit>tablespoon</unit></amt>
        <item>Lime juice</item></ing>
      <ing>
        <amt>
          <qty>1/4</qty>
          <unit>teaspoons</unit></amt>
        <item>Paprika</item></ing>
      <ing>
        <amt>
          <qty/>
          <unit/></amt>
        <item>Seasoned salt (opt)</item></ing>
      <ing>
        <amt>
          <qty>2</qty>
          <unit/></amt>
        <item>Chicken breasts, cut in half</item></ing></ingredients>
    <directions>
      <step>  Mix ingredients together and warm them in small pan or in microwave just to
  melt and thin the honey in the mixture. Arrange 4 chicken breast halves
  skin-side up in a 9" square baking dish sprayed with vegetable oil. Bake
  uncovered at 400'F. about 35-40 minutes, basting pieces in the marinade
  without turning them, every 8-10 minutes or until nicely browned.
  
  Immediately upon removing from the oven, seal the dish in foil and let
  stand 10-15 minutes. Serves 4 without leftovers.
  
  Nutritional analysis per serving: 159.6 calories; 2.7 grams total fat; (0.9
  grams saturated fat); 28.5 grams protein; 0.3 grams carbohydrates; 73
  milligrams cholesterol; 63.3 milligrams sodium.
  
  File ftp://ftp.idiscover.co.uk/pub/food/mealmaster/recipes/mmdjaxxx.zip
 
</step></directions></recipe></recipeml>
