<?xml version="1.0" encoding="UTF-8"?>

<recipeml version="0.5">
  <recipe>
    <head>
      <title>Basundi (Creamy Milk Pudding)</title>
      <categories>
        <cat>Indian</cat></categories>
      <yield>1</yield></head>
    <ingredients>
      <ing>
        <amt>
          <qty>12</qty>
          <unit>cups</unit></amt>
        <item>Milk</item></ing>
      <ing>
        <amt>
          <qty>1/2</qty>
          <unit>cups</unit></amt>
        <item>Sugar</item></ing>
      <ing>
        <amt>
          <qty>6</qty>
          <unit/></amt>
        <item>Whole cardamoms (to 8); crushed</item></ing>
      <ing>
        <amt>
          <qty>1</qty>
          <unit>teaspoon</unit></amt>
        <item>Saffron</item></ing>
      <ing>
        <amt>
          <qty>1/4</qty>
          <unit>cups</unit></amt>
        <item>Hot milk; (extra)</item></ing>
      <ing>
        <amt>
          <qty>2</qty>
          <unit>tablespoons</unit></amt>
        <item>Chopped pistachios; to garnish</item></ing></ingredients>
    <directions>
      <step>  Place the milk in a heavy sausepan and bring to the boil, stirring
  constantly. Keep stirring and simmer until the milk reduces to one-third
  its original quantity.
  
  Add the sugar and simmer for 5 more minutes. Now add the crushed cardamoms.
  Dissolve the saffron in 1/4 cup hot milk and add to the milk pudding. Stir
  thoroughly.
  
  Garnish with the chopped pistachios. Serve chilled.
  
  From: Dakshin, Vegetarian Cuisine From South India by Chandra Padmanabhan
  
  Recipe by: Dakshin by Chandra Padmanabhan
  
  Posted to recipelu-digest by Sharon Raghavachary &lt;schary@earthlink.net&gt; on
  Feb 04, 1998
 
</step></directions></recipe></recipeml>
