<?xml version="1.0" encoding="UTF-8"?>

<recipeml version="0.5">
  <recipe>
    <head>
      <title>Batas a Portuguesa - Portuguese Fried Potatoes</title>
      <categories>
        <cat>Potatoes</cat>
        <cat>Portuguese</cat></categories>
      <yield>4</yield></head>
    <ingredients>
      <ing>
        <amt>
          <qty>1/4</qty>
          <unit>cups</unit></amt>
        <item>Butter</item></ing>
      <ing>
        <amt>
          <qty>1/4</qty>
          <unit>cups</unit></amt>
        <item>Oil (olive oil may be used)</item></ing>
      <ing>
        <amt>
          <qty>750</qty>
          <unit>grams</unit></amt>
        <item>Potatoes, peeled and sliced 1/4" thick rounds</item></ing>
      <ing>
        <amt>
          <qty>1/2</qty>
          <unit/></amt>
        <item>Level teaspoon salt</item></ing>
      <ing>
        <amt>
          <qty>1/2</qty>
          <unit/></amt>
        <item>Freshly ground black pepper</item></ing>
      <ing>
        <amt>
          <qty>1</qty>
          <unit/></amt>
        <item>Level tablespoon finely chopped parsley</item></ing></ingredients>
    <directions>
      <step>  1. in a pan heat butter and oil.  fry potatoes on both sides until golden
  brown. 2. season potatoes with salt and pepper, transfer to a heated plater
  and serve immediately sprinkle with parsley. serves 4
  
  File ftp://ftp.idiscover.co.uk/pub/food/mealmaster/recipes/mmdjaxxx.zip
 
</step></directions></recipe></recipeml>
