<?xml version="1.0" encoding="UTF-8"?>

<recipeml version="0.5">
  <recipe>
    <head>
      <title>Bathing Rama</title>
      <categories>
        <cat>None</cat></categories>
      <yield>2</yield></head>
    <ingredients>
      <ing>
        <amt>
          <qty>1/2</qty>
          <unit>pounds</unit></amt>
        <item>Top sirloin steak -or- boneless chicken; cut into small strip</item></ing>
      <ing>
        <amt>
          <qty>1</qty>
          <unit>small</unit></amt>
        <item>Bunch fresh spinach -or- 1 1/2 cups broccoli florets*</item></ing>
      <ing>
        <amt>
          <qty>1/2</qty>
          <unit>tablespoons</unit></amt>
        <item>Oyster sauce</item></ing>
      <ing>
        <amt>
          <qty>1/2</qty>
          <unit>teaspoons</unit></amt>
        <item>Cornstarch</item></ing>
      <ing>
        <amt>
          <qty>1/4</qty>
          <unit>teaspoons</unit></amt>
        <item>White ground pepper</item></ing>
      <ing>
        <amt>
          <qty>2</qty>
          <unit>tablespoons</unit></amt>
        <item>Vegetable oil</item></ing>
      <ing>
        <amt>
          <qty>1/2</qty>
          <unit>cups</unit></amt>
        <item>Peanut sauce; (see separate recipe)</item></ing></ingredients>
    <directions>
      <step>  Method:
  
  1. Marinate the meat with oyster sauce, cornstarch, and white pepper for
  about 10 minutes.
  
  2. Blanch the spinach or broccoli florets with boiling water. Drain adn
  transfer to serving dish.
  
  3. Heat oil to very hot over medium heat. Add meat. Stir and cook until the
  meat is done. Spread the meat over the vegetables evenly. Top the meat with
  warmed peanut suace.
  
  *Note: Thai water cress is used in Thailand
  
  Recipe by: Joy of Thai Cooking
  
  Posted to TNT Recipes Digest by Karla Sterrett &lt;karlas@jps.net&gt; on Apr 09,
  1998
 
</step></directions></recipe></recipeml>
