<?xml version="1.0" encoding="UTF-8"?>

<recipeml version="0.5">
  <recipe>
    <head>
      <title>Bath Salts</title>
      <categories>
        <cat>Non</cat>
        <cat>Foods</cat></categories>
      <yield>4</yield></head>
    <ingredients>
      <ing>
        <amt>
          <qty>1</qty>
          <unit>cup</unit></amt>
        <item>Epsom salts</item></ing>
      <ing>
        <amt>
          <qty/>
          <unit/></amt>
        <item>Measuring cup</item></ing>
      <ing>
        <amt>
          <qty>2</qty>
          <unit/></amt>
        <item>Jars with lids</item></ing>
      <ing>
        <amt>
          <qty>2</qty>
          <unit/></amt>
        <item>Colored of liquid food color</item></ing>
      <ing>
        <amt>
          <qty>1</qty>
          <unit/></amt>
        <item>Pretty 8 oz. jar</item></ing>
      <ing>
        <amt>
          <qty/>
          <unit/></amt>
        <item>A few drops of your favorite perfume</item></ing>
      <ing>
        <amt>
          <qty>1/2</qty>
          <unit/></amt>
        <item>Yard of ribbon; 1/2" to 1" wide</item></ing></ingredients>
    <directions>
      <step>  To make these good smelling bath salts, first measure 1/2 cup of Epsom salt
  into each jar with a lid. Add 15 drops of food color to each jar, one color
  per jar and put on the lids. Shake the jars until the Epsom salts are dyed
  evenly. If you want your colors to be darker, add more food color and shake
  again. Take off the lids and let the salts dry overnight. Now, make sure
  your pretty jar is all clean and dry. Then pour the dyed bath salts into
  the jar, alternating colors (you may want to get colors that go together
  well). Add a couple of drops of perfume to the bath salts, put on the lid
  and tie the jar with your pretty ribbon. Now you have a really nice present
  to bless someone with. busted by sooz
  
  Recipe by: Key Gourmet
  
  Posted to recipelu-digest by sooz &lt;kirkland@gj.net&gt; on Mar 20, 1998
 
</step></directions></recipe></recipeml>
