<?xml version="1.0" encoding="UTF-8"?>

<recipeml version="0.5">
  <recipe>
    <head>
      <title>African Special Curry Powder</title>
      <categories>
        <cat>Spices</cat></categories>
      <yield>4</yield></head>
    <ingredients>
      <ing>
        <amt>
          <qty>1 1/2</qty>
          <unit>pounds</unit></amt>
        <item>Coriander</item></ing>
      <ing>
        <amt>
          <qty>1/4</qty>
          <unit>pounds</unit></amt>
        <item>Cumin</item></ing>
      <ing>
        <amt>
          <qty>1/2</qty>
          <unit>pounds</unit></amt>
        <item>Fenugreek</item></ing>
      <ing>
        <amt>
          <qty>2</qty>
          <unit>ounces</unit></amt>
        <item>Mustard seeds</item></ing>
      <ing>
        <amt>
          <qty>1/4</qty>
          <unit>pounds</unit></amt>
        <item>Poppy seed</item></ing>
      <ing>
        <amt>
          <qty>1/4</qty>
          <unit>pounds</unit></amt>
        <item>Bay leaves</item></ing>
      <ing>
        <amt>
          <qty>2</qty>
          <unit>tablespoons</unit></amt>
        <item>Cardamom</item></ing>
      <ing>
        <amt>
          <qty>2</qty>
          <unit>tablespoons</unit></amt>
        <item>Cloves</item></ing>
      <ing>
        <amt>
          <qty>2</qty>
          <unit>tablespoons</unit></amt>
        <item>Peppercorns</item></ing></ingredients>
    <directions>
      <step>  Curry powders are an important part of African cooking due to the heavy
  influence of Arabic and Indian cuisine in Africa.  Curry powders are made
  from different proportions of spices, dried and ground.  Spices can be
  dried in the sun for two to three days, in a low temperature oven, or on
  top of the stove in a dry skillet.  If using a skillet be sure to shake the
  spices constantly so they don't burn.  Grinding is usually done with a
  mortar and pestle.  Curry powders are not necessarily hot, they are made
  that way by the addition of chili peppers.
  
  Brown the spices in a hot oven until crisp.  Grind and seal in an airtight
  container until used.  Add 1 teas. powdered turmeric, and chili powder to
  taste for every teas. of your special curry powder.
  
  Recipe By     : Mrarchway@aol.com
  
  From: Ladies Home Journal- August 1991
  
  File ftp://ftp.idiscover.co.uk/pub/food/mealmaster/recipes/mmdja006.zip
 
</step></directions></recipe></recipeml>
