<?xml version="1.0" encoding="UTF-8"?>

<recipeml version="0.5">
  <recipe>
    <head>
      <title>African Fruit Slush</title>
      <categories>
        <cat>Beverages</cat></categories>
      <yield>1</yield></head>
    <ingredients>
      <ing>
        <amt>
          <qty/>
          <unit/></amt>
        <item>Juice of five oranges</item></ing>
      <ing>
        <amt>
          <qty/>
          <unit/></amt>
        <item>Juice of three lemons</item></ing>
      <ing>
        <amt>
          <qty>4</qty>
          <unit>cups</unit></amt>
        <item>Sugar</item></ing>
      <ing>
        <amt>
          <qty>5</qty>
          <unit>cups</unit></amt>
        <item>Water</item></ing>
      <ing>
        <amt>
          <qty>3</qty>
          <unit/></amt>
        <item>4 mashed ripe bananas</item></ing>
      <ing>
        <amt>
          <qty>1</qty>
          <unit>can</unit></amt>
        <item>Crushed pineapple</item></ing></ingredients>
    <directions>
      <step>  Dissolve sugar in hot water and cool. Add all other ingredients and
  freeze. (Other fruit can be added to the bananas and pineapples such
  as pears, peaches, strawberries, kiwi, etc.) Spoon frozen mixture
  into glass and add Sprite, 7-Up, or Ginger Ale.
  
  File ftp://ftp.idiscover.co.uk/pub/food/mealmaster/recipes/mmkah001.zip
 
</step></directions></recipe></recipeml>
