<?xml version="1.0" encoding="UTF-8"?>

<recipeml version="0.5">
  <recipe>
    <head>
      <title>Afrikander Lamb Chops (South Africa)</title>
      <categories>
        <cat>Meat</cat></categories>
      <yield>6</yield></head>
    <ingredients>
      <ing>
        <amt>
          <qty>2/3</qty>
          <unit>cups</unit></amt>
        <item>Tomato sauce</item></ing>
      <ing>
        <amt>
          <qty>2/3</qty>
          <unit>cups</unit></amt>
        <item>Vinegar</item></ing>
      <ing>
        <amt>
          <qty>1/2</qty>
          <unit>cups</unit></amt>
        <item>Worchestershire sauce</item></ing>
      <ing>
        <amt>
          <qty>1</qty>
          <unit/></amt>
        <item>Onion; chopped fine</item></ing>
      <ing>
        <amt>
          <qty>1</qty>
          <unit>teaspoon</unit></amt>
        <item>Dry mustard</item></ing>
      <ing>
        <amt>
          <qty>1</qty>
          <unit>teaspoon</unit></amt>
        <item>Salt</item></ing>
      <ing>
        <amt>
          <qty>12</qty>
          <unit/></amt>
        <item>Lamb chops</item></ing></ingredients>
    <directions>
      <step>  submitted by: LeiG@aol.com
  combine tomato sauce, vinegar, worcestershire sauce, onion, mustard, and
  salt in a bowl. Mix well. Marinate the chops at room temperture for 1 hour.
  Drain.  reserve sauce. Pan fry the chops or broil. turning frequently until
  done.  Pour sauce over chops, cover and simmer on a low flame 10 minutes or
  a low oven (250-300 degF) for 15 minutes, or if in a glass microwaveable
  dish, cover with plastic wrap, a small hole in middle and simmer at half
  power(50%) for 5 minutes. Serve with rice, cooked with chopped peanuts.
  
  Recipe Archive - 29 July 96
  
  From the 'RECIPEinternet: Recipes from Around the World' recipe list.
  Downloaded from Glen's MM Recipe Archive, http://www.erols.com/hosey.
 
</step></directions></recipe></recipeml>
