<?xml version="1.0" encoding="UTF-8"?>

<recipeml version="0.5">
  <recipe>
    <head>
      <title>African Malayan Curry Powder (For Meat and Fish)</title>
      <categories>
        <cat>Spices</cat></categories>
      <yield>4</yield></head>
    <ingredients>
      <ing>
        <amt>
          <qty>3/4</qty>
          <unit>pounds</unit></amt>
        <item>Cumin</item></ing>
      <ing>
        <amt>
          <qty>1/2</qty>
          <unit>pounds</unit></amt>
        <item>Fennel</item></ing>
      <ing>
        <amt>
          <qty>1/4</qty>
          <unit>pounds</unit></amt>
        <item>Dry red chiles</item></ing>
      <ing>
        <amt>
          <qty/>
          <unit>small</unit></amt>
        <item>Piece</item></ing>
      <ing>
        <amt>
          <qty>8</qty>
          <unit/></amt>
        <item>Cloves</item></ing>
      <ing>
        <amt>
          <qty>1</qty>
          <unit>tablespoon</unit></amt>
        <item>Peppercorns</item></ing>
      <ing>
        <amt>
          <qty/>
          <unit/></amt>
        <item>Cinnamon</item></ing></ingredients>
    <directions>
      <step>  Curry powders are an important part of African cooking due to the heavy
  influence of Arabic and Indian cuisine in Africa.  Curry powders are made
  from different proportions of spices, dried and ground.  Spices can be
  dried in the sun for two to three days, in a low temperature oven, or on
  top of the stove in a dry skillet.  If using a skillet be sure to shake the
  spices constantly so they don't burn.  Grinding is usually done with a
  mortar and pestle.  Curry powders are not necessarily hot, they are made
  that way by the addition of chili peppers.
  
  Dry spices, grind to a powder and seal in an airtight container.  Use 2
  teaspoons of curry powder to every 400 g or 1 lb of fish.
  
  Recipe By     : Mrarchway@aol.com
  
  From: Ladies Home Journal- August 1991
  
  File ftp://ftp.idiscover.co.uk/pub/food/mealmaster/recipes/mmdja006.zip
 
</step></directions></recipe></recipeml>
