<?xml version="1.0" encoding="UTF-8"?>

<recipeml version="0.5">
  <recipe>
    <head>
      <title>African Vegetable Curry</title>
      <categories>
        <cat>Spices</cat></categories>
      <yield>1</yield></head>
    <ingredients>
      <ing>
        <amt>
          <qty>1</qty>
          <unit>cup</unit></amt>
        <item>Coriander</item></ing>
      <ing>
        <amt>
          <qty>1</qty>
          <unit>cup</unit></amt>
        <item>Dry red chiles</item></ing>
      <ing>
        <amt>
          <qty>1/4</qty>
          <unit>cups</unit></amt>
        <item>Turmeric</item></ing>
      <ing>
        <amt>
          <qty>1</qty>
          <unit>teaspoon</unit></amt>
        <item>Black pepper</item></ing>
      <ing>
        <amt>
          <qty>1</qty>
          <unit>teaspoon</unit></amt>
        <item>Cumin</item></ing>
      <ing>
        <amt>
          <qty>1</qty>
          <unit>teaspoon</unit></amt>
        <item>Mustard seeds</item></ing>
      <ing>
        <amt>
          <qty>2</qty>
          <unit>teaspoons</unit></amt>
        <item>Bengal gram dhal</item></ing>
      <ing>
        <amt>
          <qty>1</qty>
          <unit>teaspoon</unit></amt>
        <item>Black gram dhal</item></ing>
      <ing>
        <amt>
          <qty>1</qty>
          <unit>teaspoon</unit></amt>
        <item>Green gram dhal</item></ing>
      <ing>
        <amt>
          <qty>1</qty>
          <unit>teaspoon</unit></amt>
        <item>Fenugreek</item></ing></ingredients>
    <directions>
      <step>  Curry powders are an important part of African cooking due to the heavy
  influence of Arabic and Indian cuisine in Africa.  Curry powders are made
  from different proportions of spices, dried and ground.  Spices can be
  dried in the sun for two to three days, in a low temperature oven, or on
  top of the stove in a dry skillet.  If using a skillet be sure to shake the
  spices constantly so they don't burn.  Grinding is usually done with a
  mortar and pestle.  Curry powders are not necessarily hot, they are made
  that way by the addition of chili peppers.
  
  Dry spices, grind to a powder and bottle in a airtight container.  Use 2
  teas. to every 200 g or 1/2 lb vegetable.
  
  Recipe By     : Mrarchway@aol.com
  
  From: Ladies Home Journal- August 1991
  
  File ftp://ftp.idiscover.co.uk/pub/food/mealmaster/recipes/mmdja006.zip
 
</step></directions></recipe></recipeml>
