<?xml version="1.0" encoding="UTF-8"?>

<recipeml version="0.5">
  <recipe>
    <head>
      <title>African Vegetable Stew</title>
      <categories>
        <cat>None</cat></categories>
      <yield>1</yield></head>
    <ingredients>
      <ing>
        <amt>
          <qty>3</qty>
          <unit/></amt>
        <item>Kohlrabies; peeled, chunks** (up to 4)</item></ing>
      <ing>
        <amt>
          <qty>1</qty>
          <unit>large</unit></amt>
        <item>Onion; chopped (couple of seconds in the food processor!)</item></ing>
      <ing>
        <amt>
          <qty>2</qty>
          <unit/></amt>
        <item>Sweet potatoes; peeled, cut into chunks</item></ing>
      <ing>
        <amt>
          <qty>2</qty>
          <unit/></amt>
        <item>Zucchini; sliced thick</item></ing>
      <ing>
        <amt>
          <qty>5</qty>
          <unit/></amt>
        <item>Fresh tomatoes; (16 oz can)</item></ing>
      <ing>
        <amt>
          <qty>1</qty>
          <unit>can</unit></amt>
        <item>(15 oz) garbanzo beans &amp; liquid; (chick peas)</item></ing>
      <ing>
        <amt>
          <qty>1/2</qty>
          <unit>cups</unit></amt>
        <item>Couscous or bulgar wheat</item></ing>
      <ing>
        <amt>
          <qty>1/4</qty>
          <unit>cups</unit></amt>
        <item>Raisins (sounds wierd; but really tastes good!)</item></ing>
      <ing>
        <amt>
          <qty>1</qty>
          <unit>teaspoon</unit></amt>
        <item>Ground coriander</item></ing>
      <ing>
        <amt>
          <qty>1/2</qty>
          <unit>teaspoons</unit></amt>
        <item>Ground turmeric</item></ing>
      <ing>
        <amt>
          <qty>1/2</qty>
          <unit>teaspoons</unit></amt>
        <item>Ground cinnamon</item></ing>
      <ing>
        <amt>
          <qty>1/2</qty>
          <unit>teaspoons</unit></amt>
        <item>Ground ginger</item></ing>
      <ing>
        <amt>
          <qty>14</qty>
          <unit>teaspoons</unit></amt>
        <item>Ground cumin</item></ing>
      <ing>
        <amt>
          <qty>3</qty>
          <unit>cups</unit></amt>
        <item>Water</item></ing></ingredients>
    <directions>
      <step>  Being from Africa, I couldn't resist this traditional recipe, and herewith
  pass it on, especially to those of you up north, who are in need of good
  hot food! We are living on salads with temps soaring to
       35    deg C and above!
  
  ** Parsnips may be substituted for the kohlrabi.
  
  Combine all the ingredients in a large saucepan. Bring to a boil, lower the
  heat, and simmer until the vegetables are tender, about 30 minutes.
  
  If you wish, cook the couscous seperately and serve the stew with it. Also
  good served with mashed potato, brown or wild rice, small shell noodles
  etc.
  
  Posted to fatfree digest V97 #292 by "Frances Watts" &lt;fran@netheads.co.za&gt;
  on Dec 12, 1997
 
</step></directions></recipe></recipeml>
