<?xml version="1.0" encoding="UTF-8"?>

<recipeml version="0.5">
  <recipe>
    <head>
      <title>African Style Vegetables in Coconut Milk</title>
      <categories>
        <cat>Side dish</cat>
        <cat>Vegetables</cat></categories>
      <yield>4</yield></head>
    <ingredients>
      <ing>
        <amt>
          <qty>2</qty>
          <unit>tablespoons</unit></amt>
        <item>Ghee -=OR=- vegetable oil</item></ing>
      <ing>
        <amt>
          <qty>3</qty>
          <unit/></amt>
        <item>Whole cloves</item></ing>
      <ing>
        <amt>
          <qty>1</qty>
          <unit>large</unit></amt>
        <item>Onion; chopped</item></ing>
      <ing>
        <amt>
          <qty>2</qty>
          <unit/></amt>
        <item>Garlic cloves; crushed</item></ing>
      <ing>
        <amt>
          <qty>1</qty>
          <unit>cup</unit></amt>
        <item>Potatoes; cubed</item></ing>
      <ing>
        <amt>
          <qty>2</qty>
          <unit>cups</unit></amt>
        <item>Carrots; diced</item></ing>
      <ing>
        <amt>
          <qty>2</qty>
          <unit>cups</unit></amt>
        <item>Green beans; chopped</item></ing>
      <ing>
        <amt>
          <qty>1/2</qty>
          <unit>tablespoons</unit></amt>
        <item>Berbere</item></ing>
      <ing>
        <amt>
          <qty>1/2</qty>
          <unit>tablespoons</unit></amt>
        <item>Hungarian paprika</item></ing>
      <ing>
        <amt>
          <qty>1/2</qty>
          <unit>cups</unit></amt>
        <item>Coconut milk</item></ing>
      <ing>
        <amt>
          <qty/>
          <unit/></amt>
        <item>Salt &amp; pepper</item></ing>
      <ing>
        <amt>
          <qty/>
          <unit/></amt>
        <item>Cilantro; chopped</item></ing></ingredients>
    <directions>
      <step>  Heat ghee or vegetable oil with the whole cloves over low heat. When hot,
  add the onions &amp; garlic &amp; saute, stirring occasionally, for a few moments.
  Add the carrots &amp; potatoes &amp; continue to saute for 5 minutes, stir to
  prevent sticking. Add the green beans &amp; saute for just a few more minutes.
  
  Slowly stir in the coconut milk. Use only as much as you need to create a
  thick sauce: the vegetables should not be swimming in milk. Carefully bring
  to a boil, reduce heat &amp; simmer until the vegetables are cooked, 15 to 20
  minutes. Stir occasionally otherwise the milk &amp; vegetables will burn.
  Garnish with cilantro.
  
  Serve with an Ethiopian Lentil stew or with an Indian dal to mix cuisines,
  &amp; bread.
  
  If you prefer the vegetables to be hotter, add more berbere. It is best if
  this dish is made ahead of time &amp; then left to let the flavours marry. In
  place of cilantro, use fresh parsley.
  
  Recipe by Mark Satterly
  Posted to MC-Recipe Digest by Nancy Berry &lt;nlberry@prodigy.net&gt; on Apr 08,
  1998
 
</step></directions></recipe></recipeml>
