<?xml version="1.0" encoding="UTF-8"?>

<recipeml version="0.5">
  <recipe>
    <head>
      <title>African Vegetarian Stew #1</title>
      <categories>
        <cat>Soup</cat></categories>
      <yield>8</yield></head>
    <ingredients>
      <ing>
        <amt>
          <qty>4</qty>
          <unit>small</unit></amt>
        <item>Kohlrabies; peeled, chunks (may substitute parsnips)</item></ing>
      <ing>
        <amt>
          <qty>1</qty>
          <unit>large</unit></amt>
        <item>Onion; chopped</item></ing>
      <ing>
        <amt>
          <qty>2</qty>
          <unit/></amt>
        <item>Sweet potatoes; peeled,chunk</item></ing>
      <ing>
        <amt>
          <qty>2</qty>
          <unit/></amt>
        <item>Zucchini; sliced thick</item></ing>
      <ing>
        <amt>
          <qty>5</qty>
          <unit/></amt>
        <item>Fresh tomatoes</item></ing>
      <ing>
        <amt>
          <qty>1</qty>
          <unit>can</unit></amt>
        <item>(15-oz) garbanzo beans &amp; liquid</item></ing>
      <ing>
        <amt>
          <qty>1/2</qty>
          <unit>cups</unit></amt>
        <item>Couscous or bulgar wheat</item></ing>
      <ing>
        <amt>
          <qty>1/4</qty>
          <unit>cups</unit></amt>
        <item>Raisins</item></ing>
      <ing>
        <amt>
          <qty>1</qty>
          <unit>teaspoon</unit></amt>
        <item>Ground coriander</item></ing>
      <ing>
        <amt>
          <qty>1/2</qty>
          <unit>teaspoons</unit></amt>
        <item>Ground turmeric</item></ing>
      <ing>
        <amt>
          <qty>1/2</qty>
          <unit>teaspoons</unit></amt>
        <item>Ground cinnamon</item></ing>
      <ing>
        <amt>
          <qty>1/2</qty>
          <unit>teaspoons</unit></amt>
        <item>Ground ginger</item></ing>
      <ing>
        <amt>
          <qty>1/4</qty>
          <unit>teaspoons</unit></amt>
        <item>Ground cumin</item></ing>
      <ing>
        <amt>
          <qty>3</qty>
          <unit>cups</unit></amt>
        <item>Water</item></ing></ingredients>
    <directions>
      <step>  Date: Wed, 17 Apr 1996 01:04:28 -0400
  
  From: BobbieB1@aol.com
  Combine all the ingredients in a large saucepan. Bring to a boil, lower the
  heat, and simmer until the vegetables are tender, about 30 minutes.
  
  1/8 recipe - 241 calories, 2 bread, 2 vegetable exchanges 42 grams
  carbohydrate, 8 grams protein, 2 grams fat 22 mg sodium, 658 mg potassium,
  0 cholesterol
  
  Source: Am. Diabetes Assoc. Holiday Cookbook by Betty Wedman 1986 Shared
  but not tested by Elizabeth Rodier, Nov 93
  
  NOTE: The recipe called for "14 ts cumin", but I really think it should
  have been "1/4"!!!--Glen
  
  MM-RECIPES@IDISCOVER.NET
  
  MEAL-MASTER RECIPES LIST SERVER
  
  MM-RECIPES DIGEST V3 #108
  
  From the MealMaster recipe list.  Downloaded from Glen's MM Recipe Archive,
  http://www.erols.com/hosey.
 
</step></directions></recipe></recipeml>
