<?xml version="1.0" encoding="UTF-8"?>

<recipeml version="0.5">
  <recipe>
    <head>
      <title>African Tomato-Avocado-Buttermilk Soup</title>
      <categories>
        <cat>Soups</cat></categories>
      <yield>8</yield></head>
    <ingredients>
      <ing>
        <amt>
          <qty>3</qty>
          <unit>pounds</unit></amt>
        <item>Tomatoes, peeled and seeded</item></ing>
      <ing>
        <amt>
          <qty>2</qty>
          <unit>tablespoons</unit></amt>
        <item>Tomato paste</item></ing>
      <ing>
        <amt>
          <qty>1</qty>
          <unit>cup</unit></amt>
        <item>Buttermilk</item></ing>
      <ing>
        <amt>
          <qty>1</qty>
          <unit>tablespoon</unit></amt>
        <item>Olive oil</item></ing>
      <ing>
        <amt>
          <qty>1</qty>
          <unit/></amt>
        <item>Avocado, mashed to a puree</item></ing>
      <ing>
        <amt>
          <qty/>
          <unit/></amt>
        <item>Juice of 1 lemon</item></ing>
      <ing>
        <amt>
          <qty>2</qty>
          <unit>tablespoons</unit></amt>
        <item>Finely minced fresh parsley</item></ing>
      <ing>
        <amt>
          <qty/>
          <unit/></amt>
        <item>Salt and pepper to taste</item></ing>
      <ing>
        <amt>
          <qty/>
          <unit/></amt>
        <item>Hot pepper sauce</item></ing>
      <ing>
        <amt>
          <qty/>
          <unit/></amt>
        <item>Garnish:</item></ing>
      <ing>
        <amt>
          <qty>1</qty>
          <unit/></amt>
        <item>Cucumber, peeled, seeded, and diced</item></ing></ingredients>
    <directions>
      <step>  sour cream, plain yogurt, or creme fraiche
  
  Puree tomatoes in a food processor or food mill, then press through a sieve
  to remove seeds.  In a large mixing bowl, beat the pureed tomatoes, tomato
  paste, buttermilk, and oil. Toss pureed avocado with 1 tablespoon lemon
  juice to hold the color. Add the avocado, remaining lemon juice, and
  parsley to the tomato mixture; stir to mix well. Season to taste with salt
  and pepper, and a generous number of drops of hot pepper sauce. Refrigerate
  several hours before serving.
  
  At serving time, taste soup for seasonings.  Ladle into individual bowl and
  have guest garnish their portions with cucumber and sour cream. Pass hot
  pepper sauce around to add more piquancy.
  
  Makes 8 to 10 servings.
  
  From:  CLASSIC COLD CUISINE by Karen Green, Jeremy P. Tarcher, Inc., Los
  Angeles.  1984.  ISBN 0-87477-322-9 Posted by: Karin Brewer, Cooking Echo,
  8/92
  
  From Gemini's MASSIVE MealMaster collection at www.synapse.com/~gemini
 
</step></directions></recipe></recipeml>
