<?xml version="1.0" encoding="UTF-8"?>

<recipeml version="0.5">
  <recipe>
    <head>
      <title>African Vegetable Stew</title>
      <categories>
        <cat>None</cat></categories>
      <yield>4</yield></head>
    <ingredients>
      <ing>
        <amt>
          <qty>1</qty>
          <unit/></amt>
        <item>Very large onion;chopped</item></ing>
      <ing>
        <amt>
          <qty>1</qty>
          <unit>bunch</unit></amt>
        <item>Swiss chard</item></ing>
      <ing>
        <amt>
          <qty>1</qty>
          <unit>can</unit></amt>
        <item>Garbanzo beans 500 g; (known also as chick peas, ceci, etc.)</item></ing>
      <ing>
        <amt>
          <qty>1/2</qty>
          <unit>cups</unit></amt>
        <item>Raisins 75 g</item></ing>
      <ing>
        <amt>
          <qty>1/2</qty>
          <unit>cups</unit></amt>
        <item>Uncooked rice 100 g</item></ing>
      <ing>
        <amt>
          <qty/>
          <unit/></amt>
        <item>Several fresh tomatoes; (or 1 large can 800 g of canned tomatoes)</item></ing>
      <ing>
        <amt>
          <qty>1</qty>
          <unit/></amt>
        <item>Clove garlic; (or more to taste)</item></ing>
      <ing>
        <amt>
          <qty>2</qty>
          <unit/></amt>
        <item>Yams</item></ing>
      <ing>
        <amt>
          <qty/>
          <unit/></amt>
        <item>Salt and pepper to taste</item></ing>
      <ing>
        <amt>
          <qty/>
          <unit/></amt>
        <item>Tabasco sauce to taste</item></ing></ingredients>
    <directions>
      <step>  Fry onion, garlic, and white stems of chard until barely limp. Add chopped
  greens and fry a bit. Either peel the yams or scrub them well with a
  vegetable brush, then slice them into thick slices. Add garbanzos, raisins,
  yams, tomatoes, salt, and pepper. Cook a couple of minutes. Make a well in
  the center of the mixture in the pot. Put the rice in the well and pat it
  down until it's wet. Cover and cook until rice is done\(emabout 25 minutes.
  Add Tabasco sauce to taste. I find that the flavors of the vegetables don't
  stand out unless you put in a lot of tabasco. But then, I've got a
  cast-iron tongue. You should add enough to make the stew seem spicy to you.
  Difficulty: easy. Time: 15 minutes preparation, 30 minutes cooking.
  Precision: no need to measure.
  
  Posted to recipelu-digest by jecraig@lan-inc.com on Feb 9, 98
 
</step></directions></recipe></recipeml>
