<?xml version="1.0" encoding="UTF-8"?>

<recipeml version="0.5">
  <recipe>
    <head>
      <title>African Vegetable Stew</title>
      <categories>
        <cat>None</cat></categories>
      <yield>4</yield></head>
    <ingredients>
      <ing>
        <amt>
          <qty>2</qty>
          <unit>tablespoons</unit></amt>
        <item>Olive Oil</item></ing>
      <ing>
        <amt>
          <qty>1</qty>
          <unit>large</unit></amt>
        <item>Onion; Chopped</item></ing>
      <ing>
        <amt>
          <qty>1</qty>
          <unit/></amt>
        <item>Clove Garlic; Peeled &amp; Minced</item></ing>
      <ing>
        <amt>
          <qty>1</qty>
          <unit>bunch</unit></amt>
        <item>Swiss Chard; Chopped &amp; Separate White Parts from Green</item></ing>
      <ing>
        <amt>
          <qty>1</qty>
          <unit>can</unit></amt>
        <item>Garbanzo Beans or Chick-peas</item></ing>
      <ing>
        <amt>
          <qty>1/2</qty>
          <unit>cups</unit></amt>
        <item>Raisins</item></ing>
      <ing>
        <amt>
          <qty>2</qty>
          <unit/></amt>
        <item>Yams; Peeled &amp; Thickly Sliced</item></ing>
      <ing>
        <amt>
          <qty>1</qty>
          <unit>can</unit></amt>
        <item>(10-oz) Whole Tomatoes</item></ing>
      <ing>
        <amt>
          <qty/>
          <unit/></amt>
        <item>Salt and Pepper to Taste</item></ing>
      <ing>
        <amt>
          <qty>1/2</qty>
          <unit>cups</unit></amt>
        <item>Raw Rice</item></ing>
      <ing>
        <amt>
          <qty/>
          <unit/></amt>
        <item>Tabasco Sauce to Taste</item></ing></ingredients>
    <directions>
      <step>  No one knows the exact point of origin for this fantastic meatless stew. As
  entire tribes and families from different regions of Africa were forced on
  a journey to the New World, old recipes with gathered or grown ingredients
  from respective homelands transformed into new concoctions containing
  common foods found in the Americas.
  
  Prepare this tasty stew tonight as a much updated version of a traditional
  African recipe as our salute to Black History Month continues at
  Recipe-a-Day.com.
  
  In a large cooking pot over medium heat warm oil and saute onion, garlic
  and white stems of chard until wilted, about 5-minutes. Add chopped greens
  and continue to saute. Add beans or peas, raisins, yams, tomatoes, salt and
  pepper. Continue to saute for 3 to 5-minutes. Make a well in the center of
  the mixture and add rice to the well. Pat rice down with a wooden spoon
  until moist. Cover and cook until rice is complete, about 25-minutes. Check
  mixture occasionally and add water 2 Tbs. at a time if rice is dry and
  starting to stick during cooking. Add Tabasco sauce to taste and serve.
  
  Posted to dailyrecipe@recipe-a-day.com by The Cook &amp; Kitchen Staff
  &lt;dailyrecipe-owner@recipe-a-day.com&gt; on Feb 15, 1998
 
</step></directions></recipe></recipeml>
