<?xml version="1.0" encoding="UTF-8"?>

<recipeml version="0.5">
  <recipe>
    <head>
      <title>African Vegetable Stew</title>
      <categories>
        <cat>Soup</cat></categories>
      <yield>4</yield></head>
    <ingredients>
      <ing>
        <amt>
          <qty>1</qty>
          <unit/></amt>
        <item>Onion (very large); chopped</item></ing>
      <ing>
        <amt>
          <qty>1</qty>
          <unit>bunch</unit></amt>
        <item>Swiss chard</item></ing>
      <ing>
        <amt>
          <qty>1</qty>
          <unit>can</unit></amt>
        <item>Garbanzo beans (known also as chick peas; ceci, etc.)</item></ing>
      <ing>
        <amt>
          <qty>1/2</qty>
          <unit>cups</unit></amt>
        <item>Raisins</item></ing>
      <ing>
        <amt>
          <qty>1/2</qty>
          <unit>cups</unit></amt>
        <item>Raw rice</item></ing>
      <ing>
        <amt>
          <qty>2</qty>
          <unit/></amt>
        <item>Yams</item></ing>
      <ing>
        <amt>
          <qty/>
          <unit/></amt>
        <item>Several fresh tomatoes (or large can)</item></ing>
      <ing>
        <amt>
          <qty>1</qty>
          <unit/></amt>
        <item>Clove garlic (or more to taste)</item></ing>
      <ing>
        <amt>
          <qty/>
          <unit/></amt>
        <item>Salt and pepper to taste</item></ing>
      <ing>
        <amt>
          <qty/>
          <unit/></amt>
        <item>Tabasco sauce to taste</item></ing></ingredients>
    <directions>
      <step>  Date: Sun, 14 Apr 1996 16:48:42 -0400
  
  From: Wendy Lockman &lt;wlockman@ra1.randomc.com&gt;
  Fry onion, garlic and white stems of chard until barely limp. Add chopped
  greens and fry a bit.
  
  Either peel the yams or scrub them well with a vegetable brush, then slice
  them into thick slices. Add garbanzos, raisins, yams, tomatoes, salt and
  pepper. Cook a couple of minutes.
  
  Make a well in the center of the mixture in the pot. Put the rice in the
  well and pat it down until it's wet. Cover and cook until rice is done,
  about 25 minutes. Add Tabasco sauce to taste.
  
  NOTES: A spicy vegetable stew -- I got this recipe from my mom, who got it
  from a friend. It's very easy to make.
  
  I find that the flavors of the vegetables don't stand out unless you put in
  a lot of tabasco. But then, I've got a cast-iron tongue.  You should add
  enough to make the stew seem spicy to you.
  
  MM-RECIPES@IDISCOVER.NET
  
  MEAL-MASTER RECIPES LIST SERVER
  
  MM-RECIPES DIGEST V3 #106
  
  From the MealMaster recipe list.  Downloaded from Glen's MM Recipe Archive,
  http://www.erols.com/hosey.
 
</step></directions></recipe></recipeml>
