<?xml version="1.0" encoding="UTF-8"?>

<recipeml version="0.5">
  <recipe>
    <head>
      <title>African Ribs with Peanut Sauce</title>
      <categories>
        <cat>Meats</cat></categories>
      <yield>1</yield></head>
    <ingredients>
      <ing>
        <amt>
          <qty>2 1/2</qty>
          <unit>pounds</unit></amt>
        <item>Pork backrib</item></ing>
      <ing>
        <amt>
          <qty>1/4</qty>
          <unit>cups</unit></amt>
        <item>Oil</item></ing>
      <ing>
        <amt>
          <qty>1</qty>
          <unit>cup</unit></amt>
        <item>Onion; minced</item></ing>
      <ing>
        <amt>
          <qty>3</qty>
          <unit>cups</unit></amt>
        <item>Chicken broth</item></ing>
      <ing>
        <amt>
          <qty>1</qty>
          <unit>tablespoon</unit></amt>
        <item>Coriander seed; finly crushed</item></ing>
      <ing>
        <amt>
          <qty/>
          <unit/></amt>
        <item>Salt, pepper</item></ing>
      <ing>
        <amt>
          <qty/>
          <unit/></amt>
        <item>Chili oil</item></ing>
      <ing>
        <amt>
          <qty>1</qty>
          <unit/></amt>
        <item>6 1/2 ounce roasted shelled peanuts</item></ing>
      <ing>
        <amt>
          <qty>1</qty>
          <unit/></amt>
        <item>Eggplant; cubed</item></ing>
      <ing>
        <amt>
          <qty/>
          <unit/></amt>
        <item>Juice 1/2 lemon</item></ing>
      <ing>
        <amt>
          <qty/>
          <unit/></amt>
        <item>Steamed carrots and green beans</item></ing>
      <ing>
        <amt>
          <qty>2</qty>
          <unit>teaspoons</unit></amt>
        <item>Paprika</item></ing></ingredients>
    <directions>
      <step>  Broil ribs till brown. Heat 3 tbls oil in large pot. Saute onion and garlic
  until tender. Add chicken broth and coriander seeds. Season to taste with
  salt,pepper, chili oil. bring to boil. Add ribs, then simmer covered, 1
  hour or until ribs are tender.
  
  Place peanuts in blender with remaining 1 tbls oil. Blend until finely
  ground. Add toribs along with eggplant, lemon juice and paprika. Simmer
  until eggplant in tender stirring occasionally. Adjust salt and pepper to
  taste. Add green beans and carrots before serving or serve vegetables
  alongside with stew.
  
  Note: 1/2 cup creamy peanut butter may be substituted for roasted peanuts.
  Stir into sauce after eggplant is cooked.
  NOTES : Eggplant simmers along with the ribs, and beans and carrots are
       either cooked with the meat or on the side. All you need to turn
       this in to a
       substantial meal is steammed rice and/or French bread.
 
</step></directions></recipe></recipeml>
