<?xml version="1.0" encoding="UTF-8"?>

<recipeml version="0.5">
  <recipe>
    <head>
      <title>After Holiday Ham Biscuits</title>
      <categories>
        <cat>Ham</cat>
        <cat>Meats</cat></categories>
      <yield>12</yield></head>
    <ingredients>
      <ing>
        <amt>
          <qty>2</qty>
          <unit>cups</unit></amt>
        <item>Whole wheat pastry flour,</item></ing>
      <ing>
        <amt>
          <qty/>
          <unit/></amt>
        <item>Or unbleached white flour</item></ing>
      <ing>
        <amt>
          <qty>4</qty>
          <unit>teaspoons</unit></amt>
        <item>Baking soda</item></ing>
      <ing>
        <amt>
          <qty>1/2</qty>
          <unit>cups</unit></amt>
        <item>Cooked ham, diced fine</item></ing>
      <ing>
        <amt>
          <qty>4</qty>
          <unit>tablespoons</unit></amt>
        <item>Butter</item></ing>
      <ing>
        <amt>
          <qty>3/4</qty>
          <unit>cups</unit></amt>
        <item>Milk, apple juice, or water</item></ing></ingredients>
    <directions>
      <step>  Stir flour, baking soda, and ham together.  Cut in butter until crumbly.
  Add milk and quickly moisten. Roll out dough on floured board. Cut biscuits
  in round 2" shapes. Bake at 350 degrees, 12 to 15 minutes.
  
  From Gemini's MASSIVE MealMaster collection at www.synapse.com/~gemini
 
</step></directions></recipe></recipeml>
