<?xml version="1.0" encoding="UTF-8"?>

<recipeml version="0.5">
  <recipe>
    <head>
      <title>After Midnight</title>
      <categories>
        <cat>Beverage</cat></categories>
      <yield>1</yield></head>
    <ingredients>
      <ing>
        <amt>
          <qty>2</qty>
          <unit/></amt>
        <item>Spoons instant coffee</item></ing>
      <ing>
        <amt>
          <qty>2</qty>
          <unit/></amt>
        <item>Spoons instant cocoa</item></ing>
      <ing>
        <amt>
          <qty/>
          <unit/></amt>
        <item>Fresh cold milk</item></ing>
      <ing>
        <amt>
          <qty/>
          <unit/></amt>
        <item>Brown rum (optional)</item></ing></ingredients>
    <directions>
      <step>  Put 2 spoonfull of instant coffee and 2 spoonfull of instant cacoa in a
  glass with fresh cold milk. Add some cream.  It also tastes fine with a
  spot of brown rum (sp?) (I prefer jamaican!) This really pushs you up.
  
  Date: Tue, 25 Jun 1996 20:14:51 0000
  
  From: Allison Greene &lt;argreene@nando.net&gt;
  
  MC-Recipe Digest V1 #129
  
  From the MasterCook recipe list.  Downloaded from Glen's MM Recipe Archive,
  http://www.erols.com/hosey.
 
</step></directions></recipe></recipeml>
