<?xml version="1.0" encoding="UTF-8"?>

<recipeml version="0.5">
  <recipe>
    <head>
      <title>After Dinner Mints</title>
      <categories>
        <cat>Candy</cat></categories>
      <yield>60</yield></head>
    <ingredients>
      <ing-div>
        <title/>
        <ing>
          <amt>
            <qty>1/4</qty>
            <unit>pounds</unit></amt>
          <item>Butter</item></ing>
        <ing>
          <amt>
            <qty>1</qty>
            <unit>ounce</unit></amt>
          <item>Unsweetened chocolate</item></ing>
        <ing>
          <amt>
            <qty>1/4</qty>
            <unit>cups</unit></amt>
          <item>Sugar</item></ing>
        <ing>
          <amt>
            <qty>1</qty>
            <unit>teaspoon</unit></amt>
          <item>Vanilla</item></ing>
        <ing>
          <amt>
            <qty>1</qty>
            <unit/></amt>
          <item>Egg; beaten</item></ing>
        <ing>
          <amt>
            <qty>1</qty>
            <unit>cup</unit></amt>
          <item>Graham cracker crumbs</item></ing>
        <ing>
          <amt>
            <qty>1</qty>
            <unit>cup</unit></amt>
          <item>Oatmeal; uncooked</item></ing>
        <ing>
          <amt>
            <qty>1</qty>
            <unit>cup</unit></amt>
          <item>Grated coconut</item></ing>
        <ing>
          <amt>
            <qty>1/2</qty>
            <unit>cups</unit></amt>
          <item>Chopped pecans</item></ing></ing-div>
      <ing-div>
        <title>FILLING</title>
        <ing>
          <amt>
            <qty>4</qty>
            <unit>tablespoons</unit></amt>
          <item>Butter</item></ing>
        <ing>
          <amt>
            <qty>2</qty>
            <unit>cups</unit></amt>
          <item>Powdered sugar</item></ing>
        <ing>
          <amt>
            <qty>3</qty>
            <unit>teaspoons</unit></amt>
          <item>Grand marnier</item></ing>
        <ing>
          <amt>
            <qty>1</qty>
            <unit>tablespoon</unit></amt>
          <item>Milk</item></ing></ing-div>
      <ing-div>
        <title>TOPPING</title>
        <ing>
          <amt>
            <qty>4</qty>
            <unit>ounces</unit></amt>
          <item>Unsweetened chocolate; melted</item></ing></ing-div></ingredients>
    <directions>
      <step>  In microwave, melt butter and chocolate for 2 minutes on high. Using the
  steel blade in food processor, blend together the sugar, vanilla, egg,
  graham cracker crumbs, oatmeal, coconut and nuts. Add the chocolate and
  butter. Blend until dough forms a ball. Press into a 9x13 pan. Refrigerate
  while making filling. In food processor, using steel blade, mix butter,
  sugar, liqueur and milk. Spread over chocolate crumb mixture. Refrigerate.
  Melt 4 squares of chocolate in a glass container in microwave for 3 to 5
  minutes on high. Spread over filling. Chill. Cut into squares before
  topping gets hard. These store in the refrigerator indefinitely. Yield: 60
  to 70 small mints.
  
  MARTHA H. CARLE (MRS. KENNETH)
  
  STUTTGART, AR
  
  From &lt;Traditions: A Taste of the Good Life&gt;, by the Little Rock (AR) Junior
  League.  Downloaded from Glen's MM Recipe Archive,
  http://www.erols.com/hosey.
 
</step></directions></recipe></recipeml>
