<?xml version="1.0" encoding="UTF-8"?>

<recipeml version="0.5">
  <recipe>
    <head>
      <title>After Shaves</title>
      <categories>
        <cat>Non food</cat>
        <cat>Aftershaves</cat></categories>
      <yield>1</yield></head>
    <ingredients>
      <ing-div>
        <title>WITCH HAZEL AFTERSHAVE</title>
        <ing>
          <amt>
            <qty>2</qty>
            <unit>ounces</unit></amt>
          <item>Tincture of witch hazel</item></ing>
        <ing>
          <amt>
            <qty>1/2</qty>
            <unit>pints</unit></amt>
          <item>Unscented alcohol</item></ing>
        <ing>
          <amt>
            <qty>1</qty>
            <unit>quart</unit></amt>
          <item>Distilled water</item></ing>
        <ing>
          <amt>
            <qty>1</qty>
            <unit>ounce</unit></amt>
          <item>Glycerine</item></ing>
        <ing>
          <amt>
            <qty>1</qty>
            <unit>ounce</unit></amt>
          <item>Tincture of balsam Peru</item></ing></ing-div>
      <ing-div>
        <title>SPICY AFTERSHAVE</title>
        <ing>
          <amt>
            <qty>1</qty>
            <unit>teaspoon</unit></amt>
          <item>Cinnamon</item></ing>
        <ing>
          <amt>
            <qty>1/2</qty>
            <unit>teaspoons</unit></amt>
          <item>Cloves</item></ing>
        <ing>
          <amt>
            <qty>1</qty>
            <unit>ounce</unit></amt>
          <item>Tincture of benzoin</item></ing>
        <ing>
          <amt>
            <qty>1</qty>
            <unit>ounce</unit></amt>
          <item>Tincture of Orange Peel</item></ing>
        <ing>
          <amt>
            <qty>1</qty>
            <unit>drop</unit></amt>
          <item>Oil of bergamot</item></ing>
        <ing>
          <amt>
            <qty>1/2</qty>
            <unit>pints</unit></amt>
          <item>Alcohol</item></ing>
        <ing>
          <amt>
            <qty>1</qty>
            <unit>quart</unit></amt>
          <item>Water</item></ing></ing-div>
      <ing-div>
        <title>LEMON AFTERSHAVE</title>
        <ing>
          <amt>
            <qty>1/2</qty>
            <unit>pints</unit></amt>
          <item>Alcohol</item></ing>
        <ing>
          <amt>
            <qty>1</qty>
            <unit>quart</unit></amt>
          <item>Distilled Water</item></ing>
        <ing>
          <amt>
            <qty>1</qty>
            <unit>ounce</unit></amt>
          <item>Tincture of Benzoin</item></ing>
        <ing>
          <amt>
            <qty>1</qty>
            <unit>drop</unit></amt>
          <item>Oil of Bergamot</item></ing>
        <ing>
          <amt>
            <qty>2</qty>
            <unit>drops</unit></amt>
          <item>Lemon Oil OR:</item></ing>
        <ing>
          <amt>
            <qty>2</qty>
            <unit>ounces</unit></amt>
          <item>Tincture of Lemon Peel</item></ing>
        <ing>
          <amt>
            <qty>1/4</qty>
            <unit>teaspoons</unit></amt>
          <item>Cinnamon</item></ing></ing-div>
      <ing-div>
        <title>LIME AFTERSHAVE</title>
        <ing>
          <amt>
            <qty>1</qty>
            <unit>drop</unit></amt>
          <item>Oil of Bergamot</item></ing>
        <ing>
          <amt>
            <qty>2</qty>
            <unit>drops</unit></amt>
          <item>Lime Oil</item></ing>
        <ing>
          <amt>
            <qty>1</qty>
            <unit>ounce</unit></amt>
          <item>Tincture of Benzoin</item></ing>
        <ing>
          <amt>
            <qty>1</qty>
            <unit>quart</unit></amt>
          <item>Water</item></ing>
        <ing>
          <amt>
            <qty>1/2</qty>
            <unit>pints</unit></amt>
          <item>Unscented Alcohol</item></ing></ing-div></ingredients>
    <directions>
      <step>  The tangy tingling sensation it causes after being splashed on is one way
  to describe an after shave. Most after shaves act as astringents; they help
  firm skin tone and close skin pores when applied immediately after shaving.
  Many after shaves contain alcohol, which possesses antibacterial abilities,
  helping to prevent infections of nicks or shaving cuts. It also should
  contain glycerine and/or other ingredients known to be beneficial to skin
  care. Glycerine will help counter the drying effects on the skin, and the
  chafing and irritation that can develop with dry skin. *Most drug stores
  contain all of the above tinctures and oils. Herb and health food shops
  carry the essential oils.
  Posted to bbq-digest V5 #735 by RockMc &lt;RockMc@aol.com&gt; on Dec 1, 1997
 
</step></directions></recipe></recipeml>
