<?xml version="1.0" encoding="UTF-8"?>

<recipeml version="0.5">
  <recipe>
    <head>
      <title>After-School Strawberry Shake</title>
      <categories>
        <cat>None</cat></categories>
      <yield>1</yield></head>
    <ingredients>
      <ing>
        <amt>
          <qty>1</qty>
          <unit>pint</unit></amt>
        <item>Basket California strawberries; stemmed</item></ing>
      <ing>
        <amt>
          <qty>2</qty>
          <unit>medium</unit></amt>
        <item>Bananas; peeled and cut into 1-inch pieces</item></ing>
      <ing>
        <amt>
          <qty>3</qty>
          <unit>cups</unit></amt>
        <item>Ice cubes; divided</item></ing>
      <ing>
        <amt>
          <qty>1/2</qty>
          <unit>cups</unit></amt>
        <item>Nonfat strawberry or plain yogurt</item></ing>
      <ing>
        <amt>
          <qty>1/2</qty>
          <unit>cups</unit></amt>
        <item>Orange juice</item></ing>
      <ing>
        <amt>
          <qty>2</qty>
          <unit>tablespoons</unit></amt>
        <item>Honey</item></ing></ingredients>
    <directions>
      <step>  Place all ingredients except 1 1/2 cups of the ice cubes in blender; blend
  on high speed until smooth, scraping down ingredients in blender
  occasionally. Add remaining ice; continue to blend until smooth. Serve in
  tall glasses, dividing equally.
  
  Makes 2 to 4 servings
  
  The Recipes File Newsletter is produced by Arizona Newslink Online
  newsdesk@aznewslink.com
  
  Posted to brand-name-recipes by Wilson &lt;rook@icdc.com&gt; on Apr 03, 1998
 
</step></directions></recipe></recipeml>
