<?xml version="1.0" encoding="UTF-8"?>

<recipeml version="0.5">
  <recipe>
    <head>
      <title>After School Bars</title>
      <categories>
        <cat>Kaz</cat></categories>
      <yield>4</yield></head>
    <ingredients>
      <ing>
        <amt>
          <qty>1 1/2</qty>
          <unit>cups</unit></amt>
        <item>Crushed graham crackers</item></ing>
      <ing>
        <amt>
          <qty>3/4</qty>
          <unit>cups</unit></amt>
        <item>Melted butter</item></ing>
      <ing>
        <amt>
          <qty>1 1/2</qty>
          <unit>cups</unit></amt>
        <item>Brown sugar</item></ing>
      <ing>
        <amt>
          <qty>3/4</qty>
          <unit>cups</unit></amt>
        <item>Milk</item></ing>
      <ing>
        <amt>
          <qty>1 1/2</qty>
          <unit>cups</unit></amt>
        <item>Flaked coconut</item></ing>
      <ing>
        <amt>
          <qty/>
          <unit/></amt>
        <item>Keebler crackers to layer</item></ing>
      <ing>
        <amt>
          <qty/>
          <unit/></amt>
        <item>Bottom of pan</item></ing>
      <ing>
        <amt>
          <qty>Bring</qty>
          <unit>to</unit></amt>
        <item>a boil and simmer 4 to 8 minutes until it thickens (about</item></ing></ingredients>
    <directions>
      <step>  ingredients). Set aside to cool about 5 minutes. Layer bottom of 9 x 13
  inch pan with Keebler Club crackers. Spread the above mixture over the
  Keebler Club crackers. Place another layer of crackers over the mixture.
  
  FROSTING:1/2 c. melted butter 2 tbsp. hot water 2 c. powdered sugar 1 tsp.
  vanilla Store in cool place.
  
  Recipe By     :
  
  From Gemini's MASSIVE MealMaster collection at www.synapse.com/~gemini
 
</step></directions></recipe></recipeml>
