<?xml version="1.0" encoding="UTF-8"?>

<recipeml version="0.5">
  <recipe>
    <head>
      <title>After School Fruit Cup</title>
      <categories>
        <cat>Grapes</cat>
        <cat>Appetizers</cat></categories>
      <yield>4</yield></head>
    <ingredients>
      <ing>
        <amt>
          <qty>1 1/2</qty>
          <unit>cups</unit></amt>
        <item>California seedless grapes</item></ing>
      <ing>
        <amt>
          <qty>1</qty>
          <unit/></amt>
        <item>Cored; sliced red apple</item></ing>
      <ing>
        <amt>
          <qty>1</qty>
          <unit/></amt>
        <item>Orange; peeled and sectioned</item></ing>
      <ing>
        <amt>
          <qty>1</qty>
          <unit>cup</unit></amt>
        <item>Cantaloupes; cubed</item></ing>
      <ing>
        <amt>
          <qty>1</qty>
          <unit/></amt>
        <item>Cinnamon stick</item></ing>
      <ing>
        <amt>
          <qty>2</qty>
          <unit>tablespoons</unit></amt>
        <item>White grape juice</item></ing>
      <ing>
        <amt>
          <qty>1</qty>
          <unit>tablespoon</unit></amt>
        <item>Lemon juice</item></ing>
      <ing>
        <amt>
          <qty>1</qty>
          <unit>tablespoon</unit></amt>
        <item>Packed brown sugar</item></ing></ingredients>
    <directions>
      <step>  Combine grapes, apple, orange, cantaloupe and cinnamon stick. Mix remaining
  ingredients. Pour over fruit. Cover and marinate in refrigerator until
  
  chilled. Remove cinnamon stick. Divide marinated fruits equally into 4
  serving dishes.
  
  NOTES : A special fruit treat for kids.
  
  Recipe by: The California Table Grape Commission
  
  Posted to MC-Recipe Digest by KitPATh &lt;phannema@wizard.ucr.edu&gt; on Mar 07,
  1998
 
</step></directions></recipe></recipeml>
