<?xml version="1.0" encoding="UTF-8"?>

<recipeml version="0.5">
  <recipe>
    <head>
      <title>After-Dinner Wontons</title>
      <categories>
        <cat>Better home</cat>
        <cat>Appetizers</cat>
        <cat>Desserts</cat>
        <cat>Fruit</cat></categories>
      <yield>36</yield></head>
    <ingredients>
      <ing>
        <amt>
          <qty>2</qty>
          <unit>medium</unit></amt>
        <item>Pears; peeled, shredded (1 1/2 cups)</item></ing>
      <ing>
        <amt>
          <qty>2</qty>
          <unit>medium</unit></amt>
        <item>Cooking apples; peeled, chopped (1 1/3 cups)</item></ing>
      <ing>
        <amt>
          <qty>3</qty>
          <unit>tablespoons</unit></amt>
        <item>Dried cherries; chopped</item></ing>
      <ing>
        <amt>
          <qty>2</qty>
          <unit>teaspoons</unit></amt>
        <item>Lemon juice</item></ing>
      <ing>
        <amt>
          <qty>2</qty>
          <unit>tablespoons</unit></amt>
        <item>Butter</item></ing>
      <ing>
        <amt>
          <qty>3</qty>
          <unit>tablespoons</unit></amt>
        <item>Marsala; or apple juice</item></ing>
      <ing>
        <amt>
          <qty>2</qty>
          <unit>tablespoons</unit></amt>
        <item>Almonds; finely chopped</item></ing>
      <ing>
        <amt>
          <qty>1</qty>
          <unit>teaspoon</unit></amt>
        <item>Ground cinnamon</item></ing>
      <ing>
        <amt>
          <qty>1/2</qty>
          <unit>teaspoons</unit></amt>
        <item>Ground ginger</item></ing>
      <ing>
        <amt>
          <qty>1/4</qty>
          <unit>cups</unit></amt>
        <item>Maple syrup</item></ing>
      <ing>
        <amt>
          <qty>36</qty>
          <unit/></amt>
        <item>Wonton wrappers; 3.25"</item></ing>
      <ing>
        <amt>
          <qty>3</qty>
          <unit>tablespoons</unit></amt>
        <item>Butter; melted</item></ing>
      <ing>
        <amt>
          <qty/>
          <unit/></amt>
        <item>Coarse granulated sugar; or sifted powdered sugar</item></ing></ingredients>
    <directions>
      <step>  "Crispy, sugar-dusted wonton wrappers cache a sweet chewy filling of fruit
  and nuts, adding a perfect touch to the end of the meal." For filling, in a
  medium bowl toss together pears, apples, cherries and lemon juice. In a
  large skillet cook fruit mixture in 2 tablespoons butter over medium heat 7
  minutes. Reduce heat. Stir in Marsala, nuts, cinnamon and ginger. Cook 3
  minutes or until liquid has disappeared stirring often. Stir in syrup; set
  aside. For each wonton spoon 2 teaspoons filling into the center of a
  wrapper. Lightly moistened edges of wrapper with water. Fold top edge of
  wrapper over filling to opposite edge making half-moon. Press edges
  together to seal. Arrange wontons on a greased baking sheet. Brush with the
  melted butter. Sprinkle with coarse sugar. Bake at 350F 12-15 minutes or
  until golden. Cool slightly. Sprinkle with powdered sugar. Makes 36
  wontons. Better Homes and Gardens, "Good things in small packages", January
  1998.
  
  Recipe by: Better Homes and Gardens, January 1998, Page 132.
  
  Posted to recipelu-digest Volume 01 Number 347 by Peg Baldassari
  &lt;Baldassari@compuserve.com&gt; on Dec 7, 1997
 
</step></directions></recipe></recipeml>
