<?xml version="1.0" encoding="UTF-8"?>

<recipeml version="0.5">
  <recipe>
    <head>
      <title>After School Bars</title>
      <categories>
        <cat>Cookies</cat>
        <cat>And</cat>
        <cat>Bars</cat></categories>
      <yield>4</yield></head>
    <ingredients>
      <ing-div>
        <title/>
        <ing>
          <amt>
            <qty>1 1/2</qty>
            <unit>cups</unit></amt>
          <item>Graham Crackers; crushed</item></ing>
        <ing>
          <amt>
            <qty>3/4</qty>
            <unit>cups</unit></amt>
          <item>Butter; melted</item></ing>
        <ing>
          <amt>
            <qty>1 1/2</qty>
            <unit>cups</unit></amt>
          <item>Brown sugar</item></ing>
        <ing>
          <amt>
            <qty>3/4</qty>
            <unit>cups</unit></amt>
          <item>Milk</item></ing>
        <ing>
          <amt>
            <qty>1 1/2</qty>
            <unit>cups</unit></amt>
          <item>Flaked coconut</item></ing>
        <ing>
          <amt>
            <qty/>
            <unit/></amt>
          <item>Keebler crackers to layer bottom of pan</item></ing></ing-div>
      <ing-div>
        <title>FROSTING</title>
        <ing>
          <amt>
            <qty>1/2</qty>
            <unit>cups</unit></amt>
          <item>Butter; melted</item></ing>
        <ing>
          <amt>
            <qty>2</qty>
            <unit>tablespoons</unit></amt>
          <item>Hot Water</item></ing>
        <ing>
          <amt>
            <qty>2</qty>
            <unit>cups</unit></amt>
          <item>Powdered Sugar</item></ing>
        <ing>
          <amt>
            <qty>1</qty>
            <unit>teaspoon</unit></amt>
          <item>Vanilla</item></ing>
        <ing>
          <amt>
            <qty>Bring</qty>
            <unit>to</unit></amt>
          <item>a boil and simmer 4 to 8 minutes until it thickens (about</item></ing></ing-div></ingredients>
    <directions>
      <step>  ingredients). Set aside to cool about 5 minutes. Layer bottom of 9 x 13
  inch pan with Keebler Club crackers. Spread the above mixture over the
  Keebler Club crackers. Place another layer of crackers over the mixture.
  
  FROSTING: Mix ingredients together. Store in cool place.
  
  Recipe by: Key Gourmet
  
  Posted to recipelu-digest by James and Susan Kirkland &lt;kirkland@gj.net&gt; on
  Feb 24, 1998
 
</step></directions></recipe></recipeml>
