<?xml version="1.0" encoding="UTF-8"?>

<recipeml version="0.5">
  <recipe>
    <head>
      <title>After-Dinner Chocolate</title>
      <categories>
        <cat>Beverages</cat>
        <cat>Chocolate</cat>
        <cat>Holiday</cat>
        <cat>Liqueurs</cat></categories>
      <yield>4</yield></head>
    <ingredients>
      <ing>
        <amt>
          <qty>2</qty>
          <unit>cups</unit></amt>
        <item>Water</item></ing>
      <ing>
        <amt>
          <qty>4</qty>
          <unit>ounces</unit></amt>
        <item>Bittersweet chocolate or semisweet; chopped</item></ing>
      <ing>
        <amt>
          <qty>3</qty>
          <unit>tablespoons</unit></amt>
        <item>Grand Marnier</item></ing>
      <ing>
        <amt>
          <qty>1/4</qty>
          <unit>cups</unit></amt>
        <item>Whipping cream</item></ing>
      <ing>
        <amt>
          <qty/>
          <unit/></amt>
        <item>Orange peel; finely grated</item></ing></ingredients>
    <directions>
      <step>  1. Combine water and chocolate in a small saucepan; cook and stir just till
  boiling. Remove from heat; stir in liqueur or vanilla. Beat cream in a
  small chilled mixing bowl with an electric mixer on low to medium speed
  till soft peaks form. Top each serving with whipped cream; sprinkle with
  orange peel, if desired.
  
  2. The orange peel is optional. You can use Amaretto or vanilla extract in
  place of the Grand Marnier if desired
  
  NOTES : Bittersweet chocolate usually has a more pronounced chocolate
  flavor than semi-sweet.
  Recipe by: Better Homes Christmas Cookies 1997
  
  Posted to recipelu-digest Volume 01 Number 534 by "Marie Smith"
  &lt;craftee@sprynet.com&gt; on Jan 15, 1998
 
</step></directions></recipe></recipeml>
