<?xml version="1.0" encoding="UTF-8"?>

<recipeml version="0.5">
  <recipe>
    <head>
      <title>Aged Tofu (Figi)</title>
      <categories>
        <cat>Asian</cat>
        <cat>Fish/shellf</cat>
        <cat>Vegetarian</cat></categories>
      <yield>4</yield></head>
    <ingredients>
      <ing>
        <amt>
          <qty>2</qty>
          <unit>packages</unit></amt>
        <item>10.5 oz. firm tofu</item></ing>
      <ing>
        <amt>
          <qty>1/2</qty>
          <unit>cups</unit></amt>
        <item>Flour</item></ing>
      <ing>
        <amt>
          <qty/>
          <unit/></amt>
        <item>Vegetable oil for frying</item></ing>
      <ing>
        <amt>
          <qty>1/2</qty>
          <unit>cups</unit></amt>
        <item>Water</item></ing>
      <ing>
        <amt>
          <qty>2</qty>
          <unit>ounces</unit></amt>
        <item>Soy Or Tamari sauce</item></ing>
      <ing>
        <amt>
          <qty>1</qty>
          <unit>tablespoon</unit></amt>
        <item>Sugar or honey</item></ing>
      <ing>
        <amt>
          <qty>1/3</qty>
          <unit>teaspoons</unit></amt>
        <item>Bottled fish stock or</item></ing>
      <ing>
        <amt>
          <qty/>
          <unit/></amt>
        <item>Vegetable stock</item></ing>
      <ing>
        <amt>
          <qty>2</qty>
          <unit>teaspoons</unit></amt>
        <item>Fresh ginger root -- grated</item></ing>
      <ing>
        <amt>
          <qty>8</qty>
          <unit/></amt>
        <item>Fresh scallions -- chopped</item></ing></ingredients>
    <directions>
      <step>  Wipe tofu dry with paper towels.  Cut the tofu in each box in half, then
  cut each half into four equal portions. Flour each portion lightly. Heat
  vegetable oil to medium hot (350 to 375 degrees). Add the tofu, a few at a
  time.  Fry until golden and remove to drain on paper towels. Prepare sauce
  by placing the water, soy or tamari sauce, sweetener and stock in a
  saucepan.  Bring to a boil and mix well, making sure sugar (if using) is
  dissolved.  To serve, place a small amount of the sauce on four warmed
  plates. Divide the tofu evenly among the plates, placing them on the sauce.
  Garnish with grated ginger and chopped scallions.
  
  Recipe By     : Sunshine Magazine  (9/17/95)
  Posted to MM-Recipes Digest  by "John Weber" &lt;hdbrer@ibm.net&gt; on Apr 14, 98
 
</step></directions></recipe></recipeml>
