<?xml version="1.0" encoding="UTF-8"?>

<recipeml version="0.5">
  <recipe>
    <head>
      <title>Aggravation</title>
      <categories>
        <cat>Mixed drink</cat>
        <cat>Scotch</cat></categories>
      <yield>1</yield></head>
    <ingredients>
      <ing>
        <amt>
          <qty>1 1/2</qty>
          <unit>ounces</unit></amt>
        <item>Scotch</item></ing>
      <ing>
        <amt>
          <qty>1/2</qty>
          <unit>ounces</unit></amt>
        <item>Kahlua</item></ing>
      <ing>
        <amt>
          <qty>1/2</qty>
          <unit>ounces</unit></amt>
        <item>Heavy cream</item></ing></ingredients>
    <directions>
      <step>  Fill a rocks glass with ice. Add Scotch and kahlúa. Float cream on top. May
  be stirred before serving or served with cream floating on top.
  
  Recipe By     : Joe Robertson
  
  From Gemini's MASSIVE MealMaster collection at www.synapse.com/~gemini
 
</step></directions></recipe></recipeml>
