<?xml version="1.0" encoding="UTF-8"?>

<recipeml version="0.5">
  <recipe>
    <head>
      <title>Aggression Cookies #2</title>
      <categories>
        <cat>Cookie</cat></categories>
      <yield>48</yield></head>
    <ingredients>
      <ing>
        <amt>
          <qty>1</qty>
          <unit>cup</unit></amt>
        <item>Light brown sugar</item></ing>
      <ing>
        <amt>
          <qty>1</qty>
          <unit>cup</unit></amt>
        <item>Margarine or butter</item></ing>
      <ing>
        <amt>
          <qty>1</qty>
          <unit>cup</unit></amt>
        <item>Flour</item></ing>
      <ing>
        <amt>
          <qty>1</qty>
          <unit>teaspoon</unit></amt>
        <item>Baking soda</item></ing>
      <ing>
        <amt>
          <qty>2</qty>
          <unit>cups</unit></amt>
        <item>Quick cooking rolled oats</item></ing></ingredients>
    <directions>
      <step>  From: beatbr00 &lt;beatbr00@dons.ac.usfca.EDU&gt;
  
  Date: 31 May 1995 05:39:44 -0600
  
  Mix all ingredients with your hands until soft. Flatten 1 inch balls of
  dough on an ungreased cookie sheet. Press flat with bottom of drinking
  glass dipped in granulated sugar. Bake in 350 degree oven about 10 minutes.
  Makes 4 dozen.
  
  REC.FOOD.RECIPES ARCHIVES
  
  /COOKIES
  
  From rec.food.cooking archives.  Downloaded from Glen's MM Recipe Archive,
  http://www.erols.com/hosey.
 
</step></directions></recipe></recipeml>
