<?xml version="1.0" encoding="UTF-8"?>

<recipeml version="0.5">
  <recipe>
    <head>
      <title>Aggression Cookies #1</title>
      <categories>
        <cat>Cookie</cat></categories>
      <yield>48</yield></head>
    <ingredients>
      <ing>
        <amt>
          <qty>2</qty>
          <unit>cups</unit></amt>
        <item>Unsalted butter; room temperature</item></ing>
      <ing>
        <amt>
          <qty>1</qty>
          <unit>cup</unit></amt>
        <item>Sugar</item></ing>
      <ing>
        <amt>
          <qty>2</qty>
          <unit>cups</unit></amt>
        <item>Light brown sugar</item></ing>
      <ing>
        <amt>
          <qty>4</qty>
          <unit/></amt>
        <item>Eggs</item></ing>
      <ing>
        <amt>
          <qty>1</qty>
          <unit>tablespoon</unit></amt>
        <item>Vanilla (this brand with a long name; sold at william sonoma)</item></ing>
      <ing>
        <amt>
          <qty>4 1/2</qty>
          <unit>cups</unit></amt>
        <item>Flour</item></ing>
      <ing>
        <amt>
          <qty>2</qty>
          <unit>teaspoons</unit></amt>
        <item>Baking soda</item></ing>
      <ing>
        <amt>
          <qty>24</qty>
          <unit>ounces</unit></amt>
        <item>Semi-sweet chocolate bar; chopped</item></ing>
      <ing>
        <amt>
          <qty>12</qty>
          <unit>ounces</unit></amt>
        <item>White chocolate bar; chopped</item></ing>
      <ing>
        <amt>
          <qty>14</qty>
          <unit>ounces</unit></amt>
        <item>Macadamia nuts; chopped</item></ing></ingredients>
    <directions>
      <step>  From: pl@beaux.ATWC.Teradyne.COM (Priscilla Lee)
  
  Date: Thu, 2 Sep 1993 22:48:01 GMT
  The people at work love these and I have had people ask for them by the
  ten-dozen!
  
  Aggression Cookies -- (the post-modern Asian American performance poem)
  
  NOTE: With thick Chinese meat cleaver, hack chocolate and macadamia nuts to
  pieces. ALSO, You may substitute chocolate and white chocolate chips for
  the bars if you are not feeling particularly angst-ridden.
  
  Preheat oven to 375 degrees. In a large bowl, thrash butter and sugars
  until uniform. Beat in eggs and vanilla. Add flour and baking soda; whip
  until smooth. Toss in chocolate chunks and nuts. To avoid the "chocolate
  chip cookie cooked under a steam roller" look, refrigerate the cookie dough
  for a couple of hours before baking.
  
  Throw batter by tablespoons full onto an ungreased baking sheet--aim so
  that the cookies land 2 inches apart. Bake until golden, about 10-12
  minutes. Using a spatula, pry the cookies loose from the baking sheet, and
  allow them to vent on wire racks. Makes about 4 dozen cookies.
  
  REC.FOOD.RECIPES ARCHIVES
  
  /COOKIES
  
  From rec.food.cooking archives.  Downloaded from Glen's MM Recipe Archive,
  http://www.erols.com/hosey.
 
</step></directions></recipe></recipeml>
