<?xml version="1.0" encoding="UTF-8"?>

<recipeml version="0.5">
  <recipe>
    <head>
      <title>Agnolotti Di Ricotta E Spinaci</title>
      <categories>
        <cat>Continental</cat>
        <cat>Italian</cat>
        <cat>Pasta</cat></categories>
      <yield>6</yield></head>
    <ingredients>
      <ing>
        <amt>
          <qty>1</qty>
          <unit>pound</unit></amt>
        <item>Flour</item></ing>
      <ing>
        <amt>
          <qty>6</qty>
          <unit>ounces</unit></amt>
        <item>Sweet cream butter</item></ing>
      <ing>
        <amt>
          <qty>8</qty>
          <unit/></amt>
        <item>Eggs</item></ing>
      <ing>
        <amt>
          <qty>3</qty>
          <unit/></amt>
        <item>Pinches salt; to taste</item></ing>
      <ing>
        <amt>
          <qty>15</qty>
          <unit>ounces</unit></amt>
        <item>Ricotta cheese; dry as possible</item></ing>
      <ing>
        <amt>
          <qty>2</qty>
          <unit>ounces</unit></amt>
        <item>Spinach; trimmed,washed</item></ing>
      <ing>
        <amt>
          <qty>13</qty>
          <unit>ounces</unit></amt>
        <item>Parmesan cheese; grated</item></ing>
      <ing>
        <amt>
          <qty>1</qty>
          <unit>pinch</unit></amt>
        <item>Black pepper; to taste</item></ing>
      <ing>
        <amt>
          <qty>2</qty>
          <unit/></amt>
        <item>Pinches nutmeg; to taste</item></ing>
      <ing>
        <amt>
          <qty>1</qty>
          <unit>quart</unit></amt>
        <item>Heavy cream</item></ing>
      <ing>
        <amt>
          <qty>4</qty>
          <unit>ounces</unit></amt>
        <item>Mascarpone cheese</item></ing>
      <ing>
        <amt>
          <qty>2</qty>
          <unit/></amt>
        <item>Pinches white pepper; to taste</item></ing></ingredients>
    <directions>
      <step>  STEP ONE: The Dough-- Combine the following ingredients: 1 pound bleached
  flour, 2 ounces sweet butter, 5 eggs, and 1 pinch salt. Work the dough long
  enough to allow the butter to be incorporated inside the dough. Wrap the
  dough in a towel and let it rest, for at least one hour, inside the
  refrigerator.
  
  STEP TWO: The Filling-- For the filling, steam the spinach and chop it very
  fine. In a bowl, beat together 2 eggs with 7 ounces freshly grated Parmesan
  cheese, 1 pinch each: salt, black pepper, and nutmeg. Add 15 ounces dry
  ricotta cheese and mix very well, but not too long. If you mix it too much,
  the mixture will become liquid.
  
  STEP THREE: The Agnolotti-- Roll out the dough in a thin layer and brush it
  with an egg wash (made from 1 egg). With the help of a teaspoon to make a
  "walnut" shape, place the spoon on the dough and cover it with another
  layer. Cut with a round pasta cutter 2 inches in diameter. Stuff the pasta
  with the filling and cook in boiling water until the agnolotti come to the
  surface of the boiling water.
  
  STEP FOUR: The Sauce-- For the sauce, bring 1 quart heavy cream to a slow
  boil and add 4 ounces sweet butter, 6 ounces freshly grated Parmesan
  cheese, 4 ounces mascarpone cheese, 1 pinch of salt, 1 pinch of nutmeg, 2
  pinches white pepper. Boil slowly for five minutes, constantly stirring
  with a wooden spoon.
  
  Serve agnolotti on warm plates with warm sauce.
  
  Recipe by: Chef Roberto Donna of Galileo Ristorante, Washington, D.C.
  
  Posted to recipelu-digest by "Diane Geary" &lt;diane@keyway.net&gt; on Mar 23,
  1998
 
</step></directions></recipe></recipeml>
