<?xml version="1.0" encoding="UTF-8"?>

<recipeml version="0.5">
  <recipe>
    <head>
      <title>Agnolotti Bandiera Part 1</title>
      <categories>
        <cat>Italian</cat>
        <cat>Pasta</cat></categories>
      <yield>6</yield></head>
    <ingredients>
      <ing>
        <amt>
          <qty>2</qty>
          <unit>cups</unit></amt>
        <item>Flour plus flour for</item></ing>
      <ing>
        <amt>
          <qty/>
          <unit/></amt>
        <item>Dusting</item></ing>
      <ing>
        <amt>
          <qty>1/2</qty>
          <unit>teaspoons</unit></amt>
        <item>Salt</item></ing>
      <ing>
        <amt>
          <qty>1/2</qty>
          <unit>teaspoons</unit></amt>
        <item>White pepper</item></ing>
      <ing>
        <amt>
          <qty>1</qty>
          <unit/></amt>
        <item>Stick unsalted butter, cut</item></ing>
      <ing>
        <amt>
          <qty/>
          <unit/></amt>
        <item>Into pieces</item></ing>
      <ing>
        <amt>
          <qty>4</qty>
          <unit/></amt>
        <item>Eggs</item></ing>
      <ing>
        <amt>
          <qty>1</qty>
          <unit/></amt>
        <item>Egg beaten w/ a pinch of</item></ing>
      <ing>
        <amt>
          <qty/>
          <unit/></amt>
        <item>Salt for egg wash</item></ing>
      <ing>
        <amt>
          <qty/>
          <unit/></amt>
        <item>Semolina for sprinkling</item></ing>
      <ing>
        <amt>
          <qty/>
          <unit/></amt>
        <item>(see part 2 for more)</item></ing></ingredients>
    <directions>
      <step>  SOURCE: IL TULIPANO, 11052 BISCAYNE BLVD, MIAMI. WINE: GRECO DI TUFO. 1.
  Prepare the pasta.  Place dry ingredients and butter in food processor
  fitted with a pastry blade and run machine for 1 minute, or until butter is
  cut up and mixture feels sandy.  Add eggs and run machine in quick spurts
  for 2 minutes, or until dough forms a compact ball. 2. Cut dough into 4-5
  small pieces.  Lightly flour each and roll it through pasta machine (set
  rollers at widest gap). When dough is smooth, reduce gap between rollers
  and roll the dough again. Continue in this fashion until rollers are at
  their narrowest setting.  As dough sheets come out, dust them lightly with
  flour and spread them out on the table. 3. Prepare filling. Steam spinach
  for 30 seconds or until tender, rinse it under cold water, and squeeze it
  tightly to extract all the water. Place the spinach and remaining
  ingredients for filling in food processor and grind until smooth. (See part
        2    for more)
  
  From Gemini's MASSIVE MealMaster collection at www.synapse.com/~gemini
 
</step></directions></recipe></recipeml>
