<?xml version="1.0" encoding="UTF-8"?>

<recipeml version="0.5">
  <recipe>
    <head>
      <title>Agnolotti Ignudi Al Mascarpone (Meat Balls in Mascarpone</title>
      <categories>
        <cat>Sausage</cat>
        <cat>Ham</cat>
        <cat>Italian</cat></categories>
      <yield>8</yield></head>
    <ingredients>
      <ing-div>
        <title>MEAT BALLS</title>
        <ing>
          <amt>
            <qty>4</qty>
            <unit>ounces</unit></amt>
          <item>Prosciutto; in one piece</item></ing>
        <ing>
          <amt>
            <qty>4</qty>
            <unit>ounces</unit></amt>
          <item>Pancetta; in one piece</item></ing>
        <ing>
          <amt>
            <qty>2</qty>
            <unit/></amt>
          <item>Italian sausages without fennel seed</item></ing>
        <ing>
          <amt>
            <qty>4</qty>
            <unit>tablespoons</unit></amt>
          <item>Unsalted butter</item></ing>
        <ing>
          <amt>
            <qty>4</qty>
            <unit/></amt>
          <item>Extra-large eggs</item></ing>
        <ing>
          <amt>
            <qty>3/4</qty>
            <unit>cups</unit></amt>
          <item>Bread crumbs, unseasoned</item></ing>
        <ing>
          <amt>
            <qty>5</qty>
            <unit>tablespoons</unit></amt>
          <item>Parmesan cheese; grated</item></ing>
        <ing>
          <amt>
            <qty/>
            <unit/></amt>
          <item>Salt &amp; black pepper to taste</item></ing></ing-div>
      <ing-div>
        <title>TO COOK MEAT BALLS</title>
        <ing>
          <amt>
            <qty>4</qty>
            <unit>quarts</unit></amt>
          <item>Chicken broth</item></ing></ing-div>
      <ing-div>
        <title>SAUCE</title>
        <ing>
          <amt>
            <qty>8</qty>
            <unit>tablespoons</unit></amt>
          <item>Unsalted butter</item></ing>
        <ing>
          <amt>
            <qty>1/2</qty>
            <unit>pounds</unit></amt>
          <item>Mascarpone</item></ing>
        <ing>
          <amt>
            <qty>1/2</qty>
            <unit>cups</unit></amt>
          <item>Heavy cream</item></ing>
        <ing>
          <amt>
            <qty/>
            <unit/></amt>
          <item>Salt &amp; black pepper to taste</item></ing>
        <ing>
          <amt>
            <qty>1</qty>
            <unit>pinch</unit></amt>
          <item>Freshly grated nutmeg</item></ing></ing-div>
      <ing-div>
        <title>TO SERVE</title>
        <ing>
          <amt>
            <qty>8</qty>
            <unit>tablespoons</unit></amt>
          <item>Parmesan cheese; grated</item></ing></ing-div></ingredients>
    <directions>
      <step>  Cut the prosciutto and pancetta into small pieces and remove the casing
  from the sausages. Using a meat grinder, grind together the prosciutto,
  pancetta, and sausages. Place the ground meat in a crockery or glass bowl,
  add the butter and eggs, and mix very well with a wooden spoon until the
  butter is completely incorporated. Add the bread crumbs and Parmesan, and
  season with salt and pepper. Cover the bowl and refrigerate for at least 1
  hour before using.
  
  When ready, bring the broth to a boil in a large pot over medium heat.
  Meanwhile, place a large skillet with the butter over low heat. When the
  broth reaches a boil, start shaping the meat mixture into tiny meat balls;
  a heaping tablespoon of mixture will be enough to prepare several. Make
  sure the meat balls are solid with no holes inside. Drop the balls into the
  boiling broth a few at a time, and as they rise to the top, tansfer them
  with a slotted spoon to the skillet containing the butter. When all the
  meat balls are cooked and in the skillet, add the mascarpone and heavy
  cream. Mix very well and simmer for 1 or 2 minutes, or until the mascarpone
  is completely dissolved. Season with salt, pepper, and nutmeg. Mix very
  well, then transfer to a warmed serving platter. Serve immediately, with
  some Parmesan on the side.
  
  Source: "Bugialli on Pasta" by Giuliano Bugialli
    Posted to FOODWINE Digest 28 Sep 96
  
    Date: Sat, 7 Sep 1996 02:57:12 +0000
  
    From: Linda Place &lt;placel@worldnet.att.net&gt;
 
</step></directions></recipe></recipeml>
