<?xml version="1.0" encoding="UTF-8"?>

<recipeml version="0.5">
  <recipe>
    <head>
      <title>Agression Cookies</title>
      <categories>
        <cat>Cookies</cat></categories>
      <yield>10</yield></head>
    <ingredients>
      <ing>
        <amt>
          <qty>3</qty>
          <unit>cups</unit></amt>
        <item>Brown sugar</item></ing>
      <ing>
        <amt>
          <qty>3</qty>
          <unit>cups</unit></amt>
        <item>Margarine</item></ing>
      <ing>
        <amt>
          <qty>6</qty>
          <unit>cups</unit></amt>
        <item>Oatmeal</item></ing>
      <ing>
        <amt>
          <qty>3</qty>
          <unit>cups</unit></amt>
        <item>Flour</item></ing>
      <ing>
        <amt>
          <qty>1</qty>
          <unit>tablespoon</unit></amt>
        <item>Baking soda</item></ing>
      <ing>
        <amt>
          <qty>2</qty>
          <unit>cups</unit></amt>
        <item>Chocolate chips</item></ing></ingredients>
    <directions>
      <step>  Put the ingredients in large bowl. Mash, squeeze, knead, etc until it is
  completely blended. Form into small balls about 1 to 1 1/2 inches in size.
  Place on an ungreased cookie sheet. Butter the bottom of a small glass and
  dip into white sugar, then pound the cookies flat. Bake at 350 degrees for
  about 10 to 12 minutes. This is a good recipe to use when you need to get
  rid of some agressions because the dough is too heavy for most mixers. So
  you have to use your hands and beat it!! You can also use peanut butter or
  butterscotch chips or a mixture of them.
  
  Submitted by Joanne Ferry, Prodigy F&amp;W Board
  
  From Gemini's MASSIVE MealMaster collection at www.synapse.com/~gemini
 
</step></directions></recipe></recipeml>
