<?xml version="1.0" encoding="UTF-8"?>

<recipeml version="0.5">
  <recipe>
    <head>
      <title>Aguacates Rellenos</title>
      <categories>
        <cat>Seafood</cat></categories>
      <yield>6</yield></head>
    <ingredients>
      <ing-div>
        <title/>
        <ing>
          <amt>
            <qty>1</qty>
            <unit>pound</unit></amt>
          <item>Fresh medium shrimp</item></ing>
        <ing>
          <amt>
            <qty>1/4</qty>
            <unit>medium</unit></amt>
          <item>Onion</item></ing>
        <ing>
          <amt>
            <qty>1</qty>
            <unit/></amt>
          <item>Lime; halved</item></ing>
        <ing>
          <amt>
            <qty/>
            <unit/></amt>
          <item>Salt</item></ing>
        <ing>
          <amt>
            <qty>1/2</qty>
            <unit>cups</unit></amt>
          <item>Olive oil</item></ing>
        <ing>
          <amt>
            <qty>1/2</qty>
            <unit>cups</unit></amt>
          <item>Lime juice</item></ing>
        <ing>
          <amt>
            <qty>1</qty>
            <unit>tablespoon</unit></amt>
          <item>Dry white wine</item></ing>
        <ing>
          <amt>
            <qty>2</qty>
            <unit/></amt>
          <item>Cloves garlic; mashed</item></ing>
        <ing>
          <amt>
            <qty>1</qty>
            <unit>small</unit></amt>
          <item>Onion; thinly sliced</item></ing>
        <ing>
          <amt>
            <qty>2</qty>
            <unit/></amt>
          <item>Fresh or canned Jalapeno chiles; cut into thin strips</item></ing>
        <ing>
          <amt>
            <qty>1</qty>
            <unit/></amt>
          <item>Tomato; chopped (up to)</item></ing>
        <ing>
          <amt>
            <qty>10</qty>
            <unit/></amt>
          <item>Green olives stuffed with pimento; chopped</item></ing>
        <ing>
          <amt>
            <qty/>
            <unit/></amt>
          <item>Fresh ground black pepper</item></ing>
        <ing>
          <amt>
            <qty/>
            <unit/></amt>
          <item>Sugar (optional)</item></ing>
        <ing>
          <amt>
            <qty>2</qty>
            <unit>teaspoons</unit></amt>
          <item>Chopped cilantro (up to)</item></ing>
        <ing>
          <amt>
            <qty>4</qty>
            <unit>large</unit></amt>
          <item>Avocados</item></ing>
        <ing>
          <amt>
            <qty/>
            <unit/></amt>
          <item>Finely chopped cilantro for garnish</item></ing>
        <ing>
          <amt>
            <qty/>
            <unit/></amt>
          <item>Lettuce leaves</item></ing></ing-div>
      <ing-div>
        <title>MAYONESA DE AJO</title>
        <ing>
          <amt>
            <qty>2</qty>
            <unit/></amt>
          <item>Egg yolks</item></ing>
        <ing>
          <amt>
            <qty>3</qty>
            <unit/></amt>
          <item>Cloves garlic; mashed to a paste</item></ing>
        <ing>
          <amt>
            <qty>1/2</qty>
            <unit>cups</unit></amt>
          <item>Olive oil</item></ing>
        <ing>
          <amt>
            <qty>2</qty>
            <unit>teaspoons</unit></amt>
          <item>Each lime juice and white wine</item></ing></ing-div></ingredients>
    <directions>
      <step>  Rinse the chicken pieces and pat completely dry with paper toweling.
  Sprinkle with salt and freshly ground black pepper. Set aside. In a large,
  flame-proof casserole dish or a large pot suitable for table service, heat
  the oil and garlic clove over moderate heat until the garlic begins to turn
  brown. Remove the garlic and discard. Add to the hot oil the chicken, pork,
  and ham. Cook until browned evenly, about 10 minutes. Remove the chicken
  and set aside. To the pork and ham, add the chopped onion, bell pepper, and
  garlic. Saute until the onion is translucent and the pepper soft, about 5
  minutes. Add the rice, stirring well to absorb liquids. Stir in the tomato
  paste. Add the saffron water, the white wine, and the boiling water. Add
  salt, about 2 tsp., and fresh ground black pepper, about 1 tsp. to taste.
  Rinse the chicken pieces and pat completely dry with paper toweling.
  Sprinkle with salt and freshly ground black pepper. Set aside. In a large,
  flame-proof casserole dish or a large pot suitable for table service, heat
  the oil and garlic clove over moderate heat until the garlic begins to turn
  brown. Remove the garlic and discard. Add to the hot oil the chicken, pork,
  and ham. Cook until browned evenly, about 10 minutes. Remove the chicken
  and set aside. To the pork and ham, add the chopped onion, bell pepper, and
  garlic. Saute until the onion is translucent and the pepper soft, about 5
  minutes. Add the rice, stirring well to absorb liquids. Stir in the tomato
  paste. Add the saffron water, the white wine, and the boiling water. Add
  salt, about 2 tsp., and fresh ground black pepper, about 1 tsp. to taste.
  
  CASA GRANDE
  
  E. 200TH SOUTH, SALT LAKE CITY
  
  WINE: J. LOHR CHENIN BLANC, 1983
  
  From the &lt;Micro Cookbook Collection of Mexican Recipes&gt;.  Downloaded from
  Glen's MM Recipe Archive, http://www.erols.com/hosey.
 
</step></directions></recipe></recipeml>
