<?xml version="1.0" encoding="UTF-8"?>

<recipeml version="0.5">
  <recipe>
    <head>
      <title>Ahhh-Some Apple Muffins</title>
      <categories>
        <cat>Breads</cat>
        <cat>Appetizers</cat></categories>
      <yield>12</yield></head>
    <ingredients>
      <ing>
        <amt>
          <qty>1</qty>
          <unit/></amt>
        <item>Egg</item></ing>
      <ing>
        <amt>
          <qty>1/2</qty>
          <unit>cups</unit></amt>
        <item>Milk</item></ing>
      <ing>
        <amt>
          <qty>1/4</qty>
          <unit>cups</unit></amt>
        <item>Vegetable oil</item></ing>
      <ing>
        <amt>
          <qty>1/2</qty>
          <unit>cups</unit></amt>
        <item>Applesauce</item></ing>
      <ing>
        <amt>
          <qty>1 1/2</qty>
          <unit>cups</unit></amt>
        <item>Flour</item></ing>
      <ing>
        <amt>
          <qty>1/2</qty>
          <unit>cups</unit></amt>
        <item>Sugar</item></ing>
      <ing>
        <amt>
          <qty>2</qty>
          <unit>teaspoons</unit></amt>
        <item>Baking powder</item></ing>
      <ing>
        <amt>
          <qty>1/2</qty>
          <unit>teaspoons</unit></amt>
        <item>Cinnamon</item></ing>
      <ing>
        <amt>
          <qty>1/2</qty>
          <unit>teaspoons</unit></amt>
        <item>Salt</item></ing>
      <ing>
        <amt>
          <qty/>
          <unit/></amt>
        <item>from The Record Searchlight by Millie Ellis</item></ing></ingredients>
    <directions>
      <step>  Beat egg; stir in milk, oil, and applesauce.Mix in remaining ingredients
  just until flour is moistened. Batter should be lumpy. Grease muffin cups
  or line with paper baking cups; fill 2/3 full. Mix together 1/2 tsp.
  cinnamon and 2 Tbsp. sugar. Sprinkle on top of muffins. Bake in 400-degree
  oven for 20 to 25 minutes. Serve warm with fruit preserves.
  Posted to MM-Recipes Digest  by "Robert Ellis" &lt;rpearson@snowcrest.net&gt; on
  Mar 10, 1998
 
</step></directions></recipe></recipeml>
