<?xml version="1.0" encoding="UTF-8"?>

<recipeml version="0.5">
  <recipe>
    <head>
      <title>Ahi Katsu with Wasabi-Ginger Butter Sauc</title>
      <categories>
        <cat>Fish</cat></categories>
      <yield>6</yield></head>
    <ingredients>
      <ing>
        <amt>
          <qty>1/2</qty>
          <unit>pounds</unit></amt>
        <item>Fresh ahi fillet; 8-inch in length</item></ing>
      <ing>
        <amt>
          <qty>1</qty>
          <unit>bunch</unit></amt>
        <item>Spinach</item></ing>
      <ing>
        <amt>
          <qty>4</qty>
          <unit/></amt>
        <item>Sheets sushi nori</item></ing>
      <ing>
        <amt>
          <qty/>
          <unit/></amt>
        <item>Salt and pepper to taste</item></ing>
      <ing>
        <amt>
          <qty>1</qty>
          <unit>cup</unit></amt>
        <item>Flour; plus extra flour for dredging</item></ing>
      <ing>
        <amt>
          <qty>2</qty>
          <unit/></amt>
        <item>Eggs</item></ing>
      <ing>
        <amt>
          <qty>1</qty>
          <unit>cup</unit></amt>
        <item>Water</item></ing>
      <ing>
        <amt>
          <qty>2</qty>
          <unit>cups</unit></amt>
        <item>Panko</item></ing>
      <ing>
        <amt>
          <qty/>
          <unit/></amt>
        <item>Salad oil for deep frying</item></ing>
      <ing>
        <amt>
          <qty>From:</qty>
          <unit/></amt>
        <item>Judith Pirie &lt;judith@ALOHA.NET&gt;</item></ing>
      <ing>
        <amt>
          <qty>Date:</qty>
          <unit/></amt>
        <item>Wed, 26 Jun 1996 15:58:48 -1000</item></ing></ingredients>
    <directions>
      <step>  Cut ahi into four 8 x 1 x 1-inch strips. Discard spinach stems; wash and
  dry leaves. Line nori sheets with half of the spinach. Place a strip of ahi
  crosswise on leaves, top with remaining spinach. Roll and seal with water.
  Combine the 1 cup flour, eggs, and water to make a batter. Dredge rolls in
  flour, batter, and then in panko. Heat oil to 375 degree F; fry rolls until
  evenly browned. Slice each roll into 6 pieces. Place 2 tablespoons
  Wasabi-Ginger Butter Sauce on 6 individual plates; arrange 4 pieces ahi on
  each. Makes 6 servings.
  
  Guest Demonstrators: Chefs Russell Siu and James Gillespie of 3660 On The
  Rise and Kakaako Kitchen.
  
  EAT-L Digest 25 June 1996
  
  From the EAT-L recipe list.  Downloaded from Glen's MM Recipe Archive,
  http://www.erols.com/hosey.
 
</step></directions></recipe></recipeml>
