<?xml version="1.0" encoding="UTF-8"?>

<recipeml version="0.5">
  <recipe>
    <head>
      <title>Ahi Carpaccio</title>
      <categories>
        <cat>Fish</cat>
        <cat>Appetizers</cat></categories>
      <yield>4</yield></head>
    <ingredients>
      <ing>
        <amt>
          <qty>1/2</qty>
          <unit>pounds</unit></amt>
        <item>Fresh tuna, paper-thin</item></ing>
      <ing>
        <amt>
          <qty/>
          <unit/></amt>
        <item>Salt, Vinegar &amp; Oil</item></ing>
      <ing>
        <amt>
          <qty/>
          <unit/></amt>
        <item>Freshly cracked pepper</item></ing>
      <ing>
        <amt>
          <qty>1</qty>
          <unit/></amt>
        <item>Bunch arugula</item></ing>
      <ing>
        <amt>
          <qty/>
          <unit/></amt>
        <item>Grated Parmesan cheese</item></ing>
      <ing>
        <amt>
          <qty>1/2</qty>
          <unit/></amt>
        <item>Wht or blk truffle; shaved</item></ing></ingredients>
    <directions>
      <step>  Note: May use a greater amount of truffle if desired. Arrange tuna in
  overlapping slices on platter. Sprinkle with salt and drizzle with oil and
  vinegar to taste. Sprinkle with pepper. Surround tuna with wreath of
  arugula. Sprinkle grated Parmesan cheese over all. Top with truffle
  shavings.
  
  From Gemini's MASSIVE MealMaster collection at www.synapse.com/~gemini
 
</step></directions></recipe></recipeml>
