<?xml version="1.0" encoding="UTF-8"?>

<recipeml version="0.5">
  <recipe>
    <head>
      <title>Aidells Lemon Chicken Sausage Pasta</title>
      <categories>
        <cat>Pasta</cat>
        <cat>Dishes</cat></categories>
      <yield>6</yield></head>
    <ingredients>
      <ing>
        <amt>
          <qty>1</qty>
          <unit>pound</unit></amt>
        <item>Angel hair pasta</item></ing>
      <ing>
        <amt>
          <qty>4</qty>
          <unit/></amt>
        <item>Aidells Lemon Chicken</item></ing>
      <ing>
        <amt>
          <qty/>
          <unit/></amt>
        <item>Sausage -- sliced</item></ing>
      <ing>
        <amt>
          <qty>2</qty>
          <unit>tablespoons</unit></amt>
        <item>Olive oil</item></ing>
      <ing>
        <amt>
          <qty>2</qty>
          <unit/></amt>
        <item>Tomatoes, red ripe -- diced</item></ing>
      <ing>
        <amt>
          <qty>2</qty>
          <unit>tablespoons</unit></amt>
        <item>Lemon juice, fresh</item></ing>
      <ing>
        <amt>
          <qty>20</qty>
          <unit/></amt>
        <item>Leaves fresh basil -- cut</item></ing>
      <ing>
        <amt>
          <qty/>
          <unit/></amt>
        <item>Into strips</item></ing>
      <ing>
        <amt>
          <qty>5</qty>
          <unit>tablespoons</unit></amt>
        <item>Fresh parsley -- minced</item></ing>
      <ing>
        <amt>
          <qty/>
          <unit/></amt>
        <item>Salt and pepper -- to taste</item></ing>
      <ing>
        <amt>
          <qty/>
          <unit/></amt>
        <item>Parmesan cheese -- grated</item></ing></ingredients>
    <directions>
      <step>  While pasta is cooking to al dente in salted boiling water, saute sausage
  in oil for 4-6 min. until heated through.  Add tomatoes, lemon juice,
  basil, and parsley.  Drain pasta and toss with mixture until well coated.
  Season with salt and pepper and sprinkle with grated parmesan cheese.
  
  Posted to EAT-L Digest - 27 Jun 96
  
  Date:    Fri, 28 Jun 1996 10:51:10 -0700
  
  From:    "laurie@sonic.net" &lt;laurie@SONIC.NET&gt;
  
  Recipe By     : Bruce Aidell
 
</step></directions></recipe></recipeml>
