<?xml version="1.0" encoding="UTF-8"?>

<recipeml version="0.5">
  <recipe>
    <head>
      <title>Aidells Sausage Hash</title>
      <categories>
        <cat>Main dishes</cat>
        <cat>Sausage</cat></categories>
      <yield>1</yield></head>
    <ingredients>
      <ing>
        <amt>
          <qty>2</qty>
          <unit>pounds</unit></amt>
        <item>Red potatoes; cut 1/2" dice</item></ing>
      <ing>
        <amt>
          <qty>1</qty>
          <unit>large</unit></amt>
        <item>Onion; cut 1/4" dice</item></ing>
      <ing>
        <amt>
          <qty>1/2</qty>
          <unit/></amt>
        <item>Stick unsalted butter</item></ing>
      <ing>
        <amt>
          <qty>4</qty>
          <unit/></amt>
        <item>Links Aidells® Cajun Brand Andouille Sausage; cut 1/2" dice</item></ing>
      <ing>
        <amt>
          <qty>1/2</qty>
          <unit>cups</unit></amt>
        <item>Red bell pepper; cut 1/4" pieces</item></ing>
      <ing>
        <amt>
          <qty>1/2</qty>
          <unit>cups</unit></amt>
        <item>Green bell pepper; cut 1/4" pieces</item></ing>
      <ing>
        <amt>
          <qty>1/4</qty>
          <unit>teaspoons</unit></amt>
        <item>Salt</item></ing>
      <ing>
        <amt>
          <qty>1/2</qty>
          <unit>teaspoons</unit></amt>
        <item>Black pepper</item></ing>
      <ing>
        <amt>
          <qty>1/4</qty>
          <unit>teaspoons</unit></amt>
        <item>Cayenne</item></ing>
      <ing>
        <amt>
          <qty/>
          <unit/></amt>
        <item>Salt and pepper; to taste</item></ing>
      <ing>
        <amt>
          <qty>1/4</qty>
          <unit>cups</unit></amt>
        <item>Finely chopped green onions; for garnish</item></ing></ingredients>
    <directions>
      <step>  In a heavy large frying pan, saute the potatoes and onions in the batter
  over medium heat for 15 minutes, stirring occasionally. Add the sausage,
  bell peppers, salt, black pepper and cayenne, and continue frying until the
  sausage is browned, about 5 minutes. Add salt and pepper to taste and serve
  garnished with green onions.
  
  Can substitute New Mexico Brand Smoked Turkey and Chicken Sausage, Smoked
  Spicy Santa Fe Brand Turkey and Chicken Sausage, Fresh Mexican Beef Chorizo
  (removed from casing), Smoked Turkey and Chicken Sausage with Sun-Dried
  Tomatoes, etc.
  
  Recipe by: www.aidells.com
  
  Posted to recipelu-digest by "Crane C. Walden" &lt;cranew@foothill.net&gt; on Mar
  23, 1998
 
</step></directions></recipe></recipeml>
