<?xml version="1.0" encoding="UTF-8"?>

<recipeml version="0.5">
  <recipe>
    <head>
      <title>Aioli Platter</title>
      <categories>
        <cat>Cyberealm</cat>
        <cat>Mom's best</cat>
        <cat>Appetizers</cat></categories>
      <yield>12</yield></head>
    <ingredients>
      <ing>
        <amt>
          <qty>1</qty>
          <unit/></amt>
        <item>Double batch Aioli sauce</item></ing>
      <ing>
        <amt>
          <qty>6</qty>
          <unit>small</unit></amt>
        <item>Artichokes, trimmed, boiled,</item></ing>
      <ing>
        <amt>
          <qty/>
          <unit/></amt>
        <item>And chokes removed</item></ing>
      <ing>
        <amt>
          <qty>7</qty>
          <unit>pounds</unit></amt>
        <item>Cod, poached</item></ing>
      <ing>
        <amt>
          <qty>1</qty>
          <unit>pound</unit></amt>
        <item>Carpaccio (thinly sliced and pounded raw beef tender loin</item></ing>
      <ing>
        <amt>
          <qty>1/2</qty>
          <unit>pounds</unit></amt>
        <item>Snow peas, trimmed, blanced and refreshed in cold water</item></ing>
      <ing>
        <amt>
          <qty>1/2</qty>
          <unit>pounds</unit></amt>
        <item>Green beans, same as above</item></ing>
      <ing>
        <amt>
          <qty>1</qty>
          <unit>pound</unit></amt>
        <item>Carrots, cut into 2" pieces</item></ing>
      <ing>
        <amt>
          <qty>3</qty>
          <unit>pounds</unit></amt>
        <item>Cauliflower, in florets</item></ing>
      <ing>
        <amt>
          <qty>1</qty>
          <unit>pound</unit></amt>
        <item>Chick peas, cooked</item></ing>
      <ing>
        <amt>
          <qty>3</qty>
          <unit>large</unit></amt>
        <item>Red or green peppers, sliced</item></ing>
      <ing>
        <amt>
          <qty>1</qty>
          <unit>pint</unit></amt>
        <item>Cherry tomatoes</item></ing>
      <ing>
        <amt>
          <qty>1</qty>
          <unit>pound</unit></amt>
        <item>Zucchini, sliced</item></ing>
      <ing>
        <amt>
          <qty>1</qty>
          <unit>pound</unit></amt>
        <item>Small potatoes, cooked</item></ing>
      <ing>
        <amt>
          <qty>6</qty>
          <unit/></amt>
        <item>Eggs, sliced in half(cooked)</item></ing>
      <ing>
        <amt>
          <qty>4</qty>
          <unit>tablespoons</unit></amt>
        <item>Capers</item></ing>
      <ing>
        <amt>
          <qty>1/2</qty>
          <unit>cups</unit></amt>
        <item>Chopped parsley</item></ing></ingredients>
    <directions>
      <step>  1.  Spoon some of the aioli sauce into the center of each artichoke.
  
  2.  Place an aioli-filled artichoke in the middle of each plate, and
  arrange the cod, carpaccio, prepared vegetables, and eggs around it
  in a spoke-like fashion, making sure each plate has some of all.
  Sprinkle with parsley and capers.
  
  Makes 12 servings
  
  Source:  The Silver Palate Cookbook
  =======================================================================
  
                                  AIOLI SAUCE
  
  8-10   garlic cloves, peeled               2 egg yolks, room temp
  salt and freshly ground pepper             juice of 1 lemon
  1  t  Dijon mustard                        1 1/2 c oil (half olive,
                                              half peanut) at room temp
  1.  Puree garlic in a food processor or blender. Whisk the egg yolks
  in a small bowl until light and smooth, and add to the garlic. Add
  salt and pepper to taste, lemon juice, and mustard, and process to
  a smooth paste.
  
  2.  With the machine still running, add the oil, very slowly, into
  the mixture in a constant, steady stream, blending constantly. Con-
  tinue the blending until you obtain a thick, shiny, firm sauce.
  Transfer to a storage container, cover with plastic wrap, and
  refrigerate until ready to use.
  
  File ftp://ftp.idiscover.co.uk/pub/food/mealmaster/recipes/mmcyber2.zip
 
</step></directions></recipe></recipeml>
