<?xml version="1.0" encoding="UTF-8"?>

<recipeml version="0.5">
  <recipe>
    <head>
      <title>Aioli</title>
      <categories>
        <cat>Salad</cat>
        <cat>Dressings</cat></categories>
      <yield>8</yield></head>
    <ingredients>
      <ing>
        <amt>
          <qty>4</qty>
          <unit/></amt>
        <item>Garlic cloves; mashed</item></ing>
      <ing>
        <amt>
          <qty>2</qty>
          <unit/></amt>
        <item>Egg yolks</item></ing>
      <ing>
        <amt>
          <qty>1/8</qty>
          <unit>teaspoons</unit></amt>
        <item>Salt</item></ing>
      <ing>
        <amt>
          <qty>1</qty>
          <unit>cup</unit></amt>
        <item>Olive oil</item></ing>
      <ing>
        <amt>
          <qty>1</qty>
          <unit>teaspoon</unit></amt>
        <item>Vinegar</item></ing>
      <ing>
        <amt>
          <qty>1</qty>
          <unit>teaspoon</unit></amt>
        <item>Fresh lemon juice</item></ing></ingredients>
    <directions>
      <step>     Beat eggs until very thick and lemon colored. Beat in mashed garlic and
  salt. Beating constantly, add olive oil VERY SLOWLY -- literally drop by
  drop. After about half the oil has been added and the mixture is
  thickening, add vinegar and lemon juice. Then continue adding olive oil
  slowly, beating until a thick emulsion is formed.
     Aioli may be used as a garlicky alternative to mayonnaise, but is
  delicious on its own as a sauce or dip for seafood or vegetables.
  
  Recipe By     : Elizabeth Powell
  
  Posted to MC-Recipe Digest V1 #222
  
  Date: Fri, 20 Sep 1996 11:50:32 -465800
  
  From: Terry Pogue &lt;tpogue@IDS2.IDSONLINE.COM&gt;
 
</step></directions></recipe></recipeml>
