<?xml version="1.0" encoding="UTF-8"?>

<recipeml version="0.5">
  <recipe>
    <head>
      <title>Aioli Sauce - Garlic Mayonaise</title>
      <categories>
        <cat>Sauces</cat>
        <cat>Condiments</cat></categories>
      <yield>1</yield></head>
    <ingredients>
      <ing>
        <amt>
          <qty>5</qty>
          <unit/></amt>
        <item>Garlic cloves</item></ing>
      <ing>
        <amt>
          <qty>1</qty>
          <unit/></amt>
        <item>Egg, at room temperature</item></ing>
      <ing>
        <amt>
          <qty>1</qty>
          <unit>cup</unit></amt>
        <item>Olive oil, at room temp.</item></ing>
      <ing>
        <amt>
          <qty>1</qty>
          <unit>tablespoon</unit></amt>
        <item>Lemon juice</item></ing></ingredients>
    <directions>
      <step>  Crush the garlic in a food blender. Add the egg, and blend for 15 seconds.
  Very slowly add the oil through the top of the blender so that an emulsion
  can take place. Stir in the lemon juice by hand. Hint: To get the smell of
  garlic off your hands, simply rub your hands in used coffee grinds. End of
  odor. In Italy, it is common to eat a whole coffee bean after a big meal so
  that your lover will not be bothered by garlic.
  
  From Gemini's MASSIVE MealMaster collection at www.synapse.com/~gemini
 
</step></directions></recipe></recipeml>
