<?xml version="1.0" encoding="UTF-8"?>

<recipeml version="0.5">
  <recipe>
    <head>
      <title>Aioli Sauce (Spain)</title>
      <categories>
        <cat>Sauce</cat></categories>
      <yield>8</yield></head>
    <ingredients>
      <ing>
        <amt>
          <qty>8</qty>
          <unit/></amt>
        <item>Cloves garlic</item></ing>
      <ing>
        <amt>
          <qty>1</qty>
          <unit>cup</unit></amt>
        <item>Oil</item></ing>
      <ing>
        <amt>
          <qty>1/4</qty>
          <unit>teaspoons</unit></amt>
        <item>Salt</item></ing>
      <ing>
        <amt>
          <qty>2</qty>
          <unit/></amt>
        <item>Egg yolks</item></ing>
      <ing>
        <amt>
          <qty>1/4</qty>
          <unit/></amt>
        <item>Lemon; juice of</item></ing></ingredients>
    <directions>
      <step>  submitted by: LeiG@aol.com
  from: The wonderful world of Cooking
  
  This sauce is used to accompany hot or cold fish dishes.
  
  Crush garlic in press or mortar.  Add oil gradually, beating in until a
  thick heavy paste is formed.  Add salt and egg yolks.  Continue beating.
  Add juice of lemon slowly while beating. yield 1 1/2 cups
  
  Lei Gui, Bronx, NY, USA
  
  Recipe Archive - 12 August 96
  
  From the 'RECIPEinternet: Recipes from Around the World' recipe list.
  Downloaded from Glen's MM Recipe Archive, http://www.erols.com/hosey.
 
</step></directions></recipe></recipeml>
