<?xml version="1.0" encoding="UTF-8"?>

<recipeml version="0.5">
  <recipe>
    <head>
      <title>Aioli</title>
      <categories>
        <cat>Salads</cat>
        <cat>Condiment</cat>
        <cat>Classic</cat></categories>
      <yield>4</yield></head>
    <ingredients>
      <ing>
        <amt>
          <qty>2</qty>
          <unit/></amt>
        <item>Cloves garlic</item></ing>
      <ing>
        <amt>
          <qty>1/2</qty>
          <unit>cups</unit></amt>
        <item>Mayonnaise</item></ing></ingredients>
    <directions>
      <step>  Mash 2 cloves garlic to a paste with salt and stir into 1/2 cup mayonnaise.
  This Provencal classic is usually served with fish or shellfish; it is also
  excellent on new potatoes, fresh tomatoes or in a vegetable sandwich.
  
  VARIATIONs: *Use commercially made egg-free mayonnaise. *Add a little
  lemon, paprika and extra virgin olive oil. Recipe by Cooking-Lore
  Posted to MC-Recipe Digest by KitPATh &lt;phannema@wizard.ucr.edu&gt; on Feb 20,
  1998
 
</step></directions></recipe></recipeml>
