<?xml version="1.0" encoding="UTF-8"?>

<recipeml version="0.5">
  <recipe>
    <head>
      <title>Aioli-Garlic Mayonnaise</title>
      <categories>
        <cat>T</cat>
        <cat>V</cat>
        <cat>F</cat></categories>
      <yield>1</yield></head>
    <ingredients>
      <ing>
        <amt>
          <qty>2</qty>
          <unit/></amt>
        <item>Egg yolks</item></ing>
      <ing>
        <amt>
          <qty>1</qty>
          <unit>teaspoon</unit></amt>
        <item>Dijon mustard</item></ing>
      <ing>
        <amt>
          <qty>1</qty>
          <unit>tablespoon</unit></amt>
        <item>Lemon juice</item></ing>
      <ing>
        <amt>
          <qty>1</qty>
          <unit/></amt>
        <item>Clove garlic, mashed to a paste with salt</item></ing>
      <ing>
        <amt>
          <qty>1/2</qty>
          <unit>cups</unit></amt>
        <item>Vegetable oil</item></ing>
      <ing>
        <amt>
          <qty>1/2</qty>
          <unit>cups</unit></amt>
        <item>Extra virgin olive oil</item></ing>
      <ing>
        <amt>
          <qty/>
          <unit/></amt>
        <item>Salt and pepper to taste</item></ing></ingredients>
    <directions>
      <step>  Have all the ingredients at room temperature. In a small bowl, beat the egg
  yolks with the mustard, 1 tablespoon lemon juice and garlic to taste. Beat
  in 1/4 cup vegetable oil, drop by drop. This will establish the emulsion.
  The remaining vegetable oil and the extra virgin olive oil can then be
  added in a slow steady stream while you continue to beat constantly. Adjust
  seasoning with lemon juice, garlic, salt and pepper. If the mayonnaise
  seems too thick, add a drop or two of water. Cover and refrigerate until
  ready to serve. Yield: 1 cup
  Recipe By     : CHEF DU JOUR JODY ADAMS SHOW #DJ9328; TVFN
  
  Posted to MC-Recipe Digest V1 #286
  
  Date: Fri, 8 Nov 96 02:28:10 UT
  
  From: "Ed Bauman" &lt;BIRCHCREEK@msn.com&gt;
 
</step></directions></recipe></recipeml>
