<?xml version="1.0" encoding="UTF-8"?>

<recipeml version="0.5">
  <recipe>
    <head>
      <title>Aioli</title>
      <categories>
        <cat>Sauces</cat></categories>
      <yield>16</yield></head>
    <ingredients>
      <ing>
        <amt>
          <qty>4</qty>
          <unit/></amt>
        <item>Cloves garlic; minced</item></ing>
      <ing>
        <amt>
          <qty>1/4</qty>
          <unit>cups</unit></amt>
        <item>Frozen egg substitute; thawed</item></ing>
      <ing>
        <amt>
          <qty>2</qty>
          <unit>tablespoons</unit></amt>
        <item>Lemon juice</item></ing>
      <ing>
        <amt>
          <qty>1/4</qty>
          <unit>teaspoons</unit></amt>
        <item>Salt</item></ing>
      <ing>
        <amt>
          <qty>3/4</qty>
          <unit>cups</unit></amt>
        <item>Olive oil</item></ing></ingredients>
    <directions>
      <step>  In a blender container or food processor bow, combine garlic, egg product,
  lemon juice and salt. Cover and blend or process 5 seconds or till
  combines. with blender or processor running, gradually add the oil in a
  thin, steady stream. (When necessary, stop machine and use a rubber scraper
  to scrape sides.)
  
  Place in a covered container and refrigerate until ready to serve. Store
  for up to 3 days in the refrigerator. If the mixture begins to separate,
  stir before serving.
  
  Use on bread or eggs, or use on grilled meats or veggies.
  
  NOTES : Hot-And-Spicy Aioli: Add 1/2 to 1 teaspoon crushed red pepper
  before blending or processing. Green-Onion Aioli: Add 2 tablespoon sliced
  green onions before blending or processing. Serve with cold chicken or
  pork, or as a dip for raw veggies. Dill Aioli: Add 2 tablespoons snipped
  fresh dillweed before blending or processing. this is especially good with
  cold dish or potatoes.
  Recipe by: Parents Magazine 11/96
  
  Posted to MC-Recipe Digest V1 #906 by AceySta@aol.com on Nov 13, 1997
 
</step></directions></recipe></recipeml>
