<?xml version="1.0" encoding="UTF-8"?>

<recipeml version="0.5">
  <recipe>
    <head>
      <title>Aioli</title>
      <categories>
        <cat>Condiments</cat>
        <cat>Sauces</cat></categories>
      <yield>1</yield></head>
    <ingredients>
      <ing>
        <amt>
          <qty>3</qty>
          <unit/></amt>
        <item>Egg yolks</item></ing>
      <ing>
        <amt>
          <qty>6</qty>
          <unit/></amt>
        <item>Cloves garlic</item></ing>
      <ing>
        <amt>
          <qty>1</qty>
          <unit>tablespoon</unit></amt>
        <item>Lemon juice</item></ing>
      <ing>
        <amt>
          <qty>1/3</qty>
          <unit>teaspoons</unit></amt>
        <item>Salt</item></ing>
      <ing>
        <amt>
          <qty>1</qty>
          <unit>dash</unit></amt>
        <item>Tabasco</item></ing>
      <ing>
        <amt>
          <qty>1</qty>
          <unit>dash</unit></amt>
        <item>Worcestershire sauce</item></ing>
      <ing>
        <amt>
          <qty>1/4</qty>
          <unit>teaspoons</unit></amt>
        <item>Freshly ground black pepper</item></ing>
      <ing>
        <amt>
          <qty>1</qty>
          <unit>cup</unit></amt>
        <item>Extra virgin olive oil</item></ing>
      <ing>
        <amt>
          <qty>3</qty>
          <unit>tablespoons</unit></amt>
        <item>Boiling water</item></ing></ingredients>
    <directions>
      <step>  1. Mix yolks, garlic, lemon, salt and pepper in a food processor. Blend for
        3    minutes.
  
  2. Dribble oil in until it begins to thicken and is beginning to blend.
  
  3. Add the rest of the oil.
  
  4. Add in seasonings to taste.
  
  5. Finish with boiling water and refrigerate immediately.
  
  Notes: For this tasty, tangy French-style garlic mayonnaise, use only
  top-quality, extra virgin olive oil and fresh-squeezed lemon juice.
  Posted to recipelu-digest Volume 01 Number 434 by RecipeLu
  &lt;recipelu@geocities.com&gt; on Jan 02, 1998
 
</step></directions></recipe></recipeml>
