<?xml version="1.0" encoding="UTF-8"?>

<recipeml version="0.5">
  <recipe>
    <head>
      <title>Air or Meringue Cookies</title>
      <categories>
        <cat>Cookies</cat>
        <cat>Low fat</cat></categories>
      <yield>6</yield></head>
    <ingredients>
      <ing>
        <amt>
          <qty>3</qty>
          <unit/></amt>
        <item>Egg whites</item></ing>
      <ing>
        <amt>
          <qty>1/4</qty>
          <unit>teaspoons</unit></amt>
        <item>Cream of tartar</item></ing>
      <ing>
        <amt>
          <qty>3/4</qty>
          <unit>cups</unit></amt>
        <item>Sugar</item></ing>
      <ing>
        <amt>
          <qty>3</qty>
          <unit>tablespoons</unit></amt>
        <item>Cocoa</item></ing></ingredients>
    <directions>
      <step>  1. Beat egg whites with cream of tartar in large mixing bowl until
  foamy. 2. Add sugar, 1 T. at a time. Beat at hightest speed until
  stiff and glossy. Do NOT underbeat. Remove 3/4 c. meringue to small
  mixing bowl; set aside. 3. Stir cocoa into meringue in large mixing
  bowl until thoroughly combined. Drop cocoa flavored meringue by level
  measuring tablespoon, about 1 1/2 inches apart, onto aluminum foil
  lined baking sheets. Make small indentation in center of each with
  top of teaspoon. 4. Spoon 1/2 teaspoon reserved plain meringue into
  each indentation. Bake at 275 degrees for 25 minutes. Turn off oven;
  leave meringues in oven with door closed for 1 hour. Remove from
  oven. Cool completely. Makes about 3 dozen cookies.
  Posted to MM-Recipes Digest V3 #249
  
  Date: Wed, 11 Sep 1996 17:28:56 -0400
  
  From: BobbieB1@aol.com
 
</step></directions></recipe></recipeml>
