<?xml version="1.0" encoding="UTF-8"?>

<recipeml version="0.5">
  <recipe>
    <head>
      <title>Airy White Bread</title>
      <categories>
        <cat>White</cat></categories>
      <yield>1</yield></head>
    <ingredients>
      <ing>
        <amt>
          <qty>1 1/4</qty>
          <unit>cups</unit></amt>
        <item>Milk</item></ing>
      <ing>
        <amt>
          <qty>2</qty>
          <unit>teaspoons</unit></amt>
        <item>Shortening (used stick oleo)</item></ing>
      <ing>
        <amt>
          <qty>3</qty>
          <unit>cups</unit></amt>
        <item>Bread flour</item></ing>
      <ing>
        <amt>
          <qty>1</qty>
          <unit>tablespoon</unit></amt>
        <item>Sugar</item></ing>
      <ing>
        <amt>
          <qty>3/4</qty>
          <unit>teaspoons</unit></amt>
        <item>Salt</item></ing>
      <ing>
        <amt>
          <qty>1</qty>
          <unit>teaspoon</unit></amt>
        <item>Yeast</item></ing></ingredients>
    <directions>
      <step>  Add ingredients to machine according to manufacturer's directions.
  
  Per serving: 74 calories; 3 g protein; 14 g carbohydrate; 1 g fat (0.0 g
  saturated); 1 mg cholesterol; 73 mg sodium; 39 g potassium.
  
  BF: This is the best loaf of light, airy bread that I have made in my ABM.
  I wish I could say what ABM Bread book it came from, but I got the recipe
  before I was concerned about such things.  Never made it until now.
  
  Author unknown.  U/L to Cooking by Burt Ford.   3/95 4/95 7/95 1/96 POUR
  PAT STOCKETT
  
  Judith Vonneumann pooh4jvn@catlover.com
  Posted to MM-Recipes Digest  by Cathleen &lt;catht@interlog.com&gt; on Mar 25,
  1998
 
</step></directions></recipe></recipeml>
