<?xml version="1.0" encoding="UTF-8"?>

<recipeml version="0.5">
  <recipe>
    <head>
      <title>Baked Oysters Lafitte</title>
      <categories>
        <cat>Seafood</cat></categories>
      <yield>4</yield></head>
    <ingredients>
      <ing>
        <amt>
          <qty>16</qty>
          <unit/></amt>
        <item>Fresh oysters</item></ing>
      <ing>
        <amt>
          <qty>2</qty>
          <unit>tablespoons</unit></amt>
        <item>Butter</item></ing>
      <ing>
        <amt>
          <qty>2</qty>
          <unit/></amt>
        <item>Shallots; finely chopped</item></ing>
      <ing>
        <amt>
          <qty>1</qty>
          <unit/></amt>
        <item>Clove garlic; finely chopped</item></ing>
      <ing>
        <amt>
          <qty>1/4</qty>
          <unit>cups</unit></amt>
        <item>White wine</item></ing>
      <ing>
        <amt>
          <qty>2</qty>
          <unit>cups</unit></amt>
        <item>Heavy (whipping) cream</item></ing>
      <ing>
        <amt>
          <qty>1/2</qty>
          <unit>teaspoons</unit></amt>
        <item>White pepper</item></ing>
      <ing>
        <amt>
          <qty/>
          <unit/></amt>
        <item>Salt to taste</item></ing>
      <ing>
        <amt>
          <qty>2</qty>
          <unit/></amt>
        <item>Sprigs fresh dill</item></ing>
      <ing>
        <amt>
          <qty>1</qty>
          <unit>tablespoon</unit></amt>
        <item>Grated Parmesan cheese</item></ing>
      <ing>
        <amt>
          <qty>8</qty>
          <unit>ounces</unit></amt>
        <item>Crab meat; shredded</item></ing>
      <ing>
        <amt>
          <qty/>
          <unit/></amt>
        <item>Grated parmesan cheese; as needed</item></ing>
      <ing>
        <amt>
          <qty/>
          <unit/></amt>
        <item>Minced parsley for garnish</item></ing></ingredients>
    <directions>
      <step>  Clean and shuck oysters, leaving meat on a half shell. Shuck the oysters
  over a bowl in order to reserve as much of the juice as possible. Set
  aside. In a skillet over medium heat, melt butter. Saute the shallots and
  garlic until soft and translucent. Add the wine and reduce to a thick
  syrup. Add the cream and reserved oyster juice. Reduce until the cream is
  slightly thickened. Add the white pepper and salt to taste. Add the dill
  and cheese. Blend well and remove from the heat. Arrange the oysters on the
  half-shell on a baking sheet. Top with the shredded crab meat. Top with 1
  to 2 teaspoons of the cream sauce. Sprinkle with grated Parmesan cheese to
  taste. Bake in 375 F oven until the sauce is bubbling and the cheese has
  begun to brown. Sprinkle oysters with minced parsley and serve.
  
  NEW ORLEANS CAFE
  
  WEST 200TH SOUTH, SALT LAKE CITY
  
  WINE:J PHLEPS SAUVIGNON BLANC 82
  
  From the &lt;Micro Cookbook Collection of American recipes&gt;, downloaded from
  Glen's MM Recipe Archive, http://www.erols.com/hosey.
 
</step></directions></recipe></recipeml>
