<?xml version="1.0" encoding="UTF-8"?>

<recipeml version="0.5">
  <recipe>
    <head>
      <title>Baked New Potato Salad with Peanuts and Mustard Dressing</title>
      <categories>
        <cat>Salads</cat>
        <cat>Vegetables</cat></categories>
      <yield>8</yield></head>
    <ingredients>
      <ing>
        <amt>
          <qty>1/3</qty>
          <unit>cups</unit></amt>
        <item>Red-skinned peanuts</item></ing>
      <ing>
        <amt>
          <qty>2</qty>
          <unit>pounds</unit></amt>
        <item>Small red new potatoes scrubbed</item></ing>
      <ing>
        <amt>
          <qty>1</qty>
          <unit>tablespoon</unit></amt>
        <item>Olive oil</item></ing>
      <ing>
        <amt>
          <qty>1/8</qty>
          <unit>teaspoons</unit></amt>
        <item>Salt</item></ing>
      <ing>
        <amt>
          <qty/>
          <unit/></amt>
        <item>Freshly ground black pepper to taste</item></ing>
      <ing>
        <amt>
          <qty>1</qty>
          <unit>tablespoon</unit></amt>
        <item>Rice vinegar</item></ing>
      <ing>
        <amt>
          <qty>1/3</qty>
          <unit>cups</unit></amt>
        <item>Minced red onion</item></ing>
      <ing>
        <amt>
          <qty>1</qty>
          <unit>large</unit></amt>
        <item>Carrot; sliced on the diagonal 1/4-inch thick</item></ing>
      <ing>
        <amt>
          <qty>2</qty>
          <unit>medium</unit></amt>
        <item>Ribs celery; sliced on the diagonal 1/4-inch thick</item></ing>
      <ing>
        <amt>
          <qty>1/2</qty>
          <unit>cups</unit></amt>
        <item>Light mayonnaise</item></ing>
      <ing>
        <amt>
          <qty>1/2</qty>
          <unit>cups</unit></amt>
        <item>Plain low-fat yogurt</item></ing>
      <ing>
        <amt>
          <qty>2</qty>
          <unit>tablespoons</unit></amt>
        <item>Finely chopped cilantro fresh, or parsley</item></ing>
      <ing>
        <amt>
          <qty>1</qty>
          <unit>tablespoon</unit></amt>
        <item>Grainy mustard</item></ing>
      <ing>
        <amt>
          <qty>1</qty>
          <unit>tablespoon</unit></amt>
        <item>Dijon mustard</item></ing>
      <ing>
        <amt>
          <qty>1/2</qty>
          <unit>teaspoons</unit></amt>
        <item>Ground cumin</item></ing></ingredients>
    <directions>
      <step>  1. Put the peanuts in a small baking pan and toast in a preheated
  350-degree F oven 5 minutes, or until the skins start to crack.  Cool
  slightly.  Rub in a kitchen towel to remove the skins; chop coarsely. 2.
  Cut the potatoes into quarters and place in a baking pan.  Toss with the
  olive oil, salt and several grindings of pepper.  Bake in a preheated
  375-degree F oven 30 minutes or until tender.  Stir occasionally. Remove
  from the oven, toss with the vinegar and cool. 3. Place the diced red onion
  in a small bowl and cover with ice-water. Let sit 20 minutes to reduce the
  acidity.  Drain and squeeze out the excess moisture with a paper towel.
  Bring a small pan of water to a boil, add the carrots and time for 2
  minutes.  Drain and rinse with cold water to stop the cooking. Pat dry. 4.
  Combine the cooled potatoes, onion, carrots and celery in a large bowl.
  Stir together the mayonnaise, yogurt, cilantro, mustards, cumin and several
  grindings black pepper.  Combine with the vegetables and refrigerate. Stir
  in the peanuts just before serving.
  
  File ftp://ftp.idiscover.co.uk/pub/food/mealmaster/recipes/mmdjaxxx.zip
 
</step></directions></recipe></recipeml>
