<?xml version="1.0" encoding="UTF-8"?>

<recipeml version="0.5">
  <recipe>
    <head>
      <title>Baked Marmalade Pancake</title>
      <categories>
        <cat>Desserts</cat></categories>
      <yield>4</yield></head>
    <ingredients>
      <ing>
        <amt>
          <qty>2</qty>
          <unit/></amt>
        <item>Eggs</item></ing>
      <ing>
        <amt>
          <qty>1/2</qty>
          <unit>cups</unit></amt>
        <item>All-purpose flour</item></ing>
      <ing>
        <amt>
          <qty>1/2</qty>
          <unit>cups</unit></amt>
        <item>Milk</item></ing>
      <ing>
        <amt>
          <qty>1/4</qty>
          <unit>teaspoons</unit></amt>
        <item>Almond or vanilla extract</item></ing>
      <ing>
        <amt>
          <qty>1/4</qty>
          <unit>pounds</unit></amt>
        <item>Unsalted butter</item></ing>
      <ing>
        <amt>
          <qty>6</qty>
          <unit>tablespoons</unit></amt>
        <item>Orange marmalade =OR=- any citrus marmalade</item></ing>
      <ing>
        <amt>
          <qty>2</qty>
          <unit>tablespoons</unit></amt>
        <item>Confectioners' sugar</item></ing></ingredients>
    <directions>
      <step>  Preheat the oven to 400 F.  In a medium bowl, whisk the eggs, flour, milk
  and almond extract until blended. Melt the butter in a large ovenproof
  skillet over moderate heat. Remove the skillet from the heat and pour in
  the batter, tilting to cover the bottom of the pan evenly. Immediately
  place in the oven and bake for 15 minutes, or until puffed and golden
  brown. Transfer to a serving plate, spread with the marmalade and dust with
  the sugar; serve immediately.
  
  From Gemini's MASSIVE MealMaster collection at www.synapse.com/~gemini
 
</step></directions></recipe></recipeml>
