<?xml version="1.0" encoding="UTF-8"?>

<recipeml version="0.5">
  <recipe>
    <head>
      <title>Baked Orange French Toast</title>
      <categories>
        <cat>None</cat></categories>
      <yield>1</yield></head>
    <ingredients>
      <ing>
        <amt>
          <qty>4</qty>
          <unit/></amt>
        <item>Eggs</item></ing>
      <ing>
        <amt>
          <qty>2/3</qty>
          <unit>cups</unit></amt>
        <item>Orange juice; freshly squeezed</item></ing>
      <ing>
        <amt>
          <qty>1/3</qty>
          <unit>cups</unit></amt>
        <item>Milk</item></ing>
      <ing>
        <amt>
          <qty>1/4</qty>
          <unit>cups</unit></amt>
        <item>Sugar</item></ing>
      <ing>
        <amt>
          <qty>1/4</qty>
          <unit>teaspoons</unit></amt>
        <item>Ground nutmeg</item></ing>
      <ing>
        <amt>
          <qty>1/2</qty>
          <unit>teaspoons</unit></amt>
        <item>Vanilla</item></ing>
      <ing>
        <amt>
          <qty>8</qty>
          <unit/></amt>
        <item>1 inch slice French toast</item></ing>
      <ing>
        <amt>
          <qty>1/3</qty>
          <unit>cups</unit></amt>
        <item>Butter or margarine</item></ing>
      <ing>
        <amt>
          <qty>1/2</qty>
          <unit>cups</unit></amt>
        <item>Pecan pieces</item></ing></ingredients>
    <directions>
      <step>  Confectioners' sugar, orange slices and mint for garnish.
  
  With a wire whisk, beat together eggs, orange juice, milk, sugar, nutmeg
  and vanilla. Place bread in single layer to fit tightly in a 9x13 inch
  casserole dish. Pour milk mixture over bread. Cover and refrigerate
  overnight, turning once.
  
  Preheat oven to 400 degrees. Pour melted butter into a different 9x13 inch
  casserole dish. Spread butter evenly. Arrange soaked bread in a single
  layer in the casserole dish. Sprinkle with pecan pieces. Bake until golden
  brown, about 20-25 minutes. When removed from oven, sprinkle with hint of
  confectioners' sugar for presentation. Garnish with orange slices and fresh
  mint. Serve with warm maple syrup or fresh fruit. Makes 4 servings.
  
  The McKay House innkeepers add a "secret" ingredient that makes this recipe
  unique. Guests enjoy trying to "guess" what the ingredient is. However, if
  prepared in the above manner, you will still enjoy this wonderful dish, but
  their "secret" ingredient has been left out!
  
  Recipe by: McKay House Bed &amp; Breakfast Inn, Jefferson, Texas
  
  Posted to TNT Recipes Digest by "Joyce Bennis" &lt;Joyce_B@email.msn.com&gt; on
  Mar 23, 1998
 
</step></directions></recipe></recipeml>
