<?xml version="1.0" encoding="UTF-8"?>

<recipeml version="0.5">
  <recipe>
    <head>
      <title>Baked or Grilled Onions</title>
      <categories>
        <cat>New</cat>
        <cat>Text</cat>
        <cat>Import</cat></categories>
      <yield>1</yield></head>
    <ingredients>
      <ing>
        <amt>
          <qty>6</qty>
          <unit>medium</unit></amt>
        <item>Onions,; peeled</item></ing>
      <ing>
        <amt>
          <qty>6</qty>
          <unit>tablespoons</unit></amt>
        <item>Butter or oil</item></ing>
      <ing>
        <amt>
          <qty/>
          <unit/></amt>
        <item>Salt</item></ing>
      <ing>
        <amt>
          <qty/>
          <unit/></amt>
        <item>Freshly ground black pepper</item></ing></ingredients>
    <directions>
      <step>  Preheat oven to 400 degrees.
  
  Halve the onions and arrange them in a greased baking dish or on a greased
  grill rack, dot with butter, and cook until tinged with black and brown,
  nearly charred, for 45 minutes to 1 hour and 15 minutes, brushing with more
  butter or oil as necessary to keep moist. Season with salt and pepper.
  Serve hot or chilled.
  
  Yield: Serves 6
  Recipe By     :NATHALIE DUPREE COOKS SHOW#ND7104
  
  Posted to MC-Recipe Digest V1 #285
  
  Date: Fri, 8 Nov 1996 08:45:09 -0500
  
  From: Meg Antczak &lt;meginny@frontiernet.net&gt;
 
</step></directions></recipe></recipeml>
