<?xml version="1.0" encoding="UTF-8"?>

<recipeml version="0.5">
  <recipe>
    <head>
      <title>Baked Pears with Sherry Custard Sauce and Amaretti Snow</title>
      <categories>
        <cat>Ew</cat>
        <cat>Text</cat>
        <cat>Import</cat></categories>
      <yield>1</yield></head>
    <ingredients>
      <ing-div>
        <title/>
        <ing>
          <amt>
            <qty>1/3</qty>
            <unit>cups</unit></amt>
          <item>Golden raisins</item></ing>
        <ing>
          <amt>
            <qty>1/3</qty>
            <unit>cups</unit></amt>
          <item>Fruity, slightly sweet wine such as Riesling or Gewurztraminer</item></ing>
        <ing>
          <amt>
            <qty>8</qty>
            <unit/></amt>
          <item>Medium-tart baking pears,; peeled and cored</item></ing>
        <ing>
          <amt>
            <qty>1/2</qty>
            <unit>cups</unit></amt>
          <item>Toasted pine nuts</item></ing>
        <ing>
          <amt>
            <qty>1/3</qty>
            <unit>cups</unit></amt>
          <item>Melted unsalted butter</item></ing>
        <ing>
          <amt>
            <qty>1/2</qty>
            <unit>cups</unit></amt>
          <item>Light-brown sugar</item></ing>
        <ing>
          <amt>
            <qty>1/2</qty>
            <unit>cups</unit></amt>
          <item>Dry white wine</item></ing>
        <ing>
          <amt>
            <qty>1</qty>
            <unit>teaspoon</unit></amt>
          <item>Grated lemon zest</item></ing>
        <ing>
          <amt>
            <qty/>
            <unit/></amt>
          <item>Sherry Custard Sauce (recipe follows)</item></ing>
        <ing>
          <amt>
            <qty/>
            <unit/></amt>
          <item>Amaretti Cookies, crushed (recipe follows)</item></ing></ing-div>
      <ing-div>
        <title>GARNISH</title>
        <ing>
          <amt>
            <qty>8</qty>
            <unit>large</unit></amt>
          <item>Mint sprigs,; if desired.</item></ing></ing-div></ingredients>
    <directions>
      <step>  Preheat the oven to 375 degrees. In a small saucepan, combine the raisins
  and wine and bring to a simmer. Remove from the heat and let stand 15
  minutes to allow the raisins to plump. Strain the raisins and drain well,
  reserving any liquid. Place the pears in a baking dish just large enough to
  hold them. Combine the raisins with the pine nuts and fill the cavities of
  the pears. Put the butter, brown sugar, white wine, lemon zest and the
  reserved raisin liquid in the saucepan and simmer to melt the sugar,
  approximately 2 minutes. Drizzle over the pears. Bake for 25 to 30 minutes
  or until the pears are tender when pierced with a toothpick, basting
  occasionally with the juices. Serve the warm pears in shallow wide-rimmed
  bowls. Spoon the Sherry Custard Sauce around and sprinkle with crushed
  Amaretti Cookies. Garnish with the mint sprigs, if desired.
  
  Yield: 8 servings
  Recipe By     :COOK'S CHOICE SHOW #CH1215
  
  Posted to MC-Recipe Digest V1 #250
  
  Date: Fri, 18 Oct 1996 12:45:37 -0400
  
  From: Meg Antczak &lt;meginny@frontiernet.net&gt;
 
</step></directions></recipe></recipeml>
