<?xml version="1.0" encoding="UTF-8"?>

<recipeml version="0.5">
  <recipe>
    <head>
      <title>Baked Noodles - Mlinci</title>
      <categories>
        <cat>Pasta</cat>
        <cat>Ethnic</cat></categories>
      <yield>6</yield></head>
    <ingredients>
      <ing>
        <amt>
          <qty/>
          <unit/></amt>
        <item>INGREDIENTS</item></ing>
      <ing>
        <amt>
          <qty>1/2</qty>
          <unit>cups</unit></amt>
        <item>Water, lukewarm</item></ing>
      <ing>
        <amt>
          <qty>1/4</qty>
          <unit/></amt>
        <item>Cake yeast, (or 1/4 tsp. dry pkg yeast)</item></ing>
      <ing>
        <amt>
          <qty>1</qty>
          <unit/></amt>
        <item>Egg, beaten</item></ing>
      <ing>
        <amt>
          <qty>1</qty>
          <unit>tablespoon</unit></amt>
        <item>Salad oil</item></ing>
      <ing>
        <amt>
          <qty>1</qty>
          <unit>teaspoon</unit></amt>
        <item>Salt</item></ing>
      <ing>
        <amt>
          <qty>2 1/2</qty>
          <unit>cups</unit></amt>
        <item>Flour</item></ing></ingredients>
    <directions>
      <step>  Source:Treasured Slovenian &amp; International Recipes
  
  DIRECTIONS Crumble yeast into lukewarm water and add beaten egg, salt,
  salad oil and flour. Knead well to make a medium dough. Roll out into
  rounds as for noodles, only not quite so thin. Pierce each round with a
  fork and bake in oven at 325 F until a delicate brown on both sides.
  "Mlinci" are baked on the lowest rack in the oven and must be turned. When
  baked, cool and break the "mlinci" into a large bowl. Pour over enough
  salted boiling water to cover and let stand for two minutes. Pour off water
  into another bowl and drain "mlinci" dry. Once again pour on same water and
  allow to absorb about one hour. Pour hot melted butter over "mlinci" and
  serve. You may substitute poultry or pork roast drippings for butter.
  
  From Gemini's MASSIVE MealMaster collection at www.synapse.com/~gemini
 
</step></directions></recipe></recipeml>
