<?xml version="1.0" encoding="UTF-8"?>

<recipeml version="0.5">
  <recipe>
    <head>
      <title>Baked Orange-Pineapple</title>
      <categories>
        <cat>Desserts</cat>
        <cat>Fruits</cat></categories>
      <yield>1</yield></head>
    <ingredients>
      <ing>
        <amt>
          <qty>1/2</qty>
          <unit>cups</unit></amt>
        <item>Butter or oleo</item></ing>
      <ing>
        <amt>
          <qty>1</qty>
          <unit>cup</unit></amt>
        <item>Sugar</item></ing>
      <ing>
        <amt>
          <qty>4</qty>
          <unit/></amt>
        <item>Eggs</item></ing>
      <ing>
        <amt>
          <qty>11</qty>
          <unit>ounces</unit></amt>
        <item>Can Mandarin oranges; drained</item></ing>
      <ing>
        <amt>
          <qty>13</qty>
          <unit>ounces</unit></amt>
        <item>Crushed pineapple; drained</item></ing>
      <ing>
        <amt>
          <qty>5</qty>
          <unit>slices</unit></amt>
        <item>White bread; cubed</item></ing></ingredients>
    <directions>
      <step>  Cream together butter and sugar until light. Add eggs one at a time and
  beat well. Stir in oranges, pineapple and bread cubes. Turn into a greased
  1 3/4 qt.casserole and bake at 350 degrees for 50 -60 minutes or until
  golden brown. Makes 6 servings.
  
  Note: I always double this recipe. It is especially good with baked ham or
  roast pork.
  
  Posted to recipelu-digest by P&amp;S Gruenwald &lt;sitm@ne.infi.net&gt; on Feb 23,
  1998
 
</step></directions></recipe></recipeml>
