<?xml version="1.0" encoding="UTF-8"?>

<recipeml version="0.5">
  <recipe>
    <head>
      <title>Baked Mashed Potatoes and Yams W/garlic And Parmesan</title>
      <categories>
        <cat>Side</cat>
        <cat>Dishes -</cat>
        <cat>Vegetables</cat></categories>
      <yield>6</yield></head>
    <ingredients>
      <ing>
        <amt>
          <qty>8</qty>
          <unit>large</unit></amt>
        <item>Garlic cloves, unpeeled</item></ing>
      <ing>
        <amt>
          <qty>3 1/2</qty>
          <unit>tablespoons</unit></amt>
        <item>Olive oil</item></ing>
      <ing>
        <amt>
          <qty>1 1/2</qty>
          <unit>pounds</unit></amt>
        <item>Russet potatoes, peeled, cut into 2" pieces</item></ing>
      <ing>
        <amt>
          <qty>1 1/4</qty>
          <unit>pounds</unit></amt>
        <item>Yams*, cut into 2" pieces</item></ing>
      <ing>
        <amt>
          <qty>1/2</qty>
          <unit>cups</unit></amt>
        <item>Milk</item></ing>
      <ing>
        <amt>
          <qty>2</qty>
          <unit>tablespoons</unit></amt>
        <item>Butter</item></ing>
      <ing>
        <amt>
          <qty>1</qty>
          <unit/></amt>
        <item>Generous tsp minced fresh rosemary -or-</item></ing>
      <ing>
        <amt>
          <qty>1/2</qty>
          <unit>teaspoons</unit></amt>
        <item>Dried</item></ing>
      <ing>
        <amt>
          <qty>6</qty>
          <unit>tablespoons</unit></amt>
        <item>Parmesan cheese, freshly grated</item></ing></ingredients>
    <directions>
      <step>  *red skinned sweet potatoes.
  
  Preheat oven to 350. Place garlic in a small ovenproof cup or ramekin.
  Drizzle 2 tablespoons olive oil over. Bake until garlic is very soft, about
  25 minutes. Cool; peel garlic, reserving oil in cup.
  
  Brush 8" x 8" x 2" glass baking dish with 1/2 tablespoon olive oil. Cook
  all potatoes in a large pot of boiling salted water until tender, about 25
  minutes. Drain, reserving 1 cup cooking liquid. Return all potatoes to the
  same pot.
  
  Add milk, butter, rosemary, roasted garlic and reserved oil to potatoes.
  Mash until smooth anbd fluffy, adding enough reserved cooking liquid to
  thin to desired consistency. Mix in 3 tablespoons cheese. Season with salt
  and pepper. Spoon potatoes into prepared dish. Sprinkle 3 tablespoons
  cheese over; drizzle with 1 tablespoon oil. Can be made 2 hours ahead.
  Cover and let stand at room temperature.
  
  Preheat oven to 350. Bake potatoes uncovered until heated through and
  golden on top, about 45 minutes.
  Posted to FOODWINE Digest 16 Dec 96
  
  Recipe by: Laura Hunter
  
  From:    Laura Hunter &lt;LHunter722@AOL.COM&gt;
  
  Date:    Tue, 17 Dec 1996 07:58:50 -0500
 
</step></directions></recipe></recipeml>
