<?xml version="1.0" encoding="UTF-8"?>

<recipeml version="0.5">
  <recipe>
    <head>
      <title>Baked Peanut Butter Pie</title>
      <categories>
        <cat>Desserts</cat>
        <cat>Pies</cat></categories>
      <yield>6</yield></head>
    <ingredients>
      <ing>
        <amt>
          <qty>1</qty>
          <unit>cup</unit></amt>
        <item>Corn syrup, dark</item></ing>
      <ing>
        <amt>
          <qty>1</qty>
          <unit>cup</unit></amt>
        <item>Sugar, granulated</item></ing>
      <ing>
        <amt>
          <qty>1/2</qty>
          <unit>teaspoons</unit></amt>
        <item>Vanilla</item></ing>
      <ing>
        <amt>
          <qty>3</qty>
          <unit/></amt>
        <item>Egg; slightly beaten</item></ing>
      <ing>
        <amt>
          <qty>1/2</qty>
          <unit>cups</unit></amt>
        <item>Peanut butter, creamy</item></ing>
      <ing>
        <amt>
          <qty>1</qty>
          <unit/></amt>
        <item>Pie shell, 9"; unbaked</item></ing></ingredients>
    <directions>
      <step>  Blend the corn syrup, sugar, vanilla, eggs, and peanut butter and pour into
  the unbaked crust. Bake in a 400 degree oven 15 minutes, then lower the
  temperature to 350 degrees and continue baking 30 to 35 minutes more. The
  center should look "wobbly"; it will set as the pie cools.
  
  From Gemini's MASSIVE MealMaster collection at www.synapse.com/~gemini
 
</step></directions></recipe></recipeml>
