<?xml version="1.0" encoding="UTF-8"?>

<recipeml version="0.5">
  <recipe>
    <head>
      <title>Baked Onions</title>
      <categories>
        <cat>Vegetables</cat></categories>
      <yield>1</yield></head>
    <ingredients>
      <ing>
        <amt>
          <qty>6</qty>
          <unit>medium</unit></amt>
        <item>Yellow onions</item></ing>
      <ing>
        <amt>
          <qty>2</qty>
          <unit>quarts</unit></amt>
        <item>Chicken stock</item></ing>
      <ing>
        <amt>
          <qty>3</qty>
          <unit>tablespoons</unit></amt>
        <item>Butter; melted</item></ing>
      <ing>
        <amt>
          <qty>1/2</qty>
          <unit>teaspoons</unit></amt>
        <item>Paprika</item></ing>
      <ing>
        <amt>
          <qty>1/4</qty>
          <unit>teaspoons</unit></amt>
        <item>Freshly ground pepper</item></ing>
      <ing>
        <amt>
          <qty>1/4</qty>
          <unit>teaspoons</unit></amt>
        <item>Salt crumb topping-----</item></ing>
      <ing>
        <amt>
          <qty>2</qty>
          <unit>tablespoons</unit></amt>
        <item>Butter; melted</item></ing>
      <ing>
        <amt>
          <qty>1/2</qty>
          <unit>cups</unit></amt>
        <item>Bread crumbs</item></ing>
      <ing>
        <amt>
          <qty>1/2</qty>
          <unit>teaspoons</unit></amt>
        <item>Salt</item></ing>
      <ing>
        <amt>
          <qty>1/8</qty>
          <unit>teaspoons</unit></amt>
        <item>Dried thyme; whole</item></ing></ingredients>
    <directions>
      <step>  Peel onions but leave them whole. Place the peeled onions in a large pot
  and add the chicken stock. Bring to a boil, over, and simmer gently for 30
  minutes. Carefully drain the onions, reserving the stock for another use.
  Place the onions in a shallow oven proof baking dish so that they fit
  comfortably. Combine the melted butter, paprika, black pepper, salt, and
  pour the mixture over the onions. Turn the onions so that they all are
  coated with the seasoned butter mixture. Bake in a preheated 400 oven for
  15 minutes. Mix together the ingredients for the crumb topping and sprinkle
  it over the onions and bake for 15 minutes more. busted by sooz
  Posted to recipelu-digest Volume 01 Number 179 by James and Susan Kirkland
  &lt;kirkland@gj.net&gt; on Oct 29, 1997
 
</step></directions></recipe></recipeml>
