<?xml version="1.0" encoding="UTF-8"?>

<recipeml version="0.5">
  <recipe>
    <head>
      <title>Baked Onions</title>
      <categories>
        <cat>Vegetable</cat></categories>
      <yield>1</yield></head>
    <ingredients>
      <ing>
        <amt>
          <qty>1</qty>
          <unit>cup</unit></amt>
        <item>Clarified butter</item></ing>
      <ing>
        <amt>
          <qty>3</qty>
          <unit>pounds</unit></amt>
        <item>Onions; peeled and sliced</item></ing></ingredients>
    <directions>
      <step>  From: ltsilver@borg.com (LT Silverman)
  
  Date: Wed, 10 Jul 1996 14:49:57 -0400
  1. Preheat oven to 350 degrees F. (moderate).
  
  2. Stir butter into onions in a 9 X 13-inch baking pan.
  
  3. Bake for 1 1/2 hours, or until golden brown in color. Stir occasionally.
  
  4. Cool. Refrigerate until needed. (May be stored in refrigerator for up to
        2    weeks.) Makes 1 quart.
  
  JEWISH-FOOD digest 250
  
  From the Jewish Food recipe list.  Downloaded from Glen's MM Recipe
  Archive, http://www.erols.com/hosey.
 
</step></directions></recipe></recipeml>
