<?xml version="1.0" encoding="UTF-8"?>

<recipeml version="0.5">
  <recipe>
    <head>
      <title>Baked Pinapple</title>
      <categories>
        <cat>Sauce</cat></categories>
      <yield>6</yield></head>
    <ingredients>
      <ing>
        <amt>
          <qty>1</qty>
          <unit>can</unit></amt>
        <item>(16-oz) crushed pineapple; drained</item></ing>
      <ing>
        <amt>
          <qty>3</qty>
          <unit/></amt>
        <item>Eggs</item></ing>
      <ing>
        <amt>
          <qty>1/2</qty>
          <unit>cups</unit></amt>
        <item>Sugar</item></ing>
      <ing>
        <amt>
          <qty>1</qty>
          <unit>tablespoon</unit></amt>
        <item>Flour</item></ing>
      <ing>
        <amt>
          <qty>1/4</qty>
          <unit>pounds</unit></amt>
        <item>Butter</item></ing>
      <ing>
        <amt>
          <qty>6</qty>
          <unit>slices</unit></amt>
        <item>Bread; cubed</item></ing></ingredients>
    <directions>
      <step>  Mix pineapple, eggs, sugar and flour together and pour into a 1 quart
  casserole. Melt butter and stir in bread cubes gently to coat. Put buttered
  cubes on top of casserole and bake, uncovered, at 350ø for 30 minutes.
  Yield: 6 to 8 servings.
  
  LORIS MAYERSOHN
  
  From &lt;Traditions: A Taste of the Good Life&gt;, by the Little Rock (AR) Junior
  League.  Downloaded from Glen's MM Recipe Archive,
  http://www.erols.com/hosey.
 
</step></directions></recipe></recipeml>
