<?xml version="1.0" encoding="UTF-8"?>

<recipeml version="0.5">
  <recipe>
    <head>
      <title>Baked Manicotti with Cheese Filling</title>
      <categories>
        <cat>None</cat></categories>
      <yield>6</yield></head>
    <ingredients>
      <ing-div>
        <title>SAUCE</title>
        <ing>
          <amt>
            <qty>1/3</qty>
            <unit>cups</unit></amt>
          <item>Olive oil</item></ing>
        <ing>
          <amt>
            <qty>1 1/2</qty>
            <unit>cups</unit></amt>
          <item>Onion; finely chopped</item></ing>
        <ing>
          <amt>
            <qty>1</qty>
            <unit/></amt>
          <item>Clove garlic; crushed</item></ing>
        <ing>
          <amt>
            <qty>1</qty>
            <unit>can</unit></amt>
          <item>Italian tomatoes; undrained, 2 lb.3 oz</item></ing>
        <ing>
          <amt>
            <qty>1</qty>
            <unit>can</unit></amt>
          <item>Tomato paste; 6 oz.</item></ing>
        <ing>
          <amt>
            <qty>2</qty>
            <unit>tablespoons</unit></amt>
          <item>Chopped parsley</item></ing>
        <ing>
          <amt>
            <qty>1</qty>
            <unit>tablespoon</unit></amt>
          <item>Salt</item></ing>
        <ing>
          <amt>
            <qty>1</qty>
            <unit>tablespoon</unit></amt>
          <item>Sugar</item></ing>
        <ing>
          <amt>
            <qty>1</qty>
            <unit>teaspoon</unit></amt>
          <item>Oregano leaves; dried</item></ing>
        <ing>
          <amt>
            <qty>1</qty>
            <unit>teaspoon</unit></amt>
          <item>Basil leaves; dried</item></ing>
        <ing>
          <amt>
            <qty>1/4</qty>
            <unit>teaspoons</unit></amt>
          <item>Pepper</item></ing></ing-div>
      <ing-div>
        <title>MANICOTTI</title>
        <ing>
          <amt>
            <qty>6</qty>
            <unit/></amt>
          <item>Eggs; at room temperature</item></ing>
        <ing>
          <amt>
            <qty>1 1/2</qty>
            <unit>cups</unit></amt>
          <item>All-purpose flour; unsifted</item></ing>
        <ing>
          <amt>
            <qty>1/4</qty>
            <unit>teaspoons</unit></amt>
          <item>Salt</item></ing></ing-div>
      <ing-div>
        <title>FILLING</title>
        <ing>
          <amt>
            <qty>2</qty>
            <unit>pounds</unit></amt>
          <item>Ricotta cheese</item></ing>
        <ing>
          <amt>
            <qty>1</qty>
            <unit>package</unit></amt>
          <item>Mozzarella cheese; diced, 8 oz.</item></ing>
        <ing>
          <amt>
            <qty>1/3</qty>
            <unit>cups</unit></amt>
          <item>Parmesan cheese; grated</item></ing>
        <ing>
          <amt>
            <qty>2</qty>
            <unit/></amt>
          <item>Eggs</item></ing>
        <ing>
          <amt>
            <qty>1</qty>
            <unit>teaspoon</unit></amt>
          <item>Salt</item></ing>
        <ing>
          <amt>
            <qty>1/4</qty>
            <unit>teaspoons</unit></amt>
          <item>Pepper</item></ing>
        <ing>
          <amt>
            <qty>1</qty>
            <unit>tablespoon</unit></amt>
          <item>Chopped parsley</item></ing>
        <ing>
          <amt>
            <qty>1/4</qty>
            <unit>cups</unit></amt>
          <item>Parmesan cheese</item></ing></ing-div></ingredients>
    <directions>
      <step>  1. Make sauce: In hot oil in 5-quart Dutch oven, saute onion and garlic 5
  minutes. Mix in rest of sauce ingredients and 1-1/2 cups water, mashing
  tomatoes with fork. Bring to boiling, and reduce heat. Simmer mixture,
  covered and stirring occasionally, 1 hour.
  
  2. Make Manicotti: In medium bowl, combine 6 eggs, the flour, 1/4 teaspoon
  salt, and 1-1/2 cups water; with electric mixer, beat just until smooth.
  Let stand 1/2 hour or longer. Slowly heat an 8-inch skillet.* Pour in 3
  tablespoons batter, rotating the skillet quickly to spread batter evenly
  over bottom.
  
  3. Cook over medium heat until top is dry but bottom is not brown. Turn out
  on a wire rack to cool. Continue cooking until all of the batter is used.
  As the manicotti cool, stack them with waxed paper between them.
  
  4. Preheat oven to 350 degrees. Make Filling: In large bowl, combine
  ricotta, mozzarella, 1/3 cup parmesan, the eggs, salt, pepper, and parsley;
  beat with wooden spoon to blend well. Spread about 1/4 cup filling down the
  center of each manicotti, and roll up.
  
  5. Spoon 1-1/2 cups sauce into each of two 12-by-8-by-2-inch baking dishes.
  Place eight rolled manicotti seam side down, in single layer; top with five
  more. Cover with 1 cup sauce; sprinkle with Parmesan. Bake, uncovered, 1/2
  hour, or until bubbly.
  
  6. To Freeze: Line baking dish with large piece of foil; assemble as
  directed. Fold foil over to seal, and freeze in dish. When frozen, remove
  dish. To serve: Unwrap; place in baking dish, and let stand 1 hour to thaw.
  Bake, uncovered, 1 hour in 350 degree oven. *If not using a skillet with a
  non-stick surface, brush skillet lightly with butter for each manicotti.
  
  Recipe by: McCalls Cooking School
  
  Posted to MC-Recipe Digest by "Marie Smith" &lt;crafty1@earthlink.net&gt; on May
  2, 1998
 
</step></directions></recipe></recipeml>
