<?xml version="1.0" encoding="UTF-8"?>

<recipeml version="0.5">
  <recipe>
    <head>
      <title>Baked Mashed Potatoes</title>
      <categories>
        <cat>Tried</cat>
        <cat>Potatoes</cat>
        <cat>Side dishes</cat></categories>
      <yield>4</yield></head>
    <ingredients>
      <ing>
        <amt>
          <qty>4</qty>
          <unit>large</unit></amt>
        <item>Potatoes; peeled &amp; quartered</item></ing>
      <ing>
        <amt>
          <qty>1/4</qty>
          <unit>cups</unit></amt>
        <item>1% low-fat milk</item></ing>
      <ing>
        <amt>
          <qty>1/2</qty>
          <unit>teaspoons</unit></amt>
        <item>Salt</item></ing>
      <ing>
        <amt>
          <qty>2</qty>
          <unit>tablespoons</unit></amt>
        <item>Butter; melted &amp; divided</item></ing>
      <ing>
        <amt>
          <qty>1</qty>
          <unit/></amt>
        <item>Egg; beaten</item></ing>
      <ing>
        <amt>
          <qty>1</qty>
          <unit>cup</unit></amt>
        <item>Fat-free sour cream; (8 oz)</item></ing>
      <ing>
        <amt>
          <qty>1</qty>
          <unit>cup</unit></amt>
        <item>Nonfat cottage cheese</item></ing>
      <ing>
        <amt>
          <qty>5</qty>
          <unit/></amt>
        <item>Green onions; finely chopped</item></ing>
      <ing>
        <amt>
          <qty>1/2</qty>
          <unit>cups</unit></amt>
        <item>Reduced fat butter crackers; crushed</item></ing></ingredients>
    <directions>
      <step>  Cook potatoes until tender; drain. Place in a large bowl. Add milk, salt
  and 1 Tbsp butter; beat until light and fluffy. Fold in egg, sour cream,
  cottage cheese and onions. Place in a greased 1 1/2-qt baking dish. Combine
  the cracker crumbs and remaining butter; sprinkle over potato mixture.
  Bake, uncovered, at 350 for 20-30 mintues or until crumbs are lightly
  browned.
  
  Per serving: 425 Calories; 11g Fat (23% calories from fat); 20g Protein;
  63g Carbohydrate; 71mg Cholesterol; 839mg Sodium
  
  NOTES : This dish can be made ahead and refrigerated. Sprinkle crumbs on
  top just before baking.
  Recipe by: Darlis Wilfer (ToH Oct/Nov 95) Posted to TNT - Prodigy's Recipe
  Exchange Newsletter  by &lt;ebburtis@ix.netcom.com&gt; on Jul 29, 97
 
</step></directions></recipe></recipeml>
