<?xml version="1.0" encoding="UTF-8"?>

<recipeml version="0.5">
  <recipe>
    <head>
      <title>Baked Mexican Rice</title>
      <categories>
        <cat>Pasta</cat>
        <cat>Ethnic</cat></categories>
      <yield>4</yield></head>
    <ingredients>
      <ing>
        <amt>
          <qty>1</qty>
          <unit/></amt>
        <item>Onion, finely chopped</item></ing>
      <ing>
        <amt>
          <qty>1</qty>
          <unit>clove</unit></amt>
        <item>Garlic finely chopped</item></ing>
      <ing>
        <amt>
          <qty>1/3</qty>
          <unit>cups</unit></amt>
        <item>Olive oil</item></ing>
      <ing>
        <amt>
          <qty>1</qty>
          <unit>cup</unit></amt>
        <item>Rice</item></ing>
      <ing>
        <amt>
          <qty>1</qty>
          <unit>teaspoon</unit></amt>
        <item>Salt</item></ing>
      <ing>
        <amt>
          <qty>1</qty>
          <unit>teaspoon</unit></amt>
        <item>Freshly ground pepper</item></ing>
      <ing>
        <amt>
          <qty>1</qty>
          <unit>tablespoon</unit></amt>
        <item>Chilli powder</item></ing>
      <ing>
        <amt>
          <qty>1</qty>
          <unit/></amt>
        <item>Jar button mushrooms(4 oz.)</item></ing>
      <ing>
        <amt>
          <qty>8</qty>
          <unit>slices</unit></amt>
        <item>Chorizo or garlic sausage</item></ing>
      <ing>
        <amt>
          <qty/>
          <unit/></amt>
        <item>(chorizo is very spicy, use</item></ing>
      <ing>
        <amt>
          <qty/>
          <unit/></amt>
        <item>According to taste or mix</item></ing>
      <ing>
        <amt>
          <qty/>
          <unit/></amt>
        <item>With garlic sausage for</item></ing>
      <ing>
        <amt>
          <qty/>
          <unit/></amt>
        <item>Less spicy flavor)</item></ing>
      <ing>
        <amt>
          <qty>1 1/2</qty>
          <unit>cups</unit></amt>
        <item>14 1/2 oz. chicken or beef</item></ing>
      <ing>
        <amt>
          <qty/>
          <unit/></amt>
        <item>Broth</item></ing>
      <ing>
        <amt>
          <qty/>
          <unit/></amt>
        <item>Grated Parmesan Cheese</item></ing></ingredients>
    <directions>
      <step>  Directions:
  
  Saute the onion and garlic in the oil until soft.  Add the rice and
  seasonings and brown th rice lightly.  Add the mushrooms, sausage and
  enough boiling stock to come 1 inch above rice. Cover with tight lid and
  bake in a 350 oven until liquid is completely absorbed about 30 to 35
  minutes. Sprinkle with cheese. submitted by marina source Eating Better For
  Less
    Posted to MM-Recipes Digest V3 #267
  
    Date: Sun, 29 Sep 1996 15:33:06 +0000
  
    From: Marina &lt;thecollector@worldnet.att.net&gt;
 
</step></directions></recipe></recipeml>
