<?xml version="1.0" encoding="UTF-8"?>

<recipeml version="0.5">
  <recipe>
    <head>
      <title>Baked Oatmeal</title>
      <categories>
        <cat>None</cat></categories>
      <yield>1</yield></head>
    <ingredients>
      <ing>
        <amt>
          <qty>3</qty>
          <unit>cups</unit></amt>
        <item>Oatmeal</item></ing>
      <ing>
        <amt>
          <qty>3/4</qty>
          <unit>cups</unit></amt>
        <item>Brown sugar</item></ing>
      <ing>
        <amt>
          <qty>1/2</qty>
          <unit>cups</unit></amt>
        <item>Margarine</item></ing>
      <ing>
        <amt>
          <qty>2</qty>
          <unit/></amt>
        <item>Eggs</item></ing>
      <ing>
        <amt>
          <qty>2</qty>
          <unit>cups</unit></amt>
        <item>Milk</item></ing>
      <ing>
        <amt>
          <qty>2</qty>
          <unit>teaspoons</unit></amt>
        <item>Baking powder</item></ing>
      <ing>
        <amt>
          <qty>1</qty>
          <unit>teaspoon</unit></amt>
        <item>Salt</item></ing></ingredients>
    <directions>
      <step>  Our Hearts Inn Colorado Springs, Colorado
  
  Mix all ingredients together and pour into 13x9 buttered pan. Bake at 375°
  for 25 minutes. I like to add dried fruits and nuts and pour into small
  ramekins for baking and serving individually. My guests enjoy this very
  much and one stated "it's like a large baked oatmeal cookie for breakfast".
  
  (I serve the fried apples on top of this.)
  
  Posted to recipelu-digest Volume 01 Number 672 by Perry Greene
  &lt;palgreen@hiwaay.net&gt; on Feb 01, 1998
 
</step></directions></recipe></recipeml>
