<?xml version="1.0" encoding="UTF-8"?>

<recipeml version="0.5">
  <recipe>
    <head>
      <title>Baked Peach Pudding</title>
      <categories>
        <cat>Desserts</cat>
        <cat>Fruits</cat></categories>
      <yield>6</yield></head>
    <ingredients>
      <ing>
        <amt>
          <qty>3</qty>
          <unit>cups</unit></amt>
        <item>Fresh peaches -- thinly</item></ing>
      <ing>
        <amt>
          <qty/>
          <unit/></amt>
        <item>Sliced</item></ing>
      <ing>
        <amt>
          <qty>2</qty>
          <unit>cups</unit></amt>
        <item>Milk</item></ing>
      <ing>
        <amt>
          <qty>2</qty>
          <unit>cups</unit></amt>
        <item>Bread crumbs</item></ing>
      <ing>
        <amt>
          <qty/>
          <unit>pinches</unit></amt>
        <item>Salt</item></ing>
      <ing>
        <amt>
          <qty>1</qty>
          <unit>cup</unit></amt>
        <item>Dark brown sugar</item></ing>
      <ing>
        <amt>
          <qty>2</qty>
          <unit/></amt>
        <item>Eggs -- beaten</item></ing>
      <ing>
        <amt>
          <qty>1/4</qty>
          <unit>cups</unit></amt>
        <item>Sweet butter</item></ing>
      <ing>
        <amt>
          <qty>1/4</qty>
          <unit>teaspoons</unit></amt>
        <item>Cinnamon</item></ing></ingredients>
    <directions>
      <step>  Preheat oven to 350.  Scald milk, stir hot milk into bread crumbs.  Add
  butter and mix well.  Add salt, brown sugar, eggs cinnamon, stir into bread
  crumb mixture.  Fold in peaches.  butter a casserole dish, pour in pudding
  mixture and bake 1 hour.  serve with whipped cream, sour cream, ice cream,
  whatever your heart desires. (serves 6).
  
  Recipe By     : Bevmed
  
  File ftp://ftp.idiscover.co.uk/pub/food/mealmaster/recipes/mmdja006.zip
 
</step></directions></recipe></recipeml>
