<?xml version="1.0" encoding="UTF-8"?>

<recipeml version="0.5">
  <recipe>
    <head>
      <title>Baked Onaga W/pancetta and Herbs</title>
      <categories>
        <cat>Seafood</cat>
        <cat>Vegetables</cat></categories>
      <yield>4</yield></head>
    <ingredients>
      <ing>
        <amt>
          <qty>1</qty>
          <unit/></amt>
        <item>Whole red snapper, 10 oz or 8 oz fillet (skin on)</item></ing>
      <ing>
        <amt>
          <qty>1/2</qty>
          <unit>ounces</unit></amt>
        <item>Pancetta, sliced</item></ing>
      <ing>
        <amt>
          <qty>1/4</qty>
          <unit>ounces</unit></amt>
        <item>Leeks, julienne</item></ing>
      <ing>
        <amt>
          <qty>1/4</qty>
          <unit>ounces</unit></amt>
        <item>Carrots, julienne</item></ing>
      <ing>
        <amt>
          <qty>1</qty>
          <unit/></amt>
        <item>Sprig fresh thyme</item></ing>
      <ing>
        <amt>
          <qty>1</qty>
          <unit/></amt>
        <item>Sprig fresh oregano</item></ing>
      <ing>
        <amt>
          <qty>1</qty>
          <unit>tablespoon</unit></amt>
        <item>Olive oil</item></ing>
      <ing>
        <amt>
          <qty>2</qty>
          <unit>tablespoons</unit></amt>
        <item>White wine</item></ing>
      <ing>
        <amt>
          <qty/>
          <unit/></amt>
        <item>Salt, pepper to taste</item></ing>
      <ing>
        <amt>
          <qty>1</qty>
          <unit/></amt>
        <item>Piece parchment paper</item></ing></ingredients>
    <directions>
      <step>  Clean and remove scales from snapper.
  
  Cut parchment paper large enough to wrap fish.  Place fish on oiled paper,
  season with salt and pepper.
  
  Place sliced pancetta and vegetable julienne on fish. Drizzle wine and
  olive oil over fish, place herb sprigs on fish and close parchment paper by
  folder ends. Bake at 400øF unti done. Serve snapper in paper. Yield 4 Typed
  in MMFormat by cjhartlin@msn.com Source The Westin Way Food &amp; Wine Chef
  Tylun Pang, The Westin Kauai, Hawaii
  Posted to MM-Recipes Digest V5 #028 by "Cindy Hartlin"
  &lt;cjhartlin@email.msn.com&gt; on Jan 27, 1998
 
</step></directions></recipe></recipeml>
