<?xml version="1.0" encoding="UTF-8"?>

<recipeml version="0.5">
  <recipe>
    <head>
      <title>Baked Pear Pudding</title>
      <categories>
        <cat>None</cat></categories>
      <yield>1</yield></head>
    <ingredients>
      <ing>
        <amt>
          <qty>10</qty>
          <unit/></amt>
        <item>Pears; peeled, quartered, and tossed with 2 T lemon juice to prevent oxidation</item></ing>
      <ing>
        <amt>
          <qty>1 1/3</qty>
          <unit>cups</unit></amt>
        <item>Milk</item></ing>
      <ing>
        <amt>
          <qty>2/3</qty>
          <unit>cups</unit></amt>
        <item>Heavy cream</item></ing>
      <ing>
        <amt>
          <qty>1</qty>
          <unit>cup</unit></amt>
        <item>Sugar</item></ing>
      <ing>
        <amt>
          <qty>2/3</qty>
          <unit>cups</unit></amt>
        <item>Flour</item></ing>
      <ing>
        <amt>
          <qty>4</qty>
          <unit>large</unit></amt>
        <item>Eggs</item></ing>
      <ing>
        <amt>
          <qty>1 1/2</qty>
          <unit>teaspoons</unit></amt>
        <item>Vanilla</item></ing>
      <ing>
        <amt>
          <qty>2</qty>
          <unit>tablespoons</unit></amt>
        <item>Butter</item></ing>
      <ing>
        <amt>
          <qty>2</qty>
          <unit>tablespoons</unit></amt>
        <item>Confectioners sugar</item></ing>
      <ing>
        <amt>
          <qty/>
          <unit/></amt>
        <item>Maple syrup as an accompaniment</item></ing></ingredients>
    <directions>
      <step>  In a buttered 2-1/2 quart casserole, arrange the pears decoratively. Blend
  milk, cream, 2/3 C of the sugar, flour, eggs, and vanilla until batter is
  just combined. Pour over the pears; sprinkle with the remaining 1/3 C
  sugar, and dot with the butter.
  
  Bake in upper over, 425 degrees, for 50 minutes or until the top is golden
  and the pudding is set. Sift confectioners' sugar over it. Serve warm or at
  room temperature (but store in ‘fridge!).
  
  Note: I got this from a magazine years ago; sorry, but I don't know which
  one. The oven temperature seems too hot to me; I'd rather bake it longer at
      375    degrees in a water bath.
  
  Posted to TNT Recipes Digest, Vol 01, Nr 942 by Melissa Tarleton
  &lt;meltimnick@mindspring.com&gt; on Jan 16, 1998
 
</step></directions></recipe></recipeml>
