<?xml version="1.0" encoding="UTF-8"?>

<recipeml version="0.5">
  <recipe>
    <head>
      <title>Baked Mashed Potatoes</title>
      <categories>
        <cat>None</cat></categories>
      <yield>1</yield></head>
    <ingredients>
      <ing>
        <amt>
          <qty>7</qty>
          <unit>medium</unit></amt>
        <item>Potatoes; boiled and drained (up to 8)</item></ing>
      <ing>
        <amt>
          <qty>8</qty>
          <unit>ounces</unit></amt>
        <item>Cream cheese</item></ing>
      <ing>
        <amt>
          <qty>8</qty>
          <unit>ounces</unit></amt>
        <item>Sour cream</item></ing>
      <ing>
        <amt>
          <qty>1</qty>
          <unit>teaspoon</unit></amt>
        <item>Onion powder</item></ing>
      <ing>
        <amt>
          <qty/>
          <unit/></amt>
        <item>Milk; if needed</item></ing></ingredients>
    <directions>
      <step>  Use 7-8 medium potatoes, boiled and drained. Add 8 ozs. cream cheese, 8
  ozs. sour cream., 1 tsp. onion powder and some milk, if needed and mash
  good. Put in a casserole dish and bake in oven for 30 mins. at 350 F. (This
  recipe can be made ahead of time).
  Posted to Bakery-Shoppe Digest V1 #221 by "William &amp; Evelyn Hall"
  &lt;wchall@nevia.net&gt; on Sep 6, 1997
 
</step></directions></recipe></recipeml>
