<?xml version="1.0" encoding="UTF-8"?>

<recipeml version="0.5">
  <recipe>
    <head>
      <title>Baked Oatmeal</title>
      <categories>
        <cat>Bread machi</cat>
        <cat>Yeast free</cat></categories>
      <yield>1</yield></head>
    <ingredients>
      <ing>
        <amt>
          <qty>3</qty>
          <unit>cups</unit></amt>
        <item>Oatmeal</item></ing>
      <ing>
        <amt>
          <qty>1/2</qty>
          <unit>cups</unit></amt>
        <item>Brown sugar; (1/2 to 1)</item></ing>
      <ing>
        <amt>
          <qty>2</qty>
          <unit>teaspoons</unit></amt>
        <item>Baking powder</item></ing>
      <ing>
        <amt>
          <qty>1/2</qty>
          <unit>teaspoons</unit></amt>
        <item>Cinnamon</item></ing>
      <ing>
        <amt>
          <qty>1/2</qty>
          <unit>teaspoons</unit></amt>
        <item>Salt</item></ing>
      <ing>
        <amt>
          <qty>1/2</qty>
          <unit>cups</unit></amt>
        <item>Applesauce</item></ing>
      <ing>
        <amt>
          <qty>1</qty>
          <unit>teaspoon</unit></amt>
        <item>Vanilla</item></ing>
      <ing>
        <amt>
          <qty>2</qty>
          <unit/></amt>
        <item>Egg Beaters¨ 99% egg substitute; Or Equiv</item></ing>
      <ing>
        <amt>
          <qty>1</qty>
          <unit>cup</unit></amt>
        <item>Skim milk</item></ing>
      <ing>
        <amt>
          <qty>1/2</qty>
          <unit>cups</unit></amt>
        <item>Raisins; (1/2 To 1),</item></ing>
      <ing>
        <amt>
          <qty/>
          <unit/></amt>
        <item>; Or Blueberries</item></ing></ingredients>
    <directions>
      <step>  Not exactly bread, but it is very good, thought I'd share it.
  
  Preheat oven to 350 degrees. Mix the dry ingredients in one bowl.  Mix the
  wet ingredients in another bowl. Stir the wet and dry ingredients together
  and add the raisins or blueberries. Spread in a 9x9 pan, lightly sprayed
  with nonstick spray. Bake 20-30 minutes. Serve as-is, or top with some sort
  of milk.
  
  Notes: This turns out almost like a cake.  One cup of sugar made it way too
  sweet for me; I'll use 1/2 cup next time. I did use egg substitute and had
  good results.
  
  &gt;From: Kenton Campbell &lt;kencam@pobox.com&gt;
  From: Bread-Bakers Archives: ftp.best.com/pub/reggie/archives/bread/recipe
 
</step></directions></recipe></recipeml>
