<?xml version="1.0" encoding="UTF-8"?>

<recipeml version="0.5">
  <recipe>
    <head>
      <title>Baked Mushroom Chicken</title>
      <categories>
        <cat>Chicken</cat></categories>
      <yield>8</yield></head>
    <ingredients>
      <ing>
        <amt>
          <qty>1/2</qty>
          <unit>cups</unit></amt>
        <item>Pancake mix</item></ing>
      <ing>
        <amt>
          <qty>8</qty>
          <unit/></amt>
        <item>Chicken breasts with bone</item></ing>
      <ing>
        <amt>
          <qty>1</qty>
          <unit>can</unit></amt>
        <item>Cream of mushroom soup</item></ing>
      <ing>
        <amt>
          <qty>1</qty>
          <unit>package</unit></amt>
        <item>Onion soup mix</item></ing>
      <ing>
        <amt>
          <qty>1</qty>
          <unit>can</unit></amt>
        <item>Milk - soupcan full</item></ing>
      <ing>
        <amt>
          <qty>1</qty>
          <unit>pound</unit></amt>
        <item>Mushrooms thickly sliced</item></ing>
      <ing>
        <amt>
          <qty/>
          <unit/></amt>
        <item>Parmesan cheese</item></ing></ingredients>
    <directions>
      <step>  Recipe By: Uncle Don Preparation Time: 1:25
  
  Mix slat, pepper and pancake mix. Shake chicken in mix and place in baking
  dish 9x13. Place mushrooms over chicken.
  
  Mix soups and milk and pour over chicken and mushrooms.
  
  Cover tightly with foil. Bake 1 hour in 375 oven. Then uncover and sprinkle
  with parmesan cheese. Bake uncovered 15 min. Serve.
  
  Per serving: 76 Calories; 2g Fat (20% calories from fat); 3g Protein; 13g
  Carbohydrate; 1mg Cholesterol; 683mg Sodium Posted to Bakery-Shoppe Digest
  V1 #208 by Kris Viles &lt;vilesk@magicnet.net&gt; on Aug 29, 1997
 
</step></directions></recipe></recipeml>
