<?xml version="1.0" encoding="UTF-8"?>

<recipeml version="0.5">
  <recipe>
    <head>
      <title>Baked Pears</title>
      <categories>
        <cat>None</cat></categories>
      <yield>1</yield></head>
    <ingredients>
      <ing>
        <amt>
          <qty>1/2</qty>
          <unit>cups</unit></amt>
        <item>Water</item></ing>
      <ing>
        <amt>
          <qty/>
          <unit/></amt>
        <item>Juice and zest of 1 lemon</item></ing>
      <ing>
        <amt>
          <qty>1/4</qty>
          <unit>cups</unit></amt>
        <item>Port wine</item></ing>
      <ing>
        <amt>
          <qty>1</qty>
          <unit>cup</unit></amt>
        <item>Sugar</item></ing>
      <ing>
        <amt>
          <qty>1</qty>
          <unit/></amt>
        <item>Sliced orange</item></ing>
      <ing>
        <amt>
          <qty>6</qty>
          <unit>slices</unit></amt>
        <item>Lemon</item></ing>
      <ing>
        <amt>
          <qty>2</qty>
          <unit>tablespoons</unit></amt>
        <item>Orange marmalade; up to 3</item></ing>
      <ing>
        <amt>
          <qty>6</qty>
          <unit/></amt>
        <item>Bosc pears</item></ing>
      <ing>
        <amt>
          <qty/>
          <unit/></amt>
        <item>Orange rind</item></ing></ingredients>
    <directions>
      <step>  Preheat oven to 350 degrees. Put all ingredients,except pears, in a
  saucepan and cook down until strongly flavored and syrupy. Pour the mixture
  over the pears which have been placed upright in a pyrex dish, just large
  enough to hold them. Bake until tender, basting often.
  
  Posted to JEWISH-FOOD digest by Dobie607 &lt;Dobie607@aol.com&gt; on Apr 5, 1998
 
</step></directions></recipe></recipeml>
