<?xml version="1.0" encoding="UTF-8"?>

<recipeml version="0.5">
  <recipe>
    <head>
      <title>Baked Pears Stuffed with Almonds</title>
      <categories>
        <cat>Almonds</cat>
        <cat>Desserts</cat></categories>
      <yield>8</yield></head>
    <ingredients>
      <ing-div>
        <title>BAKED PEARS</title>
        <ing>
          <amt>
            <qty>1/4</qty>
            <unit>cups</unit></amt>
          <item>White wine</item></ing>
        <ing>
          <amt>
            <qty>1/4</qty>
            <unit>cups</unit></amt>
          <item>Water</item></ing>
        <ing>
          <amt>
            <qty>1</qty>
            <unit>tablespoon</unit></amt>
          <item>Lemon juice</item></ing>
        <ing>
          <amt>
            <qty>1/2</qty>
            <unit>cups</unit></amt>
          <item>Sugar</item></ing>
        <ing>
          <amt>
            <qty>1</qty>
            <unit/></amt>
          <item>Cinnamon stick</item></ing>
        <ing>
          <amt>
            <qty>1</qty>
            <unit>teaspoon</unit></amt>
          <item>Vanilla extract</item></ing>
        <ing>
          <amt>
            <qty>1/4</qty>
            <unit>teaspoons</unit></amt>
          <item>Grated lemon peel</item></ing>
        <ing>
          <amt>
            <qty>1/4</qty>
            <unit>teaspoons</unit></amt>
          <item>Ground cardamom; (optional)</item></ing>
        <ing>
          <amt>
            <qty>1/8</qty>
            <unit>teaspoons</unit></amt>
          <item>Ground cloves</item></ing>
        <ing>
          <amt>
            <qty>4</qty>
            <unit/></amt>
          <item>Medium-ripe pears (Bartlett or Comice); peeled halved and cored</item></ing></ing-div>
      <ing-div>
        <title>ALMOND FILLING</title>
        <ing>
          <amt>
            <qty>2/3</qty>
            <unit>cups</unit></amt>
          <item>Whole natural almonds</item></ing>
        <ing>
          <amt>
            <qty>3</qty>
            <unit>tablespoons</unit></amt>
          <item>Sugar</item></ing>
        <ing>
          <amt>
            <qty>1/4</qty>
            <unit>teaspoons</unit></amt>
          <item>Finely grated lemon peel; up to 1/2 tsp</item></ing>
        <ing>
          <amt>
            <qty>1/4</qty>
            <unit>teaspoons</unit></amt>
          <item>Ground cardamom; optional</item></ing>
        <ing>
          <amt>
            <qty>1/8</qty>
            <unit>teaspoons</unit></amt>
          <item>Salt</item></ing>
        <ing>
          <amt>
            <qty>1/2</qty>
            <unit/></amt>
          <item>Egg white; (about 1 1/2 tablespoons)</item></ing></ing-div></ingredients>
    <directions>
      <step>  BAKED PEARS: Heat oven to 375 degrees. Mix in all ingredients except pears
  in shallow glass or ceramic baking dish large enough to fit pear halves in
  a single layer. Place pears in dish, cut sides down; cover loosely with
  aluminum foil. Bake 15 to 25 minutes until pears are just tender.
  Meanwhile, prepare Almond Filling.
  
  ALMOND FILLING: In bowl of food processor fitted with steel blade, combine
  all ingredients. Process until almonds are coarsely chopped.
  
  TO FINISH DESSERT: Invert hot baked pear halves in dish. Fill cavities with
  Amond Filling, divided equally. Continue to bake 10 minutes, then place 6
  inches under broiler about 1 minute, watching closely, to lightly brown
  almonds. Place pears in individual dishes with the syrup. Accompany with a
  small scoop of vanilla ice cream, if desired.
  
  Servings: 8
  
  (PER PORTION : 200 Calories; 8 g Fat; 0 mg Cholesterol; 143 mg Sodium; 32 g
  Carbohydrate; 4 g Fiber; 3 g Protein.)
  
  See http://www.almondsarein.com/ &gt;Hanneman/Buster/MasterCook 1998/Ap
  
  Recipe by: Almond Board of California
  
  Posted to MC-Recipe Digest by KitPATh &lt;phannema@wizard.ucr.edu&gt; on Apr 08,
  1998
 
</step></directions></recipe></recipeml>
