<?xml version="1.0" encoding="UTF-8"?>

<recipeml version="0.5">
  <recipe>
    <head>
      <title>Baked Overnight French Toast</title>
      <categories>
        <cat>Breakfast</cat>
        <cat>To post</cat></categories>
      <yield>6</yield></head>
    <ingredients>
      <ing>
        <amt>
          <qty>1/4</qty>
          <unit>cups</unit></amt>
        <item>Butter; room temperature</item></ing>
      <ing>
        <amt>
          <qty>1</qty>
          <unit/></amt>
        <item>Loaf (12 3/4 inch) french bread</item></ing>
      <ing>
        <amt>
          <qty>6</qty>
          <unit/></amt>
        <item>Eggs</item></ing>
      <ing>
        <amt>
          <qty>1 1/2</qty>
          <unit>cups</unit></amt>
        <item>Milk</item></ing>
      <ing>
        <amt>
          <qty>1/4</qty>
          <unit>cups</unit></amt>
        <item>Sugar</item></ing>
      <ing>
        <amt>
          <qty>2</qty>
          <unit>tablespoons</unit></amt>
        <item>Maple syrup</item></ing>
      <ing>
        <amt>
          <qty>1</qty>
          <unit>teaspoon</unit></amt>
        <item>Vanilla</item></ing>
      <ing>
        <amt>
          <qty>1/2</qty>
          <unit>teaspoons</unit></amt>
        <item>Salt</item></ing>
      <ing>
        <amt>
          <qty/>
          <unit/></amt>
        <item>Powdered sugar</item></ing>
      <ing>
        <amt>
          <qty/>
          <unit/></amt>
        <item>Maple-walnut syrup (recipe follows)</item></ing></ingredients>
    <directions>
      <step>  Spread butter over bottom of heavy large baking pan with 1 inch sides.
  Arrange bread sliced in pan. In large bowl beat eggs, milk, sugar, syrup,
  vanilla and salt to blend. Pour mixture over bread. Turn bread slices to
  coat. Cover with plastic and refrigerate overnight. Preheat oven to 400
  degrees. Bake French bread 10 minutes. Turn bread over and continue baking
  until just golden, about 4 minutes longer. Transfer cooked toast to plates
  and sprinkle with powdered sugar. Serve at once passing Maple-Walnut syrup
  separately.
  
  Formatted &amp; Busted by RecipeLu &lt;recipelu@recipelu.com&gt;
  Posted to recipelu-digest Volume 01 Number 209 by RecipeLu
  &lt;recipelu@geocities.com&gt; on Nov 07, 1997
 
</step></directions></recipe></recipeml>
