<?xml version="1.0" encoding="UTF-8"?>

<recipeml version="0.5">
  <recipe>
    <head>
      <title>Baked Pasta Shell with Sauce</title>
      <categories>
        <cat>Pasta</cat></categories>
      <yield>6</yield></head>
    <ingredients>
      <ing>
        <amt>
          <qty>1</qty>
          <unit>pound</unit></amt>
        <item>Hot and/or sweet Italian sausages</item></ing>
      <ing>
        <amt>
          <qty>2</qty>
          <unit>tablespoons</unit></amt>
        <item>Butter or margarine</item></ing>
      <ing>
        <amt>
          <qty>2</qty>
          <unit>large</unit></amt>
        <item>Red onions; coarsely chopped</item></ing>
      <ing>
        <amt>
          <qty>1</qty>
          <unit>bunch</unit></amt>
        <item>Scallions;, sliced</item></ing>
      <ing>
        <amt>
          <qty>1/3</qty>
          <unit>cups</unit></amt>
        <item>Balsamic vinegar</item></ing>
      <ing>
        <amt>
          <qty>1/2</qty>
          <unit>cups</unit></amt>
        <item>Imported pitted black olives</item></ing>
      <ing>
        <amt>
          <qty>4</qty>
          <unit>tablespoons</unit></amt>
        <item>Fresh chopped sage OR 4 tsp. dried,, divided</item></ing>
      <ing>
        <amt>
          <qty>1</qty>
          <unit>pound</unit></amt>
        <item>Penne pasta</item></ing>
      <ing>
        <amt>
          <qty>3</qty>
          <unit/></amt>
        <item>Eggs</item></ing>
      <ing>
        <amt>
          <qty>1</qty>
          <unit>cup</unit></amt>
        <item>Grated Parmesan cheese</item></ing>
      <ing>
        <amt>
          <qty>1/2</qty>
          <unit>cups</unit></amt>
        <item>Half and half</item></ing>
      <ing>
        <amt>
          <qty>1/2</qty>
          <unit>teaspoons</unit></amt>
        <item>Pepper</item></ing></ingredients>
    <directions>
      <step>  Preheat oven to 400. In skillet, place sausages and 1/4 cup water. Bring to
  simmer over medium heat; cover and cook 10 minutes. Uncover; discard liquid
  and cook 15 minutes, turning until cooked through. Drain on paper towels.
  Heat butter in same skillet over medium heat, add onions and cook, stirring
  occasionally, 20 minutes. Add scallions, vinegar, olives and 2 tablespoons
  sage; cook 8 minutes. Meanwhile, prepare pasta as package directs. Cool
  slightly and toss with eggs, cheese, remaining 2 tablespoons sage,half and
  half and pepper. Place in greased 2-quart casserole. Bake 15-20 minutes
  until pasta shell is set and lightly browned. Slice sausages; add to onions
  and season with salt and pepper to taste. Spoon into pasta shell. Typed by
  "Essie" Ethel R. Snyder &lt;essie49@juno.com&gt; Date: October 18, 1997
  
  Recipe by: First for women magazine -- April 22, 1996
  
  Posted to MC-Recipe Digest V1 #852 by essie49@juno.com (Ethel R Snyder) on
  Oct 19, 1997
 
</step></directions></recipe></recipeml>
