<?xml version="1.0" encoding="UTF-8"?>

<recipeml version="0.5">
  <recipe>
    <head>
      <title>Baked Oatmeal</title>
      <categories>
        <cat>Diabetic</cat>
        <cat>Breakfast</cat>
        <cat>Nuts</cat>
        <cat>Vegetarian</cat>
        <cat>Feb95</cat></categories>
      <yield>2</yield></head>
    <ingredients>
      <ing-div>
        <title>IN ORDER LISTED</title>
        <ing>
          <amt>
            <qty>1 1/2</qty>
            <unit>cups</unit></amt>
          <item>Oatmeal</item></ing>
        <ing>
          <amt>
            <qty>1/4</qty>
            <unit>cups</unit></amt>
          <item>Milk powder</item></ing>
        <ing>
          <amt>
            <qty>1</qty>
            <unit/></amt>
          <item>Banana; mashed</item></ing>
        <ing>
          <amt>
            <qty>1 1/2</qty>
            <unit>cups</unit></amt>
          <item>Hot water bake 20 minutes---</item></ing></ing-div>
      <ing-div>
        <title>VARIATION</title></ing-div>
      <ing-div>
        <title>REPLACE BANANA WITH</title>
        <ing>
          <amt>
            <qty>2</qty>
            <unit>tablespoons</unit></amt>
          <item>Raisins</item></ing>
        <ing>
          <amt>
            <qty>1/4</qty>
            <unit>cups</unit></amt>
          <item>Coconut</item></ing>
        <ing>
          <amt>
            <qty/>
            <unit/></amt>
          <item>Sprinkle with cinnamon bake 20 minutes---</item></ing></ing-div></ingredients>
    <directions>
      <step>  Food Exchange per serving: (Baked Oatmeal) 2 STARCH/BREAD EXCHANGES + 1
  MILK EXCHANGES + 1 FAT EXCHANGES + 1 FRUIT EXCHANGES; CAL: 418; PRO: 14gm;
  FAT: 16gm,; CAR: 61gm; Food Exchanges per serving: (Variation) 2
  STRACH/BREADS EXCHANGES + 1 MILK EXCHANGE + 1 FRUIT EXCHANGE + 1 FAT
  EXCHANGE. Source: Vegetarian Cooking for Diabetics by Patricia Mozzer
  Brought to you and yours via Nancy O'Brion and her Meal-Master
  Posted to Bakery-Shoppe Digest V1 #217 by "Jazzbel"
  &lt;jazzbel@grouper.BatelNET.bs&gt; on Sep 3, 1997
 
</step></directions></recipe></recipeml>
