<?xml version="1.0" encoding="UTF-8"?>

<recipeml version="0.5">
  <recipe>
    <head>
      <title>Baked Oatmeal</title>
      <categories>
        <cat>None</cat></categories>
      <yield>1</yield></head>
    <ingredients>
      <ing>
        <amt>
          <qty>3</qty>
          <unit>cups</unit></amt>
        <item>Oatmeal</item></ing>
      <ing>
        <amt>
          <qty>1/2</qty>
          <unit>cups</unit></amt>
        <item>Brown sugar; (I use Demerera sugar)</item></ing>
      <ing>
        <amt>
          <qty>2</qty>
          <unit>teaspoons</unit></amt>
        <item>Baking powder</item></ing>
      <ing>
        <amt>
          <qty>1/2</qty>
          <unit>teaspoons</unit></amt>
        <item>Cinnamon</item></ing>
      <ing>
        <amt>
          <qty>1/2</qty>
          <unit>teaspoons</unit></amt>
        <item>Salt</item></ing>
      <ing>
        <amt>
          <qty>1/2</qty>
          <unit>cups</unit></amt>
        <item>Applesauce</item></ing>
      <ing>
        <amt>
          <qty>1</qty>
          <unit>teaspoon</unit></amt>
        <item>Vanilla</item></ing>
      <ing>
        <amt>
          <qty>2</qty>
          <unit/></amt>
        <item>Eggs worth Ener-g egg replacer equivalent</item></ing>
      <ing>
        <amt>
          <qty>1</qty>
          <unit>cup</unit></amt>
        <item>Soy milk</item></ing>
      <ing>
        <amt>
          <qty>1/2</qty>
          <unit>cups</unit></amt>
        <item>Raisins -or-; (up to 1)</item></ing>
      <ing>
        <amt>
          <qty>1</qty>
          <unit>package</unit></amt>
        <item>(12 oz) frozen blueberries; thawed</item></ing>
      <ing>
        <amt>
          <qty>1</qty>
          <unit>teaspoon</unit></amt>
        <item>Dehydrated lemon peel -or-</item></ing>
      <ing>
        <amt>
          <qty>2</qty>
          <unit>teaspoons</unit></amt>
        <item>Grated lemon zest</item></ing></ingredients>
    <directions>
      <step>  Preheat oven to 350 degrees. Mix the dry ingredients in one bowl. Mix the
  wet ingredients in another bowl. Stir the wet and dry ingredients together
  and add the raisins or blueberries. Spread in a 9x9 pan, lightly sprayed
  with nonstick spray. Bake 25-35 minutes. Serve as-is, or top with some sort
  of milk. (I use White Wave fresh Soy beverage)
  Posted to fatfree digest V97 #293 by JBennicoff &lt;JBennicoff@aol.com&gt; on Dec
  12, 1997
 
</step></directions></recipe></recipeml>
