<?xml version="1.0" encoding="UTF-8"?>

<recipeml version="0.5">
  <recipe>
    <head>
      <title>Baked Parmesan Chicken</title>
      <categories>
        <cat>Chicken</cat></categories>
      <yield>6</yield></head>
    <ingredients>
      <ing>
        <amt>
          <qty>1/2</qty>
          <unit>cups</unit></amt>
        <item>Butter (unsalted preferred)</item></ing>
      <ing>
        <amt>
          <qty>1</qty>
          <unit>cup</unit></amt>
        <item>Soft bread crumbs</item></ing>
      <ing>
        <amt>
          <qty>1/4</qty>
          <unit>cups</unit></amt>
        <item>Parsley</item></ing>
      <ing>
        <amt>
          <qty>1/2</qty>
          <unit>cups</unit></amt>
        <item>Parmesan cheese</item></ing>
      <ing>
        <amt>
          <qty>1/8</qty>
          <unit>teaspoons</unit></amt>
        <item>Salt</item></ing>
      <ing>
        <amt>
          <qty>1/8</qty>
          <unit>teaspoons</unit></amt>
        <item>Garlic powder</item></ing>
      <ing>
        <amt>
          <qty>2</qty>
          <unit>pounds</unit></amt>
        <item>Boneless, skinless chicken</item></ing>
      <ing>
        <amt>
          <qty/>
          <unit/></amt>
        <item>Breasts</item></ing>
      <ing>
        <amt>
          <qty/>
          <unit/></amt>
        <item>Paprika for garnish</item></ing></ingredients>
    <directions>
      <step>  Blend together in food processor until small bread crumbs are formed:
  bread, parsley, parmesan cheese, salt and garlic powder.
  
  Remove visible fat from chicken and slice into strips.  Coat pieces of
  chicken in melted butter in pan, then coat with crumb mixture; lay single
  layer in remaining butter in pan.
  
  Garnish with paprika and bake uncovered at 350 degrees until tender, about
  1 hour; basted 2 or 3 times during baking.  Cover with foil if chicken
  begins to brown too much before done.
  Posted to MM-Recipes Digest V3 #283
  
  Date: Tue, 15 Oct 1996 16:33:44 EDT
  
  From: jane.ghorbani@juno.com (Jane Ghorbani)
 
</step></directions></recipe></recipeml>
