<?xml version="1.0" encoding="UTF-8"?>

<recipeml version="0.5">
  <recipe>
    <head>
      <title>Baked Pears #3</title>
      <categories>
        <cat>Pie</cat></categories>
      <yield>6</yield></head>
    <ingredients>
      <ing-div>
        <title/>
        <ing>
          <amt>
            <qty>2</qty>
            <unit>packages</unit></amt>
          <item>(15-oz) refrigerated piecrusts (up to)</item></ing>
        <ing>
          <amt>
            <qty>6</qty>
            <unit/></amt>
          <item>Firm ripe pears; unpeeled</item></ing>
        <ing>
          <amt>
            <qty>1</qty>
            <unit/></amt>
          <item>Egg yolk</item></ing>
        <ing>
          <amt>
            <qty>1</qty>
            <unit>tablespoon</unit></amt>
          <item>Water</item></ing></ing-div>
      <ing-div>
        <title>CARAMEL SAUCE</title>
        <ing>
          <amt>
            <qty>1</qty>
            <unit/></amt>
          <item>Jar (12-oz) caramel ice cream topping</item></ing>
        <ing>
          <amt>
            <qty>1</qty>
            <unit>can</unit></amt>
          <item>(14-oz) sweetened condensed milk</item></ing>
        <ing>
          <amt>
            <qty>2</qty>
            <unit>tablespoons</unit></amt>
          <item>Lemon juice</item></ing>
        <ing>
          <amt>
            <qty>1/4</qty>
            <unit>cups</unit></amt>
          <item>Cointreau or other orange flavored liqueur</item></ing></ing-div></ingredients>
    <directions>
      <step>  From: ldanehy@nmsu.edu (Lisa M. Danehy)
  
  Date: 23 Dec 1993 04:22:59 GMT
  This is a recipe that I found in Southern Living, and I think it was
  reeaallyy good!
  
  Unfold the pie crusts, one at a time, place on a lightly floured surface
  and roll each into a 10inch square. Cut each square into 1inch strips.
  Starting at the bottom of the pear, begin wrapping the pastry strips
  carefully around the pear. Overlap the strips by about 1/4 of an inch as
  you cover the pear. Continue wrapping by moistening ends of the strips
  until the pear is completely covered. Repeat with each of the pears. Place
  pears on a baking sheet. Combine eggyolk and water; brush evenly on pastry.
  Bake at 350 for 1 hour or until tender. Spoon 3-4 TBS of Caramel Sauce onto
  each dessert plate; top with a pear. Serves 5-6.
  
  Caramel Sauce: Combine caramel and condensed milk in a double boiler, bring
  water to boil reduce heat to low and cook until smooth, Stirring
  consistantly. Stir in lemon juice and Cointreau.
  
  REC.FOOD.RECIPES ARCHIVES
  
  /FRUIT
  
  From rec.food.cooking archives.  Downloaded from Glen's MM Recipe Archive,
  http://www.erols.com/hosey.
 
</step></directions></recipe></recipeml>
