<?xml version="1.0" encoding="UTF-8"?>

<recipeml version="0.5">
  <recipe>
    <head>
      <title>Baked Penne with Turkey Meatballs</title>
      <categories>
        <cat>Cooking liv</cat>
        <cat>Import</cat></categories>
      <yield>1</yield></head>
    <ingredients>
      <ing-div>
        <title>FOR MEATBALLS</title>
        <ing>
          <amt>
            <qty>1</qty>
            <unit>pound</unit></amt>
          <item>Ground turkey</item></ing>
        <ing>
          <amt>
            <qty>1</qty>
            <unit>large</unit></amt>
          <item>Garlic clove; minced</item></ing>
        <ing>
          <amt>
            <qty>3/4</qty>
            <unit>cups</unit></amt>
          <item>Fresh bread crumbs</item></ing>
        <ing>
          <amt>
            <qty>1/2</qty>
            <unit>cups</unit></amt>
          <item>Finely chopped onion</item></ing>
        <ing>
          <amt>
            <qty>3</qty>
            <unit>tablespoons</unit></amt>
          <item>Pine nuts; toasted, cooled, and chopped</item></ing>
        <ing>
          <amt>
            <qty>1/2</qty>
            <unit>cups</unit></amt>
          <item>Minced fresh parsley leaves</item></ing>
        <ing>
          <amt>
            <qty>1</qty>
            <unit>large</unit></amt>
          <item>Egg; beaten lightly</item></ing>
        <ing>
          <amt>
            <qty>1</qty>
            <unit>teaspoon</unit></amt>
          <item>Salt</item></ing>
        <ing>
          <amt>
            <qty>1</qty>
            <unit>teaspoon</unit></amt>
          <item>Black pepper</item></ing>
        <ing>
          <amt>
            <qty>4</qty>
            <unit>tablespoons</unit></amt>
          <item>Olive oil</item></ing>
        <ing>
          <amt>
            <qty>1</qty>
            <unit>pound</unit></amt>
          <item>Penne</item></ing>
        <ing>
          <amt>
            <qty>1 1/2</qty>
            <unit>cups</unit></amt>
          <item>Coarsely grated mozzarella cheese; (about 6 ounces)</item></ing>
        <ing>
          <amt>
            <qty>1</qty>
            <unit>cup</unit></amt>
          <item>Freshly grated romano cheese; (about 3 ounces)</item></ing>
        <ing>
          <amt>
            <qty>6</qty>
            <unit>cups</unit></amt>
          <item>Tomato sauce</item></ing>
        <ing>
          <amt>
            <qty>1</qty>
            <unit/></amt>
          <item>Container; (15 oz) ricotta cheese</item></ing></ing-div></ingredients>
    <directions>
      <step>  Make meatballs:
  
  In a bowl, stir together well turkey, garlic, bread crumbs, onion, pine
  nuts, parsley, egg, salt, and pepper and form into meatballs about 1-inch
  in diameter. In a large heavy skillet heat 2 tablespoons oil over
  moderately heat heat until hot but not smoking and cook half of meatballs,
  shaking skillet, until browned and cooked through, about 4 minutes.
  Transfer meatballs to paper towels to drain and brown remaining meatballs
  in remaining 2 tablespoons oil in same manner.
  
  Preheat oven to 375 degrees and oil a 3 to 4 quart gratin dish or other
  shallow baking dish.
  
  In a kettle of salted boiling water cook pasta until just al dente, about 8
  minutes, and drain well. In a small bowl toss together mozzarella and
  Romano. Spoon about 1 1/2 cups tomato sauce and half of meatballs into
  prepared dish and spoon half of pasta on top. Spread half remaining sauce
  and half cheese mixture over pasta. Top with remaining meatballs and drop
  dollops of ricotta over meatballs. Spread remaining pasta over ricotta and
  top with remaining sauce and remaining cheese mixture. Bake penne in middle
  of oven 30 to 35 minutes, or until golden, and let stand 10 minutes before
  serving.
  
  Yield: 6 to 8 servings
  
  NOTES : Recipe courtesy of Gourmet Magazine
  
  Recipe by: Cooking Live Show #CL9051
  
  Posted to MC-Recipe Digest by "Angele and Jon Freeman"
  &lt;jfreeman@comteck.com&gt; on Feb 7, 1998
 
</step></directions></recipe></recipeml>
