<?xml version="1.0" encoding="UTF-8"?>

<recipeml version="0.5">
  <recipe>
    <head>
      <title>Baked Peaches From the Piedmont</title>
      <categories>
        <cat>Fruits/nuts</cat>
        <cat>Desserts</cat>
        <cat>Italian</cat></categories>
      <yield>8</yield></head>
    <ingredients>
      <ing>
        <amt>
          <qty>6</qty>
          <unit/></amt>
        <item>Ripe peaches</item></ing>
      <ing>
        <amt>
          <qty>1/3</qty>
          <unit>cups</unit></amt>
        <item>Sugar</item></ing>
      <ing>
        <amt>
          <qty>8</qty>
          <unit/></amt>
        <item>Italian macaroons; crushed such as Amaretti di Saronno</item></ing>
      <ing>
        <amt>
          <qty>1</qty>
          <unit/></amt>
        <item>Egg yolk</item></ing>
      <ing>
        <amt>
          <qty>4</qty>
          <unit>tablespoons</unit></amt>
        <item>Unsalted butter; melted</item></ing></ingredients>
    <directions>
      <step>  Try this with white peaches, if available, for a subtle variation on the
  original.
  
  PREHEAT THE OVEN TO 350F and set a rack in the middle level. Rinse, halve
  and pit the peaches. Puree 2 of the peach halves in a food processor. Place
  the puree in a bowl and add the sugar, crushed macaroons and the egg yolk.
  Cover each peach half with this filling and place the peach halves in a
  buttered baking dish. Sprinkle the remaining butter over the peaches and
  bake for about 30 minutes, until the peaches are baked through and the
  filling is a deep golden color. Serve hot or at room temperature.
  
  From Gemini's MASSIVE MealMaster collection at www.synapse.com/~gemini
 
</step></directions></recipe></recipeml>
