<?xml version="1.0" encoding="UTF-8"?>

<recipeml version="0.5">
  <recipe>
    <head>
      <title>Baked Mushroom Rice</title>
      <categories>
        <cat>Casseroles</cat>
        <cat>Mushrooms</cat>
        <cat>Rice</cat>
        <cat>Sent to tnt</cat></categories>
      <yield>8</yield></head>
    <ingredients>
      <ing>
        <amt>
          <qty>2</qty>
          <unit>cups</unit></amt>
        <item>Long grain rice</item></ing>
      <ing>
        <amt>
          <qty>1/4</qty>
          <unit>cups</unit></amt>
        <item>Unsalted butter</item></ing>
      <ing>
        <amt>
          <qty>2</qty>
          <unit>large</unit></amt>
        <item>Onions, finely chopped</item></ing>
      <ing>
        <amt>
          <qty>1/2</qty>
          <unit>pounds</unit></amt>
        <item>Mushrooms, thinly sliced</item></ing>
      <ing>
        <amt>
          <qty>2 1/2</qty>
          <unit>cups</unit></amt>
        <item>Beef broth</item></ing>
      <ing>
        <amt>
          <qty>1</qty>
          <unit>teaspoon</unit></amt>
        <item>Salt</item></ing>
      <ing>
        <amt>
          <qty/>
          <unit/></amt>
        <item>Pepper to taste</item></ing></ingredients>
    <directions>
      <step>  1. Preheat oven to 350 degrees.
  
  2. In a large skillet heat rice, stirring constantly until it turns golden
  brown. Transfer to an 8 quart casserole dish.
  
  3. In the same skillet, melt the butter; add the minced onions and
  mushrooms and saute for five minutes until tender.
  
  4. Bake in the oven for 1 1/4 hours, adding water if necessary to keep
  moist until rice is tender.
  
  Recipe by: Sable &amp; Rosenfeld Cookbook Posted to TNT - Prodigy's Recipe
  Exchange Newsletter  by RecipeLu &lt;recipelu@geocities.com&gt; on Jul 5, 1997
 
</step></directions></recipe></recipeml>
