<?xml version="1.0" encoding="UTF-8"?>

<recipeml version="0.5">
  <recipe>
    <head>
      <title>Baked Pasta</title>
      <categories>
        <cat>Dairy</cat>
        <cat>Main dish</cat>
        <cat>Side dishes</cat></categories>
      <yield>1</yield></head>
    <ingredients>
      <ing>
        <amt>
          <qty>2</qty>
          <unit>cups</unit></amt>
        <item>Onion; chopped</item></ing>
      <ing>
        <amt>
          <qty>2</qty>
          <unit>large</unit></amt>
        <item>Garlic cloves; minced</item></ing>
      <ing>
        <amt>
          <qty>1/4</qty>
          <unit>teaspoons</unit></amt>
        <item>Red pepper flakes</item></ing>
      <ing>
        <amt>
          <qty>1</qty>
          <unit>teaspoon</unit></amt>
        <item>Dried basil</item></ing>
      <ing>
        <amt>
          <qty>1</qty>
          <unit>teaspoon</unit></amt>
        <item>Oregano</item></ing>
      <ing>
        <amt>
          <qty>2</qty>
          <unit>tablespoons</unit></amt>
        <item>Olive oil</item></ing>
      <ing>
        <amt>
          <qty>1</qty>
          <unit>pound</unit></amt>
        <item>Shiitake mushrooms; sliced</item></ing>
      <ing>
        <amt>
          <qty>1/2</qty>
          <unit/></amt>
        <item>Stick butter</item></ing>
      <ing>
        <amt>
          <qty>3</qty>
          <unit>tablespoons</unit></amt>
        <item>Flour</item></ing>
      <ing>
        <amt>
          <qty>2</qty>
          <unit>cups</unit></amt>
        <item>Milk</item></ing>
      <ing>
        <amt>
          <qty>2</qty>
          <unit>cans</unit></amt>
        <item>(28 oz) Italian tomatoes; drained and chopped</item></ing>
      <ing>
        <amt>
          <qty>1/4</qty>
          <unit>pounds</unit></amt>
        <item>(1 cup) Fontina cheese; grated</item></ing>
      <ing>
        <amt>
          <qty>1/4</qty>
          <unit>pounds</unit></amt>
        <item>(1 Cup) Gorganzola; grated</item></ing>
      <ing>
        <amt>
          <qty>1 1/2</qty>
          <unit>cups</unit></amt>
        <item>Parmesan cheese; grated</item></ing>
      <ing>
        <amt>
          <qty>2/3</qty>
          <unit>cups</unit></amt>
        <item>Fresh parsley; chopped</item></ing>
      <ing>
        <amt>
          <qty>1</qty>
          <unit>pound</unit></amt>
        <item>Penne or farfalle pasta</item></ing></ingredients>
    <directions>
      <step>  Make a roux with butter , flour and milk. Saute onion , mushrooms and
  garlic. Pour roux over vegetables and add tomatoes Add seasonings. Set
  aside 1/4 cup Parmesan cheese and add all the rest of the cheeses.
  
  Add pasta to boiling water and boil for 5 minutes. Drain and add to
  mushrooms. Add salt and pepper
  
  Place in a buttered 3-4 quart baking dish. Sprinkle with 1/4 cup Parmesan
  and dot with one TBS butte. Bake at 450 degrees for 25-30 minutesr
  
  Posted to JEWISH-FOOD digest V97 #235 by Judith Sobel &lt;jcs@mindspring.com&gt;
  on Aug 20, 1997
 
</step></directions></recipe></recipeml>
