<?xml version="1.0" encoding="UTF-8"?>

<recipeml version="0.5">
  <recipe>
    <head>
      <title>Baked Pear Gratin</title>
      <categories>
        <cat>Desserts</cat></categories>
      <yield>6</yield></head>
    <ingredients>
      <ing>
        <amt>
          <qty/>
          <unit/></amt>
        <item>Safflower oil, for coating</item></ing>
      <ing>
        <amt>
          <qty/>
          <unit/></amt>
        <item>Baking pan</item></ing>
      <ing>
        <amt>
          <qty>4</qty>
          <unit>medium</unit></amt>
        <item>Winter pears -- such as</item></ing>
      <ing>
        <amt>
          <qty/>
          <unit/></amt>
        <item>Bosc</item></ing>
      <ing>
        <amt>
          <qty>1</qty>
          <unit>tablespoon</unit></amt>
        <item>Lime juice</item></ing>
      <ing>
        <amt>
          <qty>2</qty>
          <unit>tablespoons</unit></amt>
        <item>Dark rum</item></ing>
      <ing>
        <amt>
          <qty>2</qty>
          <unit>tablespoons</unit></amt>
        <item>Ground almonds</item></ing>
      <ing>
        <amt>
          <qty>1/2</qty>
          <unit>teaspoons</unit></amt>
        <item>Cinnamon</item></ing>
      <ing>
        <amt>
          <qty>1</qty>
          <unit>tablespoon</unit></amt>
        <item>Date sugar</item></ing></ingredients>
    <directions>
      <step>  1. Preheat oven to 375 degrees F. Lightly oil a large baking dish.
  
  2. Peel, core, and thinly slice pears and layer in bottom of baking dish.
  Sprinkle with lime juice and rum.
  
  3. Combine almonds, cinnamon, and date sugar. Sprinkle over pears. Cover
  pan with aluminum foil and bake for 40 minutes. Remove aluminum foil and
  place pan under broiler. Broil to a light golden brown (3 to 5 minutes),
  and serve immediately.
  
  Recipe By     : the California Culinary Academy
  
  File ftp://ftp.idiscover.co.uk/pub/food/mealmaster/recipes/mmdja006.zip
 
</step></directions></recipe></recipeml>
