<?xml version="1.0" encoding="UTF-8"?>

<recipeml version="0.5">
  <recipe>
    <head>
      <title>Baked Onion Rings</title>
      <categories>
        <cat>Vegetable</cat></categories>
      <yield>8</yield></head>
    <ingredients>
      <ing>
        <amt>
          <qty>4</qty>
          <unit>large</unit></amt>
        <item>Onions</item></ing>
      <ing>
        <amt>
          <qty>1 1/2</qty>
          <unit>cups</unit></amt>
        <item>Fine dry bread crumbs (half whole wheat preferred)</item></ing>
      <ing>
        <amt>
          <qty>1/2</qty>
          <unit>teaspoons</unit></amt>
        <item>Poultry seasoning</item></ing>
      <ing>
        <amt>
          <qty>3</qty>
          <unit>tablespoons</unit></amt>
        <item>Grated Parmesan cheese (optional)</item></ing>
      <ing>
        <amt>
          <qty>1</qty>
          <unit/></amt>
        <item>Egg (no substitutes please)</item></ing>
      <ing>
        <amt>
          <qty>1</qty>
          <unit>tablespoon</unit></amt>
        <item>Water</item></ing></ingredients>
    <directions>
      <step>   Slice each onion about 1/4-inch thick and separate into rings. Soak in
  cold, salted water about 30 minutes. Drain on paper towels.
  
   Combine bread crumbs, poultry seasoning and Parmesan. In a separate bowl
  mix egg and water; beat well. Dip onion rings into bread crumb mixture,
  then into egg mixture, then into crumbs again. Salt lightly, if desired.
  
   Arrange rings on greased jelly roll pan, cover with foil and bake in a hot
  oven (400 degrees) for 10 minutes. Remove foil and continue baking 20
  minutes more, or until crispy. Serve immediately.
  
  FROM NEWSPAPER
  
  From a collection of my mother's (Judy Hosey) recipe box which contained
  lots of her favorite recipes, clippings, etc.  Downloaded from Glen's MM
  Recipe Archive, http://www.erols.com/hosey.
 
</step></directions></recipe></recipeml>
