<?xml version="1.0" encoding="UTF-8"?>

<recipeml version="0.5">
  <recipe>
    <head>
      <title>Baked Pears #2</title>
      <categories>
        <cat>Dessert</cat></categories>
      <yield>4</yield></head>
    <ingredients>
      <ing>
        <amt>
          <qty>2</qty>
          <unit/></amt>
        <item>Pears; halved and cored</item></ing>
      <ing>
        <amt>
          <qty>1</qty>
          <unit>cup</unit></amt>
        <item>Red wine (I use merlot)</item></ing>
      <ing>
        <amt>
          <qty>1</qty>
          <unit>teaspoon</unit></amt>
        <item>Cinnamon</item></ing>
      <ing>
        <amt>
          <qty>2</qty>
          <unit/></amt>
        <item>Whole cloves</item></ing>
      <ing>
        <amt>
          <qty>1/4</qty>
          <unit>cups</unit></amt>
        <item>Sugar</item></ing></ingredients>
    <directions>
      <step>  From: pcapone@husc8.harvard.edu (Patricia Capone)
  
  Date: 22 Dec 93 17:45:49 GMT
  
  I like to microwave them in red wine sauce, then serve with cinnamon ice
  cream.
  
  1. Microwave (HI) the wine, cinn, cloves, and sugar for 1.5 minutes
  
  2. Place pears in baking dish
  
  3. Pour heated liquid over pears.
  
  4. Cover tightly and microwave (HI) for 12 minutes.
  
  The pears can sit until ready to serve. They stay warm for over 1 hour.
  
  REC.FOOD.RECIPES ARCHIVES
  
  /FRUIT
  
  From rec.food.cooking archives.  Downloaded from Glen's MM Recipe Archive,
  http://www.erols.com/hosey.
 
</step></directions></recipe></recipeml>
