<?xml version="1.0" encoding="UTF-8"?>

<recipeml version="0.5">
  <recipe>
    <head>
      <title>Baked Oysters John Batiste Reboul</title>
      <categories>
        <cat>Seafood</cat></categories>
      <yield>16</yield></head>
    <ingredients>
      <ing>
        <amt>
          <qty>3</qty>
          <unit>pounds</unit></amt>
        <item>Fresh mushrooms; chopped</item></ing>
      <ing>
        <amt>
          <qty>4</qty>
          <unit>ounces</unit></amt>
        <item>Garlic; finely chopped</item></ing>
      <ing>
        <amt>
          <qty>2</qty>
          <unit>ounces</unit></amt>
        <item>Shallots or white part of green onions; finely chopped</item></ing>
      <ing>
        <amt>
          <qty>3</qty>
          <unit>cups</unit></amt>
        <item>Dry white wine (up to)</item></ing>
      <ing>
        <amt>
          <qty>2</qty>
          <unit/></amt>
        <item>Bay leaves</item></ing>
      <ing>
        <amt>
          <qty>1</qty>
          <unit>pinch</unit></amt>
        <item>Thyme</item></ing>
      <ing>
        <amt>
          <qty/>
          <unit/></amt>
        <item>Salt &amp; pepper</item></ing>
      <ing>
        <amt>
          <qty/>
          <unit/></amt>
        <item>Oysters</item></ing>
      <ing>
        <amt>
          <qty/>
          <unit/></amt>
        <item>Hollandaise sauce</item></ing></ingredients>
    <directions>
      <step>  Saut‚ chopped mushrooms in butter; add garlic and shallots, chopped fine.
  Then add and reduce white wine, bay leaves and thyme. Add salt and pepper.
  Cover fresh oysters in a casserole dish with mushroom sauce. Cook in a 450
  degree oven until oysters are done. Cover with a Hollandaise sauce and
  brown under broiler.
  
  LA PROVENCE
  
  HIGHWAY 190, 4 MILES EAST OF
  
  MANDEVILLE, LA
  
  From &lt;A Taste of Louisiana&gt;.  Downloaded from Glen's MM Recipe Archive,
  http://www.erols.com/hosey.
 
</step></directions></recipe></recipeml>
