<?xml version="1.0" encoding="UTF-8"?>

<recipeml version="0.5">
  <recipe>
    <head>
      <title>Baked Peach French Toast</title>
      <categories>
        <cat>The</cat>
        <cat>Pampered</cat>
        <cat>Chef</cat></categories>
      <yield>6</yield></head>
    <ingredients>
      <ing>
        <amt>
          <qty>12</qty>
          <unit>slices</unit></amt>
        <item>French Bread; 1 inch thick</item></ing>
      <ing>
        <amt>
          <qty>3</qty>
          <unit>ounces</unit></amt>
        <item>Cream cheese; softened</item></ing>
      <ing>
        <amt>
          <qty>1</qty>
          <unit>can</unit></amt>
        <item>Peach slices; drained</item></ing>
      <ing>
        <amt>
          <qty>1/4</qty>
          <unit>cups</unit></amt>
        <item>Nuts; chopped</item></ing>
      <ing>
        <amt>
          <qty>1</qty>
          <unit>cup</unit></amt>
        <item>Milk</item></ing>
      <ing>
        <amt>
          <qty>1/3</qty>
          <unit>cups</unit></amt>
        <item>Maple syrup</item></ing>
      <ing>
        <amt>
          <qty>3</qty>
          <unit>large</unit></amt>
        <item>Eggs</item></ing>
      <ing>
        <amt>
          <qty>2</qty>
          <unit>tablespoons</unit></amt>
        <item>Butter or margarine; melted</item></ing>
      <ing>
        <amt>
          <qty>1</qty>
          <unit>tablespoon</unit></amt>
        <item>Sugar</item></ing>
      <ing>
        <amt>
          <qty>1</qty>
          <unit>teaspoon</unit></amt>
        <item>Cinnamon</item></ing>
      <ing>
        <amt>
          <qty>1</qty>
          <unit>teaspoon</unit></amt>
        <item>Vanilla</item></ing></ingredients>
    <directions>
      <step>  Preheat oven to 400. Spread cream cheese onto both sides of bread slices
  using Icing Spreader. Place bread into 9"x13" Baker. Prick bread slices 3-4
  times with Hold 'N Slice. Top bread slices with peach halves. Chop nuts
  with Food Chopper; sprinkle over peaches. Combine remaining ingredients in
  Classic 2-Qt Batter Bowl; whisk with 10" Whisk. Pour egg mixture over
  bread. Bake 20-25 minutes or until egg mixture is set.
  
  NOTES : Variation:  substitute 1 large apple for peach slices.
  
  Recipe by: The Pampered Chef
  
  Posted to EAT-L Digest  by The Taillons &lt;taillon@ACCESS.MOUNTAIN.NET&gt; on
  Jan 20, 1998
 
</step></directions></recipe></recipeml>
