<?xml version="1.0" encoding="UTF-8"?>

<recipeml version="0.5">
  <recipe>
    <head>
      <title>Baked New Potatoes with Prawns</title>
      <categories>
        <cat>Casserole</cat>
        <cat>Main course</cat>
        <cat>New</cat>
        <cat>Potatoes</cat>
        <cat>Prawns</cat></categories>
      <yield>4</yield></head>
    <ingredients>
      <ing>
        <amt>
          <qty>700</qty>
          <unit>grams</unit></amt>
        <item>Large new potatoes</item></ing>
      <ing>
        <amt>
          <qty>4</qty>
          <unit>tablespoons</unit></amt>
        <item>Olive oil</item></ing>
      <ing>
        <amt>
          <qty/>
          <unit/></amt>
        <item>Salt and freshly ground black pepper</item></ing>
      <ing>
        <amt>
          <qty>3</qty>
          <unit/></amt>
        <item>Shallots, ...or...</item></ing>
      <ing>
        <amt>
          <qty>6</qty>
          <unit/></amt>
        <item>Spring onions</item></ing>
      <ing>
        <amt>
          <qty>450</qty>
          <unit>grams</unit></amt>
        <item>Tomatoes, preferably plum</item></ing>
      <ing>
        <amt>
          <qty>2</qty>
          <unit/></amt>
        <item>Garlic cloves</item></ing>
      <ing>
        <amt>
          <qty>1</qty>
          <unit>teaspoon</unit></amt>
        <item>(level) paprika</item></ing>
      <ing>
        <amt>
          <qty>1</qty>
          <unit>tablespoon</unit></amt>
        <item>(level) tomato paste</item></ing>
      <ing>
        <amt>
          <qty>100</qty>
          <unit>grams</unit></amt>
        <item>Goats cheese, pref semi-soft chevre</item></ing>
      <ing>
        <amt>
          <qty>4</qty>
          <unit>tablespoons</unit></amt>
        <item>Creme fraiche or double cream</item></ing>
      <ing>
        <amt>
          <qty>1</qty>
          <unit>tablespoon</unit></amt>
        <item>Chopped chives</item></ing>
      <ing>
        <amt>
          <qty>225</qty>
          <unit>grams</unit></amt>
        <item>Large peeled prawns</item></ing>
      <ing>
        <amt>
          <qty/>
          <unit/></amt>
        <item>Fresh flat-leaf parsley, to garnish</item></ing></ingredients>
    <directions>
      <step>  1. Wash and prick the potatoes. Place in a roasting tin with 1 tbsp oil and
  sprinkle with sea salt. Cook at 200C/400F/Gas 6 for 45min-1hr or until
  soft.
  
  2. Meanwhile, finely chop the shallots. Peel, deseed and roughly chop the
  tomatoes.
  
  3. Heat the remaining oil in a saucepan, add the shallots and cook until
  soft. Crush the garlic and add to the pan with the paprika; cook for 30
  secs. Add the tomato paste and cook for 1 min. Add the tomatoes, season and
  bubble for 15-20 minutes or until the mixture is thick and pulpy.
  
  4. Crumble the goat's cheese, mix with the cr=E8me fra=EEche and chopped
  chives and season with pepper. Cut the potatoes with a cross, about
  three-quarters of the way through, then squeeze to open further. Mix the
  prawns into the tomato mixture, then put a spoonful into each potato.
  
  5. Place the filled potatoes in an ovenproof dish, spoon goat's cheese
  mixture over the top, then cook at 220C/425F/Gas 7 for 15-20 minutes or
  until hot to the centre. Serve immediately, garnished with flat-leafed
  parsley.
  
  NOTES : Although this dish takes a little while to cook in the oven, it's
  so quick and easy to prepare that it makes an ideal supper dish.
  Preparation time: 5 minutes Cooking time: 1 hr 20 minutes
      430    cals per serving
  Recipe by: Good Housekeeping June 97, Food Supplement Posted to MC-Recipe
  Digest V1 #635 by Kerry Erwin &lt;kerry@north.org&gt; on Jun 04, 1997
 
</step></directions></recipe></recipeml>
