<?xml version="1.0" encoding="UTF-8"?>

<recipeml version="0.5">
  <recipe>
    <head>
      <title>Baked Pea Beans</title>
      <categories>
        <cat>Picnic</cat>
        <cat>Dried beans</cat></categories>
      <yield>12</yield></head>
    <ingredients>
      <ing>
        <amt>
          <qty>2</qty>
          <unit>pounds</unit></amt>
        <item>White beans; navy pea beans</item></ing>
      <ing>
        <amt>
          <qty>1</qty>
          <unit/></amt>
        <item>Onion; studded with</item></ing>
      <ing>
        <amt>
          <qty>2</qty>
          <unit/></amt>
        <item>Cloves</item></ing>
      <ing>
        <amt>
          <qty>1</qty>
          <unit/></amt>
        <item>Bay leaf</item></ing>
      <ing>
        <amt>
          <qty>1</qty>
          <unit>tablespoon</unit></amt>
        <item>Salt</item></ing>
      <ing>
        <amt>
          <qty>1</qty>
          <unit>pound</unit></amt>
        <item>Salt pork; lean</item></ing>
      <ing>
        <amt>
          <qty>1</qty>
          <unit>pound</unit></amt>
        <item>Smoked ham</item></ing>
      <ing>
        <amt>
          <qty>3</qty>
          <unit/></amt>
        <item>Onions</item></ing>
      <ing>
        <amt>
          <qty>3</qty>
          <unit/></amt>
        <item>Garlic cloves</item></ing>
      <ing>
        <amt>
          <qty>2</qty>
          <unit>teaspoons</unit></amt>
        <item>Mustard powder</item></ing>
      <ing>
        <amt>
          <qty>1/4</qty>
          <unit>cups</unit></amt>
        <item>Rum</item></ing></ingredients>
    <directions>
      <step>  ^^ SOAK washed and sorted beans overnight. ^^ Drain and add fresh water to
  come 3 inches above the beans. Add the onion stuck with cloves, bay leaf,
  and salt, and bring to a boil. Boil rapidly for 5 minutes. Skim the top,
  reduce the heat and simmer until the beans are tender but not mushy. ^^
  Meanwhile, put the salt pork in water and bring to a boil. Lower the heat
  and simmer for 25 minutes. Remove the pork from the water and cut it first
  into slices, then into small pieces. Cut the ham into strips. ^^ Peel and
  chop the onions and garlic cloves. Blend the mustard with a little bean
  liquid. Taste the beans for seasoning. Place a layer of the beans in the
  bottom of a large baking dish. Add a layer of salt pork, ham, onion, and
  garlic. Repeat the layers ending with beans on top. Pour the mustard water
  over the mixture, and add enough bean liquid to come to the top of the
  baking dish. Bake in preheated moderate oven (350F) for 90 mins. !! Keep
  the beans moist while baking; add more bean liquid or water. ^^ After 90
  mins. remove and pour the run over the beans. Return to oven and bake
  another 45 minutes, or until nicely browned and bubbly. Reheat at picnic on
  camp stove or serve cold. (c) 1966 by Woman's Day Encyclopedia of Cookery.
  NY: Fawcett, Inc. [mc-recipe: patH Sep 96]
  
  Recipe By     : Picnics by James A. Beard
  
  Posted to MC-Recipe Digest V1 #222
  
  Date: Fri, 20 Sep 1996 08:58:49 -0700 (PDT)
  
  From: PatH &lt;phannema@wizard.ucr.edu&gt;
  
  NOTES : "Beach Picnic" Menu Cold Broiled Chicken / Baked Pea Beans /
  Pungent French Roll Salad / Cheese and Pears / Peanut Butter Cookies /
  Beverages
 
</step></directions></recipe></recipeml>
