<?xml version="1.0" encoding="UTF-8"?>

<recipeml version="0.5">
  <recipe>
    <head>
      <title>Baked Pasta and Cheese Supreme</title>
      <categories>
        <cat>None</cat></categories>
      <yield>4</yield></head>
    <ingredients>
      <ing>
        <amt>
          <qty>8</qty>
          <unit>ounces</unit></amt>
        <item>Uncooked fusilli pasta</item></ing>
      <ing>
        <amt>
          <qty>8</qty>
          <unit>ounces</unit></amt>
        <item>Uncooked bacon; diced</item></ing>
      <ing>
        <amt>
          <qty>1/2</qty>
          <unit/></amt>
        <item>Onion; chopped</item></ing>
      <ing>
        <amt>
          <qty>2</qty>
          <unit/></amt>
        <item>Cloves garlic; minced</item></ing>
      <ing>
        <amt>
          <qty>2</qty>
          <unit>teaspoons</unit></amt>
        <item>Dried oregano; divided</item></ing>
      <ing>
        <amt>
          <qty>1</qty>
          <unit>can</unit></amt>
        <item>Tomato sauce; (8 ounce)</item></ing>
      <ing>
        <amt>
          <qty>1</qty>
          <unit>teaspoon</unit></amt>
        <item>Hot pepper sauce; optional</item></ing>
      <ing>
        <amt>
          <qty>1 1/2</qty>
          <unit>cups</unit></amt>
        <item>Cheddar or Colby cheese (6 ounces); shredded</item></ing>
      <ing>
        <amt>
          <qty>1/2</qty>
          <unit>cups</unit></amt>
        <item>Fresh bread crumbs; (1 sl. white bread)</item></ing>
      <ing>
        <amt>
          <qty>1</qty>
          <unit>tablespoon</unit></amt>
        <item>Butter; melted</item></ing></ingredients>
    <directions>
      <step>  Preheat oven to 400F. Cook pasta according to package directions; drain.
  
  Meanwhile, cook bacon in large ovenproof skillet over medium heat until
  crisp; drain. Add onion, garlic and 1 teaspoon oregano to skillet; cook and
  stir about 3 minutes or until onion is tender. Stir in tomato sauce and hot
  pepper sauce. Add cooked pasta and cheese to skillet; stir to coat.
  
  Combine bread crumbs, remaining 1 teaspoon oregano and melted butter in
  small bowl; sprinkle over pasta mixture. Bake about 5 minutes or until hot
  and bubbly. Garnish, if desired.
  
  Recipe by: Favorite Brand Name Recipes--Casseroles &amp; Country Favorites
  
  Posted to MC-Recipe Digest V1 #990 by "creedenites"
  &lt;creedenites@sprintmail.com&gt; on Jan 7, 1998
 
</step></directions></recipe></recipeml>
