<?xml version="1.0" encoding="UTF-8"?>

<recipeml version="0.5">
  <recipe>
    <head>
      <title>Baked Hush Puppies</title>
      <categories>
        <cat>None</cat></categories>
      <yield>1</yield></head>
    <ingredients>
      <ing>
        <amt>
          <qty>1</qty>
          <unit>cup</unit></amt>
        <item>Yellow cornmeal</item></ing>
      <ing>
        <amt>
          <qty>1</qty>
          <unit>teaspoon</unit></amt>
        <item>Baking powder</item></ing>
      <ing>
        <amt>
          <qty>1/2</qty>
          <unit>teaspoons</unit></amt>
        <item>Salt</item></ing>
      <ing>
        <amt>
          <qty>1/2</qty>
          <unit>teaspoons</unit></amt>
        <item>Paprika</item></ing>
      <ing>
        <amt>
          <qty>1/2</qty>
          <unit>cups</unit></amt>
        <item>Skim milk</item></ing>
      <ing>
        <amt>
          <qty>1</qty>
          <unit/></amt>
        <item>Egg white</item></ing>
      <ing>
        <amt>
          <qty>1</qty>
          <unit>tablespoon</unit></amt>
        <item>Canola oil</item></ing></ingredients>
    <directions>
      <step>  Source: Healthy Meals in Minutes
  
  1.Preheat oven to 425° F. Spray a baking sheet with vegetable cooking
  spray.
  
  2.In a large bowl, combine cornmeal, baking powder, salt, and paprika. Mix
  well.
  
  3.In a small bowl, whisk together milk, egg white, and oil until smooth.
  
  4.Add milk mixture to cornmeal mixture. Stir until batter is just combined.
  Shape the batter into 1 1/2-inch rounds. Place rounds, 1 inch apart, on
  prepared baking sheet.
  
  5.Bake hush puppies until tops are firm and golden, about 10 to 15 minutes.
  Serve immediately.
  SERVES 6
  
  PER SERVING: Calories 104 (26% from fat), Carbohydrates 17g, Protein 3 g,
  Sodium 286 mg, Fat 3 g, Cholesterol 1mg.
  
  Posted to EAT-LF Digest by Lisa Whittington &lt;esordliw@pacbell.net&gt; on Feb
  08, 1998
 
</step></directions></recipe></recipeml>
