<?xml version="1.0" encoding="UTF-8"?>

<recipeml version="0.5">
  <recipe>
    <head>
      <title>Baked Honey Custard</title>
      <categories>
        <cat>Desserts</cat></categories>
      <yield>4</yield></head>
    <ingredients>
      <ing>
        <amt>
          <qty>1/2</qty>
          <unit>teaspoons</unit></amt>
        <item>Salt</item></ing>
      <ing>
        <amt>
          <qty>1/2</qty>
          <unit>teaspoons</unit></amt>
        <item>Almond extract</item></ing>
      <ing>
        <amt>
          <qty>4</qty>
          <unit/></amt>
        <item>Eggs</item></ing>
      <ing>
        <amt>
          <qty>2 1/2</qty>
          <unit>cups</unit></amt>
        <item>Milk</item></ing>
      <ing>
        <amt>
          <qty>1/2</qty>
          <unit>cups</unit></amt>
        <item>Honey</item></ing></ingredients>
    <directions>
      <step>  Beat eggs slightly with fork; add honey, milk, salt and almond extract.
  Pour into custard cups (or bake dish). Place in pan and pour boiling water
  (2 inches) around cups. Bake in moderate oven, 350 degrees 40 to 50 minutes
  or until center is firm. Remove from water to cool. Chill, unmold or serve
  in cups plain or with favorite sauce. Makes 6 servings.
  
  Recipe by: Key Gourmet
  
  Posted to recipelu-digest by James and Susan Kirkland &lt;kirkland@gj.net&gt; on
  Feb 24, 1998
 
</step></directions></recipe></recipeml>
