<?xml version="1.0" encoding="UTF-8"?>

<recipeml version="0.5">
  <recipe>
    <head>
      <title>Baked Kibbee</title>
      <categories>
        <cat>Meat</cat></categories>
      <yield>5</yield></head>
    <ingredients>
      <ing>
        <amt>
          <qty>2</qty>
          <unit>pounds</unit></amt>
        <item>Raw kibbee</item></ing>
      <ing>
        <amt>
          <qty>1</qty>
          <unit>pound</unit></amt>
        <item>Meat filling</item></ing>
      <ing>
        <amt>
          <qty>1/2</qty>
          <unit>cups</unit></amt>
        <item>Onion</item></ing>
      <ing>
        <amt>
          <qty>1/4</qty>
          <unit>cups</unit></amt>
        <item>Pine nuts</item></ing>
      <ing>
        <amt>
          <qty>1</qty>
          <unit>pinch</unit></amt>
        <item>Cinnamon</item></ing>
      <ing>
        <amt>
          <qty>4</qty>
          <unit>tablespoons</unit></amt>
        <item>Olive oli</item></ing></ingredients>
    <directions>
      <step>  Date: Tue, 23 Apr 1996 20:16:45 -7
  
  From: arlenes@holly.ColoState.EDU
  
  Pour 2 T. olive oil in bottom of 9x13 in pan.  Divide raw kibbee in half
  and press half into pan. Cover with meat filling and press other half of
  kibbee on top. Spread remaining olive oil on top. Bake until deep brown at
  375 degrees. Meat filling: Coarse grind 1lb. beef or lamb ( I prefer Lamb
  for filling) Brown pine nuts in butter and add onions until translucent.
  Brown meat with pinch of cinnamon. Combine with pine nuts and onions Serve
  with plain yogurt. Things I forget to tell you: Just before kibbee is ready
  to go into oven, score the top layer(about 1/2 inch deep) into 2 inch
  squares. Posted by Dar Rains, Fidonet Cooking
  
  MM-RECIPES@IDISCOVER.NET
  
  MEAL-MASTER RECIPES LISTSERVER
  
  MM-RECIPES DIGEST V3 #116
  
  From the MealMaster recipe list.  Downloaded from Glen's MM Recipe Archive,
  http://www.erols.com/hosey.
 
</step></directions></recipe></recipeml>
