<?xml version="1.0" encoding="UTF-8"?>

<recipeml version="0.5">
  <recipe>
    <head>
      <title>Baked Macaroni and Cheese</title>
      <categories>
        <cat>Pasta</cat></categories>
      <yield>1</yield></head>
    <ingredients>
      <ing>
        <amt>
          <qty>2</qty>
          <unit>pounds</unit></amt>
        <item>Bag of elbow macaroni, cooked butter or margarine</item></ing>
      <ing>
        <amt>
          <qty>2</qty>
          <unit/></amt>
        <item>Eggs, well beaten can of evaporated milk (or whole milk)</item></ing>
      <ing>
        <amt>
          <qty>8</qty>
          <unit>ounces</unit></amt>
        <item>*each* of medium cheddar, monterey jack, and colby, grated</item></ing></ingredients>
    <directions>
      <step>  In 9x13" pan, spray with Pam. Spread half of cooked macaroni in pan.
  Sprinkle half of each cheese on top, using monterey jack in middle. Dot
  with butter, and pour half of egg on top. Pour evaporated milk on top
  (maybe about 1/4 - scant 1/2 of can). Repeat.
  
  Bake at 350-375F until cooked throughout, and top is brownish.
  
  Very rich, but delish. Freezes well.
  
  From: Nancy Bird                      Date: Fri 11 Ma
    Posted to MM-Recipes Digest V3 #266
  
    Date: Sat, 28 Sep 1996 12:31:57 -0500
  
    From: netdir@cyberspc.mb.ca (S.Pickell)
 
</step></directions></recipe></recipeml>
