<?xml version="1.0" encoding="UTF-8"?>

<recipeml version="0.5">
  <recipe>
    <head>
      <title>Baked Huevos Rancheros</title>
      <categories>
        <cat>Eggs</cat>
        <cat>Tex-mex</cat></categories>
      <yield>6</yield></head>
    <ingredients>
      <ing>
        <amt>
          <qty>1</qty>
          <unit>cup</unit></amt>
        <item>Onion; chopped</item></ing>
      <ing>
        <amt>
          <qty>1</qty>
          <unit>cup</unit></amt>
        <item>Bell pepper, green; chopped</item></ing>
      <ing>
        <amt>
          <qty>2</qty>
          <unit/></amt>
        <item>Garlic clove; minced</item></ing>
      <ing>
        <amt>
          <qty>3</qty>
          <unit>tablespoons</unit></amt>
        <item>Olive oil</item></ing>
      <ing>
        <amt>
          <qty>1</qty>
          <unit>tablespoon</unit></amt>
        <item>Flour</item></ing>
      <ing>
        <amt>
          <qty>32</qty>
          <unit>ounces</unit></amt>
        <item>Tomato; drained &amp; chopped</item></ing>
      <ing>
        <amt>
          <qty>1/2</qty>
          <unit>teaspoons</unit></amt>
        <item>Oregano, dried</item></ing>
      <ing>
        <amt>
          <qty>1/2</qty>
          <unit>teaspoons</unit></amt>
        <item>Cumin, ground</item></ing>
      <ing>
        <amt>
          <qty>1/2</qty>
          <unit>teaspoons</unit></amt>
        <item>Chili powder</item></ing>
      <ing>
        <amt>
          <qty>1/4</qty>
          <unit>teaspoons</unit></amt>
        <item>Salt</item></ing>
      <ing>
        <amt>
          <qty>1/8</qty>
          <unit>teaspoons</unit></amt>
        <item>Pepper</item></ing>
      <ing>
        <amt>
          <qty>1/4</qty>
          <unit>cups</unit></amt>
        <item>Wine, white</item></ing>
      <ing>
        <amt>
          <qty>6</qty>
          <unit/></amt>
        <item>Eggs</item></ing>
      <ing>
        <amt>
          <qty>1/2</qty>
          <unit>cups</unit></amt>
        <item>Cheddar, sharp; shredded</item></ing>
      <ing>
        <amt>
          <qty>1/4</qty>
          <unit>cups</unit></amt>
        <item>Olives, black; sliced</item></ing>
      <ing>
        <amt>
          <qty>1/4</qty>
          <unit>cups</unit></amt>
        <item>Scallion; chopped</item></ing></ingredients>
    <directions>
      <step>  Saute onion, green pepper and garlic in oil.
  
  Stir in flour and cook 1 minute.  Add next 7 ingredients; cook over medium
  heat 5 minutes.  Pour sauce into a 12x8x2 inch baking dish. At this point
  you can continue or set into refrigerator awaiting the appointed hour.
  Remove from fridge and a hour before serving time. Make 6 indentations in
  sauce, and break an egg into each. Sprinkle with cheese, black olives and
  green onions.  Bake at 350 F. for 15 minutes or until eggs are set. Serve
  immediately.
  
  From Gemini's MASSIVE MealMaster collection at www.synapse.com/~gemini
 
</step></directions></recipe></recipeml>
