<?xml version="1.0" encoding="UTF-8"?>

<recipeml version="0.5">
  <recipe>
    <head>
      <title>Baked Ham Steaks</title>
      <categories>
        <cat/></categories>
      <yield>100</yield></head>
    <ingredients>
      <ing>
        <amt>
          <qty>2</qty>
          <unit>quarts</unit></amt>
        <item>WATER</item></ing>
      <ing>
        <amt>
          <qty>25</qty>
          <unit>pounds</unit></amt>
        <item>HAM SECTIONED CURED</item></ing>
      <ing>
        <amt>
          <qty>3</qty>
          <unit>pounds</unit></amt>
        <item>SUGAR; BROWN, 2 LB</item></ing>
      <ing>
        <amt>
          <qty>1/4</qty>
          <unit>cups</unit></amt>
        <item>MUSTARD FLOUR</item></ing>
      <ing>
        <amt>
          <qty>3</qty>
          <unit>cups</unit></amt>
        <item>VINEGAR CIDER</item></ing>
      <ing>
        <amt>
          <qty>PAN:</qty>
          <unit>18</unit></amt>
        <item>BY 24-INCH ROASTING PAN               TEMPERATURE:  325 F. OVEN</item></ing></ingredients>
    <directions>
      <step>  1.  IN STEP 1, SLICE HAM INTO 4 OZ STEAKS.
  
  2.  ARRANGE STEAKS OVERLAPPING IN 2 ROASTING PANS.
  
  3.  MIX TOGETHER 3 LB (2 QT) BROWN SUGAR AND 3/4 OZ (1/4 CUP) MUSTARD
  FLOUR;
  SPRINKLE OVER HAM STEAKS IN EACH PAN.
  
  4.  COMBINE 3 CUPS VINEGAR AND 2 QT WATER; POUR 5 1/2 CUPS OVER HAM STEAKS
  IN EACH PAN.
  
  5.  BAKE 1 TO 1 1/2 HOURS. EACH PORTION:  1 STEAK (3 1/4 OUNCES).
  
  NOTE:  1.  IN STEP 1, RACKS MAY BE USED.
  
  NOTE:  2.  OTHER SIZES AND TYPES OF PANS MAY BE USED. SEE RECIPE NO.
  A-25.
  
  Recipe Number: L07101
  
  SERVING SIZE: 1 STEAK (3
  
  From the &lt;Army Master Recipe Index File&gt; (actually used today!).
  Downloaded from Glen's MM Recipe Archive, http://www.erols.com/hosey.
 
</step></directions></recipe></recipeml>
