<?xml version="1.0" encoding="UTF-8"?>

<recipeml version="0.5">
  <recipe>
    <head>
      <title>Baked Macaroni Primavera</title>
      <categories>
        <cat>None</cat></categories>
      <yield>6</yield></head>
    <ingredients>
      <ing>
        <amt>
          <qty>8</qty>
          <unit>ounces</unit></amt>
        <item>Dried whole wheat macaroni</item></ing>
      <ing>
        <amt>
          <qty/>
          <unit/></amt>
        <item>(see note)</item></ing>
      <ing>
        <amt>
          <qty>1/4</qty>
          <unit>cups</unit></amt>
        <item>Dry sherry</item></ing>
      <ing>
        <amt>
          <qty>1</qty>
          <unit>teaspoon</unit></amt>
        <item>Olive oil</item></ing>
      <ing>
        <amt>
          <qty>1/3</qty>
          <unit>cups</unit></amt>
        <item>Chopped green onions --</item></ing>
      <ing>
        <amt>
          <qty/>
          <unit/></amt>
        <item>Including tops</item></ing>
      <ing>
        <amt>
          <qty>1</qty>
          <unit>teaspoon</unit></amt>
        <item>Minced garlic</item></ing>
      <ing>
        <amt>
          <qty>1</qty>
          <unit/></amt>
        <item>Red bell pepper -- seeded</item></ing>
      <ing>
        <amt>
          <qty/>
          <unit/></amt>
        <item>And chopped</item></ing>
      <ing>
        <amt>
          <qty>1/4</qty>
          <unit>teaspoons</unit></amt>
        <item>Ground cumin</item></ing>
      <ing>
        <amt>
          <qty>1/2</qty>
          <unit>teaspoons</unit></amt>
        <item>Dried oregano</item></ing>
      <ing>
        <amt>
          <qty>1</qty>
          <unit>tablespoon</unit></amt>
        <item>Chopped fresh basil</item></ing>
      <ing>
        <amt>
          <qty>1/2</qty>
          <unit>cups</unit></amt>
        <item>Asparagus -- cut diagonally</item></ing>
      <ing>
        <amt>
          <qty>1</qty>
          <unit>cup</unit></amt>
        <item>Halved cherry tomatoes</item></ing>
      <ing>
        <amt>
          <qty>1/2</qty>
          <unit>cups</unit></amt>
        <item>Whole snow peas -- trimmed</item></ing></ingredients>
    <directions>
      <step>  ~----Primavera Sauce----- 2 teaspoons butter 2 teaspoons flour 1 cup nonfat
  milk 1/3 cup grated Parmesan cheese 1/4 teaspoon ground white pepper
  
  1. Preheat oven to 400 degrees F. In a large pot, heat water to boil. Add
  pasta and cook until just tender (about 8 minutes). Drain and rinse pasta
  under cold water. Place in a large bowl and set aside.
  
  2. Lightly grease a large baking dish. In a skillet heat sherry and olive
  oil and saute green onion, garlic, and bell pepper until pepper is soft but
  not mushy. Add cumin, oregano, basil, asparagus (cut diagonally into 2-inch
  pieces), cherry tomatoes, and snow peas, and saute 2 minutes, stirring
  frequently.
  
  3. Remove from heat and toss with pasta and Primavera Sauce. Spoon into
  baking dish. Bake until lightly browned and bubbling (about 25 minutes).
  
  Primavera Sauce: In a saucepan heat butter and stir in flour. Cook 2
  minutes, stirring, to eliminate floury taste, then slowly add milk,
  stirring with a whisk. If milk is added slowly enough, the sauce should
  thicken to a heavy cream consistency. Add cheese and pepper.
  
  Recipe By     : The California Culinary Academy
  
  File ftp://ftp.idiscover.co.uk/pub/food/mealmaster/recipes/mmdja006.zip
 
</step></directions></recipe></recipeml>
