<?xml version="1.0" encoding="UTF-8"?>

<recipeml version="0.5">
  <recipe>
    <head>
      <title>Baked Halvah</title>
      <categories>
        <cat>Dessert</cat></categories>
      <yield>36</yield></head>
    <ingredients>
      <ing>
        <amt>
          <qty/>
          <unit/></amt>
        <item>Brandied Sugar Syrup; see recipe</item></ing>
      <ing>
        <amt>
          <qty>1</qty>
          <unit>cup</unit></amt>
        <item>Unsalted butter; softened</item></ing>
      <ing>
        <amt>
          <qty/>
          <unit/></amt>
        <item>Plus butter for baking dish</item></ing>
      <ing>
        <amt>
          <qty>1</qty>
          <unit>cup</unit></amt>
        <item>Sugar</item></ing>
      <ing>
        <amt>
          <qty>6</qty>
          <unit/></amt>
        <item>Eggs</item></ing>
      <ing>
        <amt>
          <qty>2</qty>
          <unit>cups</unit></amt>
        <item>Farina</item></ing>
      <ing>
        <amt>
          <qty>1</qty>
          <unit>teaspoon</unit></amt>
        <item>Baking powder</item></ing>
      <ing>
        <amt>
          <qty>1</qty>
          <unit>teaspoon</unit></amt>
        <item>Ground cinnamon</item></ing>
      <ing>
        <amt>
          <qty>1</qty>
          <unit>teaspoon</unit></amt>
        <item>Vanilla extract</item></ing>
      <ing>
        <amt>
          <qty>1</qty>
          <unit>cup</unit></amt>
        <item>Pine nuts</item></ing></ingredients>
    <directions>
      <step>  Prepare syrup; cool to room temperature. In a large bowl beat the 1 cup
  butter with a wooden spoon until creamy. Add sugar and beat until smooth;
  set aside. Preheat oven to 350 degrees. Break eggs, separating whites into
  a large bowl and yolks into a smaller bowl. Beat yolks until pale yellow.
  Beat egg whites until stiff peaks form, then fold in yolks. Stir farina
  into butter mixture, then beat in eggs. Stir in baking powder, cinnamon,
  vanilla, and pine nuts, beating to mix thoroughly. Butter a 9 by 13-inch
  baking dish and pour in halvah mixture, smoothing top with a spatula. Bake
  until set (about 35 minutes). Remove halvah from oven and pour cooled syrup
  evenly over top. Cool to room temperature.
  
  Serving Ideas : Cut into small diamonds or squares to serve.
  
  NOTES : Yield: 3 dozen pieces.
  
  Recipe by: Cole Publishing Group Recipe Collection
  
  Posted to JEWISH-FOOD digest Volume 98 #017 by lisamontag@juno.com (Lisa
  Montag) on Jan 10, 1998
 
</step></directions></recipe></recipeml>
