<?xml version="1.0" encoding="UTF-8"?>

<recipeml version="0.5">
  <recipe>
    <head>
      <title>Baked Halibut Supreme</title>
      <categories>
        <cat>Fish</cat>
        <cat>Seafood</cat>
        <cat>Mine</cat></categories>
      <yield>1</yield></head>
    <ingredients>
      <ing>
        <amt>
          <qty>1</qty>
          <unit>cup</unit></amt>
        <item>White wine</item></ing>
      <ing>
        <amt>
          <qty>1</qty>
          <unit>pound</unit></amt>
        <item>Halibut</item></ing>
      <ing>
        <amt>
          <qty>1</qty>
          <unit>cup</unit></amt>
        <item>Mayonnaise</item></ing>
      <ing>
        <amt>
          <qty>1/4</qty>
          <unit>cups</unit></amt>
        <item>Chopped onions</item></ing>
      <ing>
        <amt>
          <qty>5</qty>
          <unit/></amt>
        <item>Slices of bread crumbled</item></ing>
      <ing>
        <amt>
          <qty>1</qty>
          <unit>teaspoon</unit></amt>
        <item>Salt</item></ing>
      <ing>
        <amt>
          <qty>1/2</qty>
          <unit>cups</unit></amt>
        <item>Sour cream</item></ing>
      <ing>
        <amt>
          <qty/>
          <unit/></amt>
        <item>Paprika</item></ing></ingredients>
    <directions>
      <step>  Mix wine and salt, marinate fish for 1 hour or all day is best. Drain fish:
  dry with paper towels. Dip both sides of fish into bread crumbs; place in
  buttered baking dish. Mix mayonnaise, sour cream and onions and spread over
  halibut. Sprinkle with remaining crumbs and paprika. Bake at 500 degrees
  for 20 minutes or until fish flakes with fork.
  Posted to MM-Recipes Digest V4 #262 by Michael McLaughlin
  &lt;mmclaughlin@micronet.net&gt; on Oct 04, 1997
 
</step></directions></recipe></recipeml>
