<?xml version="1.0" encoding="UTF-8"?>

<recipeml version="0.5">
  <recipe>
    <head>
      <title>Baked Macaroni and Cheese</title>
      <categories>
        <cat/></categories>
      <yield>100</yield></head>
    <ingredients>
      <ing>
        <amt>
          <qty>2 1/2</qty>
          <unit>gallons</unit></amt>
        <item>WATER; WARM</item></ing>
      <ing>
        <amt>
          <qty>4</qty>
          <unit>gallons</unit></amt>
        <item>WATER; BOILING</item></ing>
      <ing>
        <amt>
          <qty>8</qty>
          <unit>pounds</unit></amt>
        <item>CHEESE CHEDDER</item></ing>
      <ing>
        <amt>
          <qty>8</qty>
          <unit>ounces</unit></amt>
        <item>BUTTER PRINT SURE</item></ing>
      <ing>
        <amt>
          <qty>1 1/2</qty>
          <unit>pounds</unit></amt>
        <item>BUTTER PRINT SURE</item></ing>
      <ing>
        <amt>
          <qty>2</qty>
          <unit>pounds</unit></amt>
        <item>MILK; DRY NON-FAT L HEAT</item></ing>
      <ing>
        <amt>
          <qty>8</qty>
          <unit>pounds</unit></amt>
        <item>MACARONI; 10 LB</item></ing>
      <ing>
        <amt>
          <qty>1</qty>
          <unit>pound</unit></amt>
        <item>BREAD SNDWICH 22OZ #51</item></ing>
      <ing>
        <amt>
          <qty>1 1/8</qty>
          <unit>pounds</unit></amt>
        <item>FLOUR GEN PURPOSE 10LB</item></ing>
      <ing>
        <amt>
          <qty>1</qty>
          <unit>tablespoon</unit></amt>
        <item>PEPPER BLACK 1 LB CN</item></ing>
      <ing>
        <amt>
          <qty>2</qty>
          <unit>ounces</unit></amt>
        <item>SALT TABLE 5LB</item></ing>
      <ing>
        <amt>
          <qty>2</qty>
          <unit>ounces</unit></amt>
        <item>SALT TABLE 5LB</item></ing>
      <ing>
        <amt>
          <qty>PAN:</qty>
          <unit>18</unit></amt>
        <item>BY 24-INCH ROASTING PAN               TEMPERATURE:  350 F. OVEN</item></ing></ingredients>
    <directions>
      <step>  :
  
  1.  ADD MACARONI SLOWLY TO  SALTED WATER; COOK 15 MINUTES OR UNTIL TENDER;
  STIR OCCASIONALLY TO PREVENT STICKING.
  
  2.  DRAIN.  SET ASIDE FOR USE IN STEP 7.
  
  3.  RECONSTITUTE MILK; HEAT TO JUST BELOW BOILING.  DO NOT BOIL.
  
  4.  BLEND BUTTER OR MARGARINE AND FLOUR TOGETHER; STIR UNTIL SMOOTH.
  ADD ROUX TO HOT MILK, STIRRING CONSTANTLY.
  
  5.  ADD SALT AND PEPPER.  BRING MIXTURE TO A BOIL; REDUCE HEAT; SIMMER 5
  MINUTES OR UNTIL THICKENED. STIR FREQUENTLY TO PREVENT SCORCHING.
  
  6.  ADD CHEESE TO SAUCE; STIR ONLY UNTIL SMOOTH; REMOVE FROM HEAT.
  
  7.  COMBINE SAUCE AND MACARONI; MIX WELL.
  
  8.  PLACE ABOUT 3 1/4 GAL MIXTURE IN EACH WELL-GREASED PAN.
  
  9.  COMBINE BREAD CRUMBS AND MELTED BUTTER OR MARGARINE; SPRINKLE OVER
  MIXTURE IN EACH PAN.
  
  10. BAKE 25 MINUTES OR UNTIL BROWNED.
  :
  
  NOTE:  1.  IN STEP 6, 3 LB (1-NO. 10 CN) CHEESE, AMERICAN, DEHYDRATED,
  COMBINED WITH 1 1/2 QT WARM WATER MAY BE USED.  SEE RECIPE NO. F-G-1.
  
  NOTE:  2.  OTHER SIZES AND TYPES OF PANS MAY BE USED.  SEE RECIPE NO.
  A-25.
  
  NOTE:  3.  IN STEP 10, IF CONVECTION OVEN IS USED, BAKE AT 300 F. 15
  TO 20 MINUTES OR UNTIL BROWN ON HIGH FAN, OPEN VENT.
  
  NOTE:  4.  TWO-NO. 8 SCOOPS MAY BE USED.  SEE RECIPE NO. A-4.
  
  Recipe Number: F00100
  
  SERVING SIZE: 8 OZ (1 CU
  
  From the &lt;Army Master Recipe Index File&gt; (actually used today!).
  Downloaded from Glen's MM Recipe Archive, http://www.erols.com/hosey.
 
</step></directions></recipe></recipeml>
