<?xml version="1.0" encoding="UTF-8"?>

<recipeml version="0.5">
  <recipe>
    <head>
      <title>Baked Lobster Savannah</title>
      <categories>
        <cat>Fish and se</cat>
        <cat>American cl</cat></categories>
      <yield>4</yield></head>
    <ingredients>
      <ing>
        <amt>
          <qty>2</qty>
          <unit>ounces</unit></amt>
        <item>Butter</item></ing>
      <ing>
        <amt>
          <qty>2</qty>
          <unit>cups</unit></amt>
        <item>Mushrooms; sliced</item></ing>
      <ing>
        <amt>
          <qty>1</qty>
          <unit>cup</unit></amt>
        <item>Bell peppers; diced</item></ing>
      <ing>
        <amt>
          <qty>1</qty>
          <unit>tablespoon</unit></amt>
        <item>Spanish paprika</item></ing>
      <ing>
        <amt>
          <qty>1 1/2</qty>
          <unit>cups</unit></amt>
        <item>Sherry</item></ing>
      <ing>
        <amt>
          <qty>1</qty>
          <unit>dash</unit></amt>
        <item>Salt; to taste</item></ing>
      <ing>
        <amt>
          <qty>1</qty>
          <unit>dash</unit></amt>
        <item>Black pepper; to taste</item></ing>
      <ing>
        <amt>
          <qty>4</qty>
          <unit>cups</unit></amt>
        <item>Locke-Ober Cream Sauce; See Recipe</item></ing>
      <ing>
        <amt>
          <qty>1/2</qty>
          <unit>cups</unit></amt>
        <item>Pimientos; diced</item></ing>
      <ing>
        <amt>
          <qty>4</qty>
          <unit/></amt>
        <item>3-pound whole lobsters; boiled and cooled</item></ing>
      <ing>
        <amt>
          <qty>4</qty>
          <unit>teaspoons</unit></amt>
        <item>Parmesan cheese; grated</item></ing>
      <ing>
        <amt>
          <qty>NOTE:</qty>
          <unit>If</unit></amt>
        <item>you are using lobsters smaller than three pounds each, you will</item></ing></ingredients>
    <directions>
      <step>  need enough smaller lobsters to produce a total of about 8 cups of meat
  after boiling and cooling.
  
  STEP ONE: The Sauce-- Heat butter to melting point in a large saucepan, add
  mushrooms and green pepper. Cook until tender. Add paprika and stir in
  sherry. Cook until liquid is reduced by half. Salt and pepper to taste; add
  cream sauce (see included recipe in this cookbook) and pimientos and blend
  well. Bring to a simmer.
  
  STEP TWO: The Lobster-- This can be done while vegetables are cooking.
  Remove claws and knuckles from lobster. Hold lobster with its top side up.
  With kitchen shears, cut an oval opening in top of shell from tip of tail
  to base of head. Remove meat from body, claws, and knuckles. Cut in a large
  dice.
  
  CHEF'S NOTE: Discard intestinal vein and stomach--a hard sac near the
  head--before dicing.
  
  STEP THREE: Add meat to sauce and simmer slowly for 10 minutes. Divide
  mixture evenly and spoon back into lobster shell. Dust with grated parmesan
  cheese and brown in a 375-degree oven for 15 minutes. Serve.
  
  Recipe by: Locke-Ober, Boston, MA
  
  Posted to TNT - Prodigy's Recipe Exchange Newsletter  by "Yolanda de
  Ortega" &lt;yillingw@gye.satnet.net&gt; on Nov 5, 1997
 
</step></directions></recipe></recipeml>
