<?xml version="1.0" encoding="UTF-8"?>

<recipeml version="0.5">
  <recipe>
    <head>
      <title>Baked Haddock</title>
      <categories>
        <cat>Fish</cat>
        <cat>Main dishes</cat></categories>
      <yield>4</yield></head>
    <ingredients>
      <ing>
        <amt>
          <qty>4</qty>
          <unit/></amt>
        <item>Haddock fillets</item></ing>
      <ing>
        <amt>
          <qty>1/2</qty>
          <unit>cups</unit></amt>
        <item>Butter; melted</item></ing>
      <ing>
        <amt>
          <qty>1/4</qty>
          <unit>cups</unit></amt>
        <item>Lemon juice</item></ing>
      <ing>
        <amt>
          <qty>2</qty>
          <unit>tablespoons</unit></amt>
        <item>Worcestershire sauce</item></ing>
      <ing>
        <amt>
          <qty>1/4</qty>
          <unit>teaspoons</unit></amt>
        <item>Ground chili peppers</item></ing>
      <ing>
        <amt>
          <qty>1</qty>
          <unit>teaspoon</unit></amt>
        <item>Salt</item></ing>
      <ing>
        <amt>
          <qty>1/4</qty>
          <unit>teaspoons</unit></amt>
        <item>Black pepper</item></ing>
      <ing>
        <amt>
          <qty>2</qty>
          <unit/></amt>
        <item>Whole garlic cloves; minced</item></ing></ingredients>
    <directions>
      <step>     Mix salt, pepper and garlic together thoroughly and rub on both sides of
  fish fillets. Place in a buttered shallow baking dish. Combine butter,
  lemon juice, and Worcestershire sauce. Bake fish at 375 degrees for 30
  minutes or until it flakes easily with a fork. Baste with butter mixture
  2-3 times during baking.
  Posted to EAT-L Digest 20 Sep 96
  
  Date:    Fri, 20 Sep 1996 14:41:39 -0500
  
  From:    LD Goss &lt;ldgoss@METRONET.COM&gt;
  NOTES : Other white fish fillets may be substituted for haddock. Nutr.
  Assoc. : 1390 0 796 0 0 0 0 0
 
</step></directions></recipe></recipeml>
