<?xml version="1.0" encoding="UTF-8"?>

<recipeml version="0.5">
  <recipe>
    <head>
      <title>Baked Lamb Cutlets in Honey Sesame Marinade</title>
      <categories>
        <cat>None</cat></categories>
      <yield>1</yield></head>
    <ingredients>
      <ing>
        <amt>
          <qty>2 3/4</qty>
          <unit>tablespoons</unit></amt>
        <item>Light soy sauce</item></ing>
      <ing>
        <amt>
          <qty>1</qty>
          <unit/></amt>
        <item>Clove garlic; crushed</item></ing>
      <ing>
        <amt>
          <qty>2 3/4</qty>
          <unit>teaspoons</unit></amt>
        <item>Dry sherry</item></ing>
      <ing>
        <amt>
          <qty>1 3/4</qty>
          <unit>tablespoons</unit></amt>
        <item>Honey</item></ing>
      <ing>
        <amt>
          <qty>1/8</qty>
          <unit>teaspoons</unit></amt>
        <item>Five-spice powder</item></ing>
      <ing>
        <amt>
          <qty>3/4</qty>
          <unit>teaspoons</unit></amt>
        <item>Sesame oil</item></ing>
      <ing>
        <amt>
          <qty>3/4</qty>
          <unit>teaspoons</unit></amt>
        <item>Sesame seeds</item></ing>
      <ing>
        <amt>
          <qty>8</qty>
          <unit/></amt>
        <item>Lamb rib chops; trimmed</item></ing>
      <ing>
        <amt>
          <qty>Prep:</qty>
          <unit>10</unit></amt>
        <item>min, Marinate: 2:00, Cook: 35 min, plus refrigeration time.</item></ing></ingredients>
    <directions>
      <step>  Combine all ingredients, except lamb, in a bowl. Place lamb chops in a
  shallow dish and add marinade. Cover and refrigerate several hours or
  overnight. Preheat oven to 350øF. Place lamb chops on a wire rack over a
  baking dish. Bake about 35 minutes, brushing with marinade occasionally, or
  until lamb chops are tender.
  Posted to recipelu-digest by molony &lt;molony@scsn.net&gt; on Mar 02, 1998
 
</step></directions></recipe></recipeml>
