<?xml version="1.0" encoding="UTF-8"?>

<recipeml version="0.5">
  <recipe>
    <head>
      <title>Baked Lamb Stew with Fresh Rosemary</title>
      <categories>
        <cat>Lamb</cat></categories>
      <yield>6</yield></head>
    <ingredients>
      <ing>
        <amt>
          <qty>3 1/2</qty>
          <unit>pounds</unit></amt>
        <item>Lamb; cubed</item></ing>
      <ing>
        <amt>
          <qty>3</qty>
          <unit>tablespoons</unit></amt>
        <item>Rosemary; chopped fresh</item></ing>
      <ing>
        <amt>
          <qty>1/2</qty>
          <unit>teaspoons</unit></amt>
        <item>Pepper</item></ing>
      <ing>
        <amt>
          <qty>2</qty>
          <unit/></amt>
        <item>Cloves garlic</item></ing>
      <ing>
        <amt>
          <qty>1</qty>
          <unit/></amt>
        <item>Onion; chopped</item></ing>
      <ing>
        <amt>
          <qty>14</qty>
          <unit>ounces</unit></amt>
        <item>Chicken broth; defatted</item></ing>
      <ing>
        <amt>
          <qty>3/4</qty>
          <unit>cups</unit></amt>
        <item>Dry white wine</item></ing>
      <ing>
        <amt>
          <qty>1 1/2</qty>
          <unit>pounds</unit></amt>
        <item>Button mushrooms</item></ing>
      <ing>
        <amt>
          <qty>1</qty>
          <unit>pound</unit></amt>
        <item>Pearl onion</item></ing>
      <ing>
        <amt>
          <qty>12</qty>
          <unit>small</unit></amt>
        <item>Carrot</item></ing>
      <ing>
        <amt>
          <qty>1</qty>
          <unit>tablespoon</unit></amt>
        <item>Lemon juice; fresh</item></ing>
      <ing>
        <amt>
          <qty/>
          <unit/></amt>
        <item>Rosemary sprigs; for garnish</item></ing></ingredients>
    <directions>
      <step>  Preheat oven to 500F. Remove any gristle from lamb. Arrange in a single
  layer in the bottom of a large roasting pan. Sprinkle with rosemary,
  pepper, and garlic. Roast uncovered until meat is well browned, about 30
  minutes. Stir in chopped onion, broth, and wine, scraping up and
  incorporating brown particles from pan. Reduce oven temperature to 375F.
  Cover and bake one hour. Add mushrooms, onions, and carrots. Bake until
  vegetables are tender, about 40 minutes. (Add stock if liquid reduces too
  much.) Remove from oven. Remove meat and vegetables from pan and keep warm.
  
  Skim fat from pan juices. Place pan on stove over high heat. Add cream to
  pan and boil, stirring constantly until sauce thickens. Remove from heat.
  Pour sauce into warm serving plates, spoon lamb and vegetables on top,
  drizzle with lemon juice, and garnish with rosemary.
  
  Recipe by: Delicious Decisions/tpogue@idsonline.com
  
  Posted to recipelu-digest Volume 01 Number 399 by Terry Pogue
  &lt;tpogue@idsonline.com&gt; on Dec 23, 1997
 
</step></directions></recipe></recipeml>
