<?xml version="1.0" encoding="UTF-8"?>

<recipeml version="0.5">
  <recipe>
    <head>
      <title>Baked Macaroni and Cheese</title>
      <categories>
        <cat>None</cat></categories>
      <yield>1</yield></head>
    <ingredients>
      <ing>
        <amt>
          <qty>1</qty>
          <unit>package</unit></amt>
        <item>(8 oz.) elbow macaroni</item></ing>
      <ing>
        <amt>
          <qty>2</qty>
          <unit>tablespoons</unit></amt>
        <item>Butter</item></ing>
      <ing>
        <amt>
          <qty>2</qty>
          <unit>tablespoons</unit></amt>
        <item>Flour</item></ing>
      <ing>
        <amt>
          <qty>1 3/4</qty>
          <unit>cups</unit></amt>
        <item>Milk</item></ing>
      <ing>
        <amt>
          <qty>1/8</qty>
          <unit>teaspoons</unit></amt>
        <item>Salt</item></ing>
      <ing>
        <amt>
          <qty>1/8</qty>
          <unit>teaspoons</unit></amt>
        <item>Pepper</item></ing>
      <ing>
        <amt>
          <qty>2</qty>
          <unit>cups</unit></amt>
        <item>Cheddar cheese; grated</item></ing>
      <ing>
        <amt>
          <qty>1/2</qty>
          <unit>cups</unit></amt>
        <item>Bread crumbs</item></ing>
      <ing>
        <amt>
          <qty>1 1/2</qty>
          <unit>tablespoons</unit></amt>
        <item>Melted butter</item></ing></ingredients>
    <directions>
      <step>  contributed by: PammieRom
  
  Preheat oven to 350F. Butter 1-quart baking dish. Cook macaroni according
  to package directions; drain.
  
  Melt 2 tablespoons butter in heavy saucepan; blend in flour. Cook for 1
  minute, stirring constantly. Pour in milk gradually and cook, stirring
  constantly until mixture thickens. Add seasonings and cheese, stirring
  until cheese is melted. Add macaroni and transfer to prepared baking dish.
  Combine bread crumbs and melted butter; sprinkle over macaroni. Bake for 30
  minutes. Makes 6 servings
  
  Posted to recipelu-digest Volume 01 Number 494 by Giz2day &lt;Giz2day@aol.com&gt;
  on Jan 11, 1998
 
</step></directions></recipe></recipeml>
