<?xml version="1.0" encoding="UTF-8"?>

<recipeml version="0.5">
  <recipe>
    <head>
      <title>Baked Lima Beans Deluxe</title>
      <categories>
        <cat>Butter</cat>
        <cat>Beans</cat></categories>
      <yield>1</yield></head>
    <ingredients>
      <ing>
        <amt>
          <qty>1</qty>
          <unit>can</unit></amt>
        <item>Tomato paste; (4 oz.)</item></ing>
      <ing>
        <amt>
          <qty>3</qty>
          <unit>large</unit></amt>
        <item>Onions</item></ing>
      <ing>
        <amt>
          <qty/>
          <unit/></amt>
        <item>Margarine</item></ing>
      <ing>
        <amt>
          <qty>1/2</qty>
          <unit>cups</unit></amt>
        <item>Brown sugar</item></ing>
      <ing>
        <amt>
          <qty>1</qty>
          <unit>tablespoon</unit></amt>
        <item>Dry mustard</item></ing>
      <ing>
        <amt>
          <qty/>
          <unit/></amt>
        <item>Salt and pepper</item></ing>
      <ing>
        <amt>
          <qty>3</qty>
          <unit>cans</unit></amt>
        <item>Butter beans</item></ing>
      <ing>
        <amt>
          <qty/>
          <unit/></amt>
        <item>Bacon bits</item></ing>
      <ing>
        <amt>
          <qty/>
          <unit/></amt>
        <item>Seasoned dry bread crumbs</item></ing>
      <ing>
        <amt>
          <qty>1/2</qty>
          <unit>cups</unit></amt>
        <item>Grated Parmesan cheese</item></ing></ingredients>
    <directions>
      <step>  Brown 3 large onions in margarine (about 1/4 cup). Add 1 can of tomato
  paste and 1 can water. Mix 1/2 cup brown sugar with 1 tablespoon dry
  mustard and add salt and pepper to taste. Add to the tomato-onion mixture.
  Let simmer until thick. Place 3 cans of drained butter beans in a
  casserole. Pour the tomato mixture over the beans and mix with 2
  tablespoons bacon bits or crumbled bacon and seasoned with bread crumbs
  (about 1/2 cup crumbs). Sprinkle with 1/2 cup Parmesan cheese over top and
  dot with butter or margarine. Use lots of butter. Bake at 350 degrees for
  about 30 minutes. Can microwave for about 10 minutes on High.
  Posted to recipelu-digest by "Diane Geary" &lt;diane@keyway.net&gt; on Feb 27,
  1998
 
</step></directions></recipe></recipeml>
