<?xml version="1.0" encoding="UTF-8"?>

<recipeml version="0.5">
  <recipe>
    <head>
      <title>Baked Luncheon Meat, Macaroni</title>
      <categories>
        <cat/></categories>
      <yield>100</yield></head>
    <ingredients>
      <ing>
        <amt>
          <qty>3</qty>
          <unit>gallons</unit></amt>
        <item>WATER; BOILING</item></ing>
      <ing>
        <amt>
          <qty>10</qty>
          <unit>pounds</unit></amt>
        <item>LUNCHON MEAT 6 LB</item></ing>
      <ing>
        <amt>
          <qty>3</qty>
          <unit>pounds</unit></amt>
        <item>CHEESE AMER/SLICE</item></ing>
      <ing>
        <amt>
          <qty>2 1/4</qty>
          <unit>teaspoons</unit></amt>
        <item>GARLIC DEHY GRA</item></ing>
      <ing>
        <amt>
          <qty>19 1/8</qty>
          <unit>pounds</unit></amt>
        <item>TOMATOES # 10 CAN</item></ing>
      <ing>
        <amt>
          <qty>3 9/16</qty>
          <unit>pounds</unit></amt>
        <item>MUSHROOMS 16 OZ</item></ing>
      <ing>
        <amt>
          <qty>4</qty>
          <unit>pounds</unit></amt>
        <item>ONIONS DRY</item></ing>
      <ing>
        <amt>
          <qty>2</qty>
          <unit>pounds</unit></amt>
        <item>PEPPER SWT GRN FRESH</item></ing>
      <ing>
        <amt>
          <qty>4 1/2</qty>
          <unit>pounds</unit></amt>
        <item>MACARONI; 10 LB</item></ing>
      <ing>
        <amt>
          <qty>5</qty>
          <unit>tablespoons</unit></amt>
        <item>SUGAR; GRANULATED 10 LB</item></ing>
      <ing>
        <amt>
          <qty>1</qty>
          <unit>cup</unit></amt>
        <item>SALAD OIL; 1 GAL</item></ing>
      <ing>
        <amt>
          <qty>4</qty>
          <unit>teaspoons</unit></amt>
        <item>OREGANO GROUND</item></ing>
      <ing>
        <amt>
          <qty>5</qty>
          <unit>teaspoons</unit></amt>
        <item>SALT TABLE 5LB</item></ing>
      <ing>
        <amt>
          <qty>PAN:</qty>
          <unit>12</unit></amt>
        <item>BY 20 BY 2 1/2-INCH STEAM TABLE PAN        TEMPERATURE:  350 F.</item></ing></ingredients>
    <directions>
      <step>  OVEN
  :
  
  1.  ADD MACARONI SLOWLY TO BOILING, SALTED WATER; STIRE OCCASIONALLY, UNTIL
  WATER RETURNS TO A BOIL. BOIL 10 TO 15 MINUTES.
  
  2.  DRAIN.  SET ASIDE FOR USE IN STEP 5.
  
  3.  SAUTE' ONIONS, PEPPERS, MUSHROOMS, AND GARLIC IN SALAD OIL OR MELTED
  SHORTENING UNTIL TENDER.
  
  4.  COMBINE SAUTEED VEGETABLES, TOMATOES, SUGAR, MEAT, SALT, AND OREGANO.
  BRING TO A BOIL; REDUCE HEAT; SIMMER 10 MINUTES.
  
  5.  USE CANNED LUNCHEON MEAT DICED INTO 1/2 INCH CUBES.
  
  6.  PLACE ABOUT 1 1/2 GAL IN EACH PAN.
  
  7.  BAKE 25 MINUTES.
  
  8.  SPRINKLE 3 CUPS CHEESE EVENLY OVER MIXTURE IN EACH PAN. BAKE AN
  ADDITIONA
  10 MINUTES OR UNTIL CHEESE IS LIGHTLY BROWNED.
  
  NOTE:  1.  IN STEP 3, 4 LB 7 OZ DRY ONIONS A.P. WILL YIELD 4 LB CHOPPED
  ONIONS AND 2 LB 7 OZ FRESH SWEET PEPPERS A.P. WILL YIELD 2 LB CHOPPED
  PEPPERS.
  
  NOTE:  2.  IN STEP 3, 8 OZ (2 2/3 CUPS) DEHYDRATED ONIONS AND 5 1/4 OZ
  (1 QT) DEHYDRATED GREEN PEPPERS (SEE RECIPE NO. A01100) OR 2 LB (1/2 QT)
  FROZEN DICED GREEN PEPPERS MAY BE USED. THAW PEPPERS.
  
  NOTE:  3.  IN STEP 3, 4-8Z CN CANNED MUSHROOMS MAY BE USED.
  
  NOTE:  4.  IN STEP 3, 1 TBSP (3 CLOVES) DRY GARLIC MAY BE USED. MINCE AND
  FRY WITH PEPPERS.
  
  NOTE:  5.  IN STEP 5, HAM, COOKED, BONELESS, THAWED MAY BE USED.
  
  NOTE:  6.  IN STEP 7, 1 LB 4 OZ 1/3-NO. 10 CN) CANNED CHEESE, AMERICAN,
  PROCESSED, DEHYDRATED AND 1 CUP WATER MAY BE USED. SEE GUIDELINES FOR
  CHEESES (RECIPE NO. F-G0100).
  
  NOTE:  7.  OTHER SIZES AND TYPES OF PANS MAY BE USED. SEE RECIPE NO.
  A02500.
  
  NOTE:  8.  TWO NO. 8 SCOOPS MAY BE USED. SEE RECIPE NO. A04000.
  
  Recipe Number: L07201
  
  SERVING SIZE: 1 CUP (3 1
  
  From the &lt;Army Master Recipe Index File&gt; (actually used today!).
  Downloaded from Glen's MM Recipe Archive, http://www.erols.com/hosey.
 
</step></directions></recipe></recipeml>
