<?xml version="1.0" encoding="UTF-8"?>

<recipeml version="0.5">
  <recipe>
    <head>
      <title>Baked Halibut Steaks with Tomato-Wine Sauce</title>
      <categories>
        <cat>None</cat></categories>
      <yield>4</yield></head>
    <ingredients>
      <ing>
        <amt>
          <qty>3</qty>
          <unit>tablespoons</unit></amt>
        <item>Shallots; chopped</item></ing>
      <ing>
        <amt>
          <qty>1 1/2</qty>
          <unit>pounds</unit></amt>
        <item>Halibut steaks; 1 inch thick, cut into 4 in. piece</item></ing>
      <ing>
        <amt>
          <qty>1</qty>
          <unit>cup</unit></amt>
        <item>Dry white wine</item></ing>
      <ing>
        <amt>
          <qty>2</qty>
          <unit>medium</unit></amt>
        <item>Plum tomatoes; chopped</item></ing>
      <ing>
        <amt>
          <qty>1/2</qty>
          <unit>teaspoons</unit></amt>
        <item>Dried tarragon</item></ing>
      <ing>
        <amt>
          <qty>1/4</qty>
          <unit>teaspoons</unit></amt>
        <item>Salt</item></ing>
      <ing>
        <amt>
          <qty>1/8</qty>
          <unit>teaspoons</unit></amt>
        <item>Pepper</item></ing>
      <ing>
        <amt>
          <qty>2</qty>
          <unit>tablespoons</unit></amt>
        <item>Olive oil</item></ing></ingredients>
    <directions>
      <step>  1. Preheat oven to 450 degrees. Sprinkle shallots over bottom of a 1-1/2 to
  2-quart baking dish. Place fish in shallow baking pan and pour in wine.
  Sprinkle chopped tomato, tarragon, salt, and pepper over fish. Drizzle with
  oil.
  
  2. Bake 10 to 12 minutes, until fish is opaque throughout. Remove fish with
  a slotted spatula to a serving dish and peel off skin.
  
  3. Set baking pan (if metal) over a stove burner or pour liquid and
  vegetables into a small saucepan. Boil over high heat until sauce reduces
  slightly, 1 to 2 minutes. Spoon sauce over fish and serve.
  
  Recipe by: 365 Great 20-Minute Recipes
  
  Posted to MC-Recipe Digest by "Marie Smith" &lt;crafty1@earthlink.net&gt; on May
  2, 1998
 
</step></directions></recipe></recipeml>
