<?xml version="1.0" encoding="UTF-8"?>

<recipeml version="0.5">
  <recipe>
    <head>
      <title>Baked Macaroni with Chipped Beef</title>
      <categories>
        <cat>None</cat></categories>
      <yield>1</yield></head>
    <ingredients>
      <ing-div>
        <title/>
        <ing>
          <amt>
            <qty>1/2</qty>
            <unit>pounds</unit></amt>
          <item>Elbow macaroni</item></ing>
        <ing>
          <amt>
            <qty>1</qty>
            <unit>quart</unit></amt>
          <item>Water</item></ing></ing-div>
      <ing-div>
        <title>CHIPPED BEEF GRAVY</title>
        <ing>
          <amt>
            <qty>4</qty>
            <unit>ounces</unit></amt>
          <item>Chipped beef</item></ing>
        <ing>
          <amt>
            <qty>1/4</qty>
            <unit>cups</unit></amt>
          <item>Butter</item></ing>
        <ing>
          <amt>
            <qty>1/4</qty>
            <unit>cups</unit></amt>
          <item>Flour</item></ing>
        <ing>
          <amt>
            <qty>3</qty>
            <unit>cups</unit></amt>
          <item>Milk</item></ing>
        <ing>
          <amt>
            <qty/>
            <unit/></amt>
          <item>Salt</item></ing>
        <ing>
          <amt>
            <qty/>
            <unit/></amt>
          <item>Pepper</item></ing></ing-div></ingredients>
    <directions>
      <step>  In saucepan, boil macaroni in water until cooked. Drain well. Toss with
  Chipped Beef Gravy. Ladle into baking pan and bake at 325'F. 10 minutes.
  
  CHIPPED BEEF GRAVY: In bowl, soak chipped beef in hot water until softened,
  then drain. Melt butter in saucepan, add flour and stir until blended.
  Whisk in milk and stir over medium heat until thickened, about 2 minutes.
  Add chipped beef and season to taste with salt and pepper.
  
  NOTES : This utterly American recipe appeared in the 1930 edition of "The
  Boston Cooking School Cookbook," and cheese-flavored versions survived in
  "The Fannie Farmer Cookbook" as late as 1979
  Posted to recipelu-digest by "bunny" &lt;layla696@ix.netcom.com&gt; on Feb 28,
  1998
 
</step></directions></recipe></recipeml>
