<?xml version="1.0" encoding="UTF-8"?>

<recipeml version="0.5">
  <recipe>
    <head>
      <title>Baked Ham Buns (For Tuey Bow)</title>
      <categories>
        <cat>Chinese</cat>
        <cat>Dim sum</cat></categories>
      <yield>1</yield></head>
    <ingredients>
      <ing-div>
        <title/>
        <ing>
          <amt>
            <qty/>
            <unit/></amt>
          <item>****  NO   E  ***** Karen Adler FNGP13B. Yield:  2 doz. 1 recipe of the basic steamed barbecued pork buns</item></ing></ing-div>
      <ing-div>
        <title>FILLING</title>
        <ing>
          <amt>
            <qty>4</qty>
            <unit>ounces</unit></amt>
          <item>Can of sliced mushrooms</item></ing>
        <ing>
          <amt>
            <qty>2</qty>
            <unit>cups</unit></amt>
          <item>Ham; finely diced</item></ing>
        <ing>
          <amt>
            <qty>2</qty>
            <unit/></amt>
          <item>Celery stalks; finely diced</item></ing>
        <ing>
          <amt>
            <qty>1/2</qty>
            <unit>cups</unit></amt>
          <item>Canned bamboo shoots dice fine</item></ing>
        <ing>
          <amt>
            <qty>2</qty>
            <unit/></amt>
          <item>Green onion stalks</item></ing></ing-div>
      <ing-div>
        <title>SAUCE MIXTURE</title>
        <ing>
          <amt>
            <qty>2</qty>
            <unit>tablespoons</unit></amt>
          <item>Cornstarch</item></ing>
        <ing>
          <amt>
            <qty>2</qty>
            <unit>tablespoons</unit></amt>
          <item>Sherry</item></ing>
        <ing>
          <amt>
            <qty>2</qty>
            <unit>tablespoons</unit></amt>
          <item>Light soy sauce</item></ing>
        <ing>
          <amt>
            <qty>1</qty>
            <unit>tablespoon</unit></amt>
          <item>Vinegar</item></ing>
        <ing>
          <amt>
            <qty>1</qty>
            <unit>tablespoon</unit></amt>
          <item>Sesame oil</item></ing>
        <ing>
          <amt>
            <qty>1/4</qty>
            <unit>cups</unit></amt>
          <item>Chicken broth</item></ing>
        <ing>
          <amt>
            <qty>1</qty>
            <unit>teaspoon</unit></amt>
          <item>Hoisin sauce</item></ing>
        <ing>
          <amt>
            <qty>1</qty>
            <unit>teaspoon</unit></amt>
          <item>Oyster sauce</item></ing></ing-div></ingredients>
    <directions>
      <step>  TO MAKE FILLING: Stir fry filling ingredients together     for 2 minutes,
  then add sauce mixture. Stir until thickened. Chill well before wrapping.
  WRAPPING:           Follow direction for steamed barbecued pork buns.
  BAKING: Same as curry beef buns. DO AHEAD NOTES: same      as for the curry
  beef buns. Source: "Dim Sum" by Rhoda     Fong Yee. Formatted for MM by
  Karen Adler FNGP13B.
  Posted to MC-Recipe Digest V1 #174
  
  Date: 29 Jul 96 11:20:56 From: "steven.h.bergstein"
  &lt;steven.h.bergstein@ac.com&gt;
 
</step></directions></recipe></recipeml>
