<?xml version="1.0" encoding="UTF-8"?>

<recipeml version="0.5">
  <recipe>
    <head>
      <title>Baked Ham</title>
      <categories>
        <cat/></categories>
      <yield>100</yield></head>
    <ingredients>
      <ing>
        <amt>
          <qty>25</qty>
          <unit>pounds</unit></amt>
        <item>HAM SECTIONED CURED</item></ing>
      <ing>
        <amt>
          <qty>1</qty>
          <unit>quart</unit></amt>
        <item>JUICE; PINEAPPLE #3</item></ing>
      <ing>
        <amt>
          <qty>2</qty>
          <unit>cups</unit></amt>
        <item>SUGAR; BROWN, 2 LB</item></ing>
      <ing>
        <amt>
          <qty>1/4</qty>
          <unit>teaspoons</unit></amt>
        <item>NUTMEG GROUND</item></ing>
      <ing>
        <amt>
          <qty>2</qty>
          <unit>tablespoons</unit></amt>
        <item>MUSTARD FLOUR</item></ing>
      <ing>
        <amt>
          <qty>1/2</qty>
          <unit>teaspoons</unit></amt>
        <item>CLOVES GROUND</item></ing>
      <ing>
        <amt>
          <qty>1 1/2</qty>
          <unit>teaspoons</unit></amt>
        <item>GINGER GROUND</item></ing>
      <ing>
        <amt>
          <qty>PAN:</qty>
          <unit>18</unit></amt>
        <item>BY 24-INCH ROASTING PAN               TEMPERATURE:  325 F. OVEN</item></ing></ingredients>
    <directions>
      <step>  1.  SPLIT CASING; PEEL FROM HAM; PLACE HAM IN PANS.
  
  2.  INSERT MEAT THERMOMETER INTO CENTER OF HAM. DO NOT ADD WATER, DO NOT
  COVER.
  
  3.  BAKE 2 HOURS OR UNTIL MEAT THERMOMETER REGISTERS 130 F. REMOVE FROM
  OVEN.
  
  4.  MIX JUICE, SUGAR, MUSTARD, CLOVES, NUTMEG AND GINER; BRING TO A BOIL.
  SIMMER GLAZE STIRRING CONSTANTLY, UNTIL SUGAR IS DISSOLVED.
  
  5.  SCORE HAMS WITH KNIFE; SPREAD GLAZE EVENLY OVER EACH HAM.
  
  6.  BAKE 30 MINUTES OR UNTIL MEAT THERMOMETER REGISTERS 140 F.
  
  7.  LET STAND 20 MINUTES BEFORE SLICING.
  
  NOTE:  1.  IN STEP 1, RACKS MAY BE USED.
  
  NOTE:  2.  IF HAMS ARE FROZEN, COOKING TIME WILL BE INCREASED ABOUT 1 HOUR.
  
  NOTE:  3.  OTHER SIZES AND TYPES OF PANS MAY BE USED. SEE RECIPE NO. A-25.
  
  NOTE:  4.  USE 2 CUPS GLAZE PER 10 LB HAM.
  
  Recipe Number: L06900
  
  SERVING SIZE: 2 SLICES (
  
  From the &lt;Army Master Recipe Index File&gt; (actually used today!).
  Downloaded from Glen's MM Recipe Archive, http://www.erols.com/hosey.
 
</step></directions></recipe></recipeml>
