<?xml version="1.0" encoding="UTF-8"?>

<recipeml version="0.5">
  <recipe>
    <head>
      <title>Baked Ham Slice in Sauterne</title>
      <categories>
        <cat>Meats</cat>
        <cat>Ham</cat></categories>
      <yield>8</yield></head>
    <ingredients>
      <ing-div>
        <title>AMERICAN HEART ASSOC. CKBK</title>
        <ing>
          <amt>
            <qty>2</qty>
            <unit>pounds</unit></amt>
          <item>Center cut ham slice</item></ing>
        <ing>
          <amt>
            <qty>1/2</qty>
            <unit>cups</unit></amt>
          <item>Brown sugar; firmly packed</item></ing>
        <ing>
          <amt>
            <qty>3</qty>
            <unit>tablespoons</unit></amt>
          <item>Cornstarch Water</item></ing>
        <ing>
          <amt>
            <qty>1</qty>
            <unit>tablespoon</unit></amt>
          <item>Margarine</item></ing>
        <ing>
          <amt>
            <qty>1/2</qty>
            <unit>cups</unit></amt>
          <item>Raisins</item></ing>
        <ing>
          <amt>
            <qty>1/2</qty>
            <unit>cups</unit></amt>
          <item>American sauterne; or other dry white wine</item></ing></ing-div></ingredients>
    <directions>
      <step>  Preheat oven to 350~.  Place ham in a shallow baking pan. Set aside.
  Combine sugar and cornstarch in a saucepan. Stir in water and margarine.
  Place over med-high heat and cook, stirring constantly, 5 mins. Remove pan
  from heat and stir in raisins and wine. Pour the mixture over ham. Bake
  uncovered 45 mins. or until tender.
  
  Per serving - 291 cal, 24 g pro, 31 g carbo, 60 mg chol, 1391 mg sod, 8 g
  tot fat (2 g sat, 1 g poly, 4 g mono)
  
  Note - one serving of this dish provides most of the recommended daily amt.
  of sodium.  Enjoy it and try to select low sodium foods for the rest of the
  day's meals
  Posted to MM-Recipes Digest  by "Robert Ellis" &lt;rpearson@snowcrest.net&gt; on
  Apr 23, 1998
 
</step></directions></recipe></recipeml>
