<?xml version="1.0" encoding="UTF-8"?>

<recipeml version="0.5">
  <recipe>
    <head>
      <title>Baked Indian Pudding</title>
      <categories>
        <cat>Desserts</cat>
        <cat>Native amer</cat>
        <cat>Pudding</cat></categories>
      <yield>8</yield></head>
    <ingredients>
      <ing>
        <amt>
          <qty>1/2</qty>
          <unit>cups</unit></amt>
        <item>Cornmeal, yellow</item></ing>
      <ing>
        <amt>
          <qty>4</qty>
          <unit>cups</unit></amt>
        <item>Milk, whole; hot</item></ing>
      <ing>
        <amt>
          <qty>1/2</qty>
          <unit>cups</unit></amt>
        <item>Maple syrup</item></ing>
      <ing>
        <amt>
          <qty>1/4</qty>
          <unit>cups</unit></amt>
        <item>Molasses, light</item></ing>
      <ing>
        <amt>
          <qty>2</qty>
          <unit/></amt>
        <item>Eggs; Slightly Beaten</item></ing>
      <ing>
        <amt>
          <qty>2</qty>
          <unit>tablespoons</unit></amt>
        <item>Butter/Margarine; Melted</item></ing>
      <ing>
        <amt>
          <qty>1/3</qty>
          <unit>cups</unit></amt>
        <item>Sugar, brown; packed</item></ing>
      <ing>
        <amt>
          <qty>1</qty>
          <unit>teaspoon</unit></amt>
        <item>Salt</item></ing>
      <ing>
        <amt>
          <qty>1/4</qty>
          <unit>teaspoons</unit></amt>
        <item>Cinnamon</item></ing>
      <ing>
        <amt>
          <qty>3/4</qty>
          <unit>teaspoons</unit></amt>
        <item>Ginger</item></ing>
      <ing>
        <amt>
          <qty>1/2</qty>
          <unit>cups</unit></amt>
        <item>Milk, whole; cold</item></ing></ingredients>
    <directions>
      <step>    In top of double boiler, slowly stir cornmeal into hot milk. Cook over
  boiling water, stirring occasionally, 20 minutes.
    Preheat oven to 300 F. Lightly grease 2-quart baking dish. (8 1/2" round)
  In small bowl, combine rest of ingredients, except cold milk; stir into
  cornmeal mixture; mix well.
    Turn into prepared dish; pour cold milk on top, without stirring. Bake,
  uncovered, 2 hours, or just until set but quivery on top. Do not overbake.
  Let stand 30 minutes before serving. Serve warm, with vanilla ice cream or
  light cream.
  
  Posted to MM-Recipes Digest V4 #158 by "John Weber" &lt;hdbrer@ibm.net&gt; on Jun
  07, 97
 
</step></directions></recipe></recipeml>
