<?xml version="1.0" encoding="UTF-8"?>

<recipeml version="0.5">
  <recipe>
    <head>
      <title>Baked Hare or Rabbit</title>
      <categories>
        <cat>Meats</cat></categories>
      <yield>1</yield></head>
    <ingredients>
      <ing>
        <amt>
          <qty>1</qty>
          <unit/></amt>
        <item>Rabbit or hare, cleaned &amp;</item></ing>
      <ing>
        <amt>
          <qty/>
          <unit/></amt>
        <item>Skinned</item></ing>
      <ing>
        <amt>
          <qty>2</qty>
          <unit/></amt>
        <item>Celery stalks, with leaves,</item></ing>
      <ing>
        <amt>
          <qty/>
          <unit/></amt>
        <item>Chopped</item></ing>
      <ing>
        <amt>
          <qty>2</qty>
          <unit>medium</unit></amt>
        <item>Onions; chopped</item></ing>
      <ing>
        <amt>
          <qty>1</qty>
          <unit/></amt>
        <item>Carrot; sliced</item></ing>
      <ing>
        <amt>
          <qty>1/2</qty>
          <unit>cups</unit></amt>
        <item>Chopped fresh parsley</item></ing>
      <ing>
        <amt>
          <qty>1</qty>
          <unit/></amt>
        <item>Bay leaf; crumbled</item></ing>
      <ing>
        <amt>
          <qty>2</qty>
          <unit/></amt>
        <item>Sprigs fresh rosemary</item></ing>
      <ing>
        <amt>
          <qty>6</qty>
          <unit/></amt>
        <item>Peppercorns; bruised</item></ing>
      <ing>
        <amt>
          <qty>2</qty>
          <unit>cups</unit></amt>
        <item>Dry red wine</item></ing>
      <ing>
        <amt>
          <qty>1/2</qty>
          <unit>cups</unit></amt>
        <item>Vinegar</item></ing>
      <ing>
        <amt>
          <qty>1/4</qty>
          <unit>cups</unit></amt>
        <item>Butter</item></ing>
      <ing>
        <amt>
          <qty/>
          <unit/></amt>
        <item>Salt</item></ing>
      <ing>
        <amt>
          <qty/>
          <unit/></amt>
        <item>Freshly ground pepper</item></ing>
      <ing>
        <amt>
          <qty>8</qty>
          <unit>ounces</unit></amt>
        <item>Tomato sauce</item></ing>
      <ing>
        <amt>
          <qty>3</qty>
          <unit/></amt>
        <item>Allspice berries</item></ing></ingredients>
    <directions>
      <step>  After washing the rabbit or hare thoroughly &amp; cutting into serving
  pieces, place in a large glass or earthenware bowl. Make a marinade
  by combining the celery, onions, carrots, herbs, peppercorns, wine, &amp;
  vinegar &amp; pouring over the meat.  Cover &amp; refrigerate for a day or
  two, turning the pieces over occasionally. On serving day, drain,
  reserving the marinade, &amp; wipe dry. Transfer the marinade to a
  casserole &amp; simmer for 15 minutes. While the marinade is cooking,
  heat the butter in a large frying pan, &amp; when very hot sear the meat
  over high heat until it is reddened in color without browning. Remove
  from the heat, &amp; with a spatula lift the rabbit or hare pieces into
  the simmering marinade, then pour in the remaining butter. Taste for
  seasoning, then add the salt &amp; pepper, tomatoes, &amp; allspice. Weight
  the meat with a small plate to keep it under the sauce, then bake it
  in a very slow oven (225 F) for 2-1/2 hours, or until the meat is
  tender &amp; the sauce thickened.
  
  File ftp://ftp.idiscover.co.uk/pub/food/mealmaster/recipes/mmkah001.zip
 
</step></directions></recipe></recipeml>
