<?xml version="1.0" encoding="UTF-8"?>

<recipeml version="0.5">
  <recipe>
    <head>
      <title>Baked Liver with Apples</title>
      <categories>
        <cat>Meat</cat></categories>
      <yield>6</yield></head>
    <ingredients>
      <ing>
        <amt>
          <qty>1</qty>
          <unit>pound</unit></amt>
        <item>Beef liver; sliced</item></ing>
      <ing>
        <amt>
          <qty>2</qty>
          <unit>medium</unit></amt>
        <item>Apples; chopped</item></ing>
      <ing>
        <amt>
          <qty>1</qty>
          <unit>medium</unit></amt>
        <item>Onion; chopped</item></ing>
      <ing>
        <amt>
          <qty>1 1/2</qty>
          <unit>teaspoons</unit></amt>
        <item>Salt</item></ing>
      <ing>
        <amt>
          <qty>1/8</qty>
          <unit>teaspoons</unit></amt>
        <item>Pepper</item></ing>
      <ing>
        <amt>
          <qty>6</qty>
          <unit>slices</unit></amt>
        <item>Bacon; cut in pieces</item></ing>
      <ing>
        <amt>
          <qty>1/4</qty>
          <unit>cups</unit></amt>
        <item>Water; or beef bouillon</item></ing></ingredients>
    <directions>
      <step>  Place liver in greased shallow casserole.  cover with apples, onion, salt,
  and pepper.  Top with bacon pieces and add liquid.  Bake, covered, at 325
  degrees for 1-1/2 hours, removing cover during last 20 minutes of baking.
  
  SOURCE: Southern Living Magazine, October, 1972. Typed for you by Nancy
  Coleman
  
  Date: Sun, 23 Jun 1996 03:18:35 -0500
  
  From: awilson@tfs.net
  
  MM-Recipes Digest V3 #175
  
  From the MealMaster recipe list.  Downloaded from Glen's MM Recipe Archive,
  http://www.erols.com/hosey.
 
</step></directions></recipe></recipeml>
