<?xml version="1.0" encoding="UTF-8"?>

<recipeml version="0.5">
  <recipe>
    <head>
      <title>Baked Halvah</title>
      <categories>
        <cat>Candy</cat></categories>
      <yield>35</yield></head>
    <ingredients>
      <ing-div>
        <title/>
        <ing>
          <amt>
            <qty>1/2</qty>
            <unit>pounds</unit></amt>
          <item>Butter</item></ing>
        <ing>
          <amt>
            <qty>1</qty>
            <unit>cup</unit></amt>
          <item>Sugar</item></ing>
        <ing>
          <amt>
            <qty>4</qty>
            <unit/></amt>
          <item>Eggs; separated</item></ing>
        <ing>
          <amt>
            <qty>1</qty>
            <unit>teaspoon</unit></amt>
          <item>Cinnamon</item></ing>
        <ing>
          <amt>
            <qty>1</qty>
            <unit>teaspoon</unit></amt>
          <item>Vanilla</item></ing>
        <ing>
          <amt>
            <qty>1</qty>
            <unit>cup</unit></amt>
          <item>Chopped almonds</item></ing>
        <ing>
          <amt>
            <qty>2</qty>
            <unit>cups</unit></amt>
          <item>Cream of wheat</item></ing>
        <ing>
          <amt>
            <qty>1/4</qty>
            <unit>teaspoons</unit></amt>
          <item>Salt</item></ing></ing-div>
      <ing-div>
        <title>SYRUP</title>
        <ing>
          <amt>
            <qty>2</qty>
            <unit>cups</unit></amt>
          <item>Sugar</item></ing>
        <ing>
          <amt>
            <qty>2</qty>
            <unit>cups</unit></amt>
          <item>Water</item></ing>
        <ing>
          <amt>
            <qty>1</qty>
            <unit>tablespoon</unit></amt>
          <item>Lemon juice</item></ing></ing-div></ingredients>
    <directions>
      <step>  From: MAPAKI &lt;sokolata@panacea.phys.utk.edu&gt;
  
  Date: 7 Sep 1995 14:39:18 -0500
  From "Popular Greek Recipes"  put out by the Ladies' Philoptochos Society
  of Charleston SC.
  
  Cream butter and sugar in electric beater for 15 minutes. Add remaining
  ingredients, foldin in stiffly beaten egg whites last.  Pour into 9x13
  greased pan.
  
  Bake at 350 for 30 minutes. Cut in squares.  Top with warm syrup before it
  cools.  Cover and let stand until syrup is absorbed.  Makes 35 squares.
  
  Syrup: Boil sugar, water and lemon juice together for 2 minutes.   REmove
  from heat.  (syrup will be very thin.)
  
  REC.FOOD.RECIPES ARCHIVES
  
  /CANDY
  
  From rec.food.cooking archives.  Downloaded from Glen's MM Recipe Archive,
  http://www.erols.com/hosey.
 
</step></directions></recipe></recipeml>
