<?xml version="1.0" encoding="UTF-8"?>

<recipeml version="0.5">
  <recipe>
    <head>
      <title>Baked Hush Puppies</title>
      <categories>
        <cat>Cooking liv</cat>
        <cat>Import</cat></categories>
      <yield>1</yield></head>
    <ingredients>
      <ing>
        <amt>
          <qty/>
          <unit/></amt>
        <item>Nonstick cooking spray</item></ing>
      <ing>
        <amt>
          <qty>1/2</qty>
          <unit>cups</unit></amt>
        <item>Yellow cornmeal</item></ing>
      <ing>
        <amt>
          <qty>1/4</qty>
          <unit>cups</unit></amt>
        <item>Unbleached all purpose flour</item></ing>
      <ing>
        <amt>
          <qty>3/4</qty>
          <unit>teaspoons</unit></amt>
        <item>Baking powder</item></ing>
      <ing>
        <amt>
          <qty>1/2</qty>
          <unit>teaspoons</unit></amt>
        <item>Granulated sugar</item></ing>
      <ing>
        <amt>
          <qty>1/4</qty>
          <unit>teaspoons</unit></amt>
        <item>Salt (optional)</item></ing>
      <ing>
        <amt>
          <qty>1/2</qty>
          <unit>teaspoons</unit></amt>
        <item>Celery flakes</item></ing>
      <ing>
        <amt>
          <qty>1/4</qty>
          <unit>teaspoons</unit></amt>
        <item>Cayenne pepper</item></ing>
      <ing>
        <amt>
          <qty>1</qty>
          <unit/></amt>
        <item>Egg white; beaten</item></ing>
      <ing>
        <amt>
          <qty>1/4</qty>
          <unit>cups</unit></amt>
        <item>Skim milk</item></ing>
      <ing>
        <amt>
          <qty>1</qty>
          <unit>tablespoon</unit></amt>
        <item>Vegetable oil</item></ing>
      <ing>
        <amt>
          <qty>1/4</qty>
          <unit>cups</unit></amt>
        <item>Finely chopped scallion; including green top</item></ing></ingredients>
    <directions>
      <step>  Heat oven to 425 degrees. Using nonstick cooking spray, coat miniature
  muffin pan ( 1 3/4 inch cups). In medium sized bowl, combine cornmeal,
  flour, baking powder, sugar, salt, celery flakes, and cayenne pepper; stir
  until well blended.
  
  In a small bowl, combine egg white, milk, and vegetable oil; stir well. Add
  liquids to dry ingredients; stir just until blended. Stir in scallion.
  Spoon about 1 tablespoon batter into each muffin cup. Bake until hush
  puppies are golden brown, about 15 to 20 minutes. Remove immediately; serve
  warm.
  
  Yield: 12 servings
  
  Per Serving: Calories - 42 Fat - 1 gram Sodium - 30 milligrams
  
  Recipe by: Cooking Live Show #CL8960
  
  Posted to MC-Recipe Digest V1 #801 by "Angele and Jon Freeman"
  &lt;jfreeman@netusa1.net&gt; on Sep 24, 1997
 
</step></directions></recipe></recipeml>
