<?xml version="1.0" encoding="UTF-8"?>

<recipeml version="0.5">
  <recipe>
    <head>
      <title>Baked Macaroni and Cheese</title>
      <categories>
        <cat>None</cat></categories>
      <yield>1</yield></head>
    <ingredients>
      <ing>
        <amt>
          <qty>1</qty>
          <unit>tablespoon</unit></amt>
        <item>Butter</item></ing>
      <ing>
        <amt>
          <qty>1</qty>
          <unit>tablespoon</unit></amt>
        <item>All-purpose flour</item></ing>
      <ing>
        <amt>
          <qty>3</qty>
          <unit>cups</unit></amt>
        <item>Milk</item></ing>
      <ing>
        <amt>
          <qty>1</qty>
          <unit>teaspoon</unit></amt>
        <item>Salt</item></ing>
      <ing>
        <amt>
          <qty>1</qty>
          <unit>dash</unit></amt>
        <item>Freshly ground white pepper</item></ing>
      <ing>
        <amt>
          <qty>1</qty>
          <unit>dash</unit></amt>
        <item>Cayenne pepper</item></ing>
      <ing>
        <amt>
          <qty>2</qty>
          <unit>cups</unit></amt>
        <item>Shredded Cheddar cheese</item></ing>
      <ing>
        <amt>
          <qty>1/2</qty>
          <unit>pounds</unit></amt>
        <item>Elbow macaroni; fully cooked and drained</item></ing>
      <ing>
        <amt>
          <qty>1/2</qty>
          <unit>cups</unit></amt>
        <item>Canned tomatoes; drained and chopped</item></ing>
      <ing>
        <amt>
          <qty>1</qty>
          <unit>teaspoon</unit></amt>
        <item>Sugar</item></ing></ingredients>
    <directions>
      <step>  The following is from Molly O'Neill's "New York Cookbook:"
  
  "As Mr. Horn and Mr. Hardart discovered, this is a great do-ahead dish for
  a crowd, keeps well, and reheats like a dream. It certainly was an Automat
  favorite."
  
  1. Preheat the oven to 350F. Grease a 1-1/2-quart baking dish.
  
  2. Melt the butter in a saucepan over medium-low heat. Whisk in the flour,
  then add the milk, salt and both peppers. Stir almost constantly until the
  mixture thickens and is smooth, 8 to 10 minutes. Add the cheese and cook,
  stirring, until it melts. Remove from the heat.
  
  3. In a mixing bowl, combine the macaroni and the sauce. Stir in the
  tomatoes and sugar. Transfer the macaroni mixture to the greased baking
  dish. Bake until the surface browns, 30 to 40 minutes.
  
  Serves 4 to 6 Posted to TNT - Prodigy's Recipe Exchange Newsletter by
  "Peggy L. Makolondra" &lt;pmakolon@mail.wiscnet.net&gt; on Aug 05, 1997
 
</step></directions></recipe></recipeml>
