<?xml version="1.0" encoding="UTF-8"?>

<recipeml version="0.5">
  <recipe>
    <head>
      <title>Baked Lamb Shanks</title>
      <categories>
        <cat>Meat</cat></categories>
      <yield>6</yield></head>
    <ingredients>
      <ing>
        <amt>
          <qty>4</qty>
          <unit/></amt>
        <item>Lamb shanks; Koshered, well trimmed; cut into 6 pieces</item></ing>
      <ing>
        <amt>
          <qty>1</qty>
          <unit>teaspoon</unit></amt>
        <item>Sage</item></ing>
      <ing>
        <amt>
          <qty>1</qty>
          <unit>teaspoon</unit></amt>
        <item>Curry powder</item></ing>
      <ing>
        <amt>
          <qty>1 1/2</qty>
          <unit>tablespoons</unit></amt>
        <item>Olive oil</item></ing>
      <ing>
        <amt>
          <qty>1</qty>
          <unit>tablespoon</unit></amt>
        <item>Minced garlic</item></ing>
      <ing>
        <amt>
          <qty>3</qty>
          <unit>tablespoons</unit></amt>
        <item>Minced shallot</item></ing>
      <ing>
        <amt>
          <qty>1/3</qty>
          <unit>cups</unit></amt>
        <item>Minced onion</item></ing>
      <ing>
        <amt>
          <qty>1/3</qty>
          <unit>cups</unit></amt>
        <item>Minced green bell pepper</item></ing>
      <ing>
        <amt>
          <qty>3</qty>
          <unit>tablespoons</unit></amt>
        <item>Worcestershire sauce</item></ing>
      <ing>
        <amt>
          <qty>1/4</qty>
          <unit>cups</unit></amt>
        <item>Tomato juice</item></ing>
      <ing>
        <amt>
          <qty>1/4</qty>
          <unit>cups</unit></amt>
        <item>Kosher red wine; dry (optional)</item></ing>
      <ing>
        <amt>
          <qty>1/2</qty>
          <unit>cups</unit></amt>
        <item>Chicken stock (or more)</item></ing>
      <ing>
        <amt>
          <qty/>
          <unit/></amt>
        <item>Minced fresh basil or dill</item></ing></ingredients>
    <directions>
      <step>  Date: Mon, 1 Apr 1996 22:32:01 -7
  
  From: arlenes@holly.ColoState.EDU
  Preheat oven to 375 F. Wash meat under hot running water; dry well. Prick
  in several places. Combine seasoning; rub all over meat.
  
  Heat 1 tbs. oil in lge. enameled Dutch oven. Add meat and brown over med.
  heat on one side. Scoop up with spatula and turn. Add remaining oil and
  minced ingreds. Stir and cook with meat until mixture browns lightly. Pour
  off any fat.
  
  Combine Worcestershire sauce with tomato juice, wine and 1/2 c. of stock.
  Pour around sides of pot.  Bring to boil. Cover and bake in center of oven
  for 30 min. Turn and baste. Re-cover and bake for 1 hr. longer, turning and
  basting every 20 min. (Add some of the remaining stock if liquid evaporates
  before cooking is completed.) Stir salt into sauce; then spoon over meat.
  
  Serve on warmed individual plates sprinkled with basil or dill. Frances
  Prince's New Jewish Cuisine
  
  MM-RECIPES@IDISCOVER.NET
  
  MEAL-MASTER RECIPES LIST SERVER
  
  MM-RECIPES DIGEST V3 #94
  
  From the MealMaster recipe list.  Downloaded from Glen's MM Recipe Archive,
  http://www.erols.com/hosey.
 
</step></directions></recipe></recipeml>
