<?xml version="1.0" encoding="UTF-8"?>

<recipeml version="0.5">
  <recipe>
    <head>
      <title>Baked Lamb Patties and Eggplant</title>
      <categories>
        <cat>Cheese</cat>
        <cat>Eggplant</cat>
        <cat>Lamb</cat>
        <cat>Main dishes</cat>
        <cat>Tomatoes</cat></categories>
      <yield>4</yield></head>
    <ingredients>
      <ing>
        <amt>
          <qty>1</qty>
          <unit/></amt>
        <item>Unpeeled eggplant; medium</item></ing>
      <ing>
        <amt>
          <qty/>
          <unit/></amt>
        <item>Salt</item></ing>
      <ing>
        <amt>
          <qty>1</qty>
          <unit/></amt>
        <item>Egg</item></ing>
      <ing>
        <amt>
          <qty>1/2</qty>
          <unit>cups</unit></amt>
        <item>Soft bread crumbs</item></ing>
      <ing>
        <amt>
          <qty>1</qty>
          <unit>teaspoon</unit></amt>
        <item>Salt</item></ing>
      <ing>
        <amt>
          <qty>1/2</qty>
          <unit>teaspoons</unit></amt>
        <item>Oregano</item></ing>
      <ing>
        <amt>
          <qty>1/2</qty>
          <unit>cups</unit></amt>
        <item>Chopped ripe olives</item></ing>
      <ing>
        <amt>
          <qty>1</qty>
          <unit/></amt>
        <item>Clove garlic; minced or pressed</item></ing>
      <ing>
        <amt>
          <qty>1/4</qty>
          <unit>cups</unit></amt>
        <item>Grated Parmesan cheese</item></ing>
      <ing>
        <amt>
          <qty>1 1/2</qty>
          <unit>pounds</unit></amt>
        <item>Ground lamb</item></ing>
      <ing>
        <amt>
          <qty>1/3</qty>
          <unit>cups</unit></amt>
        <item>Olive oil</item></ing>
      <ing>
        <amt>
          <qty>6</qty>
          <unit>slices</unit></amt>
        <item>Tomato</item></ing>
      <ing>
        <amt>
          <qty>1</qty>
          <unit>cup</unit></amt>
        <item>Monterey jack cheese; shredded</item></ing></ingredients>
    <directions>
      <step>  Cut unpeeled medium eggplant, crosswise into 6 slices, 3/4" thick. Spread
  on paper towel. Sprinkle well with salt. Let stand for 20 minutes. Blot
  surface with paper towels. Beat egg. Add soft bread crumbs, salt, oregano,
  olives, garlic and Parmesan cheese. Stir in gorund lamb. Shape into 6
  patties the size of eggplant slices. Brown eggplant in hot olive oil.
  Transfer as they brown to 13x9" pan. Top weach with raw lamb patty, then a
  slice of tomato. Top with shredded Monterey Jack cheese. Bake at 450 F.
  until lamb is cooked and cheese melted and brown, 20-25 minutes.
  
  Serving Ideas : Serve in or with pita bread.
  
  NOTES : Can halve or double recipe.
  
  Recipe by: Unknown magazine article
  
  Posted to MC-Recipe Digest V1 #986 by Roberta Banghart
  &lt;bobbi744@sojourn.com&gt; on Jan 06, 1998
 
</step></directions></recipe></recipeml>
