<?xml version="1.0" encoding="UTF-8"?>

<recipeml version="0.5">
  <recipe>
    <head>
      <title>Baked Halibut Limone</title>
      <categories>
        <cat>Fish</cat></categories>
      <yield>6</yield></head>
    <ingredients>
      <ing>
        <amt>
          <qty>3</qty>
          <unit>pounds</unit></amt>
        <item>Halibut; cut into 6 serving pieces; 3/4 inch thick</item></ing>
      <ing>
        <amt>
          <qty/>
          <unit/></amt>
        <item>Salt and pepper to taste</item></ing>
      <ing>
        <amt>
          <qty>1</qty>
          <unit>teaspoon</unit></amt>
        <item>Paprika</item></ing>
      <ing>
        <amt>
          <qty>2</qty>
          <unit/></amt>
        <item>Cloves garlic; minced</item></ing>
      <ing>
        <amt>
          <qty>1/4</qty>
          <unit>cups</unit></amt>
        <item>Minced fresh parsley</item></ing>
      <ing>
        <amt>
          <qty>1/2</qty>
          <unit>cups</unit></amt>
        <item>Seasoned bread crumbs</item></ing>
      <ing>
        <amt>
          <qty>2</qty>
          <unit/></amt>
        <item>Lemons; sliced, plus</item></ing>
      <ing>
        <amt>
          <qty>2</qty>
          <unit/></amt>
        <item>Lemons; thinly sliced, for garnish</item></ing>
      <ing>
        <amt>
          <qty>1</qty>
          <unit>tablespoon</unit></amt>
        <item>Butter</item></ing></ingredients>
    <directions>
      <step>  From: Wendy Lockman &lt;wlockman@ra1.randomc.com&gt;
  
  Date: Sun, 11 Feb 1996 10:35:49 -0500
  Preheat oven to 375 degrees. Sprinkle both sides of fish with salt and
  pepper and paprika. Place fish in a buttered shallow baking dish and
  sprinkle with garlic, parsley and breadcrumbs. Place lemon slices on fish
  and add water almost to top of fish.
  
  Bake uncovered 20-30 minutes until fish is firm and crumbs are golden
  brown. Remove lemon slices, dot with butter and place under broiler until
  browned. Garnish with thin lemon slices. Serves 6.
  
  MM-RECIPES@IDISCOVER.NET
  
  MEAL-MASTER RECIPES LIST SERVER
  
  From the MealMaster recipe list.  Downloaded from Glen's MM Recipe Archive,
  http://www.erols.com/hosey.
 
</step></directions></recipe></recipeml>
