<?xml version="1.0" encoding="UTF-8"?>

<recipeml version="0.5">
  <recipe>
    <head>
      <title>Baked Lemon Chicken</title>
      <categories>
        <cat>Chicken</cat></categories>
      <yield>2</yield></head>
    <ingredients>
      <ing>
        <amt>
          <qty>2</qty>
          <unit/></amt>
        <item>Boneless chicken breasts</item></ing>
      <ing>
        <amt>
          <qty>1/2</qty>
          <unit/></amt>
        <item>Stick of butter</item></ing>
      <ing>
        <amt>
          <qty>3</qty>
          <unit>tablespoons</unit></amt>
        <item>Lemon juice</item></ing>
      <ing>
        <amt>
          <qty>1/4</qty>
          <unit>cups</unit></amt>
        <item>Flour</item></ing>
      <ing>
        <amt>
          <qty>1/4</qty>
          <unit>cups</unit></amt>
        <item>Minced onion</item></ing>
      <ing>
        <amt>
          <qty>1/2</qty>
          <unit/></amt>
        <item>Clove minced garlic</item></ing>
      <ing>
        <amt>
          <qty>1/2</qty>
          <unit>teaspoons</unit></amt>
        <item>Salt and pepper</item></ing></ingredients>
    <directions>
      <step>  Bone and pound the chicken breasts. Dredge with flour. Melt the butter in a
  baking pan. Coat chicken on all sides, turning skin side up if not
  boneless. Bake at 375 degrees, brushing with pan drippings, for 30 minutes.
  
  Meanwhile, make the lemon baste by mixing lemon juice, minced onion,
  garlic, and salt and pepper. Brush chicken with part of the baste, and
  bake, brushing with the remaining baster, for 30 minutes longer or until
  done.
  
  Serve with rice and a vegetable.
  Posted to MC-Recipe Digest V1 #1033 by -- Mom &lt;clubok@nersp.nerdc.ufl.edu&gt;
  on Jan 23, 1998
 
</step></directions></recipe></recipeml>
