<?xml version="1.0" encoding="UTF-8"?>

<recipeml version="0.5">
  <recipe>
    <head>
      <title>Baked Irish Lamb Stew</title>
      <categories>
        <cat>Stews</cat></categories>
      <yield>1</yield></head>
    <ingredients>
      <ing>
        <amt>
          <qty>12</qty>
          <unit>medium</unit></amt>
        <item>Sized peeled red potatoes</item></ing>
      <ing>
        <amt>
          <qty>4</qty>
          <unit>large</unit></amt>
        <item>Peeled &amp; quartered onions</item></ing>
      <ing>
        <amt>
          <qty>4</qty>
          <unit>pounds</unit></amt>
        <item>Boneless trimmed (neck or</item></ing>
      <ing>
        <amt>
          <qty/>
          <unit/></amt>
        <item>Shoulder) lamb cut in 1"</item></ing>
      <ing>
        <amt>
          <qty/>
          <unit/></amt>
        <item>Cubes</item></ing>
      <ing>
        <amt>
          <qty>1/2</qty>
          <unit>pounds</unit></amt>
        <item>Lean thick sliced diced</item></ing>
      <ing>
        <amt>
          <qty/>
          <unit/></amt>
        <item>Bacon</item></ing>
      <ing>
        <amt>
          <qty>1</qty>
          <unit>teaspoon</unit></amt>
        <item>Crumbled thyme</item></ing>
      <ing>
        <amt>
          <qty>3</qty>
          <unit>tablespoons</unit></amt>
        <item>Minced parsley</item></ing>
      <ing>
        <amt>
          <qty/>
          <unit/></amt>
        <item>Salt &amp; pepper</item></ing>
      <ing>
        <amt>
          <qty>3</qty>
          <unit>cups</unit></amt>
        <item>Lamb Stock</item></ing>
      <ing>
        <amt>
          <qty>1</qty>
          <unit/></amt>
        <item>Bay leaf</item></ing></ingredients>
    <directions>
      <step>  Slice half of the potatoes very thin &amp; layer them on bottom of Dutch
  oven. Slice onions 1/2" thick &amp; layer half on top of potatoes.
  Arrange cubes &amp; bacon over onions &amp; season with thyme, parsley, salt
  &amp; pepper. Cover with remaining whole potatoes &amp; pour in stock.
  Sprinkle top with salt &amp; pepper &amp; bay leaf. Cover with tight fitting
  lid or foil &amp; place in 350 oven for 2 1/2 hours. Make a day before &amp;
  refrigerate, remove fat &amp; heat in 350 oven. Remove bay leaf.
  
  File ftp://ftp.idiscover.co.uk/pub/food/mealmaster/recipes/mmkah001.zip
 
</step></directions></recipe></recipeml>
