<?xml version="1.0" encoding="UTF-8"?>

<recipeml version="0.5">
  <recipe>
    <head>
      <title>Baked Halibut on a Bed of Peppers</title>
      <categories>
        <cat>Seafood</cat></categories>
      <yield>4</yield></head>
    <ingredients>
      <ing>
        <amt>
          <qty>3</qty>
          <unit>tablespoons</unit></amt>
        <item>Extra-virgin olive oil</item></ing>
      <ing>
        <amt>
          <qty>2</qty>
          <unit/></amt>
        <item>Red bell peppers</item></ing>
      <ing>
        <amt>
          <qty>1</qty>
          <unit/></amt>
        <item>Yellow bell pepper (both cored, seeded, and cut lengthwise into 1/2" strips</item></ing>
      <ing>
        <amt>
          <qty>1</qty>
          <unit>medium</unit></amt>
        <item>Onion, slivered</item></ing>
      <ing>
        <amt>
          <qty>1</qty>
          <unit>tablespoon</unit></amt>
        <item>Balsamic vinegar</item></ing>
      <ing>
        <amt>
          <qty>1</qty>
          <unit>teaspoon</unit></amt>
        <item>Herbes de Provence</item></ing>
      <ing>
        <amt>
          <qty/>
          <unit/></amt>
        <item>Salt to taste</item></ing>
      <ing>
        <amt>
          <qty/>
          <unit/></amt>
        <item>Freshly ground black pepper, to taste</item></ing>
      <ing>
        <amt>
          <qty>3</qty>
          <unit>tablespoons</unit></amt>
        <item>Chopped flat-leaf parsley</item></ing>
      <ing>
        <amt>
          <qty>4</qty>
          <unit/></amt>
        <item>Halibut steaks (1" thick, 8 oz ea)</item></ing>
      <ing>
        <amt>
          <qty>2</qty>
          <unit/></amt>
        <item>Lemons, halved crosswise for garnish</item></ing></ingredients>
    <directions>
      <step>  Herbes de Provence is an aromatic blend of dried herbs - thyme,
  rosemary, lavender and summer savory. This mixture is readily
  available in specialty food shops and upscale supermarkets. to make
  your own, mix together 1/2 ounce of each herb and store in an
  airtight jar in a cool, dark place. The herbs marry well with most
  grilled or baked fish.
  
  1. Preheat the oven to 400'F. Heat 2 tablespoons oil in a large
  nonstick skillet over medium heat. Add the peppers and onion; cook 10
  minutes, stirring often.
  
  2. Add vinegar and herbes de Provence and cook 15 minutes longer,
  stirring often. Season with salt and pepper and 2 tablespoons
  parsley. Spoon the vegetables over the bottom of a 9x9" baking dish.
  
  3. Brush the fish with the remaining oil. Sprinkle both sides with
  salt and pepper then lay the fish in the baking dish over the
  vegetables. Bake for 20 minutes.
  
  4. Garnish fish with remaining parsley and lemon halves. Serve
  immediately.
  
  Per serving: 383 calories, 15 grams fat, 68 milligrams cholesterol.
  
  From Tuscon area newspapers, 1994, 3rd quarter, courtest Mike Orchekowski.
  File ftp://ftp.idiscover.co.uk/pub/food/mealmaster/recipes/tn-94q3.zip
 
</step></directions></recipe></recipeml>
