<?xml version="1.0" encoding="UTF-8"?>

<recipeml version="0.5">
  <recipe>
    <head>
      <title>Baked Halibut Provencal</title>
      <categories>
        <cat>Fish</cat></categories>
      <yield>2</yield></head>
    <ingredients>
      <ing>
        <amt>
          <qty>1</qty>
          <unit>small</unit></amt>
        <item>Onion; sliced thinly</item></ing>
      <ing>
        <amt>
          <qty>1</qty>
          <unit>teaspoon</unit></amt>
        <item>Olive oil</item></ing>
      <ing>
        <amt>
          <qty>1/2</qty>
          <unit>teaspoons</unit></amt>
        <item>Rosemary; dried, whole</item></ing>
      <ing>
        <amt>
          <qty>1</qty>
          <unit/></amt>
        <item>Clove garlic; thinly sliced</item></ing>
      <ing>
        <amt>
          <qty>1</qty>
          <unit/></amt>
        <item>Piece (1.5-inch) orange peel</item></ing>
      <ing>
        <amt>
          <qty>3/4</qty>
          <unit>cups</unit></amt>
        <item>Low-sodium tomatoes; undrained; diced</item></ing>
      <ing>
        <amt>
          <qty>1</qty>
          <unit>teaspoon</unit></amt>
        <item>Capers</item></ing>
      <ing>
        <amt>
          <qty>2</qty>
          <unit>teaspoons</unit></amt>
        <item>Fresh orange juice</item></ing>
      <ing>
        <amt>
          <qty>1/8</qty>
          <unit>teaspoons</unit></amt>
        <item>Fresh ground pepper</item></ing>
      <ing>
        <amt>
          <qty>2</qty>
          <unit/></amt>
        <item>(4-oz) halibut fillets</item></ing>
      <ing>
        <amt>
          <qty>2</qty>
          <unit>teaspoons</unit></amt>
        <item>Kalamatra olives; chopped</item></ing></ingredients>
    <directions>
      <step>  Date: Thu, 8 Feb 1996 10:49:48 -0800 (PST)
  
  From: Eric L Rose &lt;erose@oboe.aix.calpoly.edu&gt;
  
  Source: Cooking Light `95 Edition/Eric Rose
  
   Here is a low fat halibut recipe that I just tested for our new menu.  If
  any one has some upscale, low fat recipes out there I would appreciate you
  sending them to the list.  Thanks, Eric *  Exported from  MasterCook II  *
  Combine onion, olive oil, 1/4 teaspoon rosemary, garlic, and orange peel in
  a 13-x 9-x 2-inch baking dish. Bake, uncovered, at 400ø for 10 minutes or
  until onion begins to brown, stirring once. Stir in tomato and capers; bake
  5 additional minutes or until mixture thickens. Stir in orange juice and
  pepper. Add halibut to tomato mixture; sprinkle with remaining 1/4 teaspoon
  of rosemary. Spoon tomato mixture over halibut; bake, uncovered, 10 minutes
  or until fish flakes at the edges when tested with a fork. Don't over cook,
  if fish is slightly underdone in the center don't worry it will continue to
  cook in the sauce. This is especially true if it is held a short amount of
  time before service. Remove and discard orange peel. Sprinkle with olives
  and serve. Yield: 2 servings.
  
  MC-RECIPE@MASTERCOOK.COM
  
  MASTERCOOK RECIPES LIST SERVER
  
  From the MasterCook recipe list.  Downloaded from Glen's MM Recipe Archive,
  http://www.erols.com/hosey.
 
</step></directions></recipe></recipeml>
