<?xml version="1.0" encoding="UTF-8"?>

<recipeml version="0.5">
  <recipe>
    <head>
      <title>Baked Ice Cream</title>
      <categories>
        <cat>Dessert</cat></categories>
      <yield>8</yield></head>
    <ingredients>
      <ing-div>
        <title/>
        <ing>
          <amt>
            <qty>1</qty>
            <unit>quart</unit></amt>
          <item>Brick ice cream or molded ice cream; very cold</item></ing></ing-div>
      <ing-div>
        <title>MERINGUE</title>
        <ing>
          <amt>
            <qty>2</qty>
            <unit/></amt>
          <item>Egg whites</item></ing>
        <ing>
          <amt>
            <qty>1/4</qty>
            <unit>teaspoons</unit></amt>
          <item>Cream of tartar</item></ing>
        <ing>
          <amt>
            <qty>4</qty>
            <unit>tablespoons</unit></amt>
          <item>Powdered sugar</item></ing>
        <ing>
          <amt>
            <qty>1/2</qty>
            <unit>teaspoons</unit></amt>
          <item>Vanilla extract</item></ing></ing-div></ingredients>
    <directions>
      <step>    This is the result ofJefferson's ingenious mind as an engineer,
  architect, and cook. He developed methods of putting a dough or meringue on
  a bit of ice cream and then baking it. His guests must have been fascinated
  with the things the man of Monticello would develop. He actually invented
  what we now call Baked Alaska.
  
    You can bake this in an oven or you can use a small acetylene torch.
  Don't let the kids try this or you may lose the house!
  
    Have the egg whites at room temperature. Whip in your electric mixer
  along with the cream of tartar. When they form stiff peaks, fold in the
  sugar and vanilla. Frost the ice cream form and bake in a preheated 350ø
  for 10-15 minutes, or until the meringue is lightly browned.
  
    I have much better luck browning the meringue with a hand-held acetylene
  torch.
  
  From &lt;The Frugal Gourmet Cooks American&gt;.  Downloaded from Glen's MM Recipe
  Archive, http://www.erols.com/hosey.
 
</step></directions></recipe></recipeml>
