<?xml version="1.0" encoding="UTF-8"?>

<recipeml version="0.5">
  <recipe>
    <head>
      <title>Baked Lamb Shanks with Tomato Sauce</title>
      <categories>
        <cat>Meats</cat></categories>
      <yield>1</yield></head>
    <ingredients>
      <ing>
        <amt>
          <qty>6</qty>
          <unit/></amt>
        <item>Lamb shanks (3/4 lb each,</item></ing>
      <ing>
        <amt>
          <qty/>
          <unit/></amt>
        <item>Trimmed of fat)</item></ing>
      <ing>
        <amt>
          <qty/>
          <unit/></amt>
        <item>Olive or corn oil</item></ing>
      <ing>
        <amt>
          <qty>2</qty>
          <unit>medium</unit></amt>
        <item>Onions (cut in 1/4" slices)</item></ing>
      <ing>
        <amt>
          <qty>1</qty>
          <unit>teaspoon</unit></amt>
        <item>Allspice</item></ing>
      <ing>
        <amt>
          <qty>1/2</qty>
          <unit>teaspoons</unit></amt>
        <item>Nutmeg</item></ing>
      <ing>
        <amt>
          <qty>1</qty>
          <unit/></amt>
        <item>Teapoon salt</item></ing>
      <ing>
        <amt>
          <qty>1/2</qty>
          <unit>teaspoons</unit></amt>
        <item>Pepper</item></ing>
      <ing>
        <amt>
          <qty>3</qty>
          <unit>cups</unit></amt>
        <item>Chopped canned tomatoes</item></ing></ingredients>
    <directions>
      <step>  Lightly coat lamb with oil; arrange in 13*2*9" baking dish. Bake in
  450 oven for 30 minutes, turning once. Remove lamb from oven; reduce
  heat to 350. Place onion slices over lamb; sprinkle with allspice,
  nutmeg, salt &amp; pepper. Pour tomatoes evenly over all. Return lamb to
  oven; bake 2 hours, basting frequently.
  
  File ftp://ftp.idiscover.co.uk/pub/food/mealmaster/recipes/mmkah001.zip
 
</step></directions></recipe></recipeml>
