<?xml version="1.0" encoding="UTF-8"?>

<recipeml version="0.5">
  <recipe>
    <head>
      <title>Apple Muffins</title>
      <categories>
        <cat/></categories>
      <yield>100</yield></head>
    <ingredients>
      <ing>
        <amt>
          <qty>1</qty>
          <unit>quart</unit></amt>
        <item>WATER</item></ing>
      <ing>
        <amt>
          <qty>20</qty>
          <unit/></amt>
        <item>EGGS SHELL</item></ing>
      <ing>
        <amt>
          <qty>3 1/4</qty>
          <unit>ounces</unit></amt>
        <item>MILK; DRY NON-FAT L HEAT</item></ing>
      <ing>
        <amt>
          <qty>4 1/2</qty>
          <unit>pounds</unit></amt>
        <item>FLOUR GEN PURPOSE 10LB</item></ing>
      <ing>
        <amt>
          <qty>3 7/16</qty>
          <unit>pounds</unit></amt>
        <item>SUGAR; GRANULATED 10 LB</item></ing>
      <ing>
        <amt>
          <qty>3 1/2</qty>
          <unit>pounds</unit></amt>
        <item>PIE FIL APPLE #10</item></ing>
      <ing>
        <amt>
          <qty>1 1/2</qty>
          <unit>pounds</unit></amt>
        <item>SHORTENING; 3LB</item></ing>
      <ing>
        <amt>
          <qty>2 1/2</qty>
          <unit>ounces</unit></amt>
        <item>BAKING POWDER</item></ing>
      <ing>
        <amt>
          <qty>2</qty>
          <unit>teaspoons</unit></amt>
        <item>CINNAMON GROUND 1 LB CN</item></ing>
      <ing>
        <amt>
          <qty>3/4</qty>
          <unit>ounces</unit></amt>
        <item>SALT TABLE 5LB</item></ing></ingredients>
    <directions>
      <step>  PAN:  12-CUP MUFFIN PAN                            TEMPERATURE:  400 F.
  OVEN
  
  1.  SIFT TOGETHER FLOUR, BAKING POWDER, SALT, MILK, SUGAR, AND CINNAMON IN
  MIXER BOWL.
  
  2.  ADD SHORTENING, EGGS, AND WATER; MIX AT LOW SPEED ONLY UNTIL BLENDED.
  DO NOT OVERMIX. FOLD IN APPLES.
  
  3.  FILL EACH WELL-GREASED MUFFIN CUP 3/4 FULL.
  
  4.  MIX CINNAMON AND SUGAR. SPRINKLE 1/4 TSP OF MIXTURE OVER EACH MUFFIN.
  
  5.  BAKE 20 MINUTES OR UNTIL DONE.
  
  NOTE:  IN STEP 4, IF CONVECTION OVEN IS USED, BAKE AT 350 F. 20 MINUTES
  OR UNTIL DONE WITH OPEN VENT WITH FAN TURNED OFF FIRST 10 MINUTES, THEN LOW
  FAN.
  
  Recipe Number: D02904
  
  SERVING SIZE: 1 MUFFIN
  
  From the &lt;Army Master Recipe Index File&gt; (actually used today!).
  Downloaded from Glen's MM Recipe Archive, http://www.erols.com/hosey.
 
</step></directions></recipe></recipeml>
