<?xml version="1.0" encoding="UTF-8"?>

<recipeml version="0.5">
  <recipe>
    <head>
      <title>Apple Jalapeno Chops</title>
      <categories>
        <cat>Pork</cat>
        <cat>Barbecue</cat></categories>
      <yield>4</yield></head>
    <ingredients>
      <ing>
        <amt>
          <qty>1/2</qty>
          <unit>cups</unit></amt>
        <item>Monterey jack w/peppers; shr</item></ing>
      <ing>
        <amt>
          <qty>1/4</qty>
          <unit>cups</unit></amt>
        <item>Apple; finely chopped</item></ing>
      <ing>
        <amt>
          <qty>1</qty>
          <unit>tablespoon</unit></amt>
        <item>Almonds; chopped</item></ing>
      <ing>
        <amt>
          <qty>1</qty>
          <unit>tablespoon</unit></amt>
        <item>Cilantro; fresh &amp; chopped</item></ing>
      <ing>
        <amt>
          <qty>4</qty>
          <unit/></amt>
        <item>Pork loin or rib chops; cut</item></ing>
      <ing>
        <amt>
          <qty>1/2</qty>
          <unit>cups</unit></amt>
        <item>Apple jelly</item></ing>
      <ing>
        <amt>
          <qty>1</qty>
          <unit/></amt>
        <item>Jalapeno; seeded and chopped</item></ing>
      <ing>
        <amt>
          <qty>2</qty>
          <unit>tablespoons</unit></amt>
        <item>Apple juice; or water</item></ing>
      <ing>
        <amt>
          <qty>1 1/2</qty>
          <unit>teaspoons</unit></amt>
        <item>Cornstarch</item></ing></ingredients>
    <directions>
      <step>  For stuffing, in a small bowl toss together the shredded cheese, chopped
  apple, almonds and cilantro. Set aside. Trim fat from meat. Make a pocket
  in each chop by cutting horizontally into the chop from the fat side almost
  to the bone. Spoon about 1/4 of the stuffing into each pocket. If
  necessary, securely fasten the opening with toothpicks. For glaze, in a
  small saucepan combine jelly and jalepeno pepper. Cook and stir over low
  heat till jelly melts. Combine apple juice and cornstarch; stir into jelly
  mixture. Cook and stir until thickened and bubbly. Cook and stir 2 minutes
  more. Preheat gas grill. Adjust heat for indirect cooking. Place chops on
  grill rack over medium heat. Cover and grill for 40 to 50 minutes or till
  juices run clear, turning once halfway through and brushing with glaze
  after 25 minutes. 409 calories and 18 grams fat.
  Posted to MC-Recipe Digest V1 #813 by Nancy Berry &lt;nlberry@prodigy.net&gt; on
  Sep 28, 1997
 
</step></directions></recipe></recipeml>
