<?xml version="1.0" encoding="UTF-8"?>

<recipeml version="0.5">
  <recipe>
    <head>
      <title>Apple Glazed Carrots with Bacon &lt;r T&gt;</title>
      <categories>
        <cat>Low fat</cat>
        <cat>Side dishes</cat>
        <cat>Vegetables</cat></categories>
      <yield>8</yield></head>
    <ingredients>
      <ing>
        <amt>
          <qty>2</qty>
          <unit/></amt>
        <item>Lf Turkey Bacon - Armour; *Note</item></ing>
      <ing>
        <amt>
          <qty>1</qty>
          <unit>cup</unit></amt>
        <item>Chopped Onion</item></ing>
      <ing>
        <amt>
          <qty>32</qty>
          <unit>ounces</unit></amt>
        <item>Baby Carrots</item></ing>
      <ing>
        <amt>
          <qty>1 1/2</qty>
          <unit>cups</unit></amt>
        <item>Apple Cider</item></ing>
      <ing>
        <amt>
          <qty>1/4</qty>
          <unit>cups</unit></amt>
        <item>Packed Brown Sugar</item></ing>
      <ing>
        <amt>
          <qty>1/4</qty>
          <unit>teaspoons</unit></amt>
        <item>Ground Red Pepper</item></ing>
      <ing>
        <amt>
          <qty>2</qty>
          <unit>tablespoons</unit></amt>
        <item>Chopped Chives</item></ing></ingredients>
    <directions>
      <step>  *NOTE: Original recipe used regular bacon
  
  Cook bacon slices in a small skillet over med heat until crisp. Remove
  bacon from skillet, and crumble. Add onion to bacon drippings in skillet,
  and saute 3 min. Add carrots, cider, sugar, and pepper, and bring to a
  boil. Cook mixture 10 min over med heat or until carrots are tender. Do not
  drain.
  
  Place carrot mixture in a large serving bowl. Sprinkle with the reserved
  bacon and chives.
  
  Yield: 8 servings
  
  This was amazing!! Quite good, very easy and quick to put together.
  
  NOTES : Cal 108.6, Fat 1.3g, Carb 23.2g, Fib 0.4g, Pro 2.2g, Sod 94mg, CFF
  10.1%.
  Recipe by: Cooking Light, Nov/Dec 1997
  
  Posted to Digest eat-lf.v097.n009 by Reggie Dwork &lt;reggie@reggie.com&gt; on
  Jan 10, 1998
 
</step></directions></recipe></recipeml>
