<?xml version="1.0" encoding="UTF-8"?>

<recipeml version="0.5">
  <recipe>
    <head>
      <title>Apple Gingerbread Squares</title>
      <categories>
        <cat>Cakes</cat></categories>
      <yield>12</yield></head>
    <ingredients>
      <ing>
        <amt>
          <qty>1</qty>
          <unit/></amt>
        <item>Box gingerbread mix</item></ing>
      <ing>
        <amt>
          <qty>4</qty>
          <unit>large</unit></amt>
        <item>Apples -- peeled and sliced</item></ing>
      <ing>
        <amt>
          <qty>1/4</qty>
          <unit>cups</unit></amt>
        <item>Sugar</item></ing>
      <ing>
        <amt>
          <qty>1/4</qty>
          <unit>teaspoons</unit></amt>
        <item>Mace</item></ing>
      <ing>
        <amt>
          <qty>1/4</qty>
          <unit>teaspoons</unit></amt>
        <item>Cloves</item></ing>
      <ing>
        <amt>
          <qty>1/4</qty>
          <unit>teaspoons</unit></amt>
        <item>Cinnamon</item></ing>
      <ing>
        <amt>
          <qty>1/4</qty>
          <unit>teaspoons</unit></amt>
        <item>Nutmeg</item></ing>
      <ing>
        <amt>
          <qty>2 1/4</qty>
          <unit>tablespoons</unit></amt>
        <item>Butter -- melted</item></ing></ingredients>
    <directions>
      <step>  Prepare gingerbread according to directions on package. Pour into greased
  and floured 9 x 12 baking pan.  Arrange apple slices over gingerbread
  batter.  In small bowl combine sugar, mace, cloves, cinnamon and nutmeg;
  sprinkle over apples.  Drizzle with melted butter. Bake at 350 for 1 hour.
  Cool slightly and cut in squares. Serve with dollop of whipped cream if
  desired.  Source: Favorite Apple Recipes.
  
  Recipe By     : Sue Klapper
  
  From: Ladies Home Journal- August 1991
  
  File ftp://ftp.idiscover.co.uk/pub/food/mealmaster/recipes/mmdja006.zip
 
</step></directions></recipe></recipeml>
