<?xml version="1.0" encoding="UTF-8"?>

<recipeml version="0.5">
  <recipe>
    <head>
      <title>Apple Johnnycake</title>
      <categories>
        <cat>New</cat>
        <cat>Imports</cat></categories>
      <yield>8</yield></head>
    <ingredients>
      <ing>
        <amt>
          <qty>1/3</qty>
          <unit>cups</unit></amt>
        <item>Maple-flavored pancake syrup; divided [75mL]</item></ing>
      <ing>
        <amt>
          <qty>1</qty>
          <unit>tablespoon</unit></amt>
        <item>Melted margarine; plus [15mL]</item></ing>
      <ing>
        <amt>
          <qty>1</qty>
          <unit>teaspoon</unit></amt>
        <item>Melted margarine; [5mL]</item></ing>
      <ing>
        <amt>
          <qty>1/4</qty>
          <unit>teaspoons</unit></amt>
        <item>Maple extract; [1mL]</item></ing>
      <ing>
        <amt>
          <qty>2</qty>
          <unit>large</unit></amt>
        <item>Apples; peeled, cored and cut into 1/4-in. (6mm) slices</item></ing>
      <ing>
        <amt>
          <qty>2/3</qty>
          <unit>cups</unit></amt>
        <item>Cornmeal; [175mL]</item></ing>
      <ing>
        <amt>
          <qty>2/3</qty>
          <unit>cups</unit></amt>
        <item>Flour; [175mL]</item></ing>
      <ing>
        <amt>
          <qty>1</qty>
          <unit>teaspoon</unit></amt>
        <item>Baking powder; [5mL]</item></ing>
      <ing>
        <amt>
          <qty>1</qty>
          <unit>tablespoon</unit></amt>
        <item>Sugar; [15mL]</item></ing>
      <ing>
        <amt>
          <qty>1/2</qty>
          <unit>teaspoons</unit></amt>
        <item>Salt; [2mL]</item></ing>
      <ing>
        <amt>
          <qty>1/4</qty>
          <unit>teaspoons</unit></amt>
        <item>Baking soda; [1mL]</item></ing>
      <ing>
        <amt>
          <qty>1</qty>
          <unit>cup</unit></amt>
        <item>Buttermilk; [250mL]</item></ing>
      <ing>
        <amt>
          <qty>1</qty>
          <unit/></amt>
        <item>Egg</item></ing>
      <ing>
        <amt>
          <qty>1</qty>
          <unit>tablespoon</unit></amt>
        <item>Oil; [15mL]</item></ing>
      <ing>
        <amt>
          <qty/>
          <unit/></amt>
        <item>Additional pancake syrup; optional</item></ing></ingredients>
    <directions>
      <step>  Heat 1/3 of the syrup, 1 teaspoon of the margarine and the maple extract in
  a frying pan.
  
  Add the apple slices and sauté for about 5 minutes or until softened.
  
  Ladle the apple slices over the bottom of a greased shallow 1-quart (1-L)
  casserole dish. Cover the casserole dish and refrigerate.
  
  Combine the next six ingredients in a bowl.
  
  The recipe may be prepared to this point 24 hours in advance.
  
  Combine the buttermilk, egg, oil, remaining syrup and remaining 1
  tablespoon of melted margarine in a bowl. Whisk to blend.
  
  Remove the casserole dish from the refrigerator. Preheat the oven to 375°F.
  (190°C.).
  
  Add the buttermilk mixture to the dry ingredients and stir just enough to
  combine. Do not overmix.
  
  Spread the batter evenly over the apples.
  
  Bake for about 30 minutes or until a toothpick inserted into the center
  comes out clean.
  
  Serve warm with additional syrup if desired. Do NOT freeze.
  
  Yield : 8 servings.
  
  Recipe source : Christmas Book, Northwestern Utilities Limited, 10035 - 105
  Street, Edmonton, Alberta, Canada T5J 2V6. These recipes have all been
  tested by the Blue Flame Kitchen staff.
  
  Formatted for MasterCook by Hallie du Preez.
  
  Contributed to #kitmailbox by allium.
  
  Recipe by: Northwestern Utilities, Edmonton, Alberta.
  
  Posted to KitMailbox Digest  by Buddy &lt;buddy@connect.ab.ca&gt; on Dec 13, 1997
 
</step></directions></recipe></recipeml>
