<?xml version="1.0" encoding="UTF-8"?>

<recipeml version="0.5">
  <recipe>
    <head>
      <title>Apple Kuchen</title>
      <categories>
        <cat>None</cat></categories>
      <yield>1</yield></head>
    <ingredients>
      <ing>
        <amt>
          <qty>1</qty>
          <unit/></amt>
        <item>Yellow cake mix</item></ing>
      <ing>
        <amt>
          <qty>1/2</qty>
          <unit>cups</unit></amt>
        <item>Butter; softened</item></ing>
      <ing>
        <amt>
          <qty>1</qty>
          <unit>can</unit></amt>
        <item>(20-ounce) pie apples; drained</item></ing>
      <ing>
        <amt>
          <qty>1</qty>
          <unit>teaspoon</unit></amt>
        <item>Cinnamon</item></ing>
      <ing>
        <amt>
          <qty>2</qty>
          <unit/></amt>
        <item>Egg yolks</item></ing>
      <ing>
        <amt>
          <qty>1</qty>
          <unit>cup</unit></amt>
        <item>Sour cream</item></ing></ingredients>
    <directions>
      <step>  German/Pennsylvania Dutch/Historic
  
  http://www.foodtv.com/midatl/reclist.htm
  Personal comment: I grew up not far away from the Pennsylvania Dutch and
  just down the road a piece from Valley Forge Park and so I was thrilled
  when I found these recipes. I hope someone else out there will also be
  interested...
  
  Preheat oven to 350 degrees. Cut butter into dry cake mix until crumbly.
  Pat mixture lightly into ungreased 13" x 9" x 2" pan, building up slightly
  at edges. Bake 10 minutes. Arrange apple slices on warm crust. Sprinkle
  cinnamon on apples. Blend sour cream and egg yolks and drizzle over apples.
  Bake 25 minutes or until apples are lightly browned. Serve warm with a
  scoop of vanilla ice cream.
  
  Yield: Servings determined by package of cake mix.
  
  Posted to recipelu-digest by LSHW &lt;shusky@erols.com&gt; on Feb 19, 1998
 
</step></directions></recipe></recipeml>
