<?xml version="1.0" encoding="UTF-8"?>

<recipeml version="0.5">
  <recipe>
    <head>
      <title>Apple Nut Ring</title>
      <categories>
        <cat>Dessert</cat>
        <cat>Pampered ch</cat></categories>
      <yield>1</yield></head>
    <ingredients>
      <ing>
        <amt>
          <qty>1</qty>
          <unit>can</unit></amt>
        <item>Refrigerator biscuits; (2 oz) (2 to 8)</item></ing>
      <ing>
        <amt>
          <qty>1</qty>
          <unit>cup</unit></amt>
        <item>Sugar</item></ing>
      <ing>
        <amt>
          <qty>1</qty>
          <unit>tablespoon</unit></amt>
        <item>Cinnamon</item></ing>
      <ing>
        <amt>
          <qty>1</qty>
          <unit/></amt>
        <item>Stick butter or margarine; melted</item></ing>
      <ing>
        <amt>
          <qty>2</qty>
          <unit>medium</unit></amt>
        <item>Granny Smith apples</item></ing>
      <ing>
        <amt>
          <qty>1/3</qty>
          <unit>cups</unit></amt>
        <item>Nuts; chopped</item></ing></ingredients>
    <directions>
      <step>  Preheat oven to 400oF. Separate biscuits into 20 pieces. Combine sugar and
  cinnamon. Dip biscuits first into butter then sugar. Place in Deep Dish
  Baker. Peel/Core/Slice apples. Place apple slice between each biscuit and
  around outer edge. Top with nuts, remaining butter and sugar. Bake for
  25-30 minutes.
  
  Recipe by: Pampered Chef Posted to MC-Recipe Digest V1 #681 by
  hister@juno.com (Iris E. Dunaway) on Jul 20, 1997
 
</step></directions></recipe></recipeml>
