<?xml version="1.0" encoding="UTF-8"?>

<recipeml version="0.5">
  <recipe>
    <head>
      <title>Apple Mulling Spice Mix</title>
      <categories>
        <cat>None</cat></categories>
      <yield>1</yield></head>
    <ingredients>
      <ing>
        <amt>
          <qty>3</qty>
          <unit/></amt>
        <item>Boxes cinnamon sticks, (1 ounce each)</item></ing>
      <ing>
        <amt>
          <qty>6</qty>
          <unit/></amt>
        <item>Whole nutmegs , (1 ounce)</item></ing>
      <ing>
        <amt>
          <qty>1/3</qty>
          <unit>cups</unit></amt>
        <item>Dried orange peel</item></ing>
      <ing>
        <amt>
          <qty>1/3</qty>
          <unit>cups</unit></amt>
        <item>Dried lemon peel, chopped</item></ing>
      <ing>
        <amt>
          <qty>1/4</qty>
          <unit>cups</unit></amt>
        <item>Whole allspice and whole cloves</item></ing>
      <ing>
        <amt>
          <qty>2</qty>
          <unit>tablespoons</unit></amt>
        <item>Crystallized ginger, finely chopped (1 ounce)</item></ing></ingredients>
    <directions>
      <step>  Cut doubled layers of cheesecloth into fourteen 5-inch squares. Have
  fourteen 10-inch-long pieces plain white string ready. Put cinnamon sticks
  and nutmegs in a plastic bag and crush with a rolling pin or a small heavy
  skillet until broken in small pieces. Mix with remaining ingredients. Tie 3
  generous tablespoonsful in each cheesecloth square. Makes 14 bags.
  
  To mull wine, stir 1/2 cup water and 1/3 cup sugar in a 1-1/2 to 2-quart
  pan over medium heat until sugar dissolves. Add 3-1/4 cups wine and the
  spice bag. Reduce heat to low, cover and heat very gently until mixture is
  very hot but not boiling, about 20 minutes. Discard spice bag.
  
  To mull cider, just add spice bag to 8 cups apple cider in a 2-1/2 to
  3-quart pan. Bring to a boil, reduce heat, cover, and simmer 30 to 35
  minutes. Discard spice bag.
  
  (Each spice bag holds enough to mull a 750 ml bottle of red wine - about
  3-1/4 cups - or a half gallon - 8 cups - apple cider.)
  
  Recipe by therese@garnet.berkeley.edu
  Posted to Digest eat-lf.v096.n242
  
  Recipe by: Donna Pattee (Ellen C. &lt;ellen@brakes.elekta.com&gt;)
  
  From: "Ellen C." &lt;ellen@elekta.com&gt;
  
  Date: Mon, 9 Dec 1996 09:24:23 -0500
 
</step></directions></recipe></recipeml>
