<?xml version="1.0" encoding="UTF-8"?>

<recipeml version="0.5">
  <recipe>
    <head>
      <title>Apple Mint Julep</title>
      <categories>
        <cat>Teas</cat></categories>
      <yield>8</yield></head>
    <ingredients>
      <ing>
        <amt>
          <qty>2</qty>
          <unit>cups</unit></amt>
        <item>Fresh mint; chopped</item></ing>
      <ing>
        <amt>
          <qty>8</qty>
          <unit>cups</unit></amt>
        <item>Apple juice</item></ing>
      <ing>
        <amt>
          <qty>1/2</qty>
          <unit>cups</unit></amt>
        <item>Fresh lime juice</item></ing>
      <ing>
        <amt>
          <qty/>
          <unit/></amt>
        <item>Mint sprigs; for garnish</item></ing></ingredients>
    <directions>
      <step>  Recipe by: Cooking Light June 1996 1. Place chopped mint on a double layer
  of cheesecloth.  Gather edges ot cheesecloth together, and tie securely. 2.
  Place cheesecloth and apple juice in a large saucepan; bring to a boil.
  Remove from heat, cover and let cool.  Pour into large pitcher.  Discard
  cheesecloth bag; and stir in lime juice. 3. Pour apple juice mixture over
  ice cubes.  Garnish with additional mint.
  
  Posted to Master Cook Recipes List, Digest #109
  
  Date: Wed, 5 Jun 1996 22:50:10 GMT
  
  From: Stephanie Ash &lt;s.ash@worldnet.att.net&gt;
 
</step></directions></recipe></recipeml>
