<?xml version="1.0" encoding="UTF-8"?>

<recipeml version="0.5">
  <recipe>
    <head>
      <title>Apple Juice Roast</title>
      <categories>
        <cat>Roast</cat>
        <cat>Beef</cat>
        <cat>Meats</cat></categories>
      <yield>6</yield></head>
    <ingredients>
      <ing-div>
        <title/>
        <ing>
          <amt>
            <qty>4</qty>
            <unit>pounds</unit></amt>
          <item>Boneless Beef Chuck Roast</item></ing>
        <ing>
          <amt>
            <qty>2</qty>
            <unit/></amt>
          <item>Med. Onions, Sliced</item></ing>
        <ing>
          <amt>
            <qty>2</qty>
            <unit>tablespoons</unit></amt>
          <item>Butter or Shortening</item></ing>
        <ing>
          <amt>
            <qty>1</qty>
            <unit>cup</unit></amt>
          <item>Apple Juice</item></ing>
        <ing>
          <amt>
            <qty>1</qty>
            <unit>tablespoon</unit></amt>
          <item>Catsup</item></ing>
        <ing>
          <amt>
            <qty>1</qty>
            <unit>teaspoon</unit></amt>
          <item>Salt</item></ing>
        <ing>
          <amt>
            <qty>1/4</qty>
            <unit>teaspoons</unit></amt>
          <item>Pepper</item></ing>
        <ing>
          <amt>
            <qty>1/4</qty>
            <unit>teaspoons</unit></amt>
          <item>Thyme Leaves</item></ing>
        <ing>
          <amt>
            <qty>1/4</qty>
            <unit>teaspoons</unit></amt>
          <item>Prepared Mustard</item></ing>
        <ing>
          <amt>
            <qty>1/8</qty>
            <unit>teaspoons</unit></amt>
          <item>Basil Leaves</item></ing>
        <ing>
          <amt>
            <qty>3</qty>
            <unit/></amt>
          <item>Large Sweet Potatoes *</item></ing>
        <ing>
          <amt>
            <qty/>
            <unit/></amt>
          <item>Lemon Juice</item></ing></ing-div>
      <ing-div>
        <title>GARNISHES</title>
        <ing>
          <amt>
            <qty/>
            <unit/></amt>
          <item>Chopped Parsley OR</item></ing>
        <ing>
          <amt>
            <qty/>
            <unit/></amt>
          <item>Apple Rings And Parsley</item></ing>
        <ing>
          <amt>
            <qty/>
            <unit/></amt>
          <item>Gravy</item></ing></ing-div></ingredients>
    <directions>
      <step>  *     Sweet potatoes should be pared and cut into pieces.
  ~------------------------------------------------------ ~-----------------
  Cook onions in 1 T butter or shortening in Dutch oven until tender-crisp;
  set aside. Brown roast in remaining butter or shortening in Dutch oven over
  medium heat 15 to 20 minutes or until browned on both sides. Pierce entire
  surface of meat with fork. Combine apple juice, catsup, salt, pepper,
  thyme, mustard and basil; add to meat.  Top meat with reserved cooked
  onions; cover and cook slowly 2 1/2 hours or until almost tender. Brush
  sweet potatoes with lemon juice for bright color; add to meat. Continue
  cooking, covered, 30 to 40 minutes or until meat and potatoes are tender.
  Place meat and potatoes on warm platter. Sprinkle potatoes with chopped
  parsley or garinish with apple rings and parsley, if desired. Serve gravy
  over sliced meat. NOTE: After apple juice mixture is added to browned meat,
  it may be marinated in the refrigerator until 3 to 4 hours before serving
  time; turn meat several times. If Dutch oven is cast iron, transfer to a
  glass dish. GRAVY: Skim excess fat from cooking liquid; add water if needed
  to make 1 1/2 cups.  Mix 1/2 cup water and 2 T Unbleached Flour; stir
  gradually into cooking liquid. Heat to boiling; cook, stirring 3 to 5
  minutes.  Season with salt and pepper, if desired. Gravy may be served in
  Large Apple that has been scooped out, if desired.
  
  From Gemini's MASSIVE MealMaster collection at www.synapse.com/~gemini
 
</step></directions></recipe></recipeml>
