<?xml version="1.0" encoding="UTF-8"?>

<recipeml version="0.5">
  <recipe>
    <head>
      <title>Apple Nut Cinnamon Ice Cream (Motts)</title>
      <categories>
        <cat>Chilled des</cat>
        <cat>Brandname</cat></categories>
      <yield>32</yield></head>
    <ingredients>
      <ing>
        <amt>
          <qty>1</qty>
          <unit>cup</unit></amt>
        <item>Firmly packed brown sugar</item></ing>
      <ing>
        <amt>
          <qty>4</qty>
          <unit>cups</unit></amt>
        <item>Milk</item></ing>
      <ing>
        <amt>
          <qty>4</qty>
          <unit/></amt>
        <item>Eggs; slightly beaten</item></ing>
      <ing>
        <amt>
          <qty>2</qty>
          <unit>pints</unit></amt>
        <item>Whipping cream; (4 cups)</item></ing>
      <ing>
        <amt>
          <qty>23</qty>
          <unit>ounces</unit></amt>
        <item>Chunky Apple Sauce</item></ing>
      <ing>
        <amt>
          <qty>2</qty>
          <unit>tablespoons</unit></amt>
        <item>Vanilla</item></ing>
      <ing>
        <amt>
          <qty>1</qty>
          <unit>teaspoon</unit></amt>
        <item>Or 2 cinnamon</item></ing>
      <ing>
        <amt>
          <qty>2/3</qty>
          <unit>cups</unit></amt>
        <item>Chopped walnuts</item></ing></ingredients>
    <directions>
      <step>  In large saucepan, combine brown sugar, milk and eggs.
  
  Cook over low heat until mixture coats a metal spoon, stirring constantly.
  
  Cool. Stir cream, apple sauce, vanilla, cinnamon and walnuts into cooled
  mixture.
  
  Prepare 4 or 5-quart ice cream freezer according to manufacturer­s
  directions; freeze as directed.
  
  Yields 4 quarts.
  
  Notes: Pantry: Mott's Chunky Apple Sauce. This recipe can easily be reduced
  by half or even fourths to accommodate some of the smaller ice cream
  freezers available on the market.
  
  &gt;Hanneman/Buster 1998-Apr
  
  Recipe by: Motts Applesauce www.motts.com
  
  Posted to MC-Recipe Digest by KitPATh &lt;phannema@wizard.ucr.edu&gt; on Apr 18,
  1998
 
</step></directions></recipe></recipeml>
