<?xml version="1.0" encoding="UTF-8"?>

<recipeml version="0.5">
  <recipe>
    <head>
      <title>Apple Milk Drink (Sharbat)</title>
      <categories>
        <cat>Beverages</cat>
        <cat>Fruits</cat>
        <cat>Harned 1994</cat>
        <cat>Moroccan</cat></categories>
      <yield>1</yield></head>
    <ingredients>
      <ing>
        <amt>
          <qty>2</qty>
          <unit/></amt>
        <item>Red eating apples</item></ing>
      <ing>
        <amt>
          <qty>2</qty>
          <unit>tablespoons</unit></amt>
        <item>Sugar</item></ing>
      <ing>
        <amt>
          <qty>2</qty>
          <unit>teaspoons</unit></amt>
        <item>Rosewater or orange flower water (scant teaspoons)</item></ing>
      <ing>
        <amt>
          <qty>2</qty>
          <unit>cups</unit></amt>
        <item>Cold milk</item></ing>
      <ing>
        <amt>
          <qty/>
          <unit/></amt>
        <item>Shaved ice (opt'l.)</item></ing></ingredients>
    <directions>
      <step>  Peel and cube the apples.  Place in the blender jar with sugar, perfumed
  water and milk.  Whirl at high speed 15 seconds. Serve, with shaved ice if
  desired, in small glasses.
  
  Yield: 2 to 4 servings.
  
  From _Couscous and Other Good Food from Morocco_ by Paula Wolfert. New
  York: Harper &amp; Row, Publishers, Inc., 1987. Pg. 326. ISBN 0-06-091396-7.
  Electronic format by Cathy Harned.
  
  From Gemini's MASSIVE MealMaster collection at www.synapse.com/~gemini
 
</step></directions></recipe></recipeml>
