<?xml version="1.0" encoding="UTF-8"?>

<recipeml version="0.5">
  <recipe>
    <head>
      <title>Apple Lokshen (Noodle) Kugel (Sweet)</title>
      <categories>
        <cat>Desserts</cat>
        <cat>German</cat>
        <cat>Pasta</cat></categories>
      <yield>1</yield></head>
    <ingredients>
      <ing>
        <amt>
          <qty>8</qty>
          <unit>ounces</unit></amt>
        <item>Medium Egg Noodles</item></ing>
      <ing>
        <amt>
          <qty>1/4</qty>
          <unit>cups</unit></amt>
        <item>Melted Margarine or oil</item></ing>
      <ing>
        <amt>
          <qty>4</qty>
          <unit/></amt>
        <item>Eggs, beaten</item></ing>
      <ing>
        <amt>
          <qty>3</qty>
          <unit>medium</unit></amt>
        <item>Apples</item></ing>
      <ing>
        <amt>
          <qty>1/4</qty>
          <unit>cups</unit></amt>
        <item>Dark Seedless Raisins</item></ing>
      <ing>
        <amt>
          <qty>1/4</qty>
          <unit>cups</unit></amt>
        <item>Sugar</item></ing>
      <ing>
        <amt>
          <qty>1 1/2</qty>
          <unit>teaspoons</unit></amt>
        <item>Salt</item></ing>
      <ing>
        <amt>
          <qty>2</qty>
          <unit>teaspoons</unit></amt>
        <item>Cinnamon</item></ing>
      <ing>
        <amt>
          <qty>1/2</qty>
          <unit>teaspoons</unit></amt>
        <item>Vanilla</item></ing></ingredients>
    <directions>
      <step>  Cook and drain noodles and put in a large bowl. Stir in margarine and eggs.
  Peel and chop apples. If using raisins, rinse in hot water and drain.
  Combine all ingredients together, add seasoning and mix well. Preheat oven
  to 350 deg F. Pour kugel mixture into a greased 9" x 13" baking pan. Bake
  for 40-60 minutes or until lightly browned. Makes 12 servings. Note: for
  extra softness, add another 2 eggs.
  
  Variation:  Pineapple Kugel Replace apples and raisins with one 16 oz can
  crushed pineapple..Add an additional 1/2-3/4 cup of sugar and 1 tbs
  cinnamon.
  
  From Gemini's MASSIVE MealMaster collection at www.synapse.com/~gemini
 
</step></directions></recipe></recipeml>
