<?xml version="1.0" encoding="UTF-8"?>

<recipeml version="0.5">
  <recipe>
    <head>
      <title>Apple Granola Bars</title>
      <categories>
        <cat>Snacks</cat>
        <cat>Low-cal</cat></categories>
      <yield>16</yield></head>
    <ingredients>
      <ing>
        <amt>
          <qty>1/2</qty>
          <unit>cups</unit></amt>
        <item>Brown sugar; packed</item></ing>
      <ing>
        <amt>
          <qty>1/4</qty>
          <unit>cups</unit></amt>
        <item>Butter or margarine; softene</item></ing>
      <ing>
        <amt>
          <qty>1/3</qty>
          <unit>cups</unit></amt>
        <item>Applesauce</item></ing>
      <ing>
        <amt>
          <qty>1</qty>
          <unit/></amt>
        <item>Egg</item></ing>
      <ing>
        <amt>
          <qty>1/2</qty>
          <unit>cups</unit></amt>
        <item>Whole wheat flour</item></ing>
      <ing>
        <amt>
          <qty>1</qty>
          <unit>cup</unit></amt>
        <item>Granola</item></ing>
      <ing>
        <amt>
          <qty>1/4</qty>
          <unit>teaspoons</unit></amt>
        <item>Baking soda</item></ing>
      <ing>
        <amt>
          <qty>1/4</qty>
          <unit>teaspoons</unit></amt>
        <item>Ground allspice; or to taste</item></ing>
      <ing>
        <amt>
          <qty>1/2</qty>
          <unit>cups</unit></amt>
        <item>Dried apples; finely chopped</item></ing></ingredients>
    <directions>
      <step>  Recipe by: Fast &amp; Healthy, July/Aug 1994 Preheat oven to 350 degrees; coat
  an 8-inch square baking pan with nonstick cooking spray. In a large bowl,
  combine brown sugar and margarine; beat well. Add applesauce and egg; blend
  well. Lightly spoon flour into measuring cup; level off. Add flour,
  granola, baking soda and allspice; blend well.  Stir in apples. Spread
  batter in prepared pan. Bake for 20 to 25 minutes, or until a toothpick
  inserted in the center comes out clean. Cool completely; cut into bars.
  
  Nutrition Analysis:  120 calories, 2g protein, 17g carbohydrate, 5g fat,
       13 mg cholesterol, 60mg sodium.
  Posted to Bakery-Shoppe Digest V1 #197 by novmom@juno.com (Angela
  Gilliland) on Aug 20, 1997
 
</step></directions></recipe></recipeml>
