<?xml version="1.0" encoding="UTF-8"?>

<recipeml version="0.5">
  <recipe>
    <head>
      <title>Apple Muffins #2</title>
      <categories>
        <cat>Dessert</cat></categories>
      <yield>12</yield></head>
    <ingredients>
      <ing>
        <amt>
          <qty>1 1/2</qty>
          <unit>cups</unit></amt>
        <item>Multigrain oatmeal (with rolled rye; oats, barley and wheat)</item></ing>
      <ing>
        <amt>
          <qty>1</qty>
          <unit>cup</unit></amt>
        <item>Whole wheat flour</item></ing>
      <ing>
        <amt>
          <qty>1</qty>
          <unit>cup</unit></amt>
        <item>Packed brown sugar</item></ing>
      <ing>
        <amt>
          <qty>3/4</qty>
          <unit>cups</unit></amt>
        <item>All-purpose flour</item></ing>
      <ing>
        <amt>
          <qty>1/3</qty>
          <unit>cups</unit></amt>
        <item>Toasted wheat germ</item></ing>
      <ing>
        <amt>
          <qty>1</qty>
          <unit>tablespoon</unit></amt>
        <item>Baking powder</item></ing>
      <ing>
        <amt>
          <qty>1</qty>
          <unit>tablespoon</unit></amt>
        <item>Apple pie spice</item></ing>
      <ing>
        <amt>
          <qty>1/2</qty>
          <unit>teaspoons</unit></amt>
        <item>Baking soda</item></ing>
      <ing>
        <amt>
          <qty>1/2</qty>
          <unit>teaspoons</unit></amt>
        <item>Salt</item></ing>
      <ing>
        <amt>
          <qty>1 1/2</qty>
          <unit>cups</unit></amt>
        <item>Chopped apple (granny smith or jonathon)</item></ing>
      <ing>
        <amt>
          <qty>1 1/4</qty>
          <unit>cups</unit></amt>
        <item>Skim milk</item></ing>
      <ing>
        <amt>
          <qty>1/3</qty>
          <unit>cups</unit></amt>
        <item>Cooking oil</item></ing>
      <ing>
        <amt>
          <qty>3</qty>
          <unit/></amt>
        <item>Slightly beaten egg whites</item></ing>
      <ing>
        <amt>
          <qty/>
          <unit/></amt>
        <item>Granulated sugar</item></ing></ingredients>
    <directions>
      <step>   I have seen several requests for apple muffins lately, so here is my
  favorite recipe.  The multigrain oatmeal is sold in the US by Quaker and
  can be found in the cereal aisle at the grocery store next to the Quaker
  rolled oats. If you can't find it, you can probably substitute
  quick-cooking oats.
  
   In a mixing bowl, combine all of the dry ingredients (except granulated
  sugar).  Add the chopped apple and stir to coat with the dry ingredients.
  Add the remaining ingredients (except granulated sugar) and stir just until
  moistened.
  
   Spray 12 muffin tins with cooking spray (or use papers).  Spoon the batter
  in to the tins, filling them full.  Sprinkle muffin tops with a little
  granulated sugar.
  
   Bake in a 400 degree oven for 18 to 20 minutes or until done.
  
   Per muffin: 175 calories, 5 g total fat, 24 mg cholesterol, 120 mg solium,
  29 g carbohydrates, 1 g fiber, 4 g protein.
  
  SHARONB@TRITON.MAYFIELD.HP.COM
  
  (SHARON BARBOUR)
  
  REC.FOOD.RECIPES
  
  From rec.food.cooking archives.  Downloaded from Glen's MM Recipe Archive,
  http://www.erols.com/hosey.
 
</step></directions></recipe></recipeml>
