<?xml version="1.0" encoding="UTF-8"?>

<recipeml version="0.5">
  <recipe>
    <head>
      <title>Apple Jack Smoothie</title>
      <categories>
        <cat>None</cat></categories>
      <yield>1</yield></head>
    <ingredients>
      <ing>
        <amt>
          <qty>3</qty>
          <unit>ounces</unit></amt>
        <item>Dark or natural apple juice</item></ing>
      <ing>
        <amt>
          <qty>1</qty>
          <unit/></amt>
        <item>Red apple (cored; peeled &amp; chopped)</item></ing>
      <ing>
        <amt>
          <qty>6</qty>
          <unit>tablespoons</unit></amt>
        <item>Low-fat frozen vanilla yogurt</item></ing>
      <ing>
        <amt>
          <qty>1/4</qty>
          <unit>teaspoons</unit></amt>
        <item>Cinnamon</item></ing></ingredients>
    <directions>
      <step>  Put in blender and puree until smooth. (One - 10-12 oz. serving)
  
  Posted to KitMailbox Digest  by brightl@kitmailbox.com on
 
</step></directions></recipe></recipeml>
