<?xml version="1.0" encoding="UTF-8"?>

<recipeml version="0.5">
  <recipe>
    <head>
      <title>Apple Ginger Upside Down Cake</title>
      <categories>
        <cat>Apples</cat></categories>
      <yield>1</yield></head>
    <ingredients>
      <ing>
        <amt>
          <qty>3</qty>
          <unit>tablespoons</unit></amt>
        <item>Butter or margarine</item></ing>
      <ing>
        <amt>
          <qty>1/4</qty>
          <unit>cups</unit></amt>
        <item>Firmly packed brown sugar</item></ing>
      <ing>
        <amt>
          <qty>1</qty>
          <unit>tablespoon</unit></amt>
        <item>Finely chopped crystallized ginger</item></ing>
      <ing>
        <amt>
          <qty>2</qty>
          <unit/></amt>
        <item>Cooking apples; peeled and thinly sliced</item></ing>
      <ing>
        <amt>
          <qty>1</qty>
          <unit>tablespoon</unit></amt>
        <item>Lemon juice</item></ing>
      <ing>
        <amt>
          <qty>1/2</qty>
          <unit>cups</unit></amt>
        <item>Butter or margarine; softened</item></ing>
      <ing>
        <amt>
          <qty>1</qty>
          <unit>cup</unit></amt>
        <item>Sugar</item></ing>
      <ing>
        <amt>
          <qty>2</qty>
          <unit>large</unit></amt>
        <item>Eggs</item></ing>
      <ing>
        <amt>
          <qty>1 1/2</qty>
          <unit>cups</unit></amt>
        <item>All-purpose flour</item></ing>
      <ing>
        <amt>
          <qty>2</qty>
          <unit>teaspoons</unit></amt>
        <item>Baking powder</item></ing>
      <ing>
        <amt>
          <qty>1/2</qty>
          <unit>teaspoons</unit></amt>
        <item>Salt</item></ing>
      <ing>
        <amt>
          <qty>1/2</qty>
          <unit>teaspoons</unit></amt>
        <item>Ground cinnamon</item></ing>
      <ing>
        <amt>
          <qty>1/2</qty>
          <unit>cups</unit></amt>
        <item>Milk</item></ing>
      <ing>
        <amt>
          <qty>1/2</qty>
          <unit>teaspoons</unit></amt>
        <item>Vanilla extract</item></ing></ingredients>
    <directions>
      <step>  Clean cast-iron skillet with soap and water. To prevent rusting, place in a
  warm oven or on stove top over medium heat till water evaporates.
  
  Melt 3 tablespoons butter in a 10-inch cast-iron skillet. Remove from heat,
  and sprinkle with brown sugar and ginger.
  
  Toss apple slices with lemon juice, and arrange over brown sugar mixture;
  set aside.
  
  Beat 1/2 cup softened butter at medium speed with an electric mixer until
  creamy; gradually add sugar, beating well. Add eggs, 1 at a time, mixing
  after each addition.
  
  Combine flour and next 3 ingredients; add to butter mixture alternately
  with milk, beginning and ending with flour mixture. Stir in vanilla. Spoon
  evenly over apples.
  
  Bake at 350° for 35 to 40 minutes or until a wooden pick inserted in center
  comes out clean. Cool in skillet on a wire rack 5 minutes; invert onto
  serving plate. Makes 1 (10-inch) cake.
  
  Notes: Select tart, green-skinned Granny Smiths for cakes and pies.
  
  Recipe by: Southern Living
  
  Posted to MC-Recipe Digest V1 #1031 by Suzy Wert &lt;SuzyWert@aol.com&gt; on Jan
  22, 1998
 
</step></directions></recipe></recipeml>
