<?xml version="1.0" encoding="UTF-8"?>

<recipeml version="0.5">
  <recipe>
    <head>
      <title>Apple Glazed Carrots</title>
      <categories>
        <cat>Vegetables</cat>
        <cat>Rice &amp; grai</cat></categories>
      <yield>4</yield></head>
    <ingredients>
      <ing>
        <amt>
          <qty>1</qty>
          <unit>package</unit></amt>
        <item>Baby carrots, 14.5 ounces</item></ing>
      <ing>
        <amt>
          <qty>1/4</qty>
          <unit>cups</unit></amt>
        <item>Apple juice</item></ing>
      <ing>
        <amt>
          <qty>1/4</qty>
          <unit>cups</unit></amt>
        <item>Apple jelly</item></ing>
      <ing>
        <amt>
          <qty>1 1/2</qty>
          <unit>teaspoons</unit></amt>
        <item>Dijon mustard</item></ing></ingredients>
    <directions>
      <step>  Place carrots and apple juice in medium nonstick skillet. Bring to a boil.
  Reduce heat; cover and simmer 7 to 9 minutes or until carrots are
  crisp-tender. Uncover; cook over medium heat until liquid evaporates. Stir
  in jelly and mustard; cook and stir over medium heat until jelly melts and
  carrots are glazed. Source: Fast &amp; Healthy Magazine.
  Posted to MC-Recipe Digest V1 #339
  
  Recipe by: Sue Klapper
  
  From: Sherry Zeiss &lt;zeiss@tab.com&gt;
  
  Date: Wed, 11 Dec 1996 23:09:11 -0600
 
</step></directions></recipe></recipeml>
