<?xml version="1.0" encoding="UTF-8"?>

<recipeml version="0.5">
  <recipe>
    <head>
      <title>Apple Honey Glazed Chicken</title>
      <categories>
        <cat>Low fat</cat>
        <cat>Poultry</cat></categories>
      <yield>4</yield></head>
    <ingredients>
      <ing>
        <amt>
          <qty>1/3</qty>
          <unit>cups</unit></amt>
        <item>Apple jelly</item></ing>
      <ing>
        <amt>
          <qty>1</qty>
          <unit>tablespoon</unit></amt>
        <item>Honey</item></ing>
      <ing>
        <amt>
          <qty>1</qty>
          <unit>tablespoon</unit></amt>
        <item>Dijon mustard</item></ing>
      <ing>
        <amt>
          <qty>1/2</qty>
          <unit>teaspoons</unit></amt>
        <item>Cinnamon</item></ing>
      <ing>
        <amt>
          <qty>1/2</qty>
          <unit>teaspoons</unit></amt>
        <item>Salt</item></ing>
      <ing>
        <amt>
          <qty>4</qty>
          <unit/></amt>
        <item>Boneless skinless chicken</item></ing>
      <ing>
        <amt>
          <qty/>
          <unit/></amt>
        <item>Breast halves</item></ing></ingredients>
    <directions>
      <step>  Heat grill or broiler. In small bowl, combine all ingredients except
  chicken; blend well.
  
  When ready to barbecue, oil grill rack. Brush chicken with apple mixture;
  place on gas grill over medium heat or on charcoal grill 4-6" from medium
  coals or on broiler rack 4-6" from heat. Cook 15-20 minutes until juices
  run clear and chicken is fork tender, turning occasionally and brushing
  frequently with apple mixture. 4 servings.
  
  Per serving: 160 calories, 27 g protein, 5 g carbohydrate, 3 g (17%) fat,
  73 mg cholesterol, 160 mg sodium, 230 mg potassium, 3 lean meat and 1/2
  fruit exchanges.
  
  Fast &amp; Healthy 9/92 Carolyn Shaw 7-95
  
  Posted to MealMaster Recipes List, Digest #153
  
  Date: Thu, 30 May 1996 23:59:18 -0400
  
  From: BobbieB1@aol.com
 
</step></directions></recipe></recipeml>
