<?xml version="1.0" encoding="UTF-8"?>

<recipeml version="0.5">
  <recipe>
    <head>
      <title>Apple Glazed Pork Chops Ii</title>
      <categories>
        <cat>Apples</cat>
        <cat>Main dish</cat>
        <cat>Main dishes</cat>
        <cat>Pork</cat></categories>
      <yield>4</yield></head>
    <ingredients>
      <ing>
        <amt>
          <qty>1</qty>
          <unit/></amt>
        <item>14"x 20" Large Reynolds Oven Bag</item></ing>
      <ing>
        <amt>
          <qty>1</qty>
          <unit>tablespoon</unit></amt>
        <item>Flour</item></ing>
      <ing>
        <amt>
          <qty>1</qty>
          <unit/></amt>
        <item>Envelope onion soup mix</item></ing>
      <ing>
        <amt>
          <qty>1/3</qty>
          <unit>cups</unit></amt>
        <item>Water</item></ing>
      <ing>
        <amt>
          <qty>4</qty>
          <unit/></amt>
        <item>1/2" thick pork center loin chops</item></ing>
      <ing>
        <amt>
          <qty>1</qty>
          <unit>can</unit></amt>
        <item>(21 0z) apple pie filling</item></ing></ingredients>
    <directions>
      <step>  Preheat oven to 350. Shake flour in oven bag; place in 9x13inch baking
  dish. Add soup mixand water to bag; squeeze bagto blend in flour. add pork
  chops and pie filling to the bag. turn bag to coat the pork chopswith
  sauce. Arrange pork chops in single layerin bag. Close bag with nylon tie;
  cut 6 1/2 inch slits in top of bag. Bake 35 minutes or until pork chops are
  tender. to serve, stir sauce and spoon over pork chops.
  
  Recipe by: Homemakers School
  
  Posted to EAT-L Digest  by Catherine &lt;cathrine@LANCNEWS.INFI.NET&gt; on Sep 9,
  1997
 
</step></directions></recipe></recipeml>
