<?xml version="1.0" encoding="UTF-8"?>

<recipeml version="0.5">
  <recipe>
    <head>
      <title>Apple Nut Ring</title>
      <categories>
        <cat>Breakfast</cat>
        <cat>The pampere</cat></categories>
      <yield>20</yield></head>
    <ingredients>
      <ing>
        <amt>
          <qty>2</qty>
          <unit>packages</unit></amt>
        <item>Refrigerated buttermilk</item></ing>
      <ing>
        <amt>
          <qty/>
          <unit/></amt>
        <item>Biscuits</item></ing>
      <ing>
        <amt>
          <qty>3/4</qty>
          <unit>cups</unit></amt>
        <item>Sugar</item></ing>
      <ing>
        <amt>
          <qty>1</qty>
          <unit>tablespoon</unit></amt>
        <item>Cinnamon</item></ing>
      <ing>
        <amt>
          <qty>1/4</qty>
          <unit>cups</unit></amt>
        <item>Butter or margarine --</item></ing>
      <ing>
        <amt>
          <qty/>
          <unit/></amt>
        <item>Melted</item></ing>
      <ing>
        <amt>
          <qty>2</qty>
          <unit>medium</unit></amt>
        <item>Apples</item></ing>
      <ing>
        <amt>
          <qty>1/3</qty>
          <unit>cups</unit></amt>
        <item>Walnuts -- chopped</item></ing>
      <ing>
        <amt>
          <qty>1/4</qty>
          <unit>cups</unit></amt>
        <item>Raisins</item></ing></ingredients>
    <directions>
      <step>  Preheat oven to 400.  Separate biscuits into 20 pieces.  Combine sugar and
  cinnamon.  Dip biscuits into melted butter, then roll in sugar mixture.
  Arrange biscuits in Deep Dish Baker.  Peel, core and slice apples into thin
  slices using the Apple Peeler/ Corer/Slicer. Cut slices in half. Place an
  apple slice between each biscuit and around outer edge of Deep Dish Baker.
  Chop nuts with  Food Chopper. Mix nuts and raisins with remaining sugar
  mixture and sprinkle over apples. Bake 25-30 minutes or un til golden
  brown.
  
  Posted to EAT-L Digest - 30 May 96
  
  Date:    Fri, 31 May 1996 17:10:17 -0400
  
  From:    "Carol T." &lt;taillon@ACCESS.MOUNTAIN.NET&gt;
  
  Recipe By     : The Pampered Chef
 
</step></directions></recipe></recipeml>
