<?xml version="1.0" encoding="UTF-8"?>

<recipeml version="0.5">
  <recipe>
    <head>
      <title>Apple Nugget Muffins (Motts)</title>
      <categories>
        <cat>Muffins</cat>
        <cat>Brandname</cat></categories>
      <yield>12</yield></head>
    <ingredients>
      <ing>
        <amt>
          <qty>1/2</qty>
          <unit>cups</unit></amt>
        <item>Margarine or butter</item></ing>
      <ing>
        <amt>
          <qty>1/2</qty>
          <unit>cups</unit></amt>
        <item>Firmly packed brown sugar</item></ing>
      <ing>
        <amt>
          <qty>1 1/2</qty>
          <unit>cups</unit></amt>
        <item>Unsweetened Apple Sauce</item></ing>
      <ing>
        <amt>
          <qty>1/4</qty>
          <unit>cups</unit></amt>
        <item>Milk</item></ing>
      <ing>
        <amt>
          <qty>1</qty>
          <unit>teaspoon</unit></amt>
        <item>Vanilla</item></ing>
      <ing>
        <amt>
          <qty>2</qty>
          <unit/></amt>
        <item>Eggs</item></ing>
      <ing>
        <amt>
          <qty>1 1/2</qty>
          <unit>cups</unit></amt>
        <item>All-purpose flour</item></ing>
      <ing>
        <amt>
          <qty>1/2</qty>
          <unit>cups</unit></amt>
        <item>Whole wheat flour</item></ing>
      <ing>
        <amt>
          <qty>1</qty>
          <unit>teaspoon</unit></amt>
        <item>Baking powder</item></ing>
      <ing>
        <amt>
          <qty>1</qty>
          <unit>teaspoon</unit></amt>
        <item>Baking soda</item></ing>
      <ing>
        <amt>
          <qty>1/4</qty>
          <unit>teaspoons</unit></amt>
        <item>Salt</item></ing>
      <ing>
        <amt>
          <qty>1</qty>
          <unit>cup</unit></amt>
        <item>Chopped walnuts</item></ing>
      <ing>
        <amt>
          <qty>1</qty>
          <unit>cup</unit></amt>
        <item>Grated apple</item></ing>
      <ing>
        <amt>
          <qty>1/2</qty>
          <unit>cups</unit></amt>
        <item>Raisins</item></ing></ingredients>
    <directions>
      <step>  Heat oven to 375F. Grease bottoms only of 12 muffin cups or line with paper
  baking cups.
  
  In large bowl, beat margarine and brown sugar until fluffy. Add applesauce,
  milk, vanilla and eggs; blend well.
  
  Stir in all-purpose flour, whole wheat flour, baking powder, baking soda
  and salt. Blend just until dry particles are moistened; stir in walnuts,
  apple and raisins.
  
  Fill prepared muffin cups. Bake at 375F for 20 to 25 minutes or until
  toothpick inserted in center comes out clean. Cool 5 minutes; remove from
  pan.
  
  Notes: Pantry: Mott's Natural Apple Sauce. Get your family off to a great
  start with these nutritious muffins. Serve with strawberries, melon wedges,
  pineapple chunks and chilled orange juice for a delicious breakfast.
  
  &gt;Hanneman/Buster 1998-Apr
  
  Recipe by: Motts Applesauce www.motts.com
  
  Posted to MC-Recipe Digest by KitPATh &lt;phannema@wizard.ucr.edu&gt; on Apr 18,
  1998
 
</step></directions></recipe></recipeml>
