<?xml version="1.0" encoding="UTF-8"?>

<recipeml version="0.5">
  <recipe>
    <head>
      <title>Apple Knockers</title>
      <categories>
        <cat>Desserts</cat>
        <cat>Candies</cat></categories>
      <yield>6</yield></head>
    <ingredients>
      <ing>
        <amt>
          <qty>1</qty>
          <unit/></amt>
        <item>(3") sticks cinnamon, broken into pieces</item></ing>
      <ing>
        <amt>
          <qty>2</qty>
          <unit>teaspoons</unit></amt>
        <item>Whole cloves</item></ing>
      <ing>
        <amt>
          <qty>1</qty>
          <unit>cup</unit></amt>
        <item>Sugar</item></ing>
      <ing>
        <amt>
          <qty>1/2</qty>
          <unit>teaspoons</unit></amt>
        <item>Ground nutmeg</item></ing>
      <ing>
        <amt>
          <qty>2</qty>
          <unit>quarts</unit></amt>
        <item>Apple cider</item></ing>
      <ing>
        <amt>
          <qty>2</qty>
          <unit>cups</unit></amt>
        <item>Orange juice</item></ing>
      <ing>
        <amt>
          <qty>1/2</qty>
          <unit>cups</unit></amt>
        <item>Lemon juice</item></ing></ingredients>
    <directions>
      <step>  Place cinnamon sticks and cloves in a large tea ball, or tie in a
  cheesecloth bag. Set aside.
  
  Combine sugar and nutmeg in a large Dutch oven, stirring well. Gradually
  add apple cider, orange juice, and lemon juice, stirring well. Add tea
  ball. Bring mixture to a boil; reduce heat, and simmer 15 mins. Remove tea
  ball; discard spices. Serve beverage warm. Yield: 2 1/2 qts.
  
  From: America's Best Recipes A 1991 Hometown Collection
  
  Food &amp; Wine RT [*] Category 9, Topic 19 Message 28 Sun May 24, 1992
  P.T.MACELUCH [Blivet NJ]     (Forwarded)
  
  MM by QBTOMM and Sylvia Steiger, GEnie THE.STEIGERS, CI$ 71511,2253, GT
  Cookbook echo moderator at net/node 004/005
  
  From Gemini's MASSIVE MealMaster collection at www.synapse.com/~gemini
 
</step></directions></recipe></recipeml>
