<?xml version="1.0" encoding="UTF-8"?>

<recipeml version="0.5">
  <recipe>
    <head>
      <title>Apple Meatloaf</title>
      <categories>
        <cat>Main dish</cat>
        <cat>Meats</cat></categories>
      <yield>8</yield></head>
    <ingredients>
      <ing>
        <amt>
          <qty>2 1/2</qty>
          <unit>pounds</unit></amt>
        <item>Lean ground beef</item></ing>
      <ing>
        <amt>
          <qty>1 1/2</qty>
          <unit>cups</unit></amt>
        <item>Herb seasoned stuffing mix</item></ing>
      <ing>
        <amt>
          <qty>2</qty>
          <unit>cups</unit></amt>
        <item>Finely chopped apples</item></ing>
      <ing>
        <amt>
          <qty>3</qty>
          <unit/></amt>
        <item>Eggs</item></ing>
      <ing>
        <amt>
          <qty>2</qty>
          <unit>teaspoons</unit></amt>
        <item>Salt</item></ing>
      <ing>
        <amt>
          <qty>2</qty>
          <unit>tablespoons</unit></amt>
        <item>Prepared mustard</item></ing>
      <ing>
        <amt>
          <qty>2</qty>
          <unit>tablespoons</unit></amt>
        <item>Horseradish</item></ing>
      <ing>
        <amt>
          <qty>1</qty>
          <unit/></amt>
        <item>Onion; finely chopped</item></ing>
      <ing>
        <amt>
          <qty>3/4</qty>
          <unit>cups</unit></amt>
        <item>Ketchup</item></ing></ingredients>
    <directions>
      <step>  Preheat oven to 350 degrees fahrenheit. Mix all ingredients together well
  in a large bowl. Pack into a large loaf pan. Bake about 1 hour and 15
  minutes, or until cooked through. Let rest for 10 minutes before slicing.
  
  Recipe by: BUSY COOKS - http://busycooks.miningco.com
  
  Posted to recipelu-digest by Lynn Nelson &lt;lynnn@erols.com&gt; on Feb 16, 1998
 
</step></directions></recipe></recipeml>
