<?xml version="1.0" encoding="UTF-8"?>

<recipeml version="0.5">
  <recipe>
    <head>
      <title>Apple Johnnycakes</title>
      <categories>
        <cat>None</cat></categories>
      <yield>8</yield></head>
    <ingredients>
      <ing>
        <amt>
          <qty>6</qty>
          <unit>tablespoons</unit></amt>
        <item>Maple syrup</item></ing>
      <ing>
        <amt>
          <qty>1/2</qty>
          <unit>teaspoons</unit></amt>
        <item>Salt</item></ing>
      <ing>
        <amt>
          <qty>4</qty>
          <unit>teaspoons</unit></amt>
        <item>Unsalted butter -- melted</item></ing>
      <ing>
        <amt>
          <qty>1/4</qty>
          <unit>teaspoons</unit></amt>
        <item>Baking soda</item></ing>
      <ing>
        <amt>
          <qty>2</qty>
          <unit>large</unit></amt>
        <item>Apples*</item></ing>
      <ing>
        <amt>
          <qty>1</qty>
          <unit>cup</unit></amt>
        <item>Buttermilk</item></ing>
      <ing>
        <amt>
          <qty>3/4</qty>
          <unit>cups</unit></amt>
        <item>Yellow or white cormeal+</item></ing>
      <ing>
        <amt>
          <qty>1</qty>
          <unit>large</unit></amt>
        <item>Egg -- lightly beaten</item></ing>
      <ing>
        <amt>
          <qty>3/4</qty>
          <unit>cups</unit></amt>
        <item>All-purpose flour</item></ing>
      <ing>
        <amt>
          <qty>1</qty>
          <unit>tablespoon</unit></amt>
        <item>Vegetable oil</item></ing>
      <ing>
        <amt>
          <qty>1</qty>
          <unit>teaspoon</unit></amt>
        <item>Baking powder</item></ing></ingredients>
    <directions>
      <step>  Preheat oven to 375 degrees F. Heat 2 T. maple syrup and 1 tsp. butter in a
  heavy 10-inch ovenproof skillet over medium-high heat. Add apples and saute
  for about 5 minutes, or until slightly softened. Remove from heat. Using
  two spoons, arrange the slices, fanning them out from the center of the
  skillet. In a medium-sized mixing bowl, stir together cornmeal, flour,
  baking powder, salt and baking soda. In a small mixing bowl, beat together
  buttermilk, egg, remaining 1//4 cup maple syrup, remaining 1 T. melted
  butter and oil. Make a well in the center of the dry ingredients and pour
  in the buttermilk mixture. Stir with a wooden spoon until just combined.
  Spread the batter evenly over the apples and bake for 30 to 35 minutes, or
  until a toothpick inserted into the center comes out clean. Invert onto a
  platter, cut into wedges and serve immediately, topped with more syrup.
  Serves 8. Nutrition information: 197 calories per serving: 5 grams fat, 33
  mg cholesterol, 263 mg sodium. 23% of calories are from fat. *peeled, cored
  and cut into 1/4" slices +preferably stone-ground.
  
  Recipe By     :
  
  From: Ladies Home Journal- August 1991
  
  File ftp://ftp.idiscover.co.uk/pub/food/mealmaster/recipes/mmdja006.zip
 
</step></directions></recipe></recipeml>
