<?xml version="1.0" encoding="UTF-8"?>

<recipeml version="0.5">
  <recipe>
    <head>
      <title>Apple Kuchen</title>
      <categories>
        <cat>Desserts</cat></categories>
      <yield>6</yield></head>
    <ingredients>
      <ing>
        <amt>
          <qty>1/2</qty>
          <unit>cups</unit></amt>
        <item>Butter, melted</item></ing>
      <ing>
        <amt>
          <qty>1/2</qty>
          <unit>cups</unit></amt>
        <item>(+4tbs.) sugar</item></ing>
      <ing>
        <amt>
          <qty>1</qty>
          <unit>cup</unit></amt>
        <item>All-purpose flour</item></ing>
      <ing>
        <amt>
          <qty>1</qty>
          <unit>teaspoon</unit></amt>
        <item>Baking powder</item></ing>
      <ing>
        <amt>
          <qty>1</qty>
          <unit>teaspoon</unit></amt>
        <item>Vanilla extract</item></ing>
      <ing>
        <amt>
          <qty>1</qty>
          <unit/></amt>
        <item>Egg, beaten</item></ing>
      <ing>
        <amt>
          <qty>8</qty>
          <unit>large</unit></amt>
        <item>Granny Smith apples,&gt;&gt;&gt;&gt;</item></ing>
      <ing>
        <amt>
          <qty/>
          <unit/></amt>
        <item>Peeled, cored, cut in&gt;&gt;&gt;&gt;&gt;</item></ing>
      <ing>
        <amt>
          <qty/>
          <unit/></amt>
        <item>Thick slices.</item></ing>
      <ing>
        <amt>
          <qty>1/4</qty>
          <unit>teaspoons</unit></amt>
        <item>Cinnamon</item></ing>
      <ing>
        <amt>
          <qty>3</qty>
          <unit>tablespoons</unit></amt>
        <item>Slivered almonds</item></ing></ingredients>
    <directions>
      <step>  Preheat oven to 350 F. In a large bowl, mix together the butter, 1/2 cup
  sugar, flour, baking powder, vanilla extract and egg.
  
  Pour half the batter into a greased 8" square baking pan and spread to
  cover bottom.  In another lge. bowl, toss the apple slices with the
  remaining 4 tbs. cugar and cinnamon, then place on top of the batter in the
  baking pan.
  
  Spread the remaining batter over the apple mixture. Bake for 20 minutes,
  then sprinkle with almonds and bake for 30 min. more.
  
  From Gemini's MASSIVE MealMaster collection at www.synapse.com/~gemini
 
</step></directions></recipe></recipeml>
