<?xml version="1.0" encoding="UTF-8"?>

<recipeml version="0.5">
  <recipe>
    <head>
      <title>Apple Jelly Spread</title>
      <categories>
        <cat>Jelly/</cat>
        <cat>Jam</cat></categories>
      <yield>1</yield></head>
    <ingredients>
      <ing>
        <amt>
          <qty>2</qty>
          <unit>cups</unit></amt>
        <item>Unsweetened apple juice</item></ing>
      <ing>
        <amt>
          <qty>1</qty>
          <unit>teaspoon</unit></amt>
        <item>Lemon juice</item></ing>
      <ing>
        <amt>
          <qty>6</qty>
          <unit>large</unit></amt>
        <item>Or 8 small whole cloves</item></ing>
      <ing>
        <amt>
          <qty>2</qty>
          <unit>teaspoons</unit></amt>
        <item>Granulated gelatin</item></ing>
      <ing>
        <amt>
          <qty>1/2</qty>
          <unit>cups</unit></amt>
        <item>Water</item></ing>
      <ing>
        <amt>
          <qty/>
          <unit/></amt>
        <item>Artificial sweetener to subs For 3/4 cup sugar</item></ing>
      <ing>
        <amt>
          <qty/>
          <unit/></amt>
        <item>Few drops red food color</item></ing></ingredients>
    <directions>
      <step>  Recipe by: Tampa Bay Online Combine fruit juices and cloves in heavy
  saucepan. Bring to a boil; simmer gently 10 minutes. Meanwhile, soak
  gelatin in cold water. Remove juices from heat; discard cloves; add gelatin
  and artificial sweetener and mix well. Add about 3 drops red food color;
  mix well. Pour carefully into two hot, clean half-pint jars. Cover lightly
  until cooled. Cover tightly and refrigerate.
  Posted to MC-Recipe Digest by Nancy Berry &lt;nlberry@prodigy.net&gt; on May 16,
  1998
 
</step></directions></recipe></recipeml>
