<?xml version="1.0" encoding="UTF-8"?>

<recipeml version="0.5">
  <recipe>
    <head>
      <title>Apple Hearth Bread</title>
      <categories>
        <cat>Breads</cat></categories>
      <yield>1</yield></head>
    <ingredients>
      <ing>
        <amt>
          <qty>1 1/2</qty>
          <unit/></amt>
        <item>To 1 3/4 cups unsifted all-purpose</item></ing>
      <ing>
        <amt>
          <qty/>
          <unit/></amt>
        <item>Flour</item></ing>
      <ing>
        <amt>
          <qty>1</qty>
          <unit>package</unit></amt>
        <item>Rapid-rising dry yeast</item></ing>
      <ing>
        <amt>
          <qty>1/2</qty>
          <unit>teaspoons</unit></amt>
        <item>Salt</item></ing>
      <ing>
        <amt>
          <qty>2/3</qty>
          <unit>cups</unit></amt>
        <item>Very warm water (120 degrees to</item></ing>
      <ing>
        <amt>
          <qty>130</qty>
          <unit/></amt>
        <item>Degrees F)</item></ing>
      <ing>
        <amt>
          <qty>1/2</qty>
          <unit>cups</unit></amt>
        <item>Olive oil</item></ing>
      <ing>
        <amt>
          <qty>1</qty>
          <unit>tablespoon</unit></amt>
        <item>Honey</item></ing>
      <ing>
        <amt>
          <qty>1</qty>
          <unit>tablespoon</unit></amt>
        <item>Butter</item></ing>
      <ing>
        <amt>
          <qty>1</qty>
          <unit>large</unit></amt>
        <item>Golden delicious or other</item></ing>
      <ing>
        <amt>
          <qty/>
          <unit/></amt>
        <item>Sweet firm apple, peeled, cored,</item></ing>
      <ing>
        <amt>
          <qty/>
          <unit/></amt>
        <item>And cut into 1/4-inch thick slices</item></ing>
      <ing>
        <amt>
          <qty>1/4</qty>
          <unit>teaspoons</unit></amt>
        <item>Coarse (kosher) salt</item></ing>
      <ing>
        <amt>
          <qty/>
          <unit/></amt>
        <item>(optional)</item></ing></ingredients>
    <directions>
      <step>  Sweet apples and salty bread provide an intriguing contrast in taste. To
  ensure that the hearth bread remains light and crisp, keep the dough soft:
  Don't work in too much flour and knead it gently.
  
  Makes 1 loaf (6 servings)
  
  1. In large bowl of heavy-duty electric mixer, combine 1 1/2 cups flour,
  the yeast, and salt. Slowly beat in water, 1/4 cup olive oil, and the
  honey; vigorously beat mixture 10 minutes. Cover bowl with clean cloth and
  let dough rise in warm place, away from drafts, 40 minutes.
  
  2. Meanwhile, in a large skillet, melt butter. Add apple slices and saute'
  until very lightly browned; set aside.
  
  3. After dough has risen 40 minutes, turn out onto floured surface. Gently
  knead in as much of remaining 1/4 cup flour as necessary to form a very
  soft dough - about 1 minute. Gently work apple slices into the dough.
  
  4. Lightly oil large baking sheet. With floured fingers, shape dough into a
  9 inch round on oiled sheet. Cover with clean cloth and let rise in warm
  place, away from drafts, until double in size - about 30 minutes.
  
  5. Heat oven to 400 degrees F. With pastry brush, coat top of dough round
  with 2 tablespoons olive oil; sprinkle with coarse salt, if desired. Bake
  15 to 20 minutes or until hearth bread is browned.
  
  6. Drizzle hearth bread with remaining 2 tablespoons olive oil and serve
  warm.
  
  Nutritional information per serving - protein: 4 grams; fat: 20 grams;
  carbohydrate: 34 grams; fiber: 2 grams; sodium: 195 milligrams;
  cholesterol: 5 milligrams; calories: 335.
  
  From: Country Living, September, 1992.
  
  From Gemini's MASSIVE MealMaster collection at www.synapse.com/~gemini
 
</step></directions></recipe></recipeml>
