<?xml version="1.0" encoding="UTF-8"?>

<recipeml version="0.5">
  <recipe>
    <head>
      <title>Apple Honey Oatmeal Cookies</title>
      <categories>
        <cat>Fruits</cat>
        <cat>Cookies</cat>
        <cat>Low-cal</cat></categories>
      <yield>36</yield></head>
    <ingredients>
      <ing>
        <amt>
          <qty>3/4</qty>
          <unit>cups</unit></amt>
        <item>Butter flavor shortening</item></ing>
      <ing>
        <amt>
          <qty>1 1/4</qty>
          <unit>cups</unit></amt>
        <item>Light brown sugar firmly packed</item></ing>
      <ing>
        <amt>
          <qty>1</qty>
          <unit/></amt>
        <item>Egg</item></ing>
      <ing>
        <amt>
          <qty>1/3</qty>
          <unit>cups</unit></amt>
        <item>Milk</item></ing>
      <ing>
        <amt>
          <qty>2</qty>
          <unit>tablespoons</unit></amt>
        <item>Honey</item></ing>
      <ing>
        <amt>
          <qty>1 1/2</qty>
          <unit>teaspoons</unit></amt>
        <item>Vanilla</item></ing>
      <ing>
        <amt>
          <qty>3</qty>
          <unit>cups</unit></amt>
        <item>Quick oats, uncooked</item></ing>
      <ing>
        <amt>
          <qty>1</qty>
          <unit>cup</unit></amt>
        <item>Flour, all-porpuse</item></ing>
      <ing>
        <amt>
          <qty>1/2</qty>
          <unit>teaspoons</unit></amt>
        <item>Baking soda</item></ing>
      <ing>
        <amt>
          <qty>1/2</qty>
          <unit>teaspoons</unit></amt>
        <item>Salt</item></ing>
      <ing>
        <amt>
          <qty>1/4</qty>
          <unit>teaspoons</unit></amt>
        <item>Cinnamon</item></ing>
      <ing>
        <amt>
          <qty>1</qty>
          <unit>cup</unit></amt>
        <item>Raisins</item></ing>
      <ing>
        <amt>
          <qty>1</qty>
          <unit>cup</unit></amt>
        <item>Walnuts, coarsely chopped</item></ing>
      <ing>
        <amt>
          <qty>1</qty>
          <unit/></amt>
        <item>Granny Smith Apple, peeled cored, &amp; finley chopped</item></ing></ingredients>
    <directions>
      <step>    Heat oven to 375 degrees.  Grease baking sheets. Place sheets of foil on
  counter top for cooling cookies.
    Combine shortening, brown sugar, egg, milk, honey and vanilla in large
  bowl.  Beat with electric mixer at medium speed until well-blended.
    Combine oats, flour, baking soda, salt and cinnamon. Mix into creamed
  mixture at low speed just until blended. Stir in raisins, walnuts and
  apples.
    Drop rounded measuring tablespoonfuls of dough 3 inches apart onto baking
  sheet.
    Bake one baking sheet at a time at 375 degrees 10 to 12 minutes, or until
  lightly browned.  DO NOT OVERBAKE. Cool 2 minutes on baking sheet.
    Remove cookies to foil to cool completely.  Makes 3 dozen cookies.
 
</step></directions></recipe></recipeml>
