<?xml version="1.0" encoding="UTF-8"?>

<recipeml version="0.5">
  <recipe>
    <head>
      <title>Apple Meatloaf</title>
      <categories>
        <cat>Main dish</cat>
        <cat>Meats</cat></categories>
      <yield>4</yield></head>
    <ingredients>
      <ing>
        <amt>
          <qty>1</qty>
          <unit>pound</unit></amt>
        <item>Lean Ground Beef</item></ing>
      <ing>
        <amt>
          <qty/>
          <unit/></amt>
        <item>Apple, cored and chopped</item></ing>
      <ing>
        <amt>
          <qty/>
          <unit/></amt>
        <item>Med Onion, chopped</item></ing>
      <ing>
        <amt>
          <qty>1/8</qty>
          <unit>teaspoons</unit></amt>
        <item>Pepper</item></ing>
      <ing>
        <amt>
          <qty>1/2</qty>
          <unit>teaspoons</unit></amt>
        <item>Garlic Salt</item></ing></ingredients>
    <directions>
      <step>  1 or 2 slices of Bread Preheat oven to 350.
   Combine all ingredients except bread. Soak bread in cold water, squeeze
  out moisture, shred, and add. Place in loaf pan and bake 25-30 minutes.
  Or...form into patties, roll in bread crumbs and pan fry, or broil.
  
  From Gemini's MASSIVE MealMaster collection at www.synapse.com/~gemini
 
</step></directions></recipe></recipeml>
