<?xml version="1.0" encoding="UTF-8"?>

<recipeml version="0.5">
  <recipe>
    <head>
      <title>Apple Mincemeat Pie</title>
      <categories>
        <cat>None</cat></categories>
      <yield>1</yield></head>
    <ingredients>
      <ing>
        <amt>
          <qty>1</qty>
          <unit/></amt>
        <item>Purchased 9 inch unbaked refrigerated pie crust</item></ing>
      <ing>
        <amt>
          <qty>8</qty>
          <unit>small</unit></amt>
        <item>Cooking apples; cored &amp; chopped (4 cups)</item></ing>
      <ing>
        <amt>
          <qty>3/4</qty>
          <unit>cups</unit></amt>
        <item>Raisins</item></ing>
      <ing>
        <amt>
          <qty>1</qty>
          <unit>cup</unit></amt>
        <item>Unsweetened apple juice</item></ing>
      <ing>
        <amt>
          <qty>1</qty>
          <unit>package</unit></amt>
        <item>(4 serving) sugar free lemon jello</item></ing>
      <ing>
        <amt>
          <qty>1</qty>
          <unit>package</unit></amt>
        <item>(4 serving) sugar free vanilla Cook and Serve pudding mix</item></ing>
      <ing>
        <amt>
          <qty>1</qty>
          <unit>tablespoon</unit></amt>
        <item>Apple Pie Spice</item></ing>
      <ing>
        <amt>
          <qty>2</qty>
          <unit>teaspoons</unit></amt>
        <item>Cider vinegar</item></ing>
      <ing>
        <amt>
          <qty>1</qty>
          <unit>tablespoon</unit></amt>
        <item>Brown Sugar Twin</item></ing></ingredients>
    <directions>
      <step>  (Joanna Lund's Cook book)
  
  Preheat oven to 375 F. In small bowl combine apples and raisins. In large
  pan combine apple juice, dry jello, pudding mix, spices, vinegar and brown
  sugar. Cook over medium heat about 1 minute. Add apple and raisin mixture.
  Cook about 10 minutes, stirring often. Place pie crust in 8 inch pie plate.
  With sharp knife, carefully cut crust off even with edge to plate rim. Save
  scraps. Flute edge. Pour apple mixture into crust. Garnish top with pie
  crust scraps made into cute shapes! Bake 45-50 mins. Serve 8.
  
  Each serving equals: 287 calories, 8 gm. fat, 2 gm. Pr, 52 gm. Carbo, 236
  mg. Sodium Diabetic: 2 fruit, 1 starch, 1 fat Posted to Digest
  eat-lf.v097.n197 by "William &amp; Evelyn Hall" &lt;wchall@nevia.net&gt; on Aug 5,
  1997
 
</step></directions></recipe></recipeml>
