<?xml version="1.0" encoding="UTF-8"?>

<recipeml version="0.5">
  <recipe>
    <head>
      <title>Apple Macadamia Bake</title>
      <categories>
        <cat>Apples</cat></categories>
      <yield>1</yield></head>
    <ingredients>
      <ing>
        <amt>
          <qty>1/4</qty>
          <unit>cups</unit></amt>
        <item>All-purpose flour</item></ing>
      <ing>
        <amt>
          <qty>1/4</qty>
          <unit>cups</unit></amt>
        <item>Sugar</item></ing>
      <ing>
        <amt>
          <qty>1/4</qty>
          <unit>cups</unit></amt>
        <item>Firmly packed brown sugar</item></ing>
      <ing>
        <amt>
          <qty>3</qty>
          <unit>tablespoons</unit></amt>
        <item>Coarsely chopped macadamias; walnuts, or pecans</item></ing>
      <ing>
        <amt>
          <qty>1/8</qty>
          <unit>teaspoons</unit></amt>
        <item>Ground cinnamon</item></ing>
      <ing>
        <amt>
          <qty>2 1/2</qty>
          <unit>tablespoons</unit></amt>
        <item>Butter or margarine; cut into small pieces</item></ing>
      <ing>
        <amt>
          <qty>7</qty>
          <unit>cups</unit></amt>
        <item>Peeled &amp; thinly sliced cooking apple</item></ing>
      <ing>
        <amt>
          <qty>2</qty>
          <unit>tablespoons</unit></amt>
        <item>Apricot preserves</item></ing></ingredients>
    <directions>
      <step>  Combine first 5 ingredients in a bowl. Cut in margarine with a pastry
  blender until mixture is crumbly. Place thinly sliced apple in a lightly
  greased 8-inch square baking dish; drop apricot preserves by teaspoonfuls
  onto apple slices, and sprinkle evenly with flour mixture. Bake at 375° for
       35    minutes or until golden.
  
  Makes 6 servings. Kitchen Express: Substitute 2 (12-ounce) packages frozen
  scalloped apples, thawed, for fresh apples.
  
  Notes: Select tart, green-skinned Granny Smiths for cakes and pies.
  
  Recipe by: Southern Living
  
  Posted to MC-Recipe Digest V1 #1031 by Suzy Wert &lt;SuzyWert@aol.com&gt; on Jan
  22, 1998
 
</step></directions></recipe></recipeml>
