<?xml version="1.0" encoding="UTF-8"?>

<recipeml version="0.5">
  <recipe>
    <head>
      <title>Apple Nut Pancakes (Motts)</title>
      <categories>
        <cat>Cakes</cat>
        <cat>Brandname</cat></categories>
      <yield>4</yield></head>
    <ingredients>
      <ing-div>
        <title/>
        <ing>
          <amt>
            <qty>1</qty>
            <unit>cup</unit></amt>
          <item>All-purpose flour</item></ing>
        <ing>
          <amt>
            <qty>1</qty>
            <unit>tablespoon</unit></amt>
          <item>Sugar</item></ing>
        <ing>
          <amt>
            <qty>1</qty>
            <unit>teaspoon</unit></amt>
          <item>Baking powder</item></ing>
        <ing>
          <amt>
            <qty>1/2</qty>
            <unit>teaspoons</unit></amt>
          <item>Baking soda</item></ing>
        <ing>
          <amt>
            <qty>1/2</qty>
            <unit>teaspoons</unit></amt>
          <item>Cinnamon</item></ing>
        <ing>
          <amt>
            <qty>1/4</qty>
            <unit>teaspoons</unit></amt>
          <item>Salt</item></ing>
        <ing>
          <amt>
            <qty>1/2</qty>
            <unit>cups</unit></amt>
          <item>Grated apple</item></ing>
        <ing>
          <amt>
            <qty>1/4</qty>
            <unit>cups</unit></amt>
          <item>Chopped pecans</item></ing>
        <ing>
          <amt>
            <qty>1</qty>
            <unit>cup</unit></amt>
          <item>Milk</item></ing>
        <ing>
          <amt>
            <qty>3/4</qty>
            <unit>cups</unit></amt>
          <item>Apple Sauce</item></ing>
        <ing>
          <amt>
            <qty>2</qty>
            <unit>tablespoons</unit></amt>
          <item>Margarine or butter; melted</item></ing>
        <ing>
          <amt>
            <qty>1</qty>
            <unit/></amt>
          <item>Egg</item></ing></ing-div>
      <ing-div>
        <title>MAPLE-APPLE SYRUP</title>
        <ing>
          <amt>
            <qty>1 1/2</qty>
            <unit>cups</unit></amt>
          <item>Apple Sauce</item></ing>
        <ing>
          <amt>
            <qty>1/4</qty>
            <unit>cups</unit></amt>
          <item>Maple-flavored pancake syrup</item></ing></ing-div></ingredients>
    <directions>
      <step>  Heat skillet or griddle to 325F.
  
  In large bowl, combine flour, sugar, baking powder, baking soda, cinnamon,
  salt, apple and pecans; blend well.
  
  Add milk, 3/4 cup apple sauce, margarine, and egg. Mix until large lumps
  disappear. Pour batter into hot skillet to form pancakes. Turn when edges
  look cooked and bubbles begin to break on surface.
  
  In medium saucepan, combine 1 1/2 cups apple sauce and syrup. Heat over low
  heat until hot. Serve warm over pancakes.
  
  Notes: Pantry: Mott's Regular Apple Sauce. Satisfy hearty appetites with
  these wholesome pancakes. Serve with crisp bacon strips and fresh fruit.
  
  &gt;Hanneman/Buster 1998-Apr
  
  Recipe by: Motts Applesauce www.motts.com
  
  Posted to MC-Recipe Digest by KitPATh &lt;phannema@wizard.ucr.edu&gt; on Apr 18,
  1998
 
</step></directions></recipe></recipeml>
