<?xml version="1.0" encoding="UTF-8"?>

<recipeml version="0.5">
  <recipe>
    <head>
      <title>Apple Jolly Boys</title>
      <categories>
        <cat>None</cat></categories>
      <yield>6</yield></head>
    <ingredients>
      <ing>
        <amt>
          <qty>1/2</qty>
          <unit>packages</unit></amt>
        <item>Buckwheat pancake mix</item></ing>
      <ing>
        <amt>
          <qty>3</qty>
          <unit>tablespoons</unit></amt>
        <item>Molasses</item></ing>
      <ing>
        <amt>
          <qty>1</qty>
          <unit>package</unit></amt>
        <item>(2 c) corn muffin mix</item></ing>
      <ing>
        <amt>
          <qty>1</qty>
          <unit>cup</unit></amt>
        <item>Cold water</item></ing>
      <ing>
        <amt>
          <qty>2</qty>
          <unit>tablespoons</unit></amt>
        <item>Sugar</item></ing>
      <ing>
        <amt>
          <qty>1</qty>
          <unit>cup</unit></amt>
        <item>Canned or fresh cooked</item></ing>
      <ing>
        <amt>
          <qty/>
          <unit/></amt>
        <item>Apple</item></ing>
      <ing>
        <amt>
          <qty>1</qty>
          <unit>teaspoon</unit></amt>
        <item>Cinnamon</item></ing>
      <ing>
        <amt>
          <qty/>
          <unit/></amt>
        <item>Diced</item></ing>
      <ing>
        <amt>
          <qty>1</qty>
          <unit/></amt>
        <item>Egg -- well beaten</item></ing></ingredients>
    <directions>
      <step>  Combine mixes with sugar and cinnamon; blend well. Combine egg, molasses
  and water; stir in gradually.  Stir in diced apples. Drop by heaping
  tablespoonsfuls on hot greased griddle; flatten with back of spoon. Cook
  slowly, turning often, until well browned on both sides and cooked through.
  Set finished cakes in 300F oven to keep warm while remainder are cooked.
  Serve with butter and syrup or jam. Apple Kitchen Cookbook
  
  Recipe By     :
  
  From: Ladies Home Journal- August 1991
  
  File ftp://ftp.idiscover.co.uk/pub/food/mealmaster/recipes/mmdja006.zip
 
</step></directions></recipe></recipeml>
