<?xml version="1.0" encoding="UTF-8"?>

<recipeml version="0.5">
  <recipe>
    <head>
      <title>Apple Nut Muffins</title>
      <categories>
        <cat>Breads</cat>
        <cat>Muffins</cat></categories>
      <yield>1</yield></head>
    <ingredients>
      <ing>
        <amt>
          <qty>2</qty>
          <unit>cups</unit></amt>
        <item>Sifted flour</item></ing>
      <ing>
        <amt>
          <qty>2</qty>
          <unit>teaspoons</unit></amt>
        <item>Baking powder</item></ing>
      <ing>
        <amt>
          <qty>1/2</qty>
          <unit>teaspoons</unit></amt>
        <item>Salt</item></ing>
      <ing>
        <amt>
          <qty>1/4</qty>
          <unit>cups</unit></amt>
        <item>Sugar</item></ing>
      <ing>
        <amt>
          <qty>1/2</qty>
          <unit>cups</unit></amt>
        <item>Milk</item></ing>
      <ing>
        <amt>
          <qty>1/2</qty>
          <unit>cups</unit></amt>
        <item>Drippings or other shortening</item></ing>
      <ing>
        <amt>
          <qty>2</qty>
          <unit/></amt>
        <item>Eggs</item></ing>
      <ing>
        <amt>
          <qty>3/4</qty>
          <unit>cups</unit></amt>
        <item>Applesauce; unsweetened</item></ing>
      <ing>
        <amt>
          <qty>1/2</qty>
          <unit>cups</unit></amt>
        <item>Chopped nuts</item></ing></ingredients>
    <directions>
      <step>  Sift flour, baking powder, sugar and salt together. Add melted drippings
  and mix. Add beaten eggs, applesauce and nuts. Stir only until flour is
  moistened. Fill greased 2 1/2 inch tins 2/3 full. Bake in moderate oven 375
  degrees for 20 to 25 minutes. &gt;From Favorite recipes of Colfax Country Club
  Women, 1946 by Mrs. J.W. Ausherman, Miami Typed by Ethel Snyder
  &lt;essie49@juno.com&gt; Date August 12, 1997
  
  Recipe by: Southwestern Cookery cookbook Posted to Bakery-Shoppe Digest V1
  #194 by essie49@juno.com (Ethel R Snyder) on Aug 17, 1997
 
</step></directions></recipe></recipeml>
