<?xml version="1.0" encoding="UTF-8"?>

<recipeml version="0.5">
  <recipe>
    <head>
      <title>Apple Muffins</title>
      <categories>
        <cat>Diabetic</cat>
        <cat>Breads</cat></categories>
      <yield>1</yield></head>
    <ingredients>
      <ing>
        <amt>
          <qty>1 2/3</qty>
          <unit>cups</unit></amt>
        <item>All-purpose flour</item></ing>
      <ing>
        <amt>
          <qty>2 1/2</qty>
          <unit>teaspoons</unit></amt>
        <item>Baking powder</item></ing>
      <ing>
        <amt>
          <qty>1/2</qty>
          <unit>teaspoons</unit></amt>
        <item>Salt</item></ing>
      <ing>
        <amt>
          <qty/>
          <unit/></amt>
        <item>Sugar substitute to equal</item></ing>
      <ing>
        <amt>
          <qty/>
          <unit/></amt>
        <item>1 tb sugar</item></ing>
      <ing>
        <amt>
          <qty>1</qty>
          <unit>teaspoon</unit></amt>
        <item>Ground cinnamon</item></ing>
      <ing>
        <amt>
          <qty>1/4</qty>
          <unit>teaspoons</unit></amt>
        <item>Ground nutmeg</item></ing>
      <ing>
        <amt>
          <qty>2/3</qty>
          <unit>cups</unit></amt>
        <item>Skim milk</item></ing>
      <ing>
        <amt>
          <qty>1/4</qty>
          <unit>cups</unit></amt>
        <item>Reduced-calorie margarine</item></ing>
      <ing>
        <amt>
          <qty/>
          <unit/></amt>
        <item>Melted</item></ing>
      <ing>
        <amt>
          <qty>1</qty>
          <unit/></amt>
        <item>Egg,lightly beaten</item></ing>
      <ing>
        <amt>
          <qty>1</qty>
          <unit>cup</unit></amt>
        <item>Minced apple</item></ing>
      <ing>
        <amt>
          <qty/>
          <unit/></amt>
        <item>Vegetable cooking spray</item></ing></ingredients>
    <directions>
      <step>  Combine first 6 ingredients in a medium bowl.Combine milk,margarine,and
  egg; add egg mixture to dry ingredients,stirring just until dry ingredients
  are moistened.Fold in apple.Spoon batter into nonstick muffin pans coated
  with cooking spray,filling two-thirds full.Bake at 400 degrees for 25
  minutes or until lightly browned.
  
  Exchanges:  1 Starch      1/2 Fat
  
  Serving size:  1 muffin
  
  Per serving:  Calories  102     Fiber  1gm     Sodium  226mg
                Carbohydrates  17gm     Cholesterol  16mg
                Protein  3gm       Fat  3gm
  
  From The Complete Step by Step Diabetic Cookbook
  
  Typed by G.Major        01\06\96
  
  Posted to MM-Recipes Digest V3 #273
  
  Date: Sun, 6 Oct 1996 01:12:23 -0400
  
  From: BobbieB1@aol.com
 
</step></directions></recipe></recipeml>
