<?xml version="1.0" encoding="UTF-8"?>

<recipeml version="0.5">
  <recipe>
    <head>
      <title>Apple Meringue</title>
      <categories>
        <cat>Desserts</cat></categories>
      <yield>6</yield></head>
    <ingredients>
      <ing-div>
        <title/>
        <ing>
          <amt>
            <qty>2</qty>
            <unit>pounds</unit></amt>
          <item>Granny smith apples or any tart apple</item></ing>
        <ing>
          <amt>
            <qty>1</qty>
            <unit>cup</unit></amt>
          <item>Sugar or less</item></ing>
        <ing>
          <amt>
            <qty>1</qty>
            <unit>tablespoon</unit></amt>
          <item>Honey</item></ing>
        <ing>
          <amt>
            <qty>1/2</qty>
            <unit>cups</unit></amt>
          <item>Water</item></ing>
        <ing>
          <amt>
            <qty>1/2</qty>
            <unit/></amt>
          <item>Vanilla bean or liquid vanilla</item></ing>
        <ing>
          <amt>
            <qty>2</qty>
            <unit/></amt>
          <item>Cloves</item></ing>
        <ing>
          <amt>
            <qty>1/2</qty>
            <unit>teaspoons</unit></amt>
          <item>Cinnamon</item></ing>
        <ing>
          <amt>
            <qty>1</qty>
            <unit>pinch</unit></amt>
          <item>Nutmeg</item></ing>
        <ing>
          <amt>
            <qty>1/2</qty>
            <unit>cups</unit></amt>
          <item>Raisins</item></ing>
        <ing>
          <amt>
            <qty>2</qty>
            <unit>tablespoons</unit></amt>
          <item>Grand Marnier or Cognac</item></ing></ing-div>
      <ing-div>
        <title>ITALIAN MERINGUE</title>
        <ing>
          <amt>
            <qty>1</qty>
            <unit>cup</unit></amt>
          <item>Sugar</item></ing>
        <ing>
          <amt>
            <qty>1/4</qty>
            <unit>cups</unit></amt>
          <item>Water</item></ing>
        <ing>
          <amt>
            <qty>4</qty>
            <unit/></amt>
          <item>Egg whites</item></ing></ing-div></ingredients>
    <directions>
      <step>  Peel, core and slice apples, not too thin. Make a syrup with the water and
  the sugar. Add the spices, apples and raisins. Cook covered until tender,
  but still hold their shape. Add the liqueur and the honey. Place in a
  baking dish.
  
  Make Italian Meringue:
  
  Stir sugar and water over heat until sugar is completely dissolved. Let
  cook until a thick syrup. Meanwhile, whip with an electric beater the
  whites until they form soft peaks. Slowly pour the hot syrup into the
  whites, beating all along until cool.
  
  Spread meringue on top of apples, bake in preheated 350 F oven until
  golden. Chill.
  
  Note : Bananas are also delicious in this dessert
  
  Recipe by: Miriam P. Posvolsky Posted to TNT - Prodigy's Recipe Exchange
  Newsletter  by Leon &amp; Miriam Posvolsky &lt;miriamp@pobox.com&gt; on Jul 16, 1997
 
</step></directions></recipe></recipeml>
