<?xml version="1.0" encoding="UTF-8"?>

<recipeml version="0.5">
  <recipe>
    <head>
      <title>Apple Harvest Cake</title>
      <categories>
        <cat>Fruits</cat>
        <cat>Cakes</cat></categories>
      <yield>16</yield></head>
    <ingredients>
      <ing>
        <amt>
          <qty>1 1/4</qty>
          <unit>cups</unit></amt>
        <item>Flour</item></ing>
      <ing>
        <amt>
          <qty>1</qty>
          <unit>cup</unit></amt>
        <item>Whole wheat flour</item></ing>
      <ing>
        <amt>
          <qty>1</qty>
          <unit>cup</unit></amt>
        <item>Sugar</item></ing>
      <ing>
        <amt>
          <qty>3/4</qty>
          <unit>cups</unit></amt>
        <item>Brown sugar; packed</item></ing>
      <ing>
        <amt>
          <qty>1</qty>
          <unit>tablespoon</unit></amt>
        <item>Cinnamon</item></ing>
      <ing>
        <amt>
          <qty>2</qty>
          <unit>teaspoons</unit></amt>
        <item>Baking powder</item></ing>
      <ing>
        <amt>
          <qty>1</qty>
          <unit>teaspoon</unit></amt>
        <item>Salt</item></ing>
      <ing>
        <amt>
          <qty>1/2</qty>
          <unit>teaspoons</unit></amt>
        <item>Baking soda</item></ing>
      <ing>
        <amt>
          <qty>3/4</qty>
          <unit>cups</unit></amt>
        <item>Cooking oil</item></ing>
      <ing>
        <amt>
          <qty>1</qty>
          <unit>teaspoon</unit></amt>
        <item>Vanilla</item></ing>
      <ing>
        <amt>
          <qty>3</qty>
          <unit/></amt>
        <item>Eggs</item></ing>
      <ing>
        <amt>
          <qty>2</qty>
          <unit>cups</unit></amt>
        <item>Apples; finely chopped</item></ing>
      <ing>
        <amt>
          <qty>1</qty>
          <unit>cup</unit></amt>
        <item>Chopped walnuts glaze-----</item></ing>
      <ing>
        <amt>
          <qty>1/2</qty>
          <unit>cups</unit></amt>
        <item>Confectioner's sugar; sifted</item></ing>
      <ing>
        <amt>
          <qty>1/4</qty>
          <unit>teaspoons</unit></amt>
        <item>Vanilla</item></ing>
      <ing>
        <amt>
          <qty>2</qty>
          <unit>teaspoons</unit></amt>
        <item>Milk</item></ing></ingredients>
    <directions>
      <step>  Generously grease and flour a 10-inch fluted tube pan;set aside. In a large
  mixing bowl combine the flours, sugars, cinnamon, baking powder, salt and
  baking soda. Add oil, vanilla and the eggs, beat until well mixed. Stir in
  the chopped apples and walnuts. Spoon batter evenly into prepared pan. Bake
  in a 350 F oven for 45-50 minutes, or until cake tests done. Cool in pan 12
  minutes; invert cake onto a wire rack. Cool thoroughly. Drizzle top with
  powdered sugar glaze, or dollops servings with sweetened whipped cream
  Powdered Sugar Glaze: In a small mixing bowl, stir together powdered sugar,
  vanilla and enough milk to make of drizzling consistency. Drizzle over
  cooled cake.
  Posted to MC-Recipe Digest V1 #777 by Nancy Berry &lt;nlberry@prodigy.net&gt; on
  Sep 09, 1997
 
</step></directions></recipe></recipeml>
