<?xml version="1.0" encoding="UTF-8"?>

<recipeml version="0.5">
  <recipe>
    <head>
      <title>Apple Muffins</title>
      <categories>
        <cat>Digest</cat>
        <cat>Oct.</cat>
        <cat>Ovo</cat>
        <cat>Fatfree</cat></categories>
      <yield>1</yield></head>
    <ingredients>
      <ing>
        <amt>
          <qty>1/4</qty>
          <unit>cups</unit></amt>
        <item>Apple sauce</item></ing>
      <ing>
        <amt>
          <qty>1/2</qty>
          <unit>cups</unit></amt>
        <item>Sugar</item></ing>
      <ing>
        <amt>
          <qty>1/2</qty>
          <unit>teaspoons</unit></amt>
        <item>Vanilla</item></ing>
      <ing>
        <amt>
          <qty>1</qty>
          <unit/></amt>
        <item>Egg white, beaten</item></ing>
      <ing>
        <amt>
          <qty>1 1/4</qty>
          <unit>cups</unit></amt>
        <item>Flour</item></ing>
      <ing>
        <amt>
          <qty>1</qty>
          <unit>teaspoon</unit></amt>
        <item>BS</item></ing>
      <ing>
        <amt>
          <qty>1/4</qty>
          <unit>teaspoons</unit></amt>
        <item>Salt</item></ing>
      <ing>
        <amt>
          <qty>1/2</qty>
          <unit>teaspoons</unit></amt>
        <item>Cinnamon</item></ing>
      <ing>
        <amt>
          <qty>1/4</qty>
          <unit>teaspoons</unit></amt>
        <item>Nutmeg</item></ing>
      <ing>
        <amt>
          <qty>1 1/2</qty>
          <unit>cups</unit></amt>
        <item>Chopped apples (these need</item></ing>
      <ing>
        <amt>
          <qty/>
          <unit/></amt>
        <item>To be small pieces or the</item></ing>
      <ing>
        <amt>
          <qty/>
          <unit/></amt>
        <item>Muffins</item></ing>
      <ing>
        <amt>
          <qty/>
          <unit/></amt>
        <item>Tend to fall apart).</item></ing></ingredients>
    <directions>
      <step>  Add apples at the end and fold in gently.  Can add raisins if you like.
  Bake at 350 for 20 min.  Makes 8 muffins.
  
  Posted by Posted by skill@qucis.queensu.ca (David Skillicorn) to the
  Fatfree Digest [Volume 11 Issue 25], Oct. 25, 1994. FATFREE Recipe
  collections copyrighted by Michelle Dick 1994. Used with permission.
  Formatted by Sue Smith, S.Smith34, TXFT40A@Prodigy.com using MMCONV.
  
  File ftp://ftp.idiscover.co.uk/pub/food/mealmaster/recipes/fatfreex.zip
 
</step></directions></recipe></recipeml>
