<?xml version="1.0" encoding="UTF-8"?>

<recipeml version="0.5">
  <recipe>
    <head>
      <title>Artichoke Tomato Alfredo</title>
      <categories>
        <cat>Digest</cat>
        <cat>Sept.</cat>
        <cat>Fatfree</cat></categories>
      <yield>1</yield></head>
    <ingredients>
      <ing>
        <amt>
          <qty>1</qty>
          <unit>can</unit></amt>
        <item>Artichokes (not packed in</item></ing>
      <ing>
        <amt>
          <qty/>
          <unit/></amt>
        <item>Oil)</item></ing>
      <ing>
        <amt>
          <qty>4</qty>
          <unit/></amt>
        <item>To 5 fresh tomatoes, chopped</item></ing>
      <ing>
        <amt>
          <qty/>
          <unit/></amt>
        <item>Into large chunks</item></ing>
      <ing>
        <amt>
          <qty>1</qty>
          <unit>medium</unit></amt>
        <item>Onion, chopped fresh garlic</item></ing>
      <ing>
        <amt>
          <qty/>
          <unit/></amt>
        <item>(or 1 T garlic powder)</item></ing>
      <ing>
        <amt>
          <qty>1/2</qty>
          <unit>cups</unit></amt>
        <item>Fresh basil, chopped (or 3 T</item></ing>
      <ing>
        <amt>
          <qty/>
          <unit/></amt>
        <item>Chopped dried basil)</item></ing>
      <ing>
        <amt>
          <qty>2</qty>
          <unit>tablespoons</unit></amt>
        <item>Whole wheat flour</item></ing>
      <ing>
        <amt>
          <qty>1/2</qty>
          <unit>cups</unit></amt>
        <item>(or more) non-fat Soy Moo or</item></ing>
      <ing>
        <amt>
          <qty/>
          <unit/></amt>
        <item>Low-fat soy or rice milk</item></ing></ingredients>
    <directions>
      <step>  Prepare fettucini, macaroni or spaghetti noodles al dente. Place onion,
  tomato, garlic and basil in a non-stick pan and saute in a little the of
  the liquid from the can of artichokes. Cut the artichokes into small
  pieces. Add the artichokes (and liquid) into the saute with a little flour
  to thicken. Mix thoroughly, adding soy or rice milk and flour to desired
  thickness. Don't cook the artichokes for long, just enough heat all
  ingredients and to blend sauce to desired thickness.  Top the pasta with
  the artichoke sauce.  (Pasta is about 100 calories/cup.)
  
  Serves 2, each serving:  Calories 210,  Fat 1.5 g. (6% calories from fat),
  Carbohydrate 46 g., Protein 10.7 g.
  
  Neal Pinckney - Makaha, Hawaii - neal@aloha.com - AH6HM. Fatfree Digest
  [Volume 10 Issue 33], Sept. 13, 1994. Formatted by Sue Smith, S.Smith34,
  TXFT40A@Prodigy.com using MMCONV.
  
  File ftp://ftp.idiscover.co.uk/pub/food/mealmaster/recipes/fatfreex.zip
 
</step></directions></recipe></recipeml>
