<?xml version="1.0" encoding="UTF-8"?>

<recipeml version="0.5">
  <recipe>
    <head>
      <title>Artichoke Sunburst Cups</title>
      <categories>
        <cat>None</cat></categories>
      <yield>32</yield></head>
    <ingredients>
      <ing-div>
        <title>FILLING</title>
        <ing>
          <amt>
            <qty>1</qty>
            <unit>can</unit></amt>
          <item>Artichokes hearts (16 ounce); drained and coarsely chopped</item></ing>
        <ing>
          <amt>
            <qty>1</qty>
            <unit>cup</unit></amt>
          <item>Ricotta cheese</item></ing>
        <ing>
          <amt>
            <qty>4</qty>
            <unit>ounces</unit></amt>
          <item>Land O Lakes® Swiss Cheese; shredded (1 cup)</item></ing>
        <ing>
          <amt>
            <qty>1</qty>
            <unit/></amt>
          <item>Egg; beaten</item></ing>
        <ing>
          <amt>
            <qty>2</qty>
            <unit>tablespoons</unit></amt>
          <item>Chopped green onions</item></ing>
        <ing>
          <amt>
            <qty>1</qty>
            <unit>tablespoon</unit></amt>
          <item>Chopped fresh parsley</item></ing>
        <ing>
          <amt>
            <qty>1/4</qty>
            <unit>teaspoons</unit></amt>
          <item>Coarsely ground pepper</item></ing></ing-div>
      <ing-div>
        <title>PASTRY</title>
        <ing>
          <amt>
            <qty>1</qty>
            <unit/></amt>
          <item>Box frozen puff pastry sheets; (17 1/4-ounce)</item></ing></ing-div></ingredients>
    <directions>
      <step>  Heat oven to 400F. In large bowl stir together all filling ingredients; set
  aside. Spray 12-cup muffin pan with no stick cooking spray. Cut each sheet
  into 16 (2 1/2-inch) squares. Lightly press 1 square into each muffin cup;
  spoon about 1 tablespoon filling over each square. Bake for 12 to 15
  minutes until lightly browned. Cool 1 minute; remove from pan. Serve warm.
       32    appetizers
  
  Prep Time: 45 minutes; Baking Time: 12 minutes
  
  Nutrition Facts (1 appetizer) Calories 110; Protein 4 g; Carbohydrate 10 g;
  Fat 6 g; Cholesterol 10 mg; Sodium 80 mg
  
  Happily scanned and MC formatted, using Buster, by Pamela Creeden 5/11/98
  
  Recipe by: Land O Lakes / Flavors of Spring
  
  Posted to MC-Recipe Digest by "Pamela Creeden" &lt;creedenites@sprintmail.com&gt;
  on May 11, 1998
 
</step></directions></recipe></recipeml>
