<?xml version="1.0" encoding="UTF-8"?>

<recipeml version="0.5">
  <recipe>
    <head>
      <title>Artichoke Salad with Parmigiano Reggiano</title>
      <categories>
        <cat>None</cat></categories>
      <yield>1</yield></head>
    <ingredients>
      <ing>
        <amt>
          <qty>2</qty>
          <unit/></amt>
        <item>Raw artichokes; pared down to the hearts</item></ing>
      <ing>
        <amt>
          <qty>1</qty>
          <unit>tablespoon</unit></amt>
        <item>Lemon juice</item></ing>
      <ing>
        <amt>
          <qty>1/4</qty>
          <unit>pounds</unit></amt>
        <item>Parmigiano Reggiano; thinly sliced</item></ing>
      <ing>
        <amt>
          <qty>3</qty>
          <unit>tablespoons</unit></amt>
        <item>Olio Carli Extra Virgin Olive Oil</item></ing></ingredients>
    <directions>
      <step>  Cut artichoke hearts into very thin lengthwise slices. Sprinkle the
  artichoke slices with the lemon juice. Combine with the other ingredients
  and toss.
  
  Serves 4 to 6 people.
  
  Posted to recipelu-digest by molony &lt;molony@scsn.net&gt; on Feb 23, 1998
 
</step></directions></recipe></recipeml>
