<?xml version="1.0" encoding="UTF-8"?>

<recipeml version="0.5">
  <recipe>
    <head>
      <title>Artichoke Vinaigrette</title>
      <categories>
        <cat>Vegetables</cat></categories>
      <yield>6</yield></head>
    <ingredients>
      <ing>
        <amt>
          <qty>6</qty>
          <unit/></amt>
        <item>Artichokes, trimmed</item></ing>
      <ing>
        <amt>
          <qty>6</qty>
          <unit>tablespoons</unit></amt>
        <item>Finely chopped onion</item></ing>
      <ing>
        <amt>
          <qty>6</qty>
          <unit>tablespoons</unit></amt>
        <item>Dry vermouth</item></ing>
      <ing>
        <amt>
          <qty>6</qty>
          <unit>tablespoons</unit></amt>
        <item>Extra virgin olive oil</item></ing>
      <ing>
        <amt>
          <qty/>
          <unit/></amt>
        <item>Boiling salted water</item></ing>
      <ing>
        <amt>
          <qty/>
          <unit/></amt>
        <item>Salt and freshly ground</item></ing>
      <ing>
        <amt>
          <qty/>
          <unit/></amt>
        <item>Pepper</item></ing>
      <ing>
        <amt>
          <qty>1</qty>
          <unit>cup</unit></amt>
        <item>Dry white wine</item></ing>
      <ing>
        <amt>
          <qty>1/4</qty>
          <unit>cups</unit></amt>
        <item>Olive oil</item></ing>
      <ing>
        <amt>
          <qty>2</qty>
          <unit>cups</unit></amt>
        <item>Cloves, minced</item></ing>
      <ing>
        <amt>
          <qty>1</qty>
          <unit/></amt>
        <item>Vinaigrette Sauce</item></ing></ingredients>
    <directions>
      <step>  Contributed to the echo by: Michelle Bass Originally from: "The Best of Bon
  Appetit Cookbook", Knapp Press, 1979 ARTICHOKE VINAIGRETTE In 6-quart pan
  cook artichokes, uncovered, in boiling salted water for 5 minutes. Drain.
  Place artichokes in roaster or other large pan so they stand upright.
  Separate leaves of artichokes and fill with vermouth mixture.
  
  Combine white wine, 1/4 cup olive oil and garlic. Pour into bottom of pan.
  Cover tightly and cook over low heat 25 to 35 minutes. Remove artichokes
  from broth and serve hot or cold with Vinaigrette Sauce
  
  Servings: 6
  
  From Gemini's MASSIVE MealMaster collection at www.synapse.com/~gemini
 
</step></directions></recipe></recipeml>
