<?xml version="1.0" encoding="UTF-8"?>

<recipeml version="0.5">
  <recipe>
    <head>
      <title>Artichoke Quiche</title>
      <categories>
        <cat>Eggs</cat></categories>
      <yield>6</yield></head>
    <ingredients>
      <ing>
        <amt>
          <qty>1</qty>
          <unit/></amt>
        <item>9-inch pie crust</item></ing>
      <ing>
        <amt>
          <qty>1</qty>
          <unit/></amt>
        <item>Jar (6-oz) marinated artichoke hearts; drained and coarsely chopped</item></ing>
      <ing>
        <amt>
          <qty>4</qty>
          <unit>ounces</unit></amt>
        <item>Bacon or sundried tomatoes; chopped into bits</item></ing>
      <ing>
        <amt>
          <qty>1</qty>
          <unit>small</unit></amt>
        <item>Onion; chopped</item></ing>
      <ing>
        <amt>
          <qty>1</qty>
          <unit>bunch</unit></amt>
        <item>Scallions; chopped</item></ing>
      <ing>
        <amt>
          <qty>2</qty>
          <unit/></amt>
        <item>Cloves garlic; minced</item></ing>
      <ing>
        <amt>
          <qty>1</qty>
          <unit/></amt>
        <item>Red pepper; cut into 1-inch long; thin strips</item></ing>
      <ing>
        <amt>
          <qty>1/4</qty>
          <unit>cups</unit></amt>
        <item>Chopped fresh parsley</item></ing>
      <ing>
        <amt>
          <qty>3</qty>
          <unit>tablespoons</unit></amt>
        <item>Chopped fresh basil</item></ing>
      <ing>
        <amt>
          <qty>1</qty>
          <unit>cup</unit></amt>
        <item>Shredded swiss cheese</item></ing>
      <ing>
        <amt>
          <qty>1/2</qty>
          <unit>cups</unit></amt>
        <item>Parmesan cheese</item></ing>
      <ing>
        <amt>
          <qty>3</qty>
          <unit>large</unit></amt>
        <item>Eggs</item></ing>
      <ing>
        <amt>
          <qty>1</qty>
          <unit>tablespoon</unit></amt>
        <item>Dijon mustard</item></ing>
      <ing>
        <amt>
          <qty>1/4</qty>
          <unit>cups</unit></amt>
        <item>Heavy cream</item></ing>
      <ing>
        <amt>
          <qty>1/2</qty>
          <unit>cups</unit></amt>
        <item>Light cream</item></ing>
      <ing>
        <amt>
          <qty>1/4</qty>
          <unit>teaspoons</unit></amt>
        <item>Nutmeg</item></ing>
      <ing>
        <amt>
          <qty/>
          <unit/></amt>
        <item>Salt and pepper</item></ing></ingredients>
    <directions>
      <step>  From: tww@quartet.ho.att.com
  
  Date: Sun, 24 Sep 1995 19:19:10 GMT
  
  from Sarah Leah Chase's "Cold Weather Cooking" (with a few minor
  changes...) Line 9-inch quiche dish or pie plate with crust. Refrigerate.
  Saute bacon in large skillet over medium-high heat until browned. Reduce
  heat to medium and add onion, scallions, garlic and pepper. Cook until
  vegetables are softened, for about 10 minutes. Add artichoke hearts. Cook
  another 3 minutes. Remove from heat and add parsley, basil, salt, and
  pepper.  Preheat oven to 375. Sprinkle swiss and parmesan cheese over
  crust. Top with artichoke mixture. Whisk together eggs, mustard, heavy and
  light creams.  Season with nutmeg. Pour evenly over artichoke minute in
  crust.  Bake until puffed and set, about 45 minutes. Serve warm or at room
  temperature.
  
  REC.FOOD.RECIPES ARCHIVES
  
  /EGGS
  
  From rec.food.cooking archives.  Downloaded from Glen's MM Recipe Archive,
  http://www.erols.com/hosey.
 
</step></directions></recipe></recipeml>
