<?xml version="1.0" encoding="UTF-8"?>

<recipeml version="0.5">
  <recipe>
    <head>
      <title>Artillery Punch</title>
      <categories>
        <cat>Beverages</cat>
        <cat>Alcohol</cat></categories>
      <yield>25</yield></head>
    <ingredients>
      <ing>
        <amt>
          <qty>1</qty>
          <unit>quart</unit></amt>
        <item>Strong black tea</item></ing>
      <ing>
        <amt>
          <qty>1</qty>
          <unit>quart</unit></amt>
        <item>Rye whiskey</item></ing>
      <ing>
        <amt>
          <qty>1</qty>
          <unit/></amt>
        <item>Bottle red wine (26oz)</item></ing>
      <ing>
        <amt>
          <qty>1</qty>
          <unit>pint</unit></amt>
        <item>Jamaica rum</item></ing>
      <ing>
        <amt>
          <qty>1/2</qty>
          <unit>pints</unit></amt>
        <item>Brandy</item></ing>
      <ing>
        <amt>
          <qty>1</qty>
          <unit/></amt>
        <item>Jigger Benedictine</item></ing>
      <ing>
        <amt>
          <qty>1</qty>
          <unit>pint</unit></amt>
        <item>Orange juice</item></ing>
      <ing>
        <amt>
          <qty>1/2</qty>
          <unit>pints</unit></amt>
        <item>Lemon juice</item></ing></ingredients>
    <directions>
      <step>  Combine all the ingredients in a large punch bowl with a block of ice. If
  found too dry, sugar syrup may be added. Decorate with twists of lemon
  peel. Makes 25-30 cups.
 
</step></directions></recipe></recipeml>
