<?xml version="1.0" encoding="UTF-8"?>

<recipeml version="0.5">
  <recipe>
    <head>
      <title>Artichoke Tart in Walnut Pastry</title>
      <categories>
        <cat>Vegetables</cat></categories>
      <yield>8</yield></head>
    <ingredients>
      <ing>
        <amt>
          <qty>8</qty>
          <unit/></amt>
        <item>Chopped scallions,</item></ing>
      <ing>
        <amt>
          <qty>6</qty>
          <unit>ounces</unit></amt>
        <item>Jar marinated artichoke hearts</item></ing>
      <ing>
        <amt>
          <qty>1</qty>
          <unit>cup</unit></amt>
        <item>Light cream</item></ing>
      <ing>
        <amt>
          <qty>3</qty>
          <unit/></amt>
        <item>Eggs</item></ing>
      <ing>
        <amt>
          <qty>1/2</qty>
          <unit>pints</unit></amt>
        <item>Salt</item></ing>
      <ing>
        <amt>
          <qty>1</qty>
          <unit>cup</unit></amt>
        <item>All purpose flour</item></ing>
      <ing>
        <amt>
          <qty>1/2</qty>
          <unit>pints</unit></amt>
        <item>Salt</item></ing>
      <ing>
        <amt>
          <qty>8</qty>
          <unit>tablespoons</unit></amt>
        <item>Cold unsalted butter, cut up</item></ing>
      <ing>
        <amt>
          <qty>1</qty>
          <unit/></amt>
        <item>Egg</item></ing>
      <ing>
        <amt>
          <qty>1</qty>
          <unit>cup</unit></amt>
        <item>Garlic; minced</item></ing>
      <ing>
        <amt>
          <qty>4</qty>
          <unit>tablespoons</unit></amt>
        <item>Butter</item></ing>
      <ing>
        <amt>
          <qty/>
          <unit/></amt>
        <item>Ground Pepper To Taste</item></ing>
      <ing>
        <amt>
          <qty>8</qty>
          <unit>ounces</unit></amt>
        <item>Gruyere Cheese; grated</item></ing></ingredients>
    <directions>
      <step>  WALNUT PASTRY                     1/2 c  walnuts, toasted, cooled Preheat
  oven to 375 degrees for 10 minutes. 1.   Saute scallions and garlic in
  butter until softened.  Cut artichoke 2.   Combine cream, eggs, salt and
  pepper in medium bowl. 3.   Sprinkle grated cheese over the bottom of the
  partially baked crust. 4.   Bake 35 minutes until golden and slightly
  puffy.  Let rest 10 WALNUT PASTRY 1.   Process walnuts until coarsely
  ground.  Add flour and salt to work 2.   Place pieces of butter atop dry
  ingredients and pulse until mixture 3.   Add egg and process just until
  mixture begins to hold together. Do 4. Remove dough from processor and
  shape into a flattened  disc.  Cover 5. Roll dough large enough to fit into
  10 inch quiche or tart pan. 6. Line chilled pastry with large sheet of
  aluminum foil and fill with
  Posted to MC-Recipe Digest V1 #237
  
  Date: Wed, 09 Oct 1996 08:20:45 -0700
  
  From: Gerald Edgerton &lt;jerrye@wizard.com&gt;
 
</step></directions></recipe></recipeml>
