<?xml version="1.0" encoding="UTF-8"?>

<recipeml version="0.5">
  <recipe>
    <head>
      <title>Artichoke Saute</title>
      <categories>
        <cat>Vegetarian</cat></categories>
      <yield>4</yield></head>
    <ingredients>
      <ing>
        <amt>
          <qty>3</qty>
          <unit/></amt>
        <item>Artichokes</item></ing>
      <ing>
        <amt>
          <qty>1</qty>
          <unit/></amt>
        <item>Sm Onion, sliced</item></ing>
      <ing>
        <amt>
          <qty>2</qty>
          <unit>tablespoons</unit></amt>
        <item>Olive oil</item></ing>
      <ing>
        <amt>
          <qty>1/2</qty>
          <unit>teaspoons</unit></amt>
        <item>Tarragon, dried, crushed</item></ing>
      <ing>
        <amt>
          <qty>1/4</qty>
          <unit>cups</unit></amt>
        <item>Water</item></ing>
      <ing>
        <amt>
          <qty>1</qty>
          <unit>cup</unit></amt>
        <item>Mushrooms, sliced</item></ing>
      <ing>
        <amt>
          <qty/>
          <unit/></amt>
        <item>Lemon juice</item></ing>
      <ing>
        <amt>
          <qty>1</qty>
          <unit/></amt>
        <item>Cl Garlic, minced</item></ing>
      <ing>
        <amt>
          <qty>1</qty>
          <unit>teaspoon</unit></amt>
        <item>Sugar</item></ing>
      <ing>
        <amt>
          <qty>1/4</qty>
          <unit>cups</unit></amt>
        <item>White wine, dry</item></ing>
      <ing>
        <amt>
          <qty/>
          <unit/></amt>
        <item>Salt and pepper to taste</item></ing>
      <ing>
        <amt>
          <qty>1</qty>
          <unit/></amt>
        <item>Tomato, seeded and chopped</item></ing></ingredients>
    <directions>
      <step>      Bend back outer pedals of artichokes until they snap off easily near
  base. Edible portion of pedals should remain on artichoke hearts. Continue
  to snap off and discard pedals until central core of pale green pedals is
  reached.
      Cut off stems and top 2 inches of artichokes; discard. trim outer dark
  green layer from artichoke bottoms. Cut artichokes in half lengthwise.
      Cut out center pedals and fuzzy centers.
      Cut each half in fourths lengthwise. Dip or rub all surfaces with lemon
  juice.
      Saute onion and garlic in olive oil; stir in prepared artichokes,
  sugar, and terragon. Add wine and water and cook until artichokes are
  tender; salt and pepper to taste. Stir in mushrooms and cook until
  mushrooms are tender. Stir in tomato; cook until tomato is thoroughly
  heated. Upl by Dr. Jim Culveyhouse 73330,2525
  
  From Gemini's MASSIVE MealMaster collection at www.synapse.com/~gemini
 
</step></directions></recipe></recipeml>
