<?xml version="1.0" encoding="UTF-8"?>

<recipeml version="0.5">
  <recipe>
    <head>
      <title>Artichoke Paste</title>
      <categories>
        <cat>Ornish</cat>
        <cat>Appetizers</cat>
        <cat>Vegan</cat></categories>
      <yield>1</yield></head>
    <ingredients>
      <ing>
        <amt>
          <qty>4</qty>
          <unit/></amt>
        <item>Giant artichokes (to 5)</item></ing>
      <ing>
        <amt>
          <qty/>
          <unit/></amt>
        <item>Juice of 1 lemon</item></ing>
      <ing>
        <amt>
          <qty>3</qty>
          <unit>large</unit></amt>
        <item>Pieces of lemon peel</item></ing>
      <ing>
        <amt>
          <qty>2</qty>
          <unit>tablespoons</unit></amt>
        <item>Finely diced onion or shallots</item></ing>
      <ing>
        <amt>
          <qty>2</qty>
          <unit/></amt>
        <item>Garlic cloves, thinly sliced</item></ing>
      <ing>
        <amt>
          <qty>1</qty>
          <unit/></amt>
        <item>Bay leaf</item></ing>
      <ing>
        <amt>
          <qty>3</qty>
          <unit/></amt>
        <item>Sprigs of thyme, or a couple of pinches dried</item></ing>
      <ing>
        <amt>
          <qty>1</qty>
          <unit>small</unit></amt>
        <item>Branch of tarragon or</item></ing>
      <ing>
        <amt>
          <qty/>
          <unit/></amt>
        <item>1/4 teaspoon dried</item></ing>
      <ing>
        <amt>
          <qty>4</qty>
          <unit/></amt>
        <item>Sprigs of parsley</item></ing>
      <ing>
        <amt>
          <qty/>
          <unit/></amt>
        <item>Salt</item></ing>
      <ing>
        <amt>
          <qty/>
          <unit/></amt>
        <item>Freshly  ground black pepper</item></ing>
      <ing>
        <amt>
          <qty/>
          <unit/></amt>
        <item>Fresh lemon juice or tarragon vinegar to taste</item></ing>
      <ing>
        <amt>
          <qty/>
          <unit/></amt>
        <item>Chopped chervil or tarragon for garnish</item></ing></ingredients>
    <directions>
      <step>  Trim the artichokes down to their hearts (they can be quartered) ad set
  them in a bowl of water acidulated with the lemon juice as you work. Use a
  pan large enough to hold all the artichokes in a single layer. Add water
  just to cover and add the lemon peel, onion, garlic, bay leaf, thyme,
  tarragon, and parsley.  Bring to a boil, then lower the heat and simmer,
  adding small amounts of water as needed, until the artichokes are tender
  and just a few tablespoons of liquid remain.
  
  Remove the bay leaf, lemon, parsley, and thyme branches.  Transfer the
  artichokes to a food paocessor and puree, adding the remaining pan juices
  as needed to thin the mixture.  If any fibers from the artichokes remain,
  pass the puree through a food mill.  Season to taste with salt and pepper.
  Add a little lemon juice or vinegar to sharpen the flavors (again, do this
  to taste - the puree may already be fine as it is). Heap into a bowl and
  garnish with the chopped chervil or tarragon.
  
  *Note*  Artichokes make a subtle and delicate spread to serve with
  crackers.  The time to make this is whenthe large spring artichokes from
  California are available and inexpensive.  If it's available, garnish the
  spread with chopped chervil or tarragon.
  
  Serving size:  1/4 cup
       54    calories
      0.3    gram fat 0 mg. cholesterol 175 mg. sodium without added salt
  
  Posted to MM-Recipes Digest V4 #210 by BobbieB1@aol.com on Aug 10, 1997
 
</step></directions></recipe></recipeml>
