<?xml version="1.0" encoding="UTF-8"?>

<recipeml version="0.5">
  <recipe>
    <head>
      <title>Artichoke with Goat Cheese Wrapped in Phyllo</title>
      <categories>
        <cat>Appetizers</cat></categories>
      <yield>1</yield></head>
    <ingredients>
      <ing>
        <amt>
          <qty>1</qty>
          <unit/></amt>
        <item>Artichoke bottom</item></ing>
      <ing>
        <amt>
          <qty>1</qty>
          <unit>ounce</unit></amt>
        <item>White wine</item></ing>
      <ing>
        <amt>
          <qty>1/4</qty>
          <unit>ounces</unit></amt>
        <item>Basil</item></ing>
      <ing>
        <amt>
          <qty>1/4</qty>
          <unit>ounces</unit></amt>
        <item>Chives</item></ing>
      <ing>
        <amt>
          <qty>2</qty>
          <unit>ounces</unit></amt>
        <item>Phyllo dough</item></ing>
      <ing>
        <amt>
          <qty>1</qty>
          <unit>ounce</unit></amt>
        <item>Butter; softened</item></ing>
      <ing>
        <amt>
          <qty>1</qty>
          <unit>ounce</unit></amt>
        <item>Goat cheese; crumbled</item></ing></ingredients>
    <directions>
      <step>  Saute artichoke bottom in heated nonstick pan. Add wine, basil and chives.
  Cool to room temperature. Spread phyllo dough with butter; put
  
  together by overlapping edges. Place small amount of phyllo dough in
  center; place artichoke bottom on center portion. Sprinkle with mixture
  
  of cheese and sauteed herbs. Fold dough to enclose artichoke. Place in
  
  baking pan. Bake in moderate oven for 12 minutes or until golden.
  
  Formatted for MCrecipe by JoAnn Pellegrino 5/98
  
  NOTES : Recipe by Chef John Guyer, Las Vegas Hilton. Las Vegas Cooking
  published by Nathan Adelson Hospice of Las Vegas, NV
  Recipe by: Las Vegas Best Bets/Las Vegas Hilton
  
  Posted to KitMailbox Digest  by J Pellegrino &lt;gigimfg@ix.netcom.com&gt; on May
  19, 1998
 
</step></directions></recipe></recipeml>
