<?xml version="1.0" encoding="UTF-8"?>

<recipeml version="0.5">
  <recipe>
    <head>
      <title>Artichoke Stew with Mussels, Potatoes and Saffron</title>
      <categories>
        <cat>Main dish</cat>
        <cat>Stews</cat>
        <cat>Shellfish</cat></categories>
      <yield>6</yield></head>
    <ingredients>
      <ing-div>
        <title>ARTICHOKES</title>
        <ing>
          <amt>
            <qty>2</qty>
            <unit>large</unit></amt>
          <item>Lemons, halved</item></ing>
        <ing>
          <amt>
            <qty>5</qty>
            <unit>medium</unit></amt>
          <item>Artichokes</item></ing>
        <ing>
          <amt>
            <qty>10</qty>
            <unit>cups</unit></amt>
          <item>Canned low-salt chicken broth</item></ing>
        <ing>
          <amt>
            <qty>2</qty>
            <unit>tablespoons</unit></amt>
          <item>Extra-virgin olive oil</item></ing>
        <ing>
          <amt>
            <qty>1</qty>
            <unit/></amt>
          <item>Bay leaf</item></ing></ing-div>
      <ing-div>
        <title>STEW</title>
        <ing>
          <amt>
            <qty>12</qty>
            <unit>small</unit></amt>
          <item>Red-skinned potatoes</item></ing>
        <ing>
          <amt>
            <qty>1</qty>
            <unit>tablespoon</unit></amt>
          <item>Salt</item></ing>
        <ing>
          <amt>
            <qty>1</qty>
            <unit/></amt>
          <item>Bay leaf</item></ing>
        <ing>
          <amt>
            <qty>1 1/4</qty>
            <unit>teaspoons</unit></amt>
          <item>Mustard seeds</item></ing>
        <ing>
          <amt>
            <qty>1/2</qty>
            <unit>teaspoons</unit></amt>
          <item>Celery seeds</item></ing>
        <ing>
          <amt>
            <qty>1</qty>
            <unit>teaspoon</unit></amt>
          <item>(packed) stemmed saffron</item></ing>
        <ing>
          <amt>
            <qty>18</qty>
            <unit/></amt>
          <item>Mussels, scrubbed, debearded</item></ing>
        <ing>
          <amt>
            <qty>3/4</qty>
            <unit>cups</unit></amt>
          <item>Chopped shallots</item></ing>
        <ing>
          <amt>
            <qty>5</qty>
            <unit>tablespoons</unit></amt>
          <item>Unsalted butter</item></ing>
        <ing>
          <amt>
            <qty>2</qty>
            <unit/></amt>
          <item>Green onions, finely chopped</item></ing>
        <ing>
          <amt>
            <qty>1</qty>
            <unit>bunch</unit></amt>
          <item>Chives, chopped</item></ing></ing-div></ingredients>
    <directions>
      <step>  Artichokes: Squeeze juice from 2 lemon halves into a large bowl; add lemon
  halves. Fill bowl with water.
  
  To prepare an artichoke for cooking, first cut off the stem. Starting at
  the base of the artichoke, bend the tough dark green outer leaves back and
  snap them off where they break naturally: continue until all of the outer
  leaves have been removed, leaving a cone of tender pale green leaves. Using
  a small sharp knife, trim the outside edge of the base of the artichoke
  until it is smooth. Rub the trimmed edge with 1 of the remaining lemon
  halves. Cut artichoke lengthwise into quarters. Rub the cut sides of these
  quarters with lemon to prevent any discoloration. Using the small knife,
  carefully cut out the hairy choke and the spiky purple-tipped leaves from
  each artichoke quarter. Rub each cut area with lemon. Trim the tougher leaf
  tops from each quarter so that all that remains is the choicest, most
  tender portion of the artichoke. Cut quarter into two wedges. Places wedges
  into the lemon water. Repeat with the remaining artichokes.
  
  Bring the chicken broth, olive oil and bay leaf to a boil in a heavy large
  pot (do not use aluminum or cast iron). Drain artichokes; add to pot.
  Return to boil. Reduce heat to medium-low; simmer until artichokes are
  tender, about 20 minutes. Using slotted spoon, transfer artichokes to
  medium bowl. Reserve 1 cup cooking liquid in small bowl.
  
  Stew: Place potatoes, salt, bay leaf, 1/2 teaspoon mustard seeds and celery
  seeds in large saucepan. Pour in enough cold water to cover potatoes
  generously. Boil until potatoes are tender, about 20 minutes. Drain. Cool
  15 minutes; peel. Stir saffron in heavy large pot over medium-low heat
  until fragrant, about 2 minutes. Add reserved 1 cup cooking liquid; bring
  to simmer. Add artichokes, potatoes, mussels, shallots, butter and 3/4
  teaspoon mustard seeds. Bring to boil. Cover pot; cook until mussels open
  and potatoes are golden, about 8 minutes. (Discard any unopened mussels.)
  Mix in green onions. Season with salt and pepper. Divide stew among 6
  shallow soup bowls. Sprinkle with chives and serve.
  
  Bon Appetit, March 1997
  Posted to MM-Recipes Digest  by Julie Bertholf &lt;jewel1@ix.netcom.com&gt; on
  Apr 06, 1998
 
</step></directions></recipe></recipeml>
