<?xml version="1.0" encoding="UTF-8"?>

<recipeml version="0.5">
  <recipe>
    <head>
      <title>Artillery Pie</title>
      <categories>
        <cat>Cyberealm</cat>
        <cat>Pies</cat></categories>
      <yield>6</yield></head>
    <ingredients>
      <ing>
        <amt>
          <qty>4</qty>
          <unit/></amt>
        <item>Golden delicious apples</item></ing>
      <ing>
        <amt>
          <qty>6</qty>
          <unit>tablespoons</unit></amt>
        <item>Sugar</item></ing>
      <ing>
        <amt>
          <qty>1 1/2</qty>
          <unit>teaspoons</unit></amt>
        <item>Lemon juice, fresh</item></ing>
      <ing>
        <amt>
          <qty>1/2</qty>
          <unit>teaspoons</unit></amt>
        <item>Cinnamon</item></ing>
      <ing>
        <amt>
          <qty>1/8</qty>
          <unit>teaspoons</unit></amt>
        <item>Ginger</item></ing>
      <ing>
        <amt>
          <qty>8</qty>
          <unit/></amt>
        <item>Slices bread</item></ing>
      <ing>
        <amt>
          <qty>2</qty>
          <unit>tablespoons</unit></amt>
        <item>Butter</item></ing></ingredients>
    <directions>
      <step>  Cut apples into quarters. Place in a large pot, and add just enough
  water to prevent scortching. Bring to a boil, lower heat and simmer
  covered until apples are soft, about 30 minutes. Put through a sieve,
  discard skins and cores. Stir in sugar, lemon juice, cinnamon and
  ginger.
  
  Trim the crust from the bread, spread with butter and toast in the
  oven at 500F for about 5 minutes or until lightly browned. In a 2
  quart baking dish, layer bread and apple mix. Bake at 350F for 30 min.
  Serve warm.
  
  Source: Women's Day Magazine
  Typed in MM format by Linda Fields, Cyberealm BBS Watertown NY
  315-786-1120
  
  File ftp://ftp.idiscover.co.uk/pub/food/mealmaster/recipes/mmcyber4.zip
 
</step></directions></recipe></recipeml>
