<?xml version="1.0" encoding="UTF-8"?>

<recipeml version="0.5">
  <recipe>
    <head>
      <title>Artichoke Triangles</title>
      <categories>
        <cat>Appetizer</cat></categories>
      <yield>68</yield></head>
    <ingredients>
      <ing>
        <amt>
          <qty>2</qty>
          <unit>packages</unit></amt>
        <item>Frozen artichokes hearts</item></ing>
      <ing>
        <amt>
          <qty>1/4</qty>
          <unit>cups</unit></amt>
        <item>All-purpose flour</item></ing>
      <ing>
        <amt>
          <qty>1</qty>
          <unit>cup</unit></amt>
        <item>Milk</item></ing>
      <ing>
        <amt>
          <qty>1</qty>
          <unit>tablespoon</unit></amt>
        <item>Butter or margarine</item></ing>
      <ing>
        <amt>
          <qty>1</qty>
          <unit>teaspoon</unit></amt>
        <item>Fresh lemon juice</item></ing>
      <ing>
        <amt>
          <qty>1/2</qty>
          <unit>teaspoons</unit></amt>
        <item>Salt</item></ing>
      <ing>
        <amt>
          <qty>1/8</qty>
          <unit>teaspoons</unit></amt>
        <item>Freshly ground pepper</item></ing>
      <ing>
        <amt>
          <qty>1/8</qty>
          <unit>teaspoons</unit></amt>
        <item>Nutmeg</item></ing>
      <ing>
        <amt>
          <qty>1</qty>
          <unit>cup</unit></amt>
        <item>Parmesan cheese; freshly grated</item></ing>
      <ing>
        <amt>
          <qty>1</qty>
          <unit>cup</unit></amt>
        <item>Mozzarella cheese; shredded</item></ing>
      <ing>
        <amt>
          <qty>20</qty>
          <unit/></amt>
        <item>Sheets phyllo dough</item></ing>
      <ing>
        <amt>
          <qty>1/3</qty>
          <unit>cups</unit></amt>
        <item>Butter or margarine; melted</item></ing>
      <ing>
        <amt>
          <qty>3</qty>
          <unit>tablespoons</unit></amt>
        <item>Italian bread crumbs</item></ing></ingredients>
    <directions>
      <step>  From: suzy &lt;suzy@gannett.infi.net&gt;
  
  Date: Tue, 6 Aug 1996 18:51:26 -0400 (EDT)
  Recipe By     : Ladie's Home Journal - Nov 1995
  
  1. Cook artichoke hearts according to package directions; drain.  Pulse in
  food processor until finely chopped.
  
  2. Whisk flour into milk in bowl. Melt butter in large saucepan over medium
  heat; add milk mixture, whisking constantly, and cook, whisking until
  mixture thickens and boils. Boil 1 minute. Remove from heat. Stir in lemon
  juice, salt, pepper and nutmeg. Stir in artichokes and cheeses.
  
  3. Place all phyllo sheets in a stack on work surface. With a sharp knife
  cut crosswise in seven 2 1/2-inch wide stripes. Cover with plastic. Remove
  two stripes and place one on top of the other. Place two level teaspoons of
  the artichoke mixture on one end. Fold up around filling (flag-style)
  forming into triangles. Transfer seam-side down (trimming if necessary) to
  ungreased cookie sheet. Repeat until all triangles are made. Butter tops
  and sides and sprinkle with bread crumbs.
  
  4. Heat oven to 375 degrees. Bake 25-30 minutes or until golden brown. (Add
  5 minutes if frozen). Makes 68 triangles.
  
  NOTES : Can be made ahead. Place unbaked triangles on a cookie sheet. Cover
  and refrigerate overnight or freeze up to 1 month.
  
  MC-Recipe Digest V1 #186
  
  From the MasterCook recipe list.  Downloaded from Glen's MM Recipe Archive,
  http://www.erols.com/hosey.
 
</step></directions></recipe></recipeml>
