<?xml version="1.0" encoding="UTF-8"?>

<recipeml version="0.5">
  <recipe>
    <head>
      <title>Artichoke with Lemon</title>
      <categories>
        <cat>Vegetable s</cat>
        <cat>Sally</cat></categories>
      <yield>8</yield></head>
    <ingredients>
      <ing>
        <amt>
          <qty>1/4</qty>
          <unit>cups</unit></amt>
        <item>Unsalted butter</item></ing>
      <ing>
        <amt>
          <qty>1/4</qty>
          <unit>cups</unit></amt>
        <item>All-purpose flour</item></ing>
      <ing>
        <amt>
          <qty>6</qty>
          <unit>cups</unit></amt>
        <item>Minced garlic</item></ing>
      <ing>
        <amt>
          <qty>1</qty>
          <unit/></amt>
        <item>Lemon; juiced</item></ing>
      <ing>
        <amt>
          <qty>6</qty>
          <unit>cups</unit></amt>
        <item>Chicken broth</item></ing>
      <ing>
        <amt>
          <qty>28</qty>
          <unit>ounces</unit></amt>
        <item>Artichoke bottoms; water packed</item></ing>
      <ing>
        <amt>
          <qty/>
          <unit/></amt>
        <item>Cans (two 14-oz); drained rinsed</item></ing>
      <ing>
        <amt>
          <qty/>
          <unit/></amt>
        <item>Freshly ground black pepper</item></ing></ingredients>
    <directions>
      <step>  Directions: 1. Melt butter over low heat in a heavy-bottomed saucepan or
  stockpot. Whisk in flour very slowly.
  2. Gradually add garlic, lemon juice, chicken broth, and artichoke bottoms
  and bring to a boil. Reduce heat to low and simmer for 25 to 35 minutes.
  3. Remove solids and place in a food processor or blender. Process until
  smooth, gradually adding remaining broth. Add pepper and serve.
  Variations:
  
  Cream of Artichoke: Decrease chicken broth by 1/2 cup and add l/2 cup heavy
  or light cream to pureed soup.
  
  Substitute two 14-ounce cans artichoke hearts, packed in water, for the
  artichoke bottoms.
  Recipe By     : Sally Nirenberg: Recipes from the Night Kitchen 1991
  
  Posted to MC-Recipe Digest V1 #238
  
  Date: Wed, 9 Oct 1996 11:44:22 -0700 (PDT)
  
  From: patH &lt;phannema@wizard.ucr.edu&gt;
  
  NOTES : Makes 8-9 cups  "This soup was born out of necessity to use an
  un-ordered shipment of artichoke bottoms."
  
  Nutr. Assoc. : 0 0 0 0 0 42 0 0
 
</step></directions></recipe></recipeml>
