<?xml version="1.0" encoding="UTF-8"?>

<recipeml version="0.5">
  <recipe>
    <head>
      <title>Artichoke Squares</title>
      <categories>
        <cat>Appetizers</cat></categories>
      <yield>24</yield></head>
    <ingredients>
      <ing>
        <amt>
          <qty>2</qty>
          <unit/></amt>
        <item>6-oz jars marinated artichok</item></ing>
      <ing>
        <amt>
          <qty>1</qty>
          <unit/></amt>
        <item>Small onion, mincec</item></ing>
      <ing>
        <amt>
          <qty>4</qty>
          <unit/></amt>
        <item>Large eggs</item></ing>
      <ing>
        <amt>
          <qty>1</qty>
          <unit/></amt>
        <item>8-oz. package mozzarella che</item></ing>
      <ing>
        <amt>
          <qty>1/4</qty>
          <unit>cups</unit></amt>
        <item>Dried bread crumbs</item></ing>
      <ing>
        <amt>
          <qty>2</qty>
          <unit>tablespoons</unit></amt>
        <item>Chopped parsley</item></ing>
      <ing>
        <amt>
          <qty>1/4</qty>
          <unit>teaspoons</unit></amt>
        <item>Salt</item></ing>
      <ing>
        <amt>
          <qty>1/4</qty>
          <unit>teaspoons</unit></amt>
        <item>Pepper</item></ing>
      <ing>
        <amt>
          <qty/>
          <unit/></amt>
        <item>Non-toxic flowers for garnis</item></ing></ingredients>
    <directions>
      <step>  Calories     per serving: 60 Fat grams per serving: 5 Approx. Cook Time:
  Cholesterol  per serving: 43 Drain liquid from 1 jar of artichokes into
  1-puart saucepan. Drain liquid from second jar of artichokes and discard.
  Finely chop all artichokes; set aside. Grease 12 inch ty 8 inch baking
  dish. In liquid in saucepan, over medium heat, cook minced onion until
  tender. In medium bowl, with fork, beat eggs until blended. Stir in cooked
  onion and chopped artichokes, mozzarella cheese, bread crumbs, parsley,
  salt and pepper. Spread mixture evenly in baking dish. If not baking right
  away, cover and refrigerate. ABOUT 1 HOUR BEFORE SERVING; Preheat oven to
  325 degrees. Bake artichoke mixture 30 to 35 minutes until set and lightly
  browned. Cool 15 minutes in dish on wire rack. With knife, cut lengthwise
  into 4 strips then cut each strip crosswise into 6 pieces. Arrange
  appetizer on platter; garnish and serve. MAKES 24 HORS D'OEUVRES.
  
  From Gemini's MASSIVE MealMaster collection at www.synapse.com/~gemini
 
</step></directions></recipe></recipeml>
