<?xml version="1.0" encoding="UTF-8"?>

<recipeml version="0.5">
  <recipe>
    <head>
      <title>Artichoke Sauce with Mushrooms and Greens</title>
      <categories>
        <cat>Pasta</cat>
        <cat>Vegetarian</cat></categories>
      <yield>5</yield></head>
    <ingredients>
      <ing>
        <amt>
          <qty>1</qty>
          <unit>tablespoon</unit></amt>
        <item>Olive oil</item></ing>
      <ing>
        <amt>
          <qty>1</qty>
          <unit>cup</unit></amt>
        <item>Onion; minced</item></ing>
      <ing>
        <amt>
          <qty>3/4</qty>
          <unit>pounds</unit></amt>
        <item>Mushroom; sliced</item></ing>
      <ing>
        <amt>
          <qty>1 1/2</qty>
          <unit>teaspoons</unit></amt>
        <item>Salt</item></ing>
      <ing>
        <amt>
          <qty>1/2</qty>
          <unit>teaspoons</unit></amt>
        <item>Dried thyme</item></ing>
      <ing>
        <amt>
          <qty>1/2</qty>
          <unit>teaspoons</unit></amt>
        <item>Dried sage</item></ing>
      <ing>
        <amt>
          <qty>1/2</qty>
          <unit>pounds</unit></amt>
        <item>Kale or collard greens; stemmed and chopped</item></ing>
      <ing>
        <amt>
          <qty>4</qty>
          <unit>large</unit></amt>
        <item>Clov garlic; minced</item></ing>
      <ing>
        <amt>
          <qty>4</qty>
          <unit>tablespoons</unit></amt>
        <item>Vegetable broth or water; or for a zippier taste, white wine</item></ing>
      <ing>
        <amt>
          <qty>1</qty>
          <unit>tablespoon</unit></amt>
        <item>Unbleached white flour</item></ing>
      <ing>
        <amt>
          <qty>2</qty>
          <unit/></amt>
        <item>6 oz. jars marinated artichoke hearts or crowns</item></ing>
      <ing>
        <amt>
          <qty/>
          <unit/></amt>
        <item>Freshly ground black pepper; to taste</item></ing>
      <ing>
        <amt>
          <qty>6</qty>
          <unit/></amt>
        <item>Leaves fresh basil</item></ing>
      <ing>
        <amt>
          <qty>3</qty>
          <unit>tablespoons</unit></amt>
        <item>Milk or cream; optional</item></ing></ingredients>
    <directions>
      <step>  1. Heat the olive oil in a large, deep skillet or Dutch oven. Add the onion
  and saute for about 2 minutes over medium heat.
  
  2. Add the mushrooms, 1/2 tsp. salt, thyme and sage.
  
  3. Stir and cook over medium heat for about 5 minutes, then add the greens,
  garlic, and remaining salt.
  
  4. Stir, cover, and cook another 5 minutes over medium heat.
  
  5. Add the broth, water, or wine, and wait until it bubbles. Sprinkle in
  the flour, stirring as you sprinkle.
  
  6. Cook uncovered for another minute or two, stiring constantly. The liquid
  will thicken.
  
  7. Cut the artichokes into bite sized pieces. Add these to the skillet,
  along with all the liquid from the jars.
  
  8. Grind in some black pepper, stir in the basil, and if desired, stir in
  the milk or cream. Remove from heat and serve.
  
  NOTES : serve this luxurious sauce over pasta, plain cooked rice, or baked
  potatoes.  Note: Use any kind of leafy green in addition to (or in place
  of) kale or collard greens. (Try spinach, escarole or chard.)
  
  Recipe by: Mollie Katzen/The Enchanted Broccoli Forest
  
  Posted to recipelu-digest Volume 01 Number 426 by RecipeLu
  &lt;recipelu@geocities.com&gt; on Dec 31, 1997
 
</step></directions></recipe></recipeml>
