<?xml version="1.0" encoding="UTF-8"?>

<recipeml version="0.5">
  <recipe>
    <head>
      <title>Artichoke Mashed Potatoes</title>
      <categories>
        <cat>Potatoes</cat>
        <cat>Mash</cat></categories>
      <yield>4</yield></head>
    <ingredients>
      <ing>
        <amt>
          <qty/>
          <unit>large</unit></amt>
        <item>Russet potatoes; chunked</item></ing>
      <ing>
        <amt>
          <qty>1</qty>
          <unit/></amt>
        <item>Sprig rosemary; opt</item></ing>
      <ing>
        <amt>
          <qty>3</qty>
          <unit/></amt>
        <item>Cloves Garlic (Large); peeled</item></ing>
      <ing>
        <amt>
          <qty>6</qty>
          <unit>ounces</unit></amt>
        <item>Marinated Artichokes; Jarred, Drain, Mince</item></ing>
      <ing>
        <amt>
          <qty>3/4</qty>
          <unit>cups</unit></amt>
        <item>Milk; approx</item></ing>
      <ing>
        <amt>
          <qty/>
          <unit/></amt>
        <item>Sprigs rosemary; garnish, opt</item></ing></ingredients>
    <directions>
      <step>  Cook potatoes in boiling, salted water with sprig of rosemary and the 3
  garlic cloves.
  
  Discard rosemary; remove garlic and mince; return to potatoes; mash
  potatoes. Stir in artichokes. Add enough milk in a thin stream, mixing
  constantly to make a creamy mixture. Salt and pepper to taste. Garnish with
  rosemary.
  
  TNT shared by Sherilyn Schamber, July 1997
  
  Recipe by: The Orange County Register Newspaper Posted to TNT - Prodigy's
  Recipe Exchange Newsletter  by Sherilyn Schamber &lt;sherschm@concentric.net&gt;
  on Jul 29, 1997
 
</step></directions></recipe></recipeml>
