<?xml version="1.0" encoding="UTF-8"?>

<recipeml version="0.5">
  <recipe>
    <head>
      <title>Artichoke Spread</title>
      <categories>
        <cat>Appetizers</cat></categories>
      <yield>6</yield></head>
    <ingredients>
      <ing>
        <amt>
          <qty/>
          <unit/></amt>
        <item>Stephen Ceideburg</item></ing>
      <ing>
        <amt>
          <qty>4</qty>
          <unit>large</unit></amt>
        <item>Artichokes</item></ing>
      <ing>
        <amt>
          <qty>2</qty>
          <unit>cups</unit></amt>
        <item>Water</item></ing>
      <ing>
        <amt>
          <qty>1</qty>
          <unit/></amt>
        <item>Lemon, juice only</item></ing>
      <ing>
        <amt>
          <qty>2</qty>
          <unit>cups</unit></amt>
        <item>Vegetable or chicken stock</item></ing>
      <ing>
        <amt>
          <qty>1</qty>
          <unit/></amt>
        <item>Bay leaf</item></ing>
      <ing>
        <amt>
          <qty>2</qty>
          <unit/></amt>
        <item>Garlic cloves, finely chopped</item></ing>
      <ing>
        <amt>
          <qty>1</qty>
          <unit/></amt>
        <item>Shallot, finely chopped</item></ing>
      <ing>
        <amt>
          <qty>1</qty>
          <unit>tablespoon</unit></amt>
        <item>Extra-virgin olive oil</item></ing>
      <ing>
        <amt>
          <qty>1</qty>
          <unit>tablespoon</unit></amt>
        <item>Chopped fresh thyme (or 1 teaspoon dried thyme)</item></ing>
      <ing>
        <amt>
          <qty>1</qty>
          <unit/></amt>
        <item>Lemon, zest only</item></ing>
      <ing>
        <amt>
          <qty/>
          <unit/></amt>
        <item>Salt and freshly ground black pepper to taste</item></ing></ingredients>
    <directions>
      <step>  Remove and discard all but the tenderest inner leaves from the artichokes.
  Cut artichoke into quarters and remove the fuzz choke. Chop the hearts into
  1/4-inch dice and place in water mixed with the lemon juice to vent
  discoloration. Drain.
  
  Heat the olive oil in a saucepan. Add the garlic, shallots and artichokes
  and saute a few minutes. Add the stock and bay leaf. Bring to a boil,
  reduce heat, and simmer until the artichokes are tender, 10 to 15 minutes.
  Drain, reserving the liquid. Remove and discard the bay leaf,
  
  Place artichokes, garlic, shallot, lemon zest and thyme in a food
  processor. Puree to a smooth paste, adding reserved cooking liquid as
  necessary to make a spreadable consistency. Season to taste with salt and
  pepper. Cover and chill.
  
  Yields 1 cup.
  
  PER TABLESPOON: 20 calories, 1 g protein, 3 g carbohydrate, 1 g fat (0 g
  saturated), 0 mg cholesterol, 14 mg sodium, 1 g fiber,
  
  Robin Davis writing in the San Francisco Chronicle, 3/24/93.
  
  Posted by Stephen Ceideburg
  
  From Gemini's MASSIVE MealMaster collection at www.synapse.com/~gemini
 
</step></directions></recipe></recipeml>
