<?xml version="1.0" encoding="UTF-8"?>

<recipeml version="0.5">
  <recipe>
    <head>
      <title>Artillery Punch #2</title>
      <categories>
        <cat>Beverage</cat></categories>
      <yield>1</yield></head>
    <ingredients>
      <ing>
        <amt>
          <qty>1</qty>
          <unit>quart</unit></amt>
        <item>Strong black tea</item></ing>
      <ing>
        <amt>
          <qty>1</qty>
          <unit>quart</unit></amt>
        <item>Rye whiskey</item></ing>
      <ing>
        <amt>
          <qty>1</qty>
          <unit/></amt>
        <item>Bottle red wine</item></ing>
      <ing>
        <amt>
          <qty>1</qty>
          <unit>pint</unit></amt>
        <item>Jamaica rum</item></ing>
      <ing>
        <amt>
          <qty>1/2</qty>
          <unit>pints</unit></amt>
        <item>Dry gin</item></ing>
      <ing>
        <amt>
          <qty>1/2</qty>
          <unit>pints</unit></amt>
        <item>Brandy</item></ing>
      <ing>
        <amt>
          <qty>1</qty>
          <unit/></amt>
        <item>Jigger benedictine</item></ing>
      <ing>
        <amt>
          <qty>1</qty>
          <unit>pint</unit></amt>
        <item>Orange juice</item></ing>
      <ing>
        <amt>
          <qty>1/2</qty>
          <unit>pints</unit></amt>
        <item>Lemon juice</item></ing></ingredients>
    <directions>
      <step>   Here's a drink taken from The Bartender's Guide by Patrick Gavin Duffy
  that I found, er, interesting. More can be found in the Guide. Good Luck
  
   Combine all ingredients in a large punch bowl with a block of ice. If
  found too dry, Sugar Syrup may be added. Decorate with twists of Lemon
  Peel. This makes a lot.
  
  ABOOTCH@SFSUVAX1.SFSU.EDU
  
  (BOKUM BOP TILL YOU DROP)
  
  REC.FOOD.RECIPES
  
  From rec.food.cooking archives.  Downloaded from Glen's MM Recipe Archive,
  http://www.erols.com/hosey.
 
</step></directions></recipe></recipeml>
