<?xml version="1.0" encoding="UTF-8"?>

<recipeml version="0.5">
  <recipe>
    <head>
      <title>Artichoke Quiche</title>
      <categories>
        <cat>None</cat></categories>
      <yield>8</yield></head>
    <ingredients>
      <ing>
        <amt>
          <qty>3</qty>
          <unit>slices</unit></amt>
        <item>Whole wheat bread</item></ing>
      <ing>
        <amt>
          <qty>1</qty>
          <unit>tablespoon</unit></amt>
        <item>Olive oil</item></ing>
      <ing>
        <amt>
          <qty>1</qty>
          <unit>teaspoon</unit></amt>
        <item>Dried thyme</item></ing>
      <ing>
        <amt>
          <qty>1/4</qty>
          <unit>teaspoons</unit></amt>
        <item>Paprika</item></ing>
      <ing>
        <amt>
          <qty>2</qty>
          <unit>cups</unit></amt>
        <item>Dry-curd cottage cheese</item></ing>
      <ing>
        <amt>
          <qty>1/2</qty>
          <unit>cups</unit></amt>
        <item>Egg substitute</item></ing>
      <ing>
        <amt>
          <qty>2</qty>
          <unit>tablespoons</unit></amt>
        <item>Grated Sapsago or Parmesan cheese</item></ing>
      <ing>
        <amt>
          <qty>12</qty>
          <unit>ounces</unit></amt>
        <item>Cooked artichoke hearts</item></ing></ingredients>
    <directions>
      <step>  Pulverize the bread in a blender or food processor. Transfer to a medium
  bowl. Add the oil, thyme and paprika. Press into the bottom and up the
  sides of a 9-inch pie plate. Bake at 400 degrees F for 7 minutes.
  
  In a food processor, puree the cottage cheese, egg substitute and Sapsago
  or Parmesan. Transfer to a large bowl.
  
  Pat the artichokes dry with paper towels. Cut the hearts into bit-size
  pieces. Stir into the cheese mixture. Pour into the pie shell.
  
  Bake at 350 degrees F for 30 minutes, or until a knife inserted in the
  center comes out clean. To serve, cut into thin slices. Serves 8.
  
  Posted to recipelu-digest by Sandy &lt;sandysno@pctech.net&gt; on Mar 22, 1998
 
</step></directions></recipe></recipeml>
