<?xml version="1.0" encoding="UTF-8"?>

<recipeml version="0.5">
  <recipe>
    <head>
      <title>Artichoke Party Loaf</title>
      <categories>
        <cat>None</cat></categories>
      <yield>1</yield></head>
    <ingredients>
      <ing>
        <amt>
          <qty>1 1/2</qty>
          <unit>pounds</unit></amt>
        <item>Loaf round sourdough bread</item></ing>
      <ing>
        <amt>
          <qty>1/2</qty>
          <unit>cups</unit></amt>
        <item>Butter or margarine</item></ing>
      <ing>
        <amt>
          <qty>1</qty>
          <unit>bunch</unit></amt>
        <item>Green onions; chopped</item></ing>
      <ing>
        <amt>
          <qty>8</qty>
          <unit/></amt>
        <item>Cloves garlic; minced1 pkg, (8 oz) cream cheese, softened</item></ing>
      <ing>
        <amt>
          <qty>2</qty>
          <unit>cups</unit></amt>
        <item>Sour cream</item></ing>
      <ing>
        <amt>
          <qty>3/4</qty>
          <unit>pounds</unit></amt>
        <item>Cheddar cheese; shredded</item></ing>
      <ing>
        <amt>
          <qty>1</qty>
          <unit>can</unit></amt>
        <item>(10 oz) water-packed artichoke hearts; drained and chopped</item></ing>
      <ing>
        <amt>
          <qty>2</qty>
          <unit/></amt>
        <item>French baguettes; thinly sliced</item></ing></ingredients>
    <directions>
      <step>  Notes: From Hawaiian Electric Kitchen.
  
  Cut a slice, about 5-inches in diameter, off top of bread; reserve slice.
  Remove center portion of bread, leaving a shell. Use bread pieces for bread
  crumbs or stuffing. In a skillet, heat 4 tablespoons of the butter, lightly
  sauté onions and half of the garlic. Remove from heat and add cream cheese,
  sour cream, and cheddar cheese; mix well. Fold in artichoke hearts. Put
  mixture into bread shell; cover with reserved slice of bread. Wrap in heavy
  foil and bake in electric oven at 350°F for 1 hour. In a small skillet,
  heat remaining 4 tablespoons butter; add remaining minced garlic and sauté
  lightly. Pour butter mixture over baguettes; wrap in foil. Bake with dip
  for the last 10 to 15 minutes. Dip bread slices into artichoke dip.
  Remaining bread shell can be served with soup or salad. Makes about 20
  servings.
  
  Posted to recipelu-digest by ncanty@juno.com (Nadia I Canty) on Mar 25,
  1998
 
</step></directions></recipe></recipeml>
