<?xml version="1.0" encoding="UTF-8"?>

<recipeml version="0.5">
  <recipe>
    <head>
      <title>Aruba Chicken</title>
      <categories>
        <cat>Poultry</cat>
        <cat>Ethnic</cat></categories>
      <yield>6</yield></head>
    <ingredients>
      <ing>
        <amt>
          <qty>2</qty>
          <unit>tablespoons</unit></amt>
        <item>Olive oil</item></ing>
      <ing>
        <amt>
          <qty>1</qty>
          <unit>medium</unit></amt>
        <item>Onion, sliced</item></ing>
      <ing>
        <amt>
          <qty>1</qty>
          <unit/></amt>
        <item>Fryer chicken, 3lbs cut into serving pieces</item></ing>
      <ing>
        <amt>
          <qty>1</qty>
          <unit/></amt>
        <item>Smoked pork butt,</item></ing>
      <ing>
        <amt>
          <qty/>
          <unit/></amt>
        <item>(1 lb)cut into 1" cubes</item></ing>
      <ing>
        <amt>
          <qty>1</qty>
          <unit/></amt>
        <item>Can(8oz)tomato paste</item></ing>
      <ing>
        <amt>
          <qty>1/4</qty>
          <unit>cups</unit></amt>
        <item>Coconut, shredded</item></ing>
      <ing>
        <amt>
          <qty>1/2</qty>
          <unit>teaspoons</unit></amt>
        <item>Salt</item></ing>
      <ing>
        <amt>
          <qty/>
          <unit/></amt>
        <item>Crushed red pepper to taste</item></ing>
      <ing>
        <amt>
          <qty>4</qty>
          <unit/></amt>
        <item>Whole cloves</item></ing>
      <ing>
        <amt>
          <qty>1</qty>
          <unit/></amt>
        <item>Bay leaf</item></ing>
      <ing>
        <amt>
          <qty/>
          <unit/></amt>
        <item>I/2 ts thyme</item></ing>
      <ing>
        <amt>
          <qty>2</qty>
          <unit>pounds</unit></amt>
        <item>Sweet potatoes,pared,</item></ing>
      <ing>
        <amt>
          <qty/>
          <unit/></amt>
        <item>Cut into 1/2" slices</item></ing>
      <ing>
        <amt>
          <qty>2</qty>
          <unit/></amt>
        <item>Bananas, sliced 3/4" thick</item></ing>
      <ing>
        <amt>
          <qty>1/4</qty>
          <unit>cups</unit></amt>
        <item>Green onions, sliced</item></ing></ingredients>
    <directions>
      <step>  Heat oil in a heavy Dutch oven and saute onion about 5 minutes until
  golden, stirring frequently. Remove From pan. Add chicken, half at a time,
  and brown on all sides (adding more oil if needed). Return onion to pan and
  add pork Stir in water, tomato sauce, coconut and salt.
  
  Tie pepper, cloves, bay leaf and thyme into a small cheesecloth square
  (poultice) and add to stew. Bring to a boil, lower heat and simmer For 15
  minutes, stirring occasionally. Add sweet potatoes and simmer covered For
  35 to 40 minutes longer, or until sweet potatoes are tender. Taste for
  seasonings and correct if necessary. Add bananas and cook for an additional
        5    min.
  Discard cheesecloth poultice. Arrange on a serving platter and garnish with
  green onions and more coconut, if desired.
  
  Serves 6.
  
  From the recipe files of suzy@gannett.infi.net
  Posted to MM-Recipes Digest V3 #289
  
  Date: Mon, 21 Oct 1996 17:35:10 -0400 (EDT)
  
  From: suzy &lt;suzy@gannett.infi.net&gt;
 
</step></directions></recipe></recipeml>
