<?xml version="1.0" encoding="UTF-8"?>

<recipeml version="0.5">
  <recipe>
    <head>
      <title>Arugula, Potato &amp; Leek Soup</title>
      <categories>
        <cat>Soup</cat></categories>
      <yield>6</yield></head>
    <ingredients>
      <ing>
        <amt>
          <qty>1 1/2</qty>
          <unit>tablespoons</unit></amt>
        <item>Oil</item></ing>
      <ing>
        <amt>
          <qty>2</qty>
          <unit>medium</unit></amt>
        <item>Leeks; trimmed, cleaned thoroughly; &amp; chopped</item></ing>
      <ing>
        <amt>
          <qty>1</qty>
          <unit>medium</unit></amt>
        <item>Onion; sliced</item></ing>
      <ing>
        <amt>
          <qty>1</qty>
          <unit>teaspoon</unit></amt>
        <item>Fennel seeds; ground</item></ing>
      <ing>
        <amt>
          <qty>1 1/4</qty>
          <unit>pounds</unit></amt>
        <item>Potato; peeled &amp; coarsely cubed</item></ing>
      <ing>
        <amt>
          <qty>3</qty>
          <unit>cups</unit></amt>
        <item>Chicken broth</item></ing>
      <ing>
        <amt>
          <qty>1 1/2</qty>
          <unit>cups</unit></amt>
        <item>Water</item></ing>
      <ing>
        <amt>
          <qty>10</qty>
          <unit>ounces</unit></amt>
        <item>Arugula; washed, trimmed, to yield 4 cups packed</item></ing>
      <ing>
        <amt>
          <qty/>
          <unit/></amt>
        <item>Pepper &amp; salt; as needed</item></ing>
      <ing>
        <amt>
          <qty>2</qty>
          <unit>tablespoons</unit></amt>
        <item>Ricard or Pernod</item></ing>
      <ing>
        <amt>
          <qty>12</qty>
          <unit>tablespoons</unit></amt>
        <item>Yogurt</item></ing>
      <ing>
        <amt>
          <qty>4</qty>
          <unit/></amt>
        <item>Arugula leaves; finely slivered (garnish)</item></ing></ingredients>
    <directions>
      <step>  Date: Sat, 02 Mar 1996 07:46:00 GMT
  
  From: gemini@synapse.net (Georgette &amp; Dave Burnside)
  Heat oil in large pot. Add leeks and onion; cook over moderately low heat,
  stirring often, until softened - about 10 min. Sprinkle with fennel and
  stir
       30    seconds.
  
  Add potatoes, broth, and water. Simmer 25 min, until soft. Add arugula and
  cook about 10 min longer, or until stems are soft. Add salt, pepper and
  liquor to taste.
  
  Puree to rough or smooth texture, as you like. Adjust seasoning.  Serve hot
  or chilled, topped with yogurt and garnished with arugula slivers. As
  watercress changes potato soup into something that doesn't taste quite like
  any of the individual ingredients, so arugula transforms this traditional
  soup base.
  
  Flexible, the soup can be pureed to a chunky or a smooth texture, and
  served hot, as a main dish, or chilled, as a first course.
  
  From "Uncommon Fruits and Vegetables" by Elizabeth Schneider
  
  MM-RECIPES@IDISCOVER.NET
  
  MEAL-MASTER RECIPES LIST SERVER
  
  MM-RECIPES DIGEST V3 #63
  
  From the MealMaster recipe list.  Downloaded from Glen's MM Recipe Archive,
  http://www.erols.com/hosey.
 
</step></directions></recipe></recipeml>
