<?xml version="1.0" encoding="UTF-8"?>

<recipeml version="0.5">
  <recipe>
    <head>
      <title>Arugula Salad Orange Couscous and Citrus Vinaigrette</title>
      <categories>
        <cat>Salads</cat></categories>
      <yield>6</yield></head>
    <ingredients>
      <ing-div>
        <title/>
        <ing>
          <amt>
            <qty>1</qty>
            <unit>cup</unit></amt>
          <item>Water</item></ing>
        <ing>
          <amt>
            <qty>2/3</qty>
            <unit>cups</unit></amt>
          <item>Couscous</item></ing>
        <ing>
          <amt>
            <qty>2</qty>
            <unit>large</unit></amt>
          <item>Oranges, divided</item></ing>
        <ing>
          <amt>
            <qty>1</qty>
            <unit>medium</unit></amt>
          <item>Mango, diced</item></ing>
        <ing>
          <amt>
            <qty>2</qty>
            <unit>tablespoons</unit></amt>
          <item>Chopped fresh basil</item></ing>
        <ing>
          <amt>
            <qty>2</qty>
            <unit>tablespoons</unit></amt>
          <item>Chopped fresh chives</item></ing>
        <ing>
          <amt>
            <qty>1</qty>
            <unit>teaspoon</unit></amt>
          <item>Cumin</item></ing>
        <ing>
          <amt>
            <qty>3</qty>
            <unit>tablespoons</unit></amt>
          <item>Toasted pine nuts</item></ing>
        <ing>
          <amt>
            <qty>2</qty>
            <unit>bunches</unit></amt>
          <item>Clean arugula</item></ing></ing-div>
      <ing-div>
        <title>CITRUS VINAIGRETTE</title>
        <ing>
          <amt>
            <qty>1</qty>
            <unit>large</unit></amt>
          <item>Orange</item></ing>
        <ing>
          <amt>
            <qty>1/4</qty>
            <unit>medium</unit></amt>
          <item>Grapefruit</item></ing>
        <ing>
          <amt>
            <qty>1/2</qty>
            <unit>medium</unit></amt>
          <item>Lime</item></ing>
        <ing>
          <amt>
            <qty>1/2</qty>
            <unit>medium</unit></amt>
          <item>Lemon</item></ing>
        <ing>
          <amt>
            <qty>1/2</qty>
            <unit>cups</unit></amt>
          <item>Extra virgin olive oil</item></ing>
        <ing>
          <amt>
            <qty>2</qty>
            <unit>tablespoons</unit></amt>
          <item>Champagne or white vinegar</item></ing>
        <ing>
          <amt>
            <qty>3</qty>
            <unit>tablespoons</unit></amt>
          <item>Soy sauce</item></ing>
        <ing>
          <amt>
            <qty>1/2</qty>
            <unit>teaspoons</unit></amt>
          <item>Hot chili sauce or red pepper sauce</item></ing>
        <ing>
          <amt>
            <qty>20</qty>
            <unit/></amt>
          <item>Pink peppercorns</item></ing>
        <ing>
          <amt>
            <qty>1</qty>
            <unit>teaspoon</unit></amt>
          <item>Finely chopped fresh ginger</item></ing>
        <ing>
          <amt>
            <qty>5</qty>
            <unit>tablespoons</unit></amt>
          <item>Fresh cilantro leaves</item></ing>
        <ing>
          <amt>
            <qty>1</qty>
            <unit>teaspoon</unit></amt>
          <item>Salt (opt)</item></ing></ing-div></ingredients>
    <directions>
      <step>  Measure water into 1 2-cup glass measure. Microwave on high 3
  minutes, or until boiling. Stir in couscous, cover with plastic wrap
  and let stand 5 minutes. Fluff with fork.
  
  Peel and segment oranges over a large stainless steel bowl to catch
  excess juice; reserve segments for garnish. After segmenting oranges,
  squeeze juice from core and membranes into bowl. Add mango, basil,
  chives, cumin, pine nuts and couscous; toss to combine. Pack mixture
  into six individual 1/2 cup molds.
  
  Arrange arugula wagon-wheel fashion on six large plates. Unmold
  couscous in center of plate. Garnish with reserved orange sections.
  Drizzle with Citrus Vinaigrette.
  
  CITRUS VINAIGRETTE:
  
  Peel orange, grapefruit, lime and lemon. Cut each into segments over a
  large stainless steel bowl to catch excess juices. Carefully dice
  segments, cutting not crushing them. Add oil, vinegar, soy sauce and
  chili sauce to fruit juices in bowl; whisk to blend. Add peppercorns,
  ginger, cilantro, diced fruit and salt; stir to combine. Makes about
    1 1/4    cups.
  
  From Tuscon area newspapers, 1994, 3rd quarter, courtest Mike Orchekowski.
  File ftp://ftp.idiscover.co.uk/pub/food/mealmaster/recipes/tn-94q3.zip
 
</step></directions></recipe></recipeml>
