<?xml version="1.0" encoding="UTF-8"?>

<recipeml version="0.5">
  <recipe>
    <head>
      <title>Arugala and Nectarine Salad</title>
      <categories>
        <cat>Salads</cat>
        <cat>Herbs</cat>
        <cat>Fresh</cat></categories>
      <yield>6</yield></head>
    <ingredients>
      <ing>
        <amt>
          <qty>5</qty>
          <unit>tablespoons</unit></amt>
        <item>Olive oil</item></ing>
      <ing>
        <amt>
          <qty>3</qty>
          <unit>tablespoons</unit></amt>
        <item>Raspberry vinegar</item></ing>
      <ing>
        <amt>
          <qty>1</qty>
          <unit>teaspoon</unit></amt>
        <item>Dijon-style mustard</item></ing>
      <ing>
        <amt>
          <qty>1</qty>
          <unit>dash</unit></amt>
        <item>Sugar; salt and pepper, EACH</item></ing>
      <ing>
        <amt>
          <qty>4</qty>
          <unit>cups</unit></amt>
        <item>Arugula leaves; torn</item></ing>
      <ing>
        <amt>
          <qty>4</qty>
          <unit>cups</unit></amt>
        <item>Butter lettuce leaves; torn</item></ing>
      <ing>
        <amt>
          <qty>3</qty>
          <unit/></amt>
        <item>Whole ripe nectarines; pitted and sliced</item></ing>
      <ing>
        <amt>
          <qty>1/3</qty>
          <unit>cups</unit></amt>
        <item>Walnuts; toasted</item></ing></ingredients>
    <directions>
      <step>  For the dressing: In a small bowl whisk together the olive oil, raspberry
  vinegar, mustard, sugar, salt, and pepper. Set aside.
  
  Place arugula, butter lettuce, and sliced nectarines in a large bowl. Pour
  dressing over salad; toss gently to coat. Sprinkle with nuts. Makes 6 to 8
  servings.
  
  Cook's Notes: Tangy green arugula and sweet, juicy nectarine slices combine
  for luscious contrasts in colors and flavors.
  
  Source: From the article "Last Taste of Summer" by Renee Shepherd in the
  Fall 1997 issue of Country Gardens Magazine. Renee says: "It's summer's
  grand finale, and your kitchen counter is overflowing with fresh-picked
  produce. What can you do? Try this (these) new way(s) to savor your
  garden's bounty." Renee Shepherd founded Shepherd's Garden Seeds, although
  she is no longer affiliated with that concern.
  
  Formatted to MasterCook on 3/3/98 by TSL.
  
  Recipe by: Renee Shepherd in Country Gardens Magazine, Fall '97
  
  Posted to recipelu-digest by Badams &lt;adamsfmle@sprintmail.com&gt; on Mar 14,
  1998
 
</step></directions></recipe></recipeml>
