<?xml version="1.0" encoding="UTF-8"?>

<recipeml version="0.5">
  <recipe>
    <head>
      <title>Arugula Salad with Ginger-Thyme Vinaigrette</title>
      <categories>
        <cat>None</cat></categories>
      <yield>4</yield></head>
    <ingredients>
      <ing-div>
        <title>DRESSING</title>
        <ing>
          <amt>
            <qty>1/3</qty>
            <unit>cups</unit></amt>
          <item>Extra-Virgin Olive Oil</item></ing>
        <ing>
          <amt>
            <qty>3</qty>
            <unit>tablespoons</unit></amt>
          <item>Apple cider vinegar</item></ing>
        <ing>
          <amt>
            <qty>1 1/2</qty>
            <unit>tablespoons</unit></amt>
          <item>Fresh Ginger; Minced</item></ing>
        <ing>
          <amt>
            <qty>1/2</qty>
            <unit>teaspoons</unit></amt>
          <item>Fresh Thyme; Minced</item></ing>
        <ing>
          <amt>
            <qty>1/4</qty>
            <unit>teaspoons</unit></amt>
          <item>Fresh Garlic; Minced</item></ing>
        <ing>
          <amt>
            <qty>1/4</qty>
            <unit>teaspoons</unit></amt>
          <item>Tamari</item></ing></ing-div>
      <ing-div>
        <title>SALAD INGREDIENTS</title>
        <ing>
          <amt>
            <qty>1</qty>
            <unit>teaspoon</unit></amt>
          <item>Extra-Virgin Olive Oil</item></ing>
        <ing>
          <amt>
            <qty>1</qty>
            <unit>pound</unit></amt>
          <item>Mushrooms; thinly sliced</item></ing>
        <ing>
          <amt>
            <qty>1/2</qty>
            <unit>pounds</unit></amt>
          <item>Sugar snap peas; cleaned and trimmed</item></ing>
        <ing>
          <amt>
            <qty>1</qty>
            <unit>bunch</unit></amt>
          <item>Arugula (1/2 lb); cleaned and trimmed</item></ing>
        <ing>
          <amt>
            <qty>1/2</qty>
            <unit>pounds</unit></amt>
          <item>Yellow squash; Seeded, Thinly Slice</item></ing>
        <ing>
          <amt>
            <qty>1/2</qty>
            <unit>pounds</unit></amt>
          <item>Red bell pepper; julienned</item></ing>
        <ing>
          <amt>
            <qty>1/4</qty>
            <unit>cups</unit></amt>
          <item>Sherry cooking wine</item></ing></ing-div></ingredients>
    <directions>
      <step>  Place dressing ingredients in blender. Puree for 1 minute, set aside. Place
  1 tsp olive oil in large skillet over high heat. Add mushrooms and sauté
  until golden brown, about 15 minutes.
  
  While mushrooms are cooking, heat water in a saucepan to steam sugar snap
  peas. When water boils, place peas in steamer basket. Cover, steam 2-3
  minutes until peas are bright green. Chill peas quickly in ice water. Drain
  well.
  
  Place arugula, squash, red bell pepper and peas in a large bowl, toss with
  dressing. Divide salad onto 4 plates. When mushrooms are golden, deglaze
  pan by adding the sherry, cook until all liquid evaporates. Place mushrooms
  on top of salad, serve. Delicious with a Lambic-style beer from Belgium.
  
  Prep time: 30 minutes Cooking time: 15 minutes Nutritional information per
  serving (13 oz): 300 calories, 8 g protein, 20 g fat (2.5 g sat), 22 g
  carbohydrates, 0 mg cholesterol, 135 mg sodium
  
  Exchanges: 4.5 vegetable, 5 fat
  
  NOTES : Serves 4
  
  Recipe by: Wholefoods Market
  
  Posted to MC-Recipe Digest V1 #1024 by Suzy Wert &lt;SuzyWert@aol.com&gt; on Jan
  19, 1998
 
</step></directions></recipe></recipeml>
