<?xml version="1.0" encoding="UTF-8"?>

<recipeml version="0.5">
  <recipe>
    <head>
      <title>Arugula and Radicchio Salad with Hazelnut Vinaigrette</title>
      <categories>
        <cat>None</cat></categories>
      <yield>1</yield></head>
    <ingredients>
      <ing>
        <amt>
          <qty>1/2</qty>
          <unit>cups</unit></amt>
        <item>Roasted and skinned hazelnuts</item></ing>
      <ing>
        <amt>
          <qty>1/4</qty>
          <unit>cups</unit></amt>
        <item>Red wine vinegar</item></ing>
      <ing>
        <amt>
          <qty>2</qty>
          <unit>tablespoons</unit></amt>
        <item>Balsamic vinegar</item></ing>
      <ing>
        <amt>
          <qty>2</qty>
          <unit>ounces</unit></amt>
        <item>Gorgonzola; crumbled</item></ing>
      <ing>
        <amt>
          <qty>2/3</qty>
          <unit>cups</unit></amt>
        <item>Olive oil</item></ing>
      <ing>
        <amt>
          <qty/>
          <unit/></amt>
        <item>Salt and freshly ground black pepper</item></ing>
      <ing>
        <amt>
          <qty>2</qty>
          <unit>large</unit></amt>
        <item>Bunches arugula; (about 12 ounces)</item></ing>
      <ing>
        <amt>
          <qty>2</qty>
          <unit>medium</unit></amt>
        <item>Heads radicchio; (about 12 ounces)</item></ing></ingredients>
    <directions>
      <step>  TAMALES WORLD TOUR SHOW #WT1B21, TUSCAN RISOTTO AND SALAD DINNER
  
  In a blender, puree the hazelnuts with the vinegars. Add the Gorgonzola and
  puree for 1 minute. With the motor running, add the olive oil in a steady
  stream. Season to taste with salt and pepper.
  
  Wash arugula, pat dry, and separate leaves of radicchio. Break leaves into
  bitesized pieces.
  
  Just before serving, toss salad greens in a bowl with enough vinaigrette to
  coat leaves.
  
  Yield: 4 to 6 servings
  
  c. 1997, M.S. Milliken &amp; S. Feniger, all rights reserved
  
  Posted to recipelu-digest by molony &lt;molony@scsn.net&gt; on Feb 25, 1998
 
</step></directions></recipe></recipeml>
