<?xml version="1.0" encoding="UTF-8"?>

<recipeml version="0.5">
  <recipe>
    <head>
      <title>Arugula and Nectarine Salad</title>
      <categories>
        <cat>Fruits</cat>
        <cat>Grains</cat>
        <cat>Salads</cat></categories>
      <yield>6</yield></head>
    <ingredients>
      <ing-div>
        <title>DRESSING</title>
        <ing>
          <amt>
            <qty>3</qty>
            <unit>tablespoons</unit></amt>
          <item>Raspberry vinegar</item></ing>
        <ing>
          <amt>
            <qty>1</qty>
            <unit>teaspoon</unit></amt>
          <item>Dijon mustard</item></ing>
        <ing>
          <amt>
            <qty>5</qty>
            <unit>tablespoons</unit></amt>
          <item>Olive oil or vegetable oil</item></ing>
        <ing>
          <amt>
            <qty>1</qty>
            <unit>pinch</unit></amt>
          <item>Sugar</item></ing>
        <ing>
          <amt>
            <qty>1</qty>
            <unit>pinch</unit></amt>
          <item>Salt</item></ing>
        <ing>
          <amt>
            <qty>1</qty>
            <unit>pinch</unit></amt>
          <item>Pepper</item></ing></ing-div>
      <ing-div>
        <title>SALAD</title>
        <ing>
          <amt>
            <qty>4</qty>
            <unit>cups</unit></amt>
          <item>Arugula leaves, torn</item></ing>
        <ing>
          <amt>
            <qty>4</qty>
            <unit>cups</unit></amt>
          <item>Butter lettuce leaves, torn</item></ing>
        <ing>
          <amt>
            <qty>2</qty>
            <unit/></amt>
          <item>Ripe nectarines (up to 3)</item></ing>
        <ing>
          <amt>
            <qty/>
            <unit/></amt>
          <item>;cut in slices</item></ing>
        <ing>
          <amt>
            <qty>1/3</qty>
            <unit>cups</unit></amt>
          <item>Walnuts, toasted*</item></ing></ing-div></ingredients>
    <directions>
      <step>  *Toast walnuts for 5 to 8 minutes in 300 F oven or toaster oven.
  
  Combine dressing ingredients; mix together well. Arrange salad ingredients
  in bowl.  Pour dressing over them. Sprinkle with walnuts.
  
  Yield: 6 to 8 servings
  
  From 1991 "Shepherd's Garden Seeds Catalog," pg. 36. Posted by Cathy
  Harned.
  
  From Gemini's MASSIVE MealMaster collection at www.synapse.com/~gemini
 
</step></directions></recipe></recipeml>
