<?xml version="1.0" encoding="UTF-8"?>

<recipeml version="0.5">
  <recipe>
    <head>
      <title>Arugula Salad with Garlic Croutons, Gruyere, and Egg</title>
      <categories>
        <cat>None</cat></categories>
      <yield>4</yield></head>
    <ingredients>
      <ing>
        <amt>
          <qty>2</qty>
          <unit>slices</unit></amt>
        <item>Sourdough bread; thin, cut from large round loaf</item></ing>
      <ing>
        <amt>
          <qty>7</qty>
          <unit>tablespoons</unit></amt>
        <item>Olive oil</item></ing>
      <ing>
        <amt>
          <qty>1</qty>
          <unit>large</unit></amt>
        <item>Clove garlic</item></ing>
      <ing>
        <amt>
          <qty/>
          <unit/></amt>
        <item>Salt</item></ing>
      <ing>
        <amt>
          <qty>1 1/2</qty>
          <unit>tablespoons</unit></amt>
        <item>Sherry vinegar</item></ing>
      <ing>
        <amt>
          <qty>1</qty>
          <unit>large</unit></amt>
        <item>Shallot; minced</item></ing>
      <ing>
        <amt>
          <qty>1/2</qty>
          <unit>pounds</unit></amt>
        <item>Arugula; stemmed,washed,dried (about 6 cups)</item></ing>
      <ing>
        <amt>
          <qty/>
          <unit/></amt>
        <item>Ground black pepper</item></ing>
      <ing>
        <amt>
          <qty>2</qty>
          <unit/></amt>
        <item>Hard-boiled eggs; peeled &amp; quartered</item></ing>
      <ing>
        <amt>
          <qty>12</qty>
          <unit/></amt>
        <item>Thin shaving Gruyere cheese</item></ing></ingredients>
    <directions>
      <step>  Arugula Salad with Garlic Croutons ,Gruyere, and Hard-Boiled Eggs
  
  1. Adjust oven rack to highest position and heat broiler. Brush bread with
  about 2 tablespoons of the oil-, broil bread, turning once, until toasted
  on both sides. Rub toasted bread with garlic, then break each piece into
  
  large pieces to make croutons.
  
  2. Mash the same garlic clove with 1/4 teaspoon salt in small bowl until
  
  smooth-, whisk in vinegar, then remaining oil, and finally shallots.
  
  3. Heat this vinaigrette in small saucepan until hot. Pour hot dressing
  over greens in large serving bowl-, toss lightly to coat. Add croutons and
  plenty of pepper-, toss again. Arrange egg quarters and cheese shavings
  over greens and serve immediately.
  
  Cook's Illustrated, May/June 1995, Page 23. Credit: Deborah Madison.
  
  Nationality: USA Course: salad Season: spring Method: combined
  
  Start to Finish 45 minutes Preparation 20 minutes Attention 15 minutes
  Finishing a minute or less
  
  Converted from Mangia!, Cook's Illustrated 1993-1995 Cookbook
  
  NOTES : Dandelion greens, also available in early spring, can be
  substituted for the arugula in this recipe.
  Recipe by: Cook's Illustrated,  May/June 1995, Page 23.
  
  Posted to MC-Recipe Digest by "Hobbs, D B                 USO"
  &lt;hobbs@lbcapo1.uso.unisys.com&gt; on Mar 18, 1998
 
</step></directions></recipe></recipeml>
