<?xml version="1.0" encoding="UTF-8"?>

<recipeml version="0.5">
  <recipe>
    <head>
      <title>Asha</title>
      <categories>
        <cat>None</cat></categories>
      <yield>1</yield></head>
    <ingredients>
      <ing>
        <amt>
          <qty>2</qty>
          <unit>pounds</unit></amt>
        <item>Green beans</item></ing>
      <ing>
        <amt>
          <qty>2</qty>
          <unit>pounds</unit></amt>
        <item>Carrots</item></ing>
      <ing>
        <amt>
          <qty>1</qty>
          <unit>pound</unit></amt>
        <item>Onions</item></ing>
      <ing>
        <amt>
          <qty>1</qty>
          <unit>pound</unit></amt>
        <item>Cabbage</item></ing>
      <ing>
        <amt>
          <qty>50</qty>
          <unit/></amt>
        <item>Chiles, birds eye [mother used 100]--try tabasco or fiestas or maybe habs???, chop up to relish size</item></ing>
      <ing>
        <amt>
          <qty>4</qty>
          <unit>tablespoons</unit></amt>
        <item>Curry powder + 2 tsp if using american spoons</item></ing>
      <ing>
        <amt>
          <qty>1/2</qty>
          <unit>cups</unit></amt>
        <item>White vinegar, brown will give a better colour</item></ing>
      <ing>
        <amt>
          <qty>1</qty>
          <unit/></amt>
        <item>Bottle (750 ml) (3/4 quart us) peanut oil, as thats all they had in N.H. 28 yrs ago \ we use olive oil as it will not set rock hard in the fridge</item></ing>
      <ing>
        <amt>
          <qty/>
          <unit/></amt>
        <item>Salt and pepper to taste</item></ing></ingredients>
    <directions>
      <step>  source--NEW HEBRIDES -- SORT OF RELISH-pickle. not quite sure of the
  spelling but here we go--
  
  put all ingredients in large pan and cook slowly 1 and 1/2 hours - stirring
  often to keep from sticking. put into many small jars/bottles as this has
  to be kept in the refridgerator. serve at room temp. WHAT DO YOU SERVE IT
  ON ???? we used to have it with a cooked breakfast: eggs, tomatoe, bacon,
  sausage and such -- not for the faint hearted or those with a cholestorol
  problem Posted to CHILE-HEADS DIGEST V3 #359 by lukasz
  &lt;lukasz@midcoast.com.au&gt; on Jun 18, 1997
 
</step></directions></recipe></recipeml>
