<?xml version="1.0" encoding="UTF-8"?>

<recipeml version="0.5">
  <recipe>
    <head>
      <title>Asiago Cheese Bread</title>
      <categories>
        <cat/></categories>
      <yield>1</yield></head>
    <ingredients>
      <ing>
        <amt>
          <qty>9</qty>
          <unit>ounces</unit></amt>
        <item>Water</item></ing>
      <ing>
        <amt>
          <qty>2</qty>
          <unit>tablespoons</unit></amt>
        <item>Extra-virgin olive oil</item></ing>
      <ing>
        <amt>
          <qty>1 1/4</qty>
          <unit>teaspoons</unit></amt>
        <item>Salt</item></ing>
      <ing>
        <amt>
          <qty>1</qty>
          <unit>tablespoon</unit></amt>
        <item>Sugar</item></ing>
      <ing>
        <amt>
          <qty>3</qty>
          <unit>ounces</unit></amt>
        <item>Finely shredded Asiago cheese (1 cup</item></ing>
      <ing>
        <amt>
          <qty/>
          <unit/></amt>
        <item>Lightly packed)</item></ing>
      <ing>
        <amt>
          <qty>1</qty>
          <unit>ounce</unit></amt>
        <item>Shredded Romano or Parmesan (generous 1/3</item></ing>
      <ing>
        <amt>
          <qty/>
          <unit/></amt>
        <item>Cup)</item></ing>
      <ing>
        <amt>
          <qty>1/2</qty>
          <unit>tablespoons</unit></amt>
        <item>Caraway seeds (optional)</item></ing>
      <ing>
        <amt>
          <qty>1/2</qty>
          <unit>cups</unit></amt>
        <item>Yellow cornmeal</item></ing>
      <ing>
        <amt>
          <qty>2 3/4</qty>
          <unit>cups</unit></amt>
        <item>Bread flour or unbleached flour</item></ing>
      <ing>
        <amt>
          <qty>2</qty>
          <unit>teaspoons</unit></amt>
        <item>Active dry yeast</item></ing></ingredients>
    <directions>
      <step>        Place all ingredients in pan of bread machine in order listed, or in
  the order recommended for your machine. (I usually toss the grated cheese
  with the cornmeal before adding it to the pan, to decrease clumping.) Set
  controls for Basic bread with medium crust and start machine. Makes one
  1.5-pound loaf.
  Posted to MC-Recipe Digest V1 #193
  
  Date: Sun, 11 Aug 1996 00:07:23 -1000 (HST)
  
  From: Stephen Brazil &lt;brazil@aloha.net&gt;
 
</step></directions></recipe></recipeml>
