<?xml version="1.0" encoding="UTF-8"?>

<recipeml version="0.5">
  <recipe>
    <head>
      <title>Asiago Cheese Bread</title>
      <categories>
        <cat>Bread machi</cat>
        <cat>Breads</cat></categories>
      <yield>1</yield></head>
    <ingredients>
      <ing>
        <amt>
          <qty>8</qty>
          <unit>ounces</unit></amt>
        <item>Water</item></ing>
      <ing>
        <amt>
          <qty>1</qty>
          <unit>large</unit></amt>
        <item>Egg</item></ing>
      <ing>
        <amt>
          <qty>1 1/4</qty>
          <unit>teaspoons</unit></amt>
        <item>Salt</item></ing>
      <ing>
        <amt>
          <qty>1</qty>
          <unit>tablespoon</unit></amt>
        <item>Sugar</item></ing>
      <ing>
        <amt>
          <qty>3</qty>
          <unit>ounces</unit></amt>
        <item>Asiago Cheese; 1 C Lightly Packed</item></ing>
      <ing>
        <amt>
          <qty/>
          <unit/></amt>
        <item>; Finely Shredded</item></ing>
      <ing>
        <amt>
          <qty>1</qty>
          <unit>ounce</unit></amt>
        <item>Romano Cheese; Or Parmesan,</item></ing>
      <ing>
        <amt>
          <qty/>
          <unit/></amt>
        <item>; Generous 1/3 C</item></ing>
      <ing>
        <amt>
          <qty>1/2</qty>
          <unit>cups</unit></amt>
        <item>Yellow cornmeal</item></ing>
      <ing>
        <amt>
          <qty>2 3/4</qty>
          <unit>cups</unit></amt>
        <item>Bread Flour; or unbleached flour</item></ing>
      <ing>
        <amt>
          <qty>2</qty>
          <unit>teaspoons</unit></amt>
        <item>Active dry yeast</item></ing></ingredients>
    <directions>
      <step>  Place all ingredients in pan of bread machine in order listed, or in the
  order recommended for your machine. Set controls for Basic bread with
  medium crust and start machine. Makes one 1 1/2-pound loaf.
  
  I created this bread in response to a recent request on this list, and also
  because I wanted to make a cheese bread using some of the excellent Asiago
  cheese that we sell at our food co-op.  This bread has an *absolutely
  wonderful* aroma while it's baking.  I've made it twice and it has already
  become my husband's new all-time favorite bread.  It's definitely worth the
  extra effort to use freshly grated cheeses.  The cornmeal adds some body
  and helps make a crisper crust, but if you can't eat corn, leave it out and
  add more flour (start with 1/4 cup flour and add more if needed).
  
  &gt;From: bbriscoe@infolink.morris.mn.us (Bonnie Briscoe)
  From: Bread-Bakers Archives: ftp.best.com/pub/reggie/archives/bread/recipe
  
  Recipe By     : Bonnie Briscoe
 
</step></directions></recipe></recipeml>
