<?xml version="1.0" encoding="UTF-8"?>

<recipeml version="0.5">
  <recipe>
    <head>
      <title>Asiago Cheese Sticks</title>
      <categories>
        <cat>None</cat></categories>
      <yield>1</yield></head>
    <ingredients>
      <ing>
        <amt>
          <qty>2</qty>
          <unit>cups</unit></amt>
        <item>Cake flour</item></ing>
      <ing>
        <amt>
          <qty>1 1/3</qty>
          <unit>cups</unit></amt>
        <item>Semolina flour</item></ing>
      <ing>
        <amt>
          <qty>2</qty>
          <unit>tablespoons</unit></amt>
        <item>Baking powder</item></ing>
      <ing>
        <amt>
          <qty>1/2</qty>
          <unit>cups</unit></amt>
        <item>Plus 2 Tbs. unsalted butter; softened</item></ing>
      <ing>
        <amt>
          <qty>1/4</qty>
          <unit>cups</unit></amt>
        <item>Plus 1 Tbs. sugar</item></ing>
      <ing>
        <amt>
          <qty>4</qty>
          <unit>large</unit></amt>
        <item>Eggs</item></ing>
      <ing>
        <amt>
          <qty>1</qty>
          <unit>large</unit></amt>
        <item>Egg yolk</item></ing>
      <ing>
        <amt>
          <qty>3/4</qty>
          <unit>cups</unit></amt>
        <item>Milk</item></ing>
      <ing>
        <amt>
          <qty>1/2</qty>
          <unit>cups</unit></amt>
        <item>Buttermilk</item></ing>
      <ing>
        <amt>
          <qty>3/4</qty>
          <unit>cups</unit></amt>
        <item>Asiago cheese; grated</item></ing>
      <ing>
        <amt>
          <qty>Prep:</qty>
          <unit>15</unit></amt>
        <item>min, Cook: 15 min.</item></ing></ingredients>
    <directions>
      <step>  Preheat oven to 350øF. Combine first 3 ingredients in a bowl. Stir to mix
  well and set aside. Cream butter and sugar in a mixing bowl, until smooth
  and light. Add eggs and egg yolk, one at a time, beating and scraping the
  bowl constantly until smooth. Stir in reserved dry ingredients until
  incorporated. Add milk and buttermilk and mix to form a smooth batter. Fold
  in Asiago. Pour batter into greased cornstick molds (or prepared cake pan)
  and bake 15-20 minutes or until golden brown and cooked through. Remove
  from heat and let cool briefly before turning out of pans and serving.
  
  Posted to recipelu-digest by molony &lt;molony@scsn.net&gt; on Feb 22, 1998
 
</step></directions></recipe></recipeml>
