<?xml version="1.0" encoding="UTF-8"?>

<recipeml version="0.5">
  <recipe>
    <head>
      <title>Asian-Style Chicken Packets</title>
      <categories>
        <cat>None</cat></categories>
      <yield>4</yield></head>
    <ingredients>
      <ing>
        <amt>
          <qty>1/2</qty>
          <unit>cups</unit></amt>
        <item>Brown sugar; packed</item></ing>
      <ing>
        <amt>
          <qty>2</qty>
          <unit>tablespoons</unit></amt>
        <item>Soy sauce</item></ing>
      <ing>
        <amt>
          <qty>1/4</qty>
          <unit>teaspoons</unit></amt>
        <item>Garlic powder</item></ing>
      <ing>
        <amt>
          <qty>1/4</qty>
          <unit>teaspoons</unit></amt>
        <item>Cayenne pepper</item></ing>
      <ing>
        <amt>
          <qty>4</qty>
          <unit/></amt>
        <item>Boned and skinned chicken breast halves</item></ing>
      <ing>
        <amt>
          <qty>3</qty>
          <unit>cups</unit></amt>
        <item>Frozen stir fry vegetable mix</item></ing>
      <ing>
        <amt>
          <qty>4</qty>
          <unit/></amt>
        <item>Sheets Reynolds Wrap Heavy Duty Foil; (12x8 inches each)</item></ing></ingredients>
    <directions>
      <step>  1. Preheat oven to 450 degrees. Combine brown sugar, soy sauce, garlic
  powder and cayenne pepper. set aside.
  
  2. Center one chicken breast half on each foil sheet. Pour soy sauce
  mixture evenly over chicken. Top with vegetables.
  
  3. Wrap and seal to form 4 packets.
  
  4. Bake 18 to 22 minutes on a cookie sheet in the overn. To serve, spoon
  vegetables and sauce over chicken.
  
  I love this recipe. It's similar to an entree some Chinese restaurants
  serve. Usually referred to as chicken in foil. All of the flavors mingle
  together to make it delicious. This is a great recipe for freezing if you
  need individual servings later on. Tip: if you don't have heavy duty foil
  just double up on the regular stuff.
  
  Recipe by: Reynolds Wrap
  
  Posted to recipelu-digest Volume 01 Number 500 by PLK1028 &lt;PLK1028@aol.com&gt;
  on Jan 12, 1998
 
</step></directions></recipe></recipeml>
