<?xml version="1.0" encoding="UTF-8"?>

<recipeml version="0.5">
  <recipe>
    <head>
      <title>Asian-Style Brown Rice and Lentil Soup</title>
      <categories>
        <cat>Dishes	</cat>
        <cat>Soups &amp;</cat>
        <cat>Stew</cat></categories>
      <yield>1</yield></head>
    <ingredients>
      <ing>
        <amt>
          <qty>10</qty>
          <unit>cups</unit></amt>
        <item>Water</item></ing>
      <ing>
        <amt>
          <qty>12</qty>
          <unit>ounces</unit></amt>
        <item>Lentils, rinsed and drained</item></ing>
      <ing>
        <amt>
          <qty>1/2</qty>
          <unit>cups</unit></amt>
        <item>Brown rice, uncooked</item></ing>
      <ing>
        <amt>
          <qty>1 1/2</qty>
          <unit>teaspoons</unit></amt>
        <item>Miso, up to 2 teaspoons</item></ing>
      <ing>
        <amt>
          <qty>1</qty>
          <unit>cup</unit></amt>
        <item>Scallions, chopped w/tops</item></ing>
      <ing>
        <amt>
          <qty>1</qty>
          <unit>cup</unit></amt>
        <item>Celery, chopped</item></ing>
      <ing>
        <amt>
          <qty/>
          <unit/></amt>
        <item>1/  c  sliced carrot</item></ing>
      <ing>
        <amt>
          <qty>1/2</qty>
          <unit>cups</unit></amt>
        <item>Green bell pepper</item></ing>
      <ing>
        <amt>
          <qty>1/4</qty>
          <unit>cups</unit></amt>
        <item>Minced cilantro, or to taste</item></ing>
      <ing>
        <amt>
          <qty>2</qty>
          <unit>tablespoons</unit></amt>
        <item>Fresh ginger root, grated</item></ing>
      <ing>
        <amt>
          <qty>4</qty>
          <unit>teaspoons</unit></amt>
        <item>Garlic, minced</item></ing>
      <ing>
        <amt>
          <qty>1/4</qty>
          <unit>cups</unit></amt>
        <item>Tamari soy sauce, low sodium</item></ing>
      <ing>
        <amt>
          <qty>2</qty>
          <unit>tablespoons</unit></amt>
        <item>Rice vinegar, or cider vinegar</item></ing>
      <ing>
        <amt>
          <qty>1/2</qty>
          <unit>teaspoons</unit></amt>
        <item>Salt, optional</item></ing>
      <ing>
        <amt>
          <qty/>
          <unit/></amt>
        <item>Hot pepper to taste</item></ing></ingredients>
    <directions>
      <step>  Bring water to a boil in 4- quart pot.  Stir in lentils and brown rice;
  reduce heat to medium.  Add the miso, stir well and boil gently uncovered
  until lentils and rice are tender but not mushy, about 30 minutes.
  
  Meanwhile, spray a nonstick skillet with cooking spray and stir in
  scallions, celery, green pepper, carrot, gingerroot and garlic.  Cook 3 - 4
  minutes, just until celery, green pepper and carrots are tender. The
  vegetables may also be braised in water, wine or balsamic vinegar.
  
  Stir vegetables and remaining ingredients into lentil mixture.  Serve with
  additional hot pepper sauce (or hot pepper sesame oil) at the table.
  Per serving: 275 Calories; 1g Fat (4% calories from fat); 19g Protein; 49g
  Carbohydrate; 0mg Cholesterol; 810mg Sodium
  
  Posted to Digest eat-lf.v096.n172
  
  Date: Tue, 01 Oct 1996 00:10:51 +0000
  
  From: ilenewar@starnetinc.com
 
</step></directions></recipe></recipeml>
