<?xml version="1.0" encoding="UTF-8"?>

<recipeml version="0.5">
  <recipe>
    <head>
      <title>Acorn Squash W/cranberry</title>
      <categories>
        <cat>Vegetable</cat></categories>
      <yield>4</yield></head>
    <ingredients>
      <ing>
        <amt>
          <qty>2</qty>
          <unit>large</unit></amt>
        <item>Acorn squash; about 2 lbs. each</item></ing>
      <ing>
        <amt>
          <qty>1</qty>
          <unit>can</unit></amt>
        <item>Whole cranberry sauce</item></ing>
      <ing>
        <amt>
          <qty>1</qty>
          <unit>tablespoon</unit></amt>
        <item>Honey</item></ing>
      <ing>
        <amt>
          <qty>1/4</qty>
          <unit>teaspoons</unit></amt>
        <item>Ground allspice</item></ing>
      <ing>
        <amt>
          <qty>From:</qty>
          <unit/></amt>
        <item>Barbara Schmidt &lt;smgin2@SPRYNET.COM&gt;</item></ing>
      <ing>
        <amt>
          <qty>Date:</qty>
          <unit/></amt>
        <item>Thu, 11 Jul 1996 07:28:33 -0700</item></ing></ingredients>
    <directions>
      <step>  Recipe By: bjs
  
  Prick squash several times with fork to allow steam to escape like you
  would a potato. Place in microwave at HIGH until soft when pricked with
  fork, 10 to 12 minutes. Turn squash over and rotate after half the cooking
  time. Let stand 5 minutes. Cut in half and remove the seeds. Place cut side
  up in a square casserole dish. Set aside. Combine cranberry sauce, honey
  and allspice in bowl. Microwave at HIGH until hot and bubbly, 3 to 4
  minutes, stirring after half the cooking time. Spoon into squash halves.
  Microwave at HIGH until heated through, 2 or 3 minutes. Serves 4.
  
  EAT-L Digest 10 July 96
  
  From the EAT-L recipe list.  Downloaded from Glen's MM Recipe Archive,
  http://www.erols.com/hosey.
 
</step></directions></recipe></recipeml>
