<?xml version="1.0" encoding="UTF-8"?>

<recipeml version="0.5">
  <recipe>
    <head>
      <title>Acquazzurra Indonesian Chicken Madras</title>
      <categories>
        <cat>Chicken</cat>
        <cat>Restaurants</cat>
        <cat>Dkuhnen msn</cat></categories>
      <yield>4</yield></head>
    <ingredients>
      <ing>
        <amt>
          <qty>4</qty>
          <unit/></amt>
        <item>Boneless, skinless chicken</item></ing>
      <ing>
        <amt>
          <qty/>
          <unit/></amt>
        <item>Breast halves</item></ing>
      <ing>
        <amt>
          <qty/>
          <unit/></amt>
        <item>Vegetable oil</item></ing>
      <ing>
        <amt>
          <qty>1</qty>
          <unit>tablespoon</unit></amt>
        <item>Curry powder</item></ing>
      <ing>
        <amt>
          <qty>1</qty>
          <unit/></amt>
        <item>Ripe mango, peeled, pitted</item></ing>
      <ing>
        <amt>
          <qty/>
          <unit/></amt>
        <item>And pureed</item></ing>
      <ing>
        <amt>
          <qty>1/4</qty>
          <unit>cups</unit></amt>
        <item>Coconut milk</item></ing>
      <ing>
        <amt>
          <qty/>
          <unit/></amt>
        <item>Salt and pepper</item></ing>
      <ing>
        <amt>
          <qty>1/3</qty>
          <unit>cups</unit></amt>
        <item>Whipping cream</item></ing></ingredients>
    <directions>
      <step>  Brown chicken in 2 tablespoons hot oil and transfer to a 400F oven for 10
  minutes.  Stir curry powder into same skillet and cook 1 minute. Stir in
  mango puree followed by coconut milk.  Season with salt and pepper. Simmer
  2 to 3 minutes then stir in cream.  Simmer 3 to 5 minutes. Serve mango
  sauce with chicken. From Acquazzurra Ristorante, 137 Avenue Rd., Toronto,
  Ontario.
  Posted to MM-Recipes Digest V3 #294
  
  Date: Sun, 27 Oct 96 13:02:13 UT
  
  From: "Deborah Kühnen" &lt;DEBKUHNEN@msn.com&gt;
 
</step></directions></recipe></recipeml>
