<?xml version="1.0" encoding="UTF-8"?>

<recipeml version="0.5">
  <recipe>
    <head>
      <title>Acquacotta (Onion Soup, Maremma Style)</title>
      <categories>
        <cat>Soups-</cat>
        <cat>Onion</cat></categories>
      <yield>1</yield></head>
    <ingredients>
      <ing>
        <amt>
          <qty/>
          <unit/></amt>
        <item>Olive Oil</item></ing>
      <ing>
        <amt>
          <qty/>
          <unit/></amt>
        <item>Tomatoes; Canned, With Liquid</item></ing>
      <ing>
        <amt>
          <qty/>
          <unit/></amt>
        <item>Garlic; Clove, Raw, Smashed</item></ing>
      <ing>
        <amt>
          <qty/>
          <unit/></amt>
        <item>Onions; Red, Thinly sliced</item></ing>
      <ing>
        <amt>
          <qty/>
          <unit/></amt>
        <item>Fresh mint; thyme or other herbs</item></ing>
      <ing>
        <amt>
          <qty/>
          <unit/></amt>
        <item>Bread; Stale</item></ing></ingredients>
    <directions>
      <step>  Heat the olive oil in a pan, add garlic and onions and saute over medium
  heat until translucent. Take out the garlic and add the tomatoes, salt,
  pepper and herbs of choice. Cook over high heat until the mixture is hot
  and all the flavors have combined.
  
  Cover with cold water -- 3 times the amount of the other ingredients --
  then reduce the heat to low. Cook partially covered at least one hour --
  the longer the better.
  
  At the last minute, soak the chunks of bread in the soup and serve hot.
  Posted to recipelu-digest Volume 01 Number 480 by Jan Crow
  &lt;jccrow@hypercon.com&gt; on Jan 08, 1998
 
</step></directions></recipe></recipeml>
