<?xml version="1.0" encoding="UTF-8"?>

<recipeml version="0.5">
  <recipe>
    <head>
      <title>Acrats De Morue (Catfish Fritters)</title>
      <categories>
        <cat>Martinique</cat>
        <cat>Fish</cat>
        <cat>Appetizers</cat>
        <cat>Upload</cat></categories>
      <yield>8</yield></head>
    <ingredients>
      <ing>
        <amt>
          <qty>1 1/2</qty>
          <unit>cups</unit></amt>
        <item>Flour, all-purpose</item></ing>
      <ing>
        <amt>
          <qty>1/2</qty>
          <unit>teaspoons</unit></amt>
        <item>Salt</item></ing>
      <ing>
        <amt>
          <qty>2</qty>
          <unit>medium</unit></amt>
        <item>Eggs</item></ing>
      <ing>
        <amt>
          <qty>3</qty>
          <unit>tablespoons</unit></amt>
        <item>Butter, unsalted; melted, cooled</item></ing>
      <ing>
        <amt>
          <qty>1</qty>
          <unit>cup</unit></amt>
        <item>Milk, whole</item></ing>
      <ing>
        <amt>
          <qty>1/2</qty>
          <unit>pounds</unit></amt>
        <item>Salt codfish</item></ing>
      <ing>
        <amt>
          <qty>1</qty>
          <unit/></amt>
        <item>Pepper, hot; seeded</item></ing>
      <ing>
        <amt>
          <qty>2</qty>
          <unit/></amt>
        <item>Scallions; chopped fine</item></ing>
      <ing>
        <amt>
          <qty>1</qty>
          <unit/></amt>
        <item>Garlic cloves; crushed</item></ing>
      <ing>
        <amt>
          <qty>1</qty>
          <unit>tablespoon</unit></amt>
        <item>Parsley; chopped</item></ing>
      <ing>
        <amt>
          <qty>1/2</qty>
          <unit>teaspoons</unit></amt>
        <item>Thyme</item></ing>
      <ing>
        <amt>
          <qty>1</qty>
          <unit/></amt>
        <item>Allspice berry; ground</item></ing>
      <ing>
        <amt>
          <qty/>
          <unit/></amt>
        <item>Pepper, black; to taste</item></ing>
      <ing>
        <amt>
          <qty/>
          <unit/></amt>
        <item>Oil, vegetable</item></ing></ingredients>
    <directions>
      <step>    Sift flour and salt into bowl. Beat eggs with butter and add to flour
  mixture. Add milk gradually, stirring only to mix. Add more milk if batter
  is too stiff. Cover, allow to stand 3 hours.
    Meanwhile, soak fish in cold water. Drain, remove bones and skin. Pound
  fish in mortar with hot pepper. Add scallions, garlic, parsley, thyme,
  allspice, and black pepper to taste. Stir into batter and stand 30 minutes.
    Heat oil in deep fryer (375F) and fry mixture by heaping tablespoons
  until golden brown. Drain on paper towels and keep warm.
  
  From Gemini's MASSIVE MealMaster collection at www.synapse.com/~gemini
 
</step></directions></recipe></recipeml>
