<?xml version="1.0" encoding="UTF-8"?>

<recipeml version="0.5">
  <recipe>
    <head>
      <title>Action Vietnam Cookies</title>
      <categories>
        <cat>None</cat></categories>
      <yield>1</yield></head>
    <ingredients>
      <ing>
        <amt>
          <qty>3/4</qty>
          <unit>cups</unit></amt>
        <item>Solid vegetable shortening</item></ing>
      <ing>
        <amt>
          <qty>1</qty>
          <unit>cup</unit></amt>
        <item>Firmly packed light brown sugar</item></ing>
      <ing>
        <amt>
          <qty>1</qty>
          <unit/></amt>
        <item>Egg</item></ing>
      <ing>
        <amt>
          <qty>1 1/2</qty>
          <unit>cups</unit></amt>
        <item>All-purpose flour</item></ing>
      <ing>
        <amt>
          <qty>1/2</qty>
          <unit>teaspoons</unit></amt>
        <item>Baking soda</item></ing>
      <ing>
        <amt>
          <qty>1</qty>
          <unit>teaspoon</unit></amt>
        <item>Salt</item></ing>
      <ing>
        <amt>
          <qty>1</qty>
          <unit>teaspoon</unit></amt>
        <item>Ground cinnamon</item></ing>
      <ing>
        <amt>
          <qty>1/4</qty>
          <unit>teaspoons</unit></amt>
        <item>Ground nutmeg</item></ing>
      <ing>
        <amt>
          <qty>1/2</qty>
          <unit>cups</unit></amt>
        <item>Coarsely chopped walnuts</item></ing>
      <ing>
        <amt>
          <qty>1/2</qty>
          <unit>cups</unit></amt>
        <item>Semisweet chocolate morsels; (plain or mint flavored)</item></ing>
      <ing>
        <amt>
          <qty>1/2</qty>
          <unit>cups</unit></amt>
        <item>Shredded coconut</item></ing>
      <ing>
        <amt>
          <qty>1/2</qty>
          <unit>cups</unit></amt>
        <item>Raisins dredged in 1 tablespoon all-purpose flour</item></ing>
      <ing>
        <amt>
          <qty>1</qty>
          <unit>cup</unit></amt>
        <item>Masked ripe bananas; (2 or 3)</item></ing>
      <ing>
        <amt>
          <qty>1 3/4</qty>
          <unit>cups</unit></amt>
        <item>Quick-cooking rolled oats; uncooked</item></ing></ingredients>
    <directions>
      <step>  Betty Bernard.
  
  "These cookies can be frozen or stored in the pantry. They are not fragile
  and withstand the rigors of shipping."
  
  Submitted by Suzy-Q Lewis
  
  In a large mixing bowl with an electric mixer, beat together shortening and
  brown sugar. Add egg and contnue beating until ingredients are well
  blended.
  
  Sift together flour, baking soda, salt, cinnamon and nutmeg. Add flour
  mixture to shortening mixture, stirring to keep batter well blended. Add
  walnuts, chocolate morsels, coconut, raisins and bananas; mix well.
  Gradually stir in oats, mixing well.
  
  Drop dough from end of teaspoon onto lightly greased baking sheets. Bake in
  a preheated 375 deg oven 12 minutes or until done.
  
  TIP: To save time spent baking, drop batter on cookie sheet lined with
  heavy-duty aluminum fo8il. When done and slightly cooled, cookies will
  "peel" off the foil. Liner can be used again, or having two or three foil
  liners ready with cookie batches for baking will hasten the baking time
  considerably.
  
  Posted to Bakery-Shoppe Digest V1 #462 by "Pollywog"
  &lt;hlewis@cci-29palms.com&gt; on Dec 20, 1997
 
</step></directions></recipe></recipeml>
