<?xml version="1.0" encoding="UTF-8"?>

<recipeml version="0.5">
  <recipe>
    <head>
      <title>Ada's Pork Chops</title>
      <categories>
        <cat>None</cat></categories>
      <yield>1</yield></head>
    <ingredients>
      <ing>
        <amt>
          <qty>6</qty>
          <unit/></amt>
        <item>Pork chops</item></ing>
      <ing>
        <amt>
          <qty/>
          <unit/></amt>
        <item>A smear of oil</item></ing>
      <ing>
        <amt>
          <qty>1/4</qty>
          <unit>cups</unit></amt>
        <item>Onion soup mix</item></ing>
      <ing>
        <amt>
          <qty>3</qty>
          <unit>ounces</unit></amt>
        <item>Sliced mushrooms</item></ing>
      <ing>
        <amt>
          <qty>2</qty>
          <unit>tablespoons</unit></amt>
        <item>Flour</item></ing>
      <ing>
        <amt>
          <qty>1</qty>
          <unit>can</unit></amt>
        <item>(6 oz) (2/3 cup) evaporated milk</item></ing>
      <ing>
        <amt>
          <qty/>
          <unit/></amt>
        <item>Parsley for garnish</item></ing></ingredients>
    <directions>
      <step>  Trim fat off pork chops. Brown chops in oil in a heavy skillet. Drain off
  any fat. Mix 1 cup water to onion soup mix. pour over the chops. Cover
  skillet and simmer until chops are tender (40-45 minutes).
  
  Add evaporated milk and mushrooms to pan. Combine flour and 1/4 cup cold
  water. Blend into pan juices. Cook and stir under low heat until thick and
  bubbly. Sprinkle with parsley.
  
  Posted to EAT-L Digest 10 Sep 96
  
  From:    Kathy Bohaty &lt;KathysWaltz@MSN.COM&gt;
  
  Date:    Wed, 11 Sep 1996 21:32:17 UT
 
</step></directions></recipe></recipeml>
