<?xml version="1.0" encoding="UTF-8"?>

<recipeml version="0.5">
  <recipe>
    <head>
      <title>Ada's Molasses Nut Bread</title>
      <categories>
        <cat>Breads</cat>
        <cat>Holiday</cat>
        <cat>Both</cat>
        <cat>Echo</cat></categories>
      <yield>1</yield></head>
    <ingredients>
      <ing>
        <amt>
          <qty>2 3/4</qty>
          <unit>cups</unit></amt>
        <item>Flour; sifted all-purpose</item></ing>
      <ing>
        <amt>
          <qty>2</qty>
          <unit>teaspoons</unit></amt>
        <item>Baking powder</item></ing>
      <ing>
        <amt>
          <qty>1/4</qty>
          <unit>teaspoons</unit></amt>
        <item>Soda</item></ing>
      <ing>
        <amt>
          <qty>1/2</qty>
          <unit>teaspoons</unit></amt>
        <item>Salt</item></ing>
      <ing>
        <amt>
          <qty>1/4</qty>
          <unit>cups</unit></amt>
        <item>Sugar</item></ing>
      <ing>
        <amt>
          <qty>1/2</qty>
          <unit>cups</unit></amt>
        <item>Nut meats; chopped</item></ing>
      <ing>
        <amt>
          <qty>1/2</qty>
          <unit>cups</unit></amt>
        <item>Seedless raisins</item></ing>
      <ing>
        <amt>
          <qty>3/4</qty>
          <unit>cups</unit></amt>
        <item>Molasses</item></ing>
      <ing>
        <amt>
          <qty>1</qty>
          <unit/></amt>
        <item>Egg; beaten</item></ing>
      <ing>
        <amt>
          <qty>1/4</qty>
          <unit>cups</unit></amt>
        <item>Shortening; melted or oil</item></ing>
      <ing>
        <amt>
          <qty>2</qty>
          <unit>teaspoons</unit></amt>
        <item>Grated orange rind</item></ing></ingredients>
    <directions>
      <step>       Mix together and sift flour, baking powder, soda, salt and sugar into
  a mixing bowl; add nut meats and raisins and mix together. Combine the
  milk, molasses, egg, shortening and orange rind; add to dry mixture and
  stir only enough to dampen flour.  Bake in a greased bread pan, 10x5x3
  inch, in a moderate oven, 350 degrees F., for 1 1/4 hours.
  
  This recipe makes a large loaf of fruit bread.
  
  From THE FLAVOR OF MAINE by Brownie Schrumpf.  A culinary special published
  by The Bangor Daily News. @ 1976.
  
  Shared by Robert Rostrup. The "LaRK" (Cooking, WP51, Chatter)
  
  ~-- EZPoint V2.2 * Origin: "LaRK's" Place (1:343/26.3)
  
  *** This is a reply to #153.  *** See also #155. From: Lawrence Kellie To:
  Cindy Vincent Msg #155, Mar-22-93 05:56:16 Subject: Re: I need recipes!!
  
        1    recipe
  
  From Gemini's MASSIVE MealMaster collection at www.synapse.com/~gemini
 
</step></directions></recipe></recipeml>
