<?xml version="1.0" encoding="UTF-8"?>

<recipeml version="0.5">
  <recipe>
    <head>
      <title>Adai</title>
      <categories>
        <cat>Vegetarian</cat>
        <cat>Indian</cat></categories>
      <yield>6</yield></head>
    <ingredients>
      <ing>
        <amt>
          <qty>1</qty>
          <unit>cup</unit></amt>
        <item>Rice</item></ing>
      <ing>
        <amt>
          <qty>1/3</qty>
          <unit>cups</unit></amt>
        <item>Urad dal</item></ing>
      <ing>
        <amt>
          <qty>1/3</qty>
          <unit>cups</unit></amt>
        <item>Chana dal</item></ing>
      <ing>
        <amt>
          <qty>1/3</qty>
          <unit>cups</unit></amt>
        <item>Yellow split peas</item></ing>
      <ing>
        <amt>
          <qty>1</qty>
          <unit>teaspoon</unit></amt>
        <item>Salt</item></ing>
      <ing>
        <amt>
          <qty>1</qty>
          <unit>teaspoon</unit></amt>
        <item>Red chili powder</item></ing>
      <ing>
        <amt>
          <qty>1</qty>
          <unit>large</unit></amt>
        <item>Onion (opt)</item></ing>
      <ing>
        <amt>
          <qty>1</qty>
          <unit/></amt>
        <item>Carrot (opt)</item></ing>
      <ing>
        <amt>
          <qty>1/4</qty>
          <unit>cups</unit></amt>
        <item>Coconut, grated (opt)</item></ing></ingredients>
    <directions>
      <step>  Mix rice, chana dal, urad dal, and yellow split peas in a large vessel.
  Soak in a lot of water for about 2 hours.
  
  Grind the soaked mixture with chili powder and salt coarsely, without
  adding much water.
  
  Ferment for about 3 - 4 hours, then refrigerate or freeze. In cold weather,
  the fermenting process might take longer, and it might be a good idea to
  ferment in an oven (the pilot light will keep the mixture warm).
  
  Add either onions (finely cut), carrot (grated) or coconut before
  preparing.
  
  Freezing Notes
  
  If freezing, only ferment for about an hour.  The mixture will have to be
  left out for a while before being ready to use.
  
    Rajeev Krishnamoorthy, rajeev@twain.EE.CORNELL.EDU
  
  From Gemini's MASSIVE MealMaster collection at www.synapse.com/~gemini
 
</step></directions></recipe></recipeml>
