<?xml version="1.0" encoding="UTF-8"?>

<recipeml version="0.5">
  <recipe>
    <head>
      <title>Adams Low-Fat Enchiladas</title>
      <categories>
        <cat>None</cat></categories>
      <yield>1</yield></head>
    <ingredients>
      <ing>
        <amt>
          <qty>2 1/2</qty>
          <unit>pounds</unit></amt>
        <item>Chicken breast halves, boiled and diced</item></ing>
      <ing>
        <amt>
          <qty>4</qty>
          <unit>cans</unit></amt>
        <item>Reduced-fat cream of chicken soup</item></ing>
      <ing>
        <amt>
          <qty>3</qty>
          <unit>cups</unit></amt>
        <item>Fat-free sour cream</item></ing>
      <ing>
        <amt>
          <qty>1</qty>
          <unit>can</unit></amt>
        <item>(small) green chiles, diced (not hot)</item></ing>
      <ing>
        <amt>
          <qty>1</qty>
          <unit>can</unit></amt>
        <item>(small) black olives (sliced)</item></ing>
      <ing>
        <amt>
          <qty>3</qty>
          <unit/></amt>
        <item>Green onions, sliced (tops and all) (up to 4)</item></ing>
      <ing>
        <amt>
          <qty>2</qty>
          <unit>packages</unit></amt>
        <item>Flour tortillas (small)</item></ing>
      <ing>
        <amt>
          <qty>2</qty>
          <unit>cups</unit></amt>
        <item>Fat free cheddar cheese</item></ing></ingredients>
    <directions>
      <step>  1. cook chicken, cut and dice.
  
  2. In large bowl, combine soup chiles, olives, sour cream and green onions.
  
  3. Remove 2 1/2 cups mixture, then add chicken to other mixture.
  
  4. Put chicken mixture into tortillas and roll up. (don't fill to full)
  
  5. Put in large pan and spoon remaining soup mixture over the top.
  
  6. Cover with cheddar cheese.
  
  7. Cover with foil and bake at 350 for 40 to 50 minutes.... or until hot
  and bubbly.
  
  Posted to Recipe Archive - 10 November 96
  
  Date: Sun, 10 Nov 96 12:23:20 EST
  
  submitted by: astarr@computer-services.com
 
</step></directions></recipe></recipeml>
