<?xml version="1.0" encoding="UTF-8"?>

<recipeml version="0.5">
  <recipe>
    <head>
      <title>Adaptable Red Chili Sauce with Tomatoes</title>
      <categories>
        <cat>Sauce</cat></categories>
      <yield>4</yield></head>
    <ingredients>
      <ing>
        <amt>
          <qty>2</qty>
          <unit>pounds</unit></amt>
        <item>Canned whole tomatoes -OR-</item></ing>
      <ing>
        <amt>
          <qty>2</qty>
          <unit>cups</unit></amt>
        <item>Tomatoes packed in tomato puree</item></ing>
      <ing>
        <amt>
          <qty>1</qty>
          <unit/></amt>
        <item>Clove garlic; roughly chopped</item></ing>
      <ing>
        <amt>
          <qty>4</qty>
          <unit>tablespoons</unit></amt>
        <item>Red chili peppers</item></ing>
      <ing>
        <amt>
          <qty>1/2</qty>
          <unit>small</unit></amt>
        <item>Onion; roughly chopped</item></ing>
      <ing>
        <amt>
          <qty>1/2</qty>
          <unit>teaspoons</unit></amt>
        <item>Cayenne</item></ing>
      <ing>
        <amt>
          <qty>1/2</qty>
          <unit>teaspoons</unit></amt>
        <item>Cumin; ground</item></ing>
      <ing>
        <amt>
          <qty>1/4</qty>
          <unit>teaspoons</unit></amt>
        <item>Oregano</item></ing>
      <ing>
        <amt>
          <qty/>
          <unit/></amt>
        <item>Salt and pepper</item></ing></ingredients>
    <directions>
      <step>  From: tpogue@ids2.idsonline.com (terry pogue)
  
  Date: Sun, 30 Jun 1996 18:41:13 +0100
  Place all the ingredients in a processor and blend until reduced to a
  smooth puree, about 1 minutes. Transfer to a saucepan, bring to a boil over
  medium heat, stirring once or twice to prevent scorching, and cover the
  pan. Reduce heat to a low and simmer for 10 minutes, The sauce is done when
  the raw tomato and red chili taste are gone. Once cooled, it will be about
  as thick as ketchup, suitable to use as a thick meat marinade or to moisten
  fillings that need to remain fairly stiff, such as tamales.
  
  FOR ENCHILADA SAUCE. Dilute with 3/4 to 1 cup water and adjust salt as
  needed. This amount will sauce enchiladas for 4 people.
  
  MC-Recipe Digest V1 #135
  
  From the MasterCook recipe list.  Downloaded from Glen's MM Recipe Archive,
  http://www.erols.com/hosey.
 
</step></directions></recipe></recipeml>
