<?xml version="1.0" encoding="UTF-8"?>

<recipeml version="0.5">
  <recipe>
    <head>
      <title>Adapted Pickle Juice Rye</title>
      <categories>
        <cat>Abm</cat>
        <cat>Breads</cat></categories>
      <yield>1</yield></head>
    <ingredients>
      <ing-div>
        <title>FRAN NOSSEN</title></ing-div>
      <ing-div>
        <title>ADAPTED BY LISA CRAWLEY</title>
        <ing>
          <amt>
            <qty>3</qty>
            <unit>cups</unit></amt>
          <item>Bread Flour</item></ing>
        <ing>
          <amt>
            <qty>3</qty>
            <unit>teaspoons</unit></amt>
          <item>Fleischmann's Active Yeast</item></ing>
        <ing>
          <amt>
            <qty>1</qty>
            <unit>cup</unit></amt>
          <item>Sour Dill Brine</item></ing>
        <ing>
          <amt>
            <qty>3/4</qty>
            <unit>cups</unit></amt>
          <item>Water; warmed to 120 degrees</item></ing>
        <ing>
          <amt>
            <qty>2</qty>
            <unit>tablespoons</unit></amt>
          <item>Crisco</item></ing>
        <ing>
          <amt>
            <qty>2</qty>
            <unit>tablespoons</unit></amt>
          <item>Sugar</item></ing>
        <ing>
          <amt>
            <qty>1 1/2</qty>
            <unit>teaspoons</unit></amt>
          <item>Salt</item></ing>
        <ing>
          <amt>
            <qty>1</qty>
            <unit>tablespoon</unit></amt>
          <item>Dry Dill Weed</item></ing>
        <ing>
          <amt>
            <qty>1 1/2</qty>
            <unit>cups</unit></amt>
          <item>Med. Rye Flour</item></ing>
        <ing>
          <amt>
            <qty>1 1/2</qty>
            <unit>teaspoons</unit></amt>
          <item>Caraway Seeds</item></ing>
        <ing>
          <amt>
            <qty>1</qty>
            <unit/></amt>
          <item>Lg. Egg; room temp.</item></ing></ing-div></ingredients>
    <directions>
      <step>  I used my crock dill brine and decreased the salt from the original recipe
  which called for 2 ts. due to the high salt content of my brine. I forgot
  the egg that is called for! I used 3 ts. Active Dry Yeast instead of the 3
  pkg. called for in the conventional recipe. I warmed the brine and the
  water.
  
  From Gemini's MASSIVE MealMaster collection at www.synapse.com/~gemini
 
</step></directions></recipe></recipeml>
