<?xml version="1.0" encoding="UTF-8"?>

<recipeml version="0.5">
  <recipe>
    <head>
      <title>Adobe Chicken Stew</title>
      <categories>
        <cat>Soups &amp;</cat>
        <cat>Stews</cat></categories>
      <yield>4</yield></head>
    <ingredients>
      <ing>
        <amt>
          <qty>1</qty>
          <unit>tablespoon</unit></amt>
        <item>Vegetable oil</item></ing>
      <ing>
        <amt>
          <qty>1</qty>
          <unit>large</unit></amt>
        <item>Onion; chopped fine</item></ing>
      <ing>
        <amt>
          <qty>1</qty>
          <unit/></amt>
        <item>Clove garlic; chopped fine</item></ing>
      <ing>
        <amt>
          <qty>2</qty>
          <unit>cans</unit></amt>
        <item>(10 oz) tomatoes in juice</item></ing>
      <ing>
        <amt>
          <qty>2</qty>
          <unit>cups</unit></amt>
        <item>Cubed cooked chicken</item></ing>
      <ing>
        <amt>
          <qty>1</qty>
          <unit>cup</unit></amt>
        <item>Thawed frozen corn</item></ing>
      <ing>
        <amt>
          <qty>1</qty>
          <unit>teaspoon</unit></amt>
        <item>Ground cinnamon</item></ing>
      <ing>
        <amt>
          <qty>1</qty>
          <unit>teaspoon</unit></amt>
        <item>Salt</item></ing>
      <ing>
        <amt>
          <qty>1/4</qty>
          <unit>teaspoons</unit></amt>
        <item>Ground cloves</item></ing>
      <ing>
        <amt>
          <qty>1/4</qty>
          <unit>teaspoons</unit></amt>
        <item>Ground cumin</item></ing>
      <ing>
        <amt>
          <qty>1/8</qty>
          <unit>teaspoons</unit></amt>
        <item>Pepper</item></ing></ingredients>
    <directions>
      <step>  Heat oil in medium size pan over medium heat. Add onion, saute 3 minutes.
  Add garlic, saute 1 minute more. Add tomatoes with juice, chicken, corn,
  cinnamon, salt , cloves, cumin and pepper. Bring to boiling over medium
  high heat. Reduce heat to medium-low, simmer, uncovered for 20 minutes,
  stirring occasionally.
  
  Tootie's notes: 2 things you need to know, if you use tomatoes with salt
  added, leave out the salt, it is tooooo much salt for us. You either love
  or hate this stew. So, you may want to try this before you serve it for
  guest. We love it with tomato corn bread, sour cream dolloped on top and
  cheese fried sticks.
  
  Recipe by: Tootie's Special Recipe Collection
  
  Posted to TNT Recipes Digest, Vol 01, Nr 939 by LVFG53A@prodigy.com (MRS
  IRA M DENNIS) on Jan 14, 1998
 
</step></directions></recipe></recipeml>
