<?xml version="1.0" encoding="UTF-8"?>

<recipeml version="0.5">
  <recipe>
    <head>
      <title>Adobo Beef Salad with Apricot, Ginger and Hibiscus Salsa</title>
      <categories>
        <cat>Ethnic</cat>
        <cat>Meat</cat>
        <cat>Salad</cat></categories>
      <yield>4</yield></head>
    <ingredients>
      <ing-div>
        <title/>
        <ing>
          <amt>
            <qty>1</qty>
            <unit>tablespoon</unit></amt>
          <item>Vegetable oil</item></ing>
        <ing>
          <amt>
            <qty>2</qty>
            <unit/></amt>
          <item>Beef tenderloins; cleaned</item></ing>
        <ing>
          <amt>
            <qty>1/2</qty>
            <unit>cups</unit></amt>
          <item>Adobo sauce; see directions</item></ing></ing-div>
      <ing-div>
        <title>SALSA</title>
        <ing>
          <amt>
            <qty>1/2</qty>
            <unit>cups</unit></amt>
          <item>White wine</item></ing>
        <ing>
          <amt>
            <qty>1/4</qty>
            <unit>cups</unit></amt>
          <item>Sugar</item></ing>
        <ing>
          <amt>
            <qty>1/2</qty>
            <unit>cups</unit></amt>
          <item>Hibiscus flowers; dried</item></ing>
        <ing>
          <amt>
            <qty>1/2</qty>
            <unit>cups</unit></amt>
          <item>Ginger; peeled and diced</item></ing>
        <ing>
          <amt>
            <qty/>
            <unit/></amt>
          <item>Juice of 1 lemon</item></ing>
        <ing>
          <amt>
            <qty>2</qty>
            <unit>tablespoons</unit></amt>
          <item>Walnut oil</item></ing>
        <ing>
          <amt>
            <qty>2</qty>
            <unit/></amt>
          <item>Shallots; diced</item></ing>
        <ing>
          <amt>
            <qty>2</qty>
            <unit>cups</unit></amt>
          <item>Apricots; diced</item></ing>
        <ing>
          <amt>
            <qty>2</qty>
            <unit>tablespoons</unit></amt>
          <item>Basil; chopped</item></ing>
        <ing>
          <amt>
            <qty>2</qty>
            <unit>tablespoons</unit></amt>
          <item>Mint; chopped</item></ing>
        <ing>
          <amt>
            <qty>2</qty>
            <unit>teaspoons</unit></amt>
          <item>Sea salt</item></ing>
        <ing>
          <amt>
            <qty>1</qty>
            <unit>pound</unit></amt>
          <item>Mixed greens; cleaned</item></ing>
        <ing>
          <amt>
            <qty>1</qty>
            <unit>pound</unit></amt>
          <item>Baby vegetables; cut in halves length</item></ing>
        <ing>
          <amt>
            <qty>3</qty>
            <unit/></amt>
          <item>Basil sprigs</item></ing></ing-div></ingredients>
    <directions>
      <step>  1. Adobo sauce: Soak chiles in hot water for 15 minutes and puree.
  
  2. Marinate beef in adobo sauce and vegetable oil; keep refrigerated until
  ready to use.
  
  3. To make salsa, combine wine, sugar, hibiscus, ginger and lemon in a
  sauce pan and bring to a boil. Set aside and let ingredients steep for at
  least 15 minutes. Strain through a fine sieve without pressing, then and
  walnut oil, peaches, shallots, basil, mint and season with salt. Set aside.
  
  4. In a medium saute pan, at high heat, sear the beef for 45 seconds to 1
  minute on each side. While the beef is cooking in the oven, saute baby
  vegetables with basil sprigs in vegetable oil for 2 minutes and deglaze the
  pan with 1 ounce of vinaigrette. Divide greens in the center of each plate,
  place beef on top and spoon vegetables and salsa around beef and greens.
  
  Suggested Wine: Cakebread Sauvignon Blac Napa '92
  
  Recipe by: David Garrido of Jeffrey's, Austin, TX Posted to MC-Recipe
  Digest V1 #694 by Kathy Meade &lt;kmeade@idsonline.com&gt; on Jul 27, 1997
 
</step></directions></recipe></recipeml>
