<?xml version="1.0" encoding="UTF-8"?>

<recipeml version="0.5">
  <recipe>
    <head>
      <title>Adobe Bread</title>
      <categories>
        <cat>Bakery</cat>
        <cat>Breads</cat></categories>
      <yield>2</yield></head>
    <ingredients>
      <ing>
        <amt>
          <qty>1</qty>
          <unit>package</unit></amt>
        <item>Active dry yeast (1/4 oz)</item></ing>
      <ing>
        <amt>
          <qty>1/4</qty>
          <unit>cups</unit></amt>
        <item>Lukewarm water</item></ing>
      <ing>
        <amt>
          <qty>1</qty>
          <unit>teaspoon</unit></amt>
        <item>Salt</item></ing>
      <ing>
        <amt>
          <qty>3</qty>
          <unit>tablespoons</unit></amt>
        <item>Vegetable shortening, melted</item></ing>
      <ing>
        <amt>
          <qty>1</qty>
          <unit>cup</unit></amt>
        <item>Cold water</item></ing>
      <ing>
        <amt>
          <qty>4 1/2</qty>
          <unit>cups</unit></amt>
        <item>All purpose flour</item></ing></ingredients>
    <directions>
      <step>  In a large bowl, soften the yeast in the lukewarm water. Mix the salt, 2
  tablespoons of the shortening, and the cold water together and add to the
  yeast mixture. Sift in the flour gradually, beating well after each
  addition for a smooth consistency.  You will probably have to knead in the
  final cup of flour. Shape the dough into a ball, brish lightly with the
  remaining shortening, and cover with a dry cloth.  Set the bowl in a warm
  place until doubled in bulk, anout 1 hour. Punch the dough down and, on a
  floured board, knead about 5 minutes. Shape into 2 round loaves on a well
  greased baking sheet.  Cover with a dry cloth and set to rise another 45
  minutes. Preheat the oven to 400F. Bake the loaves on a cookie sheet 50
  minutes, until they are light brown and sound hollow when tapped.
 
</step></directions></recipe></recipeml>
