<?xml version="1.0" encoding="UTF-8"?>

<recipeml version="0.5">
  <recipe>
    <head>
      <title>Adobe Pie</title>
      <categories>
        <cat>None</cat></categories>
      <yield>1</yield></head>
    <ingredients>
      <ing>
        <amt>
          <qty>1 3/4</qty>
          <unit>cups</unit></amt>
        <item>Famous Chocolate Wafer Cookies, crumbled</item></ing>
      <ing>
        <amt>
          <qty>1/4</qty>
          <unit>cups</unit></amt>
        <item>Butter; melted</item></ing>
      <ing>
        <amt>
          <qty>1</qty>
          <unit>teaspoon</unit></amt>
        <item>Amaretto</item></ing>
      <ing>
        <amt>
          <qty>1</qty>
          <unit>pint</unit></amt>
        <item>Vanilla ice cream; softened</item></ing>
      <ing>
        <amt>
          <qty>1</qty>
          <unit>pint</unit></amt>
        <item>Coffee ice cream; softened</item></ing>
      <ing>
        <amt>
          <qty>2</qty>
          <unit>ounces</unit></amt>
        <item>Semisweet chocolate; grated</item></ing></ingredients>
    <directions>
      <step>  In a medium bowl place the cookie crumbs, melted butter, and Amaretto. Mix
  the ingredients toegher.
  
  Press the mixture into a buttered pie pan to form a pie shell.
  
  Preheat the oven to 350. Bake the pie crust for 6-8 minutes. Let it cool
  and then freeze it for 15 minutes.
  
  Spread the vanilla ice cream evenly over the bottom of the pie crust.
  
  Freeze the pie for 15 minutes or until the ice cream is firm.
  
  Spread the coffee ice cream on top of the vanilla ice cream.
  
  Sprinkle the chocolate shavings over the top and freeze.
  
  Posted to MM-Recipes Digest V4 #253 by Cindy Wysocki &lt;cysocki@trail.com&gt; on
  Sep 22, 1997
 
</step></directions></recipe></recipeml>
