<?xml version="1.0" encoding="UTF-8"?>

<recipeml version="0.5">
  <recipe>
    <head>
      <title>Adobo (Mexican Smoked Chile Marinade)</title>
      <categories>
        <cat>Sauce</cat></categories>
      <yield>1</yield></head>
    <ingredients>
      <ing>
        <amt>
          <qty>3</qty>
          <unit/></amt>
        <item>Oranges</item></ing>
      <ing>
        <amt>
          <qty>1</qty>
          <unit/></amt>
        <item>Lime (up to)</item></ing>
      <ing>
        <amt>
          <qty>3</qty>
          <unit/></amt>
        <item>Canned Chipotle chilies or to taste</item></ing>
      <ing>
        <amt>
          <qty>3</qty>
          <unit/></amt>
        <item>Cloves garlic</item></ing>
      <ing>
        <amt>
          <qty>2</qty>
          <unit>teaspoons</unit></amt>
        <item>Dried oregano</item></ing>
      <ing>
        <amt>
          <qty>1/2</qty>
          <unit>teaspoons</unit></amt>
        <item>Cumin seed</item></ing>
      <ing>
        <amt>
          <qty>1/2</qty>
          <unit>teaspoons</unit></amt>
        <item>Black pepper</item></ing>
      <ing>
        <amt>
          <qty>2</qty>
          <unit>tablespoons</unit></amt>
        <item>Wine vinegar</item></ing>
      <ing>
        <amt>
          <qty>1/2</qty>
          <unit>teaspoons</unit></amt>
        <item>Salt</item></ing></ingredients>
    <directions>
      <step>  From: Lawren.Freebody@salata.com (Lawren Freebody)
  
  Date: 23 Feb 96 15:34:02 -0800
  Source: FOODday, July 9, '91 From: Valerie Whittle
  
  This spicy marinade owes its unusual flavor to the chipotle, a smoked
  jalapeno chile. Chipotles are usually sold canned in tomato paste.  Look
  for them at Mexican and Latin American markets. Adobo marinade goes
  particularly well with pork.
  
  Juice the oranges and lime. Finely chop chilies and garlic. Place citrus
  juices, chilies, garlic, oregano, cumin, black pepper, vinegar and salt in
  blender and puree until smooth.
  
  Makes enough marinade for 1 1/2 to 2 pounds meat or chicken.
  
  MM-RECIPES@IDISCOVER.NET
  
  MEAL-MASTER RECIPES LIST SERVER
  
  From the MealMaster recipe list.  Downloaded from Glen's MM Recipe Archive,
  http://www.erols.com/hosey.
 
</step></directions></recipe></recipeml>
