<?xml version="1.0" encoding="UTF-8"?>

<recipeml version="0.5">
  <recipe>
    <head>
      <title>Adobo Tuna</title>
      <categories>
        <cat>Fish</cat>
        <cat>Lite</cat>
        <cat>Mexican</cat></categories>
      <yield>4</yield></head>
    <ingredients>
      <ing>
        <amt>
          <qty>1/3</qty>
          <unit>cups</unit></amt>
        <item>Fresh lime juice</item></ing>
      <ing>
        <amt>
          <qty>1/2</qty>
          <unit>teaspoons</unit></amt>
        <item>Dried oregano</item></ing>
      <ing>
        <amt>
          <qty>1/2</qty>
          <unit>teaspoons</unit></amt>
        <item>Ground cumin</item></ing>
      <ing>
        <amt>
          <qty>1/4</qty>
          <unit>teaspoons</unit></amt>
        <item>Salt</item></ing>
      <ing>
        <amt>
          <qty>4</qty>
          <unit/></amt>
        <item>Garlic cloves; minced</item></ing>
      <ing>
        <amt>
          <qty>4</qty>
          <unit/></amt>
        <item>Tuna (6-ounce) steaks; 1/2 thick, -6 ounces each</item></ing>
      <ing>
        <amt>
          <qty>1</qty>
          <unit>teaspoon</unit></amt>
        <item>Olive oil</item></ing>
      <ing>
        <amt>
          <qty>1</qty>
          <unit>teaspoon</unit></amt>
        <item>Cracked pepper</item></ing>
      <ing>
        <amt>
          <qty/>
          <unit/></amt>
        <item>Cooking spray</item></ing>
      <ing>
        <amt>
          <qty/>
          <unit/></amt>
        <item>Lime slices; optional</item></ing></ingredients>
    <directions>
      <step>  1. Combine first 5 ingredients in a large shallow dish; add fish, turning t
  o coat. Cover and marinate in refrigerator 1 hour, turning fish occasionall
  y. 2. Preheat broiler. Remove fish from dish, discarding marinade. Brush oi
  l over fish; sprinkle with pepper Place fish on broiler pan coated with coo
  king spray; broil 4 minutes or until medium-rare (do not turn). Garnish wit
  h lime slices, if desired.
  
  Yield: 4 servings (serving size: 1 steak).
  
  CALORIES 250 (33% from fat); FAT 9.3g (sat 2.2g, mono 3.5g, poly 2.5g); PRO
  TEIN 38.3g; CARB 1.1g; FIBER 0.2g; CHOL 63mg; IRON 1.9mg; SODIUM 123mg; CAL
  CIUM 6mg.
  
  Formatted for you by Gail Shermeyer &lt;4paws@netrax.net&gt;.
  
  Recipe by: Cooking Light Magazine, August 1997
  
  Posted to recipelu-digest by P&amp;S Gruenwald &lt;sitm@ne.infi.net&gt; on Mar 27,
  1998
 
</step></directions></recipe></recipeml>
