<?xml version="1.0" encoding="UTF-8"?>

<recipeml version="0.5">
  <recipe>
    <head>
      <title>Adobo</title>
      <categories>
        <cat>None</cat></categories>
      <yield>1</yield></head>
    <ingredients>
      <ing>
        <amt>
          <qty>12</qty>
          <unit/></amt>
        <item>Ancho chiles; wiped clean</item></ing>
      <ing>
        <amt>
          <qty>1/2</qty>
          <unit>cups</unit></amt>
        <item>White vinegar</item></ing>
      <ing>
        <amt>
          <qty>2</qty>
          <unit>cups</unit></amt>
        <item>Water</item></ing>
      <ing>
        <amt>
          <qty>1/4</qty>
          <unit>cups</unit></amt>
        <item>Olive oil</item></ing>
      <ing>
        <amt>
          <qty>2</qty>
          <unit>medium</unit></amt>
        <item>Onions; thinly sliced</item></ing>
      <ing>
        <amt>
          <qty>5</qty>
          <unit/></amt>
        <item>Garlic cloves; sliced</item></ing>
      <ing>
        <amt>
          <qty>1</qty>
          <unit>tablespoon</unit></amt>
        <item>Ground cumin</item></ing>
      <ing>
        <amt>
          <qty>4</qty>
          <unit>cups</unit></amt>
        <item>Chicken stock</item></ing>
      <ing>
        <amt>
          <qty>2</qty>
          <unit>tablespoons</unit></amt>
        <item>Brown sugar; firmly packed</item></ing>
      <ing>
        <amt>
          <qty>1/4</qty>
          <unit>cups</unit></amt>
        <item>Freshly squeezed orange juice</item></ing>
      <ing>
        <amt>
          <qty>1/4</qty>
          <unit>cups</unit></amt>
        <item>Freshly squeezed lemon juice</item></ing>
      <ing>
        <amt>
          <qty>2</qty>
          <unit>tablespoons</unit></amt>
        <item>Tomato paste</item></ing>
      <ing>
        <amt>
          <qty>1</qty>
          <unit>tablespoon</unit></amt>
        <item>Salt</item></ing>
      <ing>
        <amt>
          <qty>1/4</qty>
          <unit>teaspoons</unit></amt>
        <item>Freshly ground black pepper</item></ing></ingredients>
    <directions>
      <step>  TOO HOT TAMALES SHOW #TH6177
  
  Toast the chiles directly over a medium gas flame or in a castiron skillet
  until soft and brown, turning frequently to avoid scorching. Transfer the
  toasted chiles to a saucepan and add the vinegar and water. Bring to a
  boil, reduce to a simmer and cook 10 minutes to soften.
  
  Transfer the chiles and liquid to a blender or food processor. Puree until
  a smooth paste is formed, adding a tablespoon or two of water if necessary
  to thin. Set aside.
  
  Heat the olive oil in a medium saucepan over mediumhigh heat. Saute the
  onions until golden brown, 8 to 10 minutes. Stir in the garlic and cook
  briefly just to release the aroma. Then stir in the cumin and cook another
  minute. Add the chicken stock and reserved chile paste. Bring to a boil,
  reduce to a simmer and cook 20 minutes.
  
  Meanwhile, mix together the brown sugar, orange and lemon juices, tomato
  paste, salt and pepper to form a paste. Add to the simmering stock mixture
  and continue cooking another 15 minutes . Adobo can be stored in the
  refrigerator 1 week or frozen indefinitely.
  
  Yield: 1/2 quart
  
  Posted to recipelu-digest by molony &lt;molony@scsn.net&gt; on Feb 24, 1998
 
</step></directions></recipe></recipeml>
