<?xml version="1.0" encoding="UTF-8"?>

<recipeml version="0.5">
  <recipe>
    <head>
      <title>Adrak</title>
      <categories>
        <cat>Indian</cat>
        <cat>Vegetarian</cat>
        <cat>Soups</cat></categories>
      <yield>4</yield></head>
    <ingredients>
      <ing>
        <amt>
          <qty>2</qty>
          <unit>tablespoons</unit></amt>
        <item>Grated fresh ginger</item></ing>
      <ing>
        <amt>
          <qty>4</qty>
          <unit>cups</unit></amt>
        <item>Stock or water</item></ing>
      <ing>
        <amt>
          <qty>3/4</qty>
          <unit>teaspoons</unit></amt>
        <item>Salt</item></ing>
      <ing>
        <amt>
          <qty>1</qty>
          <unit>tablespoon</unit></amt>
        <item>Cumin seeds, toasted</item></ing>
      <ing>
        <amt>
          <qty>1/2</qty>
          <unit>teaspoons</unit></amt>
        <item>Black pepper</item></ing>
      <ing>
        <amt>
          <qty/>
          <unit/></amt>
        <item>Juice of one lemon</item></ing>
      <ing>
        <amt>
          <qty/>
          <unit/></amt>
        <item>Fresh coriander leaves</item></ing></ingredients>
    <directions>
      <step>  Put grated ginger &amp; stock into a pot &amp; bring to a boil. Simmer 30 minutes
  till the water has reduced by half. Add salt, cumin &amp; pepper. Simmer for
  another 2 minutes. Squeeze in lemon juice &amp; garnish with coriander.
  Excellent as a cold remedy &amp; as a starter to an Indian meal.
  
  From Gemini's MASSIVE MealMaster collection at www.synapse.com/~gemini
 
</step></directions></recipe></recipeml>
