<?xml version="1.0" encoding="UTF-8"?>

<recipeml version="0.5">
  <recipe>
    <head>
      <title>Adrienne Barbeau's Yams</title>
      <categories>
        <cat>Potatoes</cat>
        <cat>Fruits</cat></categories>
      <yield>18</yield></head>
    <ingredients>
      <ing>
        <amt>
          <qty>7</qty>
          <unit>pounds</unit></amt>
        <item>Yams; boil tender, cool; peel</item></ing>
      <ing>
        <amt>
          <qty>1/2</qty>
          <unit>cups</unit></amt>
        <item>Butter; divided use</item></ing>
      <ing>
        <amt>
          <qty>1</qty>
          <unit>pinch</unit></amt>
        <item>Salt</item></ing>
      <ing>
        <amt>
          <qty>1/2</qty>
          <unit>teaspoons</unit></amt>
        <item>Pepper</item></ing>
      <ing>
        <amt>
          <qty>1/3</qty>
          <unit>cups</unit></amt>
        <item>Honey</item></ing>
      <ing>
        <amt>
          <qty>1/2</qty>
          <unit>teaspoons</unit></amt>
        <item>Nutmeg</item></ing>
      <ing>
        <amt>
          <qty>1/3</qty>
          <unit>teaspoons</unit></amt>
        <item>Cinnamon</item></ing>
      <ing>
        <amt>
          <qty>3</qty>
          <unit/></amt>
        <item>Pippin or Granny Smith; apples -- peel, core,</item></ing>
      <ing>
        <amt>
          <qty/>
          <unit/></amt>
        <item>Thin</item></ing>
      <ing>
        <amt>
          <qty>1/4</qty>
          <unit>cups</unit></amt>
        <item>Butter; cut squares</item></ing>
      <ing>
        <amt>
          <qty/>
          <unit/></amt>
        <item>Mash yams with 1/4 c butter; salt and pepper.</item></ing>
      <ing>
        <amt>
          <qty/>
          <unit/></amt>
        <item>Melt 1/4 cup butter with</item></ing>
      <ing>
        <amt>
          <qty/>
          <unit/></amt>
        <item>Nutmeg and honey. Pour into bottom of</item></ing>
      <ing>
        <amt>
          <qty/>
          <unit/></amt>
        <item>Casserole and layer with apples. Add</item></ing>
      <ing>
        <amt>
          <qty/>
          <unit/></amt>
        <item>Mashed yams and top with cinnamon and 1/4</item></ing>
      <ing>
        <amt>
          <qty/>
          <unit/></amt>
        <item>Cup butter squares. Bake at 350~</item></ing>
      <ing>
        <amt>
          <qty/>
          <unit/></amt>
        <item>For 45 minutes until bubbling.</item></ing></ingredients>
    <directions>
      <step>  Posted to EAT-L Digest 11 October 96
  
  Date:    Sat, 12 Oct 1996 08:46:21 -0300
  
  From:    Betsy Burtis &lt;ebburtis@IX.NETCOM.COM&gt;
 
</step></directions></recipe></recipeml>
