<?xml version="1.0" encoding="UTF-8"?>

<recipeml version="0.5">
  <recipe>
    <head>
      <title>Adriatic Ravioli</title>
      <categories>
        <cat>Brenda</cat>
        <cat>Cookbook</cat>
        <cat>Pasta</cat>
        <cat>Vegetarian</cat></categories>
      <yield>4</yield></head>
    <ingredients>
      <ing>
        <amt>
          <qty>1</qty>
          <unit>pound</unit></amt>
        <item>Asparagus; fresh</item></ing>
      <ing>
        <amt>
          <qty>1</qty>
          <unit>pound</unit></amt>
        <item>Cheese ravioli; small, frozen</item></ing>
      <ing>
        <amt>
          <qty>5</qty>
          <unit>tablespoons</unit></amt>
        <item>Butter; or margarine</item></ing>
      <ing>
        <amt>
          <qty>1</qty>
          <unit>large</unit></amt>
        <item>Red bell pepper; seeded and cut into thin, 2-inch-long strips (1 cup)</item></ing>
      <ing>
        <amt>
          <qty>1/2</qty>
          <unit>pounds</unit></amt>
        <item>Mushrooms; thinly sliced (about 2 cups)</item></ing>
      <ing>
        <amt>
          <qty>4</qty>
          <unit>large</unit></amt>
        <item>Garlic cloves; peeled and minced</item></ing>
      <ing>
        <amt>
          <qty>3</qty>
          <unit>tablespoons</unit></amt>
        <item>Unbleached white flour</item></ing>
      <ing>
        <amt>
          <qty>2 1/2</qty>
          <unit>cups</unit></amt>
        <item>Milk</item></ing>
      <ing>
        <amt>
          <qty>1/4</qty>
          <unit>teaspoons</unit></amt>
        <item>Salt</item></ing>
      <ing>
        <amt>
          <qty>1</qty>
          <unit>teaspoon</unit></amt>
        <item>Paprika; plus additional for garnish</item></ing>
      <ing>
        <amt>
          <qty>1</qty>
          <unit>tablespoon</unit></amt>
        <item>Dijon mustard</item></ing>
      <ing>
        <amt>
          <qty>1/4</qty>
          <unit>cups</unit></amt>
        <item>Fresh basil; chopped</item></ing>
      <ing>
        <amt>
          <qty>1/2</qty>
          <unit>cups</unit></amt>
        <item>Romano cheese; (2 ounces), finely grated</item></ing>
      <ing>
        <amt>
          <qty/>
          <unit/></amt>
        <item>Pepper</item></ing>
      <ing>
        <amt>
          <qty/>
          <unit/></amt>
        <item>Finely grated Parmesan cheese for serving</item></ing></ingredients>
    <directions>
      <step>  Put a large pot of water on to boil. Snap off and discard the tough
  asparagus ends, and cut the stalks into 1-inch pieces. You will have about
  3 cups of asparagus. Steam until barely tender, 6 to 8 minutes, and set
  aside.
  
  Begin cooking the ravioli, stirring occasionally.
  
  Melt 1 tablespoon of the butter in a skillet over medium heat. Saute' the
  red pepper, mushrooms, and garlic until tender, 3 to 4 minutes. Remove the
  pan from the heat.
  
  Melt the remaining 4 tablespoons butter in a large, heavy saucepan over
  medium heat. Whisk in the flour, and let it cook for a minute or two.
  Slowly pour in the milk, whisking constantly until thickened, about 3 to 5
  minutes.
  
  Add the salt, paprika, mustard, basil, Romano cheese, and pepper to taste
  stirring until the cheese is melted. Reduce the heat to very low, and stir
  in the sauteed vegetables.
  
  When the ravioli is tender and begins to float , after about 10 to 12
  minutes, drain it well, and transfer it to a large serving bowl.
  
  Pour on the sauce, and toss gently.  Garnish with paprika, and serve with
  Parmesan on the side.
  
  Tender ravioli, asparagus, and mushrooms tossed with a Dijon and basil
  cheese sauce make for this elegant entree, named for Italy's beautiful
  Adriatic coast. 4 servings
  
  Ginny Callan, Beyond The Moon Cookbook, more vegetarian recipes from the
  author of Horn of the Moon cookbook Adapted for Mastercook software by
  Brenda Adams &lt;adamsfmle@sprintmail.com&gt;
  Recipe By     : Ginny Callan, Beyond the Moon Cookbook
  
  Posted to MC-Recipe Digest V1 #259
  
  Date: Fri, 25 Oct 1996 23:38:25 -0700
  
  From: Brenda Adams &lt;adamsfmle@sprintmail.com&gt;
 
</step></directions></recipe></recipeml>
