<?xml version="1.0" encoding="UTF-8"?>

<recipeml version="0.5">
  <recipe>
    <head>
      <title>Adriatic Spaghetti (Spaghetti Dell'adriatico)</title>
      <categories>
        <cat>Italian</cat>
        <cat>Seafood</cat>
        <cat>Ceideburg 2</cat></categories>
      <yield>4</yield></head>
    <ingredients>
      <ing>
        <amt>
          <qty>1</qty>
          <unit>small</unit></amt>
        <item>Octopus (about 3 1/4 pounds)</item></ing>
      <ing>
        <amt>
          <qty>1/2</qty>
          <unit>cups</unit></amt>
        <item>Olive oil</item></ing>
      <ing>
        <amt>
          <qty/>
          <unit>pinches</unit></amt>
        <item>Rosemary</item></ing>
      <ing>
        <amt>
          <qty>1</qty>
          <unit/></amt>
        <item>Bay leaf</item></ing>
      <ing>
        <amt>
          <qty/>
          <unit>pinches</unit></amt>
        <item>Oregano</item></ing>
      <ing>
        <amt>
          <qty>1</qty>
          <unit>teaspoon</unit></amt>
        <item>Cumin seeds</item></ing>
      <ing>
        <amt>
          <qty/>
          <unit/></amt>
        <item>Chopped parsley</item></ing>
      <ing>
        <amt>
          <qty>1</qty>
          <unit/></amt>
        <item>Green chili pepper chopped</item></ing>
      <ing>
        <amt>
          <qty>1/2</qty>
          <unit>pounds</unit></amt>
        <item>Tomatoes, peeled and cut in strips</item></ing>
      <ing>
        <amt>
          <qty>3</qty>
          <unit/></amt>
        <item>Cloves garlic, (inner buds removed), chopped</item></ing>
      <ing>
        <amt>
          <qty/>
          <unit/></amt>
        <item>Salt and pepper</item></ing>
      <ing>
        <amt>
          <qty>1</qty>
          <unit>pound</unit></amt>
        <item>Spaghetti</item></ing></ingredients>
    <directions>
      <step>  The octopus must be very carefully washed and dried, and the mouth
  removed. Cover the bottom of a saucepan with oil; add the rosemary,
  bay leaf oregano, cumin seeds, parley, chili pepper, tomatoes and
  chopped garlic. Place the octopus on top of this mixture and season
  with salt and pepper. Cover the pot very tightly and simmer for about
  45 minutes. Cook the spaghetti in plenty of boiling salted water
  until it is 'al dente' (firm to the bite).  Drain and turn onto a
  warm serving dish.  Mix the octopus sauce into the spaghetti.  Serve
  piping hot.
  
  From "Feast of Italy", translated from the Italian edition published
  by Arnoldo Mondadori Editore, 1973.  Consulting Chef, Giorgio Gioco.
  Thomas Crowell, New York.  ISBN 0-690-00059-6
  
  Serves 4 to 6.
  
  Posted by Stephen Ceideberg; September 7 1992.
  
  File ftp://ftp.idiscover.co.uk/pub/food/mealmaster/recipes/cberg2.zip
 
</step></directions></recipe></recipeml>
