<?xml version="1.0" encoding="UTF-8"?>

<recipeml version="0.5">
  <recipe>
    <head>
      <title>Adriatic Squid Salad</title>
      <categories>
        <cat>Salads</cat>
        <cat>Seafood</cat>
        <cat>Vegetables</cat></categories>
      <yield>8</yield></head>
    <ingredients>
      <ing>
        <amt>
          <qty>1</qty>
          <unit>pound</unit></amt>
        <item>Small</item></ing>
      <ing>
        <amt>
          <qty/>
          <unit/></amt>
        <item>Cleaned</item></ing>
      <ing>
        <amt>
          <qty>16</qty>
          <unit>ounces</unit></amt>
        <item>Can</item></ing>
      <ing>
        <amt>
          <qty/>
          <unit/></amt>
        <item>Rinsed &amp; drained</item></ing>
      <ing>
        <amt>
          <qty>2</qty>
          <unit>medium</unit></amt>
        <item>Italian tomatoes -- coarsely</item></ing>
      <ing>
        <amt>
          <qty/>
          <unit/></amt>
        <item>Chopped</item></ing>
      <ing>
        <amt>
          <qty>1</qty>
          <unit>cup</unit></amt>
        <item>Celery -- in 1/2" slices</item></ing>
      <ing>
        <amt>
          <qty>1</qty>
          <unit>cup</unit></amt>
        <item>Red  bell pepper -- in 1/4"</item></ing>
      <ing>
        <amt>
          <qty/>
          <unit/></amt>
        <item>Slices</item></ing>
      <ing>
        <amt>
          <qty>1/2</qty>
          <unit>cups</unit></amt>
        <item>Red onions -- thinly sliced</item></ing>
      <ing>
        <amt>
          <qty>1/4</qty>
          <unit>cups</unit></amt>
        <item>Chopped cilantro -- fresh</item></ing>
      <ing>
        <amt>
          <qty>1/4</qty>
          <unit>cups</unit></amt>
        <item>Chopped parsley -- fresh</item></ing>
      <ing>
        <amt>
          <qty>1/4</qty>
          <unit>teaspoons</unit></amt>
        <item>Salt</item></ing>
      <ing>
        <amt>
          <qty>1/4</qty>
          <unit>teaspoons</unit></amt>
        <item>Pepper</item></ing>
      <ing>
        <amt>
          <qty/>
          <unit/></amt>
        <item>Lemon Olive Oil Dressing-</item></ing>
      <ing>
        <amt>
          <qty>5</qty>
          <unit>tablespoons</unit></amt>
        <item>Good olive oil</item></ing>
      <ing>
        <amt>
          <qty>3</qty>
          <unit>tablespoons</unit></amt>
        <item>Fresh lemon or lime juice</item></ing>
      <ing>
        <amt>
          <qty>2</qty>
          <unit>tablespoons</unit></amt>
        <item>White vinegar</item></ing>
      <ing>
        <amt>
          <qty>1</qty>
          <unit/></amt>
        <item>Clove garlic -- minced</item></ing>
      <ing>
        <amt>
          <qty>1/2</qty>
          <unit>teaspoons</unit></amt>
        <item>Dried mint</item></ing>
      <ing>
        <amt>
          <qty>1/2</qty>
          <unit>teaspoons</unit></amt>
        <item>Dried basil</item></ing>
      <ing>
        <amt>
          <qty/>
          <unit/></amt>
        <item>Squid tubes -- carrot size,</item></ing>
      <ing>
        <amt>
          <qty/>
          <unit/></amt>
        <item>Dark red kidney beans --</item></ing></ingredients>
    <directions>
      <step>  Cut squid tubes in 1/4-3/8" rings. Cut tentacles into two inch pieces. Be
  creative with the rest, you will know when you get to it. Rinse and set
  aside. Place water in two quart pot. Bring to a boil. Cook squid about 10
  minutes from the time it is place in boiling water. Done when firm. Drain
  and cool Put in a bowl with ice cubes if in a hurry. In a large serving
  bowl add all vegetable ingredients. Toss with Lemon Oil Dressing. When
  squid is cool, add and toss in the salad. Cover and place in refrigerator.
  Can be made one day in advance. Better when made ahead. Lemon-Olive Oil
  Dressing Place all dressing ingredients in a jar with secure lid. Shake
  vigorously. Makes 2/3 cup dressing.
  
  Recipe By     : Merengo/AOL
  
  From: Ladies Home Journal- August 1991
  
  File ftp://ftp.idiscover.co.uk/pub/food/mealmaster/recipes/mmdja006.zip
 
</step></directions></recipe></recipeml>
