<?xml version="1.0" encoding="UTF-8"?>

<recipeml version="0.5">
  <recipe>
    <head>
      <title>Advocaat Torte</title>
      <categories>
        <cat>Cakes</cat>
        <cat>Pies</cat>
        <cat>Desserts</cat></categories>
      <yield>1</yield></head>
    <ingredients>
      <ing>
        <amt>
          <qty>80</qty>
          <unit>grams</unit></amt>
        <item>Butter or Margarine</item></ing>
      <ing>
        <amt>
          <qty>80</qty>
          <unit>grams</unit></amt>
        <item>Sugar</item></ing>
      <ing>
        <amt>
          <qty>1</qty>
          <unit/></amt>
        <item>Vanilla Sugar</item></ing>
      <ing>
        <amt>
          <qty>6</qty>
          <unit/></amt>
        <item>Egg Yolks</item></ing>
      <ing>
        <amt>
          <qty>200</qty>
          <unit>grams</unit></amt>
        <item>Ground Almonds</item></ing>
      <ing>
        <amt>
          <qty>1</qty>
          <unit>teaspoon</unit></amt>
        <item>Baking Powder</item></ing>
      <ing>
        <amt>
          <qty>100</qty>
          <unit>grams</unit></amt>
        <item>Half-Bitter Baking Chocolate</item></ing>
      <ing>
        <amt>
          <qty>1</qty>
          <unit>tablespoon</unit></amt>
        <item>Rum</item></ing>
      <ing>
        <amt>
          <qty>1</qty>
          <unit>tablespoon</unit></amt>
        <item>Brandy</item></ing>
      <ing>
        <amt>
          <qty>6</qty>
          <unit/></amt>
        <item>Whites of Eggs</item></ing>
      <ing>
        <amt>
          <qty>1/2</qty>
          <unit>liters</unit></amt>
        <item>Whipping Cream</item></ing>
      <ing>
        <amt>
          <qty>100</qty>
          <unit>grams</unit></amt>
        <item>Egg Liquer</item></ing>
      <ing>
        <amt>
          <qty>100</qty>
          <unit>grams</unit></amt>
        <item>Chocolate Crumbs</item></ing></ingredients>
    <directions>
      <step>  Cream butter or margarine. Add sugar and vanilla sugar little at a time.
  Mix in egg-yolks. Mix almonds with baking powder and stir together with the
  chocolate into the dough. Add rum and brandy. Beat the egg-whites until
  stiff and stir carefully into the dough.
  
  Fill the dough into a round baking-form covered with baking-paper (paper
  that prevents sticking). Bake it in a preheated oven for about 60 minutes
  at 175C
  
  Let it cool down (or out?).
  
  Whip cream until stiff and put onto the cooled cake. Pour egg liquer over
  it.
  
  Decorate the torte with some cream and sprinkel it with the chocolate
  crumbs.
  
  Cal altogether : 5539 (bet those are Kcal!) carbon hydrates: 287 g fat/
  protein   : 429 / 103 g
  
  The original recipe called for 2 envelopes of cream hardener. That stuff
  helps to get the cream get hard more quickly and staying so longer.
  Unfortunately I don't know what it consists of.
  
  From Gemini's MASSIVE MealMaster collection at www.synapse.com/~gemini
 
</step></directions></recipe></recipeml>
