<?xml version="1.0" encoding="UTF-8"?>

<recipeml version="0.5">
  <recipe>
    <head>
      <title>Advocaat (Dutch Eggnog)</title>
      <categories>
        <cat>Alcohol</cat>
        <cat>Holidays</cat>
        <cat>Beverages</cat></categories>
      <yield>12</yield></head>
    <ingredients>
      <ing>
        <amt>
          <qty>10</qty>
          <unit/></amt>
        <item>Eggs</item></ing>
      <ing>
        <amt>
          <qty>1/2</qty>
          <unit/></amt>
        <item>Level teaspoon salt</item></ing>
      <ing>
        <amt>
          <qty>275</qty>
          <unit>grams</unit></amt>
        <item>Sugar</item></ing>
      <ing>
        <amt>
          <qty>4</qty>
          <unit>deciliters</unit></amt>
        <item>Cognac</item></ing>
      <ing>
        <amt>
          <qty>1</qty>
          <unit/></amt>
        <item>1/2 level teaspoons vanilla essence (extract, I think)</item></ing></ingredients>
    <directions>
      <step>  Separate the eggs and beat the yolks with the salt and the sugar, until the
  mixture is thick and creamy. Beat in the cognac, very slowly and put the
  mixture into a double saucepan. Heat gently, whisking all the time until
  the advocaat is warm (not hot) and thick. Remove the pan from the heat and
  stir in the vanilla essence. Pour into a jug. Advocaat is served in a glass
  and eaten with a teaspoon. It can also be topped with whipped cream.
  
  Also, might I add, that advocaat is nothing like the eggnog here in
  America...it is thick and creamy---not foamy at all. Boy, is Advocaat
  delicious!
  
  (I usually get a bottle of it from the Dutch-America store and skip the
  above...:)
  
  This delicious Dutch drink is actually eaten with a spoon!
  
  One more from FROM HOLLAND WITH LOVE...the Dutch National drink!!&lt;&lt;GRIN&gt;&gt;
  
  Food &amp; Wine RT [*] Category 6, Topic 33 Message 6 Mon Jan 04, 1993 J.BOLLER
  [Jacquie]           at 21:29 EST
  
  MM by QBTOMM and Sylvia Steiger, GEnie THE.STEIGERS, CI$ 71511,2253, GT
  Cookbook echo moderator at net/node 004/005
 
</step></directions></recipe></recipeml>
