<?xml version="1.0" encoding="UTF-8"?>

<recipeml version="0.5">
  <recipe>
    <head>
      <title>Adzuki Bean Stew</title>
      <categories>
        <cat>Main dish</cat>
        <cat>Vegetables</cat></categories>
      <yield>4</yield></head>
    <ingredients>
      <ing-div>
        <title/>
        <ing>
          <amt>
            <qty>4</qty>
            <unit>ounces</unit></amt>
          <item>Adzuki beans soaked overnight</item></ing>
        <ing>
          <amt>
            <qty>2</qty>
            <unit>ounces</unit></amt>
          <item>Margarine</item></ing>
        <ing>
          <amt>
            <qty>1</qty>
            <unit/></amt>
          <item>Onion; chopped</item></ing>
        <ing>
          <amt>
            <qty>2</qty>
            <unit/></amt>
          <item>Garlic cloves; crushed</item></ing>
        <ing>
          <amt>
            <qty>1</qty>
            <unit>pound</unit></amt>
          <item>Leeks; trimmed, washed well &amp; sliced</item></ing>
        <ing>
          <amt>
            <qty>1</qty>
            <unit/></amt>
          <item>Carrot; diced</item></ing>
        <ing>
          <amt>
            <qty>8</qty>
            <unit>ounces</unit></amt>
          <item>Mushrooms; wiped &amp; sliced</item></ing>
        <ing>
          <amt>
            <qty>1</qty>
            <unit>tablespoon</unit></amt>
          <item>Hungarian paprika, sweet</item></ing>
        <ing>
          <amt>
            <qty>1</qty>
            <unit>pinch</unit></amt>
          <item>Cayenne pepper; to taste</item></ing>
        <ing>
          <amt>
            <qty>2</qty>
            <unit>tablespoons</unit></amt>
          <item>Wholewheat flour</item></ing>
        <ing>
          <amt>
            <qty>1/2</qty>
            <unit>pints</unit></amt>
          <item>Vegetable stock</item></ing>
        <ing>
          <amt>
            <qty>1</qty>
            <unit>tablespoon</unit></amt>
          <item>Soy sauce</item></ing>
        <ing>
          <amt>
            <qty>1</qty>
            <unit>tablespoon</unit></amt>
          <item>Tomato paste</item></ing>
        <ing>
          <amt>
            <qty>1</qty>
            <unit>pound</unit></amt>
          <item>Chopped tomatoes</item></ing>
        <ing>
          <amt>
            <qty/>
            <unit/></amt>
          <item>Salt &amp; pepper; to taste</item></ing>
        <ing>
          <amt>
            <qty/>
            <unit/></amt>
          <item>Parsley; chopped, to garnish</item></ing></ing-div>
      <ing-div>
        <title>DUMPLINGS</title>
        <ing>
          <amt>
            <qty>4</qty>
            <unit>ounces</unit></amt>
          <item>Wholewheat flour</item></ing>
        <ing>
          <amt>
            <qty>1/4</qty>
            <unit>teaspoons</unit></amt>
          <item>Salt</item></ing>
        <ing>
          <amt>
            <qty>1</qty>
            <unit>ounce</unit></amt>
          <item>Margarine</item></ing>
        <ing>
          <amt>
            <qty>3</qty>
            <unit>tablespoons</unit></amt>
          <item>Parsley, half if using dried</item></ing>
        <ing>
          <amt>
            <qty>3</qty>
            <unit>fluid ounces</unit></amt>
          <item>Water (or milk if preferred) OR- less, as needed</item></ing></ing-div></ingredients>
    <directions>
      <step>  Drain the beans &amp; cover with fresh water.  Bring to a boil &amp; simmer till
  tender, about 35 minutes.  Drain, reserving the liquid. Heat margarine in a
  large pot. Add the onion &amp; cook until transparent. Add the garlic, leeks,
  carrot &amp; mushrooms &amp; cook gently for 4 to 5 minutes. Stir in the paprika,
  pepper &amp; flour. Add stock, soy sauce, tomato paste, tomatoes &amp; salt &amp;
  pepper.  Bring to a boil, cover &amp; simmer gently for 10 minutes. Stir in the
  beans &amp; bring back to a boil. Add the dumplings. Cover with a tight fitting
  lid &amp; simmer for 20-25 minutes very gently to prevent burning. Sprinkle
  generously with parsley before serving. FOR DUMPLINGS: Put the flour &amp; salt
  into a bowl. Rub in margarine till it resembles fine breadcrumbs. Stir in
  parsley.  Add just enough liquid to make a firm dough. Divide into 8 pieces
  &amp; shape into dumplings. Serves 4 to 6.
  
  From Gemini's MASSIVE MealMaster collection at www.synapse.com/~gemini
 
</step></directions></recipe></recipeml>
