<?xml version="1.0" encoding="UTF-8"?>

<recipeml version="0.5">
  <recipe>
    <head>
      <title>Aebleskiver #2</title>
      <categories>
        <cat>Bread</cat></categories>
      <yield>6</yield></head>
    <ingredients>
      <ing>
        <amt>
          <qty>250</qty>
          <unit/></amt>
        <item>Grams flour</item></ing>
      <ing>
        <amt>
          <qty>1/2</qty>
          <unit/></amt>
        <item>Liter buttermilk</item></ing>
      <ing>
        <amt>
          <qty>1/2</qty>
          <unit>teaspoons</unit></amt>
        <item>Baking soda</item></ing>
      <ing>
        <amt>
          <qty>2</qty>
          <unit/></amt>
        <item>Eggs</item></ing>
      <ing>
        <amt>
          <qty>25</qty>
          <unit/></amt>
        <item>Grams sugar</item></ing></ingredients>
    <directions>
      <step>   A couple of months back there was a discussion on how to make Aebleskiver.
  As a lover of Aebleskiver it really hurt me to see how "distorted" some of
  these reci pes were. So when I bought the book "Mad", by Ingeborg Suhr from
  1942 I decided to enlighten you poor netters.  The following three recipes
  are from the country where Aebleskiver originated and are the "real thing".
  Although Ingeborg Suhr does not say anything about it I would suggest
  serving with either sifted confectioners sugar, blackberry jam or both. At
  Christmas I would suggest serving with glogg.
  
   Sift baking soda with flour. Mix all ingredients cold.  Bake immediately
  (see Aebleskiver #1).  Fill holes in pan completely.
  
  U920424@DAIMI.AAU.DK
  
  (MADS H|JBJERG TOFTUM)
  
  REC.FOOD.RECIPES
  
  From rec.food.cooking archives.  Downloaded from Glen's MM Recipe Archive,
  http://www.erols.com/hosey.
 
</step></directions></recipe></recipeml>
