<?xml version="1.0" encoding="UTF-8"?>

<recipeml version="0.5">
  <recipe>
    <head>
      <title>Aegean Casserole From Lhj</title>
      <categories>
        <cat>Pasta</cat></categories>
      <yield>8</yield></head>
    <ingredients>
      <ing-div>
        <title>WHITE SAUCE</title>
        <ing>
          <amt>
            <qty>4</qty>
            <unit>cups</unit></amt>
          <item>Milk</item></ing>
        <ing>
          <amt>
            <qty>1/4</qty>
            <unit>cups</unit></amt>
          <item>Butter or margarine</item></ing>
        <ing>
          <amt>
            <qty>2/3</qty>
            <unit>cups</unit></amt>
          <item>All-purpose flour</item></ing>
        <ing>
          <amt>
            <qty>1/2</qty>
            <unit/></amt>
          <item>Bay leaf</item></ing>
        <ing>
          <amt>
            <qty>1</qty>
            <unit>teaspoon</unit></amt>
          <item>Salt</item></ing>
        <ing>
          <amt>
            <qty>1/3</qty>
            <unit>cups</unit></amt>
          <item>Grated Parmesan cheese</item></ing></ing-div>
      <ing-div>
        <title>CASSEROLE</title>
        <ing>
          <amt>
            <qty>6</qty>
            <unit>cups</unit></amt>
          <item>Eggplant; finely diced</item></ing>
        <ing>
          <amt>
            <qty>2</qty>
            <unit>teaspoons</unit></amt>
          <item>Salt; divided</item></ing>
        <ing>
          <amt>
            <qty>1</qty>
            <unit>tablespoon</unit></amt>
          <item>Olive oil; plus 1 teaspoon</item></ing>
        <ing>
          <amt>
            <qty>1</qty>
            <unit>cup</unit></amt>
          <item>Finely chopped onion</item></ing>
        <ing>
          <amt>
            <qty>2</qty>
            <unit>teaspoons</unit></amt>
          <item>Minced garlic</item></ing>
        <ing>
          <amt>
            <qty>1/2</qty>
            <unit>teaspoons</unit></amt>
          <item>Cinnamon</item></ing>
        <ing>
          <amt>
            <qty>1</qty>
            <unit>pinch</unit></amt>
          <item>Ground red pepper</item></ing>
        <ing>
          <amt>
            <qty>1</qty>
            <unit>pound</unit></amt>
          <item>Lean ground beef</item></ing>
        <ing>
          <amt>
            <qty>1/2</qty>
            <unit>teaspoons</unit></amt>
          <item>Dried mint flakes</item></ing>
        <ing>
          <amt>
            <qty>1/2</qty>
            <unit>teaspoons</unit></amt>
          <item>Freshly ground pepper</item></ing>
        <ing>
          <amt>
            <qty>1/4</qty>
            <unit>cups</unit></amt>
          <item>Tomato paste</item></ing>
        <ing>
          <amt>
            <qty>28</qty>
            <unit>ounces</unit></amt>
          <item>Tomatoes; canned</item></ing>
        <ing>
          <amt>
            <qty>1/3</qty>
            <unit>cups</unit></amt>
          <item>Chopped fresh flat-leaf parsley</item></ing>
        <ing>
          <amt>
            <qty>16</qty>
            <unit>ounces</unit></amt>
          <item>Ziti pasta; cooked as directed</item></ing></ing-div></ingredients>
    <directions>
      <step>  1. Make White Sauce: Bring milk to boil in medium saucepan over high heat.
  Melt butter in large, heavy saucepan over medium heat. Add flour and cook,
  whisking, 1 minute. Gradually whisk in milk, bay leaf and salt; bring to
  boil, whisking. Reduce heat and simmer, stirring, 10 minutes. Remove from
  heat. Discard bay leaf and stir in Parmesan.
  
  2. Toss eggplant with 1 teaspoon salt; drain in colander 30 minutes. Pat
  dry. Heat 1 tablespoon oil in large skillet over medium-high heat. Add
  eggplant and cook, stirring, until tender, 10 to 15 minutes.
  
  3. Heat oven to 375°F. Add remaining 1 teaspoon oil to skillet. Add onions
  and cook until tender, 5 minutes. Stir in garlic, cinnamon and red pepper;
  cook 15 seconds. Add meat, mint, remaining 1 teaspoon salt and the pepper;
  cook, stirring, until meat is no longer pink. Add tomato paste and
  tomatoes, breaking up tomatoes with spoon. Add eggplant and bring to
  simmer; simmer 10 minutes. Remove from heat and stir in parsley.
  
  4. Transfer cooked ziti to large bowl and stir in 1 cup White Sauce. Spread
  half the ziti in bottom of deep 5-quart casserole. Spoon on filling, then
  remaining ziti and White Sauce. Bake uncovered 25 to 35 minutes, until
  bubbly and browned.
  
  Prep Time: 1 hour Baking Time: 25 to 35 minutes Degree of Difficulty:
  Moderate (C) Copyright 1997, Meredith Corporation, All Rights Reserved.
  
  NOTES : We combined the flavors of our favorite Greek specialties--moussaka
  and pastitsio--to create a new classic.
  
  Recipe by: Ladies Home Journal
  
  Posted to MC-Recipe Digest V1 #942 by "abprice@wf.net" &lt;abprice@wf.net&gt; on
  Dec 2, 1997
 
</step></directions></recipe></recipeml>
