<?xml version="1.0" encoding="UTF-8"?>

<recipeml version="0.5">
  <recipe>
    <head>
      <title>Aegean Salad</title>
      <categories>
        <cat>None</cat></categories>
      <yield>1</yield></head>
    <ingredients>
      <ing-div>
        <title>LIME VINAIGRETTE</title>
        <ing>
          <amt>
            <qty>1</qty>
            <unit>large</unit></amt>
          <item>Garlic clove; crushed</item></ing>
        <ing>
          <amt>
            <qty>1/2</qty>
            <unit>cups</unit></amt>
          <item>Olive oil</item></ing>
        <ing>
          <amt>
            <qty>1/4</qty>
            <unit>cups</unit></amt>
          <item>Lime juice</item></ing>
        <ing>
          <amt>
            <qty>1/4</qty>
            <unit>cups</unit></amt>
          <item>Dill weed</item></ing></ing-div>
      <ing-div>
        <title>SALAD</title>
        <ing>
          <amt>
            <qty>1</qty>
            <unit>cup</unit></amt>
          <item>Raw brown rice; cooked and cooled</item></ing>
        <ing>
          <amt>
            <qty>1/3</qty>
            <unit>cups</unit></amt>
          <item>Chopped scallions</item></ing>
        <ing>
          <amt>
            <qty>1</qty>
            <unit>medium</unit></amt>
          <item>Cucumber; peeled and very coarsly chopped</item></ing>
        <ing>
          <amt>
            <qty>1/3</qty>
            <unit>cups</unit></amt>
          <item>Fresh parsley sprigs; packed</item></ing>
        <ing>
          <amt>
            <qty>1/2</qty>
            <unit>pounds</unit></amt>
          <item>Feta cheese; crumbled</item></ing>
        <ing>
          <amt>
            <qty/>
            <unit/></amt>
          <item>Fresh-ground pepper to taste</item></ing></ing-div></ingredients>
    <directions>
      <step>  This is a recipe I found on Mimi's Cyberkitchen page. I made it for
  Christmas dinner on Thursday. It is really, really good -- it also tastes
  just as good the next day (if there's any left). The only change I made was
  to use slivers of red onion because I didn't have any scallions. The feta
  cheese is essential, I think.
  
  1.Mix all the ingredients for the vinaigrette and reserve.
  
  2.Combine all the ingredients for the salad.
  
  3.Add the vinaigrette and mix thoroughly.
  
  The vinaigrette can be added well in advance of serving.
  
  Yield: 6 servings
  
  Posted to FOODWINE Digest  by Lyn Belisle &lt;belisle@TENET.EDU&gt; on Dec 27,
  1997
 
</step></directions></recipe></recipeml>
