<?xml version="1.0" encoding="UTF-8"?>

<recipeml version="0.5">
  <recipe>
    <head>
      <title>Aepfelkratzet (Apple Scramble)</title>
      <categories>
        <cat>German</cat></categories>
      <yield>4</yield></head>
    <ingredients>
      <ing>
        <amt>
          <qty>250</qty>
          <unit>grams</unit></amt>
        <item>Flour (2 cups plus 3 1/2 Tbsp)</item></ing>
      <ing>
        <amt>
          <qty>3</qty>
          <unit/></amt>
        <item>To 4 eggs</item></ing>
      <ing>
        <amt>
          <qty>3/8</qty>
          <unit>liters</unit></amt>
        <item>Milk (1 1/2 cups plus 1 1/2 Tbsp)</item></ing>
      <ing>
        <amt>
          <qty>1</qty>
          <unit>dash</unit></amt>
        <item>Salt</item></ing>
      <ing>
        <amt>
          <qty/>
          <unit/></amt>
        <item>Sugar to taste</item></ing>
      <ing>
        <amt>
          <qty>3</qty>
          <unit/></amt>
        <item>Apples, peeled, cored, and sliced</item></ing>
      <ing>
        <amt>
          <qty>100</qty>
          <unit>grams</unit></amt>
        <item>Butter (7 Tbsp)</item></ing>
      <ing>
        <amt>
          <qty/>
          <unit/></amt>
        <item>Sugar for dusting</item></ing></ingredients>
    <directions>
      <step>  From the Allgaeu area.
  
  Combine the flour, eggs, milk, and a bit of sugar and salt, and stir into a
  smooth dough.  In a skillet, melt the butter and lightly saute the apples.
  Pour the dough over the apples. Constantly stirring the whole with an egg
  turner, cook until the 'Kratzet' has browned all around. Dust with sugar,
  and serve.
  
  Serves 4.
  
  From:  D'SCHWAEBISCH' KUCHE' by Aegidius Kolb and Leonhard Lidel, Allgaeuer
  Zeitungsverlag, Kempten. 1976. (Translation/Conversion: Karin Brewer)
  Posted by: Karin Brewer, Cooking Echo, 9/92
  
  From Gemini's MASSIVE MealMaster collection at www.synapse.com/~gemini
 
</step></directions></recipe></recipeml>
