<?xml version="1.0" encoding="UTF-8"?>

<recipeml version="0.5">
  <recipe>
    <head>
      <title>African Banana Peanut Cake</title>
      <categories>
        <cat>Cakes</cat></categories>
      <yield>1</yield></head>
    <ingredients>
      <ing>
        <amt>
          <qty>2</qty>
          <unit>cups</unit></amt>
        <item>All-purpose flour</item></ing>
      <ing>
        <amt>
          <qty>2</qty>
          <unit>teaspoons</unit></amt>
        <item>Baking powder</item></ing>
      <ing>
        <amt>
          <qty>1/4</qty>
          <unit>teaspoons</unit></amt>
        <item>Salt</item></ing>
      <ing>
        <amt>
          <qty>1/4</qty>
          <unit>teaspoons</unit></amt>
        <item>Baking soda</item></ing>
      <ing>
        <amt>
          <qty>2/3</qty>
          <unit>cups</unit></amt>
        <item>Butter or margarine; softened</item></ing>
      <ing>
        <amt>
          <qty>3/4</qty>
          <unit>cups</unit></amt>
        <item>Sugar</item></ing>
      <ing>
        <amt>
          <qty>2</qty>
          <unit/></amt>
        <item>Eggs</item></ing>
      <ing>
        <amt>
          <qty>4</qty>
          <unit>large</unit></amt>
        <item>Bananas (very ripe); peeled and mashed</item></ing>
      <ing>
        <amt>
          <qty>1</qty>
          <unit>cup</unit></amt>
        <item>Salted peanuts(divided); coarsely chopped</item></ing></ingredients>
    <directions>
      <step>  Combine flour, baking poder, salt and baking soda. Cream softened butter
  and sugar until light and fluffy; beat in eggs. Add dry ingredients
  alternately with mashed bananas just until combined; sir in 1/2 cup chopped
  peanuts. Scrape batter into well-greased 9&amp;quot; x 5&amp;quot; loaf pan;
  sprinkle top evenly with remaining chopped peanuts. Bake in 350-degree F.
  oven 60 to 65 minutes or until toothpick inserted in center comes out
  clean. Cool in pan on wire rack for 10 minutes; turn out of pan and cool
  completely. Wrap in plastic wrap or foil. Cake is best if served next day.
  YIELD: 4 cups or 6 to 8 servings. busted by sooz
  Posted to recipelu-digest Volume 01 Number 250 by James and Susan Kirkland
  &lt;kirkland@gj.net&gt; on Nov 12, 1997
 
</step></directions></recipe></recipeml>
