<?xml version="1.0" encoding="UTF-8"?>

<recipeml version="0.5">
  <recipe>
    <head>
      <title>African Chicken Wings</title>
      <categories>
        <cat>None</cat></categories>
      <yield>8</yield></head>
    <ingredients>
      <ing-div>
        <title>FOR THE WINGS</title>
        <ing>
          <amt>
            <qty>4</qty>
            <unit/></amt>
          <item>Garlic cloves</item></ing>
        <ing>
          <amt>
            <qty>2</qty>
            <unit/></amt>
          <item>Shallots</item></ing>
        <ing>
          <amt>
            <qty>1 1/2</qty>
            <unit>teaspoons</unit></amt>
          <item>Salt</item></ing>
        <ing>
          <amt>
            <qty>1</qty>
            <unit>tablespoon</unit></amt>
          <item>Chinese 5 spice</item></ing>
        <ing>
          <amt>
            <qty>2</qty>
            <unit>teaspoons</unit></amt>
          <item>Paprika</item></ing>
        <ing>
          <amt>
            <qty>1</qty>
            <unit>teaspoon</unit></amt>
          <item>Dried rosemary; crumbled</item></ing>
        <ing>
          <amt>
            <qty>1/2</qty>
            <unit>teaspoons</unit></amt>
          <item>Cayenne; or to taste</item></ing>
        <ing>
          <amt>
            <qty>2</qty>
            <unit>tablespoons</unit></amt>
          <item>Vegetable oil</item></ing>
        <ing>
          <amt>
            <qty>4</qty>
            <unit>pounds</unit></amt>
          <item>Chicken wings; about 20-24</item></ing></ing-div>
      <ing-div>
        <title>FOR THE SAUCE</title>
        <ing>
          <amt>
            <qty>1/3</qty>
            <unit>cups</unit></amt>
          <item>Natural style peanut butter</item></ing>
        <ing>
          <amt>
            <qty>1/4</qty>
            <unit>cups</unit></amt>
          <item>Canned cream of coconut; wel</item></ing>
        <ing>
          <amt>
            <qty>2</qty>
            <unit/></amt>
          <item>Garlic cloves; chopped</item></ing>
        <ing>
          <amt>
            <qty>1/4</qty>
            <unit>cups</unit></amt>
          <item>Water</item></ing>
        <ing>
          <amt>
            <qty>1/4</qty>
            <unit>cups</unit></amt>
          <item>Red bell pepper; chopped</item></ing>
        <ing>
          <amt>
            <qty>1/8</qty>
            <unit>teaspoons</unit></amt>
          <item>Dried hot red pepper flakes</item></ing>
        <ing>
          <amt>
            <qty>1</qty>
            <unit>teaspoon</unit></amt>
          <item>Soy sauce</item></ing>
        <ing>
          <amt>
            <qty/>
            <unit/></amt>
          <item>Coriander sprigs; for desired</item></ing></ing-div></ingredients>
    <directions>
      <step>  THE WINGS: Prepare the chicken wings: Mince and mash the garlic and
  shallots to a paste with the salt. In a large bowl stir the paste together
  with the 5 spice powder, paprika, rosemary, cayenne, and the oil. Mix well.
  Add the chicken wings. Toss and stir them until they are completely covered
  with the marinade. Let them marinate, covered and chilled for 4 hours or
  over night. Arrange the wings, skin side up, on the rack of a foil lined
  large broiler pan and bake them in the upper third of a preheated 425F oven
  for 25 to 30 minutes or until they are golden. The wings may be prepared
  one day in advance, kept covered and chilled and then reheated before
  serving. THE SAUCE: In a blender, blend together the peanut butter, cream
  of coconut, garlic, water, bell pepper, red pepper flakes and the soy sauce
  until the mixture is smooth, season the sauce with salt, to taste. THE
  PRESENTATION: Transfer the sauce to a serving bowl set on a platter.
  Arrange the wings around the bowl and garnish the platter with the corian
  der.
  Posted to MC-Recipe Digest by "M. Hicks" &lt;nitro_ii@email.msn.com&gt; on Feb 6,
  1998
 
</step></directions></recipe></recipeml>
