<?xml version="1.0" encoding="UTF-8"?>

<recipeml version="0.5">
  <recipe>
    <head>
      <title>Basic Tomato Sauce (Tomato Leather)</title>
      <categories>
        <cat>Sauces</cat></categories>
      <yield>6</yield></head>
    <ingredients>
      <ing>
        <amt>
          <qty>1/3</qty>
          <unit>cups</unit></amt>
        <item>Onion, chopped very fine</item></ing>
      <ing>
        <amt>
          <qty>2</qty>
          <unit/></amt>
        <item>Garlic cloves, minced</item></ing>
      <ing>
        <amt>
          <qty>1</qty>
          <unit>tablespoon</unit></amt>
        <item>Olive oil</item></ing>
      <ing>
        <amt>
          <qty>1</qty>
          <unit>tablespoon</unit></amt>
        <item>Margarine or 2 T of either of above</item></ing>
      <ing>
        <amt>
          <qty>12</qty>
          <unit>ounces</unit></amt>
        <item>Tomato paste</item></ing>
      <ing>
        <amt>
          <qty>1</qty>
          <unit>teaspoon</unit></amt>
        <item>Salt</item></ing>
      <ing>
        <amt>
          <qty/>
          <unit>pinches</unit></amt>
        <item>Sugar</item></ing>
      <ing>
        <amt>
          <qty>2</qty>
          <unit>teaspoons</unit></amt>
        <item>Parsley, chopped</item></ing>
      <ing>
        <amt>
          <qty/>
          <unit/></amt>
        <item>Black Pepper</item></ing>
      <ing>
        <amt>
          <qty/>
          <unit>pinches</unit></amt>
        <item>Basil</item></ing>
      <ing>
        <amt>
          <qty/>
          <unit>pinches</unit></amt>
        <item>Oregano</item></ing></ingredients>
    <directions>
      <step>  Saute the onion and garlic together in the fat until they are soft and
  golden, stop before they begin to brown. Add the rest of the ingredients
  and cook slowly for about 10 minutes.
  
  Spray a cookie sheet or other flat pan with a nonstick spray. Spread the
  mixture out in as thin a layer as possible - use two pans if necessary. Dry
  the sauce in the oven at 140 degrees F for about 6 hours with the door
  propped open a crack.  Do not overdry or the reconstituted sauce will taste
  burned.  Roll it up like fruit leather, and put into a plastic bag labled
  "Tomato Sauce." To reconstitute, add triple the amount of water to the
  dried sauce, bring to a boil, and simmer five minutes. Will feed six with
  pasta.
 
</step></directions></recipe></recipeml>
