<?xml version="1.0" encoding="UTF-8"?>

<recipeml version="0.5">
  <recipe>
    <head>
      <title>Basic White Bread</title>
      <categories>
        <cat>Abm</cat>
        <cat>Breads</cat></categories>
      <yield>2</yield></head>
    <ingredients>
      <ing>
        <amt>
          <qty>2 1/4</qty>
          <unit>cups</unit></amt>
        <item>Bread flour (16 oz)</item></ing>
      <ing>
        <amt>
          <qty>1</qty>
          <unit>tablespoon</unit></amt>
        <item>Dry milk (1/3 oz)</item></ing>
      <ing>
        <amt>
          <qty>1</qty>
          <unit>teaspoon</unit></amt>
        <item>Salt (1/3 oz)</item></ing>
      <ing>
        <amt>
          <qty>1</qty>
          <unit>tablespoon</unit></amt>
        <item>Butter (3/5 oz)</item></ing>
      <ing>
        <amt>
          <qty>2</qty>
          <unit>tablespoons</unit></amt>
        <item>Sugar (9/10 oz)</item></ing>
      <ing>
        <amt>
          <qty>15/16</qty>
          <unit>cups</unit></amt>
        <item>Water (11 fl oz)</item></ing>
      <ing>
        <amt>
          <qty>1</qty>
          <unit>teaspoon</unit></amt>
        <item>Dry Yeast*</item></ing></ingredients>
    <directions>
      <step>  *If Fleishmans yeast, add 2  tsp yeast. Add flour, milk, salt, butter ,
  sugar then the water. Best when cooked on Basic; light crust cycle. Make 1
  lb. loaf in the Panasonic.
  
  **From Panasonic Manual SD-BT65P
  
  From Gemini's MASSIVE MealMaster collection at www.synapse.com/~gemini
 
</step></directions></recipe></recipeml>
