<?xml version="1.0" encoding="UTF-8"?>

<recipeml version="0.5">
  <recipe>
    <head>
      <title>Basic Spinach Pasta Dough</title>
      <categories>
        <cat>Pasta</cat></categories>
      <yield>8</yield></head>
    <ingredients>
      <ing>
        <amt>
          <qty>2/3</qty>
          <unit>packages</unit></amt>
        <item>Frozen spinach (10 oz pkg)</item></ing>
      <ing>
        <amt>
          <qty>4</qty>
          <unit>cups</unit></amt>
        <item>All-purpose flour</item></ing>
      <ing>
        <amt>
          <qty>4</qty>
          <unit/></amt>
        <item>Eggs</item></ing></ingredients>
    <directions>
      <step>  Recipe by: Northern Italian Cooking Cook spinach according to package
  instructions.  Drain thoroughly. Squeeze spinach to remove as much moisture
  as possible.  Chop spinach very fine.  Put flour on a pastry board and make
  a well in the center. Break eggs into well; beat with a fork. Add chopped
  spinach and beat to combine. Continue as for Basic Egg Pasta Dough.
  
  From Gemini's MASSIVE MealMaster collection at www.synapse.com/~gemini
 
</step></directions></recipe></recipeml>
