<?xml version="1.0" encoding="UTF-8"?>

<recipeml version="0.5">
  <recipe>
    <head>
      <title>Basic Stir-Fried Shrimp #2</title>
      <categories>
        <cat>Seafood</cat></categories>
      <yield>4</yield></head>
    <ingredients>
      <ing>
        <amt>
          <qty>1/2</qty>
          <unit>pounds</unit></amt>
        <item>Shrimp</item></ing>
      <ing>
        <amt>
          <qty>1</qty>
          <unit>pound</unit></amt>
        <item>Vegetables</item></ing>
      <ing>
        <amt>
          <qty>1</qty>
          <unit/></amt>
        <item>Scallion stalk</item></ing>
      <ing>
        <amt>
          <qty>2</qty>
          <unit>slices</unit></amt>
        <item>Fresh ginger root</item></ing>
      <ing>
        <amt>
          <qty>1</qty>
          <unit/></amt>
        <item>Clove garlic</item></ing>
      <ing>
        <amt>
          <qty>1</qty>
          <unit>teaspoon</unit></amt>
        <item>Cornstarch</item></ing>
      <ing>
        <amt>
          <qty>1</qty>
          <unit>tablespoon</unit></amt>
        <item>Soy sauce</item></ing>
      <ing>
        <amt>
          <qty>1</qty>
          <unit>tablespoon</unit></amt>
        <item>Sherry</item></ing>
      <ing>
        <amt>
          <qty>1 1/2</qty>
          <unit>tablespoons</unit></amt>
        <item>Oil</item></ing>
      <ing>
        <amt>
          <qty>1/4</qty>
          <unit>teaspoons</unit></amt>
        <item>Salt</item></ing>
      <ing>
        <amt>
          <qty>2</qty>
          <unit>tablespoons</unit></amt>
        <item>Oil</item></ing>
      <ing>
        <amt>
          <qty>1/4</qty>
          <unit>teaspoons</unit></amt>
        <item>Salt</item></ing>
      <ing>
        <amt>
          <qty>1/2</qty>
          <unit>cups</unit></amt>
        <item>Stock</item></ing></ingredients>
    <directions>
      <step>  1. Shell and devein shrimp. Slice or dice vegetables. Cut scallion in
  1/2-inch sections . Mince ginger root. Crush garlic.
  
  2. Blend cornstarch, soy sauce and sherry to a paste.
  
  3. Heat oil. Add salt, then scallion and ginger root; stir-fry a few times.
  Add shrimp and stir-fry until pink (about 3 minutes). Remove ingredients
  from pan.
  
  4. Heat remaining oil. Add remaining salt, then garlic, and stir-fry a few
  times.  Add vegetables; stir-fry to coat with oil.
  
  5. Stir in stock and heat quickly. Then cook, covered, over medium heat,
  until nearly done.
  
  6. Return shrimp, stir-frying to reheat and blend flavors (about 1 minute
  more).
  
  7. Stir in cornstarch paste to thicken. Serve at once.
  
  NOTE: Any vegetable can be used. (See "Cooking Instructions for Vegetables"
  for details on cooking time.) For suggested combinations, see "Stir-Fried
  Shrimp Vegetable Combinations". VARIATIONS:
  
  1. In step 1, sprinkle the shrimp with 1-1/2 tablespoons sherry and let
  stand 5 minutes, turning several times.
  
  2. For the cornstarch paste in step 2, substitute any of the following and
  add in step 7:
  
   a. 1 tablespoon cornstarch, 3 tablespoons cold water, 2 teaspoons soy
  sauce
  
   b. 2 teaspoons cornstarch, 1 teaspoon sugar, 1/2 teaspoon salt, 1 teaspoon
  soy sauce and 3 tablespoons cold stock
  
   c. 1 teaspoon cornstarch, 1 tablespoon oyster sauce, 2 tablespoons soy
  sauce, 3 tablespoons cold water and 2 slices fresh ginger root, minced
  
   d. 1/2 teaspoon salt, 2 teaspoons soy sauce, 2 teaspoons sherry, 3
  tablespoons stock and 1 or 2 slices fresh ginger root, minced.
  
  3. After adding the shrimp in step 3, stir-fry only 1/2 minute, then
  sprinkle with 1 more tablespoon sherry and stir-fry until pink.
  
  From &lt;The Thousand Recipe Chinese Cookbook&gt;, ISBN 0-517-65870-4. Downloaded
  from Glen's MM Recipe Archive, http://www.erols.com/hosey.
 
</step></directions></recipe></recipeml>
