<?xml version="1.0" encoding="UTF-8"?>

<recipeml version="0.5">
  <recipe>
    <head>
      <title>Basic Vinaigrette Dressing</title>
      <categories>
        <cat>Dressing</cat></categories>
      <yield>4</yield></head>
    <ingredients>
      <ing>
        <amt>
          <qty>1/2</qty>
          <unit>teaspoons</unit></amt>
        <item>Salt</item></ing>
      <ing>
        <amt>
          <qty>1</qty>
          <unit>pinch</unit></amt>
        <item>Black pepper</item></ing>
      <ing>
        <amt>
          <qty>1/2</qty>
          <unit>teaspoons</unit></amt>
        <item>Sugar</item></ing>
      <ing>
        <amt>
          <qty>1/2</qty>
          <unit>teaspoons</unit></amt>
        <item>Dijon mustard</item></ing>
      <ing>
        <amt>
          <qty>2</qty>
          <unit>tablespoons</unit></amt>
        <item>Red wine vinegar</item></ing>
      <ing>
        <amt>
          <qty>6</qty>
          <unit>tablespoons</unit></amt>
        <item>Oil of choice</item></ing></ingredients>
    <directions>
      <step>  Add all ingredients to a shaker jar and shake very well just prior to use.
  Variations: Lemon Vinaigrette: substitute lemon juice for vinegar Garlic
  Vinaigrette: add 1-2 cloves of minced garlic to dressing Herb Vinaigrette:
  add 1-2 tablespoons of chopped herbs Honey Vinaigrette: subsitute 1
  teaspoon of honey for the sugar Dijon Vinaigrette: add 3 tablespoons of
  additional Dijon mustard
  
  Date: 06 Jun 96 12:50:17 EDT
  
  From: "Glen T. Greenman" &lt;102724.3265@compuserve.com&gt;
  
  MM-Recipes Digest V3 #157
  
  From the MealMaster recipe list.  Downloaded from Glen's MM Recipe Archive,
  http://www.erols.com/hosey.
 
</step></directions></recipe></recipeml>
