<?xml version="1.0" encoding="UTF-8"?>

<recipeml version="0.5">
  <recipe>
    <head>
      <title>Basic Vegetable Stock (Lf)</title>
      <categories>
        <cat>Soups</cat>
        <cat>Vegetables</cat></categories>
      <yield>1</yield></head>
    <ingredients>
      <ing>
        <amt>
          <qty>3</qty>
          <unit>medium</unit></amt>
        <item>Carrots -- cut in chunks</item></ing>
      <ing>
        <amt>
          <qty/>
          <unit/></amt>
        <item>Celery stalks -- cut in</item></ing>
      <ing>
        <amt>
          <qty/>
          <unit/></amt>
        <item>Chunks</item></ing>
      <ing>
        <amt>
          <qty>3</qty>
          <unit>medium</unit></amt>
        <item>Onions -- cut in chunks</item></ing>
      <ing>
        <amt>
          <qty>30</qty>
          <unit>mililiters</unit></amt>
        <item>Garlic -- minced</item></ing>
      <ing>
        <amt>
          <qty>1/3</qty>
          <unit>cups</unit></amt>
        <item>Fresh parsley -- minced</item></ing>
      <ing>
        <amt>
          <qty/>
          <unit/></amt>
        <item>Bay leaf</item></ing>
      <ing>
        <amt>
          <qty/>
          <unit/></amt>
        <item>Whole peppercorns</item></ing>
      <ing>
        <amt>
          <qty>1/2</qty>
          <unit>teaspoons</unit></amt>
        <item>Tarragon -- and/or other</item></ing>
      <ing>
        <amt>
          <qty/>
          <unit/></amt>
        <item>Herb</item></ing>
      <ing>
        <amt>
          <qty>6</qty>
          <unit>cups</unit></amt>
        <item>Water</item></ing>
      <ing>
        <amt>
          <qty/>
          <unit/></amt>
        <item>PER CUP-----</item></ing>
      <ing>
        <amt>
          <qty/>
          <unit/></amt>
        <item>*cals</item></ing>
      <ing>
        <amt>
          <qty/>
          <unit/></amt>
        <item>*gm dietary fiber</item></ing>
      <ing>
        <amt>
          <qty/>
          <unit/></amt>
        <item>*mg sodium</item></ing></ingredients>
    <directions>
      <step>  Combine all ingredients in a large soup pot, and bring to a boil. Reduce
  heat to simmer, cover and let cook for about 1 hours. You may strain the
  vegetables out and use the clear brot, or put the stock in a blender and
  puree for a thicker stock, adding a bit more water if necessary. Makes 8
  cups.  (You can add other veggies, such as parsnips, turnips, leeks, etc.,
  if desired)
  
  Recipe By     :
  
  File ftp://ftp.idiscover.co.uk/pub/food/mealmaster/recipes/mmdja006.zip
 
</step></directions></recipe></recipeml>
