<?xml version="1.0" encoding="UTF-8"?>

<recipeml version="0.5">
  <recipe>
    <head>
      <title>Basic Spanish Rice</title>
      <categories>
        <cat>Rice</cat></categories>
      <yield>4</yield></head>
    <ingredients>
      <ing>
        <amt>
          <qty>4</qty>
          <unit>medium</unit></amt>
        <item>Tomatoes; quartered</item></ing>
      <ing>
        <amt>
          <qty>2 1/4</qty>
          <unit>cups</unit></amt>
        <item>Water</item></ing>
      <ing>
        <amt>
          <qty>1</qty>
          <unit>small</unit></amt>
        <item>Onion; chopped</item></ing>
      <ing>
        <amt>
          <qty>1</qty>
          <unit>cup</unit></amt>
        <item>Brown rice</item></ing>
      <ing>
        <amt>
          <qty>2</qty>
          <unit>teaspoons</unit></amt>
        <item>Garlic paste</item></ing>
      <ing>
        <amt>
          <qty>1</qty>
          <unit>teaspoon</unit></amt>
        <item>Seasoned salt</item></ing>
      <ing>
        <amt>
          <qty>5</qty>
          <unit>drops</unit></amt>
        <item>Tabasco sauce</item></ing>
      <ing>
        <amt>
          <qty>1</qty>
          <unit>teaspoon</unit></amt>
        <item>Molasses</item></ing>
      <ing>
        <amt>
          <qty>1</qty>
          <unit>cup</unit></amt>
        <item>Chopped tomatoes</item></ing>
      <ing>
        <amt>
          <qty>1/2</qty>
          <unit>cups</unit></amt>
        <item>Chopped fresh parsley</item></ing>
      <ing>
        <amt>
          <qty>1/2</qty>
          <unit>cups</unit></amt>
        <item>Canned tomato sauce</item></ing>
      <ing>
        <amt>
          <qty>1/2</qty>
          <unit>large</unit></amt>
        <item>Green pepper; diced</item></ing></ingredients>
    <directions>
      <step>  Date: Sun, 25 Feb 1996 22:41:09 -0500
  
  From: "Vernon E. Phipps Jr." &lt;cook4u@vivanet.com&gt;
  Place quartered tomatoes and water in blender jar; puree. Pour into large
  pot, add onion, and boil. Add rice, garlic paste, salt, Tabasco, and
  molasses. Lower heat and simmer, covered, until rice has absorbed almost
  all the water, usually 40-45 minutes. Add chopped tomatoes, parsley, and
  tomato sauce, stir well, and cover.
  
  Fry bacon crisp in skillet; remove and blot on paper towels. Saute green
  pepper in bacon drippings; remove using slotted spoon and add to rise
  mixture. Crumble bacon and add to rice mixture. Mix well and remove from
  heat.
  
  Preheat oven to 350 degrees. Lightly oil bottom of 1-quart casserole; pour
  rice mixture into it and bake for 20 minutes, or until rice is tender.
  Yield: 3 cups.
  
  MM-RECIPES@IDISCOVER.NET
  
  MEAL-MASTER RECIPES LIST SERVER
  
  MM-RECIPES DIGEST V3 #60
  
  From the MealMaster recipe list.  Downloaded from Glen's MM Recipe Archive,
  http://www.erols.com/hosey.
 
</step></directions></recipe></recipeml>
