<?xml version="1.0" encoding="UTF-8"?>

<recipeml version="0.5">
  <recipe>
    <head>
      <title>Basic Stir-Fried Roast Pork</title>
      <categories>
        <cat>Meat</cat></categories>
      <yield>4</yield></head>
    <ingredients>
      <ing>
        <amt>
          <qty>1/2</qty>
          <unit>pounds</unit></amt>
        <item>Roast pork</item></ing>
      <ing>
        <amt>
          <qty>1</qty>
          <unit>pound</unit></amt>
        <item>Vegetables (see note)</item></ing>
      <ing>
        <amt>
          <qty>2</qty>
          <unit/></amt>
        <item>Scallion stalks</item></ing>
      <ing>
        <amt>
          <qty>1</qty>
          <unit>slice</unit></amt>
        <item>Fresh ginger root</item></ing>
      <ing>
        <amt>
          <qty>1</qty>
          <unit>tablespoon</unit></amt>
        <item>Cornstarch</item></ing>
      <ing>
        <amt>
          <qty>1</qty>
          <unit>tablespoon</unit></amt>
        <item>Soy sauce</item></ing>
      <ing>
        <amt>
          <qty>1</qty>
          <unit>tablespoon</unit></amt>
        <item>Water</item></ing>
      <ing>
        <amt>
          <qty>3</qty>
          <unit>drops</unit></amt>
        <item>Sesame oil; more or less</item></ing>
      <ing>
        <amt>
          <qty>1 1/2</qty>
          <unit>tablespoons</unit></amt>
        <item>Oil</item></ing>
      <ing>
        <amt>
          <qty>2</qty>
          <unit>tablespoons</unit></amt>
        <item>Oil</item></ing>
      <ing>
        <amt>
          <qty>1/2</qty>
          <unit>cups</unit></amt>
        <item>Stock</item></ing>
      <ing>
        <amt>
          <qty>1/2</qty>
          <unit>teaspoons</unit></amt>
        <item>Salt</item></ing></ingredients>
    <directions>
      <step>     1. Slice roast pork and vegetables. Cut scallions in 1-inch sections.
  Mince ginger root.
  
     2. Blend cornstarch, soy sauce, cold water and sesame oil to a paste.
  
     3. Heat oil. Add scallions and stir-fry until translucent. Add roast
  pork; stir-fry 1 minute more. Remove from pan.
  
     4. Heat remaining oil. Add vegetables and stir-fry to coat with oil
  (about 1 minute). Stir in stock, salt and ginger root and heat quickly.
  Then cook, covered, over medium heat until nearly done.
  
     5. Return pork and scallions, stir-frying only to reheat. Then stir in
  cornstarch paste to thicken. Serve at once.
  
     NOTE: Roast pork may be purchased ready-cooked in Chinese food stores or
  prepared at home. For the vegetables, use in any combination bean sprouts,
  broccoli, Chinese lettuce, Chinese cabbage, mustard cabbage, celery, fresh
  mushrooms, peppers, spinach, string beans. (See Vegetable Section for
  details on cooking times.)
  
  From &lt;The Thousand Recipe Chinese Cookbook&gt;, ISBN 0-517-65870-4. Downloaded
  from Glen's MM Recipe Archive, http://www.erols.com/hosey.
 
</step></directions></recipe></recipeml>
