<?xml version="1.0" encoding="UTF-8"?>

<recipeml version="0.5">
  <recipe>
    <head>
      <title>Basic Vinaigrette (Cooks Garden)</title>
      <categories>
        <cat>Sauces</cat>
        <cat>Salads</cat></categories>
      <yield>1</yield></head>
    <ingredients>
      <ing>
        <amt>
          <qty>2</qty>
          <unit>tablespoons</unit></amt>
        <item>Red wine vinegar (good quality)</item></ing>
      <ing>
        <amt>
          <qty>2</qty>
          <unit>teaspoons</unit></amt>
        <item>Dijon mustard</item></ing>
      <ing>
        <amt>
          <qty>1</qty>
          <unit>small</unit></amt>
        <item>Garlic clove; crushed</item></ing>
      <ing>
        <amt>
          <qty>6</qty>
          <unit>tablespoons</unit></amt>
        <item>Olive oil</item></ing></ingredients>
    <directions>
      <step>  In a small bowl, make a paste of the vinegar, the mustard and the garlic.
  Begin whisking in the oil a few drops at a time, then in a thin stream,
  until all the oil has been added and the mixture is emulsified. Season to
  taste with salt and pepper.  Voila!
  
  Make a delicious variation by substituting balsamic vinegar and honey
  mustard.
  
  From: The Cook's Garden catalog - Spring/Summer 1993 (page 65)
  
  From Gemini's MASSIVE MealMaster collection at www.synapse.com/~gemini
 
</step></directions></recipe></recipeml>
