<?xml version="1.0" encoding="UTF-8"?>

<recipeml version="0.5">
  <recipe>
    <head>
      <title>Basic Thin Crust Dough</title>
      <categories>
        <cat>Pizza</cat></categories>
      <yield>1</yield></head>
    <ingredients>
      <ing>
        <amt>
          <qty>1</qty>
          <unit>teaspoon</unit></amt>
        <item>Active dry yeast</item></ing>
      <ing>
        <amt>
          <qty>2</qty>
          <unit>cups</unit></amt>
        <item>Bread flour</item></ing>
      <ing>
        <amt>
          <qty>1/4</qty>
          <unit>teaspoons</unit></amt>
        <item>Salt</item></ing>
      <ing>
        <amt>
          <qty>1</qty>
          <unit>tablespoon</unit></amt>
        <item>Olive oil</item></ing>
      <ing>
        <amt>
          <qty>2/3</qty>
          <unit>cups</unit></amt>
        <item>Lukewarm water</item></ing></ingredients>
    <directions>
      <step>  Bread Machine: Warm liquids to lukewarm, 110*. Add ingredients to your
  bread machine in the order specified for your machine. Use dough cycle,
  which will knead the dougha nd allow it to rise one time. It is not
  necessary to let dough any longer that 1 hour. If your machine has a double
  kneading dough cycle (DAK And Welbilt ABM 100), remove the dough after 1
  hour or so and turn off your machine. Allowing the dough to knead the
  second time causes bubbles which are difficult to roll. Either acative dry
  or rapid rise yeast may be used. It is not necessary to proof the yeast in
  water; just mix it in with the flour. Note To date I have over thirty five
  different pizza dough recipes, Want more e-mail me. Also have Deep Dish
  Pizza Doughs
  Posted to MM-Recipes Digest  by Alice Poe &lt;afpoe@swbell.net&gt; on Apr 13,
  1998
 
</step></directions></recipe></recipeml>
