<?xml version="1.0" encoding="UTF-8"?>

<recipeml version="0.5">
  <recipe>
    <head>
      <title>Basic Sponge</title>
      <categories>
        <cat>Bread</cat>
        <cat>Hand</cat>
        <cat>Cooking lig</cat></categories>
      <yield>1</yield></head>
    <ingredients>
      <ing>
        <amt>
          <qty>1</qty>
          <unit>cup</unit></amt>
        <item>Bread Flour</item></ing>
      <ing>
        <amt>
          <qty>2</qty>
          <unit>teaspoons</unit></amt>
        <item>Sugar</item></ing>
      <ing>
        <amt>
          <qty>1</qty>
          <unit>package</unit></amt>
        <item>Dry Yeast; (2 1/2 Tsp)</item></ing>
      <ing>
        <amt>
          <qty>3/4</qty>
          <unit>cups</unit></amt>
        <item>Very Warm Water; 120 To 130</item></ing></ingredients>
    <directions>
      <step>  Lightly spoon flour into a dry measuring cup; level with knife.
  
  Place all the ingredients in a food processor, and process for 1 minute or
  until well-blended. Spoon mixture into a medium bowl; cover and chill
  sponge for 2 to 24 hours.
  
  Recipe by: Cooking Light J/F 98, pg. 126
  
  Posted to recipelu-digest by Jill &amp; Joe Proehl &lt;jpxtwo@swbell.net&gt; on Mar
  02, 1998
 
</step></directions></recipe></recipeml>
