<?xml version="1.0" encoding="UTF-8"?>

<recipeml version="0.5">
  <recipe>
    <head>
      <title>Basic Stir-Fried Cooked Chicken</title>
      <categories>
        <cat>Poultry</cat></categories>
      <yield>6</yield></head>
    <ingredients>
      <ing>
        <amt>
          <qty>2</qty>
          <unit>cups</unit></amt>
        <item>Cooked chicken (up to)</item></ing>
      <ing>
        <amt>
          <qty>3</qty>
          <unit>cups</unit></amt>
        <item>Vegetables (up to)</item></ing>
      <ing>
        <amt>
          <qty>3</qty>
          <unit>tablespoons</unit></amt>
        <item>Oil</item></ing>
      <ing>
        <amt>
          <qty>1/2</qty>
          <unit>teaspoons</unit></amt>
        <item>Salt</item></ing>
      <ing>
        <amt>
          <qty>1/2</qty>
          <unit>cups</unit></amt>
        <item>Stock</item></ing>
      <ing>
        <amt>
          <qty>1</qty>
          <unit>tablespoon</unit></amt>
        <item>Cornstarch</item></ing>
      <ing>
        <amt>
          <qty>3</qty>
          <unit>tablespoons</unit></amt>
        <item>Water</item></ing></ingredients>
    <directions>
      <step>  1. Bone cooked chicken. Slice or dice chicken and vegetables.
  
  2. Heat oil. Add salt, then vegetables, and stir-fry to coat with oil
  (about 2 minutes).
  
  3. Stir in stock and heat quickly. Cook, covered, over medium heat, until
  vegetables are just about done. Then stir in cooked chicken only to heat
  through.
  
  4. Meanwhile blend cornstarch and cold water to a paste; then stir in to
  thicken. Serve at once.
  
  NOTE: Any vegetable can be used. (See "Cooking Instructions for Vegetables"
  for details on cooking time.) Also see suggested vegetable combinations in
  recipe "Stir-Fried Cooked Chicken Veggie Combos". VARIATIONS:
  
  1. In step 4, add to the cornstarch paste any of the following: 1 to 2
  teaspoons soy sauce, 1 teaspoon sherry, or a few drops ofsesame oil.
  
  2. At the end of step 4, garnish with 1/2 cup almond or walnut meats,
  blanched, toasted and slivered.
  
  From &lt;The Thousand Recipe Chinese Cookbook&gt;, ISBN 0-517-65870-4. Downloaded
  from Glen's MM Recipe Archive, http://www.erols.com/hosey.
 
</step></directions></recipe></recipeml>
