<?xml version="1.0" encoding="UTF-8"?>

<recipeml version="0.5">
  <recipe>
    <head>
      <title>Basic Spice Mix</title>
      <categories>
        <cat>None</cat></categories>
      <yield>1</yield></head>
    <ingredients>
      <ing>
        <amt>
          <qty>2</qty>
          <unit>tablespoons</unit></amt>
        <item>Ground cumin</item></ing>
      <ing>
        <amt>
          <qty>2</qty>
          <unit>tablespoons</unit></amt>
        <item>Pasilla chile powder</item></ing>
      <ing>
        <amt>
          <qty>2</qty>
          <unit>tablespoons</unit></amt>
        <item>California chile powder</item></ing>
      <ing>
        <amt>
          <qty>1</qty>
          <unit>tablespoon</unit></amt>
        <item>Salt</item></ing>
      <ing>
        <amt>
          <qty>2</qty>
          <unit>tablespoons</unit></amt>
        <item>Basil</item></ing>
      <ing>
        <amt>
          <qty>2</qty>
          <unit>tablespoons</unit></amt>
        <item>Oregano</item></ing>
      <ing>
        <amt>
          <qty>2</qty>
          <unit>tablespoons</unit></amt>
        <item>Dry mustard</item></ing>
      <ing>
        <amt>
          <qty>1</qty>
          <unit>teaspoon</unit></amt>
        <item>Cayenne pepper</item></ing>
      <ing>
        <amt>
          <qty>1/2</qty>
          <unit>teaspoons</unit></amt>
        <item>Garlic powder</item></ing></ingredients>
    <directions>
      <step>  "Seasoned Greetings" -- From the L.A. Times.
  
  The most important ingredients in chili are the spices, and many cooks
  jealously guard their special blends. But there is a way you can give away
  your chili recipe without giving away the whole thing. Bottle your
  seasonings and attach the recipe--without the spice instructions. Tell them
  that information is too hot to handle. If you don't have a favorite spice
  mix or chili recipe, you can borrow ours.
  
  Chili powder comes in more varieties than basic red. In the Latino sections
  of most supermarkets, you can find ground chiles from different kinds of
  peppers, including pasilla and California chiles. Combine cumin, pasilla
  and California chile powders, salt, basil, oregano, dry mustard, cayenne
  pepper and garlic powder. Mix well.
        2    cups.
  
  Posted to CHILE-HEADS DIGEST V4 #227 by Judy Howle &lt;howle@ebicom.net&gt; on
  Dec 07, 1997
 
</step></directions></recipe></recipeml>
