<?xml version="1.0" encoding="UTF-8"?>

<recipeml version="0.5">
  <recipe>
    <head>
      <title>Basic Steamed Chicken</title>
      <categories>
        <cat>Poultry</cat></categories>
      <yield>8</yield></head>
    <ingredients>
      <ing>
        <amt>
          <qty>1</qty>
          <unit/></amt>
        <item>(4-5 pound) chicken</item></ing>
      <ing>
        <amt>
          <qty>1/4</qty>
          <unit>cups</unit></amt>
        <item>Fresh mushrooms</item></ing>
      <ing>
        <amt>
          <qty>5</qty>
          <unit>cups</unit></amt>
        <item>Water</item></ing>
      <ing>
        <amt>
          <qty/>
          <unit/></amt>
        <item>Salt</item></ing></ingredients>
    <directions>
      <step>  1. Place chicken in a large heatproof bowl. Add mushrooms, whole, along
  with water.
  
  2. Steam 2 hours. (See "How-to Section".) Add salt to taste. Serve as shown
  in "Basic Steamed Spring Chicken".
  
  NOTE: A larger bird, steamed slowly 3 to 4 hours in 8 cups of water, makes
  a dish that's nutritious and easily digestible for expectant mothers,
  convalescents and small children.
  
  From &lt;The Thousand Recipe Chinese Cookbook&gt;, ISBN 0-517-65870-4. Downloaded
  from Glen's MM Recipe Archive, http://www.erols.com/hosey.
 
</step></directions></recipe></recipeml>
