<?xml version="1.0" encoding="UTF-8"?>

<recipeml version="0.5">
  <recipe>
    <head>
      <title>Basic White Bread (Zojirushi)</title>
      <categories>
        <cat>Breads4</cat>
        <cat>Brdmachine</cat></categories>
      <yield>1</yield></head>
    <ingredients>
      <ing>
        <amt>
          <qty>1 1/2</qty>
          <unit>cups</unit></amt>
        <item>Water</item></ing>
      <ing>
        <amt>
          <qty>2</qty>
          <unit>tablespoons</unit></amt>
        <item>Oil</item></ing>
      <ing>
        <amt>
          <qty>3</qty>
          <unit>tablespoons</unit></amt>
        <item>Sugar</item></ing>
      <ing>
        <amt>
          <qty>1</qty>
          <unit>teaspoon</unit></amt>
        <item>Salt</item></ing>
      <ing>
        <amt>
          <qty>2</qty>
          <unit>tablespoons</unit></amt>
        <item>Powdered milk</item></ing>
      <ing>
        <amt>
          <qty>4 3/4</qty>
          <unit>cups</unit></amt>
        <item>Bread flour</item></ing>
      <ing>
        <amt>
          <qty>3</qty>
          <unit>teaspoons</unit></amt>
        <item>Yeast*</item></ing></ingredients>
    <directions>
      <step>  *I use 1 1/2 to 2 teaspoons of the yeast from Sam's.
  
  Combine all ingredients in pan.  Set timer for Quick Baking (2 hours) and
  light crust. Makes a 2 pound size loaf.
  
  NOTE: This is a basic white bread that you can use as a base for other
  flavored breads.  This bread has a nice firm yet light texture. I add basil
  or Italian seasoning and/or garlic powder for an Italian flavored bread
  that's great with spaghetti. I sometimes substitute 1/4 cup oatmeal for 1/4
  cup of flour for the added nutrients.
  
  Typed by R. Thompson (r-thompson@usa.net)  6-97 From Zojirushi Home Bakery
  Super operating instructions.
  Posted to MM-Recipes Digest  by "Chat Cat" &lt;maintech@ne.infi.net&gt; on Apr
  03, 98
 
</step></directions></recipe></recipeml>
