<?xml version="1.0" encoding="UTF-8"?>

<recipeml version="0.5">
  <recipe>
    <head>
      <title>Basic Stir-Fried Chicken #2</title>
      <categories>
        <cat>Poultry</cat></categories>
      <yield>4</yield></head>
    <ingredients>
      <ing>
        <amt>
          <qty>1</qty>
          <unit/></amt>
        <item>Chicken breast</item></ing>
      <ing>
        <amt>
          <qty>1</qty>
          <unit>pound</unit></amt>
        <item>Vegetables</item></ing>
      <ing>
        <amt>
          <qty>1</qty>
          <unit/></amt>
        <item>Clove garlic</item></ing>
      <ing>
        <amt>
          <qty>2</qty>
          <unit>slices</unit></amt>
        <item>Fresh ginger root</item></ing>
      <ing>
        <amt>
          <qty>2</qty>
          <unit>tablespoons</unit></amt>
        <item>Sherry</item></ing>
      <ing>
        <amt>
          <qty>1</qty>
          <unit>tablespoon</unit></amt>
        <item>Soy sauce</item></ing>
      <ing>
        <amt>
          <qty>1/2</qty>
          <unit>teaspoons</unit></amt>
        <item>Salt</item></ing>
      <ing>
        <amt>
          <qty>1/2</qty>
          <unit>teaspoons</unit></amt>
        <item>Sugar</item></ing>
      <ing>
        <amt>
          <qty>1 1/2</qty>
          <unit>tablespoons</unit></amt>
        <item>Oil</item></ing>
      <ing>
        <amt>
          <qty>1 1/2</qty>
          <unit>tablespoons</unit></amt>
        <item>Oil</item></ing>
      <ing>
        <amt>
          <qty>1/2</qty>
          <unit>cups</unit></amt>
        <item>Stock</item></ing>
      <ing>
        <amt>
          <qty>2</qty>
          <unit>teaspoons</unit></amt>
        <item>Cornstarch</item></ing>
      <ing>
        <amt>
          <qty>2</qty>
          <unit>tablespoons</unit></amt>
        <item>Water</item></ing></ingredients>
    <directions>
      <step>  1. Skin and bone chicken; then slice thin. Slice vegetables. Crush garlic.
  Mince ginger root.
  
  2. Combine sherry, soy sauce, salt and sugar.
  
  3. Heat oil. Add garlic and ginger root; stir-fry a few times. Add chicken
  and stir-fry until it loses its pinkness (about 2 minutes).
  
  4. Add sherry mixture; stir in 1 minute more to blend. Remove chicken from
  pan.
  
  5. Heat remaining oil. Add vegetables; stir-fry to coat with oil (1-2
  minutes).
  
  6. Stir in stock and heat quickly. Then return chicken and cook, covered,
  over medium heat, until done (2-3 minutes).
  
  7. Meanwhile blend cornstarch and cold water to a paste, then stir in to
  thicken. Serve at once.
  
  NOTE: See Note in "Basic Stir-Fried Chicken #1". VARIATION: Omit steps 2
  and 4, and remove the chicken from the pan at the end of step 3. Then, in
  step 6, before returning the chicken, add to the stock a mixture of 1
  tablespoon soy sauce, 1 tablespoon sherry, 1/2 teaspoon salt, 1/2 teaspoon
  sugar, a dash of pepper and 1 scallion stalk, minced.
  
  SEE "STIR-FRIED CHICKEN
  
  VEGETABLE COMBOS" FOR SUGGESTED
  
  VEGETABLE COMBINATIONS
  
  From &lt;The Thousand Recipe Chinese Cookbook&gt;, ISBN 0-517-65870-4. Downloaded
  from Glen's MM Recipe Archive, http://www.erols.com/hosey.
 
</step></directions></recipe></recipeml>
