<?xml version="1.0" encoding="UTF-8"?>

<recipeml version="0.5">
  <recipe>
    <head>
      <title>Basic Sugarless Vegetarian Mincemeat</title>
      <categories>
        <cat>Fruits</cat>
        <cat>Diabetic</cat>
        <cat>Low-fat/cal</cat></categories>
      <yield>12</yield></head>
    <ingredients>
      <ing>
        <amt>
          <qty>3</qty>
          <unit>cups</unit></amt>
        <item>Apple pulp, some skins</item></ing>
      <ing>
        <amt>
          <qty>1/2</qty>
          <unit>large</unit></amt>
        <item>Lemon with peel, ground</item></ing>
      <ing>
        <amt>
          <qty>1</qty>
          <unit>medium</unit></amt>
        <item>Orange with peel, ground</item></ing>
      <ing>
        <amt>
          <qty>1</qty>
          <unit>cup</unit></amt>
        <item>Seedless raisins, ground</item></ing>
      <ing>
        <amt>
          <qty>1</qty>
          <unit>cup</unit></amt>
        <item>Seedless raisins whole</item></ing>
      <ing>
        <amt>
          <qty>1</qty>
          <unit>cup</unit></amt>
        <item>Currants (or more raisins)</item></ing>
      <ing>
        <amt>
          <qty>2</qty>
          <unit>teaspoons</unit></amt>
        <item>Cinnamon</item></ing>
      <ing>
        <amt>
          <qty>3/4</qty>
          <unit>teaspoons</unit></amt>
        <item>Nutmeg</item></ing>
      <ing>
        <amt>
          <qty>3/4</qty>
          <unit>teaspoons</unit></amt>
        <item>Cloves</item></ing>
      <ing>
        <amt>
          <qty>3/4</qty>
          <unit>teaspoons</unit></amt>
        <item>Allspice (optional)</item></ing>
      <ing>
        <amt>
          <qty>1/2</qty>
          <unit>teaspoons</unit></amt>
        <item>Salt (optional)</item></ing>
      <ing>
        <amt>
          <qty>2</qty>
          <unit>tablespoons</unit></amt>
        <item>Flour (or 1 tb arrowroot fl)</item></ing>
      <ing>
        <amt>
          <qty>1/4</qty>
          <unit>cups</unit></amt>
        <item>Date sugar (optional)</item></ing>
      <ing>
        <amt>
          <qty>1 1/2</qty>
          <unit>teaspoons</unit></amt>
        <item>Rum flavoring (optional)</item></ing></ingredients>
    <directions>
      <step>  Quarter and core apples, but do not peel.  Grind in old-fashioned meat
  grinder (food processor makes them too fine), using medium-coarse
  blade. Remove seeds from lemon and orange, grind and add to apples.
  Grind 1 cup raisins.
  
  Mix all ingredients except rum flavoring in large bowl, stirring in
  spices and flour, then date sugar if desired.  Add flavoring and mix
  again. Place in covered bowl or other container with tight lid;
  refrigerate at least one week before using or canning.  (1/2 inch
  head space, boiling water bath 20 min for pints after water returns
  to boil, longer for altitudes over 1000 ft.)  If any jars fail to
  seal, freeze for later use.
  
  To freeze after refrigerating for the recommended week, place in clean
  freezer containers or jars, leaving 1/2 inch at top.  Cover with
  clean lids and place in sharp-freeze section of freezer until frozen.
  Thaw overnight in the refrigerator before using.  Makes 1 quart,
  enough for 2 8-inch pies.
  
  1/4 cup 116 calories, 2 diabetic fruit exchanges Protein 1, fat 0,
  carbohydrate 28 grams, 0 cholesterol If salt omitted, 1/4 cup
  contains 7 mg sodium.
  
  Source:  Canning and Preserving without Sugar by Norma M. MacRae, R.D.
  Third Edition 1993 ISBN 1-56440-163-4 Shared but not tested by
  Elizabeth Rodier Oct 93
  
  File ftp://ftp.idiscover.co.uk/pub/food/mealmaster/recipes/diabetic.zip
 
</step></directions></recipe></recipeml>
