<?xml version="1.0" encoding="UTF-8"?>

<recipeml version="0.5">
  <recipe>
    <head>
      <title>Basic White Bread</title>
      <categories>
        <cat>Bread machi</cat>
        <cat>Bread maili</cat></categories>
      <yield>1</yield></head>
    <ingredients>
      <ing>
        <amt>
          <qty>1 1/4</qty>
          <unit>cups</unit></amt>
        <item>Water; or milk</item></ing>
      <ing>
        <amt>
          <qty>1</qty>
          <unit/></amt>
        <item>Egg white; optional</item></ing>
      <ing>
        <amt>
          <qty>2</qty>
          <unit>tablespoons</unit></amt>
        <item>Butter or margarine</item></ing>
      <ing>
        <amt>
          <qty>3 1/4</qty>
          <unit>cups</unit></amt>
        <item>Flour</item></ing>
      <ing>
        <amt>
          <qty>1</qty>
          <unit>teaspoon</unit></amt>
        <item>Salt</item></ing>
      <ing>
        <amt>
          <qty>2</qty>
          <unit>tablespoons</unit></amt>
        <item>Dry milk; (if you used water)</item></ing>
      <ing>
        <amt>
          <qty>3</qty>
          <unit>tablespoons</unit></amt>
        <item>Honey; (or a scant 1/4 C)</item></ing>
      <ing>
        <amt>
          <qty>2</qty>
          <unit>teaspoons</unit></amt>
        <item>Active dry yeast; (1 tsp Instant Dry</item></ing>
      <ing>
        <amt>
          <qty/>
          <unit/></amt>
        <item>Active yeast)</item></ing></ingredients>
    <directions>
      <step>  You can use Standard white setting, or Sweet (at least on my Regal).
  
  	The first measurement, if you are going to use the egg white, put it in
  the measuring cup first then measure your 1 1/4 C water or milk.
  
  	One thing I have noticed is that the addition of the egg white makes the
  bread very soft and it does not dry out very quickly. Starts out very moist
  and stays that way.
  
  &gt;From: "Michael E. Grabenstein" &lt;mikeg@sun.gsfc.nasa.gov&gt;
  From: Bread-Bakers Archives: ftp.best.com/pub/reggie/archives/bread/recipe
 
</step></directions></recipe></recipeml>
