<?xml version="1.0" encoding="UTF-8"?>

<recipeml version="0.5">
  <recipe>
    <head>
      <title>Basic Stuffed Omelets</title>
      <categories>
        <cat>Eggs</cat></categories>
      <yield>8</yield></head>
    <ingredients>
      <ing>
        <amt>
          <qty/>
          <unit/></amt>
        <item>Omelet filling</item></ing>
      <ing>
        <amt>
          <qty>6</qty>
          <unit/></amt>
        <item>Eggs</item></ing>
      <ing>
        <amt>
          <qty>1/2</qty>
          <unit>teaspoons</unit></amt>
        <item>Salt (up to)</item></ing>
      <ing>
        <amt>
          <qty>3</qty>
          <unit>tablespoons</unit></amt>
        <item>Oil</item></ing></ingredients>
    <directions>
      <step>  1. Prepare and stir-fry either of the fillings "Pork Filling for Omelets"
  or "Shrimp Filling for Omelets". Drain and keep warm.
  
  2. Beat eggs and season with salt.
  
  3. Heat oil very hot. Pour eggs in slowly (do not stir). Then reduce heat
  to medium. When bottom begins to set (check this by lifting the edge with a
  spatula), top omelet with the filling, placed over to one side. Cook 1/2
  minute.
  
  4. With the spatula, fold omelet in half to cover filling. Cook 1 minute
  more. Then gently turn folded omelet over and lightly brown the other side.
  VARIATION: In step 2, beat the eggs with 1/2 cup water.
  
  From &lt;The Thousand Recipe Chinese Cookbook&gt;, ISBN 0-517-65870-4. Downloaded
  from Glen's MM Recipe Archive, http://www.erols.com/hosey.
 
</step></directions></recipe></recipeml>
