<?xml version="1.0" encoding="UTF-8"?>

<recipeml version="0.5">
  <recipe>
    <head>
      <title>Basic Stir-Fried Beef #2</title>
      <categories>
        <cat>Meat</cat></categories>
      <yield>4</yield></head>
    <ingredients>
      <ing>
        <amt>
          <qty>1/2</qty>
          <unit>pounds</unit></amt>
        <item>Lean beef</item></ing>
      <ing>
        <amt>
          <qty>1</qty>
          <unit>pound</unit></amt>
        <item>Vegetables</item></ing>
      <ing>
        <amt>
          <qty>1</qty>
          <unit/></amt>
        <item>Or</item></ing>
      <ing>
        <amt>
          <qty>2</qty>
          <unit>slices</unit></amt>
        <item>Fresh ginger root</item></ing>
      <ing>
        <amt>
          <qty>1</qty>
          <unit/></amt>
        <item>Clove garlic</item></ing>
      <ing>
        <amt>
          <qty>1</qty>
          <unit/></amt>
        <item>Scallion stalk</item></ing>
      <ing>
        <amt>
          <qty>1</qty>
          <unit>tablespoon</unit></amt>
        <item>Cornstarch</item></ing>
      <ing>
        <amt>
          <qty>1</qty>
          <unit>tablespoon</unit></amt>
        <item>Sherry</item></ing>
      <ing>
        <amt>
          <qty>2</qty>
          <unit>tablespoons</unit></amt>
        <item>Soy sauce</item></ing>
      <ing>
        <amt>
          <qty>1 1/2</qty>
          <unit>tablespoons</unit></amt>
        <item>Oil</item></ing>
      <ing>
        <amt>
          <qty>1 1/2</qty>
          <unit>tablespoons</unit></amt>
        <item>Oil</item></ing>
      <ing>
        <amt>
          <qty>1/2</qty>
          <unit>cups</unit></amt>
        <item>Stock</item></ing></ingredients>
    <directions>
      <step>  1. Slice beef thin against the grain. Slice vegetables. Mince ginger root.
  Crush or mince garlic. Cut scallion stalk in 1-inch sections.
  
  2. Blend cornstarch, sherry and soy sauce.
  
  3. Heat oil. Add ginger root, garlic and scallion and stir-fry a few times.
  Add beef and stir-fry until it loses its redness (about 2 minutes). Remove
  from pan.
  
  4. Heat remaining oil. Add vegetables and stir-fry to heat and coat with
  oil.
  
  5. Stir in stock and heat quickly. Cook, covered, over medium heat, until
  vegetables are nearly done.
  
  6. Return beef, stir-frying to reheat and blend flavors. Then stir in
  cornstarch mixture to thicken. Serve at once.
  
  NOTE: Any vegetable can be used. See "Cooking Instructions for Specific
  Vegetables" for cooking time; see "Suggested Vegetable Combinations" for
  possible combinations. VARIATIONS:
  
   In step 3, add with the ginger root, etc., 1 tablespoon fermented black
  beans (soaked), mashed; or 1 tablespoon brown bean sauce, mashed.
  
   Cook the vegetables first (as in steps 4 and 5 ) and remove from pan. Then
  stir-fry the beef (as in step 3). Stir in the sherry and soy sauce (omit
  the cornstarch). Then return vegetables, stir-frying to reheat and blend
  flavors.
  
  From &lt;The Thousand Recipe Chinese Cookbook&gt;, ISBN 0-517-65870-4. Downloaded
  from Glen's MM Recipe Archive, http://www.erols.com/hosey.
 
</step></directions></recipe></recipeml>
