<?xml version="1.0" encoding="UTF-8"?>

<recipeml version="0.5">
  <recipe>
    <head>
      <title>Basic Sourdough Batter</title>
      <categories>
        <cat>Breads</cat></categories>
      <yield>1</yield></head>
    <ingredients>
      <ing>
        <amt>
          <qty>2</qty>
          <unit>cups</unit></amt>
        <item>Starter</item></ing>
      <ing>
        <amt>
          <qty>2</qty>
          <unit>tablespoons</unit></amt>
        <item>Butter</item></ing>
      <ing>
        <amt>
          <qty>1/2</qty>
          <unit>cups</unit></amt>
        <item>Milk</item></ing>
      <ing>
        <amt>
          <qty>1</qty>
          <unit>teaspoon</unit></amt>
        <item>Salt</item></ing>
      <ing>
        <amt>
          <qty>2</qty>
          <unit>tablespoons</unit></amt>
        <item>Sugar</item></ing>
      <ing>
        <amt>
          <qty>3</qty>
          <unit>cups</unit></amt>
        <item>White flour</item></ing></ingredients>
    <directions>
      <step>  Melt butter over moderate heat add the milk to the butter and warm. add the
  salt, sugar and stir until disolved. add this mixture to the starter and
  mix well add a cup of flour at a time mixing. spoon batter into a 4 1/2 X 8
  1/2 inch loaf pan let rise 1 to 2 hours or till dough rises up 1/2 inch
  over the pan bake in preheat oven at 350 for 45 minutes. Cool on wire rack
  From Dr Woods Worlds Sourdough from Antiquity
  
  From Gemini's MASSIVE MealMaster collection at www.synapse.com/~gemini
 
</step></directions></recipe></recipeml>
