<?xml version="1.0" encoding="UTF-8"?>

<recipeml version="0.5">
  <recipe>
    <head>
      <title>Baked Beans #08</title>
      <categories>
        <cat>Vegetable</cat></categories>
      <yield>6</yield></head>
    <ingredients>
      <ing>
        <amt>
          <qty>1</qty>
          <unit>can</unit></amt>
        <item>(large) pork and beans</item></ing>
      <ing>
        <amt>
          <qty>2</qty>
          <unit>tablespoons</unit></amt>
        <item>Grated onion</item></ing>
      <ing>
        <amt>
          <qty>1/4</qty>
          <unit>pounds</unit></amt>
        <item>Salt pork; diced</item></ing>
      <ing>
        <amt>
          <qty>1/4</qty>
          <unit>pounds</unit></amt>
        <item>Breakfast bacon; fried and crumbled</item></ing>
      <ing>
        <amt>
          <qty>2</qty>
          <unit>tablespoons</unit></amt>
        <item>Ketchup</item></ing>
      <ing>
        <amt>
          <qty>3</qty>
          <unit>tablespoons</unit></amt>
        <item>Blackstrap molasses</item></ing>
      <ing>
        <amt>
          <qty>1</qty>
          <unit>tablespoon</unit></amt>
        <item>Brown sugar</item></ing>
      <ing>
        <amt>
          <qty>1/4</qty>
          <unit>teaspoons</unit></amt>
        <item>Dry mustard</item></ing>
      <ing>
        <amt>
          <qty/>
          <unit/></amt>
        <item>Salt and pepper</item></ing></ingredients>
    <directions>
      <step>  From: bfrumker@cmnh.org (Bruce Frumker)
  
  Date: Tue, 30 Jul 1996 12:17:49 -0400
  Walter Jetton was BBQ caterer to the LBJ Ranch.  In 1965, he (along with
  Arthur Whitman) published "Walter Jetton's LBJ Barbecue Cook Book."  I have
  mentioned it a couple of times in posts, and, since the book is long out of
  print, I got several requests to post some of the recipes.  Here are some
  of my favorites, along with Jetton's comments and instructions...
  
  The easiest way to get yourself a good baked bean dish is to buy yourself
  some canned baked beans and then procede as follows.
  
  Mix all the ingredients in a skillet and cook on the grill about 15 minutes
  so the flavors can blend.  Some canned tomatoes on top will pep up the
  color and add to the flavor.
  
  bbq-digest V2 #058
  
  From the BBQ recipe list.  Downloaded from Glen's MM Recipe Archive,
  http://www.erols.com/hosey.
 
</step></directions></recipe></recipeml>
