<?xml version="1.0" encoding="UTF-8"?>

<recipeml version="0.5">
  <recipe>
    <head>
      <title>Baked Blue Flower Chive Omelet</title>
      <categories>
        <cat>None</cat></categories>
      <yield>1</yield></head>
    <ingredients>
      <ing>
        <amt>
          <qty>4</qty>
          <unit/></amt>
        <item>Eggs</item></ing>
      <ing>
        <amt>
          <qty>4</qty>
          <unit>tablespoons</unit></amt>
        <item>Milk</item></ing>
      <ing>
        <amt>
          <qty/>
          <unit/></amt>
        <item>Salt and pepper to taste</item></ing>
      <ing>
        <amt>
          <qty>2</qty>
          <unit>tablespoons</unit></amt>
        <item>Minced chives</item></ing>
      <ing>
        <amt>
          <qty>3</qty>
          <unit>tablespoons</unit></amt>
        <item>Butter</item></ing>
      <ing>
        <amt>
          <qty>1</qty>
          <unit/></amt>
        <item>Dozen or so chive blossoms; about</item></ing></ingredients>
    <directions>
      <step>  (Naturally, this dish can only be made when the chives are at full bloom. )
  
  Melt the butter in a frying pan then combine the remaining ingredients
  (save the blossoms) in a blender and pour into the hot, buttered pan. As
  the edges of the omelet begin to set, reduce the heat somewhat and with a
  spatula turn the uncooked eggs to the bottom of the skillet until they are
  all cooked.
  
  Sprinkle the washed blossoms across the top of the eggs and then fold the
  omelet over and let cook another few minutes. Serve.
  
  Posted to recipelu-digest by molony &lt;molony@scsn.net&gt; on Feb 27, 1998
 
</step></directions></recipe></recipeml>
