<?xml version="1.0" encoding="UTF-8"?>

<recipeml version="0.5">
  <recipe>
    <head>
      <title>Baked Bean Casserole #1</title>
      <categories>
        <cat>Casserole</cat></categories>
      <yield>4</yield></head>
    <ingredients>
      <ing>
        <amt>
          <qty>2</qty>
          <unit>cans</unit></amt>
        <item>Baked beans</item></ing>
      <ing>
        <amt>
          <qty>1/4</qty>
          <unit>cups</unit></amt>
        <item>Chopped onions</item></ing>
      <ing>
        <amt>
          <qty>1/4</qty>
          <unit>cups</unit></amt>
        <item>Chopped green pepper</item></ing>
      <ing>
        <amt>
          <qty>1/4</qty>
          <unit>cups</unit></amt>
        <item>Crushed pineapple</item></ing>
      <ing>
        <amt>
          <qty>3/4</qty>
          <unit>cups</unit></amt>
        <item>Soy breakfast links cut into pieces</item></ing>
      <ing>
        <amt>
          <qty>1/2</qty>
          <unit>tablespoons</unit></amt>
        <item>Spicy mustard</item></ing>
      <ing>
        <amt>
          <qty>1/8</qty>
          <unit>cups</unit></amt>
        <item>BBQ sauce or ketchup</item></ing>
      <ing>
        <amt>
          <qty>1</qty>
          <unit/></amt>
        <item>Box (small) corn bread mix</item></ing>
      <ing>
        <amt>
          <qty/>
          <unit/></amt>
        <item>Salt and pepper to taste</item></ing>
      <ing>
        <amt>
          <qty>This</qty>
          <unit>is</unit></amt>
        <item>something I like to have in the fall on those cool evenings.  The</item></ing></ingredients>
    <directions>
      <step>  measurements are not exact and you can basically add ingredients according
  to taste. This version is vegeterian, but can be adapted for a meat eater.
  
   In a casserole dish or large square baking pan, mix all ingredients except
  corn bread mix.  Prepare corn bread mix according to package directions.
  Pour over the bean mixture. Bake at 350 degrees for 30 to 40 minutes.
  
   This will serve 4 as a main dish with a salad.  It will serve 8-10 as a
  side dish.  Enjoy!
  
  SAMADM@RITVAX.ISC.RIT.EDU
  
  REC.FOOD.RECIPES
  
  From rec.food.cooking archives.  Downloaded from Glen's MM Recipe Archive,
  http://www.erols.com/hosey.
 
</step></directions></recipe></recipeml>
