<?xml version="1.0" encoding="UTF-8"?>

<recipeml version="0.5">
  <recipe>
    <head>
      <title>Baked Brie with Carmelized Onions</title>
      <categories>
        <cat>Appetizer</cat></categories>
      <yield>24</yield></head>
    <ingredients>
      <ing>
        <amt>
          <qty>17</qty>
          <unit>ounces</unit></amt>
        <item>Wheel of Brie; chilled</item></ing>
      <ing>
        <amt>
          <qty>1</qty>
          <unit/></amt>
        <item>Sheet frozen puff pastry; thawed</item></ing>
      <ing>
        <amt>
          <qty>3</qty>
          <unit>tablespoons</unit></amt>
        <item>Butter</item></ing>
      <ing>
        <amt>
          <qty>3</qty>
          <unit>large</unit></amt>
        <item>Onions; sliced</item></ing>
      <ing>
        <amt>
          <qty>1</qty>
          <unit>teaspoon</unit></amt>
        <item>Dried thyme</item></ing>
      <ing>
        <amt>
          <qty>2</qty>
          <unit/></amt>
        <item>Cloves garlic; minced</item></ing>
      <ing>
        <amt>
          <qty>1/2</qty>
          <unit>cups</unit></amt>
        <item>Dry white wine</item></ing>
      <ing>
        <amt>
          <qty>1</qty>
          <unit>teaspoon</unit></amt>
        <item>Sugar</item></ing>
      <ing>
        <amt>
          <qty>1</qty>
          <unit/></amt>
        <item>Egg yolk</item></ing>
      <ing>
        <amt>
          <qty>From:</qty>
          <unit/></amt>
        <item>Betsy Burtis &lt;BuddoB@AOL.COM&gt;</item></ing>
      <ing>
        <amt>
          <qty>Date:</qty>
          <unit/></amt>
        <item>Wed, 17 Jul 1996 06:14:53 -0400</item></ing></ingredients>
    <directions>
      <step>  Recipe By: Betsy Burtis
  
  1.  Prepare caramelized onions: Melt butter in large skillet over medium
  high heat. Add onions, saute until just tender. Add thyme, reduce heat to
  medium and cook until onions are golden, stirring often. Add garlic and
  saute two minutes. Add 1/4 cup wine, stir until almost all liquid has
  evaporated. Sprinkle sugar over onions and saute until soft and brown. Add
  remaining wine and stir till liquid evaporates. Season to taste with salt
  and pepper.
  
  2.  On lightly floured board, roll out pastry to 1/8" thickness.  Transfer
  to a baking sheet.
  
  3.  Halve Brie horizontally.  Place one half of Brie, cut side up, in
  middle of pastry. Top with caramelized onions. Cover with other half of
  Brie, cut side down.
  
  4.  Draw pastry up around brie, holding corners.  Tuck edges in and twist
  corners together to form bundle.
  
  5.  Beat egg yolk with 1 tsp water and brush on pastry, avoiding edges.
  
  6.  Bake at 425o for 20 minutes or until golden and puffed.  Let Brie stand
  in pan on rack for 20 minutes for runny cheese or 40 minutes for thicker
  cheese.
  
  EAT-L Digest 16 July 96
  
  From the EAT-L recipe list.  Downloaded from Glen's MM Recipe Archive,
  http://www.erols.com/hosey.
 
</step></directions></recipe></recipeml>
