<?xml version="1.0" encoding="UTF-8"?>

<recipeml version="0.5">
  <recipe>
    <head>
      <title>Baked Bean Sausage Casserole</title>
      <categories>
        <cat>Bake-</cat>
        <cat>Shoppe</cat></categories>
      <yield>25</yield></head>
    <ingredients>
      <ing>
        <amt>
          <qty>1</qty>
          <unit>package</unit></amt>
        <item>(10 Oz.) Frozen Lima Beans</item></ing>
      <ing>
        <amt>
          <qty>3</qty>
          <unit>cans</unit></amt>
        <item>(1 Lb.) Baked Beans</item></ing>
      <ing>
        <amt>
          <qty>2</qty>
          <unit>cans</unit></amt>
        <item>(1 Lb.) Kidney Beans; drained</item></ing>
      <ing>
        <amt>
          <qty>1</qty>
          <unit>pound</unit></amt>
        <item>Pork Link Sausage</item></ing>
      <ing>
        <amt>
          <qty>1/2</qty>
          <unit>pounds</unit></amt>
        <item>Smoked Ham; cut in 1/2" cubes</item></ing>
      <ing>
        <amt>
          <qty>1</qty>
          <unit>tablespoon</unit></amt>
        <item>Salt</item></ing>
      <ing>
        <amt>
          <qty>1/2</qty>
          <unit>teaspoons</unit></amt>
        <item>Mustard</item></ing>
      <ing>
        <amt>
          <qty>1/2</qty>
          <unit>tablespoons</unit></amt>
        <item>Pepper</item></ing>
      <ing>
        <amt>
          <qty>1</qty>
          <unit>can</unit></amt>
        <item>(8 Oz) Tomato Sauce</item></ing>
      <ing>
        <amt>
          <qty>1/2</qty>
          <unit>cups</unit></amt>
        <item>Catsup</item></ing>
      <ing>
        <amt>
          <qty>1/4</qty>
          <unit>cups</unit></amt>
        <item>Brown Sugar</item></ing>
      <ing>
        <amt>
          <qty>1</qty>
          <unit>medium</unit></amt>
        <item>Onion; chopped</item></ing></ingredients>
    <directions>
      <step>  Cook lima beans 10 minutes. Drain, mix with baked beans, drained kidney
  beans, port sausage (cut each link in 3 pcs.) ham, tomato sauce and
  seasonings with 3 1/2 qt. casserole. Bake uncovered in 400 degrees for one
  hour. Add water during cooking if casserole seems dry.
  
  Serves 25 at buffet.
  
  Source: Recipes Out of This World Women of St. Agnes Catholic Church
  Charleston, WV 1969
  
  Recipe by: Claire Foster
  
  Posted to MC-Recipe Digest by Bill Spalding &lt;billspa@icanect.net&gt; on Feb
  26, 1998
 
</step></directions></recipe></recipeml>
