<?xml version="1.0" encoding="UTF-8"?>

<recipeml version="0.5">
  <recipe>
    <head>
      <title>Baked Black Pot Jambalaya</title>
      <categories>
        <cat>Rice</cat></categories>
      <yield>1</yield></head>
    <ingredients>
      <ing>
        <amt>
          <qty>2</qty>
          <unit>cups</unit></amt>
        <item>Uncooked long grain rice</item></ing>
      <ing>
        <amt>
          <qty>1/2</qty>
          <unit>cups</unit></amt>
        <item>Margarine -- melted</item></ing>
      <ing>
        <amt>
          <qty>1/2</qty>
          <unit>cups</unit></amt>
        <item>Vegetable cooking oil</item></ing>
      <ing>
        <amt>
          <qty>2</qty>
          <unit>cups</unit></amt>
        <item>Onions -- chopped</item></ing>
      <ing>
        <amt>
          <qty>1</qty>
          <unit/></amt>
        <item>Bell pepper -- chopped</item></ing>
      <ing>
        <amt>
          <qty>4</qty>
          <unit/></amt>
        <item>Cloves garlic -- minced</item></ing>
      <ing>
        <amt>
          <qty>6</qty>
          <unit>cups</unit></amt>
        <item>Meat: either chicken or</item></ing>
      <ing>
        <amt>
          <qty/>
          <unit/></amt>
        <item>Shrimp or</item></ing>
      <ing>
        <amt>
          <qty/>
          <unit/></amt>
        <item>Oysters or crawfish or salt</item></ing>
      <ing>
        <amt>
          <qty/>
          <unit/></amt>
        <item>Meat</item></ing>
      <ing>
        <amt>
          <qty/>
          <unit/></amt>
        <item>Or sausage</item></ing>
      <ing>
        <amt>
          <qty>1/2</qty>
          <unit>cups</unit></amt>
        <item>Whole tomato -- squeezed</item></ing>
      <ing>
        <amt>
          <qty>3</qty>
          <unit>cups</unit></amt>
        <item>Chicken broth</item></ing>
      <ing>
        <amt>
          <qty>1</qty>
          <unit>tablespoon</unit></amt>
        <item>Worcestershire sauce</item></ing>
      <ing>
        <amt>
          <qty>4</qty>
          <unit>tablespoons</unit></amt>
        <item>Louisiana hot sauce</item></ing>
      <ing>
        <amt>
          <qty>1</qty>
          <unit>tablespoon</unit></amt>
        <item>Kitchen Bouquet</item></ing>
      <ing>
        <amt>
          <qty>3</qty>
          <unit>teaspoons</unit></amt>
        <item>Salt</item></ing>
      <ing>
        <amt>
          <qty>1</qty>
          <unit>teaspoon</unit></amt>
        <item>Cayenne pepper</item></ing>
      <ing>
        <amt>
          <qty>1/4</qty>
          <unit/></amt>
        <item>Stick sweet cream butter --</item></ing>
      <ing>
        <amt>
          <qty/>
          <unit/></amt>
        <item>Melted</item></ing>
      <ing>
        <amt>
          <qty>1/2</qty>
          <unit>cups</unit></amt>
        <item>Green onions -- sliced</item></ing>
      <ing>
        <amt>
          <qty>4</qty>
          <unit>tablespoons</unit></amt>
        <item>Parsley -- minced</item></ing></ingredients>
    <directions>
      <step>  In a 5 quart cast iron Dutch oven, mix rice and melted margarine
  together thorougly, making sure all rice is coated. In a 12 inch
  heavy aluminum skillet, heat the cooking oil over high heat and Saute
  the onions, bell pepper and garlic until they start to brown. Drop in
  meats and fry them along with the seasonings. Mix the meats and
  Sauteed vegetables into the raw rice, and toss in the remaining
  ingredients, except the green onions and parsley. Pour in the butter
  and mix everything together until well blended. Cover the Dutch oven
  tightly and bake at 375  for 45 minutes. Toss in green onions and
  parsley, stir the jambalaya to mix all the ingredients, cover the pot
  and continue to bake for another 15 minutes or until the rice is
  tender and flaky. Festival: Louisiana Oyster Festival; July 14-16,
  1995.
  
  Recipe By     : Cajun Country Recipes
  
  From:	billspa@icanect.Net (Bill Spaldindate:	96-07-10 16:30:16 Edt
  Posted to MM-Recipes Digest V3 #246
  
  Date: Sun, 8 Sep 1996 23:27:00 -0400
  
  From: BobbieB1@aol.com
 
</step></directions></recipe></recipeml>
