<?xml version="1.0" encoding="UTF-8"?>

<recipeml version="0.5">
  <recipe>
    <head>
      <title>Baked Breast of Chicken in Wine</title>
      <categories>
        <cat>Poultry</cat></categories>
      <yield>4</yield></head>
    <ingredients>
      <ing>
        <amt>
          <qty>4</qty>
          <unit/></amt>
        <item>Chicken breasts; boneless and skinless</item></ing>
      <ing>
        <amt>
          <qty/>
          <unit/></amt>
        <item>Salt; pepper, paprika</item></ing>
      <ing>
        <amt>
          <qty>1/4</qty>
          <unit>cups</unit></amt>
        <item>Butter*</item></ing>
      <ing>
        <amt>
          <qty>2</qty>
          <unit>tablespoons</unit></amt>
        <item>Butter for sauce</item></ing>
      <ing>
        <amt>
          <qty>1</qty>
          <unit/></amt>
        <item>Jar mushrooms (optional)</item></ing>
      <ing>
        <amt>
          <qty>2</qty>
          <unit>tablespoons</unit></amt>
        <item>Flour</item></ing>
      <ing>
        <amt>
          <qty>1/2</qty>
          <unit>cups</unit></amt>
        <item>Chicken bouillon</item></ing>
      <ing>
        <amt>
          <qty>1/2</qty>
          <unit>cups</unit></amt>
        <item>White wine</item></ing>
      <ing>
        <amt>
          <qty>1/2</qty>
          <unit>tablespoons</unit></amt>
        <item>Chopped parsley</item></ing>
      <ing>
        <amt>
          <qty>Date:</qty>
          <unit/></amt>
        <item>Tue, 18 Jun 1996 12:02:01 -0400</item></ing>
      <ing>
        <amt>
          <qty>From:</qty>
          <unit/></amt>
        <item>Linda Robinson &lt;CatRescuer@AOL.COM&gt;</item></ing></ingredients>
    <directions>
      <step>  Preheat oven to 400x F.  Season chicken breasts with salt, pepper and
  paprika.  Arrange in butter baking pan and dot with 1/4 c. butterx.  Bake
       15    minutes, uncovered.
  
  Meanwhile, melt 2 T. butter in a saucepan and add flour; cook for a minute
  or two.  Stir in bouillon (made from cubes, or use canned for less salt)
  and wine. Cook and stir until thickened and smooth. Add parsley. Add
  mushrooms, if desired. Pour sauce over chicken; cover pan tightly. Bake
  10-15 minutes longer, until chicken is done.
  
  Makes 4 servings, and goes well with wild rice or a rice pilaf.  Looks and
  tastes like more trouble than it is!
  
  *I use about half that amount and it works just as well.
  
  EAT-L DIGEST 17 JUNE 1996
  
  From the EAT-L recipe list.  Downloaded from Glen's MM Recipe Archive,
  http://www.erols.com/hosey.
 
</step></directions></recipe></recipeml>
