<?xml version="1.0" encoding="UTF-8"?>

<recipeml version="0.5">
  <recipe>
    <head>
      <title>Baked Beefy Tomato Rigatoni</title>
      <categories>
        <cat>Beef</cat>
        <cat>Main dish</cat>
        <cat>Pasta</cat>
        <cat>Sf chronicl</cat></categories>
      <yield>6</yield></head>
    <ingredients>
      <ing>
        <amt>
          <qty>1</qty>
          <unit>tablespoon</unit></amt>
        <item>Olive oil</item></ing>
      <ing>
        <amt>
          <qty>1</qty>
          <unit/></amt>
        <item>Onion; lg., chopped</item></ing>
      <ing>
        <amt>
          <qty>1</qty>
          <unit>can</unit></amt>
        <item>(28-oz) tomatoes; crushed</item></ing>
      <ing>
        <amt>
          <qty>2</qty>
          <unit>cups</unit></amt>
        <item>Rump roast; shredded, Drunken Rump Roast</item></ing>
      <ing>
        <amt>
          <qty>1/4</qty>
          <unit>teaspoons</unit></amt>
        <item>Salt</item></ing>
      <ing>
        <amt>
          <qty>1/4</qty>
          <unit>teaspoons</unit></amt>
        <item>Red pepper flakes</item></ing>
      <ing>
        <amt>
          <qty>1</qty>
          <unit>pound</unit></amt>
        <item>Pasta; rigatoni, cooked and drained</item></ing>
      <ing>
        <amt>
          <qty>1</qty>
          <unit>cup</unit></amt>
        <item>Provolone cheese; shredded</item></ing>
      <ing>
        <amt>
          <qty>2</qty>
          <unit>cups</unit></amt>
        <item>Mozzarella cheese; shredded</item></ing></ingredients>
    <directions>
      <step>  THIS IS A LEFT-OVER RECIPE FOR USE WITH THE DRUNKEN RUMP ROAST MASTER
  RECIPE.
  
  Preheat oven to 400F. Heat the oil in aheavy saucepan over medium heat. Add
  the onion and saute for 3 minutes.
  
  Add the tomatoes and their liquid, bring to a boil, reduce heat and simmer
  for 5 minutes. Add the meat, salt and pepper flakes; simmer for 5 minutes.
  
  Toss the sauce with the pasta. Transfer to an ovenproof casserole about 15
  x 10 x 2 inches. Top with the cheese.
  
  Bake about 25 minutes, until the cheese is lightly browned and the pasta is
  heated through.
  
  See notes for menu suggestions.
  
  NOTES : Serve with a lightly dressed green salad and garlic toast. Follow
  with brandied figs.
  Recipe by: SF Chronicle, Jan. 31, 1996 - WEEKEND COOK
  
  Posted to MC-Recipe Digest V1 #983 by Judi Moseley &lt;judi@moseleygroup.com&gt;
  on Jan 4, 1998
 
</step></directions></recipe></recipeml>
