<?xml version="1.0" encoding="UTF-8"?>

<recipeml version="0.5">
  <recipe>
    <head>
      <title>Baked Beggar's Chicken in Salt Dough</title>
      <categories>
        <cat>*md</cat>
        <cat>Chicken</cat>
        <cat>Tvfn</cat></categories>
      <yield>5</yield></head>
    <ingredients>
      <ing-div>
        <title>MARINADE</title>
        <ing>
          <amt>
            <qty>4</qty>
            <unit>tablespoons</unit></amt>
          <item>Chinese wine</item></ing>
        <ing>
          <amt>
            <qty/>
            <unit/></amt>
          <item>Salt and pepper to taste</item></ing>
        <ing>
          <amt>
            <qty>2</qty>
            <unit>teaspoons</unit></amt>
          <item>Soya sauce</item></ing>
        <ing>
          <amt>
            <qty>1 1/2</qty>
            <unit>tablespoons</unit></amt>
          <item>Ginger</item></ing>
        <ing>
          <amt>
            <qty>1 1/2</qty>
            <unit>tablespoons</unit></amt>
          <item>Spring onion</item></ing>
        <ing>
          <amt>
            <qty>1</qty>
            <unit>ounce</unit></amt>
          <item>Corn flour</item></ing>
        <ing>
          <amt>
            <qty>2</qty>
            <unit/></amt>
          <item>Egg whites</item></ing>
        <ing>
          <amt>
            <qty>1</qty>
            <unit/></amt>
          <item>Whole chicken</item></ing>
        <ing>
          <amt>
            <qty>3</qty>
            <unit/></amt>
          <item>Pieces lotus leaves</item></ing>
        <ing>
          <amt>
            <qty>1</qty>
            <unit/></amt>
          <item>Pieces string to tie chicken</item></ing></ing-div>
      <ing-div>
        <title>SALT DOUGH</title>
        <ing>
          <amt>
            <qty>6 1/2</qty>
            <unit>pounds</unit></amt>
          <item>Salt</item></ing>
        <ing>
          <amt>
            <qty>4 1/2</qty>
            <unit>pounds</unit></amt>
          <item>Plain flour</item></ing>
        <ing>
          <amt>
            <qty>7</qty>
            <unit>tablespoons</unit></amt>
          <item>Water - add more if needed</item></ing></ing-div>
      <ing-div>
        <title>STUFFING</title>
        <ing>
          <amt>
            <qty>1</qty>
            <unit>cup</unit></amt>
          <item>Black mushrooms; jullienned</item></ing>
        <ing>
          <amt>
            <qty>2/3</qty>
            <unit>cups</unit></amt>
          <item>Bamboo shoots; jullienned</item></ing>
        <ing>
          <amt>
            <qty>2/3</qty>
            <unit>cups</unit></amt>
          <item>Carrots; jullienned</item></ing>
        <ing>
          <amt>
            <qty>2/3</qty>
            <unit>cups</unit></amt>
          <item>Celery; jullienned</item></ing>
        <ing>
          <amt>
            <qty>1/4</qty>
            <unit>cups</unit></amt>
          <item>Coriander; julienned</item></ing></ing-div></ingredients>
    <directions>
      <step>  In a large bowl, combine wine, salt, pepper, soya, ginger, spring onion,
  corn flour and eggs whites. Submerge whole chicken in marinade and let sit,
  refrigerated, overnight. Mix salt, flour and water to form a dough which is
  big enough to cover the chicken. Stir fry the vegetables. Season with salt
  and pepper. Keep cool. Put the stuffing in the chicken, cover with Lotus
  Leaf and tie the string tight with the string. Place the chicken in the
  salt dough and cover carefully. Bake in oven (in a slow heat) for around 2-
  2 1/2 hours. Break open dough over large pan to catch juices. Yield: 5
  servings
  
  Recipe by: GOURMET GETAWAYS SHOW #GG1A03
  
  Posted to MC-Recipe Digest V1 #928 by Emily Griffin
  &lt;emgriffi@ix.netcom.com&gt; on Nov 28, 1997
 
</step></directions></recipe></recipeml>
