<?xml version="1.0" encoding="UTF-8"?>

<recipeml version="0.5">
  <recipe>
    <head>
      <title>Baked Blintz</title>
      <categories>
        <cat>Breakfasts</cat></categories>
      <yield>8</yield></head>
    <ingredients>
      <ing-div>
        <title/>
        <ing>
          <amt>
            <qty>6</qty>
            <unit>ounces</unit></amt>
          <item>Cream cheese; (room temp.)</item></ing>
        <ing>
          <amt>
            <qty>1</qty>
            <unit>cup</unit></amt>
          <item>Lowfat cottage cheese</item></ing>
        <ing>
          <amt>
            <qty>1</qty>
            <unit/></amt>
          <item>Egg beaten</item></ing>
        <ing>
          <amt>
            <qty>1</qty>
            <unit>tablespoon</unit></amt>
          <item>Sugar</item></ing>
        <ing>
          <amt>
            <qty>1</qty>
            <unit>teaspoon</unit></amt>
          <item>Vanilla</item></ing></ing-div>
      <ing-div>
        <title>BATTER</title>
        <ing>
          <amt>
            <qty>1/2</qty>
            <unit>cups</unit></amt>
          <item>Butter or margarine; (room temp.)</item></ing>
        <ing>
          <amt>
            <qty>1/3</qty>
            <unit>cups</unit></amt>
          <item>Sugar</item></ing>
        <ing>
          <amt>
            <qty>4</qty>
            <unit/></amt>
          <item>Eggs</item></ing>
        <ing>
          <amt>
            <qty>1</qty>
            <unit>cup</unit></amt>
          <item>Flour</item></ing>
        <ing>
          <amt>
            <qty>2</qty>
            <unit>teaspoons</unit></amt>
          <item>Baking powder</item></ing>
        <ing>
          <amt>
            <qty>1</qty>
            <unit>cup</unit></amt>
          <item>Plain yogurt</item></ing>
        <ing>
          <amt>
            <qty>1/2</qty>
            <unit>cups</unit></amt>
          <item>Lowfat sour cream</item></ing>
        <ing>
          <amt>
            <qty>1/2</qty>
            <unit>cups</unit></amt>
          <item>Orange juice</item></ing></ing-div></ingredients>
    <directions>
      <step>  Preheat oven to 375°. Butter and flour a large casserole dish (9x13). In a
  small bowl, beat filling ingredients: cream cheese, add cottage cheese,
  egg, sugar and vanilla, mix well and set aside.
  
  In a large bowl, cream butter and sugar. Add eggs one at a time beating
  well. Add flour and baking powder. Mix in sour cream and yogurt and add
  orange juice.
  
  Pour 1/2 of batter into prepared casserole dish, layer in filling and then
  top with remaining batter. Bake 45-50 minutes until lightly browned. Slice
  into squares and serve with a dollop of sour cream and yogurt and fresh
  berry preserves.
  
  Notes: Over the years this has been one of our most requested recipes. It
  makes a great brunch dish and it can be assembled the night before,
  refrigerated and baked in the morning.
  
  Recipe by: Salisbury House Bed &amp; Breakfast, Seattle, Washington
  
  Posted to MC-Recipe Digest by SuzyWert@aol.com on Feb 12, 1998
 
</step></directions></recipe></recipeml>
