<?xml version="1.0" encoding="UTF-8"?>

<recipeml version="0.5">
  <recipe>
    <head>
      <title>Baked Beans (Kens)</title>
      <categories>
        <cat>None</cat></categories>
      <yield>6</yield></head>
    <ingredients>
      <ing>
        <amt>
          <qty>6</qty>
          <unit>cans</unit></amt>
        <item>(1 pound) baked beans, 1/2 liquid drained</item></ing>
      <ing>
        <amt>
          <qty>1/2</qty>
          <unit>cups</unit></amt>
        <item>Ketchup</item></ing>
      <ing>
        <amt>
          <qty>1/3</qty>
          <unit>cups</unit></amt>
        <item>Cheap yellow mustard</item></ing>
      <ing>
        <amt>
          <qty>1</qty>
          <unit/></amt>
        <item>Onion, sliced</item></ing>
      <ing>
        <amt>
          <qty/>
          <unit/></amt>
        <item>Tabasco to taste</item></ing>
      <ing>
        <amt>
          <qty>1</qty>
          <unit>teaspoon</unit></amt>
        <item>Garlic powder</item></ing>
      <ing>
        <amt>
          <qty>1</qty>
          <unit>pound</unit></amt>
        <item>Hamburger, browned</item></ing>
      <ing>
        <amt>
          <qty>1</qty>
          <unit>pound</unit></amt>
        <item>Thick sliced bacon, cooked, cut in half</item></ing>
      <ing>
        <amt>
          <qty>1/4</qty>
          <unit>cups</unit></amt>
        <item>Maple syrup</item></ing>
      <ing>
        <amt>
          <qty>3/4</qty>
          <unit>cups</unit></amt>
        <item>Brown sugar</item></ing>
      <ing>
        <amt>
          <qty>2</qty>
          <unit>tablespoons</unit></amt>
        <item>Liquid Smoke</item></ing>
      <ing>
        <amt>
          <qty>1/2</qty>
          <unit>teaspoons</unit></amt>
        <item>Ginger</item></ing></ingredients>
    <directions>
      <step>  Combine all in crockpot, low for 6 hours. Though meal is fully cooked at
  start, flavors blend much better at end of time period. This is probably my
  most requested recipe.Spice it up to your taste. I add cayenne and habanero
  powder for a nice burn.
  Posted to EAT-L Digest 15 Sep 96
  
  From:    Dot &amp; Tim McChesney &lt;jrjet@WHIDBEY.NET&gt;
  
  Date:    Mon, 16 Sep 1996 10:13:32 -0700
 
</step></directions></recipe></recipeml>
