<?xml version="1.0" encoding="UTF-8"?>

<recipeml version="0.5">
  <recipe>
    <head>
      <title>Baked Baby Artichokes</title>
      <categories>
        <cat>Vegetables</cat>
        <cat>Cookbook</cat>
        <cat>Artichokes</cat></categories>
      <yield>2</yield></head>
    <ingredients>
      <ing>
        <amt>
          <qty>6</qty>
          <unit/></amt>
        <item>Baby artichokes; (about 1/2 pound)</item></ing>
      <ing>
        <amt>
          <qty/>
          <unit/></amt>
        <item>Olive oil-flavored vegetable cooking spray</item></ing>
      <ing>
        <amt>
          <qty>3</qty>
          <unit>teaspoons</unit></amt>
        <item>Canned low-sodium chicken broth, undiluted</item></ing>
      <ing>
        <amt>
          <qty>1</qty>
          <unit>teaspoon</unit></amt>
        <item>Garlic; minced</item></ing>
      <ing>
        <amt>
          <qty>1/2</qty>
          <unit>teaspoons</unit></amt>
        <item>Olive oil</item></ing>
      <ing>
        <amt>
          <qty>1/4</qty>
          <unit>teaspoons</unit></amt>
        <item>Dried basil</item></ing>
      <ing>
        <amt>
          <qty>1/8</qty>
          <unit>teaspoons</unit></amt>
        <item>Freshly ground pepper</item></ing>
      <ing>
        <amt>
          <qty>1</qty>
          <unit>tablespoon</unit></amt>
        <item>Lemon juice</item></ing>
      <ing>
        <amt>
          <qty>2</qty>
          <unit>teaspoons</unit></amt>
        <item>Parmesan cheese; grated</item></ing></ingredients>
    <directions>
      <step>  Wash artichokes by plunging them up and down in cold water. Cut off stem
  ends, and trim 1/2 inch from top of each artichoke. Remove and discard any
  loose bottom leaves. Cook artichokes in boiling water to cover 10 minutes.
  Drain and cut each artichoke in half lengthwise.
  
  Place artichokes, cut side up, in a 7- x 5 1/4- x 1 1/2-inch baking dish
  coated with cooking spray. Combine chicken broth and next 4 ingredients,
  stirring well. Drizzle broth mixture evenly over artichokes. Cover and bake
  at 400 degrees for 15 minutes. Uncover and sprinkle with lemon juice and
  Parmesan cheese. Bake an additional 8 to 10 minutes or until lower leaves
  pull out easily Yield: 2 servings.
  
  Per Serving: Calories 50, Calories from Fat 38%, Fat 2.1 g, Sat Fat 0.6 g,
  Carbos 6.9 g, Protein 2.3. g, Chol 2 mg, Sod 77 mg. Exchanges: 1 vegetable.
  
  Source: Light Cooking For Two, Oxmoor House, 1995; ISBN: 0-8487-1434-2.
  
  Typos by Brenda Adams &lt;adamsfmle@sprintmail.com&gt;; MC formatted by
  MC_Buster. MC posted 9/23/97
  
  Recipe by: Light Cooking For Two, Oxmoor House
  
  Posted to MC-Recipe Digest V1 #799 by Badams &lt;adamsfmle@sprintmail.com&gt; on
  Sep 23, 1997
 
</step></directions></recipe></recipeml>
