<?xml version="1.0" encoding="UTF-8"?>

<recipeml version="0.5">
  <recipe>
    <head>
      <title>Baked Beans (White Canned)</title>
      <categories>
        <cat/></categories>
      <yield>100</yield></head>
    <ingredients>
      <ing>
        <amt>
          <qty>1</qty>
          <unit>pound</unit></amt>
        <item>BACON;SLICED FZ</item></ing>
      <ing>
        <amt>
          <qty>27 1/2</qty>
          <unit>pounds</unit></amt>
        <item>BEANS WHITE PORK #10</item></ing>
      <ing>
        <amt>
          <qty>1 1/2</qty>
          <unit>pounds</unit></amt>
        <item>ONIONS DRY</item></ing>
      <ing>
        <amt>
          <qty>1 1/2</qty>
          <unit>pounds</unit></amt>
        <item>SUGAR; BROWN, 2 LB</item></ing>
      <ing>
        <amt>
          <qty>1 1/8</qty>
          <unit>pounds</unit></amt>
        <item>CATSUP TOMATO#10</item></ing>
      <ing>
        <amt>
          <qty>1/4</qty>
          <unit>pounds</unit></amt>
        <item>MUSTARD PREP. 1 LB JAR</item></ing>
      <ing>
        <amt>
          <qty>PAN:</qty>
          <unit>12</unit></amt>
        <item>BY 20 BY 4-INCH STEAM TABLE PAN           TEMPERATURE:  350 F.OVEN</item></ing></ingredients>
    <directions>
      <step>  :
  
  1.  COOK BACON ACCORDING TO RECIPE NOS. L00200 OR L00202.  DRAIN.
  
  2.  COMBINE ONIONS, BEANS, CATSUP, SUGAR, MUSTARD AND BACON.  MIX WELL.
  
  3.  BAKE, UNCOVERED, 1 1/2 TO 2 HOURS OR UNTIL BROWNED.
  :
  **ALL NOTES ARE PER 100 PORTIONS.
  
  NOTE:  1.  IN STEP 2, 1 LB 11 OZ DRY ONIONS A.P. WILL YIELD 1 LB 8 OZ
  CHOPPED
  ONIONS.
  
  NOTE:  2.  IN STEP 2, 3 1/3 OZ (2/3 CUP PLUS 3 TBSP) DEHYDRATED ONIONS MAY
  BE
  USED.  SEE RECIPE NO. A01100.
  
  NOTE:  3.  IN STEP 2, 27 LB 8 OZ (8 1/2-NO. 3 CYL CN) CANNED WHITE BEANS
  WITH
  PORK IN TOMATO SAUCE MAY BE USED.
  
  NOTE:  4.  OTHER SIZES AND TYPES OF PANS MAY BE USED.  SEE RECIPE NO. A-25.
  
  NOTE:  5.  ONE NO. 8 SCOOP MAY BE USED.
  
  NOTE:  6.  IN STEP 3, IF CONVECTION OVEN IS USED, BAKE AT 325 F. 1 1/2
  HOURS ON HIGH FAN; OPEN VENT.
  
  Recipe Number: Q00200
  
  SERVING SIZE: 1/2 CUP
  
  From the &lt;Army Master Recipe Index File&gt; (actually used today!).
  Downloaded from Glen's MM Recipe Archive, http://www.erols.com/hosey.
 
</step></directions></recipe></recipeml>
