<?xml version="1.0" encoding="UTF-8"?>

<recipeml version="0.5">
  <recipe>
    <head>
      <title>Baked Bean and Molasses Soup</title>
      <categories>
        <cat>Soups</cat>
        <cat>Easy</cat></categories>
      <yield>5</yield></head>
    <ingredients>
      <ing>
        <amt>
          <qty>3</qty>
          <unit>tablespoons</unit></amt>
        <item>Olive oil</item></ing>
      <ing>
        <amt>
          <qty>2</qty>
          <unit>medium</unit></amt>
        <item>Onions, chopped</item></ing>
      <ing>
        <amt>
          <qty>5</qty>
          <unit>teaspoons</unit></amt>
        <item>Chili powder</item></ing>
      <ing>
        <amt>
          <qty>1 1/2</qty>
          <unit>teaspoons</unit></amt>
        <item>Powdered mustard</item></ing>
      <ing>
        <amt>
          <qty>2</qty>
          <unit/></amt>
        <item>15 oz. cans stewed tomatoes</item></ing>
      <ing>
        <amt>
          <qty>2</qty>
          <unit/></amt>
        <item>15 oz. cans white beans, drained</item></ing>
      <ing>
        <amt>
          <qty>1/4</qty>
          <unit>cups</unit></amt>
        <item>Molasses</item></ing>
      <ing>
        <amt>
          <qty>1/2</qty>
          <unit>teaspoons</unit></amt>
        <item>Salt</item></ing>
      <ing>
        <amt>
          <qty>1/4</qty>
          <unit>teaspoons</unit></amt>
        <item>Black pepper</item></ing></ingredients>
    <directions>
      <step>  In a large saucepan, heat oil.  Add onions and cook over medium-high heat,
  stirring, until softened, about 3 minutes. Add chili powder and mustard and
  cook, stirring, 1 minute.
  
  Add tomatoes and their juice, beans, molasses, and 4 cups water. Bring to a
  boil over high heat, reduce heat to medium, and cook uncovered 8 minutes.
  
  Break up large chunks of tomatoes and mash about one-third of beans with
  the back of a spoon to thicken soup. Season with salt and pepper. Source:
  365 Great 20 Minutes Recipes. Typed in MMFormat by Cindy Hartlin
  Posted to MM-Recipes Digest V5 #029 by "Cindy Hartlin"
  &lt;cjhartlin@email.msn.com&gt; on Jan 29, 1998
 
</step></directions></recipe></recipeml>
