<?xml version="1.0" encoding="UTF-8"?>

<recipeml version="0.5">
  <recipe>
    <head>
      <title>Baked Bean Soup</title>
      <categories>
        <cat>None</cat></categories>
      <yield>1</yield></head>
    <ingredients>
      <ing>
        <amt>
          <qty>3</qty>
          <unit>cups</unit></amt>
        <item>Cold baked beans</item></ing>
      <ing>
        <amt>
          <qty>6</qty>
          <unit>cups</unit></amt>
        <item>Water</item></ing>
      <ing>
        <amt>
          <qty>2</qty>
          <unit>slices</unit></amt>
        <item>Onion</item></ing>
      <ing>
        <amt>
          <qty>2</qty>
          <unit/></amt>
        <item>Stalks celery with leaves</item></ing>
      <ing>
        <amt>
          <qty>1 1/2</qty>
          <unit>cups</unit></amt>
        <item>Stewed and strained tomatoes</item></ing>
      <ing>
        <amt>
          <qty>1</qty>
          <unit>tablespoon</unit></amt>
        <item>Chili sauce</item></ing>
      <ing>
        <amt>
          <qty>1</qty>
          <unit>teaspoon</unit></amt>
        <item>Salt</item></ing>
      <ing>
        <amt>
          <qty>1/2</qty>
          <unit>teaspoons</unit></amt>
        <item>Pepper</item></ing>
      <ing>
        <amt>
          <qty>1</qty>
          <unit>teaspoon</unit></amt>
        <item>Sugar</item></ing>
      <ing>
        <amt>
          <qty>2</qty>
          <unit>tablespoons</unit></amt>
        <item>Butter</item></ing>
      <ing>
        <amt>
          <qty>2</qty>
          <unit>tablespoons</unit></amt>
        <item>Flour</item></ing></ingredients>
    <directions>
      <step>  Put beans water, onion, and celery in saucepan; bring to boiling point, and
  then simmer 30 minutes.  Rub through a sieve, add tomato, chili to tomato
  mixture.  Cook together and heat through.
  
  Mustard and/or horse-radish was also used by the Hancock shakers to season
  Baked Bean Soup .  Serves 6
  
  Note:  I used Bush'es canned beans because they resemble homemade bake
  beans.  I thought that this was a really wonderful, simple Saturday night
  soup to whip up.  Mary Curtis
  
  Posted to EAT-L Digest  1 November 96
  
  Date:    Sat, 2 Nov 1996 17:07:06 -0500
  
  From:    Mary Curtis &lt;mcurtis@ONE.NET&gt;
 
</step></directions></recipe></recipeml>
