<?xml version="1.0" encoding="UTF-8"?>

<recipeml version="0.5">
  <recipe>
    <head>
      <title>Baked Blueberry French Bread</title>
      <categories>
        <cat>Breakfast</cat>
        <cat>Cookbook</cat>
        <cat>Inn</cat></categories>
      <yield>8</yield></head>
    <ingredients>
      <ing>
        <amt>
          <qty>16</qty>
          <unit>ounces</unit></amt>
        <item>Italian bread</item></ing>
      <ing>
        <amt>
          <qty>4</qty>
          <unit/></amt>
        <item>Eggs</item></ing>
      <ing>
        <amt>
          <qty>1/2</qty>
          <unit>cups</unit></amt>
        <item>Milk, 2% lowfat</item></ing>
      <ing>
        <amt>
          <qty>1/4</qty>
          <unit>teaspoons</unit></amt>
        <item>Baking powder</item></ing>
      <ing>
        <amt>
          <qty>1</qty>
          <unit>teaspoon</unit></amt>
        <item>Vanilla</item></ing>
      <ing>
        <amt>
          <qty>2 1/2</qty>
          <unit>cups</unit></amt>
        <item>Blueberries, frozen or fresh</item></ing>
      <ing>
        <amt>
          <qty>1/2</qty>
          <unit>cups</unit></amt>
        <item>Sugar</item></ing>
      <ing>
        <amt>
          <qty>1</qty>
          <unit>teaspoon</unit></amt>
        <item>Cinnamon</item></ing>
      <ing>
        <amt>
          <qty>1</qty>
          <unit>teaspoon</unit></amt>
        <item>Cornstarch</item></ing>
      <ing>
        <amt>
          <qty>2</qty>
          <unit>tablespoons</unit></amt>
        <item>Butter, melted</item></ing>
      <ing>
        <amt>
          <qty>1/4</qty>
          <unit>cups</unit></amt>
        <item>Powdered sugar</item></ing></ingredients>
    <directions>
      <step>  Slice the bread on the diagonal to create 8 3/4-inch thick pieces, heels
  removed. Arrange the bread slices in a 10-by-15 inch baking dish.
  
  In a medium bowl, whip together the eggs, milk, baking powder and vanilla.
  Slowly pour the mixture over the bread, turning each slice to coat
  completely. Cover the dish with plastic wrap and refrigerate for at least 1
  hour, but preferably overnight.
  
  Preheat the oven to 425 degrees. Coat another 10-by-15 inch baking dish
  with nonstick cooking spray. Sprinkle the blueberries over the bottom of
  the pan. Mix together the sugar, cinnamon and cornstarch and pour even over
  top of the berries. Tightly wedge the bread slices over the blueberries,
  wettest side up. Brush the bread with melted butter. Bake the French toast
  in the center of the oven for 20 to 25 minutes, or until golden brown.
  
  To serve, place the toast -- berry-side down -- on warmed plates. Stir the
  remaining berry mixture in the baking dish, then scoop over the toast.
  Sprinkle with powdered sugar.
  
  Note: This has lots of blueberries in it.When fresh berries are very sweet,
  reduce amount of sugar. Begin this recipe a few hours ahead of serving
  time.
  
  &gt;From "Vive La French Toast!" by Gail Greco
  
  Typos by Brenda Adams &lt;adamsfmle@sprintmail.com&gt;; mc post 7/9/97
  
  Recipe by: Seven Sisters Inn, Ocala, Florida Posted to MC-Recipe Digest V1
  #663 by Badams &lt;adamsfmle@sprintmail.com&gt; on Jul 09, 1997
 
</step></directions></recipe></recipeml>
