<?xml version="1.0" encoding="UTF-8"?>

<recipeml version="0.5">
  <recipe>
    <head>
      <title>Baked Barbecued Hot Dogs</title>
      <categories>
        <cat>Bake-shoppe</cat>
        <cat>Pork &amp; ham</cat>
        <cat>To post</cat></categories>
      <yield>20</yield></head>
    <ingredients>
      <ing>
        <amt>
          <qty>2</qty>
          <unit>cups</unit></amt>
        <item>Tomato Sauce; &lt;OR&gt;</item></ing>
      <ing>
        <amt>
          <qty>2</qty>
          <unit>cups</unit></amt>
        <item>Tomato Puree</item></ing>
      <ing>
        <amt>
          <qty>4</qty>
          <unit>tablespoons</unit></amt>
        <item>Chili Sauce</item></ing>
      <ing>
        <amt>
          <qty>1</qty>
          <unit>tablespoon</unit></amt>
        <item>Vinegar</item></ing>
      <ing>
        <amt>
          <qty>1</qty>
          <unit>tablespoon</unit></amt>
        <item>Lemon Juice</item></ing>
      <ing>
        <amt>
          <qty>2</qty>
          <unit>teaspoons</unit></amt>
        <item>Sugar</item></ing>
      <ing>
        <amt>
          <qty/>
          <unit/></amt>
        <item>Salt And Pepper</item></ing>
      <ing>
        <amt>
          <qty>1/2</qty>
          <unit>teaspoons</unit></amt>
        <item>Paprika</item></ing>
      <ing>
        <amt>
          <qty>1/4</qty>
          <unit>teaspoons</unit></amt>
        <item>Cinnamon</item></ing>
      <ing>
        <amt>
          <qty/>
          <unit/></amt>
        <item>Chopped Onions; as desired to taste</item></ing>
      <ing>
        <amt>
          <qty>1/4</qty>
          <unit>teaspoons</unit></amt>
        <item>Allspice</item></ing>
      <ing>
        <amt>
          <qty>3</qty>
          <unit/></amt>
        <item>Stalk Celery</item></ing></ingredients>
    <directions>
      <step>  Chop onions and celery and brown in cooking oil. Add remaining ingredients
  and cook for about 20 minutes. Pour over hot dogs in bread pan., and cook
  one hour in oven at 350°. Makes enough sauce for 20 hot dogs.
  
  Yield 20 servings.
  
  Source: Recipes Out of This World Women of St. Agnes Catholic Church
  Charleston, WV 1969
  
  billspa@icanect.net
  
  Recipe by: Eileen Pettigrew
  
  Posted to EAT-L Digest  by Bill Spalding &lt;billspa@ICANECT.NET&gt; on Feb 28,
  1998
 
</step></directions></recipe></recipeml>
