<?xml version="1.0" encoding="UTF-8"?>

<recipeml version="0.5">
  <recipe>
    <head>
      <title>Baked Bananas &lt;r T&gt;</title>
      <categories>
        <cat>Desserts</cat>
        <cat>Fruits</cat>
        <cat>Eat-lf mail</cat>
        <cat>Fatfree</cat></categories>
      <yield>4</yield></head>
    <ingredients>
      <ing>
        <amt>
          <qty>4</qty>
          <unit/></amt>
        <item>Bananas</item></ing>
      <ing>
        <amt>
          <qty>2</qty>
          <unit>teaspoons</unit></amt>
        <item>Apple Juice; Frozen Concentrate</item></ing>
      <ing>
        <amt>
          <qty>2</qty>
          <unit>teaspoons</unit></amt>
        <item>Honey</item></ing>
      <ing>
        <amt>
          <qty>1/2</qty>
          <unit>teaspoons</unit></amt>
        <item>Cinnamon</item></ing>
      <ing>
        <amt>
          <qty>1</qty>
          <unit>pinch</unit></amt>
        <item>Nutmeg</item></ing>
      <ing>
        <amt>
          <qty>1</qty>
          <unit>teaspoon</unit></amt>
        <item>Brown Sugar</item></ing></ingredients>
    <directions>
      <step>  Preheat oven to 350 deg F. Place the bananas, peeled and halved lengthwise,
  in pan. Spread bananas evenly with the other ingredients. Bake 15 - 20 min
  until juice and honey are melted, and bananas are browned.
  
  This was very good. If I make it again I would double the sauce as there is
  not really much for each serving as it is.
  
  Entered into MasterCook and tested for you by Reggie &amp; Jeff Dwork
  &lt;reggie@reggie.com&gt;
  
  NOTES : Cal  87.3, Fat 0.4g, Carb 22.4g, Fib 2g, Pro 0.8g, Sod 2mg, CFF
  3.6%.
  Recipe by: Woman's World Magazine, Sept 1995, pg 19 Posted to Digest
  eat-lf.v097.n184 by Reggie Dwork &lt;reggie@reggie.com&gt; on Jul 21, 1997
 
</step></directions></recipe></recipeml>
