<?xml version="1.0" encoding="UTF-8"?>

<recipeml version="0.5">
  <recipe>
    <head>
      <title>Baked Brie</title>
      <categories>
        <cat>None</cat></categories>
      <yield>1</yield></head>
    <ingredients>
      <ing>
        <amt>
          <qty>1</qty>
          <unit>pound</unit></amt>
        <item>Wedge of Brie</item></ing>
      <ing>
        <amt>
          <qty/>
          <unit/></amt>
        <item>Crackers</item></ing></ingredients>
    <directions>
      <step>  Place a 1-pound wedge of Brie on an ovenproof serving platter with a
  1-inch-deep rim.. Bake in a preheated 350 degree F oven until softened and
  slightly runny (20 minutes).
  
  Serve with crackers.
  
  Recipe By     : The California Culinary Academy
  
  File ftp://ftp.idiscover.co.uk/pub/food/mealmaster/recipes/mmdja006.zip
 
</step></directions></recipe></recipeml>
