<?xml version="1.0" encoding="UTF-8"?>

<recipeml version="0.5">
  <recipe>
    <head>
      <title>Baked Beef Brisket</title>
      <categories>
        <cat>Meats</cat>
        <cat>Beef</cat></categories>
      <yield>1</yield></head>
    <ingredients>
      <ing-div>
        <title/>
        <ing>
          <amt>
            <qty>5</qty>
            <unit>pounds</unit></amt>
          <item>Brisket</item></ing>
        <ing>
          <amt>
            <qty/>
            <unit/></amt>
          <item>Salt to taste</item></ing></ing-div>
      <ing-div>
        <title>SAUCE</title>
        <ing>
          <amt>
            <qty>1</qty>
            <unit>cup</unit></amt>
          <item>Ketchup</item></ing>
        <ing>
          <amt>
            <qty>2</qty>
            <unit>tablespoons</unit></amt>
          <item>Vinegar</item></ing>
        <ing>
          <amt>
            <qty>2</qty>
            <unit>tablespoons</unit></amt>
          <item>Brown sugar</item></ing>
        <ing>
          <amt>
            <qty>6</qty>
            <unit>dashes</unit></amt>
          <item>Lea &amp; Perrin</item></ing>
        <ing>
          <amt>
            <qty>4</qty>
            <unit>dashes</unit></amt>
          <item>Soy Sauce</item></ing>
        <ing>
          <amt>
            <qty>2</qty>
            <unit>dashes</unit></amt>
          <item>Tabasco; optional</item></ing></ing-div></ingredients>
    <directions>
      <step>  In large sheet heavy duty foil, wrap brisket loosely. BAKE 1 hour at 350~.
  Reduce heat to 300~. BAKE 1 hour. Heat sauce. Pour off excess grease and
  brush meat with 1/2 warm sauce. BAKE 1 hour. Drain grease. BAKE 1 hour.
  Drain and cover with remaining sauce. BAKE 1 hour. Total cooking time - 5
  hours. MM Waldine Van Geffen vghc42a@prodigy.com.
  Posted to JEWISH-FOOD digest V97 #329 by Nancy Berry &lt;nlberry@prodigy.net&gt;
  on Dec 19, 1997
 
</step></directions></recipe></recipeml>
