<?xml version="1.0" encoding="UTF-8"?>

<recipeml version="0.5">
  <recipe>
    <head>
      <title>Baked Autumn Vegetables with Barley and Wild Rice</title>
      <categories>
        <cat>Vegetables</cat>
        <cat>Meatless ma</cat>
        <cat>Vegetarian</cat></categories>
      <yield>12</yield></head>
    <ingredients>
      <ing>
        <amt>
          <qty>1</qty>
          <unit>cup</unit></amt>
        <item>Wild rice</item></ing>
      <ing>
        <amt>
          <qty>1/4</qty>
          <unit>cups</unit></amt>
        <item>Butter</item></ing>
      <ing>
        <amt>
          <qty>2</qty>
          <unit>cups</unit></amt>
        <item>Chopped onions</item></ing>
      <ing>
        <amt>
          <qty>1</qty>
          <unit>cup</unit></amt>
        <item>Pearl barley</item></ing>
      <ing>
        <amt>
          <qty>2</qty>
          <unit>cups</unit></amt>
        <item>Sweet potatoes</item></ing>
      <ing>
        <amt>
          <qty>2</qty>
          <unit>cups</unit></amt>
        <item>Squash</item></ing>
      <ing>
        <amt>
          <qty>2</qty>
          <unit>cups</unit></amt>
        <item>Parsnips</item></ing>
      <ing>
        <amt>
          <qty>2</qty>
          <unit>cups</unit></amt>
        <item>Celeriac/Celery Root; Peeled And Cubed, Cut Into Large Bite-Sized Chunks</item></ing>
      <ing>
        <amt>
          <qty>1</qty>
          <unit>pound</unit></amt>
        <item>Mushrooms; Optional, halved or quartered</item></ing>
      <ing>
        <amt>
          <qty>1</qty>
          <unit>teaspoon</unit></amt>
        <item>Salt</item></ing>
      <ing>
        <amt>
          <qty>1/4</qty>
          <unit>teaspoons</unit></amt>
        <item>Pepper</item></ing>
      <ing>
        <amt>
          <qty>3</qty>
          <unit>cups</unit></amt>
        <item>Chicken stock</item></ing>
      <ing>
        <amt>
          <qty>1</qty>
          <unit>cup</unit></amt>
        <item>Apple cider</item></ing></ingredients>
    <directions>
      <step>  Place wild rice in strainer and rinse under cold running water. Place rice
  in saucepan; add 4 cups water, cover and bring to boil. Reduce heat and
  boil gently for 1O minutes, drain and set aside. In large skillet, melt
  butter over medium heat. Add onions, cook until softened. Stir in barley
  and wild rice. Transfer mixture to 16-cup baking dish or roasting pan.
  Spread vegetables and mushrooms (if using) over grains. Sprinkle with salt
  and pepper. Pour in chicken stock and cider. Cover with lid or foil. Bake
  in 375F (190C) oven for 1 to 1-1/4 hours or until barley and rice are
  tender (the rice should be slightly chewy).
  
  Makes 8 to 12 servings Preparation time: 20 minutes Baking time: I to
    1-1/4    hours Per serving for 12): 230 calories, 4g fat, 44 g
  carbohydrate, 7 g protein; excellent source of vitamin A; good source of
  niacin, folate; very high source of fibre
  
  NOTES : Made 10 24-97 for Tim.Wonderful! Next time I will halve this
  recipe. I substituted celery and carrots for the celery root. Rutabagas
  would be good too Recipe by: Homemaker's Oct/97
  
  Posted to EAT-L Digest  by JoAnn &lt;joannr@PCLINK.COM&gt; on Dec 20, 1997
 
</step></directions></recipe></recipeml>
