<?xml version="1.0" encoding="UTF-8"?>

<recipeml version="0.5">
  <recipe>
    <head>
      <title>Baked Blue Cheese Halibut (Oregon)</title>
      <categories>
        <cat>Restaurant</cat>
        <cat>Seafood</cat></categories>
      <yield>6</yield></head>
    <ingredients>
      <ing-div>
        <title>DRESSING</title>
        <ing>
          <amt>
            <qty>1/4</qty>
            <unit>pounds</unit></amt>
          <item>Blue cheese; crumbled</item></ing>
        <ing>
          <amt>
            <qty>1/2</qty>
            <unit>quarts</unit></amt>
          <item>Buttermilk</item></ing>
        <ing>
          <amt>
            <qty>1 1/2</qty>
            <unit>cups</unit></amt>
          <item>Mayonnaise</item></ing>
        <ing>
          <amt>
            <qty>1</qty>
            <unit>cup</unit></amt>
          <item>Water</item></ing>
        <ing>
          <amt>
            <qty>1/2</qty>
            <unit>teaspoons</unit></amt>
          <item>Black pepper</item></ing>
        <ing>
          <amt>
            <qty>1</qty>
            <unit>teaspoon</unit></amt>
          <item>Garlic; crushed</item></ing>
        <ing>
          <amt>
            <qty>1/2</qty>
            <unit>teaspoons</unit></amt>
          <item>White pepper</item></ing>
        <ing>
          <amt>
            <qty>2</qty>
            <unit>pounds</unit></amt>
          <item>Halibut; cut in 5 oz. servings</item></ing>
        <ing>
          <amt>
            <qty>1</qty>
            <unit/></amt>
          <item>Red onion; sliced</item></ing>
        <ing>
          <amt>
            <qty/>
            <unit/></amt>
          <item>Blue cheese crumbled</item></ing></ing-div></ingredients>
    <directions>
      <step>  Mix all dressing ingredients, add water to thin if needed. Chill. Or: use
  blue cheese dressing of preference.
  
  Preheat oven to 350 degrees.
  
  In a large serving bowl or baking pan layer a thin amount of the blue
  cheese dressing. Put fish in and add another thin layer of dressing on top.
  Cover with sliced red onion and blue cheese crumbles.Bake for 25 to
       30    minutes.
  
  Source: Barbara Williams, Coasting &amp; Cooking Bk #4 -- Washington &amp; Oregon,
  1997. ISBN:0-9609950-2-1
  
  Typed and MC_Busted for you by Brenda Adams &lt;adamsfmle@sprintmail.com&gt;
  
  Recipe by: Pier 11 Feed Store, Astoria, Oregon
 
</step></directions></recipe></recipeml>
