<?xml version="1.0" encoding="UTF-8"?>

<recipeml version="0.5">
  <recipe>
    <head>
      <title>Baked Asparagus</title>
      <categories>
        <cat>Vegetables</cat></categories>
      <yield>1</yield></head>
    <ingredients>
      <ing>
        <amt>
          <qty>1 1/2</qty>
          <unit>pounds</unit></amt>
        <item>Fresh asparagus spears</item></ing>
      <ing>
        <amt>
          <qty>2</qty>
          <unit>tablespoons</unit></amt>
        <item>Fresh parsley (finely chopped)</item></ing>
      <ing>
        <amt>
          <qty>3</qty>
          <unit/></amt>
        <item>Garlic cloves thinly sliced</item></ing>
      <ing>
        <amt>
          <qty>4</qty>
          <unit>tablespoons</unit></amt>
        <item>Extra virgin olive oil</item></ing>
      <ing>
        <amt>
          <qty/>
          <unit/></amt>
        <item>Salt</item></ing>
      <ing>
        <amt>
          <qty/>
          <unit/></amt>
        <item>Freshly ground black pepper</item></ing></ingredients>
    <directions>
      <step>  Preheat oven to 400 degrees. Break tough ends off asparagus and place in a
  baking tray so the stalks don't overlap. Add remaining ingredients and bake
  uncovered until asparagus is just tender, 5-8 minutes. Serve hot.
  
  Nutritional Info Per Serving: Protein: 4 gr. (10%); Carbohydrates: 7 gr.
  (19%); Fat: 11 gr. (71%); Calories: 133; Sodium: 60 mg.; Cholesterol: 0 mg.
  Exchanges: 2 vegetable, 2 fat Serves 4-6
  
  Copyright Whole Foods Market, 1995, wfm@wholefoods.com
  (http://www.wholefoods.com/wf.html) Reprinted with permission from Whole
  Foods Market Meal-Master compatible format courtesy of Karen Mintzias
  
  From Gemini's MASSIVE MealMaster collection at www.synapse.com/~gemini
 
</step></directions></recipe></recipeml>
