<?xml version="1.0" encoding="UTF-8"?>

<recipeml version="0.5">
  <recipe>
    <head>
      <title>Baked Beans #05</title>
      <categories>
        <cat>Casserole</cat></categories>
      <yield>8</yield></head>
    <ingredients>
      <ing>
        <amt>
          <qty>1</qty>
          <unit>package</unit></amt>
        <item>(small) Navy (white) beans</item></ing>
      <ing>
        <amt>
          <qty>1/2</qty>
          <unit>cups</unit></amt>
        <item>Catsup</item></ing>
      <ing>
        <amt>
          <qty>1</qty>
          <unit>tablespoon</unit></amt>
        <item>Worcestershire sauce</item></ing>
      <ing>
        <amt>
          <qty>3</qty>
          <unit>tablespoons</unit></amt>
        <item>White sugar</item></ing>
      <ing>
        <amt>
          <qty/>
          <unit/></amt>
        <item>Brown sugar to taste; start with 3/4 cup and add according to your taste</item></ing>
      <ing>
        <amt>
          <qty>1/2</qty>
          <unit>cups</unit></amt>
        <item>Molasses (Grandma Brand desirable)</item></ing>
      <ing>
        <amt>
          <qty>1</qty>
          <unit>teaspoon</unit></amt>
        <item>Tabasco sauce; optional</item></ing>
      <ing>
        <amt>
          <qty>1</qty>
          <unit>tablespoon</unit></amt>
        <item>Coleman mustard</item></ing>
      <ing>
        <amt>
          <qty>1</qty>
          <unit>medium</unit></amt>
        <item>Onion; chopped</item></ing>
      <ing>
        <amt>
          <qty>1/2</qty>
          <unit>pounds</unit></amt>
        <item>Salt pork; cut into small cubes or thinly sliced</item></ing></ingredients>
    <directions>
      <step>   Soak 1 small package navy (white) beans overnight in water.  Rinse beans
  with cold water.  Add enough water to cover beans.  Simmer until soft but
  beans are still whole.  Save water.
  
   Mix remaining ingredients.  Add to beans with salt pork and onion with
  water from beans.  Bake at 350 degrees for 2 to 2-1/2 hours.  Check beans
  to determine if liquid has evaporated. Add water as needed to prevent beans
  from burning.
  
  SOAK BEANS OVERNIGHT
  
  From a book of my mother's (Judy Hosey) titled &lt;Senator Richard Matsuura's
  Favorite Recipes&gt;, mostly Japanese and Hawaiian.  Downloaded from Glen's MM
  Recipe Archive, http://www.erols.com/hosey.
 
</step></directions></recipe></recipeml>
