<?xml version="1.0" encoding="UTF-8"?>

<recipeml version="0.5">
  <recipe>
    <head>
      <title>Baked Beans</title>
      <categories>
        <cat>Crockpot</cat>
        <cat>Beans</cat></categories>
      <yield>1</yield></head>
    <ingredients>
      <ing>
        <amt>
          <qty>1</qty>
          <unit>pound</unit></amt>
        <item>Yellow eye beans</item></ing>
      <ing>
        <amt>
          <qty>2</qty>
          <unit>tablespoons</unit></amt>
        <item>Sugar</item></ing>
      <ing>
        <amt>
          <qty>1</qty>
          <unit>tablespoon</unit></amt>
        <item>Salt</item></ing>
      <ing>
        <amt>
          <qty>1/4</qty>
          <unit>teaspoons</unit></amt>
        <item>Ginger</item></ing>
      <ing>
        <amt>
          <qty>1/4</qty>
          <unit>teaspoons</unit></amt>
        <item>Dry mustard</item></ing>
      <ing>
        <amt>
          <qty>1</qty>
          <unit>teaspoon</unit></amt>
        <item>Thyme</item></ing>
      <ing>
        <amt>
          <qty>1/4</qty>
          <unit>cups</unit></amt>
        <item>Molasses</item></ing>
      <ing>
        <amt>
          <qty>1</qty>
          <unit>small</unit></amt>
        <item>Onion</item></ing>
      <ing>
        <amt>
          <qty>2</qty>
          <unit>tablespoons</unit></amt>
        <item>Margarine</item></ing></ingredients>
    <directions>
      <step>  Pick over beans. Cover with cold water and soak overnight. In a.m. bring to
  boil. Simmer until the husks curl when you blow on them. Rinse with hot
  water. Put 1/2 the beans into pot. Cut 1/2 onion over them and dots of 1 tb
  oleo. Repeat with second half. In a measuring cup put dry ingredients and
  mix. Add molasses to 1/2 cup mark. Add hot water to top and mix. Pour over
  beans. Add more hot water to rinse out cup and barely cover beans. Cook all
  day in crockpot. Remove cover the last hour to cook down or cool and
  reheat. Can double recipe for 4 quart crock and freeze left overs. MM
  Waldine Van Geffen vghc42a@prodigy.com.
  
  Posted to TNT - Prodigy's Recipe Exchange Newsletter  by
  CPYA82A@prodigy.com ( CELENA B FEILTEAU) on Aug 29, 1997
 
</step></directions></recipe></recipeml>
