<?xml version="1.0" encoding="UTF-8"?>

<recipeml version="0.5">
  <recipe>
    <head>
      <title>Baked Breast of Chicken Excelsior</title>
      <categories>
        <cat>None</cat></categories>
      <yield>1</yield></head>
    <ingredients>
      <ing>
        <amt>
          <qty>8</qty>
          <unit>ounces</unit></amt>
        <item>Chicken breast halves; boned and skinned</item></ing>
      <ing>
        <amt>
          <qty>1/2</qty>
          <unit>cups</unit></amt>
        <item>Butter or margarine; melted</item></ing>
      <ing>
        <amt>
          <qty/>
          <unit/></amt>
        <item>Garlic salt</item></ing>
      <ing>
        <amt>
          <qty>1</qty>
          <unit>teaspoon</unit></amt>
        <item>Paprika</item></ing>
      <ing>
        <amt>
          <qty>3</qty>
          <unit>tablespoons</unit></amt>
        <item>Lemon juice</item></ing>
      <ing>
        <amt>
          <qty>1</qty>
          <unit>cup</unit></amt>
        <item>Sour cream; room temp.</item></ing>
      <ing>
        <amt>
          <qty>1/2</qty>
          <unit>cups</unit></amt>
        <item>Sherry or broth</item></ing>
      <ing>
        <amt>
          <qty>8</qty>
          <unit>ounces</unit></amt>
        <item>Canned mushroom pieces; drained</item></ing>
      <ing>
        <amt>
          <qty>1</qty>
          <unit>dash</unit></amt>
        <item>Pepper</item></ing></ingredients>
    <directions>
      <step>  Preheat oven to 375.
  
  Sprinkle chicken with garlic salt to taste. Mix together melted margarine
  or butter, paprika and lemon juice. Brush chicken well with butter mixture
  and place in shallow baking pan. Bake, tented with foil, about 30 minutes
  or until tender, brushing with remaining butter mixture occasionally to
  keep from drying. In a bowl, blend together sour cream, sherry or broth,
  mushrooms, and pepper. Pour over chicken for last 15 minutes.
  
  Yield: 4 servings
  
  Posted to recipelu-digest by LSHW &lt;shusky@erols.com&gt; on Mar 21, 1998
 
</step></directions></recipe></recipeml>
