<?xml version="1.0" encoding="UTF-8"?>

<recipeml version="0.5">
  <recipe>
    <head>
      <title>Baked Artichoke Savories</title>
      <categories>
        <cat>Appetizer</cat></categories>
      <yield>12</yield></head>
    <ingredients>
      <ing>
        <amt>
          <qty>2</qty>
          <unit>tablespoons</unit></amt>
        <item>Chopped onion</item></ing>
      <ing>
        <amt>
          <qty>1</qty>
          <unit>teaspoon</unit></amt>
        <item>Pressed garlic</item></ing>
      <ing>
        <amt>
          <qty>1/3</qty>
          <unit>cups</unit></amt>
        <item>Dry sherry</item></ing>
      <ing>
        <amt>
          <qty>3</qty>
          <unit/></amt>
        <item>Egg whites</item></ing>
      <ing>
        <amt>
          <qty>1</qty>
          <unit/></amt>
        <item>Whole egg</item></ing>
      <ing>
        <amt>
          <qty>1/4</qty>
          <unit>cups</unit></amt>
        <item>Whole-wheat bread crumbs</item></ing>
      <ing>
        <amt>
          <qty>3</qty>
          <unit>tablespoons</unit></amt>
        <item>Minced parsley</item></ing>
      <ing>
        <amt>
          <qty>1/4</qty>
          <unit>teaspoons</unit></amt>
        <item>Dried dill</item></ing>
      <ing>
        <amt>
          <qty>1/8</qty>
          <unit>teaspoons</unit></amt>
        <item>Cayenne pepper</item></ing>
      <ing>
        <amt>
          <qty>1</qty>
          <unit>cup</unit></amt>
        <item>Grated low-fat Mozzarella cheese</item></ing>
      <ing>
        <amt>
          <qty>1/2</qty>
          <unit>cups</unit></amt>
        <item>Low-fat Ricotta cheese</item></ing>
      <ing>
        <amt>
          <qty>10</qty>
          <unit>ounces</unit></amt>
        <item>Marinated artichoke hearts; drained and chopped</item></ing></ingredients>
    <directions>
      <step>  Date: Tue, 2 Apr 1996 09:51:49 -0500 (EST)
  
  From: Hazel Slone &lt;hslone@freenet.columbus.oh.us&gt;
  
  Recipe By: the California Culinary Academy
  1. Preheat oven to 350 degrees F. Lightly oil an 8-inch square baking pan.
  
  2. In a heavy skillet over medium-high heat, saute onion and garlic in
  sherry until soft but not browned. Lightly beat egg whites until soft peaks
  form. Spoon into a bowl and mix with whole egg, bread crumbs, parsley,
  dill, cayenne, cheeses, and artichokes. Add sauteed onion and garlic. Pour
  into oiled baking pan.
  
  3. Bake until set (about 30 minutes). Let cool, then cut into about 25
  squares. Serve warm or cold. NOTES
  : Guests will devour these rich-tasting, melt-in-your-mouth pastries, so
  make plenty. Use marinated artichokes for the best flavor, and low-fat
  cheeses for the best nutritional value. This recipe can be made up to three
  weeks ahead of time and frozen until ready to bake and serve.
  
  MC-RECIPE@MASTERCOOK.COM
  
  MASTERCOOK RECIPES LIST SERVER
  
  From the MasterCook recipe list.  Downloaded from Glen's MM Recipe Archive,
  http://www.erols.com/hosey.
 
</step></directions></recipe></recipeml>
