<?xml version="1.0" encoding="UTF-8"?>

<recipeml version="0.5">
  <recipe>
    <head>
      <title>Baked Beans</title>
      <categories>
        <cat>Freezes</cat>
        <cat>Well</cat></categories>
      <yield>24</yield></head>
    <ingredients>
      <ing>
        <amt>
          <qty>3 1/2</qty>
          <unit>pounds</unit></amt>
        <item>Dry navy (pea) beans</item></ing>
      <ing>
        <amt>
          <qty>1 1/2</qty>
          <unit>gallons</unit></amt>
        <item>Boiling water</item></ing>
      <ing>
        <amt>
          <qty>1</qty>
          <unit>pound</unit></amt>
        <item>Salt pork; thinly sliced</item></ing>
      <ing>
        <amt>
          <qty>2</qty>
          <unit>tablespoons</unit></amt>
        <item>Salt</item></ing>
      <ing>
        <amt>
          <qty>2</qty>
          <unit>cups</unit></amt>
        <item>Bean cooking liquid</item></ing>
      <ing>
        <amt>
          <qty>2</qty>
          <unit>cups</unit></amt>
        <item>Dark molasses</item></ing>
      <ing>
        <amt>
          <qty>1</qty>
          <unit>cup</unit></amt>
        <item>Packed brown sugar</item></ing>
      <ing>
        <amt>
          <qty>4</qty>
          <unit>teaspoons</unit></amt>
        <item>Dry mustard</item></ing>
      <ing>
        <amt>
          <qty>2</qty>
          <unit>teaspoons</unit></amt>
        <item>Instant minced onion</item></ing></ingredients>
    <directions>
      <step>  Line four 8x8-inch baking pans with heat-resistant freezer wrap.  Allow
  enough extra wrap to fold over top.  Use one pan for each six servings or
  one-fourth of the recipe.  Do not line pans for food to be served without
  freezing.
  
  Add beans to boiling water; return to boiling.  Boil beans 2 minutes; then
  soak beans 1 hour (or overnight, if preferred).
  
  Add salt pork and salt to beans.  Cook beans slowly until tender, about 1
  1/2 hours.  Drain; save 2 cups cooking liquid.  Mix bean cooking liquid,
  molasses, brown sugar, mustard, and onion.  Pour over beans.  Mix gently.
  Pour one-fourth of mixture into each baking dish.
  
  TO SERVE WITHOUT FREEZING:  Preheat oven to 350ø F. (moderate).  Bake 1
  hour or until beans are lightly browned and sauce is desired consistency.
  
  TO FREEZE:  Cool for 30 minutes at room temperature.  Complete wrapping by
  pulling paper up over top of food.  Put edges of wrap together and fold
  several times so paper lies directly on top of food.  Fold ends of freezer
  wrap over the top and seal with freezer tape.  Label with name of food,
  date of freezing, and last date the food should be used for best eating
  quality (about 6 months).  Freeze immediately for 10 to 12 hours before
  removing packages from the pans.
  
  TO HEAT FROZEN FOOD:  Preheat oven to 350ø F. (moderatae).  Remove freezer
  wrap.  Place food in baking pan.  Bake 1 1/2 hours or until center is hot.
  Posted to MC-Recipe Digest V1 #184
  
  Date: Mon, 05 Aug 1996 11:22:06 -0500
  
  From: "R. Winters" &lt;rosie@iadfw.net&gt;
  NOTES : This recipe is for 24 servings (about 3/4 cup each).  Directions
       are=
       given for dividing the prepared food into four parts of six
       servings each. =
       One part may be completely cooked and served at the time of
       preparation. =
       The remaining parts may be frozen.
 
</step></directions></recipe></recipeml>
