<?xml version="1.0" encoding="UTF-8"?>

<recipeml version="0.5">
  <recipe>
    <head>
      <title>Baked Beef Stew</title>
      <categories>
        <cat>None</cat></categories>
      <yield>6</yield></head>
    <ingredients>
      <ing>
        <amt>
          <qty>1</qty>
          <unit>can</unit></amt>
        <item>(14.5 oz) diced tomatoes; undrained</item></ing>
      <ing>
        <amt>
          <qty>1</qty>
          <unit>cup</unit></amt>
        <item>Water</item></ing>
      <ing>
        <amt>
          <qty>3</qty>
          <unit>tablespoons</unit></amt>
        <item>Quick-cooking tapioca</item></ing>
      <ing>
        <amt>
          <qty>2</qty>
          <unit>teaspoons</unit></amt>
        <item>Sugar</item></ing>
      <ing>
        <amt>
          <qty>1 1/2</qty>
          <unit>teaspoons</unit></amt>
        <item>Salt</item></ing>
      <ing>
        <amt>
          <qty>1/2</qty>
          <unit>teaspoons</unit></amt>
        <item>Pepper</item></ing>
      <ing>
        <amt>
          <qty>2</qty>
          <unit>pounds</unit></amt>
        <item>Lean beef stew meat; cut in 1 in cubes</item></ing>
      <ing>
        <amt>
          <qty>4</qty>
          <unit>medium</unit></amt>
        <item>Carrots; cut in 1 in chunks</item></ing>
      <ing>
        <amt>
          <qty>3</qty>
          <unit>medium</unit></amt>
        <item>Potatoes; peeled and quartered</item></ing>
      <ing>
        <amt>
          <qty>2</qty>
          <unit/></amt>
        <item>Celery ribs; cut in 3/4" chunks</item></ing>
      <ing>
        <amt>
          <qty>1</qty>
          <unit>medium</unit></amt>
        <item>Onion; cut in chunks</item></ing>
      <ing>
        <amt>
          <qty>1</qty>
          <unit>slice</unit></amt>
        <item>Bread; cubed</item></ing></ingredients>
    <directions>
      <step>  In a large bowl, combine the tomatoes, water, tapioca, sugar, salt and
  pepper. Add remaining ingredients; mix well. Pour into a greased
  13x9x2-inch or 3-qt. baking dish. Cover and bake at 375° for 1 3/4 to 2
  hours or until meat and vegetables are tender. Serve in bowls.
  
  Recipe by: Quick Cooking - Premier Issue
  
  Posted to MC-Recipe Digest V1 #1019 by Carol Taillon
  &lt;taillon@access.mountain.net&gt; on Jan 17, 1998
 
</step></directions></recipe></recipeml>
