<?xml version="1.0" encoding="UTF-8"?>

<recipeml version="0.5">
  <recipe>
    <head>
      <title>Baked Beans</title>
      <categories>
        <cat>Vegetables</cat></categories>
      <yield>1</yield></head>
    <ingredients>
      <ing>
        <amt>
          <qty>1</qty>
          <unit>pound</unit></amt>
        <item>Navy beans -- (dry)</item></ing>
      <ing>
        <amt>
          <qty>8</qty>
          <unit>cups</unit></amt>
        <item>Cold water</item></ing>
      <ing>
        <amt>
          <qty>1</qty>
          <unit/></amt>
        <item>Onion -- chopped</item></ing>
      <ing>
        <amt>
          <qty>1/2</qty>
          <unit>pounds</unit></amt>
        <item>Salt pork -- diced</item></ing>
      <ing>
        <amt>
          <qty>1/3</qty>
          <unit>cups</unit></amt>
        <item>Molasses</item></ing>
      <ing>
        <amt>
          <qty>1/4</qty>
          <unit>cups</unit></amt>
        <item>Brown sugar, packed</item></ing>
      <ing>
        <amt>
          <qty>1</qty>
          <unit>teaspoon</unit></amt>
        <item>Dry mustard</item></ing>
      <ing>
        <amt>
          <qty>1/4</qty>
          <unit>teaspoons</unit></amt>
        <item>Pepper</item></ing>
      <ing>
        <amt>
          <qty>1/2</qty>
          <unit>teaspoons</unit></amt>
        <item>Salt</item></ing></ingredients>
    <directions>
      <step>  Rinse beans and soak overnight.  Drain water and add 8 cups water to beans.
  
  Bring to a boil; reduce heat and simmer, covered, for 1 1/2 to 2 hours or
  until beans are tender.  Drain beans and reserve liquid.  In crockpot
  combine drained beans, onion, and salt pork.  Add 1 cup drained bean
  liquid, molasses, brown sugar, dry mustard, pepper, and salt.  Cover and
  cook on low for 10-12 hours or on high for 5-6 hours.  Stir before serving.
  
  Origin unknown
  
  Posted to MM-Recipes Digest V5 #024 by lena36@juno.com (Lena P Mitchell) on
  Jan 23, 1998
 
</step></directions></recipe></recipeml>
