<?xml version="1.0" encoding="UTF-8"?>

<recipeml version="0.5">
  <recipe>
    <head>
      <title>Baked Bananas with Orange</title>
      <categories>
        <cat>Dessert</cat></categories>
      <yield>4</yield></head>
    <ingredients>
      <ing>
        <amt>
          <qty>3</qty>
          <unit/></amt>
        <item>Firm; ripe bananas</item></ing>
      <ing>
        <amt>
          <qty>2</qty>
          <unit>teaspoons</unit></amt>
        <item>Cornstarch</item></ing>
      <ing>
        <amt>
          <qty>2</qty>
          <unit>tablespoons</unit></amt>
        <item>Sugar</item></ing>
      <ing>
        <amt>
          <qty>1/3</qty>
          <unit>cups</unit></amt>
        <item>Orange juice</item></ing>
      <ing>
        <amt>
          <qty>1</qty>
          <unit>tablespoon</unit></amt>
        <item>Butter</item></ing>
      <ing>
        <amt>
          <qty>1</qty>
          <unit>tablespoon</unit></amt>
        <item>Light brown sugar</item></ing>
      <ing>
        <amt>
          <qty>1/3</qty>
          <unit>cups</unit></amt>
        <item>Shredded sweetened coconut</item></ing>
      <ing>
        <amt>
          <qty/>
          <unit/></amt>
        <item>Whipped cream</item></ing></ingredients>
    <directions>
      <step>  submitted by: sgjg6566@pipeline.com (Julie, Michigan, USA)
  Hi everyone!  Here's a recipe given to me by a friend who's "ape" about
  bananas ;&gt;) !!!!!!!!!!!!  Enjoy!!
  
  Preheat the oven to 375 degrees.  Peel the bananas and cut crosswise and
  lengthwise into halves.  Arrange in a buttered baking dish.  Combine the
  cornstarch, sugar, and orange juice.  Pour the mixture over the bananas,
  coating well.  Dot with the butter and sprinkle with the brown sugar and
  coconut.  Bake for about 30 minutes or until the bananas are tender and the
  sauce is thickened.  Can serve this with either whipped cream or ice cream.
  
  DAVE &lt;DAVIDG@CLAM.RUTGERS.EDU&gt;
  
  RECIPEINTERNET LIST SERVER
  
  RECIPE ARCHIVE - 13 MAY 1996
  
  From the 'RECIPEinternet: Recipes from Around the World' recipe list.
  Downloaded from Glen's MM Recipe Archive, http://www.erols.com/hosey.
 
</step></directions></recipe></recipeml>
