<?xml version="1.0" encoding="UTF-8"?>

<recipeml version="0.5">
  <recipe>
    <head>
      <title>Baked Barley</title>
      <categories>
        <cat>Digest</cat>
        <cat>Mar95</cat>
        <cat>Grains and</cat></categories>
      <yield>4</yield></head>
    <ingredients>
      <ing>
        <amt>
          <qty>1</qty>
          <unit>cup</unit></amt>
        <item>Barley</item></ing>
      <ing>
        <amt>
          <qty>1</qty>
          <unit/></amt>
        <item>Onion; chopped fine</item></ing>
      <ing>
        <amt>
          <qty>2</qty>
          <unit>cups</unit></amt>
        <item>Vegetable stock</item></ing></ingredients>
    <directions>
      <step>  Mix barley and onion with 1 cup boiling stock in pan or casserole with
  tight fitting cover. Bake in 300 degree F oven for 45 minutes. Add second
  cup of hot stock and continue baking 30 to 40 minutes or until barley is
  soft and mixture is almost dry. Makes 4 to 6 servings.
  
  Variation: Add 2 tablespoons minced parsley; 1/2 to 1 teaspoons of your
  favorite herbs.
  
  From: C.LAVENGOOD, Food &amp; Wine RT, Sun Feb 12, 1995, GEnie service.
  Formatted by Sue Smith, SueSmith9@aol.com using MMCONV. Archived through
  kindness of Karen Mintzias, km@salata.com.
  
  Recipe by: No Salt No Sugar No Fat Cookbook - Jacqueline Williams
  
  Posted to MC-Recipe Digest by RecipeLu &lt;recipelu@geocities.com&gt; on Mar 08,
  1998
 
</step></directions></recipe></recipeml>
