<?xml version="1.0" encoding="UTF-8"?>

<recipeml version="0.5">
  <recipe>
    <head>
      <title>Baked Beans Supreme</title>
      <categories>
        <cat>Butter</cat>
        <cat>Beans</cat></categories>
      <yield>1</yield></head>
    <ingredients>
      <ing>
        <amt>
          <qty>1</qty>
          <unit>large</unit></amt>
        <item>Onion; chopped (1 c.)</item></ing>
      <ing>
        <amt>
          <qty>1</qty>
          <unit/></amt>
        <item>Green pepper; cut into Pieces (1 inch)</item></ing>
      <ing>
        <amt>
          <qty>1</qty>
          <unit/></amt>
        <item>Clove garlic; minced</item></ing>
      <ing>
        <amt>
          <qty>2</qty>
          <unit>tablespoons</unit></amt>
        <item>Water</item></ing>
      <ing>
        <amt>
          <qty>1</qty>
          <unit>can</unit></amt>
        <item>Lima beans; (17 oz.) drained</item></ing>
      <ing>
        <amt>
          <qty>1</qty>
          <unit>can</unit></amt>
        <item>Butter beans with molasses sauce and bacon; (15 1/2 oz.)</item></ing>
      <ing>
        <amt>
          <qty>1</qty>
          <unit>can</unit></amt>
        <item>Red kidney beans; (15 1/2 oz.) drained</item></ing>
      <ing>
        <amt>
          <qty>1</qty>
          <unit>can</unit></amt>
        <item>Garbanzo beans; (15 oz.) drained</item></ing>
      <ing>
        <amt>
          <qty>1</qty>
          <unit>can</unit></amt>
        <item>Sliced water chestnuts; (8 oz.) drained</item></ing>
      <ing>
        <amt>
          <qty>3/4</qty>
          <unit>cups</unit></amt>
        <item>Ketchup</item></ing>
      <ing>
        <amt>
          <qty>2</qty>
          <unit>tablespoons</unit></amt>
        <item>Brown sugar</item></ing>
      <ing>
        <amt>
          <qty>1</qty>
          <unit>tablespoon</unit></amt>
        <item>Dijon-style mustard</item></ing>
      <ing>
        <amt>
          <qty>1</qty>
          <unit>tablespoon</unit></amt>
        <item>Worcestershire sauce</item></ing>
      <ing>
        <amt>
          <qty>1/4</qty>
          <unit>teaspoons</unit></amt>
        <item>Pepper; (1/4 to 1/2)</item></ing></ingredients>
    <directions>
      <step>  In a 3 quart microwavesafe casserole, combine onion, green pepper, garlic
  and water. Microcook, covered, on 100% power (High) for 4 to 5 minutes or
  until onion and pepper are tender; drain. Stir in lima beans, undrained
  butter beans, kidney beans, garbanzo beans, water chestnuts, ketchup, brown
  sugar, mustard, Worcestershire sauce and pepper. Cook, covered, on High for
  10 to 12 minutes (low watt oven, 20 to 22 minutes), stirring after every 5
  minutes.
  Posted to recipelu-digest by "Diane Geary" &lt;diane@keyway.net&gt; on Feb 27,
  1998
 
</step></directions></recipe></recipeml>
