<?xml version="1.0" encoding="UTF-8"?>

<recipeml version="0.5">
  <recipe>
    <head>
      <title>Baked Asparagus and Mushroom Omelet</title>
      <categories>
        <cat>Cheese/eggs</cat>
        <cat>Breakfast</cat>
        <cat>Vegetables</cat></categories>
      <yield>4</yield></head>
    <ingredients>
      <ing>
        <amt>
          <qty>1</qty>
          <unit>cup</unit></amt>
        <item>Fresh asparagus cut in 2"</item></ing>
      <ing>
        <amt>
          <qty/>
          <unit/></amt>
        <item>Pieces or 1/2 a 10-oz</item></ing>
      <ing>
        <amt>
          <qty/>
          <unit/></amt>
        <item>Package of frozen asparagus</item></ing>
      <ing>
        <amt>
          <qty>1</qty>
          <unit>cup</unit></amt>
        <item>Sliced fresh mushrooms</item></ing>
      <ing>
        <amt>
          <qty>1/4</qty>
          <unit>cups</unit></amt>
        <item>Sliced green onion</item></ing>
      <ing>
        <amt>
          <qty>6</qty>
          <unit/></amt>
        <item>Eggs</item></ing>
      <ing>
        <amt>
          <qty>1/2</qty>
          <unit>cups</unit></amt>
        <item>Milk</item></ing>
      <ing>
        <amt>
          <qty>1/4</qty>
          <unit>teaspoons</unit></amt>
        <item>Salt</item></ing>
      <ing>
        <amt>
          <qty>1/8</qty>
          <unit>teaspoons</unit></amt>
        <item>Ground nutmeg</item></ing>
      <ing>
        <amt>
          <qty>1</qty>
          <unit>cup</unit></amt>
        <item>Shredded Swiss OR</item></ing>
      <ing>
        <amt>
          <qty/>
          <unit/></amt>
        <item>Gruyere cheese</item></ing>
      <ing>
        <amt>
          <qty>2</qty>
          <unit>tablespoons</unit></amt>
        <item>Snipped parsley, optional</item></ing></ingredients>
    <directions>
      <step>  Cook fresh asparagus, mushrooms, and green onion in a small amount of
  boiling water about 7 minutes or till tender. (Or cook frozen asparagus,
  mushrooms, and green onion according to asparagus package directions.)
  Drain.
  
  In a large mixing bowl combine eggs, milk, salt, nutmeg, and pepper. Beat
  with fork or rotary beater till blended. Stir in cooked vegetables and
  Swiss or Gruyere cheese. Turn egg mixture into a greased 10x6x2 baking
  dish.
  
  Bake, uncovered, in a 375 degree oven for 20 to 25 minutes or till set.
  Sprinkle with snipped parsley, if desired. Serves 4.
  
  Note:  You can mix it up the night before, put in the pan and chill, and
  just pop it in the oven the next morning.
  
  Source:  Better Homes &amp; Gardens New Casserole Cook Book Shared by: Sue
  Bryant
 
</step></directions></recipe></recipeml>
