<?xml version="1.0" encoding="UTF-8"?>

<recipeml version="0.5">
  <recipe>
    <head>
      <title>Baked Beef Curry with Custard Topping (Bobotie)</title>
      <categories>
        <cat>Internation</cat></categories>
      <yield>8</yield></head>
    <ingredients>
      <ing>
        <amt>
          <qty>1 1/2</qty>
          <unit>pounds</unit></amt>
        <item>Ground beef, or lamb</item></ing>
      <ing>
        <amt>
          <qty>1</qty>
          <unit>cup</unit></amt>
        <item>Soft bread crumbs</item></ing>
      <ing>
        <amt>
          <qty>1</qty>
          <unit>cup</unit></amt>
        <item>Milk</item></ing>
      <ing>
        <amt>
          <qty>1</qty>
          <unit>medium</unit></amt>
        <item>Chopped onion</item></ing>
      <ing>
        <amt>
          <qty>1/4</qty>
          <unit>cups</unit></amt>
        <item>Slivered almonds; chopped</item></ing>
      <ing>
        <amt>
          <qty>1/4</qty>
          <unit>cups</unit></amt>
        <item>Raisins</item></ing>
      <ing>
        <amt>
          <qty>1</qty>
          <unit>tablespoon</unit></amt>
        <item>Lemon juice</item></ing>
      <ing>
        <amt>
          <qty>2</qty>
          <unit>teaspoons</unit></amt>
        <item>Curry powder</item></ing>
      <ing>
        <amt>
          <qty>1 1/2</qty>
          <unit>teaspoons</unit></amt>
        <item>Salt</item></ing>
      <ing>
        <amt>
          <qty>1/4</qty>
          <unit>teaspoons</unit></amt>
        <item>Pepper</item></ing>
      <ing>
        <amt>
          <qty>2</qty>
          <unit/></amt>
        <item>Eggs; beaten</item></ing>
      <ing>
        <amt>
          <qty>1</qty>
          <unit>cup</unit></amt>
        <item>Milk</item></ing>
      <ing>
        <amt>
          <qty/>
          <unit/></amt>
        <item>Paprika</item></ing></ingredients>
    <directions>
      <step>  Mix beef, bread crumbs, 1 cup milk, 1 egg, the onion, almonds, raisins,
  lemon juice, curry powder (you can use 2-3 teaspoons), salt and pepper.
  Spread mixture in ungreased 2-quart casserole.  Cook uncovered in 325
  degree oven 45 minutes; drain excess fat.  Mix beaten eggs and 1 cup milk;
  pour over beef mixture.  Sprinkle with paprika. Place casserole in oblong
  pan, 13 x 9 x 2 inches, on oven rack.  Pour very hot water, (1 inch) into
  pan.  Cook uncovered until beef is done and custard is set, about 30
  minutes.  Garnish with lemon slices and pimiento if desired. Cut into
  wedges to serve
  Recipe By     : Betty Crocker International Cookbook 1980
  
  Posted to FOODWINE Digest 29 October 96
  
  Date:    Tue, 29 Oct 1996 13:47:20 +0000
  
  From:    Chris Marksberry &lt;chrism1@MAIL.PHOENIX.NET&gt;
  
  NOTES : In the seventeenth century, when Holland maintained a virtual
  monopoly on the spice trade, the Dutch East India Company decided to
  
  establish a permanent refreshment station at Capetown for ships
  
  sailing from the Netherlands to the Indian Ocean on the sea route
  
  blazed by Vasco da Gama.  The Dutch settlement  of South Africa
  
  quicked followed, and the flavor of curry made with Indian spices
  
  attracted many South African fans.  Today bobotie is as characteristic
  
  of the food of South Africa as the tortilla is of Mexico.
 
</step></directions></recipe></recipeml>
