<?xml version="1.0" encoding="UTF-8"?>

<recipeml version="0.5">
  <recipe>
    <head>
      <title>Baked Beans - Vermont Style</title>
      <categories>
        <cat>Beans &amp; pea</cat>
        <cat>Family &amp; fr</cat></categories>
      <yield>1</yield></head>
    <ingredients>
      <ing>
        <amt>
          <qty>2</qty>
          <unit>cups</unit></amt>
        <item>Pea beans</item></ing>
      <ing>
        <amt>
          <qty>1/4</qty>
          <unit>pounds</unit></amt>
        <item>Salt pork</item></ing>
      <ing>
        <amt>
          <qty>1</qty>
          <unit>tablespoon</unit></amt>
        <item>Salt</item></ing>
      <ing>
        <amt>
          <qty>1/4</qty>
          <unit>teaspoons</unit></amt>
        <item>Dry mustard</item></ing>
      <ing>
        <amt>
          <qty>1/2</qty>
          <unit>cups</unit></amt>
        <item>Maple syrup; or more</item></ing></ingredients>
    <directions>
      <step>  Soak beans overnight and parboil until the skins break when you blow on a
  spoonful. Put bean in a bean pot and por in a mixture of the remaining
  ingredients. Place the salt pork on top. Bake uncovered at 350 degrees
  until the salt pork browns (about 1/2 hour). Turn oven down to 325 degrees
  and bake uncovered for 6 - 8 hours. Check the beans every hour or so and
  add boiling water when the beans look dry on top.
  
  Recipe by: Marie Sautter
  
  Posted to MC-Recipe Digest by Barb at PK  &lt;abprice@wf.net&gt; on Apr 16, 1998
 
</step></directions></recipe></recipeml>
