<?xml version="1.0" encoding="UTF-8"?>

<recipeml version="0.5">
  <recipe>
    <head>
      <title>Baked Bass</title>
      <categories>
        <cat>Fish</cat></categories>
      <yield>6</yield></head>
    <ingredients>
      <ing>
        <amt>
          <qty>1</qty>
          <unit/></amt>
        <item>(5 lb.) bass or equivalent</item></ing>
      <ing>
        <amt>
          <qty>1</qty>
          <unit>large</unit></amt>
        <item>Onion; chopped</item></ing>
      <ing>
        <amt>
          <qty>1</qty>
          <unit/></amt>
        <item>Bell pepper; chopped</item></ing>
      <ing>
        <amt>
          <qty>1/2</qty>
          <unit/></amt>
        <item>Stick margarine</item></ing>
      <ing>
        <amt>
          <qty>2</qty>
          <unit>cans</unit></amt>
        <item>Tomato sauce</item></ing>
      <ing>
        <amt>
          <qty>1</qty>
          <unit>can</unit></amt>
        <item>Whole tomatoes</item></ing>
      <ing>
        <amt>
          <qty>1</qty>
          <unit/></amt>
        <item>Lemon; juice of</item></ing>
      <ing>
        <amt>
          <qty>1</qty>
          <unit>cup</unit></amt>
        <item>Cooking wine</item></ing>
      <ing>
        <amt>
          <qty>1/2</qty>
          <unit>cups</unit></amt>
        <item>Green onions and parsley</item></ing>
      <ing>
        <amt>
          <qty>1</qty>
          <unit>dash</unit></amt>
        <item>Tabasco sauce</item></ing>
      <ing>
        <amt>
          <qty/>
          <unit/></amt>
        <item>Salt; pepper, garlic powder to taste</item></ing></ingredients>
    <directions>
      <step>  From: Wendy Lockman &lt;wlockman@ra1.randomc.com&gt;
  
  Date: Sun, 11 Feb 1996 10:35:49 -0500
  
  Sprinkle fish with lemon juice and season well, ahead of time, preferably
  overnight. Wilt onions, and bell pepper in margarine. Add tomato sauce and
  whole tomatoes and cook over medium heat for 45 minutes in uncovered pot.
  Add 2 cups cold water and seasoning to taste along with dash of Tabasco.
  Cook for 25 minutes over medium heat. Add wine and pour mixture over fish
  you have placed in a baking dish. Bake in 325 degree oven for 40 minutes.
  Baste several times. Sprinkle with parsley and onion tops and serve,
  garnishing with slices of lemon. Serves 6.
  
  MM-RECIPES@IDISCOVER.NET
  
  MEAL-MASTER RECIPES LIST SERVER
  
  From the MealMaster recipe list.  Downloaded from Glen's MM Recipe Archive,
  http://www.erols.com/hosey.
 
</step></directions></recipe></recipeml>
