<?xml version="1.0" encoding="UTF-8"?>

<recipeml version="0.5">
  <recipe>
    <head>
      <title>Baked Asparagus</title>
      <categories>
        <cat>Vegetable</cat></categories>
      <yield>6</yield></head>
    <ingredients>
      <ing>
        <amt>
          <qty>2</qty>
          <unit>pounds</unit></amt>
        <item>Fresh asparagus</item></ing>
      <ing>
        <amt>
          <qty/>
          <unit/></amt>
        <item>Salt</item></ing></ingredients>
    <directions>
      <step>  Break off and discard the tough ends of the asparagus. Peel the stalks.
  Rinse the asparagus, drain it well, and wrap it in a large sheet of foil,
  crimping the edges tightly to seal the package. Bake in a preheated hot
  oven (425ø) for 25 to 30 minutes or until done to taste. Season to taste
  with salt. Calories: 38 per serving. Yield: 6 servings.
  
  LOW CALORIE
  
  BEN HUSSMAN
  
  (MRS. WALTER, JR.)
  
  From &lt;Traditions: A Taste of the Good Life&gt;, by the Little Rock (AR) Junior
  League.  Downloaded from Glen's MM Recipe Archive,
  http://www.erols.com/hosey.
 
</step></directions></recipe></recipeml>
