<?xml version="1.0" encoding="UTF-8"?>

<recipeml version="0.5">
  <recipe>
    <head>
      <title>Baked Breaded Bluefish with Mock Tartar Sauce</title>
      <categories>
        <cat>Fish</cat></categories>
      <yield>2</yield></head>
    <ingredients>
      <ing-div>
        <title/>
        <ing>
          <amt>
            <qty>1/4</qty>
            <unit>cups</unit></amt>
          <item>Skim milk</item></ing>
        <ing>
          <amt>
            <qty>1</qty>
            <unit/></amt>
          <item>Egg white</item></ing>
        <ing>
          <amt>
            <qty>1/8</qty>
            <unit>teaspoons</unit></amt>
          <item>Pepper, black</item></ing>
        <ing>
          <amt>
            <qty>2</qty>
            <unit/></amt>
          <item>Bluefish fillets, 4 oz</item></ing>
        <ing>
          <amt>
            <qty>1/4</qty>
            <unit>cups</unit></amt>
          <item>Bread crumbs</item></ing></ing-div>
      <ing-div>
        <title>MOCK TARTAR SAUCE</title>
        <ing>
          <amt>
            <qty>1/2</qty>
            <unit>cups</unit></amt>
          <item>Yogurt, nonfat</item></ing>
        <ing>
          <amt>
            <qty>1</qty>
            <unit>tablespoon</unit></amt>
          <item>Sour pickle; minced</item></ing>
        <ing>
          <amt>
            <qty>1</qty>
            <unit>tablespoon</unit></amt>
          <item>Green olive, pitted; minced</item></ing>
        <ing>
          <amt>
            <qty>1</qty>
            <unit>tablespoon</unit></amt>
          <item>Parsley, fresh; minced</item></ing>
        <ing>
          <amt>
            <qty>1/4</qty>
            <unit>teaspoons</unit></amt>
          <item>Mustard, powdered</item></ing>
        <ing>
          <amt>
            <qty>1</qty>
            <unit>teaspoon</unit></amt>
          <item>Lemon juice</item></ing>
        <ing>
          <amt>
            <qty>1/8</qty>
            <unit>teaspoons</unit></amt>
          <item>Pepper</item></ing></ing-div></ingredients>
    <directions>
      <step>    Calories     per serving: 201
    Fat grams    per serving: 6.08         Approx. Cook Time:
  :30
    Cholesterol  per serving: 680
  
  Preheat the oven to 350F.  Combine the skim milk, egg white and pepper to
  make a seasoned egg wash.
  
  Dip the fillets into the egg wash, then dredge them in the bread crumbs.
  [Let sit for 10 minutes.]
  
  Lay the fillets on a nonstick baking sheet and bake for 10 minutes.
  
  NOTE:  For me this dish is a marvelous replacement for fried fish.
  
  Sauce:  Combine all ingredients and refrigerate in a tightly covered
  container.
  
  NOTES:  This sauce will keep for a week if stored as suggested. Use this as
  you would regular tartar sauce with any dish. Try it as a replacement for
  mayonnaise on sandwiches and in salads.
  
  From Gemini's MASSIVE MealMaster collection at www.synapse.com/~gemini
 
</step></directions></recipe></recipeml>
