<?xml version="1.0" encoding="UTF-8"?>

<recipeml version="0.5">
  <recipe>
    <head>
      <title>Baked Brie with Cranberry Chutney</title>
      <categories>
        <cat>None</cat></categories>
      <yield>1</yield></head>
    <ingredients>
      <ing>
        <amt>
          <qty>3</qty>
          <unit>cups</unit></amt>
        <item>Fresh cranberries; (which have been washed and picked over)</item></ing>
      <ing>
        <amt>
          <qty>1/2</qty>
          <unit>cups</unit></amt>
        <item>Firmly-packed brown sugar</item></ing>
      <ing>
        <amt>
          <qty>1/3</qty>
          <unit>cups</unit></amt>
        <item>Currants OR small; seedless raisins</item></ing>
      <ing>
        <amt>
          <qty>1/4</qty>
          <unit>cups</unit></amt>
        <item>Water</item></ing>
      <ing>
        <amt>
          <qty>1/8</qty>
          <unit>teaspoons</unit></amt>
        <item>Dry mustard</item></ing>
      <ing>
        <amt>
          <qty>1/8</qty>
          <unit>teaspoons</unit></amt>
        <item>Ground allspice</item></ing>
      <ing>
        <amt>
          <qty>1/8</qty>
          <unit>teaspoons</unit></amt>
        <item>Ground cloves</item></ing>
      <ing>
        <amt>
          <qty>1/8</qty>
          <unit>teaspoons</unit></amt>
        <item>Ground ginger</item></ing>
      <ing>
        <amt>
          <qty>1/8</qty>
          <unit>teaspoons</unit></amt>
        <item>Ground cardamom</item></ing>
      <ing>
        <amt>
          <qty>2</qty>
          <unit>packages</unit></amt>
        <item>Crescent Rolls</item></ing>
      <ing>
        <amt>
          <qty>1</qty>
          <unit/></amt>
        <item>4"-round Brie</item></ing>
      <ing>
        <amt>
          <qty>1</qty>
          <unit/></amt>
        <item>Egg; beaten</item></ing></ingredients>
    <directions>
      <step>  Combine first 4 ingredients AND all the spices in a saucepan. Cook until
  cranberries pop, then cool completely. Open each can of Crescents. Divide
  each rectangle into 2 sections (each section will have 4 triangles) - press
  perforations together. Place one section on top of another section - YOU
  NOW HAVE TWO PIGGY-BACKED SECTIONS. Roll each section of two with a rolling
  pin into about 6"-squares. Place each square in a small (about 8") torte
  tin. Cut the Brie in half. Remove the crust. Plop on a generous amount of
  chutney. Pull the pastry up and gather at the top (so it looks like a
  pretty little bag that has been tied at the neck, kinda...sorta). Brush
  eachone with egg. Bake in preheated 350° oven for about 20 minutes, or
  until bubbly and pastry is browned.
  
  Now - if you want to do without making the chutney, you just prepare the
  Crescent rolls as described, put in a nice chunk of decrusted Brie by
  itself, and proceed.
  
  Posted to TNT - Prodigy's Recipe Exchange Newsletter  by Patricia
  McGibbony-Mangum &lt;pmangum@primenet.com&gt; on Dec 17, 1997
 
</step></directions></recipe></recipeml>
