<?xml version="1.0" encoding="UTF-8"?>

<recipeml version="0.5">
  <recipe>
    <head>
      <title>Almond Fried Ice Cream</title>
      <categories>
        <cat>Chinese</cat>
        <cat>Dairy</cat>
        <cat>Desserts</cat></categories>
      <yield>8</yield></head>
    <ingredients>
      <ing>
        <amt>
          <qty>8</qty>
          <unit/></amt>
        <item>Scoops vanilla ice cream</item></ing>
      <ing>
        <amt>
          <qty/>
          <unit/></amt>
        <item>Oil for deep frying</item></ing>
      <ing>
        <amt>
          <qty>1</qty>
          <unit>cup</unit></amt>
        <item>Tangerine sauce</item></ing>
      <ing>
        <amt>
          <qty>2</qty>
          <unit>cups</unit></amt>
        <item>Sliced almonds</item></ing></ingredients>
    <directions>
      <step>  Scoop the ice cream in advance; return to freezer until extremely hard.
  Heat the cooking oil in a deep-fryer. Roll each ice-cream ball in the
  tangerine sauce then in the sliced almonds, coating thoroughly. Deep-fry
  for a few seconds only. Serve immediately.
 
</step></directions></recipe></recipeml>
