<?xml version="1.0" encoding="UTF-8"?>

<recipeml version="0.5">
  <recipe>
    <head>
      <title>Almond Fruit Balls</title>
      <categories>
        <cat>Almonds</cat>
        <cat>Desserts</cat></categories>
      <yield>24</yield></head>
    <ingredients>
      <ing>
        <amt>
          <qty>1</qty>
          <unit>cup</unit></amt>
        <item>Whole natural almonds; toasted *</item></ing>
      <ing>
        <amt>
          <qty>6</qty>
          <unit>ounces</unit></amt>
        <item>Mixed dried fruit bits</item></ing>
      <ing>
        <amt>
          <qty>1 1/2</qty>
          <unit>teaspoons</unit></amt>
        <item>Honey</item></ing>
      <ing>
        <amt>
          <qty>1/2</qty>
          <unit>teaspoons</unit></amt>
        <item>Cinnamon</item></ing>
      <ing>
        <amt>
          <qty>1/4</qty>
          <unit>teaspoons</unit></amt>
        <item>Nutmeg</item></ing>
      <ing>
        <amt>
          <qty>1 1/2</qty>
          <unit>tablespoons</unit></amt>
        <item>Orange-flavored liqueur</item></ing></ingredients>
    <directions>
      <step>  Place almonds in bowl of food processor fitted with steel blade; process
  until finely chopped. Add fruit, honey, cinnamon and nutmeg. Pulse on and
  off a few times, then process to make a rough paste. Add liqueur and
  process to make a firm, sticky paste. (Add more liqueur, a few drops at a
  time, if needed to make a slightly moist dough.) Shape into 1-inch balls,
  rolling between palms of hands. Pack loosely in airtight container with
  waxed paper between layers. Serve as confections or as dessert with coffee
  or tea. These make a nice gift, packed in an attractive tin or box. Recipe
  can be doubled.
  
  Servings: 24 balls
  
  * To toast almonds, spread in an ungreased baking pan. Place in 350 degree
  oven and bake 5 to 10 minutes or until almonds are light brown; stir once
  or twice to assure even browning. Note that almonds will continue to brown
  slightly after removing from oven.
  
  See http://www.almondsarein.com/ &gt;Hanneman/Buster/MasterCook 1998/Ap
  
  Recipe by: Almond Board of California
  
  Posted to MC-Recipe Digest by KitPATh &lt;phannema@wizard.ucr.edu&gt; on Apr 08,
  1998
 
</step></directions></recipe></recipeml>
