<?xml version="1.0" encoding="UTF-8"?>

<recipeml version="0.5">
  <recipe>
    <head>
      <title>Almond Cookies #2</title>
      <categories>
        <cat>Cookie</cat></categories>
      <yield>6</yield></head>
    <ingredients>
      <ing>
        <amt>
          <qty>1</qty>
          <unit>cup</unit></amt>
        <item>Lard</item></ing>
      <ing>
        <amt>
          <qty>1</qty>
          <unit>cup</unit></amt>
        <item>Sugar</item></ing>
      <ing>
        <amt>
          <qty>2</qty>
          <unit/></amt>
        <item>Eggs</item></ing>
      <ing>
        <amt>
          <qty>2</qty>
          <unit>cups</unit></amt>
        <item>Flour</item></ing>
      <ing>
        <amt>
          <qty>1/2</qty>
          <unit>teaspoons</unit></amt>
        <item>Baking soda</item></ing>
      <ing>
        <amt>
          <qty>5</qty>
          <unit>drops</unit></amt>
        <item>Yellow food coloring</item></ing>
      <ing>
        <amt>
          <qty>1</qty>
          <unit>teaspoon</unit></amt>
        <item>Almond extract</item></ing>
      <ing>
        <amt>
          <qty>5</qty>
          <unit/></amt>
        <item>Dozen whole blanced almonds</item></ing></ingredients>
    <directions>
      <step>  Preheat oven to 350 F.  Lightly grease two baking sheets.  In mixing bowl,
  beat the lard with the sugar unitl fluffy. Beat in 1 of the eggs. Add the
  flour and baking soda, stirring just until blended. Add the food coloring
  and extract, stirring until blended. Cover tightly with plastic wrap and
  chill for 1/2 hour. Preheat oven to 375 F. On work surface, form dough into
  one 1 or 2 rolls 1 IN. in diameter. Slice into 60 1/2-IN. rounds and
  arrange on baking sheets. Slightly beat the remaining egg and brush over
  the rounds. Press 1 almond in the center of each round. Bake in preheated
  oven for 15 min. until golden. Sweets are not often a part of a Chinese
  dinner, but Americans like to eat dessert with Chinese food.
  
  LEEANN CHIN
  
  MINNEAPOLIS, MINNETONICA
  
  WINE:  WAN FU
  
  From the &lt;Micro Cookbook Collection of Chinese Recipes&gt;.  Downloaded from
  Glen's MM Recipe Archive, http://www.erols.com/hosey.
 
</step></directions></recipe></recipeml>
