<?xml version="1.0" encoding="UTF-8"?>

<recipeml version="0.5">
  <recipe>
    <head>
      <title>Almond Cookies</title>
      <categories>
        <cat>None</cat></categories>
      <yield>1</yield></head>
    <ingredients>
      <ing>
        <amt>
          <qty>3/4</qty>
          <unit>cups</unit></amt>
        <item>Confectioners sugar</item></ing>
      <ing>
        <amt>
          <qty>1</qty>
          <unit/></amt>
        <item>Stick margarine</item></ing>
      <ing>
        <amt>
          <qty>1</qty>
          <unit>teaspoon</unit></amt>
        <item>Vanilla extract</item></ing>
      <ing>
        <amt>
          <qty>1/4</qty>
          <unit>teaspoons</unit></amt>
        <item>Salt</item></ing>
      <ing>
        <amt>
          <qty>1</qty>
          <unit>cup</unit></amt>
        <item>Flour</item></ing>
      <ing>
        <amt>
          <qty>1/2</qty>
          <unit>cups</unit></amt>
        <item>Slivered almonds</item></ing></ingredients>
    <directions>
      <step>  preheat oven to 350. cream sugar and margarine,add rest of ingrediants till
  just crumbly.shape into crescents and place on greased cookie sheet. bake
  for 20 minutes. sprinkle with confectioners suger. I always need to double
  or triple this recipe ( they go too fast in my house!)
  Posted to JEWISH-FOOD digest V97 #326 by "Aliza Blizinsky"
  &lt;alizab@hotmail.com&gt; on Dec 16, 1997
 
</step></directions></recipe></recipeml>
