<?xml version="1.0" encoding="UTF-8"?>

<recipeml version="0.5">
  <recipe>
    <head>
      <title>Almond Butter Loaves</title>
      <categories>
        <cat>Box cakes</cat>
        <cat>Nuts</cat>
        <cat>Loaf</cat></categories>
      <yield>24</yield></head>
    <ingredients>
      <ing-div>
        <title>PATTI - VDRJ67A</title></ing-div>
      <ing-div>
        <title>CRUST</title>
        <ing>
          <amt>
            <qty>1</qty>
            <unit>cup</unit></amt>
          <item>Brown sugar; firmly packed</item></ing>
        <ing>
          <amt>
            <qty>2/3</qty>
            <unit>cups</unit></amt>
          <item>Margarine or butter; soften</item></ing>
        <ing>
          <amt>
            <qty>2</qty>
            <unit>cups</unit></amt>
          <item>Almonds; toasted, chopped</item></ing>
        <ing>
          <amt>
            <qty>1</qty>
            <unit>cup</unit></amt>
          <item>Flour</item></ing></ing-div>
      <ing-div>
        <title>CAKE</title>
        <ing>
          <amt>
            <qty>1</qty>
            <unit>package</unit></amt>
          <item>Deluxe butter recipe golden cake mix</item></ing>
        <ing>
          <amt>
            <qty>3</qty>
            <unit/></amt>
          <item>Eggs</item></ing>
        <ing>
          <amt>
            <qty>2/3</qty>
            <unit>cups</unit></amt>
          <item>Water</item></ing>
        <ing>
          <amt>
            <qty>1/2</qty>
            <unit>cups</unit></amt>
          <item>Butter or margarine; soften</item></ing></ing-div>
      <ing-div>
        <title>GLAZE</title>
        <ing>
          <amt>
            <qty>1</qty>
            <unit>cup</unit></amt>
          <item>Powdered sugar</item></ing>
        <ing>
          <amt>
            <qty>1</qty>
            <unit>tablespoon</unit></amt>
          <item>To 2tbl water</item></ing>
        <ing>
          <amt>
            <qty>1/4</qty>
            <unit>teaspoons</unit></amt>
          <item>Almond extract</item></ing>
        <ing>
          <amt>
            <qty>4</qty>
            <unit>tablespoons</unit></amt>
          <item>Sliced almonds (garnish)</item></ing></ing-div></ingredients>
    <directions>
      <step>  Preheat oven to 375~. Grease and flour 2, 9x5" loaf pans.
   CRUST: Combine brown sugar and butter in large bowl. Beat at medium speed
  until light and fluffy. Stir in toasted almonds and flour. Blend well.
  Divide and press evenly into pans.
   CAKE: Combine cake mix, eggs, water and butter in large bowl. Beat at
  medium speed for 4 minutes. Pour into pans. Bake for 35-45 minutes or until
  tested done. Cool in pans 10 minutes. Invert onto cooling racks, crust side
  UP. Cool completely.
   GLAZE: Combine powdered sugar, water and almond extract in small bowl.
  Stir until smooth. Add water 1 tbls at a time until glaze is desired
  consistency. Spoon over colled loaves. Sprinkle sliced almonds over top.
   TOASTED ALMONDS: To toast almonds, spread in a single layer on baking
  sheet. Bake at 325~ for 6-8 minutes or until fragrant and light golden
  brown. Cool before chopping.
  
  From Gemini's MASSIVE MealMaster collection at www.synapse.com/~gemini
 
</step></directions></recipe></recipeml>
