<?xml version="1.0" encoding="UTF-8"?>

<recipeml version="0.5">
  <recipe>
    <head>
      <title>Almond Double Chip Cookies</title>
      <categories>
        <cat>Cookie</cat></categories>
      <yield>36</yield></head>
    <ingredients>
      <ing>
        <amt>
          <qty>3/4</qty>
          <unit>cups</unit></amt>
        <item>Butter or margarine; Softened</item></ing>
      <ing>
        <amt>
          <qty>3/4</qty>
          <unit>cups</unit></amt>
        <item>Packed light brown sugar</item></ing>
      <ing>
        <amt>
          <qty>1</qty>
          <unit/></amt>
        <item>Egg</item></ing>
      <ing>
        <amt>
          <qty>1/2</qty>
          <unit>teaspoons</unit></amt>
        <item>Almond extract</item></ing>
      <ing>
        <amt>
          <qty>1 1/2</qty>
          <unit>cups</unit></amt>
        <item>All-purpose flour</item></ing>
      <ing>
        <amt>
          <qty>1/4</qty>
          <unit>teaspoons</unit></amt>
        <item>Baking soda</item></ing>
      <ing>
        <amt>
          <qty>1</qty>
          <unit>dash</unit></amt>
        <item>Salt</item></ing>
      <ing>
        <amt>
          <qty>1</qty>
          <unit>cup</unit></amt>
        <item>Semisweet chocolate chips</item></ing>
      <ing>
        <amt>
          <qty>1</qty>
          <unit>cup</unit></amt>
        <item>Vanilla milk chips</item></ing>
      <ing>
        <amt>
          <qty>1/2</qty>
          <unit>cups</unit></amt>
        <item>Slivered blanched almonds</item></ing></ingredients>
    <directions>
      <step>  Preheat oven to 375'F. Line cookie sheets with parchment paper or leave
  ungreased. Beat butter and brown sugar in large bowl until creamy. Beat in
  egg and almond extract. Combine flour, baking soda and salt in small bowl.
  Blend in butter mixture. Stir in semisweet and vanilla milk chips and
  almonds. Drop dough by rounded tablespoonfuls, 3" apart, onto prepared
  cookie sheets. Bake 8-10 minutes or until light brown. DO NOT OVERBAKE.
  Cool 2 minutes on cookie sheets; remove to wire racks to cool completely.
  
  Makes about 3 dozen cookies.
  
  Date: Sun, 23 Jun 1996 11:34:57 -0700
  
  From: Sami Hunter &lt;samih@ix.netcom.com&gt;
  
  MC-Recipe Digest V1 #125
  
  From the MasterCook recipe list.  Downloaded from Glen's MM Recipe Archive,
  http://www.erols.com/hosey.
 
</step></directions></recipe></recipeml>
