<?xml version="1.0" encoding="UTF-8"?>

<recipeml version="0.5">
  <recipe>
    <head>
      <title>Almond Date Shake</title>
      <categories>
        <cat>Beverages</cat>
        <cat>Fruits</cat>
        <cat>Fitness</cat>
        <cat>Low-fat</cat></categories>
      <yield>1</yield></head>
    <ingredients>
      <ing-div>
        <title>NORMA WRENN</title>
        <ing>
          <amt>
            <qty>1</qty>
            <unit>cup</unit></amt>
          <item>Orange juice; freshly squeezed</item></ing>
        <ing>
          <amt>
            <qty>1/2</qty>
            <unit/></amt>
          <item>Ripe banana</item></ing>
        <ing>
          <amt>
            <qty>2</qty>
            <unit>teaspoons</unit></amt>
          <item>Raw unsalted almond butter</item></ing>
        <ing>
          <amt>
            <qty>1/4</qty>
            <unit>cups</unit></amt>
          <item>Chopped pitted dates</item></ing>
        <ing>
          <amt>
            <qty>1/4</qty>
            <unit>teaspoons</unit></amt>
          <item>Pure vanilla extract</item></ing>
        <ing>
          <amt>
            <qty>1/4</qty>
            <unit>teaspoons</unit></amt>
          <item>Pure almond extract</item></ing>
        <ing>
          <amt>
            <qty>2</qty>
            <unit/></amt>
          <item>Ice cubes; (up to 3)</item></ing>
        <ing>
          <amt>
            <qty>1</qty>
            <unit>tablespoon</unit></amt>
          <item>Raw bran; (optional)</item></ing></ing-div></ingredients>
    <directions>
      <step>  Alive with enzymes, this super drink combines high-energy and protein.
  Great for weight-gain programs, too. You can cut some calories and carbs by
  ommitting the dates.
  
  Whir everything in a blender at high speed for about 30 seconds.
  
  Per shake: 513 calories; 12 g protein, 17 g fat, 78 g carbohydrate
  
  Nuts to you: Raw nuts (or seeds) and raw nut butters, available in
  health-food stores, are an excellent way to get a spectrum of vitamins,
  minerals, protein and the hard-to-get essential fatty acids in their
  natural state. If that precious oil forms at the top of the nut butter,
  don't pour it off. Stir it back in with a butter knife. Keep refrigerated.
  
  Source: Joe Weider's Muscle &amp; Fitness 5/91
  Posted to MC-Recipe Digest V1 #1066 by "M. Hicks" &lt;nitro_ii@email.msn.com&gt;
  on Jan 31, 1998
 
</step></directions></recipe></recipeml>
