<?xml version="1.0" encoding="UTF-8"?>

<recipeml version="0.5">
  <recipe>
    <head>
      <title>Almond Cresents</title>
      <categories>
        <cat>None</cat></categories>
      <yield>1</yield></head>
    <ingredients>
      <ing-div>
        <title/>
        <ing>
          <amt>
            <qty>250</qty>
            <unit>grams</unit></amt>
          <item>Ground almonds</item></ing>
        <ing>
          <amt>
            <qty>200</qty>
            <unit>grams</unit></amt>
          <item>Castor sugar</item></ing>
        <ing>
          <amt>
            <qty>4</qty>
            <unit/></amt>
          <item>Egg whites</item></ing>
        <ing>
          <amt>
            <qty>1</qty>
            <unit/></amt>
          <item>Lemon, grated rind of</item></ing></ing-div>
      <ing-div>
        <title>TOPPING</title>
        <ing>
          <amt>
            <qty>1</qty>
            <unit/></amt>
          <item>Egg white</item></ing>
        <ing>
          <amt>
            <qty>100</qty>
            <unit>grams</unit></amt>
          <item>Flaked almonds</item></ing>
        <ing>
          <amt>
            <qty>50</qty>
            <unit>grams</unit></amt>
          <item>Granulated sugar</item></ing>
        <ing>
          <amt>
            <qty>1</qty>
            <unit>tablespoon</unit></amt>
          <item>Water</item></ing></ing-div></ingredients>
    <directions>
      <step>  ('Female Magazine' Cookbook)
  
  Directions: In a mixing bowl, mix the ground almonds with the sugar, egg
  whites, and lemon rind. Place the bowl in a saucepan filled with boiling
  water. Stir the mixture continuously for about 15 mins to form a sticky
  dough. Cool and chill.
  
  Knead the dough, form a roll and cut about 2 dozen pieces. Shape into
  cresents and brush with egg whites. Scatter the almond flakes over each
  cresent and gently press the flakes in so that they stick to the cookies.
  Place cresents on a greased baking tray and bake in a moderately heated
  oven (*sorry* this is what the book says! - maybe 350 deg F?) for about 20
  minutes.
  
  Mix the sugar and water and simmer for a while. Brush the cookies with this
  glaze 5 minutes before the end of baking time. Remove from the oven and
  cool on a wire rack.
  
  Posted to EAT-L Digest 12 Sep 96
  
  From:    Serene Ong &lt;sereneo@INFO.BISHKEK.SU&gt;
  
  Date:    Fri, 13 Sep 1996 19:02:05 +0700
 
</step></directions></recipe></recipeml>
