<?xml version="1.0" encoding="UTF-8"?>

<recipeml version="0.5">
  <recipe>
    <head>
      <title>Almond Crumble Topping</title>
      <categories>
        <cat>None</cat></categories>
      <yield>1</yield></head>
    <ingredients>
      <ing>
        <amt>
          <qty>1</qty>
          <unit>cup</unit></amt>
        <item>All-purpose flour</item></ing>
      <ing>
        <amt>
          <qty>3</qty>
          <unit>tablespoons</unit></amt>
        <item>Sugar</item></ing>
      <ing>
        <amt>
          <qty>1/4</qty>
          <unit>teaspoons</unit></amt>
        <item>Freshly grated nutmeg</item></ing>
      <ing>
        <amt>
          <qty>1/2</qty>
          <unit>cups</unit></amt>
        <item>Sliced almonds</item></ing>
      <ing>
        <amt>
          <qty>6</qty>
          <unit>tablespoons</unit></amt>
        <item>Unsalted butter; melted</item></ing></ingredients>
    <directions>
      <step>  Combine flour, sugar and nutmeg in a mixing bowl; stir well to mix and stir
  in sliced almonds. Stir in the butter evenly. Set aside for 5 minutes,
  then, using your fingertips, break the mixture into 1/4 to 1/2 inch crumbs.
  Set aside again while you prepare the filling for Blueberry Lattice Pie.
  Recipe By     : BAKERS' DOZEN (NICK MALGIERI) SHOW #BD1A18
  
  Posted to EAT-L Digest 14 October 96
  
  Date:    Tue, 15 Oct 1996 20:20:24 -0500
  
  From:    Jackie Bordelon &lt;jbord@PREMIER.NET&gt;
 
</step></directions></recipe></recipeml>
