<?xml version="1.0" encoding="UTF-8"?>

<recipeml version="0.5">
  <recipe>
    <head>
      <title>Almond Fudge Topped Shortbread</title>
      <categories>
        <cat>Bars</cat>
        <cat>Bobbie - no</cat>
        <cat>Chocolate</cat>
        <cat>Cookies</cat>
        <cat>Desserts</cat></categories>
      <yield>30</yield></head>
    <ingredients>
      <ing>
        <amt>
          <qty>1</qty>
          <unit>cup</unit></amt>
        <item>Sliced almonds; lightly toasted, divided</item></ing>
      <ing>
        <amt>
          <qty>1</qty>
          <unit>cup</unit></amt>
        <item>Butter or margarine; softened</item></ing>
      <ing>
        <amt>
          <qty>1/2</qty>
          <unit>cups</unit></amt>
        <item>Confectioner's sugar</item></ing>
      <ing>
        <amt>
          <qty>1/4</qty>
          <unit>teaspoons</unit></amt>
        <item>Salt</item></ing>
      <ing>
        <amt>
          <qty>1 1/4</qty>
          <unit>cups</unit></amt>
        <item>All-purpose flour</item></ing>
      <ing>
        <amt>
          <qty>2</qty>
          <unit>cups</unit></amt>
        <item>Semisweet chocolate chips; (12 oz.)</item></ing>
      <ing>
        <amt>
          <qty>14</qty>
          <unit>ounces</unit></amt>
        <item>Can sweetened condensed milk</item></ing>
      <ing>
        <amt>
          <qty>1/2</qty>
          <unit>teaspoons</unit></amt>
        <item>Almond extract</item></ing></ingredients>
    <directions>
      <step>  Heat oven to 350 F. Grease 13x9x2" baking pan. Finely grind 1/3 cup cooled,
  toasted, almonds in food processor or blender. Beat butter, confectioner's
  sugar and salt in large bowl until creamy. Add flour and ground almonds;
  stir unitl well blended. With floured hands, press dough evenly into
  prepared pan. bake 20-25 minutes or until lightly browned. Cool 5 minutes.
  In heavy saucepan over Low heat, melt chocolate chips with sweetnened
  condensed milk, stirring constantly until chips are melted. Stir in almond
  extract. Spread evenly over warm shortbread. Sprinkle with remaining sliced
  almonds; press down firmly. Refrigerate 3 hours until firm. Cut into bars.
  Store covered at room temperature Makes 24-36 bars. Note: to toast almonds,
  heat oven to 350 F. Spread almonds in thin layer in shallow baking pan.
  Bake 5-8 minutes or until very lightly brown, stirring once or twice. MC
  formatting by bobbi744@acd.net ICQ #12099523
  
  Recipe by: Blue Diamond Nuts recipe
  
  Posted to MC-Recipe Digest by Roberta Banghart &lt;bobbi744@acd.net&gt; on May
  14, 1998
 
</step></directions></recipe></recipeml>
