<?xml version="1.0" encoding="UTF-8"?>

<recipeml version="0.5">
  <recipe>
    <head>
      <title>Almond Cheese Horseshoe</title>
      <categories>
        <cat>Breads</cat>
        <cat>Desserts</cat></categories>
      <yield>1</yield></head>
    <ingredients>
      <ing-div>
        <title/>
        <ing>
          <amt>
            <qty>2</qty>
            <unit>cups</unit></amt>
          <item>Bread flour</item></ing>
        <ing>
          <amt>
            <qty>1/4</qty>
            <unit>cups</unit></amt>
          <item>Water</item></ing>
        <ing>
          <amt>
            <qty>1/4</qty>
            <unit>cups</unit></amt>
          <item>Sugar</item></ing>
        <ing>
          <amt>
            <qty>1</qty>
            <unit/></amt>
          <item>Egg; or 1/4 cup egg sub.</item></ing>
        <ing>
          <amt>
            <qty>1/4</qty>
            <unit>teaspoons</unit></amt>
          <item>Salt</item></ing>
        <ing>
          <amt>
            <qty>1 1/2</qty>
            <unit>teaspoons</unit></amt>
          <item>Act. dry yeast</item></ing>
        <ing>
          <amt>
            <qty>1/4</qty>
            <unit>cups</unit></amt>
          <item>Margarine</item></ing></ing-div>
      <ing-div>
        <title>ALMOND FILLING</title>
        <ing>
          <amt>
            <qty>8</qty>
            <unit>ounces</unit></amt>
          <item>Cream cheese; softened . I prefer 4 oz</item></ing>
        <ing>
          <amt>
            <qty>1/8</qty>
            <unit>cups</unit></amt>
          <item>Sugar, and</item></ing>
        <ing>
          <amt>
            <qty>2</qty>
            <unit>tablespoons</unit></amt>
          <item>Almond Extract</item></ing>
        <ing>
          <amt>
            <qty>Make</qty>
            <unit>on</unit></amt>
          <item>dough cycle and remove to greased bowl. Rest in refrigerater 30</item></ing></ing-div></ingredients>
    <directions>
      <step>  min.  Knead breifly on floured board and roll into 15x10 in. rectangle.
  Spread filling leaving 1/2 inch border on all sides. Starting long side,
  roll into jellyroll and tuck and seal ends. Seal long seam and place on
  greased baking sheet, shaping into horseshoe. Cut slits with scissors
  through top of dough at 2 inch intervals. Cover and let rise in warm place
  till double in bulk, about 45 minutes. Brush top with beaten egg or egg
  sub. and bke in preheated oven 375 degrees for 15 to 20 min. till&gt;&gt;&gt;&gt;&gt;&gt;
  golden.  Cool slightly and drizzle with powdered sugar glaze. ALMOND
  FILLING: Combine in small bowl and mix to spreading consistency. You may
  add more extract and sugar to taste. Also you may use 1 T. milk or more to
  thin depending on type of cream cheese.
  
   For a really festive one add candied cherries in slits and sprinkle with
  sliced almonds before baking. ~--
  
  From Gemini's MASSIVE MealMaster collection at www.synapse.com/~gemini
 
</step></directions></recipe></recipeml>
