<?xml version="1.0" encoding="UTF-8"?>

<recipeml version="0.5">
  <recipe>
    <head>
      <title>Almond Crunch</title>
      <categories>
        <cat>1997</cat>
        <cat>Christmas</cat>
        <cat>Cookie</cat>
        <cat>Excha</cat></categories>
      <yield>1</yield></head>
    <ingredients>
      <ing>
        <amt>
          <qty>2</qty>
          <unit/></amt>
        <item>Sticks butter; do not substitute</item></ing>
      <ing>
        <amt>
          <qty>12</qty>
          <unit/></amt>
        <item>Graham crackers</item></ing>
      <ing>
        <amt>
          <qty>1/2</qty>
          <unit>cups</unit></amt>
        <item>Sugar</item></ing>
      <ing>
        <amt>
          <qty>2 3/4</qty>
          <unit>ounces</unit></amt>
        <item>Package sliced almonds</item></ing></ingredients>
    <directions>
      <step>  Preheat oven to 350. Line large cookie sheet with foil. (May also spray
  with non-stick spray). Put 10-12 graham crackers on foil. Bring the butter
  and sugar to a boil, and boil for 2 minutes. Pour over crackers, then
  sprinkle sliced almonds on top. Bake for 10 to 15 minutes until slightly
  tan. Slide foil from pan and break in pieces when cool.
  
  NOTES : This is sooooo good!  It's addicting!  Sometimes I pour mixture
  over both almonds and crackers. Just experiment! Exchanged by Rhonda Martin
  at my 1st annual Christmas Cookie Exchange on 12-3-97. These were my
  absolute favorite from all of the different cookies exchanged.
  Recipe by: Rhonda Martin
  
  Posted to recipelu-digest Volume 01 Number 340 by "Campbell"
  &lt;lauriec@flash.net&gt; on Dec 4, 1997
 
</step></directions></recipe></recipeml>
