<?xml version="1.0" encoding="UTF-8"?>

<recipeml version="0.5">
  <recipe>
    <head>
      <title>Almond Cookie</title>
      <categories>
        <cat>None</cat></categories>
      <yield>1</yield></head>
    <ingredients>
      <ing>
        <amt>
          <qty>1</qty>
          <unit>cup</unit></amt>
        <item>Sugar</item></ing>
      <ing>
        <amt>
          <qty>1 1/2</qty>
          <unit>cups</unit></amt>
        <item>Butter</item></ing>
      <ing>
        <amt>
          <qty>1/2</qty>
          <unit>teaspoons</unit></amt>
        <item>Almond flavoring</item></ing>
      <ing>
        <amt>
          <qty>8</qty>
          <unit>ounces</unit></amt>
        <item>Can almond paste</item></ing>
      <ing>
        <amt>
          <qty>1 1/2</qty>
          <unit>cups</unit></amt>
        <item>Flour</item></ing>
      <ing>
        <amt>
          <qty>1/2</qty>
          <unit>teaspoons</unit></amt>
        <item>Baking powder</item></ing>
      <ing>
        <amt>
          <qty>1/4</qty>
          <unit>teaspoons</unit></amt>
        <item>Soda</item></ing></ingredients>
    <directions>
      <step>  Cream butter, sugar, and almond flavoring until light and fluffy. Add egg
  and almond paste and beat thoroughly.  Add sifted dry ingredients and beat
  until well blended.  Chill dough for about 2 hours.Form into balls, shaping
  with palms of hands. Use 1 level teaspoon of dough for 1 cookie. Place on
  ungreased cookie sheet and press gently with small fruit glass which has
  been dipped in granulated sugar. Bake at 350 until delicately browned.
  about 12 minutes.  NOTE:  you can also add 3/4 cup chopped fine almonds to
  give  added flavor.
  
  Recipe By     :
  
  From: Ladies Home Journal- August 1991
  
  File ftp://ftp.idiscover.co.uk/pub/food/mealmaster/recipes/mmdja006.zip
 
</step></directions></recipe></recipeml>
