<?xml version="1.0" encoding="UTF-8"?>

<recipeml version="0.5">
  <recipe>
    <head>
      <title>Almond Falafel</title>
      <categories>
        <cat>Beans</cat></categories>
      <yield>1</yield></head>
    <ingredients>
      <ing>
        <amt>
          <qty>1 1/2</qty>
          <unit>pounds</unit></amt>
        <item>Lean ground lamb</item></ing>
      <ing>
        <amt>
          <qty>1</qty>
          <unit>small</unit></amt>
        <item>Eggplant (3/4 lb. diced)</item></ing>
      <ing>
        <amt>
          <qty>1</qty>
          <unit/></amt>
        <item>Tomato; coarsely chopped</item></ing>
      <ing>
        <amt>
          <qty>1 1/2</qty>
          <unit>teaspoons</unit></amt>
        <item>Salt</item></ing>
      <ing>
        <amt>
          <qty>1</qty>
          <unit>cup</unit></amt>
        <item>Yogurt</item></ing>
      <ing>
        <amt>
          <qty>1/4</qty>
          <unit>cups</unit></amt>
        <item>Parmesan grated cheese</item></ing>
      <ing>
        <amt>
          <qty>1</qty>
          <unit>large</unit></amt>
        <item>Onion</item></ing>
      <ing>
        <amt>
          <qty>1</qty>
          <unit/></amt>
        <item>Clove Garlic; minced</item></ing>
      <ing>
        <amt>
          <qty>2</qty>
          <unit>tablespoons</unit></amt>
        <item>Dry Red Wine</item></ing>
      <ing>
        <amt>
          <qty>1/2</qty>
          <unit>teaspoons</unit></amt>
        <item>Cinnamon</item></ing>
      <ing>
        <amt>
          <qty>1</qty>
          <unit>cup</unit></amt>
        <item>Chopped Almonds; toasted</item></ing>
      <ing>
        <amt>
          <qty>3</qty>
          <unit/></amt>
        <item>(8 Inch) Pita Breads; halved</item></ing></ingredients>
    <directions>
      <step>  In Dutch oven brown lamb with onion, eggplant and garlic over medium heat
  about 5 minutes.  Drain off excess fat.  Stir in tomato, wine, salt and
  cinnamon.  Continue to cook, covered, for about 20 minutes until vegetables
  are tender, stirring occasionally.  Stir in yogurt, almonds, and cheese.
  Spoon 1 cup hot lamb mixture in each 1/2 of pita bread. Serve immediately.
 
</step></directions></recipe></recipeml>
