<?xml version="1.0" encoding="UTF-8"?>

<recipeml version="0.5">
  <recipe>
    <head>
      <title>Almond Chicken with Peas</title>
      <categories>
        <cat>Peas</cat>
        <cat>Vegetables</cat></categories>
      <yield>1</yield></head>
    <ingredients>
      <ing>
        <amt>
          <qty>1/4</qty>
          <unit>cups</unit></amt>
        <item>Slivered almonds</item></ing>
      <ing>
        <amt>
          <qty>2</qty>
          <unit>tablespoons</unit></amt>
        <item>Butter or margarine</item></ing>
      <ing>
        <amt>
          <qty>1/2</qty>
          <unit>pounds</unit></amt>
        <item>Mushrooms; sliced</item></ing>
      <ing>
        <amt>
          <qty>1</qty>
          <unit>package</unit></amt>
        <item>Frozen petite peas; (10 oz.) thawed</item></ing>
      <ing>
        <amt>
          <qty>1/4</qty>
          <unit>pounds</unit></amt>
        <item>Fresh edible pod peas; or</item></ing>
      <ing>
        <amt>
          <qty>1</qty>
          <unit>package</unit></amt>
        <item>Frozen pea pods; (6 oz.) thawed</item></ing>
      <ing>
        <amt>
          <qty>3/4</qty>
          <unit>cups</unit></amt>
        <item>Regular strength chicken broth</item></ing>
      <ing>
        <amt>
          <qty>1</qty>
          <unit>can</unit></amt>
        <item>Water chestnuts; drained and thinly sliced</item></ing>
      <ing>
        <amt>
          <qty>3</qty>
          <unit>cups</unit></amt>
        <item>Cold cooked turkey or chicken; cut into bite-size pieces</item></ing>
      <ing>
        <amt>
          <qty>4</qty>
          <unit>teaspoons</unit></amt>
        <item>Cornstarch</item></ing>
      <ing>
        <amt>
          <qty>1</qty>
          <unit>tablespoon</unit></amt>
        <item>Soy sauce</item></ing></ingredients>
    <directions>
      <step>  Spread almonds in a shallow pan; toast in a 350 degrees oven until slightly
  browned (about 5 minutes); set aside. Place wok on medium heat. When wok is
  hot, add butter. When butter has melted, add mushrooms and stir-fry until
  golden and limp (about 3 minutes). Add peas, pod peas and 1/2 cup of the
  broth; stir-fry for about 2 minutes (do seconds if using frozen pod peas)
  or until peas are heated through. Add water chestnuts, turkey or chicken
  and onion; stir-fry for about 1 minute. Combine cornstarch, soy and
  remaining 1/4 cup chicken broth; add to turkey or chicken mixture and stir
  and cook until it boils and thickens (about 1 minute). Garnish with toasted
  almonds. Makes 4 to 6 servings.
  Posted to recipelu-digest by "Diane Geary." &lt;diane@keyway.net&gt; on Feb 4,
  1998
 
</step></directions></recipe></recipeml>
