<?xml version="1.0" encoding="UTF-8"?>

<recipeml version="0.5">
  <recipe>
    <head>
      <title>Almond Chocolate Pie</title>
      <categories>
        <cat>Bobbie - no</cat>
        <cat>Chocolate</cat>
        <cat>Desserts</cat>
        <cat>Make ahead</cat>
        <cat>Nuts</cat></categories>
      <yield>8</yield></head>
    <ingredients>
      <ing>
        <amt>
          <qty>6</qty>
          <unit/></amt>
        <item>Almond; (1 1/2 oz.) chocolate bars</item></ing>
      <ing>
        <amt>
          <qty>18</qty>
          <unit>large</unit></amt>
        <item>Marshmallows</item></ing>
      <ing>
        <amt>
          <qty>1/2</qty>
          <unit>cups</unit></amt>
        <item>Milk</item></ing>
      <ing>
        <amt>
          <qty>1/2</qty>
          <unit>pints</unit></amt>
        <item>Whipping cream</item></ing>
      <ing>
        <amt>
          <qty>8</qty>
          <unit/></amt>
        <item>Inch pie crust; baked</item></ing>
      <ing>
        <amt>
          <qty/>
          <unit/></amt>
        <item>Slivered almonds; for garnish</item></ing></ingredients>
    <directions>
      <step>  Combine chocolate bars, marshmallows and milk in top of doubler boiler and
  heat until mixture is melted. Cool completely, about half and hour. Whip
  cream to stiff peaks and fold into cooled chocolate mixture. Pour into
  baked pie crust and refrigerate at least 4 hours, until set. Garnish with
  slivered almonds or favorite dairy topping. Note: Can be made day ahead. MC
  formatting by bobbi744@sojourn.com
  
  Recipe by: Temptations, Jr. League of Lansing, MI, Cookbook, '84
  
  Posted to MC-Recipe Digest by Roberta Banghart &lt;bobbi744@sojourn.com&gt; on
  Mar 02, 1998
 
</step></directions></recipe></recipeml>
