<?xml version="1.0" encoding="UTF-8"?>

<recipeml version="0.5">
  <recipe>
    <head>
      <title>Almond Cheddar Appetizers</title>
      <categories>
        <cat>Appetizers</cat></categories>
      <yield>1</yield></head>
    <ingredients>
      <ing>
        <amt>
          <qty>1</qty>
          <unit>cup</unit></amt>
        <item>Mayonnaise</item></ing>
      <ing>
        <amt>
          <qty>2</qty>
          <unit>teaspoons</unit></amt>
        <item>Worcestershire sauce</item></ing>
      <ing>
        <amt>
          <qty>1</qty>
          <unit>cup</unit></amt>
        <item>Shredded sharp cheddar cheese</item></ing>
      <ing>
        <amt>
          <qty>1</qty>
          <unit>medium</unit></amt>
        <item>Onion; chopped</item></ing>
      <ing>
        <amt>
          <qty>3/4</qty>
          <unit>cups</unit></amt>
        <item>Slivered almonds; chopped</item></ing>
      <ing>
        <amt>
          <qty>6</qty>
          <unit/></amt>
        <item>Bacon strips; cooked and crumbled</item></ing>
      <ing>
        <amt>
          <qty>1</qty>
          <unit/></amt>
        <item>Loaf french bread; 1 pound</item></ing></ingredients>
    <directions>
      <step>  In a bowl, combine the mayonnaise and Worcestershire sauce; stir in cheese,
  onion, almonds and bacon. Cut bread into 1/2-in. slices; spread with cheese
  mixture Cut slices in half; place on a greased baking sheet. Bake at 400
  degrees for 8-10 minutes or until bubbly. Yield: about 4 dozen. Editor's
  Note: Unbaked appetizers may be frozen. Place in a single layer on a baking
  sheet; freeze for 1 hour. Remove from the baking sheet and store in an
  airtight container for up to 2 months. When ready to use, place unthawed
  appetizers on a greased baking sheet. Bake at 400 degrees for 10 minutes or
  until bubbly.
  
  Recipe by: Country Woman Magazine - Nov/Dec issue
  
  Posted to recipelu-digest Volume 01 Number 292 by RecipeLu
  &lt;recipelu@geocities.com&gt; on Nov 23, 1997
 
</step></directions></recipe></recipeml>
