<?xml version="1.0" encoding="UTF-8"?>

<recipeml version="0.5">
  <recipe>
    <head>
      <title>Almond Combs</title>
      <categories>
        <cat>Desserts</cat>
        <cat>Pastries</cat></categories>
      <yield>9</yield></head>
    <ingredients>
      <ing>
        <amt>
          <qty>1/2</qty>
          <unit/></amt>
        <item>Recipe basic puff pastry</item></ing>
      <ing>
        <amt>
          <qty>1</qty>
          <unit/></amt>
        <item>Egg; beaten</item></ing>
      <ing>
        <amt>
          <qty>1/2</qty>
          <unit>cups</unit></amt>
        <item>Ground almonds</item></ing>
      <ing>
        <amt>
          <qty>2</qty>
          <unit>tablespoons</unit></amt>
        <item>Sugar</item></ing>
      <ing>
        <amt>
          <qty>1</qty>
          <unit/></amt>
        <item>Egg yolk</item></ing>
      <ing>
        <amt>
          <qty>1</qty>
          <unit>teaspoon</unit></amt>
        <item>Water</item></ing>
      <ing>
        <amt>
          <qty>3/4</qty>
          <unit>cups</unit></amt>
        <item>Sifted powdered sugar</item></ing>
      <ing>
        <amt>
          <qty>1</qty>
          <unit>teaspoon</unit></amt>
        <item>Milk; up to 2</item></ing></ingredients>
    <directions>
      <step>  Roll pastry to a 12-inch square. Cut pastry into 4-inch squares.
  
  Combine 1 egg, almonds, and 2 tablespoons sugar. Spoon about 1 tablespoon
  almond mixture in a strip down center of each square. Combine egg yolk and
  water; brush one side of each square with yolk mixture. Fold over opposite
  side, and press gently to seal. Make even 1-inch cuts along sealed edge,
  about 1/4 inch apart; spread to form a comb. Place pastries on an ungreased
  baking sheet. Brush remaining egg yolk mixture over pastries. Freeze 10
  minutes. Bake at 425°F for 15 minutes or until puffed and golden brown.
  Transfer to a wire rack.
  
  Combine powdered sugar and milk; drizzle mixture over hot pastries.
  
  Yield: 9 servings.
  
  Note: One-half (17 1/4-ounce) package frozen puff pastry may be substituted
  for 1/2 recipe Basic Puff Pastry.
  
  Busted by Gail Shermeyer &lt;4paws@netrax.net&gt;
  
  Recipe by: The Southern Living Cookbook, 1987, 8487-0709-5
  
  Posted to MC-Recipe Digest by Gail Shermeyer &lt;4paws@netrax.net&gt; on May 02,
  1998
 
</step></directions></recipe></recipeml>
