<?xml version="1.0" encoding="UTF-8"?>

<recipeml version="0.5">
  <recipe>
    <head>
      <title>Almond Flavored Tequila Liqueur</title>
      <categories>
        <cat>Newspaper</cat>
        <cat>Alcohol</cat>
        <cat>Beverages</cat></categories>
      <yield>3 1/2</yield></head>
    <ingredients>
      <ing>
        <amt>
          <qty>8</qty>
          <unit>ounces</unit></amt>
        <item>Unpeeled almonds; dark</item></ing>
      <ing>
        <amt>
          <qty/>
          <unit/></amt>
        <item>.  roasted  (see note)</item></ing>
      <ing>
        <amt>
          <qty>1/2</qty>
          <unit/></amt>
        <item>Vanilla bean; split</item></ing>
      <ing>
        <amt>
          <qty>1</qty>
          <unit/></amt>
        <item>Stick cinnamon; 3 inch</item></ing>
      <ing>
        <amt>
          <qty>1</qty>
          <unit/></amt>
        <item>Bottle gold tequila</item></ing>
      <ing>
        <amt>
          <qty>2</qty>
          <unit>tablespoons</unit></amt>
        <item>Spicy piloncillo syrup; see</item></ing>
      <ing>
        <amt>
          <qty/>
          <unit/></amt>
        <item>.  other recipe</item></ing>
      <ing>
        <amt>
          <qty>1/4</qty>
          <unit>teaspoons</unit></amt>
        <item>Pure almond extract</item></ing></ingredients>
    <directions>
      <step>  ú 'h teaspoon pure almond extract Note: Place nuts on baking sheet in
  325-degree preheated oven and toast until dark brown, turning occasionally.
  When done, remove from pan to prevent overcooking.
  
  Coarsely chop nuts. Place in jar along with the vanilla bean and cinnamon
  stick. Coverwith tequila and steep for 2 weeks in cool, dark place, shaking
  gently occasionally (a murky sediment is natural). Strain several times
  through paper coffee filters.
  
  Add syrup and almond extract in small increments, tasting after each
  addition, until satisfied with flavor. Pour into sterilized dark-colored
  jar: allow to set for 2 weeks, adding more syrup if needed.
  
  Pour into pretty decorative jars for gifts. Serve either poured into hot
  coffee or served over ice in brandy snifters with a twist of lemon .
  
  Nutritlional analsis per ounce: 106 calories, 4 grams fat, 3 grams
  carbohydrates, 0 cholesterol, 1 milligram sodium, 35 percent of calories
  from fat .
  
  Source:  Tequila: Cooking with the Spirit of Mexico
  
  ** Fort Worth Star Telegram -- Food section -- 29 November 1995 **
  
  From Gemini's MASSIVE MealMaster collection at www.synapse.com/~gemini
 
</step></directions></recipe></recipeml>
