<?xml version="1.0" encoding="UTF-8"?>

<recipeml version="0.5">
  <recipe>
    <head>
      <title>Almond Butter Cookies</title>
      <categories>
        <cat>Cookies</cat>
        <cat>Vegetables</cat></categories>
      <yield>30</yield></head>
    <ingredients>
      <ing>
        <amt>
          <qty>1/4</qty>
          <unit>cups</unit></amt>
        <item>Canola oil</item></ing>
      <ing>
        <amt>
          <qty>1</qty>
          <unit>cup</unit></amt>
        <item>Almond butter</item></ing>
      <ing>
        <amt>
          <qty>1/4</qty>
          <unit>cups</unit></amt>
        <item>Maple syrup</item></ing>
      <ing>
        <amt>
          <qty>1/2</qty>
          <unit>teaspoons</unit></amt>
        <item>Pure vanilla extract</item></ing>
      <ing>
        <amt>
          <qty>1</qty>
          <unit>cup</unit></amt>
        <item>Whole wheat pastry flour (Sifted before measuring)</item></ing>
      <ing>
        <amt>
          <qty>1/4</qty>
          <unit>teaspoons</unit></amt>
        <item>Salt</item></ing></ingredients>
    <directions>
      <step>  Preheat oven to 300F. Lightly grease a baking sheet (or use a nonstick
  one). Mix together almond butter and oil; beat until smooth. Mix in maple
  syrup and vanilla extract. Stir together flour and salt. Add to almond
  butter mixture and mix until just combined. Cover and refrigerate for 10
  minutes. Roll dough into 3/4-inch balls. Place on baking sheet and flatten
  with a fork. Bake in preheated oven for 25 minutes, until bottoms are
  lightly browned. Cool a couple of minutes on the baking sheet, then
  transfer to a cooling rack. Eat. Variation: try with other nut butters.
  
  From Gemini's MASSIVE MealMaster collection at www.synapse.com/~gemini
 
</step></directions></recipe></recipeml>
