<?xml version="1.0" encoding="UTF-8"?>

<recipeml version="0.5">
  <recipe>
    <head>
      <title>Almond Crescents</title>
      <categories>
        <cat>Cookies</cat></categories>
      <yield>1</yield></head>
    <ingredients>
      <ing>
        <amt>
          <qty>1/2</qty>
          <unit>pounds</unit></amt>
        <item>(2 Sticks) Unsalted Butter</item></ing>
      <ing>
        <amt>
          <qty>2/3</qty>
          <unit>cups</unit></amt>
        <item>Sifted Confectioner's Sugar Plus More</item></ing>
      <ing>
        <amt>
          <qty/>
          <unit/></amt>
        <item>For Rolling</item></ing>
      <ing>
        <amt>
          <qty>1</qty>
          <unit>teaspoon</unit></amt>
        <item>Vanilla Extract</item></ing>
      <ing>
        <amt>
          <qty>1/2</qty>
          <unit>teaspoons</unit></amt>
        <item>Almond Extract</item></ing>
      <ing>
        <amt>
          <qty>1</qty>
          <unit>cup</unit></amt>
        <item>Coarsely Chopped Almonds</item></ing>
      <ing>
        <amt>
          <qty>2 1/3</qty>
          <unit>cups</unit></amt>
        <item>Sifted All-Purpose Flour</item></ing></ingredients>
    <directions>
      <step>  1. Heat oven to 350&amp;#176; and line baking sheets with parchment paper.
  Cream together butter and 2/3 cup sugar until fluffy. Beat in extracts,
  then add almonds. Stir in flour and beat until well mixed.
  
  2. Divide dough in half and roll each half into a log 1 inch in diameter.
  Cut each log into 3/4-inch pieces, and roll each piece into a cylinder 2
  inches long. Place cylinders 1 to 2 inches apart on baking sheets, and form
  into crescents.
  
  3. Bake for 15 to 20 minutes, or until lightly golden. Let crescents cool,
  then roll in additional sugar.
  Posted to EAT-L Digest 12 Sep 96
  
  Date:    Fri, 13 Sep 1996 08:39:12 -0400
  
  From:    Eileen &amp; Bob Holze &lt;beck4@ASAN.COM&gt;
 
</step></directions></recipe></recipeml>
