<?xml version="1.0" encoding="UTF-8"?>

<recipeml version="0.5">
  <recipe>
    <head>
      <title>Almond Butter Cutouts</title>
      <categories>
        <cat>Not</cat>
        <cat>Sent</cat></categories>
      <yield>36</yield></head>
    <ingredients>
      <ing>
        <amt>
          <qty>1</qty>
          <unit>cup</unit></amt>
        <item>Butter; no substitutes</item></ing>
      <ing>
        <amt>
          <qty>1</qty>
          <unit>cup</unit></amt>
        <item>Sugar</item></ing>
      <ing>
        <amt>
          <qty>2</qty>
          <unit/></amt>
        <item>Egg yolks</item></ing>
      <ing>
        <amt>
          <qty>1</qty>
          <unit>teaspoon</unit></amt>
        <item>Almond extract</item></ing>
      <ing>
        <amt>
          <qty>2</qty>
          <unit>cups</unit></amt>
        <item>All-purpose flour</item></ing>
      <ing>
        <amt>
          <qty>1/2</qty>
          <unit>teaspoons</unit></amt>
        <item>Salt</item></ing>
      <ing>
        <amt>
          <qty>1/2</qty>
          <unit>teaspoons</unit></amt>
        <item>Baking powder</item></ing>
      <ing>
        <amt>
          <qty>1</qty>
          <unit>cup</unit></amt>
        <item>Ground almonds</item></ing>
      <ing>
        <amt>
          <qty/>
          <unit/></amt>
        <item>Colored sugar and frosting; optional</item></ing></ingredients>
    <directions>
      <step>  In a mixing bowl, cream butter and sugar. Beat in egg yolks and extract.
  Combine flour, salt and baking powder; gradually add to creamed mixture.
  Stir in almonds. Cover and chill at least 2 hours. Roll out on a lightly
  floured surface to 3/8-inch thickness. Cut with cookiecutters; place on
  ungreased baking sheets. Sprinkle with sugar if desired. Bake at 375° for
  10-13 minutes or until the edges begin to brown. Cool on wire racks. Frost
  if desired.
  
  Recipe by: Taste of Home - December/January 1998
  
  Posted to MC-Recipe Digest V1 #933 by The Taillons &lt;taillon@earthlink.net&gt;
  on Nov 29, 1997
 
</step></directions></recipe></recipeml>
