<?xml version="1.0" encoding="UTF-8"?>

<recipeml version="0.5">
  <recipe>
    <head>
      <title>Almond Crunch Bars</title>
      <categories>
        <cat>Candy</cat></categories>
      <yield>8</yield></head>
    <ingredients>
      <ing>
        <amt>
          <qty>1</qty>
          <unit/></amt>
        <item>Stick oleo</item></ing>
      <ing>
        <amt>
          <qty>1</qty>
          <unit>cup</unit></amt>
        <item>Almonds</item></ing>
      <ing>
        <amt>
          <qty>1/2</qty>
          <unit>cups</unit></amt>
        <item>Sugar</item></ing>
      <ing>
        <amt>
          <qty>1</qty>
          <unit>tablespoon</unit></amt>
        <item>Light corn syrup</item></ing></ingredients>
    <directions>
      <step>  submitted by: hunterd@elmo.nmc.edu (Sandra, Michigan)
  
  Use a round cake pan and line with foil.  Butter foil generously.  Take
  ingredients and heat in 10-inch skillet and stir constantly until mixture
  turns golden brown - about 5 - 6 minutes.  Pour and spread in pan.  Let
  cool 15 min. and lift off and break into pieces. Enjoy!! It's that simple!
  
  DAVE &lt;DAVIDG@CLAM.RUTGERS.EDU&gt;
  
  RECIPEINTERNET LIST SERVER
  
  RECIPE ARCHIVE - 20 MAY 1996
  
  From the 'RECIPEinternet: Recipes from Around the World' recipe list.
  Downloaded from Glen's MM Recipe Archive, http://www.erols.com/hosey.
 
</step></directions></recipe></recipeml>
