<?xml version="1.0" encoding="UTF-8"?>

<recipeml version="0.5">
  <recipe>
    <head>
      <title>Almond Flavored Cake</title>
      <categories>
        <cat/></categories>
      <yield>100</yield></head>
    <ingredients>
      <ing>
        <amt>
          <qty>9 1/2</qty>
          <unit>cups</unit></amt>
        <item>WATER</item></ing>
      <ing>
        <amt>
          <qty>10</qty>
          <unit>pounds</unit></amt>
        <item>CAKE MIX YELLOW #10</item></ing>
      <ing>
        <amt>
          <qty>2</qty>
          <unit>ounces</unit></amt>
        <item>FLAVORING MAPLE</item></ing>
      <ing>
        <amt>
          <qty>PAN:</qty>
          <unit>18</unit></amt>
        <item>BY 26-INCH SHEET PAN                TEMPERATURE:  350 F. OVEN</item></ing></ingredients>
    <directions>
      <step>  1.  PREPARE CAKE MIX ACCORDING TO INSTRUCTIONS ON CONTAINER. SEE
  GUIDELINES FOR USING CAKE MIXES, RECIPE NO. G-G-3.  ADD 2 OZ (1/4 CP)
  IMITATION ALMOND FLAVORING.
  
  2.  POUR 7 LB 4 OZ (3 3/4 QT) BATTER INTO EACH GREASED AND FLOURED
  SHEET PAN.  SPREAD EVENLY.
  
  3.  BAKE 40-50 MINUTES OR UNTIL DONE.
  
  4.  COOL; FROST OR DUST WITH POWDERED SUGAR IF DESIRED.
  
  5.  CUT 6 BY 9.
  
  NOTE:  1.  OTHER PAN SIZES MAY BE USED. SEE RECIPE NO. G-G-4.
  
  2.  IN STEP 3, IF CONVECTION OVEN IS USED, BAKE AT 300F., 35 MIN.
  OR UNTIL DONE, ON LOW FAN, OPEN VENT.
  
  Recipe Number: G01001
  
  SERVING SIZE: I PIECE
  
  From the &lt;Army Master Recipe Index File&gt; (actually used today!).
  Downloaded from Glen's MM Recipe Archive, http://www.erols.com/hosey.
 
</step></directions></recipe></recipeml>
