<?xml version="1.0" encoding="UTF-8"?>

<recipeml version="0.5">
  <recipe>
    <head>
      <title>Almond Creme</title>
      <categories>
        <cat>Chinese</cat>
        <cat>Desserts</cat>
        <cat>Ceideburg 2</cat></categories>
      <yield>1</yield></head>
    <ingredients>
      <ing>
        <amt>
          <qty>3/4</qty>
          <unit>cups</unit></amt>
        <item>(180 ml.) cold water</item></ing>
      <ing>
        <amt>
          <qty>1</qty>
          <unit/></amt>
        <item>Envelope unflavored gelatin</item></ing>
      <ing>
        <amt>
          <qty>1/2</qty>
          <unit>cups</unit></amt>
        <item>(125 ml.) sugar</item></ing>
      <ing>
        <amt>
          <qty>3/4</qty>
          <unit>cups</unit></amt>
        <item>(180 ml.) boiling water</item></ing>
      <ing>
        <amt>
          <qty>1 1/4</qty>
          <unit>cups</unit></amt>
        <item>(310 ml.) evaporated milk</item></ing>
      <ing>
        <amt>
          <qty>1/2</qty>
          <unit>teaspoons</unit></amt>
        <item>(2 ml.) vanilla</item></ing>
      <ing>
        <amt>
          <qty>1/2</qty>
          <unit>teaspoons</unit></amt>
        <item>(2 ml.) almond extract</item></ing>
      <ing>
        <amt>
          <qty>2</qty>
          <unit/></amt>
        <item>Kiwi fruits, if desired</item></ing>
      <ing>
        <amt>
          <qty>4</qty>
          <unit/></amt>
        <item>Fresh ripe strawberries, if desired.</item></ing></ingredients>
    <directions>
      <step>  1.  Measure cold water into small bowl.  Sprinkle gelatin over cold
  water. Let stand for 1 minute.
  
  2.  Add sugar to gelatin mixture.  Stir until gelatin dissolves. Pour
  boiling water into medium bowl.  Stir in gelatin mixture.
  
  3.  Combine milk, vanilla and almond extract.  Stir milk mixture into
  gelatin mixture.
  
  4.  Divide mixture between four serving dishes.  Refrigerate until
  set, about 3 hours
  
  5.  Pare and slice kiwis.  Arrange kiwi slices and strawberries over
  each dessert.
  
  Chinese Cooking Class Cookbook, by the editors of Consumers Guide.
  Copyright 1980 by Publications International, Ltd, Skokie, Illinois.
  ISBN 0-517-322455
  
  Posted by Stephen Ceideberg; May 19 1992.
  
  File ftp://ftp.idiscover.co.uk/pub/food/mealmaster/recipes/cberg2.zip
 
</step></directions></recipe></recipeml>
