<?xml version="1.0" encoding="UTF-8"?>

<recipeml version="0.5">
  <recipe>
    <head>
      <title>Almond Cookies (Vanilla Sticks)</title>
      <categories>
        <cat>Cookies</cat></categories>
      <yield>1</yield></head>
    <ingredients>
      <ing>
        <amt>
          <qty/>
          <unit/></amt>
        <item>See below</item></ing></ingredients>
    <directions>
      <step>  Beat 4 egg whites stiff, add 1 lb powdered sugar. Beat 15 min [more
  like 5 min in electric mixer]. Set aside some (about 1/4?] for icing;
  add 1 lb. grated almonds, vanilla to flavor, to rest. Roll out, cut
  in strips, glaze with icing; bake in moderate oven.
  
  File ftp://ftp.idiscover.co.uk/pub/food/mealmaster/recipes/mmkah001.zip
 
</step></directions></recipe></recipeml>
