<?xml version="1.0" encoding="UTF-8"?>

<recipeml version="0.5">
  <recipe>
    <head>
      <title>Almond Butter Strips</title>
      <categories>
        <cat>Cookie</cat></categories>
      <yield>16</yield></head>
    <ingredients>
      <ing>
        <amt>
          <qty>3/4</qty>
          <unit>cups</unit></amt>
        <item>Butter or margarine</item></ing>
      <ing>
        <amt>
          <qty>1/4</qty>
          <unit>cups</unit></amt>
        <item>Sugar</item></ing>
      <ing>
        <amt>
          <qty>1</qty>
          <unit>teaspoon</unit></amt>
        <item>Almond extract</item></ing>
      <ing>
        <amt>
          <qty>2</qty>
          <unit>cups</unit></amt>
        <item>Sifted all-purpose flour</item></ing>
      <ing>
        <amt>
          <qty>1/8</qty>
          <unit>teaspoons</unit></amt>
        <item>Salt</item></ing>
      <ing>
        <amt>
          <qty>1</qty>
          <unit/></amt>
        <item>Egg white; slightly beaten</item></ing>
      <ing>
        <amt>
          <qty>1/8</qty>
          <unit>teaspoons</unit></amt>
        <item>Cinnamon</item></ing>
      <ing>
        <amt>
          <qty>1/4</qty>
          <unit>cups</unit></amt>
        <item>Sugar</item></ing>
      <ing>
        <amt>
          <qty>1/3</qty>
          <unit>cups</unit></amt>
        <item>Canned; toasted, diced buttered almonds</item></ing></ingredients>
    <directions>
      <step>  In large bowl with electric mixer at medium speed beat softened butter with
  1/4 cup sugar &amp; almond extract until light &amp; fluffy. Beat in flour &amp; salt
  until well mixed. Refrigerate dough 2-3 hours or until firm. On floured
  surface roll dough with flour-covered rolling pin to a rectangle 12x8x1/4
  inches. Then with pastry wheel, cut dough into 1x3-inch strips. Place
  cookie strips on ungreased cookie sheet. Bruns with egg white &amp; sprinkle
  with sugar, cinnamon &amp; almonds. Bake in 325 oven for about 15 minutes or
  until golden in color.
  
  MRS JAVIER (DORA) MONTEZ
  
  From the &lt;The Bliss of Cooking Returns&gt;, Fort Bliss Officers Wives Club,
  Ft. Bliss, TX.  Downloaded from Glen's MM Recipe Archive,
  http://www.erols.com/hosey.
 
</step></directions></recipe></recipeml>
