<?xml version="1.0" encoding="UTF-8"?>

<recipeml version="0.5">
  <recipe>
    <head>
      <title>Almond Cheese Pinecone</title>
      <categories>
        <cat>Dips</cat></categories>
      <yield>1</yield></head>
    <ingredients>
      <ing>
        <amt>
          <qty/>
          <unit/></amt>
        <item>Crackers</item></ing>
      <ing>
        <amt>
          <qty/>
          <unit/></amt>
        <item>Pine sprigs for garnish</item></ing>
      <ing>
        <amt>
          <qty>1/2</qty>
          <unit>teaspoons</unit></amt>
        <item>Worcestershire sauce</item></ing>
      <ing>
        <amt>
          <qty>1/4</qty>
          <unit>cups</unit></amt>
        <item>Minced green onions</item></ing>
      <ing>
        <amt>
          <qty>1/2</qty>
          <unit>pounds</unit></amt>
        <item>Crumbled blue cheese</item></ing>
      <ing>
        <amt>
          <qty>2</qty>
          <unit>cups</unit></amt>
        <item>Blanched toasted whole</item></ing>
      <ing>
        <amt>
          <qty/>
          <unit/></amt>
        <item>Almonds</item></ing>
      <ing>
        <amt>
          <qty>3</qty>
          <unit>packages</unit></amt>
        <item>(8-oz ea) cream cheese</item></ing>
      <ing>
        <amt>
          <qty/>
          <unit/></amt>
        <item>Softened</item></ing>
      <ing>
        <amt>
          <qty>2</qty>
          <unit/></amt>
        <item>Jars (5-oz ea) pasteurized</item></ing>
      <ing>
        <amt>
          <qty/>
          <unit/></amt>
        <item>Process cheese spread</item></ing>
      <ing>
        <amt>
          <qty/>
          <unit/></amt>
        <item>W/pimento</item></ing></ingredients>
    <directions>
      <step>  In a large bowl with mixer at medium speed, beat cream cheese, cheese
  spread with pimento and blue cheese until smooth. With spoon, stir in green
  onions and worcestershire sauce. Cover and refrigerate about one hour. On
  work surface, with hands, shape cheese mixture into shape of large pine
  cone. Arrange on wooden board. Beginning at narrow end of cone, carefully
  press almonds about 1/4 inch deep into cheese mixture in rows, making sure
  that pointed end of each almond extends at a slight angle. Continue
  pressing almonds into cheese mixture in rows, with rows slightly
  overlapping, until all cheese is covered. Garnish pinecone with pine
  sprigs. Serve with crackers.
  
  From Gemini's MASSIVE MealMaster collection at www.synapse.com/~gemini
 
</step></directions></recipe></recipeml>
