<?xml version="1.0" encoding="UTF-8"?>

<recipeml version="0.5">
  <recipe>
    <head>
      <title>Almond Cheesecake</title>
      <categories>
        <cat>Cheesecakes</cat></categories>
      <yield>1</yield></head>
    <ingredients>
      <ing-div>
        <title>CRUST</title>
        <ing>
          <amt>
            <qty>1 1/2</qty>
            <unit>cups</unit></amt>
          <item>Graham crackers crumbs</item></ing>
        <ing>
          <amt>
            <qty>3</qty>
            <unit>tablespoons</unit></amt>
          <item>Butter; melted.</item></ing>
        <ing>
          <amt>
            <qty>16</qty>
            <unit>ounces</unit></amt>
          <item>Cream cheese</item></ing>
        <ing>
          <amt>
            <qty>1</qty>
            <unit>can</unit></amt>
          <item>Condensed milk</item></ing>
        <ing>
          <amt>
            <qty>1/3</qty>
            <unit>cups</unit></amt>
          <item>Lemon juice</item></ing>
        <ing>
          <amt>
            <qty>1</qty>
            <unit>cup</unit></amt>
          <item>Icing sugar</item></ing>
        <ing>
          <amt>
            <qty>2</qty>
            <unit/></amt>
          <item>Egg yolks</item></ing>
        <ing>
          <amt>
            <qty>1</qty>
            <unit/></amt>
          <item>Envelope gelatin</item></ing>
        <ing>
          <amt>
            <qty>1/2</qty>
            <unit>cups</unit></amt>
          <item>Cream 35%</item></ing>
        <ing>
          <amt>
            <qty>2</qty>
            <unit>tablespoons</unit></amt>
          <item>Sugar</item></ing></ing-div></ingredients>
    <directions>
      <step>  1. For crust combine graham cracker crumbs abd buuter. Mix well and line
  bottom and sides of an 8" springform pan.
  
  2. Sprinkle gelatin over 1/2 cup hot water.
  
  3. Whip at medium high speed, cream cheese,condensed milk, lemon juice,
  icing sugar and egg yolks, then add softened gelatin until well mixed.
  
  4. Separately whip cream with sugar. Fold carefully but well into cream
  cheese.
  
  5. Pour into crust and keep a few hours in refrigerator or overnight.
  
  6. Before serving, cover with some heated strawberry jam, then with 1/2 cup
  slivered almonds.
  
  formatted and busted by recipelu@recipelu.com
  Posted to recipelu-digest Volume 01 Number 167 by RecipeLu
  &lt;recipelu@geocities.com&gt; on Oct 26, 1997
 
</step></directions></recipe></recipeml>
