<?xml version="1.0" encoding="UTF-8"?>

<recipeml version="0.5">
  <recipe>
    <head>
      <title>Almond Cream Caramel</title>
      <categories>
        <cat>Desserts</cat></categories>
      <yield>9</yield></head>
    <ingredients>
      <ing>
        <amt>
          <qty>1/2</qty>
          <unit>cups</unit></amt>
        <item>Sugar</item></ing>
      <ing>
        <amt>
          <qty>4</qty>
          <unit/></amt>
        <item>Large eggs</item></ing>
      <ing>
        <amt>
          <qty>1</qty>
          <unit>teaspoon</unit></amt>
        <item>Vanilla extract</item></ing>
      <ing>
        <amt>
          <qty>1/2</qty>
          <unit>teaspoons</unit></amt>
        <item>Almond extract</item></ing>
      <ing>
        <amt>
          <qty>1</qty>
          <unit/></amt>
        <item>14 oz can sweetened</item></ing>
      <ing>
        <amt>
          <qty>1</qty>
          <unit/></amt>
        <item>Condensed milk</item></ing>
      <ing>
        <amt>
          <qty>1</qty>
          <unit/></amt>
        <item>12 oz can evaporated skim</item></ing>
      <ing>
        <amt>
          <qty>1</qty>
          <unit/></amt>
        <item>Milk</item></ing>
      <ing>
        <amt>
          <qty>1/4</qty>
          <unit>cups</unit></amt>
        <item>Coarsely chopped almonds</item></ing>
      <ing>
        <amt>
          <qty>1</qty>
          <unit/></amt>
        <item>Chopped almonds (optional)</item></ing></ingredients>
    <directions>
      <step>  1. Preheat oven to 350 degrees
  
  2.  Pour sugar into a 9-inch round cake pan.  Place cake pan over medium
  heat.  Cook 6 minutes or unti sugar is dissolved and golden, shaking cake
  pan occasionally with tongs. Immediately remove from heat; set aside.
  
  3.  Place eggs in a medium bowl; stir with a whisk.  Stir in 1/4 cup
  almonds.  Pour mixture into prepared cake pan; cover with foil; place in a
  large shallow roasting pan.  Add water to roasting to a depth of 1 inch.
  Place roasting pan in oven and bake for 55 minutes or until a knife
  inserted in center comes out clean.
  
  4. Remove cake pan from water; place on a wire rack.  Remove foil.  Let
  cool in cake pan 30 minutes. Loosen edges with a knife or rubber spatula.
  Place a serving place upside down on top of cake pan; invert custard onto
  plate, allowing syrup to drizzle over custard. Sprinkle with chopped
  almonds if desired.
  Posted to recipelu-digest Volume 01 Number 644 by Kelly Burleson
  &lt;kelly@hci.net&gt; on Jan 30, 1998
 
</step></directions></recipe></recipeml>
