<?xml version="1.0" encoding="UTF-8"?>

<recipeml version="0.5">
  <recipe>
    <head>
      <title>Almond Cream Sauce</title>
      <categories>
        <cat>Sauces</cat></categories>
      <yield>8</yield></head>
    <ingredients>
      <ing>
        <amt>
          <qty>8</qty>
          <unit>ounces</unit></amt>
        <item>Cream cheese; softened</item></ing>
      <ing>
        <amt>
          <qty>8</qty>
          <unit>ounces</unit></amt>
        <item>Confectioners sugar</item></ing>
      <ing>
        <amt>
          <qty>4</qty>
          <unit>ounces</unit></amt>
        <item>Whipped topping</item></ing>
      <ing>
        <amt>
          <qty>1</qty>
          <unit/></amt>
        <item>Teapoon almond flavored liquer OR almond extract</item></ing></ingredients>
    <directions>
      <step>  Beat cream cheese and sugar together till smooth.
  
  Add whipped topping till smooth.
  
  Add liquer or extract and chill.
  
  Serving Ideas : Can be served over fruit cup
  
  Recipe by: Entertaining for all Seasons Posted to TNT - Prodigy's Recipe
  Exchange Newsletter  by Janet Baker &lt;jbaker@accunet.net&gt; on Aug 13, 1997
 
</step></directions></recipe></recipeml>
