<?xml version="1.0" encoding="UTF-8"?>

<recipeml version="0.5">
  <recipe>
    <head>
      <title>Almond Cookie Slices</title>
      <categories>
        <cat>Cookies &amp;</cat>
        <cat>Bars</cat></categories>
      <yield>36</yield></head>
    <ingredients>
      <ing-div>
        <title/>
        <ing>
          <amt>
            <qty>10</qty>
            <unit>tablespoons</unit></amt>
          <item>Unsalted butter (1 1/4 sticks)</item></ing>
        <ing>
          <amt>
            <qty>1/3</qty>
            <unit>cups</unit></amt>
          <item>Honey</item></ing>
        <ing>
          <amt>
            <qty>1/3</qty>
            <unit>cups</unit></amt>
          <item>Milk</item></ing>
        <ing>
          <amt>
            <qty>1/4</qty>
            <unit>teaspoons</unit></amt>
          <item>Almond extract</item></ing>
        <ing>
          <amt>
            <qty>2 1/2</qty>
            <unit>cups</unit></amt>
          <item>Whole almonds (I used sliced); toasted</item></ing>
        <ing>
          <amt>
            <qty>3/4</qty>
            <unit>cups</unit></amt>
          <item>Light brown sugar; packed</item></ing>
        <ing>
          <amt>
            <qty>3</qty>
            <unit>cups</unit></amt>
          <item>Flour</item></ing>
        <ing>
          <amt>
            <qty>1</qty>
            <unit>teaspoon</unit></amt>
          <item>Ground cinnamon</item></ing>
        <ing>
          <amt>
            <qty>3/4</qty>
            <unit>teaspoons</unit></amt>
          <item>Baking powder</item></ing>
        <ing>
          <amt>
            <qty>1/4</qty>
            <unit>teaspoons</unit></amt>
          <item>Baking soda</item></ing>
        <ing>
          <amt>
            <qty>1/2</qty>
            <unit>teaspoons</unit></amt>
          <item>Salt</item></ing></ing-div>
      <ing-div>
        <title>ALMOND GLAZE</title>
        <ing>
          <amt>
            <qty>1</qty>
            <unit>cup</unit></amt>
          <item>Confectioners' sugar</item></ing>
        <ing>
          <amt>
            <qty>1/2</qty>
            <unit>teaspoons</unit></amt>
          <item>Almond extract</item></ing>
        <ing>
          <amt>
            <qty>6</qty>
            <unit>teaspoons</unit></amt>
          <item>Water</item></ing></ing-div></ingredients>
    <directions>
      <step>  Melt butter in a small suacepan.  Stir in honey, milk and almond extract;
  set aside to cool.
  
  Combine 1 1/4 cups of almonds and the brown sugar in a food processor.
  Process just until nuts are texture of coarse meal.
  
  Add cooled butter mixture to the processor.  Process until smooth.  Add
  flour, cinnamon, baking powder, baking soda and salt.  Processor just until
  mixture is combined.
  
  Scrape into a bowl.  Stir in remaining 1 1/4 cups almonds.  Line a 9" x 9"
  x 2" square baking pan with plastic wrap. Place dough in pan &amp; pat level.
  Place in freezer for 20 minutes or until firm.
  
  Heat oven to 350.  Lightly coat baking sheets with nonstick vegetable
  spray.
  
  Remove the firm dough from pan.  Starting at any side, cut 1/4" slices.
  Arrange on the prepared baking sheets, placing them 1/2" apart.
  
  Bake in a 350 oven for 18 minutes or just until golden.  Transfer to wire
  racks to cool.  Drizzle with glaze.
  
  For glaze:  Mix together confectioners' sugar and almond extract in a small
  bowl.  Gradually stir in 6 teaspons of water or just enough to make a thin
  glaze.  Makes 3 dozen cookies.
  Posted to FOODWINE Digest 21 October 96
  
  Date:    Mon, 21 Oct 1996 15:06:15 -0400
  
  From:    Laura Hunter &lt;LHunter722@AOL.COM&gt;
 
</step></directions></recipe></recipeml>
