<?xml version="1.0" encoding="UTF-8"?>

<recipeml version="0.5">
  <recipe>
    <head>
      <title>Almond Fried Shrimp</title>
      <categories>
        <cat>Cyberealm</cat>
        <cat>Fish</cat>
        <cat>Appetizers</cat></categories>
      <yield>4</yield></head>
    <ingredients>
      <ing>
        <amt>
          <qty>1</qty>
          <unit>cup</unit></amt>
        <item>All purpose flour</item></ing>
      <ing>
        <amt>
          <qty>1</qty>
          <unit>pinch</unit></amt>
        <item>Salt</item></ing>
      <ing>
        <amt>
          <qty>2</qty>
          <unit>cups</unit></amt>
        <item>Milk</item></ing>
      <ing>
        <amt>
          <qty>4</qty>
          <unit/></amt>
        <item>Eggs</item></ing>
      <ing>
        <amt>
          <qty>12</qty>
          <unit/></amt>
        <item>Uncooked jumbo shrimp</item></ing>
      <ing>
        <amt>
          <qty>1 1/2</qty>
          <unit>cups</unit></amt>
        <item>Sliced almonds (5 oz)</item></ing>
      <ing>
        <amt>
          <qty>6</qty>
          <unit>cups</unit></amt>
        <item>Vegetable oil</item></ing></ingredients>
    <directions>
      <step>  Peel, devein and butterfly shrimp, leaving tails intact. Line large
  baking sheet with waxed paper. Place flour in medium bowl; add salt.
  Whisk milk and eggs in large bowl. Dredge shrimp (not tails) in
  seasoned flour; shake off excess. Dip shrimp (not tails) in milk
  mixture. Press almonds over shrimp, coating all but tails. Place
  shrimp on prepared sheet. Curl tails up over shrimp. Freeze until
  firm, about 1 1/2 hours. (Can be prepared up to 1 day ahead. Cover
  with foil.) Heat oil in heavy large saucepan to 350~. Loosen shrimp
  from paper. Add frozen shrimp to oil in batches and cook until deep
  golden brown, about 3 minutes. Transfer to paper towels using slotted
  spoon. Let drain. Divide shrimp among plates. Serve with cocktail
  sauce, tartar sauce and lemon wedges.
  
  Shared with us by: Tony Burke, Cyberealm BBS Watertown NY 315-786-1120
  
  File ftp://ftp.idiscover.co.uk/pub/food/mealmaster/recipes/mmcyber4.zip
 
</step></directions></recipe></recipeml>
