<?xml version="1.0" encoding="UTF-8"?>

<recipeml version="0.5">
  <recipe>
    <head>
      <title>Almond Coconut Christmas Balls</title>
      <categories>
        <cat>Army times</cat>
        <cat>Family &amp; fr</cat></categories>
      <yield>1</yield></head>
    <ingredients>
      <ing>
        <amt>
          <qty>1 1/2</qty>
          <unit>cups</unit></amt>
        <item>Confectioner's sugar</item></ing>
      <ing>
        <amt>
          <qty>1 1/2</qty>
          <unit>cups</unit></amt>
        <item>Shredded coconut</item></ing>
      <ing>
        <amt>
          <qty>2</qty>
          <unit>tablespoons</unit></amt>
        <item>Cream</item></ing>
      <ing>
        <amt>
          <qty>1/3</qty>
          <unit>teaspoons</unit></amt>
        <item>Almond extract</item></ing>
      <ing>
        <amt>
          <qty>1/4</qty>
          <unit>teaspoons</unit></amt>
        <item>Melted butter</item></ing>
      <ing>
        <amt>
          <qty/>
          <unit/></amt>
        <item>Red food coloring</item></ing>
      <ing>
        <amt>
          <qty/>
          <unit/></amt>
        <item>Green food coloring</item></ing></ingredients>
    <directions>
      <step>  Mix together the confectioners' sugar, 1 cup coconut, creama, almond
  extract and melted butter. Stir until all are well combined.
  
  Now divide the mixture into three equal parts. color one pink to red, one
  green and leave the other one white. Shape into 3/4 - 1 inch fat balls. Now
  roll the bals in rest of coconut and let stand about 24 hours to firm up.
  
  Makes 2 to 3 dozen balls.,
  
  Recipe by: Army Times 1978
  
  Posted to MC-Recipe Digest by "abprice@wf.net" &lt;abprice@wf.net&gt; on Apr 13,
  1998
 
</step></directions></recipe></recipeml>
