<?xml version="1.0" encoding="UTF-8"?>

<recipeml version="0.5">
  <recipe>
    <head>
      <title>Almond Cookies</title>
      <categories>
        <cat>Cookies</cat>
        <cat>Nuts</cat></categories>
      <yield>72</yield></head>
    <ingredients>
      <ing>
        <amt>
          <qty>3/4</qty>
          <unit>cups</unit></amt>
        <item>(1-1/2 sticks) butter; room temp</item></ing>
      <ing>
        <amt>
          <qty>6</qty>
          <unit>tablespoons</unit></amt>
        <item>Sugar</item></ing>
      <ing>
        <amt>
          <qty/>
          <unit/></amt>
        <item>=AB ts almond extract</item></ing>
      <ing>
        <amt>
          <qty>2</qty>
          <unit>cups</unit></amt>
        <item>Flour</item></ing>
      <ing>
        <amt>
          <qty>1/8</qty>
          <unit>teaspoons</unit></amt>
        <item>Salt</item></ing>
      <ing>
        <amt>
          <qty>1</qty>
          <unit/></amt>
        <item>Egg white; beaten to blend (glaze)</item></ing>
      <ing>
        <amt>
          <qty>1/3</qty>
          <unit>cups</unit></amt>
        <item>Minced blanched almonds</item></ing>
      <ing>
        <amt>
          <qty>1/8</qty>
          <unit>teaspoons</unit></amt>
        <item>Cinnamon</item></ing></ingredients>
    <directions>
      <step>  Cream butter with 4 tb sugar and almond extract until light and fluffy.
  Sift together flour and salt. Beat into butter mixture. Gather dough into
  ball; flatten into disc Wrap in plastic and refrigerate 1 hour.
  
  Preheat oven to 350. Roll dough out on lightly floured surface to 1/8-inch
  thickness. Using fluted pastry wheel, cut dough into 1x2-inch strips.
  Arrange on ungreased baking sheets. Brush with glaze. Combine remaining 3
  tb sugar, almonds and cinnamon. Sprinkle over strips. Bake until golden
  brown around edges, about 10 minutes. Cool cookies on racks.
  
  Cooking with Bon Appetite Cookies, 1987 Posted to MM-Recipes Digest V4 #208
  by PMCiesla@aol.com on Aug 9, 1997
 
</step></directions></recipe></recipeml>
