<?xml version="1.0" encoding="UTF-8"?>

<recipeml version="0.5">
  <recipe>
    <head>
      <title>Almond Cream Peach Tart</title>
      <categories>
        <cat>Dessert</cat></categories>
      <yield>4</yield></head>
    <ingredients>
      <ing>
        <amt>
          <qty>2</qty>
          <unit>cups</unit></amt>
        <item>Plus</item></ing>
      <ing>
        <amt>
          <qty>2</qty>
          <unit>tablespoons</unit></amt>
        <item>All-purpose flour</item></ing>
      <ing>
        <amt>
          <qty>1</qty>
          <unit>teaspoon</unit></amt>
        <item>Salt</item></ing>
      <ing>
        <amt>
          <qty>1/4</qty>
          <unit>cups</unit></amt>
        <item>Plus</item></ing>
      <ing>
        <amt>
          <qty>1 1/2</qty>
          <unit>teaspoons</unit></amt>
        <item>Sugar</item></ing>
      <ing>
        <amt>
          <qty>3/4</qty>
          <unit>pounds</unit></amt>
        <item>Unsalted butter</item></ing>
      <ing>
        <amt>
          <qty>12</qty>
          <unit/></amt>
        <item>Fresh peaches (about)</item></ing>
      <ing>
        <amt>
          <qty>4</qty>
          <unit/></amt>
        <item>Egg yolks</item></ing>
      <ing>
        <amt>
          <qty>3</qty>
          <unit>tablespoons</unit></amt>
        <item>Whipping cream</item></ing>
      <ing>
        <amt>
          <qty>2/3</qty>
          <unit>cups</unit></amt>
        <item>Ground almonds</item></ing>
      <ing>
        <amt>
          <qty>2/3</qty>
          <unit>cups</unit></amt>
        <item>Confectioners sugar</item></ing>
      <ing>
        <amt>
          <qty>1</qty>
          <unit/></amt>
        <item>Egg</item></ing>
      <ing>
        <amt>
          <qty>2</qty>
          <unit>teaspoons</unit></amt>
        <item>Myers' rum</item></ing>
      <ing>
        <amt>
          <qty>1</qty>
          <unit>tablespoon</unit></amt>
        <item>Cornstarch</item></ing>
      <ing>
        <amt>
          <qty>1/2</qty>
          <unit>cups</unit></amt>
        <item>Milk</item></ing>
      <ing>
        <amt>
          <qty>1</qty>
          <unit/></amt>
        <item>Lemon peel</item></ing>
      <ing>
        <amt>
          <qty>3</qty>
          <unit>drops</unit></amt>
        <item>Vanilla extract</item></ing></ingredients>
    <directions>
      <step>  To prepare the pate royale, sift 2 cups flour onto a work surface &amp; make a
  well in the center. Place the salt, 1-1/2 tsp. sugar, 1/2 lb. butter, 2 egg
  yolks, &amp; cream in the well. Mix the liquid ingredients in the well with the
  fingertips, gradually incorporating the flour. Knead with the heel of the
  palm to obtain a smooth dough. Work the dough as little as possible. Chill
  the dough at least 30 minutes before rolling out. Meanwhile, prepare the
  almond cream by creaming 6 tablespoons butter &amp; beating in the almonds &amp;
  confectioners' sugar. When the cream mixture is well blended, whisk in the
  egg. Beat in the rum &amp; the cornstarch, whisking until the mixture is light
  &amp; smooth. Set aside. To make the pastry cream, scald the milk with the
  lemon peel &amp; vanilla extract. Whisk together the remaining 2 yolks, the
  remaining
      1/4    cup sugar, &amp; the remaining 2 tablespoons flour. Pour the scalded
  milk into the yolk mixture, whisking constantly, &amp; return mixture to
  saucepan. Boil vigorously for 3 minutes, stirring continuously to prevent
  scorching. Remove from heat, add remaining butter, &amp; leave to cool. Preheat
  oven to 425 F. Remove chilled pate royale from the refrigerator &amp; roll out
  to 1/8 inch thickness. Line a 9-inch flan ring or French tart pan with the
  pastry dough. Combine the almond cream with the cooled pastry cream &amp; spoon
  the mixture into the pie shell. Plunge the peaches into boiling water for
  30 seconds; rinse under cold water. Remove the skins &amp; slice each peach
  into 8 wedges. Arrange the peach slices on top of the filling in a
  decorative pattern. Bake in oven for 25 to 30 minutes or until the almond
  filling is puffed &amp; browned.
  
  HARVEST RESTAURANT
  
  BRATTLE ST., CAMBRIDGE  WINE:J.
  
  PERRIER CHAMPAGNE CUVEE-ROYAL 73
  
  From the &lt;Micro Cookbook Collection of American recipes&gt;, downloaded from
  Glen's MM Recipe Archive, http://www.erols.com/hosey.
 
</step></directions></recipe></recipeml>
