<?xml version="1.0" encoding="UTF-8"?>

<recipeml version="0.5">
  <recipe>
    <head>
      <title>Almond Citrus Salad</title>
      <categories>
        <cat>Almonds</cat>
        <cat>Main dishes</cat>
        <cat>Lowfat</cat>
        <cat>Meatless</cat></categories>
      <yield>4</yield></head>
    <ingredients>
      <ing>
        <amt>
          <qty>1/3</qty>
          <unit>cups</unit></amt>
        <item>Orange juice</item></ing>
      <ing>
        <amt>
          <qty>2</qty>
          <unit>tablespoons</unit></amt>
        <item>White wine vinegar</item></ing>
      <ing>
        <amt>
          <qty>2</qty>
          <unit>tablespoons</unit></amt>
        <item>Vegetable oil</item></ing>
      <ing>
        <amt>
          <qty>1</qty>
          <unit>tablespoon</unit></amt>
        <item>Honey</item></ing>
      <ing>
        <amt>
          <qty>2</qty>
          <unit>teaspoons</unit></amt>
        <item>Grated fresh ginger</item></ing>
      <ing>
        <amt>
          <qty>1/4</qty>
          <unit>teaspoons</unit></amt>
        <item>Salt</item></ing>
      <ing>
        <amt>
          <qty>1/8</qty>
          <unit>teaspoons</unit></amt>
        <item>Red pepper flakes</item></ing>
      <ing>
        <amt>
          <qty>2</qty>
          <unit/></amt>
        <item>Grapefruits; peeled and segmented</item></ing>
      <ing>
        <amt>
          <qty>2</qty>
          <unit/></amt>
        <item>Navel oranges; peeled and sliced</item></ing>
      <ing>
        <amt>
          <qty>1/4</qty>
          <unit>cups</unit></amt>
        <item>Finely chopped red onion</item></ing>
      <ing>
        <amt>
          <qty>6</qty>
          <unit>cups</unit></amt>
        <item>Spinach leaves; lightly packed, torn into bite-size pieces</item></ing>
      <ing>
        <amt>
          <qty>1/3</qty>
          <unit>cups</unit></amt>
        <item>Slivered almonds; toasted *</item></ing></ingredients>
    <directions>
      <step>  To make dressing, in blender combine juice, vinegar, oil, honey, ginger,
  salt andpepper flakes. Blend to mix thoroughly. In bowl, combine fruit,
  onion and dressing. Set aside at least 10 minutes or up to one hour. To
  serve, line four individual plates with spinach. Spoon fruit mixture with
  dressing over spinach, dividing equally. Sprinkle almonds over salads.
  
  Servings: 4
  
  * To toast almonds, spread in an ungreased baking pan. Place in 350-degree
  oven and bake 5 to 10 minutes or until almonds are light brown; stir once
  or twice to ensure even browning. Note almonds will continue to brown
  slightly after removing from oven.
  
  See http://www.almondsarein.com/ &gt;Hanneman/Buster/MasterCook 1998/Ap
  
  Recipe by: Almond Board of California
  
  Posted to MC-Recipe Digest by KitPATh &lt;phannema@wizard.ucr.edu&gt; on Apr 08,
  1998
 
</step></directions></recipe></recipeml>
