<?xml version="1.0" encoding="UTF-8"?>

<recipeml version="0.5">
  <recipe>
    <head>
      <title>Almond Butter Crunch</title>
      <categories>
        <cat>Candies</cat>
        <cat>Chocolate</cat>
        <cat>Nuts</cat></categories>
      <yield>1</yield></head>
    <ingredients>
      <ing>
        <amt>
          <qty>1 1/2</qty>
          <unit>cups</unit></amt>
        <item>Whole blanched almonds; chopped (12 oz)</item></ing>
      <ing>
        <amt>
          <qty>1</qty>
          <unit>cup</unit></amt>
        <item>Butter or margarine</item></ing>
      <ing>
        <amt>
          <qty>1 1/2</qty>
          <unit>cups</unit></amt>
        <item>Sugar</item></ing>
      <ing>
        <amt>
          <qty>3</qty>
          <unit>tablespoons</unit></amt>
        <item>Light corn syrup</item></ing>
      <ing>
        <amt>
          <qty>3</qty>
          <unit>tablespoons</unit></amt>
        <item>Water</item></ing>
      <ing>
        <amt>
          <qty>8</qty>
          <unit>ounces</unit></amt>
        <item>Semisweet chocolate squares</item></ing></ingredients>
    <directions>
      <step>   1. Place chopped almonds on a cooky sheet; toast in
  moderate oven (375F) 10 minutes, or until lightly
  golden.
   2. Combine butter or margarine, sugar, corn syrup and
  water in a medium-size heavy saucepan. Cook over
  medium heat, stirring constantly, to 300F on candy
  thermometer. (A teaspoonful of syrup will separate
  into brittle threads when dropped in cold water.)
  Remove from heat; stir in 1 cup of the toasted
  almonds. Pour into a buttered 13x9x2" pan, spreading
  quickly and evenly; cool. Turn out onto wax paper.
   3. Melt chocolate squares in the top of a double
  boiler over hot water; remove from heat. Spread half
  the melted chocolate over top of candy; sprinkle with
  1/4 cup nuts; let set for about 20 minutes; turn candy
  over and spread with remaining chocolate and sprinkle
  with remaining nuts. Let stand until set. Break into
  pieces.
   Makes l pound.
   From Family Circle 11/72 Homemade Candies
  
  From Gemini's MASSIVE MealMaster collection at www.synapse.com/~gemini
 
</step></directions></recipe></recipeml>
