<?xml version="1.0" encoding="UTF-8"?>

<recipeml version="0.5">
  <recipe>
    <head>
      <title>Almond Cakes with Fresh Fruit</title>
      <categories>
        <cat>None</cat></categories>
      <yield>4</yield></head>
    <ingredients>
      <ing>
        <amt>
          <qty>18</qty>
          <unit>tablespoons</unit></amt>
        <item>(2 1/4 sticks) unsalted butter; room temperature</item></ing>
      <ing>
        <amt>
          <qty>3/4</qty>
          <unit>cups</unit></amt>
        <item>Plus 2 tablespoons granulated sugar</item></ing>
      <ing>
        <amt>
          <qty>1</qty>
          <unit>large</unit></amt>
        <item>Egg</item></ing>
      <ing>
        <amt>
          <qty>2</qty>
          <unit>large</unit></amt>
        <item>Egg yolks</item></ing>
      <ing>
        <amt>
          <qty>1</qty>
          <unit>tablespoon</unit></amt>
        <item>Freshly squeezed lemon juice plus zest of 1 lemon</item></ing>
      <ing>
        <amt>
          <qty>1 1/2</qty>
          <unit>teaspoons</unit></amt>
        <item>Pure vanilla extract</item></ing>
      <ing>
        <amt>
          <qty>1 3/4</qty>
          <unit>cups</unit></amt>
        <item>All-purpose flour</item></ing>
      <ing>
        <amt>
          <qty>1/3</qty>
          <unit>cups</unit></amt>
        <item>Finely ground blanched almonds; (1 ounce)</item></ing>
      <ing>
        <amt>
          <qty>2</qty>
          <unit>cups</unit></amt>
        <item>Assorted summer fruit such as strawberries; raspberries, blueberries, peaches, and figs</item></ing>
      <ing>
        <amt>
          <qty/>
          <unit/></amt>
        <item>Confectioners' sugar for dusting</item></ing>
      <ing>
        <amt>
          <qty>4</qty>
          <unit/></amt>
        <item>Sprigs mint for garnish; optional</item></ing></ingredients>
    <directions>
      <step>  1. Heat oven to 325. Butter eight 3 1/2 x 1 1/2 inch brioche molds; set
  aside. In electric mixer, combine butter and 3/4 cup granulated sugar; beat
  on medium until fluffy, about 5 minutes. Beat in whole egg and yolks until
  combined. Beat in lemon zest and vanilla until combined.
  
  2. Add flour and almonds; combine. Spoon batter into prepared molds,
  banging bottoms to compact batter. Bake 20 to 25 minutes. Reduce heat to
  300; bake until golden, 5 to 10 minutes. Let cool on a wire rack.
  
  3. Slice fruit into bite-size pieces, and toss with remaining 2 tablespoons
  granulated sugar and lemon juice. Let fruit stand 5 to 10 minutes. Dust
  cakes with confectioners' sugar. Serve with fruit and garnish with mint.
  
  If you prefer, bake in a nine inch cake pan for 45 minutes.
  
  Recipe by: MARTHA STEWART LIVING
  
  Posted to MC-Recipe Digest by "Joyce Bennis" &lt;Joyce_B@email.msn.com&gt; on Mar
  28, 1998
 
</step></directions></recipe></recipeml>
