<?xml version="1.0" encoding="UTF-8"?>

<recipeml version="0.5">
  <recipe>
    <head>
      <title>Aubergine with Lentils - Phad Makhua Sai Thua</title>
      <categories>
        <cat>Thai</cat>
        <cat>Vegetables</cat></categories>
      <yield>6</yield></head>
    <ingredients>
      <ing>
        <amt>
          <qty/>
          <unit/></amt>
        <item>Stephen Ceideburg</item></ing>
      <ing>
        <amt>
          <qty>1/4</qty>
          <unit>pounds</unit></amt>
        <item>Lentils</item></ing>
      <ing>
        <amt>
          <qty>1/2</qty>
          <unit>teaspoons</unit></amt>
        <item>Salt</item></ing>
      <ing>
        <amt>
          <qty>8</qty>
          <unit>ounces</unit></amt>
        <item>Aubergine (eggplant)</item></ing>
      <ing>
        <amt>
          <qty>4</qty>
          <unit/></amt>
        <item>Cloves garlic</item></ing>
      <ing>
        <amt>
          <qty>1</qty>
          <unit/></amt>
        <item>Fresh chili</item></ing>
      <ing>
        <amt>
          <qty>2</qty>
          <unit>tablespoons</unit></amt>
        <item>Vegetable oil</item></ing>
      <ing>
        <amt>
          <qty>1</qty>
          <unit>tablespoon</unit></amt>
        <item>Fish sauce</item></ing>
      <ing>
        <amt>
          <qty>4</qty>
          <unit>tablespoons</unit></amt>
        <item>Water</item></ing>
      <ing>
        <amt>
          <qty>10</qty>
          <unit/></amt>
        <item>Mint leaves</item></ing></ingredients>
    <directions>
      <step>  Cover the lentils with boiling water and leave for 2
  hours. Drain, cover with fresh water, add salt, bring
  to the boil and cook, covered for 1/2 hour. Drain.
  
  Cut the aubergines lengthwise into 4 pieces and then
  cut these quarters into 5-cm (2-inch) pieces.
  
  Pound the garlic and chili together. Then fry them in
  the vegetable oil until golden.
  
  Add the lentils, fish sauce, aubergine pieces and
  water to the garlic and chili in the pan. Continue
  frying for 2-3 minutes until the aubergine is cooked.
  
  Add the mint leaves, turn the mixture just once with a
  spoon, and remove from the heat.
  
  From "Discover Thai Cooking" by Chaslin, Canungmai and
  Tettoni, Times Editions, Singapore. 1987
  
  Posted by Stephen Ceideburg
  
  From Gemini's MASSIVE MealMaster collection at www.synapse.com/~gemini
 
</step></directions></recipe></recipeml>
