<?xml version="1.0" encoding="UTF-8"?>

<recipeml version="0.5">
  <recipe>
    <head>
      <title>Aubergine and Lamb Supper</title>
      <categories>
        <cat>Main dish</cat></categories>
      <yield>4</yield></head>
    <ingredients>
      <ing>
        <amt>
          <qty>2</qty>
          <unit/></amt>
        <item>Aubergines, each about 8 oz</item></ing>
      <ing>
        <amt>
          <qty/>
          <unit/></amt>
        <item>Salt, to sprinkle</item></ing>
      <ing>
        <amt>
          <qty>6</qty>
          <unit>ounces</unit></amt>
        <item>Ground Lamb</item></ing>
      <ing>
        <amt>
          <qty>2</qty>
          <unit/></amt>
        <item>Garlic cloves, peeled and crushed</item></ing>
      <ing>
        <amt>
          <qty>1</qty>
          <unit>bunch</unit></amt>
        <item>Spring Onions, trimmed and chopped</item></ing>
      <ing>
        <amt>
          <qty>2</qty>
          <unit/></amt>
        <item>Tomatoes, finely chopped</item></ing>
      <ing>
        <amt>
          <qty/>
          <unit/></amt>
        <item>Grated rind of 1 lemon</item></ing>
      <ing>
        <amt>
          <qty>1</qty>
          <unit>tablespoon</unit></amt>
        <item>Freshly Chopped Mint</item></ing>
      <ing>
        <amt>
          <qty/>
          <unit/></amt>
        <item>Freshly ground black pepper</item></ing>
      <ing>
        <amt>
          <qty>1</qty>
          <unit>medium</unit></amt>
        <item>Egg, beaten</item></ing>
      <ing>
        <amt>
          <qty>2</qty>
          <unit>tablespoons</unit></amt>
        <item>Oil</item></ing>
      <ing>
        <amt>
          <qty/>
          <unit/></amt>
        <item>Freshly chopped mint and mint sprigs to garnish</item></ing></ingredients>
    <directions>
      <step>  Rinse the aubergines, discard stems and cut in half lengthways. Scoop out
  centre of each aubergine and reserve, leaving about half-inch shell of
  flesh. Sprinkle each shell with salt, then turn over and leave to drain for
  30 minutes. Chop up the remaining flesh.
  
  Preheat the oven to 180C/350F/Gas Mark 4.
  
  Dry-fry the lamb and chopped aubergine over a moderate heat for 5 minutes,
  stirring frequently until browned. Drain off any fat, then add the garlic
  and continue to cook for 2 minutes. Remove pan from heat.
  
  Add the spring onion, tomatoes, grated lemon rind, mint and seasoning to
  taste. Mix well and bind with the beaten egg.
  
  Rinse the aubergine halves and pat dry with kitchen paper. Fill the shells
  with the prepared stuffing mixture, packing down firmly. Place in an oiled
  ovenproof dish and drizzle with the oil. Cover and bake in the preheated
  oven for 40 minutes or until aubergines are tender, basting occasionally
  with the oil in the dish.
  
  Garnish with chopped mint. Serve with cacik, green salad and freshly baked
  bread.
  
  Source: Take a Break
  
  From Gemini's MASSIVE MealMaster collection at www.synapse.com/~gemini
 
</step></directions></recipe></recipeml>
