<?xml version="1.0" encoding="UTF-8"?>

<recipeml version="0.5">
  <recipe>
    <head>
      <title>Aubergine Pate</title>
      <categories>
        <cat>Vegetarian</cat>
        <cat>Appetizers</cat></categories>
      <yield>4</yield></head>
    <ingredients>
      <ing>
        <amt>
          <qty>2</qty>
          <unit>medium</unit></amt>
        <item>Aubergines</item></ing>
      <ing>
        <amt>
          <qty>2</qty>
          <unit/></amt>
        <item>Cloves garlic crushed</item></ing>
      <ing>
        <amt>
          <qty>15</qty>
          <unit>mililiters</unit></amt>
        <item>1 tbsp oil</item></ing>
      <ing>
        <amt>
          <qty>30</qty>
          <unit>mililiters</unit></amt>
        <item>2 tbsp pomegranate juice or</item></ing>
      <ing>
        <amt>
          <qty/>
          <unit/></amt>
        <item>Orange juice.</item></ing>
      <ing>
        <amt>
          <qty>25</qty>
          <unit>mililiters</unit></amt>
        <item>Half tsp paprika.</item></ing>
      <ing>
        <amt>
          <qty/>
          <unit>pinches</unit></amt>
        <item>Chili seasoning.</item></ing></ingredients>
    <directions>
      <step>  Prick the aubergines with a fork and place on a baking tray. Bake in the
  oven at 180 c, 350 f, gas mark 4 for 30 minutes or until tender. When the
  aubergines are cooked, remove the skin while hot. Puree the flesh in a food
  processor with the garlic, oil, pomegranate juice, paprika and chili. Leave
  to cool, then serve with pitta bread.
  
  From Gemini's MASSIVE MealMaster collection at www.synapse.com/~gemini
 
</step></directions></recipe></recipeml>
