<?xml version="1.0" encoding="UTF-8"?>

<recipeml version="0.5">
  <recipe>
    <head>
      <title>Aubergines a la Toulousaine (Eggplant A La Toulouse)</title>
      <categories>
        <cat>Vegetarian</cat>
        <cat>Vegetables</cat>
        <cat>French</cat>
        <cat>Casseroles</cat>
        <cat>Eggplant</cat></categories>
      <yield>4</yield></head>
    <ingredients>
      <ing>
        <amt>
          <qty>1</qty>
          <unit>medium</unit></amt>
        <item>Eggplant</item></ing>
      <ing>
        <amt>
          <qty>1/4</qty>
          <unit>cups</unit></amt>
        <item>Salad oil</item></ing>
      <ing>
        <amt>
          <qty>3</qty>
          <unit>large</unit></amt>
        <item>Tomatoes; peeled</item></ing>
      <ing>
        <amt>
          <qty>2</qty>
          <unit>cups</unit></amt>
        <item>Fresh bread cubes</item></ing>
      <ing>
        <amt>
          <qty>2</qty>
          <unit>tablespoons</unit></amt>
        <item>Snipped parsley</item></ing>
      <ing>
        <amt>
          <qty>1</qty>
          <unit>clove</unit></amt>
        <item>Garlic</item></ing>
      <ing>
        <amt>
          <qty>1</qty>
          <unit>tablespoon</unit></amt>
        <item>Salad oil</item></ing>
      <ing>
        <amt>
          <qty>1/4</qty>
          <unit>cups</unit></amt>
        <item>Grated Parmesan cheese</item></ing></ingredients>
    <directions>
      <step>  Cut eggplant into 1/2-inch thick slices: pared. Place slices on paper
  towels; sprinkle each generously with salt. let stand for 30 minutes; then
  blot dry with paper towels. Start heating oven to 400 deg. F. Saute
  eggplant in 1/4 cup salad oil until golden. Add more oils as needed. Cut
  tomatoes into 1/2-inch thick slices; saute in same skillet. In a 10x6x2
  inch baking dish, arrange eggplant and tomatoes in alternate layers, (4 in
  all), sprinkling each layer with 1/4 teaspoon salt and 1/8 teaspoon pepper.
  Combine bread cubes with parsley, garlic, 1 tablespoon salad oil and
  cheese. Toss well. Sprinkle over top layer. Bake 20 minutes or until bread
  cubes are golden and eggplant is tender.
  Posted to Bakery-Shoppe Digest V1 #233 by xanthia@idirect.com (Xanthia) on
  Sep 13, 1997
 
</step></directions></recipe></recipeml>
