<?xml version="1.0" encoding="UTF-8"?>

<recipeml version="0.5">
  <recipe>
    <head>
      <title>Auberge Hanfield Pie</title>
      <categories>
        <cat>Casserole</cat></categories>
      <yield>8</yield></head>
    <ingredients>
      <ing>
        <amt>
          <qty>2</qty>
          <unit>tablespoons</unit></amt>
        <item>Olive oil</item></ing>
      <ing>
        <amt>
          <qty>3</qty>
          <unit>cups</unit></amt>
        <item>Potatoes; peeled and finely diced</item></ing>
      <ing>
        <amt>
          <qty>2</qty>
          <unit>cups</unit></amt>
        <item>Onions; peeled and finely diced</item></ing>
      <ing>
        <amt>
          <qty>1</qty>
          <unit>cup</unit></amt>
        <item>Broccoli stems; peeled and finely diced</item></ing>
      <ing>
        <amt>
          <qty>1</qty>
          <unit>teaspoon</unit></amt>
        <item>Minced garlic</item></ing>
      <ing>
        <amt>
          <qty>1/2</qty>
          <unit>teaspoons</unit></amt>
        <item>Cinnamon</item></ing>
      <ing>
        <amt>
          <qty>1</qty>
          <unit>teaspoon</unit></amt>
        <item>Allspice</item></ing>
      <ing>
        <amt>
          <qty>1/2</qty>
          <unit>teaspoons</unit></amt>
        <item>Black pepper</item></ing>
      <ing>
        <amt>
          <qty>1/2</qty>
          <unit>teaspoons</unit></amt>
        <item>Sea salt</item></ing>
      <ing>
        <amt>
          <qty>2</qty>
          <unit>cups</unit></amt>
        <item>Soysage</item></ing>
      <ing>
        <amt>
          <qty>2</qty>
          <unit>cups</unit></amt>
        <item>Tofu; firm or extra firm, crushed by hand</item></ing>
      <ing>
        <amt>
          <qty/>
          <unit/></amt>
        <item>Whole wheat pie dough for two double crusted pies</item></ing>
      <ing>
        <amt>
          <qty>1/4</qty>
          <unit>cups</unit></amt>
        <item>Barley malt syrup</item></ing></ingredients>
    <directions>
      <step>  Heat the oil in a large frying pan. Saute th epotatoes, onions, broccoli
  and garlic for a few minutes. Add the seasonings and continue cooking for a
  few minutes, stirring constantly.Finally, add the soysage and tofu and cook
  until the mixture is hot, stirring constantly.
  
  Roll out half of the dough and prepare the bottom crust for each of two
  small pies. Put 3 cups of filling in each pie pan. Roll out the top crusts
  and place them over the pies. Seal the edges of the top and bottom crusts,
  wetting the edges first with water. Bake in apreheated oven at 400 degrees
  for 40 mintues or until th etop crusts are browned. When the pie has baked
  for about 30 minutes, you can glaze the top crust with amixture of 1/4 cup
  barley malt syrup and 2 tbs water. Just lightly glaze the crust and return
  the pie to the oven. The glaze will make the crust shiny and brown.
  
  Variation:  You may prefer to add a bread crumb topping to the pie instead
  of a top crust. Prepare the topping by lightly mixing 1/2 cup whole wheat
  bread crumbs and 1/4 cup oil. Sprinkle it over the pie filling and bake the
  pie acording to the recipe.
  
  Source: Friendly Foods by Bro. Ron Pickarski/MM by DEEANNE
  
  Date: Sat, 22 Jun 1996 19:06:20 -0400
  
  From: BobbieB1@aol.com
  
  MM-Recipes Digest V3 #175
  
  From the MealMaster recipe list.  Downloaded from Glen's MM Recipe Archive,
  http://www.erols.com/hosey.
 
</step></directions></recipe></recipeml>
