<?xml version="1.0" encoding="UTF-8"?>

<recipeml version="0.5">
  <recipe>
    <head>
      <title>Aubergine Relish (Sambal Terong)</title>
      <categories>
        <cat>Indonesian</cat>
        <cat>Herb/spice</cat>
        <cat>Ceideburg</cat></categories>
      <yield>6</yield></head>
    <ingredients>
      <ing>
        <amt>
          <qty/>
          <unit/></amt>
        <item>Stephen Ceideburg</item></ing>
      <ing>
        <amt>
          <qty>2</qty>
          <unit>small</unit></amt>
        <item>Aubergines</item></ing>
      <ing>
        <amt>
          <qty>1</qty>
          <unit>large</unit></amt>
        <item>Spanish onion</item></ing>
      <ing>
        <amt>
          <qty>4</qty>
          <unit/></amt>
        <item>Cloves garlic</item></ing>
      <ing>
        <amt>
          <qty>1</qty>
          <unit>tablespoon</unit></amt>
        <item>Vegetable oil</item></ing>
      <ing>
        <amt>
          <qty>2</qty>
          <unit>teaspoons</unit></amt>
        <item>Chilli powder</item></ing>
      <ing>
        <amt>
          <qty>1</qty>
          <unit>slice</unit></amt>
        <item>Terasi</item></ing>
      <ing>
        <amt>
          <qty>1</qty>
          <unit>teaspoon</unit></amt>
        <item>Brown sugar</item></ing>
      <ing>
        <amt>
          <qty>2</qty>
          <unit>large</unit></amt>
        <item>Tomatoes</item></ing></ingredients>
    <directions>
      <step>  This is a relish which can be used hot or cold.
  
  Slice the aubergine and sprinkle it with salt; leave to stand for half an
  hour, then rinse and dry. Cut up the tomatoes and remove the seeds.
  
  Crush the terasi and garlic together. Slice the onion thinly, and fry until
  slightly brown. Add the garlic and terasi, the sugar and the chilli powder.
  Put in the aubergine, and mix well. Add the tomatoes, cover the pan, and
  continue cooking gently for 5 minutes. Taste, and add salt if necessary.
  Then put the mixture into a pudding basin and steam it for 20 minutes.
  
  If you want this relish to be really hot--spicy hot--then take 4 green
  chillis, seed them and chop finely, and put them into the frying-pan at the
  same time as the onions. Alternatively, use dried red chillis: soak them
  for at least 15 minutes and put them into the mixture, whole, when
  everything goes into the basin for steaming.
  
  From "Indonesian Food and Cookery", Sri Owen, Prospect Books, London,
  1986." ISBN 0-907325-29-7.
  
  Posted by Stephen Ceideburg
    Posted to MM-Recipes Digest V3 #255
  
    Date: Tue, 17 Sep 1996 22:37:56 -0700
  
    From: Julie Bertholf &lt;jewel1@ix.netcom.com&gt;
 
</step></directions></recipe></recipeml>
