<?xml version="1.0" encoding="UTF-8"?>

<recipeml version="0.5">
  <recipe>
    <head>
      <title>Aubergine-Kartoffel-Haehnchen-Ofenpfanne</title>
      <categories>
        <cat>Chicken</cat>
        <cat>Vegetables</cat>
        <cat>Potatoes</cat></categories>
      <yield>4</yield></head>
    <ingredients>
      <ing-div>
        <title/>
        <ing>
          <amt>
            <qty>1</qty>
            <unit>small</unit></amt>
          <item>Aubergine</item></ing>
        <ing>
          <amt>
            <qty>4</qty>
            <unit/></amt>
          <item>Haehnchenschenkel</item></ing>
        <ing>
          <amt>
            <qty>1</qty>
            <unit>tablespoon</unit></amt>
          <item>Paprikapulver, edelsuess</item></ing>
        <ing>
          <amt>
            <qty>2</qty>
            <unit>tablespoons</unit></amt>
          <item>Olivenoel</item></ing>
        <ing>
          <amt>
            <qty>400</qty>
            <unit>grams</unit></amt>
          <item>Kartoffeln; gekocht in Scheiben</item></ing>
        <ing>
          <amt>
            <qty>500</qty>
            <unit>grams</unit></amt>
          <item>Tomaten; geachtelt</item></ing>
        <ing>
          <amt>
            <qty>1</qty>
            <unit/></amt>
          <item>Gelbe Paprikaschote entkernt, in Streifen</item></ing>
        <ing>
          <amt>
            <qty>1</qty>
            <unit/></amt>
          <item>Gruene Peperoni; entkernt in Streifen</item></ing>
        <ing>
          <amt>
            <qty>2</qty>
            <unit>small</unit></amt>
          <item>Zwiebeln; gehackt</item></ing>
        <ing>
          <amt>
            <qty>1</qty>
            <unit>tablespoon</unit></amt>
          <item>Butter</item></ing></ing-div>
      <ing-div>
        <title>QUELLE</title></ing-div></ingredients>
    <directions>
      <step>  Aubergine in Scheiben schneiden, mit Salz bestreuen und 20 Minuten ziehen
  lassen.
  
  Haehnchenschenkel mit Salz und Paprikapulver einreiben, in der Haelfte vom
  heissen Oel kraeftig anbraten.
  
  Kartoffeln, Tomaten, Aubergine, Peperoni und Zwiebel in eine mit dem
  restlichen Oel ausgefette Form legen, Haehnchenschenkel daraufsetzen.
  
  Im Ofen bei 180 Grad 35 Minuten garen.
  
  TESTED by Anja Feb 1996: Sehr gut! Laenger backen - oder die Auberginen
  voher anbraten? Ist OK mit Tomaten aus der Dose.
  
  From Gemini's MASSIVE MealMaster collection at www.synapse.com/~gemini
 
</step></directions></recipe></recipeml>
