<?xml version="1.0" encoding="UTF-8"?>

<recipeml version="0.5">
  <recipe>
    <head>
      <title>Aubergine Fritters</title>
      <categories>
        <cat>Vegetable</cat></categories>
      <yield>6</yield></head>
    <ingredients>
      <ing>
        <amt>
          <qty>2</qty>
          <unit/></amt>
        <item>Eggs; beaten</item></ing>
      <ing>
        <amt>
          <qty/>
          <unit/></amt>
        <item>Salt to taste</item></ing>
      <ing>
        <amt>
          <qty>2</qty>
          <unit>tablespoons</unit></amt>
        <item>Milk</item></ing>
      <ing>
        <amt>
          <qty>2</qty>
          <unit/></amt>
        <item>Aubergines (eggplants); finely sliced</item></ing>
      <ing>
        <amt>
          <qty/>
          <unit/></amt>
        <item>Oil for deep frying</item></ing></ingredients>
    <directions>
      <step>  Date: Fri, 3 May 1996 00:26:54 -0400
  
  From: BobbieB1@aol.com
 
</step></directions></recipe></recipeml>
