<?xml version="1.0" encoding="UTF-8"?>

<recipeml version="0.5">
  <recipe>
    <head>
      <title>Aubergine and Sesame Pate</title>
      <categories>
        <cat>Appetizer</cat></categories>
      <yield>8</yield></head>
    <ingredients>
      <ing-div>
        <title/>
        <ing>
          <amt>
            <qty>1/2</qty>
            <unit>medium</unit></amt>
          <item>Aubergine (eggplant)</item></ing>
        <ing>
          <amt>
            <qty>1</qty>
            <unit/></amt>
          <item>Clove garlic; crushed</item></ing>
        <ing>
          <amt>
            <qty>1 1/2</qty>
            <unit>tablespoons</unit></amt>
          <item>Tahini</item></ing>
        <ing>
          <amt>
            <qty>1/4</qty>
            <unit/></amt>
          <item>Lemon; juice of</item></ing>
        <ing>
          <amt>
            <qty>1</qty>
            <unit>tablespoon</unit></amt>
          <item>Olive oil</item></ing>
        <ing>
          <amt>
            <qty/>
            <unit/></amt>
          <item>Seasoning</item></ing></ing-div>
      <ing-div>
        <title>GARNISH</title>
        <ing>
          <amt>
            <qty/>
            <unit/></amt>
          <item>Toasted sesame seeds</item></ing>
        <ing>
          <amt>
            <qty/>
            <unit/></amt>
          <item>Cayenne pepper</item></ing>
        <ing>
          <amt>
            <qty/>
            <unit/></amt>
          <item>Flatleaf parsley</item></ing></ing-div></ingredients>
    <directions>
      <step>  Date: Fri, 3 May 1996 00:26:54 -0400
  
  From: BobbieB1@aol.com
  1. Preheat the oven to 200c/400f/Gas 6. Bake the aubergine for 25-30
  minutes until tender. Cool slightly , then peel and puree the flesh in a
  blender or processor.
  
  2. Add the garlic, tahini and lemon juice and process until mixed.  With
  the motor running, drizzle in the oil to make a smooth paste. Season to
  taste. Transfer to a serving dish, garnish and serve cold with pitta bread.
  
  MM-RECIPES@IDISCOVER.NET
  
  MEAL-MASTER RECIPES LISTSERVER
  
  MM-RECIPES DIGEST V3 #123
  
  From the MealMaster recipe list.  Downloaded from Glen's MM Recipe Archive,
  http://www.erols.com/hosey.
 
</step></directions></recipe></recipeml>
