<?xml version="1.0" encoding="UTF-8"?>

<recipeml version="0.5">
  <recipe>
    <head>
      <title>Auld Reekie Cock-A-Leekie</title>
      <categories>
        <cat>Scot/irish</cat>
        <cat>Soups/stews</cat>
        <cat>Poultry</cat></categories>
      <yield>8</yield></head>
    <ingredients>
      <ing>
        <amt>
          <qty/>
          <unit/></amt>
        <item>British measurements</item></ing>
      <ing>
        <amt>
          <qty>5</qty>
          <unit>fluid ounces</unit></amt>
        <item>Single malt scotch whiskey</item></ing>
      <ing>
        <amt>
          <qty>4</qty>
          <unit>pints</unit></amt>
        <item>Water</item></ing>
      <ing>
        <amt>
          <qty>1</qty>
          <unit>tablespoon</unit></amt>
        <item>Dried tarragon</item></ing>
      <ing>
        <amt>
          <qty>1</qty>
          <unit>teaspoon</unit></amt>
        <item>Brown sugar</item></ing>
      <ing>
        <amt>
          <qty>1</qty>
          <unit/></amt>
        <item>Boiling chicken; 3lb,</item></ing>
      <ing>
        <amt>
          <qty/>
          <unit/></amt>
        <item>.  giblets removed</item></ing>
      <ing>
        <amt>
          <qty>3</qty>
          <unit/></amt>
        <item>Rashers streaky bacon;</item></ing>
      <ing>
        <amt>
          <qty/>
          <unit/></amt>
        <item>.  chopped</item></ing>
      <ing>
        <amt>
          <qty>1</qty>
          <unit>pound</unit></amt>
        <item>Shin of beef</item></ing>
      <ing>
        <amt>
          <qty>2</qty>
          <unit>pounds</unit></amt>
        <item>Leeks; sliced</item></ing>
      <ing>
        <amt>
          <qty>1</qty>
          <unit>large</unit></amt>
        <item>Onion; chopped</item></ing>
      <ing>
        <amt>
          <qty/>
          <unit/></amt>
        <item>Salt &amp; pepper to taste</item></ing>
      <ing>
        <amt>
          <qty>8</qty>
          <unit/></amt>
        <item>Prunes; pre-soaked</item></ing></ingredients>
    <directions>
      <step>  Mix the whiskey with the water, tarragon and sugar. Place the chicken,
  bacon and beef into a large bowl and pour the whiskey marinade over.
  Leave to marinate overnight. Next day, transfer mixture to a large
  soup pot. Add the leeks (reserving one) and the onion, and season to
  taste. Bring slowly to a boil, cover, and then simmer for 2 hours, or
  until the bird is tender. Skim off excess fat from the liquid. Remove
  the chicken from the pot, skin, remove bones and cut meat into pieces
  before returning to the pot (cut up the shin of beef, if necessary).
  Add the prunes and remaining sliced leek and simmer gently for 10-15
  minutes.
  
  "Scotch Whiskey Recipes"
  :     by  Jo Guthrie Jarrold Publishing, Norwich 1991 ISBN   0-7117-0553-4
  
  Scanned and formatted for you by  The WEE Scot  --  pol Mac Griogair
  
  From: Paul Macgregor                  Date: 06-15-96
  Posted to MM-Recipes Digest V3 #251
  
  Date: Fri, 13 Sep 1996 21:49:00 -0400
  
  From: BobbieB1@aol.com
 
</step></directions></recipe></recipeml>
