<?xml version="1.0" encoding="UTF-8"?>

<recipeml version="0.5">
  <recipe>
    <head>
      <title>Aunt Celeste's Butter Cookies</title>
      <categories>
        <cat>None</cat></categories>
      <yield>1</yield></head>
    <ingredients>
      <ing>
        <amt>
          <qty>1</qty>
          <unit>cup</unit></amt>
        <item>Butter</item></ing>
      <ing>
        <amt>
          <qty>1</qty>
          <unit>cup</unit></amt>
        <item>Sugar</item></ing>
      <ing>
        <amt>
          <qty>1</qty>
          <unit/></amt>
        <item>Egg</item></ing>
      <ing>
        <amt>
          <qty>1</qty>
          <unit>teaspoon</unit></amt>
        <item>Baking soda</item></ing>
      <ing>
        <amt>
          <qty>1</qty>
          <unit>teaspoon</unit></amt>
        <item>Cream of tartar</item></ing>
      <ing>
        <amt>
          <qty>2</qty>
          <unit>cups</unit></amt>
        <item>Flour</item></ing>
      <ing>
        <amt>
          <qty>1</qty>
          <unit>teaspoon</unit></amt>
        <item>Vanilla</item></ing></ingredients>
    <directions>
      <step>  Cream butter and sugar. Beat egg and add to mixture. Set aside 10 minutes.
  Add baking soda. Sift flour and cream of tartar together and add to
  mixture. Drop by spoonful onto greased cookie sheet. Dip the bottom of a
  glass in sugar and press down on cookies to flatten. Bake at 350 until
  edges turn brown (8-10 minutes).
  
  Posted to Bakery-Shoppe Digest V1 #416 by waterman@vt.edu (Betsey) on Nov
  25, 1997
 
</step></directions></recipe></recipeml>
