<?xml version="1.0" encoding="UTF-8"?>

<recipeml version="0.5">
  <recipe>
    <head>
      <title>Auntie's Luau Potato and Macaroni Salad</title>
      <categories>
        <cat>Hawaiian</cat>
        <cat>Luau</cat>
        <cat>Salads</cat>
        <cat>Tuna</cat>
        <cat>Family</cat></categories>
      <yield>36</yield></head>
    <ingredients>
      <ing>
        <amt>
          <qty>5</qty>
          <unit>pounds</unit></amt>
        <item>Potatoes, salad</item></ing>
      <ing>
        <amt>
          <qty>1</qty>
          <unit>tablespoon</unit></amt>
        <item>Salt</item></ing>
      <ing>
        <amt>
          <qty>1 1/2</qty>
          <unit>teaspoons</unit></amt>
        <item>Pepper</item></ing>
      <ing>
        <amt>
          <qty>2</qty>
          <unit>pounds</unit></amt>
        <item>Macaroni, salad</item></ing>
      <ing>
        <amt>
          <qty>1</qty>
          <unit/></amt>
        <item>Dozen eggs, hard-boiled, chopped</item></ing>
      <ing>
        <amt>
          <qty>4</qty>
          <unit>cups</unit></amt>
        <item>Celery, chopped fine</item></ing>
      <ing>
        <amt>
          <qty>2</qty>
          <unit>cups</unit></amt>
        <item>Carrots, shredded</item></ing>
      <ing>
        <amt>
          <qty>1</qty>
          <unit>cup</unit></amt>
        <item>Maui onion, chopped fine</item></ing>
      <ing>
        <amt>
          <qty>2</qty>
          <unit>pounds</unit></amt>
        <item>Peas, frozen</item></ing>
      <ing>
        <amt>
          <qty>3</qty>
          <unit>cans</unit></amt>
        <item>Tuna in oil, drained</item></ing>
      <ing>
        <amt>
          <qty>2</qty>
          <unit>quarts</unit></amt>
        <item>Best foods Mayonnaise</item></ing>
      <ing>
        <amt>
          <qty>1</qty>
          <unit>cup</unit></amt>
        <item>Milk</item></ing></ingredients>
    <directions>
      <step>  Cook potatoes until tender. Cool. Peel and dice. Cook macaroni per
  
  package directions. Drain and cool. In a very large bowl combine all
  
  the ingredients and mix gently. Add additional mayonnaise, if
  
  necessary. Refrigerate for several hours. Do not serve all at once.
  
  Divide into two serving bowls. Set out 1 bowl at the start of the luau
  
  and set out the second bowl when necessary. This will keep
  
  everything fresh and cold. It also helps to place the bowl on a bed
  
  of crushed ice. Garnish with parsley, additional hard boiled eggs,
  
  paprika, slivers of green pepper, or whatever.
  
  Me ke aloha, Mary
  
  NOTES : E hele mai oukou e ai!  (Come and eat!)
  
  Recipe by: Mary Spero Posted to TNT - Prodigy's Recipe Exchange Newsletter
  by MarySpero@prodigy.com (MS MARY E SPERO) on 3 Ju, l 1997
 
</step></directions></recipe></recipeml>
