<?xml version="1.0" encoding="UTF-8"?>

<recipeml version="0.5">
  <recipe>
    <head>
      <title>Aunt Helen's "Killer" Cobbler</title>
      <categories>
        <cat>Dessert</cat>
        <cat>Fruit</cat></categories>
      <yield>6</yield></head>
    <ingredients>
      <ing>
        <amt>
          <qty>1</qty>
          <unit>cup</unit></amt>
        <item>All-purpose flour</item></ing>
      <ing>
        <amt>
          <qty>1/2</qty>
          <unit>cups</unit></amt>
        <item>White sugar</item></ing>
      <ing>
        <amt>
          <qty>1 1/2</qty>
          <unit>teaspoons</unit></amt>
        <item>Baking powder</item></ing>
      <ing>
        <amt>
          <qty>1/2</qty>
          <unit>cups</unit></amt>
        <item>Milk</item></ing>
      <ing>
        <amt>
          <qty>1/4</qty>
          <unit>cups</unit></amt>
        <item>Butter, softened Filling---</item></ing>
      <ing>
        <amt>
          <qty>1/4</qty>
          <unit>cups</unit></amt>
        <item>Firmly packed brown sugar</item></ing>
      <ing>
        <amt>
          <qty>1</qty>
          <unit>tablespoon</unit></amt>
        <item>Cornstarch</item></ing>
      <ing>
        <amt>
          <qty>1/2</qty>
          <unit>cups</unit></amt>
        <item>Cold water</item></ing>
      <ing>
        <amt>
          <qty>3</qty>
          <unit>cups</unit></amt>
        <item>Fresh peaches, peeled,, sliced in quarters</item></ing>
      <ing>
        <amt>
          <qty>1</qty>
          <unit>cup</unit></amt>
        <item>Fresh blueberries</item></ing>
      <ing>
        <amt>
          <qty>1</qty>
          <unit>tablespoon</unit></amt>
        <item>Butter</item></ing>
      <ing>
        <amt>
          <qty>1</qty>
          <unit>tablespoon</unit></amt>
        <item>Freshly squeezed lemon juice</item></ing>
      <ing>
        <amt>
          <qty>2</qty>
          <unit>tablespoons</unit></amt>
        <item>White sugar</item></ing>
      <ing>
        <amt>
          <qty>1/4</qty>
          <unit>teaspoons</unit></amt>
        <item>Ground nutmeg</item></ing>
      <ing>
        <amt>
          <qty>1/4</qty>
          <unit>teaspoons</unit></amt>
        <item>Ground cinnamon</item></ing>
      <ing>
        <amt>
          <qty/>
          <unit/></amt>
        <item>Lots of vanilla ice cream</item></ing></ingredients>
    <directions>
      <step>  Make topping first: Mix flour, 1/2 cup white sugar and baking powder. Add
  milk and 1/4 cup butter. Stir until all lumps are gone. Set aside.
  
  Next, in a medium saucepan, stir together brown sugar and cornstarch; add
  water. Add peaches and blueberries. Cook and stir gently over medium heat
  until bubbly. Add lemon juice and 1 tablespoon butter and stir until butter
  melts. Pour in an ungreased baking dish and spoon mounds of topping over
  the hot filling. Sprinkle with mixture of remaining white sugar, nutmeg and
  cinnamon. To avoid spillover in the oven, place baking dish on top of a
  cookie sheet. Bake cobbler in a 350°F oven for 35 minutes or until a
  toothpick inserted in the crust comes out clean. Serve warm with ice cream,
  or if you are feeling frisky, whipped cream. If blueberries are not
  available, you can add one additional cup of peaches to the recipe.
  
  NOTES : According to the author, Marilyn Schiveley, of Folsom, it's a
  "killer" because it's so good. "It's to die for," she said. "My aunt and
  uncle had a peach ranch in Colorado back in the 1950's, and this is a tried
  and true, never-fail recipe that gets rave reviews every time."
  
  Recipe by: Reader Contest Winner, Sacramento Bee 7/9/97 Posted to MC-Recipe
  Digest V1 #662 by Crane Walden &lt;cranew@foothill.net&gt; on Jul 9, 1997
 
</step></directions></recipe></recipeml>
