<?xml version="1.0" encoding="UTF-8"?>

<recipeml version="0.5">
  <recipe>
    <head>
      <title>Aunt Dimity's Butterscotch Brownies</title>
      <categories>
        <cat>New</cat>
        <cat>Text</cat>
        <cat>Import</cat></categories>
      <yield>16</yield></head>
    <ingredients>
      <ing>
        <amt>
          <qty>1/2</qty>
          <unit>cups</unit></amt>
        <item>Melted butter</item></ing>
      <ing>
        <amt>
          <qty>2</qty>
          <unit>cups</unit></amt>
        <item>Dark brown sugar</item></ing>
      <ing>
        <amt>
          <qty>2</qty>
          <unit/></amt>
        <item>Eggs</item></ing>
      <ing>
        <amt>
          <qty>1 1/2</qty>
          <unit>cups</unit></amt>
        <item>Flour</item></ing>
      <ing>
        <amt>
          <qty>2</qty>
          <unit>teaspoons</unit></amt>
        <item>Baking powder</item></ing>
      <ing>
        <amt>
          <qty>1</qty>
          <unit>teaspoon</unit></amt>
        <item>Vanilla</item></ing></ingredients>
    <directions>
      <step>  Preheat oven to 375.
  
  Butter a 9-inch square cake pan. Mix all ingredients together, combining
  them well. Spread the mixture in the cake pan and bake for 35 to 40
  minutes, or until dry on top and almost firm to the touch. Let cool for 10
  to15 minutes, then cut into 2-inch squares.
  
  Makes 16 brownies.
  
  NOTES : delicious - rich and satisfying     I added pecans
  
  Recipe by: Aunt Dimity's Good Deed
  
  Posted to MC-Recipe Digest by KSBAUM &lt;KSBAUM@aol.com&gt; on Mar 29, 1998
 
</step></directions></recipe></recipeml>
