<?xml version="1.0" encoding="UTF-8"?>

<recipeml version="0.5">
  <recipe>
    <head>
      <title>Aunt Hannah's Lebkuchen</title>
      <categories>
        <cat>Penndutch</cat>
        <cat>Cakes</cat></categories>
      <yield>1</yield></head>
    <ingredients>
      <ing>
        <amt>
          <qty>4</qty>
          <unit/></amt>
        <item>Egg</item></ing>
      <ing>
        <amt>
          <qty>1</qty>
          <unit>pound</unit></amt>
        <item>Brown sugar</item></ing>
      <ing>
        <amt>
          <qty>1 1/2</qty>
          <unit>cups</unit></amt>
        <item>Flour</item></ing>
      <ing>
        <amt>
          <qty>1</qty>
          <unit>teaspoon</unit></amt>
        <item>Baking powder</item></ing>
      <ing>
        <amt>
          <qty>1</qty>
          <unit>teaspoon</unit></amt>
        <item>Cinnamon</item></ing>
      <ing>
        <amt>
          <qty>1/2</qty>
          <unit>teaspoons</unit></amt>
        <item>Cloves</item></ing>
      <ing>
        <amt>
          <qty>3/4</qty>
          <unit>cups</unit></amt>
        <item>Raisins</item></ing>
      <ing>
        <amt>
          <qty>3/4</qty>
          <unit>cups</unit></amt>
        <item>Nuts, chopped</item></ing>
      <ing>
        <amt>
          <qty>3/4</qty>
          <unit>cups</unit></amt>
        <item>Wine</item></ing>
      <ing>
        <amt>
          <qty/>
          <unit/></amt>
        <item>*or:</item></ing>
      <ing>
        <amt>
          <qty>3/4</qty>
          <unit>cups</unit></amt>
        <item>Coffee</item></ing></ingredients>
    <directions>
      <step>  Beat the eggs well. Add sugar, cloves and cinnamon. Sift flour three times,
  add the baking powder and sift into the egg mixture alternately with the
  wine (or substituted coffee). Mix nuts and raisins together and sprinkle
  with 2 Tbsp of flour. Add to mixture and beat thoroughly. Pour batter in
  flat, greased pans and bake at 400-F about 15 minutes. Source: Pennsylvania
  Dutch Cook Book - Fine Old Recipes, Culinary Arts Press, 1936.
  
  From Gemini's MASSIVE MealMaster collection at www.synapse.com/~gemini
 
</step></directions></recipe></recipeml>
