<?xml version="1.0" encoding="UTF-8"?>

<recipeml version="0.5">
  <recipe>
    <head>
      <title>Aunt Dody's Rum Cake</title>
      <categories>
        <cat>Cake</cat></categories>
      <yield>12</yield></head>
    <ingredients>
      <ing-div>
        <title/>
        <ing>
          <amt>
            <qty>1/2</qty>
            <unit>cups</unit></amt>
          <item>Cold water</item></ing>
        <ing>
          <amt>
            <qty>4</qty>
            <unit/></amt>
          <item>Eggs</item></ing>
        <ing>
          <amt>
            <qty>1/2</qty>
            <unit>cups</unit></amt>
          <item>Oil</item></ing>
        <ing>
          <amt>
            <qty>1/2</qty>
            <unit>cups</unit></amt>
          <item>Rum</item></ing>
        <ing>
          <amt>
            <qty>1</qty>
            <unit>cup</unit></amt>
          <item>Pecans</item></ing>
        <ing>
          <amt>
            <qty>1</qty>
            <unit/></amt>
          <item>Box (18-oz) supermoist yellow cake mix</item></ing>
        <ing>
          <amt>
            <qty>1</qty>
            <unit>package</unit></amt>
          <item>(3.75-oz) instant vanilla pudding</item></ing></ing-div>
      <ing-div>
        <title>GLAZE</title>
        <ing>
          <amt>
            <qty>1/4</qty>
            <unit>cups</unit></amt>
          <item>Butter</item></ing>
        <ing>
          <amt>
            <qty>1/4</qty>
            <unit>cups</unit></amt>
          <item>Water</item></ing>
        <ing>
          <amt>
            <qty>1</qty>
            <unit>cup</unit></amt>
          <item>Sugar</item></ing>
        <ing>
          <amt>
            <qty>1/2</qty>
            <unit>cups</unit></amt>
          <item>Rum</item></ing></ing-div></ingredients>
    <directions>
      <step>  From: arielle@taronga.com (Stephanie da Silva) (COLLECTION)
  
  Date: Wed, 2 Mar 1994 23:07:59 GMT
  See recipe "Grandma Olsen's Sugar Cookies" for source/info on this recipe.
  
  Preheat oven to 325F, grease &amp; flour 12 cup bundt pan. Sprinkle nuts over
  bottom of pan, mix remaining ingredients &amp; pour over nuts. Bake one hour
  and cool. Prick holes in top of cake &amp; pour 1/2 of glaze over. When cool
  remove from pan &amp; prick holes on balance of cake, pour balance of glaze.
  
  Glaze: Melt butter, stir in water &amp; sugar. Boil 5 minutes, stirring, remove
  from heat and add rum.
  
  Lori
  
  REC.FOOD.RECIPES ARCHIVES
  
  /MISC
  
  From rec.food.cooking archives.  Downloaded from Glen's MM Recipe Archive,
  http://www.erols.com/hosey.
 
</step></directions></recipe></recipeml>
