<?xml version="1.0" encoding="UTF-8"?>

<recipeml version="0.5">
  <recipe>
    <head>
      <title>Aunt Evelyn's Divinity</title>
      <categories>
        <cat>Candies</cat></categories>
      <yield>1</yield></head>
    <ingredients>
      <ing>
        <amt>
          <qty>2</qty>
          <unit>cups</unit></amt>
        <item>Sugar</item></ing>
      <ing>
        <amt>
          <qty>1/2</qty>
          <unit>cups</unit></amt>
        <item>Water</item></ing>
      <ing>
        <amt>
          <qty>1/2</qty>
          <unit>cups</unit></amt>
        <item>White Karo Syrup</item></ing>
      <ing>
        <amt>
          <qty>1</qty>
          <unit>teaspoon</unit></amt>
        <item>Vanilla</item></ing>
      <ing>
        <amt>
          <qty>2</qty>
          <unit/></amt>
        <item>Egg whites, beaten</item></ing>
      <ing>
        <amt>
          <qty/>
          <unit/></amt>
        <item>Chopped walnuts</item></ing></ingredients>
    <directions>
      <step>  Boil sugar, water, anbd Karo syrup unti it forms a soft ball whien treid in
  cold water.  Beat egg whites till stiff and slowly add 1/2 of syrup
  mixture, beating constantly. Cook remainder until if forms a hard ball in
  cold water and add slowly to first mixture. Beat until stiff. Add vanilla
  and walnuts. Pour onto buttered pan or platter. Cut when cool. Cook in
  clear weather -- low humidity.
  
  Aunt Evelyn often made this as a treat for the girls. Bumgarner Family
  Recipes sumbitted by the Aunt Evelyn's daughters
  
  posted by Bud Cloyd
  
  From Gemini's MASSIVE MealMaster collection at www.synapse.com/~gemini
 
</step></directions></recipe></recipeml>
