<?xml version="1.0" encoding="UTF-8"?>

<recipeml version="0.5">
  <recipe>
    <head>
      <title>Auntie Betty's Double Chocolate Cheesecake</title>
      <categories>
        <cat>Cheesecakes</cat>
        <cat>Chocolate</cat>
        <cat>Family</cat>
        <cat>Favorites</cat></categories>
      <yield>1</yield></head>
    <ingredients>
      <ing-div>
        <title>CRUST</title>
        <ing>
          <amt>
            <qty>1/2</qty>
            <unit>cups</unit></amt>
          <item>Chocolate cream wafers (1/2 pkg), crumbled</item></ing>
        <ing>
          <amt>
            <qty>1/4</qty>
            <unit>cups</unit></amt>
          <item>Butter (NO MARGARINE); melted</item></ing>
        <ing>
          <amt>
            <qty>1/2</qty>
            <unit>cups</unit></amt>
          <item>Macadamia nuts</item></ing></ing-div>
      <ing-div>
        <title>FILLING</title>
        <ing>
          <amt>
            <qty>3</qty>
            <unit>packages</unit></amt>
          <item>(8 oz) cream cheese</item></ing>
        <ing>
          <amt>
            <qty>1</qty>
            <unit>cup</unit></amt>
          <item>Sugar</item></ing>
        <ing>
          <amt>
            <qty>4</qty>
            <unit/></amt>
          <item>Eggs</item></ing>
        <ing>
          <amt>
            <qty>8</qty>
            <unit/></amt>
          <item>1 oz squares semisweet chocolate OR</item></ing>
        <ing>
          <amt>
            <qty>12</qty>
            <unit>ounces</unit></amt>
          <item>Semisweet chocolate chips</item></ing>
        <ing>
          <amt>
            <qty>2</qty>
            <unit>teaspoons</unit></amt>
          <item>Vanilla extract</item></ing></ing-div>
      <ing-div>
        <title>TOPPING</title>
        <ing>
          <amt>
            <qty>2</qty>
            <unit>cups</unit></amt>
          <item>Sour cream</item></ing>
        <ing>
          <amt>
            <qty>3</qty>
            <unit>tablespoons</unit></amt>
          <item>Sugar</item></ing>
        <ing>
          <amt>
            <qty>1</qty>
            <unit>teaspoon</unit></amt>
          <item>Vanilla</item></ing></ing-div>
      <ing-div>
        <title>FINAL TOUCH</title>
        <ing>
          <amt>
            <qty>1</qty>
            <unit/></amt>
          <item>1.5 oz Hershey Bar; frozen</item></ing></ing-div></ingredients>
    <directions>
      <step>  CRUST: Roll out chocolate cream wafers on wax paper. Mix crumbled wafers,
  butter and nuts in the bottom of a 10" spring form pan. Using a piece of
  wax paper, press mixture evenly in the bottom of the pan. Place pan in
  refrigerator or freezer while preparing the filling.
  
  FILLING: Preheat oven to 350 degrees. In a large bowl beat cream cheese
  until fluffy. Gradually add sugar. Beat in eggs one at a time until well
  blended. Stir in chocolate and vanilla. Mix well. Pour on top of prepared
  crust and bake 50 minutes. Remove from oven. Turn oven off and close door.
  
  TOPPING: Combine sour cream, sugar and vanilla. Spread over cheesecake.
  Return to oven, but do not reheat oven. Leave in warm oven for 10 minutes
  with the door closed. Open door and leave cake in oven for an additional 20
  minutes. Remove cake from oven. Allow cake to cool on wire rack.
  
  FINAL TOUCH: Freeze Hershey bar. When cake is cooled, shave frozen
  chocolate on top of cake. Refrigerate overnight.
  
  NOTES : E hele mai oukou e ai!  (Come and eat!) Recipe by: Betty Sullivan
  Posted to TNT - Prodigy's Recipe Exchange Newsletter  by
  MarySpero@prodigy.com (MS MARY E SPERO) on Aug 28, 1997
 
</step></directions></recipe></recipeml>
