<?xml version="1.0" encoding="UTF-8"?>

<recipeml version="0.5">
  <recipe>
    <head>
      <title>Aunt Bessie's Blackberry Cake</title>
      <categories>
        <cat>Fruits</cat></categories>
      <yield>1</yield></head>
    <ingredients>
      <ing>
        <amt>
          <qty>3/4</qty>
          <unit>cups</unit></amt>
        <item>Butter</item></ing>
      <ing>
        <amt>
          <qty>1</qty>
          <unit>cup</unit></amt>
        <item>Firmly packed brown sugar</item></ing>
      <ing>
        <amt>
          <qty>3</qty>
          <unit/></amt>
        <item>Eggs</item></ing>
      <ing>
        <amt>
          <qty>2 1/2</qty>
          <unit>cups</unit></amt>
        <item>Flour</item></ing>
      <ing>
        <amt>
          <qty>1</qty>
          <unit>teaspoon</unit></amt>
        <item>Baking soda</item></ing>
      <ing>
        <amt>
          <qty>1</qty>
          <unit>teaspoon</unit></amt>
        <item>Ground allspice</item></ing>
      <ing>
        <amt>
          <qty>1</qty>
          <unit>teaspoon</unit></amt>
        <item>Ground cinnamon</item></ing>
      <ing>
        <amt>
          <qty>1</qty>
          <unit>teaspoon</unit></amt>
        <item>Ground nutmeg</item></ing>
      <ing>
        <amt>
          <qty>3/4</qty>
          <unit>cups</unit></amt>
        <item>Buttermilk</item></ing>
      <ing>
        <amt>
          <qty>2</qty>
          <unit>cups</unit></amt>
        <item>Blackberry jam; divided</item></ing>
      <ing>
        <amt>
          <qty/>
          <unit/></amt>
        <item>Whipped cream</item></ing>
      <ing>
        <amt>
          <qty/>
          <unit/></amt>
        <item>Freshly grated nutmeg</item></ing></ingredients>
    <directions>
      <step>  Cream butter; gradually add sugar, beating until light and fluffy. Add
  eggs. One at a time, beating well after each addition. Combine next 5
  ingredients. Add dry ingredients to creamed mixture alternately with
  buttermilk, beginning and ending with flour mixture. Fold in 3/4 cup
  blackberry jam. Pour batter into 2 greased and floured 9 inch round
  cakepans. Bake at 350° for 25 minutes or until a wooden pick inserted in
  center comes out clean. Cool in pans 10 minutes; remove from pans, and cool
  completely on a wire rack. Melt remaining 1 1/4 cups jam in a small
  saucepan over low heat, stirring frequently. Brush melted jam between
  layers and on top and sides of cake; let stand until jam sets. Just before
  serving, top cake with whipped cream, and sprinkle with nutmeg. Yield; one
        2    layer cake.
  
  Recipe by: Aunt-Bessie Rainwater
  
  Posted to TNT - Prodigy's Recipe Exchange Newsletter  by
  LVFG53A@prodigy.com (MRS IRA M DENNIS) on Dec 17, 1997
 
</step></directions></recipe></recipeml>
