<?xml version="1.0" encoding="UTF-8"?>

<recipeml version="0.5">
  <recipe>
    <head>
      <title>Auntie Peggys' Garlic Spread</title>
      <categories>
        <cat>None</cat></categories>
      <yield>1</yield></head>
    <ingredients>
      <ing>
        <amt>
          <qty>6</qty>
          <unit/></amt>
        <item>Cloves fresh garlic; peeled</item></ing>
      <ing>
        <amt>
          <qty>6</qty>
          <unit/></amt>
        <item>Green onions</item></ing>
      <ing>
        <amt>
          <qty>1</qty>
          <unit>package</unit></amt>
        <item>(8 oz) cream cheese; softened</item></ing>
      <ing>
        <amt>
          <qty>2</qty>
          <unit>cups</unit></amt>
        <item>Shredded cheddar cheese</item></ing>
      <ing>
        <amt>
          <qty>2</qty>
          <unit>tablespoons</unit></amt>
        <item>Mayonnaise</item></ing>
      <ing>
        <amt>
          <qty>3</qty>
          <unit>teaspoons</unit></amt>
        <item>Soy sauce</item></ing></ingredients>
    <directions>
      <step>  (From The Garlic Lovers Cookbook)
  
  Makes enough for two whole loaves of french bread. Great topping for
  potatoes pasta and veggies, too.
  
  In a blender of food processor, mince garlic. Add onions and chop finely.
  Add cream cheese and mix thoroughly. Then add remaining ingredients and
  process until well blended. Spread on halved loaves of french bread and
  place under broiler until bubbly.
  
  I served it with Lasagna,
  
  Posted to TNT Recipes Digest by Nancy &lt;kb7kzh@pcez.com&gt; on Mar 27, 1998
 
</step></directions></recipe></recipeml>
