<?xml version="1.0" encoding="UTF-8"?>

<recipeml version="0.5">
  <recipe>
    <head>
      <title>Aunt Effie's Special</title>
      <categories>
        <cat>Digest</cat>
        <cat>Oct.</cat>
        <cat>Fatfree</cat></categories>
      <yield>1</yield></head>
    <ingredients>
      <ing>
        <amt>
          <qty>1</qty>
          <unit/></amt>
        <item>15 oz can stewed tomatoes</item></ing>
      <ing>
        <amt>
          <qty>1</qty>
          <unit>small</unit></amt>
        <item>Can Rotel diced</item></ing>
      <ing>
        <amt>
          <qty/>
          <unit/></amt>
        <item>Pepper/tomatoes</item></ing>
      <ing>
        <amt>
          <qty>1</qty>
          <unit/></amt>
        <item>15 oz can French-cut green</item></ing>
      <ing>
        <amt>
          <qty/>
          <unit/></amt>
        <item>Beans</item></ing>
      <ing>
        <amt>
          <qty>1</qty>
          <unit/></amt>
        <item>15 oz can mushrooms stems</item></ing>
      <ing>
        <amt>
          <qty/>
          <unit/></amt>
        <item>And pieces</item></ing>
      <ing>
        <amt>
          <qty>2</qty>
          <unit>tablespoons</unit></amt>
        <item>Italian seasoning</item></ing>
      <ing>
        <amt>
          <qty>1/2</qty>
          <unit>teaspoons</unit></amt>
        <item>Garlic powder</item></ing></ingredients>
    <directions>
      <step>  Mix it all together in a big saucepan, bring to a boil and simmer for half
  hour or so.  Serve it over spiral pasta (fusilli) and top with FF parmesan.
  Delicious!
  
  Posted by Martin Lastinger &lt;lastingr@netcom.com&gt; to the Fatfree Digest
  [Volume 11 Issue 12], Oct. 12, 1994. FATFREE Recipe collections copyrighted
  by Michelle Dick 1994. Used with permission. Formatted by Sue Smith,
  S.Smith34, TXFT40A@Prodigy.com using MMCONV.
  
  File ftp://ftp.idiscover.co.uk/pub/food/mealmaster/recipes/fatfreex.zip
 
</step></directions></recipe></recipeml>
