<?xml version="1.0" encoding="UTF-8"?>

<recipeml version="0.5">
  <recipe>
    <head>
      <title>Auntie Betty's Baked Beans</title>
      <categories>
        <cat>Beans</cat>
        <cat>Crowds</cat>
        <cat>Family</cat>
        <cat>Favorites</cat>
        <cat>1</cat></categories>
      <yield>20</yield></head>
    <ingredients>
      <ing>
        <amt>
          <qty>3</qty>
          <unit>pounds</unit></amt>
        <item>Navy beans, Northern</item></ing>
      <ing>
        <amt>
          <qty>1</qty>
          <unit>tablespoon</unit></amt>
        <item>Baking soda</item></ing>
      <ing>
        <amt>
          <qty>1</qty>
          <unit>tablespoon</unit></amt>
        <item>Salt</item></ing>
      <ing>
        <amt>
          <qty>1</qty>
          <unit/></amt>
        <item>Jar (16 oz) Karo Blue Label syrup, looks like molasses</item></ing>
      <ing>
        <amt>
          <qty>1/2</qty>
          <unit>pounds</unit></amt>
        <item>Brown sugar</item></ing>
      <ing>
        <amt>
          <qty>2</qty>
          <unit/></amt>
        <item>Bottle (14 oz) ketchup</item></ing>
      <ing>
        <amt>
          <qty>1</qty>
          <unit>pound</unit></amt>
        <item>Salt pork, sliced (up to 2)</item></ing>
      <ing>
        <amt>
          <qty>6</qty>
          <unit>large</unit></amt>
        <item>Maui onion, diced</item></ing></ingredients>
    <directions>
      <step>  Wash beans; soak overnight in a large bowl with plenty of water. Next day
  drain; place beans in a large pot in fresh water and bring to a boiling
  point. Add 1 tablespoon baking soda. Stir for a few minutes. Drain in
  colander. Rinse pot and return beans to pot with fresh water. Bring to a
  boil and reduce heat to a simmer. Cook until tender. Add 1 tablespoon salt
  and simmer for an additional 5 minutes. Drain; retain water. In a large
  casserole mix beans, Karo syrup, brown sugar, ketchup, sliced salt pork and
  diced Maui onions. Bake in slow oven (275-300 degrees) for about 3 hours -
  or longer. Add retained water, as needed. Absolutely fabulous beans!
  
  Me ke aloha, Mary
  
  NOTES : E hele mai oukou e ai!  (Come and eat!)
  
  Recipe by: Betty Sullivan Posted to TNT - Prodigy's Recipe Exchange
  Newsletter  by MarySpero@prodigy.com (MS MARY E SPERO) on 8 Ju, l 1997
 
</step></directions></recipe></recipeml>
