<?xml version="1.0" encoding="UTF-8"?>

<recipeml version="0.5">
  <recipe>
    <head>
      <title>Aunt Fanny's Squash</title>
      <categories>
        <cat>Casseroles</cat>
        <cat>Main dishes</cat>
        <cat>Not sent</cat>
        <cat>Squash</cat></categories>
      <yield>6</yield></head>
    <ingredients>
      <ing>
        <amt>
          <qty>3</qty>
          <unit>pounds</unit></amt>
        <item>Yellow squash</item></ing>
      <ing>
        <amt>
          <qty>1/2</qty>
          <unit>cups</unit></amt>
        <item>Chopped onions</item></ing>
      <ing>
        <amt>
          <qty>1/2</qty>
          <unit>cups</unit></amt>
        <item>Cracker meal OR bread crumbs</item></ing>
      <ing>
        <amt>
          <qty>1/2</qty>
          <unit>teaspoons</unit></amt>
        <item>Pepper</item></ing>
      <ing>
        <amt>
          <qty>2</qty>
          <unit/></amt>
        <item>Eggs</item></ing>
      <ing>
        <amt>
          <qty>1/4</qty>
          <unit>teaspoons</unit></amt>
        <item>Butter</item></ing>
      <ing>
        <amt>
          <qty>1</qty>
          <unit>tablespoon</unit></amt>
        <item>Sugar</item></ing>
      <ing>
        <amt>
          <qty>1</qty>
          <unit>teaspoon</unit></amt>
        <item>Salt</item></ing></ingredients>
    <directions>
      <step>  Wash and cut up squash. Boil until tender. Drain thoroughly, then mash. Add
  all ingredients except half of butter and crumbs, to squash. Melt remaining
  butter. Pour mixture in baking dish, then spread melted butter over top and
  sprinkle with cracker meal or bread crumbs. Bake in 375 F. oven for
  approximately 1 hour, or until brown on top. Recipe from Aunt Fanny's
  Cabin, Smyrna, Georgia MC formatting by bobbi744@sojourn.com
  
  Recipe by: Cooking Between Stitches by Rosalie Peters, 1979 Posted to
  MC-Recipe Digest V1 #648 by Roberta Banghart &lt;bobbi744@sojourn.com&gt; on Jun
  22, 1997
 
</step></directions></recipe></recipeml>
