<?xml version="1.0" encoding="UTF-8"?>

<recipeml version="0.5">
  <recipe>
    <head>
      <title>Aunt Dimity's Strawbery Tarts</title>
      <categories>
        <cat>New</cat>
        <cat>Text</cat>
        <cat>Import</cat></categories>
      <yield>8</yield></head>
    <ingredients>
      <ing-div>
        <title>PASTRY SHELLS</title>
        <ing>
          <amt>
            <qty>8</qty>
            <unit/></amt>
          <item>3-1/2-inch tart tins; greased</item></ing>
        <ing>
          <amt>
            <qty>1</qty>
            <unit/></amt>
          <item>3 1/2-inch fluted pastry cutter</item></ing>
        <ing>
          <amt>
            <qty>3/4</qty>
            <unit>cups</unit></amt>
          <item>Flour</item></ing>
        <ing>
          <amt>
            <qty>1</qty>
            <unit>pinch</unit></amt>
          <item>Salt</item></ing>
        <ing>
          <amt>
            <qty>1/4</qty>
            <unit>cups</unit></amt>
          <item>Supefine sugar</item></ing>
        <ing>
          <amt>
            <qty>4</qty>
            <unit>tablespoons</unit></amt>
          <item>Butter</item></ing>
        <ing>
          <amt>
            <qty>2</qty>
            <unit/></amt>
          <item>Egg yolks</item></ing></ing-div>
      <ing-div>
        <title>FILLING</title>
        <ing>
          <amt>
            <qty>1</qty>
            <unit>medium</unit></amt>
          <item>Egg</item></ing>
        <ing>
          <amt>
            <qty>2</qty>
            <unit>tablespoons</unit></amt>
          <item>Sugar</item></ing>
        <ing>
          <amt>
            <qty>2</qty>
            <unit>tablespoons</unit></amt>
          <item>Flour</item></ing>
        <ing>
          <amt>
            <qty>2/3</qty>
            <unit>cups</unit></amt>
          <item>Cold milk</item></ing>
        <ing>
          <amt>
            <qty>2/3</qty>
            <unit>cups</unit></amt>
          <item>Heavy cream</item></ing>
        <ing>
          <amt>
            <qty>1</qty>
            <unit>pound</unit></amt>
          <item>Strawberries</item></ing>
        <ing>
          <amt>
            <qty>4</qty>
            <unit>tablespoons</unit></amt>
          <item>Seedless strawberry jelly</item></ing>
        <ing>
          <amt>
            <qty>1/4</qty>
            <unit>cups</unit></amt>
          <item>Water</item></ing>
        <ing>
          <amt>
            <qty>1</qty>
            <unit>tablespoon</unit></amt>
          <item>Shredded coconut</item></ing></ing-div></ingredients>
    <directions>
      <step>  PASTRY SHELLS:
  
  Sift flour and salt onto work surface. Make a well in the center; add
  sugar, butter, and egg yolks; work them together until all the flour is
  worked in. Add a few drops of water if necessary to bind the mixture. Knead
  until smooth, then wrap in foil and refrigerate for one hour.
  
  Roll out on lightly floured surface. Use pastry cutter to cut out 8
  circles. Arrange these in the pastry tins. Bake for 20 minutes at 375,
  until pale gold. Turn out to cool.
  
  FILLING:
  
  Cream egg and sugar, add flour, and stir to a paste with a few drops of the
  cold milk. Warm the rest of the milk, then slowly stir in the egg mixture.
  Slowly heat mixture until it boils, then cook it for a few more minutes.
  Remove from the heat; allow to cool. Whip the cream until stiff, then beat
  it into the cooled mixture. Spoon a generous portion of cream mixture into
  each of the pastry shells.
  
  In the center of each tart, plant a whole hulled strawberry, point upward.
  Hull and halve the rest of the strawberries and arrange the halves around
  the whole strawberry to cover the rest of the filllng. Heat the jelly with
  the water and use it to paint the strawberries, then sprinkle with coconut.
  
  Recipe by: Aunt Dimity &amp; The Duke
  
  Posted to MC-Recipe Digest by KSBAUM &lt;KSBAUM@aol.com&gt; on Mar 29, 1998
 
</step></directions></recipe></recipeml>
