<?xml version="1.0" encoding="UTF-8"?>

<recipeml version="0.5">
  <recipe>
    <head>
      <title>Aunt Dimity's Oatmeal Cookies</title>
      <categories>
        <cat>New</cat>
        <cat>Text</cat>
        <cat>Import</cat></categories>
      <yield>1</yield></head>
    <ingredients>
      <ing>
        <amt>
          <qty>1</qty>
          <unit>cup</unit></amt>
        <item>Butter</item></ing>
      <ing>
        <amt>
          <qty>1</qty>
          <unit>cup</unit></amt>
        <item>Sugar</item></ing>
      <ing>
        <amt>
          <qty>2</qty>
          <unit/></amt>
        <item>Jumbo eggs</item></ing>
      <ing>
        <amt>
          <qty>5</qty>
          <unit>tablespoons</unit></amt>
        <item>Raisin water; (see below)</item></ing>
      <ing>
        <amt>
          <qty>2</qty>
          <unit>cups</unit></amt>
        <item>All-purpose flour</item></ing>
      <ing>
        <amt>
          <qty>1</qty>
          <unit>teaspoon</unit></amt>
        <item>Baking soda</item></ing>
      <ing>
        <amt>
          <qty>1</qty>
          <unit>teaspoon</unit></amt>
        <item>Salt</item></ing>
      <ing>
        <amt>
          <qty>1</qty>
          <unit>teaspoon</unit></amt>
        <item>Cinnamon</item></ing>
      <ing>
        <amt>
          <qty>1/2</qty>
          <unit>teaspoons</unit></amt>
        <item>Nutmeg</item></ing>
      <ing>
        <amt>
          <qty>2</qty>
          <unit>cups</unit></amt>
        <item>Old-fashioned rolled oats</item></ing>
      <ing>
        <amt>
          <qty>1</qty>
          <unit>cup</unit></amt>
        <item>Raisins</item></ing>
      <ing>
        <amt>
          <qty>2</qty>
          <unit>cups</unit></amt>
        <item>Water</item></ing>
      <ing>
        <amt>
          <qty>1/2</qty>
          <unit>cups</unit></amt>
        <item>Walnuts; chopped</item></ing></ingredients>
    <directions>
      <step>  Preheat oven to 350.
  
  In a small saucepan, combine the raisins with water and bring to a boil;
  lower the heat and simmer uncovered for 5 minutes. Set aside to cool. When
  cool, reserve 5 T. of the raisin water, then drain raisins in colander.
  
  In a large bowl, cream butter and sugar. Add eggs and raisin water and mix
  well. Blend dry ingredients into creamed mixture. Add nuts, if desired. Add
  raisins and combine well.
  
  Drop by heaping teaspoonsful, 2 inches apart, onto greased baking sheets.
  Bake 10-15 minutes, or until golden brown and firm on top when touched with
  your finger. Cool on racks.
  
  Makes approximately 6 dozen cookies.
  
  Recipe by: Aunt Dimity's Death
  
  Posted to MC-Recipe Digest by KSBAUM &lt;KSBAUM@aol.com&gt; on Mar 29, 1998
 
</step></directions></recipe></recipeml>
