<?xml version="1.0" encoding="UTF-8"?>

<recipeml version="0.5">
  <recipe>
    <head>
      <title>Auntie's Kulolo</title>
      <categories>
        <cat>Desserts</cat></categories>
      <yield>1</yield></head>
    <ingredients>
      <ing>
        <amt>
          <qty>4</qty>
          <unit>cups</unit></amt>
        <item>Poi</item></ing>
      <ing>
        <amt>
          <qty>3/4</qty>
          <unit>cups</unit></amt>
        <item>Sugar</item></ing>
      <ing>
        <amt>
          <qty>1</qty>
          <unit>cup</unit></amt>
        <item>Honey</item></ing>
      <ing>
        <amt>
          <qty>1</qty>
          <unit>cup</unit></amt>
        <item>Coconut milk</item></ing>
      <ing>
        <amt>
          <qty>2</qty>
          <unit/></amt>
        <item>Ti leaves</item></ing></ingredients>
    <directions>
      <step>  Mix all in a big bowl. Line a loaf pan with foil and then the ti leaves.
  Pour in. Cover the top with foil so will not form a crust. Bake 2 hours at
  400 degrees Fahrenheit. Remove foil last half hour. Cool, slice and enjoy.
  Posted to recipelu-digest Volume 01 Number 495 by James and Susan Kirkland
  &lt;kirkland@gj.net&gt; on Jan 11, 1998
 
</step></directions></recipe></recipeml>
