<?xml version="1.0" encoding="UTF-8"?>

<recipeml version="0.5">
  <recipe>
    <head>
      <title>Auntie Van's Christmas Cookies</title>
      <categories>
        <cat>Cookies</cat></categories>
      <yield>72</yield></head>
    <ingredients>
      <ing-div>
        <title/>
        <ing>
          <amt>
            <qty>2</qty>
            <unit>cups</unit></amt>
          <item>Granulated sugar</item></ing>
        <ing>
          <amt>
            <qty>1</qty>
            <unit>cup</unit></amt>
          <item>Butter, softened</item></ing>
        <ing>
          <amt>
            <qty>2</qty>
            <unit/></amt>
          <item>Eggs</item></ing>
        <ing>
          <amt>
            <qty>1</qty>
            <unit>teaspoon</unit></amt>
          <item>Vanilla</item></ing>
        <ing>
          <amt>
            <qty>5</qty>
            <unit>cups</unit></amt>
          <item>All-purpose flour</item></ing>
        <ing>
          <amt>
            <qty>1</qty>
            <unit>teaspoon</unit></amt>
          <item>Baking soda</item></ing>
        <ing>
          <amt>
            <qty>1</qty>
            <unit>cup</unit></amt>
          <item>Sour cream</item></ing></ing-div>
      <ing-div>
        <title>COFFEE FROSTING</title>
        <ing>
          <amt>
            <qty>1</qty>
            <unit>tablespoon</unit></amt>
          <item>Instant coffee granules</item></ing>
        <ing>
          <amt>
            <qty>1</qty>
            <unit>tablespoon</unit></amt>
          <item>Hot water</item></ing>
        <ing>
          <amt>
            <qty>6</qty>
            <unit>tablespoons</unit></amt>
          <item>Butter, softened</item></ing>
        <ing>
          <amt>
            <qty>1</qty>
            <unit>teaspoon</unit></amt>
          <item>Vanilla</item></ing>
        <ing>
          <amt>
            <qty>3</qty>
            <unit>cups</unit></amt>
          <item>Sifted powdered sugar</item></ing>
        <ing>
          <amt>
            <qty>1/3</qty>
            <unit>cups</unit></amt>
          <item>Whipping cream</item></ing></ing-div></ingredients>
    <directions>
      <step>  Beat granulated sugar and 1 cup butter in large bowl until light and
  fluffy. Blend in eggs and 1 teaspoon vanilla. Combine flour and baking
  soda; add alternately with sour cream, mixing well after each addition.
  Refrigerate 6 hours or overnight. Divide dough into 4 pieces. Roll out 1
  piece on lightly floured surface to 1/8" thickness (keep remaining dough
  refrigerated). Cut into desired shapes; place on ungreased cookie sheets.
  Bake at 375 for 10-12 minutes or until bottoms are golden brown. Repeat
  with remaining dough. Cool completely. Frost with Coffee Frosting.
  
  Makes 6 dozen cookies.
  
  COFFEE FROSTING: Dissolve coffee granules in water. Beat 6 tablespoons
  butter in medium bowl until soft. Stir in coffee mixture and 1 teaspoon
  vanilla. Add powdered sugar; mix until well combined. Gradually add cream
  until good spreading consistency.
  
  From Favorite All Time Recipes - Homemade Holiday Cookies, Publication
  International, Ltd., ISBN 0-7853-0147-X.
  
  File ftp://ftp.idiscover.co.uk/pub/food/mealmaster/recipes/pi-cooky.zip
 
</step></directions></recipe></recipeml>
