<?xml version="1.0" encoding="UTF-8"?>

<recipeml version="0.5">
  <recipe>
    <head>
      <title>Aunt Eloise's Borscht</title>
      <categories>
        <cat>Soups and s</cat>
        <cat>Vegetables</cat></categories>
      <yield>1</yield></head>
    <ingredients>
      <ing>
        <amt>
          <qty>4</qty>
          <unit>medium</unit></amt>
        <item>Potatoes; cubed</item></ing>
      <ing>
        <amt>
          <qty>4</qty>
          <unit>tablespoons</unit></amt>
        <item>Margarine</item></ing>
      <ing>
        <amt>
          <qty>1</qty>
          <unit>medium</unit></amt>
        <item>Onion; shredded</item></ing>
      <ing>
        <amt>
          <qty>1</qty>
          <unit>can</unit></amt>
        <item>Tomatoes; small, chopped</item></ing>
      <ing>
        <amt>
          <qty>2</qty>
          <unit>large</unit></amt>
        <item>Beets (or 3 small)</item></ing>
      <ing>
        <amt>
          <qty>1/2</qty>
          <unit>small</unit></amt>
        <item>Cabbage; finely shredded</item></ing>
      <ing>
        <amt>
          <qty>1</qty>
          <unit>tablespoon</unit></amt>
        <item>Fresh parsley; minced</item></ing>
      <ing>
        <amt>
          <qty>1/2</qty>
          <unit>teaspoons</unit></amt>
        <item>Dried basil; Rubbed To Powder</item></ing>
      <ing>
        <amt>
          <qty>1/2</qty>
          <unit>teaspoons</unit></amt>
        <item>Dried Oregano; Rubbed To Powder</item></ing>
      <ing>
        <amt>
          <qty>3</qty>
          <unit/></amt>
        <item>Sour Leaves Or Juice Of 1/2 Lemon, * See Note</item></ing></ingredients>
    <directions>
      <step>  * Sour leaves are interchangeable with sorrel leaves.
  
  Put the cubed potatoes into 3 litres (12 cups) of water in a pot and bring
  to a boil.
  
  Melt the margarine in a frying pan and sauté the onion until it is brown.
  Add the tomatoes.
  
  Cook the beets, peel and then julienne. (Leave the root and 2-3" of stem on
  the beets or the color will 'bleed' from the beets before they get into
  your borscht.)
  
  Add to potatoes and bring to a boil.
  
  Add tomatoes and onions to the potatoes and beets and simmer. Add cabbage.
  Add the parsley, basil, oregano and sour leaves or lemon juice.
  
  Options: Simmer pork bones in water, remove bones and scum, add potatoes
  and beets. Add garlic to tomato/onion. Add lentils or small navy beans -
  can be added the second day.
  
  Serve hot or cold with sour cream.
  
  Aunty Eloise says that there are many different kinds of borscht. You make
  lighter ones in the summer and richer heavier ones in the winter. Once,
  while on vacation in Los Angeles, I was talking about borscht to a nice
  American lady of German descent. She said that her family's borscht didn't
  use any beets or sour leaves but that it did use sour salt. I had never
  seen or heard of such a thing but when I searched a local (LA) supermarket
  I had no trouble finding it. However, since then, I have not seen that
  ingredient in a local (MA) store or seen a recipe using it.
  
  Recipe by: Eloise McMicken Posted to MC-Recipe Digest V1 #767 by Peg
  Baldassari &lt;Baldassari@compuserve.com&gt; on Aug 31, 1997
 
</step></directions></recipe></recipeml>
