<?xml version="1.0" encoding="UTF-8"?>

<recipeml version="0.5">
  <recipe>
    <head>
      <title>Auntie's Rum Balls</title>
      <categories>
        <cat>Cookies</cat>
        <cat>Family</cat>
        <cat>Liquor</cat></categories>
      <yield>24</yield></head>
    <ingredients>
      <ing>
        <amt>
          <qty>1</qty>
          <unit>cup</unit></amt>
        <item>Vanilla wafer crumbs</item></ing>
      <ing>
        <amt>
          <qty>1</qty>
          <unit>cup</unit></amt>
        <item>Pecans; chopped</item></ing>
      <ing>
        <amt>
          <qty>1</qty>
          <unit>cup</unit></amt>
        <item>Confectioner's sugar</item></ing>
      <ing>
        <amt>
          <qty>2</qty>
          <unit>tablespoons</unit></amt>
        <item>Cocoa</item></ing>
      <ing>
        <amt>
          <qty>1 1/2</qty>
          <unit>tablespoons</unit></amt>
        <item>Corn syrup; light</item></ing>
      <ing>
        <amt>
          <qty>1/4</qty>
          <unit>cups</unit></amt>
        <item>Rum; (or bourbon)</item></ing>
      <ing>
        <amt>
          <qty/>
          <unit/></amt>
        <item>Confectioner's sugar; (extra)</item></ing></ingredients>
    <directions>
      <step>  Combine all the dry ingredients and then add the corn syrup and rum. Form 1
  tablespoon of the dough into a ball. Roll balls in extra powdered sugar.
  Store in fridge.
  
  MARY'S NOTE DOUBLE this recipe or you'll be sorry you didn't! &lt;g&gt;
  
  Recipe by: Auntie Rose
  
  Posted to TNT - Prodigy's Recipe Exchange Newsletter  by
  MarySpero@prodigy.com (MS MARY E SPERO) on 2 No, v 1997
 
</step></directions></recipe></recipeml>
