<?xml version="1.0" encoding="UTF-8"?>

<recipeml version="0.5">
  <recipe>
    <head>
      <title>Aunt Jane's Ice Cream</title>
      <categories>
        <cat>Dessert</cat></categories>
      <yield>12</yield></head>
    <ingredients>
      <ing>
        <amt>
          <qty>2 1/4</qty>
          <unit>cups</unit></amt>
        <item>Sugar</item></ing>
      <ing>
        <amt>
          <qty>6</qty>
          <unit/></amt>
        <item>Eggs; well beaten</item></ing>
      <ing>
        <amt>
          <qty>2</qty>
          <unit>quarts</unit></amt>
        <item>Half and half cream</item></ing>
      <ing>
        <amt>
          <qty>1</qty>
          <unit>pint</unit></amt>
        <item>Whipping cream</item></ing>
      <ing>
        <amt>
          <qty>4 1/2</qty>
          <unit>teaspoons</unit></amt>
        <item>Vanilla</item></ing>
      <ing>
        <amt>
          <qty>1</qty>
          <unit>dash</unit></amt>
        <item>Lemon flavoring</item></ing></ingredients>
    <directions>
      <step>  submitted by: ewebber@pioneer.net (Alecia Webber,  Albany, Oregon)
  As the weather heats up, so does the need for some cool refreshment!! Home
  made ice cream is the only way to go!!
  
  Mix the above ingredients very well. Pour into an ice cream freezer (we
  still use the hand cranked kind) If there is still room in the ice cream
  container, fill almost to the top with whole milk. Be careful, though, as
  the ice cream swells as it freezes. We usually serve this ice cream with a
  freshly baked angel food cake and sliced strawberries. A perfect end to a
  summer evening meal!
  
  DAVE &lt;DAVIDG@CLAM.RUTGERS.EDU&gt;
  
  RECIPEINTERNET LIST SERVER
  
  RECIPE ARCHIVE - 24 JUNE 1996
  
  From the 'RECIPEinternet: Recipes from Around the World' recipe list.
  Downloaded from Glen's MM Recipe Archive, http://www.erols.com/hosey.
 
</step></directions></recipe></recipeml>
