<?xml version="1.0" encoding="UTF-8"?>

<recipeml version="0.5">
  <recipe>
    <head>
      <title>Aunt Franny's Cheesecake</title>
      <categories>
        <cat>Cakes</cat>
        <cat>Desserts</cat></categories>
      <yield>12</yield></head>
    <ingredients>
      <ing>
        <amt>
          <qty>3</qty>
          <unit>packages</unit></amt>
        <item>Cream cheese</item></ing>
      <ing>
        <amt>
          <qty>1</qty>
          <unit>cup</unit></amt>
        <item>Granulated sugar</item></ing>
      <ing>
        <amt>
          <qty>5</qty>
          <unit/></amt>
        <item>Eggs</item></ing>
      <ing>
        <amt>
          <qty>1 1/2</qty>
          <unit>teaspoons</unit></amt>
        <item>Vanilla</item></ing>
      <ing>
        <amt>
          <qty>1 1/2</qty>
          <unit>pints</unit></amt>
        <item>Sour cream</item></ing>
      <ing>
        <amt>
          <qty>1/2</qty>
          <unit>cups</unit></amt>
        <item>Sugar</item></ing>
      <ing>
        <amt>
          <qty>1 1/2</qty>
          <unit>teaspoons</unit></amt>
        <item>Vanilla</item></ing>
      <ing>
        <amt>
          <qty>1 1/2</qty>
          <unit>cups</unit></amt>
        <item>Graham cracker crumbs</item></ing>
      <ing>
        <amt>
          <qty>3</qty>
          <unit>tablespoons</unit></amt>
        <item>Sugar</item></ing>
      <ing>
        <amt>
          <qty>1/4</qty>
          <unit>cups</unit></amt>
        <item>Margarine</item></ing></ingredients>
    <directions>
      <step>  CRUST: 1 1/2 c. graham cracker crumbs, 3 T. sugar, 1/4 cup margarine. Mix
  and pour in 13x9x2 pan. FILLING: Cream cheese, add eggs, one at a time; mix
  thoroughly. Add 1 cup sugar and and 1 1/2 t. vanilla. Pour over graham
  cracker crust. Bake at 300 for one hour. Cool for 5 minutes. TOPPING: Mix 1
  1/2 pts. sour cream, 1/2 c sugar, and 1 1/2 t vanilla together. Pour over
  baked cheesecake.  Bake an additional 5 minutes in oven, set overnight.
  Serve cherry pie filling as topping on the side. Cherries might be too rich
  for some people so this enables anyone who wants them to add them
  individually.
  
  From Gemini's MASSIVE MealMaster collection at www.synapse.com/~gemini
 
</step></directions></recipe></recipeml>
