<?xml version="1.0" encoding="UTF-8"?>

<recipeml version="0.5">
  <recipe>
    <head>
      <title>Auntie Ruth's Wash Day Beans</title>
      <categories>
        <cat>Soups</cat>
        <cat>Vegetables</cat>
        <cat>American</cat></categories>
      <yield>8</yield></head>
    <ingredients>
      <ing>
        <amt>
          <qty/>
          <unit/></amt>
        <item>Canned tomatoes</item></ing>
      <ing>
        <amt>
          <qty/>
          <unit/></amt>
        <item>Clove garlic; finely chopped</item></ing>
      <ing>
        <amt>
          <qty/>
          <unit/></amt>
        <item>Ham bone</item></ing>
      <ing>
        <amt>
          <qty/>
          <unit/></amt>
        <item>Onion; sliced or chopped</item></ing>
      <ing>
        <amt>
          <qty/>
          <unit/></amt>
        <item>Worcestershire sauce</item></ing></ingredients>
    <directions>
      <step>  This recipe for "Auntie Ruth's Wash Day beans***(NJMH36B) should appeal to
  many on the Forum and is a very flexible recipe. By trial &amp; error you can
  fix the amounts of each ingredient to suit your own taste. Wash dried beans
  (my family likes baby limas or navy) Cook according to package directions.
   Then add: Simmer all day, adjusting ingredients to taste. Serve with
  chopped onions and corn bread for toppings. Nothing fancy-just Midwest
  good! FROM: ALICE JOHNSON (NJMH36B)
  
  From Gemini's MASSIVE MealMaster collection at www.synapse.com/~gemini
 
</step></directions></recipe></recipeml>
