<?xml version="1.0" encoding="UTF-8"?>

<recipeml version="0.5">
  <recipe>
    <head>
      <title>Aunt Alice Ice Box Fruit Cake</title>
      <categories>
        <cat>Cakes</cat>
        <cat>Christmas</cat></categories>
      <yield>1</yield></head>
    <ingredients>
      <ing>
        <amt>
          <qty>1/4</qty>
          <unit>cups</unit></amt>
        <item>Butter</item></ing>
      <ing>
        <amt>
          <qty>1</qty>
          <unit/></amt>
        <item>Box graham cracker; large box</item></ing>
      <ing>
        <amt>
          <qty>1</qty>
          <unit>pound</unit></amt>
        <item>Marshmallows</item></ing>
      <ing>
        <amt>
          <qty>1</qty>
          <unit>pound</unit></amt>
        <item>Raisins</item></ing>
      <ing>
        <amt>
          <qty>1</qty>
          <unit>can</unit></amt>
        <item>Coconut</item></ing>
      <ing>
        <amt>
          <qty>2</qty>
          <unit>cups</unit></amt>
        <item>Pecans; coarsely chopped</item></ing>
      <ing>
        <amt>
          <qty>1</qty>
          <unit/></amt>
        <item>Jar maraschino cherries; drained</item></ing></ingredients>
    <directions>
      <step>  Crumble graham crackers. Add raisins, coconut, cherries and pecans. Mix
  well.
  
  In a double boiler melt marshmellows and butter. Pour over the dry
  ingredients and mix well.
  
  Put in pan and press down well. Place in refrigerator over night. Next day
  remove from pan and wrap in foil.
  
  Keep in refrigerator until ready to slice.
  
  NOTES : This is an old family recipe that my younger brother and I like
  since we are not over fond of regular fruitcakes. I wrote this down from
  watching my aunt make it in the 50's.
  
  Recipe by: Barbara Price
  
  Posted to MC-Recipe Digest V1 #958 by "abprice@wf.net" &lt;abprice@wf.net&gt; on
  Dec 16, 1997
 
</step></directions></recipe></recipeml>
