<?xml version="1.0" encoding="UTF-8"?>

<recipeml version="0.5">
  <recipe>
    <head>
      <title>Aunt Ann's Celery Seed Dressing</title>
      <categories>
        <cat>Salads</cat></categories>
      <yield>3</yield></head>
    <ingredients>
      <ing>
        <amt>
          <qty>1 1/4</qty>
          <unit>cups</unit></amt>
        <item>Sugar</item></ing>
      <ing>
        <amt>
          <qty>2</qty>
          <unit>teaspoons</unit></amt>
        <item>Dry mustard</item></ing>
      <ing>
        <amt>
          <qty>2</qty>
          <unit>teaspoons</unit></amt>
        <item>Salt</item></ing>
      <ing>
        <amt>
          <qty>1</qty>
          <unit>small</unit></amt>
        <item>Onion, chopped fine</item></ing>
      <ing>
        <amt>
          <qty>2</qty>
          <unit>cups</unit></amt>
        <item>Oil</item></ing>
      <ing>
        <amt>
          <qty>1</qty>
          <unit>cup</unit></amt>
        <item>Vinegar</item></ing>
      <ing>
        <amt>
          <qty>2</qty>
          <unit>teaspoons</unit></amt>
        <item>Celery seed</item></ing>
      <ing>
        <amt>
          <qty>1</qty>
          <unit/></amt>
        <item>Garlic clove</item></ing></ingredients>
    <directions>
      <step>  Mix all ingredients together. I use my blender then I don't have to chop
  the onions. This will keep several weeks in a jar with a plastic lid. Do
  not use a metal lid, since the vinegar will rust the lid.
  
  You can adjust the sugar and salt to suit your own taste. We find that 1
  1/4 c sugar is too much, and so is 2 t of salt.
  
  The dressing is especially good on a fresh fruit or spinach salad.
  
  This recipe comes from my Husband's Aunt, Ann Mitchell.
  
  From Bobbie Beers
  Posted to MM-Recipes Digest  by muddy@ibm.net on Apr 21, 1998
 
</step></directions></recipe></recipeml>
