<?xml version="1.0" encoding="UTF-8"?>

<recipeml version="0.5">
  <recipe>
    <head>
      <title>Barbequed Chuck Roast</title>
      <categories>
        <cat>Barbeque</cat>
        <cat>Beef</cat></categories>
      <yield>1</yield></head>
    <ingredients>
      <ing>
        <amt>
          <qty>4</qty>
          <unit>pounds</unit></amt>
        <item>Round (7-bone chuck roast) Cut 2" thick</item></ing>
      <ing>
        <amt>
          <qty>2</qty>
          <unit>teaspoons</unit></amt>
        <item>Meat tenderizer</item></ing>
      <ing>
        <amt>
          <qty>3</qty>
          <unit/></amt>
        <item>Green onions, chopped</item></ing>
      <ing>
        <amt>
          <qty>1</qty>
          <unit/></amt>
        <item>Garlic clove</item></ing>
      <ing>
        <amt>
          <qty>1/4</qty>
          <unit/></amt>
        <item>Green Pepper (diced)</item></ing>
      <ing>
        <amt>
          <qty>2</qty>
          <unit/></amt>
        <item>Stalks Celery, diced</item></ing>
      <ing>
        <amt>
          <qty>1/2</qty>
          <unit>teaspoons</unit></amt>
        <item>Oregano</item></ing>
      <ing>
        <amt>
          <qty>1/2</qty>
          <unit>teaspoons</unit></amt>
        <item>Rosemary</item></ing>
      <ing>
        <amt>
          <qty>1</qty>
          <unit>dash</unit></amt>
        <item>Cayenne</item></ing>
      <ing>
        <amt>
          <qty>1</qty>
          <unit>tablespoon</unit></amt>
        <item>Worcestershire sauce</item></ing>
      <ing>
        <amt>
          <qty>3/4</qty>
          <unit>cups</unit></amt>
        <item>Burgundy wine</item></ing>
      <ing>
        <amt>
          <qty>3</qty>
          <unit>tablespoons</unit></amt>
        <item>Peanut oil</item></ing></ingredients>
    <directions>
      <step>  Slash fat edges.  Sprinkle both sides of roast evenly with meat tenderizer.
  Pierce meat deeply all over with fork.
  
  Place in shallow dish and top with green onions, garlic, green pepper,
  celery, oregano, rosemary and cayenne.
  
  Combine worcestershire, burgundy and oil and pour over meat. Refrigerate
  overnight, turning meat several times, each time spooning the chopped
  ingredients over top again.
  
  Sear both sides over glowing coals.  Raise grill and continue cooking,
  haveing meat about six inches from heat, until done as desired. Allow from
  50 to 60 minues for total cooking time. Brush frequently during cooking
  with any remaining marinade
  
  Source:  Best Barbeque Recipes by Mildred Fischer - ----- -
  ~----------------------------------------------------------------
  :       Please Visit the Hot and Spicy Cooking Page
                 http://www.teleport.com/~cstarz/
  :            ftp://ftp.teleport.com/users/cstarz Now has over 7500+ recipes
  for sauces, marinades, spice mixtures,
      seafood, sausages, dry-rubs, appetizers and Barbeque, etc.
  Download/Upload Areas, Meal-Master(tm) and other programs etc. -
  ~----------------------------------------------------------------
  Posted to bbq-digest V2 #062
  
  Date: Fri, 02 Aug 1996 07:59:37 -0700
  
  From: cstarz@teleport.com (Carey Starzinger)
 
</step></directions></recipe></recipeml>
