<?xml version="1.0" encoding="UTF-8"?>

<recipeml version="0.5">
  <recipe>
    <head>
      <title>Barbie Pretty Pink Cake</title>
      <categories>
        <cat>Cakes</cat>
        <cat>Kids</cat>
        <cat>Easybake</cat></categories>
      <yield>2</yield></head>
    <ingredients>
      <ing>
        <amt>
          <qty>5</qty>
          <unit>tablespoons</unit></amt>
        <item>Cake flour</item></ing>
      <ing>
        <amt>
          <qty>1/4</qty>
          <unit>teaspoons</unit></amt>
        <item>Baking powder</item></ing>
      <ing>
        <amt>
          <qty>1/8</qty>
          <unit>teaspoons</unit></amt>
        <item>Salt</item></ing>
      <ing>
        <amt>
          <qty>5</qty>
          <unit>teaspoons</unit></amt>
        <item>Red sugar crystals</item></ing>
      <ing>
        <amt>
          <qty>1/4</qty>
          <unit>teaspoons</unit></amt>
        <item>Vanilla extract</item></ing>
      <ing>
        <amt>
          <qty>4</qty>
          <unit>teaspoons</unit></amt>
        <item>Vegetable oil</item></ing>
      <ing>
        <amt>
          <qty>8</qty>
          <unit>teaspoons</unit></amt>
        <item>Milk</item></ing></ingredients>
    <directions>
      <step>  Stir together cake flour, baking powder, salt, red sugar, vanilla, oil and
  milk until the batter is smooth and pink.  Pour 3 TBS. of batter into
  greased and floured cake pan.  Bake 15 mins. Repeat for second layer. Makes
        2    layers.
  Posted to MM-Recipes Digest V5 #008 by valerie@nbnet.nb.ca (valerie) on Jan
  8, 1998
 
</step></directions></recipe></recipeml>
