<?xml version="1.0" encoding="UTF-8"?>

<recipeml version="0.5">
  <recipe>
    <head>
      <title>Barbeque Rub</title>
      <categories>
        <cat>Barbeque</cat>
        <cat>Seasonings</cat></categories>
      <yield>1</yield></head>
    <ingredients>
      <ing>
        <amt>
          <qty>2</qty>
          <unit>cups</unit></amt>
        <item>Sugar</item></ing>
      <ing>
        <amt>
          <qty>1/4</qty>
          <unit>cups</unit></amt>
        <item>Paprika</item></ing>
      <ing>
        <amt>
          <qty>2</qty>
          <unit>teaspoons</unit></amt>
        <item>Chili Powder</item></ing>
      <ing>
        <amt>
          <qty>1/2</qty>
          <unit>teaspoons</unit></amt>
        <item>Cayenne</item></ing>
      <ing>
        <amt>
          <qty>1/2</qty>
          <unit>cups</unit></amt>
        <item>Salt</item></ing>
      <ing>
        <amt>
          <qty>2</qty>
          <unit>teaspoons</unit></amt>
        <item>Black Pepper</item></ing>
      <ing>
        <amt>
          <qty>1</qty>
          <unit>teaspoon</unit></amt>
        <item>Garlic Powder</item></ing></ingredients>
    <directions>
      <step>  Combine all ingredients and use as a rub for any barbequed meat
  Posted to MC-Recipe Digest V1 #171
  
  Date: Sun, 28 Jul 1996 12:26:17 -0700
  
  From: Carey Starzinger - BBQ Mailing List
  NOTES : MasterCook formatted by: Garry Howard, Cambridge, MA
       g.howard@ix.netcom.com
       http://members.aol.com/garhow
 
</step></directions></recipe></recipeml>
