<?xml version="1.0" encoding="UTF-8"?>

<recipeml version="0.5">
  <recipe>
    <head>
      <title>Barbeque Pork Roast</title>
      <categories>
        <cat>Meat</cat>
        <cat>Pork</cat>
        <cat>Bbq</cat></categories>
      <yield>1</yield></head>
    <ingredients>
      <ing>
        <amt>
          <qty>3</qty>
          <unit>pounds</unit></amt>
        <item>Beef or pork roast; (up to 4)</item></ing>
      <ing>
        <amt>
          <qty>1/2</qty>
          <unit>cups</unit></amt>
        <item>Chopped onion</item></ing>
      <ing>
        <amt>
          <qty>1</qty>
          <unit>tablespoon</unit></amt>
        <item>Sugar</item></ing>
      <ing>
        <amt>
          <qty>1</qty>
          <unit>teaspoon</unit></amt>
        <item>Dry mustard</item></ing>
      <ing>
        <amt>
          <qty>2</qty>
          <unit>teaspoons</unit></amt>
        <item>Salt</item></ing>
      <ing>
        <amt>
          <qty>1</qty>
          <unit>teaspoon</unit></amt>
        <item>Pepper</item></ing>
      <ing>
        <amt>
          <qty>2</qty>
          <unit>teaspoons</unit></amt>
        <item>Paprika</item></ing>
      <ing>
        <amt>
          <qty>1/4</qty>
          <unit>cups</unit></amt>
        <item>Cider vinegar</item></ing>
      <ing>
        <amt>
          <qty>1</qty>
          <unit>tablespoon</unit></amt>
        <item>Worcestershire sauce</item></ing>
      <ing>
        <amt>
          <qty>1</qty>
          <unit>cup</unit></amt>
        <item>Ketchup</item></ing>
      <ing>
        <amt>
          <qty>1</qty>
          <unit>cup</unit></amt>
        <item>Water</item></ing></ingredients>
    <directions>
      <step>  Mix all ingredients but meat in saucepan over medium heat. Simmer for 3-5
  minutes. Pour over roast in roasting pan. Cook in 325~ oven for 3 hours.
  Baste frequently. Shred roast after it has cooled. Serve with rolls or on
  noodles. The roast will just fall apart - juicy and tender.
  
  Scanned, Busted &amp; Proofed by Gene Johnston (ejohnston@mailexcite.com)
  
  Recipe by: Best Recipes April, 1993
  
  Posted to MC-Recipe Digest V1 #894 by "Eugene Johnston"
  &lt;ejohnston@mailexcite.com&gt; on Nov 09, 1997
 
</step></directions></recipe></recipeml>
