<?xml version="1.0" encoding="UTF-8"?>

<recipeml version="0.5">
  <recipe>
    <head>
      <title>Barbequed Chicken Appetizers</title>
      <categories>
        <cat>Appetizers</cat>
        <cat>Chicken</cat>
        <cat>Hors d'oeuv</cat>
        <cat>Hot</cat></categories>
      <yield>4</yield></head>
    <ingredients>
      <ing>
        <amt>
          <qty>1</qty>
          <unit/></amt>
        <item>Whole skinless boneless chicken breast</item></ing>
      <ing>
        <amt>
          <qty>1</qty>
          <unit/></amt>
        <item>Green bell pepper; cut in strips</item></ing>
      <ing>
        <amt>
          <qty>1</qty>
          <unit>medium</unit></amt>
        <item>Onion; cut in strips</item></ing>
      <ing>
        <amt>
          <qty>1/2</qty>
          <unit>cups</unit></amt>
        <item>Ketchup</item></ing>
      <ing>
        <amt>
          <qty>1</qty>
          <unit>tablespoon</unit></amt>
        <item>Prepared mustard</item></ing>
      <ing>
        <amt>
          <qty>1</qty>
          <unit>tablespoon</unit></amt>
        <item>Brown sugar</item></ing>
      <ing>
        <amt>
          <qty>1</qty>
          <unit>tablespoon</unit></amt>
        <item>Vinegar</item></ing>
      <ing>
        <amt>
          <qty>1/4</qty>
          <unit>teaspoons</unit></amt>
        <item>Garlic powder</item></ing>
      <ing>
        <amt>
          <qty>2</qty>
          <unit>dashes</unit></amt>
        <item>Tabasco® sauce</item></ing></ingredients>
    <directions>
      <step>  Cut chicken breast into 16 chunks and place in a microwave dish. Scatter
  pepper and onion strips on top of chicken. Combine remaining ingredients in
  a small bowl and pour over the chicken and vegetables. Cover and microwave
  on 70% power for 7 minutes or until chicken is white and tender. Serve with
  toothpicks.
  Posted to EAT-LF Digest by "sherilyn70@earthlink.net"
  &lt;sherilyn70@earthlink.net&gt; on May 20, 1998
 
</step></directions></recipe></recipeml>
