<?xml version="1.0" encoding="UTF-8"?>

<recipeml version="0.5">
  <recipe>
    <head>
      <title>Barbequed Sauerkraut</title>
      <categories>
        <cat>Appetizers</cat>
        <cat>Meat</cat>
        <cat>Miscellaneo</cat>
        <cat>Vegetables</cat></categories>
      <yield>6</yield></head>
    <ingredients>
      <ing>
        <amt>
          <qty>1/2</qty>
          <unit>cups</unit></amt>
        <item>Chopped Onion</item></ing>
      <ing>
        <amt>
          <qty>1</qty>
          <unit>tablespoon</unit></amt>
        <item>Butter</item></ing>
      <ing>
        <amt>
          <qty>5</qty>
          <unit/></amt>
        <item>Strips Bacon -- cut up -Or-</item></ing>
      <ing>
        <amt>
          <qty>1/2</qty>
          <unit>cups</unit></amt>
        <item>Bacon Bits</item></ing>
      <ing>
        <amt>
          <qty>16</qty>
          <unit>ounces</unit></amt>
        <item>Can Tomatoes -- diced</item></ing>
      <ing>
        <amt>
          <qty>16</qty>
          <unit>ounces</unit></amt>
        <item>Can Sauerkraut; well drained</item></ing>
      <ing>
        <amt>
          <qty>3/4</qty>
          <unit>cups</unit></amt>
        <item>Brown Sugar</item></ing>
      <ing>
        <amt>
          <qty/>
          <unit/></amt>
        <item>Polish Sausage -- diced</item></ing>
      <ing>
        <amt>
          <qty/>
          <unit/></amt>
        <item>(optional)</item></ing></ingredients>
    <directions>
      <step>  In a small skillet, saute onion with bacon. In a 2 quart casserole dish,
  combine kraut, tomatoes, brown sugar, bacon and onion (add polish sausage
  if
  desired). Bake uncovered, for 1-2 hours in a 350 degree oven. Casserole
  should
  look caramelly around the edges. Serves 6-8.
  
  (Taken from Extension Homemakers of Sedgwick County cookbook-Laura Onstott)
  
  Posted to MC-Recipe Digest V1 #151
  
  Date: Sat, 13 Jul 1996 19:52:47 -0400
  
  From: kmeade@ids2.idsonline.com (The Meades)
 
</step></directions></recipe></recipeml>
