<?xml version="1.0" encoding="UTF-8"?>

<recipeml version="0.5">
  <recipe>
    <head>
      <title>Barbequed Pork</title>
      <categories>
        <cat>Chinese</cat>
        <cat>Main dish</cat>
        <cat>Pork</cat></categories>
      <yield>4</yield></head>
    <ingredients>
      <ing>
        <amt>
          <qty>1/4</qty>
          <unit>cups</unit></amt>
        <item>Soy sauce</item></ing>
      <ing>
        <amt>
          <qty>2</qty>
          <unit>tablespoons</unit></amt>
        <item>Dry red wine</item></ing>
      <ing>
        <amt>
          <qty>1</qty>
          <unit>tablespoon</unit></amt>
        <item>Brown sugar</item></ing>
      <ing>
        <amt>
          <qty>1</qty>
          <unit>tablespoon</unit></amt>
        <item>Honey</item></ing>
      <ing>
        <amt>
          <qty>2</qty>
          <unit>teaspoons</unit></amt>
        <item>Red food coloring; optional</item></ing>
      <ing>
        <amt>
          <qty>1/2</qty>
          <unit>teaspoons</unit></amt>
        <item>Ground cinnamon</item></ing>
      <ing>
        <amt>
          <qty>1</qty>
          <unit/></amt>
        <item>Green onion; cut in half</item></ing>
      <ing>
        <amt>
          <qty>1</qty>
          <unit/></amt>
        <item>Clove of garlic;crushed</item></ing>
      <ing>
        <amt>
          <qty>2</qty>
          <unit/></amt>
        <item>Whole pork tenderloins (about 12 oz each) trimmed</item></ing></ingredients>
    <directions>
      <step>  Combine soy sauce; wine,sugar,honey, food coloring, cinnamon, onion and
  garlic in large bowl. Add pork, turning tenderloins to coat completely.
  Cover and refrigerate 1 hour or overnight, turning meat occasionally. Drain
  pork, reserving marinade. Place tenderloins on wire rack over baking pan.
  Bake in preheated 350F oven, turning and basting often with reserved
  marinade, until cooked through, about 45 minutes. Remove pork from oven;
  cool. Cut into diagonal slices. Makes about 8 appetizer size servings This
  is very nice served with green onion curls.
  
  Pam in Va Formatted by Elaine Radis
  
  From Gemini's MASSIVE MealMaster collection at www.synapse.com/~gemini
 
</step></directions></recipe></recipeml>
