<?xml version="1.0" encoding="UTF-8"?>

<recipeml version="0.5">
  <recipe>
    <head>
      <title>Barbecue Shrimp</title>
      <categories>
        <cat>Seafood</cat>
        <cat>Bar-b-q</cat></categories>
      <yield>4</yield></head>
    <ingredients>
      <ing>
        <amt>
          <qty>2</qty>
          <unit>pounds</unit></amt>
        <item>Medium whole shrimp</item></ing>
      <ing>
        <amt>
          <qty>1 1/2</qty>
          <unit/></amt>
        <item>Sticks butter</item></ing>
      <ing>
        <amt>
          <qty>1/2</qty>
          <unit>cups</unit></amt>
        <item>Olive oil</item></ing>
      <ing>
        <amt>
          <qty>2</qty>
          <unit/></amt>
        <item>Lemons</item></ing>
      <ing>
        <amt>
          <qty>6</qty>
          <unit/></amt>
        <item>Cloves garlic, pressed</item></ing>
      <ing>
        <amt>
          <qty>3</qty>
          <unit>tablespoons</unit></amt>
        <item>Worcestershire</item></ing>
      <ing>
        <amt>
          <qty>1/2</qty>
          <unit>teaspoons</unit></amt>
        <item>Cayenne</item></ing>
      <ing>
        <amt>
          <qty>1</qty>
          <unit>tablespoon</unit></amt>
        <item>Salt (yup!)</item></ing>
      <ing>
        <amt>
          <qty>1/2</qty>
          <unit>teaspoons</unit></amt>
        <item>Pepper</item></ing>
      <ing>
        <amt>
          <qty>1</qty>
          <unit>tablespoon</unit></amt>
        <item>Italian seasoning</item></ing></ingredients>
    <directions>
      <step>  French bread
  
  Melt butter in a large, shallow baking pan.  Add 1 1/2 squeezed lemons &amp;
  everything except shrimp.  Let simmer 5 minutes. Wash shrimp (leave shells
  on) &amp; place in pan, &amp; baste. Bake at 350 degrees until shrimp are pink on
  top, 5-8 minutes.  Turn shrimp, salt &amp; pepper lightly, &amp; bake 10 minutes.
  Squeeze 1/2 lemon &amp; a few dashes Worcestershire on top &amp; serve with French
  bread for dipping that great sauce. 4 servings. This is from the New
  Orleans Times-Picayune Cooking Contest, 1980. Gail B.
  
  From Gemini's MASSIVE MealMaster collection at www.synapse.com/~gemini
 
</step></directions></recipe></recipeml>
