<?xml version="1.0" encoding="UTF-8"?>

<recipeml version="0.5">
  <recipe>
    <head>
      <title>Barbecue Spiced Grilled Gulf Shrimp</title>
      <categories>
        <cat>None</cat></categories>
      <yield>4</yield></head>
    <ingredients>
      <ing-div>
        <title/>
        <ing>
          <amt>
            <qty/>
            <unit/></amt>
          <item>WITH SAFFRON AND SWEET CORN CREAM</item></ing>
        <ing>
          <amt>
            <qty>24</qty>
            <unit>large</unit></amt>
          <item>Shrimp; peeled and deveined</item></ing></ing-div>
      <ing-div>
        <title>BARBECUE SPICE</title>
        <ing>
          <amt>
            <qty>1</qty>
            <unit>cup</unit></amt>
          <item>Paprika</item></ing>
        <ing>
          <amt>
            <qty>1</qty>
            <unit>tablespoon</unit></amt>
          <item>Each: cayenne pepper; garlic powder, black pepper and salt</item></ing>
        <ing>
          <amt>
            <qty>2</qty>
            <unit>teaspoons</unit></amt>
          <item>Dried oregano</item></ing>
        <ing>
          <amt>
            <qty>1</qty>
            <unit>tablespoon</unit></amt>
          <item>Dried thyme</item></ing>
        <ing>
          <amt>
            <qty>1/2</qty>
            <unit>tablespoons</unit></amt>
          <item>Dried dill</item></ing></ing-div>
      <ing-div>
        <title>SAFFRON &amp; SWEET CORN CREAM</title>
        <ing>
          <amt>
            <qty>2</qty>
            <unit>cups</unit></amt>
          <item>Whipping cream</item></ing>
        <ing>
          <amt>
            <qty>1/2</qty>
            <unit>teaspoons</unit></amt>
          <item>Saffron threads</item></ing>
        <ing>
          <amt>
            <qty>1/2</qty>
            <unit>cups</unit></amt>
          <item>Fresh corn kernels</item></ing>
        <ing>
          <amt>
            <qty>2</qty>
            <unit>tablespoons</unit></amt>
          <item>Maple syrup</item></ing>
        <ing>
          <amt>
            <qty>2</qty>
            <unit/></amt>
          <item>Lemons; juice of</item></ing>
        <ing>
          <amt>
            <qty/>
            <unit/></amt>
          <item>Salt to taste</item></ing></ing-div></ingredients>
    <directions>
      <step>  Barbecue Spice: Combine paprika, cayenne, garlic powder, pepper, salt,
  oregano, thyme and dill; mix well. Store in airtight container. Makes about
     11/2    cups.
  
  Shrimp: Soak 4 bamboo skewers in water 2 hours; place 6 shrimp on each
  skewer and sprinkle liberally with Barbecue Spice. Place shrimp on barbecue
  grill, making sure tails are away from hottest part of fire. Grill about 3
  to 4 minutes per side or until done. Do not overcook. Serve with Saffron
  and Sweet Corn Cream. Serve 1 skewer per person.
  
  Saffron and Sweet Corn Cream: Heat cream in saucepan with saffron and corn
  until saffron begins to give off color. Add syrup. Whisk in lemon juice and
  salt.
  
  Happily scanned and MC formatted, using Buster, by Pamela Creeden 5/7/98
  
  Recipe by: Houston Chronicle
  
  Posted to MC-Recipe Digest by "Pamela Creeden" &lt;creedenites@sprintmail.com&gt;
  on May 7, 1998
 
</step></directions></recipe></recipeml>
