<?xml version="1.0" encoding="UTF-8"?>

<recipeml version="0.5">
  <recipe>
    <head>
      <title>Barbecue Sauce for Chicken</title>
      <categories>
        <cat>Sauce</cat>
        <cat>Bbq</cat></categories>
      <yield>1</yield></head>
    <ingredients>
      <ing>
        <amt>
          <qty>2</qty>
          <unit>cups</unit></amt>
        <item>Butter or margarine</item></ing>
      <ing>
        <amt>
          <qty>1</qty>
          <unit>cup</unit></amt>
        <item>White vinegar</item></ing>
      <ing>
        <amt>
          <qty>1/2</qty>
          <unit/></amt>
        <item>Jar (6-ounce) prepared mustard</item></ing>
      <ing>
        <amt>
          <qty>1/4</qty>
          <unit>cups</unit></amt>
        <item>Worcestershire sauce</item></ing></ingredients>
    <directions>
      <step>  Melt butter in a saucepan over low heat. Stir in remaining ingredients;
  remove from heat. Cover and refrigerate sauce until ready to use. Heat
  thoroughly, and use to baste chicken when grilling.
  
  Makes about 4 cups. Scanned &amp; Proofed by Gene Johnston
  (ejohnston@mailexcite.com)
  
  Recipe by: Meco Barbecue &amp; Smoker Cookbook
  
  Posted to MC-Recipe Digest V1 #893 by "Eugene Johnston"
  &lt;ejohnston@mailexcite.com&gt; on Nov 09, 1997
 
</step></directions></recipe></recipeml>
