<?xml version="1.0" encoding="UTF-8"?>

<recipeml version="0.5">
  <recipe>
    <head>
      <title>Barbequed Portobello Mushrooms</title>
      <categories>
        <cat>Digest</cat>
        <cat>August</cat>
        <cat>Fatfree</cat></categories>
      <yield>1</yield></head>
    <ingredients>
      <ing>
        <amt>
          <qty/>
          <unit/></amt>
        <item>None</item></ing></ingredients>
    <directions>
      <step>  When I get invited to a bar-b-q, my favorite things to bring are portobello
  mushrooms and corn on the cob.  They're easy to deal with. Marinate the
  portobellos in balsamic vinegar for an hour beforehand and then throw 'em
  on the grill like burgers.  I remove the stem and cut slits on the cap. In
  a group of non-vegetarians, the sight of 5" diam. mushrooms on the grill is
  a conversation-starter.
  
  From: Andrew Evans &lt;aevans@cais.cais.com&gt;. Fatfree Digest, Vol. 10: Issue
  11, Sunday, 21 Aug 1994 Formatted by Sue Smith, S.Smith34,
  TXFT40A@Prodigy.com using MMCONV
  
  File ftp://ftp.idiscover.co.uk/pub/food/mealmaster/recipes/fatfreex.zip
 
</step></directions></recipe></recipeml>
