<?xml version="1.0" encoding="UTF-8"?>

<recipeml version="0.5">
  <recipe>
    <head>
      <title>Barbeque Dry Rub</title>
      <categories>
        <cat>Seasoning</cat></categories>
      <yield>1</yield></head>
    <ingredients>
      <ing>
        <amt>
          <qty>4</qty>
          <unit>tablespoons</unit></amt>
        <item>Cumin</item></ing>
      <ing>
        <amt>
          <qty>4</qty>
          <unit>tablespoons</unit></amt>
        <item>Thyme</item></ing>
      <ing>
        <amt>
          <qty>4</qty>
          <unit>tablespoons</unit></amt>
        <item>Garlic powder</item></ing>
      <ing>
        <amt>
          <qty>4</qty>
          <unit>tablespoons</unit></amt>
        <item>Black Pepper; freshly ground</item></ing>
      <ing>
        <amt>
          <qty>2</qty>
          <unit>tablespoons</unit></amt>
        <item>Cayenne Pepper</item></ing>
      <ing>
        <amt>
          <qty>2</qty>
          <unit>tablespoons</unit></amt>
        <item>Salt</item></ing>
      <ing>
        <amt>
          <qty>2</qty>
          <unit>tablespoons</unit></amt>
        <item>Curry Powder</item></ing>
      <ing>
        <amt>
          <qty>1</qty>
          <unit>tablespoon</unit></amt>
        <item>Onion Powder</item></ing>
      <ing>
        <amt>
          <qty>1</qty>
          <unit>tablespoon</unit></amt>
        <item>MSG or other flavor enhancer (optional)</item></ing></ingredients>
    <directions>
      <step>  From: cstarz@teleport.com (Carey Starzinger)
  
  Date: Thu, 18 Jul 1996 08:00:17 -0700
  In a small bowl or glass jar with a lid, combine all the ingredients. Stri
  or shake to mix.  Use immediately or store in a cool, dark place for
  several months.
  
  This rub is pretty strong and so I do not recomment it for thin cuts (like
  ribs).  Bit it is swell on heavier cuts of meat such as beef round, prime
  rib, pork shoulders, and even the whole hog. With this recipes, you have
  enough for five shoulders or four hams. Best if you let the meat marinate,
  losely covered, in the refrigerator for a good twenth-four to forty-eight
  hours after being rubbed.
  
  Source:  John Willingham's World Champion BBQ
  
  bbq-digest V2 #033
  
  From the BBQ recipe list.  Downloaded from Glen's MM Recipe Archive,
  http://www.erols.com/hosey.
 
</step></directions></recipe></recipeml>
