<?xml version="1.0" encoding="UTF-8"?>

<recipeml version="0.5">
  <recipe>
    <head>
      <title>Barbequed Scallops Hoisin</title>
      <categories>
        <cat>Seafood</cat>
        <cat>Scallops</cat></categories>
      <yield>4</yield></head>
    <ingredients>
      <ing>
        <amt>
          <qty>1 1/4</qty>
          <unit>pounds</unit></amt>
        <item>Bay or sea scallops</item></ing>
      <ing>
        <amt>
          <qty>2</qty>
          <unit>medium</unit></amt>
        <item>Red peppers; cut into inch squares</item></ing>
      <ing>
        <amt>
          <qty>3</qty>
          <unit>tablespoons</unit></amt>
        <item>Hoisin sauce</item></ing>
      <ing>
        <amt>
          <qty>1</qty>
          <unit>tablespoon</unit></amt>
        <item>Soy sauce</item></ing>
      <ing>
        <amt>
          <qty>2</qty>
          <unit>tablespoons</unit></amt>
        <item>Dry sherry</item></ing>
      <ing>
        <amt>
          <qty>1</qty>
          <unit>tablespoon</unit></amt>
        <item>Sugar</item></ing></ingredients>
    <directions>
      <step>  Alternately thread the red pepper and scallops on wooden skewers, beginning
  and ending with peppers.
  
  Mix together the Hoisin, soy, sherry, and sugar. Brush the shellfish and
  peppers with the sauce, coating well.
  
  Grill the kebobs over hot coals 4 inches from the heat source, 3 to 4
  minutes per side. Remove to a platter and serve.
  
  Scallops and red pepper are skewered and brushed with a Hoisin-inspired
  barbecue sauce before being char-grilled for an Oriental flavor sensation.
  Posted to MC-Recipe Digest V1 #929 by Nancy Berry &lt;nlberry@prodigy.net&gt; on
  Nov 28, 1997
 
</step></directions></recipe></recipeml>
