<?xml version="1.0" encoding="UTF-8"?>

<recipeml version="0.5">
  <recipe>
    <head>
      <title>Barbequed Lamb Shank Dinner</title>
      <categories>
        <cat>Lamb</cat></categories>
      <yield>4</yield></head>
    <ingredients>
      <ing-div>
        <title/>
        <ing>
          <amt>
            <qty>1/2</qty>
            <unit>cups</unit></amt>
          <item>Ketchup</item></ing>
        <ing>
          <amt>
            <qty>2</qty>
            <unit>tablespoons</unit></amt>
          <item>Brown sugar</item></ing>
        <ing>
          <amt>
            <qty>2</qty>
            <unit>tablespoons</unit></amt>
          <item>Worcestershire sauce</item></ing>
        <ing>
          <amt>
            <qty>1</qty>
            <unit>tablespoon</unit></amt>
          <item>Vinegar</item></ing>
        <ing>
          <amt>
            <qty>1</qty>
            <unit>dash</unit></amt>
          <item>Red pepper sauce</item></ing>
        <ing>
          <amt>
            <qty>1</qty>
            <unit/></amt>
          <item>Clove minced garlic</item></ing>
        <ing>
          <amt>
            <qty>1/4</qty>
            <unit>teaspoons</unit></amt>
          <item>Dry mustard</item></ing>
        <ing>
          <amt>
            <qty>1/4</qty>
            <unit>teaspoons</unit></amt>
          <item>Salt</item></ing></ing-div>
      <ing-div>
        <title>LAMB</title>
        <ing>
          <amt>
            <qty>1/4</qty>
            <unit>cups</unit></amt>
          <item>Flour</item></ing>
        <ing>
          <amt>
            <qty>1</qty>
            <unit>teaspoon</unit></amt>
          <item>Salt</item></ing>
        <ing>
          <amt>
            <qty>1/4</qty>
            <unit>teaspoons</unit></amt>
          <item>Pepper</item></ing>
        <ing>
          <amt>
            <qty>4</qty>
            <unit/></amt>
          <item>Lamb shank</item></ing>
        <ing>
          <amt>
            <qty>2</qty>
            <unit>tablespoons</unit></amt>
          <item>Shortening</item></ing>
        <ing>
          <amt>
            <qty>1/4</qty>
            <unit>cups</unit></amt>
          <item>Water</item></ing>
        <ing>
          <amt>
            <qty>4</qty>
            <unit>medium</unit></amt>
          <item>Potatoes; peeled, sliced 1/2"</item></ing>
        <ing>
          <amt>
            <qty/>
            <unit/></amt>
          <item>Salt</item></ing>
        <ing>
          <amt>
            <qty>16</qty>
            <unit>ounces</unit></amt>
          <item>Green beans; canned, whole</item></ing></ing-div></ingredients>
    <directions>
      <step>  Combine all ingredients for sauce in a saucepan. Heat over low heat 5
  mins., stirring as needed. Heat oven to 350 degrees. Mix flour, 1 teaspoon
  salt and pepper. Coat meat with flour mixture. Melt shortening in a dutch
  oven, brown meat and drain off fat. Brush meat with barbeque sauce. Pour
  water into pan. Cover and bake for 1 hour. Brush meat with barbeque sauce
  again. Add potatoes and season with salt. Cover and bake 1 hour longer.
  Brush remaining barbeque sauce on meat. Add beans and bake uncovered for 30
  mins.
  
  Source Jean Hopkins-Mom Formatted for Mastercook by Carol
  Floyd--c.floyd@arnprior.com
  
  Recipe by: Jean Hopkins-Mom
  
  Posted to MC-Recipe Digest V1 #900 by Carol &amp; Bob Floyd
  &lt;c.floyd@arnprior.com&gt; on Nov 11, 1997
 
</step></directions></recipe></recipeml>
