<?xml version="1.0" encoding="UTF-8"?>

<recipeml version="0.5">
  <recipe>
    <head>
      <title>Barbecue Sauce - All Purpose</title>
      <categories>
        <cat>Sauces</cat>
        <cat>Southern</cat></categories>
      <yield>10</yield></head>
    <ingredients>
      <ing>
        <amt>
          <qty>1</qty>
          <unit>large</unit></amt>
        <item>Onion; quartered</item></ing>
      <ing>
        <amt>
          <qty>3</qty>
          <unit/></amt>
        <item>Cloves garlic; minced</item></ing>
      <ing>
        <amt>
          <qty>1</qty>
          <unit>medium</unit></amt>
        <item>Green Pepper; quartered</item></ing>
      <ing>
        <amt>
          <qty>1</qty>
          <unit>can</unit></amt>
        <item>Tomato Sauce (8 Oz.)</item></ing>
      <ing>
        <amt>
          <qty>1</qty>
          <unit>cup</unit></amt>
        <item>Water</item></ing>
      <ing>
        <amt>
          <qty>1</qty>
          <unit>cup</unit></amt>
        <item>Apple Cider Vinegar</item></ing>
      <ing>
        <amt>
          <qty>1/2</qty>
          <unit>cups</unit></amt>
        <item>Catsup</item></ing>
      <ing>
        <amt>
          <qty>2</qty>
          <unit>tablespoons</unit></amt>
        <item>Worcestershire sauce</item></ing>
      <ing>
        <amt>
          <qty>1/2</qty>
          <unit/></amt>
        <item>Stick Butter Or Margarine</item></ing>
      <ing>
        <amt>
          <qty>8</qty>
          <unit>ounces</unit></amt>
        <item>Tomato Paste</item></ing>
      <ing>
        <amt>
          <qty>1</qty>
          <unit>teaspoon</unit></amt>
        <item>Fresh Ground Black Pepper</item></ing>
      <ing>
        <amt>
          <qty>1/4</qty>
          <unit>teaspoons</unit></amt>
        <item>Cayenne Pepper</item></ing>
      <ing>
        <amt>
          <qty>1</qty>
          <unit>cup</unit></amt>
        <item>Mushrooms; Coarsely Chopped</item></ing>
      <ing>
        <amt>
          <qty/>
          <unit/></amt>
        <item>Butter For Sauteing Mushrooms</item></ing>
      <ing>
        <amt>
          <qty>3</qty>
          <unit>tablespoons</unit></amt>
        <item>Liquid Smoke Flavoring</item></ing>
      <ing>
        <amt>
          <qty>1 1/2</qty>
          <unit>tablespoons</unit></amt>
        <item>Caraway Seeds</item></ing>
      <ing>
        <amt>
          <qty>3/4</qty>
          <unit>teaspoons</unit></amt>
        <item>Tabasco Sauce</item></ing>
      <ing>
        <amt>
          <qty>3</qty>
          <unit>tablespoons</unit></amt>
        <item>Brown Sugar</item></ing>
      <ing>
        <amt>
          <qty>2 1/4</qty>
          <unit>teaspoons</unit></amt>
        <item>Fresh Ground Pepper</item></ing>
      <ing>
        <amt>
          <qty>1</qty>
          <unit>teaspoon</unit></amt>
        <item>Salt; More If Needed</item></ing>
      <ing>
        <amt>
          <qty>1</qty>
          <unit>quart</unit></amt>
        <item>Yield</item></ing></ingredients>
    <directions>
      <step>  1. In a non-aluminum saucepan melt butter for mushrooms, add mushrooms and
  cook until tender about 8-10 minutes, they should not be completely cooked.
  
  2. Set aside.
  
  3. Using food processor with metal blade: While processor is running, add
  garlic cloves one at a time, and keep running until garlic sticks to side
  of processor bowl, stop processor.
  
  4. Add quartered onion, and process until pieces are about 1/4 inch in
  size, remove.
  
  5. Add quartered green pepper, and chop to same size as onions.
  
  6. Put all ingredients in saucepan, except seasonings, mix well. Bring to
  boil, and reduce heat.
  
  7. Add seasonings, and simmer 30 minutes or more if desired.
  
  8. Adjust salt
  
  9. During the cooking time you may want to cook covered or uncovered,
  depending upon desired thickness of the sauce.
  
  10. Adjust seasoning. Baste meat with sauce while BBQ'ing. This sauce is
  great for BBQ'd chicken, spareribs, pork chops, and sliced pork.
  
  Hint: When adding seasonings add salt first, stop when you can just barely
  taste the salt. Now add pepper to taste. Add remaining spices/herbs. Adjust
  spices to your taste. Serve additional sauce with the meat. Freeze leftover
  sauce, it will keep frozen for months.
  
  Recipe by: In old BBQ book 1961 + MHM
  
  Posted to MasterCook Digest V1 #339 by "Max H. Mitchell"
  &lt;mmitch-fay@worldnet.att.net&gt; on Nov 12, 1997
 
</step></directions></recipe></recipeml>
