<?xml version="1.0" encoding="UTF-8"?>

<recipeml version="0.5">
  <recipe>
    <head>
      <title>Barbequed Lamb Chops with Citrus and Fire-Roasted Artichoke</title>
      <categories>
        <cat>New</cat>
        <cat>Text</cat>
        <cat>Import</cat></categories>
      <yield>1</yield></head>
    <ingredients>
      <ing>
        <amt>
          <qty>2</qty>
          <unit/></amt>
        <item>Racks lamb</item></ing>
      <ing>
        <amt>
          <qty>2</qty>
          <unit>tablespoons</unit></amt>
        <item>Fresh rosemary; finely chopped</item></ing>
      <ing>
        <amt>
          <qty>2</qty>
          <unit>tablespoons</unit></amt>
        <item>Virgin olive oil; plus 3 T</item></ing>
      <ing>
        <amt>
          <qty>1</qty>
          <unit>medium</unit></amt>
        <item>Red onion, sliced into; 1/4" half moons</item></ing>
      <ing>
        <amt>
          <qty>1/2</qty>
          <unit>cups</unit></amt>
        <item>Sugar</item></ing>
      <ing>
        <amt>
          <qty>3</qty>
          <unit/></amt>
        <item>Lemons,juice and zest</item></ing>
      <ing>
        <amt>
          <qty>3</qty>
          <unit/></amt>
        <item>Oranges,juice and zest</item></ing>
      <ing>
        <amt>
          <qty>3</qty>
          <unit/></amt>
        <item>Limes,juice and zest</item></ing>
      <ing>
        <amt>
          <qty>4</qty>
          <unit>tablespoons</unit></amt>
        <item>Red wine vinegar</item></ing>
      <ing>
        <amt>
          <qty>3</qty>
          <unit/></amt>
        <item>Oranges; Segments of</item></ing>
      <ing>
        <amt>
          <qty>3</qty>
          <unit/></amt>
        <item>Lemons; Segments of</item></ing>
      <ing>
        <amt>
          <qty>3</qty>
          <unit/></amt>
        <item>Limes; Segments of</item></ing>
      <ing>
        <amt>
          <qty>1</qty>
          <unit>bunch</unit></amt>
        <item>Italian parsley; finely chopped</item></ing></ingredients>
    <directions>
      <step>  Barbecue should be lit and artichokes started when this dish is begun. If
  not, light barbecue.
  Clean and trim racks of lamb and cut into 8 double chops. Sprinkle chops
  with rosemary and brush with 2 tablespoons olive oil and set aside.
  In a 2 to 3 quart sauce pan, heat 3 tablespoons olive oil over high heat.
  Add onion and cook until softened, about 7 to 9 minutes. Add sugar and cook
  until dark brown caramel begins to form. Add juices and zests and vinegar
  and simmer 5 minutes. Add fruit segments, simmer 2 minutes more and remove
  from heat.
  Grill lamb chops over hot part of grill 5 to 7 minutes per side for medium
  rare. Remove artichokes from grill and arrange on platter. Arrange lamb
  chops at other end, drizzle with citrus sauce and serve.
  Yield: 4 servings
  Recipe By     : Molto Mario
  
  Posted to MC-Recipe Digest V1 #306
  
  Date: Sat, 16 Nov 1996 20:41:30 -0500 (EST)
  
  From: "suechef@sover.net" &lt;suechef@sover.net&gt;
 
</step></directions></recipe></recipeml>
