<?xml version="1.0" encoding="UTF-8"?>

<recipeml version="0.5">
  <recipe>
    <head>
      <title>Barbecued Turkey with Maple-Mustard Glaze</title>
      <categories>
        <cat>None</cat></categories>
      <yield>1</yield></head>
    <ingredients>
      <ing-div>
        <title>FOR TURKEY</title>
        <ing>
          <amt>
            <qty>6</qty>
            <unit>quarts</unit></amt>
          <item>Water</item></ing>
        <ing>
          <amt>
            <qty>2</qty>
            <unit>large</unit></amt>
          <item>Onions; quartered</item></ing>
        <ing>
          <amt>
            <qty>1</qty>
            <unit>cup</unit></amt>
          <item>Coarse salt</item></ing>
        <ing>
          <amt>
            <qty>1</qty>
            <unit>cup</unit></amt>
          <item>Chopped fresh ginger</item></ing>
        <ing>
          <amt>
            <qty>3/4</qty>
            <unit>cups</unit></amt>
          <item>(packed) golden brown sugar</item></ing>
        <ing>
          <amt>
            <qty>4</qty>
            <unit>large</unit></amt>
          <item>Bay leaves</item></ing>
        <ing>
          <amt>
            <qty>4</qty>
            <unit/></amt>
          <item>Whole star anise</item></ing>
        <ing>
          <amt>
            <qty>12</qty>
            <unit/></amt>
          <item>Whole black peppercorns; crushed</item></ing>
        <ing>
          <amt>
            <qty>1</qty>
            <unit/></amt>
          <item>13-to-14-pound turkey; giblets discarded</item></ing>
        <ing>
          <amt>
            <qty>4</qty>
            <unit>cups</unit></amt>
          <item>Hickory smoke chips; soaked in water 30 minutes, drained</item></ing>
        <ing>
          <amt>
            <qty/>
            <unit/></amt>
          <item>Disposable 9x6 1/4x1-inch aluminum broiler pans</item></ing>
        <ing>
          <amt>
            <qty>2</qty>
            <unit>large</unit></amt>
          <item>Oranges; cut into wedges</item></ing>
        <ing>
          <amt>
            <qty>1/4</qty>
            <unit>cups</unit></amt>
          <item>Olive oil</item></ing>
        <ing>
          <amt>
            <qty>2</qty>
            <unit>tablespoons</unit></amt>
          <item>Oriental sesame oil</item></ing></ing-div>
      <ing-div>
        <title>FOR GLAZE</title>
        <ing>
          <amt>
            <qty>3/4</qty>
            <unit>cups</unit></amt>
          <item>Pure maple syrup</item></ing>
        <ing>
          <amt>
            <qty>1/2</qty>
            <unit>cups</unit></amt>
          <item>Dry white wine</item></ing>
        <ing>
          <amt>
            <qty>1/3</qty>
            <unit>cups</unit></amt>
          <item>Dijon mustard</item></ing>
        <ing>
          <amt>
            <qty>2</qty>
            <unit>tablespoons</unit></amt>
          <item>(1/4 stick) butter</item></ing></ing-div></ingredients>
    <directions>
      <step>  First the turkey is soaked overnight in a brine to improve flavor and
  ensure moist meat. (Be sure to use a pot large enough to hold both the
  brine and the turkey.) The smokiness of the turkey is offset beautifully by
  the tangy, sweet glaze, which incorporates two quintessential Napa Valley
  ingredients: wine and mustard.
  
  Make turkey: Combine first 8 ingredients in very large pot. Bring mixture
  to simmer, stirring until salt and sugar dissolve. Cool brine completely.
  
  Rinse turkey inside and out. Place turkey in brine, pressing to submerge.
  Chill overnight, turning turkey twice.
  
  If using charcoal barbecue: Mound charcoal briquettes in barbecue and burn
  until light gray. Using tongs, carefully divide hot briquettes into 2
  piles, 1 pile at each side of barbecue. Sprinkle each pile with generous
  1/2 cup hickory chips. Place empty broiler pan between piles. Position
  grill at least 6 inches above briquettes. Position vents on barbecue so
  that chips smoke and briquettes burn but do not flame.
  
  If using gas or electric barbecue: Preheat barbecue with all burners on
  high. Turn off center burner and lower outside burners to medium-low heat.
  Place generous 1/2 cup hickory chips in each of 2 broiler pans. Set pans
  over 2 lit burners. Place empty broiler pan over unlit burner. Position
  grill at least 6 inches above burners.
  
  Remove turkey from brine; discard brine. Pat turkey dry with paper towels.
  Place orange wedges in main cavity. Mix olive oil and sesame oil in small
  bowl. Brush over turkey. Arrange breast side up on grill, centering above
  empty broiler pan. Cover; cook until thermometer inserted into thickest
  part of thigh registers 160°F, adding 1 cup hickory chips (and 6 briquettes
  if using charcoal barbecue) to barbecue every 30 minutes, about 3 hours.
  
  For glaze: Bring all ingredients to simmer in heavy medium saucepan.
  
  Brush glaze over turkey; cover and cook until thermometer inserted into
  thickest part of thigh registers 180°F, covering any dark areas of turkey
  with foil, about 1 hour longer. Transfer turkey to platter. Tent with foil
  and let stand 30 minutes.
  
  Serves 8.
  
  Bon Appétit November 1997
  
  Posted to recipelu-digest by Sandy &lt;sandysno@pctech.net&gt; on Mar 05, 1998
 
</step></directions></recipe></recipeml>
