<?xml version="1.0" encoding="UTF-8"?>

<recipeml version="0.5">
  <recipe>
    <head>
      <title>Barbecued Venison Kabobs</title>
      <categories>
        <cat>None</cat></categories>
      <yield>1</yield></head>
    <ingredients>
      <ing>
        <amt>
          <qty>3</qty>
          <unit>pounds</unit></amt>
        <item>Venison steak,1 1/2 inch thick; cut in cubes</item></ing>
      <ing>
        <amt>
          <qty>1</qty>
          <unit>pound</unit></amt>
        <item>Fresh mushroom caps</item></ing>
      <ing>
        <amt>
          <qty>1</qty>
          <unit>cup</unit></amt>
        <item>Dry red wine</item></ing>
      <ing>
        <amt>
          <qty>2</qty>
          <unit/></amt>
        <item>Green bell peppers, cut in 1 inch piece; parboiled</item></ing>
      <ing>
        <amt>
          <qty>18</qty>
          <unit/></amt>
        <item>Whole potatoes (egg sized), parboiled</item></ing>
      <ing>
        <amt>
          <qty>18</qty>
          <unit/></amt>
        <item>Cherry tomatoes</item></ing></ingredients>
    <directions>
      <step>  Combine meat, mushrooms &amp; wine in shallow dish. Cover &amp; marinate for 2-3
  hours in the refrigerator. Remove meat &amp; mushrooms from marinade. Alternate
  vegetables &amp; meat on skewers. Grill for 10-15 minutes over medium heat or
  until degree of doneness is reached.
  Recipe By     : The Wild Game &amp; Fish Cookbook
  
  Posted to FOODWINE Digest 28 November 96
  
  Date:    Thu, 28 Nov 1996 14:14:37 -0500
  
  From:    Randee Fried &lt;Noellekk@AOL.COM&gt;
 
</step></directions></recipe></recipeml>
