<?xml version="1.0" encoding="UTF-8"?>

<recipeml version="0.5">
  <recipe>
    <head>
      <title>Barbecued Vietnamese Five-Spice Cornish Game Hens</title>
      <categories>
        <cat>Vietnamese</cat>
        <cat>Poultry</cat></categories>
      <yield>4</yield></head>
    <ingredients>
      <ing>
        <amt>
          <qty/>
          <unit/></amt>
        <item>Stephen Ceideburg</item></ing>
      <ing>
        <amt>
          <qty>4</qty>
          <unit/></amt>
        <item>Cornish game hens (14 ounces each)</item></ing>
      <ing>
        <amt>
          <qty>4</qty>
          <unit/></amt>
        <item>Garlic cloves</item></ing>
      <ing>
        <amt>
          <qty>2</qty>
          <unit/></amt>
        <item>Shallots, or 3 green onions, white part only</item></ing>
      <ing>
        <amt>
          <qty>1 1/2</qty>
          <unit>tablespoons</unit></amt>
        <item>Sugar</item></ing>
      <ing>
        <amt>
          <qty>1/2</qty>
          <unit>teaspoons</unit></amt>
        <item>Salt</item></ing>
      <ing>
        <amt>
          <qty>1/4</qty>
          <unit>teaspoons</unit></amt>
        <item>Black pepper</item></ing>
      <ing>
        <amt>
          <qty>1/2</qty>
          <unit>teaspoons</unit></amt>
        <item>Five spice powder</item></ing>
      <ing>
        <amt>
          <qty>1 1/2</qty>
          <unit>tablespoons</unit></amt>
        <item>Vietnamese fish sauce (nouc mam)</item></ing>
      <ing>
        <amt>
          <qty>1 1/2</qty>
          <unit>tablespoons</unit></amt>
        <item>Light soy sauce</item></ing>
      <ing>
        <amt>
          <qty>1 1/2</qty>
          <unit>tablespoons</unit></amt>
        <item>Dry sherry</item></ing></ingredients>
    <directions>
      <step>  This aromatic barbecued game hen can be easily served West- ern style with
  rice, cole slaw or a green salad. [But it would be better with Thai
  cucumber salad or Vietnamese carrot salad. Mmmm... S.C.]
  
  Halve the hens through the breast. Flatten with the palm of your hand.
  
  In a mortar or food processor, pound or mince garlic, shallots and sugar.
  Add remaining ingredients and mix thoroughly. Pour mixture over hens;
  marinate for at least 2 hours or overnight in refrigerator.
  
  Set hens, skin-side down, on grill and barbecue over medium coals for 15
  minutes. Turn and barbecue 15 minutes longer or until they are thoroughly
  cooked. Serve with Nuoc Cham dipping sauce.
  
  File ftp://ftp.idiscover.co.uk/pub/food/mealmaster/recipes/mmdjaxxx.zip
 
</step></directions></recipe></recipeml>
