<?xml version="1.0" encoding="UTF-8"?>

<recipeml version="0.5">
  <recipe>
    <head>
      <title>Barbecue Meatloaf</title>
      <categories>
        <cat>Beef</cat>
        <cat>Meats</cat></categories>
      <yield>6</yield></head>
    <ingredients>
      <ing-div>
        <title/>
        <ing>
          <amt>
            <qty>2</qty>
            <unit>pounds</unit></amt>
          <item>Lean Ground Meat</item></ing>
        <ing>
          <amt>
            <qty>1 1/2</qty>
            <unit>cups</unit></amt>
          <item>Bread crumbs</item></ing>
        <ing>
          <amt>
            <qty>1</qty>
            <unit>large</unit></amt>
          <item>Onion; chopped</item></ing>
        <ing>
          <amt>
            <qty>1</qty>
            <unit>can</unit></amt>
          <item>(8 oz) Tomato Sauce</item></ing>
        <ing>
          <amt>
            <qty>1</qty>
            <unit>large</unit></amt>
          <item>Egg</item></ing>
        <ing>
          <amt>
            <qty>1</qty>
            <unit>tablespoon</unit></amt>
          <item>My Seasoning (follows)</item></ing>
        <ing>
          <amt>
            <qty>1</qty>
            <unit>medium</unit></amt>
          <item>Green Pepper; chopped</item></ing></ing-div>
      <ing-div>
        <title>SAUCE</title>
        <ing>
          <amt>
            <qty>1/2</qty>
            <unit>cups</unit></amt>
          <item>Water</item></ing>
        <ing>
          <amt>
            <qty>3</qty>
            <unit>tablespoons</unit></amt>
          <item>Vinegar</item></ing>
        <ing>
          <amt>
            <qty>3</qty>
            <unit>tablespoons</unit></amt>
          <item>Brown Sugar</item></ing>
        <ing>
          <amt>
            <qty>2</qty>
            <unit>tablespoons</unit></amt>
          <item>Prepared Mustard</item></ing>
        <ing>
          <amt>
            <qty>1 1/2</qty>
            <unit>cups</unit></amt>
          <item>Tomato sauce</item></ing>
        <ing>
          <amt>
            <qty>2</qty>
            <unit>tablespoons</unit></amt>
          <item>Butter</item></ing></ing-div></ingredients>
    <directions>
      <step>  My favorite meatloaf recipe.
  
  Combine the beef, bread crumbs, onion, 8 oz tomato sauce, egg, My
  Seasoning, and green pepper.  Mix well and place in a loaf pan.
  
  Combine all sauce ingredients.  Cook in a saucepan until butter melts. Pour
  sauce over meat loaf and bake at 350F^. for 1 hour. While baking, the sauce
  needs to be spooned over the meat occasionally.
  
  Note: Make sure you use a pan large enough for the meat and sauce, or the
  sauce will tend to boil over while it is cooking.
  
  My Seasoning: Mix 1 part garlic powder, 1 part onion powder, 1/2 part black
  pepper. Mix well before measuring and adding to the recipe.
  
     Deidre Anne Penrod, Prodigy Food &amp; Wine Board
  
  From Gemini's MASSIVE MealMaster collection at www.synapse.com/~gemini
 
</step></directions></recipe></recipeml>
