<?xml version="1.0" encoding="UTF-8"?>

<recipeml version="0.5">
  <recipe>
    <head>
      <title>Barbecued Turkey and Vegetables</title>
      <categories>
        <cat>Crockpot</cat>
        <cat>Poultry</cat></categories>
      <yield>6</yield></head>
    <ingredients>
      <ing>
        <amt>
          <qty>1</qty>
          <unit>cup</unit></amt>
        <item>Barbecue sauce</item></ing>
      <ing>
        <amt>
          <qty>1/2</qty>
          <unit>cups</unit></amt>
        <item>Hot water</item></ing>
      <ing>
        <amt>
          <qty>2</qty>
          <unit>pounds</unit></amt>
        <item>Turkey thighs; halved, (2)</item></ing>
      <ing>
        <amt>
          <qty>3</qty>
          <unit>medium</unit></amt>
        <item>Potatoes; cut in 3 pieces each</item></ing>
      <ing>
        <amt>
          <qty>6</qty>
          <unit>medium</unit></amt>
        <item>Carrots; in 2 1/2x1/2" sticks</item></ing></ingredients>
    <directions>
      <step>  In medium bowl, blend barbecue sauce with water. layer turkey, potatoes and
  carrots in electric crockpot. Pour sauce mixture over top. Cover and cook
  on Low setting at least 9 hours.
  
  Remove turke yand vegetables with slotted spoon. Place on serving platter.
  Serve cooking juice over turkey and vegetables.
  
  NOTES : Who would guess that 5 ingredients could be so tasty. A good
  quality barbecue sauce is the secret. Cooking juices can be thickened with
  flour. Add small amount of hot liquid to 2-3 Tbsps flour in measuring cup.
  Stir and add back to crockpot, on High. Cook to thicken. Per serving: 380
  calories, 9 g. fat, 14% of total calories from fat, 85 mg. cholesterol.
  Recipe by: Fast and Healthy Magazine, 'Jan. '96
  
  Posted to JEWISH-FOOD digest Volume 98 #035 by Annice Grinberg
  &lt;VSANNICE@WEIZMANN.WEIZMANN.AC.IL&gt; on Jan 20, 98
 
</step></directions></recipe></recipeml>
