<?xml version="1.0" encoding="UTF-8"?>

<recipeml version="0.5">
  <recipe>
    <head>
      <title>Barbecued Spareribs (Prep</title>
      <categories>
        <cat/></categories>
      <yield>100</yield></head>
    <ingredients>
      <ing>
        <amt>
          <qty>1</qty>
          <unit>gallon</unit></amt>
        <item>WATER TO COVER</item></ing>
      <ing>
        <amt>
          <qty>75</qty>
          <unit>pounds</unit></amt>
        <item>PORK SPARERIBS </item></ing>
      <ing>
        <amt>
          <qty>PAN:</qty>
          <unit>18</unit></amt>
        <item>BY 24-INCH ROASTING PAN               TEMPERATURE:  325 F. OVEN</item></ing></ingredients>
    <directions>
      <step>  1.  CUT RIBS INTO SERVING SIZE PORTIONS (2-4 RIBS) 10 TO 12 OUNCES RAW
  WEIGHT TOTAL. PLACE RIBS IN STEAM-JACKETED KETTLE OR STOCK POT.
  
  2.  COVER WITH WATER; BRING TO A BOIL; REDUCE HEAT; SIMMER 45 MINUTES OR
  UNTIL TENDER.
  
  3.  DRAIN RIBS; RESERVE FOR USE IN STEP 5.
  
  4.  DIP RIBS IN SAUCE TO COAT WELL. OVERLAP RIBS IN ROWS FAT SIDE UP, IN
  PANS.
  
  5.  POUR REMAINING SAUCE EVENLY OVER RIBS IN EACH PAN; COVER PANS.
  
  6.  BAKE 1 HOUR, UNCOVER PANS; BAKE 30 MINUTES LONGER.
  
  7.  SKIM OFF EXCESS FAT BEFORE SERVING.
  
  NOTE:  OTHER SIZES AND TYPES OF PANS MAY BE USED.  SEE RECIPE NO. A-25.
  
  Recipe Number: L09201
  
  SERVING SIZE: 8 OZ
  
  From the &lt;Army Master Recipe Index File&gt; (actually used today!).
  Downloaded from Glen's MM Recipe Archive, http://www.erols.com/hosey.
 
</step></directions></recipe></recipeml>
