<?xml version="1.0" encoding="UTF-8"?>

<recipeml version="0.5">
  <recipe>
    <head>
      <title>Barbecued Spareribs</title>
      <categories>
        <cat>Crockpot</cat>
        <cat>Pork</cat></categories>
      <yield>6</yield></head>
    <ingredients>
      <ing>
        <amt>
          <qty>5</qty>
          <unit>pounds</unit></amt>
        <item>Spare ribs</item></ing>
      <ing>
        <amt>
          <qty>1/2</qty>
          <unit>teaspoons</unit></amt>
        <item>Hickory smoke salt</item></ing>
      <ing>
        <amt>
          <qty>2</qty>
          <unit>tablespoons</unit></amt>
        <item>Vinegar</item></ing>
      <ing>
        <amt>
          <qty/>
          <unit/></amt>
        <item>Liquid smoke and salt</item></ing>
      <ing>
        <amt>
          <qty>1/2</qty>
          <unit>cups</unit></amt>
        <item>Catsup</item></ing>
      <ing>
        <amt>
          <qty>1/2</qty>
          <unit>cups</unit></amt>
        <item>Steak sauce</item></ing>
      <ing>
        <amt>
          <qty>1/4</qty>
          <unit>teaspoons</unit></amt>
        <item>Salt</item></ing>
      <ing>
        <amt>
          <qty>1</qty>
          <unit>teaspoon</unit></amt>
        <item>Minced onion</item></ing>
      <ing>
        <amt>
          <qty>2</qty>
          <unit>tablespoons</unit></amt>
        <item>Brown sugar</item></ing></ingredients>
    <directions>
      <step>  Place spareribs on rack in baking pan.  Brown in a 400 degree oven for 15
  minutes; turn and brown on other side for 10 ot 15 minutes. Drain fat and
  put ribs in crock pot. Combine remaining ingredients and pour over ribs.
  Cover and ccok on low 6 to 8 hours. Makes 5 to 6 servings.
  NOTES : Can also use this sauce and do in lg. pan on stove. Brown ribs or
       country ribs after salting and peppering. Slice a few onions and
       place on top. Add water (about 1/2 c.) and simmer for about 1
       hour. Then add sauce and simmer until very tender.
 
</step></directions></recipe></recipeml>
