<?xml version="1.0" encoding="UTF-8"?>

<recipeml version="0.5">
  <recipe>
    <head>
      <title>Barbecue Green Beans</title>
      <categories>
        <cat>Casseroles</cat>
        <cat>Vegetables</cat></categories>
      <yield>6</yield></head>
    <ingredients>
      <ing>
        <amt>
          <qty>2</qty>
          <unit>slices</unit></amt>
        <item>Bacon</item></ing>
      <ing>
        <amt>
          <qty>1</qty>
          <unit>small</unit></amt>
        <item>Onion; chopped</item></ing>
      <ing>
        <amt>
          <qty>1</qty>
          <unit/></amt>
        <item>Garlic clove; minced</item></ing>
      <ing>
        <amt>
          <qty>4</qty>
          <unit>cups</unit></amt>
        <item>Fresh green beans or canned and drained</item></ing>
      <ing>
        <amt>
          <qty>1</qty>
          <unit>teaspoon</unit></amt>
        <item>Seasoned salt; or to taste</item></ing>
      <ing>
        <amt>
          <qty>1/2</qty>
          <unit>teaspoons</unit></amt>
        <item>Black pepper</item></ing>
      <ing>
        <amt>
          <qty>3/4</qty>
          <unit>cups</unit></amt>
        <item>Prepared barbecue sauce</item></ing></ingredients>
    <directions>
      <step>  Cook bacon until crisp in a heavy skillet.  Drain on paper towels, crumble
  and set aside.  Saute onion and garlic in drippings.
  
  Combine beans, bacon, onions, garlic, seasonings and barbecue sauce in a
  lightly greased crockpot.  Cook on low for 6 to 8 hours or on high for 3
  1/2 to 4 1/2 hours.
  
  Yield: 6 to 8 servings for $2.60.
  
  From Carolyn Hall of Louisville, KY in Phyllis Fitzgerald's "Best Buy"
  column in "The (Louisville, KY) Courier-Journal," 07/18/90. Pp. C1 and C4.
  Typed for you by Cathy Harned.
  
  From Gemini's MASSIVE MealMaster collection at www.synapse.com/~gemini
 
</step></directions></recipe></recipeml>
