<?xml version="1.0" encoding="UTF-8"?>

<recipeml version="0.5">
  <recipe>
    <head>
      <title>Barbecue Sauce #22</title>
      <categories>
        <cat>Sauce</cat></categories>
      <yield>1</yield></head>
    <ingredients>
      <ing>
        <amt>
          <qty>1</qty>
          <unit>cup</unit></amt>
        <item>Tomato ketchup</item></ing>
      <ing>
        <amt>
          <qty>1/2</qty>
          <unit>cups</unit></amt>
        <item>Cider vinegar</item></ing>
      <ing>
        <amt>
          <qty>1</qty>
          <unit>teaspoon</unit></amt>
        <item>Sugar</item></ing>
      <ing>
        <amt>
          <qty>1</qty>
          <unit>teaspoon</unit></amt>
        <item>Chili powder</item></ing>
      <ing>
        <amt>
          <qty>1/8</qty>
          <unit>teaspoons</unit></amt>
        <item>Salt</item></ing>
      <ing>
        <amt>
          <qty>1 1/2</qty>
          <unit>cups</unit></amt>
        <item>Water</item></ing>
      <ing>
        <amt>
          <qty>3</qty>
          <unit/></amt>
        <item>Stalks celery; chopped</item></ing>
      <ing>
        <amt>
          <qty>3</qty>
          <unit/></amt>
        <item>Bay leaves</item></ing>
      <ing>
        <amt>
          <qty>1</qty>
          <unit/></amt>
        <item>Clove garlic</item></ing>
      <ing>
        <amt>
          <qty>2</qty>
          <unit>tablespoons</unit></amt>
        <item>Chopped onion</item></ing>
      <ing>
        <amt>
          <qty>4</qty>
          <unit>tablespoons</unit></amt>
        <item>Butter</item></ing>
      <ing>
        <amt>
          <qty>4</qty>
          <unit>tablespoons</unit></amt>
        <item>Worcestershire Sauce</item></ing>
      <ing>
        <amt>
          <qty>1</qty>
          <unit>teaspoon</unit></amt>
        <item>Paprika</item></ing>
      <ing>
        <amt>
          <qty>1</qty>
          <unit>dash</unit></amt>
        <item>Black pepper</item></ing></ingredients>
    <directions>
      <step>  From: bfrumker@cmnh.org (Bruce Frumker)
  
  Date: Tue, 30 Jul 1996 12:17:49 -0400
  Walter Jetton was BBQ caterer to the LBJ Ranch.  In 1965, he (along with
  Arthur Whitman) published "Walter Jetton's LBJ Barbecue Cook Book."  I have
  mentioned it a couple of times in posts, and, since the book is long out of
  print, I got several requests to post some of the recipes.  Here are some
  of my favorites, along with Jetton's comments and instructions...
  
  This is the secret of the ages I am giving you here, and I would not be
  surprised if wars have been fought over less.  Use this as a plate or table
  sauce with beef, chicken, pork or almost anything else.  Don't cook things
  in it.
  
  (about 2 1/2 cups) Combine all the ingredients and bring to a boil.  Simmer
  about 15 minutes.  Remove from the heat and strain.
  
  (note - the celery pieces that you strain out from the sauce are among the
  most delicious things I have ever tasted - really wonderful.  In fact, I
  sometimes made the sauce just to have some of the yummy celery. - Bruce)
  
  bbq-digest V2 #058
  
  From the BBQ recipe list.  Downloaded from Glen's MM Recipe Archive,
  http://www.erols.com/hosey.
 
</step></directions></recipe></recipeml>
