<?xml version="1.0" encoding="UTF-8"?>

<recipeml version="0.5">
  <recipe>
    <head>
      <title>Barbecue Chicken Pizza</title>
      <categories>
        <cat>Chicken</cat>
        <cat>Pizzas &amp; ca</cat></categories>
      <yield>4</yield></head>
    <ingredients>
      <ing>
        <amt>
          <qty>1</qty>
          <unit/></amt>
        <item>Fat-free pizza crust</item></ing>
      <ing>
        <amt>
          <qty>1</qty>
          <unit>cup</unit></amt>
        <item>Barbecue sauce</item></ing>
      <ing>
        <amt>
          <qty>1/4</qty>
          <unit>cups</unit></amt>
        <item>Red onion; sliced</item></ing>
      <ing>
        <amt>
          <qty>1/2</qty>
          <unit>pounds</unit></amt>
        <item>Fat-free chicken tenders; cooked and cubed</item></ing>
      <ing>
        <amt>
          <qty>1/2</qty>
          <unit>cups</unit></amt>
        <item>Frozen artichoke hearts; thawed and drained</item></ing>
      <ing>
        <amt>
          <qty>3/4</qty>
          <unit>cups</unit></amt>
        <item>Red bell pepper; sliced</item></ing>
      <ing>
        <amt>
          <qty>1</qty>
          <unit>cup</unit></amt>
        <item>Nonfat shredded pizza cheese</item></ing></ingredients>
    <directions>
      <step>  Prepare favorite fat-free pizza crust. Preheat oven to 450 degrees. Spread
  barbecue sauce over pizza crust. Arrange onions, chicken, artichokes, and
  bell pepper over sauce and top with cheese. Bake in preheated oven for 10
  to 15 minutes, until crust is lightly browned and cheese is melted.
  
  Makes 8 slices, serves 4 Using regular pizza crust adds 1gram of fat per
  slice.
  
  Nutrition per serving per two slices of pizza:
  
  =46at  0, Calories 210, Carbohydrate 36 grams, Cholesterol 18 milligrams,
  Dietary Fiber 1 gram, Protein 14 grams, Sodium 812 milligrams.
  
  Exchanges: 2-1/3 starch, 1 meat
  
  &gt;From: Danie &lt;danie@cheerful.com&gt;
  
  Recipe by: Fat Free Living, Jyl Steinback
  
  Posted to EAT-LF Digest by "Ellen C." &lt;ellen@elekta.com&gt; on Feb 7, 1998
 
</step></directions></recipe></recipeml>
