<?xml version="1.0" encoding="UTF-8"?>

<recipeml version="0.5">
  <recipe>
    <head>
      <title>Barbecue Meats</title>
      <categories>
        <cat>Crockpot</cat></categories>
      <yield>6</yield></head>
    <ingredients>
      <ing>
        <amt>
          <qty>1</qty>
          <unit/></amt>
        <item>Chicken, ham, chops etc..</item></ing>
      <ing>
        <amt>
          <qty>1</qty>
          <unit/></amt>
        <item>Bbq sauce</item></ing></ingredients>
    <directions>
      <step>  (. . . with a saucy ending!)
  
  Place seasoned and cut-up chicken,  ham,  pork chops, or rabbit in
  CROCK-POT. Pour a little barbecue sauce on each piece. Add no water. Cover
  and cook until done-about 8 hours on Low. NOTE: For added flavor, put
  cooked  meat  on  heat-proof platter; pour remaining sauce and drippings
  over top. Place under broiler for 5 to 10 minutes. From Rival Crock-pot
  cook book, date unknown
  
  From Gemini's MASSIVE MealMaster collection at www.synapse.com/~gemini
 
</step></directions></recipe></recipeml>
