<?xml version="1.0" encoding="UTF-8"?>

<recipeml version="0.5">
  <recipe>
    <head>
      <title>Barbecued Spareribs</title>
      <categories>
        <cat>Main dish</cat>
        <cat>Meats</cat>
        <cat>Quick &amp; eas</cat></categories>
      <yield>1</yield></head>
    <ingredients>
      <ing>
        <amt>
          <qty>2</qty>
          <unit>kilograms</unit></amt>
        <item>Spareribs</item></ing>
      <ing>
        <amt>
          <qty>1</qty>
          <unit>cup</unit></amt>
        <item>Onions; sliced</item></ing>
      <ing>
        <amt>
          <qty>1</qty>
          <unit>cup</unit></amt>
        <item>Ketchup</item></ing>
      <ing>
        <amt>
          <qty>1</qty>
          <unit>cup</unit></amt>
        <item>Water</item></ing>
      <ing>
        <amt>
          <qty>2</qty>
          <unit>teaspoons</unit></amt>
        <item>Salt</item></ing>
      <ing>
        <amt>
          <qty>2</qty>
          <unit>tablespoons</unit></amt>
        <item>Worcestershire sauce</item></ing>
      <ing>
        <amt>
          <qty>1/4</qty>
          <unit>cups</unit></amt>
        <item>Vinegar</item></ing>
      <ing>
        <amt>
          <qty>1/4</qty>
          <unit>cups</unit></amt>
        <item>Brown sugar</item></ing>
      <ing>
        <amt>
          <qty>2</qty>
          <unit>teaspoons</unit></amt>
        <item>Dry mustard</item></ing>
      <ing>
        <amt>
          <qty>1</qty>
          <unit>teaspoon</unit></amt>
        <item>Paprika</item></ing></ingredients>
    <directions>
      <step>  1.  Cut ribs into serving pieces and brown in large baking pan on stove.
  
  2.  Combine all remaining ingredients, and pour over ribs.  Cover and bake
  at 350F for 1 hour and 45 mins, spooning sauce over ribs occasionally. Bake
  uncovered 15 mins extra.
  
  Contributor:  Mom's old recipe
  
  Posted to recipelu-digest Volume 01 Number 567 by Cathleen
  &lt;catht@interlog.com&gt; on Jan 20, 1998
 
</step></directions></recipe></recipeml>
