<?xml version="1.0" encoding="UTF-8"?>

<recipeml version="0.5">
  <recipe>
    <head>
      <title>Barbecued Spareribs with Apple Glaze</title>
      <categories>
        <cat>Meat</cat></categories>
      <yield>12</yield></head>
    <ingredients>
      <ing-div>
        <title/>
        <ing>
          <amt>
            <qty>9</qty>
            <unit>pounds</unit></amt>
          <item>Pork spareribs</item></ing>
        <ing>
          <amt>
            <qty/>
            <unit/></amt>
          <item>Splash of brandy</item></ing>
        <ing>
          <amt>
            <qty>4</qty>
            <unit/></amt>
          <item>Cloves garlic; minced</item></ing>
        <ing>
          <amt>
            <qty>2</qty>
            <unit>tablespoons</unit></amt>
          <item>Minced fresh marjoram (note)</item></ing>
        <ing>
          <amt>
            <qty>1</qty>
            <unit>tablespoon</unit></amt>
          <item>Dry mustard (note)</item></ing>
        <ing>
          <amt>
            <qty>1/2</qty>
            <unit>teaspoons</unit></amt>
          <item>Salt</item></ing>
        <ing>
          <amt>
            <qty>1/4</qty>
            <unit>teaspoons</unit></amt>
          <item>Pepper</item></ing></ing-div>
      <ing-div>
        <title>GLAZE</title>
        <ing>
          <amt>
            <qty>500</qty>
            <unit>mililiters</unit></amt>
          <item>Apple butter</item></ing>
        <ing>
          <amt>
            <qty>1/2</qty>
            <unit>cups</unit></amt>
          <item>Water</item></ing>
        <ing>
          <amt>
            <qty>1/4</qty>
            <unit>cups</unit></amt>
          <item>Cider vinegar</item></ing>
        <ing>
          <amt>
            <qty>1</qty>
            <unit>tablespoon</unit></amt>
          <item>Dijon mustard (note)</item></ing>
        <ing>
          <amt>
            <qty>1</qty>
            <unit>tablespoon</unit></amt>
          <item>Horseradish (note)</item></ing>
        <ing>
          <amt>
            <qty>1</qty>
            <unit>tablespoon</unit></amt>
          <item>Packed brown sugar</item></ing>
        <ing>
          <amt>
            <qty>1/4</qty>
            <unit>teaspoons</unit></amt>
          <item>Cayenne</item></ing></ing-div></ingredients>
    <directions>
      <step>  Date: Wed, 3 Apr 1996 00:21:31 -0800
  
  From: Joyce Verkerk &lt;joycverk@mars.ark.com&gt;
  NOTE: If an extra mild flavour is preferred, revise the quantity of these
  ingredients into teaspoons.
  
  Place spareribs in large pot, cover with water, add splash of brandy (or
  other liquor) and bring to a boil. Reduce heat, cover, simmer 45 to 60
  minutes - until tender; drain well and cool slightly.
  
  Combine garlic, marjoram, prepared mustard, salt, pepper and rub over ribs.
  Arrange on platter, cover and let marinate in refrigerator up to 24 hours.
  
  Bring all glaze ingredients to a boil. Reduce heat and simmer gently ,
  stirring often, for 15 minutes, let cool. Refrigerate until ready to cook.
  
  Let ribs and glaze stand at room temperature a half hour before cooking.
  Place ribs on greased grill over low heat; cook until crisp, turning every
  10 to 15 minutes and brushing with glaze during the last 15 minutes; 30-45
  minutes in all.
  
  Or brush ribs with glaze and bake in medium oven, basting occasionally
  until they begin to crisp around the edges.
  
  Adapted from Canadian Living's Best Barbecue
  
  MM-RECIPES@IDISCOVER.NET
  
  MEAL-MASTER RECIPES LIST SERVER
  
  MM-RECIPES DIGEST V3 #94
  
  From the MealMaster recipe list.  Downloaded from Glen's MM Recipe Archive,
  http://www.erols.com/hosey.
 
</step></directions></recipe></recipeml>
