<?xml version="1.0" encoding="UTF-8"?>

<recipeml version="0.5">
  <recipe>
    <head>
      <title>Barbecue Sauce</title>
      <categories>
        <cat/></categories>
      <yield>100</yield></head>
    <ingredients>
      <ing>
        <amt>
          <qty>1 3/4</qty>
          <unit>quarts</unit></amt>
        <item>WATER</item></ing>
      <ing>
        <amt>
          <qty>3 3/8</qty>
          <unit>pounds</unit></amt>
        <item>TOMATO PASTE #2 1/2</item></ing>
      <ing>
        <amt>
          <qty>5 1/3</qty>
          <unit>tablespoons</unit></amt>
        <item>GARLIC DEHY GRA</item></ing>
      <ing>
        <amt>
          <qty>3</qty>
          <unit>cups</unit></amt>
        <item>CELERY FRESH</item></ing>
      <ing>
        <amt>
          <qty>1</qty>
          <unit>pound</unit></amt>
        <item>ONIONS DRY</item></ing>
      <ing>
        <amt>
          <qty>1 1/2</qty>
          <unit>pounds</unit></amt>
        <item>SUGAR; BROWN, 2 LB</item></ing>
      <ing>
        <amt>
          <qty>4 1/4</qty>
          <unit>pounds</unit></amt>
        <item>CATSUP TOMATO#10</item></ing>
      <ing>
        <amt>
          <qty>1</qty>
          <unit>tablespoon</unit></amt>
        <item>PEPPER RED GROUND</item></ing>
      <ing>
        <amt>
          <qty>1</qty>
          <unit>tablespoon</unit></amt>
        <item>CHILI POWDER</item></ing>
      <ing>
        <amt>
          <qty>1</qty>
          <unit>cup</unit></amt>
        <item>MUSTARD PREP. 1 LB JAR</item></ing>
      <ing>
        <amt>
          <qty>2 1/2</qty>
          <unit>cups</unit></amt>
        <item>VINEGAR CIDER</item></ing>
      <ing>
        <amt>
          <qty>3</qty>
          <unit>tablespoons</unit></amt>
        <item>SALT TABLE 5LB</item></ing></ingredients>
    <directions>
      <step>  1.  COMBINE VINEGAR, TOMATO PASTE, CATSUP, WATER, SUGAR, SALT, MUSTARD, RED
  PEPPER, ONIONS, CELERY, GARLIC, CHILI POWDER, AND LIQUID SMOKE.
  
  2.  BRING TO A BOIL; REDUCE HEAT; SIMMER 40 MINUTES OR UNTIL SAUCE IS
  BLENDED.
  :
  **ALL NOTES ARE PER 100 PORTIONS.
  
  NOTE:  1.  FOR MILDER SAUCE, USE 2 TSP RED PEPPER IN STEP 1.
  
  NOTE:  2.  IN STEP 1, 1 1/2-36 OZ CN CANNED TOMATO JUICE CONCENTRATE MAY BE
  USED.
  
  NOTE:  3.  IN STEP 1, 1 LB 2 OZ DRY ONIONS A.P. WILL YIELD 1 LB FINELY
  CHOPPED ONIONS AND 1 LB 6 OZ FRESH CELERY A.P. WILL YIELD 1 LB FINELY
  CHOPPED CELERY.
  
  NOTE:  4.  IN STEP 1, 2 OZ (2/3 CUP) DEHYDRATED ONIONS MAY BE USED. SEE
  RECIPE NO. A01100.
  
  NOTE:  5.  BARBECUE SAUCE MIX MAY BE USED FOR ALL INGREDIENTS. PREPARE
  ACCORDING TO INSTRUCTIONS ON CONTAINER.
  
  NOTE:  6.  THIS SAUCE MAY BE USED TO BASTE MEAT OR CHICKEN DURING COOKING.
  
  Recipe Number: O00200
  
  SERVING SIZE: 1/4 CUP (2
  
  From the &lt;Army Master Recipe Index File&gt; (actually used today!).
  Downloaded from Glen's MM Recipe Archive, http://www.erols.com/hosey.
 
</step></directions></recipe></recipeml>
