<?xml version="1.0" encoding="UTF-8"?>

<recipeml version="0.5">
  <recipe>
    <head>
      <title>Barbecued Spareribs</title>
      <categories>
        <cat>Crockpot</cat>
        <cat>Meats</cat></categories>
      <yield>5</yield></head>
    <ingredients>
      <ing>
        <amt>
          <qty>4 1/2</qty>
          <unit>pounds</unit></amt>
        <item>Spareribs; cut into two-ribs</item></ing>
      <ing>
        <amt>
          <qty>1/2</qty>
          <unit>cups</unit></amt>
        <item>Catsup</item></ing>
      <ing>
        <amt>
          <qty>2</qty>
          <unit>tablespoons</unit></amt>
        <item>Brown sugar</item></ing>
      <ing>
        <amt>
          <qty>1/2</qty>
          <unit>cups</unit></amt>
        <item>Bottled steak sauce</item></ing>
      <ing>
        <amt>
          <qty>2</qty>
          <unit>tablespoons</unit></amt>
        <item>Vinegar</item></ing>
      <ing>
        <amt>
          <qty>1/4</qty>
          <unit>teaspoons</unit></amt>
        <item>Salt</item></ing>
      <ing>
        <amt>
          <qty>1/2</qty>
          <unit>teaspoons</unit></amt>
        <item>Hickory smoke salt</item></ing>
      <ing>
        <amt>
          <qty>1</qty>
          <unit>teaspoon</unit></amt>
        <item>Minced onions</item></ing></ingredients>
    <directions>
      <step>  Place spareribs on rack in baking pan. brown in 400 F oven for 15 minutes;
  turn and brown on other side for 10 or 15 mintues. Drain fat and put ribs
  in slow-cooking pot. Combine remaining ingredients; pour over ribs. Cover
  and cook on low 6 to 8 hours.
  Posted to recipelu-digest Volume 01 Number 264 by James and Susan Kirkland
  &lt;kirkland@gj.net&gt; on Nov 17, 1997
 
</step></directions></recipe></recipeml>
