<?xml version="1.0" encoding="UTF-8"?>

<recipeml version="0.5">
  <recipe>
    <head>
      <title>Barbecue Beef Sandwich</title>
      <categories>
        <cat>Main dish</cat>
        <cat>Sandwich</cat>
        <cat>Meats</cat></categories>
      <yield>2</yield></head>
    <ingredients>
      <ing>
        <amt>
          <qty>1/2</qty>
          <unit>pounds</unit></amt>
        <item>Regular ground beef</item></ing>
      <ing>
        <amt>
          <qty>1/3</qty>
          <unit>cups</unit></amt>
        <item>Tomato puree</item></ing>
      <ing>
        <amt>
          <qty>1/4</qty>
          <unit>cups</unit></amt>
        <item>Onion, chopped</item></ing>
      <ing>
        <amt>
          <qty>2</qty>
          <unit>tablespoons</unit></amt>
        <item>Vinegar</item></ing>
      <ing>
        <amt>
          <qty>2</qty>
          <unit>teaspoons</unit></amt>
        <item>Sugar</item></ing>
      <ing>
        <amt>
          <qty>1/4</qty>
          <unit>teaspoons</unit></amt>
        <item>Dry mustard</item></ing>
      <ing>
        <amt>
          <qty>1</qty>
          <unit>dash</unit></amt>
        <item>Pepper</item></ing>
      <ing>
        <amt>
          <qty>2</qty>
          <unit/></amt>
        <item>Hamburger rolls</item></ing></ingredients>
    <directions>
      <step>  2 sandwiches 406 calories per sandwich
  
  1. Cook beef until lightly browned. Drain fat.
  
  2. Mix in remaining ingredients except hamburger rolls.
  
  3. Cover and cook over low heat for 20 minutes to blend flavors. Stir
  occasionally.
  
  4. Spoon mixture onto bottom halves of rolls (about 1/2 cup per sandwich).
  Cover with top halves.
  
  * Thrifty Meals for Two: Making Food Dollars Count * USDA Home and Garden
  Bulletin Number 244 * Meal-Master format courtesy of Karen Mintzias
  
  From Gemini's MASSIVE MealMaster collection at www.synapse.com/~gemini
 
</step></directions></recipe></recipeml>
