<?xml version="1.0" encoding="UTF-8"?>

<recipeml version="0.5">
  <recipe>
    <head>
      <title>Barbecue Sauce #18</title>
      <categories>
        <cat>Sauce</cat></categories>
      <yield>1</yield></head>
    <ingredients>
      <ing-div>
        <title/>
        <ing>
          <amt>
            <qty>1</qty>
            <unit/></amt>
          <item>Stick butter</item></ing>
        <ing>
          <amt>
            <qty>1</qty>
            <unit>cup</unit></amt>
          <item>Worchestshire sauce</item></ing>
        <ing>
          <amt>
            <qty>1</qty>
            <unit>cup</unit></amt>
          <item>Catsup; or more</item></ing>
        <ing>
          <amt>
            <qty>1/4</qty>
            <unit>cups</unit></amt>
          <item>Honey; molasses, or maple syrup (up to)</item></ing>
        <ing>
          <amt>
            <qty>2</qty>
            <unit>teaspoons</unit></amt>
          <item>Black pepper</item></ing>
        <ing>
          <amt>
            <qty>1</qty>
            <unit>tablespoon</unit></amt>
          <item>Dried oregano</item></ing>
        <ing>
          <amt>
            <qty>1</qty>
            <unit>tablespoon</unit></amt>
          <item>Dried tarragon</item></ing></ing-div>
      <ing-div>
        <title>OPTIONS</title>
        <ing>
          <amt>
            <qty>1</qty>
            <unit/></amt>
          <item>Lemon or orange; juice of</item></ing>
        <ing>
          <amt>
            <qty>2</qty>
            <unit/></amt>
          <item>Cloves garlic; pressed</item></ing>
        <ing>
          <amt>
            <qty>1</qty>
            <unit>small</unit></amt>
          <item>Onion; finely chopped</item></ing>
        <ing>
          <amt>
            <qty>1</qty>
            <unit>teaspoon</unit></amt>
          <item>Other spices: cinnamon; cayenne pepper; or paprika</item></ing></ing-div></ingredients>
    <directions>
      <step>   Note: All measurements are approximate.  Add enough of each ingredient to
  make the sauce "look right."
  
   Melt the butter in a large saucepan or in the microwave using a large
  glass bowl or jar (such as a pickle or mayo jar). Add in about an equal
  amount of worchestshire sauce. Mix well. Add enough catsup to thicken the
  sauce; mix vigorously. Add the rest of the ingredients, tasting often. Add
  additional spice. The sauce should taste fairly pungent, as it will mellow
  in flavor during barbequing.
  
   Good combinations:
  
      a. hamburgers--maple syrup and cinnamon
  
      b. chicken--lemon juice, honey, oregano or thyme, garlic
  
      c. ribs--molasses, orange juice, herbs
  
   This sauce can be used before, during, and after barbequing.
  
  MJFST19@VMS.CIS.PITT.EDU (MARNI)
  
  REC.FOOD.RECIPES
  
  From rec.food.cooking archives.  Downloaded from Glen's MM Recipe Archive,
  http://www.erols.com/hosey.
 
</step></directions></recipe></recipeml>
