<?xml version="1.0" encoding="UTF-8"?>

<recipeml version="0.5">
  <recipe>
    <head>
      <title>Barbecued Spareribs #2</title>
      <categories>
        <cat>Meat</cat></categories>
      <yield>6</yield></head>
    <ingredients>
      <ing-div>
        <title/>
        <ing>
          <amt>
            <qty>4</qty>
            <unit>pounds</unit></amt>
          <item>Pork spareribs</item></ing>
        <ing>
          <amt>
            <qty/>
            <unit>slices</unit></amt>
          <item>Lemon; thin</item></ing>
        <ing>
          <amt>
            <qty/>
            <unit/></amt>
          <item>Grated or sliced onion</item></ing></ing-div>
      <ing-div>
        <title>SAUCE</title>
        <ing>
          <amt>
            <qty>1</qty>
            <unit>teaspoon</unit></amt>
          <item>Salt</item></ing>
        <ing>
          <amt>
            <qty>1</qty>
            <unit>teaspoon</unit></amt>
          <item>Chili powder</item></ing>
        <ing>
          <amt>
            <qty>1</qty>
            <unit>teaspoon</unit></amt>
          <item>Celery seed</item></ing>
        <ing>
          <amt>
            <qty>1/4</qty>
            <unit>cups</unit></amt>
          <item>Brown sugar</item></ing>
        <ing>
          <amt>
            <qty>1</qty>
            <unit>cup</unit></amt>
          <item>Tomato ketchup</item></ing>
        <ing>
          <amt>
            <qty>1/2</qty>
            <unit>cups</unit></amt>
          <item>Vinegar</item></ing>
        <ing>
          <amt>
            <qty>2</qty>
            <unit>cups</unit></amt>
          <item>Water</item></ing>
        <ing>
          <amt>
            <qty>1/4</qty>
            <unit>cups</unit></amt>
          <item>Worcestershire sauce</item></ing></ing-div></ingredients>
    <directions>
      <step>  Fill flat baking pan with spareribs, fat side up. Place thin slice of lemon
  on each rib. Cover all with grated or sliced onion. Bake at 450 for 45
  minutes. Mix all sauce ingredients in saucepan &amp; bring to a boil. Pour over
  browned meat. Reduce oven to 350. Cover pan with foil &amp; bake for 1 hour.
  Remove foil; bake for 30 minutes. Serves 6.
  
  From the &lt;The Bliss of Cooking Returns&gt;, Fort Bliss Officers Wives Club,
  Ft. Bliss, TX.  Downloaded from Glen's MM Recipe Archive,
  http://www.erols.com/hosey.
 
</step></directions></recipe></recipeml>
