<?xml version="1.0" encoding="UTF-8"?>

<recipeml version="0.5">
  <recipe>
    <head>
      <title>Barbecued Spareribs</title>
      <categories>
        <cat/></categories>
      <yield>100</yield></head>
    <ingredients>
      <ing>
        <amt>
          <qty>1</qty>
          <unit>gallon</unit></amt>
        <item>WATER TO COVER</item></ing>
      <ing>
        <amt>
          <qty>75</qty>
          <unit>pounds</unit></amt>
        <item>PORK SPARERIBS</item></ing>
      <ing>
        <amt>
          <qty>3</qty>
          <unit>tablespoons</unit></amt>
        <item>PEPPER BLACK 1 LB CN</item></ing>
      <ing>
        <amt>
          <qty>5 1/4</qty>
          <unit>quarts</unit></amt>
        <item>CATSUP TOMATO#10</item></ing>
      <ing>
        <amt>
          <qty>3 3/4</qty>
          <unit>cups</unit></amt>
        <item>CHILI SAUCE</item></ing>
      <ing>
        <amt>
          <qty>1</qty>
          <unit>tablespoon</unit></amt>
        <item>PEPPER RED GROUND</item></ing>
      <ing>
        <amt>
          <qty>1 3/4</qty>
          <unit>cups</unit></amt>
        <item>WORCESTERSHIRE SAUCE</item></ing>
      <ing>
        <amt>
          <qty>3/4</qty>
          <unit>cups</unit></amt>
        <item>MUSTARD PREP. 1 LB JAR</item></ing>
      <ing>
        <amt>
          <qty>2 1/2</qty>
          <unit>cups</unit></amt>
        <item>VINEGAR CIDER</item></ing>
      <ing>
        <amt>
          <qty>3</qty>
          <unit>tablespoons</unit></amt>
        <item>SALT TABLE 5LB</item></ing>
      <ing>
        <amt>
          <qty>PAN:</qty>
          <unit>18</unit></amt>
        <item>BY 24-INCH ROASTING PAN              TEMPERATURE:  325 F. OVEN</item></ing></ingredients>
    <directions>
      <step>  1.  CUT RIBS INTO SERVING SIZE PORTIONS, (2-4 RIBS) 10-12 OUNCES RAW
  WEIGHT.
  PLACE RIBS IN STEAM JACKETED KETTLE OR STOCK POT.
  
  2.  COVER WITH WATER; BRING TO A BOIL; REDUCE HEAT; SIMMER 45 MINUTES OR
  UNTIL TENDER.
  
  3.  DRAIN RIBS; RESERVE FOR USE IN STEP 5.
  
  4.  COMBINE CHILI SAUCE, CATSUP, WORCESTERSHIRE SAUCE, MUSTARD, VINEGAR,
  SALT AND BLACK AND RED PEPPER; BRING TO A BOIL; REDUCE HEAT; SIMMER 5
  MINUTES
  
  5.  DIP RIBS IN SAUCE TO COAT WELL.  OVERLAP RIBS IN ROWS FAT SIDE UP, IN
  PANS.
  
  6.  POUR REMAINING SAUCE EVENLY OVER RIBS IN EACH PAN; COVER PANS.
  
  7.  BAKE 1 HOUR, UNCOVER PANS, BAKE 30 MINUTES LONGER.
  
  8.  SKIM OFF EXCESS FAT BEFORE SERVING.
  
  NOTE:  1.  IN STEP 4, BARBECUE SAUCE MIX MAY BE USED FOR ALL INGREDIENTS.
  PREPARE 7 1/2 QT SAUCE ACCORDING TO INSTRUCTIONS ON CONTAINER.
  
  NOTE:  2.  OTHER SIZES AND TYPES OF PANS MAY BE USED.  SEE RECIPE NO. A-25.
  
  Recipe Number: L09200
  
  SERVING SIZE: 8 OZ
  
  From the &lt;Army Master Recipe Index File&gt; (actually used today!).
  Downloaded from Glen's MM Recipe Archive, http://www.erols.com/hosey.
 
</step></directions></recipe></recipeml>
