<?xml version="1.0" encoding="UTF-8"?>

<recipeml version="0.5">
  <recipe>
    <head>
      <title>Barbecued Swordfish with Black Olive-Cucumber Salad</title>
      <categories>
        <cat>New</cat>
        <cat>Text</cat>
        <cat>Import</cat></categories>
      <yield>1</yield></head>
    <ingredients>
      <ing>
        <amt>
          <qty>4</qty>
          <unit/></amt>
        <item>6-ounce swordfish fillets (steaks),; about 1-inch thick</item></ing>
      <ing>
        <amt>
          <qty>4</qty>
          <unit>ounces</unit></amt>
        <item>Basic tomato sauce; (see separate recipe)</item></ing>
      <ing>
        <amt>
          <qty>2</qty>
          <unit>tablespoons</unit></amt>
        <item>Sugar</item></ing>
      <ing>
        <amt>
          <qty>2</qty>
          <unit>tablespoons</unit></amt>
        <item>Balsamic vinegar</item></ing>
      <ing>
        <amt>
          <qty>1</qty>
          <unit>tablespoon</unit></amt>
        <item>Hot chili flakes</item></ing>
      <ing>
        <amt>
          <qty>1</qty>
          <unit>cup</unit></amt>
        <item>Black olives such as Gaeta</item></ing>
      <ing>
        <amt>
          <qty>1</qty>
          <unit>pound</unit></amt>
        <item>English cucumbers (1 long one),; sliced</item></ing>
      <ing>
        <amt>
          <qty>2</qty>
          <unit/></amt>
        <item>Plum tomatoes,; stem removed</item></ing>
      <ing>
        <amt>
          <qty>2</qty>
          <unit>tablespoons</unit></amt>
        <item>Plus 1/2 cup extra virgin olive oil</item></ing>
      <ing>
        <amt>
          <qty>1</qty>
          <unit>tablespoon</unit></amt>
        <item>Plus 6 tablespoons red wine vinegar</item></ing>
      <ing>
        <amt>
          <qty>2</qty>
          <unit>tablespoons</unit></amt>
        <item>Fresh oregano leaves</item></ing>
      <ing>
        <amt>
          <qty>3</qty>
          <unit>tablespoons</unit></amt>
        <item>Dijon mustard</item></ing>
      <ing>
        <amt>
          <qty>1/4</qty>
          <unit>cups</unit></amt>
        <item>Chopped chives</item></ing>
      <ing>
        <amt>
          <qty/>
          <unit/></amt>
        <item>Salt and pepper to taste</item></ing></ingredients>
    <directions>
      <step>  Preheat barbecue with good hot fire. Rinse and pat dry swordfish.
  
  In a small mixing bowl, mix tomato sauce, sugar, balsamic, chilis and let
  stand. Into another mixing bowl, add Gaeta olives and cucumber. Cube plum
  tomatoes into 1/8-inch cubes and add to cucumber mixture. Add 2 tablespoons
  extra virgin oil, 1 tablespoon red wine vinegar and 2 tablespoons oregano
  leaves and mix well. Do not season until ready to serve or vegetables will
  wilt.
  
  In a blender, mix Dijon mustard, 1/2 cup extra virgin olive oil and 6
  tablespoons red wine vinegar until smooth. Remove and stir in chopped
  chives and set aside. Brush swordfish steaks with barbecue sauce and season
  with salt and pepper. Cook 3 minutes on first side and flip over. Spoon 1
  ounce barbecue sauce over each steak and finish cooking without turning
  about 4 more minutes. Meanwhile, divide cucumber salad among 4 plates. When
  swordfish is finished, lean one steak on each plate over salad. Drizzle
  with chive sauce and serve.
  
  Yield: 4 servings
  Recipe By     :MOLTO MARIO SHOW #MB5680
  
  Posted to MC-Recipe Digest V1 #266
  
  Date: Mon, 28 Oct 1996 22:13:41 -0500
  
  From: Meg Antczak &lt;meginny@frontiernet.net&gt;
 
</step></directions></recipe></recipeml>
