<?xml version="1.0" encoding="UTF-8"?>

<recipeml version="0.5">
  <recipe>
    <head>
      <title>Barbecue French Bread Pizza</title>
      <categories>
        <cat>Meat</cat></categories>
      <yield>6</yield></head>
    <ingredients>
      <ing>
        <amt>
          <qty>1</qty>
          <unit/></amt>
        <item>16-oz loaf French bread</item></ing>
      <ing>
        <amt>
          <qty>2</qty>
          <unit>tablespoons</unit></amt>
        <item>Olive oil or oil</item></ing>
      <ing>
        <amt>
          <qty>1</qty>
          <unit/></amt>
        <item>Clove garlic; minced</item></ing>
      <ing>
        <amt>
          <qty>2</qty>
          <unit>cups</unit></amt>
        <item>Thinly sliced cooked pork; about 10 oz</item></ing>
      <ing>
        <amt>
          <qty>1</qty>
          <unit>medium</unit></amt>
        <item>Onion; thinly sliced, separated into rings</item></ing>
      <ing>
        <amt>
          <qty>3/4</qty>
          <unit>cups</unit></amt>
        <item>Barbecue sauce</item></ing>
      <ing>
        <amt>
          <qty>1 1/2</qty>
          <unit>cups</unit></amt>
        <item>Shredded Muenster cheese; about 6 oz</item></ing></ingredients>
    <directions>
      <step>   Heat oven to 375 degrees. Cut bread in half lenthwise. Place, cut side up,
  on ungreased cookie sheet. In small bowl, combine oil and garlic. Brush on
  cut surface of bread halves.
  
   In medium saucepan, combine pork, onion and barbecue sauce. Cook 5-8
  minutes or until mixture is hot and onion is tender, stirring frequently.
  Spoon pork mixture evenly onto each bread half; top with cheese.
  
   Bake at 375 for 15-20 minutes or until cheese is melted.
  
  CALORIES: 470     SODIUM: 920MG
  
  CHOLESTEROL: 65MG    FAT: 20G
  
  CARBOHYDRATE: 45G    SAT:  8G
  
  From &lt;Meals In Minutes&gt;, a Pillsbury Classic Cookbook.  Downloaded from
  Glen's MM Recipe Archive, http://www.erols.com/hosey.
 
</step></directions></recipe></recipeml>
