<?xml version="1.0" encoding="UTF-8"?>

<recipeml version="0.5">
  <recipe>
    <head>
      <title>Barbecue Baked Beans</title>
      <categories>
        <cat>Beans</cat>
        <cat>And</cat>
        <cat>Legumes</cat></categories>
      <yield>1</yield></head>
    <ingredients>
      <ing>
        <amt>
          <qty>3</qty>
          <unit>teaspoons</unit></amt>
        <item>Canola Oil</item></ing>
      <ing>
        <amt>
          <qty>2</qty>
          <unit>cans</unit></amt>
        <item>Pinto Beans; Rinsed And Drained</item></ing>
      <ing>
        <amt>
          <qty>2</qty>
          <unit>medium</unit></amt>
        <item>Onions; Chopped</item></ing>
      <ing>
        <amt>
          <qty>1</qty>
          <unit>medium</unit></amt>
        <item>Onion; Sliced</item></ing>
      <ing>
        <amt>
          <qty>2</qty>
          <unit>large</unit></amt>
        <item>Green Peppers; Diced</item></ing>
      <ing>
        <amt>
          <qty>4</qty>
          <unit/></amt>
        <item>Cloves Garlic; Minced</item></ing>
      <ing>
        <amt>
          <qty>3</qty>
          <unit>tablespoons</unit></amt>
        <item>Prepared Mustard</item></ing>
      <ing>
        <amt>
          <qty>2</qty>
          <unit>tablespoons</unit></amt>
        <item>Chili Powder</item></ing>
      <ing>
        <amt>
          <qty>1 1/2</qty>
          <unit>teaspoons</unit></amt>
        <item>Salt; Or To Taste</item></ing>
      <ing>
        <amt>
          <qty>8</qty>
          <unit>ounces</unit></amt>
        <item>Tomato Sauce</item></ing>
      <ing>
        <amt>
          <qty>1/4</qty>
          <unit>cups</unit></amt>
        <item>Chili Sauce</item></ing>
      <ing>
        <amt>
          <qty>1/2</qty>
          <unit>cups</unit></amt>
        <item>Cider Vinegar</item></ing>
      <ing>
        <amt>
          <qty>1/4</qty>
          <unit>cups</unit></amt>
        <item>Brown Sugar</item></ing>
      <ing>
        <amt>
          <qty>1/2</qty>
          <unit>teaspoons</unit></amt>
        <item>Hot Sauce; Or To Taste</item></ing>
      <ing>
        <amt>
          <qty>2</qty>
          <unit>cups</unit></amt>
        <item>Vegetable Broth</item></ing></ingredients>
    <directions>
      <step>  Preheat oven to 350F. Heat 2 teaspoons of oil in a skillet. Saute chopped
  onion, garlic and green pappers until onions are lightlybrowned, about 10
  minutes. Add all the other ingredients. Lightly oil roasting pan using
  remaining teaspoon of oil. Add mixture. Top with sliced onions. Bake one
  hour uncovered. The beans should look nice and brown.
  
  Recipe by: Susan Powter "Low-fat high-energy Living" Posted to MC-Recipe
  Digest V1 #768 by Peg Baldassari &lt;Baldassari@compuserve.com&gt; on Aug 31,
  1997
 
</step></directions></recipe></recipeml>
