<?xml version="1.0" encoding="UTF-8"?>

<recipeml version="0.5">
  <recipe>
    <head>
      <title>Barbecued Squid with Hot Dipping Sauce (Squid Sate)</title>
      <categories>
        <cat>Vietnamese</cat>
        <cat>Seafood</cat>
        <cat>Ceideburg 2</cat></categories>
      <yield>4</yield></head>
    <ingredients>
      <ing>
        <amt>
          <qty>2</qty>
          <unit>pounds</unit></amt>
        <item>Squid, cut into rings</item></ing>
      <ing>
        <amt>
          <qty>1</qty>
          <unit>cup</unit></amt>
        <item>Coconut milk</item></ing>
      <ing>
        <amt>
          <qty>2</qty>
          <unit/></amt>
        <item>Cloves garlic, chopped</item></ing>
      <ing>
        <amt>
          <qty>6</qty>
          <unit>tablespoons</unit></amt>
        <item>Fish sauce</item></ing>
      <ing>
        <amt>
          <qty>3</qty>
          <unit>tablespoons</unit></amt>
        <item>Peanuts, finely chopped</item></ing>
      <ing>
        <amt>
          <qty/>
          <unit/></amt>
        <item>Juice of 1 lime</item></ing>
      <ing>
        <amt>
          <qty/>
          <unit/></amt>
        <item>Cayenne to taste</item></ing>
      <ing>
        <amt>
          <qty>1</qty>
          <unit>teaspoon</unit></amt>
        <item>Sugar</item></ing></ingredients>
    <directions>
      <step>  No country of origin, but I'm betting on Vietnam this time, mainly
  from the dip.
  
  Coconut milk is easily made if you have a blender or food processor.
  
  Boil 1 1/2 cups water.  Pour it over 1 1/2 cups of fresh or dry grated
  coconut.  Beat it in the food processor or blender for at least 1
  minute. Strain it through a sieve or through cheesecloth.  Marinate
  the squid for 1 hour in coconut milk to which you have added the
  garlic. Prepare the coals and skewer the squid.
  
  To make the dipping sauce which makes this dish so distinctive,
  combine the fish sauce, peanuts, sugar, lime juice and the cayenne.
  
  Grill the squid for about 3 minutes on one side.  When brown, turn
  over and barbecue 3 minutes more.
  
  Serve accompanied by the dipping sauce.
  
  This recipe will produce tasty grilled fish if you use firm varieties
  such as swordfish, sea bass or halibut, cutting the steaks or fillets
  into large squares.
  
  This dish serves 4 to 6 as part of a larger meal.
  
  From "The International Squid Cookbook" by Isaac Cronin, Aris Books,
  Berkeley, Ca. 1981 ISBN 0-915572-61-3
  
  Posted by Stephen Ceideberg; February 22 1993.
  
  File ftp://ftp.idiscover.co.uk/pub/food/mealmaster/recipes/cberg2.zip
 
</step></directions></recipe></recipeml>
