<?xml version="1.0" encoding="UTF-8"?>

<recipeml version="0.5">
  <recipe>
    <head>
      <title>Barbecued Turkey with Herbs</title>
      <categories>
        <cat>Poultry</cat></categories>
      <yield>8</yield></head>
    <ingredients>
      <ing>
        <amt>
          <qty/>
          <unit/></amt>
        <item>Stephen Ceideburg</item></ing>
      <ing>
        <amt>
          <qty>9</qty>
          <unit>pounds</unit></amt>
        <item>To 13 lb turkey</item></ing>
      <ing>
        <amt>
          <qty>3/4</qty>
          <unit>cups</unit></amt>
        <item>Vegetable oil</item></ing>
      <ing>
        <amt>
          <qty>1/2</qty>
          <unit>cups</unit></amt>
        <item>Chopped parsley</item></ing>
      <ing>
        <amt>
          <qty>2</qty>
          <unit>tablespoons</unit></amt>
        <item>Chopped fresh sage, or:</item></ing>
      <ing>
        <amt>
          <qty>2</qty>
          <unit>teaspoons</unit></amt>
        <item>Dried sage, crushed</item></ing>
      <ing>
        <amt>
          <qty>2</qty>
          <unit>tablespoons</unit></amt>
        <item>Chopped fresh rosemary, or:</item></ing>
      <ing>
        <amt>
          <qty>2</qty>
          <unit>teaspoons</unit></amt>
        <item>Dried rosemary, crushed</item></ing>
      <ing>
        <amt>
          <qty>1</qty>
          <unit>tablespoon</unit></amt>
        <item>Chopped fresh thyme, or:</item></ing>
      <ing>
        <amt>
          <qty>1</qty>
          <unit>teaspoon</unit></amt>
        <item>Dried thyme, crushed</item></ing>
      <ing>
        <amt>
          <qty/>
          <unit/></amt>
        <item>Salt</item></ing>
      <ing>
        <amt>
          <qty/>
          <unit/></amt>
        <item>Cracked black pepper</item></ing></ingredients>
    <directions>
      <step>  Use indirect heat, as explained in the recipe to cook a whole turkey or
  turkey breast. Allow 1 3/4 to 3 1/4 hours' cook- ing time, depending on the
  size of your turkey and heat of the coals.
  
  Prepare coals and grill.
  
  Remove neck and giblets from turkey. Rinse turkey under cold water; drain
  and pat dry with paper towels.
  
  Combine oil, herbs and seasonings in a small bowl. Generously brush on
  cavities and outer surface of turkey, reserv- ing some mixture to use as a
  baste.
  
  Pull turkey skin over the neck; secure with a skewer. Tuck wings under back
  and tie legs together with kitchen twine.
  
  Arrange medium-hot briquettes on two sides of a large metal or foil drip
  pan. Fill the pan halfway with hot tap water.
  
  Place turkey, breast side up, on grill, directly above the drip pan. Cover
  grill and cook turkey 11 to 15 minutes per pound, or until an instant-read
  meat thermometer registers 180 degrees F, basting occasionally with
  reserved herb mixture.
  
  Add a few briquettes to both sides of the fire every hour or as necessary
  to maintain a constant temperature.
  
  Garnish with additional fresh herbs, if desired.
  
  From an article by Miriam Morgan in The San Mateo Times, 5/25/93.
  
  Posted by Stephen Ceideburg
  
  From Gemini's MASSIVE MealMaster collection at www.synapse.com/~gemini
 
</step></directions></recipe></recipeml>
