<?xml version="1.0" encoding="UTF-8"?>

<recipeml version="0.5">
  <recipe>
    <head>
      <title>Barbecued Spareribs #6</title>
      <categories>
        <cat>Meat</cat></categories>
      <yield>4</yield></head>
    <ingredients>
      <ing>
        <amt>
          <qty>3</qty>
          <unit>pounds</unit></amt>
        <item>Pork or lamb spareribs; cut into serving pieces</item></ing>
      <ing>
        <amt>
          <qty>2</qty>
          <unit>teaspoons</unit></amt>
        <item>Chili powder</item></ing>
      <ing>
        <amt>
          <qty>2</qty>
          <unit>cups</unit></amt>
        <item>Barbecue sauce (recipe)</item></ing>
      <ing>
        <amt>
          <qty>2</qty>
          <unit>tablespoons</unit></amt>
        <item>Lemon juice (optional)</item></ing></ingredients>
    <directions>
      <step>  Date: Sat, 27 Apr 1996 19:26:57 +0000
  
  From: "Wendy Lockman" &lt;wlockman@ra1.randomc.com&gt;
  1. Place spareribs in a large, shallow, heat-resistant, non- metallic
  baking dish.
  
  2. Heat, uncovered, in Microwave Oven 7 minutes.
  
  3. Turn spareribs over and heat an additional 7 minutes
  
  4. Drain off excess fat.
  
  5.  Conmbine chili powder and barbecue sauce.
  
  6. Pour half of sauce over ribs.
  
  7. Heat, uncovered, in Microwave Oven 4 minutes.
  
  8. Turn spareribs again.  Sprinkle with lemon juice if desired
  
  9. Pour on remaining sauce and heat, uncovered, for 8 minutes or until
  fork-tender. Pork should always be cooked until well-done.
  
  MM-RECIPES@IDISCOVER.NET
  
  MEAL-MASTER RECIPES LISTSERVER
  
  MM-RECIPES DIGEST V3 #119
  
  From the MealMaster recipe list.  Downloaded from Glen's MM Recipe Archive,
  http://www.erols.com/hosey.
 
</step></directions></recipe></recipeml>
