<?xml version="1.0" encoding="UTF-8"?>

<recipeml version="0.5">
  <recipe>
    <head>
      <title>Barbecue Beef Ribettes</title>
      <categories>
        <cat>Appetizers</cat>
        <cat>Beef</cat></categories>
      <yield>8</yield></head>
    <ingredients>
      <ing>
        <amt>
          <qty>1</qty>
          <unit/></amt>
        <item>Clove garlic; minced</item></ing>
      <ing>
        <amt>
          <qty>1</qty>
          <unit>tablespoon</unit></amt>
        <item>Vegetable oil</item></ing>
      <ing>
        <amt>
          <qty>1/2</qty>
          <unit>cups</unit></amt>
        <item>Ketchup</item></ing>
      <ing>
        <amt>
          <qty>1/3</qty>
          <unit>cups</unit></amt>
        <item>A-1® Steak Sauce; or Bold &amp; Spicy A-1</item></ing>
      <ing>
        <amt>
          <qty>1/4</qty>
          <unit>cups</unit></amt>
        <item>Chili sauce</item></ing>
      <ing>
        <amt>
          <qty>2</qty>
          <unit>tablespoons</unit></amt>
        <item>Light brown sugar; firmly packed</item></ing>
      <ing>
        <amt>
          <qty>2</qty>
          <unit>slices</unit></amt>
        <item>Lemon; sliced thin</item></ing>
      <ing>
        <amt>
          <qty>1/2</qty>
          <unit>teaspoons</unit></amt>
        <item>Hot pepper sauce</item></ing>
      <ing>
        <amt>
          <qty>2 1/2</qty>
          <unit>pounds</unit></amt>
        <item>Beef Rib; cut into 2-in pieces</item></ing></ingredients>
    <directions>
      <step>  In medium saucepan, over low heat, cook garlic in oil until tender. Stir in
  ketchup, steak sauce, chili sauce, sugar, lemon and hot pepper seasoning;
  cook 1 - 2 minutes or until heated through. Reserve 2/3 cup for serving
  with cooked ribs. Set aside remaining sauce for basting ribs.
  
  Arrange ribs on rack in large roasting pan. Bake at 400 degrees for
       30    mins.
  
  Brush ribs generously with 1/4 cup basting sauce. Grill ribs over medium
  heat or broil 6 inches from heat source 20 - 25 mins or until ribs are
  tender, truning and basting often with remaining basting sauce. Serve with
  reserved 2/3 cup sauce. Garnish as desired.
  
  Makes 8 appetizer servings.
  
  Recipe by: Easy Home Cooking
  
  Posted to MC-Recipe Digest by Sas &lt;sas@sassybeth.com&gt; on Mar 19, 1998
 
</step></directions></recipe></recipeml>
