<?xml version="1.0" encoding="UTF-8"?>

<recipeml version="0.5">
  <recipe>
    <head>
      <title>Barbecued Turkey with Fries and Creamy Coleslaw, Lhj</title>
      <categories>
        <cat>None</cat></categories>
      <yield>4</yield></head>
    <ingredients>
      <ing-div>
        <title>FRIES</title>
        <ing>
          <amt>
            <qty>2 1/2</qty>
            <unit>pounds</unit></amt>
          <item>Baking potatoes; scrubbed</item></ing>
        <ing>
          <amt>
            <qty>1</qty>
            <unit>teaspoon</unit></amt>
          <item>Vegetable oil</item></ing>
        <ing>
          <amt>
            <qty>1</qty>
            <unit>tablespoon</unit></amt>
          <item>Sugar</item></ing>
        <ing>
          <amt>
            <qty>1</qty>
            <unit>teaspoon</unit></amt>
          <item>Salt</item></ing>
        <ing>
          <amt>
            <qty>1/4</qty>
            <unit>teaspoons</unit></amt>
          <item>Ground red pepper</item></ing></ing-div>
      <ing-div>
        <title>CREAMY COLESLAW</title>
        <ing>
          <amt>
            <qty>1/3</qty>
            <unit>cups</unit></amt>
          <item>Plain nonfat yogurt</item></ing>
        <ing>
          <amt>
            <qty>1</qty>
            <unit>tablespoon</unit></amt>
          <item>Fresh lemon juice</item></ing>
        <ing>
          <amt>
            <qty>1</qty>
            <unit>teaspoon</unit></amt>
          <item>Honey</item></ing>
        <ing>
          <amt>
            <qty>1/4</qty>
            <unit>teaspoons</unit></amt>
          <item>Salt</item></ing>
        <ing>
          <amt>
            <qty>1/8</qty>
            <unit>teaspoons</unit></amt>
          <item>Freshly ground pepper</item></ing>
        <ing>
          <amt>
            <qty>3</qty>
            <unit>cups</unit></amt>
          <item>Thinly sliced green cabbage</item></ing>
        <ing>
          <amt>
            <qty>1</qty>
            <unit/></amt>
          <item>Granny Smith apple; julienned</item></ing>
        <ing>
          <amt>
            <qty>2</qty>
            <unit/></amt>
          <item>Green onions; julienned</item></ing>
        <ing>
          <amt>
            <qty>1</qty>
            <unit>teaspoon</unit></amt>
          <item>Vegetable oil; divided</item></ing>
        <ing>
          <amt>
            <qty>4</qty>
            <unit/></amt>
          <item>Turkey breast cutlets; (1 lb.)</item></ing>
        <ing>
          <amt>
            <qty/>
            <unit/></amt>
          <item>Salt and pepper</item></ing>
        <ing>
          <amt>
            <qty>1/2</qty>
            <unit>cups</unit></amt>
          <item>Mild or medium salsa ketchup</item></ing>
        <ing>
          <amt>
            <qty>1</qty>
            <unit>tablespoon</unit></amt>
          <item>Firmly packed brown sugar</item></ing>
        <ing>
          <amt>
            <qty>4</qty>
            <unit/></amt>
          <item>Lemon slices</item></ing></ing-div></ingredients>
    <directions>
      <step>  1. Make Fries: Heat oven to 450°F. Line cookie sheet with foil; coat with
  vegetable cooking spray. Cut potatoes lengthwise into 1/2-inch sticks. Toss
  with oil in large bowl to coat. Sprinkle with sugar, salt and red pepper;
  toss well. Spread on prepared cookie sheet. Bake 30 minutes. Immediately
  remove from pan.
  
  2. Make Creamy Coleslaw: Meanwhile, combine yogurt, lemon juice, honey,
  salt and pepper in large bowl. Add cabbage, apple and green onions; toss to
  combine. Makes 3 1/2 cups.
  
  3. Heat 1/2 teaspoon oil in large nonstick skillet over medium heat. Pat
  turkey dry on paper towels and sprinkle lightly with salt and pepper. Add
  half the turkey to skillet; cook until golden and cooked through, 1 minute
  per side. Set aside. Repeat with remaining 1/2 teaspoon oil and turkey.
  Combine salsa ketchup and brown sugar in cup; stir into pan. Add reserved
  turkey and lemon slices to pan; simmer 5 minutes. .
  
  Prep time: 20 minutes Cooking time: 40 minutes
  
  (C) Copyright 1997, Meredith Corporation, All Rights Reserved.
  
  Serving Ideas : Serve with Fries and Creamy Coleslaw
  
  NOTES : Down-home taste makes this low-fat dinner a winner. We gave the
  oven-fried potatoes a sweet-spicy flavor. Salsa ketchup comes in two heat
  levels, so this barbecue can be hot--or not.
  Recipe by: Ladies Home Journal
  
  Posted to MC-Recipe Digest V1 #936 by "abprice@wf.net" &lt;abprice@wf.net&gt; on
  Nov 30, 1997
 
</step></directions></recipe></recipeml>
