<?xml version="1.0" encoding="UTF-8"?>

<recipeml version="0.5">
  <recipe>
    <head>
      <title>Barbecue Beef Pot Roast</title>
      <categories>
        <cat>None</cat></categories>
      <yield>1</yield></head>
    <ingredients>
      <ing>
        <amt>
          <qty>2</qty>
          <unit>pounds</unit></amt>
        <item>Lean pot roast</item></ing>
      <ing>
        <amt>
          <qty>1/2</qty>
          <unit>cups</unit></amt>
        <item>Tomato paste</item></ing>
      <ing>
        <amt>
          <qty>24</qty>
          <unit/></amt>
        <item>Peppercorns</item></ing>
      <ing>
        <amt>
          <qty>1</qty>
          <unit>small</unit></amt>
        <item>Onion; chopped</item></ing>
      <ing>
        <amt>
          <qty>1</qty>
          <unit>teaspoon</unit></amt>
        <item>Worcestershire sauce</item></ing>
      <ing>
        <amt>
          <qty>1</qty>
          <unit>teaspoon</unit></amt>
        <item>Salt</item></ing></ingredients>
    <directions>
      <step>  Sprinkle salt over the roast and place in crock pot. Spread tomato paste
  over meat; imbed peppercorns into paste; top with onions and worcestershire
  sauce. Cover and cook on LOW 8-10 hrs. Serve meat with accumulated gravy.
  
  Source: Crockpot Cooking from Barbara Blitz
  Posted to recipelu-digest Volume 01 Number 624 by molony &lt;molony@scsn.net&gt;
  on Jan 28, 1998
 
</step></directions></recipe></recipeml>
