<?xml version="1.0" encoding="UTF-8"?>

<recipeml version="0.5">
  <recipe>
    <head>
      <title>Barbecued Spareribs #7</title>
      <categories>
        <cat>Meat</cat></categories>
      <yield>4</yield></head>
    <ingredients>
      <ing-div>
        <title/>
        <ing>
          <amt>
            <qty>3 1/2</qty>
            <unit>pounds</unit></amt>
          <item>Pork ribs</item></ing>
        <ing>
          <amt>
            <qty>2</qty>
            <unit>teaspoons</unit></amt>
          <item>Salt</item></ing>
        <ing>
          <amt>
            <qty>12</qty>
            <unit>teaspoons</unit></amt>
          <item>Freshly ground black pepper</item></ing></ing-div>
      <ing-div>
        <title>TANGY BARBECUE SAUCE</title>
        <ing>
          <amt>
            <qty>1 1/2</qty>
            <unit>tablespoons</unit></amt>
          <item>Peanut oil</item></ing>
        <ing>
          <amt>
            <qty>2</qty>
            <unit>tablespoons</unit></amt>
          <item>Finely chopped shallots</item></ing>
        <ing>
          <amt>
            <qty>2</qty>
            <unit>tablespoons</unit></amt>
          <item>Finely chopped scallions</item></ing>
        <ing>
          <amt>
            <qty>1</qty>
            <unit>tablespoon</unit></amt>
          <item>Finely chopped garlic</item></ing>
        <ing>
          <amt>
            <qty>1</qty>
            <unit>tablespoon</unit></amt>
          <item>Finely chopped fresh ginger</item></ing>
        <ing>
          <amt>
            <qty>2</qty>
            <unit>tablespoons</unit></amt>
          <item>Fine chopped fresh cilantro</item></ing>
        <ing>
          <amt>
            <qty>3</qty>
            <unit>tablespoons</unit></amt>
          <item>Finely chopped fresh chiles</item></ing>
        <ing>
          <amt>
            <qty>2</qty>
            <unit>tablespoons</unit></amt>
          <item>Rice wine or dry sherry</item></ing>
        <ing>
          <amt>
            <qty>3</qty>
            <unit>tablespoons</unit></amt>
          <item>Hoisin sauce</item></ing>
        <ing>
          <amt>
            <qty>2</qty>
            <unit>tablespoons</unit></amt>
          <item>Sugar</item></ing>
        <ing>
          <amt>
            <qty>2</qty>
            <unit>teaspoons</unit></amt>
          <item>Chinese sesame oil</item></ing>
        <ing>
          <amt>
            <qty>1</qty>
            <unit>tablespoon</unit></amt>
          <item>Orange zest</item></ing>
        <ing>
          <amt>
            <qty>2</qty>
            <unit>tablespoons</unit></amt>
          <item>Chinese chili bean sauce OR</item></ing>
        <ing>
          <amt>
            <qty>2</qty>
            <unit>teaspoons</unit></amt>
          <item>Satay paste</item></ing>
        <ing>
          <amt>
            <qty>2</qty>
            <unit>teaspoons</unit></amt>
          <item>Tomato paste</item></ing>
        <ing>
          <amt>
            <qty>1</qty>
            <unit>teaspoon</unit></amt>
          <item>Chinese white rice vinegar or cider vinegar</item></ing>
        <ing>
          <amt>
            <qty>1/2</qty>
            <unit>cups</unit></amt>
          <item>Orange juice</item></ing>
        <ing>
          <amt>
            <qty>1 1/2</qty>
            <unit>tablespoons</unit></amt>
          <item>Light soy sauce</item></ing>
        <ing>
          <amt>
            <qty>1 1/2</qty>
            <unit>tablespoons</unit></amt>
          <item>Dark soy sauce</item></ing>
        <ing>
          <amt>
            <qty>1</qty>
            <unit>teaspoon</unit></amt>
          <item>Salt</item></ing>
        <ing>
          <amt>
            <qty>1</qty>
            <unit>teaspoon</unit></amt>
          <item>Freshly ground black pepper</item></ing></ing-div></ingredients>
    <directions>
      <step>  PREHEAT THE OVEN TO 250F. Salt and pepper the pork ribs evenly and place in
  a baking dish and cook for 2 hours to render the fat and tenderize the
  meat. Remove the ribs from the dish, drain the fat and set aside. Heat a
  wok or large frying pan and add the oil. Quickly add the shallots,
  scallions, ginger and garlic. Stir-fry for 20 seconds and add the rest of
  the sauce ingredients. Reduce the heat and simmer the sauce gently for 15
  minutes. Allow the sauce to cool. (These steps can be done hours ahead or
  even the night before.) When you are ready to cook the ribs, smear them
  with the barbecue sauce. Make a charcoal fire and, when the coals are ash
  white, grill the ribs, basting with any remaining sauce. Cook the ribs for
  5-to-10 minutes on each side, depending on thickness. Serve immediately.
  
  KEN HOM  PRODIGY GUEST CHEFS COOKBOOK
  
  Date:    6/28/96 7:27 AM
  
  From: dlassiter@atsva.com
  
  MC-Recipe Digest V1 #133
  
  From the MasterCook recipe list.  Downloaded from Glen's MM Recipe Archive,
  http://www.erols.com/hosey.
 
</step></directions></recipe></recipeml>
