<?xml version="1.0" encoding="UTF-8"?>

<recipeml version="0.5">
  <recipe>
    <head>
      <title>Barbecue Munch Mix</title>
      <categories>
        <cat>Appetizers</cat></categories>
      <yield>7</yield></head>
    <ingredients>
      <ing>
        <amt>
          <qty>1</qty>
          <unit>cup</unit></amt>
        <item>Cheerios®</item></ing>
      <ing>
        <amt>
          <qty>1</qty>
          <unit>cup</unit></amt>
        <item>Spoon-size Shredded Wheat</item></ing>
      <ing>
        <amt>
          <qty>1</qty>
          <unit>cup</unit></amt>
        <item>Corn Chex® or corn bran</item></ing>
      <ing>
        <amt>
          <qty>1</qty>
          <unit>cup</unit></amt>
        <item>Pretzels</item></ing>
      <ing>
        <amt>
          <qty>1/2</qty>
          <unit>cups</unit></amt>
        <item>Dry-roasted peanuts</item></ing>
      <ing>
        <amt>
          <qty>1/2</qty>
          <unit>cups</unit></amt>
        <item>Sunflower seeds</item></ing>
      <ing>
        <amt>
          <qty>1</qty>
          <unit>tablespoon</unit></amt>
        <item>Soft butter or margarine</item></ing>
      <ing>
        <amt>
          <qty>1</qty>
          <unit>tablespoon</unit></amt>
        <item>Worcestershire sauce</item></ing>
      <ing>
        <amt>
          <qty>1</qty>
          <unit>teaspoon</unit></amt>
        <item>Chili powder</item></ing>
      <ing>
        <amt>
          <qty>1</qty>
          <unit>teaspoon</unit></amt>
        <item>Ground oregano</item></ing>
      <ing>
        <amt>
          <qty>1</qty>
          <unit>teaspoon</unit></amt>
        <item>Paprika</item></ing>
      <ing>
        <amt>
          <qty>1</qty>
          <unit>teaspoon</unit></amt>
        <item>Tabasco sauce; or to taste</item></ing>
      <ing>
        <amt>
          <qty>1/2</qty>
          <unit>cups</unit></amt>
        <item>Corn kernels or corn nuggets</item></ing>
      <ing>
        <amt>
          <qty>1</qty>
          <unit>cup</unit></amt>
        <item>Low-fat sesame sticks</item></ing></ingredients>
    <directions>
      <step>  Heat oven to 350°F. Combine cereals, pretzels, nuts and seeds in a large
  bowl. Melt butter; mix butter, Worcestershire, chili powder, oregano,
  paprika and Tabasco in a small bowl. Pour sauce over cereal mixture and
  toss until well-mixed. Spread on a cookie sheet and bake 15 minutes until
  toasted, stirring twice. Let cool. Toss with corn kernels and sesame
  sticks. Store in resealable plastic bags. Makes 7 cups.
  
  Recipe by: Susie Langley, reprinted in The Sacramento Bee 8/13/97 Posted to
  MC-Recipe Digest V1 #760 by Crane Walden &lt;cranew@foothill.net&gt; on Aug 25,
  1997
 
</step></directions></recipe></recipeml>
