<?xml version="1.0" encoding="UTF-8"?>

<recipeml version="0.5">
  <recipe>
    <head>
      <title>Banana Bread #14</title>
      <categories>
        <cat>Bread</cat></categories>
      <yield>16</yield></head>
    <ingredients>
      <ing>
        <amt>
          <qty>1 1/4</qty>
          <unit>cups</unit></amt>
        <item>All-purpose flour</item></ing>
      <ing>
        <amt>
          <qty>1</qty>
          <unit>cup</unit></amt>
        <item>Sugar</item></ing>
      <ing>
        <amt>
          <qty>1/2</qty>
          <unit>teaspoons</unit></amt>
        <item>Salt</item></ing>
      <ing>
        <amt>
          <qty>1</qty>
          <unit>teaspoon</unit></amt>
        <item>Baking soda</item></ing>
      <ing>
        <amt>
          <qty>1/2</qty>
          <unit>cups</unit></amt>
        <item>Solid veg shortening</item></ing>
      <ing>
        <amt>
          <qty>2</qty>
          <unit/></amt>
        <item>Fully ripe medium bananas</item></ing>
      <ing>
        <amt>
          <qty>2</qty>
          <unit/></amt>
        <item>Eggs</item></ing></ingredients>
    <directions>
      <step>  From: llwong@cory.EECS.Berkeley.EDU (Lily Wong)
  
  Date: 20 Aug 1994 15:01:44 -0400
  
  Sift dry ingredients into bowl. Whirl remaining ingredients in blender. Add
  to dry ingredients and mix just until dry ingredients are moistened.  Spoon
  into lightly buttered and floured 9" square pan and bake in moderate over
  (350 F) 35 to 40 minutes. Remove from oven; let stand 5 min. Loosen edges
  with spatula and turn out onto cake ralk. Covered with waxed paper. Cool to
  room temperature before cutting in squares. Note: this is a very moist,
  spongy bread that stays fresh several days if stored airtight.
  
  REC.FOOD.RECIPES
  
  From rec.food.cooking archives.  Downloaded from Glen's MM Recipe Archive,
  http://www.erols.com/hosey.
 
</step></directions></recipe></recipeml>
