<?xml version="1.0" encoding="UTF-8"?>

<recipeml version="0.5">
  <recipe>
    <head>
      <title>Banana Bread</title>
      <categories>
        <cat>Breads</cat>
        <cat>Crocker</cat></categories>
      <yield>1</yield></head>
    <ingredients>
      <ing>
        <amt>
          <qty>1</qty>
          <unit>cup</unit></amt>
        <item>Sugar</item></ing>
      <ing>
        <amt>
          <qty>1/3</qty>
          <unit>cups</unit></amt>
        <item>Margarine or butter, softened</item></ing>
      <ing>
        <amt>
          <qty>2</qty>
          <unit/></amt>
        <item>Eggs</item></ing>
      <ing>
        <amt>
          <qty>1 1/2</qty>
          <unit>cups</unit></amt>
        <item>Mashed ripe bananas</item></ing>
      <ing>
        <amt>
          <qty>1/3</qty>
          <unit>cups</unit></amt>
        <item>Water</item></ing>
      <ing>
        <amt>
          <qty>1 2/3</qty>
          <unit>cups</unit></amt>
        <item>All-purpose llour*</item></ing>
      <ing>
        <amt>
          <qty>1</qty>
          <unit>teaspoon</unit></amt>
        <item>Baking soda</item></ing>
      <ing>
        <amt>
          <qty>1/2</qty>
          <unit>teaspoons</unit></amt>
        <item>Salt</item></ing>
      <ing>
        <amt>
          <qty>1/4</qty>
          <unit>teaspoons</unit></amt>
        <item>Baking powder</item></ing>
      <ing>
        <amt>
          <qty>1/2</qty>
          <unit>cups</unit></amt>
        <item>Chopped nuts</item></ing></ingredients>
    <directions>
      <step>  Heat oven to 350F. Grease bottom only of loaf pan, 8 1/2 x 4 1/2 x 2 1/2 or
  9 x 5 x 3 inches. Mix sugar and margarine in 2 1/2-quart bowl. Stir in eggs
  until blended. Add bananas and water; beat 30 seconds. Stir in remaining
  ingredients except nuts just until moistened; stir in nuts. Pour into pan.
  Bake until wooden pick inserted in center comes out clean, 8-inch loaf 1
  1/4 hours, 9-inch loaf 55 to 60 minutes; ccol 5 minutes. Loosen sides of
  loaf from pan; remove from pan. Cool com- pletely before slicing. 1 loaf
  (24 slices); 120 calories per slice.
  
  Do-ahead Tip: Wrap and refrigerate no longer than 1 week.
  
  *Do not use self rising flour in this recipe.
  
  Source: Betty Crocker's Cookbook, 6th Edition
  
  From Gemini's MASSIVE MealMaster collection at www.synapse.com/~gemini
 
</step></directions></recipe></recipeml>
