<?xml version="1.0" encoding="UTF-8"?>

<recipeml version="0.5">
  <recipe>
    <head>
      <title>Banana Breeze Pie</title>
      <categories>
        <cat>Pie</cat></categories>
      <yield>8</yield></head>
    <ingredients>
      <ing-div>
        <title>CRUST</title>
        <ing>
          <amt>
            <qty>1</qty>
            <unit>tablespoon</unit></amt>
          <item>Oil</item></ing>
        <ing>
          <amt>
            <qty>1/4</qty>
            <unit>cups</unit></amt>
          <item>Granulated sugar</item></ing>
        <ing>
          <amt>
            <qty>1</qty>
            <unit>teaspoon</unit></amt>
          <item>Cinnamon</item></ing>
        <ing>
          <amt>
            <qty>1</qty>
            <unit>cup</unit></amt>
          <item>Corn flake crumbs</item></ing></ing-div>
      <ing-div>
        <title>FILLING</title>
        <ing>
          <amt>
            <qty>8</qty>
            <unit>ounces</unit></amt>
          <item>Fat-free cream cheese; softened</item></ing>
        <ing>
          <amt>
            <qty>14</qty>
            <unit>ounces</unit></amt>
          <item>Fat-free sweetened condensed milk</item></ing>
        <ing>
          <amt>
            <qty>1/3</qty>
            <unit>cups</unit></amt>
          <item>Lemon juice</item></ing>
        <ing>
          <amt>
            <qty>1</qty>
            <unit>teaspoon</unit></amt>
          <item>Pure vanilla extract</item></ing>
        <ing>
          <amt>
            <qty>3</qty>
            <unit>medium</unit></amt>
          <item>Bananas; sliced</item></ing>
        <ing>
          <amt>
            <qty>2</qty>
            <unit>tablespoons</unit></amt>
          <item>Lemon juice</item></ing>
        <ing>
          <amt>
            <qty>2</qty>
            <unit>medium</unit></amt>
          <item>Bananas; sliced</item></ing></ing-div></ingredients>
    <directions>
      <step>  submitted by: matejka@bga.com (Anita A. Matejka, Texas, USA)
  
  Recipe By: The Mr. Food Cookbook
  In a mixing bowl, combine oil, sugar, cinnamon, and corn flake crumbs.
  Press into bottom of a 9" pie pan; chill. Meanwhile, in another mixing
  bowl, combine cream cheese, sweetened condensed milk, 1/3 cup lemon juice,
  and vanilla extract. Line 3 bananas onto bottom of chilled crust. Turn
  filling into crust. Refrigerate for 3 hours or until firm. Dip remaining
  bananas in remaining lemon juice. Arrange banana slices over top of pie.
  
  Per serving: 269 Calories; 2g Fat (7% calories from fat); 9g Protein; 54g
  Carbohydrate; 4mg Cholesterol; 236mg Sodium
  
  DAVE &lt;DAVIDG@CLAM.RUTGERS.EDU&gt;
  
  RECIPEINTERNET LIST SERVER
  
  RECIPE ARCHIVE - 20 MAY 1996
  
  From the 'RECIPEinternet: Recipes from Around the World' recipe list.
  Downloaded from Glen's MM Recipe Archive, http://www.erols.com/hosey.
 
</step></directions></recipe></recipeml>
