<?xml version="1.0" encoding="UTF-8"?>

<recipeml version="0.5">
  <recipe>
    <head>
      <title>Banana Brittle Sundaes</title>
      <categories>
        <cat>Desserts</cat>
        <cat>Fruits</cat></categories>
      <yield>8</yield></head>
    <ingredients>
      <ing>
        <amt>
          <qty>4</qty>
          <unit>ounces</unit></amt>
        <item>Peanut brittle</item></ing>
      <ing>
        <amt>
          <qty>4</qty>
          <unit/></amt>
        <item>Firm bananas</item></ing>
      <ing>
        <amt>
          <qty>2/3</qty>
          <unit>cups</unit></amt>
        <item>Packed brown sugar</item></ing>
      <ing>
        <amt>
          <qty>1/4</qty>
          <unit>cups</unit></amt>
        <item>Butter</item></ing>
      <ing>
        <amt>
          <qty>2</qty>
          <unit>tablespoons</unit></amt>
        <item>Each lemon juice and dark rum</item></ing>
      <ing>
        <amt>
          <qty>4</qty>
          <unit>cups</unit></amt>
        <item>Vanilla ice cream</item></ing></ingredients>
    <directions>
      <step>  In blender or food processor, coarsely chop peanut brittle. Cut bananas in
  half crosswise, then lengthwise.
  
  In large skillet, combine sugar, butter, lemon juice, rum and 2 tbsp.
  water; bring to boil over medium heat. Add bananas, gently turning to coat.
  
  Reduce heat and simmer, spooning sauce over bananas, for 2 to 3 minutes or
  until heated through but still firm.
  
  Spoon ice cream into chilled bowls; top with banana mixture. Sprinkle with
  peanut brittle.  Makes 8 servings. Typed in MMFormat by cjhartlin@msn.com
  Source: Canadian Living's Best Easy Cooking
  Posted to MM-Recipes Digest  by "Cindy Hartlin" &lt;cjhartlin@email.msn.com&gt;
  on May 25, 1998
 
</step></directions></recipe></recipeml>
