<?xml version="1.0" encoding="UTF-8"?>

<recipeml version="0.5">
  <recipe>
    <head>
      <title>Banana Bread (Motts)</title>
      <categories>
        <cat>Breads</cat>
        <cat>Brandname</cat>
        <cat>Reduced fat</cat></categories>
      <yield>16</yield></head>
    <ingredients>
      <ing>
        <amt>
          <qty>2 1/2</qty>
          <unit>cups</unit></amt>
        <item>All-purpose flour</item></ing>
      <ing>
        <amt>
          <qty>2</qty>
          <unit>teaspoons</unit></amt>
        <item>Baking powder</item></ing>
      <ing>
        <amt>
          <qty>1</qty>
          <unit>teaspoon</unit></amt>
        <item>Baking soda</item></ing>
      <ing>
        <amt>
          <qty>1/2</qty>
          <unit>teaspoons</unit></amt>
        <item>Ground allspice</item></ing>
      <ing>
        <amt>
          <qty>4</qty>
          <unit>medium</unit></amt>
        <item>Bananas OR 2 cups mashed bananas</item></ing>
      <ing>
        <amt>
          <qty>1</qty>
          <unit>cup</unit></amt>
        <item>Sugar</item></ing>
      <ing>
        <amt>
          <qty>1/2</qty>
          <unit>cups</unit></amt>
        <item>Unsweetened Apple Sauce</item></ing>
      <ing>
        <amt>
          <qty>3</qty>
          <unit/></amt>
        <item>Egg whites</item></ing>
      <ing>
        <amt>
          <qty>2</qty>
          <unit>tablespoons</unit></amt>
        <item>Vegetable oil</item></ing>
      <ing>
        <amt>
          <qty>1</qty>
          <unit>teaspoon</unit></amt>
        <item>Vanilla extract</item></ing></ingredients>
    <directions>
      <step>  Preheat oven to 375F. Spray 8-1/2 x 4-1/2 inch loaf pan with nonstick
  cooking spray.
  
  In large bowl, combine flour, baking powder, baking soda and allspice.
  
  In medium bowl, whisk together bananas, sugar, apple sauce, egg whites and
  vanilla.
  
  Stir apple sauce mixture into flour mixture just until moistened. Spread
  banner into prepared pan.
  
  Bake 60 minutes or until toothpick inserted in center comes out clean. Cool
  in pan 10 minutes. Invert onto wire rack; turn right side up. Cool
  completely. Cut into 16 slices.
  
  Notes: Pantry: Mott's Natural Apple Sauce. (PER SERVING: 170 calories, 2.0
  grams of fat, 100 mg of sodium, 0 mg of cholesterol, 11% calories from fat)
  
  &gt;Hanneman/Buster 1998-Apr
  
  Recipe by: Motts Applesauce www.motts.com
  
  Posted to MC-Recipe Digest by KitPATh &lt;phannema@wizard.ucr.edu&gt; on Apr 18,
  1998
 
</step></directions></recipe></recipeml>
