<?xml version="1.0" encoding="UTF-8"?>

<recipeml version="0.5">
  <recipe>
    <head>
      <title>Banana Bread</title>
      <categories>
        <cat>Breads</cat></categories>
      <yield>1</yield></head>
    <ingredients>
      <ing>
        <amt>
          <qty>2</qty>
          <unit>cups</unit></amt>
        <item>Pillsbury's Best All Purpose Flour*</item></ing>
      <ing>
        <amt>
          <qty>1</qty>
          <unit>teaspoon</unit></amt>
        <item>Soda</item></ing>
      <ing>
        <amt>
          <qty>1/2</qty>
          <unit>teaspoons</unit></amt>
        <item>Salt</item></ing>
      <ing>
        <amt>
          <qty>1/2</qty>
          <unit>cups</unit></amt>
        <item>Butter</item></ing>
      <ing>
        <amt>
          <qty>1</qty>
          <unit>cup</unit></amt>
        <item>Sugar</item></ing>
      <ing>
        <amt>
          <qty>2</qty>
          <unit/></amt>
        <item>Eggs; unbeaten</item></ing>
      <ing>
        <amt>
          <qty>1</qty>
          <unit>cup</unit></amt>
        <item>Bananas; mashed</item></ing>
      <ing>
        <amt>
          <qty>1/3</qty>
          <unit>cups</unit></amt>
        <item>Milk</item></ing>
      <ing>
        <amt>
          <qty>1</qty>
          <unit>teaspoon</unit></amt>
        <item>Lemon juice or vinegar</item></ing>
      <ing>
        <amt>
          <qty>1/2</qty>
          <unit>cups</unit></amt>
        <item>Funsten's Nuts; chopped</item></ing></ingredients>
    <directions>
      <step>  BAKE at 350 degrees for 60 to 70 minutes. MAKES 9 x 5-inch loaf. Sift
  together flour, soda, and salt. Cream butter. Gradually add sugar, creaming
  well. Add eggs and bananas. Blend thoroughly. Combine milk with either
  lemon juice or vinegar. Add the dry ingredients alternately with the milk,
  beginning and ending with dry ingredients. Blend well after each addition.
  With electric mixer use a low speed. Stir in nuts, chopped. Turn batter
  into 9 x 5 x 3-inch pan, well-greased on the bottom. Bake in moderate oven
  (350 degrees) 60 to 70 minutes. *Pillsbury's Best Self-Rising Flour is not
  recommended for use in this recipe.
  
  NOTES : "Developed by Ann Pillsbury"
  
  Recipe by: Best Loved Foods of Christmas, Pillsbury, undated booklet
  
  Posted to MC-Recipe Digest V1 #837 by NGavlak@aol.com on Oct 11, 1997
 
</step></directions></recipe></recipeml>
