<?xml version="1.0" encoding="UTF-8"?>

<recipeml version="0.5">
  <recipe>
    <head>
      <title>Banana Bread Pudding</title>
      <categories>
        <cat>Puddings</cat></categories>
      <yield>8</yield></head>
    <ingredients>
      <ing-div>
        <title>PUDDING</title>
        <ing>
          <amt>
            <qty>6</qty>
            <unit/></amt>
          <item>Slices whole wheat bread- torn into big cubes</item></ing>
        <ing>
          <amt>
            <qty>3</qty>
            <unit/></amt>
          <item>Eggs</item></ing>
        <ing>
          <amt>
            <qty>3</qty>
            <unit/></amt>
          <item>Ripe bananas, mashed</item></ing>
        <ing>
          <amt>
            <qty>1</qty>
            <unit>teaspoon</unit></amt>
          <item>Ground cinnamon</item></ing>
        <ing>
          <amt>
            <qty>2</qty>
            <unit>cups</unit></amt>
          <item>Warm water</item></ing>
        <ing>
          <amt>
            <qty>14</qty>
            <unit>ounces</unit></amt>
          <item>Can sweetened condensed milk</item></ing>
        <ing>
          <amt>
            <qty>1/4</qty>
            <unit>cups</unit></amt>
          <item>Flaked or shredded coconut</item></ing>
        <ing>
          <amt>
            <qty>2</qty>
            <unit>tablespoons</unit></amt>
          <item>Margerine or butter, melted</item></ing>
        <ing>
          <amt>
            <qty>2</qty>
            <unit>tablespoons</unit></amt>
          <item>Vanilla extract</item></ing>
        <ing>
          <amt>
            <qty>1/2</qty>
            <unit>teaspoons</unit></amt>
          <item>Salt</item></ing>
        <ing>
          <amt>
            <qty>1/2</qty>
            <unit>cups</unit></amt>
          <item>Chopped pecans</item></ing></ing-div>
      <ing-div>
        <title>BUTTER RUM SAUCE</title>
        <ing>
          <amt>
            <qty>1/4</qty>
            <unit>cups</unit></amt>
          <item>Butter</item></ing>
        <ing>
          <amt>
            <qty>3/4</qty>
            <unit>cups</unit></amt>
          <item>Brown sugar, firmly packed</item></ing>
        <ing>
          <amt>
            <qty>1/2</qty>
            <unit>cups</unit></amt>
          <item>Cream</item></ing>
        <ing>
          <amt>
            <qty>2</qty>
            <unit>tablespoons</unit></amt>
          <item>Rum or 1 ts rum flavoring</item></ing></ing-div></ingredients>
    <directions>
      <step>  PUDDING: Preheat oven to 350 degrees.  Place bread cubes in a greased
  9-inch baking pan. In a large bowl, beat together eggs, banana and
  cinnamon.  Add remaining ingredients, except chopped pecans and Butter Rum
  Sauce. Pour mixture evenly over bread, moistening completely. Sprinkle
  pecans on top.  Bake 45 to 50 minutes or until knife comes out clean. Cool.
  Serve warm with Butter Rum Sauce. BUTTER RUM SAUCE: In a sauce, melt
  butter; add brown sugar and cream.  Boil rapidly 8 to 10 minutes; add rum
  or rum flavoring.  Serve warm. Makes about 1 cup
  
  From Gemini's MASSIVE MealMaster collection at www.synapse.com/~gemini
 
</step></directions></recipe></recipeml>
