<?xml version="1.0" encoding="UTF-8"?>

<recipeml version="0.5">
  <recipe>
    <head>
      <title>Banana Bread</title>
      <categories>
        <cat>Breadmachin</cat></categories>
      <yield>1</yield></head>
    <ingredients>
      <ing>
        <amt>
          <qty/>
          <unit/></amt>
        <item>BREAD MACHINE BAKER BOOK</item></ing>
      <ing>
        <amt>
          <qty>1/4</qty>
          <unit>cups</unit></amt>
        <item>Buttermilk</item></ing>
      <ing>
        <amt>
          <qty/>
          <unit/></amt>
        <item>(didn't have so I used</item></ing>
      <ing>
        <amt>
          <qty/>
          <unit/></amt>
        <item>Milk)</item></ing>
      <ing>
        <amt>
          <qty>1</qty>
          <unit/></amt>
        <item>Egg</item></ing>
      <ing>
        <amt>
          <qty>1/4</qty>
          <unit/></amt>
        <item>Unsalted butter or</item></ing>
      <ing>
        <amt>
          <qty/>
          <unit/></amt>
        <item>Canola oil</item></ing>
      <ing>
        <amt>
          <qty/>
          <unit/></amt>
        <item>(I used margarine)</item></ing>
      <ing>
        <amt>
          <qty>1</qty>
          <unit>teaspoon</unit></amt>
        <item>Vanilla extract</item></ing>
      <ing>
        <amt>
          <qty>1/2</qty>
          <unit>cups</unit></amt>
        <item>Mashed ripe banana</item></ing>
      <ing>
        <amt>
          <qty>1</qty>
          <unit>cup</unit></amt>
        <item>All-purpose flour</item></ing>
      <ing>
        <amt>
          <qty>1/2</qty>
          <unit>cups</unit></amt>
        <item>Sugar</item></ing>
      <ing>
        <amt>
          <qty>1/4</qty>
          <unit>teaspoons</unit></amt>
        <item>TO 1 ts Salt (to taste)</item></ing>
      <ing>
        <amt>
          <qty>1/4</qty>
          <unit>teaspoons</unit></amt>
        <item>Baking soda</item></ing>
      <ing>
        <amt>
          <qty>2</qty>
          <unit>teaspoons</unit></amt>
        <item>Double-acting baking</item></ing>
      <ing>
        <amt>
          <qty/>
          <unit/></amt>
        <item>Powder</item></ing></ingredients>
    <directions>
      <step>  Measure the buttermilk into the baking pan of your bread machine, break the
  egg into it, and add the butter, cutting it into chunks if it's to hard so
  it can more easily be mixed with the other ingredients, or substitute
  canola oil, if you prefer. Then ad
  
  Bake on your machine's quick (rapid) cycle.
  
  From the recipe files of suzy@gannett.infi.net
  Posted to MM-Recipes Digest V4 #338 by pooh4jvn@ix.netcom.com on Dec 30,
  1997
 
</step></directions></recipe></recipeml>
