<?xml version="1.0" encoding="UTF-8"?>

<recipeml version="0.5">
  <recipe>
    <head>
      <title>Banana Bread (Gluten Free)</title>
      <categories>
        <cat>Bread</cat></categories>
      <yield>18</yield></head>
    <ingredients>
      <ing>
        <amt>
          <qty>3/4</qty>
          <unit>cups</unit></amt>
        <item>White rice flour</item></ing>
      <ing>
        <amt>
          <qty>1/3</qty>
          <unit>cups</unit></amt>
        <item>Potato starch flour</item></ing>
      <ing>
        <amt>
          <qty>1 1/2</qty>
          <unit>teaspoons</unit></amt>
        <item>Baking soda</item></ing>
      <ing>
        <amt>
          <qty>2</qty>
          <unit>teaspoons</unit></amt>
        <item>Baking powder (GF)</item></ing>
      <ing>
        <amt>
          <qty>1/4</qty>
          <unit>teaspoons</unit></amt>
        <item>Salt</item></ing>
      <ing>
        <amt>
          <qty>1</qty>
          <unit/></amt>
        <item>Envelope unflavored gelatin</item></ing>
      <ing>
        <amt>
          <qty>1/3</qty>
          <unit>cups</unit></amt>
        <item>Margarine</item></ing>
      <ing>
        <amt>
          <qty>1/3</qty>
          <unit>cups</unit></amt>
        <item>White sugar</item></ing>
      <ing>
        <amt>
          <qty>3</qty>
          <unit/></amt>
        <item>Egg yolks</item></ing>
      <ing>
        <amt>
          <qty>1</qty>
          <unit>teaspoon</unit></amt>
        <item>Lemon peel</item></ing>
      <ing>
        <amt>
          <qty>1</qty>
          <unit>teaspoon</unit></amt>
        <item>Vanilla</item></ing>
      <ing>
        <amt>
          <qty>3/4</qty>
          <unit>cups</unit></amt>
        <item>Mashed banana</item></ing>
      <ing>
        <amt>
          <qty>1/4</qty>
          <unit>cups</unit></amt>
        <item>Plain yogurt</item></ing>
      <ing>
        <amt>
          <qty>3</qty>
          <unit/></amt>
        <item>Egg whites</item></ing></ingredients>
    <directions>
      <step>  From: kdeck@epaus.island.net (Karen Deck)
  
  Date: Sat, 10 Sep 1994 06:18:07 -0400 (EDT)
  This is a special recipe made without gluten.
  
  Preheat oven to 350 F. Grease a 9 x 5 inch loaf pan.  Sift flour, baking
  soda, baking powder, salt and unflavored gelatin together. Cream margarine,
  sugar, egg yolks and vanilla thoroughly. Continue beating until mixture is
  light.
  
  Mix in lemon peel, mashed banana and yoghurt. Add dry ingredients. Beat egg
  whites to stiff peaks but not so they are dry. Fold egg whites into the
  mixture.  Place in the greased loaf pan. Bake for 1 hour.
  
  1/2" slice - 1 starchy choice, 1 fat choice
  
  Source: A Guide for the Diabetic Celiac, 1990 ISBN 0-921026-02-1 Canadian
  Celiac Assoc.
  
  REC.FOOD.RECIPES ARCHIVES
  
  GLUTEN FREE
  
  From rec.food.cooking archives.  Downloaded from Glen's MM Recipe Archive,
  http://www.erols.com/hosey.
 
</step></directions></recipe></recipeml>
