<?xml version="1.0" encoding="UTF-8"?>

<recipeml version="0.5">
  <recipe>
    <head>
      <title>Banana Butter</title>
      <categories>
        <cat>Jelly</cat></categories>
      <yield>8</yield></head>
    <ingredients>
      <ing>
        <amt>
          <qty>3</qty>
          <unit>cups</unit></amt>
        <item>[about 10 medium] bananas</item></ing>
      <ing>
        <amt>
          <qty>1/4</qty>
          <unit>cups</unit></amt>
        <item>Lemon juice</item></ing>
      <ing>
        <amt>
          <qty>1/4</qty>
          <unit>cups</unit></amt>
        <item>Finely chopped maraschino cherries</item></ing>
      <ing>
        <amt>
          <qty>6 1/2</qty>
          <unit>cups</unit></amt>
        <item>Sugar</item></ing>
      <ing>
        <amt>
          <qty>1</qty>
          <unit/></amt>
        <item>Bottle [6-oz] liquid pectin</item></ing></ingredients>
    <directions>
      <step>  Thoroughly mash bananas. Measure 3 cups into a large saucepan. Add lemon
  juice, cherries and sugar; mix well. Bring to hard rolling boil; boil hard
  1 minute, stirring constantly. Remove from heat ;quickly stir in pectin.
  Ladle into clean, hot jars. Seal. Makes 8 or 9 half-pints.
  
  SOURCE: Best Recipes Magazine; October 1992
  
  ///\oo/\\\ From the hearth in Sandee's Kitchen...
  
  Date: Sun, 23 Jun 1996 01:08:10 +0000
  
  From: "Wendy Lockman" &lt;wlockman@randomc.com&gt;
  
  MM-Recipes Digest V3 #174
  
  From the MealMaster recipe list.  Downloaded from Glen's MM Recipe Archive,
  http://www.erols.com/hosey.
 
</step></directions></recipe></recipeml>
