<?xml version="1.0" encoding="UTF-8"?>

<recipeml version="0.5">
  <recipe>
    <head>
      <title>Banana Bread #2</title>
      <categories>
        <cat>Polkadot</cat>
        <cat>Faylen</cat>
        <cat>Bread:quick</cat>
        <cat>Fruits</cat></categories>
      <yield>1</yield></head>
    <ingredients>
      <ing>
        <amt>
          <qty>1 3/4</qty>
          <unit>cups</unit></amt>
        <item>Unbleached flour</item></ing>
      <ing>
        <amt>
          <qty>2 3/4</qty>
          <unit>teaspoons</unit></amt>
        <item>Baking powder</item></ing>
      <ing>
        <amt>
          <qty>1/2</qty>
          <unit>teaspoons</unit></amt>
        <item>Salt</item></ing>
      <ing>
        <amt>
          <qty>1/3</qty>
          <unit>cups</unit></amt>
        <item>Shortening</item></ing>
      <ing>
        <amt>
          <qty>2/3</qty>
          <unit>cups</unit></amt>
        <item>Sugar</item></ing>
      <ing>
        <amt>
          <qty>2</qty>
          <unit/></amt>
        <item>Eggs</item></ing>
      <ing>
        <amt>
          <qty>4</qty>
          <unit/></amt>
        <item>Bananas very ripe, mashed</item></ing>
      <ing>
        <amt>
          <qty>1/2</qty>
          <unit>cups</unit></amt>
        <item>Chopped pecans or walnuts optional</item></ing></ingredients>
    <directions>
      <step>  Preheat oven to 350 degrees
  
  Sift together flour, baking powder, and salt.  Beat shortening in mixer
  until creamy. Add sugar and eggs, continue beating at medium speed one
  minute. Add bananas to egg mixture.  Mix until blended. Add flour mixture,
  beating at low speed only until blended.  Turn into buttered loaf pan and
  bake for 1 hour or until toothpick inserted in center of loaf comes out
  clean.
  
  Notes: Substitute cream cheese for shortening.  For spicy version, add 1/2
  tsp cinnamon, 1/4 tsp mace and 1/4 tsp nutmeg to flour mixture.
  
  Recipe By: Marge Clark Serving Size: 10
  
  * The Polka Dot Palace BBS 1-201-822-3627. Posted by FAYLEN
  
  Posted to MC-Recipe Digest V1 #706 by Lisa Clarke &lt;lisa@gaf.com&gt; on Aug 1,
  9
 
</step></directions></recipe></recipeml>
