<?xml version="1.0" encoding="UTF-8"?>

<recipeml version="0.5">
  <recipe>
    <head>
      <title>Banana Cake #5</title>
      <categories>
        <cat>Dessert</cat></categories>
      <yield>12</yield></head>
    <ingredients>
      <ing-div>
        <title>CRUST #1</title>
        <ing>
          <amt>
            <qty>180</qty>
            <unit>grams</unit></amt>
          <item>Graham cracker crumbs</item></ing>
        <ing>
          <amt>
            <qty>60</qty>
            <unit>grams</unit></amt>
          <item>Margarine</item></ing></ing-div>
      <ing-div>
        <title>CRUST #2</title>
        <ing>
          <amt>
            <qty>200</qty>
            <unit>grams</unit></amt>
          <item>All-purpose flour</item></ing>
        <ing>
          <amt>
            <qty>95</qty>
            <unit>grams</unit></amt>
          <item>Sugar</item></ing>
        <ing>
          <amt>
            <qty>240</qty>
            <unit>grams</unit></amt>
          <item>Soft margarine</item></ing>
        <ing>
          <amt>
            <qty>1</qty>
            <unit/></amt>
          <item>Egg; slightly beaten</item></ing>
        <ing>
          <amt>
            <qty>2 1/2</qty>
            <unit>mililiters</unit></amt>
          <item>Vanilla</item></ing></ing-div>
      <ing-div>
        <title>CRUST #3</title>
        <ing>
          <amt>
            <qty>32</qty>
            <unit/></amt>
          <item>Oreo cookies</item></ing>
        <ing>
          <amt>
            <qty>160</qty>
            <unit>grams</unit></amt>
          <item>Melted margarine</item></ing></ing-div>
      <ing-div>
        <title>FILLING FOR 1 CAKE</title>
        <ing>
          <amt>
            <qty>120</qty>
            <unit>grams</unit></amt>
          <item>Margarine</item></ing>
        <ing>
          <amt>
            <qty>350</qty>
            <unit>grams</unit></amt>
          <item>Powdered sugar</item></ing>
        <ing>
          <amt>
            <qty>2</qty>
            <unit/></amt>
          <item>Eggs (up to)</item></ing>
        <ing>
          <amt>
            <qty>5</qty>
            <unit/></amt>
          <item>Bananas; sliced lengthwise</item></ing>
        <ing>
          <amt>
            <qty>600</qty>
            <unit>grams</unit></amt>
          <item>Chunk pineapple; drained</item></ing>
        <ing>
          <amt>
            <qty>600</qty>
            <unit>grams</unit></amt>
          <item>Whole strawberries</item></ing>
        <ing>
          <amt>
            <qty>250</qty>
            <unit>mililiters</unit></amt>
          <item>Whipping cream</item></ing>
        <ing>
          <amt>
            <qty/>
            <unit/></amt>
          <item>Chopped nuts</item></ing></ing-div></ingredients>
    <directions>
      <step>  From: elayne@usa.pipeline.com (Elayne Cohen)
  
  Date: Wed, 17 Jul 1996 22:10:53 GMT
  CRUST #1: Mix and press in bottom of a 20x30  pan.  Bake  10 minutes at 175
  deg. C.  Cool.
  
  CRUST #2: Blend all ingredients  thoroughly.  Pat  dough  on bottom of a
  pan.  Bake at 200 deg. C for about 10 minutes  or  until golden brown.
  Cool.
  
  CRUST #3; Crush cookies and mix  them  with  the  margarine.  Press mixture
  in bottom of pan.
  
  PROCEDURE:
  
  1. Whip  margarine/sugar/egg  mixture  with  electric mixer and spread over
  cooled crust.
  
  2. Place bananas, cut side  down,  on  top  of  above layer.
  
  3. Spread on the pineapple chunks, then the strawber- ries.
  
  4. Whip the cream, cover the whole dish with  whipped cream, and sprinkle
  with nuts.
  
  5. Refrigerate 4 hours before serving.
  
  CONTRIBUTOR: Peggy B. Gillenwater, Naval Ocean Systems Center, San Diego
  peggy@noscvax.UUCP
  
  JEWISH-FOOD digest 262
  
  From the Jewish Food recipe list.  Downloaded from Glen's MM Recipe
  Archive, http://www.erols.com/hosey.
 
</step></directions></recipe></recipeml>
