<?xml version="1.0" encoding="UTF-8"?>

<recipeml version="0.5">
  <recipe>
    <head>
      <title>Banana Bread</title>
      <categories>
        <cat>Breads</cat></categories>
      <yield>6</yield></head>
    <ingredients>
      <ing>
        <amt>
          <qty>3 1/2</qty>
          <unit>cups</unit></amt>
        <item>Flour</item></ing>
      <ing>
        <amt>
          <qty>4</qty>
          <unit>teaspoons</unit></amt>
        <item>Baking powder</item></ing>
      <ing>
        <amt>
          <qty>1/2</qty>
          <unit>teaspoons</unit></amt>
        <item>Baking soda</item></ing>
      <ing>
        <amt>
          <qty>1</qty>
          <unit>teaspoon</unit></amt>
        <item>Salt</item></ing>
      <ing>
        <amt>
          <qty>2</qty>
          <unit>teaspoons</unit></amt>
        <item>Vanilla extract</item></ing>
      <ing>
        <amt>
          <qty>2/3</qty>
          <unit>cups</unit></amt>
        <item>Butter</item></ing>
      <ing>
        <amt>
          <qty>1 1/3</qty>
          <unit>cups</unit></amt>
        <item>Sugar</item></ing>
      <ing>
        <amt>
          <qty>4</qty>
          <unit/></amt>
        <item>Beaten eggs</item></ing>
      <ing>
        <amt>
          <qty>4</qty>
          <unit/></amt>
        <item>To 6 bananas</item></ing>
      <ing>
        <amt>
          <qty/>
          <unit/></amt>
        <item>Chopped nuts</item></ing></ingredients>
    <directions>
      <step>  Sift together flour, baking powder, baking soda, &amp; salt. Cream butter &amp;
  sugar. Add eggs &amp; vanilla. Add flour mixture alternately with bananas. Add
  nuts. Bake 1 hour 20 minutes at 350 degrees in a greased &amp; floured 9x5x3"
  loaf pan. (Don't fill pan more than 2/3 full - bake extra batter in muffin
  tins; or divide batter, &amp; make 2 smaller loaves, baking about an hour, or
  until browned &amp; bread pulls away from sides of pan.)
 
</step></directions></recipe></recipeml>
