<?xml version="1.0" encoding="UTF-8"?>

<recipeml version="0.5">
  <recipe>
    <head>
      <title>Banana Caramel Bars</title>
      <categories>
        <cat>Bar</cat>
        <cat>Cookies</cat></categories>
      <yield>24</yield></head>
    <ingredients>
      <ing>
        <amt>
          <qty>2 1/2</qty>
          <unit>cups</unit></amt>
        <item>Flour</item></ing>
      <ing>
        <amt>
          <qty>1</qty>
          <unit>cup</unit></amt>
        <item>Sugar</item></ing>
      <ing>
        <amt>
          <qty>1</qty>
          <unit>teaspoon</unit></amt>
        <item>Baking powder</item></ing>
      <ing>
        <amt>
          <qty>1</qty>
          <unit>cup</unit></amt>
        <item>Margarine; cubed</item></ing>
      <ing>
        <amt>
          <qty>1</qty>
          <unit>large</unit></amt>
        <item>Egg; beaten</item></ing>
      <ing>
        <amt>
          <qty>2</qty>
          <unit>medium</unit></amt>
        <item>Bananas; extra ripe</item></ing>
      <ing>
        <amt>
          <qty>1/2</qty>
          <unit>cups</unit></amt>
        <item>Caramel topping</item></ing></ingredients>
    <directions>
      <step>  For crust, combine flour, sugar and baking powder in a bowl. Cut in
  margarine with pastry blender until mixture resembles coarse meal. Slowly
  stir in egg, mixing with a fork until crumbly. Pat half the mixture in 13 x
  9 inch baking pan to form crust.
  
  For filling, mash banana (1 cup). Blend bananas with caramel topping. Pour
  over crust, spreading evenly. Sprinkle remaining crust mixture over
  filling. Pat gently. Bake in 375 degree oven for 35 minutes, or until
  golden brown. Cool on rack. Cut into bars when cooled.
  
  Recipe by: Unknown
  
  Posted to recipelu-digest Volume 01 Number 307 by "Marie Smith"
  &lt;craftee@sprynet.com&gt; on Nov 25, 1997
 
</step></directions></recipe></recipeml>
