<?xml version="1.0" encoding="UTF-8"?>

<recipeml version="0.5">
  <recipe>
    <head>
      <title>Banana Bread Pudding with Banana Rum Sauce</title>
      <categories>
        <cat>Puddings</cat></categories>
      <yield>12</yield></head>
    <ingredients>
      <ing-div>
        <title>BREAD PUDDING</title>
        <ing>
          <amt>
            <qty>6</qty>
            <unit>cups</unit></amt>
          <item>Bite-sized pieces of day-old French bread</item></ing>
        <ing>
          <amt>
            <qty>3</qty>
            <unit>cups</unit></amt>
          <item>Milk</item></ing>
        <ing>
          <amt>
            <qty>3</qty>
            <unit>large</unit></amt>
          <item>Eggs</item></ing>
        <ing>
          <amt>
            <qty>2/3</qty>
            <unit>cups</unit></amt>
          <item>Plus 1 tb sugar</item></ing>
        <ing>
          <amt>
            <qty>2</qty>
            <unit>large</unit></amt>
          <item>Very ripe bananas</item></ing>
        <ing>
          <amt>
            <qty>3/4</qty>
            <unit>tablespoons</unit></amt>
          <item>Vanilla extract</item></ing>
        <ing>
          <amt>
            <qty>1</qty>
            <unit>tablespoon</unit></amt>
          <item>Ground cinnamon</item></ing>
        <ing>
          <amt>
            <qty>1/4</qty>
            <unit>teaspoons</unit></amt>
          <item>Ground nutmeg</item></ing>
        <ing>
          <amt>
            <qty>1/2</qty>
            <unit>cups</unit></amt>
          <item>Seedless raisins</item></ing>
        <ing>
          <amt>
            <qty>1/2</qty>
            <unit>cups</unit></amt>
          <item>Roasted pecans</item></ing>
        <ing>
          <amt>
            <qty>3</qty>
            <unit>tablespoons</unit></amt>
          <item>Unsalted butter</item></ing>
        <ing>
          <amt>
            <qty>3/4</qty>
            <unit>cups</unit></amt>
          <item>Heavy whipping cream</item></ing></ing-div>
      <ing-div>
        <title>BANANA RUM SAUCE</title>
        <ing>
          <amt>
            <qty>2/3</qty>
            <unit>cups</unit></amt>
          <item>Unsalted butter, room temperature</item></ing>
        <ing>
          <amt>
            <qty>1/2</qty>
            <unit>cups</unit></amt>
          <item>Packed light brown sugar</item></ing>
        <ing>
          <amt>
            <qty>6</qty>
            <unit>large</unit></amt>
          <item>Ripe bananas, quartered</item></ing>
        <ing>
          <amt>
            <qty>1</qty>
            <unit>teaspoon</unit></amt>
          <item>Ground cinnamon</item></ing>
        <ing>
          <amt>
            <qty>1/4</qty>
            <unit>teaspoons</unit></amt>
          <item>Ground nutmeg</item></ing>
        <ing>
          <amt>
            <qty>3</qty>
            <unit>tablespoons</unit></amt>
          <item>Dark rum</item></ing>
        <ing>
          <amt>
            <qty>2</qty>
            <unit>tablespoons</unit></amt>
          <item>Banana liqueur</item></ing>
        <ing>
          <amt>
            <qty>1/2</qty>
            <unit>teaspoons</unit></amt>
          <item>Pure vanilla extract</item></ing></ing-div></ingredients>
    <directions>
      <step>  Chef Frank Brigtsen of Brigtsen's Restaurant in Uptown New Orleans is a
  fantastic cross between the classic bread pudding and Bananas Foster, the
  great flaming bananas and ice cream dessert.
  
  Preheat the oven to 300F. Put the French bread pieces into a 9x12x2 inch
  baking pan. In a blender or food processor, blend the eggs, milk, 2/3 cup
  of sugar, bananas, cinnamon, nutmeg and 1/2 teaspoon of the vanilla until
  smooth. Pour this mixture over the French bread pieces. Fold in the raisins
  and the pecans and let the mixture set for 20 minutes. Top with small
  pieces of the butter.
  
  Cover the pudding with aluminum foil and place the pan into a larger pan.
  Add warm water to a depth of 1 inch in the larger pan. Bake for 1 hour.
  Remove the foil and bake uncovered for 15 minutes until set.
  
  In a deep, medium bowl, whisk the cream just until it begins to thicken.
  Add the remaining 1 tablespoon of sugar and 1/4 teaspoon vanilla. Continue
  whisking unti soft peaks form. Cover and chill.
  
  Banana Rum Sauce Heat a large saute pan or skillet over low heat. Add the
  butter, sugar, bananas, cinnamon and nutmeg. Moving the skillet back and
  forth, cook until the butter and sugar become creamy and the bananas begin
  to soften, about one minute. Remove the skillet from heat and add the rum
  and the liqueur. Return the pan to the heat. Tilt the pan, avert your face
  and and light the liquid with a long match. Shake the skillet until the
  flames subside. Add the vanilla, remove from heat and keep warm.
  
  To serve, place a large scoop of bread pudding in the middle of each
  serving plate or bowl. Place 2 slices of banana on each plate and top with
  about 3 tablespoons of sauce. Spoon the whipped cream over the bread
  pudding and serve immediately.  Walt MM
    Posted to MM-Recipes Digest V3 #260
  
    Date: Mon, 23 Sep 1996 00:05:06 -0400
  
    From: Walt Gray &lt;waltgray@mnsinc.com&gt;
 
</step></directions></recipe></recipeml>
