<?xml version="1.0" encoding="UTF-8"?>

<recipeml version="0.5">
  <recipe>
    <head>
      <title>Banana Bread</title>
      <categories>
        <cat>Breads</cat></categories>
      <yield>6</yield></head>
    <ingredients>
      <ing>
        <amt>
          <qty>1 3/4</qty>
          <unit>cups</unit></amt>
        <item>Flour</item></ing>
      <ing>
        <amt>
          <qty>2 3/4</qty>
          <unit>teaspoons</unit></amt>
        <item>Baking powder</item></ing>
      <ing>
        <amt>
          <qty>1/2</qty>
          <unit>teaspoons</unit></amt>
        <item>Salt</item></ing>
      <ing>
        <amt>
          <qty>1/3</qty>
          <unit>cups</unit></amt>
        <item>Butter or oleo</item></ing>
      <ing>
        <amt>
          <qty>2/3</qty>
          <unit>cups</unit></amt>
        <item>Sugar</item></ing>
      <ing>
        <amt>
          <qty>2</qty>
          <unit/></amt>
        <item>Eggs</item></ing>
      <ing>
        <amt>
          <qty>3</qty>
          <unit/></amt>
        <item>Ripe bananas; mashed (up to 4)</item></ing></ingredients>
    <directions>
      <step>  Cream oleo and sugar. Add eggs, one at a time. Add bananas, then dry
  ingredients which have been sifted together. Pour into well greased loaf
  pan. Cook approx. 1 hour at 350 °. You can also use muffin pans to bake
  this, just shorten the cooking time.
  
  Submitted to cookbook by Lurline Braud.
  
  Recipe by: Vista Suburban Women's Cookbook (published in 1982)
  
  Posted to recipelu-digest Volume 01 Number 550 by PLK1028 &lt;PLK1028@aol.com&gt;
  on Jan 18, 1998
 
</step></directions></recipe></recipeml>
