<?xml version="1.0" encoding="UTF-8"?>

<recipeml version="0.5">
  <recipe>
    <head>
      <title>Banana Breakfast Muffins</title>
      <categories>
        <cat>Muffins</cat></categories>
      <yield>12</yield></head>
    <ingredients>
      <ing>
        <amt>
          <qty>2</qty>
          <unit>large</unit></amt>
        <item>Mashed bananas</item></ing>
      <ing>
        <amt>
          <qty>1/3</qty>
          <unit>cups</unit></amt>
        <item>Brown sugar</item></ing>
      <ing>
        <amt>
          <qty>1</qty>
          <unit>cup</unit></amt>
        <item>Buttermilk</item></ing>
      <ing>
        <amt>
          <qty>1</qty>
          <unit/></amt>
        <item>Egg</item></ing>
      <ing>
        <amt>
          <qty>1 1/2</qty>
          <unit>teaspoons</unit></amt>
        <item>Vanilla</item></ing>
      <ing>
        <amt>
          <qty>1</qty>
          <unit>cup</unit></amt>
        <item>Flour</item></ing>
      <ing>
        <amt>
          <qty>1</qty>
          <unit>cup</unit></amt>
        <item>Whole-wheat flour</item></ing>
      <ing>
        <amt>
          <qty>3/4</qty>
          <unit>cups</unit></amt>
        <item>Natural bran</item></ing>
      <ing>
        <amt>
          <qty>1</qty>
          <unit>teaspoon</unit></amt>
        <item>Baking powder</item></ing>
      <ing>
        <amt>
          <qty>1/4</qty>
          <unit>teaspoons</unit></amt>
        <item>Baking soda</item></ing>
      <ing>
        <amt>
          <qty>1/2</qty>
          <unit>teaspoons</unit></amt>
        <item>Salt</item></ing>
      <ing>
        <amt>
          <qty>1/2</qty>
          <unit>cups</unit></amt>
        <item>Nuts; coarsely chopped</item></ing></ingredients>
    <directions>
      <step>  1.  In med bowl, beat together first six (wet) ingredients.
  
  2.  In large bowl, stir together remaining ingredients.  Add banana mixture
  and stir to moisten.
  
  3.  Spoon into 12 greased muffin cups and bake at 425F for 14 mins until
  tester comes clean.
  
  My notes:  I left out nuts.  Make sure bananas are very ripe and large! If
  in doubt use three, it can't hurt. Truly great for breakfast and a good
  source of fibre.
  
  Contributor:  "Quickies"  Monda Rosenberg Preparation Time: 00:25
  
  Posted to recipelu-digest Volume 01 Number 631 by Cathleen
  &lt;catht@interlog.com&gt; on Jan 29, 1998
 
</step></directions></recipe></recipeml>
