<?xml version="1.0" encoding="UTF-8"?>

<recipeml version="0.5">
  <recipe>
    <head>
      <title>Banana Chiffon Cake</title>
      <categories>
        <cat>Cakes</cat></categories>
      <yield>12</yield></head>
    <ingredients>
      <ing>
        <amt>
          <qty>1</qty>
          <unit>cup</unit></amt>
        <item>Egg Whites</item></ing>
      <ing>
        <amt>
          <qty>1/2</qty>
          <unit>teaspoons</unit></amt>
        <item>Cream Of Tartar</item></ing>
      <ing>
        <amt>
          <qty>2 1/4</qty>
          <unit>cups</unit></amt>
        <item>Cake Flour</item></ing>
      <ing>
        <amt>
          <qty>1</qty>
          <unit>tablespoon</unit></amt>
        <item>Baking Powder</item></ing>
      <ing>
        <amt>
          <qty>1 1/4</qty>
          <unit>cups</unit></amt>
        <item>Sugar</item></ing>
      <ing>
        <amt>
          <qty>5</qty>
          <unit/></amt>
        <item>Egg Yolk</item></ing>
      <ing>
        <amt>
          <qty>1</qty>
          <unit>cup</unit></amt>
        <item>Banana; Mashed</item></ing>
      <ing>
        <amt>
          <qty>1/2</qty>
          <unit>cups</unit></amt>
        <item>Oil</item></ing>
      <ing>
        <amt>
          <qty>3</qty>
          <unit>tablespoons</unit></amt>
        <item>Bourbon</item></ing>
      <ing>
        <amt>
          <qty>1</qty>
          <unit>teaspoon</unit></amt>
        <item>Vanilla</item></ing>
      <ing>
        <amt>
          <qty>2</qty>
          <unit>tablespoons</unit></amt>
        <item>Bourbon</item></ing>
      <ing>
        <amt>
          <qty>1</qty>
          <unit>tablespoon</unit></amt>
        <item>Milk</item></ing>
      <ing>
        <amt>
          <qty>1 1/2</qty>
          <unit>cups</unit></amt>
        <item>Confectioner's Sugar; Sifted</item></ing>
      <ing>
        <amt>
          <qty/>
          <unit/></amt>
        <item>Strawberries</item></ing>
      <ing>
        <amt>
          <qty/>
          <unit/></amt>
        <item>Banana - Sliced</item></ing></ingredients>
    <directions>
      <step>  HEAT OVEN TO 325. HAVE READY A 10" TUBE PAN WITH A REMOVABLE BOTTOM. DO NOT
  GREASE. ADD CREAM OF TARTAR TO EGG WHITES AND BEAT WITH AN ELECTRIC MIXER
  UNTIL STIFF PEAKS FORM. DON'T OVERBEAT. IN ANOTHER BOWL, STIR FLOUR, SUGAR
  AND BAKING POWDER UNTIL BLENDED. MAKE A WELL IN CENTER AND IN IT PUT THE
  EGG YOLKS, BANANAS, AND OIL. ADD WATER TO BOURBON TO MAKE 1/3 C. ADD TO
  WELL WITH VANILLA. BEAT INGREDIENTS IN WELL WITH ELECTRIC MIXER, GRADUALLY
  BEATING IN DRY INGREDIENTS FROM AROUND EDGE, JUST UNTIL YOU HAVE A SMOOTH
  BATTTER. POUR 1/3 BATTER OVER WHITES AND QUICKLY, BUT GENTLY, STIR UNTIL
  BATTER AND WHITES ARE BLENDED. REPEAT TWICE WITH REMAINING BATTER. POUR
  INTO TUBE PAN. BAKE 55 MIN. DON'T OPEN OVEN DOOR OR CAKE MAY FALL. INCREASE
  OVEN TO 350 AND BAKE 10-15 MIN LONGER, UNTIL PICK TESTS CLEAN IN CENTER.
  HANG CAKE UPSIDE DOWN AND COOL COMPLETELY. REMOVE CAKE FROM PAN.
  
  GLAZE: HEAT BOURBON AND MILK TO A SIMMER. STIR IN CONFECTIONER'S SUGAR
  UNTIL DISSOLVED. IMMEDIATELY DRIZZLE OVER TOP AND SIDES OF CAKE. LET COOL
  UNTIL GLAZE SETS BEFORE GARNISHING. CUT WITH A LONG SERRATED KNIFE.
      345    CAL
  
  Recipe by: Jim Fobel, Woman's Day,  2/1/95 Posted to MC-Recipe Digest V1
  #737 by LauraG [SMTP:gaggini@gate.usaor.net] on Aug 11, 1997
 
</step></directions></recipe></recipeml>
