<?xml version="1.0" encoding="UTF-8"?>

<recipeml version="0.5">
  <recipe>
    <head>
      <title>Banana Bread</title>
      <categories>
        <cat>Bread:quick</cat>
        <cat>Fruits</cat>
        <cat>Tried:good</cat></categories>
      <yield>1</yield></head>
    <ingredients>
      <ing>
        <amt>
          <qty>1 3/4</qty>
          <unit>cups</unit></amt>
        <item>Unbleached flour</item></ing>
      <ing>
        <amt>
          <qty>2 3/4</qty>
          <unit>teaspoons</unit></amt>
        <item>Baking powder</item></ing>
      <ing>
        <amt>
          <qty>1/2</qty>
          <unit>teaspoons</unit></amt>
        <item>Cinnamon</item></ing>
      <ing>
        <amt>
          <qty>1/4</qty>
          <unit>teaspoons</unit></amt>
        <item>Allspice</item></ing>
      <ing>
        <amt>
          <qty>1/4</qty>
          <unit>teaspoons</unit></amt>
        <item>Nutmeg</item></ing>
      <ing>
        <amt>
          <qty>1/2</qty>
          <unit>teaspoons</unit></amt>
        <item>Salt</item></ing>
      <ing>
        <amt>
          <qty>1/3</qty>
          <unit>cups</unit></amt>
        <item>Vegetable oil</item></ing>
      <ing>
        <amt>
          <qty>2/3</qty>
          <unit>cups</unit></amt>
        <item>Sugar</item></ing>
      <ing>
        <amt>
          <qty>2</qty>
          <unit/></amt>
        <item>Eggs</item></ing>
      <ing>
        <amt>
          <qty>4</qty>
          <unit/></amt>
        <item>Bananas very ripe, mashed</item></ing>
      <ing>
        <amt>
          <qty>1/2</qty>
          <unit>cups</unit></amt>
        <item>Chopped pecans or walnuts optional</item></ing></ingredients>
    <directions>
      <step>  Preheat oven to 350 degrees
  
  Sift together flour, baking powder, spices, and salt.  Beat oil, sugar and
  eggs at medium speed one minute. Add bananas to egg mixture. Mix until
  blended.  Add flour mixture, beating at low speed only until blended. Turn
  into greased loaf pan and bake for 1 hour or until toothpick inserted in
  center of loaf comes out clean.
  
  Source: Lisa Clarke, based on a recipe by Alison Meyer
  Posted to Bakery-Shoppe Digest V1 #218 by Lisa Clarke &lt;lisa@gaf.com&gt; on Sep
  4, 97
 
</step></directions></recipe></recipeml>
