<?xml version="1.0" encoding="UTF-8"?>

<recipeml version="0.5">
  <recipe>
    <head>
      <title>Banana Butter</title>
      <categories>
        <cat>None</cat></categories>
      <yield>1</yield></head>
    <ingredients>
      <ing>
        <amt>
          <qty>3 1/2</qty>
          <unit>pounds</unit></amt>
        <item>Ripe bananas</item></ing>
      <ing>
        <amt>
          <qty>3</qty>
          <unit>cups</unit></amt>
        <item>Sugar</item></ing>
      <ing>
        <amt>
          <qty>1/2</qty>
          <unit>cups</unit></amt>
        <item>Lemon juice</item></ing>
      <ing>
        <amt>
          <qty>1/2</qty>
          <unit>cups</unit></amt>
        <item>Finely chopped red maraschino cherries (I do not use</item></ing>
      <ing>
        <amt>
          <qty>1</qty>
          <unit>teaspoon</unit></amt>
        <item>Butter or margarine</item></ing></ingredients>
    <directions>
      <step>  I love this Banana Butter much more than the Apple Butter.
  
  Thoroughly mash bananas; measure 4 cups into 4 to 6 quart kettle or Dutch
  oven. Add sugar, lemon juice, cherries, and butter; mix well. Bring to hard
  rolling boil, stirring constantly. Reduce heat; simmer gently, uncovered,
  20 minutes, stirring often. Pour into hot jars, leaving 1/2 inch headspace.
  Adjust lids. Process in boiling water bath (half-pints)
       10    minutes. Makes 6 half-pints.
  Posted to recipelu-digest Volume 01 Number 188 by "Bonnie"
  &lt;solomon1@kcsnet.com&gt; on Nov 1, 1997
 
</step></directions></recipe></recipeml>
