<?xml version="1.0" encoding="UTF-8"?>

<recipeml version="0.5">
  <recipe>
    <head>
      <title>Banana Cake with Penuche Frosting</title>
      <categories>
        <cat>Cakes</cat>
        <cat>Desserts</cat></categories>
      <yield>16</yield></head>
    <ingredients>
      <ing-div>
        <title/>
        <ing>
          <amt>
            <qty>2 1/4</qty>
            <unit>cups</unit></amt>
          <item>Cake Flour; Sifted</item></ing>
        <ing>
          <amt>
            <qty>1 1/4</qty>
            <unit>teaspoons</unit></amt>
          <item>Baking Powder</item></ing>
        <ing>
          <amt>
            <qty>1 1/4</qty>
            <unit>teaspoons</unit></amt>
          <item>Baking Soda</item></ing>
        <ing>
          <amt>
            <qty>1</qty>
            <unit>teaspoon</unit></amt>
          <item>Salt</item></ing>
        <ing>
          <amt>
            <qty>2</qty>
            <unit>teaspoons</unit></amt>
          <item>Vinegar</item></ing>
        <ing>
          <amt>
            <qty/>
            <unit/></amt>
          <item>Milk</item></ing>
        <ing>
          <amt>
            <qty>2/3</qty>
            <unit>cups</unit></amt>
          <item>Vegetable Shortening</item></ing>
        <ing>
          <amt>
            <qty>1 2/3</qty>
            <unit>cups</unit></amt>
          <item>Sugar</item></ing>
        <ing>
          <amt>
            <qty>3</qty>
            <unit>large</unit></amt>
          <item>Eggs</item></ing>
        <ing>
          <amt>
            <qty>1 1/4</qty>
            <unit>cups</unit></amt>
          <item>Ripe Bananas; Mashed 3 to 4</item></ing>
        <ing>
          <amt>
            <qty>1</qty>
            <unit>cup</unit></amt>
          <item>Walnuts; Chopped</item></ing></ing-div>
      <ing-div>
        <title>PENUCHE FROSTING</title>
        <ing>
          <amt>
            <qty>1/2</qty>
            <unit>cups</unit></amt>
          <item>Butter Or Regular Margarine</item></ing>
        <ing>
          <amt>
            <qty>1</qty>
            <unit>cup</unit></amt>
          <item>Brown Sugar; Packed</item></ing>
        <ing>
          <amt>
            <qty>1/4</qty>
            <unit>cups</unit></amt>
          <item>Milk</item></ing>
        <ing>
          <amt>
            <qty>2</qty>
            <unit>cups</unit></amt>
          <item>Confectioners' Sugar; Sifted</item></ing></ing-div></ingredients>
    <directions>
      <step>  Sift the cake flour, baking powder, baking soda, and salt, blending well
  and set aside.  Place the vinegar in a measuring cup. Add enough milk to
  make 2/3 cup and set aside. Cream the shortening and sugar together, in a
  large mixing bowl, until light and fluffy, using an electric mixer set on
  medium speed. Add the eggs, one at a time, beating well after each
  addition.  Add the dry ingredients alternately with the milk mixture and
  bananas to the cream mixture, blending well after each addition, using low
  speed on the mixer. Stir in the walnuts and pour the batter into a greased
  13 X 9 X 2-inch baking pan. Bake in a preheated 350 Degree F. oven for
  about 45 minutes or until a cake tester or wooden pick inserted in the
  center comes out clean. Cool, in the pan, on a wire rack until cold to the
  touch, then frost.
  
  PENUCHE FROSTING:
  
  Heat the butter in a 2-quart saucepan, over medium heat, until bubbling but
  not browned.  Stir in the brown sugar. Cook, stirring constantly, until the
  mixture comes to a boil.  Reduce the heat to low and cook, stirring
  constantly, another 2 minutes.  Stir in the milk. Increase the heat to
  medium and cook until the mixture returns to a boil. Remove from the heat
  and cool to lukewarm.  When the mixture is luke warm, stir in the
  Confectioners' sugar and beat with a wooden spoon until well blended and
  thick enough to spread. If necessary, place the pan in a bowl of ice water
  and beat with a wooden spoon until the frosting reaches a spreading
  consistency.  If the frosting becomes too stiff, warm over low heat.
  
  From Gemini's MASSIVE MealMaster collection at www.synapse.com/~gemini
 
</step></directions></recipe></recipeml>
