<?xml version="1.0" encoding="UTF-8"?>

<recipeml version="0.5">
  <recipe>
    <head>
      <title>Banana Cake</title>
      <categories>
        <cat>Cakes</cat></categories>
      <yield>1</yield></head>
    <ingredients>
      <ing>
        <amt>
          <qty>2 1/2</qty>
          <unit>cups</unit></amt>
        <item>SUGAR</item></ing>
      <ing>
        <amt>
          <qty>1</qty>
          <unit>cup</unit></amt>
        <item>SHORTENING</item></ing>
      <ing>
        <amt>
          <qty>4</qty>
          <unit/></amt>
        <item>EGGS</item></ing>
      <ing>
        <amt>
          <qty>2</qty>
          <unit>teaspoons</unit></amt>
        <item>BAKING SODA</item></ing>
      <ing>
        <amt>
          <qty>1/2</qty>
          <unit>cups</unit></amt>
        <item>SOUR CREAM</item></ing>
      <ing>
        <amt>
          <qty>2</qty>
          <unit>cups</unit></amt>
        <item>MASHED BANANAS</item></ing>
      <ing>
        <amt>
          <qty>3</qty>
          <unit>cups</unit></amt>
        <item>SIFTED FLOUR</item></ing>
      <ing>
        <amt>
          <qty>2</qty>
          <unit>teaspoons</unit></amt>
        <item>VANILLA</item></ing>
      <ing>
        <amt>
          <qty>1/2</qty>
          <unit>teaspoons</unit></amt>
        <item>SALT</item></ing></ingredients>
    <directions>
      <step>  CREAM BUTTER&amp; SUGAR, ADD EGGS THAT ARE ALREADY BEATEN LIGHTLY, DISSOLVE
  SODA IN SOUR CREAM &amp; BEAT ALL TOGETHER WELL. ADD FLOUR , BANANAS, SALT &amp;
  VANILLA AND BEAT AGAIN. BAKE IN A WELL BUTTERED PAN.(USE BAKERS SECRET)
  BAKE IN A 13X9X2 PAN @ 350 1HR.10 MINS. cHECK SOMETIMES DONE IN 50-55 MINS
  
  NOTES : USE CREAMY CHEESE FROSTING
  Posted to MC-Recipe Digest V1 #893 by Marceline8@aol.com on Nov 9, 1997
 
</step></directions></recipe></recipeml>
