<?xml version="1.0" encoding="UTF-8"?>

<recipeml version="0.5">
  <recipe>
    <head>
      <title>Banana Bread Pudding</title>
      <categories>
        <cat>Dessert</cat></categories>
      <yield>6</yield></head>
    <ingredients>
      <ing-div>
        <title/>
        <ing>
          <amt>
            <qty>4</qty>
            <unit>cups</unit></amt>
          <item>Whole wheat bread cubes</item></ing>
        <ing>
          <amt>
            <qty>1/2</qty>
            <unit>cups</unit></amt>
          <item>Flaked coconut</item></ing>
        <ing>
          <amt>
            <qty>3</qty>
            <unit/></amt>
          <item>Eggs</item></ing>
        <ing>
          <amt>
            <qty>1</qty>
            <unit>teaspoon</unit></amt>
          <item>Ground cinnamon</item></ing>
        <ing>
          <amt>
            <qty>2 1/2</qty>
            <unit>cups</unit></amt>
          <item>Water</item></ing>
        <ing>
          <amt>
            <qty>1</qty>
            <unit>can</unit></amt>
          <item>(14-oz) Eagle Brand sweetened condensed milk (not evaporated milk)</item></ing>
        <ing>
          <amt>
            <qty>3</qty>
            <unit/></amt>
          <item>Ripe medium bananas; mashed</item></ing>
        <ing>
          <amt>
            <qty>2</qty>
            <unit>tablespoons</unit></amt>
          <item>Margarine or butter; melted</item></ing>
        <ing>
          <amt>
            <qty>2</qty>
            <unit>teaspoons</unit></amt>
          <item>Vanilla extract</item></ing>
        <ing>
          <amt>
            <qty>1/2</qty>
            <unit>teaspoons</unit></amt>
          <item>Salt</item></ing>
        <ing>
          <amt>
            <qty>1/2</qty>
            <unit>cups</unit></amt>
          <item>Chopped pecans</item></ing></ing-div>
      <ing-div>
        <title>BUTTER RUM SAUCE</title>
        <ing>
          <amt>
            <qty>1/4</qty>
            <unit>cups</unit></amt>
          <item>Butter</item></ing>
        <ing>
          <amt>
            <qty>3/4</qty>
            <unit>cups</unit></amt>
          <item>Firmly packed brown sugar</item></ing>
        <ing>
          <amt>
            <qty>1/2</qty>
            <unit>cups</unit></amt>
          <item>Borden whipping cream</item></ing>
        <ing>
          <amt>
            <qty>2</qty>
            <unit>tablespoons</unit></amt>
          <item>Rum -or-</item></ing>
        <ing>
          <amt>
            <qty>1</qty>
            <unit>tablespoon</unit></amt>
          <item>Rum flavoring</item></ing></ing-div></ingredients>
    <directions>
      <step>   Place bread and coconut in buttered 9-inch square baking pan. In large
  bowl, beat eggs and cinnamon; add remaining ingredients except nuts. Pour
  over bread, moistening completely. Top with nuts. Bake at 350 degrees for
  50 minutes or until knife comes out clean. Cool. Serve with Butter Rum
  Sauce.
  
   Butter Rum Sauce: In saucepan, melt 1/4 cup butter; add 3/4 cup firmly
  packed brown sugar and 1/2 cup Borden Whipping Cream. Boil rapidly 8 to 10
  minutes; add 2 tablespoons rum or 1 teaspoon rum flavoring.
  
  FROM "EAGLE BRAND ALL TIME
  
  FAVORITE DESSERTS WITH EAGLE
  
  BRAND CONDENSED MILK"
  
  From a collection of my mother's (Judy Hosey) recipe box which contained
  lots of her favorite recipes, clippings, etc.  Downloaded from Glen's MM
  Recipe Archive, http://www.erols.com/hosey.
 
</step></directions></recipe></recipeml>
