<?xml version="1.0" encoding="UTF-8"?>

<recipeml version="0.5">
  <recipe>
    <head>
      <title>Banana Buttermilk Pancakes</title>
      <categories>
        <cat>Breads</cat>
        <cat>Breakfast</cat>
        <cat>Low-fat</cat></categories>
      <yield>5</yield></head>
    <ingredients>
      <ing>
        <amt>
          <qty>1 1/2</qty>
          <unit>cups</unit></amt>
        <item>Whole wheat pastry flour</item></ing>
      <ing>
        <amt>
          <qty>1</qty>
          <unit>tablespoon</unit></amt>
        <item>Sugar</item></ing>
      <ing>
        <amt>
          <qty>1</qty>
          <unit>teaspoon</unit></amt>
        <item>Baking soda</item></ing>
      <ing>
        <amt>
          <qty>1 3/4</qty>
          <unit>cups</unit></amt>
        <item>Nonfat buttermilk; (1 pkg)</item></ing>
      <ing>
        <amt>
          <qty>1/4</qty>
          <unit>cups</unit></amt>
        <item>Egg Beaters® 99% egg substitute</item></ing>
      <ing>
        <amt>
          <qty>1 1/2</qty>
          <unit/></amt>
        <item>Banana; medium, sliced</item></ing>
      <ing>
        <amt>
          <qty>1 1/2</qty>
          <unit>cups</unit></amt>
        <item>Wheat germ; toasted</item></ing></ingredients>
    <directions>
      <step>  Combine the flour, sugar, and baking soda in a medium-sized bowl, and stir
  to mix well. Add the buttermilk and egg substitute, and stir to mix well.
  Fold in the bananas and wheat germ.
  
  Coat a griddle or large skillet with nonstick cooking spray, and preheat
  over medium heat until a drop of water sizzles when it hits the heated
  surface. If using an electric griddle, heat the griddle according to the
  manufacturer's directions.
  
  For each pancake, our 1/4 cup of batter onto the griddle, and spread into a
  4-inch circle. Cook for 1 minute and 30 seconds, or until the top is bubble
  and the edges are dry. Turn and cook for an additional minute, or until the
  second side is golden brown. As the pancakes are done, transfer them to a
  serving plate and keep warm in a preheated oven.
  
  Serve hot, topped with honey or maple syrup.
  
  VARIATION: To make Banana Buckwheat Pancakes, substitute 3/4 cup of
  buckwheat flour for 3/4 cup of the whole wheat flour.
  
  Recipe by: Brand Name Fat-Fighter's Cookbook by Sandra Woodruff, Posted to
  MC-Recipe Digest V1 #757 by teech &lt;teech@concentric.net&gt; on Aug 23, 1997
 
</step></directions></recipe></recipeml>
