<?xml version="1.0" encoding="UTF-8"?>

<recipeml version="0.5">
  <recipe>
    <head>
      <title>Banana Cake W/caramel Cream Cheese Frost</title>
      <categories>
        <cat>Cake</cat></categories>
      <yield>16</yield></head>
    <ingredients>
      <ing-div>
        <title/>
        <ing>
          <amt>
            <qty>2</qty>
            <unit>cups</unit></amt>
          <item>All-purpose flour</item></ing>
        <ing>
          <amt>
            <qty>1</qty>
            <unit>teaspoon</unit></amt>
          <item>Baking soda</item></ing>
        <ing>
          <amt>
            <qty>1</qty>
            <unit>pinch</unit></amt>
          <item>Salt</item></ing>
        <ing>
          <amt>
            <qty>1/2</qty>
            <unit>cups</unit></amt>
          <item>Unsalted butter; softened</item></ing>
        <ing>
          <amt>
            <qty>1</qty>
            <unit>cup</unit></amt>
          <item>Granulated sugar</item></ing>
        <ing>
          <amt>
            <qty>2</qty>
            <unit>large</unit></amt>
          <item>Eggs</item></ing>
        <ing>
          <amt>
            <qty>1</qty>
            <unit>cup</unit></amt>
          <item>Mashed; ripe banana (about 3 bananas)</item></ing>
        <ing>
          <amt>
            <qty>1/4</qty>
            <unit>cups</unit></amt>
          <item>Sour cream</item></ing>
        <ing>
          <amt>
            <qty>1</qty>
            <unit>teaspoon</unit></amt>
          <item>Pure vanilla extract</item></ing>
        <ing>
          <amt>
            <qty>1/2</qty>
            <unit>cups</unit></amt>
          <item>Chopped pecans</item></ing></ing-div>
      <ing-div>
        <title>CARAMEL GLAZE</title>
        <ing>
          <amt>
            <qty>1/4</qty>
            <unit>cups</unit></amt>
          <item>Packed brown sugar</item></ing>
        <ing>
          <amt>
            <qty>1/4</qty>
            <unit>cups</unit></amt>
          <item>Sweetened condensed milk</item></ing>
        <ing>
          <amt>
            <qty>2</qty>
            <unit>tablespoons</unit></amt>
          <item>Unsalted butter</item></ing>
        <ing>
          <amt>
            <qty>1</qty>
            <unit>cup</unit></amt>
          <item>Confectioners' sugar</item></ing>
        <ing>
          <amt>
            <qty>1</qty>
            <unit>teaspoon</unit></amt>
          <item>Pure vanilla extract</item></ing></ing-div>
      <ing-div>
        <title>FROSTING</title>
        <ing>
          <amt>
            <qty>1</qty>
            <unit>package</unit></amt>
          <item>(3-oz) cream cheese; softened</item></ing>
        <ing>
          <amt>
            <qty>6</qty>
            <unit>tablespoons</unit></amt>
          <item>Unsalted butter; softened</item></ing>
        <ing>
          <amt>
            <qty>1</qty>
            <unit>tablespoon</unit></amt>
          <item>Sour cream</item></ing>
        <ing>
          <amt>
            <qty>1</qty>
            <unit>tablespoon</unit></amt>
          <item>Pure maple syrup</item></ing>
        <ing>
          <amt>
            <qty>1</qty>
            <unit>teaspoon</unit></amt>
          <item>Pure vanilla extract (up to)</item></ing>
        <ing>
          <amt>
            <qty>3 1/2</qty>
            <unit>cups</unit></amt>
          <item>Confectioners' sugar</item></ing></ing-div></ingredients>
    <directions>
      <step>  From: Rebecca Radnor &lt;japlady@nwu.edu&gt;
  
  Date: 6 Dec 1994 15:06:03 -0500
  1. Heat oven to 350 degrees. Grease a 13- by 9-inch baking pan. Sift
  together the flour, baking soda and salt; set aside.
  
  2. Beat butter and granulated sugar in large bowl of electric mixer on high
  speed until light, 2 minutes. Add eggs, one at a time, mixing well after
  each addition. Stop the mixer and add bananas, sour cream and vanilla. Mix
  in on low speed. Fold in the dry ingredients and nuts with a rubber
  spatula.
  
  3. Transfer batter to prepared pan. Bake until a toothpick inserted in the
  center comes out clean, about 35 minutes. Cool completely on wire rack.
  
  4. For caramel glaze, combine brown sugar and condensed milk in a small
  saucepan. Cook over medium heat, stirring often, until mixture begins to
  bubble. Reduce heat to low and add butter; cook and stir until melted.
  Remove from the heat and stir in confectioners' sugar and vanilla. Spread
  over cooled cake.
  
  5. For frosting, beat cream cheese and butter until smooth. Stir in sour
  cream, maple and vanilla. Add enough confectioners' sugar to make a smooth,
  thick frosting. Carefully spread over caramel glaze.
  
  REC.FOOD.RECIPES ARCHIVES
  
  /CAKES
  
  From rec.food.cooking archives.  Downloaded from Glen's MM Recipe Archive,
  http://www.erols.com/hosey.
 
</step></directions></recipe></recipeml>
