<?xml version="1.0" encoding="UTF-8"?>

<recipeml version="0.5">
  <recipe>
    <head>
      <title>Banana Bread</title>
      <categories>
        <cat>Breads</cat></categories>
      <yield>1</yield></head>
    <ingredients>
      <ing>
        <amt>
          <qty>1 3/4</qty>
          <unit>cups</unit></amt>
        <item>All-purpose flour</item></ing>
      <ing>
        <amt>
          <qty>1 1/2</qty>
          <unit>teaspoons</unit></amt>
        <item>Baking powder</item></ing>
      <ing>
        <amt>
          <qty>1/2</qty>
          <unit>teaspoons</unit></amt>
        <item>Baking soda</item></ing>
      <ing>
        <amt>
          <qty>1/2</qty>
          <unit>teaspoons</unit></amt>
        <item>Salt</item></ing>
      <ing>
        <amt>
          <qty>1/2</qty>
          <unit>teaspoons</unit></amt>
        <item>Ground ginger</item></ing>
      <ing>
        <amt>
          <qty>1/4</qty>
          <unit>teaspoons</unit></amt>
        <item>Ground allspice</item></ing>
      <ing>
        <amt>
          <qty>1/4</qty>
          <unit>teaspoons</unit></amt>
        <item>Grated nutmeg</item></ing>
      <ing>
        <amt>
          <qty>1</qty>
          <unit>teaspoon</unit></amt>
        <item>Grated lemon peel (optional)</item></ing>
      <ing>
        <amt>
          <qty>1/4</qty>
          <unit>cups</unit></amt>
        <item>Ground almonds (optional)</item></ing>
      <ing>
        <amt>
          <qty>1/2</qty>
          <unit>cups</unit></amt>
        <item>Butter or margarine</item></ing>
      <ing>
        <amt>
          <qty>3/4</qty>
          <unit>cups</unit></amt>
        <item>Sugar</item></ing>
      <ing>
        <amt>
          <qty>2</qty>
          <unit/></amt>
        <item>Eggs</item></ing>
      <ing>
        <amt>
          <qty>1 1/2</qty>
          <unit>cups</unit></amt>
        <item>Mashed banana (4 medium bananas)</item></ing></ingredients>
    <directions>
      <step>  1. Preheat oven to 350 F.  Grease 9 x 5 inch loaf pan. 2. Sift flour,baking
  powder,  baking  soda,  salt, ginger,
     allspice and nutmeg together in bowl.  Add lemon peel and almonds.
     Stir until combined.  Set aside. 3. Beat butter in large mixing bowl
  until soft amd creamy.
     Beat  in  sugar  until  light and fluffy.  Add eggs and beat until
     thoroughly  blended.   Beat  in  flour  mixture alternately with
     bananas until mixture is well blended.  Pour into prepared pan. 4. Bake
  in center of oven 1 hour to 1 hour 5 minutes, or until
     toothpick  inserted in center comes out clean.  5. Cool in pan on
     wire  rack  10  minutes.   Invert  from pan and cool completely on
     rack.
  
  Variation: Banana-walnut or -pecan bread: Omit almonds. Add 3/4 cup
  coarsely chopped walnuts or pecans with bananas.
  
  From Gemini's MASSIVE MealMaster collection at www.synapse.com/~gemini
 
</step></directions></recipe></recipeml>
