<?xml version="1.0" encoding="UTF-8"?>

<recipeml version="0.5">
  <recipe>
    <head>
      <title>Banana Bread (No Milk or Wheat)</title>
      <categories>
        <cat>Bread</cat></categories>
      <yield>12</yield></head>
    <ingredients>
      <ing>
        <amt>
          <qty>1/4</qty>
          <unit>cups</unit></amt>
        <item>Nuts</item></ing>
      <ing>
        <amt>
          <qty>1 3/4</qty>
          <unit>cups</unit></amt>
        <item>Sifted amaranth flour or sifted brown rice flour</item></ing>
      <ing>
        <amt>
          <qty>1/2</qty>
          <unit>cups</unit></amt>
        <item>Arrowroot</item></ing>
      <ing>
        <amt>
          <qty>2</qty>
          <unit>teaspoons</unit></amt>
        <item>Baking soda</item></ing>
      <ing>
        <amt>
          <qty>1/2</qty>
          <unit>cups</unit></amt>
        <item>Chopped nuts</item></ing>
      <ing>
        <amt>
          <qty>1 1/2</qty>
          <unit>cups</unit></amt>
        <item>Very ripe mashed bananas</item></ing>
      <ing>
        <amt>
          <qty>1/4</qty>
          <unit>cups</unit></amt>
        <item>Oil</item></ing>
      <ing>
        <amt>
          <qty>1/4</qty>
          <unit>cups</unit></amt>
        <item>Honey</item></ing>
      <ing>
        <amt>
          <qty>2</qty>
          <unit/></amt>
        <item>Eggs</item></ing>
      <ing>
        <amt>
          <qty>2</qty>
          <unit>tablespoons</unit></amt>
        <item>Lemon juice</item></ing>
      <ing>
        <amt>
          <qty>1</qty>
          <unit>teaspoon</unit></amt>
        <item>Pure vanilla extract</item></ing></ingredients>
    <directions>
      <step>  Date: Mon, 25 Mar 1996 10:52:36 -0500
  
  From: Wendy Lockman &lt;wlockman@ra1.randomc.com&gt;
  Process the 1/4 c nuts in a blender until finely ground. Mix the nuts with
  the flour, arrowroot and baking soda in a large bowl. Stir in the chopped
  nuts.
  
  In a separate bowl, mix together the bananas, oil, honey, eggs, lemon juice
  and vanilla. Then pour the liquid mixture into the flour bowl and mix with
  a few swift strokes. Do not overmix.
  
  Pour into a greased 9x5" loaf pan or 2 7x3" pans. Bake large loaf at 350 F
  for 55 to 60 min, or small loaves for 45 min or until a cake tester
  inserted in the middle comes out clean. Let stand in the pan for 10 min,
  then turn the loaf out onto a wire rack to cool. Servings: Makes 1 loaf.
  
  Courtesy of Theresa Merkling. Reposted by Fred Peters.
  
  MM-RECIPES@IDISCOVER.NET
  
  MEAL-MASTER RECIPES LIST SERVER
  
  MM-RECIPES DIGEST V3 #86
  
  From the MealMaster recipe list.  Downloaded from Glen's MM Recipe Archive,
  http://www.erols.com/hosey.
 
</step></directions></recipe></recipeml>
