<?xml version="1.0" encoding="UTF-8"?>

<recipeml version="0.5">
  <recipe>
    <head>
      <title>Banana Bread</title>
      <categories>
        <cat>Low-cal</cat>
        <cat>Quickbreads</cat></categories>
      <yield>16</yield></head>
    <ingredients>
      <ing>
        <amt>
          <qty>1 1/2</qty>
          <unit>cups</unit></amt>
        <item>Flour</item></ing>
      <ing>
        <amt>
          <qty>1/2</qty>
          <unit>teaspoons</unit></amt>
        <item>Baking soda</item></ing>
      <ing>
        <amt>
          <qty>1/8</qty>
          <unit>teaspoons</unit></amt>
        <item>Salt</item></ing>
      <ing>
        <amt>
          <qty>1</qty>
          <unit>cup</unit></amt>
        <item>Mashed banana</item></ing>
      <ing>
        <amt>
          <qty>1/4</qty>
          <unit>cups</unit></amt>
        <item>Cooking oil</item></ing>
      <ing>
        <amt>
          <qty>1 1/4</qty>
          <unit>teaspoons</unit></amt>
        <item>Baking Powder</item></ing>
      <ing>
        <amt>
          <qty>1/2</qty>
          <unit>teaspoons</unit></amt>
        <item>Cinnamon</item></ing>
      <ing>
        <amt>
          <qty>2</qty>
          <unit>x</unit></amt>
        <item>Slightly beaten Egg Whites</item></ing>
      <ing>
        <amt>
          <qty>3/4</qty>
          <unit>cups</unit></amt>
        <item>Sugar</item></ing></ingredients>
    <directions>
      <step>  In a med mixing bowl stir together flour, baking powder, baking soda,
  cinnamon, and salt.
  In a large mixing bowl stir together egg whites, banana, sugar, and oil.
  Stir flour mixture just till moistened.
  Spray an 8x4x2" loaf pan with nonstick coating. Spread batter in prepared
  pan. Bake in 350 deg F oven for 45-50 minutes or till a toothpick inserted
  near the center comes out clean.
  Cool bread in the pan for 10 minutes. Remove from pan and cool thoroughly
  on a wire rack. For easier slicing, wrap the bread in plastic wrap and
  store overnight. Makes 1 loaf.
  ****************************************************************
  Per serving: 125 calories, 2 g protein, 22 g carbohydrates, 4 g fat,
  0 mg cholesterol, 81 mg sodium, 73 mg potassium.
  
  File ftp://ftp.idiscover.co.uk/pub/food/mealmaster/recipes/mmlofat3.zip
  
  Culled from the Better Homes &amp; Gardens "Diet Recipe Card Library".
 
</step></directions></recipe></recipeml>
