<?xml version="1.0" encoding="UTF-8"?>

<recipeml version="0.5">
  <recipe>
    <head>
      <title>Banana Bread 8</title>
      <categories>
        <cat>None</cat></categories>
      <yield>1</yield></head>
    <ingredients>
      <ing>
        <amt>
          <qty>1 3/4</qty>
          <unit>cups</unit></amt>
        <item>Flour</item></ing>
      <ing>
        <amt>
          <qty>2/3</qty>
          <unit>cups</unit></amt>
        <item>Sugar</item></ing>
      <ing>
        <amt>
          <qty>2</qty>
          <unit>teaspoons</unit></amt>
        <item>Bakinbg powder</item></ing>
      <ing>
        <amt>
          <qty>1/2</qty>
          <unit>teaspoons</unit></amt>
        <item>Baking soda</item></ing>
      <ing>
        <amt>
          <qty>1/4</qty>
          <unit/></amt>
        <item>Tap salt</item></ing>
      <ing>
        <amt>
          <qty>1</qty>
          <unit>cup</unit></amt>
        <item>Mashed very ripe bananas (2 to 4 bananas, depending on size)</item></ing>
      <ing>
        <amt>
          <qty>1/3</qty>
          <unit>cups</unit></amt>
        <item>Shortening</item></ing>
      <ing>
        <amt>
          <qty>2</qty>
          <unit>tablespoons</unit></amt>
        <item>Milk</item></ing>
      <ing>
        <amt>
          <qty>2</qty>
          <unit/></amt>
        <item>Eggs</item></ing>
      <ing>
        <amt>
          <qty>1/4</qty>
          <unit>cups</unit></amt>
        <item>Chopped nuts (I like walnuts best with this)</item></ing></ingredients>
    <directions>
      <step>  In large mixer bowl, combine 1 cup of the flour, sugar, baking powder,
  soda, and salt.  Add mashed bananas, shortening, and milk.  Beat on low til
  blended and then on high for 2 minutes.   Add eggs and remaining flour and
  beat just til blended.  Stir in nuts.
  
  Pour batter into a greased 8x4x2-inch loaf pan.  Bake at 350F for 55 to 60
  minutes.  (Done when tester comes out clean when inserted near center.)
  
  Cool in pan on rack for 10 minutes.  Turn out of pan and cool completely on
  rack.  The recipe says it's best when wrapped and stored overnight, but
  These usually either get stored in the freezer til gift time, or they get
  cut into as soon as they are cool enough to hold onto and cut.
  
  Posted to FOODWINE Digest 13 November 96
  
  Date:    Wed, 13 Nov 1996 14:12:46 -0500
  
  From:    Rosebud &lt;janetm@ONLINE1.MAGNUS1.COM&gt;
 
</step></directions></recipe></recipeml>
