<?xml version="1.0" encoding="UTF-8"?>

<recipeml version="0.5">
  <recipe>
    <head>
      <title>Banana Bread</title>
      <categories>
        <cat>Bread/</cat>
        <cat>Any</cat>
        <cat>Size</cat></categories>
      <yield>16</yield></head>
    <ingredients>
      <ing>
        <amt>
          <qty>2 1/2</qty>
          <unit>cups</unit></amt>
        <item>Unbleached flour</item></ing>
      <ing>
        <amt>
          <qty>1</qty>
          <unit>cup</unit></amt>
        <item>Granulated sugar</item></ing>
      <ing>
        <amt>
          <qty>2</qty>
          <unit>teaspoons</unit></amt>
        <item>Baking powder</item></ing>
      <ing>
        <amt>
          <qty>2</qty>
          <unit>teaspoons</unit></amt>
        <item>Cinnamon</item></ing>
      <ing>
        <amt>
          <qty>1</qty>
          <unit>teaspoon</unit></amt>
        <item>Baking soda</item></ing>
      <ing>
        <amt>
          <qty>1/2</qty>
          <unit>teaspoons</unit></amt>
        <item>Nutmeg</item></ing>
      <ing>
        <amt>
          <qty>1/2</qty>
          <unit>teaspoons</unit></amt>
        <item>Cloves</item></ing>
      <ing>
        <amt>
          <qty>1</qty>
          <unit>cup</unit></amt>
        <item>Bananas; mashed</item></ing>
      <ing>
        <amt>
          <qty>1</qty>
          <unit>cup</unit></amt>
        <item>Water</item></ing>
      <ing>
        <amt>
          <qty>1/2</qty>
          <unit>cups</unit></amt>
        <item>Fat-free sour cream</item></ing>
      <ing>
        <amt>
          <qty>2</qty>
          <unit/></amt>
        <item>Whole egg whites; slightly beaten</item></ing></ingredients>
    <directions>
      <step>  Preheat oven at 350. Prepare a 8 x 4 x 2" loaf pan with cooking spray and
  flour; set aside. In a mixing bowl, combine flour, sugar, baking powder,
  cinnamon, baking soda, nutmeg, and cloves. In another mixing bowl, combine
  bananas, water, sour cream, and egg whites. Mix dry ingredients with wet
  ingredients just until moistened. Pour batter into prepared pan. Bake 60
  minutes.
  
  Per serving: 127 Calories; less than one gram Fat (2% calories from fat);
  3g Protein; 30g Carbohydrate; 1mg Cholesterol; 152mg Sodium
  
  NOTES : A recipe calling for 2 to 2 1/2 cups flour can be baked in the
  following pans: 4 mini loaf pans, 12 muffin pans, 1-9 x 5" loaf pan, 1-9 x
  13" baking pan, or 2-8 x 8" baking pans.
  Recipe by: Unknown
  
  Posted to MC-Recipe Digest V1 #847 by "Anita A. Matejka" &lt;matejka@bga.com&gt;
  on Oct 15, 97
 
</step></directions></recipe></recipeml>
