<?xml version="1.0" encoding="UTF-8"?>

<recipeml version="0.5">
  <recipe>
    <head>
      <title>Banana Cherry Cheese Pie</title>
      <categories>
        <cat>None</cat></categories>
      <yield>1</yield></head>
    <ingredients>
      <ing>
        <amt>
          <qty>1</qty>
          <unit>package</unit></amt>
        <item>(3-oz) lemon flavored gelatine</item></ing>
      <ing>
        <amt>
          <qty>1</qty>
          <unit>package</unit></amt>
        <item>(8-oz) Philadelphia brand cream cheese</item></ing>
      <ing>
        <amt>
          <qty>2/3</qty>
          <unit>cups</unit></amt>
        <item>Undiluted Carnation evaporated milk</item></ing>
      <ing>
        <amt>
          <qty>1/4</qty>
          <unit>cups</unit></amt>
        <item>Sugar</item></ing>
      <ing>
        <amt>
          <qty>2</qty>
          <unit>tablespoons</unit></amt>
        <item>Lemon juice</item></ing>
      <ing>
        <amt>
          <qty>1 1/2</qty>
          <unit>cups</unit></amt>
        <item>Sliced bananas</item></ing>
      <ing>
        <amt>
          <qty>1/3</qty>
          <unit>cups</unit></amt>
        <item>Chopped maraschino cherrries</item></ing>
      <ing>
        <amt>
          <qty>1</qty>
          <unit/></amt>
        <item>9-inch graham cracker crust</item></ing></ingredients>
    <directions>
      <step>  My mother-in-law got this recipe from off a Carnation Evaporated Milk can
  years ago. I tried it and love it.
  
  Dissolve jell-o in 1 cup boiling water. Soften cream cheese and blend in
  evaporated milk. Add jello mixture, sugar and lemon juice. Blend until
  smooth. Chill until slightly thickened. Fold in banana slices and
  maraschino cherries. Pour into graham cracker crust. Chill until firm.
  Garnish with 1/4 cup graham cracker crumbs, maraschino cherries and banana
  slices.
  
  Posted to TNT Recipes Digest by vergie1@juno.com (Vergie A Ewing) on Apr
  27, 1998
 
</step></directions></recipe></recipeml>
