<?xml version="1.0" encoding="UTF-8"?>

<recipeml version="0.5">
  <recipe>
    <head>
      <title>Banana Bread 9</title>
      <categories>
        <cat>None</cat></categories>
      <yield>12</yield></head>
    <ingredients>
      <ing>
        <amt>
          <qty>1 3/4</qty>
          <unit>cups</unit></amt>
        <item>All-purpose flour</item></ing>
      <ing>
        <amt>
          <qty>2</qty>
          <unit>tablespoons</unit></amt>
        <item>Plus</item></ing>
      <ing>
        <amt>
          <qty>2</qty>
          <unit>teaspoons</unit></amt>
        <item>Firmly packed brown sugar</item></ing>
      <ing>
        <amt>
          <qty>2 1/4</qty>
          <unit>teaspoons</unit></amt>
        <item>Baking powder</item></ing>
      <ing>
        <amt>
          <qty>1/2</qty>
          <unit>teaspoons</unit></amt>
        <item>Salt</item></ing>
      <ing>
        <amt>
          <qty>1/2</qty>
          <unit>teaspoons</unit></amt>
        <item>Cinnamon</item></ing>
      <ing>
        <amt>
          <qty>8</qty>
          <unit/></amt>
        <item>Dried dates, chopped</item></ing>
      <ing>
        <amt>
          <qty>1</qty>
          <unit/></amt>
        <item>Egg beaten -or-</item></ing>
      <ing>
        <amt>
          <qty>1/4</qty>
          <unit>cups</unit></amt>
        <item>Egg substitute</item></ing>
      <ing>
        <amt>
          <qty>1 1/2</qty>
          <unit/></amt>
        <item>Very ripe medium sized banana-mashed</item></ing>
      <ing>
        <amt>
          <qty>1/4</qty>
          <unit>cups</unit></amt>
        <item>Skim milk (I like the 1% better)</item></ing></ingredients>
    <directions>
      <step>  I just made this recipe two days ago and thought it was pretty good and a
  significant drop in fat! It is taken from 'The Weight Watchers Complete
  Cookbook and Program Basics', page 75, Macmillan-(I made couple of slight
  modifications to this if you have the book).
  
  Preheat oven to 350 degrees F. Spray 8X4" loaf pan with cooking spray. In a
  medium bowl, combine dry ingredients. Make a well in the middle of the dry
  ingredients and add the egg, banana, and the milk. mix these slightly in
  the middle, then blend with flour mixture until just mixed-Do not overmix!
  Pour into loaf pan and bake about 1 hour or until toothpick inserted in the
  middle comes out clean. Turn out onto rack to cool.
  
  per serving (with the egg and the skim milk) 119 calories, 3 g. protein, 1
  g. fat, 26 g. carbohydrate, 193 mg Sodium, 18 mg cholesterol, 1 g. dietary
  fiber.
  Posted to FOODWINE Digest 22 October 96
  
  Date:    Wed, 23 Oct 1996 07:48:32 -0700
  
  From:    Frank &amp; Penny Coster &lt;penelope@SONIC.NET&gt;
 
</step></directions></recipe></recipeml>
