<?xml version="1.0" encoding="UTF-8"?>

<recipeml version="0.5">
  <recipe>
    <head>
      <title>Banana Bread 3</title>
      <categories>
        <cat>Diabetic</cat>
        <cat>Breads/bm</cat>
        <cat>Low-fat/cal</cat></categories>
      <yield>20</yield></head>
    <ingredients>
      <ing>
        <amt>
          <qty>1/4</qty>
          <unit>cups</unit></amt>
        <item>Sugar;</item></ing>
      <ing>
        <amt>
          <qty>3/4</qty>
          <unit>cups</unit></amt>
        <item>Sugar Twin;</item></ing>
      <ing>
        <amt>
          <qty>1/3</qty>
          <unit>cups</unit></amt>
        <item>Margarine;</item></ing>
      <ing>
        <amt>
          <qty>1</qty>
          <unit/></amt>
        <item>Egg;</item></ing>
      <ing>
        <amt>
          <qty>2</qty>
          <unit/></amt>
        <item>Egg whites;</item></ing>
      <ing>
        <amt>
          <qty>1</qty>
          <unit>teaspoon</unit></amt>
        <item>Baking soda;</item></ing>
      <ing>
        <amt>
          <qty>2</qty>
          <unit>cups</unit></amt>
        <item>Flour;</item></ing>
      <ing>
        <amt>
          <qty>4</qty>
          <unit>tablespoons</unit></amt>
        <item>Milk;</item></ing>
      <ing>
        <amt>
          <qty>3/4</qty>
          <unit>teaspoons</unit></amt>
        <item>Vinegar;</item></ing>
      <ing>
        <amt>
          <qty>3</qty>
          <unit/></amt>
        <item>Bananas; ripe, mashed</item></ing></ingredients>
    <directions>
      <step>  Blend sugar, Sugar Twin, and margarine.  Add eggs and mix well. Sift flour
  and soda into bowl and stir. Mix milk and vinegar together, then add to
  mixture. Fold in bananas. Bake 1 hour at 350 degrees in greased 9 x 5 loaf
  pan.  Let cool and cut into 20 slices.
  
  Nutrients per slice:  Calories 108, fat 3.6g, cholesterol 14 mg,
  carbohydrate 17g, sodium 63mg.
  
  Exchanges:  Bread 1, fruit 1/4, fat 1.
  
  Source:  "There IS Life after Lettuce" by Pepper Durcholz, Alberta Gentry,
  Carolyn Williamson, M.S.
  
  Formatted for Meal-Master by Joyce Burton.
  
  Posted to MM-Recipes Digest V3 #275
  
  Date: Sun, 6 Oct 1996 21:41:24 -0600
  
  From: netdir@cyberspc.mb.ca (S.Pickell)
 
</step></directions></recipe></recipeml>
