<?xml version="1.0" encoding="UTF-8"?>

<recipeml version="0.5">
  <recipe>
    <head>
      <title>Banana Cake</title>
      <categories>
        <cat/></categories>
      <yield>100</yield></head>
    <ingredients>
      <ing>
        <amt>
          <qty>2</qty>
          <unit>cups</unit></amt>
        <item>WATER</item></ing>
      <ing>
        <amt>
          <qty>2</qty>
          <unit>cups</unit></amt>
        <item>WATER</item></ing>
      <ing>
        <amt>
          <qty>3 3/4</qty>
          <unit>pounds</unit></amt>
        <item>BANANAS FRESH</item></ing>
      <ing>
        <amt>
          <qty>10</qty>
          <unit>pounds</unit></amt>
        <item>CAKE MIX YELLOW #10</item></ing>
      <ing>
        <amt>
          <qty>8</qty>
          <unit>ounces</unit></amt>
        <item>SALAD OIL; 1 GAL</item></ing>
      <ing>
        <amt>
          <qty>PAN:</qty>
          <unit>18</unit></amt>
        <item>BY 26-INCH SHEET PAN                TEMPERATURE:  350 F. OVEN</item></ing></ingredients>
    <directions>
      <step>  1.  BEAT BANANAS IN MIXER BOWL AT HIGH SPEED UNTIL SMOOTH.
  
  2.  ADD CAKE MIX, BOTH SODA POUCHES, SALAD OIL AND WATER TO BANANAS.  BEAT
  AT LOW SPEED 3 MINUTES.  SCRAPE DOWN BOWL.
  
  3.  ADD WATER GRADUALLY WHILE MIXING AT LOW SPEED, ABOUT 1 MINUTE.  SCRAPE
  DOWN BOWL.  BEAT AT MEDIUM SPEED 3 MINUTES.
  
  4.  POUR 4 1/4 QT (ABOUT 8 LB 1 OZ) BATTER INTO EACH GREASED AND FLOURED
  PAN.
  
  5.  BAKE 45 TO 50 MINUTES OR UNTIL DONE.
  
  6.  COOL; FROST IF DESIRED.  CUT 6 BY 9.
  
  NOTE:  1.  IN STEP 1, 5 LB 8 OZ BANANAS A.P. WILL YIELD 3 LB 12 OZ BANANAS.
  BANANAS MUST BE FULLY RIPENED.
  
  2.  OTHER PAN SIZES MAY BE USED. SEE RECIPE CARD G-G-4.
  
  3.  IN STEP 5, IF CONVECTION OVEN IS USED, BAKE AT 300 F., 35-40
  MINUTES OR UNTIL DONE ON LOW FAN, OPEN VENT.
  
  Recipe Number: G00600
  
  SERVING SIZE: 1 PIECE
  
  From the &lt;Army Master Recipe Index File&gt; (actually used today!).
  Downloaded from Glen's MM Recipe Archive, http://www.erols.com/hosey.
 
</step></directions></recipe></recipeml>
