<?xml version="1.0" encoding="UTF-8"?>

<recipeml version="0.5">
  <recipe>
    <head>
      <title>Banana Bread Pudding with Rum Sauce</title>
      <categories>
        <cat>Desserts</cat>
        <cat>Puddings</cat>
        <cat>Breads</cat></categories>
      <yield>8</yield></head>
    <ingredients>
      <ing-div>
        <title>BANANA BREAD PUDDING</title>
        <ing>
          <amt>
            <qty>1/3</qty>
            <unit>cups</unit></amt>
          <item>Raisins or currants</item></ing>
        <ing>
          <amt>
            <qty>2</qty>
            <unit>tablespoons</unit></amt>
          <item>Butter; Plus Extra For Pan</item></ing>
        <ing>
          <amt>
            <qty>3</qty>
            <unit/></amt>
          <item>Bananas; peeled, halved Crosswise And Then Lengthwise</item></ing>
        <ing>
          <amt>
            <qty>5</qty>
            <unit/></amt>
          <item>Sugar</item></ing>
        <ing>
          <amt>
            <qty>2</qty>
            <unit>cups</unit></amt>
          <item>Whipping cream</item></ing>
        <ing>
          <amt>
            <qty>4</qty>
            <unit>large</unit></amt>
          <item>Eggs</item></ing>
        <ing>
          <amt>
            <qty>1</qty>
            <unit>teaspoon</unit></amt>
          <item>Vanilla extract</item></ing>
        <ing>
          <amt>
            <qty>8</qty>
            <unit>ounces</unit></amt>
          <item>Firm white bread slices; crusts trimmed, Each Slice Cut Into 3 Strips</item></ing>
        <ing>
          <amt>
            <qty>1/2</qty>
            <unit>cups</unit></amt>
          <item>Toasted Pecans (About 2 Ounces); Chopped</item></ing></ing-div>
      <ing-div>
        <title>RUM SAUCE</title>
        <ing>
          <amt>
            <qty>1/4</qty>
            <unit>cups</unit></amt>
          <item>Unsalted butter</item></ing>
        <ing>
          <amt>
            <qty>1/2</qty>
            <unit>cups</unit></amt>
          <item>Whipping cream</item></ing>
        <ing>
          <amt>
            <qty>1/2</qty>
            <unit>cups</unit></amt>
          <item>Packed dark brown sugar</item></ing>
        <ing>
          <amt>
            <qty>1</qty>
            <unit>pinch</unit></amt>
          <item>Salt</item></ing>
        <ing>
          <amt>
            <qty>2</qty>
            <unit>tablespoons</unit></amt>
          <item>Dark rum</item></ing></ing-div></ingredients>
    <directions>
      <step>  For rum sauce: Melt butter in heavy medium saucepan over medium-high heat.
  Add cream, sugar, and salt. Bring to a boil, stirring until sugar
  dissolves. Remove from heat. Stir in rum. (Can be prepared 2 days ahead.
  
  Cover and refrigerate. Rewarm over low heat, stirring constantly.)
  
  For Banana Bread Pudding: Combine raisins and 2 tablespoons rum in a small
  bowl. Let stand 20 minutes. Melt 2 tablespoons butter in a heavy skillet
  over medium heat. Add banana and 2 tablespoons sugar and cook until bananas
  are tender, about 2 minutes per side. Remove from heat. Combine whipping
  cream, eggs, vanilla extract and remaining 1/4 cup rum and 3 tablespoons
  sugar in medium bowl and whisk to blend. Preheat oven to 350'F. Butter
  9x5x3-inch loaf pan. Arrange 1/3 of bread strips crosswise in bottom of
  prepared pan. Arrange 6 banana pieces atop bread. Sprinkle with half of
  raisins and half of pecans. Arrange 1/3 of bread strips crosswise atop
  bananas. Pour half of egg mixture over.
  
  Arrange remaining banana pieces atop bread. Sprinkle remaining pecans and
  raisins. Arrange remaining bread strips crosswise atop bananas. Pour
  remaining egg mixture over. Press gently on top layer to compact.
  
  Let stand 15 minutes. Bake bread pudding until puffed and golden and a
  knife inserted into the center comes out clean, about 45 minutes. Transfer
  to rack and cool slightly. Cut bread pudding into slices. Arrange on
  plates; drizzle with warm Rum Sauce and serve. 6-8 servings
  
  Recipe by: Bon Appetite
  
  Posted to MC-Recipe Digest V1 #975 by "Bob &amp; Carole Walberg"
  &lt;walbergr@mb.sympatico.ca&gt; on Dec 30, 1997
 
</step></directions></recipe></recipeml>
