<?xml version="1.0" encoding="UTF-8"?>

<recipeml version="0.5">
  <recipe>
    <head>
      <title>All-South Barbecue Rub</title>
      <categories>
        <cat>Thrill of t</cat>
        <cat>Barbeque</cat>
        <cat>Rubs</cat></categories>
      <yield>1</yield></head>
    <ingredients>
      <ing>
        <amt>
          <qty>2</qty>
          <unit>tablespoons</unit></amt>
        <item>Salt</item></ing>
      <ing>
        <amt>
          <qty>2</qty>
          <unit>tablespoons</unit></amt>
        <item>Sugar</item></ing>
      <ing>
        <amt>
          <qty>2</qty>
          <unit>tablespoons</unit></amt>
        <item>Brown sugar</item></ing>
      <ing>
        <amt>
          <qty>2</qty>
          <unit>tablespoons</unit></amt>
        <item>Ground cumin</item></ing>
      <ing>
        <amt>
          <qty>2</qty>
          <unit>tablespoons</unit></amt>
        <item>Chili powder</item></ing>
      <ing>
        <amt>
          <qty>2</qty>
          <unit>tablespoons</unit></amt>
        <item>Black pepper; freshly cracked</item></ing>
      <ing>
        <amt>
          <qty>1</qty>
          <unit>tablespoon</unit></amt>
        <item>Cayenne pepper</item></ing>
      <ing>
        <amt>
          <qty>4</qty>
          <unit>tablespoons</unit></amt>
        <item>Paprika</item></ing></ingredients>
    <directions>
      <step>  All you do is throw them together and mix them well.
  Recipe By     : The Thrill of the Grill by Chris Schlesinger
  
  Posted to FOODWINE Digest  8 October 96
  
  Date:    Tue, 8 Oct 1996 16:43:44 -0400
  
  From: Carey Starzinger - BBQ Mailing List
  
  NOTES : Formatted for you by: Garry Howard - Cambridge, MA
  garry_howard@hpatc1.desk.hp.com or garhow@aol.com
 
</step></directions></recipe></recipeml>
