<?xml version="1.0" encoding="UTF-8"?>

<recipeml version="0.5">
  <recipe>
    <head>
      <title>All-Purpose Barbecue Rub</title>
      <categories>
        <cat>None</cat></categories>
      <yield>1</yield></head>
    <ingredients>
      <ing>
        <amt>
          <qty>1/2</qty>
          <unit>cups</unit></amt>
        <item>Paprika</item></ing>
      <ing>
        <amt>
          <qty>2</qty>
          <unit>tablespoons</unit></amt>
        <item>Ground cumin</item></ing>
      <ing>
        <amt>
          <qty>2</qty>
          <unit>tablespoons</unit></amt>
        <item>Chile powder; (mild)</item></ing>
      <ing>
        <amt>
          <qty>2</qty>
          <unit>tablespoons</unit></amt>
        <item>Ground black pepper</item></ing>
      <ing>
        <amt>
          <qty>1</qty>
          <unit>teaspoon</unit></amt>
        <item>Cayenne pepper powder</item></ing>
      <ing>
        <amt>
          <qty>1/2</qty>
          <unit>teaspoons</unit></amt>
        <item>Ground cloves</item></ing></ingredients>
    <directions>
      <step>  Mix all ingredients in small bowl.
  
  Makes 1 cup.
  
  This rub, adapted from Big Flavors of the Hot Sun (Morrow, 1994), is a
  little sweet, a little hot, with just a hint of clove. It can be used on
  
  just about anything that you plan to barbecue, that is, to cook over low,
  indirect heat for a long period of time. For large red-meat roasts, such
  
  as leg of lamb or standing rib, increase the cayenne pepper from one
  teaspoon to one tablespoon and substitute one teaspoon cinnamon for the
  ground cloves.
  
  Cook's Illustrated, July/Aug. 1995, Page 21. Credit: Chris Schlesinger and
  John Willoughby.
  
  Nationality: USA Season:any Method: combined
  
  Start to Finish 5 minutes Preparation 5 minutes Attention a minute or less
  Finishing a minute or less
  
  Converted from Mangia!, Cook's Illustrated 1993-1995 Cookbook
  
  Recipe by: Cook's Illustrated, July/Aug. 1995, Page 21.
  
  Posted to MC-Recipe Digest by "Hobbs, D B                 USO"
  &lt;hobbs@lbcapo1.uso.unisys.com&gt; on Mar 10, 1998
 
</step></directions></recipe></recipeml>
