<?xml version="1.0" encoding="UTF-8"?>

<recipeml version="0.5">
  <recipe>
    <head>
      <title>All-In-One Chicken</title>
      <categories>
        <cat>Bobbie - no</cat>
        <cat>Carrots</cat>
        <cat>Chicken</cat>
        <cat>Green/wax b</cat></categories>
      <yield>4</yield></head>
    <ingredients>
      <ing>
        <amt>
          <qty>2</qty>
          <unit>medium</unit></amt>
        <item>Potatoes</item></ing>
      <ing>
        <amt>
          <qty>2</qty>
          <unit>medium</unit></amt>
        <item>Carrots</item></ing>
      <ing>
        <amt>
          <qty>1</qty>
          <unit>medium</unit></amt>
        <item>Onion</item></ing>
      <ing>
        <amt>
          <qty>1</qty>
          <unit>pound</unit></amt>
        <item>Boneless skinless chicken breasts</item></ing>
      <ing>
        <amt>
          <qty>1/2</qty>
          <unit>cups</unit></amt>
        <item>Dry white wine; vermouth, beer or chicken stock</item></ing>
      <ing>
        <amt>
          <qty>1</qty>
          <unit/></amt>
        <item>Bay leaf; broken in half</item></ing>
      <ing>
        <amt>
          <qty>10</qty>
          <unit>ounces</unit></amt>
        <item>Frozen green beans</item></ing></ingredients>
    <directions>
      <step>  Preheat oven to 350 F. Wash the potatoes but do not peel. Cut in quarters.
  Wash carrots and cut into 2 inch chunks. Peel onion and cut into wedges. In
  an ungreased 8x12" or 9x13" baking dish, arrange the chicken, potatoes,
  carrots and onion. Pour the wine or other liquid over the chicken. Add the
  bay leaf. Cover baking dish with foil. Bake the chicken for 1 hour. Uncover
  the chicken and add the green beans. Continue baking for 10-15 minutes or
  until the chicken is thoroughly cooked and vegetables are tender. Makes 4
  servings. Nutritional information per serving: 229 calories, 61 mg.
  cholesterol, 1.6 gr. fat, 90 mg. sodium MC formatting by
  bobbi744@sojourn.com
  
  Recipe by: Lansing State Journal, Oct 14, '96 Posted to Digest
  eat-lf.v097.n207 by Roberta Banghart &lt;bobbi744@sojourn.com&gt; on Aug 16, 1997
 
</step></directions></recipe></recipeml>
