<?xml version="1.0" encoding="UTF-8"?>

<recipeml version="0.5">
  <recipe>
    <head>
      <title>All-Season Bread</title>
      <categories>
        <cat>Breads</cat></categories>
      <yield>2</yield></head>
    <ingredients>
      <ing>
        <amt>
          <qty>3</qty>
          <unit>cups</unit></amt>
        <item>Flour</item></ing>
      <ing>
        <amt>
          <qty>2</qty>
          <unit>teaspoons</unit></amt>
        <item>Vanilla</item></ing>
      <ing>
        <amt>
          <qty>2</qty>
          <unit>teaspoons</unit></amt>
        <item>Soda</item></ing>
      <ing>
        <amt>
          <qty>1 1/2</qty>
          <unit>teaspoons</unit></amt>
        <item>Cinnamon</item></ing>
      <ing>
        <amt>
          <qty>2</qty>
          <unit>cups</unit></amt>
        <item>Sugar</item></ing>
      <ing>
        <amt>
          <qty>3/4</qty>
          <unit>cups</unit></amt>
        <item>Chopped walnuts or pecans</item></ing>
      <ing>
        <amt>
          <qty>1</qty>
          <unit>teaspoon</unit></amt>
        <item>Salt</item></ing>
      <ing>
        <amt>
          <qty>1</qty>
          <unit>can</unit></amt>
        <item>Crushed pineapple</item></ing>
      <ing>
        <amt>
          <qty>3/4</qty>
          <unit>cups</unit></amt>
        <item>Vegetable oil</item></ing>
      <ing>
        <amt>
          <qty>2</qty>
          <unit>cups</unit></amt>
        <item>Prepared fruit or</item></ing>
      <ing>
        <amt>
          <qty>1/2</qty>
          <unit>teaspoons</unit></amt>
        <item>Baking powder</item></ing>
      <ing>
        <amt>
          <qty/>
          <unit/></amt>
        <item>Vegetable; as below</item></ing>
      <ing>
        <amt>
          <qty>3</qty>
          <unit/></amt>
        <item>Eggs</item></ing></ingredients>
    <directions>
      <step>   ALL-SEASON BREAD Apple Bread: Shred two peeled, cored apples to make 2
  cups. Carrot Bread: Peel and shred 2 carrots to make 2 cups. Stir in 1 T.
  reserved pineapple juice.
  
  Sweet Potato Bread: Peel and shred 1 sweet potato to make 2 cups. Stir in 1
  T. of reserved pineapple juice.
  
  Zucchini Bread: Shred 2 zucchini to make 2 cups.
  
  Combine first six ingredients and set aside. Beat eggs and add next 3
  ingredients. Beat until creamy. Drain pineapple and reserve 1 T. if called
  for. Stir in pineapple and prepared fruit or vegetable. Stir in dry
  ingredients just until moistened. Spoon into 2 greased and floured 5x3 loaf
  pans. Bake at 350 degrees for 1 hour or until toothpick comes out clean.
  Cool 10 minutes before removing.
  
  Other pans: Two 6-cup Bundt pans take 45 minutes. Two shortening cans take
  1 hour and 15 minutes. Two 7x3-1/2x2 pans take 45 to 50 minutes. Eight
  4-1/2x2-1/2x1-1/2 pans take about 30 to 35 minutes.
  
  Contributed to the echo by: BOYD NARON
  
  Posted to recipelu-digest Volume 01 Number 386 by P&amp;S Gruenwald
  &lt;sitm@ne.infi.net&gt; on Dec 19, 1997
 
</step></directions></recipe></recipeml>
