<?xml version="1.0" encoding="UTF-8"?>

<recipeml version="0.5">
  <recipe>
    <head>
      <title>All-Purpose Ground Meat Mix</title>
      <categories>
        <cat>Homemade co</cat>
        <cat>Meat</cat></categories>
      <yield>1</yield></head>
    <ingredients>
      <ing>
        <amt>
          <qty>5</qty>
          <unit>pounds</unit></amt>
        <item>Ground beef -- or turkey or</item></ing>
      <ing>
        <amt>
          <qty/>
          <unit/></amt>
        <item>Chicken</item></ing>
      <ing>
        <amt>
          <qty>1</qty>
          <unit>tablespoon</unit></amt>
        <item>Salt</item></ing>
      <ing>
        <amt>
          <qty>2</qty>
          <unit>cups</unit></amt>
        <item>Chopped celery</item></ing>
      <ing>
        <amt>
          <qty>2</qty>
          <unit>cups</unit></amt>
        <item>Chopped onion</item></ing>
      <ing>
        <amt>
          <qty>1</qty>
          <unit>cup</unit></amt>
        <item>Diced green pepper</item></ing></ingredients>
    <directions>
      <step>  In a large pot or Dutch oven, brown the ground meat, stirring to break up
  any large pieces.  Drain off excess grease.  Stir in salt, celery, onion
  and bell pepper.  Cover; simmer until vegetables are crisp/tender, about 10
  minutes.  Remove from heat; set
  
  Ladle meat mixture into six 2-c  freezer containers with tight-fitting
  lids; leave 1/2" of space at the top of each.  Draw a knife several times
  through the mixture in each container to prevent air pockets.  Secure lids
  on the containers; label with date
  
  Makes 6 packages, or about 12 c , of All-Purpose Ground Meat Mix.
  
  Posted to EAT-L Digest - 19 Jun 96
  
  Date:    Thu, 20 Jun 1996 17:41:37 -0600
  
  From:    Ilene Warfield &lt;ilenewar@STARNETINC.COM&gt;
  
  Recipe By     : _Make-A-Mix_ by Eliason, Harward &amp; Westover
 
</step></directions></recipe></recipeml>
