<?xml version="1.0" encoding="UTF-8"?>

<recipeml version="0.5">
  <recipe>
    <head>
      <title>All-Purpose Mix</title>
      <categories>
        <cat>Bread</cat></categories>
      <yield>1</yield></head>
    <ingredients>
      <ing-div>
        <title>MIX INGREDIENTS</title>
        <ing>
          <amt>
            <qty>9</qty>
            <unit>cups</unit></amt>
          <item>Sifted all-purpose flour</item></ing>
        <ing>
          <amt>
            <qty>1</qty>
            <unit>tablespoon</unit></amt>
          <item>Salt</item></ing>
        <ing>
          <amt>
            <qty>2</qty>
            <unit>cups</unit></amt>
          <item>Crisco shortening</item></ing>
        <ing>
          <amt>
            <qty>3</qty>
            <unit>tablespoons</unit></amt>
          <item>Baking powder</item></ing>
        <ing>
          <amt>
            <qty>1/4</qty>
            <unit>cups</unit></amt>
          <item>Sugar</item></ing></ing-div>
      <ing-div>
        <title>FOR BISCUITS</title>
        <ing>
          <amt>
            <qty>3</qty>
            <unit>cups</unit></amt>
          <item>Mix</item></ing>
        <ing>
          <amt>
            <qty>2/3</qty>
            <unit>cups</unit></amt>
          <item>Milk</item></ing></ing-div>
      <ing-div>
        <title>FOR PANCAKES</title>
        <ing>
          <amt>
            <qty>3</qty>
            <unit>cups</unit></amt>
          <item>Mix</item></ing>
        <ing>
          <amt>
            <qty>1</qty>
            <unit>cup</unit></amt>
          <item>Milk</item></ing>
        <ing>
          <amt>
            <qty>2</qty>
            <unit/></amt>
          <item>Eggs</item></ing></ing-div>
      <ing-div>
        <title>FOR CHEESE BISCUITS</title>
        <ing>
          <amt>
            <qty>3</qty>
            <unit>cups</unit></amt>
          <item>Mix</item></ing>
        <ing>
          <amt>
            <qty>2/3</qty>
            <unit>cups</unit></amt>
          <item>Milk</item></ing>
        <ing>
          <amt>
            <qty>1/2</qty>
            <unit>cups</unit></amt>
          <item>Grated American cheese</item></ing>
        <ing>
          <amt>
            <qty>1</qty>
            <unit>teaspoon</unit></amt>
          <item>Paprika</item></ing></ing-div>
      <ing-div>
        <title>FOR MUFFINS</title>
        <ing>
          <amt>
            <qty>3</qty>
            <unit>cups</unit></amt>
          <item>Mix</item></ing>
        <ing>
          <amt>
            <qty>1</qty>
            <unit>cup</unit></amt>
          <item>Milk</item></ing>
        <ing>
          <amt>
            <qty>1</qty>
            <unit/></amt>
          <item>Egg</item></ing>
        <ing>
          <amt>
            <qty>2</qty>
            <unit>tablespoons</unit></amt>
          <item>Sugar</item></ing></ing-div></ingredients>
    <directions>
      <step>  Stir baking powder, salt &amp; sugar into flour. Sift together 3 times into
  large mixing bowl. Cut in shortening with pastry blender until mix is
  consistency of cornmeal. Store in a tightly covered container at room
  temperature. To measure mix, pile it lightly into a standard cup &amp; level
  off with a spatula. BISCUITS; Stir ingredients &amp; roll as for other
  biscuits. Bake at 450 until done. PANCAKES: Stir ingredients together &amp;
  grill as usual. CHEESE BISCUITS: Mix ingredients, bake as for biscuits.
  MUFFINS:  Mix &amp; bake at 425.
  
  MRS GERALD (GIN) TERRAIN
  
  STARTING MIX FOR VARIOUS BREADS
  
  From the &lt;The Bliss of Cooking Returns&gt;, Fort Bliss Officers Wives Club,
  Ft. Bliss, TX.  Downloaded from Glen's MM Recipe Archive,
  http://www.erols.com/hosey.
 
</step></directions></recipe></recipeml>
