<?xml version="1.0" encoding="UTF-8"?>

<recipeml version="0.5">
  <recipe>
    <head>
      <title>All-In-One Sausage and Zucchini Casserole</title>
      <categories>
        <cat>None</cat></categories>
      <yield>1</yield></head>
    <ingredients>
      <ing>
        <amt>
          <qty>2</qty>
          <unit>tablespoons</unit></amt>
        <item>Olive oil; (2 to 3)</item></ing>
      <ing>
        <amt>
          <qty>1 1/2</qty>
          <unit>pounds</unit></amt>
        <item>Ground chuck</item></ing>
      <ing>
        <amt>
          <qty>1</qty>
          <unit>pound</unit></amt>
        <item>Hot or mild Italian sausage</item></ing>
      <ing>
        <amt>
          <qty>3</qty>
          <unit/></amt>
        <item>Zucchini;  cut into 1/2-inch</item></ing>
      <ing>
        <amt>
          <qty/>
          <unit/></amt>
        <item>Cubes</item></ing>
      <ing>
        <amt>
          <qty>4</qty>
          <unit/></amt>
        <item>Garlic cloves;  chopped</item></ing>
      <ing>
        <amt>
          <qty>1</qty>
          <unit/></amt>
        <item>Onion;  sliced</item></ing>
      <ing>
        <amt>
          <qty>1</qty>
          <unit>cup</unit></amt>
        <item>Long-grain rice</item></ing>
      <ing>
        <amt>
          <qty>1</qty>
          <unit>can</unit></amt>
        <item>Whole tomatoes; (14 1/2 ounce)</item></ing>
      <ing>
        <amt>
          <qty/>
          <unit/></amt>
        <item>Chopped</item></ing>
      <ing>
        <amt>
          <qty>2</qty>
          <unit>teaspoons</unit></amt>
        <item>Fennel seed</item></ing>
      <ing>
        <amt>
          <qty>1/2</qty>
          <unit>teaspoons</unit></amt>
        <item>Red pepper flakes</item></ing>
      <ing>
        <amt>
          <qty>1</qty>
          <unit>tablespoon</unit></amt>
        <item>Finely chopped fresh basil</item></ing>
      <ing>
        <amt>
          <qty>1</qty>
          <unit>tablespoon</unit></amt>
        <item>Finely chopped fresh rosemary</item></ing>
      <ing>
        <amt>
          <qty/>
          <unit/></amt>
        <item>Salt and freshly ground black pepper</item></ing>
      <ing>
        <amt>
          <qty>3</qty>
          <unit>cups</unit></amt>
        <item>Chicken broth or stock</item></ing>
      <ing>
        <amt>
          <qty>1</qty>
          <unit>cup</unit></amt>
        <item>Freshly grated Parmesan cheese</item></ing></ingredients>
    <directions>
      <step>  Preheat oven to 375 degrees. Heat the oil in a large 5-quart Dutch oven.
  Add the ground chuck and sausage. Brown. Drain and set aside. In the Dutch
  oven in the oil, saute the zucchini, garlic, and onion until soft and
  translucent. Add the rice and cook until opaque, about 2 minutes. Add the
  tomatoes, fennel, red pepper flakes, basil, rosemary, salt, pepper, and
  chicken broth. Heat through until just to the boil. Stir in the meat.
  Transfer to a rectangular baking dish. Top with the Parmesan cheese and
  bake 1 hour. Top with additional Parmesan cheese if desired, when served.
  May be made 1 to 2 days ahead. The casserole freezes. Defrost and reheat.
  Yield: 6 to 8 servings
  Posted to EAT-L Digest 27 Sep 96
  
  Date:    Fri, 27 Sep 1996 21:27:43 -0500
  
  From:    Jackie Bordelon &lt;jbord@PREMIER.NET&gt;
  
  NOTES : NATHALIE DUPREE COOKS #ND7111
 
</step></directions></recipe></recipeml>
