<?xml version="1.0" encoding="UTF-8"?>

<recipeml version="0.5">
  <recipe>
    <head>
      <title>All-Time Favorite Barbecue Sauce</title>
      <categories>
        <cat>Sauces</cat></categories>
      <yield>10</yield></head>
    <ingredients>
      <ing>
        <amt>
          <qty>1</qty>
          <unit>cup</unit></amt>
        <item>Condensed Tomato Soup</item></ing>
      <ing>
        <amt>
          <qty>1/4</qty>
          <unit>cups</unit></amt>
        <item>Vinegar</item></ing>
      <ing>
        <amt>
          <qty>1/4</qty>
          <unit>cups</unit></amt>
        <item>Vegetable oil</item></ing>
      <ing>
        <amt>
          <qty>2</qty>
          <unit>tablespoons</unit></amt>
        <item>Packed brown sugar</item></ing>
      <ing>
        <amt>
          <qty>1</qty>
          <unit>tablespoon</unit></amt>
        <item>Worcestershire sauce</item></ing>
      <ing>
        <amt>
          <qty>1</qty>
          <unit>teaspoon</unit></amt>
        <item>Garlic powder</item></ing>
      <ing>
        <amt>
          <qty>1/8</qty>
          <unit>teaspoons</unit></amt>
        <item>Louisiana-style hot sauce (optional)</item></ing></ingredients>
    <directions>
      <step>  In small bowl, combine soup, vinegar, oil, brown sugar, Worchestershire
  sauce, garlic powder and hot sauce; set aside. Use sauce to baste ribs,
  chicken, hamburgers or steak during broiling or grilling. Makes about 1 1/3
  cups sauce.
  
  Posted to MM-Recipes Digest V3 #278
  
  Date: Thu, 10 Oct 1996 10:16:57 +0000
  
  From: ray.watson@ukonline.co.uk
 
</step></directions></recipe></recipeml>
