<?xml version="1.0" encoding="UTF-8"?>

<recipeml version="0.5">
  <recipe>
    <head>
      <title>All-Purpose Tomato Sauce</title>
      <categories>
        <cat>None</cat></categories>
      <yield>2</yield></head>
    <ingredients>
      <ing>
        <amt>
          <qty>1</qty>
          <unit>large</unit></amt>
        <item>Clove garlic; minced</item></ing>
      <ing>
        <amt>
          <qty>3</qty>
          <unit>tablespoons</unit></amt>
        <item>Olive oil</item></ing>
      <ing>
        <amt>
          <qty>2</qty>
          <unit>tablespoons</unit></amt>
        <item>Tomato paste</item></ing>
      <ing>
        <amt>
          <qty>1</qty>
          <unit>can</unit></amt>
        <item>(28 oz) tomatoes; juice reserved, seeded and crushed</item></ing>
      <ing>
        <amt>
          <qty/>
          <unit/></amt>
        <item>Salt and ground black pepper</item></ing>
      <ing>
        <amt>
          <qty>2</qty>
          <unit/></amt>
        <item>Fresh basil leaves; shredded, up to 3 OR 1/2 tsp. dried basil</item></ing></ingredients>
    <directions>
      <step>  In a large saucepan, warm garlic in 2 tablespoons oil over low heat until
  soft but not colored. Stir in tomato paste, then the tomatoes and their
  liquid. Simmer, uncovered, until sauce coats the back of a spoon, about 25
  minutes. Season to taste with salt and pepper- before serving, stir in
  basil and remaining 1 tablespoon oil.
  
  Makes 2 cup.
  
  This chunky, rustic, and pungent sauce goes well with dried pasta as well
  as with fresh gnocchi and ravioli.
  
  Cook's Illustrated, Mar./Apr. 1994, Page 26. Credit: Julia Della Croce.
  
  Nationality: USA Courses: pasta sauce, preparation Season:any Method:
  boiled
  
  Start to Finish 45 minutes Preparation 5 minutes Attention 30 minutes
  Finishing 5 minutes
  
  Converted from Mangia!, Cook's Illustrated 1993-1995 Cookbook
  
  Recipe by: Cook's Illustrated, Mar./Apr. 1994, Page 26.
  
  Posted to MC-Recipe Digest by "Hobbs, D B                 USO"
  &lt;hobbs@lbcapo1.uso.unisys.com&gt; on Mar 10, 1998
 
</step></directions></recipe></recipeml>
