<?xml version="1.0" encoding="UTF-8"?>

<recipeml version="0.5">
  <recipe>
    <head>
      <title>All-In-One Fiesta Stew Pot</title>
      <categories>
        <cat>Soups and s</cat>
        <cat>Beef</cat></categories>
      <yield>6</yield></head>
    <ingredients>
      <ing>
        <amt>
          <qty>3</qty>
          <unit>tablespoons</unit></amt>
        <item>All-Purpose Flour</item></ing>
      <ing>
        <amt>
          <qty>1/2</qty>
          <unit>teaspoons</unit></amt>
        <item>Ground Cumin</item></ing>
      <ing>
        <amt>
          <qty>1/2</qty>
          <unit>teaspoons</unit></amt>
        <item>Chili Powder</item></ing>
      <ing>
        <amt>
          <qty>1/2</qty>
          <unit>teaspoons</unit></amt>
        <item>Garlic Powder</item></ing>
      <ing>
        <amt>
          <qty>1/4</qty>
          <unit>teaspoons</unit></amt>
        <item>Ground Cinnamon</item></ing>
      <ing>
        <amt>
          <qty>1 1/2</qty>
          <unit>pounds</unit></amt>
        <item>Beef Chuck; 1" Cubes</item></ing>
      <ing>
        <amt>
          <qty>2</qty>
          <unit>tablespoons</unit></amt>
        <item>Vegetable Oil</item></ing>
      <ing>
        <amt>
          <qty>1</qty>
          <unit>cup</unit></amt>
        <item>Beef Broth; Defatted</item></ing>
      <ing>
        <amt>
          <qty>1/2</qty>
          <unit>cups</unit></amt>
        <item>Apple Juice</item></ing>
      <ing>
        <amt>
          <qty>6</qty>
          <unit>small</unit></amt>
        <item>White Potatoes; Peel and Cube</item></ing>
      <ing>
        <amt>
          <qty>1</qty>
          <unit>medium</unit></amt>
        <item>Green Pepper; Core, seed, 2" strip</item></ing>
      <ing>
        <amt>
          <qty>1</qty>
          <unit>medium</unit></amt>
        <item>Red Pepper; Core, Seed, 2" strip</item></ing>
      <ing>
        <amt>
          <qty>1</qty>
          <unit>medium</unit></amt>
        <item>Onion; Peel &amp; Sliver</item></ing>
      <ing>
        <amt>
          <qty>10</qty>
          <unit>ounces</unit></amt>
        <item>Tomatoes With Green Chilis</item></ing>
      <ing>
        <amt>
          <qty>8</qty>
          <unit>ounces</unit></amt>
        <item>Tomato Sauce</item></ing>
      <ing>
        <amt>
          <qty>2</qty>
          <unit>tablespoons</unit></amt>
        <item>Honey</item></ing>
      <ing>
        <amt>
          <qty>2</qty>
          <unit/></amt>
        <item>Granny Smith apple; Core, 1" cubes</item></ing>
      <ing>
        <amt>
          <qty>15 1/4</qty>
          <unit>ounces</unit></amt>
        <item>Red Kidney Beans; Drained</item></ing>
      <ing>
        <amt>
          <qty>2</qty>
          <unit>tablespoons</unit></amt>
        <item>Chopped Parsley</item></ing>
      <ing>
        <amt>
          <qty/>
          <unit/></amt>
        <item>Shredded Chedder Cheese; Garnish</item></ing>
      <ing>
        <amt>
          <qty/>
          <unit/></amt>
        <item>Black Olives; Coarsely chopped</item></ing></ingredients>
    <directions>
      <step>  Combine the flour, cumin, chili powder, garlic powder and cinnamon in a
  large bowl. Add the beef cubes and toss, with a fork to coat. Heat the oil
  in a large, heavy pot over medium-high heat. Brown the beef, in batches, on
  all sides. Return the beef to pot. Add the beef broth and apple juice.
  Cover and simmer over medium heat until the meat is tender, about 1 hour.
  Add the potatoes, bell peppers, onion, tomatoes with green chilies, tomato
  sauce and honey. Cover and simmer until the potatoes are tender, about 30
  to 35 minutes. Add the apples and kidney beans. Cover and simmer until the
  apples are tender, about 15 minutes. Stir in the chopped parsley. Serve in
  shallow bowls, garnished with the shredded cheese and chopped olives.
  
  Recipe by: Parade Magazine - September 22, 1996
  
  Posted to MC-Recipe Digest V1 #815 by Rowaan &lt;rowaan@earthlink.net&gt; on Sep
  28, 1997
 
</step></directions></recipe></recipeml>
