<?xml version="1.0" encoding="UTF-8"?>

<recipeml version="0.5">
  <recipe>
    <head>
      <title>All-Season Quick Bread or Muffins (Basic Recipe)</title>
      <categories>
        <cat>Muffins</cat></categories>
      <yield>24</yield></head>
    <ingredients>
      <ing>
        <amt>
          <qty>1</qty>
          <unit>cup</unit></amt>
        <item>Whole wheat flour</item></ing>
      <ing>
        <amt>
          <qty>2</qty>
          <unit>cups</unit></amt>
        <item>All-purpose flour</item></ing>
      <ing>
        <amt>
          <qty>1</qty>
          <unit>teaspoon</unit></amt>
        <item>Salt</item></ing>
      <ing>
        <amt>
          <qty>1/2</qty>
          <unit>teaspoons</unit></amt>
        <item>Soda</item></ing>
      <ing>
        <amt>
          <qty>1</qty>
          <unit>teaspoon</unit></amt>
        <item>Baking powder</item></ing>
      <ing>
        <amt>
          <qty>2</qty>
          <unit>teaspoons</unit></amt>
        <item>Cinnamon</item></ing>
      <ing>
        <amt>
          <qty>1</qty>
          <unit>cup</unit></amt>
        <item>Walnuts, chopped</item></ing>
      <ing>
        <amt>
          <qty>3</qty>
          <unit>large</unit></amt>
        <item>Eggs</item></ing>
      <ing>
        <amt>
          <qty>1</qty>
          <unit>cup</unit></amt>
        <item>Sugar, white or brown</item></ing>
      <ing>
        <amt>
          <qty>1</qty>
          <unit>cup</unit></amt>
        <item>Oil</item></ing>
      <ing>
        <amt>
          <qty>1</qty>
          <unit>teaspoon</unit></amt>
        <item>Vanilla</item></ing>
      <ing>
        <amt>
          <qty>2</qty>
          <unit>cups</unit></amt>
        <item>Prepared fruits such as</item></ing>
      <ing>
        <amt>
          <qty/>
          <unit/></amt>
        <item>Banana, zucchini, carrot,</item></ing>
      <ing>
        <amt>
          <qty/>
          <unit/></amt>
        <item>Tomato, orange or apple</item></ing></ingredients>
    <directions>
      <step>  COMMENTS: Choose from the following: Banana: Peel and pure=82 4 to 5=
  medium bananas for 2 cup total. Carrot: Grate 1 or more medium carrots for
  2 cups total. Zucchini: Shred 3 medium zucchinis for 2 cups total. Orange:
  Grate one tablespoon orange rind. Peel seed and chop 4 medium oranges for 2
  cups total. Apples: Peel, core and shred four medium apples. To two cups
  shredded apple, add one teaspoon lemon juice. Tomato: Peel three to four
  medium tomatoes. Cut in halves and squeeze out seeds. Chop and measures=
  two cups pulp. For quick loaves, have ready two greased loaf pans, 8 1/2 x
  4 1/2 x 2 inches. For muffins, have ready 2 12-cup muffin pans. In a medium
  bowl, combine flours, soda, baking powder, cinnamon and walnuts. If
  preparing muffin mix for storage, omit nuts and divide dry ingredients=
  into three batches. In a large bowl, whisk eggs until foamy, add sugar, oil
  and vanilla and whisk until blended. Add choice of fruit or vegetables.
  Add= dry ingredients and stir with fork just until blended. Do not beat.
  Divide dough between loaf pans or muffins pans. Bake loaves in preheated
  350'F. oven for 50 to 60 minutes or until tops are golden brown and a
  toothpick inserted in centre of loaves comes out clean. Cool in pans for 10
  minutes, before turning loaves out on wire racks. When completely cool,
  wrap loaves in aluminum foil and refrigerate for 24 hours before slicing.
  To freeze= for up to one month, put foil-wrapped loaf in heavy plastic bag
  and seal. Bake muffins in pre-heated 375'F. oven, 12 minutes for large
  ones, 10 minutes for small. Serve hot. For one-third muffin batch: Use one
  cup plus one tablespoon dry mix, one egg, 1/2 cup sugar, 1/3 cup oil, 1/2
  tsp. vanilla, 2/3 cup prepared fruit or vegetable and 1/3 cup nuts. =20
  Submitted By JOPETE@ATLAS.ODYSSEE.NET  On   WED, 27 DEC 1995 185242 -0500
  
  File ftp://ftp.idiscover.co.uk/pub/food/mealmaster/recipes/mmdjaxxx.zip
 
</step></directions></recipe></recipeml>
