<?xml version="1.0" encoding="UTF-8"?>

<recipeml version="0.5">
  <recipe>
    <head>
      <title>All Purpose Marinade</title>
      <categories>
        <cat>Polkadot</cat>
        <cat>Lisa</cat>
        <cat>Cajun</cat>
        <cat>Sauces</cat></categories>
      <yield>6</yield></head>
    <ingredients>
      <ing>
        <amt>
          <qty>3</qty>
          <unit>cups</unit></amt>
        <item>Dry white wine</item></ing>
      <ing>
        <amt>
          <qty>1</qty>
          <unit>teaspoon</unit></amt>
        <item>Onion powder</item></ing>
      <ing>
        <amt>
          <qty>1/2</qty>
          <unit>teaspoons</unit></amt>
        <item>Garlic powder</item></ing>
      <ing>
        <amt>
          <qty>1/2</qty>
          <unit>teaspoons</unit></amt>
        <item>Cayenne pepper</item></ing>
      <ing>
        <amt>
          <qty>1/2</qty>
          <unit>cups</unit></amt>
        <item>Soy sauce</item></ing></ingredients>
    <directions>
      <step>  Mix all ingredients together.  Marinate the meat (beef, pork, chicken, or
  game) for 3 to 6 hours, then use the marinade as a basting sauce as the
  meat cooks on the grill. From Justin Wilson's "Outdoor Cooking With Inside
  Help"
  
  * The Polka Dot Palace - The BBS for Homemakers!  1-201-822-3627 * Posted
  by LISA on 08-20-95
  
  Posted to MC-Recipe Digest V1 #708 by Lisa Clarke &lt;lisa@gaf.com&gt; on Aug 1,
  9
 
</step></directions></recipe></recipeml>
