<?xml version="1.0" encoding="UTF-8"?>

<recipeml version="0.5">
  <recipe>
    <head>
      <title>All Season Green-Up Tonic</title>
      <categories>
        <cat>None</cat></categories>
      <yield>1</yield></head>
    <ingredients>
      <ing>
        <amt>
          <qty>1</qty>
          <unit>can</unit></amt>
        <item>Beer; (cheap beer - the kind you use for slugs)</item></ing>
      <ing>
        <amt>
          <qty>1</qty>
          <unit>cup</unit></amt>
        <item>Ammonia</item></ing>
      <ing>
        <amt>
          <qty>1</qty>
          <unit>cup</unit></amt>
        <item>Baby shampoo</item></ing>
      <ing>
        <amt>
          <qty>1</qty>
          <unit>cup</unit></amt>
        <item>Liquid lawn food</item></ing>
      <ing>
        <amt>
          <qty>1</qty>
          <unit>cup</unit></amt>
        <item>Molasses</item></ing></ingredients>
    <directions>
      <step>  I have long been a devotee of Jerry Baker (On The Garden LIne) and I use
  his "All season Green-up Tonic" on my garden, both in the ground and potted
  plants and my peppers seem to love it.
  
  mix it all together and apply with a 20 gal hose-end lawn sprayer (the hose
  end sprayer will hold about 2/3rds of this mix. I use the entire batch on
  my 35 x 90 garden.
  
  Posted to CHILE-HEADS DIGEST by Andie Paysinger &lt;asenji@earthlink.net&gt; on
  May 21, 1998
 
</step></directions></recipe></recipeml>
