<?xml version="1.0" encoding="UTF-8"?>

<recipeml version="0.5">
  <recipe>
    <head>
      <title>All Hallows' Eve Soup</title>
      <categories>
        <cat>Low fat</cat>
        <cat>Soups/stews</cat>
        <cat>Eat-lf mail</cat></categories>
      <yield>6</yield></head>
    <ingredients>
      <ing>
        <amt>
          <qty>1</qty>
          <unit/></amt>
        <item>Navel Oranges</item></ing>
      <ing>
        <amt>
          <qty>2 1/2</qty>
          <unit>teaspoons</unit></amt>
        <item>Olive Oil; *Note</item></ing>
      <ing>
        <amt>
          <qty>3</qty>
          <unit>medium</unit></amt>
        <item>Onions; Peel, Halve, Sliver Lengthwise</item></ing>
      <ing>
        <amt>
          <qty>4</qty>
          <unit>medium</unit></amt>
        <item>Carrots; Peel, Grate</item></ing>
      <ing>
        <amt>
          <qty>1/2</qty>
          <unit>teaspoons</unit></amt>
        <item>Salt</item></ing>
      <ing>
        <amt>
          <qty>1/4</qty>
          <unit>teaspoons</unit></amt>
        <item>Black Pepper</item></ing>
      <ing>
        <amt>
          <qty>2</qty>
          <unit>teaspoons</unit></amt>
        <item>Dried Marjoram</item></ing>
      <ing>
        <amt>
          <qty>28</qty>
          <unit>ounces</unit></amt>
        <item>Peeled Plum Tomatoes; Crushed With Juice</item></ing>
      <ing>
        <amt>
          <qty>1</qty>
          <unit>tablespoon</unit></amt>
        <item>Tomato Paste; Generous</item></ing>
      <ing>
        <amt>
          <qty>1</qty>
          <unit>teaspoon</unit></amt>
        <item>Dark Brown Sugar; Or Light</item></ing>
      <ing>
        <amt>
          <qty>6</qty>
          <unit>cups</unit></amt>
        <item>Nonfat Chicken Broth; Or Veg Broth</item></ing>
      <ing>
        <amt>
          <qty>1</qty>
          <unit>cup</unit></amt>
        <item>Dried Lentils; Red, Rinsed</item></ing>
      <ing>
        <amt>
          <qty>1/4</qty>
          <unit>cups</unit></amt>
        <item>Coarsely Chopped Parsley</item></ing></ingredients>
    <directions>
      <step>  *NOTE:  Original recipe used 2 T oil... I reduced it and it was fine.
  
  Cut the rind off the orange in one long strip.  Scrape off all of the
  excess pith from the back and set aside. Squeeze the juice from the orange
  and reserve.
  
  Place the olive oil in a large, heavy pot over low heat.   Add the onions
  and carrots and cook, stirring occasionally, until wilted, about 15 min.
  Sprinkle with salt, pepper and marjoram.
  
  Add the tomatoes, tomato paste, brown sugar, broth, reserved orange peel
  and juice, and the lentils. Bring the mixture to a boil, reduce the heat to
  medium and simmer, partially covered, for 30 minutes, stirring
  occasionally.
  
  Remove the orange peel and discard.  Adjust seasonings and stir in the
  parsley.  Serve steaming hot with warm crusty bread.
  
  Serves 6
  
  This was really wonderful!!
  
  Entered into MasterCook and tested for you by Reggie &amp; Jeff Dwork
  &lt;reggie@reggie.com&gt;
  Posted to Digest eat-lf.v096.n225
  
  Date: Fri, 22 Nov 1996 10:45:50 -0800
  
  From: Reggie Dwork &lt;reggie@reggie.com&gt;
  
  NOTES : Cal 215.6,
  
  Fat  2.9g,
  
  Carb  36.2g,
  
  Fib  13.8g,
  
  Pro  13.9g,
  
  Sod  785mg,
  
  CFF  11.5%.
 
</step></directions></recipe></recipeml>
