<?xml version="1.0" encoding="UTF-8"?>

<recipeml version="0.5">
  <recipe>
    <head>
      <title>All American Dessert</title>
      <categories>
        <cat>None</cat></categories>
      <yield>1</yield></head>
    <ingredients>
      <ing>
        <amt>
          <qty>4</qty>
          <unit>cups</unit></amt>
        <item>Boiling water</item></ing>
      <ing>
        <amt>
          <qty>1</qty>
          <unit>package</unit></amt>
        <item>(8 serving size) or 2 pkgs (4 serving size) jello brand gelatin, and red flavor</item></ing>
      <ing>
        <amt>
          <qty>1</qty>
          <unit>package</unit></amt>
        <item>(8 serving size) or 2 pkgs (4 serving size) jello brand berry blue flavor gelatin</item></ing>
      <ing>
        <amt>
          <qty>2</qty>
          <unit>cups</unit></amt>
        <item>Cold water</item></ing>
      <ing>
        <amt>
          <qty>1</qty>
          <unit/></amt>
        <item>Tub (8 oz) cool whip whipping topping, thawed</item></ing>
      <ing>
        <amt>
          <qty>4</qty>
          <unit>cups</unit></amt>
        <item>Sentenmann's all butter pound loaf cubes</item></ing>
      <ing>
        <amt>
          <qty>2</qty>
          <unit>cups</unit></amt>
        <item>Sliced strawberries</item></ing></ingredients>
    <directions>
      <step>  Stir 2 cups boiling water into each flavor of gelatin in separate bowls 2
  minutes or until completely dissolved. Stir 1 cup cold water into each
  bowl. Pour into separate 13" x 9" pans. Refrigerate at least 3 hours or
  until firm. Cut into 1/2" cubes.
  
  Layer gelatin cubes, whipping topping, cake and strawberries in 3 quart
  serving bowl as pictured. (they have the blue jello on the bottom, then
  cool whip, then pound cake cubes, then strawberries, then cool whip, then
  red jello on top) Refrigerate at least 1 hour or until ready to serve.
  Store leftover dessert in refrigerator.
  note* jello sugar free gelatin, entenmann's fat free golden loaf cake and
  cool whip lite can be substituted in this recipe.
  
  my notes* I'm sure any pound cake and any brand of gelatin (obviously) will
  work.
  
  Posted to Bakery-Shoppe Digest V1 #407 by Deborah Hrabinski
  &lt;dh@AESOP.RUTGERS.EDU&gt; on Nov 21, 1997
 
</step></directions></recipe></recipeml>
