<?xml version="1.0" encoding="UTF-8"?>

<recipeml version="0.5">
  <recipe>
    <head>
      <title>All Purpose B&amp;b Cleaner</title>
      <categories>
        <cat>Non-edible</cat></categories>
      <yield>1</yield></head>
    <ingredients>
      <ing>
        <amt>
          <qty>1/2</qty>
          <unit>cups</unit></amt>
        <item>Hosehold ammonia</item></ing>
      <ing>
        <amt>
          <qty>2</qty>
          <unit>cups</unit></amt>
        <item>70% isopropyl alcohol</item></ing>
      <ing>
        <amt>
          <qty>1</qty>
          <unit>teaspoon</unit></amt>
        <item>Dish detergent</item></ing>
      <ing>
        <amt>
          <qty/>
          <unit/></amt>
        <item>Water to make one gallon</item></ing></ingredients>
    <directions>
      <step>  Use a spray bottle to clean.  Glass, counter tops, enamel, sinks, toilets
  all come squeeky clean and disinfected.  I store in a used gallon
  container. I run a B&amp;B and find its great and saves me a lot of
  
  time. NOTE: Poison, keep out of reach of children.
  
  Posted to MM-Recipes Digest V4 #158 by Peg Doolin &lt;pegsean@together.net&gt; on
  Jun 07, 1997
 
</step></directions></recipe></recipeml>
