<?xml version="1.0" encoding="UTF-8"?>

<recipeml version="0.5">
  <recipe>
    <head>
      <title>All American Meatloaf</title>
      <categories>
        <cat>None</cat></categories>
      <yield>1</yield></head>
    <ingredients>
      <ing-div>
        <title/>
        <ing>
          <amt>
            <qty>2</qty>
            <unit>pounds</unit></amt>
          <item>Ground chuck OR ground turkey</item></ing>
        <ing>
          <amt>
            <qty>3/4</qty>
            <unit>cups</unit></amt>
          <item>Quick-cooking oats; uncooked</item></ing>
        <ing>
          <amt>
            <qty>1</qty>
            <unit>medium</unit></amt>
          <item>Onion; chopped</item></ing>
        <ing>
          <amt>
            <qty>1/2</qty>
            <unit>cups</unit></amt>
          <item>Ketchup</item></ing>
        <ing>
          <amt>
            <qty>1/4</qty>
            <unit>cups</unit></amt>
          <item>Milk</item></ing>
        <ing>
          <amt>
            <qty>2</qty>
            <unit>large</unit></amt>
          <item>Eggs; lightly beaten</item></ing>
        <ing>
          <amt>
            <qty>1</qty>
            <unit>tablespoon</unit></amt>
          <item>Prepared white horseradish</item></ing>
        <ing>
          <amt>
            <qty>1</qty>
            <unit>teaspoon</unit></amt>
          <item>Salt</item></ing>
        <ing>
          <amt>
            <qty>1/4</qty>
            <unit>teaspoons</unit></amt>
          <item>Pepper; white or black</item></ing></ing-div>
      <ing-div>
        <title>SAUCE</title>
        <ing>
          <amt>
            <qty>1/2</qty>
            <unit>cups</unit></amt>
          <item>Ketchup</item></ing>
        <ing>
          <amt>
            <qty>1</qty>
            <unit>tablespoon</unit></amt>
          <item>Prepared white horseradish</item></ing>
        <ing>
          <amt>
            <qty>3</qty>
            <unit>tablespoons</unit></amt>
          <item>Brown sugar</item></ing>
        <ing>
          <amt>
            <qty>2</qty>
            <unit>teaspoons</unit></amt>
          <item>Prepared yellow mustard</item></ing></ing-div></ingredients>
    <directions>
      <step>  Combine first 9 ingredients; shape into two 7 1/2" x 4" loaves. Place on a
  lightly greased pan or foil...can place foil on pan, etc. (WHATEVER you
  want to bake them in) Bake at 350 degrees F for 40 minutes.
  
  Combine last 4 ingredients for sauce, spoon over cooked meatloaves and bake
  another 10 minutes.. Makes eight servings.
  
  Note: You can freeze one meat loaf after cooking, if desired. Cool and wrap
  it in heavy duty foil. Seal, label, and freeze up to 3 months. To reheat
  it, thaw in refrigerator 8 hours. Bake, in foil, at 350 degrees F for 50
  minutes or until thoroughly heated.
  
  Posted to TNT - Prodigy's Recipe Exchange Newsletter  by Elaine36@aol.com
  on Sep 9, 1997
 
</step></directions></recipe></recipeml>
