<?xml version="1.0" encoding="UTF-8"?>

<recipeml version="0.5">
  <recipe>
    <head>
      <title>All American Loaf</title>
      <categories>
        <cat>Bread machi</cat>
        <cat>Dough cycle</cat>
        <cat>Low fat</cat></categories>
      <yield>1</yield></head>
    <ingredients>
      <ing>
        <amt>
          <qty>2</qty>
          <unit>cups</unit></amt>
        <item>Flour; unbleached</item></ing>
      <ing>
        <amt>
          <qty>1/2</qty>
          <unit>cups</unit></amt>
        <item>Whole wheat flour</item></ing>
      <ing>
        <amt>
          <qty>1/2</qty>
          <unit>cups</unit></amt>
        <item>Rolled oats</item></ing>
      <ing>
        <amt>
          <qty>1/4</qty>
          <unit>cups</unit></amt>
        <item>Cornmeal</item></ing>
      <ing>
        <amt>
          <qty>1/4</qty>
          <unit>cups</unit></amt>
        <item>Pumpernickel flour; (I used rye)</item></ing>
      <ing>
        <amt>
          <qty>1/4</qty>
          <unit>cups</unit></amt>
        <item>Sunflower seeds</item></ing>
      <ing>
        <amt>
          <qty>1/4</qty>
          <unit>cups</unit></amt>
        <item>Brown sugar</item></ing>
      <ing>
        <amt>
          <qty>1</qty>
          <unit>tablespoon</unit></amt>
        <item>Bread boost; (or use gluten)</item></ing>
      <ing>
        <amt>
          <qty>2</qty>
          <unit>teaspoons</unit></amt>
        <item>Dry yeast</item></ing>
      <ing>
        <amt>
          <qty>1 1/2</qty>
          <unit>teaspoons</unit></amt>
        <item>Salt</item></ing>
      <ing>
        <amt>
          <qty>1/4</qty>
          <unit>cups</unit></amt>
        <item>Buttermilk powder (or dried milk)</item></ing>
      <ing>
        <amt>
          <qty>3</qty>
          <unit>tablespoons</unit></amt>
        <item>Butter; softened</item></ing>
      <ing>
        <amt>
          <qty>1</qty>
          <unit>cup</unit></amt>
        <item>Lukewarm water; (1 to 1 1/4)</item></ing></ingredients>
    <directions>
      <step>  Put all ingredients in bread machine and start "dough" cycle. When finished
  (one rise cycle), take out and shape into loaf and place in standard bread
  pan (8.5" x 4.5"). Drape loaf lightly with greased plastic wrap, and let
  rise for 1.5 hours, or until crowned about 1" over top of pan. Bake bread
  in 350 deg oven for 35-40 mins or until done. &gt;From: pasquale@lanl.gov
  (Gina Pasquale)
  
  Recipe by: King Arthur's Catalog
  
  Posted to MC-Recipe Digest V1 #819 by Holly Butman
  &lt;butma001@acpub.duke.edu&gt; on Sep 29, 1997
 
</step></directions></recipe></recipeml>
