<?xml version="1.0" encoding="UTF-8"?>

<recipeml version="0.5">
  <recipe>
    <head>
      <title>All Day Crock Pot Delight</title>
      <categories>
        <cat>Crockpot</cat>
        <cat>Beef</cat></categories>
      <yield>1</yield></head>
    <ingredients>
      <ing>
        <amt>
          <qty>2</qty>
          <unit>pounds</unit></amt>
        <item>Boneless chuck; cut in 1"cubes, (up to 3)</item></ing>
      <ing>
        <amt>
          <qty>1/2</qty>
          <unit>cups</unit></amt>
        <item>Flour</item></ing>
      <ing>
        <amt>
          <qty>1/4</qty>
          <unit>cups</unit></amt>
        <item>Butter</item></ing>
      <ing>
        <amt>
          <qty>1</qty>
          <unit/></amt>
        <item>Onion; sliced</item></ing>
      <ing>
        <amt>
          <qty>1</qty>
          <unit>teaspoon</unit></amt>
        <item>Salt</item></ing>
      <ing>
        <amt>
          <qty>1/8</qty>
          <unit>teaspoons</unit></amt>
        <item>Pepper</item></ing>
      <ing>
        <amt>
          <qty>1</qty>
          <unit/></amt>
        <item>Clove garlic; minced</item></ing>
      <ing>
        <amt>
          <qty>2</qty>
          <unit>cups</unit></amt>
        <item>Beer</item></ing>
      <ing>
        <amt>
          <qty>1/4</qty>
          <unit>cups</unit></amt>
        <item>Flour</item></ing></ingredients>
    <directions>
      <step>  Coat beef cubes with the 1/2 cup flour. Brown in melted butter. Drain off
  excess fat. In crock pot, combine browned meat with onion, salt, pepper,
  garlic and beer. Cover and cook on low 5-7 hours (all day) until meat is
  tender. Turn control to high. Dissolve remaining 1/4 cup flour in small
  amount of water. Stir into meat mixture, cook on high 30-40 minutes. Serve
  with rice and salad.
  Posted to recipelu-digest Volume 01 Number 392 by James and Susan Kirkland
  &lt;kirkland@gj.net&gt; on Dec 21, 1997
 
</step></directions></recipe></recipeml>
