<?xml version="1.0" encoding="UTF-8"?>

<recipeml version="0.5">
  <recipe>
    <head>
      <title>All Bran Loaf</title>
      <categories>
        <cat>Vegetarian</cat>
        <cat>Eat-lf mail</cat>
        <cat>Healthwise</cat></categories>
      <yield>1</yield></head>
    <ingredients>
      <ing>
        <amt>
          <qty>1</qty>
          <unit>cup</unit></amt>
        <item>All-Bran¨ Cereal</item></ing>
      <ing>
        <amt>
          <qty>1</qty>
          <unit>cup</unit></amt>
        <item>Sugar</item></ing>
      <ing>
        <amt>
          <qty>1</qty>
          <unit>cup</unit></amt>
        <item>Candied fruit; mixed fruitcake type</item></ing>
      <ing>
        <amt>
          <qty>1</qty>
          <unit>cup</unit></amt>
        <item>Milk; (use skimmed for vlf)</item></ing>
      <ing>
        <amt>
          <qty>1</qty>
          <unit>cup</unit></amt>
        <item>Self-rising flour</item></ing></ingredients>
    <directions>
      <step>  Mix All-bran, sugar, and fruit in a bowl, pour on milk, and let stand for
  45 minutes. Add sifted flour and mix well. Grease a 2 lb loaf tin and line
  it with greaseproof paper. Fill with mixture and bake about 1 1/2 hour in
  centre of oven at 325 F, Mark 3.
  
  Recipe by: (Annabel Smyth)
  
  Posted to MC-Recipe Digest V1 #804 by Roberta Banghart
  &lt;bobbi744@sojourn.com&gt; on Sep 24, 1997
 
</step></directions></recipe></recipeml>
