<?xml version="1.0" encoding="UTF-8"?>

<recipeml version="0.5">
  <recipe>
    <head>
      <title>All Day Chicken</title>
      <categories>
        <cat>Crockpot</cat>
        <cat>Chicken</cat>
        <cat>Mushrooms</cat>
        <cat>Fruits</cat>
        <cat>Spices</cat></categories>
      <yield>6</yield></head>
    <ingredients>
      <ing>
        <amt>
          <qty>2</qty>
          <unit>tablespoons</unit></amt>
        <item>Frozen OJ</item></ing>
      <ing>
        <amt>
          <qty>2</qty>
          <unit>cups</unit></amt>
        <item>Chicken stock</item></ing>
      <ing>
        <amt>
          <qty>1</qty>
          <unit>teaspoon</unit></amt>
        <item>Salt</item></ing>
      <ing>
        <amt>
          <qty>1/4</qty>
          <unit>teaspoons</unit></amt>
        <item>Pepper</item></ing>
      <ing>
        <amt>
          <qty>1/2</qty>
          <unit>cups</unit></amt>
        <item>Tomato paste</item></ing>
      <ing>
        <amt>
          <qty>2</qty>
          <unit>tablespoons</unit></amt>
        <item>Soy sauce</item></ing>
      <ing>
        <amt>
          <qty>2</qty>
          <unit>tablespoons</unit></amt>
        <item>Brown sugar</item></ing>
      <ing>
        <amt>
          <qty>2</qty>
          <unit/></amt>
        <item>Cloves garlic, minced</item></ing>
      <ing>
        <amt>
          <qty>1</qty>
          <unit>dash</unit></amt>
        <item>Allspice</item></ing>
      <ing>
        <amt>
          <qty/>
          <unit/></amt>
        <item>Remaining ingredients:</item></ing>
      <ing>
        <amt>
          <qty>4</qty>
          <unit>pounds</unit></amt>
        <item>Chicken, breasts and thighs</item></ing>
      <ing>
        <amt>
          <qty>1/4</qty>
          <unit>pounds</unit></amt>
        <item>Mushrooms, sliced</item></ing>
      <ing>
        <amt>
          <qty>2</qty>
          <unit>tablespoons</unit></amt>
        <item>Margarine or butter</item></ing>
      <ing>
        <amt>
          <qty>11</qty>
          <unit>ounces</unit></amt>
        <item>(1 can) mandarin orange</item></ing>
      <ing>
        <amt>
          <qty/>
          <unit/></amt>
        <item>Sections, drained</item></ing>
      <ing>
        <amt>
          <qty>1/2</qty>
          <unit/></amt>
        <item>Of a medium-large bell</item></ing>
      <ing>
        <amt>
          <qty/>
          <unit/></amt>
        <item>Pepper, sliced lengthwise</item></ing>
      <ing>
        <amt>
          <qty>1/4</qty>
          <unit>teaspoons</unit></amt>
        <item>Ground ginger</item></ing>
      <ing>
        <amt>
          <qty>3</qty>
          <unit>tablespoons</unit></amt>
        <item>Cornstarch</item></ing>
      <ing>
        <amt>
          <qty>1/4</qty>
          <unit>cups</unit></amt>
        <item>Cold milk</item></ing>
      <ing>
        <amt>
          <qty>1/4</qty>
          <unit>cups</unit></amt>
        <item>Cold water</item></ing></ingredients>
    <directions>
      <step>  Marinade:
  
  The night before you plan on slow cooking your dinner, mix together the
  marinade ingredients in a large, closable container large enough to also
  hold the chicken pieces. When marinade is thoroughly mixed, add the
  chicken, close container and refrigerate until morning.
  
  In the morning place the chicken in the slow cooker and add marinade up to
  about an inch from the top of the container. Set the cooker on low and
  cover.
  
  6 to 8 hours later, turn the cooker to high.  About an hour later, saute
  the sliced mushrooms in the margarine or butter. Then add the mushrooms
  (with pan juices), mandarin sections, green pepper and ginger into the slow
  cooker and stir thoroughly. Mix together the cornstarch, milk and cold
  water, then gradually add into the slow cooker while stirring until the
  entire mixture thickens a bit.
  
  Re-cover the slow cooker and let simmer for 15 to 30 minutes until serving.
  Serve with baby carrots and small new potatoes.
 
</step></directions></recipe></recipeml>
