<?xml version="1.0" encoding="UTF-8"?>

<recipeml version="0.5">
  <recipe>
    <head>
      <title>All Chocolate Cheesecake</title>
      <categories>
        <cat>None</cat></categories>
      <yield>1</yield></head>
    <ingredients>
      <ing>
        <amt>
          <qty>1 1/2</qty>
          <unit>cups</unit></amt>
        <item>Chocolate wafer crumbs</item></ing>
      <ing>
        <amt>
          <qty>1/4</qty>
          <unit>teaspoons</unit></amt>
        <item>Ground cinnamon</item></ing>
      <ing>
        <amt>
          <qty>6</qty>
          <unit>tablespoons</unit></amt>
        <item>Butter or margarine, melted</item></ing>
      <ing>
        <amt>
          <qty>4</qty>
          <unit>packages</unit></amt>
        <item>(8-ounce) cream cheese, softened</item></ing>
      <ing>
        <amt>
          <qty>1</qty>
          <unit>cup</unit></amt>
        <item>Sugar</item></ing>
      <ing>
        <amt>
          <qty>1</qty>
          <unit>tablespoon</unit></amt>
        <item>Flour</item></ing>
      <ing>
        <amt>
          <qty>5</qty>
          <unit/></amt>
        <item>Eggs</item></ing>
      <ing>
        <amt>
          <qty>1/2</qty>
          <unit>cups</unit></amt>
        <item>Sour cream</item></ing>
      <ing>
        <amt>
          <qty>12</qty>
          <unit>ounces</unit></amt>
        <item>Semi-sweet chocolate, melted</item></ing>
      <ing>
        <amt>
          <qty>2</qty>
          <unit>teaspoons</unit></amt>
        <item>Vanilla extract</item></ing></ingredients>
    <directions>
      <step>  Mix crumbs, cinnamon, and butter together and press into a 9-inch
  springform pan.  Bake at 350 for 10 minutes.  Remove and cool.
  
  Mix together cream cheese and sugar until well blended.  Beat in flour. Add
  eggs one at a time, mixing well after each addition.  Beat in sour cream.
  Blend in the melted chocolate and vanilla.  Pour over prepared crust. Bake
  at 425F for 15 minutes that then lower oven to 300F.  Bake for an
  additional 45 minutes and then turn oven off and allow the cake to cool
  down with the oven for an hour.  Remove from oven and cool completely.
  Refrigerate.
  
  I garnish this with chocolate whipped cream and put a little chocolate
  syrup in a nice design over the whipped cream.
  
  Posted to FOODWINE Digest 22 October 96
  
  Date:    Tue, 22 Oct 1996 10:34:52 -0400
  
  From:    Rosebud &lt;janetm@ONLINE1.MAGNUS1.COM&gt;
 
</step></directions></recipe></recipeml>
