<?xml version="1.0" encoding="UTF-8"?>

<recipeml version="0.5">
  <recipe>
    <head>
      <title>All Chocolate Boston Cream Pie</title>
      <categories>
        <cat>None</cat></categories>
      <yield>1</yield></head>
    <ingredients>
      <ing-div>
        <title>CAKE</title>
        <ing>
          <amt>
            <qty>2</qty>
            <unit>cups</unit></amt>
          <item>Each: all-purpose flour; sugar</item></ing>
        <ing>
          <amt>
            <qty>1</qty>
            <unit>cup</unit></amt>
          <item>Each: butter; water</item></ing>
        <ing>
          <amt>
            <qty>1/4</qty>
            <unit>cups</unit></amt>
          <item>Cocoa</item></ing>
        <ing>
          <amt>
            <qty>2</qty>
            <unit>large</unit></amt>
          <item>Eggs; lightly beaten</item></ing>
        <ing>
          <amt>
            <qty>1/2</qty>
            <unit>cups</unit></amt>
          <item>Buttermilk</item></ing>
        <ing>
          <amt>
            <qty>1</qty>
            <unit>teaspoon</unit></amt>
          <item>Each: baking soda; pure vanilla extract</item></ing></ing-div>
      <ing-div>
        <title>FILLING</title>
        <ing>
          <amt>
            <qty>1</qty>
            <unit>package</unit></amt>
          <item>(3 7/8 ounces) instant chocolate pudding mix</item></ing>
        <ing>
          <amt>
            <qty>1 1/4</qty>
            <unit>cups</unit></amt>
          <item>Milk</item></ing>
        <ing>
          <amt>
            <qty>1</qty>
            <unit/></amt>
          <item>Container (8 ounces) frozen whipped topping such as Cool Whip, thawed</item></ing></ing-div>
      <ing-div>
        <title>GLAZE</title>
        <ing>
          <amt>
            <qty>1/2</qty>
            <unit>cups</unit></amt>
          <item>Butter</item></ing>
        <ing>
          <amt>
            <qty>1/4</qty>
            <unit>cups</unit></amt>
          <item>Cocoa</item></ing>
        <ing>
          <amt>
            <qty>6</qty>
            <unit>tablespoons</unit></amt>
          <item>Half-and-half</item></ing>
        <ing>
          <amt>
            <qty>1</qty>
            <unit>cup</unit></amt>
          <item>Confectioners' sugar</item></ing>
        <ing>
          <amt>
            <qty>1</qty>
            <unit>teaspoon</unit></amt>
          <item>Pure vanilla extract</item></ing></ing-div></ingredients>
    <directions>
      <step>  Preparation time: 45 minutes Chilling time: 2-4 hours Cooking time: 20-25
  minutes Yield: 12 servings
  
  1. Heat oven to 350 degrees. For cake, combine flour and sugar in large
  bowl; set aside. Combine butter, water and cocoa in medium saucepan. Heat
  to a boil over medium heat, stirring frequently. Pour butter mixture over
  flour mixture; mix well. Stir in eggs, buttermilk, baking soda and vanilla.
  Divide batter between 2 greased 9-inch round cake pans. Bake until wooden
  pick inserted in center comes out clean, 20 to 25 minutes. Cool in pans 10
  minutes; turn out onto cooling rack. Cool completely.
  
  2. For filling, combine pudding mix and milk in bowl of electric mixer.
  Beat on high speed until thickened, 3 to 4 minutes. Add whipped topping;
  beat 2 minutes. Refrigerate until set, about 5 minutes.
  
  3. For glaze, heat butter, cocoa and half-and-half to a boil in medium
  saucepan over medium-high heat. Remove from heat; slowly stir in
  confectioners' sugar (if added too fast, glaze will be lumpy). Stir in
  vanilla. Note: Glaze must be warm when ready to pour over cake.
  
  4. Place 1 cake round upside down onto cake platter. Top with pudding
  mixture; it will be a thick layer. Place second cake layer on filling.
  Slowly pour warm glaze over the top; allow it to run down sides. Chill 2 to
        4    hours before serving.
  
  Nutrition information per serving: Calories ...... 400 Fat ............ 27
  g Cholesterol .. 105 mg Sodium ..... 530 mg Carbohydrates .. 38 g Protein
  ......... 6 g
  
  Posted to TNT - Prodigy's Recipe Exchange Newsletter  by Roserairie@aol.com
  on Nov 10, 1997
 
</step></directions></recipe></recipeml>
