<?xml version="1.0" encoding="UTF-8"?>

<recipeml version="0.5">
  <recipe>
    <head>
      <title>All Bran Bread - Pk</title>
      <categories>
        <cat>Breads</cat>
        <cat>With</cat>
        <cat>Yeast</cat></categories>
      <yield>4</yield></head>
    <ingredients>
      <ing>
        <amt>
          <qty>1/2</qty>
          <unit>cups</unit></amt>
        <item>Shortening</item></ing>
      <ing>
        <amt>
          <qty>1/2</qty>
          <unit>cups</unit></amt>
        <item>Boiling Water</item></ing>
      <ing>
        <amt>
          <qty>1/2</qty>
          <unit>cups</unit></amt>
        <item>Sugar</item></ing>
      <ing>
        <amt>
          <qty>1</qty>
          <unit>cup</unit></amt>
        <item>All-Bran® Cereal</item></ing>
      <ing>
        <amt>
          <qty>1/2</qty>
          <unit>teaspoons</unit></amt>
        <item>Salt</item></ing>
      <ing>
        <amt>
          <qty>1</qty>
          <unit/></amt>
        <item>Egg; well beaten</item></ing>
      <ing>
        <amt>
          <qty>1</qty>
          <unit/></amt>
        <item>Yeast Cake</item></ing>
      <ing>
        <amt>
          <qty>1/2</qty>
          <unit>cups</unit></amt>
        <item>Warm Water</item></ing>
      <ing>
        <amt>
          <qty>3</qty>
          <unit>cups</unit></amt>
        <item>Flour; or</item></ing>
      <ing>
        <amt>
          <qty>4</qty>
          <unit>cups</unit></amt>
        <item>Flour</item></ing></ingredients>
    <directions>
      <step>  Mix shortening, boiling water, sugar, salt and All-Bran together. Let stand
  until lukewarm.
  
  Soak the cake of yeast in the warm water. Add the egg. mix with the above
  mixture. Add flour. Place in a slightly greased bowl. Set aside to rise.
  
  Knead on floured surface. Place in a greased bowl, cover and let rise until
  double in bulk.
  
  Turn out on floured surface and roll.
  
  Bake in hot over, 425 degrees for about 15 minutes.
  Posted to MC-Recipe Digest V1 #939 by "abprice@wf.net" &lt;abprice@wf.net&gt; on
  Dec 2, 1997
 
</step></directions></recipe></recipeml>
