<?xml version="1.0" encoding="UTF-8"?>

<recipeml version="0.5">
  <recipe>
    <head>
      <title>All American Barbecued Beans</title>
      <categories>
        <cat>None</cat></categories>
      <yield>4</yield></head>
    <ingredients>
      <ing>
        <amt>
          <qty>1</qty>
          <unit>slice</unit></amt>
        <item>Fat-free turkey bacon; cut into 1" pieces</item></ing>
      <ing>
        <amt>
          <qty>1/2</qty>
          <unit>cups</unit></amt>
        <item>Onions; chopped</item></ing>
      <ing>
        <amt>
          <qty>1/2</qty>
          <unit>cups</unit></amt>
        <item>Ketchup</item></ing>
      <ing>
        <amt>
          <qty>2</qty>
          <unit>tablespoons</unit></amt>
        <item>White vinegar</item></ing>
      <ing>
        <amt>
          <qty>2</qty>
          <unit>tablespoons</unit></amt>
        <item>Water</item></ing>
      <ing>
        <amt>
          <qty>1</qty>
          <unit>tablespoon</unit></amt>
        <item>Prepared mustard</item></ing>
      <ing>
        <amt>
          <qty>1</qty>
          <unit>teaspoon</unit></amt>
        <item>Worcestershire sauce</item></ing>
      <ing>
        <amt>
          <qty>1/8</qty>
          <unit>teaspoons</unit></amt>
        <item>Salt</item></ing>
      <ing>
        <amt>
          <qty>1/8</qty>
          <unit>teaspoons</unit></amt>
        <item>Black pepper</item></ing>
      <ing>
        <amt>
          <qty>15 1/2</qty>
          <unit>ounces</unit></amt>
        <item>Great northern beans; canned, drained</item></ing>
      <ing>
        <amt>
          <qty>1/3</qty>
          <unit>cups</unit></amt>
        <item>Equal® Spoonful sweetener</item></ing></ingredients>
    <directions>
      <step>  Recipe By : Sweet Ideas, Great Recipes From Equal Sweetener Serving Size
  : 4 Preparation Time :0:00 Categories
  : Bean
  
  Cook bacon pieces in medium saucepan over medium-high heat four minutes.
  Add onions and cook until bacon is crisp and onions are tender. In a small
  bowl, combine ketchup, white vinegar, water, mustard, worcestershire sauce,
  salt, black pepper, and beans. Reduce heat and simmer, covered, until
  flavors are blended, 20 minutes. Add sweetener.
  
  Per serving: 172 Calories; 1g Fat (3% calories from fat); 10g Protein; 38g
  Carbohydrate; 4mg Cholesterol; 489mg Sodium
  
  Posted to Bakery-Shoppe Digest V1 #202 by Simps
  &lt;c.simpson@worldnet.att.net&gt; on Aug 26, 1997
 
</step></directions></recipe></recipeml>
