<?xml version="1.0" encoding="UTF-8"?>

<recipeml version="0.5">
  <recipe>
    <head>
      <title>Allene's Southwest Cheesecake</title>
      <categories>
        <cat>None</cat></categories>
      <yield>1</yield></head>
    <ingredients>
      <ing-div>
        <title/>
        <ing>
          <amt>
            <qty>1</qty>
            <unit>cup</unit></amt>
          <item>Graham cracker crumbs</item></ing>
        <ing>
          <amt>
            <qty>1/2</qty>
            <unit>cups</unit></amt>
          <item>Mesquite meal</item></ing>
        <ing>
          <amt>
            <qty>6</qty>
            <unit>tablespoons</unit></amt>
          <item>Melted butter or margarine</item></ing>
        <ing>
          <amt>
            <qty>2/3</qty>
            <unit>cups</unit></amt>
          <item>Mesquite or clover honey; divided</item></ing>
        <ing>
          <amt>
            <qty>1/2</qty>
            <unit>teaspoons</unit></amt>
          <item>Ground cinnamon</item></ing>
        <ing>
          <amt>
            <qty>3</qty>
            <unit>packages</unit></amt>
          <item>(8-oz.) cream cheese; softened</item></ing>
        <ing>
          <amt>
            <qty>2</qty>
            <unit>teaspoons</unit></amt>
          <item>Pure vanilla extract</item></ing>
        <ing>
          <amt>
            <qty>3</qty>
            <unit>large</unit></amt>
          <item>Eggs</item></ing>
        <ing>
          <amt>
            <qty>1</qty>
            <unit>cup</unit></amt>
          <item>Sour cream</item></ing>
        <ing>
          <amt>
            <qty/>
            <unit/></amt>
          <item>Prickly Pear Glaze; (recipe below)</item></ing>
        <ing>
          <amt>
            <qty>2</qty>
            <unit/></amt>
          <item>Ripe; unblemished peaches</item></ing></ing-div>
      <ing-div>
        <title>PRICKLY PEAR GLAZE</title>
        <ing>
          <amt>
            <qty>3/4</qty>
            <unit>cups</unit></amt>
          <item>Apple juice</item></ing>
        <ing>
          <amt>
            <qty>2</qty>
            <unit>tablespoons</unit></amt>
          <item>Cornstarch</item></ing>
        <ing>
          <amt>
            <qty>3/4</qty>
            <unit>cups</unit></amt>
          <item>Prickly pear nectar</item></ing>
        <ing>
          <amt>
            <qty>1/4</qty>
            <unit>cups</unit></amt>
          <item>Mesquite or clover honey; (up to 1/3)</item></ing></ing-div></ingredients>
    <directions>
      <step>  Maryellen: Here are some recipes from Native Peoples Magazine, using
  mesquite meal. I got these from their web site:
  http://www.nativepeoples.com/
  
  Preheat oven to 350øF. In a mixing bowl, combine graham cracker crumbs,
  mesquite meal, butter, 1 tablespoon honey, and cinnamon. Using fingers,
  press mixture evenly on bottom and half way up sides of 9-inch spring-form
  pan. Set aside.
  
  In large mixing bowl, with mixer at high speed, beat cream cheese,
  remaining honey, and vanilla until creamy. Beat in eggs, one at a time,
  mixing well. Stir in sour cream. Pour batter into crust; bake 50 to 60
  minutes, until center sets. Turn off oven, leaving door slightly ajar.
  Leave cake in oven 1 hour; remove and allow to cool. Chill at least 2
  hours; then prepare glaze and peel and slice peaches. Arrange peaches on
  top of cake and spoon over glaze. Return to refrigerator until ready to
  serve. Makes 8 to 10 servings.
  
  Prickly Pear Glaze: Combine 1/4 cup apple juice and cornstarch. In
  saucepan, combine remaining apple juice, prickly pear juice, and honey.
  Stir over medium heat until honey melts. Add cornstarch mixture and stir
  until mixture boils, thickens, and turns clear. Cook one minute and set
  aside to cool slightly.
  
  Posted to FOODWINE Digest  by Anne Goldberg &lt;anne-goldberg@NWU.EDU&gt; on Feb
  4, 1998
 
</step></directions></recipe></recipeml>
