<?xml version="1.0" encoding="UTF-8"?>

<recipeml version="0.5">
  <recipe>
    <head>
      <title>Allgaeuer Kaesespatzen</title>
      <categories>
        <cat>Mehlspeisen</cat>
        <cat>Nudeln</cat></categories>
      <yield>999</yield></head>
    <ingredients>
      <ing>
        <amt>
          <qty/>
          <unit/></amt>
        <item>3/8 l Milch</item></ing>
      <ing>
        <amt>
          <qty/>
          <unit/></amt>
        <item>30 g Butter oder Margarine</item></ing>
      <ing>
        <amt>
          <qty/>
          <unit/></amt>
        <item>Salz</item></ing>
      <ing>
        <amt>
          <qty/>
          <unit/></amt>
        <item>Evtl. Muskat</item></ing>
      <ing>
        <amt>
          <qty/>
          <unit/></amt>
        <item>200 g Mehl</item></ing>
      <ing>
        <amt>
          <qty/>
          <unit/></amt>
        <item>100 g Mondamin</item></ing>
      <ing>
        <amt>
          <qty/>
          <unit/></amt>
        <item>2 grosse Eier</item></ing>
      <ing>
        <amt>
          <qty/>
          <unit/></amt>
        <item>100 g geriebener Schweizer -Kaese</item></ing>
      <ing>
        <amt>
          <qty/>
          <unit/></amt>
        <item>20 g Butter</item></ing></ingredients>
    <directions>
      <step>    Milch mit Butter oder Margarine, etwas Salz und feingeriebener Muskatnuss
  zum Kochen aufsetzen. Mehl und Mondamin auf einmal hineinschuetten. Die
  Masse glattruehren und solange schlagen, bis sie sich vom Topf loest. Unter
  die abgekuehlte Masse erst das eine und dann das 2. Ei ruehren. Mit 2
  Teeloeffeln Kloesschen abstechen, gleichmaessig formen und im siedenden
  Wasser ziehen lassen, bis sie oben schwimmen. Die Kloesschen mit einem
  Schaumloeffel herausnehmen, abtropfen lassen, schichtweise mit geriebenem
  Kaese in kleine, gefettete Auflaufform geben und die Oberflaeche mit
  geriebenem Kaese ueberstreuen, Butterfloeckchen daraufsetzen und im
  mittelheissem Ofen 20 Minuten ueberbacken. Die Allgaeuer Kaesespatzen
  eignen sich mit Salat gereicht gut als saettigendes Abendessen.
  
  *  Aus dem Mondaminkalender 1958
  
  Erfasser: Barbara Datum: 13.01.1993 Stichworte: Kaese, Mehlspeisen
  
  From Gemini's MASSIVE MealMaster collection at www.synapse.com/~gemini
 
</step></directions></recipe></recipeml>
