<?xml version="1.0" encoding="UTF-8"?>

<recipeml version="0.5">
  <recipe>
    <head>
      <title>Alligator Meatballs</title>
      <categories>
        <cat>Game</cat>
        <cat>Entre' or s</cat>
        <cat>Main dishes</cat></categories>
      <yield>1</yield></head>
    <ingredients>
      <ing>
        <amt>
          <qty>1</qty>
          <unit>pound</unit></amt>
        <item>Alligator meat; chop</item></ing>
      <ing>
        <amt>
          <qty>1</qty>
          <unit/></amt>
        <item>Egg</item></ing>
      <ing>
        <amt>
          <qty>1</qty>
          <unit>tablespoon</unit></amt>
        <item>Onion; chop fine</item></ing>
      <ing>
        <amt>
          <qty>2</qty>
          <unit>tablespoons</unit></amt>
        <item>Celery; chop fine</item></ing>
      <ing>
        <amt>
          <qty>1</qty>
          <unit>tablespoon</unit></amt>
        <item>Parsley; chop fine</item></ing>
      <ing>
        <amt>
          <qty>2</qty>
          <unit>tablespoons</unit></amt>
        <item>Shallots; chop fine</item></ing>
      <ing>
        <amt>
          <qty>2</qty>
          <unit>teaspoons</unit></amt>
        <item>Lemon pepper</item></ing>
      <ing>
        <amt>
          <qty>1/2</qty>
          <unit>teaspoons</unit></amt>
        <item>Salt</item></ing>
      <ing>
        <amt>
          <qty>1/4</qty>
          <unit>cups</unit></amt>
        <item>Bread crumbs</item></ing>
      <ing>
        <amt>
          <qty/>
          <unit/></amt>
        <item>Flour to dredge</item></ing>
      <ing>
        <amt>
          <qty>1</qty>
          <unit>cup</unit></amt>
        <item>Cooking oil</item></ing></ingredients>
    <directions>
      <step>  Mix all ingredients, form into 1" balls. Allow to set for 1 hour. Dredge
  with flour and fry until brown. Serve hot. Source: Louisiana Seafood &amp; Wild
  Game.
  Posted to EAT-L Digest 13 October 96
  
  Date:    Mon, 14 Oct 1996 05:05:19 -0400
  
  From:    Bill Spalding &lt;billspa@ICANECT.NET&gt;
 
</step></directions></recipe></recipeml>
