<?xml version="1.0" encoding="UTF-8"?>

<recipeml version="0.5">
  <recipe>
    <head>
      <title>Allium Bisque</title>
      <categories>
        <cat>Basics</cat>
        <cat>Essentials</cat></categories>
      <yield>7</yield></head>
    <ingredients>
      <ing>
        <amt>
          <qty>4</qty>
          <unit/></amt>
        <item>Onions</item></ing>
      <ing>
        <amt>
          <qty>4</qty>
          <unit/></amt>
        <item>Leeks</item></ing>
      <ing>
        <amt>
          <qty>4</qty>
          <unit/></amt>
        <item>Potatoes</item></ing>
      <ing>
        <amt>
          <qty>2</qty>
          <unit>tablespoons</unit></amt>
        <item>Butter</item></ing>
      <ing>
        <amt>
          <qty>2</qty>
          <unit>tablespoons</unit></amt>
        <item>Oil</item></ing>
      <ing>
        <amt>
          <qty>10</qty>
          <unit/></amt>
        <item>Cloves garlic -- minced</item></ing>
      <ing>
        <amt>
          <qty>4</qty>
          <unit/></amt>
        <item>Shallots -- minced</item></ing>
      <ing>
        <amt>
          <qty>6</qty>
          <unit>cups</unit></amt>
        <item>Chicken stock</item></ing>
      <ing>
        <amt>
          <qty/>
          <unit/></amt>
        <item>Salt -- to taste</item></ing>
      <ing>
        <amt>
          <qty>1</qty>
          <unit>teaspoon</unit></amt>
        <item>Dried basil</item></ing>
      <ing>
        <amt>
          <qty>1</qty>
          <unit/></amt>
        <item>Bay leaf</item></ing>
      <ing>
        <amt>
          <qty>1</qty>
          <unit>teaspoon</unit></amt>
        <item>Dried oregano</item></ing>
      <ing>
        <amt>
          <qty>1/2</qty>
          <unit>teaspoons</unit></amt>
        <item>Dried marjoram</item></ing>
      <ing>
        <amt>
          <qty/>
          <unit/></amt>
        <item>Minced chives -- for</item></ing>
      <ing>
        <amt>
          <qty/>
          <unit/></amt>
        <item>Garnish</item></ing></ingredients>
    <directions>
      <step>  1. Cut onions into large dice. Clean leeks as follows: cut off root ends;
  remove and discard coarse outer leaves; discard green tops. Split
  lengthwise, cutting to within 1 inch of root end. Soak in cold water for
  several minutes; separate leaves under running water to rinse away any
  dirt. Cut leeks into 1/4-inch slices. Peel potatoes and cut into 1/2-inch
  cubes.
  
  2. In a large saucepan, heat butter and oil. Add onions, garlic, shallots,
  and leeks. Cook slowly over low heat until lightly browned. Add potatoes,
  stock, salt to taste, basil, bay leaf, oregano, and marjoram. Bring to a
  boil, reduce heat to simmer, and cook 40 minutes. Serve immediately or
  refrigerate and warm before serving. Garnish with minced chives.
  
  Makes 6 to 8 servings.
  
  Recipe By     : the California Culinary Academy
  
  From: Ladies Home Journal- August 1991
  
  File ftp://ftp.idiscover.co.uk/pub/food/mealmaster/recipes/mmdja006.zip
 
</step></directions></recipe></recipeml>
