<?xml version="1.0" encoding="UTF-8"?>

<recipeml version="0.5">
  <recipe>
    <head>
      <title>Allison's Salmon Loaf</title>
      <categories>
        <cat>Main</cat>
        <cat>Dishes</cat></categories>
      <yield>6</yield></head>
    <ingredients>
      <ing>
        <amt>
          <qty/>
          <unit/></amt>
        <item>~ ~~           MIX together in a medium bowl</item></ing></ingredients>
    <directions>
      <step>  14      ozs           canned salmon -- drained and flaked
      1/2 c  fresh bread crumbs 6 med fresh mushrooms -- chopped
     1/2  med           onion -- chopped
        1    egg -- beaten
        1    tbsp          lemon juice 1 tsp grated lemon rind
     1/2  tsp           Cajun seasoning
  :       ~~~           OR
     1/2  tsp           dried rosemary leaves -- crushed
     1/8  tsp           pepper -- (optional)
                        vegetable cooking spray
  
  Spray small loaf pan with cooking spray.  Put salmon mixture in pan and
  bake at 375F for 40 minutes, until the loaf can be sliced.
  Posted to MC-Recipe Digest V1 #217
  
  Date: Wed, 11 Sep 1996 11:19:36 0000
  
  From: Allison Greene &lt;argreene@nando.net&gt;
 
</step></directions></recipe></recipeml>
