<?xml version="1.0" encoding="UTF-8"?>

<recipeml version="0.5">
  <recipe>
    <head>
      <title>Allison's Baked Kalamata Olives</title>
      <categories>
        <cat>None</cat></categories>
      <yield>1</yield></head>
    <ingredients>
      <ing>
        <amt>
          <qty>1/3</qty>
          <unit>pounds</unit></amt>
        <item>Kalamata olives</item></ing>
      <ing>
        <amt>
          <qty>1/4</qty>
          <unit>teaspoons</unit></amt>
        <item>Fennel seed; lightly crushed</item></ing>
      <ing>
        <amt>
          <qty>1</qty>
          <unit/></amt>
        <item>Strip orange peel</item></ing>
      <ing>
        <amt>
          <qty>1</qty>
          <unit/></amt>
        <item>Garlic clove; peeled and smashed</item></ing>
      <ing>
        <amt>
          <qty>1/2</qty>
          <unit>cups</unit></amt>
        <item>Red wine; or enough to barely cover olives</item></ing></ingredients>
    <directions>
      <step>  San Francisco event planner Allison Rodman got the recipe for these warm
  seasoned olives from a former Bay Area caterer.
  
  INSTRUCTIONS: Preheat oven to 350 degrees.
  
  Combine all ingredients in an ovenproof ramekin. Bake until the olives are
  hot, about 15 minutes. Cool 5 minutes before serving.
  
  Serves 8.
  
  ©1998 San Francisco Chronicle Page 1/ZZ1
  Posted to CHILE-HEADS DIGEST by Judy Howle &lt;howle@ebicom.net&gt; on Apr 19,
  1998
 
</step></directions></recipe></recipeml>
