<?xml version="1.0" encoding="UTF-8"?>

<recipeml version="0.5">
  <recipe>
    <head>
      <title>Alligator Sausage and Crawfish Casserole</title>
      <categories>
        <cat>Meats</cat>
        <cat>Seafood</cat></categories>
      <yield>15</yield></head>
    <ingredients>
      <ing>
        <amt>
          <qty/>
          <unit/></amt>
        <item>Waldine Van Geffen VGHC42A</item></ing>
      <ing>
        <amt>
          <qty>1</qty>
          <unit>pound</unit></amt>
        <item>Alligator sausage; crumble</item></ing>
      <ing>
        <amt>
          <qty/>
          <unit/></amt>
        <item>Brown, drain</item></ing>
      <ing>
        <amt>
          <qty>1</qty>
          <unit>pound</unit></amt>
        <item>Crawfish tails</item></ing>
      <ing>
        <amt>
          <qty>1</qty>
          <unit>pound</unit></amt>
        <item>Smoked sausage -- sliced</item></ing>
      <ing>
        <amt>
          <qty>2</qty>
          <unit>cups</unit></amt>
        <item>Converted long-grain rice</item></ing>
      <ing>
        <amt>
          <qty>10</qty>
          <unit>ounces</unit></amt>
        <item>Cn Rotelle tomatoes/w</item></ing>
      <ing>
        <amt>
          <qty/>
          <unit/></amt>
        <item>Chiles</item></ing>
      <ing>
        <amt>
          <qty>1</qty>
          <unit>can</unit></amt>
        <item>Onion Soup</item></ing>
      <ing>
        <amt>
          <qty>1</qty>
          <unit>can</unit></amt>
        <item>Beef consomme</item></ing>
      <ing>
        <amt>
          <qty>1</qty>
          <unit>bunch</unit></amt>
        <item>Green onions -- chopped</item></ing>
      <ing>
        <amt>
          <qty>1</qty>
          <unit>pound</unit></amt>
        <item>Mushrooms -- sliced</item></ing>
      <ing>
        <amt>
          <qty>10</qty>
          <unit>mililiters</unit></amt>
        <item>Garlic -- minced</item></ing>
      <ing>
        <amt>
          <qty>2</qty>
          <unit/></amt>
        <item>Bay leaves</item></ing>
      <ing>
        <amt>
          <qty>1</qty>
          <unit>tablespoon</unit></amt>
        <item>Creole seasoning</item></ing>
      <ing>
        <amt>
          <qty>1</qty>
          <unit>tablespoon</unit></amt>
        <item>Black pepper</item></ing>
      <ing>
        <amt>
          <qty>1/4</qty>
          <unit>pounds</unit></amt>
        <item>Butter or margarine</item></ing></ingredients>
    <directions>
      <step>  Mix alligator sausage with remaining ingredients. Place in a covered
  casserole or pan and cook in preheated 350~ oven for 1 hour. After 30
  minutes, stir well and continue cooking for the remaining time. Let cool,
  uncovered, for a few minutes and serve. Can serve 10-20. Source: Times-
  Picayune recipe contest (wrv)
  
  Recipe By     :
  
  From: Ladies Home Journal- August 1991
  
  Posted to MM-Recipes Digest V3 #278
  
  Date: Tue, 8 Oct 1996 16:50:32 -0700 (PDT)
  
  From: Corky Courtright &lt;corky@discover.net&gt;
 
</step></directions></recipe></recipeml>
