<?xml version="1.0" encoding="UTF-8"?>

<recipeml version="0.5">
  <recipe>
    <head>
      <title>Allie Prudhomme Fonterot's Bread Pudding and Hard Sauce</title>
      <categories>
        <cat>Pudding</cat>
        <cat>Bread</cat></categories>
      <yield>9</yield></head>
    <ingredients>
      <ing>
        <amt>
          <qty>1</qty>
          <unit/></amt>
        <item>Unsalted butter; softened</item></ing>
      <ing>
        <amt>
          <qty>1</qty>
          <unit>cup</unit></amt>
        <item>Plus 2 tablespoon sugar</item></ing>
      <ing>
        <amt>
          <qty>2</qty>
          <unit>cans</unit></amt>
        <item>(12-oz) evaporated milk approximately 3 cups</item></ing>
      <ing>
        <amt>
          <qty>3</qty>
          <unit/></amt>
        <item>Eggs</item></ing>
      <ing>
        <amt>
          <qty>2</qty>
          <unit>teaspoons</unit></amt>
        <item>Vanilla extract</item></ing>
      <ing>
        <amt>
          <qty>1</qty>
          <unit>teaspoon</unit></amt>
        <item>Ground cinnamon</item></ing>
      <ing>
        <amt>
          <qty>3/4</qty>
          <unit>teaspoons</unit></amt>
        <item>Ground nutmeg</item></ing>
      <ing>
        <amt>
          <qty>1/2</qty>
          <unit>teaspoons</unit></amt>
        <item>Salt</item></ing>
      <ing>
        <amt>
          <qty>1/4</qty>
          <unit>teaspoons</unit></amt>
        <item>Cream of tarter</item></ing>
      <ing>
        <amt>
          <qty>1/4</qty>
          <unit>teaspoons</unit></amt>
        <item>Ground ginger</item></ing>
      <ing>
        <amt>
          <qty>7</qty>
          <unit/></amt>
        <item>Slices; stale, white sandwich bread, toasted</item></ing></ingredients>
    <directions>
      <step>  Place butter and sugar in large bowl. Mix with electric mixer on medium
  speed until creamed, about 5 minutes, pushing sides down with a rubber
  spatula. Add milk, eggs, vanilla, cinnamon, nutmeg, salt, cream of tarter
  and ginger beating on low speed until batter is thoroughly blended, about
        3    minutes.
  
  Line the bottom of a ungreased 8 by 8 inch baking dish evenly with toasted
  bread, breaking it into small pieces. Pour mixture over bread and let set
  for 1 hour, patting down bread that floats up occasionally.
  
  Bake at 450 degrees until very well browned and the mixture shakes like a
  bowl of jelly when the pan is gently shaken back and forth, about 20 - 25
  minutes. Remove from oven and let cool before serving. . Note: You can add
  raisins, coconut or roasted pecans or some other types of nuts.
  
  Hard Sauce
  
  3 tablespoons butter 3/4 cup Confectioners 10X sugar, sifted 3 tablespoons
  Brandy or rum, heated
  
  Melt butter in a small sauce pan. Remove from heat and stir in sugar and
  liquor. Beat until smooth. Serve over bread pudding.
  
  From a newspaper clipping, which cited The Prudhomme Family Cookbook
  
  Entered for you by: Bill Webster
  Posted to MC-Recipe Digest V1 #835 by Bill Webster &lt;thelma@pipeline.com&gt; on
  Oct 10, 1997
 
</step></directions></recipe></recipeml>
