<?xml version="1.0" encoding="UTF-8"?>

<recipeml version="0.5">
  <recipe>
    <head>
      <title>Allison's Cookies</title>
      <categories>
        <cat>Cookie</cat></categories>
      <yield>16</yield></head>
    <ingredients>
      <ing>
        <amt>
          <qty>2</qty>
          <unit>cups</unit></amt>
        <item>Sugar</item></ing>
      <ing>
        <amt>
          <qty>1/2</qty>
          <unit>cups</unit></amt>
        <item>Milk</item></ing>
      <ing>
        <amt>
          <qty>3</qty>
          <unit>tablespoons</unit></amt>
        <item>Cocoa</item></ing>
      <ing>
        <amt>
          <qty>1/2</qty>
          <unit>cups</unit></amt>
        <item>Margarine; cut in pieces</item></ing>
      <ing>
        <amt>
          <qty>1/2</qty>
          <unit>cups</unit></amt>
        <item>Peanut butter</item></ing>
      <ing>
        <amt>
          <qty>3</qty>
          <unit>cups</unit></amt>
        <item>Uncooked oats</item></ing>
      <ing>
        <amt>
          <qty>1/2</qty>
          <unit>cups</unit></amt>
        <item>Chopped nuts</item></ing>
      <ing>
        <amt>
          <qty>1</qty>
          <unit>teaspoon</unit></amt>
        <item>Vanilla extrace</item></ing></ingredients>
    <directions>
      <step>  In a microwave-safe dish, stir together the sugar, milk, cocoa and
  margarine. Microwave on HIGH for 2 minutes, stirring once. Add peanut
  butter, oats, nuts and vanilla. Mix well and drop by heaping teaspoonfuls
  onto wax paper. Let dry several hours and store between layers of waxed
  paper in an airtight container.
  
  ARKANSAS GAZETTE-DEMOCRAT
  
       18    OCT 95
  
  DOROTHY EGGERS, EL DORADO, AR
  
  Downloaded from Glen's MM Recipe Archive, http://www.erols.com/hosey.
 
</step></directions></recipe></recipeml>
