<?xml version="1.0" encoding="UTF-8"?>

<recipeml version="0.5">
  <recipe>
    <head>
      <title>Alligator Grand Chenier</title>
      <categories>
        <cat>Main dishes</cat>
        <cat>Game</cat></categories>
      <yield>1</yield></head>
    <ingredients>
      <ing-div>
        <title/>
        <ing>
          <amt>
            <qty>4</qty>
            <unit/></amt>
          <item>Alligator Filets</item></ing></ing-div>
      <ing-div>
        <title>STUFFING</title>
        <ing>
          <amt>
            <qty>1/4</qty>
            <unit>cups</unit></amt>
          <item>Margarine</item></ing>
        <ing>
          <amt>
            <qty>1/2</qty>
            <unit>cups</unit></amt>
          <item>Onions; diced</item></ing>
        <ing>
          <amt>
            <qty>1/4</qty>
            <unit>cups</unit></amt>
          <item>Bell pepper; diced</item></ing>
        <ing>
          <amt>
            <qty>1/4</qty>
            <unit>cups</unit></amt>
          <item>Celery; diced</item></ing>
        <ing>
          <amt>
            <qty>1</qty>
            <unit>teaspoon</unit></amt>
          <item>Salt</item></ing>
        <ing>
          <amt>
            <qty>1/2</qty>
            <unit>teaspoons</unit></amt>
          <item>Cayenne pepper</item></ing>
        <ing>
          <amt>
            <qty>1/4</qty>
            <unit>teaspoons</unit></amt>
          <item>Black pepper</item></ing>
        <ing>
          <amt>
            <qty>1/2</qty>
            <unit>teaspoons</unit></amt>
          <item>Garlic powder</item></ing>
        <ing>
          <amt>
            <qty>1</qty>
            <unit>cup</unit></amt>
          <item>Water</item></ing>
        <ing>
          <amt>
            <qty>2</qty>
            <unit/></amt>
          <item>Chicken bouillon cubes</item></ing>
        <ing>
          <amt>
            <qty>2</qty>
            <unit>teaspoons</unit></amt>
          <item>Parsley; chopped</item></ing>
        <ing>
          <amt>
            <qty>1/4</qty>
            <unit>cups</unit></amt>
          <item>Scallions; chopped</item></ing>
        <ing>
          <amt>
            <qty>1 1/2</qty>
            <unit>cups</unit></amt>
          <item>Bread crumbs from day old bread</item></ing>
        <ing>
          <amt>
            <qty>1</qty>
            <unit/></amt>
          <item>Egg</item></ing>
        <ing>
          <amt>
            <qty>1</qty>
            <unit>pound</unit></amt>
          <item>Dark crabmeat</item></ing></ing-div></ingredients>
    <directions>
      <step>  Carefully pound alligator filets into hand-size rectangles, without tearing
  meat. Lightly season with salt and cayenne pepper. Set aside. In a large
  skillet, melt margarine and Saute onion, bell pepper and celery until
  tender. Add salt, pepper and garlic to mixture and stir. Dissolve bouillon
  cubes in water, add to mixture and boil for 3 minutes. Remove from heat.
  Stir in remaining ingredients, carefully folding in the crabmeat last.
  Spoon stuffing onto alligator filets and fold over "omelet-style." Secure
  edges with toothpicks if desired. Grill in a pre-heated 350 lightly greased
  skillet. Serve plain or with your favorite seafood sauce. Festival:
  Carencro Mardi Gras Festival; February 25-28, 1995.
  Recipe By     : Cajun Country Recipes
  
  Posted to EAT-L Digest 13 October 96
  
  Date:    Mon, 14 Oct 1996 05:05:19 -0400
  
  From:    Bill Spalding &lt;billspa@ICANECT.NET&gt;
 
</step></directions></recipe></recipeml>
