<?xml version="1.0" encoding="UTF-8"?>

<recipeml version="0.5">
  <recipe>
    <head>
      <title>Alligator and Andouille Sauce Piquante</title>
      <categories>
        <cat>Pork &amp;</cat>
        <cat>Ham</cat></categories>
      <yield>1</yield></head>
    <ingredients>
      <ing>
        <amt>
          <qty>5</qty>
          <unit>pounds</unit></amt>
        <item>Alligator meat</item></ing>
      <ing>
        <amt>
          <qty/>
          <unit/></amt>
        <item>Cajun seasoning</item></ing>
      <ing>
        <amt>
          <qty>1/4</qty>
          <unit>cups</unit></amt>
        <item>Olive Oil; +1 tsp.</item></ing>
      <ing>
        <amt>
          <qty>1 1/4</qty>
          <unit>pounds</unit></amt>
        <item>Smoked andouille sausage; diced</item></ing>
      <ing>
        <amt>
          <qty>1</qty>
          <unit>can</unit></amt>
        <item>Tomato Sauce; 10oz.</item></ing>
      <ing>
        <amt>
          <qty>1/3</qty>
          <unit>cups</unit></amt>
        <item>Margarine</item></ing>
      <ing>
        <amt>
          <qty>1/3</qty>
          <unit>cups</unit></amt>
        <item>Dark Roux</item></ing>
      <ing>
        <amt>
          <qty>1/4</qty>
          <unit>cups</unit></amt>
        <item>Chicken Base</item></ing>
      <ing>
        <amt>
          <qty>4</qty>
          <unit>cups</unit></amt>
        <item>Spanish Onion; chopped</item></ing>
      <ing>
        <amt>
          <qty>1</qty>
          <unit>cup</unit></amt>
        <item>Bell Pepper; chopped</item></ing>
      <ing>
        <amt>
          <qty>1</qty>
          <unit>cup</unit></amt>
        <item>Celery; diced</item></ing>
      <ing>
        <amt>
          <qty>1</qty>
          <unit>teaspoon</unit></amt>
        <item>Cayenne Pepper</item></ing>
      <ing>
        <amt>
          <qty>2</qty>
          <unit>tablespoons</unit></amt>
        <item>Jalapeno Pepper; diced</item></ing>
      <ing>
        <amt>
          <qty>1</qty>
          <unit>teaspoon</unit></amt>
        <item>Sugar</item></ing>
      <ing>
        <amt>
          <qty>2</qty>
          <unit>tablespoons</unit></amt>
        <item>Garlic; chopped</item></ing>
      <ing>
        <amt>
          <qty>3</qty>
          <unit>cups</unit></amt>
        <item>Fresh mushrooms; sliced</item></ing>
      <ing>
        <amt>
          <qty>2</qty>
          <unit>quarts</unit></amt>
        <item>Water</item></ing>
      <ing>
        <amt>
          <qty>1/2</qty>
          <unit>cups</unit></amt>
        <item>Green Onion Bottoms; chopped</item></ing>
      <ing>
        <amt>
          <qty>1/2</qty>
          <unit>cups</unit></amt>
        <item>Parsley; chopped</item></ing>
      <ing>
        <amt>
          <qty>3</qty>
          <unit>cups</unit></amt>
        <item>Rice; cooked</item></ing>
      <ing>
        <amt>
          <qty/>
          <unit/></amt>
        <item>Mixture of cornstarch and water for</item></ing>
      <ing>
        <amt>
          <qty/>
          <unit/></amt>
        <item>Thickening; optional</item></ing></ingredients>
    <directions>
      <step>  Rub both sides of alligator meat with Cajun seasoning and cut into 1 inch
  by 1 inch pieces. If possible, allow to marinate overnight. Brown alligator
  in olive oil over high heat. Remove from pot. Saute andouille in same oil
  for 5 minutes and remove from pot. Pour tomato suace into pot with
  remaining oil. Stir sauce over high heat until it is very brown, burned.
  Keep stiring until a thick ball of paste forms. Add margarine, roux,
  chicken base, onions, bell pepper, celery, cayenne pepper, jalapeno peppers
  and sugar. Saute until onions are clear. Return alligator and andouille to
  pot. Add garlic, mushrooms and 3 cups of water. Bring to a boil and then
  reduce to medium heat. Cook for 1 hour, adding water as needed. Once
  alligator is tender, add green onions and parsley. Cornstarch mixture may
  be added to thicken gravey. Serve over hot cooked rice. Chicken, squirrel,
  rabbit, turtle or duck may be substituted for the alligator. Regular smoked
  sausage may be substituted for the andouille. Festival: Festival
  International de Louisiane; April 25-30, 1995. Recipe: Prejean's
  Restaurant.
  Posted to MC-Recipe Digest V1 #191
  
  Date: Sat, 10 Aug 1996 06:14:30 -0400
  
  From: billspa@icanect.net (Bill Spalding)
 
</step></directions></recipe></recipeml>
