<?xml version="1.0" encoding="UTF-8"?>

<recipeml version="0.5">
  <recipe>
    <head>
      <title>Alligator Sauce Piquant-3</title>
      <categories>
        <cat>Game</cat>
        <cat>Gumbos &amp; st</cat></categories>
      <yield>90</yield></head>
    <ingredients>
      <ing>
        <amt>
          <qty>4</qty>
          <unit>pounds</unit></amt>
        <item>All-purpose flour</item></ing>
      <ing>
        <amt>
          <qty>1</qty>
          <unit>gallon</unit></amt>
        <item>Vegetable cooking oil</item></ing>
      <ing>
        <amt>
          <qty>6</qty>
          <unit>pounds</unit></amt>
        <item>Onions; finely chopped</item></ing>
      <ing>
        <amt>
          <qty>4</qty>
          <unit>large</unit></amt>
        <item>Bell peppers; finely chopped</item></ing>
      <ing>
        <amt>
          <qty>1</qty>
          <unit>bunch</unit></amt>
        <item>Celery; finely chopped</item></ing>
      <ing>
        <amt>
          <qty>1</qty>
          <unit/></amt>
        <item>Head garlic; finely chopped</item></ing>
      <ing>
        <amt>
          <qty>8</qty>
          <unit>cups</unit></amt>
        <item>Water</item></ing>
      <ing>
        <amt>
          <qty>8</qty>
          <unit>cans</unit></amt>
        <item>Tomato soup</item></ing>
      <ing>
        <amt>
          <qty>4</qty>
          <unit>cans</unit></amt>
        <item>Tomato sauce; (#303)</item></ing>
      <ing>
        <amt>
          <qty>1</qty>
          <unit>cup</unit></amt>
        <item>Sugar</item></ing>
      <ing>
        <amt>
          <qty>1</qty>
          <unit/></amt>
        <item>Bottle bay leaves</item></ing>
      <ing>
        <amt>
          <qty>30</qty>
          <unit>pounds</unit></amt>
        <item>Alligator meat; chopped in</item></ing>
      <ing>
        <amt>
          <qty/>
          <unit/></amt>
        <item>Bite-sized pieces</item></ing>
      <ing>
        <amt>
          <qty>6</qty>
          <unit>bunches</unit></amt>
        <item>(large) green onions; chop finely</item></ing>
      <ing>
        <amt>
          <qty/>
          <unit/></amt>
        <item>Salt and pepper; to taste</item></ing>
      <ing>
        <amt>
          <qty/>
          <unit/></amt>
        <item>Cayenne pepper; to taste</item></ing></ingredients>
    <directions>
      <step>  First make a roux, being careful not to burn it. Cook until brown. Add
  onions, peppers, celery and garlic. Cook 10 to 20 minutes. Add water,
  tomato sauce, soup, bay leaves and sugar. Cook this mixture for
  approximately 1 hour, stirring every 10 minutes. Add meat and cook another
  hour. Add green onions when meat is tender and cook an additional 1/2 hour.
  Serves 90 to 120. Festival: St. Philomena Cajun Country Festival; September
  8-10, 1995.
  Recipe By     : Cajun Country Recipes
  
  Posted to EAT-L Digest 13 October 96
  
  Date:    Mon, 14 Oct 1996 05:05:28 -0400
  
  From:    Bill Spalding &lt;billspa@ICANECT.NET&gt;
 
</step></directions></recipe></recipeml>
