<?xml version="1.0" encoding="UTF-8"?>

<recipeml version="0.5">
  <recipe>
    <head>
      <title>Alligator Cacciatora Banquet</title>
      <categories>
        <cat>Cajun</cat>
        <cat>Italian</cat>
        <cat>Main dish</cat></categories>
      <yield>100</yield></head>
    <ingredients>
      <ing>
        <amt>
          <qty>3</qty>
          <unit/></amt>
        <item>Adult Alligators</item></ing>
      <ing>
        <amt>
          <qty>15</qty>
          <unit>pounds</unit></amt>
        <item>Zucchini sliced</item></ing>
      <ing>
        <amt>
          <qty>3</qty>
          <unit>cans</unit></amt>
        <item>Black pitted olives sliced</item></ing>
      <ing>
        <amt>
          <qty>1</qty>
          <unit>cup</unit></amt>
        <item>Black pepper</item></ing>
      <ing>
        <amt>
          <qty>4</qty>
          <unit>cups</unit></amt>
        <item>Oregano</item></ing>
      <ing>
        <amt>
          <qty>1</qty>
          <unit>package</unit></amt>
        <item>Bay leaves (small box)</item></ing>
      <ing>
        <amt>
          <qty>4</qty>
          <unit>cups</unit></amt>
        <item>Vegetable oil</item></ing>
      <ing>
        <amt>
          <qty>50</qty>
          <unit>pounds</unit></amt>
        <item>Canned whole tomatoes</item></ing>
      <ing>
        <amt>
          <qty>10</qty>
          <unit>pounds</unit></amt>
        <item>Sliced onions</item></ing>
      <ing>
        <amt>
          <qty>1</qty>
          <unit>cup</unit></amt>
        <item>Salt</item></ing>
      <ing>
        <amt>
          <qty>1/2</qty>
          <unit>cups</unit></amt>
        <item>Crushed red pepper</item></ing>
      <ing>
        <amt>
          <qty>4</qty>
          <unit>cups</unit></amt>
        <item>Diced fresh parsley</item></ing>
      <ing>
        <amt>
          <qty>20</qty>
          <unit>pounds</unit></amt>
        <item>Assorted green &amp; Red</item></ing>
      <ing>
        <amt>
          <qty>1</qty>
          <unit/></amt>
        <item>Whole bulb of garlic</item></ing></ingredients>
    <directions>
      <step>  peppers Alligators... Discard head, feet and tail. Wash and cut into
  individual portions. (so how much do 3 adult alligators weigh anyway?)
  Borrow, beg or steal huge cooking pot. Use medium heat for oil and garlic.
  Add alligator portions, turning often. Add tomatoes, bring to boil, simmer,
  add salt, pepper, red pepper, oregano, bay leaves, and parsley. Cover and
  simmer for 2 1/2 hours. Last 30 minutes add onions, peppers, zucchini. Last
  5 min. add sliced olives. Serve with salad topped with favorite Italian
  dressing and crisp bread. "New Orleans Cooks The Italian Way" Locovozzi &amp;
  Mollicone (note: this is a real recipe and there is a whole Italian area of
  New Orleans which as you can see is spicy like cajun, but truely Italian. I
  have though of ways to make this with some other meat, because we just
  don't have alligators in Milwaukee! Maybe buffalo?)
      Courtesy of Shareware RECIPE CLIPPER 1.2
  
  Posted to MM-Recipes Digest V3 #278
  
  Date: Tue, 8 Oct 1996 16:50:32 -0700 (PDT)
  
  From: Corky Courtright &lt;corky@discover.net&gt;
 
</step></directions></recipe></recipeml>
