<?xml version="1.0" encoding="UTF-8"?>

<recipeml version="0.5">
  <recipe>
    <head>
      <title>Alligator Sauce Piquant-1</title>
      <categories>
        <cat>Game</cat>
        <cat>Gumbos &amp; st</cat></categories>
      <yield>20</yield></head>
    <ingredients>
      <ing>
        <amt>
          <qty>5</qty>
          <unit>pounds</unit></amt>
        <item>Alligator meat; trim/cube</item></ing>
      <ing>
        <amt>
          <qty>1</qty>
          <unit>cup</unit></amt>
        <item>Olive oil</item></ing>
      <ing>
        <amt>
          <qty>3</qty>
          <unit>cups</unit></amt>
        <item>Flour; All-purpose</item></ing>
      <ing>
        <amt>
          <qty>5</qty>
          <unit>cups</unit></amt>
        <item>Onion; chopped</item></ing>
      <ing>
        <amt>
          <qty>2</qty>
          <unit>cups</unit></amt>
        <item>Green onion; chopped</item></ing>
      <ing>
        <amt>
          <qty>1</qty>
          <unit>cup</unit></amt>
        <item>Bell pepper; chopped</item></ing>
      <ing>
        <amt>
          <qty>1/2</qty>
          <unit>cups</unit></amt>
        <item>Celery; chopped</item></ing>
      <ing>
        <amt>
          <qty>2</qty>
          <unit>cups</unit></amt>
        <item>Tomatoes; fresh/chopped</item></ing>
      <ing>
        <amt>
          <qty>8</qty>
          <unit>cups</unit></amt>
        <item>Water; cold</item></ing>
      <ing>
        <amt>
          <qty>2</qty>
          <unit>tablespoons</unit></amt>
        <item>Garlic; finely chopped</item></ing>
      <ing>
        <amt>
          <qty>2</qty>
          <unit>tablespoons</unit></amt>
        <item>Worcestershire sauce</item></ing>
      <ing>
        <amt>
          <qty/>
          <unit/></amt>
        <item>Juice of 1 lemon</item></ing>
      <ing>
        <amt>
          <qty/>
          <unit/></amt>
        <item>Salt to taste</item></ing>
      <ing>
        <amt>
          <qty/>
          <unit/></amt>
        <item>Tabasco sauce to taste</item></ing>
      <ing>
        <amt>
          <qty>2</qty>
          <unit>cups</unit></amt>
        <item>White wine; dry</item></ing>
      <ing>
        <amt>
          <qty>6</qty>
          <unit>cups</unit></amt>
        <item>Tomato sauce</item></ing></ingredients>
    <directions>
      <step>  Make a dark roux with olive oil and flour.  When roux is dark brown, add
  onion, green onion, bell pepper, and celery; cover and cook until onions
  are clear, stirring occasionally. Add tomatoes and continue cooning for 10
  min; stir often. Add water and stir to make a thick liquid. Add garlic,
  Worcestershire, lemon juice, salt, hot sauce, wine, and tomato sauce,
  making sure to mix well. Add alligator, and enough water to cover the
  ingredients by 2 inches; stir to mix. Bring to a boil, stirring frequently.
  After it comes to a boil, turn heat to low and cover, checking from time to
  time, and stir to prevent sauce from sticking. Continue cooking for 3 to 4
  hrs. until meat is tender. Serve over cooked rice or spaghetti with
  Parmesan cheese. Freeze leftovers in serving size containers.
  
  This recipe is for a party--no one would go to this much trouble if the
  recipe only fed 4 peoples.
  
  Recipe:  Justin Wilson's  "Homegrown Louisiana Cookbook" ISBN 0-02-630125-3
  Posted to EAT-L Digest 13 October 96
  
  Date:    Mon, 14 Oct 1996 05:05:28 -0400
  
  From:    Bill Spalding &lt;billspa@ICANECT.NET&gt;
 
</step></directions></recipe></recipeml>
