<?xml version="1.0" encoding="UTF-8"?>

<recipeml version="0.5">
  <recipe>
    <head>
      <title>Alligator Sauce Piquant-2</title>
      <categories>
        <cat>Game</cat>
        <cat>Gumbos &amp; st</cat></categories>
      <yield>1</yield></head>
    <ingredients>
      <ing>
        <amt>
          <qty>5</qty>
          <unit>pounds</unit></amt>
        <item>Alligator meat; cut into 1" cubes</item></ing>
      <ing>
        <amt>
          <qty>1 1/2</qty>
          <unit>cups</unit></amt>
        <item>Cooking oil and</item></ing>
      <ing>
        <amt>
          <qty>1</qty>
          <unit>cup</unit></amt>
        <item>All-purpose flour; for roux</item></ing>
      <ing>
        <amt>
          <qty>4</qty>
          <unit>small</unit></amt>
        <item>Whole tomatoes</item></ing>
      <ing>
        <amt>
          <qty>1</qty>
          <unit>pound</unit></amt>
        <item>Fresh mushrooms; sliced</item></ing>
      <ing>
        <amt>
          <qty>3</qty>
          <unit>pints</unit></amt>
        <item>Cold water</item></ing>
      <ing>
        <amt>
          <qty>1</qty>
          <unit>cup</unit></amt>
        <item>Celery; chopped</item></ing>
      <ing>
        <amt>
          <qty>1/2</qty>
          <unit>cups</unit></amt>
        <item>Green onions; chopped</item></ing>
      <ing>
        <amt>
          <qty>1/2</qty>
          <unit>cups</unit></amt>
        <item>Bell pepper; chopped</item></ing>
      <ing>
        <amt>
          <qty>1</qty>
          <unit>small</unit></amt>
        <item>Tomato sauce</item></ing>
      <ing>
        <amt>
          <qty>4</qty>
          <unit/></amt>
        <item>Onions; chopped</item></ing>
      <ing>
        <amt>
          <qty>2</qty>
          <unit/></amt>
        <item>Clove garlic; crushed (2 to 3)</item></ing>
      <ing>
        <amt>
          <qty>1/2</qty>
          <unit>cups</unit></amt>
        <item>Parsley</item></ing>
      <ing>
        <amt>
          <qty/>
          <unit/></amt>
        <item>Cayenne pepper to taste</item></ing>
      <ing>
        <amt>
          <qty>3</qty>
          <unit>cups</unit></amt>
        <item>Rice; cooked</item></ing></ingredients>
    <directions>
      <step>  Saute alligator cubes until tender. In a separate pan, make a roux by
  cooking oil and flour over low heat until medium brown, or 1 small can of
  tomato paste may be used as a substitute for roux mixture. Add cold water
  to roux, followed by the remaining ingredients and alligator. Simmer
  approximately 1 hour and serve over cooked rice. Festival: Alligator
  Festival; September 22-24, 1995
  Recipe By     : New Orleans Recipes
  
  Posted to EAT-L Digest 13 October 96
  
  Date:    Mon, 14 Oct 1996 05:05:28 -0400
  
  From:    Bill Spalding &lt;billspa@ICANECT.NET&gt;
 
</step></directions></recipe></recipeml>
