<?xml version="1.0" encoding="UTF-8"?>

<recipeml version="0.5">
  <recipe>
    <head>
      <title>Allspice Pasta</title>
      <categories>
        <cat>Crs</cat>
        <cat>Makepasta</cat></categories>
      <yield>1</yield></head>
    <ingredients>
      <ing-div>
        <title>HAND</title>
        <ing>
          <amt>
            <qty>1</qty>
            <unit>cup</unit></amt>
          <item>Durum semolina</item></ing>
        <ing>
          <amt>
            <qty>1</qty>
            <unit>teaspoon</unit></amt>
          <item>Allspice</item></ing>
        <ing>
          <amt>
            <qty>1</qty>
            <unit/></amt>
          <item>Egg</item></ing>
        <ing>
          <amt>
            <qty>1</qty>
            <unit>tablespoon</unit></amt>
          <item>Vegetable or olive oil,</item></ing>
        <ing>
          <amt>
            <qty/>
            <unit/></amt>
          <item>Optional</item></ing>
        <ing>
          <amt>
            <qty>1</qty>
            <unit>tablespoon</unit></amt>
          <item>To 2 water, if and as</item></ing>
        <ing>
          <amt>
            <qty/>
            <unit/></amt>
          <item>Needed</item></ing></ing-div>
      <ing-div>
        <title>EXTRUDER</title>
        <ing>
          <amt>
            <qty>1 1/3</qty>
            <unit>cups</unit></amt>
          <item>Durum semolina</item></ing>
        <ing>
          <amt>
            <qty>1</qty>
            <unit>teaspoon</unit></amt>
          <item>Allspice</item></ing>
        <ing>
          <amt>
            <qty>1</qty>
            <unit/></amt>
          <item>Egg</item></ing>
        <ing>
          <amt>
            <qty>1</qty>
            <unit>tablespoon</unit></amt>
          <item>Vegetable or olive oil,</item></ing>
        <ing>
          <amt>
            <qty/>
            <unit/></amt>
          <item>Optional</item></ing>
        <ing>
          <amt>
            <qty>1</qty>
            <unit>tablespoon</unit></amt>
          <item>To 2 water, if and as</item></ing>
        <ing>
          <amt>
            <qty/>
            <unit/></amt>
          <item>Needed</item></ing></ing-div></ingredients>
    <directions>
      <step>  From Gemini's MASSIVE MealMaster collection at www.synapse.com/~gemini
 
</step></directions></recipe></recipeml>
