<?xml version="1.0" encoding="UTF-8"?>

<recipeml version="0.5">
  <recipe>
    <head>
      <title>Allspiced Cider</title>
      <categories>
        <cat>Beverages</cat></categories>
      <yield>6</yield></head>
    <ingredients>
      <ing>
        <amt>
          <qty>1</qty>
          <unit>tablespoon</unit></amt>
        <item>Whole allspice</item></ing>
      <ing>
        <amt>
          <qty>1</qty>
          <unit/></amt>
        <item>Cinnamon stick (3 inch)</item></ing>
      <ing>
        <amt>
          <qty>3</qty>
          <unit>cups</unit></amt>
        <item>Apple cider</item></ing>
      <ing>
        <amt>
          <qty>1</qty>
          <unit>cup</unit></amt>
        <item>Orange juice</item></ing>
      <ing>
        <amt>
          <qty>1/2</qty>
          <unit/></amt>
        <item>Lemon, sliced</item></ing>
      <ing>
        <amt>
          <qty>1</qty>
          <unit>teaspoon</unit></amt>
        <item>Honey</item></ing>
      <ing>
        <amt>
          <qty>1/4</qty>
          <unit>cups</unit></amt>
        <item>Brandy</item></ing></ingredients>
    <directions>
      <step>  Tie allspice in a piece of cheesecloth.  Place in a medium saucepan along
  with cinnamon stick, cider, orange juice, lemon slices and honey. Bring to
  a boil. Reduce heat and simmer, covered, 5 minutes. Remove spice bag. Stir
  in brandy.  Serve with a cinnamon stick in each cup, if desired. Makes 6
  servings.
  
  From Gemini's MASSIVE MealMaster collection at www.synapse.com/~gemini
 
</step></directions></recipe></recipeml>
