<?xml version="1.0" encoding="UTF-8"?>

<recipeml version="0.5">
  <recipe>
    <head>
      <title>Allspice Brandy Chicken</title>
      <categories>
        <cat>None</cat></categories>
      <yield>4</yield></head>
    <ingredients>
      <ing>
        <amt>
          <qty>6</qty>
          <unit>tablespoons</unit></amt>
        <item>Butter</item></ing>
      <ing>
        <amt>
          <qty>2</qty>
          <unit/></amt>
        <item>Onions; diced</item></ing>
      <ing>
        <amt>
          <qty>4</qty>
          <unit/></amt>
        <item>Chicken breast halves</item></ing>
      <ing>
        <amt>
          <qty>2</qty>
          <unit/></amt>
        <item>Apples</item></ing>
      <ing>
        <amt>
          <qty>1/2</qty>
          <unit>cups</unit></amt>
        <item>Calvados</item></ing>
      <ing>
        <amt>
          <qty>1/2</qty>
          <unit>teaspoons</unit></amt>
        <item>Allspice</item></ing>
      <ing>
        <amt>
          <qty>2</qty>
          <unit>cups</unit></amt>
        <item>Apple juice</item></ing>
      <ing>
        <amt>
          <qty>1/2</qty>
          <unit>teaspoons</unit></amt>
        <item>Salt</item></ing>
      <ing>
        <amt>
          <qty>1/4</qty>
          <unit>teaspoons</unit></amt>
        <item>Freshly ground black pepper</item></ing>
      <ing>
        <amt>
          <qty>2</qty>
          <unit>tablespoons</unit></amt>
        <item>Flour</item></ing></ingredients>
    <directions>
      <step>  Melt half the butter over medium heat in a large skillet. Add the onion and
  saute till tender. Remove from the pan and reserve. Peel, quarter and core
  the apples. Melt 1 tbsp butter in skillet and brown chicken breasts on both
  sides. Add apples, Calvados, allspice, apple juice, salt and pepper to
  skillet. Cover and cook over low heat 20 minutes. Remove chicken to a
  platter and keep warm. Return onions to pan. Blend together remaining
  butter and flour. Stir into sauce and cook for 5 minutes till sauce is
  thickened. Pour sauce over chicken and serve immediately. Makes 4 servings.
  
  Recipe by: unknown cookbook
  
  Posted to MC-Recipe Digest V1 #1024 by Mardi Desjardins
  &lt;amdesjar@mb.sympatico.ca&gt; on Jan 20, 1998
 
</step></directions></recipe></recipeml>
