<?xml version="1.0" encoding="UTF-8"?>

<recipeml version="0.5">
  <recipe>
    <head>
      <title>An Excellent Veggieburger</title>
      <categories>
        <cat>Veg-cook</cat>
        <cat>August</cat></categories>
      <yield>1</yield></head>
    <ingredients>
      <ing>
        <amt>
          <qty>1</qty>
          <unit>cup</unit></amt>
        <item>Walnuts</item></ing>
      <ing>
        <amt>
          <qty>1 1/2</qty>
          <unit>cups</unit></amt>
        <item>Cooked rice</item></ing>
      <ing>
        <amt>
          <qty>1</qty>
          <unit/></amt>
        <item>Onion</item></ing>
      <ing>
        <amt>
          <qty>2</qty>
          <unit>tablespoons</unit></amt>
        <item>Bacon bits</item></ing>
      <ing>
        <amt>
          <qty>2</qty>
          <unit>tablespoons</unit></amt>
        <item>BBQ sauce</item></ing>
      <ing>
        <amt>
          <qty/>
          <unit>x</unit></amt>
        <item>Salt</item></ing>
      <ing>
        <amt>
          <qty/>
          <unit>x</unit></amt>
        <item>Black pepper</item></ing>
      <ing>
        <amt>
          <qty/>
          <unit>x</unit></amt>
        <item>Garlic powder</item></ing>
      <ing>
        <amt>
          <qty/>
          <unit>x</unit></amt>
        <item>Flour</item></ing></ingredients>
    <directions>
      <step>  Blend the walnuts, rice, bacon bits, BBQ sauce, and spices into a paste.
  Saut the onions and add them to the mix. Add enough flour so that it forms
  a workable dough. Shape into patties and sprinkle flour onto the outsides
  of the patties. Refrigerate for at least one hour. Fry, or grill, or bake
  (they hold together reasonably well on the grill, only slightly more
  crumbly than an actual hamburger is.)
  
  Serve with extra BBQ sauce on a bun, perhaps with onion, lettuce, tomato,
  or whatever else you want on it. Makes six.
  
  From: narad@nudibranch.asd.sgi.com (Chuck Narad).  rfvc Digest V94, Aug.
  30, 1994. Formatted by Sue Smith, S.Smith34, TXFT40A@Prodigy.com using
  MMCONV
  
  File ftp://ftp.idiscover.co.uk/pub/food/mealmaster/recipes/vegcook1.zip
 
</step></directions></recipe></recipeml>
