<?xml version="1.0" encoding="UTF-8"?>

<recipeml version="0.5">
  <recipe>
    <head>
      <title>An Old Recipe for Oven Pone - Call It Delmarvalous</title>
      <categories>
        <cat>Bread corn</cat>
        <cat>Cornmeal</cat>
        <cat>Mollases</cat></categories>
      <yield>1</yield></head>
    <ingredients>
      <ing>
        <amt>
          <qty/>
          <unit/></amt>
        <item>Cold water</item></ing>
      <ing>
        <amt>
          <qty>4</qty>
          <unit>quarts</unit></amt>
        <item>Sifted cornmeal</item></ing>
      <ing>
        <amt>
          <qty>1/2</qty>
          <unit>cups</unit></amt>
        <item>New Orleans molasses</item></ing>
      <ing>
        <amt>
          <qty>1/4</qty>
          <unit>cups</unit></amt>
        <item>Sugar</item></ing>
      <ing>
        <amt>
          <qty>1</qty>
          <unit>tablespoon</unit></amt>
        <item>Salt</item></ing>
      <ing>
        <amt>
          <qty>1</qty>
          <unit>cup</unit></amt>
        <item>Flour</item></ing></ingredients>
    <directions>
      <step>  Add enough cold water to cornmeal to make a soft batter. Scald well,
  mashing the lumps. Add New Orleans molasses, sugar, salt, and flour. Grease
  Dutch oven well, and put in pone mixture. Put in oven of wood cook stove
  and let bake from 5 to 6 hours with a good fire. Then open your stove and
  let the pone remain until morning. Before you go to bed, or about 11
  o'clock, put another stick of wood on.
  
  Reprinted with kind permission from "Call It Delmarvalous" by Virginia
  Tanzer, EPM Publications, Mclean, VA, c. 1983.
  Posted to MC-Recipe Digest V1 #851 by Bill Webster &lt;thelma@pipeline.com&gt; on
  Oct 18, 1997
 
</step></directions></recipe></recipeml>
