<?xml version="1.0" encoding="UTF-8"?>

<recipeml version="0.5">
  <recipe>
    <head>
      <title>An Uncommon Pasta Sauce</title>
      <categories>
        <cat>Sun-dried</cat>
        <cat>Sauces</cat>
        <cat>Pasta</cat></categories>
      <yield>4</yield></head>
    <ingredients>
      <ing>
        <amt>
          <qty>1</qty>
          <unit>cup</unit></amt>
        <item>Onion; chop</item></ing>
      <ing>
        <amt>
          <qty>2</qty>
          <unit>tablespoons</unit></amt>
        <item>Olive oil</item></ing>
      <ing>
        <amt>
          <qty>3</qty>
          <unit>cups</unit></amt>
        <item>Boiling water</item></ing>
      <ing>
        <amt>
          <qty>3</qty>
          <unit>ounces</unit></amt>
        <item>Sun-dried tomato halves; no oil</item></ing>
      <ing>
        <amt>
          <qty>1</qty>
          <unit>large</unit></amt>
        <item>Clove garlic; quartered</item></ing>
      <ing>
        <amt>
          <qty>1</qty>
          <unit>teaspoon</unit></amt>
        <item>Salt</item></ing>
      <ing>
        <amt>
          <qty>1/4</qty>
          <unit>teaspoons</unit></amt>
        <item>Pepper</item></ing>
      <ing>
        <amt>
          <qty>2</qty>
          <unit>tablespoons</unit></amt>
        <item>Parsley; choppedd</item></ing>
      <ing>
        <amt>
          <qty>1</qty>
          <unit>tablespoon</unit></amt>
        <item>Fresh basil; chopped or</item></ing>
      <ing>
        <amt>
          <qty>1</qty>
          <unit>teaspoon</unit></amt>
        <item>Dried basil</item></ing>
      <ing>
        <amt>
          <qty>2</qty>
          <unit>teaspoons</unit></amt>
        <item>Fresh oregano; chopped or</item></ing>
      <ing>
        <amt>
          <qty>3/4</qty>
          <unit>teaspoons</unit></amt>
        <item>Dried oregano</item></ing>
      <ing>
        <amt>
          <qty>2</qty>
          <unit>teaspoons</unit></amt>
        <item>Lemon juice</item></ing></ingredients>
    <directions>
      <step>  In large skillet over medium heat, saute onion in oil 5 minutes. Meanwhile,
  combine water and tomatoes in bowl; set aside 2 to 3 minutes. With slotted
  spoon remove and set aside 1/3 of the tomatoes. In container of electric
  blender or processor puree the remaining tomato/water mixture and the
  garlic. Add puree and reserved tomato halves to skillet. Bring to boil,
  reduce heat and simmer gently 10 minutes. Stir in remaining ingredients;
  simmer 1 minute. Remove from heat. Serve over your choice of hot cooked
  pasta. Sprinkle with Parmesan. Source: Sonoma Sun-Dried Tomatoes (wrv)
  
  From Gemini's MASSIVE MealMaster collection at www.synapse.com/~gemini
 
</step></directions></recipe></recipeml>
