<?xml version="1.0" encoding="UTF-8"?>

<recipeml version="0.5">
  <recipe>
    <head>
      <title>Antipasto Vinaigrette</title>
      <categories>
        <cat>Low fat</cat>
        <cat>Appetizers</cat></categories>
      <yield>1</yield></head>
    <ingredients>
      <ing>
        <amt>
          <qty>2/3</qty>
          <unit>cups</unit></amt>
        <item>Canned low-sodium chicken</item></ing>
      <ing>
        <amt>
          <qty/>
          <unit/></amt>
        <item>Broth, undiluted</item></ing>
      <ing>
        <amt>
          <qty>1/4</qty>
          <unit>cups</unit></amt>
        <item>White wine vinegar</item></ing>
      <ing>
        <amt>
          <qty>1</qty>
          <unit/></amt>
        <item>(2-ounce) jar diced pimiento</item></ing>
      <ing>
        <amt>
          <qty/>
          <unit/></amt>
        <item>Drained</item></ing>
      <ing>
        <amt>
          <qty>1</qty>
          <unit>tablespoon</unit></amt>
        <item>Dried Italian seasoning</item></ing>
      <ing>
        <amt>
          <qty>2</qty>
          <unit>tablespoons</unit></amt>
        <item>Lemon juice</item></ing>
      <ing>
        <amt>
          <qty>2</qty>
          <unit>teaspoons</unit></amt>
        <item>Sugar</item></ing>
      <ing>
        <amt>
          <qty>2</qty>
          <unit>teaspoons</unit></amt>
        <item>Dijon mustard</item></ing>
      <ing>
        <amt>
          <qty>2</qty>
          <unit>teaspoons</unit></amt>
        <item>Olive oil</item></ing>
      <ing>
        <amt>
          <qty>1/2</qty>
          <unit>teaspoons</unit></amt>
        <item>Garlic powder</item></ing>
      <ing>
        <amt>
          <qty>1/2</qty>
          <unit>teaspoons</unit></amt>
        <item>Salt</item></ing></ingredients>
    <directions>
      <step>  Combine all ingredients in a jar; cover tightly and shake vigorously to
  blend.  Shake well before serving.
  
  Per Serving:  75 Calories (22% from fat) Fat 1.8G (Saturated Fat 0.4G)
  Protein 3.4G Carbohydrate 12.0G Cholesterol5MG Sodium213MG
  
  I had some modifications: I omitted the celery (Yuck!) I omitted the
  pepperoncini peppers (Yuck!) I doubled the artichoke hearts (Yum!!) I used
  large mushrooms sliced, since there weren't small ones at the store I had
  no Italian seasoning, so I used about a tablespoon of oregano and a
  tablespoon of basil, and it worked out fine. I increased the olive oil by
  about a teaspoon.
  
  You could use a light cheese tortellini or a different type of tortellini,
  or even bow-tie pasta or something, to lessen the fat content. This tasted
  the best after it had marinated for about 2 days.
  
  Recipe taken from "Low Fat Ways to Cook Pasta" by Susan M. McIntosh and
  modified by Valerie Goldstein
  
  To be used with the Party Antipasto recipe.  The nutritional info includes
  that recipe also. Converted to MM by Donna Webster
  Donna@webster.demon.co.uk Submitted By DONNA@WEBSTER.DEMON.CO.UK On TUE, 31
  OCT 1995 151630 GMT
  
  From Gemini's MASSIVE MealMaster collection at www.synapse.com/~gemini
 
</step></directions></recipe></recipeml>
