<?xml version="1.0" encoding="UTF-8"?>

<recipeml version="0.5">
  <recipe>
    <head>
      <title>Antique Apples</title>
      <categories>
        <cat>Desserts</cat>
        <cat>Fruits</cat></categories>
      <yield>1</yield></head>
    <ingredients>
      <ing>
        <amt>
          <qty>4</qty>
          <unit>cups</unit></amt>
        <item>Water</item></ing>
      <ing>
        <amt>
          <qty>2</qty>
          <unit/></amt>
        <item>Regular tea bags</item></ing>
      <ing>
        <amt>
          <qty>1</qty>
          <unit>cup</unit></amt>
        <item>Sugar</item></ing>
      <ing>
        <amt>
          <qty/>
          <unit>pinches</unit></amt>
        <item>Cinnamon and ginger</item></ing>
      <ing>
        <amt>
          <qty>2</qty>
          <unit/></amt>
        <item>Strips lemon zest</item></ing>
      <ing>
        <amt>
          <qty>3</qty>
          <unit>pounds</unit></amt>
        <item>Golden delicious -OR- gravenstien apples</item></ing>
      <ing>
        <amt>
          <qty>1/2</qty>
          <unit>cups</unit></amt>
        <item>Orange marmalade</item></ing>
      <ing>
        <amt>
          <qty>2</qty>
          <unit>tablespoons</unit></amt>
        <item>Triple sec</item></ing>
      <ing>
        <amt>
          <qty>4</qty>
          <unit/></amt>
        <item>Lemon slices for garnish</item></ing></ingredients>
    <directions>
      <step>  Bring 4 cups of water to boil. Remove from heat add tea bags, sugar, spices
  and lemon zest. Let stand about 5 minutes. Peel, core, and quarter apples.
  Remove tea bags and bring liquid to boil again. Cook apples in liquid about
  5 minutes or just til cooked through. Remove with slotted spoon and place
  in serving dish to cool. In small pan, combine marmalade and liqueur, bring
  to simmer,stirring well. Pour over apples, garnish with the quartered lemon
  slices.
  
  From Gemini's MASSIVE MealMaster collection at www.synapse.com/~gemini
 
</step></directions></recipe></recipeml>
