<?xml version="1.0" encoding="UTF-8"?>

<recipeml version="0.5">
  <recipe>
    <head>
      <title>Antlers</title>
      <categories>
        <cat>Holiday</cat></categories>
      <yield>1</yield></head>
    <ingredients>
      <ing>
        <amt>
          <qty>1</qty>
          <unit/></amt>
        <item>Pair White gloves (available</item></ing>
      <ing>
        <amt>
          <qty/>
          <unit/></amt>
        <item>At drug store)</item></ing>
      <ing>
        <amt>
          <qty/>
          <unit/></amt>
        <item>Flexible headband</item></ing>
      <ing>
        <amt>
          <qty/>
          <unit/></amt>
        <item>Ribbon</item></ing>
      <ing>
        <amt>
          <qty/>
          <unit/></amt>
        <item>Bells</item></ing>
      <ing>
        <amt>
          <qty/>
          <unit/></amt>
        <item>Fiberfill</item></ing>
      <ing>
        <amt>
          <qty/>
          <unit/></amt>
        <item>Straight pins</item></ing>
      <ing>
        <amt>
          <qty/>
          <unit/></amt>
        <item>White thread</item></ing>
      <ing>
        <amt>
          <qty/>
          <unit/></amt>
        <item>Needle</item></ing>
      <ing>
        <amt>
          <qty/>
          <unit/></amt>
        <item>Scissors</item></ing>
      <ing>
        <amt>
          <qty/>
          <unit/></amt>
        <item>Fabric paints</item></ing></ingredients>
    <directions>
      <step>  Cut each glove into 2 sections, making a straight cut through the palm
  between the middle &amp; ring finger. Start with 3 fingered sections. Turn
  inside out. Stitch the cut edges together. Turn right side out. Stuff
  fingers with fiberfill, making sure they are packed tight &amp; leaving a short
  section at the cuff unstuffed. Wrap cuff tightly around headband. Pin in
  place to the stuffed part of the glove. Using double thread, stitch the
  cuff to the glove, pulling thread tightly so antlers stand up. Repeat with
  other glove. Paint. Make bows from ribbons &amp; stitch onto base of antlers.
  Stitch a few bells in center of bows. Submitted By THESERVS@GATE.NET
  (THOMAS E. HAUG)  On TUE, 14 NOV 1995 183925 -0500
  
  From Gemini's MASSIVE MealMaster collection at www.synapse.com/~gemini
 
</step></directions></recipe></recipeml>
