<?xml version="1.0" encoding="UTF-8"?>

<recipeml version="0.5">
  <recipe>
    <head>
      <title>Antoine's Oysters Rockerfeller</title>
      <categories>
        <cat>Seafood</cat></categories>
      <yield>6</yield></head>
    <ingredients>
      <ing>
        <amt>
          <qty>6</qty>
          <unit>tablespoons</unit></amt>
        <item>Butter</item></ing>
      <ing>
        <amt>
          <qty>1/2</qty>
          <unit>cups</unit></amt>
        <item>Bread crumbs</item></ing>
      <ing>
        <amt>
          <qty>2</qty>
          <unit>cups</unit></amt>
        <item>Fresh chopped spinach or-</item></ing>
      <ing>
        <amt>
          <qty>2</qty>
          <unit>packages</unit></amt>
        <item>(10-oz) frozen spinach</item></ing>
      <ing>
        <amt>
          <qty>1/2</qty>
          <unit>cups</unit></amt>
        <item>Parsley</item></ing>
      <ing>
        <amt>
          <qty>1/2</qty>
          <unit>cups</unit></amt>
        <item>Diced celery</item></ing>
      <ing>
        <amt>
          <qty>2</qty>
          <unit>tablespoons</unit></amt>
        <item>Diced onion</item></ing>
      <ing>
        <amt>
          <qty>1</qty>
          <unit>tablespoon</unit></amt>
        <item>Pernod liqueur; or Anisette</item></ing>
      <ing>
        <amt>
          <qty>1/4</qty>
          <unit>teaspoons</unit></amt>
        <item>Salt</item></ing>
      <ing>
        <amt>
          <qty>3</qty>
          <unit>drops</unit></amt>
        <item>Tabasco</item></ing>
      <ing>
        <amt>
          <qty>18</qty>
          <unit>large</unit></amt>
        <item>Oysters</item></ing></ingredients>
    <directions>
      <step>  Melt butter; add crumbs and saute 1 minute, stirring constantly. Combine
  with other ingredients, except oysters, in blender until smooth. Arrange
  oysters in shells (or individual dishes). Top each with 1 tablespoon
  spinach mixture and broil 3-5 minutes or until lightly browned.
  
  Source: HIGH COTTON COOKIN', Marvell Academy Mothers' Assn, Marvell, AR
  
  &gt;From Glen Hosey's Recipe Collection Program, hosey@erols.com
  Posted to MM-Recipes Digest V3 #190
  
  Date: Sun, 7 Jul 1996 11:01:48 -0400 (EDT)
  
  From: "Glen G. Hosey" &lt;hosey@erols.com&gt;
 
</step></directions></recipe></recipeml>
