<?xml version="1.0" encoding="UTF-8"?>

<recipeml version="0.5">
  <recipe>
    <head>
      <title>Antojitos (Filled Mini Tortilla Cups)</title>
      <categories>
        <cat>Miamiherald</cat>
        <cat>Appetizers</cat>
        <cat>Diary/eggs</cat>
        <cat>Ethnic</cat>
        <cat>Mexican</cat></categories>
      <yield>6</yield></head>
    <ingredients>
      <ing>
        <amt>
          <qty>4</qty>
          <unit>large</unit></amt>
        <item>Flour tortillas</item></ing>
      <ing>
        <amt>
          <qty>2</qty>
          <unit>ounces</unit></amt>
        <item>Crumbed goat cheese</item></ing>
      <ing>
        <amt>
          <qty>1/2</qty>
          <unit/></amt>
        <item>Tomato; minced</item></ing>
      <ing>
        <amt>
          <qty>1</qty>
          <unit/></amt>
        <item>Jalapeno; minced</item></ing>
      <ing>
        <amt>
          <qty>2</qty>
          <unit>ounces</unit></amt>
        <item>Grated queso blanco</item></ing>
      <ing>
        <amt>
          <qty>2</qty>
          <unit>tablespoons</unit></amt>
        <item>Minced red bell pepper</item></ing>
      <ing>
        <amt>
          <qty>2</qty>
          <unit>tablespoons</unit></amt>
        <item>Finely chopped cilantro</item></ing>
      <ing>
        <amt>
          <qty>1/8</qty>
          <unit>teaspoons</unit></amt>
        <item>Hot chili powder</item></ing>
      <ing>
        <amt>
          <qty>2</qty>
          <unit>ounces</unit></amt>
        <item>Monterey Jack cheese; thinly sliced</item></ing>
      <ing>
        <amt>
          <qty>2</qty>
          <unit/></amt>
        <item>To 3 tb cooked black beans</item></ing></ingredients>
    <directions>
      <step>  Using a cookie cutter, cut 6 rounds out of each
  tortilla and make a 1/2 inch cut at opposite sides of
  each one.  Press the 24 rounds into mini muffin tins.
  Preheat oven to 440 degrees F.
  
  For the Goat Cheese antojitos: Place crumbled goat
  cheese in the center of each of 8 tortillas cups.
  Arrange tomato on one side and the jalapeno on the
  other to replicate the bands of color on the Mexican
  flag.
  
  For the Monterey Jack antojitos: Place a small slice
  of cheese in the bottom of 8 tortilla cups, cover with
  black beans and top with the remaining cheese.
  
  For the Queso Blanco antojitos:  Mix together the
  queso blanco, cilantro, red bell pepper, and chili
  powder and divide among 8 tortilla cups.
  
  To finish the recipe: Place the muffin tins on the
  middle rack of the oven and bake 3-4 minutes or until
  the edges of the tortilla cups begin to color.  Serve
  at once.
  
  Source: Kitchen Tropicale, Miami Herald, 9/14/95
  format: 8/9/96, Lisa Crawford
  Posted to MM-Recipes Digest V3 #216
  
  Date: 10 Aug 96 00:07:34 EDT
  
  From: "Lisabeth Crawford (Pooh)" &lt;104105.1416@CompuServe.COM&gt;
 
</step></directions></recipe></recipeml>
