<?xml version="1.0" encoding="UTF-8"?>

<recipeml version="0.5">
  <recipe>
    <head>
      <title>Ants Climb a Tree</title>
      <categories>
        <cat>Chinese</cat>
        <cat>Dinner</cat>
        <cat>Beef</cat></categories>
      <yield>4</yield></head>
    <ingredients>
      <ing>
        <amt>
          <qty>8</qty>
          <unit>ounces</unit></amt>
        <item>Bean threads</item></ing>
      <ing>
        <amt>
          <qty>6</qty>
          <unit/></amt>
        <item>Cloves garlic; minced</item></ing>
      <ing>
        <amt>
          <qty>1/2</qty>
          <unit/></amt>
        <item>In ginger root; minced</item></ing>
      <ing>
        <amt>
          <qty>2</qty>
          <unit>tablespoons</unit></amt>
        <item>Soy sauce</item></ing>
      <ing>
        <amt>
          <qty>1</qty>
          <unit>teaspoon</unit></amt>
        <item>Sesame oil</item></ing>
      <ing>
        <amt>
          <qty>5</qty>
          <unit>tablespoons</unit></amt>
        <item>Peanut oil</item></ing>
      <ing>
        <amt>
          <qty>2</qty>
          <unit>tablespoons</unit></amt>
        <item>Hot pepper sauce</item></ing>
      <ing>
        <amt>
          <qty>6</qty>
          <unit/></amt>
        <item>Scallion; shredded</item></ing>
      <ing>
        <amt>
          <qty>1 1/4</qty>
          <unit>teaspoons</unit></amt>
        <item>Salt</item></ing>
      <ing>
        <amt>
          <qty>1</qty>
          <unit>pound</unit></amt>
        <item>Ground pork</item></ing></ingredients>
    <directions>
      <step>  Soak bean thread in 4 cups boiling water for ~20 minutes. Marinate meat in
  1/2 scallions, soy and sesame oil. Chop ginger and garlic. Heat oil in wok
  and stir-fry the hot pepper paste, ginger and garlic over high heat. Add
  meat and stir fry for ~2 more min. Add 1/4 cup soy sauce and cook another
  30 sec. Add noodles and stir, chopping noodles in process. Add 2/3 cup
  water and rest of scallions. Adjust salt to taste.
  
  Recipe by: Madame Chang's Szechuan Cooking
  
  Posted to MC-Recipe Digest by Nancy Berry &lt;nlberry@prodigy.net&gt; on Apr 20,
  1998
 
</step></directions></recipe></recipeml>
