<?xml version="1.0" encoding="UTF-8"?>

<recipeml version="0.5">
  <recipe>
    <head>
      <title>Ants Crawling Up Trees</title>
      <categories>
        <cat>Digest</cat>
        <cat>Apr95</cat>
        <cat>Fatfree</cat></categories>
      <yield>1</yield></head>
    <ingredients>
      <ing>
        <amt>
          <qty>2/3</qty>
          <unit>cups</unit></amt>
        <item>TVP</item></ing>
      <ing>
        <amt>
          <qty>1/2</qty>
          <unit>cups</unit></amt>
        <item>Hot water</item></ing>
      <ing>
        <amt>
          <qty>1</qty>
          <unit>tablespoon</unit></amt>
        <item>Chopped or grated ginger</item></ing>
      <ing>
        <amt>
          <qty/>
          <unit/></amt>
        <item>Root</item></ing>
      <ing>
        <amt>
          <qty>2</qty>
          <unit>tablespoons</unit></amt>
        <item>Soy sauce</item></ing>
      <ing>
        <amt>
          <qty>1</qty>
          <unit/></amt>
        <item>To 2 Tbsp hot bean paste</item></ing>
      <ing>
        <amt>
          <qty>1/2</qty>
          <unit>teaspoons</unit></amt>
        <item>Salt (optional)</item></ing>
      <ing>
        <amt>
          <qty>3 1/2</qty>
          <unit>ounces</unit></amt>
        <item>Bean thread noodles</item></ing>
      <ing>
        <amt>
          <qty>2</qty>
          <unit>cups</unit></amt>
        <item>Veggie broth or water (avoid</item></ing>
      <ing>
        <amt>
          <qty/>
          <unit/></amt>
        <item>Broth that may have a sweet</item></ing>
      <ing>
        <amt>
          <qty/>
          <unit/></amt>
        <item>Taste)</item></ing></ingredients>
    <directions>
      <step>  Pour the boiling water over the TVP and let it sit for 10 minutes. Saute
  the gingerroot in a very small anount of oil or other liquid. Add the soy
  sauce, bean paste, salt and TVP. Cook very very gently and stir frequently
  as it burns easily. Cook about 5 minutes and set aside.
  
  Cook the bean threads in the broth until the broth has been absorbed by the
  noodles. Add the noodles to the TVP mixture and stir until blended
  evenly...ie. all the "ants" are distributed throughout. Enjoy!
  
  Source: This is a dish that was a favorite at our local Chineses eatery. I
  used to make it with ground turkey (before I saw the light) and have found
  that TVP works just as well. It's hot and spicy...delicious and just a
  little different.
  
  Posted by Ann Christmann &lt;ACHRISTMANN@CSUNET.CTSTATEU.EDU&gt; to the VEGLIFE
  Digest - 5 Apr 1995 to 6 Apr 1995. 1.80á
  
  File ftp://ftp.idiscover.co.uk/pub/food/mealmaster/recipes/fatfreex.zip
 
</step></directions></recipe></recipeml>
