<?xml version="1.0" encoding="UTF-8"?>

<recipeml version="0.5">
  <recipe>
    <head>
      <title>Ants on a Tree - Chinese Spicy Pork with Bean Threads</title>
      <categories>
        <cat>Cooking liv</cat>
        <cat>Import</cat></categories>
      <yield>1</yield></head>
    <ingredients>
      <ing>
        <amt>
          <qty>3/4</qty>
          <unit>pounds</unit></amt>
        <item>Lean ground pork</item></ing>
      <ing>
        <amt>
          <qty>1</qty>
          <unit>tablespoon</unit></amt>
        <item>Distilled white vinegar</item></ing>
      <ing>
        <amt>
          <qty>2</qty>
          <unit>teaspoons</unit></amt>
        <item>Oriental sesame oil</item></ing>
      <ing>
        <amt>
          <qty>2</qty>
          <unit>teaspoons</unit></amt>
        <item>Soy sauce</item></ing>
      <ing>
        <amt>
          <qty>3 1/2</qty>
          <unit>ounces</unit></amt>
        <item>Bean threads; (up to 4)</item></ing>
      <ing>
        <amt>
          <qty>1</qty>
          <unit>tablespoon</unit></amt>
        <item>Vegetable oil</item></ing>
      <ing>
        <amt>
          <qty>2</qty>
          <unit/></amt>
        <item>Garlic cloves; minced</item></ing>
      <ing>
        <amt>
          <qty>1</qty>
          <unit>tablespoon</unit></amt>
        <item>Peeled and minced gingerroot</item></ing>
      <ing>
        <amt>
          <qty>1/2</qty>
          <unit>cups</unit></amt>
        <item>Sliced scallions</item></ing>
      <ing>
        <amt>
          <qty>2</qty>
          <unit>teaspoons</unit></amt>
        <item>Chili paste</item></ing>
      <ing>
        <amt>
          <qty>1 1/2</qty>
          <unit>cups</unit></amt>
        <item>Chicken stock</item></ing>
      <ing>
        <amt>
          <qty>3</qty>
          <unit>tablespoons</unit></amt>
        <item>Scotch</item></ing></ingredients>
    <directions>
      <step>  In a small bowl combine the pork lightly with 1 teaspoon of the vinegar, 1
  teaspoon sesame oil, and 1 teaspoon soy sauce and let the mixture stand for
  20 minutes. In a bowl let the bean threads soak in warm water to cover for
  15 minutes, drain them, and cut them into 3-inch lengths.
  
  Heat a wok or heavy skillet over high heat until it is hot, add the
  vegetable oil, and heat until it is hot. Add the garlic and gingerroot and
  stir-fry the mixture for 5 seconds. Add the pork mixture and stir-fry it,
  breaking up the lumps, until it is no longer pink. Add the scallions and
  the chili paste and stir-fry the mixture for 10 seconds. Add the bean
  threads, combine the mixture well, and add the stock, the Scotch, remaining
  2 teaspoons vinegar, remaining soy sauce, and salt and pepper to taste.
  Bring the liquid to a boil, simmer the mixture, covered, for 5 minutes, and
  drizzle it with the remaining 1 teaspoon sesame oil.
  
  Yield: 4 servings
  
  Recipe by: Cooking Live Show #CL8982
  
  Posted to MC-Recipe Digest V1 #845 by "Angele and Jon Freeman"
  &lt;jfreeman@netusa1.net&gt; on Oct 14, 1997
 
</step></directions></recipe></recipeml>
