<?xml version="1.0" encoding="UTF-8"?>

<recipeml version="0.5">
  <recipe>
    <head>
      <title>Ants on the Hill (Chinese Style Beef)</title>
      <categories>
        <cat>Chinese</cat>
        <cat>Beef</cat></categories>
      <yield>6</yield></head>
    <ingredients>
      <ing-div>
        <title>BINDER</title>
        <ing>
          <amt>
            <qty>2</qty>
            <unit>teaspoons</unit></amt>
          <item>Cornstarch</item></ing>
        <ing>
          <amt>
            <qty>1/4</qty>
            <unit>cups</unit></amt>
          <item>Chicken soup stock, or</item></ing>
        <ing>
          <amt>
            <qty/>
            <unit/></amt>
          <item>Canned chicken broth</item></ing></ing-div>
      <ing-div>
        <title>MARINADE</title>
        <ing>
          <amt>
            <qty>1</qty>
            <unit>teaspoon</unit></amt>
          <item>Sugar</item></ing>
        <ing>
          <amt>
            <qty>1/4</qty>
            <unit>teaspoons</unit></amt>
          <item>Black pepper</item></ing>
        <ing>
          <amt>
            <qty>1/4</qty>
            <unit>teaspoons</unit></amt>
          <item>Baking soda</item></ing>
        <ing>
          <amt>
            <qty>2</qty>
            <unit>tablespoons</unit></amt>
          <item>Soy sauce</item></ing>
        <ing>
          <amt>
            <qty>1</qty>
            <unit>tablespoon</unit></amt>
          <item>Oyster sauce</item></ing>
        <ing>
          <amt>
            <qty>1</qty>
            <unit>teaspoon</unit></amt>
          <item>Sesame seed oil</item></ing>
        <ing>
          <amt>
            <qty>1</qty>
            <unit>tablespoon</unit></amt>
          <item>Dry sherry, gin or vodka,</item></ing>
        <ing>
          <amt>
            <qty/>
            <unit/></amt>
          <item>Optional</item></ing></ing-div>
      <ing-div>
        <title>INGREDIENTS</title>
        <ing>
          <amt>
            <qty>1</qty>
            <unit>pound</unit></amt>
          <item>Ground chuck, sirloin or</item></ing>
        <ing>
          <amt>
            <qty/>
            <unit/></amt>
          <item>Beef stew</item></ing>
        <ing>
          <amt>
            <qty>3</qty>
            <unit>cups</unit></amt>
          <item>Fried cellophane noodles</item></ing>
        <ing>
          <amt>
            <qty>3</qty>
            <unit>tablespoons</unit></amt>
          <item>Corn, vegetable or</item></ing>
        <ing>
          <amt>
            <qty/>
            <unit/></amt>
          <item>Safflower oil</item></ing>
        <ing>
          <amt>
            <qty>1</qty>
            <unit>teaspoon</unit></amt>
          <item>Minced fresh garlic OR</item></ing>
        <ing>
          <amt>
            <qty>2</qty>
            <unit>large</unit></amt>
          <item>Cloves garlic, minced</item></ing>
        <ing>
          <amt>
            <qty>2</qty>
            <unit>tablespoons</unit></amt>
          <item>Fresh scallions OR</item></ing>
        <ing>
          <amt>
            <qty>1</qty>
            <unit/></amt>
          <item>Scallion with green top,</item></ing>
        <ing>
          <amt>
            <qty/>
            <unit/></amt>
          <item>Diced</item></ing></ing-div>
      <ing-div>
        <title>NOODLES</title>
        <ing>
          <amt>
            <qty>3</qty>
            <unit>cups</unit></amt>
          <item>Oil</item></ing>
        <ing>
          <amt>
            <qty>2</qty>
            <unit>ounces</unit></amt>
          <item>Cellophane noodles</item></ing></ing-div></ingredients>
    <directions>
      <step>  Before you start:Mix binder ingredients in cup or small bowl until
  smooth.Set aside.Mix marinade ingredients together in medium bowl until
  smooth. 1. Add beef to marinade in bowl and blend well.Set aside. 2. Spread
  fried cellophane noodles evenly on serving platter. 3. Heat skillet or wok
  on high for 30 seconds.Add oil and swirl to coat skillet for 30 seconds
  longer.Add garlic.Stir fry for 15 seconds. Add beef and marinade.Stir fry
  for 2 minutes,until beef loses its pink color. 4. Add binder to beef in
  skillet and blend well.Cook 1 minute. 5. Spoon cooked beef evenly over
  noodles.Garnish with scallions sprinkled on top. Serve hot with rice and
  salad or vegetable of your choice. Yields 4 to 6 servings.
  
  Noodles: 1. Heat 3 cups of corn,vegetable or safflower oil almost to
  smoking, about 375 degrees. 2. Unwrap and drop in one package (2 oz.)
  cellophane noodles. 3. Within 3 seconds,the noodles will puff up and turn
  white and crunchy. 4. With slotted spoon or wire mesh strainer,turn noodles
  over and deep fry for several seconds. 5. Remove from hot oil and drain on
  paper towels. May be stored in a tightly covered container for about a
  week. Makes 5 cups fried noodles.
  
  From Gemini's MASSIVE MealMaster collection at www.synapse.com/~gemini
 
</step></directions></recipe></recipeml>
