<?xml version="1.0" encoding="UTF-8"?>

<recipeml version="0.5">
  <recipe>
    <head>
      <title>Ants on a Log</title>
      <categories>
        <cat>Snacks</cat></categories>
      <yield>12</yield></head>
    <ingredients>
      <ing>
        <amt>
          <qty>3</qty>
          <unit/></amt>
        <item>Stalks celery</item></ing>
      <ing>
        <amt>
          <qty>1/2</qty>
          <unit>cups</unit></amt>
        <item>Creamy peanut butter</item></ing>
      <ing>
        <amt>
          <qty>5</qty>
          <unit>ounces</unit></amt>
        <item>Cheez Whiz®</item></ing>
      <ing>
        <amt>
          <qty>2</qty>
          <unit>tablespoons</unit></amt>
        <item>Raisins</item></ing></ingredients>
    <directions>
      <step>  1. On cutting board, cut each stalk of celery into 4 pieces using table
  
  knife.
  
  2. Measure peanute butter, level off with spatula and place in small bowl.
  Use rubber scraper to get peanut butter out of cup.
  
  3. Add cheese spread, using table knife to get spread out of jar.
  
  4. With large spoon, stire mixture together until well mixed.
  
  5. Spread mixture into each celery piece using table knife.
  
  6. Arrange 3 or 4 raisin "ants" on peanut butter mixture. Place on serving
  tray. Serve right away or cover and store in refrigerator for up to 2
  hours.
  
  Variation: Substitute 1 (8 oz) container of fruit flavored soft cream
  cheese for the peanut butter and the cheese spread. Stir in 2 tablespoons
  granola or chopped peanuts. Top with raisins.
  
  Recipe by: The Pillsbury Doughboy's Kids Cookbook
  
  Posted to recipelu-digest Volume 01 Number 664 by GramWag@aol.com on Feb 1,
  1998
 
</step></directions></recipe></recipeml>
