<?xml version="1.0" encoding="UTF-8"?>

<recipeml version="0.5">
  <recipe>
    <head>
      <title>Ants on a Log</title>
      <categories>
        <cat>None</cat></categories>
      <yield>1</yield></head>
    <ingredients>
      <ing>
        <amt>
          <qty/>
          <unit/></amt>
        <item>Celery sticks</item></ing>
      <ing>
        <amt>
          <qty>1</qty>
          <unit/></amt>
        <item>Jar low fat Peanut butter</item></ing>
      <ing>
        <amt>
          <qty>1</qty>
          <unit/></amt>
        <item>Box raisins</item></ing></ingredients>
    <directions>
      <step>  Source - Quality time - no end to servings--
  
  Cut celery into serving sized pieces - 4-5 inches long Fill each strip with
  peanut butter add individual raisins , to simulate 'ants walking across a
  log'
  
  Posted to JEWISH-FOOD digest V96 #102
  
  From: alotzkar@direct.ca (Al)
  
  Date: Fri, 13 Dec 1996 15:06:16 -0800
 
</step></directions></recipe></recipeml>
