<?xml version="1.0" encoding="UTF-8"?>

<recipeml version="0.5">
  <recipe>
    <head>
      <title>Any-Fruit-Will-Do Muffins with Streusal Topping Pt 2</title>
      <categories>
        <cat>None</cat></categories>
      <yield>12</yield></head>
    <ingredients>
      <ing>
        <amt>
          <qty/>
          <unit/></amt>
        <item>See part 1</item></ing></ingredients>
    <directions>
      <step>  Recipe by: Cook's Illustrated, Sept./Oct. 1993,Page 8.
  
  Posted to MC-Recipe Digest by "Hobbs, D B                 USO"
  &lt;hobbs@lbcapo1.uso.unisys.com&gt; on Mar 12, 1998
 
</step></directions></recipe></recipeml>
