<?xml version="1.0" encoding="UTF-8"?>

<recipeml version="0.5">
  <recipe>
    <head>
      <title>Any Cookie Recipe</title>
      <categories>
        <cat>Cookies</cat>
        <cat>Desserts</cat></categories>
      <yield>36</yield></head>
    <ingredients>
      <ing>
        <amt>
          <qty>1</qty>
          <unit/></amt>
        <item>Box yellow cake mix</item></ing>
      <ing>
        <amt>
          <qty>1</qty>
          <unit>tablespoon</unit></amt>
        <item>Water</item></ing>
      <ing>
        <amt>
          <qty>1/2</qty>
          <unit>cups</unit></amt>
        <item>Oil</item></ing>
      <ing>
        <amt>
          <qty>2</qty>
          <unit/></amt>
        <item>Eggs</item></ing></ingredients>
    <directions>
      <step>  In large bowl, mix all ingredients well. Dip out by tablespoonfuls, roll
  into ball. Place on greased cookie sheet. Bake at 350 degrees for 8 to 10
  minutes.
  
  Sugar Cookies: Flatten cookies slightly. Sprinkle sugar lightly over top.
  Bake as directed.
  
  Chocolate Chip Cookies: Add 1/2 to 1 cup chocolate chips to batter. Bake as
  directed.
  
  Raisin Cookies: Add 1/2 to 1 cup raisins to batter. Bake as directed.
  
  Peanut Butter Cookies: Add 1/2 to 3/4 cup peanut butter to batter. Roll
  into balls. Flatten slightly with fork. Bake as directed.
  
  Source: Grade A Recipes - A collection of recipes by students, staff,
  parents and friends of Jamestown Elementary School in Jamestown, Kentucky
  (my daughter's school)
  
  Recipe by: Jordan Veatch/4th grade/Jamestown Elem.School
  
  Posted to Bakery-Shoppe Digest by "Kalico" &lt;ayla@duo-county.com&gt; on Apr 17,
  1998
 
</step></directions></recipe></recipeml>
