<?xml version="1.0" encoding="UTF-8"?>

<recipeml version="0.5">
  <recipe>
    <head>
      <title>Any Fruit Coffee Cake</title>
      <categories>
        <cat>Polkadot</cat>
        <cat>Faylen</cat>
        <cat>Desserts</cat>
        <cat>Cakes</cat>
        <cat>Fruits</cat></categories>
      <yield>1</yield></head>
    <ingredients>
      <ing>
        <amt>
          <qty>4</qty>
          <unit>cups</unit></amt>
        <item>Apples, apricots, peaches, chopped pineapple or whole blueberries</item></ing>
      <ing>
        <amt>
          <qty>1</qty>
          <unit>cup</unit></amt>
        <item>Water</item></ing>
      <ing>
        <amt>
          <qty>2</qty>
          <unit>tablespoons</unit></amt>
        <item>Lemon juice</item></ing>
      <ing>
        <amt>
          <qty>1 1/4</qty>
          <unit>cups</unit></amt>
        <item>Sugar</item></ing>
      <ing>
        <amt>
          <qty>1/3</qty>
          <unit>cups</unit></amt>
        <item>Cornstarch</item></ing>
      <ing>
        <amt>
          <qty>3</qty>
          <unit>cups</unit></amt>
        <item>All-purpose flour</item></ing>
      <ing>
        <amt>
          <qty>1</qty>
          <unit>cup</unit></amt>
        <item>Sugar</item></ing>
      <ing>
        <amt>
          <qty>1</qty>
          <unit>tablespoon</unit></amt>
        <item>Baking powder</item></ing>
      <ing>
        <amt>
          <qty>1</qty>
          <unit>teaspoon</unit></amt>
        <item>Salt</item></ing>
      <ing>
        <amt>
          <qty>1</qty>
          <unit>teaspoon</unit></amt>
        <item>Ground cinnamon</item></ing>
      <ing>
        <amt>
          <qty>1/4</qty>
          <unit>teaspoons</unit></amt>
        <item>Mace</item></ing>
      <ing>
        <amt>
          <qty>1</qty>
          <unit>cup</unit></amt>
        <item>Butter</item></ing>
      <ing>
        <amt>
          <qty>2</qty>
          <unit/></amt>
        <item>Eggs, slightly beaten</item></ing>
      <ing>
        <amt>
          <qty>1</qty>
          <unit>cup</unit></amt>
        <item>Milk</item></ing>
      <ing>
        <amt>
          <qty>1</qty>
          <unit>teaspoon</unit></amt>
        <item>Vanilla</item></ing>
      <ing>
        <amt>
          <qty>1/2</qty>
          <unit>cups</unit></amt>
        <item>Sugar</item></ing>
      <ing>
        <amt>
          <qty>1/2</qty>
          <unit>cups</unit></amt>
        <item>All-purpose flour</item></ing>
      <ing>
        <amt>
          <qty>1/4</qty>
          <unit>cups</unit></amt>
        <item>Butter</item></ing>
      <ing>
        <amt>
          <qty>1/2</qty>
          <unit>cups</unit></amt>
        <item>Walnuts, chopped</item></ing></ingredients>
    <directions>
      <step>  Preheat oven to 350 degrees.
  
  In a saucepan, combine choice of fruit and the water.  Simmer, covered,
  about 5 minutes or until fruit is tender.  Stir in lemon juice. Mix the 1
  1/4 cups sugar and cornstarch; stir into fruit mixture. Cook and stir until
  thickened and bubbly.  Cool.
  
  In a mixing bowl, stir together the 3 cups flour, 1 cup sugar, baking
  powder, salt, cinnamon, and mace.  Cut in the 1 cup butter until mixture
  resembles fine crumbs.  Combine eggs, milk, and vanilla.  Add to flour
  mixture, mixing until blended.  Spread half of the batter into a greased
  9x13 baking pan or two 8x8 baking pans.
  
  Spread the cooled fruit mixture over the batter.  Spoon the remaining
  batter in small mounds over the fruit mixture, spreading out as much as
  possible,  Combine the 1/2 cup sugar and 1/2 cup flour; cut in the 1/4 cup
  butter until mixture resembles coarse crumbs.  Stir in nuts. Sprinkle nut
  mixture over batter in pan. Bake 45-50 minutes for a 9x13 pan or 40-45
  minutes for the two 8x8 pans, or until cake tests done. Cool.
  
  Recipe By:     Better Homes and Gardens Cookbook
  
  Per serving: 786 Calories; 32g Fat (36% calories from fat); 9g Protein;
  118g Carbohydrate; 126mg Cholesterol; 724mg Sodium
  
  From: Faylen Date: 10-03-96 (19:54) The Polka Dot Cottage, a BBS with a
  taste of home.  1-973-822-3627.
  
  Posted to MC-Recipe Digest V1 #713 by Lisa Clarke &lt;lisa@gaf.com&gt; on Aug 1,
  97
 
</step></directions></recipe></recipeml>
