<?xml version="1.0" encoding="UTF-8"?>

<recipeml version="0.5">
  <recipe>
    <head>
      <title>Anytime Burritos</title>
      <categories>
        <cat>Sandwich</cat></categories>
      <yield>6</yield></head>
    <ingredients>
      <ing>
        <amt>
          <qty>3/4</qty>
          <unit>cups</unit></amt>
        <item>Sour cream (regular; light, no-fat)</item></ing>
      <ing>
        <amt>
          <qty>2</qty>
          <unit>tablespoons</unit></amt>
        <item>Taco seasoning mix</item></ing>
      <ing>
        <amt>
          <qty>6</qty>
          <unit/></amt>
        <item>Eggs</item></ing>
      <ing>
        <amt>
          <qty>6</qty>
          <unit/></amt>
        <item>(8-inch) flour tortillas; heated</item></ing>
      <ing>
        <amt>
          <qty>3/4</qty>
          <unit>cups</unit></amt>
        <item>Shredded light Cheddar cheese</item></ing>
      <ing>
        <amt>
          <qty>1</qty>
          <unit>cup</unit></amt>
        <item>Shredded Romaine lettuce</item></ing>
      <ing>
        <amt>
          <qty>1</qty>
          <unit>medium</unit></amt>
        <item>Ripe tomato; seeded, chopped</item></ing></ingredients>
    <directions>
      <step>  In small bowl stir together sour cream and taco seasoning mix; set aside.
  In medium bowl whisk eggs with 2 tablespoons water until well beaten. Pour
  eggs into 10-inch skillet sprayed with no stick cooking spray. Cook over
  medium low heat, stirring occasionally, until eggs are set (3 to 5
  minutes).  To assemble burritos, spread about 2 tablespoons sour cream
  mixture over each warm tortilla. Top with 1/6 eggs, cheese, lettuce and
  tomato. Roll up tightly; serve warm.
  
  MILITARY FAMILY MAGAZINE
  
  JANUARY 1996
  
  Downloaded from Glen's MM Recipe Archive, http://www.erols.com/hosey.
 
</step></directions></recipe></recipeml>
