<?xml version="1.0" encoding="UTF-8"?>

<recipeml version="0.5">
  <recipe>
    <head>
      <title>Anytime Meatballs</title>
      <categories>
        <cat>Meatballs</cat></categories>
      <yield>6</yield></head>
    <ingredients>
      <ing>
        <amt>
          <qty>1</qty>
          <unit>tablespoon</unit></amt>
        <item>Olive oil</item></ing>
      <ing>
        <amt>
          <qty>3/4</qty>
          <unit>cups</unit></amt>
        <item>Finely chopped onion</item></ing>
      <ing>
        <amt>
          <qty>2</qty>
          <unit>pounds</unit></amt>
        <item>Lean ground beef</item></ing>
      <ing>
        <amt>
          <qty>1/2</qty>
          <unit>cups</unit></amt>
        <item>Dry seasoned bread crumbs</item></ing>
      <ing>
        <amt>
          <qty>2</qty>
          <unit/></amt>
        <item>Eggs</item></ing>
      <ing>
        <amt>
          <qty>1/2</qty>
          <unit>cups</unit></amt>
        <item>Milk</item></ing>
      <ing>
        <amt>
          <qty>1 1/2</qty>
          <unit>teaspoons</unit></amt>
        <item>Dried oregano</item></ing>
      <ing>
        <amt>
          <qty>1 1/2</qty>
          <unit>teaspoons</unit></amt>
        <item>Dried basil</item></ing>
      <ing>
        <amt>
          <qty>1 1/2</qty>
          <unit>teaspoons</unit></amt>
        <item>Garlic salt</item></ing>
      <ing>
        <amt>
          <qty>1</qty>
          <unit>teaspoon</unit></amt>
        <item>Seasoning salt</item></ing>
      <ing>
        <amt>
          <qty>1</qty>
          <unit>teaspoon</unit></amt>
        <item>Worcestershire sauce</item></ing>
      <ing>
        <amt>
          <qty>1/2</qty>
          <unit>teaspoons</unit></amt>
        <item>Ground black pepper</item></ing>
      <ing>
        <amt>
          <qty>1/3</qty>
          <unit>cups</unit></amt>
        <item>Ketchup</item></ing>
      <ing>
        <amt>
          <qty>1/3</qty>
          <unit>cups</unit></amt>
        <item>Barbecue sauce</item></ing>
      <ing>
        <amt>
          <qty>1/4</qty>
          <unit>cups</unit></amt>
        <item>Packed brown sugar</item></ing>
      <ing>
        <amt>
          <qty>1 1/2</qty>
          <unit>teaspoons</unit></amt>
        <item>Distilied white vinegar</item></ing>
      <ing>
        <amt>
          <qty>1</qty>
          <unit>pinch</unit></amt>
        <item>Garlic salt</item></ing></ingredients>
    <directions>
      <step>  1. Heat oven to 325-F
  
  2. Heat olive oil in medium-size skillet. Add onion; saute 10 minutes or
  until very tender.
  
  3. Combine beef, crumbs, eggs, milk, oregano, basil, garlic salt, seasoning
  salt, Worcestershire, pepper and onion in bowl; lightly mix with wooden
  spoon or hands until combined but not overmixed.
  
  4. Shape beef mixture into 2-inch meatballs. Arrange in single layer, not
  touching each other, in 15 x 10 x 2- inch baking pan.
  
  5. Bake, uncovered, in 325-F oven for 20 minutes.
  
  6. Meanwhile, prepare sauce: Combine ketchup, barbecue sauce, brown sugar,
  vinegar and pinch garlic salt in small saucepan. Heat over medium heat just
  until simmering.
  
  7. Remove meatballs from pan to paper toweling to drain. Wipe out baking
  pan. Return meatballs to pan; cover with ketchup sauce. Cover pan tightly
  with aluminum foil.
  
  8. Return baking pan to 3250 oven and bake for 20 minutes or until
  meatballs are no longer pink in center. (
  
  To keep meatballs warm up to a half-hour, decrease oven temperature to
  200-F; place tightly covered pan in oven.)
  
  Recipe by: Family Circle Magazine
  
  Posted to MC-Recipe Digest V1 #935 by "Nitro_II "
  &lt;Nitro_II@classic.msn.com&gt; on Nov 30, 97
 
</step></directions></recipe></recipeml>
