<?xml version="1.0" encoding="UTF-8"?>

<recipeml version="0.5">
  <recipe>
    <head>
      <title>Anything's Better Than Sex Cake</title>
      <categories>
        <cat>Desserts</cat>
        <cat>Cakes</cat></categories>
      <yield>1</yield></head>
    <ingredients>
      <ing>
        <amt>
          <qty>1</qty>
          <unit>package</unit></amt>
        <item>Devil's Food Cake Mix</item></ing>
      <ing>
        <amt>
          <qty>4</qty>
          <unit/></amt>
        <item>Eggs</item></ing>
      <ing>
        <amt>
          <qty>1/2</qty>
          <unit>cups</unit></amt>
        <item>Oil</item></ing>
      <ing>
        <amt>
          <qty>1/4</qty>
          <unit>cups</unit></amt>
        <item>Water</item></ing>
      <ing>
        <amt>
          <qty>1</qty>
          <unit>teaspoon</unit></amt>
        <item>Vanilla</item></ing>
      <ing>
        <amt>
          <qty>1</qty>
          <unit>package</unit></amt>
        <item>Chocolate pudding mix</item></ing>
      <ing>
        <amt>
          <qty/>
          <unit/></amt>
        <item>[instant]</item></ing>
      <ing>
        <amt>
          <qty>8</qty>
          <unit>ounces</unit></amt>
        <item>Sour cream</item></ing>
      <ing>
        <amt>
          <qty>3/4</qty>
          <unit>cups</unit></amt>
        <item>Chocolate chips</item></ing>
      <ing>
        <amt>
          <qty>3/4</qty>
          <unit>cups</unit></amt>
        <item>Pecans</item></ing>
      <ing>
        <amt>
          <qty/>
          <unit/></amt>
        <item>For the Frosting</item></ing>
      <ing>
        <amt>
          <qty>1/2</qty>
          <unit>cups</unit></amt>
        <item>Melted butter</item></ing>
      <ing>
        <amt>
          <qty>1</qty>
          <unit>cup</unit></amt>
        <item>Brown sugar [packed]</item></ing>
      <ing>
        <amt>
          <qty/>
          <unit/></amt>
        <item>Evaporated milk</item></ing>
      <ing>
        <amt>
          <qty/>
          <unit/></amt>
        <item>Powdered sugar</item></ing></ingredients>
    <directions>
      <step>  A wedge of lime may be added.
   Preheat oven to 400 degrees for 10 minutes.  1.
   Beat eggs until light. Mix in both cheeses, pepper and nutmeg until 2.
  Stir in broccoli. Set aside. 3. Roll out pastry large enough to fit into a
  9 inch deep dish quiche 4. Pour filling into crust. Bake 30 minutes. Clean
  broccoli. Trim off flowers into bite-size pieces, lightly peel broccoli
  stalks and sliced into diagonal medallions. Heat wok on high add oil and
  when the oil is hot, add garlic and stir-fry 10 seconds. Add broccoli,
  stir-fry rapidly until the broccoli is covered in oil. When the wok is no
  longer oily, add a splash of water or chicken stock and continue to fry,
  stirring constantly for 3 minutes, replenishing water/chicken stock
  whenever wok becomes dry. Toss in mushrooms, stir, add oyster sauce, stir,
  cover and simmer at medium heat two minutes. Serve. Trim off the stems and
  remove any limp leaves from the Brussel Sprouts.
  
  From Gemini's MASSIVE MealMaster collection at www.synapse.com/~gemini
 
</step></directions></recipe></recipeml>
