<?xml version="1.0" encoding="UTF-8"?>

<recipeml version="0.5">
  <recipe>
    <head>
      <title>Anytime Thanksgiving Burgers</title>
      <categories>
        <cat>None</cat></categories>
      <yield>5 -6</yield></head>
    <ingredients>
      <ing>
        <amt>
          <qty>3</qty>
          <unit>tablespoons</unit></amt>
        <item>Butter or margarine; divided</item></ing>
      <ing>
        <amt>
          <qty>1/4</qty>
          <unit>cups</unit></amt>
        <item>Chopped celery</item></ing>
      <ing>
        <amt>
          <qty>1/4</qty>
          <unit>cups</unit></amt>
        <item>Chopped onion</item></ing>
      <ing>
        <amt>
          <qty>3/4</qty>
          <unit>cups</unit></amt>
        <item>Dry seasoned stuffing mix</item></ing>
      <ing>
        <amt>
          <qty>1/3</qty>
          <unit>cups</unit></amt>
        <item>Boiling chicken broth or water</item></ing>
      <ing>
        <amt>
          <qty>1/4</qty>
          <unit>teaspoons</unit></amt>
        <item>Salt</item></ing>
      <ing>
        <amt>
          <qty>1/4</qty>
          <unit>teaspoons</unit></amt>
        <item>Black pepper</item></ing>
      <ing>
        <amt>
          <qty>1/4</qty>
          <unit>teaspoons</unit></amt>
        <item>Poultry seasoning or dried sage</item></ing>
      <ing>
        <amt>
          <qty>1</qty>
          <unit>pound</unit></amt>
        <item>Ground chicken or turkey; (up to 1-1/4)</item></ing>
      <ing>
        <amt>
          <qty>1/4</qty>
          <unit>cups</unit></amt>
        <item>Chopped fresh parsley</item></ing>
      <ing>
        <amt>
          <qty/>
          <unit/></amt>
        <item>Cranberry sauce or cranberry relish; optional</item></ing></ingredients>
    <directions>
      <step>  In a large skillet, melt 2 tablespoons butter over medium heat. Add the
  celery and onions and sauté until softened, about 5 minutes. Remove the
  skillet from the heat and add the stuffing mix, broth, salt, pepper, and
  poultry seasoning; mix well. Let the mixture cool completely, then transfer
  to a large bowl. Mix in the chicken and parsley. Form into 5 or 6
  equal-sized patties. Add the remaining butter to the skillet and melt over
  medium-high heat. Add the patties and brown for 1 minute per side. Reduce
  the heat to medium-low and cook for 4 to 5 more minutes per side, until the
  patties are cooked through and spring back when touched.
  
  NOTE: Top each burger with a teaspoon of cranberry sauce or cranberry
  relish for that complete Thanksgiving taste...anytime!
  
  &gt;From Mr. Food
  
  Posted to brand-name-recipes by Abtaxel &lt;Abtaxel@aol.com&gt; on Apr 22, 1998
 
</step></directions></recipe></recipeml>
