<?xml version="1.0" encoding="UTF-8"?>

<recipeml version="0.5">
  <recipe>
    <head>
      <title>Anzac Biscuits #3</title>
      <categories>
        <cat>Cookie</cat></categories>
      <yield>60</yield></head>
    <ingredients>
      <ing>
        <amt>
          <qty>1/2</qty>
          <unit>cups</unit></amt>
        <item>Butter</item></ing>
      <ing>
        <amt>
          <qty>1</qty>
          <unit>tablespoon</unit></amt>
        <item>Golden syrup</item></ing>
      <ing>
        <amt>
          <qty>1/2</qty>
          <unit>teaspoons</unit></amt>
        <item>Bicarbonate of soda</item></ing>
      <ing>
        <amt>
          <qty>2</qty>
          <unit>tablespoons</unit></amt>
        <item>Boiling water</item></ing>
      <ing>
        <amt>
          <qty>1</qty>
          <unit>cup</unit></amt>
        <item>Uncooked rolled oats</item></ing>
      <ing>
        <amt>
          <qty>1</qty>
          <unit>cup</unit></amt>
        <item>Desiccated coconut</item></ing>
      <ing>
        <amt>
          <qty>1</qty>
          <unit>cup</unit></amt>
        <item>Plain flour</item></ing>
      <ing>
        <amt>
          <qty>1</qty>
          <unit>cup</unit></amt>
        <item>Brown sugar</item></ing>
      <ing>
        <amt>
          <qty>2</qty>
          <unit>teaspoons</unit></amt>
        <item>Ginger</item></ing></ingredients>
    <directions>
      <step>  From: kiwi@ldp.com (Suzanne and John Muir)
  
  Date: 14 Nov 1993 19:13:17 GMT
  
  Here's a recipe from the Embassy of Australia, makes 5 dozen.  Melt butter
  and golden syrup in large pan over a low heat. Add bicarbonate of soda
  mixed with boiling water. Combine dry ingredients in a mixing bowl, then
  pour melted mixture into center and mix to a moist but firm consistency.
  Drop slightly rounded teaspoonful of mixture on to cold greased tray. Cook
  for about 15 minutes in a moderate oven. Cool on a wire rack.
  
  REC.FOOD.RECIPES ARCHIVES
  
  /COOKIES
  
  From rec.food.cooking archives.  Downloaded from Glen's MM Recipe Archive,
  http://www.erols.com/hosey.
 
</step></directions></recipe></recipeml>
