<?xml version="1.0" encoding="UTF-8"?>

<recipeml version="0.5">
  <recipe>
    <head>
      <title>Anzac Biscuits</title>
      <categories>
        <cat>None</cat></categories>
      <yield>1</yield></head>
    <ingredients>
      <ing>
        <amt>
          <qty>125</qty>
          <unit>grams</unit></amt>
        <item>Butter or margarine</item></ing>
      <ing>
        <amt>
          <qty>1</qty>
          <unit>tablespoon</unit></amt>
        <item>Golden syrup</item></ing>
      <ing>
        <amt>
          <qty>1</qty>
          <unit>teaspoon</unit></amt>
        <item>Sodium bicarbonate</item></ing>
      <ing>
        <amt>
          <qty>2</qty>
          <unit>tablespoons</unit></amt>
        <item>Boiling water</item></ing>
      <ing>
        <amt>
          <qty>1</qty>
          <unit>cup</unit></amt>
        <item>Rolled oats</item></ing>
      <ing>
        <amt>
          <qty>1</qty>
          <unit>cup</unit></amt>
        <item>Desiccated coconut</item></ing>
      <ing>
        <amt>
          <qty>1</qty>
          <unit>cup</unit></amt>
        <item>Flour</item></ing>
      <ing>
        <amt>
          <qty>1</qty>
          <unit>cup</unit></amt>
        <item>Sugar</item></ing></ingredients>
    <directions>
      <step>  1. Melt butter with golden syrup over low heat.
  
  2. Mix sodium bicarb. with boiling water.
  
  3. Combine dry ingredients in a bowl and pour melted mixture into centre.
  Mix to a moist firm consistency.
  
  4. Place teaspoonfuls of mixture on greased baking trays.
  
  5. Bake at 170 degrees centigrade (according to my book thiis equals 325
  degrees fahrenheit.) for 20 minutes until golden brown.
  
  6. Cool a few minutes on trays before removing to a wire rack.
  
  7. Store in airtight containers.
  
  Makes approx. 48.
  
  Posted to recipelu-digest Volume 01 Number 673 by
  fairbros@enterprise.powerup.com.au on Feb 2, 1998
 
</step></directions></recipe></recipeml>
