<?xml version="1.0" encoding="UTF-8"?>

<recipeml version="0.5">
  <recipe>
    <head>
      <title>Anzac Biscuits #1</title>
      <categories>
        <cat>Cookie</cat></categories>
      <yield>24</yield></head>
    <ingredients>
      <ing>
        <amt>
          <qty>1</qty>
          <unit>cup</unit></amt>
        <item>Rolled oats</item></ing>
      <ing>
        <amt>
          <qty>3/4</qty>
          <unit>cups</unit></amt>
        <item>Desiccated coconut</item></ing>
      <ing>
        <amt>
          <qty>1</qty>
          <unit>cup</unit></amt>
        <item>Plain flour</item></ing>
      <ing>
        <amt>
          <qty>1</qty>
          <unit>cup</unit></amt>
        <item>Sugar</item></ing>
      <ing>
        <amt>
          <qty>125</qty>
          <unit>grams</unit></amt>
        <item>Margarine [hmm...  why not butter?  think I'd use butter.]</item></ing>
      <ing>
        <amt>
          <qty>1</qty>
          <unit>tablespoon</unit></amt>
        <item>Golden syrup</item></ing>
      <ing>
        <amt>
          <qty>1 1/2</qty>
          <unit>teaspoons</unit></amt>
        <item>Bicarbonate of soda</item></ing>
      <ing>
        <amt>
          <qty>2</qty>
          <unit>tablespoons</unit></amt>
        <item>Boiling water</item></ing></ingredients>
    <directions>
      <step>  From: ianst@qdpii.ind.dpi.qld.gov.au (Ian Staples)
  
  Date: Sat, 23 Apr 94 22:02:29 +1000
  This coming Monday (25 April 94) Australia and New Zealand commemorate
  their war dead on Anzac Day (Australian &amp; New Zealand Army Corps, which
  were among the first soldiers ashore in the battle at Gallipoli in 1915
  during World War I - a 9-month campaign with grievous losses). This day has
  become our most important national day of remembrance.
  
  Scottish oatmeal biscuits were cooked at home during WWI and sent to the
  soldiers fighting overseas.  After the war, these oat-based biscuits were
  named Anzac Biscuits when they were made and sold as fund-raisers for
  returned soldiers.
  
  The following recipe was published in _The Cairns Post_ 20 April 1994.
  
  Mix oats, flour, sugar and coconut.  Melt syrup and margarine [butter!]
  together in a small saucepan.  Mix soda with boiling water and add to the
  syrup and margarine mix.  Add dry ingredients and mix thoroughly.
  
  Place globs (about 1 T each) of the mix onto greased trays, allowing room
  for spreading while cooking.
  
  Cook for about 30 minutes at 150 degrees Celsius [about 300 F] Cool
  completely on racks before storing any you might have left :-) Makes 24.
  
  REC.FOOD.RECIPES ARCHIVES
  
  /COOKIES
  
  From rec.food.cooking archives.  Downloaded from Glen's MM Recipe Archive,
  http://www.erols.com/hosey.
 
</step></directions></recipe></recipeml>
