<?xml version="1.0" encoding="UTF-8"?>

<recipeml version="0.5">
  <recipe>
    <head>
      <title>Anzac Biscuits</title>
      <categories>
        <cat>Cookies</cat>
        <cat>Dessert</cat>
        <cat>Eggless</cat></categories>
      <yield>1</yield></head>
    <ingredients>
      <ing>
        <amt>
          <qty>1</qty>
          <unit>cup</unit></amt>
        <item>Rolled oats</item></ing>
      <ing>
        <amt>
          <qty>1</qty>
          <unit>cup</unit></amt>
        <item>Coconut</item></ing>
      <ing>
        <amt>
          <qty>1</qty>
          <unit>cup</unit></amt>
        <item>Flour</item></ing>
      <ing>
        <amt>
          <qty>1</qty>
          <unit>cup</unit></amt>
        <item>Sugar</item></ing>
      <ing>
        <amt>
          <qty>1/2</qty>
          <unit>cups</unit></amt>
        <item>Butter</item></ing>
      <ing>
        <amt>
          <qty>1</qty>
          <unit>tablespoon</unit></amt>
        <item>Dark corn syrup</item></ing>
      <ing>
        <amt>
          <qty>1</qty>
          <unit>teaspoon</unit></amt>
        <item>Soda</item></ing>
      <ing>
        <amt>
          <qty>2</qty>
          <unit>tablespoons</unit></amt>
        <item>Boiling water</item></ing></ingredients>
    <directions>
      <step>  "Don't let the name 'Biscuits' fool you.  These rich and crunchy cookies
  are presumably of Australian origin, which may explain the name."
  
  Combine dry ingredients in a bowl and make a well in the center.  Melt
  butter and syrup.  Add soda mixed with boiling water, then pour this
  mixture into dry ingredients.
  
  Mix to a moist but firm consistency.  Drop by tablespoonfuls onto cold
  greased cookie sheet.  Bake at 250 degrees F. about 20 minutes.
  
  From "This For That:  A Treasury of Savvy Substitutions for the Creative
  Cook," by Meryl Nelson, ISBN 0-88247-847-6.
  
  Typos by iris grayson
    Posted to MM-Recipes Digest V3 #266
  
    Date: Sat, 28 Sep 1996 07:03:59 -0500
  
    From: netdir@cyberspc.mb.ca (S.Pickell)
 
</step></directions></recipe></recipeml>
