<?xml version="1.0" encoding="UTF-8"?>

<recipeml version="0.5">
  <recipe>
    <head>
      <title>Anzacs</title>
      <categories>
        <cat>Cookies</cat>
        <cat>And</cat>
        <cat>Bars</cat></categories>
      <yield>4</yield></head>
    <ingredients>
      <ing>
        <amt>
          <qty>1</qty>
          <unit>cup</unit></amt>
        <item>Rolled oats</item></ing>
      <ing>
        <amt>
          <qty>1</qty>
          <unit>cup</unit></amt>
        <item>Sugar</item></ing>
      <ing>
        <amt>
          <qty>1</qty>
          <unit>cup</unit></amt>
        <item>Coconut</item></ing>
      <ing>
        <amt>
          <qty>1</qty>
          <unit>cup</unit></amt>
        <item>Flour</item></ing>
      <ing>
        <amt>
          <qty>1/2</qty>
          <unit>teaspoons</unit></amt>
        <item>Salt</item></ing>
      <ing>
        <amt>
          <qty>1/4</qty>
          <unit>cups</unit></amt>
        <item>Butter or margarine</item></ing>
      <ing>
        <amt>
          <qty>1</qty>
          <unit>tablespoon</unit></amt>
        <item>Karo syrup</item></ing>
      <ing>
        <amt>
          <qty>3</qty>
          <unit>tablespoons</unit></amt>
        <item>Water</item></ing>
      <ing>
        <amt>
          <qty>2</qty>
          <unit>teaspoons</unit></amt>
        <item>Soda</item></ing>
      <ing>
        <amt>
          <qty/>
          <unit/></amt>
        <item>Nuts; (optional)</item></ing></ingredients>
    <directions>
      <step>  Mix oats, sugar, coconut, flour and salt. Heat butter, syrup and water
  boiling, add soda. Combine liquid mixture and dry ingredients. Add nuts if
  used and mix well. Place by teaspoonfuls on greased COOKIE sheet. Allowing
  plenty of room to spread. Bake for 15 to 20 minutes at 325 degrees. Yields:
  4 dozen. This is an early Australian recipe. ANZAC mens Australian and New
  Zeland Army Corps.
  
  Alma Hampshire
  
  busted by sooz
  
  Recipe by: Key Gourmet
  
  Posted to recipelu-digest by sooz &lt;kirkland@gj.net&gt; on Mar 19, 1998
 
</step></directions></recipe></recipeml>
