<?xml version="1.0" encoding="UTF-8"?>

<recipeml version="0.5">
  <recipe>
    <head>
      <title>Apfeltorte (Apple Cake)</title>
      <categories>
        <cat>Cakes</cat></categories>
      <yield>1</yield></head>
    <ingredients>
      <ing>
        <amt>
          <qty>8</qty>
          <unit/></amt>
        <item>Small apples</item></ing>
      <ing>
        <amt>
          <qty>1/2</qty>
          <unit>cups</unit></amt>
        <item>Raisins</item></ing>
      <ing>
        <amt>
          <qty>2</qty>
          <unit>teaspoons</unit></amt>
        <item>Rum or rum extract</item></ing>
      <ing>
        <amt>
          <qty>3/4</qty>
          <unit>cups</unit></amt>
        <item>Sugar; plus 3 tbsp, divided</item></ing>
      <ing>
        <amt>
          <qty>1</qty>
          <unit>teaspoon</unit></amt>
        <item>Chocolate; grated</item></ing>
      <ing>
        <amt>
          <qty>3/4</qty>
          <unit>cups</unit></amt>
        <item>Butter or margarine; plus 2 sp, divided</item></ing>
      <ing>
        <amt>
          <qty>1</qty>
          <unit>teaspoon</unit></amt>
        <item>Vanilla</item></ing>
      <ing>
        <amt>
          <qty>3</qty>
          <unit/></amt>
        <item>Eggs</item></ing>
      <ing>
        <amt>
          <qty>1</qty>
          <unit>teaspoon</unit></amt>
        <item>Lemon extract</item></ing>
      <ing>
        <amt>
          <qty>1 1/4</qty>
          <unit>cups</unit></amt>
        <item>All-purpose flour</item></ing>
      <ing>
        <amt>
          <qty>1</qty>
          <unit>teaspoon</unit></amt>
        <item>Baking powder</item></ing>
      <ing>
        <amt>
          <qty>1/2</qty>
          <unit>teaspoons</unit></amt>
        <item>Cinnamon</item></ing>
      <ing>
        <amt>
          <qty>3</qty>
          <unit>teaspoons</unit></amt>
        <item>Almonds; ground</item></ing>
      <ing>
        <amt>
          <qty/>
          <unit/></amt>
        <item>Apricot jam</item></ing>
      <ing>
        <amt>
          <qty/>
          <unit/></amt>
        <item>Powdered sugar; sifted</item></ing></ingredients>
    <directions>
      <step>  Filling: Peel and core apples. Combine raisins, rum, 1
  tablespoon of the sugar and the grated chocolate in
  small saucepan. Bring to boil. Set aside while
  preparing batter. Batter: Preheat oven to 350 degrees.
  Lightly grease bottom of 10 1/2" springform pan. Cream
  3/4 cup of the butter, 3/4 cup of the sugar and
  vanilla together. Beat in eggs, 1 at a time, and lemon
  extract, beating until light and fluffy. Sift flour,
  baking powder and cinnamon together. Gradually beat
  into creamed mixture. Turn batter into prepared pan;
  arrange apples on top. Fill apple centers with raisin
  mixture. Dot with 2 teaspoons of the butter. Bake @
  350 degrees, 45 minutes. Sprinkle with mixture of
  ground almonds and remaining 2 tablespoons sugar. Bake
  10 to 15 minutes longer until apples are tender.
  Remove from oven. Brush jam over apple opening and
  sprinkle icing sugar over cake portion.
  
  From Gemini's MASSIVE MealMaster collection at www.synapse.com/~gemini
 
</step></directions></recipe></recipeml>
