<?xml version="1.0" encoding="UTF-8"?>

<recipeml version="0.5">
  <recipe>
    <head>
      <title>Apfelpfannkuchen (German Apple Pancakes)</title>
      <categories>
        <cat>Fruits</cat>
        <cat>Penndutch</cat>
        <cat>Breakfast</cat></categories>
      <yield>6</yield></head>
    <ingredients>
      <ing>
        <amt>
          <qty>2</qty>
          <unit>large</unit></amt>
        <item>Cooking apples (Yellow Delicious, or Granny Smith)</item></ing>
      <ing>
        <amt>
          <qty>1/4</qty>
          <unit>cups</unit></amt>
        <item>Butter</item></ing>
      <ing>
        <amt>
          <qty>1</qty>
          <unit>cup</unit></amt>
        <item>Flour</item></ing>
      <ing>
        <amt>
          <qty>1</qty>
          <unit>cup</unit></amt>
        <item>Milk</item></ing>
      <ing>
        <amt>
          <qty>1</qty>
          <unit>teaspoon</unit></amt>
        <item>Vanilla extract</item></ing>
      <ing>
        <amt>
          <qty>1/2</qty>
          <unit>teaspoons</unit></amt>
        <item>Salt</item></ing>
      <ing>
        <amt>
          <qty>1/4</qty>
          <unit>teaspoons</unit></amt>
        <item>Nutmeg, grated</item></ing>
      <ing>
        <amt>
          <qty/>
          <unit/></amt>
        <item>Confectioners sugar</item></ing></ingredients>
    <directions>
      <step>  Preheat oven to 475.  Peel, core and very thinly slice the apples: you
  should have approximately 1-1/2 cups. Melt 3 T sp. of the butter over
  medium low heat in a small fry pan, and saute the apples until they are
  just tender.  Keep apples warm while preparing the batter.
  
  Place a 9 or 10 inch cast-iron skillet in the oven to heat for at least 5
  minutes--the pan has to be very hot for this to work. When it is well
  heated, add the remaining 2 T sp. of butter to melt and put the skillet
  back in the oven;  the butter should be very hot buy not brown when you add
  the apples and the batter.
  
  Place the flour, milk, vanilla, salt and nutmeg in a blender and whirl
  until smooth.  Remove the skillet from the oven, quickly arrange the warm
  apple slices over the melted butter, and pour the batter evenly over all.
  Bake for 15 min., reduce heat to 375 and bake 10 min longer. The pancake
  will puff and climb up the sides of the pan. Sprinkle with confectioner's
  sugar, then cut in wedges and serve with maple syrup.
  
  Note:  If you do not use apples, add 1/4 cup (1/2 stick) butter to the hot
  skillet.
  
                                  From  Cooking From Quilt Country Submitted
  By LISE WARING &lt;HOBBIT@MAIL.UTEXAS.EDU&gt; On TUE, 19 DEC 1995 093841 GMT
  
  From Gemini's MASSIVE MealMaster collection at www.synapse.com/~gemini
 
</step></directions></recipe></recipeml>
