<?xml version="1.0" encoding="UTF-8"?>

<recipeml version="0.5">
  <recipe>
    <head>
      <title>Apio (Sephardic Sweet-Sour Celery)</title>
      <categories>
        <cat>None</cat></categories>
      <yield>6</yield></head>
    <ingredients>
      <ing>
        <amt>
          <qty>2</qty>
          <unit>cups</unit></amt>
        <item>Water</item></ing>
      <ing>
        <amt>
          <qty/>
          <unit/></amt>
        <item>Juice of 2 or 3 lemons</item></ing>
      <ing>
        <amt>
          <qty>1/4</qty>
          <unit>cups</unit></amt>
        <item>Vegetable or olive oil</item></ing>
      <ing>
        <amt>
          <qty>1</qty>
          <unit>tablespoon</unit></amt>
        <item>(or 2) sugar</item></ing>
      <ing>
        <amt>
          <qty>1</qty>
          <unit>teaspoon</unit></amt>
        <item>Salt or to taste</item></ing>
      <ing>
        <amt>
          <qty>2</qty>
          <unit>bunches</unit></amt>
        <item>Celery; leaves removed, stalks cut into 1 1/2 inch long pieces</item></ing></ingredients>
    <directions>
      <step>  Combine water, lemon juice, oil, sugar and salt in large saucepan. Bring to
  boil over high heat. Add celery. Cover and simmer until tender, about 20
  minutes. Serve warm as side dish or at room temperature, or chilled as
  appetizer. Makes 6 to 8 servings.
  
  NOTE: Apio originally was made from either celery or celeriac. You can
  substitute 5 to 6 medium celeriac, peeled and cut into 1/4 inch thick
  slices. In Turkey and parts of Greece, this dish is served on the first
  night of Passover. The leaves are saved for the Seder plate.
  
  Recipe by: "World of Jewish Cooking" by Gil Marks, Simon &amp; Schuster
  
  Posted to JEWISH-FOOD digest Volume 98 #014 by lisamontag@juno.com (Lisa
  Montag) on Jan 8, 1998
 
</step></directions></recipe></recipeml>
