<?xml version="1.0" encoding="UTF-8"?>

<recipeml version="0.5">
  <recipe>
    <head>
      <title>Aplets and Cotlets #1</title>
      <categories>
        <cat>Candy</cat></categories>
      <yield>24</yield></head>
    <ingredients>
      <ing>
        <amt>
          <qty>2</qty>
          <unit>cups</unit></amt>
        <item>Unsweetened applesauce (see directions)</item></ing>
      <ing>
        <amt>
          <qty>4</qty>
          <unit/></amt>
        <item>Envelopes unflavored gelatin</item></ing>
      <ing>
        <amt>
          <qty>4</qty>
          <unit>cups</unit></amt>
        <item>Sugar</item></ing>
      <ing>
        <amt>
          <qty>1</qty>
          <unit>cup</unit></amt>
        <item>Walnuts; finely chopped</item></ing>
      <ing>
        <amt>
          <qty>1/2</qty>
          <unit>teaspoons</unit></amt>
        <item>Lemon extract</item></ing>
      <ing>
        <amt>
          <qty>1</qty>
          <unit>teaspoon</unit></amt>
        <item>Vanilla extract</item></ing>
      <ing>
        <amt>
          <qty/>
          <unit/></amt>
        <item>Confectioners' sugar</item></ing></ingredients>
    <directions>
      <step>  From: robertp@meaddata.com (Robert Penrod)
  
  Date: Mon, 29 Aug 1994 03:42:06 GMT
  Applesauce: Use tart apples for the applesauce, no sugar when cooking and
  very little water. It should be as thick as possible (drain off water as it
  cooks). Use a heavy pan so the applesauce will cook without sticking.
  
  Soak the gelatin in  1/2 cup of the applesauce. Bring the rest of the
  applesauce and the sugar to a boil. After it is boiling, add the
  applesauce-gelatin mixture and bring back to a slow boil for 15 minutes,
  stirring almost constantly. Add the walnuts, lemon extract and vanilla.
  Pour into a buttered pan. Let stand at least 24 hours, then cut into
  squares and roll in confectioners' sugar. Store in refrigerator.
  
  A 8-inch square pan, might make the candy too thick. A 9 by 13-inch pan
  would probably make it too thin. The mixture should be about  3/4-inch
  deep, so adjust the pan size.
  
  Cotlets: Use 1 cup  apricot  jam and 1 cup applesauce, cutting sugar to 3
  cups. Or use canned unsweetened  apricots,  drained. Mash well with a
  potato masher. Use 2 cups mashed apricots and and follow recipe as written.
  
  REC.FOOD.RECIPES ARCHIVES
  
  /CANDY
  
  From rec.food.cooking archives.  Downloaded from Glen's MM Recipe Archive,
  http://www.erols.com/hosey.
 
</step></directions></recipe></recipeml>
