<?xml version="1.0" encoding="UTF-8"?>

<recipeml version="0.5">
  <recipe>
    <head>
      <title>Aplets and Cotlets #2</title>
      <categories>
        <cat>Candy</cat></categories>
      <yield>64</yield></head>
    <ingredients>
      <ing>
        <amt>
          <qty>3</qty>
          <unit>tablespoons</unit></amt>
        <item>Gelatin</item></ing>
      <ing>
        <amt>
          <qty>3</qty>
          <unit>cups</unit></amt>
        <item>Apple juice or unsweetened apricot juice</item></ing>
      <ing>
        <amt>
          <qty>1 1/3</qty>
          <unit>cups</unit></amt>
        <item>Granulated sugar</item></ing>
      <ing>
        <amt>
          <qty>2</qty>
          <unit>tablespoons</unit></amt>
        <item>Each lemon and lime juice; or more as needed</item></ing>
      <ing>
        <amt>
          <qty>2/3</qty>
          <unit>cups</unit></amt>
        <item>Cornstarch</item></ing>
      <ing>
        <amt>
          <qty>2</qty>
          <unit>cups</unit></amt>
        <item>Walnuts; chopped</item></ing>
      <ing>
        <amt>
          <qty>1</qty>
          <unit>cup</unit></amt>
        <item>Powdered sugar</item></ing></ingredients>
    <directions>
      <step>  From: lburnham@golden.ncw.net (Lisa Burnham)
  
  Date: Mon, 12 Sep 1994 22:12:05 GMT
  Makes about 64 small cubes.
  
  Soften the gelatin in 1/2 cup of the apple juice.  Boil remaining juice
  with the sugar for 15 minutes to concentrate it. Mix the lemon and lime
  juice, and add all but 1/4 cup cornstarch to dissolve it in the mixture.
  Add both gelatin mixture and cornstarch mixture to the boiled juice and
  boil again rapidly for 10 minutes until very thick, stirring constantly.
  Taste for sweet and sour and add more lemon juice if wanted.
  
  Mix in the walnuts and pour mixture into a 9-by-9-by-2-inch baking pan that
  has been dipped in cold water.  Let paste harden 12 hours or overnight,
  then cut with a sharp knife into squares. Mix together the reserved 1/4 cup
  cornstarch and powdered sugar.  Remove squares with a spatula and roll each
  in the powdered sugar mixture (the cornstarch helps keep the sugar dry).
  
  REC.FOOD.RECIPES ARCHIVES
  
  /CANDY
  
  From rec.food.cooking archives.  Downloaded from Glen's MM Recipe Archive,
  http://www.erols.com/hosey.
 
</step></directions></recipe></recipeml>
