<?xml version="1.0" encoding="UTF-8"?>

<recipeml version="0.5">
  <recipe>
    <head>
      <title>Appalachian Spoon and Fork Cake</title>
      <categories>
        <cat>Cakes</cat>
        <cat>Coffeecakes</cat></categories>
      <yield>8</yield></head>
    <ingredients>
      <ing>
        <amt>
          <qty>1</qty>
          <unit>cup</unit></amt>
        <item>Chopped pecans</item></ing>
      <ing>
        <amt>
          <qty>3/4</qty>
          <unit>cups</unit></amt>
        <item>Firmly packed dark brown sugar</item></ing>
      <ing>
        <amt>
          <qty>1</qty>
          <unit>teaspoon</unit></amt>
        <item>Cinnamon</item></ing>
      <ing>
        <amt>
          <qty>2/3</qty>
          <unit>cups</unit></amt>
        <item>Raisins</item></ing>
      <ing>
        <amt>
          <qty>8</qty>
          <unit>tablespoons</unit></amt>
        <item>Unsalted butter; melted and cooled</item></ing>
      <ing>
        <amt>
          <qty>2</qty>
          <unit>cups</unit></amt>
        <item>Cake flour</item></ing>
      <ing>
        <amt>
          <qty>1</qty>
          <unit>cup</unit></amt>
        <item>Yellow cornmeal</item></ing>
      <ing>
        <amt>
          <qty>3/4</qty>
          <unit>cups</unit></amt>
        <item>Sugar</item></ing>
      <ing>
        <amt>
          <qty>1</qty>
          <unit>teaspoon</unit></amt>
        <item>Baking powder</item></ing>
      <ing>
        <amt>
          <qty>1/2</qty>
          <unit>teaspoons</unit></amt>
        <item>Baking soda</item></ing>
      <ing>
        <amt>
          <qty>1/4</qty>
          <unit>teaspoons</unit></amt>
        <item>Salt</item></ing>
      <ing>
        <amt>
          <qty>3</qty>
          <unit/></amt>
        <item>Eggs; lightly beaten</item></ing>
      <ing>
        <amt>
          <qty>1</qty>
          <unit>cup</unit></amt>
        <item>Sour cream</item></ing>
      <ing>
        <amt>
          <qty>1</qty>
          <unit>teaspoon</unit></amt>
        <item>Vanilla</item></ing></ingredients>
    <directions>
      <step>  Lightly butter and flour a 9 inch springform pan. Combine the pecans, brown
  sugar, and cinnamon in a medium bowl. Mix well. Remove 1/2 cup of this
  mixture and set aside. Add the raisins and 1/4 cup of the melted butter to
  the remaining pecan mixture. Set aside. Combine the flour, cornmeal,
  granulated sugar, baking powder, baking soda, and salt in a large bowl.
  With a wooden spoon beat in the eggs, sour cream, remaining butter and
  vanilla until smooth. Spread half the batter over the bottom of the
  prepared pan. Sprinkle the raisin mixture over the top. Carefully spread
  the remaining batter over the top of the raisin mixture, and sprinkle with
  the reserved 1/2 cup nut mixture. Bake until a toothpick inserted in the
  centre of the cake comes out fairly clean, 45 to 50 minutes. Cool on a wire
  rack before removing the sides of the pan. Makes 8 servings.
  
  Formatted for MasterCook by Mardi amdesjar@mb.sympatico.ca November 22,
  1997.
  
  Recipe by: unknown cookbook
  
  Posted to MC-Recipe Digest V1 #922 by Mardi &lt;amdesjar@mb.sympatico.ca&gt; on
  Nov 25, 1997
 
</step></directions></recipe></recipeml>
