<?xml version="1.0" encoding="UTF-8"?>

<recipeml version="0.5">
  <recipe>
    <head>
      <title>Appalachia Mountain Fudge</title>
      <categories>
        <cat>Candies</cat></categories>
      <yield>1</yield></head>
    <ingredients>
      <ing>
        <amt>
          <qty>4 1/2</qty>
          <unit>cups</unit></amt>
        <item>Sugar</item></ing>
      <ing>
        <amt>
          <qty/>
          <unit/></amt>
        <item>Salt</item></ing>
      <ing>
        <amt>
          <qty>1/4</qty>
          <unit>pounds</unit></amt>
        <item>Butter</item></ing>
      <ing>
        <amt>
          <qty>1</qty>
          <unit>can</unit></amt>
        <item>Lg evaporated milk</item></ing>
      <ing>
        <amt>
          <qty>12</qty>
          <unit>ounces</unit></amt>
        <item>Semi-sweet chocolate chips</item></ing>
      <ing>
        <amt>
          <qty>5</qty>
          <unit/></amt>
        <item>Hersery bars</item></ing>
      <ing>
        <amt>
          <qty>1</qty>
          <unit>pint</unit></amt>
        <item>Marshmallow cream</item></ing></ingredients>
    <directions>
      <step>  In large bowl put in the chocolate bars (broken bits)
  and the marshmellow cream. Grease a 9X13 inch cake pan
  with butter or margarine. In a fairly deep pot put in
  the sugar , salt, milk, and butter. Mix well put on
  medium heat stirring constantly until it comes to a
  full boil. Let boil for 13 minutes (exactly) remove
  from stove pour over chocolate bits, milk chocolate
  and marshmellow cream. Beat till smooth Refridgerate
  for about 2 to 3 hours Cut into pieces. keep
  refridgerated so it will stay moist and creamy can be
  frozen will not turn white. this makes a ton of fudge
  also you can add walnuts or pecans JUDY-OHIO
  
  From Gemini's MASSIVE MealMaster collection at www.synapse.com/~gemini
 
</step></directions></recipe></recipeml>
