<?xml version="1.0" encoding="UTF-8"?>

<recipeml version="0.5">
  <recipe>
    <head>
      <title>Appa (Hoppers&gt;</title>
      <categories>
        <cat>Main dish</cat></categories>
      <yield>1</yield></head>
    <ingredients>
      <ing>
        <amt>
          <qty>1</qty>
          <unit>teaspoon</unit></amt>
        <item>Yeast</item></ing>
      <ing>
        <amt>
          <qty>2</qty>
          <unit>teaspoons</unit></amt>
        <item>Sugar</item></ing>
      <ing>
        <amt>
          <qty>25</qty>
          <unit>mililiters</unit></amt>
        <item>Warm water</item></ing>
      <ing>
        <amt>
          <qty>225</qty>
          <unit>grams</unit></amt>
        <item>Rice flour salt to taste</item></ing>
      <ing>
        <amt>
          <qty>300</qty>
          <unit>mililiters</unit></amt>
        <item>Thick coconut milk</item></ing></ingredients>
    <directions>
      <step>  Dissolve the yeast and sugar in the water and set aside for 5 minutes.
  Sieve the flour and salt into a bowl, add the coconut milk, yeast and sugar
  and mix to form a smooth batter. Cover and leave overnight. Grease a hopper
  pan, heat it over a moderate heat and pour 75 ml of batter into the pan.
  Tilt the pan so batter forms a round shape, cover with the lid and cook
  until done. Ease the hopper from the pan with a blunt knife. From "A taste
  of Sri Lanka" by Indra Jayasekera, ISBN #962 224 010 0
  
  From Gemini's MASSIVE MealMaster collection at www.synapse.com/~gemini
 
</step></directions></recipe></recipeml>
