<?xml version="1.0" encoding="UTF-8"?>

<recipeml version="0.5">
  <recipe>
    <head>
      <title>Appalachian Cornbread</title>
      <categories>
        <cat>Bread</cat></categories>
      <yield>6</yield></head>
    <ingredients>
      <ing>
        <amt>
          <qty>1</qty>
          <unit>cup</unit></amt>
        <item>All-purpose flour</item></ing>
      <ing>
        <amt>
          <qty>1</qty>
          <unit>cup</unit></amt>
        <item>Cornmeal (preferably white; stone-ground)</item></ing>
      <ing>
        <amt>
          <qty>2</qty>
          <unit>tablespoons</unit></amt>
        <item>Sugar</item></ing>
      <ing>
        <amt>
          <qty>4</qty>
          <unit>teaspoons</unit></amt>
        <item>Baking powder</item></ing>
      <ing>
        <amt>
          <qty>1</qty>
          <unit>teaspoon</unit></amt>
        <item>Salt</item></ing>
      <ing>
        <amt>
          <qty>1</qty>
          <unit>cup</unit></amt>
        <item>Milk</item></ing>
      <ing>
        <amt>
          <qty>1/4</qty>
          <unit>cups</unit></amt>
        <item>Oil (Granny used melted lard)</item></ing>
      <ing>
        <amt>
          <qty>1</qty>
          <unit/></amt>
        <item>Egg; slightly beaten</item></ing>
      <ing>
        <amt>
          <qty>From:</qty>
          <unit/></amt>
        <item>"Sharon H. Frye" &lt;shfrye@PEN.K12.VA.US&gt;</item></ing>
      <ing>
        <amt>
          <qty>Date:</qty>
          <unit/></amt>
        <item>Sat, 10 Aug 1996 15:18:24 EDT</item></ing></ingredients>
    <directions>
      <step>  Preheat oven to 425 degrees. Generously grease an 8x8 pan (or cast iron
  skillet) and put it in the oven to get hot while you mix up the bread.
  
  In medium bowl, combine flour, cornmeal, sugar, baking powder, and salt.
  Stir in remaining ingredients, beating by hand JUST until well mixed.
  (There will still be a few lumps.) Pour batter into hot, prepared pan. Bake
  for 18-22 minutes, or until toothpick inserted in center comes out clean.
  Cut into squares, and serve hot.
  
  Personal note: As a kid, we would crumble cornbread into a glass of milk
  for an afternoon snack. I still love it this way, but my daughter thinks
  it's disgusting!
  
  PS...I do have Granny's recipe for authentic southern Hush Puppies if you'd
  like that one....
  
  EAT-L Digest  9 August 96
  
  From the EAT-L recipe list.  Downloaded from Glen's MM Recipe Archive,
  http://www.erols.com/hosey.
 
</step></directions></recipe></recipeml>
