<?xml version="1.0" encoding="UTF-8"?>

<recipeml version="0.5">
  <recipe>
    <head>
      <title>Appalachian Mountain Cobbler</title>
      <categories>
        <cat>Pies</cat>
        <cat>Tarts</cat>
        <cat>Cobblers</cat></categories>
      <yield>8</yield></head>
    <ingredients>
      <ing>
        <amt>
          <qty>1</qty>
          <unit>cup</unit></amt>
        <item>Flour</item></ing>
      <ing>
        <amt>
          <qty>1 1/2</qty>
          <unit>teaspoons</unit></amt>
        <item>Baking powder</item></ing>
      <ing>
        <amt>
          <qty>1/2</qty>
          <unit>teaspoons</unit></amt>
        <item>Salt</item></ing>
      <ing>
        <amt>
          <qty>3/4</qty>
          <unit>cups</unit></amt>
        <item>Sugar</item></ing>
      <ing>
        <amt>
          <qty>1</qty>
          <unit>cup</unit></amt>
        <item>Milk</item></ing>
      <ing>
        <amt>
          <qty>1/2</qty>
          <unit>teaspoons</unit></amt>
        <item>Vanilla</item></ing>
      <ing>
        <amt>
          <qty>1/2</qty>
          <unit>cups</unit></amt>
        <item>Butter or margarine</item></ing>
      <ing>
        <amt>
          <qty>4</qty>
          <unit>cups</unit></amt>
        <item>Fresh or canned fruit or berries, drained</item></ing>
      <ing>
        <amt>
          <qty>1</qty>
          <unit>cup</unit></amt>
        <item>Fruit juice</item></ing></ingredients>
    <directions>
      <step>  Mix until smooth the dry ingredients with the milk and vanilla. Melt butter
  in 8 x 10" baking pan. Pour batter over melted butter. Place over batter
  the fruit. Pour over the top, 1 cup fruit juice. Bake in preheated 350
  degree oven for 30-35 mins. until light brown.
  
  Recipe by: "Extending the Table"   Mennonite Central Committee Posted to
  TNT - Prodigy's Recipe Exchange Newsletter  by Rainbow225@aol.com on Jul 5,
  1997
 
</step></directions></recipe></recipeml>
