<?xml version="1.0" encoding="UTF-8"?>

<recipeml version="0.5">
  <recipe>
    <head>
      <title>Appetizer From Black Grapes (Mantala Od Grozdja)</title>
      <categories>
        <cat>Fruits</cat>
        <cat>Appetizers</cat>
        <cat>Snacks</cat></categories>
      <yield>18</yield></head>
    <ingredients>
      <ing>
        <amt>
          <qty/>
          <unit/></amt>
        <item>Grapes (for 1 gallon juice)</item></ing>
      <ing>
        <amt>
          <qty>1 1/2</qty>
          <unit>cups</unit></amt>
        <item>Whole wheat flour</item></ing>
      <ing>
        <amt>
          <qty>1/2</qty>
          <unit>teaspoons</unit></amt>
        <item>Nutmeg</item></ing>
      <ing>
        <amt>
          <qty>2</qty>
          <unit>cups</unit></amt>
        <item>Sugar</item></ing>
      <ing>
        <amt>
          <qty>1/2</qty>
          <unit>cups</unit></amt>
        <item>Lemon juice</item></ing></ingredients>
    <directions>
      <step>  Crush grapes until you have a gallon of juice; strain and cook boiling
  until 1/2 liquid is left.  Add slowly 1 1/2 (cups? -KM) whole wheat flour,
  stirring constantly over low flame.  Add 1/2 teaspoon nutmeg and 2 cups
  sugar before flour.  Add lemon juice.  Pour into 9 x 13-1/3 x 2-inch deep
  pan.  Let cool in pan 2 days.  Slice in 2x3 inch squares. Serve with
  drinks.
  
  Source: Anka Prkacin "Our Favorite Recipes" St. Anthony Croatian Catholic
  Church Typed for you by Karen Mintzias
  
  File ftp://ftp.idiscover.co.uk/pub/food/mealmaster/recipes/mmdjaxxx.zip
 
</step></directions></recipe></recipeml>
