<?xml version="1.0" encoding="UTF-8"?>

<recipeml version="0.5">
  <recipe>
    <head>
      <title>Appetizer Ribs</title>
      <categories>
        <cat>None</cat></categories>
      <yield>9</yield></head>
    <ingredients>
      <ing>
        <amt>
          <qty>3 1/2</qty>
          <unit>pounds</unit></amt>
        <item>Spareribs -- cut into</item></ing>
      <ing>
        <amt>
          <qty/>
          <unit/></amt>
        <item>Individual</item></ing>
      <ing>
        <amt>
          <qty/>
          <unit/></amt>
        <item>Salt and pepper</item></ing>
      <ing>
        <amt>
          <qty>2</qty>
          <unit>cups</unit></amt>
        <item>Water</item></ing>
      <ing>
        <amt>
          <qty/>
          <unit/></amt>
        <item>Garlic salt</item></ing>
      <ing>
        <amt>
          <qty>8</qty>
          <unit>ounces</unit></amt>
        <item>Bottle Russian salad</item></ing>
      <ing>
        <amt>
          <qty/>
          <unit/></amt>
        <item>Dressing</item></ing>
      <ing>
        <amt>
          <qty>6</qty>
          <unit>ounces</unit></amt>
        <item>Can pineapple juice</item></ing></ingredients>
    <directions>
      <step>  Sprinkle ribs with salt and pepper.  Place in slow-cooking pot; pour water
  over them.  Cover and cook on low for 6 to 7 hours or until tender. Drain.
  Arrange ribs on broiler pan; sprinkle with garlic salt.  Make sauce by
  combining salad dressing and pineapple juice.  Brush ribs with half the
  sauce.  Broil until brown; turn, brush other side and brown.
  
  Recipe By     :
  
  From: Ladies Home Journal- August 1991
  
  File ftp://ftp.idiscover.co.uk/pub/food/mealmaster/recipes/mmdja006.zip
 
</step></directions></recipe></recipeml>
