<?xml version="1.0" encoding="UTF-8"?>

<recipeml version="0.5">
  <recipe>
    <head>
      <title>Appelkoek</title>
      <categories>
        <cat>Dessert</cat></categories>
      <yield>6</yield></head>
    <ingredients>
      <ing>
        <amt>
          <qty>2</qty>
          <unit>medium</unit></amt>
        <item>Apples</item></ing>
      <ing>
        <amt>
          <qty>1 1/2</qty>
          <unit>cups</unit></amt>
        <item>Flour</item></ing>
      <ing>
        <amt>
          <qty>3 1/2</qty>
          <unit>teaspoons</unit></amt>
        <item>Baking powder</item></ing>
      <ing>
        <amt>
          <qty>1/2</qty>
          <unit>teaspoons</unit></amt>
        <item>Salt</item></ing>
      <ing>
        <amt>
          <qty>6</qty>
          <unit>tablespoons</unit></amt>
        <item>Granulated sugar; divided</item></ing>
      <ing>
        <amt>
          <qty>1/4</qty>
          <unit>cups</unit></amt>
        <item>Margarine or butter</item></ing>
      <ing>
        <amt>
          <qty>1</qty>
          <unit/></amt>
        <item>Egg; well beaten</item></ing>
      <ing>
        <amt>
          <qty>3/4</qty>
          <unit>cups</unit></amt>
        <item>Milk</item></ing>
      <ing>
        <amt>
          <qty>1/2</qty>
          <unit>teaspoons</unit></amt>
        <item>Ground cinnamon</item></ing></ingredients>
    <directions>
      <step>  From: aj471@freenet.carleton.ca
  
  Date: 22 Mar 1994 17:18:16 -0500
  Peel and cut apples into eighths (wedges). Sift together flour, baking
  powder and salt with 4 tablespoons of the sugar.  Cut in butter/margarine.
  Combine egg and milk and add to flour mixture. Turn batter into greased 8
  inch square cake pan. Press apple wedges partly into batter. Combine
  remaining 2 tbsp sugar and cinnamon, sprinkle over apple. Bake at 425
  degree F for 25 to
       30    minutes. (Serves six)
  
  REC.FOOD.RECIPES ARCHIVES
  
  /MISC
  
  From rec.food.cooking archives.  Downloaded from Glen's MM Recipe Archive,
  http://www.erols.com/hosey.
 
</step></directions></recipe></recipeml>
