<?xml version="1.0" encoding="UTF-8"?>

<recipeml version="0.5">
  <recipe>
    <head>
      <title>Appetizer Ham Ball</title>
      <categories>
        <cat>Spreads</cat></categories>
      <yield>1</yield></head>
    <ingredients>
      <ing>
        <amt>
          <qty>2</qty>
          <unit>cans</unit></amt>
        <item>(4.5-oz) deviled ham</item></ing>
      <ing>
        <amt>
          <qty>3</qty>
          <unit>tablespoons</unit></amt>
        <item>Chopped stuffed green</item></ing>
      <ing>
        <amt>
          <qty/>
          <unit/></amt>
        <item>Olives</item></ing>
      <ing>
        <amt>
          <qty>1</qty>
          <unit>tablespoon</unit></amt>
        <item>Prepared mustard</item></ing>
      <ing>
        <amt>
          <qty/>
          <unit/></amt>
        <item>Tabasco sauce to taste</item></ing>
      <ing>
        <amt>
          <qty>1</qty>
          <unit>package</unit></amt>
        <item>(3-oz) cream cheese</item></ing>
      <ing>
        <amt>
          <qty/>
          <unit/></amt>
        <item>Softened</item></ing>
      <ing>
        <amt>
          <qty>2</qty>
          <unit>teaspoons</unit></amt>
        <item>Milk</item></ing></ingredients>
    <directions>
      <step>  Blend deviled ham, olives, mustard and tabasco. Form in ball on serving
  dish; chill/. Combine cream cheese and milk; frost ball with mixture.
  Chill; remove from refrigerator 15 minutes before serving. Trim with
  parsley. Pass assorted crackers.
  
  From Gemini's MASSIVE MealMaster collection at www.synapse.com/~gemini
 
</step></directions></recipe></recipeml>
