<?xml version="1.0" encoding="UTF-8"?>

<recipeml version="0.5">
  <recipe>
    <head>
      <title>Appetizers Meatballs</title>
      <categories>
        <cat>Appetizers</cat>
        <cat>Snacks</cat></categories>
      <yield>48</yield></head>
    <ingredients>
      <ing-div>
        <title/>
        <ing>
          <amt>
            <qty>1</qty>
            <unit>pound</unit></amt>
          <item>Ground round</item></ing>
        <ing>
          <amt>
            <qty/>
            <unit/></amt>
          <item>Egg Beatersr 99% egg substitute; equal 1 egg</item></ing>
        <ing>
          <amt>
            <qty>1/2</qty>
            <unit>cups</unit></amt>
          <item>Soft bread crumbs</item></ing>
        <ing>
          <amt>
            <qty>1/4</qty>
            <unit>cups</unit></amt>
          <item>Skim milk</item></ing>
        <ing>
          <amt>
            <qty>1/3</qty>
            <unit>cups</unit></amt>
          <item>Onion; finely chopped</item></ing>
        <ing>
          <amt>
            <qty>1/2</qty>
            <unit>teaspoons</unit></amt>
          <item>Worcestershire sauce</item></ing></ing-div>
      <ing-div>
        <title>SAUCE</title>
        <ing>
          <amt>
            <qty>1/2</qty>
            <unit>cups</unit></amt>
          <item>Ketchup</item></ing>
        <ing>
          <amt>
            <qty>1/2</qty>
            <unit>cups</unit></amt>
          <item>Onion; chopped</item></ing>
        <ing>
          <amt>
            <qty>1/3</qty>
            <unit>cups</unit></amt>
          <item>Sugar</item></ing>
        <ing>
          <amt>
            <qty>1/3</qty>
            <unit>cups</unit></amt>
          <item>Vinegar</item></ing>
        <ing>
          <amt>
            <qty>1</qty>
            <unit>tablespoon</unit></amt>
          <item>Worcestershire sauce</item></ing>
        <ing>
          <amt>
            <qty>1/8</qty>
            <unit>teaspoons</unit></amt>
          <item>Pepper</item></ing></ing-div></ingredients>
    <directions>
      <step>  Seeing I haven't posted in quite a while, I thought that I would post
  lowfat from the Taste of Home Lowfat Country Cooking. Out of 455 recipes I
  only have 44 formatted. Plan on formatting the rest this week. Hope you all
  enjoy these.
  
  Combine the first six ingredients; mix well. Shape into 1-inch balls. In a
  skillet over medium heat, brown meatballs; drain. Place in a 2 1/2-quart
  baking dish. Combine sauce ingredients. Pour over meatballs. Bake,
  uncovered, at 350 F 50 - 60 minutes or until meatballs are done.
  
  Yields: 4 dozen
  
  Serving Size: 3 meatballs
  
  Calories: 85, Total Fat: 3gm, Calories from Fat: 26%, Saturated Fat: 1gm,
  Cholesterol: 24mg, Sodium: 199mg, Carbohydrate: 9gm, Protein: 8gm
  
  NOTES : These tasty meatballs are a perennial favorite at our Christmas
  parties.  But with such wonderful flavor, you'll get requests your-round.
  Recipe by: Pat Waymire, Yellow Springs, Ohio
  
  Posted to recipelu-digest Volume 01 Number 419 by "Dorothy Tapping"
  &lt;unicorn4@usit.net&gt; on Dec 30, 1997
 
</step></directions></recipe></recipeml>
