<?xml version="1.0" encoding="UTF-8"?>

<recipeml version="0.5">
  <recipe>
    <head>
      <title>Appetizer Puffs</title>
      <categories>
        <cat>Appetizers</cat>
        <cat>Canapes</cat></categories>
      <yield>36</yield></head>
    <ingredients>
      <ing>
        <amt>
          <qty>1 1/2</qty>
          <unit>cups</unit></amt>
        <item>Flour</item></ing>
      <ing>
        <amt>
          <qty>1</qty>
          <unit>teaspoon</unit></amt>
        <item>Salt</item></ing>
      <ing>
        <amt>
          <qty>1</qty>
          <unit>cup</unit></amt>
        <item>Margarine</item></ing>
      <ing>
        <amt>
          <qty>1/2</qty>
          <unit>cups</unit></amt>
        <item>Sour cream</item></ing>
      <ing>
        <amt>
          <qty>2</qty>
          <unit>tablespoons</unit></amt>
        <item>Grated Parmesan cheese</item></ing>
      <ing>
        <amt>
          <qty>2</qty>
          <unit>tablespoons</unit></amt>
        <item>Chopped green onions</item></ing>
      <ing>
        <amt>
          <qty>2</qty>
          <unit>tablespoons</unit></amt>
        <item>Chopped mushrooms</item></ing>
      <ing>
        <amt>
          <qty>2</qty>
          <unit>tablespoons</unit></amt>
        <item>Chopped ripe olives</item></ing></ingredients>
    <directions>
      <step>  Mix flour and salt; cut margarine in until mixture begins to form a ball.
  Blend in sour cream. Divide dough into 4 parts. Wrap each part and chill
  several hours.
  
  Heat oven to 350 degrees. On floured board, roll each section into a 12 x
  6-inch rectangle. Sprinkle one-half each rectangle with either cheese,
  onion, mushrooms or olives. Fold dough over to make a 6-inch square. Cut
  the 6-inch square into 2-inch squares, pressing edges. Continue until all
  dough is prepared. Bake on ungreased cookie sheet at 350 degrees for 20 to
  25 minutes. May be prepared in advance and refrigerated, then baked for 30
  minutes. Makes 36 appetizers.
  
  Recipe by: Southern Sideboards - Jr. League of Jackson,  MS
  
  Posted to JEWISH-FOOD digest by Nancy Berry &lt;nlberry@prodigy.net&gt; on Apr
  24, 1998
 
</step></directions></recipe></recipeml>
