<?xml version="1.0" encoding="UTF-8"?>

<recipeml version="0.5">
  <recipe>
    <head>
      <title>Barbecued Muffin Meatballs</title>
      <categories>
        <cat>Beef</cat></categories>
      <yield>12</yield></head>
    <ingredients>
      <ing-div>
        <title>WALDINE VAN GEFFEN VGHC42A</title></ing-div>
      <ing-div>
        <title>SAUCE</title>
        <ing>
          <amt>
            <qty>6</qty>
            <unit>tablespoons</unit></amt>
          <item>Brown sugar</item></ing>
        <ing>
          <amt>
            <qty>1/2</qty>
            <unit>cups</unit></amt>
          <item>Catsup</item></ing>
        <ing>
          <amt>
            <qty>1/4</qty>
            <unit>teaspoons</unit></amt>
          <item>Nutmeg</item></ing>
        <ing>
          <amt>
            <qty>2</qty>
            <unit>teaspoons</unit></amt>
          <item>Dry mustard</item></ing></ing-div>
      <ing-div>
        <title>MEATBALLS</title>
        <ing>
          <amt>
            <qty>1</qty>
            <unit>pound</unit></amt>
          <item>Ground beef</item></ing>
        <ing>
          <amt>
            <qty>1</qty>
            <unit>pound</unit></amt>
          <item>Ground pork</item></ing>
        <ing>
          <amt>
            <qty>2</qty>
            <unit/></amt>
          <item>Eggs</item></ing>
        <ing>
          <amt>
            <qty>1 1/2</qty>
            <unit>cups</unit></amt>
          <item>Seasoned dry bread crumbs</item></ing>
        <ing>
          <amt>
            <qty>1</qty>
            <unit>teaspoon</unit></amt>
          <item>Salt</item></ing>
        <ing>
          <amt>
            <qty>1/2</qty>
            <unit>teaspoons</unit></amt>
          <item>Black pepper</item></ing>
        <ing>
          <amt>
            <qty>2</qty>
            <unit>tablespoons</unit></amt>
          <item>Onion, chopped fine</item></ing></ing-div></ingredients>
    <directions>
      <step>  Combine sauce ingredients in a small bowl; set aside. Combine the meats,
  eggs, crumbs, salt, pepper, onion and half of sauce; mix gently until all
  ingredients are blended. Shape mixture into 12 balls and place in 3" deep
  muffin pans. Make a small indentation in each ball and fill with remaining
  sauce. Bake at 400~ for 30 minutes.
  
  Source: Taste of Home
  Posted to MC-Recipe Digest V1 #346
  
  From: Sherry Zeiss &lt;zeiss@tab.com&gt;
  
  Date: Mon, 16 Dec 1996 21:37:46 -0600
 
</step></directions></recipe></recipeml>
