<?xml version="1.0" encoding="UTF-8"?>

<recipeml version="0.5">
  <recipe>
    <head>
      <title>Barbecued Ribs</title>
      <categories>
        <cat>None</cat></categories>
      <yield>4</yield></head>
    <ingredients>
      <ing>
        <amt>
          <qty>3</qty>
          <unit>pounds</unit></amt>
        <item>Porkloin back ribs; (3 to 4)</item></ing>
      <ing>
        <amt>
          <qty>1</qty>
          <unit>cup</unit></amt>
        <item>Soy sauce</item></ing>
      <ing>
        <amt>
          <qty>1/2</qty>
          <unit>cups</unit></amt>
        <item>Sherry or pineapple juice</item></ing>
      <ing>
        <amt>
          <qty>2</qty>
          <unit>tablespoons</unit></amt>
        <item>Honey</item></ing>
      <ing>
        <amt>
          <qty>1</qty>
          <unit/></amt>
        <item>Clove garlic; crushed</item></ing>
      <ing>
        <amt>
          <qty>1/2</qty>
          <unit>cups</unit></amt>
        <item>Honey</item></ing></ingredients>
    <directions>
      <step>  Place meat in glass dish. Mix soy sauce, juice, 2 tablespoons honey and
  garlic. Pour over meat. Cover dish with plastic wrap. Refrigerate 8 hours.
  Remove meat from marinade. Keep marinade. Lace ribs on spit rod. Secure
  with fork. Place foil drip pan under spit area. Cook ribs on rotisserie 1
  1/2 to 2 hours or until done, basting frequently with re- served marinade.
  Brush ribs with 1/2 cup honey last 30 minutes of cooking. Makes 4 servings.
  
  Recipe by: diane@keyway.net
  
  Posted to recipelu-digest Volume 01 Number 243 by "Diane Geary"
  &lt;diane@keyway.net&gt; on Nov 11, 1997
 
</step></directions></recipe></recipeml>
