<?xml version="1.0" encoding="UTF-8"?>

<recipeml version="0.5">
  <recipe>
    <head>
      <title>Barbecued Smoked Sausage and Lima Beans</title>
      <categories>
        <cat/>
        <cat>country l</cat>
        <cat>Poultry</cat>
        <cat>Duck</cat></categories>
      <yield>4</yield></head>
    <ingredients>
      <ing>
        <amt>
          <qty>2</qty>
          <unit>teaspoons</unit></amt>
        <item>Olive oil</item></ing>
      <ing>
        <amt>
          <qty>4</qty>
          <unit/></amt>
        <item>5-inch smoked turkey-and-duck sausages</item></ing>
      <ing>
        <amt>
          <qty>1</qty>
          <unit>medium</unit></amt>
        <item>Onion; chopped</item></ing>
      <ing>
        <amt>
          <qty>2</qty>
          <unit>packages</unit></amt>
        <item>(10 ounce) frozen Fordhook lima beans</item></ing>
      <ing>
        <amt>
          <qty>1</qty>
          <unit>can</unit></amt>
        <item>(14 1/2 ounce) stewed tomatoes</item></ing>
      <ing>
        <amt>
          <qty>1/4</qty>
          <unit>cups</unit></amt>
        <item>Firmly packed brown sugar</item></ing>
      <ing>
        <amt>
          <qty>1/4</qty>
          <unit>cups</unit></amt>
        <item>Cider vinegar</item></ing>
      <ing>
        <amt>
          <qty>1</qty>
          <unit>teaspoon</unit></amt>
        <item>Dry mustard</item></ing>
      <ing>
        <amt>
          <qty>1</qty>
          <unit>teaspoon</unit></amt>
        <item>Chili powder</item></ing>
      <ing>
        <amt>
          <qty>1/2</qty>
          <unit>teaspoons</unit></amt>
        <item>Ground ginger</item></ing>
      <ing>
        <amt>
          <qty>1/4</qty>
          <unit>teaspoons</unit></amt>
        <item>Salt</item></ing></ingredients>
    <directions>
      <step>  In heavy 9-inch skillet, heat oil over medium heat. With fork, pierce
  sausages all over serveral times. Add sausages and onion; cook, turning
  sausages and stirring onion occasionally, until lightly browned--about 4
  minutes.
  
  Add limas, tomatoes, brown sugar, vinegar, mustard, chili powder, ginger,
  and salt; cover and heat to boiling. Reduce heat to low and cook, stirring
  occasionally, until limas are tender--10 to 12 minutes.
  
  To serve, with tongs, lift sausages and arrange on top of beans; serve from
  skillet.
  
  NOTES : A spicy-sweet sauce stands up to the smoky flavor the
  turkey-and-duck sausages used to make this old-fashioned supper.
  
  Recipe by: Country Living (February 1998)
  
  Posted to recipelu-digest by "Nesb2@aol.com" &lt;Nesb2@aol.com&gt; on Mar 23,
  1998
 
</step></directions></recipe></recipeml>
