<?xml version="1.0" encoding="UTF-8"?>

<recipeml version="0.5">
  <recipe>
    <head>
      <title>Barbecued Pork Roast</title>
      <categories>
        <cat>Meat</cat></categories>
      <yield>6</yield></head>
    <ingredients>
      <ing>
        <amt>
          <qty>3</qty>
          <unit>pounds</unit></amt>
        <item>Pork; center cut loin</item></ing>
      <ing>
        <amt>
          <qty>1</qty>
          <unit>tablespoon</unit></amt>
        <item>Sage</item></ing>
      <ing>
        <amt>
          <qty>1</qty>
          <unit>teaspoon</unit></amt>
        <item>Allspice</item></ing>
      <ing>
        <amt>
          <qty>1</qty>
          <unit>teaspoon</unit></amt>
        <item>Coriander</item></ing>
      <ing>
        <amt>
          <qty>1</qty>
          <unit>teaspoon</unit></amt>
        <item>Nutmeg</item></ing>
      <ing>
        <amt>
          <qty>8</qty>
          <unit/></amt>
        <item>Peppercorns</item></ing>
      <ing>
        <amt>
          <qty>1</qty>
          <unit>tablespoon</unit></amt>
        <item>Season salt</item></ing>
      <ing>
        <amt>
          <qty>1</qty>
          <unit>cup</unit></amt>
        <item>Applesauce</item></ing>
      <ing>
        <amt>
          <qty>1/2</qty>
          <unit>cups</unit></amt>
        <item>Brown sugar</item></ing></ingredients>
    <directions>
      <step>  Date: Sat, 11 May 1996 22:13:28 +0000
  
  From: "Wendy Lockman" &lt;wlockman@ra1.randomc.com&gt;
  Combine sage, allspice, coriander, nutmeg, peppercorns and season salt in
  food processor. Pulse until spices are combined.
  
  Pat dry pork roast and press spices on fat cap of roast.  Roast in dome bbq
  grill until 160F. internal temperature with indirect roasting. This can be
  done with a pan directly under the roast and coals placed on either side of
  pan.  Roasting time should be about 90 minutes.
  
  During the last 30 minutes of roasting, combine applesauce and brown sugar
  and coat top of roast. Continue roasting until internal temperature is
  170F. Apply applesauce mixture until all is used.
  
  Remove roast from grill and let set for 15 minutes before carving.
  
  MM-RECIPES@IDISCOVER.NET
  
  MEAL-MASTER RECIPES LISTSERVER
  
  MM-RECIPES DIGEST V3 #132
  
  From the MealMaster recipe list.  Downloaded from Glen's MM Recipe Archive,
  http://www.erols.com/hosey.
 
</step></directions></recipe></recipeml>
