<?xml version="1.0" encoding="UTF-8"?>

<recipeml version="0.5">
  <recipe>
    <head>
      <title>Barbecued Pig's Feet</title>
      <categories>
        <cat>Meat</cat></categories>
      <yield>8</yield></head>
    <ingredients>
      <ing>
        <amt>
          <qty>8</qty>
          <unit/></amt>
        <item>Fresh pig's feet; split in half lengthwise</item></ing>
      <ing>
        <amt>
          <qty>2</qty>
          <unit>quarts</unit></amt>
        <item>Water</item></ing>
      <ing>
        <amt>
          <qty>2</qty>
          <unit>cups</unit></amt>
        <item>White vinegar</item></ing>
      <ing>
        <amt>
          <qty>2</qty>
          <unit>large</unit></amt>
        <item>Onions; coarsely chopped</item></ing>
      <ing>
        <amt>
          <qty>2</qty>
          <unit/></amt>
        <item>Green bell pepper; cored, seeded; coarsely chopped</item></ing>
      <ing>
        <amt>
          <qty>1/4</qty>
          <unit>cups</unit></amt>
        <item>Crushed red pepper; flaked</item></ing>
      <ing>
        <amt>
          <qty>3</qty>
          <unit>tablespoons</unit></amt>
        <item>Salt</item></ing>
      <ing>
        <amt>
          <qty>1</qty>
          <unit>tablespoon</unit></amt>
        <item>Freshly ground black pepper</item></ing>
      <ing>
        <amt>
          <qty>3</qty>
          <unit>cups</unit></amt>
        <item>Barbecue sauce; Sylvia's own recipe</item></ing></ingredients>
    <directions>
      <step>  From: Wayne Pridgen &lt;pridgen@pond.com&gt;
  
  Date: Thu, 16 May 1996 20:41:44 -465800
  
  Recipe by: Sylvia Woods of the World Famous Sylvia's Restaurant (NYC)
  
  1.  Wash the pigs' feet well.  Place them in a large pot and pour in the
  water.  Add the vinegar, onions, green peppers, red pepper, salt, and black
  pepper.  Heat to boiling over medium heat.  Reduce the heat to simmering
  and cook, covered, until just about tender, about 2 1/2 hours. Skim the
  surface and stir the pigs' feet occasionally during cooking.
  
  2.  Preheat the oven to 350 degree F.  Remove the pigs' feet from the broth
  with a slotted spoon.  (Reserve the broth for cooking greens or
  vegetables.) Arrange them side by side in 2 baking pans large enoughto hold
  them in a single layer. Spoon the barbecue sauce over them and bake 15
  minutes. Reduce the heat to 300 degree F. and continue cooking until
  tender, about 35 minutes.
  
  MC-RECIPE@MASTERCOOK.COM
  
  MASTERCOOK RECIPES LIST SERVER
  
  MC-RECIPE DIGEST V1 #88
  
  From the MasterCook recipe list.  Downloaded from Glen's MM Recipe Archive,
  http://www.erols.com/hosey.
 
</step></directions></recipe></recipeml>
