<?xml version="1.0" encoding="UTF-8"?>

<recipeml version="0.5">
  <recipe>
    <head>
      <title>Barbecued Jerky</title>
      <categories>
        <cat>Bbq</cat>
        <cat>Dehydrating</cat>
        <cat>Preserving</cat>
        <cat>Meats</cat></categories>
      <yield>1</yield></head>
    <ingredients>
      <ing>
        <amt>
          <qty>1 1/2</qty>
          <unit>pounds</unit></amt>
        <item>Flank or lean top round</item></ing>
      <ing>
        <amt>
          <qty/>
          <unit/></amt>
        <item>Steak; trimmed or all fat and connective tissue</item></ing>
      <ing>
        <amt>
          <qty>1/2</qty>
          <unit>cups</unit></amt>
        <item>Catsup</item></ing>
      <ing>
        <amt>
          <qty>1/3</qty>
          <unit>cups</unit></amt>
        <item>Red wine vinegar</item></ing>
      <ing>
        <amt>
          <qty>1/4</qty>
          <unit>cups</unit></amt>
        <item>Brown sugar; firmly packed</item></ing>
      <ing>
        <amt>
          <qty>1 1/2</qty>
          <unit>teaspoons</unit></amt>
        <item>Dry mustard</item></ing>
      <ing>
        <amt>
          <qty>1 1/2</qty>
          <unit>teaspoons</unit></amt>
        <item>Onion powder</item></ing>
      <ing>
        <amt>
          <qty>1</qty>
          <unit>teaspoon</unit></amt>
        <item>Salt</item></ing>
      <ing>
        <amt>
          <qty>1/2</qty>
          <unit>teaspoons</unit></amt>
        <item>Garlic powder</item></ing>
      <ing>
        <amt>
          <qty>1/4</qty>
          <unit>teaspoons</unit></amt>
        <item>Ground red pepper (cayenne)</item></ing>
      <ing>
        <amt>
          <qty/>
          <unit/></amt>
        <item>Vegetable cooking spray</item></ing></ingredients>
    <directions>
      <step>  Freeze meat until firm but not hard; then cut into 1/8- to 1/4-inch-thick
  slices.
  
  In a medium-size glass, stoneware, plastic, or stainless steel bowl,
  combine catsup, vinegar, sugar, mustard, onion powder, salt, garlic powder,
  and red pepper. Stir to dissolve seasonings. Add meat and mix until all
  surfaces are thoroughly coated.  Cover tightly and refrigerate for at least
  6 hours or until next day, stirring occasionally; recover tightly after
  stirring. Then proceed as directed in "Drying the jerky" for Basic Jerky.
  
  Storage time:  Up to 3 weeks at room temperature; up to 4 months in
  refrigerator; up to 8 months in freezer.
  
  Per ounce:  119 calories, 12 g protein; 8 g carbohydrates; 4 g total fat;
       28 mg cholesterol, 345 mg sodium
  
  Source:  Sunset Home Canning
  Posted to MM-Recipes Digest  by "Deborah Kühnen"
  &lt;DEBKUHNEN@classic.msn.com&gt; on Feb 13, 98
 
</step></directions></recipe></recipeml>
