<?xml version="1.0" encoding="UTF-8"?>

<recipeml version="0.5">
  <recipe>
    <head>
      <title>Barbecued Pork #3</title>
      <categories>
        <cat>Appetizer</cat></categories>
      <yield>4</yield></head>
    <ingredients>
      <ing>
        <amt>
          <qty>1/4</qty>
          <unit>cups</unit></amt>
        <item>Soy sauce</item></ing>
      <ing>
        <amt>
          <qty>2</qty>
          <unit>tablespoons</unit></amt>
        <item>Dry red wine</item></ing>
      <ing>
        <amt>
          <qty>1</qty>
          <unit>tablespoon</unit></amt>
        <item>Brown sugar</item></ing>
      <ing>
        <amt>
          <qty>1</qty>
          <unit>tablespoon</unit></amt>
        <item>Honey</item></ing>
      <ing>
        <amt>
          <qty>2</qty>
          <unit>teaspoons</unit></amt>
        <item>Red food coloring; optional</item></ing>
      <ing>
        <amt>
          <qty>1/2</qty>
          <unit>teaspoons</unit></amt>
        <item>Ground cinnamon</item></ing>
      <ing>
        <amt>
          <qty>1</qty>
          <unit/></amt>
        <item>Green onion; cut in half</item></ing>
      <ing>
        <amt>
          <qty>1</qty>
          <unit/></amt>
        <item>Clove garlic; crushed</item></ing>
      <ing>
        <amt>
          <qty>2</qty>
          <unit/></amt>
        <item>Whole pork tenderloins (about 12 oz each); trimmed</item></ing></ingredients>
    <directions>
      <step>  Date: Sun, 28 Apr 96 10:27:27 PDT
  
  From: eboyd@shentel.net
  
  PAM COOMBES   (RNCM95A)
  
  Combine soy sauce; wine,sugar,honey, food coloring, cinnamon, onion and
  garlic in large bowl. Add pork, turning tenderloins to coat completely.
  Cover and refrigerate 1 hour or overnight, turning meat occasionally. Drain
  pork, reserving marinade. Place tenderloins on wire rack over baking pan.
  Bake in preheated 350F oven, turning and basting often with reserved
  marinade, until cooked through, about 45 minutes. Remove pork from oven;
  cool. Cut into diagonal slices. Makes about 8 appetizer size servings This
  is very nice served with green onion curls.
  
  Pam in Va Formatted by Elaine Radis
  
  MM-RECIPES@IDISCOVER.NET
  
  MEAL-MASTER RECIPES LISTSERVER
  
  MM-RECIPES DIGEST V3 #119
  
  From the MealMaster recipe list.  Downloaded from Glen's MM Recipe Archive,
  http://www.erols.com/hosey.
 
</step></directions></recipe></recipeml>
