<?xml version="1.0" encoding="UTF-8"?>

<recipeml version="0.5">
  <recipe>
    <head>
      <title>Barbecued Pork Loin with Grilled Onions</title>
      <categories>
        <cat>None</cat></categories>
      <yield>6</yield></head>
    <ingredients>
      <ing>
        <amt>
          <qty>1</qty>
          <unit>tablespoon</unit></amt>
        <item>Chili powder</item></ing>
      <ing>
        <amt>
          <qty>1/4</qty>
          <unit>teaspoons</unit></amt>
        <item>Ground cumin</item></ing>
      <ing>
        <amt>
          <qty>1/4</qty>
          <unit>teaspoons</unit></amt>
        <item>Salt</item></ing>
      <ing>
        <amt>
          <qty>1/4</qty>
          <unit>teaspoons</unit></amt>
        <item>Dry oregano; crushed</item></ing>
      <ing>
        <amt>
          <qty>1</qty>
          <unit/></amt>
        <item>Clove garlic; minced</item></ing>
      <ing>
        <amt>
          <qty>1 1/2</qty>
          <unit>pounds</unit></amt>
        <item>Lean pork tenderloins</item></ing>
      <ing>
        <amt>
          <qty>1</qty>
          <unit>large</unit></amt>
        <item>Sweet onion</item></ing>
      <ing>
        <amt>
          <qty/>
          <unit/></amt>
        <item>Olive oil cooking spray</item></ing></ingredients>
    <directions>
      <step>  I found a low-fat Web site that has some interesting recipes on it. Check
  out Mardi Wetmore's Web site at: http://www.wctravel.com/lowfat
  
  Go to the Barbecue/Grill section. She has many great recipes for low- fat
  smoking and grilling as well as other food types.
  
  Combine chili powder, cumin, salt, oregano and garlic in small mixing bowl.
  sprinkle spice mixture over meat, pressing into surface. Arrange coals for
  indirect cooking. Place meat on grill, cover and grill for 30 to 45 minutes
  until thermometer registers 160 degrees. Spray onion slices with olive oil
  cooking spray and place on the grill rack over coals last 10 to 15 minutes
  of grilling time. Slice pork and serve pork and grilled onions with Corn
  and Black Bean Salsa.
  
  Nutrition Facts Amount Per Serving: Calories 152 - Calories from Fat 39
  Percent Total Calories From: Fat 26%, Protein 65%, Carbohydrate 10% Totals
  and Percent Daily Values (2000 calories): Fat 4g, Saturated Fat 1g,
  Cholesterol 67mg, Sodium 156mg, Total Carbohydrate 4g, Dietary Fiber 0g,
  Sugars 0g, Protein 25g, Vitamin A 360 units, Vitamin C 3 units, Calcium 0
  units, Iron 2 units
  
  Posted to bbq-digest V5 #745 by wight@odc.net on Dec 6, 1997
 
</step></directions></recipe></recipeml>
