<?xml version="1.0" encoding="UTF-8"?>

<recipeml version="0.5">
  <recipe>
    <head>
      <title>Barbecued Lamb Chops</title>
      <categories>
        <cat>Meats</cat>
        <cat>Lamb</cat></categories>
      <yield>6</yield></head>
    <ingredients>
      <ing-div>
        <title>BARB DAY</title>
        <ing>
          <amt>
            <qty>6</qty>
            <unit/></amt>
          <item>Loin lamb chops; 1" thick</item></ing>
        <ing>
          <amt>
            <qty>1/4</qty>
            <unit>teaspoons</unit></amt>
          <item>Bouquet Garni for Lamb</item></ing>
        <ing>
          <amt>
            <qty>1/4</qty>
            <unit>cups</unit></amt>
          <item>Butter; melted</item></ing>
        <ing>
          <amt>
            <qty>1/2</qty>
            <unit>cups</unit></amt>
          <item>Dry white wine</item></ing>
        <ing>
          <amt>
            <qty/>
            <unit/></amt>
          <item>Salt</item></ing>
        <ing>
          <amt>
            <qty/>
            <unit/></amt>
          <item>Pepper; fresh ground</item></ing></ing-div></ingredients>
    <directions>
      <step>   Arrange lamb chops in large glass baking pan, Combine melted butter and
  wine; crush Bouquet Garni and add to butter and wine. Pour over lamb chops
  and marinate at room temperature for several hours.
   Drain chops and barbecue for about 30 minutes, turning several times and
  basting frequently with remaining marinade. Season to taste with salt and
  Pepper.
  
    Source: Spice Islands Cookbook 1967
  
  From Gemini's MASSIVE MealMaster collection at www.synapse.com/~gemini
 
</step></directions></recipe></recipeml>
