<?xml version="1.0" encoding="UTF-8"?>

<recipeml version="0.5">
  <recipe>
    <head>
      <title>Barbecued Meat Patties</title>
      <categories>
        <cat>Hamburgers</cat>
        <cat>Beef</cat></categories>
      <yield>4</yield></head>
    <ingredients>
      <ing-div>
        <title/>
        <ing>
          <amt>
            <qty>1 1/4</qty>
            <unit>pounds</unit></amt>
          <item>Ground meat</item></ing>
        <ing>
          <amt>
            <qty>1</qty>
            <unit/></amt>
          <item>Egg</item></ing>
        <ing>
          <amt>
            <qty>2</qty>
            <unit>tablespoons</unit></amt>
          <item>Finely chopped onion</item></ing>
        <ing>
          <amt>
            <qty>1</qty>
            <unit>tablespoon</unit></amt>
          <item>Soy sauce</item></ing>
        <ing>
          <amt>
            <qty>1</qty>
            <unit>tablespoon</unit></amt>
          <item>Tomato ketchup</item></ing>
        <ing>
          <amt>
            <qty>2</qty>
            <unit>tablespoons</unit></amt>
          <item>Half-half</item></ing>
        <ing>
          <amt>
            <qty>1</qty>
            <unit>tablespoon</unit></amt>
          <item>Cornstarch</item></ing></ing-div>
      <ing-div>
        <title>BASTING SAUCE</title>
        <ing>
          <amt>
            <qty>1/2</qty>
            <unit>cups</unit></amt>
          <item>Ketchup,</item></ing>
        <ing>
          <amt>
            <qty>1/4</qty>
            <unit>cups</unit></amt>
          <item>Water and</item></ing>
        <ing>
          <amt>
            <qty>1</qty>
            <unit>tablespoon</unit></amt>
          <item>Lemon juice.</item></ing>
        <ing>
          <amt>
            <qty>1</qty>
            <unit>tablespoon</unit></amt>
          <item>Brown sugar,</item></ing>
        <ing>
          <amt>
            <qty>1</qty>
            <unit>tablespoon</unit></amt>
          <item>Worcestshire sauce</item></ing>
        <ing>
          <amt>
            <qty>1</qty>
            <unit>dash</unit></amt>
          <item>Hot pepper sauce.</item></ing></ing-div></ingredients>
    <directions>
      <step>  Stir to blend well. Add dash salt and black pepper. In a large mixing bowl,
  combine ground meat, egg and onion. Add soy sauce, and ketchup. Mix half
  and half and cornstarch. Add to meat mixture, mixing to blend well. Form
  portions of meat to even, rather thick meat patties. Place patties on
  preheated barbecue grill. Broil 3 to 4 inches from source of heat, basting
  with sauce and turning patties over from time to time for even browning.
  Grill 12-15 minutes total or to your liking- time depends on how well you
  like your meat done. Serve meat patties on hamburger buns, if you like, or
  with French Fries.
  
  Great American Recipes 12-11
  
  From Gemini's MASSIVE MealMaster collection at www.synapse.com/~gemini
 
</step></directions></recipe></recipeml>
