<?xml version="1.0" encoding="UTF-8"?>

<recipeml version="0.5">
  <recipe>
    <head>
      <title>Barbecued Pork Bun (Cha Siu Bow)</title>
      <categories>
        <cat>Chinese</cat>
        <cat>Pork</cat></categories>
      <yield>16</yield></head>
    <ingredients>
      <ing-div>
        <title/>
        <ing>
          <amt>
            <qty>1/3</qty>
            <unit>cups</unit></amt>
          <item>Warm water</item></ing>
        <ing>
          <amt>
            <qty>1/2</qty>
            <unit>teaspoons</unit></amt>
          <item>Sugar</item></ing>
        <ing>
          <amt>
            <qty>1</qty>
            <unit>package</unit></amt>
          <item>Dry yeast</item></ing>
        <ing>
          <amt>
            <qty>2 1/2</qty>
            <unit>cups</unit></amt>
          <item>Flour</item></ing>
        <ing>
          <amt>
            <qty>2 1/2</qty>
            <unit>cups</unit></amt>
          <item>Cake flour</item></ing>
        <ing>
          <amt>
            <qty>4</qty>
            <unit>tablespoons</unit></amt>
          <item>Sugar</item></ing>
        <ing>
          <amt>
            <qty>1/2</qty>
            <unit>teaspoons</unit></amt>
          <item>Salt</item></ing>
        <ing>
          <amt>
            <qty>2</qty>
            <unit>tablespoons</unit></amt>
          <item>Shortening</item></ing>
        <ing>
          <amt>
            <qty>1 1/4</qty>
            <unit>cups</unit></amt>
          <item>Low fat milk</item></ing>
        <ing>
          <amt>
            <qty>16</qty>
            <unit/></amt>
          <item>Pieces white paper 2 inches square</item></ing></ing-div>
      <ing-div>
        <title>FILLING</title>
        <ing>
          <amt>
            <qty>6</qty>
            <unit>ounces</unit></amt>
          <item>Chinese BBQ pork, diced</item></ing>
        <ing>
          <amt>
            <qty>1</qty>
            <unit>tablespoon</unit></amt>
          <item>Oil</item></ing>
        <ing>
          <amt>
            <qty>2</qty>
            <unit>teaspoons</unit></amt>
          <item>Water</item></ing>
        <ing>
          <amt>
            <qty>1/2</qty>
            <unit>teaspoons</unit></amt>
          <item>Salt</item></ing>
        <ing>
          <amt>
            <qty>1/2</qty>
            <unit>teaspoons</unit></amt>
          <item>Sugar</item></ing>
        <ing>
          <amt>
            <qty>1/2</qty>
            <unit>teaspoons</unit></amt>
          <item>Thin soy sauce</item></ing>
        <ing>
          <amt>
            <qty>1</qty>
            <unit>teaspoon</unit></amt>
          <item>Oyster sauce</item></ing>
        <ing>
          <amt>
            <qty>1</qty>
            <unit>teaspoon</unit></amt>
          <item>Hoisin sauce</item></ing>
        <ing>
          <amt>
            <qty>2</qty>
            <unit>teaspoons</unit></amt>
          <item>Cornstarch</item></ing>
        <ing>
          <amt>
            <qty>4</qty>
            <unit>teaspoons</unit></amt>
          <item>Cold water (For thickening)</item></ing></ing-div></ingredients>
    <directions>
      <step>  Mix together the warm water, 1/2 tsp. sugar and yeast in an 8 oz. measuring
  cup.  Let stand until it rises to the 8 oz. level (about 20 minutes).
  
  Sift flour, cake flour, sugar and salt into a large mixing bowl.
  
  Add shortening, yeast mixture and mil,.
  
  Knead mixture 5 minutes to form a dough.  Cover with a damp cloth and set
  dough in a warm place.  Allow the dough to rise for 3 hours.
  
  Heat wok, add oil and stir-fry pork for 2 minutes.
  
  Add 2 tablespoons water, salt, sugar, soy sauce, oyster sauce and hoisin
  sauce.  Bring it to a boil.
  
  Prepare thickening by mixing the cornstarch and 4 tablespoons cold water.
  Stir into the mixture and cook for 1 minute. Let cool before using.
  
  After 3 hours, when the dough has risen, shape into rolls about 2 inches in
  diameter.  Cut each roll into 1-1/2 inch pieces.
  
  Shape each piece into a shallow bowl shape.
  
  Put 1 tablespoon filling in the center, close ans twist dough to form a
  bun.  Put the bun on a 2 inch square of white paper. (This prevents the bun
  from becoming soggy while steaming.) Place 8 buns in a pie pan and allow
  them to set and rest for 15 minutes in a warm place.
  
  Steam for 25 minutes.
  
  SOURCE: Chopstick, Cleaver and Wok.
  
  From Gemini's MASSIVE MealMaster collection at www.synapse.com/~gemini
 
</step></directions></recipe></recipeml>
