<?xml version="1.0" encoding="UTF-8"?>

<recipeml version="0.5">
  <recipe>
    <head>
      <title>Barbecued Pork Loin (Prep</title>
      <categories>
        <cat/></categories>
      <yield>100</yield></head>
    <ingredients>
      <ing>
        <amt>
          <qty>32</qty>
          <unit>pounds</unit></amt>
        <item>PORK ROAST LOIN FZ</item></ing>
      <ing>
        <amt>
          <qty>1</qty>
          <unit>tablespoon</unit></amt>
        <item>PEPPER BLACK 1 LB CN</item></ing>
      <ing>
        <amt>
          <qty>6</qty>
          <unit>tablespoons</unit></amt>
        <item>SALT TABLE 5LB </item></ing>
      <ing>
        <amt>
          <qty>PAN:</qty>
          <unit>18</unit></amt>
        <item>BY 24-INCH ROASTING PAN          TEMPERATURE:  350 F. OVEN</item></ing></ingredients>
    <directions>
      <step>  1.  RUB EACH ROAST WITH MIXTURE OF SALT AND PEPPER.
  
  2.  PLACE IN PANS. DO NOT ADD WATER. DO NOT COVER.
  
  3.  BAKE 1 1/2 TO 2 HOURS, DEPENDING ON SIZE OF ROASTS. DRAIN OR SKIM
  OF EXCESS FAT. SET ROASTS ASIDE FOR USE IN STEP 6.
  
  4.  POUR 2 CUPS PREPARED BARBECUE SAUCE OVER EACH ROAST; COVER PANS.
  RESERVE
  REMAINING SAUCE FOR BASTING.
  
  5.  BAKE 1 HOUR; UNCOVER ROASTS; BASTE; CONTINUE TO COOK APPROXIMATELY
  30 MINUTES OR UNTIL MEAT THERMOMETER INSERTED IN MEAT REGISTERS 170 F.
  
  6.  LET ROASTS STAND 20 MINUTES. REMOVE STRINGS AND NETTING BEFORE
  SLICING. DRAIN SAUCE; REMOVE EXCESS FAT.
  
  7.  SLICE PORK; SERVE WITH REMAINING SAUCE.
  
  NOTE:  1.  IN STEP 1, 58 LB PORK LOIN, BLADES, MAY BE USED.
  
  2.  OTHER TYPES AND SIZES OF PANS MAY BE USED.  SEE RECIPE NO. A-25.
  
  Recipe Number: L09701
  
  SERVING SIZE: 2 SLICES P
  
  From the &lt;Army Master Recipe Index File&gt; (actually used today!).
  Downloaded from Glen's MM Recipe Archive, http://www.erols.com/hosey.
 
</step></directions></recipe></recipeml>
