<?xml version="1.0" encoding="UTF-8"?>

<recipeml version="0.5">
  <recipe>
    <head>
      <title>Barbecued Pork Loin</title>
      <categories>
        <cat/></categories>
      <yield>100</yield></head>
    <ingredients>
      <ing>
        <amt>
          <qty>3</qty>
          <unit>quarts</unit></amt>
        <item>WATER</item></ing>
      <ing>
        <amt>
          <qty>38</qty>
          <unit>pounds</unit></amt>
        <item>PORK ROAST LOIN FZ</item></ing>
      <ing>
        <amt>
          <qty>1/2</qty>
          <unit>cups</unit></amt>
        <item>TOMATO PASTE #2 1/2</item></ing>
      <ing>
        <amt>
          <qty>1 1/2</qty>
          <unit>pounds</unit></amt>
        <item>LEMON FRESH</item></ing>
      <ing>
        <amt>
          <qty>1/2</qty>
          <unit>cups</unit></amt>
        <item>STARCH EDIBLE CORN</item></ing>
      <ing>
        <amt>
          <qty>4 1/2</qty>
          <unit>cups</unit></amt>
        <item>SUGAR; GRANULATED 10 LB</item></ing>
      <ing>
        <amt>
          <qty>3/4</qty>
          <unit>cups</unit></amt>
        <item>SUGAR; BROWN, 2 LB</item></ing>
      <ing>
        <amt>
          <qty>2</qty>
          <unit>tablespoons</unit></amt>
        <item>SHORTENING; 3LB</item></ing>
      <ing>
        <amt>
          <qty>1</qty>
          <unit>cup</unit></amt>
        <item>STEAK SAUCE</item></ing>
      <ing>
        <amt>
          <qty>1</qty>
          <unit>tablespoon</unit></amt>
        <item>PEPPER BLACK 1 LB CN</item></ing>
      <ing>
        <amt>
          <qty>1/4</qty>
          <unit>cups</unit></amt>
        <item>MUSTARD FLOUR</item></ing>
      <ing>
        <amt>
          <qty>1</qty>
          <unit>tablespoon</unit></amt>
        <item>HOT SAUCE</item></ing>
      <ing>
        <amt>
          <qty>2</qty>
          <unit>quarts</unit></amt>
        <item>VINEGAR CIDER</item></ing>
      <ing>
        <amt>
          <qty>5</qty>
          <unit>teaspoons</unit></amt>
        <item>SALT TABLE 5LB</item></ing>
      <ing>
        <amt>
          <qty>6</qty>
          <unit>tablespoons</unit></amt>
        <item>SALT TABLE 5LB</item></ing>
      <ing>
        <amt>
          <qty>PAN:</qty>
          <unit>18</unit></amt>
        <item>BY 24-INCH ROASTING PAN               TEMPERATURE:  350 F. OVEN</item></ing></ingredients>
    <directions>
      <step>  1.  RUB EACH ROAST WITH MIXTURE OF SALT AND PEPPER.
  
  2.  PLACE IN PANS.  DO NOT ADD WATER.  DO NOT COVER.
  
  3.  BAKE 1 1/2 TO 2 HOURS, DEPENDING ON SIZE OF ROASTS.  DRAIN OR SKIM OFF
  EXCESS FAT.  SET ASIDE FOR USE IN STEP 6.
  
  4.  COMBINE SUGAR, BROWN SUGAR, MUSTARD FLOUR, SALT, HOT SAUCE, STEAK
  SAUCE,
  TOMATO PASTE, VINEGAR, LEMON JUICE, WATER, AND SALAD OIL OR SHORTENING;
  BRING
  TO A BOIL. REDUCE HEAT; SIMMER 1 1/2 HOURS OR UNTIL SAUCE IS BLENDED.
  
  5.  DISSOLVE CORNSTARCH IN WATER; ADD TO SAUCE, STIR, BRING TO A BOIL,
  REMOVE
  FROM HEAT.
  
  6.  POUR 2 CUPS SAUCE OVER EACH ROAST;  COVER PANS. RESERVE REMAINING SAUCE
  FOR BASTING.
  
  7.  BAKE 1 HOUR, UNCOVER ROAST; BASTE; CONTINUE TO COOK APPROXIMATELY 30
  MINUTES OR UNTIL MEAT THERMOMETER INSERTED IN MEAT REGISTERS 170 F.
  
  8.  LET ROASTS STAND 20 MINUTES.  REMOVE STRING OR NETTING BEFORE SLICING.
  DRAIN SAUCE;  REMOVE EXCESS FAT.
  
  9.  SLICE PORK; SERVE WITH REMAINING SAUCE.
  
  NOTE:  1.  IN STEP 1, 58 LB PORK LOIN, BLADELESS, MAY BE USED.
  
  NOTE:  2.  IN STEP 4, 1 LB 8 OZ FRESH LEMONS A.P. (6 LEMONS) WILL YIELD
        1    CUP JUICE.
  
  NOTE:  3.  IN STEPS 4 AND 5, BARBECUE SAUCE MIX MAY BE USED FOR ALL
  INGREDIENTS. PREPARE 2 GAL SAUCE ACCORDING TO INSTRUCTIONS ON CONTAINER.
  
  NOTE:  4.  OTHER SIZES AND TYPES OF PANS MAY BE USED.  SEE RECIPE NO. A-25.
  
  Recipe Number: L09700
  
  SERVING SIZE: 2 SLICES P
  
  From the &lt;Army Master Recipe Index File&gt; (actually used today!).
  Downloaded from Glen's MM Recipe Archive, http://www.erols.com/hosey.
 
</step></directions></recipe></recipeml>
