<?xml version="1.0" encoding="UTF-8"?>

<recipeml version="0.5">
  <recipe>
    <head>
      <title>Barbecued Ribs (Four Great Southern Cooks)</title>
      <categories>
        <cat>Barbecue &amp;</cat>
        <cat>Outdoor gri</cat>
        <cat>Pork</cat></categories>
      <yield>4</yield></head>
    <ingredients>
      <ing>
        <amt>
          <qty>5</qty>
          <unit>pounds</unit></amt>
        <item>Pork spare ribs</item></ing>
      <ing>
        <amt>
          <qty/>
          <unit/></amt>
        <item>Salted water</item></ing>
      <ing>
        <amt>
          <qty>1/2</qty>
          <unit>cups</unit></amt>
        <item>Butter</item></ing>
      <ing>
        <amt>
          <qty>1</qty>
          <unit>medium</unit></amt>
        <item>Onion;, finely chopped</item></ing>
      <ing>
        <amt>
          <qty>1</qty>
          <unit>cup</unit></amt>
        <item>Water</item></ing>
      <ing>
        <amt>
          <qty>1/2</qty>
          <unit>cups</unit></amt>
        <item>Vinegar</item></ing>
      <ing>
        <amt>
          <qty>1</qty>
          <unit>cup</unit></amt>
        <item>Tomato catsup</item></ing>
      <ing>
        <amt>
          <qty>1</qty>
          <unit>cup</unit></amt>
        <item>Commercial barbecue sauce (hickory smoked type)</item></ing>
      <ing>
        <amt>
          <qty>1</qty>
          <unit/></amt>
        <item>Lemon; (juice from)</item></ing>
      <ing>
        <amt>
          <qty/>
          <unit/></amt>
        <item>Salt to taste</item></ing>
      <ing>
        <amt>
          <qty/>
          <unit/></amt>
        <item>Fresh ground pepper; to taste</item></ing>
      <ing>
        <amt>
          <qty/>
          <unit/></amt>
        <item>Tabasco sauce; to taste</item></ing></ingredients>
    <directions>
      <step>  Slice the ribs apart and place in a large cast iron skillet. Cover with
  salted water and bring to a boil. Reduce heat, cover and simmer over low
  heat for one hour, or until the meat is fork tender but not falling from
  the bones. While the ribs are cooking, prepare the sauce. Melt the butter
  in a saucepan and saute the finely chopped onion. Stir in the water,
  vinegar, catsup, bottled sauce, lemon juice, and seasonings. Bring to a
  boil, stirring, and remove from heat. Place the ribs in a shallow pan and
  cover with the sauce, coating the ribs evenly. Place in the refrigerator
  for at least two hours. Barbecue the ribs on an outdoor grill over
  moderately hot coals, basting with the sauce and turning often until well
  browned. Typed by Carolyn Cloe Don't *WE* feel superior!!!! Bill
  
  Recipe by: William Mann, Jr. Posted to MC-Recipe Digest V1 #694 by Kathy
  Meade &lt;kmeade@idsonline.com&gt; on Jul 27, 1997
 
</step></directions></recipe></recipeml>
