<?xml version="1.0" encoding="UTF-8"?>

<recipeml version="0.5">
  <recipe>
    <head>
      <title>Barbecued Ribs Oriental</title>
      <categories>
        <cat>Casseroles</cat>
        <cat>Meats</cat></categories>
      <yield>6</yield></head>
    <ingredients>
      <ing>
        <amt>
          <qty>5</qty>
          <unit>pounds</unit></amt>
        <item>Pork spare ribs</item></ing>
      <ing>
        <amt>
          <qty>1 1/2</qty>
          <unit>teaspoons</unit></amt>
        <item>Salt</item></ing>
      <ing>
        <amt>
          <qty>1</qty>
          <unit/></amt>
        <item>Beef bouillon cube</item></ing>
      <ing>
        <amt>
          <qty>3/4</qty>
          <unit>cups</unit></amt>
        <item>Water,boiling</item></ing>
      <ing>
        <amt>
          <qty>1</qty>
          <unit>teaspoon</unit></amt>
        <item>Oil</item></ing>
      <ing>
        <amt>
          <qty>1</qty>
          <unit>can</unit></amt>
        <item>Pineapple,crushed,undrained</item></ing>
      <ing>
        <amt>
          <qty>1/4</qty>
          <unit>cups</unit></amt>
        <item>Brown sugar,dark,firm packed</item></ing>
      <ing>
        <amt>
          <qty>1</qty>
          <unit>teaspoon</unit></amt>
        <item>Onion powder</item></ing>
      <ing>
        <amt>
          <qty>1/4</qty>
          <unit>teaspoons</unit></amt>
        <item>Garlic powder</item></ing>
      <ing>
        <amt>
          <qty>2</qty>
          <unit>tablespoons</unit></amt>
        <item>Worcestershire sauce</item></ing>
      <ing>
        <amt>
          <qty>2</qty>
          <unit>tablespoons</unit></amt>
        <item>Cornstarch</item></ing>
      <ing>
        <amt>
          <qty>1/4</qty>
          <unit>cups</unit></amt>
        <item>Water,cold</item></ing></ingredients>
    <directions>
      <step>  1. Cut ribs to form individual portions; sprinkle with 1 teaspoon salt.
  
  2. Place ribs on a rack in a shallow baking pan; bake in preheated 375'F.
  oven until almost tender, 1 1/2 to 2 hours. Drain off fat.
  
  3. Meanwhile, dissolve bouillon cube in boiling water in a medium-size
  saucepan.
  
  4. Add oil, pineapple, brown sugar, onion powder, garlic powder,
  Worcestershire sauce and remaining salt; bring to a boil.
  
  5. Reduce heat and simmer, uncovered, 5 minutes.
  
  6. Combine cornstarch with cold water in a small bowl; stir into sauce
  mixture. Cook and stir until thickened.
  
  7. Spoon sauce over drained, baked ribs.
  
  8. Increase oven temperature to 425'F.; bake until nicely glazed, about 30
  minutes.
  
  From Gemini's MASSIVE MealMaster collection at www.synapse.com/~gemini
 
</step></directions></recipe></recipeml>
