<?xml version="1.0" encoding="UTF-8"?>

<recipeml version="0.5">
  <recipe>
    <head>
      <title>Barbecued Scallops with Saffron Couscous</title>
      <categories>
        <cat>Seafood</cat></categories>
      <yield>4</yield></head>
    <ingredients>
      <ing>
        <amt>
          <qty>1/4</qty>
          <unit>cups</unit></amt>
        <item>Ketchup</item></ing>
      <ing>
        <amt>
          <qty>1/4</qty>
          <unit>cups</unit></amt>
        <item>Plum sauce</item></ing>
      <ing>
        <amt>
          <qty>2</qty>
          <unit>tablespoons</unit></amt>
        <item>Fresh lime juice</item></ing>
      <ing>
        <amt>
          <qty>1</qty>
          <unit>tablespoon</unit></amt>
        <item>Prepared horseradish</item></ing>
      <ing>
        <amt>
          <qty>1/8</qty>
          <unit>teaspoons</unit></amt>
        <item>Pepper</item></ing>
      <ing>
        <amt>
          <qty>16</qty>
          <unit>large</unit></amt>
        <item>Sea scallops; about 1-1/2 pounds</item></ing>
      <ing>
        <amt>
          <qty>1 1/4</qty>
          <unit>cups</unit></amt>
        <item>Water</item></ing>
      <ing>
        <amt>
          <qty>1</qty>
          <unit>cup</unit></amt>
        <item>Chopped tomato</item></ing>
      <ing>
        <amt>
          <qty>1/3</qty>
          <unit>cups</unit></amt>
        <item>Diced carrot</item></ing>
      <ing>
        <amt>
          <qty>1/3</qty>
          <unit>cups</unit></amt>
        <item>Chopped onion</item></ing>
      <ing>
        <amt>
          <qty>1/4</qty>
          <unit>cups</unit></amt>
        <item>Chopped celery</item></ing>
      <ing>
        <amt>
          <qty>1/4</qty>
          <unit>teaspoons</unit></amt>
        <item>Salt</item></ing>
      <ing>
        <amt>
          <qty>1/4</qty>
          <unit>teaspoons</unit></amt>
        <item>Saffron threads; crushed</item></ing>
      <ing>
        <amt>
          <qty>1/8</qty>
          <unit>teaspoons</unit></amt>
        <item>Pepper</item></ing>
      <ing>
        <amt>
          <qty>1</qty>
          <unit>cup</unit></amt>
        <item>Uncooked couscous</item></ing>
      <ing>
        <amt>
          <qty>2</qty>
          <unit>teaspoons</unit></amt>
        <item>Extra-virgin olive oil</item></ing></ingredients>
    <directions>
      <step>  Chef Roelant garnished this dish with fresh fruit and parsley. Combine
  first 5 ingredients in a bowl; stir well. Arrange scallops in a single
  layer in a 1-1/2-quart casserole; spoon about 6 tablespoons ketchup mixture
  over scallops. Cover and chill 30 minutes. Combine water and next 7
  ingredients (water through pepper) in a medium saucepan, and bring to a
  boil; gradually stir in couscous. Remove from heat; cover and let stand 5
  minutes. Add oil, and fluff with a fork. Uncover scallops, and broil 6
  minutes on each side or until done. Spoon couscous mixture onto individual
  plates; top with scallops, and drizzle with remaining ketchup mixture.
  Garnish with fresh fruit slices and parsley, if desired. Yield: 4 servings
  (serving size: 1 cup couscous, 4 scallops, and 1 tablespoon sauce).
  NUTRITIONAL INFORMATION: CALORIES 380 (10% from fat); PROTEIN 35g; FAT 4.2g
  (sat 0.5g, mono 1.8g, poly 0.8g); CARB 50.3g; FIBER 3.2g; CHOL 56mg; IRON
  1.9mg; SODIUM 935mg; CALC 67mg Reformatted by Olivia Liebermann.
  
  Recipe by: Cooking Light YEAR: 1996 ISSUE: Jan/Feb
  
  Posted to MC-Recipe Digest V1 #929 by Nancy Berry &lt;nlberry@prodigy.net&gt; on
  Nov 28, 1997
 
</step></directions></recipe></recipeml>
