<?xml version="1.0" encoding="UTF-8"?>

<recipeml version="0.5">
  <recipe>
    <head>
      <title>Barbecued Lamb Shanks</title>
      <categories>
        <cat>None</cat></categories>
      <yield>2</yield></head>
    <ingredients>
      <ing-div>
        <title/>
        <ing>
          <amt>
            <qty>2</qty>
            <unit>large</unit></amt>
          <item>Lamb shanks</item></ing></ing-div>
      <ing-div>
        <title>TANGY SAUCE</title>
        <ing>
          <amt>
            <qty>1/2</qty>
            <unit>medium</unit></amt>
          <item>Onion; sliced</item></ing>
        <ing>
          <amt>
            <qty>1/4</qty>
            <unit>cups</unit></amt>
          <item>Ketchup</item></ing>
        <ing>
          <amt>
            <qty>1/4</qty>
            <unit>cups</unit></amt>
          <item>Water</item></ing>
        <ing>
          <amt>
            <qty>1/2</qty>
            <unit>tablespoons</unit></amt>
          <item>Brown sugar</item></ing>
        <ing>
          <amt>
            <qty>1/2</qty>
            <unit>tablespoons</unit></amt>
          <item>Vinegar</item></ing>
        <ing>
          <amt>
            <qty>1/2</qty>
            <unit>tablespoons</unit></amt>
          <item>Worcestershire sauce</item></ing>
        <ing>
          <amt>
            <qty>1/2</qty>
            <unit>teaspoons</unit></amt>
          <item>Salt</item></ing>
        <ing>
          <amt>
            <qty>1/8</qty>
            <unit>teaspoons</unit></amt>
          <item>Dry mustard</item></ing></ing-div></ingredients>
    <directions>
      <step>  Mix all ingredients for the TANGY SAUCE together. Brown the lamb shanks in
  a small amount of fat. Turn down the heat and pour the sauce over the lamb
  shanks. Cover and simmer for 1 1/2 to 2 hours. Serve with sauce from the
  pan.
  
  Goes well with rice. Posted to KitMailbox Digest by sadrod
  &lt;pax@pacbell.net&gt; on Aug 20, 1997
 
</step></directions></recipe></recipeml>
