<?xml version="1.0" encoding="UTF-8"?>

<recipeml version="0.5">
  <recipe>
    <head>
      <title>Barbecued Pork Ribs with Currant Glaze</title>
      <categories>
        <cat>Pork</cat>
        <cat>Meats</cat>
        <cat>Bar-b-q</cat></categories>
      <yield>4</yield></head>
    <ingredients>
      <ing-div>
        <title/>
        <ing>
          <amt>
            <qty>1</qty>
            <unit>teaspoon</unit></amt>
          <item>Ground ginger</item></ing>
        <ing>
          <amt>
            <qty>1</qty>
            <unit>teaspoon</unit></amt>
          <item>Ground coriander</item></ing>
        <ing>
          <amt>
            <qty>1/2</qty>
            <unit>teaspoons</unit></amt>
          <item>Paprika</item></ing>
        <ing>
          <amt>
            <qty>1/4</qty>
            <unit>teaspoons</unit></amt>
          <item>Black pepper</item></ing>
        <ing>
          <amt>
            <qty>1</qty>
            <unit>teaspoon</unit></amt>
          <item>Salt; optional</item></ing>
        <ing>
          <amt>
            <qty>3</qty>
            <unit>pounds</unit></amt>
          <item>Pork loin back ribs or</item></ing>
        <ing>
          <amt>
            <qty/>
            <unit/></amt>
          <item>Spareribs</item></ing></ing-div>
      <ing-div>
        <title>GLAZE</title>
        <ing>
          <amt>
            <qty>1/2</qty>
            <unit>cups</unit></amt>
          <item>Red currant jelly</item></ing>
        <ing>
          <amt>
            <qty>3</qty>
            <unit>tablespoons</unit></amt>
          <item>Orange juice</item></ing>
        <ing>
          <amt>
            <qty>1</qty>
            <unit>tablespoon</unit></amt>
          <item>Lemon juice</item></ing>
        <ing>
          <amt>
            <qty>1 1/2</qty>
            <unit>tablespoons</unit></amt>
          <item>Dijon style mustard</item></ing>
        <ing>
          <amt>
            <qty/>
            <unit/></amt>
          <item>Fresh orange slices; for garnish</item></ing></ing-div></ingredients>
    <directions>
      <step>  Combine first five ingredients and rub onto meaty side of ribs. Cover and
  refrigerate for 2 hours.  Take out of refrigerator and bring to room
  temperature for 20 minutes before grilling.
  
  An hour or so before serving, start cooking ribs 10-12" from coals (or
  under broiler), turning from time to time. Pork will take 60-70 minutes to
  cook depending on thickness. Meanwhile, heat to combine red currant jelly,
  orange, and lemon juice with mustard. Brush ribs frequently with glaze
  during last 15 minutes of cooking. Garnish with orange slices. Serve this
  with a nice Cabernet Sauvignon or a Gamay Beaujolais. Source: My little
  file box.
  
  Shared and MM by Judi M. Phelps. jphelps@shell.portal.com or
  jphelps@best.com
  
  Posted to MM-Recipes Digest V4 #138 by John Weber &lt;hdbrer@ibm.net&gt; on May
  18, 1997
 
</step></directions></recipe></recipeml>
