<?xml version="1.0" encoding="UTF-8"?>

<recipeml version="0.5">
  <recipe>
    <head>
      <title>Barbecued Pork Sandwich</title>
      <categories>
        <cat/></categories>
      <yield>100</yield></head>
    <ingredients>
      <ing>
        <amt>
          <qty>2</qty>
          <unit>quarts</unit></amt>
        <item>WATER</item></ing>
      <ing>
        <amt>
          <qty>30 3/4</qty>
          <unit>pounds</unit></amt>
        <item>PORK BUTTS FZ</item></ing>
      <ing>
        <amt>
          <qty>6 1/2</qty>
          <unit>pounds</unit></amt>
        <item>ONIONS DRY</item></ing>
      <ing>
        <amt>
          <qty>100</qty>
          <unit/></amt>
        <item>BUN HAMBGR 13OZ #102</item></ing>
      <ing>
        <amt>
          <qty>2</qty>
          <unit>ounces</unit></amt>
        <item>SUGAR; BROWN, 2 LB</item></ing>
      <ing>
        <amt>
          <qty>12</qty>
          <unit>pounds</unit></amt>
        <item>CATSUP TOMATO#10</item></ing>
      <ing>
        <amt>
          <qty>2</qty>
          <unit>cups</unit></amt>
        <item>MUSTARD PREP. 1 LB JAR</item></ing>
      <ing>
        <amt>
          <qty>2</qty>
          <unit>cups</unit></amt>
        <item>VINEGAR CIDER</item></ing></ingredients>
    <directions>
      <step>  1.  USE 30 LB 13 OZ (17-29 OZ CN) CANNED PORK WITH NATURAL JUICES. DRAIN.
  
  2.  COMBINE ONIONS, CATSUP, MUSTARD, BROWN SUGAR, VINEGAR, AND WATER; ADD
  TO
  PORK; STIR TO MIX WELL.
  
  3.  COVER; SIMMER 25 MINUTES; STIR OCCASIONALLY TO PREVENT BURNING.
  
  4.  PLACE 2/3 CUP (1-NO. 6 SCOOP) HOT MIXTURE ON BOTTOM HALF BUN. TOP WITH
  SECOND HALF.
  
  5.  SERVE HOT IMMEDIATELY.
  
  NOTE:  1.  IN STEP 2, 7 LB 4 OZ DRY ONIONS A.P. WILL YIELD 6 LB 8 OZ
  CHOPPED
  ONIONS.
  
  NOTE:  2.  IN STEP 2, 13 OZ (4 1/3 CUPS) DEHYDRATED ONIONS MAY BE USED. SEE
  RECIPE NO. A-11000.
  
  NOTE:  3.  IN STEP 3, MIXTURE MAY BE COOKED IN 350 F. OVEN UNTIL THOROUGHLY
  HEATED.
  
  NOTE:  4.  IF DESIRED, BUNS MAY BE TOASTED IN STEP 4.
  
  Recipe Number: N02702
  
  SERVING SIZE: 2/3 CUP PL
  
  From the &lt;Army Master Recipe Index File&gt; (actually used today!).
  Downloaded from Glen's MM Recipe Archive, http://www.erols.com/hosey.
 
</step></directions></recipe></recipeml>
