<?xml version="1.0" encoding="UTF-8"?>

<recipeml version="0.5">
  <recipe>
    <head>
      <title>Barbecued Shrimp #2</title>
      <categories>
        <cat>Seafood</cat></categories>
      <yield>6</yield></head>
    <ingredients>
      <ing>
        <amt>
          <qty>1</qty>
          <unit>pound</unit></amt>
        <item>Butter or margarine (up to)</item></ing>
      <ing>
        <amt>
          <qty>2</qty>
          <unit>ounces</unit></amt>
        <item>Black pepper (or less)</item></ing>
      <ing>
        <amt>
          <qty/>
          <unit/></amt>
        <item>Salt</item></ing>
      <ing>
        <amt>
          <qty>3</qty>
          <unit/></amt>
        <item>Lemons; juice of</item></ing>
      <ing>
        <amt>
          <qty>1</qty>
          <unit>tablespoon</unit></amt>
        <item>Soy sauce</item></ing>
      <ing>
        <amt>
          <qty>1</qty>
          <unit>tablespoon</unit></amt>
        <item>Worcestershire sauce</item></ing>
      <ing>
        <amt>
          <qty>1</qty>
          <unit>dash</unit></amt>
        <item>Hot sauce (up to)</item></ing>
      <ing>
        <amt>
          <qty>4</qty>
          <unit>pounds</unit></amt>
        <item>Fresh jumbo shrimp in shell</item></ing></ingredients>
    <directions>
      <step>  Melt butter in large flat pan. Add pepper, salt, lemon juice, soy sauce,
  Worcestershire &amp; hot sauce. Mix well. Add shrimp with shells left on. Mix
  until shrimp are covered with sauce. Arrange shrimp in single layer in pan.
  Broil about 10-15 minutes. Turn shrimp &amp; broil until pink.
  
  MRS. JOHNNY FLAGG
  
  From &lt;Simply Southern&gt;, the Desoto School Mothers' Assn, Helena-West
  Helena, AR 72390.  Downloaded from Glen's MM Recipe Archive,
  http://www.erols.com/hosey.
 
</step></directions></recipe></recipeml>
