<?xml version="1.0" encoding="UTF-8"?>

<recipeml version="0.5">
  <recipe>
    <head>
      <title>Barbecued Ribs</title>
      <categories>
        <cat>Appetizers</cat>
        <cat>Crocker</cat></categories>
      <yield>25</yield></head>
    <ingredients>
      <ing>
        <amt>
          <qty>2</qty>
          <unit>pounds</unit></amt>
        <item>Rack pork back ribs, cut lengthwise across bones into halves</item></ing>
      <ing>
        <amt>
          <qty>1/2</qty>
          <unit>cups</unit></amt>
        <item>Catsup</item></ing>
      <ing>
        <amt>
          <qty>2</qty>
          <unit>tablespoons</unit></amt>
        <item>Packed brown sugar</item></ing>
      <ing>
        <amt>
          <qty>1</qty>
          <unit>tablespoon</unit></amt>
        <item>Lemon juice</item></ing>
      <ing>
        <amt>
          <qty>1</qty>
          <unit>teaspoon</unit></amt>
        <item>Salt</item></ing>
      <ing>
        <amt>
          <qty>1/2</qty>
          <unit>teaspoons</unit></amt>
        <item>Garlic powder</item></ing>
      <ing>
        <amt>
          <qty>1/4</qty>
          <unit>teaspoons</unit></amt>
        <item>Ground ginger</item></ing>
      <ing>
        <amt>
          <qty>3</qty>
          <unit>tablespoons</unit></amt>
        <item>Dry mustard</item></ing>
      <ing>
        <amt>
          <qty>3</qty>
          <unit>tablespoons</unit></amt>
        <item>Cold water</item></ing></ingredients>
    <directions>
      <step>  Trim excess fat and remove membranes from pork Mix catsup, brown sugar,
  lemon juice, salt, garlic powder and ginger; pour over pork, turning to
  coat both sides. Cover and refrigerate at least 2 hours.
  
  Remove pork; reserve marinade. Place pork on rack in aluminum foil-lined
  broiler pan. Bake uncovered in 400F oven, brushing occasionally with
  reserved marinade, 30 minutes. Turn pork; bake, brushing occasionally with
  marinade, until done, about 30 minutes longer.
  
  Cut between each rib to separate. Mix mustard and water until smooth; let
  stand 5 minutes. Serve with ribs. 25 appetizers; 70 calories per appetizer.
  
  Source: Betty Crockers Cookbook, 6th Edition
  
  From Gemini's MASSIVE MealMaster collection at www.synapse.com/~gemini
 
</step></directions></recipe></recipeml>
