<?xml version="1.0" encoding="UTF-8"?>

<recipeml version="0.5">
  <recipe>
    <head>
      <title>Barbecued Ribs</title>
      <categories>
        <cat>Cajun</cat>
        <cat>Main dish</cat>
        <cat>Meats</cat></categories>
      <yield>4</yield></head>
    <ingredients>
      <ing>
        <amt>
          <qty>4</qty>
          <unit>pounds</unit></amt>
        <item>Pork ribs, cut in pieces</item></ing>
      <ing>
        <amt>
          <qty>1</qty>
          <unit/></amt>
        <item>Large onion</item></ing>
      <ing>
        <amt>
          <qty>1/3</qty>
          <unit>cups</unit></amt>
        <item>Worcestershire sauce</item></ing>
      <ing>
        <amt>
          <qty>1</qty>
          <unit>teaspoon</unit></amt>
        <item>Salt</item></ing>
      <ing>
        <amt>
          <qty>2</qty>
          <unit>cups</unit></amt>
        <item>Water</item></ing>
      <ing>
        <amt>
          <qty>1</qty>
          <unit/></amt>
        <item>Lemon</item></ing>
      <ing>
        <amt>
          <qty>1</qty>
          <unit>cup</unit></amt>
        <item>Catsup</item></ing>
      <ing>
        <amt>
          <qty>1</qty>
          <unit>teaspoon</unit></amt>
        <item>Chili powder</item></ing>
      <ing>
        <amt>
          <qty>2</qty>
          <unit>x</unit></amt>
        <item>Dashes Tabasco sauce</item></ing></ingredients>
    <directions>
      <step>  Place ribs in shallow roasting pan, meaty side up.  On each
  piece, place a slice of unpeeled lemon, a thin slice of onion.
  Roast in very hot oven, 450 F degrees, 30 minutes.
  Combine remaining ingredients; bring to a boil and pour over
  ribs.  Continue baking in a moderate oven, 350 F degrees, about
  2 hours, basting ribs with the sauce every 15 minutes.
  From "Talk About Good" Contributed by Mrs. K Richard Escudier, Jr.
  
  File ftp://ftp.idiscover.co.uk/pub/food/mealmaster/recipes/meats.zip
 
</step></directions></recipe></recipeml>
