<?xml version="1.0" encoding="UTF-8"?>

<recipeml version="0.5">
  <recipe>
    <head>
      <title>Barbecued Pork and Peach Salad - Country Living</title>
      <categories>
        <cat>Salads</cat>
        <cat>Main dish</cat>
        <cat>Peach</cat>
        <cat>Pork</cat></categories>
      <yield>4</yield></head>
    <ingredients>
      <ing>
        <amt>
          <qty>2</qty>
          <unit>small</unit></amt>
        <item>(1 1/4 lb) pork tenderloins</item></ing>
      <ing>
        <amt>
          <qty>1/4</qty>
          <unit>teaspoons</unit></amt>
        <item>Salt</item></ing>
      <ing>
        <amt>
          <qty>1/4</qty>
          <unit>cups</unit></amt>
        <item>Ketchup</item></ing>
      <ing>
        <amt>
          <qty>2</qty>
          <unit>tablespoons</unit></amt>
        <item>Firmly packed light-brown sugar</item></ing>
      <ing>
        <amt>
          <qty>2</qty>
          <unit>teaspoons</unit></amt>
        <item>Cider vinegar</item></ing>
      <ing>
        <amt>
          <qty>1/2</qty>
          <unit>teaspoons</unit></amt>
        <item>Chili powder</item></ing>
      <ing>
        <amt>
          <qty/>
          <unit/></amt>
        <item>Peanut Butter Dressing; (recipe follows)</item></ing>
      <ing>
        <amt>
          <qty>2</qty>
          <unit>large</unit></amt>
        <item>Ripe peaches</item></ing>
      <ing>
        <amt>
          <qty>2</qty>
          <unit>teaspoons</unit></amt>
        <item>Lemon juice</item></ing>
      <ing>
        <amt>
          <qty>4</qty>
          <unit>cups</unit></amt>
        <item>Torn green-leaf and red-leaf lettuce</item></ing>
      <ing>
        <amt>
          <qty>1/4</qty>
          <unit>pounds</unit></amt>
        <item>Sugar-snap pea pods; tips and strings removed</item></ing>
      <ing>
        <amt>
          <qty>1/4</qty>
          <unit>cups</unit></amt>
        <item>Unsalted roasted peanuts</item></ing></ingredients>
    <directions>
      <step>  1. Heat oven to 325'F. Place pork on wire rack in shallow roasting pan.
  Sprinkle salt over pork and roast 35 minutes.
  
  2. Meanwhile, in small bowl, combine ketchup, brown sugar, vinegar, and
  chili powder. When pork has roasted 35 minutes, spread with ketchup mixture
  and roast 10 to 15 minutes longer or to an internal temperature of 170'F.
  Remove to wire rack; cool to room temperature.
  
  3. Prepare Peanut Butter Dressing; cover and set aside.
  
  4. Just before serving, in 2-quart sauce-pan, heat 2 inches water to
  boiling. Dip peaches into boiling water, then immediately plunge them into
  bowl of cold water. Peel and quarter peaches; discard pit. Slice each peach
  quarter into 3 wedges. In small bowl, toss peach wedges with lemon juice.
  Slice roasted pork diagonally.
  
  5. Arrange lettuce on large serving plat- ter or individual salad plates.
  Top with sliced pork, peaches, sugar-snap pea pods, and peanuts. Stir
  dressing; spoon some over salad. Serve with remaining dressing.
  
  Peanut Butter Dressing: In 1-C glass measuring cup, combine 1/3 C water, 1
  T lemon juice, 1 T low-sodium soy sauce, 2 t firmly packed light-brown
  sugar, and 1/4 t hot red-pepper sauce; stir until sugar dissolves. In small
  bowl, stir water mixture into 1/2 C creamy peanut butter, one half at a
  time, until dressing is smooth and creamy.
  
  Posted to recipelu-digest by GramWag@aol.com on Feb 6, 1998
 
</step></directions></recipe></recipeml>
