<?xml version="1.0" encoding="UTF-8"?>

<recipeml version="0.5">
  <recipe>
    <head>
      <title>Barbecued Lemon Chicken</title>
      <categories>
        <cat>Poultry</cat></categories>
      <yield>4</yield></head>
    <ingredients>
      <ing>
        <amt>
          <qty>4</qty>
          <unit/></amt>
        <item>Chicken breasts; boned and skinned</item></ing>
      <ing>
        <amt>
          <qty>2</qty>
          <unit/></amt>
        <item>Lemons; juice of</item></ing>
      <ing>
        <amt>
          <qty>1</qty>
          <unit>pinch</unit></amt>
        <item>Pepper</item></ing>
      <ing>
        <amt>
          <qty>4</qty>
          <unit/></amt>
        <item>Cloves garlic; brushed</item></ing>
      <ing>
        <amt>
          <qty>2</qty>
          <unit>tablespoons</unit></amt>
        <item>Fresh chopped dill weed</item></ing></ingredients>
    <directions>
      <step>  From: Pat Gold &lt;plgold@ix.netcom.com&gt;
  
  Date: Tue, 13 Aug 1996 19:11:23 -0700
  California Kosher, Recipe By: Judy Hailpern
  
  The chicken can also be baked, broiled or microwaved. Marinade can be used
  on firm-fleshed fish such as halibut or salmon.
  
  Arrange chicken in a medium baking dish. Combine remaining ingredients and
  pour over chicken. This recipe is best barbecued.
  
  Grill chicken for 5 to 10 minutes on each side, basting with lemon
  marinade.
  
  JEWISH-FOOD digest V96 #001
  
  From the Jewish Food recipe list.  Downloaded from Glen's MM Recipe
  Archive, http://www.erols.com/hosey.
 
</step></directions></recipe></recipeml>
