<?xml version="1.0" encoding="UTF-8"?>

<recipeml version="0.5">
  <recipe>
    <head>
      <title>Barbecued Short Ribs</title>
      <categories>
        <cat>Meats</cat>
        <cat>Bar-b-q</cat></categories>
      <yield>4</yield></head>
    <ingredients>
      <ing>
        <amt>
          <qty>3</qty>
          <unit>pounds</unit></amt>
        <item>Short ribs (or chicken)</item></ing>
      <ing>
        <amt>
          <qty>2</qty>
          <unit>cups</unit></amt>
        <item>Chicken broth</item></ing>
      <ing>
        <amt>
          <qty>2</qty>
          <unit>cups</unit></amt>
        <item>:Water, or enough to barely cover ribs</item></ing>
      <ing>
        <amt>
          <qty>1</qty>
          <unit>tablespoon</unit></amt>
        <item>Brown sugar</item></ing>
      <ing>
        <amt>
          <qty>1/4</qty>
          <unit>cups</unit></amt>
        <item>Cider vinegar</item></ing>
      <ing>
        <amt>
          <qty>1/4</qty>
          <unit>cups</unit></amt>
        <item>Catsup</item></ing>
      <ing>
        <amt>
          <qty>2</qty>
          <unit>tablespoons</unit></amt>
        <item>Tomato paste</item></ing>
      <ing>
        <amt>
          <qty>1</qty>
          <unit>tablespoon</unit></amt>
        <item>Dry mustard</item></ing>
      <ing>
        <amt>
          <qty>1</qty>
          <unit>teaspoon</unit></amt>
        <item>Worcestershire sauce</item></ing>
      <ing>
        <amt>
          <qty>1/4</qty>
          <unit>teaspoons</unit></amt>
        <item>Ground cloves</item></ing>
      <ing>
        <amt>
          <qty>1</qty>
          <unit>teaspoon</unit></amt>
        <item>Chili powder</item></ing>
      <ing>
        <amt>
          <qty>1/4</qty>
          <unit>teaspoons</unit></amt>
        <item>Cayenne pepper</item></ing></ingredients>
    <directions>
      <step>  THE DAY BEFORE GRILLING THE RIBS, put the sugar and vinegar in a pot large
  enough to hold the ribs and place over medium heat on top of the stove.
  Cook until the vinegar reduces and forms a syrup with the sugar, about 8
  minutes. Watch carefully, as the syrup will suddenly darken in color.
  Immediately add the broth, water, catsup, tomato paste, mustard,
  Worcestershire, cloves, chili powder and pepper and bring to a boil. Add
  the ribs and cook 20 minutes. (If using chicken, cook for 10 minutes.)
  Remove from heat, remove the ribs from the liquid and place covered in the
  refrigerator. Cook the liquid over medium heat until it becomes thick and
  syrupy. The next day, light a charcoal grill. Place the ribs on the grill
  so they are not directly over the coals and cover the grill so that smoke
  collects inside. If your grill does not have a cover, improvise one out of
  aluminium foil. Cook for 40 minutes, basting with barbecue sauce every 10
  minutes. When ribs are well heated, remove to a platter and serve. Offer
  any additional barbecue sauce on the side.
  
  From Gemini's MASSIVE MealMaster collection at www.synapse.com/~gemini
 
</step></directions></recipe></recipeml>
