<?xml version="1.0" encoding="UTF-8"?>

<recipeml version="0.5">
  <recipe>
    <head>
      <title>Barbecued Shrimp Salad</title>
      <categories>
        <cat>Salad</cat></categories>
      <yield>2</yield></head>
    <ingredients>
      <ing>
        <amt>
          <qty>1</qty>
          <unit>teaspoon</unit></amt>
        <item>Wasabi powder</item></ing>
      <ing>
        <amt>
          <qty>1</qty>
          <unit>tablespoon</unit></amt>
        <item>Warm water</item></ing>
      <ing>
        <amt>
          <qty>4</qty>
          <unit>tablespoons</unit></amt>
        <item>Mayonnaise</item></ing>
      <ing>
        <amt>
          <qty>2</qty>
          <unit>tablespoons</unit></amt>
        <item>Fresh lime juice</item></ing>
      <ing>
        <amt>
          <qty>2</qty>
          <unit/></amt>
        <item>Heads Belgian endive-3 oz ea</item></ing>
      <ing>
        <amt>
          <qty>1</qty>
          <unit>cup</unit></amt>
        <item>Watercress; large stems removed; washed &amp; dried</item></ing>
      <ing>
        <amt>
          <qty>6</qty>
          <unit>tablespoons</unit></amt>
        <item>Peanut oil</item></ing>
      <ing>
        <amt>
          <qty>1</qty>
          <unit>tablespoon</unit></amt>
        <item>Rice wine vinegar</item></ing>
      <ing>
        <amt>
          <qty/>
          <unit/></amt>
        <item>Salt &amp; fresh ground white pepper to taste</item></ing>
      <ing>
        <amt>
          <qty>8</qty>
          <unit>large</unit></amt>
        <item>Raw shrimp; shelled &amp; deveined</item></ing>
      <ing>
        <amt>
          <qty>1/4</qty>
          <unit>cups</unit></amt>
        <item>Chinese barbecue sauce</item></ing>
      <ing>
        <amt>
          <qty>1</qty>
          <unit>tablespoon</unit></amt>
        <item>Japanese preserved ginger (Sushooga); slivered</item></ing></ingredients>
    <directions>
      <step>  Dissolve wasabi in warm water. Stir well with spoon to create a smooth
  paste. Whisk paste into mayonnaise &amp; add 1 Tbs lime juice. Whish well and
  reserve in serving dish. With damp cloth, remove dirt from endive. Slice
  heads in half lengthwise. Cut off tough core at base. Slice halves
  crosswise into 1-inch pieces. Toss endive with watercress &amp; refrigerate
  until needed. Whisk together 4 Tbs peanut oil with 1 Tbs lime juice. Season
  to taste with salt and pepper. Set aside. Heat 2 Tbs peanut oil in saute
  pan. Season shrimp with salt &amp; pepper. Saute on one side 2 minutes, turn
  and add barbecue sauce. Simmer 2 minutes, making sure to coat shrimp well.
  Remove from heat. Toss ginger, endive &amp; watercress with dressing. Place on
  platter &amp; lay shrimp on top of greens and top with sauce from pan. Serve
  with wasabi mayonnaise as dip for shrimp.
  
  STARS &amp; STRIPES, 6 DEC 92
  
  FROM 'SALADS' BY LEONARD
  
  SCHWARTZ
  
  Downloaded from Glen's MM Recipe Archive, http://www.erols.com/hosey.
 
</step></directions></recipe></recipeml>
