<?xml version="1.0" encoding="UTF-8"?>

<recipeml version="0.5">
  <recipe>
    <head>
      <title>Barbecued Pork Chops</title>
      <categories>
        <cat/></categories>
      <yield>100</yield></head>
    <ingredients>
      <ing>
        <amt>
          <qty>35</qty>
          <unit>pounds</unit></amt>
        <item>PORK LOIN CHOP FZ </item></ing>
      <ing>
        <amt>
          <qty>PAN:</qty>
          <unit>18</unit></amt>
        <item>BY 26-INCH SHEET PAN               TEMPERATURE:  350 F. OVEN</item></ing></ingredients>
    <directions>
      <step>  1.  BROWN CHOPS 2 MINUTES ON EACH SIDE ON LIGHTLY GREASED GRIDDLE.
  
  2.  PLACE 50 CHOPS IN EACH PAN.
  
  3.  HEAT PREPARED BARBECUE SAUCE; POUR OVER CHOPS IN EACH PAN.
  
  4.  COVER PANS.  BAKE 1 1/2 HOURS OR UNTIL TENDER.  IF CONVECTION OVEN IS
  USED, USE 14 LB 1 OZ (6 1/4 QT) PREPARED BARBECUE SAUCE; POUR 3 QT SAUCE
  OVER CHOPS IN EACH PAN; COVER PANS; BAKE 1 HOUR 15 MINUTES ON HIGH FAN,
  CLOSED VENT.
  
  Recipe Number: L08301
  
  SERVING SIZE: 1 CHOP
  
  From the &lt;Army Master Recipe Index File&gt; (actually used today!).
  Downloaded from Glen's MM Recipe Archive, http://www.erols.com/hosey.
 
</step></directions></recipe></recipeml>
