<?xml version="1.0" encoding="UTF-8"?>

<recipeml version="0.5">
  <recipe>
    <head>
      <title>Barbecued Pork (Cha Siu)</title>
      <categories>
        <cat>Chinese</cat>
        <cat>Dim sum</cat></categories>
      <yield>1</yield></head>
    <ingredients>
      <ing>
        <amt>
          <qty/>
          <unit/></amt>
        <item>****  NO   E  ***** Karen Adler FNGP13B. Yield: Good for a crowd</item></ing>
      <ing>
        <amt>
          <qty>3</qty>
          <unit>pounds</unit></amt>
        <item>Boneless pork butt; -=OR=- Boneless pork butt</item></ing>
      <ing>
        <amt>
          <qty>2</qty>
          <unit>tablespoons</unit></amt>
        <item>Hoisin sauce</item></ing>
      <ing>
        <amt>
          <qty>4</qty>
          <unit>tablespoons</unit></amt>
        <item>Catsup</item></ing>
      <ing>
        <amt>
          <qty>4</qty>
          <unit>tablespoons</unit></amt>
        <item>Sugar</item></ing>
      <ing>
        <amt>
          <qty>1</qty>
          <unit>teaspoon</unit></amt>
        <item>Salt</item></ing>
      <ing>
        <amt>
          <qty>1</qty>
          <unit>tablespoon</unit></amt>
        <item>Dark soy sauce</item></ing>
      <ing>
        <amt>
          <qty>1/4</qty>
          <unit>teaspoons</unit></amt>
        <item>Salt peter*</item></ing></ingredients>
    <directions>
      <step>  *Probably optional. PREPARATION: Cut pork butt into 4      inch by 2 inch
  by 1 inch strips. Mix rest of ingredients and rub over pork pieces.
  Marinate at          least 4 hours or overnight. COOKING: Preheat oven at
  375 degrees. Line roasting pan with foil and place         pork on roasting
  rack. Roast a total of 45 minutes,        turning over once or twice.
  DO-AHEAD NOTES: Barbecued pork can be made anywhere from a few days to 2
  weeks       in advance. Just wrap and freeze. For cold appetizers, thaw,
  then slice just before serving. To reheat, thaw      first and reheat in a
  slow oven until just heated through (about 20 minutes). Delicious either
  way.          COMMENTS: Barbecued pork can be used in fried rice, egg
  rolls, filling for steamed pork buns, stir fry         with vegetables and
  as garnishes for many noodle dishes. Source: "Dim Sum" by Rhoda Fong Yee.
  Formatted     for MM by Karen Adler FNGP13B.
  Posted to MC-Recipe Digest V1 #174
  
  Date: 29 Jul 96 11:20:56 From: "steven.h.bergstein"
  &lt;steven.h.bergstein@ac.com&gt;
 
</step></directions></recipe></recipeml>
