<?xml version="1.0" encoding="UTF-8"?>

<recipeml version="0.5">
  <recipe>
    <head>
      <title>Barbecued Meatloaves</title>
      <categories>
        <cat>Good</cat>
        <cat>Morning</cat>
        <cat>America</cat></categories>
      <yield>6</yield></head>
    <ingredients>
      <ing>
        <amt>
          <qty>1 1/2</qty>
          <unit>pounds</unit></amt>
        <item>“meatloaf mix”; ground chuck, pork and veal</item></ing>
      <ing>
        <amt>
          <qty>1/2</qty>
          <unit>cups</unit></amt>
        <item>Finely chopped sweet onion; such as Vidalia</item></ing>
      <ing>
        <amt>
          <qty>1/2</qty>
          <unit>cups</unit></amt>
        <item>Firm fresh white bread crumbs</item></ing>
      <ing>
        <amt>
          <qty>1/4</qty>
          <unit>cups</unit></amt>
        <item>Chopped flat-leaf parsley</item></ing>
      <ing>
        <amt>
          <qty>1</qty>
          <unit>tablespoon</unit></amt>
        <item>Worcestershire sauce</item></ing>
      <ing>
        <amt>
          <qty>1</qty>
          <unit>tablespoon</unit></amt>
        <item>Milk</item></ing>
      <ing>
        <amt>
          <qty>1</qty>
          <unit>teaspoon</unit></amt>
        <item>Dry mustard</item></ing>
      <ing>
        <amt>
          <qty>3/4</qty>
          <unit>teaspoons</unit></amt>
        <item>Salt</item></ing>
      <ing>
        <amt>
          <qty>1/2</qty>
          <unit>teaspoons</unit></amt>
        <item>Freshly ground pepper</item></ing>
      <ing>
        <amt>
          <qty>1/4</qty>
          <unit>teaspoons</unit></amt>
        <item>Freshly grated nutmeg</item></ing>
      <ing>
        <amt>
          <qty>1</qty>
          <unit>pinch</unit></amt>
        <item>Ground cloves</item></ing>
      <ing>
        <amt>
          <qty>1</qty>
          <unit/></amt>
        <item>Egg</item></ing>
      <ing>
        <amt>
          <qty>1</qty>
          <unit>cup</unit></amt>
        <item>Bottled barbecue sauce</item></ing></ingredients>
    <directions>
      <step>  1. Prepare a medium-hot barbecue fire in a covered grill or preheat a gas
  grill.
  
  2. In a large mixing bowl, use your hands to gently but thoroughly combine
  the meat, onion, bread crumbs, parsley, Worcestershire sauce, milk,
  mustard, salt, pepper, nutmeg, cloves and egg. Form the mixture into 6 oval
  loaves, each about 3/4-inch thick.
  
  3. Grill the meatloaves, turning two or three times and brushing with the
  sauce halfway through the cooking, until the loaves are well browned and
  crisp on the outside and the meat is no longer pink in the center, about 15
  minutes.
  
  Leftovers For barbecued meatloaf sandwiches, cut the loaves into chunks,
  then simmer for about 10 minutes in barbecue sauce thinned with a little
  beer or ginger ale. Serve on soft hamburger buns or white bread.
  
  To order GMA recipes or to subscribe yearly please call: 1-800-543-4GMA
  Single recipes $3 / Yearly $14.95
  
  NOTES : My mother invented barbecued meatloaves, or at least I hope that
  she did since I've been touting her recipe as the world's greatest with
  much success for many years now. Here is the latest version of her
  original.
  
  Recipe by: “Everybody Loves Meatloaf” by Melanie Barnard
  
  Posted to MC-Recipe Digest by "abprice@wf.net" &lt;abprice@wf.net&gt; on Feb 26,
  1998
 
</step></directions></recipe></recipeml>
