<?xml version="1.0" encoding="UTF-8"?>

<recipeml version="0.5">
  <recipe>
    <head>
      <title>Barbecued Shrimp Brushed with Creole Butter</title>
      <categories>
        <cat>Main</cat>
        <cat>Dishes</cat></categories>
      <yield>4</yield></head>
    <ingredients>
      <ing>
        <amt>
          <qty>1 1/2</qty>
          <unit>pounds</unit></amt>
        <item>Large shrimp; shells on</item></ing>
      <ing>
        <amt>
          <qty>8</qty>
          <unit/></amt>
        <item>Cloves garlic</item></ing>
      <ing>
        <amt>
          <qty>4</qty>
          <unit/></amt>
        <item>Shallots</item></ing>
      <ing>
        <amt>
          <qty>1/4</qty>
          <unit>cups</unit></amt>
        <item>Fresh oregano leaves; chopped</item></ing>
      <ing>
        <amt>
          <qty>2</qty>
          <unit>tablespoons</unit></amt>
        <item>Fresh thyme leaves</item></ing>
      <ing>
        <amt>
          <qty>1/2</qty>
          <unit>pounds</unit></amt>
        <item>Unsalted butter; softened</item></ing>
      <ing>
        <amt>
          <qty>1</qty>
          <unit>tablespoon</unit></amt>
        <item>Worcestershire sauce</item></ing>
      <ing>
        <amt>
          <qty>1/2</qty>
          <unit>teaspoons</unit></amt>
        <item>Salt</item></ing>
      <ing>
        <amt>
          <qty>1/2</qty>
          <unit>teaspoons</unit></amt>
        <item>Freshly ground black pepper</item></ing>
      <ing>
        <amt>
          <qty>1/2</qty>
          <unit>teaspoons</unit></amt>
        <item>Freshly ground white pepper</item></ing>
      <ing>
        <amt>
          <qty>1</qty>
          <unit>teaspoon</unit></amt>
        <item>Cayenne pepper</item></ing>
      <ing>
        <amt>
          <qty>2</qty>
          <unit/></amt>
        <item>Lemon; cut in wedges</item></ing></ingredients>
    <directions>
      <step>  Using small, sharp scissors, snip along the top ridge of each shrimp shell.
  Using a small knife, cut into the top surface of the shrimp to reveal the
  vein, then rinse it away.
  
  In a food processor, mince the garlic, shallots, oregano and thyme. Add the
  butter, Worcestershire sauce, salt, and peppers and process until
  thoroughly blended. Fit the Creole Butter between the shell and shrimp and
  refrigerate. Set aside the lemon wedges. The recipe up to this point can be
  completed 8 hours in advance of cooking.
  
  Preheat a gas grill to medium (350#161#F). When the grill is preheated,
  brush it with oil, then place the shrimp on the grill. When the shells turn
  pink on the underside, turn the shrimp over. Cut into a shrimp to test for
  doneness. The shrimp are done when the shells turn pink and the shrimp meat
  has lost its raw inside color, about 6 minutes. (Alternatively, preheat the
  oven to 500#161#F. Then turn the oven setting to broil and broil the shrimp
  4 inches from the heat for about 6 minutes.)
  
  Serve the shrimp immediately on 4 heated dinner plates accompanied by lemon
  wedges and napkins.
 
</step></directions></recipe></recipeml>
