<?xml version="1.0" encoding="UTF-8"?>

<recipeml version="0.5">
  <recipe>
    <head>
      <title>Barbecued Shrimp and Chicken</title>
      <categories>
        <cat>Poultry</cat></categories>
      <yield>2</yield></head>
    <ingredients>
      <ing>
        <amt>
          <qty>1</qty>
          <unit>teaspoon</unit></amt>
        <item>Minced garlic</item></ing>
      <ing>
        <amt>
          <qty>1/2</qty>
          <unit>teaspoons</unit></amt>
        <item>Onion powder</item></ing>
      <ing>
        <amt>
          <qty>1/2</qty>
          <unit>teaspoons</unit></amt>
        <item>Ground cumin</item></ing>
      <ing>
        <amt>
          <qty>1/4</qty>
          <unit>cups</unit></amt>
        <item>Melted butter</item></ing>
      <ing>
        <amt>
          <qty>1/2</qty>
          <unit>pounds</unit></amt>
        <item>Medium shrimp</item></ing>
      <ing>
        <amt>
          <qty>1</qty>
          <unit>pound</unit></amt>
        <item>Boneless chicken breast</item></ing></ingredients>
    <directions>
      <step>  Date: Thu, 21 Mar 96 09:30:51 PST
  
  From: eboyd@shentel.net
  
  Peel shrimp and cut chicken into 1 inch cubes.  Combine Garlic, Onion
  powder, Cumin and melted Butter. Marinate shrimp and chicken while reparing
  grill. String shrimp and chicken onto separate skewers. Cook about 5 inches
  above hot coals, allowing 5 minutes for shrimp and 10 minutes for chicken.
  Turn once or twice while cooking and baste often with remaining marinade.
  
  MM-RECIPES@IDISCOVER.NET
  
  MEAL-MASTER RECIPES LIST SERVER
  
  MM-RECIPES DIGEST V3 #81
  
  From the MealMaster recipe list.  Downloaded from Glen's MM Recipe Archive,
  http://www.erols.com/hosey.
 
</step></directions></recipe></recipeml>
