<?xml version="1.0" encoding="UTF-8"?>

<recipeml version="0.5">
  <recipe>
    <head>
      <title>Barbecued Shrimp</title>
      <categories>
        <cat>Creole</cat>
        <cat>Seafood</cat></categories>
      <yield>1</yield></head>
    <ingredients>
      <ing>
        <amt>
          <qty>1</qty>
          <unit>pound</unit></amt>
        <item>Medium Size Fresh Raw Shrimp; (In The Shells)</item></ing>
      <ing>
        <amt>
          <qty>2</qty>
          <unit>teaspoons</unit></amt>
        <item>Cayenne Pepper</item></ing>
      <ing>
        <amt>
          <qty>2</qty>
          <unit>ounces</unit></amt>
        <item>Margarine</item></ing></ingredients>
    <directions>
      <step>  Preheat Oven 350 F. In A 11 X 7 X 2 Inch baking pan, spread shrimp to cover
  the bottom in 1 layer. Sprinkle evenly with cayenne pepper. Add more pepper
  for hotter shrimp. Dot shrimp with margarine. Bake in 350 F oven for 5
  minutes. Stir shrimp thoroughly to coat with margarine. Bake 5 more
  minutes, then stir again. Bake 5 more minutes and remove from oven. Serve
  hot, immediately. Do not overcook or else shrimp will becom mushy. Serve as
  is, peeling them at the table. Yields 1 pound.
  
  Serving Ideas : Appetizer, Main
  
  Recipe by: Chachie's New Orleans Cooking
  
  Posted to recipelu-digest by Nesb2@aol.com on Feb 15, 1998
 
</step></directions></recipe></recipeml>
