<?xml version="1.0" encoding="UTF-8"?>

<recipeml version="0.5">
  <recipe>
    <head>
      <title>Barbecued Pork #2</title>
      <categories>
        <cat>Meat</cat></categories>
      <yield>8</yield></head>
    <ingredients>
      <ing>
        <amt>
          <qty>1</qty>
          <unit>pound</unit></amt>
        <item>Pork tenderloin</item></ing>
      <ing>
        <amt>
          <qty>2</qty>
          <unit>tablespoons</unit></amt>
        <item>Honey</item></ing>
      <ing>
        <amt>
          <qty>3</qty>
          <unit>tablespoons</unit></amt>
        <item>Light soy sauce</item></ing>
      <ing>
        <amt>
          <qty>2</qty>
          <unit>tablespoons</unit></amt>
        <item>Hoisin sauce</item></ing>
      <ing>
        <amt>
          <qty>2</qty>
          <unit>tablespoons</unit></amt>
        <item>Catsup</item></ing>
      <ing>
        <amt>
          <qty>1</qty>
          <unit>teaspoon</unit></amt>
        <item>Dark soy sauce</item></ing>
      <ing>
        <amt>
          <qty>1</qty>
          <unit>tablespoon</unit></amt>
        <item>Sherry</item></ing>
      <ing>
        <amt>
          <qty>1</qty>
          <unit/></amt>
        <item>Clove garlic; mashed</item></ing>
      <ing>
        <amt>
          <qty>1</qty>
          <unit>tablespoon</unit></amt>
        <item>Sugar</item></ing></ingredients>
    <directions>
      <step>  Date: Sun, 28 Apr 96 10:27:27 PDT
  
  From: eboyd@shentel.net
  
  trim meat and cut into strips about 2" wide and 6" long. Combine remaining
  ingredients in bowl; pour over pork and marinate 2+ hours. Skewer pork with
  steel hangers and hang onto top rack of oven over shallow roasting pan
  containing a few inches of water. Preheat oven to 425 for 10 minutes. Roast
  pork 20 minutes. With baster, coat with drippings every 5 minutes. Reduce
  heat to 325 and roast 5 minutes more. Slice each strip diagonally against
  the grain into 1/4" pieces. Serve cold. Dip with Chinese hot mustard and
  sesame seeds. I LOVE THIS RECIPE! Mike FROM: MIKE CROUCH (NNBB09A)
  
  MM-RECIPES@IDISCOVER.NET
  
  MEAL-MASTER RECIPES LISTSERVER
  
  MM-RECIPES DIGEST V3 #119
  
  From the MealMaster recipe list.  Downloaded from Glen's MM Recipe Archive,
  http://www.erols.com/hosey.
 
</step></directions></recipe></recipeml>
