<?xml version="1.0" encoding="UTF-8"?>

<recipeml version="0.5">
  <recipe>
    <head>
      <title>Barbecued Oysters on Spinach and Red Onion Salad</title>
      <categories>
        <cat>Import</cat></categories>
      <yield>4</yield></head>
    <ingredients>
      <ing>
        <amt>
          <qty>20</qty>
          <unit>large</unit></amt>
        <item>Fresh oysters</item></ing>
      <ing>
        <amt>
          <qty/>
          <unit/></amt>
        <item>Mansion pepper mixture</item></ing>
      <ing>
        <amt>
          <qty>1</qty>
          <unit>tablespoon</unit></amt>
        <item>All-purpose flour</item></ing>
      <ing>
        <amt>
          <qty>1</qty>
          <unit>cup</unit></amt>
        <item>Peanut oil</item></ing>
      <ing>
        <amt>
          <qty/>
          <unit/></amt>
        <item>Spinach &amp; red onion salad</item></ing>
      <ing>
        <amt>
          <qty>1 1/2</qty>
          <unit>cups</unit></amt>
        <item>Packed fresh spinach leaves; washed and dried</item></ing>
      <ing>
        <amt>
          <qty>1</qty>
          <unit>small</unit></amt>
        <item>Carrot</item></ing>
      <ing>
        <amt>
          <qty>1</qty>
          <unit/></amt>
        <item>Red onion</item></ing>
      <ing>
        <amt>
          <qty>1/4</qty>
          <unit>cups</unit></amt>
        <item>Sweetened rice wine vinegar</item></ing>
      <ing>
        <amt>
          <qty>1</qty>
          <unit>tablespoon</unit></amt>
        <item>Sugar</item></ing>
      <ing>
        <amt>
          <qty>1</qty>
          <unit>pinch</unit></amt>
        <item>Salt</item></ing>
      <ing>
        <amt>
          <qty/>
          <unit/></amt>
        <item>Bacon-blue cheese dressing</item></ing>
      <ing>
        <amt>
          <qty>4</qty>
          <unit>slices</unit></amt>
        <item>Bacon</item></ing>
      <ing>
        <amt>
          <qty>3</qty>
          <unit/></amt>
        <item>Shallots; peeled and minced</item></ing>
      <ing>
        <amt>
          <qty>1</qty>
          <unit/></amt>
        <item>Clove garlic; peeled and minced</item></ing>
      <ing>
        <amt>
          <qty>2</qty>
          <unit>tablespoons</unit></amt>
        <item>White wine vinegar</item></ing>
      <ing>
        <amt>
          <qty>1/4</qty>
          <unit>cups</unit></amt>
        <item>Heavy cream</item></ing>
      <ing>
        <amt>
          <qty>1/4</qty>
          <unit>cups</unit></amt>
        <item>Chicken stock</item></ing>
      <ing>
        <amt>
          <qty>1</qty>
          <unit>cup</unit></amt>
        <item>Fresh buttermilk</item></ing>
      <ing>
        <amt>
          <qty>1</qty>
          <unit>tablespoon</unit></amt>
        <item>Cornstarch</item></ing>
      <ing>
        <amt>
          <qty>1</qty>
          <unit>tablespoon</unit></amt>
        <item>Water</item></ing>
      <ing>
        <amt>
          <qty/>
          <unit/></amt>
        <item>Salt to taste</item></ing>
      <ing>
        <amt>
          <qty/>
          <unit/></amt>
        <item>Fresh cracked black pepper; to taste</item></ing>
      <ing>
        <amt>
          <qty>1/4</qty>
          <unit>cups</unit></amt>
        <item>Blue cheese; crumbled</item></ing>
      <ing>
        <amt>
          <qty/>
          <unit/></amt>
        <item>Ancho chili mayonnaise</item></ing>
      <ing>
        <amt>
          <qty>4</qty>
          <unit/></amt>
        <item>Ancho chilies; seeded</item></ing>
      <ing>
        <amt>
          <qty>1</qty>
          <unit>large</unit></amt>
        <item>Egg yolk</item></ing>
      <ing>
        <amt>
          <qty>1</qty>
          <unit>tablespoon</unit></amt>
        <item>Dijon mustard</item></ing>
      <ing>
        <amt>
          <qty>2</qty>
          <unit>tablespoons</unit></amt>
        <item>Balsamic vinegar</item></ing>
      <ing>
        <amt>
          <qty>1</qty>
          <unit>cup</unit></amt>
        <item>Corn oil</item></ing>
      <ing>
        <amt>
          <qty>1</qty>
          <unit/></amt>
        <item>Lime or to taste; juice of</item></ing>
      <ing>
        <amt>
          <qty/>
          <unit/></amt>
        <item>Salt to taste</item></ing></ingredients>
    <directions>
      <step>  OYSTERS Shuck oysters and drain liquid. Combine pepper mixture and flour.
  Dredge oysters in mixture. Shake off excess.
  
  Heat 1/4 cup oil in a small saute pan over medium heat. Fry oysters, 5 at a
  time, for 1 minute per side or until golden. Wipe pan and use fresh oil for
  each batch. Drain on paper towels. Keep warm.
  
  SPINACH &amp; RED ONION SALAD Stack spinach leaves together, 5 or 6 leaves
  thick. Roll into a log shape and cut into thin slices. You will have
  spinach threads. Set aside.
  
  Peel carrot and cut into very thin julienne. Toss with spinach in a medium
  bowl and set aside. Peel onion. Cut in half and slice into very thin
  half-moon shapes. Put in a small bowl and set aside.
  
  Heat rice vinegar and sugar in a small saucepan over medium heat, stirring
  constantly. When sugar dissolves, remove from heat. Add pinch of salt and
  pour over onion. When cool, drain onion and pour over spinach and carrot
  and toss to combine.
  
  BACON BLUE CHEESE DRESSING Julienne bacon across grain into short strips.
  Place in a medium sautJ pan over medium heat and sautJ for 6 minutes or
  until bacon is crisp. Remove and drain on paper towel. Pour off half of
  bacon fat from pan. Add shallots and garlic and sautJ for 2 minutes. Stir
  in white wine vinegar. Bring to a boil, stirring constantly, then add
  cream, chicken stock, and buttermilk. Return to a boil.
  
  Dissolve corn starch in water. when dressing returns to a boil, stir in
  corn starch little by little until dressing is slightly thickened. Season
  with salt and pepper. Add blue cheese and bacon strips. Keep warm.
  
  ANCHO CHILI MAYONNAISE Soak chilies in hot water for about 20 minutes or
  until soft. Place in a blender and puree until smooth. Add egg yolk, Dijon
  mustard, and balsamic vinegar. Process until well incorporated. With
  blender running, slowly add oil in a thin, steady stream. When well
  combined, blend in lime juice. Season to taste. Pour mixture into a plastic
  ketchup bottle and set aside until ready to use.
  
  ASSEMBLY On each of four salad plates, arrange 5 little mounds of Spinach &amp;
  Red Onion Salad, allowing about 2 tablespoons per mound, around the outside
  of each plate. Drizzle Bacon-Blue Cheese Dressing in the center of each
  plate. Place an oyster on each salad mound, then streak about 1/2 teaspoon
  Ancho Chili Mayonnaise on top of each oyster. Serve immediately.
  
  Formatted by suechef@sover.net
  
  Recipe by: DEAN FEARING #HE1A06
  
  Posted to MC-Recipe Digest V1 #792 by Sue &lt;suechef@sover.net&gt; on Sep 19,
  1997
 
</step></directions></recipe></recipeml>
