<?xml version="1.0" encoding="UTF-8"?>

<recipeml version="0.5">
  <recipe>
    <head>
      <title>Barbecued Ostrich</title>
      <categories>
        <cat>Exotics</cat>
        <cat>Bbq</cat></categories>
      <yield>6</yield></head>
    <ingredients>
      <ing>
        <amt>
          <qty>2</qty>
          <unit>teaspoons</unit></amt>
        <item>Salt</item></ing>
      <ing>
        <amt>
          <qty/>
          <unit/></amt>
        <item>Black pepper</item></ing>
      <ing>
        <amt>
          <qty>2</qty>
          <unit>teaspoons</unit></amt>
        <item>Dry mustard</item></ing>
      <ing>
        <amt>
          <qty>6</qty>
          <unit/></amt>
        <item>(2 1/2- to 3-ounce) ostrich</item></ing>
      <ing>
        <amt>
          <qty/>
          <unit/></amt>
        <item>Fillet steaks</item></ing>
      <ing>
        <amt>
          <qty>1</qty>
          <unit/></amt>
        <item>Clove garlic, chopped</item></ing>
      <ing>
        <amt>
          <qty>1/2</qty>
          <unit>cups</unit></amt>
        <item>Vinegar or lemon juice</item></ing>
      <ing>
        <amt>
          <qty>1</qty>
          <unit>teaspoon</unit></amt>
        <item>Grated lemon zest</item></ing>
      <ing>
        <amt>
          <qty>2</qty>
          <unit>teaspoons</unit></amt>
        <item>Sugar</item></ing>
      <ing>
        <amt>
          <qty>1/2</qty>
          <unit>cups</unit></amt>
        <item>Oil</item></ing>
      <ing>
        <amt>
          <qty/>
          <unit/></amt>
        <item>Formatted by Manny</item></ing>
      <ing>
        <amt>
          <qty/>
          <unit/></amt>
        <item>Rothstein</item></ing></ingredients>
    <directions>
      <step>  This comes from the "Ostrich Cookbook," an anonymous stenciled recipe
  collection of South African origin, sold through DB Enterprises, P. Box
  306, Elk City, Okla. 73658. Mix salt, pepper to taste and mustard in bowl.
  Rub mixture into   steaks. Place meat in dish.
    Mix garlic, vinegar, lemon zest, sugar and oil in separate bowl. Pour
  over meat and let marinate 4 hours, turning every hour. Grill steaks to
  desired doneness on barbecue or stove-top grill, basting with sauce. Makes
  6 servings. Each serving contains about: 246 calories; 824 mg sodium; 46 mg
  cholesterol; 21 grams fat; 3 grams carbohydrates; 15 grams protein; 0.08
  gram fiber. Source: The Los Angeles Times, April 20, 1995
  
  Recipe By     :
  
  From: Jean@mcc2.Sws.Uiuc.Edu (Jean Denndate: 16 Apr 1996 21:37:58 Gmt
  
  From Gemini's MASSIVE MealMaster collection at www.synapse.com/~gemini
 
</step></directions></recipe></recipeml>
