<?xml version="1.0" encoding="UTF-8"?>

<recipeml version="0.5">
  <recipe>
    <head>
      <title>Barbecued Onions for Goodwich</title>
      <categories>
        <cat>Vegetarian</cat>
        <cat>Vegan</cat></categories>
      <yield>1</yield></head>
    <ingredients>
      <ing>
        <amt>
          <qty>2</qty>
          <unit>teaspoons</unit></amt>
        <item>Safflower oil</item></ing>
      <ing>
        <amt>
          <qty>1</qty>
          <unit>small</unit></amt>
        <item>White onion; sliced</item></ing>
      <ing>
        <amt>
          <qty>1/2</qty>
          <unit>tablespoons</unit></amt>
        <item>Hain or Robbie's bbq sauce</item></ing></ingredients>
    <directions>
      <step>   IN a small skillet, heat oil; add onon and saute until it begins to
  soften. Ad barbecue sauce and continue sauteeing, stirring frequently,
  until onion is thoroughly wilted. Makes enough for 3 or 4 Goodwiches.
   Leftover Barbecued Onions are delicous in any vegetable soup.
  
   Source: Fit for Life, by Harvey and Marilyn Diamond/MM by DEEANNE
  
  From Gemini's MASSIVE MealMaster collection at www.synapse.com/~gemini
 
</step></directions></recipe></recipeml>
