<?xml version="1.0" encoding="UTF-8"?>

<recipeml version="0.5">
  <recipe>
    <head>
      <title>Barbecued Short Ribs of Beef</title>
      <categories>
        <cat>Meat</cat></categories>
      <yield>6</yield></head>
    <ingredients>
      <ing>
        <amt>
          <qty>4</qty>
          <unit>pounds</unit></amt>
        <item>Beef short ribs; cut across the bone 1-1.5 in. thick</item></ing>
      <ing>
        <amt>
          <qty>2</qty>
          <unit>teaspoons</unit></amt>
        <item>Salt</item></ing>
      <ing>
        <amt>
          <qty>1</qty>
          <unit>teaspoon</unit></amt>
        <item>Black pepper; freshly ground</item></ing>
      <ing>
        <amt>
          <qty>1</qty>
          <unit>cup</unit></amt>
        <item>Cider vinegar</item></ing>
      <ing>
        <amt>
          <qty>1</qty>
          <unit>cup</unit></amt>
        <item>Soy sauce</item></ing>
      <ing>
        <amt>
          <qty>2</qty>
          <unit>quarts</unit></amt>
        <item>Water</item></ing>
      <ing>
        <amt>
          <qty/>
          <unit/></amt>
        <item>Barbecue sauce</item></ing></ingredients>
    <directions>
      <step>  From: Wayne Pridgen  &lt;pridgen@pond.com&gt;
  
  Date: Thu, 16 May 1996 20:41:44 -465800
  
  Recipe by: Sylvia Woods Preparation Time: 2:00
  
  1. Season the ribs with salt and pepper.  Put them into a large bowl and
  add the vinegar and soy sauce . Marinate at room temperature 1 to 2 hours,
  or covered in the refrigerator overnight, turning the ribs occasionally.
  
  2. Preheat the oven to 350¡F.  Remove the ribs from the marinade and place
  in an 18 by 12 inch roasting pan. Pour in the water and bake, covered,
  until tender, about 1 1/2 hours.
  
  3. Pour off and discard the cooking liquid.  Baste the ribs well with
  barbecue sauce. Return the pan to the oven and bake, basting with barbecue
  sauce once or twice, until well browned, about 30 minutes. Serve hot,
  passing extra sauce separately.
  
  MC-RECIPE@MASTERCOOK.COM
  
  MASTERCOOK RECIPES LIST SERVER
  
  MC-RECIPE DIGEST V1 #88
  
  From the MasterCook recipe list.  Downloaded from Glen's MM Recipe Archive,
  http://www.erols.com/hosey.
 
</step></directions></recipe></recipeml>
