<?xml version="1.0" encoding="UTF-8"?>

<recipeml version="0.5">
  <recipe>
    <head>
      <title>Batter Dipped Tofu</title>
      <categories>
        <cat>Main dish</cat>
        <cat>Vegetables</cat></categories>
      <yield>5</yield></head>
    <ingredients>
      <ing-div>
        <title/>
        <ing>
          <amt>
            <qty>1/2</qty>
            <unit>pounds</unit></amt>
          <item>Firm Tofu</item></ing>
        <ing>
          <amt>
            <qty>1/2</qty>
            <unit>cups</unit></amt>
          <item>Unbleached Flour</item></ing>
        <ing>
          <amt>
            <qty>2</qty>
            <unit>tablespoons</unit></amt>
          <item>Toasted Wheat germ</item></ing>
        <ing>
          <amt>
            <qty>1/2</qty>
            <unit>teaspoons</unit></amt>
          <item>Thyme</item></ing>
        <ing>
          <amt>
            <qty>1/4</qty>
            <unit>teaspoons</unit></amt>
          <item>Dill weed</item></ing>
        <ing>
          <amt>
            <qty>1/4</qty>
            <unit>teaspoons</unit></amt>
          <item>Garlic powder</item></ing>
        <ing>
          <amt>
            <qty>1/4</qty>
            <unit>teaspoons</unit></amt>
          <item>Paprika</item></ing>
        <ing>
          <amt>
            <qty>1/4</qty>
            <unit>teaspoons</unit></amt>
          <item>Black Pepper</item></ing>
        <ing>
          <amt>
            <qty/>
            <unit/></amt>
          <item>Egg</item></ing>
        <ing>
          <amt>
            <qty>1</qty>
            <unit>tablespoon</unit></amt>
          <item>Milk</item></ing>
        <ing>
          <amt>
            <qty>3</qty>
            <unit>drops</unit></amt>
          <item>Hot Pepper Sauce</item></ing>
        <ing>
          <amt>
            <qty>2</qty>
            <unit>tablespoons</unit></amt>
          <item>Safflower oil</item></ing></ing-div>
      <ing-div>
        <title>GINGER SAUCE</title>
        <ing>
          <amt>
            <qty>6</qty>
            <unit>tablespoons</unit></amt>
          <item>Rice vinegar</item></ing>
        <ing>
          <amt>
            <qty>6</qty>
            <unit>tablespoons</unit></amt>
          <item>Sugar</item></ing>
        <ing>
          <amt>
            <qty>3/4</qty>
            <unit>cups</unit></amt>
          <item>Plus 1 T Water</item></ing>
        <ing>
          <amt>
            <qty>2</qty>
            <unit>tablespoons</unit></amt>
          <item>Soy sauce</item></ing>
        <ing>
          <amt>
            <qty>1</qty>
            <unit>teaspoon</unit></amt>
          <item>Cornstarch</item></ing>
        <ing>
          <amt>
            <qty>1</qty>
            <unit>tablespoon</unit></amt>
          <item>Finely minced Gingerroot</item></ing></ing-div></ingredients>
    <directions>
      <step>  GINGER SAUCE: In small saucepan, place vinegar, sugar, 3/4 c water, and soy
  sauce. Bring to a boil, reduce heat, and simmer, stirring occasionally, for
  5 minutes. Meanwhile, in a small bowl, combine cornstarch and 1 T water;
  stir into sauce. Cook mixture, stirring until clear and thickened. Remove
  pan from heat; stir in ginger.  Makes 1 cup. Use for Batter Dipped Tofu and
  Vegetable Stir fry. TOFU: While Ginger Sauce is simmering, cut tofu into 1"
  squares about 1/4" thick. Set aside. In a med bowl, combine flour, wheat
  germ, and seasonings. In a separate bowl, lightly beat egg. Add milk and
  hot pepper sauce. In a large skillet, heat oil. Piece by piece, dip tofu in
  flour, then in egg mixture, and again in flour. Saute until lightly
  browned, about 3 minutes on each side. Serve warm, arranged on a platter
  with cocktail forks and a bowl of Ginger Sauce. Surround platter with curly
  lettuce leaves or large sprigs of parsley. Makes 4-6 servings. VARIATIONS:
  ~ use egg white only ~ the tofu squares may be cut larger and used as part
  of a main course, topped with a vegetable stir fry and ginger sauce. ~
  substitute other sauces for the ginger sauce
  
  From Gemini's MASSIVE MealMaster collection at www.synapse.com/~gemini
 
</step></directions></recipe></recipeml>
