<?xml version="1.0" encoding="UTF-8"?>

<recipeml version="0.5">
  <recipe>
    <head>
      <title>Batter Baked Fillets</title>
      <categories>
        <cat>A "must try</cat>
        <cat>Fish</cat>
        <cat>To post</cat></categories>
      <yield>6</yield></head>
    <ingredients>
      <ing>
        <amt>
          <qty>24</qty>
          <unit>ounces</unit></amt>
        <item>Frozen fish fillets; thawed</item></ing>
      <ing>
        <amt>
          <qty>2/3</qty>
          <unit>cups</unit></amt>
        <item>Pancake mix</item></ing>
      <ing>
        <amt>
          <qty>3/4</qty>
          <unit>teaspoons</unit></amt>
        <item>Salt</item></ing>
      <ing>
        <amt>
          <qty>1</qty>
          <unit/></amt>
        <item>Egg; slightly beaten</item></ing>
      <ing>
        <amt>
          <qty>1 1/2</qty>
          <unit>teaspoons</unit></amt>
        <item>Vegetable oil</item></ing>
      <ing>
        <amt>
          <qty>3/4</qty>
          <unit>cups</unit></amt>
        <item>Milk</item></ing>
      <ing>
        <amt>
          <qty>1</qty>
          <unit>dash</unit></amt>
        <item>Tabasco sauce</item></ing>
      <ing>
        <amt>
          <qty>2</qty>
          <unit>tablespoons</unit></amt>
        <item>Margarine; melted</item></ing>
      <ing>
        <amt>
          <qty>2</qty>
          <unit>cups</unit></amt>
        <item>Crushed shredded corn cereal</item></ing></ingredients>
    <directions>
      <step>  Heat oven to 400 F. Combine pancake mix and salt in a bowl. Mix together
  egg, oil, milk and Tabasco; add to dry ingredients and beat until smooth.
  Combine margarine and cereal in a flat pan. Dip fillets in the pancake
  mixture, then roll in cereal mixture. Bake on ungreased cookie sheet for 15
  minutes. Turn; bake 10 minutes longer or until crumbs are lightly browned.
  Makes 6 servings.
  
  Source: "The Smart Shopper's Cookbook" by Loyta Wooding, 1972
  
  Formatted by Mardi Desjardins, March 20, 1998
  
  Recipe by: Loyta Wooding
  
  Posted to MC-Recipe Digest by Mardi Desjardins &lt;amdesjar@mb.sympatico.ca&gt;
  on Mar 23, 1998
 
</step></directions></recipe></recipeml>
