<?xml version="1.0" encoding="UTF-8"?>

<recipeml version="0.5">
  <recipe>
    <head>
      <title>Batter-Fried Squash Blossoms</title>
      <categories>
        <cat>Native amer</cat>
        <cat>Appetizers</cat>
        <cat>Vegetables</cat></categories>
      <yield>8</yield></head>
    <ingredients>
      <ing>
        <amt>
          <qty>3</qty>
          <unit/></amt>
        <item>Dozen squash blossoms, pickd</item></ing>
      <ing>
        <amt>
          <qty/>
          <unit/></amt>
        <item>Just about to open (male</item></ing>
      <ing>
        <amt>
          <qty/>
          <unit/></amt>
        <item>Blossoms are larger)</item></ing>
      <ing>
        <amt>
          <qty>1</qty>
          <unit>cup</unit></amt>
        <item>Milk</item></ing>
      <ing>
        <amt>
          <qty>1</qty>
          <unit>tablespoon</unit></amt>
        <item>Flour</item></ing>
      <ing>
        <amt>
          <qty>1</qty>
          <unit>teaspoon</unit></amt>
        <item>Salt</item></ing>
      <ing>
        <amt>
          <qty>1/8</qty>
          <unit>teaspoons</unit></amt>
        <item>Fresh ground pepper</item></ing>
      <ing>
        <amt>
          <qty>1/2</qty>
          <unit>cups</unit></amt>
        <item>Cooking oil</item></ing>
      <ing>
        <amt>
          <qty/>
          <unit/></amt>
        <item>Paprika</item></ing></ingredients>
    <directions>
      <step>  In a shaker jar, combine milk, flour, salt and pepper.  Place squash
  blossoms in large pie tin and gently pour the milk-flour mixture over them.
  Heat the oil in a large heavy skillet until a drop of water will sizzle.
  Fry the batter-coated blossoms in the hot oil until golden brown; drain on
  paper towels and sprinkle with paprika.  Serve hot.
  
  Squash blossoms are considered the greatest of delicacies by the Zuni.
  Choicest of all are the largest male flowers, which are carefully gathered
  from the vine, fried in deep fat, and served as an appetizer or used as a
  seasoning for vegetables, soups and stews.
  
  From:  The Art of American Indian Cooking by Yeffe Kimball and Jean
  Anderson, Avon Books, New York, NY, 1965.
  Posted to MM-Recipes Digest V3 #335
  
  From: BobbieB1@aol.com
  
  Date: Sat, 7 Dec 1996 10:53:31 -0500
 
</step></directions></recipe></recipeml>
