<?xml version="1.0" encoding="UTF-8"?>

<recipeml version="0.5">
  <recipe>
    <head>
      <title>Batter-Fried Mushrooms</title>
      <categories>
        <cat>Appetizers</cat>
        <cat>Vegetables</cat></categories>
      <yield>6</yield></head>
    <ingredients>
      <ing-div>
        <title>FAVORITE RESTAURANTS, BON A</title>
        <ing>
          <amt>
            <qty>2</qty>
            <unit>cups</unit></amt>
          <item>All purpose flour</item></ing>
        <ing>
          <amt>
            <qty>1</qty>
            <unit>tablespoon</unit></amt>
          <item>Salt</item></ing>
        <ing>
          <amt>
            <qty>1 1/2</qty>
            <unit>teaspoons</unit></amt>
          <item>Garlic powder</item></ing>
        <ing>
          <amt>
            <qty>1</qty>
            <unit>teaspoon</unit></amt>
          <item>Baking powder</item></ing>
        <ing>
          <amt>
            <qty>1 1/2</qty>
            <unit>cups</unit></amt>
          <item>Beer</item></ing>
        <ing>
          <amt>
            <qty/>
            <unit/></amt>
          <item>Oil for deep frying</item></ing>
        <ing>
          <amt>
            <qty>36</qty>
            <unit>medium</unit></amt>
          <item>Mushrooms, whole, up to 48 and can be large</item></ing></ing-div></ingredients>
    <directions>
      <step>  ** "A superb way to start a meal." Hollymead Inn, Charlottesville, VA
  Combine flour, salt, garlic powder, and baking powder in med bowl. Add beer
  and whisk until smooth. Cover and chill 30 mins. Whisk again, let stand in
  refrigerator until ready to use. Batter can be prepared 1 day ahead if
  desired. Heat oil to 375 F. Holding stem, dip each mushroom into batter,
  covering cap completely. Fry in batches until golden brown. Allow oil to
  return to 375 F before adding next batch. Drain. S: Fav Rest Rs, Bon A
  Posted to MM-Recipes Digest V3 #335
  
  From: BobbieB1@aol.com
  
  Date: Sat, 7 Dec 1996 10:53:31 -0500
 
</step></directions></recipe></recipeml>
