<?xml version="1.0" encoding="UTF-8"?>

<recipeml version="0.5">
  <recipe>
    <head>
      <title>Batter-Dipped Poppy Seed Crabs</title>
      <categories>
        <cat>Seafood</cat></categories>
      <yield>4</yield></head>
    <ingredients>
      <ing>
        <amt>
          <qty>1</qty>
          <unit>cup</unit></amt>
        <item>All-purpose flour</item></ing>
      <ing>
        <amt>
          <qty>1</qty>
          <unit>teaspoon</unit></amt>
        <item>Baking powder</item></ing>
      <ing>
        <amt>
          <qty>1/2</qty>
          <unit>teaspoons</unit></amt>
        <item>Salt</item></ing>
      <ing>
        <amt>
          <qty>3/4</qty>
          <unit>cups</unit></amt>
        <item>Blue cornmeal</item></ing>
      <ing>
        <amt>
          <qty>3</qty>
          <unit>tablespoons</unit></amt>
        <item>Poppy seeds</item></ing>
      <ing>
        <amt>
          <qty>2</qty>
          <unit/></amt>
        <item>Eggs</item></ing>
      <ing>
        <amt>
          <qty>1</qty>
          <unit>cup</unit></amt>
        <item>Milk</item></ing>
      <ing>
        <amt>
          <qty>1/2</qty>
          <unit>cups</unit></amt>
        <item>Unsalted butter</item></ing>
      <ing>
        <amt>
          <qty>8</qty>
          <unit>small</unit></amt>
        <item>Soft-shell crabs</item></ing>
      <ing>
        <amt>
          <qty/>
          <unit/></amt>
        <item>Margarita Jalapeno Salsa (see index)</item></ing></ingredients>
    <directions>
      <step>  In a bowl, mix flour, baking powder and salt; stir in cornmeal and poppy
  seeds. In another bowl, lightly beat eggs; blend in milk, then combine milk
  mixture with dry ingredients and stir until well blended. Add a little more
  milk, if necessary, to make a smooth bater that will cling to crabs. Melt
  butter in a large, shallow skillet over medium heat. Dip crabs in batter to
  coat; add to skillet and cook until golden brown on both sides, turning
  once. Serve with salsa. Makes about 4 servings.
  
  From the &lt;Hotter Than Hell!&gt;, by Jane Butel, ISBN 0-89586-646-3
  (0-89586-542-4 paperback).  Downloaded from Glen's MM Recipe Archive,
  http://www.erols.com/hosey.
 
</step></directions></recipe></recipeml>
