<?xml version="1.0" encoding="UTF-8"?>

<recipeml version="0.5">
  <recipe>
    <head>
      <title>Batter for Fish</title>
      <categories>
        <cat>Batters</cat>
        <cat>Fish</cat></categories>
      <yield>4</yield></head>
    <ingredients>
      <ing>
        <amt>
          <qty>1</qty>
          <unit>cup</unit></amt>
        <item>Ice Water</item></ing>
      <ing>
        <amt>
          <qty>1/2</qty>
          <unit>teaspoons</unit></amt>
        <item>Yellow Food Coloring; optional</item></ing>
      <ing>
        <amt>
          <qty>2</qty>
          <unit>tablespoons</unit></amt>
        <item>Corn Oil</item></ing>
      <ing>
        <amt>
          <qty>1</qty>
          <unit>teaspoon</unit></amt>
        <item>Salt</item></ing>
      <ing>
        <amt>
          <qty>1</qty>
          <unit>cup</unit></amt>
        <item>Flour</item></ing>
      <ing>
        <amt>
          <qty>1</qty>
          <unit>teaspoon</unit></amt>
        <item>Baking Powder</item></ing></ingredients>
    <directions>
      <step>  Combine water, food coloring, oil and salt. Gradually add flour, stirring
  rapidly with a whisk. Just before using, stir in baking powder. Dip fish
  fillets in batter and deep fry. This makes a very thick, crispy batter. The
  food coloring gives it a golden color.
  
  Serving Ideas : Homemade French Fries
  
  NOTES : I last made this in the summer of 1993.  I served it with homemade
  French fries and passed a bottle of malt vinegar.
  Recipe by: ?
  
  Posted to TNT Recipes Digest by "Barbara Zack" &lt;bzack@leading.net&gt; on May
  8, 1998
 
</step></directions></recipe></recipeml>
