<?xml version="1.0" encoding="UTF-8"?>

<recipeml version="0.5">
  <recipe>
    <head>
      <title>Batters</title>
      <categories>
        <cat>Breads</cat></categories>
      <yield>1</yield></head>
    <ingredients>
      <ing>
        <amt>
          <qty/>
          <unit/></amt>
        <item>#1</item></ing>
      <ing>
        <amt>
          <qty>1</qty>
          <unit>cup</unit></amt>
        <item>Flour</item></ing>
      <ing>
        <amt>
          <qty>1</qty>
          <unit>teaspoon</unit></amt>
        <item>Baking powder</item></ing>
      <ing>
        <amt>
          <qty>1/2</qty>
          <unit>teaspoons</unit></amt>
        <item>Salt</item></ing>
      <ing>
        <amt>
          <qty>3/4</qty>
          <unit>cups</unit></amt>
        <item>Cornmeal</item></ing>
      <ing>
        <amt>
          <qty>1</qty>
          <unit>cup</unit></amt>
        <item>Milk</item></ing>
      <ing>
        <amt>
          <qty>2</qty>
          <unit/></amt>
        <item>Eggs, slightly beaten</item></ing></ingredients>
    <directions>
      <step>  Sift flour, baking powder &amp; salt, then add cornmeal. Blend milk with
  eggs, then combine milk mixture with dry &amp; blend.
  
  #2 2 eggs 1 1/2 cups flour 1/2 tsp. salt
  
  Beat eggs well. Dip, then dredge with flour &amp; salt.
  
  #3 4 eggs, separated 3/4 tsp. baking powder 4 Tbls. flour 1/4 tsp.
  salt
  
  Beat whites until stiff. Beat yolks until thick. Sift dry
  ingredients. Add to yolks &amp; blend well. Fold whites into mixture.
  
  File ftp://ftp.idiscover.co.uk/pub/food/mealmaster/recipes/mmkah001.zip
 
</step></directions></recipe></recipeml>
