<?xml version="1.0" encoding="UTF-8"?>

<recipeml version="0.5">
  <recipe>
    <head>
      <title>Batter Biscuits</title>
      <categories>
        <cat>Bakery-shop</cat>
        <cat>Breads - qu</cat></categories>
      <yield>1</yield></head>
    <ingredients>
      <ing>
        <amt>
          <qty>1</qty>
          <unit>tablespoon</unit></amt>
        <item>Salt</item></ing>
      <ing>
        <amt>
          <qty>1/2</qty>
          <unit>tablespoons</unit></amt>
        <item>Baking Powder</item></ing>
      <ing>
        <amt>
          <qty>1/4</qty>
          <unit>teaspoons</unit></amt>
        <item>Baking Soda; or less to taste</item></ing>
      <ing>
        <amt>
          <qty>2 1/3</qty>
          <unit>cups</unit></amt>
        <item>Flour</item></ing>
      <ing>
        <amt>
          <qty>1</qty>
          <unit>quart</unit></amt>
        <item>Buttermilk; or more as needed</item></ing>
      <ing>
        <amt>
          <qty>2</qty>
          <unit/></amt>
        <item>Eggs</item></ing>
      <ing>
        <amt>
          <qty>1/2</qty>
          <unit>pounds</unit></amt>
        <item>Butter</item></ing></ingredients>
    <directions>
      <step>  Preheat oven to 425°. Mix dry ingredients. Add buttermilk until about the
  consistency of pancake batter. Beat eggs and add to batter. Batter must be
  slightly thinner than pancake batter and beaten very smooth. Melt butter.
  Put 1/2 tsp. in each hole of small muffin tins. Heat on surface until
  butter is very hot. Spoon 1 tbsp. of batter into each hole and bake for 20
  minutes. Turn out and serve immediately with your favorite jam or
  preserves.
  
  Makes 5 dozen biscuits.
  
  Source: "Mountain Measures"-- Junior League of Charleston, WV ed. 1974
  
  Typed for you by billspa@icancect.net
  
  Recipe by: Traditional Appalachain recipe from Eastern Kentucky
  
  Posted to MC-Recipe Digest by "Bill Spalding" &lt;billspa@icanect.net&gt; on May
  3, 1998
 
</step></directions></recipe></recipeml>
