<?xml version="1.0" encoding="UTF-8"?>

<recipeml version="0.5">
  <recipe>
    <head>
      <title>Batter White Bread</title>
      <categories>
        <cat>Breads</cat></categories>
      <yield>6</yield></head>
    <ingredients>
      <ing>
        <amt>
          <qty>6 1/2</qty>
          <unit>cups</unit></amt>
        <item>All-purpose flour</item></ing>
      <ing>
        <amt>
          <qty>2</qty>
          <unit>packages</unit></amt>
        <item>"Instant Dry Yeast"</item></ing>
      <ing>
        <amt>
          <qty>3</qty>
          <unit>tablespoons</unit></amt>
        <item>Sugar</item></ing>
      <ing>
        <amt>
          <qty>1</qty>
          <unit>tablespoon</unit></amt>
        <item>Salt</item></ing>
      <ing>
        <amt>
          <qty>3</qty>
          <unit>cups</unit></amt>
        <item>Warm water</item></ing>
      <ing>
        <amt>
          <qty>2</qty>
          <unit>tablespoons</unit></amt>
        <item>Shortening</item></ing></ingredients>
    <directions>
      <step>  Butter
  
  No kneading necessary on this one folks.
  
  Oven 375 degrees
  
  In large mixer bowl, combine 3 1/2 cups flour, yeast, sugar and salt Mix
  well. Add warm water (125 degrees or so) and shortening to flour mixture.
  Blend at low speed until moistened, beat 3 minutes at med. speed. By hand,
  gradually stir in remaining flour to make a stiff batter. Cover and allow
  to rise in warm place until double. About 30 mins. Stir down batter. Spread
  in greased 9x5 or 8x4 bread pans. Cover and allow to rise until batter
  reaches tops of pans, (about 20-30 mins) Bake at 375 degrees for about
  35-40 mins til golden brown. Remove from the pans and brush with butter.
  Allow to cool.
  
  From Gemini's MASSIVE MealMaster collection at www.synapse.com/~gemini
 
</step></directions></recipe></recipeml>
