<?xml version="1.0" encoding="UTF-8"?>

<recipeml version="0.5">
  <recipe>
    <head>
      <title>Battered Eggplant</title>
      <categories>
        <cat>Kosher</cat>
        <cat>Cajun</cat>
        <cat>Main dish</cat>
        <cat>Vegetables</cat></categories>
      <yield>6</yield></head>
    <ingredients>
      <ing>
        <amt>
          <qty>1</qty>
          <unit>cup</unit></amt>
        <item>Flour</item></ing>
      <ing>
        <amt>
          <qty>1/2</qty>
          <unit>teaspoons</unit></amt>
        <item>Salt</item></ing>
      <ing>
        <amt>
          <qty>1</qty>
          <unit>dash</unit></amt>
        <item>Pepper</item></ing>
      <ing>
        <amt>
          <qty>2/3</qty>
          <unit>cups</unit></amt>
        <item>Nondairy creamer or milk</item></ing>
      <ing>
        <amt>
          <qty>2</qty>
          <unit/></amt>
        <item>Eggs, beaten</item></ing>
      <ing>
        <amt>
          <qty>1</qty>
          <unit/></amt>
        <item>Eggplant, sliced or cut &gt;&gt;&gt;</item></ing>
      <ing>
        <amt>
          <qty/>
          <unit/></amt>
        <item>Into chunks.</item></ing>
      <ing>
        <amt>
          <qty>4</qty>
          <unit>tablespoons</unit></amt>
        <item>Vegetable shortening</item></ing></ingredients>
    <directions>
      <step>  Sift dry ingreds. together. Combine milk or nondairy creamer and eggs; beat
  into dry mixture.  Dip eggplant into batter and fry in shortening at 375 F.
  until golden brown.
  
  From Gemini's MASSIVE MealMaster collection at www.synapse.com/~gemini
 
</step></directions></recipe></recipeml>
