<?xml version="1.0" encoding="UTF-8"?>

<recipeml version="0.5">
  <recipe>
    <head>
      <title>Batter-Fried Eggplant</title>
      <categories>
        <cat>Appetizers</cat></categories>
      <yield>6</yield></head>
    <ingredients>
      <ing-div>
        <title>FAVORITE RESTAURANTS, BON A</title>
        <ing>
          <amt>
            <qty>1</qty>
            <unit>large</unit></amt>
          <item>Eggplant, peeled</item></ing>
        <ing>
          <amt>
            <qty/>
            <unit/></amt>
          <item>Flour</item></ing>
        <ing>
          <amt>
            <qty>2</qty>
            <unit/></amt>
          <item>Eggs</item></ing>
        <ing>
          <amt>
            <qty>1</qty>
            <unit>cup</unit></amt>
          <item>Milk</item></ing>
        <ing>
          <amt>
            <qty>3/4</qty>
            <unit>cups</unit></amt>
          <item>Bread crumbs</item></ing>
        <ing>
          <amt>
            <qty>1/4</qty>
            <unit>cups</unit></amt>
          <item>Parmesan, grated</item></ing>
        <ing>
          <amt>
            <qty>1</qty>
            <unit>teaspoon</unit></amt>
          <item>Onion salt</item></ing>
        <ing>
          <amt>
            <qty>1</qty>
            <unit>teaspoon</unit></amt>
          <item>Salt</item></ing>
        <ing>
          <amt>
            <qty>1</qty>
            <unit>teaspoon</unit></amt>
          <item>White pepper</item></ing>
        <ing>
          <amt>
            <qty/>
            <unit/></amt>
          <item>Oil for deep frying</item></ing>
        <ing>
          <amt>
            <qty/>
            <unit/></amt>
          <item>Salt</item></ing></ing-div></ingredients>
    <directions>
      <step>  The Black Angus Country Inn, Glenmoore, PA Cut eggplant into 1/2" rounds,
  then into 2 1/2" strips. Dust lightly with flour, shake off excess and set
  aside. Combine eggs and milk in med bowl and blend until smooth. In another
  bowl, mix breadcrumbs, Parmesan, onion salt, salt and pepper. Dip eggplant
  strips into egg mixture, then coat completely with seasoned breadcrumbs.
  Shake off excess and place in single layer on baking sheet. Chill
  thoroughly at least 2 hrs, or overnight. Heat oil to 375 F. Fry strips a
  few at a time until golden, 3 mins. Drain. Sprinkle with salt and serve
  immediately. S: Fav Rest Rs, Bon A
  Posted to MM-Recipes Digest V3 #335
  
  From: BobbieB1@aol.com
  
  Date: Sat, 7 Dec 1996 10:53:31 -0500
 
</step></directions></recipe></recipeml>
