<?xml version="1.0" encoding="UTF-8"?>

<recipeml version="0.5">
  <recipe>
    <head>
      <title>Battered Onion Crispers</title>
      <categories>
        <cat>Vegetable</cat></categories>
      <yield>4</yield></head>
    <ingredients>
      <ing>
        <amt>
          <qty>1</qty>
          <unit>large</unit></amt>
        <item>Spanish onion; peeled, sliced into 3/8-inch strips</item></ing>
      <ing>
        <amt>
          <qty>1</qty>
          <unit>cup</unit></amt>
        <item>Flour</item></ing>
      <ing>
        <amt>
          <qty>1</qty>
          <unit>teaspoon</unit></amt>
        <item>Paprika</item></ing>
      <ing>
        <amt>
          <qty>1</qty>
          <unit/></amt>
        <item>Egg yolk</item></ing>
      <ing>
        <amt>
          <qty>1</qty>
          <unit>cup</unit></amt>
        <item>Ice-cold water</item></ing>
      <ing>
        <amt>
          <qty/>
          <unit/></amt>
        <item>Lots of salt and pepper</item></ing></ingredients>
    <directions>
      <step>  From: "S. Schwartz" &lt;honn@icanect.net&gt;
  
  Date: Thu, 18 Apr 1996 13:29:34 -0400
  
  Recipe By: Cheap Thrills Cuisine (4-11-96)
  
  Peel and slice 1 large Spanish onion into 3/8-inch strips and set aside.
  Sift 1 cup flour and 1 teaspoon paprika into a bowl. Beat 1 egg yolk into 1
  cup of ice-cold water and the quickly blend into the flour. Small lumps may
  be there, but that's okay. Its better not to over mix. Coat 2 or 3 onion
  strips at a time and drop into 2 inches of hot oil. Separate with a fork.
  Fry 1-2 minutes or until golden brown. Drain on paper towels and keep warm
  until ready to serve. Sprinkle with lots of salt and pepper.
  
  MC-RECIPE@MASTERCOOK.COM
  
  MASTERCOOK RECIPES LIST SERVER
  
  MC-RECIPE DIGEST V1 #48
  
  From the MasterCook recipe list.  Downloaded from Glen's MM Recipe Archive,
  http://www.erols.com/hosey.
 
</step></directions></recipe></recipeml>
