<?xml version="1.0" encoding="UTF-8"?>

<recipeml version="0.5">
  <recipe>
    <head>
      <title>Batter Savarin</title>
      <categories>
        <cat>Bread maili</cat>
        <cat>Internation</cat></categories>
      <yield>6</yield></head>
    <ingredients>
      <ing>
        <amt>
          <qty>2</qty>
          <unit>cups</unit></amt>
        <item>Flour</item></ing>
      <ing>
        <amt>
          <qty>1</qty>
          <unit>tablespoon</unit></amt>
        <item>Sugar</item></ing>
      <ing>
        <amt>
          <qty>1/2</qty>
          <unit>teaspoons</unit></amt>
        <item>Salt</item></ing>
      <ing>
        <amt>
          <qty>2</qty>
          <unit>packages</unit></amt>
        <item>Dry yeast</item></ing>
      <ing>
        <amt>
          <qty>2/3</qty>
          <unit>cups</unit></amt>
        <item>Margarine</item></ing>
      <ing>
        <amt>
          <qty>1/2</qty>
          <unit>cups</unit></amt>
        <item>Hot water; from tap</item></ing>
      <ing>
        <amt>
          <qty>4</qty>
          <unit/></amt>
        <item>Eggs; at room temperature, slightly beaten</item></ing>
      <ing>
        <amt>
          <qty/>
          <unit/></amt>
        <item>Sauce:</item></ing>
      <ing>
        <amt>
          <qty>6</qty>
          <unit>tablespoons</unit></amt>
        <item>Margarine</item></ing>
      <ing>
        <amt>
          <qty>1/3</qty>
          <unit>cups</unit></amt>
        <item>Green pepper; chopped</item></ing>
      <ing>
        <amt>
          <qty>6</qty>
          <unit>tablespoons</unit></amt>
        <item>Flour</item></ing>
      <ing>
        <amt>
          <qty>1/2</qty>
          <unit>teaspoons</unit></amt>
        <item>Dry mustard</item></ing>
      <ing>
        <amt>
          <qty>1/2</qty>
          <unit>teaspoons</unit></amt>
        <item>Worcestershire sauce</item></ing>
      <ing>
        <amt>
          <qty>1/4</qty>
          <unit>teaspoons</unit></amt>
        <item>Celery salt</item></ing>
      <ing>
        <amt>
          <qty>2</qty>
          <unit>cups</unit></amt>
        <item>Milk</item></ing>
      <ing>
        <amt>
          <qty>1</qty>
          <unit>cup</unit></amt>
        <item>Light cream or 1 cup canned skim milk</item></ing>
      <ing>
        <amt>
          <qty>4</qty>
          <unit>cups</unit></amt>
        <item>Cooked shrimp; or chicken breast</item></ing>
      <ing>
        <amt>
          <qty/>
          <unit/></amt>
        <item>Salt &amp; pepper to taste</item></ing>
      <ing>
        <amt>
          <qty/>
          <unit/></amt>
        <item>Parsley, garnish as desired</item></ing></ingredients>
    <directions>
      <step>  Make the savarin: In bowl mix toghether, 23/ cup flour, sugar, salt, dry
  yeast. add softened margarine. Gradually add very hot tap water and mix
  with electric mixer on med speed for 2 minutes. Add remaining flour and
  eggs and beat 2 minutes more, scraping down sides ofbowl.Cover and ler rise
  in bowl until double in bulk in a warm place, about 30 minutes. Stir batter
  down and place in a well greased 3 quart ring mold. Cover and ler rise
  double in a warm place about 30 minutes.Bake in very hot oven, 450 for 15
  minutes or tested done. remove from pan and serve slices topped with the
  warm shrimp or chicken sauce. Or fill center of savarin with shrimp or
  chicken mixture if desired. Serves 6 to 8 . Note: you could fill savarin
  with other creamed type of fillings if desired.
  
  For shrimp sauce: melt the margarine in a skillet and saute the green
  pepper till tender. Remove green pepper from pan and add flour and
  seasonings and stir well. Add milk and cream and cook and stir over medium
  heat until sauce is thickened and mixture comes to a boil, while stirring
  constantly,Add the 4 cups of cook shrimp or chicken and green pepper.
  serves 6 to 8
  From: Bread-Bakers Archives: ftp.best.com/pub/reggie/archives/bread/recipe
  
  Recipe By     : ElMolino Mills, Best Recipes
 
</step></directions></recipe></recipeml>
