<?xml version="1.0" encoding="UTF-8"?>

<recipeml version="0.5">
  <recipe>
    <head>
      <title>Batter Rolls</title>
      <categories>
        <cat>Breads</cat></categories>
      <yield>18</yield></head>
    <ingredients>
      <ing>
        <amt>
          <qty>1</qty>
          <unit>teaspoon</unit></amt>
        <item>Granulated sugar</item></ing>
      <ing>
        <amt>
          <qty>1/2</qty>
          <unit>cups</unit></amt>
        <item>Warm water</item></ing>
      <ing>
        <amt>
          <qty>1</qty>
          <unit>package</unit></amt>
        <item>Dry yeast</item></ing>
      <ing>
        <amt>
          <qty>1 1/2</qty>
          <unit>cups</unit></amt>
        <item>Milk</item></ing>
      <ing>
        <amt>
          <qty>1/4</qty>
          <unit>cups</unit></amt>
        <item>Granulated sugar</item></ing>
      <ing>
        <amt>
          <qty>1/4</qty>
          <unit>cups</unit></amt>
        <item>Shortening</item></ing>
      <ing>
        <amt>
          <qty>2</qty>
          <unit>teaspoons</unit></amt>
        <item>Salt</item></ing>
      <ing>
        <amt>
          <qty>2</qty>
          <unit/></amt>
        <item>Egg</item></ing>
      <ing>
        <amt>
          <qty>3 3/4</qty>
          <unit>cups</unit></amt>
        <item>Flour</item></ing></ingredients>
    <directions>
      <step>  Disolve 1 tsp sugar in warm water in lrge bowl. Sprinkle in yeast. let
  stand 10 minutes, then stir well. Combine milk, 1/4 cup sugar, shortening
  and salt in saucepan. Heat until lukewarm and shortening is melted. Stir
  well.  Add to yeast mixture.  Add 2 3/4 cups flour and beat vigorously with
  wooden spoon or electric mixer until smooth. Gradually stir in remaining 1
  c flour.  Batter will be soft.  Cover with tea towel. Let rise in warm
  place until doubled about 1 hour. Stir down dough and let stand 10 minutes.
  Fill greased muffin cups 1/2 full.  Let rise until doubled 45 minutes. Bake
  at 375 degrees for 20-25 minutes or until golden. Turn out of pans
  immediately. Serve warm and cool.  Makes about 18 rolls.
  
  From Gemini's MASSIVE MealMaster collection at www.synapse.com/~gemini
 
</step></directions></recipe></recipeml>
