<?xml version="1.0" encoding="UTF-8"?>

<recipeml version="0.5">
  <recipe>
    <head>
      <title>Batter-Fried Dandelion</title>
      <categories>
        <cat>Appetizer</cat></categories>
      <yield>4</yield></head>
    <ingredients>
      <ing>
        <amt>
          <qty>2</qty>
          <unit>cups</unit></amt>
        <item>Dandelion blossoms</item></ing>
      <ing>
        <amt>
          <qty>1</qty>
          <unit/></amt>
        <item>Egg; beaten</item></ing>
      <ing>
        <amt>
          <qty>1</qty>
          <unit>cup</unit></amt>
        <item>Milk</item></ing>
      <ing>
        <amt>
          <qty>1</qty>
          <unit>cup</unit></amt>
        <item>Flour</item></ing>
      <ing>
        <amt>
          <qty>1/2</qty>
          <unit>teaspoons</unit></amt>
        <item>Salt</item></ing>
      <ing>
        <amt>
          <qty>1/4</qty>
          <unit>teaspoons</unit></amt>
        <item>Pepper</item></ing>
      <ing>
        <amt>
          <qty/>
          <unit/></amt>
        <item>Fat for frying</item></ing></ingredients>
    <directions>
      <step>  From: kmeade@ids2.idsonline.com (The Meades)
  
  Date: Tue, 16 Apr 1996 17:52:47 -0400
  
  Recipe By: Janet Morrissey &lt;janetm@MAGNUS1.COM&gt;
  Pick the dandelions as close to the head as possible (the stems are very
  bitter). Rinse well; pat dry with paper towels. Beat the egg, milk, flour,
  salt, and pepper in a small bowl. Dip each flower into the batter. Deep-fry
  in oil that is hot but not smoking (350F - 375F), until golden brown. Drain
  on paper towels and sprinkle with salt.
  
  NOTES : Source: A Kitchen Witch's Cookbook.
  
  MC-RECIPE@MASTERCOOK.COM
  
  MASTERCOOK RECIPES LIST SERVER
  
  MC-RECIPE DIGEST V1 #46
  
  From the MasterCook recipe list.  Downloaded from Glen's MM Recipe Archive,
  http://www.erols.com/hosey.
 
</step></directions></recipe></recipeml>
