<?xml version="1.0" encoding="UTF-8"?>

<recipeml version="0.5">
  <recipe>
    <head>
      <title>Batter-Dipped Fondue Meatballs</title>
      <categories>
        <cat>Appetizers</cat>
        <cat>Beef</cat>
        <cat>Mc</cat></categories>
      <yield>1</yield></head>
    <ingredients>
      <ing-div>
        <title/>
        <ing>
          <amt>
            <qty>1 1/2</qty>
            <unit>pounds</unit></amt>
          <item>Ground Chuck</item></ing>
        <ing>
          <amt>
            <qty>1</qty>
            <unit/></amt>
          <item>Egg, Large</item></ing>
        <ing>
          <amt>
            <qty>1/4</qty>
            <unit>cups</unit></amt>
          <item>Bread Crumbs, Dry</item></ing>
        <ing>
          <amt>
            <qty>2</qty>
            <unit>tablespoons</unit></amt>
          <item>Beer Or Apple Juice</item></ing>
        <ing>
          <amt>
            <qty>1</qty>
            <unit>teaspoon</unit></amt>
          <item>Garlic Salt</item></ing>
        <ing>
          <amt>
            <qty>2</qty>
            <unit>cups</unit></amt>
          <item>Salad Oil</item></ing>
        <ing>
          <amt>
            <qty>1/2</qty>
            <unit>cups</unit></amt>
          <item>Butter;Do NOT UseMargarine, *</item></ing></ing-div>
      <ing-div>
        <title>FROTHY BATTER</title>
        <ing>
          <amt>
            <qty>1</qty>
            <unit>cup</unit></amt>
          <item>Biscuit Baking Mix, Bisquick</item></ing>
        <ing>
          <amt>
            <qty>1/2</qty>
            <unit>cups</unit></amt>
          <item>Beer Or Apple Juice</item></ing>
        <ing>
          <amt>
            <qty>1</qty>
            <unit/></amt>
          <item>Egg, Lg</item></ing></ing-div>
      <ing-div>
        <title>MUSTARD SAUCE</title>
        <ing>
          <amt>
            <qty>1/2</qty>
            <unit>cups</unit></amt>
          <item>Mayonnaise Or Salad Dressing</item></ing>
        <ing>
          <amt>
            <qty>2</qty>
            <unit>tablespoons</unit></amt>
          <item>Mustard, Prepared</item></ing>
        <ing>
          <amt>
            <qty>1</qty>
            <unit>tablespoon</unit></amt>
          <item>Onion, Finely Chopped</item></ing></ing-div>
      <ing-div>
        <title>HORSERADISH SAUCE</title>
        <ing>
          <amt>
            <qty>1/2</qty>
            <unit>cups</unit></amt>
          <item>Dairy Sour Cream</item></ing>
        <ing>
          <amt>
            <qty>1</qty>
            <unit>tablespoon</unit></amt>
          <item>Horseradish</item></ing>
        <ing>
          <amt>
            <qty>1/8</qty>
            <unit>teaspoons</unit></amt>
          <item>Worcestershire Sauce</item></ing></ing-div></ingredients>
    <directions>
      <step>  * NOTE: You can omit the butter and increase the salad oil to 2 1/2 cups.
  Mix the meat, egg, bread crumbs, beer and garlic salt. Shape the mixture
  into 3/4-inch balls. Prepare the frothy batter. Heat the oil and butter in
  a metal fondue pot to 375 degrees F. Spear the meatballs with a fondue
  fork, dip into the batter and cook in the hot oil to the desired doneness,
  about 2 minutes. Serve with both sauces. NOTE: These meatballs can also be
  cooked without the batter. FROTHY BATTER: Mix all of the ingredients with a
  fork. (Batter will be slightly lumpy.) MUSTARD SAUCE AND HORSERADISH SAUCE:
  Mix all the ingredients together and refrigerate until serving time.
  Posted to MC-Recipe Digest V1 #345
  
  From: kmeade@IDS2.IDSONLINE.COM (The Meades)
  
  Date: Mon, 16 Dec 1996 09:01:20 -0500
 
</step></directions></recipe></recipeml>
