<?xml version="1.0" encoding="UTF-8"?>

<recipeml version="0.5">
  <recipe>
    <head>
      <title>Batter Rolls</title>
      <categories>
        <cat>Bread</cat></categories>
      <yield>10</yield></head>
    <ingredients>
      <ing>
        <amt>
          <qty>3 1/4</qty>
          <unit>cups</unit></amt>
        <item>All-purpose flour</item></ing>
      <ing>
        <amt>
          <qty>1</qty>
          <unit>package</unit></amt>
        <item>Dry yeast</item></ing>
      <ing>
        <amt>
          <qty>1/2</qty>
          <unit>cups</unit></amt>
        <item>Shortening</item></ing>
      <ing>
        <amt>
          <qty>1 1/4</qty>
          <unit>cups</unit></amt>
        <item>Milk</item></ing>
      <ing>
        <amt>
          <qty>1/4</qty>
          <unit>cups</unit></amt>
        <item>Sugar</item></ing>
      <ing>
        <amt>
          <qty>1</qty>
          <unit/></amt>
        <item>Egg</item></ing>
      <ing>
        <amt>
          <qty>1</qty>
          <unit>tablespoon</unit></amt>
        <item>Poppy seed</item></ing>
      <ing>
        <amt>
          <qty>1</qty>
          <unit>teaspoon</unit></amt>
        <item>Salt</item></ing></ingredients>
    <directions>
      <step>  In large mixing bowl combine 2 cups flour with yeast. Heat milk,
  shortening, sugar &amp; salt until warm (115-120 degrees). Stir constantly to
  melt shortening, add to dry mixture in mixing bowl, add egg &amp; beat at low
  speed with mixer for 30 seconds scraping bowl. Beat for 3 minutes at high
  speed. At low speed, beat in remaining flour until batter is smooth (about
  2 minutes). Cover, let rise in a warm place until batter doubles (about 1
  hour). Stir down with a wooden spoon, let rest for 5 minutes. Drop batter
  by tablespoon into greased muffin pans, filling 1/2 full. Let rise until
  batter doubles, about 30 minutes. Brush tops with milk, sprinkle with poppy
  seeds. Bake at 400 for 12-15 minutes. Makes 20 rolls.
  
  MRS LEE (JOAN) FLOWERS
  
  From the &lt;The Bliss of Cooking Returns&gt;, Fort Bliss Officers Wives Club,
  Ft. Bliss, TX.  Downloaded from Glen's MM Recipe Archive,
  http://www.erols.com/hosey.
 
</step></directions></recipe></recipeml>
