<?xml version="1.0" encoding="UTF-8"?>

<recipeml version="0.5">
  <recipe>
    <head>
      <title>Bauernfruestueck (Farmer'</title>
      <categories>
        <cat/></categories>
      <yield>100</yield></head>
    <ingredients>
      <ing>
        <amt>
          <qty>4</qty>
          <unit>pounds</unit></amt>
        <item>HAM SECTIONED CURED</item></ing>
      <ing>
        <amt>
          <qty>1 3/4</qty>
          <unit>pounds</unit></amt>
        <item>BUTTER PRINT SURE</item></ing>
      <ing>
        <amt>
          <qty>200</qty>
          <unit/></amt>
        <item>EGGS SHELL</item></ing>
      <ing>
        <amt>
          <qty>8</qty>
          <unit>pounds</unit></amt>
        <item>POTATOES FRENCH FZ</item></ing>
      <ing>
        <amt>
          <qty>1</qty>
          <unit>pound</unit></amt>
        <item>ONIONS DRY</item></ing>
      <ing>
        <amt>
          <qty>1</qty>
          <unit>pound</unit></amt>
        <item>SHORTENING; 3LB</item></ing></ingredients>
    <directions>
      <step>  TEMPERATURE:  325 F. GRIDDLE
  :
  
  1.  SAUTE' COOKED DICED POTATOES, CHOPPED, CANNED HAM, AND CHOPPED ONIONS,
  BUTTER OR MARGARINE.  ADD CHOPPED PARSLEY.
  
  2.  PLACE SHELLED EGGS IN MIXER BOWL.  USING WIRE WHIP, BEAT JUST ENOUGH
  TO THOROUGHLY BLEND YOLKS AND WHITES.
  
  3.  POUR 1/3 CUP EGG MIXTURE FOR INDIVIDUAL OMELETS ON GREASED GRIDDLE.
  
  4.  SPRINKLE MIXTURE OVER EGGS WHEN PARTIALLY SET.
  
  5.  FOLD OMELET IN HALF OR INTO THIRDS MAKING A LONG OVAL SHAPED
  OMELET.  SERVE IMMEDIATELY.
  :
  
  NOTE:  1.  IN STEP 1, 6 LB 4 OZ (5-NO. 3 CYL CN) CANNED, DEHYDRATED EGG
  MIX COMBINED WITH 7 1/2 QT WARM WATER MAY BE USED FOR WHOLE EGGE. SEE
  RECIPE NO. A-8.
  
  NOTE:  2.  TO SERVE ASSORTED OMELETS, PREPARE INGREDIENTS FOR DESIRED
  VARIATIONS.  SET UP INGREDIENTS IN INDIVIDUAL CONTAINERS AND PLACE NEAR
  GRIDDLE.
  
  Recipe Number: F00802
  
  SERVING SIZE: 1 OMELET
  
  From the &lt;Army Master Recipe Index File&gt; (actually used today!).
  Downloaded from Glen's MM Recipe Archive, http://www.erols.com/hosey.
 
</step></directions></recipe></recipeml>
