<?xml version="1.0" encoding="UTF-8"?>

<recipeml version="0.5">
  <recipe>
    <head>
      <title>Bavarian Breakfast Rolls</title>
      <categories>
        <cat>Bread</cat></categories>
      <yield>12</yield></head>
    <ingredients>
      <ing>
        <amt>
          <qty>2</qty>
          <unit>cups</unit></amt>
        <item>All-purpose flour</item></ing>
      <ing>
        <amt>
          <qty>1</qty>
          <unit>cup</unit></amt>
        <item>Butter</item></ing>
      <ing>
        <amt>
          <qty>1</qty>
          <unit/></amt>
        <item>Jar (16-oz) apricot-pineapple jam</item></ing>
      <ing>
        <amt>
          <qty>1/2</qty>
          <unit>cups</unit></amt>
        <item>Sour cream</item></ing>
      <ing>
        <amt>
          <qty>1</qty>
          <unit>cup</unit></amt>
        <item>Coconut</item></ing></ingredients>
    <directions>
      <step>  Blend flour, butter &amp; sour cream as you would pie dough. Wrap in waxed
  paper. Refrigerate overnight. Divide dough in half. Roll each half into a
  thin rectangle. Spread each half with jam &amp; sprinkle with coconut. Starting
  with shorter end, roll up each piece. Pinch ends together &amp; seal seam. Bake
  on greased cookie sheet 40-45 minutes at 350. Slice &amp; serve. (This may be
  wrapped in foil &amp; reheated or may be frozen. Great for morning meetings.)
  
  MRS. CLOYCE FLETCHER
  
  NEWPORT, AR
  
  From &lt;Simply Southern&gt;, the Desoto School Mothers' Assn, Helena-West
  Helena, AR 72390.  Downloaded from Glen's MM Recipe Archive,
  http://www.erols.com/hosey.
 
</step></directions></recipe></recipeml>
