<?xml version="1.0" encoding="UTF-8"?>

<recipeml version="0.5">
  <recipe>
    <head>
      <title>Bavarian Apple Cheesecake</title>
      <categories>
        <cat>Pie</cat></categories>
      <yield>12</yield></head>
    <ingredients>
      <ing-div>
        <title>CRUST</title>
        <ing>
          <amt>
            <qty>1/3</qty>
            <unit>cups</unit></amt>
          <item>Sugar</item></ing>
        <ing>
          <amt>
            <qty>1/3</qty>
            <unit>cups</unit></amt>
          <item>Butter or margarine</item></ing>
        <ing>
          <amt>
            <qty>1</qty>
            <unit>tablespoon</unit></amt>
          <item>Shortening</item></ing>
        <ing>
          <amt>
            <qty>1/4</qty>
            <unit>teaspoons</unit></amt>
          <item>Vanilla</item></ing>
        <ing>
          <amt>
            <qty>1</qty>
            <unit>cup</unit></amt>
          <item>Flour</item></ing>
        <ing>
          <amt>
            <qty>1/8</qty>
            <unit>teaspoons</unit></amt>
          <item>Salt</item></ing></ing-div>
      <ing-div>
        <title>FILLING</title>
        <ing>
          <amt>
            <qty>4</qty>
            <unit>cups</unit></amt>
          <item>Cooking apples; peeled, cored, sliced</item></ing>
        <ing>
          <amt>
            <qty>16</qty>
            <unit>ounces</unit></amt>
          <item>Cream cheese; softened</item></ing>
        <ing>
          <amt>
            <qty>1/2</qty>
            <unit>cups</unit></amt>
          <item>Sugar</item></ing>
        <ing>
          <amt>
            <qty>1/2</qty>
            <unit>teaspoons</unit></amt>
          <item>Vanilla</item></ing>
        <ing>
          <amt>
            <qty>2</qty>
            <unit/></amt>
          <item>Eggs</item></ing></ing-div>
      <ing-div>
        <title>TOPPING</title>
        <ing>
          <amt>
            <qty>1/3</qty>
            <unit>cups</unit></amt>
          <item>Sugar</item></ing>
        <ing>
          <amt>
            <qty>1</qty>
            <unit>teaspoon</unit></amt>
          <item>Ground cinnamon</item></ing>
        <ing>
          <amt>
            <qty>1/4</qty>
            <unit>cups</unit></amt>
          <item>Sliced almonds</item></ing></ing-div></ingredients>
    <directions>
      <step>  From: Bobb1744@aol.com
  
  Date: Tue, 27 Feb 1996 19:46:50 -0500
  
  Recipe By: BHG, Prize Tested Recipes /Bob b1744@AOL.com
  In a medium mixer bowl, beat the first 1/3 c. sugar, margarine or butter,
  shortening and 1/4 tsp. vanilla on medium speed of an electric mixer until
  combined. Blend in flour and salt until crumbly. Pat onto the bottom of a
  9" springform pan. Set aside.
  
  Place apple slices in a single layer in a shallow baking pan. Cover with
  foil.  Bake in a 400 F. oven for 15 minutes. Meanwhile, for filling, in a
  large mixer bowl, beat the cream cheese, the 1/2 cup sugar and the 1/2 tsp.
  vanilla with an electric mixer until fluffy. Add the eggs, all at once,
  beating on Low speed just until combined. Pour into dough-lined pan.
  Arrange warm apple slices atop filling. combine the remaining 1/3 cup sugar
  and cinnamon. Sprinkle filling with sugar mixture and the almonds. Bake in
  a 400 F. oven for 40 minutes. or until golden. Cool. Remove sides and place
  cake on a serving plate. Cover and chill for 4-24 hours before serving.
  
  NOTES : Recipe submitted by Christine A. Purich, Indianapolis, IN Per
  serving; 293 cals., 20 g. fat, 42 mg. chol.
  
  MC-RECIPE@MASTERCOOK.COM
  
  MASTERCOOK RECIPES LIST SERVER
  
  From the MasterCook recipe list.  Downloaded from Glen's MM Recipe Archive,
  http://www.erols.com/hosey.
 
</step></directions></recipe></recipeml>
