<?xml version="1.0" encoding="UTF-8"?>

<recipeml version="0.5">
  <recipe>
    <head>
      <title>Bavarian Beef Sandwich</title>
      <categories>
        <cat>Sandwiches</cat></categories>
      <yield>6</yield></head>
    <ingredients>
      <ing>
        <amt>
          <qty>8</qty>
          <unit>ounces</unit></amt>
        <item>Pkg soft cream cheese</item></ing>
      <ing>
        <amt>
          <qty>1/4</qty>
          <unit>cups</unit></amt>
        <item>Sour cream</item></ing>
      <ing>
        <amt>
          <qty>2</qty>
          <unit>tablespoons</unit></amt>
        <item>Horseradish</item></ing>
      <ing>
        <amt>
          <qty>12</qty>
          <unit>slices</unit></amt>
        <item>Rye bread or</item></ing>
      <ing>
        <amt>
          <qty>6</qty>
          <unit/></amt>
        <item>Sub buns</item></ing>
      <ing>
        <amt>
          <qty/>
          <unit/></amt>
        <item>Lettuce</item></ing>
      <ing>
        <amt>
          <qty/>
          <unit/></amt>
        <item>Roast beef slices</item></ing>
      <ing>
        <amt>
          <qty>6</qty>
          <unit/></amt>
        <item>Red onion slices</item></ing></ingredients>
    <directions>
      <step>  Combine cream cheese, sour cream, and horseradish, mixing until well
  blended. For each sandwich, spread bread with the the cream cheese mixture,
  add the meat, lettuce and onions. Add additional cream cheese spread if
  desired. Submitted By RHOMMEL &lt;RHOMMEL@IX.NETCOM.COM&gt; On THU, 9 NOV 1995
   170615    ~0500
  
  From Gemini's MASSIVE MealMaster collection at www.synapse.com/~gemini
 
</step></directions></recipe></recipeml>
