<?xml version="1.0" encoding="UTF-8"?>

<recipeml version="0.5">
  <recipe>
    <head>
      <title>Bavarian Beef Stew - Hm</title>
      <categories>
        <cat>Main dish</cat>
        <cat>Meats</cat></categories>
      <yield>6 -8</yield></head>
    <ingredients>
      <ing>
        <amt>
          <qty>2</qty>
          <unit>tablespoons</unit></amt>
        <item>Oil</item></ing>
      <ing>
        <amt>
          <qty>2</qty>
          <unit>pounds</unit></amt>
        <item>Stewing beef; 4-cm cubes</item></ing>
      <ing>
        <amt>
          <qty>4</qty>
          <unit>medium</unit></amt>
        <item>Onions; chopped</item></ing>
      <ing>
        <amt>
          <qty>1</qty>
          <unit/></amt>
        <item>Garlic; minced</item></ing>
      <ing>
        <amt>
          <qty>2</qty>
          <unit>tablespoons</unit></amt>
        <item>Flour</item></ing>
      <ing>
        <amt>
          <qty>3</qty>
          <unit>cups</unit></amt>
        <item>Beef stock</item></ing>
      <ing>
        <amt>
          <qty>1/2</qty>
          <unit>cups</unit></amt>
        <item>Red wine vinegar</item></ing>
      <ing>
        <amt>
          <qty>2</qty>
          <unit>tablespoons</unit></amt>
        <item>Packed brown sugar</item></ing>
      <ing>
        <amt>
          <qty>1</qty>
          <unit/></amt>
        <item>Bay leaf</item></ing>
      <ing>
        <amt>
          <qty>1/2</qty>
          <unit>cups</unit></amt>
        <item>Gingersnap cookie crumbs; (8 cookies)</item></ing>
      <ing>
        <amt>
          <qty>1</qty>
          <unit>dash</unit></amt>
        <item>Salt &amp; pepper</item></ing></ingredients>
    <directions>
      <step>  1.  In dutch oven on med-high, heat oil and cook beef in batches 3-4 mins
  until browned on all sides.
  
  2.  Return all beef to pot along with any juices that have accumulated on
  plate.  Sprinkle with onions and garlic and reduce heat to med-low.  Cook,
  covered, 5 mins until onions are softened.
  
  3.  Sprinkle flour over meat and cook, stirring over low until well-blended
  and flour starts to draw away from bottom of pot.  Gradually stir in stock
  and venegar.  Bring to boil over med-high, stirring constantly.
  
  4.  Reduce heat to med-low and stir 5 mins.  Stir in sugar and bay leaf.
  Simmer, covered, 60-90 mins until beef is tender.  Discard bay leaf, stir
  in crumbs and serve.
  
  Per 1 serving of 6:
      374    calories, 15g fat (36% CFF)
  
  Contributor:  Homemaker's - Sept 94 Preparation Time: 01:50
  
  Posted to recipelu-digest Volume 01 Number 256 by Cathleen
  &lt;catht@interlog.com&gt; on Nov 14, 1997
 
</step></directions></recipe></recipeml>
