<?xml version="1.0" encoding="UTF-8"?>

<recipeml version="0.5">
  <recipe>
    <head>
      <title>Bavarian Cabbage</title>
      <categories>
        <cat/></categories>
      <yield>100</yield></head>
    <ingredients>
      <ing>
        <amt>
          <qty>4</qty>
          <unit>gallons</unit></amt>
        <item>WATER</item></ing>
      <ing>
        <amt>
          <qty>2 5/8</qty>
          <unit>pounds</unit></amt>
        <item>CABBAGE WHITE FRESH</item></ing>
      <ing>
        <amt>
          <qty>3</qty>
          <unit>ounces</unit></amt>
        <item>ONIONS DRY</item></ing>
      <ing>
        <amt>
          <qty>12</qty>
          <unit>ounces</unit></amt>
        <item>SUGAR; GRANULATED 10 LB</item></ing>
      <ing>
        <amt>
          <qty>3</qty>
          <unit>tablespoons</unit></amt>
        <item>SALAD OIL; 1 GAL</item></ing>
      <ing>
        <amt>
          <qty>3</qty>
          <unit>cups</unit></amt>
        <item>VINEGAR CIDER</item></ing>
      <ing>
        <amt>
          <qty>4</qty>
          <unit>ounces</unit></amt>
        <item>SALT TABLE 5LB</item></ing></ingredients>
    <directions>
      <step>  1.  BRING WATER, SALT, AND CABBAGE TO A BOIL; COVER; SIMMER 10 MINUTES OR
  UNTIL TENDER.  DO NOT OVERCOOK.
  
  2.  DRAIN; RESERVE 1 QT OF LIQUID.
  
  3.  RECONSTITUTE ONIONS (SEE RECIPE NO. A01100); DRAIN; SAUTE' IN SALAD
  OIL.  COMBINE ONIONS AND CABBAGE WITH SUGAR, AND VINEGAR.
  
  4.  COOK 5 TO 10 MINUTES OR UNTIL BLENDED.
  
  Recipe Number: Q01301
  
  SERVING SIZE: 1/2 CUP
  
  From the &lt;Army Master Recipe Index File&gt; (actually used today!).
  Downloaded from Glen's MM Recipe Archive, http://www.erols.com/hosey.
 
</step></directions></recipe></recipeml>
