<?xml version="1.0" encoding="UTF-8"?>

<recipeml version="0.5">
  <recipe>
    <head>
      <title>Bavarian Bread Dumplings</title>
      <categories>
        <cat>Breads</cat></categories>
      <yield>4</yield></head>
    <ingredients>
      <ing>
        <amt>
          <qty>10</qty>
          <unit/></amt>
        <item>To 12 slices stale bread</item></ing>
      <ing>
        <amt>
          <qty>1</qty>
          <unit>teaspoon</unit></amt>
        <item>Salt</item></ing>
      <ing>
        <amt>
          <qty>1 1/2</qty>
          <unit>cups</unit></amt>
        <item>Lukewarm milk</item></ing>
      <ing>
        <amt>
          <qty>3</qty>
          <unit>slices</unit></amt>
        <item>Bacon, diced</item></ing>
      <ing>
        <amt>
          <qty>1</qty>
          <unit>small</unit></amt>
        <item>Onion, chopped</item></ing>
      <ing>
        <amt>
          <qty>1</qty>
          <unit>tablespoon</unit></amt>
        <item>Minced parsley</item></ing>
      <ing>
        <amt>
          <qty>1</qty>
          <unit>teaspoon</unit></amt>
        <item>Marjoram</item></ing>
      <ing>
        <amt>
          <qty>2</qty>
          <unit/></amt>
        <item>Eggs</item></ing>
      <ing>
        <amt>
          <qty/>
          <unit/></amt>
        <item>Breadcrumbs if needed</item></ing></ingredients>
    <directions>
      <step>  Cut bread or rolls, with crusts, into small pieces, put in a bowl and
  sprinkle with salt. Pour lukewarm milk over bread and let soak for an hour.
  If there is excess milk in bowl at that time, pour it off. Fry bacon in
  skillet with chopped onion until bacon is almost crisp and onion is soft
  and golden. Toss in parsley and marjoram and saute 3 or 4 minutes. Add
  bacon, onion and herbs to bread mixture. Mix eggs in thoroughly. If
  dumpling batter is to soft to form, add breadcrumbs, a tablespoon at a
  time, until batter is firm enough. With wet hands or two wet tablespoons,
  form a test dumpling. Drop into boiling salted water and simmer, partially
  covered for 20 minutes.
  
  10 to 12 Dumplings
  
  FROM "The German Cookbook by Mimi Sheraton" Submitted By RHOMMEL
  &lt;RHOMMEL@IX.NETCOM.COM&gt;  On FRI, 24 NOV 1995 164521 ~0500
  
  From Gemini's MASSIVE MealMaster collection at www.synapse.com/~gemini
 
</step></directions></recipe></recipeml>
