<?xml version="1.0" encoding="UTF-8"?>

<recipeml version="0.5">
  <recipe>
    <head>
      <title>Bavarian Pot Roast</title>
      <categories>
        <cat>Crockpot</cat>
        <cat>Beef</cat></categories>
      <yield>1</yield></head>
    <ingredients>
      <ing>
        <amt>
          <qty>3</qty>
          <unit>pounds</unit></amt>
        <item>Beef arm pot roast; (up to 4)</item></ing>
      <ing>
        <amt>
          <qty>1</qty>
          <unit>teaspoon</unit></amt>
        <item>Vegetable oil</item></ing>
      <ing>
        <amt>
          <qty>1 1/2</qty>
          <unit>teaspoons</unit></amt>
        <item>Salt</item></ing>
      <ing>
        <amt>
          <qty>1/8</qty>
          <unit>teaspoons</unit></amt>
        <item>Pepper</item></ing>
      <ing>
        <amt>
          <qty>1/2</qty>
          <unit>teaspoons</unit></amt>
        <item>Ground ginger</item></ing>
      <ing>
        <amt>
          <qty>3</qty>
          <unit/></amt>
        <item>Whole cloves</item></ing>
      <ing>
        <amt>
          <qty>4</qty>
          <unit>medium</unit></amt>
        <item>Apples*; cored and quartered</item></ing>
      <ing>
        <amt>
          <qty>1</qty>
          <unit>small</unit></amt>
        <item>Onion; sliced</item></ing>
      <ing>
        <amt>
          <qty>1/2</qty>
          <unit>cups</unit></amt>
        <item>Apple juice</item></ing>
      <ing>
        <amt>
          <qty>3</qty>
          <unit>tablespoons</unit></amt>
        <item>Flour; (up to 4)</item></ing>
      <ing>
        <amt>
          <qty>3</qty>
          <unit>tablespoons</unit></amt>
        <item>Water; (up to 4)</item></ing></ingredients>
    <directions>
      <step>  * (leave skin on) Wipe roast well and trim off all excess fat. Lightly rub
  top of meat with oil. Dust meat with salt, pepper and ginger. Insert cloves
  in meat. Place apples and onions in the bottom of the crock-pot and put the
  roast on top of the apples and onions. Pour in the apple juice. Cover and
  cook on a low setting for 8 to 12 hours. Remove the roast and apples to a
  warm platter when fully cooked. Turn the crock-pot to High setting. Make a
  smooth paste with the flour and water and stir the paste into the
  crock-pot. Cover and cook until thickened. Pour gravy over roast when
  serving.
  
  Makes about 6 to 8 good sized servings.
  Posted to recipelu-digest Volume 01 Number 392 by James and Susan Kirkland
  &lt;kirkland@gj.net&gt; on Dec 21, 1997
 
</step></directions></recipe></recipeml>
