<?xml version="1.0" encoding="UTF-8"?>

<recipeml version="0.5">
  <recipe>
    <head>
      <title>Bavarian Vanilla Cream</title>
      <categories>
        <cat>German</cat>
        <cat>Desserts</cat></categories>
      <yield>6</yield></head>
    <ingredients>
      <ing>
        <amt>
          <qty>2</qty>
          <unit>packages</unit></amt>
        <item>Gelatin; unflavored</item></ing>
      <ing>
        <amt>
          <qty>1/2</qty>
          <unit>cups</unit></amt>
        <item>;water, cold</item></ing>
      <ing>
        <amt>
          <qty>9</qty>
          <unit>tablespoons</unit></amt>
        <item>Sugar</item></ing>
      <ing>
        <amt>
          <qty>1</qty>
          <unit>tablespoon</unit></amt>
        <item>Cornstarch</item></ing>
      <ing>
        <amt>
          <qty>2</qty>
          <unit/></amt>
        <item>Eggs; large, beaten</item></ing>
      <ing>
        <amt>
          <qty>1 1/2</qty>
          <unit>cups</unit></amt>
        <item>Milk; scalded</item></ing>
      <ing>
        <amt>
          <qty>1</qty>
          <unit>cup</unit></amt>
        <item>Ice cream; vanilla</item></ing>
      <ing>
        <amt>
          <qty>1</qty>
          <unit>teaspoon</unit></amt>
        <item>Vanilla</item></ing>
      <ing>
        <amt>
          <qty>1</qty>
          <unit>cup</unit></amt>
        <item>Cream; heavy, whipped</item></ing></ingredients>
    <directions>
      <step>  Sprinkle gelatin over cold water to soften.  Heat to dissolve gelatin
  completely.  Mix together sugar and cornstarch. Add eggs; beat for 2
  minutes.  Slowly add warm milk, beating constantly. Pour into a 1-quart
  saucepan.  Cook over medium heat until custard coats a spoon. Add gelatin
  and ice cream while custard is hot. Cool until slightly thickened. Add
  vanilla.  Fold in whipped cream. Pour into a 1-quart mold. Chill until set.
  Unmold carefully and serve with a garnish of fresh fruits.
  
  From Gemini's MASSIVE MealMaster collection at www.synapse.com/~gemini
 
</step></directions></recipe></recipeml>
