<?xml version="1.0" encoding="UTF-8"?>

<recipeml version="0.5">
  <recipe>
    <head>
      <title>Bavarian Noodles with Apples</title>
      <categories>
        <cat>Pasta</cat></categories>
      <yield>6</yield></head>
    <ingredients>
      <ing>
        <amt>
          <qty>2</qty>
          <unit>cups</unit></amt>
        <item>(4 oz) uncooked medium egg noodles</item></ing>
      <ing>
        <amt>
          <qty>2</qty>
          <unit>tablespoons</unit></amt>
        <item>Margarine or butter</item></ing>
      <ing>
        <amt>
          <qty>1 1/2</qty>
          <unit>cups</unit></amt>
        <item>Thinly sliced apples</item></ing>
      <ing>
        <amt>
          <qty>1/2</qty>
          <unit>teaspoons</unit></amt>
        <item>Caraway seed</item></ing>
      <ing>
        <amt>
          <qty>2</qty>
          <unit>tablespoons</unit></amt>
        <item>Honey</item></ing>
      <ing>
        <amt>
          <qty>1</qty>
          <unit>tablespoon</unit></amt>
        <item>Dijon mustard</item></ing></ingredients>
    <directions>
      <step>  Cook noodles per package.  Drain and set aside. Melt margarine in medium
  skillet over medium-high heat. Add apples and caraway seed; cook until
  apples are crisp-tender, stirring occasionally. (Don't worry if the apples
  break up.)  Add cooked noodles, honey and mustard; mix lightly. Cook until
  thoroughly heated. Makes 6 servings.
  
  From Gemini's MASSIVE MealMaster collection at www.synapse.com/~gemini
 
</step></directions></recipe></recipeml>
