<?xml version="1.0" encoding="UTF-8"?>

<recipeml version="0.5">
  <recipe>
    <head>
      <title>Bavarian Cream with Raspberry Sauce</title>
      <categories>
        <cat>Desserts</cat></categories>
      <yield>4</yield></head>
    <ingredients>
      <ing>
        <amt>
          <qty>1</qty>
          <unit>tablespoon</unit></amt>
        <item>Unflavored gelatin</item></ing>
      <ing>
        <amt>
          <qty>2</qty>
          <unit>tablespoons</unit></amt>
        <item>Cold water</item></ing>
      <ing>
        <amt>
          <qty>1 1/2</qty>
          <unit>cups</unit></amt>
        <item>Non-fat milk</item></ing>
      <ing>
        <amt>
          <qty>1/4</qty>
          <unit>teaspoons</unit></amt>
        <item>Salt</item></ing>
      <ing>
        <amt>
          <qty>1/4</qty>
          <unit>cups</unit></amt>
        <item>Sugar</item></ing>
      <ing>
        <amt>
          <qty>1/4</qty>
          <unit>teaspoons</unit></amt>
        <item>Vanilla</item></ing>
      <ing>
        <amt>
          <qty>1/4</qty>
          <unit>teaspoons</unit></amt>
        <item>Almond extract</item></ing>
      <ing>
        <amt>
          <qty>1</qty>
          <unit>cup</unit></amt>
        <item>Low-fat whipped topping</item></ing>
      <ing>
        <amt>
          <qty>1/2</qty>
          <unit>pints</unit></amt>
        <item>Raspberries</item></ing></ingredients>
    <directions>
      <step>  Sprinkle gelatin over cold water to soften.
  
  Heat milk to simmering. Stir in salt and two tablespoons sugar. Stir
  in softened gelatin until dissolved. Stir in vanilla and almond
  extract. Chill until slightly thickened. Fold in whipped topping.
  Spoon into stemmed glasses and chill until set.
  
  Puree raspberries with remaining two tablespoons sugar and strain.
  Spoon over chilled almond cream and serve. Makes four servings.
  
  Each serving contains about: 147 calories; 213 milligrams sodium; 2
  milligrams cholesterol; 3 grams fat; 26 grams carbohydrates; 6 grams
  protein; 1.17 grams fiber.
  
  From Tuscon area newspapers, 1994, 3rd quarter, courtest Mike Orchekowski.
  File ftp://ftp.idiscover.co.uk/pub/food/mealmaster/recipes/tn-94q3.zip
 
</step></directions></recipe></recipeml>
