<?xml version="1.0" encoding="UTF-8"?>

<recipeml version="0.5">
  <recipe>
    <head>
      <title>Bavarian Patties with Sauerkraut</title>
      <categories>
        <cat>Meat</cat></categories>
      <yield>6</yield></head>
    <ingredients>
      <ing>
        <amt>
          <qty>1 1/2</qty>
          <unit>pounds</unit></amt>
        <item>Ground beef</item></ing>
      <ing>
        <amt>
          <qty>1/2</qty>
          <unit>cups</unit></amt>
        <item>Applesauce</item></ing>
      <ing>
        <amt>
          <qty>1/3</qty>
          <unit>cups</unit></amt>
        <item>Bread crumbs; dry</item></ing>
      <ing>
        <amt>
          <qty>1/4</qty>
          <unit>cups</unit></amt>
        <item>Onion; finely chopped</item></ing>
      <ing>
        <amt>
          <qty>1</qty>
          <unit>large</unit></amt>
        <item>Egg</item></ing>
      <ing>
        <amt>
          <qty>1</qty>
          <unit>teaspoon</unit></amt>
        <item>Salt</item></ing>
      <ing>
        <amt>
          <qty>1/2</qty>
          <unit>teaspoons</unit></amt>
        <item>Allspice</item></ing>
      <ing>
        <amt>
          <qty>1</qty>
          <unit>can</unit></amt>
        <item>(16-oz) sauerkraut; drained</item></ing></ingredients>
    <directions>
      <step>  Date: Thu, 29 Feb 1996 03:28:54 GMT
  
  From: gemini@synapse.net (Georgette &amp; Dave Burnside)
  
  Mix all the ingredients together except the sauerkraut.  Shape the mixture
  into 6 patties, each about 3/4-inch thick.  Brown the patties in a large
  skillet over medium heat, turning once.  Drain off the excess fat.  Spoon
  the sauerkraut onto the patties. Cover and simmer for about 15 minutes.
  
  Georgette &amp; Dave Burnside, http://www.synapse.net/~gemini
  
  Recipes, Tatting, Knitting, Crochet, &amp; Scanners
  
  MM-RECIPES@IDISCOVER.NET
  
  MEAL-MASTER RECIPES LIST SERVER
  
  MM-RECIPES DIGEST V3 #61
  
  From the MealMaster recipe list.  Downloaded from Glen's MM Recipe Archive,
  http://www.erols.com/hosey.
 
</step></directions></recipe></recipeml>
