<?xml version="1.0" encoding="UTF-8"?>

<recipeml version="0.5">
  <recipe>
    <head>
      <title>Bayd Bil-Banadura (Eggs with Tomatoes)</title>
      <categories>
        <cat>Eggs</cat>
        <cat>Tomatoes</cat>
        <cat>Lebanese</cat></categories>
      <yield>4</yield></head>
    <ingredients>
      <ing>
        <amt>
          <qty>2</qty>
          <unit>medium</unit></amt>
        <item>Ripe tomatoes</item></ing>
      <ing>
        <amt>
          <qty>1</qty>
          <unit>tablespoon</unit></amt>
        <item>Butter or olive oil</item></ing>
      <ing>
        <amt>
          <qty>4</qty>
          <unit/></amt>
        <item>Eggs</item></ing>
      <ing>
        <amt>
          <qty>1/8</qty>
          <unit>teaspoons</unit></amt>
        <item>Cinnamon</item></ing>
      <ing>
        <amt>
          <qty/>
          <unit/></amt>
        <item>Salt and pepper</item></ing></ingredients>
    <directions>
      <step>  Peel and dice tomatoes. Melt margarine or butter in tomatoes and simmer for
  a few minutes. Meanwhile be; add seasonings. Pour over tomatoes and mix
  gently. Cover and cook over low heat until done.
  
  Variation: Begin with a large, diced potato (cooked or raw). Fry until
  lightly browned then add tomatoes. Proceed as above.
  
  Per serving: 75 Calories; 4g Fat (53% calories from fat); 6g Protein; 3g
  Carbohydrate; 181mg Cholesterol; 59mg Sodium
  
  Recipe by: Lebanese Cuisine, Madelain Farah
  
  Posted to MC-Recipe Digest by shade &lt;liveoak@polaris.net&gt; on Feb 25, 1998
 
</step></directions></recipe></recipeml>
