<?xml version="1.0" encoding="UTF-8"?>

<recipeml version="0.5">
  <recipe>
    <head>
      <title>Bayerische Erdbeercreme (Strawberry Barvarian</title>
      <categories>
        <cat>German</cat>
        <cat>Desserts</cat>
        <cat>Fruits</cat></categories>
      <yield>6</yield></head>
    <ingredients>
      <ing>
        <amt>
          <qty>1</qty>
          <unit>quart</unit></amt>
        <item>Strawberries; Fresh</item></ing>
      <ing>
        <amt>
          <qty>3/4</qty>
          <unit>cups</unit></amt>
        <item>Sugar</item></ing>
      <ing>
        <amt>
          <qty>1</qty>
          <unit>tablespoon</unit></amt>
        <item>Gelatin; Unflavored,(1 env.)</item></ing>
      <ing>
        <amt>
          <qty>1/2</qty>
          <unit>cups</unit></amt>
        <item>;Water, Cold</item></ing>
      <ing>
        <amt>
          <qty>2</qty>
          <unit>teaspoons</unit></amt>
        <item>Lemon Juice</item></ing>
      <ing>
        <amt>
          <qty>1</qty>
          <unit>cup</unit></amt>
        <item>Cream; Heavy, Whipped</item></ing></ingredients>
    <directions>
      <step>  Slice strawberries and mix with the sugar.  Let stand until sugar
  dissolves.  Sprinkle gelatin over cold water. Set stand 5 minutes, then
  heat gently until gelatin dissolves completely. Add gelatin and lemon juice
  to sliced berries.  Fold in whipped cream.  Pour into a 1-quart mold or
  serving dish.  Chill until set. Carefully unmold and serve.
  
  From Gemini's MASSIVE MealMaster collection at www.synapse.com/~gemini
 
</step></directions></recipe></recipeml>
