<?xml version="1.0" encoding="UTF-8"?>

<recipeml version="0.5">
  <recipe>
    <head>
      <title>Bayou Dirty Rice</title>
      <categories>
        <cat>Rice</cat>
        <cat>Cajun</cat></categories>
      <yield>4</yield></head>
    <ingredients>
      <ing>
        <amt>
          <qty>1/4</qty>
          <unit>pounds</unit></amt>
        <item>Spicy sausage; crumbled</item></ing>
      <ing>
        <amt>
          <qty>1/2</qty>
          <unit>medium</unit></amt>
        <item>Onion; chopped</item></ing>
      <ing>
        <amt>
          <qty>1</qty>
          <unit/></amt>
        <item>Stalk celery; sliced</item></ing>
      <ing>
        <amt>
          <qty>1</qty>
          <unit>package</unit></amt>
        <item>Wild and long-grain rice seasoned mix</item></ing>
      <ing>
        <amt>
          <qty>1</qty>
          <unit>can</unit></amt>
        <item>Del Monte Cajun Recipe Stewed tomato (14 1/2 oz)</item></ing>
      <ing>
        <amt>
          <qty>1/2</qty>
          <unit/></amt>
        <item>Green bell pepper; chopped</item></ing>
      <ing>
        <amt>
          <qty>1/4</qty>
          <unit>cups</unit></amt>
        <item>Parlsey; chopped</item></ing></ingredients>
    <directions>
      <step>  In large skillet, brown sausage and onion oven medium-high meat, drain. Add
  celery, rice and rice seasoning packet; cook and stir 2 minutes. Drain
  tomatoes reserving liquid; pour liquid into measuring cup. Add water to
  measure 1 1/2 cups; pour over rice. Add tomatoes; bring to boil. Cover and
  cook over low heat 20 minutes. Add bell pepper and parsley. Cover and cook
  5 minute.  Add bell pepper and parsley. Cover and cook 5 minutes or until
  rice is tender. Service with roasted chicken or Cornish game hens.
   Makes 4 to makes sausage.   Formatted by Mary Wilson, BWVB02B.
  Posted to MM-Recipes Digest  by "deborah kuhnen" &lt;debkuhnen@email.msn.com&gt;
  on Feb 24, 1998
 
</step></directions></recipe></recipeml>
