<?xml version="1.0" encoding="UTF-8"?>

<recipeml version="0.5">
  <recipe>
    <head>
      <title>Bayou Chicken Bake</title>
      <categories>
        <cat>Casseroles</cat>
        <cat>Poultry</cat>
        <cat>Vegetables</cat></categories>
      <yield>4</yield></head>
    <ingredients>
      <ing>
        <amt>
          <qty>4</qty>
          <unit/></amt>
        <item>To 6 Perdue Individually Frozen boneless, skinless chicken breasts</item></ing>
      <ing>
        <amt>
          <qty>1 1/2</qty>
          <unit/></amt>
        <item>To 2 tsp. Cajun or Creole seasoning</item></ing>
      <ing>
        <amt>
          <qty>1/2</qty>
          <unit>cups</unit></amt>
        <item>Chopped onion</item></ing>
      <ing>
        <amt>
          <qty>1</qty>
          <unit>cup</unit></amt>
        <item>Uncooked regular long-grain rice</item></ing>
      <ing>
        <amt>
          <qty>1</qty>
          <unit>package</unit></amt>
        <item>(16 oz.) frozen black-eyed peas</item></ing>
      <ing>
        <amt>
          <qty>2</qty>
          <unit>cans</unit></amt>
        <item>(14 1/2 oz. each)Cajun-style stewed tomatoes</item></ing>
      <ing>
        <amt>
          <qty>2</qty>
          <unit>tablespoons</unit></amt>
        <item>Chopped fresh parsley</item></ing></ingredients>
    <directions>
      <step>  Preheat oven to 350øF.  Lightly grease 13x9 inch baking dish. Sprinkle
  chicken with Cajun seasoning; place in baking dish. In large bowl, combine
  onion, rice, black-eyed peas and tomatoes. Pour over chicken. Cover and
  bake 45 minutes.  Uncover and bake 15 minutes longer, or until chicken is
  cooked through. Sprinkle with parsley before serving. Makes 4 to 6
  servings.  Typed in MMFormat by cjhartlin@msn.com Source: Best Recipes 101
  Casseroles.
  Posted to brand-name-recipes by "Cindy Hartlin" &lt;cjhartlin@email.msn.com&gt;
  on Feb 20, 1998
 
</step></directions></recipe></recipeml>
