<?xml version="1.0" encoding="UTF-8"?>

<recipeml version="0.5">
  <recipe>
    <head>
      <title>Bayou Burgers, Lhj</title>
      <categories>
        <cat>None</cat></categories>
      <yield>6</yield></head>
    <ingredients>
      <ing>
        <amt>
          <qty>1 1/2</qty>
          <unit>pounds</unit></amt>
        <item>Ground beef</item></ing>
      <ing>
        <amt>
          <qty>1 1/2</qty>
          <unit>tablespoons</unit></amt>
        <item>The Spice Hunter Cajun Creole Seasoning*</item></ing>
      <ing>
        <amt>
          <qty>1</qty>
          <unit>teaspoon</unit></amt>
        <item>Salt</item></ing>
      <ing>
        <amt>
          <qty>1</qty>
          <unit/></amt>
        <item>Thick slices tomato; (6 1/2 inch)</item></ing>
      <ing>
        <amt>
          <qty>6</qty>
          <unit/></amt>
        <item>Soft rolls; split</item></ing></ingredients>
    <directions>
      <step>  1. Heat grill.
  
  2. Lightly mix beef, cajun spice and salt in large bowl. Pat into six 3
  1/2x1/2-inch-thick burger patties,
  
  3. Grill burgers 4 minutes per side for medium and rolls 1 to 2 minutes
  until lightly toasted. Arrange burgers on bottoms of rolls, top each with a
  tomato slice, cover with roll tops.
  
  * Available in specialty stores and supermarkets or from The Spice Hunter,
  Inc., 800-444-3061.
  
  Prep time: 8 minutes Grilling time: 10 minutes
  
  (C) Copyright 1997, Meredith Corporation, All Rights Reserved.
  
  NOTES : Cajun spice seasoning provides zip to these easy as one-two-three
  burgers.
  Recipe by: Ladies Home Journal
  
  Posted to MC-Recipe Digest V1 #936 by "abprice@wf.net" &lt;abprice@wf.net&gt; on
  Nov 30, 1997
 
</step></directions></recipe></recipeml>
