<?xml version="1.0" encoding="UTF-8"?>

<recipeml version="0.5">
  <recipe>
    <head>
      <title>Bayou Shrimp (Pillsbury)</title>
      <categories>
        <cat>Mcrecipe</cat>
        <cat>Quick</cat>
        <cat>Soup</cat></categories>
      <yield>5</yield></head>
    <ingredients>
      <ing>
        <amt>
          <qty>5</qty>
          <unit>cups</unit></amt>
        <item>Hot cooked rice</item></ing>
      <ing>
        <amt>
          <qty>1/4</qty>
          <unit>cups</unit></amt>
        <item>Butter or margarine</item></ing>
      <ing>
        <amt>
          <qty>1</qty>
          <unit>pound</unit></amt>
        <item>Large shrimp</item></ing>
      <ing>
        <amt>
          <qty>1</qty>
          <unit/></amt>
        <item>Garlic clove; minced</item></ing>
      <ing>
        <amt>
          <qty>1/2</qty>
          <unit>teaspoons</unit></amt>
        <item>Salt</item></ing>
      <ing>
        <amt>
          <qty>1/4</qty>
          <unit>teaspoons</unit></amt>
        <item>To 1-teaspoon pepper</item></ing>
      <ing>
        <amt>
          <qty>1</qty>
          <unit>cup</unit></amt>
        <item>Chunky salsa</item></ing>
      <ing>
        <amt>
          <qty>8</qty>
          <unit>ounces</unit></amt>
        <item>Clam juice</item></ing>
      <ing>
        <amt>
          <qty>4 1/2</qty>
          <unit>ounces</unit></amt>
        <item>Chopped green chiles</item></ing>
      <ing>
        <amt>
          <qty>1/4</qty>
          <unit>cups</unit></amt>
        <item>Water</item></ing>
      <ing>
        <amt>
          <qty>2</qty>
          <unit>tablespoons</unit></amt>
        <item>Flour</item></ing></ingredients>
    <directions>
      <step>  Thaw shrimp if necessary. Shell, devein and peel.
  
  While rice is cooking, melt butter in large skillet over medium heat. Add
  shrimp, garlic, salt and pepper; cook 5 minutes or until shrimp turn pink,
  stirring occassionally. Add salsa, clam juice and chilies; mix well. Reduce
  heat to low; cook 5 minutes.
  
  In small bowl, combine water and flour, blen until smooth. Add to mixture
  in skillet; cook 2 minutes or until slightly thickened, stirring
  constantly. Serve in bowls, with optional Rice. Makes 5 servings. mc-PER
  SERVING 24% cff: 503 cals; 13g fat; 25g prot; 68g carb; 163mg chol; 666mg
  sod; 1.4g fiber.
  
  Recipe from &gt;among the 100 finalists at the 38th Pillsbury bake-off content
  1998. &gt;Release by Assoc. Press. &gt;Pat Hanneman &gt;mcRecipe.
  
  Recipe by: Debra Kelly, Arlington Hts., IL for Pillsbury*
  
  Posted to MC-Recipe Digest by KitPATh &lt;phannema@wizard.ucr.edu&gt; on Mar 11,
  1998
 
</step></directions></recipe></recipeml>
