<?xml version="1.0" encoding="UTF-8"?>

<recipeml version="0.5">
  <recipe>
    <head>
      <title>Bayou Lacombe Crab Balls</title>
      <categories>
        <cat>Entre' or s</cat>
        <cat>Seafood</cat></categories>
      <yield>1</yield></head>
    <ingredients>
      <ing>
        <amt>
          <qty>2</qty>
          <unit>pounds</unit></amt>
        <item>Crabmeat</item></ing>
      <ing>
        <amt>
          <qty>2</qty>
          <unit/></amt>
        <item>Eggs</item></ing>
      <ing>
        <amt>
          <qty/>
          <unit/></amt>
        <item>Peanut oil</item></ing>
      <ing>
        <amt>
          <qty>1</qty>
          <unit>cup</unit></amt>
        <item>Italian bread crumbs</item></ing>
      <ing>
        <amt>
          <qty/>
          <unit/></amt>
        <item>All-purpose flour</item></ing></ingredients>
    <directions>
      <step>  Mix crabmeat, eggs and bread crumbs. Make into small balls the size of
  small
  meatballs. Roll balls in flour and fry in peanut oil until golden brown.
  Drain
  on paper towels. Put toothpicks in crab balls and serve with tartar sauce
  or
  ketchup. Festival: Bayou Lacombe Crab Festival; Late-June, 1995
  
  Posted to MM-Recipes Digest V3 #193
  
  Date: Wed, 10 Jul 1996 15:54:10 -0400
  
  From: billspa@icanect.net (Bill Spalding)
  
  Recipe By     : New Orleans Recipes
 
</step></directions></recipe></recipeml>
