<?xml version="1.0" encoding="UTF-8"?>

<recipeml version="0.5">
  <recipe>
    <head>
      <title>Apple Cheesecake Elegante</title>
      <categories>
        <cat>Cheesecakes</cat>
        <cat>Apples</cat>
        <cat>Desserts</cat></categories>
      <yield>8</yield></head>
    <ingredients>
      <ing-div>
        <title>LORELI AGUDA WSKD49A</title>
        <ing>
          <amt>
            <qty>1</qty>
            <unit>package</unit></amt>
          <item>Cheesecake mix, 10 1/2 oz.</item></ing>
        <ing>
          <amt>
            <qty>1/4</qty>
            <unit>cups</unit></amt>
          <item>Sugar</item></ing>
        <ing>
          <amt>
            <qty>1/4</qty>
            <unit>cups</unit></amt>
          <item>Butter or margarine, melted</item></ing>
        <ing>
          <amt>
            <qty>1/3</qty>
            <unit>cups</unit></amt>
          <item>Walnuts, ground or finely chopped</item></ing>
        <ing>
          <amt>
            <qty>1 1/2</qty>
            <unit>cups</unit></amt>
          <item>Cold milk</item></ing>
        <ing>
          <amt>
            <qty>2</qty>
            <unit>cups</unit></amt>
          <item>Canned applesauce</item></ing>
        <ing>
          <amt>
            <qty>1/2</qty>
            <unit>teaspoons</unit></amt>
          <item>Grated lemon rind</item></ing>
        <ing>
          <amt>
            <qty>2</qty>
            <unit>tablespoons</unit></amt>
          <item>Lemon juice</item></ing>
        <ing>
          <amt>
            <qty>1/4</qty>
            <unit>cups</unit></amt>
          <item>Brown sugar</item></ing>
        <ing>
          <amt>
            <qty>2</qty>
            <unit>tablespoons</unit></amt>
          <item>Butter or margarine</item></ing>
        <ing>
          <amt>
            <qty>1/2</qty>
            <unit>teaspoons</unit></amt>
          <item>Cinnamon</item></ing>
        <ing>
          <amt>
            <qty>1/2</qty>
            <unit>teaspoons</unit></amt>
          <item>Nutmeg</item></ing>
        <ing>
          <amt>
            <qty>1/4</qty>
            <unit>teaspoons</unit></amt>
          <item>Mace</item></ing></ing-div></ingredients>
    <directions>
      <step>  CRUST: To make crust, empty envelope of graham cracker crust from mix into
  a bowl. Add 1/4 cup sugar, 1/4 cup melted butter or margarine and nuts. Mix
  until thoroughly combined. Press mixture firmly against sides and bottom of
  an 8 inch pie plate. Refrigerate 5 minutes or bake in 375~ oven for 8
  minutes. Cool. FILLING: Pour milk into a small mixing bowl. Add contents of
  cheesecake filling envelope from mix, 1/2 cup applesauce, and grated lemon
  rind. Beat atlow speed with electric mixer until blended. Beat at medium
  speed 3 minutes longer. Pour into prepared crust; chill at least 1 hour.
  TOPPING: Combine 1 1/2 cups applesauce and remaining ingredients in
  saucepan; simmer for 20 minutes. To serve, top wedges of cake with spiced
  applesauce topping. Topping may be served warm or cold.
  
  From Gemini's MASSIVE MealMaster collection at www.synapse.com/~gemini
 
</step></directions></recipe></recipeml>
