<?xml version="1.0" encoding="UTF-8"?>

<recipeml version="0.5">
  <recipe>
    <head>
      <title>Apple Cake Deluxe</title>
      <categories>
        <cat>Cakes</cat></categories>
      <yield>1</yield></head>
    <ingredients>
      <ing-div>
        <title>OZBURN HBWK07A</title>
        <ing>
          <amt>
            <qty>1 1/2</qty>
            <unit>cups</unit></amt>
          <item>Oil</item></ing>
        <ing>
          <amt>
            <qty>2</qty>
            <unit>cups</unit></amt>
          <item>Sugar</item></ing>
        <ing>
          <amt>
            <qty>2</qty>
            <unit/></amt>
          <item>Eggs</item></ing>
        <ing>
          <amt>
            <qty>3</qty>
            <unit>cups</unit></amt>
          <item>All purpose flour</item></ing>
        <ing>
          <amt>
            <qty>1</qty>
            <unit>cup</unit></amt>
          <item>Nuts; chopped; or more, if desired</item></ing>
        <ing>
          <amt>
            <qty>1</qty>
            <unit>teaspoon</unit></amt>
          <item>Soda</item></ing>
        <ing>
          <amt>
            <qty>1</qty>
            <unit>teaspoon</unit></amt>
          <item>Salt</item></ing>
        <ing>
          <amt>
            <qty>1</qty>
            <unit>teaspoon</unit></amt>
          <item>Cinnamon; or more; if desired</item></ing>
        <ing>
          <amt>
            <qty>3</qty>
            <unit>cups</unit></amt>
          <item>Apples; peeled; finely chopped</item></ing>
        <ing>
          <amt>
            <qty>1</qty>
            <unit>teaspoon</unit></amt>
          <item>Vanilla; or more; if desired</item></ing></ing-div></ingredients>
    <directions>
      <step>  Cream oil and sugar in large mixer bowl; add eggs and beat well; mix all
  dry ingredients and sift into mixture, mixing well; add apples and vanilla,
  stirring to mix well; pour into a greased and floured angel food or Bundt
  pan or 4 small nut loaf pans; bake 1 hour and 30 minutes in a preheated
  325~ oven; remove and let cool on a wire rack. Note. Small nut loaf pans
  should cook in about 35-45 minutes; check using the baking done test.
  
  May be eaten plain or frosted with a very simple icing; use powdered sugar,
  melted butter, vanilla, milk, lemon and/or cinnamon extract flavoring.
  Chuck in Pok.
  Posted to JEWISH-FOOD digest by Nancy Berry &lt;nlberry@prodigy.net&gt; on Apr
  30, 1998
 
</step></directions></recipe></recipeml>
