<?xml version="1.0" encoding="UTF-8"?>

<recipeml version="0.5">
  <recipe>
    <head>
      <title>Apple Cheese Crisp, "Roy Rogers" Style</title>
      <categories>
        <cat>Dessert</cat></categories>
      <yield>6</yield></head>
    <ingredients>
      <ing>
        <amt>
          <qty>1</qty>
          <unit>can</unit></amt>
        <item>(21-oz) apple pie filling</item></ing>
      <ing>
        <amt>
          <qty>1/4</qty>
          <unit>cups</unit></amt>
        <item>Tiny cubes sharp Cheddar cheese</item></ing>
      <ing>
        <amt>
          <qty>1/2</qty>
          <unit>cups</unit></amt>
        <item>Sugar</item></ing>
      <ing>
        <amt>
          <qty>1/4</qty>
          <unit>cups</unit></amt>
        <item>Flour</item></ing>
      <ing>
        <amt>
          <qty>1/4</qty>
          <unit>cups</unit></amt>
        <item>Butter</item></ing>
      <ing>
        <amt>
          <qty>1</qty>
          <unit>teaspoon</unit></amt>
        <item>Cinnamon</item></ing>
      <ing>
        <amt>
          <qty>From:</qty>
          <unit/></amt>
        <item>Maureen Riley &lt;MeauxR@AOL.COM&gt;</item></ing>
      <ing>
        <amt>
          <qty>Date:</qty>
          <unit/></amt>
        <item>Wed, 24 Jul 1996 12:13:13 -0400</item></ing></ingredients>
    <directions>
      <step>  Diane and all:  I got the following from the "Junk Food Cookbook", which my
  family uses to balance our spartan and nutritious diet! - Maureen  (P.S.
  The "Orange Julius" is in the book also, but I can't remember if it's been
  posted recently. Let me know if anyone needs it.)
  
  Empty pie filling into medium mixing bowl; cut up large apple pieces.  Mix
  in cheddar cheese pieces.  Spoon mixture into 6 custard cups.  Combine
  sugar, flour, butter, and cinnamon in a small bowl, mixing until crumbly.
  Sprinkle topping on apple mixture in cups. Bake at 350 for 15 to 20 min.
  Serve warm. Six servings.
  
  EAT-L Digest 23 July 96
  
  From the EAT-L recipe list.  Downloaded from Glen's MM Recipe Archive,
  http://www.erols.com/hosey.
 
</step></directions></recipe></recipeml>
