<?xml version="1.0" encoding="UTF-8"?>

<recipeml version="0.5">
  <recipe>
    <head>
      <title>Apple Cider Bread or Muffins</title>
      <categories>
        <cat>Fruits</cat></categories>
      <yield>2</yield></head>
    <ingredients>
      <ing>
        <amt>
          <qty>1</qty>
          <unit>cup</unit></amt>
        <item>Butter</item></ing>
      <ing>
        <amt>
          <qty>1 1/2</qty>
          <unit>cups</unit></amt>
        <item>Sugar</item></ing>
      <ing>
        <amt>
          <qty>3</qty>
          <unit/></amt>
        <item>Eggs</item></ing>
      <ing>
        <amt>
          <qty>4</qty>
          <unit>cups</unit></amt>
        <item>Flour</item></ing>
      <ing>
        <amt>
          <qty>1 1/2</qty>
          <unit>tablespoons</unit></amt>
        <item>Baking powder</item></ing>
      <ing>
        <amt>
          <qty>1 1/2</qty>
          <unit>teaspoons</unit></amt>
        <item>Salt</item></ing>
      <ing>
        <amt>
          <qty>1 1/2</qty>
          <unit>teaspoons</unit></amt>
        <item>Cinnamon</item></ing>
      <ing>
        <amt>
          <qty>2</qty>
          <unit>cups</unit></amt>
        <item>Apple cider</item></ing>
      <ing>
        <amt>
          <qty>1</qty>
          <unit>cup</unit></amt>
        <item>Apples, peeled -- cored and</item></ing>
      <ing>
        <amt>
          <qty/>
          <unit/></amt>
        <item>Chopped</item></ing>
      <ing>
        <amt>
          <qty>1</qty>
          <unit>teaspoon</unit></amt>
        <item>Cinnamon</item></ing></ingredients>
    <directions>
      <step>  Preheat the oven to 375 degrees.  Grease and flour 2 loaf pans or 18 muffin
  cups. Cream the butter and 1 1/4 cup of the sugar together in large bowl.
  Add eggs and cream thoroughly. Sift the dry ingredients together.  Add them
  to the egg mixture, alternating with the apple cider. Stir in the chopped
  apples. Divide the batter between the prepared loaf pans. Combine the
  remaining 1/4 cup of sugar with the cinnamon in a small bowl, and sprinkle
  it over the batter. Bake at 375 degrees for 50 to 70 minutes for bread, or
  for 30 to 40 minutes for muffins, or until a toothpick inserted in the
  center comes out clean. Yields 2 loaves or 18 muffins.
  
  Recipe By     : The Red Lion Inn Cookbook
  
  From: Ladies Home Journal- August 1991
  
  File ftp://ftp.idiscover.co.uk/pub/food/mealmaster/recipes/mmdja006.zip
 
</step></directions></recipe></recipeml>
