<?xml version="1.0" encoding="UTF-8"?>

<recipeml version="0.5">
  <recipe>
    <head>
      <title>Apple Cinnamon Tart</title>
      <categories>
        <cat>Desserts</cat></categories>
      <yield>10</yield></head>
    <ingredients>
      <ing>
        <amt>
          <qty>1 1/2</qty>
          <unit>cups</unit></amt>
        <item>Rolled oats</item></ing>
      <ing>
        <amt>
          <qty>1</qty>
          <unit>tablespoon</unit></amt>
        <item>Plus 1/2 ts cinnamon</item></ing>
      <ing>
        <amt>
          <qty>3/4</qty>
          <unit>cups</unit></amt>
        <item>Apple juice</item></ing>
      <ing>
        <amt>
          <qty>2</qty>
          <unit>large</unit></amt>
        <item>Apples, peeled/sliced</item></ing>
      <ing>
        <amt>
          <qty>1</qty>
          <unit>teaspoon</unit></amt>
        <item>Lemon juice, room temp</item></ing>
      <ing>
        <amt>
          <qty>1/3</qty>
          <unit>cups</unit></amt>
        <item>Water, cold</item></ing>
      <ing>
        <amt>
          <qty>1</qty>
          <unit>package</unit></amt>
        <item>Unflavored gelatin</item></ing>
      <ing>
        <amt>
          <qty>2</qty>
          <unit>cups</unit></amt>
        <item>Fat-free yogurt</item></ing>
      <ing>
        <amt>
          <qty>1/4</qty>
          <unit>cups</unit></amt>
        <item>Honey</item></ing>
      <ing>
        <amt>
          <qty>1/2</qty>
          <unit>teaspoons</unit></amt>
        <item>Almond extract</item></ing></ingredients>
    <directions>
      <step>  Preheat oven at 350.  Prepare a pie plate with cooking spray. In a small
  bowl, combine oats and 1 tablespoon cinnamon. Toss with 1/4 cup apple
  juice.  Press onto bottom of pie plate. Bake 5 minutes or until set. Cool.
  In a mixing bowl, toss apple slices with lemon juice; arrange on cooled
  crust in pan and set aside. In a small saucepan, combine water and
  remaining 1/2 cup apple juice. Sprinkle gelatin over water mixture; let
  stand 3 minutes to soften.  Cook and stir over medium heat until gelatin is
  completely dissolved; remove from heat. Add yogurt, honey, remaining 1/2
  teaspoon cinnamon and almond extract; blend well. Pour over apples in
  crust.  Chill several hours or overnight.
  
  From Gemini's MASSIVE MealMaster collection at www.synapse.com/~gemini
 
</step></directions></recipe></recipeml>
