<?xml version="1.0" encoding="UTF-8"?>

<recipeml version="0.5">
  <recipe>
    <head>
      <title>Apple Cake</title>
      <categories>
        <cat>Cakes</cat></categories>
      <yield>12</yield></head>
    <ingredients>
      <ing>
        <amt>
          <qty>2</qty>
          <unit>cups</unit></amt>
        <item>Unbleached flour</item></ing>
      <ing>
        <amt>
          <qty>1 1/2</qty>
          <unit>cups</unit></amt>
        <item>Granulated sugar</item></ing>
      <ing>
        <amt>
          <qty>1</qty>
          <unit>teaspoon</unit></amt>
        <item>Baking powder</item></ing>
      <ing>
        <amt>
          <qty>1</qty>
          <unit>teaspoon</unit></amt>
        <item>Baking soda</item></ing>
      <ing>
        <amt>
          <qty>1</qty>
          <unit>teaspoon</unit></amt>
        <item>Cinnamon</item></ing>
      <ing>
        <amt>
          <qty>1/4</qty>
          <unit>teaspoons</unit></amt>
        <item>Nutmeg</item></ing>
      <ing>
        <amt>
          <qty>1/4</qty>
          <unit>teaspoons</unit></amt>
        <item>Cloves</item></ing>
      <ing>
        <amt>
          <qty>1/4</qty>
          <unit>teaspoons</unit></amt>
        <item>Ginger</item></ing>
      <ing>
        <amt>
          <qty>1</qty>
          <unit>cup</unit></amt>
        <item>Applesauce</item></ing>
      <ing>
        <amt>
          <qty>1/4</qty>
          <unit>cups</unit></amt>
        <item>Buttermilk*; at room temperature</item></ing>
      <ing>
        <amt>
          <qty>1/2</qty>
          <unit>teaspoons</unit></amt>
        <item>Vanilla</item></ing>
      <ing>
        <amt>
          <qty>3</qty>
          <unit/></amt>
        <item>Egg whites; whipped</item></ing>
      <ing>
        <amt>
          <qty>2</qty>
          <unit>cups</unit></amt>
        <item>Apples; shredded</item></ing></ingredients>
    <directions>
      <step>  Preheat oven at 350.  Prepare a 13" x 9" x 2" baking pan lightly with
  cooking spray and flour.  In a mixing bowl, combine flour, sugar, baking
  powder, baking soda, cinnamon, nutmeg, cloves, and ginger.  In another
  mixing bowl, combine applesauce, buttermilk, vanilla, egg whites, and
  apples.  Mix dry ingredients with dry ingredients just until moistened.
  Pour batter into prepared pan.  Bake for 35 to 40 minutes.
  Recipe By     : Heritage Of America Cookbook
  
  Posted to MC-Recipe Digest V1 #235
  
  Date: Sat, 5 Oct 1996 20:42:16 -0400
  
  From: kmeade@ids2.idsonline.com (The Meades)
  
  NOTES : *Buttermilk Substitute: Combine 1/2 teaspoon vinegar with enough
  milk to equal 1/4 cup; let stand 5 minutes.
 
</step></directions></recipe></recipeml>
