<?xml version="1.0" encoding="UTF-8"?>

<recipeml version="0.5">
  <recipe>
    <head>
      <title>Apple Cheesse Ball</title>
      <categories>
        <cat>Appetizers</cat>
        <cat>Dips</cat></categories>
      <yield>1</yield></head>
    <ingredients>
      <ing>
        <amt>
          <qty>1</qty>
          <unit/></amt>
        <item>8 oz. pkg. cream cheese</item></ing>
      <ing>
        <amt>
          <qty/>
          <unit/></amt>
        <item>Softened</item></ing>
      <ing>
        <amt>
          <qty>4</qty>
          <unit>ounces</unit></amt>
        <item>1 cup shredded cheddar</item></ing>
      <ing>
        <amt>
          <qty/>
          <unit/></amt>
        <item>Cheese</item></ing>
      <ing>
        <amt>
          <qty>1/4</qty>
          <unit>teaspoons</unit></amt>
        <item>Cinnamon</item></ing>
      <ing>
        <amt>
          <qty>3/4</qty>
          <unit>cups</unit></amt>
        <item>Finely chopped dried apples</item></ing>
      <ing>
        <amt>
          <qty>1/3</qty>
          <unit>cups</unit></amt>
        <item>Finely chopped nuts</item></ing>
      <ing>
        <amt>
          <qty>1</qty>
          <unit/></amt>
        <item>Bay leaf</item></ing>
      <ing>
        <amt>
          <qty>1</qty>
          <unit/></amt>
        <item>Cinnamon stick, halved</item></ing></ingredients>
    <directions>
      <step>  Directions;
  
  In larage bowl, beat cream cheese, cheddar cheese and cinnamon until
  well blended.  Stir in dried apples.  Shape mixture into ball; roll
  in nuts. Inssert bay leaf and cinnamon stick on top to resemble stem
  and leaf of apple.  Refrigerate till firm.
  Can be stored in refrigerator up to 2 weeks.
  
  source Pillsbury holiday baking cookbooks
  submitted by marina
  Posted to MC-Recipe Digest V1 #217
  
  Date: Thu, 12 Sep 1996 07:03:33 -0700 (MST)
  
  From: jmchee@goodnet.com (Marina Cheesman)
 
</step></directions></recipe></recipeml>
