<?xml version="1.0" encoding="UTF-8"?>

<recipeml version="0.5">
  <recipe>
    <head>
      <title>Apple Cinnamon Syrup</title>
      <categories>
        <cat>None</cat></categories>
      <yield>1</yield></head>
    <ingredients>
      <ing>
        <amt>
          <qty>1</qty>
          <unit>cup</unit></amt>
        <item>Applesauce</item></ing>
      <ing>
        <amt>
          <qty>1/2</qty>
          <unit>cups</unit></amt>
        <item>Maple-flavored syrup</item></ing>
      <ing>
        <amt>
          <qty>1/8</qty>
          <unit>teaspoons</unit></amt>
        <item>Cinnamon</item></ing></ingredients>
    <directions>
      <step>  In small saucepan stir together all ingredients; heat to boiling. Serve
  with Apple Cinnamon Pancakes.
  
  YIELD: 1 1/2 cups.
  Posted to recipelu-digest by "Bunny" &lt;layla696@ix.netcom.com&gt; on Mar 20,
  1998
 
</step></directions></recipe></recipeml>
