<?xml version="1.0" encoding="UTF-8"?>

<recipeml version="0.5">
  <recipe>
    <head>
      <title>Apple Chip Snacking Cake</title>
      <categories>
        <cat>Cakes</cat></categories>
      <yield>9</yield></head>
    <ingredients>
      <ing>
        <amt>
          <qty>2</qty>
          <unit/></amt>
        <item>Eggs</item></ing>
      <ing>
        <amt>
          <qty>1/2</qty>
          <unit>cups</unit></amt>
        <item>Vegetable oil</item></ing>
      <ing>
        <amt>
          <qty>1/4</qty>
          <unit>cups</unit></amt>
        <item>Apple juice</item></ing>
      <ing>
        <amt>
          <qty>1</qty>
          <unit>teaspoon</unit></amt>
        <item>Vanilla extract</item></ing>
      <ing>
        <amt>
          <qty>1 3/4</qty>
          <unit>cups</unit></amt>
        <item>All-purpose flour</item></ing>
      <ing>
        <amt>
          <qty>1</qty>
          <unit>cup</unit></amt>
        <item>Granulated sugar</item></ing>
      <ing>
        <amt>
          <qty>1/2</qty>
          <unit>teaspoons</unit></amt>
        <item>Baking soda</item></ing>
      <ing>
        <amt>
          <qty>1/2</qty>
          <unit>teaspoons</unit></amt>
        <item>Ground cinnamon</item></ing>
      <ing>
        <amt>
          <qty>1/2</qty>
          <unit>teaspoons</unit></amt>
        <item>Salt</item></ing>
      <ing>
        <amt>
          <qty>1 1/2</qty>
          <unit>cups</unit></amt>
        <item>Chopped peeled tart apples</item></ing>
      <ing>
        <amt>
          <qty>3/4</qty>
          <unit>cups</unit></amt>
        <item>Hershey's Chocolate Chips (Semi-Sweet) OR Hershey's Mini Chips (Semi-Sweet Chocolate)</item></ing>
      <ing>
        <amt>
          <qty>1/2</qty>
          <unit>cups</unit></amt>
        <item>Chopped nuts</item></ing>
      <ing>
        <amt>
          <qty/>
          <unit/></amt>
        <item>Powdered sugar OR- whipped topping and ground cinnamon (optional)</item></ing></ingredients>
    <directions>
      <step>  Heat oven to 350 degrees Fahrenheit. Grease and flour 8 or 9-inch square
  baking pan. In large bowl, beat eggs slightly; add oil, apple juice and
  vanilla. Stir together flour, granulated sugar, baking soda, cinnamon and
  salt; stir into batter until blended. Add apples, chocolate chips and nuts;
  stir until well blended. Pour batter into prepared pan. Bake 40 to 45
  minutes or until cake begins to pull away from sides of pan. Cool
  completely in pan on wire rack. Sprinkle powdered sugar over top or serve
  with dollop of whipped topping sprinkled with cinnamon, if desired. 9
  servings.
  
  Hershey's is a registered trademark of Hershey Foods Corporation. Recipe
  may be reprinted courtesy of the Hershey Kitchens.
  
  Meal-Master compatible format by: Karen Mintzias
  
  From Gemini's MASSIVE MealMaster collection at www.synapse.com/~gemini
 
</step></directions></recipe></recipeml>
