<?xml version="1.0" encoding="UTF-8"?>

<recipeml version="0.5">
  <recipe>
    <head>
      <title>Apple Cinnamon Oatmeal</title>
      <categories>
        <cat>Cereal</cat></categories>
      <yield>6</yield></head>
    <ingredients>
      <ing>
        <amt>
          <qty>1</qty>
          <unit>cup</unit></amt>
        <item>Water</item></ing>
      <ing>
        <amt>
          <qty>1/4</qty>
          <unit>cups</unit></amt>
        <item>Apple juice</item></ing>
      <ing>
        <amt>
          <qty>1</qty>
          <unit/></amt>
        <item>Tart apple, diced</item></ing>
      <ing>
        <amt>
          <qty>2/3</qty>
          <unit>cups</unit></amt>
        <item>Rolled oats</item></ing>
      <ing>
        <amt>
          <qty>1</qty>
          <unit/></amt>
        <item>Dash cinnamon</item></ing>
      <ing>
        <amt>
          <qty>1</qty>
          <unit>cup</unit></amt>
        <item>Skim milk</item></ing></ingredients>
    <directions>
      <step>  Place water, juice and apples ina medium saucepan and bring to a boil. Sitr
  in the rolled oats and cinnamon.  Return to boil, reduce heat and simmer
  until the porridge is thick.  Serve hot with milk.
  
  From: The Lose Weight Naturally Cookbook Posted by: Sheila Exner
  
  File ftp://ftp.idiscover.co.uk/pub/food/mealmaster/recipes/kids.zip
 
</step></directions></recipe></recipeml>
