<?xml version="1.0" encoding="UTF-8"?>

<recipeml version="0.5">
  <recipe>
    <head>
      <title>Apple Cheese Platz</title>
      <categories>
        <cat>Desserts</cat></categories>
      <yield>8</yield></head>
    <ingredients>
      <ing-div>
        <title>BASE</title>
        <ing>
          <amt>
            <qty>1/2</qty>
            <unit>cups</unit></amt>
          <item>Butter; softened</item></ing>
        <ing>
          <amt>
            <qty>1/3</qty>
            <unit>cups</unit></amt>
          <item>Sugar; granulated</item></ing>
        <ing>
          <amt>
            <qty>1</qty>
            <unit>cup</unit></amt>
          <item>Flour; all purpose</item></ing>
        <ing>
          <amt>
            <qty>1/3</qty>
            <unit>cups</unit></amt>
          <item>Jam; raspberry</item></ing></ing-div>
      <ing-div>
        <title>FILLING</title>
        <ing>
          <amt>
            <qty>1</qty>
            <unit>package</unit></amt>
          <item>Cream cheese; 8 oz</item></ing>
        <ing>
          <amt>
            <qty>1/4</qty>
            <unit>cups</unit></amt>
          <item>Sugar; granulated</item></ing>
        <ing>
          <amt>
            <qty>1</qty>
            <unit/></amt>
          <item>Egg</item></ing>
        <ing>
          <amt>
            <qty>1</qty>
            <unit>teaspoon</unit></amt>
          <item>Vanilla</item></ing></ing-div>
      <ing-div>
        <title>TOPPING</title>
        <ing>
          <amt>
            <qty>3</qty>
            <unit>cups</unit></amt>
          <item>Apples peeled &amp; sliced</item></ing>
        <ing>
          <amt>
            <qty>1/3</qty>
            <unit>cups</unit></amt>
          <item>Sugar; granulated</item></ing>
        <ing>
          <amt>
            <qty>1/2</qty>
            <unit>teaspoons</unit></amt>
          <item>Cinnamon; ground</item></ing>
        <ing>
          <amt>
            <qty>1/2</qty>
            <unit>cups</unit></amt>
          <item>Almonds; sliced</item></ing></ing-div></ingredients>
    <directions>
      <step>  Preheat oven to 450F. Cream butter and sugar together thoroughly. Blend in
  flour. Press evenly onto bottom and 1 1/2" up sides of 8 1/2" springform
  pan. Spread jam evenly over the bottom the crust. Beat all filling
  ingredients together with the electric mixer till smooth and light. Spread
  over jam. Toss apples, sugar and cinnamon together to coat well. Spoon over
  filling. Sprinkle with almonds. Bake at 450F for 10 minutes, then reduce
  heat to 400F for 25-30 minutes or till set and apples are tender. Cool
  slightly and remove pan rim.
  
  From Gemini's MASSIVE MealMaster collection at www.synapse.com/~gemini
 
</step></directions></recipe></recipeml>
