<?xml version="1.0" encoding="UTF-8"?>

<recipeml version="0.5">
  <recipe>
    <head>
      <title>Apple Cinnamon Pops (Motts)</title>
      <categories>
        <cat>Chilled des</cat>
        <cat>Brandname</cat></categories>
      <yield>6</yield></head>
    <ingredients>
      <ing>
        <amt>
          <qty>1</qty>
          <unit/></amt>
        <item>Carton; (8 ounces) plain yogurt</item></ing>
      <ing>
        <amt>
          <qty>1</qty>
          <unit>cup</unit></amt>
        <item>Apple Sauce; *see note</item></ing>
      <ing>
        <amt>
          <qty>1</qty>
          <unit>tablespoon</unit></amt>
        <item>Honey</item></ing>
      <ing>
        <amt>
          <qty>1/2</qty>
          <unit>teaspoons</unit></amt>
        <item>Cinnamon</item></ing>
      <ing>
        <amt>
          <qty>6</qty>
          <unit/></amt>
        <item>Cold drink cups; (3-oz.)</item></ing>
      <ing>
        <amt>
          <qty>6</qty>
          <unit/></amt>
        <item>Wooden sticks</item></ing></ingredients>
    <directions>
      <step>  In medium bowl, combine yogurt, apple sauce, honey and cinnamon; blend
  well. Fill each cup with about 1/3 cup yogurt mixture.
  
  Place cups in freezer until partially frozen, about 1 hour.
  
  Insert sticks; freeze until firm, about 2 hours. To serve, remove drink
  cups.
  
  Notes: Pantry: Mott's Natural or Cinnamon Apple Sauce. Either plastic
  popsicle molds or ice cube trays can be used to make these refreshing
  cinnamon-flavored yogurt pops.
  
  &gt;Hanneman/Buster 1998-Apr
  
  Recipe by: Motts Applesauce www.motts.com
  
  Posted to MC-Recipe Digest by KitPATh &lt;phannema@wizard.ucr.edu&gt; on Apr 18,
  1998
 
</step></directions></recipe></recipeml>
