<?xml version="1.0" encoding="UTF-8"?>

<recipeml version="0.5">
  <recipe>
    <head>
      <title>Apple Cheddar Muffins</title>
      <categories>
        <cat>Dessert</cat></categories>
      <yield>12</yield></head>
    <ingredients>
      <ing>
        <amt>
          <qty>1/2</qty>
          <unit>cups</unit></amt>
        <item>Shortening</item></ing>
      <ing>
        <amt>
          <qty>1/2</qty>
          <unit>cups</unit></amt>
        <item>Granulated sugar</item></ing>
      <ing>
        <amt>
          <qty>2</qty>
          <unit>large</unit></amt>
        <item>Eggs</item></ing>
      <ing>
        <amt>
          <qty>1 1/2</qty>
          <unit>cups</unit></amt>
        <item>Unbleached flour</item></ing>
      <ing>
        <amt>
          <qty>1</qty>
          <unit>teaspoon</unit></amt>
        <item>Baking soda</item></ing>
      <ing>
        <amt>
          <qty>1</qty>
          <unit>teaspoon</unit></amt>
        <item>Baking powder</item></ing>
      <ing>
        <amt>
          <qty>1/2</qty>
          <unit>teaspoons</unit></amt>
        <item>Salt</item></ing>
      <ing>
        <amt>
          <qty>3/4</qty>
          <unit>cups</unit></amt>
        <item>Quick-cooking oats</item></ing>
      <ing>
        <amt>
          <qty>1</qty>
          <unit>cup</unit></amt>
        <item>Apples; finely chopped</item></ing>
      <ing>
        <amt>
          <qty>2/3</qty>
          <unit>cups</unit></amt>
        <item>Sharp cheddar cheese; coarse grated</item></ing>
      <ing>
        <amt>
          <qty>1/2</qty>
          <unit>cups</unit></amt>
        <item>Chopped pecans</item></ing>
      <ing>
        <amt>
          <qty>3/4</qty>
          <unit>cups</unit></amt>
        <item>Milk</item></ing>
      <ing>
        <amt>
          <qty>12</qty>
          <unit>slices</unit></amt>
        <item>(thin) unpeeled red apple</item></ing>
      <ing>
        <amt>
          <qty/>
          <unit/></amt>
        <item>Melted butter</item></ing>
      <ing>
        <amt>
          <qty/>
          <unit/></amt>
        <item>Cinnamon-sugar mixture</item></ing></ingredients>
    <directions>
      <step>  From: lfergus!larry (Larry Moore)
  
  Preheat the oven to 400 degrees F. Cream the shortening and sugar together
  and add the eggs, one at a time, beating well after each addition. Combine
  the flour, baking powder, baking soda, and salt in a mixing bowl, mix
  lightly. Gradually stir the flour mixture into the shortening mixture. In
  this order, add the oats cheddar and pecans, mixing well after each
  addition. Gradually add the milk, stirring until all the ingredients are
  just moistened. Grease the muffin pans and fill each cup 2/3rds full of
  batter.  Dip the apple slices in the melted butter and then into the
  cinnamon-sugar.  Press 1 apple slice into the top of each muffin. Sprinkle
  lightly with cinnamon-sugar and bake for 25 minutes in the preheated oven,
  or until golden brown.
  
  DCIEM!LFERGUS!LARRY@LSUC.UUCP
  
  REC.FOOD.RECIPES
  
  From rec.food.cooking archives.  Downloaded from Glen's MM Recipe Archive,
  http://www.erols.com/hosey.
 
</step></directions></recipe></recipeml>
