<?xml version="1.0" encoding="UTF-8"?>

<recipeml version="0.5">
  <recipe>
    <head>
      <title>Apple Cider Cream Sauce</title>
      <categories>
        <cat>Sauces</cat>
        <cat>Seafood</cat></categories>
      <yield>10</yield></head>
    <ingredients>
      <ing>
        <amt>
          <qty>4</qty>
          <unit>tablespoons</unit></amt>
        <item>Butter</item></ing>
      <ing>
        <amt>
          <qty>4</qty>
          <unit>tablespoons</unit></amt>
        <item>Flour</item></ing>
      <ing>
        <amt>
          <qty>1</qty>
          <unit>quart</unit></amt>
        <item>Heavy cream</item></ing>
      <ing>
        <amt>
          <qty>3</qty>
          <unit>cups</unit></amt>
        <item>Apple cider</item></ing>
      <ing>
        <amt>
          <qty/>
          <unit/></amt>
        <item>Red pepper</item></ing>
      <ing>
        <amt>
          <qty/>
          <unit/></amt>
        <item>Salt</item></ing>
      <ing>
        <amt>
          <qty/>
          <unit/></amt>
        <item>Sage</item></ing>
      <ing>
        <amt>
          <qty>1/2</qty>
          <unit>cups</unit></amt>
        <item>Calvados Brandy</item></ing></ingredients>
    <directions>
      <step>  Melt butter.  Add flour until blond roux forms.  Stir in mixture of heavy
  cream and apple cider; reduce by half.  Stir in red pepper, salt, and sage
  to taste.  Cook until thickened, stirring frequently. Add Brandy to
  mixture.  Bring to a gentle simmer and serve with Oyster-Stuffed Pork Loin
  Source: Cajun Revalations: Chef: Brit Shockley
  
  Recipe By     : Rhonda Guilbeaux
  
  From: Ladies Home Journal- August 1991
  
  File ftp://ftp.idiscover.co.uk/pub/food/mealmaster/recipes/mmdja006.zip
 
</step></directions></recipe></recipeml>
