<?xml version="1.0" encoding="UTF-8"?>

<recipeml version="0.5">
  <recipe>
    <head>
      <title>Apple Chutney (Seb Ki Chatni)</title>
      <categories>
        <cat>Condiment</cat></categories>
      <yield>4</yield></head>
    <ingredients>
      <ing>
        <amt>
          <qty>3</qty>
          <unit/></amt>
        <item>Tart cooking apples; Peeled, cored; and chopped</item></ing>
      <ing>
        <amt>
          <qty>1</qty>
          <unit>cup</unit></amt>
        <item>Chopped dried fruit such as Peaches; apricots and Pears</item></ing>
      <ing>
        <amt>
          <qty>1/2</qty>
          <unit>cups</unit></amt>
        <item>Golden raisins</item></ing>
      <ing>
        <amt>
          <qty>3</qty>
          <unit/></amt>
        <item>Cloves garlic; chopped</item></ing>
      <ing>
        <amt>
          <qty>2</qty>
          <unit>teaspoons</unit></amt>
        <item>Finely chopped fresh ginger</item></ing>
      <ing>
        <amt>
          <qty>1</qty>
          <unit>teaspoon</unit></amt>
        <item>Salt</item></ing>
      <ing>
        <amt>
          <qty>1/4</qty>
          <unit>teaspoons</unit></amt>
        <item>Cayenne pepper</item></ing>
      <ing>
        <amt>
          <qty>1</qty>
          <unit>cup</unit></amt>
        <item>White-wine vinegar</item></ing>
      <ing>
        <amt>
          <qty>1 1/2</qty>
          <unit>cups</unit></amt>
        <item>Sugar</item></ing></ingredients>
    <directions>
      <step>  In a heavy saucepan, combine all ingredients and mix well. Bring to a boil
  over medium heat. Reduce heat and simmer for about 45 mins, stirring
  occasionally or until mixture is thick. Remove saucepan from heat and cool
  chutney to room temperature.
  
  Pour chutney into a non-metallic, covered container and refrigerate until
  ready to use.
  
  Date: Tue, 11 Jun 1996 10:02:19 -0400
  
  From: kmeade@ids2.idsonline.com (The Meades)
  
  Recipe By     : U15297@uicvm.uic.edu (Shyamala Parameswaran)
  
  MC-Recipe Digest V1 #114
  
  From the MasterCook recipe list.  Downloaded from Glen's MM Recipe Archive,
  http://www.erols.com/hosey.
 
</step></directions></recipe></recipeml>
