<?xml version="1.0" encoding="UTF-8"?>

<recipeml version="0.5">
  <recipe>
    <head>
      <title>Apple Candy (Copy-Cat Applets)</title>
      <categories>
        <cat>None</cat></categories>
      <yield>1</yield></head>
    <ingredients>
      <ing>
        <amt>
          <qty>8</qty>
          <unit>medium</unit></amt>
        <item>Apples</item></ing>
      <ing>
        <amt>
          <qty>1/2</qty>
          <unit>cups</unit></amt>
        <item>Cold water</item></ing>
      <ing>
        <amt>
          <qty>2</qty>
          <unit>cups</unit></amt>
        <item>Light brown sugar,firmly packed</item></ing>
      <ing>
        <amt>
          <qty>2</qty>
          <unit/></amt>
        <item>Envelopes unflavored geletin</item></ing>
      <ing>
        <amt>
          <qty>1</qty>
          <unit>cup</unit></amt>
        <item>Chopped walnuts</item></ing>
      <ing>
        <amt>
          <qty>1</qty>
          <unit>tablespoon</unit></amt>
        <item>Lemon juice (fresh)</item></ing>
      <ing>
        <amt>
          <qty>1/2</qty>
          <unit>cups</unit></amt>
        <item>Confectioner's sugar</item></ing>
      <ing>
        <amt>
          <qty>1</qty>
          <unit>tablespoon</unit></amt>
        <item>Cornstarch</item></ing></ingredients>
    <directions>
      <step>  Core and pare apples: cut in small pieces.Add 1/4 cup of the water. Cook
  until tender;put through food mill or sieve. Add sugar. Cook over low heat
  until thick (about 1/2 hour) stirring often. Soften gelatin in remaining
  1/4 cup cold water; add to hot apple mixture;stir until dissolved. Chill
  until slightly thickened; stir in walnuts and lemon juice. Poor into a
  square pan to a depth of about 1/2 inch. Chill thorooughly.Cut into
  squares. Combine confectioners' sugar and cornstarch; roll squares in this
  mixture.
  
  NOTE: The type of apple will change the flavor some..also other furits may
  be used...as apricots .
  Recipe By     : unknown
  
  Posted to EAT-L Digest 22 October 96
  
  Date:    Wed, 23 Oct 1996 12:18:31 -0700
  
  From:    Louise &lt;lnorton@NWINTERNET.COM&gt;
 
</step></directions></recipe></recipeml>
