<?xml version="1.0" encoding="UTF-8"?>

<recipeml version="0.5">
  <recipe>
    <head>
      <title>Apple Chutney</title>
      <categories>
        <cat>None</cat></categories>
      <yield>1</yield></head>
    <ingredients>
      <ing>
        <amt>
          <qty>1/2</qty>
          <unit>teaspoons</unit></amt>
        <item>Fenugreek seeds; ( I have no idea of what's this)</item></ing>
      <ing>
        <amt>
          <qty>2</qty>
          <unit>pounds</unit></amt>
        <item>Granny Smith apples; cored peeled, grated</item></ing>
      <ing>
        <amt>
          <qty>1/4</qty>
          <unit>cups</unit></amt>
        <item>Corn oil</item></ing>
      <ing>
        <amt>
          <qty>1/4</qty>
          <unit>teaspoons</unit></amt>
        <item>Mustard seeds</item></ing>
      <ing>
        <amt>
          <qty>1/2</qty>
          <unit>teaspoons</unit></amt>
        <item>Turmeric</item></ing>
      <ing>
        <amt>
          <qty>2</qty>
          <unit>teaspoons</unit></amt>
        <item>Salt</item></ing>
      <ing>
        <amt>
          <qty>1/4</qty>
          <unit>cups</unit></amt>
        <item>Hot paprika or gr red chili</item></ing>
      <ing>
        <amt>
          <qty>1/2</qty>
          <unit>teaspoons</unit></amt>
        <item>Asafoetida; (found in Indian groceries)</item></ing></ingredients>
    <directions>
      <step>  This recipes I got while navigating yesterday, the address I got them is:
  http://www.caryn.com/holiday-Hrecipes.html
  
  Toppings Like You've Never Seen (But Your Friends Will Love)
  
  In small skillet or saucepan, roast fenugreek seeds 2 min until slightly
  darker. Grind in coffee or spice grinder. Set aside. Heat oil in skillet,
  then add mustard seeds. When seeds start to pop, add apples, turmeric, and
  salt. Cook until apples are tender. Add paprika and cook about 10 minutes.
  Add asafoetida and mix well. Add gr fenugreek, mix well and cook three
  minutes. Cool, then refrigerate. Makes 2 cups.
  
  Posted to JEWISH-FOOD digest V97 #330 by "Wajnberg"
  &lt;wajnberg@ns1.centroin.com.br&gt; on Dec 20, 1997
 
</step></directions></recipe></recipeml>
