<?xml version="1.0" encoding="UTF-8"?>

<recipeml version="0.5">
  <recipe>
    <head>
      <title>Apple Cider Chicken Stew</title>
      <categories>
        <cat>Apples</cat>
        <cat>Chicken</cat>
        <cat>Healthwise</cat>
        <cat>Main dishes</cat></categories>
      <yield>6</yield></head>
    <ingredients>
      <ing>
        <amt>
          <qty>1/4</qty>
          <unit>cups</unit></amt>
        <item>Flour</item></ing>
      <ing>
        <amt>
          <qty>1/2</qty>
          <unit>teaspoons</unit></amt>
        <item>Black pepper</item></ing>
      <ing>
        <amt>
          <qty>1/4</qty>
          <unit>teaspoons</unit></amt>
        <item>Ground cloves</item></ing>
      <ing>
        <amt>
          <qty>2</qty>
          <unit>teaspoons</unit></amt>
        <item>Oil</item></ing>
      <ing>
        <amt>
          <qty>1 1/2</qty>
          <unit>pounds</unit></amt>
        <item>Boneless skinless chicken breast halves, cubed</item></ing>
      <ing>
        <amt>
          <qty>14</qty>
          <unit>ounces</unit></amt>
        <item>Can tomatoes; peeled and chopped</item></ing>
      <ing>
        <amt>
          <qty>1</qty>
          <unit/></amt>
        <item>Onion; chopped</item></ing>
      <ing>
        <amt>
          <qty>1</qty>
          <unit>cup</unit></amt>
        <item>Apple cider</item></ing>
      <ing>
        <amt>
          <qty>1/2</qty>
          <unit>cups</unit></amt>
        <item>Chopped apple</item></ing>
      <ing>
        <amt>
          <qty>2</qty>
          <unit>teaspoons</unit></amt>
        <item>Dried basil</item></ing>
      <ing>
        <amt>
          <qty>1</qty>
          <unit>teaspoon</unit></amt>
        <item>Grated orange zest</item></ing></ingredients>
    <directions>
      <step>  Combine the flour, pepper and clove in a large plastic bag. Shake chicken a
  few pieces at a time in the flour until lightly coated. In a heavy,
  non-stick skillet or wok, heat oil on Medium heat. Add chicken and brown
  until the flesh turns white on all sides. Remove to pan. In same skillet,
  add tomatoes, onion, chopped apple and cider. Bring to a simmer, then add
  chicken and simmer, covered for 20 minutes. Add basil and orange zest.
  Simmer, uncovered for 5 minutes. more. MC formatting by
  bobbi744@sojourn.com
  
  Recipe by: Chris Sagolla-Flood, Lansing State Journal
  
  Posted to MC-Recipe Digest V1 #862 by Roberta Banghart
  &lt;bobbi744@sojourn.com&gt; on Oct 24, 1997
 
</step></directions></recipe></recipeml>
