<?xml version="1.0" encoding="UTF-8"?>

<recipeml version="0.5">
  <recipe>
    <head>
      <title>Apple Chutney with Dried Cranberries</title>
      <categories>
        <cat>Fruits</cat>
        <cat>Condiments</cat></categories>
      <yield>1</yield></head>
    <ingredients>
      <ing>
        <amt>
          <qty>2</qty>
          <unit>teaspoons</unit></amt>
        <item>Garlic; minced</item></ing>
      <ing>
        <amt>
          <qty>1</qty>
          <unit>cup</unit></amt>
        <item>Onions; minced</item></ing>
      <ing>
        <amt>
          <qty>5</qty>
          <unit>cups</unit></amt>
        <item>Tart apples; peeled and dice</item></ing>
      <ing>
        <amt>
          <qty>1/2</qty>
          <unit>cups</unit></amt>
        <item>Light-brown sugar; firmly pa</item></ing>
      <ing>
        <amt>
          <qty>6</qty>
          <unit>tablespoons</unit></amt>
        <item>White wine vinegar</item></ing>
      <ing>
        <amt>
          <qty>1/4</qty>
          <unit>teaspoons</unit></amt>
        <item>Dry mustard</item></ing>
      <ing>
        <amt>
          <qty>1/4</qty>
          <unit>teaspoons</unit></amt>
        <item>Ginger; ground</item></ing>
      <ing>
        <amt>
          <qty>1/4</qty>
          <unit>teaspoons</unit></amt>
        <item>Allspice; ground</item></ing>
      <ing>
        <amt>
          <qty>1/4</qty>
          <unit>teaspoons</unit></amt>
        <item>Cloves; ground</item></ing>
      <ing>
        <amt>
          <qty>1/4</qty>
          <unit>teaspoons</unit></amt>
        <item>Red pepper flakes</item></ing></ingredients>
    <directions>
      <step>  ds Salt 3/4 c Dried cranberries 1 tb Cornstarch; mixed with 2 tbs ; cold
  water Recipe by: Los Angeles Times - Prodigy Put garlic, onions, apples,
  sugar, vinegar, mustard, ginger, allspice, cloves, red pepper flakes and
  salt in 1 1/2-quart non-reactive saucepan. Bring to boil over high heat.
  Simmer, uncovered, until apples are tender, about 10 to 12 minutes,
  stirring occasionally. Add cranberries and cornstarch mixture to pan. Stir
  well to combine. Cook until cranberries are plumped and mixture is
  thickened, about 3 minutes. Refrigerate 2 days before serving. Can be
  refrigerated up to 1 month, or frozen as long as 2 months. Serve chilled,
  or at room temperature. Makes 3 cups.
  
  By Abby Mandel Copyright Los Angeles Times
  Posted to MC-Recipe Digest V1 #813 by Nancy Berry &lt;nlberry@prodigy.net&gt; on
  Sep 28, 1997
 
</step></directions></recipe></recipeml>
