<?xml version="1.0" encoding="UTF-8"?>

<recipeml version="0.5">
  <recipe>
    <head>
      <title>Apple Cinnamon Pancakes</title>
      <categories>
        <cat>None</cat></categories>
      <yield>1</yield></head>
    <ingredients>
      <ing>
        <amt>
          <qty>1 1/4</qty>
          <unit>cups</unit></amt>
        <item>All-purpose flour</item></ing>
      <ing>
        <amt>
          <qty>3/4</qty>
          <unit>cups</unit></amt>
        <item>APPLE &amp; CINNAMON MALT-O-MEAL; uncooked</item></ing>
      <ing>
        <amt>
          <qty>1</qty>
          <unit>tablespoon</unit></amt>
        <item>Sugar</item></ing>
      <ing>
        <amt>
          <qty>1</qty>
          <unit>tablespoon</unit></amt>
        <item>Baking powder</item></ing>
      <ing>
        <amt>
          <qty>1</qty>
          <unit>teaspoon</unit></amt>
        <item>Baking soda</item></ing>
      <ing>
        <amt>
          <qty>1</qty>
          <unit>teaspoon</unit></amt>
        <item>Salt</item></ing>
      <ing>
        <amt>
          <qty>1/2</qty>
          <unit>teaspoons</unit></amt>
        <item>Cinnamon</item></ing>
      <ing>
        <amt>
          <qty>1 1/2</qty>
          <unit>cups</unit></amt>
        <item>Buttermilk or sour milk*</item></ing>
      <ing>
        <amt>
          <qty>1/2</qty>
          <unit>cups</unit></amt>
        <item>Applesauce</item></ing>
      <ing>
        <amt>
          <qty>2</qty>
          <unit/></amt>
        <item>Eggs; beaten</item></ing>
      <ing>
        <amt>
          <qty>2</qty>
          <unit>tablespoons</unit></amt>
        <item>Vegetable oil</item></ing></ingredients>
    <directions>
      <step>  Heat griddle to 375° F. In large mixing bowl, combine flour, cereal, sugar,
  baking powder, baking soda, salt, and cinnamon; mix well. Add remaining
  ingredients, stir until moistened and batter is smooth.
  
  For each pancake, pour 1/4 cup batter onto hot griddle. Bake about 1
  minute; turn and continue baking about 1 minute more.
  
  YIELD: 16 4-inch pancakes
  
  * One and one-half tablespoons lemon juice or vinegar plus milk to equal 1
  1/2 cups can be substituted for buttermilk.
  Posted to recipelu-digest by "Bunny" &lt;layla696@ix.netcom.com&gt; on Mar 20,
  1998
 
</step></directions></recipe></recipeml>
