<?xml version="1.0" encoding="UTF-8"?>

<recipeml version="0.5">
  <recipe>
    <head>
      <title>Apple Cake C/p</title>
      <categories>
        <cat>Desserts</cat>
        <cat>Crockpot</cat></categories>
      <yield>6</yield></head>
    <ingredients>
      <ing>
        <amt>
          <qty>1</qty>
          <unit>cup</unit></amt>
        <item>All-purpose flour; sifted</item></ing>
      <ing>
        <amt>
          <qty>1 1/2</qty>
          <unit>teaspoons</unit></amt>
        <item>Baking powder</item></ing>
      <ing>
        <amt>
          <qty>1/2</qty>
          <unit>teaspoons</unit></amt>
        <item>Salt</item></ing>
      <ing>
        <amt>
          <qty>1</qty>
          <unit>tablespoon</unit></amt>
        <item>Sugar</item></ing>
      <ing>
        <amt>
          <qty>1/4</qty>
          <unit>cups</unit></amt>
        <item>Shortening</item></ing>
      <ing>
        <amt>
          <qty>1</qty>
          <unit/></amt>
        <item>Egg; slightly beaten</item></ing>
      <ing>
        <amt>
          <qty>1/4</qty>
          <unit>cups</unit></amt>
        <item>Milk</item></ing>
      <ing>
        <amt>
          <qty>4</qty>
          <unit>cups</unit></amt>
        <item>Tart apples; sliced; pared and cored</item></ing>
      <ing>
        <amt>
          <qty>1/2</qty>
          <unit>teaspoons</unit></amt>
        <item>Cinnamon</item></ing>
      <ing>
        <amt>
          <qty>1/4</qty>
          <unit>teaspoons</unit></amt>
        <item>Nutmeg</item></ing>
      <ing>
        <amt>
          <qty>2</qty>
          <unit>tablespoons</unit></amt>
        <item>Granulated sugar</item></ing>
      <ing>
        <amt>
          <qty>1/2</qty>
          <unit>cups</unit></amt>
        <item>Apricot jam</item></ing>
      <ing>
        <amt>
          <qty>2</qty>
          <unit>tablespoons</unit></amt>
        <item>Shortening; melted</item></ing></ingredients>
    <directions>
      <step>  Apple Cake 3 to 4 hours To Cook: In a medium-large bowl, sift together the
  flour, baking powder, salt, and 1 tablespoon granulated sugar. With two
  knives, cut the shortening into the flour until mixture is mealy. Make a
  well in the center and drop in the egg and milk. Stir in the flour mixture
  to form smooth batter, turn into greased 2-quart mold. Arrange the apples
  in rows on top, pushing them halfway into the dough. In a small bowl, mix
  the cinnamon, nutmeg and 2 tablespoons sugar. Sprinkle over the apples and
  dot with apricot jam. Drizzle butter over all. Place in the slow cooker and
  cover loosely with a plate. Cover the cooker, but prop the lid open a
  fraction with a toothpick or a twist of foil to let excess steam escape.
  Cook on High for 3 to 4 hours. Makes 6 servings. "Clear &amp; Simple Crockery
  Cooking", by Jacqueline Heriteau, Grosset &amp; Dunlap, NY, c1975
  Posted to MC-Recipe Digest V1 #774 by "jana@cablenet-va.com"
  &lt;jana@cablenet-va.com&gt; on Sep 7, 1997
 
</step></directions></recipe></recipeml>
