<?xml version="1.0" encoding="UTF-8"?>

<recipeml version="0.5">
  <recipe>
    <head>
      <title>Apple Cinnamon Bars</title>
      <categories>
        <cat>None</cat></categories>
      <yield>1</yield></head>
    <ingredients>
      <ing>
        <amt>
          <qty>1</qty>
          <unit>cup</unit></amt>
        <item>Whole wheat flour</item></ing>
      <ing>
        <amt>
          <qty>1/2</qty>
          <unit>cups</unit></amt>
        <item>Rolled oats</item></ing>
      <ing>
        <amt>
          <qty>1</qty>
          <unit>tablespoon</unit></amt>
        <item>Ground cinnamon</item></ing>
      <ing>
        <amt>
          <qty>1</qty>
          <unit>teaspoon</unit></amt>
        <item>Baking powder</item></ing>
      <ing>
        <amt>
          <qty>1</qty>
          <unit/></amt>
        <item>Egg equivilent EnerG</item></ing>
      <ing>
        <amt>
          <qty>1/2</qty>
          <unit>cups</unit></amt>
        <item>Soy milk</item></ing>
      <ing>
        <amt>
          <qty>1/4</qty>
          <unit>cups</unit></amt>
        <item>Apple juice concentrate</item></ing>
      <ing>
        <amt>
          <qty>1/4</qty>
          <unit>cups</unit></amt>
        <item>Maple syrup</item></ing>
      <ing>
        <amt>
          <qty>1/4</qty>
          <unit>cups</unit></amt>
        <item>Raisins or craisins</item></ing>
      <ing>
        <amt>
          <qty>1 1/4</qty>
          <unit>cups</unit></amt>
        <item>Chopped peeled apples; about</item></ing></ingredients>
    <directions>
      <step>  Soak the raisins in the apple juice concentrate for 30 minutes. Spray 8"
  square pan with vegetable spray (or use non stick pan)
  
  Stir together dry ingredients. Add apples and toss to coat. Stir together
  all wet ingredients. Pour wet stuff into the dry, fold together just to
  evenly moisten the dry ingredients. Spread this thick batter into the
  prepared 8" pan, bake at 350 degrees F for 20 minutes.
  
  both recipes adapted from _Sweet &amp; Natural_ by Janet Warrington
  
  Posted to fatfree digest V97 #176 by Jan Gordon &lt;jrg14@cornell.edu&gt; on Aug
  11, 1997
 
</step></directions></recipe></recipeml>
