<?xml version="1.0" encoding="UTF-8"?>

<recipeml version="0.5">
  <recipe>
    <head>
      <title>Apple Chicken with Curry Sauce</title>
      <categories>
        <cat>Apples</cat>
        <cat>Broccoli</cat>
        <cat>Chicken</cat>
        <cat>Main dishes</cat>
        <cat>Mushrooms</cat></categories>
      <yield>1</yield></head>
    <ingredients>
      <ing>
        <amt>
          <qty>2</qty>
          <unit>tablespoons</unit></amt>
        <item>Butter</item></ing>
      <ing>
        <amt>
          <qty>2</qty>
          <unit/></amt>
        <item>Tablesoons flour</item></ing>
      <ing>
        <amt>
          <qty>2</qty>
          <unit>cups</unit></amt>
        <item>Heavy cream</item></ing>
      <ing>
        <amt>
          <qty>2</qty>
          <unit/></amt>
        <item>Chicken bouillion cubes</item></ing>
      <ing>
        <amt>
          <qty>1/2</qty>
          <unit>cups</unit></amt>
        <item>Cream of coconut or 1/2 cup coconut milk</item></ing>
      <ing>
        <amt>
          <qty/>
          <unit/></amt>
        <item>Curry powder to taste; (approximately 1 teaspoon)</item></ing>
      <ing>
        <amt>
          <qty>1</qty>
          <unit/></amt>
        <item>Whole chicken breast</item></ing>
      <ing>
        <amt>
          <qty>1/4</qty>
          <unit>cups</unit></amt>
        <item>Apple slices</item></ing>
      <ing>
        <amt>
          <qty>1/4</qty>
          <unit>cups</unit></amt>
        <item>Onions; chopped</item></ing>
      <ing>
        <amt>
          <qty>1/4</qty>
          <unit>cups</unit></amt>
        <item>Mushrooms; chopped</item></ing>
      <ing>
        <amt>
          <qty>4</qty>
          <unit/></amt>
        <item>Broccoli florets; (4 to 5)</item></ing></ingredients>
    <directions>
      <step>  1. Prepare a roux by melting the butter and blending with the flour over
  medium heat.
  
  2. Stir constantly and add cream, bouillion cubes, and coconut milk.
  
  3. Add curry powder and continue stirring until mixture boils and thickens.
  Set aside.
  
  4. Place chicken breast in a small casserole dish, skin side down.
  
  5. Fill breast with the apples, onions, mushrooms, and broccoli.
  
  6. Fold two halves of chicken breast together.
  
  7. Cover with curry sauce and garnish.
  
  8. Bake for 15 to 20 minutes at 375 degrees.
  
  http://www.hgtv.com/recipes/recipe116.html
  
  Episode 116, Apple-Appeal MC formatting by bobbi744@acd.net ICQ #12099523
  Posted to MC-Recipe Digest by Roberta Banghart &lt;bobbi744@acd.net&gt; on May
  14, 1998
 
</step></directions></recipe></recipeml>
