<?xml version="1.0" encoding="UTF-8"?>

<recipeml version="0.5">
  <recipe>
    <head>
      <title>Apple Cake</title>
      <categories>
        <cat>German</cat>
        <cat>Fruits</cat>
        <cat>Cakes</cat></categories>
      <yield>6</yield></head>
    <ingredients>
      <ing>
        <amt>
          <qty>6</qty>
          <unit/></amt>
        <item>Apples; medium, tart</item></ing>
      <ing>
        <amt>
          <qty>2</qty>
          <unit/></amt>
        <item>Lemons; medium, juiced</item></ing>
      <ing>
        <amt>
          <qty>3</qty>
          <unit>tablespoons</unit></amt>
        <item>Sugar</item></ing>
      <ing>
        <amt>
          <qty>3</qty>
          <unit>tablespoons</unit></amt>
        <item>Butter</item></ing>
      <ing>
        <amt>
          <qty>3/4</qty>
          <unit>cups</unit></amt>
        <item>Sugar</item></ing>
      <ing>
        <amt>
          <qty>2</qty>
          <unit/></amt>
        <item>Egg yolks; large, divided *</item></ing>
      <ing>
        <amt>
          <qty>1/2</qty>
          <unit/></amt>
        <item>Lemon;juiced and peel grated</item></ing>
      <ing>
        <amt>
          <qty>1</qty>
          <unit>teaspoon</unit></amt>
        <item>Baking powder</item></ing>
      <ing>
        <amt>
          <qty>1 1/2</qty>
          <unit>cups</unit></amt>
        <item>Flour; unbleached</item></ing>
      <ing>
        <amt>
          <qty>3/4</qty>
          <unit>cups</unit></amt>
        <item>Milk</item></ing>
      <ing>
        <amt>
          <qty>1</qty>
          <unit>tablespoon</unit></amt>
        <item>Rum</item></ing>
      <ing>
        <amt>
          <qty>2</qty>
          <unit/></amt>
        <item>Egg whites; large</item></ing>
      <ing>
        <amt>
          <qty>1</qty>
          <unit>tablespoon</unit></amt>
        <item>Butter; to grease cake pan</item></ing>
      <ing>
        <amt>
          <qty>1</qty>
          <unit>teaspoon</unit></amt>
        <item>Vegetable oil</item></ing>
      <ing>
        <amt>
          <qty>3</qty>
          <unit>tablespoons</unit></amt>
        <item>Confectioners' sugar</item></ing></ingredients>
    <directions>
      <step>  *  Do not put the egg yolks together as they will be used individually.
  +++++++++++++++++++++++++++++++++++++++++++++++++++++++ ++++++++++++++ ++++
  Peel apples, cut in half and core. Cut decorative lengthwise slits in
  apples, about 1/2-inch deep. Sprinkle with lemon juice and sugar. Set
  aside.  Cream butter and sugar together.  One at a time, beat in egg yolks.
  Gradually beat in lemon juice and grated peel. Sift baking powder and flour
  together.  Gradually add to batter. Blend in milk and rum. In a small bowl,
  beat egg whites until stiff. Fold into batter. Generously grease a
  springform pan. Pour in batter and top with apple halves. Brush apples with
  oil.  Bake in a preheated 350 degree F. oven for 35 to 40 minutes. Remove
  from pan and sprinkle with confectioners' sugar.
  
  From Gemini's MASSIVE MealMaster collection at www.synapse.com/~gemini
 
</step></directions></recipe></recipeml>
