<?xml version="1.0" encoding="UTF-8"?>

<recipeml version="0.5">
  <recipe>
    <head>
      <title>Apple Cider Pot Roast</title>
      <categories>
        <cat>Beef</cat>
        <cat>Main dishes</cat></categories>
      <yield>1</yield></head>
    <ingredients>
      <ing>
        <amt>
          <qty>2</qty>
          <unit>tablespoons</unit></amt>
        <item>Oil</item></ing>
      <ing>
        <amt>
          <qty>1</qty>
          <unit/></amt>
        <item>3 lb</item></ing>
      <ing>
        <amt>
          <qty>2</qty>
          <unit>cups</unit></amt>
        <item>Apple cider</item></ing>
      <ing>
        <amt>
          <qty>3</qty>
          <unit/></amt>
        <item>Onions, peeled -- cut in</item></ing>
      <ing>
        <amt>
          <qty/>
          <unit/></amt>
        <item>Wedges</item></ing>
      <ing>
        <amt>
          <qty>2</qty>
          <unit/></amt>
        <item>Cloves garlic -- minced</item></ing>
      <ing>
        <amt>
          <qty>2 1/4</qty>
          <unit>teaspoons</unit></amt>
        <item>Salt</item></ing>
      <ing>
        <amt>
          <qty>1/2</qty>
          <unit>teaspoons</unit></amt>
        <item>Pepper</item></ing>
      <ing>
        <amt>
          <qty>2</qty>
          <unit/></amt>
        <item>Bay leaves</item></ing>
      <ing>
        <amt>
          <qty>4</qty>
          <unit/></amt>
        <item>Carrots,sliced --</item></ing>
      <ing>
        <amt>
          <qty/>
          <unit/></amt>
        <item>Diagonally</item></ing>
      <ing>
        <amt>
          <qty>3</qty>
          <unit/></amt>
        <item>Potatoes, pared -- cubed</item></ing>
      <ing>
        <amt>
          <qty>1/2</qty>
          <unit/></amt>
        <item>Head cabbage -- in wedges</item></ing>
      <ing>
        <amt>
          <qty>2</qty>
          <unit>cups</unit></amt>
        <item>Small fresh mushrooms</item></ing>
      <ing>
        <amt>
          <qty>1</qty>
          <unit/></amt>
        <item>Green pepper -- in small</item></ing>
      <ing>
        <amt>
          <qty/>
          <unit/></amt>
        <item>Squares</item></ing>
      <ing>
        <amt>
          <qty>3</qty>
          <unit/></amt>
        <item>Golden Delicious apples</item></ing>
      <ing>
        <amt>
          <qty/>
          <unit/></amt>
        <item>Pared -- cored</item></ing>
      <ing>
        <amt>
          <qty/>
          <unit/></amt>
        <item>Cut in wedges</item></ing>
      <ing>
        <amt>
          <qty>1/2</qty>
          <unit>cups</unit></amt>
        <item>Water</item></ing>
      <ing>
        <amt>
          <qty>1/4</qty>
          <unit>cups</unit></amt>
        <item>Flour</item></ing>
      <ing>
        <amt>
          <qty>1</qty>
          <unit>teaspoon</unit></amt>
        <item>Kitchen Bouquet</item></ing>
      <ing>
        <amt>
          <qty/>
          <unit/></amt>
        <item>Pork roast</item></ing></ingredients>
    <directions>
      <step>  Heat oil in dutch oven and brown pork on all sides.  Pour off the fat. add
  cider, onions,garlic, salt, pepper and bay leaves. Bring to boil, then
  cover and reduce heat. Cook for 1 1/2 hours, until meat is tender. Add
  carrots and potatoes and cook 15 minutes more.Add cabbage, mushrooms, green
  pepper and apples. cook until all vegetables are tender 15-2- minutes.
  Remove meat and vegetables to a warm dish and keep warm while you make the
  gravy. Discard the bay leaves. Skim off the fat from the liquid. Reserve 1
  3/4 cups of liquid. (add water if need to make up difference). Blend cold
  water with flour and stir into hot reserved liquid. Cook until thickened.
  Stir in Kitchen Bouquet. Adjust seasoning to taste.
  
  Recipe By     : DLGREAT
  
  From: Ladies Home Journal- August 1991
  
  File ftp://ftp.idiscover.co.uk/pub/food/mealmaster/recipes/mmdja006.zip
 
</step></directions></recipe></recipeml>
