<?xml version="1.0" encoding="UTF-8"?>

<recipeml version="0.5">
  <recipe>
    <head>
      <title>Apple Cinnamon Cranberry Pie</title>
      <categories>
        <cat>Desserts</cat>
        <cat>Apples</cat>
        <cat>Cranberries</cat>
        <cat>Fruit</cat></categories>
      <yield>8</yield></head>
    <ingredients>
      <ing>
        <amt>
          <qty>2</qty>
          <unit/></amt>
        <item>Pie crust  (9 inch)</item></ing>
      <ing>
        <amt>
          <qty>3/4</qty>
          <unit>cups</unit></amt>
        <item>Sugar</item></ing>
      <ing>
        <amt>
          <qty>1/4</qty>
          <unit>cups</unit></amt>
        <item>Cornstarch</item></ing>
      <ing>
        <amt>
          <qty>1</qty>
          <unit>teaspoon</unit></amt>
        <item>Cinnamon</item></ing>
      <ing>
        <amt>
          <qty>5</qty>
          <unit>cups</unit></amt>
        <item>Apples, peeled; sliced</item></ing>
      <ing>
        <amt>
          <qty>2</qty>
          <unit>cups</unit></amt>
        <item>Cranberries; fresh or frozen</item></ing>
      <ing>
        <amt>
          <qty>1/3</qty>
          <unit>cups</unit></amt>
        <item>Corn syrup; light or dark</item></ing>
      <ing>
        <amt>
          <qty>1</qty>
          <unit>tablespoon</unit></amt>
        <item>Butter or margarine</item></ing>
      <ing>
        <amt>
          <qty/>
          <unit/></amt>
        <item>Milk</item></ing>
      <ing>
        <amt>
          <qty/>
          <unit/></amt>
        <item>Sugar</item></ing></ingredients>
    <directions>
      <step>  Preparation Time: 1:00 Prepare pie crusts for filled two-crust pie using
  9-inch pan. Heat oven to 450F. In a large bowl, stir sugar, corn starch and
  cinnamon until well mixed. In another large bowl, mix apples, cranberries
  and corn syrup. Add fruit to sugar mixture. Mix to combine. Spoon into pie
  crust-lined pan. Dot with butter. Top with second crust; flute.Cut four
  4-inch slashes in center of crust forming a criss-cross design. Peel back
  center points and press lightly in crust to hod and form 8 petals. Brush
  crust with milk; sprinkle with sugar. Bake at 450F for 10 minutes. Reduce
  temperature to 350F; continue baking 40 to 45 minutes or until golden
  brown. Cool completely on wire rack. Store in refrigerator. posted by
  bobbi744@sojourn.com
  Recipe By     : Unknown
  
  Posted to MC-Recipe Digest V1 #263
  
  Date: Sun, 27 Oct 1996 21:24:45 -0500
  
  From: Roberta Banghart &lt;bobbi744@sojourn.com&gt;
 
</step></directions></recipe></recipeml>
