<?xml version="1.0" encoding="UTF-8"?>

<recipeml version="0.5">
  <recipe>
    <head>
      <title>Apple Cheese Spread</title>
      <categories>
        <cat>Cream chees</cat>
        <cat>Cheese</cat>
        <cat>Spirits</cat></categories>
      <yield>1</yield></head>
    <ingredients>
      <ing>
        <amt>
          <qty>8</qty>
          <unit>ounces</unit></amt>
        <item>Cream cheese -- soft</item></ing>
      <ing>
        <amt>
          <qty>1</qty>
          <unit>cup</unit></amt>
        <item>Grated cheddar cheese -- at</item></ing>
      <ing>
        <amt>
          <qty/>
          <unit/></amt>
        <item>Room temp</item></ing>
      <ing>
        <amt>
          <qty>2</qty>
          <unit>tablespoons</unit></amt>
        <item>Brandy or sherry</item></ing>
      <ing>
        <amt>
          <qty>1</qty>
          <unit>medium</unit></amt>
        <item>Size apple (Granny Smith --</item></ing>
      <ing>
        <amt>
          <qty/>
          <unit/></amt>
        <item>Or the like)</item></ing>
      <ing>
        <amt>
          <qty>1/4</qty>
          <unit>teaspoons</unit></amt>
        <item>Black pepper</item></ing>
      <ing>
        <amt>
          <qty>1</qty>
          <unit>teaspoon</unit></amt>
        <item>Dried thyme</item></ing>
      <ing>
        <amt>
          <qty>1</qty>
          <unit>teaspoon</unit></amt>
        <item>Dried basil</item></ing>
      <ing>
        <amt>
          <qty>1</qty>
          <unit>teaspoon</unit></amt>
        <item>Dried oregano</item></ing></ingredients>
    <directions>
      <step>  Combine the cheeses, and brandy.  Beat till smooth. Peel, core, and grate
  the apple into the bowl. Sprinkle w/ the pepper and the herbs. Stir till
  combined. Spoon into a bowl (or crock), cover, and chill about an hour.
  Serve on toast or crackers.
  
  Recipe By     : DReamer701
  
  From: Ladies Home Journal- August 1991
  
  File ftp://ftp.idiscover.co.uk/pub/food/mealmaster/recipes/mmdja006.zip
 
</step></directions></recipe></recipeml>
