<?xml version="1.0" encoding="UTF-8"?>

<recipeml version="0.5">
  <recipe>
    <head>
      <title>Apple Cake with Cream Cheese Frosting</title>
      <categories>
        <cat>Cake</cat></categories>
      <yield>16</yield></head>
    <ingredients>
      <ing-div>
        <title/>
        <ing>
          <amt>
            <qty>2</qty>
            <unit/></amt>
          <item>Eggs</item></ing>
        <ing>
          <amt>
            <qty>2</qty>
            <unit>cups</unit></amt>
          <item>Sugar</item></ing>
        <ing>
          <amt>
            <qty>1/2</qty>
            <unit>cups</unit></amt>
          <item>Oil  (I use canola)</item></ing>
        <ing>
          <amt>
            <qty>1</qty>
            <unit>teaspoon</unit></amt>
          <item>Vanilla</item></ing>
        <ing>
          <amt>
            <qty>2</qty>
            <unit>cups</unit></amt>
          <item>Flour  (unbleached white)</item></ing>
        <ing>
          <amt>
            <qty>1/2</qty>
            <unit>teaspoons</unit></amt>
          <item>Salt</item></ing>
        <ing>
          <amt>
            <qty>1</qty>
            <unit>teaspoon</unit></amt>
          <item>Baking soda</item></ing>
        <ing>
          <amt>
            <qty>2</qty>
            <unit>teaspoons</unit></amt>
          <item>Cinnamon</item></ing>
        <ing>
          <amt>
            <qty>1/4</qty>
            <unit>teaspoons</unit></amt>
          <item>Nutmeg</item></ing>
        <ing>
          <amt>
            <qty>5</qty>
            <unit>medium</unit></amt>
          <item>Apples; diced (I like granny smiths and they needn't be peeled)</item></ing>
        <ing>
          <amt>
            <qty>1</qty>
            <unit>cup</unit></amt>
          <item>Walnuts; chopped</item></ing></ing-div>
      <ing-div>
        <title>CREAM CHEESE FROSTING</title>
        <ing>
          <amt>
            <qty>1</qty>
            <unit>package</unit></amt>
          <item>(3-oz) cream cheese</item></ing>
        <ing>
          <amt>
            <qty>3</qty>
            <unit>tablespoons</unit></amt>
          <item>Butter; softened</item></ing>
        <ing>
          <amt>
            <qty>1/2</qty>
            <unit>teaspoons</unit></amt>
          <item>Vanilla</item></ing>
        <ing>
          <amt>
            <qty>1 1/2</qty>
            <unit>cups</unit></amt>
          <item>Powdered sugar</item></ing></ing-div></ingredients>
    <directions>
      <step>  From: pasquale@lanl.gov (Gina Pasquale)
  
  Date: 21 Apr 1994 19:04:51 -0400
  I have enjoyed this newsgroup immensely.  I've gotten so many good recipes
  from postings that I thought I'd post one of my favorites.  This came from
  a newspaper many years ago, and I always get compliments when I make it.
  
  Beat eggs until light &amp; fluffy.  Gradually add in sugar, oil &amp; vanilla.
  Sift together flour, salt, soda, cinnamon &amp; nutmeg (I don't sift, just
  mix); add to first mixture. Stir in apples &amp; walnuts. Place in greased
  9x13" pan. Bake in 350 deg. oven for 45 min. or until center springs back
  when touched. Allow to cool in pan on a rack for 15 min; spread with Cream
  Cheese Frosting (recipe follows).
  
  CREAM CHEESE FROSTING: Beat cream cheese and butter together.  Add vanilla
  and beat.  Gradually beat in powdered sugar until smooth.
  
  Note:  Both cake and frosting freeze well.
  
  REC.FOOD.RECIPES ARCHIVES
  
  /CAKES
  
  From rec.food.cooking archives.  Downloaded from Glen's MM Recipe Archive,
  http://www.erols.com/hosey.
 
</step></directions></recipe></recipeml>
