<?xml version="1.0" encoding="UTF-8"?>

<recipeml version="0.5">
  <recipe>
    <head>
      <title>Apple Cinnamon Muffins</title>
      <categories>
        <cat>Fruit</cat>
        <cat>Quick bread</cat></categories>
      <yield>12</yield></head>
    <ingredients>
      <ing>
        <amt>
          <qty>1 1/4</qty>
          <unit>cups</unit></amt>
        <item>Oat bran cereal; uncooked</item></ing>
      <ing>
        <amt>
          <qty>1</qty>
          <unit>cup</unit></amt>
        <item>Whole wheat flour</item></ing>
      <ing>
        <amt>
          <qty>2</qty>
          <unit>teaspoons</unit></amt>
        <item>Ground cinnamon</item></ing>
      <ing>
        <amt>
          <qty>1</qty>
          <unit>teaspoon</unit></amt>
        <item>Baking powder</item></ing>
      <ing>
        <amt>
          <qty>3/4</qty>
          <unit>teaspoons</unit></amt>
        <item>Baking soda</item></ing>
      <ing>
        <amt>
          <qty>1/2</qty>
          <unit>teaspoons</unit></amt>
        <item>Salt</item></ing>
      <ing>
        <amt>
          <qty>3/4</qty>
          <unit>cups</unit></amt>
        <item>Unsweetened applesauce</item></ing>
      <ing>
        <amt>
          <qty>1</qty>
          <unit>cup</unit></amt>
        <item>Apple; peel core and dice</item></ing>
      <ing>
        <amt>
          <qty>1/2</qty>
          <unit>cups</unit></amt>
        <item>Honey</item></ing>
      <ing>
        <amt>
          <qty>1/2</qty>
          <unit>cups</unit></amt>
        <item>Vegetable oil</item></ing>
      <ing>
        <amt>
          <qty>1</qty>
          <unit/></amt>
        <item>Egg</item></ing>
      <ing>
        <amt>
          <qty>1</qty>
          <unit>teaspoon</unit></amt>
        <item>Pure vanilla extract</item></ing></ingredients>
    <directions>
      <step>  1.Preheat oven to 375F.
  
  2.Coat 12 medium-size cups with vegetables oil or line with paper baking
  cups.
  
  3.In a medium bowl combine oat bran cereal, flour, cinnamon, baking powder,
  soda, and salt.
  
  4.In large bowl combine applesauce, honey, oil, egg, and vanilla. Stir in
  dry ingredients; mix well. Stir in apple.
  
  5.Fill prepared muffin cup almost full. Bake 15-20 minutes or until golden
  brown. Serve warm.
  
  NUTRITIONAL INFORMATION per serving: 160 Calories; 7g Fat; 3g Protein.
  39.4%cff
  
  Diabetic Exchanges: 1 starch/bread; 1 fat; 1/2 fruit
  
  Diabetic Gourmet Magazine at
  http://gourmetconnection.com/diabetic/dgrcp.shtml
  
  Preparation Time: 20 minutes Difficulty Level: 2 Servings: 12
  
  kitpath/mcBUSTer nov 97
  
  Recipe by: Diabetic Gourmet Magazine
  
  Posted to MC-Recipe Digest V1 #885 by KitPATh &lt;phannema@wizard.ucr.edu&gt; on
  Nov 05, 1997
 
</step></directions></recipe></recipeml>
