<?xml version="1.0" encoding="UTF-8"?>

<recipeml version="0.5">
  <recipe>
    <head>
      <title>Apple Cheesecake</title>
      <categories>
        <cat>Desserts</cat>
        <cat>Dairy</cat></categories>
      <yield>1</yield></head>
    <ingredients>
      <ing>
        <amt>
          <qty>1</qty>
          <unit>cup</unit></amt>
        <item>Graham cracker crumbs</item></ing>
      <ing>
        <amt>
          <qty/>
          <unit/></amt>
        <item>Sugar</item></ing>
      <ing>
        <amt>
          <qty>1</qty>
          <unit>teaspoon</unit></amt>
        <item>Cinnamon; divided</item></ing>
      <ing>
        <amt>
          <qty>3</qty>
          <unit>tablespoons</unit></amt>
        <item>Margarine; melted</item></ing>
      <ing>
        <amt>
          <qty>16</qty>
          <unit>ounces</unit></amt>
        <item>Cream cheese; softened</item></ing>
      <ing>
        <amt>
          <qty>2</qty>
          <unit/></amt>
        <item>Eggs</item></ing>
      <ing>
        <amt>
          <qty>1/2</qty>
          <unit>teaspoons</unit></amt>
        <item>Vanilla extract</item></ing>
      <ing>
        <amt>
          <qty>4</qty>
          <unit>cups</unit></amt>
        <item>Apple slices; thinly sliced, peeled, about 2 1/2 lbs apples</item></ing>
      <ing>
        <amt>
          <qty>1/2</qty>
          <unit>cups</unit></amt>
        <item>Pecans; chopped</item></ing></ingredients>
    <directions>
      <step>  :    Preheat oven to 350~. Combine crumbs, 3 tablespoons sugar, 1/2
  teaspoon cinnamon and margarine in small bowl; mix well. Press onto bottom
  and up sides of 9-inch pie plate. Bake crust 10 minutes.
  :
    Beat together cream cheese and 1/2 cup sugar in large bowl until well
  blended. Add eggs, one at a time, beating well after each addition. Blend
  in vanilla; pour into crust. Combine remaining 1/3 cup sugar and remaining
  1/2 teaspoon cinnamon in large bowl. Add apples; toss gently to coat. Spoon
  apple mixture over cream cheese mixture. Sprinkle with pecans.
  :    Bake 1 hour and 10 minutes or until set. Loosen cake from rim of pan;
  cool before removing rim of pan. Refrigerate.
  
  From Gemini's MASSIVE MealMaster collection at www.synapse.com/~gemini
 
</step></directions></recipe></recipeml>
