<?xml version="1.0" encoding="UTF-8"?>

<recipeml version="0.5">
  <recipe>
    <head>
      <title>Apple Cider Doughnuts with Maple Glaze</title>
      <categories>
        <cat>Cake</cat></categories>
      <yield>12</yield></head>
    <ingredients>
      <ing-div>
        <title/>
        <ing>
          <amt>
            <qty>3</qty>
            <unit>tablespoons</unit></amt>
          <item>Granulated sugar for preparing pans or as needed</item></ing>
        <ing>
          <amt>
            <qty>2</qty>
            <unit>cups</unit></amt>
          <item>Flour</item></ing>
        <ing>
          <amt>
            <qty>1 1/2</qty>
            <unit>teaspoons</unit></amt>
          <item>Baking powder</item></ing>
        <ing>
          <amt>
            <qty>1 1/2</qty>
            <unit>teaspoons</unit></amt>
          <item>Baking soda</item></ing>
        <ing>
          <amt>
            <qty>1/2</qty>
            <unit>teaspoons</unit></amt>
          <item>Salt</item></ing>
        <ing>
          <amt>
            <qty>2</qty>
            <unit>teaspoons</unit></amt>
          <item>Ground cinnamon</item></ing>
        <ing>
          <amt>
            <qty>1</qty>
            <unit/></amt>
          <item>Egg; lightly beaten</item></ing>
        <ing>
          <amt>
            <qty>2/3</qty>
            <unit>cups</unit></amt>
          <item>Brown sugar</item></ing>
        <ing>
          <amt>
            <qty>1/2</qty>
            <unit>cups</unit></amt>
          <item>Apple butter</item></ing>
        <ing>
          <amt>
            <qty>1/3</qty>
            <unit>cups</unit></amt>
          <item>Maple syrup</item></ing>
        <ing>
          <amt>
            <qty>1/3</qty>
            <unit>cups</unit></amt>
          <item>Apple cider</item></ing>
        <ing>
          <amt>
            <qty>1/3</qty>
            <unit>cups</unit></amt>
          <item>Nonfat plain yogurt</item></ing>
        <ing>
          <amt>
            <qty>3</qty>
            <unit>tablespoons</unit></amt>
          <item>Canola oil</item></ing></ing-div>
      <ing-div>
        <title>MAPLE GLAZE</title>
        <ing>
          <amt>
            <qty>1 1/4</qty>
            <unit>cups</unit></amt>
          <item>Powdered sugar</item></ing>
        <ing>
          <amt>
            <qty>1</qty>
            <unit>teaspoon</unit></amt>
          <item>Vanilla extract (up to)</item></ing>
        <ing>
          <amt>
            <qty>1/3</qty>
            <unit>cups</unit></amt>
          <item>Maple syrup</item></ing>
        <ing>
          <amt>
            <qty>From:</qty>
            <unit/></amt>
          <item>"Crystal D. Davis" &lt;crystald@RUF.RICE.EDU&gt;</item></ing>
        <ing>
          <amt>
            <qty>Date:</qty>
            <unit/></amt>
          <item>Mon, 15 Jul 1996 09:44:57 -0500</item></ing></ing-div></ingredients>
    <directions>
      <step>  I can't remember who was asking for baked doughnuts (sorry!), but here is
  the recipe I have.  It came from Eating Well.  I found this a little too
  sweet, so now I skip or halve the glaze.  I've also tried this using
  artificial sweetener and the texture is fine.
  
  Use a 6-cake minibundt pan or a regular bundt pan.  For minibundt pan, oven
  400 degrees cook 10 to 12 minutes.  For regular bundt pan, oven 375 and
  cook 25 to 30 minutes. Preheat oven and prepare pan by coating it with
  nonstick spray and a light dusting of granulated sugar.
  
  Mix flour, baking powder, soda, salt, cinnamon.  Set aside.  In another
  bowl, mix egg, brown sugar, apple butter, syrup, cider, yogurt, and oil.
  Add dry ingredients and stir until just moistened. Use about two generous
  tablespoons per minibundt cup - makes twelve.  Dip shaped side of
  "doughnuts" in glaze to coat.
  
  Each (or 1/12 of coffee cake): 252 cal, 3 g protein, 4 g fat, 52 g
  carbohydrates, 255 mg sodium, 18 mg cholesterol
  
  Maple Glaze: Mix.  Use as directed above.
  
  EAT-L Digest 14 July 96
  
  From the EAT-L recipe list.  Downloaded from Glen's MM Recipe Archive,
  http://www.erols.com/hosey.
 
</step></directions></recipe></recipeml>
