<?xml version="1.0" encoding="UTF-8"?>

<recipeml version="0.5">
  <recipe>
    <head>
      <title>Apple Cheese Balls (Motts)</title>
      <categories>
        <cat>Appetizers</cat>
        <cat>Brandname</cat></categories>
      <yield>32</yield></head>
    <ingredients>
      <ing>
        <amt>
          <qty>16</qty>
          <unit>ounces</unit></amt>
        <item>Cream cheese; softened</item></ing>
      <ing>
        <amt>
          <qty>1/2</qty>
          <unit>cups</unit></amt>
        <item>Regular Apple Sauce</item></ing>
      <ing>
        <amt>
          <qty>1</qty>
          <unit>cup</unit></amt>
        <item>Golden raisins</item></ing>
      <ing>
        <amt>
          <qty>1</qty>
          <unit>cup</unit></amt>
        <item>Coconut</item></ing>
      <ing>
        <amt>
          <qty>1</qty>
          <unit>teaspoon</unit></amt>
        <item>Curry powder</item></ing>
      <ing>
        <amt>
          <qty>1/2</qty>
          <unit>cups</unit></amt>
        <item>Coconut; toasted*</item></ing></ingredients>
    <directions>
      <step>  In medium bowl, beat cream cheese until smooth. Beat in apple sauce.
  
  Add remaining ingredients except toasted coconut; blend well.
  
  Cover; refrigerate at least 1 hour or until firm.
  
  Divide mixture in half. On plastic wrap or waxed paper, form each half into
  ball; roll each ball in toasted coconut. Serve with crackers.
  
  TIP: *To toast coconut, spread on cookie sheet; bake at 350F for 5 to 7
  minutes or until light golden brown, stirring occasionally.
  
  Yields 2 cheese balls.
  
  Notes: Pantry: Mott's Regular Apple Sauce. Serve these festive cheese balls
  with an assortment of crackers, French bread, or sliced fresh fruit such as
  apples or pears.
  
  &gt;Hanneman/Buster 1998-Apr
  
  Recipe by: Motts Applesauce www.motts.com
  
  Posted to MC-Recipe Digest by KitPATh &lt;phannema@wizard.ucr.edu&gt; on Apr 18,
  1998
 
</step></directions></recipe></recipeml>
