<?xml version="1.0" encoding="UTF-8"?>

<recipeml version="0.5">
  <recipe>
    <head>
      <title>Amaretto Souffle</title>
      <categories>
        <cat>None</cat></categories>
      <yield>1</yield></head>
    <ingredients>
      <ing>
        <amt>
          <qty>3</qty>
          <unit/></amt>
        <item>Whole eggs plus</item></ing>
      <ing>
        <amt>
          <qty>5</qty>
          <unit/></amt>
        <item>Egg yolks</item></ing>
      <ing>
        <amt>
          <qty>1/2</qty>
          <unit>cups</unit></amt>
        <item>Superfine sugar</item></ing>
      <ing>
        <amt>
          <qty>1/3</qty>
          <unit>cups</unit></amt>
        <item>Amaretto liquor or wine</item></ing>
      <ing>
        <amt>
          <qty>1</qty>
          <unit>cup</unit></amt>
        <item>Crushed almond macaroons that have been toasted in a low oven til hard.</item></ing>
      <ing>
        <amt>
          <qty>2</qty>
          <unit>cups</unit></amt>
        <item>Heavy cream</item></ing></ingredients>
    <directions>
      <step>  THIS RECIPE SERVES WELL FOR PASSOVER AS WELL AS THE REST OF THE YEAR.HIGH
  IN CALORIES AND CHOLESTERAL,BUT WELL WORTH IT .
  
  In a large bowl, beat the eggs and sugar til thick and light in color. Turn
  mixer to low speed and add amaretto and most of the macaroon crumbs. whip
  cream and fold into egg mixture. Pour into a pretty souffle or other
  serving dish, sprinkle remaining macaroon crumbs on top and E N J O Y
  
  THIS IS A FROZEN DESSERT----- PLACE IN FREEZER SEVERAL HOURS OR
  OVERNIGHT----BETTER THAN ICE-CREAM-------
  
  HAVE A HEALTHY , HAPPY, JOYOUS PASSOVER--------
  
  Posted to JEWISH-FOOD digest by BEVENUE &lt;BEVENUE@aol.com&gt; on Apr 3, 1998
 
</step></directions></recipe></recipeml>
