<?xml version="1.0" encoding="UTF-8"?>

<recipeml version="0.5">
  <recipe>
    <head>
      <title>Amaretto Wreath Pie</title>
      <categories>
        <cat>Pies</cat>
        <cat>Holiday</cat>
        <cat>Christmas</cat></categories>
      <yield>8</yield></head>
    <ingredients>
      <ing>
        <amt>
          <qty>1 1/2</qty>
          <unit>cups</unit></amt>
        <item>Vanilla wafer cookie crumbs</item></ing>
      <ing>
        <amt>
          <qty>1</qty>
          <unit>tablespoon</unit></amt>
        <item>Amaretto</item></ing>
      <ing>
        <amt>
          <qty>1/4</qty>
          <unit>cups</unit></amt>
        <item>Butter; melted</item></ing>
      <ing>
        <amt>
          <qty>2</qty>
          <unit>packages</unit></amt>
        <item>Pistachio instant pudding</item></ing>
      <ing>
        <amt>
          <qty>3</qty>
          <unit>cups</unit></amt>
        <item>Half &amp; half</item></ing>
      <ing>
        <amt>
          <qty>1/3</qty>
          <unit>cups</unit></amt>
        <item>Amaretto</item></ing>
      <ing>
        <amt>
          <qty>20</qty>
          <unit>ounces</unit></amt>
        <item>Crushed pineapple; drained</item></ing>
      <ing>
        <amt>
          <qty>1</qty>
          <unit>cup</unit></amt>
        <item>Heavy cream</item></ing>
      <ing>
        <amt>
          <qty>2</qty>
          <unit>tablespoons</unit></amt>
        <item>Confectioners sugar</item></ing>
      <ing>
        <amt>
          <qty>1</qty>
          <unit>teaspoon</unit></amt>
        <item>Vanilla</item></ing>
      <ing>
        <amt>
          <qty/>
          <unit/></amt>
        <item>Almonds or pistachio; crushd</item></ing></ingredients>
    <directions>
      <step>  In a bowl, mix cookie crumbs, amaretto and butter. Press mixture firmly
  into an ungreased 9" pie plate. In a bowl, combine pudding mix and half &amp;
  half until smooth. Gradually beat in Amaretto. Fold in pineapple. Turn
  mixture into pie plate. Chill until thick. When ready to serve, whip cream
  with sugar and vanilla until thick. Spoon cream around outter edge of pie.
  Sprinkle with crushed nuts.
  
  Shared by DSIREN@delphi.com on Dec. 21, 1997.
  Posted to recipelu-digest Volume 01 Number 391 by Badams
  &lt;adamsfmle@sprintmail.com&gt; on Dec 21, 1997
 
</step></directions></recipe></recipeml>
