<?xml version="1.0" encoding="UTF-8"?>

<recipeml version="0.5">
  <recipe>
    <head>
      <title>Amas Retes (Apple Strudel)</title>
      <categories>
        <cat>Desserts</cat>
        <cat>Hungary</cat></categories>
      <yield>1</yield></head>
    <ingredients>
      <ing>
        <amt>
          <qty>1</qty>
          <unit/></amt>
        <item>Recipe of strudel dough (or substitue phyllo dough)</item></ing>
      <ing>
        <amt>
          <qty>3/4</qty>
          <unit>cups</unit></amt>
        <item>Butter, melted</item></ing>
      <ing>
        <amt>
          <qty>1/2</qty>
          <unit>cups</unit></amt>
        <item>Fine bread crumbs</item></ing>
      <ing>
        <amt>
          <qty>8</qty>
          <unit>medium</unit></amt>
        <item>Granny Smith apples, peeled, cored and cut thin</item></ing>
      <ing>
        <amt>
          <qty>1/2</qty>
          <unit>cups</unit></amt>
        <item>Chopped walnuts</item></ing>
      <ing>
        <amt>
          <qty>1/2</qty>
          <unit>cups</unit></amt>
        <item>Sugar</item></ing>
      <ing>
        <amt>
          <qty>1 1/2</qty>
          <unit>teaspoons</unit></amt>
        <item>Ground cinnamon</item></ing></ingredients>
    <directions>
      <step>  Preheat the oven to 350 degrees. Place a sheet of strudel dough on a damp
  kitchen towel and butter generously with melted butter. Sprinkle with a
  thin layer of bread crumbs and top with a second sheet of dough. Brush this
  layer with butter and spirnkle with a few of the bread crumbs. Repeat,
  making a second strudel base. Toss together the apples, walnuts, sugar,
  cinnamon and remaining bread crumbs. Spread half the apple mixture on a
  three inch strip down the center of each dough, leaving 2 inches of space
  on each side. Roll the strudel with the aid of the towel, jelly roll
  fashion, staring at the long sid nearest you. Tuck in the edges of the
  dough and place the strudel seam, side down on a buttered baking sheet.
  Brush generously with part of remaining butter. Repeat with second strudel.
  Bake the strudels in a preheated oven for 35-30 minutes. If they are
  browning too quickly tent with aluminum foil, but remove it ten minutes
  before cooking time is complete. Dust the strudels with sifted
  confectioners sugar and serve warm. Amas retes - Apple Strudel
  
  File ftp://ftp.idiscover.co.uk/pub/food/mealmaster/recipes/mmdja006.zip
 
</step></directions></recipe></recipeml>
