<?xml version="1.0" encoding="UTF-8"?>

<recipeml version="0.5">
  <recipe>
    <head>
      <title>Amazing Corn Bread</title>
      <categories>
        <cat>Digest</cat>
        <cat>Feb95</cat>
        <cat>Fatfree</cat></categories>
      <yield>1</yield></head>
    <ingredients>
      <ing>
        <amt>
          <qty>1</qty>
          <unit>cup</unit></amt>
        <item>Cornmeal</item></ing>
      <ing>
        <amt>
          <qty>1/2</qty>
          <unit>cups</unit></amt>
        <item>Flour</item></ing>
      <ing>
        <amt>
          <qty>1</qty>
          <unit>tablespoon</unit></amt>
        <item>Baking powder</item></ing>
      <ing>
        <amt>
          <qty>3</qty>
          <unit>tablespoons</unit></amt>
        <item>Sugar</item></ing>
      <ing>
        <amt>
          <qty>1/2</qty>
          <unit>teaspoons</unit></amt>
        <item>Salt (I omit)</item></ing>
      <ing>
        <amt>
          <qty>1</qty>
          <unit/></amt>
        <item>Apple made into applesauce*</item></ing>
      <ing>
        <amt>
          <qty>3/4</qty>
          <unit>cups</unit></amt>
        <item>Skim milk</item></ing>
      <ing>
        <amt>
          <qty>2</qty>
          <unit/></amt>
        <item>Egg whites</item></ing></ingredients>
    <directions>
      <step>  Preheat oven to 425f. Grease a pan ( I used a medium vision pot sprayed
  lightly with Pam) and put in oven to preheat. Mix all ingredients, pour
  batter into heated pan and bake for 20 min.
  
  This cornbread was quite moist and flavourful. I'd cut the sugar down or
  out if you were going to serve it with chilli or something like that. It is
  really great hot out of the oven with molasses. (It was the molasses
  discussions that got me thinking about ff corn bread. I have succesfully
  kept in an airtight container over night in the fridge....sorry, it
  doesen't last any longer!
  
  *To make applesauce quick I cut up 1 apple and put in a bowl with a bit of
  water and then microwave on high for about 2 min. Then I use my handblender
  to make it into sauce. Make sure you do this in a tall, thin container as
  it tends to spit up and hot apple sauce really burns! One apple makes about
  1/3 of a cup so you could use storebought for this.
  
  Source: adaptation of version in archives
  
  Posted by Iggulden Christine I &lt;4cii@qlink.queensu.ca&gt; to the Fatfree
  Digest [Volume 15 Issue 2] Feb. 2, 1995.
  
  Individual recipes copyrighted by originator. FATFREE Recipe collections
  copyrighted by Michelle Dick 1995. Formatted by Sue Smith,
  SueSmith9@aol.com using MMCONV. Archived through kindness of Karen
  Mintzias, km@salata.com.
  
  1.80á
  
  File ftp://ftp.idiscover.co.uk/pub/food/mealmaster/recipes/fatfreex.zip
 
</step></directions></recipe></recipeml>
