<?xml version="1.0" encoding="UTF-8"?>

<recipeml version="0.5">
  <recipe>
    <head>
      <title>Amazing Corn Bread</title>
      <categories>
        <cat>Bread</cat></categories>
      <yield>6</yield></head>
    <ingredients>
      <ing>
        <amt>
          <qty>1</qty>
          <unit>cup</unit></amt>
        <item>Cornmeal</item></ing>
      <ing>
        <amt>
          <qty>1/2</qty>
          <unit>cups</unit></amt>
        <item>Whole wheat flour</item></ing>
      <ing>
        <amt>
          <qty>1</qty>
          <unit>tablespoon</unit></amt>
        <item>Baking powder (up to)</item></ing>
      <ing>
        <amt>
          <qty>3</qty>
          <unit>tablespoons</unit></amt>
        <item>Sugar; depending on taste</item></ing>
      <ing>
        <amt>
          <qty>1/2</qty>
          <unit>teaspoons</unit></amt>
        <item>Salt</item></ing>
      <ing>
        <amt>
          <qty>1</qty>
          <unit/></amt>
        <item>Apple made into applesauce or-</item></ing>
      <ing>
        <amt>
          <qty>1/3</qty>
          <unit>cups</unit></amt>
        <item>Prepared applesauce</item></ing>
      <ing>
        <amt>
          <qty>3/4</qty>
          <unit>cups</unit></amt>
        <item>Skim milk</item></ing>
      <ing>
        <amt>
          <qty>2</qty>
          <unit/></amt>
        <item>Egg whites</item></ing>
      <ing>
        <amt>
          <qty>1</qty>
          <unit>can</unit></amt>
        <item>(15-oz) creamed corn; optional</item></ing></ingredients>
    <directions>
      <step>  From: Natalie Frankel &lt;Natalie.Frankel@mixcom.com&gt;
  
  Date: Wed, 10 Jul 1996 23:13:19 -0500
  I've received several requests for the recipe, so I thought I'd post it to
  the group since it might not be retrievable from the archives with them
  down at this time. The original poster was Iggulden Christin I
  4cii@qlink.queensu.ca&gt;.  I altered the recipe by adding canned creamed corn
  (which you know is just corn - there is no cream).
  
  Preheat oven to 425 degrees f. Pam spray an 8" X 8 " cake pan or equivalent
  iron skillet or other oven-proof pan and put into the oven to preheat. Mix
  all ingredients, pour batter into heated pan and bake for 20 mins.
  
  Freezes well - if it lasts that long.  Refrigerate any leftovers and serve
  cold or it also improves when reheated for about 15 minutes at 350 degrees
  and gets crisp. Christine likes it hot out of the oven with molasses.
  
  fatfree digest V96 #191
  
  From the Fatfree Vegetarian recipe list.  Downloaded from Glen's MM Recipe
  Archive, http://www.erols.com/hosey.
 
</step></directions></recipe></recipeml>
