<?xml version="1.0" encoding="UTF-8"?>

<recipeml version="0.5">
  <recipe>
    <head>
      <title>Ambat-Varan (A Curry)</title>
      <categories>
        <cat>Vegetable</cat></categories>
      <yield>1</yield></head>
    <ingredients>
      <ing>
        <amt>
          <qty>1/2</qty>
          <unit>cups</unit></amt>
        <item>Red gram dal (like small lentils)</item></ing>
      <ing>
        <amt>
          <qty/>
          <unit/></amt>
        <item>Salt and jaggery to taste (jaggery is like brown sugar; actually dried sugar cane juice; like Sucanat)</item></ing>
      <ing>
        <amt>
          <qty>1/2</qty>
          <unit>teaspoons</unit></amt>
        <item>Turmeric powder</item></ing>
      <ing>
        <amt>
          <qty>1 1/2</qty>
          <unit>liters</unit></amt>
        <item>Water</item></ing>
      <ing>
        <amt>
          <qty/>
          <unit/></amt>
        <item>Tamarind pulp to taste (this makes it sour) (up to)</item></ing>
      <ing>
        <amt>
          <qty>4</qty>
          <unit/></amt>
        <item>Sliced sliced green chillies or-</item></ing>
      <ing>
        <amt>
          <qty>1/2</qty>
          <unit>teaspoons</unit></amt>
        <item>Chilli powder (cayenne)</item></ing>
      <ing>
        <amt>
          <qty>1</qty>
          <unit/></amt>
        <item>Handful of coriander leaves; chopped (cilantro)</item></ing>
      <ing>
        <amt>
          <qty>1</qty>
          <unit>tablespoon</unit></amt>
        <item>Groundnut oil (peanut oil)</item></ing>
      <ing>
        <amt>
          <qty>1/2</qty>
          <unit>teaspoons</unit></amt>
        <item>Mustard seeds</item></ing>
      <ing>
        <amt>
          <qty>1/2</qty>
          <unit>teaspoons</unit></amt>
        <item>Cumin seeds</item></ing>
      <ing>
        <amt>
          <qty>1</qty>
          <unit>pinch</unit></amt>
        <item>Asafoetida (I don't know exactly what this is; but it's sold in Indian restaurants; and it's really good; some sort of spice, I keep mine in the freezer and it seems to last a long time)</item></ing>
      <ing>
        <amt>
          <qty/>
          <unit/></amt>
        <item>Few curry leaves</item></ing></ingredients>
    <directions>
      <step>  From: sherry@gorge.net (Sherry Rose)
  
  Date: Sat, 13 Jul 1996 08:43:02 -0700
  I purchased the cookbook in an Indian grocery story in Portland, Oregon. It
  is titled, "Rasachandrika, Saraswat Cookery Book, by the Saraswat Mahila
  Samaz of Bombay. Nearly all of the book is vegetarian. It's just full of
  short recipes.
  
  1. Wash and cook dal in the cooker until very soft. Beat it well.
  
  2. Add salt, jaggery, turmeric powder, chillies and water to bring it to
  the required liquid consistency. Cook until the dal comes to a boil.
  
  3. Heat oil, and prepare a seasoning with mustard seeds, cumin seeds,
  asafoetida and curry leaves. (This means to fry them a little, until the
  mustard seeds pop.) Add it to the dal.
  
  4. Lastly add the coriander leaves . (Note in the book: this varan should
  be sweet and sour to taste.)
  
  CHILE-HEADS DIGEST V3 #043
  
  From the Chile-Heads recipe list.  Downloaded from Glen's MM Recipe
  Archive, http://www.erols.com/hosey.
 
</step></directions></recipe></recipeml>
