<?xml version="1.0" encoding="UTF-8"?>

<recipeml version="0.5">
  <recipe>
    <head>
      <title>Amber Amour</title>
      <categories>
        <cat>Beverages</cat>
        <cat>Valentines</cat></categories>
      <yield>1</yield></head>
    <ingredients>
      <ing>
        <amt>
          <qty>1 1/2</qty>
          <unit>ounces</unit></amt>
        <item>Amaretto</item></ing>
      <ing>
        <amt>
          <qty>1/2</qty>
          <unit>ounces</unit></amt>
        <item>Sour mix</item></ing>
      <ing>
        <amt>
          <qty/>
          <unit/></amt>
        <item>Club soda</item></ing></ingredients>
    <directions>
      <step>  1. Pour over ice into collins glass. Top with club soda and stir. Garnish
  with a cherry.
  
  Recipe by: http://www.sugarplums.com/ezine/romanticfoods.html
  
  Posted to recipelu-digest Volume 01 Number 586 by RecipeLu
  &lt;recipelu@geocities.com&gt; on Jan 23, 1998
 
</step></directions></recipe></recipeml>
