<?xml version="1.0" encoding="UTF-8"?>

<recipeml version="0.5">
  <recipe>
    <head>
      <title>Ambot Tik (A Sour and Hot Dish)</title>
      <categories>
        <cat>Goanese</cat></categories>
      <yield>1</yield></head>
    <ingredients>
      <ing>
        <amt>
          <qty>1/2</qty>
          <unit>kilograms</unit></amt>
        <item>Fish, shark, catfish or other 'meaty' fish</item></ing>
      <ing>
        <amt>
          <qty/>
          <unit/></amt>
        <item>Salt</item></ing>
      <ing>
        <amt>
          <qty>10</qty>
          <unit/></amt>
        <item>Dried red chillies</item></ing>
      <ing>
        <amt>
          <qty>1/4</qty>
          <unit>teaspoons</unit></amt>
        <item>Cummin seeds</item></ing>
      <ing>
        <amt>
          <qty>4</qty>
          <unit/></amt>
        <item>Peppercorns</item></ing>
      <ing>
        <amt>
          <qty>1</qty>
          <unit/></amt>
        <item>1/4-inch piece of turmeric or-</item></ing>
      <ing>
        <amt>
          <qty>1/2</qty>
          <unit>teaspoons</unit></amt>
        <item>Ground</item></ing>
      <ing>
        <amt>
          <qty>4</qty>
          <unit/></amt>
        <item>Cloves garlic</item></ing>
      <ing>
        <amt>
          <qty>1</qty>
          <unit/></amt>
        <item>1/2-inch piece of ginger</item></ing>
      <ing>
        <amt>
          <qty>1</qty>
          <unit/></amt>
        <item>Marble-sized ball of tamarind mixed in:</item></ing>
      <ing>
        <amt>
          <qty>1</qty>
          <unit>cup</unit></amt>
        <item>Water or equivalent of 'instant' e.g Tamcon</item></ing>
      <ing>
        <amt>
          <qty>1</qty>
          <unit/></amt>
        <item>Finely sliced onion</item></ing>
      <ing>
        <amt>
          <qty>2</qty>
          <unit>tablespoons</unit></amt>
        <item>Oil</item></ing></ingredients>
    <directions>
      <step>  Clean and wash the fish. Cut into small steaks, rub in salt and set aside.
  Grind all the other ingredients bar the onion into a paste (masala) with a
  little water. Fry the onion until brown. Add the masala and fry for a
  minute. Add 1 cup of water. Bring to boil then add fish. Cook on low heat
  until tender. A little salt and vinegar may be added if desired.
  
  Serve with plain boiled rice.
  From archives of rec.food.recipes
  
  Date: Tue, 31 Jan 1995 08:20:10 GMT
  
  From: trev@wg.icl.co.uk (Trevor Hall)
 
</step></directions></recipe></recipeml>
