<?xml version="1.0" encoding="UTF-8"?>

<recipeml version="0.5">
  <recipe>
    <head>
      <title>Ambrosia Dessert Squares</title>
      <categories>
        <cat>Pastry</cat></categories>
      <yield>12</yield></head>
    <ingredients>
      <ing>
        <amt>
          <qty>1 1/2</qty>
          <unit>cups</unit></amt>
        <item>Graham Cracker Crumbs</item></ing>
      <ing>
        <amt>
          <qty>1/2</qty>
          <unit>cups</unit></amt>
        <item>Margarine Melted</item></ing>
      <ing>
        <amt>
          <qty>1</qty>
          <unit>package</unit></amt>
        <item>Vanilla Pudding &amp; Pie</item></ing>
      <ing>
        <amt>
          <qty/>
          <unit/></amt>
        <item>Filling -- (6 servings)</item></ing>
      <ing>
        <amt>
          <qty>8</qty>
          <unit>ounces</unit></amt>
        <item>Cream Cheese -- softened</item></ing>
      <ing>
        <amt>
          <qty>2</qty>
          <unit>medium</unit></amt>
        <item>Bananas</item></ing>
      <ing>
        <amt>
          <qty>10</qty>
          <unit>ounces</unit></amt>
        <item>Can</item></ing>
      <ing>
        <amt>
          <qty>2</qty>
          <unit/></amt>
        <item>Envelopes</item></ing>
      <ing>
        <amt>
          <qty/>
          <unit/></amt>
        <item>Prepared (Dream Whip</item></ing>
      <ing>
        <amt>
          <qty>3</qty>
          <unit>cups</unit></amt>
        <item>Miniature Marshmallows -- or</item></ing>
      <ing>
        <amt>
          <qty/>
          <unit/></amt>
        <item>Fruit flavored</item></ing>
      <ing>
        <amt>
          <qty/>
          <unit/></amt>
        <item>Mandarin Oranges -- drained</item></ing>
      <ing>
        <amt>
          <qty/>
          <unit/></amt>
        <item>Dessert Topping Mix --</item></ing></ingredients>
    <directions>
      <step>  1.   Heat oven to 350 F (180 C)
  
  2.   Mix graham crumbs and margarine.  Press firmly into bottom of 13 X 9
  inch pan.  Bake for 5 minutes.  Cool.
  
  3.   Prepare pudding and pie filling mix according to package directions
  for microwave or top of stove.  Beat cream cheese into hot filling. Cover
  with plastic wrap and chill 40 minutes.
  
  4.   Slice bananas over crumb crust.  Stir pudding and fold in oranges,
  then spoon over bananas.  Fold marshmallows into dessert topping and spread
  over filling.  Chill 3 hours.  Cut into squares.
  
  Makes 12 servings.
  
  From:  Kraft Kitchens
  
  Tip: This dessert will keep in the refrigerator for at least 4 days.
  
  NOTES: prep time: 15 minutes baking time: 5 minutes cooking time: 10
  minutes
  
  Recipe By     : Janice Power &lt;JPower@PAM.NSAC.NS.CA&gt;
  
  From: Ladies Home Journal- August 1991
  
  File ftp://ftp.idiscover.co.uk/pub/food/mealmaster/recipes/mmdja006.zip
 
</step></directions></recipe></recipeml>
