<?xml version="1.0" encoding="UTF-8"?>

<recipeml version="0.5">
  <recipe>
    <head>
      <title>Ambrosia Bowl</title>
      <categories>
        <cat>None</cat></categories>
      <yield>8 -10</yield></head>
    <ingredients>
      <ing>
        <amt>
          <qty>1</qty>
          <unit>can</unit></amt>
        <item>(15 1/2 oz) pineapple chunks</item></ing>
      <ing>
        <amt>
          <qty>2</qty>
          <unit>tablespoons</unit></amt>
        <item>Cointreau; light rum, or orange juice</item></ing>
      <ing>
        <amt>
          <qty>4</qty>
          <unit>large</unit></amt>
        <item>Oranges; peeled and sliced crosswise</item></ing>
      <ing>
        <amt>
          <qty>1/4</qty>
          <unit>cups</unit></amt>
        <item>Powdered sugar; divided</item></ing>
      <ing>
        <amt>
          <qty>4</qty>
          <unit>medium</unit></amt>
        <item>Bananas; diag. sliced</item></ing>
      <ing>
        <amt>
          <qty>1</qty>
          <unit>can</unit></amt>
        <item>(3 1/2 oz) flaked coconut</item></ing>
      <ing>
        <amt>
          <qty/>
          <unit/></amt>
        <item>Maraschino cherries</item></ing></ingredients>
    <directions>
      <step>  recipe by Carolyn Brantley Published in Southern Livings 1980 Annual
  
  Drain Pineapple, reserving syrup; set pineapple aside. Combine reserved
  pineapple syrup and Cointreau, mixing well; set aside. Layuer 1/2 oranges
  slices in a large bowl; sprinkle with 2 T powdered sugar. Layer half banana
  slices and 1/2 pineapple; sprinkle with half the coconut. Repeat layers of
  orange slices, sugar, banana and pineapple; pour syrup mixture over fruit.
  Sprinkle with remaining coconut. Garnish with maraschino cherries. Chill
  3-4 hrs. Posted to TNT - Prodigy's Recipe Exchange Newsletter by
  Oldebutgd@aol.com on Aug 23, 1997
 
</step></directions></recipe></recipeml>
