<?xml version="1.0" encoding="UTF-8"?>

<recipeml version="0.5">
  <recipe>
    <head>
      <title>Ambrosia Fruit Custard</title>
      <categories>
        <cat>None</cat></categories>
      <yield>1</yield></head>
    <ingredients>
      <ing>
        <amt>
          <qty>1</qty>
          <unit>package</unit></amt>
        <item>(4-serving size) instant vanilla pudding (ingredients for pudding)</item></ing>
      <ing>
        <amt>
          <qty>1</qty>
          <unit>teaspoon</unit></amt>
        <item>Lemon zest</item></ing>
      <ing>
        <amt>
          <qty>1</qty>
          <unit>tablespoon</unit></amt>
        <item>Lemon juice</item></ing>
      <ing>
        <amt>
          <qty>1/2</qty>
          <unit>teaspoons</unit></amt>
        <item>Coconut or almond extract</item></ing>
      <ing>
        <amt>
          <qty>1</qty>
          <unit>can</unit></amt>
        <item>(8 oz.) pineapple tidbits in juice; drained</item></ing>
      <ing>
        <amt>
          <qty>1</qty>
          <unit>cup</unit></amt>
        <item>Assorted sliced fresh fruit</item></ing>
      <ing>
        <amt>
          <qty>1/4</qty>
          <unit>cups</unit></amt>
        <item>Mini marshmallows or flaked coconut</item></ing></ingredients>
    <directions>
      <step>  Notes: By Patricia A. Miller, Lehighton. The Times News, PA
  
  Make pudding according to package directions in bowl. Stir in lemon zest,
  
  lemon juice and coconut extract. Reserve 1/4 cup pudding for topping. Spoon
  remaining pudding equally into dessert bowls. Combine remaining ingredients
  in bowl. Spoon on top of pudding. Top with reserved pudding. Makes 4
  servings.
  
  Posted to recipelu-digest by ncanty@juno.com (Nadia I Canty) on Mar 9, 1998
 
</step></directions></recipe></recipeml>
