<?xml version="1.0" encoding="UTF-8"?>

<recipeml version="0.5">
  <recipe>
    <head>
      <title>Ambrosia Mold</title>
      <categories>
        <cat>Desserts</cat>
        <cat>Salads</cat></categories>
      <yield>10</yield></head>
    <ingredients>
      <ing>
        <amt>
          <qty>1</qty>
          <unit>can</unit></amt>
        <item>Crushed pineapple in juice; undrained</item></ing>
      <ing>
        <amt>
          <qty>2</qty>
          <unit>cups</unit></amt>
        <item>Boiling water</item></ing>
      <ing>
        <amt>
          <qty>1</qty>
          <unit>package</unit></amt>
        <item>Gelatin powder;sugar free 8 oz Orange</item></ing>
      <ing>
        <amt>
          <qty>1 3/4</qty>
          <unit>cups</unit></amt>
        <item>Cool Whip Lite®</item></ing>
      <ing>
        <amt>
          <qty>1</qty>
          <unit>can</unit></amt>
        <item>Mandarin oranges; drained</item></ing>
      <ing>
        <amt>
          <qty>1</qty>
          <unit>cup</unit></amt>
        <item>Miniature marshmallows</item></ing>
      <ing>
        <amt>
          <qty>1/2</qty>
          <unit>cups</unit></amt>
        <item>Coconut flakes</item></ing></ingredients>
    <directions>
      <step>  DRAIN pineapple, reserving juice, Add cold water to juice to measure 1 cup
  
  STIR boiling water into gelatin in large bowl 2 minutes or until until
  completely dissolved. Stir in measured liquid. Refrigerate about 1 1 1/4
  hours until slightly thickened. STIR in whipped topping with wire whisk
  until smooth. Refrigerate 10 minutes or until mixture will mound. Stir in
  pineapple, oranges, marshmallows and coconut. Spoon into 6 cup mold.
  
  REFRIGERATE 4 hours or until firm. Unmold.
  
  Recipe by: Kay Hitchcock
  
  Posted to TNT Recipes Digest, Vol 01, Nr 925 by "Kay L. Hitchcock"
  &lt;HITCHCOC_K@popmail.firn.edu&gt; on Jan 09, 1998
 
</step></directions></recipe></recipeml>
