<?xml version="1.0" encoding="UTF-8"?>

<recipeml version="0.5">
  <recipe>
    <head>
      <title>Ambrosia Cake Royale</title>
      <categories>
        <cat>New</cat>
        <cat>Text</cat>
        <cat>Import</cat></categories>
      <yield>1</yield></head>
    <ingredients>
      <ing-div>
        <title/>
        <ing>
          <amt>
            <qty>2 1/4</qty>
            <unit>cups</unit></amt>
          <item>Flour</item></ing>
        <ing>
          <amt>
            <qty>1</qty>
            <unit>teaspoon</unit></amt>
          <item>Baking powder</item></ing>
        <ing>
          <amt>
            <qty>1</qty>
            <unit>teaspoon</unit></amt>
          <item>Baking soda</item></ing>
        <ing>
          <amt>
            <qty>1/4</qty>
            <unit>teaspoons</unit></amt>
          <item>Salt</item></ing>
        <ing>
          <amt>
            <qty>1</qty>
            <unit>cup</unit></amt>
          <item>Sugar</item></ing>
        <ing>
          <amt>
            <qty>1</qty>
            <unit>cup</unit></amt>
          <item>Pecans, chopped</item></ing>
        <ing>
          <amt>
            <qty>1</qty>
            <unit>cup</unit></amt>
          <item>Flaked coconut</item></ing>
        <ing>
          <amt>
            <qty>1/2</qty>
            <unit>cups</unit></amt>
          <item>Pineapple tidbits, drained</item></ing>
        <ing>
          <amt>
            <qty>1/2</qty>
            <unit>cups</unit></amt>
          <item>Maraschino cherries, drained, coarsely chopped</item></ing>
        <ing>
          <amt>
            <qty>2</qty>
            <unit>tablespoons</unit></amt>
          <item>Orange peel, grated</item></ing>
        <ing>
          <amt>
            <qty>2</qty>
            <unit/></amt>
          <item>Eggs, beaten</item></ing>
        <ing>
          <amt>
            <qty>1</qty>
            <unit>cup</unit></amt>
          <item>Buttermilk</item></ing>
        <ing>
          <amt>
            <qty>1/2</qty>
            <unit>cups</unit></amt>
          <item>Oil</item></ing></ing-div>
      <ing-div>
        <title>HOT AMBROSIA SAUCE</title>
        <ing>
          <amt>
            <qty>11</qty>
            <unit>ounces</unit></amt>
          <item>Mandarine oranges, drained</item></ing>
        <ing>
          <amt>
            <qty>1/2</qty>
            <unit>cups</unit></amt>
          <item>Chopped pecans</item></ing>
        <ing>
          <amt>
            <qty>1/2</qty>
            <unit>cups</unit></amt>
          <item>Pineapple tidbits, drained</item></ing>
        <ing>
          <amt>
            <qty>1/4</qty>
            <unit>cups</unit></amt>
          <item>Maraschino cherries, drained &amp; coarsley chopped</item></ing>
        <ing>
          <amt>
            <qty>1/2</qty>
            <unit>cups</unit></amt>
          <item>Flaked coconut</item></ing>
        <ing>
          <amt>
            <qty>1 1/4</qty>
            <unit>cups</unit></amt>
          <item>Sugar</item></ing>
        <ing>
          <amt>
            <qty>1/4</qty>
            <unit>cups</unit></amt>
          <item>Plus</item></ing>
        <ing>
          <amt>
            <qty>2</qty>
            <unit>tablespoons</unit></amt>
          <item>Milk</item></ing>
        <ing>
          <amt>
            <qty>1/4</qty>
            <unit>cups</unit></amt>
          <item>Margarine</item></ing>
        <ing>
          <amt>
            <qty>1</qty>
            <unit>pinch</unit></amt>
          <item>Baking soda</item></ing></ing-div></ingredients>
    <directions>
      <step>  Combine first 5 ingredients in a large mixing bowl. Add pecans and next 4
  ingredients, tossing to coat.
  
  Combine eggs, buttermilk, and oil. Add to fruit mixture; stir until
  blended. Spoon into a greased and floured 10-inch Bundt pan; bake at 350
  degrees for 45-50 minutes or until a wooden pick inserted in center comes
  out clean. Cool cake in pan 10 minutes; remove from pan, and let cool
  completely on a wire rack. Serve with Hot Ambrosia Sauce.
  
  Hot Ambrosia Sauce: Combine first 5 ingredients in a mixing bowl; set
  aside. Combine sugar, milk, and margarine in a heavy saucepan; bring to a
  boil, and cook 3-4 minutes, stirring constantly. Remove from heat; stir in
  soda. Pour over fruit mixture; stir well. Yield: 2 1/2 cups.
  Posted to MC-Recipe Digest V1 #338
  
  Recipe by: Austin American Statesman
  
  From: Sherry Zeiss &lt;zeiss@tab.com&gt;
  
  Date: Wed, 11 Dec 1996 22:18:45 -0600
 
</step></directions></recipe></recipeml>
