<?xml version="1.0" encoding="UTF-8"?>

<recipeml version="0.5">
  <recipe>
    <head>
      <title>Ambrosia Salad</title>
      <categories>
        <cat>Congealed</cat></categories>
      <yield>15</yield></head>
    <ingredients>
      <ing>
        <amt>
          <qty>2</qty>
          <unit/></amt>
        <item>Jello peach or apricot</item></ing>
      <ing>
        <amt>
          <qty>2</qty>
          <unit>cups</unit></amt>
        <item>Boiling water</item></ing>
      <ing>
        <amt>
          <qty>1</qty>
          <unit>cup</unit></amt>
        <item>Rose wine; chilled</item></ing>
      <ing>
        <amt>
          <qty>3/4</qty>
          <unit>cups</unit></amt>
        <item>Water; cold</item></ing>
      <ing>
        <amt>
          <qty>10</qty>
          <unit>ounces</unit></amt>
        <item>Strawberries; undrained</item></ing>
      <ing>
        <amt>
          <qty>8</qty>
          <unit>ounces</unit></amt>
        <item>Pineapple; undrained</item></ing>
      <ing>
        <amt>
          <qty>1</qty>
          <unit>cup</unit></amt>
        <item>Sour cream</item></ing>
      <ing>
        <amt>
          <qty>2</qty>
          <unit>tablespoons</unit></amt>
        <item>Brown sugar</item></ing>
      <ing>
        <amt>
          <qty>2</qty>
          <unit>tablespoons</unit></amt>
        <item>Coconut</item></ing>
      <ing>
        <amt>
          <qty/>
          <unit/></amt>
        <item>Lettuce</item></ing></ingredients>
    <directions>
      <step>  Combine gelatin and boiling water in a large bowl, stir 2 minutes or until
  gelatin dissolves. Add wine and cold water; chill until the consistency of
  unbeaten egg white.
  
  Stir in strawberries, pineapple; pour into a lightly greased 6 cup mold.
  Cover and chill 8 hours Combine sour cream and brown sugar; spoon into a
  serving dish. Sprinkle with toasted coconut. Unmold salad onto lettuce
  leaves; serve with sour cream mixture. Additional Note: Instead of cold
  water use juice or necter.
  
  Serving Ideas :  Xmas 94 with a few black walnuts. Didn't like banana.
  
  NOTES : Rose wine and sliced strawberries add the festive ruby color to
  this congealed version of a holiday favorite.
  
  Recipe by: Terry Pogue/tpogue@idsonline.com
  
  Posted to recipelu-digest Volume 01 Number 287 by Terry Pogue
  &lt;tpogue@idsonline.com&gt; on Nov 22, 1997
 
</step></directions></recipe></recipeml>
