<?xml version="1.0" encoding="UTF-8"?>

<recipeml version="0.5">
  <recipe>
    <head>
      <title>Ambrosia #2</title>
      <categories>
        <cat>Dessert</cat></categories>
      <yield>6</yield></head>
    <ingredients>
      <ing>
        <amt>
          <qty>6</qty>
          <unit/></amt>
        <item>Oranges; Peeled, Seeded and Sectioned</item></ing>
      <ing>
        <amt>
          <qty>1/4</qty>
          <unit>cups</unit></amt>
        <item>Sugar</item></ing>
      <ing>
        <amt>
          <qty>2/3</qty>
          <unit>cups</unit></amt>
        <item>Coconut; Grated</item></ing>
      <ing>
        <amt>
          <qty>1/2</qty>
          <unit>cups</unit></amt>
        <item>Sweet White Wine</item></ing>
      <ing>
        <amt>
          <qty/>
          <unit/></amt>
        <item>Grated Coconut</item></ing>
      <ing>
        <amt>
          <qty>From:</qty>
          <unit/></amt>
        <item>Joel Ehrlich &lt;Joel.Ehrlich@SALATA.COM&gt;</item></ing>
      <ing>
        <amt>
          <qty>Date:</qty>
          <unit/></amt>
        <item>Tue, 30 Jul 1996 09:44:15 -0800</item></ing></ingredients>
    <directions>
      <step>  Toss the oranges with the sugar and half the coconut in a large bowl.
  Arrange in a glass serving bowl.  Pour the white wine over the fruit.
  Sprinkle the remaining coconut over.  Allow to sit for an hour or more.
  Garnish with more coconut just before serving.
  
  EAT-L Digest 30 July 96
  
  From the EAT-L recipe list.  Downloaded from Glen's MM Recipe Archive,
  http://www.erols.com/hosey.
 
</step></directions></recipe></recipeml>
