<?xml version="1.0" encoding="UTF-8"?>

<recipeml version="0.5">
  <recipe>
    <head>
      <title>Ambrosia Squares</title>
      <categories>
        <cat>Desserts</cat></categories>
      <yield>8</yield></head>
    <ingredients>
      <ing>
        <amt>
          <qty>1 1/2</qty>
          <unit>cups</unit></amt>
        <item>Graham cracker crumbs</item></ing>
      <ing>
        <amt>
          <qty>1/3</qty>
          <unit>cups</unit></amt>
        <item>Soft margarine; melted</item></ing>
      <ing>
        <amt>
          <qty>1/2</qty>
          <unit>cups</unit></amt>
        <item>Chopped nuts</item></ing>
      <ing>
        <amt>
          <qty>250</qty>
          <unit>grams</unit></amt>
        <item>Cream cheese; softened</item></ing>
      <ing>
        <amt>
          <qty>1</qty>
          <unit>package</unit></amt>
        <item>Vanilla instant pudding; 4 serving size</item></ing>
      <ing>
        <amt>
          <qty>2</qty>
          <unit>cups</unit></amt>
        <item>Milk</item></ing>
      <ing>
        <amt>
          <qty>284</qty>
          <unit>mililiters</unit></amt>
        <item>Canned clementines; drained</item></ing>
      <ing>
        <amt>
          <qty>200</qty>
          <unit>grams</unit></amt>
        <item>Coconut; flaked</item></ing>
      <ing>
        <amt>
          <qty>2</qty>
          <unit>cups</unit></amt>
        <item>Dream whip dessert topping; prepared</item></ing></ingredients>
    <directions>
      <step>  Heat oven to 350 degrees. Combine together first 3 ingredients. Press
  firmly into 13"x9" pan. Bake for 5 mins. Cool.
  
  Beat cream cheese until smooth. Stir in pudding mix. Gradually add milk;
  beat slowly until well blended. Fold in clementines and 2 cups toasted
  coconut. Spoon mixture over baked crust. Spread Dream whip evenly over
  pudding mixture.
  
  Sprinkle with remaining toasted coconut. Chill for 3 hours. Garnish with
  extra clementines if desired
  
  Source A&amp;P Grocery Flyer
  
  Recipe by: A&amp;P Grocery Flyer
  
  Posted to MC-Recipe Digest V1 #990 by Carol &amp; Bob Floyd
  &lt;c.floyd@arnprior.com&gt; on Jan 05, 1998
 
</step></directions></recipe></recipeml>
