<?xml version="1.0" encoding="UTF-8"?>

<recipeml version="0.5">
  <recipe>
    <head>
      <title>Ambrosia Stuffed Sweet Potatoes</title>
      <categories>
        <cat>Sweet</cat>
        <cat>Potatoes</cat></categories>
      <yield>2</yield></head>
    <ingredients>
      <ing>
        <amt>
          <qty>1</qty>
          <unit/></amt>
        <item>Sweet potato</item></ing>
      <ing>
        <amt>
          <qty>3</qty>
          <unit>tablespoons</unit></amt>
        <item>Light sour cream</item></ing>
      <ing>
        <amt>
          <qty>2</qty>
          <unit>tablespoons</unit></amt>
        <item>Marshmallow cream</item></ing>
      <ing>
        <amt>
          <qty>1</qty>
          <unit>tablespoon</unit></amt>
        <item>Sweetened flaked coconut</item></ing>
      <ing>
        <amt>
          <qty>1</qty>
          <unit>tablespoon</unit></amt>
        <item>Chopped pecans</item></ing>
      <ing>
        <amt>
          <qty>4</qty>
          <unit>teaspoons</unit></amt>
        <item>Drained; crushed pineapple</item></ing>
      <ing>
        <amt>
          <qty>4</qty>
          <unit/></amt>
        <item>Dried apricot halves; chopped</item></ing></ingredients>
    <directions>
      <step>  Preheat oven to 400 degrees F. Wash the sweet potato, pat dry and pierce in
  several places with a fork. Bake for 45 to 50 minutes. Let cool slightly.
  Combine the remaining ingredients in a bowl - blend well. Working
  lengthwise, clice sweet potato in half. Use a spoon to scoopout all but
  1/4" of flesh from each half. Place the scooped out potato in a bowl, mash
  lightly with a fork - add about 1/2 of the ambrosia mixture to the mashed
  sweet potato - blend well. Spoon this mixture bak into the potato skins and
  top each with the remaining ambrosia.
  
  NOTES : Printed in the Kenosha News  2/22/98
  
  Recipe by: North Carolina Sweet Potato Commission
  
  Posted to recipelu-digest by Chtbaby &lt;Chtbaby@aol.com&gt; on Feb 28, 1998
 
</step></directions></recipe></recipeml>
