<?xml version="1.0" encoding="UTF-8"?>

<recipeml version="0.5">
  <recipe>
    <head>
      <title>Ambrosia Fruit</title>
      <categories>
        <cat>Breakfast &amp;</cat>
        <cat>Brunch</cat></categories>
      <yield>6</yield></head>
    <ingredients>
      <ing>
        <amt>
          <qty>20</qty>
          <unit>ounces</unit></amt>
        <item>Unsweetened pineapple tidbits</item></ing>
      <ing>
        <amt>
          <qty>1/4</qty>
          <unit>cups</unit></amt>
        <item>Brown sugar; packed</item></ing>
      <ing>
        <amt>
          <qty>1/2</qty>
          <unit>teaspoons</unit></amt>
        <item>Orange peel; grated</item></ing>
      <ing>
        <amt>
          <qty>2</qty>
          <unit>medium</unit></amt>
        <item>Oranges</item></ing>
      <ing>
        <amt>
          <qty>2</qty>
          <unit>medium</unit></amt>
        <item>Apples; unpeeled, diced</item></ing>
      <ing>
        <amt>
          <qty>1</qty>
          <unit>tablespoon</unit></amt>
        <item>Coconut; shredded</item></ing></ingredients>
    <directions>
      <step>  Seeing I haven't posted in quite a while, I thought that I would post
  lowfat from the Taste of Home Lowfat Country Cooking. Out of 455 recipes I
  only have 44 formatted. Plan on formatting the rest this week. Hope you all
  enjoy these.
  
  Drain pineapple, reserving 1/4 cup juice in a saucepan; set pineapple
  aside. Add brown sugar and orange peel to the juice; heat until sugar
  dissolves. Peel and section oranges into a large bowl; add the apples and
  pineapple. Add pineapple juice mixture and stir gently. Chill. Just before
  serving, sprinkle with coconut.
  
  Serving Size: 1/6 recipe
  
  NOTES : This recipe is a perfect way to capture the taste of fresh fruit
  anytime of the year.
  Recipe by: Marsha Ransom, South haven, Michigan
  
  Posted to recipelu-digest Volume 01 Number 419 by "Dorothy Tapping"
  &lt;unicorn4@usit.net&gt; on Dec 30, 1997
 
</step></directions></recipe></recipeml>
