<?xml version="1.0" encoding="UTF-8"?>

<recipeml version="0.5">
  <recipe>
    <head>
      <title>Ambush Chili #1 No 3537</title>
      <categories>
        <cat>Chili</cat></categories>
      <yield>8</yield></head>
    <ingredients>
      <ing>
        <amt>
          <qty>3</qty>
          <unit>pounds</unit></amt>
        <item>Lean Chuck Steak; Coarse Ground</item></ing>
      <ing>
        <amt>
          <qty>2</qty>
          <unit>pounds</unit></amt>
        <item>Lean Pork Shoulder; Cubed</item></ing>
      <ing>
        <amt>
          <qty>3</qty>
          <unit>medium</unit></amt>
        <item>Onions; Chopped</item></ing>
      <ing>
        <amt>
          <qty>1</qty>
          <unit/></amt>
        <item>Green Bell Pepper; Chopped</item></ing>
      <ing>
        <amt>
          <qty>1</qty>
          <unit/></amt>
        <item>Red Bell Pepper; Chopped</item></ing>
      <ing>
        <amt>
          <qty>2</qty>
          <unit/></amt>
        <item>Jalapeno Peppers; Chopped</item></ing>
      <ing>
        <amt>
          <qty>4</qty>
          <unit>tablespoons</unit></amt>
        <item>Peanut Oil</item></ing>
      <ing>
        <amt>
          <qty>6</qty>
          <unit/></amt>
        <item>Jalapeno Peppers; Left Whole But Gashed</item></ing>
      <ing>
        <amt>
          <qty>1</qty>
          <unit>tablespoon</unit></amt>
        <item>Cumin; Ground</item></ing>
      <ing>
        <amt>
          <qty>1</qty>
          <unit>teaspoon</unit></amt>
        <item>Allspice; Ground</item></ing>
      <ing>
        <amt>
          <qty>1</qty>
          <unit>tablespoon</unit></amt>
        <item>Blackstrap Molasses</item></ing>
      <ing>
        <amt>
          <qty>12</qty>
          <unit>ounces</unit></amt>
        <item>Beer; (not lite)</item></ing>
      <ing>
        <amt>
          <qty>2</qty>
          <unit>ounces</unit></amt>
        <item>Sour Mash Whiskey</item></ing>
      <ing>
        <amt>
          <qty>1</qty>
          <unit>ounce</unit></amt>
        <item>Sri Racha Pepper Sauce</item></ing>
      <ing>
        <amt>
          <qty>5</qty>
          <unit/></amt>
        <item>Cloves Garlic; Crushed</item></ing>
      <ing>
        <amt>
          <qty>3</qty>
          <unit>tablespoons</unit></amt>
        <item>Masa Harina</item></ing>
      <ing>
        <amt>
          <qty>1</qty>
          <unit>tablespoon</unit></amt>
        <item>Soy Sauce</item></ing>
      <ing>
        <amt>
          <qty>1</qty>
          <unit>tablespoon</unit></amt>
        <item>Cumin; Ground</item></ing>
      <ing>
        <amt>
          <qty>3</qty>
          <unit/></amt>
        <item>Bay Leaves</item></ing>
      <ing>
        <amt>
          <qty>2</qty>
          <unit>cups</unit></amt>
        <item>Stewed Tomatoes; Chopped</item></ing>
      <ing>
        <amt>
          <qty>1</qty>
          <unit>cup</unit></amt>
        <item>Tomato Paste</item></ing>
      <ing>
        <amt>
          <qty>1</qty>
          <unit>cup</unit></amt>
        <item>Tomato Sauce</item></ing></ingredients>
    <directions>
      <step>  Saute the onions, garlic and the chopped peppers in the peanut oil. Add all
  the meat. Cook until browned. Add all the other ingredients but the cumin.
  Increase heat. Bring to a boil, stirring constantly. Boil for 4 minutes,
  stirring steadily. Reduce heat to a fast simmer. Cook, stirring often, for
  10 minutes. Stir in the first measure of cumin. Reduce heat to a moderate
  simmer. Cook for one hour, stirring occasionally. Stir in the second
  measure of cumin. Cook for 15 minutes. Serve hot.
  Posted to recipelu-digest Volume 01 Number 394 by "Diane. Geary"
  &lt;diane@keyway.net&gt; on Dec 22, 1997
 
</step></directions></recipe></recipeml>
