<?xml version="1.0" encoding="UTF-8"?>

<recipeml version="0.5">
  <recipe>
    <head>
      <title>Amehnat (Country Style Beef)</title>
      <categories>
        <cat>Burma</cat>
        <cat>Beef</cat></categories>
      <yield>4</yield></head>
    <ingredients>
      <ing>
        <amt>
          <qty>1/2</qty>
          <unit>cups</unit></amt>
        <item>Onion, chopped fine</item></ing>
      <ing>
        <amt>
          <qty>1</qty>
          <unit>large</unit></amt>
        <item>Garlic clove, chopped fine</item></ing>
      <ing>
        <amt>
          <qty>1/2</qty>
          <unit/></amt>
        <item>Inch fresh ginger, chopped fine</item></ing>
      <ing>
        <amt>
          <qty>1</qty>
          <unit>teaspoon</unit></amt>
        <item>Dried hot red chili flakes</item></ing>
      <ing>
        <amt>
          <qty>1/2</qty>
          <unit>teaspoons</unit></amt>
        <item>Salt</item></ing>
      <ing>
        <amt>
          <qty>2</qty>
          <unit>teaspoons</unit></amt>
        <item>Fish sauce (nam pya ye)</item></ing>
      <ing>
        <amt>
          <qty>1/4</qty>
          <unit>teaspoons</unit></amt>
        <item>Ground turmeric</item></ing>
      <ing>
        <amt>
          <qty>1</qty>
          <unit>tablespoon</unit></amt>
        <item>Corn or peanut oil</item></ing>
      <ing>
        <amt>
          <qty>1</qty>
          <unit>pound</unit></amt>
        <item>Boneless beef chuck, cut into 2-inch cubes</item></ing>
      <ing>
        <amt>
          <qty>1</qty>
          <unit>cup</unit></amt>
        <item>Water</item></ing>
      <ing>
        <amt>
          <qty>1</qty>
          <unit/></amt>
        <item>Stalk lemongrass, cut into 4 pieces, lightly pounded</item></ing>
      <ing>
        <amt>
          <qty>1</qty>
          <unit>teaspoon</unit></amt>
        <item>Tamarind paste, dissolved in</item></ing>
      <ing>
        <amt>
          <qty>2</qty>
          <unit>tablespoons</unit></amt>
        <item>Water, and strained through a metal seive</item></ing></ingredients>
    <directions>
      <step>  This dish is known as a 'slow cook' and is prepared over wood fires in the
  villages.  Keeping the pan covered and simmering slowly ensures that the
  flavors are sealed in. It is a typical method of village cooking.
  
  Marinade: 1. Mix the marinade ingredients together; pour over been, and
  marinate for 15 minutes.
  
  2.  Put the beef and marinade in a pan, add the water and lemongrass, and
  stir to mix.  Bring to a boil, cover, and simmer over low heat for about 1
  1/2 hours. Do not uncover the pan until beef is almost tender. Shake the
  pan once or twice during this time.
  
  3.  When the beef is tender, add the tamarind liquid; adjust the salt if
  necessary.  Cook the beef for 5 minutes more.
  
  Serve warm with rice and other dishes.
  
  From:  THE BURMESE KITCHEN by Copeland Marks and Aung Thein, Evans and
  Company, Inc., New York.  1987. ISBN 0-87131-524-6 Posted by: Karin Brewer,
  Cooking Echo, 9/92
  
  From Gemini's MASSIVE MealMaster collection at www.synapse.com/~gemini
 
</step></directions></recipe></recipeml>
