<?xml version="1.0" encoding="UTF-8"?>

<recipeml version="0.5">
  <recipe>
    <head>
      <title>Amelia Bedelia's Sweet and Sour Carrots</title>
      <categories>
        <cat>Vegetables</cat></categories>
      <yield>4</yield></head>
    <ingredients>
      <ing>
        <amt>
          <qty>1/2</qty>
          <unit>cups</unit></amt>
        <item>Sugar</item></ing>
      <ing>
        <amt>
          <qty>4 1/2</qty>
          <unit>teaspoons</unit></amt>
        <item>Cornstarch</item></ing>
      <ing>
        <amt>
          <qty>1/4</qty>
          <unit>cups</unit></amt>
        <item>Vinegar</item></ing>
      <ing>
        <amt>
          <qty>1/4</qty>
          <unit>cups</unit></amt>
        <item>Margarine</item></ing>
      <ing>
        <amt>
          <qty>4</qty>
          <unit>cups</unit></amt>
        <item>Cooked carrot slices; drained</item></ing></ingredients>
    <directions>
      <step>  Place carrots in buttered casserole. Mix sugar, vinegar and margarine. Heat
  until it begins to boil. Dissolve cornstarch in water and stir into the
  first mixture. Pour this sauce over the carrots in the casserole dish. Bake
  at 400 degrees for 20 to 25 minutes. Serves 4 to 6.
  
  Recipe by: Key Gourmet
  
  Posted to recipelu-digest by James and Susan Kirkland &lt;kirkland@gj.net&gt; on
  Feb 17, 1998
 
</step></directions></recipe></recipeml>
