<?xml version="1.0" encoding="UTF-8"?>

<recipeml version="0.5">
  <recipe>
    <head>
      <title>American Fried Yams</title>
      <categories>
        <cat>Potatoes</cat></categories>
      <yield>6</yield></head>
    <ingredients>
      <ing>
        <amt>
          <qty>4</qty>
          <unit>medium</unit></amt>
        <item>Louisiana yams</item></ing>
      <ing>
        <amt>
          <qty>1/4</qty>
          <unit>cups</unit></amt>
        <item>Shortening</item></ing>
      <ing>
        <amt>
          <qty>1</qty>
          <unit>tablespoon</unit></amt>
        <item>Butter</item></ing>
      <ing>
        <amt>
          <qty>2</qty>
          <unit>tablespoons</unit></amt>
        <item>Sugar</item></ing></ingredients>
    <directions>
      <step>  Parboil yams in skins or use left-overs. Peel; slice in rounds about
  1/8-inch thick. Melt fat in large skillet. Brown slices quickly on both
  sides. Turn off fire; add butter; sprinkle with sugar. Serve with bacon
  curls and spiced crabapples.
  
  NOTES : This booklet was prepared by the Louisiana Sweet Potato Commission.
  
  Recipe by: 75 Easy Yam Recipes with a Romantic Past
  
  Posted to MC-Recipe Digest V1 #837 by NGavlak@aol.com on Oct 11, 1997
 
</step></directions></recipe></recipeml>
