<?xml version="1.0" encoding="UTF-8"?>

<recipeml version="0.5">
  <recipe>
    <head>
      <title>American Applesauce Cake</title>
      <categories>
        <cat>None</cat></categories>
      <yield>1</yield></head>
    <ingredients>
      <ing>
        <amt>
          <qty>1/2</qty>
          <unit>cups</unit></amt>
        <item>Shortening</item></ing>
      <ing>
        <amt>
          <qty>1</qty>
          <unit>cup</unit></amt>
        <item>Firmly packed light brown sugar</item></ing>
      <ing>
        <amt>
          <qty>1</qty>
          <unit>cup</unit></amt>
        <item>Applesauce</item></ing>
      <ing>
        <amt>
          <qty>2 1/4</qty>
          <unit>cups</unit></amt>
        <item>All-purpose flour</item></ing>
      <ing>
        <amt>
          <qty>1/2</qty>
          <unit>teaspoons</unit></amt>
        <item>Baking soda</item></ing>
      <ing>
        <amt>
          <qty>1/2</qty>
          <unit>teaspoons</unit></amt>
        <item>Salt</item></ing>
      <ing>
        <amt>
          <qty>1</qty>
          <unit>teaspoon</unit></amt>
        <item>Baking powder</item></ing>
      <ing>
        <amt>
          <qty>3/4</qty>
          <unit>teaspoons</unit></amt>
        <item>Apple-pie spice</item></ing>
      <ing>
        <amt>
          <qty>1</qty>
          <unit>cup</unit></amt>
        <item>Chopped nuts</item></ing></ingredients>
    <directions>
      <step>  Cream shortening; add sugar gradually, beating until light and fluffy. Add
  applesauce. Sift together dry ingredients and add to creamed mixture. Fold
  in nuts. Pour into loaf pan (9 x 5 x 3 inches) lined on the bottom with
  greased wax paper. Bake in preheated slow oven (325 degrees F.) for about 1
  hour. Cool for 5 minutes. Turn out on rack and peel off paper. Cool, and
  frost as desired.
  
  Posted to EAT-L Digest  by Al &amp; Diane Johnson &lt;johnson@NEGIA.NET&gt; on Sep
  11, 1997
 
</step></directions></recipe></recipeml>
