<?xml version="1.0" encoding="UTF-8"?>

<recipeml version="0.5">
  <recipe>
    <head>
      <title>American-Style Potato Salad with Eggs and Sweet Pickles</title>
      <categories>
        <cat>None</cat></categories>
      <yield>6</yield></head>
    <ingredients>
      <ing>
        <amt>
          <qty>2</qty>
          <unit>pounds</unit></amt>
        <item>Red bliss potatoes or new potatoes; rinsed (about 6 medium or 18 new for 2 lbs.)</item></ing>
      <ing>
        <amt>
          <qty>2</qty>
          <unit>tablespoons</unit></amt>
        <item>Red wine vinegar</item></ing>
      <ing>
        <amt>
          <qty>1/2</qty>
          <unit>teaspoons</unit></amt>
        <item>Salt</item></ing>
      <ing>
        <amt>
          <qty>1/2</qty>
          <unit>teaspoons</unit></amt>
        <item>Ground black pepper</item></ing>
      <ing>
        <amt>
          <qty>3</qty>
          <unit/></amt>
        <item>Eggs; hard boiled, peeled and cut into small dice</item></ing>
      <ing>
        <amt>
          <qty>2</qty>
          <unit/></amt>
        <item>Scallions; up to 3, sliced thin (about 1/2 cup)</item></ing>
      <ing>
        <amt>
          <qty>1</qty>
          <unit>small</unit></amt>
        <item>Stalk celery; cut into small dice (about 1/2 cup)</item></ing>
      <ing>
        <amt>
          <qty>1/4</qty>
          <unit>cups</unit></amt>
        <item>Sweet pickles; (not relish), cut into small dice</item></ing>
      <ing>
        <amt>
          <qty>1/2</qty>
          <unit>cups</unit></amt>
        <item>Mayonnaise</item></ing>
      <ing>
        <amt>
          <qty>2</qty>
          <unit>tablespoons</unit></amt>
        <item>Dijon mustard</item></ing>
      <ing>
        <amt>
          <qty>1/4</qty>
          <unit>cups</unit></amt>
        <item>Minced fresh parsley</item></ing></ingredients>
    <directions>
      <step>  1. Place potatoes in a 4- to 6-quart pot-, cover with water. Bring to a
  boil, cover, and simmer, stirring once or twice to ensure even cooking,
  until a thin-bladed paring knife or a metal cake tester inserted into the
  potato can be removed with no resistance (25 to 30 minutes for medium
  potatoes and 15 to 20 minutes for newpotatoes). Drain, cool potatoes
  slightly and peel if you like. Cut potatoes (use a serrated knife if they
  have skins) into 3/4-inch cubes while still warm, rinsing knife
  occasionally in warm water to remove gumminess.
  
  2. Layer warm potato cubes in medium bowl, sprinkle with vinegar, salt, and
  pepper as you go. Refrigerate while preparing remaining ingredients.
  
  3. Mix in remaining ingredients-, refrigerate until ready to serve.
  
  Serves 6 to 8.
  
  Cook's Illustrated, July/Aug. 1994, Page 8. Credit: Pam Anderson with Karen
  Tack.
  
  Nationality: USA Courses: salad, starch side dish, vegetable Season:any
  Method: boiled
  
  Start to Finish 1 hour Preparation 20 minutes Attention. 45 minutes
  Finishing a minute or less
  
  Converted from Mangia!, Cook's Illustrated 1993-1995 Cookbook
  
  Recipe by: Cook's Illustrated, July/Aug.  1994, Page 8.
  
  Posted to MC-Recipe Digest by "Hobbs, D B                 USO"
  &lt;hobbs@lbcapo1.uso.unisys.com&gt; on Mar 12, 1998
 
</step></directions></recipe></recipeml>
