<?xml version="1.0" encoding="UTF-8"?>

<recipeml version="0.5">
  <recipe>
    <head>
      <title>American-Style Rice</title>
      <categories>
        <cat>Rice</cat></categories>
      <yield>3</yield></head>
    <ingredients>
      <ing>
        <amt>
          <qty>1</qty>
          <unit>cup</unit></amt>
        <item>Uncooked rice</item></ing>
      <ing>
        <amt>
          <qty>2</qty>
          <unit>cups</unit></amt>
        <item>Cold water</item></ing>
      <ing>
        <amt>
          <qty>1/2</qty>
          <unit/></amt>
        <item>To 1 teaspoon salt</item></ing></ingredients>
    <directions>
      <step>  Put rice, water, and salt in a 2-quart saucepan; cover with a tight-fitting
  lid. Bring to a vigorous boil then turn heat as low as possible. Continue
  to cook 14 minutes. Do not stir or lift cover. Turn off heat; allow rice to
  steam, covered, for 10 minutes more Makes 3 cups.
 
</step></directions></recipe></recipeml>
