<?xml version="1.0" encoding="UTF-8"?>

<recipeml version="0.5">
  <recipe>
    <head>
      <title>Americanized Chicken Chop Suey</title>
      <categories>
        <cat>Chinese</cat></categories>
      <yield>4</yield></head>
    <ingredients>
      <ing>
        <amt>
          <qty>2</qty>
          <unit/></amt>
        <item>Chicken breast; skinned, halved &amp; boned</item></ing>
      <ing>
        <amt>
          <qty>1</qty>
          <unit>teaspoon</unit></amt>
        <item>Salt</item></ing>
      <ing>
        <amt>
          <qty>1</qty>
          <unit>teaspoon</unit></amt>
        <item>Ginger, minced, crystallized</item></ing>
      <ing>
        <amt>
          <qty>1</qty>
          <unit>cup</unit></amt>
        <item>Celery; sliced</item></ing>
      <ing>
        <amt>
          <qty>5</qty>
          <unit>ounces</unit></amt>
        <item>Water chestnuts; sliced &amp; drained</item></ing>
      <ing>
        <amt>
          <qty>1</qty>
          <unit/></amt>
        <item>Onion; sliced</item></ing>
      <ing>
        <amt>
          <qty>2</qty>
          <unit>cups</unit></amt>
        <item>Chicken bouillon</item></ing>
      <ing>
        <amt>
          <qty>2</qty>
          <unit>tablespoons</unit></amt>
        <item>Soy sauce</item></ing>
      <ing>
        <amt>
          <qty>1</qty>
          <unit>cup</unit></amt>
        <item>Mushrooms, sliced</item></ing>
      <ing>
        <amt>
          <qty>1</qty>
          <unit>pound</unit></amt>
        <item>Bean sprouts, drained</item></ing>
      <ing>
        <amt>
          <qty>2</qty>
          <unit>cups</unit></amt>
        <item>Cooked rice</item></ing>
      <ing>
        <amt>
          <qty>1/2</qty>
          <unit>cups</unit></amt>
        <item>Slivered almonds</item></ing></ingredients>
    <directions>
      <step>   Cut chicken into strips about 2-inches long and 1/2-inch thick. Place in
  crockpot with salt, ginger, celery, water chestnuts, onions, bouillon, and
  soy sauce. Cover and cook on low 5 to 6 hours. Turn control to high. Add
  mushrooms and bean sprouts. Cover and cook on high 15 minutes. Serve over
  hot rice. Sprinkle with almonds. Serve with extra soy sauce, if desired.
  
  Poke Along Crockpot Cook Book per jean hores
  
  Posted By Sam Waring &lt;waring@ima.infomail.com&gt; On rec.food.recipes or
  rec.food.cooking
  
  From Gemini's MASSIVE MealMaster collection at www.synapse.com/~gemini
 
</step></directions></recipe></recipeml>
