<?xml version="1.0" encoding="UTF-8"?>

<recipeml version="0.5">
  <recipe>
    <head>
      <title>American Fruitcake (Unbaked)</title>
      <categories>
        <cat>Desserts</cat>
        <cat>Miscellaneo</cat>
        <cat>To post</cat></categories>
      <yield>1</yield></head>
    <ingredients>
      <ing>
        <amt>
          <qty>1</qty>
          <unit>cup</unit></amt>
        <item>Unsweetened grape juice</item></ing>
      <ing>
        <amt>
          <qty>1</qty>
          <unit>cup</unit></amt>
        <item>Unsweetened blackberry juice</item></ing>
      <ing>
        <amt>
          <qty>1/8</qty>
          <unit>teaspoons</unit></amt>
        <item>Ground nutmeg</item></ing>
      <ing>
        <amt>
          <qty>4</qty>
          <unit/></amt>
        <item>Whole cloves OR 1/4 tsp ground cloves</item></ing>
      <ing>
        <amt>
          <qty>1</qty>
          <unit/></amt>
        <item>Cinnamon stick OR 1/2 tsp ground cinnamon</item></ing>
      <ing>
        <amt>
          <qty>2</qty>
          <unit>cups</unit></amt>
        <item>Oatmeal</item></ing>
      <ing>
        <amt>
          <qty>1/2</qty>
          <unit>pounds</unit></amt>
        <item>Sunflower seeds</item></ing>
      <ing>
        <amt>
          <qty>1 1/2</qty>
          <unit>cups</unit></amt>
        <item>Whole grain bread crumbs</item></ing>
      <ing>
        <amt>
          <qty>3/4</qty>
          <unit>cups</unit></amt>
        <item>Honey</item></ing>
      <ing>
        <amt>
          <qty>4</qty>
          <unit>tablespoons</unit></amt>
        <item>Oil</item></ing>
      <ing>
        <amt>
          <qty>1 1/2</qty>
          <unit>pounds</unit></amt>
        <item>Seedless raisins; plumped and drained</item></ing>
      <ing>
        <amt>
          <qty>1/2</qty>
          <unit>cups</unit></amt>
        <item>Chopped figs</item></ing>
      <ing>
        <amt>
          <qty>3/4</qty>
          <unit>pounds</unit></amt>
        <item>Pecans; ground</item></ing></ingredients>
    <directions>
      <step>  Combine fruit juices and spices. Let stand overnight so that juice absorbs
  flavor of spices. Remove cloves and stick cinnamon. Stir in oatmeal and
  breadcrumbs. Blend thoroughly and let stand overnight.
  
  Combine honey and oil. Add to fruit juice-oatmeal mixture. By hand, work in
  rest of fruits, nuts and seeds. Blend thoroughly.
  
  Line loaf pan with heavy waxed paper, brush with oil and pack mixture down
  a little at a time. Decorate top with additional nuts and sunflower seeds.
  Cover with paper brushed with oil. Chill for several weeks. Several days
  before cutting, wrap the cake in cloth soaked in grape juice.
  
  Makes 1 large loaf.
  
  Note: Recipe did not specify pan size.
  
  Formatted by Mardi Desjardins March 12, 1998
  
  Recipe by: The Natural Foods Cookbook by Beatrice Trum Hunter, 1971
  
  Posted to MC-Recipe Digest by Mardi &lt;amdesjar@mb.sympatico.ca&gt; on Mar 12,
  1998
 
</step></directions></recipe></recipeml>
