<?xml version="1.0" encoding="UTF-8"?>

<recipeml version="0.5">
  <recipe>
    <head>
      <title>American Farm Sausages - Turkey - 13</title>
      <categories>
        <cat>Turkey</cat>
        <cat>Sausage-mak</cat></categories>
      <yield>5</yield></head>
    <ingredients>
      <ing>
        <amt>
          <qty>5</qty>
          <unit>pounds</unit></amt>
        <item>Turkey; grind fine</item></ing>
      <ing>
        <amt>
          <qty>3/4</qty>
          <unit>tablespoons</unit></amt>
        <item>Black pepper</item></ing>
      <ing>
        <amt>
          <qty>3</qty>
          <unit>teaspoons</unit></amt>
        <item>Salt</item></ing>
      <ing>
        <amt>
          <qty>1</qty>
          <unit>tablespoon</unit></amt>
        <item>Sage</item></ing>
      <ing>
        <amt>
          <qty>1</qty>
          <unit>teaspoon</unit></amt>
        <item>Cayenne pepper</item></ing>
      <ing>
        <amt>
          <qty>1/2</qty>
          <unit>teaspoons</unit></amt>
        <item>Ginger</item></ing>
      <ing>
        <amt>
          <qty>1</qty>
          <unit/></amt>
        <item>Bay leaf; crushed</item></ing>
      <ing>
        <amt>
          <qty>1</qty>
          <unit>cup</unit></amt>
        <item>Cold water</item></ing></ingredients>
    <directions>
      <step>  no directions included -- Glen
  
  Recipe by: Jerry Predika "The Sausage Making Cookbook"
  
  Posted to bbq-digest by wight@odc.net on Jun 6, 1998
 
</step></directions></recipe></recipeml>
