<?xml version="1.0" encoding="UTF-8"?>

<recipeml version="0.5">
  <recipe>
    <head>
      <title>American Heart Assn Herb Blends for Seasoning</title>
      <categories>
        <cat>Herbs</cat>
        <cat>Seasonings</cat></categories>
      <yield>1</yield></head>
    <ingredients>
      <ing-div>
        <title/>
        <ing>
          <amt>
            <qty/>
            <unit/></amt>
          <item>HERB MIX</item></ing>
        <ing>
          <amt>
            <qty>1/2</qty>
            <unit>teaspoons</unit></amt>
          <item>Red pepper</item></ing>
        <ing>
          <amt>
            <qty>1</qty>
            <unit>tablespoon</unit></amt>
          <item>Garlic powder</item></ing></ing-div>
      <ing-div>
        <title>1 TSP EACH OF ANY OR ALL OF</title>
        <ing>
          <amt>
            <qty/>
            <unit/></amt>
          <item>Basil Thyme</item></ing>
        <ing>
          <amt>
            <qty/>
            <unit/></amt>
          <item>Onion Powder     Black pepper     Sage</item></ing>
        <ing>
          <amt>
            <qty/>
            <unit/></amt>
          <item>Parsley Savory Mace</item></ing></ing-div></ingredients>
    <directions>
      <step>  All seasonings should be ground. Can substitute ground dill for sage.  Can
  substitute nearly any other ground herb that suits your taste.
  Meat-Vegetable Blend 3/4 tsp parsley flakes 1 tsp marjoram 3/4 tsp rosemary
  1/2 tsp sage Fish Blend 3/4 tsp parsley flakes 1/2 tsp onion powder 1/2 tsp
  sage                      1/4 tsp marjoram 1/4 tsp paprika Meat or Poultry
  3/4 tsp marjoram                  1/2 tsp thyme 1/2 tsp oregano 1/2 tsp
  sage 1/2 tsp rosemary Meat, Potatoes, Veggies 1 tsp dry mustard 1/2 tsp
  sage 1/2 tsp thyme 1/4 tsp marjoram
  
  Submitted By WARING@IMA.INFOMAIL.COM (SAM WARING)  On   7 JUL 1995 154656
  ~0500
  
  File ftp://ftp.idiscover.co.uk/pub/food/mealmaster/recipes/mmdjaxxx.zip
 
</step></directions></recipe></recipeml>
