<?xml version="1.0" encoding="UTF-8"?>

<recipeml version="0.5">
  <recipe>
    <head>
      <title>American Indian Fry Bread</title>
      <categories>
        <cat>Breads</cat></categories>
      <yield>1</yield></head>
    <ingredients>
      <ing>
        <amt>
          <qty>2</qty>
          <unit>cups</unit></amt>
        <item>Flour</item></ing>
      <ing>
        <amt>
          <qty>1/3</qty>
          <unit>cups</unit></amt>
        <item>Powdered milk</item></ing>
      <ing>
        <amt>
          <qty>2</qty>
          <unit>teaspoons</unit></amt>
        <item>Baking powder</item></ing>
      <ing>
        <amt>
          <qty>1</qty>
          <unit>teaspoon</unit></amt>
        <item>Salt</item></ing>
      <ing>
        <amt>
          <qty>3</qty>
          <unit>tablespoons</unit></amt>
        <item>Lard, divided</item></ing>
      <ing>
        <amt>
          <qty>3/4</qty>
          <unit>cups</unit></amt>
        <item>Warm water</item></ing>
      <ing>
        <amt>
          <qty/>
          <unit/></amt>
        <item>Oil</item></ing></ingredients>
    <directions>
      <step>  Mix dry ingredients. Cut in 2 T. lard until crumbly. Add water &amp; mix
  until a soft dough forms. Knead until dough is smooth &amp; springy in
  texture. Make into 12 balls. Melt 1 Tbls. lard &amp; brush on each ball
  of dough. Set aside for 30-45 minutes. On a lightly floured surface,
  roll each ball to a 4" circle, then stretch to 7-8" in diameter. Poke
  hole in center. Fry in oil at 365 degrees until lightly browned,
  turning once. Serve with butter, honey or jam, or use as the bottom
  layer of an Indian taco.
  
  File ftp://ftp.idiscover.co.uk/pub/food/mealmaster/recipes/mmkah001.zip
 
</step></directions></recipe></recipeml>
