<?xml version="1.0" encoding="UTF-8"?>

<recipeml version="0.5">
  <recipe>
    <head>
      <title>American Cheese Non-Dairy Substitute</title>
      <categories>
        <cat>Other</cat></categories>
      <yield>1</yield></head>
    <ingredients>
      <ing>
        <amt>
          <qty>1</qty>
          <unit>cup</unit></amt>
        <item>Water</item></ing>
      <ing>
        <amt>
          <qty>1 1/4</qty>
          <unit>cups</unit></amt>
        <item>Boiling water</item></ing>
      <ing>
        <amt>
          <qty>2</qty>
          <unit>cups</unit></amt>
        <item>Raw cashews</item></ing>
      <ing>
        <amt>
          <qty>1</qty>
          <unit>tablespoon</unit></amt>
        <item>Salt</item></ing>
      <ing>
        <amt>
          <qty>1</qty>
          <unit>teaspoon</unit></amt>
        <item>Garlic powder</item></ing>
      <ing>
        <amt>
          <qty>1/3</qty>
          <unit>cups</unit></amt>
        <item>Plus</item></ing>
      <ing>
        <amt>
          <qty>1</qty>
          <unit>tablespoon</unit></amt>
        <item>(rounded) emes unflavored gelatin</item></ing>
      <ing>
        <amt>
          <qty>1/4</qty>
          <unit>cups</unit></amt>
        <item>Yeast flakes</item></ing>
      <ing>
        <amt>
          <qty>2</qty>
          <unit>teaspoons</unit></amt>
        <item>Onion powder</item></ing>
      <ing>
        <amt>
          <qty>1/4</qty>
          <unit>cups</unit></amt>
        <item>Lemon juice</item></ing>
      <ing>
        <amt>
          <qty/>
          <unit/></amt>
        <item>Pimento -or-</item></ing>
      <ing>
        <amt>
          <qty>1/2</qty>
          <unit>large</unit></amt>
        <item>Red pepper -or-</item></ing>
      <ing>
        <amt>
          <qty>2</qty>
          <unit>teaspoons</unit></amt>
        <item>Paprika (about)</item></ing></ingredients>
    <directions>
      <step>  From: arlen@eskimo.com (Arlen Fletcher)
  
  Date: Thu, 24 Feb 1994 17:29:50 GMT
  This "cheese" has the consistency of real American cheese and can be thinly
  sliced.
  
  Soak gelatin in the 1 c. water in blender while assembling remaining
  ingredients. Pour boiling water over soaked gelatin and whiz briefly to
  dissolve. Cool slightly. Add cashews and whiz thoroughly. Add remaining
  ingredients. Blend until mixture is the consistency of a creamy sauce, with
  no bits of pimento visible. Pour into a 1 qt. mold, cool slightly. Cover
  before refrigerating. Refrigerate overnight before serving. After firming
  in the fridge., this cheese may be frozen until needed. Yields: 1 qt.
  
  REC.FOOD.RECIPES ARCHIVES
  
  /EGGS
  
  From rec.food.cooking archives.  Downloaded from Glen's MM Recipe Archive,
  http://www.erols.com/hosey.
 
</step></directions></recipe></recipeml>
