<?xml version="1.0" encoding="UTF-8"?>

<recipeml version="0.5">
  <recipe>
    <head>
      <title>Asparagus Appetizer</title>
      <categories>
        <cat>Appetizer</cat></categories>
      <yield>2</yield></head>
    <ingredients>
      <ing>
        <amt>
          <qty>1/2</qty>
          <unit>pounds</unit></amt>
        <item>Asparagus</item></ing>
      <ing>
        <amt>
          <qty>1</qty>
          <unit>tablespoon</unit></amt>
        <item>Water</item></ing>
      <ing>
        <amt>
          <qty>1</qty>
          <unit>cup</unit></amt>
        <item>Fresh squeezed orange juice</item></ing>
      <ing>
        <amt>
          <qty>3</qty>
          <unit>tablespoons</unit></amt>
        <item>Lite soy sauce</item></ing>
      <ing>
        <amt>
          <qty>1</qty>
          <unit/></amt>
        <item>Clove garlic; smashed flat and minced</item></ing>
      <ing>
        <amt>
          <qty>1</qty>
          <unit>teaspoon</unit></amt>
        <item>Grated orange rind</item></ing></ingredients>
    <directions>
      <step>  From: "Tina D. Bell" &lt;tdbell@altair.csustan.edu&gt;
  
  Date: Wed, 17 Jul 1996 18:24:57 -0700 (PDT)
  Linkname: FAT-FREE COOKING'S EASY WITH A MICROWAVE, URL:
  http://www.myvillage.com/2consum/23food/23021g2.htm
  
  Break off the tough lower end of each stalk of asparagus. Wash and cut
  stalks into 1 inch pieces. Place asparagus and water in a microwave safe
  container. Cover and microwave on high for 4 to 5 minutes. Let stand 5
  minutes. Drain excess water out of container. Pour juice and soy sauce over
  asparagus, add garlic and stir. Marinate for at least one hour. Strain off
  marinade and use as salad dressing, if desired.  Arrange asparagus on a
  serving dish and garnish with grated orange rind. Serve at room temperature
  or chill. Serves two.
  
  Digest eat-lf.v096.n099
  
  From the EAT-LF recipe list.  Downloaded from Glen's MM Recipe Archive,
  http://www.erols.com/hosey.
 
</step></directions></recipe></recipeml>
