<?xml version="1.0" encoding="UTF-8"?>

<recipeml version="0.5">
  <recipe>
    <head>
      <title>Asparagus Gratin</title>
      <categories>
        <cat>Ew</cat>
        <cat>Text</cat>
        <cat>Import</cat></categories>
      <yield>1</yield></head>
    <ingredients>
      <ing>
        <amt>
          <qty>2</qty>
          <unit>tablespoons</unit></amt>
        <item>Unsalted butter</item></ing>
      <ing>
        <amt>
          <qty>3</qty>
          <unit>tablespoons</unit></amt>
        <item>Flour</item></ing>
      <ing>
        <amt>
          <qty>1 1/4</qty>
          <unit>cups</unit></amt>
        <item>Milk</item></ing>
      <ing>
        <amt>
          <qty>1</qty>
          <unit>cup</unit></amt>
        <item>Chicken broth</item></ing>
      <ing>
        <amt>
          <qty>1/2</qty>
          <unit>cups</unit></amt>
        <item>Grated sharp white cheddar,; Swiss or Parmesan cheese</item></ing>
      <ing>
        <amt>
          <qty/>
          <unit/></amt>
        <item>Salt and freshly ground black pepper</item></ing>
      <ing>
        <amt>
          <qty>1</qty>
          <unit>pound</unit></amt>
        <item>Asparagus,; peeled and cooked</item></ing>
      <ing>
        <amt>
          <qty>4</qty>
          <unit/></amt>
        <item>Hard boiled eggs,; thinly sliced</item></ing>
      <ing>
        <amt>
          <qty>1/4</qty>
          <unit>cups</unit></amt>
        <item>Fresh bread crumbs mixed with</item></ing>
      <ing>
        <amt>
          <qty>1/4</qty>
          <unit>cups</unit></amt>
        <item>Grated cheese (same type you added to the sauce)</item></ing>
      <ing>
        <amt>
          <qty>1</qty>
          <unit>tablespoon</unit></amt>
        <item>Melted butter</item></ing></ingredients>
    <directions>
      <step>  In a small saucepan heat the butter until frothy. Stir in the flour and
  cook slowly, stirring constantly, for a minute. Add the milk and broth,
  whisking vigorously and bring the liquid to a boil. Reduce the heat and
  simmer the sauce for 3 to 5 minutes. Stir in the cheese, remove the sauce
  from the heat and whisk it just until the cheese has melted. Season to
  taste with salt and pepper. Preheat the oven to 425 degrees.
  
  Arrange the asparagus in the bottom of a baking dish. Top with sliced eggs
  and spoon the sauce over the top. Top with bread crumbs mixed with cheese
  and drizzle melted butter over the top. Bake for 20 minutes or until the
  cheese sauce is bubbly.
  
  Yield: 2 servings
  Recipe By     :COOKING MONDAY TO FRIDAY SHOW #MF6664
  
  Posted to MC-Recipe Digest V1 #247
  
  Date: Wed, 16 Oct 1996 14:43:49 -0400
  
  From: Meg Antczak &lt;meginny@frontiernet.net&gt;
 
</step></directions></recipe></recipeml>
