<?xml version="1.0" encoding="UTF-8"?>

<recipeml version="0.5">
  <recipe>
    <head>
      <title>Asparagus Beef Salad</title>
      <categories>
        <cat>Asparagus</cat>
        <cat>Bobbie - no</cat></categories>
      <yield>4</yield></head>
    <ingredients>
      <ing-div>
        <title>DRESSING</title>
        <ing>
          <amt>
            <qty>1</qty>
            <unit>tablespoon</unit></amt>
          <item>Green onions; thinly sliced</item></ing>
        <ing>
          <amt>
            <qty>1/8</qty>
            <unit>teaspoons</unit></amt>
          <item>Ground ginger</item></ing>
        <ing>
          <amt>
            <qty>1/4</qty>
            <unit>cups</unit></amt>
          <item>Oil</item></ing>
        <ing>
          <amt>
            <qty>2</qty>
            <unit>tablespoons</unit></amt>
          <item>Red wine vinegar</item></ing>
        <ing>
          <amt>
            <qty>1</qty>
            <unit>tablespoon</unit></amt>
          <item>Soy sauce</item></ing>
        <ing>
          <amt>
            <qty>1</qty>
            <unit>teaspoon</unit></amt>
          <item>Sesame oil; if desired</item></ing></ing-div>
      <ing-div>
        <title>SALAD</title>
        <ing>
          <amt>
            <qty>2</qty>
            <unit>cups</unit></amt>
          <item>Fresh asparagus; diag. sliced 1" piec</item></ing>
        <ing>
          <amt>
            <qty>1</qty>
            <unit>medium</unit></amt>
          <item>Carrot; thinly sliced</item></ing>
        <ing>
          <amt>
            <qty>8</qty>
            <unit>ounces</unit></amt>
          <item>Deli roast beef; in strips</item></ing>
        <ing>
          <amt>
            <qty>1</qty>
            <unit>cup</unit></amt>
          <item>Cherry tomatoes; halved</item></ing>
        <ing>
          <amt>
            <qty>8</qty>
            <unit>ounces</unit></amt>
          <item>Can sliced water chestnuts; drained</item></ing></ing-div></ingredients>
    <directions>
      <step>  In small jar with tight fitting lid, combine all dressing ingredients.
  Shake well. Place asparagus and carrot in medium saucepan. Add water to
  cover. Bring to a boil. Cokk over Medium heat for 3-5 minutes or until
  crisp-tender. Drain. Rinse with cold water. In medium bowl, combine all
  salad ingredients. Pour dressing over salad. toss to coat. Cover and
  refrigerate for at least one hour. If desired, serve on lettuce lined
  plates. MC formatting by bobbi744@sojourn.com
  
  NOTES : Per serving: 330 cals., 20 g. fat, 55 mg. chol. CAn substitute cut
  green beans for asparagus, cooking for 3 minutes. Add carrots and cook 3-5
  minutes or until crisp-tender.
  
  Recipe by: Pillsbury All-American Picnics &amp; Barbecues
  
  Posted to MC-Recipe Digest by Roberta Banghart &lt;bobbi744@sojourn.com&gt; on
  Apr 03, 1998
 
</step></directions></recipe></recipeml>
