<?xml version="1.0" encoding="UTF-8"?>

<recipeml version="0.5">
  <recipe>
    <head>
      <title>Asparagus and Acorn Squash Rings</title>
      <categories>
        <cat>Vegetables</cat></categories>
      <yield>4</yield></head>
    <ingredients>
      <ing>
        <amt>
          <qty>16</qty>
          <unit/></amt>
        <item>Asparagus stalks</item></ing>
      <ing>
        <amt>
          <qty/>
          <unit/></amt>
        <item>Scauce:....................</item></ing>
      <ing>
        <amt>
          <qty>2</qty>
          <unit>tablespoons</unit></amt>
        <item>Sugar</item></ing>
      <ing>
        <amt>
          <qty>1/4</qty>
          <unit>cups</unit></amt>
        <item>Fresh lemon juice</item></ing>
      <ing>
        <amt>
          <qty>6</qty>
          <unit>tablespoons</unit></amt>
        <item>Apple cider</item></ing>
      <ing>
        <amt>
          <qty>2</qty>
          <unit>x</unit></amt>
        <item>Small or medium acorn squash</item></ing>
      <ing>
        <amt>
          <qty>1/4</qty>
          <unit>cups</unit></amt>
        <item>Clarified butter (see note)</item></ing>
      <ing>
        <amt>
          <qty>1/2</qty>
          <unit>cups</unit></amt>
        <item>Chopped walnuts</item></ing>
      <ing>
        <amt>
          <qty>2</qty>
          <unit>tablespoons</unit></amt>
        <item>Cider vinegar</item></ing></ingredients>
    <directions>
      <step>      Trim thick asparagus ends; cut squash in half crosswise. Scoop out and
  discard squash seeds; slice squash into 1/4-inch rings. In kettle,
  carefully cook squash rings, then asparagus in boiling, salted water until
  tender.  Don't overcook.  Drain each vegetable as soon as it's tender. Heat
  butter in medium skillet. Add sugar and walnuts. Stir over medium heat
  until sugar is light brown. Deglaze pan with lemon juice, vingar and cider.
  Cook, stirring constantly, to reduce by half.
      To serve, layer 3 acorn squash rings on each of 4 plates; put 4
  asparagus spears thru acorn squash. Spoon sauce over. NOTE: To make
  clarified butter, slowly melt stick of butter over very low heat. Let
  solids settle to bottom; use oil-clarified butter- on top
  
  From Gemini's MASSIVE MealMaster collection at www.synapse.com/~gemini
 
</step></directions></recipe></recipeml>
