<?xml version="1.0" encoding="UTF-8"?>

<recipeml version="0.5">
  <recipe>
    <head>
      <title>Asparagus Casserole #6</title>
      <categories>
        <cat>Casserole</cat></categories>
      <yield>4</yield></head>
    <ingredients>
      <ing-div>
        <title/>
        <ing>
          <amt>
            <qty>1</qty>
            <unit>can</unit></amt>
          <item>(12-oz) asparagus</item></ing>
        <ing>
          <amt>
            <qty>2</qty>
            <unit/></amt>
          <item>Hard-boiled eggs; thinly sliced</item></ing>
        <ing>
          <amt>
            <qty>1</qty>
            <unit>cup</unit></amt>
          <item>Crushed Ritz crackers</item></ing></ing-div>
      <ing-div>
        <title>CREAM SAUCE</title>
        <ing>
          <amt>
            <qty>1/4</qty>
            <unit>cups</unit></amt>
          <item>Margarine</item></ing>
        <ing>
          <amt>
            <qty>2</qty>
            <unit>tablespoons</unit></amt>
          <item>Flour</item></ing>
        <ing>
          <amt>
            <qty>1</qty>
            <unit>cup</unit></amt>
          <item>Milk</item></ing>
        <ing>
          <amt>
            <qty/>
            <unit/></amt>
          <item>Juice of canned asparagus</item></ing>
        <ing>
          <amt>
            <qty>1</qty>
            <unit>cup</unit></amt>
          <item>Grated sharp Cheddar cheese</item></ing>
        <ing>
          <amt>
            <qty/>
            <unit/></amt>
          <item>Salt to taste</item></ing>
        <ing>
          <amt>
            <qty/>
            <unit/></amt>
          <item>Pepper to taste</item></ing></ing-div></ingredients>
    <directions>
      <step>  To make cream sauce, melt margarine and add flour. Mix well. Add milk and
  juice of asparagus. Cook in a saucepan, stirring constantly, until thick.
  Add Cheddar cheese, salt and pepper. In a casserole layer 1/2 can
  asparagus, 1 egg, 1/2 cream sauce. Repeat. Top with Ritz cracker crumbs and
  heat at 350ø for 20 to 30 minutes. Yield: 4 servings.
  
  CINDY WAGE (MRS. OLIN)
  
  From &lt;Traditions: A Taste of the Good Life&gt;, by the Little Rock (AR) Junior
  League.  Downloaded from Glen's MM Recipe Archive,
  http://www.erols.com/hosey.
 
</step></directions></recipe></recipeml>
