<?xml version="1.0" encoding="UTF-8"?>

<recipeml version="0.5">
  <recipe>
    <head>
      <title>Asparagus and Shrimp Oriental</title>
      <categories>
        <cat>Vegetables</cat></categories>
      <yield>6</yield></head>
    <ingredients>
      <ing>
        <amt>
          <qty/>
          <unit/></amt>
        <item>LISA CRAWLEY  TSPN00B-----</item></ing>
      <ing>
        <amt>
          <qty>1</qty>
          <unit>pound</unit></amt>
        <item>Fresh Shrimp -- cooked</item></ing>
      <ing>
        <amt>
          <qty>1</qty>
          <unit>can</unit></amt>
        <item>Water Chestnuts</item></ing>
      <ing>
        <amt>
          <qty>1</qty>
          <unit>cup</unit></amt>
        <item>Fresh Mushrooms -- sliced</item></ing>
      <ing>
        <amt>
          <qty>1</qty>
          <unit>medium</unit></amt>
        <item>Onion -- sliced</item></ing>
      <ing>
        <amt>
          <qty>1</qty>
          <unit>cup</unit></amt>
        <item>Celery -- sliced diagonally</item></ing>
      <ing>
        <amt>
          <qty>1 1/2</qty>
          <unit>pounds</unit></amt>
        <item>Fresh Asparagus -- steamed</item></ing>
      <ing>
        <amt>
          <qty>1</qty>
          <unit/></amt>
        <item>11 ounces Cn  Mandarin</item></ing>
      <ing>
        <amt>
          <qty/>
          <unit/></amt>
        <item>Orange sections -- drained</item></ing>
      <ing>
        <amt>
          <qty>2</qty>
          <unit>tablespoons</unit></amt>
        <item>Vegetable Oil</item></ing>
      <ing>
        <amt>
          <qty>1/2</qty>
          <unit>teaspoons</unit></amt>
        <item>Salt</item></ing>
      <ing>
        <amt>
          <qty>1/4</qty>
          <unit>teaspoons</unit></amt>
        <item>Freshly Ground Pepper</item></ing>
      <ing>
        <amt>
          <qty>2</qty>
          <unit>tablespoons</unit></amt>
        <item>Sugar</item></ing>
      <ing>
        <amt>
          <qty>2</qty>
          <unit>tablespoons</unit></amt>
        <item>Soy Sauce</item></ing>
      <ing>
        <amt>
          <qty/>
          <unit/></amt>
        <item>Boiled Rice</item></ing></ingredients>
    <directions>
      <step>  Shell; devein shrimp.  Drain and slice water chestnuts. Arrange shrimp,
  chestnuts, mushrooms, onion, celery, asparagus, and oranges on lg. tray.
  Heat oil in wok or electric skillet.  Add onion, celery, salt, pepper, and
  sugar; cook, stirring, until veg. are crisp-tender. Add asparagus and
  shrimp; place mushrooms and water chestnuts over shrimp. Sprinkle with soy
  sauce; place orange sections on top. Cover; cook until mixture begins to
  steam; reduce heat. Simmer about 12 min. Serve on rice. Yield: 6 servings.
  
  Recipe By     :
  
  File ftp://ftp.idiscover.co.uk/pub/food/mealmaster/recipes/mmdja006.zip
 
</step></directions></recipe></recipeml>
