<?xml version="1.0" encoding="UTF-8"?>

<recipeml version="0.5">
  <recipe>
    <head>
      <title>Asparagus Chowder</title>
      <categories>
        <cat>Cookbooks</cat>
        <cat>Soups/stews</cat></categories>
      <yield>4</yield></head>
    <ingredients>
      <ing>
        <amt>
          <qty>2</qty>
          <unit>medium</unit></amt>
        <item>Leeks, white part only, cleaned and chopped (about 2 1/2 cups)</item></ing>
      <ing>
        <amt>
          <qty>1</qty>
          <unit>tablespoon</unit></amt>
        <item>Butter</item></ing>
      <ing>
        <amt>
          <qty>4</qty>
          <unit>cups</unit></amt>
        <item>Vegetable stock, or stock of your choice</item></ing>
      <ing>
        <amt>
          <qty>1</qty>
          <unit>pound</unit></amt>
        <item>New potatoes, unpeeled, cut into 1/4-to- 1/3-cubes</item></ing>
      <ing>
        <amt>
          <qty>1</qty>
          <unit>teaspoon</unit></amt>
        <item>Salt</item></ing>
      <ing>
        <amt>
          <qty>1</qty>
          <unit>teaspoon</unit></amt>
        <item>Fresh thyme leaves</item></ing>
      <ing>
        <amt>
          <qty>2</qty>
          <unit>pounds</unit></amt>
        <item>Asparagus, cleaned, trimmed and cut into 1/2 inch pieces</item></ing>
      <ing>
        <amt>
          <qty>1/2</qty>
          <unit>teaspoons</unit></amt>
        <item>Ground black pepper, freshly ground</item></ing>
      <ing>
        <amt>
          <qty>1/4</qty>
          <unit>cups</unit></amt>
        <item>Half-and-half</item></ing>
      <ing>
        <amt>
          <qty>1/4</qty>
          <unit>cups</unit></amt>
        <item>Parsley, finely chopped</item></ing></ingredients>
    <directions>
      <step>  1. In a heavy-bottom pot, saute the leeks in butter over medium heat until
  they're soft but not brown, 6 to 7 minutes.
  
  2. Add the stock, potatoes, salt, and thyme. Cover and bring to a boil.
  Lower the heat and simmer until the potatoes can be easily pierced with a
  fork, about 15 minutes.
  
  3. Add the asparagus and pepper and simmer uncovered until the asparagus
  are cooked, about 10 minutes.
  
  4. Transfer half the solids to a blender or food processor. Add the
  half-and-half and puree until smooth. Return this mixture to the pot and
  bring to a simmer over low heat. Serve hot, garnished with parsley.
  
  Notes: This soup can be refrigerated for 2 days. Reheat gently before
  serving.
  
  Chowder is also very good made with chicken stock.
  
  Serves 6 as a first course, 4 as a light entree
  
  Preparation time: 20 to 30 minutes
  
  Cooking time: 30 to 35 minutes
  
  Karen Lee and Diane Porter,The Occasional Vegetarian
  
  MC formatted by Brenda Adams &lt;adamsfmle@sprintmail.com&gt;; mc 6/3/97
  
  NOTES : Tastes rich, but it has only a fraction of the fat of most
  chowders.
  
  Recipe by: The Occasional Vegetarian ; badams Posted to MC-Recipe Digest V1
  #634 by Badams &lt;adamsfmle@sprintmail.com&gt; on Jun 03, 1997
 
</step></directions></recipe></recipeml>
