<?xml version="1.0" encoding="UTF-8"?>

<recipeml version="0.5">
  <recipe>
    <head>
      <title>Asparagus Cheddar Casserole</title>
      <categories>
        <cat>Vegetables</cat></categories>
      <yield>4</yield></head>
    <ingredients>
      <ing>
        <amt>
          <qty>2</qty>
          <unit/></amt>
        <item>Cut; (14 1/2 oz.) asparagus drained</item></ing>
      <ing>
        <amt>
          <qty>1 1/2</qty>
          <unit>tablespoons</unit></amt>
        <item>Butter; melted</item></ing>
      <ing>
        <amt>
          <qty>1</qty>
          <unit>tablespoon</unit></amt>
        <item>Flour</item></ing>
      <ing>
        <amt>
          <qty>3/4</qty>
          <unit>cups</unit></amt>
        <item>Milk</item></ing>
      <ing>
        <amt>
          <qty>2/3</qty>
          <unit>cups</unit></amt>
        <item>Cheddar cheese; grated</item></ing>
      <ing>
        <amt>
          <qty>1/8</qty>
          <unit>teaspoons</unit></amt>
        <item>Salt</item></ing>
      <ing>
        <amt>
          <qty>1/2</qty>
          <unit>cups</unit></amt>
        <item>Ritz crackers; crushed</item></ing>
      <ing>
        <amt>
          <qty>1/2</qty>
          <unit>tablespoons</unit></amt>
        <item>Butter</item></ing></ingredients>
    <directions>
      <step>  Preheat oven to 325 degrees. Place cut asparagus in casserole dish. In
  small pan over medium heat, melt butter. Add flour, then add milk
  gradually. Cook slowly until thickened, stirring constantly. Add cheese and
  salt. Pour sauce over asparagus, sprinkle with cracker crumbs and dot over
  top with butter. Bake 40 minutes.
  Posted to recipelu-digest by "Diane Geary" &lt;diane@keyway.net&gt; on Feb 16,
  1998
 
</step></directions></recipe></recipeml>
