<?xml version="1.0" encoding="UTF-8"?>

<recipeml version="0.5">
  <recipe>
    <head>
      <title>Asparagus and New Potato Salad</title>
      <categories>
        <cat>Salad</cat></categories>
      <yield>6</yield></head>
    <ingredients>
      <ing>
        <amt>
          <qty>1</qty>
          <unit>cup</unit></amt>
        <item>Vegetable oil (up to)</item></ing>
      <ing>
        <amt>
          <qty>1/2</qty>
          <unit>cups</unit></amt>
        <item>Wine vinegar</item></ing>
      <ing>
        <amt>
          <qty>1/2</qty>
          <unit>cups</unit></amt>
        <item>Minced red onion</item></ing>
      <ing>
        <amt>
          <qty>1</qty>
          <unit>tablespoon</unit></amt>
        <item>Dry dill weed</item></ing>
      <ing>
        <amt>
          <qty>1</qty>
          <unit>tablespoon</unit></amt>
        <item>Dijon mustard</item></ing>
      <ing>
        <amt>
          <qty/>
          <unit/></amt>
        <item>Salt to taste</item></ing>
      <ing>
        <amt>
          <qty/>
          <unit/></amt>
        <item>Pepper to taste</item></ing>
      <ing>
        <amt>
          <qty>2</qty>
          <unit>pounds</unit></amt>
        <item>Small red potatoes; unpeeled, cooked until just tender; cooled and sliced</item></ing>
      <ing>
        <amt>
          <qty>2</qty>
          <unit>pounds</unit></amt>
        <item>Fresh -or-</item></ing>
      <ing>
        <amt>
          <qty>3</qty>
          <unit/></amt>
        <item>Boxes (8-oz) asparagus spears; cooked crisp tender</item></ing>
      <ing>
        <amt>
          <qty/>
          <unit/></amt>
        <item>Hard-boiled eggs; quartered (optional)</item></ing>
      <ing>
        <amt>
          <qty/>
          <unit/></amt>
        <item>Fresh dill for garnish (optional)</item></ing></ingredients>
    <directions>
      <step>  Combine oil, vinegar, onion, dill, mustard, salt and pepper in bowl or jar
  and mix well. Toss gently with potatoes in a large bowl. Cover and
  refrigerate overnight. To serve, arrange asparagus on a large platter in
  spoke pattern. Remove potatoes from dressing with a slotted spoon and mound
  in center of asparagus. Pour remaining dressing over asparagus and serve
  with quartered eggs and a garnish of fresh dill, if desired. Yield: 6
  servings.
  
  HELEN SLOAN (MRS. JOHN C.)
  
  MARINATE OVERNIGHT
  
  From &lt;Traditions: A Taste of the Good Life&gt;, by the Little Rock (AR) Junior
  League.  Downloaded from Glen's MM Recipe Archive,
  http://www.erols.com/hosey.
 
</step></directions></recipe></recipeml>
