<?xml version="1.0" encoding="UTF-8"?>

<recipeml version="0.5">
  <recipe>
    <head>
      <title>Asparagus and Sesame Chicken Soup</title>
      <categories>
        <cat>Chinese</cat>
        <cat>Poultry</cat>
        <cat>Soups/stews</cat></categories>
      <yield>4</yield></head>
    <ingredients>
      <ing>
        <amt>
          <qty>2</qty>
          <unit>pounds</unit></amt>
        <item>Chicken</item></ing>
      <ing>
        <amt>
          <qty>3</qty>
          <unit>tablespoons</unit></amt>
        <item>Sesame oil</item></ing>
      <ing>
        <amt>
          <qty>6</qty>
          <unit/></amt>
        <item>Slices ginger root</item></ing>
      <ing>
        <amt>
          <qty>1/2</qty>
          <unit>cups</unit></amt>
        <item>Medium sherry</item></ing>
      <ing>
        <amt>
          <qty>1/2</qty>
          <unit>teaspoons</unit></amt>
        <item>Salt</item></ing>
      <ing>
        <amt>
          <qty>2</qty>
          <unit>cups</unit></amt>
        <item>Warm water</item></ing>
      <ing>
        <amt>
          <qty>1</qty>
          <unit>teaspoon</unit></amt>
        <item>Sugar</item></ing>
      <ing>
        <amt>
          <qty>1/2</qty>
          <unit>cups</unit></amt>
        <item>Button mushrooms, canned</item></ing>
      <ing>
        <amt>
          <qty>8</qty>
          <unit/></amt>
        <item>Fresh asparagus spears</item></ing></ingredients>
    <directions>
      <step>  Preparation:  Rinse chicken, remove fat pockets, pat dry, and chop into
  bite-size pieces.  NOTE:  if tempted to use breast meat without bones,
  please don`t; bones add to body and flavor of soup. Peel and slice ginger
  root.  Wash and cut asparagus into 2" sections.
  
  Braising:  Heat wok to medium hot.  Add sesame oil. Start braising chicken
  a few pieces at a time when oil begins to smell. Sesame oil will burn at
  lower temperature than other cooking oils, so avoid hot wok. After browning
  lightly, return chicken pieces to wok; add ginger slices, sherry and salt.
  When sherry boils, add water and sugar. Turn up heat, bring to boil, then
  reduce heat to simmer, cover and simmer for 30 minutes. Add mushrooms and
  asparagus, simmer for another 15 minutes.
  
  Transfer to covered soup tureen (or put plate on top of soup bowl), place
  in steamer on low, and hold until ready to serve.
  
  You can make this soup in large sauce pan, if wok is needed for something
  else. Submitted By COOK4U@AOL.COM On SAT, 5 AUG 1995 113122 -0400
  
  From Gemini's MASSIVE MealMaster collection at www.synapse.com/~gemini
 
</step></directions></recipe></recipeml>
