<?xml version="1.0" encoding="UTF-8"?>

<recipeml version="0.5">
  <recipe>
    <head>
      <title>Asparagus Au Gratin</title>
      <categories>
        <cat>Vegetable</cat></categories>
      <yield>4</yield></head>
    <ingredients>
      <ing>
        <amt>
          <qty>2</qty>
          <unit>pounds</unit></amt>
        <item>Fresh asparagus</item></ing>
      <ing>
        <amt>
          <qty>1/4</qty>
          <unit>pounds</unit></amt>
        <item>Butter</item></ing>
      <ing>
        <amt>
          <qty>1/2</qty>
          <unit>cups</unit></amt>
        <item>Flour</item></ing>
      <ing>
        <amt>
          <qty>2</qty>
          <unit>cups</unit></amt>
        <item>Milk</item></ing>
      <ing>
        <amt>
          <qty/>
          <unit/></amt>
        <item>Salt &amp; freshly ground black pepper to taste</item></ing>
      <ing>
        <amt>
          <qty>1</qty>
          <unit>dash</unit></amt>
        <item>Nutmeg</item></ing>
      <ing>
        <amt>
          <qty>3</qty>
          <unit/></amt>
        <item>Egg yolks</item></ing>
      <ing>
        <amt>
          <qty>1/4</qty>
          <unit>pounds</unit></amt>
        <item>Grated Swiss cheese</item></ing></ingredients>
    <directions>
      <step>  Select a pan in which the asparagus will be able to lie flat. Add 1/2 inch
  water &amp; bring to a boil. Wash asparagus thoroughly. Place in the boiling
  water; cover &amp; cook 10 minutes. Melt the butter in a separate saucepan over
  low heat. Stir in the flour to make a roux. Add milk &amp; simmer 10 minutes,
  stirring constantly. Preheat broiler. When asparagus is done, drain &amp;
  remove gently, so as not to break the tender tips, to a casserole dish.
  Keep warm. When milk-roux mixture has cooked 10 minutes, season with salt,
  pepper &amp; nutmeg. Remove from heat &amp; blend in egg yolks thoroughly. Pour
  sauce over asparagus. Sprinkle with cheese &amp; place under broiler only until
  cheese turns golden brown.
  
  BAGWELLS
  
  KALAKAUA AVENUE, HONOLULU.
  
  From the &lt;Micro Cookbook Collection of French Recipes&gt;.  Downloaded from
  Glen's MM Recipe Archive, http://www.erols.com/hosey.
 
</step></directions></recipe></recipeml>
