<?xml version="1.0" encoding="UTF-8"?>

<recipeml version="0.5">
  <recipe>
    <head>
      <title>Asparagus and Crab Strata</title>
      <categories>
        <cat>Seafood</cat>
        <cat>Brunch</cat>
        <cat>Posted-mm</cat>
        <cat>Suzy</cat></categories>
      <yield>12</yield></head>
    <ingredients>
      <ing>
        <amt>
          <qty>12</qty>
          <unit/></amt>
        <item>Slices white bread, cubed</item></ing>
      <ing>
        <amt>
          <qty>1 1/2</qty>
          <unit>cups</unit></amt>
        <item>Shredded cheddar cheese(6oz)</item></ing>
      <ing>
        <amt>
          <qty>9</qty>
          <unit>ounces</unit></amt>
        <item>Pkg.frozen asparagus cuts,</item></ing>
      <ing>
        <amt>
          <qty/>
          <unit/></amt>
        <item>Thawed and well drained</item></ing>
      <ing>
        <amt>
          <qty>6</qty>
          <unit>ounces</unit></amt>
        <item>Cooked crab meat, flaked</item></ing>
      <ing>
        <amt>
          <qty>2 1/2</qty>
          <unit>cups</unit></amt>
        <item>Skim milk</item></ing>
      <ing>
        <amt>
          <qty>2</qty>
          <unit>cups</unit></amt>
        <item>Eggbeaters</item></ing>
      <ing>
        <amt>
          <qty>3</qty>
          <unit>tablespoons</unit></amt>
        <item>Chopped fresh parsley</item></ing>
      <ing>
        <amt>
          <qty>1</qty>
          <unit>teaspoon</unit></amt>
        <item>Paprika</item></ing>
      <ing>
        <amt>
          <qty>1/2</qty>
          <unit>teaspoons</unit></amt>
        <item>Ground white pepper</item></ing></ingredients>
    <directions>
      <step>  Preheat oven to 325 degrees F.
  
  Spray a 13x9x2-inch (3qt) baking dish with a non-fat spray. Place half of
  the bread cubes in greased baking dish; top with cheese, asparagus, crab
  meat and remaining bread cubes.
  
  In a large bowl, combine milk, eggbeaters, parsley, salt, paprika and
  pepper; blending well.
  
  Pour egg mixture evenly over bread; let stand 10-15 minutes.
  
  At this point the recipe can be refrigerated covered with plastic wrap for
  several hours or overnight.
  
  When ready to bake, uncover and bake for 55-65 minutes or until a knife
  inserted in center comes out clean.
  
  Nutritional analysis per serving: 240.1 cal; 8.3 grams total fat; 4.0 grams
  saturated fat; 20.6 grams protein; 20.2 grams carbo; 129 milligrams chol;
      435    milligrams sodium
  
  Posted to MM-Recipes Digest V4 #146 by Suzy &lt;suzy@gannett.infi.net&gt; on May
  26, 1997
 
</step></directions></recipe></recipeml>
