<?xml version="1.0" encoding="UTF-8"?>

<recipeml version="0.5">
  <recipe>
    <head>
      <title>Asparagus Guacamole</title>
      <categories>
        <cat>Dips</cat>
        <cat>Asparagus</cat></categories>
      <yield>12</yield></head>
    <ingredients>
      <ing>
        <amt>
          <qty>2</qty>
          <unit>cups</unit></amt>
        <item>Asparagus spears; cut into 1"pieces</item></ing>
      <ing>
        <amt>
          <qty>3/4</qty>
          <unit>cups</unit></amt>
        <item>Water</item></ing>
      <ing>
        <amt>
          <qty>2</qty>
          <unit>tablespoons</unit></amt>
        <item>Nonfat yogurt</item></ing>
      <ing>
        <amt>
          <qty>1</qty>
          <unit>tablespoon</unit></amt>
        <item>Lemon juice</item></ing>
      <ing>
        <amt>
          <qty>1</qty>
          <unit>medium</unit></amt>
        <item>Tomato; seeded and chopped</item></ing>
      <ing>
        <amt>
          <qty>2</qty>
          <unit>tablespoons</unit></amt>
        <item>Green onion; sliced</item></ing>
      <ing>
        <amt>
          <qty>1</qty>
          <unit>teaspoon</unit></amt>
        <item>Ground cumin</item></ing>
      <ing>
        <amt>
          <qty>1</qty>
          <unit/></amt>
        <item>Clove garlic; minced</item></ing>
      <ing>
        <amt>
          <qty>1/2</qty>
          <unit>teaspoons</unit></amt>
        <item>Dried oregano</item></ing>
      <ing>
        <amt>
          <qty>1/4</qty>
          <unit>teaspoons</unit></amt>
        <item>Salt</item></ing>
      <ing>
        <amt>
          <qty>1/4</qty>
          <unit>teaspoons</unit></amt>
        <item>Cayenne</item></ing></ingredients>
    <directions>
      <step>  1. Combine asparagus and water in a 2-quart saucepan. Bring to a boil over
  medium-high heat to medium-low. Simmer 8-10 minutes, or until asparagus is
  tender. Rinse with cold water; drain. Blot asparagus with paper towel to
  remove excess moisture.
  
  2. Combine asparagus, yogurt and lemon juice in a food processor or
  blender. Process until smooth.
  
  3. In a medium mixing bowl, combine asparagus mixture and remaining
  ingredients. Chill, if desired.
  
  Notes: Serve with raw veggies or tortilla chips. Per serving: 10 cal.; 1
  gm. Fat
  Posted to recipelu-digest Volume 01 Number 371 by RecipeLu
  &lt;recipelu@geocities.com&gt; on Dec 15, 1997
 
</step></directions></recipe></recipeml>
