<?xml version="1.0" encoding="UTF-8"?>

<recipeml version="0.5">
  <recipe>
    <head>
      <title>Asparagus En Fete</title>
      <categories>
        <cat>Lifetime</cat>
        <cat>Tv</cat></categories>
      <yield>4</yield></head>
    <ingredients>
      <ing-div>
        <title/>
        <ing>
          <amt>
            <qty>1 1/2</qty>
            <unit>pounds</unit></amt>
          <item>Asparagus spears; peeled and trimmed</item></ing>
        <ing>
          <amt>
            <qty>1</qty>
            <unit>cup</unit></amt>
          <item>Water; hot tap</item></ing>
        <ing>
          <amt>
            <qty>24</qty>
            <unit/></amt>
          <item>Black olives; oil curred</item></ing>
        <ing>
          <amt>
            <qty>2</qty>
            <unit>tablespoons</unit></amt>
          <item>Capers; drained</item></ing>
        <ing>
          <amt>
            <qty>1</qty>
            <unit>cup</unit></amt>
          <item>Tomatoes; seeded and chopped</item></ing>
        <ing>
          <amt>
            <qty>1/4</qty>
            <unit>cups</unit></amt>
          <item>Fresh flat-leaf parsley leaves; lightly packed</item></ing></ing-div>
      <ing-div>
        <title>LEMON MUSTARD SAUCE</title>
        <ing>
          <amt>
            <qty>1</qty>
            <unit>tablespoon</unit></amt>
          <item>Dijon mustard</item></ing>
        <ing>
          <amt>
            <qty>1/2</qty>
            <unit>teaspoons</unit></amt>
          <item>Salt</item></ing>
        <ing>
          <amt>
            <qty>1/4</qty>
            <unit>teaspoons</unit></amt>
          <item>Fresh ground black pepper</item></ing>
        <ing>
          <amt>
            <qty>2</qty>
            <unit>teaspoons</unit></amt>
          <item>Lemon juice</item></ing>
        <ing>
          <amt>
            <qty>4</qty>
            <unit>tablespoons</unit></amt>
          <item>Virgin olive oil</item></ing></ing-div></ingredients>
    <directions>
      <step>  1.Place the asparagus in no more than two layers in the bottom of a sauce
  pan, preferably stainless steel. Add hot tape water, and bring it to a boil
  over high heat. Cover the pan, and continue to boil the asparagus over high
  heat for 4 to 5 minutes, until it is tender but still firm. Most of the
  water will have evaporated.
  
  2.Remove the asparagus from the pan, and spread it out on a platter to
  speed cooling. When it is cool enough to handle, measure down 5 inches from
  the tip of each spear, and cut off and reserve the remainder of the stem
  ends. Then, starting at the bottom of the spears, split the stems in half
  lengthwise, stopping when you get to the tips and leaving the heads intact.
  Cut the reserved stem ends into 1-inch pieces.
  
  3.For the sauce, combine the Dijon mustard, salt, pepper, lemon juice, and
  olive oil in a small bowl.
  
  4.At a serving time, mix the 1-inch pieces of asparagus with the olives,
  capers, and tomato in a bowl. Arrange four asparagus spears on each plate
  so the tips extend to the edge of the plate and the stalks, spread open
  where they are cut, connect to create a "frame" around an open area in the
  center. Arrange some of the tomato-olive mixture in the center of each
  plate, and spoon some sauce over both the spears and the mixture. Sprinkle
  with the parsley leaves, and serve.
  
  Copyright credit: Copyright: 1995 by Jacques Pepin © 1996 Lifetime
  Entertainment Services. All rights reserved.
  
  Recipe by: Bobby Flay, The Main Ingredient
  
  Posted to MC-Recipe Digest by Barb at PK  &lt;abprice@wf.net&gt; on Apr 30, 1998
 
</step></directions></recipe></recipeml>
