<?xml version="1.0" encoding="UTF-8"?>

<recipeml version="0.5">
  <recipe>
    <head>
      <title>Asparagus and Carrots with Pasta</title>
      <categories>
        <cat>Salad dress</cat>
        <cat>Salads</cat>
        <cat>Vegetables</cat></categories>
      <yield>4</yield></head>
    <ingredients>
      <ing-div>
        <title>DRESSING</title>
        <ing>
          <amt>
            <qty>1</qty>
            <unit>tablespoon</unit></amt>
          <item>Olive oil</item></ing>
        <ing>
          <amt>
            <qty>2</qty>
            <unit>tablespoons</unit></amt>
          <item>Balsamic vinegar</item></ing>
        <ing>
          <amt>
            <qty>2</qty>
            <unit>teaspoons</unit></amt>
          <item>Dijon mustard</item></ing>
        <ing>
          <amt>
            <qty>1/2</qty>
            <unit>teaspoons</unit></amt>
          <item>Salt</item></ing>
        <ing>
          <amt>
            <qty/>
            <unit/></amt>
          <item>Freshly ground black pepper</item></ing></ing-div>
      <ing-div>
        <title>SALAD</title>
        <ing>
          <amt>
            <qty>1/2</qty>
            <unit>pounds</unit></amt>
          <item>Short whole wheat pasta;spiral,elbow,shell</item></ing>
        <ing>
          <amt>
            <qty>1</qty>
            <unit>tablespoon</unit></amt>
          <item>Olive oil</item></ing>
        <ing>
          <amt>
            <qty>1/4</qty>
            <unit>pounds</unit></amt>
          <item>Fresh asparagus</item></ing>
        <ing>
          <amt>
            <qty>1/4</qty>
            <unit>pounds</unit></amt>
          <item>Carrots; julienned</item></ing>
        <ing>
          <amt>
            <qty>2</qty>
            <unit>tablespoons</unit></amt>
          <item>Capers;rinsed and drained</item></ing>
        <ing>
          <amt>
            <qty>1/4</qty>
            <unit>cups</unit></amt>
          <item>Chopped fresh parsley</item></ing></ing-div></ingredients>
    <directions>
      <step>  Dressing: Whisk together all dressing ingredients. Salad: Prepare pasta
  according to package directions;; drain. Stir oil into pasta to prevent
  sticking. Let cool. Meanwhile slice asparagus into quarters, then across
  into 1-1/2 inch pieces. Steam or blanch the asparagus and carrots for a few
  minutes then combine with pasta, capers and parsley. Drizzle dressing over
  salad. Serve at room temperature. Makes 4 generous servings.
  Posted to TNT Recipes Digest by Alice Poe &lt;afpoe@swbell.net&gt; on Apr 14,
  1998
 
</step></directions></recipe></recipeml>
