<?xml version="1.0" encoding="UTF-8"?>

<recipeml version="0.5">
  <recipe>
    <head>
      <title>Asparagus Mornay</title>
      <categories>
        <cat>Asparagus</cat>
        <cat>Casseroles</cat>
        <cat>Cheese</cat>
        <cat>Bobbie - no</cat>
        <cat>Side dishes</cat></categories>
      <yield>4</yield></head>
    <ingredients>
      <ing>
        <amt>
          <qty>1 1/2</qty>
          <unit>pounds</unit></amt>
        <item>Fresh asparagus; trimmed</item></ing>
      <ing>
        <amt>
          <qty>1</qty>
          <unit>tablespoon</unit></amt>
        <item>Butter or margarine</item></ing>
      <ing>
        <amt>
          <qty>1</qty>
          <unit>tablespoon</unit></amt>
        <item>All-purpose flour</item></ing>
      <ing>
        <amt>
          <qty>1</qty>
          <unit>cup</unit></amt>
        <item>Half and half cream</item></ing>
      <ing>
        <amt>
          <qty>1/2</qty>
          <unit>teaspoons</unit></amt>
        <item>Chicken bouillon granules</item></ing>
      <ing>
        <amt>
          <qty>1/8</qty>
          <unit>teaspoons</unit></amt>
        <item>Ground nutmeg</item></ing>
      <ing>
        <amt>
          <qty>1/8</qty>
          <unit>teaspoons</unit></amt>
        <item>Salt</item></ing>
      <ing>
        <amt>
          <qty>1/2</qty>
          <unit>cups</unit></amt>
        <item>Swiss cheese; shredded</item></ing>
      <ing>
        <amt>
          <qty>2</qty>
          <unit>tablespoons</unit></amt>
        <item>Crushed butter flavored crackers, (Ritz)</item></ing></ingredients>
    <directions>
      <step>  In a skillet, cook asparagus in a small amount of water until crisp-tender,
  about 6-8 minutes; drain. Arrange spears in the bottom of a greased 1 1/2
  qt. baking dish; set aside and keep warm. In a small saucepan, melted
  butter over Low het. Add flour; cook and stir for 1 minute. Whisk in the
  cream, bouillon, nutmeg and salt; bring to a boil over Medium heat. Cook
  and stir for 2 minutes. Remove from heat; stir in cheese until melted. Pour
  over asparagus. Sprinkle with cracker crumbs. Broil 6 inches from the heat
  for 3-5 minutes or until lightly browned. (Picture shows asparagus laid
  side ways in dish and strip of sauce down center, lenthwise in dish,
  garnished with herbs/sliced tomatoes) Yield: 4-6 servings. MC formatted by
  bobbi744@sojourn.com
  
  NOTES : Submitted to magazine by Linda McKee, Big Prairie, Ohio, this
  recipe won second place in magazine's asparagus recipe contest.
  
  Recipe by: Taste of Home Magazine, April/May '97, p. 26
  
  Posted to MC-Recipe Digest V1 #822 by Roberta Banghart
  &lt;bobbi744@sojourn.com&gt; on Oct 01, 1997
 
</step></directions></recipe></recipeml>
