<?xml version="1.0" encoding="UTF-8"?>

<recipeml version="0.5">
  <recipe>
    <head>
      <title>Asparagus Crepes with Mushroom Dill-Sauce</title>
      <categories>
        <cat>Main dish</cat>
        <cat>Vegetarian</cat>
        <cat>Valentine's</cat></categories>
      <yield>2</yield></head>
    <ingredients>
      <ing-div>
        <title>CREPES</title>
        <ing>
          <amt>
            <qty>1/2</qty>
            <unit>cups</unit></amt>
          <item>Whole wheat pastry flour</item></ing>
        <ing>
          <amt>
            <qty>1/4</qty>
            <unit>teaspoons</unit></amt>
          <item>Salt</item></ing>
        <ing>
          <amt>
            <qty>3/4</qty>
            <unit>cups</unit></amt>
          <item>Soymilk</item></ing>
        <ing>
          <amt>
            <qty>1</qty>
            <unit>teaspoon</unit></amt>
          <item>Safflower oil</item></ing></ing-div>
      <ing-div>
        <title>SAUCE</title>
        <ing>
          <amt>
            <qty>1</qty>
            <unit>tablespoon</unit></amt>
          <item>Margarine</item></ing>
        <ing>
          <amt>
            <qty>1</qty>
            <unit>small</unit></amt>
          <item>Onion, quartered &amp; thinly sliced</item></ing>
        <ing>
          <amt>
            <qty>1</qty>
            <unit/></amt>
          <item>Garlic clove, minced</item></ing>
        <ing>
          <amt>
            <qty>1</qty>
            <unit>cup</unit></amt>
          <item>Small white mushrooms, slice</item></ing>
        <ing>
          <amt>
            <qty>1</qty>
            <unit>tablespoon</unit></amt>
          <item>+ 1 ts flour</item></ing>
        <ing>
          <amt>
            <qty>3/4</qty>
            <unit>cups</unit></amt>
          <item>Soymilk</item></ing>
        <ing>
          <amt>
            <qty>2</qty>
            <unit>tablespoons</unit></amt>
          <item>Fresh minced dill</item></ing>
        <ing>
          <amt>
            <qty>1/2</qty>
            <unit>teaspoons</unit></amt>
          <item>Dried tarragon</item></ing>
        <ing>
          <amt>
            <qty>2</qty>
            <unit>teaspoons</unit></amt>
          <item>Lemon juice</item></ing>
        <ing>
          <amt>
            <qty/>
            <unit/></amt>
          <item>Salt &amp; pepper to taste</item></ing></ing-div>
      <ing-div>
        <title>FILLING</title>
        <ing>
          <amt>
            <qty>24</qty>
            <unit/></amt>
          <item>Slender asparagus stalks</item></ing></ing-div></ingredients>
    <directions>
      <step>  CREPES: Combine flour &amp; salt in mixing bowl.  Make a well in the centre &amp;
  pour in the soymilk &amp; oil.  Beat till smooth.  Heat a 6 or 7-inch skillet.
  when hot, pour in 1/4 c of batter &amp; tilt skillet till it's evenly coated.
  Cook over moderate heat till lightly browned on the bottom. Flip &amp; brown
  the other side.  Remove &amp; set on a plate. Repeat with the rest of the
  batter, you should have 6 crepes. SAUCE: Heat margarine in a small pot. Add
  onion &amp; garlic &amp; saute over moderate heat till onion is golden. Add
  mushrooms &amp; cover.  Cook till the mushrooms are limp &amp; juicy. Sprinkle in
  the flour &amp; stir till it disappears. Slowly pour in the soymilk, stirring.
  Bring to a simmer, then stir in the dill &amp; tarragon. Cook at a simmer till
  the sauce thickens. Stir in the lemon juice &amp; season to taste. Remove from
  heat &amp; cover. FILLING: Trim about 1/2-inch of the asparagus stalks &amp; scrape
  off any tough looking skin. Cut stalks in half &amp; steam till tender crisp.
  ASSEMBLE:  Place 6 asparagus stalks in the centre of each crepe, letting
  the tips protrude from the top &amp; overlapping the halved stalks in the
  centre if necessary.  Spoon a very small amount of sauce over the
  asparagus.  fold one end of the crepe in towards the centre &amp; overlap the
  other end over it.  Arrange the crepes, folded side down, in an oiled,
  shallow baking dish.  Spoon remaining sauce evenly over the crepes. Bake in
  a preheated 350F oven until just heated through. Serve at once.
  Posted to MM-Recipes Digest V4 #309 by "John Weber" &lt;hdbrer@ibm.net&gt; on Nov
  28, 97
 
</step></directions></recipe></recipeml>
