<?xml version="1.0" encoding="UTF-8"?>

<recipeml version="0.5">
  <recipe>
    <head>
      <title>Asparagus Dressed with Lemon and Chives</title>
      <categories>
        <cat>Salads</cat></categories>
      <yield>4</yield></head>
    <ingredients>
      <ing>
        <amt>
          <qty/>
          <unit/></amt>
        <item>MARY WITT NDHD47A-----</item></ing>
      <ing>
        <amt>
          <qty>1</qty>
          <unit>pound</unit></amt>
        <item>Asparagus</item></ing>
      <ing>
        <amt>
          <qty>2</qty>
          <unit>tablespoons</unit></amt>
        <item>Light olive oil -- or</item></ing>
      <ing>
        <amt>
          <qty/>
          <unit/></amt>
        <item>Canola</item></ing>
      <ing>
        <amt>
          <qty/>
          <unit/></amt>
        <item>Oil</item></ing>
      <ing>
        <amt>
          <qty>2</qty>
          <unit>teaspoons</unit></amt>
        <item>Lemon juice</item></ing>
      <ing>
        <amt>
          <qty>1</qty>
          <unit>teaspoon</unit></amt>
        <item>Grated lemon zest</item></ing>
      <ing>
        <amt>
          <qty>1</qty>
          <unit>tablespoon</unit></amt>
        <item>Chives -- snipped</item></ing>
      <ing>
        <amt>
          <qty>1</qty>
          <unit>teaspoon</unit></amt>
        <item>Salt</item></ing>
      <ing>
        <amt>
          <qty>1</qty>
          <unit/></amt>
        <item>Egg; hard boiled -- chopped</item></ing></ingredients>
    <directions>
      <step>  Cut and discard the hard ends from Asparagus.  Peel the stalks uning a
  sharp knife or vegetable peeler. Place the stalks carefully in a shallow
  pan of boiling water and cook for 3-5 minutes, depending on the thickness
  of the stalks.  While the asparagus is cooking, shake together the oil,
  lemon juice, lemon zest, chives and salt. Drain the asparagus, pour the
  dressing on it and carefully turn the stalks over to coat. Serve the
  asparagus on a warm serving platter or on individual plates. Scatter the
  chopped egg on top. Servs 4 as a first course. MM Format Norma Wrenn
  npxr56b
  
  Recipe By     :
  
  File ftp://ftp.idiscover.co.uk/pub/food/mealmaster/recipes/mmdja006.zip
 
</step></directions></recipe></recipeml>
