<?xml version="1.0" encoding="UTF-8"?>

<recipeml version="0.5">
  <recipe>
    <head>
      <title>Asparagus Beef Roll-Ups</title>
      <categories>
        <cat>New</cat>
        <cat>Text</cat>
        <cat>Import</cat></categories>
      <yield>1</yield></head>
    <ingredients>
      <ing-div>
        <title/>
        <ing>
          <amt>
            <qty>1</qty>
            <unit>pound</unit></amt>
          <item>Piece beef tenderloin; (center-cut)</item></ing>
        <ing>
          <amt>
            <qty>3</qty>
            <unit>tablespoons</unit></amt>
          <item>Coarse cracked black pepper</item></ing>
        <ing>
          <amt>
            <qty/>
            <unit/></amt>
          <item>Kosher salt</item></ing>
        <ing>
          <amt>
            <qty/>
            <unit/></amt>
          <item>Olive oil for searing</item></ing>
        <ing>
          <amt>
            <qty>20</qty>
            <unit/></amt>
          <item>Spears of asparagus,; blanched until tender</item></ing></ing-div>
      <ing-div>
        <title>HORSERADISH MAYONNAISE</title>
        <ing>
          <amt>
            <qty>1</qty>
            <unit>tablespoon</unit></amt>
          <item>Prepared grated horseradish</item></ing>
        <ing>
          <amt>
            <qty>1/2</qty>
            <unit>cups</unit></amt>
          <item>Mayonnaise,; slightly thin</item></ing>
        <ing>
          <amt>
            <qty>1</qty>
            <unit>tablespoon</unit></amt>
          <item>Chopped fresh chives</item></ing>
        <ing>
          <amt>
            <qty/>
            <unit/></amt>
          <item>Salt and pepper</item></ing></ing-div></ingredients>
    <directions>
      <step>  Heat the oil in a large saute pan. Season the entire beef tender with
  kosher salt and pepper. Sear the beef on all sides until very brown.
  Meanwhile, make the mayonnaise. In a small bowl combine the horseradish,
  mayonnaise, and chives. Season with salt and pepper and set aside. Remove
  the meat from the pan and allow to cool completely. Using a very sharp
  knife, slice the beef into 10 thin slices. Season with salt and pepper.
  Spread a thin layer of mayonnaise on one side of the beef and lay 2 spears
  of asparagus in the center of each piece of beef. Roll the beef up over the
  asparagus. Arrange on a plate and drizzle with additional mayonnaise.
  
  Yield: 20 Hors d'oevres
  Recipe By     :ESSENCE OF EMERIL SHOW #EE2234
  
  Posted to MC-Recipe Digest V1 #276
  
  Date: Sun, 3 Nov 1996 23:36:45 -0500
  
  From: Meg Antczak &lt;meginny@frontiernet.net&gt;
 
</step></directions></recipe></recipeml>
