<?xml version="1.0" encoding="UTF-8"?>

<recipeml version="0.5">
  <recipe>
    <head>
      <title>Asparagus Linguine</title>
      <categories>
        <cat>None</cat></categories>
      <yield>1</yield></head>
    <ingredients>
      <ing>
        <amt>
          <qty>5</qty>
          <unit>ounces</unit></amt>
        <item>LINGUINE</item></ing>
      <ing>
        <amt>
          <qty>2</qty>
          <unit>tablespoons</unit></amt>
        <item>REDUCED CALORIE MARGARINE</item></ing>
      <ing>
        <amt>
          <qty>1/4</qty>
          <unit>cups</unit></amt>
        <item>FINELY CHOPPED ONION</item></ing>
      <ing>
        <amt>
          <qty>3</qty>
          <unit/></amt>
        <item>GARLIC CLOVES; MINCED</item></ing>
      <ing>
        <amt>
          <qty>8</qty>
          <unit>ounces</unit></amt>
        <item>FRESH ASPARAGUS; PEELED AND DIAGONALLY SLICED INTO 1/2 INCH PIECES</item></ing>
      <ing>
        <amt>
          <qty>2</qty>
          <unit>tablespoons</unit></amt>
        <item>DRY WHITE WINE OR CHICKEN BROTH</item></ing>
      <ing>
        <amt>
          <qty>2</qty>
          <unit>tablespoons</unit></amt>
        <item>FRESH LEMON JUICE</item></ing>
      <ing>
        <amt>
          <qty/>
          <unit/></amt>
        <item>FRESHLY GROUND PEPPER</item></ing>
      <ing>
        <amt>
          <qty>1/4</qty>
          <unit>cups</unit></amt>
        <item>GRATED PARMESAN CHEESE</item></ing>
      <ing>
        <amt>
          <qty>3</qty>
          <unit>ounces</unit></amt>
        <item>SHREDDED LIGHT MOZZARELLA CHEESE; (3/4 CUP)</item></ing>
      <ing>
        <amt>
          <qty/>
          <unit/></amt>
        <item>STRIPS OF FRESH LEMON PEEL</item></ing></ingredients>
    <directions>
      <step>  From: HallieByrd &lt;HallieByrd@aol.com&gt;
  
  COOK LINGUINE ACCORDING TO PKG. DIRECTIONS UNTIL JUST TENDER; DRAIN AND
  KEEP WARM. MEANWHILE, IN LARGE SKILLET OVER MED. HEAT, MELT MARGARINE/ ADD
  ONION AND GARLIC; COOK 5 MINS. OR UNTIL ONION IS SOFT, STIRRING OFTEN. ADD
  ASPARAGUS; COOK 2 MINS. LONGER, STIRRING OFTEN. ADD WINE AND LEMON JUICE;
  COOK 1 MIN. LONGER. SEASON WITH SALT AND PEPPER AND REMOVE FROM HEAT. TOSS
  MIXTURE WITH PASTA AND PARMESAN CHEESE. TO SERVE TRANSFER TO SERVING
  PLATTER AND TOP WITH MOZZARELLA CHEESE; GARNISH WITH STRIPS OF LEMON PEEL.
  SERVE IMMEDIATELY.
  
  Posted to recipelu-digest by jeryder@juno.com on Mar 17, 1998
 
</step></directions></recipe></recipeml>
