<?xml version="1.0" encoding="UTF-8"?>

<recipeml version="0.5">
  <recipe>
    <head>
      <title>Asparagus Gratin (Brennan)</title>
      <categories>
        <cat>Vegetables</cat>
        <cat>*california</cat>
        <cat>Mc-recipe</cat></categories>
      <yield>4</yield></head>
    <ingredients>
      <ing>
        <amt>
          <qty/>
          <unit/></amt>
        <item>Baguette slices</item></ing>
      <ing>
        <amt>
          <qty/>
          <unit/></amt>
        <item>Garlic cloves</item></ing>
      <ing>
        <amt>
          <qty/>
          <unit/></amt>
        <item>Olive oil</item></ing>
      <ing>
        <amt>
          <qty/>
          <unit/></amt>
        <item>Steamed asparagus spears</item></ing>
      <ing>
        <amt>
          <qty/>
          <unit/></amt>
        <item>Salt</item></ing>
      <ing>
        <amt>
          <qty/>
          <unit/></amt>
        <item>Pepper</item></ing>
      <ing>
        <amt>
          <qty/>
          <unit/></amt>
        <item>Thyme</item></ing>
      <ing>
        <amt>
          <qty/>
          <unit/></amt>
        <item>Bechamel sauce</item></ing>
      <ing>
        <amt>
          <qty/>
          <unit/></amt>
        <item>Butter</item></ing>
      <ing>
        <amt>
          <qty/>
          <unit/></amt>
        <item>Fine breadcrumbs</item></ing>
      <ing>
        <amt>
          <qty/>
          <unit/></amt>
        <item>Grated parmesan cheese</item></ing></ingredients>
    <directions>
      <step>  Line a gratin dish with a layer of toasted, garlic- rubbed baguette slices.
  Drizzle with a little olive oil. Top with steamed asparagus spears seasoned
  with salt, pepper and thyme. Pour bechamel sauce over all and top with dots
  of butter, fine breadcrumbs and grated Parmesan cheese. Bake at 400 degrees
  for about 20 minutes, or until the top is golden and bubbly. Finish under a
  broiler if desired.
  
  Excerpt from SF Chronicle 05/06/98 Food Section see www.sfgate.com and
  Busted by Hanneman
  
  Recipe by: Georgeanne Brennan
  
  Posted to MC-Recipe Digest by Kitpath &lt;phannema@wizard.ucr.edu&gt; on May 08,
  1998
 
</step></directions></recipe></recipeml>
