<?xml version="1.0" encoding="UTF-8"?>

<recipeml version="0.5">
  <recipe>
    <head>
      <title>Asparagus and Ham Topped Potatoes</title>
      <categories>
        <cat>Pork &amp; ham</cat>
        <cat>Vegetables</cat></categories>
      <yield>4</yield></head>
    <ingredients>
      <ing>
        <amt>
          <qty>4</qty>
          <unit>large</unit></amt>
        <item>Russet potatoes; baked</item></ing>
      <ing>
        <amt>
          <qty>1/2</qty>
          <unit>pounds</unit></amt>
        <item>Ham; cut in julienne strips</item></ing>
      <ing>
        <amt>
          <qty>2</qty>
          <unit>cups</unit></amt>
        <item>Hot cooked asparagus</item></ing>
      <ing>
        <amt>
          <qty>2</qty>
          <unit/></amt>
        <item>Hard boiled eggs; sliced</item></ing>
      <ing>
        <amt>
          <qty/>
          <unit/></amt>
        <item>Toasted sliced almonds; (optional)</item></ing></ingredients>
    <directions>
      <step>  Slit hot potatoes lengthwise and open by gently squeezing from the bottom.
  Top hot potatoes with ham, asparagus and sliced eggs. Spoon sauce over top
  and garnish with almonds.
  
  CREAMY MUSTARD SAUCE:2 tbsp. butter 3 tbsp. flour 1 tsp. dry mustard 1/2
  tsp. salt 1/8 tsp. white pepper 2 c. milk. Melt butter in saucepan and stir
  in flour, mustard and salt and pepper. Mix thoroughly. Gradually stir in
  milk. Cook and stir until thickened and bubbly. Makes 2 cups.
  Posted to recipelu-digest by "Diane Geary" &lt;diane@keyway.net&gt; on Feb 16,
  1998
 
</step></directions></recipe></recipeml>
