<?xml version="1.0" encoding="UTF-8"?>

<recipeml version="0.5">
  <recipe>
    <head>
      <title>Asparagus Chicken</title>
      <categories>
        <cat>Poultry</cat>
        <cat>Casseroles</cat>
        <cat>Company</cat></categories>
      <yield>6</yield></head>
    <ingredients>
      <ing>
        <amt>
          <qty/>
          <unit/></amt>
        <item>Whole chicken breasts -- -</item></ing>
      <ing>
        <amt>
          <qty/>
          <unit/></amt>
        <item>Halved</item></ing>
      <ing>
        <amt>
          <qty>1/4</qty>
          <unit>cups</unit></amt>
        <item>Oil</item></ing>
      <ing>
        <amt>
          <qty>4</qty>
          <unit>teaspoons</unit></amt>
        <item>Butter -- melted</item></ing>
      <ing>
        <amt>
          <qty>1/4</qty>
          <unit>cups</unit></amt>
        <item>Flour</item></ing>
      <ing>
        <amt>
          <qty>1/2</qty>
          <unit>teaspoons</unit></amt>
        <item>Salt</item></ing>
      <ing>
        <amt>
          <qty>2</qty>
          <unit>cups</unit></amt>
        <item>Chicken broth</item></ing>
      <ing>
        <amt>
          <qty>1/2</qty>
          <unit>cups</unit></amt>
        <item>Heavy cream</item></ing>
      <ing>
        <amt>
          <qty>1/2</qty>
          <unit>teaspoons</unit></amt>
        <item>Tabasco</item></ing>
      <ing>
        <amt>
          <qty>16</qty>
          <unit>ounces</unit></amt>
        <item>Can of asparagus</item></ing>
      <ing>
        <amt>
          <qty>1/2</qty>
          <unit>cups</unit></amt>
        <item>Parmesan cheese -- grated</item></ing></ingredients>
    <directions>
      <step>  Brown the chicken in oil.  In a saucepan, add flour and salt to butter.
  Stir in chicken broth and cook until thick. Remove from heat; add cream and
  Tabasco. Place asparagus in the bottom of a 9x13" casserole. Arrange the
  chicken on top of the aspragus. Pour sauce over the chicken and asparagus.
  Sprinkle with cheese. Bake at 350 for 45 minutes.
  
  Recipe By     :
  
  From Gemini's MASSIVE MealMaster collection at www.synapse.com/~gemini
 
</step></directions></recipe></recipeml>
