<?xml version="1.0" encoding="UTF-8"?>

<recipeml version="0.5">
  <recipe>
    <head>
      <title>Asparagus Flan (July 1997)</title>
      <categories>
        <cat>First</cat>
        <cat>Courses</cat></categories>
      <yield>6</yield></head>
    <ingredients>
      <ing-div>
        <title/>
        <ing>
          <amt>
            <qty>1</qty>
            <unit>pound</unit></amt>
          <item>Fresh asparagus; peeled</item></ing>
        <ing>
          <amt>
            <qty>1</qty>
            <unit/></amt>
          <item>Shallot; chopped</item></ing>
        <ing>
          <amt>
            <qty>2</qty>
            <unit>tablespoons</unit></amt>
          <item>Butter</item></ing>
        <ing>
          <amt>
            <qty>6</qty>
            <unit/></amt>
          <item>Eggs</item></ing>
        <ing>
          <amt>
            <qty>6</qty>
            <unit>tablespoons</unit></amt>
          <item>Fresh cream</item></ing>
        <ing>
          <amt>
            <qty/>
            <unit/></amt>
          <item>Salt and white pepper; to taste</item></ing>
        <ing>
          <amt>
            <qty>1</qty>
            <unit>teaspoon</unit></amt>
          <item>Tarragon</item></ing></ing-div>
      <ing-div>
        <title>SAUCE (OPTIONAL</title>
        <ing>
          <amt>
            <qty>1</qty>
            <unit/></amt>
          <item>Shallot; finely chopped</item></ing>
        <ing>
          <amt>
            <qty>1</qty>
            <unit>cup</unit></amt>
          <item>Dry white wine</item></ing>
        <ing>
          <amt>
            <qty>1</qty>
            <unit>teaspoon</unit></amt>
          <item>Tarragon</item></ing>
        <ing>
          <amt>
            <qty>1/2</qty>
            <unit>pounds</unit></amt>
          <item>Butter</item></ing>
        <ing>
          <amt>
            <qty/>
            <unit/></amt>
          <item>Salt and white pepper; to taste</item></ing></ing-div></ingredients>
    <directions>
      <step>  1 Separate asparagus tips ( about 2')
  
  2. Cook asparagus tips and rest of stalks in a little salted water for a
  few minutes. They should be still firm. Drain tips.
  
  3, Cook the rest 5 minutes longer. Drain. Let cool. Slice half of the
  stalks.
  
  4. Cook shallots in 1 T butter until wilted. Let cool
  
  5. Process the rest of the. stalks ( not tips) along with the cooked
  shallots until they become a paste. Add tarragon, eggs, pepper salt and
  process to blend.
  
  6. Add cream to food processor and process 1/2 a minute.
  
  7. Butter 6 ramekins and divide the sliced stalks among them.
  
  8. Pour the egg mixture into the ramekins. Place the ramekins in a pan with
  water and bake at 300 F for 40 minutes or until firm.
  
  9. meanwhile prepare the sauce:
  
  10. Reduce the wine, with 1 t. tarragon and white pepper to 1 T. Slowly
  start adding butter a t. at a time whisking, over very low heat, until all
  the butter has been incorporated. Check salt.
  
  11. Unmold the flans on individual plates, decorate with the tips and pour
  the sauce over the tips.
  
  Recipe by: Miriam Podcameni Posvolsky Posted to TNT - Prodigy's Recipe
  Exchange Newsletter  by Leon &amp; Miriam Posvolsky &lt;miriamp@pobox.com&gt; on Jul
  26, 1997
 
</step></directions></recipe></recipeml>
