<?xml version="1.0" encoding="UTF-8"?>

<recipeml version="0.5">
  <recipe>
    <head>
      <title>Asparagus Ham Quiche</title>
      <categories>
        <cat>Ham</cat></categories>
      <yield>12</yield></head>
    <ingredients>
      <ing>
        <amt>
          <qty>2</qty>
          <unit>packages</unit></amt>
        <item>Frozen cut asparagas --</item></ing>
      <ing>
        <amt>
          <qty/>
          <unit/></amt>
        <item>Thawed (10 ounces each)</item></ing>
      <ing>
        <amt>
          <qty>1</qty>
          <unit>pound</unit></amt>
        <item>Fully cooked ham -- chopped</item></ing>
      <ing>
        <amt>
          <qty>2</qty>
          <unit>cups</unit></amt>
        <item>Shredded swiss cheese (8</item></ing>
      <ing>
        <amt>
          <qty/>
          <unit/></amt>
        <item>Oz)</item></ing>
      <ing>
        <amt>
          <qty>1/2</qty>
          <unit>cups</unit></amt>
        <item>Chopped onion</item></ing>
      <ing>
        <amt>
          <qty>6</qty>
          <unit/></amt>
        <item>Eggs</item></ing>
      <ing>
        <amt>
          <qty>2</qty>
          <unit>cups</unit></amt>
        <item>Milk</item></ing>
      <ing>
        <amt>
          <qty>1 1/2</qty>
          <unit>cups</unit></amt>
        <item>Buttermilk baking mix</item></ing>
      <ing>
        <amt>
          <qty>2</qty>
          <unit>tablespoons</unit></amt>
        <item>Dried vegetable flakes</item></ing>
      <ing>
        <amt>
          <qty>1/4</qty>
          <unit>teaspoons</unit></amt>
        <item>Pepper</item></ing></ingredients>
    <directions>
      <step>  In two greased 9-in. pie plates, layer the asparagas, ham, cheese and
  onion. In a bowl, beat eggs. Add remaining ingredients and mix well. Divide
  in half and pour over asparagas mixture in each pie plate. Bake at 375 for
  30 minutes or until a knife inserted near the center comes out clean.
  
  Posted to MC-Recipe Digest V1 #140
  
  Date: Fri, 05 Jul 1996 17:03:32 -0700
  
  From: Gerald Edgerton &lt;jerrye@wizard.com&gt;
  
  From: Garry Howard &lt;g.Howard@ix.Netcom.Date: Fri, 5 Jul 1996 12:16:48 -0700
 
</step></directions></recipe></recipeml>
