<?xml version="1.0" encoding="UTF-8"?>

<recipeml version="0.5">
  <recipe>
    <head>
      <title>Asparagus Fromage</title>
      <categories>
        <cat>Vegetables</cat>
        <cat>Ethnic</cat></categories>
      <yield>4</yield></head>
    <ingredients>
      <ing>
        <amt>
          <qty/>
          <unit/></amt>
        <item>LAUSCH DGSV43A</item></ing>
      <ing>
        <amt>
          <qty>4</qty>
          <unit>large</unit></amt>
        <item>Mushroom caps</item></ing>
      <ing>
        <amt>
          <qty>2</qty>
          <unit>tablespoons</unit></amt>
        <item>Margarine</item></ing>
      <ing>
        <amt>
          <qty>2</qty>
          <unit>tablespoons</unit></amt>
        <item>Flour</item></ing>
      <ing>
        <amt>
          <qty>1</qty>
          <unit>cup</unit></amt>
        <item>Milk</item></ing>
      <ing>
        <amt>
          <qty>1/2</qty>
          <unit>teaspoons</unit></amt>
        <item>Salt</item></ing>
      <ing>
        <amt>
          <qty>1/8</qty>
          <unit>teaspoons</unit></amt>
        <item>Mustard -- dry</item></ing>
      <ing>
        <amt>
          <qty>2</qty>
          <unit>tablespoons</unit></amt>
        <item>Sherry</item></ing>
      <ing>
        <amt>
          <qty>1</qty>
          <unit>pound</unit></amt>
        <item>Asparagus spears -- crisp</item></ing>
      <ing>
        <amt>
          <qty/>
          <unit/></amt>
        <item>Cook</item></ing>
      <ing>
        <amt>
          <qty>1/4</qty>
          <unit>cups</unit></amt>
        <item>Cheese -- grated (cook's</item></ing>
      <ing>
        <amt>
          <qty/>
          <unit/></amt>
        <item>Pick)</item></ing>
      <ing>
        <amt>
          <qty>1/2</qty>
          <unit>cups</unit></amt>
        <item>Almond halves -- browned</item></ing></ingredients>
    <directions>
      <step>  Saute mushroom caps in the margarine. Remove mushrooms. To make sauce; add
  flour to the margarine; cook a minute and add milk and cook until thick;
  add salt, mustard and sherry. Place cooked asparagus on a serving platter,
  cover with the browned almonds, and top with mushrooms. Pour sauce over and
  sprinkle with grated cheese. Place under a low flame until cheese melts.
  Sprinkle with paprika if desired. Serve immediately. Brought to you by Judy
  Lausch DGSV43A.
  
  Recipe By     :
  
  File ftp://ftp.idiscover.co.uk/pub/food/mealmaster/recipes/mmdja006.zip
 
</step></directions></recipe></recipeml>
