<?xml version="1.0" encoding="UTF-8"?>

<recipeml version="0.5">
  <recipe>
    <head>
      <title>Asparagus Cheese Soup</title>
      <categories>
        <cat>Soups</cat></categories>
      <yield>4</yield></head>
    <ingredients>
      <ing>
        <amt>
          <qty>1/4</qty>
          <unit>cups</unit></amt>
        <item>Butter</item></ing>
      <ing>
        <amt>
          <qty>1/4</qty>
          <unit>cups</unit></amt>
        <item>Flour</item></ing>
      <ing>
        <amt>
          <qty>1</qty>
          <unit>tablespoon</unit></amt>
        <item>Salt</item></ing>
      <ing>
        <amt>
          <qty>1/8</qty>
          <unit>teaspoons</unit></amt>
        <item>Nutmeg</item></ing>
      <ing>
        <amt>
          <qty>1/8</qty>
          <unit>teaspoons</unit></amt>
        <item>Pepper</item></ing>
      <ing>
        <amt>
          <qty>6</qty>
          <unit>cups</unit></amt>
        <item>Milk</item></ing>
      <ing>
        <amt>
          <qty>2</qty>
          <unit>packages</unit></amt>
        <item>(10 oz.) frozen asparagus cooked; ch</item></ing>
      <ing>
        <amt>
          <qty>3</qty>
          <unit>cups</unit></amt>
        <item>Shredded Cheddar cheese</item></ing></ingredients>
    <directions>
      <step>  Melt butter; blend in flour and seasonings. Remove from heat and stir in
  milk. Return to heat, stirring constantly, until thickened.
  
  Add asparagus and cooking water; heat to simmering. Remove from heat and
  stir in cheese until melted. Garnish with paprika, if desired.
  Posted to recipelu-digest by "Diane Geary" &lt;diane@keyway.net&gt; on Feb 16,
  1998
 
</step></directions></recipe></recipeml>
