<?xml version="1.0" encoding="UTF-8"?>

<recipeml version="0.5">
  <recipe>
    <head>
      <title>Asparagus Cream Soup</title>
      <categories>
        <cat>Soups</cat></categories>
      <yield>3</yield></head>
    <ingredients>
      <ing>
        <amt>
          <qty>4</qty>
          <unit>tablespoons</unit></amt>
        <item>CRISCO Shortening</item></ing>
      <ing>
        <amt>
          <qty>1/2</qty>
          <unit>cups</unit></amt>
        <item>Chopped onion</item></ing>
      <ing>
        <amt>
          <qty>4</qty>
          <unit>packages</unit></amt>
        <item>Frozen cut asparagus (10 oz)</item></ing>
      <ing>
        <amt>
          <qty>2</qty>
          <unit>cups</unit></amt>
        <item>Chicken broth</item></ing>
      <ing>
        <amt>
          <qty>8</qty>
          <unit/></amt>
        <item>Egg yolks, slightly beaten (use clean, uncracked eggs)</item></ing>
      <ing>
        <amt>
          <qty>5</qty>
          <unit>cups</unit></amt>
        <item>Milk</item></ing>
      <ing>
        <amt>
          <qty>2</qty>
          <unit>teaspoons</unit></amt>
        <item>Salt</item></ing>
      <ing>
        <amt>
          <qty>1/2</qty>
          <unit>teaspoons</unit></amt>
        <item>Pepper</item></ing>
      <ing>
        <amt>
          <qty>8</qty>
          <unit>drops</unit></amt>
        <item>Hot pepper sauce</item></ing></ingredients>
    <directions>
      <step>  1. In medium saucepan melt Crisco; add onion and cook until tender.
  
  2. Add frozen asparagus and chicken broth; cook uncovered 10 minutes over
  high heat.
  
  3. Transfer mixture to blender and puree. (Or force mixture through a find
  wire sieve.) Add beaten egg yolks.
  
  4. Return mixture to saucepan. Stir in milk, salt, pepper and hot pepper
  sauce. Reheat before serving; DO NOT BOIL.
  
  Makes 3 quarts.
 
</step></directions></recipe></recipeml>
