<?xml version="1.0" encoding="UTF-8"?>

<recipeml version="0.5">
  <recipe>
    <head>
      <title>Asparagus in Its Own Juices</title>
      <categories>
        <cat>Vegetables</cat></categories>
      <yield>2</yield></head>
    <ingredients>
      <ing>
        <amt>
          <qty>3/4</qty>
          <unit>pounds</unit></amt>
        <item>Asparagus (medium to large)</item></ing>
      <ing>
        <amt>
          <qty>2</qty>
          <unit>tablespoons</unit></amt>
        <item>Unsalted butter</item></ing>
      <ing>
        <amt>
          <qty>1/2</qty>
          <unit>teaspoons</unit></amt>
        <item>Salt</item></ing>
      <ing>
        <amt>
          <qty/>
          <unit/></amt>
        <item>Freshly ground pepper</item></ing></ingredients>
    <directions>
      <step>  CUT OFF THE TOUGH BOTTOM END of the asparagus and discard. Peel the stalks
  with a vegetable peeler. Place asparagus in a skillet or saucepan just
  large enough to hold them lying down and barely cover with cold water. Add
  butter and salt and bring to a boil, uncovered, over high heat. Stir the
  asparagus so it will cook evenly. The asparagus is done when the water has
  evaporated, leaving only the concentrated, buttery juice of the asparagus.
  Grind fresh pepper to taste over the asparagus and arrange on a vegetable
  platter.
  
  From Gemini's MASSIVE MealMaster collection at www.synapse.com/~gemini
 
</step></directions></recipe></recipeml>
