<?xml version="1.0" encoding="UTF-8"?>

<recipeml version="0.5">
  <recipe>
    <head>
      <title>Asparagus in Warm Tarragon-Pecan Vinaigrette</title>
      <categories>
        <cat>Beans grain</cat>
        <cat>Heaven</cat>
        <cat>Kitpath</cat></categories>
      <yield>6</yield></head>
    <ingredients>
      <ing>
        <amt>
          <qty>1 1/2</qty>
          <unit>pounds</unit></amt>
        <item>Asparagus; thin spears</item></ing>
      <ing>
        <amt>
          <qty>2</qty>
          <unit>tablespoons</unit></amt>
        <item>Balsamic vinegar; or cider vinegar</item></ing>
      <ing>
        <amt>
          <qty>2</qty>
          <unit>teaspoons</unit></amt>
        <item>Sugar</item></ing>
      <ing>
        <amt>
          <qty>2</qty>
          <unit>tablespoons</unit></amt>
        <item>Olive oil</item></ing>
      <ing>
        <amt>
          <qty>1</qty>
          <unit>cup</unit></amt>
        <item>Finely chopped pecans</item></ing>
      <ing>
        <amt>
          <qty>1</qty>
          <unit>tablespoon</unit></amt>
        <item>Minced garlic</item></ing>
      <ing>
        <amt>
          <qty>3/4</qty>
          <unit>teaspoons</unit></amt>
        <item>Salt</item></ing>
      <ing>
        <amt>
          <qty>1</qty>
          <unit>tablespoon</unit></amt>
        <item>Chopped fresh tarragon; may be doubled</item></ing>
      <ing>
        <amt>
          <qty/>
          <unit/></amt>
        <item>Black pepper; to taste</item></ing></ingredients>
    <directions>
      <step>  This dish tastes best within an hour of being made. Serve it over to next
  to rice. This is good with grilled fish.
  
  Trim asparagus; slice stalks on diagonal into 1-1/2 inch pieces, start from
  the tip down. Set aside.
  
  Combine the vinegar and sugar in a small bowl and mix until the sugar
  dissolves. Set aside.
  
  Heat the oil in a large skillet. Add the pecans, and saute over medium-low
  heat for about 10 minutes, or until they are fragrant and lightly toasted.
  Be careful not to turn them.
  
  Turn heat to medium high and add asparagus, garlic and 1/2 tsp of salt.
  Stir-fry for about 3 to 5 minutes, or until the asparagus is just barely
  tender. (The thicker the longer.)
  
  Add the vinegar mixture to the asparagus, strring well. Cook over high heat
  for only about 30 seconds longer, then remove from heat.
  
  Stir in the tarragon, the remaining salt, and pepper to taste. Serve hot,
  warm or at room temp. Serves 6 prep time is 20 mins. PER SERVING: 126 cals,
     11.1 g  fat, 73.8%
  
  Recipe by: Mollie Katzen's Vegetable Heaven (Hyperion, Oct97)
 
</step></directions></recipe></recipeml>
