<?xml version="1.0" encoding="UTF-8"?>

<recipeml version="0.5">
  <recipe>
    <head>
      <title>Asparagus Casserole</title>
      <categories>
        <cat>Vegetables</cat>
        <cat>Holiday</cat>
        <cat>Family</cat></categories>
      <yield>10</yield></head>
    <ingredients>
      <ing>
        <amt>
          <qty>1/4</qty>
          <unit>pounds</unit></amt>
        <item>Saltine crackers</item></ing>
      <ing>
        <amt>
          <qty>1</qty>
          <unit>can</unit></amt>
        <item>Asparagus; cut</item></ing>
      <ing>
        <amt>
          <qty>4 1/2</qty>
          <unit>ounces</unit></amt>
        <item>Pimientos</item></ing>
      <ing>
        <amt>
          <qty>1</qty>
          <unit>can</unit></amt>
        <item>Mushroom soup</item></ing>
      <ing>
        <amt>
          <qty>1</qty>
          <unit>cup</unit></amt>
        <item>Cheddar cheese; grated</item></ing>
      <ing>
        <amt>
          <qty>3</qty>
          <unit/></amt>
        <item>Hard-boiled eggs; optional</item></ing></ingredients>
    <directions>
      <step>  In 2-qt. casserole layer ingredients as follows:
      1/2    crackers, crumbled
      1/2    asparagus
      1/2    pimientos (in strips)
        1/2 mushroom soup mixed with pimiento juice
        1/2 grated cheese Repeat the layers using other half of ingredients.
  Top with cheese or crumbled potato chips. Heat in moderate oven (375 deg.)
  until bubbly and topping has browned.
  
  From Gemini's MASSIVE MealMaster collection at www.synapse.com/~gemini
 
</step></directions></recipe></recipeml>
