<?xml version="1.0" encoding="UTF-8"?>

<recipeml version="0.5">
  <recipe>
    <head>
      <title>Asparagus and Mozarella Salad</title>
      <categories>
        <cat>Ew</cat>
        <cat>Text</cat>
        <cat>Import</cat></categories>
      <yield>1</yield></head>
    <ingredients>
      <ing>
        <amt>
          <qty>1</qty>
          <unit>pound</unit></amt>
        <item>Medium size asparagus,; stalks peeled</item></ing>
      <ing>
        <amt>
          <qty>1/4</qty>
          <unit>cups</unit></amt>
        <item>Olive oil</item></ing>
      <ing>
        <amt>
          <qty>2</qty>
          <unit>tablespoons</unit></amt>
        <item>Champagne or white wine vinegar</item></ing>
      <ing>
        <amt>
          <qty/>
          <unit/></amt>
        <item>Dijon mustard and minced garlic to taste</item></ing>
      <ing>
        <amt>
          <qty/>
          <unit/></amt>
        <item>Salt and freshly ground black pepper</item></ing>
      <ing>
        <amt>
          <qty>1/2</qty>
          <unit>pounds</unit></amt>
        <item>Fresh mozzarella, cut into sticks,</item></ing>
      <ing>
        <amt>
          <qty/>
          <unit/></amt>
        <item>About 1/4 inch wide and 1 inch long.</item></ing>
      <ing>
        <amt>
          <qty>2</qty>
          <unit/></amt>
        <item>Vine-ripened tomatoes,; very thinly sliced</item></ing>
      <ing>
        <amt>
          <qty>4</qty>
          <unit>ounces</unit></amt>
        <item>Wafer thin slices (rounds) of salami</item></ing>
      <ing>
        <amt>
          <qty>1/4</qty>
          <unit>cups</unit></amt>
        <item>Slivered roasted red bell pepper; (from the jar)</item></ing></ingredients>
    <directions>
      <step>  Simmer the asparagus until just cooked through. Rinse them under cold water
  to stop the cooking process. Drain, pat dry and cut the spears, on the
  diagonal, into 1inch long pieces; set aside.
  
  Make a dressing of olive oil, vinegar, mustard and garlic and season to
  taste with salt and pepper. Combine the asparagus and mozzarella and
  lightly dress with half of the dressing.
  
  Alternate rounds of tomato and salami on the outside of each dinner plate;
  center asparagus and mozzarella mixture in the middle; drizzle remaining
  dressing over the tomatoes and salami. Garnish asparagus and mozzarella
  with roasted peppers.
  
  Yield: 2 servings
  Recipe By     :COOKING MONDAY TO FRIDAY SHOW #MF6664
  
  Posted to MC-Recipe Digest V1 #247
  
  Date: Wed, 16 Oct 1996 14:43:49 -0400
  
  From: Meg Antczak &lt;meginny@frontiernet.net&gt;
 
</step></directions></recipe></recipeml>
