<?xml version="1.0" encoding="UTF-8"?>

<recipeml version="0.5">
  <recipe>
    <head>
      <title>Asparagus Lasagna</title>
      <categories>
        <cat>Asparagus</cat>
        <cat>Cheese</cat>
        <cat>Ham</cat>
        <cat>Healthwise</cat>
        <cat>Main dishes</cat></categories>
      <yield>4</yield></head>
    <ingredients>
      <ing>
        <amt>
          <qty>1</qty>
          <unit>pound</unit></amt>
        <item>Fresh asparagus; trimmed</item></ing>
      <ing>
        <amt>
          <qty>2</qty>
          <unit/></amt>
        <item>Cloves garlic; minced</item></ing>
      <ing>
        <amt>
          <qty>1/2</qty>
          <unit>teaspoons</unit></amt>
        <item>Dried thyme</item></ing>
      <ing>
        <amt>
          <qty>2</qty>
          <unit>tablespoons</unit></amt>
        <item>Butter or margarine</item></ing>
      <ing>
        <amt>
          <qty>2</qty>
          <unit>tablespoons</unit></amt>
        <item>All-purpose flour</item></ing>
      <ing>
        <amt>
          <qty>1 1/3</qty>
          <unit>cups</unit></amt>
        <item>Milk</item></ing>
      <ing>
        <amt>
          <qty/>
          <unit/></amt>
        <item>Pepper; to taste</item></ing>
      <ing>
        <amt>
          <qty>5</qty>
          <unit/></amt>
        <item>Lasagna noodles; cooked/drained</item></ing>
      <ing>
        <amt>
          <qty>1</qty>
          <unit>cup</unit></amt>
        <item>Shredded mozzarella cheese; 4 ounces</item></ing>
      <ing>
        <amt>
          <qty>1</qty>
          <unit>cup</unit></amt>
        <item>Ham; fully cooked, julienned</item></ing></ingredients>
    <directions>
      <step>  In a skillet, cook asparagus in a small amount of water until crisp-tender,
  about 6-8 minutes; drain and set aside. In a saucepan over Medium heat,
  saute garlic and thyme in butter. Stir in flour. Gradually whisk in milk;
  cook and stir for 2 minutes or until thickened. Add pepper. Cut noodles in
  half; place four noodles in a greased 11x7x2" baking dish. Layer a third of
  the white sauce, mozzarella cheese, ham and asparagus over noodles. Top
  with three noodles and another layer of sauce, cheese, ham and asparagus.
  Repeat layers. Cover and bake at 350 F. for 30 minutes or until heated
  through. Yield: 4 servings. Per serving, prepared with margarine, skim
  milk, part-skim mozzarella and low-fat ham: 2 starch, 2 meat, 1 vegetable
  and 1 fat. 358 calories, 745 mg. sodium, 34 mg. cholesterol, 13 grams fat.
  Taste of home Magazine, April/May '97, p. 28 MC formatting by
  bobbi744@sojourn.com
  
  NOTES : Recipe submitted to magazine by Jane Galvin, Englewood, Florida.
  Recipe by: Taste of Home Magazine, April/May '97, p. 28
  
  Posted to MC-Recipe Digest V1 #822 by Roberta Banghart
  &lt;bobbi744@sojourn.com&gt; on Oct 01, 1997
 
</step></directions></recipe></recipeml>
