<?xml version="1.0" encoding="UTF-8"?>

<recipeml version="0.5">
  <recipe>
    <head>
      <title>Asparagus and Mushroom Spring Risotto</title>
      <categories>
        <cat>None</cat></categories>
      <yield>1</yield></head>
    <ingredients>
      <ing>
        <amt>
          <qty>1/2</qty>
          <unit>pounds</unit></amt>
        <item>Fresh asparagus</item></ing>
      <ing>
        <amt>
          <qty>1 1/2</qty>
          <unit>cups</unit></amt>
        <item>Fat free; chicken broth</item></ing>
      <ing>
        <amt>
          <qty>1</qty>
          <unit>cup</unit></amt>
        <item>Dry vermouth</item></ing>
      <ing>
        <amt>
          <qty>2</qty>
          <unit>teaspoons</unit></amt>
        <item>Olive oil</item></ing>
      <ing>
        <amt>
          <qty>1</qty>
          <unit>medium</unit></amt>
        <item>Red onion; sliced, (1 cup)</item></ing>
      <ing>
        <amt>
          <qty>1/2</qty>
          <unit>pounds</unit></amt>
        <item>Portobello mushrooms; sliced, (3 cups)</item></ing>
      <ing>
        <amt>
          <qty>1/2</qty>
          <unit>cups</unit></amt>
        <item>Arborio or medium grain rice</item></ing>
      <ing>
        <amt>
          <qty>1/2</qty>
          <unit>cups</unit></amt>
        <item>Freshly grated parmesan cheese</item></ing>
      <ing>
        <amt>
          <qty/>
          <unit/></amt>
        <item>Salt &amp; freshly ground pepper</item></ing>
      <ing>
        <amt>
          <qty>1</qty>
          <unit>cup</unit></amt>
        <item>Sliced fresh basil leaves</item></ing></ingredients>
    <directions>
      <step>  Wash asparagus, snap off stems at the point where they break easily (about
  1/2 " from the end) &amp; slice into 1/2" pieces.
  
  Combine broth &amp; vermouth &amp; warm just to simmering in a saucepan or in the
  microwave on high for 2 minutes.
  
  Heat 1 tsp. of olive oil in a large non stick skillet over medium heat.
  Saute onions &amp; mushrooms for 2 minutes. Add rice &amp; saute 1 minute. Add 1/2
  cup broth mixture &amp; stir. Adjust the heat so the broth is barely simmering.
  As liquid is absorbed, add more (about 1/2 c. at a time). Simmer 15
  minutes, stirring every 5 minutes &amp; adding more broth as needed.
  
  Add asparagus &amp; simmer 5 minutes. Test rice. It should be firm, but cooked
  through. Simmer a few more minutes if necessary.
  
  Remove from heat &amp; add parmesan cheese, remaining tsp. of olive oil and
  salt &amp; pepper to taste. Sprinkle basil on top.
  
  Posted to TNT Recipes Digest by pmanning1@juno.com (Patricia D Manning) on
  May 6, 1998
 
</step></directions></recipe></recipeml>
