<?xml version="1.0" encoding="UTF-8"?>

<recipeml version="0.5">
  <recipe>
    <head>
      <title>Asparagus Casserole #4</title>
      <categories>
        <cat>Casserole</cat></categories>
      <yield>4</yield></head>
    <ingredients>
      <ing>
        <amt>
          <qty>1</qty>
          <unit>can</unit></amt>
        <item>Pkg green peas (up to)</item></ing>
      <ing>
        <amt>
          <qty>2</qty>
          <unit>cans</unit></amt>
        <item>Asparagus spears</item></ing>
      <ing>
        <amt>
          <qty>1</qty>
          <unit>can</unit></amt>
        <item>(6.5-oz) sliced mushrooms</item></ing>
      <ing>
        <amt>
          <qty>1</qty>
          <unit>can</unit></amt>
        <item>Mushroom soup</item></ing>
      <ing>
        <amt>
          <qty>1</qty>
          <unit>can</unit></amt>
        <item>Water chestnuts</item></ing>
      <ing>
        <amt>
          <qty/>
          <unit/></amt>
        <item>Grated cheddar cheese</item></ing>
      <ing>
        <amt>
          <qty/>
          <unit/></amt>
        <item>Bread crumbs</item></ing>
      <ing>
        <amt>
          <qty/>
          <unit/></amt>
        <item>Salt &amp; pepper to taste</item></ing></ingredients>
    <directions>
      <step>  In a well greased casserole place a layer of well drained peas (if frozen
  peas are used, cook ahead), a layer of asparagus, a layer of mushrooms, a
  layer of water chestnuts (sliced) and a layer of mushroom soup. Repeat.
  Place a layer of grated cheese and the bread crumbs on top. Bake until
  bubbly in 350 degree oven (about 20 to 30 minutes).
  
  From &lt;A Taste of Louisiana&gt;.  Downloaded from Glen's MM Recipe Archive,
  http://www.erols.com/hosey.
 
</step></directions></recipe></recipeml>
