<?xml version="1.0" encoding="UTF-8"?>

<recipeml version="0.5">
  <recipe>
    <head>
      <title>Asparagus in Wine</title>
      <categories>
        <cat>Vegetables</cat>
        <cat>Dairy</cat>
        <cat>Side dish</cat></categories>
      <yield>4</yield></head>
    <ingredients>
      <ing>
        <amt>
          <qty>2</qty>
          <unit>pounds</unit></amt>
        <item>Asparagus</item></ing>
      <ing>
        <amt>
          <qty/>
          <unit/></amt>
        <item>Boiling water</item></ing>
      <ing>
        <amt>
          <qty>1/4</qty>
          <unit>cups</unit></amt>
        <item>Butter</item></ing>
      <ing>
        <amt>
          <qty>1/4</qty>
          <unit>cups</unit></amt>
        <item>White wine</item></ing>
      <ing>
        <amt>
          <qty>1/2</qty>
          <unit>teaspoons</unit></amt>
        <item>Salt</item></ing>
      <ing>
        <amt>
          <qty>1/4</qty>
          <unit>teaspoons</unit></amt>
        <item>Pepper</item></ing></ingredients>
    <directions>
      <step>  Wash asparagus and snap off ends. Lay spears in shallow pan and cover with
  salted boling water to cover. Bring to a boil and simmer for 8 mins. Drain
  and turn into buttered ramekins (4). Melt butter and stir in wine. Pour
  over asparagus. Sprinkle with salt and pepper and cheese. Bake at 425' for
       15    mins.
  
  Recipe By     :
  
  File ftp://ftp.idiscover.co.uk/pub/food/mealmaster/recipes/mmdja006.zip
 
</step></directions></recipe></recipeml>
