<?xml version="1.0" encoding="UTF-8"?>

<recipeml version="0.5">
  <recipe>
    <head>
      <title>Asparagus Appetizer Spread</title>
      <categories>
        <cat>Appetizers</cat>
        <cat>Snacks</cat></categories>
      <yield>8</yield></head>
    <ingredients>
      <ing>
        <amt>
          <qty>1</qty>
          <unit>pound</unit></amt>
        <item>Fresh asparagus; trimmed</item></ing>
      <ing>
        <amt>
          <qty>12</qty>
          <unit>ounces</unit></amt>
        <item>Light sour cream; divided</item></ing>
      <ing>
        <amt>
          <qty>8</qty>
          <unit>ounces</unit></amt>
        <item>Light cream cheese; softened</item></ing>
      <ing>
        <amt>
          <qty>1</qty>
          <unit/></amt>
        <item>Envelope unflavored gelatin</item></ing>
      <ing>
        <amt>
          <qty>1</qty>
          <unit>cup</unit></amt>
        <item>Low-fat ham; fully cooked, finely chopped</item></ing>
      <ing>
        <amt>
          <qty>1</qty>
          <unit>tablespoon</unit></amt>
        <item>Chives; chopped</item></ing>
      <ing>
        <amt>
          <qty>1/8</qty>
          <unit>teaspoons</unit></amt>
        <item>Pepper</item></ing>
      <ing>
        <amt>
          <qty/>
          <unit/></amt>
        <item>Additional ham and asparagus; optional</item></ing>
      <ing>
        <amt>
          <qty/>
          <unit/></amt>
        <item>Assorted reduce-fat crackers</item></ing></ingredients>
    <directions>
      <step>  Seeing I haven't posted in quite a while, I thought that I would post
  lowfat from the Taste of Home Lowfat Country Cooking. Out of 455 recipes I
  only have 44 formatted. Plan on formatting the rest this week. Hope you all
  enjoy these.
  
  Cook asparagus in a small amount of water until tender. Drain, reserving
  1/4 cup liquid. Cool. Puree asparagus until smooth. Add 1 cup sour cream
  and the cream cheese; blend well. In a saucepan, combine gelatin and
  reserved liquid; heat slowly until the gelatin is dissolved. Remove from
  the heat; stir in the asparagus mixture, ham, chives and pepper. Pour into
  a 1-quart round-bottom bowl coated with nonstick cooking spray. Cover and
  chill until set, about 6 hours. Unmold onto a plate and spread with
  reserved sour cream. Garnish with additional ham and asparagus if desired.
  Serve with crackers.
  
  Serving Size: 1/8 recipe
  
  Calories: 153, Total Fat: 9gm, Calories from Fat: 55%, Saturated Fat: 3gm,
  Cholesterol: 3gm, Sodium: 429mg, Carbohydrate: 6gm, Protein: 11gm
  
  NOTES : the first time I made this spread was for a potluck get-together.
  It  received such great comments that I've been making it ever since. The
  asparagus and ham pair nicely with smooth sour cream and cream cheese.
  Recipe by: Linda Stotts,  Lowell, Ohio
  
  Posted to recipelu-digest Volume 01 Number 419 by "Dorothy Tapping"
  &lt;unicorn4@usit.net&gt; on Dec 30, 1997
 
</step></directions></recipe></recipeml>
