<?xml version="1.0" encoding="UTF-8"?>

<recipeml version="0.5">
  <recipe>
    <head>
      <title>Asparagus Frittata Casserole</title>
      <categories>
        <cat>Asparagus</cat>
        <cat>Casseroles</cat>
        <cat>Cheese</cat>
        <cat>Eggs</cat>
        <cat>Luncheon</cat></categories>
      <yield>1</yield></head>
    <ingredients>
      <ing>
        <amt>
          <qty>3</qty>
          <unit>large</unit></amt>
        <item>Eggs</item></ing>
      <ing>
        <amt>
          <qty>1 1/2</qty>
          <unit>cups</unit></amt>
        <item>1% milk</item></ing>
      <ing>
        <amt>
          <qty>1</qty>
          <unit>teaspoon</unit></amt>
        <item>Salt</item></ing>
      <ing>
        <amt>
          <qty>1</qty>
          <unit/></amt>
        <item>Box (10 oz) Birds Eye frozen</item></ing>
      <ing>
        <amt>
          <qty/>
          <unit/></amt>
        <item>Deluxe Asparagus Spears; thawed</item></ing>
      <ing>
        <amt>
          <qty>1/2</qty>
          <unit>cups</unit></amt>
        <item>Monterey Jack or cheddar cheese, shredded</item></ing></ingredients>
    <directions>
      <step>  Pre-heat oven to 400°. Beat eggs in mixing bowl. Add milk and salt; blend
  thoroughly. Pour mixture into 9 x 13 in. greased baking pan; add asparagus.
  Top with grated cheese. Bake for 15 minutes or until firm. Makes 4
  servings. Prep Time: 5-7 minutes Cook Time: 15 minutes
  Calories-161,Protein-13gm,Carbohydrate-8gm, Total
  Fat-9gm,Cholestrol-178mg,Fiber-1gm, Protien-31%,Fat-49%,Sodium-832mg
  
  Recipe by: http://www.birdseye.com
  
  Posted to MC-Recipe Digest V1 #810 by Roberta Banghart
  &lt;bobbi744@sojourn.com&gt; on Sep 26, 1997
 
</step></directions></recipe></recipeml>
