<?xml version="1.0" encoding="UTF-8"?>

<recipeml version="0.5">
  <recipe>
    <head>
      <title>Asparagus and Mushrooms with Black Bean Sauce</title>
      <categories>
        <cat>Vegetables</cat></categories>
      <yield>1</yield></head>
    <ingredients>
      <ing>
        <amt>
          <qty>1</qty>
          <unit>pound</unit></amt>
        <item>Asparagus, stiff ends</item></ing>
      <ing>
        <amt>
          <qty/>
          <unit/></amt>
        <item>Peeled</item></ing>
      <ing>
        <amt>
          <qty>1/4</qty>
          <unit>pounds</unit></amt>
        <item>Brown button mushrooms (or</item></ing>
      <ing>
        <amt>
          <qty/>
          <unit/></amt>
        <item>Mixed mushrooms)</item></ing>
      <ing>
        <amt>
          <qty>2</qty>
          <unit/></amt>
        <item>Garlic cloves</item></ing>
      <ing>
        <amt>
          <qty>1</qty>
          <unit>tablespoon</unit></amt>
        <item>Fermented black soybeans</item></ing>
      <ing>
        <amt>
          <qty>1 1/2</qty>
          <unit>tablespoons</unit></amt>
        <item>Rice vinegar</item></ing>
      <ing>
        <amt>
          <qty>1</qty>
          <unit>tablespoon</unit></amt>
        <item>Tamari (or soy sauce)</item></ing>
      <ing>
        <amt>
          <qty>1</qty>
          <unit>teaspoon</unit></amt>
        <item>Potato starch (or</item></ing>
      <ing>
        <amt>
          <qty/>
          <unit/></amt>
        <item>Cornstarch)</item></ing>
      <ing>
        <amt>
          <qty>1</qty>
          <unit>teaspoon</unit></amt>
        <item>Brown sugar</item></ing>
      <ing>
        <amt>
          <qty>1</qty>
          <unit>tablespoon</unit></amt>
        <item>Sake or other rice wine</item></ing></ingredients>
    <directions>
      <step>  Cut asparagus on the diagonal into 1-2 inch pieces. Blanch for 5 minutes in
  boiling water.  Drain and set aside.
  
  Wash and slice mushrooms. Set aside.
  
  Mince the garlic. Rinse the black beans well.  Mix garlic and beans
  together. Set aside.
  
  Mix together the rice vinegar, tamari, starch, sugar, and sake. Set aside.
  
  Fill a glass with water and set handy next to the stove. Put a skillet over
  high heat.  When the pan is hot, dump the garlic mixture into the pan. Stir
  fry for one minute, adding water as the mixture begins to stick -- add just
  a little at time.  Add the asparagus and stir fry for 10 minutes (or until
  asparagus is just shy of being crisp-done), again adding water just as
  needed.  Add mushrooms and stir fry for 2-5 more minutes. Add the vinegar
  mixture (giving it a last stir to make sure starch is well mixed), stir
  until evenly coated and sauce thickens. Serve immediately.
  
  Comments:
  
  Fermented black soybeans are available in Asian markets. Usually labled
  "salted black beans".  I find them in the preserved food section in plastic
  bags.
  
  Posted by Michelle Dick &lt;artemis&gt; to the Fatfree Digest [Volume 13 Issue 8]
  Dec. 8, 1994.
  
  FATFREE Recipe collections copyrighted by Michelle Dick 1994. Used with
  permission. Formatted by Sue Smith, S.Smith34, TXFT40A@Prodigy.com using
  MMCONV.
  
  1.80á
  
  From Gemini's MASSIVE MealMaster collection at www.synapse.com/~gemini
 
</step></directions></recipe></recipeml>
