<?xml version="1.0" encoding="UTF-8"?>

<recipeml version="0.5">
  <recipe>
    <head>
      <title>Asparagus Casserole #5</title>
      <categories>
        <cat>Casserole</cat></categories>
      <yield>6</yield></head>
    <ingredients>
      <ing>
        <amt>
          <qty>1</qty>
          <unit>can</unit></amt>
        <item>(large) asparagus spears</item></ing>
      <ing>
        <amt>
          <qty>2</qty>
          <unit>cups</unit></amt>
        <item>Cracker crumbs</item></ing>
      <ing>
        <amt>
          <qty>1/2</qty>
          <unit>cups</unit></amt>
        <item>Butter</item></ing>
      <ing>
        <amt>
          <qty>1/2</qty>
          <unit>pounds</unit></amt>
        <item>Grated cheddar cheese</item></ing>
      <ing>
        <amt>
          <qty>1/2</qty>
          <unit>cups</unit></amt>
        <item>Almonds or pecans</item></ing>
      <ing>
        <amt>
          <qty>1</qty>
          <unit>can</unit></amt>
        <item>Mushroom soup</item></ing></ingredients>
    <directions>
      <step>  Grate cheese and mix well with cracker crumbs. Add liquid from asparagus to
  mushroom soup. Place a layer of cracker crumbs and cheese mixture in a
  well-buttered casserole dish, add a layer of asparagus and a sprinkling of
  nuts, cover with mushroom soup. Repeat until all ingredients are used. Put
  a layer of cracker crumb-cheese on top. Place pats of butter over this and
  decorate with nuts. Bake at 350 degrees for 25 minutes. Serves 6.
  
  From &lt;A Taste of Louisiana&gt;.  Downloaded from Glen's MM Recipe Archive,
  http://www.erols.com/hosey.
 
</step></directions></recipe></recipeml>
