<?xml version="1.0" encoding="UTF-8"?>

<recipeml version="0.5">
  <recipe>
    <head>
      <title>Asparagus and Crabmeat Salad</title>
      <categories>
        <cat>Appetizers</cat>
        <cat>Seafood</cat></categories>
      <yield>4</yield></head>
    <ingredients>
      <ing>
        <amt>
          <qty>1</qty>
          <unit>cup</unit></amt>
        <item>Mayonnaise</item></ing>
      <ing>
        <amt>
          <qty>1</qty>
          <unit>tablespoon</unit></amt>
        <item>Lemon juice - fresh</item></ing>
      <ing>
        <amt>
          <qty>1 1/2</qty>
          <unit>teaspoons</unit></amt>
        <item>Tomato paste</item></ing>
      <ing>
        <amt>
          <qty>1 1/2</qty>
          <unit>teaspoons</unit></amt>
        <item>Shallot - minced</item></ing>
      <ing>
        <amt>
          <qty>1/2</qty>
          <unit>teaspoons</unit></amt>
        <item>Dijon mustard</item></ing>
      <ing>
        <amt>
          <qty>1/4</qty>
          <unit>teaspoons</unit></amt>
        <item>Pepper</item></ing>
      <ing>
        <amt>
          <qty>1</qty>
          <unit>pound</unit></amt>
        <item>Asparagus - trimmed</item></ing>
      <ing>
        <amt>
          <qty>8</qty>
          <unit>ounces</unit></amt>
        <item>Crabmeat - cooked</item></ing>
      <ing>
        <amt>
          <qty>4</qty>
          <unit>large</unit></amt>
        <item>Boston lettuce leaves - or butter lettuce leaves</item></ing></ingredients>
    <directions>
      <step>  Calories     per serving:             Number of Servings: 4 Fat grams per
  serving:
  :           Approx. Cook Time: Cholesterol per serving: Marks:
  
  *DIRECTIONS*
  
  Whisk mayonnaise, lemon juice, tomato paste, shallot, Dijon mustard and
  pepper in medium bowl. Cover and refrigerate until ready to use. (Can be
  prepared 3 days ahead.) Cook asparagus in large pot of boiling salted water
  until crisp-tender, about 4 minutes. Transfer to bowl of ice water and
  cool.  Drain and pat dry. mix crabmeat into mayonnaise. Season to taste
  with salt.  Arrange 1 lettuce leaf on each plate.  Top with asparagus.
  Spoon crabmeat mayonnaise over and serve.
  
  Bon Appetit, April, 1991.
  
  From Gemini's MASSIVE MealMaster collection at www.synapse.com/~gemini
 
</step></directions></recipe></recipeml>
