<?xml version="1.0" encoding="UTF-8"?>

<recipeml version="0.5">
  <recipe>
    <head>
      <title>Asparagus a la Orange (Vegan)</title>
      <categories>
        <cat>Fruit</cat>
        <cat>Side - dish</cat>
        <cat>Vegetable</cat></categories>
      <yield>4</yield></head>
    <ingredients>
      <ing>
        <amt>
          <qty>1</qty>
          <unit/></amt>
        <item>Lb.freah asparagus; trimmed</item></ing>
      <ing>
        <amt>
          <qty>1/4</qty>
          <unit>cups</unit></amt>
        <item>Orange juice</item></ing>
      <ing>
        <amt>
          <qty>1</qty>
          <unit>tablespoon</unit></amt>
        <item>Butter;melted</item></ing>
      <ing>
        <amt>
          <qty>1</qty>
          <unit>teaspoon</unit></amt>
        <item>Cornstarch</item></ing>
      <ing>
        <amt>
          <qty>1/4</qty>
          <unit>teaspoons</unit></amt>
        <item>Marjoram leaves; dried</item></ing>
      <ing>
        <amt>
          <qty>1</qty>
          <unit>medium</unit></amt>
        <item>Orange; sectioned</item></ing></ingredients>
    <directions>
      <step>  Arrange asparagus with tender ends toward center of 9-inch round baking
  dish. Set aside. In 1 cup measure, combine remaining ingredients, except
  orange sections. Pour over asparagus and cover with plastic wrap. Microwave
  on HIGH until tender rearranging asparagus and stirring sauce after 3 to 4
  minutes. Continue to micro- wave another 3 to 4 minutes. Top with orange
  sections. Let stand, covered for
        3    minutes. Makes 4 servings.
  Posted to TNT Recipes Digest by Alice Poe &lt;afpoe@swbell.net&gt; on Apr 22,
  1998
 
</step></directions></recipe></recipeml>
