<?xml version="1.0" encoding="UTF-8"?>

<recipeml version="0.5">
  <recipe>
    <head>
      <title>Asparagus and Crab Meat Soup (Mang Tay Nau Cua)</title>
      <categories>
        <cat>Vietnamese</cat>
        <cat>Soups</cat>
        <cat>Ceideburg 2</cat></categories>
      <yield>1</yield></head>
    <ingredients>
      <ing>
        <amt>
          <qty>4</qty>
          <unit>cups</unit></amt>
        <item>Chicken broth</item></ing>
      <ing>
        <amt>
          <qty>1</qty>
          <unit>tablespoon</unit></amt>
        <item>Plus 2 teaspoons nuoc mam (Vietnamese fish sauce)</item></ing>
      <ing>
        <amt>
          <qty>1/2</qty>
          <unit>teaspoons</unit></amt>
        <item>Sugar</item></ing>
      <ing>
        <amt>
          <qty>1/4</qty>
          <unit>teaspoons</unit></amt>
        <item>Salt</item></ing>
      <ing>
        <amt>
          <qty>1</qty>
          <unit>tablespoon</unit></amt>
        <item>Vegetable oil</item></ing>
      <ing>
        <amt>
          <qty>6</qty>
          <unit/></amt>
        <item>Shallots, chopped</item></ing>
      <ing>
        <amt>
          <qty>2</qty>
          <unit/></amt>
        <item>Garlic cloves, chopped</item></ing>
      <ing>
        <amt>
          <qty>8</qty>
          <unit/></amt>
        <item>Ounces lump crab meat, picked over and drained</item></ing>
      <ing>
        <amt>
          <qty/>
          <unit/></amt>
        <item>Freshly ground black pepper</item></ing>
      <ing>
        <amt>
          <qty>2</qty>
          <unit>tablespoons</unit></amt>
        <item>Cornstarch or arrowroot, mixed with</item></ing>
      <ing>
        <amt>
          <qty>2</qty>
          <unit>tablespoons</unit></amt>
        <item>Cold water</item></ing>
      <ing>
        <amt>
          <qty>1</qty>
          <unit/></amt>
        <item>Egg, lightly beaten</item></ing>
      <ing>
        <amt>
          <qty>15</qty>
          <unit>ounces</unit></amt>
        <item>White asparagus spears *</item></ing>
      <ing>
        <amt>
          <qty>1</qty>
          <unit>tablespoon</unit></amt>
        <item>Shredded coriander</item></ing>
      <ing>
        <amt>
          <qty>1</qty>
          <unit/></amt>
        <item>Scallion, thinly sliced</item></ing></ingredients>
    <directions>
      <step>  * cut into 1-inch sections with canning liquid reserved
  
  This soup was probably created by some homesick Frenchman.  White
  asparagus (a French import), packed in jars or cans, is used for this
  recipe. Traditionally, crumbled, salted duck egg yolk is added to
  season the soup.
  
  If white asparagus is unavailable, use frozen or fresh asparagus (in
  this case, add the fresh asparagus to the broth from the very
  beginning and cook until tender, before adding the remaining
  ingredients).
  
  Combine the broth, 1 tablespoon of the fish sauce, the sugar and salt
  in a 3 quart soup pot.  Bring to a boil.  Reduce the heat and simmer.
  
  Meanwhile, heat the oil in a skillet.  Add the shallots and garlic and
  stir-fry until aromatic.  Add the crab meat, the remaining 2
  teaspoons fish sauce and black pepper to taste.  Stirfry over high
  heat for 1 minute. Set aside.
  
  Bring the soup to a boil.  Add the cornstarch mixture and stir gently
  until the soup thickens and is clear.  While the soup is actively
  boiling, add the egg and stir gently.  Continue to stir for about 1
  minute. Add the crab meat mixture and asparagus with its canning
  liquid; cook gently until heated through.
  
  Transfer the soup to a heated tureen.  Sprinkle on the coriander,
  scallion and freshly ground black pepper.
  
  Yield: 4 to 6 servings.
  
  From "The Foods of Vietnam" by Nicole Rauthier.  Stewart, Tabori &amp;
  Chang. 1989.
  
  Posted by Stephen Ceideberg; May 24 1993.
  
  File ftp://ftp.idiscover.co.uk/pub/food/mealmaster/recipes/cberg2.zip
 
</step></directions></recipe></recipeml>
