<?xml version="1.0" encoding="UTF-8"?>

<recipeml version="0.5">
  <recipe>
    <head>
      <title>Asparagus Crab Soup (Sup Mang Tay Cua)</title>
      <categories>
        <cat>Soup</cat></categories>
      <yield>6</yield></head>
    <ingredients>
      <ing>
        <amt>
          <qty>2 1/2</qty>
          <unit>quarts</unit></amt>
        <item>Water</item></ing>
      <ing>
        <amt>
          <qty>2</qty>
          <unit>pounds</unit></amt>
        <item>Pork bones</item></ing>
      <ing>
        <amt>
          <qty>2</qty>
          <unit>teaspoons</unit></amt>
        <item>Salt</item></ing>
      <ing>
        <amt>
          <qty>1</qty>
          <unit>tablespoon</unit></amt>
        <item>Fish sauce (nuoc mam)</item></ing>
      <ing>
        <amt>
          <qty>1</qty>
          <unit>teaspoon</unit></amt>
        <item>Vegetable oil</item></ing>
      <ing>
        <amt>
          <qty>1</qty>
          <unit/></amt>
        <item>Clove garlic; chopped</item></ing>
      <ing>
        <amt>
          <qty>2</qty>
          <unit/></amt>
        <item>Shallots or scallions; chopped white part</item></ing>
      <ing>
        <amt>
          <qty>1/2</qty>
          <unit>pounds</unit></amt>
        <item>Crab meat; fresh, frozen, or canned</item></ing>
      <ing>
        <amt>
          <qty>1/4</qty>
          <unit>teaspoons</unit></amt>
        <item>Freshly ground black pepper</item></ing>
      <ing>
        <amt>
          <qty>2</qty>
          <unit>teaspoons</unit></amt>
        <item>Cornstarch dissolved in:</item></ing>
      <ing>
        <amt>
          <qty>2</qty>
          <unit>tablespoons</unit></amt>
        <item>Water</item></ing>
      <ing>
        <amt>
          <qty>1</qty>
          <unit/></amt>
        <item>Egg</item></ing>
      <ing>
        <amt>
          <qty>1</qty>
          <unit>can</unit></amt>
        <item>(15-oz) white asparagus; undrained</item></ing>
      <ing>
        <amt>
          <qty>1/4</qty>
          <unit>cups</unit></amt>
        <item>Chopped fresh coriander (Chinese parsley)</item></ing>
      <ing>
        <amt>
          <qty>1/4</qty>
          <unit>cups</unit></amt>
        <item>Chopped scallion greens</item></ing></ingredients>
    <directions>
      <step>  From: "Wendy Lockman" &lt;wlockman@ra1.randomc.com&gt;
  
  Date: Thu, 9 May 1996 19:06:51 +0000
  The French introduced asparagus to the Vietnamese, who promptly
  incorporated this classic vegetable into their cuisine. The Vietnamese word
  for asparagus is "Western bamboo," due to its resemblance to bamboo shoots.
  asparagus is universally popular throughout Vietnam, this light, tasty dish
  will delight your family as well.
  
  Bring water to a boil and put the pork bones in.  Remove the scum, then
  cover and continue to boil the bones for 1 hour. Remove the bones from the
  stock and discard. Add the salt and the fish sauce to the stock.
  
  Heat the oil and add the chopped garlic and shallots; add the crab meat and
  fry for 5 minutes over high heat.  Sprinkle with 1/8 teaspoon of black
  pepper, stirring constantly, then add the crab meat mixture to the soup and
  bring to a boil. Add the cornstarch-and-water mixture and stir for a few
  minutes.
  
  Break the egg open and drop it into the actively boiling soup while
  stirring. Cook, still stirring, for about 2 minutes, then drop in the
  asparagus, along with the liquid from the can and the rest of the black
  pepper.  Continue to cook until the asparagus is heated through.
  
  Sprinkle the coriander and scallion green over the soup before serving.
  Makes 6 to 8 servings.
  
  From "The Classic Cuisine of Vietnam", Bach Ngo and Gloria Zimmerman,
  Barron's, 1979.  Posted by Stephen Ceideberg; May 24 1993.
  
  MC-RECIPE@MASTERCOOK.COM
  
  MASTERCOOK RECIPES LIST SERVER
  
  MC-RECIPE DIGEST V1 #79
  
  From the MasterCook recipe list.  Downloaded from Glen's MM Recipe Archive,
  http://www.erols.com/hosey.
 
</step></directions></recipe></recipeml>
