<?xml version="1.0" encoding="UTF-8"?>

<recipeml version="0.5">
  <recipe>
    <head>
      <title>Asparagus and Pea Casserole (Claire Mccallum)</title>
      <categories>
        <cat>Casseroles</cat></categories>
      <yield>1</yield></head>
    <ingredients>
      <ing>
        <amt>
          <qty>1</qty>
          <unit>can</unit></amt>
        <item>Asparagus, cut up</item></ing>
      <ing>
        <amt>
          <qty>1</qty>
          <unit>can</unit></amt>
        <item>English peas, drain all but 1/3</item></ing>
      <ing>
        <amt>
          <qty>1</qty>
          <unit>can</unit></amt>
        <item>Cream of mushroom soup</item></ing>
      <ing>
        <amt>
          <qty/>
          <unit/></amt>
        <item>Ritz crackers</item></ing>
      <ing>
        <amt>
          <qty/>
          <unit/></amt>
        <item>Grated cheese</item></ing></ingredients>
    <directions>
      <step>  Drain asparagus.  Arrange layer of asparagus in bottom of casserole. Mix
  peas and soup and cover asparagus.  Crumble crackers over and top with
  layer of cheese.  Continue layers until all is used.  Top with cheese. Bake
  at 350 about 25 minutes.
  Posted to TNT - Prodigy's Recipe Exchange Newsletter  by "Linda Hendren"
  &lt;LindaH@nconline.com&gt; on Sep 16, 1997
 
</step></directions></recipe></recipeml>
