<?xml version="1.0" encoding="UTF-8"?>

<recipeml version="0.5">
  <recipe>
    <head>
      <title>Asparagus Lasagne</title>
      <categories>
        <cat>New</cat>
        <cat>Text</cat>
        <cat>Import</cat></categories>
      <yield>6</yield></head>
    <ingredients>
      <ing>
        <amt>
          <qty>2</qty>
          <unit>tablespoons</unit></amt>
        <item>(1/4 stick) butter</item></ing>
      <ing>
        <amt>
          <qty>1</qty>
          <unit>medium</unit></amt>
        <item>Onion; finely chopped</item></ing>
      <ing>
        <amt>
          <qty>2</qty>
          <unit/></amt>
        <item>Garlic cloves; minced</item></ing>
      <ing>
        <amt>
          <qty>3</qty>
          <unit>tablespoons</unit></amt>
        <item>All purpose flour</item></ing>
      <ing>
        <amt>
          <qty>2</qty>
          <unit>cups</unit></amt>
        <item>Low fat milk</item></ing>
      <ing>
        <amt>
          <qty>1/2</qty>
          <unit>teaspoons</unit></amt>
        <item>Grated lemon peel</item></ing>
      <ing>
        <amt>
          <qty>1/4</qty>
          <unit>teaspoons</unit></amt>
        <item>Ground nutmeg</item></ing>
      <ing>
        <amt>
          <qty>3/4</qty>
          <unit>pounds</unit></amt>
        <item>Asparagus</item></ing>
      <ing>
        <amt>
          <qty>1 1/2</qty>
          <unit>cups</unit></amt>
        <item>Ricotta cheese</item></ing>
      <ing>
        <amt>
          <qty>6</qty>
          <unit/></amt>
        <item>Lasagne noodles; (6 to 9)</item></ing>
      <ing>
        <amt>
          <qty>1 1/3</qty>
          <unit>cups</unit></amt>
        <item>Shredded Swiss cheese (about 5 oz.)</item></ing>
      <ing>
        <amt>
          <qty>1</qty>
          <unit>cup</unit></amt>
        <item>Diced Canadian bacon (about 5 1/2 oz.)</item></ing>
      <ing>
        <amt>
          <qty>1/2</qty>
          <unit>cups</unit></amt>
        <item>Canned tomato sauce</item></ing>
      <ing>
        <amt>
          <qty/>
          <unit/></amt>
        <item>Freshly grated Parmesan cheese</item></ing></ingredients>
    <directions>
      <step>  Melt butter in heavy medium saucepan over medium low heat.  Add onion and
  garlic and saute onion until translucent, about 8 minutes. Add flour and
  cook 2 minutes, stirring occasionally.  Gradually whisk in milk. Simmer
  until mixture thickens, stirring constantly, about 2 minutes. Mix in lemon
  peel and nutmeg. Remove from heat.  Season with salt and pepper. (Can be
  prepared 1 day ahead. Cover white sauce and refrigerate.) Grease 8" square
  baking pan.  Steam asparagus over boiling salted water until just crisp
  tender, about 6 minutes. Refresh under cold water; drain. Cut asparagus
  into 1" pieces. Combine asparagus and ricotta in small bowl. Cook lasagne
  noodles in large pot of rapidly boiling salted water until just tender but
  still firm to bite, stirring occasionally.  Drain.  Rinse noodles with cold
  water and drain well.  Spread 1/2 of white sauce in bottom of pan. Top with
  single layer of lasagne noodles, trimming to fit. Cover with 1/2 cup white
  sauce.  Top with 1/2 of asparagus mixture. Top with half each of Swiss
  cheese and bacon.  Top with another layer of noodles. Cover with remaining
  white sauce. Top with remaining asparagus mixture, Swiss cheese and bacon.
  Cover with remaining noodles. Drizzle top with tomato sauce. Sprinkle with
  Parmesan cheese.  (Can be prepared 1 day ahead.   Cover and refrigerate.
  Bring to room temperature before continuing.) Preheat oven to 350 degrees.
  Bake lasagne until heated through, about 20 minutes. Cool slightly before
  serving.  6 servings.
 
</step></directions></recipe></recipeml>
