<?xml version="1.0" encoding="UTF-8"?>

<recipeml version="0.5">
  <recipe>
    <head>
      <title>Asparagus Au Gratin</title>
      <categories>
        <cat/></categories>
      <yield>100</yield></head>
    <ingredients>
      <ing>
        <amt>
          <qty>3 3/4</qty>
          <unit>quarts</unit></amt>
        <item>WATER; WARM</item></ing>
      <ing>
        <amt>
          <qty>1 1/2</qty>
          <unit>gallons</unit></amt>
        <item>WATER; BOILING</item></ing>
      <ing>
        <amt>
          <qty>1 1/2</qty>
          <unit>pounds</unit></amt>
        <item>CHEESE CHEDDER</item></ing>
      <ing>
        <amt>
          <qty>1</qty>
          <unit>pound</unit></amt>
        <item>BUTTER PRINT SURE</item></ing>
      <ing>
        <amt>
          <qty>13/16</qty>
          <unit>ounces</unit></amt>
        <item>MILK; DRY NON-FAT L HEAT</item></ing>
      <ing>
        <amt>
          <qty>20</qty>
          <unit>pounds</unit></amt>
        <item>ASPARAGUS FZ</item></ing>
      <ing>
        <amt>
          <qty>2</qty>
          <unit>cups</unit></amt>
        <item>FLOUR GEN PURPOSE 10LB</item></ing>
      <ing>
        <amt>
          <qty>1</qty>
          <unit>tablespoon</unit></amt>
        <item>SALT TABLE 5LB</item></ing>
      <ing>
        <amt>
          <qty>2</qty>
          <unit>tablespoons</unit></amt>
        <item>SALT TABLE 5LB</item></ing></ingredients>
    <directions>
      <step>  1.  ADD ASPARAGUS TO SALTED WATER.
  
  2.  BRING TO A BOIL; BOIL GENTLY, UNCOVERED, 8 MINUTES OR UNTIL JUST
  TENDER.
  DRAIN; RESERVE LIQUID FOR USE IN STEP 3.
  
  3.  RECONSTITUTE MILK; HEAT TO JUST BELOW BOILING.  DO NOT BOIL.
  
  4.  BLEND BUTTER OR MARGARINE AND FLOUR TOGETHER; STIR UNTIL SMOOTH.
  
  5.  ADD FLOUR MIXTURE TO MILK, STIRRING CONSTANTLY.  SIMMER 5 MINUTES OR
  UNTIL
  THICKENED.  ADD CHEDDAR CHEESE TO SAUCE.  AFTER SAUCE IS THICKEND, STIR TO
  MELT CHEESE.
  
  6.  TASTE; SEASON WITH SALT AS NEEDED.
  
  7.  POUR SAUCE OVER ASPARAGUS.
  
  NOTE:  IN STEP 1, FROZEN ASPARAGUS SPEARS MAY BE USED.
  
  Recipe Number: Q00101
  
  SERVING SIZE: 1/2 CUP
  
  From the &lt;Army Master Recipe Index File&gt; (actually used today!).
  Downloaded from Glen's MM Recipe Archive, http://www.erols.com/hosey.
 
</step></directions></recipe></recipeml>
