<?xml version="1.0" encoding="UTF-8"?>

<recipeml version="0.5">
  <recipe>
    <head>
      <title>Asparagus Jewels</title>
      <categories>
        <cat>Asparagus</cat>
        <cat>Vegetables</cat></categories>
      <yield>1</yield></head>
    <ingredients>
      <ing>
        <amt>
          <qty>1</qty>
          <unit>pound</unit></amt>
        <item>Fresh asparagus</item></ing>
      <ing>
        <amt>
          <qty>1 1/3</qty>
          <unit>cups</unit></amt>
        <item>Flour</item></ing>
      <ing>
        <amt>
          <qty>1</qty>
          <unit>cup</unit></amt>
        <item>Cornmeal</item></ing>
      <ing>
        <amt>
          <qty>1/4</qty>
          <unit>cups</unit></amt>
        <item>Sugar</item></ing>
      <ing>
        <amt>
          <qty>1</qty>
          <unit>tablespoon</unit></amt>
        <item>Baking powder</item></ing>
      <ing>
        <amt>
          <qty>1</qty>
          <unit>teaspoon</unit></amt>
        <item>Salt</item></ing>
      <ing>
        <amt>
          <qty>1</qty>
          <unit>cup</unit></amt>
        <item>Milk</item></ing>
      <ing>
        <amt>
          <qty>1/2</qty>
          <unit>cups</unit></amt>
        <item>Salad oil</item></ing>
      <ing>
        <amt>
          <qty>4</qty>
          <unit/></amt>
        <item>Eggs</item></ing>
      <ing>
        <amt>
          <qty>8</qty>
          <unit>ounces</unit></amt>
        <item>Cream cheese; broken into 24 chunks</item></ing>
      <ing>
        <amt>
          <qty>1</qty>
          <unit>cup</unit></amt>
        <item>Toasted almonds; sliced</item></ing></ingredients>
    <directions>
      <step>  Snap off asparagus end. Cut into 1/4-inch slices; reserve tips. Combine dry
  ingredients and wet (except cream cheese) separately, then stir wet into
  dry and mix well. Stir in asparagus. Place 1/2 portion of batter into paper
  muffin cup. Add a chunk of cream cheese and cover with remainder of butter
  portion. Garnish with asparagus tips and almonds. Bake at 400 degrees for
       15    minutes. Yield: 24 muffins.
  Posted to recipelu-digest by "Diane Geary." &lt;diane@keyway.net&gt; on Feb 4,
  1998
 
</step></directions></recipe></recipeml>
