<?xml version="1.0" encoding="UTF-8"?>

<recipeml version="0.5">
  <recipe>
    <head>
      <title>Asparagus Lasagne Bianco</title>
      <categories>
        <cat>Pasta</cat></categories>
      <yield>4</yield></head>
    <ingredients>
      <ing>
        <amt>
          <qty>5</qty>
          <unit/></amt>
        <item>Lasagne noodles; (2" wide)</item></ing>
      <ing>
        <amt>
          <qty>2</qty>
          <unit/></amt>
        <item>Cloves garlic; minced</item></ing>
      <ing>
        <amt>
          <qty>1/2</qty>
          <unit>teaspoons</unit></amt>
        <item>Thyme; crushed</item></ing>
      <ing>
        <amt>
          <qty>2</qty>
          <unit>tablespoons</unit></amt>
        <item>Butter or margarine</item></ing>
      <ing>
        <amt>
          <qty>2</qty>
          <unit>tablespoons</unit></amt>
        <item>Flour</item></ing>
      <ing>
        <amt>
          <qty>1 1/3</qty>
          <unit>cups</unit></amt>
        <item>Milk</item></ing>
      <ing>
        <amt>
          <qty>1</qty>
          <unit>cup</unit></amt>
        <item>Shredded Mozzarella cheese</item></ing>
      <ing>
        <amt>
          <qty>1</qty>
          <unit>cup</unit></amt>
        <item>Julienne ham</item></ing>
      <ing>
        <amt>
          <qty>1</qty>
          <unit>can</unit></amt>
        <item>(15-oz) asparagus spears; drained</item></ing></ingredients>
    <directions>
      <step>  Date: Fri, 05 Apr 1996 13:37:00 -0800
  
  From: Gerald Edgerton &lt;jerrye@wizard.com&gt;
  
  From the CookBook USA CD. Cook noodles as directed on package; drain and
  cut in half crosswise. In saucepan, cook garlic and thyme in butter. Blend
  in flour; cook, stirring constantly. Stir in milk; cook, stirring
  constantly until thickened. Season sauce with salt and pepper. In buttered,
  2 quart microwaveable dish, layer 1/3 of noodles, sauce, cheese, ham and
  asparagus. Repeat layers twice. In microwave, cover and cook on high 10
  minutes, turning twice.
  
  MC-RECIPE@MASTERCOOK.COM
  
  MASTERCOOK RECIPES LIST SERVER
  
  From the MasterCook recipe list.  Downloaded from Glen's MM Recipe Archive,
  http://www.erols.com/hosey.
 
</step></directions></recipe></recipeml>
