<?xml version="1.0" encoding="UTF-8"?>

<recipeml version="0.5">
  <recipe>
    <head>
      <title>Asparagus and Beef with Black Beans</title>
      <categories>
        <cat>Chinese</cat></categories>
      <yield>4</yield></head>
    <ingredients>
      <ing-div>
        <title/>
        <ing>
          <amt>
            <qty>1</qty>
            <unit>tablespoon</unit></amt>
          <item>Salted preserved black beans</item></ing>
        <ing>
          <amt>
            <qty>2</qty>
            <unit/></amt>
          <item>Garlic cloves; minced</item></ing>
        <ing>
          <amt>
            <qty>2</qty>
            <unit>slices</unit></amt>
          <item>Ginger (quarter-sized) minced</item></ing>
        <ing>
          <amt>
            <qty>1/2</qty>
            <unit>pounds</unit></amt>
          <item>Flank steak</item></ing>
        <ing>
          <amt>
            <qty>1</qty>
            <unit>small</unit></amt>
          <item>Onion; sliced</item></ing>
        <ing>
          <amt>
            <qty>1</qty>
            <unit>pound</unit></amt>
          <item>Asparagus; cut into 1/2-in thick diagonal pieces</item></ing>
        <ing>
          <amt>
            <qty>3</qty>
            <unit>tablespoons</unit></amt>
          <item>Peanut oil</item></ing>
        <ing>
          <amt>
            <qty>1/2</qty>
            <unit>teaspoons</unit></amt>
          <item>Salt</item></ing>
        <ing>
          <amt>
            <qty>1</qty>
            <unit>tablespoon</unit></amt>
          <item>Dark soy sauce</item></ing>
        <ing>
          <amt>
            <qty>1/2</qty>
            <unit>cups</unit></amt>
          <item>Chicken stock</item></ing>
        <ing>
          <amt>
            <qty>2</qty>
            <unit>teaspoons</unit></amt>
          <item>Cornstarch; mixed with</item></ing>
        <ing>
          <amt>
            <qty>1</qty>
            <unit>tablespoon</unit></amt>
          <item>Water</item></ing>
        <ing>
          <amt>
            <qty>1/2</qty>
            <unit>teaspoons</unit></amt>
          <item>Sugar</item></ing>
        <ing>
          <amt>
            <qty>1/2</qty>
            <unit>tablespoons</unit></amt>
          <item>Oyster sauce</item></ing>
        <ing>
          <amt>
            <qty>1</qty>
            <unit>dash</unit></amt>
          <item>Sesame oil</item></ing>
        <ing>
          <amt>
            <qty/>
            <unit/></amt>
          <item>Hot steamed rice</item></ing></ing-div>
      <ing-div>
        <title>BEEF MARINADE</title>
        <ing>
          <amt>
            <qty>1/2</qty>
            <unit>teaspoons</unit></amt>
          <item>Sugar</item></ing>
        <ing>
          <amt>
            <qty>1</qty>
            <unit>tablespoon</unit></amt>
          <item>Rice wine or dry sherry</item></ing>
        <ing>
          <amt>
            <qty>1/2</qty>
            <unit>tablespoons</unit></amt>
          <item>Soy sauce</item></ing>
        <ing>
          <amt>
            <qty>1</qty>
            <unit>teaspoon</unit></amt>
          <item>Cornstarch</item></ing>
        <ing>
          <amt>
            <qty>1/2</qty>
            <unit>teaspoons</unit></amt>
          <item>Sesame oil</item></ing></ing-div></ingredients>
    <directions>
      <step>  COVER THE BLACK BEANS with warm water for 5 minutes. Drain. Rinse
  thoroughly to remove salt. Put into a bowl with the garlic and ginger; mash
  into a paste and set aside. Slice the beef against the grain into 1/4-inch
  thick slices; toss with the beef marinade. Set aside for 10 minutes.
  Preheat a wok until hot. Add 2 tablespoons of the oil. Over high heat, add
  beef and stir-fry for a minute or until seared; remove and set aside. While
  wok is hot, add remaining oil, salt and reserved black-bean paste; stir-fry
  until fragrant, a few seconds. Toss in the onions, stir-fry for 10 seconds,
  then add the asparagus in 2-or-3 batches, seconds apart, making certain the
  wok is hot before adding the next batch. Toss and stir until asparagus are
  coated with the oil. Sprinkle with soy sauce, toss together, then pour in
  the stock and bring to a boil. If the asparagus needs more cooking, cover
  for a minute. Meanwhile, stir the cornstarch, water, sugar and oyster sauce
  into a smooth paste. When the asparagus is tender but still crisp, add the
  cornstarch liquid into the center of the wok. Immediately stir until
  thickened, about 10 seconds. Return the beef, add a desh of sesame oil;
  toss to mix. Serve hot over rice.
  
  JOYCE JUE - PRODIGY GUEST CHEFS COOKBOOK
  
  From Gemini's MASSIVE MealMaster collection at www.synapse.com/~gemini
 
</step></directions></recipe></recipeml>
