<?xml version="1.0" encoding="UTF-8"?>

<recipeml version="0.5">
  <recipe>
    <head>
      <title>Asparagus Guacamole</title>
      <categories>
        <cat>Low fat</cat>
        <cat>Vegetarian</cat></categories>
      <yield>1</yield></head>
    <ingredients>
      <ing>
        <amt>
          <qty>1</qty>
          <unit>pound</unit></amt>
        <item>Asparaus spears (cut into 1</item></ing>
      <ing>
        <amt>
          <qty/>
          <unit/></amt>
        <item>In  lengths) 2 cups</item></ing>
      <ing>
        <amt>
          <qty>3/4</qty>
          <unit>cups</unit></amt>
        <item>Water</item></ing>
      <ing>
        <amt>
          <qty>2</qty>
          <unit>tablespoons</unit></amt>
        <item>Plain nonfat yogurt</item></ing>
      <ing>
        <amt>
          <qty>1</qty>
          <unit>tablespoon</unit></amt>
        <item>Lemon juice</item></ing>
      <ing>
        <amt>
          <qty>1</qty>
          <unit>medium</unit></amt>
        <item>Tomato, seeded and chopped</item></ing>
      <ing>
        <amt>
          <qty/>
          <unit/></amt>
        <item>(1 cup)</item></ing>
      <ing>
        <amt>
          <qty>2</qty>
          <unit>tablespoons</unit></amt>
        <item>Sliced green onion</item></ing>
      <ing>
        <amt>
          <qty>1</qty>
          <unit>teaspoon</unit></amt>
        <item>Ground cumin</item></ing>
      <ing>
        <amt>
          <qty>1</qty>
          <unit/></amt>
        <item>Clove garlic minced</item></ing>
      <ing>
        <amt>
          <qty>1/2</qty>
          <unit>teaspoons</unit></amt>
        <item>Dried oregano</item></ing>
      <ing>
        <amt>
          <qty>1/4</qty>
          <unit>teaspoons</unit></amt>
        <item>Salt</item></ing>
      <ing>
        <amt>
          <qty>1/4</qty>
          <unit>teaspoons</unit></amt>
        <item>Cayenne</item></ing></ingredients>
    <directions>
      <step>  Combine asparagus and water in a 2-quart saucepan. Bring to a boil over
  medium-high heat to medium-low. Simmer 8-110 minutes, or until asparagus is
  tender. Rinse with cold water; drain. Blot asparagus with paper towel to
  remove excess moisture. Combine asparagus, yogurt and lemon juice in a food
  processor or blender. Process until smooth. In a medium mixing bowl,
  combine asparagus mixture and remaining ingredients. Chill, if desired.
  Serve with raw veggies or tortilla chips. Makes 12 servings. Per serving:
       12    cal.; 1 gm. fat
  
  Recipe from the Vegetarian Times, (sorry, don't know the issue date).
  Converted to MM by Donna Webster
     Donna@webster.demon.co.uk Submitted By DONNA@WEBSTER.DEMON.CO.UK On TUE,
       31    OCT 1995 151630 GMT
  
  From Gemini's MASSIVE MealMaster collection at www.synapse.com/~gemini
 
</step></directions></recipe></recipeml>
