<?xml version="1.0" encoding="UTF-8"?>

<recipeml version="0.5">
  <recipe>
    <head>
      <title>4 Egg Butter Cake</title>
      <categories>
        <cat>None</cat></categories>
      <yield>1</yield></head>
    <ingredients>
      <ing>
        <amt>
          <qty>3</qty>
          <unit>cups</unit></amt>
        <item>Sifted cake flour</item></ing>
      <ing>
        <amt>
          <qty>2</qty>
          <unit>cups</unit></amt>
        <item>Sugar</item></ing>
      <ing>
        <amt>
          <qty>4</qty>
          <unit>teaspoons</unit></amt>
        <item>Baking powder</item></ing>
      <ing>
        <amt>
          <qty>4</qty>
          <unit/></amt>
        <item>Eggs</item></ing>
      <ing>
        <amt>
          <qty>1/4</qty>
          <unit>teaspoons</unit></amt>
        <item>Salt</item></ing>
      <ing>
        <amt>
          <qty>1</qty>
          <unit>cup</unit></amt>
        <item>Water</item></ing>
      <ing>
        <amt>
          <qty>1</qty>
          <unit>cup</unit></amt>
        <item>Shortening (pareve)</item></ing>
      <ing>
        <amt>
          <qty>1</qty>
          <unit>teaspoon</unit></amt>
        <item>Vanilla</item></ing></ingredients>
    <directions>
      <step>  &gt;From The Complete American Jewish Cookbook (pg. 126)
  
  note: I will be giving my pareve version of the cake:
  
  Sift together flour,baking powder and salt.  Cream shortening until smooth.
  Gradually add sugar, creaming until light and fluffy.  Add eggs one at a
  time, beating after each addition. Add dry ingred. alternately with water.
  Add vanilla.
  
  cake: bake for 25 min. in medium oven.
  
  cupcakes: fill greased cupcake pans 2/3 full.  Bake in moderate oven 20-25
  min.  yield: 24 cupcakes.
  
  Note: I put paper "cups" in the cupcake pans and spray them with kal-shemen
  (a low fat spray) before filling with batter.  you can ice the cupcakes or
  add any topping you like.
  Posted to JEWISH-FOOD digest V96 #54
  
  Date: Thu, 17 Oct 96 00:47:31 PDT
  
  From: "Shoshana L. Boublil" &lt;toramada@mail.netvision.net.il&gt;
 
</step></directions></recipe></recipeml>
