<?xml version="1.0" encoding="UTF-8"?>

<recipeml version="0.5">
  <recipe>
    <head>
      <title>5-Bean Salad</title>
      <categories>
        <cat>Salads</cat></categories>
      <yield>9</yield></head>
    <ingredients>
      <ing-div>
        <title/>
        <ing>
          <amt>
            <qty>1/3</qty>
            <unit>cups</unit></amt>
          <item>EDEN Brown Rice Vinegar OR- Eden Red Wine Vinegar</item></ing>
        <ing>
          <amt>
            <qty>1/2</qty>
            <unit>cups</unit></amt>
          <item>EDEN Extra Virgin Olive Oil</item></ing>
        <ing>
          <amt>
            <qty>1/4</qty>
            <unit>cups</unit></amt>
          <item>EDEN BarleY Malt</item></ing>
        <ing>
          <amt>
            <qty>1/3</qty>
            <unit>cups</unit></amt>
          <item>EDEN Shoyu</item></ing>
        <ing>
          <amt>
            <qty>15</qty>
            <unit>ounces</unit></amt>
          <item>Can EDEN Pinto Beans drained</item></ing>
        <ing>
          <amt>
            <qty>15</qty>
            <unit>ounces</unit></amt>
          <item>Can EDEN Black Kidney Beans drained</item></ing>
        <ing>
          <amt>
            <qty>15</qty>
            <unit>ounces</unit></amt>
          <item>Can EDEN Navy Beans drained</item></ing>
        <ing>
          <amt>
            <qty>15</qty>
            <unit>ounces</unit></amt>
          <item>Can EDEN Garbanzo Beans drained</item></ing>
        <ing>
          <amt>
            <qty>1</qty>
            <unit/></amt>
          <item>Cucumber; peeled cut in lengthwise strips and sliced</item></ing>
        <ing>
          <amt>
            <qty>10</qty>
            <unit>small</unit></amt>
          <item>Red radishes cut in half and sliced</item></ing>
        <ing>
          <amt>
            <qty>2</qty>
            <unit/></amt>
          <item>Stalks of celery; sliced</item></ing>
        <ing>
          <amt>
            <qty>1</qty>
            <unit>bunch</unit></amt>
          <item>Green onions sliced diagonally</item></ing>
        <ing>
          <amt>
            <qty>1</qty>
            <unit>medium</unit></amt>
          <item>Green pepper; diced</item></ing>
        <ing>
          <amt>
            <qty>1/2</qty>
            <unit>medium</unit></amt>
          <item>Bunch fresh parsley chopped fine</item></ing></ing-div>
      <ing-div>
        <title>OPTIONAL</title>
        <ing>
          <amt>
            <qty/>
            <unit/></amt>
          <item>Oregano, thyme, basil, mint</item></ing></ing-div></ingredients>
    <directions>
      <step>  Prepare a marinade of vinegar, olive oil, barley malt, and shoyu by
  pouring ingredients into ajar and shaking vigorously or mixing in a
  blender. Mix thoroughly with vegetables, beans and herbs. Marinate in
  refrigerator for 4 hours or longer. desired and serve chilled.
  
  Prep Time: 15 minutes
  Yield: 9 servings
  
  Per serving: 360 Calories;
  13g Fat (31% calories from fat); 16g Protein;
  47g Carbohydrate; 0mg Cholesterol; 656mg Sodium
  
  Copyright 1994 Eden Foods, Inc.
  &lt;Electronic Format courtesy of Karen Mintzias&gt;
  
  File ftp://ftp.idiscover.co.uk/pub/food/mealmaster/recipes/eden.zip
 
</step></directions></recipe></recipeml>
