<?xml version="1.0" encoding="UTF-8"?>

<recipeml version="0.5">
  <recipe>
    <head>
      <title>5-Ingredient Pot Roast</title>
      <categories>
        <cat>Beef</cat>
        <cat>To post</cat></categories>
      <yield>6</yield></head>
    <ingredients>
      <ing>
        <amt>
          <qty>3</qty>
          <unit>pounds</unit></amt>
        <item>Beef chuck roast; boneless</item></ing>
      <ing>
        <amt>
          <qty>1</qty>
          <unit/></amt>
        <item>Envelope Onion-mushroom soup mix Mixed with 1 1/2 cups water</item></ing>
      <ing>
        <amt>
          <qty>1</qty>
          <unit>can</unit></amt>
        <item>Whole tomato; Undrained</item></ing>
      <ing>
        <amt>
          <qty>2</qty>
          <unit>large</unit></amt>
        <item>White turnips; peeled, Cut in 8 wedges</item></ing>
      <ing>
        <amt>
          <qty>3</qty>
          <unit>large</unit></amt>
        <item>Parsnips; peeled, Cut in pieces</item></ing></ingredients>
    <directions>
      <step>  1. Brown meat on all sides in a 4- to 5-qt nonstick Dutch oven.
  
  2. Add soup-and-water mixture and tomatoes. Bring to a boil, reduce heat,
  cover and simmer 1 1/2 hours, turning meat over once.
  
  3. Add vegetables. Simmer 40 minutes or until meat and vegetables are
  tender when pierced.
  
  4. Lift meat to cutting board. Cover loosely with foil and let it stand for
  10 to 15 minutes.
  
  5. Slice meat across the grain. Serve with vegetables and gravy.
  
  Recipe by: Woman's Day  3/10/98
  
  Posted to recipelu-digest by Rodeo46898 &lt;Rodeo46898@aol.com&gt; on Mar 2, 1998
 
</step></directions></recipe></recipeml>
