<?xml version="1.0" encoding="UTF-8"?>

<recipeml version="0.5">
  <recipe>
    <head>
      <title>50% Sesame Whole Wheat</title>
      <categories>
        <cat>None</cat></categories>
      <yield>1</yield></head>
    <ingredients>
      <ing>
        <amt>
          <qty>1</qty>
          <unit>cup</unit></amt>
        <item>+ 2 tabls. water</item></ing>
      <ing>
        <amt>
          <qty>1</qty>
          <unit>tablespoon</unit></amt>
        <item>Butter or margarine; (I use canola oil)</item></ing>
      <ing>
        <amt>
          <qty>1</qty>
          <unit>tablespoon</unit></amt>
        <item>Honey</item></ing>
      <ing>
        <amt>
          <qty>1 1/2</qty>
          <unit>cups</unit></amt>
        <item>White bread machine flour</item></ing>
      <ing>
        <amt>
          <qty>1 1/2</qty>
          <unit>cups</unit></amt>
        <item>Whole wheat bread machine flour</item></ing>
      <ing>
        <amt>
          <qty>1/4</qty>
          <unit>cups</unit></amt>
        <item>Wheat germ</item></ing>
      <ing>
        <amt>
          <qty>1 1/2</qty>
          <unit>teaspoons</unit></amt>
        <item>Salt</item></ing>
      <ing>
        <amt>
          <qty>2</qty>
          <unit>teaspoons</unit></amt>
        <item>Yeast</item></ing></ingredients>
    <directions>
      <step>  (The Village Bakery Recipe Bin)
  
  Put ingredients into bread machine according to instructions. At the
  fruit/nut beep add 2 tbls. toasted sesame seeds.
  
  NOTE: I add 1 tablespoon of powdered milk for a more moist bread
  
  Posted to EAT-L Digest  by Al &amp; Diane Johnson &lt;johnson@NEGIA.NET&gt; on Mar 4,
  1998
 
</step></directions></recipe></recipeml>
