<?xml version="1.0" encoding="UTF-8"?>

<recipeml version="0.5">
  <recipe>
    <head>
      <title>5 Cup Winter Salad</title>
      <categories>
        <cat>None</cat></categories>
      <yield>1</yield></head>
    <ingredients>
      <ing>
        <amt>
          <qty>1</qty>
          <unit>cup</unit></amt>
        <item>Mini Marshmallows; white or colored</item></ing>
      <ing>
        <amt>
          <qty>1</qty>
          <unit>cup</unit></amt>
        <item>Coconut</item></ing>
      <ing>
        <amt>
          <qty>1</qty>
          <unit>cup</unit></amt>
        <item>Manderine Orange Sections; well drained</item></ing>
      <ing>
        <amt>
          <qty>1</qty>
          <unit>cup</unit></amt>
        <item>Crushed Pineapple; well drained</item></ing>
      <ing>
        <amt>
          <qty>1</qty>
          <unit>cup</unit></amt>
        <item>Sour Cream or Vanilla Yogurt</item></ing></ingredients>
    <directions>
      <step>  Quick &amp; Easy Let Stand 24 Hours Before Serving
  
  Mix well and let stand 24 hours before serving.
  
  NOTE; I have added banana slices dipped in lemon juice OR well drained
  fruit chunks and used half yogurt and half sour cream.
  
  Posted to recipelu-digest by jeryder@juno.com (Judy E Ryder) on Feb 28,
  1998
 
</step></directions></recipe></recipeml>
