<?xml version="1.0" encoding="UTF-8"?>

<recipeml version="0.5">
  <recipe>
    <head>
      <title>60-Minute Rolls</title>
      <categories>
        <cat>Buns &amp; roll</cat>
        <cat>Yeast bread</cat></categories>
      <yield>24</yield></head>
    <ingredients>
      <ing>
        <amt>
          <qty>4 1/2</qty>
          <unit>cups</unit></amt>
        <item>Flour</item></ing>
      <ing>
        <amt>
          <qty>3</qty>
          <unit/></amt>
        <item>Sugar</item></ing>
      <ing>
        <amt>
          <qty>1</qty>
          <unit>teaspoon</unit></amt>
        <item>Salt</item></ing>
      <ing>
        <amt>
          <qty>2</qty>
          <unit>packages</unit></amt>
        <item>Yeast</item></ing>
      <ing>
        <amt>
          <qty>1</qty>
          <unit>cup</unit></amt>
        <item>Milk</item></ing>
      <ing>
        <amt>
          <qty>1/2</qty>
          <unit>cups</unit></amt>
        <item>Water</item></ing>
      <ing>
        <amt>
          <qty>1/4</qty>
          <unit>cups</unit></amt>
        <item>Butter</item></ing></ingredients>
    <directions>
      <step>  Prepare dough as usual for any yeast bread, Cover and let rise for 15
  minutes. Shape into roll shapes (clover leaf, Parkerhouse, etc) and place
  dough into muffin tins, cover and rise for 15 minutes. Bake at 425° for 12
  minutes or until done.
  
  Recipe by: Kitchen Aid
  
  Posted to TNT Recipes Digest, Vol 01, Nr 914 by "LauraG"
  &lt;gaggini@gate.usaor.net&gt; on Jan 4, 1998
 
</step></directions></recipe></recipeml>
