<?xml version="1.0" encoding="UTF-8"?>

<recipeml version="0.5">
  <recipe>
    <head>
      <title>60-Minute Honey-Nut Ladder Loaf</title>
      <categories>
        <cat>None</cat></categories>
      <yield>1</yield></head>
    <ingredients>
      <ing>
        <amt>
          <qty>3 3/4</qty>
          <unit>cups</unit></amt>
        <item>Flour; all-purpose</item></ing>
      <ing>
        <amt>
          <qty>1</qty>
          <unit>tablespoon</unit></amt>
        <item>Sugar</item></ing>
      <ing>
        <amt>
          <qty>1</qty>
          <unit>teaspoon</unit></amt>
        <item>Salt</item></ing>
      <ing>
        <amt>
          <qty>1</qty>
          <unit>package</unit></amt>
        <item>Yeast; rapid-rise</item></ing>
      <ing>
        <amt>
          <qty>1</qty>
          <unit>cup</unit></amt>
        <item>Hot water (125-130)</item></ing>
      <ing>
        <amt>
          <qty>1</qty>
          <unit>tablespoon</unit></amt>
        <item>Margarine; softened nut filling-</item></ing>
      <ing>
        <amt>
          <qty>1/2</qty>
          <unit>cups</unit></amt>
        <item>Almonds; sliced</item></ing>
      <ing>
        <amt>
          <qty>1/2</qty>
          <unit>cups</unit></amt>
        <item>Raisins</item></ing>
      <ing>
        <amt>
          <qty>1/2</qty>
          <unit>cups</unit></amt>
        <item>Coconut; flaked</item></ing>
      <ing>
        <amt>
          <qty>2</qty>
          <unit>tablespoons</unit></amt>
        <item>Honey</item></ing>
      <ing>
        <amt>
          <qty>2</qty>
          <unit>tablespoons</unit></amt>
        <item>Margarine; melted</item></ing>
      <ing>
        <amt>
          <qty>1/2</qty>
          <unit>teaspoons</unit></amt>
        <item>Cinnamon</item></ing></ingredients>
    <directions>
      <step>  Set aside 1 cup flour. Mix remaining flour, sugar, salt, and yeast in mixer
  bowl. Stir in hot water and margarine. Add enough reserved flour to make
  soft dough. Knead 4 minutes. Roll dough to 14 x 8" rectangle. Place on
  greased baking sheet.    Spread filling down center third. Cut 1" wide
  strips from sides of filling to dough edges. Alternately fold strips over
  filling. Cover. Place boiling water in large shallow pan on counter. Place
  baking sheet over pan and let dough rise for 15 min. Bake 20 min at 375 or
  until done. Remove from sheet and cool on wire rack. Can drizzle with a
  confectioner's sugar glaze, if desired. Fran's notes: on a hot, humid day,
  I didn't need the extra cup of flour. I used a 12 oz can of solo almond
  filling instead of the one listed here. I didn't have any 10x sugar, but a
  glaze would have been nice.  Otherwise, I'll use a butter or egg wash to
  'pretty' it up.  This is definitely a keeper and I can't wait to try
  apricot, etc. filling.
  
  File ftp://ftp.idiscover.co.uk/pub/food/mealmaster/recipes/mmdja006.zip
 
</step></directions></recipe></recipeml>
