<?xml version="1.0" encoding="UTF-8"?>

<recipeml version="0.5">
  <recipe>
    <head>
      <title>6 Week Muffins</title>
      <categories>
        <cat>Bread</cat></categories>
      <yield>40</yield></head>
    <ingredients>
      <ing>
        <amt>
          <qty>1</qty>
          <unit/></amt>
        <item>Box (15-oz) raisin bran; or any bran flakes</item></ing>
      <ing>
        <amt>
          <qty>3</qty>
          <unit>cups</unit></amt>
        <item>Sugar</item></ing>
      <ing>
        <amt>
          <qty>5</qty>
          <unit>cups</unit></amt>
        <item>Flour</item></ing>
      <ing>
        <amt>
          <qty>5</qty>
          <unit>teaspoons</unit></amt>
        <item>Baking soda</item></ing>
      <ing>
        <amt>
          <qty>2</qty>
          <unit>teaspoons</unit></amt>
        <item>Salt</item></ing>
      <ing>
        <amt>
          <qty>1</qty>
          <unit>cup</unit></amt>
        <item>Oil</item></ing>
      <ing>
        <amt>
          <qty>4</qty>
          <unit/></amt>
        <item>Eggs</item></ing>
      <ing>
        <amt>
          <qty>1</qty>
          <unit>quart</unit></amt>
        <item>Buttermilk mix</item></ing></ingredients>
    <directions>
      <step>  Date: Mon, 12 Feb 1996 12:23:41 -0500
  
  From: kmeade@ids2.idsonline.com (The Meades)
  
  Subject: Re: Refrigeratable muffin mixes Recipe By: Debra Fisher
  &lt;DFISHER@PSUHMC.HMC.PSU.EDU&gt;
  
  Bake at 400 degreees for 15-20 minutes. Makes about 4 dozen. I use regular
  buttermilk not the mix. You can add extra buttermilk if you have it, I do
  sometimes.
  
  MC-RECIPE@MASTERCOOK.COM
  
  MASTERCOOK RECIPES LIST SERVER
  
  From the MasterCook recipe list.  Downloaded from Glen's MM Recipe Archive,
  http://www.erols.com/hosey.
 
</step></directions></recipe></recipeml>
