<?xml version="1.0" encoding="UTF-8"?>

<recipeml version="0.5">
  <recipe>
    <head>
      <title>7-Grain Bread (Machine)</title>
      <categories>
        <cat>Breads</cat>
        <cat>Breadmakers</cat></categories>
      <yield>1</yield></head>
    <ingredients>
      <ing>
        <amt>
          <qty>2 1/4</qty>
          <unit>teaspoons</unit></amt>
        <item>Dry yeast</item></ing>
      <ing>
        <amt>
          <qty>1 1/2</qty>
          <unit>cups</unit></amt>
        <item>Whole wheat flour</item></ing>
      <ing>
        <amt>
          <qty>1</qty>
          <unit>cup</unit></amt>
        <item>Bread flour</item></ing>
      <ing>
        <amt>
          <qty>1</qty>
          <unit>teaspoon</unit></amt>
        <item>Salt</item></ing>
      <ing>
        <amt>
          <qty>1/2</qty>
          <unit>cups</unit></amt>
        <item>Crumbled 7-grain cereal</item></ing>
      <ing>
        <amt>
          <qty/>
          <unit/></amt>
        <item>Flakes</item></ing>
      <ing>
        <amt>
          <qty>3</qty>
          <unit>tablespoons</unit></amt>
        <item>Nonfat dry milk</item></ing>
      <ing>
        <amt>
          <qty>1</qty>
          <unit>tablespoon</unit></amt>
        <item>Unsweetened cocoa powder</item></ing>
      <ing>
        <amt>
          <qty>2</qty>
          <unit>tablespoons</unit></amt>
        <item>Butter/margarine</item></ing>
      <ing>
        <amt>
          <qty>1/8</qty>
          <unit>cups</unit></amt>
        <item>Dark molasses</item></ing>
      <ing>
        <amt>
          <qty>1</qty>
          <unit>cup</unit></amt>
        <item>Plus 3 T plus 2 t warm</item></ing>
      <ing>
        <amt>
          <qty/>
          <unit/></amt>
        <item>(105ø-115ø) water</item></ing></ingredients>
    <directions>
      <step>  Add ingredients in the order listed. All ingredients must be at room
  temperature, unless otherwise noted. Select whole grain and baking control
  for light. Press start. Tent a piece of aluminum foil, shiny side down,
  over glass dome at start of baking. Remove when cooling begins. Bread will
  be ready in 4 hours and 10 minutes.
  
  A dark, moist loaf that's perfect for sandwiches! Such is the reward when
  slicing into a loaf of 7-Grain Bread. The machine's great kneading power
  makes it moist, and the 7-grain cereal makes it full of extra fiber.
  
  From "Easy Baking" by Claudia Burns and Tom Lacalamita for Welbilt
  Posted to MM-Recipes Digest V3 #299
  
  Date: Fri, 1 Nov 1996 14:46:14 -0500
  
  From: BobbieB1@aol.com
 
</step></directions></recipe></recipeml>
