<?xml version="1.0" encoding="UTF-8"?>

<recipeml version="0.5">
  <recipe>
    <head>
      <title>7-Layer Mexican Dip</title>
      <categories>
        <cat>Appetizers</cat>
        <cat>Sauces and</cat></categories>
      <yield>1</yield></head>
    <ingredients>
      <ing>
        <amt>
          <qty>2</qty>
          <unit/></amt>
        <item>Large Can Refried Beans</item></ing>
      <ing>
        <amt>
          <qty>2</qty>
          <unit>cans</unit></amt>
        <item>Jalapenos; or chilies</item></ing>
      <ing>
        <amt>
          <qty>2</qty>
          <unit/></amt>
        <item>Tomatoes; or more</item></ing>
      <ing>
        <amt>
          <qty>1</qty>
          <unit/></amt>
        <item>Onion; (optional)</item></ing>
      <ing>
        <amt>
          <qty>16</qty>
          <unit>ounces</unit></amt>
        <item>Sour Cream</item></ing>
      <ing>
        <amt>
          <qty>2</qty>
          <unit/></amt>
        <item>To 4 Avacados</item></ing>
      <ing>
        <amt>
          <qty>2</qty>
          <unit>packages</unit></amt>
        <item>Taco Seasoning</item></ing>
      <ing>
        <amt>
          <qty/>
          <unit/></amt>
        <item>Shredded Cheese; (Mozzarlla and chedd</item></ing>
      <ing>
        <amt>
          <qty>1</qty>
          <unit/></amt>
        <item>To 2 Cans Olives</item></ing></ingredients>
    <directions>
      <step>  Mix the refried beans and taco seasoning together (I also mix the chili's
  in with this, but some people put the chilis as a layer) Mix this really
  well (I used a food processor, but today I am going to use my mixer). This
  is the first layer.
  
  Put a layer of sour cream on top of the refried beans, taco seasoning and
  chilis.
  
  Next put a layer of well mixed/mushed avacados (you need enough to cover
  the pan, I use a cake pan normally) on top of everything else
  
  Next sprinkle cheeses on top (I just thought about it and I put the avacado
  first and then the sour cream, but I suppose it doesnt matter). I think the
  more cheese the better myself *grin*!
  
  Next cut up tomatoes and add as many as you like, which I like to use at
  least 2 cut up tomatoes.
  
  Last put chopped up olives.
  
  Put in the oven until the cheese is melted. I use a low heat so that
  everything else warms up.
  
  Last but not least pull out the chips and dip! Everyone really enjoys this
  dip. I hope you do too.
  
  Recipe By     : Rachel Hosford Spence --ALASKA &lt;JSRKH@ACAD1.ALASKA.EDU&gt;
  
  Posted to EAT-L Digest 21 Sep 96
  
  Date:    Sun, 22 Sep 1996 11:37:27 -0400
  
  From:    Eileen &amp; Bob Holze &lt;beck4@ASAN.COM&gt;
 
</step></directions></recipe></recipeml>
