<?xml version="1.0" encoding="UTF-8"?>

<recipeml version="0.5">
  <recipe>
    <head>
      <title>7-Layer Dip</title>
      <categories>
        <cat>Dip</cat></categories>
      <yield>12</yield></head>
    <ingredients>
      <ing>
        <amt>
          <qty>2</qty>
          <unit>cans</unit></amt>
        <item>Bean dip</item></ing>
      <ing>
        <amt>
          <qty/>
          <unit/></amt>
        <item>Guacamole</item></ing>
      <ing>
        <amt>
          <qty>1</qty>
          <unit>container</unit></amt>
        <item>(16-oz) sour cream</item></ing>
      <ing>
        <amt>
          <qty>1</qty>
          <unit>package</unit></amt>
        <item>Taco seasoning</item></ing>
      <ing>
        <amt>
          <qty/>
          <unit/></amt>
        <item>Chopped green onions</item></ing>
      <ing>
        <amt>
          <qty/>
          <unit/></amt>
        <item>Sliced black olives</item></ing>
      <ing>
        <amt>
          <qty/>
          <unit/></amt>
        <item>Diced tomatoes</item></ing>
      <ing>
        <amt>
          <qty/>
          <unit/></amt>
        <item>Shredded sharp cheddar cheese</item></ing></ingredients>
    <directions>
      <step>  From: Dot &amp; Tim McChesney &lt;jrjet@WHIDBEY.NET&gt;
  
  Date: Tue, 2 Jul 1996 18:33:15 -0700
  Here ya go - This can be made in a pizza pan type dish or a deeper one, we
  like the deeper dish.
  
  On the bottom, 2 cans bean dip - we usually use Tostito's black bean dip -
  it is spicier
  
  Next - guacamole - We make ours by adding lemon juice, tabasco or other hot
  sauce, and salsa to the avocados
  
  Third layer - 16 ounce sour cream with a package taco seasoning mixed in
  (can add a little mayo to this if ya like)
  
  Fourth layer - chopped green onion
  
  Fifth - sliced black olives
  
  Sixth - diced tomato
  
  Seventh - Shredded sharp cheddar
  
  That is it - we use toritlla chips or Fritos, but it is so good we have
  been known to use anything to dip it out with!!
  
  EAT-L DIGEST  1 JULY 96
  
  From the EAT-L recipe list.  Downloaded from Glen's MM Recipe Archive,
  http://www.erols.com/hosey.
 
</step></directions></recipe></recipeml>
