<?xml version="1.0" encoding="UTF-8"?>

<recipeml version="0.5">
  <recipe>
    <head>
      <title>7-Layer Dip</title>
      <categories>
        <cat>Dips</cat></categories>
      <yield>1</yield></head>
    <ingredients>
      <ing>
        <amt>
          <qty>1</qty>
          <unit>can</unit></amt>
        <item>Bean Dip</item></ing>
      <ing>
        <amt>
          <qty>3</qty>
          <unit>medium</unit></amt>
        <item>Avocados</item></ing>
      <ing>
        <amt>
          <qty>1/3</qty>
          <unit>cups</unit></amt>
        <item>Picante sauce</item></ing>
      <ing>
        <amt>
          <qty>2</qty>
          <unit>tablespoons</unit></amt>
        <item>Lemon juice</item></ing>
      <ing>
        <amt>
          <qty>8</qty>
          <unit>ounces</unit></amt>
        <item>Sour cream</item></ing>
      <ing>
        <amt>
          <qty>1</qty>
          <unit>package</unit></amt>
        <item>Taco seasoning mix</item></ing>
      <ing>
        <amt>
          <qty>1/4</qty>
          <unit>cups</unit></amt>
        <item>Green onions</item></ing>
      <ing>
        <amt>
          <qty>1</qty>
          <unit>small</unit></amt>
        <item>Roma tomato; chopped</item></ing>
      <ing>
        <amt>
          <qty>1/2</qty>
          <unit>cups</unit></amt>
        <item>Cheddar cheese; finely grated</item></ing>
      <ing>
        <amt>
          <qty>1/4</qty>
          <unit>cups</unit></amt>
        <item>Sliced black olives</item></ing></ingredients>
    <directions>
      <step>  In an 8 or 9 inch square pan, spread can of bean dip to completely cover
  the bottom of the pan. Next, mash the avocados, and add the lemon juice,
  and picante sauce to it; mix well. Spread the avocado mixture over the bean
  dip. Mix the sour cream and the taco seasoning mix together and spread over
  the avocado mixture. Sprinkle green onions, chopped tomatoes, cheddar
  cheese, and black olives over all. Refrigerate for at least 3 hours.
  
  NOTES : This is great with Fritos "Scoops".
  
  Recipe by: Lake Pointe Baptist Church Cookbook - Fun Bunch
  
  Posted to recipelu-digest Volume 01 Number 340 by "Campbell"
  &lt;lauriec@flash.net&gt; on Dec 4, 1997
 
</step></directions></recipe></recipeml>
