<?xml version="1.0" encoding="UTF-8"?>

<recipeml version="0.5">
  <recipe>
    <head>
      <title>7-Up Cake #3</title>
      <categories>
        <cat>Cake</cat></categories>
      <yield>12</yield></head>
    <ingredients>
      <ing>
        <amt>
          <qty>1 1/2</qty>
          <unit>cups</unit></amt>
        <item>Butter; softened</item></ing>
      <ing>
        <amt>
          <qty>3</qty>
          <unit>cups</unit></amt>
        <item>Sugar</item></ing>
      <ing>
        <amt>
          <qty>5</qty>
          <unit/></amt>
        <item>Eggs</item></ing>
      <ing>
        <amt>
          <qty>3</qty>
          <unit>cups</unit></amt>
        <item>Flour</item></ing>
      <ing>
        <amt>
          <qty>2</qty>
          <unit>tablespoons</unit></amt>
        <item>Lemon extract</item></ing>
      <ing>
        <amt>
          <qty>3/4</qty>
          <unit>cups</unit></amt>
        <item>7up</item></ing>
      <ing>
        <amt>
          <qty/>
          <unit/></amt>
        <item>Confectioner's sugar</item></ing></ingredients>
    <directions>
      <step>  Date: Wed, 28 Feb 1996 12:45:14 -0800
  
  From: Don &lt;dja@netvoyage.net&gt;
  
  Cream butter and sugar until smooth. Add eggs, one at a time, beating well
  after each addition. Add flour, lemon extract, and 7UP; mix well. Pour into
  greased angel food (or bundt) pan. Bake 325F for 1 hour and 15 minutes or
  until done. Sprinkle with confectioner's sugar.
  
  MM-RECIPES@IDISCOVER.NET
  
  MEAL-MASTER RECIPES LIST SERVER
  
  MM-RECIPES DIGEST V3 #61
  
  From the MealMaster recipe list.  Downloaded from Glen's MM Recipe Archive,
  http://www.erols.com/hosey.
 
</step></directions></recipe></recipeml>
