<?xml version="1.0" encoding="UTF-8"?>

<recipeml version="0.5">
  <recipe>
    <head>
      <title>7-Up Pound Cake</title>
      <categories>
        <cat>None</cat></categories>
      <yield>1</yield></head>
    <ingredients>
      <ing>
        <amt>
          <qty>3</qty>
          <unit>cups</unit></amt>
        <item>Sugar</item></ing>
      <ing>
        <amt>
          <qty>3</qty>
          <unit/></amt>
        <item>Sticks  butter</item></ing>
      <ing>
        <amt>
          <qty>1</qty>
          <unit>cup</unit></amt>
        <item>7-up®; lemon-lime soda</item></ing>
      <ing>
        <amt>
          <qty>1</qty>
          <unit>dash</unit></amt>
        <item>Salt</item></ing>
      <ing>
        <amt>
          <qty>3</qty>
          <unit>cups</unit></amt>
        <item>Cake flour; sifted</item></ing>
      <ing>
        <amt>
          <qty>5</qty>
          <unit/></amt>
        <item>Eggs</item></ing>
      <ing>
        <amt>
          <qty>1</qty>
          <unit>teaspoon</unit></amt>
        <item>Lemon extract</item></ing></ingredients>
    <directions>
      <step>  Grease and flour tube or Bundt pan. Cream butter and sugar together 20
  minutes. (This is a must.) Add eggs, beating well. Add flour and 7-Up
  alternately. In 7-Up put the flavoring; and the dash of salt in flour. Bake
  at 350 degrees for 60 minutes. Sprinkle with confectioner's sugar or lemon
  glaze if desired. Posted to TNT - Prodigy's Recipe Exchange Newsletter by
  lessmess@juno.com on Jul 03, 1997
 
</step></directions></recipe></recipeml>
