<?xml version="1.0" encoding="UTF-8"?>

<recipeml version="0.5">
  <recipe>
    <head>
      <title>7-Up Bundt Cake</title>
      <categories>
        <cat>Cake</cat></categories>
      <yield>16</yield></head>
    <ingredients>
      <ing>
        <amt>
          <qty>1 1/2</qty>
          <unit>cups</unit></amt>
        <item>Margarine</item></ing>
      <ing>
        <amt>
          <qty>3</qty>
          <unit>cups</unit></amt>
        <item>Flour</item></ing>
      <ing>
        <amt>
          <qty>3</qty>
          <unit>cups</unit></amt>
        <item>Sugar</item></ing>
      <ing>
        <amt>
          <qty>2</qty>
          <unit>tablespoons</unit></amt>
        <item>Realemon</item></ing>
      <ing>
        <amt>
          <qty>5</qty>
          <unit/></amt>
        <item>Eggs</item></ing>
      <ing>
        <amt>
          <qty>3/4</qty>
          <unit>cups</unit></amt>
        <item>7 up (regular; not diet)</item></ing></ingredients>
    <directions>
      <step>  From: mark@alexr.demon.co.uk (Mark Alexander)
  
  Date: Fri, 25 Nov 1994 16:40:31 GMT
  [I recieved the following recipe from Kelly McGahey @carleton.ca, however
  there wasn't a proper mail address on it and I thought people might be
  interested so i've posted under my name.] [Mark - Co-Mod]
  
  Here's one out of the "Carleton Cooks" community cookbook, this recipe
  credited to Patrick O'Reilly.
  
  Cream sugar and margarine and beat until light and fluffy.  Add eggs one at
  a time, and beat well.  Add flour.  Beat in Realemon and 7 Up.  Pour batter
  into well greased and floured Bundt pan.  Bake at 325F for 1 1/4 hours.
  
  REC.FOOD.RECIPES ARCHIVES
  
  /CAKES
  
  From rec.food.cooking archives.  Downloaded from Glen's MM Recipe Archive,
  http://www.erols.com/hosey.
 
</step></directions></recipe></recipeml>
