<?xml version="1.0" encoding="UTF-8"?>

<recipeml version="0.5">
  <recipe>
    <head>
      <title>7-Up Cake - Cake Mix</title>
      <categories>
        <cat>Cakes</cat>
        <cat>Mixes</cat></categories>
      <yield>1</yield></head>
    <ingredients>
      <ing>
        <amt>
          <qty>1</qty>
          <unit>package</unit></amt>
        <item>White cake mix; OR Yellow cake mix</item></ing>
      <ing>
        <amt>
          <qty>1</qty>
          <unit>package</unit></amt>
        <item>Lemon jello</item></ing>
      <ing>
        <amt>
          <qty>4</qty>
          <unit/></amt>
        <item>Eggs</item></ing>
      <ing>
        <amt>
          <qty>1/2</qty>
          <unit>cups</unit></amt>
        <item>Oil</item></ing>
      <ing>
        <amt>
          <qty>1</qty>
          <unit>cup</unit></amt>
        <item>7-Up *</item></ing></ingredients>
    <directions>
      <step>     *  Pour into cup slowly to retain bubbles, but not have a lot of foam on
  top.
  
     Put all ingredients into mixing bowl and beat two to three minutes at
  medium speed.  Pour batter into greased and floured tube pan. Bake at 350
  degrees 45 to 60 minutes until cakes tests done and barely begins to pull
  away from sides of pan.
     Glaze with lemon glaze while warm.
  source: from a family friend
  
  Posted to TNT - Prodigy's Recipe Exchange Newsletter  by
  SBTY18D@prodigy.com (MS ANNE WEBB) on 3 Ju, l 1997
 
</step></directions></recipe></recipeml>
