<?xml version="1.0" encoding="UTF-8"?>

<recipeml version="0.5">
  <recipe>
    <head>
      <title>7-Up Lemon Cheesecake with Strawberry Glaze</title>
      <categories>
        <cat>Cheesecakes</cat>
        <cat>Strawberry</cat></categories>
      <yield>10</yield></head>
    <ingredients>
      <ing>
        <amt>
          <qty/>
          <unit/></amt>
        <item>CRUMB CRUST-----</item></ing>
      <ing>
        <amt>
          <qty>2</qty>
          <unit>cups</unit></amt>
        <item>Graham cracker crumbs</item></ing>
      <ing>
        <amt>
          <qty>1/2</qty>
          <unit>cups</unit></amt>
        <item>Butter -- melted</item></ing>
      <ing>
        <amt>
          <qty>1/2</qty>
          <unit>cups</unit></amt>
        <item>Powdered sugar</item></ing>
      <ing>
        <amt>
          <qty>1</qty>
          <unit>teaspoon</unit></amt>
        <item>Cinnamon</item></ing>
      <ing>
        <amt>
          <qty>7</qty>
          <unit/></amt>
        <item>UP FILLING-----</item></ing>
      <ing>
        <amt>
          <qty>1</qty>
          <unit>package</unit></amt>
        <item>Unflavored gelatin</item></ing>
      <ing>
        <amt>
          <qty>6</qty>
          <unit>tablespoons</unit></amt>
        <item>Sugar</item></ing>
      <ing>
        <amt>
          <qty>1 1/2</qty>
          <unit>cups</unit></amt>
        <item>7-up -- divided</item></ing>
      <ing>
        <amt>
          <qty>2</qty>
          <unit/></amt>
        <item>Eggs -- beaten</item></ing>
      <ing>
        <amt>
          <qty>1</qty>
          <unit>small</unit></amt>
        <item>Lemon pudding &amp; pie filling</item></ing>
      <ing>
        <amt>
          <qty>3/4</qty>
          <unit>cups</unit></amt>
        <item>Water -- not instant</item></ing>
      <ing>
        <amt>
          <qty/>
          <unit/></amt>
        <item>STRAWBERRY GLAZE-----</item></ing>
      <ing>
        <amt>
          <qty>1/2</qty>
          <unit>cups</unit></amt>
        <item>Strawberry jelly -- melted</item></ing>
      <ing>
        <amt>
          <qty/>
          <unit/></amt>
        <item>Unsweetened frozen --</item></ing>
      <ing>
        <amt>
          <qty/>
          <unit/></amt>
        <item>Thawed</item></ing>
      <ing>
        <amt>
          <qty/>
          <unit/></amt>
        <item>Fresh strawberries -=OR=-</item></ing>
      <ing>
        <amt>
          <qty/>
          <unit/></amt>
        <item>Whole strawberries</item></ing></ingredients>
    <directions>
      <step>  CRUST: Combine well the graham cracker crumbs, powdered sugar, cinnamon,
  and melted butter. Press onto bottom and partway up sides of buttered 9"
  springform pan; chill.
  
  FILLING: Soften unflavored gelatin in 1/4 cup 7-up for 4 minutes. In a
  saucepan combine pie filling, sugar, beaten eggs and water. Blend well. Add
  1-1/4 cup 7-up and bring just to a boil over medium heat stirring
  constantly; remove from heat. Stir in softened gelatin; cool 3 minutes. Add
  1/2 cup of this warm mixture to softened cream cheese; mash together. Mix
  together with remaining 7-up mixture and stir until well blended. Turn into
  chilled crust and chill for at least 8 hours. Remove from pan and add
  topping.
  
  TOPPING: Brush top of chilled cheesecake with melted jelly. Arrange
  strawberried upright on cake and spoon any remaining melted jelly over
  them.
  
  Recipe By     : Patti Anderson
  
  From Gemini's MASSIVE MealMaster collection at www.synapse.com/~gemini
 
</step></directions></recipe></recipeml>
