<?xml version="1.0" encoding="UTF-8"?>

<recipeml version="0.5">
  <recipe>
    <head>
      <title>7-Up Pound Cake</title>
      <categories>
        <cat>Desserts</cat>
        <cat>Easy</cat></categories>
      <yield>16</yield></head>
    <ingredients>
      <ing>
        <amt>
          <qty/>
          <unit/></amt>
        <item>*INGREDIENTS*</item></ing>
      <ing>
        <amt>
          <qty>3</qty>
          <unit>cups</unit></amt>
        <item>All-purpose flour, sifted</item></ing>
      <ing>
        <amt>
          <qty>5</qty>
          <unit/></amt>
        <item>Eggs,large</item></ing>
      <ing>
        <amt>
          <qty>3</qty>
          <unit>cups</unit></amt>
        <item>Sugar</item></ing>
      <ing>
        <amt>
          <qty>1</qty>
          <unit>cup</unit></amt>
        <item>Butter,softened (no substitutions)</item></ing>
      <ing>
        <amt>
          <qty>1/4</qty>
          <unit>teaspoons</unit></amt>
        <item>Salt</item></ing>
      <ing>
        <amt>
          <qty>1/2</qty>
          <unit>cups</unit></amt>
        <item>Vegetable shortening</item></ing>
      <ing>
        <amt>
          <qty>1 1/2</qty>
          <unit>teaspoons</unit></amt>
        <item>Vanilla extract</item></ing>
      <ing>
        <amt>
          <qty>1/2</qty>
          <unit>teaspoons</unit></amt>
        <item>Lemon extract</item></ing>
      <ing>
        <amt>
          <qty>1</qty>
          <unit>cup</unit></amt>
        <item>7-Up or other lemon-lime soda</item></ing></ingredients>
    <directions>
      <step>  *************************** ***** 7-UP Pound Cake *****
  ***************************
  
  Categories: Cake            Easy
  
  Calories     per serving: 420         Number of Servings: 16 Fat grams per
  serving: 20
  :        Approx. Cook Time: 90min Cholesterol per serving: 97 Marks:
  
  *DIRECTIONS*
  
  Preheat oven to 325 degrees F. Grease 12-cup Bundt pan. Combine flour and
  salt in bowl. Combine remaining ingreidents except soda in large mixer
  bowl; beat at medium speed until ligfht and fluffy, scraping sides
  occasionally, 5 minutes. Reduce speed to low; add dry ingredients and soda,
  beginning and ending with dry ingredients. Bake 1 1/2 hours or until
  toothpick inserted in center comes out clean. Cool in pan 15 minutes.
  Invert onto wire rack, remove pan and cool completely. Makes 16 Servings.
  
  Per Servings: 420 calories, 4 gm protein, 20 gm fat, 57 gm carbohydrates,
      173 mg sodium, 97 mg cholesterol.
  
  Recipe from: Ladies Home Journal- August 1991 issue
  
  *** Recipe Via Compu-Chef (tm) ***
  
  Courtesy of Shareware RECIPE CLIPPER 1.1
  
  From Gemini's MASSIVE MealMaster collection at www.synapse.com/~gemini
 
</step></directions></recipe></recipeml>
