<?xml version="1.0" encoding="UTF-8"?>

<recipeml version="0.5">
  <recipe>
    <head>
      <title>7-Up Punch</title>
      <categories>
        <cat>Improv</cat>
        <cat>Kohl</cat>
        <cat>Beverages</cat></categories>
      <yield>1</yield></head>
    <ingredients>
      <ing>
        <amt>
          <qty>1</qty>
          <unit>can</unit></amt>
        <item>46-oz pineapple juice</item></ing>
      <ing>
        <amt>
          <qty/>
          <unit/></amt>
        <item>Juice of 2 lemons</item></ing>
      <ing>
        <amt>
          <qty>2</qty>
          <unit>cups</unit></amt>
        <item>Orange juice</item></ing>
      <ing>
        <amt>
          <qty/>
          <unit/></amt>
        <item>Mint leaves</item></ing>
      <ing>
        <amt>
          <qty>6</qty>
          <unit>cups</unit></amt>
        <item>Water</item></ing>
      <ing>
        <amt>
          <qty>4</qty>
          <unit>cups</unit></amt>
        <item>Sugar</item></ing>
      <ing>
        <amt>
          <qty>5</qty>
          <unit/></amt>
        <item>Bananas, mashed</item></ing>
      <ing>
        <amt>
          <qty/>
          <unit/></amt>
        <item>7-Up to stretch it</item></ing>
      <ing>
        <amt>
          <qty>1</qty>
          <unit>package</unit></amt>
        <item>Frozen strawberries</item></ing></ingredients>
    <directions>
      <step>  Mix sugar and water. Chill. Add fruit juices. Add bananas right away. (That
  is, don't let the mashed bananas sit.) Freeze. When ready to serve, break
  up the frozen base into pieces. Add strawberries and enough 7-Up to
  stretch.
  
  From:  IT NEVER TURNS OUT THE SAME WAY COOKBOOK
       A Collection of Recipes from the Kitchen of Joyce &amp; Clem Kohl
  
  From Gemini's MASSIVE MealMaster collection at www.synapse.com/~gemini
 
</step></directions></recipe></recipeml>
