<?xml version="1.0" encoding="UTF-8"?>

<recipeml version="0.5">
  <recipe>
    <head>
      <title>7-Up Apple Dumplings</title>
      <categories>
        <cat>Breads</cat>
        <cat>Apples</cat></categories>
      <yield>10</yield></head>
    <ingredients>
      <ing>
        <amt>
          <qty>2</qty>
          <unit>cups</unit></amt>
        <item>Sugar</item></ing>
      <ing>
        <amt>
          <qty>10</qty>
          <unit/></amt>
        <item>Large apples</item></ing>
      <ing>
        <amt>
          <qty>1</qty>
          <unit>teaspoon</unit></amt>
        <item>Cinnamon</item></ing>
      <ing>
        <amt>
          <qty>1</qty>
          <unit/></amt>
        <item>Can biscuits</item></ing>
      <ing>
        <amt>
          <qty>1/2</qty>
          <unit>teaspoons</unit></amt>
        <item>Nutmeg</item></ing>
      <ing>
        <amt>
          <qty>1</qty>
          <unit>teaspoon</unit></amt>
        <item>Nutmeg</item></ing>
      <ing>
        <amt>
          <qty>1</qty>
          <unit/></amt>
        <item>Stick butter</item></ing>
      <ing>
        <amt>
          <qty>1</qty>
          <unit>teaspoon</unit></amt>
        <item>Cinnamon</item></ing>
      <ing>
        <amt>
          <qty>20</qty>
          <unit>ounces</unit></amt>
        <item>7-up</item></ing>
      <ing>
        <amt>
          <qty>12</qty>
          <unit/></amt>
        <item>Butter</item></ing></ingredients>
    <directions>
      <step>  In saucepan combine first group of sugar, cinnamon, nutmeg, butter and the
  7- up. Heat until melted, set aside. Peel and core apples, separate dough
  from 1 can biscuits. Separate and roll out each biscuit individually and
  place 1 apple in each. Combine second group of sugar, cinnamon and nutmeg.
  Sprinkle 1 tsp. of this mixture in center of each apple along with 2 T.
  butter. Fold biscuit around apple and pinch dough. Put dumplings in 9 x 13"
  pan.  Pour sauce over each dumpling. Bake at 375 degrees for 45 minutes.
  Pat Empson 05/21 07:28 am FOOD AND WINE BB TOPIC: FOOD SOFTWARE TIME: 05/21
  7:40 AM  TO:      PAT EMPSON (PFXX29A) FROM: PAT EMPSON (PFXX29A) SUBJECT:
  MM-MORE APPLES
  
  From Gemini's MASSIVE MealMaster collection at www.synapse.com/~gemini
 
</step></directions></recipe></recipeml>
