<?xml version="1.0" encoding="UTF-8"?>

<recipeml version="0.5">
  <recipe>
    <head>
      <title>7 Grain - Rice and Vegetable Salad</title>
      <categories>
        <cat>Salads</cat>
        <cat>Grains</cat></categories>
      <yield>1</yield></head>
    <ingredients>
      <ing>
        <amt>
          <qty>1</qty>
          <unit>cup</unit></amt>
        <item>Cooked AM 7 Grain Cereal cooled</item></ing>
      <ing>
        <amt>
          <qty>2</qty>
          <unit>cups</unit></amt>
        <item>AM Brown Wild Rice &amp; Herbs (Quick), cooked &amp; cooled</item></ing>
      <ing>
        <amt>
          <qty>16</qty>
          <unit>ounces</unit></amt>
        <item>Canned peas and carrots drained</item></ing>
      <ing>
        <amt>
          <qty>1/2</qty>
          <unit>cups</unit></amt>
        <item>Celery, chopped</item></ing>
      <ing>
        <amt>
          <qty>1/2</qty>
          <unit>cups</unit></amt>
        <item>Onion, chopped</item></ing>
      <ing>
        <amt>
          <qty>1/2</qty>
          <unit>cups</unit></amt>
        <item>Cucumbers, diced</item></ing>
      <ing>
        <amt>
          <qty>1/8</qty>
          <unit>cups</unit></amt>
        <item>Chopped pimientos</item></ing>
      <ing>
        <amt>
          <qty>1/2</qty>
          <unit>teaspoons</unit></amt>
        <item>Onion powder</item></ing>
      <ing>
        <amt>
          <qty>1/2</qty>
          <unit>teaspoons</unit></amt>
        <item>Garlic powder</item></ing>
      <ing>
        <amt>
          <qty/>
          <unit/></amt>
        <item>Vegetable seasoning to taste</item></ing></ingredients>
    <directions>
      <step>  Toss ingredients together with mayonnaise or salad dressing of choice.
  Chill.  Serve on a bed of alfalfa sprouts.
  
  Source: Arrowhead Mills "7 Grain Cereal Recipes" tri-fold Reprinted by
  permission of Arrowhead Mills, Inc. Electronic format courtesy of: Karen
  Mintzias
  Posted to MM-Recipes Digest  by "Robert Ellis" &lt;rpearson@snowcrest.net&gt; on
  Feb 25, 1998
 
</step></directions></recipe></recipeml>
