<?xml version="1.0" encoding="UTF-8"?>

<recipeml version="0.5">
  <recipe>
    <head>
      <title>7 Layer Salad</title>
      <categories>
        <cat>Salad dress</cat>
        <cat>Salads</cat></categories>
      <yield>10</yield></head>
    <ingredients>
      <ing>
        <amt>
          <qty>1</qty>
          <unit>large</unit></amt>
        <item>Head of iceberg lettuce; rinsed &amp; dried, torn in pieces</item></ing>
      <ing>
        <amt>
          <qty>1</qty>
          <unit>pound</unit></amt>
        <item>Fresh spinach; rinsed &amp; dried, torn in pieces</item></ing>
      <ing>
        <amt>
          <qty>1</qty>
          <unit>package</unit></amt>
        <item>(10-12-oz) frozen peas</item></ing>
      <ing>
        <amt>
          <qty>1</qty>
          <unit>large</unit></amt>
        <item>Red onion; chopped</item></ing>
      <ing>
        <amt>
          <qty>8</qty>
          <unit/></amt>
        <item>Eggs; hard cooked</item></ing>
      <ing>
        <amt>
          <qty>1</qty>
          <unit>pound</unit></amt>
        <item>Bacon; fried &amp; crumbled</item></ing>
      <ing>
        <amt>
          <qty>2</qty>
          <unit>cups</unit></amt>
        <item>Real mayonnaise</item></ing>
      <ing>
        <amt>
          <qty>8</qty>
          <unit>ounces</unit></amt>
        <item>Sour cream</item></ing>
      <ing>
        <amt>
          <qty>1</qty>
          <unit>package</unit></amt>
        <item>Hidden Valley Ranch Dressing</item></ing></ingredients>
    <directions>
      <step>  Layer first six ingredients in large salad bowl in the order given. Mix
  together mayonnaise, sour cream and Hidden Valley Ranch Dressing; spread on
  top of 6 layers. Refrigerate over night. Do not toss until ready to serve.
  
  Per serving: 366 Calories; 31g Fat (76% calories from fat); 19g Protein; 3g
  Carbohydrate; 193mg Cholesterol; 780mg Sodium
  Posted to MC-Recipe Digest V1 #1035 by Lisa Minor &lt;lisa@cybermill.com&gt; on
  Jan 23, 1998
 
</step></directions></recipe></recipeml>
