<?xml version="1.0" encoding="UTF-8"?>

<recipeml version="0.5">
  <recipe>
    <head>
      <title>7 Layer Salad (Susan's)</title>
      <categories>
        <cat>Salads</cat></categories>
      <yield>1</yield></head>
    <ingredients>
      <ing-div>
        <title/>
        <ing>
          <amt>
            <qty/>
            <unit/></amt>
          <item>Tomatoes; cut up</item></ing>
        <ing>
          <amt>
            <qty/>
            <unit/></amt>
          <item>Lettuce</item></ing>
        <ing>
          <amt>
            <qty/>
            <unit/></amt>
          <item>Cucumbers</item></ing>
        <ing>
          <amt>
            <qty/>
            <unit/></amt>
          <item>Onions</item></ing>
        <ing>
          <amt>
            <qty/>
            <unit/></amt>
          <item>Waterchestnuts; sliced</item></ing>
        <ing>
          <amt>
            <qty/>
            <unit/></amt>
          <item>Green Peas; Frozen</item></ing>
        <ing>
          <amt>
            <qty/>
            <unit/></amt>
          <item>Parmesan cheese</item></ing></ing-div>
      <ing-div>
        <title>DRESSING</title>
        <ing>
          <amt>
            <qty>1</qty>
            <unit>cup</unit></amt>
          <item>Mayonnaise</item></ing>
        <ing>
          <amt>
            <qty>1</qty>
            <unit>tablespoon</unit></amt>
          <item>Lemon juice</item></ing>
        <ing>
          <amt>
            <qty>2</qty>
            <unit>tablespoons</unit></amt>
          <item>Sugar</item></ing></ing-div>
      <ing-div>
        <title>TOPPING</title>
        <ing>
          <amt>
            <qty/>
            <unit/></amt>
          <item>Shredded cheddar cheese</item></ing>
        <ing>
          <amt>
            <qty/>
            <unit/></amt>
          <item>Bacon bits</item></ing></ing-div></ingredients>
    <directions>
      <step>  In salad bowl make seven layers starting with tomatoes and ending with
  Parmesan cheese. Mix dressing ingredients and put on top of the seven
  layers. Top with shredded cheese and bacon bits
  
  MasterCook formatted From the recipe files of Martha Hicks
  
  Recipe by: Susan
  
  Posted to TNT Recipes Digest by BLAdams96 Date: Friday, March 06, 1998 7:43
  PM on Mar 6, 1998
 
</step></directions></recipe></recipeml>
