<?xml version="1.0" encoding="UTF-8"?>

<recipeml version="0.5">
  <recipe>
    <head>
      <title>7 Layer Mexican Dip</title>
      <categories>
        <cat>Appetizers</cat>
        <cat>Sauces and</cat></categories>
      <yield>1</yield></head>
    <ingredients>
      <ing>
        <amt>
          <qty>2</qty>
          <unit>cans</unit></amt>
        <item>(Large) Refried Beans</item></ing>
      <ing>
        <amt>
          <qty>2</qty>
          <unit>cans</unit></amt>
        <item>Jalapenos, or chilies</item></ing>
      <ing>
        <amt>
          <qty>2</qty>
          <unit/></amt>
        <item>Tomatoes, or more</item></ing>
      <ing>
        <amt>
          <qty>1</qty>
          <unit/></amt>
        <item>Onion, (optional)</item></ing>
      <ing>
        <amt>
          <qty>16</qty>
          <unit>ounces</unit></amt>
        <item>Sour Cream</item></ing>
      <ing>
        <amt>
          <qty>2</qty>
          <unit/></amt>
        <item>Avacados (up To 4)</item></ing>
      <ing>
        <amt>
          <qty>2</qty>
          <unit>packages</unit></amt>
        <item>Taco Seasoning</item></ing>
      <ing>
        <amt>
          <qty/>
          <unit/></amt>
        <item>Shredded Cheese, (Mozzarlla and chedd</item></ing>
      <ing>
        <amt>
          <qty>1</qty>
          <unit>can</unit></amt>
        <item>Olives (up To 2)</item></ing></ingredients>
    <directions>
      <step>  Mix the refried beans and taco seasoning together (I also mix the chili's
  in with this, but some people put the chilis as a layer) Mix this really
  well (I used a food processor, but today I am going to use my mixer). This
  is the first layer.
  
  Put a layer of sour cream on top of the refried beans, taco seasoning and
  chilis.
  
  Next put a layer of well mixed/mushed avacados (you need enough to cover
  the pan, I use a cake pan normally) on top of everything else
  
  Next sprinkle cheeses on top (I just thought about it and I put the avacado
  first and then the sour cream, but I suppose it doesnt matter). I think the
  more cheese the better myself *grin*!
  
  Next cut up tomatoes and add as many as you like, which I like to use at
  least 2 cut up tomatoes.
  
  Last put chopped up olives.
  
  Put in the oven until the cheese is melted. I use a low heat so that
  everything else warms up.
  
  Last but not least pull out the chips and dip! Everyone really enjoys this
  dip. I hope you do too.
  
  Recipe by: Rachel Hosford Spence --ALASKA &lt;JSRKH@ACAD1.ALASKA.EDU&gt; Posted
  to MC-Recipe Digest V1 #605 by Nancy Berry &lt;nlberry@prodigy.net&gt; on May 11,
  1997
 
</step></directions></recipe></recipeml>
