<?xml version="1.0" encoding="UTF-8"?>

<recipeml version="0.5">
  <recipe>
    <head>
      <title>7 Layer Cookies</title>
      <categories>
        <cat>Cookies</cat>
        <cat>And</cat>
        <cat>Bars</cat></categories>
      <yield>4</yield></head>
    <ingredients>
      <ing>
        <amt>
          <qty>1/2</qty>
          <unit/></amt>
        <item>Stick butter</item></ing>
      <ing>
        <amt>
          <qty>1 1/2</qty>
          <unit>cups</unit></amt>
        <item>Graham cracker crumbs</item></ing>
      <ing>
        <amt>
          <qty>1</qty>
          <unit>can</unit></amt>
        <item>Eagle Brand milk</item></ing>
      <ing>
        <amt>
          <qty>6</qty>
          <unit>ounces</unit></amt>
        <item>Chocolate chips</item></ing>
      <ing>
        <amt>
          <qty>6</qty>
          <unit>ounces</unit></amt>
        <item>Butterscotch chips</item></ing>
      <ing>
        <amt>
          <qty>6</qty>
          <unit>ounces</unit></amt>
        <item>Coconut</item></ing>
      <ing>
        <amt>
          <qty>6</qty>
          <unit>ounces</unit></amt>
        <item>Nuts; chopped</item></ing></ingredients>
    <directions>
      <step>  Melt butter in bottom of 9 x 13 inch cake pan. Press graham cracker crumbs
  into pan. Pour can of Eagle Brand milk over graham cracker crumbs. Sprinkle
  chocolate chips and butterscotch chips and nuts over mixture. Sprinkle
  coconut on top. Bake at 350 degrees until coconut browns, (approximately 15
  minutes).
  
  busted by sooz
  
  Recipe by: Key Gourmet
  
  Posted to recipelu-digest by sooz &lt;kirkland@gj.net&gt; on Mar 19, 1998
 
</step></directions></recipe></recipeml>
