<?xml version="1.0" encoding="UTF-8"?>

<recipeml version="0.5">
  <recipe>
    <head>
      <title>7 Layer Casserole</title>
      <categories>
        <cat>None</cat></categories>
      <yield>1</yield></head>
    <ingredients>
      <ing>
        <amt>
          <qty>1</qty>
          <unit>cup</unit></amt>
        <item>Uncooked rice</item></ing>
      <ing>
        <amt>
          <qty>1</qty>
          <unit>can</unit></amt>
        <item>(1#) whole kernel corn; undrained</item></ing>
      <ing>
        <amt>
          <qty>1</qty>
          <unit>teaspoon</unit></amt>
        <item>Seasoned salt</item></ing>
      <ing>
        <amt>
          <qty>1/4</qty>
          <unit>teaspoons</unit></amt>
        <item>Seasoned pepper</item></ing>
      <ing>
        <amt>
          <qty>1</qty>
          <unit/></amt>
        <item>Beef bouillon cube</item></ing>
      <ing>
        <amt>
          <qty>3/4</qty>
          <unit>cups</unit></amt>
        <item>Boiling water</item></ing>
      <ing>
        <amt>
          <qty>1</qty>
          <unit>can</unit></amt>
        <item>(15oz) tomato sauce w/ tomato bits</item></ing>
      <ing>
        <amt>
          <qty>1</qty>
          <unit>teaspoon</unit></amt>
        <item>Worcestershire sauce</item></ing>
      <ing>
        <amt>
          <qty>1</qty>
          <unit>teaspoon</unit></amt>
        <item>Italian seasoning</item></ing>
      <ing>
        <amt>
          <qty>1</qty>
          <unit>cup</unit></amt>
        <item>Chopped onion</item></ing>
      <ing>
        <amt>
          <qty>1/2</qty>
          <unit>cups</unit></amt>
        <item>Each: chopped green pepper and celery</item></ing>
      <ing>
        <amt>
          <qty>1</qty>
          <unit>pound</unit></amt>
        <item>Lean ground beef</item></ing>
      <ing>
        <amt>
          <qty>1</qty>
          <unit>cup</unit></amt>
        <item>Shredded cheddar</item></ing>
      <ing>
        <amt>
          <qty>2</qty>
          <unit>tablespoons</unit></amt>
        <item>Imitation bacon bits</item></ing></ingredients>
    <directions>
      <step>  All these come from "Best Recipes from the backs of boxes, bottles, cans &amp;
  jars". Maybe the crackers could make an unusual appetizer.....
  
  In 2qt. casserole, arrange ingredients in layers in following order: Rice
  mixed well w/ corn, half the salt &amp; pepper, bouillon cube and boiling
  water. Half of tomato sauce that has been mixed w/ worcestershire sauce and
  italian seasoning. Chopped onion, green pepper and celery. Uncooked beef,
  remaining salt &amp; pepper. Remaining tomato sauce mixture. Cover tightly;
  bake at 375° for 45min. Sprinkle w/ cheese; bake, uncovered, 15min. longer.
  Top w/ bacon bits before serving. makes 4-6 servings.
  
  Posted to KitMailbox Digest  by sadrod &lt;pax@pacbell.net&gt; on Nov 23, 1997
 
</step></directions></recipe></recipeml>
