<?xml version="1.0" encoding="UTF-8"?>

<recipeml version="0.5">
  <recipe>
    <head>
      <title>7 or 9 Grain Bread (Abm)</title>
      <categories>
        <cat>Abm</cat>
        <cat>High-fiber</cat>
        <cat>Breads</cat>
        <cat>Whole wheat</cat>
        <cat>Fat free</cat></categories>
      <yield>1</yield></head>
    <ingredients>
      <ing>
        <amt>
          <qty>1 1/8</qty>
          <unit/></amt>
        <item>Water/Milk</item></ing>
      <ing>
        <amt>
          <qty>1/2</qty>
          <unit>tablespoons</unit></amt>
        <item>Fruit Juice Concentrate</item></ing>
      <ing>
        <amt>
          <qty>3</qty>
          <unit>tablespoons</unit></amt>
        <item>Honey/Maple Syrup</item></ing>
      <ing>
        <amt>
          <qty>1/3</qty>
          <unit>teaspoons</unit></amt>
        <item>Salt; (up To 3/4)</item></ing>
      <ing>
        <amt>
          <qty>1 1/2</qty>
          <unit>tablespoons</unit></amt>
        <item>Vital Gluten; (opt.) (up To 3)</item></ing>
      <ing>
        <amt>
          <qty>3/4</qty>
          <unit>cups</unit></amt>
        <item>7/9 Grain Cereal</item></ing>
      <ing>
        <amt>
          <qty>2 1/4</qty>
          <unit>cups</unit></amt>
        <item>Whole Wheat Flour</item></ing>
      <ing>
        <amt>
          <qty>1 1/2</qty>
          <unit>teaspoons</unit></amt>
        <item>Yeast</item></ing></ingredients>
    <directions>
      <step>  an easy low-rising bread - 7/9 grain cereal may be found at your HFS. ~
  Flour Equivalent 3 cups
  
  Recipe by: Fatfree Digest=20
  
  Posted to Bakery-Shoppe Digest by Linda Van Ess &lt;Fundwell@excel.net&gt; on Apr
  06, 1998
 
</step></directions></recipe></recipeml>
