<?xml version="1.0" encoding="UTF-8"?>

<recipeml version="0.5">
  <recipe>
    <head>
      <title>7 Up Cake--Charlotte Collins</title>
      <categories>
        <cat>Cakes</cat></categories>
      <yield>1</yield></head>
    <ingredients>
      <ing>
        <amt>
          <qty>3</qty>
          <unit>cups</unit></amt>
        <item>Flour</item></ing>
      <ing>
        <amt>
          <qty>3</qty>
          <unit>cups</unit></amt>
        <item>Sugar</item></ing>
      <ing>
        <amt>
          <qty>5</qty>
          <unit/></amt>
        <item>Eggs</item></ing>
      <ing>
        <amt>
          <qty>2 1/2</qty>
          <unit/></amt>
        <item>Cubes of butter</item></ing>
      <ing>
        <amt>
          <qty>1 1/4</qty>
          <unit>teaspoons</unit></amt>
        <item>Vanilla</item></ing>
      <ing>
        <amt>
          <qty>7</qty>
          <unit>ounces</unit></amt>
        <item>7 UP</item></ing></ingredients>
    <directions>
      <step>  Mix all ingredients together well and put into angel food cake pan, or a
  well greased and floured Bundt pan. Bake 1 1/4 to 1 1/2 hours at 325.
  
  Recipe by: CHARLOTTE COLLINS
  
  Posted to MC-Recipe Digest by The Meades &lt;kmeade@idsonline.com&gt; on Feb 23,
  1998
 
</step></directions></recipe></recipeml>
