<?xml version="1.0" encoding="UTF-8"?>

<recipeml version="0.5">
  <recipe>
    <head>
      <title>8 Vegetable Stew</title>
      <categories>
        <cat>Soup</cat></categories>
      <yield>4</yield></head>
    <ingredients>
      <ing>
        <amt>
          <qty>2</qty>
          <unit/></amt>
        <item>Onions</item></ing>
      <ing>
        <amt>
          <qty>2</qty>
          <unit/></amt>
        <item>Carrots</item></ing>
      <ing>
        <amt>
          <qty>2</qty>
          <unit/></amt>
        <item>Red peppers</item></ing>
      <ing>
        <amt>
          <qty>2</qty>
          <unit/></amt>
        <item>Ribs celery</item></ing>
      <ing>
        <amt>
          <qty>1</qty>
          <unit>cup</unit></amt>
        <item>Mushrooms</item></ing>
      <ing>
        <amt>
          <qty>2</qty>
          <unit/></amt>
        <item>Zucchini</item></ing>
      <ing>
        <amt>
          <qty>2</qty>
          <unit/></amt>
        <item>Tomatoes (up to)</item></ing>
      <ing>
        <amt>
          <qty>4</qty>
          <unit>tablespoons</unit></amt>
        <item>Salsa; to taste</item></ing>
      <ing>
        <amt>
          <qty>1</qty>
          <unit>package</unit></amt>
        <item>Frozen fresh green and/or yellow beans -or-</item></ing>
      <ing>
        <amt>
          <qty>1/2</qty>
          <unit>pounds</unit></amt>
        <item>Fresh</item></ing>
      <ing>
        <amt>
          <qty>1</qty>
          <unit>cup</unit></amt>
        <item>Tomato paste</item></ing>
      <ing>
        <amt>
          <qty>1</qty>
          <unit>cup</unit></amt>
        <item>Water</item></ing>
      <ing>
        <amt>
          <qty>1</qty>
          <unit>tablespoon</unit></amt>
        <item>Sugar</item></ing>
      <ing>
        <amt>
          <qty>1/4</qty>
          <unit>teaspoons</unit></amt>
        <item>Salt</item></ing></ingredients>
    <directions>
      <step>  Date: Tue, 5 Mar 1996 22:32:40 -0600 (CST)
  
  From: "Natalie Frankel" &lt;Natalie.Frankel@mixcom.com&gt;
  Larry Mayer was asking for Passover suggestions. Here are some of my
  favorites from last year.
  
  Adapted from the Passover Gourmet Cookbook
  
  Cut onions, carrots, red peppers, celery, mushrooms and zucchini into
  bite-size pieces. Saute in veggie broth for 5 mins. until still slightly
  crunchy.  Cut tomatoes into bite-size pieces and add the rest of the
  ingredients. Cover and cook for 20 minutes on simmer.
  
  This is delicious served over roasted potatoes. Serve as a vegetarian main
  dish and vegetable side dish for others.  This serves about 4 vegetarian
  entrees when served with other seder dishes. Increase or substitute
  vegetables as desired. (Note: This is my seder main dish.)
  
  FATFREE DIGEST V96 #68
  
  From the Fatfree Vegetarian recipe list.  Downloaded from Glen's MM Recipe
  Archive, http://www.erols.com/hosey.
 
</step></directions></recipe></recipeml>
