<?xml version="1.0" encoding="UTF-8"?>

<recipeml version="0.5">
  <recipe>
    <head>
      <title>9-Point Flan</title>
      <categories>
        <cat>Desserts</cat></categories>
      <yield>8</yield></head>
    <ingredients>
      <ing>
        <amt>
          <qty>1 1/4</qty>
          <unit>cups</unit></amt>
        <item>Sugar</item></ing>
      <ing>
        <amt>
          <qty>8</qty>
          <unit/></amt>
        <item>Egg yolks; or up to: Egg yolks total</item></ing>
      <ing>
        <amt>
          <qty>13</qty>
          <unit>ounces</unit></amt>
        <item>Evaporated milk</item></ing>
      <ing>
        <amt>
          <qty>2</qty>
          <unit>tablespoons</unit></amt>
        <item>Rum; or more to taste</item></ing></ingredients>
    <directions>
      <step>  In heavy skillet, slowly heat 3/4 cup sugar until melted and
  caramel-colored. Pour into 5-cup baking dish and carefully swirl to line
  dish with caramel. Set aside. Beat egg yolks with 1/2 cup sugar. Add
  evaporated milk and rum to taste and beat well. Turn custard into prepared
  baking dish. Place dish in pan of hot water and bake at 350F about 1 hour,
  or until knife inserted in center comes out clean. Cool thoroughly at room
  temperature. Unmold on serving plate.
  
  From Gemini's MASSIVE MealMaster collection at www.synapse.com/~gemini
 
</step></directions></recipe></recipeml>
