<?xml version="1.0" encoding="UTF-8"?>

<recipeml version="0.5">
  <recipe>
    <head>
      <title>90's Style Chicken Salad</title>
      <categories>
        <cat>Poultry</cat>
        <cat>1992 dccc</cat>
        <cat>Finalist</cat></categories>
      <yield>6</yield></head>
    <ingredients>
      <ing>
        <amt>
          <qty>4</qty>
          <unit/></amt>
        <item>Breasts, chicken, halves, broiler/fryer, boned, skinned</item></ing>
      <ing>
        <amt>
          <qty>4</qty>
          <unit/></amt>
        <item>Thighs, chicken, skinned, broiler/fryer type</item></ing>
      <ing>
        <amt>
          <qty>3</qty>
          <unit>cups</unit></amt>
        <item>Broth, chicken</item></ing>
      <ing>
        <amt>
          <qty>5</qty>
          <unit>teaspoons</unit></amt>
        <item>Curry powder, divided</item></ing>
      <ing>
        <amt>
          <qty>11</qty>
          <unit>ounces</unit></amt>
        <item>Oranges, mandarin, canned drained</item></ing>
      <ing>
        <amt>
          <qty>1/2</qty>
          <unit>cups</unit></amt>
        <item>Cashews, halved, unsalted</item></ing>
      <ing>
        <amt>
          <qty>1/2</qty>
          <unit>cups</unit></amt>
        <item>Dates, pitted, chopped</item></ing>
      <ing>
        <amt>
          <qty>2</qty>
          <unit>teaspoons</unit></amt>
        <item>Pepper, red, diced</item></ing>
      <ing>
        <amt>
          <qty>1</qty>
          <unit>cup</unit></amt>
        <item>Yogurt, mandarin orange</item></ing>
      <ing>
        <amt>
          <qty>1/2</qty>
          <unit>cups</unit></amt>
        <item>Mayonnaise, reduced calorie</item></ing>
      <ing>
        <amt>
          <qty>1/4</qty>
          <unit>cups</unit></amt>
        <item>Coconut, flaked</item></ing>
      <ing>
        <amt>
          <qty>1/4</qty>
          <unit>cups</unit></amt>
        <item>Chutney, finely chopped</item></ing>
      <ing>
        <amt>
          <qty/>
          <unit/></amt>
        <item>Curly lettuce cups</item></ing>
      <ing>
        <amt>
          <qty/>
          <unit/></amt>
        <item>Coconut flaked</item></ing>
      <ing>
        <amt>
          <qty/>
          <unit/></amt>
        <item>Cashews, chopped</item></ing></ingredients>
    <directions>
      <step>       Put the chicken in a deep saucepan.  Add broth and 4 teaspoons of
  the curry powder.  Cover and simmer for about 30 minutes or until the
  chicken is fork tender.
  
       Remove from the heat and allow the chicken to cool in the broth.
  When cool, separate the meat from the bones.  Discard the bones and
  broth.
  
       Cut chicken into bite-sized pieces and put it into a large bowl
  with the oranges, cashew halves, dates, and red pepper; set aside.
  
       In a small bowl, make the dressing by mixing together the yogurt,
  mayonnaise, coconut, chutney, and the remaining teaspoon of curry
  powder; blend well.
  
       Fold the yogurt dressing into the chicken-orange mixture.
  
       Arrange lettuce cups on a large platter.  Fill with salad,
  garnish with coconut and cashews.
  
       * Plain orange or lemon yogurt may be substituted.
  
       Cook:  Lynn Akers, Virginia
  
       Source: "Chicken Cookery"  - 1994 Delmarva Chicken Cooking Contest
       :       Delmarva Poultry Industries, Inc.
       :       Georgetown, Delaware, 19947-9622
  
  File ftp://ftp.idiscover.co.uk/pub/food/mealmaster/recipes/dpi.zip
 
</step></directions></recipe></recipeml>
