<?xml version="1.0" encoding="UTF-8"?>

<recipeml version="0.5">
  <recipe>
    <head>
      <title>Vodka Mixed Berry Granitas</title>
      <categories>
        <cat>Dessert</cat></categories>
      <yield>4</yield></head>
    <ingredients>
      <ing-div>
        <title>VODKA BERRIES</title>
        <ing>
          <amt>
            <qty>1</qty>
            <unit>pint</unit></amt>
          <item>Strawberries</item></ing>
        <ing>
          <amt>
            <qty>2 1/8</qty>
            <unit>pints</unit></amt>
          <item>Raspberries</item></ing>
        <ing>
          <amt>
            <qty>1</qty>
            <unit/></amt>
          <item>Orange; thinly sliced</item></ing>
        <ing>
          <amt>
            <qty>1 1/8</qty>
            <unit>pints</unit></amt>
          <item>Blackberries or blueberries</item></ing>
        <ing>
          <amt>
            <qty>1</qty>
            <unit/></amt>
          <item>Bottle (750-ml) vodka</item></ing></ing-div>
      <ing-div>
        <title>GRANITA</title>
        <ing>
          <amt>
            <qty/>
            <unit/></amt>
          <item>Berries reserved from the vodka berry recipe</item></ing>
        <ing>
          <amt>
            <qty>1/8</qty>
            <unit>pints</unit></amt>
          <item>Fresh strawberries and raspberries (up to)</item></ing>
        <ing>
          <amt>
            <qty>2</qty>
            <unit>cups</unit></amt>
          <item>Sugar</item></ing>
        <ing>
          <amt>
            <qty/>
            <unit/></amt>
          <item>Water</item></ing></ing-div></ingredients>
    <directions>
      <step>  From: esined@inforail.MV.COM (Denise Gaunt)
  
  Date: Wed, 6 Sep 1995 14:25:17 GMT
  Although the flavors differ, rum can be used in place of vodka for the
  mixed berry granita.
  
  Vodka Berries: Rinse berries and drain well.  Layer strawberries and
  raspberries in a 2-quart glass jar.  Top with orange slices and
  blackberries. Pour vodka over berries until fruit is covered, then cover
  the jar.  Save the empty vodka bottle. Let berries macerate in vodka for
  three to six days. Strain the berries from the vodka, then pour vodka back
  into the saved bottle.
  
  For the granita: Puree berries and strain through a fine mesh strainer.
  Pour strained berry juice into large measuring cup.  Measure the juice,
  then add an equal amount of water. Pour into bowl. Whisk in sugar to taste,
  at least 1+1/4 cup, and stir until dissolved. Pour into a baking pan
  measuring 9 by 13 by 2 inches and place in freezer until ice crystals form,
  about 30 minutes. Use a fork to break up frozen crystals. Continue freezing
  and stirring every 30 to 45 minutes until mixture is completely frozen and
  ice crystals are uniform in size. Scoop crystals into goblet and garnish
  with mint or extra berries. Serve immediately. Serves 4 to 6.
  
  REC.FOOD.RECIPES ARCHIVES
  
  /DESSERTS
  
  BERRIES TAKE 3-6 DAYS!
  
  From rec.food.cooking archives.  Downloaded from Glen's MM Recipe Archive,
  http://www.erols.com/hosey.
 
</step></directions></recipe></recipeml>
