<?xml version="1.0" encoding="UTF-8"?>

<recipeml version="0.5">
  <recipe>
    <head>
      <title>Vodka Punch</title>
      <categories>
        <cat>P* best</cat>
        <cat>Holiday</cat>
        <cat>Family</cat>
        <cat>Beverages</cat></categories>
      <yield>28</yield></head>
    <ingredients>
      <ing>
        <amt>
          <qty>1</qty>
          <unit>quart</unit></amt>
        <item>Cranberry juice</item></ing>
      <ing>
        <amt>
          <qty>2</qty>
          <unit>cups</unit></amt>
        <item>Vodka</item></ing>
      <ing>
        <amt>
          <qty>1</qty>
          <unit>can</unit></amt>
        <item>6 oz. frozen lemonade</item></ing>
      <ing>
        <amt>
          <qty>1 1/2</qty>
          <unit>quarts</unit></amt>
        <item>7-up; chilled (48 oz.)</item></ing></ingredients>
    <directions>
      <step>  Combine all ingredients in punch bowl. Chill with an ice ring. Makes 28 - 4
  oz. drinks.   This one can "sneak up on you." Joyce Burton...PDPP83A.
  Posted to MM-Recipes Digest V3 #283
  
  Date: Tue, 15 Oct 1996 11:15:10 -0400
  
  From: "Gary W. Griffin" &lt;wanderer@ctonline.net&gt;
 
</step></directions></recipe></recipeml>
