<?xml version="1.0" encoding="UTF-8"?>

<recipeml version="0.5">
  <recipe>
    <head>
      <title>Vodka Cured Salmon</title>
      <categories>
        <cat>None</cat></categories>
      <yield>1</yield></head>
    <ingredients>
      <ing-div>
        <title>SALMON</title>
        <ing>
          <amt>
            <qty>1</qty>
            <unit/></amt>
          <item>Side of salmon; skin on</item></ing>
        <ing>
          <amt>
            <qty>2</qty>
            <unit>pounds</unit></amt>
          <item>Kosher salt</item></ing>
        <ing>
          <amt>
            <qty>1</qty>
            <unit>pound</unit></amt>
          <item>Granulated sugar</item></ing>
        <ing>
          <amt>
            <qty>2</qty>
            <unit>bunches</unit></amt>
          <item>Tarragon; chopped</item></ing>
        <ing>
          <amt>
            <qty>1</qty>
            <unit>bunch</unit></amt>
          <item>Chervil</item></ing>
        <ing>
          <amt>
            <qty>2</qty>
            <unit>cups</unit></amt>
          <item>Chopped chives</item></ing>
        <ing>
          <amt>
            <qty>1</qty>
            <unit>liter</unit></amt>
          <item>Absolut vodka</item></ing>
        <ing>
          <amt>
            <qty>1/2</qty>
            <unit/></amt>
          <item>Box brown sugar</item></ing></ing-div>
      <ing-div>
        <title>SALAD</title>
        <ing>
          <amt>
            <qty>4</qty>
            <unit/></amt>
          <item>Radishes; diced</item></ing>
        <ing>
          <amt>
            <qty>1/2</qty>
            <unit/></amt>
          <item>Red onion; diced</item></ing>
        <ing>
          <amt>
            <qty>1</qty>
            <unit>bunch</unit></amt>
          <item>Beet tops</item></ing>
        <ing>
          <amt>
            <qty>1</qty>
            <unit>bunch</unit></amt>
          <item>Chervil</item></ing>
        <ing>
          <amt>
            <qty>2</qty>
            <unit>tablespoons</unit></amt>
          <item>Olive oil</item></ing>
        <ing>
          <amt>
            <qty>1</qty>
            <unit/></amt>
          <item>Lemon ; Juice of</item></ing>
        <ing>
          <amt>
            <qty/>
            <unit/></amt>
          <item>Salt and pepper</item></ing></ing-div></ingredients>
    <directions>
      <step>  QUENCH SHOW #Q1A03
  
  (Courtesy JUdson Grill)
  
  To make the salmon mix all ingredients, except for the salmon, and place on
  top of the salmon in a deep casserole dish. Cover with plastic wrap and
  place in another casserole with 10 pounds of weight on top of the fish. Let
  sit in the refrigerator 4 to 5 days, then remove weight. Scrape off sugar
  mixture and slice thin to serve.
  
  Mix all salad ingredients together in a bowl. Top with salmon. Unused
  salmon can be wrapped tightly on the skin for up to 1 week.
  
  Posted to recipelu-digest by molony &lt;molony@scsn.net&gt; on Mar 04, 1998
 
</step></directions></recipe></recipeml>
