<?xml version="1.0" encoding="UTF-8"?>

<recipeml version="0.5">
  <recipe>
    <head>
      <title>Vodka Sauce #3</title>
      <categories>
        <cat>Sauce</cat></categories>
      <yield>8</yield></head>
    <ingredients>
      <ing>
        <amt>
          <qty>3</qty>
          <unit>tablespoons</unit></amt>
        <item>Oil</item></ing>
      <ing>
        <amt>
          <qty>3/4</qty>
          <unit>cups</unit></amt>
        <item>Grated cheese</item></ing>
      <ing>
        <amt>
          <qty>2</qty>
          <unit/></amt>
        <item>Shallots; chopped</item></ing>
      <ing>
        <amt>
          <qty>2</qty>
          <unit>ounces</unit></amt>
        <item>Vodka</item></ing>
      <ing>
        <amt>
          <qty>1 1/2</qty>
          <unit>cups</unit></amt>
        <item>Heavy creamy</item></ing>
      <ing>
        <amt>
          <qty>2</qty>
          <unit>teaspoons</unit></amt>
        <item>Marinara sauce</item></ing>
      <ing>
        <amt>
          <qty>2</qty>
          <unit/></amt>
        <item>Egg yolks</item></ing>
      <ing>
        <amt>
          <qty>1</qty>
          <unit>tablespoon</unit></amt>
        <item>Butter</item></ing>
      <ing>
        <amt>
          <qty/>
          <unit/></amt>
        <item>Salt &amp; pepper (pinch of each)</item></ing>
      <ing>
        <amt>
          <qty/>
          <unit/></amt>
        <item>Chopped fresh parsley (pinch)</item></ing></ingredients>
    <directions>
      <step>  From: Gerald Edgerton &lt;jerrye@wizard.com&gt;
  
  Date: Tue, 07 May 1996 13:06:33 -0700
  
  Saute shallots in oil until brown.  Drain oil.  Add butter, salt, pepper,
  parsley and vodka.  Let mixture sizzle in pan 2 minutes.  Add marinara
  sauce, heavy cream and egg yolks. Saute to blend on low flame 5-10 minutes.
  Serve over your favorite pasta. Chef, Corner Galley Restaurant, Massapequa
  
  MC-RECIPE@MASTERCOOK.COM
  
  MASTERCOOK RECIPES LIST SERVER
  
  MC-RECIPE DIGEST V1 #75
  
  From the MasterCook recipe list.  Downloaded from Glen's MM Recipe Archive,
  http://www.erols.com/hosey.
 
</step></directions></recipe></recipeml>
