<?xml version="1.0" encoding="UTF-8"?>

<recipeml version="0.5">
  <recipe>
    <head>
      <title>Vodka Martini</title>
      <categories>
        <cat>Mixed drink</cat>
        <cat>Vodka</cat></categories>
      <yield>1</yield></head>
    <ingredients>
      <ing>
        <amt>
          <qty>1 1/2</qty>
          <unit>ounces</unit></amt>
        <item>Vodka</item></ing>
      <ing>
        <amt>
          <qty>1/2</qty>
          <unit>ounces</unit></amt>
        <item>Dry vermouth</item></ing>
      <ing>
        <amt>
          <qty>1</qty>
          <unit/></amt>
        <item>Green olive</item></ing>
      <ing>
        <amt>
          <qty/>
          <unit/></amt>
        <item>Cracked ice</item></ing></ingredients>
    <directions>
      <step>  Fill a mixing glass with ice. Pour in vodka and dry vermouth. Stir (or
  shake) and strain into a martini glass. Garnish with an olive.
  
  Recipe By     : Joe Robertson
  
  From:                                 Date:
  
  From Gemini's MASSIVE MealMaster collection at www.synapse.com/~gemini
 
</step></directions></recipe></recipeml>
