<?xml version="1.0" encoding="UTF-8"?>

<recipeml version="0.5">
  <recipe>
    <head>
      <title>Vodka Slush</title>
      <categories>
        <cat>Beverages</cat>
        <cat>Spirits</cat></categories>
      <yield>1</yield></head>
    <ingredients>
      <ing>
        <amt>
          <qty>7</qty>
          <unit>cups</unit></amt>
        <item>Warm water</item></ing>
      <ing>
        <amt>
          <qty>1</qty>
          <unit>cup</unit></amt>
        <item>Sugar</item></ing>
      <ing>
        <amt>
          <qty>1</qty>
          <unit>small</unit></amt>
        <item>Pkg</item></ing>
      <ing>
        <amt>
          <qty>2</qty>
          <unit>cups</unit></amt>
        <item>Strong tea -- (use 3 tea</item></ing>
      <ing>
        <amt>
          <qty/>
          <unit/></amt>
        <item>Bags)</item></ing>
      <ing>
        <amt>
          <qty>2</qty>
          <unit>small</unit></amt>
        <item>Cans</item></ing>
      <ing>
        <amt>
          <qty>2</qty>
          <unit>small</unit></amt>
        <item>Cans</item></ing>
      <ing>
        <amt>
          <qty>2</qty>
          <unit>cups</unit></amt>
        <item>Vodka</item></ing>
      <ing>
        <amt>
          <qty/>
          <unit/></amt>
        <item>Cherry jell-o</item></ing>
      <ing>
        <amt>
          <qty/>
          <unit/></amt>
        <item>Lemonade</item></ing>
      <ing>
        <amt>
          <qty/>
          <unit/></amt>
        <item>Orange juice</item></ing></ingredients>
    <directions>
      <step>  Mix all together.  Freeze 24 hours ahead of time.  Mix half  slush and half
  7-up or Sprite. ( I use 3/4 slush 1/4 sprite for thicker drink)
  
  Recipe By     : Patticara
  
  From: Love2bake@aol.Com               Date: Thu, 8 Dec 1994 14:07:56 -0500
  
  File ftp://ftp.idiscover.co.uk/pub/food/mealmaster/recipes/mmdja006.zip
 
</step></directions></recipe></recipeml>
