<?xml version="1.0" encoding="UTF-8"?>

<recipeml version="0.5">
  <recipe>
    <head>
      <title>Vodka Sauce #2</title>
      <categories>
        <cat>Sauce</cat></categories>
      <yield>8</yield></head>
    <ingredients>
      <ing>
        <amt>
          <qty>1/2</qty>
          <unit>cups</unit></amt>
        <item>Olive oil</item></ing>
      <ing>
        <amt>
          <qty>1</qty>
          <unit/></amt>
        <item>Shallot; minced fine</item></ing>
      <ing>
        <amt>
          <qty>1</qty>
          <unit/></amt>
        <item>Clove garlic; minced fine</item></ing>
      <ing>
        <amt>
          <qty>1</qty>
          <unit>dash</unit></amt>
        <item>Crushed red pepper flakes</item></ing>
      <ing>
        <amt>
          <qty>1/3</qty>
          <unit>cups</unit></amt>
        <item>Vodka</item></ing>
      <ing>
        <amt>
          <qty>8</qty>
          <unit>ounces</unit></amt>
        <item>Tomato sauce</item></ing>
      <ing>
        <amt>
          <qty>1</qty>
          <unit>pint</unit></amt>
        <item>Heavy cream</item></ing></ingredients>
    <directions>
      <step>  From: Gerald Edgerton &lt;jerrye@wizard.com&gt;
  
  Date: Tue, 07 May 1996 13:06:33 -0700
  
  Heat oil in saucepan.  Add first 3 ingredients.  Saute until golden and
  soft. Add vodka. Simmer until alcohol dissipates, about 3 minutes. Add
  tomato sauce, stir. Simmer over low flame, about 10 minutes. Set aside.
  Before serving, microwave cream until warm. Do not boil. Add warm cream
  slowly to hot tomato sauce. Stir constantly. Serve over hot, drained penne
  or rigatoni. Parmesan is optional
  
  MC-RECIPE@MASTERCOOK.COM
  
  MASTERCOOK RECIPES LIST SERVER
  
  MC-RECIPE DIGEST V1 #75
  
  From the MasterCook recipe list.  Downloaded from Glen's MM Recipe Archive,
  http://www.erols.com/hosey.
 
</step></directions></recipe></recipeml>
