<?xml version="1.0" encoding="UTF-8"?>

<recipeml version="0.5">
  <recipe>
    <head>
      <title>Vodka Fettucine</title>
      <categories>
        <cat>Italian</cat>
        <cat>Pasta</cat></categories>
      <yield>6</yield></head>
    <ingredients>
      <ing>
        <amt>
          <qty>1</qty>
          <unit>cup</unit></amt>
        <item>Heavy cream</item></ing>
      <ing>
        <amt>
          <qty>1</qty>
          <unit>pound</unit></amt>
        <item>Spinach fettucini; cooked as directed</item></ing>
      <ing>
        <amt>
          <qty>1</qty>
          <unit>medium</unit></amt>
        <item>Onion; chopped</item></ing>
      <ing>
        <amt>
          <qty>4</qty>
          <unit>tablespoons</unit></amt>
        <item>Butter</item></ing>
      <ing>
        <amt>
          <qty>16</qty>
          <unit>ounces</unit></amt>
        <item>Tomato; drained</item></ing>
      <ing>
        <amt>
          <qty>8</qty>
          <unit>ounces</unit></amt>
        <item>Tomato sauce</item></ing>
      <ing>
        <amt>
          <qty>2/3</qty>
          <unit>cups</unit></amt>
        <item>Vodka</item></ing>
      <ing>
        <amt>
          <qty>1/4</qty>
          <unit>pounds</unit></amt>
        <item>Prosciutto (or ham); diced</item></ing>
      <ing>
        <amt>
          <qty>1</qty>
          <unit>cup</unit></amt>
        <item>Frozen green peas; thawed</item></ing>
      <ing>
        <amt>
          <qty/>
          <unit/></amt>
        <item>Parmesan cheese; to taste</item></ing>
      <ing>
        <amt>
          <qty/>
          <unit/></amt>
        <item>Locatelli cheese, grated; to taste</item></ing></ingredients>
    <directions>
      <step>  Cook pasta.  Meanwhile, over med. heat, cook onion in hot butter until
  tender, about 5 minutes.  Blend in cream--heat just to boiling.
  
  Add remeaining ingredients and heat through.  Toss with the hot, drained
  pasta.
  
  Serve with the cheese sprinkled over.
  NOTES : Copied by Tom Shunick
 
</step></directions></recipe></recipeml>
