<?xml version="1.0" encoding="UTF-8"?>

<recipeml version="0.5">
  <recipe>
    <head>
      <title>Vodka Rose</title>
      <categories>
        <cat>Bev/alcohol</cat></categories>
      <yield>1</yield></head>
    <ingredients>
      <ing>
        <amt>
          <qty>2</qty>
          <unit/></amt>
        <item>Parts vodka</item></ing>
      <ing>
        <amt>
          <qty>1</qty>
          <unit/></amt>
        <item>Part cranberry liqueur</item></ing>
      <ing>
        <amt>
          <qty/>
          <unit/></amt>
        <item>Juice of 1/2 lime</item></ing></ingredients>
    <directions>
      <step>  combine all ingredients. shake with crushed ice. strain into cocktail
  glasses.
  Posted to MM-Recipes Digest V3 #330
  
  From: l.and-e.smith@juno.com (Lois Smith)
  
  Date: Mon, 2 Dec 1996 09:47:28 PST
 
</step></directions></recipe></recipeml>
