<?xml version="1.0" encoding="UTF-8"?>

<recipeml version="0.5">
  <recipe>
    <head>
      <title>Volcano House Scampi</title>
      <categories>
        <cat>Famous eate</cat>
        <cat>Seafood</cat></categories>
      <yield>1</yield></head>
    <ingredients>
      <ing>
        <amt>
          <qty>8</qty>
          <unit>tablespoons</unit></amt>
        <item>Butter</item></ing>
      <ing>
        <amt>
          <qty>7</qty>
          <unit/></amt>
        <item>Pieces shrimp/per person; shelled &amp; deveined</item></ing>
      <ing>
        <amt>
          <qty>1</qty>
          <unit>cup</unit></amt>
        <item>Fresh mushrooms/per person</item></ing>
      <ing>
        <amt>
          <qty>1</qty>
          <unit>tablespoon</unit></amt>
        <item>(heap) tomato cubes</item></ing>
      <ing>
        <amt>
          <qty>1</qty>
          <unit>tablespoon</unit></amt>
        <item>Parsley</item></ing>
      <ing>
        <amt>
          <qty>1</qty>
          <unit>tablespoon</unit></amt>
        <item>(heap) garlic; chopped fine</item></ing>
      <ing>
        <amt>
          <qty/>
          <unit/></amt>
        <item>Salt and pepper; to taste</item></ing>
      <ing>
        <amt>
          <qty/>
          <unit/></amt>
        <item>Splash wine</item></ing></ingredients>
    <directions>
      <step>  Heat 4 tablespoons butter in pan; do not burn. Add mushrooms, and saute
  with garlic. Add tomatoes, salt pepper, parsley and wine. In a second pan
  heat 4 tablespoons of butter; add shrimp. DO NOT OVERCOOK. When shrimps are
  cooked, mix with mushrooms and tomatoes.
  
  Me ke aloha, Mary
  
  Serving Ideas : Serve with Mushroom and Watercress Salad
  
  NOTES : E hele mai oukou e ai!  (Come and eat!)
  
  Recipe by: Volcano House, Hawaii
  
  Posted to TNT Recipes Digest, Vol 01, Nr 966 by MarySpero@prodigy.com (MS
  MARY E SPERO) on Jan 26, 1998
 
</step></directions></recipe></recipeml>
