<?xml version="1.0" encoding="UTF-8"?>

<recipeml version="0.5">
  <recipe>
    <head>
      <title>Volcano</title>
      <categories>
        <cat>Children</cat>
        <cat>Kooknet</cat>
        <cat>Cyberealm</cat></categories>
      <yield>6</yield></head>
    <ingredients>
      <ing>
        <amt>
          <qty/>
          <unit/></amt>
        <item>Clay -- modeling</item></ing>
      <ing>
        <amt>
          <qty>1</qty>
          <unit>teaspoon</unit></amt>
        <item>Baking soda</item></ing>
      <ing>
        <amt>
          <qty/>
          <unit/></amt>
        <item>Food coloring -- red</item></ing>
      <ing>
        <amt>
          <qty>1</qty>
          <unit>teaspoon</unit></amt>
        <item>Vinegar</item></ing></ingredients>
    <directions>
      <step>  My favorite kiddy project is the classic baking soda and vinegar volcano.
  Make a volcano out of play doh or modeling clay. In the crater put baking
  soda and perhaps a little red food coloring. To display, pour vinegar in it
  and watch it erupt!
  
  Recipe By     :
  
  From Gemini's MASSIVE MealMaster collection at www.synapse.com/~gemini
 
</step></directions></recipe></recipeml>
