<?xml version="1.0" encoding="UTF-8"?>

<recipeml version="0.5">
  <recipe>
    <head>
      <title>Voluptous Veal with Rigatoni</title>
      <categories>
        <cat>Meat</cat></categories>
      <yield>4</yield></head>
    <ingredients>
      <ing>
        <amt>
          <qty>6</qty>
          <unit>tablespoons</unit></amt>
        <item>Unsalted butter</item></ing>
      <ing>
        <amt>
          <qty>1</qty>
          <unit>medium</unit></amt>
        <item>Onion; chopped</item></ing>
      <ing>
        <amt>
          <qty>1/4</qty>
          <unit>cups</unit></amt>
        <item>Minced shallots</item></ing>
      <ing>
        <amt>
          <qty>1/2</qty>
          <unit>cups</unit></amt>
        <item>Dry white wine</item></ing>
      <ing>
        <amt>
          <qty>2</qty>
          <unit>cups</unit></amt>
        <item>Whipping cream</item></ing>
      <ing>
        <amt>
          <qty>1</qty>
          <unit>tablespoon</unit></amt>
        <item>Freshly cracked black pepper</item></ing>
      <ing>
        <amt>
          <qty>2</qty>
          <unit>tablespoons</unit></amt>
        <item>Chopped fresh basil -or-</item></ing>
      <ing>
        <amt>
          <qty>1</qty>
          <unit>tablespoon</unit></amt>
        <item>Dried leaf basil</item></ing>
      <ing>
        <amt>
          <qty>1 1/4</qty>
          <unit>pounds</unit></amt>
        <item>Veal for scaloppine; cut in 4 slices; pounded thin</item></ing>
      <ing>
        <amt>
          <qty>8</qty>
          <unit>ounces</unit></amt>
        <item>Dried rigatoni</item></ing>
      <ing>
        <amt>
          <qty>2</qty>
          <unit>tablespoons</unit></amt>
        <item>Olive oil</item></ing>
      <ing>
        <amt>
          <qty>1/2</qty>
          <unit>pounds</unit></amt>
        <item>Lean; heavily smoked country bacon; cut in 1/2" pieces, crisply cooked &amp; drained</item></ing>
      <ing>
        <amt>
          <qty>1/4</qty>
          <unit>cups</unit></amt>
        <item>Dijon-style mustard</item></ing>
      <ing>
        <amt>
          <qty/>
          <unit/></amt>
        <item>Liquid hot-pepper sauce</item></ing>
      <ing>
        <amt>
          <qty>2</qty>
          <unit>tablespoons</unit></amt>
        <item>Finely chopped parsley</item></ing></ingredients>
    <directions>
      <step>  Melt 2 Tbs butter in heavy skillet. Add onion &amp; shallots &amp; cook until
  lightly browned. Stir in wine; simmer until mixture reduced by 1/3. Add
  cream, bring to a simmer &amp; cook until slightly thickened. Set aside. Pound
  pepper &amp; basil into veal slices. In another skillet, melt remaining 1/4 cup
  butter; add veal &amp; cook until lightly browned on both sides, turning once.
  Lift out, reserve pan juices; keep warm on platter in 250-degree oven. Cook
  pasta according to package directions just until tender to bite. Drain,
  return to cooking pan. Add bacon &amp; cover pan. Reheat cream sauce, add
  mustard, reserved pan juices from veal &amp; hotpepper sauce, if desired. Taste
  &amp; adjust seasonings. Add sauce to pasta &amp; toss until well coated. Remove
  platter from oven; transfer veal to another dish temporarily. Place pasta
  mixture in center of platter, then encircle with veal. Sprinkle pasta over
  center of pasta. Serve with additional hot-pepper sauce, if desired. Makes
        4    servings.
  
  From the &lt;Hotter Than Hell!&gt;, by Jane Butel, ISBN 0-89586-646-3
  (0-89586-542-4 paperback).  Downloaded from Glen's MM Recipe Archive,
  http://www.erols.com/hosey.
 
</step></directions></recipe></recipeml>
