<?xml version="1.0" encoding="UTF-8"?>

<recipeml version="0.5">
  <recipe>
    <head>
      <title>Voluminous Peach Cobbler</title>
      <categories>
        <cat>Desserts</cat>
        <cat>Pies</cat>
        <cat>Fruits</cat></categories>
      <yield>1 9</yield></head>
    <ingredients>
      <ing-div>
        <title>CRUST</title>
        <ing>
          <amt>
            <qty>1</qty>
            <unit>cup</unit></amt>
          <item>Shredded coconut</item></ing></ing-div>
      <ing-div>
        <title>FILLING</title>
        <ing>
          <amt>
            <qty>1</qty>
            <unit>cup</unit></amt>
          <item>Dried peaches, soaked 1 hr in 1/2 c water</item></ing>
        <ing>
          <amt>
            <qty>1</qty>
            <unit>cup</unit></amt>
          <item>Pitted dates, soaked 1 hr in 1/2 c water</item></ing>
        <ing>
          <amt>
            <qty>5</qty>
            <unit>medium</unit></amt>
          <item>Bananas, peeled</item></ing>
        <ing>
          <amt>
            <qty>1/2</qty>
            <unit>cups</unit></amt>
          <item>Shredded coconut</item></ing>
        <ing>
          <amt>
            <qty>12</qty>
            <unit/></amt>
          <item>Fresh peaches, pits removed</item></ing>
        <ing>
          <amt>
            <qty>2</qty>
            <unit>cups</unit></amt>
          <item>Black raspberries</item></ing>
        <ing>
          <amt>
            <qty>2</qty>
            <unit>teaspoons</unit></amt>
          <item>Grated lemon peel</item></ing></ing-div></ingredients>
    <directions>
      <step>  CRUST: Sprinkle coconut evenly over the bottom of a 9" X 12" pan. FILLING:
  Drain the soaked fruit, reserving the water. Puree the soaked peaches in a
  food processor or a blender, adding a little soak water as necessary. Pour
  into a large bowl.  Mash in the bananas &amp; coconut with a fork. Spread this
  over the crust. Slice the fresh peaches &amp; scatter over the top. Blend 1 1/2
  c berries with dates &amp; lemon peel in a food processor or blender until
  smooth.  Mix in the remaining berries. Pour over the top of the pie &amp;
  spread evenly. Serve immediately. VARIATION: Substitute black raspberries
  with strawberries &amp; slice those that are not blended before mixing in.
 
</step></directions></recipe></recipeml>
