<?xml version="1.0" encoding="UTF-8"?>

<recipeml version="0.5">
  <recipe>
    <head>
      <title>Vomit Dip</title>
      <categories>
        <cat>None</cat></categories>
      <yield>1</yield></head>
    <ingredients>
      <ing>
        <amt>
          <qty>2</qty>
          <unit>cups</unit></amt>
        <item>Cottage cheese</item></ing>
      <ing>
        <amt>
          <qty>1</qty>
          <unit/></amt>
        <item>Onion soup mix</item></ing>
      <ing>
        <amt>
          <qty>1/4</qty>
          <unit>cups</unit></amt>
        <item>Milk</item></ing>
      <ing>
        <amt>
          <qty/>
          <unit/></amt>
        <item>Yellow food coloring</item></ing></ingredients>
    <directions>
      <step>  ....makes about 2 cups
  
  This recipe was sent in to us by Cindy Brunell of Franklin, Mass. Thanks
  Cindy, it sounds...well..  like it looks pretty disgusting. Perfect!
  
  In a small bowl, mix the cottage cheese, onion soup mix and milk.  Stir in
  some food coloring until you get the desired yellowish color.  Do not
  over-mix!  Lumpy is more realistic!  Arrange your vegetables or crackers on
  a platter surrounding the Vomit Dip.
  Posted to Recipe Page 20 October 96
  
  Date: Sun, 20 Oct 1996 11:58:53 +0600
  
  From: Gourmet Connection &lt;capco@norwich.net&gt;
 
</step></directions></recipe></recipeml>
