<?xml version="1.0" encoding="UTF-8"?>

<recipeml version="0.5">
  <recipe>
    <head>
      <title>Vongole Ripiene (Baked Stuffed Littleneck Cla</title>
      <categories>
        <cat>Appetizers</cat>
        <cat>Seafood</cat></categories>
      <yield>8</yield></head>
    <ingredients>
      <ing>
        <amt>
          <qty>16</qty>
          <unit/></amt>
        <item>Clams; littleneck</item></ing>
      <ing>
        <amt>
          <qty/>
          <unit/></amt>
        <item>Or mussels</item></ing>
      <ing>
        <amt>
          <qty>1/2</qty>
          <unit>cups</unit></amt>
        <item>Bread crumbs</item></ing>
      <ing>
        <amt>
          <qty>1/2</qty>
          <unit>teaspoons</unit></amt>
        <item>Dried oregano</item></ing>
      <ing>
        <amt>
          <qty>1</qty>
          <unit>tablespoon</unit></amt>
        <item>Italian parsley; minced</item></ing>
      <ing>
        <amt>
          <qty>2</qty>
          <unit>tablespoons</unit></amt>
        <item>Parmesan cheese; freshly gra</item></ing>
      <ing>
        <amt>
          <qty/>
          <unit/></amt>
        <item>Or pecorino</item></ing>
      <ing>
        <amt>
          <qty>3</qty>
          <unit>tablespoons</unit></amt>
        <item>Olive oil; good quality</item></ing>
      <ing>
        <amt>
          <qty>4</qty>
          <unit>tablespoons</unit></amt>
        <item>Dry white wine; or vermouth</item></ing>
      <ing>
        <amt>
          <qty/>
          <unit/></amt>
        <item>Salt and pepper; freshly gro</item></ing>
      <ing>
        <amt>
          <qty/>
          <unit/></amt>
        <item>Or hot pepper flakes; to tas</item></ing></ingredients>
    <directions>
      <step>  Recipe by: Christmas Memories with Recipes (Edward Giobbi) Inspect the
  clams and discard any clam that is not completely closed or doe not close
  when dropped into cold water. Open the clams, loosen each one fr its shell,
  and reserve its liquid.  Discard the top shells. Place clams on the half
  shell on a baking sheet. Combine the breadcrumbs, oregano, parsley cheese,
  olive oil, 2 tablespoons of the wine, and salt and pepper to taste, and
  sprinkle a generous amount of the stuffing over the top of each clam.
  Strain the reserved clam juice and sprinkle it over the stuffing. Pour the
  remaining 2 tablespoons of wine into the bottom of the baking sheet. Prehea
  the broiler for about 5 minutes. Then broil the clams under high heat unti
  the breadcrumbs begin to brown.  Pour the liquid in the baking sheet over t
  clams and serve immediately.
  
  From Gemini's MASSIVE MealMaster collection at www.synapse.com/~gemini
 
</step></directions></recipe></recipeml>
