<?xml version="1.0" encoding="UTF-8"?>

<recipeml version="0.5">
  <recipe>
    <head>
      <title>Vongole 'reganate (Baked Clams with Oregano)</title>
      <categories>
        <cat>Italian</cat>
        <cat>Main</cat>
        <cat>Dish</cat></categories>
      <yield>6</yield></head>
    <ingredients>
      <ing>
        <amt>
          <qty>32</qty>
          <unit/></amt>
        <item>To 36</item></ing>
      <ing>
        <amt>
          <qty>6</qty>
          <unit>tablespoons</unit></amt>
        <item>Chopped Parsley</item></ing>
      <ing>
        <amt>
          <qty>6</qty>
          <unit/></amt>
        <item>Cloves Garlic -- minced</item></ing>
      <ing>
        <amt>
          <qty>1/4</qty>
          <unit>cups</unit></amt>
        <item>Grated Parmesan Cheese</item></ing>
      <ing>
        <amt>
          <qty>1</qty>
          <unit>tablespoon</unit></amt>
        <item>Oregano</item></ing>
      <ing>
        <amt>
          <qty/>
          <unit/></amt>
        <item>Fresh Ground Pepper</item></ing>
      <ing>
        <amt>
          <qty>1/4</qty>
          <unit>cups</unit></amt>
        <item>Olive Oil</item></ing>
      <ing>
        <amt>
          <qty>1/2</qty>
          <unit>cups</unit></amt>
        <item>Dry Bread Crumbs</item></ing>
      <ing>
        <amt>
          <qty/>
          <unit/></amt>
        <item>Clams -- hard-shelled</item></ing></ingredients>
    <directions>
      <step>  Scrub the clams with a stiff brush and place them a deep pot with a tight
  lid. Pour in enough water to come 1 inch up the sides of the pot. Cover
  tightly and steam over medium heat just until the shells open slightly.
  Meanwhile, combine the parsley, garlic, parmesan cheese, oregano and
  pepper. Discard the top shells and arrange the clams in a baking dish.
  Divide the cheese mixtureamong the clams, sprinkle with oil and cover with
  bread crumbs. Bake in a 425 F oven 10 minutes and serve very hot.
  
  From Gemini's MASSIVE MealMaster collection at www.synapse.com/~gemini
 
</step></directions></recipe></recipeml>
