<?xml version="1.0" encoding="UTF-8"?>

<recipeml version="0.5">
  <recipe>
    <head>
      <title>Voodoo Punch</title>
      <categories>
        <cat>Drinks</cat>
        <cat>Alcohol</cat></categories>
      <yield>32</yield></head>
    <ingredients>
      <ing>
        <amt>
          <qty>3/4</qty>
          <unit>cups</unit></amt>
        <item>Packed light brown sugar</item></ing>
      <ing>
        <amt>
          <qty>1</qty>
          <unit/></amt>
        <item>3-inch piece fresh ginger</item></ing>
      <ing>
        <amt>
          <qty>2</qty>
          <unit>tablespoons</unit></amt>
        <item>Peppercorns, whole</item></ing>
      <ing>
        <amt>
          <qty>1</qty>
          <unit>tablespoon</unit></amt>
        <item>Allspice, whole</item></ing>
      <ing>
        <amt>
          <qty>4</qty>
          <unit/></amt>
        <item>Cinnamon sticks</item></ing>
      <ing>
        <amt>
          <qty>2</qty>
          <unit>cups</unit></amt>
        <item>Water</item></ing>
      <ing>
        <amt>
          <qty>1</qty>
          <unit/></amt>
        <item>Large block of ice</item></ing>
      <ing>
        <amt>
          <qty>26</qty>
          <unit>ounces</unit></amt>
        <item>Dark Caribbean rum</item></ing>
      <ing>
        <amt>
          <qty>26</qty>
          <unit>ounces</unit></amt>
        <item>Vodka</item></ing>
      <ing>
        <amt>
          <qty>2</qty>
          <unit>cups</unit></amt>
        <item>Orange juice</item></ing>
      <ing>
        <amt>
          <qty>1/2</qty>
          <unit>cups</unit></amt>
        <item>Pineapple juice</item></ing>
      <ing>
        <amt>
          <qty>10</qty>
          <unit/></amt>
        <item>Flowers, see note</item></ing>
      <ing>
        <amt>
          <qty>10</qty>
          <unit/></amt>
        <item>Lemon slices</item></ing></ingredients>
    <directions>
      <step>  Peel ginger and slice thinly.  In a 1-quart saucepan, combine brown sugar,
  ginger, peppercorns, allspice, cinnamon sticks and water. Bring to boil;
  then reduce heat and simmer, uncovered, 30 minutes. Strain, discarding
  spices; chill.  If made ahead, set aside until ready to use. To prepare
  punch for serving place ice block (should be 2 quarts) in punch bowl. Add
  chilled syrup, rum, vodka, orange juice and pineapple juice. Taste and add
  more juices, if desired. Poke stem of each flower through the center of a
  lemon slice; float slices atop punch.  Serve each drink over ice cubes.
  
  A few notes:  I find this recipe a little sweet, so I add the juice of a
  lemon or two before serving.  The flowers that the recipe suggests are
  daisies or hibiscus. It then suggests "other flowers" but this is something
  to be really careful about, since the first time I served this punch some
  idiot decided to try the flowers! (takes all kinds). This is a really good
  for a hot summer night (yes we do get them in Canada) - very potent punch.
  
  Source:   Hotter than Hell, Jane Butel Unsolicited Comments: Anne Sheresky
  (sheresky@worldchat.com)
  
  From Gemini's MASSIVE MealMaster collection at www.synapse.com/~gemini
 
</step></directions></recipe></recipeml>
