<?xml version="1.0" encoding="UTF-8"?>

<recipeml version="0.5">
  <recipe>
    <head>
      <title>Voodoo's Mojo Salsa</title>
      <categories>
        <cat>Salsa</cat></categories>
      <yield>1</yield></head>
    <ingredients>
      <ing>
        <amt>
          <qty>4</qty>
          <unit>cans</unit></amt>
        <item>Delmonte Mexican Style Tomatoes</item></ing>
      <ing>
        <amt>
          <qty>1/2</qty>
          <unit/></amt>
        <item>Onion Use a whole one if they are small</item></ing>
      <ing>
        <amt>
          <qty>4</qty>
          <unit/></amt>
        <item>Sweet banana peppers</item></ing>
      <ing>
        <amt>
          <qty>1</qty>
          <unit/></amt>
        <item>Yellow bell pepper</item></ing>
      <ing>
        <amt>
          <qty>2</qty>
          <unit/></amt>
        <item>Habanero peppers You can add more if you are Jonesing!</item></ing>
      <ing>
        <amt>
          <qty>1/2</qty>
          <unit>teaspoons</unit></amt>
        <item>Garlic powder</item></ing>
      <ing>
        <amt>
          <qty>2</qty>
          <unit>teaspoons</unit></amt>
        <item>Sugar, To take the bite out of the tomatoes. OPTIONAL</item></ing>
      <ing>
        <amt>
          <qty>1/2</qty>
          <unit>teaspoons</unit></amt>
        <item>Salt</item></ing>
      <ing>
        <amt>
          <qty>1/4</qty>
          <unit>teaspoons</unit></amt>
        <item>Cumin, Don't over do it. The tomatoes already have some in them</item></ing>
      <ing>
        <amt>
          <qty>15</qty>
          <unit/></amt>
        <item>Sprigs FRESH cilantro</item></ing></ingredients>
    <directions>
      <step>  Place all ingredients except the tomatoes in food processor, add enough
  tomatoes to make it blend well. Chop it up fine. (If your food processor is
  small, you may have to do it in batches.) Pour it all in a large Tupperware
  container. Add the rest of the tomatoes, after mushing them up by hand to
  get the desired consistancy. Stir well. This stuff gets better the next
  day. This recipe makes a couple of quarts. It lasts me about a week. It
  keeps well for that long in the refridgerator. Hope you enjoy it! Voodoo
  TCS Mystic Fire Priest
  
  Posted to CHILE-HEADS DIGEST V3 #309 by Walt Gray &lt;waltgray@mnsinc.com&gt; on
  Apr 29, 1997
 
</step></directions></recipe></recipeml>
