<?xml version="1.0" encoding="UTF-8"?>

<recipeml version="0.5">
  <recipe>
    <head>
      <title>Wacky Cake</title>
      <categories>
        <cat>None</cat></categories>
      <yield>1</yield></head>
    <ingredients>
      <ing>
        <amt>
          <qty>3</qty>
          <unit>cups</unit></amt>
        <item>Flour</item></ing>
      <ing>
        <amt>
          <qty>6</qty>
          <unit>tablespoons</unit></amt>
        <item>Cocoa; (3/8 cup) Let me know how you measure 3/8 of a cup</item></ing>
      <ing>
        <amt>
          <qty>2</qty>
          <unit>cups</unit></amt>
        <item>Sugar</item></ing>
      <ing>
        <amt>
          <qty>2</qty>
          <unit>teaspoons</unit></amt>
        <item>Baking soda</item></ing>
      <ing>
        <amt>
          <qty>1</qty>
          <unit>teaspoon</unit></amt>
        <item>Salt</item></ing>
      <ing>
        <amt>
          <qty>10</qty>
          <unit>tablespoons</unit></amt>
        <item>Vinegar</item></ing>
      <ing>
        <amt>
          <qty>2</qty>
          <unit>tablespoons</unit></amt>
        <item>Vanilla</item></ing>
      <ing>
        <amt>
          <qty>2 1/2</qty>
          <unit>cups</unit></amt>
        <item>Water</item></ing>
      <ing>
        <amt>
          <qty>4</qty>
          <unit>ounces</unit></amt>
        <item>Unsweetened chocolate</item></ing>
      <ing>
        <amt>
          <qty/>
          <unit/></amt>
        <item>L/2 cup butter</item></ing>
      <ing>
        <amt>
          <qty>4</qty>
          <unit>cups</unit></amt>
        <item>Tiny marshmallows</item></ing>
      <ing>
        <amt>
          <qty>3</qty>
          <unit>cups</unit></amt>
        <item>Confectioners sugar; (up to 3-1/2)</item></ing>
      <ing>
        <amt>
          <qty>1</qty>
          <unit>cup</unit></amt>
        <item>Nuts</item></ing>
      <ing>
        <amt>
          <qty>2</qty>
          <unit>teaspoons</unit></amt>
        <item>Vanilla</item></ing></ingredients>
    <directions>
      <step>  This recipe is from the "Bach's Lunch" cookbook that I bought from Arlene
  when she collected some used cook books. For those of you who know me at
  all will not be surprised at the name of the cake because I fit right in
  there with it.
  
  Sift first five ingredients into a 9" x 13" cake pan. Mix next three
  ingredients together and add to pan. Pour 2 cups water into pan and stir
  until well blended. Bake at 350 for 25 to 30 minutes.
  
  To prepare frosting: combine chocolate, l/2 cup water, butter and 2-1/2
  cups marshmallows. Stir over low heat until well blended. Cool slightly.
  Add sugar gradually and beat with wooden spoon until smooth. Add remaining
  marshmallows, nuts and vanilla. Frost cake right in the pan.
  
  Recipe from Lou Ann Wait
  
  Posted to TNT Recipes Digest by ellenmirvine@juno.com (Ellen M Irvine) on
  Feb 20, 1998
 
</step></directions></recipe></recipeml>
