<?xml version="1.0" encoding="UTF-8"?>

<recipeml version="0.5">
  <recipe>
    <head>
      <title>Wacky Cupcakes</title>
      <categories>
        <cat>Diabetic</cat>
        <cat>Cakes</cat>
        <cat>Desserts</cat></categories>
      <yield>12</yield></head>
    <ingredients>
      <ing>
        <amt>
          <qty>1 1/2</qty>
          <unit>cups</unit></amt>
        <item>Cake flour</item></ing>
      <ing>
        <amt>
          <qty>1/4</qty>
          <unit>cups</unit></amt>
        <item>Sugar</item></ing>
      <ing>
        <amt>
          <qty>1</qty>
          <unit>teaspoon</unit></amt>
        <item>Baking soda</item></ing>
      <ing>
        <amt>
          <qty>1/2</qty>
          <unit>teaspoons</unit></amt>
        <item>Salt</item></ing>
      <ing>
        <amt>
          <qty>1</qty>
          <unit>cup</unit></amt>
        <item>Water @ room temperature</item></ing>
      <ing>
        <amt>
          <qty/>
          <unit/></amt>
        <item>Liquid sugar substiture</item></ing>
      <ing>
        <amt>
          <qty/>
          <unit/></amt>
        <item>Equal to 1/2 cup sugar</item></ing>
      <ing>
        <amt>
          <qty>1</qty>
          <unit>tablespoon</unit></amt>
        <item>Vinegar</item></ing>
      <ing>
        <amt>
          <qty>2</qty>
          <unit>teaspoons</unit></amt>
        <item>Vanilla</item></ing>
      <ing>
        <amt>
          <qty>1/2</qty>
          <unit>cups</unit></amt>
        <item>Vegetable oil</item></ing></ingredients>
    <directions>
      <step>  Place flour, sugar, cocoa, soda, and salt in mixer bowl and mix at low
  speed to blend.
  Beat together remaining ingredients with a fork to blend.  Add all at
  once to dry ingredients and beat at medium speed until smooth.
  Paper-line 12 muffin tins or grease with margarine and flour.  Fill
  muffin tins about 1/2 full and bake at 350 degrees for about 30
  minutes, or until a cake tester comes out clean from the center of
  the cupcake.  Server 1 cupcake per serving.
  Food Exchange per serving: 1 BREAD EXCHANGE + 2 FAT EXCHANGE; CAL:
  158; CHO: 17gm; PRO: 2gm; FAT: 10gm
  
  Source: From The New Diabetic Cookbook by Mabel Cavaiani
  Brought to you and yours via Nancy O'Brion and her Meal-Master.
  
  File ftp://ftp.idiscover.co.uk/pub/food/mealmaster/recipes/diabetic.zip
 
</step></directions></recipe></recipeml>
