<?xml version="1.0" encoding="UTF-8"?>

<recipeml version="0.5">
  <recipe>
    <head>
      <title>Wacky Chocolate Cake</title>
      <categories>
        <cat>Cakes</cat>
        <cat>Diabetic</cat>
        <cat>Low-fat</cat>
        <cat>Low-cal</cat></categories>
      <yield>9</yield></head>
    <ingredients>
      <ing>
        <amt>
          <qty>1 1/2</qty>
          <unit>cups</unit></amt>
        <item>Cake flour</item></ing>
      <ing>
        <amt>
          <qty>1/4</qty>
          <unit>cups</unit></amt>
        <item>Cocoa</item></ing>
      <ing>
        <amt>
          <qty>2</qty>
          <unit>tablespoons</unit></amt>
        <item>Granulated sugar replacement</item></ing>
      <ing>
        <amt>
          <qty>1</qty>
          <unit>teaspoon</unit></amt>
        <item>Baking soda</item></ing>
      <ing>
        <amt>
          <qty>1/2</qty>
          <unit>teaspoons</unit></amt>
        <item>Salt</item></ing>
      <ing>
        <amt>
          <qty>1</qty>
          <unit>cup</unit></amt>
        <item>Water</item></ing>
      <ing>
        <amt>
          <qty>1</qty>
          <unit>tablespoon</unit></amt>
        <item>White vinegar</item></ing>
      <ing>
        <amt>
          <qty>1/4</qty>
          <unit>cups</unit></amt>
        <item>Liquid shortening</item></ing>
      <ing>
        <amt>
          <qty>1</qty>
          <unit>teaspoon</unit></amt>
        <item>Vanilla</item></ing>
      <ing>
        <amt>
          <qty/>
          <unit/></amt>
        <item>Egg</item></ing></ingredients>
    <directions>
      <step>  Combine cake flour, cocoa, sugar replacement, baking soda and salt in
  sifter.  Sift into large bowl, add remaining ingredients and beat to mix.
  Pour into 9-inch square baking dish. Bake at 375F for 35-40 minutes, or
  until done. MICROWAVE: Cook on medium for 10-11 minutes, turning dish a
  quarter turn every 5 minutes.. 1 serving = 1 bread, 1 fat calories = 89
  
  From Gemini's MASSIVE MealMaster collection at www.synapse.com/~gemini
 
</step></directions></recipe></recipeml>
