<?xml version="1.0" encoding="UTF-8"?>

<recipeml version="0.5">
  <recipe>
    <head>
      <title>Wacky Cake</title>
      <categories>
        <cat>None</cat></categories>
      <yield>1</yield></head>
    <ingredients>
      <ing>
        <amt>
          <qty>1 1/2</qty>
          <unit>cups</unit></amt>
        <item>Flour</item></ing>
      <ing>
        <amt>
          <qty>1</qty>
          <unit>teaspoon</unit></amt>
        <item>Baking soda</item></ing>
      <ing>
        <amt>
          <qty>1</qty>
          <unit>cup</unit></amt>
        <item>Sugar</item></ing>
      <ing>
        <amt>
          <qty>3</qty>
          <unit>tablespoons</unit></amt>
        <item>Cocoa</item></ing>
      <ing>
        <amt>
          <qty>1/2</qty>
          <unit>teaspoons</unit></amt>
        <item>Salt</item></ing></ingredients>
    <directions>
      <step>  Sift into baking pan (ungreased), make 3 holes in the mixture. Mix
  together, 1 teaspoon of vanilla, 5 teaspoons of oil, 1 teaspoon of vinegar,
  stir together with 1 cup of cold water, pour into the 3 holes in dry mix,
  stir all together. Bake at 350 degrees for about 30 minutes.
  
  Posted to EAT-L Digest  by Russellyn Crombie &lt;DJJRS@AOL.COM&gt; on Sep 10,
  1997
 
</step></directions></recipe></recipeml>
