<?xml version="1.0" encoding="UTF-8"?>

<recipeml version="0.5">
  <recipe>
    <head>
      <title>Wacky Cupcakes- Diabetic</title>
      <categories>
        <cat>Cakes</cat>
        <cat>Diabetic</cat></categories>
      <yield>12</yield></head>
    <ingredients>
      <ing>
        <amt>
          <qty>1 1/2</qty>
          <unit>cups</unit></amt>
        <item>CAKE FLOUR</item></ing>
      <ing>
        <amt>
          <qty>1/4</qty>
          <unit>cups</unit></amt>
        <item>SUGAR</item></ing>
      <ing>
        <amt>
          <qty>1/4</qty>
          <unit>cups</unit></amt>
        <item>COCOA</item></ing>
      <ing>
        <amt>
          <qty>1</qty>
          <unit>teaspoon</unit></amt>
        <item>BAKING SODA</item></ing>
      <ing>
        <amt>
          <qty>1/2</qty>
          <unit>teaspoons</unit></amt>
        <item>SALT</item></ing>
      <ing>
        <amt>
          <qty>1</qty>
          <unit>cup</unit></amt>
        <item>WATER,ROOM TEMPERATURE</item></ing>
      <ing>
        <amt>
          <qty>1/2</qty>
          <unit>cups</unit></amt>
        <item>LIQUID SUGAR SUBSTITUTE</item></ing>
      <ing>
        <amt>
          <qty>1</qty>
          <unit>tablespoon</unit></amt>
        <item>VINEGAR</item></ing>
      <ing>
        <amt>
          <qty>2</qty>
          <unit>teaspoons</unit></amt>
        <item>VANILLA</item></ing>
      <ing>
        <amt>
          <qty>1/2</qty>
          <unit>cups</unit></amt>
        <item>VEGETABLE OIL</item></ing></ingredients>
    <directions>
      <step>   PLACE FLOUR, SUGAR, COCOA AND SALT IN MIXER BOWL AND MIX AT LOW
  SPEED TO BLEND. BEAT TOGETHER REMAINING INGREDIENTS WITH A FORK TO
  BLEND. ADD ALL AT ONCE TO DRY INGREDIENTS AND BEAT AT MEDIUM SPEED
  UNTIL SMOOTH.
   PAPER-LINE 12 MUFFINS TINS OR GREASE WITH MARGARINE AND FLOUR. FILL
  MUFFIN TINS ABOUT 1/2 FULL AND BAKE AT 350 F FOR ABOUT 30 MINUTES, OR
  UNTIL A CAKE TESTER COMES OUT CLEAM FROM THE CENTER OF THE CUPCAKE.
  FROM "THE NEW DIABETIC COOKBOOK" BY MABEL CAVAIANI, GIVEN BY BRIDGET
  BENJAMIN(PHFC09A) ON *PRODIGY'S HEALTHY EATING- FOOD AND WINE
  BULLETIN BOARD.
  
  File ftp://ftp.idiscover.co.uk/pub/food/mealmaster/recipes/diabetic.zip
 
</step></directions></recipe></recipeml>
