<?xml version="1.0" encoding="UTF-8"?>

<recipeml version="0.5">
  <recipe>
    <head>
      <title>Wadi Aloo (Black Bean Drops and Potato)</title>
      <categories>
        <cat>Indian</cat></categories>
      <yield>4</yield></head>
    <ingredients>
      <ing>
        <amt>
          <qty>3</qty>
          <unit>tablespoons</unit></amt>
        <item>Ghee</item></ing>
      <ing>
        <amt>
          <qty>4</qty>
          <unit/></amt>
        <item>Wadis; broken into pieces</item></ing>
      <ing>
        <amt>
          <qty>1 1/2</qty>
          <unit>cups</unit></amt>
        <item>Potatoes; sliced</item></ing>
      <ing>
        <amt>
          <qty>1</qty>
          <unit>pinch</unit></amt>
        <item>Turmeric</item></ing>
      <ing>
        <amt>
          <qty>1 1/4</qty>
          <unit>cups</unit></amt>
        <item>Tayyaar Shorwa; see recipe</item></ing>
      <ing>
        <amt>
          <qty/>
          <unit/></amt>
        <item>Salt; to taste</item></ing>
      <ing>
        <amt>
          <qty>1/2</qty>
          <unit>teaspoons</unit></amt>
        <item>Garam masala</item></ing>
      <ing>
        <amt>
          <qty>1</qty>
          <unit>tablespoon</unit></amt>
        <item>Chopped cilantro</item></ing></ingredients>
    <directions>
      <step>  Heat the ghee in a frying pan and saute the wadis over medium heat until
  deep golden all over.
  
  Add potatoes and turmeric, and stir thoroughly. Cook, stirring, over medium
  heat for 5 minutes.
  
  Reheat the gravy in a saucepan. Drop in wadis and potato; stir in salt,
  cover pan, lower heat, and simmer for 20 minutes.
  
  Sprinkle garam masala over mixture and remove from heat.
  
  Serve hot, garnishes with coriander leaves.
  
  Recipe by: Indian Vegetarian Cooking by Michael Pandya
  
  Posted to recipelu-digest by Sharon Raghavachary &lt;schary@earthlink.net&gt; on
  Feb 06, 1998
 
</step></directions></recipe></recipeml>
