<?xml version="1.0" encoding="UTF-8"?>

<recipeml version="0.5">
  <recipe>
    <head>
      <title>Wafer Torte</title>
      <categories>
        <cat>None</cat></categories>
      <yield>1</yield></head>
    <ingredients>
      <ing>
        <amt>
          <qty>7</qty>
          <unit/></amt>
        <item>Squares; (1 oz. each) semisweet chocolate</item></ing>
      <ing>
        <amt>
          <qty>6</qty>
          <unit/></amt>
        <item>Eggs; separated</item></ing>
      <ing>
        <amt>
          <qty>2</qty>
          <unit>teaspoons</unit></amt>
        <item>Vanilla</item></ing>
      <ing>
        <amt>
          <qty>1</qty>
          <unit>package</unit></amt>
        <item>(8 oz.) chocolate wafer cookies</item></ing>
      <ing>
        <amt>
          <qty>1/3</qty>
          <unit>cups</unit></amt>
        <item>Amaretto liqueur</item></ing>
      <ing>
        <amt>
          <qty>1/2</qty>
          <unit>cups</unit></amt>
        <item>Heavy cream</item></ing></ingredients>
    <directions>
      <step>  Layers of Amaretto-soaked chocolate wafers and rich chocolate mousse topped
  with fresh whipped cream.
  
  Melt chocolate in double boiler over boiling water. Add egg yolks and
  vanilla; beat well. Remove from heat and set aside.
  
  Place egg whites in bowl. Attach bowl and wire whip. Turn to Speed 8 and
  whip until stiff but not dry. Reduce to Stir Speed and quicly add chocolate
  mixture, mixing just until combined.
  
  Arrange half of wafers in the bottom of a 9-inch springform pan. Brush
  wafers with half of Amaretto and top with half of chocolate mixture. Repeat
  with remaining ingredients. Refrigerate until set, about 5 hours.
  
  Yield: One 9 inch torte
  
  Note: Instructions are given for the Kitchen Aid mixer but can be adapted
  to any home mixer.
  
  Source: Kitchen Aid Mixer Book
  
  Posted to KitMailbox Digest  by J Pellegrino &lt;gigimfg@ix.netcom.com&gt; on May
  16, 1998
 
</step></directions></recipe></recipeml>
