<?xml version="1.0" encoding="UTF-8"?>

<recipeml version="0.5">
  <recipe>
    <head>
      <title>Waffles</title>
      <categories>
        <cat>Breakfast</cat>
        <cat>Low-fat</cat>
        <cat>Mcdougall</cat></categories>
      <yield>7</yield></head>
    <ingredients>
      <ing>
        <amt>
          <qty>2 1/2</qty>
          <unit>cups</unit></amt>
        <item>Warm water</item></ing>
      <ing>
        <amt>
          <qty>2</qty>
          <unit>cups</unit></amt>
        <item>Whole-wheat pastry flour</item></ing>
      <ing>
        <amt>
          <qty>2</qty>
          <unit>tablespoons</unit></amt>
        <item>Oat bran</item></ing>
      <ing>
        <amt>
          <qty>2</qty>
          <unit>tablespoons</unit></amt>
        <item>Molasses; or honey</item></ing>
      <ing>
        <amt>
          <qty>1</qty>
          <unit>tablespoon</unit></amt>
        <item>Active dry yeast</item></ing>
      <ing>
        <amt>
          <qty>1/2</qty>
          <unit>teaspoons</unit></amt>
        <item>Salt</item></ing></ingredients>
    <directions>
      <step>  Recipe by: The New McDougall Cookbook Preparation Time: 0:10
     Combine all of the ingredients in a large bowl.  Stir with a spoon not
  more than fifty times, or until smooth. The batter will be thin, but will
  thicken as it stands. Cover the bowl with a towel and place it in a warm
  place for 30 to 45 minutes, or until the batter bubbly and thick. Bake in a
  nonstick waffle iron on low heat, 5 to 7 minutes. (The iron can be seasoned
  lightly with liquid lecithin or oil, if necessary.)
     141 calories, 0.9 grams fat per waffle.
  From the collection of Sue Smith, S.Smith34, Uploaded June 16, 1994
  File ftp://ftp.idiscover.co.uk/pub/food/mealmaster/recipes/mcdougal.zip
 
</step></directions></recipe></recipeml>
