<?xml version="1.0" encoding="UTF-8"?>

<recipeml version="0.5">
  <recipe>
    <head>
      <title>Waffles</title>
      <categories>
        <cat/></categories>
      <yield>100</yield></head>
    <ingredients>
      <ing>
        <amt>
          <qty>5 1/2</qty>
          <unit>quarts</unit></amt>
        <item>WATER</item></ing>
      <ing>
        <amt>
          <qty>35</qty>
          <unit/></amt>
        <item>EGGS SHELL</item></ing>
      <ing>
        <amt>
          <qty>4 1/2</qty>
          <unit>cups</unit></amt>
        <item>MILK; DRY NON-FAT L HEAT</item></ing>
      <ing>
        <amt>
          <qty>9</qty>
          <unit>pounds</unit></amt>
        <item>FLOUR GEN PURPOSE 10LB</item></ing>
      <ing>
        <amt>
          <qty>3/4</qty>
          <unit>pounds</unit></amt>
        <item>SUGAR; GRANULATED 10 LB</item></ing>
      <ing>
        <amt>
          <qty>1 1/2</qty>
          <unit>quarts</unit></amt>
        <item>SALAD OIL; 1 GAL</item></ing>
      <ing>
        <amt>
          <qty>8</qty>
          <unit>ounces</unit></amt>
        <item>BAKING POWDER</item></ing>
      <ing>
        <amt>
          <qty>3/16</qty>
          <unit>pounds</unit></amt>
        <item>SALT TABLE 5LB</item></ing></ingredients>
    <directions>
      <step>  TEMPERATURE:  375 F. GRIDDLE
  
  1.  SIFT TOGETHER FLOUR, BAKING POWDER, MILK, SALT AND SUGAR INTO
  MIXER BOWL.
  
  2.  ADD EGGS AND WATER; MIX AT LOW SPEED ONLY UNTIL BLENDED.
  
  3.  BLEND IN SALAD OIL OR MELTED SHORTENING.
  
  4.  POUR 1/4 CUP BATTER (1-NO.B LADLE) ON PREHEATED WAFFLE IRON.
  BAKE UNTIL STEAMING STOPS, ABOUT 3 OR 4 MINUTES.  EACH PORTION:
        1    WAFFLE.
  
  Recipe Number: D02508
  
  SERVING SIZE: 1 WAFFLE
  
  From the &lt;Army Master Recipe Index File&gt; (actually used today!).
  Downloaded from Glen's MM Recipe Archive, http://www.erols.com/hosey.
 
</step></directions></recipe></recipeml>
