<?xml version="1.0" encoding="UTF-8"?>

<recipeml version="0.5">
  <recipe>
    <head>
      <title>Waffles</title>
      <categories>
        <cat/></categories>
      <yield>100</yield></head>
    <ingredients>
      <ing>
        <amt>
          <qty>200</qty>
          <unit/></amt>
        <item>WAFFLES FZ</item></ing></ingredients>
    <directions>
      <step>  APPROXIMATELY TEN (10) MINUTES PRIOR TO SERVING PERIOD
  FOOD SERVICE COOKS    WILL PREPARE ONE HALF CASE OF WAFFLES
  BY PLACING IN A TOASTER OR ON A GRILL. WAFFLES WILL BE
  PROGRESSIVELY COOKED THROUGHOUT THE SERVING PERIOD. WHEN
  REPLENISHING WAFELS
  TAKEN INTO CONSIDERATION TO PREVENT FOOD WASTE. AFTER SERVING
  PERIOD IS OVER
  THAT MEAL.
  Recipe Number: S00114
  
  SERVING SIZE: 2 EA
  
  From the &lt;Army Master Recipe Index File&gt; (actually used today!).
  Downloaded from Glen's MM Recipe Archive, http://www.erols.com/hosey.
 
</step></directions></recipe></recipeml>
