<?xml version="1.0" encoding="UTF-8"?>

<recipeml version="0.5">
  <recipe>
    <head>
      <title>Waffles Frozen</title>
      <categories>
        <cat/></categories>
      <yield>100</yield></head>
    <ingredients>
      <ing>
        <amt>
          <qty>10 1/2</qty>
          <unit>pounds</unit></amt>
        <item>PANCAKE MIX #10</item></ing></ingredients>
    <directions>
      <step>  TEMPERATURE:  375 F. GRIDDLE
  
  1.  USE FROZEN WAFFLES.  PREPARE ACCORDING TO INSTRUCTION ON CONTAINER.
  EACH PORTION 2 WAFFLES.
  
  Recipe Number: D02506
  
  SERVING SIZE: 2 EA
  
  From the &lt;Army Master Recipe Index File&gt; (actually used today!).
  Downloaded from Glen's MM Recipe Archive, http://www.erols.com/hosey.
 
</step></directions></recipe></recipeml>
