<?xml version="1.0" encoding="UTF-8"?>

<recipeml version="0.5">
  <recipe>
    <head>
      <title>Waffles Frozen (Brown And</title>
      <categories>
        <cat/></categories>
      <yield>100</yield></head>
    <ingredients/>
    <directions>
      <step>  1.  USE FROZEN WAFFLES.  PREPARE ACCORDING TO INSTRUCTIONS ON
  CONTAINER.  EACH PORTION 2 WAFFLES.
  
  Recipe Number: D02509
  
  SERVING SIZE: 2 WAFFLES
  
  From the &lt;Army Master Recipe Index File&gt; (actually used today!).
  Downloaded from Glen's MM Recipe Archive, http://www.erols.com/hosey.
 
</step></directions></recipe></recipeml>
