<?xml version="1.0" encoding="UTF-8"?>

<recipeml version="0.5">
  <recipe>
    <head>
      <title>Waffles (Pancake Mix)</title>
      <categories>
        <cat/></categories>
      <yield>100</yield></head>
    <ingredients>
      <ing>
        <amt>
          <qty>3 1/4</qty>
          <unit>cans</unit></amt>
        <item>PANCAKE MIX #10</item></ing></ingredients>
    <directions>
      <step>  1.  USE REGULAR PANCAKE MIX OR BUTTERMILK PANCAKE MIX.  PREPARE
  WAFFLES ACCORDING TO INSTRUCTIONS ON CONTAINER.
  
  Recipe Number: D02510
  
  SERVING SIZE: 1 WAFFLE
  
  From the &lt;Army Master Recipe Index File&gt; (actually used today!).
  Downloaded from Glen's MM Recipe Archive, http://www.erols.com/hosey.
 
</step></directions></recipe></recipeml>
