<?xml version="1.0" encoding="UTF-8"?>

<recipeml version="0.5">
  <recipe>
    <head>
      <title>Waffles #1</title>
      <categories>
        <cat>Bread</cat></categories>
      <yield>8</yield></head>
    <ingredients>
      <ing>
        <amt>
          <qty>2 1/2</qty>
          <unit>cups</unit></amt>
        <item>All-purpose flour; sifted</item></ing>
      <ing>
        <amt>
          <qty>3</qty>
          <unit>teaspoons</unit></amt>
        <item>Baking powder</item></ing>
      <ing>
        <amt>
          <qty>1</qty>
          <unit>teaspoon</unit></amt>
        <item>Salt</item></ing>
      <ing>
        <amt>
          <qty>4</qty>
          <unit/></amt>
        <item>Eggs; separated</item></ing>
      <ing>
        <amt>
          <qty>2</qty>
          <unit>cups</unit></amt>
        <item>Milk</item></ing>
      <ing>
        <amt>
          <qty>1/2</qty>
          <unit>cups</unit></amt>
        <item>Pecans; chopped</item></ing></ingredients>
    <directions>
      <step>  Mix flour, baking powder, salt, egg yolks &amp; milk. Beat egg whites until
  stiff &amp; fold into above mixture. Pour into heated waffle iron. Close &amp; bake
  until steaming stops, about 4-6 minutes. Yields 8 servings. Recipe may be
  halved. Batter will not keep.
  
  SUSAN ALPE
  
  From &lt;Simply Southern&gt;, the Desoto School Mothers' Assn, Helena-West
  Helena, AR 72390.  Downloaded from Glen's MM Recipe Archive,
  http://www.erols.com/hosey.
 
</step></directions></recipe></recipeml>
