<?xml version="1.0" encoding="UTF-8"?>

<recipeml version="0.5">
  <recipe>
    <head>
      <title>Waffles (With Variations)(Quick)</title>
      <categories>
        <cat>Breakfast</cat>
        <cat>Snacks</cat></categories>
      <yield>5</yield></head>
    <ingredients>
      <ing>
        <amt>
          <qty>1 3/4</qty>
          <unit>cups</unit></amt>
        <item>Flour</item></ing>
      <ing>
        <amt>
          <qty>1</qty>
          <unit>tablespoon</unit></amt>
        <item>Baking powder</item></ing>
      <ing>
        <amt>
          <qty>1/4</qty>
          <unit>teaspoons</unit></amt>
        <item>Salt</item></ing>
      <ing>
        <amt>
          <qty>2</qty>
          <unit/></amt>
        <item>Egg yolks, beaten slightly</item></ing>
      <ing>
        <amt>
          <qty>1 3/4</qty>
          <unit>cups</unit></amt>
        <item>Milk</item></ing>
      <ing>
        <amt>
          <qty>1/2</qty>
          <unit>cups</unit></amt>
        <item>Cooking oil</item></ing>
      <ing>
        <amt>
          <qty>2</qty>
          <unit/></amt>
        <item>Egg whites, beaten fluffy</item></ing></ingredients>
    <directions>
      <step>  In a mixing bowl, combine flour, baking powder and salt. In another bowl
  beat egg yolks slightly. Add milk and oil and beat until mixed. Add yolk
  mixture to flour mixture all at once. Stir just until combined. In a small
  bowl, beat egg whites until stiff peaks form. Gently fold into flour
  mixture. DO NOT OVER MIX! Pour 1/2 cup mixture into preheated waffle maker
  and cook according to manufacturers instructions. When done lift waffle out
  of maker with a fork. Makes 5 or 6 waffles. EASY WAFFLES: Prepare as above
  but do not separate eggs. In a bowl beat whole eggs slightly. Beat in milk
  and oil. Add to flour mixture and stir slightly. CHOCOLATE WAFFLES: Prepare
  as above, but reduce flour to 1 1/2 cups and add 1/3 cup cocoa and 1/3 cup
  sugar to the flour mix. Add 1 ts vanilla to the egg mix. CINNAMON WAFFLES:
  Prepare as above but add 1/2 ts cinnamon to the flour mixture. BUTTERMILK
  WAFFLES: Prepare as above but subsitute 2 cups buttermilk for regular milk.
  NOTE: Bake for 2 1/2 minutes in betty crocker waffle baker. There will
  still be a little steam but the waffle will be done unless you prefer it to
  be very crisp.
  Posted to MC-Recipe Digest V1 #378, by Gruenwald &lt;sitm@ekx.infi.net&gt; on
  Tue,
       17    Dec 1996.
 
</step></directions></recipe></recipeml>
