<?xml version="1.0" encoding="UTF-8"?>

<recipeml version="0.5">
  <recipe>
    <head>
      <title>Wagon Wheel Vegetable Salad</title>
      <categories>
        <cat>Pasta</cat>
        <cat>Vegetables</cat>
        <cat>Salads</cat></categories>
      <yield>6</yield></head>
    <ingredients>
      <ing>
        <amt>
          <qty>1/2</qty>
          <unit>packages</unit></amt>
        <item>Wagon-wheel shaped Pasta</item></ing>
      <ing>
        <amt>
          <qty>2</qty>
          <unit>cups</unit></amt>
        <item>Brocoli florets</item></ing>
      <ing>
        <amt>
          <qty>1</qty>
          <unit/></amt>
        <item>Stalk of celery, thinly Sliced</item></ing>
      <ing>
        <amt>
          <qty>2</qty>
          <unit/></amt>
        <item>Green onions, sliced</item></ing>
      <ing>
        <amt>
          <qty>1/4</qty>
          <unit/></amt>
        <item>Cucumber, sliced</item></ing>
      <ing>
        <amt>
          <qty>2</qty>
          <unit>tablespoons</unit></amt>
        <item>Chopped fresh parsley</item></ing>
      <ing>
        <amt>
          <qty>1</qty>
          <unit>cup</unit></amt>
        <item>Mayonnaise</item></ing>
      <ing>
        <amt>
          <qty>1/2</qty>
          <unit>cups</unit></amt>
        <item>Sour cream</item></ing>
      <ing>
        <amt>
          <qty>2</qty>
          <unit/></amt>
        <item>Cloves garlic, minced</item></ing>
      <ing>
        <amt>
          <qty>2</qty>
          <unit>teaspoons</unit></amt>
        <item>Prepared mustard</item></ing>
      <ing>
        <amt>
          <qty>1/2</qty>
          <unit>teaspoons</unit></amt>
        <item>Each of paprika and salt</item></ing>
      <ing>
        <amt>
          <qty>8</qty>
          <unit/></amt>
        <item>Cherry tomatoes, cut into Wedges</item></ing></ingredients>
    <directions>
      <step>  Cook wagon wheels according to package directions, adding brocoli during
  the last 4 minutes; drain. Rinse in cold water to cool; drain well. In
  large bowl, combine wagon wheel-brocoli mixture with celery, green onions,
  cucumber and parsley. In separate bowl, combine mayonnaise, sour cream,
  garlic, mustard, paprika and salt; mix well. Pour over pasta mixture; toss
  to coat. Cover and chill 2 hours or overnight. Just before serving, add
  tomatoes and toss gently. Submitted By A4GY@JUPITER.SUN.CSD.UNB.CA (N.
  WEBBER) On 29 APR 1995 054425 -0600
  
  From Gemini's MASSIVE MealMaster collection at www.synapse.com/~gemini
 
</step></directions></recipe></recipeml>
