<?xml version="1.0" encoding="UTF-8"?>

<recipeml version="0.5">
  <recipe>
    <head>
      <title>Wagonwheel Layered Dip</title>
      <categories>
        <cat>Dips</cat>
        <cat>Cheese/eggs</cat></categories>
      <yield>1</yield></head>
    <ingredients>
      <ing>
        <amt>
          <qty>21</qty>
          <unit>ounces</unit></amt>
        <item>Bean Dip</item></ing>
      <ing>
        <amt>
          <qty>1</qty>
          <unit>cup</unit></amt>
        <item>Pace Picante Sauce</item></ing>
      <ing>
        <amt>
          <qty>6</qty>
          <unit/></amt>
        <item>Finely Chopped Green Onions</item></ing>
      <ing>
        <amt>
          <qty>1</qty>
          <unit>cup</unit></amt>
        <item>Mayonnaise</item></ing>
      <ing>
        <amt>
          <qty>1</qty>
          <unit>cup</unit></amt>
        <item>Sour Cream</item></ing>
      <ing>
        <amt>
          <qty>4 1/2</qty>
          <unit>ounces</unit></amt>
        <item>Drained Sliced Olives</item></ing>
      <ing>
        <amt>
          <qty>4</qty>
          <unit>ounces</unit></amt>
        <item>Shredded Monterey Jack Cheese</item></ing></ingredients>
    <directions>
      <step>  Spread bean dip on a pie plate.  Pour Pace Picante Sauce over bean dip.
  Sprinkle chopped onions over mixture. Blend together mayonnaise and sour
  cream. Spread over onions. Top with cheese and Pace Picante Sauce. Sprinkle
  sliced olives over cheese.  Makes 2-1/2 cups dip.
  
  From: Pace booklet.
  
  From Gemini's MASSIVE MealMaster collection at www.synapse.com/~gemini
 
</step></directions></recipe></recipeml>
