<?xml version="1.0" encoding="UTF-8"?>

<recipeml version="0.5">
  <recipe>
    <head>
      <title>Wagon Wheels W/sun-Dried Tomato Sauce</title>
      <categories>
        <cat>Sun-dried</cat>
        <cat>Pasta</cat>
        <cat>Wrv</cat></categories>
      <yield>2</yield></head>
    <ingredients>
      <ing>
        <amt>
          <qty>1</qty>
          <unit>medium</unit></amt>
        <item>Onion; chopped</item></ing>
      <ing>
        <amt>
          <qty>1</qty>
          <unit>teaspoon</unit></amt>
        <item>Olive oil</item></ing>
      <ing>
        <amt>
          <qty>1</qty>
          <unit>large</unit></amt>
        <item>Clove garlic</item></ing>
      <ing>
        <amt>
          <qty>2</qty>
          <unit>cups</unit></amt>
        <item>Very hot tap water</item></ing>
      <ing>
        <amt>
          <qty>1</qty>
          <unit>cup</unit></amt>
        <item>Sun-dried tomatoes; not marinated</item></ing>
      <ing>
        <amt>
          <qty>8</qty>
          <unit>ounces</unit></amt>
        <item>Wagon wheel pasta; cook</item></ing>
      <ing>
        <amt>
          <qty>1</qty>
          <unit>tablespoon</unit></amt>
        <item>Parsley; chopped</item></ing>
      <ing>
        <amt>
          <qty>1</qty>
          <unit>tablespoon</unit></amt>
        <item>Fresh oregano; or</item></ing>
      <ing>
        <amt>
          <qty>1</qty>
          <unit>teaspoon</unit></amt>
        <item>Dried oregano</item></ing>
      <ing>
        <amt>
          <qty>2</qty>
          <unit>teaspoons</unit></amt>
        <item>Lemon juice</item></ing>
      <ing>
        <amt>
          <qty>4</qty>
          <unit>tablespoons</unit></amt>
        <item>Parmigiano reggiano or Parmesan cheese</item></ing></ingredients>
    <directions>
      <step>  Saute onion in hot oil in nonstick skillet until soft. Meanwhile, with food
  processor on drop garlic through feed tube and mince. Combine 1/2 cup of
  the tap water, as hot as possible, with sun-dried tomatoes, and add to
  processor. Process to puree tomatoes. Add remaining 1-1/2 cups of water to
  combine. Add tomato mixture to skillet and bring to boil. Reduce heat and
  continue to simmer to thicken slightly. Add parsley and oregano to sauce
  with lemon juice. Simmer over low heat. Serve drained pasta with tomato
  sauce, sprinkled with cheese. (wrv)
  
  From Gemini's MASSIVE MealMaster collection at www.synapse.com/~gemini
 
</step></directions></recipe></recipeml>
