<?xml version="1.0" encoding="UTF-8"?>

<recipeml version="0.5">
  <recipe>
    <head>
      <title>Waimea Fried Rice</title>
      <categories>
        <cat>Cooking liv</cat>
        <cat>Import</cat></categories>
      <yield>1</yield></head>
    <ingredients>
      <ing-div>
        <title/>
        <ing>
          <amt>
            <qty>1</qty>
            <unit>cup</unit></amt>
          <item>Long-grain brown rice</item></ing>
        <ing>
          <amt>
            <qty>1</qty>
            <unit/></amt>
          <item>Stalk fresh lemongrass</item></ing>
        <ing>
          <amt>
            <qty>1</qty>
            <unit>tablespoon</unit></amt>
          <item>Light oil</item></ing>
        <ing>
          <amt>
            <qty>1</qty>
            <unit/></amt>
          <item>Jalapeno pepper; cored, seeded, and finely diced (1 tablespoon)</item></ing>
        <ing>
          <amt>
            <qty>3</qty>
            <unit/></amt>
          <item>Cloves garlic; peeled, bashed, and finely chopped</item></ing>
        <ing>
          <amt>
            <qty>1/3</qty>
            <unit>cups</unit></amt>
          <item>Red bell pepper; cut into 1/4-inch dice</item></ing>
        <ing>
          <amt>
            <qty>1/2</qty>
            <unit>cups</unit></amt>
          <item>Celery; cut into 1/4-inch dice</item></ing>
        <ing>
          <amt>
            <qty>4</qty>
            <unit>teaspoons</unit></amt>
          <item>Grated gingerroot</item></ing>
        <ing>
          <amt>
            <qty>1</qty>
            <unit>cup</unit></amt>
          <item>Chopped fresh pineapple (1/4-inch dice)</item></ing>
        <ing>
          <amt>
            <qty>12</qty>
            <unit/></amt>
          <item>Mint leaves; finely chopped</item></ing>
        <ing>
          <amt>
            <qty>1/4</qty>
            <unit>cups</unit></amt>
          <item>Loosely packed cilantro leaves, finely chopped</item></ing>
        <ing>
          <amt>
            <qty>1</qty>
            <unit>tablespoon</unit></amt>
          <item>Thai fish sauce or tamari</item></ing>
        <ing>
          <amt>
            <qty>1</qty>
            <unit>teaspoon</unit></amt>
          <item>Rice wine vinegar</item></ing>
        <ing>
          <amt>
            <qty>1</qty>
            <unit>teaspoon</unit></amt>
          <item>Toasted sesame oil</item></ing></ing-div>
      <ing-div>
        <title>FOR GARNISH</title>
        <ing>
          <amt>
            <qty>6</qty>
            <unit/></amt>
          <item>Sprigs fresh mint</item></ing>
        <ing>
          <amt>
            <qty>6</qty>
            <unit/></amt>
          <item>Sprigs cilantro</item></ing></ing-div></ingredients>
    <directions>
      <step>  In a medium saucepan, boil the rice in 4 cups of water for 25 minutes, or
  until just tender. Drain through a sieve and rinse with cold water to wash
  off the starch and cool the rice. Spread the rice in a flat metal pan and
  refrigerate for at least 30 minutes.
  
  This is a dish that cooks quite quickly from this point on, so it's
  important to have all the ingredients prepared and ready at hand.
  
  Remove the tough outside layer of the lemongrass and cut off the root end
  and the dry top. Start slicing from the root end and use only the most
  tender, bulb-like part of the stalk. Slice thinly and chop very fine so the
  flavor will be spread throughout. You should have about
      1/4    cup, chopped.
  
  Warm the oil in a large frying pan over medium-high heat. Saute the
  lemongrass, chiles, and garlic for 30 seconds to release the aromatic oils.
  Add the red pepper, celery, and ginger and stir-fry for another
       30    seconds.
  
  Add the chilled rice and cook until heated through, stirring occasionally
  to keep it form sticking. Add the pineapple, mint, and cilantro to the hot
  rice. Sprinkle the fish sauce, vinegar, and sesame oil over the top.
  (Vegetarian Option: Substitute tamari for the fish sauce.) Stir to mix and
  serve immediately.
  
  Garnish with sprigs of mint and cilantro.
  
  Yield: 6 servings
  
  Recipe by: Cooking Live Show #CL8980
  
  Posted to MC-Recipe Digest V1 #846 by "Angele and Jon Freeman"
  &lt;jfreeman@netusa1.net&gt; on Oct 14, 1997
 
</step></directions></recipe></recipeml>
