<?xml version="1.0" encoding="UTF-8"?>

<recipeml version="0.5">
  <recipe>
    <head>
      <title>Wainwright Inn Puffed Pancake with Black Cherries and Almond</title>
      <categories>
        <cat>Breakfast</cat></categories>
      <yield>8</yield></head>
    <ingredients>
      <ing>
        <amt>
          <qty>4</qty>
          <unit>large</unit></amt>
        <item>Eggs -- fresh</item></ing>
      <ing>
        <amt>
          <qty>1</qty>
          <unit>cup</unit></amt>
        <item>Milk</item></ing>
      <ing>
        <amt>
          <qty>1/2</qty>
          <unit/></amt>
        <item>Lemon -- grated rind and</item></ing>
      <ing>
        <amt>
          <qty/>
          <unit/></amt>
        <item>Juic</item></ing>
      <ing>
        <amt>
          <qty>1/2</qty>
          <unit>teaspoons</unit></amt>
        <item>Vanilla</item></ing>
      <ing>
        <amt>
          <qty>1</qty>
          <unit>cup</unit></amt>
        <item>Flour</item></ing>
      <ing>
        <amt>
          <qty>1/2</qty>
          <unit/></amt>
        <item>Stick unsalted butter</item></ing>
      <ing>
        <amt>
          <qty>1/2</qty>
          <unit>cups</unit></amt>
        <item>Frozen black cherries --</item></ing>
      <ing>
        <amt>
          <qty/>
          <unit/></amt>
        <item>Thawed</item></ing>
      <ing>
        <amt>
          <qty>1/2</qty>
          <unit>cups</unit></amt>
        <item>Sliced almonds</item></ing>
      <ing>
        <amt>
          <qty>1/2</qty>
          <unit>cups</unit></amt>
        <item>Powdered sugar</item></ing></ingredients>
    <directions>
      <step>  Preheat oven to 475 degrees.  Whisk together eggs, milk, lemon rind and
  vanilla.  Add flour and beat until batter is smooth.  Place butter in
  greased baking dish and place in oven until butter melts.  Pour in batter
  and bake 20 minutes until puffed and golden.
  
  Remove from oven and sprinkle with powdered sugar and lemon juice. Offer
  black cherries, almonds and additional powdered sugar as toppings.
  
  Makes 8 servings.
  
  Source: Wainwright Inn Bed &amp; Breakfast,   Big Bear Lake (CA) Posted: Robert
  Bass   Corona, CA
  
  Recipe By     :
  
  File ftp://ftp.idiscover.co.uk/pub/food/mealmaster/recipes/mmdja006.zip
 
</step></directions></recipe></recipeml>
