<?xml version="1.0" encoding="UTF-8"?>

<recipeml version="0.5">
  <recipe>
    <head>
      <title>Waist-Watching Western Omelets</title>
      <categories>
        <cat>Eggs</cat></categories>
      <yield>4</yield></head>
    <ingredients>
      <ing>
        <amt>
          <qty>1</qty>
          <unit>teaspoon</unit></amt>
        <item>Vegetable oil</item></ing>
      <ing>
        <amt>
          <qty>1</qty>
          <unit>medium</unit></amt>
        <item>Red bell pepper, cored,</item></ing>
      <ing>
        <amt>
          <qty/>
          <unit/></amt>
        <item>Seeded and cut into thin</item></ing>
      <ing>
        <amt>
          <qty/>
          <unit/></amt>
        <item>Strips</item></ing>
      <ing>
        <amt>
          <qty>1</qty>
          <unit>medium</unit></amt>
        <item>Green bell pepper, cored,</item></ing>
      <ing>
        <amt>
          <qty/>
          <unit/></amt>
        <item>Seeded and cut into thin</item></ing>
      <ing>
        <amt>
          <qty/>
          <unit/></amt>
        <item>Strips</item></ing>
      <ing>
        <amt>
          <qty>4</qty>
          <unit>ounces</unit></amt>
        <item>Turkey ham, cut into</item></ing>
      <ing>
        <amt>
          <qty/>
          <unit/></amt>
        <item>Julienne strips, about 1</item></ing>
      <ing>
        <amt>
          <qty/>
          <unit/></amt>
        <item>Cup</item></ing>
      <ing>
        <amt>
          <qty/>
          <unit/></amt>
        <item>Salt and black pepper, to</item></ing>
      <ing>
        <amt>
          <qty/>
          <unit/></amt>
        <item>Taste</item></ing>
      <ing>
        <amt>
          <qty>4</qty>
          <unit>large</unit></amt>
        <item>Eggs</item></ing>
      <ing>
        <amt>
          <qty>4</qty>
          <unit>large</unit></amt>
        <item>Egg whites</item></ing>
      <ing>
        <amt>
          <qty/>
          <unit/></amt>
        <item>Fresh parsley sprigs, opt.</item></ing></ingredients>
    <directions>
      <step>  In 10" nonstick skillet over medium-high heat,heat oil;add red and green
  peppers and turkey ham;cook 2 to 3 minutes,stirring frequently until
  peppers are crisp-tender.Season lightly with salt and pepper; remove from
  heat;keep warm.In small bowl using wire whisk or fork, beat 1 egg and 1 egg
  white until blended and frothy.Spray 6" nonstick skillet or omelet pan with
  nonstick vegetable spray;set over medium heat.Pour egg mixture into
  skillet;using flat side of fork,stir briskly in circular motion while
  shaking pan back and forth over heat.When liquid has just begun to set,stop
  stirring;let omelet cook 30 to 40 seconds longer until edges and bottom are
  set but center is still soft. Loosen omelet around edges with spatula until
  it moves freely;remove from heat.Arrange 1/4 reserved pepper mixture on
  side of omelet farthest away from skillet handle.Tilt handle of skillet
  up;using spatula,lift edge of omelet nearest handle up and over
  peppers.Slide omelet onto plate;garnish with parsley sprig,if desired.Serve
  immediately;repeat to make three more omelets.Makes 4 servings.
  
  From Gemini's MASSIVE MealMaster collection at www.synapse.com/~gemini
 
</step></directions></recipe></recipeml>
