<?xml version="1.0" encoding="UTF-8"?>

<recipeml version="0.5">
  <recipe>
    <head>
      <title>Wakayama Lamb</title>
      <categories>
        <cat>Lamb</cat>
        <cat>Meats</cat></categories>
      <yield>12</yield></head>
    <ingredients>
      <ing-div>
        <title/>
        <ing>
          <amt>
            <qty>5</qty>
            <unit>pounds</unit></amt>
          <item>Leg of lamb</item></ing>
        <ing>
          <amt>
            <qty>1</qty>
            <unit/></amt>
          <item>Garlic clove; peeled and sliced</item></ing>
        <ing>
          <amt>
            <qty>4</qty>
            <unit/></amt>
          <item>Mint, fresh leaves</item></ing>
        <ing>
          <amt>
            <qty>3</qty>
            <unit>tablespoons</unit></amt>
          <item>Olive oil</item></ing>
        <ing>
          <amt>
            <qty>2</qty>
            <unit>tablespoons</unit></amt>
          <item>Vinegar</item></ing>
        <ing>
          <amt>
            <qty>1</qty>
            <unit>teaspoon</unit></amt>
          <item>Worcestershire sauce</item></ing>
        <ing>
          <amt>
            <qty>1</qty>
            <unit>teaspoon</unit></amt>
          <item>Paprika</item></ing>
        <ing>
          <amt>
            <qty>1/2</qty>
            <unit>teaspoons</unit></amt>
          <item>Salt</item></ing>
        <ing>
          <amt>
            <qty>2</qty>
            <unit>tablespoons</unit></amt>
          <item>Sugar</item></ing>
        <ing>
          <amt>
            <qty/>
            <unit/></amt>
          <item>Pepper</item></ing>
        <ing>
          <amt>
            <qty/>
            <unit/></amt>
          <item>Flour</item></ing></ing-div>
      <ing-div>
        <title>SUPERSAUCE FOR LEFTOVERS</title>
        <ing>
          <amt>
            <qty>3</qty>
            <unit>tablespoons</unit></amt>
          <item>Butter</item></ing>
        <ing>
          <amt>
            <qty>3 1/2</qty>
            <unit>tablespoons</unit></amt>
          <item>Flour</item></ing>
        <ing>
          <amt>
            <qty>1/2</qty>
            <unit>teaspoons</unit></amt>
          <item>Dry mustard</item></ing>
        <ing>
          <amt>
            <qty>1/2</qty>
            <unit>teaspoons</unit></amt>
          <item>Curry oowder</item></ing>
        <ing>
          <amt>
            <qty>1/2</qty>
            <unit>teaspoons</unit></amt>
          <item>Paprika</item></ing>
        <ing>
          <amt>
            <qty>1 1/2</qty>
            <unit>cups</unit></amt>
          <item>Beef stock</item></ing>
        <ing>
          <amt>
            <qty>3</qty>
            <unit>tablespoons</unit></amt>
          <item>Sherry</item></ing></ing-div></ingredients>
    <directions>
      <step>  With a Julia Child-autographed stabbing knife, pierce the lamb in several
  places and insert garlic slices and mint (or rosemary).
  
  Gloop together the oil, vinegar, Worcestershire, paprika, salt, pepper and
  sugar.  Add enough flour to thicken this muck into a paste. Rub it all over
  the meat to coat.  Then roll the lamb in flour and plunk it in a pan.
  
  Shove the pan into a 500-degree oven until the crust has hardened and
  browned lightly.  Reduce the oven temperature to 325 degrees and bake the
  lamb until done to your liking (somewhere around 30 minutes a pound).
  
  Boy, that's going to be good.  But if anybody reaches for seconds, hit them
  on the fist with the spatula.  You want to save some leftovers to serve
  with this:
  
  Sauce:  Melt the butter in a saucepan, add the flour, mustard, curry and
  paprika and stir-cook a few minutes.
  
  Add the broth and heat, stirring until it is smooth and has thickened.
  Gloop in the sherry.  Serve over rewarmed slices of lamb.
  
                    From: twain@carson.u.washington.edu (Barbara Hlavin)
  
  Submitted By SAM WARING   On   05-23-95 (2254)
 
</step></directions></recipe></recipeml>
