<?xml version="1.0" encoding="UTF-8"?>

<recipeml version="0.5">
  <recipe>
    <head>
      <title>Wakavaki Indian Soup</title>
      <categories>
        <cat>Soups &amp;</cat>
        <cat>Stews</cat></categories>
      <yield>4</yield></head>
    <ingredients>
      <ing>
        <amt>
          <qty>6 3/4</qty>
          <unit>pounds</unit></amt>
        <item>Short ribs</item></ing>
      <ing>
        <amt>
          <qty>6</qty>
          <unit/></amt>
        <item>Ears corn; (cut into thirds)</item></ing>
      <ing>
        <amt>
          <qty>4 1/2</qty>
          <unit>pounds</unit></amt>
        <item>Cabbage</item></ing>
      <ing>
        <amt>
          <qty>1 1/2</qty>
          <unit>pounds</unit></amt>
        <item>Zucchini</item></ing>
      <ing>
        <amt>
          <qty>2</qty>
          <unit>pounds</unit></amt>
        <item>Carrot</item></ing>
      <ing>
        <amt>
          <qty>2</qty>
          <unit>cans</unit></amt>
        <item>Green beans</item></ing>
      <ing>
        <amt>
          <qty>2</qty>
          <unit>cans</unit></amt>
        <item>Garbanzo beans; (15 oz. can)</item></ing>
      <ing>
        <amt>
          <qty>2</qty>
          <unit>tablespoons</unit></amt>
        <item>Salt</item></ing>
      <ing>
        <amt>
          <qty>3</qty>
          <unit/></amt>
        <item>Cloves garlic</item></ing></ingredients>
    <directions>
      <step>  Cook short ribs in 20 cups of water for 1 hour over medium flame. Add
  carrots, corn and garlic and then cook for 1/2 hour. Next add cabbage and
  10 cups of HOT water and continue cooking for 15 minutes. Next add garbanzo
  beans, green beans, zucchini, 2 tablespoons of salt and then cook 1
  additional hour. Serve each bowl with 2 cups of soup and include 1 piece of
  corn and 2 short ribs in the bowl. Serve the soup with a tortilla.
  
  Tucson, Arizona
  
  busted by sooz
  
  Recipe by: Key Gourmet
  
  Posted to recipelu-digest by James and Susan Kirkland &lt;kirkland@gj.net&gt; on
  Mar 08, 1998
 
</step></directions></recipe></recipeml>
