<?xml version="1.0" encoding="UTF-8"?>

<recipeml version="0.5">
  <recipe>
    <head>
      <title>Wakeup Shakeup</title>
      <categories>
        <cat>Beverages</cat>
        <cat>Breakfast</cat></categories>
      <yield>1</yield></head>
    <ingredients>
      <ing>
        <amt>
          <qty>1</qty>
          <unit/></amt>
        <item>Banana</item></ing>
      <ing>
        <amt>
          <qty/>
          <unit/></amt>
        <item>Orange juice</item></ing>
      <ing>
        <amt>
          <qty>1</qty>
          <unit/></amt>
        <item>Egg</item></ing>
      <ing>
        <amt>
          <qty>1</qty>
          <unit>teaspoon</unit></amt>
        <item>Vanilla</item></ing></ingredients>
    <directions>
      <step>  Fill your glass or mug with as much orange juice as you wish. Pour this
  into blender; add vanilla, egg and banana broken into small pieces. Whirl
  until smooth and foamy.
  
  Variations: Substitute apple or other juice for orange; Substitute milk for
  juice; Add 1 tb strawberry jam; Add 1/2 ts instant coffee.
  
  Posted to MM-Recipes Digest V4 #187 by Julie Bertholf
  &lt;jewel1@ix.netcom.com&gt; on Jul 19, 1997
 
</step></directions></recipe></recipeml>
