<?xml version="1.0" encoding="UTF-8"?>

<recipeml version="0.5">
  <recipe>
    <head>
      <title>Waldine's Red Beans and Rice</title>
      <categories>
        <cat>Beans</cat>
        <cat>Meats</cat>
        <cat>Rice</cat></categories>
      <yield>1</yield></head>
    <ingredients>
      <ing>
        <amt>
          <qty>1</qty>
          <unit>pound</unit></amt>
        <item>Red beans; rinse and sort</item></ing>
      <ing>
        <amt>
          <qty>1</qty>
          <unit>large</unit></amt>
        <item>Onion; chop</item></ing>
      <ing>
        <amt>
          <qty>1</qty>
          <unit>large</unit></amt>
        <item>Green bell pepper; chop</item></ing>
      <ing>
        <amt>
          <qty>2</qty>
          <unit/></amt>
        <item>Ribs celery; chop</item></ing>
      <ing>
        <amt>
          <qty>1</qty>
          <unit>bunch</unit></amt>
        <item>Green onions; chop</item></ing>
      <ing>
        <amt>
          <qty>1</qty>
          <unit>tablespoon</unit></amt>
        <item>Garlic; mince</item></ing>
      <ing>
        <amt>
          <qty>1</qty>
          <unit/></amt>
        <item>Bay leaf</item></ing>
      <ing>
        <amt>
          <qty>1/2</qty>
          <unit>teaspoons</unit></amt>
        <item>Thyme</item></ing>
      <ing>
        <amt>
          <qty>1/2</qty>
          <unit>teaspoons</unit></amt>
        <item>Chili powder</item></ing>
      <ing>
        <amt>
          <qty/>
          <unit/></amt>
        <item>Salt and pepper</item></ing>
      <ing>
        <amt>
          <qty/>
          <unit/></amt>
        <item>Cayenne</item></ing>
      <ing>
        <amt>
          <qty/>
          <unit/></amt>
        <item>Tabasco; opt</item></ing>
      <ing>
        <amt>
          <qty>2</qty>
          <unit/></amt>
        <item>Ham hocks</item></ing>
      <ing>
        <amt>
          <qty>1</qty>
          <unit>pound</unit></amt>
        <item>Ham chunks</item></ing>
      <ing>
        <amt>
          <qty>1</qty>
          <unit>pound</unit></amt>
        <item>Turkey or smoked sausage; cut 1" pcs</item></ing>
      <ing>
        <amt>
          <qty/>
          <unit/></amt>
        <item>Cooked rice</item></ing></ingredients>
    <directions>
      <step>  You may soak your beans or not. I don't. Put beans in a pot with water,
  onions, bell pepper, celery, green onions, garlic, seasonings and meats
  (except sausage. Cook until beans are tender, 2 to 3 hours. About 15
  minutes before beans are done, add sausage. I like to add a little Wondra
  to thicken gravy at this point. Some people smash some beans on the side of
  the pot to thicken gravy. Remove bay leaf and serve over cooked rice. Pass
  the Tabasco for those who like some more spice. Some people like to pour a
  little Hot Pepper Vinegar on top. We have baked or fried pork chops on the
  side. MM Waldine Van Geffen vghc42a@prodigy.com.
  
  Posted to TNT - Prodigy's Recipe Exchange Newsletter  by
  VGHC42A@prodigy.com (MRS WALDINE R VAN GEFFEN) on Aug 15, 1997
 
</step></directions></recipe></recipeml>
