<?xml version="1.0" encoding="UTF-8"?>

<recipeml version="0.5">
  <recipe>
    <head>
      <title>Waldine's Crawfish Corn Maquechoux</title>
      <categories>
        <cat>Vegetables</cat>
        <cat>Casseroles</cat>
        <cat>Crawfish</cat></categories>
      <yield>1</yield></head>
    <ingredients>
      <ing>
        <amt>
          <qty>4</qty>
          <unit>cans</unit></amt>
        <item>Whole kernel corn; 12oz ea or</item></ing>
      <ing>
        <amt>
          <qty>12</qty>
          <unit/></amt>
        <item>Fresh ears of corn; cut off the cob</item></ing>
      <ing>
        <amt>
          <qty>1/4</qty>
          <unit>pounds</unit></amt>
        <item>Butter</item></ing>
      <ing>
        <amt>
          <qty>1/2</qty>
          <unit/></amt>
        <item>Green pepper; dice</item></ing>
      <ing>
        <amt>
          <qty>1/2</qty>
          <unit/></amt>
        <item>Red pepper; dice</item></ing>
      <ing>
        <amt>
          <qty>1</qty>
          <unit>medium</unit></amt>
        <item>Onion; dice</item></ing>
      <ing>
        <amt>
          <qty>1</qty>
          <unit>large</unit></amt>
        <item>Fresh tomato; dice</item></ing>
      <ing>
        <amt>
          <qty>1</qty>
          <unit>pound</unit></amt>
        <item>Cooked crawfish tails</item></ing>
      <ing>
        <amt>
          <qty/>
          <unit/></amt>
        <item>Salt and pepper</item></ing></ingredients>
    <directions>
      <step>  Melt butter. Add veggies and cook, covered, until onions are translucent
  and corn is beginning to be tender (if using fresh corn). Add crawfish for
  last 10 minutes of cooking and continue cooking until corn is tender.
  Freeze if desired. (wrv)
  
  Posted to TNT - Prodigy's Recipe Exchange Newsletter  by
  VGHC42A@prodigy.com (MRS WALDINE R VAN GEFFEN) on Aug 25, 1997
 
</step></directions></recipe></recipeml>
