<?xml version="1.0" encoding="UTF-8"?>

<recipeml version="0.5">
  <recipe>
    <head>
      <title>Waldine's Crockpot Pasta</title>
      <categories>
        <cat>Crockpot</cat>
        <cat>Meats</cat>
        <cat>Pasta</cat></categories>
      <yield>1</yield></head>
    <ingredients>
      <ing>
        <amt>
          <qty>12</qty>
          <unit>ounces</unit></amt>
        <item>Cooked Small shells; drained</item></ing>
      <ing>
        <amt>
          <qty>1 1/2</qty>
          <unit>pounds</unit></amt>
        <item>Ground beef or turkey or; combo of</item></ing>
      <ing>
        <amt>
          <qty>1</qty>
          <unit>large</unit></amt>
        <item>Onion; choped</item></ing>
      <ing>
        <amt>
          <qty>1</qty>
          <unit>tablespoon</unit></amt>
        <item>Minced Garlic; or more</item></ing>
      <ing>
        <amt>
          <qty>1</qty>
          <unit>can</unit></amt>
        <item>Sliced mushrooms w/juice</item></ing>
      <ing>
        <amt>
          <qty>1</qty>
          <unit/></amt>
        <item>Jar Your favorite pasta sauce</item></ing>
      <ing>
        <amt>
          <qty>8</qty>
          <unit>ounces</unit></amt>
        <item>Sour cream</item></ing>
      <ing>
        <amt>
          <qty>8</qty>
          <unit>ounces</unit></amt>
        <item>Sliced mozzarella</item></ing></ingredients>
    <directions>
      <step>  Saute meat, onions and garlic until meat is no longer pink. Drain and mix
  with mushrooms, juice, sauce and pasta. Put half in bottom of large
  crockpot. Spred on sour cream (you may have some left over). Layer half of
  mozzarella slices on top. Finish up with remaining half of meat mixture.
  Top with remaining mozzarella slices. Cook on LOW for 4 to 5 hours. You'll
  have enough to freeze in 2 small casseroles. This is very tasty. MM Waldine
  Van Geffen vghc42a@prodigy.com. Lynn Thomas' notes: Made this 12-11-97;
  used 16 ounces shells (cooked for 7 minutes) and 1 pound ground beef. This
  was an excellent recipe and very easy to do.
  Posted to TNT - Prodigy's Recipe Exchange Newsletter  by
  WWGQ25C@prodigy.com (MRS LYNN P THOMAS) on Dec 12, 1997
 
</step></directions></recipe></recipeml>
