<?xml version="1.0" encoding="UTF-8"?>

<recipeml version="0.5">
  <recipe>
    <head>
      <title>Basic Fajitas (And Then Some)</title>
      <categories>
        <cat>Meat</cat></categories>
      <yield>8</yield></head>
    <ingredients>
      <ing-div>
        <title/>
        <ing>
          <amt>
            <qty>2</qty>
            <unit>pounds</unit></amt>
          <item>Skirt steak</item></ing>
        <ing>
          <amt>
            <qty>1</qty>
            <unit>pound</unit></amt>
          <item>Chicken breasts; boneless</item></ing>
        <ing>
          <amt>
            <qty>1</qty>
            <unit>pound</unit></amt>
          <item>Shrimp</item></ing></ing-div>
      <ing-div>
        <title>MARINADE</title>
        <ing>
          <amt>
            <qty>6</qty>
            <unit/></amt>
          <item>Limes; cut in half, squeeze out juice; throw everything (limes) in bowl</item></ing>
        <ing>
          <amt>
            <qty>4</qty>
            <unit/></amt>
          <item>Yellow onions; chopped</item></ing>
        <ing>
          <amt>
            <qty>4</qty>
            <unit/></amt>
          <item>Cloves garlic; smashed</item></ing>
        <ing>
          <amt>
            <qty>4</qty>
            <unit>large</unit></amt>
          <item>Jalapenos -or-</item></ing>
        <ing>
          <amt>
            <qty>8</qty>
            <unit/></amt>
          <item>Serranos; seeded and chopped</item></ing>
        <ing>
          <amt>
            <qty>1</qty>
            <unit>large</unit></amt>
          <item>Bunch of fresh cilantro; coarsely chopped</item></ing>
        <ing>
          <amt>
            <qty>2</qty>
            <unit>tablespoons</unit></amt>
          <item>Salt</item></ing>
        <ing>
          <amt>
            <qty>1/4</qty>
            <unit>cups</unit></amt>
          <item>Dark rum</item></ing>
        <ing>
          <amt>
            <qty>2</qty>
            <unit/></amt>
          <item>Bottles Dos Equis beer (brown bottle not green)</item></ing></ing-div></ingredients>
    <directions>
      <step>  douglas allen thompson &lt;aesculus@TSO.UC.EDU&gt;
  
  Take the chicken and steak and slightly freeze them so that cutting the
  meat into thin 1/2" strips is easier. Trim off any fat or chicken skin.
  
  In a large glass bowl or casserole make the marinade (mix all ingredients).
  Put the meat in this and cover with plastic wrap. Allow to sit in the
  fridge overnight or make this early in the morning for the evening meal.
  
  Remove meat from marinade prior to grilling. Discard the marinade and Do
  Not Re-use. Once meat has drained place the beef on the hot grill first,
  laying the strips perpendicular to the grill rods,spokes,etc. otherwise the
  meat falls into the fire. After you get the beef on add the chicken the
  same way. The meat will cook quickly and you only need to flip it once.As
  the beef and chicken cook add the shrimp. The shrimp may cook so fast that
  you don't have to turn it.
  
  When the shrimp curls up and goes pink it's done.Remove all the meat from
  the grill and serve with grilled onions and green pepper slices.(These can
  be made ahead of time and kept warm.) Serve meat and grilled vegetables
  with large flour tortillas that have been heated up. Top with sour
  cream,salsa,or, if you wish, Melinda's.
  
  One suggestion: This works best if one person works the grill and starts to
  turn meat while someone else is adding the meat to the grill.  Everything
  cooks fast and this is something that you don't want to overcook.
  
  CHILE-HEADS ARCHIVES
  
  From the Chile-Heads recipe list.  Downloaded from Glen's MM Recipe
  Archive, http://www.erols.com/hosey.
 
</step></directions></recipe></recipeml>
