<?xml version="1.0" encoding="UTF-8"?>

<recipeml version="0.5">
  <recipe>
    <head>
      <title>Basic Cookie Mix</title>
      <categories>
        <cat>Mixes</cat>
        <cat>Cookies</cat>
        <cat>Misc</cat></categories>
      <yield>1</yield></head>
    <ingredients>
      <ing>
        <amt>
          <qty>5</qty>
          <unit>cups</unit></amt>
        <item>All-purpose flour; unsifted</item></ing>
      <ing>
        <amt>
          <qty>2</qty>
          <unit>cups</unit></amt>
        <item>Granulated sugar</item></ing>
      <ing>
        <amt>
          <qty>1</qty>
          <unit>cup</unit></amt>
        <item>Brown sugar; packed</item></ing>
      <ing>
        <amt>
          <qty>2</qty>
          <unit>tablespoons</unit></amt>
        <item>Baking powder</item></ing>
      <ing>
        <amt>
          <qty>1</qty>
          <unit>tablespoon</unit></amt>
        <item>Salt</item></ing>
      <ing>
        <amt>
          <qty>1</qty>
          <unit>cup</unit></amt>
        <item>Shortening</item></ing>
      <ing>
        <amt>
          <qty>1/2</qty>
          <unit>cups</unit></amt>
        <item>Butter</item></ing></ingredients>
    <directions>
      <step>  Combine flour, granulated sugar, brown sugar, baking powder, and salt in a
  large bowl.  (You can use an electric mixer on slow speed for mixing.) Add
  shortening and butter; cut in with pastry blender or hands until mixture
  resembles coarse cornmeal.  Store in an airtight container in refrigerator.
  
  NOTE: After refrigeration, measure amount of mix needed; bring to room
  temperature for easier blending.
  
  Yield: Approximately 11 cups of Basic Cookie Mix
  Posted to TNT - Prodigy's Recipe Exchange Newsletter  by PATDee4915
  &lt;PATDee4915@aol.com&gt; on Dec 18, 1997
 
</step></directions></recipe></recipeml>
