<?xml version="1.0" encoding="UTF-8"?>

<recipeml version="0.5">
  <recipe>
    <head>
      <title>Basic Deep Fried Soft-Shell Crabs</title>
      <categories>
        <cat>Seafood</cat></categories>
      <yield>1</yield></head>
    <ingredients>
      <ing>
        <amt>
          <qty/>
          <unit/></amt>
        <item>Soft-shell crabs; thawed if frozen</item></ing>
      <ing>
        <amt>
          <qty/>
          <unit/></amt>
        <item>Egg whites</item></ing>
      <ing>
        <amt>
          <qty/>
          <unit/></amt>
        <item>Water</item></ing>
      <ing>
        <amt>
          <qty/>
          <unit/></amt>
        <item>All-purpose flour</item></ing>
      <ing>
        <amt>
          <qty/>
          <unit/></amt>
        <item>Salt and pepper; to taste</item></ing>
      <ing>
        <amt>
          <qty/>
          <unit/></amt>
        <item>Oil for deep frying</item></ing></ingredients>
    <directions>
      <step>  Prepare batter by whisking egg whites and water (50 percent egg whites, 50
  percent water). Sift flour seasoned with salt and pepper. Dip crabs in
  batter, drain then lightly dredge in flour. Shake to remove excess flour.
  Deep fry at 375 F for about 3 minutes or until lightly browned and crispy.
  Turn crabs often while cooking.
  
  Recipe by: The Coastland Times
  
  Posted to KitMailbox Digest  by "Art Guyer" &lt;ThePoint@beachlink.com&gt; on Jun
  04, 1998
 
</step></directions></recipe></recipeml>
