<?xml version="1.0" encoding="UTF-8"?>

<recipeml version="0.5">
  <recipe>
    <head>
      <title>Basic Egg Pudding</title>
      <categories>
        <cat>Eggs</cat></categories>
      <yield>4</yield></head>
    <ingredients>
      <ing>
        <amt>
          <qty>6</qty>
          <unit/></amt>
        <item>Egg yolks</item></ing>
      <ing>
        <amt>
          <qty>1</qty>
          <unit>tablespoon</unit></amt>
        <item>Cornstarch</item></ing>
      <ing>
        <amt>
          <qty>2</qty>
          <unit>tablespoons</unit></amt>
        <item>Water</item></ing>
      <ing>
        <amt>
          <qty>1/2</qty>
          <unit>teaspoons</unit></amt>
        <item>Salt (up to)</item></ing>
      <ing>
        <amt>
          <qty>4</qty>
          <unit>tablespoons</unit></amt>
        <item>Oil</item></ing>
      <ing>
        <amt>
          <qty>2</qty>
          <unit>tablespoons</unit></amt>
        <item>Smoked ham</item></ing></ingredients>
    <directions>
      <step>  1. Beat egg yolks until thick and lemon-colored. Blend cornstarch and cold
  water to a paste; then add to eggs, along with salt. Stir in well.
  
  2. Heat oil to smoking. Add eggs; then reduce heat to medium-low. Cook,
  stirring in one direction, until mixture is smooth, thick and pudding-like.
  
  3. Pour into a serving bowl. Mince smoked ham and sprinkle over as a
  garnish.
  
  NOTE: Other names for this dish are Imperial Eggs and Flowing Yellow.
  VARIATIONS:
  
  1. For the egg yolks, substitute whole eggs.
  
  2. In step 1, add to the egg mixture any or all of the following:
  
   a. 1 cup stock
  
   b. 1 to 2 tablespoons sherry
  
   c. 1/4 cup bamboo shoots, minced
  
   d. 1/4 cup water chestnuts, minced
  
   e. 1/4 cup smoked ham, minced (omit ham garnish)
  
   f. 2 dried black mushrooms (soaked), minced
  
   g. 2 tablespoons dried shrimp (soaked), minced
  
  3. In step 2, when the egg mixture begins to thicken, stir in 1/2 cup
  cooked shrimp, minced.
  
  From &lt;The Thousand Recipe Chinese Cookbook&gt;, ISBN 0-517-65870-4. Downloaded
  from Glen's MM Recipe Archive, http://www.erols.com/hosey.
 
</step></directions></recipe></recipeml>
