<?xml version="1.0" encoding="UTF-8"?>

<recipeml version="0.5">
  <recipe>
    <head>
      <title>Basic Cheesecake</title>
      <categories>
        <cat>Basics</cat>
        <cat>Cheesecakes</cat></categories>
      <yield>1</yield></head>
    <ingredients>
      <ing>
        <amt>
          <qty>32</qty>
          <unit>ounces</unit></amt>
        <item>Ricotta cheese; softened</item></ing>
      <ing>
        <amt>
          <qty>24</qty>
          <unit>ounces</unit></amt>
        <item>Cream cheese; softened</item></ing>
      <ing>
        <amt>
          <qty>2/3</qty>
          <unit>cups</unit></amt>
        <item>Sugar</item></ing>
      <ing>
        <amt>
          <qty>3</qty>
          <unit>large</unit></amt>
        <item>Eggs; beaten</item></ing>
      <ing>
        <amt>
          <qty>1</qty>
          <unit>teaspoon</unit></amt>
        <item>Vanilla</item></ing>
      <ing>
        <amt>
          <qty>1/2</qty>
          <unit/></amt>
        <item>Box graham cracker crumbs</item></ing>
      <ing>
        <amt>
          <qty>1/4</qty>
          <unit>pounds</unit></amt>
        <item>Butter, unsalted; softened</item></ing></ingredients>
    <directions>
      <step>  Crust: In a large bowl: put graham cracker crumbs. Knead in 1/2 stick of
  butter. Press onto bottom of 9" prepared spring form pan. Chill for about
       15    minutes before filling.
  
  Filling: In blender combine1 tub of ricotta (16 oz) 1 brick of cream chesse
  (12 oz), 1/2 tsp vanilla, 1/3 cup sugar, 2 eggs and 1/4 stick of butter.
  Blend until smooth. Pour GENTLY on top of crust. Repeat for seond half of
  ingredients. Bake @ 325 NO HOTTER for about an hour and a quarter. Check
  frequently! It is done when center starts to firm up and sides begin to
  pull away from pan. Turn off the oven and allow to cool SLOWLY. Chill for
  at least 6 hours before serving.
  Posted to EAT-L Digest 24 Sep 96
  
  Date:    Wed, 25 Sep 1996 06:05:19 -0300
  
  From:    Betsy Burtis &lt;ebburtis@IX.NETCOM.COM&gt;
 
</step></directions></recipe></recipeml>
