<?xml version="1.0" encoding="UTF-8"?>

<recipeml version="0.5">
  <recipe>
    <head>
      <title>Basic Cannelloni Crepes</title>
      <categories>
        <cat>Italian</cat>
        <cat>Pasta</cat></categories>
      <yield>8</yield></head>
    <ingredients>
      <ing>
        <amt>
          <qty>3</qty>
          <unit/></amt>
        <item>Eggs</item></ing>
      <ing>
        <amt>
          <qty>1</qty>
          <unit>cup</unit></amt>
        <item>Water</item></ing>
      <ing>
        <amt>
          <qty>1</qty>
          <unit>cup</unit></amt>
        <item>All-purpose flour</item></ing>
      <ing>
        <amt>
          <qty/>
          <unit>pinches</unit></amt>
        <item>Salt</item></ing>
      <ing>
        <amt>
          <qty/>
          <unit/></amt>
        <item>Peanut Oil</item></ing></ingredients>
    <directions>
      <step>  Place the eggs in a blender.  Add the water, flour, and salt.  Blend until
  smooth.  Scrape down the sides of the container and blend again.  Heat a
  10" nonstick frying pan and lightly oil the pan, using a paper towel. Ladle
  1/4 cup of the batter into the pan and quickly turn the pan to evenly coat
  the bottom with batter. Cook on one side only until dry on the top, about
  one minute. These should be only very lightly browned and not too dry, so
  the pan should not be too hot. Lightly oil the pan before cooking each
  crepe.  Separate the crepes with wax paper until ready to use. The noodles
  can be refrigerated overnight if you seal them in a plastic bag.
  
  Recipe By     : The Frugal Gourmet
  
  File ftp://ftp.idiscover.co.uk/pub/food/mealmaster/recipes/mmdja006.zip
 
</step></directions></recipe></recipeml>
