<?xml version="1.0" encoding="UTF-8"?>

<recipeml version="0.5">
  <recipe>
    <head>
      <title>Basic Buttercream Frosting</title>
      <categories>
        <cat>Cakes</cat>
        <cat>Frostings</cat></categories>
      <yield>1</yield></head>
    <ingredients>
      <ing>
        <amt>
          <qty>3/4</qty>
          <unit>cups</unit></amt>
        <item>Butter</item></ing>
      <ing>
        <amt>
          <qty>3/4</qty>
          <unit>cups</unit></amt>
        <item>Confectioner's sugar</item></ing>
      <ing>
        <amt>
          <qty>1 1/2</qty>
          <unit>teaspoons</unit></amt>
        <item>Vanilla</item></ing>
      <ing>
        <amt>
          <qty>2</qty>
          <unit/></amt>
        <item>3 Tbls. milk</item></ing></ingredients>
    <directions>
      <step>  In bowl with electric beaters, cream butter until light &amp; smooth. Add
  sugar, 1/2 cup at a time, beating until mixture is very creamy &amp;
  smooth. Beat in vanilla &amp; 2 Tbls. milk. If too thick, add additional
  milk.
  
  File ftp://ftp.idiscover.co.uk/pub/food/mealmaster/recipes/mmkah001.zip
 
</step></directions></recipe></recipeml>
