<?xml version="1.0" encoding="UTF-8"?>

<recipeml version="0.5">
  <recipe>
    <head>
      <title>Basic Crepe Batter</title>
      <categories>
        <cat>Breads</cat>
        <cat>Breakfast</cat></categories>
      <yield>12</yield></head>
    <ingredients>
      <ing>
        <amt>
          <qty>3</qty>
          <unit/></amt>
        <item>Eggs</item></ing>
      <ing>
        <amt>
          <qty>1/4</qty>
          <unit>cups</unit></amt>
        <item>Flour</item></ing>
      <ing>
        <amt>
          <qty>1</qty>
          <unit>tablespoon</unit></amt>
        <item>Sugar</item></ing>
      <ing>
        <amt>
          <qty>1 1/4</qty>
          <unit>cups</unit></amt>
        <item>Milk</item></ing>
      <ing>
        <amt>
          <qty>1/4</qty>
          <unit>teaspoons</unit></amt>
        <item>Salt</item></ing>
      <ing>
        <amt>
          <qty>2</qty>
          <unit>tablespoons</unit></amt>
        <item>Butter Soft or melted</item></ing></ingredients>
    <directions>
      <step>  Beat eggs until light.  Gradually add milk and flour alternately, beating
  until smooth.  Beat in salt, sugar and butter. Cover batter and chill at
  least 1 hour or overnight. Heat a lightly greased crepe pan or frying pan.
  Remove from heat.  Spoon in about 2 - 3 tablespoons of batter. Return to
  heat.  Brown lightly then turn and brown the other side. Keep cooked crepes
  covered and warm if using immediately or cool completely then stack with
  waxed paper and refrigerate or freeze. Note: Batter may also be used
  immediately after mixing.
  
  From Gemini's MASSIVE MealMaster collection at www.synapse.com/~gemini
 
</step></directions></recipe></recipeml>
