<?xml version="1.0" encoding="UTF-8"?>

<recipeml version="0.5">
  <recipe>
    <head>
      <title>Basic Cornbread</title>
      <categories>
        <cat>Breads</cat>
        <cat>Mcdougall</cat></categories>
      <yield>8</yield></head>
    <ingredients>
      <ing>
        <amt>
          <qty>2</qty>
          <unit>cups</unit></amt>
        <item>Cornmeal</item></ing>
      <ing>
        <amt>
          <qty>1/2</qty>
          <unit>cups</unit></amt>
        <item>Whole wheat flour</item></ing>
      <ing>
        <amt>
          <qty>1/3</qty>
          <unit>cups</unit></amt>
        <item>Oat flour</item></ing>
      <ing>
        <amt>
          <qty>1/3</qty>
          <unit>cups</unit></amt>
        <item>Millet flour</item></ing>
      <ing>
        <amt>
          <qty>4</qty>
          <unit>teaspoons</unit></amt>
        <item>Baking powder</item></ing>
      <ing>
        <amt>
          <qty>2</qty>
          <unit>cups</unit></amt>
        <item>Rice milk</item></ing>
      <ing>
        <amt>
          <qty>4</qty>
          <unit>tablespoons</unit></amt>
        <item>Frozen apple juice</item></ing>
      <ing>
        <amt>
          <qty/>
          <unit/></amt>
        <item>Concentrate, thawed</item></ing>
      <ing>
        <amt>
          <qty>3</qty>
          <unit>teaspoons</unit></amt>
        <item>Ener-G Egg Replacer, well</item></ing>
      <ing>
        <amt>
          <qty/>
          <unit/></amt>
        <item>Beaten with 4 tb. water</item></ing></ingredients>
    <directions>
      <step>  Preheat oven to 375 degrees. Mix the cornmeal, flours and baking powder
  together and set aside. Mix the remaining ingredients together and pour
  over the dry ingredients. Fold together briefly. Pour into a nonstick
  8-inch square pan. Bake for 30 minutes, or until a toothpick inserted in
  the center comes out clean.
  
  From Gemini's MASSIVE MealMaster collection at www.synapse.com/~gemini
 
</step></directions></recipe></recipeml>
