<?xml version="1.0" encoding="UTF-8"?>

<recipeml version="0.5">
  <recipe>
    <head>
      <title>Basic Cream Pie</title>
      <categories>
        <cat>Pies</cat>
        <cat>Desserts</cat></categories>
      <yield>1</yield></head>
    <ingredients>
      <ing-div>
        <title>CRUST</title>
        <ing>
          <amt>
            <qty>1</qty>
            <unit>cup</unit></amt>
          <item>AM Pastry Flour</item></ing>
        <ing>
          <amt>
            <qty>4</qty>
            <unit>tablespoons</unit></amt>
          <item>Unrefined vegetable oil</item></ing>
        <ing>
          <amt>
            <qty>3</qty>
            <unit>tablespoons</unit></amt>
          <item>Cold water</item></ing></ing-div>
      <ing-div>
        <title>FILLING</title>
        <ing>
          <amt>
            <qty>2</qty>
            <unit>cups</unit></amt>
          <item>Milk OR- soymilk (plain or flavored)</item></ing>
        <ing>
          <amt>
            <qty>1/2</qty>
            <unit>cups</unit></amt>
          <item>Honey or other syrup</item></ing>
        <ing>
          <amt>
            <qty>3</qty>
            <unit/></amt>
          <item>Egg yolks</item></ing>
        <ing>
          <amt>
            <qty>1</qty>
            <unit>tablespoon</unit></amt>
          <item>Vanilla</item></ing>
        <ing>
          <amt>
            <qty>1/4</qty>
            <unit>cups</unit></amt>
          <item>Arrowroot powder OR- corn starch</item></ing>
        <ing>
          <amt>
            <qty>1</qty>
            <unit>tablespoon</unit></amt>
          <item>Cold water</item></ing>
        <ing>
          <amt>
            <qty>3</qty>
            <unit/></amt>
          <item>Egg whites beaten until peaks form (beat while pudding is cooling)</item></ing></ing-div></ingredients>
    <directions>
      <step>  CRUST: Mix all ingredients.  Roll out between wax paper, place in 9" pie
  pan, poke bottom of crust a few times with a fork, and bake at 350 F. for
  10-15 minutes.
  
  FILLING: Combine all ingredients except egg whites in a deep saucepan.
  Beat until thoroughly blended and all powder is dissolved.  Cook over
  medium heat, stirring constantly until mixture begins to thicken.  Lower
  heat and continue stirring and cooking until mixture is very thick.  A
  wire whisk works well and helps keep lumps from forming.  Set pudding off
  heat and let partially cool while preparing the egg whites.  Pour pudding
  into cooled crust.  Top with stiffly beaten egg whites.  Bake at 350 F.
  until whites begin to brown, about 15 minutes.  Cool.
  
  Peanut Butter Cream Pie (add to above recipe):  Stir 1/2 to 3/4 cup AM
  Peanut Butter into liquids before cooking.
  
  Source: Arrowhead Mills "Something Sweet" tri-fold
  Reprinted by permission of Arrowhead Mills, Inc.
  Electronic format courtesy of: Karen Mintzias
  
  File ftp://ftp.idiscover.co.uk/pub/food/mealmaster/recipes/am.zip
 
</step></directions></recipe></recipeml>
