<?xml version="1.0" encoding="UTF-8"?>

<recipeml version="0.5">
  <recipe>
    <head>
      <title>Basic Chicken Marinade</title>
      <categories>
        <cat>Sauce</cat></categories>
      <yield>1</yield></head>
    <ingredients>
      <ing>
        <amt>
          <qty>1/2</qty>
          <unit>cups</unit></amt>
        <item>Orange juice</item></ing>
      <ing>
        <amt>
          <qty>1/4</qty>
          <unit>cups</unit></amt>
        <item>Lemon juice</item></ing>
      <ing>
        <amt>
          <qty>1</qty>
          <unit>teaspoon</unit></amt>
        <item>Dijon mustard</item></ing>
      <ing>
        <amt>
          <qty>1</qty>
          <unit>teaspoon</unit></amt>
        <item>Worcestershire sauce</item></ing>
      <ing>
        <amt>
          <qty>1/4</qty>
          <unit>cups</unit></amt>
        <item>Canola oil</item></ing>
      <ing>
        <amt>
          <qty>3</qty>
          <unit/></amt>
        <item>Cloves garlic; pressed</item></ing>
      <ing>
        <amt>
          <qty>1/4</qty>
          <unit>cups</unit></amt>
        <item>Fresh parsley; chopped</item></ing>
      <ing>
        <amt>
          <qty>1</qty>
          <unit>teaspoon</unit></amt>
        <item>Dried oregano</item></ing>
      <ing>
        <amt>
          <qty/>
          <unit/></amt>
        <item>Kosher salt; to taste</item></ing>
      <ing>
        <amt>
          <qty/>
          <unit/></amt>
        <item>Black peppercorns; freshly ground</item></ing></ingredients>
    <directions>
      <step>  From: kmeade@ids2.idsonline.com (The Meades)
  
  Date: Tue, 16 Apr 1996 15:40:24 -0400
  
  Recipe By: Marinades by Jim Tarantino
  Combine the orange juice, lemon juice, mustard, and worcestershire in a
  nonreactive mixing bowl. Whisk in the oil a little at a time. Add the
  garlic, parsley, oregano, salt and pepper. Makes about 1-1/2 cups.
  
  Serving Ideas : Chicken breasts (3-4 hours), chicken wings (4-6 hours).
  
  NOTES : This combination of citrus, mustard, and herbs, is one of the
  author's favorite year round recipes for chicken breasts. This marinade is
  perfect for the grill or the skillet.
  
  MC-RECIPE@MASTERCOOK.COM
  
  MASTERCOOK RECIPES LIST SERVER
  
  MC-RECIPE DIGEST V1 #45
  
  From the MasterCook recipe list.  Downloaded from Glen's MM Recipe Archive,
  http://www.erols.com/hosey.
 
</step></directions></recipe></recipeml>
