<?xml version="1.0" encoding="UTF-8"?>

<recipeml version="0.5">
  <recipe>
    <head>
      <title>Basic Brown Sauce</title>
      <categories>
        <cat>Sauce</cat></categories>
      <yield>1</yield></head>
    <ingredients>
      <ing>
        <amt>
          <qty>4</qty>
          <unit>tablespoons</unit></amt>
        <item>Unsalted butter</item></ing>
      <ing>
        <amt>
          <qty>1</qty>
          <unit/></amt>
        <item>Stalk celery; coarsely chopped</item></ing>
      <ing>
        <amt>
          <qty>1</qty>
          <unit>small</unit></amt>
        <item>Onion; coarsely chopped</item></ing>
      <ing>
        <amt>
          <qty>1</qty>
          <unit>medium</unit></amt>
        <item>Carrot; peeled and coarsely chopped</item></ing>
      <ing>
        <amt>
          <qty>1</qty>
          <unit>small</unit></amt>
        <item>Leek; coarsely chopped</item></ing>
      <ing>
        <amt>
          <qty>4</qty>
          <unit>tablespoons</unit></amt>
        <item>Flour</item></ing>
      <ing>
        <amt>
          <qty>1</qty>
          <unit>cup</unit></amt>
        <item>Red table wine</item></ing>
      <ing>
        <amt>
          <qty>4</qty>
          <unit>cups</unit></amt>
        <item>Brown stock; (beef, veal)</item></ing>
      <ing>
        <amt>
          <qty>1/2</qty>
          <unit>cups</unit></amt>
        <item>Concentrated brown stock</item></ing>
      <ing>
        <amt>
          <qty>1/4</qty>
          <unit>teaspoons</unit></amt>
        <item>Dried thyme</item></ing>
      <ing>
        <amt>
          <qty>1</qty>
          <unit/></amt>
        <item>Bay leaf</item></ing>
      <ing>
        <amt>
          <qty>3</qty>
          <unit/></amt>
        <item>Cloves garlic</item></ing>
      <ing>
        <amt>
          <qty/>
          <unit/></amt>
        <item>Fine sea salt and freshly ground pepper; to taste</item></ing></ingredients>
    <directions>
      <step>  1. In a heavy sauté or sauce pan, melt the butter. Add the chopped
  vegetables and brown slowly. Sprinkle in the flour, toss with the
  vegetables, and slowly brown the flour.
  
  2. Stir in the wine, stocks, thyme, and bay leaf. Add the garlic through a
  press. Partially cover the pot and simmer about 1 hour. Remove the lid and
  continue to simmer the sauce until it is thick.
  
  3. Pass the sauce through a food mill. Season to taste with salt and
  pepper.
  
  MAKE IT LIGHT: Replace the butter with a butter substitute and use just 2
  tablespoons.
  
  MAKE IT AHEAD: Basic Brown Sauce may be stored for up to 3 days in the
  refrigerator or 2 months in the freezer.
  
  Recipe by: HomeChef School
  
  Posted to MC-Recipe Digest by louiseh &lt;louiseh@earthlink.net&gt; on Apr 16,
  1998
 
</step></directions></recipe></recipeml>
