<?xml version="1.0" encoding="UTF-8"?>

<recipeml version="0.5">
  <recipe>
    <head>
      <title>Basic Buddhist Vegetable Dish</title>
      <categories>
        <cat>Vegetable</cat></categories>
      <yield>8</yield></head>
    <ingredients>
      <ing>
        <amt>
          <qty>12</qty>
          <unit/></amt>
        <item>Vegetables; nuts, etc. (up to)</item></ing>
      <ing>
        <amt>
          <qty>2</qty>
          <unit>cups</unit></amt>
        <item>Water</item></ing>
      <ing>
        <amt>
          <qty>3</qty>
          <unit>tablespoons</unit></amt>
        <item>Soy sauce</item></ing>
      <ing>
        <amt>
          <qty>1</qty>
          <unit>teaspoon</unit></amt>
        <item>Sherry</item></ing>
      <ing>
        <amt>
          <qty>1/2</qty>
          <unit>teaspoons</unit></amt>
        <item>Salt</item></ing>
      <ing>
        <amt>
          <qty>4</qty>
          <unit>tablespoons</unit></amt>
        <item>Oil</item></ing>
      <ing>
        <amt>
          <qty>1</qty>
          <unit>tablespoon</unit></amt>
        <item>Cornstarch</item></ing>
      <ing>
        <amt>
          <qty>1</qty>
          <unit>pinch</unit></amt>
        <item>Sugar</item></ing>
      <ing>
        <amt>
          <qty>3</qty>
          <unit>tablespoons</unit></amt>
        <item>Water</item></ing>
      <ing>
        <amt>
          <qty>1</qty>
          <unit>teaspoon</unit></amt>
        <item>Soy sauce</item></ing>
      <ing>
        <amt>
          <qty>1/2</qty>
          <unit>teaspoons</unit></amt>
        <item>Salt</item></ing>
      <ing>
        <amt>
          <qty>3</qty>
          <unit>drops</unit></amt>
        <item>Sesame oil; more or less</item></ing></ingredients>
    <directions>
      <step>  1. Select 9 to 12 of the ingredients listed in "Buddhist Vegetable Dish
  Dried Ingredients", "Buddhist Vegetable Dish Fresh Ingredients", or
  "Buddhist Vegetable Dish Misc Ingredients", choosing some from each
  category: dried, fresh and miscellaneous. (Although less typical, as few as
  4 or 5 ingredients may be used.) Prepare each ingredient, as indicated.
  
  2. Combine water, soy sauce, sherry and salt.
  
  3. Heat oil. Add selected ingredients, and stir-fry 3 to 5 minutes. (This
  will take a large pan. If one is not available, cook 3 or 4 ingredients at
  a time, then assemble them in step 5 and reheat before adding cornstarch
  paste.)
  
  4. Add water-soy mixture and heat quickly; then simmer, covered, until
  vegetables are tender (about 15 minutes).
  
  5. Blend cornstarch and sugar to a paste with remaining cold water, soy
  sauce and salt; then stir in to thicken. Sprinkle vegetable mixture with
  sesame oil; stir in and serve.
  
  NOTE: This vegetarian dish iS known as the Feast of Arahats or Food for the
  Saints; the Chinese name is Lo (or Loo) Hon Ji, or Lohan Tsai. It will keep
  about a week and can be reheated several times without loss of flavor.
  VARIATION: In step 4, stir 2 tablespoons Chinese red cheese, mashed, into
  the water-soy mixture; then heat quickly.
  
  From &lt;The Thousand Recipe Chinese Cookbook&gt;, ISBN 0-517-65870-4. Downloaded
  from Glen's MM Recipe Archive, http://www.erols.com/hosey.
 
</step></directions></recipe></recipeml>
