<?xml version="1.0" encoding="UTF-8"?>

<recipeml version="0.5">
  <recipe>
    <head>
      <title>Basic Broth (Brodo Di Carne Mista)</title>
      <categories>
        <cat>Italian</cat>
        <cat>Soups/stews</cat>
        <cat>Meats</cat></categories>
      <yield>2</yield></head>
    <ingredients>
      <ing>
        <amt>
          <qty>1</qty>
          <unit>large</unit></amt>
        <item>Onion</item></ing>
      <ing>
        <amt>
          <qty>1</qty>
          <unit>pound</unit></amt>
        <item>Chicken necks and wings</item></ing>
      <ing>
        <amt>
          <qty>1/2</qty>
          <unit>pounds</unit></amt>
        <item>Beef short ribs</item></ing>
      <ing>
        <amt>
          <qty>1/2</qty>
          <unit>pounds</unit></amt>
        <item>Veal bones</item></ing>
      <ing>
        <amt>
          <qty>1</qty>
          <unit>tablespoon</unit></amt>
        <item>Salt</item></ing>
      <ing>
        <amt>
          <qty>2</qty>
          <unit/></amt>
        <item>Celery sticks</item></ing>
      <ing>
        <amt>
          <qty>2</qty>
          <unit>large</unit></amt>
        <item>Carrots</item></ing>
      <ing>
        <amt>
          <qty>1/2</qty>
          <unit>small</unit></amt>
        <item>Celery root (about 3 1/4 oz)</item></ing>
      <ing>
        <amt>
          <qty>1</qty>
          <unit>medium</unit></amt>
        <item>Bunch flat-leaf parsley (about 3 oz)</item></ing>
      <ing>
        <amt>
          <qty>4</qty>
          <unit>medium</unit></amt>
        <item>Garlic cloves</item></ing>
      <ing>
        <amt>
          <qty>4</qty>
          <unit/></amt>
        <item>Balck peppercorns</item></ing></ingredients>
    <directions>
      <step>  PREPARATION and COOKING:  Adjust oven rack to high position and heat the
  broiler.  Peel and halve the onion and broil until charred; set aside.
  Remove fat from chicken parts and beef ribs. Put them and veal bones in a
  6-quart soup kettle with salt and 4 quarts of cold water. Slowly bring to a
  boil.  Halve the celery and carrots, quarter the celery root; add them to
  the soup kettle along with the remaining ingredients and simmer for 3 1/2
  to 4 hours, skimming frequently until stock reduces to 2 quarts. Strain
  broth, discarding solids.  (Can cool, cover, and refrigerate for up to 4
  days or freeze for up to 1 month.)
  
  Makes 2 quarts
  
  [COOKS; Jan/Feb P38 ] Posted by Fred Peters.
  
  From Gemini's MASSIVE MealMaster collection at www.synapse.com/~gemini
 
</step></directions></recipe></recipeml>
