<?xml version="1.0" encoding="UTF-8"?>

<recipeml version="0.5">
  <recipe>
    <head>
      <title>Basic Chocolate Sauce</title>
      <categories>
        <cat>Sauces</cat></categories>
      <yield>16</yield></head>
    <ingredients>
      <ing>
        <amt>
          <qty>2</qty>
          <unit>ounces</unit></amt>
        <item>Semisweet baking chocolate</item></ing>
      <ing>
        <amt>
          <qty>2</qty>
          <unit>tablespoons</unit></amt>
        <item>Butter</item></ing>
      <ing>
        <amt>
          <qty>1/2</qty>
          <unit>cups</unit></amt>
        <item>Boiling water</item></ing>
      <ing>
        <amt>
          <qty>1 1/2</qty>
          <unit>cups</unit></amt>
        <item>Sugar</item></ing>
      <ing>
        <amt>
          <qty/>
          <unit>dashes</unit></amt>
        <item>Salt</item></ing>
      <ing>
        <amt>
          <qty>1</qty>
          <unit>teaspoon</unit></amt>
        <item>Vanilla</item></ing></ingredients>
    <directions>
      <step>  From: Francine Boucher &lt;fboucher@sympatico.ca&gt;
  
  Date: Tue, 21 May 1996 15:22:14 -0500
  
  Melt chocolate in a double boiler.  Stir in butter, then boiling   water,
  then sugar and salt.  Cook stirring occasionally, for 15   minutes.  Remove
  from heat and stir in vanilla.      The sauce is best when served warm.
  Either serve immediately or   reheat in double boiler for 10 minutes or
  microwave for 1 minute.  To   store pour into strilized glass jars.  Allow
  sauce to cool before   refrigerating.  It will keep for 6 months in the
  refrigerator.      Variations:   :       Add any of the following
  flavorings in place of or in additon to the vanilla:
  :       1 ts orange extract or 1/3 c orange juice
  :       1 ts mint extract   :       1/8 c crushed strawberries or
  rasberries, chopped raisins or   nuts   :       1 tb Creme de Menth, Coffe
  liqueur, Spice orange Cordial or   other   : flavored liquer.
  :       1 ts instant coffee      yield: 16 oz SOURCE: CHEAPER AND BETTER
  ALTERNATIVES TO STOREBOUGHT GOODS BY: NANCY BIRNES FOUND BY: FRAN MCGEE
  
  Posted to Master Cook Recipes List, Digest #93
 
</step></directions></recipe></recipeml>
