<?xml version="1.0" encoding="UTF-8"?>

<recipeml version="0.5">
  <recipe>
    <head>
      <title>Basic Country Mustard</title>
      <categories>
        <cat/></categories>
      <yield>1</yield></head>
    <ingredients>
      <ing>
        <amt>
          <qty>2</qty>
          <unit>tablespoons</unit></amt>
        <item>Yellow mustard seeds; coarsely ground</item></ing>
      <ing>
        <amt>
          <qty>1/4</qty>
          <unit>cups</unit></amt>
        <item>Brown or   yellow mustard powder</item></ing>
      <ing>
        <amt>
          <qty>1/4</qty>
          <unit>cups</unit></amt>
        <item>Cold water</item></ing>
      <ing>
        <amt>
          <qty>2</qty>
          <unit>tablespoons</unit></amt>
        <item>White wine vinegar; or cider vinegar</item></ing>
      <ing>
        <amt>
          <qty>1</qty>
          <unit>teaspoon</unit></amt>
        <item>Salt</item></ing></ingredients>
    <directions>
      <step>  INSTRUCTIONS: Grind the mustard seeds to the texture you desire.  (There is
  no ``correct'' texture.) Mix the mustard powder and ground seeds with the
  water. Let sit for 10 minutes. Add the vinegar and salt; blend well.
  Refrigerate overnight before us ing.  Yields about 1 cup
  Posted to MM-Recipes Digest V3 #231
  
  Date: Sun, 25 Aug 1996 01:47:49 -0400
  
  From: Cindy J Hartlin &lt;cjhartlin@accent.net&gt;
  NOTES : Makes 1 cup ``Lost Arts: A Cook's Guide to Making Vinegar,
       Curing
       Olives, Crafting Fresh Goat Cheese and Simple Mustards, Baking
       Bread and
       Growing Herbs,'' by Lynn Alley (Ten Speed Press). San Francisco
       Chronicle,
       4/26/95. Author suggestions using a cheap coffee grinder for
       spices and seeds.
 
</step></directions></recipe></recipeml>
