<?xml version="1.0" encoding="UTF-8"?>

<recipeml version="0.5">
  <recipe>
    <head>
      <title>Basic Cooked Rice</title>
      <categories>
        <cat>Cajun</cat>
        <cat>Main dish</cat></categories>
      <yield>6</yield></head>
    <ingredients>
      <ing>
        <amt>
          <qty>2</qty>
          <unit>cups</unit></amt>
        <item>Uncooked rice (see note)</item></ing>
      <ing>
        <amt>
          <qty>2 1/2</qty>
          <unit>cups</unit></amt>
        <item>Basic stock (Prudhomme)</item></ing>
      <ing>
        <amt>
          <qty>1 1/2</qty>
          <unit>tablespoons</unit></amt>
        <item>Onions, chopped very fine</item></ing>
      <ing>
        <amt>
          <qty>1 1/2</qty>
          <unit>tablespoons</unit></amt>
        <item>Celery, chopped very fine</item></ing>
      <ing>
        <amt>
          <qty>1 1/2</qty>
          <unit>tablespoons</unit></amt>
        <item>Bell peppers,chopped vy fine</item></ing>
      <ing>
        <amt>
          <qty>1 1/2</qty>
          <unit>tablespoons</unit></amt>
        <item>Unsalted butter (preferred)</item></ing>
      <ing>
        <amt>
          <qty>1/2</qty>
          <unit>teaspoons</unit></amt>
        <item>Salt</item></ing>
      <ing>
        <amt>
          <qty>1/8</qty>
          <unit>teaspoons</unit></amt>
        <item>Garlic powder</item></ing>
      <ing>
        <amt>
          <qty/>
          <unit/></amt>
        <item>Pinch white pepper</item></ing>
      <ing>
        <amt>
          <qty/>
          <unit/></amt>
        <item>Pinch black pepper</item></ing>
      <ing>
        <amt>
          <qty/>
          <unit/></amt>
        <item>Pinch cayenne pepper</item></ing></ingredients>
    <directions>
      <step>  In a 5x9x2-1/2-inch loaf pan, combine all ingredients; mix well.  Seal pan
  snuggly with aluminum foil.  Bake at 350F until rice is tender, about 1
  hour, 10 minutes.  Serve immediately.  However, you can count on the rice
  staying hot for 45 minutes and warm for 2 hours.  To reheat leftover rice,
  either use a double boiler or warm the rice in a skillet with unsalted
  butter.
  
  From Paul Prudhomme's Louisiana Kitchen
  
  File ftp://ftp.idiscover.co.uk/pub/food/mealmaster/recipes/mmdjaxxx.zip
 
</step></directions></recipe></recipeml>
