<?xml version="1.0" encoding="UTF-8"?>

<recipeml version="0.5">
  <recipe>
    <head>
      <title>Basic Chocolate Fondue</title>
      <categories>
        <cat>Dessert</cat></categories>
      <yield>4</yield></head>
    <ingredients>
      <ing>
        <amt>
          <qty>1/2</qty>
          <unit>cups</unit></amt>
        <item>Cream</item></ing>
      <ing>
        <amt>
          <qty>1</qty>
          <unit>pound</unit></amt>
        <item>Milk chocolate (bar or bulk)</item></ing>
      <ing>
        <amt>
          <qty>3</qty>
          <unit>tablespoons</unit></amt>
        <item>Kirsch; Cointreau, or brandy, optional</item></ing></ingredients>
    <directions>
      <step>  Date: Fri, 22 Mar 1996 15:24:22 -0800
  
  From: Gerald Edgerton &lt;jerrye@wizard.com&gt;
  
  Warm cream in saucepan over low heat.  Stirring constantly, add the
  chocolate, broken into small pieces. Continue stirring until chocolate is
  melted and well blended. Add liquor or brandy, if desired. Serve in fondue
  dish over candle or very low heat. Offer a choice or fruit to dunk.
  
  MC-RECIPE@MASTERCOOK.COM
  
  MASTERCOOK RECIPES LIST SERVER
  
  From the MasterCook recipe list.  Downloaded from Glen's MM Recipe Archive,
  http://www.erols.com/hosey.
 
</step></directions></recipe></recipeml>
