<?xml version="1.0" encoding="UTF-8"?>

<recipeml version="0.5">
  <recipe>
    <head>
      <title>Basic Crocked Chicken</title>
      <categories>
        <cat>Chicken</cat>
        <cat>Crockpot</cat></categories>
      <yield>1</yield></head>
    <ingredients>
      <ing>
        <amt>
          <qty>1</qty>
          <unit/></amt>
        <item>Whole chicken, 2-1/2 - 3-1/2</item></ing>
      <ing>
        <amt>
          <qty/>
          <unit/></amt>
        <item>Pounds</item></ing>
      <ing>
        <amt>
          <qty/>
          <unit/></amt>
        <item>Optional: lemon wedge, about</item></ing>
      <ing>
        <amt>
          <qty/>
          <unit/></amt>
        <item>1/4 of medium lemon</item></ing>
      <ing>
        <amt>
          <qty/>
          <unit/></amt>
        <item>Salt and pepper to taste</item></ing>
      <ing>
        <amt>
          <qty/>
          <unit/></amt>
        <item>(see Cook's Note)</item></ing>
      <ing>
        <amt>
          <qty/>
          <unit/></amt>
        <item>Optional: 1 bay leaf</item></ing>
      <ing>
        <amt>
          <qty/>
          <unit/></amt>
        <item>Optional: 2-4 sprigs, fresh</item></ing>
      <ing>
        <amt>
          <qty/>
          <unit/></amt>
        <item>Thyme</item></ing></ingredients>
    <directions>
      <step>  Cook's Note: If you plan to serve the chicken cut into serving pieces
  rather than cutting it up and using it in other dishes, sprinkle the top of
  the chicken with seasoned salt, such as Lawry's, to give it more color.
  
  1. Remove giblets from interior of chicken.  Remove fat pads on either side
  of the opening to the interior cavity.  Wash chicken with cold water and
  shake off excess water.  Place in a 3-1/2 or 4 quart crockpot, breast side
  up.
  
  2. Place lemon wedge and bay leaf inside cavity, if using.  Season top of
  chicken with salt and pepper to taste.  Scatter sprigs of thyme around
  chicken.
  
  3. Cook on low power for 7 to 8-1/2 hours.
  
  Nutritional Information (per serving): 205 calories, 7.2 grams fat, 1.9
  grams saturated fat, 105 milligrams cholesterol, 116 milligrams sodium, 32
  % calories from fat.
  
  From Orange County Register Food Section.
  Posted to MM-Recipes Digest  by Jack Elvis &lt;jackelvis@moonlink.net&gt; on Feb
  19, 1998
 
</step></directions></recipe></recipeml>
