<?xml version="1.0" encoding="UTF-8"?>

<recipeml version="0.5">
  <recipe>
    <head>
      <title>Basic Chicken Stock</title>
      <categories>
        <cat>Soups</cat></categories>
      <yield>1</yield></head>
    <ingredients>
      <ing>
        <amt>
          <qty>1</qty>
          <unit/></amt>
        <item>Chicken, cut in half</item></ing>
      <ing>
        <amt>
          <qty>10</qty>
          <unit>cups</unit></amt>
        <item>Water</item></ing>
      <ing>
        <amt>
          <qty>2</qty>
          <unit/></amt>
        <item>Peeled onions</item></ing>
      <ing>
        <amt>
          <qty>4</qty>
          <unit/></amt>
        <item>Whole cloves</item></ing>
      <ing>
        <amt>
          <qty>2</qty>
          <unit/></amt>
        <item>Celery stalks, cut</item></ing>
      <ing>
        <amt>
          <qty>2</qty>
          <unit/></amt>
        <item>Carrots, cut</item></ing>
      <ing>
        <amt>
          <qty>8</qty>
          <unit/></amt>
        <item>Whole peppercorns</item></ing>
      <ing>
        <amt>
          <qty>1</qty>
          <unit/></amt>
        <item>Bay leaf</item></ing>
      <ing>
        <amt>
          <qty>2</qty>
          <unit>teaspoons</unit></amt>
        <item>Salt</item></ing>
      <ing>
        <amt>
          <qty>1</qty>
          <unit>tablespoon</unit></amt>
        <item>Chopped parsley</item></ing>
      <ing>
        <amt>
          <qty>1/2</qty>
          <unit>teaspoons</unit></amt>
        <item>Dried thyme</item></ing>
      <ing>
        <amt>
          <qty/>
          <unit/></amt>
        <item>Pepper</item></ing></ingredients>
    <directions>
      <step>  Place all ingredients in 6 quart stock pot; bring to boil. Reduce
  heat, partially cover pot &amp; simmer gently 1 hour. Remove chicken,
  cool slightly. Discard skin. Remove chicken from bones; cover &amp;
  refrigerate for use in soups, casseroles &amp; salads. Return bones to
  pot, &amp; continue to simmer 1 hour more. Strain chicken stock, pressing
  solids to extract all liquid. Discard solids. Cover &amp; refrigerate;
  use within 2 days. For longer storage skim fat &amp; freeze. Remove
  hardened fat from cold stock.
  
  File ftp://ftp.idiscover.co.uk/pub/food/mealmaster/recipes/mmkah001.zip
 
</step></directions></recipe></recipeml>
