<?xml version="1.0" encoding="UTF-8"?>

<recipeml version="0.5">
  <recipe>
    <head>
      <title>Apple Pound Cake</title>
      <categories>
        <cat>None</cat></categories>
      <yield>1</yield></head>
    <ingredients>
      <ing>
        <amt>
          <qty>3</qty>
          <unit>cups</unit></amt>
        <item>Flour</item></ing>
      <ing>
        <amt>
          <qty>2 1/2</qty>
          <unit>cups</unit></amt>
        <item>Sugar</item></ing>
      <ing>
        <amt>
          <qty>1</qty>
          <unit>cup</unit></amt>
        <item>Cooking oi</item></ing>
      <ing>
        <amt>
          <qty>4</qty>
          <unit/></amt>
        <item>Eggs; unbeaten</item></ing>
      <ing>
        <amt>
          <qty>1/2</qty>
          <unit>teaspoons</unit></amt>
        <item>Salt</item></ing>
      <ing>
        <amt>
          <qty>3</qty>
          <unit>teaspoons</unit></amt>
        <item>Baking powder</item></ing>
      <ing>
        <amt>
          <qty>1</qty>
          <unit/></amt>
        <item>Orange ; Juice of</item></ing>
      <ing>
        <amt>
          <qty>2 1/2</qty>
          <unit>teaspoons</unit></amt>
        <item>Vanilla</item></ing>
      <ing>
        <amt>
          <qty>4</qty>
          <unit>large</unit></amt>
        <item>Tart apples</item></ing>
      <ing>
        <amt>
          <qty>2</qty>
          <unit>teaspoons</unit></amt>
        <item>Cinnamon</item></ing>
      <ing>
        <amt>
          <qty>5</qty>
          <unit>tablespoons</unit></amt>
        <item>Sugar</item></ing></ingredients>
    <directions>
      <step>  Mix together apples (peeled and sliced first!), cinnamon and 5 Tbsp sugar.
  Set aside. In large bowl, beat together 2 1/2 cups sugar, oil, eggs, orange
  juice and vanilla until smooth. Sift flour, salt and baking powder
  together; add a little at a time and mix well. Lightly grease and flour
  large bundt pan. Put half the batter in pan, then half the apples. Add
  remaining butter and then the rest of the apples on top. Bake at 350
  degrees 1 hour 45 minutes. This takes awhile, but it's *really* worth it!!
  
  Posted to JEWISH-FOOD digest Volume 98 #002 by BNLImp &lt;BNLImp@aol.com&gt; on
  Jan 2, 1998
 
</step></directions></recipe></recipeml>
