<?xml version="1.0" encoding="UTF-8"?>

<recipeml version="0.5">
  <recipe>
    <head>
      <title>Apple Pizza Dessert</title>
      <categories>
        <cat>Desserts</cat>
        <cat>Breads</cat>
        <cat>Fruits</cat></categories>
      <yield>12</yield></head>
    <ingredients>
      <ing-div>
        <title/>
        <ing>
          <amt>
            <qty>8</qty>
            <unit>ounces</unit></amt>
          <item>Frozen bread dough; thawed one-half frozen loaf</item></ing>
        <ing>
          <amt>
            <qty>8</qty>
            <unit>ounces</unit></amt>
          <item>Cream cheese; softened</item></ing>
        <ing>
          <amt>
            <qty>1/4</qty>
            <unit>cups</unit></amt>
          <item>Sugar</item></ing>
        <ing>
          <amt>
            <qty>1</qty>
            <unit/></amt>
          <item>Egg</item></ing>
        <ing>
          <amt>
            <qty>1</qty>
            <unit>teaspoon</unit></amt>
          <item>Vanilla</item></ing>
        <ing>
          <amt>
            <qty>4</qty>
            <unit>cups</unit></amt>
          <item>Apples; peel &amp; thinly sliced</item></ing>
        <ing>
          <amt>
            <qty>2/3</qty>
            <unit>cups</unit></amt>
          <item>Sugar</item></ing>
        <ing>
          <amt>
            <qty>1/4</qty>
            <unit>cups</unit></amt>
          <item>Flour</item></ing>
        <ing>
          <amt>
            <qty>1</qty>
            <unit>teaspoon</unit></amt>
          <item>Cinnamon</item></ing></ing-div>
      <ing-div>
        <title>TOPPING</title>
        <ing>
          <amt>
            <qty>1/3</qty>
            <unit>cups</unit></amt>
          <item>Flour</item></ing>
        <ing>
          <amt>
            <qty>1/3</qty>
            <unit>cups</unit></amt>
          <item>Brown sugar</item></ing>
        <ing>
          <amt>
            <qty>2</qty>
            <unit>tablespoons</unit></amt>
          <item>Margarine; softened</item></ing>
        <ing>
          <amt>
            <qty>1/2</qty>
            <unit>cups</unit></amt>
          <item>Slivered almonds</item></ing></ing-div></ingredients>
    <directions>
      <step>  Place bread dough on greased 12 inch deep dish pizza pan. When thawed
  completely, pat dough on bottom and 1/2 inch up sides of pan. Let rest 15
  minutes.
  
  Combine cream cheese, 1/4 cup sugar, egg and vanilla until smooth. Spread
  over bottom of crust.  Combine apples, 2/3 cup sugar, 1/4 cup flour and
  cinnamon. Arrange evenly over cream cheese mixture.
  
  In a small mixing bowl, combine 1/3 cup flour and brown sugar. Cut in
  margarine until mixture is crumbly. Add almonds. Sprinkle evenly over
  apples.
  
  Bake at 350F for about 40 minutes, or until golden brown.
  
  Serve warm or cold, with whipping cream, whipped topping or ice cream.
  
  From Gemini's MASSIVE MealMaster collection at www.synapse.com/~gemini
 
</step></directions></recipe></recipeml>
