<?xml version="1.0" encoding="UTF-8"?>

<recipeml version="0.5">
  <recipe>
    <head>
      <title>Apple Pudding - Lighter</title>
      <categories>
        <cat>Desserts</cat>
        <cat>Breads</cat>
        <cat>Muffins &amp; r</cat></categories>
      <yield>9</yield></head>
    <ingredients>
      <ing>
        <amt>
          <qty>1</qty>
          <unit>cup</unit></amt>
        <item>Sugar</item></ing>
      <ing>
        <amt>
          <qty>1/8</qty>
          <unit>cups</unit></amt>
        <item>Lighter Bake</item></ing>
      <ing>
        <amt>
          <qty>2</qty>
          <unit>medium</unit></amt>
        <item>Eggs</item></ing>
      <ing>
        <amt>
          <qty>1</qty>
          <unit>cup</unit></amt>
        <item>Flour</item></ing>
      <ing>
        <amt>
          <qty>1</qty>
          <unit>teaspoon</unit></amt>
        <item>Nutmeg</item></ing>
      <ing>
        <amt>
          <qty>1/2</qty>
          <unit>teaspoons</unit></amt>
        <item>Cinnamon</item></ing>
      <ing>
        <amt>
          <qty>2</qty>
          <unit>cups</unit></amt>
        <item>Apples; peeled and diced</item></ing>
      <ing>
        <amt>
          <qty>1</qty>
          <unit>cup</unit></amt>
        <item>Walnuts; chopped</item></ing>
      <ing>
        <amt>
          <qty>1</qty>
          <unit>teaspoon</unit></amt>
        <item>Baking soda</item></ing>
      <ing>
        <amt>
          <qty>1/8</qty>
          <unit>cups</unit></amt>
        <item>Hot water</item></ing></ingredients>
    <directions>
      <step>  Cream sugar &amp; shortening together. Add eggs and mix at low speed until
  blended. Stir flour, nutmeg and cinnamon together and add to egg &amp; sugar.
  Mix. Stir in apples &amp; nuts. Dissolve baking soda in hot water, then stir
  into batter. Pour into greased &amp; floured square baking dish. Bake at 375
  degrees until knife inserted at center comes out clean. Approx baking time
  35 - 45 minutes.
  Recipe By     : Eloise Greismeyer
  
  Posted to MC-Recipe Digest V1 #286
  
  Date: Fri, 8 Nov 1996 11:05:18 -0800 (PST)
  
  From: "dmgdjm@dmgdjm.seanet.com" &lt;dmgdjm@dmgdjm.seanet.com&gt;
  
  NOTES : Use Rome Beauty or Jonathon apples.
 
</step></directions></recipe></recipeml>
