<?xml version="1.0" encoding="UTF-8"?>

<recipeml version="0.5">
  <recipe>
    <head>
      <title>Apple Preserves</title>
      <categories>
        <cat>Canning</cat></categories>
      <yield>12 4</yield></head>
    <ingredients>
      <ing>
        <amt>
          <qty>6</qty>
          <unit>cups</unit></amt>
        <item>Peeled, cored, sliced apples</item></ing>
      <ing>
        <amt>
          <qty>1</qty>
          <unit>cup</unit></amt>
        <item>Water</item></ing>
      <ing>
        <amt>
          <qty>1/8</qty>
          <unit>teaspoons</unit></amt>
        <item>Ball Citric Acid</item></ing>
      <ing>
        <amt>
          <qty>1</qty>
          <unit>package</unit></amt>
        <item>Ball 100% Nat. Fruit Pectin</item></ing>
      <ing>
        <amt>
          <qty>1/2</qty>
          <unit>cups</unit></amt>
        <item>Thinly sliced lemon</item></ing>
      <ing>
        <amt>
          <qty>4</qty>
          <unit>cups</unit></amt>
        <item>Sugar</item></ing>
      <ing>
        <amt>
          <qty>2</qty>
          <unit>teaspoons</unit></amt>
        <item>Nutmeg</item></ing></ingredients>
    <directions>
      <step>  Prepare home canning jars and lids according to manufacturer's
  instructions.
  
  Combine apples, water, and citric acid in a large saucepot. Simmer,
  covered, 10 minutes.
  
  Stir in pectin and bring to a rolling boil, stirring frequently. Add lemon
  slices and sugar.
  
  Return to a rolling boil. Boil hard 1 minute, striiring frequently. Remove
  from heat; add nutmeg. Pour hot preserves into hot jars, leaving 1/4-inch
  headspace. Adjust caps.
  
  Ball Consumer Newsline Newsletter Consumer Affairs Ball Corporation PO Box
     2729    Muncie, IN 47307-0729
  Posted to MM-Recipes Digest V4 #237 by rlares@cyberramp.net on Sep 06, 1997
 
</step></directions></recipe></recipeml>
