<?xml version="1.0" encoding="UTF-8"?>

<recipeml version="0.5">
  <recipe>
    <head>
      <title>Apple Raspberry Tart (Motts)</title>
      <categories>
        <cat>Cakes</cat>
        <cat>Brandname</cat></categories>
      <yield>8</yield></head>
    <ingredients>
      <ing-div>
        <title>PASTRY</title>
        <ing>
          <amt>
            <qty>1</qty>
            <unit>cup</unit></amt>
          <item>All-purpose flour</item></ing>
        <ing>
          <amt>
            <qty>1/2</qty>
            <unit>teaspoons</unit></amt>
          <item>Salt</item></ing>
        <ing>
          <amt>
            <qty>1/3</qty>
            <unit>cups</unit></amt>
          <item>Shortening</item></ing>
        <ing>
          <amt>
            <qty>2</qty>
            <unit>tablespoons</unit></amt>
          <item>Cold water; up to 3</item></ing></ing-div>
      <ing-div>
        <title>FILLING</title>
        <ing>
          <amt>
            <qty>1</qty>
            <unit/></amt>
          <item>Egg; separated</item></ing>
        <ing>
          <amt>
            <qty>23</qty>
            <unit>ounces</unit></amt>
          <item>Chunky Apple Sauce</item></ing>
        <ing>
          <amt>
            <qty>1</qty>
            <unit>cup</unit></amt>
          <item>Fresh raspberries OR 10 oz. pkg. frozen; thawed, drained</item></ing>
        <ing>
          <amt>
            <qty>2</qty>
            <unit>tablespoons</unit></amt>
          <item>Sugar</item></ing>
        <ing>
          <amt>
            <qty>1/2</qty>
            <unit>teaspoons</unit></amt>
          <item>Cinnamon</item></ing></ing-div>
      <ing-div>
        <title>TOPPING</title>
        <ing>
          <amt>
            <qty>3/4</qty>
            <unit>cups</unit></amt>
          <item>All-purpose flour</item></ing>
        <ing>
          <amt>
            <qty>1/2</qty>
            <unit>cups</unit></amt>
          <item>Firmly packed brown sugar</item></ing>
        <ing>
          <amt>
            <qty>1/2</qty>
            <unit>teaspoons</unit></amt>
          <item>Cinnamon</item></ing>
        <ing>
          <amt>
            <qty>1/3</qty>
            <unit>cups</unit></amt>
          <item>Margarine or butter; softened</item></ing></ing-div></ingredients>
    <directions>
      <step>  Heat oven to 400F.
  
  In medium bowl, combine flour and salt. Using pastry blender or 2 knives,
  cut shortening into flour mixture until particles are size of small peas.
  Gradually add water, tossing with fork until mixture is moistened.
  
  Gather pastry into ball. Flatten ball. Roll out on lightly floured surface
  from center to edge into circle 1 1/2 inches larger than inverted 9-inch
  tart pan.
  
  Fold dough in half; place in pan. Unfold; press in bottom and up sides of
  pan. Trim edges if necessary.
  
  Bake at 400F for 5 minutes. Remove from oven; reduce oven temperature to
  375F. In small bowl, beat egg white. Brush over entire surface of partially
  baked crust. Reserve yolk for filling.
  
  In medium bowl, combine apple sauce, raspberries, sugar, 1/2 teaspoon
  cinnamon and egg yolk. Pour into pastry-lined pan.
  
  In medium bowl, combine all topping ingredients; sprinkle over fruit
  mixture. Bake at 375F for 40 to 50 minutes or until topping is golden
  brown.
  
  Cool; remove sides of pan. Serve with whipped cream.
  
  Notes: Pantry: Mott's Chunky Apple Sauce. To ensure a crisp crust, we
  recommend partially prebaking the pastry and brushing it with an egg white
  glaze before adding the filling
  
  &gt;Hanneman/Buster 1998-Apr
  
  Recipe by: Motts Applesauce www.motts.com
  
  Posted to MC-Recipe Digest by KitPATh &lt;phannema@wizard.ucr.edu&gt; on Apr 18,
  1998
 
</step></directions></recipe></recipeml>
