<?xml version="1.0" encoding="UTF-8"?>

<recipeml version="0.5">
  <recipe>
    <head>
      <title>Apple Pudding</title>
      <categories>
        <cat>Desserts</cat>
        <cat>Breads</cat>
        <cat>Muffins &amp; r</cat></categories>
      <yield>9</yield></head>
    <ingredients>
      <ing>
        <amt>
          <qty>1</qty>
          <unit>cup</unit></amt>
        <item>Sugar</item></ing>
      <ing>
        <amt>
          <qty>1/4</qty>
          <unit>cups</unit></amt>
        <item>Shortening</item></ing>
      <ing>
        <amt>
          <qty>2</qty>
          <unit>medium</unit></amt>
        <item>Eggs</item></ing>
      <ing>
        <amt>
          <qty>1</qty>
          <unit>cup</unit></amt>
        <item>Flour</item></ing>
      <ing>
        <amt>
          <qty>1</qty>
          <unit>teaspoon</unit></amt>
        <item>Nutmeg</item></ing>
      <ing>
        <amt>
          <qty>1/2</qty>
          <unit>teaspoons</unit></amt>
        <item>Cinnamon</item></ing>
      <ing>
        <amt>
          <qty>2</qty>
          <unit>cups</unit></amt>
        <item>Apples; peeled &amp; diced</item></ing>
      <ing>
        <amt>
          <qty>1</qty>
          <unit>cup</unit></amt>
        <item>Walnuts; chopped</item></ing>
      <ing>
        <amt>
          <qty>1</qty>
          <unit>teaspoon</unit></amt>
        <item>Baking soda</item></ing>
      <ing>
        <amt>
          <qty>1/8</qty>
          <unit>cups</unit></amt>
        <item>Hot water</item></ing></ingredients>
    <directions>
      <step>  1. Mix together sugar and Lighter Bake. Mixture will be crumbly. 2. Add
  eggs &amp; mix at low speed until blended. 3. Stir together flour, nutmeg &amp;
  cinnamon, and add to sugar mixture, blending well.
  
  4. Stir in apples &amp; walnuts until all coated completely. 5. Dissolve baking
  soda in hot water and stir into batter. 6. Pour into greased &amp; floured
  square baking dish and bake at 375 until a knife inserted near center comes
  out clean - approximately     35 - 45 minutes.
  Recipe By     : Eloise Griesmeyer
  
  Posted to MC-Recipe Digest V1 #286
  
  Date: Fri, 8 Nov 1996 11:05:18 -0800 (PST)
  
  From: "dmgdjm@dmgdjm.seanet.com" &lt;dmgdjm@dmgdjm.seanet.com&gt;
  
  NOTES : Use rome beauty or jonathon apples. Good plain, but also good with
  whipped cream or hot caramel syrup poured on top.
 
</step></directions></recipe></recipeml>
