<?xml version="1.0" encoding="UTF-8"?>

<recipeml version="0.5">
  <recipe>
    <head>
      <title>Apple Raisin Stuffed Pork Chops</title>
      <categories>
        <cat>Pork</cat>
        <cat>Favorite</cat>
        <cat>Tried</cat></categories>
      <yield>4</yield></head>
    <ingredients>
      <ing>
        <amt>
          <qty>1</qty>
          <unit>cup</unit></amt>
        <item>Boiling water</item></ing>
      <ing>
        <amt>
          <qty>2</qty>
          <unit>tablespoons</unit></amt>
        <item>MARGARINE</item></ing>
      <ing>
        <amt>
          <qty>1</qty>
          <unit>package</unit></amt>
        <item>(6oz)Peppridge Farm Apple</item></ing>
      <ing>
        <amt>
          <qty/>
          <unit/></amt>
        <item>&amp; Raisin Stuffing Mix</item></ing>
      <ing>
        <amt>
          <qty>4</qty>
          <unit/></amt>
        <item>Boneless pork chops</item></ing>
      <ing>
        <amt>
          <qty/>
          <unit/></amt>
        <item>1 1/4-inches thick</item></ing>
      <ing>
        <amt>
          <qty>1</qty>
          <unit>tablespoon</unit></amt>
        <item>Margarine, melted</item></ing>
      <ing>
        <amt>
          <qty>1</qty>
          <unit>tablespoon</unit></amt>
        <item>Packed brown sugar</item></ing>
      <ing>
        <amt>
          <qty>1</qty>
          <unit>teaspoon</unit></amt>
        <item>Spicy-brown mustard</item></ing></ingredients>
    <directions>
      <step>  Source: Pepperidge Farm Ad
  
  1. Mix boiling water, 2 T. margarine and contents of seasoning/fruit pouch
  until margarine is melted. Add contents of stuffing pouch. Mix lightly. Let
  stand 5 minutes.
  
  2. Cut a side pocket in each of the chops. Spoon stuffing into pockets.
  Place chops in 2-qt. shallow baking dish. Cover.
  
  3. Bake at 350 F. for 25 minutes. Uncover.
  
  4. Mix melted margarine, sugar and mustard. Spoon over chops and continue
  baking uncovered or until chops are done.
  
  From the recipe files of suzy@bestweb.net 4/4/96
  Posted to MM-Recipes Digest V5 #007 by Suzy &lt;suzy@bestweb.net&gt; on Jan 6,
  1998
 
</step></directions></recipe></recipeml>
