<?xml version="1.0" encoding="UTF-8"?>

<recipeml version="0.5">
  <recipe>
    <head>
      <title>Apple Pork Roast/cp</title>
      <categories>
        <cat>Crockpot</cat></categories>
      <yield>4</yield></head>
    <ingredients>
      <ing>
        <amt>
          <qty>2</qty>
          <unit>pounds</unit></amt>
        <item>Boneless pork</item></ing>
      <ing>
        <amt>
          <qty>1</qty>
          <unit>tablespoon</unit></amt>
        <item>Cooking oil</item></ing>
      <ing>
        <amt>
          <qty>1</qty>
          <unit/></amt>
        <item>Carrot; small chunks</item></ing>
      <ing>
        <amt>
          <qty>2</qty>
          <unit/></amt>
        <item>Celery; chopped</item></ing>
      <ing>
        <amt>
          <qty>3</qty>
          <unit>tablespoons</unit></amt>
        <item>Quick-cooking tapioca</item></ing>
      <ing>
        <amt>
          <qty>1/4</qty>
          <unit>cups</unit></amt>
        <item>White wine</item></ing>
      <ing>
        <amt>
          <qty>1</qty>
          <unit>teaspoon</unit></amt>
        <item>Beef bouillon granules</item></ing>
      <ing>
        <amt>
          <qty>1/4</qty>
          <unit>teaspoons</unit></amt>
        <item>Salt</item></ing>
      <ing>
        <amt>
          <qty>1/4</qty>
          <unit>teaspoons</unit></amt>
        <item>Ground cinnamon</item></ing>
      <ing>
        <amt>
          <qty>6</qty>
          <unit>ounces</unit></amt>
        <item>Frzn apple juice concentrate; (thaw but do not dilute</item></ing></ingredients>
    <directions>
      <step>  Trim any fat from pork. Cut in half, if necessary, to fit into crockpot. Pl
  carrots, and celery into bottom of Pammed crockpot. Sprinkle tapioca over t
  Add apple juice concentrate combined with other ingredients and add. Cover
  Cook on Low for 10-12 hours or on high for 5 to 6 hours.
  
  Recipe From: Kathleen Pickell Kathleen's MasterCook Recipe Swap Page
  http://www.cyberspc.mb.ca/~netdir/mccook
  
  &gt;From the recipe files of Carole Walberg
  Posted to MC-Recipe Digest V1 #1030 by "M. Hicks" &lt;nitro_ii@email.msn.com&gt;
  on Jan 22, 1998
 
</step></directions></recipe></recipeml>
