<?xml version="1.0" encoding="UTF-8"?>

<recipeml version="0.5">
  <recipe>
    <head>
      <title>Apple Puffs</title>
      <categories>
        <cat>Breakfast</cat></categories>
      <yield>4</yield></head>
    <ingredients>
      <ing>
        <amt>
          <qty>3/4</qty>
          <unit>cups</unit></amt>
        <item>Aunt Jemima (Orig) pancake m</item></ing>
      <ing>
        <amt>
          <qty>3/4</qty>
          <unit>cups</unit></amt>
        <item>Skim milk</item></ing>
      <ing>
        <amt>
          <qty>2</qty>
          <unit>tablespoons</unit></amt>
        <item>Vegetable oil*</item></ing>
      <ing>
        <amt>
          <qty>1</qty>
          <unit/></amt>
        <item>Jar chunky apple sauce</item></ing>
      <ing>
        <amt>
          <qty>1</qty>
          <unit/></amt>
        <item>Large egg</item></ing>
      <ing>
        <amt>
          <qty>8</qty>
          <unit/></amt>
        <item>Large ripe strawberries</item></ing>
      <ing>
        <amt>
          <qty/>
          <unit/></amt>
        <item>Powdered sugar</item></ing>
      <ing>
        <amt>
          <qty/>
          <unit/></amt>
        <item>Cinnamon</item></ing></ingredients>
    <directions>
      <step>  Mix the  pancake mix, milk, egg and oil in a 2 cup measure. OK to have a
  little rough mixture. Make the mixture a little thinner than regular batter
  but thicker than for a crepe.
    Heat an 8" shallow Teflon (sloped sided) pan with a drop of oil on medium
  heat. Pour in 1/4 of the batter (enough to make a thin pancake. Allow the
  dough to cook until the bubbles form on top but the pk is not cooked all
  the way through. The bottom should be a light golden brown. Scoop 3 Tbs of
  apple sauce on one half of the pancake. Quickly fold the other half over so
  it puffs up. Cook for about a minute or so (being careful not to burn).
  Turn over briefly to cook other side and warm the apples.
    Serve each on a large platter and top with cinnamon and sliced
  strawberries Finish with a little powdered sugar.
    I think what happened was that the applesauce mixed with the still
  uncooked pancake top and was cooked (combined) to make an unusual fluffy
  inside. * Use one Tb of oil to cut fat. ...George
  
  From Gemini's MASSIVE MealMaster collection at www.synapse.com/~gemini
 
</step></directions></recipe></recipeml>
