<?xml version="1.0" encoding="UTF-8"?>

<recipeml version="0.5">
  <recipe>
    <head>
      <title>Apple Pie W/cider Crust</title>
      <categories>
        <cat>Pies</cat></categories>
      <yield>1</yield></head>
    <ingredients>
      <ing-div>
        <title>FILLING</title>
        <ing>
          <amt>
            <qty>8</qty>
            <unit>cups</unit></amt>
          <item>Apples, Peeled &amp; Sliced</item></ing>
        <ing>
          <amt>
            <qty>12</qty>
            <unit>ounces</unit></amt>
          <item>Frozen Apple Juice Concentrate</item></ing>
        <ing>
          <amt>
            <qty>1</qty>
            <unit>teaspoon</unit></amt>
          <item>Cinnamon</item></ing></ing-div>
      <ing-div>
        <title>CRUST</title>
        <ing>
          <amt>
            <qty>1 3/4</qty>
            <unit>cups</unit></amt>
          <item>All-Purpose Flour</item></ing>
        <ing>
          <amt>
            <qty>1/4</qty>
            <unit>cups</unit></amt>
          <item>Whole Wheat Flour</item></ing>
        <ing>
          <amt>
            <qty>1/4</qty>
            <unit>cups</unit></amt>
          <item>Apple Juice Concentrate</item></ing>
        <ing>
          <amt>
            <qty>1/4</qty>
            <unit>teaspoons</unit></amt>
          <item>Salt</item></ing>
        <ing>
          <amt>
            <qty>12</qty>
            <unit>tablespoons</unit></amt>
          <item>Sweet Butter</item></ing></ing-div></ingredients>
    <directions>
      <step>  Preheat the oven to 425 degrees. Combine the apple slices, apple juice and
  cinnamon in a large saucepan. Leave the saucepan uncovered. Simmer over low
  heat until most of the liquid is absorbed into the apples, stirring
  occasionally. The apples will be ready after about 30 minutes. Cool
  slightly. Combine the white and whole wheat flours and salt in a bowl.
  Combine 1/3 of the mixture with enough of the apple juice to form a paste.
  Cut the butter into the remaining flour mixture until it resembles coarse
  meal. Stir in the paste. Form a soft dough but do not knead. Roll out half
  the dough and fit into the (9") Pie Plate. Fill with the cooked apples.
  Roll out the remaining dough and form a top crust. Place the top crust over
  the filling and press the edges together with a fork. Prick a few vents in
  the top crust. Bake for 10 minutes. Reduce the oven temperature to 375
  degrees. Bake until golden brown (15-20 minutes). Serve warm, at room
  temperature or cold. Excellent with sharp cheddar or vanilla ice cream.
  
  From Gemini's MASSIVE MealMaster collection at www.synapse.com/~gemini
 
</step></directions></recipe></recipeml>
