<?xml version="1.0" encoding="UTF-8"?>

<recipeml version="0.5">
  <recipe>
    <head>
      <title>Apple Raisin Crepes</title>
      <categories>
        <cat>Desserts</cat>
        <cat>Fruits</cat>
        <cat>Low-cal</cat></categories>
      <yield>5</yield></head>
    <ingredients>
      <ing>
        <amt>
          <qty>3/4</qty>
          <unit>cups</unit></amt>
        <item>Quaker Oat Bran hot cereal; uncooked</item></ing>
      <ing>
        <amt>
          <qty>1</qty>
          <unit>teaspoon</unit></amt>
        <item>Baking powder</item></ing>
      <ing>
        <amt>
          <qty>1</qty>
          <unit>cup</unit></amt>
        <item>Skim milk</item></ing>
      <ing>
        <amt>
          <qty>3</qty>
          <unit/></amt>
        <item>Egg whites; slightly beaten</item></ing>
      <ing>
        <amt>
          <qty>1</qty>
          <unit>tablespoon</unit></amt>
        <item>Margarine</item></ing>
      <ing>
        <amt>
          <qty>1</qty>
          <unit>cup</unit></amt>
        <item>Ricotta cheese, part skim</item></ing>
      <ing>
        <amt>
          <qty>1</qty>
          <unit>small</unit></amt>
        <item>Apple; finely chopped</item></ing>
      <ing>
        <amt>
          <qty>2/3</qty>
          <unit>cups</unit></amt>
        <item>Raisins</item></ing>
      <ing>
        <amt>
          <qty>1</qty>
          <unit>tablespoon</unit></amt>
        <item>Sugar, confectioners</item></ing>
      <ing>
        <amt>
          <qty>1/2</qty>
          <unit>teaspoons</unit></amt>
        <item>Vanilla</item></ing>
      <ing>
        <amt>
          <qty>2/3</qty>
          <unit>cups</unit></amt>
        <item>Lite pancake syrup</item></ing>
      <ing>
        <amt>
          <qty>1/4</qty>
          <unit>teaspoons</unit></amt>
        <item>Cinnamon</item></ing></ingredients>
    <directions>
      <step>  Combine oat bran and baking powder; add to combined milk, egg whites and
  margarine, mixing well. Heat a 6 to 7 inch crepe pan or skillet over medium
  heat; lightly coat with non-stick spray or lightly oil before making each
  crepe. Pour about 1/4 cup batter onto hot prepared pan; immediately tilt
  pan to coat bottom evenly. Cook 1 to 1 1/2 minutes or until top looks dry.
  Turn; cook an additional minute. Stack between sheets of wax paper.
  
  Combine ricotta, apple, raisins, sugar and vanilla; mix well. Spoon about 2
  tblsp. along less evenly browned side of each crepe. Fold or roll up sides
  to cover filling. Combine syrup and cinnamon; heat over medium heat about 2
  minutes, stirring occasionally, or until heated through. Just before
  serving, pour 2 tblsp. over each crepe. Makes 5 servings--10 crepes. (about
      300    calories per 2 crepes)
  
  From Gemini's MASSIVE MealMaster collection at www.synapse.com/~gemini
 
</step></directions></recipe></recipeml>
