<?xml version="1.0" encoding="UTF-8"?>

<recipeml version="0.5">
  <recipe>
    <head>
      <title>Apple Rice Pudding</title>
      <categories>
        <cat>Diabetic</cat>
        <cat>Desserts</cat>
        <cat>Rice</cat></categories>
      <yield>6</yield></head>
    <ingredients>
      <ing>
        <amt>
          <qty>2</qty>
          <unit>cups</unit></amt>
        <item>Cooked rice</item></ing>
      <ing>
        <amt>
          <qty>1</qty>
          <unit>cup</unit></amt>
        <item>Skim milk</item></ing>
      <ing>
        <amt>
          <qty>1</qty>
          <unit>tablespoon</unit></amt>
        <item>Liquid Sugartwin (1/4 c sug)</item></ing>
      <ing>
        <amt>
          <qty>1/4</qty>
          <unit>cups</unit></amt>
        <item>Raisins</item></ing>
      <ing>
        <amt>
          <qty>1</qty>
          <unit>teaspoon</unit></amt>
        <item>Vanilla</item></ing>
      <ing>
        <amt>
          <qty>1/4</qty>
          <unit>teaspoons</unit></amt>
        <item>Cinnamon</item></ing>
      <ing>
        <amt>
          <qty>1/4</qty>
          <unit>teaspoons</unit></amt>
        <item>Nutmeg</item></ing>
      <ing>
        <amt>
          <qty>1</qty>
          <unit/></amt>
        <item>Apple, shredded peel on</item></ing>
      <ing>
        <amt>
          <qty>1/4</qty>
          <unit>teaspoons</unit></amt>
        <item>Ascorbic acid col. keeper</item></ing></ingredients>
    <directions>
      <step>  1 tbsp Sugartwin has the sweetness of 4 tbsp or 1/4 cup sugar.
  American Diabetes Assoc. guidelines allow 1 tsp sugar per serving or
  2 tbsp for a 6 serving recipe which would taste OK to people
  accustomed to low sugar recipes.
  
  Combine rice, milk, sweetener (or sugar) raisins, vanilla and spices.
  Bring to a boil, reduce heat and stir occasionally until the mixture
  is creamy.
  
  Core and shred apple and sprinkle with ascorbic acid color keeper, or
  with a little lemon juice.  Stir apple into rice mixture.  Cook a few
  minutes longer until apple is soft.  Serve warm or cold.
  
  1/6 recipe made with artificial sweetner - 1 starch choice, 1 milk
  
  Optional:  Cook 2/3 cup rice in 1 2/3 cups water.  Make pudding as
  above without apple and add 2 tbsp coconut.
  
  Adapted from Light &amp; Easy Choices by Kay Spicer, published in Canada.
  Shared by Elizabeth Rodier Jan 94.
  
  File ftp://ftp.idiscover.co.uk/pub/food/mealmaster/recipes/diabetic.zip
 
</step></directions></recipe></recipeml>
