<?xml version="1.0" encoding="UTF-8"?>

<recipeml version="0.5">
  <recipe>
    <head>
      <title>Apple Pie with Port With Cheddar Cheese Crust</title>
      <categories>
        <cat>Pies</cat>
        <cat>Fruits/nuts</cat>
        <cat>Desserts</cat></categories>
      <yield>8</yield></head>
    <ingredients>
      <ing-div>
        <title>FILLING</title>
        <ing>
          <amt>
            <qty>1 1/2</qty>
            <unit>cups</unit></amt>
          <item>Sugar</item></ing>
        <ing>
          <amt>
            <qty>1/4</qty>
            <unit>cups</unit></amt>
          <item>Cornstarch</item></ing>
        <ing>
          <amt>
            <qty>2/3</qty>
            <unit>cups</unit></amt>
          <item>Apple juice</item></ing>
        <ing>
          <amt>
            <qty>2/3</qty>
            <unit>cups</unit></amt>
          <item>Port</item></ing>
        <ing>
          <amt>
            <qty>2</qty>
            <unit>tablespoons</unit></amt>
          <item>Butter or margarine</item></ing>
        <ing>
          <amt>
            <qty>1</qty>
            <unit/></amt>
          <item>Lemon (Grated peel only)</item></ing>
        <ing>
          <amt>
            <qty>8</qty>
            <unit>medium</unit></amt>
          <item>Cooking apples; peeled and sliced</item></ing></ing-div>
      <ing-div>
        <title>CHEDDAR CHEESE CRUST</title>
        <ing>
          <amt>
            <qty>2</qty>
            <unit>cups</unit></amt>
          <item>Sifted flour</item></ing>
        <ing>
          <amt>
            <qty>1</qty>
            <unit>teaspoon</unit></amt>
          <item>Salt</item></ing>
        <ing>
          <amt>
            <qty>2/3</qty>
            <unit>cups</unit></amt>
          <item>Shortening</item></ing>
        <ing>
          <amt>
            <qty>3/4</qty>
            <unit>cups</unit></amt>
          <item>Shredded sharp cheddar</item></ing>
        <ing>
          <amt>
            <qty>5</qty>
            <unit>tablespoons</unit></amt>
          <item>Cold water (or more)</item></ing></ing-div></ingredients>
    <directions>
      <step>  Combine sugar and cornstarch in large saucepan. Stir in apple juice, port,
  butter and lemon peel. Cook over medium heat until mixture boils. Add
  apples and cook gently until barely tender.
  
  To make Cheddar Cheese crust, mix flour, salt and shortening with pastry
  blender until mixture resembles coarse meal. Stir in cheese. Add water
  gradually and mix lightly with fork to form dough. Divide pastry in halves
  and roll out one half to fit 9-inch pie pan. Roll second half of pastry and
  cut into 10 (1/2-inch) strips. Spoon filling into pastry-lined pan. Weave
  pastry strips across filling to make lattice top. Bake at 375F 30 to 45
  minutes, or until done. Serve warm.
  
  From Gemini's MASSIVE MealMaster collection at www.synapse.com/~gemini
 
</step></directions></recipe></recipeml>
