<?xml version="1.0" encoding="UTF-8"?>

<recipeml version="0.5">
  <recipe>
    <head>
      <title>Apple Pie</title>
      <categories>
        <cat>Pies</cat>
        <cat>Desserts</cat></categories>
      <yield>8</yield></head>
    <ingredients>
      <ing>
        <amt>
          <qty>1</qty>
          <unit/></amt>
        <item>Large egg yolk,slightly beat</item></ing>
      <ing>
        <amt>
          <qty>1/4</qty>
          <unit>teaspoons</unit></amt>
        <item>Salt</item></ing>
      <ing>
        <amt>
          <qty>1/2</qty>
          <unit>teaspoons</unit></amt>
        <item>Ground cinnamon</item></ing>
      <ing>
        <amt>
          <qty>1/4</qty>
          <unit>teaspoons</unit></amt>
        <item>Ground nutmeg</item></ing>
      <ing>
        <amt>
          <qty>1</qty>
          <unit/></amt>
        <item>Graham cracker pie crust</item></ing>
      <ing>
        <amt>
          <qty>5 1/2</qty>
          <unit>cups</unit></amt>
        <item>Sliced,peeled cooking apples</item></ing>
      <ing>
        <amt>
          <qty>3/4</qty>
          <unit>cups</unit></amt>
        <item>All-purpose flour</item></ing>
      <ing>
        <amt>
          <qty>1/4</qty>
          <unit>cups</unit></amt>
        <item>Sugar</item></ing>
      <ing>
        <amt>
          <qty>1</qty>
          <unit>tablespoon</unit></amt>
        <item>Lemon juice</item></ing>
      <ing>
        <amt>
          <qty>1/4</qty>
          <unit>cups</unit></amt>
        <item>Packed light brown sugar</item></ing>
      <ing>
        <amt>
          <qty>1/2</qty>
          <unit>cups</unit></amt>
        <item>Sugar</item></ing>
      <ing>
        <amt>
          <qty>1/3</qty>
          <unit>cups</unit></amt>
        <item>Butter, room temperature</item></ing>
      <ing>
        <amt>
          <qty>1/4</qty>
          <unit>cups</unit></amt>
        <item>Packed light brown sugar</item></ing>
      <ing>
        <amt>
          <qty>3</qty>
          <unit>tablespoons</unit></amt>
        <item>All-purpose flour</item></ing></ingredients>
    <directions>
      <step>  Preheat oven to 374 degrees.Brush bottom and sides of crust,evenly, with
  egg yolk;bake on baking sheet until light brown,about 5 minutes. Remove
  crust from oven.Combine sliced apples,lemon juice,1/2 cup sugar, 1/4 cup
  brown sugar,3 tbsp. flour,salt,cinnamon and nutmeg.Mix well and spoon into
  crust.Mix remaining flour,sugar,brown sugar and butter with fork or pastry
  blender until crumbly.Sprinkle topping mixture,evenly, over apples.Bake on
  baking sheet,about 50 minutes.Cool on wire rack. Serve at room temperature.
  
  From Gemini's MASSIVE MealMaster collection at www.synapse.com/~gemini
 
</step></directions></recipe></recipeml>
