<?xml version="1.0" encoding="UTF-8"?>

<recipeml version="0.5">
  <recipe>
    <head>
      <title>Apple Rings</title>
      <categories>
        <cat>Cyberealm</cat>
        <cat>Desserts</cat></categories>
      <yield>4</yield></head>
    <ingredients>
      <ing>
        <amt>
          <qty>3</qty>
          <unit>medium</unit></amt>
        <item>Apples</item></ing>
      <ing>
        <amt>
          <qty>1/3</qty>
          <unit>cups</unit></amt>
        <item>Vinegar</item></ing>
      <ing>
        <amt>
          <qty>1</qty>
          <unit>cup</unit></amt>
        <item>Sugar</item></ing>
      <ing>
        <amt>
          <qty>6</qty>
          <unit/></amt>
        <item>Cloves, whole</item></ing>
      <ing>
        <amt>
          <qty>1</qty>
          <unit/></amt>
        <item>Cinnamon stick</item></ing></ingredients>
    <directions>
      <step>  1.Cook vinegar, sugar and spices for 5 minutes. 2.Wipe apples with a damp
  cloth, but dont peel. Core and cut the apples
    crosswise into 1/2 inch rings, most apples will cut in four rings. 3.Cook
  four rings at a time slowly, in the sugar syrup untill they are
    transparent. Remove carefully, store all in dish and when done pour
    the rest of the syrup over the rings. They keep well for several days.
  From Womens Day Magazine typed by Brigitte sealing
  
  From Gemini's MASSIVE MealMaster collection at www.synapse.com/~gemini
 
</step></directions></recipe></recipeml>
