<?xml version="1.0" encoding="UTF-8"?>

<recipeml version="0.5">
  <recipe>
    <head>
      <title>Apple Pork Curry</title>
      <categories>
        <cat>Pork</cat>
        <cat>Ham</cat></categories>
      <yield>6</yield></head>
    <ingredients>
      <ing>
        <amt>
          <qty>2</qty>
          <unit>pounds</unit></amt>
        <item>Lean pork, cut into -- 1/2"</item></ing>
      <ing>
        <amt>
          <qty/>
          <unit/></amt>
        <item>Cubes</item></ing>
      <ing>
        <amt>
          <qty>1</qty>
          <unit/></amt>
        <item>Apple</item></ing>
      <ing>
        <amt>
          <qty>1</qty>
          <unit>small</unit></amt>
        <item>Onion -- chopped</item></ing>
      <ing>
        <amt>
          <qty>1</qty>
          <unit/></amt>
        <item>Clove garlic -- crushed</item></ing>
      <ing>
        <amt>
          <qty>1</qty>
          <unit>teaspoon</unit></amt>
        <item>Concentrated chicken broth</item></ing>
      <ing>
        <amt>
          <qty>1</qty>
          <unit>tablespoon</unit></amt>
        <item>Curry powder</item></ing>
      <ing>
        <amt>
          <qty>1/8</qty>
          <unit>teaspoons</unit></amt>
        <item>Cinnamon</item></ing>
      <ing>
        <amt>
          <qty>2</qty>
          <unit>teaspoons</unit></amt>
        <item>Ground ginger</item></ing>
      <ing>
        <amt>
          <qty>1/2</qty>
          <unit>teaspoons</unit></amt>
        <item>Salt</item></ing>
      <ing>
        <amt>
          <qty>1/2</qty>
          <unit>cups</unit></amt>
        <item>Orange juice</item></ing>
      <ing>
        <amt>
          <qty/>
          <unit/></amt>
        <item>Peeled and chopped</item></ing></ingredients>
    <directions>
      <step>  In slowcooker, combine the above ingredients.  Cover and cook on low 5 or 6
  hours or until pork is tender. (I have had to let this cook as long as 11
  hours before - still turns out great...) Turn pot on high.  In a measuring
  cup, combine 2 Tbs. cornstarch and 2 Tbs. cold water.  Stir into pork
  mixture.  Cover and cook until thick.  Serve over rice and pass around
  peanuts, coconut, raisins, and chutney as condiments.
  
  Recipe By     : Chzgrits
  
  From: Ladies Home Journal- August 1991
  
  File ftp://ftp.idiscover.co.uk/pub/food/mealmaster/recipes/mmdja006.zip
 
</step></directions></recipe></recipeml>
