<?xml version="1.0" encoding="UTF-8"?>

<recipeml version="0.5">
  <recipe>
    <head>
      <title>Apple Pie Bars</title>
      <categories>
        <cat>Cookies</cat>
        <cat>And</cat>
        <cat>Bars</cat></categories>
      <yield>4</yield></head>
    <ingredients>
      <ing>
        <amt>
          <qty>4</qty>
          <unit>cups</unit></amt>
        <item>Peeled Tart Cooking Apples; thinly sliced</item></ing>
      <ing>
        <amt>
          <qty>1</qty>
          <unit>can</unit></amt>
        <item>(6 oz.) apple juice</item></ing>
      <ing>
        <amt>
          <qty>1</qty>
          <unit>teaspoon</unit></amt>
        <item>Ground cinnamon</item></ing>
      <ing>
        <amt>
          <qty>1/4</qty>
          <unit>teaspoons</unit></amt>
        <item>Ground nutmeg</item></ing>
      <ing>
        <amt>
          <qty>1</qty>
          <unit>tablespoon</unit></amt>
        <item>Cornstarch</item></ing>
      <ing>
        <amt>
          <qty>1/2</qty>
          <unit>cups</unit></amt>
        <item>Sugar</item></ing>
      <ing>
        <amt>
          <qty>3</qty>
          <unit>cups</unit></amt>
        <item>All-purpose flour</item></ing>
      <ing>
        <amt>
          <qty>1</qty>
          <unit>cup</unit></amt>
        <item>Sugar</item></ing>
      <ing>
        <amt>
          <qty>1</qty>
          <unit>teaspoon</unit></amt>
        <item>Baking powder</item></ing>
      <ing>
        <amt>
          <qty>1</qty>
          <unit>cup</unit></amt>
        <item>Butter; softened</item></ing>
      <ing>
        <amt>
          <qty>2</qty>
          <unit/></amt>
        <item>Eggs; slightly beaten</item></ing></ingredients>
    <directions>
      <step>  FOR FILLING: In a large saucepan, combine apples, apple juice, cinnamon and
  nutmeg. Cook over medium high heat until boiling, stirring occasionally.
  Combine cornstarch and the 1/2 cup sugar. Stir into boiling mixture, cook
  and stir until thickened and bubbly. Remove from heat; cool slightly.
  
  FOR CRUST: In a large mixer bowl stir together flour, the 1 cup sugar,
  baking powder and 1/4 teaspoon salt. Add butter and eggs. Beat on low speed
  until mixture is blended and crumbly. Press 2/3 of crumb mixture (3 1/2
  cups) into a greased 15 x 10 x 1 inch pan. Spread apple mixture evenly over
  crust. Sprinkle remaining crumbs over apples. Bake at 375 degrees for 25 to
  30 minutes or until golden brown. Cool, cut into bars. Makes 48.
  
  Recipe by: Key Gourmet
  
  Posted to recipelu-digest by James and Susan Kirkland &lt;kirkland@gj.net&gt; on
  Feb 18, 1998
 
</step></directions></recipe></recipeml>
