<?xml version="1.0" encoding="UTF-8"?>

<recipeml version="0.5">
  <recipe>
    <head>
      <title>Apple Red Cabbage</title>
      <categories>
        <cat>Ethnic</cat>
        <cat>Mw</cat>
        <cat>Vegetables</cat></categories>
      <yield>6</yield></head>
    <ingredients>
      <ing>
        <amt>
          <qty>2 1/2</qty>
          <unit>pounds</unit></amt>
        <item>Head red cabbage</item></ing>
      <ing>
        <amt>
          <qty>2</qty>
          <unit>medium</unit></amt>
        <item>Onion</item></ing>
      <ing>
        <amt>
          <qty>1/2</qty>
          <unit>cups</unit></amt>
        <item>Butter</item></ing>
      <ing>
        <amt>
          <qty>1/4</qty>
          <unit>cups</unit></amt>
        <item>Sugar</item></ing>
      <ing>
        <amt>
          <qty>3</qty>
          <unit>medium</unit></amt>
        <item>Chopped apple</item></ing>
      <ing>
        <amt>
          <qty>1/3</qty>
          <unit>cups</unit></amt>
        <item>Red wine vinegar</item></ing>
      <ing>
        <amt>
          <qty>1 1/2</qty>
          <unit>teaspoons</unit></amt>
        <item>Salt</item></ing>
      <ing>
        <amt>
          <qty>1/4</qty>
          <unit>teaspoons</unit></amt>
        <item>Pepper</item></ing>
      <ing>
        <amt>
          <qty>1/2</qty>
          <unit>teaspoons</unit></amt>
        <item>Ground ginger</item></ing>
      <ing>
        <amt>
          <qty>3</qty>
          <unit/></amt>
        <item>Cloves</item></ing>
      <ing>
        <amt>
          <qty>1/2</qty>
          <unit>cups</unit></amt>
        <item>Raisins</item></ing></ingredients>
    <directions>
      <step>  1.Cut the cabbage in half lengthwise and shred into thin strands. Discard
  core. Peel and chop onion fine. 2. Melt butter or margerine in a 3-qut.
  casserole or browning dish. 3. Add onions and heat, stirring often until
  yellowed, 2 minutes. 4. Add sugar and stir until it begins to caramelize,
  2-3 minutes. 5. Add cabbage, apple, vinegar, salt pepper, ginger and
  cloves. 6. Cover and cook at FULL POWER 5 minutes. 7. Add raisins and cook
  at FULL POWER until cabbage is crisp-tender, apples are cooked through and
  juices are reduced, 1-2 minutes.
  
  Microwave time: 10-12 minutes Conventional range time: 35 minutes Source:
  Micro Cookbook
  Posted to MC-Recipe Digest V1 #813 by Nancy Berry &lt;nlberry@prodigy.net&gt; on
  Sep 28, 1997
 
</step></directions></recipe></recipeml>
