<?xml version="1.0" encoding="UTF-8"?>

<recipeml version="0.5">
  <recipe>
    <head>
      <title>Apple Pie and More</title>
      <categories>
        <cat>Pie</cat></categories>
      <yield>6</yield></head>
    <ingredients>
      <ing-div>
        <title>FOR REGULAR PIE</title>
        <ing>
          <amt>
            <qty>3/4</qty>
            <unit>cups</unit></amt>
          <item>Sugar</item></ing>
        <ing>
          <amt>
            <qty>3</qty>
            <unit>tablespoons</unit></amt>
          <item>All-purpose flour</item></ing>
        <ing>
          <amt>
            <qty>1/4</qty>
            <unit>teaspoons</unit></amt>
          <item>Cinnamon</item></ing>
        <ing>
          <amt>
            <qty>1/4</qty>
            <unit>teaspoons</unit></amt>
          <item>Nutmeg</item></ing>
        <ing>
          <amt>
            <qty>2 1/2</qty>
            <unit>cups</unit></amt>
          <item>Peeled &amp; thinly sliced apples</item></ing>
        <ing>
          <amt>
            <qty>1</qty>
            <unit>cup</unit></amt>
          <item>Frozen unsweetened peaches; thawed and drained</item></ing>
        <ing>
          <amt>
            <qty>3/4</qty>
            <unit>cups</unit></amt>
          <item>Frozen unsweetened raspberries thawed and drained</item></ing>
        <ing>
          <amt>
            <qty>1</qty>
            <unit/></amt>
          <item>Pet-Ritz pie crust shell</item></ing></ing-div>
      <ing-div>
        <title>FOR DEEP DISH PIE</title>
        <ing>
          <amt>
            <qty>1</qty>
            <unit>cup</unit></amt>
          <item>Sugar</item></ing>
        <ing>
          <amt>
            <qty>1/4</qty>
            <unit>cups</unit></amt>
          <item>All-purpose flour</item></ing>
        <ing>
          <amt>
            <qty>1/4</qty>
            <unit>teaspoons</unit></amt>
          <item>Cinnamon</item></ing>
        <ing>
          <amt>
            <qty>1/4</qty>
            <unit>teaspoons</unit></amt>
          <item>Nutmeg</item></ing>
        <ing>
          <amt>
            <qty>3 1/2</qty>
            <unit>cups</unit></amt>
          <item>Peeled &amp; thinly sliced apples</item></ing>
        <ing>
          <amt>
            <qty>1</qty>
            <unit>cup</unit></amt>
          <item>Frozen unsweetened peaches; thawed and drained</item></ing>
        <ing>
          <amt>
            <qty>1</qty>
            <unit>cup</unit></amt>
          <item>Frozen unsweetened raspberries thawed and</item></ing></ing-div>
      <ing-div>
        <title>TOPPING FOR EITHER PIE</title>
        <ing>
          <amt>
            <qty>1/2</qty>
            <unit>cups</unit></amt>
          <item>All-purpose flour</item></ing>
        <ing>
          <amt>
            <qty>1/2</qty>
            <unit>cups</unit></amt>
          <item>Chopped pecans</item></ing>
        <ing>
          <amt>
            <qty>1/4</qty>
            <unit>teaspoons</unit></amt>
          <item>Cinnamon</item></ing>
        <ing>
          <amt>
            <qty>3</qty>
            <unit>tablespoons</unit></amt>
          <item>Sugar</item></ing>
        <ing>
          <amt>
            <qty>1/4</qty>
            <unit>cups</unit></amt>
          <item>Butter; softened</item></ing>
        <ing>
          <amt>
            <qty/>
            <unit/></amt>
          <item>La Creme whipped topping</item></ing></ing-div></ingredients>
    <directions>
      <step>  1. Preheat oven and baking sheet to 425 degrees.
  
  2. In a large bowl, combine sugar, flour, cinnamon and nutmeg. Remove 1/4
  cup of mixture; set aside. Add apples and peaches to mixture in bowl; toss
  lightly.
  
  3. In a separate bowl, toss raspberries and reserved sugar mixture. Add
  raspberries to apples and peaches; toss lightly. Pour into pie crust and
  bake on preheated baking sheet for 20 minutes.
  
  4. For topping: In a small bowl, combine flour, pecans, cinnamon, sugar and
  butter until crumble; sprinkle over pie and continue baking until apples
  are tender, about 20-30 minutes. Wrap pie edges with foil to prevent excess
  browning.
  
  5. Cool; top each piece with whipped topping. Makes 8 servings for
  deep-dish, 6 for regular. Estimated preparation time: 30 minutes Baking
  time: 40 minutes Cooling time: 1 hour
  
  From a collection of my mother's (Judy Hosey) recipe box which contained
  lots of her favorite recipes, clippings, etc.  Downloaded from Glen's MM
  Recipe Archive, http://www.erols.com/hosey.
 
</step></directions></recipe></recipeml>
