<?xml version="1.0" encoding="UTF-8"?>

<recipeml version="0.5">
  <recipe>
    <head>
      <title>Apple Pie</title>
      <categories>
        <cat>Pies</cat>
        <cat>Fruits</cat></categories>
      <yield>1</yield></head>
    <ingredients>
      <ing>
        <amt>
          <qty>1</qty>
          <unit>cup</unit></amt>
        <item>Sugar.</item></ing>
      <ing>
        <amt>
          <qty>2</qty>
          <unit>tablespoons</unit></amt>
        <item>All-purpose flour.</item></ing>
      <ing>
        <amt>
          <qty>1</qty>
          <unit>teaspoon</unit></amt>
        <item>Cinnamon.</item></ing>
      <ing>
        <amt>
          <qty>1/8</qty>
          <unit>teaspoons</unit></amt>
        <item>Nutmeg.</item></ing>
      <ing>
        <amt>
          <qty>1/8</qty>
          <unit>teaspoons</unit></amt>
        <item>Salt. Juice of 1 lemon.</item></ing>
      <ing>
        <amt>
          <qty>7</qty>
          <unit>medium</unit></amt>
        <item>Tart cooking apples,pared,cored and thinly sliced.</item></ing>
      <ing>
        <amt>
          <qty>3</qty>
          <unit>tablespoons</unit></amt>
        <item>Butter or margarine. Kitchenaid pie pastry for double crust 9-inch pie.</item></ing></ingredients>
    <directions>
      <step>  INSTRUCTIONS:Combine sugar,flour,cinnamon,nutmeg,lemon juice and salt;mix
  with apples.
  
  Divide pastry in half.Roll to 1/8 inch thickness and line a 9-inchpie
  plate.Fill with apple mixture and dot with butter.Roll outremaining crust
  and place on pie.Cut slits for steam to escapeand seal edges.Sprinkle with
  sugar lightly.
  
  Bake at 400^F for 50 minutes. YIELD:One 9-inch pie.
  
  From the files of Al Rice, North Pole Alaska.    Feb 1994
  
  From Gemini's MASSIVE MealMaster collection at www.synapse.com/~gemini
 
</step></directions></recipe></recipeml>
