<?xml version="1.0" encoding="UTF-8"?>

<recipeml version="0.5">
  <recipe>
    <head>
      <title>Apple Rhubarb Crisp</title>
      <categories>
        <cat>Desserts</cat></categories>
      <yield>1</yield></head>
    <ingredients>
      <ing>
        <amt>
          <qty>2</qty>
          <unit>cups</unit></amt>
        <item>Peeled and finely sliced apples*</item></ing>
      <ing>
        <amt>
          <qty>2</qty>
          <unit>cups</unit></amt>
        <item>Rhubarb; finely cut</item></ing>
      <ing>
        <amt>
          <qty>2</qty>
          <unit/></amt>
        <item>Eggs; separated</item></ing>
      <ing>
        <amt>
          <qty>1</qty>
          <unit>cup</unit></amt>
        <item>White sugar</item></ing>
      <ing>
        <amt>
          <qty>2</qty>
          <unit>tablespoons</unit></amt>
        <item>All purpose flour</item></ing>
      <ing>
        <amt>
          <qty>1/2</qty>
          <unit>teaspoons</unit></amt>
        <item>Salt</item></ing>
      <ing>
        <amt>
          <qty>1/2</qty>
          <unit>cups</unit></amt>
        <item>White sugar</item></ing>
      <ing>
        <amt>
          <qty>1/2</qty>
          <unit>cups</unit></amt>
        <item>All purpose flour</item></ing>
      <ing>
        <amt>
          <qty>1</qty>
          <unit>teaspoon</unit></amt>
        <item>Cinnamon</item></ing>
      <ing>
        <amt>
          <qty>1/4</qty>
          <unit>teaspoons</unit></amt>
        <item>Nutmeg</item></ing>
      <ing>
        <amt>
          <qty>1/2</qty>
          <unit>cups</unit></amt>
        <item>Butter</item></ing>
      <ing>
        <amt>
          <qty>1/2</qty>
          <unit>cups</unit></amt>
        <item>Chopped nuts</item></ing></ingredients>
    <directions>
      <step>  * (Granny Smith or Delicious)
  
  Place finely cut fruits in a bowl &amp; set aside. Sift sugar, flour &amp; salt
  together. Finely sift this mixture into fruits, turning frequently. Beat
  egg yolks until lemon colored and stir into floured mixture. Beat egg
  whites until stiff and fold gently into fruit mixture. Transfer to buttered
  casserole (9 X 9 pan) and spread with topping.
  
  TOPPING: Sift flour, sugar and spices together, then crumble the butter
  into the dry ingredients. When well mixed, but still in the 'pebbley"
  state, add chopped nuts &amp; mix lightly. Sprinkle topping over apple-rhubarb
  mixture, covering well. Bake 375 oven 30-40 min. until fruit is tender.
  Posted to recipelu-digest Volume 01 Number 356 by James and Susan Kirkland
  &lt;kirkland@gj.net&gt; on Dec 10, 1997
 
</step></directions></recipe></recipeml>
