<?xml version="1.0" encoding="UTF-8"?>

<recipeml version="0.5">
  <recipe>
    <head>
      <title>Apple Rasperry Crumble</title>
      <categories>
        <cat>None</cat></categories>
      <yield>1</yield></head>
    <ingredients>
      <ing>
        <amt>
          <qty>3</qty>
          <unit/></amt>
        <item>Granny Smith apples</item></ing>
      <ing>
        <amt>
          <qty>1</qty>
          <unit/></amt>
        <item>Lemon</item></ing>
      <ing>
        <amt>
          <qty>10</qty>
          <unit>ounces</unit></amt>
        <item>Frozen raspberries</item></ing>
      <ing>
        <amt>
          <qty>1</qty>
          <unit>cup</unit></amt>
        <item>Flour</item></ing>
      <ing>
        <amt>
          <qty>1/2</qty>
          <unit>cups</unit></amt>
        <item>Sugar</item></ing>
      <ing>
        <amt>
          <qty>1/2</qty>
          <unit>cups</unit></amt>
        <item>Unsalted butter</item></ing>
      <ing>
        <amt>
          <qty>1/4</qty>
          <unit>teaspoons</unit></amt>
        <item>Nutmeg</item></ing></ingredients>
    <directions>
      <step>  Here's a simple Martha Stewart recipe for:
  
  Preheat oven to 375 degrees. Peel and core apples and cut each into 8 to 10
  slices. Arrange them in a buttered shallow baking dish. Sprinkle lemon
  juice over them.
  
  Drain the raspberries and reserve the juice or another use. Sprinkle the
  beries over the apples.
  
  Mix flour and sugar in a bowl. Cut the butter in with your fingers until
  mixture is crumbly. Add nutmeg and cover the fruit with this mixture.
  
  Bake for 25 minutes or until top is golden brown. Serve with heavy cream,
  softly whipped if you wish.
  
  (I've done whipped cream in a pressurized can on this and it's good too).
  
  I believe this came from her Quick Cook book. Posted to TNT - Prodigy's
  Recipe Exchange Newsletter  by TRANSCRIBE@aol.com on Aug 9, 1997
 
</step></directions></recipe></recipeml>
