<?xml version="1.0" encoding="UTF-8"?>

<recipeml version="0.5">
  <recipe>
    <head>
      <title>Apple Pudding with Sauce</title>
      <categories>
        <cat>Apples</cat>
        <cat>Desserts</cat></categories>
      <yield>6</yield></head>
    <ingredients>
      <ing-div>
        <title/>
        <ing>
          <amt>
            <qty>1/4</qty>
            <unit>cups</unit></amt>
          <item>Butter</item></ing>
        <ing>
          <amt>
            <qty>3/4</qty>
            <unit>cups</unit></amt>
          <item>Sugar</item></ing>
        <ing>
          <amt>
            <qty>1</qty>
            <unit/></amt>
          <item>Egg</item></ing>
        <ing>
          <amt>
            <qty>2</qty>
            <unit>cups</unit></amt>
          <item>Grated raw apples</item></ing>
        <ing>
          <amt>
            <qty>1</qty>
            <unit>cup</unit></amt>
          <item>Flour</item></ing>
        <ing>
          <amt>
            <qty>1</qty>
            <unit>teaspoon</unit></amt>
          <item>Baking soda</item></ing>
        <ing>
          <amt>
            <qty>1/2</qty>
            <unit>teaspoons</unit></amt>
          <item>Cinnamon</item></ing>
        <ing>
          <amt>
            <qty>1/4</qty>
            <unit>cups</unit></amt>
          <item>Nuts; chopped</item></ing></ing-div>
      <ing-div>
        <title>SAUCE</title>
        <ing>
          <amt>
            <qty>1/4</qty>
            <unit>cups</unit></amt>
          <item>Margarine</item></ing>
        <ing>
          <amt>
            <qty>1/4</qty>
            <unit>cups</unit></amt>
          <item>Sugar</item></ing>
        <ing>
          <amt>
            <qty>1/4</qty>
            <unit>cups</unit></amt>
          <item>Evaporated milk; or evap. skim milk</item></ing>
        <ing>
          <amt>
            <qty>1/4</qty>
            <unit>cups</unit></amt>
          <item>Brown sugar</item></ing></ing-div></ingredients>
    <directions>
      <step>  Cream together: butter and sugar. Add egg, apple, flour, baking soda,
  cinnamon and nuts. Put in greased 8x8" baking pan. Can use mold or Bundt
  pan. Bake at 350 F. for 30-35 minutes. Add 20 minutes for mold or Bundt
  pan. Pudding should be firm in the center. Serve with warm butter sauce.
  Sauce: Heat together margarine, white and brown sugar and evaprated milk.
  Pour over pudding to serve. MC formatting and posted by
  bobbi744@sojourn.com
  
  Recipe By     : Jan Dye's recipe/R. Banghart&lt;bobbi744@sojourn.com&gt;
  
  Posted to MC-Recipe Digest V1 #224
  
  Date: Tue, 24 Sep 1996 13:34:17 -0400
  
  From: Robertal Banghart &lt;bobbi744@sojourn.com&gt;
  
  NOTES : Recipe can easily be doubled and baked in a 9x13" baking pan.
  Wonderful!!
 
</step></directions></recipe></recipeml>
