<?xml version="1.0" encoding="UTF-8"?>

<recipeml version="0.5">
  <recipe>
    <head>
      <title>Apple Pie 2</title>
      <categories>
        <cat>Favorites</cat>
        <cat>Pies</cat></categories>
      <yield>8</yield></head>
    <ingredients>
      <ing>
        <amt>
          <qty>1/2</qty>
          <unit>cups</unit></amt>
        <item>Brown sugar</item></ing>
      <ing>
        <amt>
          <qty>1</qty>
          <unit>teaspoon</unit></amt>
        <item>Cinnamon</item></ing>
      <ing>
        <amt>
          <qty>2</qty>
          <unit>tablespoons</unit></amt>
        <item>Flour</item></ing>
      <ing>
        <amt>
          <qty>1</qty>
          <unit>dash</unit></amt>
        <item>Salt</item></ing>
      <ing>
        <amt>
          <qty/>
          <unit/></amt>
        <item>Nutmeg</item></ing>
      <ing>
        <amt>
          <qty>6</qty>
          <unit>cups</unit></amt>
        <item>Thinly sliced apples</item></ing>
      <ing>
        <amt>
          <qty/>
          <unit/></amt>
        <item>Butter</item></ing>
      <ing>
        <amt>
          <qty/>
          <unit/></amt>
        <item>Pastry for 2 crust pie</item></ing></ingredients>
    <directions>
      <step>  BAKE:  425ø
  
  Make bottom crust.  Refrigerate.  Combine sugar, cinnamon, flour and salt.
  Add to apples, tossing lightly.  Turn into pie plan.  Dot with butter and
  sprinkle with nutmeg.  Cover with top crust and cut slits for steam,  Bake
  45 - 50 mins.
  
  ORIGINATOR:    ? SUBMITTOR Grace Wagner (wgmm@main.citynet.net) DATE
  11/8/96
  Recipe By     : 1980
  
  Posted to MC-Recipe Digest V1 #285
  
  Date: Fri, 08 Nov 1996 08:20:03 -0500
  
  From: Grace Wagner &lt;wgmm@main.citynet.net&gt;
 
</step></directions></recipe></recipeml>
