<?xml version="1.0" encoding="UTF-8"?>

<recipeml version="0.5">
  <recipe>
    <head>
      <title>Apple/prune-Stuffed Pork Loin W/roasted</title>
      <categories>
        <cat>Main</cat>
        <cat>Dish</cat></categories>
      <yield>8</yield></head>
    <ingredients>
      <ing>
        <amt>
          <qty>3</qty>
          <unit>pounds</unit></amt>
        <item>Boneless pork loin Roast; (to 3 1/2 pounds)</item></ing>
      <ing>
        <amt>
          <qty/>
          <unit/></amt>
        <item>Salt</item></ing>
      <ing>
        <amt>
          <qty/>
          <unit/></amt>
        <item>Black pepper; freshly ground</item></ing>
      <ing>
        <amt>
          <qty>1</qty>
          <unit>teaspoon</unit></amt>
        <item>Dried thyme; about; crumbled</item></ing>
      <ing>
        <amt>
          <qty>1/2</qty>
          <unit>teaspoons</unit></amt>
        <item>Dried rosemary; about; crumb</item></ing>
      <ing>
        <amt>
          <qty>1</qty>
          <unit/></amt>
        <item>Granny smith apple (or newton pippin or Jonagold); peeled, cored, cut in 1/4" slices</item></ing>
      <ing>
        <amt>
          <qty>8</qty>
          <unit>large</unit></amt>
        <item>Prunes; pitted</item></ing>
      <ing>
        <amt>
          <qty>2</qty>
          <unit>tablespoons</unit></amt>
        <item>Olive oil</item></ing>
      <ing>
        <amt>
          <qty/>
          <unit/></amt>
        <item>Vegetable oil spray</item></ing>
      <ing>
        <amt>
          <qty>8</qty>
          <unit/></amt>
        <item>Baking potatoes; peeled &amp; cut 4 lengthwise wedges</item></ing></ingredients>
    <directions>
      <step>  Recipe by: St. Louis Post-Dispatch 10/2/95 For double top loin roast, if
  roast is tied, cut strings and open 2 pieces like book. Sprinkle with salt
  and pepper and half of the thyme and rosemary. Arrange 3/4 of apple slices
  evenly down center of roast. Arrange prunes in 1 row and spread remaining
  apple slices on top. Replace other section of roast to enclose filling. Tie
  with heavy string every 2 inches. Sprinkle roast with remaining thyme and
  rosemary. Season to taste with salt and pepper.
  
  (For boned, rolled and tied pork loin, make tunnel for stuffing by cutting
  2 1/4-inch-wide slit in center of each end of loin. With long, narrow
  knife, cut through loin to connect slits, making opening about 1 1/4 inches
  in diameter. Sprinkle cavity with salt, pepper and herbs. Fill pocket from
  both ends with apples and prunes, spacing evenly.) Preheat oven to 350
  degrees. Heat olive oil in large nonstick skillet over medium-high heat.
  Add pork loin and brown on all sides, about 12 minutes. Coat rack and
  roasting pan with cooking spray. Place roast on rack in roasting pan. Place
  potatoes in skillet and saute until brown on all sides. Add potatoes to
  roasting pan. Bake until internal temperature of roast is 160 degrees for
  well done, about 1 3/4 hours. Cover loosely with foil and let stand 10
  minutes before slicing. Serve with roasted potatoes. Yield: 8 to 10
  servings. Recipe from Kathleen Desmond Stang, author of the newly released
  "The Delectable Apple" (Chronicle Books).
  Posted to MC-Recipe Digest V1 #813 by Nancy Berry &lt;nlberry@prodigy.net&gt; on
  Sep 28, 1997
 
</step></directions></recipe></recipeml>
