<?xml version="1.0" encoding="UTF-8"?>

<recipeml version="0.5">
  <recipe>
    <head>
      <title>Apple Pudding with Lemon Sauce</title>
      <categories>
        <cat>Dessert</cat></categories>
      <yield>12</yield></head>
    <ingredients>
      <ing-div>
        <title/>
        <ing>
          <amt>
            <qty>1</qty>
            <unit>cup</unit></amt>
          <item>Sugar</item></ing>
        <ing>
          <amt>
            <qty>1</qty>
            <unit/></amt>
          <item>Egg</item></ing>
        <ing>
          <amt>
            <qty>1/2</qty>
            <unit/></amt>
          <item>Stick butter or margarine</item></ing>
        <ing>
          <amt>
            <qty>1</qty>
            <unit>cup</unit></amt>
          <item>All-purpose flour</item></ing>
        <ing>
          <amt>
            <qty>1</qty>
            <unit>teaspoon</unit></amt>
          <item>Soda</item></ing>
        <ing>
          <amt>
            <qty>1</qty>
            <unit>teaspoon</unit></amt>
          <item>Nutmeg</item></ing>
        <ing>
          <amt>
            <qty>1</qty>
            <unit>teaspoon</unit></amt>
          <item>Cinnamon</item></ing>
        <ing>
          <amt>
            <qty>5</qty>
            <unit/></amt>
          <item>Apples; peeled and diced (canned pineapple can be substituted)</item></ing></ing-div>
      <ing-div>
        <title>LEMON SAUCE</title>
        <ing>
          <amt>
            <qty>1/2</qty>
            <unit>cups</unit></amt>
          <item>Water</item></ing>
        <ing>
          <amt>
            <qty>1</qty>
            <unit>cup</unit></amt>
          <item>Sugar</item></ing>
        <ing>
          <amt>
            <qty>2</qty>
            <unit>teaspoons</unit></amt>
          <item>Flour</item></ing>
        <ing>
          <amt>
            <qty>1/2</qty>
            <unit/></amt>
          <item>Stick butter or margarine</item></ing>
        <ing>
          <amt>
            <qty>3</qty>
            <unit/></amt>
          <item>Lemons; juice of</item></ing></ing-div></ingredients>
    <directions>
      <step>   Heat oven to 350 degrees.
  
   Cream sugar, egg and butter together. Add flour, soda, nutmeg and
  cinnamon. Blend in apples. (If mixture is too stiff, add 1/2 cup water.)
  
   Spread dough in a greased and floured 8x10-inch baking pan or cookie sheet
  with 1-inch sides. Bake for 30 minutes. (Be careful not to overbake.)
  
   LEMON SAUCE: Put water, sugar, flour, butter and lemon juice in saucepan
  with the halves from one of the juiced lemons (to impart a bit of lemon
  oil). Bring to a boil. Remove lemon halves. Boil for 2 minutes while
  stirring.
  
   To serve, cut pudding into squares and pour hot sauce over them. Or omit
  sauce and dust with confectioner's sugar.
  
  ELIZABETH YOUNG HUCKABY, FROM
  
  SOME NEWSPAPER ARTICLE OR
  
  MAGAZINE
  
  From a collection of my mother's (Judy Hosey) recipe box which contained
  lots of her favorite recipes, clippings, etc.  Downloaded from Glen's MM
  Recipe Archive, http://www.erols.com/hosey.
 
</step></directions></recipe></recipeml>
