<?xml version="1.0" encoding="UTF-8"?>

<recipeml version="0.5">
  <recipe>
    <head>
      <title>Apple Pumpkin Deserts</title>
      <categories>
        <cat>None</cat></categories>
      <yield>1</yield></head>
    <ingredients>
      <ing>
        <amt>
          <qty>1</qty>
          <unit>can</unit></amt>
        <item>(21 oz.) apple filling or topping</item></ing>
      <ing>
        <amt>
          <qty>1</qty>
          <unit>can</unit></amt>
        <item>(16 oz.) pumpkin (about 2c.)</item></ing>
      <ing>
        <amt>
          <qty>1</qty>
          <unit>can</unit></amt>
        <item>(14 oz.) sweetened condensed milk</item></ing>
      <ing>
        <amt>
          <qty>2</qty>
          <unit/></amt>
        <item>Eggs</item></ing>
      <ing>
        <amt>
          <qty>1</qty>
          <unit>teaspoon</unit></amt>
        <item>Cinnamon</item></ing>
      <ing>
        <amt>
          <qty>1/2</qty>
          <unit>teaspoons</unit></amt>
        <item>Nutmeg</item></ing>
      <ing>
        <amt>
          <qty>1/2</qty>
          <unit>teaspoons</unit></amt>
        <item>Salt</item></ing>
      <ing>
        <amt>
          <qty>1</qty>
          <unit>cup</unit></amt>
        <item>Gingersnap crumbs (about 18 cookies)</item></ing>
      <ing>
        <amt>
          <qty>2</qty>
          <unit>tablespoons</unit></amt>
        <item>Butter or marg., melted</item></ing></ingredients>
    <directions>
      <step>  Heat oven to 400. Spoon apple filling into 8 to 10 custard cups. In large
  mixer bowl, beat pumpkin, sweetened condensed milk, eggs, cinnamon, nutmeg,
  and salt; spoon over apple filling. Combine crumbs and butter. Sprinle over
  pumpkin. Place cups on 15x10 in jellyroll pan. Bae 10 mins. Reduce heat to
  350. Bake 15 mins. or till set. Cool. Refrigerate leftovers. Posted to TNT
  ~ Prodigy's Recipe Exchange Newsletter  by donarose@juno.com on Jul 8, 1997
 
</step></directions></recipe></recipeml>
