<?xml version="1.0" encoding="UTF-8"?>

<recipeml version="0.5">
  <recipe>
    <head>
      <title>Apple Pie in a Jar</title>
      <categories>
        <cat>None</cat></categories>
      <yield>1</yield></head>
    <ingredients>
      <ing>
        <amt>
          <qty>28</qty>
          <unit>cups</unit></amt>
        <item>Peeled; sliced, then quartered *tart* apples</item></ing>
      <ing>
        <amt>
          <qty>4 1/2</qty>
          <unit>cups</unit></amt>
        <item>Sugar</item></ing>
      <ing>
        <amt>
          <qty>1</qty>
          <unit>cup</unit></amt>
        <item>Cornstarch</item></ing>
      <ing>
        <amt>
          <qty>2</qty>
          <unit>teaspoons</unit></amt>
        <item>Cinnamon</item></ing>
      <ing>
        <amt>
          <qty>1/4</qty>
          <unit>teaspoons</unit></amt>
        <item>Nutmeg</item></ing>
      <ing>
        <amt>
          <qty>1</qty>
          <unit>teaspoon</unit></amt>
        <item>Salt</item></ing>
      <ing>
        <amt>
          <qty>10</qty>
          <unit>cups</unit></amt>
        <item>Water</item></ing>
      <ing>
        <amt>
          <qty>2</qty>
          <unit>tablespoons</unit></amt>
        <item>Lemon juice</item></ing>
      <ing>
        <amt>
          <qty>3</qty>
          <unit>drops</unit></amt>
        <item>Yellow food coloring</item></ing>
      <ing>
        <amt>
          <qty>3</qty>
          <unit>tablespoons</unit></amt>
        <item>Dehydrated lemon peel</item></ing></ingredients>
    <directions>
      <step>  Make a syrup from sugar, constarch, cinnamon, nutmeg, salt and water. Cook
  and stir until thick and bubbly. Add lemon juice mix with apples, pack into
  jars leaving a good 1/2 inch at top of jar. Seal and process jars in water
  bath for 20 minutes. Makes about 7 quarts of filling. After jars are
  completely cooled, I unscrew the ring and cut large circles of holiday-ish
  tissue paper, put over the lid, then gently put screw the ring back on.
  
  I then make labels on my computer with cardstock and a Christmas graphic,
  titled, "Pamela's Apple Pie in a Jar", punch a hole in the top, which I tie
  with raffia around lids that have the recipe for the crumb topping below:
  
  : 1 cup butter
  : 1 cup brown sugar
  : 1 cup flour
  : Process til crumbly.
  : Stir in:
  : 1 cup oatmeal
  
  Spread on top of filling in a 9x13 pan. Sprinkle with cinnamon. Bake 350
  degrees for 40 minutes. Top with ice cream or whipped cream while warm.
  
  Note: For my small family, I can filling in pint size jars and bake in a
  8x8 pan.
  Posted to TNT Recipes Digest, Vol 01, Nr 943 by Frank Thompson
  &lt;frankt@psdunix.provo.k12.ut.us&gt; on Jan 16, 1998
 
</step></directions></recipe></recipeml>
