<?xml version="1.0" encoding="UTF-8"?>

<recipeml version="0.5">
  <recipe>
    <head>
      <title>Apple Pie with Pecan Crumble</title>
      <categories>
        <cat>Pies</cat></categories>
      <yield>6</yield></head>
    <ingredients>
      <ing>
        <amt>
          <qty>2 1/2</qty>
          <unit>cups</unit></amt>
        <item>Flour</item></ing>
      <ing>
        <amt>
          <qty>1/2</qty>
          <unit>teaspoons</unit></amt>
        <item>Plus a pinch of salt</item></ing>
      <ing>
        <amt>
          <qty>10</qty>
          <unit>tablespoons</unit></amt>
        <item>Cold margarine</item></ing>
      <ing>
        <amt>
          <qty>1/4</qty>
          <unit>cups</unit></amt>
        <item>Vegetable shortening</item></ing>
      <ing>
        <amt>
          <qty>3</qty>
          <unit>tablespoons</unit></amt>
        <item>Water; (up to 4)</item></ing>
      <ing>
        <amt>
          <qty>3</qty>
          <unit>pounds</unit></amt>
        <item>Apples; ( about 9 apples)</item></ing>
      <ing>
        <amt>
          <qty/>
          <unit/></amt>
        <item>I use Macintosh; but any baking apple will do.</item></ing>
      <ing>
        <amt>
          <qty>2</qty>
          <unit>tablespoons</unit></amt>
        <item>Lemon juice</item></ing>
      <ing>
        <amt>
          <qty>1</qty>
          <unit>tablespoon</unit></amt>
        <item>Cornstarch</item></ing>
      <ing>
        <amt>
          <qty>2/3</qty>
          <unit>cups</unit></amt>
        <item>Brown sugar</item></ing>
      <ing>
        <amt>
          <qty>1/3</qty>
          <unit>cups</unit></amt>
        <item>Granulated sugar</item></ing>
      <ing>
        <amt>
          <qty>1 3/4</qty>
          <unit>teaspoons</unit></amt>
        <item>Cinnamon</item></ing>
      <ing>
        <amt>
          <qty>1/2</qty>
          <unit>teaspoons</unit></amt>
        <item>Nutmeg</item></ing>
      <ing>
        <amt>
          <qty>1/3</qty>
          <unit>cups</unit></amt>
        <item>Chopped pecans</item></ing></ingredients>
    <directions>
      <step>  Source: First Magazine- Sept. 1989
  
  Combine 1 1/2 cups flour and the 1/2 tsp salt. Cut 4 Tbs. of the margarine
  and the shortening into the dry ingredients until the mixture resembles
  coarse meal. Add water, 1 tablespoon at a time, tossing until the dough
  just holds together. Wrap in plastic and refrigerate at least 30 minutes.
  
  Heat the oven to 375º. Peel the apples and cut into thin slices. Toss with
  the lemon juice, cornstarch, 1/3 cup brown sugar, the granulated sugar, 1
  tsp cinnamon and the nutmeg.
  
  Combine the remaining 1 cup flour, 1/3 cup brown sugar, 3/4 tsp. cinnamon
  and pinch of salt. Cut the remaining 6 Tbs of margarine into this mixture
  until crumbly. Add pecans.
  
  Roll out the chilled dough on a floured work surface and fit into 9 inch
  pie pan. Trim and flute the edges. Put in the freezer for 5 minutes to
  firm. Fill the pie shell with the apples and sprinkle the crumb mixture
  over the top. Bake until the crust is golden and the filling bubbles. 60-70
  minutes. Cover loosely with foil if the topping browns to quickly.
  
  Posted to JEWISH-FOOD digest Volume 98 #002 by Bella Parnes
  &lt;bparnes@aabgu.org&gt; on Jan 2, 1998
 
</step></directions></recipe></recipeml>
