<?xml version="1.0" encoding="UTF-8"?>

<recipeml version="0.5">
  <recipe>
    <head>
      <title>Apple Pie Bread</title>
      <categories>
        <cat>Low-fat</cat>
        <cat>Quick</cat></categories>
      <yield>14</yield></head>
    <ingredients>
      <ing>
        <amt>
          <qty>2</qty>
          <unit>cups</unit></amt>
        <item>All-purpose flour; unbleache</item></ing>
      <ing>
        <amt>
          <qty>1/2</qty>
          <unit>cups</unit></amt>
        <item>Rolled oats; old-fashioned</item></ing>
      <ing>
        <amt>
          <qty>1</qty>
          <unit>teaspoon</unit></amt>
        <item>Baking powder</item></ing>
      <ing>
        <amt>
          <qty>1</qty>
          <unit>teaspoon</unit></amt>
        <item>Baking soda</item></ing>
      <ing>
        <amt>
          <qty>1</qty>
          <unit>teaspoon</unit></amt>
        <item>Ground cinnamon</item></ing>
      <ing>
        <amt>
          <qty>1/4</qty>
          <unit>teaspoons</unit></amt>
        <item>Salt</item></ing>
      <ing>
        <amt>
          <qty>1</qty>
          <unit>large</unit></amt>
        <item>Egg</item></ing>
      <ing>
        <amt>
          <qty>1</qty>
          <unit>large</unit></amt>
        <item>Egg white</item></ing>
      <ing>
        <amt>
          <qty>1/2</qty>
          <unit>cups</unit></amt>
        <item>Brown sugar; packed</item></ing>
      <ing>
        <amt>
          <qty>1/4</qty>
          <unit>cups</unit></amt>
        <item>Honey</item></ing>
      <ing>
        <amt>
          <qty>1</qty>
          <unit>tablespoon</unit></amt>
        <item>Vegetable oil</item></ing>
      <ing>
        <amt>
          <qty>1</qty>
          <unit>cup</unit></amt>
        <item>Buttermilk</item></ing>
      <ing>
        <amt>
          <qty>1 1/4</qty>
          <unit>cups</unit></amt>
        <item>Apples; unpeeled</item></ing>
      <ing>
        <amt>
          <qty/>
          <unit/></amt>
        <item>Chopped; 1 to 2 app</item></ing></ingredients>
    <directions>
      <step>  Recipe by: The New Dr. Cookie Cookbook Preheat oven to 350 degrees; coat a
  9 x 5-inch loaf pan with nonstick cooking spray. Whisk the flour with the
  oats, baking powder, baking soda, cinnamon and salt; set aside. Beat the
  egg, egg white, brown sugar, honey and oil with an electric mixer on medium
  speed until smooth. Add the buttermilk and beat again. Stir the flour and
  apples into the batter by hand just until combined. Scrape the batter into
  the prepared pan and bake for 50 to 60 minutes, or until a toothpick
  inserted in the center of the loaf comes out clean. The crust may crack.
  Cool in the pan on a wire rack for about 10 minutes.  Turn out onto rack
  and cool completely. Makes 1 loaf.
  
  Penny Halsey (ATBN65B).
  
  Nutrition Analysis:  158 calories, 2g fat.
  Posted to EAT-L Digest 24 Jul 96
  
  Date:    Thu, 25 Jul 1996 15:45:19 -0500
  
  From:    LD Goss &lt;ldgoss@METRONET.COM&gt;
 
</step></directions></recipe></recipeml>
