<?xml version="1.0" encoding="UTF-8"?>

<recipeml version="0.5">
  <recipe>
    <head>
      <title>Apple Pie Filling</title>
      <categories>
        <cat>None</cat></categories>
      <yield>1</yield></head>
    <ingredients>
      <ing>
        <amt>
          <qty/>
          <unit/></amt>
        <item>Apples</item></ing>
      <ing>
        <amt>
          <qty/>
          <unit/></amt>
        <item>Sugar</item></ing>
      <ing>
        <amt>
          <qty/>
          <unit/></amt>
        <item>Water</item></ing>
      <ing>
        <amt>
          <qty/>
          <unit/></amt>
        <item>Juice and grated rind of 1 lemon</item></ing>
      <ing>
        <amt>
          <qty>1/2</qty>
          <unit/></amt>
        <item>Dozen cloves</item></ing>
      <ing>
        <amt>
          <qty/>
          <unit/></amt>
        <item>Butter</item></ing></ingredients>
    <directions>
      <step>  Laura Steele
  
  This is a very standard apple pie filling that could come from anywhere in
  America.
  Pare, core, and quarter the apples. Boil the cores and parings in sugar and
  water; strain off the liquor, adding more sugar; put the lemon rind over
  the apples and the juice into the syrup. Mix cloves with the fruit; put in
  a piece of butter the size of a walnut. Turn the fruit into a pastry-lined
  pie shell. Add a small quantity of juice. Top the pie and add more juice
  later if desired. Bake in a 450ø oven for 10 minutes. Reduce heat to 350ø
  and bake for 3/4 to 1 hour or until done.
  
  Posted to recipelu-digest by LSHW &lt;shusky@erols.com&gt; on Feb 09, 1998
 
</step></directions></recipe></recipeml>
