<?xml version="1.0" encoding="UTF-8"?>

<recipeml version="0.5">
  <recipe>
    <head>
      <title>Apple Puff Pancake</title>
      <categories>
        <cat>Breads</cat>
        <cat>Breakfast a</cat></categories>
      <yield>4</yield></head>
    <ingredients>
      <ing>
        <amt>
          <qty>2</qty>
          <unit>tablespoons</unit></amt>
        <item>Butter</item></ing>
      <ing>
        <amt>
          <qty>4</qty>
          <unit>tablespoons</unit></amt>
        <item>Sugar</item></ing>
      <ing>
        <amt>
          <qty>3/4</qty>
          <unit>teaspoons</unit></amt>
        <item>Ground cinnamon</item></ing>
      <ing>
        <amt>
          <qty>1</qty>
          <unit>large</unit></amt>
        <item>Apple; peeled, cored and, sliced</item></ing>
      <ing>
        <amt>
          <qty>4</qty>
          <unit/></amt>
        <item>Eggs</item></ing>
      <ing>
        <amt>
          <qty>2/3</qty>
          <unit>cups</unit></amt>
        <item>Milk</item></ing>
      <ing>
        <amt>
          <qty>1/3</qty>
          <unit>cups</unit></amt>
        <item>All-purpose flour</item></ing></ingredients>
    <directions>
      <step>  Melt butter in a 9- or 10-inch microwavable pie pan. Combine 3 tablespoons
  sugar and cinnamon and sprinkle on melted butter. Arrange apple slices over
  this mixture.
  
  Cook in microwave oven on high for 2 minutes; cool slightly.
  
  Beat eggs, milk and flour and remaining 1 tablespoon sugar plus a dash of
  salt until smooth. Pour over apple mixture and bake at 400° F for 15 to 20
  minutes until puffy and nicely browned. Serves 4.
  
  NOTES : Each time Laurie "innsat" for us she would leave the menus she had
  prepared for breakfast and I kept seeing this "Apple Puff Pancake" on her
  list.  Finally I asked her about this recipe and she shared it with me.  I
  use it often and it is always well received.  In her other life, Laurie is
  an outstanding seventh grade language arts teacher.
  Recipe by: Blue Spruce Inn, Soquel, CA
  
  Posted to recipelu-digest Volume 01 Number 670 by "Crane C. Walden"
  &lt;cranew@foothill.net&gt; on Feb 1, 1998
 
</step></directions></recipe></recipeml>
