<?xml version="1.0" encoding="UTF-8"?>

<recipeml version="0.5">
  <recipe>
    <head>
      <title>Apple Ricotta Brunch Biscuits</title>
      <categories>
        <cat>None</cat></categories>
      <yield>1</yield></head>
    <ingredients>
      <ing>
        <amt>
          <qty>1/2</qty>
          <unit>cups</unit></amt>
        <item>Sugar</item></ing>
      <ing>
        <amt>
          <qty>1</qty>
          <unit>cup</unit></amt>
        <item>Ricotta cheese</item></ing>
      <ing>
        <amt>
          <qty>1</qty>
          <unit/></amt>
        <item>Egg</item></ing>
      <ing>
        <amt>
          <qty>2</qty>
          <unit>teaspoons</unit></amt>
        <item>Cinnamon</item></ing>
      <ing>
        <amt>
          <qty>1/4</qty>
          <unit>cups</unit></amt>
        <item>Sliced almonds</item></ing>
      <ing>
        <amt>
          <qty>1</qty>
          <unit>can</unit></amt>
        <item>(17.3 oz.) Pillsbury Grands! Refrigerated Buttermilk Biscuits</item></ing>
      <ing>
        <amt>
          <qty>1</qty>
          <unit>small</unit></amt>
        <item>Apple; peeled, cut into 8 wedges (1/2 inch thick)</item></ing></ingredients>
    <directions>
      <step>  Heat oven to 375 F. Spray 8 jumbo muffin cups or 8 (6-oz.) custard cups
  with nonstick cooking spray. In small bowl, combine sugar, cheese and egg;
  beat at high speed for 1 minute. In small bowl, combine cinnamon and
  almonds; mix well.
  
  Separate dough into 8 biscuits. Press each biscuit evenly in bottom and up
  sides of spray-coated muffin cups. Place 1 wedge of apple in each cup.
  Spoon 2 rounded tablespoonfuls cheese mixture over each apple wedge;
  sprinkle with cinnamon mixture.
  
  Bake at 375 F. for 20 to 25 minutes or until biscuits are deep golden brown
  and apples are crisp-tender. Remove biscuits from muffin cups; cool 15
  minutes. Serve warm. Store in refrigerator.
  
  Ready in 1 hour 8 biscuits
  
  Busted by KellyB kelly@hci.net 3/38/98
  
  Recipe by: Copyright 1998 The Pillsbury Company
  
  Posted to recipelu-digest by Kelly &lt;kelly@hci.net&gt; on Mar 28, 1998
 
</step></directions></recipe></recipeml>
