<?xml version="1.0" encoding="UTF-8"?>

<recipeml version="0.5">
  <recipe>
    <head>
      <title>Apple Raisin Bread Pudding</title>
      <categories>
        <cat>Puddings</cat>
        <cat>And</cat>
        <cat>Custard</cat></categories>
      <yield>6</yield></head>
    <ingredients>
      <ing>
        <amt>
          <qty>4</qty>
          <unit>cups</unit></amt>
        <item>Bread cubes</item></ing>
      <ing>
        <amt>
          <qty>2</qty>
          <unit>cups</unit></amt>
        <item>Hot water or skim milk</item></ing>
      <ing>
        <amt>
          <qty>2/3</qty>
          <unit>cups</unit></amt>
        <item>Brown sugar</item></ing>
      <ing>
        <amt>
          <qty>1/2</qty>
          <unit>cups</unit></amt>
        <item>Raisins</item></ing>
      <ing>
        <amt>
          <qty>2</qty>
          <unit/></amt>
        <item>Apples; thinly sliced</item></ing>
      <ing>
        <amt>
          <qty>1/2</qty>
          <unit>teaspoons</unit></amt>
        <item>Cinnamon</item></ing>
      <ing>
        <amt>
          <qty>1</qty>
          <unit>teaspoon</unit></amt>
        <item>Vanilla extract</item></ing>
      <ing>
        <amt>
          <qty>3</qty>
          <unit>large</unit></amt>
        <item>Egg whites</item></ing></ingredients>
    <directions>
      <step>  Combine bread cubes, raisins, and apples in large bowl. Add water or milk
  and sugar.
  
  Mix thoroughly and let stand for 20 to 30 minutes. Add beaten egg whites
  (just til foamy), cinnamon, and vanilla. Mix thoroughly. Pour into a 1
  1/2-quart sprayed casserole.
  
  Bake at 350 degrees,  uncovered for 45 minutes to 1 hour, until set and
  lightly browned
  
  Recipe By     : Internet    6-95
  
  Posted to JEWISH-FOOD digest V96 #039
  
  Date: Wed, 25 Sep 1996 23:23:21 -0400
  
  From: Linda Shapiro &lt;lss@coconet.com&gt;
 
</step></directions></recipe></recipeml>
