<?xml version="1.0" encoding="UTF-8"?>

<recipeml version="0.5">
  <recipe>
    <head>
      <title>Apple Puff Pancake</title>
      <categories>
        <cat>Pancakes</cat></categories>
      <yield>8</yield></head>
    <ingredients>
      <ing-div>
        <title>A TASTE OF THE COUNTRY</title>
        <ing>
          <amt>
            <qty>4</qty>
            <unit>tablespoons</unit></amt>
          <item>Butter</item></ing>
        <ing>
          <amt>
            <qty>2</qty>
            <unit>large</unit></amt>
          <item>Apples; peeled, cored, sliced thin</item></ing>
        <ing>
          <amt>
            <qty>3</qty>
            <unit>tablespoons</unit></amt>
          <item>Sugar, brown</item></ing>
        <ing>
          <amt>
            <qty>1</qty>
            <unit>teaspoon</unit></amt>
          <item>Cinnamon, ground</item></ing>
        <ing>
          <amt>
            <qty>6</qty>
            <unit/></amt>
          <item>Eggs</item></ing>
        <ing>
          <amt>
            <qty>1 1/2</qty>
            <unit>cups</unit></amt>
          <item>Milk</item></ing>
        <ing>
          <amt>
            <qty>1</qty>
            <unit>cup</unit></amt>
          <item>Flour</item></ing>
        <ing>
          <amt>
            <qty>3</qty>
            <unit>tablespoons</unit></amt>
          <item>Sugar</item></ing>
        <ing>
          <amt>
            <qty>1</qty>
            <unit>teaspoon</unit></amt>
          <item>Extract, vanilla</item></ing>
        <ing>
          <amt>
            <qty>1/2</qty>
            <unit>teaspoons</unit></amt>
          <item>Salt</item></ing>
        <ing>
          <amt>
            <qty>1/2</qty>
            <unit>teaspoons</unit></amt>
          <item>Cinnamon, ground</item></ing></ing-div></ingredients>
    <directions>
      <step>  Melt butter in 9x13" baking pan in 375 degree oven. Arrange apples over
  butter; return to oven until apples are soft (about 10 minutes).
  
  Sprinkle apples with brown sugar, cinnamon. Combine remaining ingredients
  in blender; pour over apples. Bake for 30-40 minutes. Sprinkle with powered
  sugar.
  it came out like a typical oven
  
  Per serving: 274 mg sodium, 213 mg cholesterol, 248 calories, 27 gm
  carbohydrate.  Diabetic exchanges:  1 protein, 1 1/2 breads, 1/2 fruit , 1
  fat;
  Posted to MM-Recipes Digest V4 #257 by SVQF34B@prodigy.com ( L M SMITH) on
  Sep 27, 1997
 
</step></directions></recipe></recipeml>
