<?xml version="1.0" encoding="UTF-8"?>

<recipeml version="0.5">
  <recipe>
    <head>
      <title>Apple Pie Filling</title>
      <categories>
        <cat>None</cat></categories>
      <yield>1</yield></head>
    <ingredients>
      <ing>
        <amt>
          <qty>6</qty>
          <unit>liters</unit></amt>
        <item>Apples</item></ing>
      <ing>
        <amt>
          <qty>2</qty>
          <unit>cups</unit></amt>
        <item>Sugar</item></ing>
      <ing>
        <amt>
          <qty>1/4</qty>
          <unit>cups</unit></amt>
        <item>Flour</item></ing>
      <ing>
        <amt>
          <qty>1 1/2</qty>
          <unit>teaspoons</unit></amt>
        <item>Cinnamon</item></ing>
      <ing>
        <amt>
          <qty>1/4</qty>
          <unit>teaspoons</unit></amt>
        <item>Nutmeg</item></ing>
      <ing>
        <amt>
          <qty>2</qty>
          <unit>tablespoons</unit></amt>
        <item>Lemon juice</item></ing></ingredients>
    <directions>
      <step>  Wash, peel, core and slice apples. Treat to prevent darkening. Combine
  sugar, flour and spices. Rinse and drain apples; stir into sugar mixture.
  Let stand until juice begins to flow, about 30 minutes. Stir in lemon
  juice. Cook over medium heat until mixture begins to thicken. Ladle pie
  filling into canor-freeze jars or plastic freezer boxes, leaving 1/2-inch
  headspace. Cool at room temperature, not to exceed 2 hours. Seal, label and
  freeze.  Yield:  about 6 pints. Typed for you by Marjorie Scofield 6/23/95
  Recipe By     : from Harrison Daily Times, June 20, 1995
  
  Posted to EAT-L Digest  7 October 96
  
  Date:    Tue, 8 Oct 1996 08:30:13 -0500
  
  From:    LD Goss &lt;ldgoss@METRONET.COM&gt;
 
</step></directions></recipe></recipeml>
