<?xml version="1.0" encoding="UTF-8"?>

<recipeml version="0.5">
  <recipe>
    <head>
      <title>Apple Raisin Cobbler Pie</title>
      <categories>
        <cat>Apples</cat>
        <cat>Bobbie - no</cat>
        <cat>Desserts</cat>
        <cat>Fruit</cat>
        <cat>Nuts</cat></categories>
      <yield>6</yield></head>
    <ingredients>
      <ing>
        <amt>
          <qty>2</qty>
          <unit>cans</unit></amt>
        <item>Apple pie filling; (20 oz. each)</item></ing>
      <ing>
        <amt>
          <qty>1</qty>
          <unit>cup</unit></amt>
        <item>Raisins</item></ing>
      <ing>
        <amt>
          <qty>1/4</qty>
          <unit>teaspoons</unit></amt>
        <item>Ground nutmeg</item></ing>
      <ing>
        <amt>
          <qty>1/3</qty>
          <unit>cups</unit></amt>
        <item>All-purpose flour</item></ing>
      <ing>
        <amt>
          <qty>1/4</qty>
          <unit>cups</unit></amt>
        <item>Packed brown sugar</item></ing>
      <ing>
        <amt>
          <qty>3</qty>
          <unit>tablespoons</unit></amt>
        <item>Butter or margarine; melted</item></ing>
      <ing>
        <amt>
          <qty>3/4</qty>
          <unit>cups</unit></amt>
        <item>Chopped walnuts</item></ing>
      <ing>
        <amt>
          <qty>6</qty>
          <unit>ounces</unit></amt>
        <item>Ready Crust Shortbread Pie Crust</item></ing></ingredients>
    <directions>
      <step>  Heat oven to 375 F. Combine apple pie filling, raisins and nutmeg. Spoon
  into crust. Combine flour and sugar; cut in butter until crumbly. Stir in
  walnuts; sprinkle over filling. Bake 35-45 minutes or until topping is
  golden. Makes 1 pie. MC formatting by bobbi744@sojourn.com
  
  Recipe by: Diamond/Keebler/Sunmaid recipe
  
  Posted to MC-Recipe Digest by Roberta Banghart &lt;bobbi744@sojourn.com&gt; on
  Mar 02, 1998
 
</step></directions></recipe></recipeml>
