<?xml version="1.0" encoding="UTF-8"?>

<recipeml version="0.5">
  <recipe>
    <head>
      <title>Apricot Almond Bars</title>
      <categories>
        <cat>Bar</cat>
        <cat>Cookies</cat></categories>
      <yield>72</yield></head>
    <ingredients>
      <ing-div>
        <title>ALMOND TOPPING</title>
        <ing>
          <amt>
            <qty>1 1/2</qty>
            <unit>cups</unit></amt>
          <item>Sugar</item></ing>
        <ing>
          <amt>
            <qty>3</qty>
            <unit>cups</unit></amt>
          <item>Almonds, blanched, sliced</item></ing>
        <ing>
          <amt>
            <qty>4</qty>
            <unit/></amt>
          <item>Egg whites (save 2 yolks for crust)</item></ing>
        <ing>
          <amt>
            <qty>2</qty>
            <unit>tablespoons</unit></amt>
          <item>Flour</item></ing>
        <ing>
          <amt>
            <qty>1/2</qty>
            <unit>teaspoons</unit></amt>
          <item>Cinnamon</item></ing>
        <ing>
          <amt>
            <qty>1/4</qty>
            <unit>teaspoons</unit></amt>
          <item>Freshly grated nutmeg</item></ing></ing-div>
      <ing-div>
        <title>CRUST</title>
        <ing>
          <amt>
            <qty>2 1/2</qty>
            <unit>cups</unit></amt>
          <item>Flour</item></ing>
        <ing>
          <amt>
            <qty>1/2</qty>
            <unit>cups</unit></amt>
          <item>Sugar</item></ing>
        <ing>
          <amt>
            <qty>1</qty>
            <unit>cup</unit></amt>
          <item>Butter</item></ing>
        <ing>
          <amt>
            <qty>2</qty>
            <unit/></amt>
          <item>Egg yolks</item></ing></ing-div>
      <ing-div>
        <title>APRICOT GLAZE</title>
        <ing>
          <amt>
            <qty>1/2</qty>
            <unit>cups</unit></amt>
          <item>Apricot preserves</item></ing>
        <ing>
          <amt>
            <qty>1</qty>
            <unit>tablespoon</unit></amt>
          <item>Water</item></ing></ing-div>
      <ing-div>
        <title>CHOCOLATE GLAZE</title>
        <ing>
          <amt>
            <qty>3</qty>
            <unit>ounces</unit></amt>
          <item>Semisweet chocolate</item></ing>
        <ing>
          <amt>
            <qty>1</qty>
            <unit>ounce</unit></amt>
          <item>Unsweetened chocolate</item></ing></ing-div></ingredients>
    <directions>
      <step>  Preheat oven to 350F.  Line a jelly-roll pan with foil.
  
  Almond topping:  In top of double boiler over hot water, combine all
  ingredients.  Cook, stirring occasionally, until mixture reaches 110F on
  candy thermometer.  Remove from heat and set aside.
  
  Crust:  In a large bowl combine flour and sugar.  Cut in butter until
  mixture is crumbly, add egg yolks.  With hands, mix into a smooth dough.
  Press into prepared pan and prick with fork.  Bake for 15 minutes.  Remove
  from oven and spread almond topping over crust.  Return to oven and bake
  for 20 minutes longer.
  
  Apricot Glaze:  Meanwhile, in a small saucepan melt the apricot preserves
  with water over low heat.  Strain through a fine sieve.  Brush blaze over
  baked almond topping imediately after pan comes out of the oven.  Cool pan
  on rack...Cut into 2" squares when cool.
  
  Chocolate Glaze:  In top of double boiler over hot water, melt semisweet
  and unsweetened chocolate together.  Drizzle on top of cookies.  Allow to
  set.  Makes about 6 dozen
  
  Mastercook formatted by cookietstr@aol.com
  Posted to MC-Recipe Digest V1 #171
  
  Date: Sun, 28 Jul 1996 14:08:33 -0400
  
  From: CookieTstr@aol.com
  Serving Ideas : Can be served with a scoop of vanilla icecream
 
</step></directions></recipe></recipeml>
