<?xml version="1.0" encoding="UTF-8"?>

<recipeml version="0.5">
  <recipe>
    <head>
      <title>Apricot Chutney</title>
      <categories>
        <cat>Relishes</cat></categories>
      <yield>6</yield></head>
    <ingredients>
      <ing>
        <amt>
          <qty>6</qty>
          <unit>cups</unit></amt>
        <item>FRESH APRICOTS, pitted</item></ing>
      <ing>
        <amt>
          <qty>4</qty>
          <unit>medium</unit></amt>
        <item>ONIONS, sliced</item></ing>
      <ing>
        <amt>
          <qty>1 1/8</qty>
          <unit>cups</unit></amt>
        <item>SEEDLESS RAISINS</item></ing>
      <ing>
        <amt>
          <qty>2 1/2</qty>
          <unit>cups</unit></amt>
        <item>WHITE WINE VINEGAR</item></ing>
      <ing>
        <amt>
          <qty>1</qty>
          <unit>pound</unit></amt>
        <item>DARK BROWN SUGAR</item></ing>
      <ing>
        <amt>
          <qty>4</qty>
          <unit>tablespoons</unit></amt>
        <item>SALT</item></ing>
      <ing>
        <amt>
          <qty>1</qty>
          <unit>cup</unit></amt>
        <item>PRESERVED GINGER</item></ing>
      <ing>
        <amt>
          <qty>1</qty>
          <unit>tablespoon</unit></amt>
        <item>MUSTARD SEEDS</item></ing>
      <ing>
        <amt>
          <qty>1</qty>
          <unit>teaspoon</unit></amt>
        <item>CAYENNE PEPPER</item></ing>
      <ing>
        <amt>
          <qty>1/2</qty>
          <unit>teaspoons</unit></amt>
        <item>GROUND TURMERIC</item></ing>
      <ing>
        <amt>
          <qty>1</qty>
          <unit/></amt>
        <item>ORANGE, the peel grated and the juice</item></ing>
      <ing>
        <amt>
          <qty/>
          <unit/></amt>
        <item>Strained</item></ing>
      <ing>
        <amt>
          <qty>1/2</qty>
          <unit>cups</unit></amt>
        <item>WALNUTS</item></ing></ingredients>
    <directions>
      <step>  Put all of the ingredients into a large pan and cook gently to a soft mush,
  about 1-1/2 hours.
  
  Add the walnuts.
  
  Pack into sterilized jars.
  
  Process in a boiling water bath; pints 25 minutes; quarts 30 minutes. Keep
  the chutney for at least one month before using it.
  
  Posted by Ellie Collin, Prodigy ID# CMKD93F.
  
  From Gemini's MASSIVE MealMaster collection at www.synapse.com/~gemini
 
</step></directions></recipe></recipeml>
