<?xml version="1.0" encoding="UTF-8"?>

<recipeml version="0.5">
  <recipe>
    <head>
      <title>Apricot Chiffon No - Bake Cheesecake</title>
      <categories>
        <cat>Cheesecakes</cat></categories>
      <yield>4</yield></head>
    <ingredients>
      <ing>
        <amt>
          <qty>1 1/2</qty>
          <unit>pounds</unit></amt>
        <item>Cream cheese; room temperature</item></ing>
      <ing>
        <amt>
          <qty>1</qty>
          <unit>cup</unit></amt>
        <item>Granulated sugar</item></ing>
      <ing>
        <amt>
          <qty>1</qty>
          <unit>tablespoon</unit></amt>
        <item>Each fresh grated orange &amp; lemon peel</item></ing>
      <ing>
        <amt>
          <qty>1</qty>
          <unit>teaspoon</unit></amt>
        <item>Vanilla extract</item></ing>
      <ing>
        <amt>
          <qty>2</qty>
          <unit/></amt>
        <item>Envelopes unflavored gelatin</item></ing>
      <ing>
        <amt>
          <qty>1/4</qty>
          <unit>cups</unit></amt>
        <item>Orange Juice; fresh squeezed</item></ing>
      <ing>
        <amt>
          <qty/>
          <unit/></amt>
        <item>Apricot Puree; (recipe below)</item></ing>
      <ing>
        <amt>
          <qty>1</qty>
          <unit>pint</unit></amt>
        <item>Whipping cream; lightly whipped</item></ing>
      <ing>
        <amt>
          <qty/>
          <unit/></amt>
        <item>Nut crust; made with pecans</item></ing></ingredients>
    <directions>
      <step>  In a large bowl beat cream cheese, sugar, citrus peels and vanilla with an
  electric mixer until light and fluffy. Sprinkle gelatin over orange juice
  mixed with 1/4 cup water in a small saucepan. Stir over moderate heat until
  gelatin is completely dissolved and liquid is almost boiling. Remove from
  heat. Whisk or stir Apricot Puree into cream cheese mixture. Whisk or stir
  in gelatin and then the lightly whipped cream. Scrape into Nut Crust. Tap
  on counter to break any large air bubbles.
  
  Cover and refrigerate at least 4 hours, until firm. Before serving, wipe
  outside of pan with a sponge dipped in very hot water; run a thin metal
  spatula around cheesecake and remove sides of springform pan. Makes 16
  servings.
  
  APRICOT PUREE: Simmer 8 ounces dried apricots with 1 1/2 cups water in a
  heavy stainless saucepan about 15 minutes, until very soft. Puree smooth in
  a blender or food processor, adding 1 tablespoon lemon juice and 2
  tablespoons each Apry (tart apricot liqueur) and dark rum. Let cool while
  you make the crust.
  
  Recipe by: Key Gourmet
  
  Posted to recipelu-digest by James and Susan Kirkland &lt;kirkland@gj.net&gt; on
  Feb 22, 1998
 
</step></directions></recipe></recipeml>
