<?xml version="1.0" encoding="UTF-8"?>

<recipeml version="0.5">
  <recipe>
    <head>
      <title>Apricot Chicken Roll-Ups</title>
      <categories>
        <cat>Poultry</cat></categories>
      <yield>4</yield></head>
    <ingredients>
      <ing>
        <amt>
          <qty>3</qty>
          <unit>tablespoons</unit></amt>
        <item>Seasoned dried bread crumbs</item></ing>
      <ing>
        <amt>
          <qty>4</qty>
          <unit/></amt>
        <item>3-oz skinless boneless chicken breasts; pounded thin</item></ing>
      <ing>
        <amt>
          <qty>2</qty>
          <unit>teaspoons</unit></amt>
        <item>Canola oil</item></ing>
      <ing>
        <amt>
          <qty>1/4</qty>
          <unit>cups</unit></amt>
        <item>Apricot spreadable fruit; melted</item></ing></ingredients>
    <directions>
      <step>  submitted by: johanssen@matnet.com
  Preheat broiler. Spray broiler pan with nonstick cooking spray.
  
  Place bread crumbs on large sheet of wax paper. Brush 1 side of each
  chicken breast with 1/2 teaspoon of the oil; place oiled-side down on bread
  crumbs, pressing firmly to coat.
  
  Brush uncoated side of each chicken breast with one-fourth of the
  spreadable fruit. Rol breass to enclose fruit; secure with wooden
  toothpicks. Place chicken rolls in prepared broiler pan; broil 4" from
  heat, 6-8 minutes, until cooked through.
  
  EACH SERVING PROVIDES: 1/2 fat, 1 fruit, 2 proteins, 1/4 bread
  
  PER SERVING: 178 calories; 20g protein; 4g fat; 14g carbohydrate; 15 mg
  calcium; 204mg sodium; 49mg cholesterol; 9 g dietary fiber
  
  DAVE &lt;DAVIDG@CLAM.RUTGERS.EDU&gt;
  
  RECIPEINTERNET LIST SERVER
  
  RECIPE ARCHIVE - 10 JUNE 1996
  
  From the 'RECIPEinternet: Recipes from Around the World' recipe list.
  Downloaded from Glen's MM Recipe Archive, http://www.erols.com/hosey.
 
</step></directions></recipe></recipeml>
