<?xml version="1.0" encoding="UTF-8"?>

<recipeml version="0.5">
  <recipe>
    <head>
      <title>Apricot Burritos</title>
      <categories>
        <cat>Desserts</cat></categories>
      <yield>20</yield></head>
    <ingredients>
      <ing>
        <amt>
          <qty>1</qty>
          <unit/></amt>
        <item>8oz pkg dried apricots; cut in pieces</item></ing>
      <ing>
        <amt>
          <qty>1</qty>
          <unit>cup</unit></amt>
        <item>Water</item></ing>
      <ing>
        <amt>
          <qty>1/4</qty>
          <unit>cups</unit></amt>
        <item>Granulated sugar</item></ing>
      <ing>
        <amt>
          <qty>1/4</qty>
          <unit>cups</unit></amt>
        <item>Brown sugar; packed</item></ing>
      <ing>
        <amt>
          <qty>1/4</qty>
          <unit>teaspoons</unit></amt>
        <item>Cinnamon</item></ing>
      <ing>
        <amt>
          <qty>1/4</qty>
          <unit>teaspoons</unit></amt>
        <item>Nutmeg</item></ing>
      <ing>
        <amt>
          <qty>20</qty>
          <unit/></amt>
        <item>6 inch tortillas</item></ing></ingredients>
    <directions>
      <step>  Bring first 6 ingredients to a boil. Simmer uncovered 10 minutes or until
  fruit is tender and mixture thickened. Place 1 tablespoon of mixture on one
  edge of tortilla. Roll up. Fry in hot oil until golden brown, turning once.
  Drain. Serve hot or cold.
  Posted to MC-Recipe Digest V1 #236
  
  Date: Tue, 8 Oct 1996 20:15:00 -0400
  
  From: Ken Raymond &lt;kraymond@mpls.k12.mn.us&gt;
 
</step></directions></recipe></recipeml>
