<?xml version="1.0" encoding="UTF-8"?>

<recipeml version="0.5">
  <recipe>
    <head>
      <title>Apricot Basting Sauce</title>
      <categories>
        <cat>Sauce</cat></categories>
      <yield>2</yield></head>
    <ingredients>
      <ing>
        <amt>
          <qty>1/2</qty>
          <unit>cups</unit></amt>
        <item>Apricot Jam</item></ing>
      <ing>
        <amt>
          <qty>1/4</qty>
          <unit>cups</unit></amt>
        <item>Apricots; Dried, Fine Chop</item></ing>
      <ing>
        <amt>
          <qty>1/4</qty>
          <unit>cups</unit></amt>
        <item>Dry White Wine</item></ing>
      <ing>
        <amt>
          <qty>1</qty>
          <unit>tablespoon</unit></amt>
        <item>Honey</item></ing>
      <ing>
        <amt>
          <qty>1</qty>
          <unit>teaspoon</unit></amt>
        <item>Worcestershire Sauce</item></ing></ingredients>
    <directions>
      <step>  Heat all ingredients over low head, stirring occasionally, until jam is
  melted. Makes about 1 cup of sauce.
  
  Date: Tue, 11 Jun 1996 08:41:06 -0400
  
  From: kmeade@ids2.idsonline.com (The Meades)
  
  MC-Recipe Digest V1 #114
  
  From the MasterCook recipe list.  Downloaded from Glen's MM Recipe Archive,
  http://www.erols.com/hosey.
 
</step></directions></recipe></recipeml>
