<?xml version="1.0" encoding="UTF-8"?>

<recipeml version="0.5">
  <recipe>
    <head>
      <title>Apricot Bars #2</title>
      <categories>
        <cat>Cookie</cat></categories>
      <yield>24</yield></head>
    <ingredients>
      <ing>
        <amt>
          <qty>2</qty>
          <unit>cups</unit></amt>
        <item>Nisquick original baking mix</item></ing>
      <ing>
        <amt>
          <qty>1</qty>
          <unit>cup</unit></amt>
        <item>Quick-cooking oats</item></ing>
      <ing>
        <amt>
          <qty>3/4</qty>
          <unit>cups</unit></amt>
        <item>Packed brown sugar</item></ing>
      <ing>
        <amt>
          <qty>1</qty>
          <unit/></amt>
        <item>Stick margarine or butter; softened</item></ing>
      <ing>
        <amt>
          <qty>1</qty>
          <unit>cup</unit></amt>
        <item>Apricot spreadable fruit; jam or preserves</item></ing></ingredients>
    <directions>
      <step>   HEAT oven to 400 degrees. Grease square pan, 9x9x2 inches.  Mix baking
  mix, oats and brown sugar. Cut in margarine with fork until mixture is
  crumbly.
  
   PRESS half of the crumbly mixture in pan. Spread fruit on top to within
  1/4 inch of edges. Top with remaining crumbly mixture; press gently into
  fruit.
  
   BAKE 25 to 30 minutes or until light brown; cool. Cut into bars. 2 dozen
  bars.
  
  From &lt;Betty Crocker: Bisquick Classics and New Favorites&gt;.  Downloaded from
  Glen's MM Recipe Archive, http://www.erols.com/hosey.
 
</step></directions></recipe></recipeml>
