<?xml version="1.0" encoding="UTF-8"?>

<recipeml version="0.5">
  <recipe>
    <head>
      <title>Apricot Chicken Thighs</title>
      <categories>
        <cat>Low-cal</cat>
        <cat>Chicken</cat></categories>
      <yield>6</yield></head>
    <ingredients>
      <ing>
        <amt>
          <qty>1/2</qty>
          <unit>cups</unit></amt>
        <item>Apricot nectar</item></ing>
      <ing>
        <amt>
          <qty>1/4</qty>
          <unit>cups</unit></amt>
        <item>Dry sherry</item></ing>
      <ing>
        <amt>
          <qty>2</qty>
          <unit>tablespoons</unit></amt>
        <item>Soy sauce</item></ing>
      <ing>
        <amt>
          <qty>1</qty>
          <unit>tablespoon</unit></amt>
        <item>Lemon juice</item></ing>
      <ing>
        <amt>
          <qty>1</qty>
          <unit>tablespoon</unit></amt>
        <item>Prepared Mustard</item></ing>
      <ing>
        <amt>
          <qty>1/2</qty>
          <unit>teaspoons</unit></amt>
        <item>Ground Ginger</item></ing>
      <ing>
        <amt>
          <qty>6</qty>
          <unit>x</unit></amt>
        <item>Chicken thighs(2 lb),skinned</item></ing>
      <ing>
        <amt>
          <qty>12</qty>
          <unit>x</unit></amt>
        <item>Dried Apricot halves</item></ing></ingredients>
    <directions>
      <step>   Combine all but chicken and dried apricots. Mix well, set aside.
   Trim excess fat from chicken. Rinse chicken with cold water, pat dry.
  Place chicken in a 12x8x2" baking dish. Pour reserved apricot nectar
  mixture over chicken. Cover and bake at 350 deg F for 45 minutes. Uncover,
  and place aproicot halves in apricot nectar mixture. Continue baking,
  uncovered, 15 minutes or until chicken is tender.
   Remove chicken to a warmed serving platter, discarding apricot nectar
  mixture. Garnish each thigh with 2 apricot halves. Serve immediately. PER
  SERVING: 192 calories, 18 g protein, 7.7 g fat, 8.5 g carbohydrates, 65 g
  cholesterol, 1.3 mg iron, 290 mg sodium, 16 mg calcium.
  
  From Gemini's MASSIVE MealMaster collection at www.synapse.com/~gemini
 
</step></directions></recipe></recipeml>
