<?xml version="1.0" encoding="UTF-8"?>

<recipeml version="0.5">
  <recipe>
    <head>
      <title>Apricot Bread - Beadles</title>
      <categories>
        <cat>Bread</cat></categories>
      <yield>14</yield></head>
    <ingredients>
      <ing>
        <amt>
          <qty>1</qty>
          <unit>package</unit></amt>
        <item>Active Dry Yeast</item></ing>
      <ing>
        <amt>
          <qty>3</qty>
          <unit>cups</unit></amt>
        <item>Bread Flour</item></ing>
      <ing>
        <amt>
          <qty>3</qty>
          <unit>tablespoons</unit></amt>
        <item>Brown Sugar</item></ing>
      <ing>
        <amt>
          <qty>1</qty>
          <unit>teaspoon</unit></amt>
        <item>Salt</item></ing>
      <ing>
        <amt>
          <qty>1</qty>
          <unit>tablespoon</unit></amt>
        <item>Butter; room temp.</item></ing>
      <ing>
        <amt>
          <qty>1</qty>
          <unit>cup</unit></amt>
        <item>Dried Apricots; cut in Quarters</item></ing>
      <ing>
        <amt>
          <qty>1 1/4</qty>
          <unit>cups</unit></amt>
        <item>Orange Juice</item></ing></ingredients>
    <directions>
      <step>  Ingredients should be at room temperature. Liquids (and 'warmed'
  ingredients) should be at 120-130 degrees.
  
  Add ingredients in order given. Setting: white bread 7F
  
  source:  DAK Loafing It, P 46 &gt;From: jeff@onion.rain.com (Jeff Beadles)
  
  Formatted into MasterCook II by Reggie Dwork  reggie@netcom.com
  
  Date: Tue, 11 Jun 1996 08:41:06 -0400
  
  From: kmeade@ids2.idsonline.com (The Meades)
  
  MC-Recipe Digest V1 #114
  
  From the MasterCook recipe list.  Downloaded from Glen's MM Recipe Archive,
  http://www.erols.com/hosey.
 
</step></directions></recipe></recipeml>
