<?xml version="1.0" encoding="UTF-8"?>

<recipeml version="0.5">
  <recipe>
    <head>
      <title>Apricot Brandy Bread</title>
      <categories>
        <cat>Quickbreads</cat>
        <cat>Holiday</cat>
        <cat>Favorite</cat></categories>
      <yield>8</yield></head>
    <ingredients>
      <ing>
        <amt>
          <qty>1</qty>
          <unit>cup</unit></amt>
        <item>Dried apricots; chopped</item></ing>
      <ing>
        <amt>
          <qty>1</qty>
          <unit>teaspoon</unit></amt>
        <item>Baking soda</item></ing>
      <ing>
        <amt>
          <qty>1/4</qty>
          <unit>cups</unit></amt>
        <item>Apricot brandy; plus:</item></ing>
      <ing>
        <amt>
          <qty>1</qty>
          <unit>tablespoon</unit></amt>
        <item>Apricot brandy</item></ing>
      <ing>
        <amt>
          <qty>1/4</qty>
          <unit>teaspoons</unit></amt>
        <item>Salt</item></ing>
      <ing>
        <amt>
          <qty>1/2</qty>
          <unit>cups</unit></amt>
        <item>Shortening</item></ing>
      <ing>
        <amt>
          <qty>1</qty>
          <unit>teaspoon</unit></amt>
        <item>Cinnamon</item></ing>
      <ing>
        <amt>
          <qty>1</qty>
          <unit>cup</unit></amt>
        <item>Sugar</item></ing>
      <ing>
        <amt>
          <qty>1/2</qty>
          <unit>teaspoons</unit></amt>
        <item>Nutmeg</item></ing>
      <ing>
        <amt>
          <qty>1/4</qty>
          <unit>teaspoons</unit></amt>
        <item>Allspice</item></ing>
      <ing>
        <amt>
          <qty>2</qty>
          <unit>cups</unit></amt>
        <item>Flour</item></ing>
      <ing>
        <amt>
          <qty>1/4</qty>
          <unit>teaspoons</unit></amt>
        <item>Cloves</item></ing>
      <ing>
        <amt>
          <qty>1</qty>
          <unit>cup</unit></amt>
        <item>Pecans; chopped</item></ing>
      <ing>
        <amt>
          <qty>1</qty>
          <unit>cup</unit></amt>
        <item>Applesauce</item></ing>
      <ing>
        <amt>
          <qty>1</qty>
          <unit/></amt>
        <item>Egg</item></ing></ingredients>
    <directions>
      <step>  Combine apricots &amp; brandy; cover and refrigerate overnight. Cream
  shortening; gradually add sugar and beating well. Add egg, and mix well.
  Combine one cup flour with baking soda, spices, and salt; set aside. Add
  pecans to apricot mixture; combine with reserved flour mixture. Toss well
  to coat all pieces with flour; set aside. Add remaining one cup flour to
  shortening/sugar mixture alternating with applesauce, (beginning and ending
  with flour mixture). Stir in reserved apricot mixture. Pour into a greased
  9 x 5 x 3 loafpan; bake at 350 deg. for 1 hour and 15 min. or until
  toothpick inserted in center comes out clean. Cool loaf in pan for 10
  minutes, then remove from pan and cool completely on a wire rack. Yield: 1
  loaf. Notes: May be frozen up to 3 months. This is more of a sweet cake
  than a bread. May be wrapped in cheeecake and soaked with additional brandy
  and stored in a tin, if desired. Judy Garnett
  
  From Gemini's MASSIVE MealMaster collection at www.synapse.com/~gemini
 
</step></directions></recipe></recipeml>
