<?xml version="1.0" encoding="UTF-8"?>

<recipeml version="0.5">
  <recipe>
    <head>
      <title>Apricots with Anisette and Fennel</title>
      <categories>
        <cat>Preserves</cat>
        <cat>Desserts</cat>
        <cat>Herbs</cat></categories>
      <yield>2</yield></head>
    <ingredients>
      <ing-div>
        <title/>
        <ing>
          <amt>
            <qty>3</qty>
            <unit>pounds</unit></amt>
          <item>Fresh apricots</item></ing>
        <ing>
          <amt>
            <qty>2 1/2</qty>
            <unit>cups</unit></amt>
          <item>Water</item></ing>
        <ing>
          <amt>
            <qty>1/2</qty>
            <unit>cups</unit></amt>
          <item>Anisette</item></ing>
        <ing>
          <amt>
            <qty>2</qty>
            <unit>cups</unit></amt>
          <item>Sugar</item></ing>
        <ing>
          <amt>
            <qty>4</qty>
            <unit/></amt>
          <item>6 inch sprigs fresh green or</item></ing>
        <ing>
          <amt>
            <qty/>
            <unit/></amt>
          <item>Bronze fennel</item></ing></ing-div>
      <ing-div>
        <title>ALTERNATIVES</title>
        <ing>
          <amt>
            <qty/>
            <unit/></amt>
          <item>Cinnamon basil and cinnamon</item></ing>
        <ing>
          <amt>
            <qty/>
            <unit/></amt>
          <item>Liqueur are an alternative.</item></ing></ing-div></ingredients>
    <directions>
      <step>  Prepare jars, lids and boiling water bath.
  
  Wash and dry the apricots, then prick each one several times. Combine the
  water, anisette and sugar in a pan and cook over a med-high heat, stirring
  frequently, until the mixture boils and the sugar is dissolved. Add the
  apricots and simmer for 3 mins.
  
  Fill each hot dry jar with the fruit and two fennel springs, leaving 1/2
  inch headspace. Pour hot liquid over the fruit until just covered. Wipe the
  rims with a clean towel and attach the lids securely.
  
  Place the jars in boiling water bath, and when the water returns to boil,
  process for 25 mins.
  
  From Gemini's MASSIVE MealMaster collection at www.synapse.com/~gemini
 
</step></directions></recipe></recipeml>
