<?xml version="1.0" encoding="UTF-8"?>

<recipeml version="0.5">
  <recipe>
    <head>
      <title>Apricot Cobbler</title>
      <categories>
        <cat>Desserts</cat></categories>
      <yield>6</yield></head>
    <ingredients>
      <ing-div>
        <title/>
        <ing>
          <amt>
            <qty>3/4</qty>
            <unit>cups</unit></amt>
          <item>Sugar</item></ing>
        <ing>
          <amt>
            <qty>1</qty>
            <unit>tablespoon</unit></amt>
          <item>Cornstarch</item></ing>
        <ing>
          <amt>
            <qty>1/4</qty>
            <unit>teaspoons</unit></amt>
          <item>Ground cinnamon</item></ing>
        <ing>
          <amt>
            <qty>1/8</qty>
            <unit>teaspoons</unit></amt>
          <item>Ground nutmeg</item></ing>
        <ing>
          <amt>
            <qty>1</qty>
            <unit>cup</unit></amt>
          <item>Water</item></ing>
        <ing>
          <amt>
            <qty>45 3/4</qty>
            <unit>ounces</unit></amt>
          <item>Apricot halves in syrup; drained</item></ing>
        <ing>
          <amt>
            <qty>1</qty>
            <unit>tablespoon</unit></amt>
          <item>Butter or margarine</item></ing></ing-div>
      <ing-div>
        <title>COBBLER</title>
        <ing>
          <amt>
            <qty>1</qty>
            <unit>cup</unit></amt>
          <item>Flour</item></ing>
        <ing>
          <amt>
            <qty>1</qty>
            <unit>tablespoon</unit></amt>
          <item>Sugar</item></ing>
        <ing>
          <amt>
            <qty>1 1/2</qty>
            <unit>teaspoons</unit></amt>
          <item>Baking powder</item></ing>
        <ing>
          <amt>
            <qty>1/2</qty>
            <unit>teaspoons</unit></amt>
          <item>Salt</item></ing>
        <ing>
          <amt>
            <qty>3</qty>
            <unit>tablespoons</unit></amt>
          <item>Butter or margarine</item></ing>
        <ing>
          <amt>
            <qty>1/2</qty>
            <unit>cups</unit></amt>
          <item>Milk</item></ing></ing-div></ingredients>
    <directions>
      <step>  Fruit base: In a saucepan, combine sugar, cornstarch, cinnamon &amp; nutmeg.
  Stir in water; bring to a boil over medium heat.Boil &amp; stir for 1 minute;
  reduce heat. Add apricots &amp; butter; heat through. Pour into a greased 2
  quart baking dish.
  
  Cobbler: Combine flour, sugar, baking powder &amp; salt in a bowl. Cut in
  butter until crumbly. Stir in milk just until moistened. Spoon over hot
  apricot mixture. Bake at 400F for 30-35 minutes or until golden brown &amp; a
  toothpick inserted into the cobbler part comes out clean.
  
  Recipe by: Taste of Home magazine
  
  Posted to TNT Recipes Digest by JusNeedlin &lt;JusNeedlin@aol.com&gt; on Mar 13,
  1998
 
</step></directions></recipe></recipeml>
