<?xml version="1.0" encoding="UTF-8"?>

<recipeml version="0.5">
  <recipe>
    <head>
      <title>Apricot Cheesecake (No Bake)</title>
      <categories>
        <cat>Cheesecakes</cat>
        <cat>No bake</cat></categories>
      <yield>1</yield></head>
    <ingredients>
      <ing>
        <amt>
          <qty>17</qty>
          <unit>ounces</unit></amt>
        <item>Apricot halves -- drain</item></ing>
      <ing>
        <amt>
          <qty/>
          <unit/></amt>
        <item>Reserve juice</item></ing>
      <ing>
        <amt>
          <qty>1</qty>
          <unit/></amt>
        <item>Envelope gelatin --</item></ing>
      <ing>
        <amt>
          <qty/>
          <unit/></amt>
        <item>Unflavored</item></ing>
      <ing>
        <amt>
          <qty>1/3</qty>
          <unit>cups</unit></amt>
        <item>Sugar</item></ing>
      <ing>
        <amt>
          <qty>16</qty>
          <unit>ounces</unit></amt>
        <item>Cream cheese</item></ing>
      <ing>
        <amt>
          <qty>1</qty>
          <unit>teaspoon</unit></amt>
        <item>Vanilla extract</item></ing>
      <ing>
        <amt>
          <qty>1</qty>
          <unit/></amt>
        <item>Pie crust, chocolate wafer</item></ing></ingredients>
    <directions>
      <step>  In blender or food processor, puree 10 apricot halves with reserved syrup;
  heat to boiling. Meanwhile, in large bowl, mix unflavored gelatine with
  sugar; add hot liquid and stir until gelatine is completely dissolved,
  about 5 minutes. With electric mixer, beat in cream cheese and vanilla
  until smooth; let stand 10 minutes. Pour into prepared crust; chill until
  firm. Garnish with remaining apricot halves, sliced and, if desired,
  whipping cream.
  
  Recipe By     : Knox Geletin Company
  
  From Gemini's MASSIVE MealMaster collection at www.synapse.com/~gemini
 
</step></directions></recipe></recipeml>
