<?xml version="1.0" encoding="UTF-8"?>

<recipeml version="0.5">
  <recipe>
    <head>
      <title>Apricot Chicken</title>
      <categories>
        <cat>None</cat></categories>
      <yield>1</yield></head>
    <ingredients>
      <ing>
        <amt>
          <qty>1</qty>
          <unit/></amt>
        <item>Chicken; cut up</item></ing>
      <ing>
        <amt>
          <qty>8</qty>
          <unit>ounces</unit></amt>
        <item>Apricot preserves</item></ing>
      <ing>
        <amt>
          <qty>8</qty>
          <unit>ounces</unit></amt>
        <item>Russian dressing</item></ing>
      <ing>
        <amt>
          <qty>1</qty>
          <unit>package</unit></amt>
        <item>Onion soup</item></ing></ingredients>
    <directions>
      <step>  From: Kids in the kitchen
  
  Mix all ingredients and pour over chicken. Bake @ 350 for 1 1/2 hours.
  Posted to recipelu-digest by SRemers@aol.com on Feb 2, 1998
 
</step></directions></recipe></recipeml>
