<?xml version="1.0" encoding="UTF-8"?>

<recipeml version="0.5">
  <recipe>
    <head>
      <title>Apricot Cake Bars</title>
      <categories>
        <cat>Miamiherald</cat>
        <cat>Desserts</cat>
        <cat>Cake</cat>
        <cat>Make ahead</cat></categories>
      <yield>16</yield></head>
    <ingredients>
      <ing>
        <amt>
          <qty>2/3</qty>
          <unit>cups</unit></amt>
        <item>Dried apricots; packed</item></ing>
      <ing>
        <amt>
          <qty>1</qty>
          <unit/></amt>
        <item>Stick butter (1/2c)</item></ing>
      <ing>
        <amt>
          <qty>1/4</qty>
          <unit>cups</unit></amt>
        <item>Sugar</item></ing>
      <ing>
        <amt>
          <qty>1 1/3</qty>
          <unit>cups</unit></amt>
        <item>Flour</item></ing>
      <ing>
        <amt>
          <qty>1/2</qty>
          <unit>teaspoons</unit></amt>
        <item>Baking powder</item></ing>
      <ing>
        <amt>
          <qty/>
          <unit>pinches</unit></amt>
        <item>Salt</item></ing>
      <ing>
        <amt>
          <qty>1</qty>
          <unit>cup</unit></amt>
        <item>Brown sugar</item></ing>
      <ing>
        <amt>
          <qty>2</qty>
          <unit/></amt>
        <item>Eggs</item></ing>
      <ing>
        <amt>
          <qty>1/2</qty>
          <unit>teaspoons</unit></amt>
        <item>Vanilla</item></ing>
      <ing>
        <amt>
          <qty>1/2</qty>
          <unit>cups</unit></amt>
        <item>Chopped walnuts</item></ing>
      <ing>
        <amt>
          <qty/>
          <unit/></amt>
        <item>Confectioner's sugar</item></ing></ingredients>
    <directions>
      <step>  Preheat oven to 350 degrees F.  Put apricots in a
  small pan, cover with water and boil gently for 10
  minutes.  Drain off water, cool and cut into small
  pieces. Mix the butter, sugar, and 1 cup of the flour
  together with a pastry blender until crumbly.  Press
  into a greased 9-by-9-inch baking pan.  Bake for about
  25 minutes or until lightly browned. Sift together the
  remaining 1/3 cup flour, baking powder and salt. In a
  large bowl, beat together the brown sugar and eggs
  until light.  Stir in vanilla, the flour mixture,
  apricots and nuts.  Spread over the baked base.
  Bake for about 30 minutes or until set and browned.
  Cool, then cut into bars.  Wrap and freeze.
  Provise a small bag of confectioner's sugar to
  sprinkle on when ready to serve.
  
  Nutritional info per serving: 206 cal; 10g fat(41%)
  
  Source: Miami Herald, 1/18/96
  format by Lisa Crawford
  Posted to MM-Recipes Digest V3 #240
  
  Date: 03 Sep 96 00:12:19 EDT
  
  From: "Lisabeth Crawford (Pooh)" &lt;104105.1416@CompuServe.COM&gt;
 
</step></directions></recipe></recipeml>
