<?xml version="1.0" encoding="UTF-8"?>

<recipeml version="0.5">
  <recipe>
    <head>
      <title>Apricot Cheese Kugel</title>
      <categories>
        <cat>Desserts</cat>
        <cat>Luncheon</cat>
        <cat>Taste of ho</cat></categories>
      <yield>12</yield></head>
    <ingredients>
      <ing>
        <amt>
          <qty>16</qty>
          <unit>ounces</unit></amt>
        <item>Wide egg noodles</item></ing>
      <ing>
        <amt>
          <qty>8</qty>
          <unit>ounces</unit></amt>
        <item>Cream cheese, softened</item></ing>
      <ing>
        <amt>
          <qty>1</qty>
          <unit>cup</unit></amt>
        <item>Butter or margarine</item></ing>
      <ing>
        <amt>
          <qty>1 1/2</qty>
          <unit>cups</unit></amt>
        <item>Sugar</item></ing>
      <ing>
        <amt>
          <qty>1/2</qty>
          <unit>cups</unit></amt>
        <item>Lemon juice</item></ing>
      <ing>
        <amt>
          <qty>12</qty>
          <unit/></amt>
        <item>Eggs</item></ing>
      <ing>
        <amt>
          <qty>18</qty>
          <unit>ounces</unit></amt>
        <item>Apricot preserves</item></ing>
      <ing>
        <amt>
          <qty>1/2</qty>
          <unit>teaspoons</unit></amt>
        <item>Ground cinnamon, divided</item></ing></ingredients>
    <directions>
      <step>  Cook noodles according to package directions. Meanwhile, in a mixing bowl,
  beat cream cheese, butter and sugar until smooth; add lemon juice and mix
  well. Beat in eggs, one at a time. Drain and rinse noodles; add to egg
  mixture. Spoon half into an ungreased 13-in. x 9-in. x 2-in. baking dish.
  Top with half of the preserves; sprinkle with half of the cinnamon. Repeat
  layers. Bake uncovered at 325 degrees for 45 minutes or until golden brown
  and a knife inserted near the center comes out clean. Serve warm. Yield:
  12-16 servings. Editor's Note: Kugel may be reheated in the oven or
  microwave.
  
  NOTES : "This sweet noodle kugel is a fun dessert and a super addition to
  any brunch buffet. My family and friends scrape the pan clean. I got the
  recipe from my sister years ago." Florence Palermo, Melrose Park, Illinois.
  
  Recipe by: Taste of Home, June/July, 1997 Posted to MC-Recipe Digest V1
  #648 by NGavlak@aol.com on Jun 23, 1997
 
</step></directions></recipe></recipeml>
