<?xml version="1.0" encoding="UTF-8"?>

<recipeml version="0.5">
  <recipe>
    <head>
      <title>Apricot-Sweet Potato Tsimmes</title>
      <categories>
        <cat>Miamiherald</cat>
        <cat>Side dish</cat>
        <cat>Holiday</cat>
        <cat>Jewish</cat></categories>
      <yield>12</yield></head>
    <ingredients>
      <ing>
        <amt>
          <qty>4</qty>
          <unit>cups</unit></amt>
        <item>Apricot nectar</item></ing>
      <ing>
        <amt>
          <qty>1</qty>
          <unit>cup</unit></amt>
        <item>Chicken broth</item></ing>
      <ing>
        <amt>
          <qty>6</qty>
          <unit>tablespoons</unit></amt>
        <item>Pareve margarine</item></ing>
      <ing>
        <amt>
          <qty>1/2</qty>
          <unit>cups</unit></amt>
        <item>Chopped dried apricots</item></ing>
      <ing>
        <amt>
          <qty>2</qty>
          <unit>tablespoons</unit></amt>
        <item>Brown sugar</item></ing>
      <ing>
        <amt>
          <qty>1/4</qty>
          <unit>cups</unit></amt>
        <item>Honey</item></ing>
      <ing>
        <amt>
          <qty>1 1/2</qty>
          <unit>teaspoons</unit></amt>
        <item>Kosher salt</item></ing>
      <ing>
        <amt>
          <qty>1/2</qty>
          <unit>teaspoons</unit></amt>
        <item>Cinnamon</item></ing>
      <ing>
        <amt>
          <qty>1/2</qty>
          <unit>teaspoons</unit></amt>
        <item>Ground pepper</item></ing>
      <ing>
        <amt>
          <qty>5</qty>
          <unit>pounds</unit></amt>
        <item>Sweet potatoes; peeled and sliced 1/4" thick</item></ing>
      <ing>
        <amt>
          <qty>4</qty>
          <unit>large</unit></amt>
        <item>Carrots; pared and sliced</item></ing>
      <ing>
        <amt>
          <qty>1/4</qty>
          <unit>cups</unit></amt>
        <item>Pitted prunes</item></ing></ingredients>
    <directions>
      <step>  Preheat oven to 400 degrees F.  Generously grease a
  13-by-9-inch baking dish.  Combine nectar, broth,
  margarine, apricots, brown sugar, honey, salt,
  cinnamon and pepper into a large saucepan and heat
  until margarine melts.  Add sweet potatoes and
  carrots; bring to a boil.  Cover, cook until potatoes
  begin to soften, about 15 minutes. Using slotted
  spoon, transfer potatoes and carrots to prepared dish.
  Add prunes.  Pour juices from pot over, press firmly
  to compact.  Cover with heavy foil.  Bake 30 minutes.
  Uncover and bake until potatoes are tender and
  beginning to brown on top, about 55 minutes.  Let
  stand 15 minutes.
  
  Nutritional info per serving: 358 cal; 5g pro, 74g
  carb, 6g fat (15%), 7.6g fiber, .1mg chol, 431mg sod
  Exchanges: .5 veg, 1.2 fruit, 3.3 bread, .1 meat, 1.3
  fat
  
  Source: Miami Herald, 9/14/95
  format: 8/9/96, Lisa Crawford
  Posted to MM-Recipes Digest V3 #216
  
  Date: 10 Aug 96 00:07:53 EDT
  
  From: "Lisabeth Crawford (Pooh)" &lt;104105.1416@CompuServe.COM&gt;
 
</step></directions></recipe></recipeml>
