<?xml version="1.0" encoding="UTF-8"?>

<recipeml version="0.5">
  <recipe>
    <head>
      <title>Apricot and Raisin Chutney</title>
      <categories>
        <cat>Condiments</cat>
        <cat>Fruits</cat></categories>
      <yield>1</yield></head>
    <ingredients>
      <ing>
        <amt>
          <qty>1 1/2</qty>
          <unit>pounds</unit></amt>
        <item>Dried apricots</item></ing>
      <ing>
        <amt>
          <qty>1</qty>
          <unit>quart</unit></amt>
        <item>Hot water</item></ing>
      <ing>
        <amt>
          <qty>10</qty>
          <unit>large</unit></amt>
        <item>Garlic cloves</item></ing>
      <ing>
        <amt>
          <qty>1</qty>
          <unit>large</unit></amt>
        <item>Onion -- chopped fine</item></ing>
      <ing>
        <amt>
          <qty>1</qty>
          <unit/></amt>
        <item>3" piece of fresh ginger</item></ing>
      <ing>
        <amt>
          <qty>1 1/4</qty>
          <unit>cups</unit></amt>
        <item>Vinegar -- (see Note at</item></ing>
      <ing>
        <amt>
          <qty/>
          <unit/></amt>
        <item>Bottom)</item></ing>
      <ing>
        <amt>
          <qty>1</qty>
          <unit>pound</unit></amt>
        <item>Sugar -- (see Note at</item></ing>
      <ing>
        <amt>
          <qty/>
          <unit/></amt>
        <item>Bottom)</item></ing>
      <ing>
        <amt>
          <qty>1/4</qty>
          <unit>teaspoons</unit></amt>
        <item>Salt -- I use at least 1</item></ing>
      <ing>
        <amt>
          <qty/>
          <unit/></amt>
        <item>Tsp</item></ing>
      <ing>
        <amt>
          <qty>1/4</qty>
          <unit>teaspoons</unit></amt>
        <item>Cayenne</item></ing>
      <ing>
        <amt>
          <qty>1</qty>
          <unit>cup</unit></amt>
        <item>Raisins</item></ing></ingredients>
    <directions>
      <step>  Makes 5 lbs. Rinse and put the apricots in a bowl with the hot water (I add
  the juice of 1 lemon and the cut up lemon peel) Leave to soak for 4 hours.
  Chop the garlic.  Peel and chop the ginger. Blend the garlic and ginger
  with a little of the vinegar  until smooth.  Put the apricots with their
  soakings water, the onions, the ginger and garlic mixture into an
  preserving kettle with the rest of the vinegar. Add the sugar, salt and
  cayenne.  Bring to a boil and simmer gently for 45 minutes, stirring
  occasionally to prevent burning.  Add the raisins and continue cooking
  until the chutney thickens and begins to turn shiny.  Pack into hot clean
  jars, cover, process and cool. --Note
  : I use brown sugar and regular raisins for a dark chutney - I use white
  sugar and golden raisins for a golden chutney. I don't blend the garlic and
  ginger mixture - I simply mince very small or put through a garlic press.
  You can substitute dried ginger for fresh ginger. Chutney is not supposed
  to require a hot water bath, because of the acid level from the vinegar -
  but I give it a hot water bath anyway. You can use apple cider vinegar in
  this recipe. I use a gas cooktop - and I cook the simmer the mixture with a
  simmer plate between the pot and the burners. Be sure you use a heavy
  bottomed pan - to prevent scorching or burning. PS: I always refrigerate
  the Chutney after opening the jar. "Sweet chutneys provide a delicious
  finishing touch to cold cuts, cheese and salads. This slightly hot, spicy
  way of dealing with dried apricots and raisins is an original and ever
  popular addition to cold, simple fare? Note - I think the author meant
  "traditional" -
  
  Recipe By     : Harrods book of Jams, Jellies and Chutneys
  
  From: Ladies Home Journal- August 1991
  
  File ftp://ftp.idiscover.co.uk/pub/food/mealmaster/recipes/mmdja006.zip
 
</step></directions></recipe></recipeml>
