<?xml version="1.0" encoding="UTF-8"?>

<recipeml version="0.5">
  <recipe>
    <head>
      <title>Apricot Candy Popcorn</title>
      <categories>
        <cat>Snacks</cat>
        <cat>Popcorn</cat></categories>
      <yield>1</yield></head>
    <ingredients>
      <ing>
        <amt>
          <qty>1/4</qty>
          <unit>cups</unit></amt>
        <item>Butter</item></ing>
      <ing>
        <amt>
          <qty>2</qty>
          <unit>tablespoons</unit></amt>
        <item>Jelly or jam</item></ing>
      <ing>
        <amt>
          <qty>2</qty>
          <unit>tablespoons</unit></amt>
        <item>Brown sugar</item></ing>
      <ing>
        <amt>
          <qty>1/2</qty>
          <unit>cups</unit></amt>
        <item>Popcorn; popped</item></ing>
      <ing>
        <amt>
          <qty>1/2</qty>
          <unit>cups</unit></amt>
        <item>Coconut; toasted</item></ing>
      <ing>
        <amt>
          <qty>1/2</qty>
          <unit>cups</unit></amt>
        <item>Almonds; toasted</item></ing>
      <ing>
        <amt>
          <qty>1</qty>
          <unit>cup</unit></amt>
        <item>Dried apricots; cut small</item></ing></ingredients>
    <directions>
      <step>  In a heavy saucepan, put the butter, jelly and brown sugar. Cook over
  moderate heat to 235~ on a candy thermometer. Pour over the popped corn,
  coconut, almonds and apricots.
  Posted to recipelu-digest Volume 01 Number 652 by RecipeLu
  &lt;recipelu@geocities.com&gt; on Jan 31, 1998
 
</step></directions></recipe></recipeml>
