<?xml version="1.0" encoding="UTF-8"?>

<recipeml version="0.5">
  <recipe>
    <head>
      <title>Apricot Almond Squares</title>
      <categories>
        <cat>Cookie</cat></categories>
      <yield>36</yield></head>
    <ingredients>
      <ing-div>
        <title/>
        <ing>
          <amt>
            <qty>1</qty>
            <unit>package</unit></amt>
          <item>(18.25-oz) Pillsbury Plus yellow or white cake mix</item></ing>
        <ing>
          <amt>
            <qty>1/2</qty>
            <unit>cups</unit></amt>
          <item>Butter or margarine; melted</item></ing>
        <ing>
          <amt>
            <qty>1/2</qty>
            <unit>cups</unit></amt>
          <item>Almonds; finely chopped with food chopper</item></ing>
        <ing>
          <amt>
            <qty>1</qty>
            <unit>cup</unit></amt>
          <item>Apricot preserves</item></ing></ing-div>
      <ing-div>
        <title>FILLING</title>
        <ing>
          <amt>
            <qty>1</qty>
            <unit>package</unit></amt>
          <item>(8-oz) cream cheese; softened</item></ing>
        <ing>
          <amt>
            <qty>1/4</qty>
            <unit>cups</unit></amt>
          <item>Sugar</item></ing>
        <ing>
          <amt>
            <qty>2</qty>
            <unit>tablespoons</unit></amt>
          <item>Flour</item></ing>
        <ing>
          <amt>
            <qty>1/8</qty>
            <unit>teaspoons</unit></amt>
          <item>Salt</item></ing>
        <ing>
          <amt>
            <qty>1</qty>
            <unit>teaspoon</unit></amt>
          <item>Vanilla</item></ing>
        <ing>
          <amt>
            <qty>1</qty>
            <unit/></amt>
          <item>Egg</item></ing>
        <ing>
          <amt>
            <qty>1/3</qty>
            <unit>cups</unit></amt>
          <item>Apricot preserves</item></ing>
        <ing>
          <amt>
            <qty>1/2</qty>
            <unit>cups</unit></amt>
          <item>Coconut</item></ing></ing-div></ingredients>
    <directions>
      <step>   Heat oven to 350 degrees. Spray 9x13-inch Baker with vegetable oil spray.
  Combine cake mix and butter using Pastry Blender in Batter Bowl. Stir in
  almonds. Reserve l cup of mixture for filling.  Press remaining base
  mixture in bottom of Baker. Carefully spread 1 cup preserves over base.*
  
   Combine cream cheese, sugar, flour, salt, vanilla and egg in Batter Bowl
  until well mixed. Stir in 1/3 cup preserves. Carefully spread filling
  mixture over base. Combine reserved 1 cup base mixture and coconut;
  sprinkle over filling. Bake 30-40 minutes or until golden brown and center
  is set. Cool completely. Store in refrigerator. 36 bars.
  
   TIP: *For ease in spreading, preserves can be warmed slightly.
  
  "TURNING OUT THE BEST" RECIPE
  
  BOOK, PILLSBURY
  
  THE PAMPERED CHEF
  
  Downloaded from Glen's MM Recipe Archive, http://www.erols.com/hosey.
 
</step></directions></recipe></recipeml>
