<?xml version="1.0" encoding="UTF-8"?>

<recipeml version="0.5">
  <recipe>
    <head>
      <title>Apricot Almond Empanaditas</title>
      <categories>
        <cat>Mexican &amp; s</cat>
        <cat>Vegetarian</cat></categories>
      <yield>8</yield></head>
    <ingredients>
      <ing>
        <amt>
          <qty>1</qty>
          <unit/></amt>
        <item>Sheet frozen puff pastry sheet; thawed</item></ing>
      <ing>
        <amt>
          <qty>1/4</qty>
          <unit>cups</unit></amt>
        <item>Slivered almonds</item></ing>
      <ing>
        <amt>
          <qty>1</qty>
          <unit>cup</unit></amt>
        <item>Apricot preserves</item></ing>
      <ing>
        <amt>
          <qty>1/8</qty>
          <unit>teaspoons</unit></amt>
        <item>Cinnamon</item></ing>
      <ing>
        <amt>
          <qty>2</qty>
          <unit>tablespoons</unit></amt>
        <item>Ground almonds; for topping</item></ing></ingredients>
    <directions>
      <step>  Yields 16 Empanaditas. Frozen puff pastry is used to make these easy
  fruit-filled empanaditas. They're best served straight from the oven. PREP
  TIME: 20 minutes. COOKING TIME: 15 minutes.
  
  1. Preheat oven to 400F. Spray a cookie sheet with vegetable cooking spray.
  On a floured board, unfold and roll out puff pastry sheet to a 12-inch
  square. Cut pastry into 16 3-inch squares.
  
  2. In a small bowl, mix apricot preserves with almonds and cinnamon.
  
  3. Top each pastry square with a heaping teaspoon of apricot preserve
  mixture. Fold squares in half to form triangles. Brush edges of triangles
  with water and press edges together with tines of a fork. Place triangles
  on prepared baking sheet. Bake empanaditas for 15 minutes or until puffed
  and golden brown. Transfer to a wire rack and dust with ground almonds.
  Serve warm.
  
  Add sizzle to your holidays with our traditional Southwestern fiesta.
  Simple and quick to prepare, these recipes take the stress out of
  entertaining. 'Tis the Season: A Vegetarian Christmas Cookbook
  (Fireside/Simon &amp; Schuster), by Nanette Blanchard; excerpt in Delicious!
  Magazine. M E N U -- Carrot Salsa * Ole Corn * Green Chile Enchiladas *
  Zucchini &amp; Hominy Soup * Apricot-Almond Empanaditas
  
  &gt;Delicious! Magazine. &gt;kitPATh mc-PER SERVING: 162CAL, 5.0G fat (26.1% cff)
  Fiber: 1.3 g; Carbs: 29.9; sodium 29mg &gt;1998-Feb Eat-LF Archives at
  www.reggie.com
  
  Recipe by: Felicidades! by Nanette Blanchard
  
  Posted to EAT-LF Digest by KitPATh &lt;phannema@wizard.ucr.edu&gt; on Feb 02,
  1998
 
</step></directions></recipe></recipeml>
