<?xml version="1.0" encoding="UTF-8"?>

<recipeml version="0.5">
  <recipe>
    <head>
      <title>Apricot and Walnut Muffins</title>
      <categories>
        <cat>Muffins</cat>
        <cat>Fruits</cat></categories>
      <yield>12</yield></head>
    <ingredients>
      <ing-div>
        <title>PATTI - VDRJ67A</title>
        <ing>
          <amt>
            <qty>2</qty>
            <unit>cups</unit></amt>
          <item>Self rising flour</item></ing>
        <ing>
          <amt>
            <qty>1/2</qty>
            <unit>cups</unit></amt>
          <item>Light brown sugar; packed</item></ing>
        <ing>
          <amt>
            <qty>1/3</qty>
            <unit>cups</unit></amt>
          <item>Dried apricots; finely chopd</item></ing>
        <ing>
          <amt>
            <qty>1/2</qty>
            <unit>cups</unit></amt>
          <item>Walnuts; finely chopped</item></ing>
        <ing>
          <amt>
            <qty>1</qty>
            <unit>teaspoon</unit></amt>
          <item>Cinnamon</item></ing>
        <ing>
          <amt>
            <qty>1/2</qty>
            <unit>cups</unit></amt>
          <item>Butter or margarine; melted</item></ing>
        <ing>
          <amt>
            <qty>3/4</qty>
            <unit>cups</unit></amt>
          <item>Milk</item></ing>
        <ing>
          <amt>
            <qty>1</qty>
            <unit/></amt>
          <item>Egg; slightly beaten</item></ing></ing-div></ingredients>
    <directions>
      <step>  Preheat oven to 400~ amd grease 12 muffin cups. In large bowl, combine
  flour, sugar, apricots, walnuts and cinnamon. Make a well in the center and
  pour in the melted butter. Beat milk and egg and pour into well. Mix until
  flour is just moistened and batter is lumpy. Fill muffin cups 2/3 full.
  Bake for 20 minutes, or until muffins are golden. Cool slightly, then
  loosen from pan. Cool on a wire rack.
  Posted to MC-Recipe Digest V1 #805 by Nancy Berry &lt;nlberry@prodigy.net&gt; on
  Sep 25, 1997
 
</step></directions></recipe></recipeml>
