<?xml version="1.0" encoding="UTF-8"?>

<recipeml version="0.5">
  <recipe>
    <head>
      <title>Apricot Almond Buns</title>
      <categories>
        <cat>Breads</cat>
        <cat>Fruits/nuts</cat></categories>
      <yield>14</yield></head>
    <ingredients>
      <ing>
        <amt>
          <qty>4 3/4</qty>
          <unit>cups</unit></amt>
        <item>Flour - all purpose</item></ing>
      <ing>
        <amt>
          <qty>1</qty>
          <unit>cup</unit></amt>
        <item>Brown sugar -firm packed</item></ing>
      <ing>
        <amt>
          <qty>1/2</qty>
          <unit>teaspoons</unit></amt>
        <item>Salt</item></ing>
      <ing>
        <amt>
          <qty>2</qty>
          <unit>packages</unit></amt>
        <item>Yeast</item></ing>
      <ing>
        <amt>
          <qty>1/2</qty>
          <unit>cups</unit></amt>
        <item>Milk</item></ing>
      <ing>
        <amt>
          <qty>1/2</qty>
          <unit>cups</unit></amt>
        <item>Water</item></ing>
      <ing>
        <amt>
          <qty>3</qty>
          <unit>tablespoons</unit></amt>
        <item>Margarine</item></ing>
      <ing>
        <amt>
          <qty>2</qty>
          <unit/></amt>
        <item>Eggs</item></ing>
      <ing>
        <amt>
          <qty>1/4</qty>
          <unit>cups</unit></amt>
        <item>Margarine - melted</item></ing>
      <ing>
        <amt>
          <qty>1</qty>
          <unit>cup</unit></amt>
        <item>Apricots, chopped dried</item></ing>
      <ing>
        <amt>
          <qty>1/2</qty>
          <unit>cups</unit></amt>
        <item>Almonds, slivered</item></ing></ingredients>
    <directions>
      <step>    In a large bowl, mix 1 cup flour, 1/2 cup brown sugar, salt and
  undissolved yeast.
    Heat milk, water and 3 tbs margarine to 120F -130F. Add to dry
  ingredients; beat 2 minutes at medium speed of mixer. Add eggs and 1 cup
  flour; beat at high speed 2 minutes. Stir in enough remaining flour to make
  soft dough.  Knead 8 to 10 minutes.  Set in greased bowl; grease top.
  Cover; let rise until doubled, about 1 hour. Punch dough down. Divide in
  half; roll each to a 14 x 9 inch rectangle. Brush with melted margarine;
  sprinkle with remaining brown sugar, apricots and almonds. Roll each up
  from long side; seal seams. Cute each roll into 7 slices. Make 2 cuts in
  side of each slice, 2/3 the way through. Fan sections; set on greased
  baking sheet.  Cover; let rise until doubled. Bake at 375F 15 to 20
  minutes.
   Cool.  Glaze if desired. From Fleishmanns's Yeast package 11/90
  
  From Gemini's MASSIVE MealMaster collection at www.synapse.com/~gemini
 
</step></directions></recipe></recipeml>
