<?xml version="1.0" encoding="UTF-8"?>

<recipeml version="0.5">
  <recipe>
    <head>
      <title>Apricot Blossoms</title>
      <categories>
        <cat>Cookies</cat></categories>
      <yield>1</yield></head>
    <ingredients>
      <ing>
        <amt>
          <qty/>
          <unit/></amt>
        <item>FF Butter Cookie Recipe</item></ing></ingredients>
    <directions>
      <step>  Beat 1 Tbls. grated lemon peel into dough; using cookie press fitted
  with star disk, press out into 2" stars. Bake 10 minutes. Brush while
  still warm with apricot preserves; decorate with finely chopped dried
  apricots.
  
  File ftp://ftp.idiscover.co.uk/pub/food/mealmaster/recipes/mmkah001.zip
 
</step></directions></recipe></recipeml>
