<?xml version="1.0" encoding="UTF-8"?>

<recipeml version="0.5">
  <recipe>
    <head>
      <title>Apricot - Glazed Carrots</title>
      <categories>
        <cat>Vegetables</cat></categories>
      <yield>8</yield></head>
    <ingredients>
      <ing>
        <amt>
          <qty>5</qty>
          <unit>cups</unit></amt>
        <item>Carrots; julienned</item></ing>
      <ing>
        <amt>
          <qty>3/4</qty>
          <unit>cups</unit></amt>
        <item>Water</item></ing>
      <ing>
        <amt>
          <qty>1/4</qty>
          <unit>teaspoons</unit></amt>
        <item>Salt</item></ing>
      <ing>
        <amt>
          <qty>1/4</qty>
          <unit>cups</unit></amt>
        <item>Apricot preserves</item></ing></ingredients>
    <directions>
      <step>  In medium saucepan, combine carrots and water; bring to a boil. Reduce
  heat; cover and cook over medium heat 8-12 minutes or until carrots are
  tender; drain. Stir in salt and apricot preserves. Makes 8 (1/2 cup)
  servings.
  
  Recipe by: Key Gourmet
  
  Posted to recipelu-digest by James and Susan Kirkland &lt;kirkland@gj.net&gt; on
  Feb 20, 1998
 
</step></directions></recipe></recipeml>
