<?xml version="1.0" encoding="UTF-8"?>

<recipeml version="0.5">
  <recipe>
    <head>
      <title>Apricot and Lemon Lip Balm</title>
      <categories>
        <cat>Herbal</cat></categories>
      <yield>1</yield></head>
    <ingredients>
      <ing>
        <amt>
          <qty>1</qty>
          <unit>teaspoon</unit></amt>
        <item>Beeswax (5 ml)</item></ing>
      <ing>
        <amt>
          <qty>1</qty>
          <unit>teaspoon</unit></amt>
        <item>Apricot kernel oil (5 ml)</item></ing>
      <ing>
        <amt>
          <qty>1</qty>
          <unit>teaspoon</unit></amt>
        <item>Calendula oil (5 ml)</item></ing>
      <ing>
        <amt>
          <qty/>
          <unit/></amt>
        <item>Few drops essential oil of</item></ing>
      <ing>
        <amt>
          <qty/>
          <unit/></amt>
        <item>Lemon or orange</item></ing></ingredients>
    <directions>
      <step>  a delicious protective and healing gloss especially good for chapped lips.
  
  1.  melt the beeswax.  Add the apricot and calendula oils, stirring
  constantly. 2. remove from the heat while stirring and when partly cooled,
  add the essential oils. 3. store in a small glass pot.
  
  Posted to MM-Recipes Digest V3 #275
  
  Date: Mon, 7 Oct 1996 09:59:14 PST
  
  From: l.and-e.smith@juno.com (Lois Smith)
 
</step></directions></recipe></recipeml>
