<?xml version="1.0" encoding="UTF-8"?>

<recipeml version="0.5">
  <recipe>
    <head>
      <title>Apricot Almond Bark</title>
      <categories>
        <cat>Candies</cat></categories>
      <yield>6</yield></head>
    <ingredients>
      <ing>
        <amt>
          <qty>1</qty>
          <unit>pound</unit></amt>
        <item>White chocolate</item></ing>
      <ing>
        <amt>
          <qty>2</qty>
          <unit>tablespoons</unit></amt>
        <item>Solid vegetable shortening</item></ing>
      <ing>
        <amt>
          <qty>1/2</qty>
          <unit>cups</unit></amt>
        <item>Whole toasted almonds</item></ing>
      <ing>
        <amt>
          <qty>1</qty>
          <unit>cup</unit></amt>
        <item>Apricot Jelly Belly beans</item></ing></ingredients>
    <directions>
      <step>  Line a 10x15-inch jelly roll pan with waxed paper.
  Melt chocolate and shortening in the top part of a
  double boiler. Stir in almonds and jelly beans. Spread
  into prepared pans. Chill 10 minutes. Score into
  2x3-inch bars with knife. When firm, cut bars apart.
  
  From: Steve Herrick Source: Best Recipes - March/April
  1991
  
  From Gemini's MASSIVE MealMaster collection at www.synapse.com/~gemini
 
</step></directions></recipe></recipeml>
