<?xml version="1.0" encoding="UTF-8"?>

<recipeml version="0.5">
  <recipe>
    <head>
      <title>Apricot Chicken</title>
      <categories>
        <cat>Main dish</cat>
        <cat>Chicken</cat>
        <cat>Jelly/jam</cat></categories>
      <yield>4</yield></head>
    <ingredients>
      <ing>
        <amt>
          <qty>10</qty>
          <unit>ounces</unit></amt>
        <item>Apricot preserves*</item></ing>
      <ing>
        <amt>
          <qty>8</qty>
          <unit>ounces</unit></amt>
        <item>Russian Dressing**</item></ing>
      <ing>
        <amt>
          <qty>1</qty>
          <unit>package</unit></amt>
        <item>Onion soup mix</item></ing>
      <ing>
        <amt>
          <qty>2</qty>
          <unit>cups</unit></amt>
        <item>Long-grain rice</item></ing>
      <ing>
        <amt>
          <qty>2</qty>
          <unit>tablespoons</unit></amt>
        <item>Minced parlsey</item></ing></ingredients>
    <directions>
      <step>  3-      lb chicken; * sub Current, Peach, or any preserve combination **
  Sub Catalina Dressing&gt;&gt;&gt;&gt;&gt;&gt; Richard, This recipe came from Prodigy BB; at
  the time, unfortunately, I wasn't recording the author's name. Preparation:
  1- Mix Preserves, Dressing, and Onion mix 2- Arrange chicken in a baking
  dish; pour mix over chicken; 3- Marinade 3+ hours, refrigerated. 4- Bake at
  325F-350F 45 min to 1 hour, until juices clear. 5- To crisp chicken, cook
  the last 15 min under the broiler. 6- Prepare rice with parsley; serve
  chicken over rice. 7- My preference is to bake chicken about 30 min and
  finish over a med-high grill, basting with some of the sauce and saving
  some to pour over chicken and rice at serving. Good Appetite, BoB FROM: BOB
  STAATS   (VVDT30A)
  
  From Gemini's MASSIVE MealMaster collection at www.synapse.com/~gemini
 
</step></directions></recipe></recipeml>
