<?xml version="1.0" encoding="UTF-8"?>

<recipeml version="0.5">
  <recipe>
    <head>
      <title>Apricot Bonbons</title>
      <categories>
        <cat>Desserts</cat></categories>
      <yield>4</yield></head>
    <ingredients>
      <ing>
        <amt>
          <qty>6</qty>
          <unit>ounces</unit></amt>
        <item>Package dried apricots,</item></ing>
      <ing>
        <amt>
          <qty/>
          <unit/></amt>
        <item>Finely chopped</item></ing>
      <ing>
        <amt>
          <qty>14</qty>
          <unit>ounces</unit></amt>
        <item>Package flaked coconut</item></ing>
      <ing>
        <amt>
          <qty>14</qty>
          <unit>cans</unit></amt>
        <item>Sweetened condensed milk</item></ing>
      <ing>
        <amt>
          <qty>12</qty>
          <unit>ounces</unit></amt>
        <item>Package white coating</item></ing>
      <ing>
        <amt>
          <qty/>
          <unit/></amt>
        <item>Chocolate for dipping</item></ing></ingredients>
    <directions>
      <step>  Originally from: "Austin American-Stateman, May 24, 1990 Apricot Bonbons
  Combine apricots, coconut, and milk in a large bowl. Cover and refrigerate
  at least 4 hours, or overnight. Shape mixture into small balls, place onto
  wax paper and refrigerate. Melt chocolate over boiling water, stirring
  frequently. Using forks or toothpicks, dip balls into chocolate. Place on
  wax paper again and refrigerate until firm.
  
  Recipe submitted to the paper by Rosemary Striegler of Bastrop.
  
  From Gemini's MASSIVE MealMaster collection at www.synapse.com/~gemini
 
</step></directions></recipe></recipeml>
