<?xml version="1.0" encoding="UTF-8"?>

<recipeml version="0.5">
  <recipe>
    <head>
      <title>Apricot Coffee Cake</title>
      <categories>
        <cat>Diabetic</cat>
        <cat>Cakes</cat>
        <cat>Desserts</cat></categories>
      <yield>1</yield></head>
    <ingredients>
      <ing>
        <amt>
          <qty>1 1/2</qty>
          <unit>cups</unit></amt>
        <item>Flour</item></ing>
      <ing>
        <amt>
          <qty>1/4</qty>
          <unit>teaspoons</unit></amt>
        <item>Salt</item></ing>
      <ing>
        <amt>
          <qty>2</qty>
          <unit>teaspoons</unit></amt>
        <item>Baking powder</item></ing>
      <ing>
        <amt>
          <qty>12</qty>
          <unit>teaspoons</unit></amt>
        <item>Equiv.sweetner</item></ing>
      <ing>
        <amt>
          <qty>1</qty>
          <unit/></amt>
        <item>Egg</item></ing>
      <ing>
        <amt>
          <qty>1/4</qty>
          <unit>cups</unit></amt>
        <item>Nonfat dry milk</item></ing>
      <ing>
        <amt>
          <qty>2/3</qty>
          <unit>cups</unit></amt>
        <item>Water</item></ing>
      <ing>
        <amt>
          <qty>1</qty>
          <unit>teaspoon</unit></amt>
        <item>Vanilla</item></ing>
      <ing>
        <amt>
          <qty>2</qty>
          <unit>cups</unit></amt>
        <item>Canned apricots,drain+chop</item></ing>
      <ing>
        <amt>
          <qty/>
          <unit/></amt>
        <item>Ground cinnamon</item></ing></ingredients>
    <directions>
      <step>   Preheat oven to 375F. In a small bowl, sift flour, salt and baking
  powder.In another bowl, cream sweetner, egg and margarine on low
  spped of an electric mixer. Add dry milk, water and vanilla. Beat
  until blended. Stir in dry ingriedients. Stir until smooth. Spread
  batter in 8" square pan that has been sprayed with a nonstick cooking
  spray. Arrange apricots evenly over batter. Sprinkle liberally with
  cinnamon. Bake 25 minutes, until toothpick inserted in cneter of cake
  comes out clean. Cool in pan. From *Prodigy's Food and Wine Bulletin
  Board, from Bridget Benjamin,phfc09a
  
  File ftp://ftp.idiscover.co.uk/pub/food/mealmaster/recipes/diabetic.zip
 
</step></directions></recipe></recipeml>
