<?xml version="1.0" encoding="UTF-8"?>

<recipeml version="0.5">
  <recipe>
    <head>
      <title>Apricot and Walnut Chutney</title>
      <categories>
        <cat>Relishes</cat>
        <cat>Fruits</cat></categories>
      <yield>1</yield></head>
    <ingredients>
      <ing>
        <amt>
          <qty>3</qty>
          <unit>pounds</unit></amt>
        <item>Apricots; -OR- Dried apricots</item></ing>
      <ing>
        <amt>
          <qty>1</qty>
          <unit>pound</unit></amt>
        <item>Onions; peeled, chopped fine</item></ing>
      <ing>
        <amt>
          <qty>1 1/2</qty>
          <unit>pints</unit></amt>
        <item>Cider vinegar</item></ing>
      <ing>
        <amt>
          <qty>2</qty>
          <unit/></amt>
        <item>Garlic cloves peeled, crushed</item></ing>
      <ing>
        <amt>
          <qty>2</qty>
          <unit/></amt>
        <item>Oranges (rind only)</item></ing>
      <ing>
        <amt>
          <qty>1</qty>
          <unit>pound</unit></amt>
        <item>Light brown sugar</item></ing>
      <ing>
        <amt>
          <qty>8</qty>
          <unit>ounces</unit></amt>
        <item>Sultanas</item></ing>
      <ing>
        <amt>
          <qty>2</qty>
          <unit>teaspoons</unit></amt>
        <item>Salt</item></ing>
      <ing>
        <amt>
          <qty>1</qty>
          <unit>teaspoon</unit></amt>
        <item>English mustard</item></ing>
      <ing>
        <amt>
          <qty>1/2</qty>
          <unit>teaspoons</unit></amt>
        <item>Powdered allspice</item></ing>
      <ing>
        <amt>
          <qty>8</qty>
          <unit>ounces</unit></amt>
        <item>Walnuts very roughtly chopped</item></ing></ingredients>
    <directions>
      <step>  Split and stone the fresh apricots and chop roughly. If using dried
  apricots, put them to swell overnight in water. Boil the chopped onions for
  a few moments to soften them, otherwise you always seem to get a few hard
  bits.  Drain.  Put all the ingredients except the walnuts into a large
  preserving pan and bring to the boil. Turn down the heat and cook gently,
  stirring regularly, for 1 1/2 hours until the mixture is thick and jammy.
  Stir in the walnuts.  Pot while hot in warm sterilised jars. Seal. Makes
  about 6 lbs.
  
  Source: Elisabeth Luard in "Country Living" (British), November 1988. Typed
  for you by Karen Mintzias
  
  From Gemini's MASSIVE MealMaster collection at www.synapse.com/~gemini
 
</step></directions></recipe></recipeml>
