<?xml version="1.0" encoding="UTF-8"?>

<recipeml version="0.5">
  <recipe>
    <head>
      <title>Apricot Cheese Pie</title>
      <categories>
        <cat>Pies</cat></categories>
      <yield>8</yield></head>
    <ingredients>
      <ing>
        <amt>
          <qty>1 1/4</qty>
          <unit>cups</unit></amt>
        <item>Quick oats</item></ing>
      <ing>
        <amt>
          <qty>1/4</qty>
          <unit>cups</unit></amt>
        <item>Melted butter or margarine</item></ing>
      <ing>
        <amt>
          <qty>1/4</qty>
          <unit>teaspoons</unit></amt>
        <item>Cinnamon</item></ing>
      <ing>
        <amt>
          <qty>1/8</qty>
          <unit>teaspoons</unit></amt>
        <item>Ground nutmeg</item></ing>
      <ing>
        <amt>
          <qty>1</qty>
          <unit>cup</unit></amt>
        <item>Cottage cheese</item></ing>
      <ing>
        <amt>
          <qty>1</qty>
          <unit>package</unit></amt>
        <item>8 oz. reduced calorie cream</item></ing>
      <ing>
        <amt>
          <qty>3</qty>
          <unit/></amt>
        <item>Eggs</item></ing>
      <ing>
        <amt>
          <qty>1/2</qty>
          <unit>cups</unit></amt>
        <item>Sliced dates</item></ing>
      <ing>
        <amt>
          <qty>1/2</qty>
          <unit>cups</unit></amt>
        <item>Pineapple juice</item></ing>
      <ing>
        <amt>
          <qty>1</qty>
          <unit>teaspoon</unit></amt>
        <item>Vanilla extract</item></ing>
      <ing>
        <amt>
          <qty>1</qty>
          <unit>teaspoon</unit></amt>
        <item>Grated orange zest (peel)</item></ing>
      <ing>
        <amt>
          <qty>3/4</qty>
          <unit>teaspoons</unit></amt>
        <item>Cornstarch</item></ing>
      <ing>
        <amt>
          <qty>1</qty>
          <unit>can</unit></amt>
        <item>16 oz. apricot halves,draine</item></ing></ingredients>
    <directions>
      <step>     Combine oats,butter,cinnamon and 1/4 tsp. nutmeg in a small bowl.Press
  mixture onto bottom and up sides of a 9" pie plate. Bake at 425 degrees for
  7 to 10 minutes,until lightly browned.
     Meanwhile,combine cottage cheese and cream cheese,eggs,dates, 1/3 cup
  pineapple juice,vanilla extract,orange zest and remaining nutmeg in a food
  processor or blender.Blend until well mixed. Pour into cooled crust and
  bake @ 350 degrees for 30 to 35 minutes until filling is set.Chill at least
  one hour.
     Combine remaining pineapple juice and cornstarch in a small
  saucepan.Heat to boiling.Boil 1 minute,stirring constantly,until thickened
  and clear.Arrange drained apricot halves on top of cheese filling and spoon
  pineapple glaze,evenly,over apricots. Refrigerate until glaze is set.Makes
        8    servings.
  
  From Gemini's MASSIVE MealMaster collection at www.synapse.com/~gemini
 
</step></directions></recipe></recipeml>
