<?xml version="1.0" encoding="UTF-8"?>

<recipeml version="0.5">
  <recipe>
    <head>
      <title>Apricot and Almond Tart</title>
      <categories>
        <cat>Cake (</cat>
        <cat>Sheet)</cat></categories>
      <yield>6</yield></head>
    <ingredients>
      <ing>
        <amt>
          <qty>12</qty>
          <unit>ounces</unit></amt>
        <item>Puff pastry</item></ing>
      <ing>
        <amt>
          <qty>1</qty>
          <unit/></amt>
        <item>Egg; beaten</item></ing>
      <ing>
        <amt>
          <qty/>
          <unit/></amt>
        <item>Filling:</item></ing>
      <ing>
        <amt>
          <qty>2</qty>
          <unit>tablespoons</unit></amt>
        <item>Semolina or dry breadcrumbs</item></ing>
      <ing>
        <amt>
          <qty>18</qty>
          <unit>ounces</unit></amt>
        <item>Or more fresh apricots; quartered and pitted</item></ing>
      <ing>
        <amt>
          <qty>1</qty>
          <unit>ounce</unit></amt>
        <item>Flaked almonds</item></ing>
      <ing>
        <amt>
          <qty>2</qty>
          <unit>tablespoons</unit></amt>
        <item>Very fine sugar</item></ing>
      <ing>
        <amt>
          <qty>2</qty>
          <unit>tablespoons</unit></amt>
        <item>Clear honey</item></ing></ingredients>
    <directions>
      <step>  Roll the pastry out on a lightly floured board. Trim to give a rectangle of
  about 12 inches by 5 inches. Using a sharp knife and a ruler, carefully cut
  out an inner rectangle, 1/2" from the outer edge of the first one, i. e. a
  rectangle that measures 11 1/2 x 4 1/2". Gently ease out the inner
  rectangle and lay it on a lightly floured surface, leaving behind a 1/2"
  wide "frame". Roll out the inner rectangle carefully, increasing its size
  to 12" by 5". Lay it on a greased baking sheet and brush the edges with
  beaten egg. Lift up the "frame" of pastry and lay it on the rectangle,
  which it should fit.
  
  Sprinkle the semolina evenly over the inside of this pastry case, then
  arrange the apricot quarters on top, snuggling them close together as they
  will shrink in the oven. Sprinkle over flaked almonds and the sugar.
  
  Place a baking sheet in the oven and heat to 425 F. Place the tart on the
  HOT baking sheet and bake for 15 minutes, then reduce heat to 375 F and
  bake for a further 10 to 15 minutes. As soon as it is cooked, warm the
  honey in a small pan until runny and brush over the apricots. Serve warm or
  cold.
  Posted to EAT-L Digest 24 Jul 96
  
  Date:    Thu, 25 Jul 1996 01:39:22 EDT
  
  From:    erika metzieder &lt;100627.3022@COMPUSERVE.COM&gt;
  NOTES : A variation on the plain open fruit tart, this one uses puff
       pastry,
       rolled out to form a rectangle. When they are ripe, use greengages
       instead of
       apricots.
 
</step></directions></recipe></recipeml>
