<?xml version="1.0" encoding="UTF-8"?>

<recipeml version="0.5">
  <recipe>
    <head>
      <title>Apricot Bars</title>
      <categories>
        <cat>Diabetic</cat>
        <cat>Desserts</cat>
        <cat>Cooky/bars</cat></categories>
      <yield>18</yield></head>
    <ingredients>
      <ing>
        <amt>
          <qty>2</qty>
          <unit/></amt>
        <item>Eggs</item></ing>
      <ing>
        <amt>
          <qty>1</qty>
          <unit>cup</unit></amt>
        <item>Apricot 100% fruit spread</item></ing>
      <ing>
        <amt>
          <qty>1/2</qty>
          <unit>cups</unit></amt>
        <item>Butter; melted</item></ing>
      <ing>
        <amt>
          <qty>2</qty>
          <unit>teaspoons</unit></amt>
        <item>Vanilla extract</item></ing>
      <ing>
        <amt>
          <qty>1</qty>
          <unit>cup</unit></amt>
        <item>Flour</item></ing>
      <ing>
        <amt>
          <qty>2/3</qty>
          <unit>cups</unit></amt>
        <item>Oats</item></ing>
      <ing>
        <amt>
          <qty>1 1/4</qty>
          <unit>teaspoons</unit></amt>
        <item>Baking powder</item></ing>
      <ing>
        <amt>
          <qty>1/4</qty>
          <unit>teaspoons</unit></amt>
        <item>Salt</item></ing>
      <ing>
        <amt>
          <qty>3/4</qty>
          <unit>teaspoons</unit></amt>
        <item>Cinnamon, ground</item></ing>
      <ing>
        <amt>
          <qty>1/4</qty>
          <unit>teaspoons</unit></amt>
        <item>Allspice, ground</item></ing>
      <ing>
        <amt>
          <qty>1/8</qty>
          <unit>teaspoons</unit></amt>
        <item>Mace, ground</item></ing></ingredients>
    <directions>
      <step>  Preheat oven to 350.  Beat eggs in large bowl.  Blend in fruit spread,
  butter, and vanilla. Add flour, oats, baking powder, salt, and
  spices; mix well. Spread dough into greased 12"x8" baking dish. Bake
  18 minutes, until golden brown and firm to touch.
  
  Cool completely on wire rack.  Cut into 18 bars.  Store in tightly
  covered container.
  
  Nutrition information per bar: 130 calories,  2 gm protein, 17 gm
  carbohydrate,  6 gm fat,  37 mg cholesterol, 119 mg sodium, 2/3
  diabetic starch/bread exchange, 1 diabetic fat exchange, 1/2 diabetic
  fruit exchange.
  
  Source: "Sugar-Free Desserts," the December 1992 issue of _Favorite
  All-Time Recipes_ magazine MM by Sylvia Steiger, GEnie THE.STEIGERS,
  CI$ 71511,2253, GT Cookbook echo moderator at net/node 004/005
  
  File ftp://ftp.idiscover.co.uk/pub/food/mealmaster/recipes/diabetic.zip
 
</step></directions></recipe></recipeml>
