<?xml version="1.0" encoding="UTF-8"?>

<recipeml version="0.5">
  <recipe>
    <head>
      <title>Apricot Balls (Marillenknoedel)</title>
      <categories>
        <cat>Cookie</cat></categories>
      <yield>12</yield></head>
    <ingredients>
      <ing>
        <amt>
          <qty>250</qty>
          <unit>grams</unit></amt>
        <item>White cheese (Austrian: topfen; German: quark)</item></ing>
      <ing>
        <amt>
          <qty>30</qty>
          <unit>grams</unit></amt>
        <item>Butter</item></ing>
      <ing>
        <amt>
          <qty>2</qty>
          <unit/></amt>
        <item>Egg yolks</item></ing>
      <ing>
        <amt>
          <qty>1</qty>
          <unit>pinch</unit></amt>
        <item>Salt</item></ing>
      <ing>
        <amt>
          <qty>80</qty>
          <unit>grams</unit></amt>
        <item>Flour</item></ing>
      <ing>
        <amt>
          <qty>80</qty>
          <unit>grams</unit></amt>
        <item>Butter</item></ing>
      <ing>
        <amt>
          <qty>100</qty>
          <unit>grams</unit></amt>
        <item>Breadcrumbs</item></ing>
      <ing>
        <amt>
          <qty>2</qty>
          <unit>tablespoons</unit></amt>
        <item>Sugar</item></ing>
      <ing>
        <amt>
          <qty>1/4</qty>
          <unit>teaspoons</unit></amt>
        <item>Cinnamon (up to)</item></ing>
      <ing>
        <amt>
          <qty>16</qty>
          <unit/></amt>
        <item>Abricots (up to)</item></ing>
      <ing>
        <amt>
          <qty>16</qty>
          <unit/></amt>
        <item>Pieces of sugar (sugar cubes?)</item></ing>
      <ing>
        <amt>
          <qty/>
          <unit/></amt>
        <item>Powdered sugar</item></ing></ingredients>
    <directions>
      <step>  From: Gabriele DANNINGER &lt;A4422DAD@helios.edvz.univie.ac.at&gt;
  
  Date: Thu, 19 Aug 93 11:19:24 MEZ
  The Aprocot Balls (Marillenknoedel) are one of my favourite dishes. It is
  very popular in Austria. Since I am not used to write recipes in english,
  there may be some errors in it. Please be not upset. Now follows the
  recipe.
  
  Mix white cheese, butter (soft, not directly from the refrigerator), egg
  yolks and salt. Add the flour and make a soft mass. Form a roll with a
  diameter of about 5 cm. Cut slices of about 1 cm, press flat on your hand.
  Put an abricot (remove the kernel and put in a piece of sugar) on top of it
  and form a ball. Put into a pot of simmering, slightly salted water. Let
  simmer for about 10 minutes.
  
  Put breadcrumbs, sugar and cinnamon into a pan where you melted the butter
  and roast it until it takes a golden colour (you can also smell, when it is
  finshed, but be careful it soon may be too late).  Roll the balls in the
  roasted breadcrumbs, put powdered sugar above and eat very hot.
  
  REC.FOOD.RECIPES ARCHIVES
  
  /COOKIES
  
  From rec.food.cooking archives.  Downloaded from Glen's MM Recipe Archive,
  http://www.erols.com/hosey.
 
</step></directions></recipe></recipeml>
