<?xml version="1.0" encoding="UTF-8"?>

<recipeml version="0.5">
  <recipe>
    <head>
      <title>Apricot and Cucumber Soup</title>
      <categories>
        <cat>Appetizers</cat>
        <cat>Soups</cat>
        <cat>Fruits</cat>
        <cat>Vegetables</cat></categories>
      <yield>4</yield></head>
    <ingredients>
      <ing>
        <amt>
          <qty>6</qty>
          <unit>ounces</unit></amt>
        <item>Dried apricots</item></ing>
      <ing>
        <amt>
          <qty>1 1/2</qty>
          <unit>pints</unit></amt>
        <item>Vegetable stock</item></ing>
      <ing>
        <amt>
          <qty>1</qty>
          <unit/></amt>
        <item>Orange, juiced &amp; rind grated</item></ing>
      <ing>
        <amt>
          <qty>1</qty>
          <unit>medium</unit></amt>
        <item>Cucumber</item></ing>
      <ing>
        <amt>
          <qty>1</qty>
          <unit>medium</unit></amt>
        <item>Onion, finely chopped</item></ing>
      <ing>
        <amt>
          <qty>1</qty>
          <unit>tablespoon</unit></amt>
        <item>Vegetable oil</item></ing>
      <ing>
        <amt>
          <qty>2</qty>
          <unit>teaspoons</unit></amt>
        <item>Curry powder</item></ing>
      <ing>
        <amt>
          <qty/>
          <unit/></amt>
        <item>Salt &amp; pepper</item></ing>
      <ing>
        <amt>
          <qty>2</qty>
          <unit>tablespoons</unit></amt>
        <item>Pumpkin seeds, to garnish</item></ing></ingredients>
    <directions>
      <step>  Soak the apricots in the stock with the grated orange rind for 2 to 3
  hours.  Add the orange juice &amp; simemr for 45 minutes.
  
  Cut 8 thin slices from the cucumber &amp; reserve for garnish.  Peel &amp;
  roughly chop the remainder.
  
  Fry the onion in the oil over medium heat for 3 to 4 minutes, stirring
  once or twice.  Stir in the curry powder &amp; chopped cucumber &amp; cook
  for 2 minutes.
  
  Puree the apricots with the stock &amp; the cucumber mixture.  Return to
  the pan &amp; heat gently.  Season with salt &amp; pepper.
  
  Serve the soup garnished with floating slices of cucumber topped with
  the pumpkin seeds.  Black rye bread makes a good accompaniment.
  
  Pamela Westland, "Fruit"
  
  File ftp://ftp.idiscover.co.uk/pub/food/mealmaster/recipes/vegan4.zip
 
</step></directions></recipe></recipeml>
