<?xml version="1.0" encoding="UTF-8"?>

<recipeml version="0.5">
  <recipe>
    <head>
      <title>Apricot Coconut Squares</title>
      <categories>
        <cat>None</cat></categories>
      <yield>1</yield></head>
    <ingredients>
      <ing>
        <amt>
          <qty>1</qty>
          <unit>cup</unit></amt>
        <item>Sugar</item></ing>
      <ing>
        <amt>
          <qty>2</qty>
          <unit>cups</unit></amt>
        <item>Flour</item></ing>
      <ing>
        <amt>
          <qty>3/4</qty>
          <unit>cups</unit></amt>
        <item>Butter</item></ing>
      <ing>
        <amt>
          <qty>1</qty>
          <unit>cup</unit></amt>
        <item>Coconut; flaked</item></ing>
      <ing>
        <amt>
          <qty>1</qty>
          <unit/></amt>
        <item>Egg</item></ing>
      <ing>
        <amt>
          <qty>1/4</qty>
          <unit>teaspoons</unit></amt>
        <item>Salt</item></ing>
      <ing>
        <amt>
          <qty>1</qty>
          <unit>teaspoon</unit></amt>
        <item>Vanilla</item></ing>
      <ing>
        <amt>
          <qty>1</qty>
          <unit/></amt>
        <item>Jar; (10 oz.) apricot preserves</item></ing></ingredients>
    <directions>
      <step>  Notes: Peka Joe Daniels, Lansford, The Times, PA
  
  Mix together with fork all ingredients, except apricot preserves. Press 3/4
  of the batter in the bottom of a 9x13" pan. Spread apricot preserves on
  top. Spread rest of batter over apricot preserves with fork, letting some
  of the apricot show through. Bake at 350° for 25-30 minutes until a light
  golden brown. Cool and cut into squares.
  
  Posted to recipelu-digest by ncanty@juno.com (Nadia I Canty) on Mar 6, 1998
 
</step></directions></recipe></recipeml>
