<?xml version="1.0" encoding="UTF-8"?>

<recipeml version="0.5">
  <recipe>
    <head>
      <title>Apricot Brandy Eggnog</title>
      <categories>
        <cat>Christmas</cat>
        <cat>Beverages</cat>
        <cat>Great</cat>
        <cat>Marie</cat></categories>
      <yield>12</yield></head>
    <ingredients>
      <ing>
        <amt>
          <qty>12</qty>
          <unit/></amt>
        <item>Egg yolks</item></ing>
      <ing>
        <amt>
          <qty>2</qty>
          <unit>cups</unit></amt>
        <item>Powdered sugar</item></ing>
      <ing>
        <amt>
          <qty>1 2/3</qty>
          <unit>cups</unit></amt>
        <item>Apricot brandy</item></ing>
      <ing>
        <amt>
          <qty>2</qty>
          <unit>cups</unit></amt>
        <item>Cold milk</item></ing>
      <ing>
        <amt>
          <qty>2</qty>
          <unit>cups</unit></amt>
        <item>Heavy cream, chipped</item></ing>
      <ing>
        <amt>
          <qty/>
          <unit/></amt>
        <item>Nutmeg</item></ing></ingredients>
    <directions>
      <step>  In a large bowl, with and electirc mixer at medium speed, beat the yolks
  until very light.  Gradually beat in the sugar.  Slowly pour in the brandy
  while beating constantly.  Let rest about 10 minutes.  Gradually beat in
  the milk.  Refrigerate, covered, until very well chilled.  I prefer to make
  it at least 1 month ahead to allow the flavors to meld.
  
  When ready to serve, pour the eggnog into a punch bowl.  Beat the heavy
  cream and fold into the eggnog just until blended.  Grate fresh nutmeg over
  the top.
  Posted to MM-Recipes Digest V4 #264 by msleukie@mindspring.com on Oct 06,
  1997
 
</step></directions></recipe></recipeml>
