<?xml version="1.0" encoding="UTF-8"?>

<recipeml version="0.5">
  <recipe>
    <head>
      <title>Apricot_balsamic Sauce</title>
      <categories>
        <cat>Chicken</cat>
        <cat>Sauces</cat></categories>
      <yield>1</yield></head>
    <ingredients>
      <ing>
        <amt>
          <qty/>
          <unit/></amt>
        <item>1      1 2 oz jar apricot preserves</item></ing>
      <ing>
        <amt>
          <qty/>
          <unit/></amt>
        <item>2      t bsp balsamic vinegar</item></ing>
      <ing>
        <amt>
          <qty/>
          <unit/></amt>
        <item>1      t bsp          soy sauce</item></ing>
      <ing>
        <amt>
          <qty/>
          <unit/></amt>
        <item>1/4  t sp           orange peel; grated</item></ing></ingredients>
    <directions>
      <step>  In a medium bowl mix all ingredients.  Makesabout 1 1/4 cups. Serve with
  chicken.
  Posted to MC-Recipe Digest V1 #216
  
  Date: Sat, 31 Aug 1996 11:20:33 -0700
  
  From: Gerald Edgerton &lt;jerrye@wizard.com&gt;
 
</step></directions></recipe></recipeml>
