<?xml version="1.0" encoding="UTF-8"?>

<recipeml version="0.5">
  <recipe>
    <head>
      <title>Apricot Bread</title>
      <categories>
        <cat>Breads</cat>
        <cat>Bread machi</cat>
        <cat>Bread maili</cat>
        <cat>Fatfree</cat></categories>
      <yield>1</yield></head>
    <ingredients>
      <ing>
        <amt>
          <qty>1</qty>
          <unit>package</unit></amt>
        <item>Yeast</item></ing>
      <ing>
        <amt>
          <qty>3</qty>
          <unit>cups</unit></amt>
        <item>Bread flour</item></ing>
      <ing>
        <amt>
          <qty>3</qty>
          <unit>tablespoons</unit></amt>
        <item>Brown sugar</item></ing>
      <ing>
        <amt>
          <qty>1</qty>
          <unit>teaspoon</unit></amt>
        <item>Salt</item></ing>
      <ing>
        <amt>
          <qty>1</qty>
          <unit>tablespoon</unit></amt>
        <item>Butter; at room temperature</item></ing>
      <ing>
        <amt>
          <qty>1</qty>
          <unit>cup</unit></amt>
        <item>Dried apricots; cut in quarters</item></ing>
      <ing>
        <amt>
          <qty>1 1/4</qty>
          <unit>cups</unit></amt>
        <item>Orange juice</item></ing></ingredients>
    <directions>
      <step>  Ingredients should be at room temperature. Liquids (and 'warmed'
  ingredients) should be at 120-130 degrees.
  
  Add ingredients in order given. Setting: white bread
  
  Recipe by: DAK Loafing It
  
  Posted to MC-Recipe Digest by Nuey2@aol.com on Feb 3, 1998
 
</step></directions></recipe></recipeml>
