<?xml version="1.0" encoding="UTF-8"?>

<recipeml version="0.5">
  <recipe>
    <head>
      <title>Apricot Carrot Bread</title>
      <categories>
        <cat>Bread</cat></categories>
      <yield>2</yield></head>
    <ingredients>
      <ing>
        <amt>
          <qty>1 3/4</qty>
          <unit>cups</unit></amt>
        <item>All purpose flour</item></ing>
      <ing>
        <amt>
          <qty>1</qty>
          <unit>teaspoon</unit></amt>
        <item>Baking powder</item></ing>
      <ing>
        <amt>
          <qty>1/4</qty>
          <unit>teaspoons</unit></amt>
        <item>Baking soda</item></ing>
      <ing>
        <amt>
          <qty>1/4</qty>
          <unit>teaspoons</unit></amt>
        <item>Salt</item></ing>
      <ing>
        <amt>
          <qty>1/2</qty>
          <unit>cups</unit></amt>
        <item>Granulated sugar</item></ing>
      <ing>
        <amt>
          <qty>1/2</qty>
          <unit>cups</unit></amt>
        <item>Apple Sauce</item></ing>
      <ing>
        <amt>
          <qty>1/2</qty>
          <unit>cups</unit></amt>
        <item>Shredded carrots</item></ing>
      <ing>
        <amt>
          <qty>2</qty>
          <unit>tablespoons</unit></amt>
        <item>Vegetable oil</item></ing>
      <ing>
        <amt>
          <qty>1/3</qty>
          <unit>cups</unit></amt>
        <item>Dried apricots ; cut</item></ing>
      <ing>
        <amt>
          <qty>1/2</qty>
          <unit>cups</unit></amt>
        <item>Powdered sugar</item></ing>
      <ing>
        <amt>
          <qty>2</qty>
          <unit>teaspoons</unit></amt>
        <item>Apple juice</item></ing></ingredients>
    <directions>
      <step>  Preheat oven to 350*F. Spran an 8x4x2 inch pan with cooking spray. In large
  mixing bowl combine flour, baking powder, baking soda and salt. In a medium
  size bowl combine beaten egg, sugar, apple sauce, carrots, and vegetable
  oil. Add all this at once to dry ingredients; stir just this once until
  just moistened (batter will be thick). Fold in apricots. Pour batter into
  prepared loaf pan and bak 45 to 60 minutes or until a toothpick inserted
  comes out clean. Remove from oven and let cool. Wrap loaf and store
  overnight before slicing. POWDERED SUGAR ICING: In small bowl combine 1/2
  cup sifted powdered sugar and 2 tsp apple juice to make drizzling
  consistency.
  
  Date: Tue, 11 Jun 1996 08:41:06 -0400
  
  From: kmeade@ids2.idsonline.com (The Meades)
  
  MC-Recipe Digest V1 #114
  
  From the MasterCook recipe list.  Downloaded from Glen's MM Recipe Archive,
  http://www.erols.com/hosey.
 
</step></directions></recipe></recipeml>
