<?xml version="1.0" encoding="UTF-8"?>

<recipeml version="0.5">
  <recipe>
    <head>
      <title>Apricot Almond Coffeecake</title>
      <categories>
        <cat>Breads</cat>
        <cat>Fruits</cat>
        <cat>Newspaper</cat>
        <cat>Easter</cat></categories>
      <yield>1</yield></head>
    <ingredients>
      <ing-div>
        <title/>
        <ing>
          <amt>
            <qty>3 1/2</qty>
            <unit>cups</unit></amt>
          <item>All-purpose flour</item></ing>
        <ing>
          <amt>
            <qty>1</qty>
            <unit>package</unit></amt>
          <item>RapidRise yeast</item></ing>
        <ing>
          <amt>
            <qty>2</qty>
            <unit>tablespoons</unit></amt>
          <item>Sugar</item></ing>
        <ing>
          <amt>
            <qty>2</qty>
            <unit>tablespoons</unit></amt>
          <item>Instant dry milk</item></ing>
        <ing>
          <amt>
            <qty>1</qty>
            <unit>teaspoon</unit></amt>
          <item>Salt</item></ing>
        <ing>
          <amt>
            <qty>6</qty>
            <unit>ounces</unit></amt>
          <item>Apricot baby food</item></ing>
        <ing>
          <amt>
            <qty>1/4</qty>
            <unit>cups</unit></amt>
          <item>Water</item></ing>
        <ing>
          <amt>
            <qty>2</qty>
            <unit>tablespoons</unit></amt>
          <item>Margarine</item></ing>
        <ing>
          <amt>
            <qty>1</qty>
            <unit>large</unit></amt>
          <item>Egg</item></ing></ing-div>
      <ing-div>
        <title>FILLING</title>
        <ing>
          <amt>
            <qty>1/3</qty>
            <unit>cups</unit></amt>
          <item>Apricot jam or preserves</item></ing>
        <ing>
          <amt>
            <qty>3/4</qty>
            <unit>cups</unit></amt>
          <item>Dried apricots, golden</item></ing>
        <ing>
          <amt>
            <qty/>
            <unit/></amt>
          <item>Raisins, or currants,</item></ing>
        <ing>
          <amt>
            <qty/>
            <unit/></amt>
          <item>Chopped</item></ing>
        <ing>
          <amt>
            <qty>1/3</qty>
            <unit>cups</unit></amt>
          <item>Slivered almonds, toasted</item></ing></ing-div>
      <ing-div>
        <title>ICING</title>
        <ing>
          <amt>
            <qty>1</qty>
            <unit>cup</unit></amt>
          <item>Powdered sugar, sifted</item></ing>
        <ing>
          <amt>
            <qty>2</qty>
            <unit>tablespoons</unit></amt>
          <item>Milk</item></ing>
        <ing>
          <amt>
            <qty>1/2</qty>
            <unit>teaspoons</unit></amt>
          <item>Vanilla</item></ing></ing-div></ingredients>
    <directions>
      <step>  In large bowl combine 1 cup flour, undissolved yeast, sugar, instant milk,
  and salt. Heat baby food, water and margarine until very warm (120 to
  130ø); stir into dry ingredients. Stir in egg and enough remaining flour to
  make a soft dough. Knead on lightly floured surface until smooth and
  elastic, about 6 to 8 minutes. Cover; let rest on floured surface 10
  minutes. On lightly floured surface, roll dough to 20x9-inch rectangle. To
  fill, evenly spread jam on dough to within 1/2 inch of edges. Sprinkle
  evenly with apricots and almonds. Beginning at long end, roll up tightly.
  Pinch seam to seal. Form into ring, pinch ends together to seal. Place,
  seam side down, on large greased baking sheet. With sharp knife, cut slits,
  starting from outer edge, 3/4 of the way through dough at 1-inch intervals.
  Turn each section on its side to show filling. Cover; let rise in warm,
  draft-free place until doubled in size, about 30 to 45 minutes. Bake at
  350ø for 30 to 35 minutes or until done, covering with foil after 20
  minutes to prevent excess browning. Remove from sheet; let cool on wire
  rack. Drizzle with icing. Icing: Combine all ingredients. Stir until
  smooth.
  
  From the recipe files of Roberta Thompson Source: The News-Enterprise,
  Elizabethtown, KY; Taste of Spring column in the Food section by Mary Alice
  Holt, April 13, 1995
  Posted to MM-Recipes Digest  by "Chat Cat" &lt;maintech@ne.infi.net&gt; on Mar
  26, 98
 
</step></directions></recipe></recipeml>
