<?xml version="1.0" encoding="UTF-8"?>

<recipeml version="0.5">
  <recipe>
    <head>
      <title>Apricot Bavarin Beauty</title>
      <categories>
        <cat>None</cat></categories>
      <yield>1</yield></head>
    <ingredients>
      <ing-div>
        <title>BASE</title>
        <ing>
          <amt>
            <qty>1</qty>
            <unit>cup</unit></amt>
          <item>Crushed cornflakes</item></ing>
        <ing>
          <amt>
            <qty>65</qty>
            <unit>grams</unit></amt>
          <item>Melted butter</item></ing>
        <ing>
          <amt>
            <qty>4</qty>
            <unit>teaspoons</unit></amt>
          <item>Sugar</item></ing></ing-div>
      <ing-div>
        <title>FILLING</title>
        <ing>
          <amt>
            <qty>2</qty>
            <unit>teaspoons</unit></amt>
          <item>Gelatine dissolved in</item></ing>
        <ing>
          <amt>
            <qty>1/4</qty>
            <unit>cups</unit></amt>
          <item>Cold water</item></ing>
        <ing>
          <amt>
            <qty>3</qty>
            <unit/></amt>
          <item>Eggs separated</item></ing>
        <ing>
          <amt>
            <qty>1/4</qty>
            <unit>cups</unit></amt>
          <item>Sugar</item></ing>
        <ing>
          <amt>
            <qty>1/4</qty>
            <unit>cups</unit></amt>
          <item>Apricot syrup; drained from can</item></ing>
        <ing>
          <amt>
            <qty>2</qty>
            <unit>teaspoons</unit></amt>
          <item>Lemon juice</item></ing>
        <ing>
          <amt>
            <qty>300</qty>
            <unit>mililiters</unit></amt>
          <item>Whipped cream</item></ing>
        <ing>
          <amt>
            <qty>1</qty>
            <unit>cup</unit></amt>
          <item>Canned apricots mashed</item></ing></ing-div></ingredients>
    <directions>
      <step>  Base: Blend well and press over the base and sides of a 20 cm pie plate.
  
  Filling: dissolve gelatine over hot water. Beat egg yolks and sugar until
  thick and creamy and add syrup and juice. Stir in gelatine and fold in
  stiffly beaten egg whites. Then fold in cream and apricots. Pour into
  chilled crust. Chill. Garnish with apricot 1/2s and cream.
  
  Posted to Bakery-Shoppe Digest V1 #389 by Keith McPhee
  &lt;kmcphee@globe.co.nz&gt; on Nov 17, 1997
 
</step></directions></recipe></recipeml>
