<?xml version="1.0" encoding="UTF-8"?>

<recipeml version="0.5">
  <recipe>
    <head>
      <title>Apricot Chutney</title>
      <categories>
        <cat>Condiment</cat></categories>
      <yield>1</yield></head>
    <ingredients>
      <ing>
        <amt>
          <qty>1</qty>
          <unit>small</unit></amt>
        <item>Lime</item></ing>
      <ing>
        <amt>
          <qty>1</qty>
          <unit>cup</unit></amt>
        <item>Granulated Sugar</item></ing>
      <ing>
        <amt>
          <qty>1</qty>
          <unit>cup</unit></amt>
        <item>Packed Brown Sugar</item></ing>
      <ing>
        <amt>
          <qty>1</qty>
          <unit>cup</unit></amt>
        <item>Dried Currants</item></ing>
      <ing>
        <amt>
          <qty>1</qty>
          <unit>cup</unit></amt>
        <item>Cider Vinegar; (5% Acidity)</item></ing>
      <ing>
        <amt>
          <qty>1</qty>
          <unit>tablespoon</unit></amt>
        <item>Fresh Ginger; minced -or-</item></ing>
      <ing>
        <amt>
          <qty>3/4</qty>
          <unit>teaspoons</unit></amt>
        <item>Ground Ginger</item></ing>
      <ing>
        <amt>
          <qty>1</qty>
          <unit>teaspoon</unit></amt>
        <item>Dry Mustard</item></ing>
      <ing>
        <amt>
          <qty>1</qty>
          <unit>teaspoon</unit></amt>
        <item>Ground Allspice</item></ing>
      <ing>
        <amt>
          <qty>1/4</qty>
          <unit>teaspoons</unit></amt>
        <item>Salt</item></ing>
      <ing>
        <amt>
          <qty>1</qty>
          <unit>dash</unit></amt>
        <item>Ground Cloves</item></ing>
      <ing>
        <amt>
          <qty>3</qty>
          <unit>small</unit></amt>
        <item>Dried Hot Red Chiles; Crushed</item></ing>
      <ing>
        <amt>
          <qty>1/2</qty>
          <unit>cups</unit></amt>
        <item>Chopped Onions</item></ing>
      <ing>
        <amt>
          <qty>1</qty>
          <unit>small</unit></amt>
        <item>Garlic Clove; minced or Pressed</item></ing>
      <ing>
        <amt>
          <qty>4</qty>
          <unit>pounds</unit></amt>
        <item>Apricots; pitted &amp; Quartered</item></ing></ingredients>
    <directions>
      <step>  Rinse unpeeled lime; then chop, discarding seeds.  Place chopped lime in a
  heavy bottomes 8 to 10 quart pan.  Mix  in granulated sugar, brown sugar,
  currants, vinegar, ginger, mustard, allspice, salt, cloves, chiles, onion,
  and garlic. Bring to a boil over medium-high heat. Stir in apricots; return
  to a boil, stirring constantly. Reduce heat and simmer, uncovered, stirring
  often to prevent sticking, until slightly thickened (about 45 minutes).
  
  Process in boiling water canner as above.
  
  Source: Sunset's _Home Canning_.
  
  Date: Tue, 11 Jun 1996 08:41:06 -0400
  
  From: kmeade@ids2.idsonline.com (The Meades)
  
  Recipe By     : Maggie Workman &lt;MWORKMAN@VM.CC.PURDUE.EDU&gt;
  
  MC-Recipe Digest V1 #114
  
  From the MasterCook recipe list.  Downloaded from Glen's MM Recipe Archive,
  http://www.erols.com/hosey.
 
</step></directions></recipe></recipeml>
