<?xml version="1.0" encoding="UTF-8"?>

<recipeml version="0.5">
  <recipe>
    <head>
      <title>Apricot Coffee Cake</title>
      <categories>
        <cat>Cake</cat></categories>
      <yield>8</yield></head>
    <ingredients>
      <ing>
        <amt>
          <qty>2</qty>
          <unit>cups</unit></amt>
        <item>Bisquick reduced fat baking mix</item></ing>
      <ing>
        <amt>
          <qty>1/2</qty>
          <unit>cups</unit></amt>
        <item>Sugar</item></ing>
      <ing>
        <amt>
          <qty>1/4</qty>
          <unit>cups</unit></amt>
        <item>Milk</item></ing>
      <ing>
        <amt>
          <qty>2</qty>
          <unit>tablespoons</unit></amt>
        <item>Margarine or butter; melted</item></ing>
      <ing>
        <amt>
          <qty>1/2</qty>
          <unit>teaspoons</unit></amt>
        <item>Ground nutmeg</item></ing>
      <ing>
        <amt>
          <qty>2</qty>
          <unit/></amt>
        <item>Eggs</item></ing>
      <ing>
        <amt>
          <qty>1</qty>
          <unit>can</unit></amt>
        <item>(8.5-oz) apricot halves; well drained and cut into fourths</item></ing>
      <ing>
        <amt>
          <qty>1</qty>
          <unit>can</unit></amt>
        <item>(15.25-oz) crushed pineapple; well drained</item></ing>
      <ing>
        <amt>
          <qty>2/3</qty>
          <unit>cups</unit></amt>
        <item>Apricot preserves</item></ing></ingredients>
    <directions>
      <step>   HEAT oven to 375 degrees. Grease 2 round pans, 9x1-1/2 inches.
  
   MIX all ingredients except preserves thoroughly. Divide batter between
  pans.
  
   BAKE 20 to 22 minutes or until golden brown; cool completely. Place one
  cake layer, rounded side down, on serving plate; spread with 1/3 cup
  preserves. Top with second cake layer, rounded side up; spread with
  remaining preserves. 8 servings.
  
  From &lt;Betty Crocker: Bisquick Classics and New Favorites&gt;.  Downloaded from
  Glen's MM Recipe Archive, http://www.erols.com/hosey.
 
</step></directions></recipe></recipeml>
