<?xml version="1.0" encoding="UTF-8"?>

<recipeml version="0.5">
  <recipe>
    <head>
      <title>Apricot Amaretto Cake</title>
      <categories>
        <cat>Cakes</cat></categories>
      <yield>12</yield></head>
    <ingredients>
      <ing>
        <amt>
          <qty>1/2</qty>
          <unit>cups</unit></amt>
        <item>Almonds; sliced</item></ing>
      <ing>
        <amt>
          <qty>1</qty>
          <unit>cup</unit></amt>
        <item>Coconut; flaked, toasted</item></ing>
      <ing>
        <amt>
          <qty>1/3</qty>
          <unit>cups</unit></amt>
        <item>Brown sugar; packed</item></ing>
      <ing>
        <amt>
          <qty>3</qty>
          <unit>teaspoons</unit></amt>
        <item>Butter, softened</item></ing>
      <ing>
        <amt>
          <qty>1 3/4</qty>
          <unit>cups</unit></amt>
        <item>Flour</item></ing>
      <ing>
        <amt>
          <qty>1</qty>
          <unit>teaspoon</unit></amt>
        <item>Baking soda</item></ing>
      <ing>
        <amt>
          <qty>1/4</qty>
          <unit>teaspoons</unit></amt>
        <item>Salt</item></ing>
      <ing>
        <amt>
          <qty>1/2</qty>
          <unit>cups</unit></amt>
        <item>Butter</item></ing>
      <ing>
        <amt>
          <qty>3/4</qty>
          <unit>cups</unit></amt>
        <item>Brown sugar; packed</item></ing>
      <ing>
        <amt>
          <qty>3</qty>
          <unit/></amt>
        <item>Eggs</item></ing>
      <ing>
        <amt>
          <qty>1/2</qty>
          <unit>cups</unit></amt>
        <item>Apricot preserves</item></ing>
      <ing>
        <amt>
          <qty>1/4</qty>
          <unit>cups</unit></amt>
        <item>Sour cream</item></ing>
      <ing>
        <amt>
          <qty>1/4</qty>
          <unit>cups</unit></amt>
        <item>Amaretto</item></ing>
      <ing>
        <amt>
          <qty>2/3</qty>
          <unit>cups</unit></amt>
        <item>Dried apricots; snipped</item></ing></ingredients>
    <directions>
      <step>  Grease a 10" microwave-safe fluted tube dish. Sprinkle almonds over sides.
  Combine coconut, 1/3 cup brown sugar and 3 tbsp butter. Press into bottom
  of dish. Set aside. Stir together flour, baking soda and salt. Beat 1/2 cup
  butter. Add 3/4 cup brown sugar and beat until fluffy. Add eggs, preserves
  and sour cream. Beat well. Add flour mixture and Amaretto, alternately, to
  beaten mixture, beating well after each addition. Fold in apricots.
  Transfer batter to prepared dish. Micro cook, uncovered, on 50 % power
  (medium) for 12 minutes, giving dish a quarter turn every 5 minutes. To
  test for doneness, scratch the slightly wet surface with a wooden
  toothpick. The cake should be cooked underneath. If not done, cook on 100 %
  (high) for 30 seconds to 2 minutes or until done. Cool on rack for 5
  minutes. Invert and cool on a platter.
  
  From Gemini's MASSIVE MealMaster collection at www.synapse.com/~gemini
 
</step></directions></recipe></recipeml>
