<?xml version="1.0" encoding="UTF-8"?>

<recipeml version="0.5">
  <recipe>
    <head>
      <title>Apricot Bars #3</title>
      <categories>
        <cat>Cookie</cat></categories>
      <yield>30</yield></head>
    <ingredients>
      <ing>
        <amt>
          <qty>1 1/2</qty>
          <unit>cups</unit></amt>
        <item>Flour</item></ing>
      <ing>
        <amt>
          <qty>1</qty>
          <unit>teaspoon</unit></amt>
        <item>Baking powder</item></ing>
      <ing>
        <amt>
          <qty>1/4</qty>
          <unit>teaspoons</unit></amt>
        <item>Salt</item></ing>
      <ing>
        <amt>
          <qty>1 1/2</qty>
          <unit>cups</unit></amt>
        <item>Rolled oats</item></ing>
      <ing>
        <amt>
          <qty>1</qty>
          <unit>cup</unit></amt>
        <item>Brown sugar</item></ing>
      <ing>
        <amt>
          <qty>3/4</qty>
          <unit>cups</unit></amt>
        <item>Margarine</item></ing>
      <ing>
        <amt>
          <qty>3/4</qty>
          <unit>cups</unit></amt>
        <item>Apricot preserves</item></ing></ingredients>
    <directions>
      <step>  From: arielle@taronga.com (Stephanie da Silva) (COLLECTION)
  
  Date: Wed, 2 Mar 1994 23:07:59 GMT
  See recipe "Grandma Olsen's Sugar Cookies" for source/info on this recipe.
  
  Stir dry ingredients together. Stir in oats 7 sugar, cut in butter until
  crumbly. Pat 1/2 crumbs in 11 x 7 pan. Spread with preserves, top with
  crumbs. Bake 375F for 35 minutes, cool. Makes 2-1/2 dozen.
  
  Sharon -- Merchandising
  
  REC.FOOD.RECIPES ARCHIVES
  
  /MISC
  
  From rec.food.cooking archives.  Downloaded from Glen's MM Recipe Archive,
  http://www.erols.com/hosey.
 
</step></directions></recipe></recipeml>
