<?xml version="1.0" encoding="UTF-8"?>

<recipeml version="0.5">
  <recipe>
    <head>
      <title>Angel Food Cake</title>
      <categories>
        <cat>Digest</cat>
        <cat>July</cat>
        <cat>Dessert</cat>
        <cat>Ovo</cat>
        <cat>Fatfree</cat></categories>
      <yield>1</yield></head>
    <ingredients>
      <ing-div>
        <title>CONTROLLING YOUR FAT TOOTH</title>
        <ing>
          <amt>
            <qty>1 3/4</qty>
            <unit>cups</unit></amt>
          <item>Egg whites (about 12 eggs)</item></ing>
        <ing>
          <amt>
            <qty>1 1/2</qty>
            <unit>teaspoons</unit></amt>
          <item>Cream of tartar</item></ing>
        <ing>
          <amt>
            <qty>1/4</qty>
            <unit>teaspoons</unit></amt>
          <item>Salt</item></ing>
        <ing>
          <amt>
            <qty>1 1/2</qty>
            <unit>cups</unit></amt>
          <item>Granulated sugar</item></ing>
        <ing>
          <amt>
            <qty>1 1/4</qty>
            <unit>cups</unit></amt>
          <item>Sifted cake flour</item></ing>
        <ing>
          <amt>
            <qty>2</qty>
            <unit>teaspoons</unit></amt>
          <item>Vanilla extract</item></ing>
        <ing>
          <amt>
            <qty>3/4</qty>
            <unit>teaspoons</unit></amt>
          <item>Almond extract</item></ing>
        <ing>
          <amt>
            <qty>3/4</qty>
            <unit>teaspoons</unit></amt>
          <item>Fresh lemon juice</item></ing></ing-div></ingredients>
    <directions>
      <step>  Combine egg whites, cream of tartar and salt.  Beat to very soft peaks.
  Turn mixer to lowest speed and gradually add sugar 1 tsp. at a time. Then
  add flour, 1 tsp. at a time.  Do no overmix.
  
  Fold in vanilla, almond extract and lemon juice.  Transfer ot nonstick
  angel food cake pan.  Bake on bottom rack of 350 deg. oven 45-50 minutes or
  until cake is golden and cracks on top feel dry.
  
  Invert pan and let cool.  Remove onto serving platter.
  
  TO MAKE CHOCOLATE ANGEL FOOD CAKE: LEAVE OUT THE LEMON, ADD 1/2 CUPS
  UNSWEETENED COCOA POWDER.
  
  According to the recipe, plain cake is 148 cal. (12 servings), with a trace
  of fat. Chocolate is 158 cal. with 1 gram.
  
  From: Rick Bronstein &lt;ucla@kaiwan.com&gt; Fatfree Digest [Volume 9 Issue 23]
  July 14, 1994. Formatted by Sue Smith, S.Smith34, TXFT40A@Prodigy.com using
  MMCONV
  
  File ftp://ftp.idiscover.co.uk/pub/food/mealmaster/recipes/fatfreex.zip
 
</step></directions></recipe></recipeml>
