<?xml version="1.0" encoding="UTF-8"?>

<recipeml version="0.5">
  <recipe>
    <head>
      <title>Angel Pillows</title>
      <categories>
        <cat>Cookies</cat></categories>
      <yield>18</yield></head>
    <ingredients>
      <ing-div>
        <title/>
        <ing>
          <amt>
            <qty>1/2</qty>
            <unit>cups</unit></amt>
          <item>Shortening; butter flavored</item></ing>
        <ing>
          <amt>
            <qty>3</qty>
            <unit>ounces</unit></amt>
          <item>Cream cheese; softened</item></ing>
        <ing>
          <amt>
            <qty>1</qty>
            <unit>tablespoon</unit></amt>
          <item>Milk</item></ing>
        <ing>
          <amt>
            <qty>1/4</qty>
            <unit>cups</unit></amt>
          <item>Brown sugar; packed</item></ing>
        <ing>
          <amt>
            <qty>1/2</qty>
            <unit>cups</unit></amt>
          <item>Apricot preserves</item></ing>
        <ing>
          <amt>
            <qty>1 1/4</qty>
            <unit>cups</unit></amt>
          <item>All-purpose flour</item></ing>
        <ing>
          <amt>
            <qty>1 1/2</qty>
            <unit>teaspoons</unit></amt>
          <item>Baking powder</item></ing>
        <ing>
          <amt>
            <qty>1 1/2</qty>
            <unit>teaspoons</unit></amt>
          <item>Ground cinnamon</item></ing>
        <ing>
          <amt>
            <qty>1/4</qty>
            <unit>teaspoons</unit></amt>
          <item>Salt</item></ing>
        <ing>
          <amt>
            <qty>1/2</qty>
            <unit>cups</unit></amt>
          <item>Pecans; coarsely chopped, or coconut flakes</item></ing></ing-div>
      <ing-div>
        <title>FROSTING</title>
        <ing>
          <amt>
            <qty>1</qty>
            <unit>cup</unit></amt>
          <item>Powdered sugar</item></ing>
        <ing>
          <amt>
            <qty>1/4</qty>
            <unit>cups</unit></amt>
          <item>Apricot preserves</item></ing>
        <ing>
          <amt>
            <qty>1</qty>
            <unit>tablespoon</unit></amt>
          <item>Shortening; butter flavored</item></ing>
        <ing>
          <amt>
            <qty/>
            <unit/></amt>
          <item>Coconut flakes; optional, or finely chopped pecans</item></ing></ing-div></ingredients>
    <directions>
      <step>  Preheat oven to 350 degrees; grease cookie sheets with butter flavored
  shortening. Cream the shortening, cream cheese and milk with an electric
  mixer on medium speed until well blended. Beat in the brown sugar. Beat in
  the preserves. Combine the flour, baking powder, cinnamon and salt. Mix
  into the creamed mixture. Stir in the nuts. Drop 2 level tablespoons of
  dough into a mound to form each cookie. Place 2 inches apart on the cookie
  sheets. Bake for 14 minutes. Cool on the cookie sheets for 1 minute; remove
  to wire racks to cool completely before frosting. For the frosting, combine
  the powdered sugar, preserves and shortening in a small bowl. Beat with an
  electric mixer until well blended. Frost the cooled cookies; sprinkle with
  coconut, if desired. Penny Halsey (ATBN65B). Variation: Try peach or
  pineapple preserves in place of apricot.
  
  Recipe by: Treasury of Christmas Recipes
  
  Posted to MC-Recipe Digest V1 #960 by Nancy Berry &lt;nlberry@prodigy.net&gt; on
  Dec 18, 1997
 
</step></directions></recipe></recipeml>
