<?xml version="1.0" encoding="UTF-8"?>

<recipeml version="0.5">
  <recipe>
    <head>
      <title>Angel Hair Pasta in Bouillaba</title>
      <categories>
        <cat>Soup</cat></categories>
      <yield>1</yield></head>
    <ingredients>
      <ing>
        <amt>
          <qty>1/2</qty>
          <unit>pounds</unit></amt>
        <item>Seafood: Lobster; Scallops, Halibut; Mussels, etc.</item></ing>
      <ing>
        <amt>
          <qty>1/4</qty>
          <unit>cups</unit></amt>
        <item>Olive Oil</item></ing>
      <ing>
        <amt>
          <qty>1/4</qty>
          <unit>cups</unit></amt>
        <item>Dry White Wine</item></ing>
      <ing>
        <amt>
          <qty>2</qty>
          <unit/></amt>
        <item>Cloves Garlic; Pressed</item></ing>
      <ing>
        <amt>
          <qty>1/4</qty>
          <unit>teaspoons</unit></amt>
        <item>Saffron</item></ing>
      <ing>
        <amt>
          <qty>1/4</qty>
          <unit>pounds</unit></amt>
        <item>Angel Hair</item></ing>
      <ing>
        <amt>
          <qty>1</qty>
          <unit>cup</unit></amt>
        <item>Fumet</item></ing>
      <ing>
        <amt>
          <qty>1</qty>
          <unit/></amt>
        <item>Carrot; Blanched &amp; julienned</item></ing>
      <ing>
        <amt>
          <qty>1</qty>
          <unit/></amt>
        <item>Rib Celery; Blanched &amp; Julienned</item></ing>
      <ing>
        <amt>
          <qty/>
          <unit/></amt>
        <item>Sauce Rouille</item></ing>
      <ing>
        <amt>
          <qty>From:</qty>
          <unit/></amt>
        <item>Joel Ehrlich &lt;Joel.Ehrlich@SALATA.COM&gt;</item></ing>
      <ing>
        <amt>
          <qty>Date:</qty>
          <unit/></amt>
        <item>Fri, 12 Jul 1996 08:47:35 -0800</item></ing></ingredients>
    <directions>
      <step>  Cut the fish into serving size chunks.  Scrub all the shellfish but leave
  their shells intact.  Cut up the lobster and remove the shells.  Combine
  the olive oil, wine, saffron and garlic. Marinate the seafood in the olive
  oil mixture until needed. To prepare, pour the fumet over the fish and
  marinade mixture. Cook the angel hair pasta in salted boiling water until
  al dente. Simmer until the shells (on clams, oysters, scallops or mussels)
  open. Place the angel hair in the bottom of a soup bowl. Pour the broth and
  seafood over it. Garnish with the blanched julienned vegetables. Serve with
  small rounds of toast coated with Sauce Rouille.
  
  EAT-L Digest 12 July 96
  
  From the EAT-L recipe list.  Downloaded from Glen's MM Recipe Archive,
  http://www.erols.com/hosey.
 
</step></directions></recipe></recipeml>
