<?xml version="1.0" encoding="UTF-8"?>

<recipeml version="0.5">
  <recipe>
    <head>
      <title>Angel Hair Pasta with Smoked Salmon and Dill</title>
      <categories>
        <cat>Pasta*</cat>
        <cat>Main course</cat>
        <cat>Fish*</cat>
        <cat>Quick dishe</cat></categories>
      <yield>2</yield></head>
    <ingredients>
      <ing>
        <amt>
          <qty>6</qty>
          <unit>ounces</unit></amt>
        <item>Angel hair pasta</item></ing>
      <ing>
        <amt>
          <qty>1/2</qty>
          <unit>cups</unit></amt>
        <item>Whipping cream</item></ing>
      <ing>
        <amt>
          <qty>1/2</qty>
          <unit>cups</unit></amt>
        <item>Milk; *</item></ing>
      <ing>
        <amt>
          <qty>1/4</qty>
          <unit>cups</unit></amt>
        <item>Chopped fresh dill</item></ing>
      <ing>
        <amt>
          <qty>1/4</qty>
          <unit>cups</unit></amt>
        <item>Chopped green onions</item></ing>
      <ing>
        <amt>
          <qty>1 1/2</qty>
          <unit>tablespoons</unit></amt>
        <item>Capers; drained</item></ing>
      <ing>
        <amt>
          <qty>1</qty>
          <unit>teaspoon</unit></amt>
        <item>Grated lemon peel</item></ing>
      <ing>
        <amt>
          <qty>4</qty>
          <unit>ounces</unit></amt>
        <item>Thinly sliced smoked salmon; cut into thin strips</item></ing></ingredients>
    <directions>
      <step>  * Recipe says don't use low-fat or non-fat milk. I used 2% and it was fine.
  
  Cook pasta in large pot of boiling salted water until just tender but still
  firm to bite. Drain well; return to same pot.
  
  Combine cream milk, dill, onions, capers, and lemon peel in heavy small
  saucepan. Bring to boil over medium-high heat. Add sauce to pasta; toss to
  coat. Add salmon and toss to combine. Season with S&amp;P and serve.
  
  Makes 2 servings; can be doubled (Bon Appetit, April 1996)
  
  Recipe by: Epicurious web site
  
  Posted to EAT-L Digest  by Kaye Sykes &lt;kaye_sykes@NL.COMPUWARE.COM&gt; on Dec
  11, 1997
 
</step></directions></recipe></recipeml>
