<?xml version="1.0" encoding="UTF-8"?>

<recipeml version="0.5">
  <recipe>
    <head>
      <title>Angel Food Cake</title>
      <categories>
        <cat>Cakes</cat>
        <cat>Favorites</cat></categories>
      <yield>8</yield></head>
    <ingredients>
      <ing>
        <amt>
          <qty>1 3/4</qty>
          <unit>cups</unit></amt>
        <item>Egg whites (12 to 14 large eggs)</item></ing>
      <ing>
        <amt>
          <qty>1</qty>
          <unit>teaspoon</unit></amt>
        <item>Cream of tartar</item></ing>
      <ing>
        <amt>
          <qty>1/4</qty>
          <unit>teaspoons</unit></amt>
        <item>Salt</item></ing>
      <ing>
        <amt>
          <qty>1 3/4</qty>
          <unit>cups</unit></amt>
        <item>Sugar</item></ing>
      <ing>
        <amt>
          <qty>1 1/4</qty>
          <unit>cups</unit></amt>
        <item>Flour</item></ing>
      <ing>
        <amt>
          <qty>1 1/2</qty>
          <unit>teaspoons</unit></amt>
        <item>Vanilla</item></ing>
      <ing>
        <amt>
          <qty>3/4</qty>
          <unit>teaspoons</unit></amt>
        <item>Almond extract</item></ing>
      <ing>
        <amt>
          <qty>1/4</qty>
          <unit>teaspoons</unit></amt>
        <item>Lemon juice</item></ing>
      <ing>
        <amt>
          <qty/>
          <unit/></amt>
        <item>Optional:</item></ing>
      <ing>
        <amt>
          <qty>1</qty>
          <unit>cup</unit></amt>
        <item>Heavy cream; whipped</item></ing>
      <ing>
        <amt>
          <qty>1</qty>
          <unit>cup</unit></amt>
        <item>Berries such as: strawberries; raspberries,</item></ing>
      <ing>
        <amt>
          <qty/>
          <unit/></amt>
        <item>Blueberries and/or blackberries</item></ing></ingredients>
    <directions>
      <step>  BAKE:  350=B0
  
  Sift sugar and flour together 3X.  Put egg whites in mixing bowl, add cream
  of tartar and salt and beat till very soft peaks form.  With mixer on low
  speed, gradually whisk in sugar/flour mixture.  Fold in vanilla, almond and
  lemon juice.  Pour into ungreased 10" tube pan and smooth top.  Run spatula
  gently through batter to remove air pockets.  Bake till pale brown, about 1
  hour and 10 mins.
  
  Remove from oven, turn upside down and cool 1 hour.  Remove.  Serve with
  whipped cream and berries, if desired.
  
  ORIGINATOR    Nathalie DuPree SUBMITTOR Grace Wagner &lt;wgmm@citynet.net&gt;
  DATE          10/14/96
  Recipe By     : Nathalie Dupree, 4/95
  
  Posted to Digest eat-lf.v096.n188
  
  Date: Mon, 14 Oct 1996 20:45:04 -0400
  
  From: Grace Wagner &lt;wgmm@main.citynet.net&gt;
 
</step></directions></recipe></recipeml>
