<?xml version="1.0" encoding="UTF-8"?>

<recipeml version="0.5">
  <recipe>
    <head>
      <title>Angel Hair Pesto Primavera</title>
      <categories>
        <cat>Pasta</cat>
        <cat>Vegetarian</cat></categories>
      <yield>8</yield></head>
    <ingredients>
      <ing>
        <amt>
          <qty>8</qty>
          <unit>tablespoons</unit></amt>
        <item>Olive oil</item></ing>
      <ing>
        <amt>
          <qty>1</qty>
          <unit>bunch</unit></amt>
        <item>Fresh basil</item></ing>
      <ing>
        <amt>
          <qty>1/4</qty>
          <unit>cups</unit></amt>
        <item>Pine nuts</item></ing>
      <ing>
        <amt>
          <qty>4</qty>
          <unit/></amt>
        <item>Garlic cloves</item></ing>
      <ing>
        <amt>
          <qty/>
          <unit/></amt>
        <item>Salt (to taste)</item></ing>
      <ing>
        <amt>
          <qty/>
          <unit/></amt>
        <item>White pepper (to taste)</item></ing>
      <ing>
        <amt>
          <qty>3</qty>
          <unit>tablespoons</unit></amt>
        <item>Butter</item></ing>
      <ing>
        <amt>
          <qty>2</qty>
          <unit/></amt>
        <item>Shallots; chopped</item></ing>
      <ing>
        <amt>
          <qty>1</qty>
          <unit>tablespoon</unit></amt>
        <item>Fresh basil, chopped</item></ing>
      <ing>
        <amt>
          <qty>1 1/2</qty>
          <unit>cups</unit></amt>
        <item>Broccoli (tiny florets)</item></ing>
      <ing>
        <amt>
          <qty>1 1/2</qty>
          <unit>cups</unit></amt>
        <item>Carrots, julienned</item></ing>
      <ing>
        <amt>
          <qty>1 1/2</qty>
          <unit>cups</unit></amt>
        <item>Zucchini; julienned</item></ing>
      <ing>
        <amt>
          <qty>1 1/2</qty>
          <unit>cups</unit></amt>
        <item>Snow peas</item></ing>
      <ing>
        <amt>
          <qty>2</qty>
          <unit>cups</unit></amt>
        <item>Heavy cream</item></ing>
      <ing>
        <amt>
          <qty>32</qty>
          <unit>ounces</unit></amt>
        <item>Angel hair pasta cooked al dente</item></ing>
      <ing>
        <amt>
          <qty>1/2</qty>
          <unit>cups</unit></amt>
        <item>Parmesan, freshly grated</item></ing></ingredients>
    <directions>
      <step>  In a food processor place the olive oil, the bunch of basil, pine nuts, and
  garlic.  Blend the ingredients together until a paste is formed. Add the
  salt and white pepper, and stir them in. Set the pesto aside.
  
  In a large skillet place the butter and heat it on medium high until it has
  melted.  Add the shallots, the 1 tablespoon of basil, broccoli, carrots,
  zucchini, and snow peas.  Saute the vegetables for 3 to 4 minutes, or until
  they are cooked al dente.
  
  Add the heavy cream and stir it in.  Bring the ingredients to a boil. Add
  the cooked pasta and stir it in. Add the pesto to the angel hair pasta and
  stir it in well. Season the dish with the salt and the white pepper.
  
  On each of 4 individual serving plates place the pasta. Sprinkle the
  Parmesan cheese on top.
  
  Source: La Rive Gauche - Palos Verdes Estates, California "Southern
  California Beach Recipe" by Joan and Carl Stromquist ISBN: 0-9622807-3-9
  
  From Gemini's MASSIVE MealMaster collection at www.synapse.com/~gemini
 
</step></directions></recipe></recipeml>
