<?xml version="1.0" encoding="UTF-8"?>

<recipeml version="0.5">
  <recipe>
    <head>
      <title>Angel Hair Pasta with Smoky Mushrooms and Tasso</title>
      <categories>
        <cat>New</cat>
        <cat>Text</cat>
        <cat>Import</cat></categories>
      <yield>1</yield></head>
    <ingredients>
      <ing>
        <amt>
          <qty>1</qty>
          <unit>pound</unit></amt>
        <item>Assorted sliced mushrooms; (such as Cremini, Chanterel, Shiitake and Button)</item></ing>
      <ing>
        <amt>
          <qty>4</qty>
          <unit>tablespoons</unit></amt>
        <item>Oil,; divided</item></ing>
      <ing>
        <amt>
          <qty/>
          <unit/></amt>
        <item>Creole spice</item></ing>
      <ing>
        <amt>
          <qty>6</qty>
          <unit>ounces</unit></amt>
        <item>Angel hair pasta</item></ing>
      <ing>
        <amt>
          <qty>2</qty>
          <unit>ounces</unit></amt>
        <item>Diced Tasso</item></ing>
      <ing>
        <amt>
          <qty>2</qty>
          <unit>tablespoons</unit></amt>
        <item>Minced shallots</item></ing>
      <ing>
        <amt>
          <qty>1</qty>
          <unit>tablespoon</unit></amt>
        <item>Chopped scallions plus extra,; for garnish</item></ing>
      <ing>
        <amt>
          <qty>1/2</qty>
          <unit>tablespoons</unit></amt>
        <item>Minced garlic</item></ing>
      <ing>
        <amt>
          <qty>3</qty>
          <unit>ounces</unit></amt>
        <item>Heavy cream</item></ing>
      <ing>
        <amt>
          <qty>1</qty>
          <unit>tablespoon</unit></amt>
        <item>Butter</item></ing>
      <ing>
        <amt>
          <qty>2</qty>
          <unit>tablespoons</unit></amt>
        <item>Grated Parmesan cheese, and green onion; for garnish</item></ing></ingredients>
    <directions>
      <step>  Preheat grill until very hot; toss in a handful of soaked hickory chips.
  When grill begins to smoke, in a large bowl toss mushrooms with 3
  tablespoons oil and 1 tablespoon Creole spice or to taste; transfer to a
  wire grilling basket. Place basket on grill and stir mushrooms with a long
  pair of tongs for smoky flavor to penetrate evenly. Pour mushrooms onto a
  baking sheet to cool.
  
  In a large pot of boiling water cook pasta until just tender; drain and
  keep warm. Meanwhile, heat remaining oil in a saute pan, add Tasso and
  saute, shaking pan frequently, 2 minutes. Add shallots, green onions and
  smoked mushrooms, and cook, tossing 2 minutes. Add garlic and cream, bring
  to a boil, reduce heat and simmer to reduce slightly. Reheat pasta if
  necessary and divide between 2 warmed plates. To finish sauce, stir in
  butter, adjust seasonings with Creole spice and spoon over pasta. Garnish
  with green onions and Parmesan.
  
  Yield: 2 servings
  Recipe By     :ESSENCE OF EMERIL SHOW#EE106
  
  Posted to MC-Recipe Digest V1 #292
  
  Date: Sun, 10 Nov 1996 22:03:00 -0500
  
  From: Meg Antczak &lt;meginny@frontiernet.net&gt;
 
</step></directions></recipe></recipeml>
