<?xml version="1.0" encoding="UTF-8"?>

<recipeml version="0.5">
  <recipe>
    <head>
      <title>Angel Pillows</title>
      <categories>
        <cat>Cookies</cat></categories>
      <yield>1</yield></head>
    <ingredients>
      <ing>
        <amt>
          <qty>1/2</qty>
          <unit>cups</unit></amt>
        <item>Butter flavor crisco; (r)</item></ing>
      <ing>
        <amt>
          <qty>1</qty>
          <unit>package</unit></amt>
        <item>(3 ounces) cream cheese; softened</item></ing>
      <ing>
        <amt>
          <qty>1</qty>
          <unit>tablespoon</unit></amt>
        <item>Milk</item></ing>
      <ing>
        <amt>
          <qty>1/4</qty>
          <unit>cups</unit></amt>
        <item>Firmly packed brown sugar</item></ing>
      <ing>
        <amt>
          <qty>1/2</qty>
          <unit>cups</unit></amt>
        <item>Apricot preserves</item></ing>
      <ing>
        <amt>
          <qty>1 1/4</qty>
          <unit>cups</unit></amt>
        <item>All-purpose flour</item></ing>
      <ing>
        <amt>
          <qty>1 1/2</qty>
          <unit>teaspoons</unit></amt>
        <item>Baking powder</item></ing>
      <ing>
        <amt>
          <qty>1 1/2</qty>
          <unit>teaspoons</unit></amt>
        <item>Cinnamon</item></ing>
      <ing>
        <amt>
          <qty>1/4</qty>
          <unit>teaspoons</unit></amt>
        <item>Salt</item></ing>
      <ing>
        <amt>
          <qty>1/2</qty>
          <unit>cups</unit></amt>
        <item>Coarsely chopped pecans or flake coconut frosting---</item></ing>
      <ing>
        <amt>
          <qty>1</qty>
          <unit>cup</unit></amt>
        <item>Confectioners' sugar</item></ing>
      <ing>
        <amt>
          <qty>1/4</qty>
          <unit>cups</unit></amt>
        <item>Apricot preserves</item></ing>
      <ing>
        <amt>
          <qty>1</qty>
          <unit>tablespoon</unit></amt>
        <item>Flake coconut or finely chopped pecans; (optional)</item></ing></ingredients>
    <directions>
      <step>  Heat oven to 350 degrees F. Grease baking sheets. Set aside. Cream 1/2 cup
  BUTTER FLAVOR CRISCO(r), cream cheese and milk at medium speed of electric
  mixer until well blended. Beat in brown sugar. Beat in 1/2 cup preserves.
  Combine flour, baking powder, cinnamon and salt. Mix into creamed mixture.
  Stir in 1/2 cup nuts. Drop 2 level measuring tablespoons of dough into a
  mound to form each cookie. Place 2 inches apart on baking sheet.
  
  Bake at 350 degrees F for 14 minutes. Cool on baking sheet one minute.
  Remove to cooling rack. Cool completely before frosting.
  
  For frosting, combine confectioners' sugar, 1/4 cup preserves and 1
  tablespoon BUTTER FLAVOR CRISCO(r) in small mixing bowl. Beat with electric
  mixer until well blended. Frost cooled cookies. Sprinkle coconut over
  frosting, if desired.
  
  Tip: Try peach or pineapple preserves in place of apricot.
  
  Preparation time: 25 minutes
  
  Bake time: 14 minutes
  
  Recipe by: Treasury of Christmas Recipes (1991)
  
  Posted to MC-Recipe Digest V1 #936 by "Eugene Johnston"
  &lt;ejohnston@mailexcite.com&gt; on Nov 30, 1997
 
</step></directions></recipe></recipeml>
