<?xml version="1.0" encoding="UTF-8"?>

<recipeml version="0.5">
  <recipe>
    <head>
      <title>Angel Hair Pasta with Stir-Fried Broccoli</title>
      <categories>
        <cat>Main dishes</cat>
        <cat>Pasta</cat>
        <cat>Vegetables</cat></categories>
      <yield>8</yield></head>
    <ingredients>
      <ing>
        <amt>
          <qty>1</qty>
          <unit>pound</unit></amt>
        <item>Angel hair pasta</item></ing>
      <ing>
        <amt>
          <qty/>
          <unit/></amt>
        <item>Water</item></ing>
      <ing>
        <amt>
          <qty>3</qty>
          <unit>tablespoons</unit></amt>
        <item>Olive oil</item></ing>
      <ing>
        <amt>
          <qty>3</qty>
          <unit/></amt>
        <item>Cloves garlic -- finely</item></ing>
      <ing>
        <amt>
          <qty/>
          <unit/></amt>
        <item>Chopped</item></ing>
      <ing>
        <amt>
          <qty>1</qty>
          <unit/></amt>
        <item>Head broccoli, separated</item></ing>
      <ing>
        <amt>
          <qty/>
          <unit/></amt>
        <item>Into flowerets</item></ing>
      <ing>
        <amt>
          <qty>2</qty>
          <unit/></amt>
        <item>Red bell pepper -- diced</item></ing>
      <ing>
        <amt>
          <qty>2</qty>
          <unit>cups</unit></amt>
        <item>Heavy cream</item></ing>
      <ing>
        <amt>
          <qty>1</qty>
          <unit>cup</unit></amt>
        <item>Parmesan cheese -- grated</item></ing>
      <ing>
        <amt>
          <qty>1/8</qty>
          <unit>teaspoons</unit></amt>
        <item>Nutmeg</item></ing>
      <ing>
        <amt>
          <qty/>
          <unit/></amt>
        <item>Salt and pepper -- to taste</item></ing>
      <ing>
        <amt>
          <qty/>
          <unit/></amt>
        <item>Parmesan cheese -- for</item></ing>
      <ing>
        <amt>
          <qty/>
          <unit/></amt>
        <item>Serving</item></ing></ingredients>
    <directions>
      <step>  Cook the pasta in boiling, salted water for 4 to 6 minutes, or until just
  tender.   Drain the pasta and toss it with 1 tablespoon of the oil to keep
  it from sticking together, then keep it warm. Heat the remaining 2
  tablespoons of olive oil in a skillet. Add the garlic and saute it lightly;
  do not brown. Add the broccoli flowerets and peppers, and saute over medium
  heatuntil tender, about 5 to 7 minutes.  Remove the vegetables from the
  skillet. Add the cream to the pan and bring to a boil. Reduce the heat and
  simmer until it starts to thicken, about 5 minutes. Add the Parmesan cheese
  and nutmeg, and cook an additional 2 minutes to thicken it a bit more. Add
  vegetables and the cooked pasta. Toss them together well. Season with salt
  and pepper if needed.  Serve immediately, with additional Parmesan on the
  side.
  
  Recipe By     : The Red Lion Inn Cookbook
  
  From Gemini's MASSIVE MealMaster collection at www.synapse.com/~gemini
 
</step></directions></recipe></recipeml>
