<?xml version="1.0" encoding="UTF-8"?>

<recipeml version="0.5">
  <recipe>
    <head>
      <title>Angel Delight</title>
      <categories>
        <cat>Cakes</cat>
        <cat>Desserts</cat></categories>
      <yield>10</yield></head>
    <ingredients>
      <ing-div>
        <title>WILSON BWVB02B</title>
        <ing>
          <amt>
            <qty>1</qty>
            <unit>small</unit></amt>
          <item>Angle food cake</item></ing>
        <ing>
          <amt>
            <qty>1</qty>
            <unit>large</unit></amt>
          <item>Carton sour cream</item></ing>
        <ing>
          <amt>
            <qty>1</qty>
            <unit>small</unit></amt>
          <item>Pkg. instant vanilla pudding</item></ing>
        <ing>
          <amt>
            <qty>2</qty>
            <unit>cups</unit></amt>
          <item>Milk</item></ing>
        <ing>
          <amt>
            <qty>1</qty>
            <unit>can</unit></amt>
          <item>Cherry pie filling</item></ing>
        <ing>
          <amt>
            <qty>Break</qty>
            <unit>up</unit></amt>
          <item>angel food cake into large bowl. Mix vanilla pudding with milk and</item></ing></ing-div></ingredients>
    <directions>
      <step>  add sour cream. Combine pudding and sour cream in bowl with cake. Let sit
  in refrigerator until firm. Top with cherry pie filling and refrigerate
  until cold.
  Posted to MC-Recipe Digest V1 #1016 by Nancy Berry &lt;nlberry@prodigy.net&gt; on
  Jan 16, 1998
 
</step></directions></recipe></recipeml>
