<?xml version="1.0" encoding="UTF-8"?>

<recipeml version="0.5">
  <recipe>
    <head>
      <title>Angel Hair with Red Pepper Sauce</title>
      <categories>
        <cat>None</cat></categories>
      <yield>1</yield></head>
    <ingredients>
      <ing>
        <amt>
          <qty>2</qty>
          <unit>medium</unit></amt>
        <item>Red peppers</item></ing>
      <ing>
        <amt>
          <qty>1/2</qty>
          <unit>medium</unit></amt>
        <item>Red onion</item></ing>
      <ing>
        <amt>
          <qty>2</qty>
          <unit/></amt>
        <item>Cloves garlic</item></ing>
      <ing>
        <amt>
          <qty>1</qty>
          <unit>tablespoon</unit></amt>
        <item>Lemon juice</item></ing>
      <ing>
        <amt>
          <qty>1/2</qty>
          <unit>cups</unit></amt>
        <item>Water</item></ing>
      <ing>
        <amt>
          <qty>1/4</qty>
          <unit>cups</unit></amt>
        <item>Ff rice milk; (optional)</item></ing>
      <ing>
        <amt>
          <qty>1</qty>
          <unit>teaspoon</unit></amt>
        <item>Salt</item></ing>
      <ing>
        <amt>
          <qty>1</qty>
          <unit>teaspoon</unit></amt>
        <item>Pepper</item></ing>
      <ing>
        <amt>
          <qty>1</qty>
          <unit>tablespoon</unit></amt>
        <item>Basil; (we used dried)</item></ing>
      <ing>
        <amt>
          <qty>2</qty>
          <unit/></amt>
        <item>Servings angel hair</item></ing></ingredients>
    <directions>
      <step>  toss the 2 peppers whole into a broiler/toaster oven or regular oven at 375
  degrees for 20 min., turning every 5 min to make sure all sides are
  slightly charred. Remove and plunge into ice water, which will shrivel the
  peppers and allow you to peel the skin off in a breeze. After peeled, seed
  and coarsely chop the peppers. While the peppers are roasting, water-fry
  the onion and garlic til they give up (just translucent
  :-) when done, toss into a food processor and process a few seconds. Add
  the peppers, lemon juice, and seasonings to the processor and puree til
  slightly smooth (we used a bit of rice milk to thin it down a bit). Seve
  immedaitely (it will still be warm) over the pasta.
  
  Posted to fatfree digest V98 #004 by Bloodroses@webtv.net (Audney R.
  Terry\) (string bean) on Jan 4, 1998
 
</step></directions></recipe></recipeml>
