<?xml version="1.0" encoding="UTF-8"?>

<recipeml version="0.5">
  <recipe>
    <head>
      <title>Angel Flake Biscuits</title>
      <categories>
        <cat>Biscuits</cat></categories>
      <yield>1</yield></head>
    <ingredients>
      <ing>
        <amt>
          <qty>5</qty>
          <unit>cups</unit></amt>
        <item>Flour</item></ing>
      <ing>
        <amt>
          <qty>3/4</qty>
          <unit>cups</unit></amt>
        <item>Shortening</item></ing>
      <ing>
        <amt>
          <qty>1</qty>
          <unit>teaspoon</unit></amt>
        <item>Soda</item></ing>
      <ing>
        <amt>
          <qty>1</qty>
          <unit>teaspoon</unit></amt>
        <item>Baking Powder</item></ing>
      <ing>
        <amt>
          <qty>1</qty>
          <unit>teaspoon</unit></amt>
        <item>Salt</item></ing>
      <ing>
        <amt>
          <qty>3</qty>
          <unit>tablespoons</unit></amt>
        <item>Sugar</item></ing>
      <ing>
        <amt>
          <qty>1</qty>
          <unit>package</unit></amt>
        <item>Yeast Powder; Or Cake</item></ing>
      <ing>
        <amt>
          <qty>1/2</qty>
          <unit>cups</unit></amt>
        <item>Warm Water</item></ing>
      <ing>
        <amt>
          <qty>2</qty>
          <unit>cups</unit></amt>
        <item>Buttermilk</item></ing></ingredients>
    <directions>
      <step>  1. sift dry ingredients together; cut in the shortening.
  
  2. Add buttermilk and the yeast, dissolved in water.
  
  3. Mix with a spoon until all flour is moist.
  
  4. Cover the bowl and put in refrigerator until ready to use.
  
  5. Can also be used right away.
  
  6. the dough will keep several weeks in refrigerator.
  
  7. Roll out as much dough as you need on floured board, dough should be
  1/2" to 3/4" thick. Cut out.
  
  8. bake at 400 degrees for 12 minutes.
  
  This recipe is scrumptious!!!!!!!
  
  Recipe by: diane@keyway.net
  
  Posted to recipelu-digest Volume 01 Number 196 by "Diane Geary"
  &lt;diane@keyway.net&gt; on Nov 4, 1997
 
</step></directions></recipe></recipeml>
