<?xml version="1.0" encoding="UTF-8"?>

<recipeml version="0.5">
  <recipe>
    <head>
      <title>Angel Hair Pasta with Sea Scallops</title>
      <categories>
        <cat>Pasta</cat></categories>
      <yield>4</yield></head>
    <ingredients>
      <ing>
        <amt>
          <qty>1/2</qty>
          <unit>cups</unit></amt>
        <item>Soft breadcrumbs</item></ing>
      <ing>
        <amt>
          <qty>8</qty>
          <unit>ounces</unit></amt>
        <item>Angel hair pasta; uncooked</item></ing>
      <ing>
        <amt>
          <qty>1</qty>
          <unit>tablespoon</unit></amt>
        <item>Olive oil; for vegetables</item></ing>
      <ing>
        <amt>
          <qty>1</qty>
          <unit>teaspoon</unit></amt>
        <item>Olive oil; for scallops</item></ing>
      <ing>
        <amt>
          <qty>1/2</qty>
          <unit>cups</unit></amt>
        <item>Chopped fresh parsley; divided</item></ing>
      <ing>
        <amt>
          <qty>1</qty>
          <unit/></amt>
        <item>Clove garlic; minced</item></ing>
      <ing>
        <amt>
          <qty>1</qty>
          <unit>teaspoon</unit></amt>
        <item>Dried whole basil</item></ing>
      <ing>
        <amt>
          <qty>1/2</qty>
          <unit>teaspoons</unit></amt>
        <item>Dried whole oregano</item></ing>
      <ing>
        <amt>
          <qty>1/4</qty>
          <unit>teaspoons</unit></amt>
        <item>Salt</item></ing>
      <ing>
        <amt>
          <qty>1</qty>
          <unit>tablespoon</unit></amt>
        <item>All-purpose flour</item></ing>
      <ing>
        <amt>
          <qty>1/4</qty>
          <unit>teaspoons</unit></amt>
        <item>Pepper</item></ing>
      <ing>
        <amt>
          <qty>8</qty>
          <unit>ounces</unit></amt>
        <item>Clam juice; (1 bottle)</item></ing>
      <ing>
        <amt>
          <qty>1</qty>
          <unit>pound</unit></amt>
        <item>Fresh sea scallops</item></ing>
      <ing>
        <amt>
          <qty/>
          <unit/></amt>
        <item>Cut into 1/2-inch pieces</item></ing></ingredients>
    <directions>
      <step>  Place breadcrumbs on a baking sheet. Bake at 375 deg for 5 minutes or until
  golden brown; set aside.
  
  Cook pasta according to package directions, omitting salt and fat. Drain
  and rinse under cold running water; drain well. Place in a large bowl; set
  aside.
  
  Heat 1 tablespoon oil in a nonstick skillet over medium heat. Add 1/4 cup
  parsley and next 4 ingredients; saute 1 minute. Add flour and pepper; cook
  1 minute, stirring constantly with a whisk. Gradually add clam juice,
  stirring constantly. Cook 1 minute or until thickened, stirring constantly.
  Pour over pasta; toss well. Set aside, and keep warm.
  
  Heat remaining 1 teaspoon oil in skillet over medium heat; add scallops,
  and saute 4 minutes or until scallops are done. Add to pasta mixture; toss
  gently. Yield: 4 servings (serving size: 1-1/4 cups).
  Posted to MC-Recipe Digest V1 #171
  
  Date: Sun, 28 Jul 1996 19:42:57 -0400
  
  From: TheCookie@aol.com
  Serving Ideas : Serve immediately.
  
  NOTES : Sprinkle with toasted breadcrumbs and remaining parsley.
 
</step></directions></recipe></recipeml>
