<?xml version="1.0" encoding="UTF-8"?>

<recipeml version="0.5">
  <recipe>
    <head>
      <title>Angel Pie</title>
      <categories>
        <cat>Pies/pastry</cat></categories>
      <yield>1</yield></head>
    <ingredients>
      <ing>
        <amt>
          <qty>4</qty>
          <unit/></amt>
        <item>Egg Whites</item></ing>
      <ing>
        <amt>
          <qty>1/4</qty>
          <unit>teaspoons</unit></amt>
        <item>Cream of Tartar</item></ing>
      <ing>
        <amt>
          <qty>1</qty>
          <unit>cup</unit></amt>
        <item>Sugar</item></ing>
      <ing>
        <amt>
          <qty>1/2</qty>
          <unit>cups</unit></amt>
        <item>Sugar</item></ing>
      <ing>
        <amt>
          <qty>3</qty>
          <unit>tablespoons</unit></amt>
        <item>Lemon Juice</item></ing>
      <ing>
        <amt>
          <qty>1</qty>
          <unit/></amt>
        <item>Lemon; grated rind from</item></ing>
      <ing>
        <amt>
          <qty>4</qty>
          <unit/></amt>
        <item>Egg yolks</item></ing></ingredients>
    <directions>
      <step>  MERINGUE: Beat egg whites until foamy. Add Cream of Tartar then beat until
  the whites stand in peaks. Add sugar a little at a time, beating well
  after. Beat for a minute or two after adding all the sugar. Butter &amp; flour
  pyrex pie plate. Spread the meringue in the plate. Bake 1 hr &amp; 10-15
  minutes in a 275 degree oven, then raise temp to 300 degrees and bake for
  additional 20 minutes.
  
  FILLING: Beat egg yolks well. Add sugar, juice and rind. Cook in double
  boiler until thickened. Cool.
  
  Whip 3/4 cup of whipping cream and sweeten with 2 T powdered sugar. Cover
  meringue with half of cream then lemon filling and then the rest of the
  cream. Leave in refrigerator overnight. Posted to MealMaster Recipes List,
  Digest #157
  
  Date: Thu, 6 Jun 1996 00:09:41 -0400
  
  From: BobbieB1@aol.com
 
</step></directions></recipe></recipeml>
