<?xml version="1.0" encoding="UTF-8"?>

<recipeml version="0.5">
  <recipe>
    <head>
      <title>Angel Hair Tomato Basil Toss</title>
      <categories>
        <cat>Harned 1994</cat>
        <cat>Italian</cat>
        <cat>Main dish</cat>
        <cat>Pasta</cat>
        <cat>Vegetables</cat></categories>
      <yield>1</yield></head>
    <ingredients>
      <ing-div>
        <title/>
        <ing>
          <amt>
            <qty>1/2</qty>
            <unit>cups</unit></amt>
          <item>Olive oil</item></ing>
        <ing>
          <amt>
            <qty>2</qty>
            <unit/></amt>
          <item>Garlic cloves; minced</item></ing>
        <ing>
          <amt>
            <qty>1/4</qty>
            <unit>cups</unit></amt>
          <item>Sliced green onions</item></ing>
        <ing>
          <amt>
            <qty>3</qty>
            <unit>large</unit></amt>
          <item>Tomatoes; peeled and diced</item></ing>
        <ing>
          <amt>
            <qty>2</qty>
            <unit>tablespoons</unit></amt>
          <item>Chopped fresh basil</item></ing>
        <ing>
          <amt>
            <qty>1</qty>
            <unit>teaspoon</unit></amt>
          <item>Salt</item></ing>
        <ing>
          <amt>
            <qty>1/4</qty>
            <unit>teaspoons</unit></amt>
          <item>Coarse ground black pepper</item></ing>
        <ing>
          <amt>
            <qty>1/2</qty>
            <unit>pounds</unit></amt>
          <item>Angel hair pasta; uncooked</item></ing>
        <ing>
          <amt>
            <qty/>
            <unit/></amt>
          <item>Grated Parmesan cheese</item></ing></ing-div>
      <ing-div>
        <title>VARIATIONS</title>
        <ing>
          <amt>
            <qty>6</qty>
            <unit>slices</unit></amt>
          <item>Cooked, crumbled bacon or</item></ing>
        <ing>
          <amt>
            <qty>1</qty>
            <unit>cup</unit></amt>
          <item>Chopped cooked ham or</item></ing>
        <ing>
          <amt>
            <qty>1</qty>
            <unit>cup</unit></amt>
          <item>Chopped cooked chicken or</item></ing>
        <ing>
          <amt>
            <qty>1</qty>
            <unit>cup</unit></amt>
          <item>Chopped cooked turkey</item></ing></ing-div></ingredients>
    <directions>
      <step>  In large skillet, heat oil.  Add garlic and green onions, stir-fry for one
  minute.  Stir in tomatoes, basil, salt and pepper; cook 2 minutes, stirring
  frequently.
  
  Prepare pasta according to package directions; drain. Toss tomato mixture
  with hot pasta, adding any cooked meats at this time. Serve immediately.
  Sprinkle with Parmesan cheese. Refrigerate leftovers.
  
  Yield: 4 to 6 servings.
  
  Recipe on back of 1 lb. box, Creamette brand angel hair pasta.
  Creamette/Borden, Inc./428 N. First St./Minneapolis, MN 55401. Electronic
  format by Cathy Harned.
  
  From Gemini's MASSIVE MealMaster collection at www.synapse.com/~gemini
 
</step></directions></recipe></recipeml>
