<?xml version="1.0" encoding="UTF-8"?>

<recipeml version="0.5">
  <recipe>
    <head>
      <title>Angel Hair Pasta with Onion-Mushroom Sauce - Adapted</title>
      <categories>
        <cat>Low-fat</cat>
        <cat>Pasta</cat></categories>
      <yield>4</yield></head>
    <ingredients>
      <ing>
        <amt>
          <qty>1 1/2</qty>
          <unit>cups</unit></amt>
        <item>Broth</item></ing>
      <ing>
        <amt>
          <qty>1</qty>
          <unit>ounce</unit></amt>
        <item>Dried cepe mushrooms; *</item></ing>
      <ing>
        <amt>
          <qty>1/2</qty>
          <unit>ounces</unit></amt>
        <item>Dried shiitake mushrooms</item></ing>
      <ing>
        <amt>
          <qty>2</qty>
          <unit>cups</unit></amt>
        <item>Fresh white button mushrooms; thinly sliced</item></ing>
      <ing>
        <amt>
          <qty>1</qty>
          <unit>cup</unit></amt>
        <item>Chopped red onions</item></ing>
      <ing>
        <amt>
          <qty>2</qty>
          <unit/></amt>
        <item>Garlic  cloves; minced</item></ing>
      <ing>
        <amt>
          <qty>1</qty>
          <unit>tablespoon</unit></amt>
        <item>Snipped fresh thyme or 1 t. dried</item></ing>
      <ing>
        <amt>
          <qty>1</qty>
          <unit>tablespoon</unit></amt>
        <item>Grated lemon peel</item></ing>
      <ing>
        <amt>
          <qty>8</qty>
          <unit>ounces</unit></amt>
        <item>Angel hair pasta; cooked</item></ing></ingredients>
    <directions>
      <step>  *  aka porcini mushrooms In a 2-quart saucepan, bring the broth, cepes and
  shiitakes to a boil over medium-high heat. Remove the pan from the heat and
  let the mixture stand for 20 minutes.
   Spray a 3-quart saucepan with cooking spray.  Add the button mushrooms,
  onions and garlic, and cook, stirring frequently, until the onions are
  tender, 4 to 5 minutes.
   Drain the cepes and shiitakes, reserving the liquid.  Add the drained
  mushrooms to the onion mixture and cook, stirring frequently, until they
  are tender, 10 to 15 minutes.
   Stir in the reserved liquid, thyme and lemon peel; cook for 2 minutes.
  Spoon over the hot pasta and toss.  Servings:  4.
   Variation:  Substitute spaghetti for the angel hair pasta.
  Posted to fatfree digest V96 #252
  
  Date: Wed, 11 Sep 1996 11:54:22 +60
  
  From: "Ann Miner" &lt;annminer@fyi.net&gt;
 
</step></directions></recipe></recipeml>
