<?xml version="1.0" encoding="UTF-8"?>

<recipeml version="0.5">
  <recipe>
    <head>
      <title>Angel Food Strawberry Dessert</title>
      <categories>
        <cat>Desserts</cat>
        <cat>Fruit</cat></categories>
      <yield>1</yield></head>
    <ingredients>
      <ing>
        <amt>
          <qty>1</qty>
          <unit/></amt>
        <item>Angel food cake; store bought</item></ing>
      <ing>
        <amt>
          <qty>1</qty>
          <unit>package</unit></amt>
        <item>Strawberry jello; 6 oz.</item></ing>
      <ing>
        <amt>
          <qty>2</qty>
          <unit>cups</unit></amt>
        <item>Water; boiling</item></ing>
      <ing>
        <amt>
          <qty>1</qty>
          <unit/></amt>
        <item>Cool Whip; 9 oz.</item></ing>
      <ing>
        <amt>
          <qty>2</qty>
          <unit>packages</unit></amt>
        <item>Frozen strawberries; 10 oz.</item></ing></ingredients>
    <directions>
      <step>  Tear cake into bite size pieces and spread in 9 x 13 pan. Dissolve jello in
  water. Add 2 packages frozen strawberries and stir until dissolved. Pour
  over cake. Cover with Cool Whip and chill.
  
  Recipe By     : Sam's Club Cookbook
  
  Posted to EAT-L Digest 21 Sep 96
  
  Date:    Sun, 22 Sep 1996 07:29:20 -0500
  
  From:    Pat Roll &lt;familyroll@NWOHIO.COM&gt;
 
</step></directions></recipe></recipeml>
