<?xml version="1.0" encoding="UTF-8"?>

<recipeml version="0.5">
  <recipe>
    <head>
      <title>Angel Shrimp Scampi</title>
      <categories>
        <cat>Seafood</cat></categories>
      <yield>6</yield></head>
    <ingredients>
      <ing>
        <amt>
          <qty>1</qty>
          <unit/></amt>
        <item>Clove (small) garlic; minced</item></ing>
      <ing>
        <amt>
          <qty>2</qty>
          <unit>tablespoons</unit></amt>
        <item>Minced parsley stems</item></ing>
      <ing>
        <amt>
          <qty>1/2</qty>
          <unit>large</unit></amt>
        <item>White onion; minced</item></ing>
      <ing>
        <amt>
          <qty>1</qty>
          <unit>dash</unit></amt>
        <item>Tabasco sauce</item></ing>
      <ing>
        <amt>
          <qty>1/2</qty>
          <unit>cups</unit></amt>
        <item>Bland cooking oil</item></ing>
      <ing>
        <amt>
          <qty>1/4</qty>
          <unit>cups</unit></amt>
        <item>Lemon juice</item></ing>
      <ing>
        <amt>
          <qty>1/2</qty>
          <unit>cups</unit></amt>
        <item>Dry Chenin Blanc</item></ing>
      <ing>
        <amt>
          <qty>12</qty>
          <unit>large</unit></amt>
        <item>Green shrimp; peeled with tails on</item></ing>
      <ing>
        <amt>
          <qty/>
          <unit/></amt>
        <item>Unflavored bread crumbs</item></ing>
      <ing>
        <amt>
          <qty/>
          <unit/></amt>
        <item>Melted butter</item></ing></ingredients>
    <directions>
      <step>  Combine first 7 ingredients. Marinate shrimp overnight in mixture. Remove
  shrimp from marinade. Immediately roll, undrained, in bread crumbs. Place
  on combination broiling and serving platter. Dribble melted butter over
  shrimp. Add marinade to 1/8 in. in bottom of broiler pan. Broil slowly on
  low heat until done. Note: Use Tabasco sauce in place of pepper, it blends
  better with other ingredients. Use only white bread crumbs, brown crumbs or
  crusts will brown too fast during cooking. Alternative method of
  preparation: Saute shrimp in combination of half butter and half cooking
  oil. When done, remove from skillet. Reduce marinade in skillet, pour over
  shrimp and serve.
  
  WOODEN ANGEL
  
  PITTSBURGH, BEAVER
  
  TIME INCLUDES MARINATING
  
  From the &lt;Micro Cookbook Collection of American recipes&gt;, downloaded from
  Glen's MM Recipe Archive, http://www.erols.com/hosey.
 
</step></directions></recipe></recipeml>
