<?xml version="1.0" encoding="UTF-8"?>

<recipeml version="0.5">
  <recipe>
    <head>
      <title>Angel Food Cake</title>
      <categories>
        <cat>Cakes</cat></categories>
      <yield>12</yield></head>
    <ingredients>
      <ing-div>
        <title/>
        <ing>
          <amt>
            <qty>1</qty>
            <unit>cup</unit></amt>
          <item>Cake flour</item></ing>
        <ing>
          <amt>
            <qty>1 1/4</qty>
            <unit>cups</unit></amt>
          <item>Sugar</item></ing>
        <ing>
          <amt>
            <qty>1/4</qty>
            <unit>teaspoons</unit></amt>
          <item>Salt</item></ing>
        <ing>
          <amt>
            <qty>1</qty>
            <unit>cup</unit></amt>
          <item>Egg white</item></ing>
        <ing>
          <amt>
            <qty>1</qty>
            <unit>teaspoon</unit></amt>
          <item>Cream of tartar</item></ing>
        <ing>
          <amt>
            <qty>1</qty>
            <unit>teaspoon</unit></amt>
          <item>Vanilla</item></ing>
        <ing>
          <amt>
            <qty>1/4</qty>
            <unit>teaspoons</unit></amt>
          <item>Almond extract</item></ing></ing-div>
      <ing-div>
        <title>BOILED ICING</title>
        <ing>
          <amt>
            <qty>1 1/2</qty>
            <unit>cups</unit></amt>
          <item>Sugar</item></ing>
        <ing>
          <amt>
            <qty>1/4</qty>
            <unit>teaspoons</unit></amt>
          <item>Cream of tartar</item></ing>
        <ing>
          <amt>
            <qty>3/4</qty>
            <unit>cups</unit></amt>
          <item>;water</item></ing>
        <ing>
          <amt>
            <qty>1/4</qty>
            <unit>teaspoons</unit></amt>
          <item>Salt</item></ing>
        <ing>
          <amt>
            <qty>3</qty>
            <unit/></amt>
          <item>Egg white</item></ing>
        <ing>
          <amt>
            <qty>1</qty>
            <unit>teaspoon</unit></amt>
          <item>Vanilla</item></ing>
        <ing>
          <amt>
            <qty>1/4</qty>
            <unit>teaspoons</unit></amt>
          <item>Almond extract</item></ing></ing-div></ingredients>
    <directions>
      <step>  Sift flour once, measure and sift four more times. Measure sugar and sift
  or roll if coarse.  Add salt to egg whites and beat until foamy; add cream
  of tartar and continue beating until stiff but not dry. Fold in the sugar,
  one tablespoon at a time, then the flour in the same manner. Add
  flavorings.  Bake in an angel cake (tube) pan in a 275 F. oven for 30
  minutes, then increase the heat to 300 F. after the cake has risen to its
  full height, and bake 15 minutes longer or until the cake shrinks slightly
  and is well browned. Remove from oven and invert pan until cake is cold.
  Remove from pan and ice if desired. The cake in the illustration is iced
  with Boiled Icing tinted yellow, and settled in a nest of coconut tinted
  green.  The breen leaves are mode with green icing. The flowers are cut
  from marshmallows, and tinted with violet coloring.
  
  Boiled icing:  Mix sugar, cream of tartar and water and cook over low heat
  until syrup spins a thread (240 F). Meanwhile, add salt to egg whites and
  beat with a flat beater until stiff. Pour syrup in a thin stream over the
  egg whites; add flavorings.  Beat until the right consistency to spread.
  
                                            How to Make Cakes, 1936
                                            from *Cakes Men Like*
                                            by Benjamin Darling
  
  From Gemini's MASSIVE MealMaster collection at www.synapse.com/~gemini
 
</step></directions></recipe></recipeml>
