<?xml version="1.0" encoding="UTF-8"?>

<recipeml version="0.5">
  <recipe>
    <head>
      <title>Angel Horns</title>
      <categories>
        <cat>Dessert</cat></categories>
      <yield>64</yield></head>
    <ingredients>
      <ing-div>
        <title>COOKIES</title>
        <ing>
          <amt>
            <qty>4</qty>
            <unit>cups</unit></amt>
          <item>Sifted all-purpose flour</item></ing>
        <ing>
          <amt>
            <qty>1/2</qty>
            <unit>teaspoons</unit></amt>
          <item>Salt</item></ing>
        <ing>
          <amt>
            <qty>1/2</qty>
            <unit>cups</unit></amt>
          <item>Butter or margarine plus</item></ing>
        <ing>
          <amt>
            <qty>1</qty>
            <unit>tablespoon</unit></amt>
          <item>Butter or margarine</item></ing>
        <ing>
          <amt>
            <qty>1</qty>
            <unit/></amt>
          <item>Cake compressed yeast; crumbled (see note)</item></ing>
        <ing>
          <amt>
            <qty>1/2</qty>
            <unit>cups</unit></amt>
          <item>Commercial sour crem</item></ing>
        <ing>
          <amt>
            <qty>4</qty>
            <unit/></amt>
          <item>Egg yolks; well beaten</item></ing>
        <ing>
          <amt>
            <qty>1</qty>
            <unit>teaspoon</unit></amt>
          <item>Vanilla extract</item></ing>
        <ing>
          <amt>
            <qty/>
            <unit/></amt>
          <item>Confectioner's sugar</item></ing></ing-div>
      <ing-div>
        <title>NUT FILLING</title>
        <ing>
          <amt>
            <qty>4</qty>
            <unit/></amt>
          <item>Egg whites; room temperature</item></ing>
        <ing>
          <amt>
            <qty>1</qty>
            <unit>cup</unit></amt>
          <item>Sugar</item></ing>
        <ing>
          <amt>
            <qty>1</qty>
            <unit>teaspoon</unit></amt>
          <item>Vanilla extract</item></ing>
        <ing>
          <amt>
            <qty>1</qty>
            <unit>cup</unit></amt>
          <item>Finely ground nuts</item></ing></ing-div></ingredients>
    <directions>
      <step>   Cookies: Heat oven to 350 degrees. Lightly grease cookie sheet with
  unsalted shortening. Sift together flour and salt into a large bowl. Add
  half the butter and cut it in with a pastry blender or two knives until the
  mixture looks like coarse meal. Cut in remaining butter until it looks like
  large peas. Add crumbled yeast. Add sour cream and mix well. Beat egg yolks
  until frothy; add vanilla and blend egg mixture into butter mixture. If
  necessary, knead dough on a lightly floured board until smooth. Divide
  dough into 8 parts and roll one portion at a time. On a floured board, roll
  each portion into 8 wedge-shaped pieces. Place 1 teaspoonful of the Nut
  Filling at the wider edge of each wedge. Roll up each wedge, starting at
  the wide side, and place on prepared cookie sheet with the point
  underneath. Bake 20-22 minutes, or until lightly browned. Remove cookies to
  wire cake racks and cool. Sprinkle with confectioner's sugar when cooled.
  Makes 64 cookies.
  
   NOTE: 1 package active dry yeast dissolved in 2 tablespoons warm water
  (105-115 degrees) may be substituted for cake yeast.
  
   Nut Filling: In the small bowl of an electric mixer beat egg whites until
  soft peaks form. Gradually add sugar and vanilla and beat until stiff peaks
  form. Blend in ground nuts.
  
  FROM FLORENCE PEKAR,
  
  REDBOOK, DEC 1972, "THE GREAT
  
  CHRISTMAS COOKIE-SWAP COOKBOOK"
  
  From a collection of my mother's (Judy Hosey) recipe box which contained
  lots of her favorite recipes, clippings, etc.  Downloaded from Glen's MM
  Recipe Archive, http://www.erols.com/hosey.
 
</step></directions></recipe></recipeml>
