<?xml version="1.0" encoding="UTF-8"?>

<recipeml version="0.5">
  <recipe>
    <head>
      <title>Angel Torte</title>
      <categories>
        <cat>Desserts</cat></categories>
      <yield>12</yield></head>
    <ingredients>
      <ing>
        <amt>
          <qty>1 1/2</qty>
          <unit>cups</unit></amt>
        <item>Vanilla wafers; crushed</item></ing>
      <ing>
        <amt>
          <qty>6</qty>
          <unit>tablespoons</unit></amt>
        <item>Butter; (3/4 stick) melted</item></ing>
      <ing>
        <amt>
          <qty/>
          <unit/></amt>
        <item>Ground nutmeg</item></ing>
      <ing>
        <amt>
          <qty>1</qty>
          <unit/></amt>
        <item>Envelope unflavored gelatin</item></ing>
      <ing>
        <amt>
          <qty>3/4</qty>
          <unit>cups</unit></amt>
        <item>Granulated sugar</item></ing>
      <ing>
        <amt>
          <qty>1</qty>
          <unit>dash</unit></amt>
        <item>Salt</item></ing>
      <ing>
        <amt>
          <qty>2</qty>
          <unit/></amt>
        <item>Egg whites</item></ing>
      <ing>
        <amt>
          <qty>1</qty>
          <unit>tablespoon</unit></amt>
        <item>Lemon juice</item></ing>
      <ing>
        <amt>
          <qty>1/2</qty>
          <unit>teaspoons</unit></amt>
        <item>Vanilla</item></ing>
      <ing>
        <amt>
          <qty>1</qty>
          <unit>package</unit></amt>
        <item>(2-ounce) whipped dessert topping mix (such as Dreamwhip)</item></ing>
      <ing>
        <amt>
          <qty>1</qty>
          <unit>cup</unit></amt>
        <item>Sour cream</item></ing>
      <ing>
        <amt>
          <qty/>
          <unit/></amt>
        <item>Whipped cream (garnish); optional</item></ing>
      <ing>
        <amt>
          <qty/>
          <unit/></amt>
        <item>Cherries (garnish); optional</item></ing></ingredients>
    <directions>
      <step>  Combine vanilla wafer crumbs, melted butter and 1/4 teaspoon nutmeg; mix
  thoroughly. Press into bottom of 9-inch springform pan. In saucepan,
  combine gelatin, sugar and salt with 1 1/4 cups water. Cook and stir until
  gelatin dissolves. Remove from heat. Chill in refrigerator until partly
  set. Add egg whites, lemon juice and vanilla. Beat until very fluffy, about
  5 minutes. Prepare topping mix according to package directions; fold into
  gelatin mixture, along with sour cream. Pile mixture into prepared crust.
  Sprinkle with additional nutmeg. Garnish with whipped cream and cherries.
  Chill until firm. Yield: 12 servings.
  
  Recipe by: St. Louis Post-Dispatch 12/25/95
  
  Posted to MC-Recipe Digest V1 #863 by Nancy Berry &lt;nlberry@prodigy.net&gt; on
  Oct 24, 1997
 
</step></directions></recipe></recipeml>
