<?xml version="1.0" encoding="UTF-8"?>

<recipeml version="0.5">
  <recipe>
    <head>
      <title>Angel Cupcakes</title>
      <categories>
        <cat>None</cat></categories>
      <yield>1</yield></head>
    <ingredients>
      <ing>
        <amt>
          <qty>1</qty>
          <unit>package</unit></amt>
        <item>(16-oz.) angel food cake mix</item></ing>
      <ing>
        <amt>
          <qty>2</qty>
          <unit>tablespoons</unit></amt>
        <item>Poppy seed</item></ing>
      <ing>
        <amt>
          <qty>1 1/2</qty>
          <unit>teaspoons</unit></amt>
        <item>Almond extract; divided</item></ing>
      <ing>
        <amt>
          <qty>1/2</qty>
          <unit>cups</unit></amt>
        <item>Chopped sliced almonds</item></ing>
      <ing>
        <amt>
          <qty>1 1/2</qty>
          <unit>cups</unit></amt>
        <item>Sifted confectioners sugar</item></ing>
      <ing>
        <amt>
          <qty>1</qty>
          <unit>tablespoon</unit></amt>
        <item>Plus 2 tsps. water</item></ing></ingredients>
    <directions>
      <step>  Preheat oven to 350 Fl. Line a muffin pan with paper muffin cups. Prepare
  the cake mix according to package directions, adding poppy seed and 1 tsp.
  almond extract. Fill muffin cups about 2/3 full. Sprinkle batter with
  almonds. Bake 14-20 mins. or until tops are golden brown. Cool in pan on a
  wire rack. Transfer cupcakes to a wire rack with waxed paper underneath.
  For icing, combine confectioners sugar, water, and remaining 1/2 tsp.
  almond extract in a small bowl; stir until smooth. Drizzle icing over
  cupcakes. Allow icing to harden. Store in an airtight container. Yield:
  about 2 1/2 dozen cupcakes or 5 gifts.
  
  Posted to Bakery-Shoppe Digest V1 #404 by "William &amp; Evelyn Hall"
  &lt;wchall@nevia.net&gt; on Nov 20, 1997
 
</step></directions></recipe></recipeml>
