<?xml version="1.0" encoding="UTF-8"?>

<recipeml version="0.5">
  <recipe>
    <head>
      <title>Angel Hair Pasta with Lemon and Garlic</title>
      <categories>
        <cat>None</cat></categories>
      <yield>1</yield></head>
    <ingredients>
      <ing>
        <amt>
          <qty>1</qty>
          <unit>teaspoon</unit></amt>
        <item>Olive oil from jar of sun-dry tomatoes</item></ing>
      <ing>
        <amt>
          <qty>3</qty>
          <unit/></amt>
        <item>Garlic cloves, peeled and pulverized</item></ing>
      <ing>
        <amt>
          <qty>1/2</qty>
          <unit>cups</unit></amt>
        <item>Dry white wine</item></ing>
      <ing>
        <amt>
          <qty>1/4</qty>
          <unit>cups</unit></amt>
        <item>Freshly squeezed lemon juice</item></ing>
      <ing>
        <amt>
          <qty>1/4</qty>
          <unit>cups</unit></amt>
        <item>Chopped sun-dry tomatoes(the kind in oil)</item></ing>
      <ing>
        <amt>
          <qty>8</qty>
          <unit>ounces</unit></amt>
        <item>Angel harpist, cooked, kept warm</item></ing>
      <ing>
        <amt>
          <qty>1/4</qty>
          <unit>cups</unit></amt>
        <item>Chopped fresh basil</item></ing>
      <ing>
        <amt>
          <qty>2</qty>
          <unit>tablespoons</unit></amt>
        <item>Grated parmesan</item></ing>
      <ing>
        <amt>
          <qty/>
          <unit/></amt>
        <item>Freshly ground black pepper, to taste</item></ing></ingredients>
    <directions>
      <step>  PREPARATION: Saut garlic in olive oil, but be careful not to burn it.
  Remove pan from heat to add wine. Return to heat and reduce by half. Stir
  in lemon juice and tomato.  Toss with pasta, adding basil, parmesan and
  black pepper.  Serve immediately.   Serves 4.
  
  Posted to MC-Recipe Digest V1 #291
  
  Date: Sun, 10 Nov 1996 19:28:26 +0100
  
  From: Mary Ellen &lt;ldyspark@buffnet.net&gt;
 
</step></directions></recipe></recipeml>
