<?xml version="1.0" encoding="UTF-8"?>

<recipeml version="0.5">
  <recipe>
    <head>
      <title>Angel Hair Pasta with Tomato-Scallop Sauce</title>
      <categories>
        <cat>Pasta</cat>
        <cat>Fish</cat></categories>
      <yield>1</yield></head>
    <ingredients>
      <ing>
        <amt>
          <qty>1</qty>
          <unit>package</unit></amt>
        <item>Louis Kemp Scallops</item></ing>
      <ing>
        <amt>
          <qty>2</qty>
          <unit>tablespoons</unit></amt>
        <item>Olive oil</item></ing>
      <ing>
        <amt>
          <qty>1</qty>
          <unit>medium</unit></amt>
        <item>Onion, chopped</item></ing>
      <ing>
        <amt>
          <qty>1</qty>
          <unit>small</unit></amt>
        <item>Bell pepper, chopped</item></ing>
      <ing>
        <amt>
          <qty>1</qty>
          <unit>clove</unit></amt>
        <item>Garlic, minced</item></ing>
      <ing>
        <amt>
          <qty>2</qty>
          <unit>cans</unit></amt>
        <item>16 oz. diced tomatoes</item></ing>
      <ing>
        <amt>
          <qty>1</qty>
          <unit>teaspoon</unit></amt>
        <item>Oregano</item></ing>
      <ing>
        <amt>
          <qty/>
          <unit/></amt>
        <item>Salt and pepper to taste</item></ing>
      <ing>
        <amt>
          <qty>1</qty>
          <unit>pound</unit></amt>
        <item>Angel hair pasta cooked</item></ing></ingredients>
    <directions>
      <step>  In a skillet, combine oil, onion, bell pepper and garlic. Saute on stove
  top over medium heat until vegetalbes are tender (do not brown). Add
  tomatoes, oregano, salt and pepper, and bring to a boil for 1 minute.
  Reduce heat and simmer for 10 minutes.  Add scallops and simmer another 3
  minutes.  Serve warm sauce over pasta. Top with grated Parmesan cheese (if
  desired).
  
  From Gemini's MASSIVE MealMaster collection at www.synapse.com/~gemini
 
</step></directions></recipe></recipeml>
