<?xml version="1.0" encoding="UTF-8"?>

<recipeml version="0.5">
  <recipe>
    <head>
      <title>Angel Hair Al Fresco</title>
      <categories>
        <cat>R</cat>
        <cat>I</cat>
        <cat>C</cat>
        <cat>E-</cat>
        <cat>A-</cat></categories>
      <yield>1</yield></head>
    <ingredients>
      <ing>
        <amt>
          <qty>2/3</qty>
          <unit>cups</unit></amt>
        <item>Milk</item></ing>
      <ing>
        <amt>
          <qty>2</qty>
          <unit>tablespoons</unit></amt>
        <item>Margarine or butter</item></ing>
      <ing>
        <amt>
          <qty>1</qty>
          <unit>package</unit></amt>
        <item>(4.8-ounce) Pasta Roni® angel hair pasta with herbs</item></ing>
      <ing>
        <amt>
          <qty>1</qty>
          <unit>can</unit></amt>
        <item>(6-1/2-ounce) tuna; drained, flaked OR 1-1/2 cups chopped cooked chicken</item></ing>
      <ing>
        <amt>
          <qty>2</qty>
          <unit>medium</unit></amt>
        <item>Tomatoes; chopped</item></ing>
      <ing>
        <amt>
          <qty>1/3</qty>
          <unit>cups</unit></amt>
        <item>Sliced green onions or chopped onion</item></ing>
      <ing>
        <amt>
          <qty>1/4</qty>
          <unit>cups</unit></amt>
        <item>Dry white wine; (optional)</item></ing>
      <ing>
        <amt>
          <qty>1/4</qty>
          <unit>cups</unit></amt>
        <item>Slivered almonds; toasted (optional)</item></ing>
      <ing>
        <amt>
          <qty>1</qty>
          <unit>tablespoon</unit></amt>
        <item>Chopped fresh basil or 1 teaspoon dried basil</item></ing></ingredients>
    <directions>
      <step>  1.In large saucepan, combine 1-1/3 cups water, milk and margarine. Bring
  just to a boil.
  
  2.Slowly stir in pasta, Special Seasonings, tuna, tomatoes, green onions,
  wine, almonds and basil. Separate pasta with a fork, if needed. Return to a
  boil; reduce heat to medium. Boil uncovered, 4 to 5 minutes or until pasta
  is tender, stirring frequently. Sauce will be thin. Let stand 3 to 5
  minutes for sauce to thicken.
  
  Recipe by: RICE-A-RONI®
  
  Posted to brand-name-recipes by Barbra&lt;barbra@pipeline.com&gt; on Feb 04, 1998
 
</step></directions></recipe></recipeml>
