<?xml version="1.0" encoding="UTF-8"?>

<recipeml version="0.5">
  <recipe>
    <head>
      <title>Angel Pasta Paradise</title>
      <categories>
        <cat>Italian</cat>
        <cat>Pasta</cat></categories>
      <yield>4</yield></head>
    <ingredients>
      <ing>
        <amt>
          <qty>10</qty>
          <unit>ounces</unit></amt>
        <item>Angel Hari Pasta; OR Thin Vermicelli</item></ing>
      <ing>
        <amt>
          <qty>1/4</qty>
          <unit>cups</unit></amt>
        <item>Olive Oil</item></ing>
      <ing>
        <amt>
          <qty>1/2</qty>
          <unit>cups</unit></amt>
        <item>Butter Or Margarine</item></ing>
      <ing>
        <amt>
          <qty>4</qty>
          <unit>large</unit></amt>
        <item>Cloves Garlic; pressed</item></ing>
      <ing>
        <amt>
          <qty>1</qty>
          <unit>medium</unit></amt>
        <item>Onion; Finely Diced</item></ing>
      <ing>
        <amt>
          <qty>1/2</qty>
          <unit>cups</unit></amt>
        <item>Sweet red pepper; diced OR Yellow Pepper, diced</item></ing>
      <ing>
        <amt>
          <qty>1/4</qty>
          <unit>cups</unit></amt>
        <item>Dried Parsley Flakes</item></ing>
      <ing>
        <amt>
          <qty>1/2</qty>
          <unit>cups</unit></amt>
        <item>Dry White Wine</item></ing>
      <ing>
        <amt>
          <qty>8</qty>
          <unit>ounces</unit></amt>
        <item>Shrimp; cleaned, deveined OR</item></ing>
      <ing>
        <amt>
          <qty>8</qty>
          <unit>ounces</unit></amt>
        <item>Chicken mean; cooked, bitesized</item></ing>
      <ing>
        <amt>
          <qty>8</qty>
          <unit>medium</unit></amt>
        <item>Mushrooms; sliced, sauteed</item></ing>
      <ing>
        <amt>
          <qty>1/2</qty>
          <unit>cups</unit></amt>
        <item>Parmesan Cheese</item></ing></ingredients>
    <directions>
      <step>  Cook pasta according to package directions. Drain and toss with olive oil.
  Melt butter in skillet. Add garlic and onion and saute until onion is
  tender. Add sweet pepper. Add parsley flakes and white wine. Pour mixture
  over pasta and toss until blended. Add shrimp, mushrooms and cheese. Toss
  and serve immediately.
  
  Serving Ideas : Main
  
  Recipe by: Carol Rheaume (Smcd91A)
  
  Posted to recipelu-digest by Nesb2 &lt;Nesb2@aol.com&gt; on Mar 9, 1998
 
</step></directions></recipe></recipeml>
