<?xml version="1.0" encoding="UTF-8"?>

<recipeml version="0.5">
  <recipe>
    <head>
      <title>Angel of Death Cheese Spread</title>
      <categories>
        <cat>Appetizer</cat></categories>
      <yield>6</yield></head>
    <ingredients>
      <ing>
        <amt>
          <qty>1</qty>
          <unit>pound</unit></amt>
        <item>Gorganzola or Bleu cheese</item></ing>
      <ing>
        <amt>
          <qty>1</qty>
          <unit>pound</unit></amt>
        <item>Ricotta cheese</item></ing>
      <ing>
        <amt>
          <qty>2</qty>
          <unit/></amt>
        <item>Cloves garlic; chopped</item></ing>
      <ing>
        <amt>
          <qty>1</qty>
          <unit>cup</unit></amt>
        <item>Chopped walnuts</item></ing>
      <ing>
        <amt>
          <qty>4</qty>
          <unit/></amt>
        <item>Fresh sage leaves</item></ing>
      <ing>
        <amt>
          <qty/>
          <unit/></amt>
        <item>Salt to taste</item></ing>
      <ing>
        <amt>
          <qty/>
          <unit/></amt>
        <item>Cheese cloth</item></ing>
      <ing>
        <amt>
          <qty>Date:</qty>
          <unit>14</unit></amt>
        <item>Mar 1996 21:41 GMT</item></ing></ingredients>
    <directions>
      <step>  From: Mark Alexander &lt;mark@alexr.co.uk&gt;
  
  Chop garlic. Add to 1/4 C of water in a small saucepan. Reduce to 2
  tablespoons.  Beat cheeses together. Add garlic mixture and salt, if
  desired. In a double layer of cheesecloth - put sage leaves in a pattern in
  the center. Sprinkle nuts on top. Put cheese mixture on top of nuts. Gather
  cheesecloth and form into a ball. Tie together. Put the cheeseball in a
  strainer over a dish and let sit in the fridge overnight to drain. Unwrap
  and serve!
  
  MM-RECIPES@IDISCOVER.NET
  
  MEAL-MASTER RECIPES LIST SERVER
  
  MM-RECIPES DIGEST V3 #75
  
  From the MealMaster recipe list.  Downloaded from Glen's MM Recipe Archive,
  http://www.erols.com/hosey.
 
</step></directions></recipe></recipeml>
