<?xml version="1.0" encoding="UTF-8"?>

<recipeml version="0.5">
  <recipe>
    <head>
      <title>Angel Hair Mornay</title>
      <categories>
        <cat>Broccoli</cat>
        <cat>Cauliflower</cat>
        <cat>Bobbie - no</cat>
        <cat>Side dishes</cat></categories>
      <yield>4</yield></head>
    <ingredients>
      <ing>
        <amt>
          <qty>1</qty>
          <unit/></amt>
        <item>Packag (16 oz) angel hair pasta; capellini</item></ing>
      <ing>
        <amt>
          <qty>1</qty>
          <unit>teaspoon</unit></amt>
        <item>Oil</item></ing>
      <ing>
        <amt>
          <qty>1</qty>
          <unit/></amt>
        <item>Box; (10 oz.) Birds Eye frozen Deluxe Broccoli Florets</item></ing>
      <ing>
        <amt>
          <qty>1</qty>
          <unit/></amt>
        <item>Box; (10 oz.) Birds Eye frozen Cauliflower with Cheese Sauce</item></ing></ingredients>
    <directions>
      <step>  Pre-heat oven to 350°. Cook angel hair pasta according to package
  directions. Drain well. Combine pasta, oil and broccoli florets in 9 x 13
  in. baking pan. Cover with cauliflower/cheese sauce mixture; bake for 20
  minutes, or until heated through. Makes 4 servings. Prep Time: 10 minutes
  Cook Time: 20 minutes Calories-214, Protein-11gm, Carbohydrate-36gm Total
  Fat-4gm, Cholestrol-40mg, Fiber-3gm Sodium -261 mg MC formatting by
  bobbi744@acd.net ICQ #12099523
  
  Recipe by: http://www.birdseye.com
  
  Posted to MC-Recipe Digest by Roberta Banghart &lt;bobbi744@acd.net&gt; on May
  14, 1998
 
</step></directions></recipe></recipeml>
