<?xml version="1.0" encoding="UTF-8"?>

<recipeml version="0.5">
  <recipe>
    <head>
      <title>Angel Hair Pasta with Ancho Chile Sauce (Sopa Seca De Fideo</title>
      <categories>
        <cat>None</cat></categories>
      <yield>4</yield></head>
    <ingredients>
      <ing>
        <amt>
          <qty>4</qty>
          <unit/></amt>
        <item>Ancho chiles - stems; seeds and veins removed</item></ing>
      <ing>
        <amt>
          <qty>2 1/2</qty>
          <unit>cups</unit></amt>
        <item>Chicken stock or water</item></ing>
      <ing>
        <amt>
          <qty>2</qty>
          <unit/></amt>
        <item>Whole cloves</item></ing>
      <ing>
        <amt>
          <qty>1</qty>
          <unit/></amt>
        <item>Garlic clove; coarsely chopped</item></ing>
      <ing>
        <amt>
          <qty>1/8</qty>
          <unit>teaspoons</unit></amt>
        <item>Cumin seeds</item></ing>
      <ing>
        <amt>
          <qty/>
          <unit/></amt>
        <item>Salt</item></ing>
      <ing>
        <amt>
          <qty>1/4</qty>
          <unit>cups</unit></amt>
        <item>Vegetable oil</item></ing>
      <ing>
        <amt>
          <qty>4</qty>
          <unit>ounces</unit></amt>
        <item>Angel hair pasta or very fine vermicelli; preferably in nests or skeins</item></ing>
      <ing>
        <amt>
          <qty>1/3</qty>
          <unit>cups</unit></amt>
        <item>Finely grated queso anejo or Romano cheese</item></ing>
      <ing>
        <amt>
          <qty/>
          <unit/></amt>
        <item>Avocado slices</item></ing>
      <ing>
        <amt>
          <qty/>
          <unit/></amt>
        <item>Quartered limes</item></ing></ingredients>
    <directions>
      <step>  The following are from the April 1996 issue of Food &amp; Wine in an article by
  Diane Kennedy.
  
  from "Libro di Cocina" by Jules Gouffe, pub. in Mexico in 1893
  
        4    first-course servings
  
  1.In a nonreactive medium saucepan, cover the chiles with water and simmer
  for 5 minutes. Remove from the heat and let soak until soft, 5 more
  minutes. Drain.
  
  2.Pour 1/4 cup of the chicken stock into the blender, add the cloves,
  garlic and cumin seeds and blend until smooth. Season with salt. Add 1 more
  cup of the stock and the drained chiles, a few at a time, and blend until
  smooth, adding more stock if necessary.
  
  3.Heat the oil in a large heavy saucepan. Add the pasta and fry, turning,
  until it has turned a deep golden color, about 3 minutes (keep the nests
  intact). Strain off excess oil.
  
  4.Add the blended sauce to the pasta in the skillet and fry over moderate
  heat for about 3 minutes, scraping the bottom of the pan to prevent
  sticking. Cover and cook over low heat, adding the remaining stock a little
  at a time to prevent sticking, until the pasta is just cooked through, 5 to
        8    minutes.
  
  5.Transfer to a serving dish, sprinkle with the cheese and serve with the
  avocado and limes.
  Posted to CHILE-HEADS DIGEST by Judy Howle &lt;howle@ebicom.net&gt; on May 23,
  1998
 
</step></directions></recipe></recipeml>
