<?xml version="1.0" encoding="UTF-8"?>

<recipeml version="0.5">
  <recipe>
    <head>
      <title>Angel Hair Pasta with Avocado Corn Cream</title>
      <categories>
        <cat>None</cat></categories>
      <yield>1</yield></head>
    <ingredients>
      <ing>
        <amt>
          <qty>2</qty>
          <unit>cups</unit></amt>
        <item>Chicken stock; boiling (up to 3)</item></ing>
      <ing>
        <amt>
          <qty>2</qty>
          <unit/></amt>
        <item>Ears of corn (to make 1 cup kernels)</item></ing>
      <ing>
        <amt>
          <qty>1</qty>
          <unit/></amt>
        <item>Ripe avocado</item></ing>
      <ing>
        <amt>
          <qty>2</qty>
          <unit>tablespoons</unit></amt>
        <item>Chopped chives</item></ing>
      <ing>
        <amt>
          <qty>1</qty>
          <unit>teaspoon</unit></amt>
        <item>Lemon juice</item></ing>
      <ing>
        <amt>
          <qty>4</qty>
          <unit/></amt>
        <item>Tomatillos; parboiled</item></ing>
      <ing>
        <amt>
          <qty>1</qty>
          <unit/></amt>
        <item>Jalapeno; seeded and chopped</item></ing>
      <ing>
        <amt>
          <qty>1</qty>
          <unit>tablespoon</unit></amt>
        <item>Olive oil</item></ing>
      <ing>
        <amt>
          <qty/>
          <unit/></amt>
        <item>Salt and pepper to taste</item></ing>
      <ing>
        <amt>
          <qty>1</qty>
          <unit>pound</unit></amt>
        <item>Angel hair pasta; cooked al dente</item></ing>
      <ing>
        <amt>
          <qty>1/2</qty>
          <unit>cups</unit></amt>
        <item>Freshly grated Parmesan cheese</item></ing></ingredients>
    <directions>
      <step>  &gt;From the Detroit News:
  
  Put all ingredients except the pasta and cheese in a blender, beginning
  with 2 cups of stock and adding more as needed. Taste for seasoning and
  adjust. Pour sauce into a saucepan and simmer, stirring frequently. Pour
  over cooked pasta, toss and serve with Parmesan cheese. Makes 4 servings.
  
  Per serving: 627 calories; 17 g fat (4 g saturated fat; 24 percent calories
  from fat); 9 mg cholesterol; 827 mg sodium; 96 g carbohydrates.
  
  Posted to CHILE-HEADS DIGEST V4 #049 by Judy Howle &lt;howle@ebicom.net&gt; on
  Jul 30, 1997
 
</step></directions></recipe></recipeml>
