<?xml version="1.0" encoding="UTF-8"?>

<recipeml version="0.5">
  <recipe>
    <head>
      <title>Angel Hair with Balsamic Tomatoes</title>
      <categories>
        <cat>Italian</cat>
        <cat>Pasta</cat></categories>
      <yield>1</yield></head>
    <ingredients>
      <ing>
        <amt>
          <qty>1</qty>
          <unit>teaspoon</unit></amt>
        <item>Minced garlic</item></ing>
      <ing>
        <amt>
          <qty>1</qty>
          <unit>teaspoon</unit></amt>
        <item>Olive oil</item></ing>
      <ing>
        <amt>
          <qty>5</qty>
          <unit/></amt>
        <item>To 6 Roma tomatoes, chopped</item></ing>
      <ing>
        <amt>
          <qty>3</qty>
          <unit>tablespoons</unit></amt>
        <item>Balsamic vinegar</item></ing>
      <ing>
        <amt>
          <qty/>
          <unit/></amt>
        <item>Salt    &amp; pepper to taste</item></ing>
      <ing>
        <amt>
          <qty>1/4</qty>
          <unit>cups</unit></amt>
        <item>Chopped fresh basil</item></ing>
      <ing>
        <amt>
          <qty>1/2</qty>
          <unit>pounds</unit></amt>
        <item>Angel hair pasta; (uncooked)</item></ing></ingredients>
    <directions>
      <step>  Saute the garlic in olive oil until lightly browned.  Do this in a skillet
  large enough to hold the tomatoes later.  Leave garlic in skillet.
  
  Place tomatoes, salt &amp; pepper, basil and balsamic vinegar in a non-reactive
  bowl and set aside for 10 minutes, stirring occassionally.
  
  Boil water for pasta.
  
  Just before you put the pasta in the water, drain tomatoes and reserve the
  juice that runs off.  (I usually set my colander on a dinner plate). Put
  the angel hair pasta in the water to cook for the recommended amount of
  time.
  
  Heat your garlic skillet and toss drained tomatoes briefly JUST to heat.
  They should retain their shape. The pasta should finish cooking (usually no
  more than 5 min. for angel hair) at the same time the tomatoes are ready.
  
  Toss the pasta and tomato mixture together and serve with freshly grated
  parmesan cheese
  Posted to FOODWINE Digest 13 Sep 96
  
  Date:    Sat, 14 Sep 1996 11:27:40 -0400
  
  From:    Eileen &amp; Bob Holze &lt;beck4@ASAN.COM&gt;
 
</step></directions></recipe></recipeml>
