<?xml version="1.0" encoding="UTF-8"?>

<recipeml version="0.5">
  <recipe>
    <head>
      <title>Angel Food Summer Pudding</title>
      <categories>
        <cat>Dessert</cat></categories>
      <yield>8</yield></head>
    <ingredients>
      <ing-div>
        <title/>
        <ing>
          <amt>
            <qty>1</qty>
            <unit/></amt>
          <item>Prepared angel food cake</item></ing></ing-div>
      <ing-div>
        <title>FILLING</title>
        <ing>
          <amt>
            <qty>2</qty>
            <unit>cups</unit></amt>
          <item>Fresh strawberries; hulled &amp; quartered</item></ing>
        <ing>
          <amt>
            <qty>2</qty>
            <unit>cups</unit></amt>
          <item>Fresh blueberries</item></ing>
        <ing>
          <amt>
            <qty>2</qty>
            <unit>cups</unit></amt>
          <item>Fresh raspberries</item></ing>
        <ing>
          <amt>
            <qty>2</qty>
            <unit>cups</unit></amt>
          <item>Fresh blackberries</item></ing>
        <ing>
          <amt>
            <qty>1/4</qty>
            <unit>cups</unit></amt>
          <item>Sugar</item></ing>
        <ing>
          <amt>
            <qty>1/4</qty>
            <unit>cups</unit></amt>
          <item>Orange-flavored liqueur or orange juice</item></ing>
        <ing>
          <amt>
            <qty>2</qty>
            <unit>teaspoons</unit></amt>
          <item>Grated lemon peel</item></ing></ing-div>
      <ing-div>
        <title>TOPPING AND GARNISH</title>
        <ing>
          <amt>
            <qty>1</qty>
            <unit>cup</unit></amt>
          <item>Heavy cream</item></ing>
        <ing>
          <amt>
            <qty>4</qty>
            <unit>teaspoons</unit></amt>
          <item>Cofectioners' sugar</item></ing>
        <ing>
          <amt>
            <qty/>
            <unit/></amt>
          <item>Whole fresh berries</item></ing>
        <ing>
          <amt>
            <qty/>
            <unit/></amt>
          <item>Sprigs of mint</item></ing></ing-div></ingredients>
    <directions>
      <step>  From: SusanC2552@aol.com
  
  Date: Sat, 23 Mar 1996 14:00:19 -0500
  
  Recipe By: Great American Home Baking
  1.  To prepare filling, in a medium saucepan, mix together berries, sugar,
  liqueur, and lemon peel.
  
  2.  Cook over medium heat, stirring occasionally, until berries are soft
  and sugar has dissolved, 5 to 8 min. (Do not overcook.) Let cool.
  
  3.  Using a serrated knife, trim cake of any browned edges.  Cut cake into
  1/2 inch slices; cut slices into triangles.
  
  4.  Tightly line the bottom and sides of a 1 1/2 to 2 quart bowl or souffle
  dish with three-quarters of the cake.  If necessary, fill any gaps with
  small pieces of cake.
  
  5.  Spoon filling into the cake-lined bowl.  Top with remaining cake
  triangles, covering berries completely.
  
  6.  Place a plate, just slightly smaller than the bowl's diameter, on top
  of pudding. Weigh down saucer with a 4 or 5 pound can. Chill for 8 hours or
  overnight.
  
  7.  Remove plate and can.  Carefully unmold pudding onto a serving plate.
  
  8.  To prepare topping, beat cream at medium speed until soft peaks form.
  Beat in confectioners' sugar.
  
  9.  Spoon cream mixture into a pastry bag fitted with a large star tip;
  pipe small mounds of cream mixture on top of pudding. Garnish with fresh
  berries and sprigs of fresh mint. NOTES
  : Sinfully delicious, this puding just gets better as it sits (which is
  never very long).  You can substitue frozen berries for fresh ones.
  
  MC-RECIPE@MASTERCOOK.COM
  
  MASTERCOOK RECIPES LIST SERVER
  
  REFRIGERATE OVERNIGHT
  
  From the MasterCook recipe list.  Downloaded from Glen's MM Recipe Archive,
  http://www.erols.com/hosey.
 
</step></directions></recipe></recipeml>
