<?xml version="1.0" encoding="UTF-8"?>

<recipeml version="0.5">
  <recipe>
    <head>
      <title>Angel of Mercy Cheese</title>
      <categories>
        <cat>Appetizers</cat>
        <cat>Cheese</cat>
        <cat>Nuts</cat>
        <cat>Herbs</cat></categories>
      <yield>1</yield></head>
    <ingredients>
      <ing>
        <amt>
          <qty>1</qty>
          <unit/></amt>
        <item>Head garlic; separated into cloves</item></ing>
      <ing>
        <amt>
          <qty>8</qty>
          <unit>ounces</unit></amt>
        <item>Ricotta cheese</item></ing>
      <ing>
        <amt>
          <qty>4</qty>
          <unit>ounces</unit></amt>
        <item>Gorgonzola cheese</item></ing>
      <ing>
        <amt>
          <qty>1</qty>
          <unit>cup</unit></amt>
        <item>Heavy cream</item></ing>
      <ing>
        <amt>
          <qty>1/2</qty>
          <unit>teaspoons</unit></amt>
        <item>Salt</item></ing>
      <ing>
        <amt>
          <qty>4</qty>
          <unit/></amt>
        <item>Fresh sage leaves</item></ing>
      <ing>
        <amt>
          <qty/>
          <unit/></amt>
        <item>Chopped walnuts</item></ing></ingredients>
    <directions>
      <step>  Cook garlic in microwave until tender (about 15 seconds). Mince in garlic
  press and measure 2 tablespoons.
  
  Beat ricotta om medium-sized bowl until softened. Add gorgonzola and mix
  until smooth. Beat in cream, salt, and minced garlic.
  
  Dampen 18-inch square piece of cheesecloth and place sage leaves
  bottom-side-up in a pattern in center of square. Spoon cheese mixture over
  leaves. Tie ends of cloth together to form a ball shape. Place in
  cheesecloth-lined strainer and allow to drain for 24 hours in the
  refrigerator. Unmold cheese on serving platter. Decorate with chopped
  walnuts if desired. Serve at room temperature with an assortment of
  crackers.
  Posted to recipelu-digest Volume 01 Number 412 by RecipeLu
  &lt;recipelu@geocities.com&gt; on Dec 29, 1997
 
</step></directions></recipe></recipeml>
