<?xml version="1.0" encoding="UTF-8"?>

<recipeml version="0.5">
  <recipe>
    <head>
      <title>Angie's Macaroni and Cheese</title>
      <categories>
        <cat>Pasta</cat>
        <cat>To send</cat></categories>
      <yield>1</yield></head>
    <ingredients>
      <ing>
        <amt>
          <qty>1</qty>
          <unit>can</unit></amt>
        <item>Creamed Corn</item></ing>
      <ing>
        <amt>
          <qty>1</qty>
          <unit>can</unit></amt>
        <item>Corn; undrained</item></ing>
      <ing>
        <amt>
          <qty>1</qty>
          <unit>cup</unit></amt>
        <item>Macaroni; uncooked</item></ing>
      <ing>
        <amt>
          <qty>1</qty>
          <unit>cup</unit></amt>
        <item>Velveeta Cheese; cubed</item></ing>
      <ing>
        <amt>
          <qty>1/2</qty>
          <unit>cups</unit></amt>
        <item>Butter; melted</item></ing>
      <ing>
        <amt>
          <qty/>
          <unit/></amt>
        <item>Onion; chopped</item></ing></ingredients>
    <directions>
      <step>  Stir all ingredients together and bake covered at 350 F for 30 minutes.
  Uncover and bake 30 more minutes.
  
  Recipe by: Angie Johnson
  
  Posted to recipelu-digest Volume 01 Number 504 by James and Susan Kirkland
  &lt;kirkland@gj.net&gt; on Jan 12, 1998
 
</step></directions></recipe></recipeml>
