<?xml version="1.0" encoding="UTF-8"?>

<recipeml version="0.5">
  <recipe>
    <head>
      <title>Angkor Vegetable Soup</title>
      <categories>
        <cat>Soups</cat>
        <cat>Stews</cat></categories>
      <yield>6</yield></head>
    <ingredients>
      <ing>
        <amt>
          <qty>8</qty>
          <unit>cups</unit></amt>
        <item>Clear broth</item></ing>
      <ing>
        <amt>
          <qty>4</qty>
          <unit>cups</unit></amt>
        <item>Chopped vegetables, any</item></ing>
      <ing>
        <amt>
          <qty/>
          <unit/></amt>
        <item>Number, any kind</item></ing></ingredients>
    <directions>
      <step>  In a large pot bring the stock to a boil.  Add the vegetables and cook to
  desired degree of  firmness, and serve  immediately.  In several small
  dishes, serve any or all  of  the  following  for diners to add to their
  soup:
  
  ~Chopped fresh chiles (Serranos or Jalapeños work  fine) -Paper-thin slices
  of raw beef (the broth will cook them) -Minced raw shrimp or fish -Crabmeat
  ~Lime wedges -Fish sauce -Cilantro, basil and mint leaves -Dried shrimp
  ~Cracked black pepper -Chopped scallions -Bean sprouts -Roasted garlic
  
  Variation: Omit the vegetables and pour the broth over cooked rice noodles
  that have been dressed with the desired garnishes.
  
  Recipe By     : Richard Sterling
  
  From: Ladies Home Journal- August 1991
  
  File ftp://ftp.idiscover.co.uk/pub/food/mealmaster/recipes/mmdja006.zip
 
</step></directions></recipe></recipeml>
