<?xml version="1.0" encoding="UTF-8"?>

<recipeml version="0.5">
  <recipe>
    <head>
      <title>Anglaise Sauce</title>
      <categories>
        <cat>Sauces</cat>
        <cat>Desserts</cat></categories>
      <yield>1</yield></head>
    <ingredients>
      <ing>
        <amt>
          <qty>2</qty>
          <unit>cups</unit></amt>
        <item>Heavy cream</item></ing>
      <ing>
        <amt>
          <qty>1/2</qty>
          <unit>cups</unit></amt>
        <item>Sugar</item></ing>
      <ing>
        <amt>
          <qty>1</qty>
          <unit/></amt>
        <item>Vanilla bean; split and scraped</item></ing>
      <ing>
        <amt>
          <qty>5</qty>
          <unit/></amt>
        <item>Egg yolks</item></ing></ingredients>
    <directions>
      <step>  In a saucepan, over high heat, whisk the cream together with the sugar and
  vanilla bean. Bring to a simmer and remove from the heat. In a bowl beat
  the egg yolks until thick and frothy. Temper the egg yolks by stirring just
  1/4 cup of the sauce into the yolks, until incorporated. Turn the egg yolk
  mixture into the sauce and stir until thoroughly blended. Return the
  saucepan to low heat and cook 2 to 4 minutes, stirring often to prevent
  scorching. Remove from the heat. Strain through a fine mesh sieve.
  
  Recipe Source: EMERIL LIVE with Emeril Lagasse From the TV FOOD NETWORK -
  (Show # EM-1A62 broadcast 10-17-1997) Downloaded from their Web-Site -
  http://www.foodtv.com
  
  Formatted for MasterCook by Joe Comiskey, aka MR MAD - jpmd44a@prodigy.com
  ~or- MAD-SQUAD@prodigy.net
  
  11-08-1997
  
  Recipe by: Emeril Lagasse
 
</step></directions></recipe></recipeml>
