<?xml version="1.0" encoding="UTF-8"?>

<recipeml version="0.5">
  <recipe>
    <head>
      <title>Angle Food Desert</title>
      <categories>
        <cat>None</cat></categories>
      <yield>1</yield></head>
    <ingredients>
      <ing>
        <amt>
          <qty>1</qty>
          <unit/></amt>
        <item>Angle food cake; torn into chunks</item></ing>
      <ing>
        <amt>
          <qty>1</qty>
          <unit/></amt>
        <item>Container fresh strawberries, sliced</item></ing>
      <ing>
        <amt>
          <qty>1</qty>
          <unit/></amt>
        <item>Box (small) sugar free Jello white chocolate pudding mix</item></ing>
      <ing>
        <amt>
          <qty>1</qty>
          <unit>cup</unit></amt>
        <item>Milk (can be skim)</item></ing>
      <ing>
        <amt>
          <qty>1/2</qty>
          <unit>cups</unit></amt>
        <item>Sour cream (can be fat free)</item></ing>
      <ing>
        <amt>
          <qty>8</qty>
          <unit>ounces</unit></amt>
        <item>Cool Whip (can be fat free or light)</item></ing></ingredients>
    <directions>
      <step>  This is an angle food based desert that we have had at the end of our
  aerobics session. So we KNOW it can't be fattening, right?
  
  Mix the pudding with the milk, then mix in the sour cream. Fold in Cool
  Whip. Place 1/2 of the angel food chunks in the bottom of a bowl. Cover
  with 1/2 of the sliced strawberries. Cover strawberries with 1/2 pudding
  mix. Repeat with cake chunks, balance of strawberries and rest of pudding
  mix. Refrigerate for a couple of hours before serving. It is really good
  and I ate the whole bowl myself (over a weekend, that is.)
  
  Posted to TNT - Prodigy's Recipe Exchange Newsletter  by babbs2@juno.com on
  Jul 21, 1997
 
</step></directions></recipe></recipeml>
