<?xml version="1.0" encoding="UTF-8"?>

<recipeml version="0.5">
  <recipe>
    <head>
      <title>Angoor Ka Sherbet</title>
      <categories>
        <cat>Beverages</cat>
        <cat>Indian</cat>
        <cat>Fruits</cat></categories>
      <yield>6</yield></head>
    <ingredients>
      <ing>
        <amt>
          <qty>225</qty>
          <unit>grams</unit></amt>
        <item>Grapes, green, seedless</item></ing>
      <ing>
        <amt>
          <qty>3</qty>
          <unit>tablespoons</unit></amt>
        <item>Castor sugar; finely ground granulated sugar Pepper, ground</item></ing>
      <ing>
        <amt>
          <qty>1</qty>
          <unit>teaspoon</unit></amt>
        <item>Cumin seeds; roasted &amp; ground Salt</item></ing>
      <ing>
        <amt>
          <qty>2</qty>
          <unit>teaspoons</unit></amt>
        <item>Lemon juice Water, chilled, 750 ml</item></ing>
      <ing>
        <amt>
          <qty/>
          <unit/></amt>
        <item>Mint, fresh; few sprigs</item></ing></ingredients>
    <directions>
      <step>  Wash grapes and crush them throughly. Pour in water. Mix well. Strain
  through a sieve. Add all the seasonings. Mix well. Chill. Serve, garnished
  with mint leaves.
  
  MAKES: 6 large glasses SOURCE: _Rotis and Naans of India_ by Purobi Babbar,
  published in Bombay posted, not tested by Anne MacLellan
 
</step></directions></recipe></recipeml>
