<?xml version="1.0" encoding="UTF-8"?>

<recipeml version="0.5">
  <recipe>
    <head>
      <title>Baked Cranberry Squash</title>
      <categories>
        <cat>Vegetarian</cat>
        <cat>Vegetables</cat>
        <cat>Main dish</cat></categories>
      <yield>4</yield></head>
    <ingredients>
      <ing>
        <amt>
          <qty>2</qty>
          <unit>large</unit></amt>
        <item>Acorn squash, split length-</item></ing>
      <ing>
        <amt>
          <qty/>
          <unit/></amt>
        <item>Wise and seeded</item></ing>
      <ing>
        <amt>
          <qty>1</qty>
          <unit>cup</unit></amt>
        <item>Chopped pear (we substitued Apple)</item></ing>
      <ing>
        <amt>
          <qty>1/2</qty>
          <unit>cups</unit></amt>
        <item>Raw cranberries (fresh or</item></ing>
      <ing>
        <amt>
          <qty/>
          <unit/></amt>
        <item>Frozen)</item></ing>
      <ing>
        <amt>
          <qty>3</qty>
          <unit>tablespoons</unit></amt>
        <item>Undiluted orange juice</item></ing>
      <ing>
        <amt>
          <qty/>
          <unit/></amt>
        <item>Concentrate</item></ing>
      <ing>
        <amt>
          <qty>3</qty>
          <unit>tablespoons</unit></amt>
        <item>Honey or Maple Syrup</item></ing>
      <ing>
        <amt>
          <qty>1 1/2</qty>
          <unit>teaspoons</unit></amt>
        <item>Ground cinnamon</item></ing>
      <ing>
        <amt>
          <qty>1/2</qty>
          <unit>teaspoons</unit></amt>
        <item>Ground allspice</item></ing></ingredients>
    <directions>
      <step>  Preheat oven to 400 degrees. Place squash cut side up on foil-lined baking
  sheet. In a large bowl, combine pear, cranerries, orange juice concentrate,
  honey or syrup, cinnamon and allspice. Spoon mixture into squash cavities.
  Use any extra liquid to brush cut edges of squash. Bake 45 minutes to 1
  hour, or until squash is soft. Serve hot. Serves 4. Per Serving: 126
  calories; 3 g. protein; .5 g. fat; 4 mg carbohydrate; 0 cholesterol; 4 mg.
  sodium, 7 g. fiber From _Vegetarian Times_, November, 1992
  
  Posted to fatfree digest V96 #287
  
  Date:    Wed, 26 May 93 03:16:26 EDT
  
  From:    KEVWIL@delphi.com
 
</step></directions></recipe></recipeml>
