<?xml version="1.0" encoding="UTF-8"?>

<recipeml version="0.5">
  <recipe>
    <head>
      <title>Baked Custard (Diabetic)</title>
      <categories>
        <cat>Diabetic</cat>
        <cat>Desserts</cat></categories>
      <yield>1</yield></head>
    <ingredients>
      <ing>
        <amt>
          <qty>2 1/2</qty>
          <unit>cups</unit></amt>
        <item>Low fat milk </item></ing>
      <ing>
        <amt>
          <qty>1/4</qty>
          <unit>teaspoons</unit></amt>
        <item>Salt</item></ing>
      <ing>
        <amt>
          <qty>3</qty>
          <unit/></amt>
        <item>Eggs</item></ing>
      <ing>
        <amt>
          <qty>3</qty>
          <unit>tablespoons</unit></amt>
        <item>Granulated sugar replacement</item></ing>
      <ing>
        <amt>
          <qty>1</qty>
          <unit>teaspoon</unit></amt>
        <item>Vanilla nutmeg</item></ing></ingredients>
    <directions>
      <step>   Combine milk, sugar replacement, salt, vanilla and eggs in large
  bowl. Beat to blend well.  Pour into six 1/2 cup individual baking
  dishes; sprinkle with nutmeg. Set cups in large baking pan. Add 1
  inch of water to pan. Bake custard at 350 degrees for 45 min. or
  until knife inserted in center comes out clean.
  
  From: Fred Mueller                    Date: 09-15-93
  
  File ftp://ftp.idiscover.co.uk/pub/food/mealmaster/recipes/diabetic.zip
 
</step></directions></recipe></recipeml>
