<?xml version="1.0" encoding="UTF-8"?>

<recipeml version="0.5">
  <recipe>
    <head>
      <title>Baked Fig Pudding</title>
      <categories>
        <cat>None</cat></categories>
      <yield>14</yield></head>
    <ingredients>
      <ing-div>
        <title>BEAT UNTIL SOFT</title>
        <ing>
          <amt>
            <qty>1/2</qty>
            <unit>cups</unit></amt>
          <item>Butter</item></ing></ing-div>
      <ing-div>
        <title>ADD AND BEAT UNTILL FLUFFY</title>
        <ing>
          <amt>
            <qty>2</qty>
            <unit/></amt>
          <item>Eggs</item></ing>
        <ing>
          <amt>
            <qty>1</qty>
            <unit>cup</unit></amt>
          <item>Molasses</item></ing></ing-div>
      <ing-div>
        <title>ADD</title>
        <ing>
          <amt>
            <qty>2</qty>
            <unit>cups</unit></amt>
          <item>Finely chopped figs</item></ing>
        <ing>
          <amt>
            <qty>1/2</qty>
            <unit>teaspoons</unit></amt>
          <item>Grated lemon rind</item></ing>
        <ing>
          <amt>
            <qty>1</qty>
            <unit>cup</unit></amt>
          <item>Buttermilk</item></ing>
        <ing>
          <amt>
            <qty>1/2</qty>
            <unit>cups</unit></amt>
          <item>Broken black walnut meats; (optional)</item></ing></ing-div>
      <ing-div>
        <title>SIFT BEFORE MEASURING</title>
        <ing>
          <amt>
            <qty>2 1/2</qty>
            <unit>cups</unit></amt>
          <item>All-purpose flour</item></ing></ing-div>
      <ing-div>
        <title>RESIFT WITH</title>
        <ing>
          <amt>
            <qty>1/2</qty>
            <unit>teaspoons</unit></amt>
          <item>Soda</item></ing>
        <ing>
          <amt>
            <qty>2</qty>
            <unit>teaspoons</unit></amt>
          <item>Baking powder</item></ing>
        <ing>
          <amt>
            <qty>1</qty>
            <unit>teaspoon</unit></amt>
          <item>Salt</item></ing>
        <ing>
          <amt>
            <qty>1</qty>
            <unit>teaspoon</unit></amt>
          <item>Cinnamon</item></ing>
        <ing>
          <amt>
            <qty>1/2</qty>
            <unit>teaspoons</unit></amt>
          <item>Nutmeg</item></ing></ing-div></ingredients>
    <directions>
      <step>  Source: Joy of Cooking Irma S. Rombauer - Marion Rombauer Becker
  
  Preheat oven to 325
  
  One teaspoon ginger may be substitued for the cinnamon and nutmeg. Stir the
  sifted ingredients into the pudding mixture. Bake in a greased 9-inch tube
  pan for about 1 hour. Serve hot with: Brown Sugar Hard Sauce, Sabayon Sauce
  or Hot Wine Sauce
  
  Posted to JEWISH-FOOD digest V97 #329 by "Wajnberg"
  &lt;wajnberg@ns1.centroin.com.br&gt; on Dec 19, 1997
 
</step></directions></recipe></recipeml>
