<?xml version="1.0" encoding="UTF-8"?>

<recipeml version="0.5">
  <recipe>
    <head>
      <title>Baked Custard</title>
      <categories>
        <cat>None</cat></categories>
      <yield>1</yield></head>
    <ingredients>
      <ing>
        <amt>
          <qty>4</qty>
          <unit/></amt>
        <item>Eggs; slightly beaten</item></ing>
      <ing>
        <amt>
          <qty>1/2</qty>
          <unit>cups</unit></amt>
        <item>Sugar</item></ing>
      <ing>
        <amt>
          <qty>3</qty>
          <unit>cups</unit></amt>
        <item>Milk</item></ing>
      <ing>
        <amt>
          <qty>1</qty>
          <unit>teaspoon</unit></amt>
        <item>Vanilla</item></ing>
      <ing>
        <amt>
          <qty/>
          <unit/></amt>
        <item>Sprinkles of Nutmeg</item></ing></ingredients>
    <directions>
      <step>  Mix all ingredients together, pour into 1qt casserole or custard dish.
  Sprinkle with Nutmeg. Set baking dish into pan of water. Bake at 425' for
  45 minutes. Let cool (or eat warm) Refidgerate.
  
  Posted to Bakery-Shoppe Digest V1 #458 by R &amp; B Stambek
  &lt;rstambec@centuryinter.net&gt; on Dec 17, 1997
 
</step></directions></recipe></recipeml>
