<?xml version="1.0" encoding="UTF-8"?>

<recipeml version="0.5">
  <recipe>
    <head>
      <title>Baked Eggplant Slices</title>
      <categories>
        <cat>Vegan</cat>
        <cat>Low fat</cat>
        <cat>Sandwich</cat></categories>
      <yield>4</yield></head>
    <ingredients>
      <ing-div>
        <title>INGREDIENTS</title>
        <ing>
          <amt>
            <qty>1 1/2</qty>
            <unit>pounds</unit></amt>
          <item>Eggplant, unpeeled, cut into</item></ing>
        <ing>
          <amt>
            <qty/>
            <unit/></amt>
          <item>About 12 slices</item></ing>
        <ing>
          <amt>
            <qty>14</qty>
            <unit>ounces</unit></amt>
          <item>Spaghetti sauce, low-fat</item></ing></ing-div></ingredients>
    <directions>
      <step>   DIRECTIONS: Arrange eggplant slices on a baking sheet coated with
  vegetable-oil spray.
    Place about one tablespoonful of spaghetti sauce on each slice. With the
  back of a spoon, spread sauce almost to the edge of each slice. (Optional:
  Sprinkle with your favorite herbs and spices). Bake at 350 for about 30-35
  minutes.  Eggplant slices are done when they are tender and can be pierced
  easily with a fork.
   Use them as a sandwich filling, or serve them as a side dish or over rice
  or pasta as an entree.
  
   Per serving:  74 calories, 2.4 g. protein, 14 g.
   carb., 1 g. fat (12%) Vegetarian Voice - 19-4
  
  From Gemini's MASSIVE MealMaster collection at www.synapse.com/~gemini
 
</step></directions></recipe></recipeml>
