<?xml version="1.0" encoding="UTF-8"?>

<recipeml version="0.5">
  <recipe>
    <head>
      <title>Baked Eggs with Mushrooms and Potatoes</title>
      <categories>
        <cat>Breakfast/b</cat>
        <cat>Cheese</cat>
        <cat>Eggs</cat>
        <cat>Main dishes</cat>
        <cat>Mushrooms</cat></categories>
      <yield>6</yield></head>
    <ingredients>
      <ing>
        <amt>
          <qty>1/4</qty>
          <unit>cups</unit></amt>
        <item>Butter; (1/2 stick)</item></ing>
      <ing>
        <amt>
          <qty>3</qty>
          <unit>small</unit></amt>
        <item>Red potatoes; thinly sliced</item></ing>
      <ing>
        <amt>
          <qty>1/2</qty>
          <unit>pounds</unit></amt>
        <item>Fresh mushrooms; wiped clean, sliced</item></ing>
      <ing>
        <amt>
          <qty>1</qty>
          <unit>small</unit></amt>
        <item>Yellow onion; sliced</item></ing>
      <ing>
        <amt>
          <qty>6</qty>
          <unit>large</unit></amt>
        <item>Eggs; at room temp./separ</item></ing>
      <ing>
        <amt>
          <qty>1/2</qty>
          <unit>cups</unit></amt>
        <item>Half-and-half</item></ing>
      <ing>
        <amt>
          <qty>1</qty>
          <unit>pinch</unit></amt>
        <item>Cayenne pepper</item></ing>
      <ing>
        <amt>
          <qty/>
          <unit/></amt>
        <item>Salt to taste</item></ing>
      <ing>
        <amt>
          <qty>1</qty>
          <unit/></amt>
        <item>Green pepper; seeded, chopped</item></ing>
      <ing>
        <amt>
          <qty>1/2</qty>
          <unit>cups</unit></amt>
        <item>Chopped green onions</item></ing>
      <ing>
        <amt>
          <qty>1</qty>
          <unit>cup</unit></amt>
        <item>Shredded sharp Cheddar cheese</item></ing>
      <ing>
        <amt>
          <qty>3</qty>
          <unit>tablespoons</unit></amt>
        <item>Chopped fresh parsley</item></ing></ingredients>
    <directions>
      <step>  This recipe for an egg casserole was contributed by Irene Ulanov, of
  Northbrook, Illinois. 1. Melt butter in large skillet over medium heat. Add
  potatoes, mushrooms and yellow onion. Saute until potatoes are
  crisp-tender, about 10 minutes. Remove from heat; set aside. 2. Heat oven
  to 350 degrees. Mix egg yolks, half-and-half, cayenne and salt in small
  bowl. Beat egg whites until stiff but not dry. 3. Spread potato mixture
  evenly over bottom of a buttered 13 by 9-inch baking dish. Pour egg yolk
  mixture over potatoes. Spread green pepper, green onions and 3/4 cup of the
  cheese over egg yolk mixture. Spoon beaten egg whites evenly over all.
  Sprinkle with remaining cheese. 4. Bake until puffed and top is golden,
  about 20 minutes. Serve immediately garnished with parsley. Yield: Four to
  six servings Preparation time: 30 minutes Cooking time: 40 minutes
  Copyright Chicago Tribune 1989 MC formatting by bobbi744@sojourn.com
  
  Recipe by: Chicago Tribune, '89
  
  Posted to MC-Recipe Digest V1 #810 by Roberta Banghart
  &lt;bobbi744@sojourn.com&gt; on Sep 26, 1997
 
</step></directions></recipe></recipeml>
