<?xml version="1.0" encoding="UTF-8"?>

<recipeml version="0.5">
  <recipe>
    <head>
      <title>Baked Cranberry Apples</title>
      <categories>
        <cat>Desserts</cat>
        <cat>Fruits</cat></categories>
      <yield>8</yield></head>
    <ingredients>
      <ing>
        <amt>
          <qty>8</qty>
          <unit>large</unit></amt>
        <item>Tart apples</item></ing>
      <ing>
        <amt>
          <qty>1</qty>
          <unit/></amt>
        <item>Orange</item></ing>
      <ing>
        <amt>
          <qty>1/2</qty>
          <unit>cups</unit></amt>
        <item>Pecans; toasted</item></ing>
      <ing>
        <amt>
          <qty>4</qty>
          <unit>tablespoons</unit></amt>
        <item>Butter; melted</item></ing>
      <ing>
        <amt>
          <qty>1</qty>
          <unit>cup</unit></amt>
        <item>Cranberries</item></ing>
      <ing>
        <amt>
          <qty>1/3</qty>
          <unit>cups</unit></amt>
        <item>Maple syrup or honey</item></ing>
      <ing>
        <amt>
          <qty>1</qty>
          <unit>teaspoon</unit></amt>
        <item>Ground cinnamon</item></ing></ingredients>
    <directions>
      <step>  1. Preheat oven to 350 degrees F. Slice tops from apples. Carefully remove
  cores, taking care not to cut through to bottoms.
  2. Peel skin from orange, leaving the bitter white membrane. Dice orange
  peel. Juice orange. Discard membrane. Coarsely chop pecans. Drizzle 2
  tablespoons of the melted butter in the bottom of a 9- by 12-inch baking
  dish. In a small mixing bowl combine cranberries, orange peel, orange
  juice, pecans, remaining butter, maple syrup, and cinnamon.
  3. Place 1/8 of the mixture into each cored apple. Put apples into baking
  dish. Cover pan with aluminum foil. Bake for 20 minutes. Remove foil and
  bake until a knife inserted in the side of apples meets no resistance (5
  minutes). Apples will be tender but should still hold their shape.
  Recipe By     : the California Culinary Academy
  
  Posted to EAT-L Digest  5 October 96
  
  Date:    Sun, 6 Oct 1996 18:00:42 -0300
  
  From:    Betsy Burtis &lt;ebburtis@IX.NETCOM.COM&gt;
 
</step></directions></recipe></recipeml>
