<?xml version="1.0" encoding="UTF-8"?>

<recipeml version="0.5">
  <recipe>
    <head>
      <title>Baked Ditali with Sweet and Hot Italian Sausages</title>
      <categories>
        <cat>None</cat></categories>
      <yield>1</yield></head>
    <ingredients>
      <ing>
        <amt>
          <qty>1 1/2</qty>
          <unit>pounds</unit></amt>
        <item>Ditali; boiled until barely chewable and drained</item></ing>
      <ing>
        <amt>
          <qty>1</qty>
          <unit>pound</unit></amt>
        <item>Sweet Italian sausages</item></ing>
      <ing>
        <amt>
          <qty>1</qty>
          <unit>pound</unit></amt>
        <item>Hot Italian sausages</item></ing>
      <ing>
        <amt>
          <qty>1</qty>
          <unit>tablespoon</unit></amt>
        <item>Olive oil</item></ing>
      <ing>
        <amt>
          <qty>4</qty>
          <unit>cups</unit></amt>
        <item>Tomato sauce or pasta sauce</item></ing>
      <ing>
        <amt>
          <qty>1 1/2</qty>
          <unit>cups</unit></amt>
        <item>Ricotta cheese</item></ing>
      <ing>
        <amt>
          <qty>1</qty>
          <unit>cup</unit></amt>
        <item>Freshly grated Parmesan cheese</item></ing></ingredients>
    <directions>
      <step>  From: Bulldogfla &lt;Bulldogfla@aol.com&gt;
  
  In a saucepan, heat the oil and brown the sausages evenly. remove the
  sausages; cut them into thin slices. pour the oil out of the pan and
  discard it, but leave the brown residue. Add the tomato sauce to the pan
  pan; add the sausage slices. Stir, cover and simmer for 20 minutes. Butter
  a baking dish and spoon a layer of the boiled, drained ditali evenly across
  the bottom; cover with a layer of sausage slices in the tomato sauce. Then
  spread with a layer of ricotta and sprinkle it with Parmesan cheese. Repeat
  the layering until all of the pasta, sausages and cheese are used, ending
  with a layer of sauce and cheese. Bake uncovered, in a preheated 350 degree
  oven for 25 minutes, or until the sauce is bubbling. serve in warmed
  individual plates. Serves 6
  
  Posted to recipelu-digest by jeryder@juno.com on Mar 10, 1998
 
</step></directions></recipe></recipeml>
