<?xml version="1.0" encoding="UTF-8"?>

<recipeml version="0.5">
  <recipe>
    <head>
      <title>Baked Crab Stuffed Lobster</title>
      <categories>
        <cat>Seafood</cat>
        <cat>Maindish</cat></categories>
      <yield>1</yield></head>
    <ingredients>
      <ing>
        <amt>
          <qty>8</qty>
          <unit/></amt>
        <item>Maine lobsters; 1-1/4 to 1 1/2 Lb Each</item></ing>
      <ing>
        <amt>
          <qty>1</qty>
          <unit>pound</unit></amt>
        <item>Crab meat</item></ing>
      <ing>
        <amt>
          <qty>1/2</qty>
          <unit>pounds</unit></amt>
        <item>Butter; melted</item></ing>
      <ing>
        <amt>
          <qty>2</qty>
          <unit>cups</unit></amt>
        <item>Dried bread crumbs; ground fine</item></ing>
      <ing>
        <amt>
          <qty>2</qty>
          <unit>teaspoons</unit></amt>
        <item>Worcestershire sauce</item></ing>
      <ing>
        <amt>
          <qty>1</qty>
          <unit>pinch</unit></amt>
        <item>Salt</item></ing>
      <ing>
        <amt>
          <qty/>
          <unit/></amt>
        <item>Tomalley and Coral</item></ing></ingredients>
    <directions>
      <step>  Split a live lobster: Spread flat. Using a teaspoon, remove the tomalley
  (green stuff) and coral (pink stuff, roe) and reserve. Remove stomach
  (under the head) and devein. Remove tail meat and chop coarsely. Reserve.
  Leave claws intact. Prepare all lobsters as above. Mix bread crumbs,
  butter, salt, and Worcestershire sauce together. Add the tail meat, crab,
  tomalley, and coral, and toss to mix well. Fill the cavity of each lobster
  with the stuffing. Place in a foil lined baking pan, alternating head and
  tail to fit better. Bring the edge of foil up over the tail of each
  lobster. Press so as to secure end of tail to pan so the tails do not curl
  up as they bake.Bake at 325f for 50 minutes, more or less depending on
  size. Serve straight from the oven.
  
  Courtesy of:
  
  Kathleen's Recipe Swap Page http://www.ilos.net/~answers/recipe
  Posted to MM-Recipes Digest V4 #271 by answers@ilos.net on Oct 15, 1997
 
</step></directions></recipe></recipeml>
