<?xml version="1.0" encoding="UTF-8"?>

<recipeml version="0.5">
  <recipe>
    <head>
      <title>Baked Filet of Sole</title>
      <categories>
        <cat>Fish</cat></categories>
      <yield>6</yield></head>
    <ingredients>
      <ing>
        <amt>
          <qty>1</qty>
          <unit/></amt>
        <item>Jar sliced mushrooms; (4oz)</item></ing>
      <ing>
        <amt>
          <qty>1/2</qty>
          <unit>cups</unit></amt>
        <item>Pecan pieces</item></ing>
      <ing>
        <amt>
          <qty>3</qty>
          <unit>tablespoons</unit></amt>
        <item>Butter; melted</item></ing>
      <ing>
        <amt>
          <qty/>
          <unit/></amt>
        <item>Salt and pepper</item></ing>
      <ing>
        <amt>
          <qty>5 1/2</qty>
          <unit>pounds</unit></amt>
        <item>Sole filets</item></ing>
      <ing>
        <amt>
          <qty>1</qty>
          <unit/></amt>
        <item>Egg; well beaten</item></ing>
      <ing>
        <amt>
          <qty>1/4</qty>
          <unit>cups</unit></amt>
        <item>Milk</item></ing>
      <ing>
        <amt>
          <qty>1/2</qty>
          <unit>teaspoons</unit></amt>
        <item>Salt</item></ing>
      <ing>
        <amt>
          <qty>3/4</qty>
          <unit>cups</unit></amt>
        <item>Fine bread crumbs</item></ing>
      <ing>
        <amt>
          <qty/>
          <unit/></amt>
        <item>Parsley and lemon slices</item></ing></ingredients>
    <directions>
      <step>  Saute mushrooms in melted butter until mushrooms are lightly browned. Stir
  in chopped pecans; sprinkle lightly with salt and pepper. Spread mixture on
  filets. Roll tightly and skewer with toothpicks. Combine eggs, milk and
  salt. Dip fish in egg mixture then roll in bread crumbs. Place in well
  greased 8" square baking dish. Bake in preheated 400 degree oven about 20
  minutes or until fish flakes easily. 4-6 serv. Garnish with parsley and
  lemon slices.
  
  NOTES : Creative Cooking With Pecans
  Posted to recipelu-digest Volume 01 Number 388 by "lbrandau"
  &lt;lbrandau@intrnet.net&gt; on Dec 20, 1997
 
</step></directions></recipe></recipeml>
