<?xml version="1.0" encoding="UTF-8"?>

<recipeml version="0.5">
  <recipe>
    <head>
      <title>Baked Ditalini with 3 Cheeses</title>
      <categories>
        <cat>Casseroles</cat></categories>
      <yield>4</yield></head>
    <ingredients>
      <ing>
        <amt>
          <qty>8</qty>
          <unit>ounces</unit></amt>
        <item>Ditalini [ or other small</item></ing>
      <ing>
        <amt>
          <qty/>
          <unit/></amt>
        <item>Pasta ]</item></ing>
      <ing>
        <amt>
          <qty>1</qty>
          <unit>cup</unit></amt>
        <item>Milk</item></ing>
      <ing>
        <amt>
          <qty>3/4</qty>
          <unit>cups</unit></amt>
        <item>Ricotta cheese, part skim</item></ing>
      <ing>
        <amt>
          <qty/>
          <unit/></amt>
        <item>Milk</item></ing>
      <ing>
        <amt>
          <qty>1/2</qty>
          <unit>cups</unit></amt>
        <item>Sharp cheddar cheese --</item></ing>
      <ing>
        <amt>
          <qty/>
          <unit/></amt>
        <item>Grated</item></ing>
      <ing>
        <amt>
          <qty>1/2</qty>
          <unit>cups</unit></amt>
        <item>Parmesan cheese</item></ing>
      <ing>
        <amt>
          <qty>1/4</qty>
          <unit>cups</unit></amt>
        <item>Parsley -- chopped</item></ing>
      <ing>
        <amt>
          <qty/>
          <unit/></amt>
        <item>Salt and pepper</item></ing>
      <ing>
        <amt>
          <qty>1/4</qty>
          <unit>cups</unit></amt>
        <item>Dry bread crumbs</item></ing>
      <ing>
        <amt>
          <qty>2</qty>
          <unit>tablespoons</unit></amt>
        <item>Margarine -- melted</item></ing></ingredients>
    <directions>
      <step>  Cook and drain pasta, rinse in cold water. Meanwhile in blender, combine
  ricotta, and milk. Blend til smooth. Transfer to small bowl, stir in
  cheddar and 1/3 cup of the parmesan,parsley,salt and pepper, til well
  mixed. When pasta is done, stir into cheese, mix well, add to a 10" round
  casserole dish. Mix bread crumbs,marg, and 1/4 cup parmesan. Sprinkle
  evenly over pasta. Bake at 375 for about 35  minutes, til nice and brown on
  top.
  
  Note; a cup of spaghetti sauce may make it a little better. And some- thing
  the kids will eat. Stephen likes it the way it is.
  
  Recipe By     :
  
  File ftp://ftp.idiscover.co.uk/pub/food/mealmaster/recipes/mmdja006.zip
 
</step></directions></recipe></recipeml>
