<?xml version="1.0" encoding="UTF-8"?>

<recipeml version="0.5">
  <recipe>
    <head>
      <title>Baked Corn Empanaditas</title>
      <categories>
        <cat>Mexican</cat>
        <cat>Posted</cat></categories>
      <yield>4</yield></head>
    <ingredients>
      <ing-div>
        <title>DOUGH</title>
        <ing>
          <amt>
            <qty>4</qty>
            <unit>cups</unit></amt>
          <item>Finely ground deep yellow masa harina</item></ing>
        <ing>
          <amt>
            <qty>2 3/4</qty>
            <unit>cups</unit></amt>
          <item>Cold water</item></ing>
        <ing>
          <amt>
            <qty>1</qty>
            <unit>teaspoon</unit></amt>
          <item>Salt</item></ing></ing-div>
      <ing-div>
        <title>STUFFING</title>
        <ing>
          <amt>
            <qty>3</qty>
            <unit>tablespoons</unit></amt>
          <item>Olive oil</item></ing>
        <ing>
          <amt>
            <qty>1</qty>
            <unit>medium</unit></amt>
          <item>Onion; finely chopped</item></ing>
        <ing>
          <amt>
            <qty>1</qty>
            <unit/></amt>
          <item>Clove garlic; minced</item></ing>
        <ing>
          <amt>
            <qty>1</qty>
            <unit/></amt>
          <item>Jalapeno pepper; seeded and finely chopped</item></ing>
        <ing>
          <amt>
            <qty>1</qty>
            <unit>teaspoon</unit></amt>
          <item>Ground cumin</item></ing>
        <ing>
          <amt>
            <qty>1</qty>
            <unit>teaspoon</unit></amt>
          <item>Coarse salt</item></ing>
        <ing>
          <amt>
            <qty>1/2</qty>
            <unit>teaspoons</unit></amt>
          <item>Freshly ground black pepper</item></ing>
        <ing>
          <amt>
            <qty>1</qty>
            <unit>large</unit></amt>
          <item>Tomato; peeled, seeded and finely diced</item></ing>
        <ing>
          <amt>
            <qty>1/2</qty>
            <unit>pounds</unit></amt>
          <item>Potatoes; cooked and cut into 1/4inch dice</item></ing>
        <ing>
          <amt>
            <qty>2</qty>
            <unit>cups</unit></amt>
          <item>Fresh corn kernels; (about 5 ears)</item></ing>
        <ing>
          <amt>
            <qty>1/2</qty>
            <unit>bunches</unit></amt>
          <item>Chopped Italian parsley</item></ing>
        <ing>
          <amt>
            <qty>1/2</qty>
            <unit>cups</unit></amt>
          <item>Grated Anejo cheese</item></ing></ing-div>
      <ing-div>
        <title>GLAZE</title>
        <ing>
          <amt>
            <qty>1</qty>
            <unit/></amt>
          <item>Egg white</item></ing>
        <ing>
          <amt>
            <qty>2</qty>
            <unit>tablespoons</unit></amt>
          <item>Water</item></ing>
        <ing>
          <amt>
            <qty>1/2</qty>
            <unit>teaspoons</unit></amt>
          <item>Coarse salt</item></ing></ing-div></ingredients>
    <directions>
      <step>  Combine the masa harina, water and salt in a large mixing bowl and stir
  until smooth. The dough should be slightly sticky and form a ball when
  pressed together. To test, flatten a small ball of dough between your
  palms. If the edges crack, add water to the dough, a tablespoon at a time,
  until a test piece does not crack. Cover with a damp towel until ready to
  use.
  
  Heat the oil in a large skillet over moderate heat. Add the onion and sautJ
  until soft, 3 to 5 minutes. Ad the garlic, jalapeno, cumin, salt and pepper
  and sautJ 1 minute longer to release the aromas. Add the tomato, potatoes
  and corn and cook, stirring occasionally, until the liquid from the
  tomatoes is absorbed, 2 to 3 minutes. Remove from the heat, stir in the
  parsley and cheese and correct the seasoning. Set aside to cool.
  
  Divide the dough into 24 golfball size pieces, moistening your hands with
  water to prevent sticking if necessary. Flatten balls to 3 inch disks.
  Place a heaping teaspoon of stuffing on the empanada and close by pressing
  the edges together with your fingers. Shape into a half moon. Repeat until
  all the halfmoons are formed. Preheat the oven to 375 degrees F. Line a
  baking sheet with parchment paper and arrange the empanaditas on top. Brush
  with the glaze and prick with a fork to make steam holes. Bake for about
  2530 minutes, or until golden. Remove and transfer to a rack to cool
  slightly. Serve warm.
  
  Recipe by: TWO HOT TAMALES
  
  Posted to MC-Recipe Digest V1 #1009 by Meg Antczak
  &lt;meginny@frontiernet.net&gt; on Jan 14, 1998
 
</step></directions></recipe></recipeml>
