<?xml version="1.0" encoding="UTF-8"?>

<recipeml version="0.5">
  <recipe>
    <head>
      <title>Baked Fish (Psito Psari)</title>
      <categories>
        <cat>Seafood</cat>
        <cat>Main dish</cat>
        <cat>Ethnic</cat></categories>
      <yield>4</yield></head>
    <ingredients>
      <ing>
        <amt>
          <qty/>
          <unit/></amt>
        <item>MARY SUE DAY</item></ing>
      <ing>
        <amt>
          <qty>1</qty>
          <unit/></amt>
        <item>Whole grouper -- about 3 lbs</item></ing>
      <ing>
        <amt>
          <qty>3/4</qty>
          <unit>cups</unit></amt>
        <item>Olive oil</item></ing>
      <ing>
        <amt>
          <qty/>
          <unit/></amt>
        <item>Juice of 2 lemons</item></ing>
      <ing>
        <amt>
          <qty>1</qty>
          <unit/></amt>
        <item>Lemon -- sliced</item></ing>
      <ing>
        <amt>
          <qty>3</qty>
          <unit>large</unit></amt>
        <item>Onions -- finely chopped</item></ing>
      <ing>
        <amt>
          <qty>20</qty>
          <unit>mililiters</unit></amt>
        <item>Garlic -- finely chopped water</item></ing>
      <ing>
        <amt>
          <qty/>
          <unit/></amt>
        <item>Salt &amp; pepper to taste</item></ing>
      <ing>
        <amt>
          <qty/>
          <unit/></amt>
        <item>STUFFING-----</item></ing>
      <ing>
        <amt>
          <qty>1/2</qty>
          <unit>teaspoons</unit></amt>
        <item>Parsley -- chopped</item></ing>
      <ing>
        <amt>
          <qty>1/2</qty>
          <unit>teaspoons</unit></amt>
        <item>Oregano.</item></ing>
      <ing>
        <amt>
          <qty/>
          <unit/></amt>
        <item>(RBCK34E)</item></ing></ingredients>
    <directions>
      <step>  Clean fish &amp; slit down center. Sprinkle inside w/lemon juice. Salt &amp; pepper
  and let stand 20 min. Drain &amp; place in baking dish &amp; stuff w/parsley &amp;
  oregano. Saute onions &amp; garlic lightly 3 min. in olive oil. Pour over fish.
  Arrange sliced lemon on top of fish, add water &amp; bake in oven 375F. for 45
  ~ 50 min. or until fish is tender. Baste occasionally w/pan juice.
  
  Formatted by Elaine Radis BGMB90B; October, 1993 Posted April, 1993
  
  Recipe By     :
  
  File ftp://ftp.idiscover.co.uk/pub/food/mealmaster/recipes/mmdja006.zip
 
</step></directions></recipe></recipeml>
