<?xml version="1.0" encoding="UTF-8"?>

<recipeml version="0.5">
  <recipe>
    <head>
      <title>Baked Eggplant Casseroles</title>
      <categories>
        <cat>None</cat></categories>
      <yield>4</yield></head>
    <ingredients>
      <ing>
        <amt>
          <qty>1/4</qty>
          <unit>cups</unit></amt>
        <item>All-purpose flour</item></ing>
      <ing>
        <amt>
          <qty>1/4</qty>
          <unit>teaspoons</unit></amt>
        <item>Salt</item></ing>
      <ing>
        <amt>
          <qty>1/8</qty>
          <unit>teaspoons</unit></amt>
        <item>Pepper</item></ing>
      <ing>
        <amt>
          <qty>1</qty>
          <unit>medium</unit></amt>
        <item>Eggplant; 1 pound</item></ing>
      <ing>
        <amt>
          <qty>15</qty>
          <unit>ounces</unit></amt>
        <item>Spaghetti sauce</item></ing>
      <ing>
        <amt>
          <qty>8</qty>
          <unit>ounces</unit></amt>
        <item>Ricotta cheese</item></ing>
      <ing>
        <amt>
          <qty>4</qty>
          <unit>ounces</unit></amt>
        <item>Mozzarella cheese; coarsely shredded</item></ing></ingredients>
    <directions>
      <step>  1. On waxed paper, combine flour, salt, and pepper. Cut eggplant into
  1/4-inch-thick slices; dip eggplant slices into flour mixture to coat.
  
  2. Preheat oven to 350 degrees. In 12-inch skillet over medium-high heat,
  in 1/4 cup hot salad oil, cook eggplant, a few slices at a time, until
  tender and browned on both sides, removing slices to plate as they brown
  and adding more oil as needed.
  
  3. Into four 16-ounce oven-safe shallow casseroles or ramekins, spoon half
  of spaghetti sauce; arrange half of eggplant slices on sauce. Top with
  ricotta cheese, remaining eggplant slices, then mozzarella cheese and
  remaining spaghetti sauce. Bake 20 minutes or until cheese melts and
  mixture is hot and bubbly.
  
  Recipe by: Good Housekeeping Recipes For 1981
  
  Posted to MC-Recipe Digest by "Marie Smith" &lt;crafty1@earthlink.net&gt; on May
  2, 1998
 
</step></directions></recipe></recipeml>
