<?xml version="1.0" encoding="UTF-8"?>

<recipeml version="0.5">
  <recipe>
    <head>
      <title>Baked Ducks</title>
      <categories>
        <cat>Game</cat></categories>
      <yield>8</yield></head>
    <ingredients>
      <ing>
        <amt>
          <qty>4</qty>
          <unit/></amt>
        <item>Ducks</item></ing>
      <ing>
        <amt>
          <qty>1</qty>
          <unit/></amt>
        <item>Orange</item></ing>
      <ing>
        <amt>
          <qty>1</qty>
          <unit/></amt>
        <item>Apple</item></ing>
      <ing>
        <amt>
          <qty>1</qty>
          <unit/></amt>
        <item>Onion</item></ing>
      <ing>
        <amt>
          <qty>1/2</qty>
          <unit>cups</unit></amt>
        <item>Melted butter</item></ing>
      <ing>
        <amt>
          <qty>1/2</qty>
          <unit>cups</unit></amt>
        <item>Cooking wine</item></ing></ingredients>
    <directions>
      <step>  Salt and pepper ducks. Stuff each with 1/4 orange, 1/4 apple and 1/4 onion;
  place in roasting pan. Combine butter and wine. Pour over ducks. Bake at
  350 for 2 to 2-1/2 hours or until tender, basting every 15 minutes. Serve
  with wild rice, a vegetable and an orange-flavored congealed salad.
  
  MRS ZACK LOLLAR (RENA BELLE)
  
  MARVELL, AR
  
  From the book &lt;High Cotton Cookin'&gt;, Marvell Academy Mothers Assn, Marvell,
  AR  72366, ISBN 0-918544-14-9, downloaded from Glen's MM Recipe Archive,
  http://www.erols.com/hosey.
 
</step></directions></recipe></recipeml>
