<?xml version="1.0" encoding="UTF-8"?>

<recipeml version="0.5">
  <recipe>
    <head>
      <title>Baked Empanadas 2</title>
      <categories>
        <cat>96feb</cat>
        <cat>Beef</cat>
        <cat>Side dish</cat></categories>
      <yield>20</yield></head>
    <ingredients>
      <ing-div>
        <title>FILLING</title>
        <ing>
          <amt>
            <qty>2</qty>
            <unit>tablespoons</unit></amt>
          <item>Vegetable oil</item></ing>
        <ing>
          <amt>
            <qty>1</qty>
            <unit>tablespoon</unit></amt>
          <item>Ground paprika</item></ing>
        <ing>
          <amt>
            <qty>4</qty>
            <unit/></amt>
          <item>Onions; finely sliced</item></ing>
        <ing>
          <amt>
            <qty>1/2</qty>
            <unit>teaspoons</unit></amt>
          <item>Ground cumin</item></ing>
        <ing>
          <amt>
            <qty>1/2</qty>
            <unit>teaspoons</unit></amt>
          <item>Dried oregano</item></ing>
        <ing>
          <amt>
            <qty>1/2</qty>
            <unit>teaspoons</unit></amt>
          <item>Ground red New Mexican chile</item></ing>
        <ing>
          <amt>
            <qty>1</qty>
            <unit>teaspoon</unit></amt>
          <item>Salt</item></ing>
        <ing>
          <amt>
            <qty>1</qty>
            <unit>pound</unit></amt>
          <item>Ground beef</item></ing>
        <ing>
          <amt>
            <qty>3</qty>
            <unit/></amt>
          <item>Hard-cooked eggs; sliced</item></ing>
        <ing>
          <amt>
            <qty>20</qty>
            <unit/></amt>
          <item>Black olives; pitted</item></ing>
        <ing>
          <amt>
            <qty>40</qty>
            <unit>large</unit></amt>
          <item>Raisins</item></ing></ing-div>
      <ing-div>
        <title>CRUST</title>
        <ing>
          <amt>
            <qty>4</qty>
            <unit>cups</unit></amt>
          <item>Flour</item></ing>
        <ing>
          <amt>
            <qty>1</qty>
            <unit>tablespoon</unit></amt>
          <item>Baking powder</item></ing>
        <ing>
          <amt>
            <qty>1/2</qty>
            <unit>teaspoons</unit></amt>
          <item>Salt</item></ing>
        <ing>
          <amt>
            <qty>1</qty>
            <unit/></amt>
          <item>Egg yolk</item></ing>
        <ing>
          <amt>
            <qty>1</qty>
            <unit/></amt>
          <item>Egg; beaten well</item></ing>
        <ing>
          <amt>
            <qty>1/2</qty>
            <unit>cups</unit></amt>
          <item>Warm milk</item></ing>
        <ing>
          <amt>
            <qty>1</qty>
            <unit>cup</unit></amt>
          <item>Shortening; melted</item></ing></ing-div>
      <ing-div>
        <title>GLAZE</title>
        <ing>
          <amt>
            <qty>1</qty>
            <unit/></amt>
          <item>Egg; beaten with</item></ing>
        <ing>
          <amt>
            <qty>2</qty>
            <unit>tablespoons</unit></amt>
          <item>Milk</item></ing></ing-div></ingredients>
    <directions>
      <step>  These came out of the Jan/Feb 96 Chile Pepper Magazine written by Barb &amp;
  Ron Kroll. I can't say that I've tried any of them. Hope they help.
  
  Heat the oil with the paprika, add the onions and saute until soft.  Add
  the cumin, oregano, chile powder, salt, and ground beef. Cook until the
  meat is no longer pink, but don't let it get too brown. Refrigerate until
  the next day so that the juice sets.
  
  Preheat an oven to 400 degrees.
  
  To make the crust: Sift the dry ingredients together.  Add the liquid
  ingredients and beat to form a stiff dough.  Divide the dough into 20
  pieces and roll each into a thin circle. Put a spoonful of the filling on
  half of the circle and divide the egg slices, the olives and raisins among
  the 20 empanadas. Fold over the dough, wet the edge with milk, fold over
  again to make a border.
  
  If you like them shiny, paint with glaze before putting them in the oven.
  Place on a sheet pan and bake until brown.  Serve with pebre sauce.  Heat
  Scale: Mild
  
  Note: This recipe requires advance preparation.
  Posted to CHILE-HEADS DIGEST V3 #138
  
  Date: Tue, 22 Oct 1996 05:29:12 -0700
  
  From: "Carl &amp; Joyce Camper" &lt;chateaustripmin@mcn.net&gt;
  
  NOTES : In Chile, empanadas are baked rather than fried, as they are in
  other Latin countries. To increase the heat add pebre sauce.
 
</step></directions></recipe></recipeml>
