<?xml version="1.0" encoding="UTF-8"?>

<recipeml version="0.5">
  <recipe>
    <head>
      <title>Baked Custard for Two</title>
      <categories>
        <cat>Dessert</cat></categories>
      <yield>2</yield></head>
    <ingredients>
      <ing>
        <amt>
          <qty>1</qty>
          <unit/></amt>
        <item>Egg</item></ing>
      <ing>
        <amt>
          <qty>1</qty>
          <unit>cup</unit></amt>
        <item>Milk</item></ing>
      <ing>
        <amt>
          <qty>3</qty>
          <unit>tablespoons</unit></amt>
        <item>Sugar</item></ing>
      <ing>
        <amt>
          <qty>3/4</qty>
          <unit>teaspoons</unit></amt>
        <item>Vanilla extract</item></ing>
      <ing>
        <amt>
          <qty>1/8</qty>
          <unit>teaspoons</unit></amt>
        <item>Salt</item></ing>
      <ing>
        <amt>
          <qty>1/8</qty>
          <unit>teaspoons</unit></amt>
        <item>Ground nutmeg</item></ing></ingredients>
    <directions>
      <step>  In a bowl, lightly beat the egg.  Add milk, sugar, vanilla and salt. Pour
  into two ungreased 6-oz. custard cups.  Sprinkle with nutmeg. Set in a pan
  containing 1/2 to 1 inch of hot water.  Bake at 350 deg. F for 35 minutes,
  or until set.
  
  From "Taste of Home" magazine, Collector's Edition (advertisement copy to
  entice new subscribers).
  
  Typed for you by Iris Grayson
  
  Date: Sun, 23 Jun 1996 10:41:42 -0500
  
  From: pickell@cyberspc.mb.ca (S.Pickell)
  
  MM-Recipes Digest V3 #174
  
  From the MealMaster recipe list.  Downloaded from Glen's MM Recipe Archive,
  http://www.erols.com/hosey.
 
</step></directions></recipe></recipeml>
