<?xml version="1.0" encoding="UTF-8"?>

<recipeml version="0.5">
  <recipe>
    <head>
      <title>Baked Crunchy Potatoes</title>
      <categories>
        <cat>Digest</cat>
        <cat>Nov.</cat>
        <cat>Fatfree</cat></categories>
      <yield>1</yield></head>
    <ingredients>
      <ing>
        <amt>
          <qty>4</qty>
          <unit/></amt>
        <item>To 6 potatoes (I used new</item></ing>
      <ing>
        <amt>
          <qty/>
          <unit/></amt>
        <item>Potatoes)</item></ing>
      <ing>
        <amt>
          <qty/>
          <unit>x</unit></amt>
        <item>Few drops olive oil or</item></ing>
      <ing>
        <amt>
          <qty/>
          <unit/></amt>
        <item>Sesame oil</item></ing>
      <ing>
        <amt>
          <qty>2</qty>
          <unit/></amt>
        <item>Cloves garlic, crushed</item></ing>
      <ing>
        <amt>
          <qty>1</qty>
          <unit>teaspoon</unit></amt>
        <item>Paprika</item></ing>
      <ing>
        <amt>
          <qty>1</qty>
          <unit>teaspoon</unit></amt>
        <item>Dried cilantro (or fresh, if</item></ing>
      <ing>
        <amt>
          <qty/>
          <unit/></amt>
        <item>Available)</item></ing>
      <ing>
        <amt>
          <qty>1</qty>
          <unit>teaspoon</unit></amt>
        <item>Thyme</item></ing>
      <ing>
        <amt>
          <qty>1</qty>
          <unit>teaspoon</unit></amt>
        <item>Rosemary</item></ing>
      <ing>
        <amt>
          <qty>1</qty>
          <unit>teaspoon</unit></amt>
        <item>Basil</item></ing>
      <ing>
        <amt>
          <qty>1</qty>
          <unit>teaspoon</unit></amt>
        <item>Dill</item></ing>
      <ing>
        <amt>
          <qty>1/2</qty>
          <unit>teaspoons</unit></amt>
        <item>Salt</item></ing>
      <ing>
        <amt>
          <qty>1/2</qty>
          <unit>teaspoons</unit></amt>
        <item>Black pepper</item></ing></ingredients>
    <directions>
      <step>  Wash potatoes, leave skin on (more nutrients that way) Cut potatoes into
  small cubes or wedges, about 1/2" to 3/4" (1 - 2 cm) Rinse in cold water
  and add the oil.
  
  Mix seasonings (spices and garlic) in medium plastic container (with lid),
  or in a plastic bag. Add potatoes, and shake.
  
  Place on a baking sheet sprayed with non-stick spray (I used PAM)
  
  Bake at 350 for 40 minutes, turning at half-way point.
  
  Posted by Shelley Shusterman &lt;sshuster@dragon.achilles.net&gt; to the Fatfree
  Dig. Vol.12 Iss. 14 Nov. 15, 1994. FATFREE Recipe collections copyrighted
  by Michelle Dick 1994. Used with permission. Formatted by Sue Smith,
  S.Smith34, TXFT40A@Prodigy.com using MMCONV.
  
  File ftp://ftp.idiscover.co.uk/pub/food/mealmaster/recipes/fatfreex.zip
 
</step></directions></recipe></recipeml>
