<?xml version="1.0" encoding="UTF-8"?>

<recipeml version="0.5">
  <recipe>
    <head>
      <title>Baked Fish, Manila Style</title>
      <categories>
        <cat>None</cat></categories>
      <yield>1</yield></head>
    <ingredients>
      <ing>
        <amt>
          <qty>1</qty>
          <unit/></amt>
        <item>Fine 5-lb fish; red snapper best</item></ing>
      <ing>
        <amt>
          <qty>1</qty>
          <unit>cup</unit></amt>
        <item>Grated mild cheese</item></ing>
      <ing>
        <amt>
          <qty>1</qty>
          <unit>cup</unit></amt>
        <item>Milk</item></ing>
      <ing>
        <amt>
          <qty>6</qty>
          <unit>tablespoons</unit></amt>
        <item>Butter</item></ing>
      <ing>
        <amt>
          <qty>1/4</qty>
          <unit>cups</unit></amt>
        <item>Sherry or Madeira</item></ing>
      <ing>
        <amt>
          <qty>1</qty>
          <unit>small</unit></amt>
        <item>Garlic clove; crushed</item></ing>
      <ing>
        <amt>
          <qty>3</qty>
          <unit>cups</unit></amt>
        <item>Cashew nuts; chopped</item></ing>
      <ing>
        <amt>
          <qty>3</qty>
          <unit/></amt>
        <item>Limes; juice; or 1 1/2 lemon</item></ing>
      <ing>
        <amt>
          <qty>1</qty>
          <unit>cup</unit></amt>
        <item>Bread crumbs; dry, fine</item></ing>
      <ing>
        <amt>
          <qty>1/2</qty>
          <unit>teaspoons</unit></amt>
        <item>Grated nutmeg</item></ing>
      <ing>
        <amt>
          <qty>1</qty>
          <unit>small</unit></amt>
        <item>Onion; scraped pulp</item></ing>
      <ing>
        <amt>
          <qty>2</qty>
          <unit/></amt>
        <item>Bayleaves; rubbed fine</item></ing></ingredients>
    <directions>
      <step>  I have a number of old cookbooks with one going back to it's first
  publishing in 1908. Here is a recipe from "The Gentleman's Companion, Vol
  1, Exotic Cookery Book" 1946 edition, first published in 1939, by Charles
  H. Baker, Jr. Most of the recipes are in narrative with anecdotes about how
  the author found the recipes around the world.
  
  One secret is that fish is painted inside and out with lime juice, salted
  lightly, and iced that way for at least 4 hours before cooking. Take well
  greased baking dish; dispose fish on bottom. Mix chopped nuts with cheese,
  garlic pulp and onion, moistening with milk to make stiff paste. Salt and
  cayenne to taste, and all seasonings. Then spread your fish with this
  toothsome blanket, and cover with dry fine bread crumbs. On this put
  generous walnuts of butter and brown in medium oven around 350 to 375
  Fahrenheit, basting well. Chopped almonds, Brazils, hazelnuts or pecans do
  equally well, but the cashew is traditional in the Philippines.
  
  Posted to KitMailbox Digest  by CathCooks &lt;CathCooks@aol.com&gt; on Jan 18,
  1998
 
</step></directions></recipe></recipeml>
