<?xml version="1.0" encoding="UTF-8"?>

<recipeml version="0.5">
  <recipe>
    <head>
      <title>Baked Finnan Haddie</title>
      <categories>
        <cat>Fish</cat></categories>
      <yield>6</yield></head>
    <ingredients>
      <ing>
        <amt>
          <qty>1/4</qty>
          <unit>cups</unit></amt>
        <item>Butter</item></ing>
      <ing>
        <amt>
          <qty>2</qty>
          <unit>tablespoons</unit></amt>
        <item>Flour</item></ing>
      <ing>
        <amt>
          <qty>2</qty>
          <unit>cups</unit></amt>
        <item>Milk salt and pepper</item></ing>
      <ing>
        <amt>
          <qty>2</qty>
          <unit>pounds</unit></amt>
        <item>Finnan haddie*</item></ing>
      <ing>
        <amt>
          <qty>1/2</qty>
          <unit>cups</unit></amt>
        <item>Bread crumbs</item></ing>
      <ing>
        <amt>
          <qty>3</qty>
          <unit>tablespoons</unit></amt>
        <item>Butter; melted</item></ing>
      <ing>
        <amt>
          <qty/>
          <unit/></amt>
        <item>Lemon slices</item></ing>
      <ing>
        <amt>
          <qty/>
          <unit/></amt>
        <item>Parsley</item></ing></ingredients>
    <directions>
      <step>  *Finnan Haddie is smoked Haddock.
  
  Make a thin white sauce by combining the butter, flour, milk and salt and
  pepper in the top of a double boiler. (combine the butter and flour into a
  paste, cook slightly before adding milk). Place the fish in a greased pan
  and pour the white sauce over it. Cover and simmer very gently for half an
  hour, basting as necessary. Sprinkle with bread crumbs which have been
  mixed with the melted butter. Bake in a hot oven for 15 minutes. Remove it
  to a hot platter and garnish with parsley and lemon. SERVES:6
  
  From Gemini's MASSIVE MealMaster collection at www.synapse.com/~gemini
 
</step></directions></recipe></recipeml>
