<?xml version="1.0" encoding="UTF-8"?>

<recipeml version="0.5">
  <recipe>
    <head>
      <title>Baked Eggs</title>
      <categories>
        <cat>Eggs</cat>
        <cat>Breakfast</cat></categories>
      <yield>8</yield></head>
    <ingredients>
      <ing>
        <amt>
          <qty>6</qty>
          <unit/></amt>
        <item>Bread slices, cut in cubes</item></ing>
      <ing>
        <amt>
          <qty>2</qty>
          <unit>cups</unit></amt>
        <item>Grated mild cheddar cheese</item></ing>
      <ing>
        <amt>
          <qty>1</qty>
          <unit>cup</unit></amt>
        <item>Cooked, cubed ham</item></ing>
      <ing>
        <amt>
          <qty>1/4</qty>
          <unit>cups</unit></amt>
        <item>Chopped green bell pepper</item></ing>
      <ing>
        <amt>
          <qty>1/2</qty>
          <unit>cups</unit></amt>
        <item>Finely chopped onion</item></ing>
      <ing>
        <amt>
          <qty>6</qty>
          <unit/></amt>
        <item>Eggs</item></ing>
      <ing>
        <amt>
          <qty>3</qty>
          <unit>cups</unit></amt>
        <item>Milk</item></ing></ingredients>
    <directions>
      <step>  Mix bread, cheese, ham, bell pepper and onion; spread in a 13x9x2 inch
  baking dish treated with nonstick spray. Whisk eggs and milk, and pour over
  top.  Cover dish with foil and freeze.
  
  To prepare for serving, thaw dish, and bake uncovered in a preheated 375
  degree oven for 45 minutes.  Makes 8 to 10 servings.
  
  From: Once a Month Cooking by Mimi Wilson &amp; Mary Beth Lagerborg
  
  Posted to MM-Recipes Digest V4 #141 by "John Weber" &lt;hdbrer@ibm.net&gt; on May
  20, 97
 
</step></directions></recipe></recipeml>
