<?xml version="1.0" encoding="UTF-8"?>

<recipeml version="0.5">
  <recipe>
    <head>
      <title>Baked Doughnuts</title>
      <categories>
        <cat>Breakfast</cat></categories>
      <yield>24</yield></head>
    <ingredients>
      <ing>
        <amt>
          <qty>2</qty>
          <unit>tablespoons</unit></amt>
        <item>Yeast</item></ing>
      <ing>
        <amt>
          <qty>1/3</qty>
          <unit>cups</unit></amt>
        <item>Water; warmed</item></ing>
      <ing>
        <amt>
          <qty>1 1/2</qty>
          <unit>cups</unit></amt>
        <item>Skim milk; at room temp</item></ing>
      <ing>
        <amt>
          <qty>1/3</qty>
          <unit>cups</unit></amt>
        <item>Oil; at room temperature</item></ing>
      <ing>
        <amt>
          <qty>1/4</qty>
          <unit>cups</unit></amt>
        <item>Granulated sugar</item></ing>
      <ing>
        <amt>
          <qty>2</qty>
          <unit>teaspoons</unit></amt>
        <item>Salt</item></ing>
      <ing>
        <amt>
          <qty>2</qty>
          <unit>teaspoons</unit></amt>
        <item>Nutmeg</item></ing>
      <ing>
        <amt>
          <qty>2</qty>
          <unit/></amt>
        <item>Egg whites; whipped</item></ing>
      <ing>
        <amt>
          <qty>4 1/2</qty>
          <unit>cups</unit></amt>
        <item>Unbleached flour</item></ing>
      <ing>
        <amt>
          <qty>1/2</qty>
          <unit>cups</unit></amt>
        <item>Egg white</item></ing>
      <ing>
        <amt>
          <qty>1</qty>
          <unit>cup</unit></amt>
        <item>Sugar with</item></ing>
      <ing>
        <amt>
          <qty>1</qty>
          <unit>teaspoon</unit></amt>
        <item>Cinnamon</item></ing></ingredients>
    <directions>
      <step>  Recipe by: The Fannie Farmer Cookbook Preparation Time: 0:15 Preheat oven
  at 450 after first and second rise.  To proof yeast, mix 1/4 c warm (115)
  water with 1/2 teaspoon honey; stir and set aside until foamy. mixing bowl,
  combine proofed yeast, milk, oil, 1/4 cup sugar, nutmeg, egg whites, and 2
  cups flour. Beat briskly until well blended.  Add remaining 2 1/2 cups
  flour and beat until smooth.  Cover the bowl and let double in siz about 1
  hour.  Dust a board generously with flour and turn the dough mass o it.
  This dough is soft and needs enough flour on the board to prevent sticking,
  but is easy to handle.  Pat the dough into a round about 1/2" thi Use a 3"
  doughnut cutter and cut out the doughnuts, placing them (and the doughnut
  holes) on prepared baking pans, 1" apart.  These don't spread much they
  rise.  Let the doughnuts rest and rise 20 minutes, uncovered.  Bake ab 10
  minutes, or a little longer, until they have a touch of golden brown.
  Remove from the oven.  On a sheet of wax paper spread cinnamon sugar.  !
  Brush each doughnut and doughnut hole with egg white and roll in the cinnam
  sugar.
 
</step></directions></recipe></recipeml>
