<?xml version="1.0" encoding="UTF-8"?>

<recipeml version="0.5">
  <recipe>
    <head>
      <title>Baked Eggplant</title>
      <categories>
        <cat>Diabetic</cat>
        <cat>Vegetables</cat>
        <cat>Side dishes</cat>
        <cat>Cheese</cat></categories>
      <yield>1</yield></head>
    <ingredients>
      <ing>
        <amt>
          <qty>1</qty>
          <unit>slice</unit></amt>
        <item>Eggplant;</item></ing>
      <ing>
        <amt>
          <qty>1</qty>
          <unit>slice</unit></amt>
        <item>Onion;</item></ing>
      <ing>
        <amt>
          <qty>1</qty>
          <unit>ounce</unit></amt>
        <item>Cheddar cheese; shredded</item></ing>
      <ing>
        <amt>
          <qty>2</qty>
          <unit>tablespoons</unit></amt>
        <item>Condensed tomato soup;</item></ing>
      <ing>
        <amt>
          <qty>1</qty>
          <unit>teaspoon</unit></amt>
        <item>Dry bread crumbs;</item></ing>
      <ing>
        <amt>
          <qty>1/4</qty>
          <unit>teaspoons</unit></amt>
        <item>Thyme;</item></ing>
      <ing>
        <amt>
          <qty>1/4</qty>
          <unit>teaspoons</unit></amt>
        <item>Salt;</item></ing>
      <ing>
        <amt>
          <qty/>
          <unit>dashes</unit></amt>
        <item>Pepper;</item></ing></ingredients>
    <directions>
      <step>  Cook eggplant and onion in small amount of water until, tender. Drain;
  reserve liquid.  Place eggplant and onion in small baking dish. Top
  with cheese.  Blend condesnsed soup, 1 Tb of eggplant liquid, bread
  crumbs, thyme, salt, and pepper.  Pour over eggplant; cover. Bake at
  350f for 30 minutes.
  Microwave: Uncover.  Cook on high for 5 minutes.  Turn after 2
  minutes. Food Exchange per serving: 1 MEAT EXCHANGE + 1 VEGETABLE
  EXCHANGE CAL: 161
  
  Source: The Complete Diabetic Cookbook by Mary Jane Finsand
  Brought to you and yours via Nancy O'Brion and her Meal-Master
  
  File ftp://ftp.idiscover.co.uk/pub/food/mealmaster/recipes/diabetic.zip
 
</step></directions></recipe></recipeml>
