<?xml version="1.0" encoding="UTF-8"?>

<recipeml version="0.5">
  <recipe>
    <head>
      <title>Baked Dried Corn</title>
      <categories>
        <cat>Vegetables</cat></categories>
      <yield>16</yield></head>
    <ingredients>
      <ing>
        <amt>
          <qty>2</qty>
          <unit>cups</unit></amt>
        <item>Dried corn</item></ing>
      <ing>
        <amt>
          <qty>6</qty>
          <unit/></amt>
        <item>Eggs; beaten</item></ing>
      <ing>
        <amt>
          <qty>4</qty>
          <unit>cups</unit></amt>
        <item>Milk; heated</item></ing>
      <ing>
        <amt>
          <qty>2</qty>
          <unit>tablespoons</unit></amt>
        <item>Butter</item></ing>
      <ing>
        <amt>
          <qty>4</qty>
          <unit>tablespoons</unit></amt>
        <item>Sugar</item></ing>
      <ing>
        <amt>
          <qty>1</qty>
          <unit>teaspoon</unit></amt>
        <item>Salt</item></ing></ingredients>
    <directions>
      <step>  To the 2 cups or corn add 4 cups of hot mil and let stand for 1 hour. Add
  the rest of the ingredients and bake 1 hour at 300 degrees in a 9 x 12 pan.
  (Corn can be ground in a food chopper if desired.
  Recipe By     : Amish-Dutch Cookbook
  
  Posted to MC-Recipe Digest V1 #313
  
  Date: Mon, 25 Nov 1996 19:03:41 -0500
  
  From: Calvin Deiterich &lt;cedeiter@epix.net&gt;
 
</step></directions></recipe></recipeml>
