<?xml version="1.0" encoding="UTF-8"?>

<recipeml version="0.5">
  <recipe>
    <head>
      <title>Baked Eggplants and Peppers</title>
      <categories>
        <cat>None</cat></categories>
      <yield>6</yield></head>
    <ingredients>
      <ing>
        <amt>
          <qty>2</qty>
          <unit/></amt>
        <item>Eggplants, 1 1/2 lbs, peeled &amp; diced</item></ing>
      <ing>
        <amt>
          <qty>1</qty>
          <unit>tablespoon</unit></amt>
        <item>Olive oil</item></ing>
      <ing>
        <amt>
          <qty>1</qty>
          <unit/></amt>
        <item>Onion, large, finely chopped</item></ing>
      <ing>
        <amt>
          <qty>1</qty>
          <unit>teaspoon</unit></amt>
        <item>Dried basil</item></ing>
      <ing>
        <amt>
          <qty>1/2</qty>
          <unit>teaspoons</unit></amt>
        <item>Ground cumin</item></ing>
      <ing>
        <amt>
          <qty>1/4</qty>
          <unit>cups</unit></amt>
        <item>Wheat germ</item></ing>
      <ing>
        <amt>
          <qty/>
          <unit/></amt>
        <item>Salt, to taste</item></ing>
      <ing>
        <amt>
          <qty/>
          <unit/></amt>
        <item>Pepper, freshly ground to taste</item></ing>
      <ing>
        <amt>
          <qty>2</qty>
          <unit>tablespoons</unit></amt>
        <item>Olive oil</item></ing>
      <ing>
        <amt>
          <qty>3</qty>
          <unit/></amt>
        <item>Green bell peppers, cut in 1" squares</item></ing>
      <ing>
        <amt>
          <qty>1 1/2</qty>
          <unit/></amt>
        <item>Cups diced plum tomatoes</item></ing>
      <ing>
        <amt>
          <qty>3</qty>
          <unit>tablespoons</unit></amt>
        <item>Unbleached flour</item></ing>
      <ing>
        <amt>
          <qty>3/4</qty>
          <unit>cups</unit></amt>
        <item>Lowfat milk</item></ing>
      <ing>
        <amt>
          <qty>1 1/2</qty>
          <unit/></amt>
        <item>Cups grated mozzarella cheese</item></ing>
      <ing>
        <amt>
          <qty>1</qty>
          <unit>dash</unit></amt>
        <item>Cayenne pepper</item></ing></ingredients>
    <directions>
      <step>  These are from &lt;&lt;Vegetarian Celebrations&gt; by Nava Atlas and are more
  &lt;generic Sephardic recipes that the author feels go well with latkes than
  chanukah recipes per se. I haven't tried the eggplant, but I like the beans
  &amp; her version of Israeli Salad is pretty standard.
  
  Eggplant and peppers, two well-loved vegetables in both the Eastern
  European and Sephardic traditions, are combined in a delicious casserole.
  
  Preheat oven to 350°.
  
  Place the diced eggplant in a colander &amp; salt it. Let stand for 30 minutes,
  then rinse thoroughly. Heat the oil in a large skillet. Add the onion and
  saute over moderate heat until it begins to turn golden. Add the eggplant
  and just enough water to keep the bottom of the skillet moist. Cover &amp;
  cook, stirring frequently. When the eggplant is about half done, stir in
  the basil &amp; cumin. Cook until the eggplant is tender, adding small amounts
  of water as needed while cooking to keep the skillet moist. Stir in the
  wheat germ and season to taste with salt &amp; pepper.
  
  Oil a large, shallow baking dish &amp; pat the eggplant mixture into it.
  
  Rinse the skillet. Heat the additional oil. Add the peppers and saute over
  high heat, stirring frequently, until they begin to brown. Lower the heat,
  stir in the tomatoes, and saute for a minute or two, just until they begin
  to soften. Slowly sprinkle in the flour, stirring just until it
  disappears.Then, slowly stir in the milk and bring to a simmer. Sprinkle in
  the cheese, a bit at a time, followed by the cayenne. Let the mixture
  simmer until thickened and the cheese is completely melted. Pour over the
  eggplant. Bake for 35 to 40 minutes,or until the top is golden brown and
  bubbly. Let cool for 10 minutes, then scoop out sections with a spatula to
  serve.
  Posted to JEWISH-FOOD digest V96 #79
  
  Date: Sun, 17 Nov 96 10:24:07 CST
  
  From: bgl@leass.PCC.COM (Barbara Leass)
 
</step></directions></recipe></recipeml>
