<?xml version="1.0" encoding="UTF-8"?>

<recipeml version="0.5">
  <recipe>
    <head>
      <title>Baked Eggplant with Olive Stuffing</title>
      <categories>
        <cat>Vegetable</cat></categories>
      <yield>4</yield></head>
    <ingredients>
      <ing>
        <amt>
          <qty>2</qty>
          <unit>small</unit></amt>
        <item>Eggplants; cut in half</item></ing>
      <ing>
        <amt>
          <qty>2</qty>
          <unit>tablespoons</unit></amt>
        <item>Olive oil</item></ing>
      <ing>
        <amt>
          <qty>1</qty>
          <unit>small</unit></amt>
        <item>Onion; diced</item></ing>
      <ing>
        <amt>
          <qty>3</qty>
          <unit/></amt>
        <item>Cloves garlic; chopped</item></ing>
      <ing>
        <amt>
          <qty>2</qty>
          <unit>medium</unit></amt>
        <item>Tomatoes; seeded and diced</item></ing>
      <ing>
        <amt>
          <qty>1</qty>
          <unit>teaspoon</unit></amt>
        <item>Chopped fresh marjoram</item></ing>
      <ing>
        <amt>
          <qty>1/2</qty>
          <unit>cups</unit></amt>
        <item>Pitted chopped kalamata olives</item></ing>
      <ing>
        <amt>
          <qty>1/2</qty>
          <unit>cups</unit></amt>
        <item>Bread crumbs</item></ing>
      <ing>
        <amt>
          <qty>1/3</qty>
          <unit>cups</unit></amt>
        <item>Grated Parmesan cheese</item></ing>
      <ing>
        <amt>
          <qty/>
          <unit/></amt>
        <item>Salt and black pepper to taste</item></ing>
      <ing>
        <amt>
          <qty>From:</qty>
          <unit/></amt>
        <item>Felicia Pickering &lt;MNHAN063@SIVM.SI.EDU&gt;</item></ing>
      <ing>
        <amt>
          <qty>Date:</qty>
          <unit/></amt>
        <item>Thu, 27 Jun 1996 23:10:25 EDT</item></ing></ingredients>
    <directions>
      <step>  Preheat oven to 350 F.  Place eggplant on a baking sheet and drizzle with 1
  tablespoon of the olive oil.  Bake for 20 to 30 minutes, or until tender.
  While the eggplant is baking, heat the remaining 1 tablespoon olive oil in
  a medium saute pan until very hot. Add onion and garlic and saute until you
  can smell the aroma, 1 to 2 minutes. Add tomatoes, toss with onion, and
  saute lightly. Add marjoram and saute for about 2 minutes. Remove from heat
  and let cool. Place cooled tomato mixture in a bowl and add olives, bread
  crumbs, and Parmesan cheese; mix well. When eggplant is tender, remove from
  oven and let cool slightly. (Leave oven at 350 F for baking the stuffed
  eggplant.) Scoop the middle of the eggplant out, leaving 1 inch of flesh
  all the way around. Do not break the skin. Let the eggplant flesh cool,
  then chop roughly and add to the stuffing. Season with salt and pepper.
  Place the stuffing back into the 4 eggplant halves. Bake for 15 to 20
  minutes, or until stuffing is golden brown. Serve hot.
  
  Recipe is from _Cooking with Caprial American Bistro Fare_ by Caprial
  Pence.
  
  EAT-L Digest 27 June 1996
  
  From the EAT-L recipe list.  Downloaded from Glen's MM Recipe Archive,
  http://www.erols.com/hosey.
 
</step></directions></recipe></recipeml>
