<?xml version="1.0" encoding="UTF-8"?>

<recipeml version="0.5">
  <recipe>
    <head>
      <title>Baked Drumsticks with Potatoes</title>
      <categories>
        <cat>Italian</cat>
        <cat>Potatoes</cat>
        <cat>Poultry</cat></categories>
      <yield>4</yield></head>
    <ingredients>
      <ing>
        <amt>
          <qty>8</qty>
          <unit>large</unit></amt>
        <item>Chicken drumsticks</item></ing>
      <ing>
        <amt>
          <qty>2</qty>
          <unit>large</unit></amt>
        <item>Russet potatoes -- 1 inch</item></ing>
      <ing>
        <amt>
          <qty/>
          <unit/></amt>
        <item>Wedges</item></ing>
      <ing>
        <amt>
          <qty>1</qty>
          <unit>cup</unit></amt>
        <item>Onion -- thinly sliced</item></ing>
      <ing>
        <amt>
          <qty>1</qty>
          <unit>cup</unit></amt>
        <item>Italian plum tomatoes,</item></ing>
      <ing>
        <amt>
          <qty/>
          <unit/></amt>
        <item>Canned -- drained &amp; chopped</item></ing>
      <ing>
        <amt>
          <qty>1 1/2</qty>
          <unit>tablespoons</unit></amt>
        <item>Fresh oregano -- minced</item></ing>
      <ing>
        <amt>
          <qty/>
          <unit/></amt>
        <item>OR 1 1/2 tsp. crumbled dried</item></ing>
      <ing>
        <amt>
          <qty/>
          <unit/></amt>
        <item>Oregano</item></ing>
      <ing>
        <amt>
          <qty>1/2</qty>
          <unit>teaspoons</unit></amt>
        <item>Coarse salt</item></ing>
      <ing>
        <amt>
          <qty>1/2</qty>
          <unit>teaspoons</unit></amt>
        <item>Fresh ground black pepper</item></ing>
      <ing>
        <amt>
          <qty>4</qty>
          <unit>teaspoons</unit></amt>
        <item>Olive oil</item></ing>
      <ing>
        <amt>
          <qty>2</qty>
          <unit>tablespoons</unit></amt>
        <item>Italian parsley -- minced</item></ing></ingredients>
    <directions>
      <step>  Adjust oven rack to center of oven and preheat to 350^F. Wash chicken legs
  and blot dry.  Place legs on work surface. Starting at top of leg, slip
  your fingers under the skin to loosen. Peel off skin carefully, using a
  pair of kitchenshears to snip the skin and any connecting membrane to avoid
  tearing the meat; discard skin.  Trim off any membrane or bits of fat that
  may still be attached to leg. Lightly grease bottom of 9x13x2-inch
  ovenproof baking pan with cooking spray. Arrange drumsticks in single layer
  in pan.  Arrange potatoes between and around drumsticks. Place asingle
  layer of onion slices over drumsticks and potatoes. Spoon tomatoes over
  onions. Sprinkle oregano on top; season with salt and pepper. Drizzle with
  olive oil. Cover pan with foil and bake for 25 minutes. Remove foil and
  baste with pan juices. Continue baking, basting frequently with pan juices,
  until drumsticks are very tender and potatoes are cooked, about 25 minutes.
  Transfer drumsticks to a platter. Spoon tomatoes, onions, and pan juices
  over top.  Garnish with parsley and serve.
  
  Recipe By     : Lean Italian Cooking
  
  From Gemini's MASSIVE MealMaster collection at www.synapse.com/~gemini
 
</step></directions></recipe></recipeml>
