<?xml version="1.0" encoding="UTF-8"?>

<recipeml version="0.5">
  <recipe>
    <head>
      <title>Baked Finnan Haddie (Smoked Haddock)</title>
      <categories>
        <cat>Fish</cat></categories>
      <yield>6</yield></head>
    <ingredients>
      <ing>
        <amt>
          <qty>1/4</qty>
          <unit>cups</unit></amt>
        <item>Butter</item></ing>
      <ing>
        <amt>
          <qty>2</qty>
          <unit>tablespoons</unit></amt>
        <item>Flour</item></ing>
      <ing>
        <amt>
          <qty>2</qty>
          <unit>cups</unit></amt>
        <item>Milk</item></ing>
      <ing>
        <amt>
          <qty>2</qty>
          <unit>pounds</unit></amt>
        <item>Finnan haddie (smoked haddock)</item></ing>
      <ing>
        <amt>
          <qty>1/2</qty>
          <unit>cups</unit></amt>
        <item>Bread crumbs</item></ing>
      <ing>
        <amt>
          <qty>3</qty>
          <unit>tablespoons</unit></amt>
        <item>Butter; melted</item></ing>
      <ing>
        <amt>
          <qty/>
          <unit/></amt>
        <item>Salt and pepper</item></ing>
      <ing>
        <amt>
          <qty/>
          <unit/></amt>
        <item>Lemon slices</item></ing>
      <ing>
        <amt>
          <qty/>
          <unit/></amt>
        <item>Parsley</item></ing></ingredients>
    <directions>
      <step>  From: Wendy Lockman &lt;wlockman@ra1.randomc.com&gt;
  
  Date: Sun, 11 Feb 1996 10:35:49 -0500
  
  Make a thin white sauce by combining the butter, flour, milk and salt and
  pepper in the top of a double boiler. (combine the butter and flour into a
  paste, cook slightly before adding milk). Place the fish in a greased pan
  and pour the white sauce over it. Cover and simmer very gently for half an
  hour, basting as necessary. Sprinkle with bread crumbs which have been
  mixed with the melted butter. Bake in a hot oven for 15 minutes. Remove it
  a hot platter and garnish with parsley and lemon. SERVES: 6 Source:_Out of
  Old Nova Scotia Kitchens_
  
  MM-RECIPES@IDISCOVER.NET
  
  MEAL-MASTER RECIPES LIST SERVER
  
  From the MealMaster recipe list.  Downloaded from Glen's MM Recipe Archive,
  http://www.erols.com/hosey.
 
</step></directions></recipe></recipeml>
