<?xml version="1.0" encoding="UTF-8"?>

<recipeml version="0.5">
  <recipe>
    <head>
      <title>Baked Creamed Spinach</title>
      <categories>
        <cat>Casserole</cat></categories>
      <yield>12</yield></head>
    <ingredients>
      <ing>
        <amt>
          <qty>1/4</qty>
          <unit>cups</unit></amt>
        <item>Butter or margarine</item></ing>
      <ing>
        <amt>
          <qty>3/4</qty>
          <unit>cups</unit></amt>
        <item>Chopped onion</item></ing>
      <ing>
        <amt>
          <qty>1/4</qty>
          <unit>cups</unit></amt>
        <item>Flour</item></ing>
      <ing>
        <amt>
          <qty/>
          <unit/></amt>
        <item>Salt to taste</item></ing>
      <ing>
        <amt>
          <qty>1/8</qty>
          <unit>teaspoons</unit></amt>
        <item>Pepper</item></ing>
      <ing>
        <amt>
          <qty>2</qty>
          <unit>cups</unit></amt>
        <item>Milk</item></ing>
      <ing>
        <amt>
          <qty>3</qty>
          <unit/></amt>
        <item>Eggs</item></ing>
      <ing>
        <amt>
          <qty/>
          <unit/></amt>
        <item>Tabasco</item></ing>
      <ing>
        <amt>
          <qty>4</qty>
          <unit>packages</unit></amt>
        <item>(10-oz) frozen chopped spinach; thawed and drained</item></ing></ingredients>
    <directions>
      <step>  In a saucepan over medium heat, cook onion in butter until tender (about 5
  minutes). Stir in flour, salt and pepper until blended. Gradually stir in
  milk. Cook, stirring constantly, until sauce is thickened. ln a small bowl,
  beat egg slightly with fork. Add Tabasco to taste.  Slowly pour egg mixture
  into cream sauce, stirring rapidly to prevent lumping. Cook, stirring
  constantly, until mixture is thickened. Do not boil. Add spinach. Stir
  until blended. Pour mixture into a 9x13 pan. Bake at 350ø for 40 minutes or
  until firm in the center. Cut into servings. Yield: 12 to 15 servings.
  
  CYNTHIA WEBER (MRS. JAMES R.)
  
  From &lt;Traditions: A Taste of the Good Life&gt;, by the Little Rock (AR) Junior
  League.  Downloaded from Glen's MM Recipe Archive,
  http://www.erols.com/hosey.
 
</step></directions></recipe></recipeml>
