<?xml version="1.0" encoding="UTF-8"?>

<recipeml version="0.5">
  <recipe>
    <head>
      <title>Baked Eggplant (Syrian Origin)</title>
      <categories>
        <cat>Vegetable</cat></categories>
      <yield>4</yield></head>
    <ingredients>
      <ing>
        <amt>
          <qty>1</qty>
          <unit>medium</unit></amt>
        <item>Sized eggplant</item></ing>
      <ing>
        <amt>
          <qty>1/2</qty>
          <unit>pounds</unit></amt>
        <item>Ground beef</item></ing>
      <ing>
        <amt>
          <qty>5</qty>
          <unit>tablespoons</unit></amt>
        <item>Butter or margarine</item></ing>
      <ing>
        <amt>
          <qty>1/2</qty>
          <unit>cups</unit></amt>
        <item>Minced onion</item></ing>
      <ing>
        <amt>
          <qty>1/4</qty>
          <unit>cups</unit></amt>
        <item>Chopped green pepper</item></ing>
      <ing>
        <amt>
          <qty>2</qty>
          <unit>cups</unit></amt>
        <item>Cooked rice</item></ing>
      <ing>
        <amt>
          <qty>1</qty>
          <unit>teaspoon</unit></amt>
        <item>Salt</item></ing>
      <ing>
        <amt>
          <qty>1/2</qty>
          <unit>teaspoons</unit></amt>
        <item>Pepper</item></ing>
      <ing>
        <amt>
          <qty>1/2</qty>
          <unit>cups</unit></amt>
        <item>Bread crumbs</item></ing></ingredients>
    <directions>
      <step>  submitted by: LeiG@aol.com
  Peel eggplant and cut into cubes. cook in boiling salted water until tender
  (about 15-20 minutes). Drain, Mash eggplant.
  
  Brown ground beef in 3 tablespoons butter. Add minced onion and chopped
  pepper, cook until vegetables are tneder. stir in mashed eggplant, cooked
  rice, salt and pepper.
  
  Spoon into a 10 x 6 x 2 inch baking dish. saute bread crumbs in remining 2
  tablespoons butter. Sprinkle over eggplant mixture. Bake in moderate oven
  (375 deg. F.) for about 20 minutes. Makes 4-6 servings.
  
  Recipe Archive -  5 August 96
  
  From the 'RECIPEinternet: Recipes from Around the World' recipe list.
  Downloaded from Glen's MM Recipe Archive, http://www.erols.com/hosey.
 
</step></directions></recipe></recipeml>
