<?xml version="1.0" encoding="UTF-8"?>

<recipeml version="0.5">
  <recipe>
    <head>
      <title>Baked Custard</title>
      <categories>
        <cat>Desserts</cat></categories>
      <yield>2</yield></head>
    <ingredients>
      <ing>
        <amt>
          <qty>1</qty>
          <unit/></amt>
        <item>Egg</item></ing>
      <ing>
        <amt>
          <qty>1</qty>
          <unit>cup</unit></amt>
        <item>Milk</item></ing>
      <ing>
        <amt>
          <qty>3</qty>
          <unit>tablespoons</unit></amt>
        <item>Sugar</item></ing>
      <ing>
        <amt>
          <qty>3/4</qty>
          <unit>teaspoons</unit></amt>
        <item>Vanilla extract</item></ing>
      <ing>
        <amt>
          <qty>1/8</qty>
          <unit>teaspoons</unit></amt>
        <item>Salt</item></ing>
      <ing>
        <amt>
          <qty>1/8</qty>
          <unit>teaspoons</unit></amt>
        <item>Ground nutmeg</item></ing></ingredients>
    <directions>
      <step>  In a bowl, lightly beat the egg. Add milk, sugar, vanilla and salt. Pour
  into two ungreased 6-oz custard cups. Sprinkle with nutmeg. Set in a pan
  containing 1/2 to 1" of hot water. Bake at 350° for 35 minutes or until
  set.
  
  Recipe by: Taste of Home Posted to TNT - Prodigy's Recipe Exchange
  Newsletter  by Gloria Harbach &lt;harbachg@mail.microserve.net&gt; on Jul 8, 1997
 
</step></directions></recipe></recipeml>
