<?xml version="1.0" encoding="UTF-8"?>

<recipeml version="0.5">
  <recipe>
    <head>
      <title>Baked Cranberry Sauce</title>
      <categories>
        <cat>Sauces</cat>
        <cat>Seasonal</cat></categories>
      <yield>12</yield></head>
    <ingredients>
      <ing>
        <amt>
          <qty>4</qty>
          <unit>cups</unit></amt>
        <item>Fresh cranberries; washed and drained</item></ing>
      <ing>
        <amt>
          <qty>1 1/4</qty>
          <unit>cups</unit></amt>
        <item>Sugar</item></ing>
      <ing>
        <amt>
          <qty>1/4</qty>
          <unit>teaspoons</unit></amt>
        <item>Cinnamon</item></ing>
      <ing>
        <amt>
          <qty>1</qty>
          <unit/></amt>
        <item>13 oz. jar orange marmalade</item></ing>
      <ing>
        <amt>
          <qty>2</qty>
          <unit>tablespoons</unit></amt>
        <item>Lemon juice</item></ing>
      <ing>
        <amt>
          <qty>1</qty>
          <unit>cup</unit></amt>
        <item>Chopped walnuts or pecans, toasted</item></ing></ingredients>
    <directions>
      <step>  Place cranberries in large bowl.  Combine sugar and cinnamon.  Add to
  berries. Spoon into 9" square baking dish.  Cover with foil.
  
  Bake at 350 d. for 45 minutes.  Remove from oven and stir in orange
  marmalade and lemon juice. Stir in walnuts or pecans.  Mix well.
  
  Serve warm or cold.  Store leftovers in refrigerator.  Serves 12-15.
  
  Notes:  You can also microwave it, covered with saran wrap if you are in a
  hurry.
  
  Recipe By     : Judy Howle
  
  Posted to CHILE-HEADS DIGEST V3 #166
  
  Date: Fri, 22 Nov 1996 17:59:47 -0600
  
  From: Judy Howle &lt;howle@ebicom.net&gt;
 
</step></directions></recipe></recipeml>
