<?xml version="1.0" encoding="UTF-8"?>

<recipeml version="0.5">
  <recipe>
    <head>
      <title>Baked Eggplant Appetizer</title>
      <categories>
        <cat>Appetizers</cat>
        <cat>Cheese/eggs</cat>
        <cat>Harned 1994</cat>
        <cat>Herbs</cat>
        <cat>Vegetables</cat></categories>
      <yield>6</yield></head>
    <ingredients>
      <ing>
        <amt>
          <qty>1</qty>
          <unit>large</unit></amt>
        <item>Eggplant</item></ing>
      <ing>
        <amt>
          <qty/>
          <unit/></amt>
        <item>Olive oil</item></ing>
      <ing>
        <amt>
          <qty>1</qty>
          <unit>large</unit></amt>
        <item>Onion; peeled &amp; quartered</item></ing>
      <ing>
        <amt>
          <qty>3</qty>
          <unit/></amt>
        <item>Garlic cloves; unpeeled</item></ing>
      <ing>
        <amt>
          <qty>1</qty>
          <unit/></amt>
        <item>Red bell pepper halved and seeded</item></ing>
      <ing>
        <amt>
          <qty>1</qty>
          <unit>teaspoon</unit></amt>
        <item>Oregano; chopped</item></ing>
      <ing>
        <amt>
          <qty>2</qty>
          <unit>teaspoons</unit></amt>
        <item>Lemon juice</item></ing>
      <ing>
        <amt>
          <qty>1</qty>
          <unit>tablespoon</unit></amt>
        <item>Olive oil</item></ing>
      <ing>
        <amt>
          <qty>1/8</qty>
          <unit>teaspoons</unit></amt>
        <item>Each salt and pepper</item></ing>
      <ing>
        <amt>
          <qty>4</qty>
          <unit>ounces</unit></amt>
        <item>Feta cheese; crumbled</item></ing>
      <ing>
        <amt>
          <qty>2</qty>
          <unit>tablespoons</unit></amt>
        <item>Parsley; chopped</item></ing>
      <ing>
        <amt>
          <qty/>
          <unit/></amt>
        <item>Pita bread or crackers</item></ing></ingredients>
    <directions>
      <step>  Preheat oven to 350 F.
  
  Halve eggplant lengthwise.  Brush all sides with olive oil. Place halves
  cut-side down on a baking sheet. Bake 25 minutes. Brush onion, garlic and
  red pepper with oil; add to eggplant. Bake 25-30 minutes longer or until
  vegetables are tender.
  
  Cool eggplant; scoop out flesh and place in a food processor or wooden
  bowl.  Squeeze garlic pulp from skins, peel red pepper, and add to eggplant
  along with onion, oregano, lemon juice, olive oil, salt and pepper. Process
  or finely chop by hand.  Do not puree. Mix in 3 oz. of the feta cheese.
  
  Spoon mixture into a serving bowl.  Sprinkle remaining feta cheese around
  the edge of mixture; mound parsley in the center. Serve with pita bread or
  crackers.
  
  Yield: 6 to 8 servings.
  
  From 1994 Shepherd's Garden Seeds Catalog, pg. 19. Posted by Cathy Harned.
  
  From Gemini's MASSIVE MealMaster collection at www.synapse.com/~gemini
 
</step></directions></recipe></recipeml>
