<?xml version="1.0" encoding="UTF-8"?>

<recipeml version="0.5">
  <recipe>
    <head>
      <title>Baked Fish</title>
      <categories>
        <cat>None</cat></categories>
      <yield>1</yield></head>
    <ingredients>
      <ing>
        <amt>
          <qty>1</qty>
          <unit>pound</unit></amt>
        <item>Fish fillets (I use red snapper)</item></ing>
      <ing>
        <amt>
          <qty>1/2</qty>
          <unit>teaspoons</unit></amt>
        <item>Salt (I don't use, my hubby doesn't like salt)</item></ing>
      <ing>
        <amt>
          <qty>1</qty>
          <unit>dash</unit></amt>
        <item>Pepper</item></ing>
      <ing>
        <amt>
          <qty>2</qty>
          <unit>tablespoons</unit></amt>
        <item>Margarine or butter, melted</item></ing>
      <ing>
        <amt>
          <qty>1</qty>
          <unit>tablespoon</unit></amt>
        <item>Lemon juice</item></ing>
      <ing>
        <amt>
          <qty>2</qty>
          <unit>teaspoons</unit></amt>
        <item>Grated onion</item></ing></ingredients>
    <directions>
      <step>  If fish fillets are large, cut into 5 or 6 serving pieces. Sprinkle both
  sides of fish with salt and pepper (I don't). Mix margarine or butter (I
  use butter), lemon juice and onion. Dip fish into margarine/butter mixture;
  arrange in ungreased square pan, 9 x 9 x 2 inches. (I always use a longer
  pan).Pour remaining mixture over fish.
  
  Cook uncovered in 350 degree oven until fish flakes easily with fork, 25 to
       30    minutes.
  
  I served this with kind of a rice pilaf:  I stir fried sliced fresh
  mushrooms, celery and onion, sauteed, and then added cooked rice to the
  veggies, and also had fresh asparagus.
  
  Posted to EAT-L Digest 25 November 96
  
  Date:    Tue, 26 Nov 1996 00:27:01 -0800
  
  From:    Wayne or Diane Beck &lt;beck@ISLANDNET.COM&gt;
 
</step></directions></recipe></recipeml>
