<?xml version="1.0" encoding="UTF-8"?>

<recipeml version="0.5">
  <recipe>
    <head>
      <title>Baked Ducks in Sweet and Sour Sauce</title>
      <categories>
        <cat>Sauces</cat>
        <cat>Wild game/f</cat>
        <cat>Citrus</cat>
        <cat>Main dishes</cat></categories>
      <yield>4</yield></head>
    <ingredients>
      <ing>
        <amt>
          <qty>2</qty>
          <unit/></amt>
        <item>Wild ducks</item></ing>
      <ing>
        <amt>
          <qty>1</qty>
          <unit/></amt>
        <item>Orange [sliced]</item></ing>
      <ing>
        <amt>
          <qty>1</qty>
          <unit/></amt>
        <item>Apple [sliced]</item></ing>
      <ing>
        <amt>
          <qty>2</qty>
          <unit>tablespoons</unit></amt>
        <item>Oil</item></ing>
      <ing>
        <amt>
          <qty>2</qty>
          <unit>tablespoons</unit></amt>
        <item>Brown sugar</item></ing>
      <ing>
        <amt>
          <qty>1/4</qty>
          <unit>cups</unit></amt>
        <item>Worchestershire sauce</item></ing>
      <ing>
        <amt>
          <qty>3/4</qty>
          <unit>cups</unit></amt>
        <item>Catsup</item></ing>
      <ing>
        <amt>
          <qty>2</qty>
          <unit>tablespoons</unit></amt>
        <item>Lemon Juice</item></ing>
      <ing>
        <amt>
          <qty>1/2</qty>
          <unit>cups</unit></amt>
        <item>Onion [grated]</item></ing>
      <ing>
        <amt>
          <qty>1/2</qty>
          <unit>teaspoons</unit></amt>
        <item>Paprika</item></ing>
      <ing>
        <amt>
          <qty>1/4</qty>
          <unit>cups</unit></amt>
        <item>White vinegar</item></ing></ingredients>
    <directions>
      <step>  Rinse ducks and pat dry. Fill duck's cavities with the sliced fruit. rub
  them with the oil and place them in a baking dish... 2) Combine the
  remaining ingredients in a bowl mixing well and spoon over the ducks... 3)
  Bake, tighly sealed with foil, in a 325ø oven for 2 hours or `til tender,
  then bake uncovered `til browned...
  
  Recipe by: Bill Saiff's Rod and Reel Cookbook/Fred Goslin,Cyberealm
  
  Posted to MC-Recipe Digest V1 #797 by Roberta Banghart
  &lt;bobbi744@sojourn.com&gt; on Sep 22, 1997
 
</step></directions></recipe></recipeml>
