<?xml version="1.0" encoding="UTF-8"?>

<recipeml version="0.5">
  <recipe>
    <head>
      <title>Baked Eggplant Stir-Fried with Tomatoes and Manouri</title>
      <categories>
        <cat>Eggplant</cat>
        <cat>Salads and</cat></categories>
      <yield>2</yield></head>
    <ingredients>
      <ing>
        <amt>
          <qty>8</qty>
          <unit>ounces</unit></amt>
        <item>Eggplant; baked and cooled</item></ing>
      <ing>
        <amt>
          <qty/>
          <unit/></amt>
        <item>Olive oil spray</item></ing>
      <ing>
        <amt>
          <qty>1</qty>
          <unit>cup</unit></amt>
        <item>Chopped tomato</item></ing>
      <ing>
        <amt>
          <qty>1</qty>
          <unit>tablespoon</unit></amt>
        <item>Fresh basil; chiffonnade cut</item></ing>
      <ing>
        <amt>
          <qty>1</qty>
          <unit/></amt>
        <item>Clove garlic; minced</item></ing>
      <ing>
        <amt>
          <qty>1/4</qty>
          <unit>teaspoons</unit></amt>
        <item>Ginger root; minced</item></ing>
      <ing>
        <amt>
          <qty/>
          <unit/></amt>
        <item>Salt and red pepper</item></ing>
      <ing>
        <amt>
          <qty>2</qty>
          <unit>cups</unit></amt>
        <item>Lettuce leaves; assorted</item></ing>
      <ing>
        <amt>
          <qty>2</qty>
          <unit>tablespoons</unit></amt>
        <item>Fresh lemon juice; or less</item></ing>
      <ing>
        <amt>
          <qty/>
          <unit/></amt>
        <item>Ice water</item></ing>
      <ing>
        <amt>
          <qty>1</qty>
          <unit>ounce</unit></amt>
        <item>Manori cheese; crumbled</item></ing></ingredients>
    <directions>
      <step>  Bake and cool a small eggplant; pull strands and chop (1/2" pieces). Spray
  a wok; heat over high and stir fry the eggplant, tomatoes, garlic, ginger,
  basil and salt and red pepper until the tomatoes weep and everything is
  warmed through. Have the lettuce at hand, in a salad bowl. Turn off the
  heat; squeeze the lemon over the vegetables add water if needed to prevent
  burning and drying. Serve on top of the lettuce and crumble on the cheese.
  Manouri is a Greek cheese white cheese, moist, soft, sweet, often used for
  desserts.
  
  Idea from Vegetarian Cooking for Everyone by Deborah Madison (1997): "Baked
  Eggplant with Feta Cheese and Tomatoes;" brown an uncooked eggplant, cut it
  and toss with other ingredients: bake covered 375F about 40 minutes,
  uncovered about 5 minutes.
  
  NOTE: We made extra eggplant a few days before. CALS 116, 4.1g fat (27-28%
  cff)
  
  Recipe by: Hanneman (Oc 1997) Riverside
  
  Posted to MC-Recipe Digest V1 #863 by KitPATh &lt;phannema@wizard.ucr.edu&gt; on
  Oct 24, 1997
 
</step></directions></recipe></recipeml>
