<?xml version="1.0" encoding="UTF-8"?>

<recipeml version="0.5">
  <recipe>
    <head>
      <title>Baked English Omelette</title>
      <categories>
        <cat>None</cat></categories>
      <yield>4</yield></head>
    <ingredients>
      <ing>
        <amt>
          <qty>6</qty>
          <unit/></amt>
        <item>Eggs -- beaten</item></ing>
      <ing>
        <amt>
          <qty>1</qty>
          <unit/></amt>
        <item>Green onion -- slice thin</item></ing>
      <ing>
        <amt>
          <qty>2/3</qty>
          <unit>cups</unit></amt>
        <item>Milk</item></ing>
      <ing>
        <amt>
          <qty>3</qty>
          <unit>slices</unit></amt>
        <item>Bacon; cook -- crumble</item></ing>
      <ing>
        <amt>
          <qty>1/4</qty>
          <unit>teaspoons</unit></amt>
        <item>Salt</item></ing>
      <ing>
        <amt>
          <qty>1</qty>
          <unit>tablespoon</unit></amt>
        <item>Butter or margarine</item></ing>
      <ing>
        <amt>
          <qty>1/8</qty>
          <unit>teaspoons</unit></amt>
        <item>Pepper</item></ing>
      <ing>
        <amt>
          <qty>1</qty>
          <unit>tablespoon</unit></amt>
        <item>Parmesan</item></ing>
      <ing>
        <amt>
          <qty>1 1/2</qty>
          <unit>cups</unit></amt>
        <item>Cheddar cheese -- shredded</item></ing>
      <ing>
        <amt>
          <qty/>
          <unit/></amt>
        <item>Add'l bacon for garnish --</item></ing>
      <ing>
        <amt>
          <qty/>
          <unit/></amt>
        <item>Opt</item></ing></ingredients>
    <directions>
      <step>  Beat milk into eggs.  Stir in seasonings, cheddar, onion and bacon. Melt
  butter in a 9" frying pan.  Pour egg mixture into pan. Sprinkle with
  Parmesan.   Bake at 400~ for 20 minutes or until set and golden. Garnish
  with additional bacon, if desired. Serve immediately.
  
  Recipe By     :
  
  File ftp://ftp.idiscover.co.uk/pub/food/mealmaster/recipes/mmdja006.zip
 
</step></directions></recipe></recipeml>
