<?xml version="1.0" encoding="UTF-8"?>

<recipeml version="0.5">
  <recipe>
    <head>
      <title>Baked Eggs and Avocado</title>
      <categories>
        <cat>Eggs</cat></categories>
      <yield>2</yield></head>
    <ingredients>
      <ing>
        <amt>
          <qty>1</qty>
          <unit>tablespoon</unit></amt>
        <item>Unsalted butter</item></ing>
      <ing>
        <amt>
          <qty>4</qty>
          <unit/></amt>
        <item>Thin slices prosciutto (about 4-6 ounces total)</item></ing>
      <ing>
        <amt>
          <qty>1</qty>
          <unit>tablespoon</unit></amt>
        <item>Grated parmesan cheese</item></ing>
      <ing>
        <amt>
          <qty>1</qty>
          <unit/></amt>
        <item>Avocado; peeled and cut into 1/2 inch slices</item></ing>
      <ing>
        <amt>
          <qty>2</qty>
          <unit>tablespoons</unit></amt>
        <item>Sour cream</item></ing>
      <ing>
        <amt>
          <qty>4</qty>
          <unit/></amt>
        <item>Eggs</item></ing>
      <ing>
        <amt>
          <qty/>
          <unit/></amt>
        <item>Salt and pepper</item></ing>
      <ing>
        <amt>
          <qty>1</qty>
          <unit>tablespoon</unit></amt>
        <item>Chopped basil</item></ing>
      <ing>
        <amt>
          <qty>From:</qty>
          <unit/></amt>
        <item>Claudia Knowles &lt;KnowlesCM7@AOL.COM&gt;</item></ing>
      <ing>
        <amt>
          <qty>Date:</qty>
          <unit/></amt>
        <item>Wed, 17 Jul 1996 05:18:02 -0400</item></ing></ingredients>
    <directions>
      <step>  Preheat oven to 450 degrees. Dot 2 ramekins with butter and then evenly
  layer the prosciutto on top. Sprinkle both with the parmesan cheese.
  Scatter the avocado between the two ramekins, and then dot each with sour
  cream. Break 2 eggs into each ramekin and then season with salt and pepper.
  Sprinkle with basil. Place the ramekins in a shallow roasting pan. Pour
  boiling water into the pan to reach 3/4 of the way up the ramekins. Place
  in the oven and bake until the egg whites are milky and the yolks are set,
  about 10 - 12 minutes. Serve immediately.
  
  EAT-L Digest 16 July 96
  
  From the EAT-L recipe list.  Downloaded from Glen's MM Recipe Archive,
  http://www.erols.com/hosey.
 
</step></directions></recipe></recipeml>
