<?xml version="1.0" encoding="UTF-8"?>

<recipeml version="0.5">
  <recipe>
    <head>
      <title>Baked Fideo - Sa Express</title>
      <categories>
        <cat>Casseroles</cat>
        <cat>Tops</cat>
        <cat>Side dish</cat>
        <cat>Lent</cat></categories>
      <yield>1</yield></head>
    <ingredients>
      <ing-div>
        <title>FREDDIE JOHNSON MDTF77A</title>
        <ing>
          <amt>
            <qty>1</qty>
            <unit>package</unit></amt>
          <item>Vermicelli; (8 oz.)</item></ing>
        <ing>
          <amt>
            <qty>1/4</qty>
            <unit>cups</unit></amt>
          <item>Vegetable oil</item></ing>
        <ing>
          <amt>
            <qty>1</qty>
            <unit>medium</unit></amt>
          <item>Onion; finely chopped</item></ing>
        <ing>
          <amt>
            <qty>1</qty>
            <unit>clove</unit></amt>
          <item>Garlic; minced</item></ing>
        <ing>
          <amt>
            <qty>1</qty>
            <unit>can</unit></amt>
          <item>Tomatoes; cut up (16 oz.)</item></ing>
        <ing>
          <amt>
            <qty>1</qty>
            <unit>can</unit></amt>
          <item>Chicken broth; (11 oz.)</item></ing>
        <ing>
          <amt>
            <qty/>
            <unit/></amt>
          <item>Salt &amp; pepper to taste</item></ing>
        <ing>
          <amt>
            <qty>1</qty>
            <unit>tablespoon</unit></amt>
          <item>Cumin powder</item></ing></ing-div></ingredients>
    <directions>
      <step>  Saute vermicelli in oil until light brown. Drain on paper twoels. Place it
  in casserole. Brown onion and garlic in remaining oil in skillet. Add
  tomatoes and chicken broth with S &amp; P and cumin. Cover vermicelli with
  sauce. Cover casserole and bake 1 hour in preheated 350 oven, adding more
  chicken broth as liquid is absorbed, if needed. Source: "Seasoned With
  Sun", a cookbook by the Jr. League of El Paso. S.A. Exp. News 2/26/97.
  NOTE: I made this 4/30/97 using a 14 1/2 oz. can of Hunt's Diced tomatoes,
  undrained. I put the "called for" 11 oz. of chicken stock in and then added
  another 5 oz. halfway through cooking. I used my own homemade chicken stock
  and baked it in the convection oven for about 40 minutes. F.J.
  Posted to MC-Recipe Digest V1 #1057 by "M. Hicks" &lt;nitro_ii@email.msn.com&gt;
  on Jan 29, 1998
 
</step></directions></recipe></recipeml>
