<?xml version="1.0" encoding="UTF-8"?>

<recipeml version="0.5">
  <recipe>
    <head>
      <title>Baked Eggs in Tomato Shells</title>
      <categories>
        <cat>Eggs</cat></categories>
      <yield>6</yield></head>
    <ingredients>
      <ing>
        <amt>
          <qty>6</qty>
          <unit>medium</unit></amt>
        <item>Sized tomatoes</item></ing>
      <ing>
        <amt>
          <qty/>
          <unit/></amt>
        <item>Salt</item></ing>
      <ing>
        <amt>
          <qty>1</qty>
          <unit>teaspoon</unit></amt>
        <item>Onion powder</item></ing>
      <ing>
        <amt>
          <qty>1/2</qty>
          <unit>teaspoons</unit></amt>
        <item>Tarragon leaves,crushed</item></ing>
      <ing>
        <amt>
          <qty>1/3</qty>
          <unit>teaspoons</unit></amt>
        <item>Ground black pepper</item></ing>
      <ing>
        <amt>
          <qty>6</qty>
          <unit/></amt>
        <item>Eggs</item></ing>
      <ing>
        <amt>
          <qty>1 1/2</qty>
          <unit>tablespoons</unit></amt>
        <item>Soft bread crumbs</item></ing>
      <ing>
        <amt>
          <qty>2</qty>
          <unit>teaspoons</unit></amt>
        <item>Grated Parmesan cheese</item></ing>
      <ing>
        <amt>
          <qty>1</qty>
          <unit>teaspoon</unit></amt>
        <item>Parsley flakes</item></ing>
      <ing>
        <amt>
          <qty>1</qty>
          <unit>teaspoon</unit></amt>
        <item>Butter or margarine</item></ing></ingredients>
    <directions>
      <step>  Hold tomatoes at room temperature until fully ripe. Preheat oven to 350
  degrees.Cut a thin slice from the stem end of each tomato.Scoop out pulp
  (use in stews,soups,etc.).Sprinkle inside of tomato shells lightly with
  salt;invert on board to drain,about 10 minutes.Combine onion
  powder,tarragon,1/8 teaspoon salt and black pepper;blend well.Sprinkle each
  shell with about 1/2 teaspoon seasoning mixture.Break one egg into each
  tomato.Place on buttered baking pan.Bake until eggs are firm,25 to 30
  minutes.Combine bread crumbs,cheese and parsley. Sprinkle around outer edge
  of each tomato,Dot with butter. Place under a preheated hot broiler until
  crumbs are lightly browned,1 to 2 minutes.Serves 6.
  
  From Gemini's MASSIVE MealMaster collection at www.synapse.com/~gemini
 
</step></directions></recipe></recipeml>
