<?xml version="1.0" encoding="UTF-8"?>

<recipeml version="0.5">
  <recipe>
    <head>
      <title>Baked Eggs with Smoked Salmon - Ann Lovejoy</title>
      <categories>
        <cat>New</cat>
        <cat>Text</cat>
        <cat>Import</cat></categories>
      <yield>2</yield></head>
    <ingredients>
      <ing>
        <amt>
          <qty>2</qty>
          <unit>tablespoons</unit></amt>
        <item>Butter</item></ing>
      <ing>
        <amt>
          <qty>3</qty>
          <unit>tablespoons</unit></amt>
        <item>Soft bread crumbs</item></ing>
      <ing>
        <amt>
          <qty>2</qty>
          <unit/></amt>
        <item>Eggs</item></ing>
      <ing>
        <amt>
          <qty>1</qty>
          <unit/></amt>
        <item>Clove garlic; minced</item></ing>
      <ing>
        <amt>
          <qty>2</qty>
          <unit>ounces</unit></amt>
        <item>Cream cheese</item></ing>
      <ing>
        <amt>
          <qty>2</qty>
          <unit>ounces</unit></amt>
        <item>Smoked salmon; sliced</item></ing>
      <ing>
        <amt>
          <qty>2</qty>
          <unit>ounces</unit></amt>
        <item>Sharp cheddar cheese; grated</item></ing>
      <ing>
        <amt>
          <qty>1</qty>
          <unit/></amt>
        <item>Tomato; thickly sliced</item></ing></ingredients>
    <directions>
      <step>  Butter casseroles (custard cups work well). Press 2 to 3 tsp. bread crumbs
  on bottom and sides of each. Blend remaining crumbs with 1 T. butter,
  reserve. Break an egg into each dish. Mash garlic with cream cheese and
  gently place over eggs. Add smoked salmon, folding long strips as needed.
  Sprinkle grated cheddar over the salmon. Put 1 fat tomato slice (from
  middle of the tomato) on each dish (dice the rest for saled). Crumble half
  of the bread crumbs over each dish and bake in 350 oven for 8 to 15 minutes
  (depending on how you enjoy your eggs), then broil for 2 to 3 minutes,
  until tops are browned and slightly crisp. Serve at once.
  
  Suggested Wine: Chablis or dry gewurtztraminer
  
  Serving Ideas : hot rolls, asparagus or steamed artichokes, green salad
  
  NOTES : this is delicious at any meal
  
  Recipe by: Eight Items or Less - Ann Lovejoy
  
  Posted to MC-Recipe Digest by KSBAUM &lt;KSBAUM@aol.com&gt; on Mar 29, 1998
 
</step></directions></recipe></recipeml>
