<?xml version="1.0" encoding="UTF-8"?>

<recipeml version="0.5">
  <recipe>
    <head>
      <title>Ann Cooper's Apple Pancakes with Maple Pecan Butter</title>
      <categories>
        <cat>Breads</cat></categories>
      <yield>16</yield></head>
    <ingredients>
      <ing-div>
        <title>APPLE PANCAKES</title>
        <ing>
          <amt>
            <qty>2</qty>
            <unit/></amt>
          <item>Eggs</item></ing>
        <ing>
          <amt>
            <qty>2</qty>
            <unit>cups</unit></amt>
          <item>Buttermilk</item></ing>
        <ing>
          <amt>
            <qty>1/4</qty>
            <unit>cups</unit></amt>
          <item>Butter; melted</item></ing>
        <ing>
          <amt>
            <qty>1 3/4</qty>
            <unit>cups</unit></amt>
          <item>All-purpose flour</item></ing>
        <ing>
          <amt>
            <qty>3</qty>
            <unit>tablespoons</unit></amt>
          <item>Granulated sugar</item></ing>
        <ing>
          <amt>
            <qty>2</qty>
            <unit>teaspoons</unit></amt>
          <item>Baking powder</item></ing>
        <ing>
          <amt>
            <qty>1</qty>
            <unit>teaspoon</unit></amt>
          <item>Baking soda</item></ing>
        <ing>
          <amt>
            <qty>1/2</qty>
            <unit>teaspoons</unit></amt>
          <item>Salt</item></ing>
        <ing>
          <amt>
            <qty>1/2</qty>
            <unit>teaspoons</unit></amt>
          <item>Ground cinnamon</item></ing>
        <ing>
          <amt>
            <qty>1/4</qty>
            <unit>teaspoons</unit></amt>
          <item>Ground nutmeg</item></ing>
        <ing>
          <amt>
            <qty>1 1/2</qty>
            <unit>cups</unit></amt>
          <item>Chopped tart red apples (peeled)</item></ing></ing-div>
      <ing-div>
        <title>MAPLE PECAN BUTTER</title>
        <ing>
          <amt>
            <qty>1</qty>
            <unit>cup</unit></amt>
          <item>Butter; softened</item></ing>
        <ing>
          <amt>
            <qty>3/4</qty>
            <unit>cups</unit></amt>
          <item>Chopped pecans</item></ing>
        <ing>
          <amt>
            <qty>1/2</qty>
            <unit>cups</unit></amt>
          <item>Maple syrup</item></ing></ing-div></ingredients>
    <directions>
      <step>  Make Maple Pecan Butter. In small mixer bowl, beat butter on medium
  speed until light. Add pecans; mix well. Gradually beat in syrup. Set
  aside while making pancakes.
  
  For Apple Pancakes: In medium bowl lightly beat eggs with wire whisk.
  Add buttermilk and melted butter and whisk until smooth. Add dry
  ingredients and mix only until moistened. Stir in apples.
  
  Heat large non-stick griddle or skillet until hot. Melt a little of
  the butter on griddle until bubbly but not brown. For each pancake,
  spoon about 1/4 cup batter onto griddle. Cook until bubbles form and
  edges are cooked. Turn and cook until second side is golden. Keep
  pancakes warm on platter in 200 degree oven while preparing remaining
  batter. Serve warm with Maple Pecan Butter.
  
  Yield: 16 to 18 (4-inch) pancakes.
  
  Serving Size: 1 pancake
  
  Nutritional Information
                        per serving Calories 280 Total Fat 19 g Total
  Carbohydrates      23 g Protein 4 g Vitamin A 10 %DV Calcium 82 mg
  
  Copyright American Dairy Association (Reprinted with permission)
  Posted to MM-Recipes Digest V3 #242
  
  Date: Wed, 4 Sep 1996 17:56:49 -0400
  
  From: BobbieB1@aol.com
 
</step></directions></recipe></recipeml>
