<?xml version="1.0" encoding="UTF-8"?>

<recipeml version="0.5">
  <recipe>
    <head>
      <title>Ann Lander's Pound Cake</title>
      <categories>
        <cat>Cakes</cat></categories>
      <yield>1</yield></head>
    <ingredients>
      <ing>
        <amt>
          <qty>3</qty>
          <unit/></amt>
        <item>Sticks margarine; (room temperature)</item></ing>
      <ing>
        <amt>
          <qty>3</qty>
          <unit>cups</unit></amt>
        <item>Sugar</item></ing>
      <ing>
        <amt>
          <qty>5</qty>
          <unit>large</unit></amt>
        <item>Eggs</item></ing>
      <ing>
        <amt>
          <qty>3</qty>
          <unit>cups</unit></amt>
        <item>Plain sifted flour</item></ing>
      <ing>
        <amt>
          <qty>1</qty>
          <unit>teaspoon</unit></amt>
        <item>Vanilla extract</item></ing>
      <ing>
        <amt>
          <qty>1/2</qty>
          <unit>teaspoons</unit></amt>
        <item>Lemon extract or</item></ing>
      <ing>
        <amt>
          <qty>1</qty>
          <unit>teaspoon</unit></amt>
        <item>Grated lemon peel</item></ing>
      <ing>
        <amt>
          <qty>1/2</qty>
          <unit>teaspoons</unit></amt>
        <item>Almond extract</item></ing>
      <ing>
        <amt>
          <qty>7/8</qty>
          <unit>cups</unit></amt>
        <item>Ginger ale or similar</item></ing>
      <ing>
        <amt>
          <qty/>
          <unit/></amt>
        <item>Soda</item></ing></ingredients>
    <directions>
      <step>  Cream margarine until light. Cream in sugar and beat until fluffy. Beat in
  eggs one at a time. Beat in 1 cup flour, then add extracts and a little
  ginger ale. Continue adding flour, alternating with ginger ale, until all
  ingredients are used. Beating can be done by hand or with electric mixer
  until batter is smooth.
  
  Pour batter into two greased and floured 9 x 5-inch loaf pans or one
  greased and floured 10-inch tube pan.** Bake in a preheated 275 degrees
  oven for 1 hour and 45 minutes or until knife or cake tester inserted in
  center of cake comes out clean and cake has begun to shrink from sides of
  pan. Let cool in pan.
  
  **Cooking time for tube pan is slightly longer.
  Posted to recipelu-digest Volume 01 Number 553 by "Diane Geary."
  &lt;diane@keyway.net&gt; on Jan 18, 1998
 
</step></directions></recipe></recipeml>
