<?xml version="1.0" encoding="UTF-8"?>

<recipeml version="0.5">
  <recipe>
    <head>
      <title>Ann Criswell's Pumpkin Cheesecake</title>
      <categories>
        <cat>None</cat></categories>
      <yield>1</yield></head>
    <ingredients>
      <ing-div>
        <title/>
        <ing>
          <amt>
            <qty>4</qty>
            <unit>packages</unit></amt>
          <item>(8-ounce) light cream cheese, softened</item></ing>
        <ing>
          <amt>
            <qty>1/4</qty>
            <unit>cups</unit></amt>
          <item>Firmly packed brown sugar</item></ing>
        <ing>
          <amt>
            <qty>3</qty>
            <unit/></amt>
          <item>Eggs, (or 2 eggs, plus 2 egg whites)</item></ing>
        <ing>
          <amt>
            <qty>2</qty>
            <unit>tablespoons</unit></amt>
          <item>Flour</item></ing>
        <ing>
          <amt>
            <qty>1</qty>
            <unit>can</unit></amt>
          <item>(30-ounce) pumpkin pie mix (see note)</item></ing>
        <ing>
          <amt>
            <qty>1/4</qty>
            <unit>cups</unit></amt>
          <item>Chopped pecans or walnuts</item></ing>
        <ing>
          <amt>
            <qty/>
            <unit/></amt>
          <item>Maple syrup</item></ing>
        <ing>
          <amt>
            <qty/>
            <unit/></amt>
          <item>Whipped cream</item></ing></ing-div>
      <ing-div>
        <title>CRUST</title>
        <ing>
          <amt>
            <qty>3/4</qty>
            <unit>cups</unit></amt>
          <item>Graham cracker crumbs</item></ing>
        <ing>
          <amt>
            <qty>3</qty>
            <unit>tablespoons</unit></amt>
          <item>Melted butter or diet margarine</item></ing>
        <ing>
          <amt>
            <qty>1</qty>
            <unit>teaspoon</unit></amt>
          <item>Cinnamon</item></ing>
        <ing>
          <amt>
            <qty>2</qty>
            <unit>tablespoons</unit></amt>
          <item>Firmly packed brown sugar</item></ing>
        <ing>
          <amt>
            <qty>3</qty>
            <unit>tablespoons</unit></amt>
          <item>Chopped pecans or walnuts (optional)</item></ing></ing-div></ingredients>
    <directions>
      <step>  Not tried and true, no representations made, but here's a pumpkin
  cheesecake recipe that happened to be in the Houston paper today, by Ann
  Criswell, Houston Chronicle. If anybody tries it let me know whether to
  keep it or chunk it (gotta big pile of stuff on top my computer too).
  
  Prepare crust; refrigerate until ready to fill. Soften unwrapped cream
  cheese in microwave at medium power 2 minutes. Beat cream cheese in large
  bowl until fluffy. Gradually add sugar. Add eggs, one at a time, beating
  well after each addition. Gradually add flour and pumpkin pie mix. Blend
  well and stir in nuts. Pour into crust-lined pan.
  
  Bake in preheated 325-degree oven 1-hour and 45-minutes, or until center
  feels firm when touched. Cool in pan on wire rack. Carefully run a sharp
  knife around edges to loosen sides so cake will not crack on top. Brush top
  with maple syrup. Chill completely. Remove sides of pan. When ready to
  serve, garnish with pecans and whipped cream or mixture of whipped topping
  and nonfat vanilla yogurt. Makes 10 to 12 servings.
  
  Crust: Preheat oven to 325 degrees. Grease a 9-inch springform pan, or coat
  with vegetable oil spray. Combine crumbs, butter, cinnamon, sugar, and
  nuts. Line bottom and partly up the sides of prepared pan and refrigerate
  until ready to add filling.
  
  Note: To substitute canned pumpkin for pumpkin pie mix, use 1 (16-ounce)
  can pumpkin; increase sugar to 1 1/2 cups; use 5 eggs and 1/4 cup flour,
  and add 2 teaspoons pumpkin pie spice.
  
  Posted to CHILE-HEADS DIGEST V3 #164
  
  Date: Wed, 20 Nov 1996 19:26:19 -0800
  
  From: hjones@sprynet.com
 
</step></directions></recipe></recipeml>
