<?xml version="1.0" encoding="UTF-8"?>

<recipeml version="0.5">
  <recipe>
    <head>
      <title>Annette Funicello's Peanut Butter Chocolate Chip Cookies</title>
      <categories>
        <cat>Cookies</cat>
        <cat>Chocolate</cat></categories>
      <yield>2</yield></head>
    <ingredients>
      <ing>
        <amt>
          <qty>2</qty>
          <unit>cups</unit></amt>
        <item>Unsifted flour</item></ing>
      <ing>
        <amt>
          <qty>1</qty>
          <unit>cup</unit></amt>
        <item>Sugar</item></ing>
      <ing>
        <amt>
          <qty>1/2</qty>
          <unit>teaspoons</unit></amt>
        <item>Baking soda</item></ing>
      <ing>
        <amt>
          <qty>1/4</qty>
          <unit>teaspoons</unit></amt>
        <item>Salt</item></ing>
      <ing>
        <amt>
          <qty>1/2</qty>
          <unit>cups</unit></amt>
        <item>Corn oil margarine, softened (1 stick)</item></ing>
      <ing>
        <amt>
          <qty>1/2</qty>
          <unit>cups</unit></amt>
        <item>Skippy creamy or super chunk peanut butter (or Trader</item></ing>
      <ing>
        <amt>
          <qty/>
          <unit/></amt>
        <item>Joe's Almond Butter)</item></ing>
      <ing>
        <amt>
          <qty>2</qty>
          <unit/></amt>
        <item>Eggs</item></ing>
      <ing>
        <amt>
          <qty>1</qty>
          <unit>tablespoon</unit></amt>
        <item>Water</item></ing>
      <ing>
        <amt>
          <qty>1</qty>
          <unit>teaspoon</unit></amt>
        <item>Vanilla</item></ing>
      <ing>
        <amt>
          <qty>6</qty>
          <unit>ounces</unit></amt>
        <item>Semisweet chocolate chips, optional (1 cup)</item></ing></ingredients>
    <directions>
      <step>  In small bowl stir together flour, sugar, baking soda, and salt. In large
  bowl with mixer at low speed beat together margarine, peanut butter, eggs,
  water, and vanilla just until blended. Add flour mixture, beat until
  blended.  Increase speed to medium; beat 2 minutes. Optional: stir
  chocolate pieces into batter. Drop by rounded tablespoonfuls 3 inches apart
  onto ungreased cookie sheets. Flatten slightly with floured bottom of
  glass.  Bake in 375 F oven 10 to 12 minutes or until lightly browned. Cool
  on wire rack. Store in tightly covered container. Makes about 2-3 dozen.
  
  Peanut Butter Oat Cookies: decrease flour to 1 cup, add 1 cup quick oats.
  
  (Special thanks to Skippy Peanut Butter.)  [The Great American Peanut
  Butter Book, by Larry &amp; Honey Zisman, pg 18; St. Martin's Press, New York,
  1985.]
  
  [I made these last night to pack for my trip to Reno.  Whatever you do,
  don't use creamy peanut butter!  With just 1/2 cup nut butter mixed with 2
  cups flour, the nut taste gets kind of lost. I used almond butter; we also
  used Cantbelieveitsnotbutter for the margarine. Don't round those Tbspfulls
  too high, as these cookies wind up a bit on the large size. I also forgot
  about flattening them out; oh well... What I have are chocolate chip
  cookies (mini-chips), with a faint almond flavor.]
  
  [If anyone knows of a BBS with the Cooking echo in Sparks or Reno NV,
  please let me know!  I'll be staying at the Peppermill hotel for about 2
  weeks, and may be able to modem out...]
  
  File ftp://ftp.idiscover.co.uk/pub/food/mealmaster/recipes/mmdjaxxx.zip
 
</step></directions></recipe></recipeml>
