<?xml version="1.0" encoding="UTF-8"?>

<recipeml version="0.5">
  <recipe>
    <head>
      <title>Anne Ross's Brunch Casserole</title>
      <categories>
        <cat>Casseroles</cat></categories>
      <yield>1</yield></head>
    <ingredients>
      <ing>
        <amt>
          <qty>1</qty>
          <unit>pound</unit></amt>
        <item>Bulk sausage</item></ing>
      <ing>
        <amt>
          <qty>6</qty>
          <unit/></amt>
        <item>Eggs</item></ing>
      <ing>
        <amt>
          <qty>2</qty>
          <unit>cups</unit></amt>
        <item>Milk</item></ing>
      <ing>
        <amt>
          <qty>1</qty>
          <unit>teaspoon</unit></amt>
        <item>Salt</item></ing>
      <ing>
        <amt>
          <qty>1</qty>
          <unit>teaspoon</unit></amt>
        <item>Dry mustard</item></ing>
      <ing>
        <amt>
          <qty>2</qty>
          <unit>slices</unit></amt>
        <item>White bread; cubed</item></ing>
      <ing>
        <amt>
          <qty>1</qty>
          <unit>cup</unit></amt>
        <item>Grated sharp cheddar cheese; (4 ozs.)</item></ing></ingredients>
    <directions>
      <step>     Crumble, saute and drain sausage.  Beat eggs with milk, salt and
  mustard. Layer bread cubes, sausage and cheese in a lightly greased 9x13
  pan.  Pour egg mixture over, cover and refrigerate overnight. Bake at 350
  degrees for 45 minutes.
  
  Posted to MC-Recipe Digest V1 #293
  
  Date: Mon, 11 Nov 1996 07:43:45 +0000
  
  From: "Martha Sheppard" &lt;MARTHAHS@postoffice.worldnet.att.net&gt;
 
</step></directions></recipe></recipeml>
