<?xml version="1.0" encoding="UTF-8"?>

<recipeml version="0.5">
  <recipe>
    <head>
      <title>Annette's Vegetarian Chili</title>
      <categories>
        <cat>Tex-mex</cat>
        <cat>Main dish</cat></categories>
      <yield>8</yield></head>
    <ingredients>
      <ing>
        <amt>
          <qty/>
          <unit/></amt>
        <item>NORWOOD</item></ing>
      <ing>
        <amt>
          <qty>2</qty>
          <unit>tablespoons</unit></amt>
        <item>OIL</item></ing>
      <ing>
        <amt>
          <qty>1 1/2</qty>
          <unit>cups</unit></amt>
        <item>CELERY -- SLICED</item></ing>
      <ing>
        <amt>
          <qty>1/2</qty>
          <unit>cups</unit></amt>
        <item>ONION -- CHOPPED</item></ing>
      <ing>
        <amt>
          <qty>10</qty>
          <unit>mililiters</unit></amt>
        <item>GARLIC</item></ing>
      <ing>
        <amt>
          <qty>1</qty>
          <unit>tablespoon</unit></amt>
        <item>CHILI POWDER</item></ing>
      <ing>
        <amt>
          <qty>3/4</qty>
          <unit>teaspoons</unit></amt>
        <item>CUMIN</item></ing>
      <ing>
        <amt>
          <qty>2</qty>
          <unit>cups</unit></amt>
        <item>WATER</item></ing>
      <ing>
        <amt>
          <qty>1/2</qty>
          <unit>cups</unit></amt>
        <item>LENTILS</item></ing>
      <ing>
        <amt>
          <qty>16</qty>
          <unit>ounces</unit></amt>
        <item>CAN TOMATOES IN JUICE --</item></ing>
      <ing>
        <amt>
          <qty/>
          <unit/></amt>
        <item>CHOPPED</item></ing>
      <ing>
        <amt>
          <qty>2</qty>
          <unit>tablespoons</unit></amt>
        <item>TOMATO PASTE</item></ing>
      <ing>
        <amt>
          <qty>2</qty>
          <unit>tablespoons</unit></amt>
        <item>GREEN CHILIES -- CHOP</item></ing>
      <ing>
        <amt>
          <qty>10</qty>
          <unit>ounces</unit></amt>
        <item>RED KIDNEY BEANS -- DRAINED</item></ing>
      <ing>
        <amt>
          <qty/>
          <unit/></amt>
        <item>&amp; PEPPER TO TASTE</item></ing>
      <ing>
        <amt>
          <qty/>
          <unit/></amt>
        <item>(HVSG28B)</item></ing></ingredients>
    <directions>
      <step>  IN LARGE SAUCEPAN COOK CELERY, ONION AND GARLIC STILL SOFT ABOUT 4 MIN. ADD
  CHILI POWDER AND CUMIN; COOK, STIRRING ONE MINUTE. ADD WATER AND BRING TO
  BOIL. ADD LENTILS REDUCE HEAT, COVER AND SIMMER 20 MINUTES. ADD TOMATOES
  AND THEIR JUICE, TOMATO PASTE, CHOPPED GREEN CHILIES, SALT AND PEPPER.
  
  COVER AND COOK 25 MINUTES. ADD KIDNEY BEANS COOK AND STIR 5 MORE MINUTES.
  SERVE OVER HOT RICE AND SPRINKLE WITH CHEESE.
  
  Howard Saturday October 29th 05:18 pm pdt  Formatted for MEAL MASTER by
  Elaine Radis, PRODIGY ID: BGMB90B: GEnie ID; E.RADIS
  
  Recipe By     :
  
  From: Ladies Home Journal- August 1991
  
  File ftp://ftp.idiscover.co.uk/pub/food/mealmaster/recipes/mmdja006.zip
 
</step></directions></recipe></recipeml>
