<?xml version="1.0" encoding="UTF-8"?>

<recipeml version="0.5">
  <recipe>
    <head>
      <title>Anne Rosensweig's Arcadian Eight Bean Chili</title>
      <categories>
        <cat>Chili</cat>
        <cat>Spicy</cat>
        <cat>Make ahead</cat>
        <cat>Hearty</cat></categories>
      <yield>1</yield></head>
    <ingredients>
      <ing>
        <amt>
          <qty>1/4</qty>
          <unit>pounds</unit></amt>
        <item>Each of the following dried beans:  kidney, white, pink, black, red, pinto, cranberry, and navy</item></ing>
      <ing>
        <amt>
          <qty>1</qty>
          <unit>pound</unit></amt>
        <item>Bacon</item></ing>
      <ing>
        <amt>
          <qty>5</qty>
          <unit>large</unit></amt>
        <item>Onions, peeled and chopped</item></ing>
      <ing>
        <amt>
          <qty>2/3</qty>
          <unit>cups</unit></amt>
        <item>Minced garlic</item></ing>
      <ing>
        <amt>
          <qty>1/4</qty>
          <unit>cups</unit></amt>
        <item>Toasted coriander seeds, ground</item></ing>
      <ing>
        <amt>
          <qty>1/4</qty>
          <unit>cups</unit></amt>
        <item>Ground cinnamon</item></ing>
      <ing>
        <amt>
          <qty>1/4</qty>
          <unit>cups</unit></amt>
        <item>Paprika</item></ing>
      <ing>
        <amt>
          <qty>1/4</qty>
          <unit>cups</unit></amt>
        <item>Cayenne pepper, or to taste for the timid of tongue</item></ing>
      <ing>
        <amt>
          <qty>1/2</qty>
          <unit>cups</unit></amt>
        <item>Ground dried Poblano chili peppers</item></ing>
      <ing>
        <amt>
          <qty>108</qty>
          <unit>ounces</unit></amt>
        <item>(#10 can) Italian plum tomatoes, with juice</item></ing>
      <ing>
        <amt>
          <qty>12</qty>
          <unit>ounces</unit></amt>
        <item>Beer</item></ing>
      <ing>
        <amt>
          <qty>5</qty>
          <unit>pounds</unit></amt>
        <item>Lean ground beef salt to taste</item></ing></ingredients>
    <directions>
      <step>  In a large pot, soak the beans together overnight in water to cover.
  
  Drain and add fresh water to cover.  Cook at a simmer for 1 1/2 hours or
  until beans are just tender.
  
  While the beans are simmering, heat a large skillet. Mince the bacon and
  cook it until it begins to crisp. Add the onions and garlic and cook over
  medium heat for 5 minutes. Add all the spices and the ground Poblanos and
  cook another 5 minutes.  Add the tomatoes with their juice and the beer.
  Simmer for half an hour.
  
  In another pan, cook the beef until the pink color disappears. Drain and
  add it to tomatoe mixture.
  
  When the beans are fully cooked, drain them, reserving the liquid, and add
  the beans to the meat/tomato mixture. Salt to taste and let the mixture
  simmer for about 1 hour. If it is too dry, add some of the bean liquid.
  
  Serves 25
  
  KEYWORDS:  chili, spicy, make ahead, Arcadia, hearty, entertain Converted
  by MMCONV vers. 1.40
  
  From Gemini's MASSIVE MealMaster collection at www.synapse.com/~gemini
 
</step></directions></recipe></recipeml>
