<?xml version="1.0" encoding="UTF-8"?>

<recipeml version="0.5">
  <recipe>
    <head>
      <title>Annie Mae Jones' Old-Fashioned Chicken Gravy</title>
      <categories>
        <cat>Sauces</cat></categories>
      <yield>8</yield></head>
    <ingredients>
      <ing>
        <amt>
          <qty>2</qty>
          <unit>tablespoons</unit></amt>
        <item>Butter</item></ing>
      <ing>
        <amt>
          <qty>1</qty>
          <unit>tablespoon</unit></amt>
        <item>Flour</item></ing>
      <ing>
        <amt>
          <qty>3/4</qty>
          <unit>cups</unit></amt>
        <item>Chicken stock</item></ing>
      <ing>
        <amt>
          <qty>1/4</qty>
          <unit>cups</unit></amt>
        <item>Light cream</item></ing>
      <ing>
        <amt>
          <qty/>
          <unit/></amt>
        <item>Salt</item></ing>
      <ing>
        <amt>
          <qty/>
          <unit/></amt>
        <item>Pepper</item></ing></ingredients>
    <directions>
      <step>  1. Pour the frying fat from the pan, replace it with the butter, melt, then
  stir in the flour. When bubbly, stir in the stock and cream, and cook until
  sauce thickens. Season with salt and pepper.
  
  2. Serve the sauce separately to spoon over the chicken pieces at the
  table.
 
</step></directions></recipe></recipeml>
