<?xml version="1.0" encoding="UTF-8"?>

<recipeml version="0.5">
  <recipe>
    <head>
      <title>Annie Mae's Lemony Cheese Cake</title>
      <categories>
        <cat>Desserts</cat></categories>
      <yield>12</yield></head>
    <ingredients>
      <ing-div>
        <title/>
        <ing>
          <amt>
            <qty>2</qty>
            <unit>packages</unit></amt>
          <item>Gelatin,unflavored</item></ing>
        <ing>
          <amt>
            <qty>1/2</qty>
            <unit>cups</unit></amt>
          <item>Water,cold</item></ing>
        <ing>
          <amt>
            <qty>3</qty>
            <unit/></amt>
          <item>Eggs,separated</item></ing>
        <ing>
          <amt>
            <qty>1</qty>
            <unit>cup</unit></amt>
          <item>Sugar</item></ing>
        <ing>
          <amt>
            <qty>1/2</qty>
            <unit>cups</unit></amt>
          <item>Milk</item></ing>
        <ing>
          <amt>
            <qty>1</qty>
            <unit>dash</unit></amt>
          <item>Salt</item></ing>
        <ing>
          <amt>
            <qty>2</qty>
            <unit>teaspoons</unit></amt>
          <item>Lemon rind,grated</item></ing>
        <ing>
          <amt>
            <qty>3</qty>
            <unit>tablespoons</unit></amt>
          <item>Lemon juice</item></ing>
        <ing>
          <amt>
            <qty>4</qty>
            <unit>cups</unit></amt>
          <item>Cottage cheese</item></ing>
        <ing>
          <amt>
            <qty>1</qty>
            <unit>cup</unit></amt>
          <item>Cream</item></ing></ing-div>
      <ing-div>
        <title>GRAHAM CRACKER CRUSTS</title>
        <ing>
          <amt>
            <qty>2</qty>
            <unit>cups</unit></amt>
          <item>Graham cracker crumbs</item></ing>
        <ing>
          <amt>
            <qty>1/2</qty>
            <unit>cups</unit></amt>
          <item>Sugar</item></ing>
        <ing>
          <amt>
            <qty>1/2</qty>
            <unit>cups</unit></amt>
          <item>Melted butter</item></ing></ing-div>
      <ing-div>
        <title>LEMON TOPPING</title>
        <ing>
          <amt>
            <qty>2</qty>
            <unit/></amt>
          <item>Egg yolks</item></ing>
        <ing>
          <amt>
            <qty>3/4</qty>
            <unit>cups</unit></amt>
          <item>Sugar</item></ing>
        <ing>
          <amt>
            <qty>3</qty>
            <unit>tablespoons</unit></amt>
          <item>Butter</item></ing>
        <ing>
          <amt>
            <qty>1</qty>
            <unit>teaspoon</unit></amt>
          <item>Lemon rind,grated</item></ing>
        <ing>
          <amt>
            <qty>2</qty>
            <unit>tablespoons</unit></amt>
          <item>Lemon juice</item></ing>
        <ing>
          <amt>
            <qty>1 1/2</qty>
            <unit>tablespoons</unit></amt>
          <item>Cornstarch</item></ing>
        <ing>
          <amt>
            <qty>3</qty>
            <unit>tablespoons</unit></amt>
          <item>Water</item></ing></ing-div></ingredients>
    <directions>
      <step>  1. Sprinkle gelatin over cold water and allow to stand until softened.
  Combine egg yolks, sugar, milk, and salt in top half of a double boiler and
  cook over shimmering water, stirring frequently until custard thickens and
  coats the spoon.
  2. Place lemon rind, lemon juice, and cottage cheese in container of
  electric blender and blend until smooth. Combine with cooled custard and
  blend well. Chill until mixture begins to thicken.
  3. Beat egg whites and cream separately until stiff; fold into cottage
  cheese mixture. Pour into 2 Graham Cracker Crusts and chill until firm.
  Spread with lemon custard topping before serving.
  
  *** GRAHAM CRACKER CRUSTS ***
  1. Preheat oven to 300'F.
  2. Combine all ingredients in a large bowl. Press mixture evenly across
  bottom and sides of 2 8-9" pie pans and bake in preheated oven for 5-10
  minutes. Chill well before filling.
  
  *** LEMON TOPPING FOR CHEESE CAKE ***
  Combine egg yolks, sugar, butter rind, and lemon juice in top half of a
  double boiler. Cook over simmering water until quite thick, then cool
  slightly. Mix cornstarch with water and stir into lemon mixture. Cool
  before spreading on cheese cakes.
  
  From Gemini's MASSIVE MealMaster collection at www.synapse.com/~gemini
 
</step></directions></recipe></recipeml>
