<?xml version="1.0" encoding="UTF-8"?>

<recipeml version="0.5">
  <recipe>
    <head>
      <title>Annie Mae Jones' Cornmeal Muffins</title>
      <categories>
        <cat>Breads</cat>
        <cat>Muffins</cat></categories>
      <yield>12</yield></head>
    <ingredients>
      <ing>
        <amt>
          <qty>2</qty>
          <unit>cups</unit></amt>
        <item>Cornmeal,sifted*</item></ing>
      <ing>
        <amt>
          <qty>3/4</qty>
          <unit>teaspoons</unit></amt>
        <item>Baking soda</item></ing>
      <ing>
        <amt>
          <qty>1/2</qty>
          <unit>teaspoons</unit></amt>
        <item>Salt</item></ing>
      <ing>
        <amt>
          <qty>1</qty>
          <unit/></amt>
        <item>Egg</item></ing>
      <ing>
        <amt>
          <qty>1 1/2</qty>
          <unit>cups</unit></amt>
        <item>Buttermilk</item></ing>
      <ing>
        <amt>
          <qty>1 1/2</qty>
          <unit>tablespoons</unit></amt>
        <item>Lard or vegetable shortening</item></ing>
      <ing>
        <amt>
          <qty>1 1/2</qty>
          <unit>tablespoons</unit></amt>
        <item>Butter</item></ing></ingredients>
    <directions>
      <step>  1. Preheat oven to 400'F.
  
  2. Grease 2 6-cup muffin tins with vegetable shortening or lard. Place in
  oven to heat.
  
  3. Sift cornmeal, soda, and salt into a mixing bowl.
  
  4. Beat egg with buttermilk. Heat shortening with butter until melted; add
  to egg and buttermilk and blend. Add to dry ingredients all at once and
  stir just enough to give the mixture a rough appearance. Add additional
  buttermilk if mixture seems too dry.
  
  5. Pour into hot muffin pans and bake about 20 minutes, or until lightly
  browned. Serve hot with plentyof soft butter and any homemade jelly or jam.
  
  From Gemini's MASSIVE MealMaster collection at www.synapse.com/~gemini
 
</step></directions></recipe></recipeml>
