<?xml version="1.0" encoding="UTF-8"?>

<recipeml version="0.5">
  <recipe>
    <head>
      <title>Annie Mae Jones' Sponge Cake for Strawberry Shortcake</title>
      <categories>
        <cat>Cakes</cat></categories>
      <yield>8</yield></head>
    <ingredients>
      <ing>
        <amt>
          <qty>4</qty>
          <unit/></amt>
        <item>Eggs,at room temperature</item></ing>
      <ing>
        <amt>
          <qty>1</qty>
          <unit>cup</unit></amt>
        <item>Sugar</item></ing>
      <ing>
        <amt>
          <qty>1</qty>
          <unit>teaspoon</unit></amt>
        <item>Vanilla</item></ing>
      <ing>
        <amt>
          <qty>1 1/2</qty>
          <unit>cups</unit></amt>
        <item>Cake flour</item></ing>
      <ing>
        <amt>
          <qty>3</qty>
          <unit>teaspoons</unit></amt>
        <item>Baking powder</item></ing>
      <ing>
        <amt>
          <qty>3/4</qty>
          <unit>cups</unit></amt>
        <item>Milk</item></ing></ingredients>
    <directions>
      <step>  1. Preheat oven to 325'F. 2. Separate eggs, placing yolks in large mixing
  bowl and setting whites aside. Beat yolks with sugar until very light and
  fluffy. Beat in vanilla. 3. Sift cake flour with baking powder onto waxed
  paper. 4. Fold dry ingredients alternately with milk into egg-sugar
  mixture. 5. In a separate bowl beat reserved egg whites until stiff and
  then fold into batter. 6. Pour into an ungreased 9" tube pan and bake in
  preheated oven 45-50 minutes . Invert pan. When cake is cool remove from
  pan. Submitted By PHILL@MACK.RT66.COM (PATRICIA HILL) On 28 DEC 1995 155047
  ~0700
  
  File ftp://ftp.idiscover.co.uk/pub/food/mealmaster/recipes/mmdjaxxx.zip
 
</step></directions></recipe></recipeml>
