<?xml version="1.0" encoding="UTF-8"?>

<recipeml version="0.5">
  <recipe>
    <head>
      <title>Another "It's Not Shrimp" Recipe</title>
      <categories>
        <cat>Vegetable</cat></categories>
      <yield>4</yield></head>
    <ingredients>
      <ing>
        <amt>
          <qty>1/4</qty>
          <unit>cups</unit></amt>
        <item>Honey</item></ing>
      <ing>
        <amt>
          <qty>1/4</qty>
          <unit>cups</unit></amt>
        <item>Red wine</item></ing>
      <ing>
        <amt>
          <qty>1</qty>
          <unit>tablespoon</unit></amt>
        <item>Sesame oil</item></ing>
      <ing>
        <amt>
          <qty>1</qty>
          <unit>tablespoon</unit></amt>
        <item>Soy Sauce</item></ing>
      <ing>
        <amt>
          <qty>1</qty>
          <unit>tablespoon</unit></amt>
        <item>Worcestershire</item></ing>
      <ing>
        <amt>
          <qty>1/4</qty>
          <unit>cups</unit></amt>
        <item>Orange juice</item></ing>
      <ing>
        <amt>
          <qty/>
          <unit/></amt>
        <item>Black pepper</item></ing></ingredients>
    <directions>
      <step>  From: Georganne Burke &lt;nbcnet@inforamp.net&gt;
  
  Date: Tue, 23 Jul 1996 20:08:24 -0400 (EDT)
  Mix all ingredients well and marinate It's Not Shrimp for 2 hours (or
  more). Heat up the grill and grill the "shrimpelech" for 12 minutes,
  basting constantly with remaining marinade. Serve with your favorite rice
  or potaotes and salad or veggie.
  
  JEWISH-FOOD digest 275
  
  From the Jewish Food recipe list.  Downloaded from Glen's MM Recipe
  Archive, http://www.erols.com/hosey.
 
</step></directions></recipe></recipeml>
