<?xml version="1.0" encoding="UTF-8"?>

<recipeml version="0.5">
  <recipe>
    <head>
      <title>Another Divinity</title>
      <categories>
        <cat>Candy</cat></categories>
      <yield>40</yield></head>
    <ingredients>
      <ing>
        <amt>
          <qty>2</qty>
          <unit>cups</unit></amt>
        <item>Sugar</item></ing>
      <ing>
        <amt>
          <qty>1/2</qty>
          <unit>cups</unit></amt>
        <item>Water</item></ing>
      <ing>
        <amt>
          <qty>3</qty>
          <unit>tablespoons</unit></amt>
        <item>Light corn syrup</item></ing>
      <ing>
        <amt>
          <qty>3</qty>
          <unit/></amt>
        <item>Egg whites (room temperature)</item></ing>
      <ing>
        <amt>
          <qty>1</qty>
          <unit>dash</unit></amt>
        <item>Salt</item></ing>
      <ing>
        <amt>
          <qty>1/2</qty>
          <unit>teaspoons</unit></amt>
        <item>Butterscotch flavoring</item></ing>
      <ing>
        <amt>
          <qty>1/2</qty>
          <unit>teaspoons</unit></amt>
        <item>Vanilla</item></ing>
      <ing>
        <amt>
          <qty>1</qty>
          <unit>cup</unit></amt>
        <item>Chopped pecans or walnuts</item></ing></ingredients>
    <directions>
      <step>  From: Another message from Rosemary! &lt;RWARREN@TOPAZ.CONCORDIA.CA&gt;
  
  Date: Tue, 6 Dec 1994 19:57:33 GMT
  
  From Ideals Candy Cookbook by Mildred Brand (1979), Yield:  40 pieces Cook
  sugar, water, and corn syrup in a covered saucepan until mixture boils
  rapidly.  Remove lid and place thermometer in pan.  Cook to 236F.  Whip egg
  whites until stiff.  Pour 1/3 cup cooked syrup slowly over the beating egg
  whites.  Continue beating at medium speed.  When remaining syrup cooks to
  264F add it to beaten egg white mixture, pouring in a small stream and
  beating constantly. Beat 12-15 minutes longer, until batch loses gloss.
  REmove beater; add salt, falvorings, and nuts. Drop by spoonfuls on waxed
  paper. Store in tight container.
  
  REC.FOOD.RECIPES ARCHIVES
  
  /CANDY
  
  From rec.food.cooking archives.  Downloaded from Glen's MM Recipe Archive,
  http://www.erols.com/hosey.
 
</step></directions></recipe></recipeml>
