<?xml version="1.0" encoding="UTF-8"?>

<recipeml version="0.5">
  <recipe>
    <head>
      <title>Another Apple Crisp</title>
      <categories>
        <cat>Cyberealm</cat>
        <cat>Desserts</cat></categories>
      <yield>6</yield></head>
    <ingredients>
      <ing>
        <amt>
          <qty>4</qty>
          <unit>cups</unit></amt>
        <item>Apples,tart,sliced,peeled</item></ing>
      <ing>
        <amt>
          <qty>1/2</qty>
          <unit>cups</unit></amt>
        <item>Water</item></ing>
      <ing>
        <amt>
          <qty>3/4</qty>
          <unit>cups</unit></amt>
        <item>Flour</item></ing>
      <ing>
        <amt>
          <qty>1</qty>
          <unit>cup</unit></amt>
        <item>Sugar or brown sugar</item></ing>
      <ing>
        <amt>
          <qty>1</qty>
          <unit>teaspoon</unit></amt>
        <item>Cinnamon</item></ing>
      <ing>
        <amt>
          <qty>1/2</qty>
          <unit>cups</unit></amt>
        <item>Butter</item></ing>
      <ing>
        <amt>
          <qty>1/4</qty>
          <unit>teaspoons</unit></amt>
        <item>Salt</item></ing>
      <ing>
        <amt>
          <qty/>
          <unit/></amt>
        <item>Cream or whipped cream</item></ing></ingredients>
    <directions>
      <step>  Butter a deep baking dish, put apples,water,flour,sugar and cinnamon
  in it. Mix with spoon and spread butter and salt over the apple mix.
  Bake at 350 degrees F until the apples are tender and the crust
  brown,about 30 minutes.Serve with cream or whipped cream From Fanny
  Farmers Boston Cookbook
  
  File ftp://ftp.idiscover.co.uk/pub/food/mealmaster/recipes/mmcyber3.zip
 
</step></directions></recipe></recipeml>
