<?xml version="1.0" encoding="UTF-8"?>

<recipeml version="0.5">
  <recipe>
    <head>
      <title>Another Chili Recipe</title>
      <categories>
        <cat>Digest</cat>
        <cat>Oct.</cat>
        <cat>Fatfree</cat></categories>
      <yield>1</yield></head>
    <ingredients>
      <ing>
        <amt>
          <qty>1</qty>
          <unit>cup</unit></amt>
        <item>TVP, rehydrated</item></ing>
      <ing>
        <amt>
          <qty>8</qty>
          <unit/></amt>
        <item>To 16 oz of tempeh, chopped</item></ing>
      <ing>
        <amt>
          <qty>8</qty>
          <unit/></amt>
        <item>To 16 oz of tofu, crumbled</item></ing>
      <ing>
        <amt>
          <qty>1</qty>
          <unit/></amt>
        <item>To 2 cans pinto beans,</item></ing>
      <ing>
        <amt>
          <qty/>
          <unit/></amt>
        <item>Rinsed</item></ing>
      <ing>
        <amt>
          <qty>1</qty>
          <unit/></amt>
        <item>To 2 cans kidney beans,</item></ing>
      <ing>
        <amt>
          <qty/>
          <unit/></amt>
        <item>Rinsed</item></ing>
      <ing>
        <amt>
          <qty>1</qty>
          <unit/></amt>
        <item>To 2 cans white beans,</item></ing>
      <ing>
        <amt>
          <qty/>
          <unit/></amt>
        <item>Rinsed</item></ing>
      <ing>
        <amt>
          <qty/>
          <unit>x</unit></amt>
        <item>Any other bean you like</item></ing>
      <ing>
        <amt>
          <qty>2</qty>
          <unit/></amt>
        <item>To 4 large onions, chopped</item></ing>
      <ing>
        <amt>
          <qty>10</qty>
          <unit/></amt>
        <item>Or more cloves garlic,</item></ing>
      <ing>
        <amt>
          <qty/>
          <unit/></amt>
        <item>Chopped</item></ing>
      <ing>
        <amt>
          <qty>2</qty>
          <unit/></amt>
        <item>To 4 green peppers, chopped</item></ing>
      <ing>
        <amt>
          <qty>1</qty>
          <unit/></amt>
        <item>Or more hot peppers of your</item></ing>
      <ing>
        <amt>
          <qty/>
          <unit/></amt>
        <item>Choice (jalepeno,</item></ing>
      <ing>
        <amt>
          <qty/>
          <unit/></amt>
        <item>Serrano, ..), minced</item></ing>
      <ing>
        <amt>
          <qty>2</qty>
          <unit/></amt>
        <item>To 4 15 oz cans crushed</item></ing>
      <ing>
        <amt>
          <qty/>
          <unit/></amt>
        <item>Tomatoes</item></ing>
      <ing>
        <amt>
          <qty>6</qty>
          <unit/></amt>
        <item>To 12 oz tomato paste</item></ing>
      <ing>
        <amt>
          <qty>1/2</qty>
          <unit/></amt>
        <item>To 1 lb mushrooms, coursly</item></ing>
      <ing>
        <amt>
          <qty/>
          <unit/></amt>
        <item>Chopped</item></ing>
      <ing>
        <amt>
          <qty>1</qty>
          <unit>teaspoon</unit></amt>
        <item>Ground cayenne pepper</item></ing>
      <ing>
        <amt>
          <qty>2</qty>
          <unit>tablespoons</unit></amt>
        <item>Chili powder</item></ing>
      <ing>
        <amt>
          <qty>2</qty>
          <unit>tablespoons</unit></amt>
        <item>Worcestershire sauce</item></ing>
      <ing>
        <amt>
          <qty>2</qty>
          <unit>tablespoons</unit></amt>
        <item>Vinegar</item></ing>
      <ing>
        <amt>
          <qty>1</qty>
          <unit/></amt>
        <item>Bay leaf</item></ing>
      <ing>
        <amt>
          <qty>1</qty>
          <unit>teaspoon</unit></amt>
        <item>Cinnamon</item></ing>
      <ing>
        <amt>
          <qty>1/2</qty>
          <unit>teaspoons</unit></amt>
        <item>Allspice</item></ing>
      <ing>
        <amt>
          <qty>1</qty>
          <unit>tablespoon</unit></amt>
        <item>Cumin</item></ing></ingredients>
    <directions>
      <step>  Saute the onion, peppers, hot peppers, and garlic until the onions are
  translucent.  Add all other ingrediants and simmer a minimum of 30 minutes
  (about how long corn bread takes to cook ;-).  Add water if chili is too
  thick.  Adjust seasonings during cooking to taste.
  
  That's it!  Last night's batch had TVP, 1 can pinto beans, 2 cans kidney
  beans, 1 can black eye peas, so I used double the spices and the higher
  amounts of the rest of the ingrediants.  Very tasty last night and of
  course even better today for lunch.
  
  Posted by Cynthia Grall &lt;grall@la.tis.com&gt; to the Fatfree Digest [Volume 11
  Issue 13], Oct. 13, 1994. FATFREE Recipe collections copyrighted by
  Michelle Dick 1994. Used with permission. Formatted by Sue Smith,
  S.Smith34, TXFT40A@Prodigy.com using MMCONV.
  
  File ftp://ftp.idiscover.co.uk/pub/food/mealmaster/recipes/fatfreex.zip
 
</step></directions></recipe></recipeml>
