<?xml version="1.0" encoding="UTF-8"?>

<recipeml version="0.5">
  <recipe>
    <head>
      <title>Another Tortilla Appetizer Recipe</title>
      <categories>
        <cat>None</cat></categories>
      <yield>1</yield></head>
    <ingredients>
      <ing-div>
        <title>MIX TOGETHER</title>
        <ing>
          <amt>
            <qty>8</qty>
            <unit>ounces</unit></amt>
          <item>Cream cheese; (softened) a little milk can be added.</item></ing>
        <ing>
          <amt>
            <qty>1</qty>
            <unit>small</unit></amt>
          <item>Can gren chilies</item></ing>
        <ing>
          <amt>
            <qty>1/4</qty>
            <unit>cups</unit></amt>
          <item>Picante sauce</item></ing></ing-div></ingredients>
    <directions>
      <step>  Spread mixture on 6" flour tortillas (room temperature) Sprinkle with
  cheddar cheese and sliced black olives. Roll up and refrigerate, cut in
  1/2" slices.
  
  Posted to CHILE-HEADS DIGEST V4 #279 by Judy Howle &lt;howle@ebicom.net&gt; on
  Jan 22, 1998
 
</step></directions></recipe></recipeml>
