<?xml version="1.0" encoding="UTF-8"?>

<recipeml version="0.5">
  <recipe>
    <head>
      <title>Another Irish Soda Bread Recipe</title>
      <categories>
        <cat>Digest</cat>
        <cat>Mar95</cat>
        <cat>Fatfree</cat></categories>
      <yield>1</yield></head>
    <ingredients>
      <ing>
        <amt>
          <qty>6</qty>
          <unit>cups</unit></amt>
        <item>Flour</item></ing>
      <ing>
        <amt>
          <qty>1</qty>
          <unit>teaspoon</unit></amt>
        <item>Baking soda</item></ing>
      <ing>
        <amt>
          <qty>3/4</qty>
          <unit>cups</unit></amt>
        <item>Sugar</item></ing>
      <ing>
        <amt>
          <qty>1</qty>
          <unit>pound</unit></amt>
        <item>Raisins</item></ing>
      <ing>
        <amt>
          <qty>3</qty>
          <unit>teaspoons</unit></amt>
        <item>Baking powder</item></ing>
      <ing>
        <amt>
          <qty>1 1/2</qty>
          <unit>teaspoons</unit></amt>
        <item>Salt</item></ing>
      <ing>
        <amt>
          <qty>1</qty>
          <unit/></amt>
        <item>Caraway seeds to taste</item></ing>
      <ing>
        <amt>
          <qty/>
          <unit/></amt>
        <item>(usually 1/8 cup</item></ing>
      <ing>
        <amt>
          <qty>1</qty>
          <unit>quart</unit></amt>
        <item>Buttermilk</item></ing></ingredients>
    <directions>
      <step>  Mix all the dry ingredients in a LARGE bowl. Mix in caraway and rasins. Mix
  in buttermilk. It helps to use your hands to mix this because the dough is
  stickey DO NOT USE AN ELECTRIC MIXER. I did this a couple of times and the
  bread came out very flat. Divide batter into two buttered cake pans. Flour
  a knife and cut a cross into the tops of each. Bake at 350 for about an
  hour. The top should not be allowed to get to brown.
  
  Source: It was my Grandmother's (Tom Purcia) recipe from county Mayo in
  Ireland.
  
  Re-Posted by aiko@epoch.com (Aiko Pinkoski) to the Fatfree Digest [Volume
       16    Issue 11] Mar. 15, 1995.
  
  Individual recipes copyrighted by originator. FATFREE Recipe collections
  copyrighted by Michelle Dick 1995. Formatted by Sue Smith,
  SueSmith9@aol.com using MMCONV. Archived through kindness of Karen
  Mintzias, km@salata.com.
  
  1.80á
  
  File ftp://ftp.idiscover.co.uk/pub/food/mealmaster/recipes/fatfreex.zip
 
</step></directions></recipe></recipeml>
