<?xml version="1.0" encoding="UTF-8"?>

<recipeml version="0.5">
  <recipe>
    <head>
      <title>Another Chicken Fried Steak</title>
      <categories>
        <cat>Main dish</cat>
        <cat>Beef</cat>
        <cat>Texas/s.w.</cat></categories>
      <yield>4</yield></head>
    <ingredients>
      <ing>
        <amt>
          <qty>1</qty>
          <unit>pound</unit></amt>
        <item>Boneless beef cut into 4 serving pieces</item></ing>
      <ing>
        <amt>
          <qty>1</qty>
          <unit>cup</unit></amt>
        <item>Flour, total</item></ing>
      <ing>
        <amt>
          <qty>1</qty>
          <unit/></amt>
        <item>Egg</item></ing>
      <ing>
        <amt>
          <qty>1/4</qty>
          <unit>cups</unit></amt>
        <item>Milk</item></ing>
      <ing>
        <amt>
          <qty>1</qty>
          <unit>medium</unit></amt>
        <item>Onion, chopped</item></ing>
      <ing>
        <amt>
          <qty>1</qty>
          <unit>cup</unit></amt>
        <item>Chicken broth</item></ing>
      <ing>
        <amt>
          <qty>1</qty>
          <unit>cup</unit></amt>
        <item>Heavy cream</item></ing>
      <ing>
        <amt>
          <qty>2</qty>
          <unit>tablespoons</unit></amt>
        <item>Fresh parsley chopped (or 2 tsp. dried)</item></ing>
      <ing>
        <amt>
          <qty/>
          <unit/></amt>
        <item>Veg. oil to fry steaks</item></ing></ingredients>
    <directions>
      <step>  Pound steaks to about 1/4" thickness.  Rub both sides with salt, pepper,
  paprika and garlic powder. Heat oil in a large skillet, oil should be about
  1/4" high. Beat egg and milk together in a bowl. In another bowl, season
  the flour with salt, pepper, paprika, and garlic powder. When the oil is
  hot, dredge the steaks in the flour, then in the egg mixture, then back
  again in the flour.  Place them immediately in the skillet. Fry on both
  sides until golden brown. Remove and set aside. Remove most of the oil from
  the skillet, leaving behind the bits of meat etc. Reheat the oil and add
  the onion.  Cook until golden then add about 3 Tbsp. of flour, whisking it
  in.  Gradually whisk in the chicken broth scraping the bottom well, add a
  little water if it is still too thick. Bring to boil then add cream and
  parsley and cook another minute. Serve with mashed potatoes, corn bread, or
  biscuits.
  
  From Gemini's MASSIVE MealMaster collection at www.synapse.com/~gemini
 
</step></directions></recipe></recipeml>
