<?xml version="1.0" encoding="UTF-8"?>

<recipeml version="0.5">
  <recipe>
    <head>
      <title>Another Falafel Recipe</title>
      <categories>
        <cat>Appetizers</cat>
        <cat>Oriental</cat>
        <cat>Snacks</cat></categories>
      <yield>12</yield></head>
    <ingredients>
      <ing-div>
        <title/>
        <ing>
          <amt>
            <qty>1 1/2</qty>
            <unit>cups</unit></amt>
          <item>Chick peas, cooked &amp; drained</item></ing>
        <ing>
          <amt>
            <qty>1</qty>
            <unit/></amt>
          <item>Onion, chopped</item></ing>
        <ing>
          <amt>
            <qty>1/4</qty>
            <unit>cups</unit></amt>
          <item>Parsley, chopped</item></ing>
        <ing>
          <amt>
            <qty>3</qty>
            <unit/></amt>
          <item>Garlic cloves, crushed</item></ing>
        <ing>
          <amt>
            <qty>1</qty>
            <unit>tablespoon</unit></amt>
          <item>Chick pea stock</item></ing>
        <ing>
          <amt>
            <qty>1/2</qty>
            <unit>teaspoons</unit></amt>
          <item>Baking soda</item></ing>
        <ing>
          <amt>
            <qty>1</qty>
            <unit>teaspoon</unit></amt>
          <item>Coriander</item></ing>
        <ing>
          <amt>
            <qty>1</qty>
            <unit>teaspoon</unit></amt>
          <item>Cumin</item></ing>
        <ing>
          <amt>
            <qty/>
            <unit/></amt>
          <item>Salt &amp; pepper</item></ing>
        <ing>
          <amt>
            <qty>1</qty>
            <unit>tablespoon</unit></amt>
          <item>All-purpose flour, plus additional flour for coating patties</item></ing>
        <ing>
          <amt>
            <qty/>
            <unit/></amt>
          <item>Oil for frying</item></ing>
        <ing>
          <amt>
            <qty/>
            <unit/></amt>
          <item>Pitas, tops cut off</item></ing>
        <ing>
          <amt>
            <qty/>
            <unit/></amt>
          <item>Tomato &amp; onion salad</item></ing>
        <ing>
          <amt>
            <qty>1</qty>
            <unit>dash</unit></amt>
          <item>Harissa, see below, optional</item></ing></ing-div>
      <ing-div>
        <title>HARISSA</title>
        <ing>
          <amt>
            <qty>1/2</qty>
            <unit>pounds</unit></amt>
          <item>Red chilis, stemmed, seeded &amp; chopped</item></ing>
        <ing>
          <amt>
            <qty>6</qty>
            <unit/></amt>
          <item>Garlic cloves, peeled</item></ing>
        <ing>
          <amt>
            <qty>1</qty>
            <unit>teaspoon</unit></amt>
          <item>Caraway seeds</item></ing>
        <ing>
          <amt>
            <qty>1</qty>
            <unit>teaspoon</unit></amt>
          <item>Salt</item></ing>
        <ing>
          <amt>
            <qty>1 1/2</qty>
            <unit>teaspoons</unit></amt>
          <item>Pepper</item></ing>
        <ing>
          <amt>
            <qty>1 1/2</qty>
            <unit>teaspoons</unit></amt>
          <item>Cumin</item></ing>
        <ing>
          <amt>
            <qty>1</qty>
            <unit>teaspoon</unit></amt>
          <item>Coriander</item></ing>
        <ing>
          <amt>
            <qty/>
            <unit/></amt>
          <item>Olive oil</item></ing></ing-div></ingredients>
    <directions>
      <step>  Place cooked chick peas in a blender.  Add onion, parsley, garlic, stock,
  soda, spices, salt &amp; pepper. Process until smooth. Place in a glass bowl &amp;
  refrigerate until firm, 20 to 30 minutes. Shape into 12 patties. Dust
  lightly with flour &amp; fry in hot oil, turning frequently until browned &amp;
  crisp. Drain on paper towels. Put a pattie in a pita pocket, top with salad
  &amp; a little harissa if desired. HARISSA: Place peppers &amp; garlic in a
  processor &amp; process until coarsely ground. Add remaining ingredients except
  the olive oil &amp; process until smooth. To store, place in a small jar, top
  with a thinlayer of olive oil &amp; refrigerate till ready to use. Makes 1 cup.
  
  From Gemini's MASSIVE MealMaster collection at www.synapse.com/~gemini
 
</step></directions></recipe></recipeml>
