<?xml version="1.0" encoding="UTF-8"?>

<recipeml version="0.5">
  <recipe>
    <head>
      <title>Another Curry Powder</title>
      <categories>
        <cat>Misc</cat></categories>
      <yield>1 /2</yield></head>
    <ingredients>
      <ing>
        <amt>
          <qty>3</qty>
          <unit>tablespoons</unit></amt>
        <item>Coriander seeds</item></ing>
      <ing>
        <amt>
          <qty>2</qty>
          <unit>tablespoons</unit></amt>
        <item>Cumin seeds</item></ing>
      <ing>
        <amt>
          <qty>2</qty>
          <unit>tablespoons</unit></amt>
        <item>Tumeric</item></ing>
      <ing>
        <amt>
          <qty>1</qty>
          <unit>tablespoon</unit></amt>
        <item>Mustard seeds</item></ing>
      <ing>
        <amt>
          <qty>2 1/2</qty>
          <unit>teaspoons</unit></amt>
        <item>Fennel seeds</item></ing>
      <ing>
        <amt>
          <qty/>
          <unit/></amt>
        <item>Seeds of 8 cardamon pods</item></ing>
      <ing>
        <amt>
          <qty>8</qty>
          <unit/></amt>
        <item>Cloves</item></ing>
      <ing>
        <amt>
          <qty>1 1/2</qty>
          <unit>teaspoons</unit></amt>
        <item>Ground ginger</item></ing>
      <ing>
        <amt>
          <qty>1 1/2</qty>
          <unit>teaspoons</unit></amt>
        <item>Black peppercorns</item></ing>
      <ing>
        <amt>
          <qty>1/4</qty>
          <unit>teaspoons</unit></amt>
        <item>Freshly grated nutmeg</item></ing>
      <ing>
        <amt>
          <qty>1/4</qty>
          <unit>teaspoons</unit></amt>
        <item>Cayenne</item></ing></ingredients>
    <directions>
      <step>  In a bowl, combine all the ingredients. Spread mixture out on a jelly roll
  pan and toast in a preheated 250 degree F oven for 20 minutes. Let cool to
  room temperature. Pulverize the spice mixture in batches with an electric
  spice or coffee grinder and strain it through a sieve into a bowl. The
  curry powder will keep six months in a tightly sealed jar in a cool dark
  place. Use to season soups and stews.
 
</step></directions></recipe></recipeml>
