<?xml version="1.0" encoding="UTF-8"?>

<recipeml version="0.5">
  <recipe>
    <head>
      <title>Another Rhubarb Muffins</title>
      <categories>
        <cat>Recipelu se</cat>
        <cat>Rhubarb</cat></categories>
      <yield>1</yield></head>
    <ingredients>
      <ing>
        <amt>
          <qty>1 3/4</qty>
          <unit>cups</unit></amt>
        <item>Flour</item></ing>
      <ing>
        <amt>
          <qty>3</qty>
          <unit>teaspoons</unit></amt>
        <item>Baking powder</item></ing>
      <ing>
        <amt>
          <qty>1/2</qty>
          <unit>teaspoons</unit></amt>
        <item>Salt</item></ing>
      <ing>
        <amt>
          <qty>1/4</qty>
          <unit>cups</unit></amt>
        <item>Butter or margarine</item></ing>
      <ing>
        <amt>
          <qty>1/2</qty>
          <unit>cups</unit></amt>
        <item>Sugar</item></ing>
      <ing>
        <amt>
          <qty>1</qty>
          <unit/></amt>
        <item>Egg</item></ing>
      <ing>
        <amt>
          <qty>3/4</qty>
          <unit>cups</unit></amt>
        <item>Milk</item></ing>
      <ing>
        <amt>
          <qty>1</qty>
          <unit>teaspoon</unit></amt>
        <item>Vanilla</item></ing>
      <ing>
        <amt>
          <qty>1</qty>
          <unit>cup</unit></amt>
        <item>Rhubarb pieces</item></ing></ingredients>
    <directions>
      <step>  Preheat oven to 400°F.
  
  Put the rhubarb pieces in a bowl and coat with the 1/2 cup sugar; set
  aside.
  
  In a large bowl, stir together flour, baking powder, and salt. Make a well
  in the center. In another bowl, cream butter, beat in egg until smooth, mix
  in milk and vanilla. Pour into well, stir lightly. Fold rhubarb into
  batter. Fill greased muffin cups 3/4 full. Bake 25 minutes.
  
  Note: You can substitute 1 1/2 cups of stewed rhubarb and use only
      1/2    cup milk. Sent recipeLu 3/98
  Posted to recipelu-digest by ncanty@juno.com (Nadia I Canty) on Mar 13,
  1998
 
</step></directions></recipe></recipeml>
