<?xml version="1.0" encoding="UTF-8"?>

<recipeml version="0.5">
  <recipe>
    <head>
      <title>Another Lentil Loaf</title>
      <categories>
        <cat>Digest</cat>
        <cat>Nov.</cat>
        <cat>Fatfree</cat></categories>
      <yield>1</yield></head>
    <ingredients>
      <ing>
        <amt>
          <qty>2</qty>
          <unit>cups</unit></amt>
        <item>Dry brown lentils, rinsed</item></ing>
      <ing>
        <amt>
          <qty>1</qty>
          <unit/></amt>
        <item>Bay leaf</item></ing>
      <ing>
        <amt>
          <qty>1</qty>
          <unit>cup</unit></amt>
        <item>Uncooked fine bulgur wheat</item></ing>
      <ing>
        <amt>
          <qty>1</qty>
          <unit>cup</unit></amt>
        <item>Soft whole-wheat bread</item></ing>
      <ing>
        <amt>
          <qty/>
          <unit/></amt>
        <item>Crumbs</item></ing>
      <ing>
        <amt>
          <qty>1</qty>
          <unit/></amt>
        <item>Egg substitute, beaten</item></ing>
      <ing>
        <amt>
          <qty>1</qty>
          <unit>tablespoon</unit></amt>
        <item>Ketchup</item></ing>
      <ing>
        <amt>
          <qty>1</qty>
          <unit>medium</unit></amt>
        <item>Onion, chopped</item></ing>
      <ing>
        <amt>
          <qty>1</qty>
          <unit/></amt>
        <item>Clove garlic, crushed</item></ing>
      <ing>
        <amt>
          <qty>1</qty>
          <unit>teaspoon</unit></amt>
        <item>Dried thyme</item></ing>
      <ing>
        <amt>
          <qty>2</qty>
          <unit>teaspoons</unit></amt>
        <item>Dried oregano</item></ing>
      <ing>
        <amt>
          <qty>1</qty>
          <unit>teaspoon</unit></amt>
        <item>Dried tarragon</item></ing>
      <ing>
        <amt>
          <qty/>
          <unit>x</unit></amt>
        <item>Salt and pepper to taste</item></ing>
      <ing>
        <amt>
          <qty>3</qty>
          <unit>tablespoons</unit></amt>
        <item>Tomato paste or tomato</item></ing>
      <ing>
        <amt>
          <qty/>
          <unit/></amt>
        <item>Sauce</item></ing></ingredients>
    <directions>
      <step>  Prep:  Cook lentils and bay leaf in pot with 6 cups water.  Bring to a
  boil, reduce heat, cover and simmer until lentils are soft and water has
  been absorbed, about 45 min.
  
  Combine bulgur and 2 cups water in  a med. saucepan.  Bring to a boil,
  reduce heat, cover and simmer for about 15 min.
  
  Preheat oven to 350F.  Transfer lentils to a large mixing bowl.  Add
  bulgur, and remaining ingredients except tomato paste or sauce.  Mix well
  with your hands until thoroughly combined.  Pat mixture into a 9" loaf pan.
  Bake for 40 min. until firm but not dry.  During last minutes of baking,
  brush top with tomato paste or sauce.  Let cool for 15 min.  Cut into
  slices and serve warm.
  
  This goes wonderfully with mashed potatoes and your favorite vegetable! The
  leftovers taste so good in a pita pocket, and if there are mashed potatoes
  leftover, I stuff the pocket with both.   Mmmm!   Enjoy!
  
  Nutrition Info per serving:
  
  341 calories, 19g protein, 2g fat, 62g carbohydrate, 28mg cholesterol,
      445 mg sodium, 8g fiber.
  
  Posted by "Von Balson, Kathleen" &lt;VBalson@IT.jea.ci.jax.fl.us&gt; to the
  Fatfree Digest [Volume 12 Issue 1], Nov. 1, 1994. FATFREE Recipe
  collections copyrighted by Michelle Dick 1994. Used with permission.
  Formatted by Sue Smith, S.Smith34, TXFT40A@Prodigy.com using MMCONV.
  
  File ftp://ftp.idiscover.co.uk/pub/food/mealmaster/recipes/fatfreex.zip
 
</step></directions></recipe></recipeml>
