<?xml version="1.0" encoding="UTF-8"?>

<recipeml version="0.5">
  <recipe>
    <head>
      <title>Anoushabour (Christmas Pudding)</title>
      <categories>
        <cat>Desserts</cat>
        <cat>Armenian</cat>
        <cat>Vegan</cat></categories>
      <yield>8</yield></head>
    <ingredients>
      <ing-div>
        <title/>
        <ing>
          <amt>
            <qty>1</qty>
            <unit>cup</unit></amt>
          <item>Pearl barley Cold water</item></ing>
        <ing>
          <amt>
            <qty>1</qty>
            <unit>small</unit></amt>
          <item>Piece cinnamon bark</item></ing>
        <ing>
          <amt>
            <qty>1</qty>
            <unit>cup</unit></amt>
          <item>Granulated sugar</item></ing></ing-div>
      <ing-div>
        <title>FOR SERVING</title>
        <ing>
          <amt>
            <qty/>
            <unit/></amt>
          <item>Ground cinnamon</item></ing>
        <ing>
          <amt>
            <qty/>
            <unit/></amt>
          <item>Blanched almonds</item></ing>
        <ing>
          <amt>
            <qty/>
            <unit/></amt>
          <item>Blanched hazelnuts</item></ing>
        <ing>
          <amt>
            <qty/>
            <unit/></amt>
          <item>Chopped walnuts</item></ing>
        <ing>
          <amt>
            <qty/>
            <unit/></amt>
          <item>Sultanas (white raisins)</item></ing>
        <ing>
          <amt>
            <qty/>
            <unit/></amt>
          <item>Rose water (optional)</item></ing></ing-div></ingredients>
    <directions>
      <step>  Serves: 8-10 Cooking time: 2-1/2 hours
  
  Wash barley well, place in a bowl and cover with 4 cups cold water. Soak
  overnight.
  
  Next day put barley, soaking water and cinnamon bark into a heavy pan and
  bring to the boil.  Boil gently, uncovered, until barley is very soft and
  porridge-like in consistency -- about 2 hours. Remove cinnamon bark.
  
  Stir in sugar and cook for further 10 minutes.  Turn into individual bowls
  and sprinkle with ground cinnamon. Decorate with nuts and sultanas.
  
  Serve warm or chilled with additional nuts and sultanas, and rose water for
  adding to individual taste if desired.
  
  * Source: The Complete Middle East Cookbook - by Tess Mallos * Typed for
  you by Karen Mintzias
  
  From Gemini's MASSIVE MealMaster collection at www.synapse.com/~gemini
 
</step></directions></recipe></recipeml>
