<?xml version="1.0" encoding="UTF-8"?>

<recipeml version="0.5">
  <recipe>
    <head>
      <title>Anthony's Moutwatering Meatballs</title>
      <categories>
        <cat>Beef dishes</cat>
        <cat>Cooking lig</cat></categories>
      <yield>6</yield></head>
    <ingredients>
      <ing>
        <amt>
          <qty>1/2</qty>
          <unit>pounds</unit></amt>
        <item>Ground Beef</item></ing>
      <ing>
        <amt>
          <qty>1/2</qty>
          <unit>pounds</unit></amt>
        <item>Ground Pork</item></ing>
      <ing>
        <amt>
          <qty>1/2</qty>
          <unit>pounds</unit></amt>
        <item>Ground Veal</item></ing>
      <ing>
        <amt>
          <qty>1</qty>
          <unit/></amt>
        <item>Egg</item></ing>
      <ing>
        <amt>
          <qty>2</qty>
          <unit/></amt>
        <item>Cloves Garlic; Minced</item></ing>
      <ing>
        <amt>
          <qty>1/4</qty>
          <unit>cups</unit></amt>
        <item>Romano Cheese; Grated</item></ing>
      <ing>
        <amt>
          <qty>1/4</qty>
          <unit>cups</unit></amt>
        <item>Fresh Parsley; Chopped</item></ing>
      <ing>
        <amt>
          <qty>3</qty>
          <unit>slices</unit></amt>
        <item>White Bread; Pulled Apart</item></ing>
      <ing>
        <amt>
          <qty>2</qty>
          <unit>tablespoons</unit></amt>
        <item>Water</item></ing>
      <ing>
        <amt>
          <qty>1/4</qty>
          <unit>teaspoons</unit></amt>
        <item>Salt</item></ing>
      <ing>
        <amt>
          <qty>1/4</qty>
          <unit>teaspoons</unit></amt>
        <item>Pepper</item></ing>
      <ing>
        <amt>
          <qty>1/4</qty>
          <unit>cups</unit></amt>
        <item>Breadcrumbs</item></ing>
      <ing>
        <amt>
          <qty>1/4</qty>
          <unit>cups</unit></amt>
        <item>Crisco Natural Blend</item></ing></ingredients>
    <directions>
      <step>  Combine first 4 ingredients. Toss bread pieces with water and add to meat
  mixture. Mix well. Add breadcrumbs to mix and then form into balls. Heat
  oil in large frying pan, and add meatballs in a single layer and cook on
  medium-high heat for 4 minutes. Flip. Cook for 4-6 minutes more (until
  done). Drain in a paper-towel lined bowl.
  
  Recipe by: Cooking Light, J/F 98, Crisco Ad
  
  Posted to recipelu-digest by Jill &amp; Joe Proehl &lt;jpxtwo@swbell.net&gt; on Mar
  02, 1998
 
</step></directions></recipe></recipeml>
