<?xml version="1.0" encoding="UTF-8"?>

<recipeml version="0.5">
  <recipe>
    <head>
      <title>Antipasto Di Mare</title>
      <categories>
        <cat>Fish</cat></categories>
      <yield>1</yield></head>
    <ingredients>
      <ing>
        <amt>
          <qty>6 1/2</qty>
          <unit>ounces</unit></amt>
        <item>Can water-packed tuna</item></ing>
      <ing>
        <amt>
          <qty>1</qty>
          <unit>tablespoon</unit></amt>
        <item>Olive oil Black pepper to taste</item></ing>
      <ing>
        <amt>
          <qty>1</qty>
          <unit>tablespoon</unit></amt>
        <item>Capers, rinsed and drained</item></ing>
      <ing>
        <amt>
          <qty>12</qty>
          <unit/></amt>
        <item>Black olives</item></ing>
      <ing>
        <amt>
          <qty>1</qty>
          <unit>large</unit></amt>
        <item>Tomato, cut in wedges Radishes</item></ing>
      <ing>
        <amt>
          <qty>1</qty>
          <unit/></amt>
        <item>Stalk celery, sliced</item></ing>
      <ing>
        <amt>
          <qty>1/2</qty>
          <unit/></amt>
        <item>Sweet red onion, thinly sliced, or 1 green or red bell pepper, sliced Fresh lemon juice to taste Crusty French bread or crackers</item></ing></ingredients>
    <directions>
      <step>  Here's a different way to serve tuna.
  
  Any combination of fresh raw salad vegetables you choose will work very
  well.
  
  Drain tuna while still in can and invert onto center of large plate.
  Drizzle oil over tuna, season with pepper and sprinkle with capers; scatter
  olives over dish. Arrange vegetables on plateQthose listed above or others
  you like. Season with salt and pepper, sprinkle lemon juice over all. Serve
  with crusty bread or crackers.
  
  Makes two servings.
  
  Nutrients: calories 334, protein 29 grams, fat 12.5 grams, cholesterol 46.5
  mg, fiber 4.1 grams, sodium 819 mg. (To lower sodium content, use fewer
  olives.)
  
  From the files of Al Rice, North Pole Alaska.    Feb 1994
  
  From Gemini's MASSIVE MealMaster collection at www.synapse.com/~gemini
 
</step></directions></recipe></recipeml>
