<?xml version="1.0" encoding="UTF-8"?>

<recipeml version="0.5">
  <recipe>
    <head>
      <title>Anticuchos Picantes (Spicier Grilled Beef Heart)</title>
      <categories>
        <cat>Varietymeat</cat>
        <cat>Peru</cat>
        <cat>Submitted</cat></categories>
      <yield>16</yield></head>
    <ingredients>
      <ing-div>
        <title/>
        <ing>
          <amt>
            <qty>1</qty>
            <unit/></amt>
          <item>Beef heart</item></ing></ing-div>
      <ing-div>
        <title>MARINADE</title>
        <ing>
          <amt>
            <qty>8</qty>
            <unit/></amt>
          <item>Garlic cloves; pressed</item></ing>
        <ing>
          <amt>
            <qty>2</qty>
            <unit/></amt>
          <item>Chiles, rocoto; stemmed, seeded, minced</item></ing>
        <ing>
          <amt>
            <qty>2</qty>
            <unit>tablespoons</unit></amt>
          <item>Cumin, ground</item></ing>
        <ing>
          <amt>
            <qty>1/2</qty>
            <unit>tablespoons</unit></amt>
          <item>Oregano, dried</item></ing>
        <ing>
          <amt>
            <qty/>
            <unit/></amt>
          <item>Salt; to taste</item></ing>
        <ing>
          <amt>
            <qty/>
            <unit/></amt>
          <item>Pepper, black; to taste</item></ing>
        <ing>
          <amt>
            <qty>2</qty>
            <unit>cups</unit></amt>
          <item>Vinegar, wine, red</item></ing></ing-div>
      <ing-div>
        <title>SAUCE</title>
        <ing>
          <amt>
            <qty>1/3</qty>
            <unit>cups</unit></amt>
          <item>Chiles, dried, aji; crushed</item></ing>
        <ing>
          <amt>
            <qty>1</qty>
            <unit>tablespoon</unit></amt>
          <item>Oil, vegetable</item></ing>
        <ing>
          <amt>
            <qty/>
            <unit/></amt>
          <item>Salt; to taste</item></ing></ing-div>
      <ing-div>
        <title>HEAT SCALE = HOT</title></ing-div></ingredients>
    <directions>
      <step>    Clean the beef heart thoroughly, removing all nerves and fat. Cut into 1"
  cubes, place in non-reactive bowl, refrigerate and set aside.
    Combine garlic, chiles, cumin, oregan, salt and pepper and 1 1/2 cups
  vinegar. Pour over meat. Add more vinegar, if necessary, to cover meat
  completely. Marinate, refrigerated, 12-24 hours. About 1 hour before
  grilling, remove meat from marinade and thread on skewers. Reserve
  marinade.
    Soak the crushed chile in 1/3 cup warm water for 30 minutes. In
  processor, combine chiles and water with oil and salt. Add enough reserved
  marinade (3/4 cup) to make thick sauce, puree.
    Brush skewered meat with sauce and grill over hot coals or under a
  broiler, turning and basting to cook quickly on all sides. Best cooked
  medium well, 4-6 minutes on the grill. Serve with remaining sauce for
  dipping.
    MM and upload by DonW1948@aol.com / HSLD Submitted By DONW1948@AOL.COM On
  WED, 13 DEC 1995 031124 -0500
  
  File ftp://ftp.idiscover.co.uk/pub/food/mealmaster/recipes/mmdjaxxx.zip
 
</step></directions></recipe></recipeml>
