<?xml version="1.0" encoding="UTF-8"?>

<recipeml version="0.5">
  <recipe>
    <head>
      <title>Antipasto Kebobs</title>
      <categories>
        <cat>Appetizers</cat>
        <cat>Italian</cat></categories>
      <yield>1</yield></head>
    <ingredients>
      <ing>
        <amt>
          <qty>1/2</qty>
          <unit>pounds</unit></amt>
        <item>Mozzarella Cheese; cut into 8 pieces</item></ing>
      <ing>
        <amt>
          <qty>1</qty>
          <unit/></amt>
        <item>7 Oz Jar Whole Roasted Red Peppers</item></ing>
      <ing>
        <amt>
          <qty>2</qty>
          <unit>ounces</unit></amt>
        <item>Pepperoni Sausage</item></ing>
      <ing>
        <amt>
          <qty>3 3/4</qty>
          <unit>ounces</unit></amt>
        <item>Marinated Mushrooms, Drained; save marinade</item></ing>
      <ing>
        <amt>
          <qty>1</qty>
          <unit/></amt>
        <item>6 Oz Jar Marinated Artichokes; save marinade</item></ing>
      <ing>
        <amt>
          <qty>2</qty>
          <unit/></amt>
        <item>Tbls Sweet Butter; softened</item></ing>
      <ing>
        <amt>
          <qty>1</qty>
          <unit/></amt>
        <item>Loaf Italian Bread Cut Into 10" Slices</item></ing>
      <ing>
        <amt>
          <qty/>
          <unit/></amt>
        <item>Diagonally And Toasted</item></ing>
      <ing>
        <amt>
          <qty>2</qty>
          <unit/></amt>
        <item>Tbls Minced Basil</item></ing>
      <ing>
        <amt>
          <qty>1/4</qty>
          <unit>cups</unit></amt>
        <item>Parmesan Cheese</item></ing></ingredients>
    <directions>
      <step>  In shallow dish let 4 10" skewers soak in covered water for 1 hour.  Wrap
  each piece of mozzarella in red pepper enclosing completely.  Thread on
  skewer with pepperoni, mushrooms, and artichokes.  Drizzle the kebobs with
  marinade from mushrooms and artichokes and broil them for about 2-3 minutes
  until cheese melts.  Butter toasted bread and top with kebob. Sprinkle with
  basil, parmesan and pan drippings.
 
</step></directions></recipe></recipeml>
