<?xml version="1.0" encoding="UTF-8"?>

<recipeml version="0.5">
  <recipe>
    <head>
      <title>Antipasto Aglio</title>
      <categories>
        <cat>Appetizers</cat></categories>
      <yield>1</yield></head>
    <ingredients>
      <ing>
        <amt>
          <qty>30</qty>
          <unit>large</unit></amt>
        <item>Cloves fresh garlic</item></ing>
      <ing>
        <amt>
          <qty>1</qty>
          <unit/></amt>
        <item>2 oz. can fillets of</item></ing>
      <ing>
        <amt>
          <qty/>
          <unit/></amt>
        <item>Anchovies</item></ing>
      <ing>
        <amt>
          <qty>1</qty>
          <unit>tablespoon</unit></amt>
        <item>Finely chopped parsley</item></ing>
      <ing>
        <amt>
          <qty>1</qty>
          <unit>tablespoon</unit></amt>
        <item>Butter melted</item></ing>
      <ing>
        <amt>
          <qty>1</qty>
          <unit>tablespoon</unit></amt>
        <item>Olive oil</item></ing>
      <ing>
        <amt>
          <qty/>
          <unit/></amt>
        <item>Dash tabasco</item></ing>
      <ing>
        <amt>
          <qty>1/4</qty>
          <unit>cups</unit></amt>
        <item>Olive oil</item></ing>
      <ing>
        <amt>
          <qty/>
          <unit/></amt>
        <item>Sardine French bread 2 or</item></ing>
      <ing>
        <amt>
          <qty/>
          <unit/></amt>
        <item>3 dozen thinly sliced and</item></ing>
      <ing>
        <amt>
          <qty/>
          <unit/></amt>
        <item>Toasted pieces.</item></ing></ingredients>
    <directions>
      <step>  Peel garlic cloves and slice centers 1/8 inch thick. Press ends through
  garlic press to yield 1/4 tsp. Place pressed garlic in small bowl with
  anchovies. Add parsley, butter, 1 tsp. oil, add garlic slices and saute to
  a light golden brown-almost to a potato chip fry. Do not over-fry! Spread
  anchovy paste on toast. Garnish with garlic slices.
  
  From Gemini's MASSIVE MealMaster collection at www.synapse.com/~gemini
 
</step></directions></recipe></recipeml>
