<?xml version="1.0" encoding="UTF-8"?>

<recipeml version="0.5">
  <recipe>
    <head>
      <title>Antipasto Pronto</title>
      <categories>
        <cat>Appetizer</cat></categories>
      <yield>12</yield></head>
    <ingredients>
      <ing>
        <amt>
          <qty>1/4</qty>
          <unit>cups</unit></amt>
        <item>Chopped onion</item></ing>
      <ing>
        <amt>
          <qty>1</qty>
          <unit>tablespoon</unit></amt>
        <item>Parkay margarine</item></ing>
      <ing>
        <amt>
          <qty>1</qty>
          <unit>package</unit></amt>
        <item>(8-oz) Philadelphia Brand cream cheese; cubed</item></ing>
      <ing>
        <amt>
          <qty>1/2</qty>
          <unit>cups</unit></amt>
        <item>Milk</item></ing>
      <ing>
        <amt>
          <qty>1/2</qty>
          <unit>pounds</unit></amt>
        <item>Velveeta pasteurized process cheese spread; cubed</item></ing>
      <ing>
        <amt>
          <qty>3</qty>
          <unit>ounces</unit></amt>
        <item>Pepperoni; chopped</item></ing>
      <ing>
        <amt>
          <qty>1/4</qty>
          <unit>cups</unit></amt>
        <item>Kraft grated Parmesan cheese</item></ing>
      <ing>
        <amt>
          <qty/>
          <unit/></amt>
        <item>Chopped parsley</item></ing></ingredients>
    <directions>
      <step>   In saucepan, saute onions in margarine. Add cream cheese and milk; stir
  over low heat until cream cheese is melted. Stir in Velveeta cheese spread,
  pepperoni and parmesan cheese; heat thoroughly, stirring occasionally. Top
  with parsley. Serve with chips or vegetable dippers.  2-1/2 cups.
  
   MICROWAVE: Reduce milk to 1/3 cup.  Microwave onion and margarine in 1-1/2
  quart casserole or bowl on High for 1 to 2 minutes or until onions are
  tender, stirring every minute. Stir in cream cheese and milk; microwave 1
  to 2 minutes or until sauce is smooth, stirring every minute with wire
  whisk or wooden spoon. Stir in Velveeta cheese spread, pepperoni and
  parmesan cheese; microwave 2 to 4 minutes or until thoroughly heated,
  stirring every minute. Top with parsley.
  
  From a collection of my mother's (Judy Hosey) recipe box which contained
  lots of her favorite recipes, clippings, etc.  Downloaded from Glen's MM
  Recipe Archive, http://www.erols.com/hosey.
 
</step></directions></recipe></recipeml>
