<?xml version="1.0" encoding="UTF-8"?>

<recipeml version="0.5">
  <recipe>
    <head>
      <title>Antipasti</title>
      <categories>
        <cat>Appetizers</cat>
        <cat>Italian</cat></categories>
      <yield>1</yield></head>
    <ingredients>
      <ing>
        <amt>
          <qty/>
          <unit/></amt>
        <item>Red peppers</item></ing>
      <ing>
        <amt>
          <qty/>
          <unit/></amt>
        <item>Olives</item></ing>
      <ing>
        <amt>
          <qty/>
          <unit/></amt>
        <item>Marinated mushrooms</item></ing>
      <ing>
        <amt>
          <qty/>
          <unit/></amt>
        <item>Artichokes</item></ing>
      <ing>
        <amt>
          <qty/>
          <unit/></amt>
        <item>Parmesan cheese</item></ing>
      <ing>
        <amt>
          <qty/>
          <unit/></amt>
        <item>Garlic toast or</item></ing>
      <ing>
        <amt>
          <qty/>
          <unit/></amt>
        <item>Fresh Italian Bread</item></ing></ingredients>
    <directions>
      <step>  Buy or make roasted red peppers, olives, marinated mushrooms and
  artichokes. Include a piece of Parmesan cheese and display on a tray along
  with garlic toast or fresh Italian bread.
  
  File ftp://ftp.idiscover.co.uk/pub/food/mealmaster/recipes/mmdjaxxx.zip
 
</step></directions></recipe></recipeml>
