<?xml version="1.0" encoding="UTF-8"?>

<recipeml version="0.5">
  <recipe>
    <head>
      <title>Antipasto Misto</title>
      <categories>
        <cat>Epcot cente</cat>
        <cat>Food and wi</cat>
        <cat>1996</cat></categories>
      <yield>1</yield></head>
    <ingredients>
      <ing>
        <amt>
          <qty>3</qty>
          <unit>medium</unit></amt>
        <item>Yellow peppers</item></ing>
      <ing>
        <amt>
          <qty>3</qty>
          <unit>medium</unit></amt>
        <item>Red peppers</item></ing>
      <ing>
        <amt>
          <qty>2</qty>
          <unit/></amt>
        <item>Cloves garlic, chopped</item></ing>
      <ing>
        <amt>
          <qty>1/4</qty>
          <unit>cups</unit></amt>
        <item>Virgin olive oil</item></ing>
      <ing>
        <amt>
          <qty/>
          <unit/></amt>
        <item>Oregano</item></ing>
      <ing>
        <amt>
          <qty/>
          <unit/></amt>
        <item>Basil</item></ing>
      <ing>
        <amt>
          <qty>1</qty>
          <unit>medium</unit></amt>
        <item>Beefsteak tomato</item></ing>
      <ing>
        <amt>
          <qty>1</qty>
          <unit>ounce</unit></amt>
        <item>Fresh mozzarella cheese</item></ing>
      <ing>
        <amt>
          <qty>1</qty>
          <unit>teaspoon</unit></amt>
        <item>Virgin olive oil</item></ing>
      <ing>
        <amt>
          <qty/>
          <unit/></amt>
        <item>Salt and pepper</item></ing>
      <ing>
        <amt>
          <qty>3/4</qty>
          <unit>pounds</unit></amt>
        <item>Provolone cheese</item></ing>
      <ing>
        <amt>
          <qty>1/2</qty>
          <unit>medium</unit></amt>
        <item>Honeydew melon</item></ing>
      <ing>
        <amt>
          <qty/>
          <unit/></amt>
        <item>Prosciutto, thinly sliced</item></ing></ingredients>
    <directions>
      <step>  Roast yellow and red peppers (uncut and completely intact) in the oven
  until crispy on the outside. Peel completely the outer skin, cut away the
  core and slice in thin pieces. Add chopped garlic, olive oil, oregano and
  basil. Mix well and serve. Cut tomato into slices. Top each slice with a
  slice of mozzarella, lightly salt and top with olive oil. Serve. Cut
  provolone into slices and serve. Cut melon into wedges. Wrap wedge of melon
  with a slice of prosciutto and serve.
  Posted to MC-Recipe Digest V1 #323
  
  Recipe by: Italy
  
  From: gtg@phoenixat.com (Glen T Greenman)
  
  Date: Sat, 30 Nov 1996 22:41:17 -0500 (EST)
 
</step></directions></recipe></recipeml>
