<?xml version="1.0" encoding="UTF-8"?>

<recipeml version="0.5">
  <recipe>
    <head>
      <title>Antipasto</title>
      <categories>
        <cat>Appetizers</cat></categories>
      <yield>1</yield></head>
    <ingredients>
      <ing>
        <amt>
          <qty>1</qty>
          <unit>pound</unit></amt>
        <item>Genoa salami</item></ing>
      <ing>
        <amt>
          <qty>1</qty>
          <unit>pound</unit></amt>
        <item>Prosciutto</item></ing>
      <ing>
        <amt>
          <qty>1</qty>
          <unit>pound</unit></amt>
        <item>Pepperoni sausage</item></ing>
      <ing>
        <amt>
          <qty>1</qty>
          <unit>pound</unit></amt>
        <item>Capicola or hot ham</item></ing>
      <ing>
        <amt>
          <qty>1/4</qty>
          <unit>pounds</unit></amt>
        <item>Mozzarella cheese</item></ing>
      <ing>
        <amt>
          <qty>1/4</qty>
          <unit>pounds</unit></amt>
        <item>Provolone cheese</item></ing>
      <ing>
        <amt>
          <qty>3/4</qty>
          <unit>cups</unit></amt>
        <item>Parmesan cheese</item></ing>
      <ing>
        <amt>
          <qty>1</qty>
          <unit>cup</unit></amt>
        <item>Sliced black olives</item></ing>
      <ing>
        <amt>
          <qty/>
          <unit/></amt>
        <item>As needed olive oil</item></ing>
      <ing>
        <amt>
          <qty>1/8</qty>
          <unit>cups</unit></amt>
        <item>Fresh fine herbs; mined OR 1/4 cup dried Italian herbs</item></ing>
      <ing>
        <amt>
          <qty>1/8</qty>
          <unit>cups</unit></amt>
        <item>Red wine vinegar</item></ing></ingredients>
    <directions>
      <step>  1. Get meats &amp; cheese from the deli, have them sliced thin and then cut
  them into bite-sized pieces.
  
  2. toss all together in a bowl and add parmasean, olives, herbs.
  
  3. lightly coat with olive oil and then add vinegar, toss again.
  
  NOTES : Make a day in advance to give everything a chance to marinate.
  
  Recipe by: Jamie Az.
  
  Posted to recipelu-digest Volume 01 Number 507 by CuisineArt
  &lt;CuisineArt@aol.com&gt; on Jan 12, 1998
 
</step></directions></recipe></recipeml>
