<?xml version="1.0" encoding="UTF-8"?>

<recipeml version="0.5">
  <recipe>
    <head>
      <title>Antipasto Hero</title>
      <categories>
        <cat>Appetizers</cat>
        <cat>Sandwiches</cat></categories>
      <yield>6</yield></head>
    <ingredients>
      <ing>
        <amt>
          <qty>1</qty>
          <unit/></amt>
        <item>Round focaccia bread</item></ing>
      <ing>
        <amt>
          <qty/>
          <unit/></amt>
        <item>(8 or 9 inches in dia.)</item></ing>
      <ing>
        <amt>
          <qty>1/4</qty>
          <unit>cups</unit></amt>
        <item>Caesar dressing</item></ing>
      <ing>
        <amt>
          <qty>4</qty>
          <unit/></amt>
        <item>Or 5 leaves leaf lettuce</item></ing>
      <ing>
        <amt>
          <qty>1/4</qty>
          <unit>pounds</unit></amt>
        <item>Sliced provolone cheese</item></ing>
      <ing>
        <amt>
          <qty>1/4</qty>
          <unit>pounds</unit></amt>
        <item>Sliced fully cooked ham</item></ing>
      <ing>
        <amt>
          <qty>1/4</qty>
          <unit>pounds</unit></amt>
        <item>Sliced salami</item></ing>
      <ing>
        <amt>
          <qty>8</qty>
          <unit/></amt>
        <item>Pepperoncini peppers</item></ing>
      <ing>
        <amt>
          <qty/>
          <unit/></amt>
        <item>(bottled Italian peppers), cut lengthwise in half</item></ing></ingredients>
    <directions>
      <step>  Cut bread horizontally in half.  Drizzle dressing evenly over cut sides of
  bread.
  
  Layer lettuce, cheese, ham, salami and peppers on bottom half. Top with to
  half.  Secure loaf with toothpicks or small skewers. Cut into 6 wedges.
  Makes 6 servings.  Typed in MMFormat by cjhartlin@msn.com Source: Betty
  Crocker
  Posted to MM-Recipes Digest  by "Cindy Hartlin" &lt;cjhartlin@email.msn.com&gt;
  on May 5, 1998
 
</step></directions></recipe></recipeml>
