<?xml version="1.0" encoding="UTF-8"?>

<recipeml version="0.5">
  <recipe>
    <head>
      <title>Anticucho Style Grilled Fish</title>
      <categories>
        <cat>Seafood</cat></categories>
      <yield>4</yield></head>
    <ingredients>
      <ing>
        <amt>
          <qty>4</qty>
          <unit/></amt>
        <item>Fish Fillets(Shark, Tuna, Cod, Mahi-Mahi)</item></ing>
      <ing>
        <amt>
          <qty>1/2</qty>
          <unit>cups</unit></amt>
        <item>Vegetable Oil</item></ing>
      <ing>
        <amt>
          <qty>5</qty>
          <unit/></amt>
        <item>Cloves Garlic; peeled</item></ing>
      <ing>
        <amt>
          <qty>2</qty>
          <unit/></amt>
        <item>Pickled Jalapenos; plus 2 T. juice</item></ing>
      <ing>
        <amt>
          <qty>1</qty>
          <unit>teaspoon</unit></amt>
        <item>Cracked Black Pepper</item></ing>
      <ing>
        <amt>
          <qty>1</qty>
          <unit/></amt>
        <item>Fistful Of Fresh Cilantro(Remove Stems)</item></ing>
      <ing>
        <amt>
          <qty>1/4</qty>
          <unit>cups</unit></amt>
        <item>To 1/2 C Fresh Lime Juice</item></ing>
      <ing>
        <amt>
          <qty>1/4</qty>
          <unit>cups</unit></amt>
        <item>Soy Sauce</item></ing></ingredients>
    <directions>
      <step>  Combine and blend all ingredients, except fish, in blender until smooth.
  Marinate fish for 30-40 minutes. Grill over medium hot coals until cooked
  through. Baste with the reserved marinade several times during cooking.
  Serve with lime wedges, avocado slices and pico de gallo. Can also used
  this same marinade on boneless, skinless chicken breasts. Can marinate the
  chicken breasts for a couple hours though, and then barbeque them like
  fish.
  Recipe By     : Downloaded From the BBS
  
  Posted to MC-Recipe Digest V1 #291
  
  Date: Sun, 10 Nov 96 23:50:22 GMT
  
  From: paulsbluff@centuryinter.net
 
</step></directions></recipe></recipeml>
