<?xml version="1.0" encoding="UTF-8"?>

<recipeml version="0.5">
  <recipe>
    <head>
      <title>Antipasto Kabobs</title>
      <categories>
        <cat>Appetizers</cat>
        <cat>Salads</cat>
        <cat>Vegetables</cat></categories>
      <yield>8</yield></head>
    <ingredients>
      <ing>
        <amt>
          <qty>8</qty>
          <unit/></amt>
        <item>Salami, casing removed</item></ing>
      <ing>
        <amt>
          <qty>8</qty>
          <unit/></amt>
        <item>Pepper, pickled, mild, sm</item></ing>
      <ing>
        <amt>
          <qty>2</qty>
          <unit/></amt>
        <item>Zucchini, quarter crosswise</item></ing>
      <ing>
        <amt>
          <qty>16</qty>
          <unit/></amt>
        <item>Olives, black, pitted</item></ing>
      <ing>
        <amt>
          <qty>16</qty>
          <unit/></amt>
        <item>Tomatoes, cherry, washed &amp;</item></ing>
      <ing>
        <amt>
          <qty/>
          <unit/></amt>
        <item>Drained</item></ing>
      <ing>
        <amt>
          <qty>1/3</qty>
          <unit>cups</unit></amt>
        <item>Oil, olive</item></ing>
      <ing>
        <amt>
          <qty>2</qty>
          <unit>tablespoons</unit></amt>
        <item>Lemon juice, freshly squeeze</item></ing>
      <ing>
        <amt>
          <qty>1</qty>
          <unit>tablespoon</unit></amt>
        <item>Vinegar, balsamic</item></ing>
      <ing>
        <amt>
          <qty>1/4</qty>
          <unit>teaspoons</unit></amt>
        <item>Oregano, dried</item></ing>
      <ing>
        <amt>
          <qty>1</qty>
          <unit/></amt>
        <item>Garlic, clove, minced</item></ing>
      <ing>
        <amt>
          <qty>1/4</qty>
          <unit>teaspoons</unit></amt>
        <item>Salt</item></ing>
      <ing>
        <amt>
          <qty>1/4</qty>
          <unit>teaspoons</unit></amt>
        <item>Pepper, fresh ground, white</item></ing></ingredients>
    <directions>
      <step>  Date: Thu, 23 May 1996 00:20:42 -0400
  
  From: BobbieB1@aol.com
  
  Soak 8 bamboo skewers in cold water for 15 minutes.  Drain.  Wrap a slice
  of salami around a small pepper.  Thread on skewer.  Thread on a piece of
  zucchini, an olive, a tomato, then another olive and another tomato. Repeat
  with the remaining skewers.  Set kabobs aside.
  
  Light the coals.  Mix remaining ingredients for dressing.  Brush kabobs
  with dressing.  When coals are hot, set kabobs on grill rack about 4 to 6
  inches from heat source.  Grill kabobs for 3 to 4 minutes, turning once or
  twice as needed.  Food should be hot and beginning to char.
  
  Transfer kabobs to serving dish.
  
  Posted to MealMaster Recipes List, Digest #143
 
</step></directions></recipe></recipeml>
