<?xml version="1.0" encoding="UTF-8"?>

<recipeml version="0.5">
  <recipe>
    <head>
      <title>Antik Haus Signature New Orleans French Toast</title>
      <categories>
        <cat>None</cat></categories>
      <yield>1</yield></head>
    <ingredients>
      <ing>
        <amt>
          <qty>1</qty>
          <unit>large</unit></amt>
        <item>French bread loaf</item></ing>
      <ing>
        <amt>
          <qty>10</qty>
          <unit/></amt>
        <item>Eggs</item></ing>
      <ing>
        <amt>
          <qty>4</qty>
          <unit>cups</unit></amt>
        <item>Milk</item></ing>
      <ing>
        <amt>
          <qty>2 1/2</qty>
          <unit>cups</unit></amt>
        <item>Bread crumbs; (plain)</item></ing>
      <ing>
        <amt>
          <qty>1/2</qty>
          <unit>cups</unit></amt>
        <item>Orange juice</item></ing>
      <ing>
        <amt>
          <qty>4</qty>
          <unit>tablespoons</unit></amt>
        <item>Rum or 2 tablespoons of rum extract</item></ing>
      <ing>
        <amt>
          <qty>8</qty>
          <unit>tablespoons</unit></amt>
        <item>Cinnamon</item></ing>
      <ing>
        <amt>
          <qty/>
          <unit/></amt>
        <item>Powdered sugar for dusting</item></ing>
      <ing>
        <amt>
          <qty/>
          <unit/></amt>
        <item>Canola oil for frying</item></ing></ingredients>
    <directions>
      <step>  Slice the loaf of french bread in 1/2" thick slices. In a bowl, combine
  eggs, milk, orange juice, rum or extract and beat together until well
  blended. Take a few bread slices and soak in milk mixture for 5 minutes
  turning once. Take each slice and coat with bread crumb mixture on all
  sides. Heat oil in frying pan. Use enough oil to fry bread slices
  comfortably turning bread slices once when golden brown. When golden brown
  on both sides, place bread slices on warm plate and put on low temperature
  in oven while frying the remaining slices. When frying is complete, dust
  slices with powdered sugar and serve with warm pecan or maple syrup.
  
  Recipe by: Antik Haus Bed &amp; Breakfast, New Braunfels, Texas
  
  Posted to MC-Recipe Digest by SuzyWert@aol.com on Feb 13, 1998
 
</step></directions></recipe></recipeml>
