<?xml version="1.0" encoding="UTF-8"?>

<recipeml version="0.5">
  <recipe>
    <head>
      <title>Antipasto Potato Salad</title>
      <categories>
        <cat>None</cat></categories>
      <yield>1</yield></head>
    <ingredients>
      <ing>
        <amt>
          <qty>2</qty>
          <unit>pounds</unit></amt>
        <item>Small, unpeeled round red potatoes</item></ing>
      <ing>
        <amt>
          <qty>1</qty>
          <unit>can</unit></amt>
        <item>Artichoke hearts, drained</item></ing>
      <ing>
        <amt>
          <qty>2/3</qty>
          <unit>cups</unit></amt>
        <item>Ripe olives, sliced (we use the whole can)</item></ing>
      <ing>
        <amt>
          <qty>1/2</qty>
          <unit>cups</unit></amt>
        <item>Diced purple onion</item></ing>
      <ing>
        <amt>
          <qty>2</qty>
          <unit>tablespoons</unit></amt>
        <item>Chopped fresh parsley</item></ing>
      <ing>
        <amt>
          <qty>1/3</qty>
          <unit>cups</unit></amt>
        <item>White wine vinegar (I use homemade tarragon-garlic vinegar or my personal favorite, zesty Italian surprize also homemade.)</item></ing>
      <ing>
        <amt>
          <qty>3/4</qty>
          <unit>teaspoons</unit></amt>
        <item>Dried whole oregano</item></ing>
      <ing>
        <amt>
          <qty>1/2</qty>
          <unit>teaspoons</unit></amt>
        <item>Salt</item></ing>
      <ing>
        <amt>
          <qty>1/2</qty>
          <unit>teaspoons</unit></amt>
        <item>Pepper</item></ing>
      <ing>
        <amt>
          <qty>1/4</qty>
          <unit>teaspoons</unit></amt>
        <item>Dry mustard</item></ing>
      <ing>
        <amt>
          <qty>2</qty>
          <unit>tablespoons</unit></amt>
        <item>Extra virgin olive oil</item></ing>
      <ing>
        <amt>
          <qty>1</qty>
          <unit/></amt>
        <item>Clove garlic, minced</item></ing></ingredients>
    <directions>
      <step>  (I got this last spring from Cooking Light, they had a whole section on
  potato salads and we tried four or five of them that we still use
  constantly.  I will share two tonight)
  
  Place potatoes in water, bring to boil.  Cover, reduce heat, and simmer 20
  minutes.  Cut potatoes into quarters, ditto artichokes.  Add olives, onion,
  and parsley.
  
  Combine vinegar and next six ingredients and stir well.  Pour over potato
  mixture and toss gently.  Serve warm or cover and chill.  8 servings.
  
  Posted to MC-Recipe Digest V1 #261
  
  Date: Sat, 26 Oct 1996 20:25:27 -0400
  
  From: Kay Talbott &lt;talbott@mail2.wilmington.net&gt;
 
</step></directions></recipe></recipeml>
