<?xml version="1.0" encoding="UTF-8"?>

<recipeml version="0.5">
  <recipe>
    <head>
      <title>Antipasto Misto (Mixed Savories)</title>
      <categories>
        <cat>Appetizers</cat>
        <cat>Posted to r</cat>
        <cat>Tried and t</cat></categories>
      <yield>1</yield></head>
    <ingredients>
      <ing>
        <amt>
          <qty/>
          <unit/></amt>
        <item>Cubes of different cheeses</item></ing>
      <ing>
        <amt>
          <qty/>
          <unit/></amt>
        <item>Pickles; fruit, and olives</item></ing>
      <ing>
        <amt>
          <qty/>
          <unit/></amt>
        <item>Chunks of smoked sausage</item></ing>
      <ing>
        <amt>
          <qty/>
          <unit/></amt>
        <item>Rolled salami</item></ing>
      <ing>
        <amt>
          <qty/>
          <unit/></amt>
        <item>Pickled herring</item></ing>
      <ing>
        <amt>
          <qty/>
          <unit/></amt>
        <item>Sardines</item></ing>
      <ing>
        <amt>
          <qty/>
          <unit/></amt>
        <item>Raw; marinated, or pickled veggies</item></ing></ingredients>
    <directions>
      <step>  Cut the above ingredients into bite-sized chunks and put them on toothpicks
  or bamboo skewers. Refrigerate until ready to serve.
  
  To Serve: Stick skewered savories into a large, round, domed loaf of bread
  (a purple cabbage works well also). Arrange greens under the loaf on a
  large, wooden board or platter.
  
  This becomes a conversation piece and a way for guests to try new taste
  combinations. Make sure all items are well drained before spearing them
  into the bread. Leave a small dish for discarded toothpicks.
  
  NOTES : I made this for the MUUF Pledge Dinner.
  
  Recipe by: Catherine Harris: Cash From Your Kitchen
  
  Posted to recipelu-digest by "Valerie Whittle" &lt;catspaw@inetnow.net&gt; on Feb
  3, 1998
 
</step></directions></recipe></recipeml>
