<?xml version="1.0" encoding="UTF-8"?>

<recipeml version="0.5">
  <recipe>
    <head>
      <title>Antipasto Salad</title>
      <categories>
        <cat>Salads</cat></categories>
      <yield>8</yield></head>
    <ingredients>
      <ing>
        <amt>
          <qty>2</qty>
          <unit>cups</unit></amt>
        <item>Whole button mushrooms</item></ing>
      <ing>
        <amt>
          <qty>1</qty>
          <unit>cup</unit></amt>
        <item>Canned artichoke hearts</item></ing>
      <ing>
        <amt>
          <qty>1</qty>
          <unit>tablespoon</unit></amt>
        <item>Olive oil</item></ing>
      <ing>
        <amt>
          <qty>1</qty>
          <unit>cup</unit></amt>
        <item>Balsamic vinegar</item></ing>
      <ing>
        <amt>
          <qty>2</qty>
          <unit>tablespoons</unit></amt>
        <item>Red wine, optional</item></ing>
      <ing>
        <amt>
          <qty>1</qty>
          <unit>teaspoon</unit></amt>
        <item>Basil</item></ing>
      <ing>
        <amt>
          <qty>1</qty>
          <unit>teaspoon</unit></amt>
        <item>Oregano</item></ing>
      <ing>
        <amt>
          <qty>1</qty>
          <unit>teaspoon</unit></amt>
        <item>Salt</item></ing>
      <ing>
        <amt>
          <qty>1/2</qty>
          <unit>teaspoons</unit></amt>
        <item>Black pepper</item></ing>
      <ing>
        <amt>
          <qty>1</qty>
          <unit/></amt>
        <item>Romain lettuce, chopped</item></ing>
      <ing>
        <amt>
          <qty>1</qty>
          <unit/></amt>
        <item>English cucumber, sliced</item></ing>
      <ing>
        <amt>
          <qty>2</qty>
          <unit/></amt>
        <item>Stalks celery, julienned</item></ing>
      <ing>
        <amt>
          <qty>4</qty>
          <unit>large</unit></amt>
        <item>Tomatoes, cut into eighths</item></ing>
      <ing>
        <amt>
          <qty>4</qty>
          <unit/></amt>
        <item>Green onions, cut in half</item></ing>
      <ing>
        <amt>
          <qty/>
          <unit/></amt>
        <item>; lengthwise</item></ing>
      <ing>
        <amt>
          <qty>1/2</qty>
          <unit>cups</unit></amt>
        <item>Radishes, quartered</item></ing></ingredients>
    <directions>
      <step>  In a large bowl, combine mushrooms, artichoke hearts, olive oil, vinegar,
  wine, basil, oregano, salt, pepper.  Toss, set aside &amp; let marinate at room
  temperature for 30 minutes. Arrange chopped lettuce on a large platter,
  strain mushrooms &amp; artichokes from the marinade &amp; place in centre of
  lettuce.  Arrange remaining vegetables around centre. Drizzle remaining
  marinade over antipasto &amp; serve.
  
  "Vegetarian Times" July, 1993
  Posted to MC-Recipe Digest V1 #198
  
  Date: Wed, 14 Aug 1996 11:47:27 -0400
  
  From: marie@FreeMark.COM (Marie Slone)
  Serving Ideas : Serve with cornbread or cheese biscuits.
  
  NOTES : This chili can be mild or very hot depending upon the use of
       jalapeno peppers. Some chili lovers say you should never put beans
       in chili so this recipe omits them. This recipe is from a truck
       driver named Sparky that we met in Arizona, a firm believer in
       no-bean chili.
 
</step></directions></recipe></recipeml>
