<?xml version="1.0" encoding="UTF-8"?>

<recipeml version="0.5">
  <recipe>
    <head>
      <title>90-Minute Rye Bread</title>
      <categories>
        <cat>Bread</cat></categories>
      <yield>1</yield></head>
    <ingredients>
      <ing>
        <amt>
          <qty>2 1/4</qty>
          <unit>cups</unit></amt>
        <item>Unsifted white flour</item></ing>
      <ing>
        <amt>
          <qty>1 3/4</qty>
          <unit>cups</unit></amt>
        <item>Unsifted rye flour</item></ing>
      <ing>
        <amt>
          <qty>1 1/8</qty>
          <unit>cups</unit></amt>
        <item>Warm water (105-115 degrees)</item></ing>
      <ing>
        <amt>
          <qty>1</qty>
          <unit>package</unit></amt>
        <item>Active dry yeast</item></ing>
      <ing>
        <amt>
          <qty>1</qty>
          <unit>teaspoon</unit></amt>
        <item>Caraway seeds</item></ing>
      <ing>
        <amt>
          <qty>2</qty>
          <unit>teaspoons</unit></amt>
        <item>Salt</item></ing>
      <ing>
        <amt>
          <qty>1/2</qty>
          <unit>teaspoons</unit></amt>
        <item>Garlic powder</item></ing>
      <ing>
        <amt>
          <qty>2</qty>
          <unit>tablespoons</unit></amt>
        <item>Honey</item></ing>
      <ing>
        <amt>
          <qty>1</qty>
          <unit>tablespoon</unit></amt>
        <item>Margarine; softened</item></ing>
      <ing>
        <amt>
          <qty/>
          <unit/></amt>
        <item>Boiling water</item></ing></ingredients>
    <directions>
      <step>   Grease an 8-inch round pan. Combine 1-1/2 cups white flour and all the rye
  flour.
  
   Measure warm water into a large warm bowl. Sprinkle in yeast; stir until
  dissolved. Add caraway seed, salt, garlic powder, honey, margarine and
  1-1/2 cups of the flour mixture. Beat until smooth.
  
   Stir in additional flour mixture and white flour to make a soft dough.
  Turn out onto lightly floured board. Knead just until smooth, about 2
  minutes. Shape into a smooth round ball and place in the prepared pan.
  Flatten to fit pan.
  
   Place a large baking pan on the center rack of the cold oven. Pour in
  boiling water to a depth of 1 inch. Place rack over pan and place bread pan
  on rack. Cover. Close oven. Let dough rise 30 minutes.
  
   Uncover loaf. Remove pan of water. Turn oven to 375 degrees and bake for
  35-40 minutes, or until bread is done. Remove bread from pan and cool on
  wire rack.
  
  ARKANSAS GAZETTE
  
  From a collection of my mother's (Judy Hosey) recipe box which contained
  lots of her favorite recipes, clippings, etc.  Downloaded from Glen's MM
  Recipe Archive, http://www.erols.com/hosey.
 
</step></directions></recipe></recipeml>
