<?xml version="1.0" encoding="UTF-8"?>

<recipeml version="0.5">
  <recipe>
    <head>
      <title>90-Minute Soft Pretzels</title>
      <categories>
        <cat>Appetizers</cat></categories>
      <yield>12</yield></head>
    <ingredients>
      <ing>
        <amt>
          <qty>3 1/2</qty>
          <unit>cups</unit></amt>
        <item>All-Purpose Flour; unsifted</item></ing>
      <ing>
        <amt>
          <qty>2</qty>
          <unit>tablespoons</unit></amt>
        <item>Sugar</item></ing>
      <ing>
        <amt>
          <qty>1</qty>
          <unit>teaspoon</unit></amt>
        <item>Salt</item></ing>
      <ing>
        <amt>
          <qty>1</qty>
          <unit>package</unit></amt>
        <item>Active Dry Yeast</item></ing>
      <ing>
        <amt>
          <qty>1</qty>
          <unit>cup</unit></amt>
        <item>Water</item></ing>
      <ing>
        <amt>
          <qty>1</qty>
          <unit>tablespoon</unit></amt>
        <item>Water</item></ing>
      <ing>
        <amt>
          <qty>1</qty>
          <unit/></amt>
        <item>Egg Yolk; beaten</item></ing>
      <ing>
        <amt>
          <qty/>
          <unit/></amt>
        <item>Coarse Salt</item></ing></ingredients>
    <directions>
      <step>       Mix 1 cup flour, sugar, salt and undissolved yeast. Heat 1 cup water
  and margarine to 120 to 130 degrees. Gradually add to dry ingredients; beat
  2 minutes at medium speed of mixer. Add 1/2 cup flour.
   Beat at high speed 2 minutes.  Stir in enough additional flour to make a
  soft dough. On floured board, knead 5 minutes. Set in greased bowl; turn to
  grease top.  Cover and let rise in warm, draft-free place 40 minutes.
       Divide dough into 12 equal pieces.  Roll each into a 20-inch rope.
  Shape into pretzels or other shapes. Place on greased baking sheets. Cover;
  let rest 5 minutes. Mix egg yolk and 1 tablespoon water; brush on pretzels.
  Sprinkle with coarse salt.  Bake at 375 degrees 15 minutes or until done.
  Cool on racks.
  
  From Gemini's MASSIVE MealMaster collection at www.synapse.com/~gemini
 
</step></directions></recipe></recipeml>
