<?xml version="1.0" encoding="UTF-8"?>

<recipeml version="0.5">
  <recipe>
    <head>
      <title>90 Minute Cinnamon Rolls</title>
      <categories>
        <cat>Bread</cat></categories>
      <yield>12</yield></head>
    <ingredients>
      <ing>
        <amt>
          <qty>3 1/4</qty>
          <unit>cups</unit></amt>
        <item>All-purpose flour; divided</item></ing>
      <ing>
        <amt>
          <qty>1</qty>
          <unit/></amt>
        <item>Envelope fleischmann's quick rise instant yeast</item></ing>
      <ing>
        <amt>
          <qty>1/4</qty>
          <unit>cups</unit></amt>
        <item>Sugar</item></ing>
      <ing>
        <amt>
          <qty>1/2</qty>
          <unit>teaspoons</unit></amt>
        <item>Salt</item></ing>
      <ing>
        <amt>
          <qty>3/4</qty>
          <unit>cups</unit></amt>
        <item>Milk</item></ing>
      <ing>
        <amt>
          <qty>1/4</qty>
          <unit>cups</unit></amt>
        <item>Water</item></ing>
      <ing>
        <amt>
          <qty>1/4</qty>
          <unit>cups</unit></amt>
        <item>Margarine</item></ing>
      <ing>
        <amt>
          <qty>1</qty>
          <unit/></amt>
        <item>Egg</item></ing>
      <ing>
        <amt>
          <qty>1</qty>
          <unit>cup</unit></amt>
        <item>Firmly brown sugar</item></ing>
      <ing>
        <amt>
          <qty>1</qty>
          <unit>tablespoon</unit></amt>
        <item>Cinnamon</item></ing>
      <ing>
        <amt>
          <qty>1/2</qty>
          <unit>cups</unit></amt>
        <item>Margarine; softened</item></ing>
      <ing>
        <amt>
          <qty>1/2</qty>
          <unit>cups</unit></amt>
        <item>Raisins; optional</item></ing></ingredients>
    <directions>
      <step>  From: JMILES@vm.ucs.UAlberta.CA
  
  Date:   Thu, 30 Sep 1993 14:37:30 -0600
  
  SET aside 1 cup all purpose flour from total amount. MIX remaining flour,
  yeast, sugar, and salt in large bowl.  HEAT milk, water, and 1/4 cup
  margarine until hot to touch, 125F-130F. STIR hot liquid into dry
  ingredients.  MIX in egg. MIX in enough reserve flour to make a soft dough,
  that does not stick to the bowl. TURN out onto floured board and knead
  5mins.  COVER dough and let 10mins MIX brown sugar, cinniamon, &amp; margarine
  together.  ROLL dough into 12x9inch rectangle. SPREAD with cinnamon
  mixture. Sprinkle with raisins. ROLL up from long side, jelly-roll style;
  pinch to seal the seam. CUT into 12 equal slices with a sharp knife. PLACE
  cut side up in large greased muffin cups; place on baking sheet over a
  shallow pan half-filled with boiling water. COVER dough and let rise 20
  mins. BAKE at 375F for 20mins or until browned. Remove from muffin cups to
  cool. Serve warm makes 12 buns.
  
  REC.FOOD.RECIPES
  
  From rec.food.cooking archives.  Downloaded from Glen's MM Recipe Archive,
  http://www.erols.com/hosey.
 
</step></directions></recipe></recipeml>
