<?xml version="1.0" encoding="UTF-8"?>

<recipeml version="0.5">
  <recipe>
    <head>
      <title>9 Minute Fresh Fruit Pie</title>
      <categories>
        <cat>Pies &amp; past</cat>
        <cat>Fruits</cat></categories>
      <yield>6</yield></head>
    <ingredients>
      <ing>
        <amt>
          <qty>4</qty>
          <unit>cups</unit></amt>
        <item>Blueberries OR Halved strawberries OR Peaches; peeled and sliced</item></ing>
      <ing>
        <amt>
          <qty>2</qty>
          <unit>tablespoons</unit></amt>
        <item>Cornstarch</item></ing>
      <ing>
        <amt>
          <qty>2</qty>
          <unit>tablespoons</unit></amt>
        <item>Water</item></ing>
      <ing>
        <amt>
          <qty>1/2</qty>
          <unit>cups</unit></amt>
        <item>Corn syrup</item></ing>
      <ing>
        <amt>
          <qty>2</qty>
          <unit>teaspoons</unit></amt>
        <item>Lemon juice</item></ing>
      <ing>
        <amt>
          <qty>1</qty>
          <unit>cup</unit></amt>
        <item>Heavy cream</item></ing>
      <ing>
        <amt>
          <qty/>
          <unit/></amt>
        <item>Baked pie crust</item></ing></ingredients>
    <directions>
      <step>  In covered blender, blend 1 cup of fruit at high spped 30 seconds. In 2
  quart saucepan, mix cornstarch and water until smooth. Add mashed fruit,
  corn syrup, and lemon juice. Stirring constantly, bring to boil over medium
  heat and boil one minute. Turn into bowl, cover surface with waxed paper.
  Cool one hour. Fold in remaining fruit. Spread cream onto bottom and sides
  of pie crust. Fill with fruit mixture. Chill 3 hours or until set. Serves
  6-8 people.
  
  Posted to JEWISH-FOOD digest V97 #330 by BNLImp@aol.com on Dec 20, 1997
 
</step></directions></recipe></recipeml>
