<?xml version="1.0" encoding="UTF-8"?>

<recipeml version="0.5">
  <recipe>
    <head>
      <title>A&amp;w Root Beer</title>
      <categories>
        <cat>Beverages</cat></categories>
      <yield>1</yield></head>
    <ingredients>
      <ing>
        <amt>
          <qty>3/4</qty>
          <unit>cups</unit></amt>
        <item>Granulated sugar</item></ing>
      <ing>
        <amt>
          <qty>3/4</qty>
          <unit>cups</unit></amt>
        <item>Hot water</item></ing>
      <ing>
        <amt>
          <qty>1</qty>
          <unit>liter</unit></amt>
        <item>Cold selzter water</item></ing>
      <ing>
        <amt>
          <qty>1/2</qty>
          <unit>teaspoons</unit></amt>
        <item>Root beer concentrate</item></ing>
      <ing>
        <amt>
          <qty>1/8</qty>
          <unit>teaspoons</unit></amt>
        <item>Root beer concentrate</item></ing>
      <ing>
        <amt>
          <qty/>
          <unit/></amt>
        <item>; (McCormick is best)</item></ing></ingredients>
    <directions>
      <step>  1.  Dissolve the sugar in the hot water. 2.  Add the root beer concetrate
  and let cool. 3.  Combine the root beer mixture with the cold seltzer
  water, drink  immeidately, or store in refrigerator in tightly covered
  container. Makes 5 cups.
  Posted to EAT-L Digest 25 Sep 96
  
  Date:    Thu, 26 Sep 1996 18:07:26 -0400
  
  From:    Simps &lt;c.simpson@WORLDNET.ATT.NET&gt;
 
</step></directions></recipe></recipeml>
