<?xml version="1.0" encoding="UTF-8"?>

<recipeml version="0.5">
  <recipe>
    <head>
      <title>A.c.'s Potato Rolls</title>
      <categories>
        <cat>Creole</cat>
        <cat>Breads</cat></categories>
      <yield>72</yield></head>
    <ingredients>
      <ing>
        <amt>
          <qty>1</qty>
          <unit>package</unit></amt>
        <item>Active dry yeast</item></ing>
      <ing>
        <amt>
          <qty>1/2</qty>
          <unit>cups</unit></amt>
        <item>Water,warm(105-115'F.)</item></ing>
      <ing>
        <amt>
          <qty>1</qty>
          <unit>cup</unit></amt>
        <item>Milk,scalded</item></ing>
      <ing>
        <amt>
          <qty>1</qty>
          <unit>cup</unit></amt>
        <item>Potatoes,mashed</item></ing>
      <ing>
        <amt>
          <qty>2/3</qty>
          <unit>cups</unit></amt>
        <item>Vegetable shortening</item></ing>
      <ing>
        <amt>
          <qty>2</qty>
          <unit>teaspoons</unit></amt>
        <item>Salt</item></ing>
      <ing>
        <amt>
          <qty>2</qty>
          <unit/></amt>
        <item>Eggs,well beaten</item></ing>
      <ing>
        <amt>
          <qty>8</qty>
          <unit>cups</unit></amt>
        <item>Flour,all-purpose</item></ing>
      <ing>
        <amt>
          <qty/>
          <unit/></amt>
        <item>Butter,melted</item></ing></ingredients>
    <directions>
      <step>  1. Soften yeast in water.
  
  2. Place potatoes, sugar, shortening and salt in large bowl; stir in
  scalded milk.
  
  3. Let cool to lukewarm; add eggs and yeast; mixing well.
  
  4. Sift about 6 cups flour into mixture; stir until dough is stiff enough
  to knead.
  
  5. Turn out onto lightly floured surface; knead, gradually adding flour
  until dough doesn't stick to hands and is smooth and elastic.
  
  6. Shape dough into ball; place in greased bowl; turning dough to bring
  greased surface to top.
  
  7. Cover with towel; let stand in warm, draft-free place until doubled.
  
  8. Shape dough into rolls; place in greased muffin cups and let rise until
  double.
  
  9. Bake in preheated 400'F. oven 15 to 20 minutes; cool on racks.
  
  10. Brush tops with melted butter.
  
  NOTE: For interesting variations, use mashed sweet potatoes or squash
  instead of regularpotatoes.
  
  From Gemini's MASSIVE MealMaster collection at www.synapse.com/~gemini
 
</step></directions></recipe></recipeml>
