<?xml version="1.0" encoding="UTF-8"?>

<recipeml version="0.5">
  <recipe>
    <head>
      <title>Aaktay</title>
      <categories>
        <cat>Breads</cat></categories>
      <yield>2</yield></head>
    <ingredients>
      <ing-div>
        <title>KLINGON STEAMED BREAD</title>
        <ing>
          <amt>
            <qty>1</qty>
            <unit>cup</unit></amt>
          <item>White cornmeal</item></ing>
        <ing>
          <amt>
            <qty>1</qty>
            <unit>cup</unit></amt>
          <item>Whole wheat flour</item></ing>
        <ing>
          <amt>
            <qty>1/2</qty>
            <unit>cups</unit></amt>
          <item>All-bran cereal</item></ing>
        <ing>
          <amt>
            <qty>1</qty>
            <unit>teaspoon</unit></amt>
          <item>Cinnamon</item></ing>
        <ing>
          <amt>
            <qty>1/2</qty>
            <unit>teaspoons</unit></amt>
          <item>Ginger</item></ing>
        <ing>
          <amt>
            <qty>3/4</qty>
            <unit>teaspoons</unit></amt>
          <item>Salt</item></ing>
        <ing>
          <amt>
            <qty>1 1/2</qty>
            <unit>teaspoons</unit></amt>
          <item>Baking soda</item></ing>
        <ing>
          <amt>
            <qty>1/2</qty>
            <unit>cups</unit></amt>
          <item>Walnuts, chopped</item></ing>
        <ing>
          <amt>
            <qty>1/2</qty>
            <unit>cups</unit></amt>
          <item>Dates, chopped</item></ing>
        <ing>
          <amt>
            <qty>2/3</qty>
            <unit>cups</unit></amt>
          <item>Powdered skim milk</item></ing>
        <ing>
          <amt>
            <qty>1 1/2</qty>
            <unit>cups</unit></amt>
          <item>Buttermilk</item></ing>
        <ing>
          <amt>
            <qty>1/2</qty>
            <unit>cups</unit></amt>
          <item>Honey</item></ing>
        <ing>
          <amt>
            <qty>1/2</qty>
            <unit/></amt>
          <item>Orange; unpeeled</item></ing>
        <ing>
          <amt>
            <qty>1</qty>
            <unit>cup</unit></amt>
          <item>Rhubarb; chopped</item></ing>
        <ing>
          <amt>
            <qty/>
            <unit/></amt>
          <item>Margarine; to grease cans</item></ing>
        <ing>
          <amt>
            <qty>2</qty>
            <unit/></amt>
          <item>37 oz empty cans</item></ing></ing-div></ingredients>
    <directions>
      <step>   Mix together in a bowl all the dry ingredients including dates and walnuts
  (leave out only the buttermilk, honey, orange half and rhubarb). Put the
  buttermilk and the honey in the blender. Wash an orange, cut off any price
  or brand marks and cut it in half. Cut the orange half into chunks and add
  it to the blender, being sure that you have removed all the seeds. Run the
  blender until the orange chunks are chopped into little bits. Now add the
  buttermilk mixture, along with the rhubarb chunks, to the dry ingredients
  and mix well.
   Pour immediately into greased cans, filling each can no more than
  two-thirds full. Cover the filled cans with aluminum foil, and secure the
  foil with a rubber bands. Place them in a large pot, on some kind of a rack
  so they are not touching the bottom of the pot. Pour in hot water until the
  bottom 2 inches of the cans are covered. Bring to a boil and keep the water
  boiling gently for about 1 1/2 hours.
   The pot should be covered and there should be a little steam escaping at
  all times. Check the pot occasionally to make sure that there is enough
  water left.
   At the end of 1 1/2 hours, check with a skewer, right through the foil. If
  it does not come out clean, cook for another half hour and recheck. When
  the loaves are done, take the "hot" cans out of the pot. When you are ready
  to serve, uncover a mold, shake the loaf out onto a breadboard and slice
  it. Serve warm with butter or cream cheese.
  
  From Gemini's MASSIVE MealMaster collection at www.synapse.com/~gemini
 
</step></directions></recipe></recipeml>
