<?xml version="1.0" encoding="UTF-8"?>

<recipeml version="0.5">
  <recipe>
    <head>
      <title>Aargauer Rueblitorte / Argovia Carrot Cake English</title>
      <categories>
        <cat>Cakes</cat></categories>
      <yield>2</yield></head>
    <ingredients>
      <ing>
        <amt>
          <qty>1 1/8</qty>
          <unit>pounds</unit></amt>
        <item>Carrot; shredded</item></ing>
      <ing>
        <amt>
          <qty>2/3</qty>
          <unit>pounds</unit></amt>
        <item>Butter</item></ing>
      <ing>
        <amt>
          <qty>7 1/8</qty>
          <unit>ounces</unit></amt>
        <item>Semolina</item></ing>
      <ing>
        <amt>
          <qty>7 1/8</qty>
          <unit>ounces</unit></amt>
        <item>Eggs; only yellows</item></ing>
      <ing>
        <amt>
          <qty>3/8</qty>
          <unit>cups</unit></amt>
        <item>Milk</item></ing>
      <ing>
        <amt>
          <qty>7 1/8</qty>
          <unit>ounces</unit></amt>
        <item>Hazelnuts, blanced</item></ing>
      <ing>
        <amt>
          <qty>7 1/8</qty>
          <unit>ounces</unit></amt>
        <item>Egg whites</item></ing>
      <ing>
        <amt>
          <qty>3 1/2</qty>
          <unit>ounces</unit></amt>
        <item>Semolina</item></ing>
      <ing>
        <amt>
          <qty>3/4</qty>
          <unit>pounds</unit></amt>
        <item>Flour</item></ing>
      <ing>
        <amt>
          <qty>7/8</qty>
          <unit>ounces</unit></amt>
        <item>Baking powder</item></ing>
      <ing>
        <amt>
          <qty>3 1/2</qty>
          <unit>ounces</unit></amt>
        <item>Apricots marmalade</item></ing>
      <ing>
        <amt>
          <qty>7 1/8</qty>
          <unit>ounces</unit></amt>
        <item>White confectioner's coating</item></ing>
      <ing>
        <amt>
          <qty>2</qty>
          <unit>tablespoons</unit></amt>
        <item>Lime juice</item></ing></ingredients>
    <directions>
      <step>  First Step : - prepare springform pan - wash &amp; shredd carrots - heat white
  confectioner's coating and lime juice - heat apricot marmelade
  
  Second Step : - Beat butter and sugar well - Beat in the yellos from the
  eggs, one at a time, blending well after each addition. - Stir in milk,
  Hazelnuts, carrots and flour - Beat white eggs and sugar to 'snow' and stir
  together - Pour batter into well greased and floured springform pan - Bake
  at 350f until set - top with apricot marmelade - Cool in pan - top with
  white confectioner's coating
 
</step></directions></recipe></recipeml>
