<?xml version="1.0" encoding="UTF-8"?>

<recipeml version="0.5">
  <recipe>
    <head>
      <title>Aargau (Carrot Cake)</title>
      <categories>
        <cat>Switzerland</cat>
        <cat>Cakes</cat>
        <cat>Vegetables</cat></categories>
      <yield>1</yield></head>
    <ingredients>
      <ing-div>
        <title/>
        <ing>
          <amt>
            <qty>5</qty>
            <unit/></amt>
          <item>Egg; separated</item></ing>
        <ing>
          <amt>
            <qty>275</qty>
            <unit>grams</unit></amt>
          <item>Sugar, granu;ated</item></ing>
        <ing>
          <amt>
            <qty>1</qty>
            <unit/></amt>
          <item>Lemon; juiced</item></ing>
        <ing>
          <amt>
            <qty>2</qty>
            <unit/></amt>
          <item>Lemons; zest, grated</item></ing>
        <ing>
          <amt>
            <qty>250</qty>
            <unit>grams</unit></amt>
          <item>Almonds; ground</item></ing>
        <ing>
          <amt>
            <qty>300</qty>
            <unit>grams</unit></amt>
          <item>Carrots; finely grated</item></ing>
        <ing>
          <amt>
            <qty>75</qty>
            <unit>grams</unit></amt>
          <item>Cornflour</item></ing>
        <ing>
          <amt>
            <qty>1</qty>
            <unit>pinch</unit></amt>
          <item>Cinnamon, ground</item></ing>
        <ing>
          <amt>
            <qty>1</qty>
            <unit>pinch</unit></amt>
          <item>Cloves, ground</item></ing>
        <ing>
          <amt>
            <qty>10</qty>
            <unit>grams</unit></amt>
          <item>Baking powder</item></ing>
        <ing>
          <amt>
            <qty>50</qty>
            <unit>mililiters</unit></amt>
          <item>Kirsch</item></ing>
        <ing>
          <amt>
            <qty>1</qty>
            <unit>pinch</unit></amt>
          <item>Salt</item></ing></ing-div>
      <ing-div>
        <title>GLAZING</title>
        <ing>
          <amt>
            <qty>50</qty>
            <unit>grams</unit></amt>
          <item>Apricot jelly</item></ing>
        <ing>
          <amt>
            <qty/>
            <unit/></amt>
          <item>Fondant icing</item></ing>
        <ing>
          <amt>
            <qty/>
            <unit/></amt>
          <item>Marzipan carrots</item></ing></ing-div></ingredients>
    <directions>
      <step>    The Story: The cultivation of vegetables in Aargau is one of the main
  reasons for the existence of a thriving canning/bottling industry. In this
  area, the carrot is the Queen of all vegetables and it has attributes which
  allow it to be used everywhere, even in desserts.
    This carrot cake is now a Swiss classic, its reputation having been
  extended long ago far beyond the borders of the canton. Some maintain that
  the cake is better two days after baking as the carrots keep it moist.
    The Recipe: Beat together the egg yolks, sugar, lemon juice and lemon
  zest, until light. Add the finely grated carrots and the almonds.
    Mix in the cornflour, cinnamon, ground cloves and baking powder. Then add
  the kirsch. Mix or beat until smooth. Beat the egg whites until stiff and
  carefully fold in.
    Butter a tin (24 cm diameter, 5 cm high), dust with flour. Turn the
  mixture into the tin. Bake in the oven for 50 ... 60 minutes at 180 oC.
  When cooked, brush the cake with a hot apricot glaze and thin fondant
  icing. Decorate with small marzipan carrots.
    Culinary Art and Traditions of Switzerland, Pro Gastronomia, 1992 Typed
  for you by Rene Gagnaux @ 2:301/212.19 (or 2:301/707.20)
  Posted to MM-Recipes Digest V3 #316
  
  Date: Mon, 18 Nov 1996 00:01:16 -0500
  
  From: Walt Gray &lt;waltgray@mnsinc.com&gt;
 
</step></directions></recipe></recipeml>
