<?xml version="1.0" encoding="UTF-8"?>

<recipeml version="0.5">
  <recipe>
    <head>
      <title>Aaronson Corn Muffins</title>
      <categories>
        <cat>Breads</cat>
        <cat>Aaronson</cat>
        <cat>Nw</cat></categories>
      <yield>1</yield></head>
    <ingredients>
      <ing-div>
        <title>SUSAN AARONSON PSTT79C</title>
        <ing>
          <amt>
            <qty>1 1/3</qty>
            <unit>cups</unit></amt>
          <item>Flour</item></ing>
        <ing>
          <amt>
            <qty>2/3</qty>
            <unit>cups</unit></amt>
          <item>Cornmeal</item></ing>
        <ing>
          <amt>
            <qty>1/2</qty>
            <unit>cups</unit></amt>
          <item>Sugar</item></ing>
        <ing>
          <amt>
            <qty>3</qty>
            <unit>teaspoons</unit></amt>
          <item>Baking powder</item></ing>
        <ing>
          <amt>
            <qty>1/2</qty>
            <unit>teaspoons</unit></amt>
          <item>Baking soda</item></ing>
        <ing>
          <amt>
            <qty/>
            <unit>pinches</unit></amt>
          <item>Salt</item></ing>
        <ing>
          <amt>
            <qty>1</qty>
            <unit>cup</unit></amt>
          <item>Sour cream</item></ing>
        <ing>
          <amt>
            <qty>3</qty>
            <unit/></amt>
          <item>X-lg eggs</item></ing>
        <ing>
          <amt>
            <qty>5</qty>
            <unit>tablespoons</unit></amt>
          <item>Butter; melted</item></ing>
        <ing>
          <amt>
            <qty>12</qty>
            <unit>ounces</unit></amt>
          <item>Can Green Gian Mexicorn;optl</item></ing>
        <ing>
          <amt>
            <qty>1/2</qty>
            <unit>cups</unit></amt>
          <item>Bacon; coarsely chopped</item></ing>
        <ing>
          <amt>
            <qty/>
            <unit/></amt>
          <item>Cupcake papers</item></ing></ing-div></ingredients>
    <directions>
      <step>  I like to add the Mexicorn and bacon to this recipe. It certainly does
  enhance the flavor, but if you want plain corn muffins, you can certainly
  omit these 2 ingredients. Preheat oven to 400~. You'll need either one or
  two 12 unit muffin tins, lined with cupcake papers. Whisk the dry
  ingredients together, throughly, in a bowl and set aside. Whisk the sour
  cream, eggs amd melted butter together until well-blended. Make a well in
  the dry ingredients, pour in cream/butter/egg mixture and if you're adding
  the corn and bacon, add them now. Using a spatula, fold the ingredients
  together, just until combined--DON'T OVERMIX. Spoon the mixture into the
  lined muffin tins, filling them evenly, about 3/4 full. Bake for 20-25
  minutes, testing until a wooden pick comes out clean. Let me know if these
  muffins are what you're looking for.  I have more recipes if they're not.
  Enjoy.......Susan MM Format Norma Wrenn npxr56b
  
  From Gemini's MASSIVE MealMaster collection at www.synapse.com/~gemini
 
</step></directions></recipe></recipeml>
