<?xml version="1.0" encoding="UTF-8"?>

<recipeml version="0.5">
  <recipe>
    <head>
      <title>Abadoo's Granola</title>
      <categories>
        <cat>Snacks</cat></categories>
      <yield>20</yield></head>
    <ingredients>
      <ing>
        <amt>
          <qty>2 1/2</qty>
          <unit>cups</unit></amt>
        <item>ROLLED OATS</item></ing>
      <ing>
        <amt>
          <qty>1</qty>
          <unit>cup</unit></amt>
        <item>SHREDDED COCONUT; OPTIONAL</item></ing>
      <ing>
        <amt>
          <qty>1/2</qty>
          <unit>cups</unit></amt>
        <item>ALMONDS; CHOPPED</item></ing>
      <ing>
        <amt>
          <qty>1/2</qty>
          <unit>cups</unit></amt>
        <item>SESAME SEED</item></ing>
      <ing>
        <amt>
          <qty>1/2</qty>
          <unit>cups</unit></amt>
        <item>WHEAT GERM</item></ing>
      <ing>
        <amt>
          <qty>1/2</qty>
          <unit>cups</unit></amt>
        <item>HONEY</item></ing>
      <ing>
        <amt>
          <qty>1/4</qty>
          <unit>cups</unit></amt>
        <item>COOKING OIL</item></ing>
      <ing>
        <amt>
          <qty>1</qty>
          <unit>cup</unit></amt>
        <item>CURRANTS OR RAISINS</item></ing>
      <ing>
        <amt>
          <qty>1/4</qty>
          <unit>cups</unit></amt>
        <item>DATES</item></ing>
      <ing>
        <amt>
          <qty>2</qty>
          <unit>tablespoons</unit></amt>
        <item>MOLASSES</item></ing></ingredients>
    <directions>
      <step>  COMBINE ALL INGREDIENTS EXCEPT FOR FRUITS IN 13X9X2-INCH PAN.  BAKE AT 300
  DEGREES FOR 45 MINUTES AND STIR EVERY 15 MINUTES.  REMOVE FROM OVEN; STIR
  IN FRUITS AND REMOVE TO ANOTHER PAN TO COOL.  STIR OFTEN TO PREVENT LUMPING
  WHILE IT COOLS.  STORE IN PLASTIC BAGS.  MAKES ABOUT 7 CUPS.
  Posted to EAT-L Digest 12 Sep 96
  
  Date:    Fri, 13 Sep 1996 22:37:16 -0400
  
  From:    Eileen &amp; Bob Holze &lt;beck4@ASAN.COM&gt;
 
</step></directions></recipe></recipeml>
