<?xml version="1.0" encoding="UTF-8"?>

<recipeml version="0.5">
  <recipe>
    <head>
      <title>Abadoo's Banana Bread</title>
      <categories>
        <cat>Breads</cat></categories>
      <yield>10</yield></head>
    <ingredients>
      <ing>
        <amt>
          <qty>1 3/4</qty>
          <unit>cups</unit></amt>
        <item>ALL-PURPOSE FLOUR</item></ing>
      <ing>
        <amt>
          <qty>2</qty>
          <unit>teaspoons</unit></amt>
        <item>BAKING POWDER</item></ing>
      <ing>
        <amt>
          <qty>1/4</qty>
          <unit>teaspoons</unit></amt>
        <item>SODA</item></ing>
      <ing>
        <amt>
          <qty>3/4</qty>
          <unit>teaspoons</unit></amt>
        <item>SALT</item></ing>
      <ing>
        <amt>
          <qty>1/3</qty>
          <unit>cups</unit></amt>
        <item>SHORTENING</item></ing>
      <ing>
        <amt>
          <qty>2/3</qty>
          <unit>cups</unit></amt>
        <item>SUGAR</item></ing>
      <ing>
        <amt>
          <qty>3</qty>
          <unit/></amt>
        <item>EGGS</item></ing>
      <ing>
        <amt>
          <qty>1</qty>
          <unit>cup</unit></amt>
        <item>BANANAS(ABOUT 2 OR 3 MEDIUM)</item></ing></ingredients>
    <directions>
      <step>  COMBINE FLOUR, BAKING POWDER, BAKING SODA AND SALT AND SET ASIDE.  IN
  LARGE MIXING BOWL ADD SHORTENING, SUGAR AND BANANAS; MIX WELL.  ADD
  FLOUR MIXTURE 1/2 CUP AT A TIME UNTIL WELL BLENDED.  BEAT EGGS IN A
  SEPARATE BOWL; THEN FOLD INTO THE MIXTURE.  BAKE IN 350 DEGREE OVEN
  FOR 50 MINUTES IN 8X4X2-1/2 GREASED PAN.  MAKES 1 LOAF.
  Posted to MM-Recipes Digest V3 #250
  
  Date: Thu, 12 Sep 1996 21:09:56 -0400
  
  From: BobbieB1@aol.com
 
</step></directions></recipe></recipeml>
