<?xml version="1.0" encoding="UTF-8"?>

<recipeml version="0.5">
  <recipe>
    <head>
      <title>Abalone Casserole</title>
      <categories>
        <cat>None</cat></categories>
      <yield>1</yield></head>
    <ingredients>
      <ing>
        <amt>
          <qty>1</qty>
          <unit>large</unit></amt>
        <item>Or 2 sm. abalones or 4 to 6 c. leftover abalone</item></ing>
      <ing>
        <amt>
          <qty>2</qty>
          <unit/></amt>
        <item>Eggs</item></ing>
      <ing>
        <amt>
          <qty>1</qty>
          <unit>cup</unit></amt>
        <item>Bread crumbs</item></ing>
      <ing>
        <amt>
          <qty>1</qty>
          <unit>cup</unit></amt>
        <item>Green onion; chopped</item></ing>
      <ing>
        <amt>
          <qty>1</qty>
          <unit>can</unit></amt>
        <item>(small) Ortega green chilies; washed and diced</item></ing>
      <ing>
        <amt>
          <qty>1/2</qty>
          <unit>pounds</unit></amt>
        <item>Cheddar cheese or a mixture of choice</item></ing></ingredients>
    <directions>
      <step>  Tenderize abalone slices, dip in beaten eggs, then into bread crumbs. Fry
  abalone as usual. After frying place layer of abalone in a buttered
  casserole dish. Then layer of chopped green onion, a layer of chili pepper
  and a layer of cheese. Repeat until dish is full. Top with bread crumbs and
  dot with butter. Bake at 350 degrees for 20 to 30 minutes. I use leftover
  abalone it saves alot of steps and a good use for the leftovers. Just layer
  as above.
  Posted to KitMailbox Digest  by ehgf@primenet.com (Ellen) on Jan 4, 1998
 
</step></directions></recipe></recipeml>
