<?xml version="1.0" encoding="UTF-8"?>

<recipeml version="0.5">
  <recipe>
    <head>
      <title>Abalone in Shell (Chonbok Naengchae)</title>
      <categories>
        <cat>Seafood</cat></categories>
      <yield>4</yield></head>
    <ingredients>
      <ing-div>
        <title/>
        <ing>
          <amt>
            <qty>18</qty>
            <unit/></amt>
          <item>Abalones</item></ing>
        <ing>
          <amt>
            <qty>1/2</qty>
            <unit>teaspoons</unit></amt>
          <item>Salt</item></ing>
        <ing>
          <amt>
            <qty>1/2</qty>
            <unit>cups</unit></amt>
          <item>Cabbage</item></ing>
        <ing>
          <amt>
            <qty>1/2</qty>
            <unit/></amt>
          <item>Lemon</item></ing>
        <ing>
          <amt>
            <qty/>
            <unit/></amt>
          <item>Parsley</item></ing></ing-div>
      <ing-div>
        <title>CATSUP SAUCE</title>
        <ing>
          <amt>
            <qty>3</qty>
            <unit>tablespoons</unit></amt>
          <item>Tomato catsup</item></ing>
        <ing>
          <amt>
            <qty>1</qty>
            <unit>teaspoon</unit></amt>
          <item>Red pepper oil</item></ing>
        <ing>
          <amt>
            <qty>1/2</qty>
            <unit>teaspoons</unit></amt>
          <item>Minced garlic</item></ing>
        <ing>
          <amt>
            <qty>1</qty>
            <unit>teaspoon</unit></amt>
          <item>Sugar</item></ing>
        <ing>
          <amt>
            <qty>1/3</qty>
            <unit>teaspoons</unit></amt>
          <item>Salt</item></ing></ing-div></ingredients>
    <directions>
      <step>  (1)  Select medium-sized abalones and scrub shells with brush. Wash
  slippery surface of abalone meat and slide knife into shells to free meat
  from shells. Discard intestines and save empty shells for later use. (2)
  Parboil abalone meat in salted, boiling water for 5 minutes and return to
  shells. (3) Shred cabbage finely, dip into cold water for 20 minutes, and
  drain. Cut lemon into thin rings, and cut rings into half- moon shape. (4)
  Add red pepper oil, minced garlic, sugar and salt to tomato catsup to make
  sauce. (5) Place shredded cabbage in bottom of dish and top with abalones
  in shells. Garnish with lemon and parsley in middle of dish. Serve abalones
  with catsup.
  
         by Sook Joung Ha Note: *Red pepper oil is made from red pepper
  powder dissolved in sesame oil and boiled once over low heat. Drop 1-2
  drops into stuffing for dumplings and other sauce dishes to enhance the
  flavor.
  
  From &lt;Korean Cooking -- Fish, Clam and Oyster Dishes&gt;.  Downloaded from
  Glen's MM Recipe Archive, http://www.erols.com/hosey.
 
</step></directions></recipe></recipeml>
