<?xml version="1.0" encoding="UTF-8"?>

<recipeml version="0.5">
  <recipe>
    <head>
      <title>Abalone Salad</title>
      <categories>
        <cat>Seafood</cat>
        <cat>Salads</cat></categories>
      <yield>4</yield></head>
    <ingredients>
      <ing>
        <amt>
          <qty>2</qty>
          <unit/></amt>
        <item>Sm head red leaf lettuce</item></ing>
      <ing>
        <amt>
          <qty>1</qty>
          <unit/></amt>
        <item>Bunch arugula *</item></ing>
      <ing>
        <amt>
          <qty>1</qty>
          <unit/></amt>
        <item>Small head radicchio**</item></ing>
      <ing>
        <amt>
          <qty>12</qty>
          <unit/></amt>
        <item>Fresh shiitake mushrooms</item></ing>
      <ing>
        <amt>
          <qty>24</qty>
          <unit/></amt>
        <item>Chinese pea pods</item></ing>
      <ing>
        <amt>
          <qty>4</qty>
          <unit/></amt>
        <item>Fresh medium abalone</item></ing>
      <ing>
        <amt>
          <qty>2</qty>
          <unit/></amt>
        <item>Limes,or more (juice only)</item></ing>
      <ing>
        <amt>
          <qty>1</qty>
          <unit/></amt>
        <item>1-in. fresh gingerroot ***</item></ing>
      <ing>
        <amt>
          <qty/>
          <unit/></amt>
        <item>Freshly ground pepper</item></ing>
      <ing>
        <amt>
          <qty>1</qty>
          <unit>tablespoon</unit></amt>
        <item>Rice vinegar</item></ing>
      <ing>
        <amt>
          <qty>2</qty>
          <unit>tablespoons</unit></amt>
        <item>Dark soy sauce</item></ing>
      <ing>
        <amt>
          <qty>4</qty>
          <unit>tablespoons</unit></amt>
        <item>Extra-virgin olive oil</item></ing>
      <ing>
        <amt>
          <qty/>
          <unit/></amt>
        <item>Salt, pepper</item></ing>
      <ing>
        <amt>
          <qty/>
          <unit/></amt>
        <item>Lime or lemon wedges (opt)</item></ing>
      <ing>
        <amt>
          <qty>Note:</qty>
          <unit>If</unit></amt>
        <item>abalone is not available, substitute sea scallops cut into</item></ing></ingredients>
    <directions>
      <step>  paper-thin slices. *You may substitute watercress instead of arugula. **May
  use red cabbage instead of radicchio. ***Gingerroot should be peeled and
  grated. Rinse and dry lettuce, arugula and radicchio. Discard mushroom
  stems and slice tops in thin vertical slices. Rinse and dry peas. Remove
  abalone from shells, using handle of heavy spoon to break muscle
  attachments. Reserve shells. Clean abalone well, discarding undesirable
  parts. Clean shells thoroughly, dry and set aside. Using meat slicer, slice
  abalone muscle crosswise into tissue-thin pieces. If abalone can't be
  sliced tissue-thin, slice thin as possible and pound each slice on flat
  surface with mallet or flat end of cleaver until tender and almost
  transparent but not shredded. Combine juice of 1 lime, 1 tablespoon grated
  ginger and grind or two of fresh pepper in bowl. Add abalone slices and
  toss to coat well. Marinate 15 to 20 minutes, stirring occasionally.
  Combine remaining lime juice, remaining ginger, vinegar, soy sauce and 3
  tablespoons olive oil in small bowl. Tear lettuce, arugula and radicchio
  into coarse pieces and place in large bowl. Toss with dressing oil. Arrange
  greens in abalone shells or on serving plates. Set aside. Heat remaining 1
  tablespoon olive oil in skillet or saute pan, add mushrooms and peas and
  season to taste with salt and pepper. Stir-fry briefly, just until peas
  turn bright green. Remove from heat and toss to mix well. Pile hot mixture
  on top of greens in abalone shells. Top with abalone slices. Garnish with
  lime or lemon wedges, if desired.
  
  From Gemini's MASSIVE MealMaster collection at www.synapse.com/~gemini
 
</step></directions></recipe></recipeml>
