<?xml version="1.0" encoding="UTF-8"?>

<recipeml version="0.5">
  <recipe>
    <head>
      <title>Abby's Famous Penuche Fudge</title>
      <categories>
        <cat>Candy</cat>
        <cat>Fudge</cat></categories>
      <yield>36</yield></head>
    <ingredients>
      <ing>
        <amt>
          <qty>1 1/2</qty>
          <unit>cups</unit></amt>
        <item>Granulated sugar</item></ing>
      <ing>
        <amt>
          <qty>1</qty>
          <unit>cup</unit></amt>
        <item>Packed brown sugar</item></ing>
      <ing>
        <amt>
          <qty>1/3</qty>
          <unit>cups</unit></amt>
        <item>Light cream</item></ing>
      <ing>
        <amt>
          <qty>1/3</qty>
          <unit>cups</unit></amt>
        <item>Milk</item></ing>
      <ing>
        <amt>
          <qty>2</qty>
          <unit>tablespoons</unit></amt>
        <item>Butter or margarine</item></ing>
      <ing>
        <amt>
          <qty>1</qty>
          <unit>teaspoon</unit></amt>
        <item>Vanilla</item></ing>
      <ing>
        <amt>
          <qty>1/2</qty>
          <unit>cups</unit></amt>
        <item>Walnut pieces</item></ing></ingredients>
    <directions>
      <step>  Quantity: Makes 3 dozen 1-1/2-inch squares Source: Dear Abby's "More
  Favorite Recipes"
  
  Butter a 9-inch square baking dish. Butter the sides of a heavy 2-quart
  sauce-pan.
  
  Combine sugars, cream, milk and butter in saucepan. Cook over medium heat,
  stirring constantly, until sugars dissolve and mixture comes to a boil.
  Cook to soft ball stage (238 degrees on candy thermometer), stirring only
  if necessary. Immediately remove from heat and cool to lukewarm (110
  degrees). DO NOT STIR.
  
  Add vanilla and beat vigorously until very thick and mixture starts to lose
  its gloss. Quickly stir in nuts and spread into prepared baking dish. Score
  while warm, and cut when firm.
  
  Michael's notes: This recipe contains directions (about not over-stirring)
  that are applicable to most fudge recipes. The buttering the sides of the
  saucepan is also a life saver in other fudge recipes.
  
  Posted to TNT Recipes Digest by Michael Sooter &lt;msooter@llion.org&gt; on May
  15, 1998
 
</step></directions></recipe></recipeml>
