<?xml version="1.0" encoding="UTF-8"?>

<recipeml version="0.5">
  <recipe>
    <head>
      <title>Abby's Bread</title>
      <categories>
        <cat>Bread</cat></categories>
      <yield>16</yield></head>
    <ingredients>
      <ing>
        <amt>
          <qty>4</qty>
          <unit>cups</unit></amt>
        <item>Bread flour</item></ing>
      <ing>
        <amt>
          <qty>1 1/3</qty>
          <unit>cups</unit></amt>
        <item>Milk; warm</item></ing>
      <ing>
        <amt>
          <qty>2 2/3</qty>
          <unit>tablespoons</unit></amt>
        <item>Olive oil</item></ing>
      <ing>
        <amt>
          <qty>2</qty>
          <unit>teaspoons</unit></amt>
        <item>Salt</item></ing>
      <ing>
        <amt>
          <qty>2</qty>
          <unit>teaspoons</unit></amt>
        <item>Active dry yeast</item></ing>
      <ing>
        <amt>
          <qty>1 1/3</qty>
          <unit>tablespoons</unit></amt>
        <item>Sugar</item></ing></ingredients>
    <directions>
      <step>  Put in bread machine in order listed. Choose white bread setting. Makes 1
      1/2    pound loaf.
  
  Recipe by: Abby Nardo
  
  Posted to MC-Recipe Digest by snardo@OnRamp.NET on Mar 31, 1998
 
</step></directions></recipe></recipeml>
