<?xml version="1.0" encoding="UTF-8"?>

<recipeml version="0.5">
  <recipe>
    <head>
      <title>Abgushte Miveh (Dried Fruit Soups)</title>
      <categories>
        <cat>Soups</cat>
        <cat>Iranian</cat></categories>
      <yield>6</yield></head>
    <ingredients>
      <ing>
        <amt>
          <qty>1</qty>
          <unit>pound</unit></amt>
        <item>Lean lamb or beef stew meat</item></ing>
      <ing>
        <amt>
          <qty>1</qty>
          <unit>pound</unit></amt>
        <item>Lamb or beef soup bones</item></ing>
      <ing>
        <amt>
          <qty>7</qty>
          <unit>cups</unit></amt>
        <item>;water</item></ing>
      <ing>
        <amt>
          <qty>1</qty>
          <unit/></amt>
        <item>Limu omani (dried lime); optional</item></ing>
      <ing>
        <amt>
          <qty/>
          <unit/></amt>
        <item>Freshly ground black pepper</item></ing>
      <ing>
        <amt>
          <qty>2</qty>
          <unit>tablespoons</unit></amt>
        <item>Ghee or butter</item></ing>
      <ing>
        <amt>
          <qty>1</qty>
          <unit>large</unit></amt>
        <item>Onion; finely chopped</item></ing>
      <ing>
        <amt>
          <qty>2</qty>
          <unit>teaspoons</unit></amt>
        <item>Turmeric</item></ing>
      <ing>
        <amt>
          <qty>1</qty>
          <unit>cup</unit></amt>
        <item>Prunes; pitted</item></ing>
      <ing>
        <amt>
          <qty>1/2</qty>
          <unit>cups</unit></amt>
        <item>Dried apricot halves</item></ing>
      <ing>
        <amt>
          <qty>1/2</qty>
          <unit>cups</unit></amt>
        <item>Dried peaches; chopped</item></ing>
      <ing>
        <amt>
          <qty>1/3</qty>
          <unit/></amt>
        <item>To 1/2 cup brown sugar</item></ing>
      <ing>
        <amt>
          <qty>1</qty>
          <unit/></amt>
        <item>To 2 T. lemon or lime juice</item></ing></ingredients>
    <directions>
      <step>  Cut meat into small cubes and place in a soup pot with bones, water, and
  dried lime if available.  Bring slowly to the boil, skimming when
  necessary.  Add salt and pepper, cover and simmer gently for 1 1/2 hours or
  until meat is almost tender.  Remove bones and dried lime if used.
  
  In a frying pan, heat ghee or butter and fry onion until transparent, stir
  in turmeric, and cook until lightly browned. Add to soup with dried fruits
  (these may be washed if necessary, but do not require soaking). Cover and
  simmer for 30 minutes.  Add sugar and lemon or lime juice to taste so that
  soup has a pleasant sweet-sour flavor. Serve hot. Source: The Complete
  Middle East Cookbook by Tess Mallos.
  
  Shared and MM by Judi M. Phelps. jphelps@shell.portal.com,
  juphelps@delphi.com, or jphelps@best.com
  
  From Gemini's MASSIVE MealMaster collection at www.synapse.com/~gemini
 
</step></directions></recipe></recipeml>
