<?xml version="1.0" encoding="UTF-8"?>

<recipeml version="0.5">
  <recipe>
    <head>
      <title>Abilene, Tx Annual Chili Super Bowl</title>
      <categories>
        <cat>Meats</cat>
        <cat>Tex-mex</cat>
        <cat>Chili</cat></categories>
      <yield>1</yield></head>
    <ingredients>
      <ing-div>
        <title>BGPN97A TERRY NORTHUP</title>
        <ing>
          <amt>
            <qty>3</qty>
            <unit>pounds</unit></amt>
          <item>Lean ground beef</item></ing>
        <ing>
          <amt>
            <qty>3</qty>
            <unit>tablespoons</unit></amt>
          <item>Brown sugar</item></ing>
        <ing>
          <amt>
            <qty>1</qty>
            <unit>teaspoon</unit></amt>
          <item>Thyme</item></ing>
        <ing>
          <amt>
            <qty>1</qty>
            <unit>teaspoon</unit></amt>
          <item>Salt</item></ing>
        <ing>
          <amt>
            <qty>1</qty>
            <unit>teaspoon</unit></amt>
          <item>Cumin seed</item></ing>
        <ing>
          <amt>
            <qty>1</qty>
            <unit>teaspoon</unit></amt>
          <item>Garlic powder</item></ing>
        <ing>
          <amt>
            <qty>2</qty>
            <unit/></amt>
          <item>Bay leaves</item></ing>
        <ing>
          <amt>
            <qty>1</qty>
            <unit>teaspoon</unit></amt>
          <item>Cilantro</item></ing>
        <ing>
          <amt>
            <qty>1/4</qty>
            <unit>teaspoons</unit></amt>
          <item>Oregano (Mexican preferred</item></ing>
        <ing>
          <amt>
            <qty/>
            <unit/></amt>
          <item>Italian O.K.)</item></ing>
        <ing>
          <amt>
            <qty>1</qty>
            <unit>teaspoon</unit></amt>
          <item>Cayenne pepper</item></ing>
        <ing>
          <amt>
            <qty>2</qty>
            <unit>tablespoons</unit></amt>
          <item>Paprika</item></ing>
        <ing>
          <amt>
            <qty>46</qty>
            <unit>ounces</unit></amt>
          <item>V-8 juice</item></ing>
        <ing>
          <amt>
            <qty>1</qty>
            <unit>cup</unit></amt>
          <item>Onions; chopped</item></ing>
        <ing>
          <amt>
            <qty>16</qty>
            <unit>ounces</unit></amt>
          <item>Peeled tomatoes (Mexican</item></ing>
        <ing>
          <amt>
            <qty/>
            <unit/></amt>
          <item>Style for extra kick)</item></ing>
        <ing>
          <amt>
            <qty>4</qty>
            <unit>cans</unit></amt>
          <item>Pinto or kidney beans (if</item></ing>
        <ing>
          <amt>
            <qty/>
            <unit/></amt>
          <item>You like beans in your</item></ing>
        <ing>
          <amt>
            <qty/>
            <unit/></amt>
          <item>Chili)</item></ing></ing-div></ingredients>
    <directions>
      <step>  Hope this ins't too late.  I haven't checked in on the board in a while. We
  just had our annual Chili Super Bowl (Abilene, TX). They make a pot to feed
  5000. It's BIG pot. This recipe is pretty good too. You will want to
  multiply the recipe items by 10.
  
  Brown beef and drain. Add all ingredients and cover. Cook for 7-17 hours on
  medium high.
  
  Good luck!  If you try this, let me know how your customers like it.
  
  MM Format Norma Wrenn npxr56b
  
  From Gemini's MASSIVE MealMaster collection at www.synapse.com/~gemini
 
</step></directions></recipe></recipeml>
