<?xml version="1.0" encoding="UTF-8"?>

<recipeml version="0.5">
  <recipe>
    <head>
      <title>Abm Barley Bread</title>
      <categories>
        <cat>Abm</cat>
        <cat>Breads</cat>
        <cat>Jw</cat>
        <cat>Chocolate</cat></categories>
      <yield>1 1/2</yield></head>
    <ingredients>
      <ing>
        <amt>
          <qty>1</qty>
          <unit>cup</unit></amt>
        <item>Plus 2 tbsp water [80 deg]</item></ing>
      <ing>
        <amt>
          <qty>2</qty>
          <unit>tablespoons</unit></amt>
        <item>Honey</item></ing>
      <ing>
        <amt>
          <qty>2</qty>
          <unit>cups</unit></amt>
        <item>All purpose flour</item></ing>
      <ing>
        <amt>
          <qty>1</qty>
          <unit>cup</unit></amt>
        <item>Whole wheat flour</item></ing>
      <ing>
        <amt>
          <qty>1/2</qty>
          <unit>cups</unit></amt>
        <item>Barley flour</item></ing>
      <ing>
        <amt>
          <qty>1</qty>
          <unit>teaspoon</unit></amt>
        <item>Salt</item></ing>
      <ing>
        <amt>
          <qty>2</qty>
          <unit>teaspoons</unit></amt>
        <item>Cocoa</item></ing>
      <ing>
        <amt>
          <qty>1</qty>
          <unit>teaspoon</unit></amt>
        <item>Instant coffee</item></ing>
      <ing>
        <amt>
          <qty>1</qty>
          <unit>tablespoon</unit></amt>
        <item>Butter</item></ing>
      <ing>
        <amt>
          <qty>2</qty>
          <unit>teaspoons</unit></amt>
        <item>Active dry yeast</item></ing></ingredients>
    <directions>
      <step>  Add water and honey to the pan. Add flours, salt, cocoa and coffee to the
  pan. Tap pan to settle the ingredients and level ingredients with your
  fingers or a spatula. Place a piece of butter in each corner of the pan.
  Make a small well in the flour and add the yeast. Program for whole wheat
  and a dark crust.
  
  An original recipe by Jim Weller.
  Posted to Bakery-Shoppe Digest V1 #453 by Jim Weller &lt;jweller@ssimicro.com&gt;
  on Dec 14, 1997
 
</step></directions></recipe></recipeml>
