<?xml version="1.0" encoding="UTF-8"?>

<recipeml version="0.5">
  <recipe>
    <head>
      <title>Abm Foolproof Cheese and Oat Bread</title>
      <categories>
        <cat>Breads</cat></categories>
      <yield>20</yield></head>
    <ingredients>
      <ing>
        <amt>
          <qty>1/2</qty>
          <unit>tablespoons</unit></amt>
        <item>Yeast</item></ing>
      <ing>
        <amt>
          <qty>2 1/2</qty>
          <unit>cups</unit></amt>
        <item>Flour, bread</item></ing>
      <ing>
        <amt>
          <qty>1</qty>
          <unit>cup</unit></amt>
        <item>Oats</item></ing>
      <ing>
        <amt>
          <qty>1/4</qty>
          <unit>cups</unit></amt>
        <item>Milk, powdered</item></ing>
      <ing>
        <amt>
          <qty>1/2</qty>
          <unit>tablespoons</unit></amt>
        <item>Salt</item></ing>
      <ing>
        <amt>
          <qty>1</qty>
          <unit>tablespoon</unit></amt>
        <item>Sugar</item></ing>
      <ing>
        <amt>
          <qty>1</qty>
          <unit>tablespoon</unit></amt>
        <item>Oil</item></ing>
      <ing>
        <amt>
          <qty>1</qty>
          <unit/></amt>
        <item>Eggs</item></ing>
      <ing>
        <amt>
          <qty>1</qty>
          <unit>cup</unit></amt>
        <item>Water; warm</item></ing>
      <ing>
        <amt>
          <qty>1</qty>
          <unit>cup</unit></amt>
        <item>Cheese, shredded</item></ing></ingredients>
    <directions>
      <step>  Sharp cheddar cheese is recommended.
  
  Bring all ingredients to room temperature and pour into bakery, in order.
  Set "baking control" to 11 o'clock. Select "white bread" and push Start.
  
  In hot, humid weather, use 1/8 c less water; also in very cold weather.
  
  Tested in DAK 1-1/2 lb R2D2 bread machine.  Sylvia's comment: a hearty,
  easy-to-slice bread, surprisingly good for sandwiches. I even used powdered
  buttermilk when I ran out of powdered milk with good results.
  
  Copyright 1993 by Sylvia Steiger, GEnie THE.STEIGERS, CI$ 71511,2253,
  Internet sylvia.steiger@lunatic.com, moderator of GT Cookbook and PlanoNet
  Lowfat &amp; Luscious echoes
 
</step></directions></recipe></recipeml>
