<?xml version="1.0" encoding="UTF-8"?>

<recipeml version="0.5">
  <recipe>
    <head>
      <title>Abm Pizza Dough</title>
      <categories>
        <cat>None</cat></categories>
      <yield>1</yield></head>
    <ingredients>
      <ing>
        <amt>
          <qty>7/8</qty>
          <unit>cups</unit></amt>
        <item>Water; (120F/50C)</item></ing>
      <ing>
        <amt>
          <qty>1</qty>
          <unit>tablespoon</unit></amt>
        <item>Olive oil</item></ing>
      <ing>
        <amt>
          <qty>2</qty>
          <unit>teaspoons</unit></amt>
        <item>Sugar</item></ing>
      <ing>
        <amt>
          <qty>1</qty>
          <unit>teaspoon</unit></amt>
        <item>Salt</item></ing>
      <ing>
        <amt>
          <qty>2</qty>
          <unit>cups</unit></amt>
        <item>All-purpose flour</item></ing>
      <ing>
        <amt>
          <qty>2</qty>
          <unit>teaspoons</unit></amt>
        <item>Quick-Rise Instant yeast</item></ing></ingredients>
    <directions>
      <step>  Place dough ingredients into the bread pan in order given.
  
  Use Dough program. When finished remove dough from the bread pan and place
  in a greased bowl, turning to coat evenly. Cover and let dough rest for 10
  minutes OR cover and refrigerate overnight.
  
  Roll dough into a 12" pizza pan or a 13"x9" greased pan. Raise the edges a
  bit. Put on toppings.
  
  Cook topped pizza for 20 - 25 minutes at 425F (220C).
  
  Notes: Remove refrigerated dough from 'fridge about 1 hour before using.
  All-purpose white flour may be replaced with equal parts white and whole
  wheat.
  Posted to TNT Recipes Digest by Rod Grant &lt;rodgrant@magi.com&gt; on Mar 22,
  1998
 
</step></directions></recipe></recipeml>
