<?xml version="1.0" encoding="UTF-8"?>

<recipeml version="0.5">
  <recipe>
    <head>
      <title>Abm Dijon Rye</title>
      <categories>
        <cat>Bread machi</cat>
        <cat>Grains/puls</cat>
        <cat>Bread</cat></categories>
      <yield>2</yield></head>
    <ingredients>
      <ing>
        <amt>
          <qty>2</qty>
          <unit>teaspoons</unit></amt>
        <item>Yeast</item></ing>
      <ing>
        <amt>
          <qty>1</qty>
          <unit>cup</unit></amt>
        <item>Bread flour</item></ing>
      <ing>
        <amt>
          <qty>1/2</qty>
          <unit>cups</unit></amt>
        <item>Whole wheat flour</item></ing>
      <ing>
        <amt>
          <qty>1/2</qty>
          <unit>cups</unit></amt>
        <item>Rye flour</item></ing>
      <ing>
        <amt>
          <qty>1</qty>
          <unit>tablespoon</unit></amt>
        <item>Gluten</item></ing>
      <ing>
        <amt>
          <qty>1/3</qty>
          <unit>cups</unit></amt>
        <item>Dijon mustard</item></ing>
      <ing>
        <amt>
          <qty>2/3</qty>
          <unit>cups</unit></amt>
        <item>Water</item></ing>
      <ing>
        <amt>
          <qty>1</qty>
          <unit>tablespoon</unit></amt>
        <item>Lecithin granules</item></ing>
      <ing>
        <amt>
          <qty>1</qty>
          <unit>tablespoon</unit></amt>
        <item>Molasses</item></ing></ingredients>
    <directions>
      <step>  Dump yeast in machine. Dump in flours and lecithin granules Fill measuring
  cup to 2/3rds with warm water. Add mustard until liquid measures a full
  cup. Add molasses and stir. Dump in machine.
  
  Set machine to basic bake.
  
  A small dark loaf with a nice mustardy flavor. While dense, it can be
  sliced quite thinly. Makes a fabulous egg salad sandwich.
  Posted to Digest bread-bakers.v097.n070 by Reggie Dwork &lt;reggie@reggie.com&gt;
  on Nov 11, 1997
 
</step></directions></recipe></recipeml>
