<?xml version="1.0" encoding="UTF-8"?>

<recipeml version="0.5">
  <recipe>
    <head>
      <title>Abm Foolproof Maple Oat Bread</title>
      <categories>
        <cat>Breads</cat></categories>
      <yield>24</yield></head>
    <ingredients>
      <ing>
        <amt>
          <qty>1/2</qty>
          <unit>tablespoons</unit></amt>
        <item>Yeast</item></ing>
      <ing>
        <amt>
          <qty>1 1/2</qty>
          <unit>cups</unit></amt>
        <item>Oats</item></ing>
      <ing>
        <amt>
          <qty>3</qty>
          <unit>cups</unit></amt>
        <item>Flour, bread</item></ing>
      <ing>
        <amt>
          <qty>1/2</qty>
          <unit>tablespoons</unit></amt>
        <item>Salt</item></ing>
      <ing>
        <amt>
          <qty>1/2</qty>
          <unit>tablespoons</unit></amt>
        <item>Dough enhancer; optional</item></ing>
      <ing>
        <amt>
          <qty>3</qty>
          <unit>tablespoons</unit></amt>
        <item>Oil</item></ing>
      <ing>
        <amt>
          <qty>1</qty>
          <unit/></amt>
        <item>Eggs</item></ing>
      <ing>
        <amt>
          <qty>1/2</qty>
          <unit>cups</unit></amt>
        <item>Syrup, maple flavored</item></ing>
      <ing>
        <amt>
          <qty>1 5/8</qty>
          <unit>cups</unit></amt>
        <item>Water; warm</item></ing></ingredients>
    <directions>
      <step>  Bring all ingredients to room temperature and pour into bakery, in order.
  Set "baking control" at 11 o'clock. Select "sweet bread" and push Start.
  
  In hot, humid or very cold weather, reduce water to 1-1/3 c.
  
  Tested in DAK 1-1/2 lb R2D2 bread machine.  Sylvia's comment: a heavy,
  dense, easy to slice bread.  A little "wet," otherwise great!
  
  Copyright 1993 by Sylvia Steiger, GEnie THE.STEIGERS, CI$ 71511,2253,
  Internet sylvia.steiger@lunatic.com, moderator of GT Cookbook and PlanoNet
  Lowfat &amp; Luscious echoes
 
</step></directions></recipe></recipeml>
