<?xml version="1.0" encoding="UTF-8"?>

<recipeml version="0.5">
  <recipe>
    <head>
      <title>Abm Sourdough Dill and Onion Rye</title>
      <categories>
        <cat>Breads</cat></categories>
      <yield>1 1</yield></head>
    <ingredients>
      <ing>
        <amt>
          <qty>1</qty>
          <unit>teaspoon</unit></amt>
        <item>Red Star yeast</item></ing>
      <ing>
        <amt>
          <qty>2 1/3</qty>
          <unit>cups</unit></amt>
        <item>Bread flour</item></ing>
      <ing>
        <amt>
          <qty>1/4</qty>
          <unit>cups</unit></amt>
        <item>Rye flour</item></ing>
      <ing>
        <amt>
          <qty>1</qty>
          <unit>tablespoon</unit></amt>
        <item>Lecithin granules</item></ing>
      <ing>
        <amt>
          <qty>1</qty>
          <unit>tablespoon</unit></amt>
        <item>Gluten</item></ing>
      <ing>
        <amt>
          <qty>1</qty>
          <unit>teaspoon</unit></amt>
        <item>Salt</item></ing>
      <ing>
        <amt>
          <qty>1</qty>
          <unit>teaspoon</unit></amt>
        <item>Dill weed (dried)</item></ing>
      <ing>
        <amt>
          <qty>1</qty>
          <unit>teaspoon</unit></amt>
        <item>Dried onion flakes</item></ing>
      <ing>
        <amt>
          <qty>1/2</qty>
          <unit>cups</unit></amt>
        <item>Water</item></ing>
      <ing>
        <amt>
          <qty>1</qty>
          <unit>cup</unit></amt>
        <item>Sourdough starter*</item></ing></ingredients>
    <directions>
      <step>  I just realized that I never added any sugar or dry milk. It doesn't seem
  to miss them.  Next time I'll add more dill and onion. The jars were almost
  empty when my baking fit struck me, so I went with what I had.
  
  I baked it on the regular bake cycle.  It rose almost to the top of the pan
  and is a lovely golden color. Tastes pretty good, too.
  
  *Starter:  2c all purpose flour, 2 c warm water, 1 pk yeast. Combined and
  left in oven all night with the light on. It doesn't have a name yet. Would
  "Bubbles" be too optimistic?
  
  From Gemini's MASSIVE MealMaster collection at www.synapse.com/~gemini
 
</step></directions></recipe></recipeml>
