<?xml version="1.0" encoding="UTF-8"?>

<recipeml version="0.5">
  <recipe>
    <head>
      <title>Abm Spelt Bread</title>
      <categories>
        <cat>Breadmaker</cat></categories>
      <yield>2</yield></head>
    <ingredients>
      <ing>
        <amt>
          <qty>1</qty>
          <unit>teaspoon</unit></amt>
        <item>Red Star Active Dry yeast</item></ing>
      <ing>
        <amt>
          <qty>1 1/3</qty>
          <unit>cups</unit></amt>
        <item>Bread flour</item></ing>
      <ing>
        <amt>
          <qty>1</qty>
          <unit>cup</unit></amt>
        <item>Spelt flour</item></ing>
      <ing>
        <amt>
          <qty>1/4</qty>
          <unit>cups</unit></amt>
        <item>Rolled oats</item></ing>
      <ing>
        <amt>
          <qty>1</qty>
          <unit>tablespoon</unit></amt>
        <item>Lecithin granules</item></ing>
      <ing>
        <amt>
          <qty>2</qty>
          <unit>teaspoons</unit></amt>
        <item>Gluten</item></ing>
      <ing>
        <amt>
          <qty>1</qty>
          <unit>tablespoon</unit></amt>
        <item>Dry milk</item></ing>
      <ing>
        <amt>
          <qty>1</qty>
          <unit>teaspoon</unit></amt>
        <item>Salt</item></ing>
      <ing>
        <amt>
          <qty>1</qty>
          <unit>teaspoon</unit></amt>
        <item>Barley malt</item></ing>
      <ing>
        <amt>
          <qty>1</qty>
          <unit>cup</unit></amt>
        <item>Water</item></ing></ingredients>
    <directions>
      <step>  I made this in a 1-lb. Panny. For larger loaves, tell Meal Master to change
  the servings to 3.
  
  Spelt is said to have enough gluten to substitute 1/1 for bread flour, but
  I thought I'd play it safe the first time and mix it with bread flour. It's
  also cheaper that way. Spelt flour, btw, has 21 grams of protein per cup as
  opposed to 16 grams per cup of bread flour.
  
  It's a nice down-to-earth bread--nothing flashy. Light brown with a chewy
  crust. It slices easily with my new Slice 'n Easy. Good for sandwiches.
  
  Cheers, Margie, NY
  Posted to MC-Recipe Digest V1 #828 by Nancy Berry &lt;nlberry@prodigy.net&gt; on
  Oct 06, 1997
 
</step></directions></recipe></recipeml>
