<?xml version="1.0" encoding="UTF-8"?>

<recipeml version="0.5">
  <recipe>
    <head>
      <title>Abondigas Venezolanas (Venezuela)</title>
      <categories>
        <cat>Appetizers</cat></categories>
      <yield>1</yield></head>
    <ingredients>
      <ing>
        <amt>
          <qty>1</qty>
          <unit>pound</unit></amt>
        <item>Ground Beef</item></ing>
      <ing>
        <amt>
          <qty>1</qty>
          <unit/></amt>
        <item>Chopped Onions</item></ing>
      <ing>
        <amt>
          <qty>1</qty>
          <unit>cup</unit></amt>
        <item>Bread Crumbs</item></ing>
      <ing>
        <amt>
          <qty>1</qty>
          <unit>tablespoon</unit></amt>
        <item>Dried Mint Or 2 Tablespoons Fresh Mint</item></ing>
      <ing>
        <amt>
          <qty/>
          <unit/></amt>
        <item>Salt/pepper</item></ing>
      <ing>
        <amt>
          <qty>1</qty>
          <unit>cup</unit></amt>
        <item>Water</item></ing>
      <ing>
        <amt>
          <qty>1</qty>
          <unit>can</unit></amt>
        <item>Tomatoes; chopped</item></ing>
      <ing>
        <amt>
          <qty>1/2</qty>
          <unit>teaspoons</unit></amt>
        <item>Cinnamon</item></ing>
      <ing>
        <amt>
          <qty>1/4</qty>
          <unit>cups</unit></amt>
        <item>Butter</item></ing></ingredients>
    <directions>
      <step>  Mix beef, onions, crumbs, mint, salt and pepper; add water, small amount at
  a time, just until mixture holds together. Form into bite-sized balls;
  arrange balls in single layer in shallow oven dish. Pour tomatoes over
  meatballs; sprinkle with cinnamon. Dot with butter. Bake in 400-degree oven
  for 1 hour. Serve with toothpicks. Yield: 50 meatballs.
  Posted to MC-Recipe Digest by Nancy Berry &lt;nlberry@prodigy.net&gt; on Mar 16,
  1998
 
</step></directions></recipe></recipeml>
