<?xml version="1.0" encoding="UTF-8"?>

<recipeml version="0.5">
  <recipe>
    <head>
      <title>About Couscous (3 Variations)</title>
      <categories>
        <cat>Pasta</cat>
        <cat>Salads</cat></categories>
      <yield>4</yield></head>
    <ingredients>
      <ing-div>
        <title>SEE DIRECTIONS ON PACKAGE</title></ing-div></ingredients>
    <directions>
      <step>  LIME: Add 1 tablespoon lime juice and 1/2 teaspoon grated lime peel to
  water when preparing couscous.
  
  MOROCCAN: Add 1/4 cup golden raisins, 1/4 teaspoon ground cinnamon, 1/4
  teaspoon ground turmeric, and 1/4 teaspoon ground cumin to water when
  preparing couscous.
  
  SUN-DRIED TOMATO &amp; GREEN-ONION: Add 1 medium green onion, sliced, and 5
  sun-dried tomato halves, chopped, to water when preparing couscous.
  
  Copyright © 1995 The Hearst Corporation; all rights reserved
  
  Notes: Work Time: 5 minutes Total Time: 10 minutes
  
  Recipe by: Homearts Recipe Archive
  
  Posted to MC-Recipe Digest by KitPATh &lt;phannema@wizard.ucr.edu&gt; on Feb 26,
  1998
 
</step></directions></recipe></recipeml>
