<?xml version="1.0" encoding="UTF-8"?>

<recipeml version="0.5">
  <recipe>
    <head>
      <title>Barcardi Rum Chocolate Cake</title>
      <categories>
        <cat>Cakes</cat></categories>
      <yield>10</yield></head>
    <ingredients>
      <ing-div>
        <title>CAKE</title>
        <ing>
          <amt>
            <qty>1</qty>
            <unit>package</unit></amt>
          <item>Chocolate cake mix</item></ing>
        <ing>
          <amt>
            <qty>1</qty>
            <unit>package</unit></amt>
          <item>Chocolate Instant Pudding</item></ing>
        <ing>
          <amt>
            <qty/>
            <unit/></amt>
          <item>4-serving size</item></ing>
        <ing>
          <amt>
            <qty>4</qty>
            <unit>x</unit></amt>
          <item>Eggs</item></ing>
        <ing>
          <amt>
            <qty>1/2</qty>
            <unit>cups</unit></amt>
          <item>Barcardi Dark Rum</item></ing>
        <ing>
          <amt>
            <qty>1/4</qty>
            <unit>cups</unit></amt>
          <item>Cold water</item></ing>
        <ing>
          <amt>
            <qty>1/2</qty>
            <unit>cups</unit></amt>
          <item>Oil</item></ing>
        <ing>
          <amt>
            <qty>1/2</qty>
            <unit>cups</unit></amt>
          <item>Slivered almonds or nuts</item></ing></ing-div>
      <ing-div>
        <title>FILLING</title>
        <ing>
          <amt>
            <qty>1 1/2</qty>
            <unit>cups</unit></amt>
          <item>Cold milk</item></ing>
        <ing>
          <amt>
            <qty>1/4</qty>
            <unit>cups</unit></amt>
          <item>Barcardi Dark Rum</item></ing>
        <ing>
          <amt>
            <qty>1</qty>
            <unit>package</unit></amt>
          <item>Chocolate Instant Pudding</item></ing>
        <ing>
          <amt>
            <qty/>
            <unit/></amt>
          <item>Envelope Dream Whip Topping</item></ing></ing-div></ingredients>
    <directions>
      <step>  Preheat oven to 350F. Grease and flour two 9-in layer cake pans. Combine
  all cake ingredients together in large bowl. Blend well, then beat at
  medium mixer speed for 2 minutes. Turn into prepared pans. Bake for 30
  minutes or until cake tests done. Do not underbake. cool in pans for 10
  minutes. Remove from pans, finish cooling on racks. Split layers in half
  horizontally. Spread 1 cup filling between each layer and over top of cake.
  Stack. Keep cake chilled. Serve cold. Optional: Garnish with chocolate
  curls. Filling: Combine milk, rum, pudding mix and topping mix in deep
  narrow-bottom bowl. Blend well at high speed for 4 minutes, until light and
  fluffy. Makes 4 cups.
  
  From Gemini's MASSIVE MealMaster collection at www.synapse.com/~gemini
 
</step></directions></recipe></recipeml>
