<?xml version="1.0" encoding="UTF-8"?>

<recipeml version="0.5">
  <recipe>
    <head>
      <title>Barchetta Endivia Belga E Taleggio (Endive &amp; Taleggio Boats)</title>
      <categories>
        <cat>Appetizers</cat>
        <cat>Italian</cat></categories>
      <yield>15</yield></head>
    <ingredients>
      <ing>
        <amt>
          <qty>4</qty>
          <unit/></amt>
        <item>Belgian endive heads</item></ing>
      <ing>
        <amt>
          <qty>1/2</qty>
          <unit>pounds</unit></amt>
        <item>Taleggio cheese; room temp</item></ing>
      <ing>
        <amt>
          <qty>1/4</qty>
          <unit>pounds</unit></amt>
        <item>BC Smoked Salmon; thin slice</item></ing>
      <ing>
        <amt>
          <qty>15</qty>
          <unit/></amt>
        <item>Prosciutto or bresaola cured beef slices</item></ing>
      <ing>
        <amt>
          <qty>2</qty>
          <unit>tablespoons</unit></amt>
        <item>Fennel leaves; finely chop</item></ing>
      <ing>
        <amt>
          <qty>2</qty>
          <unit>tablespoons</unit></amt>
        <item>Parsley; fresh, fine chop</item></ing>
      <ing>
        <amt>
          <qty>1</qty>
          <unit>tablespoon</unit></amt>
        <item>Sun-dried tomatoes; pureed</item></ing>
      <ing>
        <amt>
          <qty>313</qty>
          <unit>mililiters</unit></amt>
        <item>Roasted peppers; cut in thin strips</item></ing>
      <ing>
        <amt>
          <qty/>
          <unit/></amt>
        <item>Fresh ground black pepper</item></ing>
      <ing>
        <amt>
          <qty/>
          <unit/></amt>
        <item>Extra virgin olive oil</item></ing></ingredients>
    <directions>
      <step>  Roasted peppers are available commercially in 313 mL jar (Unico brand)
  Carefully remove endive leaves: rinse and dry carefully. Salmon boats:
  Place a slice of salmon on the endive leaf, enough to sit in the (endive)
  "boat". Remove the outer skin of the taleggio and leave half the cheese for
  the second combination. Gently blend the cheese with the fennel leaves.
  Drizzle a little extra virgin olive oil on the salmon and grind a couple of
  turn of pepper. Place a spoonful of taleggio on top and serve. Bresaola
  boats: Place a slice of bresaola or prosciutto on the endive. Place a strip
  of roasted red pepper on top, drizzle with extra virgin olive oil and
  sprinkle with chopped parsley. Gently mix the sun-dried tomatoes into the
  cheese. Place a spoonful on top of the "boat"(endive) and serve. If unable
  to locate Taleggio cheese use goat's cheese. Takes 20 minutes to prepare
  
  File ftp://ftp.idiscover.co.uk/pub/food/mealmaster/recipes/mmdjaxxx.zip
 
</step></directions></recipe></recipeml>
