<?xml version="1.0" encoding="UTF-8"?>

<recipeml version="0.5">
  <recipe>
    <head>
      <title>Barley Pilaf W Grilled Apples</title>
      <categories>
        <cat>Side dish</cat>
        <cat>Fruits</cat>
        <cat>Vegetables</cat></categories>
      <yield>6</yield></head>
    <ingredients>
      <ing>
        <amt>
          <qty>1</qty>
          <unit>cup</unit></amt>
        <item>Barley</item></ing>
      <ing>
        <amt>
          <qty>2</qty>
          <unit>teaspoons</unit></amt>
        <item>Canola oil</item></ing>
      <ing>
        <amt>
          <qty>1</qty>
          <unit>teaspoon</unit></amt>
        <item>Vanilla extract</item></ing>
      <ing>
        <amt>
          <qty>1/8</qty>
          <unit>teaspoons</unit></amt>
        <item>Ground cinnamon</item></ing>
      <ing>
        <amt>
          <qty>1/8</qty>
          <unit>teaspoons</unit></amt>
        <item>Grated mutmeg</item></ing>
      <ing>
        <amt>
          <qty>1/8</qty>
          <unit>teaspoons</unit></amt>
        <item>Ground cardomom</item></ing>
      <ing>
        <amt>
          <qty>1 1/2</qty>
          <unit>cups</unit></amt>
        <item>Apple juice</item></ing>
      <ing>
        <amt>
          <qty>1 1/2</qty>
          <unit>cups</unit></amt>
        <item>Water apples-----</item></ing>
      <ing>
        <amt>
          <qty>2</qty>
          <unit/></amt>
        <item>Baking apples</item></ing>
      <ing>
        <amt>
          <qty>2</qty>
          <unit>tablespoons</unit></amt>
        <item>Apple juice</item></ing>
      <ing>
        <amt>
          <qty>1/4</qty>
          <unit>teaspoons</unit></amt>
        <item>Ground cinamon</item></ing></ingredients>
    <directions>
      <step>  PILAF: In a 2-quart saucepan, combine the barley, oil, vanilla, cinnamon,
  nutmeg, and cardamom. Saute until fragrant, about 2 min. Add the apple
  juice and water. Bring to a boil, reduce the heat, cover, and simmer for 45
  to 60 min., or until the barley is tender and all the liquid has been
  absorbed.
  
  APPLES: Core the apples and cut crosswise into thin rounds. Place on a
  baking sheet. Sprinkle with 1 tb apple juice and 1/8 ts cinnamon. Broil
  about 4 inches from the heat for about 3 minutes. Flip the slices and
  sprinkle with the remaining juice and cinnamon. Grill for 2 minutes. Serve
  hot with the pilaf.
  Posted to MC-Recipe Digest V1 #813 by Nancy Berry &lt;nlberry@prodigy.net&gt; on
  Sep 28, 1997
 
</step></directions></recipe></recipeml>
