<?xml version="1.0" encoding="UTF-8"?>

<recipeml version="0.5">
  <recipe>
    <head>
      <title>Barley and Lentil Soup</title>
      <categories>
        <cat>None</cat></categories>
      <yield>1</yield></head>
    <ingredients>
      <ing>
        <amt>
          <qty>3</qty>
          <unit>tablespoons</unit></amt>
        <item>Olive oil</item></ing>
      <ing>
        <amt>
          <qty>2</qty>
          <unit>large</unit></amt>
        <item>Onions; chopped</item></ing>
      <ing>
        <amt>
          <qty>4</qty>
          <unit/></amt>
        <item>Garlic cloves; chopped</item></ing>
      <ing>
        <amt>
          <qty>3</qty>
          <unit/></amt>
        <item>Carrots; sliced</item></ing>
      <ing>
        <amt>
          <qty>4</qty>
          <unit/></amt>
        <item>Celery stalks; chopped</item></ing>
      <ing>
        <amt>
          <qty>1</qty>
          <unit/></amt>
        <item>Red bell pepper; chopped</item></ing>
      <ing>
        <amt>
          <qty>8</qty>
          <unit/></amt>
        <item>Oil-packed sun-dried tomatoes; drained, chopped</item></ing>
      <ing>
        <amt>
          <qty>2</qty>
          <unit>teaspoons</unit></amt>
        <item>Dried basil; crumbled</item></ing>
      <ing>
        <amt>
          <qty>1</qty>
          <unit>teaspoon</unit></amt>
        <item>Dried oregano; crumbled</item></ing>
      <ing>
        <amt>
          <qty>6</qty>
          <unit>cans</unit></amt>
        <item>(14 1/2-oz) beef broth</item></ing>
      <ing>
        <amt>
          <qty>1</qty>
          <unit>can</unit></amt>
        <item>(28-oz) crushed tomatoes</item></ing>
      <ing>
        <amt>
          <qty>2</qty>
          <unit>tablespoons</unit></amt>
        <item>Tomato paste</item></ing>
      <ing>
        <amt>
          <qty>1</qty>
          <unit>cup</unit></amt>
        <item>Pearl barley</item></ing>
      <ing>
        <amt>
          <qty>1</qty>
          <unit>cup</unit></amt>
        <item>Lentils</item></ing>
      <ing>
        <amt>
          <qty/>
          <unit/></amt>
        <item>Salt and pepper</item></ing>
      <ing>
        <amt>
          <qty>1/4</qty>
          <unit>cups</unit></amt>
        <item>Chopped fresh parsley; (optional)</item></ing></ingredients>
    <directions>
      <step>  Heat oil in heavy 4-quart saucepan over medium-high heat. Add onions and
  garlic and sauté until onions are translucent, about 10 minutes. Add next 6
  ingredients. Cook until bell pepper just softens, stirring occasionally, 6
  minutes.
  
  Mix in 5 cans broth, tomatoes and tomato paste. Bring mixture to boil. Stir
  in barley and lentils. Reduce heat and simmer until barley and lentils are
  tender, stirring occasionally, about 1 1/2 hours.
  
  Thin soup to desired consistency with remaining broth. Season with salt and
  pepper. Ladle into soup bowls and garnish with parsley if desired.
  
        8    Servings
  
  Bon Appétit January 1991 Cynthia Paige Ward: Winston-Salem, North Carolina
  
  Posted to recipelu-digest by Sandy &lt;sandysno@pctech.net&gt; on Feb 24, 1998
 
</step></directions></recipe></recipeml>
