<?xml version="1.0" encoding="UTF-8"?>

<recipeml version="0.5">
  <recipe>
    <head>
      <title>Barley-Amaranth Waffles</title>
      <categories>
        <cat>Breads</cat>
        <cat>Quick</cat>
        <cat>Breakfast</cat>
        <cat>Vegan</cat></categories>
      <yield>4</yield></head>
    <ingredients>
      <ing>
        <amt>
          <qty>3/4</qty>
          <unit>cups</unit></amt>
        <item>AM Amaranth Flour</item></ing>
      <ing>
        <amt>
          <qty>1</qty>
          <unit>cup</unit></amt>
        <item>AM Barley Flour</item></ing>
      <ing>
        <amt>
          <qty>1</qty>
          <unit>tablespoon</unit></amt>
        <item>Non-alum baking powder</item></ing>
      <ing>
        <amt>
          <qty>1/4</qty>
          <unit>teaspoons</unit></amt>
        <item>Sea salt (optional)</item></ing>
      <ing>
        <amt>
          <qty>1 1/2</qty>
          <unit>cups</unit></amt>
        <item>Milk, soymilk, or water</item></ing>
      <ing>
        <amt>
          <qty>3</qty>
          <unit>tablespoons</unit></amt>
        <item>AM Unrefined Vegetable Oil</item></ing></ingredients>
    <directions>
      <step>  Mix liquids and dry ingredients separately, then beat together with a hand
  mixer.  Pour onto hot, non-stick surface griddle.  Thin batter with
  additional water if needed.  Makes four waffles.  May be used for pancakes
  also.
  
  Source: Arrowhead Mills "Amaranth Flour" tri-fold
  Reprinted by permission of Arrowhead Mills, Inc.
  Electronic format courtesy of: Karen Mintzias
  
  File ftp://ftp.idiscover.co.uk/pub/food/mealmaster/recipes/am.zip
 
</step></directions></recipe></recipeml>
