<?xml version="1.0" encoding="UTF-8"?>

<recipeml version="0.5">
  <recipe>
    <head>
      <title>Barley Mushroom Casserole (Vegan)</title>
      <categories>
        <cat>Vegetables</cat>
        <cat>Casseroles</cat>
        <cat>Prodigy</cat>
        <cat>Dec.</cat>
        <cat>Fatfree</cat></categories>
      <yield>4</yield></head>
    <ingredients>
      <ing>
        <amt>
          <qty>1</qty>
          <unit>cup</unit></amt>
        <item>Chopped onions</item></ing>
      <ing>
        <amt>
          <qty>2</qty>
          <unit>cups</unit></amt>
        <item>Sliced mushrooms</item></ing>
      <ing>
        <amt>
          <qty>2</qty>
          <unit>packages</unit></amt>
        <item>Instant broth/season</item></ing>
      <ing>
        <amt>
          <qty>2 1/2</qty>
          <unit>cups</unit></amt>
        <item>Water</item></ing>
      <ing>
        <amt>
          <qty/>
          <unit/></amt>
        <item>Salt and pepper; to taste</item></ing>
      <ing>
        <amt>
          <qty>5 1/4</qty>
          <unit>ounces</unit></amt>
        <item>Barley; 3/4 cup</item></ing></ingredients>
    <directions>
      <step>  Add your favorite spice to this casserole, if you wish. Try 1/2 teaspoon of
  either curry powder, basil, oregano, dill or thyme or enjoy it as it is
  with the delicious subtle flavor of mushrooms. In a medium saucepan over
  medium heat cook onions &amp; mushrooms till tender about 10 min adding small
  amounts of water if necessary to prevent drying. Add broth mix, water and
  salt &amp; pepper and bring to a boil. Stir in barley, reduce heat to low,
  cover and simmer 50min until barley is tender and liquid is absorbed. Stir
  occassionally while cooking and add more water if necessary. Note: I
  eliminated the 2T+2t of reduced calorie margarine to reduce the 5g per
  serving of fat in the original recipe.
   Nutrition (per serving):  169 calories  Total Fat 1 g (6% of calories)
  Source: More Lean &amp; Luscious by Bobbie Hinman &amp; Millie Snyder Page(s): 313
  Date Published: 1988
  :
  
  D/L from Prodigy 12-14-94. Recipe collection of Sue Smith. 1.80á
  
  File ftp://ftp.idiscover.co.uk/pub/food/mealmaster/recipes/fatfreex.zip
 
</step></directions></recipe></recipeml>
