<?xml version="1.0" encoding="UTF-8"?>

<recipeml version="0.5">
  <recipe>
    <head>
      <title>Barley Mushroom Dressing</title>
      <categories>
        <cat>Magazine</cat>
        <cat>Holidays</cat>
        <cat>Breads</cat></categories>
      <yield>12</yield></head>
    <ingredients>
      <ing>
        <amt>
          <qty>2</qty>
          <unit>tablespoons</unit></amt>
        <item>Olive oil</item></ing>
      <ing>
        <amt>
          <qty>6</qty>
          <unit>ounces</unit></amt>
        <item>Mushrooms; halved &amp; sliced</item></ing>
      <ing>
        <amt>
          <qty>1</qty>
          <unit>teaspoon</unit></amt>
        <item>Salt</item></ing>
      <ing>
        <amt>
          <qty>2</qty>
          <unit>large</unit></amt>
        <item>Onions; coarsely chopped</item></ing>
      <ing>
        <amt>
          <qty>2</qty>
          <unit/></amt>
        <item>Celery ribs; coarsely choppd</item></ing>
      <ing>
        <amt>
          <qty>2</qty>
          <unit/></amt>
        <item>Carrots; peeled &amp; sliced</item></ing>
      <ing>
        <amt>
          <qty>2</qty>
          <unit>cloves</unit></amt>
        <item>Garlic; thinly sliced</item></ing>
      <ing>
        <amt>
          <qty>1</qty>
          <unit>teaspoon</unit></amt>
        <item>Paprika</item></ing>
      <ing>
        <amt>
          <qty>1/4</qty>
          <unit>teaspoons</unit></amt>
        <item>Dried thyme</item></ing>
      <ing>
        <amt>
          <qty>1/4</qty>
          <unit>teaspoons</unit></amt>
        <item>Dried sage</item></ing>
      <ing>
        <amt>
          <qty>1 1/4</qty>
          <unit>cups</unit></amt>
        <item>Barley</item></ing>
      <ing>
        <amt>
          <qty>2</qty>
          <unit>cans</unit></amt>
        <item>Chicken broth; 14oz each</item></ing>
      <ing>
        <amt>
          <qty/>
          <unit/></amt>
        <item>Nonstick cooking spray</item></ing>
      <ing>
        <amt>
          <qty>1/4</qty>
          <unit>cups</unit></amt>
        <item>Fresh parsley; chopped</item></ing>
      <ing>
        <amt>
          <qty>1/4</qty>
          <unit>cups</unit></amt>
        <item>Orange juice</item></ing>
      <ing>
        <amt>
          <qty>1/4</qty>
          <unit>teaspoons</unit></amt>
        <item>Pepper</item></ing></ingredients>
    <directions>
      <step>  Heat 1 tbsp of the oil in a large nonstick skillet over medium-high heat.
  Add mushrooms; sprinkle with 1/8 tsp of the salt. Cook without stirring for
  1 minute. Cook, stirring, for 4 more minutes, or until mushrooms are just
  softened. Transfer mushrooms to a large bowl. Set aside.
  
  Add 2 tsp oil to the skillet. Add onions, celery, carrots and garlic.
  Sprinkle with 1/8 tsp of the salt. Cook, stirring occasionally, 5 minutes.
  Add paprika, thyme and sage. Cook 1 minute longer. Transfer vegetables to
  the bowl with mushrooms. Set aside.
  
  Heat remaining 1 tsp of oil in a large saucepan. Add barley and cook,
  stirring, for 1 minute. Add chicken broth and bring to a boil. Lower heat,
  cover and simmer 50 minutes, or until barley is tender but not mushy.
  
  Preheat the oven to 350ø. Lightly coat a deep, 2 1/2-qt casserole dish with
  nonstick cooking spray. Set aside.
  
  Stir barley mixture, parsley and orange juice into the bowl with the
  vegetables. Add 3/4 tsp salt and 1/4 tsp pepper. If the mixture seems dry,
  stir in a little water or chicken broth. Transfer the mixture to the
  prepared casserole dish and cover with aluminum foil.
  
  Bake for 30 to 40 minutes, uncovering the dressing for the last 15 minutes.
  Makes 12 servings.
  
  * Approximate nutritional analysis: 119 calories per 2/3-cup serving; 4g
  protein; 20g carbohydrate; 3g fat (22% of calories); 4g fiber; 346mg
  sodium; 35% of the Daily Value for vitamin A.
  
  **  American Health  --  November 1995  **
  
  From Gemini's MASSIVE MealMaster collection at www.synapse.com/~gemini
 
</step></directions></recipe></recipeml>
