<?xml version="1.0" encoding="UTF-8"?>

<recipeml version="0.5">
  <recipe>
    <head>
      <title>Barley Salad with Squash</title>
      <categories>
        <cat>New</cat>
        <cat>Text</cat>
        <cat>Import</cat></categories>
      <yield>1</yield></head>
    <ingredients>
      <ing>
        <amt>
          <qty>1</qty>
          <unit>tablespoon</unit></amt>
        <item>Vegetable oil</item></ing>
      <ing>
        <amt>
          <qty>1</qty>
          <unit>cup</unit></amt>
        <item>Medium pearl barley</item></ing>
      <ing>
        <amt>
          <qty>2</qty>
          <unit>cups</unit></amt>
        <item>Water</item></ing>
      <ing>
        <amt>
          <qty>2</qty>
          <unit/></amt>
        <item>Kirby cucumbers</item></ing>
      <ing>
        <amt>
          <qty>1</qty>
          <unit>medium</unit></amt>
        <item>Yellow squash</item></ing>
      <ing>
        <amt>
          <qty>1</qty>
          <unit>medium</unit></amt>
        <item>Zucchini</item></ing>
      <ing>
        <amt>
          <qty>1/2</qty>
          <unit>cups</unit></amt>
        <item>Mayonnaise,; regular or low fat</item></ing>
      <ing>
        <amt>
          <qty>2</qty>
          <unit>tablespoons</unit></amt>
        <item>Tarragon vinegar</item></ing>
      <ing>
        <amt>
          <qty>1/4</qty>
          <unit>cups</unit></amt>
        <item>Chopped fresh dill</item></ing>
      <ing>
        <amt>
          <qty/>
          <unit/></amt>
        <item>Salt and freshly ground black peper</item></ing>
      <ing>
        <amt>
          <qty>1</qty>
          <unit>pound</unit></amt>
        <item>Jar pickled beets (or 2 cups cooked sliced fresh beets)</item></ing>
      <ing>
        <amt>
          <qty/>
          <unit/></amt>
        <item>Watercress for garnish</item></ing></ingredients>
    <directions>
      <step>  In a heavy 2 to 3 quart saucepan heat the vegetable oil; add the barley and
  cook the grain, stirring constantly, until it smells toasty. Remove the
  saucepan from the heat. Averting your face, add the water (it will bubble
  up furiously) Return the saucepan to the heat, cover and cook for about 2O
  to 25 minutes or until barley has absorbed the liquid and is just tender.
  Transfer the barley to a sieve and drain under cold water; pat dry and set
  aside.
  
  During the time it takes to cook the barley, peel, halve and seed the
  cucumbers and cut them into 1/2 inch half moons. Halve and seed the
  zucchini and yellow squash, cut them into 1/2 inch half moons and parboil
  them for a minute, drain and pat dry.
  
  In the bottom of a mixing bowl combine the mayonnaise, vinegar and dill;
  season well with salt and pepper. To the dressing add the cooked barley,
  cucumbers and squash and toss well; adjust the seasoning.
  
  On the outside edge of a serving platter, make a ring of drained sliced
  pickled beets. Pile the barley salad in the middle and center some
  watercress leaves in the middle of the salad.
  
  Yield: 4 servings
  Recipe By     :COOKING MONDAY TO FRIDAY SHOW # MF6709
  
  Posted to MC-Recipe Digest V1 #283
  
  Date: Thu, 7 Nov 1996 08:32:25 -0500
  
  From: Meg Antczak &lt;meginny@frontiernet.net&gt;
 
</step></directions></recipe></recipeml>
