<?xml version="1.0" encoding="UTF-8"?>

<recipeml version="0.5">
  <recipe>
    <head>
      <title>Barley and Shrimp Dinner</title>
      <categories>
        <cat>Main dishes</cat>
        <cat>Low fat</cat></categories>
      <yield>4</yield></head>
    <ingredients>
      <ing>
        <amt>
          <qty>2</qty>
          <unit>teaspoons</unit></amt>
        <item>Olive Oil; *Note</item></ing>
      <ing>
        <amt>
          <qty>2/3</qty>
          <unit>cups</unit></amt>
        <item>Pearl Barley</item></ing>
      <ing>
        <amt>
          <qty>1</qty>
          <unit/></amt>
        <item>Clove Garlic; Minced</item></ing>
      <ing>
        <amt>
          <qty>1/4</qty>
          <unit>teaspoons</unit></amt>
        <item>Ground Turmeric</item></ing>
      <ing>
        <amt>
          <qty>2</qty>
          <unit>tablespoons</unit></amt>
        <item>Chopped Parsley</item></ing>
      <ing>
        <amt>
          <qty>1 1/2</qty>
          <unit>cups</unit></amt>
        <item>Cherry Tomatoes; Cut In Halves</item></ing>
      <ing>
        <amt>
          <qty>1 1/2</qty>
          <unit>cups</unit></amt>
        <item>Bottled Clam Juice; Or Chicken Broth</item></ing>
      <ing>
        <amt>
          <qty>1/2</qty>
          <unit>cups</unit></amt>
        <item>Dry White Wine</item></ing>
      <ing>
        <amt>
          <qty>6</qty>
          <unit>ounces</unit></amt>
        <item>Shrimp; To 8 Oz, Or Scallops</item></ing>
      <ing>
        <amt>
          <qty>1/2</qty>
          <unit>cups</unit></amt>
        <item>Fresh Green Peas; Or Frozen That</item></ing>
      <ing>
        <amt>
          <qty/>
          <unit/></amt>
        <item>; Have Been Thawed</item></ing></ingredients>
    <directions>
      <step>  *NOTE:  You can use extra chicken broth if you want to remove this fat.
  
  We used fresh green peas and they were wonderful.
  
  Heat oil in a skillet over med heat.  Add barley, garlic and turmeric.
  Cook, stirring, until barley is golden, about  3 min.
  
  Stir in parsley, cherry tomatoes, clam juice and wine.  Bring to boil.
  Reduce heat, cover and simmer 35 min.  (It really should be closer to 40
  minutes)
  
  Arrange seafood and peas over the barley.  Cover and cook for5 - 10  min or
  until barley is tender.
  
  Makes 4 servings.
  
  According to article: Cal 487 Fat 8g Carb 69g Pro 28g Sod 786mg
  
  Entered into MasterCook by Reggie Dwork &lt; reggie@reggie.com&gt;
  
  With permission from San Jose Mercury News newspaper. (adapted)
  Posted to Digest eat-lf.v096.n126
  
  Date: Sat, 17 Aug 1996 12:56:12 -0700
  
  From: smgin2@sprynet.com
  NOTES : According to MasterCook:
       Cal  273.8
       Fat  3.8g
       Carbs  42.3g
       Fiber  6.9g
       Protein  14.1g
       Sodium  437mg
       CFF  13%
 
</step></directions></recipe></recipeml>
