<?xml version="1.0" encoding="UTF-8"?>

<recipeml version="0.5">
  <recipe>
    <head>
      <title>Barley and Mushroom Pilaf</title>
      <categories>
        <cat>Vegetables</cat></categories>
      <yield>8</yield></head>
    <ingredients>
      <ing>
        <amt>
          <qty>1</qty>
          <unit>tablespoon</unit></amt>
        <item>Soft margarine</item></ing>
      <ing>
        <amt>
          <qty>1</qty>
          <unit/></amt>
        <item>Onion, chopped</item></ing>
      <ing>
        <amt>
          <qty>3/4</qty>
          <unit>pounds</unit></amt>
        <item>Mushrooms, sliced</item></ing>
      <ing>
        <amt>
          <qty>1</qty>
          <unit>cup</unit></amt>
        <item>Pot barley or pearl barley**</item></ing>
      <ing>
        <amt>
          <qty>3</qty>
          <unit>cups</unit></amt>
        <item>Hot chicken stock</item></ing>
      <ing>
        <amt>
          <qty>1/2</qty>
          <unit>cups</unit></amt>
        <item>Chopped fresh parsley</item></ing>
      <ing>
        <amt>
          <qty/>
          <unit/></amt>
        <item>Freshly ground pepper</item></ing></ingredients>
    <directions>
      <step>  **Choose pot barley when possible because it is higher in fiber. They take
  the same length to cook.  May be prepared a day in advance for a buffet and
  refrigerated.  Reheat, covered in 350F oven for 30 min.
  
  Serve as an alternative to rice or potatoes.  Vary by adding chopped
  almonds, celery or green onion, fresh dill, thyme or basil.
  
  In nonstick skillet, melt margarine over medium heat; add onion and cook
  for about 2 min or until softened. Add mushrooms and cook, stirring
  occasionally for 5 min.
  
  Transfer mixture to 11x7" baking dish; add barkey and chicken stock. Bake,
  covered, in 350F oven for 1 hour; uncover and bake for 10 min longer. OR
  bake in 325F oven for 1 1/2 hours. Stir in parsley and pepper to taste.
  Makes 8 servings, 2/3 cup.
  
  Per 2/3 cup serving, 122 calories 2 g fat, 295 mg sodium, 5 g protein, 21 g
  carbohydrate Good source of fiber, excellent niacin 1 starch, 1/2 fruit &amp;
  veg, 1 fat choice
  
  Source:  The Lighthearted Cookbook by Ann Lindsay Heart and Stroke
  Foundation of Ontario 1988. Shared but not tested by Elizabeth Rodier Aug
  93.
  
  From Gemini's MASSIVE MealMaster collection at www.synapse.com/~gemini
 
</step></directions></recipe></recipeml>
