<?xml version="1.0" encoding="UTF-8"?>

<recipeml version="0.5">
  <recipe>
    <head>
      <title>Barley Soup</title>
      <categories>
        <cat>Soups</cat></categories>
      <yield>8</yield></head>
    <ingredients>
      <ing>
        <amt>
          <qty>2</qty>
          <unit>pounds</unit></amt>
        <item>Hamburger</item></ing>
      <ing>
        <amt>
          <qty>3</qty>
          <unit>quarts</unit></amt>
        <item>Hot water</item></ing>
      <ing>
        <amt>
          <qty>12</qty>
          <unit/></amt>
        <item>Beef bouillon cubes</item></ing>
      <ing>
        <amt>
          <qty>2</qty>
          <unit>cups</unit></amt>
        <item>Onion; diced</item></ing>
      <ing>
        <amt>
          <qty>3</qty>
          <unit>cups</unit></amt>
        <item>Carrots; thinly sliced</item></ing>
      <ing>
        <amt>
          <qty>1</qty>
          <unit>quart</unit></amt>
        <item>Tomatoes; * see note</item></ing>
      <ing>
        <amt>
          <qty>1</qty>
          <unit>cup</unit></amt>
        <item>Barley</item></ing></ingredients>
    <directions>
      <step>  Brown hamburger, drain; add remaining ingredients and simmer 2 hours.
  Recipe By     : Senior Girl Scout Troop #120
  
  Posted to EAT-L Digest 29 October 96
  
  Date:    Wed, 30 Oct 1996 12:18:47 -0500
  
  From:    Chuck &amp; Dorothy Tapping &lt;ctapping@USIT.NET&gt;
  
  NOTES : Can use 1 quart of tomato juice instead of tomatoes
 
</step></directions></recipe></recipeml>
