<?xml version="1.0" encoding="UTF-8"?>

<recipeml version="0.5">
  <recipe>
    <head>
      <title>Barley Puddin</title>
      <categories>
        <cat>None</cat></categories>
      <yield>1</yield></head>
    <ingredients>
      <ing>
        <amt>
          <qty>1</qty>
          <unit/></amt>
        <item>Bag barley (500 grams - 2 cups)</item></ing>
      <ing>
        <amt>
          <qty>2</qty>
          <unit>liters</unit></amt>
        <item>Milk (1/2 gal - 4 Cups)</item></ing>
      <ing>
        <amt>
          <qty/>
          <unit/></amt>
        <item>Rasins (375 grams about 1 cup)</item></ing>
      <ing>
        <amt>
          <qty>1</qty>
          <unit>tablespoon</unit></amt>
        <item>Cinnamon</item></ing>
      <ing>
        <amt>
          <qty>1</qty>
          <unit>teaspoon</unit></amt>
        <item>Nutmeg</item></ing></ingredients>
    <directions>
      <step>  Cook barley, milk and raisins in slow cooker until done. Stir in rest.
  Serve hot or cold for dessert or breakfast. Posted to fatfree digest V97
  #170 by Barb Beck &lt;barb@owlnut.rr.ualberta.ca&gt; on Aug 5, 1997
 
</step></directions></recipe></recipeml>
