<?xml version="1.0" encoding="UTF-8"?>

<recipeml version="0.5">
  <recipe>
    <head>
      <title>Barley, Egg and Green Pea Salad</title>
      <categories>
        <cat>Grain main</cat>
        <cat>Salads</cat></categories>
      <yield>6</yield></head>
    <ingredients>
      <ing>
        <amt>
          <qty>1</qty>
          <unit>can</unit></amt>
        <item>(13 Oz) Vegetable Broth</item></ing>
      <ing>
        <amt>
          <qty>1 1/3</qty>
          <unit>cups</unit></amt>
        <item>Water</item></ing>
      <ing>
        <amt>
          <qty>1/4</qty>
          <unit>teaspoons</unit></amt>
        <item>Salt</item></ing>
      <ing>
        <amt>
          <qty>1</qty>
          <unit>cup</unit></amt>
        <item>Pearled Barley</item></ing>
      <ing>
        <amt>
          <qty>1</qty>
          <unit>large</unit></amt>
        <item>Clove Garlic; peeled &amp; flattened</item></ing>
      <ing>
        <amt>
          <qty>3/4</qty>
          <unit>teaspoons</unit></amt>
        <item>Salt</item></ing>
      <ing>
        <amt>
          <qty>1/4</qty>
          <unit>teaspoons</unit></amt>
        <item>Pepper</item></ing>
      <ing>
        <amt>
          <qty>1/4</qty>
          <unit>cups</unit></amt>
        <item>Olive Oil</item></ing>
      <ing>
        <amt>
          <qty>3</qty>
          <unit>tablespoons</unit></amt>
        <item>Red Wine Vinegar</item></ing>
      <ing>
        <amt>
          <qty>2</qty>
          <unit>cups</unit></amt>
        <item>Green Peas; cooked</item></ing>
      <ing>
        <amt>
          <qty>1</qty>
          <unit>small</unit></amt>
        <item>Cucumber; sliced thin</item></ing>
      <ing>
        <amt>
          <qty>5</qty>
          <unit/></amt>
        <item>Hard-Boiled Eggs; sliced</item></ing>
      <ing>
        <amt>
          <qty>2/3</qty>
          <unit>cups</unit></amt>
        <item>Nonfat Yogurt</item></ing>
      <ing>
        <amt>
          <qty>1/2</qty>
          <unit>cups</unit></amt>
        <item>Nonfat Mayonnaise</item></ing></ingredients>
    <directions>
      <step>  Combine 1st 3 ingredients and bring to a boil. Add barley to liquid and
  cook 40-45 minutes. Add dressing ingredients together in large bowl and let
  sit. When the barley is done, discard garlic and whisk. Add barley and toss
  to mix. Add peas and mix. Arrange barley on plattter and surround with
  cucumber, cover with egg slices. Pass with yogurt sauce.
  
  Recipe by: Joan's Special Recipes
  
  Posted to MC-Recipe Digest by "cabinluvr@lse.fullfeed.com"
  &lt;cabinluvr@lse.fullfeed.com&gt; on Mar 11, 98
 
</step></directions></recipe></recipeml>
