<?xml version="1.0" encoding="UTF-8"?>

<recipeml version="0.5">
  <recipe>
    <head>
      <title>Barley Pudding with Lamb</title>
      <categories>
        <cat>Meats</cat></categories>
      <yield>6</yield></head>
    <ingredients>
      <ing>
        <amt>
          <qty>6</qty>
          <unit>cups</unit></amt>
        <item>Water</item></ing>
      <ing>
        <amt>
          <qty>2</qty>
          <unit>teaspoons</unit></amt>
        <item>Salt</item></ing>
      <ing>
        <amt>
          <qty>2</qty>
          <unit>pounds</unit></amt>
        <item>Boneless lamb, cut into</item></ing>
      <ing>
        <amt>
          <qty/>
          <unit/></amt>
        <item>Serving chunks</item></ing>
      <ing>
        <amt>
          <qty>3</qty>
          <unit/></amt>
        <item>Cloves garlic, crushed</item></ing>
      <ing>
        <amt>
          <qty>1</qty>
          <unit>cup</unit></amt>
        <item>Barley</item></ing>
      <ing>
        <amt>
          <qty>2</qty>
          <unit>tablespoons</unit></amt>
        <item>Olive oil</item></ing></ingredients>
    <directions>
      <step>  1&gt;. Place the water, salt, lamb and garlic in a 4-quart heavy, covered
  saucepan. Bring to a boil, turn to a simmer, cover and cook for 2 hours.
  2&gt;. Remove all from the pot, reserving the broth. Remove the fat from the
  broth and add enough water to make six cups. 3&gt;. Place the barley in a
  grain grinder and grind very coarsley. You want something like groats or
  bulgar wheat in terms of texture. 4&gt;. Stir the olive oil into the barley
  groats and place in the pan. Return the meat and broth to the pan and bring
  to a light boil. 5&gt;. Simmer, covered, for 25 minutes or until the barley is
  soft and tasty and the liquid is absorbed. 6&gt;. Serve with crusty Italian
  bread or with pita bread.
  
  ~ Jeff Smith "The Frugal Gourmet"
  
  From Gemini's MASSIVE MealMaster collection at www.synapse.com/~gemini
 
</step></directions></recipe></recipeml>
