<?xml version="1.0" encoding="UTF-8"?>

<recipeml version="0.5">
  <recipe>
    <head>
      <title>Barley Egg Rolls</title>
      <categories>
        <cat>Chinese</cat>
        <cat>Appetizers</cat></categories>
      <yield>12</yield></head>
    <ingredients>
      <ing>
        <amt>
          <qty>1 1/2</qty>
          <unit>teaspoons</unit></amt>
        <item>Salt</item></ing>
      <ing>
        <amt>
          <qty>1</qty>
          <unit>cup</unit></amt>
        <item>Medium barley</item></ing>
      <ing>
        <amt>
          <qty>2</qty>
          <unit>teaspoons</unit></amt>
        <item>Grated fresh ginger OR</item></ing>
      <ing>
        <amt>
          <qty>1/2</qty>
          <unit>teaspoons</unit></amt>
        <item>Ground ginger</item></ing>
      <ing>
        <amt>
          <qty>3</qty>
          <unit>tablespoons</unit></amt>
        <item>Sesame Or vegetable oil</item></ing>
      <ing>
        <amt>
          <qty>4</qty>
          <unit/></amt>
        <item>Scallions, sliced</item></ing>
      <ing>
        <amt>
          <qty>1</qty>
          <unit/></amt>
        <item>Red pepper, chopped</item></ing>
      <ing>
        <amt>
          <qty>1/2</qty>
          <unit>pounds</unit></amt>
        <item>Bok choy, shredded</item></ing>
      <ing>
        <amt>
          <qty>1</qty>
          <unit>tablespoon</unit></amt>
        <item>Rice wine OR white wine vinegar</item></ing>
      <ing>
        <amt>
          <qty>1</qty>
          <unit>package</unit></amt>
        <item>Prepared egg roll wrappers (16 oz.)</item></ing>
      <ing>
        <amt>
          <qty/>
          <unit/></amt>
        <item>Oil for frying</item></ing></ingredients>
    <directions>
      <step>  In a saucepan bring 4 cups water and 1/2 teaspoon salt to boiling. Add
  barley; reduce heat, cover and simmer 45 minutes until barley is tender and
  water is absorbed.
  
  In skillet cook ginger in oil one minute. Add scallions and red pepper.
  Cook, stirring until vegetables are crisp-tender. Add shredded bok choy;
  cook one minute until wilted. Remove from heat. Stir in rice vinegar, 1
  teaspoon salt and barley.
  
  For each roll, brush egg roll wrapper with 1 teaspoon water. Place scant
  1/2 cup barley mixture horizontally across center of wrapper, leaving 2
  inch border on all sides. Fold corner tightly over fillings, then overlap
  right and left corners. Roll up tightly to enclose filling. Repeat with
  remaining barley mixture and wrappers.
  
  In deep skillet heat 1 inch oil to 375 degrees F. Fry rolls in batches
  until golden and crisp, turning once. Drain on paper towels. Serve with soy
  sauce, if desired. Makes 12 egg rolls.
  
  Per Roll: 160 Calories, 4 g Protein, 7g Fat, 22g Carbohydrates, 272mg
  Sodium, 12 mg cholesterol.
  
  POSTED BY: Jim Bodle 7/93
  
  From Gemini's MASSIVE MealMaster collection at www.synapse.com/~gemini
 
</step></directions></recipe></recipeml>
