<?xml version="1.0" encoding="UTF-8"?>

<recipeml version="0.5">
  <recipe>
    <head>
      <title>Barley with Sun-Dried Tomatoes and Scallions</title>
      <categories>
        <cat>Sun-dried</cat>
        <cat>Pasta</cat>
        <cat>Vegetables</cat>
        <cat>Nw</cat></categories>
      <yield>4</yield></head>
    <ingredients>
      <ing-div>
        <title>BILLS20086</title>
        <ing>
          <amt>
            <qty>3</qty>
            <unit>tablespoons</unit></amt>
          <item>Unsalted butter</item></ing>
        <ing>
          <amt>
            <qty>1 1/2</qty>
            <unit>cups</unit></amt>
          <item>Barley</item></ing>
        <ing>
          <amt>
            <qty>1</qty>
            <unit>medium</unit></amt>
          <item>Bunch scallions (white &amp;</item></ing>
        <ing>
          <amt>
            <qty/>
            <unit/></amt>
          <item>Green portions); thin slice</item></ing>
        <ing>
          <amt>
            <qty>10</qty>
            <unit/></amt>
          <item>Oil-packed sun-dried tomato</item></ing>
        <ing>
          <amt>
            <qty/>
            <unit/></amt>
          <item>Halves; sliced 1/4" thick</item></ing>
        <ing>
          <amt>
            <qty>1 1/2</qty>
            <unit>teaspoons</unit></amt>
          <item>Salt</item></ing>
        <ing>
          <amt>
            <qty>1/2</qty>
            <unit>teaspoons</unit></amt>
          <item>Freshly ground pepper</item></ing>
        <ing>
          <amt>
            <qty>4 1/2</qty>
            <unit>cups</unit></amt>
          <item>Boiling water</item></ing></ing-div></ingredients>
    <directions>
      <step>     Melt the butter in a medium saucepan.  Add the barley and cook over high
  heat for 2 minutes, stirring frequently. Add the scallions and cook for 1
  minute, stirring constantly. Add the sun-dried tomatoes, salt and pepper.
  Stir in the boiling water and return to a boil. Reduce the heat to low,
  cover and cook, stirring occasionally, until the barley is chewy, 35 to 40
  minutes.
     Serve with the roast veal and the sauteed broccoli rabe. Source: Food
  and Wine Magazine April 1994
  
  From Gemini's MASSIVE MealMaster collection at www.synapse.com/~gemini
 
</step></directions></recipe></recipeml>
