<?xml version="1.0" encoding="UTF-8"?>

<recipeml version="0.5">
  <recipe>
    <head>
      <title>Barmbrack (Irish)</title>
      <categories>
        <cat>Breads</cat></categories>
      <yield>1</yield></head>
    <ingredients>
      <ing>
        <amt>
          <qty>4</qty>
          <unit>tablespoons</unit></amt>
        <item>Sugar</item></ing>
      <ing>
        <amt>
          <qty>3</qty>
          <unit>tablespoons</unit></amt>
        <item>Warm water</item></ing>
      <ing>
        <amt>
          <qty>1</qty>
          <unit>package</unit></amt>
        <item>Active dry yeast</item></ing>
      <ing>
        <amt>
          <qty>1</qty>
          <unit/></amt>
        <item>Egg, beaten</item></ing>
      <ing>
        <amt>
          <qty>2</qty>
          <unit>cups</unit></amt>
        <item>All-purpose flour</item></ing>
      <ing>
        <amt>
          <qty>2</qty>
          <unit>tablespoons</unit></amt>
        <item>Butter or margarine</item></ing>
      <ing>
        <amt>
          <qty>1/2</qty>
          <unit>teaspoons</unit></amt>
        <item>Salt</item></ing>
      <ing>
        <amt>
          <qty>1/4</qty>
          <unit/></amt>
        <item>To 1/2 cup milk</item></ing>
      <ing>
        <amt>
          <qty>1</qty>
          <unit>cup</unit></amt>
        <item>Golden raisins</item></ing>
      <ing>
        <amt>
          <qty>1</qty>
          <unit>cup</unit></amt>
        <item>Currants</item></ing>
      <ing>
        <amt>
          <qty>1/2</qty>
          <unit>cups</unit></amt>
        <item>Chopped candied orange or lemon peel</item></ing>
      <ing>
        <amt>
          <qty/>
          <unit/></amt>
        <item>Vegetable oil</item></ing>
      <ing>
        <amt>
          <qty>1</qty>
          <unit>tablespoon</unit></amt>
        <item>Cold water</item></ing></ingredients>
    <directions>
      <step>  Makes 1 loaf
  
  Combine 1 tablespoon of the sugar, warm water and yeast. Stir to dissolve
  yeast and let stand until bubbly, about 5 minutes. Blend egg into yeast
  mixture.
  
  Fit processor with steel blade.  Measure flour, butter, 2 tablespoons of
  the remaining sugar and salt into work bowl. Process until mixed, about 15
  seconds.
  
  Turn on processor and slowly add yeast mixture through feed tube to flour
  mixture.  Process until blended, about 10 seconds.
  
  Turn on processor and very slowly drizzle just enough milk into flour
  mixture so dough forms a ball that cleans the sides of the bowl. Process
  until ball turns around bowl about 25 times. Turn off processor and let
  dough stand 1 to 2 minutes.
  
  Turn on processor and gradually drizzle in enough remaining milk to make
  dough soft, smooth and satiny but not sticky. Process until dough turns
  around bowl about 15 times.
  
  Turn dough onto lighyly greased surface.  Knead raisins, currants and
  candied fruit peel into dough. Shape into smooth ball and place on greased
  cookie sheet. Flatten ball into a circle about 6 inches in diameter. Brush
  with oil and let stand in warm place until doubled, about 1 hour.
  
  Heat oven to 350 F.  Bake until bread sounds hollow when tapped, 40 - 50
  minutes.
  
  Mix cold water with remaining 1 tablespoon of the sugar.
  
  Remove bread immediately from cookie sheet and place on wire rack. Brush
  with sugar-water mixture.  Cool.
  
  Food Processor Bread Book From the collection of Jim Vorheis
  
  From Gemini's MASSIVE MealMaster collection at www.synapse.com/~gemini
 
</step></directions></recipe></recipeml>
