<?xml version="1.0" encoding="UTF-8"?>

<recipeml version="0.5">
  <recipe>
    <head>
      <title>Barr's French Onion Soup</title>
      <categories>
        <cat>Soup</cat></categories>
      <yield>16</yield></head>
    <ingredients>
      <ing>
        <amt>
          <qty>5</qty>
          <unit>pounds</unit></amt>
        <item>Unpeeled onions</item></ing>
      <ing>
        <amt>
          <qty>1</qty>
          <unit/></amt>
        <item>Stick butter</item></ing>
      <ing>
        <amt>
          <qty>1 1/2</qty>
          <unit>teaspoons</unit></amt>
        <item>Freshly ground black pepper</item></ing>
      <ing>
        <amt>
          <qty>2</qty>
          <unit>tablespoons</unit></amt>
        <item>Paprika</item></ing>
      <ing>
        <amt>
          <qty>1</qty>
          <unit/></amt>
        <item>Bay leaf</item></ing>
      <ing>
        <amt>
          <qty>7</qty>
          <unit>cans</unit></amt>
        <item>(16-oz) beef broth; divided (recommended swanson's)</item></ing>
      <ing>
        <amt>
          <qty>1</qty>
          <unit>cup</unit></amt>
        <item>Dry white wine; optional</item></ing>
      <ing>
        <amt>
          <qty>3/4</qty>
          <unit>cups</unit></amt>
        <item>All-purpose or instant flour (such as Wondra)</item></ing>
      <ing>
        <amt>
          <qty/>
          <unit/></amt>
        <item>Caramel coloring or Kitchen Bouquet; optional</item></ing>
      <ing>
        <amt>
          <qty>2</qty>
          <unit>teaspoons</unit></amt>
        <item>Salt</item></ing>
      <ing>
        <amt>
          <qty/>
          <unit/></amt>
        <item>French baguettes; optional</item></ing>
      <ing>
        <amt>
          <qty/>
          <unit/></amt>
        <item>Swiss or Gruyere cheese; optional</item></ing></ingredients>
    <directions>
      <step>  Date: Wed, 20 Mar 1996 11:40:18 +1100
  
  From: sherae@zeta.org.au (Sheri McRae)
  Peel onions and slice 1/8 inch thick, preferably in a food processor. Melt
  butter in a 6-quart (or larger) stockpot. Add onions; cook, uncovered, over
  low heat for 1-1/2 hours, stirring occasionally. (The long cooking time
  makes the onions mellow and sweet.) Stir in pepper, paprika and bay leaf;
  saute over low heat 10 minutes more, stirring frequently. Pour in 6 cans
  broth and wine. Increase heat and bring to a boil. Dissolve flour in
  remaining 1 can broth. Stir into boiling soup. Reduce heat and simmer
  slowly for 2 hours. Adjust color to a rich brown with caramel coloring,
  season with salt. Refrigerate overnight. To serve, heat soup in microwave
  or on stove top. If desired, pour into ovenproof crocks or bowls. Top with
  a slice of breat and a sprinkling of grated cheese. Heat under the broiler
  until cheese melts and bubbles, about 5 minutes. Leftover soup can be
  frozen. Yield: 4 quarts.
  
  Per serving: 105 Calories; 7g Fat (67% calories from fat); 6g Protein; 2g
  Carbohydrate; 17mg Cholesterol; 1161mg Sodium
  
  MC-RECIPE@MASTERCOOK.COM
  
  MASTERCOOK RECIPES LIST SERVER
  
  From the MasterCook recipe list.  Downloaded from Glen's MM Recipe Archive,
  http://www.erols.com/hosey.
 
</step></directions></recipe></recipeml>
