<?xml version="1.0" encoding="UTF-8"?>

<recipeml version="0.5">
  <recipe>
    <head>
      <title>Banana Cream Pie</title>
      <categories>
        <cat>Pies</cat></categories>
      <yield>6</yield></head>
    <ingredients>
      <ing>
        <amt>
          <qty>1</qty>
          <unit/></amt>
        <item>Banana</item></ing>
      <ing>
        <amt>
          <qty>1</qty>
          <unit/></amt>
        <item>Baked 9" pie shell,cooked or (graham cracker crust)</item></ing>
      <ing>
        <amt>
          <qty>2</qty>
          <unit>packages</unit></amt>
        <item>(4 serv)Banana or Vanilla instant pudding</item></ing>
      <ing>
        <amt>
          <qty>2 1/2</qty>
          <unit>cups</unit></amt>
        <item>Cold milk</item></ing>
      <ing>
        <amt>
          <qty>2</qty>
          <unit>cups</unit></amt>
        <item>Thawed Cool Whip topping</item></ing></ingredients>
    <directions>
      <step>  Slice banana into pie shell.  Prepare pie filling as directed on package
  for pie, using 2 1/2 cups milk. Fold in 1/2 cup of the Whipped topping and
  pour over banana in shell. Chill at least 3 hours. Top with remaining
  whipped topping; garnish with banana slices and mint,if desired.
  
  From Gemini's MASSIVE MealMaster collection at www.synapse.com/~gemini
 
</step></directions></recipe></recipeml>
