<?xml version="1.0" encoding="UTF-8"?>

<recipeml version="0.5">
  <recipe>
    <head>
      <title>Banana French Toast/ww</title>
      <categories>
        <cat>Breakfast</cat>
        <cat>French toas</cat>
        <cat>Hand made</cat></categories>
      <yield>2</yield></head>
    <ingredients>
      <ing>
        <amt>
          <qty>6</qty>
          <unit>tablespoons</unit></amt>
        <item>Plain nonfat yogurt</item></ing>
      <ing>
        <amt>
          <qty>1/4</qty>
          <unit>teaspoons</unit></amt>
        <item>Vanilla extract</item></ing>
      <ing>
        <amt>
          <qty/>
          <unit/></amt>
        <item>Sugar substitute to equal 1 ts</item></ing>
      <ing>
        <amt>
          <qty>1/2</qty>
          <unit>cups</unit></amt>
        <item>Egg substitute</item></ing>
      <ing>
        <amt>
          <qty>4</qty>
          <unit>slices</unit></amt>
        <item>Reduced-calorie white bread</item></ing>
      <ing>
        <amt>
          <qty>1</qty>
          <unit>medium</unit></amt>
        <item>Banana; sliced</item></ing>
      <ing>
        <amt>
          <qty>1/4</qty>
          <unit>cups</unit></amt>
        <item>Red.-cal. maple-flavored; syrup</item></ing></ingredients>
    <directions>
      <step>  1.  In small bowl, whisk together yogurt, vanilla, and sugar substitute.
  Set aside.
  
  2.  Pour egg substitute into shallow bowl; dip bread in egg substitute,
  coating both sides and absorbing all liquid.
  
  3. Spray large nonstick skillet with nonstick cooking spray; over medium
  heat, cook bread until browned on both sides. Remove to heated platter,
  cover, and keep warm.  In same skillet, quickly cook banana slices until
  golden on each side.
  
  4.  Place 2 slices bread on each serving plate; top evenly with yogurt
  mixture, banana slices, and syrup.
  
  Each serving (2 slices) provides:  1/2 milk; 1 protein; 1 bread; 1/2 fruit;
  25 optional calories. Per serving: 239 calories, 12 g protein, 2 g fat, 48
  g carbohydrate, 150 mg calcium, 385 mg sodium, 1 mg cholesterol, 2 g
  dietary fiber. Source: "Weight Watchers Favorite Homestyle Recipes."
  Posted to FOODWINE Digest 17 October 96
  
  Date:    Thu, 17 Oct 1996 17:46:08 -0400
  
  From:   Emma K Kidd[SMTP:ekidd@wsunix.wsu.edu]
 
</step></directions></recipe></recipeml>
