<?xml version="1.0" encoding="UTF-8"?>

<recipeml version="0.5">
  <recipe>
    <head>
      <title>Banana Cupcakes</title>
      <categories>
        <cat>Desserts</cat></categories>
      <yield>8</yield></head>
    <ingredients>
      <ing>
        <amt>
          <qty>3/4</qty>
          <unit>cups</unit></amt>
        <item>All-purpose flour</item></ing>
      <ing>
        <amt>
          <qty>1 1/2</qty>
          <unit>teaspoons</unit></amt>
        <item>Baking powder</item></ing>
      <ing>
        <amt>
          <qty>3/4</qty>
          <unit>cups</unit></amt>
        <item>Sugar</item></ing>
      <ing>
        <amt>
          <qty>3/4</qty>
          <unit>teaspoons</unit></amt>
        <item>Ground cinnamon</item></ing>
      <ing>
        <amt>
          <qty>1/2</qty>
          <unit>cups</unit></amt>
        <item>Egg substitute</item></ing>
      <ing>
        <amt>
          <qty>3</qty>
          <unit>tablespoons</unit></amt>
        <item>Water</item></ing>
      <ing>
        <amt>
          <qty>1</qty>
          <unit>tablespoon</unit></amt>
        <item>Vegetable oil</item></ing>
      <ing>
        <amt>
          <qty>1</qty>
          <unit>teaspoon</unit></amt>
        <item>Vanilla extract</item></ing>
      <ing>
        <amt>
          <qty>1</qty>
          <unit>medium</unit></amt>
        <item>Banana, mashed</item></ing>
      <ing>
        <amt>
          <qty/>
          <unit/></amt>
        <item>Powdered sugar</item></ing></ingredients>
    <directions>
      <step>  Place paper baking cups in muffin pan, and coat with vegetable cooking
  spray. Combine flour and next 3 ingredients in a large bowl. Whisk together
  egg substitute and next 3 ingredients. Stir in banana. Add to dry
  ingredients, stirring just until moistened. Spoon into baking cups, filling
  two-thirds full.
  
  Bake at 350ø for 25 minutes or until a wooden pick inserted in center comes
  out clean. Remove from pans immediately, and cool on a wire rack. Dust with
  powdered sugar.
  
  Per cupcake: Calories 153, Fat 1.9g.
  Posted to MM-Recipes Digest V4 #318 by Julie Bertholf
  &lt;jewel1@ix.netcom.com&gt; on Dec 07, 1997
 
</step></directions></recipe></recipeml>
