<?xml version="1.0" encoding="UTF-8"?>

<recipeml version="0.5">
  <recipe>
    <head>
      <title>Banana Crunch Cake</title>
      <categories>
        <cat>Cake</cat></categories>
      <yield>12</yield></head>
    <ingredients>
      <ing>
        <amt>
          <qty>5</qty>
          <unit>tablespoons</unit></amt>
        <item>Butter or margarine</item></ing>
      <ing>
        <amt>
          <qty>1</qty>
          <unit>package</unit></amt>
        <item>(7.5-oz) coconut pecan frosting mix -or-</item></ing>
      <ing>
        <amt>
          <qty>1</qty>
          <unit>package</unit></amt>
        <item>(8.25-oz) coconut almond frosting mix</item></ing>
      <ing>
        <amt>
          <qty>1</qty>
          <unit>cup</unit></amt>
        <item>Regular rolled oats</item></ing>
      <ing>
        <amt>
          <qty>1</qty>
          <unit>cup</unit></amt>
        <item>Sour cream</item></ing>
      <ing>
        <amt>
          <qty>4</qty>
          <unit/></amt>
        <item>Eggs</item></ing>
      <ing>
        <amt>
          <qty>2</qty>
          <unit>large</unit></amt>
        <item>Bananas; mashed</item></ing>
      <ing>
        <amt>
          <qty>1</qty>
          <unit>package</unit></amt>
        <item>(17-oz) yellow cake mix</item></ing>
      <ing>
        <amt>
          <qty>3</qty>
          <unit>tablespoons</unit></amt>
        <item>Flour</item></ing></ingredients>
    <directions>
      <step>  Preheat oven to 350. Grease &amp; flour 10-inch tube pan. Melt butter in
  saucepan; stir in frosting mix &amp; oats until crumbly; set aside. Blend sour
  cream, eggs &amp; bananas in large bowl until smooth. Blend in cake mix with 3
  Tbs flour added; beat 2 minutes at medium speed on regular electric mixer.
  Pour 1/3 of batter (2 cups) into prepared pan. Sprinkle with 1/3 crumb
  mixture (1 cup). Repeat twice with batter &amp; crumbs, ending with crumb
  mixture. Bake at 350 for 50-60 minutes or until toothpick inserted in
  center comes out clean. Cool in pan 15 minutes. Turn pan upside down on
  cake rack, then turn cake over so that crumb mixture is on top.
  
  MRS DON HENDERSON
  
  From the &lt;The Bliss of Cooking Returns&gt;, Fort Bliss Officers Wives Club,
  Ft. Bliss, TX.  Downloaded from Glen's MM Recipe Archive,
  http://www.erols.com/hosey.
 
</step></directions></recipe></recipeml>
