<?xml version="1.0" encoding="UTF-8"?>

<recipeml version="0.5">
  <recipe>
    <head>
      <title>Banana Coconut Cream Pie</title>
      <categories>
        <cat>Pies/</cat>
        <cat>Coconut</cat></categories>
      <yield>8</yield></head>
    <ingredients>
      <ing>
        <amt>
          <qty>1</qty>
          <unit/></amt>
        <item>Keebler- (6-ounce) ready cruse shortbread pie crust</item></ing>
      <ing>
        <amt>
          <qty>3</qty>
          <unit>tablespoons</unit></amt>
        <item>Cornstarch</item></ing>
      <ing>
        <amt>
          <qty>1 1/3</qty>
          <unit>cups</unit></amt>
        <item>Water</item></ing>
      <ing>
        <amt>
          <qty>1</qty>
          <unit>can</unit></amt>
        <item>(14 oz)eagle-brand sweetened condensed milk</item></ing>
      <ing>
        <amt>
          <qty>3</qty>
          <unit/></amt>
        <item>Egg yolks beaten</item></ing>
      <ing>
        <amt>
          <qty>2</qty>
          <unit>tablespoons</unit></amt>
        <item>Margarine or butter</item></ing>
      <ing>
        <amt>
          <qty>1</qty>
          <unit>teaspoon</unit></amt>
        <item>Vanilla extract</item></ing>
      <ing>
        <amt>
          <qty>1/2</qty>
          <unit>cups</unit></amt>
        <item>Flaked coconut; toasted</item></ing>
      <ing>
        <amt>
          <qty>2</qty>
          <unit>medium</unit></amt>
        <item>Bananas</item></ing>
      <ing>
        <amt>
          <qty/>
          <unit/></amt>
        <item>Realemon lemon juice from concentrate</item></ing>
      <ing>
        <amt>
          <qty/>
          <unit/></amt>
        <item>Whipping cream; whipped</item></ing></ingredients>
    <directions>
      <step>  In heavy saucepan, dissolve cornstarch in water; stir in sweetened
  condensed Milk and egg yolks. Cook and stir until thickened and bubbly,
  Remove from heat; add margarine and Vanilla Cool slightly. Fold in coconut.
  Slice bananas dip in lemon juice and drain, Arrange on bottom of pie crust,
  Pour filling over bananas; cover. chill 4 hours or until set Top with
  whipped cream. Garnish with toasted coconut and sliced bananas if desired.
  Refrigerate leftovers. (Makes 8 servings)
  
  *MCformatted by Martha Hicks &amp; Buster*
  
  Recipe by: Borden Food Corp.
  
  Posted to MC-Recipe Digest V1 #880 by "Nitro_II "
  &lt;Nitro_II@classic.msn.com&gt; on Nov 2, 97
 
</step></directions></recipe></recipeml>
