<?xml version="1.0" encoding="UTF-8"?>

<recipeml version="0.5">
  <recipe>
    <head>
      <title>Banana Cream Puffs Ala Steve</title>
      <categories>
        <cat>Desserts</cat></categories>
      <yield>1</yield></head>
    <ingredients>
      <ing>
        <amt>
          <qty/>
          <unit/></amt>
        <item>*Pastry*</item></ing>
      <ing>
        <amt>
          <qty>1</qty>
          <unit>cup</unit></amt>
        <item>Water</item></ing>
      <ing>
        <amt>
          <qty>1/4</qty>
          <unit>teaspoons</unit></amt>
        <item>Salt</item></ing>
      <ing>
        <amt>
          <qty>1/2</qty>
          <unit>cups</unit></amt>
        <item>Butter or margarine</item></ing>
      <ing>
        <amt>
          <qty>1</qty>
          <unit>cup</unit></amt>
        <item>Flour</item></ing>
      <ing>
        <amt>
          <qty>4</qty>
          <unit/></amt>
        <item>Eggs at room temperature</item></ing></ingredients>
    <directions>
      <step>  Put water, salt and butter in saucepan; bring to boil. When boiling,
  add flour all at once and stir until it leaves the edges. Remove from
  heat and let cool about 2 minutes. Beat in eggs, 1 at a time, beating
  each time until the dough no longer looks slippery. Grease a cookie
  sheet and drop dough in small amounts, about 2 tsp. Bake in preheated
  400F oven for 10 minutes and without removing, lower heat to 350 and
  bake about 25 minutes longer.  Cool.
  
  *Filling* 2 cups whipping cream 2 tbsp sugar 2 large ripe bananas 2
  tbsp Kahlua
  
  Whip cream (on highest setting) until soft peaks form. Gradually add
  sugar, whipping until stiff. Mash bananas to make one cup (I use a
  potatoe masher) and fold into whipped cream along with Kahula.
  
  Slice pastry in half and fill.
  
  *Topping* 5 oz semi sweet chocolate (about 4-5 squares) 1/4 cup butter
  
  Melt butter and chocolate together and drizzle over top! TRY TO WAIT
  UNTIL THE CHOCOLATE COOLS BEFORE SCARFFING THESE DOWN!
  
  File ftp://ftp.idiscover.co.uk/pub/food/mealmaster/recipes/mmkah001.zip
 
</step></directions></recipe></recipeml>
