<?xml version="1.0" encoding="UTF-8"?>

<recipeml version="0.5">
  <recipe>
    <head>
      <title>Banana Curry Muffins</title>
      <categories>
        <cat>Bread</cat></categories>
      <yield>12</yield></head>
    <ingredients>
      <ing>
        <amt>
          <qty>2</qty>
          <unit>cups</unit></amt>
        <item>Flour</item></ing>
      <ing>
        <amt>
          <qty>2</qty>
          <unit>teaspoons</unit></amt>
        <item>Baking powder</item></ing>
      <ing>
        <amt>
          <qty>1 1/2</qty>
          <unit>cups</unit></amt>
        <item>Bran</item></ing>
      <ing>
        <amt>
          <qty>2</qty>
          <unit>ounces</unit></amt>
        <item>Butter</item></ing>
      <ing>
        <amt>
          <qty>1</qty>
          <unit>cup</unit></amt>
        <item>Milk</item></ing>
      <ing>
        <amt>
          <qty>1</qty>
          <unit>teaspoon</unit></amt>
        <item>Curry powder</item></ing>
      <ing>
        <amt>
          <qty>1</qty>
          <unit>tablespoon</unit></amt>
        <item>Treacle or golden syrup</item></ing>
      <ing>
        <amt>
          <qty>3/4</qty>
          <unit>cups</unit></amt>
        <item>Mashed bananas</item></ing>
      <ing>
        <amt>
          <qty>3</qty>
          <unit>tablespoons</unit></amt>
        <item>Sweetened condensed milk</item></ing>
      <ing>
        <amt>
          <qty>1/2</qty>
          <unit>teaspoons</unit></amt>
        <item>Baking soda</item></ing></ingredients>
    <directions>
      <step>   Preheat oven to 350oF, prepare pans. Sift flour &amp; b/pdr, stir in bran &amp;
  make a well in the centre. Melt the butter, curry pdr, treacle &amp; condensed
  milk together. Dissolve the soda in the milk &amp; pour into the dry
  ingredients with the butter mixture &amp; the bananas. Stir until just
  combined. Spoon into pans &amp; bake for 15-20 mins or until well risen &amp;
  golden. Makes 16-18 muffins.
  
   Microwave Instructions: Place paper muffin cases into a microwave-proof
  muffin tray. Just over half fill each case. Place on a microwave-proof rack
  &amp; cook on high power for 2.1/2 to 3 mins or until no wet spots are visible.
  
   Repeat with remaining mixture. For microwave ovens without a rotating
  turntable, give tray a quarter turn halfway through cooking.
  
  REC.FOOD.RECIPES
  
  From rec.food.cooking archives.  Downloaded from Glen's MM Recipe Archive,
  http://www.erols.com/hosey.
 
</step></directions></recipe></recipeml>
