<?xml version="1.0" encoding="UTF-8"?>

<recipeml version="0.5">
  <recipe>
    <head>
      <title>Banana Chocolate Chip Bread</title>
      <categories>
        <cat>Quick</cat>
        <cat>Breads</cat></categories>
      <yield>16</yield></head>
    <ingredients>
      <ing>
        <amt>
          <qty>3/4</qty>
          <unit>cups</unit></amt>
        <item>Sugar</item></ing>
      <ing>
        <amt>
          <qty>1/2</qty>
          <unit>cups</unit></amt>
        <item>Margarine, softened (may use 1/4 cup margarine + 1/4 cup applesauce)</item></ing>
      <ing>
        <amt>
          <qty>2</qty>
          <unit>medium</unit></amt>
        <item>Bananas (very ripe), mashed</item></ing>
      <ing>
        <amt>
          <qty>1/2</qty>
          <unit>cups</unit></amt>
        <item>Sour cream- (may use non fat)</item></ing>
      <ing>
        <amt>
          <qty>2</qty>
          <unit>large</unit></amt>
        <item>Eggs (may use 1/2 cup egg substitute)</item></ing>
      <ing>
        <amt>
          <qty>2</qty>
          <unit>cups</unit></amt>
        <item>Flour</item></ing>
      <ing>
        <amt>
          <qty>1</qty>
          <unit>teaspoon</unit></amt>
        <item>Baking soda</item></ing>
      <ing>
        <amt>
          <qty>1/2</qty>
          <unit>teaspoons</unit></amt>
        <item>Salt</item></ing>
      <ing>
        <amt>
          <qty>3/4</qty>
          <unit>cups</unit></amt>
        <item>Miniature chocolate chips (or less if you must!)</item></ing></ingredients>
    <directions>
      <step>  OVEN: 350 Grease and flour bottom only of 9 x 5 or ( 2 )- 8 x 4-inch loaf
  pans.
  
  In large bowl, combine sugar and margarine.. Beat til light and fluffy.
  
  Add bananas, sour cream and eggs; blend well.
  
  Stir in flour, baking soda and salt; blend well. Stir in chocolate chips.
  Pour into pan(s).
  
  Bake 55 to 65 minutes, or until toothpick inserted into center comes out
  clean.
  
  Cool 15 minutes; remove from pan. Cool completely. Wrap tightly and store
  in refrigerator.
  
  NOTES : Best served next day- if it lasts that long!   Freezes well.
  
  Recipe by: adapted from  Pillsbury- The Complete Book of Baking   p. 380
  Posted to JEWISH-FOOD digest V97 #205 by Linda Shapiro &lt;lss@coconet.com&gt; on
  Jun 28, 1997
 
</step></directions></recipe></recipeml>
