<?xml version="1.0" encoding="UTF-8"?>

<recipeml version="0.5">
  <recipe>
    <head>
      <title>Banana Fritters</title>
      <categories>
        <cat>Dessert</cat></categories>
      <yield>6</yield></head>
    <ingredients>
      <ing>
        <amt>
          <qty>1/2</qty>
          <unit>cups</unit></amt>
        <item>Flour</item></ing>
      <ing>
        <amt>
          <qty>3/4</qty>
          <unit>tablespoons</unit></amt>
        <item>Baking powder</item></ing>
      <ing>
        <amt>
          <qty>1/4</qty>
          <unit>teaspoons</unit></amt>
        <item>Salt</item></ing>
      <ing>
        <amt>
          <qty>1</qty>
          <unit>tablespoon</unit></amt>
        <item>Sugar</item></ing>
      <ing>
        <amt>
          <qty>1</qty>
          <unit/></amt>
        <item>Egg yolk</item></ing>
      <ing>
        <amt>
          <qty>1/3</qty>
          <unit>cups</unit></amt>
        <item>Milk</item></ing>
      <ing>
        <amt>
          <qty>6</qty>
          <unit/></amt>
        <item>Bananas</item></ing>
      <ing>
        <amt>
          <qty/>
          <unit/></amt>
        <item>Oil for frying</item></ing>
      <ing>
        <amt>
          <qty/>
          <unit/></amt>
        <item>Powdered sugar</item></ing>
      <ing>
        <amt>
          <qty>3/4</qty>
          <unit>cups</unit></amt>
        <item>Whipping cream; sweetened if desired</item></ing></ingredients>
    <directions>
      <step>  Sift flour, baking powder, salt and sugar together. Beat egg yolk slightly.
  Add milk.  Combine with dry ingredients and beat until smooth. Slice
  bananas in half lengthwise. Dip in batter and fry in oil until crisp and
  golden brown. Sprinkle with sugar and top with whipped cream. Yield: 6
  servings.
  
  From &lt;Traditions: A Taste of the Good Life&gt;, by the Little Rock (AR) Junior
  League.  Downloaded from Glen's MM Recipe Archive,
  http://www.erols.com/hosey.
 
</step></directions></recipe></recipeml>
