<?xml version="1.0" encoding="UTF-8"?>

<recipeml version="0.5">
  <recipe>
    <head>
      <title>Banana Flip Bars</title>
      <categories>
        <cat>None</cat></categories>
      <yield>1</yield></head>
    <ingredients>
      <ing-div>
        <title/>
        <ing>
          <amt>
            <qty>1</qty>
            <unit/></amt>
          <item>Box Yellow Cake Mix</item></ing>
        <ing>
          <amt>
            <qty>1</qty>
            <unit>small</unit></amt>
          <item>Box Instant Banana Pudding</item></ing>
        <ing>
          <amt>
            <qty>4</qty>
            <unit/></amt>
          <item>Eggs</item></ing>
        <ing>
          <amt>
            <qty>1 1/2</qty>
            <unit>cups</unit></amt>
          <item>Milk</item></ing></ing-div>
      <ing-div>
        <title>FILLING</title>
        <ing>
          <amt>
            <qty>3/4</qty>
            <unit>cups</unit></amt>
          <item>Crisco shortening</item></ing>
        <ing>
          <amt>
            <qty>1/4</qty>
            <unit>cups</unit></amt>
          <item>Butter</item></ing></ing-div></ingredients>
    <directions>
      <step>  Beat these ingredients together for 4 minutes. Line 1 jelly roll pan with
  waxed paper that's been greased. Grease and flour another jelly roll pan.
  Put half of batter in each pan. Bake 350 degrees for 10 minutes.
  
  Filling: Whip these 2 ingredients together. Add 1 tsp banana extract and
  whip again. Add 2 C Powdered Sugar and 1 T milk and whip until fluffy. Add
  2 more C Powdered Sugar and if the mixture is to thick, add a small amount
  of milk to make fluffy and spreadable.
  
  Take 1 cake, add filling into center, put 2nd cake on top. Let set and then
  cut into bars, however long or short, fat or thin you want them. Wrap each
  separately and either put into refridgerator or in freezer to use at a
  later date.
  
  I usually make 2 sets of bars. One to freeze and one to eat. My daycare
  kids call them their 'cool treats'. I think your family will like them too!
  
  Posted to brand-name-recipes by Geo &amp; Donna &lt;gstratio@computerpro.com&gt; on
  Jan 24, 1998
 
</step></directions></recipe></recipeml>
