<?xml version="1.0" encoding="UTF-8"?>

<recipeml version="0.5">
  <recipe>
    <head>
      <title>Banana Chocolate Cream</title>
      <categories>
        <cat>Desserts</cat></categories>
      <yield>6</yield></head>
    <ingredients>
      <ing>
        <amt>
          <qty>8</qty>
          <unit/></amt>
        <item>Coconut macaroons</item></ing>
      <ing>
        <amt>
          <qty>2</qty>
          <unit/></amt>
        <item>Oranges; juice only strained</item></ing>
      <ing>
        <amt>
          <qty>1</qty>
          <unit>tablespoon</unit></amt>
        <item>Rum; (opt.)</item></ing>
      <ing>
        <amt>
          <qty>6</qty>
          <unit/></amt>
        <item>Bananas</item></ing>
      <ing>
        <amt>
          <qty>1</qty>
          <unit/></amt>
        <item>Orange; grated rind only</item></ing>
      <ing>
        <amt>
          <qty>3/4</qty>
          <unit>cups</unit></amt>
        <item>Whipping cream; whipped</item></ing>
      <ing>
        <amt>
          <qty>1/4</qty>
          <unit>cups</unit></amt>
        <item>Sweet chocolate; coarsely grated</item></ing>
      <ing>
        <amt>
          <qty>2</qty>
          <unit/></amt>
        <item>Oranges; skinless sections</item></ing>
      <ing>
        <amt>
          <qty>1</qty>
          <unit/></amt>
        <item>Basic Confectioners' Custard</item></ing>
      <ing>
        <amt>
          <qty>1</qty>
          <unit>cup</unit></amt>
        <item>Milk</item></ing>
      <ing>
        <amt>
          <qty>1</qty>
          <unit/></amt>
        <item>Vanilla pod; or</item></ing>
      <ing>
        <amt>
          <qty>1</qty>
          <unit>teaspoon</unit></amt>
        <item>Vanilla extract</item></ing>
      <ing>
        <amt>
          <qty>1/4</qty>
          <unit>cups</unit></amt>
        <item>All-purpose flour</item></ing>
      <ing>
        <amt>
          <qty>1/2</qty>
          <unit>cups</unit></amt>
        <item>Extra fine sugar</item></ing>
      <ing>
        <amt>
          <qty>3</qty>
          <unit/></amt>
        <item>Egg yolks</item></ing></ingredients>
    <directions>
      <step>  Arrange the macaroons in 2 serving dishes. Combine orange juice and rum,
  then drizzle over the macaroons. Let stand for 20 minutes. Mash bananas
  with a fork. Stir orange rind into the confectioners' custard, then fold in
  the bananas. Fold in the whipped cream, then mound the banana mixture over
  the macaroons. Sprinkle evenly with grated chocolate. May be refrigerated
  for 3 to 4 hours before serving if desired. Arrange orange sections around
  side of each dish as a border just before serving. BASIC CONFECTIONERS'
  CUSTARD directions: Combine the milk and the vanilla pod in a small
  saucepan. Cook over medium heat to just below the boiling point. Combine
  the flour and sugar in a medium mixing bowl, blending well. Add the egg
  yolks and beat thoroughly with an electric mixer. Remove the vanilla pod
  from the milk (then dry and store for later use). Pour the milk slowly into
  the flour mixture, stirring constantly with a wooden spoon until well
  blended. Pour the milk mixture into the top of a double boiler. Cook over
  boiling water, stirring constantly, until the custard is thick and smooth.
  Cool to lukewarm.
  
  From Gemini's MASSIVE MealMaster collection at www.synapse.com/~gemini
 
</step></directions></recipe></recipeml>
