<?xml version="1.0" encoding="UTF-8"?>

<recipeml version="0.5">
  <recipe>
    <head>
      <title>Banana Custard Pudding</title>
      <categories>
        <cat>Desserts</cat>
        <cat>Pies</cat></categories>
      <yield>20</yield></head>
    <ingredients>
      <ing>
        <amt>
          <qty>2 1/2</qty>
          <unit>cups</unit></amt>
        <item>Sugar</item></ing>
      <ing>
        <amt>
          <qty>1/2</qty>
          <unit>cups</unit></amt>
        <item>All-purpose flour</item></ing>
      <ing>
        <amt>
          <qty>1/4</qty>
          <unit>cups</unit></amt>
        <item>Cornstarch</item></ing>
      <ing>
        <amt>
          <qty>7</qty>
          <unit>cups</unit></amt>
        <item>Milk</item></ing>
      <ing>
        <amt>
          <qty>4</qty>
          <unit/></amt>
        <item>Egg yolks, beaten</item></ing>
      <ing>
        <amt>
          <qty>1/4</qty>
          <unit>cups</unit></amt>
        <item>Butter, softened</item></ing>
      <ing>
        <amt>
          <qty>1</qty>
          <unit>teaspoon</unit></amt>
        <item>Vanilla extract</item></ing>
      <ing>
        <amt>
          <qty>1</qty>
          <unit>package</unit></amt>
        <item>(12-oz) vanilla wafers</item></ing>
      <ing>
        <amt>
          <qty>9</qty>
          <unit/></amt>
        <item>Med bananas, peeled &amp; sliced</item></ing></ingredients>
    <directions>
      <step>  Combine sugar, flour, and cornstarch in a medium mixing bowl. Mix well, and
  set aside. Pour milk into a large saucepan; cook over medium heat until
  candy thermometer registers 160 deg F. Gradually stir one-fourth of hot
  milk into yolks; stir into reserved dry ingredients, and add to remaining
  hot milk. Cook, stirring constantly, until mixture thickens and coats the
  spoon. Remove from heat, and stir in butter and vanilla. Let cool to room
  temperature. Line bottom of a 13 x 9 x 2-inch baking dish with one-third of
  the vanilla wafers. Arrange half of banana slices over wafers; top with
  half of cooled custard. Repeat layers, reserving one-third of wafers to
  crumble and sprinkle over custard. Chill thoroughly. Yield: 20 to 25
  servings.
  
  From Gemini's MASSIVE MealMaster collection at www.synapse.com/~gemini
 
</step></directions></recipe></recipeml>
