<?xml version="1.0" encoding="UTF-8"?>

<recipeml version="0.5">
  <recipe>
    <head>
      <title>Banana Drop Cookies</title>
      <categories>
        <cat>Drop</cat></categories>
      <yield>60</yield></head>
    <ingredients>
      <ing>
        <amt>
          <qty>1 1/2</qty>
          <unit>cups</unit></amt>
        <item>Sugar</item></ing>
      <ing>
        <amt>
          <qty>2/3</qty>
          <unit>cups</unit></amt>
        <item>Shortening</item></ing>
      <ing>
        <amt>
          <qty>1</qty>
          <unit>teaspoon</unit></amt>
        <item>Vanilla</item></ing>
      <ing>
        <amt>
          <qty>2</qty>
          <unit/></amt>
        <item>Eggs</item></ing>
      <ing>
        <amt>
          <qty>1</qty>
          <unit>cup</unit></amt>
        <item>Mashed ripe bananas (3-4 medium)</item></ing>
      <ing>
        <amt>
          <qty>2 1/4</qty>
          <unit>cups</unit></amt>
        <item>Flour</item></ing>
      <ing>
        <amt>
          <qty>1/2</qty>
          <unit>teaspoons</unit></amt>
        <item>Salt</item></ing>
      <ing>
        <amt>
          <qty>1/4</qty>
          <unit>teaspoons</unit></amt>
        <item>Baking powder</item></ing>
      <ing>
        <amt>
          <qty>1</qty>
          <unit>cup</unit></amt>
        <item>Chopped nuts</item></ing>
      <ing>
        <amt>
          <qty>1/4</qty>
          <unit>cups</unit></amt>
        <item>Sugar</item></ing>
      <ing>
        <amt>
          <qty>1/2</qty>
          <unit>teaspoons</unit></amt>
        <item>Cinnamon</item></ing></ingredients>
    <directions>
      <step>  Preheat oven to 400°. In large bowl beat 1 1/4 cup sugar, shortening and
  vanilla until fluffy. Beat in eggs, then bananas. Combine flour, baking
  powder, salt and soda. Beat into sugar mixture. Stir in nuts. Chill 30
  minutes. Drop by teaspoons 2 inches apart on greased cookie sheets. Combine
  1/4 cups sugar and the cinnamon, sprinkle over cookies. Bake 8 to 10
  minutes, until lightly brown. Makes about 5 doz. bite size cookies.
  
  Recipe by: Tootie's Special Recipe Collection
  
  Posted to TNT - Prodigy's Recipe Exchange Newsletter  by
  LVFG53A@prodigy.com (MRS IRA M DENNIS) on Nov 16, 1997
 
</step></directions></recipe></recipeml>
