<?xml version="1.0" encoding="UTF-8"?>

<recipeml version="0.5">
  <recipe>
    <head>
      <title>Banana Chocolate Chip Loaf</title>
      <categories>
        <cat>Bread</cat></categories>
      <yield>16</yield></head>
    <ingredients>
      <ing>
        <amt>
          <qty>1</qty>
          <unit>cup</unit></amt>
        <item>Sugar</item></ing>
      <ing>
        <amt>
          <qty>1</qty>
          <unit/></amt>
        <item>Stick butter; softened</item></ing>
      <ing>
        <amt>
          <qty>2</qty>
          <unit/></amt>
        <item>Eggs</item></ing>
      <ing>
        <amt>
          <qty>1</qty>
          <unit>cup</unit></amt>
        <item>Mashed ripe bananas (about 2 large bananas)</item></ing>
      <ing>
        <amt>
          <qty>1/2</qty>
          <unit>cups</unit></amt>
        <item>Milk</item></ing>
      <ing>
        <amt>
          <qty>1</qty>
          <unit>teaspoon</unit></amt>
        <item>Pure vanilla extract</item></ing>
      <ing>
        <amt>
          <qty>2</qty>
          <unit>cups</unit></amt>
        <item>All-purpose flour</item></ing>
      <ing>
        <amt>
          <qty>1</qty>
          <unit>teaspoon</unit></amt>
        <item>Baking soda</item></ing>
      <ing>
        <amt>
          <qty>1</qty>
          <unit>teaspoon</unit></amt>
        <item>Salt</item></ing>
      <ing>
        <amt>
          <qty>1</qty>
          <unit>cup</unit></amt>
        <item>Semisweet mini chocolate chips (see note)</item></ing>
      <ing>
        <amt>
          <qty>1/2</qty>
          <unit>cups</unit></amt>
        <item>Nuts (optional)</item></ing></ingredients>
    <directions>
      <step>  From: kathr@comm.mot.com
  
  Date: 30 Mar 1994 10:18:24 -0500
  
  From the Chicago Tribune Food Guide, June 20, '91
  
  1. Heat oven to 350 degrees. Grease a 9" x 5" x 3" loaf pan.
  
  2. Cream the sugar and butter with an electric mixer until light.  Add the
  eggs and mix well. On low speed, mix in the bananas, milk, and vanilla.
  Stop the mixer and add the flour, baking soda and salt. Mix until just
  combined, then stir in the mini chocolate chips and nuts.
  
  3. Transfer batter to prepared pan. Bake until a wooden pick inserted in
  the center comes out clean, 55 to 60 minutes. Cool in the pan 5 minutes;
  turn onto a wire rack to cool completely before slicing.
  
  NOTE:  Mini chocolate chips work better than regular chips because the
  regular size ones tend to sink to the bottom of the loaf during baking.
  
  REC.FOOD.RECIPES
  
  From rec.food.cooking archives.  Downloaded from Glen's MM Recipe Archive,
  http://www.erols.com/hosey.
 
</step></directions></recipe></recipeml>
