<?xml version="1.0" encoding="UTF-8"?>

<recipeml version="0.5">
  <recipe>
    <head>
      <title>Banana Cream Pie</title>
      <categories>
        <cat/></categories>
      <yield>100</yield></head>
    <ingredients>
      <ing>
        <amt>
          <qty>6</qty>
          <unit>quarts</unit></amt>
        <item>WATER; WARM</item></ing>
      <ing>
        <amt>
          <qty>2 13/16</qty>
          <unit>cups</unit></amt>
        <item>WATER; COLD</item></ing>
      <ing>
        <amt>
          <qty>1 1/2</qty>
          <unit>quarts</unit></amt>
        <item>WATER; COLD</item></ing>
      <ing>
        <amt>
          <qty>15</qty>
          <unit>ounces</unit></amt>
        <item>BUTTER PRINT SURE</item></ing>
      <ing>
        <amt>
          <qty>23</qty>
          <unit/></amt>
        <item>EGGS SHELL</item></ing>
      <ing>
        <amt>
          <qty>1 3/16</qty>
          <unit>pounds</unit></amt>
        <item>MILK; DRY NON-FAT L HEAT</item></ing>
      <ing>
        <amt>
          <qty>23</qty>
          <unit/></amt>
        <item>BANANAS FRESH</item></ing>
      <ing>
        <amt>
          <qty>15</qty>
          <unit>ounces</unit></amt>
        <item>STARCH EDIBLE CORN</item></ing>
      <ing>
        <amt>
          <qty>6</qty>
          <unit>pounds</unit></amt>
        <item>FLOUR GEN PURPOSE 10LB</item></ing>
      <ing>
        <amt>
          <qty>1 13/16</qty>
          <unit>pounds</unit></amt>
        <item>SUGAR; GRANULATED 10 LB</item></ing>
      <ing>
        <amt>
          <qty>1 1/2</qty>
          <unit>pounds</unit></amt>
        <item>SUGAR; GRANULATED 10 LB</item></ing>
      <ing>
        <amt>
          <qty>3 9/16</qty>
          <unit>pounds</unit></amt>
        <item>SHORTENING; 3LB</item></ing>
      <ing>
        <amt>
          <qty>5</qty>
          <unit>tablespoons</unit></amt>
        <item>IMITATION VANILLA</item></ing>
      <ing>
        <amt>
          <qty>3</qty>
          <unit>ounces</unit></amt>
        <item>SALT TABLE 5LB</item></ing>
      <ing>
        <amt>
          <qty>1 1/4</qty>
          <unit>tablespoons</unit></amt>
        <item>SALT TABLE 5LB</item></ing></ingredients>
    <directions>
      <step>  1.  SEE RECIPE NOS. I-G-1 AND I-1.
  
  2.  RECONSTITUTE MILK.  ADD SUGAR AND SALT; HEAT TO JUST BELOW BOILING.  DO
  NOT BOIL.
  
  3.  COMBINE CORNSTARCH, SUGAR AND WATER; STIR UNTIL SMOOTH.  ADD GRADUALLY
  TO
  HOT MIXTURE.  COOK AT MEDIUM HEAT; STIRRING CONSTANTLY, ABOUT 10 MINUTES
  UNTIL THICKENED.
  
  4.  STIR ABOUT 1 QT HOT MIXTURE INTO EGGS.  SLOWLY POUR EGG MIXTURE INTO
  REMAINING HOT MIXTURE; HEAT TO BOILING, STIRRING CONSTANTLY.  COOK 2
  MINUTES
  LONGER.  REMOVE FROM HEAT.
  
  5.  ADD BUTTER OR MARGARINE AND VANILLA; STIR UNTIL WELL BLENDED.  COOL
  SLIGHTLY.  SLICE 7 LB 8 OZ BANANAS A.P. (23 BANANAS).  ADD TO COOLED
  FILLING.
  TO PREVENT DISCOLORATION, SLICE BANANAS JUST BEFORE ADDING TO FILLING.
  
  6.  POUR ABOUT 3 1/2 CUPS FILLING INTO EACH BAKED PIE SHELL.
  
  7.  REFRIGERATE UNTIL READY TO SERVE.
  
  8.  CUT 8 WEDGES PER PIE.
  
  NOTE:  FILLING WILL CURDLE IF BOILED OR SUBJECTED TO PROLONGED INTENSE
  HEAT.
  
  Recipe Number: I00601
  
  SERVING SIZE: 1/8 PIE
  
  From the &lt;Army Master Recipe Index File&gt; (actually used today!).
  Downloaded from Glen's MM Recipe Archive, http://www.erols.com/hosey.
 
</step></directions></recipe></recipeml>
