<?xml version="1.0" encoding="UTF-8"?>

<recipeml version="0.5">
  <recipe>
    <head>
      <title>Banana Creme Supreme</title>
      <categories>
        <cat>None</cat></categories>
      <yield>1</yield></head>
    <ingredients>
      <ing>
        <amt>
          <qty>24</qty>
          <unit/></amt>
        <item>Graham cracker squares (2 1/2 inches each), approximately 2 cups chopped</item></ing>
      <ing>
        <amt>
          <qty>1/2</qty>
          <unit>cups</unit></amt>
        <item>Butter or margarine; melted</item></ing>
      <ing>
        <amt>
          <qty>1/4</qty>
          <unit>cups</unit></amt>
        <item>Sugar</item></ing>
      <ing>
        <amt>
          <qty>1</qty>
          <unit>package</unit></amt>
        <item>(12 oz) cool whip or whipped topping (thawed)</item></ing>
      <ing>
        <amt>
          <qty>1</qty>
          <unit>package</unit></amt>
        <item>(3/4 oz) instant vanilla pudding mix</item></ing>
      <ing>
        <amt>
          <qty>1</qty>
          <unit>cup</unit></amt>
        <item>Sour cream</item></ing>
      <ing>
        <amt>
          <qty>3</qty>
          <unit/></amt>
        <item>Bananas</item></ing>
      <ing>
        <amt>
          <qty>1/3</qty>
          <unit>cups</unit></amt>
        <item>Pecans</item></ing></ingredients>
    <directions>
      <step>  (from the Pampered Chef)
  
  Coarsely chop graham crackers. Combine graham crackers, butter and sugar.
  Press into bottom and up sides of 9-inch Springform Pan. Combine whipped
  topping, pudding and sour cream in bowl. Pour half of filling over the
  crust. Slice bananas. Layer bananas on top. Pour remaining filling over
  bananas. Finely chop pecans and sprinkle over top. Sets immediately but can
  be refrigerated to chill.
  
  Yield 10 -12 servings.
  
  (This is a REALLY good dessert for unexpected company -- quick and it looks
  and tastes like you spent alot of time in preparation) Posted to EAT-L
  Digest  by Colleen Reynolds &lt;LUVINIT30@AOL.COM&gt; on Aug 31, 1997
 
</step></directions></recipe></recipeml>
