<?xml version="1.0" encoding="UTF-8"?>

<recipeml version="0.5">
  <recipe>
    <head>
      <title>Banana Coconut Pudding</title>
      <categories>
        <cat>Cooking liv</cat>
        <cat>Import</cat></categories>
      <yield>1</yield></head>
    <ingredients>
      <ing>
        <amt>
          <qty>1</qty>
          <unit>tablespoon</unit></amt>
        <item>Small pearl tapioca (not quick cooking)</item></ing>
      <ing>
        <amt>
          <qty>1</qty>
          <unit>can</unit></amt>
        <item>(14 oz) light unsweetened coconut milk</item></ing>
      <ing>
        <amt>
          <qty>2</qty>
          <unit>tablespoons</unit></amt>
        <item>Coarsely chopped crystallized ginger</item></ing>
      <ing>
        <amt>
          <qty>1/3</qty>
          <unit>cups</unit></amt>
        <item>Sugar</item></ing>
      <ing>
        <amt>
          <qty>3</qty>
          <unit/></amt>
        <item>Firm-ripe bananas</item></ing></ingredients>
    <directions>
      <step>  Garnish: 1 tablespoon chopped crystallized ginger, if desired
  
  In a small bowl, soften tapioca in warm water to cover 1 hour.
  
  While tapioca is soaking, in a small saucepan cook coconut milk, ginger,
  and sugar over moderate heat, stirring, until sugar is dissolved. Remove
  pan from heat and let mixture stand 10 minutes.
  
  Drain tapioca. Peel bananas and quarter lengthwise. Cut quarters into
  1/2-inch pieces.
  
  Heat coconut milk mixture over low heat and gently stir in tapioca and
  bananas. Cook pudding, stirring (be careful not to break up bananas), until
  thickened slightly and bananas are heated through, about 5 minutes, and
  cool. Divide pudding among six 3/4 cup ramekins and chill, covered, until
  cold. Garnish with crystallized ginger.
  
  Yield: 6 servings
  
  Recipe by: Cooking Live Show #CL8986
  
  Posted to MC-Recipe Digest V1 #902 by "Angele and Jon Freeman"
  &lt;jfreeman@comteck.com&gt; on Nov 12, 1997
 
</step></directions></recipe></recipeml>
