<?xml version="1.0" encoding="UTF-8"?>

<recipeml version="0.5">
  <recipe>
    <head>
      <title>Banana Chocolate Chip Muffins</title>
      <categories>
        <cat>Baking</cat></categories>
      <yield>6</yield></head>
    <ingredients>
      <ing>
        <amt>
          <qty>2</qty>
          <unit/></amt>
        <item>Extra-ripe bananas  (1 cup)</item></ing>
      <ing>
        <amt>
          <qty>2</qty>
          <unit/></amt>
        <item>Eggs</item></ing>
      <ing>
        <amt>
          <qty>1</qty>
          <unit>cup</unit></amt>
        <item>Brown sugar; packed</item></ing>
      <ing>
        <amt>
          <qty>1/2</qty>
          <unit>cups</unit></amt>
        <item>Butter; melted</item></ing>
      <ing>
        <amt>
          <qty>1</qty>
          <unit>teaspoon</unit></amt>
        <item>Vanilla</item></ing>
      <ing>
        <amt>
          <qty>2 1/4</qty>
          <unit>cups</unit></amt>
        <item>All-purpose flour</item></ing>
      <ing>
        <amt>
          <qty>2</qty>
          <unit>teaspoons</unit></amt>
        <item>Baking powder</item></ing>
      <ing>
        <amt>
          <qty>1/2</qty>
          <unit>teaspoons</unit></amt>
        <item>Ground cinnamon</item></ing>
      <ing>
        <amt>
          <qty>1/2</qty>
          <unit>teaspoons</unit></amt>
        <item>Salt</item></ing>
      <ing>
        <amt>
          <qty>1</qty>
          <unit>cup</unit></amt>
        <item>Chocolate chips</item></ing>
      <ing>
        <amt>
          <qty>1/2</qty>
          <unit>cups</unit></amt>
        <item>Walnuts; chopped</item></ing></ingredients>
    <directions>
      <step>  Preheat oven to 350=B0. Puree bananas in blender. In medium bowl, beat
  pureed bananas, eggs, sugar, butter and vanilla until well blended. In
  large bowl, combine flour, baking powder, cinnamon and salt. Stir in
  chocolate chips and nuts. Make well in center of dry ingredients. Pour in
  banana mixture. Mix until just blended. Spoon into well-greased 2 1/2-inch
  muffin cups. Bake 25 to 30 minutes. Remove from pan. Makes about 12
  muffins.
  Posted to MC-Recipe Digest V1 #248
  
  Date: Thu, 17 Oct 1996 12:00:03 -0400
  
  From: Eileen &amp; Bob Holze &lt;beck4@asan.com&gt;
 
</step></directions></recipe></recipeml>
