<?xml version="1.0" encoding="UTF-8"?>

<recipeml version="0.5">
  <recipe>
    <head>
      <title>Banana Cocoa Bread Pudding</title>
      <categories>
        <cat>Dessert</cat></categories>
      <yield>8</yield></head>
    <ingredients>
      <ing>
        <amt>
          <qty>8</qty>
          <unit>slices</unit></amt>
        <item>Low calorie whole wheat bread cut into 1" cubes</item></ing>
      <ing>
        <amt>
          <qty/>
          <unit/></amt>
        <item>Non stick vegatable spray</item></ing>
      <ing>
        <amt>
          <qty>4</qty>
          <unit>tablespoons</unit></amt>
        <item>Cocoa powder</item></ing>
      <ing>
        <amt>
          <qty>4</qty>
          <unit>tablespoons</unit></amt>
        <item>Sugar</item></ing>
      <ing>
        <amt>
          <qty>3</qty>
          <unit/></amt>
        <item>Ripe bananas pureed</item></ing>
      <ing>
        <amt>
          <qty>4</qty>
          <unit>tablespoons</unit></amt>
        <item>Nonfat dry milk</item></ing>
      <ing>
        <amt>
          <qty>1/4</qty>
          <unit>teaspoons</unit></amt>
        <item>Salt</item></ing>
      <ing>
        <amt>
          <qty>2</qty>
          <unit/></amt>
        <item>Egg whites</item></ing>
      <ing>
        <amt>
          <qty>1</qty>
          <unit>cup</unit></amt>
        <item>Skim or low fat milk</item></ing>
      <ing>
        <amt>
          <qty>1</qty>
          <unit>teaspoon</unit></amt>
        <item>Vanilla</item></ing>
      <ing>
        <amt>
          <qty>8</qty>
          <unit>ounces</unit></amt>
        <item>Vanilla low fat; or no fat yogurt</item></ing>
      <ing>
        <amt>
          <qty>From:</qty>
          <unit/></amt>
        <item>Barbara Schmidt &lt;smgin2@SPRYNET.COM&gt;</item></ing>
      <ing>
        <amt>
          <qty>Date:</qty>
          <unit/></amt>
        <item>Sat, 13 Jul 1996 12:29:34 -0700</item></ing></ingredients>
    <directions>
      <step>  Preheat oven to 325.  On a baking sheet toast bread until crisp, about 15
  minutes.  Remove from oven and allow to cool briefly.  Spray a 9x9" baking
  dish with the nonstick spray, and set aside.  In the bowl of a food
  processor or blender, combine the cocoa, sugar, bananas, nonfat dry milk,
  salt, egg whites and skim or lowfat milk, and vanilla. Puree to make a
  smooth liquid. Pour the banana cocoa mixture over the toasted bread cubes,
  and press the cubes to coat evenly. Bake for 25 minutes or until firm.
  Remove from heat and allow to cool slightly. Serve warm with the low fat
  vanilla yogurt, or any flavor you like that wont overpower the taste of the
  bread pudding. serves 8 165 calories, 1 gm fat, 32.7 gms carbohydrates,
  3mg,  sodium, 263 mg
  
  EAT-L Digest 12 July 96
  
  From the EAT-L recipe list.  Downloaded from Glen's MM Recipe Archive,
  http://www.erols.com/hosey.
 
</step></directions></recipe></recipeml>
