<?xml version="1.0" encoding="UTF-8"?>

<recipeml version="0.5">
  <recipe>
    <head>
      <title>Banana Coconut Streusel Cake</title>
      <categories>
        <cat>None</cat></categories>
      <yield>18</yield></head>
    <ingredients>
      <ing-div>
        <title/>
        <ing>
          <amt>
            <qty>1/2</qty>
            <unit>cups</unit></amt>
          <item>Butter; (or Margarine)</item></ing>
        <ing>
          <amt>
            <qty>2</qty>
            <unit>cups</unit></amt>
          <item>Flour</item></ing>
        <ing>
          <amt>
            <qty>1</qty>
            <unit>teaspoon</unit></amt>
          <item>Each Baking powder &amp; Soda</item></ing>
        <ing>
          <amt>
            <qty>1/2</qty>
            <unit>teaspoons</unit></amt>
          <item>Salt</item></ing>
        <ing>
          <amt>
            <qty>1 1/3</qty>
            <unit>cups</unit></amt>
          <item>Sugar</item></ing>
        <ing>
          <amt>
            <qty>1/3</qty>
            <unit>cups</unit></amt>
          <item>Buttermilk &lt;&lt;NOTE&gt;&gt;</item></ing>
        <ing>
          <amt>
            <qty>3</qty>
            <unit/></amt>
          <item>Ripe bananas mashed; (If small bananas use 4) (up to 4)</item></ing>
        <ing>
          <amt>
            <qty>2</qty>
            <unit/></amt>
          <item>Eggs</item></ing>
        <ing>
          <amt>
            <qty>3/4</qty>
            <unit>cups</unit></amt>
          <item>Walnuts ground</item></ing>
        <ing>
          <amt>
            <qty>1</qty>
            <unit>teaspoon</unit></amt>
          <item>Vanilla essence</item></ing>
        <ing>
          <amt>
            <qty>5</qty>
            <unit/></amt>
          <item>Bananas; Cut if half in their length. (up to 6)</item></ing></ing-div>
      <ing-div>
        <title>TOPPING</title>
        <ing>
          <amt>
            <qty>1/4</qty>
            <unit>cups</unit></amt>
          <item>Butter soft</item></ing>
        <ing>
          <amt>
            <qty>3/4</qty>
            <unit>cups</unit></amt>
          <item>Brown sugar; Firmly packed</item></ing>
        <ing>
          <amt>
            <qty>1</qty>
            <unit>cup</unit></amt>
          <item>Coconut flaked</item></ing>
        <ing>
          <amt>
            <qty>1 1/2</qty>
            <unit/></amt>
          <item>Tabls Milk</item></ing></ing-div></ingredients>
    <directions>
      <step>  Source: From my mother with love &amp; more. Family recipe
  
  Note...If you do not have Buttermilk, Use milk , Add 1 Tabl of lemon juice
  and wait for 5 minutes or more.
  
  In the Food Processor put the first 5 Ingredients. Work to fine
  crumbs.Transfer to a big mixing bowl.Add Walnuts &amp; mix.
  
  In another bowl, Beat lightly the eggs,add the buttermilk, mashed bananas
  and vanilla. Mix, and add to the dry ingredients. Mix again until well
  blended.
  
  Spray pam or butter a 9/13 inch pan. Pour the mixing, and arrange on top in
  rows the half bananas.
  
  Bake in preheated 375 F hot oven for 20 minutes, or until cake just begins
  to pull from sides of pan.Take out of oven .Cover cake evenly with the
  topping.
  
  Topping: Mix together all the topping Ingrediaents.
  
  Continue and bake for another 20-30 minutes.
  
  Serve warm or cold.
  
  Posted to JEWISH-FOOD digest V97 #330 by Zvi&amp;Rina perry
  &lt;pzvi@netvision.net.il&gt; on Dec 20, 97
 
</step></directions></recipe></recipeml>
