<?xml version="1.0" encoding="UTF-8"?>

<recipeml version="0.5">
  <recipe>
    <head>
      <title>Banana Eggnog</title>
      <categories>
        <cat>Beverages</cat>
        <cat>Holidays</cat></categories>
      <yield>6</yield></head>
    <ingredients>
      <ing>
        <amt>
          <qty>1</qty>
          <unit/></amt>
        <item>Ripe banana, sliced into thin pieces</item></ing>
      <ing>
        <amt>
          <qty>1</qty>
          <unit/></amt>
        <item>Egg</item></ing>
      <ing>
        <amt>
          <qty>1</qty>
          <unit>tablespoon</unit></amt>
        <item>Sugar</item></ing>
      <ing>
        <amt>
          <qty>1</qty>
          <unit>cup</unit></amt>
        <item>Cold milk</item></ing>
      <ing>
        <amt>
          <qty>2</qty>
          <unit>tablespoons</unit></amt>
        <item>Maple syrup</item></ing></ingredients>
    <directions>
      <step>  Beat together banana, egg and sugar until well blended and smooth. Add milk
  and maple syrup and beat until combined. Pour into chilled glasses. This
  has a very delicate banana flavor.
  
  From: Steve Herrick Source: [The Official Vermont Maple Cookbook - 1983]
  Submitted By NANCY VAINE   On 11-08-94
 
</step></directions></recipe></recipeml>
