<?xml version="1.0" encoding="UTF-8"?>

<recipeml version="0.5">
  <recipe>
    <head>
      <title>Banana Cream Pie</title>
      <categories>
        <cat/></categories>
      <yield>100</yield></head>
    <ingredients>
      <ing>
        <amt>
          <qty>7</qty>
          <unit>quarts</unit></amt>
        <item>WATER; COLD</item></ing>
      <ing>
        <amt>
          <qty>2 13/16</qty>
          <unit>cups</unit></amt>
        <item>WATER; COLD</item></ing>
      <ing>
        <amt>
          <qty>1 1/2</qty>
          <unit>pounds</unit></amt>
        <item>MILK; DRY NON-FAT L HEAT</item></ing>
      <ing>
        <amt>
          <qty>4 7/8</qty>
          <unit>pounds</unit></amt>
        <item>BANANAS FRESH</item></ing>
      <ing>
        <amt>
          <qty>6</qty>
          <unit>pounds</unit></amt>
        <item>FLOUR GEN PURPOSE 10LB</item></ing>
      <ing>
        <amt>
          <qty>5 1/2</qty>
          <unit>pounds</unit></amt>
        <item>DSRT PWD VANILLA</item></ing>
      <ing>
        <amt>
          <qty>3 9/16</qty>
          <unit>pounds</unit></amt>
        <item>SHORTENING; 3LB</item></ing>
      <ing>
        <amt>
          <qty>3</qty>
          <unit>ounces</unit></amt>
        <item>SALT TABLE 5LB</item></ing></ingredients>
    <directions>
      <step>  PAN:  9-INCH PIE PAN
  :
  
  1.  SEE RECIPE NOS. IG001 AND I00100.
  
  2.  COMBINE MILK AND WATER IN MIXER BOWL.
  
  3.  ADD DESSERT POWDER TO MILK AND WATER.  USING WHIP, BLEND AT LOW SPEED
  15 SECONDS OR UNTIL WELL BLENDED.  SCRAPE DOWN SIDES OF BOWL; WHIP AT
  MEDIUM SPEED 2 MINUTES.
  
  4.  SLICE BANANAS.  TO PREVENT DISCOLORATION, SLICE BANANAS JUST BEFORE
  ADD TO FILLING.  POUR ABOUT 3 1/2 CUPS FILLING INTO EACH BAKED PIE SHELL.
  
  5.  REFRIGERATE UNTIL READY TO SERVE.
  
  6.  CUT 8 WEDGES PER PIE.
  
  Recipe Number: I00701
  
  SERVING SIZE: 1/8 PIE
  
  From the &lt;Army Master Recipe Index File&gt; (actually used today!).
  Downloaded from Glen's MM Recipe Archive, http://www.erols.com/hosey.
 
</step></directions></recipe></recipeml>
