<?xml version="1.0" encoding="UTF-8"?>

<recipeml version="0.5">
  <recipe>
    <head>
      <title>Banana Cream Pudding Mochi</title>
      <categories>
        <cat>None</cat></categories>
      <yield>1</yield></head>
    <ingredients>
      <ing>
        <amt>
          <qty>1</qty>
          <unit>cup</unit></amt>
        <item>Mochiko; (glutinous rice flour)</item></ing>
      <ing>
        <amt>
          <qty>1/2</qty>
          <unit>cups</unit></amt>
        <item>Sugar</item></ing>
      <ing>
        <amt>
          <qty>2</qty>
          <unit>tablespoons</unit></amt>
        <item>Instant banana cream pudding and pie filling*</item></ing>
      <ing>
        <amt>
          <qty>1</qty>
          <unit>cup</unit></amt>
        <item>Water</item></ing>
      <ing>
        <amt>
          <qty>1</qty>
          <unit>teaspoon</unit></amt>
        <item>Vanilla</item></ing>
      <ing>
        <amt>
          <qty>1/2</qty>
          <unit>cups</unit></amt>
        <item>Kinako; (soy bean powder) or cornstarch</item></ing></ingredients>
    <directions>
      <step>  Notes: From Hawaiian Electric Kitchen.
  
  Spray a microwave tube pan with vegetable spray. In a medium bowl, combine
  all ingredients, except kinako. Mix well. Pour into prepared pan; cover
  with plastic wrap. Rotating pan several times during cooking, microwave at
  high power for 5 minutes. Immediately remove plastic wrap and cool. Pull
  mochi from sides of pan and invert onto a board dusted with kinako. Cut
  into 1/2-inch pieces. Coat each piece with kinako. Makes 32 pieces.
  
  *If using sugar-free instant banana cream pudding and pie filling, use only
        1    tablespoon.
  
  Posted to recipelu-digest by ncanty@juno.com (Nadia I Canty) on Mar 25,
  1998
 
</step></directions></recipe></recipeml>
