<?xml version="1.0" encoding="UTF-8"?>

<recipeml version="0.5">
  <recipe>
    <head>
      <title>Banana Fish</title>
      <categories>
        <cat>Seafood</cat>
        <cat>Main dish</cat></categories>
      <yield>4</yield></head>
    <ingredients>
      <ing>
        <amt>
          <qty>1/4</qty>
          <unit>cups</unit></amt>
        <item>Flour</item></ing>
      <ing>
        <amt>
          <qty>2</qty>
          <unit>teaspoons</unit></amt>
        <item>Curry powder</item></ing>
      <ing>
        <amt>
          <qty>1/4</qty>
          <unit>teaspoons</unit></amt>
        <item>Soy sauce</item></ing>
      <ing>
        <amt>
          <qty>4</qty>
          <unit/></amt>
        <item>Bananas, peeled &amp; halved</item></ing>
      <ing>
        <amt>
          <qty/>
          <unit/></amt>
        <item>Lengthwise</item></ing>
      <ing>
        <amt>
          <qty>1</qty>
          <unit>pound</unit></amt>
        <item>Fish fillets</item></ing>
      <ing>
        <amt>
          <qty>1</qty>
          <unit>tablespoon</unit></amt>
        <item>Oil</item></ing>
      <ing>
        <amt>
          <qty>3</qty>
          <unit/></amt>
        <item>Stalks celery, sliced</item></ing>
      <ing>
        <amt>
          <qty>4</qty>
          <unit>tablespoons</unit></amt>
        <item>Butter</item></ing>
      <ing>
        <amt>
          <qty>2</qty>
          <unit>tablespoons</unit></amt>
        <item>Lemon juice</item></ing></ingredients>
    <directions>
      <step>  Mix together flour, curry powder, and soy sauce; coat bananas and fish with
  this; set aside.  Heat oil in skillet. Stir-fry celery until crisp; set
  aside.  Add butter to oil; saute bananas until golden, about 1 minute on
  each side.  Sprinkle bananas with half of lemon juice; remove to serving
  dish.  Saute fish in oil/butter mix until fish comes easily away on a fork,
  about 3 minutes on each side.  Sprinkle with remaining lemon juice. Place
  on serving dish with bananas. Spoon celery over fish.
  
  From Gemini's MASSIVE MealMaster collection at www.synapse.com/~gemini
 
</step></directions></recipe></recipeml>
