<?xml version="1.0" encoding="UTF-8"?>

<recipeml version="0.5">
  <recipe>
    <head>
      <title>Banana Cinnamon Doughnuts</title>
      <categories>
        <cat>Doughnuts</cat></categories>
      <yield>30</yield></head>
    <ingredients>
      <ing-div>
        <title/>
        <ing>
          <amt>
            <qty>3</qty>
            <unit>cups</unit></amt>
          <item>Peanut oil; for frying</item></ing>
        <ing>
          <amt>
            <qty>4</qty>
            <unit>cups</unit></amt>
          <item>All-purpose flour</item></ing>
        <ing>
          <amt>
            <qty>3/4</qty>
            <unit>cups</unit></amt>
          <item>Sugar</item></ing>
        <ing>
          <amt>
            <qty>4</qty>
            <unit>teaspoons</unit></amt>
          <item>Baking powder</item></ing>
        <ing>
          <amt>
            <qty>1</qty>
            <unit>teaspoon</unit></amt>
          <item>Salt</item></ing>
        <ing>
          <amt>
            <qty>1/2</qty>
            <unit>teaspoons</unit></amt>
          <item>Ground cinnamon</item></ing>
        <ing>
          <amt>
            <qty>1/2</qty>
            <unit>teaspoons</unit></amt>
          <item>Ground nutmeg</item></ing>
        <ing>
          <amt>
            <qty>1/4</qty>
            <unit>cups</unit></amt>
          <item>Margarine</item></ing>
        <ing>
          <amt>
            <qty>1</qty>
            <unit>cup</unit></amt>
          <item>Bananas; mashed</item></ing>
        <ing>
          <amt>
            <qty>2</qty>
            <unit/></amt>
          <item>Large eggs; beaten</item></ing></ing-div>
      <ing-div>
        <title>TOPPING</title>
        <ing>
          <amt>
            <qty>3/4</qty>
            <unit>cups</unit></amt>
          <item>Sugar</item></ing>
        <ing>
          <amt>
            <qty>2</qty>
            <unit>teaspoons</unit></amt>
          <item>Ground cinnamon</item></ing></ing-div></ingredients>
    <directions>
      <step>     1. Heat oil in a deep-fat fryer or deep heavy skillet. Time heating so
  it will be ready when you are prepared to begin frying doughnuts. Use
  Canola oil if you prefer, but peanut oil has a higher smoking point and is
  a good choice for frying.
     2. In a large bowl, combine flour, sugar, baking powder, salt, cinnamon,
  and nutmeg. Cut in margarine using a pastry blender or two knives.
     3. Make a well in center of mix and add mashed bananas and eggs. Mix
  well. You can do this with a wooden spoon, or since dough will be very
  stiff you may want to use your hands to mix it well.
     4. Place dough on a lightly floured surface and roll to 1/2-inch thick.
  Cut with a 2-1/2 inch doughnut cutter that you dip in flour as needed.
     5. Deep-fry, a few at a time, until golden brown. Drain on brown paper
  bags. Fry the doughnut "holes" also.
     6. Combine sugar and cinnamon in a paper bag or place on a shallow
  plate. Coat warm doughnuts with this mixture.
  
  Yield: about 22 doughnuts and 22 centers.
  Recipe By     : Jo Anne Merrill
  
  Posted to JEWISH-FOOD digest V96 #54
  
  Date:         Thu, 17 Oct 96 07:41:36 +0200
  
  From: Annice Grinberg &lt;VSANNICE@WEIZMANN.WEIZMANN.AC.IL&gt;
  
  Serving Ideas : Fragrant doughnuts for a coffee break.
 
</step></directions></recipe></recipeml>
