<?xml version="1.0" encoding="UTF-8"?>

<recipeml version="0.5">
  <recipe>
    <head>
      <title>Banana Chocolate Milkshake</title>
      <categories>
        <cat>Beverages</cat>
        <cat>Fruits</cat>
        <cat>Candies</cat>
        <cat>Low-fat</cat>
        <cat>Diabetic</cat></categories>
      <yield>2</yield></head>
    <ingredients>
      <ing>
        <amt>
          <qty>1</qty>
          <unit>cup</unit></amt>
        <item>Skim milk</item></ing>
      <ing>
        <amt>
          <qty>2</qty>
          <unit>tablespoons</unit></amt>
        <item>Hershey's Cocoa</item></ing>
      <ing>
        <amt>
          <qty/>
          <unit/></amt>
        <item>Granulated sugar substitute equal to 1/3 cup sugar</item></ing>
      <ing>
        <amt>
          <qty>1</qty>
          <unit>teaspoon</unit></amt>
        <item>Vanilla extract</item></ing>
      <ing>
        <amt>
          <qty>1</qty>
          <unit>medium</unit></amt>
        <item>Ripe banana, sliced</item></ing>
      <ing>
        <amt>
          <qty>8</qty>
          <unit>large</unit></amt>
        <item>Ice cubes</item></ing></ingredients>
    <directions>
      <step>     In blender container, pour milk.  Add cocoa. Cover, blend on low speed
  until well mixed.  Add sugar substitute, vanilla and banana. Cover; blend
  until smooth. Add ice cubes, one at a time, blending until thick. Serve
  immediately.  Makes 2 12-ounce servings.
  
     Nutritional information per serving:  calories - 140, protein - 6 gm.,
  fat - 1 gm., carbohydrates - 27 gm., cholesterol - &lt;5 mg., calcium - 165
  mg., sodium - 65 mg. Diabetic Exchanges: Skim Milk - 1, Fruit - 1, Exchange
  Calories - 150.
  
     FROM:  Information packet from Hershey Foods Corporation. Recipes
  developed and tested in the Hershey Kitchens. For more recipes or
  information call 1-800-468-1714 weekdays 9-4, Eastern time. Formatted to MM
  by Trish McKenna.
  Posted to MM-Recipes Digest V4 #336 by pooh4jvn@ix.netcom.com on Dec 28,
  1997
 
</step></directions></recipe></recipeml>
