<?xml version="1.0" encoding="UTF-8"?>

<recipeml version="0.5">
  <recipe>
    <head>
      <title>Banana Doughnuts</title>
      <categories>
        <cat>Breakfast</cat></categories>
      <yield>1</yield></head>
    <ingredients>
      <ing>
        <amt>
          <qty>5</qty>
          <unit>cups</unit></amt>
        <item>All-purpose flour</item></ing>
      <ing>
        <amt>
          <qty>3</qty>
          <unit>teaspoons</unit></amt>
        <item>Baking powder</item></ing>
      <ing>
        <amt>
          <qty>1</qty>
          <unit>teaspoon</unit></amt>
        <item>Soda</item></ing>
      <ing>
        <amt>
          <qty>2</qty>
          <unit>teaspoons</unit></amt>
        <item>Salt</item></ing>
      <ing>
        <amt>
          <qty>1</qty>
          <unit>teaspoon</unit></amt>
        <item>Nutmeg</item></ing>
      <ing>
        <amt>
          <qty>1/4</qty>
          <unit>cups</unit></amt>
        <item>Shortening</item></ing>
      <ing>
        <amt>
          <qty>1</qty>
          <unit>cup</unit></amt>
        <item>Sugar</item></ing>
      <ing>
        <amt>
          <qty>1 1/2</qty>
          <unit>teaspoons</unit></amt>
        <item>Vanilla</item></ing>
      <ing>
        <amt>
          <qty>3</qty>
          <unit/></amt>
        <item>Eggs; well beaten</item></ing>
      <ing>
        <amt>
          <qty>3/4</qty>
          <unit>cups</unit></amt>
        <item>Mashed bananas</item></ing>
      <ing>
        <amt>
          <qty>1/2</qty>
          <unit>cups</unit></amt>
        <item>Buttermilk</item></ing>
      <ing>
        <amt>
          <qty>1/2</qty>
          <unit>cups</unit></amt>
        <item>Flour for rolling</item></ing>
      <ing>
        <amt>
          <qty/>
          <unit/></amt>
        <item>Deep oil for frying</item></ing></ingredients>
    <directions>
      <step>  1.Sift flour, measure and resift 3 times with baking powder, soda, salt,
  and nutmeg. Cream shortening, blend in sugar, add vanilla, and eggs, and
  beat until light and fluffy. Add combined bananas and buttermilk, and stir
  until well mixed. Add flour mixture in 3 or 4 portions, stirring thoroughly
  after each addition. 2.Chill before rolling. Remove 1/4 of dough from
  refrigerator at a time, knead it lightly 4 or 5 times, roll to 3/8 inch
  thickness, and cut with floured 2-1/2 inch doughnut cutter. 3.Fry in deep
  oil heated to 375 deg F. until golden brown, then lift out and drain on
  absorbent paper. If desired, the dough may be covered tightly and kept in
  the refrigerator for 1 to 2 days, to be fried as needed. Yield: about 3-1/2
  dozen
  Posted to KitMailbox Digest  by Sandy &lt;delite@flash.net&gt; on Apr 16, 1998
 
</step></directions></recipe></recipeml>
