<?xml version="1.0" encoding="UTF-8"?>

<recipeml version="0.5">
  <recipe>
    <head>
      <title>Banana Chiffon Cake</title>
      <categories>
        <cat>Cakes</cat>
        <cat>New text im</cat></categories>
      <yield>1</yield></head>
    <ingredients>
      <ing>
        <amt>
          <qty>2 1/4</qty>
          <unit>cups</unit></amt>
        <item>Sifted cake flour</item></ing>
      <ing>
        <amt>
          <qty>1 1/2</qty>
          <unit>cups</unit></amt>
        <item>Sugar</item></ing>
      <ing>
        <amt>
          <qty>3</qty>
          <unit>teaspoons</unit></amt>
        <item>Baking powder</item></ing>
      <ing>
        <amt>
          <qty>1</qty>
          <unit>teaspoon</unit></amt>
        <item>Salt</item></ing>
      <ing>
        <amt>
          <qty>1/2</qty>
          <unit>cups</unit></amt>
        <item>Oil</item></ing>
      <ing>
        <amt>
          <qty>6</qty>
          <unit/></amt>
        <item>Egg yolks</item></ing>
      <ing>
        <amt>
          <qty>6</qty>
          <unit>tablespoons</unit></amt>
        <item>Cold water</item></ing>
      <ing>
        <amt>
          <qty>1</qty>
          <unit>cup</unit></amt>
        <item>Sieved bananas</item></ing>
      <ing>
        <amt>
          <qty>1</qty>
          <unit>teaspoon</unit></amt>
        <item>Vanilla</item></ing>
      <ing>
        <amt>
          <qty>1</qty>
          <unit>cup</unit></amt>
        <item>Egg whites</item></ing>
      <ing>
        <amt>
          <qty>1/2</qty>
          <unit>teaspoons</unit></amt>
        <item>Cream of tartar1 (8 oz.) cream cheese, softened</item></ing>
      <ing>
        <amt>
          <qty>1</qty>
          <unit/></amt>
        <item>Powdered sugar; (1 lb.)</item></ing>
      <ing>
        <amt>
          <qty>1</qty>
          <unit/></amt>
        <item>Stick margarine</item></ing>
      <ing>
        <amt>
          <qty>1</qty>
          <unit>teaspoon</unit></amt>
        <item>Vanilla</item></ing></ingredients>
    <directions>
      <step>  Preparation : Sift dry ingredients together into mixing bowl. Make a well
  in center of mixture. Add salad oil, egg yolks, water, bananas and vanilla.
  Beat until smooth. Into large mixing bowl put egg whites and cream of
  tartar. Whip until very stiff. Do not underbeat they should be stiffer than
  for angel food or meringue. Gradually pour cake batter over whipped whites.
  Gently fold until the two mixture are blended. Do not stir. Pour into
  ungreased tube cake pan. Bake in 325 degrees oven for one hour then
  increase temperature to 350 degrees for 10 minutes until top springs back
  when lightly touched. Immediately turn pan upside down let hang in pan
  until cake is cool. Remove cake from pan and frost with: Cream cheese and
  margarine well and add vanilla. Beat in sugar a little at a time until of
  spreading consistency.
  
  Recipe by: Cookbook USA Posted to MC-Recipe Digest V1 #738 by Gerald
  Edgerton &lt;jerrye@wizard.com&gt; on Aug 12, 1997
 
</step></directions></recipe></recipeml>
