<?xml version="1.0" encoding="UTF-8"?>

<recipeml version="0.5">
  <recipe>
    <head>
      <title>Banana Chocolate Bread Pudding I</title>
      <categories>
        <cat>Desserts</cat></categories>
      <yield>10</yield></head>
    <ingredients>
      <ing-div>
        <title/>
        <ing>
          <amt>
            <qty>6</qty>
            <unit/></amt>
          <item>Eggs</item></ing>
        <ing>
          <amt>
            <qty>6</qty>
            <unit>cups</unit></amt>
          <item>Half-and-half</item></ing>
        <ing>
          <amt>
            <qty>1</qty>
            <unit>cup</unit></amt>
          <item>Heavy cream</item></ing>
        <ing>
          <amt>
            <qty>2</qty>
            <unit>teaspoons</unit></amt>
          <item>Vanilla extract</item></ing>
        <ing>
          <amt>
            <qty>3/4</qty>
            <unit>cups</unit></amt>
          <item>Sugar</item></ing>
        <ing>
          <amt>
            <qty>1/2</qty>
            <unit>teaspoons</unit></amt>
          <item>Ground cinnamon</item></ing>
        <ing>
          <amt>
            <qty>1</qty>
            <unit>pinch</unit></amt>
          <item>Brated nutmeg</item></ing>
        <ing>
          <amt>
            <qty>1/2</qty>
            <unit>pounds</unit></amt>
          <item>Bread; cut into 1" cubes (about 8 cups loosely packed)</item></ing>
        <ing>
          <amt>
            <qty>1</qty>
            <unit>cup</unit></amt>
          <item>Dark chocolate pieces</item></ing>
        <ing>
          <amt>
            <qty>2</qty>
            <unit/></amt>
          <item>Bananas; peeled, and sliced 1/8" thick</item></ing>
        <ing>
          <amt>
            <qty>1</qty>
            <unit/></amt>
          <item>Sprig fresh mint; for garnish</item></ing></ing-div>
      <ing-div>
        <title>BOURBON SAUCE</title>
        <ing>
          <amt>
            <qty>4</qty>
            <unit>tablespoons</unit></amt>
          <item>Unsalted butter -; (1/2 stick)</item></ing>
        <ing>
          <amt>
            <qty>1/2</qty>
            <unit>cups</unit></amt>
          <item>Sugar</item></ing>
        <ing>
          <amt>
            <qty>1/4</qty>
            <unit>cups</unit></amt>
          <item>Bourbon</item></ing>
        <ing>
          <amt>
            <qty>4</qty>
            <unit/></amt>
          <item>Egg yolks</item></ing></ing-div></ingredients>
    <directions>
      <step>  Preheat the oven to 350 degrees.
  
  Whisk the eggs, half-and-half, heavy cream, vanilla, sugar, cinnamon and
  nutmeg, together until the sugar dissolves. Stir in the bread cubes and
  allow the mixture to sit for 1 hour, stirring occasionally. Stir in the
  chocolate pieces and sliced bananas. Pour the mixture into a greased 10 cup
  baking dish. Bake the pudding for about 1 to 1 1/2 hours or until the
  pudding sets. Remove the pan from the oven. The pudding can be served right
  from the oven, warm or room temperature.
  
  For the bourbon sauce, Melt the butter in a double boiler over simmering
  water. Add the sugar and whisk to dissolve. Add the bourbon and whisk for 1
  minute. Remove from the heat and drizzle in the egg yolks, whisking
  constantly. Return the double boiler to the heat and continue whisking
  until the sauce is pale and slightly thickened, 3 to 4 minutes. Spoon the
  sauce over the pudding and serve immediately. Garnish with mint sprigs.
  
  Recipe Source: EMERIL LIVE with Emeril Lagasse From the TV FOOD NETWORK -
  (Show # EM-1A82 broadcast 12-03-1997) Downloaded from their Web-Site -
  http://www.foodtv.com
  
  Formatted for MasterCook by Joe Comiskey, aka MR MAD - jpmd44a@prodigy.com
  ~or- MAD-SQUAD@prodigy.net
  
  12-05-1997
  
  Recipe by: Emeril Lagasse
 
</step></directions></recipe></recipeml>
