<?xml version="1.0" encoding="UTF-8"?>

<recipeml version="0.5">
  <recipe>
    <head>
      <title>Banana Cream Pie #3</title>
      <categories>
        <cat>Pie</cat></categories>
      <yield>6</yield></head>
    <ingredients>
      <ing>
        <amt>
          <qty>1</qty>
          <unit/></amt>
        <item>Banana</item></ing>
      <ing>
        <amt>
          <qty>2</qty>
          <unit>packages</unit></amt>
        <item>(4 serv) banana or vanilla</item></ing>
      <ing>
        <amt>
          <qty>1</qty>
          <unit/></amt>
        <item>Baked 9 pie shell;cooked</item></ing>
      <ing>
        <amt>
          <qty>2 1/2</qty>
          <unit>cups</unit></amt>
        <item>Cold milk</item></ing>
      <ing>
        <amt>
          <qty>2</qty>
          <unit>cups</unit></amt>
        <item>Thawed kool whip topping</item></ing></ingredients>
    <directions>
      <step>  Slice banana into pie shell.Prepare pie filling as directed on package for
  pie,using 2 1/2 cups milk.Fold in 1/2 cup of the Whipped topping and pour
  over banana in shell.Chill at least 3 hours.Top with remaining whipped
  topping;garnish with banana slices and mint,if desired
  
  Date: Wed, 05 Jun 1996 08:06:49 -0600
  
  From: Blackhawk &lt;tracy@agt.net&gt;
  
  MM-Recipes Digest V3 #156
  
  From the MealMaster recipe list.  Downloaded from Glen's MM Recipe Archive,
  http://www.erols.com/hosey.
 
</step></directions></recipe></recipeml>
