<?xml version="1.0" encoding="UTF-8"?>

<recipeml version="0.5">
  <recipe>
    <head>
      <title>Banana Eclair Croissants</title>
      <categories>
        <cat>None</cat></categories>
      <yield>4</yield></head>
    <ingredients>
      <ing>
        <amt>
          <qty>4</qty>
          <unit/></amt>
        <item>Frozen sara lee croissants</item></ing>
      <ing>
        <amt>
          <qty>2</qty>
          <unit/></amt>
        <item>Squares semi-sweet chocolate</item></ing>
      <ing>
        <amt>
          <qty>1</qty>
          <unit>tablespoon</unit></amt>
        <item>Butter</item></ing>
      <ing>
        <amt>
          <qty>1/4</qty>
          <unit>cups</unit></amt>
        <item>Sifted confectioners' sugar</item></ing>
      <ing>
        <amt>
          <qty>1</qty>
          <unit>teaspoon</unit></amt>
        <item>Hot water; up to 2</item></ing>
      <ing>
        <amt>
          <qty>1</qty>
          <unit>cup</unit></amt>
        <item>Vanilla pudding</item></ing>
      <ing>
        <amt>
          <qty>2</qty>
          <unit>medium</unit></amt>
        <item>Bananas; sliced</item></ing></ingredients>
    <directions>
      <step>  Cut frozen croissants in half lengthwise; leave together. Heat frozen
  croissants on ungreased baking sheet in preheated 325°F. oven 9-11 minutes.
  Melt chocolate and butter together. Stir in sugar and water to make
  spreadable glaze. Spread 1/4 cup pudding on each croissant bottom half. Top
  with sliced bananas. Replace croissant tops; drizzle on chocolate glaze.
  Serve.
  
  Busted by Barbra &lt;Barbra@TheOffice.net&gt;
  
  Recipe by: An old favorite with a new twist
  
  Posted to brand-name-recipes by Beach Princess&lt;barbra@pipeline.com&gt; on Jan
  22, 1998
 
</step></directions></recipe></recipeml>
