<?xml version="1.0" encoding="UTF-8"?>

<recipeml version="0.5">
  <recipe>
    <head>
      <title>Banana Drop Cookies</title>
      <categories>
        <cat/></categories>
      <yield>100</yield></head>
    <ingredients>
      <ing>
        <amt>
          <qty>12</qty>
          <unit/></amt>
        <item>EGGS SHELL</item></ing>
      <ing>
        <amt>
          <qty>3</qty>
          <unit>pounds</unit></amt>
        <item>BANANAS FRESH</item></ing>
      <ing>
        <amt>
          <qty>4</qty>
          <unit>pounds</unit></amt>
        <item>FLOUR GEN PURPOSE 10LB</item></ing>
      <ing>
        <amt>
          <qty>3</qty>
          <unit>pounds</unit></amt>
        <item>SUGAR; GRANULATED 10 LB</item></ing>
      <ing>
        <amt>
          <qty>1 1/2</qty>
          <unit>pounds</unit></amt>
        <item>SHORTENING; 3LB</item></ing>
      <ing>
        <amt>
          <qty>1/4</qty>
          <unit>cups</unit></amt>
        <item>BAKING POWDER</item></ing>
      <ing>
        <amt>
          <qty>2 1/4</qty>
          <unit>teaspoons</unit></amt>
        <item>BAKING SODA</item></ing>
      <ing>
        <amt>
          <qty>3</qty>
          <unit>tablespoons</unit></amt>
        <item>IMITATION VANILLA</item></ing>
      <ing>
        <amt>
          <qty>1</qty>
          <unit>ounce</unit></amt>
        <item>SALT TABLE 5LB</item></ing>
      <ing>
        <amt>
          <qty>PAN:</qty>
          <unit>18</unit></amt>
        <item>BY 24-INCH SHEET PAN                  TEMPERATURE:  400 F. OVEN</item></ing></ingredients>
    <directions>
      <step>  1.  PLACE INGREDIENTS IN MIXER BOWL IN ORDER LISTED.   MIX AT LOW SPEED
  1 TO 2 MINUTES OR UNTIL THOROUGHLY BLENDED. SCRAPE DOWN BOWL ONCE DURING
  MIXING.
  
  2.  DROP BY TABLESPOONS IN ROWS, 4 BY 6 ONTO LIGHTLY GREASED PANS.
  
  3.  BAKE ABOUT 12 MINUTES OR UNTIL DONE.
  
  4.  LOOSEN COOKIES FROM PAN WHILE STILL WARM.
  
  NOTE:  5 LB BANANAS A.P. (15 BANANAS) WILL YEILD 3 LB MASHED POTATOES.
  
  Recipe Number: H01100
  
  SERVING SIZE: 2 COOKIES
  
  From the &lt;Army Master Recipe Index File&gt; (actually used today!).
  Downloaded from Glen's MM Recipe Archive, http://www.erols.com/hosey.
 
</step></directions></recipe></recipeml>
