<?xml version="1.0" encoding="UTF-8"?>

<recipeml version="0.5">
  <recipe>
    <head>
      <title>Banana Choc Chip Muffins</title>
      <categories>
        <cat>Quickbreads</cat>
        <cat>Muffins</cat>
        <cat>Brunch</cat></categories>
      <yield>12</yield></head>
    <ingredients>
      <ing-div>
        <title>JUDY GARNETT - PJXG05A</title>
        <ing>
          <amt>
            <qty>2</qty>
            <unit/></amt>
          <item>Extra-ripe bananas</item></ing>
        <ing>
          <amt>
            <qty>2</qty>
            <unit/></amt>
          <item>Eggs</item></ing>
        <ing>
          <amt>
            <qty>1</qty>
            <unit>cup</unit></amt>
          <item>Brown sugar; packed</item></ing>
        <ing>
          <amt>
            <qty>1/2</qty>
            <unit>cups</unit></amt>
          <item>Butter; or marg., melted</item></ing>
        <ing>
          <amt>
            <qty>1</qty>
            <unit>teaspoon</unit></amt>
          <item>Vanilla</item></ing>
        <ing>
          <amt>
            <qty>2 1/4</qty>
            <unit>cups</unit></amt>
          <item>All-purpose flour</item></ing>
        <ing>
          <amt>
            <qty>2</qty>
            <unit>teaspoons</unit></amt>
          <item>Baking powder</item></ing>
        <ing>
          <amt>
            <qty>1/2</qty>
            <unit>teaspoons</unit></amt>
          <item>Ground cinnamon</item></ing>
        <ing>
          <amt>
            <qty>1/2</qty>
            <unit>teaspoons</unit></amt>
          <item>Salt</item></ing>
        <ing>
          <amt>
            <qty>1</qty>
            <unit>cup</unit></amt>
          <item>Chocolate chips</item></ing>
        <ing>
          <amt>
            <qty>1/2</qty>
            <unit>cups</unit></amt>
          <item>Walnuts; chopped</item></ing></ing-div></ingredients>
    <directions>
      <step>  Puree bananas in blender (1 cup). In med. bowl, beat pureed bananas, eggs,
  sugar, butter and vanilla until well blended. In large bowl, combine flour,
  baking powder, cinnamon and salt. Stir in choc. chips and nuts. Make well
  in center of dry ingredients. Pour in banana mixture. Mix until just
  blended. Spoon into well-greased 2 1/2-inch muffin cups. Bake in 350 deg.
  oven 25 to 30 minutes. Remove from pan. Makes about 12 muffins.
  Posted to MM-Recipes Digest V4 #318 by Jack Elvis &lt;jackelvis@moonlink.net&gt;
  on Dec 07, 1997
 
</step></directions></recipe></recipeml>
