<?xml version="1.0" encoding="UTF-8"?>

<recipeml version="0.5">
  <recipe>
    <head>
      <title>Banana Cream Brownie Squares</title>
      <categories>
        <cat>Brownies</cat></categories>
      <yield>20</yield></head>
    <ingredients>
      <ing>
        <amt>
          <qty>3/4</qty>
          <unit>cups</unit></amt>
        <item>Dry roasted peanuts, chopped</item></ing>
      <ing>
        <amt>
          <qty>1</qty>
          <unit>package</unit></amt>
        <item>(15 oz) brownie mix</item></ing>
      <ing>
        <amt>
          <qty>3</qty>
          <unit>medium</unit></amt>
        <item>Bananas</item></ing>
      <ing>
        <amt>
          <qty>1 1/4</qty>
          <unit>cups</unit></amt>
        <item>Cold milk</item></ing>
      <ing>
        <amt>
          <qty>1</qty>
          <unit>package</unit></amt>
        <item>(5.1 oz) instant vanilla pudding and pie filling</item></ing>
      <ing>
        <amt>
          <qty>1</qty>
          <unit/></amt>
        <item>Container (8 oz) frozen whipped topping, thawed</item></ing>
      <ing>
        <amt>
          <qty>9</qty>
          <unit/></amt>
        <item>Strawberries</item></ing>
      <ing>
        <amt>
          <qty>1</qty>
          <unit/></amt>
        <item>Square unsweetened baking chocolate</item></ing></ingredients>
    <directions>
      <step>  Preheat oven to 350. Chop peanuts. Prepare brownie mix according to package
  directions; stir in 1/2 cup of chopped peanuts. Pour into 9" square baking
  pan. Bake 24-27 minutes. Cool completely.
  
  Slice 2 bananas using egg slicer. Layer over brownie. In bowl, whisk
  pudding mix into milk; beat until mixture just begins to thicken. Fold in 2
  1/2 cups whipped topping. Quickly spread pudding mixture over sliced
  bananas. Refrigerate 30 minutes. Sprinkle remaining 1/4 cup peanuts over
  top of pudding mixture. Garnish with remaining whipped topping. To serve,
  cut into squares; pipe with whipped topping. Grate chocolate over dessert.
  Slice remaining banana and strawberries. Top each square with banana and
  strawberry slices.
  Recipe by: The Pampered Chef Posted to MC-Recipe Digest V1 #619 by Terilynn
  Sanford &lt;terily@tenet.edu&gt; on May 23, 1997
 
</step></directions></recipe></recipeml>
