<?xml version="1.0" encoding="UTF-8"?>

<recipeml version="0.5">
  <recipe>
    <head>
      <title>Banana Cream Pie</title>
      <categories>
        <cat>Pies</cat>
        <cat>Desserts</cat>
        <cat>Fruits</cat></categories>
      <yield>1 9</yield></head>
    <ingredients>
      <ing>
        <amt>
          <qty>1</qty>
          <unit/></amt>
        <item>9 inch baked pastry shell</item></ing>
      <ing>
        <amt>
          <qty>3</qty>
          <unit>tablespoons</unit></amt>
        <item>Cornstarch</item></ing>
      <ing>
        <amt>
          <qty>1 2/3</qty>
          <unit>cups</unit></amt>
        <item>Water</item></ing>
      <ing>
        <amt>
          <qty>1</qty>
          <unit>can</unit></amt>
        <item>14 oz Eagle Sweetened Conden</item></ing>
      <ing>
        <amt>
          <qty/>
          <unit/></amt>
        <item>Milk, Not Evaporated Milk</item></ing>
      <ing>
        <amt>
          <qty>3</qty>
          <unit/></amt>
        <item>Egg yolks, beaten</item></ing>
      <ing>
        <amt>
          <qty>2</qty>
          <unit>tablespoons</unit></amt>
        <item>Margarine or butter</item></ing>
      <ing>
        <amt>
          <qty>1</qty>
          <unit>teaspoon</unit></amt>
        <item>Vanilla extract</item></ing>
      <ing>
        <amt>
          <qty>3</qty>
          <unit>medium</unit></amt>
        <item>Bananas, sliced and dipped</item></ing>
      <ing>
        <amt>
          <qty/>
          <unit/></amt>
        <item>In Realemon lemon juice and</item></ing>
      <ing>
        <amt>
          <qty/>
          <unit/></amt>
        <item>Drained</item></ing>
      <ing>
        <amt>
          <qty/>
          <unit/></amt>
        <item>Whipped cream for topping</item></ing></ingredients>
    <directions>
      <step>  In heavy saucepan, dissolve cornstarch in water; stir in sweetened
  condensed milk and egg yolks.  Cook and stir until thickened and bubbly.
  Remove from heat; add margarine and vanilla. Cool slightly. Arrange 2
  bananas on bottom of prepared pastry shell.  Pour filling over bananas;
  cover.  Chill 4 hours or until set. Spread top with whipped cream; garnish
  with remaining banana slices. Refrigerate leftovers.
 
</step></directions></recipe></recipeml>
