<?xml version="1.0" encoding="UTF-8"?>

<recipeml version="0.5">
  <recipe>
    <head>
      <title>Banana Chocolate Chip Muffin Recipe</title>
      <categories>
        <cat>None</cat></categories>
      <yield>48</yield></head>
    <ingredients>
      <ing-div>
        <title/>
        <ing>
          <amt>
            <qty>8</qty>
            <unit>cups</unit></amt>
          <item>All Purpose Flour</item></ing>
        <ing>
          <amt>
            <qty>1</qty>
            <unit>tablespoon</unit></amt>
          <item>Baking Powder</item></ing>
        <ing>
          <amt>
            <qty>1 1/2</qty>
            <unit>teaspoons</unit></amt>
          <item>Baking Soda</item></ing>
        <ing>
          <amt>
            <qty>1 1/2</qty>
            <unit>teaspoons</unit></amt>
          <item>Kosher Salt</item></ing>
        <ing>
          <amt>
            <qty>1</qty>
            <unit>pound</unit></amt>
          <item>Unsalted Butter</item></ing>
        <ing>
          <amt>
            <qty>2</qty>
            <unit>cups</unit></amt>
          <item>Brown Sugar</item></ing>
        <ing>
          <amt>
            <qty>8</qty>
            <unit>cups</unit></amt>
          <item>Mashed Bananas</item></ing>
        <ing>
          <amt>
            <qty>8</qty>
            <unit>large</unit></amt>
          <item>Eggs</item></ing>
        <ing>
          <amt>
            <qty>1 1/3</qty>
            <unit>cups</unit></amt>
          <item>Vit. D Milk</item></ing>
        <ing>
          <amt>
            <qty>1</qty>
            <unit>tablespoon</unit></amt>
          <item>Real Vanilla</item></ing>
        <ing>
          <amt>
            <qty>3</qty>
            <unit>cups</unit></amt>
          <item>Chocolate Chips</item></ing></ing-div>
      <ing-div>
        <title>OPTIONAL</title>
        <ing>
          <amt>
            <qty>3</qty>
            <unit>cups</unit></amt>
          <item>Walnuts</item></ing></ing-div></ingredients>
    <directions>
      <step>  This recipe is a Yield of 48 each Muffins Wow! Recipe Origanated:
  Scottsdale Culinary Institute
  
  1. Scale/Measure all ingredients.
  
  2. Sift the dry &amp; mix together in a large bowl.(including sugar)
  
  3. Cut in the Fat (butter) until it resembles a coarse cornmeal.
  
  4. In another bowl combine all wet ingredients. (including eggs)
  
  5. add all wet to the dry, Mix JUST UNTIL INCORPARATED!
  
  6. place in muffin tin, 1/2-3/4 way up each tin.
  
  Bake at 375*
  
  Yummy...Yummy Please note that you can cut the recipe in half with no
  problem, I have never cut in by 1/4.
  
  Posted to recipelu-digest Volume 01 Number 477 by CuisineArt
  &lt;CuisineArt@aol.com&gt; on Jan 8, 1998
 
</step></directions></recipe></recipeml>
