<?xml version="1.0" encoding="UTF-8"?>

<recipeml version="0.5">
  <recipe>
    <head>
      <title>Banana Coconut Rum Cream Liqueur</title>
      <categories>
        <cat>Liquor</cat>
        <cat>Mixes</cat>
        <cat>Gifts</cat>
        <cat>Beverages</cat></categories>
      <yield>1</yield></head>
    <ingredients>
      <ing>
        <amt>
          <qty>2</qty>
          <unit/></amt>
        <item>Ripe bananas; mashed (about one cup)</item></ing>
      <ing>
        <amt>
          <qty>2</qty>
          <unit>teaspoons</unit></amt>
        <item>Coconut extract</item></ing>
      <ing>
        <amt>
          <qty>1 1/2</qty>
          <unit>cups</unit></amt>
        <item>Rum</item></ing>
      <ing>
        <amt>
          <qty>1/2</qty>
          <unit>cups</unit></amt>
        <item>Vodka</item></ing>
      <ing>
        <amt>
          <qty>1/2</qty>
          <unit>cups</unit></amt>
        <item>Sweetened condensed milk</item></ing>
      <ing>
        <amt>
          <qty>1/2</qty>
          <unit>cups</unit></amt>
        <item>Evaporated milk</item></ing>
      <ing>
        <amt>
          <qty>1</qty>
          <unit>cup</unit></amt>
        <item>Cream of coconut</item></ing></ingredients>
    <directions>
      <step>  Mash bananas and blend in blender with coconut extract, rum, and vodka. Add
  milks and blend at low speed for one minute. Add cream of coconut or
  coconut milk and pulse stir for one minute (use lowest speed on blender and
  turn on-off eight times.) Makes about four cups.
  Posted to recipelu-digest by "bunny" &lt;layla696@ix.netcom.com&gt; on Feb 26,
  1998
 
</step></directions></recipe></recipeml>
