<?xml version="1.0" encoding="UTF-8"?>

<recipeml version="0.5">
  <recipe>
    <head>
      <title>Banana Cream Pudding</title>
      <categories>
        <cat/></categories>
      <yield>100</yield></head>
    <ingredients>
      <ing>
        <amt>
          <qty>8 3/4</qty>
          <unit>quarts</unit></amt>
        <item>WATER; COLD</item></ing>
      <ing>
        <amt>
          <qty>1 7/8</qty>
          <unit>pounds</unit></amt>
        <item>MILK; DRY NON-FAT L HEAT</item></ing>
      <ing>
        <amt>
          <qty>6 1/2</qty>
          <unit>pounds</unit></amt>
        <item>BANANAS FRESH</item></ing>
      <ing>
        <amt>
          <qty>6 7/8</qty>
          <unit>pounds</unit></amt>
        <item>DSRT PWD VANILLA</item></ing>
      <ing>
        <amt>
          <qty>PAN:</qty>
          <unit>12</unit></amt>
        <item>BY 20 BY 2 1/2-INCH STEAM TABLE PAN</item></ing></ingredients>
    <directions>
      <step>  :
  
  1.  RECONSTITUTE MILK. CHILL TO 50 F. PLACE IN MIXER BOWL.
  
  2.  ADD DESSERT POWDER. USING WHIP, BLEND AT LOW SPEED 15 SECONDS OR
  UNTIL WELL BLENDED.  SCRAPE SIDES AND BOTTOM OF BOWL; WHIP AT MEDIUM
  SPEED 2 MINUTES OR UNTIL SMOOTH.
  
  3.  USE 1/4 INCH SLICED, PEELED BANANAS.  TO PREVENT DISCOLORATION, SLICE
  BANANAS JUST BEFORE ADDING TO PUDDING.  FOLD BANANAS INTO EACH PAN.
  
  4.  REFRIGERATE AT LEAST 1 HOUR OR UNTIL READY TO SERVE.
  
  Recipe Number: J02101
  
  SERVING SIZE: 1/2 CUP
  
  From the &lt;Army Master Recipe Index File&gt; (actually used today!).
  Downloaded from Glen's MM Recipe Archive, http://www.erols.com/hosey.
 
</step></directions></recipe></recipeml>
