<?xml version="1.0" encoding="UTF-8"?>

<recipeml version="0.5">
  <recipe>
    <head>
      <title>Banana Cream Pie #1</title>
      <categories>
        <cat>Pie</cat></categories>
      <yield>8</yield></head>
    <ingredients>
      <ing-div>
        <title>CRUST</title>
        <ing>
          <amt>
            <qty>1 1/2</qty>
            <unit>cups</unit></amt>
          <item>Low-fat graham cracker crumbs</item></ing>
        <ing>
          <amt>
            <qty>2</qty>
            <unit>tablespoons</unit></amt>
          <item>Oil</item></ing></ing-div>
      <ing-div>
        <title>FILLING</title>
        <ing>
          <amt>
            <qty>1</qty>
            <unit>can</unit></amt>
          <item>(15-oz) lemon pie filling</item></ing>
        <ing>
          <amt>
            <qty>1</qty>
            <unit>can</unit></amt>
          <item>(14-oz) fat-free sweetened condensed milk</item></ing>
        <ing>
          <amt>
            <qty>1</qty>
            <unit/></amt>
          <item>Box (3.375-oz) fat-free vanilla pudding</item></ing>
        <ing>
          <amt>
            <qty>1</qty>
            <unit>cup</unit></amt>
          <item>Cool Whip Lite</item></ing>
        <ing>
          <amt>
            <qty>2</qty>
            <unit/></amt>
          <item>Bananas; sliced</item></ing></ing-div></ingredients>
    <directions>
      <step>  Date: Sun, 3 Mar 1996 13:08:41 -0700
  
  From: matejka@bga.com (Anita A. Matejka)
  
  Recipe By: Comstock: Makin' It Easy Recipes
  Preheat oven to 350. Prepare a 9" pie pan with cooking spray and flour; set
  aside. To prepare crust, combine graham cracker crumbs and oil. Press into
  prepared pan.  Bake for 10 minutes or until edges are brown. Meanwhile, to
  prepare filling, combine lemon pie filling, condensed milk, pudding mix,
  and whipped topping in a mixing bowl. Arrange a layer of bananas over
  crust. Top with half of filling. Repeat with second layer of bananas and
  filling. Refrigerate 10 minutes or until ready to serve.
  
  Per serving: 573 Calories; 9g Fat (15% calories from fat); 10g Protein;
  112g Carbohydrate; 70mg Cholesterol; 422mg Sodium
  
  NOTES : If desired, garnish with additional whipped topping and banana
  slices dipped in lemon juice.
  
  MC-RECIPE@MASTERCOOK.COM
  
  MASTERCOOK RECIPES LIST SERVER
  
  From the MasterCook recipe list.  Downloaded from Glen's MM Recipe Archive,
  http://www.erols.com/hosey.
 
</step></directions></recipe></recipeml>
