<?xml version="1.0" encoding="UTF-8"?>

<recipeml version="0.5">
  <recipe>
    <head>
      <title>Banana Devil's Food Tube Cake</title>
      <categories>
        <cat>Box cakes</cat>
        <cat>Bundt</cat>
        <cat>Chocolate</cat></categories>
      <yield>12</yield></head>
    <ingredients>
      <ing>
        <amt>
          <qty>1</qty>
          <unit>package</unit></amt>
        <item>Devils food cake mix</item></ing>
      <ing>
        <amt>
          <qty>1</qty>
          <unit>package</unit></amt>
        <item>Chocolate instant pudding sm</item></ing>
      <ing>
        <amt>
          <qty>1/2</qty>
          <unit>cups</unit></amt>
        <item>Flour</item></ing>
      <ing>
        <amt>
          <qty>1 1/4</qty>
          <unit>cups</unit></amt>
        <item>Water</item></ing>
      <ing>
        <amt>
          <qty>4</qty>
          <unit/></amt>
        <item>Eggs</item></ing>
      <ing>
        <amt>
          <qty>1/2</qty>
          <unit>cups</unit></amt>
        <item>Oil</item></ing>
      <ing>
        <amt>
          <qty>3</qty>
          <unit/></amt>
        <item>Bananas large</item></ing></ingredients>
    <directions>
      <step>  * peel and mash bananas ***********************************************
  Preheat oven to 350^F. Grease 10 inch tube pan. Combine cake mix, pudding,
  and flour in a large mixing bowl. Add water, eggs, and oil: blend, then
  beat for 2 minutes at medium speed. Stir in bananas. Turn batter into pan.
  Bake for 60 - 70 minutes or until tested done. Cool for 1 hour in pan.
  
  From Gemini's MASSIVE MealMaster collection at www.synapse.com/~gemini
 
</step></directions></recipe></recipeml>
