<?xml version="1.0" encoding="UTF-8"?>

<recipeml version="0.5">
  <recipe>
    <head>
      <title>Banana Chip Streusel Loaf</title>
      <categories>
        <cat>Not</cat>
        <cat>Sent</cat></categories>
      <yield>12</yield></head>
    <ingredients>
      <ing-div>
        <title/>
        <ing>
          <amt>
            <qty>1/2</qty>
            <unit>cups</unit></amt>
          <item>Firmly packed brown sugar</item></ing>
        <ing>
          <amt>
            <qty>1/3</qty>
            <unit>cups</unit></amt>
          <item>Margarine, softened</item></ing>
        <ing>
          <amt>
            <qty>1/2</qty>
            <unit>cups</unit></amt>
          <item>Egg substitute</item></ing>
        <ing>
          <amt>
            <qty>1</qty>
            <unit>teaspoon</unit></amt>
          <item>Vanilla</item></ing>
        <ing>
          <amt>
            <qty>2</qty>
            <unit>medium</unit></amt>
          <item>Ripe bananas, mashed</item></ing>
        <ing>
          <amt>
            <qty>1 1/2</qty>
            <unit>cups</unit></amt>
          <item>All-purpose flour</item></ing>
        <ing>
          <amt>
            <qty>1/2</qty>
            <unit>cups</unit></amt>
          <item>Cream of Wheat</item></ing>
        <ing>
          <amt>
            <qty>1</qty>
            <unit>tablespoon</unit></amt>
          <item>Baking powder</item></ing></ing-div>
      <ing-div>
        <title>STREUSEL TOPPING</title>
        <ing>
          <amt>
            <qty>1</qty>
            <unit>tablespoon</unit></amt>
          <item>Cream of Wheat</item></ing>
        <ing>
          <amt>
            <qty>1</qty>
            <unit>tablespoon</unit></amt>
          <item>Sugar</item></ing>
        <ing>
          <amt>
            <qty>1</qty>
            <unit>tablespoon</unit></amt>
          <item>All-purpose flour</item></ing>
        <ing>
          <amt>
            <qty>1</qty>
            <unit>tablespoon</unit></amt>
          <item>Margarine</item></ing>
        <ing>
          <amt>
            <qty>1/2</qty>
            <unit>teaspoons</unit></amt>
          <item>Ground cinnamon</item></ing>
        <ing>
          <amt>
            <qty>1/4</qty>
            <unit>cups</unit></amt>
          <item>Miniature chocolate chips</item></ing></ing-div></ingredients>
    <directions>
      <step>  In large bowl, with electric mixer at medium speed, beat sugar and
  margarine until creamy. Mix in egg substitute and vanilla. Beat in banana
  until almost smooth. Combine flour, cereal and baking powder; stir into
  banana mixture just until moistened. Spread batter into greased and floured
  8 1/2x4 1/2x2 1/2-inch loaf pan; sprinkle with Streusel Topping. Bake at
  350° for 50-60 minutes or until toothpick inserted in center comes out
  clean. Cool in pan 10 minutes. Remove from pan; cool completely on wire
  rack. Drizzle with powdered sugar glaze, if desired.
  
  Streusel Topping: Combine cereal, sugar and flour. Cut in margarine until
  crumbly. Stir in cinnamon and chips.
  
  Recipe by: Cream of Wheat Kitchen Posted to MC-Recipe Digest V1 #610 by The
  Taillons &lt;taillon@access.mountain.net&gt; on May 13, 1997
 
</step></directions></recipe></recipeml>
