<?xml version="1.0" encoding="UTF-8"?>

<recipeml version="0.5">
  <recipe>
    <head>
      <title>Bacon Lettuce and Tomato Sandwich</title>
      <categories>
        <cat/></categories>
      <yield>100</yield></head>
    <ingredients>
      <ing>
        <amt>
          <qty>12</qty>
          <unit>pounds</unit></amt>
        <item>BACON;SLICED FZ</item></ing>
      <ing>
        <amt>
          <qty>10</qty>
          <unit>pounds</unit></amt>
        <item>TOMATOES FRESH</item></ing>
      <ing>
        <amt>
          <qty>5</qty>
          <unit>pounds</unit></amt>
        <item>LETTUCE FRESH</item></ing>
      <ing>
        <amt>
          <qty>200</qty>
          <unit>slices</unit></amt>
        <item>BREAD SNDWICH 22OZ #51</item></ing>
      <ing>
        <amt>
          <qty>2</qty>
          <unit>pounds</unit></amt>
        <item>SALAD DRESSING #2 1/2</item></ing></ingredients>
    <directions>
      <step>  1.  PREPARE BACON ACCORDING TO DIRECTIONS ON RECIPE NOS. L00200 OR L00202.
  
  2.  PLACE 2 SLICES BACON AND 2 SLICES TOMATO AND LETTUCE LEAF AND 2 SLICES
  BACON ON 1 SLICE OF TOAST; SPREAD SECOND SLICE OF TOAST WITH ABOUT 2 TSP
  SALAD DRESSING.  TOP WITH SECOND SLICE OF TOAST.
  
  3.  CUT EACH SANDWICH IN HALF, SERVE IMMEDIATELY.
  :
  **ALL NOTES ARE PER 100 PORTIONS.
  
  NOTE:  1.  IN STEP 1, BACON MAY BE COOKED IN A MICROWAVE OVEN. COOK BACON
  ACCORDING TO EQUIPMENT MANUFACTURER'S DIRECTIONS.
  
  NOTE:  2.  IN STEP 2, 10 LB 3 OZ FRESH TOMATOES A.P. WILL YIELD 10 LB
  SLICED
  TOMATOES AND 5 LB 6 OZ FRESH LETTUCE A.P. WILL YIELD 5 LB TRIMMED LETTUCE.
  
  NOTE:  3.  FOR BEST RESULTS, SANDWICHES SHOULD BE PREPARED IN 25 PORTION
  BATCHES.
  
  NOTE:  4.  OTHERS TYPES OF BREAD MAY BE USED FOR SANDWICHES. DO NOT TOAST
  RYE
  OR PUMPERNICKEL BREADS.
  
  NOTE:  5.  IN STEP 2, 13 LB 8 OZ ROUND TOP SLICED BREAD MAY BE USED FOR
  SANDWICH SLICED BREAD.
  
  Recipe Number: N00102
  
  SERVING SIZE: 1 SANDWICH
  
  From the &lt;Army Master Recipe Index File&gt; (actually used today!).
  Downloaded from Glen's MM Recipe Archive, http://www.erols.com/hosey.
 
</step></directions></recipe></recipeml>
