<?xml version="1.0" encoding="UTF-8"?>

<recipeml version="0.5">
  <recipe>
    <head>
      <title>Bacon Potato Soup</title>
      <categories>
        <cat>Vegetables</cat>
        <cat>Microwave</cat>
        <cat>Soups/stews</cat></categories>
      <yield>6</yield></head>
    <ingredients>
      <ing>
        <amt>
          <qty>4</qty>
          <unit>cups</unit></amt>
        <item>Diced potatoes</item></ing>
      <ing>
        <amt>
          <qty>1</qty>
          <unit/></amt>
        <item>Jar; (12-oz) bacon pieces</item></ing>
      <ing>
        <amt>
          <qty>1</qty>
          <unit/></amt>
        <item>Chopped onion</item></ing>
      <ing>
        <amt>
          <qty>4</qty>
          <unit>tablespoons</unit></amt>
        <item>Butter/margarine</item></ing>
      <ing>
        <amt>
          <qty>1</qty>
          <unit>cup</unit></amt>
        <item>Chopped celery</item></ing>
      <ing>
        <amt>
          <qty>1</qty>
          <unit>cup</unit></amt>
        <item>Chicken broth</item></ing>
      <ing>
        <amt>
          <qty>1</qty>
          <unit/></amt>
        <item>Sliced carrot</item></ing>
      <ing>
        <amt>
          <qty>2</qty>
          <unit>cups</unit></amt>
        <item>Milk</item></ing></ingredients>
    <directions>
      <step>  In 3 quart casserole, combine 1st 7 ingredinets. Cover loosely with plastic
  wrap. Microwave on high 13-15 minutes or until potatoes are tender;
  stirring once. Stir in milk, salt and pepper. Recover. Cook at high 8
  minutes or until heated through.
  
  Posted to recipelu-digest by "bunny" &lt;layla696@ix.netcom.com&gt; on Feb 26,
  1998
 
</step></directions></recipe></recipeml>
