<?xml version="1.0" encoding="UTF-8"?>

<recipeml version="0.5">
  <recipe>
    <head>
      <title>Bacon Soup - Cawl Cig Moch</title>
      <categories>
        <cat>Soups</cat>
        <cat>British</cat></categories>
      <yield>1</yield></head>
    <ingredients>
      <ing>
        <amt>
          <qty>150</qty>
          <unit>grams</unit></amt>
        <item>Bacon, lean rashers</item></ing>
      <ing>
        <amt>
          <qty>1</qty>
          <unit>medium</unit></amt>
        <item>Potato</item></ing>
      <ing>
        <amt>
          <qty>2</qty>
          <unit/></amt>
        <item>Leeks</item></ing>
      <ing>
        <amt>
          <qty>1</qty>
          <unit/></amt>
        <item>Celery, stack</item></ing>
      <ing>
        <amt>
          <qty>1</qty>
          <unit/></amt>
        <item>Egg</item></ing>
      <ing>
        <amt>
          <qty>600</qty>
          <unit>mililiters</unit></amt>
        <item>Water</item></ing>
      <ing>
        <amt>
          <qty>600</qty>
          <unit>mililiters</unit></amt>
        <item>Milk</item></ing>
      <ing>
        <amt>
          <qty>2</qty>
          <unit>teaspoons</unit></amt>
        <item>Parsley, chopped</item></ing>
      <ing>
        <amt>
          <qty/>
          <unit/></amt>
        <item>Salt &amp; pepper</item></ing></ingredients>
    <directions>
      <step>  Remove the rind from the bacon. Dice the bacon. Peel and cut up the potato
  and leeks. Slice the celery. Place the bacon and vegetables with the water
  in the saucepan. Season. Cover and simmer for 30 minutes. Separate the egg
  yolk from the white and mix the yolk with the milk. Remove the saucepan
  from the heat and stir in the egg yolk and milk. Reheat for 2-3 minutes but
  do not boil. Serve sprinkled with parsley.
 
</step></directions></recipe></recipeml>
