<?xml version="1.0" encoding="UTF-8"?>

<recipeml version="0.5">
  <recipe>
    <head>
      <title>Bacon Scallops</title>
      <categories>
        <cat>Scallops</cat>
        <cat>Appetizers</cat></categories>
      <yield>4</yield></head>
    <ingredients>
      <ing>
        <amt>
          <qty>10</qty>
          <unit/></amt>
        <item>Bacon slices</item></ing>
      <ing>
        <amt>
          <qty>20</qty>
          <unit>large</unit></amt>
        <item>Sea scallops</item></ing>
      <ing>
        <amt>
          <qty>1</qty>
          <unit>cup</unit></amt>
        <item>Whipping cream</item></ing>
      <ing>
        <amt>
          <qty>2</qty>
          <unit>tablespoons</unit></amt>
        <item>Dijon mustard</item></ing>
      <ing>
        <amt>
          <qty>2</qty>
          <unit>tablespoons</unit></amt>
        <item>Pure maple syrup</item></ing>
      <ing>
        <amt>
          <qty/>
          <unit/></amt>
        <item>Snipped fresh chives</item></ing></ingredients>
    <directions>
      <step>  1. Preheat oven to 350-degrees.
  
  2. Arrange bacon slices on baking sheet. Bake until pale golden, about 8
  minutes.
  
  3. Cut each slice crosswise in half. Cool.
  
  4. Wrap 1 bacon piece around sides of each scallop and secure with a
  toothpick.
  
  5. Preheat oven to 400-degrees. Place scallops on baking sheet and bake
  until cooked through, about 10 minutes.
  
  6. Meanwhile, boil cream in heavy large skillet until reduced to 3/4 c.,
  about 3 minutes.
  
  7. Add mustard and syrup and boil until thickened to sauce consistency,
  about 3 minutes. Season to taste with salt and pepper.
  
  8. Remove toothpicks from scallops. Spoon sauce evenly onto 4 small plates.
  Arrange scallops decoratively atop sauce.
  
  9. Sprinkle with chives and serve.
  Posted to recipelu-digest Volume 01 Number 382 by RecipeLu
  &lt;recipelu@geocities.com&gt; on Dec 18, 1997
 
</step></directions></recipe></recipeml>
