<?xml version="1.0" encoding="UTF-8"?>

<recipeml version="0.5">
  <recipe>
    <head>
      <title>Bacon Stuffed Cornish Game Hens (Microwave)</title>
      <categories>
        <cat>Poultry</cat>
        <cat>Microwave</cat>
        <cat>Ceideburg 2</cat></categories>
      <yield>2</yield></head>
    <ingredients>
      <ing>
        <amt>
          <qty>5</qty>
          <unit>slices</unit></amt>
        <item>Bacon, diced</item></ing>
      <ing>
        <amt>
          <qty>1/4</qty>
          <unit>cups</unit></amt>
        <item>Chopped onion</item></ing>
      <ing>
        <amt>
          <qty>1/4</qty>
          <unit>cups</unit></amt>
        <item>Thinly sliced celery</item></ing>
      <ing>
        <amt>
          <qty>2/3</qty>
          <unit>cups</unit></amt>
        <item>Seasoned stuffing mix</item></ing>
      <ing>
        <amt>
          <qty>1</qty>
          <unit>teaspoon</unit></amt>
        <item>Parsley flakes</item></ing>
      <ing>
        <amt>
          <qty>1/4</qty>
          <unit>teaspoons</unit></amt>
        <item>Salt</item></ing>
      <ing>
        <amt>
          <qty>1/8</qty>
          <unit>teaspoons</unit></amt>
        <item>Pepper</item></ing>
      <ing>
        <amt>
          <qty>2</qty>
          <unit/></amt>
        <item>Cornish game hens</item></ing>
      <ing>
        <amt>
          <qty>1</qty>
          <unit>tablespoon</unit></amt>
        <item>Butter</item></ing>
      <ing>
        <amt>
          <qty>2</qty>
          <unit>tablespoons</unit></amt>
        <item>Bouquet sauce</item></ing></ingredients>
    <directions>
      <step>  In a 1 quart casserole microwave bacon at high for 4 to 5 minutes or
  until crisp.  Remove to paper towels.  Drain fat, reserving 3
  tablespoons. Add onion and celery to fat in casserole.  Microwave at
  high for 2 to 4 minutes or until tender.  Stir in bacon, stuffing
  mix, parsley flakes, salt and pepper.  Fill hens with stuffing.
  Place breast side down on roasting rack. Set aside.
  
  In 1 cup measure, melt butter at high for 30 to 60 seconds.  Blend in
  bouquet sauce.  Brush hens with 1/4 of the mixture.  Cover with waxed
  paper.  Microwave at high for 8 minutes.  Turn over; brush with
  remaining mixture; cover.  Microwave at high for 7 1/2 to 9 1/2
  minutes, or until legs move freely and juices run clear.  Let stand
  tented for 5 minutes. Total microwave time:  22 to 27 1/2 minutes.
  Standing time:  5 minutes.
  
  The stuffing can be prepared on a conventional stove and used with
  chicken.
  
  Posted by Stephen Ceideberg; August 6 1992.
  
  File ftp://ftp.idiscover.co.uk/pub/food/mealmaster/recipes/cberg2.zip
 
</step></directions></recipe></recipeml>
