<?xml version="1.0" encoding="UTF-8"?>

<recipeml version="0.5">
  <recipe>
    <head>
      <title>Bacon Wrapped Artichokes with Dijon Cream Sauce</title>
      <categories>
        <cat>*</cat>
        <cat>The main co</cat>
        <cat>Appetizers</cat></categories>
      <yield>40</yield></head>
    <ingredients>
      <ing>
        <amt>
          <qty>5</qty>
          <unit/></amt>
        <item>Artichoke bottoms; 1-14 oz. can,drained</item></ing>
      <ing>
        <amt>
          <qty>10</qty>
          <unit>slices</unit></amt>
        <item>Bacon</item></ing>
      <ing>
        <amt>
          <qty>3</qty>
          <unit>tablespoons</unit></amt>
        <item>Dijon mustard</item></ing>
      <ing>
        <amt>
          <qty>1/4</qty>
          <unit>cups</unit></amt>
        <item>Half and half; or heavy cream</item></ing></ingredients>
    <directions>
      <step>  Preheat oven to 400 degrees. Cut each artichoke bottom into 8 equal pie
  shaped wedges. Cut each bacon slice into fourths. Wrap a piece of bacon
  around each artichoke wedge and secure with a toothpick. Place on a cookie
  sheet and bake for 20-30 mins or until the bacon is crisp. Drain
  thoroughly. Combine the mustard and the cream and serve as a dipping sauce.
  
  Source-The Main Corpse by Diane Mott Davidson
  
  Recipe by: Diane Mott Davidson, The Main Corpse
  
  Posted to MC-Recipe Digest V1 #930 by Carol &amp; Bob Floyd
  &lt;c.floyd@arnprior.com&gt; on Nov 28, 1997
 
</step></directions></recipe></recipeml>
