<?xml version="1.0" encoding="UTF-8"?>

<recipeml version="0.5">
  <recipe>
    <head>
      <title>Bacon Wrapped Smoky Links</title>
      <categories>
        <cat>None</cat></categories>
      <yield>1</yield></head>
    <ingredients>
      <ing>
        <amt>
          <qty>1</qty>
          <unit>pound</unit></amt>
        <item>Bacon</item></ing>
      <ing>
        <amt>
          <qty>1</qty>
          <unit>package</unit></amt>
        <item>Cocktail smoky links</item></ing>
      <ing>
        <amt>
          <qty>1</qty>
          <unit>pound</unit></amt>
        <item>Dark brown sugar</item></ing></ingredients>
    <directions>
      <step>  1. Cut bacon slices into thirds.
  
  2. Wrap a piece of bacon around a smoky link. Secure bacon around smoky
  like with a toothpick.
  
  3. Put wrapped bacon slices with toothpicks into a casserole dish. Cover
  with brown sugar and refrigerate overnight.
  
  4. Bake at 350 degrees F. for 45 to 60 minutes.
  
  Source: Per Roberta Brisson, my girlfriend, JoAnn P.
  
  Posted to recipelu-digest by QueenBerta@aol.com on Feb 3, 1998
 
</step></directions></recipe></recipeml>
