<?xml version="1.0" encoding="UTF-8"?>

<recipeml version="0.5">
  <recipe>
    <head>
      <title>Bacon Rice Stuffing</title>
      <categories>
        <cat>Poultry</cat></categories>
      <yield>12</yield></head>
    <ingredients>
      <ing>
        <amt>
          <qty>4</qty>
          <unit>cups</unit></amt>
        <item>Cooked long grain rice*</item></ing>
      <ing>
        <amt>
          <qty>2</qty>
          <unit>cups</unit></amt>
        <item>Chopped celery</item></ing>
      <ing>
        <amt>
          <qty>1/4</qty>
          <unit>cups</unit></amt>
        <item>Chopped fresh parsley; -OR- Dried parsley</item></ing>
      <ing>
        <amt>
          <qty>1/3</qty>
          <unit>cups</unit></amt>
        <item>Butter; melted</item></ing>
      <ing>
        <amt>
          <qty>1/4</qty>
          <unit>cups</unit></amt>
        <item>White wine or chicken broth</item></ing>
      <ing>
        <amt>
          <qty>1</qty>
          <unit>medium</unit></amt>
        <item>Onion; chopped</item></ing>
      <ing>
        <amt>
          <qty>1</qty>
          <unit>pound</unit></amt>
        <item>Bacon; crisply cooked cut into 1" pieces</item></ing>
      <ing>
        <amt>
          <qty>1/4</qty>
          <unit>teaspoons</unit></amt>
        <item>Salt</item></ing>
      <ing>
        <amt>
          <qty>1/4</qty>
          <unit>teaspoons</unit></amt>
        <item>Pepper</item></ing></ingredients>
    <directions>
      <step>  In a large bowl, stir together all ingredients.  Use to stuff a 12 to 14
  lb. turkey.  Or, prepare HALF the recipe for a 4 to 5 lb. chicken, duck,
  goose or 3 game hens. *Cooked wild rice can be substituted for all or part
  of the long grain rice. To Prepare Cornish Hens: Prepare HALF the above
  recipe. Clean and stuff 2 or 3 hens with the stuffing. Melt about 1/2 cube
  butter.  Put the hens in a small roasting pan or baking dish. Preheat the
  oven to 375 degrees. Pour butter over top of hens. Bake for 1 to 1 1/4
  hours at 375 degrees, or until done to your liking, basting frequently with
  butter/juices.  Serve hot with fresh green vegetables.
  
  From Gemini's MASSIVE MealMaster collection at www.synapse.com/~gemini
 
</step></directions></recipe></recipeml>
