<?xml version="1.0" encoding="UTF-8"?>

<recipeml version="0.5">
  <recipe>
    <head>
      <title>Bacon Horseradish Burger Topping</title>
      <categories>
        <cat>Meats</cat></categories>
      <yield>1</yield></head>
    <ingredients>
      <ing>
        <amt>
          <qty>1</qty>
          <unit>cup</unit></amt>
        <item>Mayonnaise</item></ing>
      <ing>
        <amt>
          <qty>2</qty>
          <unit>tablespoons</unit></amt>
        <item>Prepared horseradish</item></ing>
      <ing>
        <amt>
          <qty>2</qty>
          <unit>tablespoons</unit></amt>
        <item>Real bacon bits</item></ing></ingredients>
    <directions>
      <step>  Combine all ingredients. Serve on beef, poultry or seafood.
  
  File ftp://ftp.idiscover.co.uk/pub/food/mealmaster/recipes/mmkah001.zip
 
</step></directions></recipe></recipeml>
