<?xml version="1.0" encoding="UTF-8"?>

<recipeml version="0.5">
  <recipe>
    <head>
      <title>Bacon Fried Rice</title>
      <categories>
        <cat>Rice</cat></categories>
      <yield>4</yield></head>
    <ingredients>
      <ing>
        <amt>
          <qty>1/2</qty>
          <unit>pounds</unit></amt>
        <item>Raw bacon; cut in 1/2" pieces</item></ing>
      <ing>
        <amt>
          <qty>2</qty>
          <unit/></amt>
        <item>Eggs</item></ing>
      <ing>
        <amt>
          <qty>3</qty>
          <unit>tablespoons</unit></amt>
        <item>Vegetable oil</item></ing>
      <ing>
        <amt>
          <qty>3</qty>
          <unit>cups</unit></amt>
        <item>Cold cooked rice</item></ing>
      <ing>
        <amt>
          <qty>1 1/2</qty>
          <unit>tablespoons</unit></amt>
        <item>Soy sauce</item></ing>
      <ing>
        <amt>
          <qty>1/4</qty>
          <unit>cups</unit></amt>
        <item>Green onions; in 1/4" pieces</item></ing></ingredients>
    <directions>
      <step>  Fry bacon in wok or frying pan until crisp. Drain bacon on paper towel.
  Beat eggs until yolks &amp; whites are thoroughly mixed. Heat 1 Tbs oil &amp; pour
  in the beaten eggs. When slightly firm, remove from pan. Heat remaining oil
  in skillet. Add rice &amp; toss about 2 minutes until oil &amp; rice are well
  mixed. Add soy sauce &amp; mix thoroughly. Add onions, eggs &amp; bacon bits,
  breaking up eggs with a spatula. Mix well. Serves 4. (May be frozen for
  several wweeks. Thaw to room temperature. Warm in 250 degree oven for 20
  minutes.)
  
  MRS. GENE CROWLEY
  
  From &lt;Simply Southern&gt;, the Desoto School Mothers' Assn, Helena-West
  Helena, AR 72390.  Downloaded from Glen's MM Recipe Archive,
  http://www.erols.com/hosey.
 
</step></directions></recipe></recipeml>
