<?xml version="1.0" encoding="UTF-8"?>

<recipeml version="0.5">
  <recipe>
    <head>
      <title>Bacon Sour Cream Dressing</title>
      <categories>
        <cat/></categories>
      <yield>100</yield></head>
    <ingredients>
      <ing>
        <amt>
          <qty>1 1/2</qty>
          <unit>pounds</unit></amt>
        <item>BACON;SLICED FZ</item></ing>
      <ing>
        <amt>
          <qty>8</qty>
          <unit>ounces</unit></amt>
        <item>MILK LOW FAT WHITE 6 GAL</item></ing>
      <ing>
        <amt>
          <qty>2</qty>
          <unit>pounds</unit></amt>
        <item>SOUR CREAM 12 OZ</item></ing>
      <ing>
        <amt>
          <qty>3/4</qty>
          <unit>teaspoons</unit></amt>
        <item>GARLIC DEHY GRA</item></ing>
      <ing>
        <amt>
          <qty>4</qty>
          <unit>ounces</unit></amt>
        <item>ONIONS DRY</item></ing>
      <ing>
        <amt>
          <qty>2</qty>
          <unit>ounces</unit></amt>
        <item>SUGAR; GRANULATED 10 LB</item></ing>
      <ing>
        <amt>
          <qty>1/16</qty>
          <unit>teaspoons</unit></amt>
        <item>PEPPER BLACK 1 LB CN</item></ing>
      <ing>
        <amt>
          <qty>1</qty>
          <unit>pound</unit></amt>
        <item>SALAD DRESSING #2 1/2</item></ing>
      <ing>
        <amt>
          <qty>1</qty>
          <unit>tablespoon</unit></amt>
        <item>WORCESTERSHIRE SAUCE</item></ing>
      <ing>
        <amt>
          <qty>1/4</qty>
          <unit>cups</unit></amt>
        <item>VINEGAR CIDER</item></ing>
      <ing>
        <amt>
          <qty>1/2</qty>
          <unit>ounces</unit></amt>
        <item>SALT TABLE 5LB</item></ing></ingredients>
    <directions>
      <step>  1.  BLEND SALAD DRESSING INTO SOUR CREAM.  STIR IN BUTTERMILK.
  
  2.  COMBINE VINEGAR AND WORCESTERSHIRE SAUCE.  GRADUALLY ADD TO SALAD
  DRESSING MIXTURE, STIRRING CAREFULLY.
  
  3.  ADD ONIONS, DEHYDRATED GARLIC, SALT, PEPPER AND SUGAR; BLEND WELL.
  
  4.  COVER. REFRIGERATE UNTIL READY TO SERVE.
  
  5.  COOK BACON UNTIL CRISP.  DRAIN.  JUST BEFORE SERVING, STIR IN BACON.
  :
  **ALL NOTES ARE PER 100 PORTIONS.
  
  NOTE:  1.  IN STEP 1, SOUR CREAM SAUCE MIX MAY BE USED FOR SOUR CREAM. MIX
  ACCORDING TO INSTRUCTIONS ON CONTAINER.
  
  2.  IN STEP 3, 4 1/2 OZ DRY ONIONS A.P. WILL YIELD 4 OZ MINCED ONIONS.
  
  Recipe Number: M05400
  
  SERVING SIZE: 1 TABLESPO
  
  From the &lt;Army Master Recipe Index File&gt; (actually used today!).
  Downloaded from Glen's MM Recipe Archive, http://www.erols.com/hosey.
 
</step></directions></recipe></recipeml>
