<?xml version="1.0" encoding="UTF-8"?>

<recipeml version="0.5">
  <recipe>
    <head>
      <title>Bacon Wrapped Chestnuts</title>
      <categories>
        <cat>None</cat></categories>
      <yield>1</yield></head>
    <ingredients>
      <ing>
        <amt>
          <qty>1</qty>
          <unit>can</unit></amt>
        <item>Whole chestnuts</item></ing>
      <ing>
        <amt>
          <qty>1</qty>
          <unit>pound</unit></amt>
        <item>Bacon</item></ing>
      <ing>
        <amt>
          <qty/>
          <unit/></amt>
        <item>Bar-b-que sauce</item></ing></ingredients>
    <directions>
      <step>  Drain one can whole chestnuts; take 1 pound of bacon and cut each strip in
  half. Wrap each chestnut with the half strip of bacon and secure with a
  toothpick. Place on an ungreased cookie sheet and bake at 350 til bacon is
  done. Heat up bar-b-que sauce and gently place wrapped chestnuts in sauce,
  crockpot is great for parties !!! Everyone already has a toothpick attached
  to grab the appetizer.
  
  Posted to EAT-L Digest 08 Dec 96
  
  From:    Sandra Killion &lt;skillion@JUNO.COM&gt;
  
  Date:    Mon, 9 Dec 1996 19:24:17 EST
 
</step></directions></recipe></recipeml>
