<?xml version="1.0" encoding="UTF-8"?>

<recipeml version="0.5">
  <recipe>
    <head>
      <title>Bacon Supper Snack</title>
      <categories>
        <cat>Pork &amp; ham</cat>
        <cat>Silvia</cat></categories>
      <yield>4</yield></head>
    <ingredients>
      <ing>
        <amt>
          <qty>8</qty>
          <unit>slices</unit></amt>
        <item>Gammon</item></ing>
      <ing>
        <amt>
          <qty>14 1/2</qty>
          <unit>ounces</unit></amt>
        <item>Tomatoes</item></ing>
      <ing>
        <amt>
          <qty/>
          <unit/></amt>
        <item>Stuffing:</item></ing>
      <ing>
        <amt>
          <qty>1/2</qty>
          <unit>ounces</unit></amt>
        <item>Butter</item></ing>
      <ing>
        <amt>
          <qty>2</qty>
          <unit>ounces</unit></amt>
        <item>Mushrooms; Chopped</item></ing>
      <ing>
        <amt>
          <qty>3</qty>
          <unit>ounces</unit></amt>
        <item>Soft White Bread Crumbs</item></ing>
      <ing>
        <amt>
          <qty/>
          <unit/></amt>
        <item>Salt And Pepper</item></ing>
      <ing>
        <amt>
          <qty>1/2</qty>
          <unit>teaspoons</unit></amt>
        <item>Mixed Herbs</item></ing>
      <ing>
        <amt>
          <qty/>
          <unit/></amt>
        <item>Egg To Bind; Beaten</item></ing></ingredients>
    <directions>
      <step>  Melt butter and gently fry mushrooms for 2 minutes. Combine with
  breadcrumbs, salt, pepper and herbs. Use just sufficient beaten egg to bind
  ~ about 3 tablespoonfuls. Divide stuffing between bacon slices. Roll up and
  secure each, if necessary, with a wooden cocktail stick. Cook for 5 minutes
  under a hot grill, turning once. Remove sticks and place bacon rolls in an
  oven dish, in a single layer. Press tomatoes through a sieve into a
  saucepan. Season to taste and bring to the boil. Pour oven bacon rolls and
  cook in a very moderate oven (350 F - gas mark 3) for 30 minutes.
  
  Serve with creamed potatoes and, if liked, a tossed green salad.
  Recipe By     : Old Magazine clipping from England, Sixties?
  
  Posted to EAT-L Digest 17 October 96
  
  Date:    Fri, 18 Oct 1996 09:55:40 EDT
  
  From:    erika metzieder &lt;100627.3022@COMPUSERVE.COM&gt;
 
</step></directions></recipe></recipeml>
