<?xml version="1.0" encoding="UTF-8"?>

<recipeml version="0.5">
  <recipe>
    <head>
      <title>Bacon Spoon Bread</title>
      <categories>
        <cat>Bread</cat></categories>
      <yield>8</yield></head>
    <ingredients>
      <ing>
        <amt>
          <qty>1/2</qty>
          <unit>pounds</unit></amt>
        <item>Fried bacon; in bits</item></ing>
      <ing>
        <amt>
          <qty>2</qty>
          <unit>cups</unit></amt>
        <item>Sharp cheddar;shredded</item></ing>
      <ing>
        <amt>
          <qty>3/4</qty>
          <unit>cups</unit></amt>
        <item>Cornmeal; yellow preferred</item></ing>
      <ing>
        <amt>
          <qty>1 1/2</qty>
          <unit>cups</unit></amt>
        <item>Cold water</item></ing>
      <ing>
        <amt>
          <qty>1/4</qty>
          <unit>cups</unit></amt>
        <item>Butter or shortening; room temperature</item></ing>
      <ing>
        <amt>
          <qty>2</qty>
          <unit/></amt>
        <item>Cloves garlic; crushed</item></ing>
      <ing>
        <amt>
          <qty>1/2</qty>
          <unit>teaspoons</unit></amt>
        <item>Salt</item></ing>
      <ing>
        <amt>
          <qty>1</qty>
          <unit>cup</unit></amt>
        <item>Milk</item></ing>
      <ing>
        <amt>
          <qty>4</qty>
          <unit/></amt>
        <item>Egg yolks</item></ing>
      <ing>
        <amt>
          <qty>4</qty>
          <unit/></amt>
        <item>Egg whites; stiff beaten</item></ing></ingredients>
    <directions>
      <step>  From: Maggie &lt;MWORKMAN@VM.CC.PURDUE.EDU&gt;
  
  Date: Fri, 23 Jul 93 13:39:23 EST
  
  Taken (without permission) from The Complete Book of Breads. Beforehand,
  fry the bacon.  Cut or chop into small bits.  Shred the cheese. Preheat
  oven to 325 degrees.  Stir cornmeal into the cold water in the saucepan and
  place over medium heat.  Bring to a bubbling boil, stirring constantly.
  When it is thick-perhaps 60 seconds-remove from heat.  Stir in the cheese,
  butter, garlic and salt.  When cheese is melted pour in the milk. Stir in
  egg yolks and add bacon bits.  Beat egg whites stiff, and fold them into
  the batter.  pour into the casserole or souffle dish (one 2-quart casserole
  or souffle dish, greased).  Level the batter with rubber spatula. Bake in
  the oven for about 1 hour.  The bread will be nicely browned, high and
  puffy.  Slip a knife blade into the center of the casserole.  If the blade
  comes out clean and dry, the spoon bread is done.  If not, return to the
  oven for an additional 10 minutes. Remove bread from the oven. Serve while
  hot.
  
  REC.FOOD.RECIPES
  
  From rec.food.cooking archives.  Downloaded from Glen's MM Recipe Archive,
  http://www.erols.com/hosey.
 
</step></directions></recipe></recipeml>
