<?xml version="1.0" encoding="UTF-8"?>

<recipeml version="0.5">
  <recipe>
    <head>
      <title>Bacon Wrapped Sirloin Roast</title>
      <categories>
        <cat>None</cat></categories>
      <yield>4</yield></head>
    <ingredients>
      <ing>
        <amt>
          <qty>2 1/2</qty>
          <unit>pounds</unit></amt>
        <item>Tip Sirloin Roast, Bone Removed &amp; Tied</item></ing>
      <ing>
        <amt>
          <qty>3</qty>
          <unit>tablespoons</unit></amt>
        <item>Dijon Mustard</item></ing>
      <ing>
        <amt>
          <qty>1/2</qty>
          <unit>teaspoons</unit></amt>
        <item>Thyme Leaves, Dried</item></ing>
      <ing>
        <amt>
          <qty>6</qty>
          <unit>slices</unit></amt>
        <item>Bacon</item></ing>
      <ing>
        <amt>
          <qty>4</qty>
          <unit>medium</unit></amt>
        <item>Onions, Cut in Wedges</item></ing>
      <ing>
        <amt>
          <qty/>
          <unit/></amt>
        <item>Cherry Tomatoes</item></ing></ingredients>
    <directions>
      <step>  Preheat the oven to 325 degrees.  Cut a few slits in the top of the roast
  to allow the bacon drippings to penetrate. Spread the mustard evenly over
  the entire roast. Sprinkle the thyme leaves over the top of the roast.
  Place the roast on a roasting rack in a baking pan. Cover tightly with
  bacon slices, wrapping them around the meat. Bake until a meat thermometer
  registers 160 degrees (medium rare) (about 105 minutes). Juices should run
  slightly pink (medium rare). Add onions about 40 minutes before the roast
  is done. Remove the roast to the carving board and let rest at least 15
  minutes before slicing. Slice the meat into even slices. Serve with onions,
  bacon slices and a gravy made from pan gravy. NOTE: The bacon gets crispy
  when cooked with the roast. Garnish with cherry tomatoes.
  Posted to EAT-L Digest 30 October 96
  
  Date:    Wed, 30 Oct 1996 09:19:25 -0800
  
  From:    Joel Ehrlich &lt;Joel.Ehrlich@SALATA.COM&gt;
 
</step></directions></recipe></recipeml>
