<?xml version="1.0" encoding="UTF-8"?>

<recipeml version="0.5">
  <recipe>
    <head>
      <title>Bad Ass Bean Dip</title>
      <categories>
        <cat>Appetizers</cat></categories>
      <yield>8</yield></head>
    <ingredients>
      <ing>
        <amt>
          <qty>18</qty>
          <unit>ounces</unit></amt>
        <item>Canned refried beans</item></ing>
      <ing>
        <amt>
          <qty>1/2</qty>
          <unit>cups</unit></amt>
        <item>Spicy barbecue sauce</item></ing>
      <ing>
        <amt>
          <qty>1</qty>
          <unit>teaspoon</unit></amt>
        <item>Ground cumin</item></ing>
      <ing>
        <amt>
          <qty>1</qty>
          <unit>teaspoon</unit></amt>
        <item>White pepper</item></ing>
      <ing>
        <amt>
          <qty>1</qty>
          <unit>teaspoon</unit></amt>
        <item>Hot sauce</item></ing>
      <ing>
        <amt>
          <qty>1/2</qty>
          <unit>teaspoons</unit></amt>
        <item>Ts cayenne pepper</item></ing>
      <ing>
        <amt>
          <qty>1</qty>
          <unit>dash</unit></amt>
        <item>Kosher salt</item></ing></ingredients>
    <directions>
      <step>  By: Barbeque Man™ Larry Gerber http://novaplaza.com/bbqman from the
  Culinary Adventures TV show hosted by the Barbeque Man™
  
  Place beans in a bowl and whisk until smooth. Stir in remaining
  ingredients. Serve with tortilla chips. We received 100's of emails for
  this recipe after it was aired on Culinary Adventures.
  Posted to MC-Recipe Digest by Barbquman &lt;Barbquman@aol.com&gt; on Mar 8, 1998
 
</step></directions></recipe></recipeml>
