<?xml version="1.0" encoding="UTF-8"?>

<recipeml version="0.5">
  <recipe>
    <head>
      <title>Bad Boy Beef Tacos</title>
      <categories>
        <cat>Beef</cat>
        <cat>Sandwiches</cat></categories>
      <yield>2</yield></head>
    <ingredients>
      <ing-div>
        <title/>
        <ing>
          <amt>
            <qty/>
            <unit/></amt>
          <item>Oil for frying</item></ing>
        <ing>
          <amt>
            <qty>1</qty>
            <unit/></amt>
          <item>Onion; chopped</item></ing>
        <ing>
          <amt>
            <qty>3</qty>
            <unit/></amt>
          <item>Cloves garlic; minced</item></ing>
        <ing>
          <amt>
            <qty>1</qty>
            <unit>pound</unit></amt>
          <item>Ground beef</item></ing>
        <ing>
          <amt>
            <qty>1</qty>
            <unit>teaspoon</unit></amt>
          <item>Cayenne</item></ing>
        <ing>
          <amt>
            <qty>1</qty>
            <unit>teaspoon</unit></amt>
          <item>Oregano</item></ing>
        <ing>
          <amt>
            <qty>1</qty>
            <unit>teaspoon</unit></amt>
          <item>Cumin</item></ing>
        <ing>
          <amt>
            <qty>1</qty>
            <unit>teaspoon</unit></amt>
          <item>Chili powder</item></ing>
        <ing>
          <amt>
            <qty/>
            <unit/></amt>
          <item>Salt and pepper</item></ing>
        <ing>
          <amt>
            <qty>8</qty>
            <unit/></amt>
          <item>Corn tortillas or taco shells</item></ing></ing-div>
      <ing-div>
        <title>GARINISHES</title>
        <ing>
          <amt>
            <qty/>
            <unit/></amt>
          <item>Shredded lettuce</item></ing>
        <ing>
          <amt>
            <qty/>
            <unit/></amt>
          <item>Grated Monterey Jack cheese</item></ing>
        <ing>
          <amt>
            <qty/>
            <unit/></amt>
          <item>Chopped jalapeno chilies</item></ing>
        <ing>
          <amt>
            <qty/>
            <unit/></amt>
          <item>Chopped cilantro</item></ing>
        <ing>
          <amt>
            <qty/>
            <unit/></amt>
          <item>Bottled taco sauce</item></ing>
        <ing>
          <amt>
            <qty/>
            <unit/></amt>
          <item>Guacamole</item></ing>
        <ing>
          <amt>
            <qty/>
            <unit/></amt>
          <item>Sour cream</item></ing></ing-div></ingredients>
    <directions>
      <step>  In a large skillet, pour in some oil and gently cook the onion for about 5
  minutes. Add the garlic and meat to the onion and fry for a few minutes.
  Add the spices and herbs with salt and pepper to taste, and mix well,
  continuing to fry until the meat is fully cooked. Drain and keep warm. If
  you are using tortillas, wrap them in tin foil and warm in a low oven for a
  few minutes until soft. Spoon some of the meat mixture into a tortilla and
  garnish with any or all of the garnishes. Put the "drier" items on first,
  followed by the "wetter" ones. Fold the tortilla over and eat. It is
  important not to overfill the tortillas or it all falls apart. If you are
  using taco shells, follow the same procedure (except for the folding bit)
  and caution. The most interesting way to eat these is to vary the toppings
  so that each taco is a new taste sensation. Serve with refried beans and a
  beer. Serves 2. Formatted by Lynn Thomas dcqp82a@prodigy.com. Source: The
  Harley Biker's Cookbook: Big Bites For Hungry Bikers by Owen Rossan. Lynn's
  notes: Made this 12-8-97; omitted oil and cooked the beef, garlic and onion
  at the same time. Added 1/2 can refried beans to meat mixture after
  cooking. This was a very good taco--make it as spicy as you want.
  
  Recipe by: The Harley Biker's Cookbook
  
  Posted to TNT - Prodigy's Recipe Exchange Newsletter  by
  WWGQ25C@prodigy.com (MRS LYNN P THOMAS) on 9 De, c 1997
 
</step></directions></recipe></recipeml>
