<?xml version="1.0" encoding="UTF-8"?>

<recipeml version="0.5">
  <recipe>
    <head>
      <title>Bad Attitude Bbq Sauce</title>
      <categories>
        <cat>None</cat></categories>
      <yield>1</yield></head>
    <ingredients>
      <ing>
        <amt>
          <qty>5</qty>
          <unit/></amt>
        <item>Chipotles in adobo sauce, finely chopped (up to 8)</item></ing>
      <ing>
        <amt>
          <qty>2</qty>
          <unit>tablespoons</unit></amt>
        <item>Peanut oil</item></ing>
      <ing>
        <amt>
          <qty>1/2</qty>
          <unit>medium</unit></amt>
        <item>Onion, finely chopped</item></ing>
      <ing>
        <amt>
          <qty>4</qty>
          <unit/></amt>
        <item>Cloves garlic, minced</item></ing>
      <ing>
        <amt>
          <qty>28</qty>
          <unit>ounces</unit></amt>
        <item>Ketchup</item></ing>
      <ing>
        <amt>
          <qty>1</qty>
          <unit>tablespoon</unit></amt>
        <item>Good chile powder -Chimayo is good</item></ing>
      <ing>
        <amt>
          <qty>1/2</qty>
          <unit>tablespoons</unit></amt>
        <item>Cumin</item></ing>
      <ing>
        <amt>
          <qty>1/3</qty>
          <unit>cups</unit></amt>
        <item>Malt vinegar</item></ing>
      <ing>
        <amt>
          <qty>1/4</qty>
          <unit>cups</unit></amt>
        <item>Worcestershire sauce</item></ing>
      <ing>
        <amt>
          <qty>1/4</qty>
          <unit>cups</unit></amt>
        <item>Yellow prepared mustard</item></ing>
      <ing>
        <amt>
          <qty>6</qty>
          <unit>ounces</unit></amt>
        <item>Malty beer- Oktoberfest or bock</item></ing>
      <ing>
        <amt>
          <qty>1</qty>
          <unit/></amt>
        <item>Shot boubon</item></ing></ingredients>
    <directions>
      <step>  Here's my sauce recipe. It goes on the side. Permission is NOT granted to
  burn this on in layers or I'll show up at your house with a big ol' can of
  whoop ass.
  
  Heat the oil and cook onion and garlic until soft and clearing. Add chile
  powder and cook for two minutes.  Add the remaining ingredients, bring to a
  gentle boil, stirring constantly. Then turn down low and let simmer until
  thick. Season to taste with salt and pepper.
  
  Canned chipotles can be ordered from a vaiety of sources. Try "Mo' Hotta,
  Mo' Betta" at http://www.paccon.com/mohotta/motop.htm
  
  Kit  Anderson , &lt;kit@maine.com&gt; , Bath, Maine The Maine Beer Page
  http://www.maine.com/brew
  
  Posted to bbq-digest V4 #12
  
  Date: Tue, 22 Oct 1996 19:18:33 -0400
  
  From: Kit Anderson &lt;kit@maine.com&gt;
 
</step></directions></recipe></recipeml>
