<?xml version="1.0" encoding="UTF-8"?>

<recipeml version="0.5">
  <recipe>
    <head>
      <title>Badami Gosht</title>
      <categories>
        <cat>Indian</cat></categories>
      <yield>1</yield></head>
    <ingredients>
      <ing>
        <amt>
          <qty>5</qty>
          <unit>tablespoons</unit></amt>
        <item>Vegetable oil</item></ing>
      <ing>
        <amt>
          <qty>2</qty>
          <unit/></amt>
        <item>Cinnamon sticks</item></ing>
      <ing>
        <amt>
          <qty>6</qty>
          <unit/></amt>
        <item>Cloves</item></ing>
      <ing>
        <amt>
          <qty>1</qty>
          <unit>tablespoon</unit></amt>
        <item>Cardamom seeds</item></ing>
      <ing>
        <amt>
          <qty>1</qty>
          <unit>large</unit></amt>
        <item>Onion chopped</item></ing>
      <ing>
        <amt>
          <qty>2</qty>
          <unit/></amt>
        <item>Garlic cloves ,crushed</item></ing>
      <ing>
        <amt>
          <qty>1 1/2</qty>
          <unit/></amt>
        <item>Inch fresh ginger,peeled and chopped</item></ing>
      <ing>
        <amt>
          <qty>1 1/2</qty>
          <unit>pounds</unit></amt>
        <item>Lean lamb,cubed</item></ing>
      <ing>
        <amt>
          <qty>1 1/4</qty>
          <unit>cups</unit></amt>
        <item>Yogurt(plain)</item></ing>
      <ing>
        <amt>
          <qty>1</qty>
          <unit>teaspoon</unit></amt>
        <item>Saffron threads,soaked in</item></ing>
      <ing>
        <amt>
          <qty>2</qty>
          <unit>tablespoons</unit></amt>
        <item>Boiling water</item></ing>
      <ing>
        <amt>
          <qty>1/2</qty>
          <unit>teaspoons</unit></amt>
        <item>Chilli pwd</item></ing>
      <ing>
        <amt>
          <qty>1/2</qty>
          <unit>cups</unit></amt>
        <item>Ground almonds</item></ing>
      <ing>
        <amt>
          <qty>1</qty>
          <unit>teaspoon</unit></amt>
        <item>Salt</item></ing>
      <ing>
        <amt>
          <qty>1 1/2</qty>
          <unit>cups</unit></amt>
        <item>Coconut milk</item></ing>
      <ing>
        <amt>
          <qty>2</qty>
          <unit/></amt>
        <item>Dried red chillis</item></ing></ingredients>
    <directions>
      <step>  Heat oil in a saucepan.When hot ,add cinnamon ,cloves and cardamom and fry
  for 1 minute.Add onion and fry.stirring occasionally,until it is soft.Add
  the garlic and ginger and fry for 3 minutes,stirring frequently.Add the
  lamb cubes and fry until they are evenly browned. Beat the yogurt ,saffron
  mixture and chilli paste together,then stir mixture into lamb cubes.Cook
  for 1 minute. Beat the almonds with enough water to form a thick paste,then
  stir the paste into the lamb cubes ,with the salt.Simmer for 15
  minutes.Stir in coconut milk and chillis and reduce the heat to low.Simmer
  for 1 hour,or until the lamb is cooked through and tender.Uncover the pan
  for rhe last 10 minutes of cooking. Transfer to a warmed dish and serve at
  once. (serves 4 ) Preparation time 1 1/2 hours
  
  Posted to rec.food.recipes by heman@ccwf.cc.utexas.edu (Hem Ramachandran)
  
  This recipe is from Foods orient ,INDIA.
  
  From Gemini's MASSIVE MealMaster collection at www.synapse.com/~gemini
 
</step></directions></recipe></recipeml>
