<?xml version="1.0" encoding="UTF-8"?>

<recipeml version="0.5">
  <recipe>
    <head>
      <title>Badhapu Malu (Fried Fish)</title>
      <categories>
        <cat>Main dish</cat></categories>
      <yield>1</yield></head>
    <ingredients>
      <ing>
        <amt>
          <qty>450</qty>
          <unit>grams</unit></amt>
        <item>Fish steaks</item></ing>
      <ing>
        <amt>
          <qty>25</qty>
          <unit>grams</unit></amt>
        <item>Tamarind</item></ing>
      <ing>
        <amt>
          <qty>50</qty>
          <unit>mililiters</unit></amt>
        <item>Warm water</item></ing>
      <ing>
        <amt>
          <qty>1/2</qty>
          <unit>teaspoons</unit></amt>
        <item>Turmeric</item></ing>
      <ing>
        <amt>
          <qty>1/2</qty>
          <unit>teaspoons</unit></amt>
        <item>Chilli powder</item></ing>
      <ing>
        <amt>
          <qty>1/2</qty>
          <unit>teaspoons</unit></amt>
        <item>Satt</item></ing>
      <ing>
        <amt>
          <qty>1/2</qty>
          <unit>teaspoons</unit></amt>
        <item>Btack pepper</item></ing>
      <ing>
        <amt>
          <qty>1/2</qty>
          <unit/></amt>
        <item>Litre oil</item></ing></ingredients>
    <directions>
      <step>  Cut the fish steaks into six pieces. Soak the tamarind in water, remove the
  seeds  and  add  to  the  fish together with the turmeric, chilli powder,
  salt and pepper.Leave to marinade for 10 minutes.Heat the oil and fry fish
  until it turns  brown.  Remove  and drain well. From: "A taste of Sri
  Lanka" by Indra Jayasekera, ISBN 962 224 010 0
  
  From Gemini's MASSIVE MealMaster collection at www.synapse.com/~gemini
 
</step></directions></recipe></recipeml>
