<?xml version="1.0" encoding="UTF-8"?>

<recipeml version="0.5">
  <recipe>
    <head>
      <title>Baeckenoffa (Beef, Pork and Lamb Stew)</title>
      <categories>
        <cat>Main dish</cat></categories>
      <yield>6</yield></head>
    <ingredients>
      <ing>
        <amt>
          <qty>500</qty>
          <unit>grams</unit></amt>
        <item>Boned shin of beef, trimmed weight ( 1 lb 2 oz)</item></ing>
      <ing>
        <amt>
          <qty>500</qty>
          <unit>grams</unit></amt>
        <item>Boned shin of pork, trimmed weight</item></ing>
      <ing>
        <amt>
          <qty>500</qty>
          <unit>grams</unit></amt>
        <item>Boned shoulder of lamb, trimmed weight</item></ing>
      <ing>
        <amt>
          <qty>7</qty>
          <unit>deciliters</unit></amt>
        <item>Dry white Alsace wine (3/4 qt)</item></ing>
      <ing>
        <amt>
          <qty>1 1/4</qty>
          <unit>kilograms</unit></amt>
        <item>Potatoes (2 3/4 lb), peeled and sliced (1/2 in thick)</item></ing>
      <ing>
        <amt>
          <qty>800</qty>
          <unit>grams</unit></amt>
        <item>Leeks (1 3/4 lb) (trim, discard the greenest parts, split the leeks lengthways,wash and dice)</item></ing>
      <ing>
        <amt>
          <qty>80</qty>
          <unit>grams</unit></amt>
        <item>Goose fat or lard (3 oz)</item></ing>
      <ing>
        <amt>
          <qty>750</qty>
          <unit>grams</unit></amt>
        <item>Onions, thinly sliced (1 1/2 lb)</item></ing>
      <ing>
        <amt>
          <qty>1</qty>
          <unit/></amt>
        <item>'bouquet garni', with plenty of thyme</item></ing>
      <ing>
        <amt>
          <qty>10</qty>
          <unit/></amt>
        <item>Peppercorns, crushed</item></ing>
      <ing>
        <amt>
          <qty>2</qty>
          <unit/></amt>
        <item>Garlic cloves, crushed</item></ing>
      <ing>
        <amt>
          <qty>5</qty>
          <unit>deciliters</unit></amt>
        <item>Chicken stock (18 fl oz)</item></ing>
      <ing>
        <amt>
          <qty>1</qty>
          <unit/></amt>
        <item>Calf's foot, blanched and cut into 3</item></ing>
      <ing>
        <amt>
          <qty>2</qty>
          <unit>tablespoons</unit></amt>
        <item>Flour</item></ing>
      <ing>
        <amt>
          <qty/>
          <unit/></amt>
        <item>Salt</item></ing>
      <ing>
        <amt>
          <qty/>
          <unit/></amt>
        <item>Freshly ground pepper</item></ing></ingredients>
    <directions>
      <step>  Cut each type of meat into 6 even pieces. Put them into 3 separate bowls
  and sprinkle generously with white wine. Cover the bowls and refrigerate
  for at least 12 hours. Preheat the oven to 160 oC (325 oF). In a flameproof
  earthenware casserole, heat the goose fat over low heat, put in the onions
  and sweat for several minutes. Lay the leek on top of the onions, then the
  potatoes. Add the 'bouquet garni', peppercorns and garlic and arrange the 3
  meats separately on top, one type to the left, one in the middle, one in
  the right. Pour over the marinade and the remaining whine. Salt lightly,
  add the chicken stock and lay the pieces of calf's foot on top. Put the lid
  on the casserole. Mix the flour with a little cold water to make a soft
  paste. Spread this paste between the top of the casserole and the lid to
  make an airtight seal. Cook in the low oven for 4 hours. Present the
  casserole at the table just as is. Break the seal and lift off the lid.
  
  From Gemini's MASSIVE MealMaster collection at www.synapse.com/~gemini
 
</step></directions></recipe></recipeml>
