<?xml version="1.0" encoding="UTF-8"?>

<recipeml version="0.5">
  <recipe>
    <head>
      <title>Bagdad By the Bay Chicken</title>
      <categories>
        <cat>Microwave</cat>
        <cat>Poultry</cat></categories>
      <yield>4</yield></head>
    <ingredients>
      <ing>
        <amt>
          <qty>1</qty>
          <unit>cup</unit></amt>
        <item>Uncooked rice</item></ing>
      <ing>
        <amt>
          <qty>1/3</qty>
          <unit>cups</unit></amt>
        <item>Raisins</item></ing>
      <ing>
        <amt>
          <qty>2</qty>
          <unit>tablespoons</unit></amt>
        <item>Butter or margarine</item></ing>
      <ing>
        <amt>
          <qty>2</qty>
          <unit>teaspoons</unit></amt>
        <item>Curry powder</item></ing>
      <ing>
        <amt>
          <qty>1</qty>
          <unit>medium</unit></amt>
        <item>Onion; chopped</item></ing>
      <ing>
        <amt>
          <qty>2</qty>
          <unit>cups</unit></amt>
        <item>Water</item></ing>
      <ing>
        <amt>
          <qty>2</qty>
          <unit>teaspoons</unit></amt>
        <item>Salt</item></ing>
      <ing>
        <amt>
          <qty>1</qty>
          <unit>teaspoon</unit></amt>
        <item>Worcestershire sauce</item></ing>
      <ing>
        <amt>
          <qty>3</qty>
          <unit>pounds</unit></amt>
        <item>Frying chicken; cut up</item></ing>
      <ing>
        <amt>
          <qty>1</qty>
          <unit>can</unit></amt>
        <item>Tomato sauce; (8 ounce)</item></ing>
      <ing>
        <amt>
          <qty/>
          <unit/></amt>
        <item>Chopped peanuts (optional)</item></ing>
      <ing>
        <amt>
          <qty/>
          <unit/></amt>
        <item>Chopped parsley (optional)</item></ing></ingredients>
    <directions>
      <step>  Combine rice, raisins, butter, curry, onion, water, salt and Worcestershire
  sauce in a 2 quart oblong casserole. Cover with plastic wrap. Microwave at
  high (100%) until rice is tender, 15 to 17 minutes, stirring twice during
  cooking time. Place chicken pieces over rice, with thicker portions to
  outside of dish. Cover with wax paper. Microwave at high (100%) 10 minutes.
  Turn chicken pieces over. Pour tomato sauce over chicken. Cover with wax
  paper. Microwave at medium high (70%) until chicken is tender, 15 to 17
  minutes. Garnish with chopped peanuts and parsley, it desired. Makes 4
  servings.
  
  Recipe by: diane@keyway.net
  
  Posted to recipelu-digest Volume 01 Number 213 by "Diane Geary"
  &lt;diane@keyway.net&gt; on Nov 7, 1997
 
</step></directions></recipe></recipeml>
