<?xml version="1.0" encoding="UTF-8"?>

<recipeml version="0.5">
  <recipe>
    <head>
      <title>Bagels - Dg</title>
      <categories>
        <cat>Whole wheat</cat>
        <cat>Breadmaker</cat></categories>
      <yield>1</yield></head>
    <ingredients>
      <ing>
        <amt>
          <qty>1</qty>
          <unit>cup</unit></amt>
        <item>Water</item></ing>
      <ing>
        <amt>
          <qty>1 1/2</qty>
          <unit>tablespoons</unit></amt>
        <item>Honey</item></ing>
      <ing>
        <amt>
          <qty>1 1/2</qty>
          <unit>teaspoons</unit></amt>
        <item>Salt</item></ing>
      <ing>
        <amt>
          <qty>1</qty>
          <unit>cup</unit></amt>
        <item>Whole wheat flour</item></ing>
      <ing>
        <amt>
          <qty>2</qty>
          <unit>cups</unit></amt>
        <item>Bread flour</item></ing>
      <ing>
        <amt>
          <qty>1 1/2</qty>
          <unit>teaspoons</unit></amt>
        <item>Yeast</item></ing></ingredients>
    <directions>
      <step>  DG Bread Machine Cookbook 160 Let machine knead dough once, then let dough
  rise 20 min. only in machine. Even if cycle runs longer, simply remove
  dough after 20 minutes and turn off machine. Divide dough into appropriate
  number of pieces. Each piece shoul
  
   Place these on well greased baking sheet, cover &amp; let rise only 15 to 20
  minutes. Meanwhile, bring to slight boil in a NONALUMINUM pan, (Donna uses
  cast iron frying pan) about 2 inches of water. Carefully lower about 3 or 4
  bagels at a time into water, c
  Posted to Bakery-Shoppe Digest V1 #410 by serge.cyr@sympatico.ca (Serge
  Cyr) on Nov 23, 1997
 
</step></directions></recipe></recipeml>
