<?xml version="1.0" encoding="UTF-8"?>

<recipeml version="0.5">
  <recipe>
    <head>
      <title>Bagels #2</title>
      <categories>
        <cat>Bread</cat></categories>
      <yield>12</yield></head>
    <ingredients>
      <ing-div>
        <title/>
        <ing>
          <amt>
            <qty>1</qty>
            <unit>teaspoon</unit></amt>
          <item>Sugar</item></ing>
        <ing>
          <amt>
            <qty>1</qty>
            <unit>tablespoon</unit></amt>
          <item>Flour</item></ing>
        <ing>
          <amt>
            <qty>2/3</qty>
            <unit>cups</unit></amt>
          <item>Lukewarm water</item></ing>
        <ing>
          <amt>
            <qty>2</qty>
            <unit/></amt>
          <item>Eggs</item></ing>
        <ing>
          <amt>
            <qty>2</qty>
            <unit>packages</unit></amt>
          <item>Dry yeast</item></ing>
        <ing>
          <amt>
            <qty>1/4</qty>
            <unit>cups</unit></amt>
          <item>Vegetable oil</item></ing>
        <ing>
          <amt>
            <qty>3</qty>
            <unit>cups</unit></amt>
          <item>Flour</item></ing>
        <ing>
          <amt>
            <qty>2</qty>
            <unit>tablespoons</unit></amt>
          <item>Sugar extra</item></ing>
        <ing>
          <amt>
            <qty>1 1/2</qty>
            <unit>teaspoons</unit></amt>
          <item>Salt</item></ing></ing-div>
      <ing-div>
        <title>POACHING LIQUID</title>
        <ing>
          <amt>
            <qty>16</qty>
            <unit>cups</unit></amt>
          <item>Water</item></ing>
        <ing>
          <amt>
            <qty>2</qty>
            <unit>tablespoons</unit></amt>
          <item>Sugar</item></ing></ing-div>
      <ing-div>
        <title>GLAZE</title>
        <ing>
          <amt>
            <qty>1</qty>
            <unit/></amt>
          <item>Egg yolk</item></ing>
        <ing>
          <amt>
            <qty>1</qty>
            <unit>tablespoon</unit></amt>
          <item>Water</item></ing>
        <ing>
          <amt>
            <qty/>
            <unit/></amt>
          <item>Poppy or sesame seeds</item></ing></ing-div></ingredients>
    <directions>
      <step>  From: hz225wu@unidui.uni-duisburg.de (Micaela Pantke)
  
  Date: Tue, 27 Jul 93 13:11:54 +0200
  
  From: Dawn_Scotting@kcbbs.gen.nz (Dawn Scotting)
  
  In a large bowl, combine sugar, 1 Tbsp flour &amp; water, sprinkle in yeast &amp;
  stand until frothy (2 mins).  Stir in eggs &amp; oil.  Mix 1 cup flour, extra
  sugar &amp; salt into yeast mixture.  Beat with wooden spoon until smooth. Stir
  in enough of the remaining flour to make a soft dough.  Turn onto a lightly
  floured surface &amp; knead until smooth &amp; elastic (about 10 mins).  Place in a
  greased bowl, turn dough over in the bowl to grease all over.  Cover with
  plastic wrap, stand in a warm place to rise (prove) for 1 hour or until
  doubled in size &amp; imprint remains when dough is pressed.  Punch down dough
  using fist, knead for 2 mins.  Divide into 12 equal portions.  Shape each
  piece into a ball (keep dough covered with plastic wrap while shaping).
  Poke finger through centre of each ball. Twirl around finger to form a
  ring. Place on floured oven tray &amp; cover. Allow to rise for 15 mins. Bring
  water to the boil in a large pan. Add sugar. Place half the bagels into the
  water, cook 1 min. Turn, cook for 1 min longer. Using a slotted spoon,
  remove bagels to a greased baking tray lined with greased foil. Cook
  remaining half of bagels in poaching liquid. Combine egg yolk &amp; water.
  Brush over bagels. Sprinkle with poppy or sesame seeds. Bake in a hot oven
  (400øF) for 25 mins or until golden. Cool on a wire rack. Makes 12.
  
  REC.FOOD.RECIPES
  
  From rec.food.cooking archives.  Downloaded from Glen's MM Recipe Archive,
  http://www.erols.com/hosey.
 
</step></directions></recipe></recipeml>
