<?xml version="1.0" encoding="UTF-8"?>

<recipeml version="0.5">
  <recipe>
    <head>
      <title>Bagel-Wich</title>
      <categories>
        <cat>None</cat></categories>
      <yield>1</yield></head>
    <ingredients>
      <ing>
        <amt>
          <qty>1/2</qty>
          <unit>cups</unit></amt>
        <item>Cream cheese</item></ing>
      <ing>
        <amt>
          <qty>1</qty>
          <unit>tablespoon</unit></amt>
        <item>Crushed pineapple</item></ing>
      <ing>
        <amt>
          <qty>1</qty>
          <unit>tablespoon</unit></amt>
        <item>Chopped walnut</item></ing>
      <ing>
        <amt>
          <qty>2</qty>
          <unit/></amt>
        <item>Bagels, sliced</item></ing></ingredients>
    <directions>
      <step>  Mix and spread for two sandwiches.
  
  Posted to EAT-L Digest 25 Aug 96
  
  From:    Maureen Riley &lt;MeauxR@AOL.COM&gt;
  
  Date:    Mon, 26 Aug 1996 01:23:16 -0400
 
</step></directions></recipe></recipeml>
