<?xml version="1.0" encoding="UTF-8"?>

<recipeml version="0.5">
  <recipe>
    <head>
      <title>Bagels and Jam</title>
      <categories>
        <cat>None</cat></categories>
      <yield>1</yield></head>
    <ingredients>
      <ing>
        <amt>
          <qty>2</qty>
          <unit/></amt>
        <item>Bagels -- halved</item></ing>
      <ing>
        <amt>
          <qty>2</qty>
          <unit>teaspoons</unit></amt>
        <item>Strawberry jam</item></ing></ingredients>
    <directions>
      <step>  Preparation Time: 0:02 This is a simple, fast breakfast for busy days. Corn
  Butter (in this file) can be used instead of jam if you like. Those who are
  trying to lose weight should choose rice cakes rather than bagels, which
  are high in calories.
  
  Toast the bagels or rice cakes, if desired, and spread with jam.
  
  Recipe By     :
  
  File ftp://ftp.idiscover.co.uk/pub/food/mealmaster/recipes/mmdja006.zip
 
</step></directions></recipe></recipeml>
