<?xml version="1.0" encoding="UTF-8"?>

<recipeml version="0.5">
  <recipe>
    <head>
      <title>Bagel and Cream Cheese Morning Mix</title>
      <categories>
        <cat>None</cat></categories>
      <yield>1</yield></head>
    <ingredients>
      <ing>
        <amt>
          <qty>3</qty>
          <unit>cups</unit></amt>
        <item>Wheat Chex® Cereal</item></ing>
      <ing>
        <amt>
          <qty>3</qty>
          <unit>cups</unit></amt>
        <item>Oatmeal CrispTM with Raisins cereal</item></ing>
      <ing>
        <amt>
          <qty>1</qty>
          <unit>cup</unit></amt>
        <item>Cinnamon-raisin bagel chips; broken into bite-size pieces</item></ing>
      <ing>
        <amt>
          <qty>1/2</qty>
          <unit>cups</unit></amt>
        <item>Raisins</item></ing>
      <ing>
        <amt>
          <qty>2</qty>
          <unit>tablespoons</unit></amt>
        <item>Margarine or butter;* melted</item></ing>
      <ing>
        <amt>
          <qty>2</qty>
          <unit>tablespoons</unit></amt>
        <item>Packed brown sugar</item></ing>
      <ing>
        <amt>
          <qty>3</qty>
          <unit>ounces</unit></amt>
        <item>Reduced-fat cream cheese; (Neufchâtel) or 1 package (3 ounces) cream cheese</item></ing></ingredients>
    <directions>
      <step>  Recipe from "Chex Recipes"
  
  Heat oven to 325°. Mix cereals, bagel chips and raisins in large bowl; set
  aside. Microwave margarine, brown sugar and cream cheese in 2-cup
  microwavable measuring cup on High 1 minute; stir to remove lumps. Pour
  over cereal mixture in bowl, stirring until evenly coated. Spread in
  ungreased jelly roll pan, 15 1/2 x 10 1/2 x 1 inch. Bake 20 minutes,
  stirring after 10 minutes. Cool completely. Store in airtight container or
  plastic food-storage bag. 7 1/2 cups snack.
  
  *Do not use spread or tub products.
  
  1 serving (1/2 cup): 110 calories (35 calories from fat); 4 g fat (1.5 g
  saturated fat); 5 mg cholesterol; 480 mg sodium; 15 g carbohydrate; 3 g
  protein.
  
  Posted to brand-name-recipes by Abtaxel &lt;Abtaxel@aol.com&gt; on Apr 6, 1998
 
</step></directions></recipe></recipeml>
