<?xml version="1.0" encoding="UTF-8"?>

<recipeml version="0.5">
  <recipe>
    <head>
      <title>Bagels</title>
      <categories>
        <cat>Breadmaker</cat>
        <cat>Breads</cat></categories>
      <yield>8</yield></head>
    <ingredients>
      <ing>
        <amt>
          <qty>1</qty>
          <unit>cup</unit></amt>
        <item>Water</item></ing>
      <ing>
        <amt>
          <qty>1 1/2</qty>
          <unit>tablespoons</unit></amt>
        <item>Honey</item></ing>
      <ing>
        <amt>
          <qty>1 1/2</qty>
          <unit>teaspoons</unit></amt>
        <item>Salt</item></ing>
      <ing>
        <amt>
          <qty>1</qty>
          <unit>cup</unit></amt>
        <item>Flour</item></ing>
      <ing>
        <amt>
          <qty>2</qty>
          <unit>cups</unit></amt>
        <item>Bread flour</item></ing>
      <ing>
        <amt>
          <qty>1 1/2</qty>
          <unit>teaspoons</unit></amt>
        <item>Yeast</item></ing></ingredients>
    <directions>
      <step>  make dough let rise only twenty minutes in machine cut into 12 pieces. Roll
  into balls and using the thumb put hole in middle and turn to shape make
  sure you have a good opening dust with flour if you have to Place on
  greased cookie sheet and let rise 15 to 20 minutes. In a pan, put in about
  2 inches of water and bring to a slight boil carefully lower 3 or 4 bagels
  at a time cooking 30 seconds on each side. Remove bagels and drain on towel
  sprinkle with poppy seeds, sesame seeds or onion bits if you want then
  place on greased cookie sheet and bake in a PREHEATED 550 oven 8 minutes.
  All so try rolling dough in to rectangles and roll up a hot dog in it and
  seal well with water. After they are cooled they can be frozen and will
  last 1 month to 6 weeks. Diana(:&gt;) FROM: DIANA LEWIS (VGWN37A)
  
  From Gemini's MASSIVE MealMaster collection at www.synapse.com/~gemini
 
</step></directions></recipe></recipeml>
