<?xml version="1.0" encoding="UTF-8"?>

<recipeml version="0.5">
  <recipe>
    <head>
      <title>Bagel Thins, Lo Cal, Lo Salt</title>
      <categories>
        <cat>Appetizers</cat>
        <cat>Breads</cat>
        <cat>Low-cal</cat></categories>
      <yield>20</yield></head>
    <ingredients>
      <ing>
        <amt>
          <qty>1</qty>
          <unit/></amt>
        <item>Bagel</item></ing>
      <ing>
        <amt>
          <qty>1</qty>
          <unit>teaspoon</unit></amt>
        <item>Oregano, dried</item></ing>
      <ing>
        <amt>
          <qty>2</qty>
          <unit>teaspoons</unit></amt>
        <item>Soft margarine, melted</item></ing></ingredients>
    <directions>
      <step>  Using a very sharp serrated knife, slice bagel into very thin rounds.
  Arrange in single layer on baking sheet; brush with margarine.  Sprinkle
  with oregano.  Bake in 350F oven for 12 minutes.  Let cool and store in
  airtight container for up to 1 week.
  
  Per 1 piece serving: 14 cal; .5g fat, 0 cholesterol, 15 mg salt.
  
  File ftp://ftp.idiscover.co.uk/pub/food/mealmaster/recipes/mmealnew.zip
 
</step></directions></recipe></recipeml>
