<?xml version="1.0" encoding="UTF-8"?>

<recipeml version="0.5">
  <recipe>
    <head>
      <title>Bagna Cauda</title>
      <categories>
        <cat>Seafood</cat></categories>
      <yield>6</yield></head>
    <ingredients>
      <ing>
        <amt>
          <qty>2</qty>
          <unit>cups</unit></amt>
        <item>Heavy cream</item></ing>
      <ing>
        <amt>
          <qty>2</qty>
          <unit/></amt>
        <item>Cloves garlic</item></ing>
      <ing>
        <amt>
          <qty>1</qty>
          <unit>can</unit></amt>
        <item>(2.5-oz) flat anchovies; drained of oil</item></ing>
      <ing>
        <amt>
          <qty>1</qty>
          <unit>dash</unit></amt>
        <item>Cayenne pepper</item></ing>
      <ing>
        <amt>
          <qty>1/4</qty>
          <unit>cups</unit></amt>
        <item>Unsalted butter</item></ing></ingredients>
    <directions>
      <step>  1. In a heavy saucepan, simmer cream with 2 garlic cloves until reduced to
        1    cup.
  
  2. Place reduced cream, anchovies and cayenne in blender and puree.
  
  3. Bring sauce to a simmer and add butter, stirring until melted.
  
  4. Serve in a hot chafing dish accompanied with chilled, raw vegetables and
  homemade (if possible) sourdough `grissini'. TIP: If butter and cream
  separate, pour in a bit of cold cream and whisk hard. The sauce will regain
  its velvety texture. This is a dish to be enjoyed without ceremony. Pick up
  vegetables or breadsticks - grissini - with your fingers and dip into the
  sauce until well covered; consume.
  
  GENOA
  
  S.E. BELMONT, PORTLAND.
  
  WINE: PUNT E MES
  
  From the &lt;Micro Cookbook Collection of Italian Recipes&gt;.  Downloaded from
  Glen's MM Recipe Archive, http://www.erols.com/hosey.
 
</step></directions></recipe></recipeml>
