<?xml version="1.0" encoding="UTF-8"?>

<recipeml version="0.5">
  <recipe>
    <head>
      <title>Almond White Bar</title>
      <categories>
        <cat>None</cat></categories>
      <yield>1</yield></head>
    <ingredients>
      <ing>
        <amt>
          <qty>6</qty>
          <unit/></amt>
        <item>Bars white chocolate broken-up</item></ing>
      <ing>
        <amt>
          <qty>1</qty>
          <unit>tablespoon</unit></amt>
        <item>Shortening</item></ing>
      <ing>
        <amt>
          <qty>1/2</qty>
          <unit>cups</unit></amt>
        <item>Sliced almonds toasted</item></ing>
      <ing>
        <amt>
          <qty>1/4</qty>
          <unit>cups</unit></amt>
        <item>Semi-sweet chocolate morsels</item></ing></ingredients>
    <directions>
      <step>  Microwave baking bars and shorteningin mediumfor 1 min.,stir.continue
  additional 10 to 20 second intil smooth. Sit in almonds.
  
  Pour into foil- lined 8" square baking pan.Chill until firm
  
  Place morsels in a heavy- duty plastic bag. Microwave in high for 30 to 45
  seconds. knead until smooth.
  
  Cut tiny corner from a bag, drizzle over candy .Chill until set.
  
  Remove foil., break into pieces.
  
  Posted to JEWISH-FOOD digest V97 #307 by BNLImp@a0l.com  (Iara Lewin) on
 
</step></directions></recipe></recipeml>
