<?xml version="1.0" encoding="UTF-8"?>

<recipeml version="0.5">
  <recipe>
    <head>
      <title>Almond Pudding with Berries</title>
      <categories>
        <cat>None</cat></categories>
      <yield>1</yield></head>
    <ingredients>
      <ing>
        <amt>
          <qty>1/4</qty>
          <unit>cups</unit></amt>
        <item>Sugar</item></ing>
      <ing>
        <amt>
          <qty>2</qty>
          <unit>teaspoons</unit></amt>
        <item>Cornstarch</item></ing>
      <ing>
        <amt>
          <qty>1 1/2</qty>
          <unit>cups</unit></amt>
        <item>Milk</item></ing>
      <ing>
        <amt>
          <qty>3</qty>
          <unit/></amt>
        <item>Beaten egg yolks</item></ing>
      <ing>
        <amt>
          <qty>2</qty>
          <unit>tablespoons</unit></amt>
        <item>Amaretto -or-</item></ing>
      <ing>
        <amt>
          <qty>1/8</qty>
          <unit>teaspoons</unit></amt>
        <item>Almond extract</item></ing>
      <ing>
        <amt>
          <qty>1</qty>
          <unit>tablespoon</unit></amt>
        <item>Margarine or butter</item></ing>
      <ing>
        <amt>
          <qty>2</qty>
          <unit>cups</unit></amt>
        <item>Raspberries or blackberries</item></ing></ingredients>
    <directions>
      <step>  from Better Homes &amp; Gardens Tasty Timesaving Cooking
  
  Change the pudding flavor by choosing peach liqueur or white creme de
  cacao.
  
  For pudding, in a heaving medium saucepan combine the sugar and cornstarch.
  stir in the milk. Cook and stir over medium heat till thickened and bubbly.
  cook and stir 2 minutes more.
  
  Gradually stir about half of the hot mixture into the yolks. Return all to
  the saucepan. Return mixture to a gentle boil. Cook and stir for 2 minutes.
  Remove saucepan from the heat. Stir in amaretto or almond extract and
  margarine or butter. Cool at once by placing the pan in a sink or bowl of
  ice for 5 minutes, stirring occasionally. Transfer pudding to a bowl. Cover
  surface with clear plastic wrap. Chill for 4 to 24 hours.
  
  Before serving, place berries in individual dessert dishes. Spoon pudding
  over berries. Serve immediately. Makes 6 servings. Posted to Bakery Shoppe
  Digest145 by Sandra Swinford &lt;sswinfor@cecasun.utc.edu&gt; on Jul 5, 1997
 
</step></directions></recipe></recipeml>
