<?xml version="1.0" encoding="UTF-8"?>

<recipeml version="0.5">
  <recipe>
    <head>
      <title>Almond Praline Cheesecake</title>
      <categories>
        <cat>Pie</cat></categories>
      <yield>8</yield></head>
    <ingredients>
      <ing-div>
        <title>CRUST</title>
        <ing>
          <amt>
            <qty>3/4</qty>
            <unit>cups</unit></amt>
          <item>Graham cracker crumbs</item></ing>
        <ing>
          <amt>
            <qty>1/2</qty>
            <unit>cups</unit></amt>
          <item>Slivered almonds; toasted &amp; chopped</item></ing>
        <ing>
          <amt>
            <qty>1/4</qty>
            <unit>cups</unit></amt>
          <item>Brown sugar; firmly packed</item></ing>
        <ing>
          <amt>
            <qty>1/4</qty>
            <unit>cups</unit></amt>
          <item>Unsalted butter; melted</item></ing></ing-div>
      <ing-div>
        <title>CAKE</title>
        <ing>
          <amt>
            <qty>24</qty>
            <unit>ounces</unit></amt>
          <item>Cream cheese; softened</item></ing>
        <ing>
          <amt>
            <qty>14</qty>
            <unit>ounces</unit></amt>
          <item>Condensed milk</item></ing>
        <ing>
          <amt>
            <qty>3</qty>
            <unit/></amt>
          <item>Eggs</item></ing>
        <ing>
          <amt>
            <qty>1</qty>
            <unit>teaspoon</unit></amt>
          <item>Almond extract</item></ing></ing-div>
      <ing-div>
        <title>TOPPING</title>
        <ing>
          <amt>
            <qty>1/3</qty>
            <unit>cups</unit></amt>
          <item>Dark brown sugar; firmly packed</item></ing>
        <ing>
          <amt>
            <qty>1/3</qty>
            <unit>cups</unit></amt>
          <item>Whipping cream</item></ing>
        <ing>
          <amt>
            <qty>1/2</qty>
            <unit>cups</unit></amt>
          <item>Slivered almonds; chopped &amp; toasted</item></ing></ing-div></ingredients>
    <directions>
      <step>  Date: Sun, 25 Feb 1996 22:41:09 -0500
  
  From: "Vernon E. Phipps Jr." &lt;cook4u@vivanet.com&gt;
  Preheat oven to 425. Combine crumbs, nuts, sugar, and butter; press firmly
  on bottom of 9-inch springform pan. In a large mixer bowl, beat cream
  cheese until fluffy. Gradually beat in condensed milk until smooth. Add
  eggs and extract. Pour into pan. Bake at 425 for 10 minutes, then at 300
  for one hour. Top with Almond Praline Topping and chill.
  
  Almond Praline Topping: In a small saucepan, combine sugar and cream. Cook
  and stir until sugar dissolves. Simmer 5 minutes or until thickened. Remove
  from heat; stir in almonds. From: Arlenes@holly.Colostate.Edu Date:
  
  MM-RECIPES@IDISCOVER.NET
  
  MEAL-MASTER RECIPES LIST SERVER
  
  MM-RECIPES DIGEST V3 #60
  
  From the MealMaster recipe list.  Downloaded from Glen's MM Recipe Archive,
  http://www.erols.com/hosey.
 
</step></directions></recipe></recipeml>
