<?xml version="1.0" encoding="UTF-8"?>

<recipeml version="0.5">
  <recipe>
    <head>
      <title>Almond Pumpkin Bread</title>
      <categories>
        <cat>None</cat></categories>
      <yield>1</yield></head>
    <ingredients>
      <ing>
        <amt>
          <qty>2</qty>
          <unit>cups</unit></amt>
        <item>All-purpose flour</item></ing>
      <ing>
        <amt>
          <qty>2</qty>
          <unit>teaspoons</unit></amt>
        <item>Baking powder</item></ing>
      <ing>
        <amt>
          <qty>1/2</qty>
          <unit>teaspoons</unit></amt>
        <item>Baking soda</item></ing>
      <ing>
        <amt>
          <qty>1 1/2</qty>
          <unit>teaspoons</unit></amt>
        <item>Pumpkin pie spice</item></ing>
      <ing>
        <amt>
          <qty>1</qty>
          <unit>teaspoon</unit></amt>
        <item>Salt</item></ing>
      <ing>
        <amt>
          <qty>2</qty>
          <unit/></amt>
        <item>Eggs, lightly beaten</item></ing>
      <ing>
        <amt>
          <qty>1 1/4</qty>
          <unit>cups</unit></amt>
        <item>Solid pack canned pumpkin</item></ing>
      <ing>
        <amt>
          <qty>1</qty>
          <unit>cup</unit></amt>
        <item>Granulated sugar</item></ing>
      <ing>
        <amt>
          <qty>1/2</qty>
          <unit>cups</unit></amt>
        <item>Undiluted evaporated milk</item></ing>
      <ing>
        <amt>
          <qty>2</qty>
          <unit>tablespoons</unit></amt>
        <item>Vegetable oil</item></ing>
      <ing>
        <amt>
          <qty>1/2</qty>
          <unit>teaspoons</unit></amt>
        <item>Almond extract</item></ing>
      <ing>
        <amt>
          <qty>3/4</qty>
          <unit>cups</unit></amt>
        <item>Toasted almonds, divided</item></ing></ingredients>
    <directions>
      <step>  Combine flour, baking powder, baking soda, salt, pumpkin pie spice and salt
  in medium bowl.  Beat eggs, pumpkin, sugar, evaporated milk, extract and
  oil in a medium bowl.  Add flour mixture and 1/2 cup almonds. Mix until
  moistened.
  
  Pour into greased 9x5 inch loaf pan and top with remaining nuts.  Bake at
  350 degrees for 60 to 65 minutes.  Cool for 10 mintes and remove to wire
  rack to cool completely.
  
  Posted to EAT-L Digest 17 October 96
  
  Date:    Fri, 18 Oct 1996 20:48:36 +0000
  
  From:    Cheryl Miller &lt;csmiller@LAMAR.COLOSTATE.EDU&gt;
 
</step></directions></recipe></recipeml>
