<?xml version="1.0" encoding="UTF-8"?>

<recipeml version="0.5">
  <recipe>
    <head>
      <title>Almond Tea Cookies</title>
      <categories>
        <cat>Not</cat>
        <cat>Sent</cat></categories>
      <yield>48</yield></head>
    <ingredients>
      <ing>
        <amt>
          <qty>1</qty>
          <unit>cup</unit></amt>
        <item>Butter; room temperature</item></ing>
      <ing>
        <amt>
          <qty>1</qty>
          <unit>cup</unit></amt>
        <item>Almond paste</item></ing>
      <ing>
        <amt>
          <qty>1/4</qty>
          <unit>teaspoons</unit></amt>
        <item>Salt</item></ing>
      <ing>
        <amt>
          <qty>1 2/3</qty>
          <unit>cups</unit></amt>
        <item>Unbleached all-purpose flour</item></ing>
      <ing>
        <amt>
          <qty>1</qty>
          <unit>cup</unit></amt>
        <item>Powdered sugar</item></ing>
      <ing>
        <amt>
          <qty/>
          <unit/></amt>
        <item>Ground cinnamon; to taste</item></ing></ingredients>
    <directions>
      <step>  Cream the butter thoroughly in a large bowl, then add the almond paste and
  incorporate well. Stir the salt into the flour and add gradually to the
  butter mixture, mixing well after each addition.
  
  Chill the dough until firm, at least 3 hours or overnight.
  
  Preheat the oven to 325°. Cut of thin slices of the dough, and, using your
  hands, roll out on a floured surface into rolls about the size and
  thickness of a pencil.
  
  Bake on an ungreased baking sheet for 15 minutes. Let cool slightly before
  removing from the baking sheet, then remove while still warm and carefully
  roll in the mixture of powdered sugar and cinnamon. (These cookies break
  easily, especially if removed from the pan too soon.) Cool on a wire rack
  and store in an airtight tin.
  
  Recipe by: Cathy Huffman Forrester - Party Receipts
  
  Posted to MC-Recipe Digest V1 #869 by The Taillons &lt;taillon@earthlink.net&gt;
  on Oct 26, 1997
 
</step></directions></recipe></recipeml>
