<?xml version="1.0" encoding="UTF-8"?>

<recipeml version="0.5">
  <recipe>
    <head>
      <title>Almond Tea Cookies</title>
      <categories>
        <cat>Cookies</cat>
        <cat>Almonds</cat></categories>
      <yield>36</yield></head>
    <ingredients>
      <ing>
        <amt>
          <qty>1</qty>
          <unit>cup</unit></amt>
        <item>Butter Flavor Crisco</item></ing>
      <ing>
        <amt>
          <qty>2</qty>
          <unit>tablespoons</unit></amt>
        <item>Milk</item></ing>
      <ing>
        <amt>
          <qty>1</qty>
          <unit>teaspoon</unit></amt>
        <item>Almond Extract</item></ing>
      <ing>
        <amt>
          <qty>1/2</qty>
          <unit>cups</unit></amt>
        <item>Sugar, Granulated</item></ing>
      <ing>
        <amt>
          <qty>1 2/3</qty>
          <unit>cups</unit></amt>
        <item>Flour, All Purpose</item></ing>
      <ing>
        <amt>
          <qty>2/3</qty>
          <unit>cups</unit></amt>
        <item>Almonds, slivered, chopped</item></ing>
      <ing>
        <amt>
          <qty>1/4</qty>
          <unit>teaspoons</unit></amt>
        <item>Salt</item></ing>
      <ing>
        <amt>
          <qty/>
          <unit/></amt>
        <item>Confectioners Sugar</item></ing></ingredients>
    <directions>
      <step>  Preparation Time: 15 Minutes           Bake Time: 10 to 12 Minutes
  
  1. Heat oven to 350 F.
  
  2. Cream Butter Flavor Crisco, milk and almond extract in large bowl at
  medium speed of electric mixer until well blended. Beat in granulated
  sugar.
  
  3. Combine flour, almonds and salt. Mix into creamed mixture. Shape dough
  into balls using one level measuring tablespoon for each. Place 2 inches
  apart on ungreased baking sheet.
  
  4. Bake at 350 for 10 to 12 minutes. ( Cookies will not brown. DO NOT
  overbake. ) Remove to cooling rack.
  
  5. Roll slightly warm cookies in confectioners sugar. Roll in confectioners
  sugar again when cookies are completely cool.
  
  Makes 3 dozen cookies.
  
  Source: Butter Flavor Crisco Cookie Collection, page 9. Shared by: David
  Knight
  Posted to MM-Recipes Digest V4 #295 by "John Weber" &lt;hdbrer@ibm.net&gt; on Nov
  13, 97
 
</step></directions></recipe></recipeml>
