<?xml version="1.0" encoding="UTF-8"?>

<recipeml version="0.5">
  <recipe>
    <head>
      <title>Almost Better Than Sex Cake</title>
      <categories>
        <cat>Cakes</cat>
        <cat>Chocolate</cat></categories>
      <yield>16</yield></head>
    <ingredients>
      <ing>
        <amt>
          <qty>1</qty>
          <unit/></amt>
        <item>German chocolate cake mix</item></ing>
      <ing>
        <amt>
          <qty>1</qty>
          <unit>cup</unit></amt>
        <item>Semisweet chocolate chips</item></ing>
      <ing>
        <amt>
          <qty>14</qty>
          <unit>ounces</unit></amt>
        <item>Sweetened condensed milk; canned</item></ing>
      <ing>
        <amt>
          <qty/>
          <unit/></amt>
        <item>Caramel topping</item></ing>
      <ing>
        <amt>
          <qty>12</qty>
          <unit>ounces</unit></amt>
        <item>Cool whip</item></ing>
      <ing>
        <amt>
          <qty>3</qty>
          <unit/></amt>
        <item>Heath bars; crushed</item></ing></ingredients>
    <directions>
      <step>  Recipe by: Sue Klapper Preparation Time: 0:35 Heat oven to 350 F. Grease
  and flour 9 x 13 inch pan. Prepare cake mix as directed on package; pour
  into prepared pan. After 10 minutes of baking, sprinkle with chocolate
  chips.  Continue baking until cake is done.  While cake is still hot, poke
  holes in it with handle of wooden spoon. Pour sweetened condensed milk over
  cake; let cool.  Top with caramel sauce, then whipped topping. Sprinkle
  with candy bars.
  Posted to Bakery-Shoppe Digest V1 #230 by novmom@juno.com (Angela
  Gilliland) on Sep 10, 1997
 
</step></directions></recipe></recipeml>
