<?xml version="1.0" encoding="UTF-8"?>

<recipeml version="0.5">
  <recipe>
    <head>
      <title>Almond Potato Cake</title>
      <categories>
        <cat>Cakes</cat></categories>
      <yield>8</yield></head>
    <ingredients>
      <ing>
        <amt>
          <qty>1</qty>
          <unit>cup</unit></amt>
        <item>Water</item></ing>
      <ing>
        <amt>
          <qty>1/2</qty>
          <unit>teaspoons</unit></amt>
        <item>Salt</item></ing>
      <ing>
        <amt>
          <qty>1</qty>
          <unit>package</unit></amt>
        <item>4 serving size of instant</item></ing>
      <ing>
        <amt>
          <qty/>
          <unit/></amt>
        <item>Mashed potatoes</item></ing>
      <ing>
        <amt>
          <qty>1/3</qty>
          <unit>cups</unit></amt>
        <item>Butter or margarine</item></ing>
      <ing>
        <amt>
          <qty>1</qty>
          <unit>cup</unit></amt>
        <item>Sugar</item></ing>
      <ing>
        <amt>
          <qty>2</qty>
          <unit/></amt>
        <item>Eggs</item></ing>
      <ing>
        <amt>
          <qty>3/4</qty>
          <unit>teaspoons</unit></amt>
        <item>Almond extract</item></ing>
      <ing>
        <amt>
          <qty>3/4</qty>
          <unit>cups</unit></amt>
        <item>Ground almonds</item></ing></ingredients>
    <directions>
      <step>  Boil water and salt,. remove from heat and stir in potatoes. cool. cream
  butter and sugar until light. beat in eggs one at a time, then almond
  extract, almonds and cooled potatoes. Turn into a greased and floured 8
  inch square baking pan. Bake 350 for 50 minutes or tested done. Cool in pan
  10 minutes. Remove from pan and cool completely. Sprinkle with powdered
  sugar. serve a custard sauce on the side.
  
  From Gemini's MASSIVE MealMaster collection at www.synapse.com/~gemini
 
</step></directions></recipe></recipeml>
