<?xml version="1.0" encoding="UTF-8"?>

<recipeml version="0.5">
  <recipe>
    <head>
      <title>Almond Truffle Cheesecake</title>
      <categories>
        <cat>Pie</cat></categories>
      <yield>10</yield></head>
    <ingredients>
      <ing>
        <amt>
          <qty>1 1/4</qty>
          <unit>cups</unit></amt>
        <item>Vanilla wafers; crushed</item></ing>
      <ing>
        <amt>
          <qty>3/4</qty>
          <unit>cups</unit></amt>
        <item>Almonds; toasted, coarsely ground</item></ing>
      <ing>
        <amt>
          <qty>1 1/2</qty>
          <unit>cups</unit></amt>
        <item>Sugar; divided</item></ing>
      <ing>
        <amt>
          <qty>1/4</qty>
          <unit>cups</unit></amt>
        <item>Butter or margarine; melted</item></ing>
      <ing>
        <amt>
          <qty>24</qty>
          <unit>ounces</unit></amt>
        <item>Cream cheese; softened</item></ing>
      <ing>
        <amt>
          <qty>2</qty>
          <unit>tablespoons</unit></amt>
        <item>Cocoa; unsweetened</item></ing>
      <ing>
        <amt>
          <qty>12</qty>
          <unit>ounces</unit></amt>
        <item>Bittersweet chocolate; melted</item></ing>
      <ing>
        <amt>
          <qty>4</qty>
          <unit/></amt>
        <item>Eggs</item></ing>
      <ing>
        <amt>
          <qty>3/4</qty>
          <unit>cups</unit></amt>
        <item>Amaretto di Amore</item></ing>
      <ing>
        <amt>
          <qty>1/4</qty>
          <unit>cups</unit></amt>
        <item>Whipping cream</item></ing>
      <ing>
        <amt>
          <qty>20</qty>
          <unit/></amt>
        <item>Almonds; blanched, toated</item></ing>
      <ing>
        <amt>
          <qty>4</qty>
          <unit>ounces</unit></amt>
        <item>Bittersweet chocolate; melted, divided</item></ing></ingredients>
    <directions>
      <step>  From: Bobb1744@aol.com
  
  Date: Tue, 27 Feb 1996 19:46:50 -0500
  
  Recipe By: Simply Southern/Southern Living Cooking School, '94
  Combine vanilla wafers, ground almonds, 1/4 cup sugar and butter. Stir
  well. Press firmly on bottom of 9" springform pan. Set aside.
  
  Beat cream cheese until fluffy in a large mixing bowl. Gradually beat in
  remaining 1 1/4 cups sugar and cocoa until smooth. Add 12 oz. melted
  chocolate, beating well. Add eggs, amaretto, and whipping cream, mixing
  well.
  
  Pour mixture into prepared pan. Bake at 350ø for 60-65 minutes or until
  center is just set.  Cool completely. Cover and refrigerate overnight.
  
  To serve: remove sides of pan and place on serving plate. Drizzle 3 oz.
  melted chocolate over cheesecake. Dip half of each whole almond in
  remaining 1 oz. melted chocolate and arrange on cheesecake.
  
  MC-RECIPE@MASTERCOOK.COM
  
  MASTERCOOK RECIPES LIST SERVER
  
  REFRIGERATE OVERNIGHT
  
  From the MasterCook recipe list.  Downloaded from Glen's MM Recipe Archive,
  http://www.erols.com/hosey.
 
</step></directions></recipe></recipeml>
