<?xml version="1.0" encoding="UTF-8"?>

<recipeml version="0.5">
  <recipe>
    <head>
      <title>Almost Fat-Free Cheescake</title>
      <categories>
        <cat>Dessert</cat></categories>
      <yield>8</yield></head>
    <ingredients>
      <ing-div>
        <title>CRUST</title>
        <ing>
          <amt>
            <qty>5</qty>
            <unit>ounces</unit></amt>
          <item>Graham Crackers; (1 1/4 cups crumbs)</item></ing>
        <ing>
          <amt>
            <qty>2</qty>
            <unit>tablespoons</unit></amt>
          <item>Sugar</item></ing>
        <ing>
          <amt>
            <qty>1/4</qty>
            <unit>cups</unit></amt>
          <item>Oil; or melted margarine</item></ing></ing-div>
      <ing-div>
        <title>FILLING</title>
        <ing>
          <amt>
            <qty>15</qty>
            <unit>ounces</unit></amt>
          <item>Fat-Free Ricotta Cheese; (1 3/4 cups)</item></ing>
        <ing>
          <amt>
            <qty>3/4</qty>
            <unit>cups</unit></amt>
          <item>Nonfat Sour Cream</item></ing>
        <ing>
          <amt>
            <qty>3/4</qty>
            <unit>cups</unit></amt>
          <item>Sugar</item></ing>
        <ing>
          <amt>
            <qty>2</qty>
            <unit>tablespoons</unit></amt>
          <item>Flour</item></ing>
        <ing>
          <amt>
            <qty>2</qty>
            <unit>large</unit></amt>
          <item>Eggs; separated</item></ing>
        <ing>
          <amt>
            <qty>1</qty>
            <unit>large</unit></amt>
          <item>Lemon; grated Peel Of (1 1/2 teaspoons)</item></ing>
        <ing>
          <amt>
            <qty>1</qty>
            <unit>teaspoon</unit></amt>
          <item>Vanilla Extract</item></ing></ing-div>
      <ing-div>
        <title>TOPPING</title>
        <ing>
          <amt>
            <qty>1/2</qty>
            <unit>cups</unit></amt>
          <item>Plain Nonfat Yogurt</item></ing>
        <ing>
          <amt>
            <qty>1</qty>
            <unit>cup</unit></amt>
          <item>Nonfat Sour Cream</item></ing>
        <ing>
          <amt>
            <qty>3</qty>
            <unit>tablespoons</unit></amt>
          <item>Sugar</item></ing>
        <ing>
          <amt>
            <qty>1</qty>
            <unit>teaspoon</unit></amt>
          <item>Vanilla Extract</item></ing></ing-div></ingredients>
    <directions>
      <step>  From: kmeade@ids2.idsonline.com (The Meades)
  
  Date: Mon, 1 Jul 1996 15:42:27 -0400
  Recipe By: Kay Hinga &lt;HINGA@IPFWCVAX.BITNET&gt;
  
  For crust, process crackers in food processor to fine crumbs. measure 1.25
  cups.  Mix crumbs with sugar. Add oil and mix well. Lightly grease 9-inch
  springform pan. Press crumb mixture in even layer on bottom and about 1
  inch up sides of the pan. Bake at 350 degrees for 8 minutes. Cool
  completely. Leave oven at 350 degrees
  
  For filling, beat cheese with non-fat sour cream at low speed until very
  smooth.  Gradually beat in sugar. Beat in flour, egg yolks, lemon peel and
  vanilla.
  
  Whip egg whites in small bowl until stiff. Fold them into cheese mixture.
  Carefully pour filling into cooled crust. Bake until top center is firm
  (cracks will form in cake) about 50 minutes. Remove from oven. cool 15
  minutes. Increase oven temperature to 425 degrees.
  
  to prepare topping, pour off any liquid from top of yogurt. Mix yogurt with
  nonfat sour cream, sugar and vanilla. Spoon topping evenly over cake.
  Carefully spread topping in even layer, without letting it drip over edge
  of cake. Return cake to oven and bake 7 minutes longer. cool to room
  temperature. Cover and refrigerate at least 2 hours before serving. Remove
  sides of springform pan just before serving.
  
  Makes 8 servings.
  
  NOTES : From our local newspaper
  
  "this cheesecake is made from fat-free cheeses and contains no butterfat.
  There is a small amount of fat in the curst and the eggs"
  
  MC-Recipe Digest V1 #136
  
  From the MasterCook recipe list.  Downloaded from Glen's MM Recipe Archive,
  http://www.erols.com/hosey.
 
</step></directions></recipe></recipeml>
