<?xml version="1.0" encoding="UTF-8"?>

<recipeml version="0.5">
  <recipe>
    <head>
      <title>Almond Streusel Bundt Cake and Coffee Glaze</title>
      <categories>
        <cat>Bundt</cat>
        <cat>Nuts</cat></categories>
      <yield>8</yield></head>
    <ingredients>
      <ing-div>
        <title>BILLS20086</title></ing-div>
      <ing-div>
        <title>STREUSEL</title>
        <ing>
          <amt>
            <qty>1/2</qty>
            <unit>cups</unit></amt>
          <item>Brown sugar; packed</item></ing>
        <ing>
          <amt>
            <qty>1/2</qty>
            <unit>cups</unit></amt>
          <item>Almonds; chop, toasted</item></ing>
        <ing>
          <amt>
            <qty>3/4</qty>
            <unit>teaspoons</unit></amt>
          <item>Cinnamon</item></ing>
        <ing>
          <amt>
            <qty>1/3</qty>
            <unit>cups</unit></amt>
          <item>Old fashioned oats</item></ing>
        <ing>
          <amt>
            <qty>1 1/2</qty>
            <unit>teaspoons</unit></amt>
          <item>Instant coffee powder -=OR=- expresso powder</item></ing>
        <ing>
          <amt>
            <qty>1/4</qty>
            <unit>cups</unit></amt>
          <item>Butter; chilled, cut pieces</item></ing></ing-div>
      <ing-div>
        <title>CAKE</title>
        <ing>
          <amt>
            <qty>3</qty>
            <unit>cups</unit></amt>
          <item>Cake flour; sifted</item></ing>
        <ing>
          <amt>
            <qty>1</qty>
            <unit>tablespoon</unit></amt>
          <item>Baking powder</item></ing>
        <ing>
          <amt>
            <qty>1</qty>
            <unit>cup</unit></amt>
          <item>Whole almonds; toasted</item></ing>
        <ing>
          <amt>
            <qty>3/4</qty>
            <unit>cups</unit></amt>
          <item>Unsalted butter; room temp</item></ing>
        <ing>
          <amt>
            <qty>1/2</qty>
            <unit>cups</unit></amt>
          <item>Almond paste</item></ing>
        <ing>
          <amt>
            <qty>1 2/3</qty>
            <unit>cups</unit></amt>
          <item>Sugar</item></ing>
        <ing>
          <amt>
            <qty>1/2</qty>
            <unit>teaspoons</unit></amt>
          <item>Almond extract</item></ing>
        <ing>
          <amt>
            <qty>1</qty>
            <unit>cup</unit></amt>
          <item>Milk</item></ing>
        <ing>
          <amt>
            <qty>6</qty>
            <unit>large</unit></amt>
          <item>Egg whites; room temp</item></ing></ing-div>
      <ing-div>
        <title>GLAZE</title>
        <ing>
          <amt>
            <qty>1</qty>
            <unit>cup</unit></amt>
          <item>Powdered sugar</item></ing>
        <ing>
          <amt>
            <qty>1/4</qty>
            <unit>cups</unit></amt>
          <item>Whipping cream</item></ing>
        <ing>
          <amt>
            <qty>1</qty>
            <unit>teaspoon</unit></amt>
          <item>Instant coffee powder</item></ing>
        <ing>
          <amt>
            <qty>1/3</qty>
            <unit>cups</unit></amt>
          <item>Almonds; sliced, toasted</item></ing></ing-div></ingredients>
    <directions>
      <step>  STREUSEL: Mix all but butter in a small bowl. Add butter and rub in with
  fingertips until well blended. Set aside.
  
  CAKE: Preheat oven to 350~. Butter and flour a 12-cup Bundt pan. Mix flour
  and baking powder in a small bowl. Finely grind almonds in processor. Using
  electric mixer, beat butter and almond paste in a large bowl until blended.
  Gradually beat in 1-1/3 cups sugar. Continue beating until fluffy. Beat in
  extract. Stir in dry ingredients alternately with milk. Mix in ground
  almonds. Using electric mixer fitted with clean dry beaters, beat egg
  whites in another large bowl to medium peaks. Gradually add remaining 1/3
  cup sugar and beat until stiff but not dry. Fold meringue into batter in 2
  additions. Transfer half the batter to prepared Bundt pan. Sprinkle
  streusel over. Spoon remaining batter over. Bake cake until tested done,
  about 1 hour. Cool in cake pan on rack for 20 minutes. Turn cake out onto
  rack and cool completely. (Cake can be made 1 day ahead; cover and let
  stand at room temperature.)
  
  GLAZE: Stir powdered sugar, whipping cream and instant coffee powder in a
  small bowl until well blended. Drizzle glaze over cake, allowing to run
  down sides. Sprinkle cake with sliced almonds. =============== Reply 25 of
  Note    1 =================
  
  Board:      FOOD BB Topic: FOOD SOFTWARE Subject: Z MM- NEW FORMATS
  
  To:     VDRJ67A    PATTI ANDERSON        Date:
    03/07 From: VDRJ67A PATTI ANDERSON        Time:
     5:10 PM
  
  From Gemini's MASSIVE MealMaster collection at www.synapse.com/~gemini
 
</step></directions></recipe></recipeml>
