<?xml version="1.0" encoding="UTF-8"?>

<recipeml version="0.5">
  <recipe>
    <head>
      <title>Almond Sandies</title>
      <categories>
        <cat>Cookies</cat>
        <cat>Desserts</cat>
        <cat>Taste of ho</cat></categories>
      <yield>1</yield></head>
    <ingredients>
      <ing>
        <amt>
          <qty>1</qty>
          <unit>cup</unit></amt>
        <item>Butter or margarine, softened</item></ing>
      <ing>
        <amt>
          <qty>1</qty>
          <unit>cup</unit></amt>
        <item>Sugar</item></ing>
      <ing>
        <amt>
          <qty>1</qty>
          <unit>teaspoon</unit></amt>
        <item>Almond extract</item></ing>
      <ing>
        <amt>
          <qty>1 3/4</qty>
          <unit>cups</unit></amt>
        <item>All-purpose flour</item></ing>
      <ing>
        <amt>
          <qty>1/2</qty>
          <unit>teaspoons</unit></amt>
        <item>Baking soda</item></ing>
      <ing>
        <amt>
          <qty>1/4</qty>
          <unit>teaspoons</unit></amt>
        <item>Baking powder</item></ing>
      <ing>
        <amt>
          <qty>1/4</qty>
          <unit>teaspoons</unit></amt>
        <item>Salt</item></ing>
      <ing>
        <amt>
          <qty>1/2</qty>
          <unit>cups</unit></amt>
        <item>Slivered almonds</item></ing></ingredients>
    <directions>
      <step>  In a mixing bowl, cream butter and sugar. Add extract; mix well. Combine
  flour, baking soda, baking powder and salt; gradually add to creamed
  mixture. Fold in almonds. Drop by rounded teaspoonfuls onto ungreased
  baking sheets. Bake at 300 degrees for 22-24 minutes or until lightly
  browned. Cool 1-2 minutes before removing to a wire rack. Yield: about 4
  dozen.
  
  NOTES : "'Buttery, rich and delicious, Almond Sandies are my husband's
  favorite cookie and very popular where ever I take them,' remarks Joyce
  Pierce of Caldonia, Michigan."
  
  Recipe by: Taste of Home, June/July, 1997 Posted to MC-Recipe Digest V1
  #648 by NGavlak@aol.com on Jun 23, 1997
 
</step></directions></recipe></recipeml>
