<?xml version="1.0" encoding="UTF-8"?>

<recipeml version="0.5">
  <recipe>
    <head>
      <title>Almond Puff</title>
      <categories>
        <cat>Appetizers</cat></categories>
      <yield>6</yield></head>
    <ingredients>
      <ing>
        <amt>
          <qty>1/2</qty>
          <unit>cups</unit></amt>
        <item>Butter (or margarine), softened</item></ing>
      <ing>
        <amt>
          <qty>1</qty>
          <unit>cup</unit></amt>
        <item>Gold Medal flour</item></ing>
      <ing>
        <amt>
          <qty>2</qty>
          <unit>tablespoons</unit></amt>
        <item>Water</item></ing>
      <ing>
        <amt>
          <qty>1/2</qty>
          <unit>cups</unit></amt>
        <item>Butter (or margarine)</item></ing>
      <ing>
        <amt>
          <qty>1</qty>
          <unit>cup</unit></amt>
        <item>Water</item></ing>
      <ing>
        <amt>
          <qty>1</qty>
          <unit>teaspoon</unit></amt>
        <item>Almond extract</item></ing>
      <ing>
        <amt>
          <qty>1</qty>
          <unit>cup</unit></amt>
        <item>Gold Medal flour</item></ing>
      <ing>
        <amt>
          <qty>3</qty>
          <unit/></amt>
        <item>Eggs</item></ing></ingredients>
    <directions>
      <step>  Chopped nuts Confectioners' Sugar Glaze (below)
  
  Heat oven to 350. Cut 1/2 C. butter into 1 C. flour. Sprinkle 2 tbsp. water
  over mixture; mix with fork. Round into ball; divide in half. On ungreased
  baking sheet, pat each half into a strip, 12 by 3 inches. Strips should be
  about 3 inches apart.
  
  In medium saucepan, heat 1/2 C. butter &amp; 1 C. water to rolling boil. Remove
  from heat &amp; quickly stir in almond extract &amp; 1 C. flour. Stir vigorously
  over low heat until mixture forms a ball, about 1 minute. Remove from heat.
  Beat in eggs, all at one time, until smooth. Divide in half; spread each
  half evenly over strips, covering completely.
   Bake about 60 minutes or until topping is crisp &amp; brown. Cool. Frost with
  Confectioners' Sugar Glaze &amp; sprinkle generously with nuts.  10 to 12
  servings
  
  CONFECTIONERS' SUGAR GLAZE
  
  Mix 1 1/2 C. confectioners' sugar, 2 tbsp. butter,(softened), 1 to 1 1/2
  tsp. almond extract or 1 1/2 tsp. Vanilla &amp; 1 to 2 tbsp. warm water until
  smooth.
  Posted to MM-Recipes Digest V3 #323
  
  Date: Sun, 24 Nov 1996 20:47:09 -0500
  
  From: BobbieB1@aol.com
 
</step></directions></recipe></recipeml>
