<?xml version="1.0" encoding="UTF-8"?>

<recipeml version="0.5">
  <recipe>
    <head>
      <title>Almond Sticky Muffins</title>
      <categories>
        <cat>None</cat></categories>
      <yield>12</yield></head>
    <ingredients>
      <ing>
        <amt>
          <qty>1</qty>
          <unit>cup</unit></amt>
        <item>Toasted chopped almonds</item></ing>
      <ing>
        <amt>
          <qty>1/2</qty>
          <unit>cups</unit></amt>
        <item>Melted butter</item></ing>
      <ing>
        <amt>
          <qty>3/4</qty>
          <unit>cups</unit></amt>
        <item>Brown sugar</item></ing>
      <ing>
        <amt>
          <qty>1</qty>
          <unit>teaspoon</unit></amt>
        <item>Light corn syrup</item></ing>
      <ing>
        <amt>
          <qty>1 1/2</qty>
          <unit>cups</unit></amt>
        <item>Flour</item></ing>
      <ing>
        <amt>
          <qty>1/2</qty>
          <unit>cups</unit></amt>
        <item>Natural unprocessed bran</item></ing>
      <ing>
        <amt>
          <qty>1</qty>
          <unit>tablespoon</unit></amt>
        <item>Baking powder</item></ing>
      <ing>
        <amt>
          <qty>1</qty>
          <unit>teaspoon</unit></amt>
        <item>Cinnamon</item></ing>
      <ing>
        <amt>
          <qty>1/4</qty>
          <unit>teaspoons</unit></amt>
        <item>Salt</item></ing>
      <ing>
        <amt>
          <qty>2</qty>
          <unit/></amt>
        <item>Eggs</item></ing>
      <ing>
        <amt>
          <qty>1</qty>
          <unit>cup</unit></amt>
        <item>Milk</item></ing>
      <ing>
        <amt>
          <qty>1</qty>
          <unit>teaspoon</unit></amt>
        <item>Vanilla extract</item></ing>
      <ing>
        <amt>
          <qty>1/4</qty>
          <unit>teaspoons</unit></amt>
        <item>Almond extract</item></ing>
      <ing>
        <amt>
          <qty>1/4</qty>
          <unit>teaspoons</unit></amt>
        <item>Grated orange peel</item></ing>
      <ing>
        <amt>
          <qty>1/4</qty>
          <unit>cups</unit></amt>
        <item>Currants</item></ing></ingredients>
    <directions>
      <step>  Preheat oven to 350F. Sprinkle 1/2 cup toasted almonds equally among 4
  dozen minimuffin cups or 12 regular muffin cups. Stir together 1/4 cup
  butter, 1/4 cup brown sugar and the corn syrup; divide between muffin cups.
  Set aside. Combine flour with remaining 1/2 cup brown sugar, bran, baking
  powder, cinnamon and salt; mix well. Whisk together eggs, remaining 1/4 cup
  butter, milk, vanilla, almond extract and orange peel. Pour wet ingredients
  into dry ingredients and mix until just moistened. Fold in remaining 1/2
  cup almonds and currants. Spoon batter into prepared muffin cups. Bake 20
  minutes for minimuffins or 25-30 minutes for regular muffins, until tops
  are golden brown. Remove from oven and turn pans upside down on baking
  sheet. Let pans stand upside-down several minutes to allow sticky mixture
  to coat muffins. Remove from pan and scrape any remaining mixture onto
  muffins. Yields 4 dozen minimuffins or
       12    regular muffins.
  
  Amount Per Serving Calories 268 Calories from Fat 141 Percent Total
  Calories From: Fat 53% Protein 9% Carb. 38%
  
  Nutrient Amount per % Daily Serving Value Total Fat 16 g 24% Saturated Fat
  6 g 30% Cholesterol 59 mg 20% Sodium 239 mg 10% Total Carbohydrate 26 g 9%
  Dietary Fiber 1 g 3% Protein 6 g
  
  Vitamin A 7% Vitamin C 8% Iron 8%
  Posted to recipelu-digest by jeryder@juno.com on Mar 24, 1998
 
</step></directions></recipe></recipeml>
