<?xml version="1.0" encoding="UTF-8"?>

<recipeml version="0.5">
  <recipe>
    <head>
      <title>Almond Rice Pilaf with Artichoke Hearts</title>
      <categories>
        <cat>Bnr</cat>
        <cat>Posted</cat>
        <cat>Main dishes</cat></categories>
      <yield>1</yield></head>
    <ingredients>
      <ing>
        <amt>
          <qty>1</qty>
          <unit>package</unit></amt>
        <item>Chicken Rice-a-Roni</item></ing>
      <ing>
        <amt>
          <qty>1</qty>
          <unit/></amt>
        <item>Jar marinated artichoke hearts; (12 oz)</item></ing>
      <ing>
        <amt>
          <qty>1</qty>
          <unit>cup</unit></amt>
        <item>Mayonnaise</item></ing>
      <ing>
        <amt>
          <qty>1</qty>
          <unit/></amt>
        <item>Chopped green bell pepper</item></ing>
      <ing>
        <amt>
          <qty>2</qty>
          <unit>tablespoons</unit></amt>
        <item>Curry powder - or more to taste</item></ing>
      <ing>
        <amt>
          <qty/>
          <unit/></amt>
        <item>Green onions</item></ing>
      <ing>
        <amt>
          <qty/>
          <unit/></amt>
        <item>Green olives</item></ing></ingredients>
    <directions>
      <step>  Prepare rice-a-roni as directed on package. Add diced peppers, onions,
  olives, and artichoke hearts. Stir in mayo, curry and refrigerate. Even
  better the next day! I sometimes make a main dish out of this by adding
  shrimp or turkey.
  
  NOTES : From: Kathy in CA
  Posted to brand-name-recipes by Meg Antczak &lt;meginny@frontiernet.net&gt; on
  Apr 03, 1998
 
</step></directions></recipe></recipeml>
