<?xml version="1.0" encoding="UTF-8"?>

<recipeml version="0.5">
  <recipe>
    <head>
      <title>Almost Fried Lemon Chicken</title>
      <categories>
        <cat>None</cat></categories>
      <yield>4</yield></head>
    <ingredients>
      <ing>
        <amt>
          <qty>2</qty>
          <unit/></amt>
        <item>Egg whites -- at room</item></ing>
      <ing>
        <amt>
          <qty/>
          <unit/></amt>
        <item>Temperature</item></ing>
      <ing>
        <amt>
          <qty>4</qty>
          <unit>teaspoons</unit></amt>
        <item>Lemon juice -- at room</item></ing>
      <ing>
        <amt>
          <qty/>
          <unit/></amt>
        <item>Temperature</item></ing>
      <ing>
        <amt>
          <qty>1/2</qty>
          <unit>teaspoons</unit></amt>
        <item>Cayenne</item></ing>
      <ing>
        <amt>
          <qty>4</qty>
          <unit/></amt>
        <item>Boneless skinless chicken</item></ing>
      <ing>
        <amt>
          <qty/>
          <unit/></amt>
        <item>Breasts</item></ing>
      <ing>
        <amt>
          <qty>1</qty>
          <unit>tablespoon</unit></amt>
        <item>Bread crumbs</item></ing>
      <ing>
        <amt>
          <qty>1/4</qty>
          <unit>teaspoons</unit></amt>
        <item>Salt</item></ing>
      <ing>
        <amt>
          <qty>1/4</qty>
          <unit>teaspoons</unit></amt>
        <item>Black pepper</item></ing></ingredients>
    <directions>
      <step>  Preheat oven at 400.  Prepare pan with foil, sprayed with cooking spray.
  Whisk egg whites with 1 teaspoon lemon juice and cayenne in a mixing bowl.
  Add chicken to mixture and turn to coat all sides.  In a wide, shallow dish
  combine, bread crumbs, salt, and pepper, and blend well.  Remove chicken
  pieces from egg mixture and press into bread crumbs, coating all sides with
  crumbs.  Place chicken on a clean platter, cover and refrigerate for 1
  hour.  Place chicken pieces in a single layer in a prepared baking dish and
  bake for 15 minutes.  Carefully turn chicken pieces and bake for an
  additional 10 minutes or until cooked through and golden. Arrange chicken
  on a heated serving platter.  Drizzle pieces with remaining lemon juice.
  
  Recipe By     : Corinne T. Netzer
  
  From: Ladies Home Journal- August 1991
  
  File ftp://ftp.idiscover.co.uk/pub/food/mealmaster/recipes/mmdja006.zip
 
</step></directions></recipe></recipeml>
