<?xml version="1.0" encoding="UTF-8"?>

<recipeml version="0.5">
  <recipe>
    <head>
      <title>Almond Quiche</title>
      <categories>
        <cat>Quiche</cat></categories>
      <yield>6</yield></head>
    <ingredients>
      <ing>
        <amt>
          <qty>1/2</qty>
          <unit>cups</unit></amt>
        <item>Onion; chopped</item></ing>
      <ing>
        <amt>
          <qty>2</qty>
          <unit>tablespoons</unit></amt>
        <item>Butter</item></ing>
      <ing>
        <amt>
          <qty>2</qty>
          <unit/></amt>
        <item>Egg; beaten</item></ing>
      <ing>
        <amt>
          <qty>1</qty>
          <unit>cup</unit></amt>
        <item>Half and Half</item></ing>
      <ing>
        <amt>
          <qty>1</qty>
          <unit>cup</unit></amt>
        <item>Milk</item></ing>
      <ing>
        <amt>
          <qty>1</qty>
          <unit>tablespoon</unit></amt>
        <item>Flour</item></ing>
      <ing>
        <amt>
          <qty>1/4</qty>
          <unit>teaspoons</unit></amt>
        <item>Pepper; white</item></ing>
      <ing>
        <amt>
          <qty>1 1/2</qty>
          <unit>cups</unit></amt>
        <item>Swiss cheese; shredded</item></ing>
      <ing>
        <amt>
          <qty>1</qty>
          <unit>cup</unit></amt>
        <item>Almonds; sliced</item></ing>
      <ing>
        <amt>
          <qty>1</qty>
          <unit/></amt>
        <item>Pie Shell; baked</item></ing></ingredients>
    <directions>
      <step>  1. Saute onion in butter until tender. In small bowl, beat together the
  eggs, both milks, flour and pepper until lightly frothy.
  
  2. Stir in the cooked onion, cheese and toasted sliced almonds until well
  mixed.
  
  3. Pour the mixture into a still hot baked pie shell. Bake at 325F for
  about
       45    minutes.
  
  4. When done, a knife inserted in the middle will come out clean. Let stand
  for 10 minutes, slice and serve.
  Posted to recipelu-digest Volume 01 Number 427 by RecipeLu
  &lt;recipelu@geocities.com&gt; on Dec 31, 1997
 
</step></directions></recipe></recipeml>
