<?xml version="1.0" encoding="UTF-8"?>

<recipeml version="0.5">
  <recipe>
    <head>
      <title>Almond Thatched Cottages</title>
      <categories>
        <cat>Cookies</cat></categories>
      <yield>1</yield></head>
    <ingredients>
      <ing>
        <amt>
          <qty/>
          <unit/></amt>
        <item>Brown Sugar Sweeties Recipe</item></ing></ingredients>
    <directions>
      <step>  Beat 1/4 cup unsweetened cocoa powder into dough. Roll out; cut out
  using 4" house cutter. Bake 8-10 minutes. Decorate cooled cookies
  with plain Royal Icing. Decorate with sliced almonds, sliced gumdrops
  for doors &amp; windows &amp; chocolate candies for chimneys.
  
  File ftp://ftp.idiscover.co.uk/pub/food/mealmaster/recipes/mmkah001.zip
 
</step></directions></recipe></recipeml>
