<?xml version="1.0" encoding="UTF-8"?>

<recipeml version="0.5">
  <recipe>
    <head>
      <title>Almond Ricotta Custard</title>
      <categories>
        <cat>Desserts</cat></categories>
      <yield>4</yield></head>
    <ingredients>
      <ing>
        <amt>
          <qty>1</qty>
          <unit>cup</unit></amt>
        <item>Ricotta cheese</item></ing>
      <ing>
        <amt>
          <qty>1</qty>
          <unit>cup</unit></amt>
        <item>Evaporated milk</item></ing>
      <ing>
        <amt>
          <qty>3</qty>
          <unit/></amt>
        <item>Eggs; beaten</item></ing>
      <ing>
        <amt>
          <qty>3/4</qty>
          <unit>cups</unit></amt>
        <item>Sugar</item></ing>
      <ing>
        <amt>
          <qty>1/2</qty>
          <unit>teaspoons</unit></amt>
        <item>Almond extract</item></ing>
      <ing>
        <amt>
          <qty/>
          <unit/></amt>
        <item>Cinnamon or nutmeg</item></ing>
      <ing>
        <amt>
          <qty>1</qty>
          <unit>teaspoon</unit></amt>
        <item>Lemon juice</item></ing>
      <ing>
        <amt>
          <qty>1</qty>
          <unit>teaspoon</unit></amt>
        <item>Almonds; thin sliced</item></ing></ingredients>
    <directions>
      <step>     Preheat oven to 350F. Press moisture out of ricotta cheese. Scald milk
  and pour over beaten eggs. Pour out the mixture into a blender or food
  processor and add the rest of the ingredients. Beat. Pour into shallow
  buttered dish. dust with cinnamon or nutmeg. Sprinkle thin sliced almonds
  on top. Set casserole dish inside larger pan partially filled with hot
  water. Cook 45 minutes at 350F. To test if done, insert knife near edge of
  dish. If knife comes out clean, the custard will be done when cool. Let
  cool before serving. Top with chocolate curls if desired. I won a microwave
  oven with this recipe
  Posted to MM-Recipes Digest  by "John Weber" &lt;hdbrer@ibm.net&gt; on Mar 12, 98
 
</step></directions></recipe></recipeml>
