<?xml version="1.0" encoding="UTF-8"?>

<recipeml version="0.5">
  <recipe>
    <head>
      <title>Almost-As-Good-As-Buttermilk Waffles</title>
      <categories>
        <cat>None</cat></categories>
      <yield>4</yield></head>
    <ingredients>
      <ing>
        <amt>
          <qty>1</qty>
          <unit>cup</unit></amt>
        <item>All-purpose flour</item></ing>
      <ing>
        <amt>
          <qty>1</qty>
          <unit>tablespoon</unit></amt>
        <item>Cornmeal; optional</item></ing>
      <ing>
        <amt>
          <qty>1/2</qty>
          <unit>teaspoons</unit></amt>
        <item>Salt</item></ing>
      <ing>
        <amt>
          <qty>1</qty>
          <unit>teaspoon</unit></amt>
        <item>Baking soda</item></ing>
      <ing>
        <amt>
          <qty>2</qty>
          <unit>teaspoons</unit></amt>
        <item>Cream of tartar</item></ing>
      <ing>
        <amt>
          <qty>1</qty>
          <unit/></amt>
        <item>Egg; separated</item></ing>
      <ing>
        <amt>
          <qty>3/4</qty>
          <unit>cups</unit></amt>
        <item>Milk; (scant)</item></ing>
      <ing>
        <amt>
          <qty>2</qty>
          <unit>tablespoons</unit></amt>
        <item>Melted butter; unsalted</item></ing></ingredients>
    <directions>
      <step>  1. Heat waffle iron. Whisk dry ingredients together in a medium bowl. Whisk
  yolk with milk and butter.
  
  2. Beat egg white until it just holds a 2-inch peak.
  
  3. Add liquid ingredients to dry ingredients in a thin steady stream while
  gently mixing with a rubber spatula-, be careful not to add liquid faster
  than you can incorporate it. Toward end of mixing, use a folding motion to
  incorporate ingredients-, gently fold egg whites into batter.
  
  4. Spread appropriate amount of batter onto waffle iron. Following
  manufacturer's instructions, cook waffle until golden brown, 2 to 5
  minutes. Serve immediately. (You can can keep waffles warm on a wire rack
  in a 200-degree oven for up to 5 minutes.)
  
  Serves 3 to 4.
  
  Cook's Illustrated, Nov./Dec. 1993, Page 28. Credit: Christopher Kimball.
  
  Nationality: USA Course: breakfast Season:any Method: slightly browned
  
  Start to Finish 30 minutes Preparation a minute or less Attention 30
  minutes Finishing 5 minutes
  
  Converted from Mangia!, Cook's Illustrated 1993-1995 Cookbook
  
  NOTES : If you're out of buttermilk, try this sweet-milk variation.  By
  making your own baking powder using baking soda and cream of tartar and by
  cutting back on the quantity of milk, you can make a thick,quite
  respectable batter.  The result is a waffle with a crisp crust and moist
  interior.
  Recipe by: Cook's Illustrated, Nov./Dec. 1993, Page 28.
  
  Posted to MC-Recipe Digest by "Hobbs, D B                 USO"
  &lt;hobbs@lbcapo1.uso.unisys.com&gt; on Mar 12, 1998
 
</step></directions></recipe></recipeml>
