<?xml version="1.0" encoding="UTF-8"?>

<recipeml version="0.5">
  <recipe>
    <head>
      <title>Almond Streusel Cake</title>
      <categories>
        <cat>Cake</cat></categories>
      <yield>16</yield></head>
    <ingredients>
      <ing-div>
        <title>STREUSEL</title>
        <ing>
          <amt>
            <qty>1</qty>
            <unit>cup</unit></amt>
          <item>Firmly packed light brown sugar</item></ing>
        <ing>
          <amt>
            <qty>1</qty>
            <unit>cup</unit></amt>
          <item>Sliced almonds</item></ing>
        <ing>
          <amt>
            <qty>1/4</qty>
            <unit>cups</unit></amt>
          <item>All-purpose flour</item></ing>
        <ing>
          <amt>
            <qty>3</qty>
            <unit>tablespoons</unit></amt>
          <item>Butter or margarine; melted</item></ing>
        <ing>
          <amt>
            <qty>1</qty>
            <unit>teaspoon</unit></amt>
          <item>Grated orange zest</item></ing></ing-div>
      <ing-div>
        <title>CAKE</title>
        <ing>
          <amt>
            <qty>1</qty>
            <unit/></amt>
          <item>Stick butter or margarine; softened</item></ing>
        <ing>
          <amt>
            <qty>1/2</qty>
            <unit>cups</unit></amt>
          <item>Granulated sugar</item></ing>
        <ing>
          <amt>
            <qty>3</qty>
            <unit>large</unit></amt>
          <item>Eggs</item></ing>
        <ing>
          <amt>
            <qty>1</qty>
            <unit>teaspoon</unit></amt>
          <item>Grated orange zest</item></ing>
        <ing>
          <amt>
            <qty>1/2</qty>
            <unit>teaspoons</unit></amt>
          <item>Vanilla extract</item></ing>
        <ing>
          <amt>
            <qty>2</qty>
            <unit>cups</unit></amt>
          <item>All-purpose flour</item></ing>
        <ing>
          <amt>
            <qty>1</qty>
            <unit>teaspoon</unit></amt>
          <item>Baking powder</item></ing>
        <ing>
          <amt>
            <qty>1</qty>
            <unit>teaspoon</unit></amt>
          <item>Baking soda</item></ing>
        <ing>
          <amt>
            <qty>2/3</qty>
            <unit>cups</unit></amt>
          <item>Orange juice</item></ing></ing-div>
      <ing-div>
        <title>GLAZE</title>
        <ing>
          <amt>
            <qty>1/2</qty>
            <unit>cups</unit></amt>
          <item>Confectioners' sugar</item></ing>
        <ing>
          <amt>
            <qty>2 1/2</qty>
            <unit>teaspoons</unit></amt>
          <item>Orange juice</item></ing></ing-div></ingredients>
    <directions>
      <step>  1. Preheat the oven to 350 degrees.  Grease a 9- or 10-inch tube pan.
  
  2. To prepare the streusel, in a medium bowl, mix together brown sugar,
  nuts, and flour. Stir in the butter and zest.
  
  3. To prepare cake, in a large bowl, using an electric mixer set on medium
  speed, beat together butter and sugar until fluffy. Add eggs, 1 at a time,
  beating well after each addition. Beat in zest and vanilla.
  
  4. In a large bowl, mix together the flour, baking powder, and baking soda.
  
  5. Reduce mixer speed to low.  Alternately beat flour mixture and orange
  juice into egg mixture, beginning and ending with flour.
  
  6. Spoon half of the batter into prepared pan. Sprinkle with half of the
  streusel. Top with the remaining batter and streusel.
  
  7. Bake until a toothpick inserted in center comes out clean, 30 to 35
  minutes. Transfer pan to a wire rack to cool completely.
  
  8. To prepare the glaze, in a cup, stir together confectioners' sugar and
  orange juice until smooth.
  
  9. Turn the cake out onto a serving plate, placing it right-side up.
  Drizzle with the glaze.
  
  FROM "GREAT AMERICAN HOME
  
  BAKING" CARDS
  
  From a collection of my mother's (Judy Hosey) recipe box which contained
  lots of her favorite recipes, clippings, etc.  Downloaded from Glen's MM
  Recipe Archive, http://www.erols.com/hosey.
 
</step></directions></recipe></recipeml>
