<?xml version="1.0" encoding="UTF-8"?>

<recipeml version="0.5">
  <recipe>
    <head>
      <title>Almond Puff</title>
      <categories>
        <cat>Breads</cat>
        <cat>Coffeecakes</cat></categories>
      <yield>1</yield></head>
    <ingredients>
      <ing>
        <amt>
          <qty>1/2</qty>
          <unit>cups</unit></amt>
        <item>Margarine</item></ing>
      <ing>
        <amt>
          <qty>1</qty>
          <unit>cup</unit></amt>
        <item>Flour</item></ing>
      <ing>
        <amt>
          <qty>2</qty>
          <unit>tablespoons</unit></amt>
        <item>Water</item></ing>
      <ing>
        <amt>
          <qty>1/2</qty>
          <unit>cups</unit></amt>
        <item>Margarine</item></ing>
      <ing>
        <amt>
          <qty>1</qty>
          <unit>cup</unit></amt>
        <item>Water</item></ing>
      <ing>
        <amt>
          <qty>1</qty>
          <unit>teaspoon</unit></amt>
        <item>Almond extract</item></ing>
      <ing>
        <amt>
          <qty>1</qty>
          <unit>cup</unit></amt>
        <item>Flour</item></ing></ingredients>
    <directions>
      <step>  Mix first 3 ingredients with fork until ball forms. Divide in half and pat
  into 2 12 x 2 strips. In a saucepan melt together the butter and
  water....bring to a rolling boil. Remove from heat and add the extract and
  flour. Add 3 eggs one at a time, beating well each time until smooth.
  Spread evenly over strips covering completely. Bake for 60 minutes at 350*.
  Cool. Frost with 1 1/2 cup pwd sugar, 2 TBS butter, 1 - 11/2 tsp almond
  ext., 1 - 2 TBS warm water.
  
  Recipe by: Betty Crocker
  
  Posted to TNT - Prodigy's Recipe Exchange Newsletter  by
  CherEBaby@prodigy.com ( CHERIE   EASTON) on Oct 16, 1997
 
</step></directions></recipe></recipeml>
