<?xml version="1.0" encoding="UTF-8"?>

<recipeml version="0.5">
  <recipe>
    <head>
      <title>Almond Pumpkin Charlotte</title>
      <categories>
        <cat>Dessert</cat></categories>
      <yield>8</yield></head>
    <ingredients>
      <ing>
        <amt>
          <qty>30</qty>
          <unit/></amt>
        <item>Single ladyfingers</item></ing>
      <ing>
        <amt>
          <qty>2</qty>
          <unit/></amt>
        <item>Envelopes unflavored gelatin</item></ing>
      <ing>
        <amt>
          <qty>2/3</qty>
          <unit>cups</unit></amt>
        <item>Milk( I used skim milk)</item></ing>
      <ing>
        <amt>
          <qty>1/3</qty>
          <unit>cups</unit></amt>
        <item>Dark rum</item></ing>
      <ing>
        <amt>
          <qty>4</qty>
          <unit/></amt>
        <item>Eggs; separated or</item></ing>
      <ing>
        <amt>
          <qty>1</qty>
          <unit>cup</unit></amt>
        <item>Eggbeaters with 8 tablespoons of Just Whites</item></ing>
      <ing>
        <amt>
          <qty>2/3</qty>
          <unit>cups</unit></amt>
        <item>Brown sugar</item></ing>
      <ing>
        <amt>
          <qty>2</qty>
          <unit>cups</unit></amt>
        <item>Mashed pumpkin (canned or freshly made0</item></ing>
      <ing>
        <amt>
          <qty>1</qty>
          <unit>teaspoon</unit></amt>
        <item>Grated orange peel</item></ing>
      <ing>
        <amt>
          <qty>1</qty>
          <unit>teaspoon</unit></amt>
        <item>Cinnamon</item></ing>
      <ing>
        <amt>
          <qty>1/2</qty>
          <unit>teaspoons</unit></amt>
        <item>Nutmeg</item></ing>
      <ing>
        <amt>
          <qty>1/2</qty>
          <unit>teaspoons</unit></amt>
        <item>Ginger</item></ing>
      <ing>
        <amt>
          <qty>1/4</qty>
          <unit>teaspoons</unit></amt>
        <item>Cloves; ground</item></ing>
      <ing>
        <amt>
          <qty>1</qty>
          <unit>cup</unit></amt>
        <item>Whipping cream;whipped with 3 tablespoons sugar</item></ing>
      <ing>
        <amt>
          <qty>1/2</qty>
          <unit>cups</unit></amt>
        <item>Toasted almonds. chopped</item></ing>
      <ing>
        <amt>
          <qty/>
          <unit/></amt>
        <item>Additional whipped cream for topping.</item></ing></ingredients>
    <directions>
      <step>  submitted by: LeiG@aol.com
  from: Great Recipes of the world Nov 1982
  
  trim off tip end of the ladyfingers to fit the height of an 8 inch
  springform pan . Stand ladyfingers in the pan with curved side against the
  side of pan.  Set aside. In a large saucepan, combine gelatin, milk, rum,
  egg yolks (reserve whites for later) and 1/3 cup of sugar. stir over low
  heat to make a soft custard, 5-10 minutes. remove from heat. Stir in
  pumpkin, orange peel and spices. Set aside. In another bowl, beat egg white
  until soft peaks form. Gradually beat in remaining sugar. gently fold egg
  white mixture and whipped cream into pumpkin alternately. fold in almonds.
  Turn into prepared Ladyfinger-lined pan. Cover with plastic wrap and chill
  for 6 hours or up to 3 days. when ready to serve, remove springform.Pipe
  rosettes of whipped cream around edges of dessert.
  
  Note: I did not have ladyfingers. so I crushed some nuts with sugar and
  spread on the bottom of the pan and left the sides bare. I also do not own
  a cake decorator, so cut a tiny corner off a baggie, put the whipped cream
  in and piped blobs. looked fine, tasted good.
  
  Recipe Archive - 29 July 96
  
  From the 'RECIPEinternet: Recipes from Around the World' recipe list.
  Downloaded from Glen's MM Recipe Archive, http://www.erols.com/hosey.
 
</step></directions></recipe></recipeml>
