<?xml version="1.0" encoding="UTF-8"?>

<recipeml version="0.5">
  <recipe>
    <head>
      <title>Almost Alfredo Sauce</title>
      <categories>
        <cat>Low fat</cat>
        <cat>Low cal</cat>
        <cat>Pasta</cat></categories>
      <yield>2</yield></head>
    <ingredients>
      <ing>
        <amt>
          <qty>4</qty>
          <unit>ounces</unit></amt>
        <item>Linguini</item></ing>
      <ing>
        <amt>
          <qty>1/2</qty>
          <unit>cups</unit></amt>
        <item>Low fat cottage cheese</item></ing>
      <ing>
        <amt>
          <qty>1</qty>
          <unit>tablespoon</unit></amt>
        <item>Skim milk</item></ing>
      <ing>
        <amt>
          <qty>1</qty>
          <unit>tablespoon</unit></amt>
        <item>Grated parmesan cheese</item></ing>
      <ing>
        <amt>
          <qty/>
          <unit/></amt>
        <item>Coarsely ground pepper</item></ing></ingredients>
    <directions>
      <step>  1. Cook linguini until desired doneness
  
  2. Meanwhile, place cottage cheese, skim milk and parmesan cheese in
  electric blender or food processor. Whirl until smooth.
  
  3. Toss linguini with sauce in serving bowl. Season with pepper and serve
  at once.
  
  Notes: 264 calories 2gm fat per serving
  Posted to recipelu-digest Volume 01 Number 444 by RecipeLu
  &lt;recipelu@geocities.com&gt; on Jan 04, 1998
 
</step></directions></recipe></recipeml>
