<?xml version="1.0" encoding="UTF-8"?>

<recipeml version="0.5">
  <recipe>
    <head>
      <title>Almost-As-Good-As-Sex Cake</title>
      <categories>
        <cat>Cake</cat></categories>
      <yield>16</yield></head>
    <ingredients>
      <ing>
        <amt>
          <qty>1</qty>
          <unit>package</unit></amt>
        <item>Yellow cake mix</item></ing>
      <ing>
        <amt>
          <qty>1</qty>
          <unit>can</unit></amt>
        <item>Sweetened condensed milk</item></ing>
      <ing>
        <amt>
          <qty>10</qty>
          <unit>ounces</unit></amt>
        <item>Frozen strawberry halves in syrup; thawed</item></ing>
      <ing>
        <amt>
          <qty>19</qty>
          <unit>ounces</unit></amt>
        <item>Strawberry ice cream topping</item></ing>
      <ing>
        <amt>
          <qty>8</qty>
          <unit>ounces</unit></amt>
        <item>Whipped topping</item></ing>
      <ing>
        <amt>
          <qty>3/4</qty>
          <unit>cups</unit></amt>
        <item>Cocktail salted peanuts</item></ing>
      <ing>
        <amt>
          <qty>Date:</qty>
          <unit>14</unit></amt>
        <item>Mar 1996 21:41 GMT</item></ing></ingredients>
    <directions>
      <step>  From: Mark Alexander &lt;mark@alexr.co.uk&gt;
  Prepare cake mix according to package instructions. Bake in 9x13" pan and
  cool. Poke holes in cake with the handle of a wooden spoon. Pour condensed
  milk evenly over cake and into holes. Combine thawed strawberries and ice
  cream topping syrup and mix well. Spoon evenly over cake and into holes.
  Spread whipped topping over the top. Chop peanuts and sprinkle on top of
  whipped topping. Chill before serving.
  
  Posted By wilson@primenet.com (James Wilson) On rec.food.recipes or
  rec.food.cooking
  
  MM-RECIPES@IDISCOVER.NET
  
  MEAL-MASTER RECIPES LIST SERVER
  
  MM-RECIPES DIGEST V3 #75
  
  From the MealMaster recipe list.  Downloaded from Glen's MM Recipe Archive,
  http://www.erols.com/hosey.
 
</step></directions></recipe></recipeml>
