<?xml version="1.0" encoding="UTF-8"?>

<recipeml version="0.5">
  <recipe>
    <head>
      <title>Almond Torte (Mozurek)</title>
      <categories>
        <cat>Cakes</cat>
        <cat>Desserts</cat>
        <cat>Frosting/fi</cat>
        <cat>Bobbie - no</cat>
        <cat>Nuts</cat></categories>
      <yield>20</yield></head>
    <ingredients>
      <ing>
        <amt>
          <qty>1</qty>
          <unit>pound</unit></amt>
        <item>Almonds; chopped</item></ing>
      <ing>
        <amt>
          <qty>2</qty>
          <unit>cups</unit></amt>
        <item>Sugar</item></ing>
      <ing>
        <amt>
          <qty>1</qty>
          <unit>pound</unit></amt>
        <item>Butter</item></ing>
      <ing>
        <amt>
          <qty>6</qty>
          <unit/></amt>
        <item>Eggs; beaten</item></ing>
      <ing>
        <amt>
          <qty>4</qty>
          <unit>cups</unit></amt>
        <item>Flour</item></ing>
      <ing>
        <amt>
          <qty>1</qty>
          <unit>tablespoon</unit></amt>
        <item>Sour cream</item></ing>
      <ing>
        <amt>
          <qty>1</qty>
          <unit>tablespoon</unit></amt>
        <item>Vanilla</item></ing></ingredients>
    <directions>
      <step>  Mix almonds with sugar. Cream butter well; add beaten eggs. Add to sugar
  mixture and mix well. Stir in flour, sour cream and the vanilla. Pour into
  two 8 or 9 inch square baking pans and bake at 325 F. for 1 hour. Frost, if
  desired. The Greeks Have a Recipe for It, favorite recipes compiled by the
  Philoptochos Society of St. Katherine Greek Orthodox Church, Melbourne,
  Florida, 1981 MC formatting by bobbi744@acd.net ICQ #12099523
  
  Recipe by: The Greek Have a Recipe for It, subm. by Hedy Panouses
  
  Posted to MC-Recipe Digest by Roberta Banghart &lt;bobbi744@acd.net&gt; on May
  14, 1998
 
</step></directions></recipe></recipeml>
