<?xml version="1.0" encoding="UTF-8"?>

<recipeml version="0.5">
  <recipe>
    <head>
      <title>Almond Torte Dessert</title>
      <categories>
        <cat>Desserts</cat></categories>
      <yield>1</yield></head>
    <ingredients>
      <ing-div>
        <title>BATTER</title>
        <ing>
          <amt>
            <qty>1</qty>
            <unit>cup</unit></amt>
          <item>All purpose flour</item></ing>
        <ing>
          <amt>
            <qty>3/4</qty>
            <unit>cups</unit></amt>
          <item>White sugar</item></ing>
        <ing>
          <amt>
            <qty>1/2</qty>
            <unit>teaspoons</unit></amt>
          <item>Baking powder</item></ing>
        <ing>
          <amt>
            <qty>1/2</qty>
            <unit>teaspoons</unit></amt>
          <item>Baking soda</item></ing>
        <ing>
          <amt>
            <qty>1/4</qty>
            <unit>teaspoons</unit></amt>
          <item>Salt</item></ing>
        <ing>
          <amt>
            <qty>1</qty>
            <unit/></amt>
          <item>Egg</item></ing>
        <ing>
          <amt>
            <qty>1/2</qty>
            <unit>cups</unit></amt>
          <item>Buttermilk or plain milk with 1/2 tsp vinegar</item></ing>
        <ing>
          <amt>
            <qty>1/2</qty>
            <unit>teaspoons</unit></amt>
          <item>Vanilla</item></ing>
        <ing>
          <amt>
            <qty>1/3</qty>
            <unit>cups</unit></amt>
          <item>Melted butter</item></ing>
        <ing>
          <amt>
            <qty>3/4</qty>
            <unit>cups</unit></amt>
          <item>Sliced almonds; (reserve)</item></ing></ing-div>
      <ing-div>
        <title>SYRUP</title>
        <ing>
          <amt>
            <qty>2/3</qty>
            <unit>cups</unit></amt>
          <item>White sugar</item></ing>
        <ing>
          <amt>
            <qty>1/3</qty>
            <unit>cups</unit></amt>
          <item>Water</item></ing>
        <ing>
          <amt>
            <qty>2</qty>
            <unit>tablespoons</unit></amt>
          <item>Amaretto or; (1/2 tsp extract)</item></ing></ing-div></ingredients>
    <directions>
      <step>  Preheat oven to 350.
  
  Mix flour, sugar, baking powder, baking soda, salt, egg, milk, vanilla and
  butter. Spread in greased 9" spring form pan. Bake 35 mm. until lightly
  browned.
  
  Prick top of cake with fork. Top with almonds.
  
  Combine sugar, water and Amaretto in saucepan. Boil one minute. Pour over
  cake.
  
  Place 6" under broiler until almonds are browned. Be Careful!! Will brown
  quickly.
  Posted to recipelu-digest Volume 01 Number 495 by James and Susan Kirkland
  &lt;kirkland@gj.net&gt; on Jan 11, 1998
 
</step></directions></recipe></recipeml>
