<?xml version="1.0" encoding="UTF-8"?>

<recipeml version="0.5">
  <recipe>
    <head>
      <title>Almond Pound Cake</title>
      <categories>
        <cat/></categories>
      <yield>100</yield></head>
    <ingredients>
      <ing>
        <amt>
          <qty>10</qty>
          <unit>pounds</unit></amt>
        <item>CAKE MIX YELLOW #10</item></ing>
      <ing>
        <amt>
          <qty>2</qty>
          <unit>ounces</unit></amt>
        <item>FLAVORING MAPLE</item></ing>
      <ing>
        <amt>
          <qty>PAN:</qty>
          <unit>16</unit></amt>
        <item>BY 4 1/2 BY 4 1/8 INCH LOAF-TYPE PAN     TEMPERATURE:  350 F. OVEN</item></ing></ingredients>
    <directions>
      <step>  :
  
  1.  USE 10 LB OR 2-5 LB PG POUND CAKE MIX.  PREPARE ACCORDING TO
  INSTRUCTIONS
  ON CONTAINER.  ADD 2 OZ (1/4 CUP) ALMOND FLAVORING.  SEE GUIDELINES FOR
  USING
  CAKE MIXES (RECIPE NO. G-G-3) FOR MORE DETAILED INSTRUCTIONS.
  
  2.  COOL; CUT 25 SLICES (ABOUT 5/8 INCH THICK) PER LOAF.
  
  Recipe Number: G02101
  
  SERVING SIZE: 1 SLICE
  
  From the &lt;Army Master Recipe Index File&gt; (actually used today!).
  Downloaded from Glen's MM Recipe Archive, http://www.erols.com/hosey.
 
</step></directions></recipe></recipeml>
