<?xml version="1.0" encoding="UTF-8"?>

<recipeml version="0.5">
  <recipe>
    <head>
      <title>Almond Sables</title>
      <categories>
        <cat>Sables</cat>
        <cat>Christmas</cat>
        <cat>Cooking liv</cat></categories>
      <yield>1</yield></head>
    <ingredients>
      <ing>
        <amt>
          <qty>1</qty>
          <unit>cup</unit></amt>
        <item>Blanched almonds</item></ing>
      <ing>
        <amt>
          <qty>1/2</qty>
          <unit>cups</unit></amt>
        <item>Sugar</item></ing>
      <ing>
        <amt>
          <qty>1/2</qty>
          <unit>pounds</unit></amt>
        <item>Soft unsalted butter</item></ing>
      <ing>
        <amt>
          <qty>1/4</qty>
          <unit>teaspoons</unit></amt>
        <item>Salt</item></ing>
      <ing>
        <amt>
          <qty>1</qty>
          <unit/></amt>
        <item>Egg yolk</item></ing>
      <ing>
        <amt>
          <qty>1</qty>
          <unit>teaspoon</unit></amt>
        <item>Vanilla extract</item></ing>
      <ing>
        <amt>
          <qty>2</qty>
          <unit>cups</unit></amt>
        <item>All purpose bleached flour</item></ing></ingredients>
    <directions>
      <step>  1. Combine almonds and sugar in food processor and pulse to grind finely.
  Beat butter with sugar/almond mixture and salt until very light, about 5
  minutes on medium speed.
  
  2. Beat in yolk, then vanilla extract. Remove from mixer; sift over and
  stir in flour. Divide dough in half and shape each into an 8-inch long
  cylinder, forming it in a sheet of parchment paper. Chill until firm. Slice
  cylinders of dough 1/4-inch thick and arrange on paper-lined pans. Bake at
  325 degrees about 15 to 20 minutes.
  
  Variations:
  
  1. Moisten outside of log with egg white and roll in cinnamon sugar or
  coarse sugar before slicing and baking.
  
  2. Add 1/4 pound each rinsed and quartered candied cherries and chopped
  nuts to dough before shaping cylinder.
  Posted to recipelu-digest Volume 01 Number 381 by RecipeLu
  &lt;recipelu@geocities.com&gt; on Dec 16, 1997
 
</step></directions></recipe></recipeml>
