<?xml version="1.0" encoding="UTF-8"?>

<recipeml version="0.5">
  <recipe>
    <head>
      <title>Almond Raspberry Sandwich Cookies</title>
      <categories>
        <cat>None</cat></categories>
      <yield>40</yield></head>
    <ingredients>
      <ing>
        <amt>
          <qty>1</qty>
          <unit>cup</unit></amt>
        <item>Unsalted butter -- softened</item></ing>
      <ing>
        <amt>
          <qty>1</qty>
          <unit>cup</unit></amt>
        <item>Almond butter</item></ing>
      <ing>
        <amt>
          <qty>1</qty>
          <unit>teaspoon</unit></amt>
        <item>Vanilla</item></ing>
      <ing>
        <amt>
          <qty>1</qty>
          <unit>cup</unit></amt>
        <item>Brown sugar -- firmly</item></ing>
      <ing>
        <amt>
          <qty/>
          <unit/></amt>
        <item>Packed</item></ing>
      <ing>
        <amt>
          <qty>1</qty>
          <unit>cup</unit></amt>
        <item>Sugar</item></ing>
      <ing>
        <amt>
          <qty>2</qty>
          <unit>large</unit></amt>
        <item>Eggs</item></ing>
      <ing>
        <amt>
          <qty>3 1/2</qty>
          <unit>cups</unit></amt>
        <item>Flour</item></ing>
      <ing>
        <amt>
          <qty>1</qty>
          <unit>teaspoon</unit></amt>
        <item>Baking soda</item></ing>
      <ing>
        <amt>
          <qty>1</qty>
          <unit>cup</unit></amt>
        <item>Raspberry preserves</item></ing>
      <ing>
        <amt>
          <qty/>
          <unit/></amt>
        <item>XXX sugar for dusting</item></ing></ingredients>
    <directions>
      <step>  Cream together butter and almond butter. Add vanilla, brown sugar and
  gran.sugar. Cream until mixture is light and fluffy. Add eggs one at a
  time, beating well after each addition. Mix together flour, baking soda and
  a pinch of salt. Add to butter mixture, beating until well combined. Drop
  tsps of dough 3 inches apart on greased baking sheets. Flatten cookies with
  thumb or wet bottom of juice glass until they are 1/4 inch thick. Bake in
  350 oven 12 to 14 minutes or until pale golden. Cool on racks. Spread the
  bottoms of 1/2 the cookies with preserves. Top each bottom with another
  cookie top side up. Dust with confectioners sugar. Source: Gourmet, Jan.93
  These are really easy to make, look very professional, and freeze well. If
  you freeze them, dust with xxx sugar when thawed. Janet in Dallas
  ===============   Reply   11 of Note    1 ================= Board: FOOD BB
  Topic:      DESSERTS &amp; SWEETS Subject: POST YOUR FAVORITE To: ECGJ65B JO
  MERRILL Date: 12/09 From: VGHC42A WALDINE VAN GEFFEN Time: 3:21 PM Jo: Love
  your art. Wish I could do it. This is one of our favorite, really simple
  desserts. It goes back to when our children were little.
  
  Recipe By     :
  
  From: Ladies Home Journal- August 1991
  
  File ftp://ftp.idiscover.co.uk/pub/food/mealmaster/recipes/mmdja006.zip
 
</step></directions></recipe></recipeml>
