<?xml version="1.0" encoding="UTF-8"?>

<recipeml version="0.5">
  <recipe>
    <head>
      <title>Almost Cherry Garcia Cookies</title>
      <categories>
        <cat>Cookies</cat></categories>
      <yield>30</yield></head>
    <ingredients>
      <ing>
        <amt>
          <qty>1</qty>
          <unit>cup</unit></amt>
        <item>Dried sour cherries</item></ing>
      <ing>
        <amt>
          <qty>1/3</qty>
          <unit>cups</unit></amt>
        <item>Cherry-flavored brandy</item></ing>
      <ing>
        <amt>
          <qty>1/2</qty>
          <unit>cups</unit></amt>
        <item>Unsalted butter</item></ing>
      <ing>
        <amt>
          <qty/>
          <unit/></amt>
        <item>; at room temperature</item></ing>
      <ing>
        <amt>
          <qty>1/2</qty>
          <unit>cups</unit></amt>
        <item>White sugar</item></ing>
      <ing>
        <amt>
          <qty>1/2</qty>
          <unit>cups</unit></amt>
        <item>Light brown sugar; firmly packed</item></ing>
      <ing>
        <amt>
          <qty>1</qty>
          <unit/></amt>
        <item>Egg</item></ing>
      <ing>
        <amt>
          <qty>1 1/2</qty>
          <unit>teaspoons</unit></amt>
        <item>Vanilla extract</item></ing>
      <ing>
        <amt>
          <qty>1/4</qty>
          <unit>teaspoons</unit></amt>
        <item>Almond extract</item></ing>
      <ing>
        <amt>
          <qty>1/4</qty>
          <unit>teaspoons</unit></amt>
        <item>Salt</item></ing>
      <ing>
        <amt>
          <qty>1/2</qty>
          <unit>teaspoons</unit></amt>
        <item>Baking soda</item></ing>
      <ing>
        <amt>
          <qty>1 1/2</qty>
          <unit>cups</unit></amt>
        <item>All-purpose flour</item></ing>
      <ing>
        <amt>
          <qty>3/4</qty>
          <unit>cups</unit></amt>
        <item>Coarsely chopped white chocolate</item></ing>
      <ing>
        <amt>
          <qty>1/2</qty>
          <unit>cups</unit></amt>
        <item>Coarsely chopped semisweet chocolate</item></ing>
      <ing>
        <amt>
          <qty>1/2</qty>
          <unit>cups</unit></amt>
        <item>Coarsely chopped macadamia nuts</item></ing>
      <ing>
        <amt>
          <qty/>
          <unit/></amt>
        <item>; (optional)</item></ing></ingredients>
    <directions>
      <step>  Recipe by: The Washington Post 10/30/96 Preheat oven to 350 degrees. Line
  two baking sheets with parchment paper.
  
  Plump the dried cherries by soaking them in boiling water to cover for a
  couple of minutes. Drain well and toss with cherry brandy. Let the cherries
  sit in the brandy for a couple of hours, or even overnight for the best
  flavor, then drain before using.
  
  Cream the butter with both sugars. Blend in the egg, vanilla and almond
  extracts.
  
  Fold in the salt, baking soda and flour. Fold in the cherries, white and
  dark chocolate and, if using, the macadamia nuts. Batter should be soft.
  
  Drop in generous tablespoons onto the baking sheets, leaving space between
  dollops of batter.
  
  Bake until lightly browned around the edges, 12 to 14 minutes. Cool on
  racks. (Makes about 2 1/2 dozen).
  
  Recipe from Marcy Goldman, a professional baker and food writer based in
  Montreal.
  
  Posted to Bakery-Shoppe Digest V1 #195 by novmom@juno.com (Angela
  Gilliland) on Aug 17, 1997
 
</step></directions></recipe></recipeml>
