<?xml version="1.0" encoding="UTF-8"?>

<recipeml version="0.5">
  <recipe>
    <head>
      <title>Almost-Stuffed Pork Chops</title>
      <categories>
        <cat>P</cat>
        <cat>O</cat>
        <cat>R</cat></categories>
      <yield>4</yield></head>
    <ingredients>
      <ing>
        <amt>
          <qty>4</qty>
          <unit/></amt>
        <item>Pork loin chops; 1 inch thick (1 1/4 to 1 1/2 pounds total)</item></ing>
      <ing>
        <amt>
          <qty>1</qty>
          <unit/></amt>
        <item>Lime; Juice of (about 2 tablespoons)</item></ing>
      <ing>
        <amt>
          <qty>1 1/3</qty>
          <unit>cups</unit></amt>
        <item>Coarsely crumbled cracker crumbs</item></ing>
      <ing>
        <amt>
          <qty>6</qty>
          <unit>ounces</unit></amt>
        <item>Fresh mushrooms; finely chopped (about 1 cup)</item></ing>
      <ing>
        <amt>
          <qty>3</qty>
          <unit/></amt>
        <item>Scallions; chopped</item></ing>
      <ing>
        <amt>
          <qty>1</qty>
          <unit>tablespoon</unit></amt>
        <item>Dijon-style mustard</item></ing>
      <ing>
        <amt>
          <qty>1</qty>
          <unit>tablespoon</unit></amt>
        <item>Dried parsley flakes</item></ing></ingredients>
    <directions>
      <step>  Preheat the oven to 350F. Brush both sides of the pork chops with the lime
  juice and place them in a 9" x 13" baking dish that has been coated with
  nonstick vegetable spray. In a medium-sized bowl, combine the remaining
  ingredients. Mix until well blended then spoon evenly over the top of the
  chops. Bake for 40 to 45 minutes, or until cooked through.
  
  NOTE: These can be prepared, covered, and refrigerated overnight before
  baking. That way, you can put a fancy dinner on the table without having to
  do any last-minute preparation. (I like that!) Oh, and for a little extra
  oomph, I sometimes add 1/2 teaspoon dried ground coriander.
  
  Recipe by: MR FOOD
  
  Posted to MC-Recipe Digest V1 #1038 by Meg Antczak
  &lt;meginny@frontiernet.net&gt; on Jan 23, 1998
 
</step></directions></recipe></recipeml>
