<?xml version="1.0" encoding="UTF-8"?>

<recipeml version="0.5">
  <recipe>
    <head>
      <title>Almost Fatfree Chocolate Cupcakes</title>
      <categories>
        <cat>None</cat></categories>
      <yield>12</yield></head>
    <ingredients>
      <ing>
        <amt>
          <qty>3/4</qty>
          <unit>cups</unit></amt>
        <item>Dark brown sugar; packed</item></ing>
      <ing>
        <amt>
          <qty>1</qty>
          <unit/></amt>
        <item>Egg</item></ing>
      <ing>
        <amt>
          <qty>1</qty>
          <unit/></amt>
        <item>Egg white</item></ing>
      <ing>
        <amt>
          <qty>1</qty>
          <unit>tablespoon</unit></amt>
        <item>Oil</item></ing>
      <ing>
        <amt>
          <qty>1/2</qty>
          <unit>cups</unit></amt>
        <item>Unsweetened cocoa powder</item></ing>
      <ing>
        <amt>
          <qty>1</qty>
          <unit>teaspoon</unit></amt>
        <item>Vanilla extract</item></ing>
      <ing>
        <amt>
          <qty/>
          <unit/></amt>
        <item>Confectioner's Sugar</item></ing>
      <ing>
        <amt>
          <qty>1 1/3</qty>
          <unit>cups</unit></amt>
        <item>All-purpose flour</item></ing>
      <ing>
        <amt>
          <qty>1/4</qty>
          <unit>cups</unit></amt>
        <item>Applesauce; cinnamon flavored</item></ing>
      <ing>
        <amt>
          <qty>1 1/2</qty>
          <unit>teaspoons</unit></amt>
        <item>Baking powder</item></ing>
      <ing>
        <amt>
          <qty>1 1/2</qty>
          <unit/></amt>
        <item>Teasspoons baking soda</item></ing>
      <ing>
        <amt>
          <qty>1/2</qty>
          <unit>teaspoons</unit></amt>
        <item>Salt</item></ing>
      <ing>
        <amt>
          <qty>2/3</qty>
          <unit>cups</unit></amt>
        <item>Skim milk</item></ing></ingredients>
    <directions>
      <step>  Preheat oven to 350 deg F. Line 12 muffin cups with paper liners. Combine
  flour, cocoa, baking powder, soda and salt. Beat the next six ingredients
  until combined, about 1 min. Stir in flour mixture alternately with milk
  until just combined. Pour batter into muffin cups. Bake 22 - 25 minutes or
  until toothpick comes out clean. Remove cupcakes from pan; cool on wire
  rack 30 min. Sprinkle with sugar, if desired.
  
  Nutrition Facts Amount Per Serving: Calories 120 - Calories from Fat 20
  Percent Total Calories From: Fat 16%, Protein 11%, Carbohydrate 72% Totals
  and Percent Daily Values (2000 calories): Fat 2g, Saturated Fat 0g,
  Cholesterol 18mg, Sodium 92mg, Total Carbohydrate 22g, Dietary Fiber 0g,
  Sugars 0g, Protein 3g, Vitamin A 55 units, Vitamin C 0 units, Calcium 0
  units, Iron 1 units
  
  Posted to recipelu-digest Volume 01 Number 447 by Kara9718
  &lt;Kara9718@aol.com&gt; on Jan 4, 1998
 
</step></directions></recipe></recipeml>
