<?xml version="1.0" encoding="UTF-8"?>

<recipeml version="0.5">
  <recipe>
    <head>
      <title>Almond Tea</title>
      <categories>
        <cat>Ketchum kit</cat>
        <cat>Beverages</cat></categories>
      <yield>8</yield></head>
    <ingredients>
      <ing-div>
        <title>ALMOND PASTE</title>
        <ing>
          <amt>
            <qty>1/4</qty>
            <unit>cups</unit></amt>
          <item>Long-grain rice</item></ing>
        <ing>
          <amt>
            <qty>6</qty>
            <unit>ounces</unit></amt>
          <item>Blanched almonds</item></ing>
        <ing>
          <amt>
            <qty>1</qty>
            <unit/></amt>
          <item>Orange, thinly sl1 1/2 cups watericed</item></ing>
        <ing>
          <amt>
            <qty>6</qty>
            <unit>cups</unit></amt>
          <item>Water</item></ing>
        <ing>
          <amt>
            <qty>1 1/4</qty>
            <unit>cups</unit></amt>
          <item>Sugar</item></ing>
        <ing>
          <amt>
            <qty>1/2</qty>
            <unit>cups</unit></amt>
          <item>Evaporated milk or half-and-half</item></ing>
        <ing>
          <amt>
            <qty>1/4</qty>
            <unit>teaspoons</unit></amt>
          <item>Almond extract</item></ing></ing-div></ingredients>
    <directions>
      <step>  Soak rice in enough water to cover for at least 2 hours or overnight;
  drain. In a food processor of blender, whirl rice, almonds, and 1 1/2 cups
  water into a smooth paste. Transfer paste to a large pot.
  
  Add 6 cups water and sugar to almond paste. Bring to a boil, stirring
  constantly, until sugar is dissolved. Reduce heat and simmer, uncovered,
  for 10 minutes. Set a fine strainer lined with a double layer of damp
  cheesecloth over a deep bowl. Pour soup
  
  through strainer into bowl, then gather cheesecloth and squeeze firmly to
  extract all remaining liquid.
  
  Return liquid to pot; stir in evaporated milk and heat just to simmering.
  Stir in almond extract. Serve hot in individual soup bowls. Or, cover and
  refrigerate until well chilled and serve cold.
  
  Makes 8 servings
  
  Recipe from "Martin Yan, The Chinese Chef," (Doubleday), copyright Yan Can
  Cook Inc. 1991
  Recipe By     : Ketchum Kitchen
  
  Posted to MC-Recipe Digest V1 #303
  
  Date: Fri, 15 Nov 1996 06:00:48 -0800 (PST)
  
  From: Greg Leonhardt &lt;gregl@plinet.com&gt;
  
  NOTES : Serve hot or well chilled in soup bowls
 
</step></directions></recipe></recipeml>
