<?xml version="1.0" encoding="UTF-8"?>

<recipeml version="0.5">
  <recipe>
    <head>
      <title>Almond Roca</title>
      <categories>
        <cat>None</cat></categories>
      <yield>10</yield></head>
    <ingredients>
      <ing>
        <amt>
          <qty>1/4</qty>
          <unit>cups</unit></amt>
        <item>Water</item></ing>
      <ing>
        <amt>
          <qty>1</qty>
          <unit>tablespoon</unit></amt>
        <item>Corn syrup</item></ing>
      <ing>
        <amt>
          <qty>1</qty>
          <unit>cup</unit></amt>
        <item>Granulated sugar</item></ing>
      <ing>
        <amt>
          <qty>1/2</qty>
          <unit>pounds</unit></amt>
        <item>Butter</item></ing>
      <ing>
        <amt>
          <qty>2 1/2</qty>
          <unit>pounds</unit></amt>
        <item>Almonds; blanched &amp; slivered</item></ing>
      <ing>
        <amt>
          <qty>1 1/2</qty>
          <unit>cups</unit></amt>
        <item>Milk chocolate chips</item></ing></ingredients>
    <directions>
      <step>  In heavy skillet, combine sugar, water, syrup, butter and almonds and cook
  to hard crack or until the almonds are toasted light brown. Stir
  constantly. Pour into a greased baking pan. While warm, sprinke the milk
  chocolate chips over mixture and spread when softened. Let cool, remove
  from pan, and break into pieces. Yields 9x13-inch baking dish.
  
  Recipe by: Elaine Crawford
  
  Posted to MC-Recipe Digest V1 #972 by Shavonne Bauer &lt;ssbauer@erinet.com&gt;
  on Dec 26, 1997
 
</step></directions></recipe></recipeml>
