<?xml version="1.0" encoding="UTF-8"?>

<recipeml version="0.5">
  <recipe>
    <head>
      <title>Almond Rhubarb Pastry - Country Woman</title>
      <categories>
        <cat>Pie</cat></categories>
      <yield>1</yield></head>
    <ingredients>
      <ing>
        <amt>
          <qty/>
          <unit/></amt>
        <item>Pastry:</item></ing>
      <ing>
        <amt>
          <qty>3</qty>
          <unit>cups</unit></amt>
        <item>All-purpose flour</item></ing>
      <ing>
        <amt>
          <qty>1</qty>
          <unit>tablespoon</unit></amt>
        <item>Baking powder</item></ing>
      <ing>
        <amt>
          <qty>1</qty>
          <unit>teaspoon</unit></amt>
        <item>Salt</item></ing>
      <ing>
        <amt>
          <qty>1</qty>
          <unit>cup</unit></amt>
        <item>Shortening</item></ing>
      <ing>
        <amt>
          <qty>2</qty>
          <unit/></amt>
        <item>Eggs; beaten</item></ing>
      <ing>
        <amt>
          <qty>1/3</qty>
          <unit>cups</unit></amt>
        <item>Milk; divided</item></ing>
      <ing>
        <amt>
          <qty/>
          <unit/></amt>
        <item>Filling:</item></ing>
      <ing>
        <amt>
          <qty>1 1/2</qty>
          <unit>cups</unit></amt>
        <item>Sugar</item></ing>
      <ing>
        <amt>
          <qty>1/4</qty>
          <unit>cups</unit></amt>
        <item>Quick-cooking tapioca</item></ing>
      <ing>
        <amt>
          <qty>6</qty>
          <unit>cups</unit></amt>
        <item>Rhubarb</item></ing>
      <ing>
        <amt>
          <qty/>
          <unit/></amt>
        <item>Chopped fresh or frozen</item></ing>
      <ing>
        <amt>
          <qty/>
          <unit/></amt>
        <item>Topping:</item></ing>
      <ing>
        <amt>
          <qty>1/2</qty>
          <unit>cups</unit></amt>
        <item>Butter or margarine</item></ing>
      <ing>
        <amt>
          <qty>3/4</qty>
          <unit>cups</unit></amt>
        <item>Sugar</item></ing>
      <ing>
        <amt>
          <qty>2</qty>
          <unit>tablespoons</unit></amt>
        <item>Milk</item></ing>
      <ing>
        <amt>
          <qty>1/2</qty>
          <unit>teaspoons</unit></amt>
        <item>Vanilla extract</item></ing>
      <ing>
        <amt>
          <qty>1</qty>
          <unit>cup</unit></amt>
        <item>Almonds; slivered</item></ing></ingredients>
    <directions>
      <step>  Recipe by: Country Woman Combine flour, baking powder and salt; cut in
  shortening as for pie pastry. Mix eggs and 1/4 cup milk; add to dry
  ingredients and stir with a fork just until dough clings together. Add some
  or all of remaining milk if necessary. Shape into a ball. Divide in half.
  On a floured surface, roll half of dough into a 17-in, x 12-in. rectangle.
  Transfer to a greased 15-in, x 10-in. x 1-in. baking pan. Combine filling
  ingredients; sprinkle over dough in pan. Rollout remaining dough into a
  15-in. x 10-in. rectangle. Place over filling. Fold bottom edge of dough
  over top layer of dough; press edges together to seal. For topping, in a
  saucepan, melt butter; add sugar and milk. Bring to a gentle boil; boil 2-3
  minutes, stirring constantly. Remove from heat; stir in vanilla. Spread
  over pastry. Sprinkle almonds on top. Bake at 400 deg.for 20 minutes;
  reduce heat to 300 deg. Bake 30-40 minutes longer or until golden brown.
  Serve warm or cold. Yield:16-20 servings.
  
  Posted to Bakery Shoppe Digest147 by Bill &lt;thelma@pipeline.com&gt; on Jul 06,
  1997
 
</step></directions></recipe></recipeml>
