<?xml version="1.0" encoding="UTF-8"?>

<recipeml version="0.5">
  <recipe>
    <head>
      <title>Almond Tart</title>
      <categories>
        <cat>None</cat></categories>
      <yield>1</yield></head>
    <ingredients>
      <ing>
        <amt>
          <qty>200</qty>
          <unit>grams</unit></amt>
        <item>Butter</item></ing>
      <ing>
        <amt>
          <qty>500</qty>
          <unit>grams</unit></amt>
        <item>Flour</item></ing>
      <ing>
        <amt>
          <qty>200</qty>
          <unit>grams</unit></amt>
        <item>Sugar</item></ing>
      <ing>
        <amt>
          <qty>1</qty>
          <unit>tablespoon</unit></amt>
        <item>Milk</item></ing>
      <ing>
        <amt>
          <qty>2</qty>
          <unit>teaspoons</unit></amt>
        <item>Yeast</item></ing>
      <ing>
        <amt>
          <qty/>
          <unit/></amt>
        <item>Vanilla</item></ing>
      <ing>
        <amt>
          <qty>4</qty>
          <unit/></amt>
        <item>Egg yolks</item></ing>
      <ing>
        <amt>
          <qty>200</qty>
          <unit>grams</unit></amt>
        <item>Almonds</item></ing>
      <ing>
        <amt>
          <qty>200</qty>
          <unit>grams</unit></amt>
        <item>Sugar</item></ing>
      <ing>
        <amt>
          <qty>2</qty>
          <unit/></amt>
        <item>Egg whites</item></ing>
      <ing>
        <amt>
          <qty>1</qty>
          <unit/></amt>
        <item>Stick of butter</item></ing>
      <ing>
        <amt>
          <qty>1</qty>
          <unit/></amt>
        <item>Orange, zest of, with a little juice</item></ing>
      <ing>
        <amt>
          <qty>3</qty>
          <unit>tablespoons</unit></amt>
        <item>Crushed crackers or cookies</item></ing></ingredients>
    <directions>
      <step>  Madame Lerner, *translated by Lori Siegel*
  
  Make a dough with 200g butter 500g flour, 200g sugar, 1 large tablespoon of
  milk 2 teaspoons of yeast , a little vanilla, 4 egg yolks.  Let sit.
  
  Prepare separately:  200g almonds, 200g sugar, 2 egg whites, 1 full
  Tablespoon of butter, 1 zest of orange with a little juice, 3 tablespoons
  of crushed crackers or cookies. Mix all.
  
  Stretch a layer of dough to 6 to 9 mm  thick on the pie (tart mold), then a
  layer of the the almond mixture.  Put in the oven.
  
  Posted to JEWISH-FOOD digest V96 #59
  
  Date: Wed, 23 Oct 1996 12:12:38 -0200 (EDT)
  
  From: Daniella De Picciotto &lt;daniela@dialdata.com.br&gt;
 
</step></directions></recipe></recipeml>
