<?xml version="1.0" encoding="UTF-8"?>

<recipeml version="0.5">
  <recipe>
    <head>
      <title>Almond Wafers Cookies</title>
      <categories>
        <cat>Cookies</cat></categories>
      <yield>1</yield></head>
    <ingredients>
      <ing>
        <amt>
          <qty>1</qty>
          <unit>cup</unit></amt>
        <item>Butter</item></ing>
      <ing>
        <amt>
          <qty>1/2</qty>
          <unit>cups</unit></amt>
        <item>Sugar</item></ing>
      <ing>
        <amt>
          <qty>1/4</qty>
          <unit>teaspoons</unit></amt>
        <item>Vanilla</item></ing>
      <ing>
        <amt>
          <qty>1</qty>
          <unit>pinch</unit></amt>
        <item>Salt</item></ing>
      <ing>
        <amt>
          <qty>1/2</qty>
          <unit>cups</unit></amt>
        <item>Gr. almonds</item></ing>
      <ing>
        <amt>
          <qty>1 1/2</qty>
          <unit>cups</unit></amt>
        <item>Flour</item></ing>
      <ing>
        <amt>
          <qty/>
          <unit/></amt>
        <item>Currant jelly and powdered</item></ing>
      <ing>
        <amt>
          <qty/>
          <unit/></amt>
        <item>Sugar icing</item></ing></ingredients>
    <directions>
      <step>  Cream butter and sugar to fluffy. Mix in vanilla, salt and almonds.
  Add flour and mix just to blend. Divide in 3 pieces. Form each into
  thin rectangle and wrap in plastic.  Chill. Roll 1 dough between
  plastic wrap to 1/16 to 1/8 in. Cut in wafers and place on lined
  sheet. Bake 10 min or until beginning to brown on edges. When cool
  spread with jelly on one and top. Frost with icing.
  
  File ftp://ftp.idiscover.co.uk/pub/food/mealmaster/recipes/mmkah001.zip
 
</step></directions></recipe></recipeml>
