<?xml version="1.0" encoding="UTF-8"?>

<recipeml version="0.5">
  <recipe>
    <head>
      <title>Almost Fat-Free Chocolate Pudding (Chandra)</title>
      <categories>
        <cat>Desserts</cat>
        <cat>Lowfat</cat></categories>
      <yield>4</yield></head>
    <ingredients>
      <ing>
        <amt>
          <qty>2</qty>
          <unit>cups</unit></amt>
        <item>Skim milk</item></ing>
      <ing>
        <amt>
          <qty>2</qty>
          <unit>tablespoons</unit></amt>
        <item>Nonfat dry milk powder</item></ing>
      <ing>
        <amt>
          <qty>1 1/2</qty>
          <unit>tablespoons</unit></amt>
        <item>Unsweetened cocoa</item></ing>
      <ing>
        <amt>
          <qty>2</qty>
          <unit>tablespoons</unit></amt>
        <item>Sugar; or to taste</item></ing>
      <ing>
        <amt>
          <qty>2</qty>
          <unit>tablespoons</unit></amt>
        <item>Cornstarch -heaping; mixed with</item></ing>
      <ing>
        <amt>
          <qty>3</qty>
          <unit>tablespoons</unit></amt>
        <item>Skim milk; cold</item></ing>
      <ing>
        <amt>
          <qty>1/4</qty>
          <unit>teaspoons</unit></amt>
        <item>Pure vanilla extract</item></ing>
      <ing>
        <amt>
          <qty/>
          <unit/></amt>
        <item>Maraschino cherries; optional</item></ing></ingredients>
    <directions>
      <step>  Combine the skim milk, milk powder, cocoa, and sugar in a 3-quart stainless
  steel saucepan. Bring to a boil on high heat, stirring constantly. Lower
  heat to prevent the mixture from boiling over. Add the cornstarch mixture
  gradually while stirring at the same time. When the milk thickens to the
  consistency of cake batter, which happens almost immediately, remove and
  set aside. (If the milk does not thicken easily, add 1 Tbl. cornstarch
  mixed with 2 Tbl. cold milk.) Stir in the vanilla extract. Pour the mixture
  into a fancy serving dish and allow to cool. Refrigerate for at least 3
  hours to enable the pudding to set. When the pudding feels firm (test by
  tipping the bowl gently), garnish with cherries or your favorite fat-free
  topping. Serve. Each serving provides: Calories 114, Protein 6.4g,
  Carbohydrate 21.4g, Fat 0.6g, Sodium 91mg, Cholesterol 3mg.
  
  Recipe from SPICY FAT-FREE COOKING SECRETS, by Gita Chandra (c) 1997, Prima
  Publishing. Presented by Compucook.com MC editing by Pat Hanneman (Kitpath)
  &lt; http://wizard.ucr.edu/~phannema &gt;
  
  Recipe by: SPICY FAT-FREE COOKING SECRETS by Gita Chandra
  
  Posted to EAT-LF Digest by KitPATh &lt;phannema@wizard.ucr.edu&gt; on Mar 03,
  1998
 
</step></directions></recipe></recipeml>
