<?xml version="1.0" encoding="UTF-8"?>

<recipeml version="0.5">
  <recipe>
    <head>
      <title>Almond Shortbread Bars</title>
      <categories>
        <cat>Cookie</cat></categories>
      <yield>30</yield></head>
    <ingredients>
      <ing>
        <amt>
          <qty>2</qty>
          <unit>cups</unit></amt>
        <item>All-purpose flour</item></ing>
      <ing>
        <amt>
          <qty>1</qty>
          <unit>cup</unit></amt>
        <item>Sugar</item></ing>
      <ing>
        <amt>
          <qty>1</qty>
          <unit>cup</unit></amt>
        <item>Butter</item></ing>
      <ing>
        <amt>
          <qty>1</qty>
          <unit/></amt>
        <item>Egg; separated</item></ing>
      <ing>
        <amt>
          <qty>1/4</qty>
          <unit>teaspoons</unit></amt>
        <item>Almond extract</item></ing>
      <ing>
        <amt>
          <qty>1</qty>
          <unit>tablespoon</unit></amt>
        <item>Water</item></ing>
      <ing>
        <amt>
          <qty>1/2</qty>
          <unit>cups</unit></amt>
        <item>Chopped almonds</item></ing></ingredients>
    <directions>
      <step>  Preheat oven to 350F.  Grease 15 X 10 X 1 inch jelly-roll pan.  In large
  mixer bowl, combine flour, sugar, butter, egg yolk and almond extract. Beat
  at low speed of electric mixer, scraping bowl often, until particles are
  fine, 2 to 3 minutes. Press on bottom of prepared pan. In small bowl, beat
  egg white and water until frothy; brush on dough. Sprinkle nuts over top.
  Bake for 15 to 20 minutes or until very lightly browned. Cool completely in
  pan on wire rack. Cut into bars.
  
  Date: Mon, 24 Jun 1996 10:53:48 -0700
  
  From: Sami Hunter &lt;samih@ix.netcom.com&gt;
  
  MC-Recipe Digest V1 #127
  
  From the MasterCook recipe list.  Downloaded from Glen's MM Recipe Archive,
  http://www.erols.com/hosey.
 
</step></directions></recipe></recipeml>
