<?xml version="1.0" encoding="UTF-8"?>

<recipeml version="0.5">
  <recipe>
    <head>
      <title>Almond Rice Casserole</title>
      <categories>
        <cat>Vegetarian</cat>
        <cat>Vegan</cat>
        <cat>Main dish</cat>
        <cat>Casseroles</cat>
        <cat>Microwave</cat></categories>
      <yield>6</yield></head>
    <ingredients>
      <ing>
        <amt>
          <qty>3</qty>
          <unit>cups</unit></amt>
        <item>Rice, brown; cooked</item></ing>
      <ing>
        <amt>
          <qty>1</qty>
          <unit>cup</unit></amt>
        <item>TVP granules or flakes</item></ing>
      <ing>
        <amt>
          <qty>7/8</qty>
          <unit>cups</unit></amt>
        <item>;water, hot</item></ing>
      <ing>
        <amt>
          <qty>1</qty>
          <unit>tablespoon</unit></amt>
        <item>Ketchup</item></ing>
      <ing>
        <amt>
          <qty>1</qty>
          <unit>tablespoon</unit></amt>
        <item>Peanut oil</item></ing>
      <ing>
        <amt>
          <qty>1</qty>
          <unit>medium</unit></amt>
        <item>Onion; chopped</item></ing>
      <ing>
        <amt>
          <qty>1/2</qty>
          <unit>cups</unit></amt>
        <item>Almonds, roasted; sliced</item></ing>
      <ing>
        <amt>
          <qty>2</qty>
          <unit>tablespoons</unit></amt>
        <item>Miso, light</item></ing>
      <ing>
        <amt>
          <qty>1/2</qty>
          <unit>teaspoons</unit></amt>
        <item>Thyme</item></ing>
      <ing>
        <amt>
          <qty>1</qty>
          <unit>teaspoon</unit></amt>
        <item>Marjoram</item></ing>
      <ing>
        <amt>
          <qty>1/2</qty>
          <unit>teaspoons</unit></amt>
        <item>Salt</item></ing></ingredients>
    <directions>
      <step>   Set the cooked rice aside.
  
   Combine the TVP with the hot water and ketchup. Mix.
   Set aside.
  
   Saute the onion in the peanut oil.
  
   Mix rice, TVP, cooked onions and almonds in a 2 quart casserole. Mix the
  remaining ingredients together and stir in.
  
   For oven baking, cover casserole with foil and bake at 350 deg for 30
  minutes. To microwave, cover tightly with plastic wrap and heat on high for
       10    minutes.
  
   For a mushroom variation: instead of the almonds, add 1 cup sliced fresh
  shiitake mushrooms to the rice and other ingredients and bake as above.
  
   Per serving: 246 cal; 12 g prot; 32 g carb; 9 g fat
  
   The TVP Cookbook by Dorothy Bates/MM by DEEANNE
  Posted to MM-Recipes Digest  by Pat Connors &lt;nymets@pcweb.net&gt; on Feb 25,
  1998
 
</step></directions></recipe></recipeml>
