<?xml version="1.0" encoding="UTF-8"?>

<recipeml version="0.5">
  <recipe>
    <head>
      <title>Almond Roca</title>
      <categories>
        <cat>Christmas</cat></categories>
      <yield>1</yield></head>
    <ingredients>
      <ing>
        <amt>
          <qty>1/2</qty>
          <unit>pounds</unit></amt>
        <item>Margerine</item></ing>
      <ing>
        <amt>
          <qty>1/4</qty>
          <unit>pounds</unit></amt>
        <item>Butter</item></ing>
      <ing>
        <amt>
          <qty>1 1/2</qty>
          <unit>cups</unit></amt>
        <item>Sugar</item></ing>
      <ing>
        <amt>
          <qty>4</qty>
          <unit>ounces</unit></amt>
        <item>Almonds</item></ing>
      <ing>
        <amt>
          <qty>15</qty>
          <unit>ounces</unit></amt>
        <item>Plain Hershey Bars</item></ing>
      <ing>
        <amt>
          <qty>1/2</qty>
          <unit>cups</unit></amt>
        <item>Walnuts Chopped Fine</item></ing></ingredients>
    <directions>
      <step>  Turn electric fry pan to high and melt the butter and margerine. Add sugar
  stirring constantly. (shift heat as necessary). Do not let mixture get too
  brown, as light tan is the desired color.
  
  After 5 minutes, add almonds; and then cook as before for 5 more minutes.
  
  Pour into an ungreased cookie sheet pouring off excess butter. Cool.
  
  Meanwhile, melt chocolate in double boiler.
  
  When candy is cool, frost top half and sprinkle with nuts.
  
  Turn over and repeat.
  
  Break into small pieces to serve.
  
  Recipe by: Lee Ann
  
  Posted to Bakery-Shoppe Digest V1 #451 by Laura Harpole
  &lt;harpoe@pioneer-net.com&gt; on Dec 13, 1997
 
</step></directions></recipe></recipeml>
