<?xml version="1.0" encoding="UTF-8"?>

<recipeml version="0.5">
  <recipe>
    <head>
      <title>Almond Rice Muffins</title>
      <categories>
        <cat>Bread</cat></categories>
      <yield>12</yield></head>
    <ingredients>
      <ing>
        <amt>
          <qty>2</qty>
          <unit>cups</unit></amt>
        <item>Am brown rice flour</item></ing>
      <ing>
        <amt>
          <qty>1</qty>
          <unit>tablespoon</unit></amt>
        <item>Non-alum baking powder</item></ing>
      <ing>
        <amt>
          <qty>1</qty>
          <unit>tablespoon</unit></amt>
        <item>Arrowroot powder</item></ing>
      <ing>
        <amt>
          <qty>1/4</qty>
          <unit>cups</unit></amt>
        <item>Honey</item></ing>
      <ing>
        <amt>
          <qty>1</qty>
          <unit>teaspoon</unit></amt>
        <item>Almond extract</item></ing>
      <ing>
        <amt>
          <qty>1 1/4</qty>
          <unit>cups</unit></amt>
        <item>Water or soymilk</item></ing>
      <ing>
        <amt>
          <qty>2</qty>
          <unit>tablespoons</unit></amt>
        <item>AM unrefined vegetable oil</item></ing>
      <ing>
        <amt>
          <qty>1/2</qty>
          <unit>cups</unit></amt>
        <item>Ground almond</item></ing></ingredients>
    <directions>
      <step>  Date: Mon, 25 Mar 1996 13:43:47 -0500
  
  From: Walt Gray &lt;waltgray@mnsinc.com&gt;
  Mix dry and liquid ingredients separately, then combine the two and mix
  thoroughly (this is a thin batter). Fill 12 paper muffin cups 2/3 full and
  sprinkle tops with almond. Bake at 350 F. for 25-30 minutes.
  
  Source: Arrowhead Mills "Recipes for Special Dietary Needs" tri-fold
  Reprinted by permission of Arrowhead Mills, Inc. Electronic format courtesy
  of: Karen Mintzias
  
  MM-RECIPES@IDISCOVER.NET
  
  MEAL-MASTER RECIPES LIST SERVER
  
  MM-RECIPES DIGEST V3 #87
  
  From the MealMaster recipe list.  Downloaded from Glen's MM Recipe Archive,
  http://www.erols.com/hosey.
 
</step></directions></recipe></recipeml>
