<?xml version="1.0" encoding="UTF-8"?>

<recipeml version="0.5">
  <recipe>
    <head>
      <title>Almond Tabbouleh</title>
      <categories>
        <cat>Ethnic</cat>
        <cat>Salads</cat></categories>
      <yield>6</yield></head>
    <ingredients>
      <ing>
        <amt>
          <qty>2/3</qty>
          <unit>cups</unit></amt>
        <item>Chopped natural almonds</item></ing>
      <ing>
        <amt>
          <qty>1</qty>
          <unit>cup</unit></amt>
        <item>Bulgur(cracked wheat)</item></ing>
      <ing>
        <amt>
          <qty>1</qty>
          <unit>cup</unit></amt>
        <item>Quartered cherry tomatoes</item></ing>
      <ing>
        <amt>
          <qty/>
          <unit/></amt>
        <item>OR a 1/2 c raisins</item></ing>
      <ing>
        <amt>
          <qty>2/3</qty>
          <unit>cups</unit></amt>
        <item>Sliced green onions</item></ing>
      <ing>
        <amt>
          <qty>1/2</qty>
          <unit>cups</unit></amt>
        <item>Lightly packed chopped</item></ing>
      <ing>
        <amt>
          <qty/>
          <unit/></amt>
        <item>Parsley</item></ing>
      <ing>
        <amt>
          <qty>2</qty>
          <unit>tablespoons</unit></amt>
        <item>Chopped fresh mint</item></ing>
      <ing>
        <amt>
          <qty>1/3</qty>
          <unit>cups</unit></amt>
        <item>Lime or lemon juice</item></ing>
      <ing>
        <amt>
          <qty>1/4</qty>
          <unit>cups</unit></amt>
        <item>Almond or other polyunsaturd</item></ing>
      <ing>
        <amt>
          <qty/>
          <unit/></amt>
        <item>Oil</item></ing>
      <ing>
        <amt>
          <qty>1/4</qty>
          <unit>teaspoons</unit></amt>
        <item>Pepper</item></ing></ingredients>
    <directions>
      <step>  Spread almonds in a shallow pan. Toast in a moderate oven (350F) 10
  minutes, or until lightly browned, stirring once or twice while toasting;
  cool. Place bulgur in large bowl. Pour boiling water over to just cover.
  Let stand until water is absorbed. Add cherry tomatoes or raisins, green
  onions,parsley, mint, lime or lemon juice, oil and pepper. Toss until
  mixed. Cover and chill. I thought this was a really nice twist, but then I
  love almonds. Have a great day, great lady!! Hugs, Pam
         FOOD AND WINE CLUB TOPIC: BUSY COOK TIME: 04/15 6:28 PM
  
  TO:      LISA CRAWLEY   (TSPN00B) FROM: PAM COOMBES (RNCM95A) SUBJECT: BACK
  WITH RECIPES
  
  Leave it to Tspn to find a recipe for "Moose Nose"! What the heck is that?
  I will definately check it out. Very interesting...
  Posted to MM-Recipes Digest  by "Robert Ellis" &lt;rpearson@snowcrest.net&gt; on
  May 16, 1998
 
</step></directions></recipe></recipeml>
