<?xml version="1.0" encoding="UTF-8"?>

<recipeml version="0.5">
  <recipe>
    <head>
      <title>Almond Splinters</title>
      <categories>
        <cat>Candy</cat></categories>
      <yield>25</yield></head>
    <ingredients>
      <ing>
        <amt>
          <qty>9</qty>
          <unit>ounces</unit></amt>
        <item>Milk chocolate; broken into</item></ing>
      <ing>
        <amt>
          <qty>6</qty>
          <unit>ounces</unit></amt>
        <item>Slivered almonds; toasted</item></ing></ingredients>
    <directions>
      <step>  Melt chocolate in top of a double saucepan over simmering water. Stir until
  smooth or microwave on HIGH for 2 minutes. Combine almonds and chocolate,
  drop teaspoonfuls of mixture onto foil-covered trays. Allow to set in a
  cool place; store in airtight container in cool place. Makes about 25.
  
  Date: Sun, 23 Jun 1996 11:34:57 -0700
  
  From: Sami Hunter &lt;samih@ix.netcom.com&gt;
  
  MC-Recipe Digest V1 #125
  
  From the MasterCook recipe list.  Downloaded from Glen's MM Recipe Archive,
  http://www.erols.com/hosey.
 
</step></directions></recipe></recipeml>
