<?xml version="1.0" encoding="UTF-8"?>

<recipeml version="0.5">
  <recipe>
    <head>
      <title>Almost-No-Fat Grand Marnier Ice Cream</title>
      <categories>
        <cat>Dessert</cat></categories>
      <yield>6</yield></head>
    <ingredients>
      <ing>
        <amt>
          <qty>1</qty>
          <unit>teaspoon</unit></amt>
        <item>Unflavored gelatin</item></ing>
      <ing>
        <amt>
          <qty>1/4</qty>
          <unit>cups</unit></amt>
        <item>Grand Marnier</item></ing>
      <ing>
        <amt>
          <qty>3</qty>
          <unit>cups</unit></amt>
        <item>Non-fat milk</item></ing>
      <ing>
        <amt>
          <qty>3</qty>
          <unit>tablespoons</unit></amt>
        <item>Non-fat dry milk</item></ing>
      <ing>
        <amt>
          <qty>1/3</qty>
          <unit>cups</unit></amt>
        <item>Sugar</item></ing>
      <ing>
        <amt>
          <qty>1</qty>
          <unit>teaspoon</unit></amt>
        <item>Grated orange zest</item></ing>
      <ing>
        <amt>
          <qty>1/2</qty>
          <unit>cups</unit></amt>
        <item>Non-fat egg substitute (equivalent to 2 eggs)</item></ing>
      <ing>
        <amt>
          <qty>1 1/2</qty>
          <unit>teaspoons</unit></amt>
        <item>Vanilla</item></ing>
      <ing>
        <amt>
          <qty>3</qty>
          <unit>medium</unit></amt>
        <item>Oranges</item></ing>
      <ing>
        <amt>
          <qty/>
          <unit/></amt>
        <item>Orange zest</item></ing></ingredients>
    <directions>
      <step>  Sprinkle gelatin over Grand Marnier. let stand until softened. Combine 2
  cups milk, non-fat dry milk, sogar and orange zest in saucepan. Heat to
  simmer. Add a little hot mixture to egg substitute and return all to pan.
  
  Heat and stir until slightly thickened. Stir in gelatin mixture just until
  dissolved. Stir in remaining milk. Let cool to room temperature. Stir in
  vanilla. Process in ice cream maker according to manufacturer's directions.
  
  To serve, spoon ice cream into orange shells and garnish with orange zest,
  if desired.
  
  For six orange shells cut three medium oranges in half crosswise. Gently
  juice oranges, being careful not to damage shells. Reserve juice for
  another use. Scoop any remaining membrane from inner shells. Chill until
  serving time. Makes 6 servings.
  
  Each serving contains about: 305 calories; 368 milligrams sodium; 12
  milligrams cholesterol; 0 fat; 44 grams carbohydrates; 25 grams protein; 0
  fiber.
  
  Date: Mon, 10 Jun 1996 07:56:28 -0500
  
  From: pickell@cyberspc.mb.ca (S.Pickell)
  
  MM-Recipes Digest V3 #161
  
  From the MealMaster recipe list.  Downloaded from Glen's MM Recipe Archive,
  http://www.erols.com/hosey.
 
</step></directions></recipe></recipeml>
