<?xml version="1.0" encoding="UTF-8"?>

<recipeml version="0.5">
  <recipe>
    <head>
      <title>Almond Toffee Bars</title>
      <categories>
        <cat>Bars</cat>
        <cat>Brand names</cat></categories>
      <yield>1</yield></head>
    <ingredients>
      <ing>
        <amt>
          <qty>1 1/2</qty>
          <unit>cups</unit></amt>
        <item>Unsifted flour</item></ing>
      <ing>
        <amt>
          <qty>1/2</qty>
          <unit>cups</unit></amt>
        <item>Confectioners sugar</item></ing>
      <ing>
        <amt>
          <qty>3/4</qty>
          <unit>cups</unit></amt>
        <item>Cold margarine; or butter</item></ing>
      <ing>
        <amt>
          <qty>14</qty>
          <unit>ounces</unit></amt>
        <item>Sweetened condensed milk</item></ing>
      <ing>
        <amt>
          <qty>1</qty>
          <unit/></amt>
        <item>Egg; beaten</item></ing>
      <ing>
        <amt>
          <qty>1</qty>
          <unit>teaspoon</unit></amt>
        <item>Almond extract</item></ing>
      <ing>
        <amt>
          <qty>6</qty>
          <unit/></amt>
        <item>Milk chocolate covered toffee bars; in small pieces</item></ing>
      <ing>
        <amt>
          <qty>1</qty>
          <unit>cup</unit></amt>
        <item>Slivered almonds</item></ing></ingredients>
    <directions>
      <step>  1. Preheat oven to 350 degrees (325 if using glass dish)
  
  2. In a medium bowl, combine flour and icing sugar, cut in margarine until
  crumbly. Press firmly on the bottom of 13X9 in baking pan. Bake 15 minutes.
  
  3. Meanwhile, in a large bowl combine condensed milk, egg, and almond
  extract
  
  Recipe by: Borden Fast &amp; Fabulous
  
  Posted to brand-name-recipes by RecipeLu &lt;recipelu@geocities.com&gt; on Mar
  16, 1998
 
</step></directions></recipe></recipeml>
