<?xml version="1.0" encoding="UTF-8"?>

<recipeml version="0.5">
  <recipe>
    <head>
      <title>Almond Rice</title>
      <categories>
        <cat>Diabetic</cat></categories>
      <yield>6</yield></head>
    <ingredients>
      <ing>
        <amt>
          <qty>1</qty>
          <unit>cup</unit></amt>
        <item>Long-grain brown rice;</item></ing>
      <ing>
        <amt>
          <qty>2</qty>
          <unit>cups</unit></amt>
        <item>Water</item></ing>
      <ing>
        <amt>
          <qty>1</qty>
          <unit>teaspoon</unit></amt>
        <item>Low-sodium bouillon granules</item></ing>
      <ing>
        <amt>
          <qty>2</qty>
          <unit>tablespoons</unit></amt>
        <item>Almonds; slivered =OR=-</item></ing>
      <ing>
        <amt>
          <qty>2</qty>
          <unit>tablespoons</unit></amt>
        <item>Pine nuts;</item></ing>
      <ing>
        <amt>
          <qty>2</qty>
          <unit>tablespoons</unit></amt>
        <item>Grated lemon zest;</item></ing></ingredients>
    <directions>
      <step>  In a medium-size saucepan, bring rice and water to a boil.  Turn off heat
  and let rice stand in water, covered, 6 hours.  When ready to cook, add
  bouillon granules and brine to a boil.  Cook 10 minutes until water is
  absorbed and rice is tender.  Drain, if necessary. Add almonds and lemon
  zest.  Let stand a few minutes, then fluff with a fork and serve. Food
  Exchanges per serving: 1 STARCH/BREAD EXCHANGE; CAL: 96; CHO: 0mg; CAR:
  19g; PRO: 2g; SOD: 123mg; FAT: 1g;
  
  Source: Light &amp; Easy Diabetes Cuisine by Betty Marks Brought to you and
  yours via Nancy O'Brion and her Meal-Master
  
  Posted to MM-Recipes Digest V3 #273
  
  Date: Sun, 6 Oct 1996 01:12:23 -0400
  
  From: BobbieB1@aol.com
 
</step></directions></recipe></recipeml>
