<?xml version="1.0" encoding="UTF-8"?>

<recipeml version="0.5">
  <recipe>
    <head>
      <title>Bean Pot Limas</title>
      <categories>
        <cat>Beans</cat></categories>
      <yield>1</yield></head>
    <ingredients>
      <ing>
        <amt>
          <qty>2 1/2</qty>
          <unit>cups</unit></amt>
        <item>Baby Lima Beans</item></ing>
      <ing>
        <amt>
          <qty>2</qty>
          <unit>teaspoons</unit></amt>
        <item>Salt</item></ing>
      <ing>
        <amt>
          <qty>6</qty>
          <unit>cups</unit></amt>
        <item>Water</item></ing>
      <ing>
        <amt>
          <qty>1/2</qty>
          <unit>teaspoons</unit></amt>
        <item>Dry Mustard</item></ing>
      <ing>
        <amt>
          <qty>1/4</qty>
          <unit>pounds</unit></amt>
        <item>Bacon; Sliced into squares</item></ing>
      <ing>
        <amt>
          <qty>1/3</qty>
          <unit>cups</unit></amt>
        <item>Dark Molasses</item></ing>
      <ing>
        <amt>
          <qty>2</qty>
          <unit>cups</unit></amt>
        <item>Hot Bean Liquid</item></ing>
      <ing>
        <amt>
          <qty>1/3</qty>
          <unit>cups</unit></amt>
        <item>Chili Sauce</item></ing>
      <ing>
        <amt>
          <qty>1</qty>
          <unit>medium</unit></amt>
        <item>Sliced Onion; (1 1/2 tsp)</item></ing>
      <ing>
        <amt>
          <qty>1</qty>
          <unit>tablespoon</unit></amt>
        <item>Vinegar</item></ing></ingredients>
    <directions>
      <step>   Soak beans in 6 cups water overnight.  Simmer beans 30 minutes.  Drain,
  reserving liquid.  Combine all ingredients.  Pour into 2 quart casserole.
  Cover and bake in 300°F oven for 2 1/2 hours.  Uncover for last 30 minutes
  of baking.
  Recipe By     : Waremart Supermarket handout
  
  Posted to Digest eat-lf.v096.n178
  
  Date: Sat, 5 Oct 1996 20:42:29 -0600
  
  From: "sljc6@cc.usu.edu" &lt;sljc6@cc.usu.edu&gt;
 
</step></directions></recipe></recipeml>
