<?xml version="1.0" encoding="UTF-8"?>

<recipeml version="0.5">
  <recipe>
    <head>
      <title>Bean Thread Salad</title>
      <categories>
        <cat>None</cat></categories>
      <yield>4</yield></head>
    <ingredients>
      <ing>
        <amt>
          <qty>4</qty>
          <unit>ounces</unit></amt>
        <item>Bean thread vermicelli</item></ing>
      <ing>
        <amt>
          <qty>2</qty>
          <unit>tablespoons</unit></amt>
        <item>Lime juice</item></ing>
      <ing>
        <amt>
          <qty>1</qty>
          <unit>tablespoon</unit></amt>
        <item>Fish sauce</item></ing>
      <ing>
        <amt>
          <qty>1</qty>
          <unit>tablespoon</unit></amt>
        <item>Sugar</item></ing>
      <ing>
        <amt>
          <qty>1/2</qty>
          <unit>teaspoons</unit></amt>
        <item>Roasted sesame oil</item></ing>
      <ing>
        <amt>
          <qty>1/2</qty>
          <unit>cups</unit></amt>
        <item>Peanuts; toasted and chopped fine</item></ing>
      <ing>
        <amt>
          <qty>3</qty>
          <unit/></amt>
        <item>Scallions; chopped fine</item></ing>
      <ing>
        <amt>
          <qty>1/2</qty>
          <unit>small</unit></amt>
        <item>Carrot; chopped fine</item></ing>
      <ing>
        <amt>
          <qty>1/4</qty>
          <unit>cups</unit></amt>
        <item>Cilantro; chopped fine</item></ing>
      <ing>
        <amt>
          <qty>1/8</qty>
          <unit>cups</unit></amt>
        <item>Mint; chopped fine</item></ing></ingredients>
    <directions>
      <step>  Bring a pot of water to boil. Pour over the vermicelli. Let it sit for a
  few minutes until it softens and becomes translucent. Drain water and rinse
  with cold water. Allow to drain. In a small bowl, mix the lime juice, fish
  sauce and sugar. Microwave for 30 seconds. Stir to finish dissolving the
  sugar. Add the sesame oil. In a serving bowl, combine the noodles, sauce,
  peanuts, scallions, carrot, cilantro and mint. Mix well to combine. Taste
  for seasoning and correct. For a spicy version, mince a jalapno and add to
  taste to the sauce to before microwaving. Serve at room temp. or
  refrigerate.
  
  Posted to recipelu-digest Volume 01 Number 256 by MickieX@aol.com on Nov
  14, 1997
 
</step></directions></recipe></recipeml>
