<?xml version="1.0" encoding="UTF-8"?>

<recipeml version="0.5">
  <recipe>
    <head>
      <title>Bean Sprout Salad</title>
      <categories>
        <cat>Appetizer</cat></categories>
      <yield>4</yield></head>
    <ingredients>
      <ing>
        <amt>
          <qty>1</qty>
          <unit>pound</unit></amt>
        <item>Bean sprouts</item></ing>
      <ing>
        <amt>
          <qty>2</qty>
          <unit>tablespoons</unit></amt>
        <item>Soy sauce</item></ing>
      <ing>
        <amt>
          <qty>1</qty>
          <unit>teaspoon</unit></amt>
        <item>Sugar</item></ing>
      <ing>
        <amt>
          <qty>3</qty>
          <unit>drops</unit></amt>
        <item>Sesame oil; more or less</item></ing></ingredients>
    <directions>
      <step>     1. Blanch bean sprouts. Transfer to a bowl.
  
     2. Combine soy sauce, sugar and sesame oil. Pour over bean sprouts and
  toss gently. Refrigerate, covered, only to chill (about 20 minutes).
  
     VARIATIONS: For the sesame oil, substitute 1-1/2 tablespoons peanut oil.
  
     Add 1 tablespoon vinegar to the dressing.
  
     In step 1, add to the blanched bean sprouts 1/4 pound water cress, cut
  in 1-inch lengths, with tough stems removed.
  
     In step 1, add to the blanched bean sprouts 1/2 cup chicken or ham,
  slivered. (When using ham, substitute 1/2 teaspoon salt for the sugar.)
  
     After step 2, top the bean sprouts with 1/2 cup chicken or ham,
  slivered; or 1/2 cup roast pork, slivered (toss the pork first in 1
  tablespoon soy sauce and 1-1/2 teaspoons peanut oil).
  
     Garnish the bean sprouts with any of the following: egg threads, sweet
  red pepper, slivered; or snow peas, blanched and shredded.
  
  From &lt;The Thousand Recipe Chinese Cookbook&gt;, ISBN 0-517-65870-4. Downloaded
  from Glen's MM Recipe Archive, http://www.erols.com/hosey.
 
</step></directions></recipe></recipeml>
