<?xml version="1.0" encoding="UTF-8"?>

<recipeml version="0.5">
  <recipe>
    <head>
      <title>Bean Soup Mix</title>
      <categories>
        <cat>Soups</cat>
        <cat>Mixes</cat>
        <cat>Copycat</cat></categories>
      <yield>1</yield></head>
    <ingredients>
      <ing>
        <amt>
          <qty>1</qty>
          <unit>pound</unit></amt>
        <item>Black beans</item></ing>
      <ing>
        <amt>
          <qty>1</qty>
          <unit>pound</unit></amt>
        <item>Red beans</item></ing>
      <ing>
        <amt>
          <qty>1</qty>
          <unit>pound</unit></amt>
        <item>Navy beans</item></ing>
      <ing>
        <amt>
          <qty>1</qty>
          <unit>pound</unit></amt>
        <item>Pinto beans</item></ing>
      <ing>
        <amt>
          <qty>1</qty>
          <unit>pound</unit></amt>
        <item>Great Northern beans</item></ing>
      <ing>
        <amt>
          <qty>1</qty>
          <unit>pound</unit></amt>
        <item>Split peas</item></ing>
      <ing>
        <amt>
          <qty>1</qty>
          <unit>pound</unit></amt>
        <item>Lentils</item></ing>
      <ing>
        <amt>
          <qty>1</qty>
          <unit>pound</unit></amt>
        <item>Black-eyed peas</item></ing></ingredients>
    <directions>
      <step>  Mix together in a large bowl. Fill pint jars with the bean mixture and
  attach the following instructions:
  Posted to MM-Recipes Digest V4 #272 by Silkia@aol.com on Oct 16, 1997
 
</step></directions></recipe></recipeml>
