<?xml version="1.0" encoding="UTF-8"?>

<recipeml version="0.5">
  <recipe>
    <head>
      <title>Bean Thread Salad (Yum Woon Sen)</title>
      <categories>
        <cat>Thai</cat>
        <cat>Salads</cat></categories>
      <yield>4</yield></head>
    <ingredients>
      <ing>
        <amt>
          <qty/>
          <unit/></amt>
        <item>Stephen Ceideburg</item></ing>
      <ing>
        <amt>
          <qty>1/4</qty>
          <unit>cups</unit></amt>
        <item>Large dried shrimp</item></ing>
      <ing>
        <amt>
          <qty>2</qty>
          <unit>ounces</unit></amt>
        <item>Mung bean thread noodles</item></ing>
      <ing>
        <amt>
          <qty>4</qty>
          <unit/></amt>
        <item>Or 5 medium raw prawns, shelled, deveined</item></ing>
      <ing>
        <amt>
          <qty>3</qty>
          <unit>tablespoons</unit></amt>
        <item>Fresh lime juice</item></ing>
      <ing>
        <amt>
          <qty>2 1/2</qty>
          <unit>tablespoons</unit></amt>
        <item>Fish sauce</item></ing>
      <ing>
        <amt>
          <qty>3/4</qty>
          <unit>teaspoons</unit></amt>
        <item>Sugar</item></ing>
      <ing>
        <amt>
          <qty>1</qty>
          <unit/></amt>
        <item>Or 2 medium button mushrooms, thinly sliced</item></ing>
      <ing>
        <amt>
          <qty>1</qty>
          <unit/></amt>
        <item>Celery stalk, thinly sliced at an angle</item></ing>
      <ing>
        <amt>
          <qty>1</qty>
          <unit/></amt>
        <item>Green onion, sliced into 1 1/2-inch lengths</item></ing>
      <ing>
        <amt>
          <qty>1</qty>
          <unit>tablespoon</unit></amt>
        <item>Coarsely chopped coriander leaves</item></ing>
      <ing>
        <amt>
          <qty/>
          <unit/></amt>
        <item>Red lettuce, washed and drained</item></ing></ingredients>
    <directions>
      <step>  This salad is very easy to make, and combines the
  sour, sweet and salty flavors typical of Thai cuisine.
  From "Thai Cooking From the Siam Cuisine Restaurant"
  (North Atlantic Books, 1989).
  
  Pound dried shrimp in a mortar to flatten them into
  soft, crumbly pieces. (They should still be in
  relatively whole pieces.) Set aside.
  
  Soak the mung bean thread noodle in water for 1 hour,
  until soft. Using a strainer to hold the noodles, dip
  them into boiling for 1 second. Remove and immediately
  dip into ice water to stop the cooking. Drain well and
  set aside.
  
  Using a strainer to hold the prawns, boil for 6
  seconds until they turn pink. Drain well.
  
  Combine prawns and lime juice in a medium bowl; let
  stand 1 minute. Add the dried shrimp, noodles, fish
  sauce, sugar, mush- rooms rooms, celery, green onions
  and coriander leaves.
  
  Arrange the salad on a bed of lettuce and serve
  immediately. PER SERVING: 105 calories, 5 g protein,
  15 g carbohydrate, 0 g fat, 32 mg cholesterol, 912
  carbohydrate, 1 g fiber.
  
  From an article by Joyce Jue in the San Francisco
  Chronicle, 5/29/91.
  
  From Gemini's MASSIVE MealMaster collection at www.synapse.com/~gemini
 
</step></directions></recipe></recipeml>
