<?xml version="1.0" encoding="UTF-8"?>

<recipeml version="0.5">
  <recipe>
    <head>
      <title>Bean Salad Plus Tuna or Bacon</title>
      <categories>
        <cat>Salads</cat></categories>
      <yield>4</yield></head>
    <ingredients>
      <ing>
        <amt>
          <qty>350</qty>
          <unit>grams</unit></amt>
        <item>12 oz French beans trimmed.</item></ing>
      <ing>
        <amt>
          <qty>400</qty>
          <unit>grams</unit></amt>
        <item>14 oz cooked red kidney</item></ing>
      <ing>
        <amt>
          <qty/>
          <unit/></amt>
        <item>Beans</item></ing>
      <ing>
        <amt>
          <qty>225</qty>
          <unit>grams</unit></amt>
        <item>8 oz cooked chick peas.</item></ing>
      <ing>
        <amt>
          <qty/>
          <unit/></amt>
        <item>DRESSING.</item></ing>
      <ing>
        <amt>
          <qty>15</qty>
          <unit>mililiters</unit></amt>
        <item>1 tbsp greek yogurt.</item></ing>
      <ing>
        <amt>
          <qty/>
          <unit>large</unit></amt>
        <item>Pinch of sugar.</item></ing>
      <ing>
        <amt>
          <qty/>
          <unit/></amt>
        <item>Ground black pepper.</item></ing>
      <ing>
        <amt>
          <qty>15</qty>
          <unit>mililiters</unit></amt>
        <item>1 tbsp chopped fresh mint (optional)</item></ing>
      <ing>
        <amt>
          <qty>5</qty>
          <unit>mililiters</unit></amt>
        <item>1 tsp French mustard.</item></ing>
      <ing>
        <amt>
          <qty>15</qty>
          <unit>mililiters</unit></amt>
        <item>1 tb olive oil.</item></ing>
      <ing>
        <amt>
          <qty>15</qty>
          <unit>mililiters</unit></amt>
        <item>1 tbsp red wine vinegar.</item></ing></ingredients>
    <directions>
      <step>  Steam the French beans until just tender, about seven minutes. Put all the
  beans and chick peas into a large salad bowl. Mix together the dressing
  ingredients and pour over the beans. Toss to mix together. Allow to stand
  for one hour to let the flavours mix before serving. VARIATIONS TUNA AND
  BEAN SALAD. Add 200 g 7 oz canned tuna, drained and flaked to the salad.
  BACON AND BEAN SALAD. 100 g 4 oz lean back bacon, grill, cut into small
  pieces and add to the salad.
  
  From Gemini's MASSIVE MealMaster collection at www.synapse.com/~gemini
 
</step></directions></recipe></recipeml>
