<?xml version="1.0" encoding="UTF-8"?>

<recipeml version="0.5">
  <recipe>
    <head>
      <title>Bean Sauce Noodles (Ja Jeung Mein)</title>
      <categories>
        <cat>Chinese</cat>
        <cat>Dim sum</cat>
        <cat>Mc</cat></categories>
      <yield>2</yield></head>
    <ingredients>
      <ing>
        <amt>
          <qty>1/2</qty>
          <unit>pounds</unit></amt>
        <item>Egg noodles*</item></ing>
      <ing>
        <amt>
          <qty>1/2</qty>
          <unit>pounds</unit></amt>
        <item>Ground pork</item></ing>
      <ing>
        <amt>
          <qty>1</qty>
          <unit>cup</unit></amt>
        <item>Cucumber; shredded</item></ing>
      <ing>
        <amt>
          <qty>2</qty>
          <unit>tablespoons</unit></amt>
        <item>Bean sauce; up to 3</item></ing>
      <ing>
        <amt>
          <qty>2</qty>
          <unit/></amt>
        <item>Garlic cloves; minced; up to 3</item></ing>
      <ing>
        <amt>
          <qty>1/4</qty>
          <unit>teaspoons</unit></amt>
        <item>White pepper</item></ing>
      <ing>
        <amt>
          <qty>1/4</qty>
          <unit>teaspoons</unit></amt>
        <item>Salt</item></ing>
      <ing>
        <amt>
          <qty>1/2</qty>
          <unit>teaspoons</unit></amt>
        <item>Sugar</item></ing>
      <ing>
        <amt>
          <qty>2</qty>
          <unit>tablespoons</unit></amt>
        <item>Chicken broth or water</item></ing>
      <ing>
        <amt>
          <qty>1</qty>
          <unit>tablespoon</unit></amt>
        <item>Oil</item></ing></ingredients>
    <directions>
      <step>  *Recipe is included in this collection. PREPARATION: Parboil noodles in a
  pot of water with 3 T. oil for 3 minutes. Rinse under cold water and drain
  well. COOKING: In wok, heat 1 tbsp. oil. Brown pork with minced garlic and
  bean sauce until pork is done. Add remainder of seasonings and water. Mix
  well. Divide noodles into 2 or 3 portions according to appetite. Place in
  soup bowl. Spoon pork mixture on one side of the noodles and garnish the
  other side with the shredded cucumber. Serve. DO AHEAD NOTES: Do through
  cooking of the pork mixture. Before serving, reheat mixture and spoon over
  cold noodles. COMMENTS: This is a very popular northern dish in which the
  noodles are served chilled. If you like yours hot (flavor wise), add 1/2-1
  tsp. chili oil when you stir fry and you'll become a fire breathing dragon!
  
  Source: "Dim Sum" by Rhoda Fong Yee. Formatted for MM by Karen Adler
  FNGP13B.
  
  Recipe by: "Dim Sum" by  Rhoda Fong Yee
  
  Posted to MC-Recipe Digest V1 #991 by The Meades &lt;kmeade@idsonline.com&gt; on
  Jan 7, 1998
 
</step></directions></recipe></recipeml>
