<?xml version="1.0" encoding="UTF-8"?>

<recipeml version="0.5">
  <recipe>
    <head>
      <title>Bean Salad</title>
      <categories>
        <cat>Appetizers</cat>
        <cat>Caribbean</cat>
        <cat>Salads</cat>
        <cat>Vegetables</cat></categories>
      <yield>5</yield></head>
    <ingredients>
      <ing>
        <amt>
          <qty>1</qty>
          <unit>cup</unit></amt>
        <item>Pigeon peas, soaked</item></ing>
      <ing>
        <amt>
          <qty>1</qty>
          <unit>small</unit></amt>
        <item>Red onion, chopped</item></ing>
      <ing>
        <amt>
          <qty>3</qty>
          <unit>tablespoons</unit></amt>
        <item>White vinegar</item></ing>
      <ing>
        <amt>
          <qty>1/2</qty>
          <unit/></amt>
        <item>Garlic cloves, pressed</item></ing>
      <ing>
        <amt>
          <qty>10</qty>
          <unit>tablespoons</unit></amt>
        <item>Olive oil</item></ing>
      <ing>
        <amt>
          <qty>1</qty>
          <unit/></amt>
        <item>Canned tomatillo, mashed</item></ing>
      <ing>
        <amt>
          <qty/>
          <unit/></amt>
        <item>Salt &amp; pepper</item></ing>
      <ing>
        <amt>
          <qty>1</qty>
          <unit/></amt>
        <item>Scotch bonnet, seeded &amp; pressed</item></ing></ingredients>
    <directions>
      <step>  Drain the soaked beans, cover with water, add some salt, bring to a
  boil &amp; simmer until tender.  Drain, rinse &amp; cool, covered, in the
  refrigerator.
  
  While the beans are cooking, mix together the other ingredients to
  make into a marinade.  Mix the marinade with the cooled beans.  Cover
  &amp; leave in the refrigerator for 1 to 2 days.  Serve as part of an
  hors d'ouevre selection or as a salad with lettuce.
  
  VARIATION: Substitute pigeon peas with chick peas, black-eyed peas,
  small white or red beans.
  
  In place of the canned tomatillo, use a fresh one, boiled until
  tender &amp; mashed.
  
  Virginie &amp; George Elbart, "Down-Island Caribbean Cookery"
  
  File ftp://ftp.idiscover.co.uk/pub/food/mealmaster/recipes/vegan4.zip
 
</step></directions></recipe></recipeml>
