<?xml version="1.0" encoding="UTF-8"?>

<recipeml version="0.5">
  <recipe>
    <head>
      <title>Bean Pate</title>
      <categories>
        <cat>Appetizer</cat></categories>
      <yield>4</yield></head>
    <ingredients>
      <ing>
        <amt>
          <qty>1</qty>
          <unit>tablespoon</unit></amt>
        <item>Sunflower oil</item></ing>
      <ing>
        <amt>
          <qty>1</qty>
          <unit/></amt>
        <item>Onion; peeled and chopped</item></ing>
      <ing>
        <amt>
          <qty>1</qty>
          <unit/></amt>
        <item>Clove garlic; crushed</item></ing>
      <ing>
        <amt>
          <qty>1/4</qty>
          <unit>teaspoons</unit></amt>
        <item>Ground cumin (up to)</item></ing>
      <ing>
        <amt>
          <qty>1/2</qty>
          <unit>teaspoons</unit></amt>
        <item>Tabasco sauce</item></ing>
      <ing>
        <amt>
          <qty>1</qty>
          <unit>can</unit></amt>
        <item>(14-oz) red Kidney beans; drained</item></ing>
      <ing>
        <amt>
          <qty>1/2</qty>
          <unit>cups</unit></amt>
        <item>Water</item></ing>
      <ing>
        <amt>
          <qty>2</qty>
          <unit>tablespoons</unit></amt>
        <item>Greek yogurt</item></ing>
      <ing>
        <amt>
          <qty/>
          <unit/></amt>
        <item>Paprika</item></ing></ingredients>
    <directions>
      <step>  Date: Mon, 4 Mar 1996 17:54:09 -0600
  
  From: awilson@tfs.net
  Heat the oil in a pan and gently cook the onion until well browned, about
  10 to 12 minutes. Add the garlic, cumin and tabasco sauce. Stir in the
  beans and water, then cook down to a thickened mixture, mashing the beans
  slightly so that it is fairly smooth. Transfer the pate to a serving bowl.
  Spread the yogurt over the top and lightly sprinkle with paprika.
  
  392 calories 1638 kj. 24 g protein. 61,2 g carbohydrate of which 3,7 g
  sugars. 5,1 g fat of which 0,8 g saturates. Trace of sodium 5 g dietary
  fibre.
  
  From: Donna Webster &lt;donna@webster.Demodate: Tue, 10 Oct 1995 17:33:59 Gmt
  
  MM-RECIPES@IDISCOVER.NET
  
  MEAL-MASTER RECIPES LIST SERVER
  
  MM-RECIPES DIGEST V3 #64
  
  From the MealMaster recipe list.  Downloaded from Glen's MM Recipe Archive,
  http://www.erols.com/hosey.
 
</step></directions></recipe></recipeml>
