<?xml version="1.0" encoding="UTF-8"?>

<recipeml version="0.5">
  <recipe>
    <head>
      <title>Bean Salad</title>
      <categories>
        <cat>None</cat></categories>
      <yield>1</yield></head>
    <ingredients>
      <ing>
        <amt>
          <qty>1</qty>
          <unit>quart</unit></amt>
        <item>Fresh green beans</item></ing>
      <ing>
        <amt>
          <qty>1</qty>
          <unit/></amt>
        <item>Chopped onion</item></ing>
      <ing>
        <amt>
          <qty/>
          <unit/></amt>
        <item>Salt and pepper</item></ing>
      <ing>
        <amt>
          <qty>3</qty>
          <unit>tablespoons</unit></amt>
        <item>Vinegar</item></ing>
      <ing>
        <amt>
          <qty>2</qty>
          <unit>tablespoons</unit></amt>
        <item>Salad oil or melted butter</item></ing></ingredients>
    <directions>
      <step>  Evelyn Scoville
  
  The cook of this period would have been likely to cook the beans far more
  tender than currently is trendy and to use melted butter in the dressing,
  since vegetable oil-except olive oil-still was little used.
  
  Young green beans make an excellent salad. String them, cut them into inch
  lengths, boil them in salted water until tender, and drain them. Beat the
  vinegar and water together. Add the salt, pepper, and the onion, and pour
  over the beans and onions. Mix well and set away for an hour or two before
  using for the tastes to blend.
  
  Posted to recipelu-digest by LSHW &lt;shusky@erols.com&gt; on Feb 09, 1998
 
</step></directions></recipe></recipeml>
