<?xml version="1.0" encoding="UTF-8"?>

<recipeml version="0.5">
  <recipe>
    <head>
      <title>Bean Sprouts and Green Onions</title>
      <categories>
        <cat>Diabetic</cat>
        <cat>Vegetables</cat>
        <cat>Side dishes</cat></categories>
      <yield>4</yield></head>
    <ingredients>
      <ing>
        <amt>
          <qty>2</qty>
          <unit>teaspoons</unit></amt>
        <item>Walnut oil;</item></ing>
      <ing>
        <amt>
          <qty>1</qty>
          <unit>pound</unit></amt>
        <item>Bean sprouts;</item></ing>
      <ing>
        <amt>
          <qty>6</qty>
          <unit/></amt>
        <item>Green onion; chopped</item></ing>
      <ing>
        <amt>
          <qty>1</qty>
          <unit>tablespoon</unit></amt>
        <item>Low-sodium soy sauce;</item></ing>
      <ing>
        <amt>
          <qty>1</qty>
          <unit>tablespoon</unit></amt>
        <item>Fresh parsley; chopped</item></ing>
      <ing>
        <amt>
          <qty>1</qty>
          <unit>tablespoon</unit></amt>
        <item>Sunflower seeds;</item></ing></ingredients>
    <directions>
      <step>  In a wok or a large, non-stick skillet, heat oil.  Rinse bean sprout
  under cold water.  Saute green onions about 3 minutes; stir in
  sprouts to heat through.  Toss with soy sauce.  Garnish with parsley
  and sunflower seeds. Food Exchange per serving 1 VEGETABLE EXCHANGE +
  1 FAT EXCHANGE CAL: 55 CHO: 0mg; CAR: 5g; PRO: 2g; SOD: 154mg; FAT:
  4g;
  
  Source:  Light &amp; Easy Diabetes Cuisine by Betty Marks
  Brought to you and yours via Nancy O'Brion and her Meal-Master
  
  File ftp://ftp.idiscover.co.uk/pub/food/mealmaster/recipes/diabetic.zip
 
</step></directions></recipe></recipeml>
