<?xml version="1.0" encoding="UTF-8"?>

<recipeml version="0.5">
  <recipe>
    <head>
      <title>Bean Soup</title>
      <categories>
        <cat>Penndutch</cat>
        <cat>Soups</cat></categories>
      <yield>1</yield></head>
    <ingredients>
      <ing>
        <amt>
          <qty>1 1/2</qty>
          <unit>pounds</unit></amt>
        <item>Beans, soup</item></ing>
      <ing>
        <amt>
          <qty>2</qty>
          <unit>cups</unit></amt>
        <item>Celery, diced</item></ing>
      <ing>
        <amt>
          <qty>1/2</qty>
          <unit>cups</unit></amt>
        <item>Onion, chopped</item></ing>
      <ing>
        <amt>
          <qty>1</qty>
          <unit>cup</unit></amt>
        <item>Tomato, strained</item></ing>
      <ing>
        <amt>
          <qty>2</qty>
          <unit>teaspoons</unit></amt>
        <item>Parsley, minced</item></ing>
      <ing>
        <amt>
          <qty>1/2</qty>
          <unit>cups</unit></amt>
        <item>Potato, diced</item></ing>
      <ing>
        <amt>
          <qty/>
          <unit/></amt>
        <item>Salt &amp; pepper</item></ing></ingredients>
    <directions>
      <step>  Soak beans overnight in water to cover. In morning, drain off the water,
  add fresh water and cook until almost soft. Wash ham and cover with cold
  water and boil until tender. Skim fat from the broth and add the beans and
  other ingredients and cook until potatoes are soft. Serve at once. Source:
  Pennsylvania Dutch Cook Book - Fine Old Recipes, Culinary Arts Press, 1936.
  
  From Gemini's MASSIVE MealMaster collection at www.synapse.com/~gemini
 
</step></directions></recipe></recipeml>
