<?xml version="1.0" encoding="UTF-8"?>

<recipeml version="0.5">
  <recipe>
    <head>
      <title>Bean Soup with Garlic</title>
      <categories>
        <cat>Garlic</cat>
        <cat>Beans</cat></categories>
      <yield>6</yield></head>
    <ingredients>
      <ing>
        <amt>
          <qty/>
          <unit/></amt>
        <item>I.E.S.JJGF65A-----</item></ing>
      <ing>
        <amt>
          <qty/>
          <unit/></amt>
        <item>PHILLY INQUIRER-----</item></ing>
      <ing>
        <amt>
          <qty>1/2</qty>
          <unit>cups</unit></amt>
        <item>Extra virgin olive oil</item></ing>
      <ing>
        <amt>
          <qty>6</qty>
          <unit>cups</unit></amt>
        <item>Cannellini beans -- canned</item></ing>
      <ing>
        <amt>
          <qty/>
          <unit/></amt>
        <item>And</item></ing>
      <ing>
        <amt>
          <qty>1</qty>
          <unit>teaspoon</unit></amt>
        <item>Garlic -- chopped</item></ing>
      <ing>
        <amt>
          <qty/>
          <unit/></amt>
        <item>Drained</item></ing>
      <ing>
        <amt>
          <qty>2</qty>
          <unit>cups</unit></amt>
        <item>Dried cannellini -- or</item></ing>
      <ing>
        <amt>
          <qty/>
          <unit/></amt>
        <item>Other</item></ing>
      <ing>
        <amt>
          <qty/>
          <unit/></amt>
        <item>Salt to taste</item></ing>
      <ing>
        <amt>
          <qty/>
          <unit/></amt>
        <item>White beans -- soaked and</item></ing>
      <ing>
        <amt>
          <qty/>
          <unit/></amt>
        <item>Cook</item></ing>
      <ing>
        <amt>
          <qty/>
          <unit/></amt>
        <item>Fresh ground pepper to</item></ing>
      <ing>
        <amt>
          <qty/>
          <unit/></amt>
        <item>Taste</item></ing>
      <ing>
        <amt>
          <qty/>
          <unit/></amt>
        <item>Ed according to package</item></ing>
      <ing>
        <amt>
          <qty>1</qty>
          <unit>cup</unit></amt>
        <item>Beef broth</item></ing>
      <ing>
        <amt>
          <qty/>
          <unit/></amt>
        <item>Directions and drained --</item></ing>
      <ing>
        <amt>
          <qty/>
          <unit/></amt>
        <item>OR</item></ing>
      <ing>
        <amt>
          <qty>2</qty>
          <unit>tablespoons</unit></amt>
        <item>Parsley -- chopped</item></ing></ingredients>
    <directions>
      <step>  Put oil and chopped garlic in a soup pot and turn on the heat to medium.
  Cook the garlic,stirring it,until it becomes colored a very pale gold.Add
  the drained cooked or canned beans,a pinch of salt and a few grindings of
  pepper.Cover and simmer gently for 5 or 6 minutes.. Take about 1/2 cup of
  beans from the pot and puree them through a food mill back into the
  pot,together with the broth.Simmer for 5 or 6 minutes more,taste,and
  correct for salt and pepper.Swirl in the chopped parsley and turn off the
  heat.Ladle into individual soup bowls.Makes 4 to 6 servings.. NOTE: This
  dish can be made thin or thick by the amount of broth added..
  
  Recipe By     :
  
  File ftp://ftp.idiscover.co.uk/pub/food/mealmaster/recipes/mmdja006.zip
 
</step></directions></recipe></recipeml>
