<?xml version="1.0" encoding="UTF-8"?>

<recipeml version="0.5">
  <recipe>
    <head>
      <title>Bean Stew with Corn Dumplings</title>
      <categories>
        <cat>Vegetarian</cat>
        <cat>Vegan</cat>
        <cat>Main dish</cat>
        <cat>Inet</cat></categories>
      <yield>8</yield></head>
    <ingredients>
      <ing-div>
        <title/>
        <ing>
          <amt>
            <qty>1</qty>
            <unit/></amt>
          <item>Not so Meaty Bean Soup rec.</item></ing></ing-div>
      <ing-div>
        <title>DUMPLINGS</title>
        <ing>
          <amt>
            <qty>1/2</qty>
            <unit>cups</unit></amt>
          <item>Flour, all purpose</item></ing>
        <ing>
          <amt>
            <qty>1/2</qty>
            <unit>cups</unit></amt>
          <item>Cornmeal, yellow</item></ing>
        <ing>
          <amt>
            <qty>1</qty>
            <unit>teaspoon</unit></amt>
          <item>Baking powder</item></ing>
        <ing>
          <amt>
            <qty>1/2</qty>
            <unit>teaspoons</unit></amt>
          <item>Salt</item></ing>
        <ing>
          <amt>
            <qty>1/3</qty>
            <unit>cups</unit></amt>
          <item>Soy, rice or almond milk</item></ing>
        <ing>
          <amt>
            <qty>2</qty>
            <unit>tablespoons</unit></amt>
          <item>Vegetable oil</item></ing></ing-div></ingredients>
    <directions>
      <step>   Preapare soup as directed in Not-So-Meaty Bean Soup recipe, EXCEPT do not
  blend the cooked mixture.
   Instead, using a fork, slightly mash the cooked bean mixture. Return the
  mixture to boiling.
  
   Combine the ingredients for the dumplings in a medium bowl and mix with a
  fork until combined.
  
   Drop mixture from a tablespoon into 6 to 8 mounts atop bubbling stew.
  Reduce heat. Cover and simmer for 10 to 12 minutes or until a toothpick
  inserted near the center of a dumpling comes out clean. Do not lift cover
  until dumplings have cooked for 10 minutes.
   Makes 6 to 8 servings.
  
   From the files of DEEANNE
  
  From Gemini's MASSIVE MealMaster collection at www.synapse.com/~gemini
 
</step></directions></recipe></recipeml>
