<?xml version="1.0" encoding="UTF-8"?>

<recipeml version="0.5">
  <recipe>
    <head>
      <title>Bean Sprout Salad with Garlic</title>
      <categories>
        <cat>Salads</cat>
        <cat>Oriental</cat>
        <cat>Vegetables</cat></categories>
      <yield>4</yield></head>
    <ingredients>
      <ing>
        <amt>
          <qty>2</qty>
          <unit>tablespoons</unit></amt>
        <item>Sesame seeds</item></ing>
      <ing>
        <amt>
          <qty>1</qty>
          <unit>pound</unit></amt>
        <item>Fresh bean sprouts thoroughly washed and drained</item></ing>
      <ing>
        <amt>
          <qty>3</qty>
          <unit>medium</unit></amt>
        <item>Garlic cloves peeled and minced</item></ing>
      <ing>
        <amt>
          <qty>2</qty>
          <unit>medium</unit></amt>
        <item>Scallions; trimmed &amp; minced</item></ing>
      <ing>
        <amt>
          <qty>1</qty>
          <unit/></amt>
        <item>1" cube ginger peeled and minced</item></ing>
      <ing>
        <amt>
          <qty>2</qty>
          <unit>tablespoons</unit></amt>
        <item>Oriental sesame oil</item></ing>
      <ing>
        <amt>
          <qty>1/3</qty>
          <unit>cups</unit></amt>
        <item>Soy sauce</item></ing>
      <ing>
        <amt>
          <qty>2</qty>
          <unit>tablespoons</unit></amt>
        <item>Cider vinegar</item></ing>
      <ing>
        <amt>
          <qty>1</qty>
          <unit>tablespoon</unit></amt>
        <item>Mirin (sweet rice wine)</item></ing>
      <ing>
        <amt>
          <qty>2</qty>
          <unit>teaspoons</unit></amt>
        <item>Light brown sugar</item></ing>
      <ing>
        <amt>
          <qty>1</qty>
          <unit>teaspoon</unit></amt>
        <item>Spicy sesame oil</item></ing></ingredients>
    <directions>
      <step>  Makes 4 to 6 Servings
  
  Fresh bean sprouts are a must for this recipe from China's Hunan province.
  The canned variety don't have the requisite crispness. Keep a close eye on
  the toasting sesame seeds so they don't burn.
  
  PREHEAT OVEN TO 300F. Toast the sesame seeds by spreading them over the
  bottom of a pie tin. Roast for 12-to-16 minutes, stirring often, until they
  are golden. The seeds can be toasted in advance and stored in an airtight
  container. Place the bean sprouts in a large heatproof bowl and set it
  aside. In a medium-size skillet set over moderately low heat, stir-fry the
  garlic, scallions and ginger in the oil for 2 to 3 minutes, until they are
  limp. Add all the remaining ingredients, increase the heat to moderate,
  then boil the mixture, uncovered, for 1 minute to slightly reduce the
  liquid. Pour the boiling dressing over the bean sprouts, toss well, then
  cover the bowl and chill the salad for several hours. Toss again before
  serving.
  
  From Gemini's MASSIVE MealMaster collection at www.synapse.com/~gemini
 
</step></directions></recipe></recipeml>
