<?xml version="1.0" encoding="UTF-8"?>

<recipeml version="0.5">
  <recipe>
    <head>
      <title>Bean Soup with Carrot Salsa</title>
      <categories>
        <cat>Soups</cat>
        <cat>Vegetables</cat></categories>
      <yield>4</yield></head>
    <ingredients>
      <ing>
        <amt>
          <qty>1</qty>
          <unit>teaspoon</unit></amt>
        <item>Vegetable oil</item></ing>
      <ing>
        <amt>
          <qty>1</qty>
          <unit/></amt>
        <item>Onion, chopped</item></ing>
      <ing>
        <amt>
          <qty>2</qty>
          <unit/></amt>
        <item>Cloves garlic, minced</item></ing>
      <ing>
        <amt>
          <qty>3/4</qty>
          <unit>teaspoons</unit></amt>
        <item>Ground cumin and coriander</item></ing>
      <ing>
        <amt>
          <qty>2</qty>
          <unit>cans</unit></amt>
        <item>Each 19 oz. white kidney beans, drained and rinsed</item></ing>
      <ing>
        <amt>
          <qty/>
          <unit/></amt>
        <item>CARROT SALSA:</item></ing>
      <ing>
        <amt>
          <qty>1</qty>
          <unit/></amt>
        <item>Carrot, grated</item></ing>
      <ing>
        <amt>
          <qty>4</qty>
          <unit>teaspoons</unit></amt>
        <item>Chopped fresh coriander or parsley</item></ing>
      <ing>
        <amt>
          <qty>1</qty>
          <unit>teaspoon</unit></amt>
        <item>Lemon juice</item></ing>
      <ing>
        <amt>
          <qty>1/2</qty>
          <unit>teaspoons</unit></amt>
        <item>Vegetable oil</item></ing></ingredients>
    <directions>
      <step>  In saucepan, heat oil over medium heat; cook onion and garlic, stirring
  occasionally, for 3 minutes or until softened. Add cumin and ground
  coriander; cook for 1 minute.
  
  Add kidney beans and stock; bring to boil.  Reduce heat, cover and simmer
  for 15 minutes.
  
  Carrot Salsa:  Meanwhile, in bowl, stir together carrot, fresh coriander,
  lemon juice and oil; set aside.
  
  In food processor or blender, puree soup until smooth; if necessary, return
  to saucepan and heat through. Season with salt and pepper to taste. Serve
  topped with carrot salsa. Makes 4 servings. Typed in MMFormat by
  cjhartlin@msn.com  Source: The Canadian Living 20th Anniversary Cookbook.
  Posted to MM-Recipes Digest  by "Cindy Hartlin" &lt;cjhartlin@email.msn.com&gt;
  on Apr 17, 1998
 
</step></directions></recipe></recipeml>
