<?xml version="1.0" encoding="UTF-8"?>

<recipeml version="0.5">
  <recipe>
    <head>
      <title>Bean Salad Francaise (Or Parisienne)</title>
      <categories>
        <cat>Salads</cat></categories>
      <yield>6</yield></head>
    <ingredients>
      <ing>
        <amt>
          <qty>1/2</qty>
          <unit>cups</unit></amt>
        <item>Idaho Red Beans</item></ing>
      <ing>
        <amt>
          <qty>1/2</qty>
          <unit>cups</unit></amt>
        <item>Idaho Pinto Beans</item></ing>
      <ing>
        <amt>
          <qty>1/2</qty>
          <unit>cups</unit></amt>
        <item>Great Northern Beans</item></ing>
      <ing>
        <amt>
          <qty>3/4</qty>
          <unit>cups</unit></amt>
        <item>Celery</item></ing>
      <ing>
        <amt>
          <qty>1/2</qty>
          <unit>cups</unit></amt>
        <item>Sliced radishes</item></ing>
      <ing>
        <amt>
          <qty>1/2</qty>
          <unit>cups</unit></amt>
        <item>Sliced cucumber</item></ing>
      <ing>
        <amt>
          <qty>1/4</qty>
          <unit>cups</unit></amt>
        <item>Sliced green onion</item></ing>
      <ing>
        <amt>
          <qty>1/4</qty>
          <unit>cups</unit></amt>
        <item>Olive or salad oil</item></ing>
      <ing>
        <amt>
          <qty>2</qty>
          <unit>tablespoons</unit></amt>
        <item>Lemon juice</item></ing>
      <ing>
        <amt>
          <qty>1</qty>
          <unit>tablespoon</unit></amt>
        <item>Tarragon vinegar</item></ing>
      <ing>
        <amt>
          <qty>1/2</qty>
          <unit>teaspoons</unit></amt>
        <item>Salt</item></ing>
      <ing>
        <amt>
          <qty/>
          <unit/></amt>
        <item>Freshly ground black pepper</item></ing>
      <ing>
        <amt>
          <qty/>
          <unit/></amt>
        <item>Lettuce</item></ing>
      <ing>
        <amt>
          <qty/>
          <unit/></amt>
        <item>Skewered cubed cold meat</item></ing>
      <ing>
        <amt>
          <qty/>
          <unit/></amt>
        <item>Skewered cubed vegetables</item></ing></ingredients>
    <directions>
      <step>  Soak and cook beans according to directions. Drain and cool beans. Combine
  beans and vegetables. Beat together oil, lemon juice, vinegar, garlic and
  seasonings. Pour dressing over beans and toss to coat thoroughly. Chill
  for 2 hours. Serve on lettuce-lined plate garnishing with skewered cold
  meat and vegetables. Makes 6 servings.
  
  Copyright IDAHO BEAN COMMISSION  P.O.Box 9433...Boise, Idaho 83707
  &lt;Electronic format by Karen Mintzias&gt;
  
  File ftp://ftp.idiscover.co.uk/pub/food/mealmaster/recipes/id_beans.zip
 
</step></directions></recipe></recipeml>
