<?xml version="1.0" encoding="UTF-8"?>

<recipeml version="0.5">
  <recipe>
    <head>
      <title>Bean Threads with Minced Pork</title>
      <categories>
        <cat>Chinese</cat>
        <cat>Pork</cat>
        <cat>Pasta</cat></categories>
      <yield>1</yield></head>
    <ingredients>
      <ing>
        <amt>
          <qty>2</qty>
          <unit>tablespoons</unit></amt>
        <item>Hot bean sauce</item></ing>
      <ing>
        <amt>
          <qty>1 1/2</qty>
          <unit>cups</unit></amt>
        <item>Chicken broth</item></ing>
      <ing>
        <amt>
          <qty>4</qty>
          <unit>ounces</unit></amt>
        <item>Bean threads or chinese rice vermicelli</item></ing>
      <ing>
        <amt>
          <qty>1</qty>
          <unit>tablespoon</unit></amt>
        <item>Soy sauce</item></ing>
      <ing>
        <amt>
          <qty>1</qty>
          <unit>tablespoon</unit></amt>
        <item>Dry sherry</item></ing>
      <ing>
        <amt>
          <qty>3</qty>
          <unit/></amt>
        <item>Dried mushrooms</item></ing>
      <ing>
        <amt>
          <qty>2</qty>
          <unit>tablespoons</unit></amt>
        <item>Peanut oil</item></ing>
      <ing>
        <amt>
          <qty>1</qty>
          <unit>small</unit></amt>
        <item>Red/green hot chili pepper</item></ing>
      <ing>
        <amt>
          <qty>6</qty>
          <unit>ounces</unit></amt>
        <item>Lean ground pork; or chicken</item></ing>
      <ing>
        <amt>
          <qty>3</qty>
          <unit/></amt>
        <item>Green onions</item></ing>
      <ing>
        <amt>
          <qty>2</qty>
          <unit/></amt>
        <item>Cilantro sprigs; for garnish</item></ing>
      <ing>
        <amt>
          <qty>2</qty>
          <unit>tablespoons</unit></amt>
        <item>Minced fresh ginger</item></ing></ingredients>
    <directions>
      <step>  Place bean threads and dried mushrooms in separate bowls. Cover each with
  hot water. Let stand 30 minutes;drain. Cut bean threads into 4-inch pieces.
  
  Squeeze out excess water from mushrooms. Cut off and discard stems; cut
  caps into thin slices. Cut chili pepper in half and scrape out seeds.
  
  Finely mince chili pepper. Thinly slice 2 of the green onions. Cut
  remaining onion into 1 1/2 inch slivers and reserve for garnish. Combine
  ginger and hot bean sauce in small bowl. Combine chicken broth, soy sauce
  and sherry in medium bowl. Heat oil in wok or large skillet over high heat.
  
  Add pork or chicken and stir-fry until meat is no longer pink, about 2
  minutes. Add chili pepper, sliced onions and ginger-bean sauce mixture.
  
  Stir-fry until meat absorbs color from bean sauce, about 1 minute. Add
  chicken broth mixture, bean threads and mushrooms. Simmer, uncovered until
  most of the lidquid is absorbed, about 5 minutes. Garnish with onion
  slivers and cilantro. Makes 4 servings.
  
  Have a great Day! My house is a Chinese laundry today!! Hugs, Pam
  Posted to MC-Recipe Digest V1 #264
  
  Date: Mon, 28 Oct 1996 21:33:44 +0800 (HKT)
  
  From: Sweeney &lt;sweeney@asiaonline.net&gt;
 
</step></directions></recipe></recipeml>
