<?xml version="1.0" encoding="UTF-8"?>

<recipeml version="0.5">
  <recipe>
    <head>
      <title>Bean Soup W/ Smoked Cured</title>
      <categories>
        <cat/></categories>
      <yield>100</yield></head>
    <ingredients>
      <ing>
        <amt>
          <qty>5</qty>
          <unit>gallons</unit></amt>
        <item>WATER</item></ing>
      <ing>
        <amt>
          <qty>1</qty>
          <unit>quart</unit></amt>
        <item>WATER; COLD</item></ing>
      <ing>
        <amt>
          <qty>2</qty>
          <unit>gallons</unit></amt>
        <item>WATER; COLD</item></ing>
      <ing>
        <amt>
          <qty>1</qty>
          <unit>quart</unit></amt>
        <item>WATER TO COVER</item></ing>
      <ing>
        <amt>
          <qty>2 1/2</qty>
          <unit>pounds</unit></amt>
        <item>PORK HOCKS HAM FZ</item></ing>
      <ing>
        <amt>
          <qty>1</qty>
          <unit>pound</unit></amt>
        <item>CARROTS FRESH</item></ing>
      <ing>
        <amt>
          <qty>2</qty>
          <unit>pounds</unit></amt>
        <item>ONIONS DRY</item></ing>
      <ing>
        <amt>
          <qty>3 1/2</qty>
          <unit>quarts</unit></amt>
        <item>BEANS WHITE DRY 2 LB</item></ing>
      <ing>
        <amt>
          <qty>12</qty>
          <unit>ounces</unit></amt>
        <item>FLOUR GEN PURPOSE 10LB</item></ing>
      <ing>
        <amt>
          <qty>3</qty>
          <unit>cups</unit></amt>
        <item>SOUP GRAVY BASE BEEF</item></ing>
      <ing>
        <amt>
          <qty>2</qty>
          <unit>teaspoons</unit></amt>
        <item>PEPPER BLACK 1 LB CN</item></ing></ingredients>
    <directions>
      <step>  1.  PICK OVER BEANS, REMOVING DISCOLORED BEANS AND FOREIGN MATTER.  WASH
  THOROUGHLY IN COLD WATER.
  
  2.  COVER WITH COLD WATER; BRING TO A BOIL; BOIL 2 MINUTES.  TURN OFF HEAT.
  COVER; LET STAND 1 HOUR.
  
  3.  COMBINE SOUP AND GRAVY BASE WITH WATER.  ADD TO BEANS; BRING TO A BOIL;
  COVER; SIMMER 2 HOURS OR UNTIL BEANS ARE TENDER.  PLACE HOCKS IN WATER TO
  COVER.  SIMMIER 1 HOUR; REMOVE FROM HEAT; COOL.  REMOVE LEAN MEAT; CHOP
  INTO SMALL PIECES.
  
  4.  ADD CARROTS, ONIONS, PEPPER AND CHOPPED HAM HOCKS TO BEAN MIXTURE.
  SIMMER 30 MINUTES.
  
  5.  BLEND FLOUR AND WATER TO FORM A SMOOTH PASTE.  STIR INTO SOUP; COOK 10
  MINUTES.
  :
  **ALL NOTES ARE PER 100 PORTIONS.
  
  NOTE:  1.  IN STEP 4, 1 LB 4 OZ FRESH CARROTS A.P. WILL YIELD 1 LB SHREDDED
  CARROTS AND 2 LB 4 OZ DRY ONIONS A.P. WILL YIELD 2 LB CHOPPED ONIONS.
  
  2.  IN STEP 4, 4 OZ (1 1/3 CUPS) DEHYDRATED ONIONS MAY BE USED. SEE
  RECIPE NO. A-11.
  
  3.  ONE-D LADLE MAY BE USED. SEE RECIPE NO. A-4.
  
  Recipe Number: P00801
  
  SERVING SIZE: 1 CUP (7 3
  
  From the &lt;Army Master Recipe Index File&gt; (actually used today!).
  Downloaded from Glen's MM Recipe Archive, http://www.erols.com/hosey.
 
</step></directions></recipe></recipeml>
