<?xml version="1.0" encoding="UTF-8"?>

<recipeml version="0.5">
  <recipe>
    <head>
      <title>Bean Soup #3</title>
      <categories>
        <cat>Soup</cat></categories>
      <yield>8</yield></head>
    <ingredients>
      <ing>
        <amt>
          <qty>1 1/2</qty>
          <unit>cups</unit></amt>
        <item>Bean mixture (see instructions)</item></ing>
      <ing>
        <amt>
          <qty>1</qty>
          <unit>teaspoon</unit></amt>
        <item>Salt</item></ing>
      <ing>
        <amt>
          <qty>2</qty>
          <unit>quarts</unit></amt>
        <item>Water</item></ing>
      <ing>
        <amt>
          <qty>1</qty>
          <unit/></amt>
        <item>Ham bone; -or-</item></ing>
      <ing>
        <amt>
          <qty>1</qty>
          <unit>pound</unit></amt>
        <item>Of ham; diced</item></ing>
      <ing>
        <amt>
          <qty>1</qty>
          <unit>can</unit></amt>
        <item>(10-oz) Ro-tel tomatoes</item></ing>
      <ing>
        <amt>
          <qty>1</qty>
          <unit>large</unit></amt>
        <item>Onion; diced</item></ing>
      <ing>
        <amt>
          <qty>1</qty>
          <unit/></amt>
        <item>Clove garlic; minced</item></ing>
      <ing>
        <amt>
          <qty>1</qty>
          <unit/></amt>
        <item>Lemon; juice of</item></ing>
      <ing>
        <amt>
          <qty>1</qty>
          <unit/></amt>
        <item>Long red or green chili pepper; or Cayenne pepper to taste (up to)</item></ing>
      <ing>
        <amt>
          <qty>1</qty>
          <unit>pound</unit></amt>
        <item>Sliced Polish sausage; cooked and drained (optional)</item></ing></ingredients>
    <directions>
      <step>   Wash bean mixture. Cover with water, add salt and soak overnight, or bring
  to a boil for 5 minutes, remove from heat, and soak 1 hour. Drain. Place
  beans in water, add ham bone or ham and simmer for 3 hours. Add Ro-Tel,
  onion, garlic, lemon juice, red or green chili pepper, and simmer for 2
  hours. If using sausage, add and simmer for 1 more hour. Yield: 8 to 10
  servings.
  
   Bean Mixture: The base mixture for this soup is 8 assorted packages of
  dried peas and beans. For example: lentils, split peas, baby limas, black
  beans, red beans, black-eyed peas, navy beans and barley.
  
   Suggestion: 1-1/2 cup amounts can be packaged in a plastic bag and tied
  with a plaid ribbon with recipe enclosed for a Christmas remembrance.
  
  SUSAN DIFFEY JOHNSON
  
  From &lt;Traditions: A Taste of the Good Life&gt;, by the Little Rock (AR) Junior
  League.  Downloaded from Glen's MM Recipe Archive,
  http://www.erols.com/hosey.
 
</step></directions></recipe></recipeml>
