<?xml version="1.0" encoding="UTF-8"?>

<recipeml version="0.5">
  <recipe>
    <head>
      <title>Bean Soup, (The Worlds Best)</title>
      <categories>
        <cat>Main dish</cat>
        <cat>Soups</cat>
        <cat>Vegetables</cat>
        <cat>Low-cal</cat></categories>
      <yield>6</yield></head>
    <ingredients>
      <ing>
        <amt>
          <qty>1</qty>
          <unit>package</unit></amt>
        <item>SMALL PK. SMALL WHITE BEANS</item></ing>
      <ing>
        <amt>
          <qty>1</qty>
          <unit/></amt>
        <item>TOMATO</item></ing>
      <ing>
        <amt>
          <qty>1</qty>
          <unit/></amt>
        <item>CLOVE GARLIC</item></ing>
      <ing>
        <amt>
          <qty>1 1/2</qty>
          <unit>quarts</unit></amt>
        <item>CHICKEN BROTH</item></ing>
      <ing>
        <amt>
          <qty>1</qty>
          <unit/></amt>
        <item>SLICE HAM DICED</item></ing>
      <ing>
        <amt>
          <qty>1</qty>
          <unit>cup</unit></amt>
        <item>CHOPPED CELERY</item></ing>
      <ing>
        <amt>
          <qty>1</qty>
          <unit/></amt>
        <item>ONION</item></ing>
      <ing>
        <amt>
          <qty>2</qty>
          <unit>tablespoons</unit></amt>
        <item>LIQUID SMOKE</item></ing>
      <ing>
        <amt>
          <qty>2</qty>
          <unit/></amt>
        <item>MEDIUM POTATOES</item></ing>
      <ing>
        <amt>
          <qty>2</qty>
          <unit/></amt>
        <item>CHICKEN BOUILLON</item></ing></ingredients>
    <directions>
      <step>  IN A LARGE POT, COMBINE ALL INGREDIENTS--&gt;EXCEPT&lt;--THE BEANS BRING TO A
  BOIL, AND THEN TURN TO SIMER IN A SECOND POT WITH COLD WATER, ADD BEANS.
  BRING BEANS TO A BOIL AND LET THEM COOL . NOW POUR OFF WATER, ADD COOL
  WATER,BRING TO BOIL,LOWER HEAT TO MEDIUM ALLOW TO COOK ON MED FOR 2 1/2
  HOURS OR UNTIL DONE. DO NOT SEASON BEANS WHILE COOKING! WHEN BEANS ARE
  DONE, POUR OFF WATER,RINSE BEANS,ADD BEANS TO OTHER POT SIMMER FOR 1/2 HOUR
  YOU MAY SUBSTITUTE PORK CHOPS FOR HAM, AND ADD 1 TSP OF SALT
  
  From Gemini's MASSIVE MealMaster collection at www.synapse.com/~gemini
 
</step></directions></recipe></recipeml>
