<?xml version="1.0" encoding="UTF-8"?>

<recipeml version="0.5">
  <recipe>
    <head>
      <title>Bean Mustard</title>
      <categories>
        <cat>Sauce</cat></categories>
      <yield>1</yield></head>
    <ingredients>
      <ing>
        <amt>
          <qty>2</qty>
          <unit>pounds</unit></amt>
        <item>Green or Yellow beans OR</item></ing>
      <ing>
        <amt>
          <qty>2</qty>
          <unit>cans</unit></amt>
        <item>Green or wax beans (15 oz ea)</item></ing>
      <ing>
        <amt>
          <qty>4</qty>
          <unit>tablespoons</unit></amt>
        <item>Dry mustard</item></ing>
      <ing>
        <amt>
          <qty>1 1/2</qty>
          <unit>teaspoons</unit></amt>
        <item>Turmeric</item></ing>
      <ing>
        <amt>
          <qty>4</qty>
          <unit>tablespoons</unit></amt>
        <item>Flour</item></ing>
      <ing>
        <amt>
          <qty>1 1/2</qty>
          <unit>teaspoons</unit></amt>
        <item>Celery seed</item></ing>
      <ing>
        <amt>
          <qty>1 1/4</qty>
          <unit>cups</unit></amt>
        <item>Sugar</item></ing>
      <ing>
        <amt>
          <qty>1 1/2</qty>
          <unit>cups</unit></amt>
        <item>Cider vinegar</item></ing></ingredients>
    <directions>
      <step>  If using fresh beans, trim and cut in desired lengths and cook til just
  crisp. Mix into a paste the flour, mustard, celery seed, turmeric and some
  cold vinegar. Bring vinegar and sugar to a boil. Add paste and stir to
  blend. Cook 5 minutes. Add beans and continue cooking til everything is
  uniformly hot. Bottle. Try with other veggies
  
  Posted to MM-Recipes Digest V4 #204 by "Lamoureaux, Shona"
  &lt;lamoureauxs@agresearch.cri.nz&gt; on Aug 6, 1997
 
</step></directions></recipe></recipeml>
