<?xml version="1.0" encoding="UTF-8"?>

<recipeml version="0.5">
  <recipe>
    <head>
      <title>Bear Mush</title>
      <categories>
        <cat>Low</cat>
        <cat>Fat</cat></categories>
      <yield>1</yield></head>
    <ingredients>
      <ing>
        <amt>
          <qty>1/2</qty>
          <unit>cups</unit></amt>
        <item>Warm water</item></ing>
      <ing>
        <amt>
          <qty>3</qty>
          <unit>cups</unit></amt>
        <item>Quick-cooking oats</item></ing>
      <ing>
        <amt>
          <qty>2</qty>
          <unit>tablespoons</unit></amt>
        <item>Raisins</item></ing>
      <ing>
        <amt>
          <qty>4</qty>
          <unit>tablespoons</unit></amt>
        <item>Honey</item></ing>
      <ing>
        <amt>
          <qty>1</qty>
          <unit>tablespoon</unit></amt>
        <item>Lemon juice</item></ing>
      <ing>
        <amt>
          <qty>2</qty>
          <unit>tablespoons</unit></amt>
        <item>Sunflower seeds</item></ing>
      <ing>
        <amt>
          <qty>2</qty>
          <unit>tablespoons</unit></amt>
        <item>Slivered almonds</item></ing>
      <ing>
        <amt>
          <qty>2</qty>
          <unit/></amt>
        <item>Whole apples; grated</item></ing>
      <ing>
        <amt>
          <qty>2</qty>
          <unit>tablespoons</unit></amt>
        <item>Nonfat plain yogurt</item></ing>
      <ing>
        <amt>
          <qty>2</qty>
          <unit>tablespoons</unit></amt>
        <item>Brown sugar</item></ing></ingredients>
    <directions>
      <step>  Soak in1/2C. warm water, overnite (covered in the refrigerator),3c. raw,
  quick-cooking oats,&amp; then mix in(the next day)2 TABSP. raisins,4TABSPNS.
  honey,,1 TABSP.lemon juice,,2 tabsp. SUNFLOWER SEEDS,2 TABSPNS. sl.
  almonds,2 grated apples(skinned,or non-skinnedf),2 tabspns. PLAIN,NON-FAT
  YOGURT,stir well. If you want it sweeter,you may add 1-2TABSPNS.b.sugar.
  You can warm it if you wish,plus you may want to drain out any excess
  liquid the next day. &gt;From: LARRY ZIEGLER(chefla@aol.com)
  
  Recipe by: Graham Kerr
  
  Posted to MC-Recipe Digest V1 #819 by Holly Butman
  &lt;butma001@acpub.duke.edu&gt; on Sep 29, 1997
 
</step></directions></recipe></recipeml>
