<?xml version="1.0" encoding="UTF-8"?>

<recipeml version="0.5">
  <recipe>
    <head>
      <title>Bearnaise Sauce #1</title>
      <categories>
        <cat>Sauce</cat></categories>
      <yield>4</yield></head>
    <ingredients>
      <ing>
        <amt>
          <qty>3</qty>
          <unit/></amt>
        <item>Egg yolks at room temp.</item></ing>
      <ing>
        <amt>
          <qty/>
          <unit>cups</unit></amt>
        <item>Clarified butter at room temp.</item></ing>
      <ing>
        <amt>
          <qty>1/4</qty>
          <unit>cups</unit></amt>
        <item>Tarragon vinegar</item></ing>
      <ing>
        <amt>
          <qty>2</qty>
          <unit>tablespoons</unit></amt>
        <item>Dried tarragon</item></ing>
      <ing>
        <amt>
          <qty>1</qty>
          <unit>teaspoon</unit></amt>
        <item>Chopped shallots</item></ing>
      <ing>
        <amt>
          <qty>3</qty>
          <unit/></amt>
        <item>Peppercorns</item></ing>
      <ing>
        <amt>
          <qty/>
          <unit/></amt>
        <item>Salt to taste</item></ing></ingredients>
    <directions>
      <step>  Cook egg yolks in top of a double boiler over simmering water on medium
  heat, whipping constantly until tripled in volume. Remove from heat and
  whip in butter, a little at a time, until all is used. In a separate
  saucepan, combine vinegar, tarragon, shallots and peppercorns and cook
  until reduced by at least half. Strain the reduction into the egg mixture,
  squeezing the tarragon to extract all the liquid. (There should only be a
  small amount, about 1 tablespoon.) Stir until well blended. Place container
  in a pan of warm, not hot, water until serving time.
  
  CHE
  
  MONTROSE, HOUSTON.
  
  From the &lt;Micro Cookbook Collection of French Recipes&gt;.  Downloaded from
  Glen's MM Recipe Archive, http://www.erols.com/hosey.
 
</step></directions></recipe></recipeml>
