<?xml version="1.0" encoding="UTF-8"?>

<recipeml version="0.5">
  <recipe>
    <head>
      <title>Bearnaise Sauce #3</title>
      <categories>
        <cat>Sauce</cat></categories>
      <yield>4</yield></head>
    <ingredients>
      <ing>
        <amt>
          <qty>1/2</qty>
          <unit>cups</unit></amt>
        <item>Thinly sliced shallots</item></ing>
      <ing>
        <amt>
          <qty>3</qty>
          <unit>tablespoons</unit></amt>
        <item>Dry white wine</item></ing>
      <ing>
        <amt>
          <qty>2</qty>
          <unit>tablespoons</unit></amt>
        <item>White vine vinegar</item></ing>
      <ing>
        <amt>
          <qty>1</qty>
          <unit>teaspoon</unit></amt>
        <item>Dried tarragon</item></ing>
      <ing>
        <amt>
          <qty>1</qty>
          <unit>dash</unit></amt>
        <item>Salt</item></ing>
      <ing>
        <amt>
          <qty>1</qty>
          <unit>dash</unit></amt>
        <item>Pepper</item></ing>
      <ing>
        <amt>
          <qty>2/3</qty>
          <unit>cups</unit></amt>
        <item>Low-fat sour cream</item></ing></ingredients>
    <directions>
      <step>  Date: Fri, 17 May 1996 11:41:14 -0500
  
  From: pickell@cyberspc.mb.ca (S.Pickell)
  Combine the first 6 ingredients in a small, heavy saucepan; bring to a boil
  and cook 1 minute.  Strain mixture, reserving liquid; discard solids.
  Return liquid to saucepan; stir in sour cream. Place over low heat, and
  cook 1 minute or until warm, stirring frequently. Yield: 3/4 cup (serving
  size is 3 tablespoons).
  
  CALORIES 76 (60% from fat); PROTEIN 2.4g; FAT 5.1g (sat 3g, mono 1.6g, poly
  0.2g); CARB 6g; FIBER 0.4g; CHOL 15mg; IRON 1.4mg; SODIUM 21 mg; CALC 88mg.
  
  From "Cooking Light" magazine, Jan/Feb 1995.
  
  MM-RECIPES@IDISCOVER.NET
  
  MEAL-MASTER RECIPES LISTSERVER
  
  MM-RECIPES DIGEST V3 #137
  
  From the MealMaster recipe list.  Downloaded from Glen's MM Recipe Archive,
  http://www.erols.com/hosey.
 
</step></directions></recipe></recipeml>
