<?xml version="1.0" encoding="UTF-8"?>

<recipeml version="0.5">
  <recipe>
    <head>
      <title>Beard Kabobs</title>
      <categories>
        <cat>Fish and se</cat>
        <cat>Meat</cat>
        <cat>Misce</cat>
        <cat>Sauces and</cat>
        <cat>Fish</cat></categories>
      <yield>4</yield></head>
    <ingredients>
      <ing>
        <amt>
          <qty>2</qty>
          <unit>pounds</unit></amt>
        <item>Salmon fillets cubed 1 1/2 in.</item></ing>
      <ing>
        <amt>
          <qty>1</qty>
          <unit>teaspoon</unit></amt>
        <item>Salt</item></ing>
      <ing>
        <amt>
          <qty>1/2</qty>
          <unit>cups</unit></amt>
        <item>Olive oil; -or- peanut oil</item></ing>
      <ing>
        <amt>
          <qty>4</qty>
          <unit>tablespoons</unit></amt>
        <item>Lemon juice</item></ing>
      <ing>
        <amt>
          <qty>1/2</qty>
          <unit>teaspoons</unit></amt>
        <item>Pepper</item></ing>
      <ing>
        <amt>
          <qty/>
          <unit/></amt>
        <item>Fresh dill</item></ing></ingredients>
    <directions>
      <step>  From: kmeade@ids2.idsonline.com (The Meades)
  
  Date: Thu, 23 May 1996 10:27:36 -0400
  
  Mix the salmon and seasonings and let it stand for 3-6 hours.  When you are
  ready to broil it, place a mushroom cap on the end of each skewer, then 2
  salmon cubes, another mushroom, more salmon, and end with a mushroom cap.
  Brush well with oil.
  
  Place skewers on a rack over the grill, turning several times during the
  process, basting with the marinade.  Serve with plain boiled potatoes and
  fresh dill.  (If you can't get fresh dill, serve dill pickles.) Serves 4.
  
  (Adapted from a recipe in "James Beard's Fish Cookery", Beard)
  
  Posted to Master Cook Recipes List, Digest #95
 
</step></directions></recipe></recipeml>
