<?xml version="1.0" encoding="UTF-8"?>

<recipeml version="0.5">
  <recipe>
    <head>
      <title>Bearnaise Sauce</title>
      <categories>
        <cat>Sauces</cat></categories>
      <yield>1</yield></head>
    <ingredients>
      <ing>
        <amt>
          <qty/>
          <unit/></amt>
        <item>COMBINE IN THE TOP OF A DOUB</item></ing>
      <ing>
        <amt>
          <qty>1/4</qty>
          <unit>cups</unit></amt>
        <item>WHITE WINE</item></ing>
      <ing>
        <amt>
          <qty>2</qty>
          <unit>tablespoons</unit></amt>
        <item>TARRAGON VINEGAR</item></ing>
      <ing>
        <amt>
          <qty>1</qty>
          <unit>tablespoon</unit></amt>
        <item>FINELY CHOPPED SHALLOTS OR O</item></ing>
      <ing>
        <amt>
          <qty>2</qty>
          <unit/></amt>
        <item>CRUSHED WHITE PEPPERCORNS</item></ing>
      <ing>
        <amt>
          <qty>2</qty>
          <unit/></amt>
        <item>SPRIGS TARRAGON, CHOPPED</item></ing>
      <ing>
        <amt>
          <qty>1</qty>
          <unit/></amt>
        <item>SPRIG CHERVIL; FINELY CHOPPE</item></ing>
      <ing>
        <amt>
          <qty>1</qty>
          <unit/></amt>
        <item>SPRIG PARSLEY; MINCED</item></ing>
      <ing>
        <amt>
          <qty>3</qty>
          <unit/></amt>
        <item>EGG YOLKS</item></ing>
      <ing>
        <amt>
          <qty>3/4</qty>
          <unit>cups</unit></amt>
        <item>ELTED BUTTER</item></ing>
      <ing>
        <amt>
          <qty/>
          <unit/></amt>
        <item>SEASON TO TASTE</item></ing></ingredients>
    <directions>
      <step>  COOK OVER DIRECT HEAT UNTIL REDUCED BY HALF.  IF YOU HAVE USED DRIED
  TARRAGON OR COARSELY CHOPPED ONION, STRAIN THE MIXTURE. ALLOW TO COOL. THEN
  BEATING BRISKLY OVER NOT IN HOT WATER, ADD ALTERNATELY LAST THREE
  INGREDIENTS A LITTLE AT A TIME AND BEAT STEADILY SO THEY ARE WELL COMBINED.
  WHEN YOU HAVE ADDED ALL THE BUTTER, THE SAUCE SHOULD HAVE THE CONSISTENCY
  OF HOLLANDAISE. THIS MAKES 1 1/2 CUPS.
  
  From Gemini's MASSIVE MealMaster collection at www.synapse.com/~gemini
 
</step></directions></recipe></recipeml>
