<?xml version="1.0" encoding="UTF-8"?>

<recipeml version="0.5">
  <recipe>
    <head>
      <title>Bear Claws</title>
      <categories>
        <cat>Breads</cat></categories>
      <yield>1</yield></head>
    <ingredients>
      <ing>
        <amt>
          <qty>8</qty>
          <unit>ounces</unit></amt>
        <item>Maraschino cherries</item></ing>
      <ing>
        <amt>
          <qty>3/4</qty>
          <unit>cups</unit></amt>
        <item>Pitted dates, chopped</item></ing>
      <ing>
        <amt>
          <qty>3/4</qty>
          <unit>cups</unit></amt>
        <item>Dark raisins</item></ing>
      <ing>
        <amt>
          <qty>1</qty>
          <unit>teaspoon</unit></amt>
        <item>Grated lemon peel</item></ing>
      <ing>
        <amt>
          <qty>1/2</qty>
          <unit>cups</unit></amt>
        <item>Walnuts, chopped</item></ing>
      <ing>
        <amt>
          <qty>4</qty>
          <unit>tablespoons</unit></amt>
        <item>Sugar</item></ing>
      <ing>
        <amt>
          <qty>2</qty>
          <unit>tablespoons</unit></amt>
        <item>Butter or margarine, melted</item></ing>
      <ing>
        <amt>
          <qty>1</qty>
          <unit/></amt>
        <item>Egg yolk</item></ing>
      <ing>
        <amt>
          <qty>2</qty>
          <unit>tablespoons</unit></amt>
        <item>Water</item></ing>
      <ing>
        <amt>
          <qty>1/3</qty>
          <unit>cups</unit></amt>
        <item>Walnuts, chopped</item></ing>
      <ing>
        <amt>
          <qty/>
          <unit/></amt>
        <item>SWEET RICH DOUGH</item></ing>
      <ing>
        <amt>
          <qty>3/4</qty>
          <unit>cups</unit></amt>
        <item>Milk</item></ing>
      <ing>
        <amt>
          <qty>1/2</qty>
          <unit>cups</unit></amt>
        <item>Sugar</item></ing>
      <ing>
        <amt>
          <qty>2</qty>
          <unit>teaspoons</unit></amt>
        <item>Salt</item></ing>
      <ing>
        <amt>
          <qty>1/2</qty>
          <unit>cups</unit></amt>
        <item>Butter or margarine</item></ing>
      <ing>
        <amt>
          <qty>1/2</qty>
          <unit>cups</unit></amt>
        <item>Warm water</item></ing>
      <ing>
        <amt>
          <qty>2</qty>
          <unit>packages</unit></amt>
        <item>Dry yeast</item></ing>
      <ing>
        <amt>
          <qty>1</qty>
          <unit/></amt>
        <item>Egg</item></ing>
      <ing>
        <amt>
          <qty>4</qty>
          <unit>cups</unit></amt>
        <item>Flour, unsifted</item></ing></ingredients>
    <directions>
      <step>  Scald milk, stir in sugar, salt, butter and cool to lukewarm. Combine
  water and yeast in a large bowl, stir until dissolved. Beat in milk
  mixture and egg. Add half the flour, beat until smooth. Stir in
  remaining flour to make a stiff batter. Add more flour if necessary.
  Cover tightly and refrigerate dough at least 2 hours. It may be
  refrigerated up to 3 days. Divide dough in half. On a lightly floured
  roll out one half to a 9x18" rectangle. Brush with half the melted
  butter. Sprinkle half the cherry mixture over dough, pat lightly.
  Starting with an 18" edge, fold 1/3 of dough to center. Then fold
  over remaining 1/3 of dough to make a 3-layer strip. Pinch to seal
  edges. Cut each strip into 8 sections. Make 4 slashes through a cut
  edge of each section.  Place on a greased baking sheet, and shape
  into bear claws by separating the slashes.  Repeat using remaining
  dough and cherry mixture. Blend yolk and water, brush onto rolls.
  Sprinkle with remaining 1/3 cup nuts and 2 tablespoons sugar. Let
  rise about 10 minutes, and bake until golden brown.
  
  CHERRY MIXTURE Make this recipe while the Sweet Rich Dough is rising.
  Drain and chop cherries, drain again on paper towels. Combine chopped
  cherries, dates, raisins, lemon peel, the 1/2 cup walnuts, and 2
  tablespoons sugar.
  
  File ftp://ftp.idiscover.co.uk/pub/food/mealmaster/recipes/mmkah001.zip
 
</step></directions></recipe></recipeml>
