<?xml version="1.0" encoding="UTF-8"?>

<recipeml version="0.5">
  <recipe>
    <head>
      <title>Bearnaise Sauce for Meat Fondue</title>
      <categories>
        <cat>Fondue</cat>
        <cat>Sauces</cat></categories>
      <yield>1</yield></head>
    <ingredients>
      <ing>
        <amt>
          <qty>2</qty>
          <unit>tablespoons</unit></amt>
        <item>Dry white wine</item></ing>
      <ing>
        <amt>
          <qty>2</qty>
          <unit>tablespoons</unit></amt>
        <item>Tarragon vinegar</item></ing>
      <ing>
        <amt>
          <qty>4</qty>
          <unit/></amt>
        <item>Sprigs parsley</item></ing>
      <ing>
        <amt>
          <qty>1</qty>
          <unit>small</unit></amt>
        <item>Onion  -- quartered</item></ing>
      <ing>
        <amt>
          <qty>1/2</qty>
          <unit>teaspoons</unit></amt>
        <item>Tarragon</item></ing>
      <ing>
        <amt>
          <qty>1/2</qty>
          <unit>teaspoons</unit></amt>
        <item>Chervil</item></ing>
      <ing>
        <amt>
          <qty>2</qty>
          <unit/></amt>
        <item>Peppercorns</item></ing>
      <ing>
        <amt>
          <qty>4</qty>
          <unit/></amt>
        <item>Egg yolks</item></ing>
      <ing>
        <amt>
          <qty>1/2</qty>
          <unit>teaspoons</unit></amt>
        <item>Dry mustard</item></ing>
      <ing>
        <amt>
          <qty>2</qty>
          <unit>teaspoons</unit></amt>
        <item>Lemon juice</item></ing>
      <ing>
        <amt>
          <qty/>
          <unit>dashes</unit></amt>
        <item>Tabasco sauce -- or</item></ing>
      <ing>
        <amt>
          <qty/>
          <unit/></amt>
        <item>Equivalent</item></ing>
      <ing>
        <amt>
          <qty>1/2</qty>
          <unit>cups</unit></amt>
        <item>Butter -- melted</item></ing></ingredients>
    <directions>
      <step>  Put wine, vinegar, parsley and onion into a blender;  process briefly.  (If
  your blender has a grate setting, process for two pulses on grate.)   Pour
  the wine and vinegar mixture into a small saucepan; add tarragon, chervil
  and peppercorns. Bring to a boil; cook until the liquid has completely
  evaporated.  Return to the blender container.  Add egg yolks, dry mustard,
  lemon juice and tabasco.  Cover and process;  Remove the feeder cap from
  the blender lid and pour the melted butter in a steady stream while the
  blender continues to run, until the sauce is emulsified. Serve warm.
  
  Makes 1 cup.
  
  Posted to EAT-L Digest - 29 May 96
  
  Date:    Wed, 29 May 1996 23:08:55 -0400
  
  From:    "Ilene D. Warfield" &lt;IWarfield2@AOL.COM&gt;
  
  Recipe By     :
 
</step></directions></recipe></recipeml>
