<?xml version="1.0" encoding="UTF-8"?>

<recipeml version="0.5">
  <recipe>
    <head>
      <title>Bearnaise Sauce (Lower Fat)</title>
      <categories>
        <cat>Sauces</cat></categories>
      <yield>1</yield></head>
    <ingredients>
      <ing>
        <amt>
          <qty>1/2</qty>
          <unit>cups</unit></amt>
        <item>Freeze-dried shallots; thinly sliced</item></ing>
      <ing>
        <amt>
          <qty>3</qty>
          <unit>tablespoons</unit></amt>
        <item>Dry white wine</item></ing>
      <ing>
        <amt>
          <qty>2</qty>
          <unit>tablespoons</unit></amt>
        <item>White wine vinegar</item></ing>
      <ing>
        <amt>
          <qty>1</qty>
          <unit>teaspoon</unit></amt>
        <item>Dried tarragon</item></ing>
      <ing>
        <amt>
          <qty>1</qty>
          <unit>dash</unit></amt>
        <item>Salt</item></ing>
      <ing>
        <amt>
          <qty>1</qty>
          <unit>dash</unit></amt>
        <item>Pepper</item></ing>
      <ing>
        <amt>
          <qty>2/3</qty>
          <unit>cups</unit></amt>
        <item>Nonfat sour cream</item></ing></ingredients>
    <directions>
      <step>  Combine the first 6 ingredients in a small, heavy saucepan; bring to a boil
  and cook 1 minute. Strain mixture, reserving liquid; discard solids. Return
  liquid to saucepan; stir in sour cream. Place over low heat, and cook 1
  minute or until warm, stirring frequently. Yield: 3/4 cup (serving size is
        3    tablespoons).
  
  Recipe by: Cooking Light
  
  Posted to recipelu-digest by "Crane C. Walden" &lt;cranew@foothill.net&gt; on Mar
  3, 1998
 
</step></directions></recipe></recipeml>
