<?xml version="1.0" encoding="UTF-8"?>

<recipeml version="0.5">
  <recipe>
    <head>
      <title>Bear's Bastardized Western Nc Bbq Sauce</title>
      <categories>
        <cat>Sauces and</cat>
        <cat>January97</cat></categories>
      <yield>1</yield></head>
    <ingredients>
      <ing>
        <amt>
          <qty>1</qty>
          <unit>cup</unit></amt>
        <item>Ketchup</item></ing>
      <ing>
        <amt>
          <qty>1/2</qty>
          <unit>cups</unit></amt>
        <item>Texas Pete Hot Sauce</item></ing>
      <ing>
        <amt>
          <qty>3</qty>
          <unit>cups</unit></amt>
        <item>Apple cider vinegar</item></ing>
      <ing>
        <amt>
          <qty>3</qty>
          <unit>tablespoons</unit></amt>
        <item>Salt</item></ing>
      <ing>
        <amt>
          <qty>4</qty>
          <unit>tablespoons</unit></amt>
        <item>Freshly ground black pepper</item></ing>
      <ing>
        <amt>
          <qty>1/2</qty>
          <unit>cups</unit></amt>
        <item>Dark brown sugar</item></ing></ingredients>
    <directions>
      <step>  dump into a blender and blend the piss outa it.
  
  It's good to let it sit overnight, allows the flavors to meld.
  
  It will settle out while it sits around(during dinner), so stir often.
  
  Playing with the amounts of anything completely change the taste, so
  experiment!!
  
  Recipe by: Bear
  
  Posted to bbq-digest by "Randy &amp; JoAnne" &lt;flog68@altamaha.net&gt; on Mar 30,
  1998
 
</step></directions></recipe></recipeml>
