<?xml version="1.0" encoding="UTF-8"?>

<recipeml version="0.5">
  <recipe>
    <head>
      <title>Beatrice Salad</title>
      <categories>
        <cat>Salad</cat></categories>
      <yield>6</yield></head>
    <ingredients>
      <ing-div>
        <title/>
        <ing>
          <amt>
            <qty>3/4</qty>
            <unit>pounds</unit></amt>
          <item>Raw mushrooms; cleaned &amp; thinly sliced</item></ing>
        <ing>
          <amt>
            <qty>2</qty>
            <unit/></amt>
          <item>Medium-sized bunches watercress; stems removed, leaves washed and dried</item></ing>
        <ing>
          <amt>
            <qty>2</qty>
            <unit>large</unit></amt>
          <item>Belgian endive; cut into 1" chunks on the diagonal</item></ing></ing-div>
      <ing-div>
        <title>MUSTARD VINAIGRETTE</title>
        <ing>
          <amt>
            <qty>1</qty>
            <unit>cup</unit></amt>
          <item>Good olive oil</item></ing>
        <ing>
          <amt>
            <qty>1/4</qty>
            <unit>cups</unit></amt>
          <item>Red wine vinegar</item></ing>
        <ing>
          <amt>
            <qty>2</qty>
            <unit>tablespoons</unit></amt>
          <item>Dijon mustard</item></ing>
        <ing>
          <amt>
            <qty/>
            <unit/></amt>
          <item>Salt and pepper</item></ing></ing-div></ingredients>
    <directions>
      <step>  1.  Toss together the mushrooms, watercress and endive.
  
  2.  Toss lightly with Mustard Vinaigrette.  Serve immediately.
  
  DANNY'S
  
  BIDDLE STREET, BALTIMORE
  
  From the &lt;Micro Cookbook Collection of French Recipes&gt;.  Downloaded from
  Glen's MM Recipe Archive, http://www.erols.com/hosey.
 
</step></directions></recipe></recipeml>
