<?xml version="1.0" encoding="UTF-8"?>

<recipeml version="0.5">
  <recipe>
    <head>
      <title>Beau's Jalapeno Bean Dip</title>
      <categories>
        <cat>Dips</cat>
        <cat>Legumes</cat>
        <cat>Family</cat></categories>
      <yield>1</yield></head>
    <ingredients>
      <ing>
        <amt>
          <qty>1</qty>
          <unit>cup</unit></amt>
        <item>Ham bits (include juice, etc.; will be "gelled" from storage in refrigerator)</item></ing>
      <ing>
        <amt>
          <qty>7</qty>
          <unit/></amt>
        <item>Jalapeno peppers (fresh or frozen)</item></ing>
      <ing>
        <amt>
          <qty>2</qty>
          <unit>cans</unit></amt>
        <item>Pinto beans (16-oz) reserve liquid from one can</item></ing>
      <ing>
        <amt>
          <qty>1</qty>
          <unit>teaspoon</unit></amt>
        <item>Monosodium glutamate</item></ing>
      <ing>
        <amt>
          <qty>1</qty>
          <unit>tablespoon</unit></amt>
        <item>Minced onion flakes</item></ing>
      <ing>
        <amt>
          <qty>1</qty>
          <unit>teaspoon</unit></amt>
        <item>Mexene chili powder</item></ing></ingredients>
    <directions>
      <step>  Blend ingredients well and serve.
  
  Beau's notes:
  
  *  There are no "jalapeno beans;" there are jalapeno peppers and pinto
  beans.  I have two recipes, both of which are quite tref, but a Catholic
  should worry? But if you are hosting a Jewish person, smoked turkey will
  substitute most agreeably for the chazer called for in either recipe.]
  
  From Gemini's MASSIVE MealMaster collection at www.synapse.com/~gemini
 
</step></directions></recipe></recipeml>
