<?xml version="1.0" encoding="UTF-8"?>

<recipeml version="0.5">
  <recipe>
    <head>
      <title>Beaujolais-Glazed Chicken Wings</title>
      <categories>
        <cat>Appetizers</cat></categories>
      <yield>36</yield></head>
    <ingredients>
      <ing>
        <amt>
          <qty>3</qty>
          <unit>pounds</unit></amt>
        <item>Chicken wings -- tips</item></ing>
      <ing>
        <amt>
          <qty/>
          <unit/></amt>
        <item>Removed</item></ing>
      <ing>
        <amt>
          <qty/>
          <unit/></amt>
        <item>At</item></ing>
      <ing>
        <amt>
          <qty>1/3</qty>
          <unit>cups</unit></amt>
        <item>Soy sauce</item></ing>
      <ing>
        <amt>
          <qty>1/3</qty>
          <unit>cups</unit></amt>
        <item>Orange juice</item></ing>
      <ing>
        <amt>
          <qty>2/3</qty>
          <unit>cups</unit></amt>
        <item>Plus 2 T dry red wine --</item></ing>
      <ing>
        <amt>
          <qty/>
          <unit/></amt>
        <item>Preferable Beaujolai</item></ing>
      <ing>
        <amt>
          <qty>3</qty>
          <unit/></amt>
        <item>Cloves garlic -- mashed</item></ing>
      <ing>
        <amt>
          <qty>2</qty>
          <unit>tablespoons</unit></amt>
        <item>Gingerroot -- chopped</item></ing>
      <ing>
        <amt>
          <qty>6</qty>
          <unit>tablespoons</unit></amt>
        <item>Red currant jelly</item></ing>
      <ing>
        <amt>
          <qty>2</qty>
          <unit>tablespoons</unit></amt>
        <item>Orange zest -- grated</item></ing>
      <ing>
        <amt>
          <qty>1</qty>
          <unit>tablespoon</unit></amt>
        <item>Orange zest -- thin</item></ing>
      <ing>
        <amt>
          <qty/>
          <unit/></amt>
        <item>Julienne</item></ing>
      <ing>
        <amt>
          <qty/>
          <unit/></amt>
        <item>For garnish</item></ing>
      <ing>
        <amt>
          <qty/>
          <unit/></amt>
        <item>Joints into 2 pcs</item></ing></ingredients>
    <directions>
      <step>  1. Place split wings in a large shallow nonaluminum pan. Mix soy, orange
  juice, red wine, garlic and ginerrroot together and pour over the wings.
  Cover pan with plastic wrap and refrigerate overnight, turning several
  times in the marinade. 2. 375. Line a baking pan with foil. Coat a cooking
  rack with vegetable cooking spray and place rack in baking pan. 3. Drain
  chicken and arrange on rack. Roast for 45 minuts, turning wings once.
  Remove from oven, but do not turn off the oven. 4. Combine jelly, 2 T red
  wine, and grated zest in small pan medium heat. Stir until jelly is melted.
  Brush wings generously with the glaze and return to oven for 10 minutes.
  Turn and brush again with glaze. Bake another 10 minutes, or until a rich
  dark brown and shiny. Remove and cool 5 minutes. Can be baked up to a day
  ahead and reheated. 5. Arrange in overlapping rows. Sprinkle with julienned
  zest. Serve warm
  
  Recipe By     :
  
  File ftp://ftp.idiscover.co.uk/pub/food/mealmaster/recipes/mmdja006.zip
 
</step></directions></recipe></recipeml>
