<?xml version="1.0" encoding="UTF-8"?>

<recipeml version="0.5">
  <recipe>
    <head>
      <title>Almond Mushroom Pate</title>
      <categories>
        <cat>Appetizers</cat>
        <cat>Vegetables</cat></categories>
      <yield>6</yield></head>
    <ingredients>
      <ing>
        <amt>
          <qty>2</qty>
          <unit>tablespoons</unit></amt>
        <item>Margarine</item></ing>
      <ing>
        <amt>
          <qty/>
          <unit/></amt>
        <item>Sm Onion, chopped (1/4 c)</item></ing>
      <ing>
        <amt>
          <qty/>
          <unit/></amt>
        <item>Clove garlic, minced</item></ing>
      <ing>
        <amt>
          <qty>1 1/2</qty>
          <unit>cups</unit></amt>
        <item>Sliced Mushrooms (4 oz)</item></ing>
      <ing>
        <amt>
          <qty>1/2</qty>
          <unit>teaspoons</unit></amt>
        <item>Tarragon</item></ing>
      <ing>
        <amt>
          <qty>1</qty>
          <unit>cup</unit></amt>
        <item>Blanched Whole Almonds(6 oz)</item></ing>
      <ing>
        <amt>
          <qty>1</qty>
          <unit>tablespoon</unit></amt>
        <item>Lemon juice</item></ing>
      <ing>
        <amt>
          <qty>2</qty>
          <unit>teaspoons</unit></amt>
        <item>Soy Sauce</item></ing>
      <ing>
        <amt>
          <qty>1</qty>
          <unit>dash</unit></amt>
        <item>White Pepper</item></ing>
      <ing>
        <amt>
          <qty>2</qty>
          <unit>tablespoons</unit></amt>
        <item>Cream Cheese, opt.   *</item></ing></ingredients>
    <directions>
      <step>  * or kefir cheese, or Neufchatel cheese GARNISH: slivered or finely chopped
  almonds, fresh parsley sprigs, pimiento strips, or sweet red pepper strips,
  optional """""""""""""""""""""""""""""""""""""""""""""""""""""""
  """"""""""""" In a large skillet, melt margarine. Add onion, garlic, and
  mushrooms. Saute until tender but not browned. Add tarragon, stir until it
  is softened.
   Pour mixture into a bowl of food processor. Add remaining ingredients.
  Process until mixture is smooth. Add cheese if you prefer a more spreadable
  consistency. Spoon into a serving bowl. Top with garnish of your choice.
  Makes 1 1/2 cups.
   People who do not like ordinary pate seem to love this one. Vary the herbs
  and substitute the vegetables as you wish. Serve with water crackers, thick
  slices of crusty French bread, thin slices of whole wheat bread, or
  unsalted whole wheat crackers. May be frozen. VARIATIONS: - Substitute
  other vegetables for the mushrooms (maybe broccoli.) - Substitute 1/2 t
  fennel for the tarragon and 1 c whole pecans for
     the almonds ~ vary the flavor by using other seasonings such as basil,
  oregano,
     dillweed, curry powder, or nutmeg.
  
  From Gemini's MASSIVE MealMaster collection at www.synapse.com/~gemini
 
</step></directions></recipe></recipeml>
