<?xml version="1.0" encoding="UTF-8"?>

<recipeml version="0.5">
  <recipe>
    <head>
      <title>Almond Peach Chicken Salad</title>
      <categories>
        <cat>Chicken</cat>
        <cat>Salads</cat></categories>
      <yield>1</yield></head>
    <ingredients>
      <ing>
        <amt>
          <qty>2</qty>
          <unit>cups</unit></amt>
        <item>Diced chicken</item></ing>
      <ing>
        <amt>
          <qty>1</qty>
          <unit>cup</unit></amt>
        <item>Green grapes; halved</item></ing>
      <ing>
        <amt>
          <qty>1/2</qty>
          <unit>cups</unit></amt>
        <item>Toasted almonds</item></ing>
      <ing>
        <amt>
          <qty>1</qty>
          <unit>cup</unit></amt>
        <item>Mayo or salald dressing</item></ing>
      <ing>
        <amt>
          <qty>1/2</qty>
          <unit>cups</unit></amt>
        <item>Sour cream</item></ing>
      <ing>
        <amt>
          <qty/>
          <unit/></amt>
        <item>White pepper</item></ing>
      <ing>
        <amt>
          <qty/>
          <unit/></amt>
        <item>Salt</item></ing></ingredients>
    <directions>
      <step>  Combine sour cream and mayo, and add to diced chicken till thourougly
  mixed.
  
  Add grapes, being careful not to smash them.
  
  Then add almonds, salt and pepper, and refrigerate.
  
  Best when served on a croissant.
  Recipe By     : Janet Baker
  
  Posted to MC-Recipe Digest V1 #285
  
  Date: Fri, 08 Nov 96 10:54:23 -0500
  
  From: Janet Baker &lt;jbaker@cnmnet.com&gt;
 
</step></directions></recipe></recipeml>
