<?xml version="1.0" encoding="UTF-8"?>

<recipeml version="0.5">
  <recipe>
    <head>
      <title>Almond Joy Cake</title>
      <categories>
        <cat>Box cakes</cat>
        <cat>Chocolate</cat></categories>
      <yield>10</yield></head>
    <ingredients>
      <ing-div>
        <title>PATTI - VDRJ67A</title>
        <ing>
          <amt>
            <qty>1</qty>
            <unit>package</unit></amt>
          <item>Devil's food cake mix</item></ing>
        <ing>
          <amt>
            <qty>24</qty>
            <unit/></amt>
          <item>Large marshmallows</item></ing>
        <ing>
          <amt>
            <qty>14</qty>
            <unit>ounces</unit></amt>
          <item>Coconut</item></ing>
        <ing>
          <amt>
            <qty>1</qty>
            <unit>cup</unit></amt>
          <item>Evaporated milk</item></ing>
        <ing>
          <amt>
            <qty>1</qty>
            <unit>cup</unit></amt>
          <item>Sugar</item></ing>
        <ing>
          <amt>
            <qty>1</qty>
            <unit>cup</unit></amt>
          <item>Almonds; chopped</item></ing></ing-div></ingredients>
    <directions>
      <step>  Make chocolate cake according to package directions in 2 round pans. Make
  favorite chocolate frosting for cake. While cake is cooling, heat
  evaporated milk, sugar and marshmallows in a very large pan to avoid
  spilling over. When marshmallows are melted, add coconut and almonds.
  Spread this on top of the bottom cake layer. Top with other cake layer and
  frost with chocolate frosting.
  
  From Gemini's MASSIVE MealMaster collection at www.synapse.com/~gemini
 
</step></directions></recipe></recipeml>
