<?xml version="1.0" encoding="UTF-8"?>

<recipeml version="0.5">
  <recipe>
    <head>
      <title>Almond Liqueur</title>
      <categories>
        <cat>Beverage</cat></categories>
      <yield>1</yield></head>
    <ingredients>
      <ing>
        <amt>
          <qty>1</qty>
          <unit>pound</unit></amt>
        <item>Almonds; shelled</item></ing>
      <ing>
        <amt>
          <qty>2</qty>
          <unit>cups</unit></amt>
        <item>Vodka</item></ing>
      <ing>
        <amt>
          <qty>1/2</qty>
          <unit/></amt>
        <item>Vanilla beans</item></ing>
      <ing>
        <amt>
          <qty>1/2</qty>
          <unit>cups</unit></amt>
        <item>Sugar</item></ing>
      <ing>
        <amt>
          <qty>1/2</qty>
          <unit>cups</unit></amt>
        <item>Water</item></ing>
      <ing>
        <amt>
          <qty>1</qty>
          <unit>teaspoon</unit></amt>
        <item>Vanilla extract</item></ing>
      <ing>
        <amt>
          <qty>1/2</qty>
          <unit>teaspoons</unit></amt>
        <item>Glycerin</item></ing></ingredients>
    <directions>
      <step>  From: Bobb1744@aol.com
  
  Date: Sun, 21 Apr 1996 22:13:52 -0400
  
  Recipe By: Red Fla
  Coarsely chop the almonds by hand or in a food processor ( a blender will
  chop them too fine). This should yield 1 1/3-1 1/2 cups chopped nuts.
  Combine the nuts, vodka, and vnilla bean in a 1 quart Mason jar. Seal the
  jar, shake to mix, and set it aside in a cool, dark place for at least 10
  days.
  
  Strain the liquor through a fine sieve into a 4 cup glass measuring cup and
  discard the residue in the sieve. Rinse the sieve and the Mason jar
  thoroughly. Fit the sieve with a damp coffe filter and strain the flavored
  vodka back into the jar. Combine the sugar and water in a small saucepan.
  Bring to a boil over low heat, stirring until the sugar dissolves. Continue
  to boil for 2 minutes, until a clear syrup forms. Remove the pan from the
  heat and cool to room temp.
  
  When the syrup is cool , add it to the Mason jar. Add the vanilla and
  glycerin. Seal the jar and shake it gently to blend. The liqueur can be
  transferred to a decanter.
  
  The almond Liqueur should be ready to drink in 2-3 days and has a shelf
  life of 2-3 weeks. NOTES
  : Yield-2 cup.
  
  MC-RECIPE@MASTERCOOK.COM
  
  MASTERCOOK RECIPES LIST SERVER
  
  MC-RECIPE DIGEST V1 #53
  
  From the MasterCook recipe list.  Downloaded from Glen's MM Recipe Archive,
  http://www.erols.com/hosey.
 
</step></directions></recipe></recipeml>
