<?xml version="1.0" encoding="UTF-8"?>

<recipeml version="0.5">
  <recipe>
    <head>
      <title>Almond Poppyseed Muffins</title>
      <categories>
        <cat>Muffins</cat></categories>
      <yield>24</yield></head>
    <ingredients>
      <ing-div>
        <title>BETTY HAHN (RTKD98B</title>
        <ing>
          <amt>
            <qty>3</qty>
            <unit>cups</unit></amt>
          <item>Flour</item></ing>
        <ing>
          <amt>
            <qty>2 1/4</qty>
            <unit>cups</unit></amt>
          <item>Sugar</item></ing>
        <ing>
          <amt>
            <qty>1 1/2</qty>
            <unit>teaspoons</unit></amt>
          <item>Baking powder</item></ing>
        <ing>
          <amt>
            <qty>1 1/2</qty>
            <unit>teaspoons</unit></amt>
          <item>Salt</item></ing>
        <ing>
          <amt>
            <qty>1 1/2</qty>
            <unit>cups</unit></amt>
          <item>Vegetable oil</item></ing>
        <ing>
          <amt>
            <qty>1 1/2</qty>
            <unit>cups</unit></amt>
          <item>Milk</item></ing>
        <ing>
          <amt>
            <qty>3</qty>
            <unit/></amt>
          <item>Eggs</item></ing>
        <ing>
          <amt>
            <qty>1/2</qty>
            <unit>teaspoons</unit></amt>
          <item>Almond extract</item></ing>
        <ing>
          <amt>
            <qty>1 1/2</qty>
            <unit>tablespoons</unit></amt>
          <item>Poppyseeds</item></ing></ing-div></ingredients>
    <directions>
      <step>  Preheat oven to 350 degrees.  Grease or use muffin papers to line 2 12 cup
  muffin tins.  Combine flour, sugar baking powder, and salt. In another bowl
  whisk oil, milk, eggs and extract till smooth. Add dry ingredients mixing
  till moist.  Then gentily stir in all the poppyseeds. Fill muffin tins and
  bake 30 minutes. Liz Jones 8/92.
  
  Posted to EAT-L Digest 14 October 96
  
  Date:    Tue, 15 Oct 1996 16:03:37 -0400
  
  From:    Martha Sheppard &lt;MARTHAHS@POSTOFFICE.WORLDNET.ATT.NET&gt;
 
</step></directions></recipe></recipeml>
