<?xml version="1.0" encoding="UTF-8"?>

<recipeml version="0.5">
  <recipe>
    <head>
      <title>Almond Meringues</title>
      <categories>
        <cat>Candy</cat></categories>
      <yield>50</yield></head>
    <ingredients>
      <ing>
        <amt>
          <qty>1</qty>
          <unit>package</unit></amt>
        <item>(6-oz) chocolate chips</item></ing>
      <ing>
        <amt>
          <qty>3</qty>
          <unit/></amt>
        <item>Egg whites</item></ing>
      <ing>
        <amt>
          <qty>1</qty>
          <unit>cup</unit></amt>
        <item>Sugar</item></ing>
      <ing>
        <amt>
          <qty>1</qty>
          <unit>teaspoon</unit></amt>
        <item>Vanilla</item></ing>
      <ing>
        <amt>
          <qty>1/2</qty>
          <unit>cups</unit></amt>
        <item>Blanched almonds; ground</item></ing></ingredients>
    <directions>
      <step>  Date: Thu, 18 Apr 1996 09:26:17 -0500
  
  From: dbailey@ssi.parlorcity.com (David Bailey)
  
  Melt chocolate chips over hot water (a double boiler works great or you can
  do it in the microwave); then let the chocolate cool for 10 minutes. Beat
  egg whites until stiff but not dry then beat in the sugar gradually. Beat
  until stiff and satiny. Fold the vanilla, chocolate, and almonds into the
  egg whites. Drop by spoonfuls onto greased cookie sheet. Bake at 350
  degrees F. for 15 minutes. This will make 4 1/2 dozen - gauge the size of
  the meringue accordingly so you know you are making them the correct size.
  
  MM-RECIPES@IDISCOVER.NET
  
  MEAL-MASTER RECIPES LIST SERVER
  
  MM-RECIPES DIGEST V3 #109
  
  From the MealMaster recipe list.  Downloaded from Glen's MM Recipe Archive,
  http://www.erols.com/hosey.
 
</step></directions></recipe></recipeml>
