<?xml version="1.0" encoding="UTF-8"?>

<recipeml version="0.5">
  <recipe>
    <head>
      <title>Almond Jelly</title>
      <categories>
        <cat>Desserts</cat></categories>
      <yield>1</yield></head>
    <ingredients>
      <ing>
        <amt>
          <qty>2</qty>
          <unit/></amt>
        <item>Envelopes</item></ing>
      <ing>
        <amt>
          <qty>1 1/2</qty>
          <unit>cups</unit></amt>
        <item>Water</item></ing>
      <ing>
        <amt>
          <qty>2</qty>
          <unit>cups</unit></amt>
        <item>Milk</item></ing>
      <ing>
        <amt>
          <qty>1 1/2</qty>
          <unit>tablespoons</unit></amt>
        <item>Almond extract</item></ing>
      <ing>
        <amt>
          <qty>3/4</qty>
          <unit>cups</unit></amt>
        <item>Sugar</item></ing>
      <ing>
        <amt>
          <qty/>
          <unit/></amt>
        <item>Chilled canned fruit -- see</item></ing>
      <ing>
        <amt>
          <qty/>
          <unit/></amt>
        <item>Note</item></ing>
      <ing>
        <amt>
          <qty/>
          <unit/></amt>
        <item>Unflavored gelatin</item></ing></ingredients>
    <directions>
      <step>  Note: try lychee nuts, mandarin oranges, fruit cocktail, etc.
  
  Pour unflavored gelatin slowly over water.  Cook for 3 minutes.  Add
  remaining ingredients, except fruit.  Cook one minute.  Pour into flat pan.
  Chill for 6 hours or overnight. Cut into 3/4 inch cubes. To serve place
  cubes in individual dessert cups.  Spoon chilled fruit and canned juices
  over cubes. (Note: for me lychees and mandarin oranges are a necessity).
  
  Recipe By     : From Centenary Favorites
  
  From: Ladies Home Journal- August 1991
  
  File ftp://ftp.idiscover.co.uk/pub/food/mealmaster/recipes/mmdja006.zip
 
</step></directions></recipe></recipeml>
