<?xml version="1.0" encoding="UTF-8"?>

<recipeml version="0.5">
  <recipe>
    <head>
      <title>Almond Ginger Sand Tarts</title>
      <categories>
        <cat>None</cat></categories>
      <yield>1</yield></head>
    <ingredients>
      <ing>
        <amt>
          <qty>1/4</qty>
          <unit>cups</unit></amt>
        <item>Unsalted Butter -- softened</item></ing>
      <ing>
        <amt>
          <qty>1/4</qty>
          <unit>cups</unit></amt>
        <item>Vegetable Shortening</item></ing>
      <ing>
        <amt>
          <qty>1/3</qty>
          <unit>cups</unit></amt>
        <item>Confectioner's Sugar</item></ing>
      <ing>
        <amt>
          <qty>1</qty>
          <unit>teaspoon</unit></amt>
        <item>Vanilla</item></ing>
      <ing>
        <amt>
          <qty>1</qty>
          <unit>cup</unit></amt>
        <item>Flour</item></ing>
      <ing>
        <amt>
          <qty>2</qty>
          <unit>teaspoons</unit></amt>
        <item>Ginger -- grated</item></ing>
      <ing>
        <amt>
          <qty>1/2</qty>
          <unit>teaspoons</unit></amt>
        <item>Salt</item></ing>
      <ing>
        <amt>
          <qty>1/4</qty>
          <unit>teaspoons</unit></amt>
        <item>Baking Powder</item></ing>
      <ing>
        <amt>
          <qty>1/2</qty>
          <unit>cups</unit></amt>
        <item>Almonds -- finely chopped</item></ing>
      <ing>
        <amt>
          <qty>1</qty>
          <unit/></amt>
        <item>Egg White</item></ing>
      <ing>
        <amt>
          <qty/>
          <unit/></amt>
        <item>For Garnish-----</item></ing>
      <ing>
        <amt>
          <qty/>
          <unit/></amt>
        <item>Almonds -- sliced</item></ing></ingredients>
    <directions>
      <step>  Cream butter, shortening, and confectioners' sugar until fluffy.  Add
  vanilla, flour, ginger, salt and baking powder.  Add ground almonds and
  combine well.  Chill dough for at least 1 hour.
  
  Preheat oven to 325.
  
  Roll dough into balls and arrange on greased cookie sheets.  Flatten each
  with the bottom of a glass.  Brush tops with egg white, put one almond
  slice on each, and brush almond slice with egg white.  Bake for 15 to 20
  minutes, or until tops are golden.
  
  Makes about 30.
  
  Recipe By     :
  
  From: Ladies Home Journal- August 1991
  
  File ftp://ftp.idiscover.co.uk/pub/food/mealmaster/recipes/mmdja006.zip
 
</step></directions></recipe></recipeml>
