<?xml version="1.0" encoding="UTF-8"?>

<recipeml version="0.5">
  <recipe>
    <head>
      <title>Almond Legend Cake</title>
      <categories>
        <cat>Cakes</cat></categories>
      <yield>16</yield></head>
    <ingredients>
      <ing-div>
        <title/>
        <ing>
          <amt>
            <qty>1/2</qty>
            <unit>cups</unit></amt>
          <item>Chopped almonds</item></ing>
        <ing>
          <amt>
            <qty>1</qty>
            <unit>package</unit></amt>
          <item>P.Plus Yellow Cake Mix</item></ing>
        <ing>
          <amt>
            <qty>1/2</qty>
            <unit>cups</unit></amt>
          <item>Orange juice</item></ing>
        <ing>
          <amt>
            <qty>1/2</qty>
            <unit>cups</unit></amt>
          <item>Water</item></ing>
        <ing>
          <amt>
            <qty>1/3</qty>
            <unit>cups</unit></amt>
          <item>Oil</item></ing>
        <ing>
          <amt>
            <qty>1/2</qty>
            <unit>teaspoons</unit></amt>
          <item>Almond extract</item></ing>
        <ing>
          <amt>
            <qty>3</qty>
            <unit>x</unit></amt>
          <item>Eggs</item></ing>
        <ing>
          <amt>
            <qty/>
            <unit/></amt>
          <item>Whole almong</item></ing></ing-div>
      <ing-div>
        <title>GLAZE</title>
        <ing>
          <amt>
            <qty>1/2</qty>
            <unit>cups</unit></amt>
          <item>Apricot preserves</item></ing>
        <ing>
          <amt>
            <qty>2 1/2</qty>
            <unit>teaspoons</unit></amt>
          <item>Orange juice</item></ing></ing-div></ingredients>
    <directions>
      <step>  Heat oven to 350F. Generously grease bundt or 10-inch tube pan. Gently
  press 1/2 c. chopped almonds in bottom and half way up sides of pan. In
  large bowl, combine cake mix, 1/2 c orange juice, water, oil, almond
  extract and eggs at low speed until moistened; beat 2 minutes at high
  speed. Stir in whole almond. Carefully pour batter into prepared pan. Bake
  at 350F for 35-45 minutes or until toothpick inserted in center comes out
  clean. cool upright in pan 10 min.; invert onto serving plate. In small
  bowl, combine all glaze ingredients;blend well. Spoon over warm cake. Cool
  completely. The "Almond Legend" is that whoever gets the whole almond is
  assured of good luck.  From: Pillsbury "Best of the Bake Off Contest"
  
  From Gemini's MASSIVE MealMaster collection at www.synapse.com/~gemini
 
</step></directions></recipe></recipeml>
