<?xml version="1.0" encoding="UTF-8"?>

<recipeml version="0.5">
  <recipe>
    <head>
      <title>Almond Mousse Au Chocolate</title>
      <categories>
        <cat>Chocolate</cat>
        <cat>Mousses</cat></categories>
      <yield>6</yield></head>
    <ingredients>
      <ing>
        <amt>
          <qty>1</qty>
          <unit/></amt>
        <item>Envelope Unsweetened Gelatin</item></ing>
      <ing>
        <amt>
          <qty/>
          <unit/></amt>
        <item>Powder</item></ing>
      <ing>
        <amt>
          <qty>1/4</qty>
          <unit>cups</unit></amt>
        <item>Cold Water</item></ing>
      <ing>
        <amt>
          <qty>2</qty>
          <unit/></amt>
        <item>Unsweetened Baking Chocolate</item></ing>
      <ing>
        <amt>
          <qty/>
          <unit/></amt>
        <item>Squares</item></ing>
      <ing>
        <amt>
          <qty>1</qty>
          <unit/></amt>
        <item>Semisweet Chocolate Square</item></ing>
      <ing>
        <amt>
          <qty>1/2</qty>
          <unit>cups</unit></amt>
        <item>Milk</item></ing>
      <ing>
        <amt>
          <qty>1/2</qty>
          <unit>cups</unit></amt>
        <item>Sugar</item></ing>
      <ing>
        <amt>
          <qty>1</qty>
          <unit>pint</unit></amt>
        <item>Heavy Cream</item></ing>
      <ing>
        <amt>
          <qty>1/4</qty>
          <unit>teaspoons</unit></amt>
        <item>Almond Extract</item></ing>
      <ing>
        <amt>
          <qty>1/2</qty>
          <unit>cups</unit></amt>
        <item>Blanched Almonds -- toasted</item></ing>
      <ing>
        <amt>
          <qty/>
          <unit/></amt>
        <item>&amp; chopped</item></ing></ingredients>
    <directions>
      <step>  Soften gelatin in water. Melt chocolate in milk over boiling water. Add
  sugar and stir until it dissolves completely. Let it cool. Whip cream until
  it stands in soft peaks. Stir almond extract and chopped almonds into
  cooled chocolate. Fold 1/3 of the whipped cream into chocolate mixture.
  Then fold in remaining cream. Pour into an attractive serving bowl and let
  set in refrigerator, covered with plastic wrap, for at least 2 hours or
  overnight. Decorate with whipped cream, candied violets, grated sweet
  chocolate or toasted almonds before serving.
  
  Serves 6.
  
  Recipe By     :
  
  From Gemini's MASSIVE MealMaster collection at www.synapse.com/~gemini
 
</step></directions></recipe></recipeml>
