<?xml version="1.0" encoding="UTF-8"?>

<recipeml version="0.5">
  <recipe>
    <head>
      <title>Almond Joy Cheesecake</title>
      <categories>
        <cat>:</cat>
        <cat>Cake</cat></categories>
      <yield>12</yield></head>
    <ingredients>
      <ing-div>
        <title>CRUST</title>
        <ing>
          <amt>
            <qty>1 1/2</qty>
            <unit>cups</unit></amt>
          <item>Graham Cracker Crumbs</item></ing>
        <ing>
          <amt>
            <qty>1 1/2</qty>
            <unit>cups</unit></amt>
          <item>Sweetened Flaked Coconut; Toasted</item></ing>
        <ing>
          <amt>
            <qty>1/2</qty>
            <unit>cups</unit></amt>
          <item>Sliced Almonds; Toasted (About 2 Ounces)</item></ing>
        <ing>
          <amt>
            <qty>1/4</qty>
            <unit>cups</unit></amt>
          <item>Sugar</item></ing>
        <ing>
          <amt>
            <qty>1/2</qty>
            <unit>cups</unit></amt>
          <item>Unsalted Butter; Melted</item></ing></ing-div>
      <ing-div>
        <title>FILLING</title>
        <ing>
          <amt>
            <qty>32</qty>
            <unit>ounces</unit></amt>
          <item>Cream Cheese (4 8-Ounce Packages); Room Temperature</item></ing>
        <ing>
          <amt>
            <qty>1</qty>
            <unit>cup</unit></amt>
          <item>Sugar</item></ing>
        <ing>
          <amt>
            <qty>4</qty>
            <unit>large</unit></amt>
          <item>Eggs</item></ing>
        <ing>
          <amt>
            <qty>1</qty>
            <unit>cup</unit></amt>
          <item>Sweetened Flaked Coconut; Toasted</item></ing>
        <ing>
          <amt>
            <qty>1</qty>
            <unit>tablespoon</unit></amt>
          <item>Coconut Extract</item></ing>
        <ing>
          <amt>
            <qty>1</qty>
            <unit>cup</unit></amt>
          <item>Sliced Almonds; Toasted</item></ing></ing-div>
      <ing-div>
        <title>GLAZE</title>
        <ing>
          <amt>
            <qty>1</qty>
            <unit>cup</unit></amt>
          <item>Semisweet Chocolate Chips</item></ing>
        <ing>
          <amt>
            <qty>3/4</qty>
            <unit>cups</unit></amt>
          <item>Whipping Cream</item></ing>
        <ing>
          <amt>
            <qty>1 1/2</qty>
            <unit>teaspoons</unit></amt>
          <item>Vanilla Extract</item></ing></ing-div></ingredients>
    <directions>
      <step>  For Crust: Preheat oven to 350°F. Wrap outside of 9-inch-diameter
  springform pan with 2 1/4-inc-high sides with foil. Finely grind cracker
  crumbs, coconut, almonds and sugar in processor. Add butter; process until
  moist crumbs form. Press mixture onto bottom and 1 inch up sides of pan.
  Bake crust until set and beginning to brown, about 12 minutes. cool. Reduce
  oven temperature to 325°F.
  
  For Filling: Using electric mixer, beat cream cheese and sugar in large
  bowl until smooth. Add eggs 1 at a time, beating just until blended after
  each addition. Mix in coconut and extract. Fold in almonds. Transfer fi d
  and no longer moves when pan is shaken, about 1 hour 15 minutes. Cool
  completely on rack.
  
  For Glaze: Combine 1 cup chocolate chips, cream and vanilla in small
  saucepan. Stir over medium-low heat until smooth. Cool until glaze begins
  to thicken but can still be poured, about 30 minutes. Pour glaze over
  cooled cake. Chill cake overnight.
  
  Run small knife around sides of cake to loosen. Release pan sides.
  
  Recipe by: : Woodstock Inn, North Woodstock, NH
  
  Posted to MC-Recipe Digest V1 #1050 by Carriej999 &lt;Carriej999@aol.com&gt; on
  Jan 28, 1998
 
</step></directions></recipe></recipeml>
