<?xml version="1.0" encoding="UTF-8"?>

<recipeml version="0.5">
  <recipe>
    <head>
      <title>Almond Pancake Mix</title>
      <categories>
        <cat>Cookies</cat>
        <cat>Breads</cat>
        <cat>Healthwise</cat>
        <cat>Bread/quick</cat></categories>
      <yield>1</yield></head>
    <ingredients>
      <ing>
        <amt>
          <qty>3</qty>
          <unit>cups</unit></amt>
        <item>Nonfat Dry Milk</item></ing>
      <ing>
        <amt>
          <qty>2 1/2</qty>
          <unit>cups</unit></amt>
        <item>All-Purpose Flour</item></ing>
      <ing>
        <amt>
          <qty>1</qty>
          <unit>cup</unit></amt>
        <item>Whole Wheat Flour</item></ing>
      <ing>
        <amt>
          <qty>1</qty>
          <unit>cup</unit></amt>
        <item>Almonds; Finely Ground</item></ing>
      <ing>
        <amt>
          <qty>2/3</qty>
          <unit>cups</unit></amt>
        <item>Baking Powder</item></ing>
      <ing>
        <amt>
          <qty>1/2</qty>
          <unit>cups</unit></amt>
        <item>Sugar</item></ing>
      <ing>
        <amt>
          <qty>1</qty>
          <unit>tablespoon</unit></amt>
        <item>Salt</item></ing></ingredients>
    <directions>
      <step>  In a large bowl, stir all ingredients together until well blended. Store in
  a resealable plastic bag. Yield: about 7 1/2 cups pancake mix, enough for 3
  batches of pancakes.
  
  To make pancakes: In a medium bowl, combine 2 1/2 cups pancake mix, 1 1/4
  cups water, 1 egg, and 2 tablespoons vegetable oil. Stir just until
  moistened. Heat a greased griddle over medium heat. For each pancake, pour
  about 1/4 cup batter onto griddle and cook until top of pancake is full of
  bubbles and underside is golden brown. Turn with a spatula and cook until
  remaining side is golden brown. Regrease griddle as necessary. Yield: about
        1    dozen 5-inch pancakes.
  
  Recipe by: The Creative Christmas Kitchen
  
  Posted to MC-Recipe Digest V1 #956 by The Meades &lt;kmeade@idsonline.com&gt; on
  Dec 13, 1997
 
</step></directions></recipe></recipeml>
