<?xml version="1.0" encoding="UTF-8"?>

<recipeml version="0.5">
  <recipe>
    <head>
      <title>Almond Horns</title>
      <categories>
        <cat>None</cat></categories>
      <yield>1</yield></head>
    <ingredients>
      <ing>
        <amt>
          <qty>250</qty>
          <unit>grams</unit></amt>
        <item>Marzipan</item></ing>
      <ing>
        <amt>
          <qty>1/2</qty>
          <unit>deciliters</unit></amt>
        <item>10X; (Confectioners)Sugar</item></ing>
      <ing>
        <amt>
          <qty>1 1/2</qty>
          <unit/></amt>
        <item>Egg Whites; (up to 2)</item></ing>
      <ing>
        <amt>
          <qty/>
          <unit/></amt>
        <item>Sliced Almonds</item></ing>
      <ing>
        <amt>
          <qty>100</qty>
          <unit>grams</unit></amt>
        <item>Dark Chocolate</item></ing></ingredients>
    <directions>
      <step>  Blend marzipan, sugar and egg whites, and stir together until the dough is
  evenly blended. Pour the sliced almonds out onto a plate. Form the dough
  into small horns (crescents). Roll horns carefully in the almonds and place
  them on baking paper (parchment paper) on a cookie sheet.
  
  Bake horns for 10-12 minutes at 200 C (400 F). Melt chocolate in a double
  boiler and dip the ends of the horns in the warm chocolate. Place horns on
  parchment paper and allow chocolate to cool and solidify.
  
  Makes about 20 horns.
  NOTE: If desired, you could brush the unbaked almond horns with an
  eggwhite/sugar wash to make them shiny and a little sweeter. I don't, but
  it is always an option.
  
  Posted to JEWISH-FOOD digest Volume 98 #021 by tosher@bellatlantic.net on
  Jan 11, 1998
 
</step></directions></recipe></recipeml>
