<?xml version="1.0" encoding="UTF-8"?>

<recipeml version="0.5">
  <recipe>
    <head>
      <title>Almond Mushroom Pate</title>
      <categories>
        <cat/></categories>
      <yield>1</yield></head>
    <ingredients>
      <ing>
        <amt>
          <qty>1/2</qty>
          <unit>small</unit></amt>
        <item>Onion; quartered</item></ing>
      <ing>
        <amt>
          <qty>1</qty>
          <unit>small</unit></amt>
        <item>Clove garlic</item></ing>
      <ing>
        <amt>
          <qty>1/2</qty>
          <unit>pounds</unit></amt>
        <item>Fresh mushrooms; halved</item></ing>
      <ing>
        <amt>
          <qty>2</qty>
          <unit>tablespoons</unit></amt>
        <item>Butter</item></ing>
      <ing>
        <amt>
          <qty>1/4</qty>
          <unit>teaspoons</unit></amt>
        <item>Salt</item></ing>
      <ing>
        <amt>
          <qty>1/8</qty>
          <unit>teaspoons</unit></amt>
        <item>Tarragon; crushed</item></ing>
      <ing>
        <amt>
          <qty/>
          <unit>dashes</unit></amt>
        <item>White pepper</item></ing>
      <ing>
        <amt>
          <qty>10</qty>
          <unit>ounces</unit></amt>
        <item>Blanched whole almonds; toasted</item></ing>
      <ing>
        <amt>
          <qty>1</qty>
          <unit>tablespoon</unit></amt>
        <item>Dry sherry</item></ing>
      <ing>
        <amt>
          <qty>1</qty>
          <unit>tablespoon</unit></amt>
        <item>Heavy cream</item></ing></ingredients>
    <directions>
      <step>  In food processor with metal blade, process onion and garlic with on-off
  bursts until coarsely chopped; set aside. Process mushrooms with on-off
  bursts until coarsely chopped. Melt butter in medium skillet; add onion,
  garlic, mushrooms, salt, tarragon, and pepper. Cook, stirring occasionally,
  until most liquid has evaporated. Reserve 2/3 cup almonds for garnish.
  Process remaining almonds until coarsely chopped. Reserve 2 tablespoons.
  Process remaining almonds to form a paste. Add mushroom mixture, sherry and
  cream; process until smooth. Add reserved 2 tablespoons chopped almonds;
  process with on-off bursts. Cover and chill. Mound pate on serving plate.
  Garnish with reserved 2/3 cup almonds. [Press whole almonds onto surface of
  mound so that they are in a vertical position. Mound surface should be more
  or less entirely covered with upright almonds.]
  
  Makes about 1-1/2 cups.
  Posted to MC-Recipe Digest V1 #191
  
  Date: Sat, 10 Aug 1996 08:57:03 -0400
  
  From: kmeade@ids2.idsonline.com (The Meades)
  NOTES : A friend brought these to a shower that was held at my house.
       The presentation leaves a little to be desired but they are great.
 
</step></directions></recipe></recipeml>
