<?xml version="1.0" encoding="UTF-8"?>

<recipeml version="0.5">
  <recipe>
    <head>
      <title>Almond Horns Dipped in Chocolate</title>
      <categories>
        <cat>None</cat></categories>
      <yield>12</yield></head>
    <ingredients>
      <ing-div>
        <title>DOUGH</title>
        <ing>
          <amt>
            <qty>1 1/2</qty>
            <unit>cups</unit></amt>
          <item>Granulated sugar</item></ing>
        <ing>
          <amt>
            <qty>1</qty>
            <unit>cup</unit></amt>
          <item>Hazelnuts, unhusked</item></ing>
        <ing>
          <amt>
            <qty>3</qty>
            <unit>tablespoons</unit></amt>
          <item>All purpose flour</item></ing>
        <ing>
          <amt>
            <qty>1</qty>
            <unit>teaspoon</unit></amt>
          <item>Grated lemon peel</item></ing>
        <ing>
          <amt>
            <qty>1 1/2</qty>
            <unit>tablespoons</unit></amt>
          <item>Apricot jam</item></ing>
        <ing>
          <amt>
            <qty>2</qty>
            <unit/></amt>
          <item>Egg whites</item></ing>
        <ing>
          <amt>
            <qty>1/4</qty>
            <unit>teaspoons</unit></amt>
          <item>Almond extract (or to individual preference) (up to 1/3)</item></ing></ing-div>
      <ing-div>
        <title>GLAZE</title>
        <ing>
          <amt>
            <qty>1</qty>
            <unit/></amt>
          <item>Egg white beaten to blend</item></ing>
        <ing>
          <amt>
            <qty>3/4</qty>
            <unit>cups</unit></amt>
          <item>Sliced almonds, coarsely chopped or left whole</item></ing>
        <ing>
          <amt>
            <qty/>
            <unit/></amt>
          <item>Semi-sweet chocolate (melted) for decorating cookies</item></ing></ing-div></ingredients>
    <directions>
      <step>  (recipe adapted from Bon Apetite magazine, but played with a lot)
  
  yield 12 regular size horns or 48 miniature horseshoes
  
  Grind sugar, hazelnuts, flour and lemon peel to powder in processor.  Blend
  in jam and one egg white, stopping to scraped down dies of bowl.  With
  machine running gradually mix in enough of second egg white to form stiff
  paste.  Transfer mixture to double boiler over gently simmering water. Stir
  with wooden spoon until mixture softens and some of sugar dissolves, about
  6 minutes.  Stir in almond extract  Transfer paste to shallow pan. Press
  plastic wrap onto surface of paste and refrigerate.
  
  Preheat oven to 3500F.  Butter and flour baking sheet or cover baking sheet
  with parchment paper.
  
  For regular size cookies:  Cut dough into 12 pieces.  Roll each piece into
  3-inch long cylinder, tapering ends, chill.  Roll in lightly beaten egg
  white glaze and then in the sliced almonds. Bend into crescent shapes.
  Arrange on prepared sheet spacing 2 inches apart.  Bake until pale golden,
  about 15 minutes.  Set sheet on rack and let crescents cool to warm.
  Transfer to rack and cool completely.  Melt semi-sweet chocolate and allow
  to cool.  Dip tips of cookies into chocolate and place on rack to harden.
  May be refrigerated to set chocolate.  Store in airtight container.
  
  For miniature cookies :  Roll balls of dough about the size of a walnut and
  chill.  Make into cylinders and chill again.  Roll cylinders in egg white
  and chopped nuts, shape into horseshoes.  Arrange on prepared cookie sheets
  and bake 8-10 minutes.  Cool as above.  Dip ends in melted chocolate and
  cool or refrigerate to set.
  
  Posted to JEWISH-FOOD digest V96 #80
  
  Date: Sun, 17 Nov 1996 15:18:26 -0500
  
  From: swass@global2000.net (Barbara &amp; Steve Wasser)
 
</step></directions></recipe></recipeml>
