<?xml version="1.0" encoding="UTF-8"?>

<recipeml version="0.5">
  <recipe>
    <head>
      <title>Almond Lace</title>
      <categories>
        <cat>None</cat></categories>
      <yield>1</yield></head>
    <ingredients>
      <ing>
        <amt>
          <qty>2</qty>
          <unit>cups</unit></amt>
        <item>Sugar</item></ing>
      <ing>
        <amt>
          <qty>1</qty>
          <unit>cup</unit></amt>
        <item>Cold water</item></ing>
      <ing>
        <amt>
          <qty>2</qty>
          <unit>cups</unit></amt>
        <item>Sliced almonds; toasted</item></ing></ingredients>
    <directions>
      <step>  In a heavy saucepan gently combine sugar and water, avoiding getting sugar
  up the walls of the pan. Boil the mixture, brushing down the sides of the
  pan with cold water, if necessary, until the mixture becomes a
  light-colored caramel. Dip the bottom of the saucepan into ice water to
  stop the cooking. Let cool slightly until caramel falls off a spoon in a
  slow stream. Spread almonds on a sheet pan. Drizzle caramel over sliced
  almonds in a lacy fashion to form a flat triangle shape. Let cool. Lift off
  sheet pan and store in an airtight container.
  
  Makes 12 Triangles
  Posted to recipelu-digest Volume 01 Number 473 by "bunny"
  &lt;layla696@ix.netcom.com&gt; on Jan 7, 1998
 
</step></directions></recipe></recipeml>
