<?xml version="1.0" encoding="UTF-8"?>

<recipeml version="0.5">
  <recipe>
    <head>
      <title>Almond Pinecone</title>
      <categories>
        <cat>Appetisers</cat></categories>
      <yield>1</yield></head>
    <ingredients>
      <ing>
        <amt>
          <qty>1 1/2</qty>
          <unit>cups</unit></amt>
        <item>Whole Almonds; Toasted</item></ing>
      <ing>
        <amt>
          <qty>8</qty>
          <unit>ounces</unit></amt>
        <item>Cream Cheese; Lowfat-Ok</item></ing>
      <ing>
        <amt>
          <qty>1/2</qty>
          <unit>cups</unit></amt>
        <item>Mayonnaise; Lowfat-Ok</item></ing>
      <ing>
        <amt>
          <qty>5</qty>
          <unit>slices</unit></amt>
        <item>Bacon; Cooked And Minced</item></ing>
      <ing>
        <amt>
          <qty>1</qty>
          <unit>tablespoon</unit></amt>
        <item>Scallion; Chopped</item></ing>
      <ing>
        <amt>
          <qty>1/2</qty>
          <unit>teaspoons</unit></amt>
        <item>Dill</item></ing>
      <ing>
        <amt>
          <qty/>
          <unit/></amt>
        <item>Black Pepper; To Taste</item></ing></ingredients>
    <directions>
      <step>  1. Toast the almonds and set aside.
  
  2. Combine all other ingredients in a bowl and mix well. Chill for at least
        1    hour.
  
  3. Form the cream cheese mixture into the shape of a pinecone. Beginning at
  the bottom,, gently press the almonds in rows across the pinecone shape.
  Continue the rows until the whole shape is covered, and resembles a
  pinecone. Either eat immediately or refrigerate. Allow to come up to room
  temperature before serving. Garnish with greens.
  
  NOTES : A marble board works well for this as it will hold the cool
  temperature longer than a plate. If fresh greens are used be careful that
  they are not poisonous.
  Recipe by: Maxine Brandes
  
  Posted to MC-Recipe Digest V1 #922 by Sue &lt;suechef@sover.net&gt; on Nov 25,
  1997
 
</step></directions></recipe></recipeml>
