<?xml version="1.0" encoding="UTF-8"?>

<recipeml version="0.5">
  <recipe>
    <head>
      <title>Almond Pancakes (Callan)</title>
      <categories>
        <cat>Breakfast</cat>
        <cat>Grains</cat>
        <cat>Pancakes wa</cat></categories>
      <yield>12</yield></head>
    <ingredients>
      <ing>
        <amt>
          <qty>1</qty>
          <unit>cup</unit></amt>
        <item>Whole wheat flour; cake or pastry</item></ing>
      <ing>
        <amt>
          <qty>1</qty>
          <unit>cup</unit></amt>
        <item>Unbleached flour; all-purpose</item></ing>
      <ing>
        <amt>
          <qty>2</qty>
          <unit>teaspoons</unit></amt>
        <item>Baking powder</item></ing>
      <ing>
        <amt>
          <qty>1/2</qty>
          <unit>teaspoons</unit></amt>
        <item>Baking soda</item></ing>
      <ing>
        <amt>
          <qty>1/2</qty>
          <unit>teaspoons</unit></amt>
        <item>Salt</item></ing>
      <ing>
        <amt>
          <qty>1</qty>
          <unit>teaspoon</unit></amt>
        <item>Ground cinnamon</item></ing>
      <ing>
        <amt>
          <qty>3/4</qty>
          <unit>cups</unit></amt>
        <item>Ground almonds; see directions</item></ing>
      <ing>
        <amt>
          <qty>2</qty>
          <unit>large</unit></amt>
        <item>Eggs</item></ing>
      <ing>
        <amt>
          <qty>2 1/2</qty>
          <unit>cups</unit></amt>
        <item>1% low-fat milk</item></ing>
      <ing>
        <amt>
          <qty>2</qty>
          <unit>teaspoons</unit></amt>
        <item>Almond extract</item></ing>
      <ing>
        <amt>
          <qty>2</qty>
          <unit>tablespoons</unit></amt>
        <item>Canola oil</item></ing>
      <ing>
        <amt>
          <qty/>
          <unit/></amt>
        <item>Oil; for cooking</item></ing>
      <ing>
        <amt>
          <qty/>
          <unit/></amt>
        <item>Maple syrup; for serving</item></ing></ingredients>
    <directions>
      <step>  Optional: toast the almonds in a 325F oven for 7 to 10 minutes stirring
  several times. Let cool awhile. Then grind the nuts into a fine powder (to
  yield 3/4 cup).
  
  Stir together the flours, baking powder, baking soda, salt, cinnamon, and
  ground almonds in a medium-size mixing bowl.
  
  In another bowl, beat the eggs with milk, almond extract and oil.
  
  Pour the wet into the dry ingredients, stirring just until blended.
  
  Prepare a griddle or skillet with butter, margarine, oil, or spray over
  medium heat. Cook the pancakes about 3 to 4 minutes on the first side, and
  1 or 2 minutes on the other. Transfer to a warm plate for holding. Makes 9
  1/2-cup cakes or 12 1/3-cup cakes. (PER 12TH: 180 cals, 9g fat)
  
  &gt;Submitted by Pat Hanneman on 1998-Apr-07 to McRecipe
  
  Recipe by: BEYOND THE MOON COOKBOOK by Ginny Callan
  
  Posted to MC-Recipe Digest by KitPATh &lt;phannema@wizard.ucr.edu&gt; on Apr 07,
  1998
 
</step></directions></recipe></recipeml>
