<?xml version="1.0" encoding="UTF-8"?>

<recipeml version="0.5">
  <recipe>
    <head>
      <title>Almond Poppyseed Bread &lt;r T&gt;</title>
      <categories>
        <cat>Bread machi</cat>
        <cat>Breads</cat>
        <cat>Low fat</cat></categories>
      <yield>8</yield></head>
    <ingredients>
      <ing-div>
        <title>FOR 1 LB LOAF; (1 1/2 LB</title>
        <ing>
          <amt>
            <qty>1 1/2</qty>
            <unit>teaspoons</unit></amt>
          <item>Active Dry Yeast; (2 1/4 Tsp)</item></ing>
        <ing>
          <amt>
            <qty>1 3/4</qty>
            <unit>cups</unit></amt>
          <item>Bread Flour; (2 2/3 C)</item></ing>
        <ing>
          <amt>
            <qty>1/3</qty>
            <unit>cups</unit></amt>
          <item>Rolled Oats; (1/2 C)</item></ing>
        <ing>
          <amt>
            <qty>1/2</qty>
            <unit>teaspoons</unit></amt>
          <item>Salt; (3/4 Tsp)</item></ing>
        <ing>
          <amt>
            <qty>2</qty>
            <unit>tablespoons</unit></amt>
          <item>Poppy Seeds; (3 T)</item></ing>
        <ing>
          <amt>
            <qty>1</qty>
            <unit>teaspoon</unit></amt>
          <item>Almond Extract; (1 1/2 Tsp)</item></ing>
        <ing>
          <amt>
            <qty>2</qty>
            <unit>tablespoons</unit></amt>
          <item>Sugar; (3 T)</item></ing>
        <ing>
          <amt>
            <qty>1</qty>
            <unit>tablespoon</unit></amt>
          <item>Wonderslim; *Note, (1 1/2 T)</item></ing>
        <ing>
          <amt>
            <qty>1/2</qty>
            <unit>cups</unit></amt>
          <item>Nonfat Milk; **Note, (1 C)</item></ing>
        <ing>
          <amt>
            <qty>1/4</qty>
            <unit>cups</unit></amt>
          <item>Egg Beaters® 99% Egg Substitute; ***Note, (1/2 C)</item></ing>
        <ing>
          <amt>
            <qty>1/4</qty>
            <unit>cups</unit></amt>
          <item>Slivered Almonds; (6 T)</item></ing></ing-div></ingredients>
    <directions>
      <step>  *NOTE: Original recipe used 2 T butter for small loaf and 3 T for large.
  
  **NOTE: Original recipe used regular milk
  
  ***NOTE: Original recipe used 1 regular egg for both small and large.
  
  This is a light, barely sweet bread, with oatmeal adding texture. It is a
  good bread for breakfast or a snack, and not at all like those gummy,
  overly sweet muffins.
  
  Put all ingredients except almonds in bread pan in order suggested by your
  bread machine instructions. Set for white bread, medium crust. Press Start.
  Adding almonds at the beeper or after the first kneading.
  
  This is a wonderful tasting loaf of bread...and it sure disappears
  quickly!!
  
  NOTES : Cal  183.6, Fat 4.1g, Carb 30.1g, Fib 2.3g, Pro 6.7g, Sod 154mg,
  CFF  20%.
  Recipe by: The Bread Machine Book, Marjie Lambert
  
  Posted to TNT Recipes Digest by Reggie Dwork &lt;reggie@reggie.com&gt; on Feb 12,
  1998
 
</step></directions></recipe></recipeml>
