<?xml version="1.0" encoding="UTF-8"?>

<recipeml version="0.5">
  <recipe>
    <head>
      <title>Almond Paste Sugar Cookies</title>
      <categories>
        <cat>Cookies</cat></categories>
      <yield>6</yield></head>
    <ingredients>
      <ing>
        <amt>
          <qty>1/2</qty>
          <unit>cups</unit></amt>
        <item>(4-oz) almond paste lightly packed</item></ing>
      <ing>
        <amt>
          <qty>1</qty>
          <unit>cup</unit></amt>
        <item>Butter</item></ing>
      <ing>
        <amt>
          <qty>1/2</qty>
          <unit>cups</unit></amt>
        <item>Sugar</item></ing>
      <ing>
        <amt>
          <qty>1</qty>
          <unit/></amt>
        <item>Egg white</item></ing>
      <ing>
        <amt>
          <qty>2</qty>
          <unit>cups</unit></amt>
        <item>Flour</item></ing>
      <ing>
        <amt>
          <qty>1/2</qty>
          <unit>teaspoons</unit></amt>
        <item>Cinnamon</item></ing>
      <ing>
        <amt>
          <qty>3</qty>
          <unit>cups</unit></amt>
        <item>Powdered sugar sifted</item></ing>
      <ing>
        <amt>
          <qty>5</qty>
          <unit>tablespoons</unit></amt>
        <item>To 6 tb milk</item></ing>
      <ing>
        <amt>
          <qty>1</qty>
          <unit>teaspoon</unit></amt>
        <item>Almond extract</item></ing></ingredients>
    <directions>
      <step>  Food coloring
  
  Place almond paste in food processor with metal blade in place: process
  until finely chopped. Add butter and sugar; process until thoroughly mixed.
  Add egg white; process until smooth. Add flour and cinnamon; process until
  dough forms a ball. Remove from processor; wrap in plastic and chill 1/2
  hour or until firm.
  
  Roll dough on lightly floured work surface, approximately 1/4 inch thick.
  Cut into desired shapes. TRansfer to a lightly greased baking sheet; bake
  at 325 degrees, 10-12 minutes, until lightly browned. Removed cookies to a
  rack to cool. Mix together powdered sugar, milk and almond extract. Divide
  glaze into separate bowls and tint each bowl as desired with food coloring.
  Spread cookies with glaze and allow to dry and harden before serving.
  
  From Gemini's MASSIVE MealMaster collection at www.synapse.com/~gemini
 
</step></directions></recipe></recipeml>
