<?xml version="1.0" encoding="UTF-8"?>

<recipeml version="0.5">
  <recipe>
    <head>
      <title>Almond Jello (Chinese Gelatin Dessert)</title>
      <categories>
        <cat>Dessert</cat></categories>
      <yield>16</yield></head>
    <ingredients>
      <ing>
        <amt>
          <qty>1</qty>
          <unit>package</unit></amt>
        <item>Knox gelatin</item></ing>
      <ing>
        <amt>
          <qty>1</qty>
          <unit>cup</unit></amt>
        <item>Water</item></ing>
      <ing>
        <amt>
          <qty>1</qty>
          <unit>cup</unit></amt>
        <item>Milk</item></ing>
      <ing>
        <amt>
          <qty>1</qty>
          <unit>tablespoon</unit></amt>
        <item>Almond extract</item></ing>
      <ing>
        <amt>
          <qty>1</qty>
          <unit>teaspoon</unit></amt>
        <item>Sugar (optional)</item></ing></ingredients>
    <directions>
      <step>  From: Andria Lee &lt;andria@scripps.edu&gt;
  
  Date: Tue, 12 Jul 1994 02:18:05 -0400 (EDT)
  
  Boil the water and dissolve the gelatin.  Add milk and stir.  Throw in
  almond extract (I pour in 1T, then I pour in a little extra). Stir. (Add
  the sugar earlier with the gelatin; sorry) Gel in a square pan in the
  refrigerator. When gelled, cut into squares. I serve it with fruit
  cocktail.
  
  REC.FOOD.RECIPES ARCHIVES
  
  /DESSERTS
  
  From rec.food.cooking archives.  Downloaded from Glen's MM Recipe Archive,
  http://www.erols.com/hosey.
 
</step></directions></recipe></recipeml>
