<?xml version="1.0" encoding="UTF-8"?>

<recipeml version="0.5">
  <recipe>
    <head>
      <title>Almond Liqueur (Ersatz Amaretto)</title>
      <categories>
        <cat>None</cat></categories>
      <yield>1</yield></head>
    <ingredients>
      <ing>
        <amt>
          <qty>2</qty>
          <unit>cups</unit></amt>
        <item>Sugar</item></ing>
      <ing>
        <amt>
          <qty>1 1/2</qty>
          <unit>cups</unit></amt>
        <item>Water</item></ing>
      <ing>
        <amt>
          <qty>2 1/2</qty>
          <unit>cups</unit></amt>
        <item>Vodka</item></ing>
      <ing>
        <amt>
          <qty>3</qty>
          <unit>tablespoons</unit></amt>
        <item>Almond extract</item></ing>
      <ing>
        <amt>
          <qty>1</qty>
          <unit>teaspoon</unit></amt>
        <item>Vanilla extract</item></ing>
      <ing>
        <amt>
          <qty>3/4</qty>
          <unit>teaspoons</unit></amt>
        <item>Lemon extract</item></ing>
      <ing>
        <amt>
          <qty>1</qty>
          <unit>teaspoon</unit></amt>
        <item>Glycerine (optional)</item></ing></ingredients>
    <directions>
      <step>  Makes 1 1/2 pints
  
  Combine sugar and water in saucepan and bring to boil. Simmer, stirring,
  for 5 minutes. Let cool to room temperature.
  
  Add remaining ingredients and funnel into bottle(s). Let mature for at
  least one week before using (longer is probably better).
  
  Posted to FOODWINE Digest 11 Dec 96
  
  From:    Constance Felten &lt;constance_felten@IL.US.SWISSBANK.COM&gt;
  
  Date:    Wed, 11 Dec 1996 11:08:21 -0600
 
</step></directions></recipe></recipeml>
