<?xml version="1.0" encoding="UTF-8"?>

<recipeml version="0.5">
  <recipe>
    <head>
      <title>Almond Petits Fours</title>
      <categories>
        <cat>Cake</cat></categories>
      <yield>16</yield></head>
    <ingredients>
      <ing>
        <amt>
          <qty>2</qty>
          <unit/></amt>
        <item>Egg whites</item></ing>
      <ing>
        <amt>
          <qty>2/3</qty>
          <unit>cups</unit></amt>
        <item>Ground almonds</item></ing>
      <ing>
        <amt>
          <qty>1/4</qty>
          <unit>cups</unit></amt>
        <item>Sugar</item></ing>
      <ing>
        <amt>
          <qty/>
          <unit/></amt>
        <item>Almond extract</item></ing>
      <ing>
        <amt>
          <qty/>
          <unit/></amt>
        <item>Candied cherries</item></ing>
      <ing>
        <amt>
          <qty/>
          <unit/></amt>
        <item>Angelica</item></ing></ingredients>
    <directions>
      <step>  From: jjcurry@iglou.iglou.com (James J Curry)
  
  Date: 10 Aug 1995 07:37:07 -0600
  
  Line 2 or 3 baking sheets with cooking parchment.  Beat the egg whites in a
  deep bowl until stiff; lightly fold in the almonds &amp; sugar &amp; add a few
  drops of almond extract. Spoon the mixture into a pastry bag fitted with a
  large rosette tube &amp; pipe it onto the baking sheets in small rosetts &amp; S
  shapes, leaving about an inch between each. Decorate the petits fours with
  candied cherries, strips of angelica, silver shot, nuts, or candied
  violets.  Bake in the center of a preheated oven at 350 about 20 minutes,
  until golden brown.
  
  REC.FOOD.RECIPES ARCHIVES
  
  /CAKES
  
  From rec.food.cooking archives.  Downloaded from Glen's MM Recipe Archive,
  http://www.erols.com/hosey.
 
</step></directions></recipe></recipeml>
