<?xml version="1.0" encoding="UTF-8"?>

<recipeml version="0.5">
  <recipe>
    <head>
      <title>Almond Poppy Noodles!</title>
      <categories>
        <cat>Pasta</cat></categories>
      <yield>4</yield></head>
    <ingredients>
      <ing>
        <amt>
          <qty>8</qty>
          <unit>ounces</unit></amt>
        <item>Medium egg noodles</item></ing>
      <ing>
        <amt>
          <qty>4</qty>
          <unit>tablespoons</unit></amt>
        <item>Butter or margarine</item></ing>
      <ing>
        <amt>
          <qty>1/2</qty>
          <unit>cups</unit></amt>
        <item>Slivered almonds</item></ing>
      <ing>
        <amt>
          <qty>1</qty>
          <unit>tablespoon</unit></amt>
        <item>Poppy seeds</item></ing></ingredients>
    <directions>
      <step>  Cook noodles according to package directions. In large skillet, melt 1 T
  butter and lightly brown almonds. Stir in remaining butter, noodles and
  poppy seeds; heat through. Serve, if desired with pork roast.[1-2]
  
  From Gemini's MASSIVE MealMaster collection at www.synapse.com/~gemini
 
</step></directions></recipe></recipeml>
