<?xml version="1.0" encoding="UTF-8"?>

<recipeml version="0.5">
  <recipe>
    <head>
      <title>Almond Glaze</title>
      <categories>
        <cat/></categories>
      <yield>100</yield></head>
    <ingredients>
      <ing>
        <amt>
          <qty>1 1/2</qty>
          <unit>cups</unit></amt>
        <item>WATER; BOILING</item></ing>
      <ing>
        <amt>
          <qty>3</qty>
          <unit>ounces</unit></amt>
        <item>BUTTER PRINT SURE</item></ing>
      <ing>
        <amt>
          <qty>3</qty>
          <unit>pounds</unit></amt>
        <item>SUGAR; POWDER 2 LB</item></ing>
      <ing>
        <amt>
          <qty>2</qty>
          <unit>teaspoons</unit></amt>
        <item>FLAVORING MAPLE</item></ing>
      <ing>
        <amt>
          <qty>3/4</qty>
          <unit>teaspoons</unit></amt>
        <item>SALT TABLE 5LB</item></ing></ingredients>
    <directions>
      <step>  1.  COMBINE POWDERED SUGAR, BUTTER OR MARGARINE, SALT, BOILING WATER
  AND FLAVORING, ALMOND; MIX UNTIL SMOOTH.
  
  2.  SPREAD GLAZE OVER BAKED SWEET ROLLS OR COFFEE CAKES.  COAT OR DIP
  FRIED DOUGHNUTS IN GLAZE.
  :
  
  NOTE:  THIS GLAZE MAY BE USED FOR A VARIETY OF SWEET DOUGH PRODUCTS
  (SEE RECIPE NO. D-G-7, GUICE FOR SWEET DOUGH MAKE-UP) OR DOUGHNUTS
  (SEE RECIPE NOS. D-18 OR D-19).
  
  Recipe Number: D04601
  
  SERVING SIZE: 2 TABLESPO
  
  From the &lt;Army Master Recipe Index File&gt; (actually used today!).
  Downloaded from Glen's MM Recipe Archive, http://www.erols.com/hosey.
 
</step></directions></recipe></recipeml>
