<?xml version="1.0" encoding="UTF-8"?>

<recipeml version="0.5">
  <recipe>
    <head>
      <title>Almond Joy Candy Bars</title>
      <categories>
        <cat>Candies</cat>
        <cat>Copycats</cat></categories>
      <yield>3</yield></head>
    <ingredients>
      <ing>
        <amt>
          <qty>14</qty>
          <unit>ounces</unit></amt>
        <item>Premium shredded</item></ing>
      <ing>
        <amt>
          <qty/>
          <unit/></amt>
        <item>Coconut;</item></ing>
      <ing>
        <amt>
          <qty>5</qty>
          <unit>ounces</unit></amt>
        <item>Sweetened condensed milk</item></ing>
      <ing>
        <amt>
          <qty>1</qty>
          <unit>teaspoon</unit></amt>
        <item>Vanilla extract OR flaked coconut</item></ing>
      <ing>
        <amt>
          <qty>24</qty>
          <unit>ounces</unit></amt>
        <item>Milk chocolate</item></ing>
      <ing>
        <amt>
          <qty/>
          <unit/></amt>
        <item>Chips</item></ing>
      <ing>
        <amt>
          <qty>2</qty>
          <unit>cups</unit></amt>
        <item>Powdered sugar</item></ing>
      <ing>
        <amt>
          <qty>1</qty>
          <unit>cup</unit></amt>
        <item>Whole dry roasted</item></ing>
      <ing>
        <amt>
          <qty/>
          <unit/></amt>
        <item>Almonds</item></ing></ingredients>
    <directions>
      <step>     Blend the condensed milk and vanilla.  Add the powdered sugar to the
  above mixture a little at a time, stirring until smooth. Stir in the
  coconut.  The mixture should be firm. Pat the mixture firmly into a greased
  9x13x2-inch pan.  Chill in the refrigerator until firm.
     In a double boiler over hot, not boiling water, melt the chocolate,
  stirring often.  You may also use a microwave.
     Remove the coconut mixture from the refrigerator and cut it into
  1x2-inch bars.  Put 2 whole almonds atop each bar. Set each coconut bar
  onto a fork and dip it into the chocolate. Tap the fork against the side of
  the pan or bowl to remove any excess chocolate. Air dry at room temperature
  on waxed paper for several hours. You may speed up the process by putting
  in the refrigerator for 30 minutes.
  Posted to EAT-L Digest 25 Jul 96
  
  Date:    Fri, 26 Jul 1996 10:30:37 -0500
  
  From:    MS ELIZABETH A SAYERS &lt;GVKD27A@PRODIGY.COM&gt;
 
</step></directions></recipe></recipeml>
