<?xml version="1.0" encoding="UTF-8"?>

<recipeml version="0.5">
  <recipe>
    <head>
      <title>Almond Pie</title>
      <categories>
        <cat>Desserts</cat>
        <cat>Nuts</cat>
        <cat>Pies &amp; tart</cat>
        <cat>Bobbie - no</cat></categories>
      <yield>9</yield></head>
    <ingredients>
      <ing>
        <amt>
          <qty>10</qty>
          <unit>ounces</unit></amt>
        <item>Pie crust mix; (or use homemade)</item></ing>
      <ing>
        <amt>
          <qty>1/2</qty>
          <unit>cups</unit></amt>
        <item>Butter or margarine; (1 stick)</item></ing>
      <ing>
        <amt>
          <qty>1/2</qty>
          <unit>cups</unit></amt>
        <item>Light brown sugar; firmly packed</item></ing>
      <ing>
        <amt>
          <qty>3/4</qty>
          <unit>cups</unit></amt>
        <item>Sugar</item></ing>
      <ing>
        <amt>
          <qty>3</qty>
          <unit/></amt>
        <item>Eggs</item></ing>
      <ing>
        <amt>
          <qty>1/2</qty>
          <unit>cups</unit></amt>
        <item>Light cream</item></ing>
      <ing>
        <amt>
          <qty>1/4</qty>
          <unit>cups</unit></amt>
        <item>Light corn syrup</item></ing>
      <ing>
        <amt>
          <qty>1/2</qty>
          <unit>teaspoons</unit></amt>
        <item>Vanilla extract</item></ing>
      <ing>
        <amt>
          <qty>1/4</qty>
          <unit>teaspoons</unit></amt>
        <item>Salt</item></ing>
      <ing>
        <amt>
          <qty>1</qty>
          <unit>cup</unit></amt>
        <item>Slivered blanched almonds</item></ing>
      <ing>
        <amt>
          <qty>30</qty>
          <unit/></amt>
        <item>Whole blanched almonds; for decoration</item></ing></ingredients>
    <directions>
      <step>  Prepare pastry as directed on package. roll out dough in circle measuring
  14" diameter. To make the "rolled" edge, ease pastry into a 9 inch pie
  plate. With scissors make about 30 cuts, 1 inch apart inthe overhang from
  edge to inside of pie plate rim. For inside row, roll every 2nd pastry cut
  up and over towards center of pie. For outside row, roll remainng cuts
  under toward pie plate rim. In top of double boiler, thoroughly blend
  butter and brown sugar. Beat in the next 6 ingredients. Heat over hot (not
  boiling) water, stirring constantly until sugars dissolve, about 5 minutes.
  Fild in slivered almonds. Pour into prepared pie shell. Bake in 350 F. oven
  for glass pan or 375 F. for for metal pan, for 50 minutes. Arrnage whole
  almonds on filling. Bake
       10    minutes more. Makes 9 three-inch servings. MC formatting by
  bobbi744@sojourn.com
  
  Recipe by: 1960s magazine article
  
  Posted to MC-Recipe Digest by Roberta Banghart &lt;bobbi744@sojourn.com&gt; on
  Mar 25, 1998
 
</step></directions></recipe></recipeml>
