<?xml version="1.0" encoding="UTF-8"?>

<recipeml version="0.5">
  <recipe>
    <head>
      <title>Almond Noodles</title>
      <categories>
        <cat>Pasta</cat></categories>
      <yield>4</yield></head>
    <ingredients>
      <ing>
        <amt>
          <qty>1</qty>
          <unit>quart</unit></amt>
        <item>Water</item></ing>
      <ing>
        <amt>
          <qty>1/2</qty>
          <unit>teaspoons</unit></amt>
        <item>Salt</item></ing>
      <ing>
        <amt>
          <qty>8</qty>
          <unit>ounces</unit></amt>
        <item>Noodles</item></ing>
      <ing>
        <amt>
          <qty>3</qty>
          <unit>tablespoons</unit></amt>
        <item>Butter</item></ing>
      <ing>
        <amt>
          <qty>1/3</qty>
          <unit>cups</unit></amt>
        <item>Blanched almonds; toasted</item></ing></ingredients>
    <directions>
      <step>  Bring water and salt to a boil; add ookles, stir, cook 10 minutes or until
  just tender. Drain and pour hot water over noodles in colander.
  
  Melt butter in a saucepan; blend in almonds; add noodles and stir over low
  heat until nookles are heated and almonds are distributed.
  
  SOURCE: Indianapolis Star 3/7/84 =-
  
  Per serving: 362 Calories; 17g Fat (42% calories from fat); 11g Protein;
  43g Carbohydrate; 77mg Cholesterol; 373mg Sodium Food Exchanges: 3
  Starch/Bread; 1/2 Lean Meat; 3 Fat
  Posted to MC-Recipe Digest by "C.M. Davis" &lt;comet9@worldnet.att.net&gt; on Mar
  18, 1998
 
</step></directions></recipe></recipeml>
