<?xml version="1.0" encoding="UTF-8"?>

<recipeml version="0.5">
  <recipe>
    <head>
      <title>Almond Poppy Seed Muffins</title>
      <categories>
        <cat>Breads - qu</cat>
        <cat>Muffins</cat></categories>
      <yield>30</yield></head>
    <ingredients>
      <ing>
        <amt>
          <qty>4</qty>
          <unit>large</unit></amt>
        <item>Eggs</item></ing>
      <ing>
        <amt>
          <qty>2</qty>
          <unit>cups</unit></amt>
        <item>Sugar</item></ing>
      <ing>
        <amt>
          <qty>1 3/4</qty>
          <unit>cups</unit></amt>
        <item>Evaporated milk; 13 oz. can</item></ing>
      <ing>
        <amt>
          <qty>1/4</qty>
          <unit>cups</unit></amt>
        <item>Milk</item></ing>
      <ing>
        <amt>
          <qty>2</qty>
          <unit>cups</unit></amt>
        <item>Vegetable oil</item></ing>
      <ing>
        <amt>
          <qty>3 1/2</qty>
          <unit>teaspoons</unit></amt>
        <item>Baking powder</item></ing>
      <ing>
        <amt>
          <qty>1/2</qty>
          <unit>teaspoons</unit></amt>
        <item>Salt</item></ing>
      <ing>
        <amt>
          <qty>4</qty>
          <unit>cups</unit></amt>
        <item>Flour</item></ing>
      <ing>
        <amt>
          <qty>1</qty>
          <unit>teaspoon</unit></amt>
        <item>Vanilla</item></ing>
      <ing>
        <amt>
          <qty>1</qty>
          <unit>teaspoon</unit></amt>
        <item>Almond extract</item></ing>
      <ing>
        <amt>
          <qty>1/2</qty>
          <unit>cups</unit></amt>
        <item>Poppy seeds</item></ing></ingredients>
    <directions>
      <step>  Preheat the oven to 325ø. Line 30 muffin cups with paper liners. In a large
  mixing bowl, beat together the eggs, sugar, evaporated milk, milk and
  vegetable oil.  Sift together baking powder, salt and flour. GRadually add
  the flour mixture to the egg mixture, beating until well combined. Add the
  extracts and poppy seeds, stirring only until well combined. Using a 1/3
  cup measure, pour the batter into the muffin cups. Bake for 25-30 minutes
  or until a toothpick inserted into the center of a muffin comes out clean.
  
  Posted to MC-Recipe Digest V1 #164
  
  Date: Mon, 22 Jul 1996 13:29:23 -0400
  
  From: bobbi744@sojourn.com (Roberta Banghart)
  NOTES : MCformatting by bobbi744@sojourn.com
 
</step></directions></recipe></recipeml>
