<?xml version="1.0" encoding="UTF-8"?>

<recipeml version="0.5">
  <recipe>
    <head>
      <title>Almond Poppy Seed Muffins</title>
      <categories>
        <cat>Bread</cat></categories>
      <yield>24</yield></head>
    <ingredients>
      <ing>
        <amt>
          <qty>3</qty>
          <unit>cups</unit></amt>
        <item>Flour</item></ing>
      <ing>
        <amt>
          <qty>2 1/4</qty>
          <unit>cups</unit></amt>
        <item>Sugar</item></ing>
      <ing>
        <amt>
          <qty>1 1/2</qty>
          <unit>teaspoons</unit></amt>
        <item>Baking powder</item></ing>
      <ing>
        <amt>
          <qty>1 1/2</qty>
          <unit>teaspoons</unit></amt>
        <item>Salt</item></ing>
      <ing>
        <amt>
          <qty>1 1/2</qty>
          <unit>cups</unit></amt>
        <item>Vegetable oil</item></ing>
      <ing>
        <amt>
          <qty>1 1/2</qty>
          <unit>cups</unit></amt>
        <item>Milk</item></ing>
      <ing>
        <amt>
          <qty>3</qty>
          <unit/></amt>
        <item>Eggs</item></ing>
      <ing>
        <amt>
          <qty>1/2</qty>
          <unit>teaspoons</unit></amt>
        <item>Almond extract</item></ing>
      <ing>
        <amt>
          <qty>1 1/2</qty>
          <unit>tablespoons</unit></amt>
        <item>Poppy seeds</item></ing></ingredients>
    <directions>
      <step>  From: jphelps@shell.portal.com (JUDI MAE PHELPS)
  
  Date: Wed, 8 Feb 1995 18:37:12 +0000
  
  Posted on Prodigy by Betty Hahn.
  
  Preheat oven to 350 degrees.  Grease or use muffin papers to line two
  12-cup muffin tins.
  
  Combine flour, sugar baking powder, and salt.  In another bowl whisk oil,
  milk, eggs and extract till smooth.  Add dry ingredients mixing till moist.
  Then gently stir in all the poppy seeds.  Fill muffin tins and bake 30
  minutes.
  
  REC.FOOD.RECIPES
  
  From rec.food.cooking archives.  Downloaded from Glen's MM Recipe Archive,
  http://www.erols.com/hosey.
 
</step></directions></recipe></recipeml>
