<?xml version="1.0" encoding="UTF-8"?>

<recipeml version="0.5">
  <recipe>
    <head>
      <title>Almond Meringue Gems</title>
      <categories>
        <cat>Almonds</cat>
        <cat>Desserts</cat></categories>
      <yield>48</yield></head>
    <ingredients>
      <ing>
        <amt>
          <qty>4</qty>
          <unit/></amt>
        <item>Egg whites</item></ing>
      <ing>
        <amt>
          <qty>1</qty>
          <unit>teaspoon</unit></amt>
        <item>Cream of tartar</item></ing>
      <ing>
        <amt>
          <qty>1/4</qty>
          <unit>teaspoons</unit></amt>
        <item>Salt</item></ing>
      <ing>
        <amt>
          <qty>1</qty>
          <unit>cup</unit></amt>
        <item>Sugar</item></ing>
      <ing>
        <amt>
          <qty>1</qty>
          <unit>teaspoon</unit></amt>
        <item>Grated orange peel</item></ing>
      <ing>
        <amt>
          <qty>1</qty>
          <unit>teaspoon</unit></amt>
        <item>Vanilla extract</item></ing>
      <ing>
        <amt>
          <qty>1/4</qty>
          <unit>teaspoons</unit></amt>
        <item>Almond extract</item></ing>
      <ing>
        <amt>
          <qty>1</qty>
          <unit>cup</unit></amt>
        <item>Sliced almonds; toasted *</item></ing></ingredients>
    <directions>
      <step>  Preheat oven to 350 degrees. Beat egg whites with cream of tartar and salt
  until frothy. On high, gradually beat in sugar until stiff peaks are
  formed. Fold in orange peel, vanilla extract, almond extract and 3/4 cup
  toasted almonds. Drop batter by teaspoonsful onto nonstick cookie sheet
  sprayed with vegetable cooking spray. Sprinkle cookies with remaining 1/4
  cup toasted almonds. Bake for 15 to 20 minutes, or until lightly browned.
  Store in airtight container.
  
  Servings: 4 dozen cookies
  
  * To toast almonds, spread in an ungreased baking pan. Place in 350 degree
  oven and bake 5 to 10 minutes or until almonds are light brown; stir once
  or twice to assure even browning. Note that almonds will continue to brown
  slightly after removing from oven.
  
  (PER PORTION : 29 Calories; 1.02 g Fat; 0 mg Cholesterol; 16 mg Sodium; 4.6
  g Carbohydrate; 24 g Fiber; .69 g Protein.)
  
  See http://www.almondsarein.com/ &gt;Hanneman/Buster/MasterCook 1998/Ap
  
  Recipe by: Almond Board of California
  
  Posted to MC-Recipe Digest by KitPATh &lt;phannema@wizard.ucr.edu&gt; on Apr 08,
  1998
 
</step></directions></recipe></recipeml>
