<?xml version="1.0" encoding="UTF-8"?>

<recipeml version="0.5">
  <recipe>
    <head>
      <title>Almond Kit-Hillie</title>
      <categories>
        <cat>Dessert</cat></categories>
      <yield>36</yield></head>
    <ingredients>
      <ing>
        <amt>
          <qty>3/4</qty>
          <unit>cups</unit></amt>
        <item>Butter or margarine; softened</item></ing>
      <ing>
        <amt>
          <qty>6</qty>
          <unit>tablespoons</unit></amt>
        <item>Sugar</item></ing>
      <ing>
        <amt>
          <qty>1</qty>
          <unit>teaspoon</unit></amt>
        <item>Vanilla extract</item></ing>
      <ing>
        <amt>
          <qty>3/4</qty>
          <unit>cups</unit></amt>
        <item>Finely ground blanched almonds</item></ing>
      <ing>
        <amt>
          <qty>1 3/4</qty>
          <unit>cups</unit></amt>
        <item>Sifted all-purpose flour</item></ing>
      <ing>
        <amt>
          <qty>4</qty>
          <unit>teaspoons</unit></amt>
        <item>Grated lemon peel</item></ing>
      <ing>
        <amt>
          <qty/>
          <unit/></amt>
        <item>Blanched whole almonds</item></ing></ingredients>
    <directions>
      <step>  Heat oven to 325 degrees. Work butter in a bowl until creamy; add sugar and
  beat until mixture is fluffy. Add vanilla and ground nuts and mix
  thoroughly. Blend in sifted flour. Stir in lemon peel. Form rounded
  teaspoonfuls of dough into small balls. Place balls about 2 inches apart on
  ungreased cookie sheets. Flatten slightly with the fingers, and place one
  almond on top of each cookie. Bake 15-18 minutes, until lightly browned.
  Remove cookies from sheets and cool on wire cake racks. Makes about 3 dozen
  cookies.
  
  REDBOOK, DEC 1972, "THE GREAT
  
  CHRISTMAS COOKIE-SWAP COOKBOOK"
  
  From a collection of my mother's (Judy Hosey) recipe box which contained
  lots of her favorite recipes, clippings, etc.  Downloaded from Glen's MM
  Recipe Archive, http://www.erols.com/hosey.
 
</step></directions></recipe></recipeml>
