<?xml version="1.0" encoding="UTF-8"?>

<recipeml version="0.5">
  <recipe>
    <head>
      <title>Almond Kissed Cookies</title>
      <categories>
        <cat>Bobbie - no</cat>
        <cat>Chocolate</cat>
        <cat>Cookies</cat>
        <cat>Desserts</cat></categories>
      <yield>40</yield></head>
    <ingredients>
      <ing>
        <amt>
          <qty>1</qty>
          <unit>cup</unit></amt>
        <item>Sliced almonds; divided</item></ing>
      <ing>
        <amt>
          <qty>1 3/4</qty>
          <unit>cups</unit></amt>
        <item>All-purpose flour</item></ing>
      <ing>
        <amt>
          <qty>1</qty>
          <unit>teaspoon</unit></amt>
        <item>Baking soda</item></ing>
      <ing>
        <amt>
          <qty>1</qty>
          <unit>cup</unit></amt>
        <item>Butter or margarine; softened</item></ing>
      <ing>
        <amt>
          <qty>1 1/2</qty>
          <unit>cups</unit></amt>
        <item>Confectioner's sugar</item></ing>
      <ing>
        <amt>
          <qty>1</qty>
          <unit/></amt>
        <item>Egg</item></ing>
      <ing>
        <amt>
          <qty>1</qty>
          <unit>teaspoon</unit></amt>
        <item>Fresh grated orange peel; (up to 2)</item></ing>
      <ing>
        <amt>
          <qty>1/2</qty>
          <unit>teaspoons</unit></amt>
        <item>Almond extract</item></ing>
      <ing>
        <amt>
          <qty>1</qty>
          <unit>cup</unit></amt>
        <item>Hershey Mini-Kisses semi-sweet OR; milk chocolate</item></ing></ingredients>
    <directions>
      <step>  Grind 1/2 cup of almonds in food processor or blender. Stir together flour,
  ground almonds and baking soda; set aside. Beat butter and confectioner's
  sugarin bowl until fluffy. Add egg, ornage peel and almond extract; beat on
  low speed until blended. Add flour mixture; beat on low speed until
  blended. Shape dough into two logs about 1- 1/2 inches in diameter.
  (Refrigerateo dough for about 15 minutes, if necessary, before shaping.)
  Wrap in waxed paper or plastic wrap; refrigerate until well chilled, at
  least 2 hours. Heat oven to 375 F. Lightly grease cookie sheets. Slice
  dough into 1/2 inch thick slices. Place on cookie sheet about 2 inches
  apart. Bake 6-8 minutes or until edges are lightly browned. Immediately
  palce 3 mini kisses and 3 almond slices on top of each cookie, pressing
  down lightly. Remove from cooke sheet to wire rack. Cool completely. Makes
  about 3 1/2 dozen cookies. MC formatting by bobbi744@acd.net ICQ #12099523
  
  Recipe by: Blue Diamond Nut Recipe
  
  Posted to MC-Recipe Digest by Roberta Banghart &lt;bobbi744@acd.net&gt; on May
  14, 1998
 
</step></directions></recipe></recipeml>
