<?xml version="1.0" encoding="UTF-8"?>

<recipeml version="0.5">
  <recipe>
    <head>
      <title>Almond Persimmon Pudding</title>
      <categories>
        <cat>Desserts</cat>
        <cat>Fruits</cat>
        <cat>La-times</cat></categories>
      <yield>8</yield></head>
    <ingredients>
      <ing>
        <amt>
          <qty>1 1/2</qty>
          <unit>cups</unit></amt>
        <item>Sifted flour</item></ing>
      <ing>
        <amt>
          <qty>1 1/2</qty>
          <unit>teaspoons</unit></amt>
        <item>Baking soda</item></ing>
      <ing>
        <amt>
          <qty>1/2</qty>
          <unit>teaspoons</unit></amt>
        <item>Salt</item></ing>
      <ing>
        <amt>
          <qty>1/2</qty>
          <unit>teaspoons</unit></amt>
        <item>Ground cinnamon</item></ing>
      <ing>
        <amt>
          <qty>2</qty>
          <unit/></amt>
        <item>Eggs</item></ing>
      <ing>
        <amt>
          <qty>1 1/4</qty>
          <unit>cups</unit></amt>
        <item>Sugar</item></ing>
      <ing>
        <amt>
          <qty>1 1/2</qty>
          <unit>cups</unit></amt>
        <item>Sieved persimmon pulp</item></ing>
      <ing>
        <amt>
          <qty>1/4</qty>
          <unit>cups</unit></amt>
        <item>Butter or margarine; melted</item></ing>
      <ing>
        <amt>
          <qty>3/4</qty>
          <unit>cups</unit></amt>
        <item>Milk</item></ing>
      <ing>
        <amt>
          <qty>1</qty>
          <unit>cup</unit></amt>
        <item>Raisins</item></ing>
      <ing>
        <amt>
          <qty>1/2</qty>
          <unit>cups</unit></amt>
        <item>Chopped almonds</item></ing>
      <ing>
        <amt>
          <qty/>
          <unit/></amt>
        <item>Bottled hard sauce; =OR=- Whipped cream</item></ing></ingredients>
    <directions>
      <step>  Resift flour with soda, salt and cinnamon. Beat eggs until light. Beat in
  sugar. Stir in persimmon pulp and melted butter. Add flour mixture
  alternately with milk and beat until smooth. Fold in raisins and almonds.
  Pour batter into well-greased 9- x 5-inch loaf pan and set in pan of hot
  water. Bake at 325F 1 1/2 to 2 hours or until done. Serve warm with hard
  sauce or cold with whipped cream.
  
  (C) 1992 The Los Angeles Times
  Posted to MC-Recipe Digest V1 #867 by Nancy Berry &lt;nlberry@prodigy.net&gt; on
  Oct 26, 1997
 
</step></directions></recipe></recipeml>
