<?xml version="1.0" encoding="UTF-8"?>

<recipeml version="0.5">
  <recipe>
    <head>
      <title>Almond Macaroons</title>
      <categories>
        <cat>Cookies</cat></categories>
      <yield>36</yield></head>
    <ingredients>
      <ing>
        <amt>
          <qty>1</qty>
          <unit>cup</unit></amt>
        <item>Sugar, confectioners</item></ing>
      <ing>
        <amt>
          <qty>1</qty>
          <unit>cup</unit></amt>
        <item>Almond paste</item></ing>
      <ing>
        <amt>
          <qty>3</qty>
          <unit/></amt>
        <item>Egg whites</item></ing>
      <ing>
        <amt>
          <qty>1/2</qty>
          <unit>teaspoons</unit></amt>
        <item>Salt</item></ing></ingredients>
    <directions>
      <step>  Beat egg whites until stiff.  Mix thoroughly with almond paste and salt.
  Add sugar and beat thoroughly. Drop by teaspoonfuls onto slightly oiled
  baking sheet. Bake in moderate oven (375 F) about 15 minutes. Remove from
  oven.  Set baking sheet on wet towel for a few minutes. Remove macaroons
  with a wide spatula. The almond paste may be made by pounding 2 1/2 cups
  shelled blanched almonds until a paste is formed.
  
                               The Household Searchlight
  
  From Gemini's MASSIVE MealMaster collection at www.synapse.com/~gemini
 
</step></directions></recipe></recipeml>
