<?xml version="1.0" encoding="UTF-8"?>

<recipeml version="0.5">
  <recipe>
    <head>
      <title>Almond Jade Stir-Fry</title>
      <categories>
        <cat>Vegetables</cat></categories>
      <yield>4</yield></head>
    <ingredients>
      <ing>
        <amt>
          <qty>1 1/2</qty>
          <unit>tablespoons</unit></amt>
        <item>Canola oil;, divided</item></ing>
      <ing>
        <amt>
          <qty>2</qty>
          <unit/></amt>
        <item>Cloves garlic;, halved</item></ing>
      <ing>
        <amt>
          <qty>1/2</qty>
          <unit>cups</unit></amt>
        <item>Whole blanched almonds</item></ing>
      <ing>
        <amt>
          <qty>8</qty>
          <unit>cups</unit></amt>
        <item>Assorted vegetables; thinly sliced *</item></ing>
      <ing>
        <amt>
          <qty>2</qty>
          <unit>teaspoons</unit></amt>
        <item>To 3 teaspoons minced fresh garlic</item></ing>
      <ing>
        <amt>
          <qty>1/3</qty>
          <unit>cups</unit></amt>
        <item>Water</item></ing>
      <ing>
        <amt>
          <qty>3</qty>
          <unit>tablespoons</unit></amt>
        <item>Reduced-sodium soy sauce</item></ing>
      <ing>
        <amt>
          <qty>2</qty>
          <unit>teaspoons</unit></amt>
        <item>Cornstarch</item></ing>
      <ing>
        <amt>
          <qty/>
          <unit/></amt>
        <item>Salt and pepper;, to taste</item></ing>
      <ing>
        <amt>
          <qty>1</qty>
          <unit>teaspoon</unit></amt>
        <item>Oriental sesame oil;, optional</item></ing>
      <ing>
        <amt>
          <qty>3</qty>
          <unit>cups</unit></amt>
        <item>Cooked brown rice</item></ing></ingredients>
    <directions>
      <step>  * Vegetables; carrots, broccoli, red &amp; green peppers, zucchini, crook neck
  squash, and grean beans). Heat 1 1/2 teaspoons canola oil and garlic in
  large nonstick skillet over medium heat. Add almonds, cook and toss about 8
  minutes until lightly browned, removing garlic after 4 minutes. Remove
  almonds with slotted spoon; set aside. Add remaining oil to skillet;
  increase heat to high and add vegetables and ginger. Stir-fry about 5
  minutes, tossing often until crisp-tender. Reduce heat to medium. In small
  bowl, combine remaining ingredients except sant, pepper and sesame oil; mix
  thoroughly. Season with salt and pepper. Mix in sesame oil and almonds.
  Portion vegetables on 4 plates, dividing equally, serve with rice. Makes 4
  servings. Typed by Ethel Snyder &lt;essie49@juno.com&gt; Date August 17, 1997
  
  Recipe by: The Pantagraph (Bloomington, Il.) -- August 13, 1997 Posted to
  MC-Recipe Digest V1 #769 by essie49@juno.com (Ethel R Snyder) on Sep 01,
  1997
 
</step></directions></recipe></recipeml>
