<?xml version="1.0" encoding="UTF-8"?>

<recipeml version="0.5">
  <recipe>
    <head>
      <title>Almond Lace (Gale Gand)</title>
      <categories>
        <cat>None</cat></categories>
      <yield>1</yield></head>
    <ingredients>
      <ing>
        <amt>
          <qty>2</qty>
          <unit>cups</unit></amt>
        <item>Sugar</item></ing>
      <ing>
        <amt>
          <qty>1</qty>
          <unit>cup</unit></amt>
        <item>Cold water</item></ing>
      <ing>
        <amt>
          <qty>2</qty>
          <unit>cups</unit></amt>
        <item>Sliced almonds; toasted</item></ing></ingredients>
    <directions>
      <step>  In a heavy saucepan gently combine sugar and water, avoiding getting sugar
  up the walls of the pan. Boil, brushing down sides of the pan if necessary
  until it becomes a light colored caramel. Dip bottom of saucepan into ice
  water to stop the cooking. Let cool slightly until caramel falls off a
  spoon in a slow stream. Spread sliced almonds on a sheet pan. Drizzle
  caramel over sliced almonds in a lacy fashion to form a fat triangle shape.
  Let cool. Lift off sheet pan and store in an airtight container. Yield: At
  least 12 triangles
  Recipe By     : BAKERS' DOZEN (GALE GAND) SHOW #BD1A35
  
  Posted to MC-Recipe Digest V1 #309
  
  Date: Sat, 23 Nov 1996 22:21:17 -0600
  
  From: Jackie Bordelon &lt;jbord@premier.net&gt;
 
</step></directions></recipe></recipeml>
