<?xml version="1.0" encoding="UTF-8"?>

<recipeml version="0.5">
  <recipe>
    <head>
      <title>Almond Poppy Seed Bread</title>
      <categories>
        <cat>Bread</cat></categories>
      <yield>2</yield></head>
    <ingredients>
      <ing-div>
        <title/>
        <ing>
          <amt>
            <qty>3</qty>
            <unit>cups</unit></amt>
          <item>Flour</item></ing>
        <ing>
          <amt>
            <qty>2 3/4</qty>
            <unit>cups</unit></amt>
          <item>Sugar</item></ing>
        <ing>
          <amt>
            <qty>1 1/2</qty>
            <unit>teaspoons</unit></amt>
          <item>Baking powder</item></ing>
        <ing>
          <amt>
            <qty>1 1/2</qty>
            <unit>teaspoons</unit></amt>
          <item>Salt</item></ing>
        <ing>
          <amt>
            <qty>3</qty>
            <unit>teaspoons</unit></amt>
          <item>Each poppy seeds, vanilla, butter and almond flavoring</item></ing>
        <ing>
          <amt>
            <qty>3</qty>
            <unit/></amt>
          <item>Eggs</item></ing>
        <ing>
          <amt>
            <qty>1 1/2</qty>
            <unit>cups</unit></amt>
          <item>Milk</item></ing>
        <ing>
          <amt>
            <qty>1 1/2</qty>
            <unit>cups</unit></amt>
          <item>Oil</item></ing></ing-div>
      <ing-div>
        <title>GLAZE</title>
        <ing>
          <amt>
            <qty>1/2</qty>
            <unit>cups</unit></amt>
          <item>Orange juice</item></ing>
        <ing>
          <amt>
            <qty>3/4</qty>
            <unit>cups</unit></amt>
          <item>Sugar</item></ing>
        <ing>
          <amt>
            <qty>1/2</qty>
            <unit>teaspoons</unit></amt>
          <item>Above flavorings.</item></ing></ing-div></ingredients>
    <directions>
      <step>  Blend together in one bowl and beat 2 minutes with electric beater. Turn
  into 2 greased loaf pan (or 4 mini loaf pans). Bake approximately 60
  minutes at 350 degrees. A toothpick inserted in center and coming out clean
  indicates bread is done. Glaze: If desired, blend in saucepan Bring to a
  boil, simmer for 5 minutes. Brush on loaves while warm.
  
  Posted to MM-Recipes Digest V4 #187 by Julie Bertholf
  &lt;jewel1@ix.netcom.com&gt; on Jul 19, 1997
 
</step></directions></recipe></recipeml>
