<?xml version="1.0" encoding="UTF-8"?>

<recipeml version="0.5">
  <recipe>
    <head>
      <title>Almond Ginger Pear Scones</title>
      <categories>
        <cat>Almonds</cat>
        <cat>Desserts</cat></categories>
      <yield>12</yield></head>
    <ingredients>
      <ing>
        <amt>
          <qty>2</qty>
          <unit>cups</unit></amt>
        <item>All-purpose flour</item></ing>
      <ing>
        <amt>
          <qty>1</qty>
          <unit>cup</unit></amt>
        <item>Sugar</item></ing>
      <ing>
        <amt>
          <qty>1</qty>
          <unit>teaspoon</unit></amt>
        <item>Baking powder</item></ing>
      <ing>
        <amt>
          <qty>1</qty>
          <unit>teaspoon</unit></amt>
        <item>Ground ginger</item></ing>
      <ing>
        <amt>
          <qty>1/2</qty>
          <unit>teaspoons</unit></amt>
        <item>Baking soda</item></ing>
      <ing>
        <amt>
          <qty>1/2</qty>
          <unit>teaspoons</unit></amt>
        <item>Salt</item></ing>
      <ing>
        <amt>
          <qty>1/2</qty>
          <unit>cups</unit></amt>
        <item>Butter; cut into 8-or-10-chunks</item></ing>
      <ing>
        <amt>
          <qty>3/4</qty>
          <unit>cups</unit></amt>
        <item>Diced dried pears</item></ing>
      <ing>
        <amt>
          <qty>1/2</qty>
          <unit>cups</unit></amt>
        <item>Slivered almonds; toasted *, divided</item></ing>
      <ing>
        <amt>
          <qty>1/3</qty>
          <unit>cups</unit></amt>
        <item>Chopped candied ginger</item></ing>
      <ing>
        <amt>
          <qty>2/3</qty>
          <unit>cups</unit></amt>
        <item>Buttermilk</item></ing>
      <ing>
        <amt>
          <qty>1</qty>
          <unit/></amt>
        <item>Egg; beaten; for glaze</item></ing>
      <ing>
        <amt>
          <qty/>
          <unit/></amt>
        <item>Additional sugar; for glaze</item></ing></ingredients>
    <directions>
      <step>  Heat oven to 425 degrees. In large bowl mix flour, sugar, baking powder,
  ground ginger, baking soda and salt. Cut in butter with pastry blender or
  two knives until mixture resembles coarse crumbs. Add the pears, 1/3 cup of
  the almonds and the candied ginger; toss. Mix in buttermilk just to blend.
  Gather into a ball and gently knead 3 or 4 times on lightly floured
  surface. Pat or roll out 3/4-inch thick. Cut out circles with 2 1/2- to
  3-inch round cutter, rerolling scraps as needed. Place on baking sheet,
  spacing apart. Brush tops with egg, sprinkle with remaining almonds,
  dividing equally, and sprinkle with sugar. Bake in center of oven 12 to 15
  minutes until springy to the touch and lightly browned. Remove to rack to
  cool. Serve warm or at room temperature.
  
  Servings: 12 scones
  
  * To toast almonds, spread in an ungreased baking pan. Place in 350 degree
  oven and bake 5 to 10 minutes or until almonds are light brown; stir once
  or twice to assure even browning. Note that almonds will continue to brown
  slightly after removing from oven.
  
  See http://www.almondsarein.com/ &gt;Hanneman/Buster/MasterCook 1998/Ap
  
  Recipe by: Almond Board of California
  
  Posted to MC-Recipe Digest by KitPATh &lt;phannema@wizard.ucr.edu&gt; on Apr 08,
  1998
 
</step></directions></recipe></recipeml>
