<?xml version="1.0" encoding="UTF-8"?>

<recipeml version="0.5">
  <recipe>
    <head>
      <title>Almond Macaroon Brownies</title>
      <categories>
        <cat>Cookies</cat></categories>
      <yield>16</yield></head>
    <ingredients>
      <ing>
        <amt>
          <qty>3</qty>
          <unit>ounces</unit></amt>
        <item>Cream cheese</item></ing>
      <ing>
        <amt>
          <qty>6</qty>
          <unit>tablespoons</unit></amt>
        <item>Butter or margarine</item></ing>
      <ing>
        <amt>
          <qty>3/4</qty>
          <unit>cups</unit></amt>
        <item>Sugar</item></ing>
      <ing>
        <amt>
          <qty>3</qty>
          <unit/></amt>
        <item>Eggs</item></ing>
      <ing>
        <amt>
          <qty>1/2</qty>
          <unit>cups</unit></amt>
        <item>Flour</item></ing>
      <ing>
        <amt>
          <qty>1</qty>
          <unit>tablespoon</unit></amt>
        <item>Flour</item></ing>
      <ing>
        <amt>
          <qty>1 2/3</qty>
          <unit>cups</unit></amt>
        <item>Flaked coconut</item></ing>
      <ing>
        <amt>
          <qty>1</qty>
          <unit>cup</unit></amt>
        <item>Whole blanched almonds</item></ing>
      <ing>
        <amt>
          <qty>6</qty>
          <unit>ounces</unit></amt>
        <item>Semisweet chocolate</item></ing>
      <ing>
        <amt>
          <qty>1/2</qty>
          <unit>teaspoons</unit></amt>
        <item>Vanilla</item></ing>
      <ing>
        <amt>
          <qty>1/2</qty>
          <unit>teaspoons</unit></amt>
        <item>Baking powder</item></ing>
      <ing>
        <amt>
          <qty>1/4</qty>
          <unit>teaspoons</unit></amt>
        <item>Salt</item></ing></ingredients>
    <directions>
      <step>  Beat cream cheese and 2 tablespoons butter until softened. Beat in 1/4 cup
  sugar.  Stir in 1 egg, 1 tablespoon flour and coconut. Reserve 16 whole
  almonds, chop the rest.  Stir in 1/3 cup chopped almonds; set aside. Melt 5
  oz chocolate and remaining butter (4 T) over low heat, until melted. Remove
  from heat. Stir in 1/2 cup sugar and vanilla. Beat in 2 eggs. Stir in 1/2
  cup flour, baking powder and salt. Add remaining chopped almonds. Spread
  cheese batter on top. Garnish with whole almonds. Bake for 40 minutes until
  cake tester comes out clean, don't overbake. Melt remaining square of
  chocolate and drizzle over the brownies. Cool in pan. Cut into squares.
  Recipe can be doubled.
  
  From Gemini's MASSIVE MealMaster collection at www.synapse.com/~gemini
 
</step></directions></recipe></recipeml>
