<?xml version="1.0" encoding="UTF-8"?>

<recipeml version="0.5">
  <recipe>
    <head>
      <title>Almond Poppy Bread (Abm) - Large Loaf</title>
      <categories>
        <cat>Breads</cat>
        <cat>Breadmaker</cat>
        <cat>Abm</cat></categories>
      <yield>1</yield></head>
    <ingredients>
      <ing>
        <amt>
          <qty>3/4</qty>
          <unit>cups</unit></amt>
        <item>Water</item></ing>
      <ing>
        <amt>
          <qty>3</qty>
          <unit>cups</unit></amt>
        <item>White bread flour</item></ing>
      <ing>
        <amt>
          <qty>1 1/2</qty>
          <unit>tablespoons</unit></amt>
        <item>Dry milk</item></ing>
      <ing>
        <amt>
          <qty>1</qty>
          <unit>teaspoon</unit></amt>
        <item>Salt</item></ing>
      <ing>
        <amt>
          <qty>1 1/2</qty>
          <unit>tablespoons</unit></amt>
        <item>Butter</item></ing>
      <ing>
        <amt>
          <qty>3/4</qty>
          <unit>cups</unit></amt>
        <item>Lemon yogurt</item></ing>
      <ing>
        <amt>
          <qty>2</qty>
          <unit>tablespoons</unit></amt>
        <item>Honey</item></ing>
      <ing>
        <amt>
          <qty>1/2</qty>
          <unit>cups</unit></amt>
        <item>Almonds, sliced and toasted</item></ing>
      <ing>
        <amt>
          <qty>1</qty>
          <unit>tablespoon</unit></amt>
        <item>Lemon peel, dried</item></ing>
      <ing>
        <amt>
          <qty>3</qty>
          <unit>tablespoons</unit></amt>
        <item>Poppy seeds</item></ing>
      <ing>
        <amt>
          <qty>2</qty>
          <unit>teaspoons</unit></amt>
        <item>Yeast, fast rise or machine</item></ing>
      <ing>
        <amt>
          <qty>3</qty>
          <unit>teaspoons</unit></amt>
        <item>Yeast, active dry</item></ing></ingredients>
    <directions>
      <step>  Source:  Electric Bread
  
  This soft yellow bread is reminiscent of your favorite poppy seed muffin,
  but versatile enough to take you from breakfast to dessert. Start the day
  enjoying it with a touch of sweet butter on a freshly-toasted slice. Savor
  with tea in the afternoon.  After dinner, celebrate this winning dessert
  bread by topping with slices of cheesy lemon spread. Mmmm!
  Posted to MM-Recipes Digest V4 #294 by serge.cyr@sympatico.ca (Serge Cyr)
  on Nov 12, 1997
 
</step></directions></recipe></recipeml>
