<?xml version="1.0" encoding="UTF-8"?>

<recipeml version="0.5">
  <recipe>
    <head>
      <title>Almond Pinecones</title>
      <categories>
        <cat>Appetizers</cat></categories>
      <yield>1</yield></head>
    <ingredients>
      <ing>
        <amt>
          <qty>1 1/4</qty>
          <unit>cups</unit></amt>
        <item>Whole natural almonds</item></ing>
      <ing>
        <amt>
          <qty>8</qty>
          <unit>ounces</unit></amt>
        <item>Cream cheese</item></ing>
      <ing>
        <amt>
          <qty>1/2</qty>
          <unit>cups</unit></amt>
        <item>Mayonnaise</item></ing>
      <ing>
        <amt>
          <qty>5</qty>
          <unit>slices</unit></amt>
        <item>Bacon; cooked and crumbled</item></ing>
      <ing>
        <amt>
          <qty>1</qty>
          <unit>tablespoon</unit></amt>
        <item>Green onion; chopped</item></ing>
      <ing>
        <amt>
          <qty>1/2</qty>
          <unit>tablespoons</unit></amt>
        <item>Dill weed</item></ing>
      <ing>
        <amt>
          <qty>1/8</qty>
          <unit>tablespoons</unit></amt>
        <item>Pepper</item></ing></ingredients>
    <directions>
      <step>  Spread almonds in a single layer in shallow pan. Bake at 300F, 15 minutes,
  stirring often, until almonds just begin to turn color. Combine cream
  cheese (let soften first) and mayonnaise; mix well. Add bacon, onion, dill
  and pepper; mix well. Cover and chill overnight. To serve, Form cheese
  mixture into shapes of 2 pinecones on serving platter. Beginning at narrow
  end, press almonds at slight angle into cheese mixture in rows. Continue
  overlapping rows until all cheese is covered. Garnish with artificial pine
  sprigs. Serve with crackers. Makes 1 1/2 cups.
  Posted to recipelu-digest by "Diane Geary" &lt;diane@keyway.net&gt; on Mar 8,
  1998
 
</step></directions></recipe></recipeml>
