<?xml version="1.0" encoding="UTF-8"?>

<recipeml version="0.5">
  <recipe>
    <head>
      <title>Almond Macaroons</title>
      <categories>
        <cat>None</cat></categories>
      <yield>1</yield></head>
    <ingredients>
      <ing>
        <amt>
          <qty>1</qty>
          <unit>can</unit></amt>
        <item>(8 oz) almond paste</item></ing>
      <ing>
        <amt>
          <qty>2</qty>
          <unit/></amt>
        <item>Egg whites</item></ing>
      <ing>
        <amt>
          <qty>1</qty>
          <unit>dash</unit></amt>
        <item>Salt</item></ing>
      <ing>
        <amt>
          <qty>1</qty>
          <unit>teaspoon</unit></amt>
        <item>Vanilla</item></ing>
      <ing>
        <amt>
          <qty>1</qty>
          <unit>cup</unit></amt>
        <item>Confectioner's sugar</item></ing>
      <ing>
        <amt>
          <qty/>
          <unit/></amt>
        <item>Sliced almonds</item></ing></ingredients>
    <directions>
      <step>  Grease and flour cookie sheet. Tap off excess flour.
  
  Break up paste into blender. Add egg whites, salt and vanilla and beat at
  low speed until smooth. Slowly add sugar and continue to blend until dough
  forms.
  
  Place rounded spoonful onto greased cookie sheet and bake at 325 for 20
  minutes.
  
  Yield: 36
  Posted to JEWISH-FOOD digest V97 #229 by lisamontag@juno.com (Lisa Montag)
  on Aug 11, 1997
 
</step></directions></recipe></recipeml>
