<?xml version="1.0" encoding="UTF-8"?>

<recipeml version="0.5">
  <recipe>
    <head>
      <title>Almond Legend Cake</title>
      <categories>
        <cat>Cakes &amp;</cat>
        <cat>Frostings</cat></categories>
      <yield>1</yield></head>
    <ingredients>
      <ing>
        <amt>
          <qty>2</qty>
          <unit>ounces</unit></amt>
        <item>Slivered almonds; chopped</item></ing>
      <ing>
        <amt>
          <qty>1/3</qty>
          <unit>cups</unit></amt>
        <item>Butter or margarine; softened</item></ing>
      <ing>
        <amt>
          <qty>1/3</qty>
          <unit>cups</unit></amt>
        <item>Shortening</item></ing>
      <ing>
        <amt>
          <qty>1 1/4</qty>
          <unit>cups</unit></amt>
        <item>Sugar</item></ing>
      <ing>
        <amt>
          <qty>3</qty>
          <unit/></amt>
        <item>Eggs; separated</item></ing>
      <ing>
        <amt>
          <qty>1</qty>
          <unit>teaspoon</unit></amt>
        <item>Grated lemon rind</item></ing>
      <ing>
        <amt>
          <qty>2</qty>
          <unit>tablespoons</unit></amt>
        <item>Lemon juice</item></ing>
      <ing>
        <amt>
          <qty>1</qty>
          <unit>teaspoon</unit></amt>
        <item>Vanilla extract</item></ing>
      <ing>
        <amt>
          <qty>1</qty>
          <unit>teaspoon</unit></amt>
        <item>Almond extract</item></ing>
      <ing>
        <amt>
          <qty>2 1/3</qty>
          <unit>cups</unit></amt>
        <item>Sifted all-purpose flour</item></ing>
      <ing>
        <amt>
          <qty>2</qty>
          <unit>teaspoons</unit></amt>
        <item>Baking powder</item></ing>
      <ing>
        <amt>
          <qty>1/4</qty>
          <unit>teaspoons</unit></amt>
        <item>Baking soda</item></ing>
      <ing>
        <amt>
          <qty>3/4</qty>
          <unit>teaspoons</unit></amt>
        <item>Salt</item></ing>
      <ing>
        <amt>
          <qty>3/4</qty>
          <unit>cups</unit></amt>
        <item>Milk</item></ing>
      <ing>
        <amt>
          <qty>1/2</qty>
          <unit>teaspoons</unit></amt>
        <item>Cream of tartar</item></ing>
      <ing>
        <amt>
          <qty>1/4</qty>
          <unit>cups</unit></amt>
        <item>Sugar</item></ing>
      <ing>
        <amt>
          <qty>1</qty>
          <unit/></amt>
        <item>Whole almond</item></ing>
      <ing>
        <amt>
          <qty/>
          <unit/></amt>
        <item>Apricot glaze; see recipe</item></ing></ingredients>
    <directions>
      <step>  Sprinkle chopped almonds into a well-greased 10-inch Bundt pan; set aside.
  Cream butter and shortening; gradually add 1 1/4 cups sugar, beating well
  at medium speed of an electric mixer. Add egg yolks, and beat well. Add
  lemon rind, juice, and flavorings; beat well.
  
  Combine flour, baking powder, soda, and salt. Add to creamed mixture
  alternately with milk, beginning and ending with flour mixture. Mix after
  each addition; set batter aside.
  
  Beat egg whites (at room temperature) and cream of tartar until foamy.
  Gradually add 1/4 cup sugar, beating until stiff peaks form; fold egg white
  mixture into batter.
  
  Pour batter into prepared pan. Press whole almond just below surface of
  batter. Bake at 350°F for 50 to 55 minutes or until a wooden pick inserted
  in center comes out clean. Cool in pan 10 minutes; remove from pan, and let
  cool completely on a wire rack. Drizzle Apricot Glaze over cake.
  
  Yield: one l0-inch cake.
  
  Note: Cake texture and taste is very similar to a batter bread.
  
  Busted by Gail Shermeyer &lt;4paws@netrax.net&gt;
  
  Notes: Make Almond Legend Cake every New Year's Eve for a fun tradition at
  your house. Somewhere hidden in the baked cake will be a single whole
  almond. Whoever gets the almond in their slice of cake, according to
  legend, will enjoy good fortune during the year.
  
  Recipe by: The Southern Living Cookbook, 1987, 8487-0709-5
  
  Posted to Bakery-Shoppe Digest by Gail Shermeyer &lt;4paws@netrax.net&gt; on Apr
  13, 1998
 
</step></directions></recipe></recipeml>
