<?xml version="1.0" encoding="UTF-8"?>

<recipeml version="0.5">
  <recipe>
    <head>
      <title>Apricot Ginger Carrots</title>
      <categories>
        <cat>Vegetables</cat></categories>
      <yield>8</yield></head>
    <ingredients>
      <ing>
        <amt>
          <qty>2</qty>
          <unit>pounds</unit></amt>
        <item>Baby carrots; prepeeled</item></ing>
      <ing>
        <amt>
          <qty>2</qty>
          <unit>tablespoons</unit></amt>
        <item>Butter</item></ing>
      <ing>
        <amt>
          <qty>2</qty>
          <unit/></amt>
        <item>Green onions</item></ing>
      <ing>
        <amt>
          <qty>1</qty>
          <unit>large</unit></amt>
        <item>Garlic clove; minced</item></ing>
      <ing>
        <amt>
          <qty>1</qty>
          <unit>tablespoon</unit></amt>
        <item>Fresh ginger; minced</item></ing>
      <ing>
        <amt>
          <qty>1/3</qty>
          <unit>cups</unit></amt>
        <item>Apricot jam</item></ing>
      <ing>
        <amt>
          <qty>3</qty>
          <unit>tablespoons</unit></amt>
        <item>Packed brown sugar</item></ing>
      <ing>
        <amt>
          <qty>1</qty>
          <unit>tablespoon</unit></amt>
        <item>Balsamic vinegar</item></ing>
      <ing>
        <amt>
          <qty>1/4</qty>
          <unit>teaspoons</unit></amt>
        <item>Salt</item></ing>
      <ing>
        <amt>
          <qty>1</qty>
          <unit>pinch</unit></amt>
        <item>Cayenne pepper</item></ing></ingredients>
    <directions>
      <step>  Place steamer basket in deep 12" skillet with 1" water. Heat to boiling
  over high heat. Add carrots and reduce heat to medium. Cover and cook 10-12
  minuted, just until tender. Remove carrots and rinse with cold water to
  stop cooking. Drain well. Store in zip-loc bag in refrigerator until ready
  to serve.
  
  In same skillet, melt butter over medium heat. Add green onions, garlic,
  and ginger and cook until soft, about 3 minutes, stirring often. Add
  apricot jam, brown sugar, vinegar, salt, and ground red pepper, and cook
  3-4 minutes longer, stirring often. Let glaze cool slightly. Pour into
  small container; cover and refrigerate until ready to serve.
  
  To complete, in 12" skillet, cook glaze and carrots 5 minutes over medium
  high heat. Increase heat to high and cook 3 minutes, stirring occasionally,
  until carrots are well coated and heated through.
  
  Recipe by: Good Housekeeping, 12/97
  
  Posted to TNT - Prodigy's Recipe Exchange Newsletter  by #ebburtis
  &lt;ebburtis@ix.netcom.com&gt; on Dec 29, 97
 
</step></directions></recipe></recipeml>
