<?xml version="1.0" encoding="UTF-8"?>

<recipeml version="0.5">
  <recipe>
    <head>
      <title>Apricot Mustard Glazed Leg of Lamb</title>
      <categories>
        <cat>Lamb</cat>
        <cat>Fruits</cat>
        <cat>Canadian</cat></categories>
      <yield>6</yield></head>
    <ingredients>
      <ing>
        <amt>
          <qty>1/4</qty>
          <unit>cups</unit></amt>
        <item>Apricot jam</item></ing>
      <ing>
        <amt>
          <qty>2</qty>
          <unit>tablespoons</unit></amt>
        <item>Honey mustard</item></ing>
      <ing>
        <amt>
          <qty>2</qty>
          <unit/></amt>
        <item>Garlic cloves; chopped</item></ing>
      <ing>
        <amt>
          <qty>2</qty>
          <unit>tablespoons</unit></amt>
        <item>Soy sauce</item></ing>
      <ing>
        <amt>
          <qty>2</qty>
          <unit>tablespoons</unit></amt>
        <item>Olive oil</item></ing>
      <ing>
        <amt>
          <qty>1</qty>
          <unit>teaspoon</unit></amt>
        <item>Dried rosemary</item></ing>
      <ing>
        <amt>
          <qty>3</qty>
          <unit>pounds</unit></amt>
        <item>Lamb leg; butterflied</item></ing>
      <ing>
        <amt>
          <qty>1/2</qty>
          <unit>cups</unit></amt>
        <item>Red wine</item></ing>
      <ing>
        <amt>
          <qty>1</qty>
          <unit>cup</unit></amt>
        <item>Beef stock; canned/homemade</item></ing>
      <ing>
        <amt>
          <qty/>
          <unit/></amt>
        <item>Salt</item></ing>
      <ing>
        <amt>
          <qty/>
          <unit/></amt>
        <item>Ground pepper; to taste</item></ing></ingredients>
    <directions>
      <step>  The crisp coating keeps the lamb succulent and juicy. Bake 10 minutes
  longer for medium-done. If you use frozen lamb, defrost in the refrigerator
  overnight. 1. Combine jam, mustard, garlic, soy sauce, olive oil and
  rosemary. Reserve 2 tb of marinade for sauce. Brush remainder all over
  lamb. Season well with salt and pepper. 2. Marinate for 30 minutes. 3.
  Broil lamb for 3 minutes per side. Then bake lamb at 425F(220C) fat side up
  for 20 minutes or until just pink. Remove from oven and let rest on a
  serving dish for 10 minutes. Pour off any fat in pan. 4. Add red wine to
  pan and reduce to 1 tb. Add beef broth, reserved marinade and any extra
  lamb juices from the serving dish. Bring to boil and hoil for 2 minutes. 5.
  Slice lamb in thin slices against the grain. Serve with some sauce poured
  over. Serve with a Merlot wine from Ontario Canada, California USA, or St
  Emilion. A chianti is another fine match.
  
  From Gemini's MASSIVE MealMaster collection at www.synapse.com/~gemini
 
</step></directions></recipe></recipeml>
