<?xml version="1.0" encoding="UTF-8"?>

<recipeml version="0.5">
  <recipe>
    <head>
      <title>Apricot/habanero Glaze</title>
      <categories>
        <cat>Sauces</cat>
        <cat>And</cat>
        <cat>Rubs</cat></categories>
      <yield>1</yield></head>
    <ingredients>
      <ing>
        <amt>
          <qty>1</qty>
          <unit>small</unit></amt>
        <item>Habanero peppers; dried</item></ing>
      <ing>
        <amt>
          <qty>1/2</qty>
          <unit>teaspoons</unit></amt>
        <item>Salt</item></ing>
      <ing>
        <amt>
          <qty>1</qty>
          <unit>tablespoon</unit></amt>
        <item>Butter; (optional)</item></ing>
      <ing>
        <amt>
          <qty>1 1/2</qty>
          <unit>tablespoons</unit></amt>
        <item>Dark brown sugar</item></ing>
      <ing>
        <amt>
          <qty>12</qty>
          <unit/></amt>
        <item>Whole golden raisins; chopped</item></ing>
      <ing>
        <amt>
          <qty>3</qty>
          <unit>tablespoons</unit></amt>
        <item>Apricot preserves</item></ing>
      <ing>
        <amt>
          <qty>1</qty>
          <unit>teaspoon</unit></amt>
        <item>White wine vinegar</item></ing></ingredients>
    <directions>
      <step>  In a good-sized skillet heat about a half-cup water over medium heat until
  it begins steaming. Carefully cut small slices from the dried habanero and
  chop those finely to accumulate about 1/2 tsp. or so of flakes, adjusting
  to your taste and heat tolerance. (You might want to wear rubber gloves
  when touching the pepper; at least be careful and don't touch your eyes
  until your hands have been thoroughly washed.) Add the pepper flakes with
  the salt and butter to the water and allow the flakes to soften and the
  butter to melt. Add the brown sugar (stir to dissolve) and raisins. When
  the water is simmering, add the apricot preserves. Cut up any large pieces
  of apricot in the pan, and make sure all the gelatinous matter is
  dissolved. Add the vinegar a little at a time, being careful not to make
  the mixture at all sour; the vinegar should just brighten up the taste.
  Allow the glaze to simmer. As it thickens, water can be added a bit at a
  time to keep the glaze from scorching; it should be allowed to darken a
  bit. Coat grilled chops or meat slices with the glaze by simmering the
  meats with the glaze for a couple minutes on each side. Spread a teaspoon
  or so on each serving plate and arrange meats on top. Little mint sprigs
  and curls of orange peel could be used to give a truly goofy appearance, if
  you like that kinda thing.
  
  Recipe by: m5@tivoli.com Posted to bbq-digest V5 #470 by "david klose"
  &lt;bbqpits@msn.com&gt; on Aug 17, 97
 
</step></directions></recipe></recipeml>
