<?xml version="1.0" encoding="UTF-8"?>

<recipeml version="0.5">
  <recipe>
    <head>
      <title>Apricot Kugen</title>
      <categories>
        <cat>Fruit</cat>
        <cat>Desserts</cat></categories>
      <yield>10</yield></head>
    <ingredients>
      <ing>
        <amt>
          <qty>1/2</qty>
          <unit>cups</unit></amt>
        <item>Butter or margarine</item></ing>
      <ing>
        <amt>
          <qty>2</qty>
          <unit>cups</unit></amt>
        <item>Sugar</item></ing>
      <ing>
        <amt>
          <qty>8</qty>
          <unit>large</unit></amt>
        <item>Eggs</item></ing>
      <ing>
        <amt>
          <qty>1 1/2</qty>
          <unit>cups</unit></amt>
        <item>Flour</item></ing>
      <ing>
        <amt>
          <qty>9</qty>
          <unit>cups</unit></amt>
        <item>Halved apricots; pitted</item></ing>
      <ing>
        <amt>
          <qty>1</qty>
          <unit>teaspoon</unit></amt>
        <item>Ground cinnamon</item></ing>
      <ing>
        <amt>
          <qty>2</qty>
          <unit>tablespoons</unit></amt>
        <item>Lemon juice</item></ing>
      <ing>
        <amt>
          <qty>1/4</qty>
          <unit>cups</unit></amt>
        <item>Cornstarch</item></ing>
      <ing>
        <amt>
          <qty>1 1/4</qty>
          <unit>cups</unit></amt>
        <item>Sour cream</item></ing>
      <ing>
        <amt>
          <qty>1</qty>
          <unit>teaspoon</unit></amt>
        <item>Vanilla</item></ing></ingredients>
    <directions>
      <step>  With a mixer, beat butter and 1/2 cup sugar until fluffy. Add 4 eggs, one
  at a time, beating well after each addition. Stir in flour.
  
  Spread batter evenly in a 9 by 13 inch pan.
  
  Mix apricots with 1/2 cup sugar, cinnamon, and lemon juice. Arrange fruit,
  cut side up, in batter.
  
  In a bowl, mix remaining sugar with cornstarch, add sour cream, remaining
  eggs, and vanilla; beat until blended. Pour over apricots.
  
  Bake in a 350 degree oven until cake surrounding apricots in the center is
  firm when gently pressed, about 1 hour and 20 minutes. Let cool at least 30
  minutes; serve warm or cool. NOTES
  : I have used my frozen apricots and it works well.
  Recipe by: Sunset Magazine, June, 1997
  
  Posted to recipelu-digest by "Susan Mori" &lt;bonaparte@email.msn.com&gt; on Mar
  17, 1998
 
</step></directions></recipe></recipeml>
