<?xml version="1.0" encoding="UTF-8"?>

<recipeml version="0.5">
  <recipe>
    <head>
      <title>Apricot Fizz</title>
      <categories>
        <cat>Diabetic</cat>
        <cat>Beverages</cat></categories>
      <yield>6</yield></head>
    <ingredients>
      <ing>
        <amt>
          <qty/>
          <unit/></amt>
        <item>Ingredients</item></ing>
      <ing>
        <amt>
          <qty>3</qty>
          <unit>cups</unit></amt>
        <item>Apricot juice; -unsweetened</item></ing>
      <ing>
        <amt>
          <qty>3</qty>
          <unit>cups</unit></amt>
        <item>Diet gingerale;</item></ing>
      <ing>
        <amt>
          <qty>1</qty>
          <unit>tablespoon</unit></amt>
        <item>Lemon juice</item></ing></ingredients>
    <directions>
      <step>  Chill apricot juice and ginger ale throughly. To serve, combine
  apricot juice, ginger ale, and lemon juice; stir well, and pour into
  individual glasses.
  
  From: All New Cookbook For Diabetics And Their Families Each serving
  amount: 1 cup
  
  Exchanges: 1 Fruit; Chol: 0 mg; Calories: 62; Carbo: 15 gm Protein: 1
  gm; Fat: Tr; Fiber: 0 gm; Sodium: 16 mg
  
  Reformated 4 you and yours via Nancy O'brion and Meal-Master.
  (From Jungle.Boy via GEnie)
  
  File ftp://ftp.idiscover.co.uk/pub/food/mealmaster/recipes/diabetic.zip
 
</step></directions></recipe></recipeml>
