<?xml version="1.0" encoding="UTF-8"?>

<recipeml version="0.5">
  <recipe>
    <head>
      <title>Apricot Gratins with Almond and Kirsch</title>
      <categories>
        <cat>Desserts</cat>
        <cat>Emeril</cat>
        <cat>Ethnic</cat>
        <cat>Am/la</cat></categories>
      <yield>6</yield></head>
    <ingredients>
      <ing-div>
        <title/>
        <ing>
          <amt>
            <qty>1</qty>
            <unit>cup</unit></amt>
          <item>Sugar</item></ing>
        <ing>
          <amt>
            <qty>1/2</qty>
            <unit>cups</unit></amt>
          <item>Honey</item></ing>
        <ing>
          <amt>
            <qty>1</qty>
            <unit/></amt>
          <item>Vanilla bean</item></ing>
        <ing>
          <amt>
            <qty>2 1/2</qty>
            <unit>cups</unit></amt>
          <item>Water</item></ing>
        <ing>
          <amt>
            <qty>2 1/2</qty>
            <unit>cups</unit></amt>
          <item>Fresh apricots</item></ing></ing-div>
      <ing-div>
        <title>TOPPING</title>
        <ing>
          <amt>
            <qty>3/4</qty>
            <unit>cups</unit></amt>
          <item>Powdered sugar</item></ing>
        <ing>
          <amt>
            <qty>1 1/4</qty>
            <unit>cups</unit></amt>
          <item>Almond flour</item></ing>
        <ing>
          <amt>
            <qty>10</qty>
            <unit>tablespoons</unit></amt>
          <item>Butter; softened</item></ing>
        <ing>
          <amt>
            <qty>2</qty>
            <unit/></amt>
          <item>Egg yolks</item></ing>
        <ing>
          <amt>
            <qty>1</qty>
            <unit/></amt>
          <item>Whole egg</item></ing>
        <ing>
          <amt>
            <qty>1/4</qty>
            <unit>cups</unit></amt>
          <item>Slivered almonds</item></ing>
        <ing>
          <amt>
            <qty>3</qty>
            <unit>tablespoons</unit></amt>
          <item>Kirsch</item></ing></ing-div>
      <ing-div>
        <title>GARNISH</title>
        <ing>
          <amt>
            <qty/>
            <unit/></amt>
          <item>Fresh mint</item></ing>
        <ing>
          <amt>
            <qty/>
            <unit/></amt>
          <item>Powdered sugar in shaker</item></ing></ing-div></ingredients>
    <directions>
      <step>  Prehaet the oven to 425 degrees.  In a sauce pan, combine the sugar, honey,
  vanilla bean and water. Bring the liquid to a boil. Add the apricots and
  bring back to a boil.  Remove from heat.  Invert a saucer on top of the
  fruit to keep it submerged.
    Cover the saucepan and let stand for 24 hours. During the marinating, the
  pits will impart an almond flavor to the apricots and their syrup. Drain
  the fruit, reserving the syrup and being careful not to crsuh the apricots.
  Halve the apricots. Remove and discard the pits. Place 4-5 apricot halves
  in the bottom of each gratin dish , so they cover the bottom of the dish,
  PLace the remaining apricots in a food processor with apricot syrup and
  puree until smooth. For the topping: Combine 1/2 cup of the powdered sugar,
  the almond powder, butter, egg yolks, and the whole egg in a mixinf bowl
  and beat with a whisk until smooth. Divide the batter among the 6 gratin
  dishes and spread evenly over the apricots. Sprinkle the top with the
  slivered almonds and remaining powdered sugar. Place the gratins in the
  oven and bake for 15-20 minutes. Bring the puree witht he Kirsch up to a
  simmer. Remove gratins from the oven and place one on each plate. Garnish
  with puree, powdered sugar and fresh mint.
  
  Source: Essence of Emeril, #2327, TVFN formatted by Lisa Crawford, 4/28/96
  
  From Gemini's MASSIVE MealMaster collection at www.synapse.com/~gemini
 
</step></directions></recipe></recipeml>
