<?xml version="1.0" encoding="UTF-8"?>

<recipeml version="0.5">
  <recipe>
    <head>
      <title>Apricot Divinity</title>
      <categories>
        <cat>None</cat></categories>
      <yield>1</yield></head>
    <ingredients>
      <ing-div>
        <title>NORMA WRENN</title>
        <ing>
          <amt>
            <qty>3</qty>
            <unit>cups</unit></amt>
          <item>Sugar</item></ing>
        <ing>
          <amt>
            <qty>1/2</qty>
            <unit>cups</unit></amt>
          <item>Light corn syrup</item></ing>
        <ing>
          <amt>
            <qty>1/2</qty>
            <unit>cups</unit></amt>
          <item>Water</item></ing>
        <ing>
          <amt>
            <qty>2</qty>
            <unit/></amt>
          <item>Egg whites</item></ing>
        <ing>
          <amt>
            <qty>3</qty>
            <unit>ounces</unit></amt>
          <item>Pkg apricot gelatin</item></ing>
        <ing>
          <amt>
            <qty/>
            <unit/></amt>
          <item>Pecan halves; shelled</item></ing></ing-div></ingredients>
    <directions>
      <step>  Mix sugar, syrup and water. Bring to a oil and cook to hard ball stage.
  Beat egg whites until stiff, then add gelatin and beat well. Pour in syrup
  slowly, beating constantly with a hand-held electric mixer. Beat until
  mixture holds its shape; you may have to do this by hand as it gets
  stiffer. Drop mixture by spoonfuls onto wax paper. Top each candy with a
  pecan half.
  
  Source: Gertrude Filipovitch, Abilene Reporter-News, Recipe won first place
  at 1995 West Texas Fair
  Posted to MC-Recipe Digest by Brenda H. Alcorn Date: Friday, February 13,
  1998 9:07 PM on Feb 13, 1998
 
</step></directions></recipe></recipeml>
