<?xml version="1.0" encoding="UTF-8"?>

<recipeml version="0.5">
  <recipe>
    <head>
      <title>Apricot Kolachky Filling</title>
      <categories>
        <cat>Breads</cat></categories>
      <yield>106</yield></head>
    <ingredients>
      <ing>
        <amt>
          <qty>8</qty>
          <unit>ounces</unit></amt>
        <item>Dried appricots</item></ing>
      <ing>
        <amt>
          <qty>1 1/2</qty>
          <unit>cups</unit></amt>
        <item>Water</item></ing>
      <ing>
        <amt>
          <qty>1/2</qty>
          <unit>cups</unit></amt>
        <item>Sugar</item></ing>
      <ing>
        <amt>
          <qty>1</qty>
          <unit>tablespoon</unit></amt>
        <item>Cornstarch</item></ing></ingredients>
    <directions>
      <step>  Contributed to the echo by: Leti Labell Originally from: "The Best of
  Boris" by the St. Mark Women's Guild of Bethesda, Md. Apricot Kolachky
  Filling #1 Wash apricots. Combine apricots and water; cook until soft,
  about 1/2 hour, stirring constantly to keep from scorching. Stir in sugar
  and cornstarch and cook for one minute. Cool. use a teaspoonful of filling
  for each square. Makes 8 dozen.
  
  From Gemini's MASSIVE MealMaster collection at www.synapse.com/~gemini
 
</step></directions></recipe></recipeml>
