<?xml version="1.0" encoding="UTF-8"?>

<recipeml version="0.5">
  <recipe>
    <head>
      <title>Apricot Mist Punch</title>
      <categories>
        <cat>Beverages</cat></categories>
      <yield>1</yield></head>
    <ingredients>
      <ing>
        <amt>
          <qty>1</qty>
          <unit>can</unit></amt>
        <item>46oz Apricot Nector</item></ing>
      <ing>
        <amt>
          <qty>1</qty>
          <unit>can</unit></amt>
        <item>Pineapple juice</item></ing>
      <ing>
        <amt>
          <qty>3</qty>
          <unit/></amt>
        <item>6oz.cans frozen limeade concentrate</item></ing>
      <ing>
        <amt>
          <qty>3</qty>
          <unit/></amt>
        <item>Bottles ginger ale, 28oz each</item></ing></ingredients>
    <directions>
      <step>  Combine Apricot nector, pineapple juice, and concentrate in punch bowl.
  Stir in ginger ale.  Add ice ring with lime slices etc. NOTES
  : For adults add Rum
  
  From Gemini's MASSIVE MealMaster collection at www.synapse.com/~gemini
 
</step></directions></recipe></recipeml>
