<?xml version="1.0" encoding="UTF-8"?>

<recipeml version="0.5">
  <recipe>
    <head>
      <title>Apricot Mustard Glazed Chicken Breasts</title>
      <categories>
        <cat>Chicken</cat></categories>
      <yield>4</yield></head>
    <ingredients>
      <ing>
        <amt>
          <qty>1/3</qty>
          <unit>cups</unit></amt>
        <item>Honey mustard or dijon mustard</item></ing>
      <ing>
        <amt>
          <qty>3</qty>
          <unit>tablespoons</unit></amt>
        <item>Apricot preserves</item></ing>
      <ing>
        <amt>
          <qty>1</qty>
          <unit>teaspoon</unit></amt>
        <item>Ground ginger</item></ing>
      <ing>
        <amt>
          <qty>4</qty>
          <unit/></amt>
        <item>Boneless skinless chicken breast halves; about 1 pound</item></ing></ingredients>
    <directions>
      <step>  Blend mustard, apricot preserves and ginger. Brush some mustard mixture on
  chicken. Grill or broil chicken, brushing with remaining mustard mixture
  frequently until done.
  
  Recipe by: Gey Poupon ad.
  
  Posted to MC-Recipe Digest V1 #1050 by Roberta Banghart
  &lt;bobbi744@sojourn.com&gt; on Jan 25, 1998
 
</step></directions></recipe></recipeml>
