<?xml version="1.0" encoding="UTF-8"?>

<recipeml version="0.5">
  <recipe>
    <head>
      <title>Apricot Kolachy</title>
      <categories>
        <cat>Breads</cat>
        <cat>Desserts</cat>
        <cat>Low-cal</cat></categories>
      <yield>24</yield></head>
    <ingredients>
      <ing>
        <amt>
          <qty>1</qty>
          <unit>tablespoon</unit></amt>
        <item>Active dry yeast</item></ing>
      <ing>
        <amt>
          <qty>1/4</qty>
          <unit>cups</unit></amt>
        <item>Lukewarm water</item></ing>
      <ing>
        <amt>
          <qty>1/4</qty>
          <unit>cups</unit></amt>
        <item>+ 2 T sugar</item></ing>
      <ing>
        <amt>
          <qty>1/4</qty>
          <unit>cups</unit></amt>
        <item>Margarine</item></ing>
      <ing>
        <amt>
          <qty>2</qty>
          <unit/></amt>
        <item>Eggs</item></ing>
      <ing>
        <amt>
          <qty>1/2</qty>
          <unit>teaspoons</unit></amt>
        <item>Lemon extract</item></ing>
      <ing>
        <amt>
          <qty>1/2</qty>
          <unit>teaspoons</unit></amt>
        <item>Salt</item></ing>
      <ing>
        <amt>
          <qty>1</qty>
          <unit>cup</unit></amt>
        <item>Water</item></ing>
      <ing>
        <amt>
          <qty>3 1/2</qty>
          <unit>cups</unit></amt>
        <item>To 4 C Flour</item></ing>
      <ing>
        <amt>
          <qty>24</qty>
          <unit/></amt>
        <item>Dried apricots or prunes</item></ing>
      <ing>
        <amt>
          <qty>1/2</qty>
          <unit>teaspoons</unit></amt>
        <item>Cinnamon</item></ing></ingredients>
    <directions>
      <step>  Dissolve the yeast in the 1/4 cup of warm water. Add the 1/4 cup of sugar
  and margarine. When the margarine is soft, add the salt,eggs, lemon
  extract, 1/2 cup of water, and 3 cups of the flour. Beat until thoroughly
  blended. Place on a floured surface and knead in extra flour to make a
  soft, smooth dough. Transfer to a lightly oiled bowl, cover with a damp
  cloth, let rise until doubled in bulk. (about 1 hour) Meanwhile, cook the
  apricots in the remaining 1/2 cup of water for 15 to 20 minutes, or until
  softened. Puree. Add the cinnamon and the remaining 2 Tablespoons of sugar
  and mix well. Cool until needed. Punch the dough down and let rest for 5
  minutes. Roll out on a floured,surface to approximately 1/2 inch thick and
  cut into 2-inch circles. Place a spoonful of the apricot (or prune) purr in
  the center. Place on an oiled baking sheet. Let rise for 15 minutes. Bake
  in a 400 F oven for 10 to 15 minutes, or until browned. From The ADA
  Holiday Cookbook by Dr. Betty Wedman. 1 serving = 1 bread, 1/2 fat and 1/2
  fruit exchange. = 114 Cal, 20 CHO, 3 PRO, 3 FAT, 79 Na, 81 K, 23 Chol
  
  From Gemini's MASSIVE MealMaster collection at www.synapse.com/~gemini
 
</step></directions></recipe></recipeml>
