<?xml version="1.0" encoding="UTF-8"?>

<recipeml version="0.5">
  <recipe>
    <head>
      <title>Apricot Nectar Cake</title>
      <categories>
        <cat>Cakes</cat>
        <cat>To post</cat></categories>
      <yield>1</yield></head>
    <ingredients>
      <ing>
        <amt>
          <qty>1</qty>
          <unit/></amt>
        <item>Box Yellow Cake Mix</item></ing>
      <ing>
        <amt>
          <qty>4</qty>
          <unit/></amt>
        <item>Eggs</item></ing>
      <ing>
        <amt>
          <qty>3/4</qty>
          <unit>cups</unit></amt>
        <item>Apricot Nectar</item></ing>
      <ing>
        <amt>
          <qty>2</qty>
          <unit>teaspoons</unit></amt>
        <item>Orange Or Lemon Flavoring</item></ing></ingredients>
    <directions>
      <step>  Mix all together. Beat 4 minutes at medium speed Bane in ungreased tube pan
       40    minutes at 350 degrees.
  
  TOPPING FOR APRICOT NECTAR CAKE:
  
  1/3 cup orange juice, 1 1/2 cups powdered sugar.
  
  Mix and pour over hot cake. Leave cake in pan till cool.
  
  Source: Recipes Out of This World Women of St. Agnes Catholic Church
  Charleston, WV 1969
  
  billspa@icanect.net
  
  Recipe by: Emily Lamb
  
  Posted to MC-Recipe Digest by Bill Spalding &lt;billspa@icanect.net&gt; on Mar
  07, 1998
 
</step></directions></recipe></recipeml>
