<?xml version="1.0" encoding="UTF-8"?>

<recipeml version="0.5">
  <recipe>
    <head>
      <title>Apricot Habanero Jelly</title>
      <categories>
        <cat>Habanero</cat>
        <cat>Jelly</cat></categories>
      <yield>1</yield></head>
    <ingredients>
      <ing>
        <amt>
          <qty>1</qty>
          <unit>pound</unit></amt>
        <item>Habenero peppers</item></ing>
      <ing>
        <amt>
          <qty>1</qty>
          <unit>cup</unit></amt>
        <item>Cider vinegar</item></ing>
      <ing>
        <amt>
          <qty>1/2</qty>
          <unit>cups</unit></amt>
        <item>Apricot nectar</item></ing>
      <ing>
        <amt>
          <qty>6</qty>
          <unit>cups</unit></amt>
        <item>Sugar</item></ing>
      <ing>
        <amt>
          <qty>1</qty>
          <unit>package</unit></amt>
        <item>Certo</item></ing>
      <ing>
        <amt>
          <qty>6</qty>
          <unit>drops</unit></amt>
        <item>Orange food coloring</item></ing></ingredients>
    <directions>
      <step>  Directions cut off stem ends of peppers blend together with 1/2 of the
  vinegar and aprocot nector. bring the vinegar and sugar to a boil, add the
  pepper and coloring and bring to a boil for two minutes. Add the certo and
  bring to a boil again. Skim , pour into jars and seal. makes about 24 oz of
  jelly.
  
  Posted to CHILE-HEADS DIGEST V3 #011 by shade &lt;liveoak@polaris.net&gt; on Jul
  11, 1997
 
</step></directions></recipe></recipeml>
