<?xml version="1.0" encoding="UTF-8"?>

<recipeml version="0.5">
  <recipe>
    <head>
      <title>Apricot Macaroon Cheesecake Pie</title>
      <categories>
        <cat>Pie</cat></categories>
      <yield>8</yield></head>
    <ingredients>
      <ing-div>
        <title/>
        <ing>
          <amt>
            <qty>1</qty>
            <unit>package</unit></amt>
          <item>(15-oz) refrigerated pie</item></ing></ing-div>
      <ing-div>
        <title>FILLING</title>
        <ing>
          <amt>
            <qty>1</qty>
            <unit>package</unit></amt>
          <item>(8-oz) cream cheese; softened</item></ing>
        <ing>
          <amt>
            <qty>1/2</qty>
            <unit>cups</unit></amt>
          <item>Sugar</item></ing>
        <ing>
          <amt>
            <qty>1/4</qty>
            <unit>cups</unit></amt>
          <item>Sour cream</item></ing>
        <ing>
          <amt>
            <qty>1/4</qty>
            <unit>cups</unit></amt>
          <item>Apricot spreadable fruit (up to)</item></ing>
        <ing>
          <amt>
            <qty>1</qty>
            <unit>teaspoon</unit></amt>
          <item>Almond extract</item></ing>
        <ing>
          <amt>
            <qty>1</qty>
            <unit/></amt>
          <item>Egg</item></ing></ing-div>
      <ing-div>
        <title>TOPPING</title>
        <ing>
          <amt>
            <qty>1</qty>
            <unit>cup</unit></amt>
          <item>Coconut</item></ing>
        <ing>
          <amt>
            <qty>1/2</qty>
            <unit>cups</unit></amt>
          <item>Chopped almonds</item></ing>
        <ing>
          <amt>
            <qty>2</qty>
            <unit>tablespoons</unit></amt>
          <item>Brown sugar</item></ing>
        <ing>
          <amt>
            <qty>1/2</qty>
            <unit>cups</unit></amt>
          <item>Apricot spreadable fruit (up to)</item></ing>
        <ing>
          <amt>
            <qty>1</qty>
            <unit>teaspoon</unit></amt>
          <item>Apmond extract</item></ing>
        <ing>
          <amt>
            <qty>2</qty>
            <unit/></amt>
          <item>Eggs</item></ing>
        <ing>
          <amt>
            <qty/>
            <unit/></amt>
          <item>GARNISH: (OPTIONAL)</item></ing>
        <ing>
          <amt>
            <qty>1/2</qty>
            <unit>cups</unit></amt>
          <item>Whipping cream; whipped</item></ing>
        <ing>
          <amt>
            <qty>2</qty>
            <unit>tablespoons</unit></amt>
          <item>Toasted coconut or almonds or- (up to)</item></ing>
        <ing>
          <amt>
            <qty>10</qty>
            <unit/></amt>
          <item>Dried apricot pieces</item></ing></ing-div></ingredients>
    <directions>
      <step>  From: Bobb1744@aol.com
  
  Date: Tue, 27 Feb 1996 19:46:50 -0500
  
  Recipe By: Pillsbury, 36th Cookoff Cookbook, Mar.'94
  Prepare pie crust according to pkg. directions for one crust filled pie,
  using 9" pie pan. (Or make single crust homemade pie crust.)
  
  Heat oven to 350 F. In large bowl, combine cream cheese and sugar. Beat
  unitl smooth. Add remaining filling ingredients. Beat until well blended.
  Pour into crust-lined pan.
  
  In small bowl, combine all topping ingredients. Mix well. Spoon
  teaspoonsfuls of topping evenly over filling. Bake at 350 F. for 35-45
  minutes or until top is golden brown and center is set. Cool completely.
  Garnish with whipped cream and coconut. Store in refrigerator.
  
  NOTES : Per 1/10 tth of recipe: 450 calories, 27 g. fat, 113 mg. chol.
  
  To toast coconut: spread on cookie sheet. Bake at 350 F. for 7-8 minutes or
  until light golden brown, stirring occasionally.
  
  MC-RECIPE@MASTERCOOK.COM
  
  MASTERCOOK RECIPES LIST SERVER
  
  From the MasterCook recipe list.  Downloaded from Glen's MM Recipe Archive,
  http://www.erols.com/hosey.
 
</step></directions></recipe></recipeml>
