<?xml version="1.0" encoding="UTF-8"?>

<recipeml version="0.5">
  <recipe>
    <head>
      <title>Apricot Ice Cream</title>
      <categories>
        <cat>Low fat</cat>
        <cat>Desserts</cat></categories>
      <yield>1</yield></head>
    <ingredients>
      <ing>
        <amt>
          <qty>8</qty>
          <unit>ounces</unit></amt>
        <item>Dried apricots</item></ing>
      <ing>
        <amt>
          <qty>1/4</qty>
          <unit>pints</unit></amt>
        <item>(5 fl oz) water</item></ing>
      <ing>
        <amt>
          <qty>1/2</qty>
          <unit>pints</unit></amt>
        <item>(10 fl oz) natural,</item></ing>
      <ing>
        <amt>
          <qty/>
          <unit/></amt>
        <item>Unsweetened, low fat yogurt</item></ing>
      <ing>
        <amt>
          <qty>1/4</qty>
          <unit>pints</unit></amt>
        <item>(5 fl oz) fromage frais, if</item></ing>
      <ing>
        <amt>
          <qty/>
          <unit/></amt>
        <item>Available</item></ing>
      <ing>
        <amt>
          <qty>2</qty>
          <unit>tablespoons</unit></amt>
        <item>Lemon juice</item></ing>
      <ing>
        <amt>
          <qty>4</qty>
          <unit>ounces</unit></amt>
        <item>Icing sugar</item></ing>
      <ing>
        <amt>
          <qty/>
          <unit/></amt>
        <item>If not, use more yogurt</item></ing></ingredients>
    <directions>
      <step>  Put apricots and water in a saucepan, bring to the boil and simmer for 20
  minutes.  Allow to cool, then puree the result in a blender or food
  processor, add the rest of the ingredients and mix thoroughly. Freeze,
  stirring regularly.  An ice-cream maker would be even better, but I don't
  have one.
  
  From Gemini's MASSIVE MealMaster collection at www.synapse.com/~gemini
 
</step></directions></recipe></recipeml>
