<?xml version="1.0" encoding="UTF-8"?>

<recipeml version="0.5">
  <recipe>
    <head>
      <title>Apricot Muffins</title>
      <categories>
        <cat>None</cat></categories>
      <yield>1</yield></head>
    <ingredients>
      <ing>
        <amt>
          <qty>2</qty>
          <unit>cups</unit></amt>
        <item>Flour</item></ing>
      <ing>
        <amt>
          <qty>1/4</qty>
          <unit>cups</unit></amt>
        <item>White sugar</item></ing>
      <ing>
        <amt>
          <qty>1/2</qty>
          <unit>cups</unit></amt>
        <item>Brown sugar</item></ing>
      <ing>
        <amt>
          <qty>1</qty>
          <unit>tablespoon</unit></amt>
        <item>Baking powder</item></ing>
      <ing>
        <amt>
          <qty>3/4</qty>
          <unit>teaspoons</unit></amt>
        <item>Salt (optional)</item></ing>
      <ing>
        <amt>
          <qty>2</qty>
          <unit>teaspoons</unit></amt>
        <item>Pumpkin pie spice</item></ing>
      <ing>
        <amt>
          <qty>1/2</qty>
          <unit>cups</unit></amt>
        <item>Oatmeal</item></ing>
      <ing>
        <amt>
          <qty>1</qty>
          <unit>cup</unit></amt>
        <item>Chopped; dried apricots</item></ing>
      <ing>
        <amt>
          <qty>1/2</qty>
          <unit>cups</unit></amt>
        <item>Chopped walnuts</item></ing>
      <ing>
        <amt>
          <qty>1</qty>
          <unit/></amt>
        <item>Egg -or-</item></ing>
      <ing>
        <amt>
          <qty>1/4</qty>
          <unit>cups</unit></amt>
        <item>Liquid egg substitute</item></ing>
      <ing>
        <amt>
          <qty>1 1/2</qty>
          <unit>cups</unit></amt>
        <item>Skim milk</item></ing>
      <ing>
        <amt>
          <qty>1/3</qty>
          <unit>cups</unit></amt>
        <item>Canola oil</item></ing></ingredients>
    <directions>
      <step>  I do not use paper liners as the muffins have a tendency to stick to the
  paper. Spray tins with non-stick vegetable spray for easy removal and
  cleanup.
  
  Preheat oven to 350 degrees
  
  Combine flour, sugars, baking powder, salt, pumpkin pie spice and oatmeal
  in a large bowl. Stir in apricots and walnuts. Use a beater to combine
  eggs, milk, and oil in a small bowl. Pour liquid into dry ingredients,
  stirring just to moisten. Spoon batter into muffin cups, filling two-thirds
  full. Bake for 25 to 30 minutes or until muffins are brown. Yield:24
  Muffins Per Muffin: 127 Cal; 5g Fat; 18g Carbohydrate; 9g Cholesterol; 29mg
  Sodium (no sodium added to walnuts) Dietary Exchanges: 1 Bread/Starch; 1
  Fat.
  
  Posted to recipelu-digest Volume 01 Number 183 by Lee Theis
  &lt;theis@geocities.com&gt; on Oct 30, 1997
 
</step></directions></recipe></recipeml>
