<?xml version="1.0" encoding="UTF-8"?>

<recipeml version="0.5">
  <recipe>
    <head>
      <title>Apricot Glaze (Peggy Cullen)</title>
      <categories>
        <cat>None</cat></categories>
      <yield>1</yield></head>
    <ingredients>
      <ing>
        <amt>
          <qty>1/4</qty>
          <unit>cups</unit></amt>
        <item>Apricot jam</item></ing>
      <ing>
        <amt>
          <qty>1</qty>
          <unit>teaspoon</unit></amt>
        <item>Water (approximately)</item></ing></ingredients>
    <directions>
      <step>  Place the apricot jam and water in a small saucepot and warm over medium
  high heat until it dissolves. Just before boiling, remove from heat. Dilute
  with a little more water if necessary until it is thin enough to brush
  evenly. Apply immediately with a soft, flat pastry brush.
  Recipe By     : BAKERS' DOZEN (PEGGY CULLEN) SHOW #BD1A39
  
  Posted to MC-Recipe Digest V1 #311
  
  Date: Sat, 23 Nov 1996 22:43:51 -0600
  
  From: Jackie Bordelon &lt;jbord@premier.net&gt;
 
</step></directions></recipe></recipeml>
