<?xml version="1.0" encoding="UTF-8"?>

<recipeml version="0.5">
  <recipe>
    <head>
      <title>Apricot Lattice Tarts</title>
      <categories>
        <cat>Cookies</cat></categories>
      <yield>1</yield></head>
    <ingredients>
      <ing>
        <amt>
          <qty/>
          <unit/></amt>
        <item>Honey Spice Cookie Recipe</item></ing></ingredients>
    <directions>
      <step>  Substitute 1 Tbls. grated lemon peel for ginger; press scant 1/2 cup
  dough into each of eight 4 1/2" fluted tart pans with removable
  bottoms. Spread 3 Tbls. apricot preserves in each shell. Roll
  remaining dough into 1/4" thick ropes; arrange lattice fashion over
  preserves. Brush with beaten egg white. Bake 15-20 minutes. Remove
  sides of pans; bake 15-20 minutes longer covering with foil if
  getting too brown.
  
  File ftp://ftp.idiscover.co.uk/pub/food/mealmaster/recipes/mmkah001.zip
 
</step></directions></recipe></recipeml>
