<?xml version="1.0" encoding="UTF-8"?>

<recipeml version="0.5">
  <recipe>
    <head>
      <title>Apricot Curry Chicken</title>
      <categories>
        <cat>Poultry</cat></categories>
      <yield>4</yield></head>
    <ingredients>
      <ing>
        <amt>
          <qty>2</qty>
          <unit>tablespoons</unit></amt>
        <item>Vegetable oil</item></ing>
      <ing>
        <amt>
          <qty>1</qty>
          <unit>medium</unit></amt>
        <item>Chopped onion</item></ing>
      <ing>
        <amt>
          <qty>3</qty>
          <unit/></amt>
        <item>Cloves minced garlic</item></ing>
      <ing>
        <amt>
          <qty>1</qty>
          <unit>tablespoon</unit></amt>
        <item>Grated gingeroot</item></ing>
      <ing>
        <amt>
          <qty>1</qty>
          <unit>teaspoon</unit></amt>
        <item>Curry powder</item></ing>
      <ing>
        <amt>
          <qty>4</qty>
          <unit/></amt>
        <item>1" cubed skinless boneless chicken breasts</item></ing>
      <ing>
        <amt>
          <qty>1</qty>
          <unit>cup</unit></amt>
        <item>Chicken broth</item></ing>
      <ing>
        <amt>
          <qty>1/4</qty>
          <unit>cups</unit></amt>
        <item>Apricot jam</item></ing>
      <ing>
        <amt>
          <qty>2</qty>
          <unit>tablespoons</unit></amt>
        <item>Tomato paste</item></ing>
      <ing>
        <amt>
          <qty>2</qty>
          <unit>teaspoons</unit></amt>
        <item>Cornstarch</item></ing>
      <ing>
        <amt>
          <qty>2</qty>
          <unit>tablespoons</unit></amt>
        <item>Water</item></ing></ingredients>
    <directions>
      <step>  In skillet, brown chicken in 1 tbs oil until no longer pink. Remove from
  pan. Set Aside. In skillet, cook onion, garlic, gingeroot &amp; curry powder
  until onions are soft. Return chicken to pan. Add chicken broth, jam &amp;
  tomato paste. Bring to a boil, sti rring occassionally, until well blended.
  Reduce heat to simmer, cover and let simmer for ten minutes. Make a paste
  with the cornstarch and water, add to pan, stirring continuously until
  thickened. Serve over rice. Serves 4.
  
  NOTES : I used my home made jam and it gives a  much nicer taste than using
  store bought.
  
  Recipe by: Mary
  
  Posted to MC-Recipe Digest V1 #988 by "Mary Watters"
  &lt;emjay@diablo.intergate.bc.ca&gt; on Jan 6, 1998
 
</step></directions></recipe></recipeml>
