<?xml version="1.0" encoding="UTF-8"?>

<recipeml version="0.5">
  <recipe>
    <head>
      <title>Apricot Cream Cheese Cookies</title>
      <categories>
        <cat>Cookies</cat></categories>
      <yield>4</yield></head>
    <ingredients>
      <ing-div>
        <title/>
        <ing>
          <amt>
            <qty>1 1/2</qty>
            <unit>cups</unit></amt>
          <item>Margarine</item></ing>
        <ing>
          <amt>
            <qty>1 1/2</qty>
            <unit>cups</unit></amt>
          <item>Sugar</item></ing>
        <ing>
          <amt>
            <qty>8</qty>
            <unit>ounces</unit></amt>
          <item>Philadelphia cream cheese</item></ing>
        <ing>
          <amt>
            <qty>2</qty>
            <unit/></amt>
          <item>Egg</item></ing>
        <ing>
          <amt>
            <qty>2</qty>
            <unit>tablespoons</unit></amt>
          <item>Lemon juice</item></ing>
        <ing>
          <amt>
            <qty>1 1/2</qty>
            <unit>teaspoons</unit></amt>
          <item>Lemon zest</item></ing>
        <ing>
          <amt>
            <qty>4 1/2</qty>
            <unit>cups</unit></amt>
          <item>Flour</item></ing>
        <ing>
          <amt>
            <qty>1 1/2</qty>
            <unit>teaspoons</unit></amt>
          <item>Baking powder</item></ing>
        <ing>
          <amt>
            <qty/>
            <unit/></amt>
          <item>Apricot filling</item></ing>
        <ing>
          <amt>
            <qty/>
            <unit/></amt>
          <item>Sugar, confectioners</item></ing></ing-div>
      <ing-div>
        <title>APRICOT FILLING</title>
        <ing>
          <amt>
            <qty>11</qty>
            <unit>ounces</unit></amt>
          <item>Apricots, dried</item></ing>
        <ing>
          <amt>
            <qty>1/2</qty>
            <unit>cups</unit></amt>
          <item>Sugar</item></ing></ing-div></ingredients>
    <directions>
      <step>      Combine margarine, sugar and softened cream cheese mixing until well
      blended.  Blend in eggs, lemon juice and rind. Add combined dry
      ingredients to cream cheese mixture and mix well and chill. Roll
      into medium size ball.  Place on ungreased cookie sheet. Flaten
      slightly, indent center, put apricot filling in center. Bake 350
      degrees for 15 minutes.  Cool slightly and sprinkle powdered
      sugar on top.
  
      Fillling:  Put 1 pkg. (11 oz.) apricots in saucepan and add water just
      cover. Add 1/2 cup (or to taste) sugar and bring to boil. Cover and
      simmer 10 minutes or until apricots are soft and most of water is
      absorbed. Force through sieve or whirl in blender. Makes 2 cups.
  
                                       per Carrie Naley
                                       Fidonet HOME_COOKING echo
  
  From Gemini's MASSIVE MealMaster collection at www.synapse.com/~gemini
 
</step></directions></recipe></recipeml>
