<?xml version="1.0" encoding="UTF-8"?>

<recipeml version="0.5">
  <recipe>
    <head>
      <title>Apricot Cranberry Sauce - Country Living</title>
      <categories>
        <cat>Breakfast</cat>
        <cat>Sauces</cat>
        <cat>.cl</cat></categories>
      <yield>2 1/2</yield></head>
    <ingredients>
      <ing>
        <amt>
          <qty>2/3</qty>
          <unit>cups</unit></amt>
        <item>Chopped dried apricots</item></ing>
      <ing>
        <amt>
          <qty>1</qty>
          <unit>cup</unit></amt>
        <item>Apricot preserves</item></ing>
      <ing>
        <amt>
          <qty>1</qty>
          <unit>cup</unit></amt>
        <item>Water</item></ing>
      <ing>
        <amt>
          <qty>2</qty>
          <unit>tablespoons</unit></amt>
        <item>Chopeed cranberries</item></ing>
      <ing>
        <amt>
          <qty>1</qty>
          <unit>tablespoon</unit></amt>
        <item>Lemon juice</item></ing></ingredients>
    <directions>
      <step>  In small saucepan, place apricots and enough water to cover by 1/2 inch;
  heat to simmer and cook, uncovered, 40 to 45 minutes or until about 2
  tablespoons liquid remain and apricots are very tender. Transfer apricots
  with liquid to blender and puree.
  
  Return apricot puree to same saucepan. Add preserves, water and cranberries
  and heat over low heat. Cook, stirring to melt preserves and blend mixture.
  Remove from heat, stir in lemon juice and serve.
  
  Country Living/Jan/93
  
  Posted to recipelu-digest Volume 01 Number 662 by GramWag@aol.com on Jan
  31, 1998
 
</step></directions></recipe></recipeml>
