<?xml version="1.0" encoding="UTF-8"?>

<recipeml version="0.5">
  <recipe>
    <head>
      <title>Apricot Mustard</title>
      <categories>
        <cat>Sauce</cat></categories>
      <yield>1</yield></head>
    <ingredients>
      <ing>
        <amt>
          <qty>1</qty>
          <unit>cup</unit></amt>
        <item>Sweet 'N' Hot mustard</item></ing>
      <ing>
        <amt>
          <qty>1/2</qty>
          <unit>cups</unit></amt>
        <item>Apricot jam</item></ing>
      <ing>
        <amt>
          <qty>3/4</qty>
          <unit>cups</unit></amt>
        <item>Dry mustard</item></ing></ingredients>
    <directions>
      <step>  From: Wendy Lockman &lt;wlockman@ra1.randomc.com&gt;
  
  Date: Thu, 8 Feb 1996 13:44:04 -0500
  Mix together in a bowl. Transfer to a jar with a tight-fitting lid.  Age in
  a cool dark place for 2 to 8 weeks, then refrigerate.  An exotic mustard
  that's great with stout cheeses.
  
  Recipe by Helene Sawyer in "Gourmet Mustards" ISBN# 0-914667-07-6 Published
  by Culinary Arts Ltd..
  
  Posted on GEnie Food &amp; Wine RT Oct 11, 1992 by J.ZIOLA [Jeanne] Jeanne in
  Jersey - J.ZIOLA on GEnie - CBTN00C on *P*
  
  From the recipe files of Sylvia Steiger, GEnie THE.STEIGERS, CI$
  71511,2253, GT Cookbook echo moderator at net/node 004/005
  
  MM-RECIPES@IDISCOVER.NET
  
  MEAL-MASTER RECIPES LIST SERVER
  
  From the MealMaster recipe list.  Downloaded from Glen's MM Recipe Archive,
  http://www.erols.com/hosey.
 
</step></directions></recipe></recipeml>
