<?xml version="1.0" encoding="UTF-8"?>

<recipeml version="0.5">
  <recipe>
    <head>
      <title>Apricot Honey Oat Bars</title>
      <categories>
        <cat>Dessert bar</cat>
        <cat>Sugar free</cat>
        <cat>Low cal</cat>
        <cat>Low fat</cat>
        <cat>Apricots</cat></categories>
      <yield>9</yield></head>
    <ingredients>
      <ing>
        <amt>
          <qty>1 1/2</qty>
          <unit>cups</unit></amt>
        <item>Rolled oats; not instant</item></ing>
      <ing>
        <amt>
          <qty>1/2</qty>
          <unit>cups</unit></amt>
        <item>Dried apricots; finely chopped</item></ing>
      <ing>
        <amt>
          <qty>1/2</qty>
          <unit>cups</unit></amt>
        <item>Honey</item></ing>
      <ing>
        <amt>
          <qty>1/4</qty>
          <unit>cups</unit></amt>
        <item>Fat-free plain yogurt</item></ing>
      <ing>
        <amt>
          <qty>2</qty>
          <unit>large</unit></amt>
        <item>Egg whites</item></ing>
      <ing>
        <amt>
          <qty>2</qty>
          <unit>tablespoons</unit></amt>
        <item>Wheat germ</item></ing>
      <ing>
        <amt>
          <qty>2</qty>
          <unit>tablespoons</unit></amt>
        <item>Flour</item></ing>
      <ing>
        <amt>
          <qty>3</qty>
          <unit>tablespoons</unit></amt>
        <item>Margarine; melted</item></ing>
      <ing>
        <amt>
          <qty>1/2</qty>
          <unit>teaspoons</unit></amt>
        <item>Cinnamon</item></ing>
      <ing>
        <amt>
          <qty>1/2</qty>
          <unit>teaspoons</unit></amt>
        <item>Vanilla</item></ing>
      <ing>
        <amt>
          <qty>1/4</qty>
          <unit>teaspoons</unit></amt>
        <item>Salt</item></ing></ingredients>
    <directions>
      <step>  1. Preheat oven to 325 degrees.
  
  2. Spray 8 inch square baking pan with non stick cooking spray
  
  3. In a large bowl combine all ingredients; mix to blend
  
  4. turn mixture into prepared pan, pat down and smooth top.
  
  5. Bake until center is firm and edges are lightly browned, about 25
  minutes.
  
  6. Cool and cut into squares
  
  Notes: Made: 03/07 and 03/20 Mom really loved these and James found them
  ok. I fin them a bit too soft and will try cooking them a bit longer so
  they are crisper.
  
  Nutritional Info: 182 calories, 4.8 grams fat, 22% CFF, 1.7 grams dietary
  fibre, 4 WW points
  
  Recipe by: Low Fat ~ No Fat Magazine - Spring 1998
  
  Posted to recipelu-digest by RecipeLu &lt;recipelu@geocities.com&gt; on Mar 21,
  1998
 
</step></directions></recipe></recipeml>
