<?xml version="1.0" encoding="UTF-8"?>

<recipeml version="0.5">
  <recipe>
    <head>
      <title>Apricot Glazed Ham Patties</title>
      <categories>
        <cat>Meat</cat>
        <cat>Pork or ham</cat>
        <cat>To post</cat></categories>
      <yield>6</yield></head>
    <ingredients>
      <ing>
        <amt>
          <qty>1 1/2</qty>
          <unit>pounds</unit></amt>
        <item>Ground cooked ham</item></ing>
      <ing>
        <amt>
          <qty>1/2</qty>
          <unit>cups</unit></amt>
        <item>Soft bread crumbs</item></ing>
      <ing>
        <amt>
          <qty>1/2</qty>
          <unit>cups</unit></amt>
        <item>Milk</item></ing>
      <ing>
        <amt>
          <qty>2</qty>
          <unit/></amt>
        <item>Eggs</item></ing>
      <ing>
        <amt>
          <qty>1/4</qty>
          <unit>cups</unit></amt>
        <item>Chopped onion</item></ing>
      <ing>
        <amt>
          <qty>1/4</qty>
          <unit>cups</unit></amt>
        <item>Crumbled blue cheese</item></ing>
      <ing>
        <amt>
          <qty>1</qty>
          <unit>tablespoon</unit></amt>
        <item>Worcestershire sauce</item></ing>
      <ing>
        <amt>
          <qty>2</qty>
          <unit>teaspoons</unit></amt>
        <item>Prepared mustard; divided</item></ing>
      <ing>
        <amt>
          <qty>1/4</qty>
          <unit>teaspoons</unit></amt>
        <item>Sage</item></ing>
      <ing>
        <amt>
          <qty>1/4</qty>
          <unit>teaspoons</unit></amt>
        <item>Pepper</item></ing>
      <ing>
        <amt>
          <qty>1/2</qty>
          <unit>cups</unit></amt>
        <item>Apricot preserves</item></ing>
      <ing>
        <amt>
          <qty>2</qty>
          <unit>teaspoons</unit></amt>
        <item>Vinegar</item></ing></ingredients>
    <directions>
      <step>  Heat oven to 350 F. Combine ham with crumbs, milk, eggs, onion, cheese,
  Worcestershire, 1 tsp mustard, sage and pepper. Shape into 6 patties. Place
  in shallow baking dish; bake 30 minutes. Combine preserves, vinegar and
  remaining mustard; brush on patties. Bake 10 more minutes. Serves 6.
  
  Source: "The Smart Shopper's Cookbook" by Loyta Wooding, 1972.
  
  Formatted for MasterCook by Mardi Desjardins, March 18, 1998.
  
  Recipe by: Loyta Wooding
  
  Posted to MC-Recipe Digest by Mardi Desjardins &lt;amdesjar@mb.sympatico.ca&gt;
  on Mar 23, 1998
 
</step></directions></recipe></recipeml>
