<?xml version="1.0" encoding="UTF-8"?>

<recipeml version="0.5">
  <recipe>
    <head>
      <title>Apricot Flan (Valais)</title>
      <categories>
        <cat>Fruits</cat>
        <cat>Swiss</cat></categories>
      <yield>1</yield></head>
    <ingredients>
      <ing>
        <amt>
          <qty>750</qty>
          <unit>grams</unit></amt>
        <item>Apricots; ripe fresh or frozen</item></ing>
      <ing>
        <amt>
          <qty>1 1/2</qty>
          <unit>deciliters</unit></amt>
        <item>Cream</item></ing>
      <ing>
        <amt>
          <qty>10</qty>
          <unit>grams</unit></amt>
        <item>Vanilla sugar</item></ing>
      <ing>
        <amt>
          <qty>4</qty>
          <unit/></amt>
        <item>Eggs</item></ing>
      <ing>
        <amt>
          <qty>120</qty>
          <unit>grams</unit></amt>
        <item>Sugar</item></ing>
      <ing>
        <amt>
          <qty>1</qty>
          <unit>pinch</unit></amt>
        <item>Salt</item></ing>
      <ing>
        <amt>
          <qty/>
          <unit/></amt>
        <item>Icing sugar</item></ing></ingredients>
    <directions>
      <step>  (Units: 1000 g = 36 oz., 1 oz = 28 g, 1 in = 25.4 mm, 1 dl = 3.5 fl oz)
  
  Wash the apricots, cut into halves and remove stones.
  
  Arrange the apricot halves, skin uppermost, in a gratin dish in 2 layers,
  sprinkling some sugar between the layers.
  
  Mix the eggs, sugar, salt, vanilla sugar and cream together.
  
  Cover the apricots with this mixture.
  
  Bake in a bain-marie for 30-40 minutes at 180 oC.
  
  Dust with icing sugar and serve from the dish.
  
  Note : Serve hot or cold with a little whipped cream.
  
  Culinary Art and Traditions of Switzerland, Pro Gastronomia, 1992
  
  Typed for you by Rene Gagnaux @ 2:301/212.19
 
</step></directions></recipe></recipeml>
