<?xml version="1.0" encoding="UTF-8"?>

<recipeml version="0.5">
  <recipe>
    <head>
      <title>Apricot Fruit 'n' Nut Bread</title>
      <categories>
        <cat>Bread/muffi</cat>
        <cat>Hand made</cat></categories>
      <yield>8</yield></head>
    <ingredients>
      <ing>
        <amt>
          <qty>3/4</qty>
          <unit>cups</unit></amt>
        <item>All-Purpose Flour</item></ing>
      <ing>
        <amt>
          <qty>3/4</qty>
          <unit>cups</unit></amt>
        <item>Whole-Wheat Flour</item></ing>
      <ing>
        <amt>
          <qty>1</qty>
          <unit>teaspoon</unit></amt>
        <item>Baking Powder</item></ing>
      <ing>
        <amt>
          <qty>1</qty>
          <unit>teaspoon</unit></amt>
        <item>Baking Soda</item></ing>
      <ing>
        <amt>
          <qty>1</qty>
          <unit>teaspoon</unit></amt>
        <item>Ground Cinnamon</item></ing>
      <ing>
        <amt>
          <qty>1/2</qty>
          <unit>cups</unit></amt>
        <item>Dried Apricots; chopped, 12 halves</item></ing>
      <ing>
        <amt>
          <qty>1/3</qty>
          <unit>cups</unit></amt>
        <item>Dried Figs; chopped, 2 large</item></ing>
      <ing>
        <amt>
          <qty>2</qty>
          <unit>tablespoons</unit></amt>
        <item>Raisins</item></ing>
      <ing>
        <amt>
          <qty>2</qty>
          <unit>tablespoons</unit></amt>
        <item>Walnuts; chopped, 1/2 oz</item></ing>
      <ing>
        <amt>
          <qty>1</qty>
          <unit>cup</unit></amt>
        <item>Apricot Nectar</item></ing>
      <ing>
        <amt>
          <qty>1/4</qty>
          <unit>cups</unit></amt>
        <item>Sugar</item></ing>
      <ing>
        <amt>
          <qty>2</qty>
          <unit/></amt>
        <item>Egg Whites</item></ing>
      <ing>
        <amt>
          <qty>2</qty>
          <unit>tablespoons</unit></amt>
        <item>Vegetable Oil; PLUS</item></ing>
      <ing>
        <amt>
          <qty>2</qty>
          <unit>teaspoons</unit></amt>
        <item>Vegetable Oil</item></ing>
      <ing>
        <amt>
          <qty>2</qty>
          <unit>teaspoons</unit></amt>
        <item>Vanilla Extract</item></ing></ingredients>
    <directions>
      <step>  Lean and Luscious and Meatless, Bobbie Hinman &amp; Millie Snyder.
  
  This delicious, moist bread is chock full of fruit, fiber and flavor. It's
  a great holiday bread.
  
  Preheat oven to 350F.
  
  Lightly oil a 4 x 8: loaf pan or spray with nonstick spray.
  
  In a large bowl, combine both flours, baking power, baking soda, and
  cinnamon. Mix well. Add apricots, figs, raisins, and nuts.
  
  In another bowl, combine remaining ingredients. Beat with a fork or wire
  whisk until blended. Add to dry mixture, mixing until all ingredients are
  moistened. Place mixture in prepared pan.
  
  Bake 35 min, until a toothpick inserted in the center of the bread comes
  out clean.
  
  Cool in pan on wire rack 10 min, then turn out onto rack to finish cooling.
  
  Probably could substitute other nuts, and other fruits like apples.
  
  Makes 8 servings
  
  According to the book: Cal 223, 1 fruit serving, 1 fat serving, 1 bread
  serving,
       50    additional calories,
        5 g  protein,
        6 g  fat,
       39 g  carbs,
      174 mg sodium, 0 mg cholesterol.
  Posted to Digest bread-bakers.v097.n081 by Reggie Dwork &lt;reggie@reggie.com&gt;
  on Dec 27, 1997
 
</step></directions></recipe></recipeml>
