<?xml version="1.0" encoding="UTF-8"?>

<recipeml version="0.5">
  <recipe>
    <head>
      <title>Apricot Glaze for Rose Garden Wedding Cake</title>
      <categories>
        <cat>None</cat></categories>
      <yield>2</yield></head>
    <ingredients>
      <ing-div>
        <title>NORMA_WRENN@MSN.COM</title>
        <ing>
          <amt>
            <qty>18</qty>
            <unit>ounces</unit></amt>
          <item>Jar apricot preserves</item></ing>
        <ing>
          <amt>
            <qty>1/4</qty>
            <unit>cups</unit></amt>
          <item>Almond liqueur</item></ing></ing-div></ingredients>
    <directions>
      <step>  Process in a blender or food processor until smooth.
  
  Adapted for MM from Southern Living 1997 Annual Recipes
  Posted to MC-Recipe Digest by "M. Hicks" &lt;nitro_ii@email.msn.com&gt; on Feb 7,
  1998
 
</step></directions></recipe></recipeml>
