<?xml version="1.0" encoding="UTF-8"?>

<recipeml version="0.5">
  <recipe>
    <head>
      <title>Apricot Fruit Bar</title>
      <categories>
        <cat>Cookies</cat>
        <cat>And</cat>
        <cat>Bars</cat></categories>
      <yield>4</yield></head>
    <ingredients>
      <ing>
        <amt>
          <qty>1</qty>
          <unit>cup</unit></amt>
        <item>Butter</item></ing>
      <ing>
        <amt>
          <qty>1 3/4</qty>
          <unit>cups</unit></amt>
        <item>Sugar</item></ing>
      <ing>
        <amt>
          <qty>4</qty>
          <unit/></amt>
        <item>Eggs</item></ing>
      <ing>
        <amt>
          <qty>1</qty>
          <unit>teaspoon</unit></amt>
        <item>Vanilla</item></ing>
      <ing>
        <amt>
          <qty>1 1/2</qty>
          <unit>teaspoons</unit></amt>
        <item>Baking powder</item></ing>
      <ing>
        <amt>
          <qty>2 1/2</qty>
          <unit>cups</unit></amt>
        <item>Flour</item></ing>
      <ing>
        <amt>
          <qty>1</qty>
          <unit>can</unit></amt>
        <item>Apricot pie mix</item></ing></ingredients>
    <directions>
      <step>  Cream butter and sugar; add one egg at a time. Add vanilla and beat. Add
  baking powder and flour. Bake in well greased 10 x 15 inch pan spreading
  1/2 ingredients on bottom (reserve rest for top). Spread can of pie mixture
  over and top with spoonfuls of batter on top. Bake at 350 degrees for 30
  minutes. May drizzle powdered sugar frosting over top.
  
  busted by sooz
  
  Recipe by: Key Gourmet
  
  Posted to recipelu-digest by sooz &lt;kirkland@gj.net&gt; on Mar 19, 1998
 
</step></directions></recipe></recipeml>
