<?xml version="1.0" encoding="UTF-8"?>

<recipeml version="0.5">
  <recipe>
    <head>
      <title>Apricot Jello</title>
      <categories>
        <cat>Desserts</cat></categories>
      <yield>4</yield></head>
    <ingredients>
      <ing>
        <amt>
          <qty>2</qty>
          <unit>packages</unit></amt>
        <item>(3 oz.) apricot Jello</item></ing>
      <ing>
        <amt>
          <qty>2/3</qty>
          <unit>cups</unit></amt>
        <item>Sugar</item></ing>
      <ing>
        <amt>
          <qty>1</qty>
          <unit>cup</unit></amt>
        <item>Hot water</item></ing>
      <ing>
        <amt>
          <qty>1</qty>
          <unit>package</unit></amt>
        <item>(8 oz.) cream cheese; softened</item></ing>
      <ing>
        <amt>
          <qty>1</qty>
          <unit>can</unit></amt>
        <item>(20 Oz.) Crushed Pineapple; undrained</item></ing>
      <ing>
        <amt>
          <qty>2</qty>
          <unit/></amt>
        <item>Jars; (Large) Apricot Baby Food</item></ing>
      <ing>
        <amt>
          <qty>12</qty>
          <unit>ounces</unit></amt>
        <item>Cool Whip®</item></ing>
      <ing>
        <amt>
          <qty>8</qty>
          <unit>ounces</unit></amt>
        <item>Cool Whip®; for frosting/opt.</item></ing></ingredients>
    <directions>
      <step>  Mix Jello, sugar, and water. Bring to a boil, stirring constantly. Mix
  cream cheese and pineapple together, then add apricot baby food. Let first
  mixture cool to room temperature and add to apricot mixture. Fold in Cool
  Whip and pour into 12 x 8 inch dish. May frost with Cool Whip if desired.
  
  Recipe by: Key Gourmet
  
  Posted to recipelu-digest by James and Susan Kirkland &lt;kirkland@gj.net&gt; on
  Feb 22, 1998
 
</step></directions></recipe></recipeml>
