<?xml version="1.0" encoding="UTF-8"?>

<recipeml version="0.5">
  <recipe>
    <head>
      <title>Apricot Cream Cheese Drops</title>
      <categories>
        <cat>Cookies</cat>
        <cat>Crisco.002</cat></categories>
      <yield>18</yield></head>
    <ingredients>
      <ing-div>
        <title/>
        <ing>
          <amt>
            <qty>1/2</qty>
            <unit>cups</unit></amt>
          <item>Butter Flavor Crisco</item></ing>
        <ing>
          <amt>
            <qty>1</qty>
            <unit>package</unit></amt>
          <item>Cream Cheese, ( 3 oz ) Softened</item></ing>
        <ing>
          <amt>
            <qty>1</qty>
            <unit>tablespoon</unit></amt>
          <item>Milk</item></ing>
        <ing>
          <amt>
            <qty>1/4</qty>
            <unit>cups</unit></amt>
          <item>Brown sugar, firmly packed</item></ing>
        <ing>
          <amt>
            <qty>1/2</qty>
            <unit>cups</unit></amt>
          <item>Apricot preserves</item></ing>
        <ing>
          <amt>
            <qty>1 1/4</qty>
            <unit>cups</unit></amt>
          <item>All-purpose flour</item></ing>
        <ing>
          <amt>
            <qty>1 1/2</qty>
            <unit>teaspoons</unit></amt>
          <item>Baking Powder</item></ing>
        <ing>
          <amt>
            <qty>1 1/2</qty>
            <unit>teaspoons</unit></amt>
          <item>Cinnamon</item></ing>
        <ing>
          <amt>
            <qty>1/4</qty>
            <unit>teaspoons</unit></amt>
          <item>Salt</item></ing>
        <ing>
          <amt>
            <qty>1/2</qty>
            <unit>cups</unit></amt>
          <item>Pecans, coarsely chopped OR Flake Coconut</item></ing></ing-div>
      <ing-div>
        <title>FROSTING</title>
        <ing>
          <amt>
            <qty>1</qty>
            <unit>cup</unit></amt>
          <item>Confectioners Sugar</item></ing>
        <ing>
          <amt>
            <qty>1/4</qty>
            <unit>cups</unit></amt>
          <item>Apricot Preserves</item></ing>
        <ing>
          <amt>
            <qty>1</qty>
            <unit>tablespoon</unit></amt>
          <item>Butter Flavor Crisco</item></ing>
        <ing>
          <amt>
            <qty/>
            <unit/></amt>
          <item>Finely Chopped Pecans -=OR=- Flake Coconut ( optional )</item></ing></ing-div></ingredients>
    <directions>
      <step>  Preparation Time: 25 Minutes               Bake Time: 14 Minutes
  
  1. Heat oven to 350. Grease baking sheet with Butter Flavor Crisco.
  Set aside.
  
  2. Cream 1/2 cup Butter Flavor Crisco, cream cheese and milk in
  medium bowl at medium speed of electric mixer until well blended.
  Beat in brown sugar. Beat in 1/2 cup preserves.
  
  3. Combine flour, baking powder, cinnamon and salt. Mix into creamed
  mixture. Stir in 1/2 cup nuts. Drop 2 level measuring tablespoonfuls
  of dough into a mound to form each cookie. Place 2 inches apart on
  cookie sheet.
  
  4. Bake at 350 for 14 minutes. Cool on baking sheet one minute.
  Remove to cooling rack. Cool completely before frosting.
  
  5. For Frosting: Combine confectioners sugar, 1/4 cup preserves and 1
  tablespoon Butter Flavor Crisco in small mixing bowl. Beat with
  electric mixer until well blended. Frost cooled cookies. Sprinkle
  finely chopped pecans over frosting, if desired.
  
  VARIATIONS: Try peach or pineapple preserves in place of apricot.
  
  Source: Butter Flavor Crisco Cookie Collection, Page 4.
  Shared by: David Knight
  
  File ftp://ftp.idiscover.co.uk/pub/food/mealmaster/recipes/mmcrisco.zip
 
</step></directions></recipe></recipeml>
