<?xml version="1.0" encoding="UTF-8"?>

<recipeml version="0.5">
  <recipe>
    <head>
      <title>Apricot Macadamia Nut Tart</title>
      <categories>
        <cat>Tarts</cat></categories>
      <yield>12</yield></head>
    <ingredients>
      <ing-div>
        <title>COCOA PASTRY</title>
        <ing>
          <amt>
            <qty>1 1/2</qty>
            <unit>cups</unit></amt>
          <item>Flour</item></ing>
        <ing>
          <amt>
            <qty>2/3</qty>
            <unit>cups</unit></amt>
          <item>Butter; softened</item></ing>
        <ing>
          <amt>
            <qty>1/4</qty>
            <unit>cups</unit></amt>
          <item>Brown sugar; packed</item></ing>
        <ing>
          <amt>
            <qty>2</qty>
            <unit>tablespoons</unit></amt>
          <item>Cocoa</item></ing>
        <ing>
          <amt>
            <qty>1</qty>
            <unit/></amt>
          <item>Egg</item></ing></ing-div>
      <ing-div>
        <title>TART</title>
        <ing>
          <amt>
            <qty>8</qty>
            <unit>ounces</unit></amt>
          <item>Dried apricots</item></ing>
        <ing>
          <amt>
            <qty>3 1/2</qty>
            <unit>ounces</unit></amt>
          <item>Macadamia nuts; coarsely chopped</item></ing>
        <ing>
          <amt>
            <qty>1/3</qty>
            <unit>cups</unit></amt>
          <item>Sugar</item></ing>
        <ing>
          <amt>
            <qty>1/4</qty>
            <unit>cups</unit></amt>
          <item>Butter; melted</item></ing>
        <ing>
          <amt>
            <qty>1/2</qty>
            <unit>cups</unit></amt>
          <item>Light corn syrup</item></ing>
        <ing>
          <amt>
            <qty>1/4</qty>
            <unit>teaspoons</unit></amt>
          <item>Salt</item></ing>
        <ing>
          <amt>
            <qty>2</qty>
            <unit/></amt>
          <item>Eggs Chocolate-dipped Apricots-----</item></ing>
        <ing>
          <amt>
            <qty>1/4</qty>
            <unit>cups</unit></amt>
          <item>Semisweet chocolate chips</item></ing>
        <ing>
          <amt>
            <qty>1</qty>
            <unit>teaspoon</unit></amt>
          <item>Shortening</item></ing>
        <ing>
          <amt>
            <qty>12</qty>
            <unit/></amt>
          <item>Dried apricots</item></ing></ing-div></ingredients>
    <directions>
      <step>  1. Heat oven to 400 1/4. Mix all pastry ingredients until dough forms.
  Press firmly and evenly against bottom and side of ungreased 11-inch tart
  pan with removable bottom. Bake 10-12 minutes or until set.
  
  2. After baking pastry, heat oven to 375 1/4. Reserve 12 apricots for
  Chocolate-dipped Apricots; coarsely chop remaining apricots. Sprinkle nuts
  and chopped apricots evenly over baked pastry. Beat sugar, butter, corn
  syrup, salt, and eggs until smooth. Pour over nuts and apricots. Bake 25 to
       30    minutes or until set.
  
  3. Line plate with waxed paper. Place chips and shortening in a small
  microwave safe bowl. Microwave uncovered on medium 2 to 3 minutes or until
  mixture can be stirred smooth. Dip half of each apricot into chocolate
  mixture; place on plate. Let stand until chocolate is dry. Place on tart.
  Per serving: 779 Calories; 21g Fat (22% calories from fat); 13g Protein;
  156g Carbohydrate; 83mg Cholesterol; 239mg Sodium
  From The Chocolate Archives, Dec 1997, http://www.choco.com
 
</step></directions></recipe></recipeml>
