<?xml version="1.0" encoding="UTF-8"?>

<recipeml version="0.5">
  <recipe>
    <head>
      <title>Apricot Danish Filling</title>
      <categories>
        <cat>Dessert top</cat></categories>
      <yield>1</yield></head>
    <ingredients>
      <ing>
        <amt>
          <qty>2</qty>
          <unit>cups</unit></amt>
        <item>Dried apricot halves</item></ing>
      <ing>
        <amt>
          <qty>2</qty>
          <unit>cups</unit></amt>
        <item>Orange juice</item></ing>
      <ing>
        <amt>
          <qty>1</qty>
          <unit>cup</unit></amt>
        <item>Water</item></ing></ingredients>
    <directions>
      <step>  1. Simmer all until very soft.
  
  2. Puree and use to fill baked goodies.
  
  NOTES : YIELDS: 1 quart
  
  Recipe by: S.C.I. - Jamie, Az.
  
  Posted to recipelu-digest Volume 01 Number 507 by CuisineArt
  &lt;CuisineArt@aol.com&gt; on Jan 12, 1998
 
</step></directions></recipe></recipeml>
