<?xml version="1.0" encoding="UTF-8"?>

<recipeml version="0.5">
  <recipe>
    <head>
      <title>Apricot Dressing for Turkey</title>
      <categories>
        <cat>Diabetic</cat>
        <cat>Dressings</cat></categories>
      <yield>12</yield></head>
    <ingredients>
      <ing>
        <amt>
          <qty>1</qty>
          <unit>cup</unit></amt>
        <item>Dried apricots, snipped</item></ing>
      <ing>
        <amt>
          <qty>1 1/2</qty>
          <unit>cups</unit></amt>
        <item>Water or chicken stock</item></ing>
      <ing>
        <amt>
          <qty>1</qty>
          <unit>cup</unit></amt>
        <item>Chopped celery</item></ing>
      <ing>
        <amt>
          <qty>1/4</qty>
          <unit>cups</unit></amt>
        <item>Chopped walnuts or pine nuts</item></ing>
      <ing>
        <amt>
          <qty>12</qty>
          <unit>slices</unit></amt>
        <item>Bread, dry, cut small cubes</item></ing></ingredients>
    <directions>
      <step>  Bring the apricots and water (or chicken or turkey stock) just to a
  boil in a saucepan.  Let stand for 10 minutes.  Add the celery, nuts
  and bread. Toss lightly to moisten the bread and blend the
  ingredients.  Spoon into an oiled baking dish with a cover.
  
  Bake in 350 F oven for about 40 minutes.  Remove the cover the last 10
  minutes of baking to brown the top of the dressing.
  
  1/12 recipe - 118 calories, 1 bread, 1/2 fat, 1/2 fruit exchange 22
  grams carbohydrate, 4 grams protein, 3 grams fat 127 mg sodium, 215
  mg potassium, 0 cholesterol
  
  Source:  Am. Diabetes Assoc. Holiday Cookbook by Betty Wedman, 1986
  Shared but not tested by Elizabeth Rodier, Nov 93
  
  File ftp://ftp.idiscover.co.uk/pub/food/mealmaster/recipes/diabetic.zip
 
</step></directions></recipe></recipeml>
