<?xml version="1.0" encoding="UTF-8"?>

<recipeml version="0.5">
  <recipe>
    <head>
      <title>Apricot Nectar Cheesecake Tart</title>
      <categories>
        <cat>Cheesecakes</cat>
        <cat>Desserts</cat></categories>
      <yield>14</yield></head>
    <ingredients>
      <ing-div>
        <title/>
        <ing>
          <amt>
            <qty>15</qty>
            <unit>ounces</unit></amt>
          <item>Pkg Pillsbury Refrigerated Pie Crusts</item></ing></ing-div>
      <ing-div>
        <title>FILLING</title>
        <ing>
          <amt>
            <qty>1/4</qty>
            <unit>ounces</unit></amt>
          <item>Envelope unflavored gelatin</item></ing>
        <ing>
          <amt>
            <qty>12</qty>
            <unit>ounces</unit></amt>
          <item>Can apricot nectar</item></ing>
        <ing>
          <amt>
            <qty>1</qty>
            <unit>cup</unit></amt>
          <item>Whipping cream</item></ing>
        <ing>
          <amt>
            <qty>11</qty>
            <unit>ounces</unit></amt>
          <item>Cream cheese, softened</item></ing>
        <ing>
          <amt>
            <qty>1/2</qty>
            <unit>cups</unit></amt>
          <item>Sugar</item></ing>
        <ing>
          <amt>
            <qty>1/4</qty>
            <unit>teaspoons</unit></amt>
          <item>Nutmeg</item></ing>
        <ing>
          <amt>
            <qty>1</qty>
            <unit>teaspoon</unit></amt>
          <item>Vanilla</item></ing>
        <ing>
          <amt>
            <qty>1</qty>
            <unit>tablespoon</unit></amt>
          <item>Lemon juice</item></ing></ing-div>
      <ing-div>
        <title>TOPPING</title>
        <ing>
          <amt>
            <qty>1</qty>
            <unit>tablespoon</unit></amt>
          <item>Sugar</item></ing>
        <ing>
          <amt>
            <qty>1</qty>
            <unit>tablespoon</unit></amt>
          <item>Flour</item></ing>
        <ing>
          <amt>
            <qty>2</qty>
            <unit>teaspoons</unit></amt>
          <item>Amaretto OR ...</item></ing>
        <ing>
          <amt>
            <qty>1/4</qty>
            <unit>teaspoons</unit></amt>
          <item>Almond extract (opt)</item></ing>
        <ing>
          <amt>
            <qty>1/2</qty>
            <unit>cups</unit></amt>
          <item>Whipping cream (opt)</item></ing>
        <ing>
          <amt>
            <qty>1</qty>
            <unit>tablespoon</unit></amt>
          <item>Powdered sugar (opt)</item></ing></ing-div></ingredients>
    <directions>
      <step>  Heat oven to 450 degrees.  Prepare pie crust according to package
  directions for one-crust baked shell using 10" tart pan with removable
  bottom or 9" pie pan. (Refrigerate remaining crust for later use.) Place
  prepared crust in pan; Press in bottom and up sides of pan. Trim edges if
  necessary.  Bake for 9 to 11 minutes or until lightly browned. Cool
  completely. In small saucepan, sprinkle gelatin over 1 c of the apricot
  nectar. Cook over low hat, stirring until gelatin dissolves. Refrigerate 30
  to 35 minutes until partially thickened. In small bowl, beat 1 c whipping
  cream until stiff peaks form.  In large bowl, combine cream cheese, 1/2 c
  sugar, nutmeg and vanilla; beat until smooth and creamy. Add lemon juice;
  blend well. Beat in apricot mixture until well blended. Fold in whipped
  cream.  Spread over cooled baked crust; refrigerate 2 hours. In small
  saucepan, combine 1 T sugar and flour. Gradually stir in remaining 1/2 c
  apricot nectar.  Cook over medium heat until mixture boils and thickens,
  stirring constantly.  Remove from heat; stir in amaretto. Cool to room
  temperature. Pour over tart; spread evenly. Refrigerate until topping is
  set, about 30 minutes.  In small bowl, beat 1/2 c whipping cream and
  powdered sugar until stiff peaks form. Pipe or spoon around edge of tart.
  Store in refrigerator.
 
</step></directions></recipe></recipeml>
