<?xml version="1.0" encoding="UTF-8"?>

<recipeml version="0.5">
  <recipe>
    <head>
      <title>Apricot Marmalade</title>
      <categories>
        <cat>Desserts</cat>
        <cat>Jams</cat></categories>
      <yield>6</yield></head>
    <ingredients>
      <ing>
        <amt>
          <qty>2</qty>
          <unit>cups</unit></amt>
        <item>Dried apricots (firmly packed</item></ing>
      <ing>
        <amt>
          <qty>4</qty>
          <unit>cups</unit></amt>
        <item>Water</item></ing>
      <ing>
        <amt>
          <qty>2</qty>
          <unit>cups</unit></amt>
        <item>Sugar</item></ing>
      <ing>
        <amt>
          <qty>1/2</qty>
          <unit>teaspoons</unit></amt>
        <item>Cinnamon</item></ing></ingredients>
    <directions>
      <step>  Wash fruit, soak 8 hours in the 4 c of water.  Place over heat in water in
  which it has been soaked; simmer until very soft; rub through coarse sieve,
  return pulp to heat; when it reaches boiling point, add sugar and simmer
  gently for 40 to 45 minutes, stirring almost constantly as it scorches very
  easily.  Add cinnamon while cooking. Pour into sterilized half-pints to
  within 1/2 inch of top.  Put on cap, screw band firmly tight. Process in
  boiling water bath ten minutes.
  
  Posted by Terri St.Louis-Woltmon
  
  From Gemini's MASSIVE MealMaster collection at www.synapse.com/~gemini
 
</step></directions></recipe></recipeml>
