<?xml version="1.0" encoding="UTF-8"?>

<recipeml version="0.5">
  <recipe>
    <head>
      <title>Apricot Ginger Scones</title>
      <categories>
        <cat>Breads</cat></categories>
      <yield>8</yield></head>
    <ingredients>
      <ing>
        <amt>
          <qty>3 1/4</qty>
          <unit>cups</unit></amt>
        <item>Flour, all purpose</item></ing>
      <ing>
        <amt>
          <qty>1/3</qty>
          <unit>cups</unit></amt>
        <item>Sugar</item></ing>
      <ing>
        <amt>
          <qty>2 1/2</qty>
          <unit>teaspoons</unit></amt>
        <item>Baking powder</item></ing>
      <ing>
        <amt>
          <qty>1/2</qty>
          <unit>teaspoons</unit></amt>
        <item>Baking soda</item></ing>
      <ing>
        <amt>
          <qty>1/2</qty>
          <unit>teaspoons</unit></amt>
        <item>Salt</item></ing>
      <ing>
        <amt>
          <qty>3/4</qty>
          <unit>cups</unit></amt>
        <item>Dried apricots, diced (4oz)</item></ing>
      <ing>
        <amt>
          <qty>1/3</qty>
          <unit>cups</unit></amt>
        <item>Crystalized ginger, diced 2 oz</item></ing>
      <ing>
        <amt>
          <qty>1</qty>
          <unit>teaspoon</unit></amt>
        <item>Lemon peel, grated</item></ing>
      <ing>
        <amt>
          <qty>1</qty>
          <unit>cup</unit></amt>
        <item>Buttermilk</item></ing></ingredients>
    <directions>
      <step>  In a food processor or large bowl, whirl or mix together flour, sugar,
  baking powder, soda, and salt. Add butter; whirl or rub with fingers until
  coarse crumbs form. If using a food processor, add apricots, ginger, and
  peel; pulse until just blended. Otherwise, stir them into flour mixture.
  Add buttermilk and whirl or stir just until evenly moistened.
  
  Scrape dough onto a floured board and knead about 6 turns or until dough
  holds together. On a 12x15 inch lightly greased baking sheet, pat dough
  into an oval about 7x12 inches. With a floured knife, cut diagonal lines
  through dough, forming 8 or 9 triangles.
  
  Bake in a 400 degree oven until golden brown, about 25   minutes. Break
  along scores to serve. Makes 8 or 9.
  
  Per serving: 393 cal. (37 percent from fat); 6.2 g protein; 16 g fat (9.9 g
  sat.); 57 g carbo.; 520 mg sodium; 43 mg chol.
    Posted to MM-Recipes Digest V3 #256
  
    Date: Wed, 18 Sep 1996 18:09:42 -0400
  
    From: BobbieB1@aol.com
 
</step></directions></recipe></recipeml>
