<?xml version="1.0" encoding="UTF-8"?>

<recipeml version="0.5">
  <recipe>
    <head>
      <title>Apricot Glazed Chicken with Wild Rice</title>
      <categories>
        <cat>None</cat></categories>
      <yield>1</yield></head>
    <ingredients>
      <ing>
        <amt>
          <qty>3</qty>
          <unit>pounds</unit></amt>
        <item>Chicken pieces (up to 4)</item></ing>
      <ing>
        <amt>
          <qty>1</qty>
          <unit/></amt>
        <item>Jar (12 oz) apricot preserves</item></ing>
      <ing>
        <amt>
          <qty>2</qty>
          <unit>tablespoons</unit></amt>
        <item>Red wine vinegar</item></ing>
      <ing>
        <amt>
          <qty>1</qty>
          <unit>teaspoon</unit></amt>
        <item>Salt</item></ing>
      <ing>
        <amt>
          <qty>1</qty>
          <unit>dash</unit></amt>
        <item>Pepper</item></ing>
      <ing>
        <amt>
          <qty>1</qty>
          <unit>package</unit></amt>
        <item>Long grain and wild rice</item></ing>
      <ing>
        <amt>
          <qty>1</qty>
          <unit>package</unit></amt>
        <item>(10 oz) frozen peas</item></ing></ingredients>
    <directions>
      <step>  Mary Beth Roe "My Family's Favorites"
  
  BAKE:  400
  
  Bake chicken pieces 30 minutes.  Mix apricot preserves, vinegar, salt and
  pepper.  Cook rice according to package directions.  Add onion and chicken
  flavoring, if desired.  After chicken has baked 30 minutes, spoon apricot
  mixture over chicken and bake 20 minutes more, basting occasionally.  Stir
  frozen peas into cooked rice.  Serve chicken pieces and extra sauce with
  rice pilaf.
  Posted to EAT-L Digest 20 October 96
  
  Date:    Mon, 21 Oct 1996 08:35:41 -0400
  
  From:    Grace Wagner &lt;wgmm@MAIN.CITYNET.NET&gt;
 
</step></directions></recipe></recipeml>
