<?xml version="1.0" encoding="UTF-8"?>

<recipeml version="0.5">
  <recipe>
    <head>
      <title>Apricot Lattice Pie</title>
      <categories>
        <cat>Pies</cat></categories>
      <yield>1</yield></head>
    <ingredients>
      <ing>
        <amt>
          <qty>1</qty>
          <unit>cup</unit></amt>
        <item>Sugar</item></ing>
      <ing>
        <amt>
          <qty>1/8</qty>
          <unit>teaspoons</unit></amt>
        <item>Salt</item></ing>
      <ing>
        <amt>
          <qty>1/4</qty>
          <unit>teaspoons</unit></amt>
        <item>Nutmeg</item></ing>
      <ing>
        <amt>
          <qty>1/4</qty>
          <unit>teaspoons</unit></amt>
        <item>Cinnamon</item></ing>
      <ing>
        <amt>
          <qty>2 1/2</qty>
          <unit>tablespoons</unit></amt>
        <item>Tapioca</item></ing>
      <ing>
        <amt>
          <qty/>
          <unit/></amt>
        <item>Pastry For 2-Crust Pie</item></ing>
      <ing>
        <amt>
          <qty>3</qty>
          <unit>cups</unit></amt>
        <item>Fresh Apricots; Pitted</item></ing>
      <ing>
        <amt>
          <qty>1</qty>
          <unit>tablespoon</unit></amt>
        <item>Butter</item></ing>
      <ing>
        <amt>
          <qty/>
          <unit/></amt>
        <item>Granulated Sugar</item></ing></ingredients>
    <directions>
      <step>  1. In a small bowl mix the sugar, salt, spices and tapioca.
  
  2. Sprinkle 1 tablespoon of mixture in unbaked pie shell.
  
  3. Fill with apricots.
  
  4. Cover with remaining sugar mixture. Dot with butter.
  
  5. Roll out remaining pie crust.
  
  6. Cut in 1/2" strips with pastry wheel; arrange over fruit in lattice
  effect.
  
  7. Sprinkle with sugar.
  
  8. Bake at 400 degrees for 15 minutes; reduce heat to 375 degrees and bake
  at additional 30 minutes.
  
  Recipe by: DG
  
  Posted to recipelu-digest Volume 01 Number 192 by "Diane Geary"
  &lt;diane@keyway.net&gt; on Nov 3, 1997
 
</step></directions></recipe></recipeml>
