<?xml version="1.0" encoding="UTF-8"?>

<recipeml version="0.5">
  <recipe>
    <head>
      <title>Basic Rice Pudding</title>
      <categories>
        <cat>Desserts</cat></categories>
      <yield>1</yield></head>
    <ingredients>
      <ing>
        <amt>
          <qty>1/3</qty>
          <unit>cups</unit></amt>
        <item>Rice</item></ing>
      <ing>
        <amt>
          <qty>2</qty>
          <unit>tablespoons</unit></amt>
        <item>Butter</item></ing>
      <ing>
        <amt>
          <qty>4</qty>
          <unit>cups</unit></amt>
        <item>Milk</item></ing>
      <ing>
        <amt>
          <qty>3</qty>
          <unit>tablespoons</unit></amt>
        <item>Sugar</item></ing>
      <ing>
        <amt>
          <qty>1/8</qty>
          <unit>teaspoons</unit></amt>
        <item>Salt</item></ing>
      <ing>
        <amt>
          <qty/>
          <unit/></amt>
        <item>Nutmeg</item></ing></ingredients>
    <directions>
      <step>  Wash the rice in several changes of cold water. Drain the grains &amp;
  dry them between sheets of paper toweling. In a heavy 1-1/2-quart
  casserole melt the butter over low heat. Add the rice &amp; heat it,
  stirring constantly until the grains whiten. Do not let them brown.
  In a saucepan combine the milk with the sugar &amp; salt, &amp; scald it. Add
  it to the rice, stirring just long enough to blend. Let the milk
  bubble for a few seconds. Remove the casserole from the heat &amp;
  sprinkle the top of the rice &amp; milk with nutmeg. Cover the container
  securely &amp; set it in an oven preheated to 250 degrees. Bake the
  pudding for 1-1/2 hours, or until it is firm &amp; the grains of rice are
  very soft. Serve warm or cold.
  
  File ftp://ftp.idiscover.co.uk/pub/food/mealmaster/recipes/mmkah001.zip
 
</step></directions></recipe></recipeml>
