<?xml version="1.0" encoding="UTF-8"?>

<recipeml version="0.5">
  <recipe>
    <head>
      <title>Basic Pan Dulce (Mexican Sweet Bread)</title>
      <categories>
        <cat>Breads</cat></categories>
      <yield>12</yield></head>
    <ingredients>
      <ing-div>
        <title/>
        <ing>
          <amt>
            <qty>1</qty>
            <unit>package</unit></amt>
          <item>Active dry yeast</item></ing>
        <ing>
          <amt>
            <qty>1/2</qty>
            <unit>cups</unit></amt>
          <item>Lukewarm water</item></ing>
        <ing>
          <amt>
            <qty>1/2</qty>
            <unit>cups</unit></amt>
          <item>Granulated sugar PLUS</item></ing>
        <ing>
          <amt>
            <qty>1</qty>
            <unit>tablespoon</unit></amt>
          <item>Granulated sugar</item></ing>
        <ing>
          <amt>
            <qty>1</qty>
            <unit>teaspoon</unit></amt>
          <item>Salt</item></ing>
        <ing>
          <amt>
            <qty>3 1/2</qty>
            <unit>cups</unit></amt>
          <item>Flour; divided</item></ing>
        <ing>
          <amt>
            <qty>2</qty>
            <unit>tablespoons</unit></amt>
          <item>Vegetable shortening</item></ing>
        <ing>
          <amt>
            <qty>2</qty>
            <unit/></amt>
          <item>Eggs; beaten</item></ing></ing-div>
      <ing-div>
        <title>TOPPING</title>
        <ing>
          <amt>
            <qty>1/2</qty>
            <unit>cups</unit></amt>
          <item>Granulated sugar</item></ing>
        <ing>
          <amt>
            <qty>1/4</qty>
            <unit>cups</unit></amt>
          <item>Vegetable shortening</item></ing>
        <ing>
          <amt>
            <qty>1/4</qty>
            <unit>teaspoons</unit></amt>
          <item>Salt</item></ing>
        <ing>
          <amt>
            <qty>1</qty>
            <unit>teaspoon</unit></amt>
          <item>Ground cinnamon</item></ing>
        <ing>
          <amt>
            <qty>1</qty>
            <unit/></amt>
          <item>Egg yolk</item></ing>
        <ing>
          <amt>
            <qty>2/3</qty>
            <unit>cups</unit></amt>
          <item>Flour</item></ing></ing-div></ingredients>
    <directions>
      <step>  Stir together yeast, water, 1 tablespoon sugar and salt until yeast
  dissolves and bubbles. Add 1-3/4 cups flour and beat well. Cover and let
  stand in slightly warm place until doubled in bulk, about 45 to 50 minutes.
  
  Beat together shortening and remaining 1/2 cup sugar until fluffy. Beat in
  eggs. Add to risen dough along with the remaining flour, beating well.
  Dough will be moderately soft.
  
  Cover and let rise again until double in bulk, about 1 hour. Turn out on a
  floured board. Divide dough into 12 equal size pieces and form each piece
  into a round flat bun, about 4 inches in diameter.
  
  Place buns on greased baking sheet. Spread topping on each bun. Cover and
  let rise until doubled in bulk, about 50 to 60 minutes.
  
  Preheat oven to 400 degrees F. Bake buns for about 15 minutes or until
  edges are golden.
  
  TOPPING: Beat together until creamy sugar, shortening, salt and cinnamon,
  blending well. Add egg yolk and flour. Stir until crumbly.
  
  Makes 12 buns
  
  PER SERVING:
    Calories: 286 (25% fat)
    Fat: 8 grams
    Cholesterol: 53 mg
    Sodium 236 mg
 
</step></directions></recipe></recipeml>
