<?xml version="1.0" encoding="UTF-8"?>

<recipeml version="0.5">
  <recipe>
    <head>
      <title>Basic Scones</title>
      <categories>
        <cat>Bread</cat></categories>
      <yield>4</yield></head>
    <ingredients>
      <ing>
        <amt>
          <qty>8</qty>
          <unit>ounces</unit></amt>
        <item>Plain flour or plain wholemeal flour; if desired</item></ing>
      <ing>
        <amt>
          <qty>1</qty>
          <unit>teaspoon</unit></amt>
        <item>Cream of tartar</item></ing>
      <ing>
        <amt>
          <qty>1/2</qty>
          <unit>teaspoons</unit></amt>
        <item>Soda</item></ing>
      <ing>
        <amt>
          <qty>1</qty>
          <unit>pinch</unit></amt>
        <item>Salt</item></ing>
      <ing>
        <amt>
          <qty>2</qty>
          <unit>ounces</unit></amt>
        <item>Butter or margarine</item></ing>
      <ing>
        <amt>
          <qty>1</qty>
          <unit>ounce</unit></amt>
        <item>Caster sugar (granulated sugar)</item></ing>
      <ing>
        <amt>
          <qty>4</qty>
          <unit>ounces</unit></amt>
        <item>(fl) milk</item></ing>
      <ing>
        <amt>
          <qty/>
          <unit/></amt>
        <item>Milk to glaze</item></ing></ingredients>
    <directions>
      <step>  From: jills@vnet.IBM.com
  
  Date: 18 Feb 1994 05:18:12 -0500
  In answer to the recent request for scones, I dug some up from: Hamlyn All
  Colour Cakes and Baking cookbook.  It is an honest-to-goodness British
  cookbook.
  
  Fruit scones are my favorite, so I'll write the recipe for them first.
  Because this is a British cookbook, the measurements may look a little
  different than you're used to.  In these recipes, I assume that caster
  sugar is roughly equivalent to the American granulated sugar. Finally, we
  have Basic Scones.
  
  Preheat oven to 425 F.  Sift the flour, cream of tartar, baking soda and
  salt into a bowl.  Rub in the butter until the mixture resembles fine
  breadcrumbs.  Stir in the sugar and enough milk to mix to a soft dough.
  
  Turn onto a floured surface, knead lightly and roll out to a 3/4-inch
  thickness.  Cut into 2-inch rounds and place on a floured baking sheet.
  Brush with milk to glaze.
  
  Bake for 10 minutes then cool on a wire rack.  Serve with butter or cream,
  and jam.
  
  REC.FOOD.RECIPES
  
  From rec.food.cooking archives.  Downloaded from Glen's MM Recipe Archive,
  http://www.erols.com/hosey.
 
</step></directions></recipe></recipeml>
