<?xml version="1.0" encoding="UTF-8"?>

<recipeml version="0.5">
  <recipe>
    <head>
      <title>Basic Pasta Filling</title>
      <categories>
        <cat>Pasta &amp; ext</cat></categories>
      <yield>1</yield></head>
    <ingredients>
      <ing>
        <amt>
          <qty>2</qty>
          <unit>pounds</unit></amt>
        <item>Ricotta cheese</item></ing>
      <ing>
        <amt>
          <qty>2</qty>
          <unit>cups</unit></amt>
        <item>Mozzarella cheese; grated</item></ing>
      <ing>
        <amt>
          <qty>1</qty>
          <unit>cup</unit></amt>
        <item>Parmasean cheese; grated</item></ing>
      <ing>
        <amt>
          <qty>2</qty>
          <unit/></amt>
        <item>Large egg yolks</item></ing>
      <ing>
        <amt>
          <qty>1 1/2</qty>
          <unit>tablespoons</unit></amt>
        <item>Fresh garlic; minced</item></ing>
      <ing>
        <amt>
          <qty>1</qty>
          <unit>tablespoon</unit></amt>
        <item>Dry oregano</item></ing>
      <ing>
        <amt>
          <qty>1</qty>
          <unit>tablespoon</unit></amt>
        <item>Dry basil</item></ing>
      <ing>
        <amt>
          <qty/>
          <unit/></amt>
        <item>To Taste kosher salt</item></ing>
      <ing>
        <amt>
          <qty/>
          <unit/></amt>
        <item>To Taste black pepper</item></ing></ingredients>
    <directions>
      <step>  1. Combine all ingredients.
  
  VARIATIONS:
  
  ***add 20 ounces of frozen spinach, well wrung out.
  
  ***add 1 cup finely chopped proscuitto
  
  ***add 1/2 cup chopped, cooked pancetta or hot ham
  
  *** substitute different herbs
  
  *** Be Creative &amp; have Fun!!!!!!!
  
  NOTES : 15 portions
  
  Recipe by: S.C.I. - Jamie
  
  Posted to recipelu-digest Volume 01 Number 514 by CuisineArt
  &lt;CuisineArt@aol.com&gt; on Jan 13, 1998
 
</step></directions></recipe></recipeml>
