<?xml version="1.0" encoding="UTF-8"?>

<recipeml version="0.5">
  <recipe>
    <head>
      <title>Basic Pasta Pt 2/2</title>
      <categories>
        <cat>New</cat>
        <cat>Text</cat>
        <cat>Import</cat></categories>
      <yield>1</yield></head>
    <ingredients>
      <ing>
        <amt>
          <qty/>
          <unit/></amt>
        <item>See part 1</item></ing></ingredients>
    <directions>
      <step>  Yield: 4 servings
  
  Recommended wine: A lighter-style Cabernet or Merlot would add a rich note
  to this dish.
  
  Copyright, 1996, TV FOOD NETWORK, G.P., All Rights Reserved
  Posted to MC-Recipe Digest V1 #332
  
  Recipe by: COOKING RIGHT SHOW #CR9679
  
  From: Bill Spalding &lt;billspa@icanect.net&gt;
  
  Date: Sun, 8 Dec 1996 04:29:39 -0500 (EST)
 
</step></directions></recipe></recipeml>
