<?xml version="1.0" encoding="UTF-8"?>

<recipeml version="0.5">
  <recipe>
    <head>
      <title>Basic Pasta Dough - Whole Wheat</title>
      <categories>
        <cat>Pasta</cat></categories>
      <yield>1</yield></head>
    <ingredients>
      <ing>
        <amt>
          <qty>1</qty>
          <unit>cup</unit></amt>
        <item>Whole wheat pastry flour (we've found it works much better if half of this is</item></ing>
      <ing>
        <amt>
          <qty/>
          <unit/></amt>
        <item>Unbleached white)</item></ing>
      <ing>
        <amt>
          <qty>1</qty>
          <unit>pinch</unit></amt>
        <item>Salt</item></ing>
      <ing>
        <amt>
          <qty>1</qty>
          <unit>teaspoon</unit></amt>
        <item>Olive oil</item></ing>
      <ing>
        <amt>
          <qty>1/4</qty>
          <unit>cups</unit></amt>
        <item>Water</item></ing></ingredients>
    <directions>
      <step>  Put it into a mixer with bread hooks or a food processor, and knead until
  really smooth. I suppose you could also do this by hand, but I haven't
  tried it!
  
  We've also substituted 1/4 of the flour with kamut, buckwheat etc. to add
  extra flavor, and the recipe suggested that chopped spinach, herbs, or
  tomato paste could be added.
  
  From astels@fsd.cpsc.ucalgary.ca (astels)
  
  Posted to MM-Recipes Digest V4 #169 by Nancy Miller
  &lt;millern@redwood.cc.andrews.edu&gt; on Jul 1, 1997
 
</step></directions></recipe></recipeml>
