<?xml version="1.0" encoding="UTF-8"?>

<recipeml version="0.5">
  <recipe>
    <head>
      <title>Basic Oriental Fried Rice</title>
      <categories>
        <cat>Oriental</cat>
        <cat>Grains</cat>
        <cat>Tried</cat></categories>
      <yield>8</yield></head>
    <ingredients>
      <ing>
        <amt>
          <qty>6</qty>
          <unit>cups</unit></amt>
        <item>Rice, cooked, cold</item></ing>
      <ing>
        <amt>
          <qty>2</qty>
          <unit>large</unit></amt>
        <item>Eggs; beaten with dash of salt</item></ing>
      <ing>
        <amt>
          <qty>1/2</qty>
          <unit>teaspoons</unit></amt>
        <item>Salt</item></ing>
      <ing>
        <amt>
          <qty>2</qty>
          <unit>tablespoons</unit></amt>
        <item>Soy sauce, Dark</item></ing>
      <ing>
        <amt>
          <qty>1</qty>
          <unit>teaspoon</unit></amt>
        <item>Wine, cooking</item></ing>
      <ing>
        <amt>
          <qty>2</qty>
          <unit/></amt>
        <item>Green onion stalks, chopped fine</item></ing>
      <ing>
        <amt>
          <qty>1</qty>
          <unit>cup</unit></amt>
        <item>Peas; frozen thawed</item></ing>
      <ing>
        <amt>
          <qty>4</qty>
          <unit>tablespoons</unit></amt>
        <item>Peanut oil</item></ing></ingredients>
    <directions>
      <step>  1.  Into a hot wok, add 1 tablespoon of peanut oil.  When oil is hot,
  gently pour egg into wok and cook with medium-high heat for 2 minutes and
  then turn over to cook the other side of the egg.  Cook for another 2
  minutes and remove from wok to a cutting board.  Shred egg into slivers.
  
  2.  Use medium heat, add 3 tablespoons of peanut oil into wok until smoke
  begins to rise.  Put in cooked rice, salt, wine, and dark soy sauce. Keep
  stirring until the rice is hot.  Add peas, egg slivers, and green onions.
  Stir for another minute and serve hot.
  
  "There are many ways to do fried rice, depending on the kinds of
  ingredients employed.  The specific name is called when a specific kind of
  ingredient, mostly meat is added to the basic fried rice. Fried rice can be
  made ahead of time and kept warm in oven.  It freezes well in deep freeze
  too."  - Stephen Yan
  
  Source: Chinese Recipes by Stephen Yan 5th Edition Typos by Vern
  
  From: Barry Weinstein                 Date: 08-24-95
    Posted to MM-Recipes Digest V3 #255
  
    Date: Tue, 17 Sep 1996 23:55:52 -0400
  
    From: BobbieB1@aol.com
 
</step></directions></recipe></recipeml>
