<?xml version="1.0" encoding="UTF-8"?>

<recipeml version="0.5">
  <recipe>
    <head>
      <title>Basic Salsa</title>
      <categories>
        <cat>Dips</cat>
        <cat>Condiments</cat>
        <cat>Salsa</cat></categories>
      <yield>2</yield></head>
    <ingredients>
      <ing>
        <amt>
          <qty>1</qty>
          <unit/></amt>
        <item>Whole clove garlic</item></ing>
      <ing>
        <amt>
          <qty>1</qty>
          <unit>pound</unit></amt>
        <item>Ripe plum tomatoes, cored and finely diced but not peeled</item></ing>
      <ing>
        <amt>
          <qty>1/2</qty>
          <unit>small</unit></amt>
        <item>Red onion, finely chopped</item></ing>
      <ing>
        <amt>
          <qty>1/4</qty>
          <unit>cups</unit></amt>
        <item>Minced fresh coriander OR</item></ing>
      <ing>
        <amt>
          <qty>1/4</qty>
          <unit>cups</unit></amt>
        <item>Minced flat leaf parsley, plus 1/2 tsp ground coriander</item></ing>
      <ing>
        <amt>
          <qty>1</qty>
          <unit>tablespoon</unit></amt>
        <item>Lime juice</item></ing>
      <ing>
        <amt>
          <qty>1/4</qty>
          <unit>teaspoons</unit></amt>
        <item>Salt</item></ing></ingredients>
    <directions>
      <step>  Keep this savory sauce on hand as a dip for taco chips, a topping for
  scrambled eggs, or an accompaniment for Tex Mex dishes
  
  Prep time:  15 minutes Cook time: 2 minutes.
  
  Drop the garlic into a small saucepan of boiling water.  Let
  boil,uncovered, over moderate heat for 2 minutes.  Drain well, then mince.
  Place the minced garlic in a medium sized bowl and mix in the
  tomatoes,onion, coriander, lim juice, and salt.  Cover with plastic food
  wrap and let stand at room temperature for 1 hour.  Transfer the mixture to
  a 1 quart preserving jar. Keeps in the refrigerator for 10 days. Makes
    2-1/3    cups.
  
  RED HOT SALSA
  
  Increase the garlic to 2 cloves, the lime juice to 1-1/2 tbsp, and add 1
  tbsp chopped jalapeno pepper and 1/4 tsp red pepper sauce. Proceed as
  directed.
  
  Makes 2-1/3 cups. **Wash hands after handling the pepper**
  
  ///\oo/\\\ From the hearth in Sandee's Kitchen...
  Posted to MM-Recipes Digest  by "John Weber" &lt;hdbrer@ibm.net&gt; on Feb 08, 98
 
</step></directions></recipe></recipeml>
