<?xml version="1.0" encoding="UTF-8"?>

<recipeml version="0.5">
  <recipe>
    <head>
      <title>Basic Roquefort Dressing</title>
      <categories>
        <cat>Salads</cat>
        <cat>Dressings</cat>
        <cat>Cheese/eggs</cat>
        <cat>Favorite</cat></categories>
      <yield>4</yield></head>
    <ingredients>
      <ing>
        <amt>
          <qty>1</qty>
          <unit>cup</unit></amt>
        <item>Roquefort (or Blue) cheese</item></ing>
      <ing>
        <amt>
          <qty>1</qty>
          <unit>tablespoon</unit></amt>
        <item>Worcestershire sauce</item></ing>
      <ing>
        <amt>
          <qty>1</qty>
          <unit>tablespoon</unit></amt>
        <item>Lemon juice</item></ing>
      <ing>
        <amt>
          <qty>2/3</qty>
          <unit>cups</unit></amt>
        <item>Salad oil</item></ing>
      <ing>
        <amt>
          <qty>2</qty>
          <unit>tablespoons</unit></amt>
        <item>Vinegar</item></ing></ingredients>
    <directions>
      <step>  Mash cheese with a little oil. Add Worcestershire sauce, lemon juice,
  vinegar and balance of oil. Shake well until creamy. There are lots of
  recipes, but this is my personal favorite. Enjoy.
  
  From Gemini's MASSIVE MealMaster collection at www.synapse.com/~gemini
 
</step></directions></recipe></recipeml>
