<?xml version="1.0" encoding="UTF-8"?>

<recipeml version="0.5">
  <recipe>
    <head>
      <title>Basic Red Chile Sauce</title>
      <categories>
        <cat>Sauce</cat></categories>
      <yield>16</yield></head>
    <ingredients>
      <ing>
        <amt>
          <qty>8</qty>
          <unit/></amt>
        <item>Dried red chiles (see note)</item></ing>
      <ing>
        <amt>
          <qty>4</qty>
          <unit>cups</unit></amt>
        <item>Water</item></ing>
      <ing>
        <amt>
          <qty>2</qty>
          <unit>tablespoons</unit></amt>
        <item>Flour</item></ing>
      <ing>
        <amt>
          <qty>2</qty>
          <unit>tablespoons</unit></amt>
        <item>Vegetable oil</item></ing>
      <ing>
        <amt>
          <qty>2</qty>
          <unit/></amt>
        <item>Cloves (large) garlic; chopped</item></ing>
      <ing>
        <amt>
          <qty>1</qty>
          <unit>pinch</unit></amt>
        <item>Dried oregano</item></ing>
      <ing>
        <amt>
          <qty>1</qty>
          <unit>teaspoon</unit></amt>
        <item>Cider vinegar</item></ing></ingredients>
    <directions>
      <step>  Date: Fri, 22 Mar 1996 15:48:29 -0500
  
  From: Walt Gray &lt;waltgray@mnsinc.com&gt;
  Here is one that I really like. It works well on Chiles Rellanos.
  
  Wearing gloves, use a small knife to remove chile stems and seeds, then
  wash the chiles well. Place in a saucepan with the water and bring to a
  boil over high heat; boil for 5 minutes, then allow to sit for 10 to 15
  minutes. Whirl the water and chiles in a food processor or blender, in
  batches if necessary, for 20 to 30 seconds, or until the skins are finely
  chopped. Pass through a strainer, pressing the chile pieces through with a
  wooden spoon. In a medium skillet, make a roux by combining the flour and
  oil. Saute over low heat for 2 minutes, then add the garlic, chile mixture,
  oregano and vinegar. Stir well and simmer for 15 to 20 minutes. The sauce
  will keep in the refrigerator, tightly covered, for about 5 days, or it can
  be frozen for 2 to 3 months.
  
  NOTE: For a spicy sauce, use 1 New Mexico and 7 California chiles.
  Eliminate the New Mexico chile for a milder sauce.
  
  MM-RECIPES@IDISCOVER.NET
  
  MEAL-MASTER RECIPES LIST SERVER
  
  MM-RECIPES DIGEST V3 #83
  
  From the MealMaster recipe list.  Downloaded from Glen's MM Recipe Archive,
  http://www.erols.com/hosey.
 
</step></directions></recipe></recipeml>
