<?xml version="1.0" encoding="UTF-8"?>

<recipeml version="0.5">
  <recipe>
    <head>
      <title>Basic Pie Shell (Lo Cal)</title>
      <categories>
        <cat>Diabetic</cat>
        <cat>Desserts</cat>
        <cat>Low-fat/cal</cat></categories>
      <yield>1</yield></head>
    <ingredients>
      <ing>
        <amt>
          <qty>1/3</qty>
          <unit>cups</unit></amt>
        <item>Crisco chilled</item></ing>
      <ing>
        <amt>
          <qty>1</qty>
          <unit>cup</unit></amt>
        <item>Flour (sifted)</item></ing>
      <ing>
        <amt>
          <qty>1/4</qty>
          <unit>teaspoons</unit></amt>
        <item>Salt</item></ing>
      <ing>
        <amt>
          <qty>2</qty>
          <unit>tablespoons</unit></amt>
        <item>Water (may need up tp 4 T)</item></ing></ingredients>
    <directions>
      <step>   Either by hand or in a processor cut shortening into the flour and
  salt until fine crumbs. Add water 1T at a time until a ball forms.
  Wrap in plastic and chill for one hour. Roll out to fit a 9" pie
  pan.Bake at 425 for 10-12 minutes or leave unbaked if oie recipe
  calls for unbaked shell. exchange: 1 bread 1 fat recipe makes enough
  for 8 servings (shell alone 120 calories per serving) source diabetic
  dessert cookbook
  
  Reposted 4 you and yours via Nancy O'brion and her Meal-Master
  
  File ftp://ftp.idiscover.co.uk/pub/food/mealmaster/recipes/diabetic.zip
 
</step></directions></recipe></recipeml>
