<?xml version="1.0" encoding="UTF-8"?>

<recipeml version="0.5">
  <recipe>
    <head>
      <title>Basic Pan-Fried Egg Foo Yung</title>
      <categories>
        <cat>Eggs</cat></categories>
      <yield>8</yield></head>
    <ingredients>
      <ing>
        <amt>
          <qty>6</qty>
          <unit/></amt>
        <item>Eggs</item></ing>
      <ing>
        <amt>
          <qty>3/4</qty>
          <unit>teaspoons</unit></amt>
        <item>Salt</item></ing>
      <ing>
        <amt>
          <qty>1</qty>
          <unit>cup</unit></amt>
        <item>Cooked meat or seafood</item></ing>
      <ing>
        <amt>
          <qty>1 1/2</qty>
          <unit>cups</unit></amt>
        <item>Vegetables</item></ing>
      <ing>
        <amt>
          <qty>2</qty>
          <unit>tablespoons</unit></amt>
        <item>Oil</item></ing></ingredients>
    <directions>
      <step>  1. Beat eggs; then season with salt.
  
  2. Shred or dice meat and vegetables (see "Combinations for Egg Foo Yung").
  Mix well with eggs.
  
  3. Heat oil. Spoon 2 to 3 tablespoons of egg mixture into pan to make one
  small omelet. (Fry each omelet separately.) Turn it over when bottom is
  done and brown lightly on the other side. Remove omelet and keep warm.
  
  4. Repeat process, adding more oil as needed. Serve omelets either plain,
  or with "Egg Foo Yung Sauce #1/#2" (see recipes). VARIATIONS: In step 1,
  add to the beaten eggs any or all of the following:
  
   a. 1 or 2 scallion stalks, minced
  
   b. 2 teaspoons soy sauce
  
   c. 1 teaspoon sherry
  
   d. 1/4 teaspoon garlic powder
  
   e. dash of pepper
  
  From &lt;The Thousand Recipe Chinese Cookbook&gt;, ISBN 0-517-65870-4. Downloaded
  from Glen's MM Recipe Archive, http://www.erols.com/hosey.
 
</step></directions></recipe></recipeml>
