<?xml version="1.0" encoding="UTF-8"?>

<recipeml version="0.5">
  <recipe>
    <head>
      <title>Basic Pizza Sauce</title>
      <categories>
        <cat>Italian</cat>
        <cat>Pizza</cat>
        <cat>Basics &amp; es</cat>
        <cat>Sauces &amp; dr</cat></categories>
      <yield>10</yield></head>
    <ingredients>
      <ing>
        <amt>
          <qty>1/4</qty>
          <unit>cups</unit></amt>
        <item>Minced fresh basil</item></ing>
      <ing>
        <amt>
          <qty>2</qty>
          <unit>tablespoons</unit></amt>
        <item>Dried basil</item></ing>
      <ing>
        <amt>
          <qty>1</qty>
          <unit>teaspoon</unit></amt>
        <item>Dried oregano</item></ing>
      <ing>
        <amt>
          <qty>1/4</qty>
          <unit>cups</unit></amt>
        <item>White wine</item></ing>
      <ing>
        <amt>
          <qty>1/2</qty>
          <unit>cups</unit></amt>
        <item>Grated onion</item></ing>
      <ing>
        <amt>
          <qty>2</qty>
          <unit>teaspoons</unit></amt>
        <item>Minced garlic</item></ing>
      <ing>
        <amt>
          <qty>2</qty>
          <unit>teaspoons</unit></amt>
        <item>Olive oil</item></ing>
      <ing>
        <amt>
          <qty>3</qty>
          <unit>cups</unit></amt>
        <item>Coarsely chopped plum tomatoes</item></ing>
      <ing>
        <amt>
          <qty>1</qty>
          <unit>tablespoon</unit></amt>
        <item>Tomato paste</item></ing></ingredients>
    <directions>
      <step>  In a small bowl steep basil and oregano in white wine for 10 minutes.
  
  In a large skillet over medium-high heat, sautŽ onion and garlic in olive
  oil for 5 minutes, stirring frequently. Add tomatoes and tomato paste, then
  steeped herbs and wine. Cover and cook 15 minutes.
  
  Remove sauce from heat and puree in a blender or food processor. Sauce may
  be used on pizza or over pasta.
  
  Per serving: 30 Calories; 1g Fat (34% calories from fat); 1g Protein; 4g
  Carbohydrate; 0mg Cholesterol; 18mg Sodium
  
  NOTES : Yield: About 3 cups. A good, low-fat pizza sauce is a must for the
  healthy cook. The secret to the flavor of this, which uses very little oil,
  is steeping the dried basil and oregano in wine before cooking. This simple
  step draws out the flavor of the herbs -- the sauce tastes as if it had
  been cooking for hours.
  Recipe by: Ron West
  
  Posted to Bakery-Shoppe Digest by Ron West &lt;ronwest@centex.net&gt; on Feb 5,
  1998
 
</step></directions></recipe></recipeml>
