<?xml version="1.0" encoding="UTF-8"?>

<recipeml version="0.5">
  <recipe>
    <head>
      <title>Basic Pizza Dough</title>
      <categories>
        <cat>New text im</cat>
        <cat>Cooking rig</cat></categories>
      <yield>1</yield></head>
    <ingredients>
      <ing>
        <amt>
          <qty>2 1/2</qty>
          <unit>teaspoons</unit></amt>
        <item>(1 envelope) dry yeast</item></ing>
      <ing>
        <amt>
          <qty>1/2</qty>
          <unit>teaspoons</unit></amt>
        <item>Sugar</item></ing>
      <ing>
        <amt>
          <qty>3/4</qty>
          <unit>cups</unit></amt>
        <item>Lukewarm water</item></ing>
      <ing>
        <amt>
          <qty>2</qty>
          <unit>cups</unit></amt>
        <item>All-purpose flour</item></ing>
      <ing>
        <amt>
          <qty>1</qty>
          <unit>teaspoon</unit></amt>
        <item>Salt</item></ing>
      <ing>
        <amt>
          <qty>3</qty>
          <unit>tablespoons</unit></amt>
        <item>Olive oil</item></ing></ingredients>
    <directions>
      <step>  Mix the yeast, sugar, 1/2 cup water and 1/4 cup flour together in a bowl
  and let proof for 10 minutes. Mixture should look frothy. Add remaining
  flour, salt and olive oil and mix well. Turn out onto a lightly floured
  work surface and knead for 8-10 minutes or until dough is elastic and
  smooth. Alternately you can do this with the dough hook in a heavy duty
  mixer. Dough should feel moist and tender. If it's too stiff, add a bit
  more water.
  
  Place dough in an oiled bowl and turn to coat it evenly. Cover and let rise
  in a warm spot in kitchen (at least 75 degrees) for 1-2 hours.
  
  Yield: 1 large rectangular pizza
  Recipe By     : COOKING RIGHT SHOW #CR9724
  
  Posted to MC-Recipe Digest V1 #242
  
  Date: Sat, 12 Oct 1996 18:01:04 -0400 (EDT)
  
  From: Bill Spalding &lt;billspa@icanect.net&gt;
 
</step></directions></recipe></recipeml>
