<?xml version="1.0" encoding="UTF-8"?>

<recipeml version="0.5">
  <recipe>
    <head>
      <title>Basic Pizza Dough</title>
      <categories>
        <cat>Pizza</cat></categories>
      <yield>12</yield></head>
    <ingredients>
      <ing>
        <amt>
          <qty>4 1/2</qty>
          <unit>cups</unit></amt>
        <item>All-purpose flour</item></ing>
      <ing>
        <amt>
          <qty>1</qty>
          <unit/></amt>
        <item>Envelope active dry yeast</item></ing>
      <ing>
        <amt>
          <qty>1/2</qty>
          <unit>teaspoons</unit></amt>
        <item>Salt</item></ing>
      <ing>
        <amt>
          <qty>1 1/4</qty>
          <unit>cups</unit></amt>
        <item>Hot water (120 -130 deg. F)</item></ing></ingredients>
    <directions>
      <step>  Makes two 12" pizza crusts. 8 Servings each.
  
  1.  In a large bowl, combine 2 cups flour, the yeast and salt. With
  electric mixer, slowly beat in water; beat 2 minutes, occasionally scraping
  bowl with rubber spatula. With mixer on medium speed, beat in 1/2 cup
  flour; beat 2 minutes, until dough is stiff. Stir in 1 1/2 cups flour. 2.
  Sprinkle clean work surface with 1/4 cup flour. Knead dough Courtesy of
  Shareware PROFESSIONAL RECIPE CLIPPER 2.0
  
  Posted to MC-Recipe Digest V1 #222
  
  Date: Fri, 20 Sep 1996 20:51:48 -0400
  
  From: Eileen &amp; Bob Holze &lt;beck4@asan.com&gt;
 
</step></directions></recipe></recipeml>
