<?xml version="1.0" encoding="UTF-8"?>

<recipeml version="0.5">
  <recipe>
    <head>
      <title>Basic Pizza Dough</title>
      <categories>
        <cat>Bread machi</cat>
        <cat>Breads</cat></categories>
      <yield>1</yield></head>
    <ingredients>
      <ing>
        <amt>
          <qty>1</qty>
          <unit>package</unit></amt>
        <item>Yeast</item></ing>
      <ing>
        <amt>
          <qty>3</qty>
          <unit>cups</unit></amt>
        <item>White Flour</item></ing>
      <ing>
        <amt>
          <qty>3/4</qty>
          <unit>cups</unit></amt>
        <item>Milk</item></ing>
      <ing>
        <amt>
          <qty>2</qty>
          <unit>tablespoons</unit></amt>
        <item>Olive Oil</item></ing>
      <ing>
        <amt>
          <qty>1/2</qty>
          <unit>cups</unit></amt>
        <item>Water</item></ing>
      <ing>
        <amt>
          <qty>1/4</qty>
          <unit>teaspoons</unit></amt>
        <item>Salt</item></ing></ingredients>
    <directions>
      <step>  Here's a good basic pizza dough recipe from a Julia Child cookbook that
  coincidentally is perfect in the DAK breadmaker...
  
  I sometimes throw in a little cornmeal for a nice effect too. I highly
  recommend the combination we made last night - a pizza with a thin layer of
  ricotta cheese, a good amount of mozzerella, a decent sprinkling of smoked
  salmon (it was really a tiny amount, just a few ounces) and some fresh
  thyme. Throw it on the pizza stone which has been heating in the oven at
  425 (about 10-15 minutes of pre-heating) and then cook for abou;t 10
  minutes or until the top has started to brown.
  
  &gt;From: ace@tidbits.halcyon.com (Adam C. Engst)
  From: Bread-Bakers Archives: ftp.best.com/pub/reggie/archives/bread/recipe
  
  Recipe By     : Julia Child
 
</step></directions></recipe></recipeml>
