<?xml version="1.0" encoding="UTF-8"?>

<recipeml version="0.5">
  <recipe>
    <head>
      <title>Basic Pizza Sauce</title>
      <categories>
        <cat>Sauce</cat></categories>
      <yield>4</yield></head>
    <ingredients>
      <ing>
        <amt>
          <qty>1</qty>
          <unit>can</unit></amt>
        <item>(35-oz) whole tomatoes</item></ing>
      <ing>
        <amt>
          <qty>1</qty>
          <unit>teaspoon</unit></amt>
        <item>Basil; oregano, or marjoram</item></ing>
      <ing>
        <amt>
          <qty>1</qty>
          <unit/></amt>
        <item>Clove garlic; peeled, crushed and minced</item></ing>
      <ing>
        <amt>
          <qty>2</qty>
          <unit>tablespoons</unit></amt>
        <item>Tomato paste; optional</item></ing>
      <ing>
        <amt>
          <qty/>
          <unit/></amt>
        <item>Black pepper; freshly ground, to taste</item></ing>
      <ing>
        <amt>
          <qty/>
          <unit/></amt>
        <item>Salt; to taste</item></ing></ingredients>
    <directions>
      <step>  From: kmeade@ids2.idsonline.com (The Meades)
  
  Date: Wed, 1 May 1996 14:56:12 -0400
  
  Recipe By: Evelyne Slomon - The Pizza Book
  1. Pour the contents of the tomato can into a 2-quart, heavy non-aluminum
  saucepan and coarsely crush the tomatoes with a fork.
  
  2.  Add the herbs, garlic, tomato paste, salt, and pepper.
  
  3. Bring to a bubble over medium heat, stiring to mix the seasonings.
  
  4. As soon as the sauce begins to bubble, turn the heat to low and maintain
  the sauce at a gentle simmer.
  
  5. Cook, uncovered, stiring from time to time, for a minimum of 15 minutes
  and a maximum of 1 hour.
  
  MC-RECIPE@MASTERCOOK.COM
  
  MASTERCOOK RECIPES LIST SERVER
  
  MC-RECIPE DIGEST V1 #66
  
  From the MasterCook recipe list.  Downloaded from Glen's MM Recipe Archive,
  http://www.erols.com/hosey.
 
</step></directions></recipe></recipeml>
