<?xml version="1.0" encoding="UTF-8"?>

<recipeml version="0.5">
  <recipe>
    <head>
      <title>Basil Cornbread</title>
      <categories>
        <cat>None</cat></categories>
      <yield>16</yield></head>
    <ingredients>
      <ing>
        <amt>
          <qty>1</qty>
          <unit>cup</unit></amt>
        <item>Cornmeal</item></ing>
      <ing>
        <amt>
          <qty>1</qty>
          <unit>cup</unit></amt>
        <item>Unbleached flour</item></ing>
      <ing>
        <amt>
          <qty>2</qty>
          <unit>tablespoons</unit></amt>
        <item>Granulated sugar</item></ing>
      <ing>
        <amt>
          <qty>4</qty>
          <unit>teaspoons</unit></amt>
        <item>Baking powder</item></ing>
      <ing>
        <amt>
          <qty>3/4</qty>
          <unit>teaspoons</unit></amt>
        <item>Salt</item></ing>
      <ing>
        <amt>
          <qty>1/4</qty>
          <unit>teaspoons</unit></amt>
        <item>Black pepper</item></ing>
      <ing>
        <amt>
          <qty>1</qty>
          <unit/></amt>
        <item>Egg white -- whipped</item></ing>
      <ing>
        <amt>
          <qty>1</qty>
          <unit>cup</unit></amt>
        <item>Skim milk -- at room</item></ing>
      <ing>
        <amt>
          <qty/>
          <unit/></amt>
        <item>Temperature</item></ing>
      <ing>
        <amt>
          <qty>1/4</qty>
          <unit>cups</unit></amt>
        <item>Applesauce -- at room</item></ing>
      <ing>
        <amt>
          <qty/>
          <unit/></amt>
        <item>Temperature</item></ing>
      <ing>
        <amt>
          <qty>3</qty>
          <unit>tablespoons</unit></amt>
        <item>Basil</item></ing></ingredients>
    <directions>
      <step>  Preheat oven at 350.  Prepare a 8" square baking pan with cooking spray and
  flour. In a mixing bowl, combine cornmeal. flour, sugar, baking powder,
  salt, and pepper.  In another mixing bowl, combine egg white, milk,
  applesauce, and basil.  Mix dry ingredients with wet ingredients just until
  moistened.  Spread batter into prepared pan.  Bake for 18 to 22 minutes, or
  until top is light golden.
  
  Recipe By     : Cheap Eats
  
  File ftp://ftp.idiscover.co.uk/pub/food/mealmaster/recipes/mmdja006.zip
 
</step></directions></recipe></recipeml>
