<?xml version="1.0" encoding="UTF-8"?>

<recipeml version="0.5">
  <recipe>
    <head>
      <title>Basil Brie in Pastry</title>
      <categories>
        <cat>Appetizers</cat>
        <cat>Cheese</cat>
        <cat>Company</cat></categories>
      <yield>12</yield></head>
    <ingredients>
      <ing>
        <amt>
          <qty>2</qty>
          <unit>tablespoons</unit></amt>
        <item>Parmesan cheese; grated</item></ing>
      <ing>
        <amt>
          <qty>2</qty>
          <unit>tablespoons</unit></amt>
        <item>Basil, fresh or</item></ing>
      <ing>
        <amt>
          <qty>2</qty>
          <unit>teaspoons</unit></amt>
        <item>Dried basil</item></ing>
      <ing>
        <amt>
          <qty>1</qty>
          <unit/></amt>
        <item>Round brie (14 ounces)</item></ing>
      <ing>
        <amt>
          <qty>1/2</qty>
          <unit>packages</unit></amt>
        <item>Frozen puff pastry; thawed</item></ing></ingredients>
    <directions>
      <step>  Heat oven to 400 degrees.  Grease cookie sheet.  Mix Parmesan cheese and
  basil.  Cut cheese round horizontally into two layers.  Sprinkle basil
  mixture evenly over cut surface.  Reassemble cheese round.
  
  Roll puff pastry into rectangle, 15 x 9 inches, on lightly floured surface.
  Cut out 2 circles, 8 1/2 and 6 inches.  Place 8 1/2 inch circle on cookie
  sheet.  Place cheese in center.  Bring pastry up and over cheese. Press to
  make smooth and even.  Brush top edge of pastry lightly with water. Place
  6-inch circle on top and press gently around edge to seal. Cut decorations
  from remaining pastry if desired. Moisten pastry with water and attach.
  
  Bake about 25 minutes or until golden brown.  Cool on wire rack 30 minutes
  before serving.  Serve with assorted crackers or fruit.
  Recipe By     : Betty Crocker
  
  Posted to FOODWINE Digest 27 November 96
  
  Date:    Wed, 27 Nov 1996 12:20:10 +0000
  
  From:    Chris Marksberry &lt;chrism1@MAIL.PHOENIX.NET&gt;
  
  NOTES : Looks like a lot of work, but it's easy because of the frozen puff
  pastry.
 
</step></directions></recipe></recipeml>
