<?xml version="1.0" encoding="UTF-8"?>

<recipeml version="0.5">
  <recipe>
    <head>
      <title>Basil Grilled Chicken</title>
      <categories>
        <cat>Poultry</cat></categories>
      <yield>6</yield></head>
    <ingredients>
      <ing-div>
        <title>MARINADE</title>
        <ing>
          <amt>
            <qty>2/3</qty>
            <unit>cups</unit></amt>
          <item>Vegetable oil</item></ing>
        <ing>
          <amt>
            <qty>1/2</qty>
            <unit>cups</unit></amt>
          <item>Dry white wine or chicken broth</item></ing>
        <ing>
          <amt>
            <qty>1</qty>
            <unit>tablespoon</unit></amt>
          <item>Finely chopped fresh garlic</item></ing>
        <ing>
          <amt>
            <qty>2</qty>
            <unit>teaspoons</unit></amt>
          <item>Dried basil leaves</item></ing>
        <ing>
          <amt>
            <qty>1</qty>
            <unit>teaspoon</unit></amt>
          <item>Salt</item></ing>
        <ing>
          <amt>
            <qty>1/2</qty>
            <unit>teaspoons</unit></amt>
          <item>Pepper</item></ing></ing-div>
      <ing-div>
        <title>CHICKEN</title>
        <ing>
          <amt>
            <qty>1</qty>
            <unit/></amt>
          <item>3-4-pound frying chicken; cut in 8 pieces</item></ing></ing-div></ingredients>
    <directions>
      <step>  In a large resealable plastic food bag combine all marinade ingredients;
  add chicken piese. Thightly seal bag. Turn bag several times to coat
  chicken. Place in 13x9 inch pan. Refrigerate, turning occasionally, at
  least 4 hours or overnight.
  
  Prepare grill placing coals to one side; heat until coals are ash white.
  Make aluminum foil drip pan; place opposite coals.
  
  Meanwhile, with slotted spoon remove chicken from marinade; reserve
  marinade. In 1 quart saucepan bring marinade to a full boil (2-3 minutes).
  
  Place chicken on grill over drip pan. Grill, turning and basting
  occasionally with marinade, until chicken is fork tender (40-50 minutes).
  Just before serving, brush marinade over chicken.
  
  Recipe by: New Chicken
  
  Posted to MC-Recipe Digest V1 #995 by L979 &lt;L979@aol.com&gt; on Jan 8, 1998
 
</step></directions></recipe></recipeml>
