<?xml version="1.0" encoding="UTF-8"?>

<recipeml version="0.5">
  <recipe>
    <head>
      <title>Basil-Red Pepper Muffins</title>
      <categories>
        <cat>Grain</cat>
        <cat>Breakfast</cat>
        <cat>Muffins</cat></categories>
      <yield>12</yield></head>
    <ingredients>
      <ing>
        <amt>
          <qty>1</qty>
          <unit>cup</unit></amt>
        <item>Skim milk</item></ing>
      <ing>
        <amt>
          <qty>1/3</qty>
          <unit>cups</unit></amt>
        <item>Olive oil</item></ing>
      <ing>
        <amt>
          <qty>2</qty>
          <unit/></amt>
        <item>Egg whites or</item></ing>
      <ing>
        <amt>
          <qty>1/4</qty>
          <unit>cups</unit></amt>
        <item>Cholesterol-free egg product</item></ing>
      <ing>
        <amt>
          <qty>2</qty>
          <unit>cups</unit></amt>
        <item>All-purpose flour</item></ing>
      <ing>
        <amt>
          <qty>1/3</qty>
          <unit>cups</unit></amt>
        <item>Chopped red bell pepper</item></ing>
      <ing>
        <amt>
          <qty>1/4</qty>
          <unit>cups</unit></amt>
        <item>Chopped green onions (with</item></ing>
      <ing>
        <amt>
          <qty/>
          <unit/></amt>
        <item>Tops)</item></ing>
      <ing>
        <amt>
          <qty>2</qty>
          <unit>tablespoons</unit></amt>
        <item>Chopped fresh or</item></ing>
      <ing>
        <amt>
          <qty>1</qty>
          <unit>teaspoon</unit></amt>
        <item>Dried basil</item></ing>
      <ing>
        <amt>
          <qty>1</qty>
          <unit>tablespoon</unit></amt>
        <item>Sugar</item></ing>
      <ing>
        <amt>
          <qty>3</qty>
          <unit>teaspoons</unit></amt>
        <item>Baking powder</item></ing>
      <ing>
        <amt>
          <qty>1/2</qty>
          <unit>teaspoons</unit></amt>
        <item>Salt</item></ing>
      <ing>
        <amt>
          <qty>1/8</qty>
          <unit>teaspoons</unit></amt>
        <item>Pepper</item></ing></ingredients>
    <directions>
      <step>  Heat oven to 400 degrees. Spray 12 medium muffin cups, 2-1/2 X 1-1/4
  inches, with nonstick cooking spray. Beat milk, oil and egg whites in large
  bowl, using fork. Stir in remaining ingredients just until flour is
  moistened. Divide batter among muffin cups. Bake 18 to 20 minutes or until
  golden brown. Immediately remove muffins from pan.
  
  MICROWAVE DIRECTIONS: Place 6 paper baking cups in microwavable muffin
  ring. Prepare batter as directed. Fill each muffin cup with scant 1/4 cup
  batter. Microwave uncovered on high 3 to 5 minutes, rotating ring 1/4 turn
  every minute, until tops are almost dry and wooden pick inserted in centers
  comes out clean. (Parts of muffins may appear slightly moist but will
  continue to cook while standing.) Immediately remove muffins from ring. Let
  stand uncovered on wire rack 2 minutes. Repeat with remaining batter. 12
  MUFFINS. Recipe by: Betty Crocker's Low-Fat
  Posted to MM-Recipes Digest V4 #190 by "Bob &amp; Carole Walberg"
  &lt;walbergr@mb.sympatico.ca&gt; on Jul 23, 1997
 
</step></directions></recipe></recipeml>
