<?xml version="1.0" encoding="UTF-8"?>

<recipeml version="0.5">
  <recipe>
    <head>
      <title>Basil Garlic Vinegar</title>
      <categories>
        <cat/></categories>
      <yield>1</yield></head>
    <ingredients>
      <ing-div>
        <title>LORI NORMAN RFHH52E</title>
        <ing>
          <amt>
            <qty>1/2</qty>
            <unit>cups</unit></amt>
          <item>Fresh basil leaves; coarsely chopped</item></ing>
        <ing>
          <amt>
            <qty>2</qty>
            <unit/></amt>
          <item>Cloves garlic; peeled; split</item></ing>
        <ing>
          <amt>
            <qty/>
            <unit/></amt>
          <item>Vinegar</item></ing>
        <ing>
          <amt>
            <qty/>
            <unit/></amt>
          <item>Pint jar; sterilized</item></ing></ing-div></ingredients>
    <directions>
      <step>  Place 1/2 cup coarsely chopped fresh basil leaves and 2 cloves split peeled
  garlic in a sterilized pint jar. Heat wine or distilled WHITE vinegar to
  just below the boiling point. Fill jar with vinegar, and cap tightly. Allow
  to stand 3 to 4 weeks. Strain vinegar, discarding basil and garlic. Pour
  vinegar into a clean sterilized jar, adding a new sprig of fresh basil, if
  desired. Seal tightly.  Use in dressings for rice, pasta, antipasto salads
  or in flavored mayonnaise. Source: *P 4/25/93 MM Format Norma Wrenn npxr56b
  Posted to MM-Recipes Digest V5 #009 by scotlyn@juno.com (Daniel S Johnson)
  on Jan 8, 1998
 
</step></directions></recipe></recipeml>
