<?xml version="1.0" encoding="UTF-8"?>

<recipeml version="0.5">
  <recipe>
    <head>
      <title>Basil-Cumin-Fennel Potatoes</title>
      <categories>
        <cat>Veg-cook</cat>
        <cat>August</cat></categories>
      <yield>1</yield></head>
    <ingredients>
      <ing>
        <amt>
          <qty/>
          <unit>x</unit></amt>
        <item>Potatoes, cooked peeled, and</item></ing>
      <ing>
        <amt>
          <qty/>
          <unit/></amt>
        <item>Cut into 1/2 inch dice</item></ing>
      <ing>
        <amt>
          <qty/>
          <unit>x</unit></amt>
        <item>A little garlic</item></ing>
      <ing>
        <amt>
          <qty/>
          <unit>x</unit></amt>
        <item>Equal amounts cumin seeds</item></ing>
      <ing>
        <amt>
          <qty/>
          <unit/></amt>
        <item>And fennel seeds (these</item></ing>
      <ing>
        <amt>
          <qty/>
          <unit/></amt>
        <item>Should add the main</item></ing>
      <ing>
        <amt>
          <qty/>
          <unit/></amt>
        <item>Flavors)</item></ing>
      <ing>
        <amt>
          <qty/>
          <unit>x</unit></amt>
        <item>Lots of fresh chopped basil</item></ing>
      <ing>
        <amt>
          <qty/>
          <unit/></amt>
        <item>(canned, dried would be</item></ing>
      <ing>
        <amt>
          <qty/>
          <unit/></amt>
        <item>Acceptable)</item></ing>
      <ing>
        <amt>
          <qty/>
          <unit>x</unit></amt>
        <item>Salt</item></ing>
      <ing>
        <amt>
          <qty/>
          <unit>x</unit></amt>
        <item>Black pepper</item></ing>
      <ing>
        <amt>
          <qty/>
          <unit>x</unit></amt>
        <item>Cayenne (optional)</item></ing></ingredients>
    <directions>
      <step>  Heat some oil in a pan.  When hot, throw in the cumin and fennel seeds.
  After a few seconds, put in the potatoes, along with the salt, black
  pepper, and cayenne.  Fry the potatoes, stirring occasionally, until they
  get crusty.  A minute before serving, add the basil. These can be eaten
  plain, or wrapped in a flour tortilla with yogurt, or in pita bread with
  yogurt.  If you're combining them with yogurt, the spices should be a bit
  heavier, as the yogurt is fairly bland.
  
  From: narad@nudibranch.asd.sgi.com (Chuck Narad).  rfvc Digest V94, Aug.
  30, 1994. Formatted by Sue Smith, S.Smith34, TXFT40A@Prodigy.com using
  MMCONV
  
  File ftp://ftp.idiscover.co.uk/pub/food/mealmaster/recipes/vegcook1.zip
 
</step></directions></recipe></recipeml>
