<?xml version="1.0" encoding="UTF-8"?>

<recipeml version="0.5">
  <recipe>
    <head>
      <title>Basil Couscous with Red Pepper and Sunflower Seeds</title>
      <categories>
        <cat>Casserole</cat></categories>
      <yield>1</yield></head>
    <ingredients>
      <ing>
        <amt>
          <qty>2</qty>
          <unit>cups</unit></amt>
        <item>Fast-cooking couscous</item></ing>
      <ing>
        <amt>
          <qty>2</qty>
          <unit>cups</unit></amt>
        <item>Boiling water</item></ing>
      <ing>
        <amt>
          <qty>2</qty>
          <unit/></amt>
        <item>Cuups lightly packed fresh bsil leaves</item></ing>
      <ing>
        <amt>
          <qty>1 1/2</qty>
          <unit>cups</unit></amt>
        <item>Lightly packed parsley leaves</item></ing>
      <ing>
        <amt>
          <qty>1/4</qty>
          <unit>cups</unit></amt>
        <item>Chicken stock</item></ing>
      <ing>
        <amt>
          <qty>8</qty>
          <unit/></amt>
        <item>Cloves garlic; peeled</item></ing>
      <ing>
        <amt>
          <qty>3</qty>
          <unit>tablespoons</unit></amt>
        <item>Virgin olive oil</item></ing>
      <ing>
        <amt>
          <qty>1</qty>
          <unit>teaspoon</unit></amt>
        <item>Salt</item></ing>
      <ing>
        <amt>
          <qty>1/4</qty>
          <unit>teaspoons</unit></amt>
        <item>Pepper</item></ing>
      <ing>
        <amt>
          <qty>1</qty>
          <unit>medium</unit></amt>
        <item>Red bell pepper; halved, cored, seeded &amp; chopped</item></ing>
      <ing>
        <amt>
          <qty>1/3</qty>
          <unit>cups</unit></amt>
        <item>Toasted sunflower seeds</item></ing></ingredients>
    <directions>
      <step>  Place couscous in heat resistant bowl and pour the 2 cups water over it.
  Mix well, cover the boil with a lid and let it stand for a minimum of 10
  minutes. Meanwhile, bring about 4 cups of water to a boil in a medium
  saucepan. Blanch the basil and parsley by dropping them into the boiling
  water for 10-15 seconds. Drain the herbs well and place in the bowl of a
  food processor. Add the broth and garlic; process until smooth. Add the
  boil, salt and pepper; process just until incorporated. Fluff couscous with
  a fork to separtate the grains. Transfer to a large serving bowl. Add herb
  mixture and combine it well with the couscous. Sprinkle on red peppers and
  sunflower seeds and toss well.
      358    cal. 11.6 g fat (29%)
  
  NOTES : Jacques Pepin's Simple and Healthy Cooking
  Posted to recipelu-digest Volume 01 Number 489 by "lbrandau"
  &lt;lbrandau@intrnet.net&gt; on Jan 10, 1998
 
</step></directions></recipe></recipeml>
