<?xml version="1.0" encoding="UTF-8"?>

<recipeml version="0.5">
  <recipe>
    <head>
      <title>Basil's Garlic Mayonnaise</title>
      <categories>
        <cat>Sauce</cat></categories>
      <yield>12</yield></head>
    <ingredients>
      <ing>
        <amt>
          <qty>1</qty>
          <unit/></amt>
        <item>Whole garlic bulb</item></ing>
      <ing>
        <amt>
          <qty/>
          <unit/></amt>
        <item>Olive oil and honey to coat the garlic</item></ing>
      <ing>
        <amt>
          <qty>4</qty>
          <unit/></amt>
        <item>Egg yolks</item></ing>
      <ing>
        <amt>
          <qty>1/4</qty>
          <unit>cups</unit></amt>
        <item>Red wine vinegar</item></ing>
      <ing>
        <amt>
          <qty>1/4</qty>
          <unit>cups</unit></amt>
        <item>Dijon mustard</item></ing>
      <ing>
        <amt>
          <qty>3</qty>
          <unit>cups</unit></amt>
        <item>Vegetable oil</item></ing>
      <ing>
        <amt>
          <qty>1</qty>
          <unit>teaspoon</unit></amt>
        <item>Salt</item></ing>
      <ing>
        <amt>
          <qty>1</qty>
          <unit>teaspoon</unit></amt>
        <item>White pepper</item></ing></ingredients>
    <directions>
      <step>  Serve with Basil's Crab Cakes, Louisiana-Style.
  
  1. Cut off about 1/2-inch of the top of the garlic bulb (the tips of the
  cloves will be barely visible) and peel off the excess outer papery skin.
  Rub bulb with a little olive oil and honey to keep it from drying out.
  Place bulb, top side down, on a cookie sheet.
  
  2. Bake in a preheated 375-degree oven until soft, about 20 minutes.
  
  3. When cool, scoop out garlic into a food processor. Add egg yolks,
  vinegar and mustard; process for 3 minutes. With machine running, slowly
  add oil and process until mixture thickens, about 3 to 5 minutes.
  
  4. Season with salt and white pepper. Refrigerate until ready to use.
  
  Source: Basil's Restaurant in Michigan City, Indiana.
  
  Date: 10 Jun 96 09:57:22 EDT
  
  From: Linda &lt;72752.746@compuserve.com&gt;
  
  MM-Recipes Digest V3 #161
  
  From the MealMaster recipe list.  Downloaded from Glen's MM Recipe Archive,
  http://www.erols.com/hosey.
 
</step></directions></recipe></recipeml>
