<?xml version="1.0" encoding="UTF-8"?>

<recipeml version="0.5">
  <recipe>
    <head>
      <title>Basic Whole Wheat Bread</title>
      <categories>
        <cat>Bread machi</cat>
        <cat>Bread maili</cat></categories>
      <yield>1</yield></head>
    <ingredients>
      <ing>
        <amt>
          <qty>1 3/8</qty>
          <unit>cups</unit></amt>
        <item>Water</item></ing>
      <ing>
        <amt>
          <qty>2</qty>
          <unit>cups</unit></amt>
        <item>Whole wheat flour</item></ing>
      <ing>
        <amt>
          <qty>1</qty>
          <unit>cup</unit></amt>
        <item>Bread flour</item></ing>
      <ing>
        <amt>
          <qty>2</qty>
          <unit>tablespoons</unit></amt>
        <item>Honey</item></ing>
      <ing>
        <amt>
          <qty>2</qty>
          <unit>tablespoons</unit></amt>
        <item>Canola oil</item></ing>
      <ing>
        <amt>
          <qty>1</qty>
          <unit>teaspoon</unit></amt>
        <item>Salt</item></ing>
      <ing>
        <amt>
          <qty>1</qty>
          <unit>teaspoon</unit></amt>
        <item>Yeast</item></ing>
      <ing>
        <amt>
          <qty/>
          <unit/></amt>
        <item>Sams)</item></ing></ingredients>
    <directions>
      <step>  even grinding the ww I do it in 5 minutes.
  
  &gt;From: mosley@artsci.wustl.edu (Kim Mosley)
  From: Bread-Bakers Archives: ftp.best.com/pub/reggie/archives/bread/recipe
 
</step></directions></recipe></recipeml>
