<?xml version="1.0" encoding="UTF-8"?>

<recipeml version="0.5">
  <recipe>
    <head>
      <title>Basil's Champagne Sauce</title>
      <categories>
        <cat>Sauce</cat></categories>
      <yield>8</yield></head>
    <ingredients>
      <ing>
        <amt>
          <qty>1</qty>
          <unit>cup</unit></amt>
        <item>Chopped shallots</item></ing>
      <ing>
        <amt>
          <qty>1</qty>
          <unit>cup</unit></amt>
        <item>Chopped button mushrooms</item></ing>
      <ing>
        <amt>
          <qty>1</qty>
          <unit>cup</unit></amt>
        <item>Chopped leeks (white part)</item></ing>
      <ing>
        <amt>
          <qty>1/4</qty>
          <unit>cups</unit></amt>
        <item>Chopped celery</item></ing>
      <ing>
        <amt>
          <qty/>
          <unit/></amt>
        <item>Oil for sauteing</item></ing>
      <ing>
        <amt>
          <qty>2</qty>
          <unit/></amt>
        <item>Bay leaves</item></ing>
      <ing>
        <amt>
          <qty>4</qty>
          <unit/></amt>
        <item>Whole white peppercorns</item></ing>
      <ing>
        <amt>
          <qty>4</qty>
          <unit>cups</unit></amt>
        <item>Champagne</item></ing>
      <ing>
        <amt>
          <qty>4</qty>
          <unit>cups</unit></amt>
        <item>Clear fish stock; court bouillion or clam juice</item></ing>
      <ing>
        <amt>
          <qty>4</qty>
          <unit>cups</unit></amt>
        <item>Heavy cream</item></ing>
      <ing>
        <amt>
          <qty>1/4</qty>
          <unit>cups</unit></amt>
        <item>Honey</item></ing>
      <ing>
        <amt>
          <qty>1/4</qty>
          <unit>cups</unit></amt>
        <item>Chopped fresh tarragon</item></ing>
      <ing>
        <amt>
          <qty/>
          <unit/></amt>
        <item>Salt and white pepper</item></ing>
      <ing>
        <amt>
          <qty>1/2</qty>
          <unit>cups</unit></amt>
        <item>Butter; softened</item></ing></ingredients>
    <directions>
      <step>  Serve with Basil's Crab Cakes Louisiana-Style.
  
  1. In a skillet, saute shallots, mushrooms, leeks and celery for 5 minutes
  in just enough hot oil to cover the bottom of the pan. Add bay leaves and
  white peppercorns; cook, stirring, for 2 minutes.
  
  2. Add Champagne; cook over medium heat until reduced by half, about 7 to
  10 minutes. Add fish stock; continue cooking until reduced by half, another
  7 to 10 minutes. Add cream; reduce heat to low and cook until slightly
  thickened, about 20 to 30 minutes.
  
  3. Remove from heat. Strain; discard vegetables and bay leaf and return the
  sauce to the pan. Whisk in honey, tarragon, salt and white pepper. Add
  butter, stirring until melted.
  
  Source:  Basil's Restaurant, Michigan City, Indiana.
  
  Date: 10 Jun 96 09:57:22 EDT
  
  From: Linda &lt;72752.746@compuserve.com&gt;
  
  MM-Recipes Digest V3 #161
  
  From the MealMaster recipe list.  Downloaded from Glen's MM Recipe Archive,
  http://www.erols.com/hosey.
 
</step></directions></recipe></recipeml>
