<?xml version="1.0" encoding="UTF-8"?>

<recipeml version="0.5">
  <recipe>
    <head>
      <title>Basic White Sauce</title>
      <categories>
        <cat>Sauce</cat></categories>
      <yield>8</yield></head>
    <ingredients>
      <ing>
        <amt>
          <qty>3</qty>
          <unit/></amt>
        <item>Pre-frozen cubes of reduced stock -or-</item></ing>
      <ing>
        <amt>
          <qty>3</qty>
          <unit>tablespoons</unit></amt>
        <item>Vegetable stock</item></ing>
      <ing>
        <amt>
          <qty>4</qty>
          <unit>tablespoons</unit></amt>
        <item>Unbleached flour</item></ing>
      <ing>
        <amt>
          <qty>1</qty>
          <unit>slice</unit></amt>
        <item>Onion -or-</item></ing>
      <ing>
        <amt>
          <qty>1</qty>
          <unit>teaspoon</unit></amt>
        <item>Chopped shallots</item></ing>
      <ing>
        <amt>
          <qty>2</qty>
          <unit>cups</unit></amt>
        <item>Nonfat milk</item></ing>
      <ing>
        <amt>
          <qty>1/3</qty>
          <unit>cups</unit></amt>
        <item>Dry nonfat milk</item></ing>
      <ing>
        <amt>
          <qty>1</qty>
          <unit/></amt>
        <item>Bay leaf</item></ing>
      <ing>
        <amt>
          <qty>1/2</qty>
          <unit>teaspoons</unit></amt>
        <item>Thyme; crushed</item></ing>
      <ing>
        <amt>
          <qty>1/2</qty>
          <unit>teaspoons</unit></amt>
        <item>White pepper</item></ing>
      <ing>
        <amt>
          <qty>1</qty>
          <unit>teaspoon</unit></amt>
        <item>Vegetable seasoning</item></ing>
      <ing>
        <amt>
          <qty>2</qty>
          <unit>tablespoons</unit></amt>
        <item>Dry sherry; sauterne, or vermouth</item></ing></ingredients>
    <directions>
      <step>  Date: Fri, 1 Mar 1996 17:55:28 -0500
  
  From: Wendy Lockman &lt;wlockman@ra1.randomc.com&gt;
  Heat stock in nonstick saucepan over medium heat. Add flour and onion;
  blend with a wooden spoon or whisk.
  
  Simmer over low heat for several minutes, stirring constantly. Do not allow
  to brown.
  
  Remove from heat, add milks, bay leaf, thyme, white pepper, and vegetable
  seasoning. Return to heat, stirring constantly until mixture coats the
  spoon. If desired, add wine and simmer 5 minutes more to evaporate alcohol.
  [ahem .... this won't really get rid of all the alcohol -mrd]
  
  Remove onion and bay leaf.
  
  Cover and store until used, or place in an airtight container and
  refrigerate for several days, or freeze for future use.
  
  Serving Suggestions: This sauce be used over 8 cups of steamed vegetables
  such as broccoli florets, diced potatoes, quartered musrhooms, peas,
  asparagus, or sliced carrots. To serve, place vegetables in a shallow
  ovenproof serving dish. Drizzel sauce over vegetables, sprinkle with 2 T
  Sap Sago cheese or with Hungarian paprika and place under broiler to brown
  lightly before serving.
  
  Posted by artemis@netcom.com (Michelle Dick) to the Fatfree Digest [Volume
       14    Issue 22] Jan. 22, 1995.
  :A recipe from Harriet Roth's _Deliciously Low_:
  
  Individual recipes copyrighted by originator. FATFREE Recipe collections
  copyrighted by Michelle Dick 1995. Formatted by Sue Smith,
  SueSmith9@aol.com using MMCONV. Archived through kindness of Karen
  Mintzias, km@salata.com.
  
  MM-RECIPES@IDISCOVER.NET
  
  MEAL-MASTER RECIPES LIST SERVER
  
  MM-RECIPES DIGEST V3 #63
  
  From the MealMaster recipe list.  Downloaded from Glen's MM Recipe Archive,
  http://www.erols.com/hosey.
 
</step></directions></recipe></recipeml>
