<?xml version="1.0" encoding="UTF-8"?>

<recipeml version="0.5">
  <recipe>
    <head>
      <title>Basil Lo-Cal Dressing</title>
      <categories>
        <cat/></categories>
      <yield>100</yield></head>
    <ingredients>
      <ing>
        <amt>
          <qty>1 1/4</qty>
          <unit>quarts</unit></amt>
        <item>WATER </item></ing>
      <ing>
        <amt>
          <qty>2</qty>
          <unit>cups</unit></amt>
        <item>SUGAR; GRANULATED 10 LB</item></ing>
      <ing>
        <amt>
          <qty>2</qty>
          <unit>teaspoons</unit></amt>
        <item>PEPPER BLACK 1 LB CN</item></ing>
      <ing>
        <amt>
          <qty>3 1/2</qty>
          <unit>tablespoons</unit></amt>
        <item>BASIL SWEET GROUND</item></ing>
      <ing>
        <amt>
          <qty>2 1/2</qty>
          <unit>quarts</unit></amt>
        <item>VINEGAR CIDER</item></ing></ingredients>
    <directions>
      <step>  1.  COMBINE VINEGAR, WATER, SUGAR, SALT, ONION POWDER, BASIL, AND PEPPER;
  BLEND WELL.
  
  2.  COVER; REFRIGERATE UNTIL READY TO SERVE.
  
  3.  SHAKE OR BEAT WELL BEFORE USING.
  
  Recipe Number: M02101
  
  SERVING SIZE: 2 TB
  
  From the &lt;Army Master Recipe Index File&gt; (actually used today!).
  Downloaded from Glen's MM Recipe Archive, http://www.erols.com/hosey.
 
</step></directions></recipe></recipeml>
