<?xml version="1.0" encoding="UTF-8"?>

<recipeml version="0.5">
  <recipe>
    <head>
      <title>Basic White Sauce (Sauce BÉchamel)</title>
      <categories>
        <cat>Sauce</cat></categories>
      <yield>1</yield></head>
    <ingredients>
      <ing>
        <amt>
          <qty>2</qty>
          <unit>tablespoons</unit></amt>
        <item>Unsalted butter</item></ing>
      <ing>
        <amt>
          <qty>2</qty>
          <unit>tablespoons</unit></amt>
        <item>Flour</item></ing>
      <ing>
        <amt>
          <qty>2</qty>
          <unit>cups</unit></amt>
        <item>Whole milk</item></ing>
      <ing>
        <amt>
          <qty/>
          <unit/></amt>
        <item>Fine sea salt and freshly ground pepper; to taste</item></ing>
      <ing>
        <amt>
          <qty/>
          <unit/></amt>
        <item>Freshly grated nutmeg to taste</item></ing></ingredients>
    <directions>
      <step>  1. Melt the butter in a heavy saucepan. Stir in the flour and cook over low
  heat for 3 minutes. (This is called a roux.) 2. Add the milk, whisking
  constantly, and continue whisking until the sauce comes to a boil. Reduce
  the heat and simmer for 10 minutes, or until slightly thickened, stirring
  occasionally. 3. When the sauce is of the desired consistency, strain it
  and add the seasonings to taste.
  
  THICKER SAUCE: Increase the butter and flour by 1 or 2 tablespoons but do
  not change the amount of milk.
  
  MAKE IT LIGHT: Use a butter substitute and nonfat milk instead of the
  butter and whole milk.
  
  MAKE IT AHEAD: Basic White Sauce may be stored in the refrigerator for 3
  days or in the freezer for up to one month.
  
  Recipe by: HomeChef School
  
  Posted to MC-Recipe Digest by louiseh &lt;louiseh@earthlink.net&gt; on Apr 16,
  1998
 
</step></directions></recipe></recipeml>
