<?xml version="1.0" encoding="UTF-8"?>

<recipeml version="0.5">
  <recipe>
    <head>
      <title>Basil Batter Rolls</title>
      <categories>
        <cat>Bread</cat>
        <cat>Rolls</cat>
        <cat>Posted-mm</cat>
        <cat>Suzy</cat></categories>
      <yield>24</yield></head>
    <ingredients>
      <ing>
        <amt>
          <qty>2</qty>
          <unit>packages</unit></amt>
        <item>Active dry yeast</item></ing>
      <ing>
        <amt>
          <qty>1 1/2</qty>
          <unit>cups</unit></amt>
        <item>Warm water (105-115^)</item></ing>
      <ing>
        <amt>
          <qty>1/3</qty>
          <unit>cups</unit></amt>
        <item>Butter</item></ing>
      <ing>
        <amt>
          <qty>4</qty>
          <unit>cups</unit></amt>
        <item>Unbleached flour</item></ing>
      <ing>
        <amt>
          <qty>1/4</qty>
          <unit>cups</unit></amt>
        <item>Granulated sugar</item></ing>
      <ing>
        <amt>
          <qty>1 1/2</qty>
          <unit>teaspoons</unit></amt>
        <item>Salt</item></ing>
      <ing>
        <amt>
          <qty>1</qty>
          <unit>large</unit></amt>
        <item>Egg</item></ing>
      <ing>
        <amt>
          <qty>2</qty>
          <unit>tablespoons</unit></amt>
        <item>Pesto</item></ing>
      <ing>
        <amt>
          <qty>2</qty>
          <unit>cloves</unit></amt>
        <item>Garlic, minced</item></ing>
      <ing>
        <amt>
          <qty/>
          <unit/></amt>
        <item>Melted unsweetened butter</item></ing></ingredients>
    <directions>
      <step>  Combine yeast and warm water in a 2-cup liquid measuring cup; let stand 5
  minutes.
  
  Combine yeast mixture, butter, 2 cups flour, and next 3 ingredients in a
  large mixing bowl; beat at medium speed of an electric mixer until well
  blended. Stir in pesto and garlic. Gradually stir in enough remaining flour
  to make a soft dough. (Dough will be sticky.)
  
  Cover and let rise in a warm place (85 degrees), draft free place, 1 hour
  or until doubled in size.
  
  Stir dough; spoon into greased muffin pans, filling half full. Cover and
  let rise in a warm place, free from drafts, 45 minutes.
  
  Bake at 400 degrees F. for 15-16 minutes or until golden. Brush with melted
  butter, if desired.
  
  From the recipe files of suzy@bestweb.net
  Posted to MM-Recipes Digest V4 #331 by Suzy &lt;suzy@bestweb.net&gt; on Dec 21,
  1997
 
</step></directions></recipe></recipeml>
