<?xml version="1.0" encoding="UTF-8"?>

<recipeml version="0.5">
  <recipe>
    <head>
      <title>Basil-Marinated Flank Steak</title>
      <categories>
        <cat>Meats</cat>
        <cat>Barbecue</cat></categories>
      <yield>6</yield></head>
    <ingredients>
      <ing>
        <amt>
          <qty>1/3</qty>
          <unit>cups</unit></amt>
        <item>Vegetable oil</item></ing>
      <ing>
        <amt>
          <qty>3</qty>
          <unit>tablespoons</unit></amt>
        <item>Red wine vinegar</item></ing>
      <ing>
        <amt>
          <qty>1</qty>
          <unit/></amt>
        <item>Clove garlic, minced</item></ing>
      <ing>
        <amt>
          <qty>1</qty>
          <unit>teaspoon</unit></amt>
        <item>Dried basil</item></ing>
      <ing>
        <amt>
          <qty>1</qty>
          <unit>teaspoon</unit></amt>
        <item>Dijon mustard</item></ing>
      <ing>
        <amt>
          <qty>1/4</qty>
          <unit>teaspoons</unit></amt>
        <item>Each pepper and granulated sugar</item></ing>
      <ing>
        <amt>
          <qty>1</qty>
          <unit/></amt>
        <item>Flank steak (about 1 1/2 lb)</item></ing>
      <ing>
        <amt>
          <qty/>
          <unit/></amt>
        <item>Salt</item></ing></ingredients>
    <directions>
      <step>  In large shallow glass dish, whisk together oil, vinegar, garlic, basil,
  mustard, pepper and sugar; add steak, turning to coat. Cover and marinate
  in refrigerator for at least 8 hours or up to 24 hours, turning
  occasionally. Let stand at room temperature for 30 minutes.
  
  Reserving marinade, place steak on greased grill over medium-high heat;
  grill, brushing occasionally with marinade, for 5 to 7 minutes per side for
  medium-rare or to be desired doneness. Transfer to cutting board; tent with
  foil and let stand for 5 minutes.  Season with salt to taste. To serve,
  slice diagonally across the grain into thin slices. Makes 6 servings Typed
  in MMFormat by cjhartlin@msn.com  Source: Canadian Living 20th Anniversary
  Cookbook.
  Posted to MM-Recipes Digest  by "Cindy Hartlin" &lt;cjhartlin@email.msn.com&gt;
  on Apr 24, 1998
 
</step></directions></recipe></recipeml>
