<?xml version="1.0" encoding="UTF-8"?>

<recipeml version="0.5">
  <recipe>
    <head>
      <title>Basil Garden Salad</title>
      <categories>
        <cat>All newly t</cat>
        <cat>Salads</cat></categories>
      <yield>6</yield></head>
    <ingredients>
      <ing>
        <amt>
          <qty>2</qty>
          <unit>cups</unit></amt>
        <item>Torn leaf lettuce</item></ing>
      <ing>
        <amt>
          <qty>1</qty>
          <unit>cup</unit></amt>
        <item>Torn bibb lettuce</item></ing>
      <ing>
        <amt>
          <qty>3</qty>
          <unit/></amt>
        <item>Green onions with tops; sliced</item></ing>
      <ing>
        <amt>
          <qty>1</qty>
          <unit>medium</unit></amt>
        <item>Tomato; peeled and diced</item></ing>
      <ing>
        <amt>
          <qty>6</qty>
          <unit/></amt>
        <item>Fresh mushrooms; sliced</item></ing>
      <ing>
        <amt>
          <qty>9</qty>
          <unit/></amt>
        <item>Fresh basil leaves; thinly sliced</item></ing>
      <ing>
        <amt>
          <qty>3</qty>
          <unit>tablespoons</unit></amt>
        <item>Olive or vegetable oil</item></ing>
      <ing>
        <amt>
          <qty>2</qty>
          <unit>tablespoons</unit></amt>
        <item>Red wine vinegar</item></ing>
      <ing>
        <amt>
          <qty>1/4</qty>
          <unit>teaspoons</unit></amt>
        <item>Pepper</item></ing>
      <ing>
        <amt>
          <qty>1/2</qty>
          <unit>teaspoons</unit></amt>
        <item>Salt; optional</item></ing>
      <ing>
        <amt>
          <qty>1/2</qty>
          <unit>teaspoons</unit></amt>
        <item>Sugar; optional</item></ing></ingredients>
    <directions>
      <step>  Toss the lettuce, onions, tomato, mushrooms and basil in a large salad
  bowl. Combine remaining ingredients in a jar with tight-fitting lid; shake
  well. Pour over the salad and toss. Serve immediately.
  
  Recipe by: Taste of Home Posted to MC-Recipe Digest V1 #730 by L979@aol.com
  on Aug 9, 1997
 
</step></directions></recipe></recipeml>
