<?xml version="1.0" encoding="UTF-8"?>

<recipeml version="0.5">
  <recipe>
    <head>
      <title>Basil, Mint and Vegetable Couscous</title>
      <categories>
        <cat>Grain</cat></categories>
      <yield>2</yield></head>
    <ingredients>
      <ing>
        <amt>
          <qty>2</qty>
          <unit>tablespoons</unit></amt>
        <item>Olive oil; divided</item></ing>
      <ing>
        <amt>
          <qty>1</qty>
          <unit>cup</unit></amt>
        <item>Chopped onion</item></ing>
      <ing>
        <amt>
          <qty>1</qty>
          <unit>tablespoon</unit></amt>
        <item>Minced garlic</item></ing>
      <ing>
        <amt>
          <qty>1</qty>
          <unit>tablespoon</unit></amt>
        <item>Yellow squash; coarsely Diced</item></ing>
      <ing>
        <amt>
          <qty>2</qty>
          <unit>cups</unit></amt>
        <item>Roma tomatoes (unpeeled); Seeded and chopped</item></ing>
      <ing>
        <amt>
          <qty>1</qty>
          <unit>tablespoon</unit></amt>
        <item>Chopped fresh basil</item></ing>
      <ing>
        <amt>
          <qty>1</qty>
          <unit>tablespoon</unit></amt>
        <item>Chopped fresh mint</item></ing>
      <ing>
        <amt>
          <qty/>
          <unit/></amt>
        <item>Salt and pepper</item></ing>
      <ing>
        <amt>
          <qty>3</qty>
          <unit>cups</unit></amt>
        <item>Vegetable broth</item></ing>
      <ing>
        <amt>
          <qty>2</qty>
          <unit>cups</unit></amt>
        <item>Couscous</item></ing></ingredients>
    <directions>
      <step>  PANTRY: Canned, well-drained, coarsely chopped, Italian tomatoes may be
  used instead of fresh. Vary flavor by using chicken broth, or water.
  
  Heat 1 tablespoon olive oil in large skillet over medium-high heat.  Add
  onions and cook until they begin to wilt, about 3 minutes.  Stir in garlic
  and cook 1 minute. Add yellow squash and zucchini and cook, stirring 5 to 8
  minutes or until vegetables are tender.
  
  Add tomatoes, basil, and mint.  Reduce heat and cook, stirring 2 to 3
  minutes or until tomatoes are heated through.  Season to taste with salt
  and pepper. Remove from heat and reserve.
  
  Bring water or broth to boil.  Add couscous, cover and remove from heat.
  Set aside until liquid has been abosorbed about 5 minutes.  Remove from
  heat and stir in salt to taste and remaining tablespoon of olive oil. To
  serve, ladle vegetable mixture over couscous.
  
  Date: Sat, 29 Jun 1996 11:58:41 -0700 (PDT)
  
  From: PatH &lt;phannema@wizard.ucr.edu&gt;
  
  Recipe By: Dottie Griffith, Gourmet Grains, Beans &amp; Rice
  
  MC-Recipe Digest V1 #133
  
  From the MasterCook recipe list.  Downloaded from Glen's MM Recipe Archive,
  http://www.erols.com/hosey.
 
</step></directions></recipe></recipeml>
