<?xml version="1.0" encoding="UTF-8"?>

<recipeml version="0.5">
  <recipe>
    <head>
      <title>Basic White Sauce with Milk (Bechamel)</title>
      <categories>
        <cat>Sauces</cat>
        <cat>Low fat</cat></categories>
      <yield>1</yield></head>
    <ingredients>
      <ing>
        <amt>
          <qty>1</qty>
          <unit>cup</unit></amt>
        <item>Nonfat milk</item></ing>
      <ing>
        <amt>
          <qty/>
          <unit>small</unit></amt>
        <item>Piece of onion (about 1</item></ing>
      <ing>
        <amt>
          <qty/>
          <unit/></amt>
        <item>TAB)</item></ing>
      <ing>
        <amt>
          <qty>2</qty>
          <unit>tablespoons</unit></amt>
        <item>Grated carrot</item></ing>
      <ing>
        <amt>
          <qty>1/8</qty>
          <unit>teaspoons</unit></amt>
        <item>Freshly grated nutmeg</item></ing>
      <ing>
        <amt>
          <qty>1/8</qty>
          <unit>teaspoons</unit></amt>
        <item>White pepper</item></ing>
      <ing>
        <amt>
          <qty>2</qty>
          <unit>tablespoons</unit></amt>
        <item>Instant nonfat dry milk</item></ing>
      <ing>
        <amt>
          <qty>1</qty>
          <unit>tablespoon</unit></amt>
        <item>Cornstarch or arrowroot</item></ing>
      <ing>
        <amt>
          <qty>2</qty>
          <unit>tablespoons</unit></amt>
        <item>Flour</item></ing></ingredients>
    <directions>
      <step>  In a small saucepan combine milk, onion, carrot, nutmeg and pepper. Bring
  to a boil, then cover, remove from heat and allow to steep for ten minutes.
  Pour the warm milk through a strainer, pressing down on the vegetables to
  obtain all the juices. Let cool. Combine dry milk, cornstarch or arrowroot
  and flour. Add one or two TAB cooled milk to the dry mixture and stir to a
  smooth paste. Return the milk to the saucepan, add the flour paste and stir
  over medium heat until mixture boils and thickens. If sauce will not be
  used immediately, cover and refrigerate. Cold sauce will thicken; thin with
  a little flavored cooking juice, wine or stock. Makes about 1 cup; recipe
  is easily doubled.
  
  VVegetables steeped in hot milk add flavor to this versatile sauce, which
  can replace the butter-flour-milk white sauce in any of your recipes. It
  also forms the base of a salt-free cheese sauce that in its turn can dress
  vegetables, open-fac sandwiches, macaroni or baked potatoes.
  
  From Gemini's MASSIVE MealMaster collection at www.synapse.com/~gemini
 
</step></directions></recipe></recipeml>
