<?xml version="1.0" encoding="UTF-8"?>

<recipeml version="0.5">
  <recipe>
    <head>
      <title>Basil Carrots</title>
      <categories>
        <cat>Diabetic</cat>
        <cat>Vegetables</cat>
        <cat>Side dishes</cat></categories>
      <yield>6</yield></head>
    <ingredients>
      <ing>
        <amt>
          <qty>6</qty>
          <unit>medium</unit></amt>
        <item>Carrots;</item></ing>
      <ing>
        <amt>
          <qty>1</qty>
          <unit>tablespoon</unit></amt>
        <item>Butter; melted =OR=-</item></ing>
      <ing>
        <amt>
          <qty>1</qty>
          <unit>tablespoon</unit></amt>
        <item>Margarine; melted</item></ing>
      <ing>
        <amt>
          <qty>1/4</qty>
          <unit>teaspoons</unit></amt>
        <item>Salt;</item></ing>
      <ing>
        <amt>
          <qty>1/4</qty>
          <unit>teaspoons</unit></amt>
        <item>Basil leaves; crushed</item></ing></ingredients>
    <directions>
      <step>  Slice carrots.  Simmer, covered, in salted water until tender, about
  10 to 15 minutes; drain. Combine remain ingredients, toss with
  carrots. Food Exchanges per serving: 1 VEGETABLE EXCHANGES
  
  Source: Better Homes and Gardens Calorie Counter's Cookbook by WHOM
  Brought to you and yours via Nancy O'brion and her Meal-Master
  
  File ftp://ftp.idiscover.co.uk/pub/food/mealmaster/recipes/diabetic.zip
 
</step></directions></recipe></recipeml>
