<?xml version="1.0" encoding="UTF-8"?>

<recipeml version="0.5">
  <recipe>
    <head>
      <title>Basil Chicken and Pasta Salad</title>
      <categories>
        <cat>Poultry</cat>
        <cat>Pasta</cat></categories>
      <yield>2</yield></head>
    <ingredients>
      <ing>
        <amt>
          <qty>3/4</qty>
          <unit>cups</unit></amt>
        <item>Water</item></ing>
      <ing>
        <amt>
          <qty>1/4</qty>
          <unit>cups</unit></amt>
        <item>Chablis or other dry white</item></ing>
      <ing>
        <amt>
          <qty/>
          <unit/></amt>
        <item>Wine</item></ing>
      <ing>
        <amt>
          <qty>1/4</qty>
          <unit>teaspoons</unit></amt>
        <item>Dried basil</item></ing>
      <ing>
        <amt>
          <qty>6</qty>
          <unit/></amt>
        <item>Black peppercorns</item></ing>
      <ing>
        <amt>
          <qty>1</qty>
          <unit/></amt>
        <item>Bay leaf</item></ing>
      <ing>
        <amt>
          <qty>1</qty>
          <unit/></amt>
        <item>Clove garlic -- halved</item></ing>
      <ing>
        <amt>
          <qty>1/2</qty>
          <unit>pounds</unit></amt>
        <item>Kip filets</item></ing>
      <ing>
        <amt>
          <qty>2</qty>
          <unit>tablespoons</unit></amt>
        <item>Nonfat mayonnaise</item></ing>
      <ing>
        <amt>
          <qty>2</qty>
          <unit>tablespoons</unit></amt>
        <item>Plain nonfat yogurt</item></ing>
      <ing>
        <amt>
          <qty>1</qty>
          <unit>tablespoon</unit></amt>
        <item>Red wine vinegar</item></ing>
      <ing>
        <amt>
          <qty>1</qty>
          <unit>tablespoon</unit></amt>
        <item>Olive oil</item></ing>
      <ing>
        <amt>
          <qty>1/2</qty>
          <unit>teaspoons</unit></amt>
        <item>Spicy brown mustard</item></ing>
      <ing>
        <amt>
          <qty>1/8</qty>
          <unit>teaspoons</unit></amt>
        <item>Salt</item></ing>
      <ing>
        <amt>
          <qty>1/8</qty>
          <unit>teaspoons</unit></amt>
        <item>Pepper</item></ing>
      <ing>
        <amt>
          <qty>1</qty>
          <unit>cup</unit></amt>
        <item>Rotini-cooked w/o salt&amp;fat</item></ing>
      <ing>
        <amt>
          <qty>1</qty>
          <unit>cup</unit></amt>
        <item>Cherry tomatoes -- halved</item></ing>
      <ing>
        <amt>
          <qty>1/4</qty>
          <unit>cups</unit></amt>
        <item>Thinly sliced green onions</item></ing>
      <ing>
        <amt>
          <qty/>
          <unit/></amt>
        <item>Red leaf lettuce leaves</item></ing></ingredients>
    <directions>
      <step>  Combine first six ingredients in a large saucepan; bring to a boil. Add
  chicken; cover, reduce heat, and simmer for 13 minutes or until chicken is
  done. Remove chicken from saucepan; set aside. Strain cooking liquid,
  reserving 2 tablespoons liquid. Discard solids.
  
  Chop chicken; set aside. Combine reserved cooking liquid, mayonnaise, and
  next 6 ingredients in a large bowl; stir well. Add chicken, pasta, and next
  2 ingredients; toss gently tocoat. Serva at room temperature or chilled on
  lettuce-lined salad plates.
  
  Calories 320 (30% from fat); Protein 30.8g; Fat 10.5g (Sat 1.9g, Mono 6.1g,
  Poly 1.5g); Carb 24.6g; Fiber 2.4g; Chol 73mg; Iron 2.3mg; Sodium 433mg;
  Calcium 62mg.
  
  Recipe By     : Cooking Light
  
  From Gemini's MASSIVE MealMaster collection at www.synapse.com/~gemini
 
</step></directions></recipe></recipeml>
