<?xml version="1.0" encoding="UTF-8"?>

<recipeml version="0.5">
  <recipe>
    <head>
      <title>Basic Won Ton</title>
      <categories>
        <cat>Chinese</cat>
        <cat>Meats</cat>
        <cat>Pasta</cat></categories>
      <yield>1</yield></head>
    <ingredients>
      <ing>
        <amt>
          <qty>10</qty>
          <unit/></amt>
        <item>Chinese mushrooms, small</item></ing>
      <ing>
        <amt>
          <qty>1/4</qty>
          <unit>pounds</unit></amt>
        <item>Prawns</item></ing>
      <ing>
        <amt>
          <qty>5</qty>
          <unit/></amt>
        <item>Fresh water chestnuts (OR 7 canned ones)</item></ing>
      <ing>
        <amt>
          <qty>1/2</qty>
          <unit>pounds</unit></amt>
        <item>Ground pork</item></ing>
      <ing>
        <amt>
          <qty>1</qty>
          <unit/></amt>
        <item>Green onion, finely chopped</item></ing>
      <ing>
        <amt>
          <qty>1</qty>
          <unit>package</unit></amt>
        <item>Wonton skins</item></ing>
      <ing>
        <amt>
          <qty>1</qty>
          <unit>teaspoon</unit></amt>
        <item>Salt</item></ing>
      <ing>
        <amt>
          <qty>1/2</qty>
          <unit>teaspoons</unit></amt>
        <item>Sugar</item></ing>
      <ing>
        <amt>
          <qty>1</qty>
          <unit>teaspoon</unit></amt>
        <item>Thin soy sauce</item></ing>
      <ing>
        <amt>
          <qty>1</qty>
          <unit>teaspoon</unit></amt>
        <item>Oyster sauce</item></ing>
      <ing>
        <amt>
          <qty/>
          <unit/></amt>
        <item>Dash of pepper</item></ing>
      <ing>
        <amt>
          <qty>1 1/4</qty>
          <unit>tablespoons</unit></amt>
        <item>Cornstarch</item></ing>
      <ing>
        <amt>
          <qty>1</qty>
          <unit>small</unit></amt>
        <item>Egg</item></ing></ingredients>
    <directions>
      <step>  Boil Chinese mushrooms for 10 minutes, rinse, squeeze
  dry, cut off, and discard stems; then, chop into very
  small pieces.
  
  Shell, devein and wash prawns.  Chop into very small
  pieces
  
  Peel and crush water chestnuts with the flat side of
  the cleaver. If you don't have a cleaver, chop the
  water chestnuts into very fine pieces.
  
  Combine mushrooms, prawns, water chestnuts, pork and
  green onion.
  
  Add all other ingredients and mix well.  1 teaspoon of
  filling is used for each wonton.
  
                  *                       *
                       *
  
  With one corner of the skin toward you, place 1
  teaspoon of filling about an inch from the corner.
  
  Fold one corner to cover the filling.
  
  Told once more...about 3/4 inch.
  
  Turn the won ton so that the triangel is toward you.
  Dampen the left corner with a little water.
  
  Swing the right corner away from you and place it on
  top of the dampened left corner.  As you make this
  fold, simultaneously pull the filling toward you with
  your middle finger. You should finish with a little
  "hat-like" effect.
  
  SOURCE: Chopstick, Cleaver and Wok.
  
  From Gemini's MASSIVE MealMaster collection at www.synapse.com/~gemini
 
</step></directions></recipe></recipeml>
