<?xml version="1.0" encoding="UTF-8"?>

<recipeml version="0.5">
  <recipe>
    <head>
      <title>Basil-Tomato-Pasta</title>
      <categories>
        <cat>None</cat></categories>
      <yield>1</yield></head>
    <ingredients>
      <ing>
        <amt>
          <qty>12</qty>
          <unit/></amt>
        <item>Halved</item></ing>
      <ing>
        <amt>
          <qty>4</qty>
          <unit>tablespoons</unit></amt>
        <item>Olive oil</item></ing>
      <ing>
        <amt>
          <qty>3</qty>
          <unit/></amt>
        <item>Yellow onions -- peeled and</item></ing>
      <ing>
        <amt>
          <qty>1</qty>
          <unit/></amt>
        <item>Minced garlic or MORE</item></ing>
      <ing>
        <amt>
          <qty>16</qty>
          <unit/></amt>
        <item>Favorite pasta -- i like</item></ing>
      <ing>
        <amt>
          <qty/>
          <unit/></amt>
        <item>Fettu</item></ing>
      <ing>
        <amt>
          <qty>1</qty>
          <unit/></amt>
        <item>Red pepper flakes</item></ing>
      <ing>
        <amt>
          <qty>1/2</qty>
          <unit>cups</unit></amt>
        <item>Each fresh chopped BASIL</item></ing>
      <ing>
        <amt>
          <qty>1</qty>
          <unit/></amt>
        <item>Parmesan to taste</item></ing>
      <ing>
        <amt>
          <qty>1/2</qty>
          <unit>cups</unit></amt>
        <item>Parsley</item></ing></ingredients>
    <directions>
      <step>  Here's the fun part... Grill the tomatoes and onions til nicely browned,
  about 10 min. Remove from grill and coarsely chop. Set aside... Cook the
  pasta,drain and place in large bowl. Add basil,parsley,olive oil,garlic,
  and red pepper flakes,toss well...Add the tomatoes and onions, toss again
  and pass the parmesan or sprinkle over top.
  
  Recipe By     :
  
  File ftp://ftp.idiscover.co.uk/pub/food/mealmaster/recipes/mmdja006.zip
 
</step></directions></recipe></recipeml>
