<?xml version="1.0" encoding="UTF-8"?>

<recipeml version="0.5">
  <recipe>
    <head>
      <title>Basil Grilled Chicken</title>
      <categories>
        <cat>Poultry</cat></categories>
      <yield>4</yield></head>
    <ingredients>
      <ing>
        <amt>
          <qty>3/4</qty>
          <unit>teaspoons</unit></amt>
        <item>Pepper; coarsely ground</item></ing>
      <ing>
        <amt>
          <qty>4</qty>
          <unit/></amt>
        <item>Chicken Breast Halves; skinned</item></ing>
      <ing>
        <amt>
          <qty>1/3</qty>
          <unit>cups</unit></amt>
        <item>Butter; melted</item></ing>
      <ing>
        <amt>
          <qty>1/4</qty>
          <unit>cups</unit></amt>
        <item>Fresh Basil; chopped</item></ing>
      <ing>
        <amt>
          <qty>1/2</qty>
          <unit>cups</unit></amt>
        <item>Butter; softened</item></ing>
      <ing>
        <amt>
          <qty>2</qty>
          <unit>tablespoons</unit></amt>
        <item>Fresh Basil; minced</item></ing>
      <ing>
        <amt>
          <qty>1</qty>
          <unit>tablespoon</unit></amt>
        <item>Grated Parmesan Cheese</item></ing>
      <ing>
        <amt>
          <qty>1/4</qty>
          <unit>teaspoons</unit></amt>
        <item>Garlic Powder</item></ing>
      <ing>
        <amt>
          <qty>1/8</qty>
          <unit>teaspoons</unit></amt>
        <item>Salt</item></ing>
      <ing>
        <amt>
          <qty>1/8</qty>
          <unit>teaspoons</unit></amt>
        <item>Pepper</item></ing>
      <ing>
        <amt>
          <qty/>
          <unit/></amt>
        <item>Fresh Basil Sprigs</item></ing></ingredients>
    <directions>
      <step>  From: kmeade@ids2.idsonline.com (The Meades)
  
  Date: Sun, 30 Jun 1996 18:54:22 -0400
  Recipe By: Kimberly Long &lt;siberia@USIS.COM&gt;
  
  Press 3/4 teaspoon pepper into meaty sides of chiken breast halves. Combine
  1/3 cup melted butter and 1/4 cup chopped basil; stir well.  Brush chicken
  lightly with melted butter mixture.
  
  Combine 1/2 cup softened butter, 2 tablespoons basil, Parmesan cheese,
  garlic powder, salt, and pepper in a small bowl.  Beat at low speed of an
  electric mixer until mixture is well blended and smooth.  Transfer to a
  small serving bowl; set aside.
  
  Grill chicken over medium coals 8 to 10 minutes on each side, basting
  frequently with remaining melted butter mixture.
  
  Serve grilled chicken with basil-butter mixture.  Garnish with fresh basil
  sprigs, if desired. Serves 4.
  
  MC-Recipe Digest V1 #135
  
  From the MasterCook recipe list.  Downloaded from Glen's MM Recipe Archive,
  http://www.erols.com/hosey.
 
</step></directions></recipe></recipeml>
