<?xml version="1.0" encoding="UTF-8"?>

<recipeml version="0.5">
  <recipe>
    <head>
      <title>Basil-Tomato Vinaigrette Topping for Potatoes</title>
      <categories>
        <cat>Vegetarian</cat>
        <cat>Vegan</cat>
        <cat>Toppings</cat></categories>
      <yield>1</yield></head>
    <ingredients>
      <ing>
        <amt>
          <qty>1/4</qty>
          <unit>teaspoons</unit></amt>
        <item>Salt</item></ing>
      <ing>
        <amt>
          <qty>1/4</qty>
          <unit>cups</unit></amt>
        <item>Red onion; finely diced</item></ing>
      <ing>
        <amt>
          <qty>3</qty>
          <unit>tablespoons</unit></amt>
        <item>Red wine vinegar</item></ing>
      <ing>
        <amt>
          <qty>1/4</qty>
          <unit>teaspoons</unit></amt>
        <item>Black pepper</item></ing>
      <ing>
        <amt>
          <qty>1/3</qty>
          <unit>cups</unit></amt>
        <item>Extra virgin olive oil</item></ing>
      <ing>
        <amt>
          <qty>1</qty>
          <unit>medium</unit></amt>
        <item>Ripe tomato; cut into 1/4- inch pieces (1 cup)</item></ing>
      <ing>
        <amt>
          <qty>1</qty>
          <unit>tablespoon</unit></amt>
        <item>Fresh basil; chopped</item></ing></ingredients>
    <directions>
      <step>   In a medium bowl combine onion, vinegar, salt and pepper. Let stand for 15
  minutes. Whisk in olive oil.
   Stir in tomato and basil. Refrigerate for at least 1 hour. Season with
  more salt and pepper, if desired.
   Thoroughly mix before using. Serve at room temperature, 1-2 Tbs per
  serving.
  
   Makes about 1 1/3 cups. Great as a topping for baked potatoes, salads or
  as a marinade over fresh-cut vegetables.
  
   From the files of DEEANNE
  
  From Gemini's MASSIVE MealMaster collection at www.synapse.com/~gemini
 
</step></directions></recipe></recipeml>
