<?xml version="1.0" encoding="UTF-8"?>

<recipeml version="0.5">
  <recipe>
    <head>
      <title>Basic Yellow Cake</title>
      <categories>
        <cat>Layer</cat></categories>
      <yield>12</yield></head>
    <ingredients>
      <ing>
        <amt>
          <qty>2 1/2</qty>
          <unit>cups</unit></amt>
        <item>Flour</item></ing>
      <ing>
        <amt>
          <qty>1 2/3</qty>
          <unit>cups</unit></amt>
        <item>Sugar</item></ing>
      <ing>
        <amt>
          <qty>3 1/2</qty>
          <unit>teaspoons</unit></amt>
        <item>Baking powder</item></ing>
      <ing>
        <amt>
          <qty>1</qty>
          <unit>teaspoon</unit></amt>
        <item>Salt</item></ing>
      <ing>
        <amt>
          <qty>3/4</qty>
          <unit>cups</unit></amt>
        <item>Milk</item></ing>
      <ing>
        <amt>
          <qty>2/3</qty>
          <unit>cups</unit></amt>
        <item>Crisco</item></ing>
      <ing>
        <amt>
          <qty>3</qty>
          <unit/></amt>
        <item>Eggs</item></ing>
      <ing>
        <amt>
          <qty>1/2</qty>
          <unit>cups</unit></amt>
        <item>Milk</item></ing>
      <ing>
        <amt>
          <qty>1</qty>
          <unit>teaspoon</unit></amt>
        <item>Vanilla</item></ing></ingredients>
    <directions>
      <step>  Preheat oven to 350° Grease and flour 2 9 inch round pans. In bowl, combine
  flour, sugar, salt and powder. Add Crisco,and 3/4 cup milk. Beat 2 minutes
  at medium speed. Add eggs, remaining milk and vanilla. Beat for another 2
  minutes, pour in prepared pans. Bake for 35-40 minutes or until done. Cool,
  frost as desired.
  
  Recipe by: Crisco Cookbook
  
  Posted to MC-Recipe Digest V1 #926 by "LauraG" &lt;gaggini@gate.usaor.net&gt; on
  Nov 26, 1997
 
</step></directions></recipe></recipeml>
