<?xml version="1.0" encoding="UTF-8"?>

<recipeml version="0.5">
  <recipe>
    <head>
      <title>Basil-Butter Beef Sandwiches</title>
      <categories>
        <cat>Sandwiches</cat></categories>
      <yield>1</yield></head>
    <ingredients>
      <ing>
        <amt>
          <qty>1</qty>
          <unit/></amt>
        <item>6 Oz Portion Of Flank Steak</item></ing>
      <ing>
        <amt>
          <qty>1</qty>
          <unit/></amt>
        <item>Clove Garlic; halved</item></ing>
      <ing>
        <amt>
          <qty>2</qty>
          <unit>tablespoons</unit></amt>
        <item>Unsalted Butter</item></ing>
      <ing>
        <amt>
          <qty>1</qty>
          <unit>tablespoon</unit></amt>
        <item>Minced Fresh Basil</item></ing>
      <ing>
        <amt>
          <qty>1</qty>
          <unit/></amt>
        <item>Clove Garlic; minced</item></ing>
      <ing>
        <amt>
          <qty>1/8</qty>
          <unit>teaspoons</unit></amt>
        <item>Salt</item></ing>
      <ing>
        <amt>
          <qty>1/2</qty>
          <unit>teaspoons</unit></amt>
        <item>Fresh Lemon Juice</item></ing>
      <ing>
        <amt>
          <qty>2</qty>
          <unit/></amt>
        <item>3" Length French Bread; sliced open lengthwi</item></ing></ingredients>
    <directions>
      <step>  Rub flank steak with halved garlic. Place steak on grill about 4 inches
  from coals and cook until browned outside, still rare inside.  Remove from
  grill and thinly slice against grain. Combine butter, basil, minced garlic,
  salt and lemon juice in bowl and mash with fork to blend. Chill 15 minutes
  or until firm. Meanwhile, place French bread, sliced side down, on grill
  and toast 2 to 3 minutes. Remove from grill. Spread butter oveer bread. Top
  each with half of bread.  Close sandwiches.
  Recipe By     : Spokesman Review
  
  Posted to MC-Recipe Digest V1 #295
  
  Date: Mon, 11 Nov 1996 11:47:23 +0000
  
  From: "srussell" &lt;srussell@unix.ieway.com&gt;
 
</step></directions></recipe></recipeml>
