<?xml version="1.0" encoding="UTF-8"?>

<recipeml version="0.5">
  <recipe>
    <head>
      <title>Basil Breakfast Strata</title>
      <categories>
        <cat>Eggs</cat></categories>
      <yield>6</yield></head>
    <ingredients>
      <ing-div>
        <title/>
        <ing>
          <amt>
            <qty>1</qty>
            <unit>cup</unit></amt>
          <item>Milk</item></ing>
        <ing>
          <amt>
            <qty>1/2</qty>
            <unit>cups</unit></amt>
          <item>Dry white wine</item></ing>
        <ing>
          <amt>
            <qty>1</qty>
            <unit/></amt>
          <item>Day old loaf swiss peasant bread or french bread; cut into 1/2 inch slices</item></ing>
        <ing>
          <amt>
            <qty>8</qty>
            <unit>ounces</unit></amt>
          <item>Prosciutto; thinly sliced</item></ing>
        <ing>
          <amt>
            <qty>2</qty>
            <unit>cups</unit></amt>
          <item>Arugula leaves</item></ing>
        <ing>
          <amt>
            <qty>3</qty>
            <unit>tablespoons</unit></amt>
          <item>Olive oil</item></ing>
        <ing>
          <amt>
            <qty>1</qty>
            <unit>pound</unit></amt>
          <item>Basil torta cheese; thinly sliced</item></ing>
        <ing>
          <amt>
            <qty>3</qty>
            <unit/></amt>
          <item>Ripe tomatoes; sliced</item></ing>
        <ing>
          <amt>
            <qty>1/2</qty>
            <unit>cups</unit></amt>
          <item>Basic pesto (below)</item></ing>
        <ing>
          <amt>
            <qty>4</qty>
            <unit/></amt>
          <item>Eggs beaten</item></ing>
        <ing>
          <amt>
            <qty/>
            <unit/></amt>
          <item>Salt and freshly ground black pepper; to taste</item></ing>
        <ing>
          <amt>
            <qty>1/2</qty>
            <unit>cups</unit></amt>
          <item>Heavy or whipping cream</item></ing></ing-div>
      <ing-div>
        <title>BASIC PESTO</title>
        <ing>
          <amt>
            <qty>2</qty>
            <unit>cups</unit></amt>
          <item>Fresh basil leaves</item></ing>
        <ing>
          <amt>
            <qty>4</qty>
            <unit/></amt>
          <item>Cloves (medium) garlic; chopped</item></ing>
        <ing>
          <amt>
            <qty>1</qty>
            <unit>cup</unit></amt>
          <item>Walnut meats (or pine nuts)</item></ing>
        <ing>
          <amt>
            <qty>1</qty>
            <unit>cup</unit></amt>
          <item>Best quality olive oil</item></ing>
        <ing>
          <amt>
            <qty>1</qty>
            <unit>cup</unit></amt>
          <item>Freshly grated imported parmesan cheese</item></ing>
        <ing>
          <amt>
            <qty>1/4</qty>
            <unit>cups</unit></amt>
          <item>Freshly grated imported romano cheese</item></ing>
        <ing>
          <amt>
            <qty/>
            <unit/></amt>
          <item>Salt and freshly ground black pepper; to taste</item></ing></ing-div></ingredients>
    <directions>
      <step>  From: Sherri Eastman &lt;eastman@solstice.jpl.nasa.gov&gt;
  
  Date: 18 May 1994 04:18:15 -0400
  
  (Silver Palate Goodtimes Cookbook)
  
  One day before serving, mix the milk and wine in a shallow bowl.  Dip 1 or
  2 slices of bread in the milk mixture. Gently squeeze as much liquid as
  possible from the bread without tearing it.  Place the bread in a 12 inch
  round or oval au grain dish and cover with a slice of prosciutto, several
  arugula leaves dipped in olive oil, some slices of basil torta, and a few
  tomato slices.  Drizzle sparingly with pesto.  Repeat the layering,
  overlapping the bread slices slightly, until the dish is filled.  Beat the
  eggs with salt and pepper to taste and pour evenly over the layers in the
  dish.  Cover with plastic wrap and refrigerate overnight.
  
  The following day remove the dish from the refrigerator and let warm to
  room temperature. Preheat oven to 350 degrees Drizzle the top with the
  cream and bake until puffy and browned, 45 minutes to 1 hour. Serve
  immediately.  6 portions.
  
  Basic Pesto: Process the basil, garlic, and walnuts (or pine nuts) in a
  food processor fitted with a steel blade or in 2 batches in a blender,
  until finely chopped. With the machine running, pour in the oil in a thin,
  steady stream. Add the cheeses, a big pinch of salt, and a liberal grinding
  of pepper. Process briefly to combine. Remove to a bowl and cover until
  ready to use. Yield 2 cups.
  
  REC.FOOD.RECIPES ARCHIVES
  
  /EGGS
  
  REFRIGERATE OVERNIGHT
  
  From rec.food.cooking archives.  Downloaded from Glen's MM Recipe Archive,
  http://www.erols.com/hosey.
 
</step></directions></recipe></recipeml>
