<?xml version="1.0" encoding="UTF-8"?>

<recipeml version="0.5">
  <recipe>
    <head>
      <title>Basic White Cream Sauce</title>
      <categories>
        <cat>Sauce</cat></categories>
      <yield>4</yield></head>
    <ingredients>
      <ing>
        <amt>
          <qty>1/4</qty>
          <unit>cups</unit></amt>
        <item>Butter</item></ing>
      <ing>
        <amt>
          <qty>1/4</qty>
          <unit>cups</unit></amt>
        <item>Unsifted flour</item></ing>
      <ing>
        <amt>
          <qty>1</qty>
          <unit>teaspoon</unit></amt>
        <item>Salt</item></ing>
      <ing>
        <amt>
          <qty>1/8</qty>
          <unit>teaspoons</unit></amt>
        <item>Pepper</item></ing>
      <ing>
        <amt>
          <qty>2</qty>
          <unit>cups</unit></amt>
        <item>Milk</item></ing></ingredients>
    <directions>
      <step>  In heavy skillet, heat butter until melted; remove from heat and add flour,
  salt and pepper, stirring constantly until smooth. Add milk slowly,
  stirring and return to medium heat. Bring to a boil and cook 1 minute. THIN
  WHITE SAUCE:  Reduce butter and flour to 2 tablespoons each, following
  above directions. Use for soups. THICK WHITE SAUCE: Increase butter and
  flour to 6 tablespoons each, cook as above. EXTRA THICK WHITE SAUCE:
  Increase butter and flour to 8 tablespoons each, cook as above. Note: For
  fish or other seafood, broccoli or asparagus, add 1/2 teaspool lemon juice
  and 1 tablespoon mayonnaise.
  
  MRS CHARLES HENRY FORD(JOSEPHINE
  
  MARVELL, AR
  
  From the book &lt;High Cotton Cookin'&gt;, Marvell Academy Mothers Assn, Marvell,
  AR  72366, ISBN 0-918544-14-9, downloaded from Glen's MM Recipe Archive,
  http://www.erols.com/hosey.
 
</step></directions></recipe></recipeml>
