<?xml version="1.0" encoding="UTF-8"?>

<recipeml version="0.5">
  <recipe>
    <head>
      <title>Basic "Scratch" Tomato Sauce</title>
      <categories>
        <cat>None</cat></categories>
      <yield>1</yield></head>
    <ingredients>
      <ing>
        <amt>
          <qty>1/4</qty>
          <unit>cups</unit></amt>
        <item>Extra-virgin olive oil</item></ing>
      <ing>
        <amt>
          <qty>4</qty>
          <unit/></amt>
        <item>Cloves garlic; lightly bruised</item></ing>
      <ing>
        <amt>
          <qty>4</qty>
          <unit>cans</unit></amt>
        <item>Plum tomatoes; (28 ounces each), drained, coarsely chopped</item></ing>
      <ing>
        <amt>
          <qty>1/2</qty>
          <unit>cups</unit></amt>
        <item>Dry red wine</item></ing>
      <ing>
        <amt>
          <qty>1/2</qty>
          <unit>cups</unit></amt>
        <item>Parsley; coarsely chopped</item></ing>
      <ing>
        <amt>
          <qty>1/2</qty>
          <unit>cups</unit></amt>
        <item>Basil leaves; torn in half</item></ing>
      <ing>
        <amt>
          <qty>2</qty>
          <unit>teaspoons</unit></amt>
        <item>Dried oregano</item></ing>
      <ing>
        <amt>
          <qty/>
          <unit/></amt>
        <item>Salt and freshly ground black pepper; to taste</item></ing>
      <ing>
        <amt>
          <qty>1</qty>
          <unit/></amt>
        <item>Pinches sugar</item></ing></ingredients>
    <directions>
      <step>  Heat the oil in a large, heavy pot over medium-low heat. Add the garlic and
  cook until it colors slightly but does not burn, about 3 to 4 minutes.
  Remove from the heat and carefully stir in the tomatoes and the wine.
  
  Return the pot to medium heat. Stir in the parsley, basil, oregano, salt,
  pepper and sugar. Simmer uncovered, stirring occasionally, for 30 minutes.
  Serve immediately or cool and store, covered, in the refrigerator for up to
  2 days. Or freeze the sauce for later use.
  
  Yield: 7 cups. Per 1/2 cup serving: 84 calories, 11g carbohydrates, 2g
  protein, 4g fat, no cholesterol.
  
  Published in Parade Magazine 4/26/98
  
  Typed and Busted by Carriej999@AOL.com
  
  Recipe by: Sheila Lukins
  
  Posted to MC-Recipe Digest by Carriej999 &lt;Carriej999@aol.com&gt; on Apr 26,
  1998
 
</step></directions></recipe></recipeml>
