<?xml version="1.0" encoding="UTF-8"?>

<recipeml version="0.5">
  <recipe>
    <head>
      <title>Basic White Sauce and Cheese Sauce</title>
      <categories>
        <cat>Diabetic</cat>
        <cat>Cheese</cat>
        <cat>Sauces</cat></categories>
      <yield>4</yield></head>
    <ingredients>
      <ing-div>
        <title>WHITE SAUCE</title>
        <ing>
          <amt>
            <qty>1</qty>
            <unit>tablespoon</unit></amt>
          <item>Betty's Butter;</item></ing>
        <ing>
          <amt>
            <qty>1</qty>
            <unit>tablespoon</unit></amt>
          <item>Arrowroot;</item></ing>
        <ing>
          <amt>
            <qty>1</qty>
            <unit>cup</unit></amt>
          <item>Evaporated Milk;</item></ing>
        <ing>
          <amt>
            <qty>1/8</qty>
            <unit>teaspoons</unit></amt>
          <item>Salt</item></ing>
        <ing>
          <amt>
            <qty>1/8</qty>
            <unit>teaspoons</unit></amt>
          <item>White pepper</item></ing></ing-div>
      <ing-div>
        <title>CHEESE SAUCE</title>
        <ing>
          <amt>
            <qty>1/4</qty>
            <unit>cups</unit></amt>
          <item>Low-fat Cheese sauce Shredded</item></ing></ing-div></ingredients>
    <directions>
      <step>  Heat butter in a small non-stick skillet, then in arrowroot.
  Gradually add milk, cook stirring until sauce thickens.  Stir in salt
  &amp; pepper. VARIATIONS: THICKER SAUCE...Add more butter and more
  arrowroot for each cup of milk.
  
  CHEESE SAUCE: Add 1/4 cup shredded low-fat cheese to hot sauce; cook,
  stirring, until melted.
  
  White Sauce Food Exchanges &amp; Food Values: Food Exchange per serving:
  1 MILK EXCHAGE + 1/2 FAT EXCAHNGE  CAL: 108; CHO: 5mg; CAR: 9g; PRO:
  137; SOD: 137mg; FAT: 3g;
  
  Cheese Sauce Food Exchanges &amp; Food Values: Food Exchange per serving:
  1 MILK EXCHANGE + 1/2 FAT EXCAHNGE  CAL: 108 CHO: 11mg; CAR: 10g;
  PRO: 7g; SOD: 291; FAT: 5g;
  
  Light &amp; Easy Diabetes Cuisine by Betty Marks
  Brought to you and yours via Nancy O'Brion and her Meal-Master
  
  File ftp://ftp.idiscover.co.uk/pub/food/mealmaster/recipes/diabetic.zip
 
</step></directions></recipe></recipeml>
