<?xml version="1.0" encoding="UTF-8"?>

<recipeml version="0.5">
  <recipe>
    <head>
      <title>Basil Chicken in Coconut-Curry Sauce</title>
      <categories>
        <cat>Better home</cat>
        <cat>Prize teste</cat>
        <cat>1997 winner</cat></categories>
      <yield>4</yield></head>
    <ingredients>
      <ing>
        <amt>
          <qty>4</qty>
          <unit/></amt>
        <item>Chicken breast halves; skinless, boneless, 1 lb.</item></ing>
      <ing>
        <amt>
          <qty>1/2</qty>
          <unit>teaspoons</unit></amt>
        <item>Ground cardamom</item></ing>
      <ing>
        <amt>
          <qty>1/2</qty>
          <unit>teaspoons</unit></amt>
        <item>Ground cinnamon</item></ing>
      <ing>
        <amt>
          <qty>1/2</qty>
          <unit>teaspoons</unit></amt>
        <item>Ground cloves</item></ing>
      <ing>
        <amt>
          <qty>1/2</qty>
          <unit>teaspoons</unit></amt>
        <item>Ground coriander</item></ing>
      <ing>
        <amt>
          <qty>1/2</qty>
          <unit>teaspoons</unit></amt>
        <item>Ground cumin</item></ing>
      <ing>
        <amt>
          <qty/>
          <unit/></amt>
        <item>Salt</item></ing>
      <ing>
        <amt>
          <qty/>
          <unit/></amt>
        <item>Cracked black pepper</item></ing>
      <ing>
        <amt>
          <qty>1/4</qty>
          <unit>teaspoons</unit></amt>
        <item>Ground turmeric</item></ing>
      <ing>
        <amt>
          <qty>1/4</qty>
          <unit>teaspoons</unit></amt>
        <item>Chili powder</item></ing>
      <ing>
        <amt>
          <qty>1</qty>
          <unit>large</unit></amt>
        <item>Red onion; chopped</item></ing>
      <ing>
        <amt>
          <qty>5</qty>
          <unit/></amt>
        <item>Cloves garlic; minced</item></ing>
      <ing>
        <amt>
          <qty>2</qty>
          <unit/></amt>
        <item>Jalapeno pepper; seeded, finely chopped</item></ing>
      <ing>
        <amt>
          <qty>1</qty>
          <unit>tablespoon</unit></amt>
        <item>Olive oil</item></ing>
      <ing>
        <amt>
          <qty>14</qty>
          <unit>ounces</unit></amt>
        <item>Unsweetened coconut milk</item></ing>
      <ing>
        <amt>
          <qty>2</qty>
          <unit>teaspoons</unit></amt>
        <item>Cornstarch</item></ing>
      <ing>
        <amt>
          <qty>3</qty>
          <unit>tablespoons</unit></amt>
        <item>Fresh basil; snipped</item></ing>
      <ing>
        <amt>
          <qty>1</qty>
          <unit>tablespoon</unit></amt>
        <item>Gingerroot; finely chopped</item></ing>
      <ing>
        <amt>
          <qty/>
          <unit/></amt>
        <item>Hot cooked rice</item></ing>
      <ing>
        <amt>
          <qty/>
          <unit/></amt>
        <item>Fresh basil</item></ing></ingredients>
    <directions>
      <step>  Rinse chicken; pat dry; cut in 1" pieces. Place in a medium bowl. In a
  small bowl stir together spices (cardamom to chili powder). Sprinkle over
  chicken; toss to coat. Cover and let stand at room temperature 30 minutes
  or I the refrigerator 1-2 hours. In a large nonstick wok or skillet cook
  and stir onion, garlic and jalapeno peppers in hot oil over medium-heat 2
  minutes. Remove onion mixture. Add half the chicken to the wok. Cook and
  stir 2-3 minutes or until chicken is tender and no pink remains. Remove
  chicken from wok; cook and remove remaining chicken. Stir together coconut
  milk and cornstarch. Carefully add to wok. Cook and stir until bubbly and
  thickened. Return chicken and onion mixture to wok. Stir in snipped basil
  and gingerroot. Cook 2 minutes until heated through. Serve over rice.
  Garnish with fresh basil.
  
  Recipe by: Better Homes and Gardens, January 1998, Page 122.
  
  Posted to recipelu-digest Volume 01 Number 347 by Peg Baldassari
  &lt;Baldassari@compuserve.com&gt; on Dec 7, 1997
 
</step></directions></recipe></recipeml>
