<?xml version="1.0" encoding="UTF-8"?>

<recipeml version="0.5">
  <recipe>
    <head>
      <title>Basic White Sauce with Variations</title>
      <categories>
        <cat>Sauces</cat></categories>
      <yield>4</yield></head>
    <ingredients>
      <ing>
        <amt>
          <qty>2</qty>
          <unit>tablespoons</unit></amt>
        <item>Butter</item></ing>
      <ing>
        <amt>
          <qty>2</qty>
          <unit>tablespoons</unit></amt>
        <item>Flour</item></ing>
      <ing>
        <amt>
          <qty>1</qty>
          <unit>cup</unit></amt>
        <item>Milk</item></ing>
      <ing>
        <amt>
          <qty/>
          <unit/></amt>
        <item>Salt &amp; pepper to taste</item></ing></ingredients>
    <directions>
      <step>  Contributed to the echo by: Merrilyn Vaughan Originally from: Betty
  Crocker's Cookbook BASIC WHITE SAUCE
  
  Blend milk and flour. Add butter [melted]. Mix together. Heat on medium in
  'nuker about one minute. Stir. Repeat till reaches desired thickness.
  
  Variations:
  
  Cheese - add 1/2 c. cheese and either 1/4 tsp. dry mustard or 1/4 tsp.
  spice sauce such as teriyaki or Worcestershire, etc. .
  
  Red - add 3 Tbls. ketsup.
  
  Curry - 1/2 tsp. curry powder.
  
  Cucumber - add 1/2 c. grated or diced 'cukes and pinch of cayenne.
  
  Sea Food - add 1/2 c. cooked. coctail shrimp or chopped other sea food.
  
  From Gemini's MASSIVE MealMaster collection at www.synapse.com/~gemini
 
</step></directions></recipe></recipeml>
