<?xml version="1.0" encoding="UTF-8"?>

<recipeml version="0.5">
  <recipe>
    <head>
      <title>Basil Cherry Tomatoes #1</title>
      <categories>
        <cat>Vegetable</cat></categories>
      <yield>10</yield></head>
    <ingredients>
      <ing>
        <amt>
          <qty>3</qty>
          <unit>pints</unit></amt>
        <item>Cherry tomatoes</item></ing>
      <ing>
        <amt>
          <qty>3</qty>
          <unit>tablespoons</unit></amt>
        <item>Butter</item></ing>
      <ing>
        <amt>
          <qty>1</qty>
          <unit>tablespoon</unit></amt>
        <item>Dried basil -or-</item></ing>
      <ing>
        <amt>
          <qty>3</qty>
          <unit>tablespoons</unit></amt>
        <item>Fresh basil; chopped</item></ing></ingredients>
    <directions>
      <step>   Rinse, stem and pat dry tomatoes. In a large skillet, melt butter over
  medium heat. Add basil. Cook, stirring, for 2 minutes. Add tomatoes and
  cook, tossing them, for 5 minutes or heated through. Serve immediately. 10
  servings.
  
   NOTE: Be careful not to overcook as tomatoes will become mushy.
  
  JUNION LEAGUE OF LITTLE ROCK'S
  
  "TRADITIONS: A TASTE OF THE GOOD
  
  LIFE", FROM BEN HUSSMAN
  
  From a collection of my mother's (Judy Hosey) recipe box which contained
  lots of her favorite recipes, clippings, etc.  Downloaded from Glen's MM
  Recipe Archive, http://www.erols.com/hosey.
 
</step></directions></recipe></recipeml>
