<?xml version="1.0" encoding="UTF-8"?>

<recipeml version="0.5">
  <recipe>
    <head>
      <title>Basil Mashed Potatoes 3</title>
      <categories>
        <cat>Preparation</cat>
        <cat>Time :</cat></categories>
      <yield>1</yield></head>
    <ingredients>
      <ing>
        <amt>
          <qty/>
          <unit/></amt>
        <item>Basil Puree:</item></ing>
      <ing>
        <amt>
          <qty>2</qty>
          <unit>tablespoons</unit></amt>
        <item>Pine nuts</item></ing>
      <ing>
        <amt>
          <qty>1/4</qty>
          <unit>cups</unit></amt>
        <item>Extra-virgin olive oil</item></ing>
      <ing>
        <amt>
          <qty>3</qty>
          <unit>medium</unit></amt>
        <item>Cloves garlic,; peeled and sliced</item></ing>
      <ing>
        <amt>
          <qty>1/2</qty>
          <unit>teaspoons</unit></amt>
        <item>Kosher salt</item></ing>
      <ing>
        <amt>
          <qty>1/4</qty>
          <unit>teaspoons</unit></amt>
        <item>Freshly ground black pepper</item></ing>
      <ing>
        <amt>
          <qty>2</qty>
          <unit>cups</unit></amt>
        <item>Basil leaves,; washed and dried (2 ounces)</item></ing>
      <ing>
        <amt>
          <qty>1</qty>
          <unit/></amt>
        <item>Basic mashed potato recipe; (recipe follows)</item></ing></ingredients>
    <directions>
      <step>  In a blender, combine the pine nuts, extra-virgin olive oil, garlic, salt
  and pepper, and puree. With the motor running, add the basil leaves and
  continue to puree until smooth.
  
  Add the basil puree to the warm mashed potatoes, and over low heat stir
  with a wooden spoon until the puree is completely incorporated and the
  mixture is piping hot. Serve.
  
  Yield: 4 serving
  Recipe By     :CHEF DU JOUR SHOW #DJ9268 MICHAEL ROMANO
  
  Posted to MC-Recipe Digest V1 #290
  
  Date: Sun, 10 Nov 1996 00:19:14 -0500
  
  From: Meg Antczak &lt;meginny@frontiernet.net&gt;
 
</step></directions></recipe></recipeml>
