<?xml version="1.0" encoding="UTF-8"?>

<recipeml version="0.5">
  <recipe>
    <head>
      <title>Basic White Bread for Zojirushi</title>
      <categories>
        <cat>Breads</cat></categories>
      <yield>1</yield></head>
    <ingredients>
      <ing>
        <amt>
          <qty>1 1/4</qty>
          <unit>cups</unit></amt>
        <item>Buttermilk</item></ing>
      <ing>
        <amt>
          <qty>2</qty>
          <unit>tablespoons</unit></amt>
        <item>Butter</item></ing>
      <ing>
        <amt>
          <qty>2</qty>
          <unit>tablespoons</unit></amt>
        <item>Sugar</item></ing>
      <ing>
        <amt>
          <qty>1</qty>
          <unit>teaspoon</unit></amt>
        <item>Salt</item></ing>
      <ing>
        <amt>
          <qty>3</qty>
          <unit>cups</unit></amt>
        <item>Bread flour</item></ing>
      <ing>
        <amt>
          <qty>1</qty>
          <unit>package</unit></amt>
        <item>Active dry yeast</item></ing></ingredients>
    <directions>
      <step>  Measure milk, butter, sugar, salt and flour into baking pan. Spreinkle
  yeast in center of flour. Insert pan securely into baking unit and close
  lid. Select BASIC WHITE BREAD setting if using active dry yeast, or QUICK
  BAKING setting if using fast-rise yeast. Select MEDIUM baking degree
  setting.  Press START. The COMPLETE light will flash when bread is done.
  Using hotpads, remove pan from unit and pull out kneading rod. Turn out
  onto cooling rack and cool before slicing.
  
  From Gemini's MASSIVE MealMaster collection at www.synapse.com/~gemini
 
</step></directions></recipe></recipeml>
