<?xml version="1.0" encoding="UTF-8"?>

<recipeml version="0.5">
  <recipe>
    <head>
      <title>Basil Avocado Chutney</title>
      <categories>
        <cat>Relishes</cat></categories>
      <yield>1</yield></head>
    <ingredients>
      <ing>
        <amt>
          <qty>2</qty>
          <unit>cups</unit></amt>
        <item>Packed basil leaves, washed and spun dry</item></ing>
      <ing>
        <amt>
          <qty>1/3</qty>
          <unit>cups</unit></amt>
        <item>Blanced almonds</item></ing>
      <ing>
        <amt>
          <qty>1</qty>
          <unit>clove</unit></amt>
        <item>Garlic</item></ing>
      <ing>
        <amt>
          <qty>2</qty>
          <unit>teaspoons</unit></amt>
        <item>Fresh lemon juice, to taste</item></ing>
      <ing>
        <amt>
          <qty>1</qty>
          <unit/></amt>
        <item>Avocado (prefer California), peeled and pitted</item></ing></ingredients>
    <directions>
      <step>  In a food processor blend together the basil, the almond, the garlc, and
  the lemon juice, pulsing the motor once or twice, until the almonds are
  ground fine. Add the avocado, cut into chunks, and salt to taste and blend
  the mixture until it is combined well. Serve the chutney with grilled meats
  and fish.  Makes about 1 1/2 cups.
  
  From Gemini's MASSIVE MealMaster collection at www.synapse.com/~gemini
 
</step></directions></recipe></recipeml>
