<?xml version="1.0" encoding="UTF-8"?>

<recipeml version="0.5">
  <recipe>
    <head>
      <title>Basil Beer Bread</title>
      <categories>
        <cat>Bakery</cat>
        <cat>Breads</cat></categories>
      <yield>1</yield></head>
    <ingredients>
      <ing>
        <amt>
          <qty>3</qty>
          <unit>cups</unit></amt>
        <item>Self-rising flour</item></ing>
      <ing>
        <amt>
          <qty>3</qty>
          <unit>tablespoons</unit></amt>
        <item>Sugar</item></ing>
      <ing>
        <amt>
          <qty>1/2</qty>
          <unit>cups</unit></amt>
        <item>Chopped fresh basil leaves</item></ing>
      <ing>
        <amt>
          <qty>1 1/2</qty>
          <unit>cups</unit></amt>
        <item>Warm beer</item></ing></ingredients>
    <directions>
      <step>  Preheat the oven to 350F. In a large bowl, mix the flour and sugar. Stir in
  the basil, then the beer. Mix until thoroughly blended, then pour into a
  well greased 9x5x3" loaf pan.  Bake until a straw inserted in the center
  comes out clean, about 50 minutes. Turn the bread out of the pan and cool
  on a rack. Slice the bread thinly.
 
</step></directions></recipe></recipeml>
