<?xml version="1.0" encoding="UTF-8"?>

<recipeml version="0.5">
  <recipe>
    <head>
      <title>Basil Dinner Rolls</title>
      <categories>
        <cat>All newly t</cat>
        <cat>Breads</cat></categories>
      <yield>32</yield></head>
    <ingredients>
      <ing>
        <amt>
          <qty>7 1/2</qty>
          <unit>cups</unit></amt>
        <item>All purpose flour</item></ing>
      <ing>
        <amt>
          <qty>1</qty>
          <unit>tablespoon</unit></amt>
        <item>Sugar</item></ing>
      <ing>
        <amt>
          <qty>2</qty>
          <unit>teaspoons</unit></amt>
        <item>Salt</item></ing>
      <ing>
        <amt>
          <qty>1</qty>
          <unit>package</unit></amt>
        <item>Active dry yeast</item></ing>
      <ing>
        <amt>
          <qty>2 1/2</qty>
          <unit>cups</unit></amt>
        <item>Warm water; (120-130)</item></ing>
      <ing>
        <amt>
          <qty>1</qty>
          <unit>cup</unit></amt>
        <item>Chopped fresh basil</item></ing>
      <ing>
        <amt>
          <qty>1/4</qty>
          <unit>cups</unit></amt>
        <item>Finely chopped walnuts</item></ing>
      <ing>
        <amt>
          <qty>1/4</qty>
          <unit>cups</unit></amt>
        <item>Grated Parmesan cheese</item></ing>
      <ing>
        <amt>
          <qty/>
          <unit/></amt>
        <item>Melted butter or margarine</item></ing></ingredients>
    <directions>
      <step>  In a mixing bowl, combine 6 cups flour, sugar, salt and yeast. Add water;
  beat until smooth. Add enough remaining flour to form a soft dough. Turn
  onto a floured surface; knead until smooth and elastic, about 8-10 minutes.
  Place in a greased bowl, turning once to grease top. Cover and refrigerate
  overinight. Punch dough down; knead several times. Cover and let rise for
  10 minutes. Meanwhile, combine basil, walnuts and cheese; reserve 2
  tablespoons for topping. Shape dough into 32 balls. On a floured surface,
  roll each ball in a 4 inch circle; place about 1 1/2 teaspoons of the basil
  mixture in the center of each. Pinch dough together over filling. Place 16
  rolls each, seam side down, on two greased baking sheets with rolls
  touching. Cover and let rise until doubled, about 45 minutes. Brush tops
  with butter; sprinkle with reserved basil mixture. Bake at 375 for 25
  minutes or until lightly browned. Serve warm. Yield 32 rolls.
  
  Recipe by: Taste of Home Posted to MC-Recipe Digest V1 #730 by L979@aol.com
  on Aug 9, 1997
 
</step></directions></recipe></recipeml>
