<?xml version="1.0" encoding="UTF-8"?>

<recipeml version="0.5">
  <recipe>
    <head>
      <title>Basil-Tarragon Pasta Salad</title>
      <categories>
        <cat/></categories>
      <yield>6</yield></head>
    <ingredients>
      <ing>
        <amt>
          <qty>1</qty>
          <unit/></amt>
        <item>Recipe Basil-Tarragon Vinegarette</item></ing>
      <ing>
        <amt>
          <qty>3</qty>
          <unit>tablespoons</unit></amt>
        <item>Fresh grated parmesan cheese</item></ing>
      <ing>
        <amt>
          <qty>1</qty>
          <unit>large</unit></amt>
        <item>Bunch fresh broccoli florets  **</item></ing>
      <ing>
        <amt>
          <qty>2</qty>
          <unit>large</unit></amt>
        <item>Carrots; peeled and sliced</item></ing>
      <ing>
        <amt>
          <qty/>
          <unit/></amt>
        <item>; into 1/4 inch piece</item></ing>
      <ing>
        <amt>
          <qty>1</qty>
          <unit>small</unit></amt>
        <item>Zucchini squash; halved and cut into</item></ing>
      <ing>
        <amt>
          <qty/>
          <unit/></amt>
        <item>; 1/3 inch slices **</item></ing>
      <ing>
        <amt>
          <qty>1</qty>
          <unit>small</unit></amt>
        <item>Yellow squash; halved and cut into</item></ing>
      <ing>
        <amt>
          <qty/>
          <unit/></amt>
        <item>1/3 inch slices **</item></ing>
      <ing>
        <amt>
          <qty>1/2</qty>
          <unit>cups</unit></amt>
        <item>Diced sweet red pepper</item></ing>
      <ing>
        <amt>
          <qty>1/2</qty>
          <unit>cups</unit></amt>
        <item>Diced sweet green pepper</item></ing>
      <ing>
        <amt>
          <qty>1</qty>
          <unit>can</unit></amt>
        <item>Black olives; sliced</item></ing>
      <ing>
        <amt>
          <qty>2</qty>
          <unit>medium</unit></amt>
        <item>Tomatoes cut into 1/2 inch wedges</item></ing>
      <ing>
        <amt>
          <qty>1</qty>
          <unit>can</unit></amt>
        <item>Artichoke hearts; drained and cut</item></ing>
      <ing>
        <amt>
          <qty/>
          <unit/></amt>
        <item>; into bite sized pie</item></ing>
      <ing>
        <amt>
          <qty>1</qty>
          <unit>bunch</unit></amt>
        <item>Green onions; cleaned and chopped</item></ing>
      <ing>
        <amt>
          <qty>6</qty>
          <unit>ounces</unit></amt>
        <item>Salad pasta cooked according to package</item></ing>
      <ing>
        <amt>
          <qty/>
          <unit/></amt>
        <item>Directions.  Blanch in cold water and</item></ing>
      <ing>
        <amt>
          <qty/>
          <unit/></amt>
        <item>Drain when cooked.</item></ing>
      <ing>
        <amt>
          <qty/>
          <unit/></amt>
        <item>Additional fresh grated parmesan cheese.</item></ing></ingredients>
    <directions>
      <step>  Steam broccoli until tender crisp.  Blanch in cold water and drain.  In a
  two quart covered sauce pan, bring 1 quart of water to a vigorous boil
  under high heat.  Blanch carrots and squash in boiling water for 30
  seconds.  Start timing when water returns to a boil.  Immediately rinse in
  cold water and drain.   Combine prepared vegetables, 3 tbs. parmesan
  cheese, and vinegarette in a large bowl.  Toss gently to coat all pieces.
  Cover and refrigerate until chilled.  About 1 hour.  Uncover and toss
  occasionally while marinating in the refrigerator. Spoon salad into
  suitable serving dish.  Garnish lightly with additional fresh grated
  parmesan cheese.  Serve with fresh grated parmesan cheese available to top
  as individual taste dictates. Makes 6 to 8 servings From the kitchen of
  Loren Fumich ** NOTE: Do not over cook the broccoli, carrots, or squash.
  Undercooking is preferred to overcooking. If it is necessary to prepare
  ahead, prepare vegetables and pasta, refrigerate in a covered bowl until
  about one hour before serving. Combine with marinade a per instructions.
  Posted to MasterCook Digest V1 #163
  
  Date: Mon, 19 Aug 1996 19:12:38 -0500
  
  From: "lorenf@socomm.net" &lt;lorenf@memphisonline.com&gt;
 
</step></directions></recipe></recipeml>
