<?xml version="1.0" encoding="UTF-8"?>

<recipeml version="0.5">
  <recipe>
    <head>
      <title>Basil-Cheese Beer Bread</title>
      <categories>
        <cat>Breads</cat>
        <cat>Cheese</cat></categories>
      <yield>1</yield></head>
    <ingredients>
      <ing>
        <amt>
          <qty>3</qty>
          <unit>cups</unit></amt>
        <item>Self-rising flour</item></ing>
      <ing>
        <amt>
          <qty>3</qty>
          <unit>tablespoons</unit></amt>
        <item>Sugar</item></ing>
      <ing>
        <amt>
          <qty>1/2</qty>
          <unit>cups</unit></amt>
        <item>Fresh chopped basil</item></ing>
      <ing>
        <amt>
          <qty>1/2</qty>
          <unit>cups</unit></amt>
        <item>Grated Parmesan cheese</item></ing>
      <ing>
        <amt>
          <qty>12</qty>
          <unit>ounces</unit></amt>
        <item>Warm beer</item></ing></ingredients>
    <directions>
      <step>  Mix all ingredients. Pour into well-greased loaf pan and bake in preheated
  350-degree oven for 50 minutes. Remove fro pan, cool on wire rack and
  slice. May be spiced up a bit with garlic.
  
  Source: Venie Palasota, Abilene Reporter-News 9/17/94
  Posted to MC-Recipe Digest V1 #805 by Nancy Berry &lt;nlberry@prodigy.net&gt; on
  Sep 25, 1997
 
</step></directions></recipe></recipeml>
