<?xml version="1.0" encoding="UTF-8"?>

<recipeml version="0.5">
  <recipe>
    <head>
      <title>Basil-Stuffed Lamb Roast</title>
      <categories>
        <cat>Lamb</cat>
        <cat>Christmas</cat>
        <cat>Spices</cat></categories>
      <yield>12</yield></head>
    <ingredients>
      <ing>
        <amt>
          <qty>3/4</qty>
          <unit>cups</unit></amt>
        <item>Chopped onion</item></ing>
      <ing>
        <amt>
          <qty>1/3</qty>
          <unit>cups</unit></amt>
        <item>Chopped celery</item></ing>
      <ing>
        <amt>
          <qty>2</qty>
          <unit/></amt>
        <item>Cloves garlic, minced</item></ing>
      <ing>
        <amt>
          <qty>1/4</qty>
          <unit>cups</unit></amt>
        <item>Olive oil</item></ing>
      <ing>
        <amt>
          <qty>2</qty>
          <unit/></amt>
        <item>Beaten eggs</item></ing>
      <ing>
        <amt>
          <qty>10</qty>
          <unit>ounces</unit></amt>
        <item>Frozen chopped spinach,</item></ing>
      <ing>
        <amt>
          <qty/>
          <unit/></amt>
        <item>Thawed</item></ing>
      <ing>
        <amt>
          <qty>1/4</qty>
          <unit>cups</unit></amt>
        <item>Snipped parsley</item></ing>
      <ing>
        <amt>
          <qty>3</qty>
          <unit>tablespoons</unit></amt>
        <item>Fresh snipped basil</item></ing>
      <ing>
        <amt>
          <qty>1/4</qty>
          <unit>teaspoons</unit></amt>
        <item>Dried marjoram, crushed</item></ing>
      <ing>
        <amt>
          <qty>1/4</qty>
          <unit>teaspoons</unit></amt>
        <item>Pepper</item></ing>
      <ing>
        <amt>
          <qty>6</qty>
          <unit>cups</unit></amt>
        <item>Plain croutons</item></ing>
      <ing>
        <amt>
          <qty>1/2</qty>
          <unit>cups</unit></amt>
        <item>Water</item></ing>
      <ing>
        <amt>
          <qty>1/4</qty>
          <unit>cups</unit></amt>
        <item>Grated parmesan cheese</item></ing>
      <ing>
        <amt>
          <qty>1</qty>
          <unit/></amt>
        <item>5-7 pound legg of lamb,</item></ing>
      <ing>
        <amt>
          <qty/>
          <unit/></amt>
        <item>Boned and butterflied</item></ing>
      <ing>
        <amt>
          <qty>1</qty>
          <unit>teaspoon</unit></amt>
        <item>Dried rosemary, crushed</item></ing>
      <ing>
        <amt>
          <qty/>
          <unit/></amt>
        <item>Sprigs of Fresh mint (opt)</item></ing>
      <ing>
        <amt>
          <qty/>
          <unit/></amt>
        <item>Sprigs of fresh marjoram (op</item></ing></ingredients>
    <directions>
      <step>  For stuffing, cook the chopped onion, chopped celery, and minced garlic in
  hot oil till tender but not brown. In a medium mixing bowl stir together
  the eggs, spinach, parsley, basil, marjoram, and pepper; add onion mixture.
  Stir in croutons and cheese. Drizzle with water to moisten, tossing
  lightly.  Set aside
  
  If necessary, remove the fell (pinkish red paper-thin layer) from the
  surface of meat.  Pound meat to an even thickness. Sprinkle with rosemary.
  Spread the stuffing over the roast. Roll up and tie meat securely.
  
  Place roast, seam side down, on a rack in a shallow roasting pan. Insert a
  meat thermometer in the thickest potion of meat. Roast, uncovered, in a 325
  F oven for 1 1/2 to 2 hours or till meat thermometer registers 150 F.
  
  Let roast stand for 15 minutes before carving.  Remove strings. If desired,
  garnish with sprigs of fresh mint and sprigs of fresh marjoram.
  
  From Gemini's MASSIVE MealMaster collection at www.synapse.com/~gemini
 
</step></directions></recipe></recipeml>
