<?xml version="1.0" encoding="UTF-8"?>

<recipeml version="0.5">
  <recipe>
    <head>
      <title>Basil-Grilled Loin Chops</title>
      <categories>
        <cat>Lamb</cat>
        <cat>Main dish</cat></categories>
      <yield>4</yield></head>
    <ingredients>
      <ing>
        <amt>
          <qty>8</qty>
          <unit/></amt>
        <item>Lamb loin chops</item></ing>
      <ing>
        <amt>
          <qty>1</qty>
          <unit>tablespoon</unit></amt>
        <item>Dijon mustard</item></ing>
      <ing>
        <amt>
          <qty>1</qty>
          <unit>tablespoon</unit></amt>
        <item>Balsamic or red wine vinegar</item></ing>
      <ing>
        <amt>
          <qty>2</qty>
          <unit/></amt>
        <item>Garlic cloves; minced</item></ing>
      <ing>
        <amt>
          <qty>1/4</qty>
          <unit>teaspoons</unit></amt>
        <item>Pepper</item></ing>
      <ing>
        <amt>
          <qty>1/4</qty>
          <unit>cups</unit></amt>
        <item>Olive oil</item></ing>
      <ing>
        <amt>
          <qty>4</qty>
          <unit>teaspoons</unit></amt>
        <item>Basil leaves;slivered,fresh</item></ing></ingredients>
    <directions>
      <step>  USe fresh or frozen chops. If using frozen, thaw in refrigerator overnight.
  Dry chops well, slash each edge once and arrange in single layer in shallow
  glass baking dish. In small bowl, whisk in mustard, vinegar, garlic and
  pepper. slowly whisk in oil; then stir in basil. Pour and spread over
  chops, turning to coat both sides. Cover and refrigerate for at least 1
  hour, but not more than four hours. Bring to room temperature 30 minutes
  before grilling. Place chops on oiled grill 4 to 6 inches above medium-hot
  coals or on medium-high setting and grill for about 5 minutes per side or
  until done to your liking.
  
  From Gemini's MASSIVE MealMaster collection at www.synapse.com/~gemini
 
</step></directions></recipe></recipeml>
