<?xml version="1.0" encoding="UTF-8"?>

<recipeml version="0.5">
  <recipe>
    <head>
      <title>Basil and Tomato Bread</title>
      <categories>
        <cat>Bread</cat>
        <cat>Mexican</cat></categories>
      <yield>1</yield></head>
    <ingredients>
      <ing>
        <amt>
          <qty>1/2</qty>
          <unit>cups</unit></amt>
        <item>Butter; softened</item></ing>
      <ing>
        <amt>
          <qty>1</qty>
          <unit>tablespoon</unit></amt>
        <item>Brown sugar</item></ing>
      <ing>
        <amt>
          <qty>1</qty>
          <unit>tablespoon</unit></amt>
        <item>Tomato paste</item></ing>
      <ing>
        <amt>
          <qty>1</qty>
          <unit/></amt>
        <item>Garlic clove; minced</item></ing>
      <ing>
        <amt>
          <qty>2</qty>
          <unit/></amt>
        <item>Eggs</item></ing>
      <ing>
        <amt>
          <qty>2</qty>
          <unit>cups</unit></amt>
        <item>Flour</item></ing>
      <ing>
        <amt>
          <qty>1</qty>
          <unit>teaspoon</unit></amt>
        <item>Baking powder</item></ing>
      <ing>
        <amt>
          <qty>1/2</qty>
          <unit>teaspoons</unit></amt>
        <item>Salt</item></ing>
      <ing>
        <amt>
          <qty>1/4</qty>
          <unit>teaspoons</unit></amt>
        <item>Cayenne pepper; * see note</item></ing>
      <ing>
        <amt>
          <qty>3</qty>
          <unit>tablespoons</unit></amt>
        <item>Fresh basil; * see note</item></ing>
      <ing>
        <amt>
          <qty>2/3</qty>
          <unit>cups</unit></amt>
        <item>Vegetable juice cocktail or tomato juice</item></ing>
      <ing>
        <amt>
          <qty>1</qty>
          <unit>cup</unit></amt>
        <item>Sharp cheddar cheese; grated</item></ing>
      <ing>
        <amt>
          <qty>2</qty>
          <unit/></amt>
        <item>Sun-dried tomatoes; oil-packed, minced</item></ing></ingredients>
    <directions>
      <step>  Preheat the oven at 350F. Cream the butter with the brown sugar. Add tomato
  paste, garlic and eggs. Beat until well mix.
  
  Shift the flour, baking powder and the salt. Add the cayenne pepper et
  basil. Add about 1/3 of flour mixture to butter mixture, mix well. Pour
  about half of the Vegetable juice, follow with another third of flour. Mix
  well after each addition. Finally add the the remainder for the juice and
  finish with the flour. At this point you will have a heavy sticky batter.
  
  Add the cheese and sun-dired tomato. Put he mixture into a 8 1/2 x 4 1/2
  inches oiled bread pan. Bake in oven for about an 1 hour or until a
  thoothpick inserted in the middle come out clean. Let cool for 5 minutes
  before removing from the pan.
  
  Note 1: You can increase quantities of cayenne pepper if you would like
  something with a kick.
  
  Note 2: You can subtitute for 1 tablespoon of dry basil.
  
  Recipe by: Les Collection Mini-Livres Bon Appeti
  
  Posted to TNT Recipes Digest by Andre Beaulieu &lt;abeaul@colba.net&gt; on Mar
  07, 1998
 
</step></directions></recipe></recipeml>
