<?xml version="1.0" encoding="UTF-8"?>

<recipeml version="0.5">
  <recipe>
    <head>
      <title>Basil Cream French Bread</title>
      <categories>
        <cat>Bread</cat></categories>
      <yield>8</yield></head>
    <ingredients>
      <ing>
        <amt>
          <qty>1</qty>
          <unit/></amt>
        <item>Loaf French Bread- unsliced</item></ing>
      <ing>
        <amt>
          <qty>3</qty>
          <unit>ounces</unit></amt>
        <item>Cream cheese</item></ing>
      <ing>
        <amt>
          <qty>1/4</qty>
          <unit>teaspoons</unit></amt>
        <item>Basil</item></ing>
      <ing>
        <amt>
          <qty>1/4</qty>
          <unit>teaspoons</unit></amt>
        <item>Garlic</item></ing>
      <ing>
        <amt>
          <qty>2</qty>
          <unit>tablespoons</unit></amt>
        <item>Margarine</item></ing>
      <ing>
        <amt>
          <qty>2</qty>
          <unit>tablespoons</unit></amt>
        <item>Parmesan Cheese</item></ing></ingredients>
    <directions>
      <step>  From: amwilson@juno.com (A Wilson)
  
  Date: Sun, 4 Aug 1996 12:01:40 PST
  Cut entire loaf horizontally, spread mixture on bottom half. Wrap in foil
  Bake 350 F. 15  - 20 minutes.  Grill  method;  after wrapping in foil,
  place 6 inches from coals, for 13 - 20 minutes turning twice during
  grilling time.
  
  Mm-recipes Digest V3 #210
  
  From the MealMaster recipe list.  Downloaded from Glen's MM Recipe Archive,
  http://www.erols.com/hosey.
 
</step></directions></recipe></recipeml>
