<?xml version="1.0" encoding="UTF-8"?>

<recipeml version="0.5">
  <recipe>
    <head>
      <title>Basic Wholegrain Muffins</title>
      <categories>
        <cat>Bread</cat></categories>
      <yield>12</yield></head>
    <ingredients>
      <ing>
        <amt>
          <qty>2</qty>
          <unit>cups</unit></amt>
        <item>Whole wheat flour</item></ing>
      <ing>
        <amt>
          <qty>1</qty>
          <unit>teaspoon</unit></amt>
        <item>Baking soda</item></ing>
      <ing>
        <amt>
          <qty>1/4</qty>
          <unit>cups</unit></amt>
        <item>Brown sugar or honey</item></ing>
      <ing>
        <amt>
          <qty>1</qty>
          <unit>teaspoon</unit></amt>
        <item>Ground cinnamon (optional)</item></ing>
      <ing>
        <amt>
          <qty>1/8</qty>
          <unit>teaspoons</unit></amt>
        <item>Ground cloves (optional)</item></ing>
      <ing>
        <amt>
          <qty>1/2</qty>
          <unit>teaspoons</unit></amt>
        <item>Salt</item></ing>
      <ing>
        <amt>
          <qty>1/2</qty>
          <unit>cups</unit></amt>
        <item>Raisins</item></ing>
      <ing>
        <amt>
          <qty>1</qty>
          <unit/></amt>
        <item>Egg; beaten</item></ing>
      <ing>
        <amt>
          <qty>1</qty>
          <unit>cup</unit></amt>
        <item>Buttermilk; yogurt, or sour milk</item></ing>
      <ing>
        <amt>
          <qty>3</qty>
          <unit>tablespoons</unit></amt>
        <item>Oil or melted butter</item></ing></ingredients>
    <directions>
      <step>  From: esined@inforail.MV.COM (Denise Gaunt)
  
  Date: 19 Aug 1995 21:15:22 -0600
  Mix all dry ingredients thoroughly, including raisins. Make a well in the
  center and add egg, milk and oil. Mix only until dry ingredients are moist.
  Fill greased muffin pans half full and bake at 375 degrees for about 15
  minutes. Good hot or cold. Makes 12 to 16 muffins. Variations:
  
  1. Omit raisins. Add 1 cup blueberries or chopped fruit.
  
  2. Add nuts or seeds, if desired.
  
  3. Omit 1 cup or more whole wheat flour and replace it with rye, soy or
  triticale flour, rolled oats or oat flour, wheat germ, or bran.
  
  4. Omit baking soda &amp; buttermilk. Add 2 teaspoons baking powder &amp; 1 cup
  milk.
  
  REC.FOOD.RECIPES
  
  From rec.food.cooking archives.  Downloaded from Glen's MM Recipe Archive,
  http://www.erols.com/hosey.
 
</step></directions></recipe></recipeml>
