<?xml version="1.0" encoding="UTF-8"?>

<recipeml version="0.5">
  <recipe>
    <head>
      <title>Basil/balsamic Vinegar Dressing</title>
      <categories>
        <cat>Digest</cat>
        <cat>July</cat>
        <cat>Mcdougall/c</cat>
        <cat>Fatfree</cat></categories>
      <yield>1</yield></head>
    <ingredients>
      <ing>
        <amt>
          <qty>1/3</qty>
          <unit>cups</unit></amt>
        <item>Balsamic vinegar</item></ing>
      <ing>
        <amt>
          <qty>1</qty>
          <unit>tablespoon</unit></amt>
        <item>Soy sauce</item></ing>
      <ing>
        <amt>
          <qty>2</qty>
          <unit>tablespoons</unit></amt>
        <item>Water</item></ing>
      <ing>
        <amt>
          <qty>2</qty>
          <unit>tablespoons</unit></amt>
        <item>Fresh basil, chopped fine</item></ing>
      <ing>
        <amt>
          <qty>2</qty>
          <unit/></amt>
        <item>Cloves garlic, chopped fine</item></ing>
      <ing>
        <amt>
          <qty>1</qty>
          <unit>tablespoon</unit></amt>
        <item>Onion, chopped fine</item></ing>
      <ing>
        <amt>
          <qty>1/2</qty>
          <unit>teaspoons</unit></amt>
        <item>Black pepper</item></ing></ingredients>
    <directions>
      <step>  Combine in a jar, shake, and allow to sit, preferably overnight.  The salad
  will also be improved if it is dressed and allowed to sit for several
  hours, which is good, since there is a lot of it!
  
  From:"Anne.Cox" &lt;20676AC@msu.edu&gt;. Fatfree Digest [Volume 9 Issue 32] July
  23, 1994. Formatted by Sue Smith, S.Smith34, TXFT40A@Prodigy.com using
  MMCONV
  
  File ftp://ftp.idiscover.co.uk/pub/food/mealmaster/recipes/fatfreex.zip
 
</step></directions></recipe></recipeml>
