<?xml version="1.0" encoding="UTF-8"?>

<recipeml version="0.5">
  <recipe>
    <head>
      <title>Basil-Mint-Orange Pesto</title>
      <categories>
        <cat>Sauce</cat></categories>
      <yield>4</yield></head>
    <ingredients>
      <ing>
        <amt>
          <qty>1</qty>
          <unit>cup</unit></amt>
        <item>Packed fresh basil leaves</item></ing>
      <ing>
        <amt>
          <qty>1</qty>
          <unit>cup</unit></amt>
        <item>Packed fresh mint leaves</item></ing>
      <ing>
        <amt>
          <qty>1/2</qty>
          <unit>cups</unit></amt>
        <item>Walnuts</item></ing>
      <ing>
        <amt>
          <qty>2</qty>
          <unit>tablespoons</unit></amt>
        <item>Orange juice concentrate; - (frozen); thawed</item></ing>
      <ing>
        <amt>
          <qty>2</qty>
          <unit/></amt>
        <item>Cloves garlic</item></ing>
      <ing>
        <amt>
          <qty>1/4</qty>
          <unit>cups</unit></amt>
        <item>Olive oil (or more)</item></ing></ingredients>
    <directions>
      <step>  From: kmeade@ids2.idsonline.com (The Meades)
  
  Date: Mon, 1 Jul 1996 16:55:21 -0400
  In processor, blend first 5 ingredients until almost smooth.  With machine
  running, gradually add 1/4 cup olive oil; process until smooth. If pesto is
  dry, mix in more oil by spoonfuls.  Season with salt and pepper. (Can be
  made ahead. Press plastic wrap onto surface of pesto. Cover and refrigerate
  up to 2 days or freeze up to 1 week. Bring to room temperature before
  using.) Makes about 3/4 cup.
  
  Barbara Karoff, in "Bon Appetit" August, 1994 Posted by Karen Mintzias
  
  MC-Recipe Digest V1 #136
  
  From the MasterCook recipe list.  Downloaded from Glen's MM Recipe Archive,
  http://www.erols.com/hosey.
 
</step></directions></recipe></recipeml>
