<?xml version="1.0" encoding="UTF-8"?>

<recipeml version="0.5">
  <recipe>
    <head>
      <title>"Best" Apple Nut Pudding</title>
      <categories>
        <cat>Puddings</cat></categories>
      <yield>6</yield></head>
    <ingredients>
      <ing>
        <amt>
          <qty>1</qty>
          <unit/></amt>
        <item>Egg</item></ing>
      <ing>
        <amt>
          <qty>3/4</qty>
          <unit>cups</unit></amt>
        <item>Brown sugar</item></ing>
      <ing>
        <amt>
          <qty>1</qty>
          <unit>teaspoon</unit></amt>
        <item>Vanilla</item></ing>
      <ing>
        <amt>
          <qty>3</qty>
          <unit>tablespoons</unit></amt>
        <item>Flour; heaping tablespoons</item></ing>
      <ing>
        <amt>
          <qty>1 1/2</qty>
          <unit>teaspoons</unit></amt>
        <item>Baking powder</item></ing>
      <ing>
        <amt>
          <qty>1/4</qty>
          <unit>teaspoons</unit></amt>
        <item>Salt</item></ing>
      <ing>
        <amt>
          <qty>1/2</qty>
          <unit>teaspoons</unit></amt>
        <item>Nutmeg</item></ing>
      <ing>
        <amt>
          <qty>1/2</qty>
          <unit>cups</unit></amt>
        <item>Nuts;chopped;walnuts, pecans</item></ing>
      <ing>
        <amt>
          <qty>2</qty>
          <unit>medium</unit></amt>
        <item>Apples; pared chopped fine</item></ing></ingredients>
    <directions>
      <step>  Break egg into bowl, beat with sugar and vanilla. Add flour, baking powder,
  salt, nutmeg, and blend well. Stir in nuts and chopped apple. Bake in
  greased and floured 9-inch square baking dish or pan, in moderate oven
  (350^) for 30 minutes. Serves 4 to 6. ummmmm bet the BHOC would like
  raisins in this one, also with a bit of cinnamon
  ::&gt; Source: Best of the Best from Virginia, Selected Recipes from
  Virginia's Favorite Cookbooks, this one from Ham to Jam cookbook.
  Posted to recipelu-digest by GramWag@aol.com on Feb 7, 1998
 
</step></directions></recipe></recipeml>
