<?xml version="1.0" encoding="UTF-8"?>

<recipeml version="0.5">
  <recipe>
    <head>
      <title>"Betty Crocker's" Fresh Tomato Salsa</title>
      <categories>
        <cat>Sauce</cat></categories>
      <yield>12</yield></head>
    <ingredients>
      <ing>
        <amt>
          <qty>3</qty>
          <unit>medium</unit></amt>
        <item>Tomatoes; seeded, chopped; (about 3 cups)</item></ing>
      <ing>
        <amt>
          <qty>1/2</qty>
          <unit>cups</unit></amt>
        <item>Sliced green onions (w/tops)</item></ing>
      <ing>
        <amt>
          <qty>1/2</qty>
          <unit>cups</unit></amt>
        <item>Chopped green bell pepper (up to)</item></ing>
      <ing>
        <amt>
          <qty>3</qty>
          <unit>tablespoons</unit></amt>
        <item>Lime juice</item></ing>
      <ing>
        <amt>
          <qty>2</qty>
          <unit>tablespoons</unit></amt>
        <item>Snipped fresh cilantro</item></ing>
      <ing>
        <amt>
          <qty>1</qty>
          <unit>tablespoon</unit></amt>
        <item>Finely chopped jalepeno</item></ing>
      <ing>
        <amt>
          <qty>1</qty>
          <unit>teaspoon</unit></amt>
        <item>Finely chopped galic; (about 3 cloves)</item></ing>
      <ing>
        <amt>
          <qty>1/2</qty>
          <unit>teaspoons</unit></amt>
        <item>Salt</item></ing></ingredients>
    <directions>
      <step>  Mix all ingredients.
  
  Author's Notes: Here is the all-purpose southwestern favorite.  This simple
  salsa is unbeatable when tomatoes are at their brilliant best. If time
  permits, refigerate the salsa for two or three hours before serving, so
  that flavors of the individual ingredients "marry". Serve it with any of
  the tortilla dishes, grilled chicken or hamburger, or tortilla chips." From
  "Betty Crocker's Southwest Cooking".
  
  My notes: I made this 6/3/96.  Was pretty haphazard about measuring &lt;g&gt;.
  Turned out GREAT!  Even better next day!  Next time, lighter on the
  cilantro, more lime, and MORE GARLIC!!! ......mmmmm....
  
  Date: Sat, 15 Jun 1996 14:49:42 -0400
  
  From: Sleopo@aol.com
  
  MM-Recipes Digest V3 #166
  
  From the MealMaster recipe list.  Downloaded from Glen's MM Recipe Archive,
  http://www.erols.com/hosey.
 
</step></directions></recipe></recipeml>
