<?xml version="1.0" encoding="UTF-8"?>

<recipeml version="0.5">
  <recipe>
    <head>
      <title>"Blt" Quesadillas</title>
      <categories>
        <cat>None</cat></categories>
      <yield>4</yield></head>
    <ingredients>
      <ing>
        <amt>
          <qty>5</qty>
          <unit/></amt>
        <item>Strips bacon</item></ing>
      <ing>
        <amt>
          <qty>2/3</qty>
          <unit>cups</unit></amt>
        <item>Chopped onions</item></ing>
      <ing>
        <amt>
          <qty>1</qty>
          <unit>cup</unit></amt>
        <item>Diced plum tomatoes (4-5 plum tomatoes); seeded and chopped</item></ing>
      <ing>
        <amt>
          <qty>1 1/2</qty>
          <unit>teaspoons</unit></amt>
        <item>Balsamic vinegar</item></ing>
      <ing>
        <amt>
          <qty>3/8</qty>
          <unit>teaspoons</unit></amt>
        <item>Red pepper flakes</item></ing>
      <ing>
        <amt>
          <qty/>
          <unit/></amt>
        <item>Salt</item></ing>
      <ing>
        <amt>
          <qty>4</qty>
          <unit/></amt>
        <item>Flour tortillas; (8-inch)</item></ing>
      <ing>
        <amt>
          <qty>4</qty>
          <unit>ounces</unit></amt>
        <item>Creamy goat cheese; (Up to 5 ounces)</item></ing>
      <ing>
        <amt>
          <qty>1</qty>
          <unit>small</unit></amt>
        <item>Bunch watercress or arugula; stemmed, cleaned, and dried</item></ing>
      <ing>
        <amt>
          <qty/>
          <unit/></amt>
        <item>Olive oil - for grilling or sauteing</item></ing></ingredients>
    <directions>
      <step>  Fry bacon in medium heavy skillet over medium heavey skillet over medium
  heat until crisp. Remove and drain on paper towels, then crumble. Pour off
  and discard all but 1 1/2 teaspoons bacon drippings. Place pan over medium
  heat. Add onions; saute, stirring, until softened, 2-3 minutes. Add
  tomatoes, vinegar and red pepper flakes; cook and stir only 30 seconds
  more. Do not over cook tomatoes. Remove from heat. Season generously with
  salt. Place tortillas on work surface. Spread each with 2 tablespoons goat
  cheese. Divide crumbled bacon and sprinkle over half of each tortilla.
  Divide and spread tomato mixture over bacon. Place 3-4 watercress spigs or
  2-3 arugula leaves over tomatoes on each tortilla. Fold tortillas in half.
  (Quesadillas can be assembeled 30 minutes ahead and held at cool room
  temperature. Keep loosely covered with plastic wrap.) When ready to cook
  quesadillas, heat stove-top grill pan or medium-large skillet over
  medium-high heat; brush lightly with olive oil. When oil is hot, add enough
  quesadillas to fit comfortably in single layer. Grill or saute until
  lightly browned, about 2 minutes per side. Remove and continue, adding more
  oil if needed, until all quesadillas are cooked. To serve, slice
  quesadillas in half and mound in napkin-lined shallow basket. Serve warm.
  Yield: 4 servings
  
  Per serving: 56 Calories; 4g Fat (63% calories from fat); 3g Protein; 2g
  Carbohydrate; 7mg Cholesterol; 127mg Sodium
  
  Recipe by: Betty Rosbottom - STL Post Dispatch April 98
  
  Posted to MC-Recipe Digest by Lisa Minor &lt;lisa@cybermill.com&gt; on May 5,
  1998
 
</step></directions></recipe></recipeml>
