<?xml version="1.0" encoding="UTF-8"?>

<recipeml version="0.5">
  <recipe>
    <head>
      <title>"Blue" Fettuccine</title>
      <categories>
        <cat>Pasta</cat></categories>
      <yield>4</yield></head>
    <ingredients>
      <ing>
        <amt>
          <qty>4</qty>
          <unit>ounces</unit></amt>
        <item>Danish blue cheese or 8 oz.</item></ing>
      <ing>
        <amt>
          <qty/>
          <unit/></amt>
        <item>Danish blue Castello cheese,</item></ing>
      <ing>
        <amt>
          <qty/>
          <unit/></amt>
        <item>Chilled</item></ing>
      <ing>
        <amt>
          <qty>1/4</qty>
          <unit>cups</unit></amt>
        <item>Marinated, dried tomatoes</item></ing>
      <ing>
        <amt>
          <qty>8</qty>
          <unit>ounces</unit></amt>
        <item>Green fettuccine or spinach</item></ing>
      <ing>
        <amt>
          <qty/>
          <unit/></amt>
        <item>Egg noodles</item></ing>
      <ing>
        <amt>
          <qty>2</qty>
          <unit>tablespoons</unit></amt>
        <item>Minced shallots</item></ing>
      <ing>
        <amt>
          <qty>1</qty>
          <unit/></amt>
        <item>Garlic clove, minced</item></ing>
      <ing>
        <amt>
          <qty>2</qty>
          <unit>tablespoons</unit></amt>
        <item>Dry white wine</item></ing>
      <ing>
        <amt>
          <qty>1 1/2</qty>
          <unit>teaspoons</unit></amt>
        <item>Finely chopped fresh basil,</item></ing>
      <ing>
        <amt>
          <qty/>
          <unit/></amt>
        <item>Or 1/2 tsp. dried basil</item></ing>
      <ing>
        <amt>
          <qty>1/4</qty>
          <unit>cups</unit></amt>
        <item>Chopped fresh parsley</item></ing></ingredients>
    <directions>
      <step>  On waxed paper, divide cheese into 10 - 12 pieces; set aside.  Drain
  oil from marinated tomatoes, reserving 1 tablespoon.  Cut tomatoes
  into thin strips and reserve.
  Prepare fettuccine according to package directions until al dente;
  drain and return to pot.
  Meanwhile, in small skillet over medium heat, heat reserved oil; add
  shallots and garlic.  Saute until shallots are limp but not brown.
  Add wine, basil and reserved tomatoes.  Heat through and keep hot.
  Add mixture to pasta; toss.  Add cheese and parsley; toss again to
  melt cheese.  Serve immediately on heated plates. Typed in MMFormat
  by Cindy Hartlin. Source: Woman's Day Meals in Minutes.
  Posted to MM-Recipes Digest V3 #246
  
  Date: Mon, 09 Sep 1996 13:24:02 -0400
  
  From: Cindy J Hartlin &lt;cjhartlin@accent.net&gt;
 
</step></directions></recipe></recipeml>
