<?xml version="1.0" encoding="UTF-8"?>

<recipeml version="0.5">
  <recipe>
    <head>
      <title>"Boursin" Ball</title>
      <categories>
        <cat>Appetizers</cat></categories>
      <yield>1</yield></head>
    <ingredients>
      <ing>
        <amt>
          <qty>8</qty>
          <unit>ounces</unit></amt>
        <item>Cream cheese</item></ing>
      <ing>
        <amt>
          <qty>1</qty>
          <unit/></amt>
        <item>Clove garlic; minced</item></ing>
      <ing>
        <amt>
          <qty>1</qty>
          <unit>teaspoon</unit></amt>
        <item>Caraway seed</item></ing>
      <ing>
        <amt>
          <qty>1</qty>
          <unit>teaspoon</unit></amt>
        <item>Basil</item></ing>
      <ing>
        <amt>
          <qty>1</qty>
          <unit>teaspoon</unit></amt>
        <item>Dill weed</item></ing>
      <ing>
        <amt>
          <qty>1</qty>
          <unit>teaspoon</unit></amt>
        <item>Chives; chopped</item></ing>
      <ing>
        <amt>
          <qty/>
          <unit/></amt>
        <item>Fresh ground black pepper</item></ing></ingredients>
    <directions>
      <step>  Blend all ingredients until smooth. Shape into a flat round. Cover with
  plastic wrap and refrigerate 30 minutes until firm. Peel the plastic wrap
  off and coat all sides with fresh ground pepper.
  
  Recipe by: Linda Turner
  
  Posted to TNT - Prodigy's Recipe Exchange Newsletter  by JoAnn
  &lt;joannr@pclink.com&gt; on Sep 19, 1997
 
</step></directions></recipe></recipeml>
