<?xml version="1.0" encoding="UTF-8"?>

<recipeml version="0.5">
  <recipe>
    <head>
      <title>"Brown Bag" French Apple Pie</title>
      <categories>
        <cat>Cyberealm</cat>
        <cat>Desserts</cat>
        <cat>Pie</cat></categories>
      <yield>1</yield></head>
    <ingredients>
      <ing-div>
        <title>FOR THE PIE</title>
        <ing>
          <amt>
            <qty>1 1/2</qty>
            <unit>cups</unit></amt>
          <item>All-Purpose Flour</item></ing>
        <ing>
          <amt>
            <qty>1/2</qty>
            <unit>teaspoons</unit></amt>
          <item>Salt</item></ing>
        <ing>
          <amt>
            <qty>1/2</qty>
            <unit>cups</unit></amt>
          <item>Shortening</item></ing>
        <ing>
          <amt>
            <qty>5</qty>
            <unit>tablespoons</unit></amt>
          <item>ICE Water</item></ing>
        <ing>
          <amt>
            <qty>8</qty>
            <unit>cups</unit></amt>
          <item>Apples [peeled &amp; sliced]</item></ing>
        <ing>
          <amt>
            <qty>1/4</qty>
            <unit>cups</unit></amt>
          <item>Granulated Sugar</item></ing>
        <ing>
          <amt>
            <qty>2</qty>
            <unit>tablespoons</unit></amt>
          <item>All-Purpose Flour</item></ing>
        <ing>
          <amt>
            <qty>1/2</qty>
            <unit>teaspoons</unit></amt>
          <item>Nutmeg, Ground</item></ing>
        <ing>
          <amt>
            <qty>2</qty>
            <unit>tablespoons</unit></amt>
          <item>Lemon Juice</item></ing>
        <ing>
          <amt>
            <qty>1</qty>
            <unit>teaspoon</unit></amt>
          <item>Cinnamon, Ground</item></ing></ing-div>
      <ing-div>
        <title>FOR THE TOPPING</title>
        <ing>
          <amt>
            <qty>1/2</qty>
            <unit>cups</unit></amt>
          <item>Granulated Sugar</item></ing>
        <ing>
          <amt>
            <qty>1/2</qty>
            <unit>cups</unit></amt>
          <item>All-Purpose Flour</item></ing>
        <ing>
          <amt>
            <qty>1/3</qty>
            <unit>cups</unit></amt>
          <item>Butter</item></ing>
        <ing>
          <amt>
            <qty>1</qty>
            <unit>large</unit></amt>
          <item>Paper Bag</item></ing>
        <ing>
          <amt>
            <qty/>
            <unit/></amt>
          <item>Vanilla Ice Cream</item></ing></ing-div></ingredients>
    <directions>
      <step>  Preheat the oven to 400 degrees.
  
  To make the pie: 1) Combine the first measure of flour, salt and shortening
  using a pastry blender until the mixture resembles coarse crumbs, then stir
  in the water a little at a time, using a fork, and form the dough into a
  ball. 2)      Roll out the pastry dough on a lightly floured board. Roll to
  an 11" or 12" diameter and fit into a 9" pie pan fluting the edges. 3)
  Combine the sugar, the second measure of flour, the cinnamon, the nutmeg
  and the lemon juice in a large bowl then toss the apple slices in the
  mixture and arrange them in the pie crust.
  
  To make the topping: 4) Combine the sugar and flour in a bowl and cut in
  the butter using a pastry cutter then sprinkle the topping over the apple
  filling. 5)      Place the pie in the LARGE paper bag and place the paper
  bag on a baking sheet and loosely fold the open end of the bag under. Bake
  until the apples are tender (50-60 minutes). 6) Carefully remove the pie
  from the bag ~ CAUTION: WATCH OUT FOR THE STEAM COMING OUT OF THE BAG! 7)
  Serve warm with generous portions of vanilla ice cream.
  
  From Gemini's MASSIVE MealMaster collection at www.synapse.com/~gemini
 
</step></directions></recipe></recipeml>
