<?xml version="1.0" encoding="UTF-8"?>

<recipeml version="0.5">
  <recipe>
    <head>
      <title>"Cheese" Fricadelle</title>
      <categories>
        <cat>Main dish</cat>
        <cat>Vegetarian</cat></categories>
      <yield>8</yield></head>
    <ingredients>
      <ing-div>
        <title/>
        <ing>
          <amt>
            <qty>1</qty>
            <unit>tablespoon</unit></amt>
          <item>Olive oil</item></ing>
        <ing>
          <amt>
            <qty>2/3</qty>
            <unit>cups</unit></amt>
          <item>Millet</item></ing>
        <ing>
          <amt>
            <qty>1 1/3</qty>
            <unit>cups</unit></amt>
          <item>Water</item></ing>
        <ing>
          <amt>
            <qty>1</qty>
            <unit>cup</unit></amt>
          <item>Carrot, finely chopped</item></ing>
        <ing>
          <amt>
            <qty>1</qty>
            <unit>cup</unit></amt>
          <item>Zucchini, finely chopped</item></ing>
        <ing>
          <amt>
            <qty>1/2</qty>
            <unit>cups</unit></amt>
          <item>Red bell pepper, diced</item></ing>
        <ing>
          <amt>
            <qty>1/2</qty>
            <unit>cups</unit></amt>
          <item>Yellow bell pepper, diced</item></ing>
        <ing>
          <amt>
            <qty>2</qty>
            <unit>ounces</unit></amt>
          <item>Spinach, wilted &amp; chopped</item></ing>
        <ing>
          <amt>
            <qty>1</qty>
            <unit>pound</unit></amt>
          <item>Extra-firm tofu*</item></ing>
        <ing>
          <amt>
            <qty>1 1/4</qty>
            <unit>teaspoons</unit></amt>
          <item>Salt</item></ing>
        <ing>
          <amt>
            <qty>1/2</qty>
            <unit>teaspoons</unit></amt>
          <item>Pepper</item></ing>
        <ing>
          <amt>
            <qty>2</qty>
            <unit>cups</unit></amt>
          <item>Breadcrumbs</item></ing>
        <ing>
          <amt>
            <qty/>
            <unit/></amt>
          <item>Olive oil</item></ing></ing-div>
      <ing-div>
        <title>CILANTRO CHUTNEY</title>
        <ing>
          <amt>
            <qty>1 1/3</qty>
            <unit>cups</unit></amt>
          <item>Cilantro leaves</item></ing>
        <ing>
          <amt>
            <qty>1/4</qty>
            <unit>cups</unit></amt>
          <item>Almonds chopped</item></ing>
        <ing>
          <amt>
            <qty>2</qty>
            <unit/></amt>
          <item>Jalapeno, seeded &amp; chopped</item></ing>
        <ing>
          <amt>
            <qty>1</qty>
            <unit>slice</unit></amt>
          <item>1/8" piece ginger</item></ing>
        <ing>
          <amt>
            <qty>3</qty>
            <unit>tablespoons</unit></amt>
          <item>Maple syrup</item></ing>
        <ing>
          <amt>
            <qty>1/2</qty>
            <unit>cups</unit></amt>
          <item>Orange juice</item></ing>
        <ing>
          <amt>
            <qty/>
            <unit/></amt>
          <item>Salt</item></ing></ing-div></ingredients>
    <directions>
      <step>  *  Prepare the tofu the same way as for Tofu Cutlets with Pineapple Ginger
  Glaze. Combine oliveo il &amp; millet in a pot over moderate heat. toast the
  grains, stirring constantly, until darkened a few shades. Add water, bring
  to a boil, reduce heat, cover &amp; cook until the millet is tender, about 20
  minutes, add more water if necessary.  Set aside for 10 minutes, then fluff
  with a fork. Individually steam vegetables until tender-crisp. In a bowl,
  mix seasoned tofu with salt, pepper, millet &amp; vegetables. Mix gently.
  Moisten hands, divide mixture into 16 flattened balls &amp; form into crack
  free patties, about 1/2" thick. Pat patties in breadcrumbs so they are
  coated on all sides.  Set aside on waxed paper lined trays. Pan fry
  fricadelles over moderately high heat in a lightly oiled skillet for 5 to 7
  minutes on each side.  Keep warm in a 250F oven. Drizzle with chutney &amp; &amp;
  serve with rice pilaf &amp; vegetables. CHUTNEY: Combine all ingredients in a
  food processor &amp; puree until silky. Force through a strainer; discard
  roughage.
 
</step></directions></recipe></recipeml>
