<?xml version="1.0" encoding="UTF-8"?>

<recipeml version="0.5">
  <recipe>
    <head>
      <title>"Cheese" Sauce</title>
      <categories>
        <cat>Digest</cat>
        <cat>Mar95</cat>
        <cat>Mcdougall</cat>
        <cat>Fatfree</cat></categories>
      <yield>1</yield></head>
    <ingredients>
      <ing>
        <amt>
          <qty>1/4</qty>
          <unit>cups</unit></amt>
        <item>Cooked, peeled potato</item></ing>
      <ing>
        <amt>
          <qty>2</qty>
          <unit>cups</unit></amt>
        <item>Water</item></ing>
      <ing>
        <amt>
          <qty>1</qty>
          <unit/></amt>
        <item>4 oz jar pimientos</item></ing>
      <ing>
        <amt>
          <qty>1/2</qty>
          <unit>teaspoons</unit></amt>
        <item>Onion powder</item></ing>
      <ing>
        <amt>
          <qty>1/4</qty>
          <unit>cups</unit></amt>
        <item>Brewer's yeast flakes</item></ing>
      <ing>
        <amt>
          <qty/>
          <unit/></amt>
        <item>(nutritional yeast)</item></ing>
      <ing>
        <amt>
          <qty>3</qty>
          <unit/></amt>
        <item>Tablspoons cornstarch</item></ing>
      <ing>
        <amt>
          <qty>2</qty>
          <unit>tablespoons</unit></amt>
        <item>Fresh lemon juice</item></ing>
      <ing>
        <amt>
          <qty>1</qty>
          <unit/></amt>
        <item>Salt to taste, if desired</item></ing></ingredients>
    <directions>
      <step>  Blend the potato with 1/4 to 1/3 cups of the water in a blender.  Add the
  remaining ingredients and blend until smooth.  Pour into a saucepan.  Cook,
  stirring, until smooth and thick, 7 to 8 minutes.
  
  Serve at once.  The sauce will set when cool and can be reheated.
  
  Makes 2 cups Preparation time: 10 min Cooking time: 10 min
  
  Source: This is a recipe I found in the McDougall "Program for Maximum
  Weight Loss" book.
  
  Posted by "Acox, Christine" &lt;Christine.Acox@WellsFargo.COM&gt; to the Fatfree
  Digest [Volume 16 Issue 21] Mar. 25, 1995.
  
  Individual recipes copyrighted by originator. FATFREE Recipe collections
  copyrighted by Michelle Dick 1995. Formatted by Sue Smith,
  SueSmith9@aol.com using MMCONV. Archived through kindness of Karen
  Mintzias, km@salata.com.
  
  1.80á
  
  File ftp://ftp.idiscover.co.uk/pub/food/mealmaster/recipes/fatfreex.zip
 
</step></directions></recipe></recipeml>
