<?xml version="1.0" encoding="UTF-8"?>

<recipeml version="0.5">
  <recipe>
    <head>
      <title>"Chicken Licken Good" Pork Chops</title>
      <categories>
        <cat>None</cat></categories>
      <yield>1</yield></head>
    <ingredients>
      <ing>
        <amt>
          <qty>6</qty>
          <unit/></amt>
        <item>Lean pork chops; 1" inch thick, (up to 8)</item></ing>
      <ing>
        <amt>
          <qty>1/2</qty>
          <unit>teaspoons</unit></amt>
        <item>Dry mustard</item></ing>
      <ing>
        <amt>
          <qty>1/2</qty>
          <unit>teaspoons</unit></amt>
        <item>Garlic powder</item></ing>
      <ing>
        <amt>
          <qty>1/2</qty>
          <unit>cups</unit></amt>
        <item>Flour</item></ing>
      <ing>
        <amt>
          <qty>2</qty>
          <unit>tablespoons</unit></amt>
        <item>Oil</item></ing>
      <ing>
        <amt>
          <qty>1</qty>
          <unit>tablespoon</unit></amt>
        <item>Salt</item></ing>
      <ing>
        <amt>
          <qty>1</qty>
          <unit>can</unit></amt>
        <item>Chicken and rice soup</item></ing></ingredients>
    <directions>
      <step>  Dredge pork chops in mixture of flour, salt, dry mustad and garlic powder.
  Brown in oil in large skillet. Place browned pork chops in your CROCK -POT.
  Add can of coup. Cover and cook on low for 6 to 8 hours. (High for 3 1/2
  hrs)
  
  YUM YUM!!!!! If you like onions you can also add them to the pork chops. I
  did and it was very very good.
  
  Glen's NOTE: Recipe as posted called for "1/12 teaspoon dry mustard"! Don't
  know if it should be 1-1/2, 1/2 or really 1/12 (which isn't a normally
  valid recipe measurement).
  Posted to TNT Recipes Digest by Bbw784 &lt;Bbw784@aol.com&gt; on Mar 19, 1998
 
</step></directions></recipe></recipeml>
