<?xml version="1.0" encoding="UTF-8"?>

<recipeml version="0.5">
  <recipe>
    <head>
      <title>"Chill Out" Chili</title>
      <categories>
        <cat>None</cat></categories>
      <yield>1</yield></head>
    <ingredients>
      <ing-div>
        <title/>
        <ing>
          <amt>
            <qty>1 1/2</qty>
            <unit>pounds</unit></amt>
          <item>Pork tenderloin; cut in 3/4" pieces(I'll bet turkey could be substituted:)</item></ing>
        <ing>
          <amt>
            <qty>2</qty>
            <unit>cups</unit></amt>
          <item>Coarsely chopped onion</item></ing>
        <ing>
          <amt>
            <qty>2</qty>
            <unit/></amt>
          <item>Cloves garlic; minced</item></ing>
        <ing>
          <amt>
            <qty>1</qty>
            <unit>tablespoon</unit></amt>
          <item>Oil</item></ing>
        <ing>
          <amt>
            <qty>1</qty>
            <unit>tablespoon</unit></amt>
          <item>Chili powder</item></ing>
        <ing>
          <amt>
            <qty>1 1/2</qty>
            <unit>teaspoons</unit></amt>
          <item>Cumin</item></ing>
        <ing>
          <amt>
            <qty>1/2</qty>
            <unit>teaspoons</unit></amt>
          <item>Oregano</item></ing>
        <ing>
          <amt>
            <qty>1/2</qty>
            <unit>teaspoons</unit></amt>
          <item>Salt</item></ing>
        <ing>
          <amt>
            <qty>1 3/4</qty>
            <unit>cups</unit></amt>
          <item>Pace Picante Sauce</item></ing>
        <ing>
          <amt>
            <qty>1</qty>
            <unit>can</unit></amt>
          <item>(15 oz) kidney beans; rinsed &amp; drained</item></ing>
        <ing>
          <amt>
            <qty>1</qty>
            <unit>can</unit></amt>
          <item>(15 oz) black beans; rinsed &amp; drained</item></ing>
        <ing>
          <amt>
            <qty>1</qty>
            <unit>package</unit></amt>
          <item>(10 oz) frozen corn; thawed</item></ing></ing-div>
      <ing-div>
        <title>OPTIONAL TOPPINGS</title>
        <ing>
          <amt>
            <qty/>
            <unit/></amt>
          <item>Sour cream</item></ing>
        <ing>
          <amt>
            <qty/>
            <unit/></amt>
          <item>Chopped green onions</item></ing></ing-div></ingredients>
    <directions>
      <step>  from Pace Salsa
  
  Cook meat, onion &amp; garlic in oil in large saucepan/dutch oven, stirring
  frequently, just til meat loses pink color, about 8-10min. Sprinkle chili
  powder, cumin, oregano &amp; salt over meat; mix well to coat evenly. Add
  remaining ingredients except toppings; mix well. Bring to boil. Reduce
  heat, cover &amp; simmer 20min or til meat &amp; vegtables are tender, stirring
  occasionally. Ladle in bowls; top as desired. Makes 6-8 servings or 8C
  chili.
  
  Posted to KitMailbox Digest  by "Dan/Trina D." &lt;itisme@swbell.net&gt; on Dec
  28, 1997
 
</step></directions></recipe></recipeml>
