<?xml version="1.0" encoding="UTF-8"?>

<recipeml version="0.5">
  <recipe>
    <head>
      <title>"Chicken Breasts with Bourbon"</title>
      <categories>
        <cat>Chicken</cat>
        <cat>Must tries!</cat></categories>
      <yield>6</yield></head>
    <ingredients>
      <ing>
        <amt>
          <qty>8</qty>
          <unit/></amt>
        <item>Boned halves chicken breasts</item></ing>
      <ing>
        <amt>
          <qty>2</qty>
          <unit>cans</unit></amt>
        <item>Cream of chicken soup</item></ing>
      <ing>
        <amt>
          <qty>1/4</qty>
          <unit>pounds</unit></amt>
        <item>Grated frozen butter</item></ing>
      <ing>
        <amt>
          <qty>1/4</qty>
          <unit>pounds</unit></amt>
        <item>Grated cheddar cheese</item></ing>
      <ing>
        <amt>
          <qty>1 1/2</qty>
          <unit>cups</unit></amt>
        <item>Pepperidge farm stuffing</item></ing>
      <ing>
        <amt>
          <qty>3</qty>
          <unit>ounces</unit></amt>
        <item>Bourbon or Brandy</item></ing></ingredients>
    <directions>
      <step>  Place chicken breasts side by side in a buttered casserole dish. Season
  with salt, pepper, garlic powder, etc. to your taste.  Pour the soup
  (undiluted) over the top of chicken.  Sprinkle with the grated butter,
  cheese, and stuffing.  Drizzle the bourbon or brandy over top. Bake
  uncovered at 350F (180C) for about and hour and half. Note: No stuffing?
  Make croutons by cutting bread into cubes, mix with olive oil, parmean
  cheese, dash of garlic powder and italian seasoning and bake on a cookie
  sheet at 350F (180C) for about 10 minutes.
  Recipe By     : unk - via Kathi Sandler
  
  Posted to FOODWINE Digest 20 November 96
  
  Date:    Wed, 20 Nov 1996 19:52:43 -0600
  
  From:    Ellen Court &lt;CourtMoss@NOVA-NET.NET&gt;
 
</step></directions></recipe></recipeml>
