<?xml version="1.0" encoding="UTF-8"?>

<recipeml version="0.5">
  <recipe>
    <head>
      <title>"Chinese" Jerky</title>
      <categories>
        <cat>Game</cat>
        <cat>Caribou</cat>
        <cat>Beef</cat>
        <cat>Dried</cat>
        <cat>Jw</cat></categories>
      <yield>1</yield></head>
    <ingredients>
      <ing>
        <amt>
          <qty>3</qty>
          <unit>pounds</unit></amt>
        <item>Steak</item></ing>
      <ing>
        <amt>
          <qty>3</qty>
          <unit/></amt>
        <item>Garlic cloves, minced</item></ing>
      <ing>
        <amt>
          <qty>1</qty>
          <unit>tablespoon</unit></amt>
        <item>Ginger, fresh, minced</item></ing>
      <ing>
        <amt>
          <qty>2</qty>
          <unit>tablespoons</unit></amt>
        <item>Sesame oil</item></ing>
      <ing>
        <amt>
          <qty>1/2</qty>
          <unit>cups</unit></amt>
        <item>Soy sauce</item></ing>
      <ing>
        <amt>
          <qty>2</qty>
          <unit>teaspoons</unit></amt>
        <item>Red peppers, dried, crushed</item></ing>
      <ing>
        <amt>
          <qty/>
          <unit>tablespoons</unit></amt>
        <item>Honey</item></ing>
      <ing>
        <amt>
          <qty>1/2</qty>
          <unit>teaspoons</unit></amt>
        <item>White pepper</item></ing>
      <ing>
        <amt>
          <qty>4</qty>
          <unit>tablespoons</unit></amt>
        <item>Dry Sherry</item></ing></ingredients>
    <directions>
      <step>  Cut meat diagonally crosswise into 1/4" thick, 2 " wide strips. Trim away
  any
  fat or gristle. Transfer to a non-metallic pan. Add the other ingredients
  and
  marinade 24 hours. Arrange meat on racks and let dry at cool room
  temperature
  overnight (do not refrigerate). Preheat oven to 225. Line two large baking
  sheets with foil and set wire racks on top. Arrange the meat on racks in
  single
  layer. Bake 15 minutes. Reduce heat to 175 F and continue drying meat
  another 4
  hrs or more. Leave meat on racks to cool and continue drying for several
  hours
  before bagging it.
  
  File ftp://ftp.idiscover.co.uk/pub/food/mealmaster/recipes/caribou.zip
 
</step></directions></recipe></recipeml>
