<?xml version="1.0" encoding="UTF-8"?>

<recipeml version="0.5">
  <recipe>
    <head>
      <title>"Cock 'n Bull" Stew</title>
      <categories>
        <cat>Crockpot</cat>
        <cat>Meats</cat>
        <cat>Chicken</cat>
        <cat>Vegetables</cat>
        <cat>Potatoes</cat></categories>
      <yield>6 To 8</yield></head>
    <ingredients>
      <ing>
        <amt>
          <qty>1/4</qty>
          <unit>cups</unit></amt>
        <item>Steak sauce</item></ing>
      <ing>
        <amt>
          <qty>2</qty>
          <unit/></amt>
        <item>Chicken bouillon cubes</item></ing>
      <ing>
        <amt>
          <qty>1</qty>
          <unit>teaspoon</unit></amt>
        <item>Salt</item></ing>
      <ing>
        <amt>
          <qty>1/2</qty>
          <unit>teaspoons</unit></amt>
        <item>Pepper</item></ing>
      <ing>
        <amt>
          <qty>1</qty>
          <unit>teaspoon</unit></amt>
        <item>Sugar</item></ing>
      <ing>
        <amt>
          <qty>1/2</qty>
          <unit>cups</unit></amt>
        <item>Hot water</item></ing>
      <ing>
        <amt>
          <qty>2</qty>
          <unit/></amt>
        <item>To 3 lb chicken thighs</item></ing>
      <ing>
        <amt>
          <qty>1</qty>
          <unit>pound</unit></amt>
        <item>Lean stewing beef; 1-1/2" cubes</item></ing>
      <ing>
        <amt>
          <qty>1</qty>
          <unit>medium</unit></amt>
        <item>Onion; chop</item></ing>
      <ing>
        <amt>
          <qty>2</qty>
          <unit>medium</unit></amt>
        <item>Potatoes; peel, cube</item></ing>
      <ing>
        <amt>
          <qty>2</qty>
          <unit>medium</unit></amt>
        <item>Carrots; peel, slice thin</item></ing>
      <ing>
        <amt>
          <qty>16</qty>
          <unit>ounces</unit></amt>
        <item>Can stewed tomatoes</item></ing>
      <ing>
        <amt>
          <qty>1/4</qty>
          <unit>cups</unit></amt>
        <item>Flour</item></ing></ingredients>
    <directions>
      <step>  Combine steak sauce, bouillon cubes, salt, pepper, sugar and hot water in
  crock pot; stir well. Add remaining ingredients except flour; mix
  carefully. Cover and cook on LOW setting for 7 to 10 hours; on high setting
  for 4 hours. Before serving, remove chicken and bone, and return meat to
  crock pot; stir well. To thicken gravy, make a smooth paste of flour and
  1/4 cup of juices from stew. Add to in crockpot. Cover and cook on HIGH
  setting until thickened. MM Waldine Van Geffen vghc42a@prodigy.com.
  
  Posted to TNT - Prodigy's Recipe Exchange Newsletter  by
  CPYA82A@prodigy.com ( CELENA B FEILTEAU) on Aug 30, 1997
 
</step></directions></recipe></recipeml>
