<?xml version="1.0" encoding="UTF-8"?>

<recipeml version="0.5">
  <recipe>
    <head>
      <title>"Corny" Chicken</title>
      <categories>
        <cat>Microwave</cat>
        <cat>Poultry</cat></categories>
      <yield>6</yield></head>
    <ingredients>
      <ing>
        <amt>
          <qty>2</qty>
          <unit>tablespoons</unit></amt>
        <item>Butter or margarine</item></ing>
      <ing>
        <amt>
          <qty>1</qty>
          <unit>cup</unit></amt>
        <item>Green pepper; finely chopped</item></ing>
      <ing>
        <amt>
          <qty>3</qty>
          <unit>cups</unit></amt>
        <item>Cooked rice</item></ing>
      <ing>
        <amt>
          <qty>1</qty>
          <unit>can</unit></amt>
        <item>Chunk chicken; (12 1/2 ounce)</item></ing>
      <ing>
        <amt>
          <qty>1</qty>
          <unit>can</unit></amt>
        <item>Cream style corn snipped parsley</item></ing></ingredients>
    <directions>
      <step>  Place butter in a 2 quart casserole. Microwave at high (100%) until melted,
  30 to 45 seconds. Add green pepper. Cover. Microwave at high (100%) until
  tender crisp, 2 to 3 minutes. Add rice, chicken (flake with fork into
  rice). Stir in corn. Sprinkle snipped parsley over top Cover with wax
  paper. Microwave at medium high (70%) ~ until heated through, 6 to 8
  minutes. Makes 6 servings.
  
  Recipe by: diane@keyway.net
  
  Posted to recipelu-digest Volume 01 Number 213 by "Diane Geary"
  &lt;diane@keyway.net&gt; on Nov 7, 1997
 
</step></directions></recipe></recipeml>
