<?xml version="1.0" encoding="UTF-8"?>

<recipeml version="0.5">
  <recipe>
    <head>
      <title>"Cream" of Mushroom Soup</title>
      <categories>
        <cat>None</cat></categories>
      <yield>1</yield></head>
    <ingredients>
      <ing-div>
        <title/>
        <ing>
          <amt>
            <qty/>
            <unit/></amt>
          <item>Sliced mushrooms</item></ing></ing-div>
      <ing-div>
        <title>B</title>
        <ing>
          <amt>
            <qty>1</qty>
            <unit>cup</unit></amt>
          <item>Nonfat dried milk powder</item></ing>
        <ing>
          <amt>
            <qty>1</qty>
            <unit>tablespoon</unit></amt>
          <item>Dried onion flakes</item></ing>
        <ing>
          <amt>
            <qty>2</qty>
            <unit>tablespoons</unit></amt>
          <item>Cornstarch</item></ing>
        <ing>
          <amt>
            <qty>2</qty>
            <unit>tablespoons</unit></amt>
          <item>Dixie Diner Club broth mix; (or your favorite bouillon powder)</item></ing>
        <ing>
          <amt>
            <qty>1/2</qty>
            <unit>teaspoons</unit></amt>
          <item>Dried basil</item></ing>
        <ing>
          <amt>
            <qty>1/2</qty>
            <unit>teaspoons</unit></amt>
          <item>Dried thyme</item></ing>
        <ing>
          <amt>
            <qty>1/4</qty>
            <unit>teaspoons</unit></amt>
          <item>Freshly ground black pepper</item></ing></ing-div>
      <ing-div>
        <title>C</title>
        <ing>
          <amt>
            <qty>2</qty>
            <unit>cups</unit></amt>
          <item>Cold water</item></ing>
        <ing>
          <amt>
            <qty>1</qty>
            <unit>cup</unit></amt>
          <item>Mashed potatoes; (up to 1-1/2)</item></ing>
        <ing>
          <amt>
            <qty>1</qty>
            <unit>cup</unit></amt>
          <item>Additional water</item></ing>
        <ing>
          <amt>
            <qty/>
            <unit/></amt>
          <item>LF/FF shredded cheddar cheese</item></ing>
        <ing>
          <amt>
            <qty/>
            <unit/></amt>
          <item>Sprinkle of baco's</item></ing></ing-div></ingredients>
    <directions>
      <step>  (My favorite as a child growing up in cold Minnesota).
  
  "Saute" sliced mushrooms in a PAM srayed skillet til browned and set aside.
  
  In saucepan mix the "B" ingredients (thanks Heloise).
  
  Add 2 cups cold water to the mix and stir constantly over med heat til
  thickened. Add 1 to 1 1/2 cups of mashed potatoes and blend well. Add about
  1 cup additional water to thin to desired consistency. Add sauteed
  mushrooms. Serve in bowls with a spoonful of LF/FF shredded cheddar cheese
  and a sprinkle of baco's. Serves four (or just two if you're very hungry).
  
  Posted to fatfree digest V97 #299 by adritter@legend.sat.txdirect.net on
  Dec 18, 1997
 
</step></directions></recipe></recipeml>
