<?xml version="1.0" encoding="UTF-8"?>

<recipeml version="0.5">
  <recipe>
    <head>
      <title>"Death By Chocolate" Truffle Tart with Espresso Sauce</title>
      <categories>
        <cat>Mousse</cat></categories>
      <yield>1</yield></head>
    <ingredients>
      <ing>
        <amt>
          <qty>1 1/2</qty>
          <unit>cups</unit></amt>
        <item>Chocolate Wafer crumbs</item></ing>
      <ing>
        <amt>
          <qty>6</qty>
          <unit>tablespoons</unit></amt>
        <item>Sweet Butter</item></ing>
      <ing>
        <amt>
          <qty/>
          <unit/></amt>
        <item>Filling:</item></ing>
      <ing>
        <amt>
          <qty>12</qty>
          <unit>ounces</unit></amt>
        <item>Semi-sweet Chocolate</item></ing>
      <ing>
        <amt>
          <qty>1/2</qty>
          <unit>cups</unit></amt>
        <item>Heavy cream</item></ing>
      <ing>
        <amt>
          <qty>1</qty>
          <unit/></amt>
        <item>Stick sweet butter,</item></ing>
      <ing>
        <amt>
          <qty/>
          <unit/></amt>
        <item>Cut into bits and softened</item></ing>
      <ing>
        <amt>
          <qty>2</qty>
          <unit>tablespoons</unit></amt>
        <item>Kahlua Liqueur (or other of</item></ing>
      <ing>
        <amt>
          <qty/>
          <unit/></amt>
        <item>Your choice)</item></ing>
      <ing>
        <amt>
          <qty>1</qty>
          <unit/></amt>
        <item>Pinch salt</item></ing>
      <ing>
        <amt>
          <qty/>
          <unit/></amt>
        <item>Sauce:</item></ing>
      <ing>
        <amt>
          <qty>1/2</qty>
          <unit>cups</unit></amt>
        <item>Whipping cream</item></ing>
      <ing>
        <amt>
          <qty>4</qty>
          <unit>tablespoons</unit></amt>
        <item>Sugar</item></ing>
      <ing>
        <amt>
          <qty>1/4</qty>
          <unit>cups</unit></amt>
        <item>Butter</item></ing>
      <ing>
        <amt>
          <qty>1</qty>
          <unit>teaspoon</unit></amt>
        <item>Finely ground Expresso</item></ing>
      <ing>
        <amt>
          <qty/>
          <unit/></amt>
        <item>Coffee, to 1-1/2 ts</item></ing>
      <ing>
        <amt>
          <qty>Crush</qty>
          <unit>or</unit></amt>
        <item>grind fine chocolate wafers in food processor.  Melt butter and</item></ing></ingredients>
    <directions>
      <step>  blend into crumbs.  Pat into tart or pie pan.  Chill untilfirm before
  filling
  or bake at 300 degrees for 15 minutes, cool,and fill.
  
  Filling: In a large saucepan combine the chocolate, cream, butter, and
  Kahlua and heat the mixture over moderately low heat, stirring until it is
  smooth. Remove from heat, allow to cool for 30 minutes at room temperature.
  Pour into cooled tart shell and refrigerate forat least 3 hours.
  
  Sauce: In a saucepan, combine cream, sugar, and butter.  Cook over low
  heat,stirring frequently, until mixture boils.  Boil 5 minutes, stirring
  occasionally.  Remove from heat.  Stir in expresso grounds.
  
  To serve, spoon a moderate amount of warm sauce on a rimmed plate.  Top
  with
  a wedge of tart.
  
  Crust:
  
  From: Donna Ransdell                  Date: 13 Feb 96
  
  Posted to MC-Recipe Digest V1 #152
  
  Date: Sun, 14 Jul 1996 05:39:21 -0400
  
  From: Francine Boucher &lt;fboucher@sympatico.ca&gt;
 
</step></directions></recipe></recipeml>
