<?xml version="1.0" encoding="UTF-8"?>

<recipeml version="0.5">
  <recipe>
    <head>
      <title>"Drunken" Pork Chops</title>
      <categories>
        <cat>Pork</cat>
        <cat>Main dish</cat></categories>
      <yield>4</yield></head>
    <ingredients>
      <ing>
        <amt>
          <qty>4</qty>
          <unit/></amt>
        <item>Pork Center Loin Chops; 1- Inch Thick</item></ing>
      <ing>
        <amt>
          <qty>1</qty>
          <unit>tablespoon</unit></amt>
        <item>Olive oil</item></ing>
      <ing>
        <amt>
          <qty>1</qty>
          <unit/></amt>
        <item>Onion; chopped</item></ing>
      <ing>
        <amt>
          <qty>1 1/2</qty>
          <unit>teaspoons</unit></amt>
        <item>Fennel seeds</item></ing>
      <ing>
        <amt>
          <qty>2</qty>
          <unit>teaspoons</unit></amt>
        <item>Paprika</item></ing>
      <ing>
        <amt>
          <qty>1/2</qty>
          <unit>cups</unit></amt>
        <item>Dry white wine</item></ing>
      <ing>
        <amt>
          <qty>1/2</qty>
          <unit>cups</unit></amt>
        <item>Low-Salt Chicken Broth; Canned</item></ing>
      <ing>
        <amt>
          <qty>1</qty>
          <unit>teaspoon</unit></amt>
        <item>Fresh lemon juice</item></ing></ingredients>
    <directions>
      <step>  Season pork with salt and pepper. Heat oil in heavy, large skillet over
  medium-high heat. Add pork; saute until brown and just cooked through,
  about 5 minutes per side. Transfer pork to plate; tent with foil to keep
  warm. Add onion and fennel seeds to same skillet and saute until onion is
  tender, about 5 minutes. Mix in paprika; stir 15 seconds. Add wine, broth
  and lemon juice and boil until sauce thickens slightly, scraping up browned
  bits, about 5 minutes. Season sauce to taste with salt and pepper. Spoon
  sauce over pork chops and serve.
  
  Recipe by: Bon Appetite
  
  Posted to MC-Recipe Digest V1 #975 by "Bob &amp; Carole Walberg"
  &lt;walbergr@mb.sympatico.ca&gt; on Dec 30, 1997
 
</step></directions></recipe></recipeml>
