<?xml version="1.0" encoding="UTF-8"?>

<recipeml version="0.5">
  <recipe>
    <head>
      <title>"Drunken" Beans</title>
      <categories>
        <cat>Cooking liv</cat>
        <cat>Import</cat></categories>
      <yield>1</yield></head>
    <ingredients>
      <ing>
        <amt>
          <qty>1</qty>
          <unit>pound</unit></amt>
        <item>Dried pinto beans</item></ing>
      <ing>
        <amt>
          <qty>1</qty>
          <unit>large</unit></amt>
        <item>White onion</item></ing>
      <ing>
        <amt>
          <qty>2</qty>
          <unit>tablespoons</unit></amt>
        <item>Lard or vegetable oil</item></ing>
      <ing>
        <amt>
          <qty>2</qty>
          <unit/></amt>
        <item>Fresh epazote* sprigs; (pungent mexican herb) or 1 teaspoon dried epazote, crumbled, if desired</item></ing>
      <ing>
        <amt>
          <qty>1</qty>
          <unit>teaspoon</unit></amt>
        <item>Salt</item></ing>
      <ing>
        <amt>
          <qty>6</qty>
          <unit/></amt>
        <item>Bacon slices</item></ing>
      <ing>
        <amt>
          <qty>2</qty>
          <unit>cups</unit></amt>
        <item>Tomato salsa; (homemade or store bought)</item></ing>
      <ing>
        <amt>
          <qty>1/2</qty>
          <unit>cups</unit></amt>
        <item>Beer</item></ing></ingredients>
    <directions>
      <step>  *Kitchen Market - 888-468-4433
  
  Pick over beans. In a large bowl soak beans in cold water to cover by
  2-inches for 1 day.
  
  Drain beans and halve onion. In a 5 quart kettle simmer beans, lard or oil,
  onion, and epazote, if using, in water to cover by 2-inches, covered, 45
  minutes, or until beans are almost tender. Add salt and simmer beans until
  just tender, about 15 minutes more. Beans may be prepared up to this point
  2 days ahead and chilled in cooking liquid, covered. Drain beans in a
  colander.
  
  Chop bacon and in a large heavy skillet cook over moderate heat, stirring,
  until browned. Add beans, salsa, beer, and salt to taste and cook,
  stirring, until most of liquid evaporates, about 10 minutes. Beans may be
  made 2 hours ahead and kept at cool room temperature. Reheat beans before
  serving.
  
  Yield: 16 servings
  
  NOTES : Recipe courtesy of Gourmet Magazine
  
  Recipe by: Cooking Live Show #CL9034
  
  Posted to MC-Recipe Digest by "Angele and Jon Freeman"
  &lt;jfreeman@comteck.com&gt; on Feb 7, 1998
 
</step></directions></recipe></recipeml>
