<?xml version="1.0" encoding="UTF-8"?>

<recipeml version="0.5">
  <recipe>
    <head>
      <title>"Egg in the Hole" with Extra Cinnamon on The Hole!</title>
      <categories>
        <cat>None</cat></categories>
      <yield>1</yield></head>
    <ingredients>
      <ing>
        <amt>
          <qty>1</qty>
          <unit/></amt>
        <item>Egg</item></ing>
      <ing>
        <amt>
          <qty>2</qty>
          <unit>slices</unit></amt>
        <item>White bread or whole wheat</item></ing>
      <ing>
        <amt>
          <qty>1</qty>
          <unit/></amt>
        <item>3-inch biscuit cutter or wine glass</item></ing>
      <ing>
        <amt>
          <qty>1</qty>
          <unit>tablespoon</unit></amt>
        <item>Butter</item></ing>
      <ing>
        <amt>
          <qty>1</qty>
          <unit/></amt>
        <item>Nonstick skillet or griddle</item></ing>
      <ing>
        <amt>
          <qty/>
          <unit/></amt>
        <item>Salt and freshly ground pepper to taste</item></ing></ingredients>
    <directions>
      <step>  Melt the butter in the skillet or griddle over medium heat. Cut a 3-inch
  hole in the middle of the piece of bread. Add the bread, then crack the egg
  into the center. Season the egg with salt and freshly ground pepper. Cook
  for a few minutes on each side or until bread has toasted and the egg is
  cooked according to the desired doneness. The "holes" may be toasted in a
  toaster oven, spread with butter and sprinkled with a cinnamon-sugar
  mixture.
  
  Posted to recipelu-digest by QueenBerta@aol.com on Feb 7, 1998
 
</step></directions></recipe></recipeml>
