<?xml version="1.0" encoding="UTF-8"?>

<recipeml version="0.5">
  <recipe>
    <head>
      <title>"Et Cetera" Sandwiches</title>
      <categories>
        <cat>Sandwich</cat></categories>
      <yield>8</yield></head>
    <ingredients>
      <ing>
        <amt>
          <qty>4</qty>
          <unit>large</unit></amt>
        <item>Chicken breasts; boiled, boned and diced</item></ing>
      <ing>
        <amt>
          <qty/>
          <unit/></amt>
        <item>Mayonnaise for spreading consistency</item></ing>
      <ing>
        <amt>
          <qty>2</qty>
          <unit>tablespoons</unit></amt>
        <item>Durkees dressing</item></ing>
      <ing>
        <amt>
          <qty/>
          <unit/></amt>
        <item>Salt to taste</item></ing>
      <ing>
        <amt>
          <qty>24</qty>
          <unit>slices</unit></amt>
        <item>Thin white bread; toasted on one side only</item></ing>
      <ing>
        <amt>
          <qty>1</qty>
          <unit/></amt>
        <item>Bunch watercress; stems removed</item></ing>
      <ing>
        <amt>
          <qty>1</qty>
          <unit>package</unit></amt>
        <item>(8-oz) cream cheese</item></ing>
      <ing>
        <amt>
          <qty>3</qty>
          <unit>ounces</unit></amt>
        <item>Bleu cheese</item></ing>
      <ing>
        <amt>
          <qty>1</qty>
          <unit>teaspoon</unit></amt>
        <item>Onion salt</item></ing>
      <ing>
        <amt>
          <qty>1/2</qty>
          <unit>teaspoons</unit></amt>
        <item>Garlic salt</item></ing>
      <ing>
        <amt>
          <qty>1/2</qty>
          <unit>teaspoons</unit></amt>
        <item>Black pepper</item></ing>
      <ing>
        <amt>
          <qty>1 1/2</qty>
          <unit>tablespoons</unit></amt>
        <item>Worcestershire sauce</item></ing>
      <ing>
        <amt>
          <qty>1</qty>
          <unit>large</unit></amt>
        <item>Avocado; thinly sliced</item></ing>
      <ing>
        <amt>
          <qty>16</qty>
          <unit>slices</unit></amt>
        <item>Bacon; crumbled</item></ing></ingredients>
    <directions>
      <step>  Combine chicken meat, mayonnaise, Durkees and salt. Spread chicken filling
  on untoasted side of 8 slices of bread. Cover with watercress. Combine
  cream cheese, Bleu cheese, onion salt, garlic salt, black pepper and
  Worcestershire sauce. Spread cheese filling on 8 slices of bread. Cover
  with avocado. Sprinkle with bacon. Place on top of first slices. Cover with
  remaining slices of bread, toasted side up. Cut into quarters. Yield: 8
  sandwiches.
  
  NANCY COUCH (MRS. JAMES)
  
  From &lt;Traditions: A Taste of the Good Life&gt;, by the Little Rock (AR) Junior
  League.  Downloaded from Glen's MM Recipe Archive,
  http://www.erols.com/hosey.
 
</step></directions></recipe></recipeml>
