<?xml version="1.0" encoding="UTF-8"?>

<recipeml version="0.5">
  <recipe>
    <head>
      <title>"Faux" Sourdough</title>
      <categories>
        <cat>Bread machi</cat>
        <cat>Bread maili</cat>
        <cat>Breads</cat>
        <cat>Sourdough b</cat></categories>
      <yield>1</yield></head>
    <ingredients>
      <ing>
        <amt>
          <qty>1 1/2</qty>
          <unit>teaspoons</unit></amt>
        <item>Yeast</item></ing>
      <ing>
        <amt>
          <qty>2</qty>
          <unit>cups</unit></amt>
        <item>Bread Flour</item></ing>
      <ing>
        <amt>
          <qty>1</qty>
          <unit>tablespoon</unit></amt>
        <item>Sugar</item></ing>
      <ing>
        <amt>
          <qty>1/8</qty>
          <unit>teaspoons</unit></amt>
        <item>Baking Soda</item></ing>
      <ing>
        <amt>
          <qty>1/2</qty>
          <unit>cups</unit></amt>
        <item>Sour Cream; (non-fat OK)</item></ing>
      <ing>
        <amt>
          <qty>1</qty>
          <unit>tablespoon</unit></amt>
        <item>Vinegar</item></ing>
      <ing>
        <amt>
          <qty>1/2</qty>
          <unit>cups</unit></amt>
        <item>Milk</item></ing></ingredients>
    <directions>
      <step>  All ingredients should be at room temperature before starting. Add the
  ingredients to the pan in the order listed. Select "White Bread". Press
  "Start".
  
  &gt;From: "SHERI K THOMASSON" &lt;SKTHOM@ccmail.monsanto.com&gt;
  
  NOTES : I have a very good "faux" sourdough recipe that my family loves. It
  uses sour cream (can be non-fat) and vinegar (instead of yogurt and lemon
  juice).  Think you might like to try it.
  Posted to TNT - Prodigy's Recipe Exchange Newsletter  by Vickie
  &lt;pvreg@gte.net&gt; on Dec 20, 1997
 
</step></directions></recipe></recipeml>
