<?xml version="1.0" encoding="UTF-8"?>

<recipeml version="0.5">
  <recipe>
    <head>
      <title>"First" Ginger Molasses Cookies</title>
      <categories>
        <cat>Cookies</cat>
        <cat>Desserts</cat></categories>
      <yield>72</yield></head>
    <ingredients>
      <ing>
        <amt>
          <qty>30</qty>
          <unit/></amt>
        <item>Min - Work Time</item></ing>
      <ing>
        <amt>
          <qty>1</qty>
          <unit/></amt>
        <item>Hr + chilling - Total Time</item></ing>
      <ing>
        <amt>
          <qty>2 1/2</qty>
          <unit>cups</unit></amt>
        <item>Flour</item></ing>
      <ing>
        <amt>
          <qty>2</qty>
          <unit>teaspoons</unit></amt>
        <item>Ground ginger</item></ing>
      <ing>
        <amt>
          <qty>1</qty>
          <unit>teaspoon</unit></amt>
        <item>Cinnamon</item></ing>
      <ing>
        <amt>
          <qty>2</qty>
          <unit>teaspoons</unit></amt>
        <item>Baking soda</item></ing>
      <ing>
        <amt>
          <qty>1/2</qty>
          <unit>teaspoons</unit></amt>
        <item>Salt</item></ing>
      <ing>
        <amt>
          <qty>12</qty>
          <unit>tablespoons</unit></amt>
        <item>Unsalted Butter (marg/short)</item></ing>
      <ing>
        <amt>
          <qty/>
          <unit/></amt>
        <item>At room temp</item></ing>
      <ing>
        <amt>
          <qty>1</qty>
          <unit>cup</unit></amt>
        <item>Brown sugar</item></ing>
      <ing>
        <amt>
          <qty>1</qty>
          <unit/></amt>
        <item>Egg</item></ing>
      <ing>
        <amt>
          <qty>1/3</qty>
          <unit>cups</unit></amt>
        <item>Molasses</item></ing>
      <ing>
        <amt>
          <qty/>
          <unit/></amt>
        <item>Sugar for rolling</item></ing></ingredients>
    <directions>
      <step>  Combine flour, spices, soda, &amp; salt. With an electric mixer at
  medium-low speed, beat butter &amp; sugar, until light &amp; fluffy. Beat in
  egg &amp; molasses. Reduce speed to low, &amp; gradually add flour mixture
  until just mixed. Chill until firm, about 1 hour. Heat oven to 350~.
  Shape dough into approximately 1" balls, roll in sugar, &amp; place about
  2 " apart on a baking sheet. Bake until the edges begin to brown,
  about 15 min. Cool on baking sheet 2 min, then move to wire racks.
  Cool completely. Submitted By MARY LOU KAKANOWSKI MSG#: 2605
  From: Dale Shipp                      Date: 07-26-96
  Posted to MM-Recipes Digest V3 #246
  
  Date: Sun, 8 Sep 1996 23:50:46 -0400
  
  From: BobbieB1@aol.com
 
</step></directions></recipe></recipeml>
