<?xml version="1.0" encoding="UTF-8"?>

<recipeml version="0.5">
  <recipe>
    <head>
      <title>"Five Lilies" Chowder</title>
      <categories>
        <cat>Soup</cat></categories>
      <yield>8</yield></head>
    <ingredients>
      <ing>
        <amt>
          <qty>3</qty>
          <unit>tablespoons</unit></amt>
        <item>Olive oil</item></ing>
      <ing>
        <amt>
          <qty>4</qty>
          <unit>cups</unit></amt>
        <item>Diced yellow onions</item></ing>
      <ing>
        <amt>
          <qty>1/4</qty>
          <unit>cups</unit></amt>
        <item>Sliced shallots</item></ing>
      <ing>
        <amt>
          <qty>1</qty>
          <unit>tablespoon</unit></amt>
        <item>Chopped garlic</item></ing>
      <ing>
        <amt>
          <qty>1</qty>
          <unit>cup</unit></amt>
        <item>Dry white wine</item></ing>
      <ing>
        <amt>
          <qty>1</qty>
          <unit/></amt>
        <item>Bay leaf</item></ing>
      <ing>
        <amt>
          <qty>6</qty>
          <unit>cups</unit></amt>
        <item>Mushroom stock or rich Chicken stock; fat Removed</item></ing>
      <ing>
        <amt>
          <qty/>
          <unit/></amt>
        <item>Kosher Salt &amp; Freshly Ground Black Pepper</item></ing>
      <ing>
        <amt>
          <qty>2</qty>
          <unit>teaspoons</unit></amt>
        <item>Minced fresh thyme or</item></ing>
      <ing>
        <amt>
          <qty>1</qty>
          <unit>teaspoon</unit></amt>
        <item>Dried</item></ing>
      <ing>
        <amt>
          <qty>2</qty>
          <unit>teaspoons</unit></amt>
        <item>Minced fresh oregano or</item></ing>
      <ing>
        <amt>
          <qty>1</qty>
          <unit>teaspoon</unit></amt>
        <item>Dried</item></ing>
      <ing>
        <amt>
          <qty>1/2</qty>
          <unit>cups</unit></amt>
        <item>Minced celery</item></ing>
      <ing>
        <amt>
          <qty>1</qty>
          <unit>cup</unit></amt>
        <item>Leeks; both white &amp; tender Green parts</item></ing>
      <ing>
        <amt>
          <qty>2</qty>
          <unit>tablespoons</unit></amt>
        <item>Dry sherry</item></ing>
      <ing>
        <amt>
          <qty>2</qty>
          <unit>tablespoons</unit></amt>
        <item>Minced chives</item></ing>
      <ing>
        <amt>
          <qty/>
          <unit/></amt>
        <item>Gremolata; * See Note</item></ing></ingredients>
    <directions>
      <step>  In a medium saucepan, heat the olive oil. Add the onions, shallots and
  garlic and saute until they just begin to color. Transfer half of the onion
  mixture to a blender or food processor. Puree and return to the pan. Add
  the wine, bay leaf and stock and simmer for 10 minutes. Season with salt
  and pepper. (The soup base may be prepared in advance to this point and
  stored refrigerated for up to 3 days or frozen indefinitely and reheated
  before finishing.) Just before serving, add the thyme, oregano, celery,
  leeks and sherry to the hot soup base. Bring to a simmer and simmer for 2
  minutes. Do not overcook, the vegetables should retain their crunchy
  texture. Remove the bay leaf, stir in the chives and garnish with a
  sprinkling of the gremolata. Yield: 8 serving
  
  Recipe By     : COOKING RIGHT SHOW#CR9661
  
  From: Dan Klepach                     Date: 04-14-96
  
  Date: Sat, 1 Jun 1996 18:56:51 -0400
  
  From: BobbieB1@aol.com
  
  MM-Recipes Digest V3 #160
  
  From the MealMaster recipe list.  Downloaded from Glen's MM Recipe Archive,
  http://www.erols.com/hosey.
 
</step></directions></recipe></recipeml>
