<?xml version="1.0" encoding="UTF-8"?>

<recipeml version="0.5">
  <recipe>
    <head>
      <title>"Foot in the Fire" Chocolate Cake</title>
      <categories>
        <cat>Cake</cat></categories>
      <yield>10</yield></head>
    <ingredients>
      <ing>
        <amt>
          <qty>1/2</qty>
          <unit>cups</unit></amt>
        <item>Buttermilk</item></ing>
      <ing>
        <amt>
          <qty>2</qty>
          <unit>cups</unit></amt>
        <item>All-purpose flour</item></ing>
      <ing>
        <amt>
          <qty>2</qty>
          <unit/></amt>
        <item>Eggs</item></ing>
      <ing>
        <amt>
          <qty>2</qty>
          <unit>cups</unit></amt>
        <item>Sugar</item></ing>
      <ing>
        <amt>
          <qty>1</qty>
          <unit>cup</unit></amt>
        <item>Margarine</item></ing>
      <ing>
        <amt>
          <qty>1/2</qty>
          <unit>cups</unit></amt>
        <item>Margarine</item></ing>
      <ing>
        <amt>
          <qty>4</qty>
          <unit>tablespoons</unit></amt>
        <item>Cocoa</item></ing>
      <ing>
        <amt>
          <qty>5</qty>
          <unit>tablespoons</unit></amt>
        <item>Evaporated milk</item></ing>
      <ing>
        <amt>
          <qty>1</qty>
          <unit>cup</unit></amt>
        <item>Cold water</item></ing>
      <ing>
        <amt>
          <qty>1</qty>
          <unit>cup</unit></amt>
        <item>Pecans; chopped</item></ing>
      <ing>
        <amt>
          <qty>1</qty>
          <unit>teaspoon</unit></amt>
        <item>Baking soda</item></ing>
      <ing>
        <amt>
          <qty>4</qty>
          <unit>tablespoons</unit></amt>
        <item>Cocoa</item></ing>
      <ing>
        <amt>
          <qty>1</qty>
          <unit>teaspoon</unit></amt>
        <item>Vanilla extract</item></ing>
      <ing>
        <amt>
          <qty>1</qty>
          <unit>teaspoon</unit></amt>
        <item>Vanilla extract</item></ing>
      <ing>
        <amt>
          <qty>1</qty>
          <unit>teaspoon</unit></amt>
        <item>Ground cinnamon</item></ing>
      <ing>
        <amt>
          <qty>1</qty>
          <unit>pound</unit></amt>
        <item>Powdered sugar</item></ing>
      <ing>
        <amt>
          <qty>1/4</qty>
          <unit>teaspoons</unit></amt>
        <item>Salt</item></ing></ingredients>
    <directions>
      <step>  From: Wendy Lockman &lt;wlockman@ra1.randomc.com&gt;
  
  Date: Sat, 13 Apr 1996 22:22:46 -0400
  
  Recipe By : Cynthia K. Davenport &lt;cdavenpo@PigsEye.Kennesaw.EDU&gt;
  
  This is the recipe I have and my directions don't specify what goes where
  either.
  
  Preheat oven to 375 degrees. Sift flour and sugar, set aside. In a
  saucepan, bring the margarine, cocoa and water to a boil; remove from heat.
  In a large bowl, mix all remaining cake ingredients. Add the flour mixture
  and cocoa mixture, stirring well. Bake in a greased and floured 9x13" pan
  for 20 to 30 min. Check for doneness with a clean toothpick. Ten minutes
  into the baking of the cake, prepare the frosting. Place the margarine,
  cocoa, and milk in a saucepan and bring to a boil. Remove from the heat and
  add the remaining ingredients. Beat until smooth. FROST THE CAKE AS SOON AS
  IT COME OUT OF THE OVEN. Let it cool a little before cutting, if you can't
  possible hold out!. This cake is so good, you'd eat it with one foot in the
  fire if you had to.
  
  MC-RECIPE@MASTERCOOK.COM
  
  MASTERCOOK RECIPES LIST SERVER
  
  MC-RECIPE DIGEST V1 #42
  
  From the MasterCook recipe list.  Downloaded from Glen's MM Recipe Archive,
  http://www.erols.com/hosey.
 
</step></directions></recipe></recipeml>
