<?xml version="1.0" encoding="UTF-8"?>

<recipeml version="0.5">
  <recipe>
    <head>
      <title>"Forgotten" Minestrone</title>
      <categories>
        <cat>Soup</cat>
        <cat>Beef</cat>
        <cat>Crockpot</cat>
        <cat>Diabetic</cat></categories>
      <yield>8</yield></head>
    <ingredients>
      <ing>
        <amt>
          <qty>1</qty>
          <unit>pound</unit></amt>
        <item>Lean beef stew meat</item></ing>
      <ing>
        <amt>
          <qty>6</qty>
          <unit>cups</unit></amt>
        <item>Water</item></ing>
      <ing>
        <amt>
          <qty>1</qty>
          <unit>can</unit></amt>
        <item>(28 oz.) tomatoes with</item></ing>
      <ing>
        <amt>
          <qty/>
          <unit/></amt>
        <item>;liquid, cut up</item></ing>
      <ing>
        <amt>
          <qty>1</qty>
          <unit/></amt>
        <item>Beef bouillon cube</item></ing>
      <ing>
        <amt>
          <qty>1</qty>
          <unit>medium</unit></amt>
        <item>Onion, chopped</item></ing>
      <ing>
        <amt>
          <qty>2</qty>
          <unit>tablespoons</unit></amt>
        <item>Minced dried parsley</item></ing>
      <ing>
        <amt>
          <qty>2 1/2</qty>
          <unit>teaspoons</unit></amt>
        <item>Salt,optional</item></ing>
      <ing>
        <amt>
          <qty>1 1/2</qty>
          <unit>teaspoons</unit></amt>
        <item>Ground thyme</item></ing>
      <ing>
        <amt>
          <qty>1/2</qty>
          <unit>teaspoons</unit></amt>
        <item>Pepper</item></ing>
      <ing>
        <amt>
          <qty>1</qty>
          <unit>medium</unit></amt>
        <item>Zucchini, thinly sliced</item></ing>
      <ing>
        <amt>
          <qty>1</qty>
          <unit>can</unit></amt>
        <item>(16 oz.) garbanzo beans,</item></ing>
      <ing>
        <amt>
          <qty/>
          <unit/></amt>
        <item>;drained</item></ing>
      <ing>
        <amt>
          <qty>1</qty>
          <unit>cup</unit></amt>
        <item>Uncooked small elbow or</item></ing>
      <ing>
        <amt>
          <qty/>
          <unit/></amt>
        <item>;shell macaroni</item></ing>
      <ing>
        <amt>
          <qty>1/4</qty>
          <unit>cups</unit></amt>
        <item>Grated Parmesan cheese (opt)</item></ing></ingredients>
    <directions>
      <step>  In a slow cooker, combine beef, water, tomatoes, bouillon, onion, parsley,
  salt if desired, thyme and pepper.  Cover and cook on low for 7-9 hours or
  until meat is tender.  Add zucchini, cabbage, beans and macaroni; cook on
  high, covered, 30-45 minutes more, or until the vegetables are tender.
  Sprinkle individual servings with Parmesan cheese if desired.
  
  Diabetic Exchanges:  One serving (without added salt and Parmesan cheese)
  equals 2 vegetable, 1-1/2 starch, 1 meat.
  
  Also, 246 CALORIES, 453mg SODIUM, 33mg CHOLESTEROL, 30gm CARBOHYDRATE, 19gm
  PROTEIN, 6gm FAT.
  
  From "Taste of Home" magazine, Collector's Edition (advertisement copy used
  to entice subscribers).
  
  Typed for you by Iris Grayson
  
  Posted to MM-Recipes Digest V3 #275
  
  Date: Sun, 6 Oct 1996 21:41:24 -0600
  
  From: netdir@cyberspc.mb.ca (S.Pickell)
 
</step></directions></recipe></recipeml>
