<?xml version="1.0" encoding="UTF-8"?>

<recipeml version="0.5">
  <recipe>
    <head>
      <title>"Four-Onion" Soup with Garlic Croutons</title>
      <categories>
        <cat>Soups/stews</cat>
        <cat>Low fat</cat></categories>
      <yield>6</yield></head>
    <ingredients>
      <ing>
        <amt>
          <qty>2</qty>
          <unit/></amt>
        <item>Medium onions</item></ing>
      <ing>
        <amt>
          <qty>1</qty>
          <unit/></amt>
        <item>Bunch medium leeks (about 6)</item></ing>
      <ing>
        <amt>
          <qty>12</qty>
          <unit/></amt>
        <item>Shallots</item></ing>
      <ing>
        <amt>
          <qty>7</qty>
          <unit>cups</unit></amt>
        <item>Water or vegetable stock</item></ing>
      <ing>
        <amt>
          <qty/>
          <unit/></amt>
        <item>Salt &amp; white pepper</item></ing>
      <ing>
        <amt>
          <qty>1</qty>
          <unit/></amt>
        <item>Garlic clove</item></ing>
      <ing>
        <amt>
          <qty>6</qty>
          <unit/></amt>
        <item>Slices whole wheat sourdough</item></ing>
      <ing>
        <amt>
          <qty/>
          <unit/></amt>
        <item>Bread</item></ing>
      <ing>
        <amt>
          <qty>1</qty>
          <unit/></amt>
        <item>Bunch chives, snipped fine</item></ing></ingredients>
    <directions>
      <step>  Peel the onions, cut them in half lengthwise, then into very thin
  lengthwise slices.  Cut the leeks in half lengthwise and wash them
  well. Cut the leeks into 1/4-inch crosswise slices (the green tops
  can be saved for stock). Peel and slice the shallots into thin
  slices. Place the onions, shallots, and leeks in a heavy pot with 1
  cup of water or vegetable stock. Over medium heat, cook the
  vegetables until the water has evaporated and the vegetables have
  begun to soften without coloring. At this point add 6 cups of water
  or vegetable stock and salt and white pepper to taste. Simmer for 1/2
  hour. Remove 2 cups of liquid and vegetables to a blender or food
  processor. Puree well and return the puree to the remaining soup. Cut
  the carlic clove in half and rub the bread slices with the cut side
  of the clove. Toast under a broiler. Put 1 slice of bread into each
  of 6 bowls, pour the soup over, and garnish with the chives.
  Posted to MM-Recipes Digest V3 #246
  
  Date: Sun, 8 Sep 1996 23:50:46 -0400
  
  From: BobbieB1@aol.com
 
</step></directions></recipe></recipeml>
