<?xml version="1.0" encoding="UTF-8"?>

<recipeml version="0.5">
  <recipe>
    <head>
      <title>"Fred's Schezuan Sauce"</title>
      <categories>
        <cat>Sauces</cat>
        <cat>Low-fat</cat></categories>
      <yield>12</yield></head>
    <ingredients>
      <ing>
        <amt>
          <qty>1</qty>
          <unit>teaspoon</unit></amt>
        <item>Sesame Oil</item></ing>
      <ing>
        <amt>
          <qty>2</qty>
          <unit>teaspoons</unit></amt>
        <item>Whole yellow mustard seed</item></ing>
      <ing>
        <amt>
          <qty>4</qty>
          <unit/></amt>
        <item>Garlic cloves; crushed</item></ing>
      <ing>
        <amt>
          <qty>1</qty>
          <unit>small</unit></amt>
        <item>Shallot (optional) finely chopped</item></ing>
      <ing>
        <amt>
          <qty>2</qty>
          <unit>tablespoons</unit></amt>
        <item>Low salt tamari</item></ing>
      <ing>
        <amt>
          <qty>1</qty>
          <unit/></amt>
        <item>Thai pepper; finely chopped (or jalapeno, italian, or what have you) -OR- Tabasco)</item></ing>
      <ing>
        <amt>
          <qty>1 1/2</qty>
          <unit>cups</unit></amt>
        <item>Tomato juice or V8</item></ing>
      <ing>
        <amt>
          <qty>1/2</qty>
          <unit>teaspoons</unit></amt>
        <item>White pepper</item></ing>
      <ing>
        <amt>
          <qty>1/2</qty>
          <unit>teaspoons</unit></amt>
        <item>Ground cumin</item></ing>
      <ing>
        <amt>
          <qty>1</qty>
          <unit>teaspoon</unit></amt>
        <item>Arrowroot; -OR- Corn starch)</item></ing>
      <ing>
        <amt>
          <qty/>
          <unit/></amt>
        <item>Ground black pepper to taste</item></ing></ingredients>
    <directions>
      <step>  Well, this is NOT non-fat, but is low fat. It's kind of a Schezuan sauce I
  guess, of my own invention. If I could figure out how to avoid using the
  oil it would be non-fat, but anything I've tried has been less than yummy.
  Considering it makes about 1 1/2 cups of sauce, and that goes a long way
  (ie: 2 Tbs per serving, approx), the fat content per serving should be
  about 1g due to the sauce. The flavor of the sesame oil is quite
  indespensible, to me.
  
  It's quite spicy, be warned! But it's fantastic for vegetables over rice,
  or with vegetables, grilled chicken, and rice noodles; or stirred into
  plain wild rice. Experiment!
  
  DIRECTIONS: =========== In a small skillet, saute the garlic, hot pepper,
  shallot, and mustard seed in the oil until the garlic and shallots brown
  and the mustard seeds begin to pop (best over high heat, but don't let the
  oil burn).  Add the tomato juice, tamari, white pepper and cumin. Lower
  heat and simmer 5 mins. In a smal cup mix 2 tsp cold water and the
  arrowroot until smooth. Stir into sauce, stirring constantly. The sauce
  should thicken in about a minute or two. Remove from heat and stir into
  your favorite dish.
  
  From: ft@maxwell.ccs.att.com (Frederick True)
  
  From Gemini's MASSIVE MealMaster collection at www.synapse.com/~gemini
 
</step></directions></recipe></recipeml>
