<?xml version="1.0" encoding="UTF-8"?>

<recipeml version="0.5">
  <recipe>
    <head>
      <title>"Fried" Green Tomatoes</title>
      <categories>
        <cat>Low-fat</cat>
        <cat>Tomatoes</cat>
        <cat>Vegetarian</cat></categories>
      <yield>6</yield></head>
    <ingredients>
      <ing>
        <amt>
          <qty>1/2</qty>
          <unit>cups</unit></amt>
        <item>Yellow cornmeal</item></ing>
      <ing>
        <amt>
          <qty>1/2</qty>
          <unit>cups</unit></amt>
        <item>Fresh bread crumbs</item></ing>
      <ing>
        <amt>
          <qty>1</qty>
          <unit>teaspoon</unit></amt>
        <item>Paprika</item></ing>
      <ing>
        <amt>
          <qty>1/2</qty>
          <unit>teaspoons</unit></amt>
        <item>Salt</item></ing>
      <ing>
        <amt>
          <qty>1/2</qty>
          <unit>teaspoons</unit></amt>
        <item>Black pepper</item></ing>
      <ing>
        <amt>
          <qty/>
          <unit>dashes</unit></amt>
        <item>Cayenne pepper; opt</item></ing>
      <ing>
        <amt>
          <qty>4</qty>
          <unit>large</unit></amt>
        <item>Green tomatoes cut horizontally into 1/2" thick slices</item></ing>
      <ing>
        <amt>
          <qty>1</qty>
          <unit/></amt>
        <item>Egg white; beaten w/ 2 T. water</item></ing>
      <ing>
        <amt>
          <qty/>
          <unit/></amt>
        <item>Parmesan cheese</item></ing></ingredients>
    <directions>
      <step>   Preheat oven to 450 degrees. In a shallow dish, combine cornmeal, bread
  crumbs, paprika, salt, pepper and cayenne, if desired; set aside.
  
   Lightly coat a baking sheet with vegetable cooking spray; set aside. Dip
  each tomato slice in egg white mixture, then dredge in cornmeal-bread
  crumb mixture to coat.  Place slices in a single lay er on prepared baking
  sheet.  Spray tops of slices with vegetable cooking spray.
  
   Bake 30 minutes, or until golden brown.  Sprinkle with Parmesan cheese
  during last 5 minutes of baking if desired.  Serve immediately. Makes 6
  servings.
  
   Per serving:  85 calories, 1 g fat, 2 g fiber.
  
  Recipe By     : Low-Fat &amp; Fast Meatless Recipes
  
  Posted to Digest eat-lf.v096.n177
  
  Date: Fri, 4 Oct 1996 17:17:47 +60
  
  From: "Ann Miner" &lt;annminer@fyi.net&gt;
 
</step></directions></recipe></recipeml>
