<?xml version="1.0" encoding="UTF-8"?>

<recipeml version="0.5">
  <recipe>
    <head>
      <title>"Fruit Salad" Salad Smoothie</title>
      <categories>
        <cat>Beverages</cat>
        <cat>Fruits</cat>
        <cat>Low fat</cat>
        <cat>Deal-a-meal</cat></categories>
      <yield>4</yield></head>
    <ingredients>
      <ing>
        <amt>
          <qty>1</qty>
          <unit>medium</unit></amt>
        <item>Ripe peach</item></ing>
      <ing>
        <amt>
          <qty>3/4</qty>
          <unit>cups</unit></amt>
        <item>Fresh OR frozen strawberries</item></ing>
      <ing>
        <amt>
          <qty>1/2</qty>
          <unit/></amt>
        <item>Banana; peeled</item></ing>
      <ing>
        <amt>
          <qty>2</qty>
          <unit>cups</unit></amt>
        <item>Skimmed evaporated milk; chilled</item></ing>
      <ing>
        <amt>
          <qty>4</qty>
          <unit>teaspoons</unit></amt>
        <item>Frozen orange jc concentrate</item></ing>
      <ing>
        <amt>
          <qty>1</qty>
          <unit>teaspoon</unit></amt>
        <item>Vanilla</item></ing>
      <ing>
        <amt>
          <qty/>
          <unit/></amt>
        <item>4-6 ice cubes</item></ing>
      <ing>
        <amt>
          <qty/>
          <unit/></amt>
        <item>Cinnamon; optional</item></ing></ingredients>
    <directions>
      <step>  Combine everything in blender except ice and cinnamon. With blender
  running, add ice cubes one at a time. Divide Smoothie into 4 chilled
  glasses and sprinkle with cinnamon.
  Posted to MM-Recipes Digest V3 #246
  
  Date: Sun, 8 Sep 1996 23:50:46 -0400
  
  From: BobbieB1@aol.com
 
</step></directions></recipe></recipeml>
