<?xml version="1.0" encoding="UTF-8"?>

<recipeml version="0.5">
  <recipe>
    <head>
      <title>"Gloreos" (Corrected)</title>
      <categories>
        <cat>None</cat></categories>
      <yield>50</yield></head>
    <ingredients>
      <ing-div>
        <title>THE COOKIES</title>
        <ing>
          <amt>
            <qty>1</qty>
            <unit>package</unit></amt>
          <item>(18-oz) devil's food cake mix</item></ing>
        <ing>
          <amt>
            <qty>2</qty>
            <unit/></amt>
          <item>Eggs + 2 tbsp water</item></ing>
        <ing>
          <amt>
            <qty>2</qty>
            <unit>tablespoons</unit></amt>
          <item>Oil</item></ing>
        <ing>
          <amt>
            <qty>1/2</qty>
            <unit>cups</unit></amt>
          <item>Cocoa powder</item></ing>
        <ing>
          <amt>
            <qty/>
            <unit/></amt>
          <item>Nestle's Quik</item></ing></ing-div>
      <ing-div>
        <title>THE FILLING</title>
        <ing>
          <amt>
            <qty>1</qty>
            <unit/></amt>
          <item>Envelope unflavored gelatin</item></ing>
        <ing>
          <amt>
            <qty>1/4</qty>
            <unit>cups</unit></amt>
          <item>Cold water</item></ing>
        <ing>
          <amt>
            <qty>1</qty>
            <unit>cup</unit></amt>
          <item>Crisco</item></ing>
        <ing>
          <amt>
            <qty>1</qty>
            <unit>pound</unit></amt>
          <item>+ 1 C powdered sugar</item></ing>
        <ing>
          <amt>
            <qty>1</qty>
            <unit>teaspoon</unit></amt>
          <item>Vanilla</item></ing></ing-div></ingredients>
    <directions>
      <step>  Source: Gloria Pitzer's Secret Recipes (pamphlet)
  
  Preheat oven to 400 degrees. Combine cake mix, eggs + water, oil and cocoa
  powder. Blend well until you can form it into a ball. Let stand 20 minutes.
  Form dough into 1/2-inch balls placed 2 inches apart on lightly greased
  baking sheet Flatten each ball with bottom of a greased once drinking glass
  that has been dipped in Nestle's Quik powder to deepen the color of the
  cookies to resemble the originals. Bake 8 minutes. Immediately out of the
  oven, flatten each cookie with the back of a pancake turner. Let cool 20
  minutes while you prepare the filling.
  
  The filling: Soften the gelatin in 1/4 C cold water and place in a pan of
  hot water until clear. Meanwhile, beat the Crisco until fluffy, adding the
  powdered sugar a little at a time. Add the vanilla and cooled gelatin and
  beat 6 minutes. Shape into 1-inch balls and place between the bottom sides
  of two cookies, pressing them gently but firmly together until the filling
  becomes nicely rounded at the edges. Chill about one hour to set the
  filling.
  
  Posted to JEWISH-FOOD digest Volume 98 #020 by fancymom@juno.com (Frances
  Kahn) on Jan 10, 1998
 
</step></directions></recipe></recipeml>
