<?xml version="1.0" encoding="UTF-8"?>

<recipeml version="0.5">
  <recipe>
    <head>
      <title>"Good Luck" Rice Custard</title>
      <categories>
        <cat>Desserts</cat>
        <cat>Rice</cat></categories>
      <yield>6</yield></head>
    <ingredients>
      <ing>
        <amt>
          <qty>1 1/2</qty>
          <unit>cups</unit></amt>
        <item>Raw rice</item></ing>
      <ing>
        <amt>
          <qty>2</qty>
          <unit>cans</unit></amt>
        <item>Evaporated milk (5 ounces</item></ing>
      <ing>
        <amt>
          <qty/>
          <unit/></amt>
        <item>Each)</item></ing>
      <ing>
        <amt>
          <qty>1/2</qty>
          <unit>cups</unit></amt>
        <item>Raisins</item></ing>
      <ing>
        <amt>
          <qty>1/2</qty>
          <unit/></amt>
        <item>Box vanilla pudding (3</item></ing>
      <ing>
        <amt>
          <qty/>
          <unit/></amt>
        <item>Ounce size)</item></ing>
      <ing>
        <amt>
          <qty>5</qty>
          <unit/></amt>
        <item>Eggs, separated</item></ing>
      <ing>
        <amt>
          <qty>1</qty>
          <unit>teaspoon</unit></amt>
        <item>Vanilla</item></ing>
      <ing>
        <amt>
          <qty/>
          <unit/></amt>
        <item>Cinnamon to taste</item></ing>
      <ing>
        <amt>
          <qty/>
          <unit/></amt>
        <item>Milk</item></ing></ingredients>
    <directions>
      <step>       Cook the rice in 4 cups of water, add the sugar and cook until almost
  tender.  Add the evaporated milk and raisins. Mix the pudding in a cup of
  milk and add to the rice mixture. Beat the egg whites until stiff. Beat the
  yolks separately and then mix the whites and yolks mixture. Then turn off
  the heat.  Mix well.  If it seems a little thick just add some more milk.
  
  Serves 6 or more. The Legends of Louisisna Cookbook; Sheila Ainbinder;
  Posted by Fred Peters.
  
  From Gemini's MASSIVE MealMaster collection at www.synapse.com/~gemini
 
</step></directions></recipe></recipeml>
