<?xml version="1.0" encoding="UTF-8"?>

<recipeml version="0.5">
  <recipe>
    <head>
      <title>"Good As Gold" Chicken (Like Kfc and Boston's)</title>
      <categories>
        <cat>Chicken</cat>
        <cat>Substitutes</cat></categories>
      <yield>1</yield></head>
    <ingredients>
      <ing>
        <amt>
          <qty>1/4</qty>
          <unit>cups</unit></amt>
        <item>Oil</item></ing>
      <ing>
        <amt>
          <qty>1</qty>
          <unit>tablespoon</unit></amt>
        <item>Honey</item></ing>
      <ing>
        <amt>
          <qty>1</qty>
          <unit>tablespoon</unit></amt>
        <item>Lime juice</item></ing>
      <ing>
        <amt>
          <qty>1/4</qty>
          <unit>teaspoons</unit></amt>
        <item>Paprika seasoned salt (to taste)</item></ing>
      <ing>
        <amt>
          <qty>4</qty>
          <unit/></amt>
        <item>Chicken breast halves</item></ing></ingredients>
    <directions>
      <step>  Mix ingredients (except chicken) in a saucepan and warm just to melt honey.
  Arrange chicken breast-side-up in a square baking dish or pan and bake
  uncovered at 400 degrees about 35 - 40 minutes, basting pieces without
  turning them, 3 or 4 times during baking. Immediately upon removing from
  oven, seal baking dish or pan tightly in foil and let stand 15 to 20
  minutes before serving. From: Suzze Tiernan Date:
       08    Apr 94
  Posted to brand-name-recipes by "Cindy Hartlin" &lt;cjhartlin@email.msn.com&gt;
  on Jan 31, 1998
 
</step></directions></recipe></recipeml>
