<?xml version="1.0" encoding="UTF-8"?>

<recipeml version="0.5">
  <recipe>
    <head>
      <title>"Grilled" Glazed Tuna Steaks</title>
      <categories>
        <cat>Seafood</cat>
        <cat>Microwave</cat></categories>
      <yield>4</yield></head>
    <ingredients>
      <ing>
        <amt>
          <qty>1/3</qty>
          <unit>cups</unit></amt>
        <item>Dry Sherry</item></ing>
      <ing>
        <amt>
          <qty>1</qty>
          <unit>tablespoon</unit></amt>
        <item>Minced Gingerroot</item></ing>
      <ing>
        <amt>
          <qty>1</qty>
          <unit>tablespoon</unit></amt>
        <item>Low Sodium Soy Sauce</item></ing>
      <ing>
        <amt>
          <qty>1</qty>
          <unit>teaspoon</unit></amt>
        <item>Honey</item></ing>
      <ing>
        <amt>
          <qty>1</qty>
          <unit>clove</unit></amt>
        <item>Garlic Minced</item></ing>
      <ing>
        <amt>
          <qty>1</qty>
          <unit>pound</unit></amt>
        <item>Tuna Steaks Cut Into 4</item></ing>
      <ing>
        <amt>
          <qty/>
          <unit/></amt>
        <item>Pieces</item></ing></ingredients>
    <directions>
      <step>  Combine Sherry, Gingerroot, Soy Sauce, Honey &amp; Garlic in A 1 Cup Glass
  Measure.  Microwave Uncovered At High 1 Min. OR Until Mixture Boils. Cool
  Slightly. Place Tuna in An 11 X 7 X 1 1/2 in. Baking Dish. Pour Marinade
  Over tuna.  Cover &amp; Chill 2 Hours.  Remove Tuna From Marinade, Reserving
  Marinade. Preheat A 10 Inch. Browning Skillet At High For 8 Min. Arrange
  Tuna On Hot Browning Skillet With Thickest Portions To The outside.
  Microwave Uncovered At High For 2 Min. Turn Steaks Over &amp; Baste With
  Marinade.  Microwave At High For 1 1/2 To 2 Min. Let Stand Covered 2 Min.
  Serve Immediately With Warm Marinade. (May Also Grill Outdoors.)
  Posted to MM-Recipes Digest  by "Cindy Hartlin" &lt;cjhartlin@email.msn.com&gt;
  on Mar 14, 1998
 
</step></directions></recipe></recipeml>
