<?xml version="1.0" encoding="UTF-8"?>

<recipeml version="0.5">
  <recipe>
    <head>
      <title>"Grilled" Apple Crisp</title>
      <categories>
        <cat>Desserts</cat>
        <cat>Apples</cat>
        <cat>Bar-b-q</cat></categories>
      <yield>8</yield></head>
    <ingredients>
      <ing>
        <amt>
          <qty>21</qty>
          <unit>ounces</unit></amt>
        <item>Pie filling, apple or Cherry</item></ing>
      <ing>
        <amt>
          <qty>1/3</qty>
          <unit>cups</unit></amt>
        <item>Sugar, brown; packed</item></ing>
      <ing>
        <amt>
          <qty>1/2</qty>
          <unit>teaspoons</unit></amt>
        <item>Cinnamon</item></ing>
      <ing>
        <amt>
          <qty>1/4</qty>
          <unit>teaspoons</unit></amt>
        <item>Nutmeg</item></ing>
      <ing>
        <amt>
          <qty>2</qty>
          <unit>tablespoons</unit></amt>
        <item>Lemon juice</item></ing>
      <ing>
        <amt>
          <qty>1/2</qty>
          <unit>packages</unit></amt>
        <item>Cake mix, yellow (18.5 oz) approx. 2 cups</item></ing>
      <ing>
        <amt>
          <qty>1/2</qty>
          <unit>cups</unit></amt>
        <item>Butter or margarine; cut in this slices</item></ing>
      <ing>
        <amt>
          <qty/>
          <unit/></amt>
        <item>Whipped topping or ice cream</item></ing></ingredients>
    <directions>
      <step>    1. Spray 9-inch baking pan with PAM.  Pour pie filling into 9-inch baking
  pan.  Sprinkle with brown sugar, cinnamon, nutmeg, and lemon juice.
   Sprinkle cake mix over pie filling to cover.  Dot with butter slices.
    2. Preheat grill on medium for 10 minutes, then turn left side of grill
  off and invert a baking pan on left cooking grid. Place baking pan on
  inverted pan. Close lid and bake 55-65 minutes, or until browned and
  bubbly.
    3. Let stand until warm.  Serve topped with whipped topping or ice cream.
   Pat Empson 05/24 11:32 am
         FOOD AND WINE BB TOPIC: FOOD SOFTWARE TIME: 05/24 12:03 PM
  
  TO:      PAT EMPSON   (PFXX29A) FROM: PAT EMPSON (PFXX29A) SUBJECT: MM-MORE
  APPLES This is absolutely the best apple cake that I have ever had, or
  made! `
  
  From Gemini's MASSIVE MealMaster collection at www.synapse.com/~gemini
 
</step></directions></recipe></recipeml>
