<?xml version="1.0" encoding="UTF-8"?>

<recipeml version="0.5">
  <recipe>
    <head>
      <title>"Guardian Angel" Torte</title>
      <categories>
        <cat>Cakes</cat>
        <cat>Desserts</cat></categories>
      <yield>10</yield></head>
    <ingredients>
      <ing>
        <amt>
          <qty>1</qty>
          <unit>package</unit></amt>
        <item>Chocolate pudding mix</item></ing>
      <ing>
        <amt>
          <qty>1</qty>
          <unit>cup</unit></amt>
        <item>Milk</item></ing>
      <ing>
        <amt>
          <qty>1/2</qty>
          <unit>cups</unit></amt>
        <item>Sour cream</item></ing>
      <ing>
        <amt>
          <qty>1</qty>
          <unit/></amt>
        <item>Angel food cake;, (9 or 10-inch cake)</item></ing>
      <ing>
        <amt>
          <qty>1</qty>
          <unit>cup</unit></amt>
        <item>Heavy cream</item></ing>
      <ing>
        <amt>
          <qty>3</qty>
          <unit>tablespoons</unit></amt>
        <item>Confectioners' sugar</item></ing>
      <ing>
        <amt>
          <qty/>
          <unit/></amt>
        <item>Shaved chocolate</item></ing></ingredients>
    <directions>
      <step>  Combine pudding mix and milk; cok until mixture boils. Cool slightly; stir
  in sour cream. Chill thoroughly. Split cake in 2 or 3 layers. Spread
  chocolate mixture between layers. Cover top and sides of cake with whipped
  cream, sweetened with condectioners sugar. Garnish with shaved chocolate.
  Serves 10. Posted by Ethel Snyder &lt;essie49@juno.com&gt; Date: August 08, 1997
  
  Recipe by: Home Cooking magazine -- August 1997 Posted to MC-Recipe Digest
  V1 #734 by essie49@juno.com (Ethel R Snyder) on Aug 10, 1997
 
</step></directions></recipe></recipeml>
