<?xml version="1.0" encoding="UTF-8"?>

<recipeml version="0.5">
  <recipe>
    <head>
      <title>"Hot" Barbecued Chicken Wings</title>
      <categories>
        <cat>Poultry</cat>
        <cat>Grilled</cat></categories>
      <yield>24</yield></head>
    <ingredients>
      <ing>
        <amt>
          <qty>12</qty>
          <unit/></amt>
        <item>Chicken wings</item></ing>
      <ing>
        <amt>
          <qty>1/2</qty>
          <unit>cups</unit></amt>
        <item>Flour</item></ing>
      <ing>
        <amt>
          <qty>1/2</qty>
          <unit>teaspoons</unit></amt>
        <item>Chili powder</item></ing>
      <ing>
        <amt>
          <qty>1/3</qty>
          <unit>cups</unit></amt>
        <item>Cooking oil</item></ing>
      <ing>
        <amt>
          <qty>1/2</qty>
          <unit>cups</unit></amt>
        <item>Lea &amp; Perrins Barbecue Sauce</item></ing>
      <ing>
        <amt>
          <qty>1/2</qty>
          <unit>teaspoons</unit></amt>
        <item>Hot pepper sauce</item></ing></ingredients>
    <directions>
      <step>  Remove wing tips and cut wings in half. Dust in a mixture of flour and
  chili powder and fry in hot oil, 8-10 minutes on each side, until golden
  brown. Drain on paper towels. Heat together the Lea &amp; Perrins Barbecue
  Sauce and hot pepper sauce. Add the cooked chicken wings and simmer for a
  few minutes.
  Posted to EAT-L Digest  by P&amp;S Gruenwald &lt;sitm@NE.INFI.NET&gt; on Apr 9, 1998
 
</step></directions></recipe></recipeml>
