<?xml version="1.0" encoding="UTF-8"?>

<recipeml version="0.5">
  <recipe>
    <head>
      <title>"Houston's" Honey Mustard Dressing</title>
      <categories>
        <cat>Salads</cat>
        <cat>Dressings</cat></categories>
      <yield>1</yield></head>
    <ingredients>
      <ing>
        <amt>
          <qty>1</qty>
          <unit>cup</unit></amt>
        <item>Olive oil</item></ing>
      <ing>
        <amt>
          <qty>1/4</qty>
          <unit>cups</unit></amt>
        <item>Cider vinegar</item></ing>
      <ing>
        <amt>
          <qty>1 1/8</qty>
          <unit>cups</unit></amt>
        <item>Honey</item></ing>
      <ing>
        <amt>
          <qty>1/2</qty>
          <unit/></amt>
        <item>Jar Dijon mustard</item></ing>
      <ing>
        <amt>
          <qty>1</qty>
          <unit>dash</unit></amt>
        <item>Garlic salt (generous)</item></ing>
      <ing>
        <amt>
          <qty>3/4</qty>
          <unit>cups</unit></amt>
        <item>Mayonnaise</item></ing></ingredients>
    <directions>
      <step>  Mix all ingredients together with wire whisk until mayo can't be seen.
  Refrigerate several hours.
  
  Great also as a dip with chicken fingers and as a spread on ham or turkey
  club sandwiches.
  
  FROM:    BARBARA WINEMILLER   (HDJF80A)
  
  From Gemini's MASSIVE MealMaster collection at www.synapse.com/~gemini
 
</step></directions></recipe></recipeml>
