<?xml version="1.0" encoding="UTF-8"?>

<recipeml version="0.5">
  <recipe>
    <head>
      <title>"Ketch" a Clam Dip</title>
      <categories>
        <cat>Appetizers</cat>
        <cat>Dips</cat></categories>
      <yield>8</yield></head>
    <ingredients>
      <ing>
        <amt>
          <qty>1/3</qty>
          <unit>cups</unit></amt>
        <item>Heinz® tomato ketchup</item></ing>
      <ing>
        <amt>
          <qty>1</qty>
          <unit>package</unit></amt>
        <item>(8 oz) cream cheese; softened</item></ing>
      <ing>
        <amt>
          <qty>1</qty>
          <unit>teaspoon</unit></amt>
        <item>Fresh lemon juice</item></ing>
      <ing>
        <amt>
          <qty>1/8</qty>
          <unit>teaspoons</unit></amt>
        <item>Garlic powder</item></ing>
      <ing>
        <amt>
          <qty>1</qty>
          <unit>can</unit></amt>
        <item>(6.5 oz) minced clams; drained</item></ing></ingredients>
    <directions>
      <step>  Blend ketchup gradually into cream cheese. Add lemon juice, garlic powder
  and clams. Cover and chill. Makes about 1 1/2 cups.
  
  Recipe by: More Favorite Brand Name Recipes Cookbook
  
  Posted to MC-Recipe Digest V1 #888 by "Crane Walden &lt;cranew@foothill.net&gt;"
  &lt;cranew@foothill.net&gt; on Nov 7, 1997
 
</step></directions></recipe></recipeml>
