<?xml version="1.0" encoding="UTF-8"?>

<recipeml version="0.5">
  <recipe>
    <head>
      <title>"Knatten"S Wormwood Rice Wine for Cooking</title>
      <categories>
        <cat>Beverages</cat></categories>
      <yield>22</yield></head>
    <ingredients>
      <ing>
        <amt>
          <qty>4 7/16</qty>
          <unit>pounds</unit></amt>
        <item>Rice</item></ing>
      <ing>
        <amt>
          <qty>4 7/16</qty>
          <unit>pounds</unit></amt>
        <item>Raisins</item></ing>
      <ing>
        <amt>
          <qty>11</qty>
          <unit>pounds</unit></amt>
        <item>Sugar</item></ing>
      <ing>
        <amt>
          <qty>4 1/4</qty>
          <unit>ounces</unit></amt>
        <item>Yeast (baking)</item></ing>
      <ing>
        <amt>
          <qty>38</qty>
          <unit>pints</unit></amt>
        <item>Boiled water</item></ing>
      <ing>
        <amt>
          <qty>1</qty>
          <unit/></amt>
        <item>Wormwood</item></ing></ingredients>
    <directions>
      <step>  Put rice and water directly into the container. Scald the raisins before
  adding them as they contain wild yeast. Stir the yeast in some lukewarm
  water and add to the container together with the boiled water which is now
  also lukewarm. A bag made of cheese cloth (or equivalent) measuring
  10"*16" filled with dried wormwood (Artemisia absinthium) and a stone is
  placed at the bottom of the container. Stir as frequently as possible for
  the next 8 days. Then leave for 2-3 months before bottling.
  This wine is very dry and perfect for cooking (use instead of white wine
  or sherry).
  Posted to MM-Recipes Digest V3 #228
  
  Date: Thu, 22 Aug 1996 11:43:47 +-200
  
  From: "M. Ohms" &lt;mohms@post3.tele.dk&gt;
 
</step></directions></recipe></recipeml>
