<?xml version="1.0" encoding="UTF-8"?>

<recipeml version="0.5">
  <recipe>
    <head>
      <title>Bang Bang Chicken</title>
      <categories>
        <cat>Poultry</cat></categories>
      <yield>6</yield></head>
    <ingredients>
      <ing-div>
        <title/>
        <ing>
          <amt>
            <qty>4</qty>
            <unit/></amt>
          <item>Boned and skinned chicken breasts</item></ing>
        <ing>
          <amt>
            <qty>1</qty>
            <unit>pint</unit></amt>
          <item>Chicken stock</item></ing>
        <ing>
          <amt>
            <qty>1</qty>
            <unit/></amt>
          <item>Carrot</item></ing>
        <ing>
          <amt>
            <qty>2</qty>
            <unit/></amt>
          <item>Spring onions</item></ing>
        <ing>
          <amt>
            <qty>1/4</qty>
            <unit/></amt>
          <item>Cucumber</item></ing>
        <ing>
          <amt>
            <qty>2</qty>
            <unit>tablespoons</unit></amt>
          <item>Sesame seeds; lightly</item></ing></ing-div>
      <ing-div>
        <title>FOR THE SAUCE</title>
        <ing>
          <amt>
            <qty>6</qty>
            <unit>ounces</unit></amt>
          <item>Smooth peanut butter</item></ing>
        <ing>
          <amt>
            <qty>2</qty>
            <unit>teaspoons</unit></amt>
          <item>Chilli sauce</item></ing>
        <ing>
          <amt>
            <qty>2</qty>
            <unit>teaspoons</unit></amt>
          <item>Brown sugar</item></ing>
        <ing>
          <amt>
            <qty>2</qty>
            <unit>tablespoons</unit></amt>
          <item>Sesame oil</item></ing>
        <ing>
          <amt>
            <qty>2</qty>
            <unit>tablespoons</unit></amt>
          <item>Vegetable oil</item></ing>
        <ing>
          <amt>
            <qty>From:</qty>
            <unit/></amt>
          <item>erika metzieder &lt;100627.3022@COMPUSERVE.COM&gt;</item></ing>
        <ing>
          <amt>
            <qty>Date:</qty>
            <unit/></amt>
          <item>Wed, 10 Jul 1996 13:07:29 EDT</item></ing></ing-div></ingredients>
    <directions>
      <step>  Recipe By: MARK HIX, LE CAPRICE, LONDON, ENGLAND
  
  To make the sauce, put the peanut butter into a bowl and place over boiling
  water for 10 minutes to soften. Remove from the heat and whisk in the
  chilli sauce and sugar. Gradually, add both the oils until the sauce is the
  right consistency for pouring - depending on the peanut butter, you may not
  need all the oil.
  
  Poach the chicken breasts for about 10 minutes (until cooked through) in
  the stock, then drain and cool. Then cut into 1 inch shreds and put to one
  side.
  
  Peel the carrot and cut into shreds, also about 1 inch long, then cut the
  spring onions to the same size, using the green and the white. Cut the
  cucumber into 1 inch lengths, leaving the skin on. Thinly slice lengthways
  and cut into matchstick shapes, discarding the seeds. Arrange the
  vegetables on a serving dish and pile the chicken on top. Then pour the
  sauce generously over the chicken and sprinkle with toasted sesame seeds.
  
  NOTES : Published in Sainsbury's The Magazine April 1996
  
  EAT-L Digest  9 July 96
  
  From the EAT-L recipe list.  Downloaded from Glen's MM Recipe Archive,
  http://www.erols.com/hosey.
 
</step></directions></recipe></recipeml>
