<?xml version="1.0" encoding="UTF-8"?>

<recipeml version="0.5">
  <recipe>
    <head>
      <title>Bang Band Chicken</title>
      <categories>
        <cat>Poultry</cat></categories>
      <yield>4</yield></head>
    <ingredients>
      <ing>
        <amt>
          <qty>1</qty>
          <unit>tablespoon</unit></amt>
        <item>Finely chopped fresh ginger</item></ing>
      <ing>
        <amt>
          <qty>3</qty>
          <unit>pounds</unit></amt>
        <item>Chicken</item></ing>
      <ing>
        <amt>
          <qty/>
          <unit/></amt>
        <item>Salt and freshly ground pepper</item></ing>
      <ing>
        <amt>
          <qty>4</qty>
          <unit>tablespoons</unit></amt>
        <item>Soy sauce</item></ing>
      <ing>
        <amt>
          <qty>3</qty>
          <unit/></amt>
        <item>Carrots; peeled, very thinly sliced</item></ing>
      <ing>
        <amt>
          <qty>1 1/4</qty>
          <unit>pounds</unit></amt>
        <item>Beansprouts</item></ing>
      <ing>
        <amt>
          <qty>4</qty>
          <unit>tablespoons</unit></amt>
        <item>Vegetable oil</item></ing>
      <ing>
        <amt>
          <qty>2</qty>
          <unit>tablespoons</unit></amt>
        <item>Sesame oil</item></ing>
      <ing>
        <amt>
          <qty>2</qty>
          <unit>tablespoons</unit></amt>
        <item>Sesame seeds</item></ing>
      <ing>
        <amt>
          <qty>2</qty>
          <unit>teaspoons</unit></amt>
        <item>Crushed dried red chilies</item></ing>
      <ing>
        <amt>
          <qty>1</qty>
          <unit>teaspoon</unit></amt>
        <item>Dark brown sugar</item></ing>
      <ing>
        <amt>
          <qty>3</qty>
          <unit>tablespoons</unit></amt>
        <item>Dry sherry</item></ing>
      <ing>
        <amt>
          <qty/>
          <unit/></amt>
        <item>Lettuce; to serve</item></ing>
      <ing>
        <amt>
          <qty/>
          <unit/></amt>
        <item>Scallion tassels; to garnish</item></ing></ingredients>
    <directions>
      <step>  1. Put the ginger inside the cavity of the chicken, then rub the outside of
  the bird with salt and pepper. Place the bird in a large saucepan and
  sprinkle over half of the soy sauce. Leave to stand for 30 minutes.
  
  2. Pour enough water into the pan to just cover the chicken. Bring to the
  boil, then lower the heat, cover and simmer for about 1 hour until the
  chicken is tender. Leave to cool in the cooking liquid, then remove.
  
  3. Separate the legs and wings from the carcass, then cut the carcass into
  fours. Bang the pieces several times with a rolling pin to loosen the meat
  from the bones.
  
  4. Cut the meat into neat slices (not too small) or strips. Discard the
  bones and skin. Combine with carrots and beansprouts.
  
  5. Heat the oils in a heavy-based pan, add the sesame seeds and chilies,
  and fy over brisk heat for a few minutes, stirring until lightly colored.
  Remove from the heat and stir in the remaining soy sauce with the sugar and
  sherry.
  
  6. Pour over the chicken and vegetables, cover and marinate in the
  refrigerator overnight.
  
  7. To serve, put the chicken and vegetables into a shallow serving dish,
  lined with lettuce leaves. Pour over any remaining marinade and garnish
  with scallion tassels. Serve cold.
  
  Recipe by: Unknown Cookbook
  
  Posted to MC-Recipe Digest V1 #995 by L979 &lt;L979@aol.com&gt; on Jan 8, 1998
 
</step></directions></recipe></recipeml>
