<?xml version="1.0" encoding="UTF-8"?>

<recipeml version="0.5">
  <recipe>
    <head>
      <title>Bang Bang Chicken (Szechuan Chicken Salad)</title>
      <categories>
        <cat>None</cat></categories>
      <yield>4</yield></head>
    <ingredients>
      <ing-div>
        <title/>
        <ing>
          <amt>
            <qty>275</qty>
            <unit>grams</unit></amt>
          <item>Boneless, skinless chicken breast</item></ing>
        <ing>
          <amt>
            <qty>1</qty>
            <unit/></amt>
          <item>Lettuce heart</item></ing></ing-div>
      <ing-div>
        <title>SAUCE</title>
        <ing>
          <amt>
            <qty>1</qty>
            <unit>tablespoon</unit></amt>
          <item>Sesame paste (tahini) or Subst 1 Tbsp creamy peanut butter mixed with:</item></ing>
        <ing>
          <amt>
            <qty>1</qty>
            <unit>teaspoon</unit></amt>
          <item>Sesame seed oil</item></ing>
        <ing>
          <amt>
            <qty>1</qty>
            <unit>tablespoon</unit></amt>
          <item>Light soy sauce</item></ing>
        <ing>
          <amt>
            <qty>1</qty>
            <unit>tablespoon</unit></amt>
          <item>Vinegar</item></ing>
        <ing>
          <amt>
            <qty>2</qty>
            <unit>teaspoons</unit></amt>
          <item>Chilli sauce</item></ing>
        <ing>
          <amt>
            <qty>1</qty>
            <unit>teaspoon</unit></amt>
          <item>Sugar</item></ing></ing-div></ingredients>
    <directions>
      <step>  (Recipe from: Taste of the Orient, Ed. Jeni Wright)
  
  Put the chicken in a saucepan and cover with cold water. Bring to the boil,
  then reduce the heat and simmer gently for 10 mins. Remove chicken from the
  pan, reserving the liquid. Beat the chicken with a rolling pin until soft,
  then pull the meat into shreds with your hands. Leave to cool.
  
  Cut the lettuce leaves into shreds and place on a serving dish. Arrange the
  chicken shreds on top.
  
  Mix the sauce ingredients with a few tablespoons of the reserved cooking
  liquid.* Pour evenly over the chicken. Toss the ingedients just before
  serving, or at the table.
  
  * I would let the chicken stock continue to simmer and reduce, then use the
  concentrated stock.
  
  Posted to EAT-L Digest 10 Sep 96
  
  From:    Serene Ong &lt;sereneo@INFO.BISHKEK.SU&gt;
  
  Date:    Wed, 11 Sep 1996 16:11:39 +0700
 
</step></directions></recipe></recipeml>
