<?xml version="1.0" encoding="UTF-8"?>

<recipeml version="0.5">
  <recipe>
    <head>
      <title>Bangor Tomato Devil's Food Cake with Classic Boiled Icing</title>
      <categories>
        <cat>Desserts</cat></categories>
      <yield>8</yield></head>
    <ingredients>
      <ing-div>
        <title>CAKE</title>
        <ing>
          <amt>
            <qty>4</qty>
            <unit>ounces</unit></amt>
          <item>Sweet chocolate</item></ing>
        <ing>
          <amt>
            <qty>1/2</qty>
            <unit>cups</unit></amt>
          <item>Milk</item></ing>
        <ing>
          <amt>
            <qty>1</qty>
            <unit>cup</unit></amt>
          <item>Brown sugar, dark;packed</item></ing>
        <ing>
          <amt>
            <qty>3</qty>
            <unit/></amt>
          <item>Egg yolks, large</item></ing>
        <ing>
          <amt>
            <qty>2</qty>
            <unit>cups</unit></amt>
          <item>Cake flour;sifted</item></ing>
        <ing>
          <amt>
            <qty>1</qty>
            <unit>teaspoon</unit></amt>
          <item>Baking powder Salt</item></ing>
        <ing>
          <amt>
            <qty>1/2</qty>
            <unit>cups</unit></amt>
          <item>Butter</item></ing>
        <ing>
          <amt>
            <qty>1</qty>
            <unit>cup</unit></amt>
          <item>Sugar</item></ing>
        <ing>
          <amt>
            <qty>1</qty>
            <unit>can</unit></amt>
          <item>Tomato sauce; 8 oz</item></ing>
        <ing>
          <amt>
            <qty>1</qty>
            <unit>tablespoon</unit></amt>
          <item>Heavy cream</item></ing>
        <ing>
          <amt>
            <qty>1</qty>
            <unit>teaspoon</unit></amt>
          <item>Vanilla</item></ing>
        <ing>
          <amt>
            <qty>2</qty>
            <unit/></amt>
          <item>Egg whites, large</item></ing></ing-div>
      <ing-div>
        <title>FROSTING</title>
        <ing>
          <amt>
            <qty>1/3</qty>
            <unit>cups</unit></amt>
          <item>Light corn syrup</item></ing>
        <ing>
          <amt>
            <qty>2 1/2</qty>
            <unit>cups</unit></amt>
          <item>Sugar</item></ing>
        <ing>
          <amt>
            <qty>2</qty>
            <unit/></amt>
          <item>Egg whites, large Salt</item></ing>
        <ing>
          <amt>
            <qty>1</qty>
            <unit>teaspoon</unit></amt>
          <item>Orange juice</item></ing>
        <ing>
          <amt>
            <qty>1 1/2</qty>
            <unit>teaspoons</unit></amt>
          <item>Vanilla</item></ing></ing-div></ingredients>
    <directions>
      <step>     Preheat the oven to 350F. Grease and flour two 9 inch cake pans.
     To make the cakes: Combine chocolate, milk, brown sugar and 1 egg yolk
  in the top of the double boiler. Cook, stirring constantly, over hot water
  until smooth. Remove from heat.
      Sift the flour with the baking soda and salt into a medium bowl.
      Beat the butter in the large bowl of an electric mixer until light.
  Slowly beat in the sugar until light and fluffy. Add the two remaining egg
  yolks, one at a time, beating thoroughly after each addition. Slowly add
  the chocolate mixture.
      Combine the tomato sauce, cream and vanilla in a small bowl. Add to the
  batter in thirds, alternating with thirds of the flour mixture.
      Beat the egg whites until stiff; fold into the batter.
      Pour the batter into prepared pans. Bake until a toothpick inserted in
  the centre comes out clean, about 25 minutes. Cool on a wire rack before
  unmolding.
      FROSTING: Combine water, corn syrup and sugar in a medium saucepan.
  Heat to boiling; boil until the mixture thickens and forms a ball when a
  small spoonful is dropped into cold water (about 240F on a candy
  thermometer).
      Beat the egg whites in a large bowl of the electric mixer until stiff.
  Slowly beat in the hot syrup. Combine to beat until spreading consistency.
  Beat in orange juice and vanilla. Spread over bottom layer, the sides and
  tops of cake. SERVES 8-10
  
  SOURCE:_As American as Apple Pie_
  
  File ftp://ftp.idiscover.co.uk/pub/food/mealmaster/recipes/mmdjaxxx.zip
 
</step></directions></recipe></recipeml>
