<?xml version="1.0" encoding="UTF-8"?>

<recipeml version="0.5">
  <recipe>
    <head>
      <title>Banh Pho Bo (Beef Noodle Soup)</title>
      <categories>
        <cat>Soups</cat>
        <cat>Meats</cat></categories>
      <yield>6</yield></head>
    <ingredients>
      <ing>
        <amt>
          <qty>3</qty>
          <unit>large</unit></amt>
        <item>Onion</item></ing>
      <ing>
        <amt>
          <qty>1</qty>
          <unit>tablespoon</unit></amt>
        <item>Peanut oil</item></ing>
      <ing>
        <amt>
          <qty>5</qty>
          <unit>pounds</unit></amt>
        <item>Beef &amp; chicken bones, meaty; combination</item></ing>
      <ing>
        <amt>
          <qty>4</qty>
          <unit/></amt>
        <item>Ginger slice; julienned</item></ing>
      <ing>
        <amt>
          <qty>2</qty>
          <unit/></amt>
        <item>Carrot; julienned</item></ing>
      <ing>
        <amt>
          <qty>1</qty>
          <unit>small</unit></amt>
        <item>Cinnamon stick</item></ing>
      <ing>
        <amt>
          <qty>1</qty>
          <unit/></amt>
        <item>Star anise</item></ing>
      <ing>
        <amt>
          <qty>2</qty>
          <unit/></amt>
        <item>Cloves, whole</item></ing>
      <ing>
        <amt>
          <qty>1</qty>
          <unit>teaspoon</unit></amt>
        <item>Peppercorn, black; whole</item></ing>
      <ing>
        <amt>
          <qty>2</qty>
          <unit/></amt>
        <item>Garlic clove; smashed</item></ing>
      <ing>
        <amt>
          <qty>1/2</qty>
          <unit>pounds</unit></amt>
        <item>Fresh bean sprouts</item></ing>
      <ing>
        <amt>
          <qty>1/2</qty>
          <unit>pounds</unit></amt>
        <item>Beef sirloin; sliced very thin across grain, bitesize</item></ing>
      <ing>
        <amt>
          <qty>1</qty>
          <unit/></amt>
        <item>Scallion; finely sliced</item></ing>
      <ing>
        <amt>
          <qty>1/4</qty>
          <unit>cups</unit></amt>
        <item>Cilantro; chopped</item></ing>
      <ing>
        <amt>
          <qty>4</qty>
          <unit/></amt>
        <item>Chiles serranos; sliced (wimps only devein them)</item></ing>
      <ing>
        <amt>
          <qty>2</qty>
          <unit/></amt>
        <item>Lime; cut into wedges</item></ing>
      <ing>
        <amt>
          <qty>8</qty>
          <unit>ounces</unit></amt>
        <item>Rice sticks, soaked in hot</item></ing>
      <ing>
        <amt>
          <qty/>
          <unit/></amt>
        <item>;water for 30 minutes</item></ing>
      <ing>
        <amt>
          <qty/>
          <unit/></amt>
        <item>;drained</item></ing>
      <ing>
        <amt>
          <qty>3</qty>
          <unit>tablespoons</unit></amt>
        <item>Nuoc mam</item></ing>
      <ing>
        <amt>
          <qty/>
          <unit/></amt>
        <item>Fresh black pepper to taste</item></ing></ingredients>
    <directions>
      <step>  Slice 2 of the onions into 1/4 inch slices. Heat 1 Tbsp oil in a frying
  pan. Add the sliced onion, and cook, stirring, until the outside has
  browned. Remove and drain. Slice the remaining onion into paper-thin slices
  and set aside.
  
  Rinse the bones and place in a stockpot. Cover with cold water. Bring
  slowly to a boil. Reduce heat and simmer, uncovered. For a clear broth skim
  off foam. After 10 - 15 minutes, add browned onion and ginger, carrots,
  cinnamon, cardamom, star anise, cloves, garlic and peppercorns. Bring to a
  boil. Simmer the stock, partially covered for 6 to 12 hours, skimming
  regularly. If necessary add more water to keep the bones covered. Strain
  the stock, skim off, and discard any fat.
  
  At serving time, arrange the sliced beef on a platter. Garnish with
  reserved white and green onion. On another platter, arrange the bean
  sprouts, coriander, chiles and limes. Meanwhile, plunge the rice sticks in
  boiling water to heat. Drain. Place equal portions in each soup bowl. Cover
  to keep warm. Heat beef stock to boiling. Season with fish sauce and
  pepper. Pour into a soup tureen or chafing dish. At the table, place the
  soup on a portable warmer to keep hot. Offer each guest a bowl of warm rice
  noodles. Each diner adds some beef and onion to a bowl. Ladle the hot stock
  over the meat, stirring to cook the meat. Add the bean sprouts, coriander,
  chiles, and lime to taste. Enjoy with chopsticks and a soup spoon.
  
  Optional: pass fresh basil leaves, coriander, additional chilies, fish
  sauce and ground peanuts at the table.
  
                       From: kpatrucco@aol.com (KPatrucco)
  
  From Gemini's MASSIVE MealMaster collection at www.synapse.com/~gemini
 
</step></directions></recipe></recipeml>
