<?xml version="1.0" encoding="UTF-8"?>

<recipeml version="0.5">
  <recipe>
    <head>
      <title>Banny's Southern Cream Cookies</title>
      <categories>
        <cat>Cookies</cat></categories>
      <yield>72</yield></head>
    <ingredients>
      <ing>
        <amt>
          <qty>1</qty>
          <unit>cup</unit></amt>
        <item>Shortening</item></ing>
      <ing>
        <amt>
          <qty>2</qty>
          <unit>cups</unit></amt>
        <item>Sugar</item></ing>
      <ing>
        <amt>
          <qty>3</qty>
          <unit/></amt>
        <item>Eggs, beaten</item></ing>
      <ing>
        <amt>
          <qty>1</qty>
          <unit>tablespoon</unit></amt>
        <item>Vanilla</item></ing>
      <ing>
        <amt>
          <qty>1</qty>
          <unit>cup</unit></amt>
        <item>Sour cream</item></ing>
      <ing>
        <amt>
          <qty>5</qty>
          <unit>cups</unit></amt>
        <item>Flour</item></ing>
      <ing>
        <amt>
          <qty>1</qty>
          <unit>tablespoon</unit></amt>
        <item>Salt</item></ing>
      <ing>
        <amt>
          <qty>3</qty>
          <unit>teaspoons</unit></amt>
        <item>Baking powder</item></ing>
      <ing>
        <amt>
          <qty>1/2</qty>
          <unit>teaspoons</unit></amt>
        <item>Baking soda</item></ing>
      <ing>
        <amt>
          <qty>1 1/2</qty>
          <unit>cups</unit></amt>
        <item>Black walnuts, chopped</item></ing>
      <ing>
        <amt>
          <qty>3</qty>
          <unit>tablespoons</unit></amt>
        <item>Sugar</item></ing>
      <ing>
        <amt>
          <qty>1</qty>
          <unit>tablespoon</unit></amt>
        <item>Cinnamon</item></ing></ingredients>
    <directions>
      <step>  Cream together the shortening and sugar. Add the eggs, vanilla and sour
  cream; mix well. Stir in the flour, salt, baking powder and baking soda to
  make a stiff dough. Add chopped nuts. Drop by teaspoonsful onto greased
  cookie sheet. Mix 3 tablespoons sugar and 1 teaspoon cinnamon in a saucer.
  Grease the bottom of a jelly glass. Dip into the cinnamon/sugar and gently
  press the cookies to flatten the balls of dough. Bake at 350F for 10 to 15
  minutes or until centers are done. These cookies travel and freeze well.
  
  Recipe By : "Gooseberry Patch" Old-Fashioned Country Cookies
  
  From: Dianar
  
  Posted to TNT - Prodigy's Recipe Exchange Newsletter  by Sherilyn Schamber
  &lt;sherschm@concentric.net&gt; on Jul 09, 1997
 
</step></directions></recipe></recipeml>
