<?xml version="1.0" encoding="UTF-8"?>

<recipeml version="0.5">
  <recipe>
    <head>
      <title>Bannana Carrot Juice</title>
      <categories>
        <cat>None</cat></categories>
      <yield>1</yield></head>
    <ingredients>
      <ing>
        <amt>
          <qty>2</qty>
          <unit/></amt>
        <item>Apples</item></ing>
      <ing>
        <amt>
          <qty>4</qty>
          <unit/></amt>
        <item>Big carrots</item></ing>
      <ing>
        <amt>
          <qty>1</qty>
          <unit/></amt>
        <item>Ripe bannana</item></ing></ingredients>
    <directions>
      <step>  Throw all these in the macine and juice away. Sounds weird, tastes good.
  Posted to fatfree digest V97 #215 by laurab@dynamite.com.au (Laura Barwick)
  on Sep 20, 1997
 
</step></directions></recipe></recipeml>
