<?xml version="1.0" encoding="UTF-8"?>

<recipeml version="0.5">
  <recipe>
    <head>
      <title>Bannock</title>
      <categories>
        <cat>Breads</cat></categories>
      <yield>6</yield></head>
    <ingredients>
      <ing>
        <amt>
          <qty>1</qty>
          <unit>cup</unit></amt>
        <item>Whole wheat flour</item></ing>
      <ing>
        <amt>
          <qty>1/2</qty>
          <unit>cups</unit></amt>
        <item>All purpose flour</item></ing>
      <ing>
        <amt>
          <qty>1/2</qty>
          <unit>cups</unit></amt>
        <item>Rolled oats</item></ing>
      <ing>
        <amt>
          <qty>2</qty>
          <unit>tablespoons</unit></amt>
        <item>Sugar, granulated</item></ing>
      <ing>
        <amt>
          <qty>2</qty>
          <unit>teaspoons</unit></amt>
        <item>Baking powder Salt</item></ing>
      <ing>
        <amt>
          <qty>2</qty>
          <unit>tablespoons</unit></amt>
        <item>Butter, melted</item></ing>
      <ing>
        <amt>
          <qty>1/3</qty>
          <unit>cups</unit></amt>
        <item>Raisins; optional Water; approx,</item></ing></ingredients>
    <directions>
      <step>  For plain bannock, omit rolled oats and increase the all purpose flour to 1
  cup.... Stir together flours, oats, sugar, baking powder and salt. Add
  melted butter, raisins (if using) and water, adding more water if needed to
  make sticky dough. With floured hands, pat into greased pie plate. Bake in
  400F oven for 20 to 25 minutes or until browned and tester comes out clean.
  Cut into wedges. SERVES:6 VARIATIONS: In place of raisins add chopped dried
  apricots or fresh berries.(Blueberries are terrific if one is camping in
  northern Ontario in August.)
  
  From Gemini's MASSIVE MealMaster collection at www.synapse.com/~gemini
 
</step></directions></recipe></recipeml>
