<?xml version="1.0" encoding="UTF-8"?>

<recipeml version="0.5">
  <recipe>
    <head>
      <title>Bannock</title>
      <categories>
        <cat>Diabetic</cat>
        <cat>Breads/bm</cat></categories>
      <yield>12</yield></head>
    <ingredients>
      <ing>
        <amt>
          <qty>2 1/2</qty>
          <unit>cups</unit></amt>
        <item>Flour</item></ing>
      <ing>
        <amt>
          <qty>1/4</qty>
          <unit>teaspoons</unit></amt>
        <item>Salt</item></ing>
      <ing>
        <amt>
          <qty>2</qty>
          <unit>tablespoons</unit></amt>
        <item>Oil</item></ing>
      <ing>
        <amt>
          <qty>1</qty>
          <unit>cup</unit></amt>
        <item>Milk</item></ing>
      <ing>
        <amt>
          <qty>1</qty>
          <unit/></amt>
        <item>Egg</item></ing>
      <ing>
        <amt>
          <qty>2</qty>
          <unit>teaspoons</unit></amt>
        <item>Baking powder</item></ing></ingredients>
    <directions>
      <step>  Mix flour, salt and baking powder in a bowl.  Mix together milk, egg
  and oil and add to flour.  Mix well.  Knead on a floured surface. Pat
  down the dough until it is about 1 inch thick.  Cut into 12 equal
  pieces.
  
  Bake at 400F until brown, approx 15 min OR heat a frying pan, using 3
  tbsp oil to cook the pieces.  Serve hot with jam.
  
  1 bannock baked, 3 g protein, 3 g fat, 17 g carbohydrate, 107
  calories 1 starch choice, 1 fat
  
  1 bannock fried, 3 g protein, 8 g fat, 17 g carbohydrate, 152 calories
  
  Source:  Diabetes Dialogue Spring 1992, Canadian Diabetes Association
  Shared and baked version tested by Elizabeth Rodier July 1993
  
  File ftp://ftp.idiscover.co.uk/pub/food/mealmaster/recipes/diabetic.zip
 
</step></directions></recipe></recipeml>
