<?xml version="1.0" encoding="UTF-8"?>

<recipeml version="0.5">
  <recipe>
    <head>
      <title>Banshee</title>
      <categories>
        <cat>Mixed</cat>
        <cat>Drinks</cat></categories>
      <yield>1</yield></head>
    <ingredients>
      <ing>
        <amt>
          <qty>1/2</qty>
          <unit>ounces</unit></amt>
        <item>Creme de banana</item></ing>
      <ing>
        <amt>
          <qty>1/2</qty>
          <unit>ounces</unit></amt>
        <item>Creme de cacao</item></ing>
      <ing>
        <amt>
          <qty>2</qty>
          <unit>ounces</unit></amt>
        <item>Sweet cream</item></ing>
      <ing>
        <amt>
          <qty/>
          <unit/></amt>
        <item>Crushed ice</item></ing></ingredients>
    <directions>
      <step>  Combine liquid ingredients with crushed ice in a mixing glass. Shake and
  strain into cocktail glass.
  
  Recipe By     : Joe Robertson
  
  From Gemini's MASSIVE MealMaster collection at www.synapse.com/~gemini
 
</step></directions></recipe></recipeml>
