<?xml version="1.0" encoding="UTF-8"?>

<recipeml version="0.5">
  <recipe>
    <head>
      <title>Banzai Peanut Sauce</title>
      <categories>
        <cat>Sauces</cat></categories>
      <yield>1</yield></head>
    <ingredients>
      <ing>
        <amt>
          <qty>2</qty>
          <unit>tablespoons</unit></amt>
        <item>Melted butter or peanut oil</item></ing>
      <ing>
        <amt>
          <qty>3</qty>
          <unit/></amt>
        <item>Jalapeno, serrano or Thai</item></ing>
      <ing>
        <amt>
          <qty/>
          <unit/></amt>
        <item>Peppers, seeded and minced</item></ing>
      <ing>
        <amt>
          <qty>2</qty>
          <unit/></amt>
        <item>Clove garlic, minced</item></ing>
      <ing>
        <amt>
          <qty>1/2</qty>
          <unit>cups</unit></amt>
        <item>Coconut milk</item></ing>
      <ing>
        <amt>
          <qty>2</qty>
          <unit>tablespoons</unit></amt>
        <item>Unsalted smooth peanut butte</item></ing>
      <ing>
        <amt>
          <qty>2</qty>
          <unit>tablespoons</unit></amt>
        <item>Soy sauce</item></ing>
      <ing>
        <amt>
          <qty>1</qty>
          <unit>tablespoon</unit></amt>
        <item>Lime juice</item></ing>
      <ing>
        <amt>
          <qty>2</qty>
          <unit>teaspoons</unit></amt>
        <item>Sesame oil</item></ing>
      <ing>
        <amt>
          <qty>1</qty>
          <unit>teaspoon</unit></amt>
        <item>Honey</item></ing>
      <ing>
        <amt>
          <qty>1</qty>
          <unit>teaspoon</unit></amt>
        <item>Habanero sauce or</item></ing>
      <ing>
        <amt>
          <qty/>
          <unit/></amt>
        <item>Favorite red hot pepper sauc</item></ing></ingredients>
    <directions>
      <step>  In a saucepan, add the melted butter, chili peppers and garlic, and saute
  for 2 to 3 minutes.  Stir in the coconut milk, beanut butter, soy sauce,
  lime juice, sesame oil, honey and habanero sauce, and bring to a simmer.
  Remove from the heat and transfer to a serving bowl. Serve with grilled
  chicken, fish or lamb, or serve as a vegetable dip.
  
  From Gemini's MASSIVE MealMaster collection at www.synapse.com/~gemini
 
</step></directions></recipe></recipeml>
