<?xml version="1.0" encoding="UTF-8"?>

<recipeml version="0.5">
  <recipe>
    <head>
      <title>Baptist Pound Cake</title>
      <categories>
        <cat>Cakes</cat>
        <cat>Pound</cat></categories>
      <yield>10</yield></head>
    <ingredients>
      <ing>
        <amt>
          <qty>3</qty>
          <unit>cups</unit></amt>
        <item>Sugar</item></ing>
      <ing>
        <amt>
          <qty>1</qty>
          <unit/></amt>
        <item>Stick margarine</item></ing>
      <ing>
        <amt>
          <qty>1/2</qty>
          <unit>cups</unit></amt>
        <item>Crisco</item></ing>
      <ing>
        <amt>
          <qty>5</qty>
          <unit/></amt>
        <item>Eggs, rm temp</item></ing>
      <ing>
        <amt>
          <qty/>
          <unit/></amt>
        <item>Pinch of salt</item></ing>
      <ing>
        <amt>
          <qty>1</qty>
          <unit>cup</unit></amt>
        <item>Milk</item></ing>
      <ing>
        <amt>
          <qty>3</qty>
          <unit>cups</unit></amt>
        <item>Plain flour</item></ing>
      <ing>
        <amt>
          <qty>1</qty>
          <unit>teaspoon</unit></amt>
        <item>Canilla</item></ing>
      <ing>
        <amt>
          <qty>1/2</qty>
          <unit>teaspoons</unit></amt>
        <item>Baking powder</item></ing>
      <ing>
        <amt>
          <qty>1</qty>
          <unit>tablespoon</unit></amt>
        <item>Butternut flavoring</item></ing></ingredients>
    <directions>
      <step>  Cream together sugar, butter, and shortening; add eggs, one at a time. Mix
  well after each. Sift flour, baking powder, and salt; add alternately with
  milk and flour to first mixture. Add flavorings. Grease and flour pan.
  Place in cold over. Turn heat to 350F, and bake 1/2 hour. then turn heat to
  325F and bake 40 minutes more. Let stand 5 minutes after taking from oven.
  
  From Gemini's MASSIVE MealMaster collection at www.synapse.com/~gemini
 
</step></directions></recipe></recipeml>
