<?xml version="1.0" encoding="UTF-8"?>

<recipeml version="0.5">
  <recipe>
    <head>
      <title>Baptismal Pot</title>
      <categories>
        <cat>Cyberealm</cat>
        <cat>Meats</cat>
        <cat>Ethnic</cat></categories>
      <yield>4</yield></head>
    <ingredients>
      <ing>
        <amt>
          <qty>4</qty>
          <unit>pounds</unit></amt>
        <item>Veal Neck</item></ing>
      <ing>
        <amt>
          <qty>1 1/2</qty>
          <unit>ounces</unit></amt>
        <item>Crisco</item></ing>
      <ing>
        <amt>
          <qty>2</qty>
          <unit/></amt>
        <item>Beef Marrow Bones</item></ing>
      <ing>
        <amt>
          <qty>1</qty>
          <unit>bunch</unit></amt>
        <item>Soupgreens</item></ing>
      <ing>
        <amt>
          <qty>2</qty>
          <unit/></amt>
        <item>Bay Leaves</item></ing>
      <ing>
        <amt>
          <qty>1</qty>
          <unit>tablespoon</unit></amt>
        <item>Peppercorns, white</item></ing>
      <ing>
        <amt>
          <qty/>
          <unit/></amt>
        <item>Salt to taste</item></ing>
      <ing>
        <amt>
          <qty>2 1/2</qty>
          <unit>ounces</unit></amt>
        <item>Butter</item></ing>
      <ing>
        <amt>
          <qty>2</qty>
          <unit>ounces</unit></amt>
        <item>Flour</item></ing>
      <ing>
        <amt>
          <qty>3 1/2</qty>
          <unit>ounces</unit></amt>
        <item>Raisins</item></ing>
      <ing>
        <amt>
          <qty>2</qty>
          <unit>ounces</unit></amt>
        <item>Capers</item></ing>
      <ing>
        <amt>
          <qty>1</qty>
          <unit/></amt>
        <item>Lemon,juice and rind</item></ing>
      <ing>
        <amt>
          <qty>3</qty>
          <unit>tablespoons</unit></amt>
        <item>Red Wine</item></ing>
      <ing>
        <amt>
          <qty>1/2</qty>
          <unit>cups</unit></amt>
        <item>Whipcream</item></ing>
      <ing>
        <amt>
          <qty>2 1/2</qty>
          <unit>quarts</unit></amt>
        <item>Water</item></ing></ingredients>
    <directions>
      <step>  1. Cut the vealmeat into big cubes and brown in crisco until
     brown all the way around. 2. Pour in the water, bones, the cleaned
  soupgreen and on
     mild heat, simmer, covered for 1 1/2 hour. Take off the foam
     once in a while and cook uncovered the last 30 minutes. 3. Take out meat
  and vegetables and pour broth through a sieve. 4. Heat butter until foamy,
  brown the flour in it and fill
     up with 1 liter broth and stir good. 5. Add raisins and simmer 15
  minutes on low heat. 6. Add the meatcubes and the capers and heat through.
  7. Add lemonjuice and finely ground rind. 8. Mix wine with the whipcream,
  whip until half stiff and fold
     into vealmix right before serving. 9. Serve with parsley potatoes or
  rice.
     By Mrs.H.Rudolph
     Translated by Brigitte Sealing Cyberealm BBS 315-786-1120
  
  File ftp://ftp.idiscover.co.uk/pub/food/mealmaster/recipes/mmdjaxxx.zip
 
</step></directions></recipe></recipeml>
