<?xml version="1.0" encoding="UTF-8"?>

<recipeml version="0.5">
  <recipe>
    <head>
      <title>Baquette Bread</title>
      <categories>
        <cat>Breads</cat>
        <cat>Hand made</cat></categories>
      <yield>1</yield></head>
    <ingredients>
      <ing>
        <amt>
          <qty>2</qty>
          <unit>quarts</unit></amt>
        <item>Warm water</item></ing>
      <ing>
        <amt>
          <qty>2</qty>
          <unit>ounces</unit></amt>
        <item>Sugar</item></ing>
      <ing>
        <amt>
          <qty>2</qty>
          <unit>ounces</unit></amt>
        <item>Salt</item></ing>
      <ing>
        <amt>
          <qty>2</qty>
          <unit>ounces</unit></amt>
        <item>Olive Oil; Or Vegetable Oil</item></ing>
      <ing>
        <amt>
          <qty>8</qty>
          <unit>ounces</unit></amt>
        <item>Active Dry Yeast</item></ing>
      <ing>
        <amt>
          <qty>7</qty>
          <unit>pounds</unit></amt>
        <item>Bread Flour; To 8 Lbs</item></ing></ingredients>
    <directions>
      <step>  Combine all ingredients in a large mixing bowl and  mix together holding
  back on some of the flour until you see that it is needed. Knead dough 5-10
  minutes or until dough is smooth. Cover and let rise until double in size.
  Punch down and form into desired shapes-baquettes,round loaves etc. Bake at
  375*  20-30 minutes depending on loaf size.   By adding fresh chopped herbs
  and some roasted garlic to this dough you can come up with some very
  flavory breads.
  
  &gt;From: BakerBW@aol.com
  From: Bread-Bakers Archives: ftp.best.com/pub/reggie/archives/bread/recipe
 
</step></directions></recipe></recipeml>
