<?xml version="1.0" encoding="UTF-8"?>

<recipeml version="0.5">
  <recipe>
    <head>
      <title>Bar-B-Que Beef Sandwiches C/p</title>
      <categories>
        <cat>Crockpot</cat></categories>
      <yield>6</yield></head>
    <ingredients>
      <ing>
        <amt>
          <qty>3</qty>
          <unit>pounds</unit></amt>
        <item>Chuck roast</item></ing>
      <ing>
        <amt>
          <qty>1</qty>
          <unit>cup</unit></amt>
        <item>Water</item></ing>
      <ing>
        <amt>
          <qty>2</qty>
          <unit/></amt>
        <item>Beef bouillon cubes</item></ing>
      <ing>
        <amt>
          <qty>1</qty>
          <unit>tablespoon</unit></amt>
        <item>Minced onion</item></ing>
      <ing>
        <amt>
          <qty>15</qty>
          <unit>ounces</unit></amt>
        <item>Can tomato sauce</item></ing>
      <ing>
        <amt>
          <qty>1/4</qty>
          <unit>cups</unit></amt>
        <item>Brown sugar</item></ing>
      <ing>
        <amt>
          <qty>1/4</qty>
          <unit>cups</unit></amt>
        <item>Ketchup</item></ing>
      <ing>
        <amt>
          <qty>1/4</qty>
          <unit>cups</unit></amt>
        <item>Mustard</item></ing>
      <ing>
        <amt>
          <qty>1</qty>
          <unit>dash</unit></amt>
        <item>Worcestershire sauce</item></ing></ingredients>
    <directions>
      <step>  Roast meat in oven, along with 1 cup water and bouillon cubes. Shred meat
  with a fork after cooking and retain 1 cup of the juice from cooking. Add
  rest of the ingredients to shredded meat. Put in a crock pot and cook on
  low heat 3 to 4 hours. Serve over hamburger buns or dinner rolls.
  Posted to JEWISH-FOOD digest by Nancy Berry &lt;nlberry@prodigy.net&gt; on May
  12, 1998
 
</step></directions></recipe></recipeml>
