<?xml version="1.0" encoding="UTF-8"?>

<recipeml version="0.5">
  <recipe>
    <head>
      <title>Bar-B-Q Secret Thai Shrimp</title>
      <categories>
        <cat>Seafood</cat>
        <cat>Main dish</cat>
        <cat>Canadian</cat>
        <cat>Bar-b-q</cat></categories>
      <yield>4</yield></head>
    <ingredients>
      <ing>
        <amt>
          <qty>2 3/16</qty>
          <unit>pounds</unit></amt>
        <item>Black Tiger Shrimp, shell on</item></ing>
      <ing>
        <amt>
          <qty/>
          <unit/></amt>
        <item>Spicy Thai Dressing</item></ing></ingredients>
    <directions>
      <step>  Commercial Thai Sauce preparations are available such as "President's
  Choice - Spicy Thai Dressing" (in Canada). In a stainless steel or ceramic
  bowl, marinate the Shell-on Black Tiger Shrimp (rinsed if defrosted) for
  1-1/2 to 2 hours in sufficient Thai sauce to cover. Do not marinate longer
  or shrimp will start to cook in the marinate and take on a rubbery texture.
  Barbecue shrimp in shells over hot coals 3-4 minutes each side. The shells
  keep the meat moist. Serve immediately with a suitable dipping sauce.
  
  From Gemini's MASSIVE MealMaster collection at www.synapse.com/~gemini
 
</step></directions></recipe></recipeml>
