<?xml version="1.0" encoding="UTF-8"?>

<recipeml version="0.5">
  <recipe>
    <head>
      <title>Bar-B-Barn Ribs</title>
      <categories>
        <cat>Pork</cat>
        <cat>Meats</cat>
        <cat>Main dish</cat></categories>
      <yield>2</yield></head>
    <ingredients>
      <ing>
        <amt>
          <qty>2</qty>
          <unit>pounds</unit></amt>
        <item>Pork Ribs</item></ing>
      <ing>
        <amt>
          <qty>1/4</qty>
          <unit>teaspoons</unit></amt>
        <item>Black Pepper</item></ing>
      <ing>
        <amt>
          <qty>1/4</qty>
          <unit>teaspoons</unit></amt>
        <item>Paprika</item></ing>
      <ing>
        <amt>
          <qty>1/4</qty>
          <unit>teaspoons</unit></amt>
        <item>Cinnamon</item></ing>
      <ing>
        <amt>
          <qty>1</qty>
          <unit>cup</unit></amt>
        <item>Brown Sugar</item></ing>
      <ing>
        <amt>
          <qty>1/2</qty>
          <unit>cups</unit></amt>
        <item>Apple Sauce</item></ing>
      <ing>
        <amt>
          <qty>1/4</qty>
          <unit>cups</unit></amt>
        <item>Ketchup</item></ing>
      <ing>
        <amt>
          <qty>3</qty>
          <unit>tablespoons</unit></amt>
        <item>Lemon Juice</item></ing></ingredients>
    <directions>
      <step>  Place ribs in a pan (not stacked). Pour the sauce (very thick) over the
  ribs. Put tin foil over the pan. Marinate ribs for 24 hours flipping once
  in a while to make sure all the ribs are marinated. Then take right from
  the fridge and bake 1 1/2 hours at 300F leaving the foil on.
  
  From Gemini's MASSIVE MealMaster collection at www.synapse.com/~gemini
 
</step></directions></recipe></recipeml>
