<?xml version="1.0" encoding="UTF-8"?>

<recipeml version="0.5">
  <recipe>
    <head>
      <title>Bar-B-Q Beans and Little Smokies</title>
      <categories>
        <cat>Crock pot</cat>
        <cat>Side dishes</cat></categories>
      <yield>6</yield></head>
    <ingredients>
      <ing>
        <amt>
          <qty>1</qty>
          <unit>pound</unit></amt>
        <item>Kidney beans; dry</item></ing>
      <ing>
        <amt>
          <qty>32</qty>
          <unit>ounces</unit></amt>
        <item>Barbecue sauce</item></ing>
      <ing>
        <amt>
          <qty>1</qty>
          <unit>pound</unit></amt>
        <item>Little smokies</item></ing></ingredients>
    <directions>
      <step>  Place beans in crockpot the night before you plan on making chili. Cover
  with water. DO NOT add salt or anything else at this point. Cook on low
  over night (8 - 10 hours). Drain. AFTER the beans are SOFT, add b-b-q sauce
  and little smokies and cook on low 5 to 6 hours.
  
  Recipe by: me
  
  Posted to TNT Recipes Digest by Karin &lt;iluv2cook@prodigy.net&gt; on Feb 21,
  1998
 
</step></directions></recipe></recipeml>
