<?xml version="1.0" encoding="UTF-8"?>

<recipeml version="0.5">
  <recipe>
    <head>
      <title>Bar-B-Que Beef Spoonovers</title>
      <categories>
        <cat/></categories>
      <yield>4</yield></head>
    <ingredients>
      <ing>
        <amt>
          <qty>1</qty>
          <unit>pound</unit></amt>
        <item>Lean ground beef</item></ing>
      <ing>
        <amt>
          <qty>1/2</qty>
          <unit>cups</unit></amt>
        <item>Chopped onion</item></ing>
      <ing>
        <amt>
          <qty>1/2</qty>
          <unit>cups</unit></amt>
        <item>Chopped green bell pepper</item></ing>
      <ing>
        <amt>
          <qty>1</qty>
          <unit>cup</unit></amt>
        <item>Tomato sauce; or catsup</item></ing>
      <ing>
        <amt>
          <qty>1</qty>
          <unit>tablespoon</unit></amt>
        <item>Worcestershire sauce</item></ing>
      <ing>
        <amt>
          <qty>1</qty>
          <unit>teaspoon</unit></amt>
        <item>Salt; or to taste</item></ing>
      <ing>
        <amt>
          <qty>1/4</qty>
          <unit>teaspoons</unit></amt>
        <item>Pepper; or to taste</item></ing>
      <ing>
        <amt>
          <qty>4</qty>
          <unit/></amt>
        <item>Hamburger buns</item></ing></ingredients>
    <directions>
      <step>  Saute ground beef with onion and green pepper until lightly browned. Drain
  off excess fat.  Add all remaining ingredients.  Mix well and simmer for 15
  minutes.  Spoon onto hamburger buns.
  Posted to EAT-L Digest 07 Aug 96
  
  Date:    Thu, 8 Aug 1996 16:20:23 -0600
  
  From:    Ilene Warfield &lt;ilenewar@STARNETINC.COM&gt;
  NOTES : A basic sloppy-joe type sandwich.
 
</step></directions></recipe></recipeml>
