<?xml version="1.0" encoding="UTF-8"?>

<recipeml version="0.5">
  <recipe>
    <head>
      <title>Bar-B-Que?</title>
      <categories>
        <cat>None</cat></categories>
      <yield>1</yield></head>
    <ingredients>
      <ing>
        <amt>
          <qty>1</qty>
          <unit>cup</unit></amt>
        <item>Onion -- chopped</item></ing>
      <ing>
        <amt>
          <qty>1/4</qty>
          <unit>cups</unit></amt>
        <item>Salad oil;</item></ing>
      <ing>
        <amt>
          <qty>1</qty>
          <unit>cup</unit></amt>
        <item>Tomato sauce</item></ing>
      <ing>
        <amt>
          <qty>1/4</qty>
          <unit>cups</unit></amt>
        <item>Brown sugar</item></ing>
      <ing>
        <amt>
          <qty>1/4</qty>
          <unit>cups</unit></amt>
        <item>Water</item></ing>
      <ing>
        <amt>
          <qty>1/4</qty>
          <unit>cups</unit></amt>
        <item>Lemon juice</item></ing>
      <ing>
        <amt>
          <qty>1/4</qty>
          <unit>cups</unit></amt>
        <item>Bottled steak sauce</item></ing>
      <ing>
        <amt>
          <qty>1</qty>
          <unit>teaspoon</unit></amt>
        <item>Salt</item></ing>
      <ing>
        <amt>
          <qty>1/4</qty>
          <unit>teaspoons</unit></amt>
        <item>Pepper</item></ing>
      <ing>
        <amt>
          <qty>3</qty>
          <unit/></amt>
        <item>4 lbs loin back ribs or</item></ing>
      <ing>
        <amt>
          <qty/>
          <unit/></amt>
        <item>Meaty spareribs</item></ing>
      <ing>
        <amt>
          <qty/>
          <unit/></amt>
        <item>Sawed in 2 strips about 4</item></ing>
      <ing>
        <amt>
          <qty/>
          <unit/></amt>
        <item>Inches wide</item></ing></ingredients>
    <directions>
      <step>  For sauce, cook onion in hot oil until tender but not brown, add the next 7
  ingredients. Simmer uncovered for 15 min or until of nice sauce
  consistency.
  
  Salt and pepper the ribs, lace in accordion style on spit, securing with
  with holding forks. Put a drip pan under ribs. Attach spit to motor and
  lower bbq hood. let ribs rotate over slow coals 1 hour or till meat is well
  done. Last 30 min., brush ribs frequently with sauce and add dampened wood
  (hickory) chunks to coals for smoke flavor.
  
  Recipe By     : cu
  
  File ftp://ftp.idiscover.co.uk/pub/food/mealmaster/recipes/mmdja006.zip
 
</step></directions></recipe></recipeml>
