<?xml version="1.0" encoding="UTF-8"?>

<recipeml version="0.5">
  <recipe>
    <head>
      <title>Bar-Bq Ranch Sauce</title>
      <categories>
        <cat>Bbq sauces</cat>
        <cat>Bar-b-q</cat>
        <cat>Mine</cat></categories>
      <yield>4</yield></head>
    <ingredients>
      <ing>
        <amt>
          <qty>1</qty>
          <unit>tablespoon</unit></amt>
        <item>Oil, preferably canola</item></ing>
      <ing>
        <amt>
          <qty>2</qty>
          <unit>cups</unit></amt>
        <item>Chopped onions</item></ing>
      <ing>
        <amt>
          <qty>2</qty>
          <unit/></amt>
        <item>Minced fresh Jalapenos</item></ing>
      <ing>
        <amt>
          <qty>2</qty>
          <unit/></amt>
        <item>Minced fresh serranos</item></ing>
      <ing>
        <amt>
          <qty>8</qty>
          <unit/></amt>
        <item>Cloves garlic, minced</item></ing>
      <ing>
        <amt>
          <qty>1</qty>
          <unit>cup</unit></amt>
        <item>Ketchup</item></ing>
      <ing>
        <amt>
          <qty>3/4</qty>
          <unit>cups</unit></amt>
        <item>Worcestershire sauce</item></ing>
      <ing>
        <amt>
          <qty>3/4</qty>
          <unit>cups</unit></amt>
        <item>Strong black coffee</item></ing>
      <ing>
        <amt>
          <qty>1/3</qty>
          <unit>cups</unit></amt>
        <item>Unsulphured dark molasses</item></ing>
      <ing>
        <amt>
          <qty>1/4</qty>
          <unit>cups</unit></amt>
        <item>Cider vinegar</item></ing>
      <ing>
        <amt>
          <qty>1/4</qty>
          <unit>cups</unit></amt>
        <item>Fresh lemon juice</item></ing>
      <ing>
        <amt>
          <qty>1/4</qty>
          <unit>cups</unit></amt>
        <item>Chili powder</item></ing>
      <ing>
        <amt>
          <qty>2</qty>
          <unit>tablespoons</unit></amt>
        <item>Prepared yellow mustard</item></ing>
      <ing>
        <amt>
          <qty>1 1/2</qty>
          <unit>teaspoons</unit></amt>
        <item>Ground Cumin</item></ing>
      <ing>
        <amt>
          <qty>1 1/2</qty>
          <unit>teaspoons</unit></amt>
        <item>Salt</item></ing></ingredients>
    <directions>
      <step>  In a saucepan, warm the oil over medium heat. Add the onions, chiles, and
  garlic, and saut‚ over medium heat until everything is softened. Mix in the
  remaining ingredients and bring the sauce to a simmer. Cover and cook for
  35 to 40 minutes. Allow the sauce to cool briefly. Strain the sauce and
  puree the solids in a food processor. Return the pureed mixture to the
  sauce, stirring thoroughly. Refrigerate the sauce overnight to allow the
  flavors to mingle and mellow. Use the sauce warm or chilled. It keeps for
  weeks.
  
  * Variation: If you prefer a thinner sauce, water this down to your
  preferred consistency. It will still pack plenty of pizzazz.
  
  ~ SOURCE: SMOKE AND SPICE
  
  Posted to MM-Recipes Digest V4 #232 by Michael McLaughlin
  &lt;mmclaughlin@micronet.net&gt; on Sep 01, 1997
 
</step></directions></recipe></recipeml>
