<?xml version="1.0" encoding="UTF-8"?>

<recipeml version="0.5">
  <recipe>
    <head>
      <title>Barbara Firey's Cheese Bread</title>
      <categories>
        <cat>Bread</cat></categories>
      <yield>8</yield></head>
    <ingredients>
      <ing>
        <amt>
          <qty>1</qty>
          <unit/></amt>
        <item>Loaf French bread</item></ing>
      <ing>
        <amt>
          <qty>1/2</qty>
          <unit>cups</unit></amt>
        <item>Butter or margarine; softened</item></ing>
      <ing>
        <amt>
          <qty>1/2</qty>
          <unit>pounds</unit></amt>
        <item>Sharp Cheddar cheese; grated</item></ing>
      <ing>
        <amt>
          <qty>5</qty>
          <unit>tablespoons</unit></amt>
        <item>Mayonnaise</item></ing>
      <ing>
        <amt>
          <qty>1</qty>
          <unit>tablespoon</unit></amt>
        <item>Miracle Whip</item></ing>
      <ing>
        <amt>
          <qty>1</qty>
          <unit>tablespoon</unit></amt>
        <item>(heaping) finely chopped green onion tops</item></ing></ingredients>
    <directions>
      <step>  Preheat oven to 400ø. Split the loaf of bread lengthwise and spread with
  the softened butter. Combine cheese, mayonnaise, Miracle Whip and onions.
  Spread on the buttered bread. Place on a cookie sheet and bake for 15 to 20
  minutes until the cheese begins to bubble. Do not let it brown! Slice each
  half into 8 pieces. Yield: 8 servings.
  
  JANE MILLER (MRS. G. R.)
  
  From &lt;Traditions: A Taste of the Good Life&gt;, by the Little Rock (AR) Junior
  League.  Downloaded from Glen's MM Recipe Archive,
  http://www.erols.com/hosey.
 
</step></directions></recipe></recipeml>
