<?xml version="1.0" encoding="UTF-8"?>

<recipeml version="0.5">
  <recipe>
    <head>
      <title>Barbara's Brownies From Elegant But Easy Cookbook</title>
      <categories>
        <cat>Desserts</cat>
        <cat>Judy's</cat></categories>
      <yield>24</yield></head>
    <ingredients>
      <ing>
        <amt>
          <qty>1/2</qty>
          <unit>pounds</unit></amt>
        <item>Reduced-calorie margarine</item></ing>
      <ing>
        <amt>
          <qty>4</qty>
          <unit/></amt>
        <item>Unsweetened baking chocolate</item></ing>
      <ing>
        <amt>
          <qty/>
          <unit/></amt>
        <item>Squares</item></ing>
      <ing>
        <amt>
          <qty>2</qty>
          <unit>cups</unit></amt>
        <item>Sugar</item></ing>
      <ing>
        <amt>
          <qty>1</qty>
          <unit>cup</unit></amt>
        <item>Egg Beaters(TM) 99% egg</item></ing>
      <ing>
        <amt>
          <qty/>
          <unit/></amt>
        <item>Substitute -- or 4 eggs</item></ing>
      <ing>
        <amt>
          <qty>2</qty>
          <unit>teaspoons</unit></amt>
        <item>Vanilla</item></ing>
      <ing>
        <amt>
          <qty>1</qty>
          <unit>cup</unit></amt>
        <item>Flour</item></ing>
      <ing>
        <amt>
          <qty/>
          <unit/></amt>
        <item>Chopped nuts -- optional</item></ing>
      <ing>
        <amt>
          <qty/>
          <unit/></amt>
        <item>Chocolate chips -- optional</item></ing></ingredients>
    <directions>
      <step>  Preheat oven to 350F.  Spray and flour a 9x13" pan.  Melt margarine and
  chocolate together in microwave.  Cream sugar and eggs.  Combine
  margarine-chocolate with sugar-eggs.  Add vanilla and flour;  add optional
  nuts and chips/bits of chocolate (up to 1 cup each).  Bake for 30 to 40
  minutes.  Should be quite wet after baking for really moist brownies.  Cool
  completely befor cutting.  Cut ahead. Freeze.  Place on waxed paper
  "floors"
  when packing. Serve frozen or slightly thawed. Makes 24 or how ever many
  bite-sized brownies.
  
  Posted to MC-Recipe Digest V1 #150
  
  Date: Sat, 13 Jul 1996 16:26:27 -0700 (PDT)
  
  From: PatH &lt;phannema@wizard.ucr.edu&gt;
  
  Recipe By     : Judy's Buffet Brownies
 
</step></directions></recipe></recipeml>
