<?xml version="1.0" encoding="UTF-8"?>

<recipeml version="0.5">
  <recipe>
    <head>
      <title>Barbecue-Baked Sage Potatoes</title>
      <categories>
        <cat>Barbecue</cat>
        <cat>Vegetables</cat></categories>
      <yield>4</yield></head>
    <ingredients>
      <ing>
        <amt>
          <qty>4</qty>
          <unit/></amt>
        <item>Baking potatoes</item></ing>
      <ing>
        <amt>
          <qty>1</qty>
          <unit/></amt>
        <item>Sweet red pepper</item></ing>
      <ing>
        <amt>
          <qty>16</qty>
          <unit/></amt>
        <item>Sage leaves</item></ing>
      <ing>
        <amt>
          <qty>3</qty>
          <unit>tablespoons</unit></amt>
        <item>Olive oil</item></ing>
      <ing>
        <amt>
          <qty>2</qty>
          <unit/></amt>
        <item>Cloves garlic, minced</item></ing>
      <ing>
        <amt>
          <qty>1/2</qty>
          <unit>teaspoons</unit></amt>
        <item>Each salt and pepper</item></ing></ingredients>
    <directions>
      <step>  Scrub potatoes; slice almost through at 1/4 inch intervals. Cut red pepper
  into quartered; slice crosswise into strips. Insert 1 red pepper strip into
  each slit of potato.  Insert sage leaf into every third slit.
  
  Stir together oil, garlic, salt and pepper; brush over potatoes and red
  pepper to coat evenly.  Wrap each in foil, sealing well.
  
  Place on grill over medium heat; cover and cook, turning occasionally, for
  1 hour or until tender. Makes 4 servings. Typed in MMFormat by
  cjhartlin@msn.com  Source: Canadian Living 20th Anniversary Cookbook.
  Posted to MM-Recipes Digest  by "Cindy Hartlin" &lt;cjhartlin@email.msn.com&gt;
  on May 4, 1998
 
</step></directions></recipe></recipeml>
