<?xml version="1.0" encoding="UTF-8"?>

<recipeml version="0.5">
  <recipe>
    <head>
      <title>Barbara Kafka's Gazpacho</title>
      <categories>
        <cat>New</cat>
        <cat>Text</cat>
        <cat>Import</cat></categories>
      <yield>1</yield></head>
    <ingredients>
      <ing>
        <amt>
          <qty>1/2</qty>
          <unit/></amt>
        <item>Sweet onions; quartered</item></ing>
      <ing>
        <amt>
          <qty>1 1/2</qty>
          <unit>medium</unit></amt>
        <item>Cucumbers; peeled and cut into</item></ing>
      <ing>
        <amt>
          <qty>2</qty>
          <unit>small</unit></amt>
        <item>Green bell peppers; cut into 8 pieces</item></ing>
      <ing>
        <amt>
          <qty>6</qty>
          <unit>medium</unit></amt>
        <item>Tomatoes; cut into 8 pieces</item></ing>
      <ing>
        <amt>
          <qty>5</qty>
          <unit>large</unit></amt>
        <item>Garlic cloves</item></ing>
      <ing>
        <amt>
          <qty>1</qty>
          <unit>cup</unit></amt>
        <item>V-8® vegetable juice</item></ing>
      <ing>
        <amt>
          <qty>1/2</qty>
          <unit>cups</unit></amt>
        <item>Olive oil</item></ing>
      <ing>
        <amt>
          <qty>3/4</qty>
          <unit>teaspoons</unit></amt>
        <item>Chili powder</item></ing>
      <ing>
        <amt>
          <qty>1</qty>
          <unit>tablespoon</unit></amt>
        <item>Kosher salt</item></ing></ingredients>
    <directions>
      <step>  With the metal blad ein place, add the onion to the beaker. Process,
  turning on and off rapidly, until finely chopped, about 4 or 5 seconds.
  Transfer onion to a large bowl.
  
  Repeat with cucumbers, then green peppers, and then 5 of the tomatoes.
  Transfer all to the large bowl.
  
  Process remaining tomato with garlic, V-8, olive oil, and chili powder
  until a smooth liquid is formed. Combine with chopped vegetables and chill
  in a covered container.
  
  Before serving, taste for salt. If texture is too thick, add more V-8, or a
  combination of V-8 and beef bouillon.
  
  Makes 1 1/2 quarts.
  
  NOTE: Make this soup at least a couple hours before serving, so the flavors
  have a chance to combine. Overnight is even better.
  
  NOTES : Delicious.  I've adapted this over the years - little or no olive
  oil, but more V-8 or Clamato juice - or a combination (1/2 and 1/2) of V-8
  and beef bouillon . It tastes terrific with seasoned croutons. It's a very
  nice thing to have in the refrigerator during the heat of the summer.
  Recipe by: New Recipes for the Cuisinart - James Beard &amp; Carl Jerome
  
  Posted to MC-Recipe Digest by KSBAUM &lt;KSBAUM@aol.com&gt; on Mar 29, 1998
 
</step></directions></recipe></recipeml>
