<?xml version="1.0" encoding="UTF-8"?>

<recipeml version="0.5">
  <recipe>
    <head>
      <title>Barbara Bush's Lemon Bars</title>
      <categories>
        <cat>Cookies</cat>
        <cat>Bar</cat></categories>
      <yield>36</yield></head>
    <ingredients>
      <ing-div>
        <title>CRUST</title>
        <ing>
          <amt>
            <qty>1</qty>
            <unit>cup</unit></amt>
          <item>Margarine</item></ing>
        <ing>
          <amt>
            <qty>2</qty>
            <unit>cups</unit></amt>
          <item>Powdered sugar</item></ing>
        <ing>
          <amt>
            <qty>2</qty>
            <unit>cups</unit></amt>
          <item>Flour</item></ing></ing-div>
      <ing-div>
        <title>FILLING</title>
        <ing>
          <amt>
            <qty>4</qty>
            <unit>teaspoons</unit></amt>
          <item>Lemon juice</item></ing>
        <ing>
          <amt>
            <qty>2</qty>
            <unit/></amt>
          <item>Lemon rind; grated</item></ing>
        <ing>
          <amt>
            <qty>4</qty>
            <unit/></amt>
          <item>Eggs; well beaten</item></ing>
        <ing>
          <amt>
            <qty>2</qty>
            <unit>cups</unit></amt>
          <item>Sugar</item></ing>
        <ing>
          <amt>
            <qty>1</qty>
            <unit>teaspoon</unit></amt>
          <item>Baking powder</item></ing>
        <ing>
          <amt>
            <qty>4</qty>
            <unit>tablespoons</unit></amt>
          <item>Flour</item></ing>
        <ing>
          <amt>
            <qty>1</qty>
            <unit>cup</unit></amt>
          <item>Shredded coconut</item></ing></ing-div></ingredients>
    <directions>
      <step>  Mix margarine, powdered sugar and flour. Spread in 15x10" jelly roll pan.
  
  Bake at 350~ for 15 minutes until pale tan. Cool. Mix remaining
  ingredients. Pour over crust. Bake for 25 minutes at 350~. Cut into bars.
  Posted to recipelu-digest Volume 01 Number 162 by minnie@juno.com on Oct
  25, 1997
 
</step></directions></recipe></recipeml>
