<?xml version="1.0" encoding="UTF-8"?>

<recipeml version="0.5">
  <recipe>
    <head>
      <title>Barb's Chicken with Apples, Onions and Cream (Normandy)</title>
      <categories>
        <cat>A-</cat>
        <cat>Ok</cat></categories>
      <yield>1</yield></head>
    <ingredients>
      <ing>
        <amt>
          <qty>6</qty>
          <unit/></amt>
        <item>Chicken breasts</item></ing>
      <ing>
        <amt>
          <qty>1</qty>
          <unit/></amt>
        <item>Onion; cut in half and then sliced thinly</item></ing>
      <ing>
        <amt>
          <qty>1</qty>
          <unit/></amt>
        <item>Apple; sliced sweet, hard</item></ing>
      <ing>
        <amt>
          <qty>2</qty>
          <unit>cups</unit></amt>
        <item>Chicken bouillon</item></ing>
      <ing>
        <amt>
          <qty>6</qty>
          <unit>tablespoons</unit></amt>
        <item>Oil</item></ing>
      <ing>
        <amt>
          <qty>1</qty>
          <unit>tablespoon</unit></amt>
        <item>Butter</item></ing>
      <ing>
        <amt>
          <qty>2</qty>
          <unit>tablespoons</unit></amt>
        <item>Brandy*; good</item></ing>
      <ing>
        <amt>
          <qty>1</qty>
          <unit>cup</unit></amt>
        <item>Cream</item></ing></ingredients>
    <directions>
      <step>  *We use Calvados. You don't have to.
  
  Melt butter with oil. Salt and pepper chicken and saute in oil until golden
  brown and 3/4 done. Remove chicken and place on paper towels to drain.
  Drain most of remaining oil out of frying pan. In the remaining one
  tablespoon of oil, saute onions and apples until tender and light golden
  brown. Add bouillon and cook apples and onions until liquid is reduced by
  half. Add chicken and simmer until chicken is cooked through. Remove
  chicken, add brandy. Simmer for 2 minutes. Remove from heat and add cream.
  Return chicken to cream sauce and heat VERY GENTLY for five minutes. Do not
  boil or cream will curdle!! Serve over rice.
  
  NOTES :  Barb fixed this for us one night when were in Switzerland visiting
  them in October, 1995.   It was delicious.
  Recipe by: Barb Pearson
  
  Posted to MC-Recipe Digest V1 #819 by Lou Parris &lt;lbparris@earthlink.net&gt;
  on Sep 29, 1997
 
</step></directions></recipe></recipeml>
