<?xml version="1.0" encoding="UTF-8"?>

<recipeml version="0.5">
  <recipe>
    <head>
      <title>Barbary Coast</title>
      <categories>
        <cat>Cream</cat>
        <cat>Gin</cat>
        <cat>Glass - coc</cat>
        <cat>Rum</cat>
        <cat>Scotch</cat></categories>
      <yield>1</yield></head>
    <ingredients>
      <ing>
        <amt>
          <qty>1/2</qty>
          <unit>ounces</unit></amt>
        <item>Gin</item></ing>
      <ing>
        <amt>
          <qty>1/2</qty>
          <unit>ounces</unit></amt>
        <item>Rum</item></ing>
      <ing>
        <amt>
          <qty>1/2</qty>
          <unit>ounces</unit></amt>
        <item>White Creme de cacao</item></ing>
      <ing>
        <amt>
          <qty>1/2</qty>
          <unit>ounces</unit></amt>
        <item>Scotch</item></ing>
      <ing>
        <amt>
          <qty>1/2</qty>
          <unit>ounces</unit></amt>
        <item>Light Cream</item></ing></ingredients>
    <directions>
      <step>  Shake with ice and strain into cocktail glass.
  
  Recipe by: Mr. Boston Posted to MC-Recipe Digest V1 #715 by John Setzler
  &lt;jms@twave.net&gt; on Aug 2, 1997
 
</step></directions></recipe></recipeml>
