<?xml version="1.0" encoding="UTF-8"?>

<recipeml version="0.5">
  <recipe>
    <head>
      <title>Barbara's Corn and Bean Salad</title>
      <categories>
        <cat>Digest</cat>
        <cat>Dec.</cat>
        <cat>Fatfree</cat></categories>
      <yield>1</yield></head>
    <ingredients>
      <ing>
        <amt>
          <qty/>
          <unit/></amt>
        <item>Frozen corn</item></ing>
      <ing>
        <amt>
          <qty/>
          <unit/></amt>
        <item>Canned Kidney beans</item></ing>
      <ing>
        <amt>
          <qty/>
          <unit/></amt>
        <item>Chopped cilantro</item></ing>
      <ing>
        <amt>
          <qty/>
          <unit/></amt>
        <item>Onions, chopped</item></ing>
      <ing>
        <amt>
          <qty/>
          <unit/></amt>
        <item>Balsamic Vinegar</item></ing>
      <ing>
        <amt>
          <qty/>
          <unit/></amt>
        <item>Lemon Juice</item></ing></ingredients>
    <directions>
      <step>  My favorite is frozen corn added to a can of kidney beans, chopped
  cilantro, chopped onions, balsamic vinegar and some lemon juice. You can
  use your imagination after this point. For example, add some white beans
  and/or frozen green peas which have been just cooked slightly, about one
  minute.
  
  Posted by Barbara Zimmerman &lt;barbara@crl.com&gt; to the Fatfree Digest [Volume
       13    Issue 25] Dec. 25, 1994.
  
  FATFREE Recipe collections copyrighted by Michelle Dick 1994. Used with
  permission. Formatted by Sue Smith, S.Smith34, TXFT40A@Prodigy.com using
  MMCONV.
  
  1.80á
  
  File ftp://ftp.idiscover.co.uk/pub/food/mealmaster/recipes/fatfreex.zip
 
</step></directions></recipe></recipeml>
