<?xml version="1.0" encoding="UTF-8"?>

<recipeml version="0.5">
  <recipe>
    <head>
      <title>Barbecued Alligator Tail</title>
      <categories>
        <cat>Meats</cat>
        <cat>Bar-b-q</cat></categories>
      <yield>4</yield></head>
    <ingredients>
      <ing>
        <amt>
          <qty>4</qty>
          <unit/></amt>
        <item>Alligator tail steaks, about 3/4" thick</item></ing>
      <ing>
        <amt>
          <qty/>
          <unit/></amt>
        <item>Milk for marinade</item></ing>
      <ing>
        <amt>
          <qty>1/2</qty>
          <unit>teaspoons</unit></amt>
        <item>Fresh ground black pepper</item></ing>
      <ing>
        <amt>
          <qty>1/4</qty>
          <unit>teaspoons</unit></amt>
        <item>Cayenne pepper</item></ing>
      <ing>
        <amt>
          <qty>1</qty>
          <unit>tablespoon</unit></amt>
        <item>Rosemary</item></ing>
      <ing>
        <amt>
          <qty/>
          <unit/></amt>
        <item>Red pepper flakes</item></ing></ingredients>
    <directions>
      <step>    Place milk in a deep bowl, add pepper flakes and
  rosemary. Season meat with black and cayenne peppers.
  Place meat in the bowl, add milk as needed to cover.
  Let marinate 3-4 hours.
    Remove meat from marinade, discard marinade. Pat the
  meat dry. Re-season the meat, if desired, with black
  and red peppers. Add salt to taste, if desired.
    Brush meat with olive oil to reduce sticking, and
  grill over hot coals, or over medium heat in a gas
  grill for about 10 minutes each side, brushing with
  oil again when turning.
  
  From Gemini's MASSIVE MealMaster collection at www.synapse.com/~gemini
 
</step></directions></recipe></recipeml>
