<?xml version="1.0" encoding="UTF-8"?>

<recipeml version="0.5">
  <recipe>
    <head>
      <title>Barbara's Cole Slaw</title>
      <categories>
        <cat>None</cat></categories>
      <yield>1</yield></head>
    <ingredients>
      <ing>
        <amt>
          <qty>1/2</qty>
          <unit/></amt>
        <item>Head of cabbage; grated or shredded fine, (up to 3/4)</item></ing>
      <ing>
        <amt>
          <qty>1</qty>
          <unit/></amt>
        <item>Whole carrot; shredded</item></ing>
      <ing>
        <amt>
          <qty>1</qty>
          <unit>small</unit></amt>
        <item>Onion; grated</item></ing>
      <ing>
        <amt>
          <qty>1</qty>
          <unit>teaspoon</unit></amt>
        <item>Sugar</item></ing>
      <ing>
        <amt>
          <qty>1</qty>
          <unit>dash</unit></amt>
        <item>Salt</item></ing>
      <ing>
        <amt>
          <qty/>
          <unit/></amt>
        <item>Mayonnaise to moisten</item></ing></ingredients>
    <directions>
      <step>  Mix first three together, sprinkle with salt and sugar, add enough
  mayonnaise to moisten and stir.
  
  TNT, easy and good!
  
  Posted to TNT Recipes Digest by bayera@auburn.campus.mci.net on Mar 11,
  1998
 
</step></directions></recipe></recipeml>
