<?xml version="1.0" encoding="UTF-8"?>

<recipeml version="0.5">
  <recipe>
    <head>
      <title>Barb's Best Gazpacho</title>
      <categories>
        <cat>Soups</cat></categories>
      <yield>6</yield></head>
    <ingredients>
      <ing>
        <amt>
          <qty>2</qty>
          <unit/></amt>
        <item>Garlic cloves; chopped</item></ing>
      <ing>
        <amt>
          <qty>5</qty>
          <unit/></amt>
        <item>Juicy medium tomatoes</item></ing>
      <ing>
        <amt>
          <qty>5</qty>
          <unit/></amt>
        <item>Roma tomatoes; ripe</item></ing>
      <ing>
        <amt>
          <qty>2</qty>
          <unit>medium</unit></amt>
        <item>Cucumbers; English, peeled, cut in 1-in pieces</item></ing>
      <ing>
        <amt>
          <qty>1</qty>
          <unit>large</unit></amt>
        <item>Spanish or red onion</item></ing>
      <ing>
        <amt>
          <qty>1</qty>
          <unit>large</unit></amt>
        <item>Green bell pepper; cored, seeded and ribbed</item></ing>
      <ing>
        <amt>
          <qty>1</qty>
          <unit>large</unit></amt>
        <item>Red bell pepper; cored, seeded and deribbed</item></ing>
      <ing>
        <amt>
          <qty>2</qty>
          <unit>cups</unit></amt>
        <item>Tomato juice; or vegetable juice cocktail</item></ing>
      <ing>
        <amt>
          <qty>1/4</qty>
          <unit>cups</unit></amt>
        <item>Olive oil; extra virgin</item></ing>
      <ing>
        <amt>
          <qty>1/4</qty>
          <unit>cups</unit></amt>
        <item>Red wine vinegar</item></ing>
      <ing>
        <amt>
          <qty>1/2</qty>
          <unit>cups</unit></amt>
        <item>Vodka or vermouth; OPTIONAL</item></ing>
      <ing>
        <amt>
          <qty>2</qty>
          <unit>tablespoons</unit></amt>
        <item>Lime juice; fresh</item></ing>
      <ing>
        <amt>
          <qty>1</qty>
          <unit>tablespoon</unit></amt>
        <item>Worcestershire sauce</item></ing>
      <ing>
        <amt>
          <qty>2</qty>
          <unit/></amt>
        <item>Glubs Tabasco sauce; or to taste</item></ing>
      <ing>
        <amt>
          <qty>1/4</qty>
          <unit>teaspoons</unit></amt>
        <item>Cayenne pepper; or to taste</item></ing>
      <ing>
        <amt>
          <qty>1</qty>
          <unit>tablespoon</unit></amt>
        <item>Celery salt; or to taste</item></ing>
      <ing>
        <amt>
          <qty/>
          <unit/></amt>
        <item>Freshly ground pepper</item></ing>
      <ing>
        <amt>
          <qty>2</qty>
          <unit/></amt>
        <item>Inner ribs celery; very finely diced</item></ing></ingredients>
    <directions>
      <step>  Number of Servings: 6
  
  homemade garlic croutons (optional)
  
  Core the 5 medium tomatoes and coarsely chop them. Whiz the garlic in a
  blender or food processor, add the tomatoes and puree until smooth. Strain
  the puree into a large non-reactive bowl.
  
  Coarsely chop 1 of the cucumbers, 1/2 of the onion, and 1/2 of the green
  and red bell peppers. Add the chopped vegetables to the processor (if using
  a blender, add 1/2 cup of the tomato or vegetable juice as well). Process
  until liquified; strain into the large bowl, pressing down with the back of
  a spoon to extract all liquid.
  
  Add to the bowl the remaining juice, olive oil, red wine vinegar, vodka or
  vermouth if using, lime juice, worcestershire, Tabasco, cayenne pepper,
  celery salt and pepper. Stir well. Cover and refrigerate for 4 hours or
  overnight.
  
  Finely dice the Roma tomatoes, remaining 1/2 onion, 1/2 green and red
  peppers and 1 cucumber. Add the finly diced celery. Reserve, refrigerated
  in small mixing bowl.
  
  To serve, ladle soup into chilled individual bowls. Sprinkle with the
  chopped vegetables and croutons, if using.
  Posted to recipelu-digest by GramWag@aol.com on Feb 7, 1998
 
</step></directions></recipe></recipeml>
