<?xml version="1.0" encoding="UTF-8"?>

<recipeml version="0.5">
  <recipe>
    <head>
      <title>Barb's Special Sweet Breads Part 5</title>
      <categories>
        <cat>Breads</cat>
        <cat>French</cat></categories>
      <yield>1</yield></head>
    <ingredients>
      <ing-div>
        <title>BARB DAY</title></ing-div>
      <ing-div>
        <title>INSTRUCTIONS FOR SNAILS</title></ing-div></ingredients>
    <directions>
      <step>    Place dough on a lightly floured board and roll into a large rectangle
  1/4" thick.  Spread with almond butter and plumped currants or raisins.
  Roll jelly roll style. Cut into 1" slices and place slices 2" apart on
  baking sheet, cut side down. Spoon Vanilla cream in the center of each. Let
  rise until light. Bake 10-12 minutes at 375 degrees F. Ice and sprinkle
  with almonds.
  
    Source:  Vera Stevens, my mother
  
  From Gemini's MASSIVE MealMaster collection at www.synapse.com/~gemini
 
</step></directions></recipe></recipeml>
