<?xml version="1.0" encoding="UTF-8"?>

<recipeml version="0.5">
  <recipe>
    <head>
      <title>Barbecued-Chicken Potpie (Corrected)</title>
      <categories>
        <cat>Chicken &amp; p</cat>
        <cat>Cooking lig</cat></categories>
      <yield>8</yield></head>
    <ingredients>
      <ing>
        <amt>
          <qty>1</qty>
          <unit>teaspoon</unit></amt>
        <item>Margarine Or Butter</item></ing>
      <ing>
        <amt>
          <qty/>
          <unit/></amt>
        <item>Cooking Spray</item></ing>
      <ing>
        <amt>
          <qty>2</qty>
          <unit>cups</unit></amt>
        <item>Onion; Chopped</item></ing>
      <ing>
        <amt>
          <qty>1/2</qty>
          <unit>cups</unit></amt>
        <item>Green Bell Pepper; Chopped</item></ing>
      <ing>
        <amt>
          <qty>1/3</qty>
          <unit>cups</unit></amt>
        <item>Poblano Chile Or 4.5 Oz Green Chiles; Drained And Chopped</item></ing>
      <ing>
        <amt>
          <qty>1</qty>
          <unit>small</unit></amt>
        <item>Garlic Clove; Minced</item></ing>
      <ing>
        <amt>
          <qty>1 1/2</qty>
          <unit>teaspoons</unit></amt>
        <item>Cumin Seed</item></ing>
      <ing>
        <amt>
          <qty>1</qty>
          <unit>teaspoon</unit></amt>
        <item>Ground Coriander</item></ing>
      <ing>
        <amt>
          <qty>1/4</qty>
          <unit>cups</unit></amt>
        <item>Cider Vinegar</item></ing>
      <ing>
        <amt>
          <qty>4</qty>
          <unit>cups</unit></amt>
        <item>Shredded Cooked Chicken Breast; (About 1 1/2 Lbs.)</item></ing>
      <ing>
        <amt>
          <qty>2</qty>
          <unit>tablespoons</unit></amt>
        <item>Brown Sugar</item></ing>
      <ing>
        <amt>
          <qty>1</qty>
          <unit>ounce</unit></amt>
        <item>Unsweetened Chocolate; Grated</item></ing>
      <ing>
        <amt>
          <qty>1</qty>
          <unit/></amt>
        <item>Bottle; (12 Oz.) Chili Sauce</item></ing>
      <ing>
        <amt>
          <qty>1</qty>
          <unit>can</unit></amt>
        <item>(10 1/2 Oz.) Low-Salt Chicken Broth</item></ing>
      <ing>
        <amt>
          <qty>1</qty>
          <unit>can</unit></amt>
        <item>(11.5 Oz.) Refrigerated Corn Bread Twists</item></ing></ingredients>
    <directions>
      <step>  Preheat oven to 375. Melt margarine in a large nonstick skillet coated with
  cooking spray over medium-high heat. Add onion, peppers, and garlic, and
  saute 5 minutes. Stir in cumin and coriander, and cook 2 minutes. Stir in
  vinegar, scraping skillet to loosen browned bits. Add the chicken and the
  next 4 ingredients (chicken through broth), and cook 15 minutes or until
  thick, stirring occasionally. Spoon chicken mixture into a 11x7 inch baking
  dish coated with cooking spray.
  
  Unroll corn bread dough, separating into strips. Place strips in a lattice
  fashion over chicken mixture. Bake at 375 for 25 minutes or until golden
  brown; let stand 15 minutes before serving.
  
  Shared by Jill Proehl, REG 2, St. Louis, MO
  
  Recipe by: Cooking Light, Jan/Feb 1998
  
  Posted to recipelu-digest by Jill Proehl &lt;jpxtwo@swbell.net&gt; on Feb 25,
  1998
 
</step></directions></recipe></recipeml>
