<?xml version="1.0" encoding="UTF-8"?>

<recipeml version="0.5">
  <recipe>
    <head>
      <title>Barbecuded Pork and Apple Pizza</title>
      <categories>
        <cat>Healthy and</cat>
        <cat>Cheese</cat>
        <cat>Pork &amp; ham</cat>
        <cat>Bread</cat></categories>
      <yield>4</yield></head>
    <ingredients>
      <ing-div>
        <title>BASE</title>
        <ing>
          <amt>
            <qty>2/3</qty>
            <unit>cups</unit></amt>
          <item>Warm water</item></ing>
        <ing>
          <amt>
            <qty>1</qty>
            <unit>tablespoon</unit></amt>
          <item>Molasses</item></ing>
        <ing>
          <amt>
            <qty>1</qty>
            <unit>package</unit></amt>
          <item>Yeast; quick-acting</item></ing>
        <ing>
          <amt>
            <qty>1</qty>
            <unit>cup</unit></amt>
          <item>Semolina flour</item></ing>
        <ing>
          <amt>
            <qty>1/2</qty>
            <unit>cups</unit></amt>
          <item>Whole wheat flour</item></ing>
        <ing>
          <amt>
            <qty>1/2</qty>
            <unit>cups</unit></amt>
          <item>All-purpose flour</item></ing>
        <ing>
          <amt>
            <qty>1</qty>
            <unit>teaspoon</unit></amt>
          <item>Olive oil</item></ing></ing-div>
      <ing-div>
        <title>TOPPING</title>
        <ing>
          <amt>
            <qty>8</qty>
            <unit>ounces</unit></amt>
          <item>Pork tenderloin; sliced</item></ing>
        <ing>
          <amt>
            <qty>2</qty>
            <unit>tablespoons</unit></amt>
          <item>Dijon mustard</item></ing>
        <ing>
          <amt>
            <qty>1</qty>
            <unit>cup</unit></amt>
          <item>Barbecue sauce</item></ing>
        <ing>
          <amt>
            <qty>1</qty>
            <unit/></amt>
          <item>Tart apples; sliced</item></ing>
        <ing>
          <amt>
            <qty>8</qty>
            <unit>ounces</unit></amt>
          <item>Smoked lowfat provolone cheese; shredded</item></ing></ing-div></ingredients>
    <directions>
      <step>  1. Preheat oven to 375'F 2. Mix ingrediants for base in Bread Maker. Allow
  to rise for 10-15min. 3. Punch dough down and into shape for base. Place in
  oven and bake until firm. 4. In a bowl, toss pork with mustard, spinkle
  with majoram and bake for 15min in oven,
  
  5. Increase oven temperature to 450'F. Brush pizza crust with olive oil and
  top with barbecue sauce, pork, apples and cheese. Bake for 6-7min or until
  cheese is brown.
  
  6.
  Recipe By     : Johnathan Griebel
  
  Posted to MC-Recipe Digest V1 #289
  
  Date: Sun, 10 Nov 1996 08:23:16 +0800 (HKT)
  
  From: Sweeney &lt;sweeney@asiaonline.net&gt;
 
</step></directions></recipe></recipeml>
