<?xml version="1.0" encoding="UTF-8"?>

<recipeml version="0.5">
  <recipe>
    <head>
      <title>Barbecued Baby Back Ribs</title>
      <categories>
        <cat>China</cat>
        <cat>Ham/pork</cat>
        <cat>Appetizers</cat>
        <cat>Archived</cat></categories>
      <yield>6</yield></head>
    <ingredients>
      <ing>
        <amt>
          <qty>2</qty>
          <unit>tablespoons</unit></amt>
        <item>Sugar</item></ing>
      <ing>
        <amt>
          <qty>1</qty>
          <unit>tablespoon</unit></amt>
        <item>Dry sherry</item></ing>
      <ing>
        <amt>
          <qty>3</qty>
          <unit>tablespoons</unit></amt>
        <item>Hoisin sauce</item></ing>
      <ing>
        <amt>
          <qty>1/2</qty>
          <unit>teaspoons</unit></amt>
        <item>Finely chop garlic</item></ing>
      <ing>
        <amt>
          <qty>1</qty>
          <unit>dash</unit></amt>
        <item>Salt optional</item></ing>
      <ing>
        <amt>
          <qty>1/2</qty>
          <unit>cups</unit></amt>
        <item>Ketchup</item></ing>
      <ing>
        <amt>
          <qty>3</qty>
          <unit>pounds</unit></amt>
        <item>Pork back finger ribs cut 1 inch wide by 3 inch long</item></ing></ingredients>
    <directions>
      <step>  Place ribs in nonreactive, plastic, bowl with a lid. In a separate bowl,
  combine marinade ingredients; sugar, sherry, hoisin sauce, garlic, salt (if
  desired) and ketchup. Mix well and spoon over ribs. Place cover on bowl and
  shake to coat ribs thoroughly with marinade. Place in refrigerator and
  marinate for 4 hours or longer. Shake once or twice while marinating to
  coat again.
  
  To avoid mess, cover cookie sheet with aluminum foil. Take ribs from
  refrigerator and shake to coat again. Place ribs on their sides on cookie
  sheet. Don't crowd, or they won't be crispy. Bake at 350 degrees for 30
  minutes. Turn over with tongs and bake additional 20- 30 minutes. Check
  carefully last 10 minutes of baking to prevent burning.
  
  File ftp://ftp.idiscover.co.uk/pub/food/mealmaster/recipes/mmdja006.zip
 
</step></directions></recipe></recipeml>
