<?xml version="1.0" encoding="UTF-8"?>

<recipeml version="0.5">
  <recipe>
    <head>
      <title>Barbara's Macaroni and Cheese in Crock Pot</title>
      <categories>
        <cat>Crockpot</cat>
        <cat>Pasta</cat></categories>
      <yield>1</yield></head>
    <ingredients>
      <ing>
        <amt>
          <qty>1</qty>
          <unit>large</unit></amt>
        <item>Box macaroni; cooked and drained</item></ing>
      <ing>
        <amt>
          <qty>2</qty>
          <unit>tablespoons</unit></amt>
        <item>Oil</item></ing>
      <ing>
        <amt>
          <qty>2</qty>
          <unit/></amt>
        <item>Sticks margarine</item></ing>
      <ing>
        <amt>
          <qty>1</qty>
          <unit>large</unit></amt>
        <item>Can evaporated milk</item></ing>
      <ing>
        <amt>
          <qty>1 1/2</qty>
          <unit>cups</unit></amt>
        <item>Milk</item></ing>
      <ing>
        <amt>
          <qty>1</qty>
          <unit>large</unit></amt>
        <item>Onion; chopped fine</item></ing>
      <ing>
        <amt>
          <qty>3</qty>
          <unit>cups</unit></amt>
        <item>Cheddar cheese; grated</item></ing>
      <ing>
        <amt>
          <qty>1</qty>
          <unit>can</unit></amt>
        <item>Cheddar cheese soup</item></ing></ingredients>
    <directions>
      <step>  Oil crock pot, mix all ingredients, using only 1/2 of grated cheese. Put
  mixture in crock pot and put remaining cheese on top. Let simmer in crock
  pot for 4 or more hours.
  Posted to recipelu-digest Volume 01 Number 403 by James and Susan Kirkland
  &lt;kirkland@gj.net&gt; on Dec 26, 1997
 
</step></directions></recipe></recipeml>
