<?xml version="1.0" encoding="UTF-8"?>

<recipeml version="0.5">
  <recipe>
    <head>
      <title>Baked Cod Alaska</title>
      <categories>
        <cat>Fitness</cat>
        <cat>Fish</cat>
        <cat>Low-fat</cat></categories>
      <yield>4</yield></head>
    <ingredients>
      <ing-div>
        <title>NORMA WRENN</title>
        <ing>
          <amt>
            <qty>4</qty>
            <unit/></amt>
          <item>Cod fillets (6 oz ea)</item></ing>
        <ing>
          <amt>
            <qty>2</qty>
            <unit>tablespoons</unit></amt>
          <item>Freshly squeezed lemon juice</item></ing>
        <ing>
          <amt>
            <qty>2</qty>
            <unit/></amt>
          <item>Egg whites; room temperature</item></ing>
        <ing>
          <amt>
            <qty>1/2</qty>
            <unit>cups</unit></amt>
          <item>Plain nonfat yogurt</item></ing>
        <ing>
          <amt>
            <qty>1</qty>
            <unit>tablespoon</unit></amt>
          <item>Onion; finely minced</item></ing>
        <ing>
          <amt>
            <qty>1/2</qty>
            <unit>cups</unit></amt>
          <item>Nonfat milk</item></ing>
        <ing>
          <amt>
            <qty>1</qty>
            <unit>tablespoon</unit></amt>
          <item>Dijon mustard</item></ing>
        <ing>
          <amt>
            <qty>1</qty>
            <unit/></amt>
          <item>Clove garlic; pressed</item></ing>
        <ing>
          <amt>
            <qty>1</qty>
            <unit>teaspoon</unit></amt>
          <item>Dill weed</item></ing>
        <ing>
          <amt>
            <qty/>
            <unit/></amt>
          <item>Sea salt to taste</item></ing>
        <ing>
          <amt>
            <qty/>
            <unit/></amt>
          <item>Freshly ground pepper</item></ing></ing-div></ingredients>
    <directions>
      <step>  Arrange fish fillets on a nonstick baking sheet and sprinkle the top with
  lemon juice.  In a small bowl, beat egg whites until soft peaks form. Fold
  in 2 tablespoons of the yogurt, along with the minced onion (and salt if
  desired).  Spoon equal portions of the egg white topping over each fish
  fillet.   Bake in a preheated 375-degree oven for about 20 minutes.
  Meanwhile, blend the rest of the yogurt with the remaining ingredients in a
  small double boiler.  Cook over a full boil until mixture is hot, about
  10-15 minutes. When fish is done, remove each fillet with a spatula and
  place on individual serving plates. Pour equal amounts of the mustard sauce
  over the top of each.
  
  Per serving:  240 calories; 40 g protein, 7 g fat, 5 g carbohydrate
  
  Source:  Joe Weider's Muscle &amp; Fitness Magazine 5/90
  Posted to MM-Recipes Digest V4 #249 by "Deborah Kühnen"
  &lt;DEBKUHNEN@classic.msn.com&gt; on Sep 19, 97
 
</step></directions></recipe></recipeml>
