<?xml version="1.0" encoding="UTF-8"?>

<recipeml version="0.5">
  <recipe>
    <head>
      <title>Baked Chicken Parmesan</title>
      <categories>
        <cat>None</cat></categories>
      <yield>1</yield></head>
    <ingredients>
      <ing>
        <amt>
          <qty>4</qty>
          <unit/></amt>
        <item>Chicken breasts</item></ing>
      <ing>
        <amt>
          <qty>5</qty>
          <unit>tablespoons</unit></amt>
        <item>Melted butter</item></ing>
      <ing>
        <amt>
          <qty>1</qty>
          <unit>tablespoon</unit></amt>
        <item>Dijon mustard</item></ing>
      <ing>
        <amt>
          <qty>3/4</qty>
          <unit>cups</unit></amt>
        <item>Dried Italian style bread crumbs</item></ing>
      <ing>
        <amt>
          <qty>1/2</qty>
          <unit>cups</unit></amt>
        <item>Grated Parmesan cheese</item></ing>
      <ing>
        <amt>
          <qty>2</qty>
          <unit>tablespoons</unit></amt>
        <item>Chopped dried parsley</item></ing>
      <ing>
        <amt>
          <qty>1</qty>
          <unit>teaspoon</unit></amt>
        <item>Dried basil</item></ing></ingredients>
    <directions>
      <step>  Preheat oven to 400 degrees. Lightly grease a 9x15 baking dish. In a
  shallow bowl, combine butter with the mustard. In another shallow bowl,
  blend together bread crumbs, cheese, parsley and basil. Dip chicken pieces
  first into the mustard mixture, and then coat with the bread crumb mixture.
  Place skin side up in the baking dish. Bake, uncovered, for 45 minutes.
  
  I always skin my chicken breasts.
  
  Posted to EAT-L Digest  by Vaughndell M Dodd &lt;dell13@JUNO.COM&gt; on Dec 17,
  1997
 
</step></directions></recipe></recipeml>
