<?xml version="1.0" encoding="UTF-8"?>

<recipeml version="0.5">
  <recipe>
    <head>
      <title>Baked Chicken with Apples</title>
      <categories>
        <cat>Diabetic</cat></categories>
      <yield>1</yield></head>
    <ingredients>
      <ing>
        <amt>
          <qty>2 1/2</qty>
          <unit>pounds</unit></amt>
        <item>Chicken, cut up (up to 3)</item></ing>
      <ing>
        <amt>
          <qty>1/2</qty>
          <unit>teaspoons</unit></amt>
        <item>Salt</item></ing>
      <ing>
        <amt>
          <qty>1/4</qty>
          <unit>teaspoons</unit></amt>
        <item>Pepper</item></ing>
      <ing>
        <amt>
          <qty>1</qty>
          <unit/></amt>
        <item>Chicken bouillon cube</item></ing>
      <ing>
        <amt>
          <qty>1/2</qty>
          <unit>cups</unit></amt>
        <item>Boiling water</item></ing>
      <ing>
        <amt>
          <qty>1/2</qty>
          <unit>cups</unit></amt>
        <item>Apple juice</item></ing>
      <ing>
        <amt>
          <qty>2</qty>
          <unit>cups</unit></amt>
        <item>Sliced fresh green beans, French style</item></ing>
      <ing>
        <amt>
          <qty>1</qty>
          <unit>cup</unit></amt>
        <item>Diced peeled apples</item></ing>
      <ing>
        <amt>
          <qty>1</qty>
          <unit>tablespoon</unit></amt>
        <item>Flour</item></ing>
      <ing>
        <amt>
          <qty>1</qty>
          <unit>teaspoon</unit></amt>
        <item>Ground cinnamon</item></ing>
      <ing>
        <amt>
          <qty>1</qty>
          <unit>ounce</unit></amt>
        <item>Bread</item></ing></ingredients>
    <directions>
      <step>  Sprinkle both sides of chicken with salt and pepper. Place chicken on a
  rack in a shallow open roasting pan. Bake in hot oven (450 degrees) until
  browned, about 20 minutes. Reduce oven temperature to 350 degrees. Remove
  chicken and rack; pour off any fat from pan. Return chicken to pan.
  Dissolve bouillon in boiling water. Pour over chicken along with apple
  juice. Stir in green beans. Cover and bake 25 minutes. Stir in apple. Cover
  and bake 10 minutes longer. Meanwhile, in small saucepan mix flour with
  cinnamon. Blend with 1 tablespoon of cold water. Stir in hot pan liquid.
  Cook and stir until mixture boils and thickens slightly. Serve with chicken
  and vegetables.
  
  Posted to MM-Recipes Digest V4 #187 by Julie Bertholf
  &lt;jewel1@ix.netcom.com&gt; on Jul 19, 1997
 
</step></directions></recipe></recipeml>
