<?xml version="1.0" encoding="UTF-8"?>

<recipeml version="0.5">
  <recipe>
    <head>
      <title>Baked Cod Greek Style</title>
      <categories>
        <cat>Fish</cat>
        <cat>Greek</cat>
        <cat>Main dish</cat></categories>
      <yield>4</yield></head>
    <ingredients>
      <ing>
        <amt>
          <qty>1</qty>
          <unit>pound</unit></amt>
        <item>Cod fillets</item></ing>
      <ing>
        <amt>
          <qty>3</qty>
          <unit>tablespoons</unit></amt>
        <item>All purpose flour</item></ing>
      <ing>
        <amt>
          <qty>2</qty>
          <unit>tablespoons</unit></amt>
        <item>Olive oil</item></ing>
      <ing>
        <amt>
          <qty>1</qty>
          <unit>cup</unit></amt>
        <item>Feta cheese crumbled</item></ing>
      <ing>
        <amt>
          <qty>1</qty>
          <unit/></amt>
        <item>Onion chopped</item></ing>
      <ing>
        <amt>
          <qty>3</qty>
          <unit/></amt>
        <item>Cloves garlic minced</item></ing>
      <ing>
        <amt>
          <qty>1</qty>
          <unit>large</unit></amt>
        <item>Sweet green pepper chopped</item></ing>
      <ing>
        <amt>
          <qty>1</qty>
          <unit>can</unit></amt>
        <item>(19 oz) tomatoes undrained</item></ing>
      <ing>
        <amt>
          <qty>1/2</qty>
          <unit>cups</unit></amt>
        <item>Pitted black olives</item></ing>
      <ing>
        <amt>
          <qty>1/2</qty>
          <unit>teaspoons</unit></amt>
        <item>Dried oregano</item></ing>
      <ing>
        <amt>
          <qty>1</qty>
          <unit>pinch</unit></amt>
        <item>Hot pepper flakes</item></ing>
      <ing>
        <amt>
          <qty>1</qty>
          <unit>pinch</unit></amt>
        <item>Sugar</item></ing>
      <ing>
        <amt>
          <qty>2</qty>
          <unit>tablespoons</unit></amt>
        <item>Parsley minced</item></ing>
      <ing>
        <amt>
          <qty/>
          <unit/></amt>
        <item>Salt pepper to taste</item></ing></ingredients>
    <directions>
      <step>  1. Cut cod into serving size portions. Pat dry.dredge lightly in flour.
  
  2. In non-stick skillet, heat half of the oil over medium-high heat.
  
  3. Brown cod lightly on both sides and arrange in a 8" square baking
  dish,Sprinkle with Feta.
  
  4. Pour remaining oil into skillet and saute onion,garlic and green pepper
  until softened.
  
  5. Add tomatoes, crush with fork,add olives,oregano,pepper flakes, and
  sugar.
  
  6. Bring to boil,reduce heat to medium-low and simmer, stirring often until
  thickened.
  
  7. Add parsley,season with salt and pepper to taste,and spoon over fish.
  
  8. Bake for 15 minutes at 375 F.
  
  Dish can be made ahead, cooled,covered and refrigerated for up to 8 hours.
  Add 5 minutes to baking time.
  
  Recipe by: Rose Murray's Secrets of the Sea (Grosvenor House,1989)
  
  Posted to MC-Recipe Digest by "tautog78@yahoo.com" &lt;tautog78@yahoo.com&gt; on
  Feb 23, 1998
 
</step></directions></recipe></recipeml>
