<?xml version="1.0" encoding="UTF-8"?>

<recipeml version="0.5">
  <recipe>
    <head>
      <title>Baked Chimichangas</title>
      <categories>
        <cat>Tortillas</cat>
        <cat>Mexican</cat>
        <cat>Vegetables</cat>
        <cat>Meats</cat></categories>
      <yield>4</yield></head>
    <ingredients>
      <ing>
        <amt>
          <qty/>
          <unit/></amt>
        <item>Almond Red Sauce; *</item></ing>
      <ing>
        <amt>
          <qty>1</qty>
          <unit>pound</unit></amt>
        <item>Ground Beef</item></ing>
      <ing>
        <amt>
          <qty>1</qty>
          <unit/></amt>
        <item>Clove Garlic; Finely Chopped</item></ing>
      <ing>
        <amt>
          <qty>1/4</qty>
          <unit>cups</unit></amt>
        <item>Raisins</item></ing>
      <ing>
        <amt>
          <qty>1</qty>
          <unit>teaspoon</unit></amt>
        <item>Red Chiles; Ground</item></ing>
      <ing>
        <amt>
          <qty>1/4</qty>
          <unit>teaspoons</unit></amt>
        <item>Cinnamon; Ground</item></ing>
      <ing>
        <amt>
          <qty>4</qty>
          <unit>ounces</unit></amt>
        <item>Green Chiles; Chopped, 1 can</item></ing>
      <ing>
        <amt>
          <qty>8</qty>
          <unit/></amt>
        <item>Flour Tortillas; **</item></ing>
      <ing>
        <amt>
          <qty>2</qty>
          <unit>tablespoons</unit></amt>
        <item>Margarine Or Butter;Softened</item></ing>
      <ing>
        <amt>
          <qty/>
          <unit/></amt>
        <item>Jalepeno Cream Sauce; *</item></ing>
      <ing>
        <amt>
          <qty>1/4</qty>
          <unit>cups</unit></amt>
        <item>Onion; Finely Chopped, 1 sm.</item></ing>
      <ing>
        <amt>
          <qty>1/4</qty>
          <unit>cups</unit></amt>
        <item>Almonds; Slivered</item></ing>
      <ing>
        <amt>
          <qty>1</qty>
          <unit>tablespoon</unit></amt>
        <item>Red Wine Vinegar</item></ing>
      <ing>
        <amt>
          <qty>1/2</qty>
          <unit>teaspoons</unit></amt>
        <item>Salt</item></ing>
      <ing>
        <amt>
          <qty>1/8</qty>
          <unit>teaspoons</unit></amt>
        <item>Cloves; Ground</item></ing>
      <ing>
        <amt>
          <qty>1</qty>
          <unit>cup</unit></amt>
        <item>Tomato; Chopped, 1 medium</item></ing>
      <ing>
        <amt>
          <qty>1</qty>
          <unit/></amt>
        <item>Egg; Large, Beaten</item></ing></ingredients>
    <directions>
      <step>  *    See Sowest2.
  **   Tortillas should be 10-inches in diameter and be warmed.
  
  Prepare Almond Red Sauce and Jalepeno Cream Sauce; reserve.  Cook and stir
  ground beef, onion and garlic in 10-inch skillet over medium heat until
  beef is brown; drain.  Stir in remaining ingredients except tortillas, egg
  and margarine.  Heat to boiling; reduce heat.  Simmer uncovered for 20
  minutes; stir occasionally.  Heat oven to 500 Degrees F.  Spoon about 1/2
  cup of beef mixture onto the center of each tortilla.  Fold one end of th
  tortilla up about 1 inch over the beef mixture; fold right and lift sides
  over folded end, overlapping.  Fold remaining end down; brush edges with
  egg to seal brush each chimichanga with margarine.  Place seam sides down
  in ingreased jelly roll pan, 15 1/2 X 10 1/2 X 1-inch.  Bake until
  tortillas begin to brown and filling is hot, 8 to 10 minutes.  Serve with
  Almond Red Sauce and Jalepeno Cream Sauce.
  FRIED CHIMICHANGAS:
  Omit 2 T Butter Or Margarine.  Heat vegetable oil (about 1 inch) to 365
  degrees F.  Fry chimichangas 2 to 3 at a time in hot oil, turning once,
  until golden brown, 3 to 4 minutes.  Keep warm in 300 degree F Oven.
  
  File ftp://ftp.idiscover.co.uk/pub/food/mealmaster/recipes/meats.zip
 
</step></directions></recipe></recipeml>
