<?xml version="1.0" encoding="UTF-8"?>

<recipeml version="0.5">
  <recipe>
    <head>
      <title>Baked Chicken That Makes It's Own Gravy</title>
      <categories>
        <cat>Chicken &amp;</cat>
        <cat>Poultry</cat></categories>
      <yield>6</yield></head>
    <ingredients>
      <ing>
        <amt>
          <qty>3 1/2</qty>
          <unit>pounds</unit></amt>
        <item>Frying Chicken Pieces</item></ing>
      <ing>
        <amt>
          <qty>1/4</qty>
          <unit>cups</unit></amt>
        <item>Flour</item></ing>
      <ing>
        <amt>
          <qty>1/4</qty>
          <unit>cups</unit></amt>
        <item>Melted Butter</item></ing>
      <ing>
        <amt>
          <qty>2/3</qty>
          <unit>cups</unit></amt>
        <item>Undiluted Carnation Evaporated Milk</item></ing>
      <ing>
        <amt>
          <qty>1</qty>
          <unit>can</unit></amt>
        <item>(10 3/4 oz)Condensed Cream of Mushroom Soup</item></ing>
      <ing>
        <amt>
          <qty>1</qty>
          <unit>cup</unit></amt>
        <item>(4 oz) Grated Process American Cheese</item></ing>
      <ing>
        <amt>
          <qty>1/2</qty>
          <unit>teaspoons</unit></amt>
        <item>Salt</item></ing>
      <ing>
        <amt>
          <qty>1/8</qty>
          <unit>teaspoons</unit></amt>
        <item>Pepper</item></ing>
      <ing>
        <amt>
          <qty>2</qty>
          <unit>cups</unit></amt>
        <item>(1-lb) Drained Whole Onions</item></ing>
      <ing>
        <amt>
          <qty>1/4</qty>
          <unit>pounds</unit></amt>
        <item>Sliced Mushrooms</item></ing>
      <ing>
        <amt>
          <qty>1</qty>
          <unit>dash</unit></amt>
        <item>Paprika</item></ing></ingredients>
    <directions>
      <step>  Coat chicken with flour. Arrange chicken in single layer with skin down in
  melted butter in 13 x 9 x 2-inch baking dish. Bake uncovered in 425 degree
  oven for 30 minutes. Turn chicken, bake until brown, 15 to 20 minutes
  longer, until tender. Remove from oven and reduce temperature to 325
  degrees. Pour off excess fat. Combine evaporated milk, soup, cheese, salt
  and pepper. Add onions and mushrooms to chicken. Pour soup mixture over
  chicken. Sprinkle with paprika. Cover dish with foil. Return to oven for 15
  to 20 minutes.
  Posted to recipelu-digest by Kevin Tester &lt;tester@shentel.net&gt; on Feb 02,
  1998
 
</step></directions></recipe></recipeml>
