<?xml version="1.0" encoding="UTF-8"?>

<recipeml version="0.5">
  <recipe>
    <head>
      <title>Baked Clams in Spicy Butter Sauce (Les Palourdes Aux Aromate</title>
      <categories>
        <cat>None</cat></categories>
      <yield>1</yield></head>
    <ingredients>
      <ing>
        <amt>
          <qty>4</qty>
          <unit/></amt>
        <item>Dozen clams</item></ing>
      <ing>
        <amt>
          <qty>1/4</qty>
          <unit>cups</unit></amt>
        <item>Finely chopped shallots</item></ing>
      <ing>
        <amt>
          <qty>1/4</qty>
          <unit>cups</unit></amt>
        <item>Dry white wine</item></ing>
      <ing>
        <amt>
          <qty>16</qty>
          <unit>tablespoons</unit></amt>
        <item>(2 stick) sweet butter</item></ing>
      <ing>
        <amt>
          <qty/>
          <unit/></amt>
        <item>Salt &amp; freshly ground pepepr to taste</item></ing>
      <ing>
        <amt>
          <qty/>
          <unit/></amt>
        <item>Tabasco sauce to taste</item></ing>
      <ing>
        <amt>
          <qty>1/2</qty>
          <unit>teaspoons</unit></amt>
        <item>Worcestershire sauce</item></ing>
      <ing>
        <amt>
          <qty>2</qty>
          <unit>teaspoons</unit></amt>
        <item>Imported mustard such as dijon or dusseldorf</item></ing>
      <ing>
        <amt>
          <qty>2</qty>
          <unit>tablespoons</unit></amt>
        <item>Chopped fresh basil</item></ing>
      <ing>
        <amt>
          <qty>1/4</qty>
          <unit>cups</unit></amt>
        <item>Chopped parsley</item></ing></ingredients>
    <directions>
      <step>  &gt;From The New New York Times Cookbook. I've made this, and it's fantastic!
  I'd also serve this with a chunk of crusty bread to soak up some of hte
  sauce.
  
  Open the clams and arrange them on half shells neatly on a baking sheet.
  Preheat the oven to 450. In a saucepan, combine the chopped shallots and
  wine and cook briefly, stirring. Cut the butter into 1- inch cubes &amp; add
  it. Heat, stirring, until the butter melts. Add salt, pepper, tabasco,
  worcestershire sauce, and mustard. Bring just to the boil, stirring. Cook,
  stirring, for about 5 minutes. Add the basil &amp; let the sauce cool to
  lukewarm.
  
  Spoon the sauce over the clams and bake for 10 minutes. Run the clams under
  the broiler for about 15 seconds, no longer. Sprinkle with parsley. Posted
  to TNT - Prodigy's Recipe Exchange Newsletter  by NAFY67C@prodigy.com
  (DEBORAH EPSTEIN) on Jul 25, 1997
 
</step></directions></recipe></recipeml>
