<?xml version="1.0" encoding="UTF-8"?>

<recipeml version="0.5">
  <recipe>
    <head>
      <title>Baked Chicken Sandwich</title>
      <categories>
        <cat>Sandwich</cat></categories>
      <yield>8</yield></head>
    <ingredients>
      <ing-div>
        <title/>
        <ing>
          <amt>
            <qty>2</qty>
            <unit>cups</unit></amt>
          <item>Chopped chicken</item></ing>
        <ing>
          <amt>
            <qty>1</qty>
            <unit>can</unit></amt>
          <item>Mushroom soup</item></ing>
        <ing>
          <amt>
            <qty>1</qty>
            <unit>can</unit></amt>
          <item>Franco-American gravy mix</item></ing>
        <ing>
          <amt>
            <qty>2</qty>
            <unit>tablespoons</unit></amt>
          <item>Chopped pimento</item></ing>
        <ing>
          <amt>
            <qty>2</qty>
            <unit>tablespoons</unit></amt>
          <item>Chopped onion</item></ing>
        <ing>
          <amt>
            <qty>1</qty>
            <unit>can</unit></amt>
          <item>Water chestnuts; chopped</item></ing>
        <ing>
          <amt>
            <qty>4</qty>
            <unit/></amt>
          <item>Hard-boiled eggs; chopped, optional</item></ing>
        <ing>
          <amt>
            <qty>1/2</qty>
            <unit>cups</unit></amt>
          <item>Chopped bell pepper; optional</item></ing>
        <ing>
          <amt>
            <qty>16</qty>
            <unit>slices</unit></amt>
          <item>Bread</item></ing></ing-div>
      <ing-div>
        <title>SAUCE</title>
        <ing>
          <amt>
            <qty>2</qty>
            <unit>cups</unit></amt>
          <item>Medium white sauce or a cream soup</item></ing>
        <ing>
          <amt>
            <qty>1</qty>
            <unit>can</unit></amt>
          <item>(small) mushrooms</item></ing>
        <ing>
          <amt>
            <qty>4</qty>
            <unit>ounces</unit></amt>
          <item>Cheese; grated</item></ing></ing-div>
      <ing-div>
        <title>DIP INGREDIENTS</title>
        <ing>
          <amt>
            <qty>4</qty>
            <unit/></amt>
          <item>Eggs</item></ing>
        <ing>
          <amt>
            <qty>2</qty>
            <unit>tablespoons</unit></amt>
          <item>Milk</item></ing>
        <ing>
          <amt>
            <qty/>
            <unit/></amt>
          <item>Crushed potato chips</item></ing></ing-div></ingredients>
    <directions>
      <step>   SANDWICHES: Mix all ingredients except bread. Spread sandwiches, wrap in
  foil and freeze until ready to use. To use, dip in 4 beaten eggs mixed with
  2 tablespoons milk, then into crushed potato chips. Bake at 300 degrees for
        1    hour.
  
   SAUCE: Mix all ingredients and heat until cheese is melted.
  
  FROM MAUDE CAINE HOWE
  
  From a collection of my mother's (Judy Hosey) recipe box which contained
  lots of her favorite recipes, clippings, etc.  Downloaded from Glen's MM
  Recipe Archive, http://www.erols.com/hosey.
 
</step></directions></recipe></recipeml>
