<?xml version="1.0" encoding="UTF-8"?>

<recipeml version="0.5">
  <recipe>
    <head>
      <title>Baked Chicken with Provolone and Ziti</title>
      <categories>
        <cat>Poultry</cat></categories>
      <yield>2</yield></head>
    <ingredients>
      <ing>
        <amt>
          <qty>2</qty>
          <unit/></amt>
        <item>Boneless chicken breasts</item></ing>
      <ing>
        <amt>
          <qty>1/2</qty>
          <unit>teaspoons</unit></amt>
        <item>Basil</item></ing>
      <ing>
        <amt>
          <qty>1/2</qty>
          <unit>teaspoons</unit></amt>
        <item>Dill</item></ing>
      <ing>
        <amt>
          <qty>1/2</qty>
          <unit>teaspoons</unit></amt>
        <item>Garlic powder</item></ing>
      <ing>
        <amt>
          <qty>1/4</qty>
          <unit>teaspoons</unit></amt>
        <item>Parsley</item></ing>
      <ing>
        <amt>
          <qty>3</qty>
          <unit>cups</unit></amt>
        <item>Prego sauce or your own</item></ing>
      <ing>
        <amt>
          <qty>2</qty>
          <unit>slices</unit></amt>
        <item>(large) Provolone cheese</item></ing>
      <ing>
        <amt>
          <qty/>
          <unit/></amt>
        <item>Ziti; make the amount you think you will eat!</item></ing></ingredients>
    <directions>
      <step>  Date: Fri, 1 Mar 1996 17:44:16 -0500
  
  From: Wendy Lockman &lt;wlockman@ra1.randomc.com&gt;
  Put the chicken breasts in a baking pan, sprayed with a non-stick spray.
  Sprinkle herbs ontop of chicken breasts. Bake uncovered at 350F for 1 hour.
  Meanwhile, heat the sauce and cook the ziti separate- ly (cook ziti
  according to directions on the box). Once the ziti is cooked and drained,
  return to the saucepan and put a pat of margarine or butter in it. Mix
  well, and pour into another 1-1/2 qt sprayed baking dish. When the chicken
  is finished baking, put it ontop of the ziti, and sprinkle with parmesan
  cheese. Pour the sauce ontop of all and place the cheese ontop of the
  chicken. Put under the broiler until the cheese is melted and bubbly.
  
  Source: The warped mind of Linda Fields Originally posted: July 21, 1992
  
  MM-RECIPES@IDISCOVER.NET
  
  MEAL-MASTER RECIPES LIST SERVER
  
  MM-RECIPES DIGEST V3 #63
  
  From the MealMaster recipe list.  Downloaded from Glen's MM Recipe Archive,
  http://www.erols.com/hosey.
 
</step></directions></recipe></recipeml>
