<?xml version="1.0" encoding="UTF-8"?>

<recipeml version="0.5">
  <recipe>
    <head>
      <title>Baked Chicken with Crab</title>
      <categories>
        <cat>Poultry</cat></categories>
      <yield>8</yield></head>
    <ingredients>
      <ing-div>
        <title/>
        <ing>
          <amt>
            <qty>1</qty>
            <unit>pound</unit></amt>
          <item>Surimi seafood or crab</item></ing>
        <ing>
          <amt>
            <qty>8</qty>
            <unit/></amt>
          <item>Boneless skinless chicken breasts; I use 6 ounce</item></ing>
        <ing>
          <amt>
            <qty>1/8</qty>
            <unit>teaspoons</unit></amt>
          <item>Salt</item></ing>
        <ing>
          <amt>
            <qty>1/4</qty>
            <unit>teaspoons</unit></amt>
          <item>Pepper</item></ing>
        <ing>
          <amt>
            <qty>1/8</qty>
            <unit>cups</unit></amt>
          <item>Olive oil</item></ing>
        <ing>
          <amt>
            <qty>1/4</qty>
            <unit>cups</unit></amt>
          <item>Chablis wine</item></ing></ing-div>
      <ing-div>
        <title>DRESSING</title>
        <ing>
          <amt>
            <qty>12</qty>
            <unit>slices</unit></amt>
          <item>White bread</item></ing>
        <ing>
          <amt>
            <qty>1/4</qty>
            <unit>cups</unit></amt>
          <item>Margarine</item></ing>
        <ing>
          <amt>
            <qty>1/4</qty>
            <unit>cups</unit></amt>
          <item>Onion; diced</item></ing>
        <ing>
          <amt>
            <qty>1/4</qty>
            <unit>cups</unit></amt>
          <item>Celery; diced</item></ing>
        <ing>
          <amt>
            <qty>1/4</qty>
            <unit>cups</unit></amt>
          <item>Chicken stock</item></ing>
        <ing>
          <amt>
            <qty>1</qty>
            <unit>teaspoon</unit></amt>
          <item>Poultry seasoning</item></ing>
        <ing>
          <amt>
            <qty>1/4</qty>
            <unit>teaspoons</unit></amt>
          <item>White pepper</item></ing></ing-div></ingredients>
    <directions>
      <step>  Cut bread into small cubes.
  
  Saute onions and celery in margarine until transparent.  Combine with
  bread.
  
  Mix chicken base, poultry seasoning and pepper together.  Add to bread
  mixture.  If mix is too dry, add a bit more stock.
  
  Add surimi to dressing mix.
  
  Flatten chicken breast to 1/4 inch; season with salt and pepper.
  
  Spread surimi mix on one side of the chicken.
  
  Roll the chicken into a roll and secure with skewers, toothpicks, or
  string.
  
  Brown in oil, then transfer to a pan.  Pour wine over chicken and bake in a
  375 oven for 15 - 20 minutes, or until chicken and stuffing are thoroughly
  cooked.
  Recipe By     : Janet Baker
  
  Posted to EAT-L Digest  9 November 96
  
  Date:    Sat, 9 Nov 1996 23:35:05 -0500
  
  From:    Janet Baker &lt;jbaker@CNMNET.COM&gt;
 
</step></directions></recipe></recipeml>
