<?xml version="1.0" encoding="UTF-8"?>

<recipeml version="0.5">
  <recipe>
    <head>
      <title>Baked Cod on Bed of Peppers</title>
      <categories>
        <cat>Seafood</cat></categories>
      <yield>1</yield></head>
    <ingredients>
      <ing>
        <amt>
          <qty>1</qty>
          <unit>tablespoon</unit></amt>
        <item>Olive oil</item></ing>
      <ing>
        <amt>
          <qty>1</qty>
          <unit>small</unit></amt>
        <item>Onion, halved and slivered</item></ing>
      <ing>
        <amt>
          <qty>1</qty>
          <unit>small</unit></amt>
        <item>Red bell pepper, cored, seeded and cut into 1/4" dice</item></ing>
      <ing>
        <amt>
          <qty>1</qty>
          <unit/></amt>
        <item>Garlic clove, finely minced</item></ing>
      <ing>
        <amt>
          <qty/>
          <unit>pinches</unit></amt>
        <item>Ground allspice</item></ing>
      <ing>
        <amt>
          <qty/>
          <unit/></amt>
        <item>Salt to taste</item></ing>
      <ing>
        <amt>
          <qty/>
          <unit/></amt>
        <item>Black pepper to taste</item></ing>
      <ing>
        <amt>
          <qty>1/4</qty>
          <unit>cups</unit></amt>
        <item>Pitted black olives, chopped</item></ing>
      <ing>
        <amt>
          <qty>1 1/2</qty>
          <unit>tablespoons</unit></amt>
        <item>Chopped parsley</item></ing>
      <ing>
        <amt>
          <qty>2</qty>
          <unit>tablespoons</unit></amt>
        <item>Fresh lemon juice</item></ing>
      <ing>
        <amt>
          <qty>1/4</qty>
          <unit>pounds</unit></amt>
        <item>Piece of cod or halibut (1" thick), bones removed</item></ing></ingredients>
    <directions>
      <step>  Cooking in foil packets is a fast, fool-proof way to prepare fish and
  vegetables.
  
  1. Preheat oven to 350'F.
  
  2. Heat oil in a nonstick skillet over low heat. Cook onion for 5
  minutes. Add bell pepper, garlic, allspice, salt and pepper. Cook
  another 5 minutes, stirring.
  
  3. Add olives, 1 tablespoon parsley and 1 tablespoon lemon juice; toss
  well.
  
  4. Fold a piece of foil, 18" long, in half crosswise; reopen and place
  vegetables at center of one side. Top with fish.
  
  5. Drizzle fish with remaining lemon juice. Season with salt, pepper
  and remaining parsley.
  
  6. Fold other half of foil over the fish and crimp edges together
  well to make a tightly sealed packet. Bake for 15 minutes on a baking
  sheet. Remove from oven and let rest for 2 minutes.
  
  7. Serve immediately, cutting the packet open at the table to get the
  delicious aroma. Carefully remove fish to a plate.
  
  Serve one: 328 calories, 18 grams fat, 49 milligrams cholesterol.
  
  From Tuscon area newspapers, 1994, 3rd quarter, courtest Mike Orchekowski.
  File ftp://ftp.idiscover.co.uk/pub/food/mealmaster/recipes/tn-94q3.zip
 
</step></directions></recipe></recipeml>
