<?xml version="1.0" encoding="UTF-8"?>

<recipeml version="0.5">
  <recipe>
    <head>
      <title>Baked Chicken with Herbs</title>
      <categories>
        <cat>All newly t</cat>
        <cat>Poultry</cat></categories>
      <yield>7</yield></head>
    <ingredients>
      <ing>
        <amt>
          <qty>1</qty>
          <unit/></amt>
        <item>2-1/2lb broiler-fryer chicken</item></ing>
      <ing>
        <amt>
          <qty>2</qty>
          <unit>tablespoons</unit></amt>
        <item>Margarine or butter</item></ing>
      <ing>
        <amt>
          <qty>2</qty>
          <unit>tablespoons</unit></amt>
        <item>Olive or vegetable oil</item></ing>
      <ing>
        <amt>
          <qty>1/4</qty>
          <unit>cups</unit></amt>
        <item>Finely chopped onion</item></ing>
      <ing>
        <amt>
          <qty>1/4</qty>
          <unit>cups</unit></amt>
        <item>Lemon juice</item></ing>
      <ing>
        <amt>
          <qty>2</qty>
          <unit>tablespoons</unit></amt>
        <item>Worcestershire sauce</item></ing>
      <ing>
        <amt>
          <qty>1/2</qty>
          <unit>teaspoons</unit></amt>
        <item>Dried basil leaves</item></ing>
      <ing>
        <amt>
          <qty>1/4</qty>
          <unit>teaspoons</unit></amt>
        <item>Dried marjoram</item></ing>
      <ing>
        <amt>
          <qty>1/4</qty>
          <unit>teaspoons</unit></amt>
        <item>Dried oregano</item></ing>
      <ing>
        <amt>
          <qty>2</qty>
          <unit>large</unit></amt>
        <item>Cloves garlic; finely chopped</item></ing></ingredients>
    <directions>
      <step>  Cut chicken into pieces; cut each breast half into halves and remove skin.
  Heat margarine and oil in rectangular pan 13x9x2 inches in 375 oven until
  margarine is melted. Stir in remaining ingredients except chicken. Place
  chicken, meaty side down, in pan, turning to coat with herb mixture. Cook
  uncovered 30 minutes. Turn chicken; cook until thickest pieces are done,
  about 30 minutes longer.
  
  Recipe by: Betty Crocker's Red Spoon Collection Posted to MC-Recipe Digest
  V1 #682 by L979@aol.com on Jul 21, 1997
 
</step></directions></recipe></recipeml>
