<?xml version="1.0" encoding="UTF-8"?>

<recipeml version="0.5">
  <recipe>
    <head>
      <title>Baked Chicken with Cider and Apples</title>
      <categories>
        <cat>Chicken</cat>
        <cat>Main dish</cat>
        <cat>Fruits</cat></categories>
      <yield>6</yield></head>
    <ingredients>
      <ing-div>
        <title>RADIS BGMB90B</title>
        <ing>
          <amt>
            <qty>3</qty>
            <unit>pounds</unit></amt>
          <item>Meaty chicken pieces</item></ing>
        <ing>
          <amt>
            <qty>2</qty>
            <unit>cups</unit></amt>
          <item>Apple cider</item></ing>
        <ing>
          <amt>
            <qty>1/2</qty>
            <unit>cups</unit></amt>
          <item>Flour</item></ing>
        <ing>
          <amt>
            <qty>1</qty>
            <unit>teaspoon</unit></amt>
          <item>Cinnamon</item></ing>
        <ing>
          <amt>
            <qty>1</qty>
            <unit>teaspoon</unit></amt>
          <item>Ground ginger</item></ing>
        <ing>
          <amt>
            <qty>1/2</qty>
            <unit>teaspoons</unit></amt>
          <item>Salt</item></ing>
        <ing>
          <amt>
            <qty>1/4</qty>
            <unit>teaspoons</unit></amt>
          <item>Freshly ground pepper</item></ing>
        <ing>
          <amt>
            <qty>1</qty>
            <unit>tablespoon</unit></amt>
          <item>Brown sugar; up to 3 T</item></ing>
        <ing>
          <amt>
            <qty>2</qty>
            <unit>tablespoons</unit></amt>
          <item>Applejack; or cider</item></ing>
        <ing>
          <amt>
            <qty>2</qty>
            <unit>medium</unit></amt>
          <item>Cooking apples; cored; and into this wedges</item></ing></ing-div></ingredients>
    <directions>
      <step>  1. Wash the chicken pieces, pat dry and remove the skin and visible fat, if
  desired. Place the chicken pieces in a large nonmetal bowl or container and
  pour the cider over the chicken. Cover and refrigerate overnight, turning
  the pieces occasionally.
  
  2. Preheat the oven to 350 deg. Remover the chicken from the cider,
  reserving the cider/ 3. In a shallow bowl or plastic bag, combine the
  flour, ginger, cinnamon, salt and pepper. coat the chicken pieces with the
  flour mixture. If using a plastic bag, add the chicken pieces to the bag, a
  few at a time. close the bag and shake to coat the pieces well.
  
  4. Place he chicken pieces in a 3 quart rectangular baking dish. Bake in
  the 350 deg. oven for 30 minutes.
  
  5. Meanwhile, in a medium mixing bowl, combine 1 1/2 cups of the reserved
  cider, the brown sugar and applejack or cider. Stir in the apple slices.
  
  6. After the chicken has baked for 30 minutes, pour the apple mixture over
  it, then continue to bake about 25 minutes more or until chicken is tender
  and no longer pink, basting occasionally with the pan juices. SOURCE;
  United Methodist Women's Gourmet Fellowship, 5oth ANNIVERSARY COOKBOOK,
  Trumbull, CT. Actually copied from BEST COMMUNITY RECIPES; Better Homes and
  Gardens; Des Moines, Iowa 1994; IBSN: 0-696-20095-3
  Posted to MC-Recipe Digest V1 #813 by Nancy Berry &lt;nlberry@prodigy.net&gt; on
  Sep 28, 1997
 
</step></directions></recipe></recipeml>
