<?xml version="1.0" encoding="UTF-8"?>

<recipeml version="0.5">
  <recipe>
    <head>
      <title>Baked Clams with Black Bean Sauce</title>
      <categories>
        <cat>Seafood</cat></categories>
      <yield>6</yield></head>
    <ingredients>
      <ing>
        <amt>
          <qty>24</qty>
          <unit/></amt>
        <item>Clams</item></ing>
      <ing>
        <amt>
          <qty>1</qty>
          <unit>tablespoon</unit></amt>
        <item>Sesame oil</item></ing>
      <ing>
        <amt>
          <qty>2</qty>
          <unit>teaspoons</unit></amt>
        <item>Ginger, fresh; finely grated</item></ing>
      <ing>
        <amt>
          <qty>2</qty>
          <unit>teaspoons</unit></amt>
        <item>Garlic; minced</item></ing>
      <ing>
        <amt>
          <qty>1/2</qty>
          <unit>teaspoons</unit></amt>
        <item>Red pepper flakes</item></ing>
      <ing>
        <amt>
          <qty>1/4</qty>
          <unit>cups</unit></amt>
        <item>Fermented black beans; rinsed &amp; mashed</item></ing>
      <ing>
        <amt>
          <qty>2</qty>
          <unit>tablespoons</unit></amt>
        <item>Wine, white</item></ing>
      <ing>
        <amt>
          <qty>1</qty>
          <unit>tablespoon</unit></amt>
        <item>Soy sauce</item></ing>
      <ing>
        <amt>
          <qty>3</qty>
          <unit>tablespoons</unit></amt>
        <item>Scallion; chopped white and green part</item></ing></ingredients>
    <directions>
      <step>  Shuck the clams and place them on a baking sheet. Set aside.
  
  Combine the remaining ingredients in a small saucepan and bring to a boil
  over medium heat.
  
  Spoon the mixture on top of the mollusks.  Bake for 5 to 7 minutes at 450F,
  or until cooked but not tough. Serve immediately.
  
  Per Serving: 84 Calories, 9 g Protein, 4 g Carbohydrates, 3 g Fat, 0.4 g
  Saturated Fat, 21 mg Cholesterol, 566 mg Sodium
  
                        [THE WASHINGTON POST; August 29, 1990]
                         per Fred Peters
                         Echonet RECIPE_CORNER echo
  
  From Gemini's MASSIVE MealMaster collection at www.synapse.com/~gemini
 
</step></directions></recipe></recipeml>
