<?xml version="1.0" encoding="UTF-8"?>

<recipeml version="0.5">
  <recipe>
    <head>
      <title>Baked Clam Dip</title>
      <categories>
        <cat>None</cat></categories>
      <yield>1</yield></head>
    <ingredients>
      <ing>
        <amt>
          <qty>2</qty>
          <unit>cans</unit></amt>
        <item>High-quality minced clams; drained, but reserve the juice</item></ing>
      <ing>
        <amt>
          <qty>3</qty>
          <unit>packages</unit></amt>
        <item>(8-oz) Philadelphia cream cheese; softened</item></ing>
      <ing>
        <amt>
          <qty/>
          <unit/></amt>
        <item>Salt; to taste</item></ing>
      <ing>
        <amt>
          <qty>1</qty>
          <unit>medium</unit></amt>
        <item>Onion; grated - use juice, too</item></ing>
      <ing>
        <amt>
          <qty/>
          <unit/></amt>
        <item>Cayenne pepper; to taste</item></ing></ingredients>
    <directions>
      <step>  Combine clams, softened cream cheese, grated onion and juice. Add salt, to
  taste, and enough of the clam juice to make "dippable." Add the cayenne, to
  taste. Stir and place in an au gratin dish or other broiler-proof container
  and position under broiler until it browns a bit. Switch oven to Bake, and
  set at 300 degrees. Bake for about 30 minutes, or until thoroughly heated
  through. Serve with bagel chips, melba toast rounds, and other
  lightly-flavored crackers (it's the dip you want to taste).
  
  Posted to TNT Recipes Digest by Patricia McGibbony-Mangum
  &lt;pmangum@primenet.com&gt; on Apr 09, 1998
 
</step></directions></recipe></recipeml>
