<?xml version="1.0" encoding="UTF-8"?>

<recipeml version="0.5">
  <recipe>
    <head>
      <title>Baked Chicken with Sun-Dried Tomato Pesto</title>
      <categories>
        <cat>*</cat>
        <cat>Poultry</cat></categories>
      <yield>4</yield></head>
    <ingredients>
      <ing>
        <amt>
          <qty>3</qty>
          <unit>pounds</unit></amt>
        <item>Skinless chicken parts</item></ing>
      <ing>
        <amt>
          <qty>1/2</qty>
          <unit>cups</unit></amt>
        <item>Sun-dried tomatoes; oil-packed</item></ing>
      <ing>
        <amt>
          <qty>2</qty>
          <unit>tablespoons</unit></amt>
        <item>Oil from tomatoes</item></ing>
      <ing>
        <amt>
          <qty>1/4</qty>
          <unit>cups</unit></amt>
        <item>Fresh basil leaves; packed</item></ing>
      <ing>
        <amt>
          <qty>2 1/2</qty>
          <unit>tablespoons</unit></amt>
        <item>Parmesan cheese</item></ing>
      <ing>
        <amt>
          <qty>1</qty>
          <unit/></amt>
        <item>Clove garlic</item></ing>
      <ing>
        <amt>
          <qty>1/8</qty>
          <unit>teaspoons</unit></amt>
        <item>Ground black pepper</item></ing></ingredients>
    <directions>
      <step>  Heat oven to 500 degrees. Line a 13"x9"x2" baking pan with foil. Arrange
  chicken pieces in pan. In a food processor combine sundried tomatoes, oil,
  basil, parmesan cheese, garlic and pepper. Whirl until smooth. Spread 1/2
  (about 1/4 cup) of the pesto over the chicken. Bake for 15 mins. Remove
  from oven. Heat broiler. Spread remaining pesto over chicken. Broil 6" from
  heat for 3-5 mins or until browned. Serve with steamed new potatoes.
  
  Source-Family Circle-July 15, 1997 Formatted for Mastercook by Carol
  Floyd-c.floyd@arnprior.com
  
  Recipe by: Family Circle-July 15, 1997
  
  Posted to MC-Recipe Digest by Carol &amp; Bob Floyd &lt;c.floyd@arnprior.com&gt; on
  Apr 14, 1998
 
</step></directions></recipe></recipeml>
