<?xml version="1.0" encoding="UTF-8"?>

<recipeml version="0.5">
  <recipe>
    <head>
      <title>Baked Chicken or Fish</title>
      <categories>
        <cat>None</cat></categories>
      <yield>1</yield></head>
    <ingredients>
      <ing-div>
        <title>BAKING MIX</title>
        <ing>
          <amt>
            <qty>1</qty>
            <unit>cup</unit></amt>
          <item>Oat bran</item></ing>
        <ing>
          <amt>
            <qty>1</qty>
            <unit>cup</unit></amt>
          <item>Dry whole grain bread crumbs</item></ing>
        <ing>
          <amt>
            <qty>2</qty>
            <unit>teaspoons</unit></amt>
          <item>Instant chicken or vegie broth</item></ing>
        <ing>
          <amt>
            <qty>2</qty>
            <unit>teaspoons</unit></amt>
          <item>Paprika</item></ing>
        <ing>
          <amt>
            <qty>1</qty>
            <unit>teaspoon</unit></amt>
          <item>Poultry seasoning</item></ing>
        <ing>
          <amt>
            <qty>1</qty>
            <unit>teaspoon</unit></amt>
          <item>Onion powder</item></ing>
        <ing>
          <amt>
            <qty>1</qty>
            <unit>teaspoon</unit></amt>
          <item>Oregano, crumbled</item></ing>
        <ing>
          <amt>
            <qty>1</qty>
            <unit>teaspoon</unit></amt>
          <item>Rosemary, crumbled</item></ing>
        <ing>
          <amt>
            <qty>1</qty>
            <unit>teaspoon</unit></amt>
          <item>Sea salt</item></ing>
        <ing>
          <amt>
            <qty>1/4</qty>
            <unit>teaspoons</unit></amt>
          <item>Pepper</item></ing>
        <ing>
          <amt>
            <qty>1/4</qty>
            <unit>teaspoons</unit></amt>
          <item>Garlic powder</item></ing></ing-div></ingredients>
    <directions>
      <step>  FOR BAKED CHICKEN
     Place 1/4 c. Baking Mix per cut up chicken  in brown paper bag.  Skin
  chicken pieces and wash in cold water;  blot dry with paper towels. Moisten
  chicken with tomato juice or skim milk--we're talking damp, not wet.  Put
  all chicken pieces in bag at once;  close bag, trapping air inside, and
  shake until all pieces are coated.  Add more mix, if necessary.  Arrange
  chicken on a cooling rack to dry 15 minutes while oven preheats to 450
  degrees.
     Spray a shallow roasting pan liberally with cooking spray or grease with
  mixture of lecithin and oil. Arrange chicken pieces skin-side down and bake
  on lower rack of oven 15 minutes. Turn chicken and continue baking 20
  minutes until tender, golden brown, and no longer pink inside.
  
  FOR BAKED FISH
     Rinse fish fillets and blot dry.  Cut into small portions or sticks.
  Combine 1 egg white and 2 T. skim milk;  pour baking mix into shallow dish
  or plate.  Dip fish pieces in milk mixture, then press into baking mix to
  coat.  Arrange on lightly greased baking sheet and let dry 10 minutes while
  oven is preheating to 425 degrees.  Bake about 15 minutes.
  
  Posted to Digest eat-lf.v096.n207
  
  Date: Sat, 2 Nov 1996 08:10:19 -0800
  
  From: Gretchen Gregory &lt;livrite@aa.net&gt;
 
</step></directions></recipe></recipeml>
