<?xml version="1.0" encoding="UTF-8"?>

<recipeml version="0.5">
  <recipe>
    <head>
      <title>Baked Corned Beef</title>
      <categories>
        <cat>None</cat></categories>
      <yield>4</yield></head>
    <ingredients>
      <ing-div>
        <title/>
        <ing>
          <amt>
            <qty>5</qty>
            <unit>pounds</unit></amt>
          <item>Corned beef; (up to 6)</item></ing>
        <ing>
          <amt>
            <qty>1</qty>
            <unit>medium</unit></amt>
          <item>Onion; sliced</item></ing>
        <ing>
          <amt>
            <qty>1</qty>
            <unit>small</unit></amt>
          <item>Carrot ; peeled and sliced</item></ing>
        <ing>
          <amt>
            <qty>1</qty>
            <unit/></amt>
          <item>Bay leaf</item></ing>
        <ing>
          <amt>
            <qty/>
            <unit/></amt>
          <item>Water to cover</item></ing>
        <ing>
          <amt>
            <qty>2</qty>
            <unit/></amt>
          <item>Onions; sliced</item></ing>
        <ing>
          <amt>
            <qty>1</qty>
            <unit/></amt>
          <item>Bottle non-alcoholic beer</item></ing></ing-div>
      <ing-div>
        <title>BAKING MIXTURE</title>
        <ing>
          <amt>
            <qty>1/2</qty>
            <unit>pounds</unit></amt>
          <item>Brown sugar</item></ing>
        <ing>
          <amt>
            <qty>1</qty>
            <unit>tablespoon</unit></amt>
          <item>Chili powder</item></ing>
        <ing>
          <amt>
            <qty>1/2</qty>
            <unit>cups</unit></amt>
          <item>Onion; chopped fine</item></ing>
        <ing>
          <amt>
            <qty>2</qty>
            <unit>teaspoons</unit></amt>
          <item>Garlic; chopped fine</item></ing>
        <ing>
          <amt>
            <qty>1</qty>
            <unit>dash</unit></amt>
          <item>Ground cloves</item></ing>
        <ing>
          <amt>
            <qty>4</qty>
            <unit>ounces</unit></amt>
          <item>Tomato juice</item></ing>
        <ing>
          <amt>
            <qty>3</qty>
            <unit>dashes</unit></amt>
          <item>Ground white pepper</item></ing>
        <ing>
          <amt>
            <qty>1/4</qty>
            <unit>cups</unit></amt>
          <item>Vegetable oil</item></ing></ing-div></ingredients>
    <directions>
      <step>  http://www.goodcooking.com/Cornbeef.htm
  
  Open the package of corned beef and rinse under cold water. Place in a pot
  with 1 sliced onion, the carrot and bay leaf. Bring to a boil and then
  reduce the heat and simmer for two hours, partially covered. Remove from
  the pot and place in a baking pan on top of two sliced onions. Combine the
  ingredients for the baking mixture and mix well. Pour the non-alcoholic
  beer over the corned beef then, place the baking mixture over the top of
  the corned beef and cover loosely with aluminum foil and place in a
  pre-heated oven at 325 degrees F for 1 1/2 hours. Uncover during the last
  half hour and begin basting with the pan juices. Check for tenderness and
  if necessary cook a little longer until the desired doneness is achieved.
  You may also want to briefly place the
  
  roast under a broiler to crisp it up. Remove from the pan and place on a
  serving platter and keep warm. Place the juices in the baking pan in a
  sauce pot, bring to a boil, reduce the heat and cook until slightly
  thickened, like maple syrup. Slice the roast across the grain of the meat
  and serve with the reduced sauce and your choice of accompaniments.
  
  =A9 1997 by Good Cooking, Inc. Recipe by Chef John J. Vyhnanek, Good
  Cooking
  Posted to recipelu-digest by LSHW &lt;shusky@erols.com&gt; on Feb 20, 1998
 
</step></directions></recipe></recipeml>
