<?xml version="1.0" encoding="UTF-8"?>

<recipeml version="0.5">
  <recipe>
    <head>
      <title>Baked Corn Cakes</title>
      <categories>
        <cat>None</cat></categories>
      <yield>1</yield></head>
    <ingredients>
      <ing>
        <amt>
          <qty>1/4</qty>
          <unit>cups</unit></amt>
        <item>Softened butter</item></ing>
      <ing>
        <amt>
          <qty>1/2</qty>
          <unit>cups</unit></amt>
        <item>Masa harina</item></ing>
      <ing>
        <amt>
          <qty>1/4</qty>
          <unit>cups</unit></amt>
        <item>Water</item></ing>
      <ing>
        <amt>
          <qty>1/4</qty>
          <unit>cups</unit></amt>
        <item>Stone-ground cornmeal</item></ing>
      <ing>
        <amt>
          <qty>1</qty>
          <unit>cup</unit></amt>
        <item>Grated fresh corn (about 3 ears)</item></ing>
      <ing>
        <amt>
          <qty>2</qty>
          <unit>tablespoons</unit></amt>
        <item>Sugar</item></ing>
      <ing>
        <amt>
          <qty>1/2</qty>
          <unit>teaspoons</unit></amt>
        <item>Baking powder</item></ing>
      <ing>
        <amt>
          <qty>1/2</qty>
          <unit>teaspoons</unit></amt>
        <item>Salt</item></ing>
      <ing>
        <amt>
          <qty>2</qty>
          <unit>tablespoons</unit></amt>
        <item>Crema Mexicana or heavy cream</item></ing></ingredients>
    <directions>
      <step>  Recipes by Jacqueline Higuera McMahan
  
  These simple corn cakes are the perfect accompaniment to grilled meats or
  poultry, or to a bowl of fiery chili. The texture is grainier than
  cornbread and the flavor is reminiscent of tamales made with fresh corn.
  They're irresistible!
  
  INSTRUCTIONS: Preheat the oven to 350 degrees. Grease an 8-inch square
  baking pan. Place the butter in the bowl of an electric mixer. Gradually
  beat in the masa harina, water and cornmeal to make a thick batter. Blend
  in the grated corn and sugar. Gently blend in the baking powder, salt and
  cream.
  
  Pour into the prepared pan, cover tightly with foil, and bake for 35
  minutes, or until the cake is firm.
  
  Cut into squares and serve hot or warm.
  
  Serves 8.
  
  PER SERVING: 145 calories, 2 g protein, 19 g carbohydrate, 8 g fat (5 g
  saturated), 21 mg cholesterol, 209 mg sodium, 2 g fiber. Posted to
  CHILE-HEADS DIGEST V4 #102 by Bob Batson &lt;bob@sky.net&gt; on Aug 28, 1997
 
</step></directions></recipe></recipeml>
