<?xml version="1.0" encoding="UTF-8"?>

<recipeml version="0.5">
  <recipe>
    <head>
      <title>Baked Chicken Parmesan</title>
      <categories>
        <cat>Poultry</cat></categories>
      <yield>6</yield></head>
    <ingredients>
      <ing>
        <amt>
          <qty>5</qty>
          <unit>tablespoons</unit></amt>
        <item>Melted unsalted butter</item></ing>
      <ing>
        <amt>
          <qty>1</qty>
          <unit>tablespoon</unit></amt>
        <item>Dry mustard or Dijon mustard</item></ing>
      <ing>
        <amt>
          <qty>3/4</qty>
          <unit>cups</unit></amt>
        <item>Dried bread crumbs</item></ing>
      <ing>
        <amt>
          <qty>1/2</qty>
          <unit>cups</unit></amt>
        <item>Fresh grated Parmesan cheese</item></ing>
      <ing>
        <amt>
          <qty>2</qty>
          <unit>tablespoons</unit></amt>
        <item>Chopped fresh parsley</item></ing>
      <ing>
        <amt>
          <qty>1</qty>
          <unit>teaspoon</unit></amt>
        <item>Dried basil</item></ing>
      <ing>
        <amt>
          <qty>8</qty>
          <unit/></amt>
        <item>Chicken thighs,bone in,split</item></ing></ingredients>
    <directions>
      <step>  1.Preheat the oven to 400=B0  Lightly grease a 9" x 15" baking dish.
  
  2.In a shallow bowl, combine the butter with the mustard.
  
  3.In another shallow bowl, blend together the bread crumbs, cheese,
  parsley, and basil.
  
  4.Dip the chicken pieces first into the mustard mixture, and then coat with
  the bread crumb mixture. Place skin side up in the baking dish.
  
  5.Bake, uncovered for 45 minutes.
  
  Serves 6
  
  From Gemini's MASSIVE MealMaster collection at www.synapse.com/~gemini
 
</step></directions></recipe></recipeml>
