<?xml version="1.0" encoding="UTF-8"?>

<recipeml version="0.5">
  <recipe>
    <head>
      <title>Baked Clams W/tasso Gratinee &amp; Saffron</title>
      <categories>
        <cat>Seafood</cat></categories>
      <yield>4</yield></head>
    <ingredients>
      <ing-div>
        <title/>
        <ing>
          <amt>
            <qty>8</qty>
            <unit>ounces</unit></amt>
          <item>Tasso; finely diced</item></ing>
        <ing>
          <amt>
            <qty>1</qty>
            <unit>cup</unit></amt>
          <item>Bread crumbs</item></ing>
        <ing>
          <amt>
            <qty>1</qty>
            <unit>tablespoon</unit></amt>
          <item>Essence</item></ing>
        <ing>
          <amt>
            <qty>1/2</qty>
            <unit>cups</unit></amt>
          <item>Parmigiano-Reggiano cheese grated</item></ing>
        <ing>
          <amt>
            <qty>12</qty>
            <unit>medium</unit></amt>
          <item>Calms; on the half shell</item></ing></ing-div>
      <ing-div>
        <title>SAFFRON SABAYON</title>
        <ing>
          <amt>
            <qty>4</qty>
            <unit/></amt>
          <item>Egg yolks</item></ing>
        <ing>
          <amt>
            <qty>1</qty>
            <unit/></amt>
          <item>Lemon; juice of</item></ing>
        <ing>
          <amt>
            <qty>1</qty>
            <unit>pinch</unit></amt>
          <item>Saffron</item></ing>
        <ing>
          <amt>
            <qty/>
            <unit/></amt>
          <item>Salt and pepper</item></ing>
        <ing>
          <amt>
            <qty>2</qty>
            <unit>tablespoons</unit></amt>
          <item>Chives; chopped</item></ing>
        <ing>
          <amt>
            <qty>2</qty>
            <unit>tablespoons</unit></amt>
          <item>Brunoise red peppers</item></ing>
        <ing>
          <amt>
            <qty>2</qty>
            <unit>tablespoons</unit></amt>
          <item>Brunoise yellow peppers</item></ing>
        <ing>
          <amt>
            <qty>Date:</qty>
            <unit>29</unit></amt>
          <item>Apr 96 00:06:37 EDT</item></ing></ing-div></ingredients>
    <directions>
      <step>  From: "Lisabeth Crawford (Pooh)" &lt;104105.1416@CompuServe.COM&gt;
 
</step></directions></recipe></recipeml>
