<?xml version="1.0" encoding="UTF-8"?>

<recipeml version="0.5">
  <recipe>
    <head>
      <title>Baked Chicken Parmesan</title>
      <categories>
        <cat>Poultry</cat></categories>
      <yield>4</yield></head>
    <ingredients>
      <ing>
        <amt>
          <qty>4</qty>
          <unit/></amt>
        <item>Chicken breasts (boneless; skinless)</item></ing>
      <ing>
        <amt>
          <qty>7</qty>
          <unit>tablespoons</unit></amt>
        <item>Melted butter</item></ing>
      <ing>
        <amt>
          <qty>2</qty>
          <unit>tablespoons</unit></amt>
        <item>Dijon mustard</item></ing>
      <ing>
        <amt>
          <qty>3/4</qty>
          <unit>cups</unit></amt>
        <item>Dried bread crumbs (Italian Style)</item></ing>
      <ing>
        <amt>
          <qty>1/2</qty>
          <unit>cups</unit></amt>
        <item>Grated Parmesan</item></ing>
      <ing>
        <amt>
          <qty>2</qty>
          <unit>tablespoons</unit></amt>
        <item>Chopped dried parsley</item></ing>
      <ing>
        <amt>
          <qty>1</qty>
          <unit>teaspoon</unit></amt>
        <item>Dried basil</item></ing>
      <ing>
        <amt>
          <qty>From:</qty>
          <unit/></amt>
        <item>The Overstreets &lt;billover@NETDOOR.COM&gt;</item></ing>
      <ing>
        <amt>
          <qty>Date:</qty>
          <unit/></amt>
        <item>Wed, 21 Aug 1996 16:59:32 -0700</item></ing></ingredients>
    <directions>
      <step>  Weekly Feature Recipe from "Aa-a-a-hh-h, Now You're Cooking!" Come visit
  our HomePage at ... http://www2.netdoor.com/~billover/index.html
  
  Preheat oven to 400.  Lighlty grease a 9"x15" baking dish.  In a shallow
  bowl, combine butter with the mustard.  In another shallow bowl, blend
  together bread crumbs, cheese, parsley and basil.  Dip chicken pieces first
  into the mustard mixture, and then coat with the bread crumb mixture. Place
  skin side up in the baking dish.  Bake, uncovered, for 45 minutes.
  
  EAT-L Digest 22 August 96
  
  From the EAT-L recipe list.  Downloaded from Glen's MM Recipe Archive,
  http://www.erols.com/hosey.
 
</step></directions></recipe></recipeml>
