<?xml version="1.0" encoding="UTF-8"?>

<recipeml version="0.5">
  <recipe>
    <head>
      <title>Baked Chicken Legs</title>
      <categories>
        <cat>Poultry</cat>
        <cat>Ethnic</cat></categories>
      <yield>4</yield></head>
    <ingredients>
      <ing>
        <amt>
          <qty>4</qty>
          <unit/></amt>
        <item>Chickenlegs with thighs and</item></ing>
      <ing>
        <amt>
          <qty/>
          <unit/></amt>
        <item>Backs.</item></ing>
      <ing>
        <amt>
          <qty>4</qty>
          <unit>tablespoons</unit></amt>
        <item>Oliveoil</item></ing>
      <ing>
        <amt>
          <qty>4</qty>
          <unit/></amt>
        <item>Garlic Cloves,peeled,halved</item></ing>
      <ing>
        <amt>
          <qty>2</qty>
          <unit/></amt>
        <item>Bayleafs</item></ing>
      <ing>
        <amt>
          <qty/>
          <unit/></amt>
        <item>Estragon, to taste</item></ing>
      <ing>
        <amt>
          <qty/>
          <unit/></amt>
        <item>Thyme, Sage to taste</item></ing>
      <ing>
        <amt>
          <qty>4</qty>
          <unit>pinches</unit></amt>
        <item>Saffron</item></ing>
      <ing>
        <amt>
          <qty/>
          <unit/></amt>
        <item>Salt, Pepper to taste</item></ing>
      <ing>
        <amt>
          <qty>18</qty>
          <unit>ounces</unit></amt>
        <item>Tomatoes,peeled,quartered</item></ing>
      <ing>
        <amt>
          <qty>20</qty>
          <unit/></amt>
        <item>Olives, black</item></ing>
      <ing>
        <amt>
          <qty>2</qty>
          <unit>cups</unit></amt>
        <item>Wine,white dry</item></ing>
      <ing>
        <amt>
          <qty>2</qty>
          <unit>cups</unit></amt>
        <item>Chickenbroth</item></ing></ingredients>
    <directions>
      <step>  1.Salt and skin chickenlegs. Fry in hot oil till light
  brown;add the wine and the broth, bring to a boil than
  let simmer.
  
  2. Add the seasons,tomatoes and olives.Cover and
  simmer for about 1 hour. 3.Take chicken out and keep
  warm, por gravy through a sieve and let it boil down
  to half the volume;about 10 minutes. 4.Add olives back
  to gravy and pour over chicken and serve with bread.
  recipe by C. Wulf translated by Brigitte Sealing
  Cyberealm BBS 315-786-1120
  
  From Gemini's MASSIVE MealMaster collection at www.synapse.com/~gemini
 
</step></directions></recipe></recipeml>
