<?xml version="1.0" encoding="UTF-8"?>

<recipeml version="0.5">
  <recipe>
    <head>
      <title>Baked Chicken Waldine</title>
      <categories>
        <cat>Chicken</cat></categories>
      <yield>4</yield></head>
    <ingredients>
      <ing>
        <amt>
          <qty>4</qty>
          <unit/></amt>
        <item>Chicken breasts; bone-in, skinless</item></ing>
      <ing>
        <amt>
          <qty>1</qty>
          <unit>tablespoon</unit></amt>
        <item>I Can't Believe It's Not Buter, spray/liquid form</item></ing>
      <ing>
        <amt>
          <qty>1</qty>
          <unit>teaspoon</unit></amt>
        <item>Granulated garlic</item></ing>
      <ing>
        <amt>
          <qty>1</qty>
          <unit>teaspoon</unit></amt>
        <item>Grated parmesan cheese</item></ing>
      <ing>
        <amt>
          <qty/>
          <unit/></amt>
        <item>Poultry seasoning</item></ing>
      <ing>
        <amt>
          <qty/>
          <unit/></amt>
        <item>Creole seasoning</item></ing>
      <ing>
        <amt>
          <qty/>
          <unit/></amt>
        <item>Granulated garlic</item></ing></ingredients>
    <directions>
      <step>  Preheat oven to 375 degrees. Combine I Can't Believe It's Not Butter,
  garlic and parmesan cheese in a small bowl. Place chicken on a baking
  sheet. Sprinkle each breast with a pinch of poultry seasoning, creole
  seasoning and granulated garlic. Using a pastry brush, brush each breast
  with a little of the butter mixture. Bake at 375 degrees for 1 hour,
  turning once half-way through baking time. Place chicken under the broiler
  if it's not brown enough. Use chicken immediately, or refrigerate for use
  in chicken salad, or freeze for later use. Notes: Recipe can easily be
  doubled. Extra butter mixture can be brushed on top of biscuits before
  baking to add flavor. Recipe from Waldine Van Geffen vghc42a@prodigy.com.
  Formatted by Lynn Thomas dcqp82a@prodigy. com. Lynn's notes: I made this
  9-8-97 and doubled the recipe. Used boneless, skinless chicken breasts,
  sprinkled with chili powder, black pepper and granulated garlic and baked
  for 20 minutes per side. Very tasty way to do chicken.
  
  Recipe by: Waldine Van Geffen
  
  Posted to TNT - Prodigy's Recipe Exchange Newsletter  by
  WWGQ25C@prodigy.com (MRS LYNN P THOMAS) on 9 Se, p 1997
 
</step></directions></recipe></recipeml>
