<?xml version="1.0" encoding="UTF-8"?>

<recipeml version="0.5">
  <recipe>
    <head>
      <title>Baked Christmas Pudding with Brandy Sauce</title>
      <categories>
        <cat>Christmas</cat>
        <cat>Desserts</cat>
        <cat>Kooknet</cat></categories>
      <yield>10</yield></head>
    <ingredients>
      <ing>
        <amt>
          <qty>1/4</qty>
          <unit>cups</unit></amt>
        <item>Butter or margarine, softened</item></ing>
      <ing>
        <amt>
          <qty>1/4</qty>
          <unit>cups</unit></amt>
        <item>Sugar</item></ing>
      <ing>
        <amt>
          <qty>2</qty>
          <unit/></amt>
        <item>Eggs</item></ing>
      <ing>
        <amt>
          <qty>3/4</qty>
          <unit>cups</unit></amt>
        <item>Molasses</item></ing>
      <ing>
        <amt>
          <qty>1 1/2</qty>
          <unit>cups</unit></amt>
        <item>Finely chopped mixed candied fruit</item></ing>
      <ing>
        <amt>
          <qty>1/2</qty>
          <unit>cups</unit></amt>
        <item>Finely chopped yellow candied pineapple</item></ing>
      <ing>
        <amt>
          <qty>1/2</qty>
          <unit>cups</unit></amt>
        <item>Chopped pecans</item></ing>
      <ing>
        <amt>
          <qty>1 1/2</qty>
          <unit>cups</unit></amt>
        <item>All-purpose flour, divided</item></ing>
      <ing>
        <amt>
          <qty>1 1/2</qty>
          <unit>teaspoons</unit></amt>
        <item>Baking powder</item></ing>
      <ing>
        <amt>
          <qty>3/4</qty>
          <unit>teaspoons</unit></amt>
        <item>Baking soda</item></ing>
      <ing>
        <amt>
          <qty>1/2</qty>
          <unit>teaspoons</unit></amt>
        <item>Salt</item></ing>
      <ing>
        <amt>
          <qty>1</qty>
          <unit>teaspoon</unit></amt>
        <item>Ground cinnamon</item></ing>
      <ing>
        <amt>
          <qty>1/2</qty>
          <unit>teaspoons</unit></amt>
        <item>Ground allspice</item></ing>
      <ing>
        <amt>
          <qty>3/4</qty>
          <unit>cups</unit></amt>
        <item>Milk</item></ing>
      <ing>
        <amt>
          <qty/>
          <unit/></amt>
        <item>Brandy Sauce-separate recipe</item></ing>
      <ing>
        <amt>
          <qty>10</qty>
          <unit/></amt>
        <item>To 12 sugar cubes</item></ing>
      <ing>
        <amt>
          <qty/>
          <unit/></amt>
        <item>Lemon extract (opt.)</item></ing></ingredients>
    <directions>
      <step>  Combine butter and 1/4 C sugar in a large mixing bowl; beat with a wooden
  spoon until well blended.  Add eggs and molasses, mixing well.
  
  Dredge candied fruits and pecans in 2 T flour; set aside.
  
  Combine remaining flour and next 5 ingredients; add to creamed mixture
  alternately with milk, beginning and ending with flour mixture. Stir fruit
  mixture into batter.
  
  Spoon batter into a greased and floured 2 quart ring mold. Cover with foil.
  Bake at 350 for 1 1/2 hours. Unmold onto serving platter. Spoon Brandy
  Sauce over pudding. If desired, soak sugar cubes in lemon extract. Arrange
  soaked sugar cubes evenly around heat-proof serving platter, and ignite
  just before serving.
  
  Di Note:  Don't drink too much before flaming this one on &lt;G&gt;. I did, and
  let us say...it was a very interesting moment...
  
  Di Pahl's personal recipes-1994
  
  From Gemini's MASSIVE MealMaster collection at www.synapse.com/~gemini
 
</step></directions></recipe></recipeml>
