<?xml version="1.0" encoding="UTF-8"?>

<recipeml version="0.5">
  <recipe>
    <head>
      <title>Baked Corn Casserole</title>
      <categories>
        <cat>Corn</cat>
        <cat>Casserole</cat></categories>
      <yield>1</yield></head>
    <ingredients>
      <ing>
        <amt>
          <qty>1/4</qty>
          <unit>cups</unit></amt>
        <item>Butter or margarine</item></ing>
      <ing>
        <amt>
          <qty>2</qty>
          <unit>packages</unit></amt>
        <item>(3 ounces each) cream cheese, softened</item></ing>
      <ing>
        <amt>
          <qty>1</qty>
          <unit>can</unit></amt>
        <item>(17 ounces) whole kernel corn, drained</item></ing>
      <ing>
        <amt>
          <qty>1</qty>
          <unit>can</unit></amt>
        <item>(16-1/2 ounces) cream-style corn</item></ing>
      <ing>
        <amt>
          <qty>1</qty>
          <unit>can</unit></amt>
        <item>(4 ounces) chopped green chilies</item></ing>
      <ing>
        <amt>
          <qty>1/2</qty>
          <unit>cups</unit></amt>
        <item>Chopped onion</item></ing>
      <ing>
        <amt>
          <qty>1</qty>
          <unit>can</unit></amt>
        <item>(2.8 ounces) french-fried</item></ing></ingredients>
    <directions>
      <step>  In a large bowl, beat together butter and cream cheese. Stir in the kernel
  corn, cream-style corn, chilies and onion; mix well. Pour into a greased
  8-in. square baking dish. Bake, uncovered, at 350! for 15 minutes. Remove
  from oven; stir in half of the fried onions. Sprinkle remaining fried
  onions on top. Bake 15 minutes longer. Yield: 8-10 servings.
  
  From the files of Al Rice, North Pole Alaska.    Feb 1994
  Posted to recipelu-digest by GramWag &lt;GramWag@aol.com&gt; on Mar 18, 1998
 
</step></directions></recipe></recipeml>
