<?xml version="1.0" encoding="UTF-8"?>

<recipeml version="0.5">
  <recipe>
    <head>
      <title>Baked Chicken Chimichangas</title>
      <categories>
        <cat>Mexican</cat>
        <cat>Chicken</cat>
        <cat>Leftovers</cat>
        <cat>Baked</cat></categories>
      <yield>6</yield></head>
    <ingredients>
      <ing-div>
        <title/>
        <ing>
          <amt>
            <qty>2 1/2</qty>
            <unit>cups</unit></amt>
          <item>Chicken; cooked, shredded</item></ing>
        <ing>
          <amt>
            <qty>2</qty>
            <unit>tablespoons</unit></amt>
          <item>Olive oil</item></ing>
        <ing>
          <amt>
            <qty>1/2</qty>
            <unit>cups</unit></amt>
          <item>Onion; chopped</item></ing>
        <ing>
          <amt>
            <qty>2</qty>
            <unit/></amt>
          <item>Garlic; cloves, minced</item></ing>
        <ing>
          <amt>
            <qty>1/2</qty>
            <unit>tablespoons</unit></amt>
          <item>Chili powder</item></ing>
        <ing>
          <amt>
            <qty>16</qty>
            <unit>ounces</unit></amt>
          <item>Salsa (choice of hotness)</item></ing>
        <ing>
          <amt>
            <qty>1/2</qty>
            <unit>teaspoons</unit></amt>
          <item>Cumin; ground</item></ing>
        <ing>
          <amt>
            <qty>1/2</qty>
            <unit>teaspoons</unit></amt>
          <item>Cinnamon</item></ing>
        <ing>
          <amt>
            <qty/>
            <unit>pinches</unit></amt>
          <item>Salt;(if necessary)</item></ing>
        <ing>
          <amt>
            <qty>6</qty>
            <unit/></amt>
          <item>10 inch flour tortillas nice flexible ones.  If stiff, warm before filling</item></ing>
        <ing>
          <amt>
            <qty>1</qty>
            <unit>cup</unit></amt>
          <item>Refried beans</item></ing>
        <ing>
          <amt>
            <qty/>
            <unit/></amt>
          <item>Olive oil (for basting)</item></ing></ing-div>
      <ing-div>
        <title>GARNISH</title></ing-div></ingredients>
    <directions>
      <step>  In large saucepan, saute onion and garlic in oil until tender.  Stir
  in chili powder, salsa, cumin and cinnamon.  Stir in shredded
  chicken.  Let cool.
  
  Heat oven to 450.  Grease rimmed 15 x 10 x 1 baking pan.  Working
  with one tortilla at a time, spoon a heaping tablespoon of beans down
  center of each tortilla.  Top with a scant 1/2 cup of the chicken
  mixture.  Fold up the bottom, top and sides of tortilla; secure with
  wooden toothpicks if necessary.
  
  Place chimichangas in greased baking pan, seam side down.  Brush all
  sides with the oil.
  
  Bake 20 to 25 minutes or until golden brown and crisp, turning every 5
  minutes.
  
  Serving suggestions:  Mexican Rice, and Bean/Corn Side Dish
  
  Variation out of ChiChi cook book
  Posted to MM-Recipes Digest V3 #238
  
  Date: Sat, 31 Aug 1996 22:15:10 -0500
  
  From: pickell@cyberspc.mb.ca (S.Pickell)
 
</step></directions></recipe></recipeml>
