<?xml version="1.0" encoding="UTF-8"?>

<recipeml version="0.5">
  <recipe>
    <head>
      <title>Baked Cornish Game Hens</title>
      <categories>
        <cat>Poultry</cat>
        <cat>Main dishes</cat></categories>
      <yield>6</yield></head>
    <ingredients>
      <ing>
        <amt>
          <qty>6</qty>
          <unit/></amt>
        <item>Whole Cornish game hens</item></ing>
      <ing>
        <amt>
          <qty>1</qty>
          <unit>medium</unit></amt>
        <item>Onion; chopped</item></ing>
      <ing>
        <amt>
          <qty>1</qty>
          <unit/></amt>
        <item>Celery stalks; chopped</item></ing>
      <ing>
        <amt>
          <qty>1/2</qty>
          <unit/></amt>
        <item>Green peppers; chopped</item></ing>
      <ing>
        <amt>
          <qty>8</qty>
          <unit>ounces</unit></amt>
        <item>Mushrooms; chopped</item></ing>
      <ing>
        <amt>
          <qty>1</qty>
          <unit/></amt>
        <item>Whole garlic clove; minced</item></ing>
      <ing>
        <amt>
          <qty>2</qty>
          <unit>tablespoons</unit></amt>
        <item>Fresh basil; minced</item></ing>
      <ing>
        <amt>
          <qty>1</qty>
          <unit>teaspoon</unit></amt>
        <item>Oregano</item></ing>
      <ing>
        <amt>
          <qty>2</qty>
          <unit>tablespoons</unit></amt>
        <item>Fresh parsley</item></ing>
      <ing>
        <amt>
          <qty>3/4</qty>
          <unit>cups</unit></amt>
        <item>Butter; melted</item></ing></ingredients>
    <directions>
      <step>  Stir 1/2 cup melted butter with onion, celery, green pepper, mushrooms,
  garlic, and herbs. Season hens inside and out with salt and pepper. Stuff
  bird with equal amounts of the vegetable mix. Place birds in baking dish,
  breast side up. Drizzle with remaining 1/4 cup butter. Cover and bake 1-1/2
  hours at 325 degrees. Brown at 500 degrees.
  
  Serving Ideas : Serve with Currant Jelly Sauce (see recipe).
  
  Recipe by: Elizabeth Powell
  
  Posted to recipelu-digest by "Diane Geary" &lt;diane@keyway.net&gt; on Mar 23,
  1998
 
</step></directions></recipe></recipeml>
