<?xml version="1.0" encoding="UTF-8"?>

<recipeml version="0.5">
  <recipe>
    <head>
      <title>Baked Chickpeas</title>
      <categories>
        <cat>Casseroles</cat>
        <cat>Beans</cat>
        <cat>Greek</cat></categories>
      <yield>6</yield></head>
    <ingredients>
      <ing>
        <amt>
          <qty>1</qty>
          <unit>pound</unit></amt>
        <item>Dried chickpeas (garbanzos) Soaked overnight in water</item></ing>
      <ing>
        <amt>
          <qty>2</qty>
          <unit>tablespoons</unit></amt>
        <item>Dried oregano, divided</item></ing>
      <ing>
        <amt>
          <qty>1</qty>
          <unit>cup</unit></amt>
        <item>Olive oil (approx)</item></ing>
      <ing>
        <amt>
          <qty>3</qty>
          <unit>medium</unit></amt>
        <item>Onions, sliced</item></ing>
      <ing>
        <amt>
          <qty>1</qty>
          <unit/></amt>
        <item>Fresh chili pepper, finely chopped</item></ing>
      <ing>
        <amt>
          <qty>4</qty>
          <unit/></amt>
        <item>Garlic cloves, minced</item></ing>
      <ing>
        <amt>
          <qty/>
          <unit/></amt>
        <item>Sea salt</item></ing></ingredients>
    <directions>
      <step>  Drain chickpeas and place in a pot. Cover with cold water and bring to a
  boil. Skim surface, reduce heat and sprinkle with 1 tablespoon of oregano.
  Simmmer for 1 hour. Strain the chickpeas, reserving the liquid. Preheat
  oven to 300 degrees. Heat oil in a skillet over medium heat and saute
  onions and pepper until soft, about 5 minutes. Remove from heat and add
  garlic, remaining oregano and chickpeas. Mix well, season with salt and
  transfer to an earthenware or glass oven-proof casserole with a cover. Add
  about 2 cups of reserved liquid, mix well, cover and bake for 1 to 1-1/2
  hours, or until chickpeas are tender. Add a little more liquid during
  cooking, if needed.
  
  From Gemini's MASSIVE MealMaster collection at www.synapse.com/~gemini
 
</step></directions></recipe></recipeml>
