<?xml version="1.0" encoding="UTF-8"?>

<recipeml version="0.5">
  <recipe>
    <head>
      <title>Baked Clams with Garlic Butter</title>
      <categories>
        <cat>Seafood</cat></categories>
      <yield>4</yield></head>
    <ingredients>
      <ing>
        <amt>
          <qty>24</qty>
          <unit/></amt>
        <item>Cherrystone clams</item></ing>
      <ing>
        <amt>
          <qty>6</qty>
          <unit>tablespoons</unit></amt>
        <item>Soft butter</item></ing>
      <ing>
        <amt>
          <qty/>
          <unit/></amt>
        <item>Salt and generous grinding of black pepper</item></ing>
      <ing>
        <amt>
          <qty>1</qty>
          <unit>tablespoon</unit></amt>
        <item>Finely minced garlic</item></ing>
      <ing>
        <amt>
          <qty>1</qty>
          <unit>tablespoon</unit></amt>
        <item>Finely chopped shallots</item></ing>
      <ing>
        <amt>
          <qty>4</qty>
          <unit>tablespoons</unit></amt>
        <item>Chopped fresh chervil or parsley</item></ing>
      <ing>
        <amt>
          <qty>4</qty>
          <unit>tablespoons</unit></amt>
        <item>Freshly grated Gruyere or Parmesan cheese</item></ing></ingredients>
    <directions>
      <step>   Preaheat the broiler to high. Open the clams or have them opened, discard
  the top shell; loosen the clams on the bottom half of the shell.
  
   Blend together in bowl the butter, salt, pepper, garlic, shallots and
  chervil. Do not add too much salt because the clams are salty.
  
   Spoon an equal amount of herb butter on top of each clam and smooth it
  slightly. Arrange clams on baking dish and sprinkle cheese over each clam.
  
   Place clams under broiler 5-6 inches from the heat. Broil about 3-4
  minutes until hot and golden brown. Do not overcook. Serves four.
  
  NEWSPAPER ARTICLE
  
  From a collection of my mother's (Judy Hosey) recipe box which contained
  lots of her favorite recipes, clippings, etc.  Downloaded from Glen's MM
  Recipe Archive, http://www.erols.com/hosey.
 
</step></directions></recipe></recipeml>
