<?xml version="1.0" encoding="UTF-8"?>

<recipeml version="0.5">
  <recipe>
    <head>
      <title>Baked Ckicken and Rice (C</title>
      <categories>
        <cat/></categories>
      <yield>100</yield></head>
    <ingredients>
      <ing>
        <amt>
          <qty>3 3/4</qty>
          <unit>quarts</unit></amt>
        <item>WATER; WARM</item></ing>
      <ing>
        <amt>
          <qty>3 1/4</qty>
          <unit>gallons</unit></amt>
        <item>WATER</item></ing>
      <ing>
        <amt>
          <qty>7 1/2</qty>
          <unit>quarts</unit></amt>
        <item>WATER; COLD</item></ing>
      <ing>
        <amt>
          <qty>2</qty>
          <unit>gallons</unit></amt>
        <item>STOCK; CHICKEN </item></ing>
      <ing>
        <amt>
          <qty>1</qty>
          <unit>pound</unit></amt>
        <item>BUTTER PRINT SURE</item></ing>
      <ing>
        <amt>
          <qty>13</qty>
          <unit>ounces</unit></amt>
        <item>MILK; DRY NON-FAT L HEAT</item></ing>
      <ing>
        <amt>
          <qty>1</qty>
          <unit>tablespoon</unit></amt>
        <item>GARLIC DEHY GRA</item></ing>
      <ing>
        <amt>
          <qty>6</qty>
          <unit>pounds</unit></amt>
        <item>RICE 10LB</item></ing>
      <ing>
        <amt>
          <qty>2</qty>
          <unit>pounds</unit></amt>
        <item>BREAD SNDWICH 22OZ #51</item></ing>
      <ing>
        <amt>
          <qty>1 3/4</qty>
          <unit>pounds</unit></amt>
        <item>FLOUR GEN PURPOSE 10LB</item></ing>
      <ing>
        <amt>
          <qty>1 1/2</qty>
          <unit>cups</unit></amt>
        <item>SOUP GRAVY BASE CHICKEN</item></ing>
      <ing>
        <amt>
          <qty>1 1/2</qty>
          <unit>pounds</unit></amt>
        <item>SHORTENING; 3LB</item></ing>
      <ing>
        <amt>
          <qty>1</qty>
          <unit>tablespoon</unit></amt>
        <item>PEPPER BLACK 1 LB CN</item></ing>
      <ing>
        <amt>
          <qty>1</qty>
          <unit>ounce</unit></amt>
        <item>SALT TABLE 5LB</item></ing>
      <ing>
        <amt>
          <qty>PAN:</qty>
          <unit>18</unit></amt>
        <item>BY 24-INCH ROASTING PAN              TEMPERATURE:  350 F. OVEN</item></ing></ingredients>
    <directions>
      <step>  1.  USE 4 LB 8 OZ (3 3/5-NO. 10 CN) CANNED, DEHYDRATED COOKED CHICKEN.
  BRING
  3 1/4 GAL WATER TO A BOIL. REMOVE FROM HEAT, ADD 12 OZ (1 1/2 CUPS) CANNED
  SOUP AND GRAVY BASE, CHICKEN AND CHICKEN. STIR; COVER; LET STAND 2O MINUTES
  OR UNTIL CHICKEN HAS REHYDRATED.
  
  2.  COMBINE RICE, SALT AND WATER. BRING TO A BOIL, STIRRING OCCASIONALLY.
  COVER TIGHTLY; REDUCE HEAT; SIMMER 20 TO 25 MINUTES. DO NOT STIR. SET ASIDE
  FOR USE IN STEP 10.
  
  3.  BLEND SHORTENING AND FLOUR TOGETHER; MIX UNTIL SMOOTH.
  
  4.  DRAIN CHICKEN; RESERVE STOCK.
  
  5.  GRADUALLY ADD SHORTENING OR SALAD OIL AND FLOUR MIXTURE TO STOCK,
  STIRRING
  CONSTANTLY; HEAT TO BOILING POINT. BOIL 2 MINUTES, STIRRING FREQUENTLY TO
  PREVENT STICKING.
  
  6.  RECONSTITUTE MILK.
  
  7.  ADD MILK, PEPPER AND GARLIC TO STOCK MIXTURE, STIRRING CONSTANTLY. COOK
  UNTIL SMOOTH AND THICKENED.
  
  8.  COMBINE CHICKEN AND RICE. PLACE ABOUT 2 GAL CHICKEN-RICE MIXTURE INTO
  EACH GREASED PAN.
  
  9.  POUR ABOUT 2 GAL SAUCE OVER CHICKEN-RICE MIXTURE IN EACH PAN. MIX WELL.
  
  10. COMBINE CRUMBS AND BUTTER OR MARGARINE. SPRINKLE CRUMBS OVER CHICKEN
  AND RICE IN EACH PAN.
  
  11. BAKE 45 MINUTES OR UNTIL BROWNED.
  
  NOTE:  1.  IN STEPS 3 AND 4, REFRIGERATE STOCK AND CHICKEN IF NOT USED
  IMMEDIATELY.
  
  NOTE:  2.  OTHER SIZES AND TYPES OF PANS MAY BE USE. SEE RECIPE NO. A-25.
  
  NOTE:  3.  TWO-NO. 8 SCOOPS MAY BE USED. SEE RECIPE NO. A-4.
  
  Recipe Number: L17502
  
  SERVING SIZE: 1 CUP
  
  From the &lt;Army Master Recipe Index File&gt; (actually used today!).
  Downloaded from Glen's MM Recipe Archive, http://www.erols.com/hosey.
 
</step></directions></recipe></recipeml>
