<?xml version="1.0" encoding="UTF-8"?>

<recipeml version="0.5">
  <recipe>
    <head>
      <title>Baked Chicken with Artichokes</title>
      <categories>
        <cat>Poultry</cat>
        <cat>Clay cooker</cat></categories>
      <yield>4</yield></head>
    <ingredients>
      <ing>
        <amt>
          <qty>1/4</qty>
          <unit>pounds</unit></amt>
        <item>Mushroom; thinly sliced</item></ing>
      <ing>
        <amt>
          <qty>1</qty>
          <unit>small</unit></amt>
        <item>Onion; finely chopped</item></ing>
      <ing>
        <amt>
          <qty>1</qty>
          <unit/></amt>
        <item>Clove garlic; finely chopped</item></ing>
      <ing>
        <amt>
          <qty>3</qty>
          <unit>pounds</unit></amt>
        <item>Chicken pieces</item></ing>
      <ing>
        <amt>
          <qty>2</qty>
          <unit>tablespoons</unit></amt>
        <item>Flour</item></ing>
      <ing>
        <amt>
          <qty>1 1/2</qty>
          <unit>teaspoons</unit></amt>
        <item>Salt</item></ing>
      <ing>
        <amt>
          <qty>1/2</qty>
          <unit>tablespoons</unit></amt>
        <item>Paprika</item></ing>
      <ing>
        <amt>
          <qty>1/4</qty>
          <unit>teaspoons</unit></amt>
        <item>Dried rosemary; crumbled</item></ing>
      <ing>
        <amt>
          <qty>1/8</qty>
          <unit>teaspoons</unit></amt>
        <item>White pepper</item></ing>
      <ing>
        <amt>
          <qty>1/2</qty>
          <unit>cups</unit></amt>
        <item>Chicken broth</item></ing>
      <ing>
        <amt>
          <qty>1/4</qty>
          <unit>cups</unit></amt>
        <item>Dry sherry</item></ing>
      <ing>
        <amt>
          <qty>1</qty>
          <unit>can</unit></amt>
        <item>(14 Oz) artichoke hearts; drained</item></ing></ingredients>
    <directions>
      <step>  Soak top and bottom of clay cooker in water about 15 minutes; drain. Place
  mushrooms, onion and garlic in cooker. Coat chicken pieces with mixture of
  flour, salt, paprika, rosemary and pepper. Arrange chicken pieces, skin
  side up, in even layer over vegetables. Pour in chicken broth and sherry. .
  Place covered cooker in cold oven. Set oven at 425 degrees. Bake just until
  chicken is tender, about 1 hour. Gently stir in artichoke hearts. Bake
  covered until artichokes are hot, about 10 minutes.. Remove cover; bake
  until chicken is crisp and brown, 5 to 10 minutes.
  
  Recipe by: Clay Cookery
  
  Posted to MC-Recipe Digest by "johndavid@prodigy.net"
  &lt;johndavid@prodigy.net&gt; on Apr 19, 1998
 
</step></directions></recipe></recipeml>
