<?xml version="1.0" encoding="UTF-8"?>

<recipeml version="0.5">
  <recipe>
    <head>
      <title>Baked Chicken in Wine</title>
      <categories>
        <cat>None</cat></categories>
      <yield>1</yield></head>
    <ingredients>
      <ing>
        <amt>
          <qty>1</qty>
          <unit/></amt>
        <item>Clove garlic; crushed</item></ing>
      <ing>
        <amt>
          <qty>3</qty>
          <unit>tablespoons</unit></amt>
        <item>Lemon juice</item></ing>
      <ing>
        <amt>
          <qty>2</qty>
          <unit>tablespoons</unit></amt>
        <item>Olive oil</item></ing>
      <ing>
        <amt>
          <qty>3/4</qty>
          <unit>cups</unit></amt>
        <item>Chablis; Sauterne or dry sherry</item></ing>
      <ing>
        <amt>
          <qty>1</qty>
          <unit>teaspoon</unit></amt>
        <item>Salt</item></ing>
      <ing>
        <amt>
          <qty>1</qty>
          <unit/></amt>
        <item>Fryer chicken; (2 1/2-3 lbs)</item></ing>
      <ing>
        <amt>
          <qty/>
          <unit/></amt>
        <item>Paprika</item></ing></ingredients>
    <directions>
      <step>  Combine garlic, lemon juice, oil, wine and salt. Pour over chicken in
  shallow baking pan. Marinate at least 3 hours, turning frequently. Heat
  oven to 375 degrees. Sprinkle chicken generously with paprika. Bake 45-55
  min or until tender. Arrange chicken in heated platter. Serve sauce
  separately. If a thicker sauce is desired, after removing chicken blend 1
  tbsp soft butter and 1 tbsp flour together thoroughly; heat sauce in baking
  pan; stir in flour mixture. Continue stirring until sauce thickens and
  bubbles. 4 servings.
  
  Posted to EAT-L Digest  by Shawn Zehnder Lea &lt;slea@HIGHTOWERSERVICES.COM&gt;
  on Dec 30, 1997
 
</step></directions></recipe></recipeml>
