<?xml version="1.0" encoding="UTF-8"?>

<recipeml version="0.5">
  <recipe>
    <head>
      <title>Baked Cod and Vegetables</title>
      <categories>
        <cat>None</cat></categories>
      <yield>1</yield></head>
    <ingredients>
      <ing>
        <amt>
          <qty>4</qty>
          <unit/></amt>
        <item>6-ounce cod fillets</item></ing>
      <ing>
        <amt>
          <qty>1</qty>
          <unit>large</unit></amt>
        <item>Tomato; sliced</item></ing>
      <ing>
        <amt>
          <qty>1</qty>
          <unit>medium</unit></amt>
        <item>Cucumber; sliced</item></ing>
      <ing>
        <amt>
          <qty>1</qty>
          <unit>tablespoon</unit></amt>
        <item>Plus 1 tsp. olive oil</item></ing>
      <ing>
        <amt>
          <qty>1/3</qty>
          <unit>cups</unit></amt>
        <item>Onion; chopped</item></ing>
      <ing>
        <amt>
          <qty>1</qty>
          <unit/></amt>
        <item>Clove garlic; minced</item></ing>
      <ing>
        <amt>
          <qty>1/2</qty>
          <unit/></amt>
        <item>Green bell pepper; chopped</item></ing>
      <ing>
        <amt>
          <qty>2</qty>
          <unit>tablespoons</unit></amt>
        <item>Parsley; chopped</item></ing>
      <ing>
        <amt>
          <qty>1/2</qty>
          <unit>teaspoons</unit></amt>
        <item>Marjoram; or 1 Tbs. fresh, chopped</item></ing>
      <ing>
        <amt>
          <qty>Prep:</qty>
          <unit>10</unit></amt>
        <item>min, Cook: 25 min.</item></ing></ingredients>
    <directions>
      <step>  Preheat oven to 375øF. Arrange fish fillets in an oiled baking dish.
  Arrange tomato and cucumber slices over each fillet. Heat oil in a heavy
  saucepan over medium heat. Saut‚ onion, garlic and bell pepper until onion
  is tender. Do not brown. Remove from heat. Stir in remaining ingredients.
  Spoon mixture over fillets. Bake 20 minutes or until fish flakes easily.
  
  Posted to recipelu-digest by molony &lt;molony@scsn.net&gt; on Feb 20, 1998
 
</step></directions></recipe></recipeml>
