<?xml version="1.0" encoding="UTF-8"?>

<recipeml version="0.5">
  <recipe>
    <head>
      <title>Baked Chicken Cheese Enchiladas</title>
      <categories>
        <cat>Chicken</cat>
        <cat>Mexican</cat></categories>
      <yield>1</yield></head>
    <ingredients>
      <ing>
        <amt>
          <qty>4</qty>
          <unit>ounces</unit></amt>
        <item>Cream cheese; softened</item></ing>
      <ing>
        <amt>
          <qty>1/4</qty>
          <unit>cups</unit></amt>
        <item>Sour cream</item></ing>
      <ing>
        <amt>
          <qty>2</qty>
          <unit>cups</unit></amt>
        <item>Prepared salsa</item></ing>
      <ing>
        <amt>
          <qty>2</qty>
          <unit>cups</unit></amt>
        <item>Grated Cheddar or Monterey Jack cheese</item></ing>
      <ing>
        <amt>
          <qty>2</qty>
          <unit>cups</unit></amt>
        <item>Shredded cooked chicken</item></ing>
      <ing>
        <amt>
          <qty>1</qty>
          <unit>cup</unit></amt>
        <item>Frozen corn kernels; thawed</item></ing>
      <ing>
        <amt>
          <qty>1/2</qty>
          <unit>teaspoons</unit></amt>
        <item>Cumin</item></ing>
      <ing>
        <amt>
          <qty>1/4</qty>
          <unit>teaspoons</unit></amt>
        <item>Dried oregano</item></ing>
      <ing>
        <amt>
          <qty>1/4</qty>
          <unit>teaspoons</unit></amt>
        <item>Cayenne</item></ing>
      <ing>
        <amt>
          <qty/>
          <unit/></amt>
        <item>Salt and pepper</item></ing>
      <ing>
        <amt>
          <qty>4</qty>
          <unit/></amt>
        <item>Scallions; thinly sliced</item></ing>
      <ing>
        <amt>
          <qty>12</qty>
          <unit/></amt>
        <item>Soft round 6 to 8-inch flour or corn; (12 to 14)</item></ing>
      <ing>
        <amt>
          <qty/>
          <unit/></amt>
        <item>Tortillas</item></ing></ingredients>
    <directions>
      <step>  Preheat oven to 325 degrees F.
  
  In a medium bowl cream together the cream cheese and the sour cream. Stir
  in 1/2 cup of the salsa. Stir in 1 cup of the grated cheese. In a second
  bowl toss together the chicken, the corn, cumin, cayenne, salt, pepper, and
  1/2 of the scallions. Add the chicken mixture to the cheese mixture and
  stir to combine.
  
  In a baking dish spread a 1/2 cup of the salsa over the bottom. Place about
  a 1/3 cup of the filling on a corn tortilla, roll up and transfer to the
  baking dish with the seam side down. Repeat process for remaining
  tortillas. Pour remaining salsa over enchiladas, spreading to coat all of
  them. Sprinkle remaining grated cheese over the top. Enchiladas may be
  prepared up to this point 12 hours in advance. Transfer to preheated oven
  and bake for 20 to 25 minutes until hot and bubbly. Enchiladas may be
  reheated, covered with aluminum foil, before service. Sprinkle with the
  remaining scallions and serve warm.
  
  Yield: 6 to 7 servings as an entree, 12 to 14 servings as a side dish
  
  Recipe by: COOKING LIVE SHOW #CL8827
  
  Posted to recipelu-digest Volume 01 Number 549 by RecipeLu
  &lt;recipelu@geocities.com&gt; on Jan 18, 1998
 
</step></directions></recipe></recipeml>
