<?xml version="1.0" encoding="UTF-8"?>

<recipeml version="0.5">
  <recipe>
    <head>
      <title>Baked Chile Relleno Ala Weight Watchers</title>
      <categories>
        <cat>Mexican</cat>
        <cat>Vegetables</cat></categories>
      <yield>1</yield></head>
    <ingredients>
      <ing>
        <amt>
          <qty>1</qty>
          <unit>large</unit></amt>
        <item>Egg, separated</item></ing>
      <ing>
        <amt>
          <qty>1</qty>
          <unit>large</unit></amt>
        <item>Egg white</item></ing>
      <ing>
        <amt>
          <qty/>
          <unit>dashes</unit></amt>
        <item>Salt</item></ing>
      <ing>
        <amt>
          <qty>1</qty>
          <unit/></amt>
        <item>Canned whole small green chili, drained</item></ing>
      <ing>
        <amt>
          <qty>3/4</qty>
          <unit>ounces</unit></amt>
        <item>Shredded cheddar cheese</item></ing>
      <ing>
        <amt>
          <qty/>
          <unit/></amt>
        <item>Hot or medium salsa (opt)</item></ing></ingredients>
    <directions>
      <step>  1. Preheat oven to 350F. Spray 6" au gratin dish with nonstick spray. Set
  aside.
  
  2. In a medium bowl, with electric mixer on high speed, beat egg white and
  salt until stiff.
  
  3. In a small bowl, lightly beat egg yolk; fold into egg whites. Spread
  half the mixture in prepared dish. Open chile and place flat on top;
  sprinkle with cheese. Spread remaining egg mixture on top to make an even
  layer.
  
  4. Bake until golden brown and center is set; 15-20 minutes. Serve with
  salsa if desired.
  
  Source:  Weight Watchers Magazine, Feb. 1993
  
  Each serving provides: 2 proteins, 1/2 vegetable, 20 optional cal. Per
  serving: 188 cal.
  Posted to MM-Recipes Digest  by "John Weber" &lt;hdbrer@ibm.net&gt; on Mar 24, 98
 
</step></directions></recipe></recipeml>
