<?xml version="1.0" encoding="UTF-8"?>

<recipeml version="0.5">
  <recipe>
    <head>
      <title>Baked Chicken with Biscuits and Gravy</title>
      <categories>
        <cat>All recipes</cat>
        <cat>Casseroles</cat>
        <cat>Chicken</cat>
        <cat>Chicken &amp; p</cat></categories>
      <yield>6</yield></head>
    <ingredients>
      <ing>
        <amt>
          <qty>2 1/2</qty>
          <unit>pounds</unit></amt>
        <item>Broiler-fryer chicken; cut up (2 1/2-3 lbs)</item></ing>
      <ing>
        <amt>
          <qty>1</qty>
          <unit/></amt>
        <item>Env onion soup mix; (about 1 1/2 oz)</item></ing>
      <ing>
        <amt>
          <qty>1</qty>
          <unit>can</unit></amt>
        <item>Cream of mushroom soup; condensed, (10 3/4 oz can)</item></ing>
      <ing>
        <amt>
          <qty>2/3</qty>
          <unit>cups</unit></amt>
        <item>Water</item></ing>
      <ing>
        <amt>
          <qty>1</qty>
          <unit>can</unit></amt>
        <item>Mushroom stems and pieces; drained(4oz)</item></ing>
      <ing>
        <amt>
          <qty>2</qty>
          <unit>cups</unit></amt>
        <item>Buttermilk baking mix</item></ing>
      <ing>
        <amt>
          <qty>2/3</qty>
          <unit>cups</unit></amt>
        <item>Milk</item></ing>
      <ing>
        <amt>
          <qty>1</qty>
          <unit>teaspoon</unit></amt>
        <item>Parsley; flakes</item></ing>
      <ing>
        <amt>
          <qty/>
          <unit/></amt>
        <item>Paprika</item></ing></ingredients>
    <directions>
      <step>  Heat oven to 400 degrees F.
  
  Place chicken skin sides up in ungreased baking pan, 13x9x2 inches.
  
  Reserve 2 tablespoons onion soup mix (dry). Mix remaining soup mix, the
  mushroom soup and water; pour over chicken.
  
  Cover and bake 1 hour. Spoon mushrooms over chicken. Mix baking mix, milk,
  reserved onion soup mix and the parsley flakes until soft dough forms; beat
  vigorously 30 seconds.
  
  Drop dough by spoonfuls onto chicken and gravy; sprinkle with paprika. Bake
  uncovered until biscuits are light brown, about 12 minutes.
  
  Recipe by: Easy Oven Means from Betty Crocker (No. 7)
  
  Posted to TNT Recipes Digest by pebenitez@juno.com (Phyllis E. Benitez) on
  Mar 4, 1998
 
</step></directions></recipe></recipeml>
