<?xml version="1.0" encoding="UTF-8"?>

<recipeml version="0.5">
  <recipe>
    <head>
      <title>Baked Chicken with Lemon-Parsley Sauce</title>
      <categories>
        <cat>None</cat></categories>
      <yield>2</yield></head>
    <ingredients>
      <ing>
        <amt>
          <qty>1/2</qty>
          <unit/></amt>
        <item>Lemon</item></ing>
      <ing>
        <amt>
          <qty>2</qty>
          <unit>tablespoons</unit></amt>
        <item>Butter</item></ing>
      <ing>
        <amt>
          <qty>1</qty>
          <unit/></amt>
        <item>Whole chicken breast split</item></ing>
      <ing>
        <amt>
          <qty/>
          <unit/></amt>
        <item>Salt</item></ing>
      <ing>
        <amt>
          <qty/>
          <unit/></amt>
        <item>Fresh-ground black pepper</item></ing>
      <ing>
        <amt>
          <qty>2</qty>
          <unit>tablespoons</unit></amt>
        <item>Parsley chopped</item></ing></ingredients>
    <directions>
      <step>  Heat oven to 450F. Squeeze 1 Tb lemon juice. Melt the butter in a small
  saucepan or in the microwave. Sprinkle chicken with salt and pepper. Put
  chicken in a baking dish skin side up and drizzle with half of the butter.
  Bake until skin is crisp and golden brown and juices run clear, about 25 to
  30 minutes. Put chicken on a serving platter and keep warm.Stir the lemon
  juice and remaining butter into pan juices, scraping the pan with a wooden
  spoon to deglaze. Add the parsley and season to taste with salt and pepper.
  Pour sauce over chicken and serve immediately.
  
  NOTES : Parsley's sweet flavor balances the tang of lemon in this simple
  pan sauce. PARSLEY: Used in ancient Greece and Rome, parsley's bright,
  green leaves, slender stringy stalks, and sweet flavor, contribute to a
  range of dishes and sauces, including those using fines herbes \parsley,
  tarragon, chervil, and chives\ bouquet garni 	
  Posted to MC-Recipe Digest V1 #1034 by -- Mom &lt;clubok@nersp.nerdc.ufl.edu&gt;
  on Jan 23, 1998
 
</step></directions></recipe></recipeml>
