<?xml version="1.0" encoding="UTF-8"?>

<recipeml version="0.5">
  <recipe>
    <head>
      <title>Baked Chocolate Marshmallow Treats</title>
      <categories>
        <cat>Chocolate</cat>
        <cat>Cookies</cat></categories>
      <yield>6</yield></head>
    <ingredients>
      <ing>
        <amt>
          <qty>6</qty>
          <unit/></amt>
        <item>Graham crackers, halved 6 large marshmallows, halved</item></ing>
      <ing>
        <amt>
          <qty>3</qty>
          <unit/></amt>
        <item>Milk chocolate bars</item></ing></ingredients>
    <directions>
      <step>  Baked Chocolate Marshmallow Treats **
  
  &lt;does this sound a bit familiar, campers?&gt;
  
  Preheat oven to 500.   Place cracker halves on ungreased cookie sheet.
  
  Top   each  half  with  two  1"  squares  of chocolate. Add marshmallow
  half on top of chocolate. Bake until marsmallow roasts, about 2 minutes.
  
  Serve  open  faced.   May also be served  "sandwich style" by placing
  another half of graham cracker on top. **
  
  From Gemini's MASSIVE MealMaster collection at www.synapse.com/~gemini
 
</step></directions></recipe></recipeml>
