<?xml version="1.0" encoding="UTF-8"?>

<recipeml version="0.5">
  <recipe>
    <head>
      <title>Baked Cornish Hens #1</title>
      <categories>
        <cat>Poultry</cat></categories>
      <yield>8</yield></head>
    <ingredients>
      <ing>
        <amt>
          <qty>8</qty>
          <unit/></amt>
        <item>Cornish hens</item></ing>
      <ing>
        <amt>
          <qty/>
          <unit/></amt>
        <item>Salt &amp; pepper to taste</item></ing>
      <ing>
        <amt>
          <qty>8</qty>
          <unit/></amt>
        <item>Whole medium white onions</item></ing>
      <ing>
        <amt>
          <qty>3/4</qty>
          <unit>cups</unit></amt>
        <item>Butter or margarine</item></ing>
      <ing>
        <amt>
          <qty>1/4</qty>
          <unit>cups</unit></amt>
        <item>Kitchen Bouquet</item></ing>
      <ing>
        <amt>
          <qty>1</qty>
          <unit/></amt>
        <item>Jar (8-oz) orange marmalade</item></ing>
      <ing>
        <amt>
          <qty>8</qty>
          <unit/></amt>
        <item>Rings of pineapple</item></ing></ingredients>
    <directions>
      <step>   Clean and dry hens; season inside and out with salt and pepper;
  refrigerate overnight. When ready to bake, insert a whole onion in cavity
  of each hen and place in open roasting pan rack. Place a pineapple ring
  under each hen, leaving a space between each hen.
  
   In small saucepan put butter, Kitchen Bouquet and orange marmalade. Heat
  together until butter has melted and mixture is blended. Spoon over hens
  and bake at 350 degrees until hens are tender, about 1-1/2 hours, basting
  often. If sauce cooks down before hens are done, add a little hot water to
  the pan to assure having some of the delicious sauce left to accompany the
  hens. If hens appear to be getting dry during the baking, place a piece of
  foil loosely over the pan to retard the browning.
  
   For entertaining, onions should be removed from the hens before serving;
  as a family enjoyment, leave the onions in.
  
  REFRIGERATE OVERNIGHT
  
  From &lt;A Taste of Louisiana&gt;.  Downloaded from Glen's MM Recipe Archive,
  http://www.erols.com/hosey.
 
</step></directions></recipe></recipeml>
