<?xml version="1.0" encoding="UTF-8"?>

<recipeml version="0.5">
  <recipe>
    <head>
      <title>Baked Chicken Reuben</title>
      <categories>
        <cat>Chicken &amp;</cat>
        <cat>Poultry</cat></categories>
      <yield>6 -8</yield></head>
    <ingredients>
      <ing>
        <amt>
          <qty>4</qty>
          <unit/></amt>
        <item>Boneless Chicken Breasts; Halved</item></ing>
      <ing>
        <amt>
          <qty>1/4</qty>
          <unit>teaspoons</unit></amt>
        <item>Salt</item></ing>
      <ing>
        <amt>
          <qty>1/8</qty>
          <unit>teaspoons</unit></amt>
        <item>Pepper</item></ing>
      <ing>
        <amt>
          <qty>1</qty>
          <unit>can</unit></amt>
        <item>(16 oz) Sauerkraut; well drained</item></ing>
      <ing>
        <amt>
          <qty>4</qty>
          <unit>slices</unit></amt>
        <item>Swiss Cheese</item></ing>
      <ing>
        <amt>
          <qty>1 3/4</qty>
          <unit>cups</unit></amt>
        <item>Prepared Thousand Island Salad Dressing</item></ing></ingredients>
    <directions>
      <step>  Preheat oven to 325 degrees. Place chicken in single layer in greased
  baking pan. Sprinkle with salt and pepper. Spoon sauerkraut over chicken.
  Arrange cheese slices over sauerkraut. Pour dressing evenly over top. Cover
  pan with aluminum foil. Bake about 1 1/2 hours or until fork can be
  inserted into chicken with ease.
  Posted to recipelu-digest by Kevin Tester &lt;tester@shentel.net&gt; on Feb 02,
  1998
 
</step></directions></recipe></recipeml>
