<?xml version="1.0" encoding="UTF-8"?>

<recipeml version="0.5">
  <recipe>
    <head>
      <title>Baked Chicken Oregano</title>
      <categories>
        <cat>None</cat></categories>
      <yield>1</yield></head>
    <ingredients>
      <ing-div>
        <title/>
        <ing>
          <amt>
            <qty>2</qty>
            <unit/></amt>
          <item>Chickens (cut into 1/8's) or</item></ing>
        <ing>
          <amt>
            <qty>3</qty>
            <unit>pounds</unit></amt>
          <item>Boneless chicken cutlets (split in half)</item></ing></ing-div>
      <ing-div>
        <title>MARINADE</title>
        <ing>
          <amt>
            <qty>3</qty>
            <unit>medium</unit></amt>
          <item>Onions (chopped)</item></ing>
        <ing>
          <amt>
            <qty>3</qty>
            <unit/></amt>
          <item>Cloves garlic (minced) (up to 4)</item></ing>
        <ing>
          <amt>
            <qty>1/2</qty>
            <unit>cups</unit></amt>
          <item>Olive oil</item></ing>
        <ing>
          <amt>
            <qty>1/2</qty>
            <unit>cups</unit></amt>
          <item>Wine vinegar</item></ing>
        <ing>
          <amt>
            <qty>1/2</qty>
            <unit>cups</unit></amt>
          <item>White wine</item></ing>
        <ing>
          <amt>
            <qty/>
            <unit/></amt>
          <item>Salt to taste</item></ing>
        <ing>
          <amt>
            <qty/>
            <unit/></amt>
          <item>Freshly ground pepper to taste</item></ing>
        <ing>
          <amt>
            <qty>1</qty>
            <unit>teaspoon</unit></amt>
          <item>Paprika</item></ing>
        <ing>
          <amt>
            <qty>1</qty>
            <unit>tablespoon</unit></amt>
          <item>Dried oregano (crushed)</item></ing>
        <ing>
          <amt>
            <qty>1</qty>
            <unit>tablespoon</unit></amt>
          <item>Granulated sugar</item></ing></ing-div></ingredients>
    <directions>
      <step>  Place the chicken in one layer in a glass dish.  Combine all ingredients
  for the marinade and pour over the chicken, cover &amp; marinate in the
  refrigerator at least eight hours, overnight is best, before cooking. Turn
  chicken occasionally.
  
  Uncover and bake in the sauce in a 375o f oven until brown, 45 minutes to
  one hour.  Baste and turn often.  Chicken parts take a little longer than
  cutlets.
  
  Serve with rice and a green vegetable
  
  This chicken dish makes a wonderful buffet item.  To serve for a buffet:
  either, cool &amp; slice chicken, put back in sauce to reheat or serve whole
  pieces.
  Posted to JEWISH-FOOD digest V96 #53
  
  Date: Wed, 16 Oct 1996 17:46:20 -0500
  
  From: swass@global2000.net (Barbara &amp; Steve Wasser)
 
</step></directions></recipe></recipeml>
