<?xml version="1.0" encoding="UTF-8"?>

<recipeml version="0.5">
  <recipe>
    <head>
      <title>Baked Corn and Tomatoes</title>
      <categories>
        <cat/></categories>
      <yield>100</yield></head>
    <ingredients>
      <ing>
        <amt>
          <qty>1 1/2</qty>
          <unit>pounds</unit></amt>
        <item>BREAD CUBES</item></ing>
      <ing>
        <amt>
          <qty>8</qty>
          <unit>ounces</unit></amt>
        <item>BUTTER PRINT SURE</item></ing>
      <ing>
        <amt>
          <qty>2</qty>
          <unit>ounces</unit></amt>
        <item>BUTTER PRINT SURE</item></ing>
      <ing>
        <amt>
          <qty>12 2/3</qty>
          <unit>pounds</unit></amt>
        <item>CORN WHOLE CN #10</item></ing>
      <ing>
        <amt>
          <qty>12 3/4</qty>
          <unit>pounds</unit></amt>
        <item>TOMATOES # 10 CAN</item></ing>
      <ing>
        <amt>
          <qty>8</qty>
          <unit>ounces</unit></amt>
        <item>ONIONS DRY</item></ing>
      <ing>
        <amt>
          <qty>2</qty>
          <unit>ounces</unit></amt>
        <item>SUGAR; GRANULATED 10 LB</item></ing>
      <ing>
        <amt>
          <qty>1</qty>
          <unit>teaspoon</unit></amt>
        <item>PEPPER BLACK 1 LB CN</item></ing>
      <ing>
        <amt>
          <qty>1 1/2</qty>
          <unit>teaspoons</unit></amt>
        <item>SALT TABLE 5LB</item></ing>
      <ing>
        <amt>
          <qty>PAN:</qty>
          <unit>12</unit></amt>
        <item>BY 20 BY 2 1/2-INCH STEAM TABLE PAN        TEMPERATURE:  375 F.</item></ing></ingredients>
    <directions>
      <step>  OVEN
  
  1.  SAUTE' ONIONS IN BUTTER OR MARGARINE UNTIL TENDER.
  
  2.  DRAIN CORN; COMBINE WITH ONIONS, TOMATOES, SUGAR, SALT, AND PEPPER.
  
  3.  PLACE AND EQUAL QUANTITY OF MIXTURE IN EACH LIGHTLY GREASED PAN.
  
  4.  POUR BUTTER OR MARGARINE OVER BREAD CUBES.
  
  5.  SPRINKLE 3 CUPS BREAD CUBES OVER MIXTURE IN EACH PAN.
  
  6.  BAKE 30 MINUTES OR UNTIL BREAD CUBES ARE BROWNED.
  
  NOTE:  1.  IN STEP 1, 1 OZ (1/3 CUP) DEHYDRATED ONIONS MAY BE USED. SEE
  RECIPE
  CARD A01100.
  
  NOTE:  2.  IN STEP 1, 9 OZ DRY ONIONS A.P. WILL YIELD 8 OZ FINELY CHOPPED
  ONIONS.
  
  NOTE:  3.  IN STEP 2, 8 LB 12 OZ FROZEN WHOLE KERNEL CORN MAY BE USED FOR
  CANNED CORN.
  
  NOTE:  4.  OTHER SIZES AND TYPES OF PANS MAY BE USED. SEE RECIPE CARD
  A02500.
  
  Recipe Number: Q02600
  
  SERVING SIZE: 1/2 CUP
  
  From the &lt;Army Master Recipe Index File&gt; (actually used today!).
  Downloaded from Glen's MM Recipe Archive, http://www.erols.com/hosey.
 
</step></directions></recipe></recipeml>
