<?xml version="1.0" encoding="UTF-8"?>

<recipeml version="0.5">
  <recipe>
    <head>
      <title>Baked Clams with Tasso Gratinee With a Saffron Sabayon</title>
      <categories>
        <cat>None</cat></categories>
      <yield>1</yield></head>
    <ingredients>
      <ing-div>
        <title/>
        <ing>
          <amt>
            <qty>8</qty>
            <unit>ounces</unit></amt>
          <item>Tasso; finely diced</item></ing>
        <ing>
          <amt>
            <qty>1</qty>
            <unit>cup</unit></amt>
          <item>Bread crumbs</item></ing>
        <ing>
          <amt>
            <qty>1</qty>
            <unit>tablespoon</unit></amt>
          <item>Essence</item></ing>
        <ing>
          <amt>
            <qty>1/2</qty>
            <unit>cups</unit></amt>
          <item>Grated Parmigiano-Reggiano cheese</item></ing>
        <ing>
          <amt>
            <qty>12</qty>
            <unit/></amt>
          <item>Medium-size clams; on the half-shell</item></ing></ing-div>
      <ing-div>
        <title>SAFFRON SABAYON</title>
        <ing>
          <amt>
            <qty>4</qty>
            <unit/></amt>
          <item>Egg yolks</item></ing>
        <ing>
          <amt>
            <qty/>
            <unit/></amt>
          <item>One lemon ; Juice of</item></ing>
        <ing>
          <amt>
            <qty>1</qty>
            <unit>pinch</unit></amt>
          <item>Saffron</item></ing>
        <ing>
          <amt>
            <qty/>
            <unit/></amt>
          <item>Salt and pepper</item></ing>
        <ing>
          <amt>
            <qty>2</qty>
            <unit>tablespoons</unit></amt>
          <item>Chopped chives</item></ing>
        <ing>
          <amt>
            <qty>2</qty>
            <unit>tablespoons</unit></amt>
          <item>Brunoise red peppers</item></ing>
        <ing>
          <amt>
            <qty>2</qty>
            <unit>tablespoons</unit></amt>
          <item>Brunoise yellow peppers</item></ing></ing-div></ingredients>
    <directions>
      <step>  ESSENCE OF EMERIL SHOW #EE2325
  
  Preheat the oven to 450 degrees F. In a hot saute pan, render the tasso for
  2 minutes. Remove from heat. Add the bread crumbs, Essence and cheese to
  the rendered tasso, mix thoroughly. Season the clams with salt and pepper.
  Top each clam with 1 tablespoon of the tasso crust. Place the clams on a
  baking sheet and bake for 6 to 8 minutes or until the crust is golden
  brown. For the Sabayon: In a mixing bowl, whisk the eggs, lemon juice and
  saffron together. Place the bowl over a pot of boiling water and whisk
  until pale in color and thick. The sauce will leave a ribbon like trace,
  about 5 minutes. Season with salt and pepper. Remove the clams from the
  oven. Place the clams on a platter and drizzle with the sabayon. Garnish
  with the chives and peppers. Yield: 4 appetizer servings
  
  Posted to recipelu-digest by molony &lt;molony@scsn.net&gt; on Mar 06, 1998
 
</step></directions></recipe></recipeml>
