<?xml version="1.0" encoding="UTF-8"?>

<recipeml version="0.5">
  <recipe>
    <head>
      <title>Baked Clams Casino</title>
      <categories>
        <cat>Fish/shellf</cat></categories>
      <yield>4</yield></head>
    <ingredients>
      <ing>
        <amt>
          <qty>2</qty>
          <unit>cups</unit></amt>
        <item>Fine soft breadcrumbs</item></ing>
      <ing>
        <amt>
          <qty>2</qty>
          <unit>teaspoons</unit></amt>
        <item>Paprika</item></ing>
      <ing>
        <amt>
          <qty>2</qty>
          <unit>tablespoons</unit></amt>
        <item>Olive oil</item></ing>
      <ing>
        <amt>
          <qty>1</qty>
          <unit/></amt>
        <item>Clove garlic, very finely</item></ing>
      <ing>
        <amt>
          <qty/>
          <unit/></amt>
        <item>Chopped</item></ing>
      <ing>
        <amt>
          <qty>3</qty>
          <unit/></amt>
        <item>Dozen littleneck clams, on</item></ing>
      <ing>
        <amt>
          <qty/>
          <unit/></amt>
        <item>The half shell</item></ing>
      <ing>
        <amt>
          <qty>9</qty>
          <unit>slices</unit></amt>
        <item>Raw bacon</item></ing>
      <ing>
        <amt>
          <qty>1</qty>
          <unit/></amt>
        <item>Lemon, cut into wedges</item></ing></ingredients>
    <directions>
      <step>  Heat oven to 350 degrees. Toss together bread crumbs, paprika, olive
  oil and garlic.  Place clams in a flat baking dish.  Mount some of
  the bread crumb mixture on each clam. Cut bacon slices into quarters
  and place a piece on each clam.  Bake 25 minutes, or until bacon is
  crisp. If desired, the clams may be served on a bed of heated rock
  salt. Serve with lemon wedges.
  Posted to MM-Recipes Digest V3 #246
  
  Date: Sun, 8 Sep 1996 23:27:00 -0400
  
  From: BobbieB1@aol.com
 
</step></directions></recipe></recipeml>
