<?xml version="1.0" encoding="UTF-8"?>

<recipeml version="0.5">
  <recipe>
    <head>
      <title>Baked Cod</title>
      <categories>
        <cat>None</cat></categories>
      <yield>1</yield></head>
    <ingredients>
      <ing>
        <amt>
          <qty>1 1/2</qty>
          <unit>pounds</unit></amt>
        <item>Cod fillets; or other whitefish</item></ing>
      <ing>
        <amt>
          <qty>1</qty>
          <unit>tablespoon</unit></amt>
        <item>Plus 1 tsp. olive oil</item></ing>
      <ing>
        <amt>
          <qty>1/4</qty>
          <unit>teaspoons</unit></amt>
        <item>Lemon pepper</item></ing>
      <ing>
        <amt>
          <qty>Cook:</qty>
          <unit>10</unit></amt>
        <item>min.</item></ing></ingredients>
    <directions>
      <step>  Preheat oven to 375øF. Arrange fillets in a baking dish. Drizzle with oil
  and season with salt and lemon pepper to taste. Bake 10-12 minutes or until
  fish is opaque throughout.
  
  Posted to recipelu-digest by molony &lt;molony@scsn.net&gt; on Feb 20, 1998
 
</step></directions></recipe></recipeml>
