<?xml version="1.0" encoding="UTF-8"?>

<recipeml version="0.5">
  <recipe>
    <head>
      <title>Baked Clams</title>
      <categories>
        <cat>Main dish</cat>
        <cat>Fish</cat>
        <cat>Appetizers</cat>
        <cat>Microwave</cat></categories>
      <yield>4</yield></head>
    <ingredients>
      <ing>
        <amt>
          <qty>12</qty>
          <unit/></amt>
        <item>Cherrystone clams</item></ing>
      <ing>
        <amt>
          <qty>2</qty>
          <unit>tablespoons</unit></amt>
        <item>Butter or margarine</item></ing>
      <ing>
        <amt>
          <qty>1/4</qty>
          <unit>cups</unit></amt>
        <item>Finely chopped onion</item></ing>
      <ing>
        <amt>
          <qty>1</qty>
          <unit/></amt>
        <item>Clove garlic, peeled and crushed</item></ing>
      <ing>
        <amt>
          <qty>1</qty>
          <unit/></amt>
        <item>Egg, slightly beaten</item></ing>
      <ing>
        <amt>
          <qty>1/4</qty>
          <unit>cups</unit></amt>
        <item>Seasoned bread crumbs</item></ing>
      <ing>
        <amt>
          <qty>1/8</qty>
          <unit>teaspoons</unit></amt>
        <item>Dried oregano leaves</item></ing>
      <ing>
        <amt>
          <qty>1/3</qty>
          <unit>cups</unit></amt>
        <item>Seasoned dry bread crumbs</item></ing>
      <ing>
        <amt>
          <qty>2</qty>
          <unit>tablespoons</unit></amt>
        <item>Butter or margarine, melted</item></ing></ingredients>
    <directions>
      <step>  1. Remove clams from half shell and chop coarsely. Set clams and shells
  aside. 2. In a medium-sized, heat-resistant, non-metallic mixing bowl place
  2 tablespoons butter. Heat in Microwave Oven 30 seconds or until melted. 3.
  Add onion and garlic. Heat, uncovered, in Microwave Oven 3 energy 3 minutes
  or until onion is tender. Add egg, the 1/4 cup bread crumbs, chopped clams
  and oregano to onion mixture. 4. Spoon mixture into reserved shells. Place
  shells on a heat- resistant, non-metallic serving platter. 5. In a small
  bowl combine the 1/3 cup seasoned bread crumbs and the 2 tablespoons melted
  butter. Sprinkle buttered bread crumbs on top of clam mixture. 6. Heat,
  uncovered, in Microwave Oven 5 minutes or until heated through.
  
  From Gemini's MASSIVE MealMaster collection at www.synapse.com/~gemini
 
</step></directions></recipe></recipeml>
