<?xml version="1.0" encoding="UTF-8"?>

<recipeml version="0.5">
  <recipe>
    <head>
      <title>Baked Cinnamon-Applesauce Doughnuts</title>
      <categories>
        <cat>Low-fat</cat>
        <cat>Cakes</cat></categories>
      <yield>36</yield></head>
    <ingredients>
      <ing>
        <amt>
          <qty>2</qty>
          <unit>packages</unit></amt>
        <item>Dry yeast</item></ing>
      <ing>
        <amt>
          <qty>5 3/4</qty>
          <unit>cups</unit></amt>
        <item>All-purpose flour;divided</item></ing>
      <ing>
        <amt>
          <qty>1/2</qty>
          <unit>cups</unit></amt>
        <item>Sugar</item></ing>
      <ing>
        <amt>
          <qty>1</qty>
          <unit>teaspoon</unit></amt>
        <item>Ground cinnamon</item></ing>
      <ing>
        <amt>
          <qty>1/2</qty>
          <unit>teaspoons</unit></amt>
        <item>Ground nutmeg</item></ing>
      <ing>
        <amt>
          <qty>1/4</qty>
          <unit>cups</unit></amt>
        <item>Margarine;melted and divided</item></ing>
      <ing>
        <amt>
          <qty>1</qty>
          <unit>teaspoon</unit></amt>
        <item>Ground cinnamon</item></ing>
      <ing>
        <amt>
          <qty>1/4</qty>
          <unit>cups</unit></amt>
        <item>Warm water; (105-115degrees)</item></ing>
      <ing>
        <amt>
          <qty>1 1/4</qty>
          <unit>cups</unit></amt>
        <item>Unsweetened applesauce</item></ing>
      <ing>
        <amt>
          <qty>1/3</qty>
          <unit>cups</unit></amt>
        <item>Margarine</item></ing>
      <ing>
        <amt>
          <qty>1/2</qty>
          <unit>teaspoons</unit></amt>
        <item>Salt</item></ing>
      <ing>
        <amt>
          <qty>2</qty>
          <unit>x</unit></amt>
        <item>Eggs</item></ing>
      <ing>
        <amt>
          <qty>1/2</qty>
          <unit>cups</unit></amt>
        <item>Sugar</item></ing></ingredients>
    <directions>
      <step>  Dissolve yeast in warm water in a large bowl; let stand 5 minutes. Add 3
  cups flour, applesauce, and next 6 ingredients; beat at low speed of an
  electric mixer until moistened. Beat at meduim speed for an additional 2
  minutes. Stir in 2 cups of flour, 1/2 cup at a time, to form a soft dough.
  Turn out onto a well-floured surface. Knead until smooth and elastic(about
  5 minutes); add enough remaining flour, 1 tablespoon at a time, to prevent
  dough from sticking to hands. Place dough in a bowl coated with cooking
  spray, turning to coat top. Cover and let rise in a warm place, free from
  drafts, 1 hour or until doubled in bulk. Punch dough down, and turn out
  onto a lightly floured surface. Roll dough to 1/2 inch thickness; cut with
  a lightly floured 2 1/2 inch doughnut cutter. Combine doughnut holes and
  any remaining scraps of dough; reroll to 1/2 inch thickness and cut as
  before. Place doughnuts on baking sheets coated with cooking spray; brush 2
  tablespoons melted margarine over doughnuts. Let rise, uncovered, in a
  warm, draft-free place for 40 minutes. Combine 1/2 cup sugar and 1 teaspoon
  in a large zip-top heavy-duty plastic bag, and set aside. Bake doughnuts at
  425 degrees for 8 minutes or until golden. Immediately brush remaining 2
  tablespoons melted margarine over baked doughnuts; add doughnuts to plastic
  bag. Seal the bag and shake to coat. Yield: 3 dozen doughnuts
  
  Posted to recipelu-digest by Sandy &lt;sandysno@pctech.net&gt; on Mar 17, 1998
 
</step></directions></recipe></recipeml>
