<?xml version="1.0" encoding="UTF-8"?>

<recipeml version="0.5">
  <recipe>
    <head>
      <title>Baked Chilies Rellenos</title>
      <categories>
        <cat>Main dish</cat>
        <cat>Low-cal</cat>
        <cat>Tex-mex</cat>
        <cat>Beef</cat></categories>
      <yield>2</yield></head>
    <ingredients>
      <ing>
        <amt>
          <qty>4</qty>
          <unit/></amt>
        <item>Anaheim chiles; (6 in)</item></ing>
      <ing>
        <amt>
          <qty>2/3</qty>
          <unit>cups</unit></amt>
        <item>Ricotta cheese; (part skim)</item></ing>
      <ing>
        <amt>
          <qty>2/3</qty>
          <unit>cups</unit></amt>
        <item>Corn; whole kernel</item></ing>
      <ing>
        <amt>
          <qty>3</qty>
          <unit>tablespoons</unit></amt>
        <item>Green onion; chopped</item></ing>
      <ing>
        <amt>
          <qty>1/4</qty>
          <unit>teaspoons</unit></amt>
        <item>Pepper; fresh ground</item></ing>
      <ing>
        <amt>
          <qty>1</qty>
          <unit>clove</unit></amt>
        <item>Garlic, minced &amp; divided</item></ing>
      <ing>
        <amt>
          <qty>1/2</qty>
          <unit>cups</unit></amt>
        <item>Onion; finely chopped</item></ing>
      <ing>
        <amt>
          <qty>1/2</qty>
          <unit>teaspoons</unit></amt>
        <item>Cumin; ground</item></ing>
      <ing>
        <amt>
          <qty>1/4</qty>
          <unit>teaspoons</unit></amt>
        <item>Mexican oregano</item></ing>
      <ing>
        <amt>
          <qty>1/8</qty>
          <unit>teaspoons</unit></amt>
        <item>Salt</item></ing>
      <ing>
        <amt>
          <qty>1</qty>
          <unit>can</unit></amt>
        <item>Tomatoes; chopped; (14 oz)</item></ing></ingredients>
    <directions>
      <step>   1. Place chiles on a baking sheet. Broil 3 in. from heat 15 min. or until
  blackened and charred, turning once.
  
   2. Place chiles in ice water, and chill 5 minutes.
   Drain well; peel and discard skins. Cut a 4 in slit in the side of each
  chile; discard seeds, and set aside.
  
   3. Combine ricotta cheese, corn, green onions, pepper, and half of garlic;
  stir well. Put 1/3 c of mixture into each chile. Arrange chiles in a small
  baking dish. Bake at 350 degrees for 20 min. or until thoroughly heated.
  
   4. Coat a small saucepan with cooking spray; place over med. heat until
  hot. Add remaining garlic and
    chopped onion; saute 3 min. Add cumin and oregano; saute 1 minute. Stir
  in salt and tomatoes.
  
   5. Reduce heat and simmer, uncovered, for 10 minutes more, stirring
  frequently. Pour sauce over chiles and serve.
   (About 262 calories per 2 filled chilies and 1/2 c sauce. Chol: 26 mg).
  From Healthy Cooking, adapted and formated for you by Judy Lausch, DGSV43A.
  Please enjoy.
 
</step></directions></recipe></recipeml>
