<?xml version="1.0" encoding="UTF-8"?>

<recipeml version="0.5">
  <recipe>
    <head>
      <title>Baked Coconut Rice Puddin</title>
      <categories>
        <cat/></categories>
      <yield>100</yield></head>
    <ingredients>
      <ing>
        <amt>
          <qty>5 1/2</qty>
          <unit>quarts</unit></amt>
        <item>WATER; WARM</item></ing>
      <ing>
        <amt>
          <qty>1 1/2</qty>
          <unit>gallons</unit></amt>
        <item>WATER; COLD</item></ing>
      <ing>
        <amt>
          <qty>1 1/2</qty>
          <unit>pounds</unit></amt>
        <item>BUTTER PRINT SURE</item></ing>
      <ing>
        <amt>
          <qty>24</qty>
          <unit/></amt>
        <item>EGGS SHELL</item></ing>
      <ing>
        <amt>
          <qty>1 1/4</qty>
          <unit>pounds</unit></amt>
        <item>MILK; DRY NON-FAT L HEAT</item></ing>
      <ing>
        <amt>
          <qty>3 1/2</qty>
          <unit>pounds</unit></amt>
        <item>RICE 10LB</item></ing>
      <ing>
        <amt>
          <qty>1 1/2</qty>
          <unit>pounds</unit></amt>
        <item>COCONUT SWEETNED PRE</item></ing>
      <ing>
        <amt>
          <qty>2</qty>
          <unit>pounds</unit></amt>
        <item>SUGAR; GRANULATED 10 LB</item></ing>
      <ing>
        <amt>
          <qty>3</qty>
          <unit>tablespoons</unit></amt>
        <item>IMITATION VANILLA</item></ing>
      <ing>
        <amt>
          <qty>3</qty>
          <unit>tablespoons</unit></amt>
        <item>SALT TABLE 5LB</item></ing>
      <ing>
        <amt>
          <qty>PAN:</qty>
          <unit>12</unit></amt>
        <item>BY 20 BY 2 1/2-INCH STEAM TABLE PAN     TEMPERATURE:  350 F. OVEN</item></ing></ingredients>
    <directions>
      <step>  :
  
  1.  COMBINE RICE, WATER, AND SALT.  BRING TO A BOIL. STIRRING OCCASIONALLY.
  REDUCE HEAT, COVER TIGHTLY; SIMMER 15 TO 20 MINUTES OR UNTIL WATER IS
  ABSORBED. SET ASIDE FOR USE IN STEP 3.
  
  2.  RECONSTITUTE MILK; ADD EGGS, BUTTER OR MARGARINE, SUGAR AND VANILLA;
  BLEND THOROUGHLY.
  
  3.  FOLD RICE AND FLAKED, PREPARED, SWEETENED COCONUT INTO MIXTURE.
  
  4.  POUR ABOUT 1 GAL OF MIXTURE INTO EACH GREASED PAN.
  
  5.  BAKE 40 MINUTES. DO NOT STIR.
  
  6.  COVER, REFRIGERATE UNTIL READY TO SERVE.
  
  7.  CUT 4 BY 6.
  
  Recipe Number: J01501
  
  SERVING SIZE: 2/3 CUP
  
  From the &lt;Army Master Recipe Index File&gt; (actually used today!).
  Downloaded from Glen's MM Recipe Archive, http://www.erols.com/hosey.
 
</step></directions></recipe></recipeml>
