<?xml version="1.0" encoding="UTF-8"?>

<recipeml version="0.5">
  <recipe>
    <head>
      <title>Baked Chicken Cacciatore From Lhj</title>
      <categories>
        <cat>Chicken</cat></categories>
      <yield>4</yield></head>
    <ingredients>
      <ing>
        <amt>
          <qty>1</qty>
          <unit/></amt>
        <item>Chicken; cut up</item></ing>
      <ing>
        <amt>
          <qty>2</qty>
          <unit>tablespoons</unit></amt>
        <item>Olive oil</item></ing>
      <ing>
        <amt>
          <qty>2</qty>
          <unit>tablespoons</unit></amt>
        <item>Flour</item></ing>
      <ing>
        <amt>
          <qty>1 1/4</qty>
          <unit>teaspoons</unit></amt>
        <item>Salt; divided</item></ing>
      <ing>
        <amt>
          <qty>1</qty>
          <unit>teaspoon</unit></amt>
        <item>Oregano</item></ing>
      <ing>
        <amt>
          <qty>1/2</qty>
          <unit>teaspoons</unit></amt>
        <item>Freshly ground pepper</item></ing>
      <ing>
        <amt>
          <qty>12</qty>
          <unit>ounces</unit></amt>
        <item>Fresh mushrooms; sliced</item></ing>
      <ing>
        <amt>
          <qty>1</qty>
          <unit>large</unit></amt>
        <item>Red pepper; cut into 1/2-inch-wide strips</item></ing>
      <ing>
        <amt>
          <qty>3/4</qty>
          <unit>cups</unit></amt>
        <item>Chopped onions</item></ing>
      <ing>
        <amt>
          <qty>14 1/2</qty>
          <unit>ounces</unit></amt>
        <item>Italian-style stewed tomatoes; canned</item></ing>
      <ing>
        <amt>
          <qty>1/3</qty>
          <unit>cups</unit></amt>
        <item>White wine</item></ing>
      <ing>
        <amt>
          <qty>1</qty>
          <unit>tablespoon</unit></amt>
        <item>Chopped fresh flat-leaf parsley</item></ing></ingredients>
    <directions>
      <step>  1. Heat oven to 400°F. Remove skin from all chicken pieces except wings;
  trim any visible fat. Cut chicken breasts crosswise in half.
  
  2. Heat oil in large roasting pan in oven 2 minutes. Combine flour, 1
  teaspoon salt, oregano and pepper in large resealable plastic bag; add
  chicken pieces, tossing to coat well with flour mixture. Arrange chicken in
  hot oil in roasting pan; roast 20 minutes.
  
  3. Stir mushrooms, red pepper and onions into roasting pan with chicken;
  roast
       15    minutes more, stirring once.
  
  4. Add tomatoes with their liquid, wine and remaining 1/4 teaspoon salt,
  breaking up tomatoes withspoon. Roast 10 minutes longer until chicken is
  cooked through. Sprinkle with chopped parsley.
  
  Prep Time: 20 minutes Baking Time: 45 minutes Degree of Difficulty: Easy
  
  (C) Copyright 1997, Meredith Corporation, All Rights Reserved
  
  Busted by Barb, Possum Kingdom Lake
  
  NOTES :  Monday, December 08, 1997 11:11 AM All the traditional ingredients
  of everybody’s favorite Italian chicken dish--but this easier version is
  baked instead of simmered on top of the stove. Serve with spaghetti, rice,
  mashed potatoes or crusty bread for mopping up the sauce.
  
  Recipe by: LHJ ONLINE http://www.lhj.com
  
  Posted to MC-Recipe Digest V1 #977 by "abprice@wf.net" &lt;abprice@wf.net&gt; on
  Jan 1, 1998
 
</step></directions></recipe></recipeml>
