<?xml version="1.0" encoding="UTF-8"?>

<recipeml version="0.5">
  <recipe>
    <head>
      <title>Baked Chicken with Kumquats</title>
      <categories>
        <cat>Kitmailbox</cat></categories>
      <yield>6</yield></head>
    <ingredients>
      <ing>
        <amt>
          <qty>5 1/2</qty>
          <unit>pounds</unit></amt>
        <item>Roasting chicken Cut in serving sized pieces; [5 to 6 lb.]</item></ing>
      <ing>
        <amt>
          <qty>1/2</qty>
          <unit>cups</unit></amt>
        <item>Dry white wine</item></ing>
      <ing>
        <amt>
          <qty>1/4</qty>
          <unit>cups</unit></amt>
        <item>Lime juice</item></ing>
      <ing>
        <amt>
          <qty>1/4</qty>
          <unit>cups</unit></amt>
        <item>Soy sauce</item></ing>
      <ing>
        <amt>
          <qty>2</qty>
          <unit>small</unit></amt>
        <item>Onions; finely chopped, About 1 cup</item></ing>
      <ing>
        <amt>
          <qty>4</qty>
          <unit/></amt>
        <item>Cloves garlic; crushed</item></ing>
      <ing>
        <amt>
          <qty>1/2</qty>
          <unit>teaspoons</unit></amt>
        <item>Oregano</item></ing>
      <ing>
        <amt>
          <qty>1/2</qty>
          <unit>teaspoons</unit></amt>
        <item>Thyme</item></ing>
      <ing>
        <amt>
          <qty>1</qty>
          <unit>teaspoon</unit></amt>
        <item>Curry powder</item></ing>
      <ing>
        <amt>
          <qty>1</qty>
          <unit>teaspoon</unit></amt>
        <item>Ground ginger</item></ing>
      <ing>
        <amt>
          <qty>2</qty>
          <unit>tablespoons</unit></amt>
        <item>Butter or margarine</item></ing>
      <ing>
        <amt>
          <qty>1</qty>
          <unit>tablespoon</unit></amt>
        <item>Salad oil</item></ing>
      <ing>
        <amt>
          <qty>2</qty>
          <unit>tablespoons</unit></amt>
        <item>Flour</item></ing>
      <ing>
        <amt>
          <qty>1</qty>
          <unit>cup</unit></amt>
        <item>Halved canned kumquats</item></ing>
      <ing>
        <amt>
          <qty>2</qty>
          <unit/></amt>
        <item>Egg yolks; slightly beaten</item></ing>
      <ing>
        <amt>
          <qty/>
          <unit/></amt>
        <item>Salt; to taste</item></ing>
      <ing>
        <amt>
          <qty/>
          <unit/></amt>
        <item>Chopped parsley</item></ing></ingredients>
    <directions>
      <step>  Arrange the chicken pieces in a large, shallow baking dish.
  
  In a bowl, combine the wine, lime juice, soy sauce, chopped onion, garlic,
  oregano, thyme, curry and ginger. Pour over the chicken. Cover the dish and
  marinate 6 to 8 hours. Turn twice during this time. Drain, reserving the
  marinade.
  
  Heat a large frying pan and add the butter and oil. Brown the chicken
  pieces then place them back in the baking dish.
  
  Stir the flour into the fat in the pan; cook, stirring, until bubbling.
  Gradually blend in the marinade; stir and cook until thickened. Pour over
  the chicken.
  
  Cover the pan with foil and bake in a 350F oven for 1 hour or until tender.
  
  Arrange the chicken pieces on a serving dish, reserving the sauce. Sprinkle
  the kumquats over; keep warm while you finish the sauce.
  
  Bring the sauce to a boil in a small pan. Mix a little of the hot sauce
  with the lightly beaten egg yolks then return the mixture to the pan. Cook,
  stirring constantly and without boiling, until thickened. Add salt to
  taste. Pour the sauce over the chicken and sprinkle the whole thing with
  parsley.
  
  Source : Island Cooking - favorite Hawaiian Islands recipes by Bonnie
  Tuell, Maui Electric Home Economist; 1971.
  
  Formatted for MasterCook by Hallie du Preez.
  
  Recipe by: Island Cooking by Bonnie Tuell; 1971
  
  Posted to KitMailbox Digest  by Buddy &lt;buddy@connect.ab.ca&gt; on Mar 05, 1998
 
</step></directions></recipe></recipeml>
