<?xml version="1.0" encoding="UTF-8"?>

<recipeml version="0.5">
  <recipe>
    <head>
      <title>Baked Chocolate Pudding with Sour Cream</title>
      <categories>
        <cat>Dessert</cat></categories>
      <yield>8</yield></head>
    <ingredients>
      <ing-div>
        <title>SOUR CREAM TOPPING</title>
        <ing>
          <amt>
            <qty>3 1/2</qty>
            <unit>cups</unit></amt>
          <item>Whipping cream</item></ing>
        <ing>
          <amt>
            <qty>4</qty>
            <unit>tablespoons</unit></amt>
          <item>Buttermilk</item></ing></ing-div>
      <ing-div>
        <title>PUDDING</title>
        <ing>
          <amt>
            <qty>1</qty>
            <unit>cup</unit></amt>
          <item>All-purpose flour; sifted</item></ing>
        <ing>
          <amt>
            <qty>3/4</qty>
            <unit>cups</unit></amt>
          <item>Granulated sugar</item></ing>
        <ing>
          <amt>
            <qty>2</qty>
            <unit>tablespoons</unit></amt>
          <item>Unsweetened cocoa powder</item></ing>
        <ing>
          <amt>
            <qty>2</qty>
            <unit>teaspoons</unit></amt>
          <item>Baking powder</item></ing>
        <ing>
          <amt>
            <qty>1/4</qty>
            <unit>teaspoons</unit></amt>
          <item>Salt</item></ing>
        <ing>
          <amt>
            <qty>1/2</qty>
            <unit>cups</unit></amt>
          <item>Nuts; chopped (preferably macadamia nuts or walnuts)</item></ing>
        <ing>
          <amt>
            <qty>2</qty>
            <unit>tablespoons</unit></amt>
          <item>Butter; melted</item></ing>
        <ing>
          <amt>
            <qty>1/2</qty>
            <unit>cups</unit></amt>
          <item>Milk</item></ing>
        <ing>
          <amt>
            <qty>1</qty>
            <unit>teaspoon</unit></amt>
          <item>Vanilla</item></ing>
        <ing>
          <amt>
            <qty>1/2</qty>
            <unit>cups</unit></amt>
          <item>Brown sugar; firmly packed</item></ing>
        <ing>
          <amt>
            <qty>1/2</qty>
            <unit>cups</unit></amt>
          <item>Granulated sugar</item></ing>
        <ing>
          <amt>
            <qty>2</qty>
            <unit>tablespoons</unit></amt>
          <item>Unsweetened cocoa powder</item></ing>
        <ing>
          <amt>
            <qty>1</qty>
            <unit>cup</unit></amt>
          <item>Cold water</item></ing></ing-div></ingredients>
    <directions>
      <step>   FOR TOPPING: Combine 2 cups cream and 2 tablespoons buttermilk in 1-quart
  jar with tight-fitting lid and shake vigorously. Add remaining cream and
  buttermilk and stir to blend. Let stand at room temperature, uncovered, 3
  to 4 hours. Cover and shake again. Refrigerate mixture for 12 hours.
  
   FOR PUDDING: Generously grease 8x3-inch round baking dish. Combine flour,
  3/4 cup granulated sugar, cocoa powder, baking powder and salt in large
  bowl and mix well. Stir in chopped nuts and melted butter. Add milk and
  vanilla and stir until well blended (batter will be thick). Pour into
  prepared baking dish.
  
   Preheat oven to 325 degrees. Combine remaining sugars and cocoa in medium
  bowl and blend well. Sprinkle over batter. Pour 1 cup cold water over top.
  Bake until pudding is set, about 1 hour. (Can be baked early in day and
  reheated in 325 degree oven for 30-45 minutes.)
  
   Shake sour cream well. Pour quantity desired into mixing bowl and beat as
  for whipping cream. Invert hot pudding onto platter. Serve immediately with
  sour cream topping. (May be served cold.) Serves 8.
  
  ARKANSAS TODAY, CHANNEL 11, KTHV
  
  04/10/1991
  
  "COOKING WITH DON BINGHAM"
  
  From a collection of my mother's (Judy Hosey) recipe box which contained
  lots of her favorite recipes, clippings, etc.  Downloaded from Glen's MM
  Recipe Archive, http://www.erols.com/hosey.
 
</step></directions></recipe></recipeml>
