<?xml version="1.0" encoding="UTF-8"?>

<recipeml version="0.5">
  <recipe>
    <head>
      <title>Baked Chicken with Garlic and Apples Salt Free</title>
      <categories>
        <cat>Poultry</cat></categories>
      <yield>4</yield></head>
    <ingredients>
      <ing>
        <amt>
          <qty>2</qty>
          <unit/></amt>
        <item>Small chickens, cut up</item></ing>
      <ing>
        <amt>
          <qty/>
          <unit/></amt>
        <item>Paprika</item></ing>
      <ing>
        <amt>
          <qty/>
          <unit/></amt>
        <item>Pepper</item></ing>
      <ing>
        <amt>
          <qty/>
          <unit/></amt>
        <item>Unpeeled cloves of garlic</item></ing>
      <ing>
        <amt>
          <qty>6</qty>
          <unit/></amt>
        <item>McIntosh apples</item></ing>
      <ing>
        <amt>
          <qty/>
          <unit/></amt>
        <item>Butter</item></ing></ingredients>
    <directions>
      <step>  Directions: Sprinkle the chicken with paprika and pepper. Do not peel the
  garlic, but remove any obvious tough outer layer. Cut the apples in fourths
  and core. Lay the garlic and apples among the chicken pieces. Dot with
  butter and bake as long as you like chicken to bake. The apples will have
  cooked down, and the garlic cloves can be eaten skin and all.
  
  File ftp://ftp.idiscover.co.uk/pub/food/mealmaster/recipes/mmdjaxxx.zip
 
</step></directions></recipe></recipeml>
