<?xml version="1.0" encoding="UTF-8"?>

<recipeml version="0.5">
  <recipe>
    <head>
      <title>Baked Chicken German Style</title>
      <categories>
        <cat>German</cat>
        <cat>Pasta</cat>
        <cat>Chicken</cat></categories>
      <yield>6</yield></head>
    <ingredients>
      <ing>
        <amt>
          <qty>1/2</qty>
          <unit>cups</unit></amt>
        <item>Butter; or margarine</item></ing>
      <ing>
        <amt>
          <qty>1/2</qty>
          <unit>cups</unit></amt>
        <item>Flour</item></ing>
      <ing>
        <amt>
          <qty>2</qty>
          <unit>cups</unit></amt>
        <item>Chicken broth</item></ing>
      <ing>
        <amt>
          <qty>1 1/2</qty>
          <unit>cups</unit></amt>
        <item>Milk</item></ing>
      <ing>
        <amt>
          <qty>2</qty>
          <unit>teaspoons</unit></amt>
        <item>Lemon juice; fresh</item></ing>
      <ing>
        <amt>
          <qty>1/2</qty>
          <unit>teaspoons</unit></amt>
        <item>Salt</item></ing>
      <ing>
        <amt>
          <qty>1/2</qty>
          <unit>teaspoons</unit></amt>
        <item>Pepper</item></ing>
      <ing>
        <amt>
          <qty>1/4</qty>
          <unit>teaspoons</unit></amt>
        <item>Nutmeg</item></ing>
      <ing>
        <amt>
          <qty>8</qty>
          <unit>ounces</unit></amt>
        <item>Egg noodles; cooked &amp; drained</item></ing>
      <ing>
        <amt>
          <qty>3</qty>
          <unit>cups</unit></amt>
        <item>Chicken; cooked, diced</item></ing>
      <ing>
        <amt>
          <qty>2/3</qty>
          <unit>cups</unit></amt>
        <item>Parmesan cheese; grated</item></ing>
      <ing>
        <amt>
          <qty>2</qty>
          <unit>teaspoons</unit></amt>
        <item>Paprika</item></ing></ingredients>
    <directions>
      <step>  Preheat oven to 350~F. degrees. Melt butter in large saucepan over medium
  low heat. Whisk in flour and stir 3 minutes. Gradually whisk in broth and
  milk. Reduce heat, simmering until thick, about 10 minutes. Blend in lemon
  juice and seasonings. Combine cooked noodles and half the sauce, tossing
  gently to blend. Place in the bottom of a buttered 2-quart casserole. Top
  with chicken and remaining sauce. Combine Parmesan cheese and paprika,
  sprinkle over casserole. Bake until bubbling and golden brown, about 30
  minutes. Serve hot.
  
  From Gemini's MASSIVE MealMaster collection at www.synapse.com/~gemini
 
</step></directions></recipe></recipeml>
