<?xml version="1.0" encoding="UTF-8"?>

<recipeml version="0.5">
  <recipe>
    <head>
      <title>Barbecued Bean Salad</title>
      <categories>
        <cat>Vegetarian</cat>
        <cat>Vegan</cat>
        <cat>Salads</cat>
        <cat>Main dish</cat></categories>
      <yield>4</yield></head>
    <ingredients>
      <ing>
        <amt>
          <qty>2</qty>
          <unit>tablespoons</unit></amt>
        <item>Canola oil</item></ing>
      <ing>
        <amt>
          <qty>1/4</qty>
          <unit>cups</unit></amt>
        <item>Onion; finely chopped</item></ing>
      <ing>
        <amt>
          <qty>1</qty>
          <unit/></amt>
        <item>Pepper, jalapeno; seeded and very finely chopped</item></ing>
      <ing>
        <amt>
          <qty>1</qty>
          <unit/></amt>
        <item>Garlic clove; finely chopped</item></ing>
      <ing>
        <amt>
          <qty>1/4</qty>
          <unit>cups</unit></amt>
        <item>Maple syrup</item></ing>
      <ing>
        <amt>
          <qty>2</qty>
          <unit>tablespoons</unit></amt>
        <item>Tomato paste</item></ing>
      <ing>
        <amt>
          <qty>1</qty>
          <unit>tablespoon</unit></amt>
        <item>Mustard, creole or whole grain</item></ing>
      <ing>
        <amt>
          <qty>1</qty>
          <unit>teaspoon</unit></amt>
        <item>Chili powder</item></ing>
      <ing>
        <amt>
          <qty>1/2</qty>
          <unit>teaspoons</unit></amt>
        <item>Worcestershire sauce, vegetarian</item></ing>
      <ing>
        <amt>
          <qty>2/3</qty>
          <unit>cups</unit></amt>
        <item>Vinegar, cider</item></ing>
      <ing>
        <amt>
          <qty>2</qty>
          <unit>tablespoons</unit></amt>
        <item>Vegetable stock</item></ing>
      <ing>
        <amt>
          <qty>2</qty>
          <unit>cans</unit></amt>
        <item>Navy beans (15 oz ea); drained and rinsed</item></ing>
      <ing>
        <amt>
          <qty>1</qty>
          <unit>small</unit></amt>
        <item>Cucumber; finely diced</item></ing>
      <ing>
        <amt>
          <qty>2</qty>
          <unit/></amt>
        <item>Scallions; trimmed and chopped</item></ing>
      <ing>
        <amt>
          <qty/>
          <unit/></amt>
        <item>Salt and pepper to taste</item></ing></ingredients>
    <directions>
      <step>   In a heavy saucepan heat 1 tablespoon oil over medium heat. Add onions,
  jalapenos and garlic and saute for about 2 minutes, or until softened by
  not browned.
   Stir in maple syrup, tomato paste, mustard, chili powder, Worcestershire
  sauce and 1/3 c vinegar.
   Simmer, stirring often, for about 15 minutes, or until thickened. Let
  cool. Stir in the remaining 1/3 cup vinegar, 1 T oil, and vegetable stock.
  
   In a large bowl, combine beans, cucumbers and scallions. Pour the vinegar
  mixture over and toss until all ingredients are coated. Season with salt
  and pepper. Serves 4 as a main dish; 6 as a side dish.
  
   Per serving: 259 cal; 12 g protein; 5 g fat; 44 g carb; 229 mg sod; 0 mg
  chol
  
   Adapted from a recipe in Eating Well, July-Aug 1993/MM by DEEANNE
  
  From Gemini's MASSIVE MealMaster collection at www.synapse.com/~gemini
 
</step></directions></recipe></recipeml>
