<?xml version="1.0" encoding="UTF-8"?>

<recipeml version="0.5">
  <recipe>
    <head>
      <title>Barbecued Indonesian Pork Satay</title>
      <categories>
        <cat>Meat</cat></categories>
      <yield>4</yield></head>
    <ingredients>
      <ing>
        <amt>
          <qty>1</qty>
          <unit>pound</unit></amt>
        <item>Pork loin; leg or shoulder, boneless; cut in 1/2" cubes</item></ing>
      <ing>
        <amt>
          <qty>1/4</qty>
          <unit>cups</unit></amt>
        <item>Brown sugar</item></ing>
      <ing>
        <amt>
          <qty>1/4</qty>
          <unit>cups</unit></amt>
        <item>Water</item></ing>
      <ing>
        <amt>
          <qty>1/4</qty>
          <unit>cups</unit></amt>
        <item>Soy sauce</item></ing>
      <ing>
        <amt>
          <qty>1 1/2</qty>
          <unit>tablespoons</unit></amt>
        <item>Dark molasses</item></ing>
      <ing>
        <amt>
          <qty>1/8</qty>
          <unit>teaspoons</unit></amt>
        <item>Ground coriander</item></ing>
      <ing>
        <amt>
          <qty>1/8</qty>
          <unit>teaspoons</unit></amt>
        <item>Black pepper</item></ing>
      <ing>
        <amt>
          <qty>1/4</qty>
          <unit>cups</unit></amt>
        <item>Onion; minced</item></ing>
      <ing>
        <amt>
          <qty>1</qty>
          <unit/></amt>
        <item>Clove (small) garlic; minced</item></ing>
      <ing>
        <amt>
          <qty>1</qty>
          <unit>tablespoon</unit></amt>
        <item>Ginger root; minced</item></ing>
      <ing>
        <amt>
          <qty>2</qty>
          <unit>tablespoons</unit></amt>
        <item>Fresh lime juice</item></ing>
      <ing>
        <amt>
          <qty/>
          <unit/></amt>
        <item>Wooden skewers</item></ing></ingredients>
    <directions>
      <step>  Date: Fri, 23 Feb 96 17:21 PST
  
  From: sduller@mail.awinc.com (duller)
  In a small saucepan, combine brown sugar and water; simmer until sugar
  dissolves. Increase heat; cook until a syrup forms. Add soysauce, molasses,
  coriander and pepper, simmer 4 minutes and cool.
  
  Combine mixture with onion, garlic, gingerroot, lime juice and Pork. Cover
  and marinate in refrigerator 2 hours.
  
  Soak wooden skewers in water for 15 minutes. Thread Pork onto skewers.
  Barbecue or broil with low heat 8 to 10 minutes to medium doneness, basting
  occasionally with marinade.
  
  Serving Ideas : Serve over rice
  
  NOTES : Nutritional Info/Serving: 168 Calories 18 g Protein 8 g Fat 4 g
  Carbohydrate
  
  MC-RECIPE@MASTERCOOK.COM
  
  MASTERCOOK RECIPES LIST SERVER
  
  From the MasterCook recipe list.  Downloaded from Glen's MM Recipe Archive,
  http://www.erols.com/hosey.
 
</step></directions></recipe></recipeml>
