<?xml version="1.0" encoding="UTF-8"?>

<recipeml version="0.5">
  <recipe>
    <head>
      <title>Barbecued Frankfurters</title>
      <categories>
        <cat/></categories>
      <yield>100</yield></head>
    <ingredients>
      <ing>
        <amt>
          <qty>1</qty>
          <unit>quart</unit></amt>
        <item>WATER</item></ing>
      <ing>
        <amt>
          <qty>20</qty>
          <unit>pounds</unit></amt>
        <item>FRANKFURTERS</item></ing>
      <ing>
        <amt>
          <qty>2 1/2</qty>
          <unit>pounds</unit></amt>
        <item>ONIONS DRY</item></ing>
      <ing>
        <amt>
          <qty>1</qty>
          <unit>cup</unit></amt>
        <item>SUGAR; GRANULATED 10 LB</item></ing>
      <ing>
        <amt>
          <qty>1</qty>
          <unit>cup</unit></amt>
        <item>SHORTENING; 3LB</item></ing>
      <ing>
        <amt>
          <qty>2</qty>
          <unit>tablespoons</unit></amt>
        <item>PEPPER BLACK 1 LB CN</item></ing>
      <ing>
        <amt>
          <qty>4 1/2</qty>
          <unit>pounds</unit></amt>
        <item>CATSUP TOMATO#10</item></ing>
      <ing>
        <amt>
          <qty>6</qty>
          <unit>tablespoons</unit></amt>
        <item>MUSTARD FLOUR</item></ing>
      <ing>
        <amt>
          <qty>1 1/4</qty>
          <unit>cups</unit></amt>
        <item>WORCESTERSHIRE SAUCE</item></ing>
      <ing>
        <amt>
          <qty>1/4</qty>
          <unit>cups</unit></amt>
        <item>HOT SAUCE</item></ing>
      <ing>
        <amt>
          <qty>1</qty>
          <unit>quart</unit></amt>
        <item>VINEGAR CIDER</item></ing>
      <ing>
        <amt>
          <qty>1/4</qty>
          <unit>cups</unit></amt>
        <item>PAPRIKA GROUND</item></ing>
      <ing>
        <amt>
          <qty>PAN:</qty>
          <unit>18</unit></amt>
        <item>BY 26-INCH SHEET PAN              TEMPERATURE:  350 F. OVEN</item></ing></ingredients>
    <directions>
      <step>  1.  CUT A 3-INCH SLIT IN EACH FRANKFURTER. PLACE FRAKFURTERS IN PANS, SLIT
  SIDE UP.   SET ASIDE FOR USE IN STEP 4.
  
  2.  SAUTE' ONIONS IN SHORTENING OR SALAD OIL UNTIL TENDER.
  
  3.  ADD SUGAR, PEPPER, MUSTARD FLOUR, PAPRIKA, WORCESTERSHIRE SAUCE, HOT
  SAUC
  CATSUP, VINEGAR, AND WATER.  BRING TO A BOIL.
  
  4.  POUR 1 3/4 QT SAUCE OVER FRANKFURTERS IN EACH PAN.
  
  5.  BAKE 30 MINUTES OR UNTIL SAUCE BEGINS TO BROWN.
  
  NOTE:  1.  IN STEP 2, 2 LB 12 OZ DRY ONIONS A.P. WILL YIELD 2 LB 8 OZ
  FINELY CHOPPED ONIONS.
  
  NOTE:  2.  IN STEP 2, 5 OZ (1 2/3 CUPS) DEHYDRATED ONIONS MAY BE USED.
  SEE RECIPE CARD A-11.
  
  NOTE:  3.  IN STEPS 2 AND 3, BARBECUE SAUCE MIX MAY BE USED FOR ALL
  INGREDIENTS. PREPARE 5 1/4 QT SAUCE ACCORDING TO INSTRUCTIONS ON
  CONTAINER.
  
  NOTE:  4.  OTHER SIZES AND TYPES OF PANS MAY BE USED. SEE RECIPE CARD A-25.
  
  Recipe Number: L11400
  
  SERVING SIZE: 2 EACH
  
  From the &lt;Army Master Recipe Index File&gt; (actually used today!).
  Downloaded from Glen's MM Recipe Archive, http://www.erols.com/hosey.
 
</step></directions></recipe></recipeml>
