<?xml version="1.0" encoding="UTF-8"?>

<recipeml version="0.5">
  <recipe>
    <head>
      <title>Barbecued Brisket of Beef</title>
      <categories>
        <cat>Meats</cat>
        <cat>Bar-b-q</cat></categories>
      <yield>6</yield></head>
    <ingredients>
      <ing>
        <amt>
          <qty>1</qty>
          <unit>cup</unit></amt>
        <item>White wine</item></ing>
      <ing>
        <amt>
          <qty>3</qty>
          <unit>cups</unit></amt>
        <item>Apple cider</item></ing>
      <ing>
        <amt>
          <qty>1/4</qty>
          <unit>cups</unit></amt>
        <item>Honey</item></ing>
      <ing>
        <amt>
          <qty>2</qty>
          <unit>tablespoons</unit></amt>
        <item>Dijon mustard</item></ing>
      <ing>
        <amt>
          <qty>1/4</qty>
          <unit>cups</unit></amt>
        <item>Soy sauce</item></ing>
      <ing>
        <amt>
          <qty>2</qty>
          <unit>tablespoons</unit></amt>
        <item>Brown sugar, packed</item></ing>
      <ing>
        <amt>
          <qty>1</qty>
          <unit>tablespoon</unit></amt>
        <item>Minced garlic</item></ing>
      <ing>
        <amt>
          <qty>1</qty>
          <unit>tablespoon</unit></amt>
        <item>Minced fresh ginger root</item></ing>
      <ing>
        <amt>
          <qty>1</qty>
          <unit>tablespoon</unit></amt>
        <item>Whole coriander</item></ing>
      <ing>
        <amt>
          <qty>2</qty>
          <unit/></amt>
        <item>Sprigs fresh thyme</item></ing>
      <ing>
        <amt>
          <qty>1</qty>
          <unit/></amt>
        <item>Brisket of beef (2-1/2 lb)</item></ing></ingredients>
    <directions>
      <step>  COMBINE WINE, CIDER, HONEY, mustard, soy sauce, brown sugar, garlic, ginger
  root, coriander and thyme in Dutch oven or heavy roasting pan. Add brisket.
  Cover tightly and place in oven. Turn oven to 350F and cook 1 hour. Remove
  brisket from cooking liquid, cover and set aside. Transfer liquid to medium
  pan and cook over medium heat until reduced to a glaze and thick enough to
  coat back of spoon. Using covered grill, light about 12 charcoal briquettes
  and add small piece of mesquite or other wood. Be sure to place charcoal
  and wood to one side of grill. Arrange brisket on grill so that it is not
  directly over burning wood. Paint it with some glaze. Place cover on grill
  and smoke brisket 1 hour, turning meat and coating with glaze every 15
  minutes. Add charcoal or wood, small piece at a time, if fire seems to get
  too cold. Remove from grill, thinly slice meat against grain and serve.
  Offer any remaining glaze on side.
  
  From Gemini's MASSIVE MealMaster collection at www.synapse.com/~gemini
 
</step></directions></recipe></recipeml>
