<?xml version="1.0" encoding="UTF-8"?>

<recipeml version="0.5">
  <recipe>
    <head>
      <title>Barbecued Chicken Wings - Peak Gai Yang</title>
      <categories>
        <cat>Thai</cat>
        <cat>Chicken</cat>
        <cat>Bar-b-q</cat></categories>
      <yield>4</yield></head>
    <ingredients>
      <ing>
        <amt>
          <qty>1 1/2</qty>
          <unit>pounds</unit></amt>
        <item>Chicken Wings</item></ing>
      <ing>
        <amt>
          <qty>1</qty>
          <unit>teaspoon</unit></amt>
        <item>Salt</item></ing>
      <ing>
        <amt>
          <qty>1/4</qty>
          <unit>cups</unit></amt>
        <item>Chopped Lemon Grass</item></ing>
      <ing>
        <amt>
          <qty>8</qty>
          <unit/></amt>
        <item>Cloves Garlic, Chopped</item></ing>
      <ing>
        <amt>
          <qty>1/2</qty>
          <unit>teaspoons</unit></amt>
        <item>White Pepper</item></ing>
      <ing>
        <amt>
          <qty>1/4</qty>
          <unit>cups</unit></amt>
        <item>Minced Cilantro Root Or: Coriander Root</item></ing>
      <ing>
        <amt>
          <qty>1</qty>
          <unit>teaspoon</unit></amt>
        <item>Tumeric</item></ing></ingredients>
    <directions>
      <step>  This is a favorite barbecue recipe.  The enticing
  aroma of the sizzling meat on the grill makes it very
  popular with the street vendors' clientele.
  ~------------------------------------------------------
  ~----------------- Combine all the marinade
  ingredients and marinate the chicken wings overnight.
  Barbecue the wings over medium coals for 5 to 7
  minutes on each side until they are cooked through and
  golden brown.
  
  Serve with steamed sticky rice.
  
  From: Thailand The Beautiful Cookbook.  Typed by Syd
  Bigger.
  
  From Gemini's MASSIVE MealMaster collection at www.synapse.com/~gemini
 
</step></directions></recipe></recipeml>
