<?xml version="1.0" encoding="UTF-8"?>

<recipeml version="0.5">
  <recipe>
    <head>
      <title>Barbecued Beef Roll</title>
      <categories>
        <cat>Steak</cat>
        <cat>Beef</cat>
        <cat>Meats</cat></categories>
      <yield>6</yield></head>
    <ingredients>
      <ing>
        <amt>
          <qty>1</qty>
          <unit/></amt>
        <item>Full Cut Round Steak *</item></ing>
      <ing>
        <amt>
          <qty>3/4</qty>
          <unit>cups</unit></amt>
        <item>Catsup</item></ing>
      <ing>
        <amt>
          <qty>1/3</qty>
          <unit>cups</unit></amt>
        <item>Chil Sauce</item></ing>
      <ing>
        <amt>
          <qty>1/4</qty>
          <unit>cups</unit></amt>
        <item>Brown Sugar</item></ing>
      <ing>
        <amt>
          <qty>1/4</qty>
          <unit>cups</unit></amt>
        <item>Wine Vinegar</item></ing>
      <ing>
        <amt>
          <qty>2</qty>
          <unit>tablespoons</unit></amt>
        <item>Steak Sauce</item></ing>
      <ing>
        <amt>
          <qty>1/2</qty>
          <unit>teaspoons</unit></amt>
        <item>Cumin</item></ing>
      <ing>
        <amt>
          <qty>1/2</qty>
          <unit>teaspoons</unit></amt>
        <item>Chili Powder</item></ing>
      <ing>
        <amt>
          <qty>1</qty>
          <unit>teaspoon</unit></amt>
        <item>Meat Tenderizer</item></ing>
      <ing>
        <amt>
          <qty>1/2</qty>
          <unit>teaspoons</unit></amt>
        <item>Salt</item></ing>
      <ing>
        <amt>
          <qty>1/2</qty>
          <unit>teaspoons</unit></amt>
        <item>Pepper</item></ing>
      <ing>
        <amt>
          <qty>3/4</qty>
          <unit>cups</unit></amt>
        <item>Shredded Cheddar Cheese</item></ing>
      <ing>
        <amt>
          <qty>1/4</qty>
          <unit>cups</unit></amt>
        <item>Whole Kernal Corn</item></ing>
      <ing>
        <amt>
          <qty>1/4</qty>
          <unit>cups</unit></amt>
        <item>Chopped Green Pepper</item></ing>
      <ing>
        <amt>
          <qty>1/4</qty>
          <unit>cups</unit></amt>
        <item>Chopped Pitted Ripe Olives</item></ing>
      <ing>
        <amt>
          <qty>1/2</qty>
          <unit>cups</unit></amt>
        <item>Unbleached All-purpose Flour</item></ing>
      <ing>
        <amt>
          <qty>3</qty>
          <unit>tablespoons</unit></amt>
        <item>Cooking Oil</item></ing>
      <ing>
        <amt>
          <qty>1/4</qty>
          <unit>cups</unit></amt>
        <item>Water</item></ing>
      <ing>
        <amt>
          <qty>1/4</qty>
          <unit>cups</unit></amt>
        <item>Shredded Cheddar Cheese</item></ing>
      <ing>
        <amt>
          <qty>2</qty>
          <unit>tablespoons</unit></amt>
        <item>Sliced Pitted Ripe Olives</item></ing>
      <ing>
        <amt>
          <qty>3</qty>
          <unit/></amt>
        <item>Tomato Roses</item></ing>
      <ing>
        <amt>
          <qty/>
          <unit/></amt>
        <item>Green Pepper Slices</item></ing></ingredients>
    <directions>
      <step>  *     Steak shoud be cut 1/2 to 3/4-inch thick and weigh approximately 2 to
  2 1/2 lbs. ~------------------------------------------------------
  ~----------------- Combine catsup, chili sauce, brown sugar, wine vinegar,
  steak sauce, cumin and chil powder in small saucepan; cook slowly 20
  minutes. Meanwhile, remove bone from round steak; sprinkle with tenderizer,
  salt and pepper and pound with mallet. Brush top of steak with 1/2 cup
  barbecue sauce. Sprinkle with 3/4 c shredded Cheddar cheese, corn, green
  pepper and 1/4 cup sliced ripe olives. Beginning with long side, roll steak
  tightly and tie with string. Dredge steak roll in flour, brown lightly in
  cooking oil in electric frying pan.  Pour remaining barbecue sauce and
  water over steak.  Cover tightly and cook slowly for 1 1/2 hours or until
  meat is tender. During last 5 minutes of cooking time, remove strings and
  sprinkle top of meat with 1/4 cup shredded Cheddar cheese and 2 T sliced
  ripe olives. Place steak roll on warm serving platter. Granish with tomato
  roses.  Place green pepper slices around roses for leaf effect. Serve
  remaining barbedcue sauce with beef roll. NOTE: Tomatoe Roses: Using 3
  tomatoes, pare each with a very sharp knife, starting at the rounded top
  and conginuing in a circular manner around the tomato to obtain a strip of
  peel approximately 10 inches long and 1 inch wide. (Pare off only the
  skin.)  Wrap one end of one strip around tip of index finger. Continue
  wrapping, forming the petals of a rose.  Gently lift tomato rose from
  finger tip to serving paltter. Repeat for other roses.
  
  From Gemini's MASSIVE MealMaster collection at www.synapse.com/~gemini
 
</step></directions></recipe></recipeml>
