<?xml version="1.0" encoding="UTF-8"?>

<recipeml version="0.5">
  <recipe>
    <head>
      <title>Barbecued Chicken #6</title>
      <categories>
        <cat>Poultry</cat></categories>
      <yield>4</yield></head>
    <ingredients>
      <ing-div>
        <title>BASTE</title>
        <ing>
          <amt>
            <qty>2</qty>
            <unit/></amt>
          <item>Sticks butter</item></ing>
        <ing>
          <amt>
            <qty>1/4</qty>
            <unit>cups</unit></amt>
          <item>Lemon juice</item></ing>
        <ing>
          <amt>
            <qty>2</qty>
            <unit>teaspoons</unit></amt>
          <item>Celery salt</item></ing>
        <ing>
          <amt>
            <qty>2</qty>
            <unit>teaspoons</unit></amt>
          <item>Garlic powder</item></ing>
        <ing>
          <amt>
            <qty>2</qty>
            <unit>teaspoons</unit></amt>
          <item>White pepper</item></ing>
        <ing>
          <amt>
            <qty>2</qty>
            <unit>teaspoons</unit></amt>
          <item>Paprika</item></ing>
        <ing>
          <amt>
            <qty>2</qty>
            <unit>teaspoons</unit></amt>
          <item>Onion powder</item></ing></ing-div></ingredients>
    <directions>
      <step>  From: mariusj@best.com (Marius Johnston)
  
  Date: Sun, 28 Jul 1996 11:46:25 -0700
  Did some last night.  This from the All-American Barbecue Book
  
  The secret of this recipe is to cook the chicken at 225 - 250 degrees *skin
  side up*.  Check doness by twisting leg, don't pierce the skin.
  
  Salt and pepper chicken a few hours before cooking
  
  I basted every 45 min or so
  
  bbq-digest V2 #054
  
  From the BBQ recipe list.  Downloaded from Glen's MM Recipe Archive,
  http://www.erols.com/hosey.
 
</step></directions></recipe></recipeml>
