<?xml version="1.0" encoding="UTF-8"?>

<recipeml version="0.5">
  <recipe>
    <head>
      <title>Barbecued Black Beans over Elbows (Mf)</title>
      <categories>
        <cat>Main dishes</cat>
        <cat>Bean</cat></categories>
      <yield>1</yield></head>
    <ingredients>
      <ing>
        <amt>
          <qty>3</qty>
          <unit>cups</unit></amt>
        <item>Elbow macaroni</item></ing>
      <ing>
        <amt>
          <qty>32</qty>
          <unit>ounces</unit></amt>
        <item>Black beans; drained and rinsed</item></ing>
      <ing>
        <amt>
          <qty>4</qty>
          <unit>ounces</unit></amt>
        <item>Chopped green chilies</item></ing>
      <ing>
        <amt>
          <qty>14</qty>
          <unit>ounces</unit></amt>
        <item>Chopped tomatoes (14-16oz); with juice</item></ing>
      <ing>
        <amt>
          <qty>10</qty>
          <unit>ounces</unit></amt>
        <item>Frozen corn kernels; thawed</item></ing>
      <ing>
        <amt>
          <qty>2</qty>
          <unit>tablespoons</unit></amt>
        <item>Barbecue sauce</item></ing>
      <ing>
        <amt>
          <qty>3/4</qty>
          <unit>teaspoons</unit></amt>
        <item>Ground cumin</item></ing>
      <ing>
        <amt>
          <qty/>
          <unit/></amt>
        <item>Salt and pepper</item></ing>
      <ing>
        <amt>
          <qty/>
          <unit/></amt>
        <item>Chopped fresh cilantro; for garnish</item></ing>
      <ing>
        <amt>
          <qty/>
          <unit/></amt>
        <item>Minced fresh jalapeno pepper; for garnish</item></ing></ingredients>
    <directions>
      <step>  Bring water to a boil and cook pasta. Meanwhile simmer beans in a saucepan
  with the remaining ingredients. When pasta is done spoon in bowls, ladle
  beans over top and garnish with cilantro and hot pepper. Copyright, 1997,
  TV FOOD NETWORK, G.P., All Rights Reserved MC format by Gail Shermeyer,
  4paws@netrax.net
  
  Recipe by: PASTA MONDAY TO FRIDAY SHOW #PS6559
  
  Posted to MC-Recipe Digest V1 #989 by The Meades &lt;kmeade@idsonline.com&gt; on
  Jan 6, 1998
 
</step></directions></recipe></recipeml>
