<?xml version="1.0" encoding="UTF-8"?>

<recipeml version="0.5">
  <recipe>
    <head>
      <title>Barbecued Corn and Hard Shelled Crabs</title>
      <categories>
        <cat>Seafood</cat>
        <cat>Vegetables</cat></categories>
      <yield>4</yield></head>
    <ingredients>
      <ing>
        <amt>
          <qty>1/3</qty>
          <unit>cups</unit></amt>
        <item>OLIVE OIL</item></ing>
      <ing>
        <amt>
          <qty/>
          <unit/></amt>
        <item>SALT AND PEPPER TO TASTE</item></ing>
      <ing>
        <amt>
          <qty>2</qty>
          <unit>teaspoons</unit></amt>
        <item>TOMATO PASTE</item></ing>
      <ing>
        <amt>
          <qty>4</qty>
          <unit/></amt>
        <item>EARS WHITE CORN UNSHUCKED</item></ing>
      <ing>
        <amt>
          <qty>1</qty>
          <unit>teaspoon</unit></amt>
        <item>HOT PEPPER PASTE</item></ing>
      <ing>
        <amt>
          <qty>8</qty>
          <unit/></amt>
        <item>Hard shelled crabs; cooked washed and dried</item></ing>
      <ing>
        <amt>
          <qty>1</qty>
          <unit/></amt>
        <item>CLOVE MINCED GARLIC</item></ing></ingredients>
    <directions>
      <step>    MIX THE OLIVE OIL WITH THE TOMATO PASTE,GARLIC,SALT AND PEPPER,HOT PEPPER
  PASTE.SET ASIDE.PLACE THE CORN ON A CHARCOAL GRILL FOR ABOUT 15
  MINUTES,TURNING EVRY 5 MINUTES.REMOVE TO A WARM SPOT. BRUSH THE CRABS WITH
  SOME OF THE OIL MIXTURE AND GRILL FOR FOUR MINUTES PER SIDE,UNTIL LIGHTLY
  BROWNED AND THE EDGES OF THE SHELL HAVE SLIGHTLY CHARRED.SHUCK THE CORN AND
  SERVE TWO CRABS AND AN EAR OF CORN TO EACH DINNER.SERVE THE EXTRA SPICED
  OIL MIXTURE AS A DIP FOR THE CRAB AND TO BE BRUSHED ON THE CORN.MAKES FOUR
  SERVINGS.  NOTE: IF USING LIVE HARD SHELLED CRABS,BOIL THEM FIRST IN A
  LARGE POT OF WATER SEASONED WITH SEVERAL TABLESPOONS OF CRAB BOIL( A SPICE
  BLEND ) UNTI  ALL THE CRABS ARE BRIGHT RED,ABOUT 10 MINUTES.THEN PROCEED AS
  INSTRUCTED F COOKED CRABS.
  
  From Gemini's MASSIVE MealMaster collection at www.synapse.com/~gemini
 
</step></directions></recipe></recipeml>
