<?xml version="1.0" encoding="UTF-8"?>

<recipeml version="0.5">
  <recipe>
    <head>
      <title>Barbecued Butterflied Leg of Lamb with Mint and Pocket Bread</title>
      <categories>
        <cat>Meats</cat>
        <cat>Lamb</cat>
        <cat>Holiday</cat></categories>
      <yield>9</yield></head>
    <ingredients>
      <ing>
        <amt>
          <qty>1</qty>
          <unit/></amt>
        <item>Leg of lamb (5-6 lb)*</item></ing>
      <ing>
        <amt>
          <qty>3/4</qty>
          <unit>cups</unit></amt>
        <item>Balsamic vinegar</item></ing>
      <ing>
        <amt>
          <qty>1/3</qty>
          <unit>cups</unit></amt>
        <item>Mint jelly</item></ing>
      <ing>
        <amt>
          <qty>1/3</qty>
          <unit>cups</unit></amt>
        <item>Minced fresh mint leaves</item></ing>
      <ing>
        <amt>
          <qty/>
          <unit/></amt>
        <item>Fresh mint sprigs (opt)</item></ing>
      <ing>
        <amt>
          <qty/>
          <unit/></amt>
        <item>Salt</item></ing>
      <ing>
        <amt>
          <qty/>
          <unit/></amt>
        <item>Pepper</item></ing>
      <ing>
        <amt>
          <qty/>
          <unit/></amt>
        <item>Small pocket bread**</item></ing></ingredients>
    <directions>
      <step>  * - boned and trimmed of surface fat
  
  ** - or regular pocket bread, cut in half crosswise
  
  1. Lay meat boned side up. Slash about halfway through thickest portions,
  as needed, and pull meat, patting cut edges down, to make the piece
  relatively even.
  
  2. Place lamb in a 9x13" pan. In a 1 1/2 quart pan over medium-high heat,
  stir vinegar with 1/3 cup mint jelly just until boiling. Stir in mint and
  pour evenly over lamb. Cover and chill 2 hours or up to a day. Turn meat
  over occasionally.
  
  3. On firegrate in a barbecue, with a lid, ignite 50-60 charcoal briquets.
  When briquets are dotted with ash, in about 30 minutes, spread them into a
  single layer; scatter 10-12 more briquets over coals. Set grill 5-6" above
  coals. Lift meat onto grill; reserve marinade. Put lid on barbecue and open
  vents.
  
  4.Turn meat as needed to brown evenly; baste with marinade. Cook until
  thickest part of meat is done to your liking; for rare (140' on a
  thermometer) in center of thickest part, allow about 40 minutes total.
  Thinner sections will be well done.
  
  5. Transfer lamb to a platter and let rest 5-10 minutes. Garnish with mint
  sprigs. Slice meat thin. Season to taste with mint jelly, salt, and pepper.
  Eat with knife and fork or tuck into pocket bread.
  
  File ftp://ftp.idiscover.co.uk/pub/food/mealmaster/recipes/mmdjaxxx.zip
 
</step></directions></recipe></recipeml>
