<?xml version="1.0" encoding="UTF-8"?>

<recipeml version="0.5">
  <recipe>
    <head>
      <title>Barbecued Duck #2</title>
      <categories>
        <cat>Poultry</cat></categories>
      <yield>6</yield></head>
    <ingredients>
      <ing>
        <amt>
          <qty>1/2</qty>
          <unit>cups</unit></amt>
        <item>Honey</item></ing>
      <ing>
        <amt>
          <qty>1/2</qty>
          <unit>cups</unit></amt>
        <item>Vinegar</item></ing>
      <ing>
        <amt>
          <qty>1</qty>
          <unit/></amt>
        <item>(4 to 5 lb.) duck; cleaned</item></ing>
      <ing>
        <amt>
          <qty>2</qty>
          <unit>tablespoons</unit></amt>
        <item>Bean paste</item></ing>
      <ing>
        <amt>
          <qty>2</qty>
          <unit>tablespoons</unit></amt>
        <item>Chopped fresh garlic</item></ing>
      <ing>
        <amt>
          <qty>2</qty>
          <unit>teaspoons</unit></amt>
        <item>Salt</item></ing>
      <ing>
        <amt>
          <qty>1/2</qty>
          <unit>cups</unit></amt>
        <item>Cooking wine</item></ing>
      <ing>
        <amt>
          <qty>1/2</qty>
          <unit>cups</unit></amt>
        <item>Sugar</item></ing>
      <ing>
        <amt>
          <qty>3</qty>
          <unit/></amt>
        <item>Green onions</item></ing></ingredients>
    <directions>
      <step>  Twelve hours before roasting the duck, place a large wok on the stove and
  fill with 1 gallon water. Add the honey and vinegar and bring to a full
  boil. Holding the duck by one wing, ladle the hot liquid over the duck,
  coating well. Continue to ladle for 3 mins. Tie the legs of the duck
  together with string and suspend over a container. Let the duck drip dry
  for 12 hours. Preheat oven to 400 F. Combine the bean paste, garlic, salt,
  wine, and sugar. Place the whole green onions in the duck cavity followed
  by the bean paste mixture. Sew the opening together and bake in preheated
  oven for 45 mins.
  
  GOLDEN PALACE
  
  7TH ST, NW, WASHINGTON, DC
  
  BEVERAGE:  TSING TAO BEER
  
  From the &lt;Micro Cookbook Collection of Chinese Recipes&gt;.  Downloaded from
  Glen's MM Recipe Archive, http://www.erols.com/hosey.
 
</step></directions></recipe></recipeml>
