<?xml version="1.0" encoding="UTF-8"?>

<recipeml version="0.5">
  <recipe>
    <head>
      <title>Barbecued Garlic Chicken</title>
      <categories>
        <cat>None</cat></categories>
      <yield>6</yield></head>
    <ingredients>
      <ing-div>
        <title/>
        <ing>
          <amt>
            <qty>6</qty>
            <unit/></amt>
          <item>Chicken Breasts</item></ing>
        <ing>
          <amt>
            <qty>6</qty>
            <unit>teaspoons</unit></amt>
          <item>Fresh Garlic; crushed with Salt</item></ing>
        <ing>
          <amt>
            <qty>6</qty>
            <unit>teaspoons</unit></amt>
          <item>Salt</item></ing>
        <ing>
          <amt>
            <qty>4</qty>
            <unit>tablespoons</unit></amt>
          <item>Black Peppercorns; crushed with Mortar and Pestle</item></ing>
        <ing>
          <amt>
            <qty>3</qty>
            <unit>teaspoons</unit></amt>
          <item>Coriander</item></ing>
        <ing>
          <amt>
            <qty>1</qty>
            <unit>cup</unit></amt>
          <item>Fresh Cilantro or Parsley; coarsely chopped</item></ing>
        <ing>
          <amt>
            <qty>6</qty>
            <unit>tablespoons</unit></amt>
          <item>Fresh Lime Juice</item></ing></ing-div>
      <ing-div>
        <title>GARNISH</title>
        <ing>
          <amt>
            <qty>1</qty>
            <unit/></amt>
          <item>Fresh Tomato</item></ing>
        <ing>
          <amt>
            <qty>2</qty>
            <unit/></amt>
          <item>Cucumbers</item></ing>
        <ing>
          <amt>
            <qty>1</qty>
            <unit>bunch</unit></amt>
          <item>Scallions; (Green Onions)</item></ing>
        <ing>
          <amt>
            <qty>2</qty>
            <unit>tablespoons</unit></amt>
          <item>Fresh Lime Juice; up to 3</item></ing>
        <ing>
          <amt>
            <qty>1</qty>
            <unit>tablespoon</unit></amt>
          <item>Olive Oil; up to 2</item></ing>
        <ing>
          <amt>
            <qty/>
            <unit/></amt>
          <item>Salt to taste</item></ing></ing-div></ingredients>
    <directions>
      <step>  Hello, Grilling Enthusiasts!
  
  Nearly every occupant of any home or apartment in the world has access to a
  charcoal grill, hibachi, gas grill, cast iron grilling skillet, or fire
  pit. There is no social class structure, gender, or ethnic group that has
  not prepared food over an open flame. The Cook and Kitchen Staff are not
  saying that all the world's issues could be resolved over a barbecue, but
  it is nice to recognize one thing that we all have in common on a global
  basis.
  
  Today's recipe is a classic for grilled chicken that takes very little time
  to put together and makes a lovely main course as prepared over any type of
  open flame. As with all grill-prepared meals, cooking time will vary, so
  please use your good judgment.
  
  Combine garlic, salt, peppercorns, and coriander in a flat dish with the
  cilantro (or parsley) and lime juice. Rub the paste-like mixture well into
  the chicken breasts on all sides, cover, and refrigerate overnight or at
  least one hour.
  
  Cook chicken over glowing coals, turning about every five minutes, until
  chicken is no longer pink and the skin is crisp.
  
  Garnish with tomatoes and curls of scallions.
  
  Serve with a simple salad of cucumber, tomato, and scallions, seasoned with
  lime juice, oil, and salt.
  
  Posted to dailyrecipe@recipe-a-day.com by Recipe-a-Day
  &lt;recipe-a-day@bignetwork.com&gt; on May 8, 1998
 
</step></directions></recipe></recipeml>
