<?xml version="1.0" encoding="UTF-8"?>

<recipeml version="0.5">
  <recipe>
    <head>
      <title>Barbecued Chicken #4</title>
      <categories>
        <cat>Poultry</cat></categories>
      <yield>4</yield></head>
    <ingredients>
      <ing>
        <amt>
          <qty>1</qty>
          <unit/></amt>
        <item>Whole chicken; cut into pieces</item></ing>
      <ing>
        <amt>
          <qty>2</qty>
          <unit/></amt>
        <item>Parts butter or margarine</item></ing>
      <ing>
        <amt>
          <qty>1</qty>
          <unit/></amt>
        <item>Part lemon juice</item></ing>
      <ing>
        <amt>
          <qty/>
          <unit/></amt>
        <item>Garlic salt to taste</item></ing>
      <ing>
        <amt>
          <qty>This</qty>
          <unit>is</unit></amt>
        <item>our favorite.  You will have to estimate how much you need.  You</item></ing></ingredients>
    <directions>
      <step>  probably need about 1 to 2 cups for a good sized chicken.  I get a whole
  chicken and cut it into pieces but there is no reason this wouldn't work on
  just the chicken breasts.
  
   Use about 2 parts butter or margarine to one part lemon juice.  Melt the
  butter and mix with the lemon juice.  Stir in garlic salt to tast.  My
  husband says "lots" of garlic salt. If you are opposed to the fat in the
  margarine, just use the garlic salt and lemon juice for a tangy, garlicy
  grilled chicken.
  
  SUE CUMMINGS &lt;SEC@CYBERPORT.NET&gt;
  
  REC.FOOD.RECIPES
  
  From rec.food.cooking archives.  Downloaded from Glen's MM Recipe Archive,
  http://www.erols.com/hosey.
 
</step></directions></recipe></recipeml>
