<?xml version="1.0" encoding="UTF-8"?>

<recipeml version="0.5">
  <recipe>
    <head>
      <title>Barbecued Chicken Sandwich</title>
      <categories>
        <cat>Rubs</cat>
        <cat>Sandwiches</cat></categories>
      <yield>1</yield></head>
    <ingredients>
      <ing>
        <amt>
          <qty>2</qty>
          <unit/></amt>
        <item>Whole chickens( 3 1/2 pounds each)</item></ing>
      <ing>
        <amt>
          <qty>3</qty>
          <unit>tablespoons</unit></amt>
        <item>Dry rub #1</item></ing>
      <ing>
        <amt>
          <qty/>
          <unit/></amt>
        <item>Barbecue sauce</item></ing>
      <ing>
        <amt>
          <qty/>
          <unit/></amt>
        <item>****** Dry Rub #1 ******</item></ing>
      <ing>
        <amt>
          <qty>1</qty>
          <unit>tablespoon</unit></amt>
        <item>Paprka, Hungarian</item></ing>
      <ing>
        <amt>
          <qty>1/2</qty>
          <unit>teaspoons</unit></amt>
        <item>Celery salt</item></ing>
      <ing>
        <amt>
          <qty>1/2</qty>
          <unit>teaspoons</unit></amt>
        <item>Sugar</item></ing>
      <ing>
        <amt>
          <qty>1/2</qty>
          <unit>teaspoons</unit></amt>
        <item>Sage</item></ing>
      <ing>
        <amt>
          <qty>1/2</qty>
          <unit>teaspoons</unit></amt>
        <item>Mustard</item></ing>
      <ing>
        <amt>
          <qty>1/2</qty>
          <unit>teaspoons</unit></amt>
        <item>Chipotle powder</item></ing>
      <ing>
        <amt>
          <qty/>
          <unit/></amt>
        <item>****** Barbecue Sauce ******</item></ing>
      <ing>
        <amt>
          <qty>1</qty>
          <unit>tablespoon</unit></amt>
        <item>Peanut oil</item></ing>
      <ing>
        <amt>
          <qty>2</qty>
          <unit>tablespoons</unit></amt>
        <item>Onion; minced</item></ing>
      <ing>
        <amt>
          <qty>1 1/2</qty>
          <unit>cups</unit></amt>
        <item>Cider vinegar</item></ing>
      <ing>
        <amt>
          <qty>1</qty>
          <unit>cup</unit></amt>
        <item>Ketchup</item></ing>
      <ing>
        <amt>
          <qty>3</qty>
          <unit>tablespoons</unit></amt>
        <item>Dry rub #1</item></ing>
      <ing>
        <amt>
          <qty>2</qty>
          <unit>tablespoons</unit></amt>
        <item>Brown sugar</item></ing>
      <ing>
        <amt>
          <qty>1</qty>
          <unit>cup</unit></amt>
        <item>Coffee</item></ing>
      <ing>
        <amt>
          <qty>1</qty>
          <unit>tablespoon</unit></amt>
        <item>Mustard</item></ing>
      <ing>
        <amt>
          <qty>2</qty>
          <unit>cups</unit></amt>
        <item>Garlic; minced</item></ing></ingredients>
    <directions>
      <step>  Mix all ingredients well and reserve in refrigerator, covered tightly. Will
  keep for up to 2 weeks.
  Barbecue Sauce:
  
  In a saucepan, heat peanut oil. Add garlic and onion. Cook until soft. Add
  remaining ingredients and simmer until thickened. Rub the chicken inside
  and out, with dry rub #1, making sure to get under the skin as much as
  possible. Massage the bird well and refrigerate overnight. Prepare the
  grill with soaked wood chips. Split the chicken in half and cook on the
  grill over slow heat for 45 minutes or until cooked. Allow the chicken to
  cool slightly. Pick the meat off the bone, remove the skin. Chop the
  chicken lightly and mix with 1 cup of the barbecue sauce. Serve on white
  bun  with cole slaw.
  
                                                   Copyright, 1996, TV FOOD
  NETWORK, G.P., All Rights
                  Reserved
  Recipe By     : GRILLIN' &amp; CHILLIN'  SHOW #GR3634
  
  Posted to MC-Recipe Digest V1 #235
  
  Date: Sun, 6 Oct 1996 00:41:52 -0400 (EDT)
  
  From: Chuck Tapping &lt;ctapping@USIT.NET&gt;
 
</step></directions></recipe></recipeml>
