<?xml version="1.0" encoding="UTF-8"?>

<recipeml version="0.5">
  <recipe>
    <head>
      <title>Barbecued Chicken Pizza</title>
      <categories>
        <cat>None</cat></categories>
      <yield>4 To 6</yield></head>
    <ingredients>
      <ing>
        <amt>
          <qty>1</qty>
          <unit>tablespoon</unit></amt>
        <item>Olive oil</item></ing>
      <ing>
        <amt>
          <qty>2</qty>
          <unit>teaspoons</unit></amt>
        <item>Cornmeal</item></ing>
      <ing>
        <amt>
          <qty>1</qty>
          <unit/></amt>
        <item>Loaf; (1-pound) frozen bread dough, thawed as package directs</item></ing>
      <ing>
        <amt>
          <qty>2</qty>
          <unit>cups</unit></amt>
        <item>Chopped or shredded cooked chicken</item></ing>
      <ing>
        <amt>
          <qty>1 1/2</qty>
          <unit>cups</unit></amt>
        <item>Barbecue sauce</item></ing>
      <ing>
        <amt>
          <qty>1</qty>
          <unit>small</unit></amt>
        <item>Yellow or green bell pepper; cut into 1/2-inch squares</item></ing>
      <ing>
        <amt>
          <qty>3</qty>
          <unit/></amt>
        <item>Thin slices of red onion; cut in half and separated into pieces</item></ing>
      <ing>
        <amt>
          <qty>3</qty>
          <unit>cups</unit></amt>
        <item>Shredded Monterey Jack cheese; (about 12 ounces)</item></ing></ingredients>
    <directions>
      <step>  Preheat the oven to 400 degrees F. Coat a 15-inch pizza pan with the olive
  oil and sprinkle evenly with the cornmeal. Roll out or stretch the dough to
  fit the pan. In a medium bowl, combine the chicken and the barbecue sauce.
  Spread the mixture into an even layer over the dough. Scatter the bell
  pepper and onion over the top and cover with the shredded cheese. Place the
  pizza pan on the lowest shelf in an electric oven (or on the floor of a gas
  oven) and bake until the crust is firm and nicely browned, 15 to 20
  minutes. Cut into wedges and serve warm.
  
  Recipe from CHICKEN DINNERS IN ONE POT by Peggy Fallon, © 1997, used with
  permission of HarperCollinsPublishers.
  Courtesy of: http://www.compucook.com
  
  Posted to EAT-L Digest  by Meghan E Gray-Leckrone
  &lt;meg-leckrone@MAILEXCITE.COM&gt; on Jan 8, 1998
 
</step></directions></recipe></recipeml>
