<?xml version="1.0" encoding="UTF-8"?>

<recipeml version="0.5">
  <recipe>
    <head>
      <title>Barbecued Goat with Lemon Salad and Almond Pesto</title>
      <categories>
        <cat>New</cat>
        <cat>Text</cat>
        <cat>Import</cat></categories>
      <yield>1</yield></head>
    <ingredients>
      <ing-div>
        <title/>
        <ing>
          <amt>
            <qty>2</qty>
            <unit/></amt>
          <item>Fresh hind legs of goat</item></ing>
        <ing>
          <amt>
            <qty>4</qty>
            <unit/></amt>
          <item>Cloves of garlic</item></ing>
        <ing>
          <amt>
            <qty>1</qty>
            <unit>cup</unit></amt>
          <item>Fresh mint leaves</item></ing>
        <ing>
          <amt>
            <qty>2</qty>
            <unit>tablespoons</unit></amt>
          <item>Freshly ground black pepper</item></ing>
        <ing>
          <amt>
            <qty>1/2</qty>
            <unit>cups</unit></amt>
          <item>Virgin olive oil</item></ing>
        <ing>
          <amt>
            <qty/>
            <unit/></amt>
          <item>Sea salt</item></ing></ing-div>
      <ing-div>
        <title>LEMON SALAD</title>
        <ing>
          <amt>
            <qty>4</qty>
            <unit/></amt>
          <item>Lemons peeled and sliced very thin</item></ing>
        <ing>
          <amt>
            <qty>6</qty>
            <unit>tablespoons</unit></amt>
          <item>Extra virgin olive oil</item></ing>
        <ing>
          <amt>
            <qty>1</qty>
            <unit>tablespoon</unit></amt>
          <item>Sea salt</item></ing>
        <ing>
          <amt>
            <qty>1</qty>
            <unit>tablespoon</unit></amt>
          <item>Freshly ground black pepper</item></ing>
        <ing>
          <amt>
            <qty>2</qty>
            <unit>bunches</unit></amt>
          <item>Arugula,; washed and spun dry</item></ing></ing-div>
      <ing-div>
        <title>ALMOND PESTO</title>
        <ing>
          <amt>
            <qty>1</qty>
            <unit>cup</unit></amt>
          <item>Blanched almonds</item></ing>
        <ing>
          <amt>
            <qty>1/2</qty>
            <unit>cups</unit></amt>
          <item>Green olive pesto (see basic recipe)</item></ing>
        <ing>
          <amt>
            <qty>1</qty>
            <unit>tablespoon</unit></amt>
          <item>Hot red pepper flakes</item></ing>
        <ing>
          <amt>
            <qty>1/4</qty>
            <unit>cups</unit></amt>
          <item>Orange juice</item></ing>
        <ing>
          <amt>
            <qty>1/4</qty>
            <unit>cups</unit></amt>
          <item>Extra virgin olive oil</item></ing></ing-div></ingredients>
    <directions>
      <step>  Light barbecue or grill.
  
  Rinse and pat dry goat legs.
  
  In a blender, mix garlic, mint leaves, pepper and olive oil until smooth
  paste is formed. Rub paste all over both legs and season with salt. Place
  on barbecue and cook, turning frequently, until pink at bone, about 45
  minutes
  
  Meanwhile, prepare lemon salad by mixing lemons, extra virgin olive oil,
  salt and freshly ground pepper in a large mixing bowl. Allow to stand at
  room temperature until ready to serve with meat. In a blender, mix almonds,
  green olive pesto, hot pepper flakes, orange juice and olive oil until
  smooth and thick. Remove and set aside.
  
  When goat is cooked, remove from grill to allow to rest for 10 minutes.
  Toss arugula with lemon salad and arrange on platter. Carve goat into
  1/4-inch thick slices and arrange on platter. Drizzle with almond pesto and
  serve.
  
  Yield: 4 servings
  Recipe By     :MOLTO MARIO SHOW #MB5692
  
  Posted to MC-Recipe Digest V1 #273
  
  Date: Fri, 1 Nov 1996 22:32:48 -0500
  
  From: Meg Antczak &lt;meginny@frontiernet.net&gt;
 
</step></directions></recipe></recipeml>
