<?xml version="1.0" encoding="UTF-8"?>

<recipeml version="0.5">
  <recipe>
    <head>
      <title>Barbecued Duck</title>
      <categories>
        <cat>Cyberealm</cat>
        <cat>Wild game</cat></categories>
      <yield>4</yield></head>
    <ingredients>
      <ing>
        <amt>
          <qty>2</qty>
          <unit>large</unit></amt>
        <item>Mallards</item></ing>
      <ing>
        <amt>
          <qty>1/2</qty>
          <unit>cups</unit></amt>
        <item>Butter [melted]</item></ing>
      <ing>
        <amt>
          <qty>2</qty>
          <unit>tablespoons</unit></amt>
        <item>Orange juice</item></ing>
      <ing>
        <amt>
          <qty>1</qty>
          <unit>tablespoon</unit></amt>
        <item>Lemon juice</item></ing>
      <ing>
        <amt>
          <qty>1/4</qty>
          <unit>cups</unit></amt>
        <item>Onion [chopped]</item></ing>
      <ing>
        <amt>
          <qty/>
          <unit/></amt>
        <item>Tobassco sauce to taste</item></ing>
      <ing>
        <amt>
          <qty>2</qty>
          <unit>tablespoons</unit></amt>
        <item>Worchestershire sauce</item></ing>
      <ing>
        <amt>
          <qty>1/2</qty>
          <unit>teaspoons</unit></amt>
        <item>Garlic salt</item></ing>
      <ing>
        <amt>
          <qty>1</qty>
          <unit>medium</unit></amt>
        <item>Onion [quartered]</item></ing>
      <ing>
        <amt>
          <qty>1</qty>
          <unit>medium</unit></amt>
        <item>Potato [quartered]</item></ing></ingredients>
    <directions>
      <step>  1)      Rinse the ducks and pat dry, then par-boil them in a large
  saucepan, and drain. Sprinkle with salt to taste. 2) Combine the butter,
  juices, chopped onion, tobassco sauce, worchestershire sauce, garlic salt,
  and pepper to taste, mixing well... 3) Fill the ducks' cavities with the
  quartered onions and potatoes. Make a slit in each side of each breast...
  4)      Place on rack in roasting pan and brush each with the butter sauce.
  Cover loosley with foil and bake in a 375ø oven for 1« hours or `til
  tender, basting with sauce every 10 to 15 min... 5) Remove the foil and
  bake an additional 20 min. or longer `til browned...
  
  Source: from "Bill Saiff's Rod &amp; Reel Recipes for Hookin' &amp; Cookin'"
  Re-typed with permission by Fred Goslin in Watertown NY on Cyberealm Bbs.
  Home of KookNet at (315) 786-1120
  
  From Gemini's MASSIVE MealMaster collection at www.synapse.com/~gemini
 
</step></directions></recipe></recipeml>
