<?xml version="1.0" encoding="UTF-8"?>

<recipeml version="0.5">
  <recipe>
    <head>
      <title>Barbecued Chicken</title>
      <categories>
        <cat>Chinese</cat>
        <cat>Poultry</cat></categories>
      <yield>4</yield></head>
    <ingredients>
      <ing>
        <amt>
          <qty/>
          <unit/></amt>
        <item>Stephen Ceideburg</item></ing>
      <ing>
        <amt>
          <qty>3</qty>
          <unit>pounds</unit></amt>
        <item>Chicken, cut into 8 pieces, skin and fat removed, or:</item></ing>
      <ing>
        <amt>
          <qty>8</qty>
          <unit/></amt>
        <item>Skinless chicken breasts or thighs</item></ing>
      <ing>
        <amt>
          <qty>1/3</qty>
          <unit>cups</unit></amt>
        <item>Tomato ketchup</item></ing>
      <ing>
        <amt>
          <qty>1/4</qty>
          <unit>cups</unit></amt>
        <item>Hoisin sauce</item></ing>
      <ing>
        <amt>
          <qty>1</qty>
          <unit>tablespoon</unit></amt>
        <item>Cider vinegar</item></ing>
      <ing>
        <amt>
          <qty>1</qty>
          <unit>tablespoon</unit></amt>
        <item>Unsulfured molasses</item></ing>
      <ing>
        <amt>
          <qty>1</qty>
          <unit>teaspoon</unit></amt>
        <item>Reduced-sodium soy sauce</item></ing>
      <ing>
        <amt>
          <qty>1</qty>
          <unit>teaspoon</unit></amt>
        <item>Chinese chili paste with garlic</item></ing></ingredients>
    <directions>
      <step>  Precooking the chicken in the microwave or gently poaching it on the
  stovetop before finishing it on the grill ensures that the meat is cooked
  through but the sauce is not charred If you like a hotter sauce, increase
  the amount of chili paste.
  
  Arrange chicken pieces in a micro-proof dish, with the thickest parts
  toward the outside of the dish. Cover with vented plastic wrap and
  microwave at HIGH (100%) 8 to 10 minutes, or until tender, turning pieces
  twice.
  
  Alternatively, in a wide sauce-pan, cover chicken with cold water and bring
  to a simmer, skimming off any froth. Simmer gently until chicken is tender,
  10 to 12 minutes.
  
  Meanwhile, prepare the grill or preheat the broiler. In a small bowl, whisk
  together remaining ingredients.
  
  With tongs, remove the chicken from the dish or sauce pan and brush both
  sides generously with barbecue sauce. Grill over medium-high heat or broil,
  basting with the barbecue sauce often, until the chicken is glazed on the
  outside and no longer pink inside, about 5 minutes on each side.
  
  From an article by Susanne A. Davis, The San Mateo Times, 5/25/93.
  
  From Gemini's MASSIVE MealMaster collection at www.synapse.com/~gemini
 
</step></directions></recipe></recipeml>
