<?xml version="1.0" encoding="UTF-8"?>

<recipeml version="0.5">
  <recipe>
    <head>
      <title>Barbecued Chicken Breasts with Mango Chutney</title>
      <categories>
        <cat>Diabetic</cat></categories>
      <yield>6</yield></head>
    <ingredients>
      <ing>
        <amt>
          <qty>1</qty>
          <unit>tablespoon</unit></amt>
        <item>Canola oil</item></ing>
      <ing>
        <amt>
          <qty>1/2</qty>
          <unit>cups</unit></amt>
        <item>Minced onion</item></ing>
      <ing>
        <amt>
          <qty>1</qty>
          <unit/></amt>
        <item>Clove garlic; minced</item></ing>
      <ing>
        <amt>
          <qty>2</qty>
          <unit>teaspoons</unit></amt>
        <item>Minced ginger</item></ing>
      <ing>
        <amt>
          <qty>1</qty>
          <unit>cup</unit></amt>
        <item>Mango chutney</item></ing>
      <ing>
        <amt>
          <qty>2</qty>
          <unit>tablespoons</unit></amt>
        <item>Lemon juice</item></ing>
      <ing>
        <amt>
          <qty>1/2</qty>
          <unit>cups</unit></amt>
        <item>Water</item></ing>
      <ing>
        <amt>
          <qty>1 1/2</qty>
          <unit>pounds</unit></amt>
        <item>Boneless skinless chicken breasts</item></ing></ingredients>
    <directions>
      <step>  Heat the oil in a saucepan over medium-high heat. Add the onion and garlic
  and saut‚ for 4 minutes. Add the ginger and saut‚ for 3 minutes.
  
  Add the chutney and bring to a boil. Lower the heat and simmer for 5
  minutes. Add the lemon juice and water.
  
  Prepare an outdoor grill with the rack set 4 to 6 inches from the heat
  source, or prepare an indoor broiler. Grill or broil the chicken on each
  side until it is opaque, about 12 minutes total, basting constantly with
  mango barbecue sauce.
  
  Exchanges: Very Lean Meat Exchange -- 4 Carbohydrate Exchange -- 2 Calories
  ~- 272 Calories from Fat -- 47 Total Fat -- 5g Saturated Fat -- 1g
  Cholesterol -- 69mg Sodium -- 152mg Carbohydrate -- 30g Dietary Fiber -- 0g
  Sugars -- 29g Protein -- 26g
  
  Recipe for Thursday, 4/2/98
  
  Try a healthy exotic recipe this week from Robyn Webb's Memorable Menus
  Made Easy. Her cookbook features step-by-step preparation tips and dozens
  of ideas for entertaining with style.You can order a copy of this and many
  other cookbooks from our online bookstore or call 1-800-ADA-ORDER
  (1-800-232-6733).
  
  Copyright © 1998 American Diabetes Association
  
  MC Formatted using MC Buster 2.0d on 4/5/98
  
  NOTES : 6 servings/Serving size: 3 oz
  
  Recipe by: http://www.diabetes.org/ada/rcptoday.html
  
  Posted to MC-Recipe Digest by "abprice@wf.net" &lt;abprice@wf.net&gt; on Apr 6,
  1998
 
</step></directions></recipe></recipeml>
