<?xml version="1.0" encoding="UTF-8"?>

<recipeml version="0.5">
  <recipe>
    <head>
      <title>Barbecued Goose with Prune and Brandy Stuffing</title>
      <categories>
        <cat>Fish &amp; game</cat>
        <cat>Poultry</cat>
        <cat>Wild geese</cat></categories>
      <yield>6</yield></head>
    <ingredients>
      <ing>
        <amt>
          <qty>9</qty>
          <unit>pounds</unit></amt>
        <item>Goose; Rinsed, Patted Dry</item></ing>
      <ing>
        <amt>
          <qty>2</qty>
          <unit>teaspoons</unit></amt>
        <item>Salt</item></ing>
      <ing>
        <amt>
          <qty>8</qty>
          <unit>ounces</unit></amt>
        <item>Herb-Seasoned Stuffing Cubes</item></ing>
      <ing>
        <amt>
          <qty>1 1/2</qty>
          <unit>cups</unit></amt>
        <item>Water</item></ing>
      <ing>
        <amt>
          <qty>1/2</qty>
          <unit>cups</unit></amt>
        <item>Brandy</item></ing>
      <ing>
        <amt>
          <qty>1/4</qty>
          <unit>pounds</unit></amt>
        <item>Butter (1 Stick)</item></ing>
      <ing>
        <amt>
          <qty>2</qty>
          <unit/></amt>
        <item>Tangerines; Peeled And Sectioned</item></ing>
      <ing>
        <amt>
          <qty>1</qty>
          <unit/></amt>
        <item>Stalk Celery; Thinly Sliced</item></ing>
      <ing>
        <amt>
          <qty>3/4</qty>
          <unit>cups</unit></amt>
        <item>Pitted Prunes; Quartered</item></ing>
      <ing>
        <amt>
          <qty>1/2</qty>
          <unit>cups</unit></amt>
        <item>Raisins</item></ing>
      <ing>
        <amt>
          <qty/>
          <unit/></amt>
        <item>Vegetable Oil; For Rubbing</item></ing></ingredients>
    <directions>
      <step>  Place the goose on a flat work surface and remove all loose fat. Sprinkle
  the cavity with 1 teaspoon salt; set aside. Prepare the herbed bread
  stuffing according to package directions, using 1 1/2 cups water, 1/2 cup
  brandy and butter. Once the stuffing is thoroughly moistened, stir in the
  tangerines, celery, prunes and raisins; stir well to distribute the fruit
  evenly. spoon the mixture into the body cavity, using up any remaining to
  fill in the neck cavity. Close both ends of the goose with skewers and
  place in a pan. Pierce the skin of the goose all over with the tines of a
  fork. Rub the skin all over lightly with vegetable oil before, not during,
  barbecuing. Rub the remaining salt on the skin. Set a drip pan in the
  center of the coals. Place the goose on a rack directly over the pan. Using
  a medium-slow wood or charcoal fire, cooking time will be between 2 3/4 to
  3 1/2 hours, depending on the size of the goose, and the heat of the fire.
  The goose is done when the joints move freely. Remove the goose from the
  grill and set on a platter to cool for 10 minutes before slicing and
  serving.
  
  Recipe by: On The Grill Magazine 12/97
  
  Posted to bbq-digest V5 #700 by RockMc@aol.com on Nov 16, 1997
 
</step></directions></recipe></recipeml>
