<?xml version="1.0" encoding="UTF-8"?>

<recipeml version="0.5">
  <recipe>
    <head>
      <title>Barbecued Chicken and Corn Bread Stuffing</title>
      <categories>
        <cat>None</cat></categories>
      <yield>4</yield></head>
    <ingredients>
      <ing>
        <amt>
          <qty>1 1/4</qty>
          <unit>cups</unit></amt>
        <item>Boiling water</item></ing>
      <ing>
        <amt>
          <qty>2</qty>
          <unit>tablespoons</unit></amt>
        <item>Margarine</item></ing>
      <ing>
        <amt>
          <qty>1/2</qty>
          <unit>teaspoons</unit></amt>
        <item>Paprika</item></ing>
      <ing>
        <amt>
          <qty>1</qty>
          <unit/></amt>
        <item>Stalk celery; chopped</item></ing>
      <ing>
        <amt>
          <qty>3</qty>
          <unit>cups</unit></amt>
        <item>Pepperidge Farm Corn Bread Stuffing; * see note</item></ing>
      <ing>
        <amt>
          <qty>4</qty>
          <unit/></amt>
        <item>Skinless boneless chicken breast halves</item></ing>
      <ing>
        <amt>
          <qty>1/4</qty>
          <unit>cups</unit></amt>
        <item>Barbecue sauce</item></ing></ingredients>
    <directions>
      <step>  1. Mix water, margarine, paprika and celery. Add stuffing. Mix lightly.
  Spoon into 2 qt. shallow baking dish. Arrange chicken over stuffing. Spoon
  barbecue sauce over chicken.
  
  2. Bake at 400 degrees fro 35 minutes or until chicken is done. Serve with
  additional barbecue sauce, if desired.
  
  *note-You can also use one package of Pepperidge Farm Honey Pecan corn
  bread top of stove stuffing mix instead. Mix vegetable/seasoning packet
  with water, margarine, paprika and celery.
  
  Recipe by: Pepperidge Farm
  
  Posted to recipelu-digest Volume 01 Number 500 by PLK1028 &lt;PLK1028@aol.com&gt;
  on Jan 12, 1998
 
</step></directions></recipe></recipeml>
