<?xml version="1.0" encoding="UTF-8"?>

<recipeml version="0.5">
  <recipe>
    <head>
      <title>Barbecued Beef Stuffed W/herbed Vegetabl</title>
      <categories>
        <cat>Meat</cat></categories>
      <yield>4</yield></head>
    <ingredients>
      <ing>
        <amt>
          <qty>15</qty>
          <unit/></amt>
        <item>Gms butter</item></ing>
      <ing>
        <amt>
          <qty>1</qty>
          <unit/></amt>
        <item>Onion; chopped</item></ing>
      <ing>
        <amt>
          <qty>2</qty>
          <unit/></amt>
        <item>Cloves garlic; crushed</item></ing>
      <ing>
        <amt>
          <qty>1</qty>
          <unit/></amt>
        <item>Red pepper; chopped</item></ing>
      <ing>
        <amt>
          <qty>1</qty>
          <unit>large</unit></amt>
        <item>Courgette; finely chopped</item></ing>
      <ing>
        <amt>
          <qty>3</qty>
          <unit>tablespoons</unit></amt>
        <item>Chopped fresh herbs</item></ing>
      <ing>
        <amt>
          <qty>1</qty>
          <unit>large</unit></amt>
        <item>Carrot</item></ing>
      <ing>
        <amt>
          <qty>30</qty>
          <unit/></amt>
        <item>Gms parmesan cheese</item></ing>
      <ing>
        <amt>
          <qty>30</qty>
          <unit/></amt>
        <item>Gms soft white breadcrumbs</item></ing>
      <ing>
        <amt>
          <qty>60</qty>
          <unit/></amt>
        <item>Mls olive oil</item></ing>
      <ing>
        <amt>
          <qty>2</qty>
          <unit>tablespoons</unit></amt>
        <item>Crushed black</item></ing>
      <ing>
        <amt>
          <qty>60</qty>
          <unit/></amt>
        <item>Mls red wine</item></ing>
      <ing>
        <amt>
          <qty>2</qty>
          <unit>tablespoons</unit></amt>
        <item>Dijon mustard</item></ing>
      <ing>
        <amt>
          <qty>1</qty>
          <unit>kilogram</unit></amt>
        <item>Rump steak about 5cm thick</item></ing></ingredients>
    <directions>
      <step>   Make the stuffing.  Heat the butter in a frying pan over mod.  heat.  Add
  the onion, garlic and pepper and cook 1 min.  Stir in courgette and carrot;
  cook 3 mins. more.  Finally stir in the herbs.  Take off the heat, stir in
  the breadcrumbs and cheese; allow to cool to room temp.
  
   Insert a knife into the side of the steak, cutting almost, bit not quite
  through to the other side, to form a pocket.  Stuff the vegetable mixture
  firmly into the pocket; close the opening with string.
  
   Mix the oil, mustard, peppercorns and wine in a bowl.  Grill the steak
  over mod. hot coals until cooked as desired, basting frequently with the
  oil mixture and turning every 15 mins.
  
  YNNUF@YETTI.WANGANUI.GEN.NZ
  
  (DOREEN RANDAL)
  
  REC.FOOD.RECIPES
  
  From rec.food.cooking archives.  Downloaded from Glen's MM Recipe Archive,
  http://www.erols.com/hosey.
 
</step></directions></recipe></recipeml>
