<?xml version="1.0" encoding="UTF-8"?>

<recipeml version="0.5">
  <recipe>
    <head>
      <title>Barbecued Chicken (Tandoori Murgh)</title>
      <categories>
        <cat>None</cat></categories>
      <yield>1</yield></head>
    <ingredients>
      <ing>
        <amt>
          <qty>2</qty>
          <unit>pounds</unit></amt>
        <item>Chicken pieces</item></ing>
      <ing>
        <amt>
          <qty>3/4</qty>
          <unit>small</unit></amt>
        <item>Onion</item></ing>
      <ing>
        <amt>
          <qty>1/3</qty>
          <unit>cups</unit></amt>
        <item>Tomato sauce</item></ing>
      <ing>
        <amt>
          <qty>1/3</qty>
          <unit>cups</unit></amt>
        <item>Nonfat plain yogurt</item></ing>
      <ing>
        <amt>
          <qty>3/4</qty>
          <unit>teaspoons</unit></amt>
        <item>Fresh ginger; chopped</item></ing>
      <ing>
        <amt>
          <qty>2</qty>
          <unit/></amt>
        <item>Garlic cloves</item></ing>
      <ing>
        <amt>
          <qty>1 1/4</qty>
          <unit>teaspoons</unit></amt>
        <item>Coriander</item></ing>
      <ing>
        <amt>
          <qty>1/4</qty>
          <unit>teaspoons</unit></amt>
        <item>Cayenne pepper; (optional)</item></ing>
      <ing>
        <amt>
          <qty>1 1/4</qty>
          <unit/></amt>
        <item>Whole cloves</item></ing>
      <ing>
        <amt>
          <qty>3/4</qty>
          <unit>teaspoons</unit></amt>
        <item>Cumin seeds</item></ing>
      <ing>
        <amt>
          <qty>2 3/4</qty>
          <unit/></amt>
        <item>Cardamom pods</item></ing>
      <ing>
        <amt>
          <qty>3/4</qty>
          <unit>teaspoons</unit></amt>
        <item>Salt</item></ing>
      <ing>
        <amt>
          <qty>3/4</qty>
          <unit>teaspoons</unit></amt>
        <item>Garam masala</item></ing>
      <ing>
        <amt>
          <qty>1/8</qty>
          <unit>teaspoons</unit></amt>
        <item>Red food coloring</item></ing></ingredients>
    <directions>
      <step>  =46rom Lite and Luscious Cuisine of India by Madhu Gadia, M.S., R.D.
  
  Prep: 15 min, Marinate: 4:00, Cook: 45 min.
  
  Remove the skin and all visible fat from the chicken pieces. (I often have
  the butcher skin the chicken.) Cut 2-3 slits, 1 inch long and 1/2 inch
  deep, in each piece of chicken. Place in a casserole dish and set aside.
  Cut onion into 4-5 pieces. In a blender jar put onion, tomato sauce,
  yogurt, ginger, garlic cloves, coriander, cayenne pepper, cloves, cumin
  seeds, cardamom pods, salt, garam masala and red food coloring. Blend to a
  smooth paste. Pour the tandoori paste on the chicken and turn pieces to
  thoroughly coat with spices. Cover with a lid or plastic wrap and marinate
  in the refrigerator 4-24 hours. Preheat oven to 400øF. Remove chicken
  pieces from the marinade, saving marinade. Arrange pieces in a broiler pan.
  Bake uncovered in the middle of the oven for 30 minutes. Turn pieces over
  and brush with remaining marinade. Bake for 10-15 minutes until chicken is
  tender. Turn oven to broil. Turn pieces over once again and broil for 5
  minutes to get a nice red color. Transfer to a serving platter. Serve with
  lemon wedges or squeeze lemon juice over the chicken before eating, if
  desired.
  
  Posted to recipelu-digest by molony &lt;molony@scsn.net&gt; on Feb 04, 1998
 
</step></directions></recipe></recipeml>
