<?xml version="1.0" encoding="UTF-8"?>

<recipeml version="0.5">
  <recipe>
    <head>
      <title>Barbecued Chicken in a Bag</title>
      <categories>
        <cat>Poultry</cat>
        <cat>Sauces</cat></categories>
      <yield>8</yield></head>
    <ingredients>
      <ing>
        <amt>
          <qty>1/4</qty>
          <unit>cups</unit></amt>
        <item>Water</item></ing>
      <ing>
        <amt>
          <qty>3</qty>
          <unit>tablespoons</unit></amt>
        <item>Ketchup</item></ing>
      <ing>
        <amt>
          <qty>2</qty>
          <unit>tablespoons</unit></amt>
        <item>Cider Vinegar</item></ing>
      <ing>
        <amt>
          <qty>3</qty>
          <unit>tablespoons</unit></amt>
        <item>Brown Sugar; Packed</item></ing>
      <ing>
        <amt>
          <qty>2</qty>
          <unit>tablespoons</unit></amt>
        <item>Worcestershire Sauce</item></ing>
      <ing>
        <amt>
          <qty>2</qty>
          <unit>tablespoons</unit></amt>
        <item>Butter Or Regular Margarine</item></ing>
      <ing>
        <amt>
          <qty>1</qty>
          <unit>tablespoon</unit></amt>
        <item>Lemon Juice</item></ing>
      <ing>
        <amt>
          <qty>2</qty>
          <unit>teaspoons</unit></amt>
        <item>Dry Mustard</item></ing>
      <ing>
        <amt>
          <qty>1</qty>
          <unit>teaspoon</unit></amt>
        <item>Chili Powder</item></ing>
      <ing>
        <amt>
          <qty>1</qty>
          <unit>teaspoon</unit></amt>
        <item>Paprika</item></ing>
      <ing>
        <amt>
          <qty>1/3</qty>
          <unit>cups</unit></amt>
        <item>Unbleached All-Purpose Flour</item></ing>
      <ing>
        <amt>
          <qty>1</qty>
          <unit>teaspoon</unit></amt>
        <item>Salt</item></ing>
      <ing>
        <amt>
          <qty>1/4</qty>
          <unit>teaspoons</unit></amt>
        <item>Pepper</item></ing>
      <ing>
        <amt>
          <qty>6</qty>
          <unit>pounds</unit></amt>
        <item>Broiler-Fryers; Cut Up (2</item></ing>
      <ing>
        <amt>
          <qty/>
          <unit/></amt>
        <item>3 pound packages)</item></ing></ingredients>
    <directions>
      <step>  Combine the water, ketchup, brown sugar, vinegar, Worcestershire sauce,
  butter, lemon juice, mustard, chili powder, and paprika in a 2-quart
  saucepan. Cook, over medium heat, until the mixture comes to a boil, then
  remove from the heat.  Combine the flour, salt and pepper in a large
  oven-browning bag.  Add the chicken and shake to coat well. Place in a
  shallow roasting pan. Open the bag and pour the sauce over the chicken.
  Secure the bag loosely with a twist tie and pierce the top of the bag 6
  times with a sharp knife. Bake in a preheated 350 Degree F. oven for 1 hour
  or until tender.
  
  TO SERVE:
  
  Remove the chicken from the bag.  Pour the sauce into a bowl and ladle off
  the excess fat.  Serve the chicken with the sauce on the side.
  
  From Gemini's MASSIVE MealMaster collection at www.synapse.com/~gemini
 
</step></directions></recipe></recipeml>
