<?xml version="1.0" encoding="UTF-8"?>

<recipeml version="0.5">
  <recipe>
    <head>
      <title>Barbecued Beef Jerky #2</title>
      <categories>
        <cat>None</cat></categories>
      <yield>1</yield></head>
    <ingredients>
      <ing>
        <amt>
          <qty>3</qty>
          <unit>pounds</unit></amt>
        <item>Lean beef; (fland, round or sirloin tip)</item></ing>
      <ing>
        <amt>
          <qty>1</qty>
          <unit>cup</unit></amt>
        <item>Catsup</item></ing>
      <ing>
        <amt>
          <qty>1/2</qty>
          <unit>cups</unit></amt>
        <item>Red wine vinegar</item></ing>
      <ing>
        <amt>
          <qty>1/4</qty>
          <unit>cups</unit></amt>
        <item>Brown sugar</item></ing>
      <ing>
        <amt>
          <qty>2</qty>
          <unit>tablespoons</unit></amt>
        <item>Worcestershire sauce</item></ing>
      <ing>
        <amt>
          <qty>2</qty>
          <unit>teaspoons</unit></amt>
        <item>Dry mustard</item></ing>
      <ing>
        <amt>
          <qty>1</qty>
          <unit>teaspoon</unit></amt>
        <item>Onion powder</item></ing>
      <ing>
        <amt>
          <qty>1</qty>
          <unit>teaspoon</unit></amt>
        <item>Salt</item></ing>
      <ing>
        <amt>
          <qty>1/4</qty>
          <unit>teaspoons</unit></amt>
        <item>Cracked pepper</item></ing>
      <ing>
        <amt>
          <qty>1</qty>
          <unit>dash</unit></amt>
        <item>Hot pepper sauce</item></ing></ingredients>
    <directions>
      <step>  From Scratch Save
  Cut beef into strips 1/2 inch thick. Combine all marinade ingredients in a
  large glass baking dish. Add strips of beef, cover and refrigerate
  overnight. Drain beef slices. Dry in an electric dehydrator at 145 until
  pliable. Package in home canning jars, food-grade plastic bags or
  seal-by-heat food storage bags. From: Ball Blue Book Shared By: Pat
  Stockett From: Richard Davis Date: 03-19-93
  
  Posted to recipelu-digest by Sandy &lt;sandysno@pctech.net&gt; on Mar 06, 1998
 
</step></directions></recipe></recipeml>
