<?xml version="1.0" encoding="UTF-8"?>

<recipeml version="0.5">
  <recipe>
    <head>
      <title>Barbecued Corned Beef and Cheese Bread</title>
      <categories>
        <cat>Breadmaker</cat>
        <cat>Dairy</cat></categories>
      <yield>15</yield></head>
    <ingredients>
      <ing>
        <amt>
          <qty>1</qty>
          <unit>package</unit></amt>
        <item>Yeast</item></ing>
      <ing>
        <amt>
          <qty>1/4</qty>
          <unit>teaspoons</unit></amt>
        <item>Sugar</item></ing>
      <ing>
        <amt>
          <qty>2 3/4</qty>
          <unit>cups</unit></amt>
        <item>Better for Bread flour</item></ing>
      <ing>
        <amt>
          <qty>2</qty>
          <unit>tablespoons</unit></amt>
        <item>Gluten</item></ing>
      <ing>
        <amt>
          <qty>1</qty>
          <unit>teaspoon</unit></amt>
        <item>Salt</item></ing>
      <ing>
        <amt>
          <qty>1/8</qty>
          <unit>teaspoons</unit></amt>
        <item>Baking soda</item></ing>
      <ing>
        <amt>
          <qty>1</qty>
          <unit>cup</unit></amt>
        <item>Sharp cheddar cheese;shredde</item></ing>
      <ing>
        <amt>
          <qty>1/2</qty>
          <unit>cups</unit></amt>
        <item>Canned corned beef;chopped</item></ing>
      <ing>
        <amt>
          <qty>1/2</qty>
          <unit>cups</unit></amt>
        <item>Barbecue sauce;bottled</item></ing>
      <ing>
        <amt>
          <qty>3/4</qty>
          <unit>cups</unit></amt>
        <item>Very warm water</item></ing>
      <ing>
        <amt>
          <qty>1/3</qty>
          <unit>cups</unit></amt>
        <item>Canned corned beef;chopped</item></ing>
      <ing>
        <amt>
          <qty>1/4</qty>
          <unit>teaspoons</unit></amt>
        <item>Ginger</item></ing></ingredients>
    <directions>
      <step>  Place all the ingredients (EXCEPT THE 1/3 CUP CORNED
  BEEF) into the pan in the order listed. Select white
  bread and push "Start." Add the chopped corned beef at
  the "beep," 88 minutes into the cycle. (33 min. with
  DAK Turbo II) This bread should be stored in the
  refrigerator or freezer. This tasty bread is
  reminiscent of the 1950s open-faced sandwich favorite
  made by covering split hamburger buns with canned
  comed beef, cheese slicesand a dollop of barbecue
  sauce, then heating them in the oven. Shared by Barb
  Day
  
  From Gemini's MASSIVE MealMaster collection at www.synapse.com/~gemini
 
</step></directions></recipe></recipeml>
