<?xml version="1.0" encoding="UTF-8"?>

<recipeml version="0.5">
  <recipe>
    <head>
      <title>Barbecued Country Style Pork Ribs</title>
      <categories>
        <cat>Pork</cat>
        <cat>Grill</cat>
        <cat>Sauces</cat></categories>
      <yield>8</yield></head>
    <ingredients>
      <ing-div>
        <title>PRODIGY BOARD</title>
        <ing>
          <amt>
            <qty>4</qty>
            <unit>pounds</unit></amt>
          <item>Country style pork ribs</item></ing>
        <ing>
          <amt>
            <qty>1</qty>
            <unit>teaspoon</unit></amt>
          <item>Salt</item></ing>
        <ing>
          <amt>
            <qty>1</qty>
            <unit/></amt>
          <item>Lemon; thinly sliced</item></ing>
        <ing>
          <amt>
            <qty>1</qty>
            <unit/></amt>
          <item>Onion; thinly sliced</item></ing></ing-div>
      <ing-div>
        <title>BARBECUE SAUCE</title>
        <ing>
          <amt>
            <qty>2</qty>
            <unit>tablespoons</unit></amt>
          <item>Brown sugar; packed</item></ing>
        <ing>
          <amt>
            <qty>1</qty>
            <unit>tablespoon</unit></amt>
          <item>Salt</item></ing>
        <ing>
          <amt>
            <qty>1/4</qty>
            <unit>tablespoons</unit></amt>
          <item>Black pepper</item></ing>
        <ing>
          <amt>
            <qty>2 1/4</qty>
            <unit>tablespoons</unit></amt>
          <item>Chili powder</item></ing>
        <ing>
          <amt>
            <qty>1</qty>
            <unit/></amt>
          <item>Garlic; sml clove/mashed</item></ing>
        <ing>
          <amt>
            <qty>1</qty>
            <unit>tablespoon</unit></amt>
          <item>Lemon peel; grated</item></ing>
        <ing>
          <amt>
            <qty>6</qty>
            <unit>tablespoons</unit></amt>
          <item>Lemon juice</item></ing>
        <ing>
          <amt>
            <qty>6</qty>
            <unit>tablespoons</unit></amt>
          <item>Worcestershire sauce</item></ing>
        <ing>
          <amt>
            <qty>2 1/4</qty>
            <unit>cups</unit></amt>
          <item>Catsup</item></ing></ing-div>
      <ing-div>
        <title>YOUR LINK TO THE PHILLY.INQU</title></ing-div></ingredients>
    <directions>
      <step>  Place ribs in large dutch oven or kettle with enough boiling water to
  coveR. Add 1 teaspoon salt, lemon and onion and cook 45 to 60 minutes.
  Meanwhile, to make sauce, combine brown sugar, 1 tablespoon salt, pepper,
  chili powder, garlic, lemon peel, lemon juice, worcestershire, catsup and
  3/4 cup water in saucepan. Bring to boil, reduce heat and simmer about 20
  minutes, or until sauce is reduced to about 4 cups. Drain ribs thoroughly,
  discarding lemon and onion slices. Brush drained ribs well with sauce and
  place over slow coals. turn every 10 minutes, brushing frequently with
  sauce. Cook 35 to 45 minutes, or until done and well coated with sauce.
  Serve with extra sauce. June the 6th at 11:56 am
  
         FOOD AND WINE BB TOPIC: FOOD SOFTWARE TIME: 06/06 12:12 PM
  
  TO:      IRWIN SOLOMON   (JJGF65A) FROM: IRWIN SOLOMON (JJGF65A) SUBJECT:
  R-MM BBQ RECIPES
  
  &lt;PRO-TIL MENU&gt;FI
  
  From Gemini's MASSIVE MealMaster collection at www.synapse.com/~gemini
 
</step></directions></recipe></recipeml>
