<?xml version="1.0" encoding="UTF-8"?>

<recipeml version="0.5">
  <recipe>
    <head>
      <title>Barbecued Beef on a Bun</title>
      <categories>
        <cat>Meat</cat>
        <cat>Microwave</cat></categories>
      <yield>8</yield></head>
    <ingredients>
      <ing>
        <amt>
          <qty>2</qty>
          <unit>pounds</unit></amt>
        <item>Lean ground beef</item></ing>
      <ing>
        <amt>
          <qty>1</qty>
          <unit>large</unit></amt>
        <item>Onion; chopped fine</item></ing>
      <ing>
        <amt>
          <qty>1</qty>
          <unit>large</unit></amt>
        <item>Green pepper; chopped</item></ing>
      <ing>
        <amt>
          <qty>3</qty>
          <unit/></amt>
        <item>Whole ribs celery; diced, including leaves</item></ing>
      <ing>
        <amt>
          <qty>1/2</qty>
          <unit>teaspoons</unit></amt>
        <item>Salt</item></ing>
      <ing>
        <amt>
          <qty/>
          <unit/></amt>
        <item>Pepper to taste</item></ing>
      <ing>
        <amt>
          <qty>1</qty>
          <unit/></amt>
        <item>Bottle catsup; (14 Oz)</item></ing>
      <ing>
        <amt>
          <qty>1</qty>
          <unit>tablespoon</unit></amt>
        <item>Prepared mustard</item></ing>
      <ing>
        <amt>
          <qty>1</qty>
          <unit>tablespoon</unit></amt>
        <item>Vinegar</item></ing>
      <ing>
        <amt>
          <qty>1</qty>
          <unit>teaspoon</unit></amt>
        <item>Salt</item></ing>
      <ing>
        <amt>
          <qty>1/4</qty>
          <unit>teaspoons</unit></amt>
        <item>Pepper</item></ing>
      <ing>
        <amt>
          <qty>1/4</qty>
          <unit>teaspoons</unit></amt>
        <item>Paprika</item></ing>
      <ing>
        <amt>
          <qty>1/2</qty>
          <unit>teaspoons</unit></amt>
        <item>Cumin</item></ing>
      <ing>
        <amt>
          <qty>1</qty>
          <unit>tablespoon</unit></amt>
        <item>Chili powder</item></ing>
      <ing>
        <amt>
          <qty>8</qty>
          <unit/></amt>
        <item>Whole sesame seeded hamburger buns</item></ing></ingredients>
    <directions>
      <step>  Mix ground beet, onion, green pepper and celery in a 2 quart casserole.
  Microwave at high (100%) 5 minutes. Stir to break up beef. Add 1/2 teaspoon
  salt and pepper to taste. Microwave at high (100%) 8 to 9 minutes, stirring
  once to break up beef. Drain. Mix together the catsup, mustard, vinegar,
  salt, pepper, paprika, cumin and chili powder. Stir into beef mixture.
  Microwave at high (100%) 6 to 8 minutes, stirring after half the cooking
  time. Reduce power to medium high (70%), and microwave, uncovered, until
  sauce thickens, 15 minutes. Serve by spooning over hamburger bun halves.
  Makes 8 servings.
  Posted to recipelu-digest Volume 01 Number 209 by "Diane Geary"
  &lt;diane@keyway.net&gt; on Nov 6, 1997
 
</step></directions></recipe></recipeml>
