<?xml version="1.0" encoding="UTF-8"?>

<recipeml version="0.5">
  <recipe>
    <head>
      <title>Barbecued Chicken</title>
      <categories>
        <cat/></categories>
      <yield>100</yield></head>
    <ingredients>
      <ing>
        <amt>
          <qty>82</qty>
          <unit>pounds</unit></amt>
        <item>CHICKEN;WHOLE FZ</item></ing>
      <ing>
        <amt>
          <qty>3</qty>
          <unit>tablespoons</unit></amt>
        <item>PEPPER BLACK 1 LB CN</item></ing>
      <ing>
        <amt>
          <qty>5 1/4</qty>
          <unit>quarts</unit></amt>
        <item>CATSUP TOMATO#10</item></ing>
      <ing>
        <amt>
          <qty>3 3/4</qty>
          <unit>cups</unit></amt>
        <item>CHILI SAUCE</item></ing>
      <ing>
        <amt>
          <qty>1</qty>
          <unit>tablespoon</unit></amt>
        <item>PEPPER RED GROUND</item></ing>
      <ing>
        <amt>
          <qty>1 3/4</qty>
          <unit>cups</unit></amt>
        <item>WORCESTERSHIRE SAUCE</item></ing>
      <ing>
        <amt>
          <qty>3/4</qty>
          <unit>cups</unit></amt>
        <item>MUSTARD PREP. 1 LB JAR</item></ing>
      <ing>
        <amt>
          <qty>2 1/2</qty>
          <unit>cups</unit></amt>
        <item>VINEGAR CIDER</item></ing>
      <ing>
        <amt>
          <qty>3</qty>
          <unit>tablespoons</unit></amt>
        <item>SALT TABLE 5LB</item></ing>
      <ing>
        <amt>
          <qty>PAN:</qty>
          <unit>18</unit></amt>
        <item>BY 26-INCH ROASTING PAN                     TEMPERATURE:  350F.</item></ing></ingredients>
    <directions>
      <step>  OVEN
  
  1.  WASH CHICKEN THOROUGHLY UNDER COLD RUNNING WATER. DRAIN WELL. PLACE IN
  PANS, COVER, SET ASIDE FOR USE IN STEP 3.
  
  2.  COMBINE CHILI SAUCE, CATSUP, VINEGAR, WORCESTERSHIRE SAUCE, MUSTARD,
  RED
  PEPPER, BLACK PEPPER AND SALT. BRING TO A BOIL. REDUCE HEAT; SIMMER 5
  MINUTES
  
  3.  DIP CHICKEN IN SAUCE TO COAT WELL; PLACE CHICKEN SKIN SIDE UP IN PANS.
  
  4.  BAKE 1 1/4 HOURS OR UNTIL DONE (180F.)
  
  NOTE:  1.  IN STEP 1, 65 LB CHICKEN, BROILER-FRYER, CUT-UP OR 82 LB
  CHICKEN,
  BROILER-FRYER, QUARTERED, MAY BE USED.
  
  NOTE:  2.  OTHER SIZES AND TYPES OF PANS MAY BE USED. SEE RECIPE NO.
  A02500.
  
  NOTE:  3.  IN STEP 2, BARBECUE SAUCE MIX MAY BE USED FOR ALL INGREDIENTS.
  PREPARE 2 GAL SAUCE ACCORDING INSTRUCTIONS ON CONTAINER.
  
  NOTE:  4.  IN STEP 4, IF CONVECTION OVEN IS USED, BAKE AT 350F. 30 MINUTES
  OR
  UNTIL DONE (180F.) ON LOW FAN, CLOSED VENT.
  
  Recipe Number: L14600
  
  SERVING SIZE: 2 PIECES (
  
  From the &lt;Army Master Recipe Index File&gt; (actually used today!).
  Downloaded from Glen's MM Recipe Archive, http://www.erols.com/hosey.
 
</step></directions></recipe></recipeml>
