<?xml version="1.0" encoding="UTF-8"?>

<recipeml version="0.5">
  <recipe>
    <head>
      <title>Barbecued Chicken on a Bun</title>
      <categories>
        <cat>Sandwich</cat></categories>
      <yield>4</yield></head>
    <ingredients>
      <ing-div>
        <title/>
        <ing>
          <amt>
            <qty>1</qty>
            <unit>teaspoon</unit></amt>
          <item>Seasoned salt</item></ing>
        <ing>
          <amt>
            <qty>1/8</qty>
            <unit>teaspoons</unit></amt>
          <item>Coarsely ground black pepper</item></ing>
        <ing>
          <amt>
            <qty>2</qty>
            <unit/></amt>
          <item>Whole boneless chicken breasts; halved</item></ing>
        <ing>
          <amt>
            <qty>4</qty>
            <unit/></amt>
          <item>Buns; split and toasted</item></ing>
        <ing>
          <amt>
            <qty>4</qty>
            <unit>slices</unit></amt>
          <item>(1-oz) Swiss cheese</item></ing>
        <ing>
          <amt>
            <qty>4</qty>
            <unit>slices</unit></amt>
          <item>(1-oz) baked ham; warmed</item></ing>
        <ing>
          <amt>
            <qty/>
            <unit/></amt>
          <item>Lettuce leaves</item></ing></ing-div>
      <ing-div>
        <title>PEACH-MINT SALSA</title>
        <ing>
          <amt>
            <qty>1</qty>
            <unit/></amt>
          <item>Fresh California peach; chopped (about 2/3 cup)</item></ing>
        <ing>
          <amt>
            <qty>1/3</qty>
            <unit>cups</unit></amt>
          <item>Chopped green onions</item></ing>
        <ing>
          <amt>
            <qty>1</qty>
            <unit/></amt>
          <item>Tomato; chopped</item></ing>
        <ing>
          <amt>
            <qty>1 1/2</qty>
            <unit>tablespoons</unit></amt>
          <item>Chopped fresh mint</item></ing>
        <ing>
          <amt>
            <qty>1/4</qty>
            <unit>teaspoons</unit></amt>
          <item>Chili powder</item></ing></ing-div>
      <ing-div>
        <title>SAVORY GRILLED PEACHES</title>
        <ing>
          <amt>
            <qty>4</qty>
            <unit/></amt>
          <item>Fresh California peaches</item></ing></ing-div></ingredients>
    <directions>
      <step>  Date: Tue, 07 May 1996 07:40:49 -0700
  
  From: cstarz@teleport.com (Carey Starzinger)
  Combine seasoned salt and pepper. Lossen one edge of chicken skin and rub
  seasoning mixture underneath skin. Cook chicken skin-side down on covered
  grill over medium, indirect heat about 30-25 minutes or until chicken is
  tender and no longer pink. Remove and discard skin. Serve chicken on buns
  topped with cheese, ham, and salsa. Garnish with lettuce. Serve with Savory
  Grilled Peaches. Makes 4 hearty sandwiches.
  
  CONVENTIONAL OVEN METHOD: Prepare as above. Roast skin-side up in 350'F.
  oven for about 30 minutes or until chicken is tender and no longer pink.
  Continue as directed.
  
  TIP: Sandwiches are delicious served either hot or cold.
  
  PEACH-MINT SALSA: In small bowl, combine all ingredients. Refrigerate
  leftovers. Makes about 1 1/2 cups.
  
  SAVORY GRILLED PEACHES: Cut 4 fresh California peaches in half. Cook on
  covered grill over medium, indirect heat 4 minutes. Turn and cook an
  additional 4 minutes or until heated through. Makes 4 servings.
  
  Favorite recipe from CALIFORNIA TREE FRUIT AGREEMENT.
  
  MM-RECIPES@IDISCOVER.NET
  
  MEAL-MASTER RECIPES LISTSERVER
  
  MM-RECIPES DIGEST V3 #127
  
  From the MealMaster recipe list.  Downloaded from Glen's MM Recipe Archive,
  http://www.erols.com/hosey.
 
</step></directions></recipe></recipeml>
