<?xml version="1.0" encoding="UTF-8"?>

<recipeml version="0.5">
  <recipe>
    <head>
      <title>Barbecued Ham Steaks (Canned)</title>
      <categories>
        <cat/></categories>
      <yield>100</yield></head>
    <ingredients>
      <ing>
        <amt>
          <qty>30</qty>
          <unit>pounds</unit></amt>
        <item>HAM SECTIONED CURED</item></ing>
      <ing>
        <amt>
          <qty>3 1/2</qty>
          <unit>cups</unit></amt>
        <item>TOMATO PASTE #2 1/2</item></ing>
      <ing>
        <amt>
          <qty>1/2</qty>
          <unit>pounds</unit></amt>
        <item>CELERY FRESH</item></ing>
      <ing>
        <amt>
          <qty>1/2</qty>
          <unit>pounds</unit></amt>
        <item>ONIONS DRY</item></ing>
      <ing>
        <amt>
          <qty>2</qty>
          <unit>pounds</unit></amt>
        <item>SUGAR; GRANULATED 10 LB</item></ing>
      <ing>
        <amt>
          <qty>1/4</qty>
          <unit>pounds</unit></amt>
        <item>SHORTENING; 3LB</item></ing>
      <ing>
        <amt>
          <qty>2</qty>
          <unit>tablespoons</unit></amt>
        <item>ALL SPICE GROUND</item></ing>
      <ing>
        <amt>
          <qty>1</qty>
          <unit>tablespoon</unit></amt>
        <item>PEPPER RED GROUND</item></ing>
      <ing>
        <amt>
          <qty>2</qty>
          <unit>tablespoons</unit></amt>
        <item>CLOVES GROUND</item></ing>
      <ing>
        <amt>
          <qty>6</qty>
          <unit>tablespoons</unit></amt>
        <item>CHILI POWDER</item></ing>
      <ing>
        <amt>
          <qty>1 1/2</qty>
          <unit>cups</unit></amt>
        <item>MUSTARD PREP. 1 LB JAR</item></ing>
      <ing>
        <amt>
          <qty>1 1/2</qty>
          <unit>quarts</unit></amt>
        <item>VINEGAR CIDER</item></ing>
      <ing>
        <amt>
          <qty>PAN:</qty>
          <unit>18</unit></amt>
        <item>BY 24-INCH ROASTING PAN             TEMPERATURE:  350 F. GRIDDLE</item></ing></ingredients>
    <directions>
      <step>  200 F. OVEN
  
  1.  SPLIT CASING; PEEL FROM HAMS.  CUT HAMS INTO STEAK WEIGHING ABOUT 4 OZ
  EACH.
  
  2.  GRILL     2 MINUTES ON EACH SIDE ON A LIGHTLY GREASED GRIDDLE. PLACE
  STEAK, OVERLAPPING, IN PANS. SET ASIDE FOR USE IN STEP 4.
  
  3.  COMBINE SUGAR, CHILI POWDER, CLOVES, ALLSPICE, RED PEPPER MUSTARD,
  TOMATO
  PASTE, VINEGAR, ONIONS, AND CELERY.  BRING TO A BOIL; REDUCE HEAT; SIMMER
  15
  MINUTES.
  
  4.  POUR 2 QT SAUCE OVER STEAKS IN EACH PAN. COVER.
  
  5.  PLACE IN OVEN 15 MINUTES OR UNTIL THOROUGHLY HEATED. SERVE SAUCE WITH
  STEAKS.
  
  NOTE:  1.  IN STEP 3, 1-36 OZ CN CANNED TOMATO JUICE CONCENTRATE MAY BE
  USED.
  
  NOTE:  2.  IN STEP 3, 9 OZ DRY ONIONS A.P. WILL YIELD 8 OZ CHOPPED ONIONS
  AND
  11 OZ FRESH CELERY A.P. WILL YIELD 8 OZ FINELY CHOPPED CELERY.
  
  NOTE:  3.  IN STEP 3, 1 OZ (1/3 CUP) DEHYDRATED ONIONS MAY BE USED. SEE
  RECIP
  NO. A01100.
  
  NOTE:  4.  IN STEP 3, BARBECUE SAUCE MIX MAY BE USED FOR ALL INGREDIENTS.
  PREPARE 1 GAL SAUCE ACCORDING TO MANUFACTURER'S INSTRUCTIONS.
  
  NOTE:  5.  OTHER SIZES AND TYPES OF PANS MAY BE USED. SEE RECIPE NO.
  A02500.
  Recipe Number: L07001
  
  SERVING SIZE: 1 STEAK (4
  
  From the &lt;Army Master Recipe Index File&gt; (actually used today!).
  Downloaded from Glen's MM Recipe Archive, http://www.erols.com/hosey.
 
</step></directions></recipe></recipeml>
