<?xml version="1.0" encoding="UTF-8"?>

<recipeml version="0.5">
  <recipe>
    <head>
      <title>Baked Yams with Cheese Sauce</title>
      <categories>
        <cat>Potatoes</cat></categories>
      <yield>4</yield></head>
    <ingredients>
      <ing>
        <amt>
          <qty>4</qty>
          <unit/></amt>
        <item>Louisiana yams; baked</item></ing>
      <ing>
        <amt>
          <qty>3</qty>
          <unit>tablespoons</unit></amt>
        <item>Butter or margarine</item></ing>
      <ing>
        <amt>
          <qty>1 1/2</qty>
          <unit>tablespoons</unit></amt>
        <item>Flour</item></ing>
      <ing>
        <amt>
          <qty>1 1/2</qty>
          <unit>cups</unit></amt>
        <item>Milk</item></ing>
      <ing>
        <amt>
          <qty>1</qty>
          <unit>teaspoon</unit></amt>
        <item>Salt</item></ing>
      <ing>
        <amt>
          <qty>1</qty>
          <unit>teaspoon</unit></amt>
        <item>Worcestershire sauce</item></ing>
      <ing>
        <amt>
          <qty>1/2</qty>
          <unit>teaspoons</unit></amt>
        <item>Dry mustard</item></ing>
      <ing>
        <amt>
          <qty>2</qty>
          <unit>cups</unit></amt>
        <item>Cheddar cheese(about 1/2 pound), grated</item></ing></ingredients>
    <directions>
      <step>  Melt butter or margarine; blend in flour. Gradually add milk and cook over
  low heat, stirring constantly, until thickened; add salt, Worcestershire
  sauce, mustard and cheese. Stir until cheese is melted. Cut baked yams
  open. Pour cheese sauce over yams. Serve immediately.
  
  NOTES : This booklet was prepared by the Louisiana Sweet Potato Commission
  
  Recipe by: 75 Easy Yam Recipes with a Romantic Past
  
  Posted to MC-Recipe Digest V1 #891 by NGavlak@aol.com on Nov 8, 1997
 
</step></directions></recipe></recipeml>
