<?xml version="1.0" encoding="UTF-8"?>

<recipeml version="0.5">
  <recipe>
    <head>
      <title>Baked Whole Pumpkin</title>
      <categories>
        <cat>Vegetable</cat></categories>
      <yield>8</yield></head>
    <ingredients>
      <ing>
        <amt>
          <qty>1</qty>
          <unit/></amt>
        <item>(5-7 lb) pumpkin</item></ing>
      <ing>
        <amt>
          <qty>6</qty>
          <unit/></amt>
        <item>Whole eggs</item></ing>
      <ing>
        <amt>
          <qty>2</qty>
          <unit>cups</unit></amt>
        <item>Whipping cream</item></ing>
      <ing>
        <amt>
          <qty>1/2</qty>
          <unit>cups</unit></amt>
        <item>Brown sugar</item></ing>
      <ing>
        <amt>
          <qty>1</qty>
          <unit>tablespoon</unit></amt>
        <item>Molasses</item></ing>
      <ing>
        <amt>
          <qty>1/2</qty>
          <unit>teaspoons</unit></amt>
        <item>Fresh grated nutmeg</item></ing>
      <ing>
        <amt>
          <qty>1</qty>
          <unit>teaspoon</unit></amt>
        <item>Cinnamon</item></ing>
      <ing>
        <amt>
          <qty>1/4</qty>
          <unit>teaspoons</unit></amt>
        <item>Ginger</item></ing>
      <ing>
        <amt>
          <qty>2</qty>
          <unit>tablespoons</unit></amt>
        <item>Butter</item></ing></ingredients>
    <directions>
      <step>    This dish was a favorite of George Washington. While it was called a pie
  in the old days, it's certainly not what we call a pie now. Here the
  custard pie is found inside the pumpkin and the whole thing is to be served
  up with a bit of anticipation for a very different pumpkin dessert.
  
    Cut the lid off the pumpkin just as you would for a jack-o'-lantern.
  Remove the seeds and save for toasting later.
  
    Mix the remaining ingredients together with the exception of the butter.
  Fill the pumpkin with this mixture and top with the butter. Cover with the
  pumpkin lid and place in a baking pan. Bake at 350ø for 1 to 1-1/2 hours,
  or until the mixture has set like a custard.
  
     Serve from the pumpkin at your table, scraping some of the meat from the
  pumpkin with each serving.
  
     This is an interesting substitution for the usual pumpkin pie.
  
  From &lt;The Frugal Gourmet Cooks American&gt;.  Downloaded from Glen's MM Recipe
  Archive, http://www.erols.com/hosey.
 
</step></directions></recipe></recipeml>
