<?xml version="1.0" encoding="UTF-8"?>

<recipeml version="0.5">
  <recipe>
    <head>
      <title>Baked Sweet Plantains in Wine</title>
      <categories>
        <cat>Side dish</cat>
        <cat>Cuban</cat>
        <cat>Fruits</cat></categories>
      <yield>4</yield></head>
    <ingredients>
      <ing>
        <amt>
          <qty>4</qty>
          <unit/></amt>
        <item>Very ripe plantains</item></ing>
      <ing>
        <amt>
          <qty>1</qty>
          <unit>cup</unit></amt>
        <item>Olive oil</item></ing>
      <ing>
        <amt>
          <qty>1/2</qty>
          <unit>cups</unit></amt>
        <item>Brown sugar</item></ing>
      <ing>
        <amt>
          <qty>1/2</qty>
          <unit>teaspoons</unit></amt>
        <item>Ground cinnamon</item></ing>
      <ing>
        <amt>
          <qty>1</qty>
          <unit>cup</unit></amt>
        <item>Sherry wine</item></ing></ingredients>
    <directions>
      <step>  Preheat oven to 350F. Remove peel from plantains and slice them lengthwise
  in half.  In a large saute pan, heat oil to medium hot and add plantains.
  Cook them until lightly browned on each side. Place them in a large baking
  dish and sprinkle sugar over all. Add cinnamon and cover with wine. Bake
  for 30 minutes, or until they take on a reddish hue.
 
</step></directions></recipe></recipeml>
