<?xml version="1.0" encoding="UTF-8"?>

<recipeml version="0.5">
  <recipe>
    <head>
      <title>Baked Tarragon Chicken &lt;r T&gt;</title>
      <categories>
        <cat>Chicken/tur</cat>
        <cat>Main dishes</cat>
        <cat>Low fat</cat></categories>
      <yield>4</yield></head>
    <ingredients>
      <ing>
        <amt>
          <qty>2</qty>
          <unit/></amt>
        <item>Skinless Boneless Chicken Breasts</item></ing>
      <ing>
        <amt>
          <qty>1/4</qty>
          <unit>teaspoons</unit></amt>
        <item>Dried Tarragon</item></ing>
      <ing>
        <amt>
          <qty/>
          <unit/></amt>
        <item>Freshly Ground Black Pepper; To Taste</item></ing>
      <ing>
        <amt>
          <qty/>
          <unit/></amt>
        <item>Nonstick Cooking Spray</item></ing>
      <ing>
        <amt>
          <qty>1/4</qty>
          <unit>cups</unit></amt>
        <item>Nonfat Veg Chicken Broth; Low Sod, Or Low Fat</item></ing>
      <ing>
        <amt>
          <qty>1</qty>
          <unit>teaspoon</unit></amt>
        <item>Tomato Paste</item></ing>
      <ing>
        <amt>
          <qty>1</qty>
          <unit>tablespoon</unit></amt>
        <item>Tarragon Vinegar</item></ing>
      <ing>
        <amt>
          <qty>1</qty>
          <unit/></amt>
        <item>Clove Garlic; Mashed</item></ing>
      <ing>
        <amt>
          <qty/>
          <unit/></amt>
        <item>Lettuce Or Endive Or Other Greens; Chopped</item></ing>
      <ing>
        <amt>
          <qty>2</qty>
          <unit>cups</unit></amt>
        <item>Cooked Rice</item></ing></ingredients>
    <directions>
      <step>  Preheat oven to 375F. Sprinkle each breast with tarragon and pepper. Spray
  a nonstick frying pan with nonstick cooking spray. Sear both sides of each
  breast, pressing down on the meat with a spatula until browned. Remove from
  heat.
  
  Transfer chicken to a shallow roasting pan. In the same frying pan, mix
  together chicken broth, tomato paste, tarragon vinegar and garlic, using
  wooden spoon to stir and scrape bits of chicken from the pan bottom. Pour
  over chicken breasts and bake 25 - 30 min, or until juices run clear when
  breast is pricked with a fork.
  
  To Serve: Arrange lettuce, endive or other greens on serving platter. Top
  with chicken breasts and sauce. Garnish with green onion tops. Serve with
  rice on the side.
  
  This had a very delicate, wonderful flavor. Really enjoyed it.
  
  NOTES : Cal 230.4, Fat 1.7g, Carb 29.4g, Fib 0.5g, Pro 23.3g, Sod 77mg, CFF
  6.7%.
  Recipe by: Low Fat Cookbook, Dr. Art Ulene
  
  Posted to Digest eat-lf.v097.n005 by Reggie Dwork &lt;reggie@reggie.com&gt; on
  Jan 06, 1998
 
</step></directions></recipe></recipeml>
