<?xml version="1.0" encoding="UTF-8"?>

<recipeml version="0.5">
  <recipe>
    <head>
      <title>Baked Trout Fillets</title>
      <categories>
        <cat/></categories>
      <yield>100</yield></head>
    <ingredients>
      <ing>
        <amt>
          <qty>32</qty>
          <unit>pounds</unit></amt>
        <item>TROUT RAINBOW WHOLE</item></ing>
      <ing>
        <amt>
          <qty>1 2/3</qty>
          <unit>pounds</unit></amt>
        <item>BUTTER PRINT SURE</item></ing>
      <ing>
        <amt>
          <qty>18</qty>
          <unit/></amt>
        <item>LEMON FRESH</item></ing>
      <ing>
        <amt>
          <qty>1 1/2</qty>
          <unit>pounds</unit></amt>
        <item>BREAD SNDWICH 22OZ #51</item></ing>
      <ing>
        <amt>
          <qty>1 1/2</qty>
          <unit>teaspoons</unit></amt>
        <item>PEPPER BLACK 1 LB CN</item></ing>
      <ing>
        <amt>
          <qty>1 1/3</qty>
          <unit>tablespoons</unit></amt>
        <item>SALT TABLE 5LB</item></ing></ingredients>
    <directions>
      <step>  1.  PLACE TROUT IN ROWS, 2 BY 9, ON 6 GREASED SHEET PANS, SKIN SIDE DOWN.
  
  2.  COMBINE MELTED BUTTER OR MARGARINE, PEPPER, AND 2 2/3 CUPS LEMON JUICE.
  
  3.  EVENLY BRUSH TOP OF FISH WITH LEMON-BUTTER MIXTURE.
  
  4.  COMBINE BREAD CRUMBS AND SALT; SPRINKLE 1 CUP MIXTURE EVENLY OVER THE
  TOP OF EACH FISH.
  
  5.  BAKE 9 MINUTES IN 375F. OVEN.  SERVE IMMEDIATELY.
  
  NOTE:  1.  SINCE TROUT DOES NOT HOLD WELL IN SERVING LINE FOR LONG PERIODS
  OF
  TIME, PREPARE BY PROGRESSIVE COOKING METHODS IN SMALL BATCHES.
  
  2.  HEADS MAY BE REMOVED, IF DESIRED.
  
  3.  IN STEP 2, 6 LB (24 LEMONS) WILL YIELD 3 CUPS JUICE.
  
  4.  IN STEP 2, 1 CUP FROZEN LEMON JUICE CONCENTRATE AND 3 CUPS COLD
  WATER MAY BE USED FOR JUICE.
  
  Recipe Number: L17901
  
  SERVING SIZE: 1 FILLET (
  
  From the &lt;Army Master Recipe Index File&gt; (actually used today!).
  Downloaded from Glen's MM Recipe Archive, http://www.erols.com/hosey.
 
</step></directions></recipe></recipeml>
