<?xml version="1.0" encoding="UTF-8"?>

<recipeml version="0.5">
  <recipe>
    <head>
      <title>Baked Tomatoes Stuffed with Pasta ,barley, Orzo</title>
      <categories>
        <cat>None</cat></categories>
      <yield>1</yield></head>
    <ingredients>
      <ing>
        <amt>
          <qty>1/2</qty>
          <unit>pounds</unit></amt>
        <item>Orzo</item></ing>
      <ing>
        <amt>
          <qty>6</qty>
          <unit/></amt>
        <item>Large; firm ripe tomatoes, (for budget wait until summer for the tomatoes)</item></ing>
      <ing>
        <amt>
          <qty/>
          <unit/></amt>
        <item>Sugar</item></ing>
      <ing>
        <amt>
          <qty>1</qty>
          <unit>teaspoon</unit></amt>
        <item>Salt</item></ing>
      <ing>
        <amt>
          <qty/>
          <unit/></amt>
        <item>Freshly ground black pepper</item></ing>
      <ing>
        <amt>
          <qty>1/2</qty>
          <unit>teaspoons</unit></amt>
        <item>Dried oregano</item></ing>
      <ing>
        <amt>
          <qty>1/2</qty>
          <unit>cups</unit></amt>
        <item>Cubed mozzarella cheese</item></ing>
      <ing>
        <amt>
          <qty>4</qty>
          <unit>tablespoons</unit></amt>
        <item>Butter</item></ing>
      <ing>
        <amt>
          <qty>1</qty>
          <unit/></amt>
        <item>Onion; finely chopped</item></ing>
      <ing>
        <amt>
          <qty>1</qty>
          <unit>quart</unit></amt>
        <item>Chicken stock</item></ing>
      <ing>
        <amt>
          <qty>4</qty>
          <unit>tablespoons</unit></amt>
        <item>Freshly grated Parmesan cheese.</item></ing></ingredients>
    <directions>
      <step>  From: Bulldogfla &lt;Bulldogfla@aol.com&gt;
  
  Remove the center pulp and seeds from the tomatoes, hollowing them out
  well. Lightly sprinkle into each tomato a little sugar, salt, pepper and
  oregano; place four cubes of mozzarella in each tomato.
  
  Melt the butter in a saucepan and saute the onion in it until soft; stir in
  the orzo, stirring well so each grain of pasta is coated. pour in 2 cups of
  the stock, stir well, and simmer until it is absorbed, adding more stock
  gradually until the orzo is about three quarters cooked; firmer than al
  dente. Bled in the Parmesan, stirring it in well.
  
  Spoon the orzo mixture into the hollowed tomatoes, filling them. Place the
  filled tomatoes in a casserole or baking dish with 1/2 cup of hot stock in
  the bottom of the dish. Bake, covered, in a preheated 400 degree oven for
  25 minutes; remove the cover the last 10 minutes. Serves 6
  
  Posted to recipelu-digest by jeryder@juno.com on Mar 10, 1998
 
</step></directions></recipe></recipeml>
