<?xml version="1.0" encoding="UTF-8"?>

<recipeml version="0.5">
  <recipe>
    <head>
      <title>Baked Winter Squash - Acorn</title>
      <categories>
        <cat>Vegetables</cat></categories>
      <yield>2</yield></head>
    <ingredients>
      <ing>
        <amt>
          <qty>2</qty>
          <unit>small</unit></amt>
        <item>Acorn squashes or butternut, or lt. gems</item></ing>
      <ing>
        <amt>
          <qty/>
          <unit/></amt>
        <item>Salt</item></ing>
      <ing>
        <amt>
          <qty>1</qty>
          <unit>ounce</unit></amt>
        <item>To 2 ounces butter</item></ing>
      <ing>
        <amt>
          <qty>3</qty>
          <unit>tablespoons</unit></amt>
        <item>Maple syrup</item></ing></ingredients>
    <directions>
      <step>  Cut the squashes in half and scoop out the seeds. Sprinkle the cut sides
  with salt. Place cut side down on a greased baking dish and bake at 200 C /
  400F / Gas mark 6 for about 30 to 40 minutes until the squash is pierced
  easily with a fork. Turn cut sides up and score the cut side with a fork.
  Spread with the butter, drizzle with maple syrup and return to the oven for
  a few minutes to glaze. Serve hot.
  Posted to EAT-L Digest 29 Aug 96
  
  Date:    Fri, 30 Aug 1996 16:52:27 EDT
  
  From:    erika metzieder &lt;100627.3022@COMPUSERVE.COM&gt;
 
</step></directions></recipe></recipeml>
