<?xml version="1.0" encoding="UTF-8"?>

<recipeml version="0.5">
  <recipe>
    <head>
      <title>Baked Tomatoes with Orzo and Olives</title>
      <categories>
        <cat>Vegetables</cat></categories>
      <yield>1</yield></head>
    <ingredients>
      <ing>
        <amt>
          <qty>4</qty>
          <unit>large</unit></amt>
        <item>Yellow tomatoes; halved, hollowed</item></ing>
      <ing>
        <amt>
          <qty>3</qty>
          <unit>cups</unit></amt>
        <item>Cooked orzo</item></ing>
      <ing>
        <amt>
          <qty>1/4</qty>
          <unit>cups</unit></amt>
        <item>Chopped olives</item></ing>
      <ing>
        <amt>
          <qty>1</qty>
          <unit>teaspoon</unit></amt>
        <item>Finely minced garlic</item></ing>
      <ing>
        <amt>
          <qty>3</qty>
          <unit>tablespoons</unit></amt>
        <item>Chopped basil; or parsley if unavailable</item></ing>
      <ing>
        <amt>
          <qty>3</qty>
          <unit>teaspoons</unit></amt>
        <item>Toasted pine nuts</item></ing>
      <ing>
        <amt>
          <qty>1</qty>
          <unit>tablespoon</unit></amt>
        <item>Extra virgin olive oil</item></ing>
      <ing>
        <amt>
          <qty>1/4</qty>
          <unit>cups</unit></amt>
        <item>Grated Parmesan cheese</item></ing></ingredients>
    <directions>
      <step>  Preheat the oven to 350 degrees.
  
  Halve the tomatoes, hollow and place in an oven to table baking dish. Mix
  the rest of the ingredients , except the cheese together in a small bowl
  and season with salt and pepper to taste. Carefully stuff the tomatoes and
  sprinkle with the cheese. Bake for 20 minutes and serve immediately.
  
  TIP: ROASTING TOMATOES
  
  Heat a dry cast iron skillet until almost smoking, and add your whole
  tomatoes. Or place the whole tomatoes on a broiler tray. Turn them
  frequently, until they are blackened and charred on all sides. Peel off the
  blackened skin, and use in place of regular tomatoes for your salsas or
  tomato sauces.
  Posted to recipelu-digest Volume 01 Number 657 by "Diane Geary."
  &lt;diane@keyway.net&gt; on Jan 31, 1998
 
</step></directions></recipe></recipeml>
