<?xml version="1.0" encoding="UTF-8"?>

<recipeml version="0.5">
  <recipe>
    <head>
      <title>Baked Tomatoes</title>
      <categories>
        <cat>None</cat></categories>
      <yield>1</yield></head>
    <ingredients>
      <ing>
        <amt>
          <qty>2</qty>
          <unit/></amt>
        <item>Tomatoes</item></ing>
      <ing>
        <amt>
          <qty>4</qty>
          <unit/></amt>
        <item>Basil leaves, chopped</item></ing>
      <ing>
        <amt>
          <qty>1</qty>
          <unit/></amt>
        <item>Clove garlic, chopped</item></ing>
      <ing>
        <amt>
          <qty>1</qty>
          <unit>tablespoon</unit></amt>
        <item>Butter</item></ing>
      <ing>
        <amt>
          <qty/>
          <unit/></amt>
        <item>Salt</item></ing>
      <ing>
        <amt>
          <qty/>
          <unit/></amt>
        <item>Pepper</item></ing></ingredients>
    <directions>
      <step>  FROM MY GARDEN SHOW #5511
  
  Preheat oven to 375 degrees F. Cut around stem of tomato and remove as a
  plug. Set aside. Sprinkle in basil and garlic into the tomato. Drizzle in a
  touch of butter. Add salt and pepper to taste. Replace plug and bake for
  about 30 minutes. Serve on a bed of rice.
  
  Posted to EAT-L Digest 03 Sep 96
  
  From:    Connie Anderson &lt;connie@USA.NET&gt;
  
  Date:    Wed, 4 Sep 1996 09:06:17 -0500
 
</step></directions></recipe></recipeml>
