<?xml version="1.0" encoding="UTF-8"?>

<recipeml version="0.5">
  <recipe>
    <head>
      <title>Baked Sweet Potatoes with Sauteed Squash and Peppers</title>
      <categories>
        <cat>Ew</cat>
        <cat>Text</cat>
        <cat>Import</cat></categories>
      <yield>1</yield></head>
    <ingredients>
      <ing>
        <amt>
          <qty>1</qty>
          <unit/></amt>
        <item>Zucchini</item></ing>
      <ing>
        <amt>
          <qty>1</qty>
          <unit/></amt>
        <item>Yellow squash</item></ing>
      <ing>
        <amt>
          <qty>1</qty>
          <unit/></amt>
        <item>Red pepper</item></ing>
      <ing>
        <amt>
          <qty>1</qty>
          <unit>tablespoon</unit></amt>
        <item>Olive oil</item></ing>
      <ing>
        <amt>
          <qty>4</qty>
          <unit/></amt>
        <item>Sweet potatoes,; baked</item></ing>
      <ing>
        <amt>
          <qty/>
          <unit/></amt>
        <item>Salt</item></ing>
      <ing>
        <amt>
          <qty/>
          <unit/></amt>
        <item>Pepper</item></ing>
      <ing>
        <amt>
          <qty/>
          <unit/></amt>
        <item>Sour cream</item></ing></ingredients>
    <directions>
      <step>  Dice the zucchini, squash and red pepper. In large non-stick saute pan,
  heat the olive oil. Add the diced vegetables. Slice sweet potatoes in half
  and scoop out some filling. Place vegetables in sweet potato shell. Season
  with salt and pepper. Serve with sour cream.
  Recipe By     :FROM MY GARDEN SHOW #5546
  
  Posted to MC-Recipe Digest V1 #249
  
  Date: Thu, 17 Oct 1996 14:52:49 -0400
  
  From: Meg Antczak &lt;meginny@frontiernet.net&gt;
 
</step></directions></recipe></recipeml>
