<?xml version="1.0" encoding="UTF-8"?>

<recipeml version="0.5">
  <recipe>
    <head>
      <title>Baked Whitefish Parmesan</title>
      <categories>
        <cat>None</cat></categories>
      <yield>1</yield></head>
    <ingredients>
      <ing>
        <amt>
          <qty>2/3</qty>
          <unit>cups</unit></amt>
        <item>Sour cream</item></ing>
      <ing>
        <amt>
          <qty>1</qty>
          <unit>tablespoon</unit></amt>
        <item>Plus 1 tsp. package dry onion soup mix</item></ing>
      <ing>
        <amt>
          <qty>2/3</qty>
          <unit>cups</unit></amt>
        <item>Breadcrumbs</item></ing>
      <ing>
        <amt>
          <qty>1</qty>
          <unit>tablespoon</unit></amt>
        <item>Plus 1 tsp. grated Parmesan cheese</item></ing>
      <ing>
        <amt>
          <qty>2</qty>
          <unit>teaspoons</unit></amt>
        <item>Fresh parsley; chopped</item></ing>
      <ing>
        <amt>
          <qty>1/8</qty>
          <unit>teaspoons</unit></amt>
        <item>Paprika</item></ing>
      <ing>
        <amt>
          <qty>4</qty>
          <unit/></amt>
        <item>6-ounce whitefish fillets</item></ing>
      <ing>
        <amt>
          <qty>2</qty>
          <unit>tablespoons</unit></amt>
        <item>Plus 2 tsp. peanut oil</item></ing>
      <ing>
        <amt>
          <qty>Prep:</qty>
          <unit>10</unit></amt>
        <item>min, Cook: 15 min.</item></ing></ingredients>
    <directions>
      <step>  Preheat oven to 450øF. Combine sour cream and soup mix in a bowl. Combine
  next 4 ingredients in a shallow dish. Dip fish into sour cream mixture,
  then lightly coat with breadcrumb mixture. Arrange fish in a lightly oiled
  baking dish. Drizzle oil over top. Bake about 8 minutes, until fish is
  lightly browned. Turn and bake another 5 minutes or until golden.
  Posted to recipelu-digest by molony &lt;molony@scsn.net&gt; on Feb 19, 1998
 
</step></directions></recipe></recipeml>
