<?xml version="1.0" encoding="UTF-8"?>

<recipeml version="0.5">
  <recipe>
    <head>
      <title>Baked Sweet Plantains</title>
      <categories>
        <cat>Fruits</cat></categories>
      <yield>6</yield></head>
    <ingredients>
      <ing>
        <amt>
          <qty>4</qty>
          <unit>medium</unit></amt>
        <item>Plantains -- very ripe</item></ing>
      <ing>
        <amt>
          <qty>1/2</qty>
          <unit>cups</unit></amt>
        <item>Dry white wine -- or light</item></ing>
      <ing>
        <amt>
          <qty/>
          <unit/></amt>
        <item>Rum</item></ing>
      <ing>
        <amt>
          <qty>1/4</qty>
          <unit>cups</unit></amt>
        <item>Dry sherry</item></ing>
      <ing>
        <amt>
          <qty>1/4</qty>
          <unit>cups</unit></amt>
        <item>Packed brown sugar</item></ing>
      <ing>
        <amt>
          <qty>4</qty>
          <unit>tablespoons</unit></amt>
        <item>Butter -- salted</item></ing>
      <ing>
        <amt>
          <qty/>
          <unit/></amt>
        <item>Ground cinnamon -- to taste</item></ing>
      <ing>
        <amt>
          <qty/>
          <unit/></amt>
        <item>Ground nutmeg -- to taste</item></ing></ingredients>
    <directions>
      <step>  Preheat the oven to 350°.  Arrange the plantains in an ovenproof casserole,
  pour the wine, sherry, and sugar over them, and sprinkle with butter and
  cinnamon. Cover the plantains and bake 20 to 25 minutes. Uncover, turn the
  plantains over, baste, and bake, uncovered, until golden brown on top,
  another 15 minutes.  Serve hot.
  
  Recipe By     : Mary Urrutia's "Memories of a Cuban Kitchen"
  
  File ftp://ftp.idiscover.co.uk/pub/food/mealmaster/recipes/mmdja006.zip
 
</step></directions></recipe></recipeml>
