<?xml version="1.0" encoding="UTF-8"?>

<recipeml version="0.5">
  <recipe>
    <head>
      <title>Baked Yogurt Chicken</title>
      <categories>
        <cat>Poultry</cat></categories>
      <yield>4</yield></head>
    <ingredients>
      <ing>
        <amt>
          <qty>2 1/2</qty>
          <unit>pounds</unit></amt>
        <item>Chicken pieces (or boneless</item></ing>
      <ing>
        <amt>
          <qty/>
          <unit/></amt>
        <item>Breasts)</item></ing>
      <ing>
        <amt>
          <qty>6</qty>
          <unit>tablespoons</unit></amt>
        <item>Butter or margarine</item></ing>
      <ing>
        <amt>
          <qty>2</qty>
          <unit>tablespoons</unit></amt>
        <item>Flour</item></ing>
      <ing>
        <amt>
          <qty>1</qty>
          <unit>tablespoon</unit></amt>
        <item>Paprika</item></ing>
      <ing>
        <amt>
          <qty>2</qty>
          <unit>cups</unit></amt>
        <item>Plain yogurt</item></ing>
      <ing>
        <amt>
          <qty>1/4</qty>
          <unit>cups</unit></amt>
        <item>Fresh mushrooms -- sliced</item></ing>
      <ing>
        <amt>
          <qty>2</qty>
          <unit>tablespoons</unit></amt>
        <item>Fresh lemon juice</item></ing>
      <ing>
        <amt>
          <qty>2</qty>
          <unit>tablespoons</unit></amt>
        <item>Fresh parsley -- chopped</item></ing></ingredients>
    <directions>
      <step>  Wash chicken and pat dry.  Add salt and pepper.  In large pan, melt 4
  tablespoons of butter; fry the chicken until golden brown. Remove to
  buttered shallow baking dish. Sprinkleflour and paprika into pan juices and
  cook, stirring for 1 minute.  Stir in yogurt and mix well. Spoon over the
  chicken.  Saute the mushrooms in the remaining butter and lemon juice for 1
  minute and spoon over the chicken and yogurt. Sprinkle with the parsley.
  Bake, covered, in a preheated 325F oven for about 1 1/4 hours, or until
  chicken is tender (less for boneless breasts). From Diana Rattray
  
  Recipe By     : Concord Hospital Admitting Cookbook, Concord, NH
  
  From Gemini's MASSIVE MealMaster collection at www.synapse.com/~gemini
 
</step></directions></recipe></recipeml>
