<?xml version="1.0" encoding="UTF-8"?>

<recipeml version="0.5">
  <recipe>
    <head>
      <title>Baked Sweet Potatoes W/ginger &amp; Honey</title>
      <categories>
        <cat>Vegetable</cat></categories>
      <yield>2</yield></head>
    <ingredients>
      <ing>
        <amt>
          <qty>1</qty>
          <unit>can</unit></amt>
        <item>(16-oz) small sweet potatoes cut into 1/2" cubes (we used 2 medium sweet potatoes)</item></ing>
      <ing>
        <amt>
          <qty>1/4</qty>
          <unit>cups</unit></amt>
        <item>Honey</item></ing>
      <ing>
        <amt>
          <qty>1 1/2</qty>
          <unit>tablespoons</unit></amt>
        <item>Grated fresh ginger (we used rehydrated minced--maybe that's why it was so strong (in pockets)!)</item></ing>
      <ing>
        <amt>
          <qty>1/2</qty>
          <unit>teaspoons</unit></amt>
        <item>Ground cardamom</item></ing>
      <ing>
        <amt>
          <qty>1/4</qty>
          <unit>teaspoons</unit></amt>
        <item>Ground black pepper</item></ing></ingredients>
    <directions>
      <step>  Date: Mon, 19 Feb 96 14:29:57 CST
  
  From: coldiron@bangate.compaq.com
  Tried a new recipe last night that was good, although a little ginger-y for
  our tastes. Since there are a number of ginger lovers on this list, thought
  I'd share!  From Prevention's Quick and Healthy Low-Fat Cooking
  (Mediterranean).
  
  Combine all ingredients. Bake in 8x8" baking dish at 400øF for 20 minutes.
  
  The original recipe called for 1 tablespoon olive oil and a
  non-stick-sprayed baking dish, neither of which we used. No sticking, no
  problems.
  
  FATFREE DIGEST V96 #49
  
  From the Fatfree Vegetarian recipe list.  Downloaded from Glen's MM Recipe
  Archive, http://www.erols.com/hosey.
 
</step></directions></recipe></recipeml>
