<?xml version="1.0" encoding="UTF-8"?>

<recipeml version="0.5">
  <recipe>
    <head>
      <title>Baked Vidalia Onion</title>
      <categories>
        <cat>Cooking for</cat>
        <cat>Bobbie - no</cat>
        <cat>Onions</cat>
        <cat>Side dishes</cat></categories>
      <yield>1</yield></head>
    <ingredients>
      <ing>
        <amt>
          <qty>1</qty>
          <unit>medium</unit></amt>
        <item>Vidalia or other sweet onion</item></ing>
      <ing>
        <amt>
          <qty>2</qty>
          <unit>teaspoons</unit></amt>
        <item>Butter or margarine</item></ing>
      <ing>
        <amt>
          <qty>1/4</qty>
          <unit>teaspoons</unit></amt>
        <item>Salt; optional</item></ing>
      <ing>
        <amt>
          <qty/>
          <unit/></amt>
        <item>Pepper; to taste</item></ing>
      <ing>
        <amt>
          <qty/>
          <unit/></amt>
        <item>Garlic salt; to taste, optional</item></ing></ingredients>
    <directions>
      <step>  Quarter onion halfway through and open slightly. Place onan 18x12" piece of
  heavy duty foil. Place butter in center of onion; sprinkle with seasonings.
  Fold foil to seal tightly. Bake at 350 F. for 60-70 minutes or until onion
  is tender. Open foil carefully to allow steam to escape. Per serving,
  prepared with margarine and without garlic salt:
    1 1/2    vegetable, 1 1/2 fat. 116 calories, 93 mg. sodium, 0
  cholesterol, 8 grams fat. Taste of home Magazine, April/May '97, p. 12 MC
  formatting by bobbi744@sojourn.com
  
  NOTES : Submitted to magazine by  Norman Dunham, Rogersville, Tenn.
  Delicious served with meat for a nice change of pace side dish.
  Recipe by: Taste of Home Magazine, April/May, '97, p. 12
  
  Posted to MC-Recipe Digest V1 #824 by Roberta Banghart
  &lt;bobbi744@sojourn.com&gt; on Oct 04, 1997
 
</step></directions></recipe></recipeml>
