<?xml version="1.0" encoding="UTF-8"?>

<recipeml version="0.5">
  <recipe>
    <head>
      <title>Baked Tilapia with Whole Spices</title>
      <categories>
        <cat>Fish</cat></categories>
      <yield>4</yield></head>
    <ingredients>
      <ing>
        <amt>
          <qty/>
          <unit/></amt>
        <item>Stephen Ceideburg</item></ing>
      <ing>
        <amt>
          <qty>2</qty>
          <unit>teaspoons</unit></amt>
        <item>Peanut or other vegetable oil</item></ing>
      <ing>
        <amt>
          <qty>1</qty>
          <unit>medium</unit></amt>
        <item>Carrot, peeled and cut into 4-inch sticks</item></ing>
      <ing>
        <amt>
          <qty>4</qty>
          <unit/></amt>
        <item>Green onions, cut into 3-inch sections</item></ing>
      <ing>
        <amt>
          <qty>8</qty>
          <unit/></amt>
        <item>Quarter-size slices ginger (no need to peel)</item></ing>
      <ing>
        <amt>
          <qty>1</qty>
          <unit>teaspoon</unit></amt>
        <item>Whole allspice</item></ing>
      <ing>
        <amt>
          <qty>3</qty>
          <unit/></amt>
        <item>Star anise pods, broken up</item></ing>
      <ing>
        <amt>
          <qty>1/2</qty>
          <unit>teaspoons</unit></amt>
        <item>Whole peppercorns</item></ing>
      <ing>
        <amt>
          <qty>2</qty>
          <unit>small</unit></amt>
        <item>Dried chiles, any loose seeds removed</item></ing>
      <ing>
        <amt>
          <qty>2</qty>
          <unit/></amt>
        <item>Tilapia, cleaned and scaled (2 1/2 to 3 pounds in all)</item></ing>
      <ing>
        <amt>
          <qty/>
          <unit/></amt>
        <item>Salt</item></ing>
      <ing>
        <amt>
          <qty>3</qty>
          <unit>tablespoons</unit></amt>
        <item>White wine</item></ing>
      <ing>
        <amt>
          <qty>1/2</qty>
          <unit>cups</unit></amt>
        <item>Fish or poultry stock</item></ing>
      <ing>
        <amt>
          <qty>1</qty>
          <unit>tablespoon</unit></amt>
        <item>Butter (optional)</item></ing></ingredients>
    <directions>
      <step>  This will work with other whole lean fish, including small rockfish or
  farmed striped bass, and cuts or 'roasts' of halibut or pink salmon. Adjust
  the cooking time according to the thickness and density of the fish.
  
  Preheat oven to 400 degrees F.
  
  Rub a baking dish well with the oil, add the vegetables and whole spices,
  and toss to coat them lightly with oil.
  
  Arrange in an even layer. Rinse the fish well inside and out, pat dry,
  season lightly with salt, and place on top of the vegetables.
  
  Add the wine and 3 tablespoons of the stock. Make a loose tent of foil over
  the tail of the fish and place in the oven.
  
  Bake, rotating the pan once halfway through the cooking time, until a
  skewer easily enters the thickest part of the fish, 25 to 30 minutes.
  
  If you have an instant-reading thermometer, it should read 145 degrees F.to
  150 degrees F.in the center near the bone. Transfer the fish to a warm
  serving platter.
  
  Strain the contents of the baking dish into a small saucepan; discard the
  spices and vegetables. Add the remaining stock, bring to a boil and reduce
  by a third. Taste for seasoning and adjust if necessary. Swirl in the
  butter if desired and pour over and around the fish on the platter.
  
  PER SERVING: 220 calories, 40 g protein, 2 g carbohydrate, 5 g fat (0 g
  saturated), 98 mg cholesterol, 8 mg sodium, 0 g fiber.
  
  Jay Harlow writing in the San Francisco Chronicle, 12/16/92.
  
  Posted by Stephen Ceideburg
  
  From Gemini's MASSIVE MealMaster collection at www.synapse.com/~gemini
 
</step></directions></recipe></recipeml>
