<?xml version="1.0" encoding="UTF-8"?>

<recipeml version="0.5">
  <recipe>
    <head>
      <title>Baked Tripe</title>
      <categories>
        <cat>None</cat></categories>
      <yield>4</yield></head>
    <ingredients>
      <ing>
        <amt>
          <qty>1 1/2</qty>
          <unit>pounds</unit></amt>
        <item>Tripe; cut in thin strips</item></ing>
      <ing>
        <amt>
          <qty>2</qty>
          <unit>tablespoons</unit></amt>
        <item>Vinegar</item></ing>
      <ing>
        <amt>
          <qty>2</qty>
          <unit>tablespoons</unit></amt>
        <item>Oil</item></ing>
      <ing>
        <amt>
          <qty>1</qty>
          <unit/></amt>
        <item>Handful mushrooms; sliced</item></ing>
      <ing>
        <amt>
          <qty>1</qty>
          <unit>large</unit></amt>
        <item>Onion</item></ing>
      <ing>
        <amt>
          <qty>4</qty>
          <unit>tablespoons</unit></amt>
        <item>Butter</item></ing>
      <ing>
        <amt>
          <qty>2</qty>
          <unit>tablespoons</unit></amt>
        <item>Flour</item></ing>
      <ing>
        <amt>
          <qty/>
          <unit/></amt>
        <item>Tomato puree</item></ing>
      <ing>
        <amt>
          <qty/>
          <unit/></amt>
        <item>Salt and pepper</item></ing>
      <ing>
        <amt>
          <qty>1</qty>
          <unit>cup</unit></amt>
        <item>Breadcrumbs</item></ing>
      <ing>
        <amt>
          <qty/>
          <unit/></amt>
        <item>Parsley</item></ing>
      <ing>
        <amt>
          <qty>2</qty>
          <unit>tablespoons</unit></amt>
        <item>Water</item></ing></ingredients>
    <directions>
      <step>  Marinate the tripe in the oil and vinegar for half an hour. Clean and
  prepare the onions and mushrooms, and saute in the
  
  butter for two or three minutes. Remove from the frying pan and set aside.
  Stir in the flour and mix in the tomato
  
  puree (about 2 T) plus the water. Season with salt and pepper. Grease a
  fireproof casserole and put in half the tripe. Cover with a layer of the
  onions and mushrooms and sprinkle on half the breadcrumbs. Repeat this, and
  finally pour on the tomato sauce. Top with the breadcrumbs. Bake in the
  oven for 30 minutes at 350F. Remove and garnish with chopped parsley before
  serving.
  
  Servings: 4
  
  Posted to recipelu-digest by Sandy &lt;sandysno@pctech.net&gt; on Mar 17, 1998
 
</step></directions></recipe></recipeml>
