<?xml version="1.0" encoding="UTF-8"?>

<recipeml version="0.5">
  <recipe>
    <head>
      <title>Baked Sweet Potatoes</title>
      <categories>
        <cat/></categories>
      <yield>100</yield></head>
    <ingredients>
      <ing>
        <amt>
          <qty>40</qty>
          <unit>pounds</unit></amt>
        <item>POTATOES WHITE FRE</item></ing>
      <ing>
        <amt>
          <qty>PAN:</qty>
          <unit>18</unit></amt>
        <item>BY 26-INCH SHEET PAN                    TEMPERATURE:  400 F. OVEN</item></ing></ingredients>
    <directions>
      <step>  :
  
  1.  SCRUB POTATOES WELL; DRY; REMOVE ANY BLEMISHES. PLACE ON SHEET PANS.
  
  2.  PRICK SKIN WITH FORK TO ALLOW STEAM TO ESCAPE.
  
  3.  BAKE 45 MINUTES OR UNTIL DONE.
  
  Recipe Number: Q06600
  
  SERVING SIZE: 1 POTATO
  
  From the &lt;Army Master Recipe Index File&gt; (actually used today!).
  Downloaded from Glen's MM Recipe Archive, http://www.erols.com/hosey.
 
</step></directions></recipe></recipeml>
