<?xml version="1.0" encoding="UTF-8"?>

<recipeml version="0.5">
  <recipe>
    <head>
      <title>Baked Vidalia Onions</title>
      <categories>
        <cat>Vegetable</cat></categories>
      <yield>1</yield></head>
    <ingredients>
      <ing>
        <amt>
          <qty>1</qty>
          <unit/></amt>
        <item>Large onion per person</item></ing>
      <ing>
        <amt>
          <qty/>
          <unit/></amt>
        <item>Olive oil</item></ing>
      <ing>
        <amt>
          <qty/>
          <unit/></amt>
        <item>Salt</item></ing>
      <ing>
        <amt>
          <qty/>
          <unit/></amt>
        <item>Balsamic or red wine vinegar</item></ing></ingredients>
    <directions>
      <step>  ~Remove a thin slice from both ends of the onion ~quarter lengthwise ~place
  onions in an oiled baking dish/pan, ~brush with oil and salt lightly ~cover
  (with aluminum foil if dish does not have it's own) ~bake at 350 for 30
  minutes, or until tender ~Remove cover, brush again with oil, sprinkle with
  vinegar bake 45 to 50 minutes longer, turning onions several times and
  basting with oil
  
  Posted to MC-Recipe Digest V1 #672 by Bill &lt;thelma@pipeline.com&gt; on Jul 15,
  1997
 
</step></directions></recipe></recipeml>
