<?xml version="1.0" encoding="UTF-8"?>

<recipeml version="0.5">
  <recipe>
    <head>
      <title>Baked Tomatoes (Tomates a la Provencale)</title>
      <categories>
        <cat>None</cat></categories>
      <yield>1</yield></head>
    <ingredients>
      <ing>
        <amt>
          <qty>8</qty>
          <unit/></amt>
        <item>Ripe tomatoes</item></ing>
      <ing>
        <amt>
          <qty/>
          <unit/></amt>
        <item>Salt</item></ing>
      <ing>
        <amt>
          <qty>1/4</qty>
          <unit>cups</unit></amt>
        <item>Chopped parsley</item></ing>
      <ing>
        <amt>
          <qty>2</qty>
          <unit>teaspoons</unit></amt>
        <item>Fresh chopped thyme</item></ing>
      <ing>
        <amt>
          <qty>4</qty>
          <unit/></amt>
        <item>Garlic cloves; minced</item></ing>
      <ing>
        <amt>
          <qty>1/4</qty>
          <unit>cups</unit></amt>
        <item>Olive oil</item></ing>
      <ing>
        <amt>
          <qty>8</qty>
          <unit>tablespoons</unit></amt>
        <item>Breadcrumbs</item></ing></ingredients>
    <directions>
      <step>  From: Bulldogfla &lt;Bulldogfla@aol.com&gt;
  
  by Mimi Rippee
  
  Preheat oven to 400 degrees F.
  
  Cut the tomatoes horizontally and remove core. Place cut-side up in a
  large, rectangular baking dish. Sprinkle on the salt, parsley, thyme, and
  garlic. Pour on the olive oil evenly. Sprinkle with breadcrumbs. Bake,
  uncovered, for about 30 minutes.
  
  Posted to recipelu-digest by jeryder@juno.com on Mar 29, 1998
 
</step></directions></recipe></recipeml>
