<?xml version="1.0" encoding="UTF-8"?>

<recipeml version="0.5">
  <recipe>
    <head>
      <title>Baked Tuna Steaks</title>
      <categories>
        <cat>Fish</cat>
        <cat>Seafood</cat></categories>
      <yield>4</yield></head>
    <ingredients>
      <ing>
        <amt>
          <qty>1</qty>
          <unit>pound</unit></amt>
        <item>Tuna, fresh; cut into 4 steaks</item></ing>
      <ing>
        <amt>
          <qty>1</qty>
          <unit>dash</unit></amt>
        <item>White pepper</item></ing></ingredients>
    <directions>
      <step>  Skin tuna. Sprinkle with pepper. Bake at 350 degrees until fish flakes
  easily and is no longer pink.
  
      164    calories per serving
  
                              -Trim &amp; Thin 4-Ingredient Cookbook
  Posted to MM-Recipes Digest  by "John Weber" &lt;hdbrer@ibm.net&gt; on May 06, 98
 
</step></directions></recipe></recipeml>
