<?xml version="1.0" encoding="UTF-8"?>

<recipeml version="0.5">
  <recipe>
    <head>
      <title>Baked Tamales</title>
      <categories>
        <cat>Mexican</cat></categories>
      <yield>8</yield></head>
    <ingredients>
      <ing-div>
        <title/>
        <ing>
          <amt>
            <qty>2</qty>
            <unit>pounds</unit></amt>
          <item>Ground beef</item></ing>
        <ing>
          <amt>
            <qty>1</qty>
            <unit>can</unit></amt>
          <item>Tomatoes (14 oz)</item></ing>
        <ing>
          <amt>
            <qty>2</qty>
            <unit>tablespoons</unit></amt>
          <item>Chili powder OR</item></ing>
        <ing>
          <amt>
            <qty>5</qty>
            <unit>teaspoons</unit></amt>
          <item>Ground ancho (pasilla) chile PLUS</item></ing>
        <ing>
          <amt>
            <qty>1</qty>
            <unit>teaspoon</unit></amt>
          <item>Cumin AND</item></ing>
        <ing>
          <amt>
            <qty>1/4</qty>
            <unit>teaspoons</unit></amt>
          <item>Cinnamon</item></ing>
        <ing>
          <amt>
            <qty>1</qty>
            <unit/></amt>
          <item>Garlic clove, crushed</item></ing>
        <ing>
          <amt>
            <qty>1</qty>
            <unit>teaspoon</unit></amt>
          <item>Salt</item></ing>
        <ing>
          <amt>
            <qty>1</qty>
            <unit>cup</unit></amt>
          <item>Black olives</item></ing></ing-div>
      <ing-div>
        <title>CORN MEAL DOUGH</title>
        <ing>
          <amt>
            <qty>4</qty>
            <unit>cups</unit></amt>
          <item>Corn meal</item></ing>
        <ing>
          <amt>
            <qty>2</qty>
            <unit>teaspoons</unit></amt>
          <item>Salt</item></ing>
        <ing>
          <amt>
            <qty>8</qty>
            <unit>cups</unit></amt>
          <item>Water</item></ing>
        <ing>
          <amt>
            <qty>2</qty>
            <unit/></amt>
          <item>Eggs, well beaten</item></ing>
        <ing>
          <amt>
            <qty>4</qty>
            <unit>tablespoons</unit></amt>
          <item>Butter</item></ing></ing-div></ingredients>
    <directions>
      <step>  An early stage in the developent of the deep-dish tamale pie, with the
  real turn-of-the-century flavor. Recipe by Mrs. Bertha S. Morris, from
  "The Los Angeles Times Cookbook Number Three" (1908).
  
  In skillet, saute beef in pan until brown. Add tomatoes, chili powder,
  garlic, salt and olives. Cook 15 minutes.
  
  Grease 9x13" baking dish and line bottom with 1/2 Corn Meal Dough. Add
  meat mixture and cover with remaining 1/2 Corn Meal Dough. Bake 20
  minutes at 325'F. or until browned.
  
  Each serving contains about: 578 calories; 1,213 milligrams sodium;
  132 milligrams cholesterol; 28 grams fat; 57 grams carbohydrates; 23
  grams protein; 1.24 grams fiber.
  
  CORN MEAL DOUGH:
  
  Add corn meal and salt to water in pot. Bring to boil and cook over
  medium heat until thick, 5-10 minutes. Add eggs and butter. Stir well.
  
  From Tuscon area newspapers, 1994, 3rd quarter, courtest Mike Orchekowski.
  File ftp://ftp.idiscover.co.uk/pub/food/mealmaster/recipes/tn-94q3.zip
 
</step></directions></recipe></recipeml>
