<?xml version="1.0" encoding="UTF-8"?>

<recipeml version="0.5">
  <recipe>
    <head>
      <title>Baked Vidalia Onions</title>
      <categories>
        <cat>Vegetables</cat></categories>
      <yield>1</yield></head>
    <ingredients>
      <ing>
        <amt>
          <qty>4</qty>
          <unit>medium</unit></amt>
        <item>Medium sized Vidalia onions dry Riesling wine salt pepper</item></ing>
      <ing>
        <amt>
          <qty>3/4</qty>
          <unit>cups</unit></amt>
        <item>Buttered bread crumbs</item></ing>
      <ing>
        <amt>
          <qty>1/4</qty>
          <unit>cups</unit></amt>
        <item>Grated Parmesan cheese</item></ing></ingredients>
    <directions>
      <step>  Peel onions.  Cut in half, crosswise.  Arrange with cut sides up in a
  greased 1 1/2 quart casserole. Add just enough wine to cover bottom of
  casserole. Sprinkle with salt and pepper. Cover and bake for 30 minutes at
  375 degrees F. Top with bread crumbs mixed with cheese. Bake uncovered for
  15 to 20 minutes longer or until onions are brown and tender. Makes 6
  servings.
 
</step></directions></recipe></recipeml>
