<?xml version="1.0" encoding="UTF-8"?>

<recipeml version="0.5">
  <recipe>
    <head>
      <title>Baked Vegetable Gumbo Creole From Tony Burke</title>
      <categories>
        <cat>Cajun</cat></categories>
      <yield>10</yield></head>
    <ingredients>
      <ing>
        <amt>
          <qty>1</qty>
          <unit>pound</unit></amt>
        <item>Fresh okra,diag. sliced</item></ing>
      <ing>
        <amt>
          <qty>2</qty>
          <unit>packages</unit></amt>
        <item>Frozen sliced okra(10oz)</item></ing>
      <ing>
        <amt>
          <qty/>
          <unit/></amt>
        <item>Boiling salted water</item></ing>
      <ing>
        <amt>
          <qty>1</qty>
          <unit/></amt>
        <item>Rib celery,diagonally sliced</item></ing>
      <ing>
        <amt>
          <qty>2</qty>
          <unit/></amt>
        <item>Bell peppers,in strips</item></ing>
      <ing>
        <amt>
          <qty>2</qty>
          <unit>packages</unit></amt>
        <item>Frozen lima beans(10oz)</item></ing>
      <ing>
        <amt>
          <qty>8</qty>
          <unit/></amt>
        <item>Ears fresh corn kernels</item></ing>
      <ing>
        <amt>
          <qty>2</qty>
          <unit>packages</unit></amt>
        <item>Frozen corn,thawed(10oz)</item></ing>
      <ing>
        <amt>
          <qty/>
          <unit/></amt>
        <item>Butter or margarine</item></ing>
      <ing>
        <amt>
          <qty/>
          <unit/></amt>
        <item>Bread crumbs</item></ing>
      <ing>
        <amt>
          <qty>1</qty>
          <unit/></amt>
        <item>Small onion,chopped</item></ing>
      <ing>
        <amt>
          <qty>4</qty>
          <unit/></amt>
        <item>Ripe tomatoes,sliced</item></ing>
      <ing>
        <amt>
          <qty>2</qty>
          <unit/></amt>
        <item>Serrano chiles,thinly sliced</item></ing>
      <ing>
        <amt>
          <qty>1</qty>
          <unit>teaspoon</unit></amt>
        <item>Chopped fresh basil</item></ing>
      <ing>
        <amt>
          <qty>1/2</qty>
          <unit>teaspoons</unit></amt>
        <item>Dried basil,crumbled</item></ing>
      <ing>
        <amt>
          <qty/>
          <unit/></amt>
        <item>Salt to taste</item></ing>
      <ing>
        <amt>
          <qty/>
          <unit/></amt>
        <item>Black pepper to taste</item></ing>
      <ing>
        <amt>
          <qty>1/2</qty>
          <unit>cups</unit></amt>
        <item>Shredded Monterey Jack</item></ing></ingredients>
    <directions>
      <step>  1. Cook fresh okra briefly in boiling salted water;
  drain.
  
  2. Blanch celery in boiling salted water.
  
  3. Add bell peppers and lima beans and cook until just
  tender; during last 30 seconds, add corn (do not
  overcook), then drain vegetables.
  
  4. Butter a large baking dish and sprinkle with bread
  crumbs; add a layer of corn-bean mixture and okra.
  
  5. Combine onion, tomatoes and basil; spoon layer of
  onion-tomato mixture over bottom layer in dish.
  
  6. Sprinkle with chiles and season with salt and
  pepper.
  
  7. Dot with butter and sprinkle with bread crumbs.
  
  8. Repeat layering until casserole is filled.
  
  9. Top with a layer of okra that has been dipped in
  crumbs and lightly sauteed in butter; sprinkle evenly
  with shredded cheese if desired.
  
  10. Bake uncovered in preheated 300' over for 1 hour.
  
  NOTE: This can be baked in the morning and reheated
  slowly before serving. It tastes even better the
  second day.
  
  From Gemini's MASSIVE MealMaster collection at www.synapse.com/~gemini
 
</step></directions></recipe></recipeml>
