<?xml version="1.0" encoding="UTF-8"?>

<recipeml version="0.5">
  <recipe>
    <head>
      <title>Baked Turnovers</title>
      <categories>
        <cat>Hors d'oeuv</cat>
        <cat>Salgadinhos</cat></categories>
      <yield>1</yield></head>
    <ingredients>
      <ing>
        <amt>
          <qty>3</qty>
          <unit>cups</unit></amt>
        <item>Flour</item></ing>
      <ing>
        <amt>
          <qty>1</qty>
          <unit>cup</unit></amt>
        <item>Club soda; very cold</item></ing>
      <ing>
        <amt>
          <qty>1/2</qty>
          <unit>pounds</unit></amt>
        <item>Butter or margarine</item></ing>
      <ing>
        <amt>
          <qty/>
          <unit/></amt>
        <item>Salt; to taste</item></ing>
      <ing>
        <amt>
          <qty>1</qty>
          <unit/></amt>
        <item>Egg yolk</item></ing></ingredients>
    <directions>
      <step>  1. Place flour and salt in a bowl,
  
  2. Cut in flour until it resembles coarse meal.
  
  3. Add liquid and knead 5 minutes. Chill overnight.
  
  4. Divide dough into portions.
  
  5. Roll out dough on a floured surface to 1/8" thick
  
  6. Cut 3' rounds, place 1 tsp filling in the center and fold, pressing
  edges to stick
  
  7. Transfer to a cookie sheet as you go.
  
  8. Baste with the egg yolk and bake in a preheated 350 oven for 25 minutes.
  
  NOTES : May be frozen , either before or after baking.
  
  Recipe by: Ester Podcameni
  
  Posted to EAT-L Digest  by Leon &amp; Miriam Posvolsky &lt;miriamp@POBOX.COM&gt; on
  Dec 22, 1997
 
</step></directions></recipe></recipeml>
