<?xml version="1.0" encoding="UTF-8"?>

<recipeml version="0.5">
  <recipe>
    <head>
      <title>Baked Walla Walla Onions</title>
      <categories>
        <cat>Vegetables</cat></categories>
      <yield>4</yield></head>
    <ingredients>
      <ing-div>
        <title/>
        <ing>
          <amt>
            <qty>2</qty>
            <unit>medium</unit></amt>
          <item>Onions, sweet</item></ing>
        <ing>
          <amt>
            <qty>2</qty>
            <unit>tablespoons</unit></amt>
          <item>Extra virgin olive oil</item></ing></ing-div>
      <ing-div>
        <title>SAUCE</title>
        <ing>
          <amt>
            <qty>2</qty>
            <unit>tablespoons</unit></amt>
          <item>Balsamic vinegar</item></ing>
        <ing>
          <amt>
            <qty>4</qty>
            <unit>tablespoons</unit></amt>
          <item>Apricot preserves</item></ing>
        <ing>
          <amt>
            <qty>1/2</qty>
            <unit>teaspoons</unit></amt>
          <item>Salt</item></ing>
        <ing>
          <amt>
            <qty>1</qty>
            <unit>pinch</unit></amt>
          <item>Cayenne pepper</item></ing></ing-div></ingredients>
    <directions>
      <step>  Cut onions in half lengthwise. Rub with olive oil. Bakeat 400 degrees 40
  minutes to 1 hour. Remove to serving dish. Sauce: Mix together and boil
  until well combined. Pour over onions. Serve warm or at room temp.
  
  Recipe by: Oregonian Newspaper Posted to TNT - Prodigy's Recipe Exchange
  Newsletter  by marciaf@juno.com on Jul 11, 1997
 
</step></directions></recipe></recipeml>
