<?xml version="1.0" encoding="UTF-8"?>

<recipeml version="0.5">
  <recipe>
    <head>
      <title>Baked Tuna Stuffed Potatoes</title>
      <categories>
        <cat>Main dish</cat>
        <cat>Vegetables</cat>
        <cat>Cajun</cat></categories>
      <yield>8</yield></head>
    <ingredients>
      <ing>
        <amt>
          <qty>8</qty>
          <unit>large</unit></amt>
        <item>Baking potatoes</item></ing>
      <ing>
        <amt>
          <qty>2</qty>
          <unit>tablespoons</unit></amt>
        <item>Oleo</item></ing>
      <ing>
        <amt>
          <qty>2</qty>
          <unit>cans</unit></amt>
        <item>Tuna (7 oz.), drained</item></ing>
      <ing>
        <amt>
          <qty>1</qty>
          <unit>tablespoon</unit></amt>
        <item>Onion, grated</item></ing>
      <ing>
        <amt>
          <qty>1</qty>
          <unit>tablespoon</unit></amt>
        <item>Chopped parsley</item></ing>
      <ing>
        <amt>
          <qty>1</qty>
          <unit>can</unit></amt>
        <item>Cheddar cheese soup</item></ing>
      <ing>
        <amt>
          <qty>1/4</qty>
          <unit>teaspoons</unit></amt>
        <item>Paprika</item></ing>
      <ing>
        <amt>
          <qty>2</qty>
          <unit/></amt>
        <item>Drops (or more)Tabasco sauce</item></ing>
      <ing>
        <amt>
          <qty>1/4</qty>
          <unit>teaspoons</unit></amt>
        <item>Salt</item></ing>
      <ing>
        <amt>
          <qty>4</qty>
          <unit>slices</unit></amt>
        <item>American cheese, halved</item></ing></ingredients>
    <directions>
      <step>     Wash potatoes and rub skins all over with oleo. Prick with fork. Bake on
  oven rack in preheated 400 F. oven for 1 1/2 hrs. or until tender. Combine
  tuna, onion, parsley, soup, paprika, Tabasco sauce and salt. Toss with fork
  to break up tuna and blend well. Remove 1" slice from top of each potato.
  Scoop out inside of potatoes, leaving shell. Add potatoes to tuna mixture,
  tossing to mix well. Spoon lightly into potato shells, mounding high. Top
  each with 1/2 slice of cheese. Return to oven until cheese melts. Serves 8.
  Courtesy Telephone Pioneers BillSpalding *P CRBR 38 A
  
  From Gemini's MASSIVE MealMaster collection at www.synapse.com/~gemini
 
</step></directions></recipe></recipeml>
