<?xml version="1.0" encoding="UTF-8"?>

<recipeml version="0.5">
  <recipe>
    <head>
      <title>Baked Vegetable Fritatta</title>
      <categories>
        <cat>Vegetarian</cat>
        <cat>Tofu</cat></categories>
      <yield>6</yield></head>
    <ingredients>
      <ing>
        <amt>
          <qty>1</qty>
          <unit/></amt>
        <item>Onion; chopped</item></ing>
      <ing>
        <amt>
          <qty>1</qty>
          <unit/></amt>
        <item>Leek; sliced</item></ing>
      <ing>
        <amt>
          <qty>8</qty>
          <unit>ounces</unit></amt>
        <item>Mushrooms; sliced</item></ing>
      <ing>
        <amt>
          <qty>5</qty>
          <unit>ounces</unit></amt>
        <item>Fresh spinach; chopped</item></ing>
      <ing>
        <amt>
          <qty>1</qty>
          <unit>pound</unit></amt>
        <item>Firm or regular tofu</item></ing>
      <ing>
        <amt>
          <qty>1/2</qty>
          <unit>cups</unit></amt>
        <item>Soymilk</item></ing>
      <ing>
        <amt>
          <qty>1/2</qty>
          <unit>teaspoons</unit></amt>
        <item>Nutritional yeast</item></ing>
      <ing>
        <amt>
          <qty>1/2</qty>
          <unit>teaspoons</unit></amt>
        <item>Freshly grated nutmeg</item></ing>
      <ing>
        <amt>
          <qty>2</qty>
          <unit>tablespoons</unit></amt>
        <item>Arrowroot powder or</item></ing>
      <ing>
        <amt>
          <qty/>
          <unit/></amt>
        <item>Cornstarch</item></ing>
      <ing>
        <amt>
          <qty/>
          <unit/></amt>
        <item>Pinch ground turmeric (opt.)</item></ing>
      <ing>
        <amt>
          <qty>1</qty>
          <unit/></amt>
        <item>Tomato; sliced</item></ing>
      <ing>
        <amt>
          <qty/>
          <unit/></amt>
        <item>Mushroom slices for garnish</item></ing>
      <ing>
        <amt>
          <qty/>
          <unit/></amt>
        <item>(opt.)</item></ing>
      <ing>
        <amt>
          <qty>1/2</qty>
          <unit>teaspoons</unit></amt>
        <item>Dried basil</item></ing></ingredients>
    <directions>
      <step>  Saute onion and leek in a heavy skillet with a little water until
  translucent. Add mushrooms and continue to saute until vegetables are
  tender. Thoroughly wash, dry and chop spinach. Add to skillet and cook
  unitl just wilted. Preheat oven to 350 degrees. In a food processor or
  blender, puree tofu, soymilk, nutritional yeast, nutmeg, arrowroot or
  cornstarch, and turmeric if desired. Combine with cooked vegetables. Season
  with salt and pepper. Pour into 6 lightly oiled individual souffle dishes
  or a 9-inch quiche dish or round glass dish. Decorate the top with sliced
  tomatoes and a few extra slices of mushrooms if desired. Sprinkle with
  basil. Bake until risen slightly, golden brown and firm to the touch, about
  40 minutes. (If baked in a single pan, allow to cool for 10 minutes before
  cutting into wedges like a pie.) Serves 6. Per serving: 170 cal; 13 g. fat;
  14 g. carb;. 0 chol; 227 mg sod; 4 g fiber. From February, 1993 _Vegetarian
  Times_
  Posted to EAT-L Digest 05 Sep 96
  
  Date:    Thu, 5 Sep 1996 19:06:49 -0700
  
  From:    Stacy Hansen &lt;schansen@PACIFICRIM.NET&gt;
 
</step></directions></recipe></recipeml>
