<?xml version="1.0" encoding="UTF-8"?>

<recipeml version="0.5">
  <recipe>
    <head>
      <title>Baked Ziti</title>
      <categories>
        <cat>Casseroles</cat>
        <cat>Pasta</cat></categories>
      <yield>6</yield></head>
    <ingredients>
      <ing>
        <amt>
          <qty>1</qty>
          <unit>small</unit></amt>
        <item>Onion; chopped</item></ing>
      <ing>
        <amt>
          <qty>1/2</qty>
          <unit>cups</unit></amt>
        <item>Tomato paste</item></ing>
      <ing>
        <amt>
          <qty>1</qty>
          <unit>cup</unit></amt>
        <item>Tomato sauce</item></ing>
      <ing>
        <amt>
          <qty>2/3</qty>
          <unit>cups</unit></amt>
        <item>Water</item></ing>
      <ing>
        <amt>
          <qty>1</qty>
          <unit>teaspoon</unit></amt>
        <item>Marjoram</item></ing>
      <ing>
        <amt>
          <qty>1</qty>
          <unit>teaspoon</unit></amt>
        <item>Basil</item></ing>
      <ing>
        <amt>
          <qty>1/4</qty>
          <unit>teaspoons</unit></amt>
        <item>Salt</item></ing>
      <ing>
        <amt>
          <qty>1/8</qty>
          <unit>teaspoons</unit></amt>
        <item>Pepper</item></ing>
      <ing>
        <amt>
          <qty>1</qty>
          <unit>cup</unit></amt>
        <item>Fat-free ricotta cheese</item></ing>
      <ing>
        <amt>
          <qty>6</qty>
          <unit>ounces</unit></amt>
        <item>Shredded part-skim-milk mozzarella; divided use</item></ing>
      <ing>
        <amt>
          <qty>8</qty>
          <unit>ounces</unit></amt>
        <item>Ziti pasta; cooked and drained</item></ing></ingredients>
    <directions>
      <step>     Lightly coat a medium-size non-stick pan with cooking spray.  Saut‚
  onion until tender.  Add tomato paste, tomato sauce, water, herbs, salt,
  and pepper.  Simmer, covered, 10 minutes.
     Combine ricotta and half the mozzarella in a large bowl.  Add the cooked
  ziti and half the tomato mixture.  Stir gently to mix.
     Turn into a 1 1/2-quart casserole coated with cooking spray.  Pour
  remaining tomato mixture on top and sprinkle with reserved mozzarella.
     Bake in a preheat 375øF. oven for 25 to 30 minutes or until the cheese
  is melted and browned.
  Posted to MC-Recipe Digest V1 #183
  
  Date: Sun, 04 Aug 1996 17:38:55 -0500
  
  From: "R. Winters" &lt;rosie@iadfw.net&gt;
 
</step></directions></recipe></recipeml>
