<?xml version="1.0" encoding="UTF-8"?>

<recipeml version="0.5">
  <recipe>
    <head>
      <title>Baked Sweet Pepper Wedges</title>
      <categories>
        <cat>Appetizers</cat></categories>
      <yield>24</yield></head>
    <ingredients>
      <ing>
        <amt>
          <qty>2</qty>
          <unit>medium</unit></amt>
        <item>Red bell peppers</item></ing>
      <ing>
        <amt>
          <qty>2</qty>
          <unit>medium</unit></amt>
        <item>Yellow bell peppers</item></ing>
      <ing>
        <amt>
          <qty>1</qty>
          <unit>medium</unit></amt>
        <item>Onion; finely chopped</item></ing>
      <ing>
        <amt>
          <qty>1</qty>
          <unit>can</unit></amt>
        <item>(28 oz) crushed tomatoes; drained</item></ing>
      <ing>
        <amt>
          <qty>1/4</qty>
          <unit>cups</unit></amt>
        <item>Fresh parsley; chopped</item></ing>
      <ing>
        <amt>
          <qty>1/4</qty>
          <unit>cups</unit></amt>
        <item>Olive oil</item></ing>
      <ing>
        <amt>
          <qty>2</qty>
          <unit>tablespoons</unit></amt>
        <item>Olive oil</item></ing>
      <ing>
        <amt>
          <qty>3</qty>
          <unit>tablespoons</unit></amt>
        <item>Pine nuts</item></ing>
      <ing>
        <amt>
          <qty>4</qty>
          <unit/></amt>
        <item>Cloves garlic; finely chopped</item></ing>
      <ing>
        <amt>
          <qty>1</qty>
          <unit>teaspoon</unit></amt>
        <item>Salt</item></ing>
      <ing>
        <amt>
          <qty>1/4</qty>
          <unit>teaspoons</unit></amt>
        <item>Pepper</item></ing>
      <ing>
        <amt>
          <qty>1/4</qty>
          <unit>cups</unit></amt>
        <item>Bread crumbs</item></ing></ingredients>
    <directions>
      <step>  Preheat oven to 375. Lightly oil 13 x 9 pan.
  
  Trim tops off peppers. Discard stems; finely chop tops. Cut peppers
  lengthwise into sixths. Place wedges cut side up, in oiled pan, set aside.
  
  Combine pepper tops, onion, tomatoes, parsley, 1/4C oil, pine nuts, garlic,
  salt &amp; pepper in a bowl; stir well. Spoon into the pepper wedges.
  
  Bake for 25 - 30 minutes or until just tender. Sprinkle bread crumbs and
  remaining 2T oil over wedges. Bake 10 mins longer. Serve warm.
  
  Posted to MC-Recipe Digest V1 #679 by "Kathy Rogers"
  &lt;kathyrogers@earthlink.net&gt; on Jul 19, 1997
 
</step></directions></recipe></recipeml>
