<?xml version="1.0" encoding="UTF-8"?>

<recipeml version="0.5">
  <recipe>
    <head>
      <title>Baked Walleye</title>
      <categories>
        <cat>Seafoods</cat></categories>
      <yield>6</yield></head>
    <ingredients>
      <ing>
        <amt>
          <qty>1</qty>
          <unit/></amt>
        <item>Walleye; (3 to 4 pounds), dressed</item></ing>
      <ing>
        <amt>
          <qty>1/2</qty>
          <unit>teaspoons</unit></amt>
        <item>Salt</item></ing>
      <ing>
        <amt>
          <qty>1/8</qty>
          <unit>teaspoons</unit></amt>
        <item>Pepper</item></ing>
      <ing>
        <amt>
          <qty>5</qty>
          <unit/></amt>
        <item>Strips bacon</item></ing>
      <ing>
        <amt>
          <qty>2</qty>
          <unit>tablespoons</unit></amt>
        <item>Water</item></ing>
      <ing>
        <amt>
          <qty>16</qty>
          <unit>ounces</unit></amt>
        <item>Canned plum tomatoes; cut into bite-size pieces</item></ing>
      <ing>
        <amt>
          <qty>1</qty>
          <unit/></amt>
        <item>Clove garlic; minced</item></ing>
      <ing>
        <amt>
          <qty>1</qty>
          <unit>medium</unit></amt>
        <item>Onion; sliced and separated into rings</item></ing>
      <ing>
        <amt>
          <qty>1</qty>
          <unit>tablespoon</unit></amt>
        <item>Butter</item></ing>
      <ing>
        <amt>
          <qty>1</qty>
          <unit>dash</unit></amt>
        <item>Ground red pepper</item></ing>
      <ing>
        <amt>
          <qty>1</qty>
          <unit>medium</unit></amt>
        <item>Lemon; thinly sliced</item></ing></ingredients>
    <directions>
      <step>  1. Rub the fish with salt and pepper. In a roasting pan, lay the fish atop
  bacon strips. Add the water. Bake in a 400ø oven for 10 minutes.
  
  2. Drain tomatoes, reserving juice. In a skillet, cook tomatoes, garlic,
  and onion in butter till onion is just tender. Add the red pepper and
  reserved tomato juice. Bring to boiling; pour over fish in pan.
  
  3. Reduce the oven to 325ø. Lay the lemon slices over the fish to cover.
  Bake, uncovered, for 40 to 45 minutes or till the fish flakes.
  
  Makes 6 servings.
  
  Published in Midwest Living 6/1990
  
  Submitted by Carriej999@AOL.com 5/98
  
  Recipe by: The Strickly Fish Cookbook, Babe and Charlie Winkelman
  
  Posted to MC-Recipe Digest by Carriej999 &lt;Carriej999@aol.com&gt; on May 17,
  1998
 
</step></directions></recipe></recipeml>
