<?xml version="1.0" encoding="UTF-8"?>

<recipeml version="0.5">
  <recipe>
    <head>
      <title>Baked Tofu Szechuan Style</title>
      <categories>
        <cat>Main dish</cat>
        <cat>Tofu</cat></categories>
      <yield>1</yield></head>
    <ingredients>
      <ing>
        <amt>
          <qty/>
          <unit/></amt>
        <item>The Marinade:</item></ing>
      <ing>
        <amt>
          <qty>2</qty>
          <unit>tablespoons</unit></amt>
        <item>Tamari soy sauce</item></ing>
      <ing>
        <amt>
          <qty>1</qty>
          <unit>tablespoon</unit></amt>
        <item>Oriental sesame oil</item></ing>
      <ing>
        <amt>
          <qty>1</qty>
          <unit>tablespoon</unit></amt>
        <item>Vegetable oil</item></ing>
      <ing>
        <amt>
          <qty>1/2</qty>
          <unit>teaspoons</unit></amt>
        <item>Minced fresh ginger</item></ing>
      <ing>
        <amt>
          <qty/>
          <unit/></amt>
        <item>H</item></ing>
      <ing>
        <amt>
          <qty>1</qty>
          <unit>pound</unit></amt>
        <item>Extra-firm tofu; cut into 3/4-inch</item></ing>
      <ing>
        <amt>
          <qty/>
          <unit/></amt>
        <item>Cubes and patted very dry</item></ing>
      <ing>
        <amt>
          <qty/>
          <unit/></amt>
        <item>H</item></ing>
      <ing>
        <amt>
          <qty/>
          <unit/></amt>
        <item>The Sauce:</item></ing>
      <ing>
        <amt>
          <qty>1/2</qty>
          <unit>teaspoons</unit></amt>
        <item>Chili paste with garlic; (1/2 to 1)</item></ing>
      <ing>
        <amt>
          <qty>1</qty>
          <unit>tablespoon</unit></amt>
        <item>Tahini or natural-style peanut butter</item></ing>
      <ing>
        <amt>
          <qty>2</qty>
          <unit>tablespoons</unit></amt>
        <item>Dry sherry; rice wine, or</item></ing>
      <ing>
        <amt>
          <qty/>
          <unit/></amt>
        <item>Vermouth</item></ing></ingredients>
    <directions>
      <step>  In a medium-size bowl, combine the marinade ingredients. Gently stir in the
  tofu and coat well. Let marinate for 30 minutes, or up to 8 hours. Cover
  and chill if longer than 30 minutes. Preheat the oven to 450 degrees F.
  Pour the tofu and its marinade into a shallow baking dish in one layer.
  Bake for 15 minutes, tossing once with a spatula. Combine the sauce
  ingredients and pour over the tofu. Toss to coat evenly. Return to the oven
  and bake 10 more minutes, or until golden brown. Let sit 10 minutes before
  serving; it should be served warm, not piping hot. Source: Lemlin, Jeanne
  *Main-Course Vegetarian Pleasures* (1995)
  Posted to EAT-L Digest 05 Sep 96
  
  Date:    Thu, 5 Sep 1996 19:06:49 -0700
  
  From:    Stacy Hansen &lt;schansen@PACIFICRIM.NET&gt;
  NOTES : Serves 3
 
</step></directions></recipe></recipeml>
