<?xml version="1.0" encoding="UTF-8"?>

<recipeml version="0.5">
  <recipe>
    <head>
      <title>Baked Tuna Pie</title>
      <categories>
        <cat>Main dish</cat>
        <cat>Casseroles</cat></categories>
      <yield>6</yield></head>
    <ingredients>
      <ing>
        <amt>
          <qty>1</qty>
          <unit>cup</unit></amt>
        <item>All-purpose flour</item></ing>
      <ing>
        <amt>
          <qty>1/3</qty>
          <unit>cups</unit></amt>
        <item>Enriched Corn Meal (Aunt Jemima or Quaker)</item></ing>
      <ing>
        <amt>
          <qty>3/4</qty>
          <unit>teaspoons</unit></amt>
        <item>Salt (optional)</item></ing>
      <ing>
        <amt>
          <qty>1/3</qty>
          <unit>cups</unit></amt>
        <item>Vegetable shortening OR- margarine</item></ing>
      <ing>
        <amt>
          <qty>1/4</qty>
          <unit>cups</unit></amt>
        <item>Cold water</item></ing>
      <ing>
        <amt>
          <qty>10</qty>
          <unit>ounces</unit></amt>
        <item>Frozen chopped broccoli thawed</item></ing>
      <ing>
        <amt>
          <qty>13</qty>
          <unit>ounces</unit></amt>
        <item>Evaporated milk</item></ing>
      <ing>
        <amt>
          <qty>1</qty>
          <unit>can</unit></amt>
        <item>Tuna (6-1/2 or 7-oz. size) drained, flaked</item></ing>
      <ing>
        <amt>
          <qty>1/4</qty>
          <unit>cups</unit></amt>
        <item>Grated parmesan cheese</item></ing>
      <ing>
        <amt>
          <qty>1/2</qty>
          <unit>teaspoons</unit></amt>
        <item>Dillweed</item></ing></ingredients>
    <directions>
      <step>  Heat oven to 350 F.  Combine flour, corn meal and 1/4 teaspoon salt. Cut in
  shortening until mixture resembles coarse crumbs.  Add water, 1 tablespoon
  at a time, stirring lightly with fork until mixture forms a ball. On
  lightly floured surface, roll out pastry to form 12-inch circle. Fit
  loosely into 9-inch glass pie plate; trim.  Turn edges under; flute.
  
  Place broccoli between layers of paper towels.  Pat gently to absorb excess
  water.  Combine broccoli, remaining 1/2 teaspoon salt and remaining
  ingredients; mix well.  Pour mixture into pastry shell. Bake 50 to 55
  minutes or until knife inserted in center comes out clean. Let stand 10
  minutes before serving.  Serve with lemon wedges, if desired.
  
  NUTRITIONAL ANALYSIS per serving: * calories 356 * carbohydrates 31 g *
  protein 22 g * fat 16 g * calcium 291 mg * sodium 210 mg * cholesterol 160
  mg * dietary fiber 3 g
  
  Source: "Hurry, Let's Eat!" Reprinted with permission from The Quaker Oats
  Company Electronic format courtesy of Karen Mintzias
  Posted to MM-Recipes Digest  by "John Weber" &lt;hdbrer@ibm.net&gt; on Feb 27, 98
 
</step></directions></recipe></recipeml>
