<?xml version="1.0" encoding="UTF-8"?>

<recipeml version="0.5">
  <recipe>
    <head>
      <title>Baked Turkey Salad</title>
      <categories>
        <cat>Turkey</cat>
        <cat>Main dish s</cat></categories>
      <yield>4</yield></head>
    <ingredients>
      <ing>
        <amt>
          <qty>2</qty>
          <unit>tablespoons</unit></amt>
        <item>Olive oil</item></ing>
      <ing>
        <amt>
          <qty>1</qty>
          <unit>cup</unit></amt>
        <item>Celery; thinly sliced</item></ing>
      <ing>
        <amt>
          <qty>1/2</qty>
          <unit>cups</unit></amt>
        <item>Onion; chopped</item></ing>
      <ing>
        <amt>
          <qty>1/2</qty>
          <unit>cups</unit></amt>
        <item>Mayonnaise type salad dressing</item></ing>
      <ing>
        <amt>
          <qty>1/2</qty>
          <unit>cups</unit></amt>
        <item>Light sour cream</item></ing>
      <ing>
        <amt>
          <qty>1</qty>
          <unit>tablespoon</unit></amt>
        <item>Lemon juice</item></ing>
      <ing>
        <amt>
          <qty>1/2</qty>
          <unit>pounds</unit></amt>
        <item>Cooked turkey breast; cut into cubes</item></ing>
      <ing>
        <amt>
          <qty>1/2</qty>
          <unit>cups</unit></amt>
        <item>Slivered almonds; toasted</item></ing>
      <ing>
        <amt>
          <qty>6</qty>
          <unit>ounces</unit></amt>
        <item>Mushrooms; sliced</item></ing>
      <ing>
        <amt>
          <qty>1/4</qty>
          <unit>cups</unit></amt>
        <item>Seasoned breadcrumbs</item></ing></ingredients>
    <directions>
      <step>  1. Preheat oven to 325°F.
  
  2. Heat oil in a large heavy nonstick skillet over medium heat. Add celery
  and onion and sauté 4 minutes, or until tender.
  
  3. Remove from heat and stir in next 3 ingredients and salt and pepper to
  taste until well blended.
  
  4. Add turkey, almonds and mushrooms. Toss to coat well. Transfer to an
  ovenproof casserole.
  
  5. Sprinkle with breadcrumbs and bake 25-30 minutes until bubbly.
  
  Recipe by: http://www.mymenus.com
  
  Posted to recipelu-digest Volume 01 Number 292 by RecipeLu
  &lt;recipelu@geocities.com&gt; on Nov 23, 1997
 
</step></directions></recipe></recipeml>
