<?xml version="1.0" encoding="UTF-8"?>

<recipeml version="0.5">
  <recipe>
    <head>
      <title>Baked Tuna Chow Mein Casserole</title>
      <categories>
        <cat>Main dish</cat>
        <cat>Fish</cat>
        <cat>Appetizers</cat>
        <cat>Microwave</cat></categories>
      <yield>4</yield></head>
    <ingredients>
      <ing>
        <amt>
          <qty>2</qty>
          <unit>tablespoons</unit></amt>
        <item>Butter or margarine</item></ing>
      <ing>
        <amt>
          <qty>1</qty>
          <unit>cup</unit></amt>
        <item>Chopped celery</item></ing>
      <ing>
        <amt>
          <qty>1/4</qty>
          <unit>cups</unit></amt>
        <item>Chopped onion</item></ing>
      <ing>
        <amt>
          <qty>2</qty>
          <unit>tablespoons</unit></amt>
        <item>Chopped green pepper</item></ing>
      <ing>
        <amt>
          <qty>1</qty>
          <unit>tablespoon</unit></amt>
        <item>Butter</item></ing>
      <ing>
        <amt>
          <qty>7</qty>
          <unit>ounces</unit></amt>
        <item>Can tuna</item></ing>
      <ing>
        <amt>
          <qty>10 1/2</qty>
          <unit>ounces</unit></amt>
        <item>Cream of mushroom soup</item></ing>
      <ing>
        <amt>
          <qty/>
          <unit/></amt>
        <item>Condensed</item></ing>
      <ing>
        <amt>
          <qty>1</qty>
          <unit>cup</unit></amt>
        <item>Chow mein noodles</item></ing>
      <ing>
        <amt>
          <qty>1/8</qty>
          <unit>teaspoons</unit></amt>
        <item>Pepper</item></ing>
      <ing>
        <amt>
          <qty>1/3</qty>
          <unit>cups</unit></amt>
        <item>Chow mein noodles</item></ing></ingredients>
    <directions>
      <step>  1. In a deep, 1 1/2-quart, heat-resistant, non-metallic casserole, melt 2
  tablespoons butter or margarine in Microwave Oven 30 seconds. 2. Add
  celery, onion and green pepper to melted butter. Heat, uncovered, in
  Microwave Oven 3 minutes or until vegetables are tender. 3. Combine
  remaining ingredients except 1/3 cup chow mein noodles with vegetablesm
  Blend well. Top with 1/3 cup of chow mein noodles. Heat in Miicrowave Oven,
  uncovered, 10 minutes or until sauce bubbles.
  
  From Gemini's MASSIVE MealMaster collection at www.synapse.com/~gemini
 
</step></directions></recipe></recipeml>
