<?xml version="1.0" encoding="UTF-8"?>

<recipeml version="0.5">
  <recipe>
    <head>
      <title>Baked Turkey Croquettes</title>
      <categories>
        <cat>Poultry</cat>
        <cat>Luncheon</cat>
        <cat>Main dishes</cat></categories>
      <yield>6</yield></head>
    <ingredients>
      <ing>
        <amt>
          <qty>2</qty>
          <unit>tablespoons</unit></amt>
        <item>Butter</item></ing>
      <ing>
        <amt>
          <qty>3</qty>
          <unit>tablespoons</unit></amt>
        <item>Flour</item></ing>
      <ing>
        <amt>
          <qty>3/4</qty>
          <unit>cups</unit></amt>
        <item>Milk</item></ing>
      <ing>
        <amt>
          <qty>2</qty>
          <unit>cups</unit></amt>
        <item>Turkey; chopped</item></ing>
      <ing>
        <amt>
          <qty>1</qty>
          <unit/></amt>
        <item>Egg yolk; beaten</item></ing>
      <ing>
        <amt>
          <qty>1/4</qty>
          <unit>teaspoons</unit></amt>
        <item>Salt</item></ing>
      <ing>
        <amt>
          <qty>1/4</qty>
          <unit>teaspoons</unit></amt>
        <item>Celery salt</item></ing>
      <ing>
        <amt>
          <qty>1</qty>
          <unit/></amt>
        <item>Egg</item></ing>
      <ing>
        <amt>
          <qty>2</qty>
          <unit>tablespoons</unit></amt>
        <item>Water</item></ing>
      <ing>
        <amt>
          <qty>1/2</qty>
          <unit>cups</unit></amt>
        <item>Bread crumbs</item></ing>
      <ing>
        <amt>
          <qty>1/4</qty>
          <unit>teaspoons</unit></amt>
        <item>Ground sage</item></ing>
      <ing>
        <amt>
          <qty>2</qty>
          <unit>tablespoons</unit></amt>
        <item>Butter; melted</item></ing></ingredients>
    <directions>
      <step>  Melt 2 tablespoons butter over low heat. Add the flour and stir until well
  blended. Cook one minute. Slowly add milk and cook, stirring constantly,
  until boiling. Let sauce cool; add chopped chicken, egg yolk, salt and
  celery salt. Form into twelve small cones. Mix bread crumbs with ground
  sage. Roll cones in crumbs. Beat egg; add water. Dip each cone in egg and
  roll again in crumbs. Place on greased baking pan and drizzle with melted
  butter. Bake at 350 degrees for 40 minutes.
  
  NOTES : A good way to use up leftover turkey, chicken, or ham. If using
  ham, put through a meat grinder and use 1-1/2 cups ground ham.
  Recipe by: Elizabeth Powell
  
  Posted to MC-Recipe Digest V1 #835 by Nancy Berry &lt;nlberry@prodigy.net&gt; on
  Oct 10, 1997
 
</step></directions></recipe></recipeml>
