<?xml version="1.0" encoding="UTF-8"?>

<recipeml version="0.5">
  <recipe>
    <head>
      <title>Baked Turkey Tetrazzini</title>
      <categories>
        <cat>Casserole</cat></categories>
      <yield>8</yield></head>
    <ingredients>
      <ing>
        <amt>
          <qty>1</qty>
          <unit>pound</unit></amt>
        <item>Spaghetti; cooked</item></ing>
      <ing>
        <amt>
          <qty>2</qty>
          <unit>cans</unit></amt>
        <item>(3-oz) sliced mushrooms</item></ing>
      <ing>
        <amt>
          <qty>4</qty>
          <unit>cups</unit></amt>
        <item>Slivered cooked turkey</item></ing>
      <ing>
        <amt>
          <qty>1/4</qty>
          <unit>cups</unit></amt>
        <item>Butter or margarine</item></ing>
      <ing>
        <amt>
          <qty>1/4</qty>
          <unit>cups</unit></amt>
        <item>Minced onion</item></ing>
      <ing>
        <amt>
          <qty>1/4</qty>
          <unit>cups</unit></amt>
        <item>Flour</item></ing>
      <ing>
        <amt>
          <qty>3</qty>
          <unit>cups</unit></amt>
        <item>Milk</item></ing>
      <ing>
        <amt>
          <qty/>
          <unit/></amt>
        <item>Mushroom broth from cans</item></ing>
      <ing>
        <amt>
          <qty>2</qty>
          <unit/></amt>
        <item>Chicken bouillon cubes</item></ing>
      <ing>
        <amt>
          <qty>1/8</qty>
          <unit>teaspoons</unit></amt>
        <item>Pepper</item></ing>
      <ing>
        <amt>
          <qty>1/2</qty>
          <unit>teaspoons</unit></amt>
        <item>Salt</item></ing>
      <ing>
        <amt>
          <qty>1/8</qty>
          <unit>teaspoons</unit></amt>
        <item>Nutmeg</item></ing>
      <ing>
        <amt>
          <qty>1</qty>
          <unit>teaspoon</unit></amt>
        <item>Kitchen Bouquet</item></ing>
      <ing>
        <amt>
          <qty>1</qty>
          <unit>tablespoon</unit></amt>
        <item>Sherry or Vermouth</item></ing>
      <ing>
        <amt>
          <qty>1/2</qty>
          <unit>pounds</unit></amt>
        <item>Diced American cheese</item></ing></ingredients>
    <directions>
      <step>   Arrange cooked spaghetti in large greased baking dish. Drain mushrooms,
  reserving broth. Top spaghetti with turkey and mushrooms.
  
   Melt butter, add onion and cook until soft. Stir in flour. Add liquids,
  bouillon cubes and spices; cook stirring constantly until sauce thickens.
  Add Kitchen Bouquet, sherry and cheese. Stir until cheese melts. Pour sauce
  over spaghetti and turkey. Sprinkle lightly with paprika if desired. Bake
  at 375 degrees until thoroughly hot, about 20-30 mintes. Serve immediately.
  Yields 8-10 servings.
  
  FOOD SECTION, ARKANSAS GAZETTE,
  
  12/29/1966, MRS. JULIE BLAES,
  
  LITTLE ROCK AIR FORCE BASE
  
  From a collection of my mother's (Judy Hosey) recipe box which contained
  lots of her favorite recipes, clippings, etc.  Downloaded from Glen's MM
  Recipe Archive, http://www.erols.com/hosey.
 
</step></directions></recipe></recipeml>
