<?xml version="1.0" encoding="UTF-8"?>

<recipeml version="0.5">
  <recipe>
    <head>
      <title>Baked Tofu Nuggets</title>
      <categories>
        <cat>Main dish</cat>
        <cat>Snacks</cat></categories>
      <yield>1</yield></head>
    <ingredients>
      <ing>
        <amt>
          <qty>1</qty>
          <unit>pound</unit></amt>
        <item>Firm or hard tofu; pressed for 15 to</item></ing>
      <ing>
        <amt>
          <qty/>
          <unit/></amt>
        <item>30 minutes</item></ing>
      <ing>
        <amt>
          <qty>2</qty>
          <unit>tablespoons</unit></amt>
        <item>Nutritional yeast flakes</item></ing>
      <ing>
        <amt>
          <qty>2</qty>
          <unit>tablespoons</unit></amt>
        <item>Tamari or Braggs Liquid Aminos</item></ing>
      <ing>
        <amt>
          <qty>2</qty>
          <unit>tablespoons</unit></amt>
        <item>Brown rice vinegar or other mild vinegar</item></ing>
      <ing>
        <amt>
          <qty>1/2</qty>
          <unit>teaspoons</unit></amt>
        <item>Onion powder</item></ing></ingredients>
    <directions>
      <step>  (wrap the tofu in a clean towel, and weight down with a heavy pan or can)
  1. Cut tofu into about 36 cubed-shaped "nuggets." Arrange cubes in a single
  layer in a shallow container. 2. Stir together remaining ingredients. Brush
  mixture evenly over tofu cubes. Turn cubes to coat all sides. Refrigerate
  at least an hour, or overnight. 3. Preheat oven to 400 degrees F. 4.
  Arrange coated cubes in a single layer on an oiled baking sheet. If any
  marinade mixture wasn't absorbed, brush it over the cubes. 5. Bake nuggets
  for 30 to 45 minutes, turning two or three times, until desired crispness
  is reached. Makes about 6 servings.
  Posted to EAT-L Digest 05 Sep 96
  
  Date:    Thu, 5 Sep 1996 19:06:49 -0700
  
  From:    Stacy Hansen &lt;schansen@PACIFICRIM.NET&gt;
  NOTES : Keep a supply of these tasty morsels in your refrigerator
 
</step></directions></recipe></recipeml>
