<?xml version="1.0" encoding="UTF-8"?>

<recipeml version="0.5">
  <recipe>
    <head>
      <title>Baked Yams with Lime and Honey</title>
      <categories>
        <cat>New</cat>
        <cat>Text</cat>
        <cat>Import</cat></categories>
      <yield>1</yield></head>
    <ingredients>
      <ing>
        <amt>
          <qty>3</qty>
          <unit>large</unit></amt>
        <item>Yams (about 4 pounds)</item></ing>
      <ing>
        <amt>
          <qty>1/2</qty>
          <unit>cups</unit></amt>
        <item>Water</item></ing>
      <ing>
        <amt>
          <qty>6</qty>
          <unit>tablespoons</unit></amt>
        <item>Honey</item></ing>
      <ing>
        <amt>
          <qty>4</qty>
          <unit>tablespoons</unit></amt>
        <item>Unsalted butter, at room temperature</item></ing>
      <ing>
        <amt>
          <qty>4</qty>
          <unit/></amt>
        <item>Limes, Juice of</item></ing>
      <ing>
        <amt>
          <qty>1 1/2</qty>
          <unit>teaspoons</unit></amt>
        <item>Salt</item></ing>
      <ing>
        <amt>
          <qty>1/2</qty>
          <unit>teaspoons</unit></amt>
        <item>Freshly ground black pepper</item></ing>
      <ing>
        <amt>
          <qty/>
          <unit/></amt>
        <item>Sour cream, for garnish</item></ing></ingredients>
    <directions>
      <step>  Preheat the oven to 350 degrees F.
  
  Wash the yams and place in a baking dish with the water. Bake until the
  potatoes are soft and the skins puffy, about 1 1/2 hours. Set aside to cool
  slightly (leave the oven on).
  
  Peel the yams and place in a medium baking dish. Add the honey, butter,
  lime juice, salt and pepper. Stir and mash well with a potato masher. Cover
  with aluminum foil and return to the oven for 15 to 20 minutes, until
  heated through. Sprinkle the top with sour cream and serve hot.
  
  Yield: 6 to 8 serving
  Posted to MC-Recipe Digest V1 #324
  
  Recipe by: COOKING LIVE SHOW #CL8763
  
  From: "Angele and Jon Freeman" &lt;jfreeman@netusa1.net&gt;
  
  Date: Sun, 1 Dec 1996 14:39:48 -0500
 
</step></directions></recipe></recipeml>
