<?xml version="1.0" encoding="UTF-8"?>

<recipeml version="0.5">
  <recipe>
    <head>
      <title>Baked Ziti with Chiles</title>
      <categories>
        <cat>None</cat></categories>
      <yield>1</yield></head>
    <ingredients>
      <ing>
        <amt>
          <qty>2</qty>
          <unit>tablespoons</unit></amt>
        <item>Olive oil</item></ing>
      <ing>
        <amt>
          <qty>1</qty>
          <unit>small</unit></amt>
        <item>Red onion; finely chopped</item></ing>
      <ing>
        <amt>
          <qty>1</qty>
          <unit>large</unit></amt>
        <item>Garlic clove; minced</item></ing>
      <ing>
        <amt>
          <qty>1/2</qty>
          <unit>pounds</unit></amt>
        <item>Ground turkey</item></ing>
      <ing>
        <amt>
          <qty/>
          <unit/></amt>
        <item>Salt and freshly ground pepper</item></ing>
      <ing>
        <amt>
          <qty>1</qty>
          <unit>can</unit></amt>
        <item>(28 oz) crushed tomatoes</item></ing>
      <ing>
        <amt>
          <qty>1</qty>
          <unit>tablespoon</unit></amt>
        <item>Chopped fresh marjoram; (or 1 tsp. dried)</item></ing>
      <ing>
        <amt>
          <qty>1/2</qty>
          <unit>teaspoons</unit></amt>
        <item>Dried pepperoncini peppers; crushed, (to taste)</item></ing>
      <ing>
        <amt>
          <qty>1</qty>
          <unit>pound</unit></amt>
        <item>Ziti</item></ing>
      <ing>
        <amt>
          <qty>8</qty>
          <unit>ounces</unit></amt>
        <item>Unsalted fresh mozzarella cheese; grated</item></ing></ingredients>
    <directions>
      <step>  Tony Lima (TonyLima@ms.spacebbs.com)
  
  1. In large, nonstick pan heat the oil over medium-high heat. Add onion and
  saute for 3 minutes, or until soft. Add garlic and saute for 1 minute
  longer.
  
  2. Add turkey and cook, breaking up with a wooden spoon, for about 5
  minutes or until no longer pink.
  
  3. Season with salt and pepper, then add tomatoes, chiles, and marjoram
  Bring to a simmer.
  
  4. Reduce heat to medium-low and let sauce cook for about 30 minutes or
  until thickened.
  
  5. Preheat oven to 375 degrees.
  
  6. Cook the ziti to al dente. Drain and transfer to a large bowl. Add sauce
  and toss.
  
  7. Transfer to an ungreased 2 quart baking dish and sprinkle with
  mozzarella. Bake for about 15 minutes, or until cheese is melted and top is
  lightly brown. Let rest for 5 minutes before serving.
  Posted to CHILE-HEADS DIGEST V4 #282 by TonyLima@ms.spacebbs.com (Tony
  Lima) on Jan 24, 1998
 
</step></directions></recipe></recipeml>
