<?xml version="1.0" encoding="UTF-8"?>

<recipeml version="0.5">
  <recipe>
    <head>
      <title>Baked Yam Koftas in Green Gravy</title>
      <categories>
        <cat>None</cat></categories>
      <yield>1</yield></head>
    <ingredients>
      <ing-div>
        <title>KOFTAS</title>
        <ing>
          <amt>
            <qty>2</qty>
            <unit>medium</unit></amt>
          <item>Yams; (pealed, sliced, boiled, drained)</item></ing>
        <ing>
          <amt>
            <qty>1/2</qty>
            <unit>cups</unit></amt>
          <item>Peas</item></ing>
        <ing>
          <amt>
            <qty>1</qty>
            <unit>teaspoon</unit></amt>
          <item>Minced garlic</item></ing>
        <ing>
          <amt>
            <qty>2</qty>
            <unit/></amt>
          <item>Jalapenos minced; (optional)</item></ing>
        <ing>
          <amt>
            <qty>1/2</qty>
            <unit>teaspoons</unit></amt>
          <item>Toasted sesame seeds; (optional)</item></ing>
        <ing>
          <amt>
            <qty>2</qty>
            <unit>tablespoons</unit></amt>
          <item>Chopped cilantro</item></ing>
        <ing>
          <amt>
            <qty>1/2</qty>
            <unit>teaspoons</unit></amt>
          <item>Salt; (optional)</item></ing>
        <ing>
          <amt>
            <qty>1</qty>
            <unit>pinch</unit></amt>
          <item>Pepper</item></ing>
        <ing>
          <amt>
            <qty>2</qty>
            <unit>tablespoons</unit></amt>
          <item>Cornstarch</item></ing>
        <ing>
          <amt>
            <qty>1/4</qty>
            <unit>teaspoons</unit></amt>
          <item>Baking powder</item></ing></ing-div>
      <ing-div>
        <title>GRAVY</title>
        <ing>
          <amt>
            <qty>1/4</qty>
            <unit>cups</unit></amt>
          <item>Peas</item></ing>
        <ing>
          <amt>
            <qty>1/2</qty>
            <unit>cups</unit></amt>
          <item>Bell pepper; (green!)</item></ing>
        <ing>
          <amt>
            <qty>1/2</qty>
            <unit>cups</unit></amt>
          <item>Cilantro</item></ing>
        <ing>
          <amt>
            <qty>1</qty>
            <unit/></amt>
          <item>Jalapeno; (optional)</item></ing>
        <ing>
          <amt>
            <qty>1</qty>
            <unit/></amt>
          <item>Clove garlic</item></ing>
        <ing>
          <amt>
            <qty>1/4</qty>
            <unit>teaspoons</unit></amt>
          <item>Black mustard seed</item></ing>
        <ing>
          <amt>
            <qty>1/2</qty>
            <unit>teaspoons</unit></amt>
          <item>Ground cumin</item></ing>
        <ing>
          <amt>
            <qty>1/2</qty>
            <unit>teaspoons</unit></amt>
          <item>Ground coriander</item></ing>
        <ing>
          <amt>
            <qty>3/4</qty>
            <unit>teaspoons</unit></amt>
          <item>Salt; (optional)</item></ing>
        <ing>
          <amt>
            <qty>1</qty>
            <unit>teaspoon</unit></amt>
          <item>Sugar</item></ing></ing-div></ingredients>
    <directions>
      <step>  I want to share a really yummy recipe I adapted from Laxmi's Vegetarian
  Kitchen by Laxmi Hiremath. ( It was practically fatfree to begin with.) I
  left out the jalapenos and salt for my family but tried them with heat for
  myself...they're good either way!
  
  Preheat oven to 400 degrees Combine kofta ingredients and mix thoroughly,
  form into 1 inch balls and bake 1 inch apart non-stick baking sheet until
  golden, about 30 min. Meanwhile, blend together 1st 5 gravy ingredients in
  a blender with 1 cup water. In sauce pan on med-high put mustard seeds and
  heat until they start to pop, then add blended ingredients. cook 5 min and
  add the rest of the ingredients. Simmer for 10 min. Cool koftas for 5 min.
  Pour gravy into a serving dish, add koftas and serve hot.
  
  I served this with a basmati rice green pea pilaf and a vegie curry. It was
  so yummy, my family scarffed them up before anything else!
  
  Posted to fatfree digest by Carolyn_Conner@broder.com (Carolyn Conner) on
  Feb 10, 1998
 
</step></directions></recipe></recipeml>
