<?xml version="1.0" encoding="UTF-8"?>

<recipeml version="0.5">
  <recipe>
    <head>
      <title>Baked Tortellini</title>
      <categories>
        <cat>None</cat></categories>
      <yield>1</yield></head>
    <ingredients>
      <ing>
        <amt>
          <qty>14</qty>
          <unit>ounces</unit></amt>
        <item>Fresh tortellini</item></ing>
      <ing>
        <amt>
          <qty>6</qty>
          <unit>ounces</unit></amt>
        <item>Italian sausage; not in casing</item></ing>
      <ing>
        <amt>
          <qty>1 1/2</qty>
          <unit>teaspoons</unit></amt>
        <item>Balsamic vinegar</item></ing>
      <ing>
        <amt>
          <qty>1</qty>
          <unit/></amt>
        <item>Onion; chopped</item></ing>
      <ing>
        <amt>
          <qty>1/2</qty>
          <unit/></amt>
        <item>Red bell pepper; seeded and chopped</item></ing>
      <ing>
        <amt>
          <qty>1/2</qty>
          <unit/></amt>
        <item>Zucchini; chopped</item></ing>
      <ing>
        <amt>
          <qty>1/4</qty>
          <unit>teaspoons</unit></amt>
        <item>Red pepper flakes</item></ing>
      <ing>
        <amt>
          <qty>7</qty>
          <unit>ounces</unit></amt>
        <item>Canned tomatoes; well drained and chopped</item></ing>
      <ing>
        <amt>
          <qty>1/2</qty>
          <unit>pounds</unit></amt>
        <item>Marinara sauce</item></ing>
      <ing>
        <amt>
          <qty>1/2</qty>
          <unit>cups</unit></amt>
        <item>Shredded mozzarella cheese</item></ing>
      <ing>
        <amt>
          <qty>1/2</qty>
          <unit>cups</unit></amt>
        <item>Fontina cheese; shredded</item></ing>
      <ing>
        <amt>
          <qty>1/2</qty>
          <unit>cups</unit></amt>
        <item>Grated Parmesan cheese</item></ing>
      <ing>
        <amt>
          <qty>1/4</qty>
          <unit>cups</unit></amt>
        <item>Fresh basil; minced</item></ing>
      <ing>
        <amt>
          <qty>Prep:</qty>
          <unit>15</unit></amt>
        <item>min, Cook: 50 min.</item></ing></ingredients>
    <directions>
      <step>  Preheat oven to 350øF. Cook tortellini in a large flameproof casserole of
  boiling salted water 5 minutes, or until al dente. Drain through a
  colander. Rinse under cold running water and set aside. Saut‚ sausage in
  same pan over medium high heat 5-7 minutes, stirring occasionally to break
  up meat until browned. Discard drippings. Transfer sausage to a bowl and
  set aside. Return casserole to heat. Stir in vinegar, scraping up browned
  pieces from bottom of pan. Saut‚ next 4 ingredients 6-7 minutes, stirring
  frequently, until onions are softened. Remove from heat. Stir in tomatoes,
  marinara sauce, sausage and tortellini. Combine remaining ingredients in a
  bowl and toss lightly. Stir half the cheese mixture into pasta. Sprinkle
  remaining cheese mixture over top. Bake 30-35 minutes, or until heated
  through.
  Posted to recipelu-digest by molony &lt;molony@scsn.net&gt; on Mar 02, 1998
 
</step></directions></recipe></recipeml>
