<?xml version="1.0" encoding="UTF-8"?>

<recipeml version="0.5">
  <recipe>
    <head>
      <title>Baked Tomatoes Stuffed with Leeks</title>
      <categories>
        <cat>Side</cat>
        <cat>Tomato</cat>
        <cat>Vegetable</cat>
        <cat>Baked</cat></categories>
      <yield>6</yield></head>
    <ingredients>
      <ing>
        <amt>
          <qty>6</qty>
          <unit>medium</unit></amt>
        <item>Tomatoes</item></ing>
      <ing>
        <amt>
          <qty>1</qty>
          <unit>large</unit></amt>
        <item>Or 2 small leeks</item></ing>
      <ing>
        <amt>
          <qty>4</qty>
          <unit>tablespoons</unit></amt>
        <item>Butter</item></ing>
      <ing>
        <amt>
          <qty/>
          <unit/></amt>
        <item>Salt &amp; freshly ground black pepper</item></ing>
      <ing>
        <amt>
          <qty/>
          <unit/></amt>
        <item>Tabasco sauce</item></ing>
      <ing>
        <amt>
          <qty>3/4</qty>
          <unit>cups</unit></amt>
        <item>Grated Swiss cheese</item></ing>
      <ing>
        <amt>
          <qty>6</qty>
          <unit>tablespoons</unit></amt>
        <item>Dry bread crumbs</item></ing>
      <ing>
        <amt>
          <qty>3</qty>
          <unit>teaspoons</unit></amt>
        <item>Butter</item></ing>
      <ing>
        <amt>
          <qty>3</qty>
          <unit>tablespoons</unit></amt>
        <item>Chopped parsley</item></ing></ingredients>
    <directions>
      <step>     Preheat oven to 400 F.
     Grease a shallow baking dish or pan large enough to hold the 6 tomatoes.
     Wash tomatoes and cut off stem end (not too close). Using a teaspoon,
  scoop out seeds and pulp and discard. Turn tomatoes upside down on paper
  towels to drain and place in baking dish.
     Wash leeks very thoroughly and pat dry.  Cut away the tough green tips.
  Lay the leek pieces flat on a cutting board and slice crosswise very fine.
     Melt the 4 tablespoons butter in a saute' pan, add leeks and cook until
  soft (do not overcook). Season with salt, pepper, and Tabasco.
     Spoon 1/6 of the cooked leeks into each tomato, then a tablespoon of
  cheese and a tablespoon of breadcrumbs over the cheese.  Place a
  half-teaspoon of butter on top of each tomato.  Lower oven temperature to
  350 F and bake for 12 minutes.
     Sprinkle with chopped parsley and serve.
  
  _Classic American Cooking_  Pearl Byrd Foster, 1983 Simon &amp; Schuster ISBN
  0-671-44303-8   Typos by Jeff Pruett
  Posted to recipelu-digest by GramWag &lt;GramWag@aol.com&gt; on Mar 18, 1998
 
</step></directions></recipe></recipeml>
