<?xml version="1.0" encoding="UTF-8"?>

<recipeml version="0.5">
  <recipe>
    <head>
      <title>Baked Vidalia Onions</title>
      <categories>
        <cat>Diabetic</cat>
        <cat>Vegetables</cat>
        <cat>Side dishes</cat></categories>
      <yield>4</yield></head>
    <ingredients>
      <ing>
        <amt>
          <qty>4</qty>
          <unit>large</unit></amt>
        <item>Vadalia onions</item></ing>
      <ing>
        <amt>
          <qty>2</qty>
          <unit>tablespoons</unit></amt>
        <item>Butter =OR=-</item></ing>
      <ing>
        <amt>
          <qty>2</qty>
          <unit>tablespoons</unit></amt>
        <item>Margarine</item></ing>
      <ing>
        <amt>
          <qty>1/4</qty>
          <unit>cups</unit></amt>
        <item>Garlic breadcrumbs</item></ing></ingredients>
    <directions>
      <step>  Cut onion down to the root end in 8 wedges.  Do not cut through the
  root so onion stays together.  Divide butter in 4 pats and place one
  on top of each onion.  Wrap each onion separately in foil.  Sprinkle
  with crumbs and salt and lots of freshly ground pepper to taste. Bake
  at 350 degrees for 45 minutes or until onions are soft. Randy Rigg
  
  Food Exchange per serving: 1 VEGETABLES EXCHANGE + 1 FAT EXCHANGE
  (The fat exchange could and should be cut back even more)
  NO! NOTES: MAKE IT WORK!!!
  
  File ftp://ftp.idiscover.co.uk/pub/food/mealmaster/recipes/diabetic.zip
 
</step></directions></recipe></recipeml>
