<?xml version="1.0" encoding="UTF-8"?>

<recipeml version="0.5">
  <recipe>
    <head>
      <title>Baked Swordfish Castillian</title>
      <categories>
        <cat>Fish</cat></categories>
      <yield>4</yield></head>
    <ingredients>
      <ing>
        <amt>
          <qty>4</qty>
          <unit/></amt>
        <item>Green peppers; shredded</item></ing>
      <ing>
        <amt>
          <qty/>
          <unit/></amt>
        <item>Olive oil</item></ing>
      <ing>
        <amt>
          <qty/>
          <unit/></amt>
        <item>Salt</item></ing>
      <ing>
        <amt>
          <qty/>
          <unit/></amt>
        <item>Freshly ground black pepper</item></ing>
      <ing>
        <amt>
          <qty>1</qty>
          <unit>teaspoon</unit></amt>
        <item>Lemon juice</item></ing>
      <ing>
        <amt>
          <qty>3</qty>
          <unit>medium</unit></amt>
        <item>Onions; chopped</item></ing>
      <ing>
        <amt>
          <qty>3</qty>
          <unit/></amt>
        <item>Cloves garlic; chopped</item></ing>
      <ing>
        <amt>
          <qty>2</qty>
          <unit>cups</unit></amt>
        <item>Stewed or canned tomatoes</item></ing>
      <ing>
        <amt>
          <qty>1</qty>
          <unit>teaspoon</unit></amt>
        <item>Oregano</item></ing>
      <ing>
        <amt>
          <qty>1</qty>
          <unit>teaspoon</unit></amt>
        <item>Chili powder</item></ing>
      <ing>
        <amt>
          <qty>2</qty>
          <unit>tablespoons</unit></amt>
        <item>Chopped parsley</item></ing>
      <ing>
        <amt>
          <qty/>
          <unit/></amt>
        <item>Fresh coriander or cilantro</item></ing>
      <ing>
        <amt>
          <qty>1</qty>
          <unit/></amt>
        <item>Thick swordfish steak</item></ing>
      <ing>
        <amt>
          <qty/>
          <unit/></amt>
        <item>Butter</item></ing></ingredients>
    <directions>
      <step>  From: plgold@ix.netcom.com (Pat Gold) (COLLECTION)
  
  Date: Thu, 29 Jun 1995 15:26:38 GMT
  
  Source: Swordfish Recipes, James Beard, New Fish Cookery
  
  Saute the peppers in the oil, season to taste, and add the lemon juice.
  Saute the onions and garlic in oil.  Add the tomatoes, oregano, chili
  powder, parsley, and coriander (or cilantro), if available. Simmer for 25
  minutes.
  
  Place the steak in an oiled baking dish.  Dot it with butter and season
  with salt and pepper. Bake at 425-degrees acording to the Canadian theory
  (cook fish EXACTLY 10 minutes per inch, measured at the thickest part of
  the fish). Pour the sauce over the fish, top it with the green peppers, and
  return it to the oven for 5 minutes to blend thoroughly. Serve with rice
  and sauted eggplant.
  
  REC.FOOD.RECIPES ARCHIVES
  
  /FISH
  
  From rec.food.cooking archives.  Downloaded from Glen's MM Recipe Archive,
  http://www.erols.com/hosey.
 
</step></directions></recipe></recipeml>
