<?xml version="1.0" encoding="UTF-8"?>

<recipeml version="0.5">
  <recipe>
    <head>
      <title>Baked Vegetable and Seafood Won Tons</title>
      <categories>
        <cat>Oriental</cat>
        <cat>Mc</cat></categories>
      <yield>1</yield></head>
    <ingredients>
      <ing>
        <amt>
          <qty>1</qty>
          <unit/></amt>
        <item>Envelope vegetable soup mix</item></ing>
      <ing>
        <amt>
          <qty>15</qty>
          <unit>ounces</unit></amt>
        <item>Ricotta cheese</item></ing>
      <ing>
        <amt>
          <qty>1/2</qty>
          <unit>pounds</unit></amt>
        <item>Imitation crabmeat; chopped</item></ing>
      <ing>
        <amt>
          <qty>1/4</qty>
          <unit>teaspoons</unit></amt>
        <item>Garlic powder</item></ing>
      <ing>
        <amt>
          <qty>1/8</qty>
          <unit>teaspoons</unit></amt>
        <item>Black pepper</item></ing>
      <ing>
        <amt>
          <qty>40</qty>
          <unit/></amt>
        <item>Won ton wrappers</item></ing>
      <ing>
        <amt>
          <qty>1</qty>
          <unit>tablespoon</unit></amt>
        <item>Vegetable or olive oil</item></ing></ingredients>
    <directions>
      <step>  Preheat oven to 350~F.
  
  In a medium bowl, combine soup mix, cheese, crab, garlic powder and pepper
  Place 1 Tablespoon mixture on center of each won ton. Brush edges with
  water; fold each corner into center and press to seal. Arrange seam side
  down on lightly greased cookie sheet; brush wontons with oil. Bake 25
  minutes or until crisp and golden brown, turning once.
  
  Variation: Use 1 1/2 cup chopped shrimp in place of crab.
  
  Note: If not going to bake immediately, cover filled won tons with damp
  cloth until ready to bake, then brush with oil.
  Recipe By     : ak399@cleveland.Freenet.Edu (Carole A. Resnick)
  
  Posted to MC-Recipe Digest V1 #250
  
  Date: Fri, 18 Oct 1996 10:03:02 -0400
  
  From: kmeade@IDS2.IDSONLINE.COM (The Meades)
 
</step></directions></recipe></recipeml>
