<?xml version="1.0" encoding="UTF-8"?>

<recipeml version="0.5">
  <recipe>
    <head>
      <title>Baked Tuna and Noodles</title>
      <categories>
        <cat/></categories>
      <yield>100</yield></head>
    <ingredients>
      <ing>
        <amt>
          <qty>2 1/2</qty>
          <unit>gallons</unit></amt>
        <item>WATER; WARM</item></ing>
      <ing>
        <amt>
          <qty>2 1/4</qty>
          <unit>gallons</unit></amt>
        <item>WATER; BOILING</item></ing>
      <ing>
        <amt>
          <qty>15</qty>
          <unit>pounds</unit></amt>
        <item>TUNA LIGHT MEAT 4 LB</item></ing>
      <ing>
        <amt>
          <qty>3/4</qty>
          <unit>cups</unit></amt>
        <item>BUTTER PRINT SURE</item></ing>
      <ing>
        <amt>
          <qty>2 1/4</qty>
          <unit>pounds</unit></amt>
        <item>MILK; DRY NON-FAT L HEAT</item></ing>
      <ing>
        <amt>
          <qty>4</qty>
          <unit>pounds</unit></amt>
        <item>CELERY FRESH</item></ing>
      <ing>
        <amt>
          <qty>3/4</qty>
          <unit>pounds</unit></amt>
        <item>PIMENTOS 7 OZ</item></ing>
      <ing>
        <amt>
          <qty>5/8</qty>
          <unit>pounds</unit></amt>
        <item>ONIONS DRY</item></ing>
      <ing>
        <amt>
          <qty>4 1/2</qty>
          <unit>pounds</unit></amt>
        <item>NOODLE EGGS 5LB</item></ing>
      <ing>
        <amt>
          <qty>3</qty>
          <unit>cups</unit></amt>
        <item>BREAD SNDWICH 22OZ #51</item></ing>
      <ing>
        <amt>
          <qty>1 1/3</qty>
          <unit>pounds</unit></amt>
        <item>FLOUR GEN PURPOSE 10LB</item></ing>
      <ing>
        <amt>
          <qty>2</qty>
          <unit>pounds</unit></amt>
        <item>SHORTENING; 3LB</item></ing>
      <ing>
        <amt>
          <qty>3</qty>
          <unit>tablespoons</unit></amt>
        <item>PAPRIKA GROUND</item></ing>
      <ing>
        <amt>
          <qty>8</qty>
          <unit>teaspoons</unit></amt>
        <item>SALT TABLE 5LB</item></ing>
      <ing>
        <amt>
          <qty>4</qty>
          <unit>teaspoons</unit></amt>
        <item>SALT TABLE 5LB</item></ing>
      <ing>
        <amt>
          <qty>PAN:</qty>
          <unit>18</unit></amt>
        <item>BY 24-INCH ROASTING PAN             TEMPERATURE:  375 F. OVEN</item></ing></ingredients>
    <directions>
      <step>  1.  DRAIN TUNA; DISCARD JUICE; FLAKE. SET ASIDE FOR USE IN STEP 7.
  
  2.  COOK NOODLES IN SALTED WATER 8 MINUTES OR UNTIL TENDER.  DRAIN.  SET
  ASIDE FOR USE IN STEP 7.
  
  3.  RECONSTITUTE MILK; HEAT TO JUST BELOW BOILING. DO NOT BOIL.
  
  4.  BLEND FLOUR, SALT, AND SALAD OIL OR SHORTENING TOGETHER; STIR UNTIL
  SMOOTH.
  
  5.  ADD MILK TO ROUX, STIRRING CONSTANTLY.  SIMMER 10-15 MINUTES OR UNTIL
  THICKENED.  STIR AS NECESSARY.
  
  6.  ADD CELERY AND ONIONS TO SAUCE; BRING TO A BOIL, STIRRING CONSTANTLY TO
  PREVENT BURNING.
  
  7.  COMBINE TUNA, NOODLES AND PIMIENTOS WITH SAUCE. MIX WELL.
  
  8.  POUR ABOUT 13 LB 12 OZ (6 1/2 QT) MIXTURE INTO EACH GREASED PAN.
  
  9.  COMBINE CRUMBS, BUTTER OR MARGARINE AND PAPRIKA. SPRINKLE 4 1/2 OZ (1
  CUP
  OVER MIXTURE IN EACH PAN.
  
  10. BAKE ABOUT 45 MINUTES OR UNTIL BROWN &amp; BUBBLY.
  
  NOTE:  1.  IN STEP 1, 35-16 1/2 OZ CN OR 19-13 OZ CN CANNED TUNA MAY BE
  USED.
  
  NOTE:  2.  IN STEP 6, 5 LB 18 OZ FRESH CELEREY A.P. WILL YIELD 4 LB CELERY,
  SLICED THIN AND 11 OZ DRY ONIONS A.P. WILL YIELD 10 OZ CHOPPED ONIONS.
  
  NOTE:  3.  IN STEP 6, 1 1/4 OZ (7 TBSP) DEHYDRATED ONIONS MAY BE USED. SEE
  RECIPE A01100.
  
  NOTE:  4.  IN STEP 10, IF CONVECTION OVEN IS USED, BAKE AT 325F., 35
  MINUTES
  ON HIGH FAN, CLOSED VENT.
  
  NOTE:  5.  OTHER SIZES AND TYPES OF PANS MAY BE USED. SEE RECIPE CARD
  A02500.
  
  Recipe Number: L13300
  
  SERVING SIZE: 1 1/3 CUP
  
  From the &lt;Army Master Recipe Index File&gt; (actually used today!).
  Downloaded from Glen's MM Recipe Archive, http://www.erols.com/hosey.
 
</step></directions></recipe></recipeml>
