<?xml version="1.0" encoding="UTF-8"?>

<recipeml version="0.5">
  <recipe>
    <head>
      <title>Baked Swiss Steak (Grdg72b)</title>
      <categories>
        <cat>Casseroles</cat>
        <cat>Main dish</cat>
        <cat>Beef</cat></categories>
      <yield>8</yield></head>
    <ingredients>
      <ing>
        <amt>
          <qty>2</qty>
          <unit>pounds</unit></amt>
        <item>Round steak,)</item></ing>
      <ing>
        <amt>
          <qty>1/3</qty>
          <unit>cups</unit></amt>
        <item>Flour</item></ing>
      <ing>
        <amt>
          <qty>1/4</qty>
          <unit>cups</unit></amt>
        <item>Oil or shortening</item></ing>
      <ing>
        <amt>
          <qty>1 1/2</qty>
          <unit>teaspoons</unit></amt>
        <item>Salt optional</item></ing>
      <ing>
        <amt>
          <qty>1/8</qty>
          <unit>teaspoons</unit></amt>
        <item>Pepper</item></ing>
      <ing>
        <amt>
          <qty>2</qty>
          <unit/></amt>
        <item>Onions; thinly sliced</item></ing>
      <ing>
        <amt>
          <qty>1</qty>
          <unit>can</unit></amt>
        <item>Whole tomatoes</item></ing>
      <ing>
        <amt>
          <qty>1</qty>
          <unit>tablespoon</unit></amt>
        <item>Worcestershire sauce</item></ing></ingredients>
    <directions>
      <step>    Trim fat from steak and cut into serving pieces. Pound flour into both
  sides of steak. Heat fat in skillet; brown steak on both sides, season with
  salt and pepper. Place in Pyrex dish; cover with onion slices. In the same
  skillet, heat tomatoes, loosening brown bits from the bottom of the
  skillet. Add Worcestershire sauce and season to taste with salt and pepper.
  Pour over steak, cover with lid or foil and bake at 350 for 2--2-1/2 hours,
  till fork tender.
       Serve over rice, buttered noodles or mashed potatoes. FROM: JEAN ALLEN
  (GRDG72B)
  
  Posted to MM-Recipes Digest V4 #189 by "Griff" &lt;wgriffin@ix.netcom.com&gt; on
  Jul 22, 1997
 
</step></directions></recipe></recipeml>
