<?xml version="1.0" encoding="UTF-8"?>

<recipeml version="0.5">
  <recipe>
    <head>
      <title>Baked Yams in Orange Juice</title>
      <categories>
        <cat>None</cat></categories>
      <yield>6 -  8</yield></head>
    <ingredients>
      <ing>
        <amt>
          <qty>6</qty>
          <unit/></amt>
        <item>Yams Medium size .Cut in rounds 1 cm thick.</item></ing>
      <ing>
        <amt>
          <qty>2</qty>
          <unit/></amt>
        <item>Tabl Butter</item></ing>
      <ing>
        <amt>
          <qty>2</qty>
          <unit/></amt>
        <item>Tabl Brown sugar</item></ing>
      <ing>
        <amt>
          <qty>1/2</qty>
          <unit>teaspoons</unit></amt>
        <item>Cinnamon</item></ing>
      <ing>
        <amt>
          <qty>1/2</qty>
          <unit>cups</unit></amt>
        <item>Orange juice</item></ing>
      <ing>
        <amt>
          <qty>1</qty>
          <unit>pinch</unit></amt>
        <item>Salt.</item></ing></ingredients>
    <directions>
      <step>  Source: From my mother with love &amp; more Family recipe.
  
  Mix sugar with the cinnamon and salt. Arrange yams in layer in a rectangle
  Pirex dish , Sprinkle between the layers the sugar and cinnamon. Dot on top
  the butter, and pour over all the orange juice. Cover with nylon wrap, and
  Micro on high for 10 minutes. Bake in pre heated 350 F hot oven ,uncovered
  for 35- 45 minutes, till it become nicely brown color, You should baste
  from time to time. Yamy, Yamy.
  
  Posted to JEWISH-FOOD digest by Zvi &amp; Rina Perry &lt;pzvi@netvision.net.il&gt; on
  Feb 19, 1998
 
</step></directions></recipe></recipeml>
