<?xml version="1.0" encoding="UTF-8"?>

<recipeml version="0.5">
  <recipe>
    <head>
      <title>Baked Tortilla Chips</title>
      <categories>
        <cat>New</cat>
        <cat>Text</cat>
        <cat>Import</cat></categories>
      <yield>1</yield></head>
    <ingredients>
      <ing-div>
        <title>BRINE</title>
        <ing>
          <amt>
            <qty>2</qty>
            <unit>tablespoons</unit></amt>
          <item>Salt</item></ing>
        <ing>
          <amt>
            <qty>1</qty>
            <unit>teaspoon</unit></amt>
          <item>Cayenne</item></ing>
        <ing>
          <amt>
            <qty>1</qty>
            <unit/></amt>
          <item>Lime, Juice of</item></ing>
        <ing>
          <amt>
            <qty>2</qty>
            <unit>cups</unit></amt>
          <item>Water</item></ing>
        <ing>
          <amt>
            <qty>2</qty>
            <unit>tablespoons</unit></amt>
          <item>Vegetable oil</item></ing>
        <ing>
          <amt>
            <qty>12</qty>
            <unit/></amt>
          <item>Stale corn tortillas</item></ing></ing-div></ingredients>
    <directions>
      <step>  Preheat the oven to 325 degrees. In a medium saucepan, mix the brine
  ingredients, warm over a low heat and whisk thoroughly. Cut the stale
  tortillas into strips or wedges. (If the tortillas are fresh, dry them by
  spreading them on a baking sheet and letting them sit out, room
  temperature, for 1 hour or more.) Briefly dip the tortilla pieces into the
  brine, then shake off the excess water. (A longer soaking in the brine will
  make the tortillas take on a more pronounced flavor.) Spread the prepared
  tortilla chips in a single layer on a baking sheet. Bake, turning
  occasionally, until they are crisp and golden brown, about 12 to 15
  minutes.
  
  Yield: 4 to 6 servings
  Posted to MC-Recipe Digest V1 #331
  
  Recipe by: TOO HOT TAMALES SHOW #TH6274
  
  From: Meg Antczak &lt;meginny@frontiernet.net&gt;
  
  Date: Fri, 6 Dec 1996 08:08:48 -0500
 
</step></directions></recipe></recipeml>
