<?xml version="1.0" encoding="UTF-8"?>

<recipeml version="0.5">
  <recipe>
    <head>
      <title>Baked Sweet Red and Yellow Pepper Wedges</title>
      <categories>
        <cat>Appetizers</cat></categories>
      <yield>6</yield></head>
    <ingredients>
      <ing>
        <amt>
          <qty>2</qty>
          <unit>medium</unit></amt>
        <item>Size sweet red peppers</item></ing>
      <ing>
        <amt>
          <qty>2</qty>
          <unit>medium</unit></amt>
        <item>Size sweet yellow pepper</item></ing>
      <ing>
        <amt>
          <qty>1</qty>
          <unit>medium</unit></amt>
        <item>Size onion fine chopped</item></ing>
      <ing>
        <amt>
          <qty>1</qty>
          <unit>can</unit></amt>
        <item>(28-oz) crushed tomatoes well drained</item></ing>
      <ing>
        <amt>
          <qty>1/4</qty>
          <unit>cups</unit></amt>
        <item>Chopped fresh parsley</item></ing>
      <ing>
        <amt>
          <qty>1/4</qty>
          <unit>cups</unit></amt>
        <item>+ 2 tablespoon olive oil</item></ing>
      <ing>
        <amt>
          <qty>3</qty>
          <unit>tablespoons</unit></amt>
        <item>Pine nuts</item></ing>
      <ing>
        <amt>
          <qty>4</qty>
          <unit/></amt>
        <item>Clove garlic fine chopped</item></ing>
      <ing>
        <amt>
          <qty>1</qty>
          <unit>teaspoon</unit></amt>
        <item>Salt</item></ing>
      <ing>
        <amt>
          <qty>1/4</qty>
          <unit>teaspoons</unit></amt>
        <item>Pepper</item></ing>
      <ing>
        <amt>
          <qty>1/4</qty>
          <unit>cups</unit></amt>
        <item>Fresh bread crumbs</item></ing></ingredients>
    <directions>
      <step>  Preheat oven to 375 degrees. Lightly oil 13 x 9 inch baking pan. Trim tops
  off peppers; discard stems and finely chop tops. CUt each pepper lengthwise
  into sixths. Place wedges, cut side up, in oiled pan; set aside. Combine
  pepper tops, onion, tomatoes, parsley, the 1/ 4 cup olive oil, pine nuts,
  garlic, salt and pepper in medium size bowl. Spoon equal amounts of mixture
  into each of the pepper wedges. Bake wedges in preheated oven at 375
  degrees for 25-30 minutes or until just tender. Sprinkle bread crumbs and
  remaining 2 tablespoon oil over all. Bake 10 minutes longer.
  
  From Gemini's MASSIVE MealMaster collection at www.synapse.com/~gemini
 
</step></directions></recipe></recipeml>
