<?xml version="1.0" encoding="UTF-8"?>

<recipeml version="0.5">
  <recipe>
    <head>
      <title>Baked Turkey and Noodles</title>
      <categories>
        <cat/></categories>
      <yield>100</yield></head>
    <ingredients>
      <ing>
        <amt>
          <qty>3 3/4</qty>
          <unit>quarts</unit></amt>
        <item>WATER; WARM</item></ing>
      <ing>
        <amt>
          <qty>3 1/2</qty>
          <unit>gallons</unit></amt>
        <item>WATER; BOILING</item></ing>
      <ing>
        <amt>
          <qty>2</qty>
          <unit>gallons</unit></amt>
        <item>WATER QUANTITY ERROR18 13/16</item></ing>
      <ing>
        <amt>
          <qty>2</qty>
          <unit>cups</unit></amt>
        <item>CHEESE CHEDDER</item></ing>
      <ing>
        <amt>
          <qty>1</qty>
          <unit>cup</unit></amt>
        <item>BUTTER PRINT SURE</item></ing>
      <ing>
        <amt>
          <qty>2 7/8</qty>
          <unit>cups</unit></amt>
        <item>MILK; DRY NON-FAT L HEAT</item></ing>
      <ing>
        <amt>
          <qty>4</qty>
          <unit>pounds</unit></amt>
        <item>NOODLE EGGS 5LB</item></ing>
      <ing>
        <amt>
          <qty>1</qty>
          <unit>pound</unit></amt>
        <item>BREAD SNDWICH 22OZ #51</item></ing>
      <ing>
        <amt>
          <qty>1 3/4</qty>
          <unit>pounds</unit></amt>
        <item>FLOUR GEN PURPOSE 10LB</item></ing>
      <ing>
        <amt>
          <qty>1 1/4</qty>
          <unit>cups</unit></amt>
        <item>SOUP GRAVY BASE CHICKEN</item></ing>
      <ing>
        <amt>
          <qty>1 1/2</qty>
          <unit>pounds</unit></amt>
        <item>SHORTENING; 3LB</item></ing>
      <ing>
        <amt>
          <qty>1</qty>
          <unit>tablespoon</unit></amt>
        <item>PEPPER BLACK 1 LB CN</item></ing>
      <ing>
        <amt>
          <qty>3</qty>
          <unit>tablespoons</unit></amt>
        <item>SALT TABLE 5LB</item></ing>
      <ing>
        <amt>
          <qty>2</qty>
          <unit>tablespoons</unit></amt>
        <item>SALT TABLE 5LB</item></ing>
      <ing>
        <amt>
          <qty>PAN:</qty>
          <unit>18</unit></amt>
        <item>BY 24-INCH ROASTING PAN                TEMPERATURE:  350 F. OVEN</item></ing></ingredients>
    <directions>
      <step>  :
  
  1.  CUT TURKEY INTO 1 INCH PIECES.
  
  2.  COOK NOODLES IN SALTED WATER 15 MINUTES OR UNTIL TENDER. DRAIN. PLACE
  1 GAL NOODLES IN EACH GREASED PAN.  SET ASIDE FOR USE IN STEP 7.
  
  3.  BLEND SHORTENING AND FLOUR TOGETHER; MIX UNTIL SMOOTH.
  
  4.  USE SOUP AND GRAVY BASE, CHICKEN FOR STOCK.  SEE RECIPE NO. A01200.
  
  5.  RECONSTITUTE MILK.
  
  6.  ADD MILK, SALT AND PEPPER TO STOCK MIXTURE, STIRRING CONSTANTLY. COOK
  UNTIL SMOOTH AND THICKENED.
  
  7.  ADD TURKEY.  MIX THOROUGHLY.  POUR ABOUT 2 GAL SAUCE OVER NOODLES IN
  EACH
  PAN.
  
  8.  COMBINE CRUMBS, BUTTER OR MARGARINE, AND CHEESE.  SPRINKLE EQUAL AMOUNT
  OVER TURKEY AND NOODLES IN EACH PAN.
  
  9.  BAKE 30 MINUTES OR UNTIL BROWNED.
  :
  **ALL NOTES ARE PER 100 PORTIONS.
  
  NOTE:  1.  OTHER SIZES AND TYPES OF PANS MAY BE USED. SEE RECIPE NO.
  A02500.
  
  2.  TWO-NO. 8 SCOOPS MAY BE USED.  SEE RECIPE NO. A-4.
  
  Recipe Number: L14403
  
  SERVING SIZE: 1 CUP (8 1
  
  From the &lt;Army Master Recipe Index File&gt; (actually used today!).
  Downloaded from Glen's MM Recipe Archive, http://www.erols.com/hosey.
 
</step></directions></recipe></recipeml>
