<?xml version="1.0" encoding="UTF-8"?>

<recipeml version="0.5">
  <recipe>
    <head>
      <title>"Basic Salsa with Any Kind of Dry Chiles"</title>
      <categories>
        <cat>Mexican</cat></categories>
      <yield>4</yield></head>
    <ingredients>
      <ing>
        <amt>
          <qty>6</qty>
          <unit>large</unit></amt>
        <item>Chiles dry (morita or mulato</item></ing>
      <ing>
        <amt>
          <qty/>
          <unit/></amt>
        <item>Or guajillo or any kind) if</item></ing>
      <ing>
        <amt>
          <qty/>
          <unit/></amt>
        <item>The chiles are littles like</item></ing>
      <ing>
        <amt>
          <qty/>
          <unit/></amt>
        <item>Jalapeños or serranos, use</item></ing>
      <ing>
        <amt>
          <qty/>
          <unit/></amt>
        <item>15 chiles.</item></ing>
      <ing>
        <amt>
          <qty>1/2</qty>
          <unit>medium</unit></amt>
        <item>Onion</item></ing>
      <ing>
        <amt>
          <qty>1/4</qty>
          <unit>cups</unit></amt>
        <item>Vinegar</item></ing>
      <ing>
        <amt>
          <qty>1</qty>
          <unit>small</unit></amt>
        <item>Clove of garlic</item></ing>
      <ing>
        <amt>
          <qty/>
          <unit/></amt>
        <item>Salt</item></ing>
      <ing>
        <amt>
          <qty/>
          <unit/></amt>
        <item>Vegetable oil</item></ing></ingredients>
    <directions>
      <step>  The kind of chiles that you use determine the final flavor, you can
  experiment with different kinds or mixing the different kinds of chiles.
  But this is the basic recipe for prepare salsas with dry chiles.
  
  Wash the chiles in water and discard the seeds and threads of chiles. Let
  stand in water at least 2 or 3 hours or all the night, if you do not have
  time let the chiles in warm water at least 30 min. Then ground with the
  other ingredients and in a sauce pan put a little amount of vegetable oil
  when it will be warm add the salsa and cook 30 min or more, the flavor of
  vineagar have to disapear, add water if need. When it is cook you can use
  for "Chilaquiles", "Enchiladas", and eggs.
  
  From Gemini's MASSIVE MealMaster collection at www.synapse.com/~gemini
 
</step></directions></recipe></recipeml>
