<?xml version="1.0" encoding="UTF-8"?>

<recipeml version="0.5">
  <recipe>
    <head>
      <title>W African Pineapple Quencher</title>
      <categories>
        <cat>None</cat></categories>
      <yield>8</yield></head>
    <ingredients>
      <ing>
        <amt>
          <qty>1</qty>
          <unit>medium</unit></amt>
        <item>Pineapple; cut in half lenghtwise, pared, and cored, (rinse and reverse peel)</item></ing>
      <ing>
        <amt>
          <qty>4</qty>
          <unit/></amt>
        <item>Whole cloves; (up to 6)</item></ing>
      <ing>
        <amt>
          <qty>1/2</qty>
          <unit>cups</unit></amt>
        <item>Water</item></ing>
      <ing>
        <amt>
          <qty/>
          <unit/></amt>
        <item>Peel from 1 small orange; pith &amp; white membrane removed</item></ing>
      <ing>
        <amt>
          <qty>1</qty>
          <unit>quart</unit></amt>
        <item>Boiling water</item></ing>
      <ing>
        <amt>
          <qty>2</qty>
          <unit>tablespoons</unit></amt>
        <item>Granulated sugar</item></ing>
      <ing>
        <amt>
          <qty/>
          <unit/></amt>
        <item>Garnish: mint sprigs</item></ing></ingredients>
    <directions>
      <step>  Cut 1 pineapple half into small pieces and transfer pieces to large glass
  or stainless-steel bowl; wrap remaining fruit in plastice wrap and
  refridgerate for use at another time. Stud pineapple peel with cloves and
  add to bowl with pineapple.
  
  In small saucepan bring 1/2 cup water to a full boil; add orange peel and
  cook for 2 minutes. Drain peel and add to pineapple; add boiling water and
  sugar and stir to combine. Cover with plastic wrap and let stand at room
  temperature for 24 hours.
  
  Strain liquid, reserving liquid and fruit and discarding pineapple peel
  with cloves and orange peel. In blender container, in batches, process
  pineapple with liquid until smooth; transfer to 2-quart pitcher, cover, and
  refridgerate until whilled. Serve over ice in chilled glassed and garnish
  each partion with a mint sprig.
  
  Posted to MC-Recipe Digest V1 #1069 by Dianne Weinsaft &lt;dee@ncsi.net&gt; on
  Feb 1, 1998
 
</step></directions></recipe></recipeml>
