<?xml version="1.0" encoding="UTF-8"?>

<recipeml version="0.5">
  <recipe>
    <head>
      <title>Walnut Onion Bread for the Abm</title>
      <categories>
        <cat>None</cat></categories>
      <yield>1</yield></head>
    <ingredients>
      <ing>
        <amt>
          <qty>3</qty>
          <unit>cups</unit></amt>
        <item>Bread flour + or -</item></ing>
      <ing>
        <amt>
          <qty>1</qty>
          <unit>teaspoon</unit></amt>
        <item>Salt</item></ing>
      <ing>
        <amt>
          <qty>2</qty>
          <unit>tablespoons</unit></amt>
        <item>Sugar</item></ing>
      <ing>
        <amt>
          <qty>2</qty>
          <unit>teaspoons</unit></amt>
        <item>Active dry yeast</item></ing>
      <ing>
        <amt>
          <qty>1</qty>
          <unit>cup</unit></amt>
        <item>Milk ( or water )+ or -</item></ing>
      <ing>
        <amt>
          <qty>1/4</qty>
          <unit>cups</unit></amt>
        <item>Oil</item></ing>
      <ing>
        <amt>
          <qty>1/4</qty>
          <unit>cups</unit></amt>
        <item>Chopped walnuts</item></ing>
      <ing>
        <amt>
          <qty>1/4</qty>
          <unit>cups</unit></amt>
        <item>Chopped onion</item></ing></ingredients>
    <directions>
      <step>  Place ingredients in the order as instructed by manufacturer.Add more flour
  or water or whatever the case to get the plaible non sticky dough
  consisitency. During the last 10 minutes of the last kneading cycle ( or if
  your machine beeps to indicate additions ) add the nuts and onions. I use
  the regular cycle for white bread ( my machine is a toastmaster)
  
  Note: often some breads made with walnuts will have a reddish brown
  discoloration coming from the nuts.It doesnt alter the taste though.
  
  Posted to Digest bread-bakers.v096.n052
  
  Date: Tue, 29 Oct 1996 09:06:42 -0500 (EST)
  
  From: LIR119@delphi.com
 
</step></directions></recipe></recipeml>
