<?xml version="1.0" encoding="UTF-8"?>

<recipeml version="0.5">
  <recipe>
    <head>
      <title>Walnut Pilaf</title>
      <categories>
        <cat>Side dish</cat>
        <cat>Wt-watchers</cat></categories>
      <yield>4</yield></head>
    <ingredients>
      <ing>
        <amt>
          <qty>2</qty>
          <unit>ounces</unit></amt>
        <item>Ca. walnuts, chopped (reserve 4 halves for garnish)</item></ing>
      <ing>
        <amt>
          <qty>4</qty>
          <unit>cups</unit></amt>
        <item>Sliced mushrooms</item></ing>
      <ing>
        <amt>
          <qty>1/4</qty>
          <unit>cups</unit></amt>
        <item>Minced onion</item></ing>
      <ing>
        <amt>
          <qty>4</qty>
          <unit>ounces</unit></amt>
        <item>Brown rice</item></ing>
      <ing>
        <amt>
          <qty>1 1/2</qty>
          <unit>cups</unit></amt>
        <item>Low-sodium beef broth OR- vegetable broth</item></ing>
      <ing>
        <amt>
          <qty>1</qty>
          <unit>tablespoon</unit></amt>
        <item>Balsamic vinegar</item></ing>
      <ing>
        <amt>
          <qty>2</qty>
          <unit>teaspoons</unit></amt>
        <item>Aromatic bitters</item></ing>
      <ing>
        <amt>
          <qty>1/2</qty>
          <unit>teaspoons</unit></amt>
        <item>Crushed dried rosemary</item></ing>
      <ing>
        <amt>
          <qty>1/2</qty>
          <unit>teaspoons</unit></amt>
        <item>Pepper</item></ing>
      <ing>
        <amt>
          <qty>2</qty>
          <unit>tablespoons</unit></amt>
        <item>Minced parsley</item></ing></ingredients>
    <directions>
      <step>  Preheat oven to 350 F.  Spread walnuts evenly on a cookie sheet; bake
  10-12 minutes until fragrant and lightly toasted.  Set aside.
  
  Heat a large nonstick skillet over medium-high heat for 1 minute.  Add
  mushrooms and onion; cook, stirring often for about 10 minutes, until
  mushroom liquid has evaporated and onion is golden brown.
  
  Add rice, broth, vinegar, bitters, rosemary and pepper; bring to a boil.
  Reduce heat, cover and simmer 40 minutes until rice is tender and liquid
  is absorbed.
  
  Add reserved walnuts; toss to combine.  Sprinkle with parsley, garnish
  with walnut halves and serve.
  
  Each serving (1 cup) provides:
  * 1 FA, 2-1/4 V, 1/2 P, 1 B, 10 C.
  
  Per serving:
  * 231 cal, 6 g pro, 30 g car,
  * 10 g fat: 6 g poly, 2 g mono, 1 g sat
  * 10 g sod, 0 mg chol
  
  Source: Wonderful World of Walnuts &amp; Rice
  (Weight Watchers Magazine in association with The Rice Council
    and The Walnut Marketing Board)
  
  Reprinted with permission from USA Rice Council
  Electronic format courtesy of Karen Mintzias
  
  File ftp://ftp.idiscover.co.uk/pub/food/mealmaster/recipes/usarice.zip
 
</step></directions></recipe></recipeml>
