<?xml version="1.0" encoding="UTF-8"?>

<recipeml version="0.5">
  <recipe>
    <head>
      <title>Walnut Corn Bread Twists</title>
      <categories>
        <cat>Breads</cat></categories>
      <yield>8</yield></head>
    <ingredients>
      <ing>
        <amt>
          <qty>1</qty>
          <unit>large</unit></amt>
        <item>Egg White</item></ing>
      <ing>
        <amt>
          <qty>3/4</qty>
          <unit>cups</unit></amt>
        <item>Walnuts; Chopped</item></ing>
      <ing>
        <amt>
          <qty>1</qty>
          <unit>can</unit></amt>
        <item>(11 1/2 Oz) Refrigerated Corn Bread Twists</item></ing></ingredients>
    <directions>
      <step>  Preheat oven to 375F. In pie plate, beat egg white. Place nuts on waxed
  paper. Prepare twists as label directs. Roll twists in egg white, then in
  nuts; place on greased cookie sheet. Bake 15 to 18 minutes until golden.
  
  Recipe by: Good Housekeeping/March 1995
  
  Posted to recipelu-digest by Rodeo46898 &lt;Rodeo46898@aol.com&gt; on Mar 2, 1998
 
</step></directions></recipe></recipeml>
