<?xml version="1.0" encoding="UTF-8"?>

<recipeml version="0.5">
  <recipe>
    <head>
      <title>Walnut Pie</title>
      <categories>
        <cat/></categories>
      <yield>100</yield></head>
    <ingredients>
      <ing>
        <amt>
          <qty>2 13/16</qty>
          <unit>cups</unit></amt>
        <item>WATER; COLD</item></ing>
      <ing>
        <amt>
          <qty>12</qty>
          <unit>ounces</unit></amt>
        <item>BUTTER PRINT SURE</item></ing>
      <ing>
        <amt>
          <qty>60</qty>
          <unit/></amt>
        <item>EGGS SHELL</item></ing>
      <ing>
        <amt>
          <qty>6</qty>
          <unit>pounds</unit></amt>
        <item>FLOUR GEN PURPOSE 10LB</item></ing>
      <ing>
        <amt>
          <qty>2 1/2</qty>
          <unit>pounds</unit></amt>
        <item>NUTS MIX SHELL #10</item></ing>
      <ing>
        <amt>
          <qty>1</qty>
          <unit>gallon</unit></amt>
        <item>SYRUP; IMIT MAPLE, #10</item></ing>
      <ing>
        <amt>
          <qty>5</qty>
          <unit>pounds</unit></amt>
        <item>SUGAR; GRANULATED 10 LB</item></ing>
      <ing>
        <amt>
          <qty>3 9/16</qty>
          <unit>pounds</unit></amt>
        <item>SHORTENING; 3LB</item></ing>
      <ing>
        <amt>
          <qty>2</qty>
          <unit>ounces</unit></amt>
        <item>IMITATION VANILLA</item></ing>
      <ing>
        <amt>
          <qty>1</qty>
          <unit>ounce</unit></amt>
        <item>SALT TABLE 5LB</item></ing>
      <ing>
        <amt>
          <qty>3</qty>
          <unit>ounces</unit></amt>
        <item>SALT TABLE 5LB</item></ing></ingredients>
    <directions>
      <step>  PAN:  9-INCH PIE PAN                         TEMPERATURE:  350 F. OVEN
  
  1.  SEE RECIPE NO. I-G-1 AND I-1.
  
  2.  PLACE EGGS IN MIXER BOWL ; ADD SUGAR GRADUALLY WHILE BEATING AT LOW
  SPEED
  ADD BUTTER OR MARGARINE; MIX THOROUGHLY.
  
  3.  ADD SYRUP, VANILLA, AND SALT; BEAT AT LOW SPEED UNTIL SMOOTH.
  
  4.  PLACE 3 OZ (3/4 CUP) WALNUTS INTO EACH UNBAKED PIE SHELL.
  
  5.  POUR ABOUT 2 3/4 CUP FILLING OVER PECANS IN EACH PIE PAN.
  
  6.  BAKE 35 MINUTES OR UNTIL FILLING IS SET. DO NOT OVERBAKE.
  
  7.  REFRIGERATE UNTIL READY TO SERVE.
  
  8.  CUT 8 WEDGES PER PIE.
  
  Recipe Number: I04001
  
  SERVING SIZE: 1/8 PIE
  
  From the &lt;Army Master Recipe Index File&gt; (actually used today!).
  Downloaded from Glen's MM Recipe Archive, http://www.erols.com/hosey.
 
</step></directions></recipe></recipeml>
