<?xml version="1.0" encoding="UTF-8"?>

<recipeml version="0.5">
  <recipe>
    <head>
      <title>Walnut Refrigerator Cookies</title>
      <categories>
        <cat>Cookies</cat></categories>
      <yield>1</yield></head>
    <ingredients>
      <ing>
        <amt>
          <qty>1</qty>
          <unit>cup</unit></amt>
        <item>Butter Or Margarine</item></ing>
      <ing>
        <amt>
          <qty>2</qty>
          <unit>cups</unit></amt>
        <item>Brown Sugar; Light</item></ing>
      <ing>
        <amt>
          <qty>2</qty>
          <unit/></amt>
        <item>Whole Eggs</item></ing>
      <ing>
        <amt>
          <qty>3</qty>
          <unit>cups</unit></amt>
        <item>Flour</item></ing>
      <ing>
        <amt>
          <qty>3 1/2</qty>
          <unit>teaspoons</unit></amt>
        <item>Baking Powder</item></ing>
      <ing>
        <amt>
          <qty>1/2</qty>
          <unit>teaspoons</unit></amt>
        <item>Salt</item></ing>
      <ing>
        <amt>
          <qty>1</qty>
          <unit>cup</unit></amt>
        <item>Chopped Walnuts</item></ing>
      <ing>
        <amt>
          <qty>1</qty>
          <unit>teaspoon</unit></amt>
        <item>Vanilla</item></ing></ingredients>
    <directions>
      <step>  1. Cream the butter or margarine with sugar until light and fluffy.
  
  2. Add the well-beaten eggs and beat until light again.
  
  3. Sift the flour with baking powder and salt and work this thoroughly into
  creamed mixture.
  
  4. Stir in the walnuts and vanilla.
  
  5. Shape into long rolls 1 1/4" in diameter; wrap in waxed paper and chill
  at least overnight.
  
  6. The longer you chill the dough, the better the cookies.
  
  Baking:
  
  1. Slice the dough as thin as possible and bake on greased baking sheet in
  moderately hot oven, 375 degrees, for about 8 minutes.
  
  Makes 8 to 10 dozen cookies.
  
  Recipe by: diane@keyway.net
  
  Posted to recipelu-digest Volume 01 Number 196 by "Diane Geary"
  &lt;diane@keyway.net&gt; on Nov 4, 1997
 
</step></directions></recipe></recipeml>
