<?xml version="1.0" encoding="UTF-8"?>

<recipeml version="0.5">
  <recipe>
    <head>
      <title>Walnut Sauce</title>
      <categories>
        <cat>Vegetarian</cat>
        <cat>Sauces</cat></categories>
      <yield>1</yield></head>
    <ingredients>
      <ing>
        <amt>
          <qty>1/4</qty>
          <unit>cups</unit></amt>
        <item>Whole wheat flour</item></ing>
      <ing>
        <amt>
          <qty>1/2</qty>
          <unit>cups</unit></amt>
        <item>Walnuts; raw</item></ing>
      <ing>
        <amt>
          <qty>3</qty>
          <unit>tablespoons</unit></amt>
        <item>Liquid aminos</item></ing>
      <ing>
        <amt>
          <qty>1</qty>
          <unit>tablespoon</unit></amt>
        <item>Lemon juice</item></ing>
      <ing>
        <amt>
          <qty>2</qty>
          <unit>cups</unit></amt>
        <item>Vegetable stock</item></ing>
      <ing>
        <amt>
          <qty>1</qty>
          <unit/></amt>
        <item>Garlic cloves, crushed</item></ing>
      <ing>
        <amt>
          <qty>1/8</qty>
          <unit>teaspoons</unit></amt>
        <item>Black pepper</item></ing></ingredients>
    <directions>
      <step>  Put the flour in a small dry frying pan over medium heat and toast,
  stirring often, until it has darkened evenly to a light brown. Transfer the
  flour to a blender. Add the walnuts, liquid aminos, lemon juice,garlic,
  pepper, and 1/2 cup of the vegetable bouillon to the blender and blend
  until smooth. Add the remaining 1 1/2 cups of the bouillon and blend until
  smooth. Scrape the mixture into a medium saucepan. Bring to a simmer over
  low heat, and simmer, stirring often, until the mixture is thickened, about
  2 minutes. Serve hot. This was developed especially for the zucchini boats,
  but is also good over brown rice, potatoes and vegetables.
 
</step></directions></recipe></recipeml>
