<?xml version="1.0" encoding="UTF-8"?>

<recipeml version="0.5">
  <recipe>
    <head>
      <title>Walnut Pesto Concentrate</title>
      <categories>
        <cat>None</cat></categories>
      <yield>1</yield></head>
    <ingredients>
      <ing>
        <amt>
          <qty>2</qty>
          <unit>cups</unit></amt>
        <item>Packedbasil leaves - no stems, wash leaves thoroughly and lay out on paper toweling. Pat dry</item></ing>
      <ing>
        <amt>
          <qty>1</qty>
          <unit>cup</unit></amt>
        <item>Extra virgin olive oil</item></ing>
      <ing>
        <amt>
          <qty>1 1/4</qty>
          <unit>cups</unit></amt>
        <item>Walnuts</item></ing>
      <ing>
        <amt>
          <qty>1</qty>
          <unit>cup</unit></amt>
        <item>Parmesan or Reggiano cheese</item></ing>
      <ing>
        <amt>
          <qty/>
          <unit/></amt>
        <item>Salt and pepper to taste</item></ing>
      <ing>
        <amt>
          <qty>1</qty>
          <unit>tablespoon</unit></amt>
        <item>Freshly-chopped garlic</item></ing></ingredients>
    <directions>
      <step>  Process in the food processor until smooth.
  
  A little goes a long way, as it is extremely full flavored.
  
  Posted to TNT - Prodigy's Recipe Exchange Newsletter  by Patricia
  McGibbony-Mangum &lt;pmangum@primenet.com&gt; on Jul 14, 1997
 
</step></directions></recipe></recipeml>
