<?xml version="1.0" encoding="UTF-8"?>

<recipeml version="0.5">
  <recipe>
    <head>
      <title>Walnut Orange Salad</title>
      <categories>
        <cat>Salads</cat></categories>
      <yield>1</yield></head>
    <ingredients>
      <ing>
        <amt>
          <qty>6</qty>
          <unit>large</unit></amt>
        <item>Oranges (navel)</item></ing>
      <ing>
        <amt>
          <qty>1</qty>
          <unit>teaspoon</unit></amt>
        <item>Honey</item></ing>
      <ing>
        <amt>
          <qty>1/2</qty>
          <unit>teaspoons</unit></amt>
        <item>Cinnamon</item></ing>
      <ing>
        <amt>
          <qty>1</qty>
          <unit>pound</unit></amt>
        <item>Mixed fresh greens (half</item></ing>
      <ing>
        <amt>
          <qty/>
          <unit/></amt>
        <item>Spinach and half romaine</item></ing>
      <ing>
        <amt>
          <qty/>
          <unit/></amt>
        <item>Works best)</item></ing>
      <ing>
        <amt>
          <qty>1/2</qty>
          <unit>cups</unit></amt>
        <item>Thin sliced purple onion</item></ing>
      <ing>
        <amt>
          <qty>1</qty>
          <unit>cup</unit></amt>
        <item>Thin sliced radishes</item></ing>
      <ing>
        <amt>
          <qty>1</qty>
          <unit>cup</unit></amt>
        <item>Toasted walnut halves chop</item></ing>
      <ing>
        <amt>
          <qty/>
          <unit/></amt>
        <item>Into smaller pieces if you</item></ing>
      <ing>
        <amt>
          <qty/>
          <unit/></amt>
        <item>Wish</item></ing>
      <ing>
        <amt>
          <qty>3</qty>
          <unit>tablespoons</unit></amt>
        <item>Quality olive oil</item></ing>
      <ing>
        <amt>
          <qty/>
          <unit/></amt>
        <item>Salt and pepper to taste</item></ing></ingredients>
    <directions>
      <step>  At least 1 1/2 hours before serving, peel and section the oranges. With a
  serrated knife or citrus knife, remove the membrane lining from each orange
  segment. Place oranges in a bowl and squeeze all excess juice from the
  remaining lining over the oranges. Discard any membrane and pick out seeds,
  if necessary. Drizzle honey and sprinkle cinnamon over oranges, cover and
  let stand at room temperature for at least 1 hour. Clean greens and pat
  dry. Break into bite size pieces and toss well with onions, radishes and
  nuts in a large bowl. Drizzle olive oil over salad and toss to distribute.
  Season to taste with salt and freshly ground pepper. Just before serving,
  add the oranges and all their liquid. Mix well.
  
  From Gemini's MASSIVE MealMaster collection at www.synapse.com/~gemini
 
</step></directions></recipe></recipeml>
