<?xml version="1.0" encoding="UTF-8"?>

<recipeml version="0.5">
  <recipe>
    <head>
      <title>Walnut Spread</title>
      <categories>
        <cat>Pickles</cat>
        <cat>Spreads</cat></categories>
      <yield>8</yield></head>
    <ingredients>
      <ing>
        <amt>
          <qty>15</qty>
          <unit/></amt>
        <item>Walnuts, shelled (about 1</item></ing>
      <ing>
        <amt>
          <qty/>
          <unit/></amt>
        <item>Cup)</item></ing>
      <ing>
        <amt>
          <qty>1/4</qty>
          <unit>teaspoons</unit></amt>
        <item>Ground pepper</item></ing>
      <ing>
        <amt>
          <qty>2</qty>
          <unit>teaspoons</unit></amt>
        <item>Liquamen (sep. recipe)</item></ing>
      <ing>
        <amt>
          <qty>2</qty>
          <unit>teaspoons</unit></amt>
        <item>Grape juice or sweet wine</item></ing>
      <ing>
        <amt>
          <qty>2</qty>
          <unit>teaspoons</unit></amt>
        <item>Olive oil</item></ing>
      <ing>
        <amt>
          <qty>1/2</qty>
          <unit>teaspoons</unit></amt>
        <item>Ground cumin</item></ing>
      <ing>
        <amt>
          <qty/>
          <unit/></amt>
        <item>Garnish of parsley or water</item></ing>
      <ing>
        <amt>
          <qty/>
          <unit/></amt>
        <item>Cress and walnut halves</item></ing></ingredients>
    <directions>
      <step>     1) Grind the walnuts in a blender, or pound them in a mortar until
  pulverized.  Transfer to a mixing bowl.
  
     2) Add the remaining ingredients and blend well. Place the spread on a
  flat serving dish and form into the shape of a fish. Decorate by
  surrounding with parsley (or cress) and unbroken walnut halves.
  
     3) Serve with bread, rolls, crackers, or by itself. NOTE: The Romans
  preferred the taste of walnuts with their thin inner skins removed. To do
  this, drop the walnut meats into boiling water for 30 seconds. Drain
  immediately, rinse under cold water, and then peel off the thin inner
  skins.
  
  From Gemini's MASSIVE MealMaster collection at www.synapse.com/~gemini
 
</step></directions></recipe></recipeml>
