<?xml version="1.0" encoding="UTF-8"?>

<recipeml version="0.5">
  <recipe>
    <head>
      <title>Walnut Crescents</title>
      <categories>
        <cat>Cookies</cat></categories>
      <yield>1</yield></head>
    <ingredients>
      <ing>
        <amt>
          <qty>1 3/4</qty>
          <unit>cups</unit></amt>
        <item>Flour</item></ing>
      <ing>
        <amt>
          <qty>1/3</qty>
          <unit>cups</unit></amt>
        <item>Sugar</item></ing>
      <ing>
        <amt>
          <qty>1 1/4</qty>
          <unit>cups</unit></amt>
        <item>Ground walnuts</item></ing>
      <ing>
        <amt>
          <qty>2</qty>
          <unit/></amt>
        <item>Egg yolks</item></ing>
      <ing>
        <amt>
          <qty>1</qty>
          <unit>cup</unit></amt>
        <item>Sweet butter</item></ing>
      <ing>
        <amt>
          <qty/>
          <unit/></amt>
        <item>Confectioners sugar</item></ing></ingredients>
    <directions>
      <step>   Legend has it that bakers started making pastry in the form of crescents
  following the Turkish siege of Vienna in 1683.
  
   Preheat oven to 350ø.
  
   In a large bowl, mix flour, sugar and ground walnuts. Make a little well
  in the flour mixture and add the egg yolks. Cut butter into small pieces
  and add to the flour mixture. Knead thoroughly and shape into a ball. Add
  flour, if needed, to prevent the dough from sticking to the bowl.
  
   Cut the ball in 4 parts and shape each part in a roll about inch thick.
  Cut 1/4-inch pieces and form small crescents in the palm of your hand.
  Place crescents on a greased baking sheet and bake about 9-10 minutes,
  until light brown.
  
   While still warm, roll the crescents in the confectioners sugar (be
  careful, they break very easily), then place them on a board to cool. Store
  in a cookie tin. The flavor actually improves with time.
  
  Yield: about 3 dozen. Franziska Mayer, Washington, DC
  
     Randy Shearer
  
  From Gemini's MASSIVE MealMaster collection at www.synapse.com/~gemini
 
</step></directions></recipe></recipeml>
