<?xml version="1.0" encoding="UTF-8"?>

<recipeml version="0.5">
  <recipe>
    <head>
      <title>Walnut Stuffed Pheasant</title>
      <categories>
        <cat>Game</cat></categories>
      <yield>6</yield></head>
    <ingredients>
      <ing>
        <amt>
          <qty>2</qty>
          <unit/></amt>
        <item>Pheasant; 3 lb ea</item></ing>
      <ing>
        <amt>
          <qty>1/2</qty>
          <unit>teaspoons</unit></amt>
        <item>Pepper</item></ing>
      <ing>
        <amt>
          <qty>3/4</qty>
          <unit>cups</unit></amt>
        <item>Butter</item></ing>
      <ing>
        <amt>
          <qty>1</qty>
          <unit>tablespoon</unit></amt>
        <item>Salt</item></ing>
      <ing>
        <amt>
          <qty>1/4</qty>
          <unit>cups</unit></amt>
        <item>Wild Turkey bourbon</item></ing>
      <ing>
        <amt>
          <qty>1</qty>
          <unit>cup</unit></amt>
        <item>Walnuts; coarsely chopped</item></ing>
      <ing>
        <amt>
          <qty>1/2</qty>
          <unit>teaspoons</unit></amt>
        <item>Thyme</item></ing>
      <ing>
        <amt>
          <qty>2</qty>
          <unit>pounds</unit></amt>
        <item>Grapes, seedless</item></ing></ingredients>
    <directions>
      <step>  Preheat oven to 425 degrees.
  
  Melt butter in small saucepan and mix in bourbon, thyme, pepper, and salt.
  Rub birds inside and out with part of seasoned butter mixture. Mash half
  the grapes. Mix mashed grapes, whole grapes, and walnuts with remaining
  seasoned butter untill well blended. Place mixture inside birds and truss
  birds closed.
  
  Place birds on rack in open roaster, breast side up. Roast for 15 minutes,
  reduce oven temperature to 325 degrees and continue roasting for 45
  minutes. Baste frequently with drippings.
  
                               per Gale Barrows
                               Fidonet COOKING echo
  
  From Gemini's MASSIVE MealMaster collection at www.synapse.com/~gemini
 
</step></directions></recipe></recipeml>
