<?xml version="1.0" encoding="UTF-8"?>

<recipeml version="0.5">
  <recipe>
    <head>
      <title>Walnut Salad - Country Living</title>
      <categories>
        <cat>.cl</cat>
        <cat>Salads</cat></categories>
      <yield>4</yield></head>
    <ingredients>
      <ing>
        <amt>
          <qty>1</qty>
          <unit>pound</unit></amt>
        <item>Mesclun; (see Note)</item></ing>
      <ing>
        <amt>
          <qty>1/2</qty>
          <unit>cups</unit></amt>
        <item>Walnuts; toasted</item></ing>
      <ing>
        <amt>
          <qty>3</qty>
          <unit>tablespoons</unit></amt>
        <item>Walnut oil</item></ing>
      <ing>
        <amt>
          <qty>2</qty>
          <unit>tablespoons</unit></amt>
        <item>Lemon juice</item></ing>
      <ing>
        <amt>
          <qty>1</qty>
          <unit>teaspoon</unit></amt>
        <item>Honey</item></ing>
      <ing>
        <amt>
          <qty>1/4</qty>
          <unit>teaspoons</unit></amt>
        <item>Salt</item></ing>
      <ing>
        <amt>
          <qty>1/8</qty>
          <unit>teaspoons</unit></amt>
        <item>Ground black pepper</item></ing></ingredients>
    <directions>
      <step>  Place mesclun and walnuts in large bowl. In small bowl, whisk together
  walnut oil, lemon juice, honey, salt, and pepper to make dressing. Toss
  mesclun and walnuts with dressing and divide onto salad plates.
  
  Note: Mesclun, a combination of baby leaf lettuces and greens, is generally
  sold in gourmet stores or at farmers' markets. If it is not available, make
  your own by mixing together any combination of the following greens: red
  and/or green-leaf lettuce, endive, radicchio, lamb's lettuce (mache),
  escarole, Boston lettuce, spinach, and/or arugula.
  
  Nutrition information per serving-protein: 3 grams; fat: 18 grams; carbohy-
  drate: 8 grams; fiber: 2 grams; sodium: 146 milligrams; cholesterol: 0;
  calo- ries: 198.
  
  Country Living/Feb/94 Scanned &amp; fixed by DP &amp; GG
  
  Posted to recipelu-digest Volume 01 Number 649 by GramWag@aol.com on Jan
  31, 1998
 
</step></directions></recipe></recipeml>
