<?xml version="1.0" encoding="UTF-8"?>

<recipeml version="0.5">
  <recipe>
    <head>
      <title>Walnut Linzer Bars</title>
      <categories>
        <cat>Desserts</cat></categories>
      <yield>20</yield></head>
    <ingredients>
      <ing>
        <amt>
          <qty>3/4</qty>
          <unit>cups</unit></amt>
        <item>Butter, softened</item></ing>
      <ing>
        <amt>
          <qty>3/4</qty>
          <unit>cups</unit></amt>
        <item>Sugar</item></ing>
      <ing>
        <amt>
          <qty>1</qty>
          <unit/></amt>
        <item>Egg</item></ing>
      <ing>
        <amt>
          <qty>1</qty>
          <unit>teaspoon</unit></amt>
        <item>Cinnamon</item></ing>
      <ing>
        <amt>
          <qty>1</qty>
          <unit>teaspoon</unit></amt>
        <item>Lemon peel, grated</item></ing>
      <ing>
        <amt>
          <qty>1/4</qty>
          <unit>teaspoons</unit></amt>
        <item>Salt</item></ing>
      <ing>
        <amt>
          <qty>2</qty>
          <unit>cups</unit></amt>
        <item>Flour</item></ing>
      <ing>
        <amt>
          <qty>1</qty>
          <unit>cup</unit></amt>
        <item>Walnuts, ground</item></ing>
      <ing>
        <amt>
          <qty>1</qty>
          <unit>cup</unit></amt>
        <item>Raspberry or apricot jam</item></ing>
      <ing>
        <amt>
          <qty/>
          <unit/></amt>
        <item>Powdered sugar</item></ing></ingredients>
    <directions>
      <step>  Heat oven to 325°. Spray or grease a 9 in square baking dish. Combine
  butter, sugar, egg, cinnamon, lemon peel, cloves, and salt, beat until
  light and fluffy. Add flour and walnuts, mix well. Set aside
      3/4    cups dough for lattice top. Press remaining dough into greased
  pan. spread with jam. Out of the 3/4 cup dough make pencil shaped strips by
  rolling on floured board with palms of hands. Arrange strips in lattice
  over jam. Bake at 325° for about 45 minutes or until lightly browned. Cool
  completely. Sprinkle with powdered sugar, if desired. Cut into bars. 20
  bars.
  
  NOTES : Jam filled treats with pretty lattice tops, a cookie version of the
  famous Linzer tortes from the city of Linz, Austria.
  Recipe by: Diamond Walnut Collection
  
  Posted to TNT - Prodigy's Recipe Exchange Newsletter  by
  LVFG53A@prodigy.com (MRS IRA M DENNIS) on Feb 22, 1997.
 
</step></directions></recipe></recipeml>
