<?xml version="1.0" encoding="UTF-8"?>

<recipeml version="0.5">
  <recipe>
    <head>
      <title>Walnut Topping</title>
      <categories>
        <cat/></categories>
      <yield>100</yield></head>
    <ingredients>
      <ing>
        <amt>
          <qty>1/2</qty>
          <unit>pounds</unit></amt>
        <item>BUTTER PRINT SURE</item></ing>
      <ing>
        <amt>
          <qty>1 1/2</qty>
          <unit>pounds</unit></amt>
        <item>NUTS MIX SHELL #10</item></ing>
      <ing>
        <amt>
          <qty>2</qty>
          <unit>pounds</unit></amt>
        <item>SUGAR; BROWN, 2 LB</item></ing></ingredients>
    <directions>
      <step>  1.  COMBINE SOFTENED BUTTER OR MARGARINE, BROWN SUGAR AND
  CHOPPED WALNUTS.
  
  2.  USE AS A TOPPING FOR WALNUT ROLLS (RECIPE NO.D-G-7-5).
  
  Recipe Number: D04901
  
  SERVING SIZE: 2 TABLESP
  
  From the &lt;Army Master Recipe Index File&gt; (actually used today!).
  Downloaded from Glen's MM Recipe Archive, http://www.erols.com/hosey.
 
</step></directions></recipe></recipeml>
