<?xml version="1.0" encoding="UTF-8"?>

<recipeml version="0.5">
  <recipe>
    <head>
      <title>Walnut Muffins</title>
      <categories>
        <cat>Bakery</cat>
        <cat>Desserts</cat>
        <cat>Eat-lf mail</cat>
        <cat>Low-fat</cat>
        <cat>Muffins</cat></categories>
      <yield>12</yield></head>
    <ingredients>
      <ing>
        <amt>
          <qty>4</qty>
          <unit>tablespoons</unit></amt>
        <item>Light margarine, softened</item></ing>
      <ing>
        <amt>
          <qty>1/3</qty>
          <unit>cups</unit></amt>
        <item>Packed brown sugar</item></ing>
      <ing>
        <amt>
          <qty>1/3</qty>
          <unit>cups</unit></amt>
        <item>Sugar</item></ing>
      <ing>
        <amt>
          <qty>2</qty>
          <unit>tablespoons</unit></amt>
        <item>Applesauce</item></ing>
      <ing>
        <amt>
          <qty>2</qty>
          <unit/></amt>
        <item>Egg whites</item></ing>
      <ing>
        <amt>
          <qty>1</qty>
          <unit>cup</unit></amt>
        <item>Low-fat plain yogurt</item></ing>
      <ing>
        <amt>
          <qty>2</qty>
          <unit>cups</unit></amt>
        <item>Unbleached flour</item></ing>
      <ing>
        <amt>
          <qty>2</qty>
          <unit>teaspoons</unit></amt>
        <item>Baking powder</item></ing>
      <ing>
        <amt>
          <qty>1/2</qty>
          <unit>teaspoons</unit></amt>
        <item>Baking soda</item></ing>
      <ing>
        <amt>
          <qty>1/4</qty>
          <unit>teaspoons</unit></amt>
        <item>Cinnamon</item></ing>
      <ing>
        <amt>
          <qty>4</qty>
          <unit>tablespoons</unit></amt>
        <item>Walnuts, finely chopped</item></ing></ingredients>
    <directions>
      <step>  Coat a 12-cup muffin tin with nonstick spray or line the cups with paper
  baking cups. Set aside. In a large bowl, cream 2 tablespoons of the
  margarine, 1/4 cup of the brown sugar, the sugar and the applesauce. Add
  the egg whites and beat until fluffy. Stir in the yogurt. In a medium bowl,
  whisk the flour, baking powder, baking soda and cinnamon. Whisk in 3
  tabelspoons of the walnuts. Add the dry ingredients to the creamed mixture,
  stirring just enough to combine. Spoon the muffin batter into the muffin
  tin, filling the cups 2/3 to
      3/4    full. Cream the remaining 2 tablespoons of margarine with the
  remaining brown sugar. Stir in the remaining 1 tablespoon of chopped nuts.
  Top each muffin with a sprinkling of the nut topping. Bake at 400 until
  golden brown and a cake tester comes out clean when inserted in the center
  of a large muffin, about 18 minutes. Cool the muffins on a rack. Makes 12
  muffins.
  
  NOTES :      Per Muffin: 148 calories, 2.8 g fat (16% of calories), 1.2 mg
  cholesterol, 125 mg sodium, 0.7 g dietary fiber. Variation: For
  Raisin-Walnut Muffins, add 1/3 cup raisins to the batter.
  Recipe by: Quick and Healthy Cooking March 1995
  
  Posted to Digest eat-lf.v097.n054 by "William S. Grant, II"
  &lt;wsgrant@artsci.wustl.edu&gt; on Feb 25, 1997.
 
</step></directions></recipe></recipeml>
