<?xml version="1.0" encoding="UTF-8"?>

<recipeml version="0.5">
  <recipe>
    <head>
      <title>Walnut Shortbread Delights (M or P)</title>
      <categories>
        <cat>None</cat></categories>
      <yield>1</yield></head>
    <ingredients>
      <ing-div>
        <title>CRUST</title>
        <ing>
          <amt>
            <qty>2</qty>
            <unit>cups</unit></amt>
          <item>Flour</item></ing>
        <ing>
          <amt>
            <qty>1/2</qty>
            <unit>cups</unit></amt>
          <item>Sugar</item></ing>
        <ing>
          <amt>
            <qty>1</qty>
            <unit>cup</unit></amt>
          <item>Butter or pareve margarine (frozen or very cold)</item></ing></ing-div>
      <ing-div>
        <title>ICING</title>
        <ing>
          <amt>
            <qty>2</qty>
            <unit>cups</unit></amt>
          <item>Confectioners sugar</item></ing>
        <ing>
          <amt>
            <qty>3</qty>
            <unit>tablespoons</unit></amt>
          <item>Milk</item></ing>
        <ing>
          <amt>
            <qty>2</qty>
            <unit>tablespoons</unit></amt>
          <item>Butter or pareve margarine melted</item></ing>
        <ing>
          <amt>
            <qty>1</qty>
            <unit>tablespoon</unit></amt>
          <item>Lemon juice</item></ing>
        <ing>
          <amt>
            <qty>1/2</qty>
            <unit>teaspoons</unit></amt>
          <item>Almond extract</item></ing></ing-div>
      <ing-div>
        <title>FILLING</title>
        <ing>
          <amt>
            <qty>2</qty>
            <unit>cups</unit></amt>
          <item>Walnuts</item></ing>
        <ing>
          <amt>
            <qty>1</qty>
            <unit>pound</unit></amt>
          <item>Brown sugar</item></ing>
        <ing>
          <amt>
            <qty>1/4</qty>
            <unit>cups</unit></amt>
          <item>Flour</item></ing>
        <ing>
          <amt>
            <qty>1</qty>
            <unit>teaspoon</unit></amt>
          <item>Salt</item></ing>
        <ing>
          <amt>
            <qty>1</qty>
            <unit>teaspoon</unit></amt>
          <item>Baking powder</item></ing>
        <ing>
          <amt>
            <qty>4</qty>
            <unit/></amt>
          <item>Eggs</item></ing>
        <ing>
          <amt>
            <qty>1</qty>
            <unit>teaspoon</unit></amt>
          <item>Vanilla</item></ing></ing-div></ingredients>
    <directions>
      <step>  Preheat oven to 350. Grease a 12X 18 or 10 X 15 inch jelly roll pan.
  Combine flour and sugar for crust in food processor fitted with metal
  blade. Cut the butter into one tablespoon pieces. Add to dry ingredients in
  food processor. Process about 15 seconds until well blended. Pour into
  jelly roll pan and press crumbs into pan to make a crust. Bake for 12-18
  minutes or until crust just begins to brown.
  
  Prepare icing by placing confectioners sugar in food processor fitted with
  metal blade. Combine milk, melted butter, lemon juice and almond extract.
  With the food processor running, pour liquid ingredients into processor
  bowl. Stop machine, scrape sides and bottom of bowl and process again
  briefly. Put icing in small bowl and set aside.
  
  Without cleaning food processor bowl, place the walnuts in processor fitted
  with metal blade.  Process to a medium sized chop. Add remaining
  ingredients and process to blend well. Spread walnut mixture over baked
  shortbread crust. Bake 17-20 minutes (the top will be quite brown.) Allow
  cookies to cool 15-20 minutes.  Pour on icing and spread thin. If icing
  forms crust on top before it is used just stir crust into icing and use.
  Allow cookies to cool before cutting.
  Posted to JEWISH-FOOD digest V96 #83
  
  Date: Sun, 24 Nov 1996 09:57:43 -0500 (EST)
  
  From: Gary Wind MD &lt;gwind@CapAccess.org&gt;
 
</step></directions></recipe></recipeml>
