<?xml version="1.0" encoding="UTF-8"?>

<recipeml version="0.5">
  <recipe>
    <head>
      <title>Walnut Gingerbread</title>
      <categories>
        <cat>New</cat>
        <cat>Text</cat>
        <cat>Import</cat></categories>
      <yield>1</yield></head>
    <ingredients>
      <ing>
        <amt>
          <qty>2 1/2</qty>
          <unit>cups</unit></amt>
        <item>All-purpose flour</item></ing>
      <ing>
        <amt>
          <qty>1</qty>
          <unit>cup</unit></amt>
        <item>Light molasses</item></ing>
      <ing>
        <amt>
          <qty>1/2</qty>
          <unit>cups</unit></amt>
        <item>Sugar</item></ing>
      <ing>
        <amt>
          <qty>1/2</qty>
          <unit>cups</unit></amt>
        <item>Margarine or butter (1 stick); softened</item></ing>
      <ing>
        <amt>
          <qty>1 1/2</qty>
          <unit>teaspoons</unit></amt>
        <item>Baking soda</item></ing>
      <ing>
        <amt>
          <qty>1</qty>
          <unit>teaspoon</unit></amt>
        <item>Ground ginger</item></ing>
      <ing>
        <amt>
          <qty>1</qty>
          <unit>teaspoon</unit></amt>
        <item>Ground cinnamon</item></ing>
      <ing>
        <amt>
          <qty>1/2</qty>
          <unit>teaspoons</unit></amt>
        <item>Salt</item></ing>
      <ing>
        <amt>
          <qty>1</qty>
          <unit>large</unit></amt>
        <item>Egg</item></ing>
      <ing>
        <amt>
          <qty>1 1/2</qty>
          <unit>cups</unit></amt>
        <item>Walnuts; coarsely chopped</item></ing></ingredients>
    <directions>
      <step>  Yields: 2 loaves (8 servings each)
  
  1. Preheat oven to 325 degrees F. Line two 8 1/2" by 4 1/2" loaf pans with
  foil. 2. Into large bowl, measure all ingredients except walnuts; add 3/4
  cup water. With mixer at low speed, beat ingredients until well blended,
  constantly scraping bowl with rubber spatula. Increase speed to high; beat
  2 minutes, occasionally scraping bowl. With spoon, stir in walnuts. 3. Pour
  batter into pans. Bake 1 hour or until toothpick inserted in center of loaf
  comes out clean, covering with foil during last 20 minutes to prevent
  overbrowning. Cool loaves in pans on wire rack 10 minutes; remove from pans
  and finish cooling on rack. Serve gingerbread with ham or turkey dinner, or
  serve with coffee or tea for afternoon snack.
  
  Recipe by: Good Housekeeping 1996
  
  Posted to recipelu-digest Volume 01 Number 330 by ctlindab@mail1.nai.net on
  Nov 30, 1997
 
</step></directions></recipe></recipeml>
