<?xml version="1.0" encoding="UTF-8"?>

<recipeml version="0.5">
  <recipe>
    <head>
      <title>Walnut Hearth Bread</title>
      <categories>
        <cat>None</cat></categories>
      <yield>1</yield></head>
    <ingredients>
      <ing>
        <amt>
          <qty>4</qty>
          <unit>cups</unit></amt>
        <item>Unbleached all purpose flour</item></ing>
      <ing>
        <amt>
          <qty>1/2</qty>
          <unit>cups</unit></amt>
        <item>Whole wheat flour</item></ing>
      <ing>
        <amt>
          <qty>1</qty>
          <unit/></amt>
        <item>Envelope dry yeast</item></ing>
      <ing>
        <amt>
          <qty>2</qty>
          <unit>teaspoons</unit></amt>
        <item>Salt</item></ing>
      <ing>
        <amt>
          <qty>1</qty>
          <unit>cup</unit></amt>
        <item>Goat milk; (warm)</item></ing>
      <ing>
        <amt>
          <qty>1/3</qty>
          <unit>cups</unit></amt>
        <item>Water; (warm)</item></ing>
      <ing>
        <amt>
          <qty>1 1/4</qty>
          <unit>cups</unit></amt>
        <item>Coarsley chopped walnut</item></ing>
      <ing>
        <amt>
          <qty>1</qty>
          <unit>cup</unit></amt>
        <item>Finely chopped onion</item></ing>
      <ing>
        <amt>
          <qty>1</qty>
          <unit/></amt>
        <item>Stick unsalted butter; softened</item></ing>
      <ing>
        <amt>
          <qty>2</qty>
          <unit>tablespoons</unit></amt>
        <item>Cornmeal</item></ing></ingredients>
    <directions>
      <step>  Combine 1 3/4 cups flour, whole wheat flour, yeast and salt in mixing bowl.
  Add milk and water and beat about 2 minutes. Stir in walnuts, onion and
  butter and mix well. Blend or knead in remaining flour to make a stiff
  dough. Place in greased bowl, turning to coat entire surface. Cover with
  plastic wrap and HOT, damp towel and let rise until doubled.
  
  Sprinkle baking pan with cornmeal. Punch down dough and place on lightly
  floured board. Knead 3-4 minutes. Shape into a ball and place on baking
  pan. Let rise uncovered in warm place about 15 minutes.
  
  Preheat oven to 425F. Place a pan on hot water on oven floor or lowest
  rack. Make slash on top of dough with scissors or knife. Bake loaf on
  middle rack for 30 minutes. Remove pan of water and reduce heat to 300F.
  Bake about 30 minutes more, or until bread sound hollow when tapped. Cool
  on rack.
  
  NOTES : Makes a 2 # round loaf good with chilled wine and grapes.
  Posted to Digest bread-bakers.v098.n002 by Dot McChesney &lt;jrjet@mtco.com&gt;
  on Jan 6, 1998
 
</step></directions></recipe></recipeml>
