<?xml version="1.0" encoding="UTF-8"?>

<recipeml version="0.5">
  <recipe>
    <head>
      <title>Walnut Rosemary Quinoa</title>
      <categories>
        <cat>Vegetarian</cat></categories>
      <yield>6</yield></head>
    <ingredients>
      <ing>
        <amt>
          <qty>1</qty>
          <unit>tablespoon</unit></amt>
        <item>Sesame oil</item></ing>
      <ing>
        <amt>
          <qty>1</qty>
          <unit>small</unit></amt>
        <item>Onion</item></ing>
      <ing>
        <amt>
          <qty>1 1/4</qty>
          <unit>cups</unit></amt>
        <item>Quinoa, thoroughly rinsed</item></ing>
      <ing>
        <amt>
          <qty>1</qty>
          <unit>small</unit></amt>
        <item>Red bell pepper, diced</item></ing>
      <ing>
        <amt>
          <qty>3</qty>
          <unit>cups</unit></amt>
        <item>Water</item></ing>
      <ing>
        <amt>
          <qty>1</qty>
          <unit>teaspoon</unit></amt>
        <item>Tamari soy sauce</item></ing>
      <ing>
        <amt>
          <qty>1</qty>
          <unit>teaspoon</unit></amt>
        <item>Fresh rosemary OR</item></ing>
      <ing>
        <amt>
          <qty>1/2</qty>
          <unit>teaspoons</unit></amt>
        <item>Dried rosemary</item></ing>
      <ing>
        <amt>
          <qty>1</qty>
          <unit>cup</unit></amt>
        <item>Fresh or frozen peas</item></ing>
      <ing>
        <amt>
          <qty>1/2</qty>
          <unit>cups</unit></amt>
        <item>Walnuts, chopped</item></ing></ingredients>
    <directions>
      <step>  Preheat oven to 350 degrees. Heat oil in a saucepan and add onion and
  quinoa. Saute over medium heat, stirring constantly for 3 minutes. Add red
  bell pepper and saute an additional 2 minutes. Add water, soy sauce and
  rosemary. (If using fresh peas, add them now.) Bring contents to a boil;
  cover and simmer 15 minutes.
  
  Meanwhile, roast walnuts in 350 degree oven for 5 minutes. When quinoa is
  cooked, turn off heat and mix in walnuts and frozen peas. Let set an
  additional 10 minutes and serve.
  
  From _Favorite Vegetarian Recipes_ from the Society for Texas Animal
  Rights. Recipe by John Mackey, CEO, Whole Foods Markets, Austin, Texas.
  
  DEEANNE [EatMoVeggies]       at 19:13 EDT
  
  From Gemini's MASSIVE MealMaster collection at www.synapse.com/~gemini
 
</step></directions></recipe></recipeml>
