<?xml version="1.0" encoding="UTF-8"?>

<recipeml version="0.5">
  <recipe>
    <head>
      <title>Walnut Honey Loaf</title>
      <categories>
        <cat>Breads</cat></categories>
      <yield>1</yield></head>
    <ingredients>
      <ing>
        <amt>
          <qty>1</qty>
          <unit>cup</unit></amt>
        <item>Honey</item></ing>
      <ing>
        <amt>
          <qty>1</qty>
          <unit>cup</unit></amt>
        <item>Milk</item></ing>
      <ing>
        <amt>
          <qty>1/2</qty>
          <unit>cups</unit></amt>
        <item>Sugar</item></ing>
      <ing>
        <amt>
          <qty>2 1/2</qty>
          <unit>cups</unit></amt>
        <item>Pillsbury's Best All Purpose Flour*, sifted</item></ing>
      <ing>
        <amt>
          <qty>1</qty>
          <unit>teaspoon</unit></amt>
        <item>Soda</item></ing>
      <ing>
        <amt>
          <qty>1</qty>
          <unit>teaspoon</unit></amt>
        <item>Salt</item></ing>
      <ing>
        <amt>
          <qty>1/2</qty>
          <unit>cups</unit></amt>
        <item>Funsten's Walnuts; chopped</item></ing>
      <ing>
        <amt>
          <qty>1/4</qty>
          <unit>cups</unit></amt>
        <item>Butter</item></ing>
      <ing>
        <amt>
          <qty>2</qty>
          <unit/></amt>
        <item>Egg yolks or 1 egg; unbeaten</item></ing></ingredients>
    <directions>
      <step>  BAKE at 325 degrees for 1 1/4 to 1 1/2 hours. MAKES 9 x 5-inch loaf.
  Combine honey, milk, and sugar in 3-quart saucepan. Heat over medium heat,
  stirring constantly, just until sugar is dissolved. (Mixture will be
  lukewarm.) Cool. Sift together flour, soda, and salt. Add the dry
  ingredients, walnuts, butter and egg yolks ( or whole egg) to the
  honey-milk mixture. Beat 2 minutes (With electric mixer use the lowest
  speed) Turn into 9 x 5 x 3-inch pan, well greased on the bottom. Bake in
  slow oven (325 degrees) 1 1/4 to 1 1/2 hours. Cool before slicing.
  *Pillsbury's Best Self-Rising Flour is not recommended for use in this
  recipe.
  
  NOTES : "Senior Winner in Pillsbury's 5th Grand National Recipe and Baking
  Contest by Mrs. B.J. Feeney, Los Angeles, California.  Adapted by Ann
  Pillsbury."
  Recipe by: Best Loved Foods of Christmas, Pillsbury, undated booklet
  
  Posted to MC-Recipe Digest V1 #887 by NGavlak &lt;NGavlak@aol.com&gt; on Nov 6,
  1997
 
</step></directions></recipe></recipeml>
