<?xml version="1.0" encoding="UTF-8"?>

<recipeml version="0.5">
  <recipe>
    <head>
      <title>Walnut Pastry (Pie Crust)</title>
      <categories>
        <cat>None</cat></categories>
      <yield>1</yield></head>
    <ingredients>
      <ing>
        <amt>
          <qty>1</qty>
          <unit>cup</unit></amt>
        <item>Sifted flour</item></ing>
      <ing>
        <amt>
          <qty>1/4</qty>
          <unit>cups</unit></amt>
        <item>Chopped walnuts</item></ing>
      <ing>
        <amt>
          <qty>2</qty>
          <unit>tablespoons</unit></amt>
        <item>Cold water (up to 3)</item></ing>
      <ing>
        <amt>
          <qty>1/2</qty>
          <unit>teaspoons</unit></amt>
        <item>Salt</item></ing>
      <ing>
        <amt>
          <qty>1/3</qty>
          <unit>cups</unit></amt>
        <item>Shortening</item></ing></ingredients>
    <directions>
      <step>  Cut shortening into flour with pastry blender until mixture is the
  consistency of coarse corn meal. Add 2 to 3 Tbs. cold water, 1 Tbs at a
  time, stirring lightly with a fork.
  
  Shape dough into a smooth ball. Roll into 1/8 inch thickness. Fit into 9
  inch pie plate. Turn edge under and crimp
  
  Use your favorite pie filling - one which would be complimented by the
  walnuts. Posted to TNT - Prodigy's Recipe Exchange Newsletter by Judy
  Ferbert &lt;ajewell@sound.net&gt; on Aug 15, 1997
 
</step></directions></recipe></recipeml>
