<?xml version="1.0" encoding="UTF-8"?>

<recipeml version="0.5">
  <recipe>
    <head>
      <title>Walnut Quick Bread</title>
      <categories>
        <cat>Emeril</cat>
        <cat>Bread quick</cat>
        <cat>Walnut</cat></categories>
      <yield>1</yield></head>
    <ingredients>
      <ing>
        <amt>
          <qty>3</qty>
          <unit>cups</unit></amt>
        <item>Flour</item></ing>
      <ing>
        <amt>
          <qty>1</qty>
          <unit>cup</unit></amt>
        <item>Sugar</item></ing>
      <ing>
        <amt>
          <qty>1</qty>
          <unit>cup</unit></amt>
        <item>Walnuts, roughly chopped</item></ing>
      <ing>
        <amt>
          <qty>1</qty>
          <unit>tablespoon</unit></amt>
        <item>Baking powder</item></ing>
      <ing>
        <amt>
          <qty>1/2</qty>
          <unit>teaspoons</unit></amt>
        <item>Salt</item></ing>
      <ing>
        <amt>
          <qty>1/4</qty>
          <unit>teaspoons</unit></amt>
        <item>Baking soda</item></ing>
      <ing>
        <amt>
          <qty>1/2</qty>
          <unit>teaspoons</unit></amt>
        <item>Cinnamon</item></ing>
      <ing>
        <amt>
          <qty>1</qty>
          <unit/></amt>
        <item>Egg, lightly beaten</item></ing>
      <ing>
        <amt>
          <qty>1 2/3</qty>
          <unit>cups</unit></amt>
        <item>Milk</item></ing>
      <ing>
        <amt>
          <qty>1/2</qty>
          <unit>teaspoons</unit></amt>
        <item>Vanilla</item></ing>
      <ing>
        <amt>
          <qty>1/4</qty>
          <unit>cups</unit></amt>
        <item>Oil</item></ing>
      <ing>
        <amt>
          <qty/>
          <unit/></amt>
        <item>Cream cheese or honey-cream cheese, for serving</item></ing></ingredients>
    <directions>
      <step>  Recipe by: ESSENCE OF EMERIL SHOW#EE2150
  
  Preheat oven to 350 degrees F. Grease an 8 by 4 by 2-inch loaf pan. In a
  mixing bowl combine flour, sugar, walnuts, baking powder, salt, baking soda
  and cinnamon. In another bowl combine egg, milk, vanilla and oil. Add to
  flour mixture and stir just until moistened. Pour batter into prepared pan
  and bake for 1 to 1 1/4 hours, until a tester inserted in center is dry.
  
  Cool completely on a rack before slicing. Serve with softened cream cheese
  whisked together with honey
  
  Posted to MC-Recipe Digest V1 #601 by thelma@pipeline.com on May 08, 1997
 
</step></directions></recipe></recipeml>
