<?xml version="1.0" encoding="UTF-8"?>

<recipeml version="0.5">
  <recipe>
    <head>
      <title>Walnut Frosties</title>
      <categories>
        <cat>None</cat></categories>
      <yield>1</yield></head>
    <ingredients>
      <ing-div>
        <title/>
        <ing>
          <amt>
            <qty>1</qty>
            <unit>cup</unit></amt>
          <item>Firmly packed brown sugar</item></ing>
        <ing>
          <amt>
            <qty>1/2</qty>
            <unit>cups</unit></amt>
          <item>Margarine or butter; softened</item></ing>
        <ing>
          <amt>
            <qty>1</qty>
            <unit>teaspoon</unit></amt>
          <item>Vanilla</item></ing>
        <ing>
          <amt>
            <qty>1</qty>
            <unit/></amt>
          <item>Egg</item></ing>
        <ing>
          <amt>
            <qty>1 3/4</qty>
            <unit>cups</unit></amt>
          <item>All purpose flour</item></ing>
        <ing>
          <amt>
            <qty>1/2</qty>
            <unit>teaspoons</unit></amt>
          <item>Soda</item></ing>
        <ing>
          <amt>
            <qty>1/4</qty>
            <unit>teaspoons</unit></amt>
          <item>Salt</item></ing></ing-div>
      <ing-div>
        <title>TOPPING</title>
        <ing>
          <amt>
            <qty>1</qty>
            <unit>cup</unit></amt>
          <item>Chopped walnuts</item></ing>
        <ing>
          <amt>
            <qty>1/2</qty>
            <unit>cups</unit></amt>
          <item>Firmly packed brown sugar</item></ing>
        <ing>
          <amt>
            <qty>1/4</qty>
            <unit>cups</unit></amt>
          <item>Dairy sour cream</item></ing></ing-div></ingredients>
    <directions>
      <step>  Heat oven to 350F. Cream brown sugar and margarine until light and fluffy;
  blend in vanilla and egg. Combine dry ingredients, and gradually add to
  creamed mixture; mix well. Shape dough into 1-inch balls; place 2 inches
  apart on ungreased baking sheet. Make a well in the center of each cookie.
  Combine topping ingredients; fill each cookie with 1 teaspoon topping. Bake
  for 10 to 14 minutes or until delicately browned. Makes 3 dozen.
  
  Source: Pillsbury Classic #21
  
  Hint: Remove cookies from the baking sheet immediately and cool on a rack.
  They're very difficult to remove from the pan once they have cooled. Be
  careful not to overfill the cookies, if the topping runs onto the baking
  sheet it too is very hard to remove. These cookies are sinfully delicious,
  so they are worth the effort. I have make them several time and they have
  become family favorites. Enjoy.
  
  Posted to TNT - Prodigy's Recipe Exchange Newsletter  by ibelieve@juno.com
  (Ronna S Candelaria) on Sep 21, 1997
 
</step></directions></recipe></recipeml>
