<?xml version="1.0" encoding="UTF-8"?>

<recipeml version="0.5">
  <recipe>
    <head>
      <title>Walnut Pound Cake</title>
      <categories>
        <cat>Cakes</cat></categories>
      <yield>6</yield></head>
    <ingredients>
      <ing>
        <amt>
          <qty>1/2</qty>
          <unit>cups</unit></amt>
        <item>Shortening</item></ing>
      <ing>
        <amt>
          <qty>1</qty>
          <unit>cup</unit></amt>
        <item>Milk</item></ing>
      <ing>
        <amt>
          <qty>1</qty>
          <unit>cup</unit></amt>
        <item>Butter</item></ing>
      <ing>
        <amt>
          <qty>1/4</qty>
          <unit>teaspoons</unit></amt>
        <item>Salt</item></ing>
      <ing>
        <amt>
          <qty>3</qty>
          <unit>cups</unit></amt>
        <item>Sugar</item></ing>
      <ing>
        <amt>
          <qty>1/4</qty>
          <unit>teaspoons</unit></amt>
        <item>Baking Powder</item></ing>
      <ing>
        <amt>
          <qty>5</qty>
          <unit/></amt>
        <item>Eggs</item></ing>
      <ing>
        <amt>
          <qty>2</qty>
          <unit>teaspoons</unit></amt>
        <item>Vanilla</item></ing>
      <ing>
        <amt>
          <qty>3</qty>
          <unit>cups</unit></amt>
        <item>Flour</item></ing>
      <ing>
        <amt>
          <qty>1</qty>
          <unit>cup</unit></amt>
        <item>Chopped walnuts (fine)</item></ing></ingredients>
    <directions>
      <step>  Cream butter and Shortening thoroughly; add sugar, 1/2 cup at a time. Beat
  until light.  Add eggs, one at a time, beating after each addition. Add 2
  cups flour alternately with milk containing flavoring. Add the last 1 cup
  flour containing salt and baking powder. Stir in 1 cup finely chopped
  walnuts. The batter will be thick and fluffy. Spoon into tube pan, which
  has been lightly greased and floured. Place the cake in cold oven on middle
  shelf. Turn oven to 350 degrees. Don't open door for 1 1/4 hours. Allow
  cake to cool in pan on wire rack.
  
  From: Jon Judd {Cooking Echo}
  
  From Gemini's MASSIVE MealMaster collection at www.synapse.com/~gemini
 
</step></directions></recipe></recipeml>
