<?xml version="1.0" encoding="UTF-8"?>

<recipeml version="0.5">
  <recipe>
    <head>
      <title>Walnut or Almond Turnovers (Borekas De Nuez U De Almendra)</title>
      <categories>
        <cat>None</cat></categories>
      <yield>20</yield></head>
    <ingredients>
      <ing-div>
        <title>PASTRY</title>
        <ing>
          <amt>
            <qty>2</qty>
            <unit/></amt>
          <item>Eggs, beaten</item></ing>
        <ing>
          <amt>
            <qty>1/2</qty>
            <unit>cups</unit></amt>
          <item>Sugar</item></ing>
        <ing>
          <amt>
            <qty>1/4</qty>
            <unit>cups</unit></amt>
          <item>Corn oil</item></ing>
        <ing>
          <amt>
            <qty>2</qty>
            <unit>tablespoons</unit></amt>
          <item>Margarine, melted</item></ing>
        <ing>
          <amt>
            <qty>2</qty>
            <unit>cups</unit></amt>
          <item>Flour (about)</item></ing>
        <ing>
          <amt>
            <qty>1</qty>
            <unit/></amt>
          <item>Egg yolk mixed with:</item></ing>
        <ing>
          <amt>
            <qty>1</qty>
            <unit>teaspoon</unit></amt>
          <item>Water (for painting surfaces)</item></ing></ing-div>
      <ing-div>
        <title>STUFFING</title>
        <ing>
          <amt>
            <qty>1/2</qty>
            <unit>pounds</unit></amt>
          <item>Shelled walnuts or almonds, chopped fine in a processor</item></ing>
        <ing>
          <amt>
            <qty>1</qty>
            <unit/></amt>
          <item>Egg yolk</item></ing>
        <ing>
          <amt>
            <qty>1</qty>
            <unit>tablespoon</unit></amt>
          <item>Sugar</item></ing>
        <ing>
          <amt>
            <qty>2</qty>
            <unit>tablespoons</unit></amt>
          <item>Strawberry, cherry, or raspberry jam</item></ing>
        <ing>
          <amt>
            <qty>1/8</qty>
            <unit>teaspoons</unit></amt>
          <item>Ground cinnamon</item></ing></ing-div></ingredients>
    <directions>
      <step>  The article quotes;- "Turkish Jews have inumerable variations of turnovers
  both as sweets and savories. Here, personal preference indicates whether
  one should use walnuts or almonds or half of each. The borekas are a
  popular sweet for Purim and can be prepared in large quantities to be
  frozen after baking. Let them thaw out for onr hour befor gently warming in
  the oven."
  
  1. Mix all the pastry ingredients (except for the egg yolk mixed with
  water) together and prepare the pastry. Knead well for a soft, manageable
  dough, adding enough flour to produce the proper consistency. Cover and set
  aside. Mix stuffing ingredients together throroughly.
  
  2. Roll out about 1 heaping tablespoon of the pastry on a lightly floured
  board to 3 or 4 inches in diameter for each boreka. Put 1 tablespoon of the
  nut mixture on the bottom half of each pastry round. Fold the top over to
  shape a half-moon. Press down firmly with thei tines of a fork to seal.
  Paint the surface of each boreka with the egg yolk and water mixture.
  
  3. Put borekas on an ungreased baking sheet and bake in a 350* F. oven for
  1/2 hour, or until lightly brown.
  
  Serve at room temperature with tea or coffee.
  
  Makes about 20.
  
  Posted to JEWISH-FOOD digest V97 #057 by alotzkar@direct.ca (Al) on Jan 18,
  1904.
 
</step></directions></recipe></recipeml>
