<?xml version="1.0" encoding="UTF-8"?>

<recipeml version="0.5">
  <recipe>
    <head>
      <title>Walnut Tart</title>
      <categories>
        <cat>None</cat></categories>
      <yield>10</yield></head>
    <ingredients>
      <ing-div>
        <title/>
        <ing>
          <amt>
            <qty>1/3</qty>
            <unit>cups</unit></amt>
          <item>Butter or margarine; softened</item></ing>
        <ing>
          <amt>
            <qty>1/4</qty>
            <unit>cups</unit></amt>
          <item>Sugar</item></ing>
        <ing>
          <amt>
            <qty>1</qty>
            <unit/></amt>
          <item>Egg yolk</item></ing>
        <ing>
          <amt>
            <qty>1</qty>
            <unit>cup</unit></amt>
          <item>All-purpose flour</item></ing></ing-div>
      <ing-div>
        <title>FILLING</title>
        <ing>
          <amt>
            <qty>2</qty>
            <unit>cups</unit></amt>
          <item>Coarsely chopped walnuts</item></ing>
        <ing>
          <amt>
            <qty>2/3</qty>
            <unit>cups</unit></amt>
          <item>Packed brown sugar</item></ing>
        <ing>
          <amt>
            <qty>1/4</qty>
            <unit>cups</unit></amt>
          <item>Butter or margarine</item></ing>
        <ing>
          <amt>
            <qty>1/4</qty>
            <unit>cups</unit></amt>
          <item>Dark corn syrup</item></ing>
        <ing>
          <amt>
            <qty>1/2</qty>
            <unit>cups</unit></amt>
          <item>Whipping cream; divided</item></ing></ing-div></ingredients>
    <directions>
      <step>  In a mixing bowl, cream butter and sugar until fluffy. Add egg yolk; mix
  well. Add flour just until blended (mixture will be crumbly). Press onto
  bottom and up sides of an ungreased 9-inch tart pan with removeable bottom.
  Bake at 375° for 12-14 minutes. Cool in the pan on a wire rack. Sprinkle
  nuts over crust. In a heavy saucepan, combine sugar, butter, corn syrup and
  2 tbsp of cream. Boil and stir over medium heat for 1 minute. Pour over
  walnuts. Bake at 375° for 10-12 minutes or until bubbly. Cool. Beat
  remaining cream until stiff. Serve tart at room temperature with whipped
  cream.
  
  Recipe by: Country Woman - November/December 1997
  
  Posted to MC-Recipe Digest V1 #963 by The Taillons &lt;taillon@earthlink.net&gt;
  on Dec 13, 1997
 
</step></directions></recipe></recipeml>
