<?xml version="1.0" encoding="UTF-8"?>

<recipeml version="0.5">
  <recipe>
    <head>
      <title>Walnut Shrimp</title>
      <categories>
        <cat>Fish</cat>
        <cat>Kooknet</cat>
        <cat>Cyberealm</cat>
        <cat>Ethnic</cat></categories>
      <yield>4</yield></head>
    <ingredients>
      <ing>
        <amt>
          <qty>1</qty>
          <unit>pound</unit></amt>
        <item>Medium shrimp, peeled and</item></ing>
      <ing>
        <amt>
          <qty/>
          <unit/></amt>
        <item>Deveined</item></ing>
      <ing>
        <amt>
          <qty/>
          <unit/></amt>
        <item>Coating:</item></ing>
      <ing>
        <amt>
          <qty>1</qty>
          <unit/></amt>
        <item>Egg white</item></ing>
      <ing>
        <amt>
          <qty>1</qty>
          <unit>teaspoon</unit></amt>
        <item>Salt</item></ing>
      <ing>
        <amt>
          <qty>2</qty>
          <unit>teaspoons</unit></amt>
        <item>Cornstarch</item></ing>
      <ing>
        <amt>
          <qty/>
          <unit/></amt>
        <item>Other ingredients:</item></ing>
      <ing>
        <amt>
          <qty>1/2</qty>
          <unit>cups</unit></amt>
        <item>Peanut oil, for velveting</item></ing>
      <ing>
        <amt>
          <qty>2</qty>
          <unit>teaspoons</unit></amt>
        <item>Fresh ginger, finely chopped</item></ing>
      <ing>
        <amt>
          <qty>2</qty>
          <unit>tablespoons</unit></amt>
        <item>Fresh scallions chopped fine</item></ing>
      <ing>
        <amt>
          <qty>1/2</qty>
          <unit>cups</unit></amt>
        <item>Walnuts, unsalted cashews,</item></ing>
      <ing>
        <amt>
          <qty/>
          <unit/></amt>
        <item>Or almonds, roasted</item></ing>
      <ing>
        <amt>
          <qty>1/2</qty>
          <unit>teaspoons</unit></amt>
        <item>Salt</item></ing>
      <ing>
        <amt>
          <qty>1</qty>
          <unit>tablespoon</unit></amt>
        <item>Hoisin sauce</item></ing>
      <ing>
        <amt>
          <qty>1</qty>
          <unit>tablespoon</unit></amt>
        <item>Rice wine</item></ing>
      <ing>
        <amt>
          <qty>6</qty>
          <unit>tablespoons</unit></amt>
        <item>Chicken stock</item></ing>
      <ing>
        <amt>
          <qty>1/2</qty>
          <unit>teaspoons</unit></amt>
        <item>Cornstarch mixed with 1/2</item></ing>
      <ing>
        <amt>
          <qty/>
          <unit/></amt>
        <item>Ts water</item></ing>
      <ing>
        <amt>
          <qty>1</qty>
          <unit>teaspoon</unit></amt>
        <item>Sesame oil</item></ing></ingredients>
    <directions>
      <step>  Combine shrimp with coating ingredients in a bowl; mix well and refrigerate
  for 20 minutes.  Heat wok or large skillet until hot and add peanut oil.
  When oil is just warm, quickly add shrimp, stir to separate, and turn off
  heat.  Allow shrimp o sit in the warm oil for about 2 minutes; drain in a
  colander set inside a stainless steel bowl. Wipe the wok clean, return 1
  1/2 tb of the drained oil to the wok, and add the ginger and scallions,
  stir frying for 30 seconds. Stir in the walnuts or cashews, salt, and
  continue to stir fry another 30 seconds. Return the shrimp to the wok with
  the remaining ingredients and stir fry another 2 minutes. Turn out onto a
  platter and serve at once. Serve with fried rice
  
  Modified from:  Great Food Without Fuss by Frances McCullough and Barbara
  Witt, Henry Holt and Company, New York, 1992 Typed by: Loren Martin for
  Cyberealm's KookNet
  
  From Gemini's MASSIVE MealMaster collection at www.synapse.com/~gemini
 
</step></directions></recipe></recipeml>
