<?xml version="1.0" encoding="UTF-8"?>

<recipeml version="0.5">
  <recipe>
    <head>
      <title>Walnut Creams</title>
      <categories>
        <cat>Candies</cat></categories>
      <yield>24</yield></head>
    <ingredients>
      <ing>
        <amt>
          <qty>2/3</qty>
          <unit>cups</unit></amt>
        <item>Sweetened condensed milk</item></ing>
      <ing>
        <amt>
          <qty>4 1/2</qty>
          <unit>cups</unit></amt>
        <item>Sifted confectioners' sugar</item></ing>
      <ing>
        <amt>
          <qty>1</qty>
          <unit>teaspoon</unit></amt>
        <item>Vanilla</item></ing>
      <ing>
        <amt>
          <qty>1/8</qty>
          <unit>teaspoons</unit></amt>
        <item>Salt</item></ing>
      <ing>
        <amt>
          <qty/>
          <unit/></amt>
        <item>Food coloring</item></ing>
      <ing>
        <amt>
          <qty/>
          <unit/></amt>
        <item>Walnut pieces</item></ing></ingredients>
    <directions>
      <step>  DIRECTIONS: Mix well first 4 ingredients. Knead until smooth. Divide; color
  half pink and half green. Shape in 3/4" balls, and press a piece of walnut
  on each. Let stand until firm.
  
  Source: Mom's old magazine clippings- 1940's to 1970's
  
  From: Sallie Austin
  
  From Gemini's MASSIVE MealMaster collection at www.synapse.com/~gemini
 
</step></directions></recipe></recipeml>
