<?xml version="1.0" encoding="UTF-8"?>

<recipeml version="0.5">
  <recipe>
    <head>
      <title>Walnut Cream Roll</title>
      <categories>
        <cat>None</cat></categories>
      <yield>1</yield></head>
    <ingredients>
      <ing>
        <amt>
          <qty>4</qty>
          <unit/></amt>
        <item>Egg whites</item></ing>
      <ing>
        <amt>
          <qty>1/2</qty>
          <unit>teaspoons</unit></amt>
        <item>Salt</item></ing>
      <ing>
        <amt>
          <qty>1</qty>
          <unit>teaspoon</unit></amt>
        <item>Vanilla</item></ing>
      <ing>
        <amt>
          <qty>1/2</qty>
          <unit>cups</unit></amt>
        <item>Sugar</item></ing>
      <ing>
        <amt>
          <qty>4</qty>
          <unit/></amt>
        <item>Egg yolks</item></ing>
      <ing>
        <amt>
          <qty>1/4</qty>
          <unit>cups</unit></amt>
        <item>Sifted enriched flour (boy sure is dated)</item></ing>
      <ing>
        <amt>
          <qty>1/2</qty>
          <unit>cups</unit></amt>
        <item>Chopped (Calif) walnuts</item></ing>
      <ing>
        <amt>
          <qty>1</qty>
          <unit>cup</unit></amt>
        <item>Heavy cream, whipped, sweetened</item></ing></ingredients>
    <directions>
      <step>  under cakes of all places. BETTER HOMES AND GARDENS DESSERT COOK BOOK (pg.
  49)
  
  Beat whites with salt and vanilla till soft peaks form. Gradually beat in
  sugar. Beat yolks til thick and lemon-colored. Fold yolks into whites;
  carefully fold in flour and nuts. Line bottom and side of 15 1/2 x 10 1/2 x
  1 inch jelly-roll pan with waxed paper. Spread batter evenly in pan. Bake
  in moderate oven (375 deg) 12 minutes or till cake springs back when
  lightly touched. Cool 5 minutes. Loosen sides of cake; turn out onto towel
  sprinkled with sifted confectioner's sugar. Peel off paper; cool to
  lukewarm. Starting at narrow end, roll cake and towel together; cook on
  rack. Unroll; spread with whipped cream. Reroll cake; chill Posted to
  JEWISH-FOOD digest V97 #145 by Sharon Barish &lt;slbarish@execpc.com&gt; on Apr
  30, 1997
 
</step></directions></recipe></recipeml>
