<?xml version="1.0" encoding="UTF-8"?>

<recipeml version="0.5">
  <recipe>
    <head>
      <title>Walnut Filling for Nut and Poppyseed Rolls</title>
      <categories>
        <cat>Kosher</cat>
        <cat>Desserts</cat></categories>
      <yield>1</yield></head>
    <ingredients>
      <ing>
        <amt>
          <qty>1</qty>
          <unit>pound</unit></amt>
        <item>Ground walnuts</item></ing>
      <ing>
        <amt>
          <qty>1</qty>
          <unit/></amt>
        <item>Med. apple, grated</item></ing>
      <ing>
        <amt>
          <qty>2</qty>
          <unit>cups</unit></amt>
        <item>Sugar (or a little less)</item></ing></ingredients>
    <directions>
      <step>  Mix together and add enough cold water to moisten, about 1 to 2 tbs.
  Mixture should be moist--not wet.
  
  Will fill 1/2 of #164 dough.
  
  From Gemini's MASSIVE MealMaster collection at www.synapse.com/~gemini
 
</step></directions></recipe></recipeml>
