<?xml version="1.0" encoding="UTF-8"?>

<recipeml version="0.5">
  <recipe>
    <head>
      <title>Walnut Praline Cheesecake</title>
      <categories>
        <cat>Pie</cat></categories>
      <yield>8</yield></head>
    <ingredients>
      <ing-div>
        <title/>
        <ing>
          <amt>
            <qty>3/4</qty>
            <unit>cups</unit></amt>
          <item>Graham cracker crumbs</item></ing>
        <ing>
          <amt>
            <qty>1/2</qty>
            <unit>cups</unit></amt>
          <item>Walnuts; toased, finely chopd</item></ing>
        <ing>
          <amt>
            <qty>1/4</qty>
            <unit>cups</unit></amt>
          <item>Firmly packed brown sugar</item></ing>
        <ing>
          <amt>
            <qty>1/4</qty>
            <unit>cups</unit></amt>
          <item>Margarine; melted</item></ing>
        <ing>
          <amt>
            <qty>24</qty>
            <unit>ounces</unit></amt>
          <item>Cream cheese; softened</item></ing>
        <ing>
          <amt>
            <qty>1</qty>
            <unit>can</unit></amt>
          <item>(14-oz) sweetened condensed milk</item></ing>
        <ing>
          <amt>
            <qty>3</qty>
            <unit/></amt>
          <item>Eggs</item></ing>
        <ing>
          <amt>
            <qty>2</qty>
            <unit>teaspoons</unit></amt>
          <item>Vanilla</item></ing></ing-div>
      <ing-div>
        <title>TOPPING</title>
        <ing>
          <amt>
            <qty>1/3</qty>
            <unit>cups</unit></amt>
          <item>Firmly packed dark brown sugar</item></ing>
        <ing>
          <amt>
            <qty>1/3</qty>
            <unit>cups</unit></amt>
          <item>Whipping cream</item></ing>
        <ing>
          <amt>
            <qty>1/2</qty>
            <unit>cups</unit></amt>
          <item>Chopped toasted walnuts</item></ing></ing-div></ingredients>
    <directions>
      <step>  From: Bobb1744@aol.com
  
  Date: Thu, 29 Feb 1996 21:35:08 -0500
  
  Recipe By: Eagle Brand recipe/Bob b1744
  Preheat oven to 300 f. Combine crumbs, walnuts, sugar and margarine. Press
  into a 9" springform pan. In large mixer bowl, beat cheese until fluffy.
  Gradually beat in sweetened condensed milk, then eggs and vanilla until
  smooth. Pour into pan. Bake for 55 minutes or until center is set. Cool.
  Top with Walnut Praline Topping. chill. Refrigerate leftovers.
  
  Walnut Praline Topping: In saucepan, combine 1/3 cup each fimrly packed
  dark brown sugar and whipping cream. Cook and stir until sugar dissolves.
  Simmer for 5 minutes or until thickened. Add 1/2 cup chopped toasted
  walnuts.
  
  MC-RECIPE@MASTERCOOK.COM
  
  MASTERCOOK RECIPES LIST SERVER
  
  From the MasterCook recipe list.  Downloaded from Glen's MM Recipe Archive,
  http://www.erols.com/hosey.
 
</step></directions></recipe></recipeml>
