<?xml version="1.0" encoding="UTF-8"?>

<recipeml version="0.5">
  <recipe>
    <head>
      <title>Walnut Rum Meringues</title>
      <categories>
        <cat>Cookie</cat></categories>
      <yield>16</yield></head>
    <ingredients>
      <ing-div>
        <title/>
        <ing>
          <amt>
            <qty>1</qty>
            <unit/></amt>
          <item>Egg white</item></ing>
        <ing>
          <amt>
            <qty>1</qty>
            <unit>teaspoon</unit></amt>
          <item>Cornflour (cornstarch)</item></ing>
        <ing>
          <amt>
            <qty>1/2</qty>
            <unit>cups</unit></amt>
          <item>Castor (granulated) sugar</item></ing>
        <ing>
          <amt>
            <qty>60</qty>
            <unit>grams</unit></amt>
          <item>Walnuts</item></ing>
        <ing>
          <amt>
            <qty>2</qty>
            <unit>teaspoons</unit></amt>
          <item>Rum</item></ing></ing-div>
      <ing-div>
        <title>CHOCOLATE CREAM</title>
        <ing>
          <amt>
            <qty>125</qty>
            <unit>grams</unit></amt>
          <item>Butter</item></ing>
        <ing>
          <amt>
            <qty>1/2</qty>
            <unit>teaspoons</unit></amt>
          <item>Rum</item></ing>
        <ing>
          <amt>
            <qty>1</qty>
            <unit>cup</unit></amt>
          <item>Icing (powdered) sugar</item></ing>
        <ing>
          <amt>
            <qty>60</qty>
            <unit>grams</unit></amt>
          <item>Dark chocolate</item></ing></ing-div></ingredients>
    <directions>
      <step>  From: ynnuf@yetti.amigans.gen.nz (Doreen Randal)
  
  Date: Mon, 29 Nov 93 21:09:38 PST
  Beat egg-white until soft peaks form, gradually add sugar, beat until
  dissolved. Fold in finely chopped walnuts, sifted cornflour and rum.  Drop
  half-teaspoonfuls of mixture on to well greased lightly-floured oven trays.
  Allow room for spreading. Bake in slow oven 30 mins. When cold, sandwich
  together with chocolate cream.
  
  CHOCOLATE CREAM: Melt thoroughly chopped chocolate in basin over hot water.
  Cool a little. Cream butter and sugar until light and fluffy. Stir in rum
  and chocolate. Refrigerate until ready to use.
  
  REC.FOOD.RECIPES ARCHIVES
  
  /MISC
  
  From rec.food.cooking archives.  Downloaded from Glen's MM Recipe Archive,
  http://www.erols.com/hosey.
 
</step></directions></recipe></recipeml>
