<?xml version="1.0" encoding="UTF-8"?>

<recipeml version="0.5">
  <recipe>
    <head>
      <title>Walsh Family Barbecue Pork</title>
      <categories>
        <cat>Crockpot</cat>
        <cat>Family</cat>
        <cat>Pork</cat></categories>
      <yield>4</yield></head>
    <ingredients>
      <ing>
        <amt>
          <qty>1</qty>
          <unit/></amt>
        <item>4-pound pork shoulder roast; boneless</item></ing>
      <ing>
        <amt>
          <qty>2</qty>
          <unit/></amt>
        <item>Cloves garlic; minced (up to 3)</item></ing>
      <ing>
        <amt>
          <qty>2</qty>
          <unit>large</unit></amt>
        <item>Onions; sliced in rings*</item></ing>
      <ing>
        <amt>
          <qty>2</qty>
          <unit>cups</unit></amt>
        <item>Barbecue sauce</item></ing>
      <ing>
        <amt>
          <qty>1</qty>
          <unit>cup</unit></amt>
        <item>Ginger ale</item></ing>
      <ing>
        <amt>
          <qty/>
          <unit/></amt>
        <item>Sandwich buns</item></ing></ingredients>
    <directions>
      <step>  *use sweet onions like Maui or Texas Sweet.
  
  Place half of the onion rings in crockpot. Add the roast and then the rest
  of onions and garlic. Pour in 1 cup of ginger ale. Cover and cook on LOW
  for 8-10 hours, or until pork can be easily shredded. Remove pork from pot
  and shred. Remove onions and add to shredded pork in a bowl. Discard juice
  in pot. Return onions and pork to pot, add barbecue sauce and mix. Continue
  to cook on LOW for 3-4 hours. Makes great barbecue sandwiches.
  
  Freeze leftovers in ice cube trays. When frozen, remove to zip bags. Thaw
  2-3 for sandwich; 1 for baked potato topping; 2-3 for barbecue pork pasta.
  
  Recipe by: Molly Walsh
  
  Posted to TNT Recipes Digest, Vol 01, Nr 952 by mollywalsh@juno.com (Molly
  Walsh) on Jan 19, 1998
 
</step></directions></recipe></recipeml>
