<?xml version="1.0" encoding="UTF-8"?>

<recipeml version="0.5">
  <recipe>
    <head>
      <title>Walt's Habanero Jelly</title>
      <categories>
        <cat>Jelly</cat>
        <cat>Chiles</cat></categories>
      <yield>6</yield></head>
    <ingredients>
      <ing>
        <amt>
          <qty>2</qty>
          <unit/></amt>
        <item>Orange bell peppers</item></ing>
      <ing>
        <amt>
          <qty>5</qty>
          <unit/></amt>
        <item>Habanero Chiles</item></ing>
      <ing>
        <amt>
          <qty/>
          <unit/></amt>
        <item>To</item></ing>
      <ing>
        <amt>
          <qty>15</qty>
          <unit/></amt>
        <item>Habanero Chiles</item></ing>
      <ing>
        <amt>
          <qty>5</qty>
          <unit>cups</unit></amt>
        <item>Sugar</item></ing>
      <ing>
        <amt>
          <qty>1 1/2</qty>
          <unit>cups</unit></amt>
        <item>Cider vinegar</item></ing>
      <ing>
        <amt>
          <qty>1</qty>
          <unit/></amt>
        <item>Dry Pectin (Sure Jell etc.)</item></ing>
      <ing>
        <amt>
          <qty>1</qty>
          <unit>teaspoon</unit></amt>
        <item>Butter-to prevent foaming</item></ing>
      <ing>
        <amt>
          <qty>6</qty>
          <unit/></amt>
        <item>1/2 pt canning jars</item></ing>
      <ing>
        <amt>
          <qty/>
          <unit/></amt>
        <item>Sterilized</item></ing>
      <ing>
        <amt>
          <qty>6</qty>
          <unit/></amt>
        <item>Canning lids - sterilized</item></ing></ingredients>
    <directions>
      <step>  	Seed and stem bell peppers, cut into pieces and process in a food
  processor. Do not puree. Seed and stem habaneros leaving as many seeds as
  you want heat.  Process in a food processor as with the bell peppers.
  Removing the seeds will remove part of the vein, therefore the heat. Use
  only the small amount if you want a milder jelly. 	Place sugar in a
  separate bowl.  Place the chiles, bell peppers, vinegar, dry pectin and
  butter in a large stainless steel pot. Bring this to a rolling boil (one
  that does not stop when stirred). Stirring constantly. 	Add sugar
  immediatly to chile mixture. Return to a rolling boil and boil exactly one
  minute.  Stirring constantly. Remove from heat and skim off any foam.
  	Immediatly fill jars to 1/8 inch from the top. Cover with flat lids and
  screw bands tightly. Invert jars for 5 minutes to distribute the chiles.
  After jars are cool check seal by pressing middle of top with your finger.
  If the bubble springs up jars are not sealed. Walt MM
    Posted to CHILE-HEADS DIGEST V3 #111
  
    Date: Sun, 22 Sep 1996 19:42:31 -0400
  
    From: Walt Gray &lt;waltgray@mnsinc.com&gt;
 
</step></directions></recipe></recipeml>
