<?xml version="1.0" encoding="UTF-8"?>

<recipeml version="0.5">
  <recipe>
    <head>
      <title>Walt Willey's "Real Corn Pancakes"</title>
      <categories>
        <cat>None</cat></categories>
      <yield>1</yield></head>
    <ingredients>
      <ing>
        <amt>
          <qty>1/4</qty>
          <unit>cups</unit></amt>
        <item>Coarse yellow cornmeal</item></ing>
      <ing>
        <amt>
          <qty>1</qty>
          <unit>cup</unit></amt>
        <item>Water</item></ing>
      <ing>
        <amt>
          <qty>3</qty>
          <unit>tablespoons</unit></amt>
        <item>Unsalted butter</item></ing>
      <ing>
        <amt>
          <qty>3/4</qty>
          <unit>cups</unit></amt>
        <item>Unbleached all-purpose flour</item></ing>
      <ing>
        <amt>
          <qty>1</qty>
          <unit>pinch</unit></amt>
        <item>Salt</item></ing>
      <ing>
        <amt>
          <qty>1/2</qty>
          <unit>teaspoons</unit></amt>
        <item>Baking powder</item></ing>
      <ing>
        <amt>
          <qty>2</qty>
          <unit/></amt>
        <item>Eggs; lightly beaten</item></ing>
      <ing>
        <amt>
          <qty>1/2</qty>
          <unit>cups</unit></amt>
        <item>Milk</item></ing>
      <ing>
        <amt>
          <qty>1/4</qty>
          <unit>cups</unit></amt>
        <item>Sour cream</item></ing>
      <ing>
        <amt>
          <qty>2</qty>
          <unit>tablespoons</unit></amt>
        <item>Maple syrup</item></ing>
      <ing>
        <amt>
          <qty>3/4</qty>
          <unit>cups</unit></amt>
        <item>Canned corn kernels</item></ing></ingredients>
    <directions>
      <step>  Combine the cornmeal and the water in a saucepan. Constantly stir the
  mixture while it cooks until smooth and thick. Add butter to the
  cornmeal/water mixture, continue stirring. Set the mixture aside to cool
  sligthly.
  
  Mix the dry ingredients: in a bowl combine flour, salt, baking powder and
  baking soda...mix well...set aside. Into the cooled cornmeal mixture, add 2
  lightly beaten eggs, milk, sour cream and the maple syrup.
  
  Gently fold the flour mixture and the corn into the pan of cornmeal, stir
  well.
  
  Drop the batter by tablespoons into a preheated, pre-greased griddle. Cook
  until bubbles form and edges set (approx. 1 minute) then flip and cook
  until golden.
  Posted to recipelu-digest Volume 01 Number 472 by "bunny"
  &lt;layla696@ix.netcom.com&gt; on Jan 7, 1998
 
</step></directions></recipe></recipeml>
