<?xml version="1.0" encoding="UTF-8"?>

<recipeml version="0.5">
  <recipe>
    <head>
      <title>Walter Jetton's Texas Cole Slaw</title>
      <categories>
        <cat>Salads</cat>
        <cat>Sides</cat></categories>
      <yield>20</yield></head>
    <ingredients>
      <ing>
        <amt>
          <qty>3</qty>
          <unit>pounds</unit></amt>
        <item>Fresh cabbage</item></ing>
      <ing>
        <amt>
          <qty>2</qty>
          <unit>large</unit></amt>
        <item>Dill pickles; chopped</item></ing>
      <ing>
        <amt>
          <qty>1/2</qty>
          <unit>cups</unit></amt>
        <item>Mayonnaise</item></ing>
      <ing>
        <amt>
          <qty>1/2</qty>
          <unit>cups</unit></amt>
        <item>Sugar</item></ing>
      <ing>
        <amt>
          <qty>1</qty>
          <unit>teaspoon</unit></amt>
        <item>Salt</item></ing>
      <ing>
        <amt>
          <qty>Shred</qty>
          <unit>up</unit></amt>
        <item>the cabbage and add all the other ingredients. Mix well and let</item></ing></ingredients>
    <directions>
      <step>  stand a while before serving so that the flavors blend.
  
  Walter Jetton was the caterer to the LBJ ranch.
  
  Compliments of Garry's Home Cooking - http://cooking.netrelief.com Garry
  Howard - Cambridge, MA - garry@netrelief.com
  
  Recipe by: Walter Jetton's LBJ Barbecue Book (1965)
  
  Posted to MC-Recipe Digest by "Garry Howard" &lt;garry@netrelief.com&gt; on May
  17, 1998
 
</step></directions></recipe></recipeml>
