<?xml version="1.0" encoding="UTF-8"?>

<recipeml version="0.5">
  <recipe>
    <head>
      <title>Walter Mcilhenny's Chili</title>
      <categories>
        <cat>Tabasco</cat></categories>
      <yield>4</yield></head>
    <ingredients>
      <ing>
        <amt>
          <qty>1/4</qty>
          <unit>cups</unit></amt>
        <item>Vegetable oil</item></ing>
      <ing>
        <amt>
          <qty>3</qty>
          <unit>pounds</unit></amt>
        <item>Lean beef chuck; well trimmed, cut into 1-inch cubes</item></ing>
      <ing>
        <amt>
          <qty>1</qty>
          <unit>cup</unit></amt>
        <item>Chopped onion</item></ing>
      <ing>
        <amt>
          <qty>3</qty>
          <unit/></amt>
        <item>Cloves garlic; minced</item></ing>
      <ing>
        <amt>
          <qty>3</qty>
          <unit>tablespoons</unit></amt>
        <item>Chili powder</item></ing>
      <ing>
        <amt>
          <qty>2</qty>
          <unit>teaspoons</unit></amt>
        <item>Ground cumin</item></ing>
      <ing>
        <amt>
          <qty>2</qty>
          <unit>teaspoons</unit></amt>
        <item>Salt</item></ing>
      <ing>
        <amt>
          <qty>2</qty>
          <unit>teaspoons</unit></amt>
        <item>TABASCO pepper sauce</item></ing>
      <ing>
        <amt>
          <qty>3</qty>
          <unit>cups</unit></amt>
        <item>Water</item></ing>
      <ing>
        <amt>
          <qty>1</qty>
          <unit>can</unit></amt>
        <item>Chopped green chilies; drained (4 ounces)</item></ing>
      <ing>
        <amt>
          <qty/>
          <unit/></amt>
        <item>Hot Cooked Rice</item></ing></ingredients>
    <directions>
      <step>  In 5-quart Dutch oven or saucepot, heat oil over medium-high heat. Add
  beef, 1/3 at a time; cook until browned on all sides. Remove; set aside.
  Add onion and garlic; stirring frequently, cook 5 minutes or until tender.
  Stir in chili powder, cumin, salt and Tabasco pepper sauce; cook 1 minute.
  Add water and chilies; bring to a boil. Return beef to Dutch oven. Reduce
  heat and simmer 1 1/2 hours or until beef is tender. Serve over rice with
  chopped onion, shredded cheese and sour cream, if desired.
  
  Busted by Karen Sonnessa &lt;ksonness@suffolk.lib.ny.us&gt;
  
  Recipe by: Tabasco www.tabasco.com
  
  Posted to MC-Recipe Digest by "Karen Sonnessa" &lt;ksonness@suffolk.lib.ny.us&gt;
  on Apr 16, 1998
 
</step></directions></recipe></recipeml>
