<?xml version="1.0" encoding="UTF-8"?>

<recipeml version="0.5">
  <recipe>
    <head>
      <title>Bacon 'n Cheese Muffins</title>
      <categories>
        <cat>None</cat></categories>
      <yield>1</yield></head>
    <ingredients>
      <ing>
        <amt>
          <qty>1 3/4</qty>
          <unit>cups</unit></amt>
        <item>Flour</item></ing>
      <ing>
        <amt>
          <qty>1/3</qty>
          <unit>cups</unit></amt>
        <item>Yellow cornmeal</item></ing>
      <ing>
        <amt>
          <qty>2</qty>
          <unit>tablespoons</unit></amt>
        <item>Sugar</item></ing>
      <ing>
        <amt>
          <qty>2</qty>
          <unit>teaspoons</unit></amt>
        <item>Baking powder</item></ing>
      <ing>
        <amt>
          <qty>1/4</qty>
          <unit>teaspoons</unit></amt>
        <item>Salt</item></ing>
      <ing>
        <amt>
          <qty>1/8</qty>
          <unit>teaspoons</unit></amt>
        <item>Ground red pepper; (optional)</item></ing>
      <ing>
        <amt>
          <qty>8</qty>
          <unit>slices</unit></amt>
        <item>Bacon; cooked, drained, and crumbled</item></ing>
      <ing>
        <amt>
          <qty>2/3</qty>
          <unit>cups</unit></amt>
        <item>Cheddar cheese; shredded</item></ing>
      <ing>
        <amt>
          <qty>1</qty>
          <unit>cup</unit></amt>
        <item>Milk</item></ing>
      <ing>
        <amt>
          <qty>1</qty>
          <unit/></amt>
        <item>Egg; lightly beaten</item></ing>
      <ing>
        <amt>
          <qty>3</qty>
          <unit>tablespoons</unit></amt>
        <item>Butter or margarine; melted and cooked</item></ing>
      <ing>
        <amt>
          <qty>1/2</qty>
          <unit>teaspoons</unit></amt>
        <item>Spicy mustard</item></ing></ingredients>
    <directions>
      <step>  (Source: Muffin Madness)
  
  Preheat oven to 400 degrees. In a large bowl stir together flour, cornmeal,
  sugar, baking powder, salt, and red pepper; stir in bacon and cheese to
  coat. In another bowl stir together milk, egg, butter, and mustard until
  blended. Make a well in center of dry ingredients; add milk mixture and
  stir just to combine. Spoon batter into prepared muffin tins. Bake 20 to 25
  minutes or until a cake tester inserted in center of one muffin comes out
  clean. Remove muffin tin or tins to wire rack. Cool 5 minutes before
  removing muffins from cups. Finish cooling on rack. Serve warm or cool
  completely and store in airtight container in refrigerator. Let muffins
  reach room temperature or warm slightly before serving. Yield: 10 muffins
  
  Posted to TNT Recipes Digest by vergie1@juno.com (Vergie A Ewing) on Mar 6,
  1998
 
</step></directions></recipe></recipeml>
