<?xml version="1.0" encoding="UTF-8"?>

<recipeml version="0.5">
  <recipe>
    <head>
      <title>Bacon-Wrapped Meatballs</title>
      <categories>
        <cat>Southern li</cat>
        <cat>Family &amp; fr</cat></categories>
      <yield>2</yield></head>
    <ingredients>
      <ing>
        <amt>
          <qty>1/2</qty>
          <unit>pounds</unit></amt>
        <item>Ground beef</item></ing>
      <ing>
        <amt>
          <qty>1/4</qty>
          <unit>cups</unit></amt>
        <item>Cold water</item></ing>
      <ing>
        <amt>
          <qty>2</qty>
          <unit>teaspoons</unit></amt>
        <item>Minced onions</item></ing>
      <ing>
        <amt>
          <qty>1/2</qty>
          <unit>teaspoons</unit></amt>
        <item>Salt</item></ing>
      <ing>
        <amt>
          <qty>1/4</qty>
          <unit>teaspoons</unit></amt>
        <item>Seasoned pepper</item></ing>
      <ing>
        <amt>
          <qty>4</qty>
          <unit>slices</unit></amt>
        <item>Bacon; cut in half crosswis</item></ing></ingredients>
    <directions>
      <step>  Combine first 5 ingredients, mixing well; shape into 8 meatballs. Roll
  bacon pieces aroung meatballs, and secure with toothpicks. Saute over
  medium heat until bacon is crisp and brown; drain off fat. If meatballs are
  not done, cover and simmer an additional 5 to 7 minutes.
  
  Sourse: Mrs. Marian Jenkins, Savannah, Georgia; Souther Living Magazine,
  April 1979.
  
  Recipe by: Southern Living, April 1979
  
  Posted to MC-Recipe Digest by Barb at PK  &lt;abprice@wf.net&gt; on Apr 17, 1998
 
</step></directions></recipe></recipeml>
