<?xml version="1.0" encoding="UTF-8"?>

<recipeml version="0.5">
  <recipe>
    <head>
      <title>Bacon-Wrapped Beans</title>
      <categories>
        <cat>Vegetable</cat></categories>
      <yield>6</yield></head>
    <ingredients>
      <ing>
        <amt>
          <qty/>
          <unit/></amt>
        <item>Bacon (less than a pound)</item></ing>
      <ing>
        <amt>
          <qty>2</qty>
          <unit>cans</unit></amt>
        <item>Whole green beans</item></ing>
      <ing>
        <amt>
          <qty>1</qty>
          <unit>can</unit></amt>
        <item>Golden mushroom soup</item></ing></ingredients>
    <directions>
      <step>  Wrap 1/3 slice bacon around a bundle of beans. Make small bundles of beans.
  Place bundles in a 9x12-inch glass baking dish. Spoon soup over beans.
  Cover with foil. Bake at 350 for 30 minutes. Remove foil &amp; bake about 10
  minutes more.
  
  LINDA MINK
  
  From &lt;Simply Southern&gt;, the Desoto School Mothers' Assn, Helena-West
  Helena, AR 72390.  Downloaded from Glen's MM Recipe Archive,
  http://www.erols.com/hosey.
 
</step></directions></recipe></recipeml>
