<?xml version="1.0" encoding="UTF-8"?>

<recipeml version="0.5">
  <recipe>
    <head>
      <title>Bacon-Oyster Bites</title>
      <categories>
        <cat>Appetizer</cat></categories>
      <yield>8</yield></head>
    <ingredients>
      <ing>
        <amt>
          <qty>8</qty>
          <unit>slices</unit></amt>
        <item>Bacon</item></ing>
      <ing>
        <amt>
          <qty>1/2</qty>
          <unit>cups</unit></amt>
        <item>Herbed seasoned stuffing</item></ing>
      <ing>
        <amt>
          <qty>1</qty>
          <unit>can</unit></amt>
        <item>(5-oz) oysters; chopped</item></ing>
      <ing>
        <amt>
          <qty>1/4</qty>
          <unit>cups</unit></amt>
        <item>Water</item></ing></ingredients>
    <directions>
      <step>  Preheat oven to 350ø. Cut bacon slices in half and cook slightly. DO NOT
  OVERCOOK.  Bacon must be soft enough to roll easiiy around balls. Combine
  stuffing, oysters and water.  Roll into bite-sized balls, approximately 16.
  Wrap balls in bacon. Bake at 350ø for 25 minutes. Serve warm.
  
  From &lt;Traditions: A Taste of the Good Life&gt;, by the Little Rock (AR) Junior
  League.  Downloaded from Glen's MM Recipe Archive,
  http://www.erols.com/hosey.
 
</step></directions></recipe></recipeml>
