<?xml version="1.0" encoding="UTF-8"?>

<recipeml version="0.5">
  <recipe>
    <head>
      <title>Bacon and Cheese Sourdough Muffins</title>
      <categories>
        <cat>Sourdough</cat>
        <cat>Muffins</cat></categories>
      <yield>12</yield></head>
    <ingredients>
      <ing>
        <amt>
          <qty>4</qty>
          <unit>slices</unit></amt>
        <item>Bacon</item></ing>
      <ing>
        <amt>
          <qty>1 1/2</qty>
          <unit>cups</unit></amt>
        <item>All-purpose flour</item></ing>
      <ing>
        <amt>
          <qty>2</qty>
          <unit>teaspoons</unit></amt>
        <item>Baking powder</item></ing>
      <ing>
        <amt>
          <qty>1/4</qty>
          <unit>teaspoons</unit></amt>
        <item>Baking soda</item></ing>
      <ing>
        <amt>
          <qty>1/2</qty>
          <unit>teaspoons</unit></amt>
        <item>Salt</item></ing>
      <ing>
        <amt>
          <qty>1/4</qty>
          <unit>cups</unit></amt>
        <item>Sugar</item></ing>
      <ing>
        <amt>
          <qty>1/2</qty>
          <unit>cups</unit></amt>
        <item>Shredded cheddar cheese 2-oz</item></ing>
      <ing>
        <amt>
          <qty>1</qty>
          <unit/></amt>
        <item>Egg</item></ing>
      <ing>
        <amt>
          <qty>1/2</qty>
          <unit>cups</unit></amt>
        <item>Sourdough starter</item></ing>
      <ing>
        <amt>
          <qty>2/3</qty>
          <unit>cups</unit></amt>
        <item>Milk</item></ing>
      <ing>
        <amt>
          <qty>1/3</qty>
          <unit>cups</unit></amt>
        <item>Vegetable oil or bacon drippings</item></ing></ingredients>
    <directions>
      <step>  In a skillet, cook bacon over medium heat until crisp. Reserve bacon
  drippings, if desired.  Drain cooked bacon on paper towels. Crumble and set
  aside.  Grease 12 muffin cups or line with paper liners; set aside. Preheat
  oven to 400~F.  In a large bowl, sitr together flour, baking powder, baking
  soda, salt and sugar. Stir in cheese; set aside. In a medium bowl, beat
  egg. Stir in sourdough starter, milk and oil or drippings. Add to flour
  mixture.  Stir with fork until dry ingredients are just moistened. Fold in
  crumbled bacon. Fill prepared muffin cups 2/3 to 3/4 full with batter. Bake
  in preheated oven 20 to 25 minutes or until golden brown. Remove from
  muffin cups.  Serve hot.
  
  Great for breakfast with a glass of orange juice! These turned out
  absolutely WONDERFUL.  I would suggest greasing the muffin tins very well.
  The cheese tends to make them stick a little!
  
  Formatted to MM by SALlie Kratz.   From THE SOURDOUGH COOKBOOK by Rita
  Davenport.
  
  From Gemini's MASSIVE MealMaster collection at www.synapse.com/~gemini
 
</step></directions></recipe></recipeml>
