<?xml version="1.0" encoding="UTF-8"?>

<recipeml version="0.5">
  <recipe>
    <head>
      <title>Bacon-Rosemary Roasted Capon</title>
      <categories>
        <cat>Country</cat>
        <cat>Living (</cat>
        <cat>January 199</cat></categories>
      <yield>12</yield></head>
    <ingredients>
      <ing>
        <amt>
          <qty>1/4</qty>
          <unit>pounds</unit></amt>
        <item>Bacon; sliced, cut up</item></ing>
      <ing>
        <amt>
          <qty>2</qty>
          <unit>tablespoons</unit></amt>
        <item>Olive oil</item></ing>
      <ing>
        <amt>
          <qty>2</qty>
          <unit/></amt>
        <item>Cloves garlic</item></ing>
      <ing>
        <amt>
          <qty>1</qty>
          <unit>tablespoon</unit></amt>
        <item>Fresh rosemary leaves</item></ing>
      <ing>
        <amt>
          <qty>1/2</qty>
          <unit>teaspoons</unit></amt>
        <item>Ground black pepper</item></ing>
      <ing>
        <amt>
          <qty>1</qty>
          <unit/></amt>
        <item>8 pound capon or roasting chicken</item></ing>
      <ing>
        <amt>
          <qty>2</qty>
          <unit/></amt>
        <item>Bay leaves</item></ing>
      <ing>
        <amt>
          <qty>1</qty>
          <unit/></amt>
        <item>Sprig fresh rosemary</item></ing>
      <ing>
        <amt>
          <qty>1</qty>
          <unit/></amt>
        <item>Sprig fresh thyme</item></ing>
      <ing>
        <amt>
          <qty>3</qty>
          <unit>cups</unit></amt>
        <item>Chicken broth</item></ing>
      <ing>
        <amt>
          <qty/>
          <unit/></amt>
        <item>Fresh bay leafs; thyme sprgs &amp; rosemary sp, optional</item></ing></ingredients>
    <directions>
      <step>  In food processor fitted with chopping blade, process bacon, oil, garlic,
  rosemary leaves, and pepper until a thick paste forms.
  
  Heat oven to 475°F. In shallow, open roasting pan, place capon, breast side
  up, on wire rack. With pastry bushs, spread bacon paste over entire surface
  of capon. Place bay leaves and rosemary and thyme sprigs in cavity of
  capon. Tuck wing tip under shoulder joints. Push drumsticks under band of
  skin, if present, or with string, tie together.
  
  Roast capon 25 minutes or until golden brown. Loosely cover capon with
  aluminum foi. Reduce oven temperature to 350°F and roast capon 2 1/2 to 3
  hours longer or until meat thermometer inserted into inner thigh registers
  180°F.
  
  Transfer capon to large serving platter. To make sauce, remove wire rack
  and all fat from drippings in roasting pan. Pour in chicken broth and heat
  to boiling over high heat. With wooden spoon, scrape bottom of pan to
  loosen browned-on bits. Reduce heat to medium and cook 20 to 30 minutes or
  until sauce is reduced by half. Pour into sauceboat.
  
  To serve, garnish capo with bay leaves and herb sprigs, if desired. Serve
  sauce on the side.
  
  NOTES : A bacon and herb puree keeps the capon moist and gives it a smoky
  flavor.
  
  Recipe by: Country Living (January 1998)
  
  Posted to recipelu-digest by "Nesb2@aol.com" &lt;Nesb2@aol.com&gt; on Mar 24,
  1998
 
</step></directions></recipe></recipeml>
