<?xml version="1.0" encoding="UTF-8"?>

<recipeml version="0.5">
  <recipe>
    <head>
      <title>Bacon-Onion Croutons</title>
      <categories>
        <cat>Blank</cat></categories>
      <yield>12</yield></head>
    <ingredients>
      <ing>
        <amt>
          <qty>5</qty>
          <unit>slices</unit></amt>
        <item>Firm white bread</item></ing>
      <ing>
        <amt>
          <qty/>
          <unit/></amt>
        <item>Or 6 slices French bread</item></ing>
      <ing>
        <amt>
          <qty>2</qty>
          <unit>tablespoons</unit></amt>
        <item>Bacon drippings</item></ing>
      <ing>
        <amt>
          <qty>2</qty>
          <unit>tablespoons</unit></amt>
        <item>Olive oil or vegetable oil</item></ing>
      <ing>
        <amt>
          <qty>1/2</qty>
          <unit>teaspoons</unit></amt>
        <item>Onion powder</item></ing>
      <ing>
        <amt>
          <qty>1</qty>
          <unit>teaspoon</unit></amt>
        <item>Poppy seeds</item></ing></ingredients>
    <directions>
      <step>  Cut crusts from 5 slices firm white bread or 6 slices French bread. Dice
  bread into 1/2-inch cubes. In a large frying pan over medium heat, heat 2
  tablespoons bacon drippings with onion powder and poppy seeds. Add bread
  cubes, stirring well until coated with mixture. Transfer bread cubes to a
  rimmed baking sheet and spread in a single layer. Bake in a 300ø F oven
  until lightly browned and crisp (25 to
       30    minutes). Cool.
  
  Makes about two cups.
  
  Recipe By     : the California Culinary Academy
  
  Posted to MM-Recipes Digest V4 #195 by BobbieB1@aol.com on Jul 28, 1997
 
</step></directions></recipe></recipeml>
