<?xml version="1.0" encoding="UTF-8"?>

<recipeml version="0.5">
  <recipe>
    <head>
      <title>Bacon Bits and Cheddar Cheese Chicken</title>
      <categories>
        <cat>None</cat></categories>
      <yield>4</yield></head>
    <ingredients>
      <ing>
        <amt>
          <qty>1/2</qty>
          <unit>cups</unit></amt>
        <item>Bacon bits</item></ing>
      <ing>
        <amt>
          <qty>1/2</qty>
          <unit>cups</unit></amt>
        <item>Bread crumbs</item></ing>
      <ing>
        <amt>
          <qty>1/2</qty>
          <unit>teaspoons</unit></amt>
        <item>Thyme</item></ing>
      <ing>
        <amt>
          <qty>1/4</qty>
          <unit>teaspoons</unit></amt>
        <item>Savory</item></ing>
      <ing>
        <amt>
          <qty>1/4</qty>
          <unit>teaspoons</unit></amt>
        <item>Salt</item></ing>
      <ing>
        <amt>
          <qty>1/4</qty>
          <unit>teaspoons</unit></amt>
        <item>Black pepper</item></ing>
      <ing>
        <amt>
          <qty>1</qty>
          <unit/></amt>
        <item>Egg white -- whipped</item></ing>
      <ing>
        <amt>
          <qty>1</qty>
          <unit>pound</unit></amt>
        <item>Skinless boneless chicken</item></ing>
      <ing>
        <amt>
          <qty/>
          <unit/></amt>
        <item>Breast</item></ing>
      <ing>
        <amt>
          <qty>1</qty>
          <unit>cup</unit></amt>
        <item>Cheddar cheese -- grated</item></ing></ingredients>
    <directions>
      <step>  Preheat oven at 350.  Prepare a baking pan lined with foil, with cooking
  spray.  In a shallow bowl, combine bread crumbs, thyme, savory, salt, and
  pepper.  In another shallow bowl, lightly beat egg white.  Dip chicken
  first in egg white, then into crumbs to coat.  Bake for 30 minutes or until
  tender.  About 5 minutes before chicken is done, top with bacon bits and
  cheese, then place back in oven until cheese melts.
  
  Recipe By     : Cheap Eats
  
  File ftp://ftp.idiscover.co.uk/pub/food/mealmaster/recipes/mmdja006.zip
 
</step></directions></recipe></recipeml>
