<?xml version="1.0" encoding="UTF-8"?>

<recipeml version="0.5">
  <recipe>
    <head>
      <title>Bacon and Cream Cheese Stuffed Mushrooms</title>
      <categories>
        <cat>Appetizers</cat>
        <cat>Mushrooms</cat></categories>
      <yield>1</yield></head>
    <ingredients>
      <ing>
        <amt>
          <qty>8</qty>
          <unit>ounces</unit></amt>
        <item>Cream cheese; softened</item></ing>
      <ing>
        <amt>
          <qty>4</qty>
          <unit/></amt>
        <item>Strips bacon; fried and crumbled, up to 6</item></ing>
      <ing>
        <amt>
          <qty>1</qty>
          <unit>small</unit></amt>
        <item>Onion; finely chopped</item></ing>
      <ing>
        <amt>
          <qty>20</qty>
          <unit>large</unit></amt>
        <item>Mushrooms; stems removed, up to 25</item></ing>
      <ing>
        <amt>
          <qty>8</qty>
          <unit/></amt>
        <item>Mushroom stems; finely chopped</item></ing></ingredients>
    <directions>
      <step>  1. Sauté onion and mushroom stems in bacon fat until tender. Drain off
  excess fat.
  
  2. Mix crumbled bacon, onion and stems with softened cream cheese until the
  mixture is workable.
  
  3. Stuff each mushroom and bake at 350 degrees F for 10-15 minutes. Finish
  under the broiler just until tops are golden.
  
  Formatted and Busted by RecipeLu &lt;recipelu@recipelu.com&gt;
  Posted to recipelu-digest by RecipeLu &lt;recipelu@geocities.com&gt; on Mar 22,
  1998
 
</step></directions></recipe></recipeml>
