<?xml version="1.0" encoding="UTF-8"?>

<recipeml version="0.5">
  <recipe>
    <head>
      <title>Bacon-Parsley Pinwheels</title>
      <categories>
        <cat>Appetizer</cat></categories>
      <yield>36</yield></head>
    <ingredients>
      <ing>
        <amt>
          <qty>2</qty>
          <unit>cups</unit></amt>
        <item>Fresh snipped parsley</item></ing>
      <ing>
        <amt>
          <qty>1</qty>
          <unit>pound</unit></amt>
        <item>Bacon; fried crisp &amp; drained</item></ing>
      <ing>
        <amt>
          <qty>1</qty>
          <unit>cup</unit></amt>
        <item>Mayonnaise</item></ing>
      <ing>
        <amt>
          <qty>1</qty>
          <unit>tablespoon</unit></amt>
        <item>Worcestershire sauce</item></ing>
      <ing>
        <amt>
          <qty>1</qty>
          <unit>teaspoon</unit></amt>
        <item>Garlic powder</item></ing>
      <ing>
        <amt>
          <qty>1</qty>
          <unit/></amt>
        <item>Butter; softened</item></ing>
      <ing>
        <amt>
          <qty>1</qty>
          <unit/></amt>
        <item>(27-slice) loaf sandwich bread crusts trimmed off</item></ing></ingredients>
    <directions>
      <step>  Combine parsley, finely crumbled bacon (I use a blender), mayonnaise &amp;
  Worcestershire. Mix garlic powder &amp; buttrer &amp; spread on each slice of bread
  which has been lightly flattened with a rolling pin. Spread 1 teaspoon
  parsley mixture over the butter. Roll slices &amp; wrap in foil &amp; freeze. To
  serve, unwrap &amp; slice 4 to a roll. They thaw immediately. Makes 9 dozen
  appetizers.
  
  MRS. N.R. HOSEY
  
  MARVELL, AR
  
  From &lt;Simply Southern&gt;, the Desoto School Mothers' Assn, Helena-West
  Helena, AR 72390.  Downloaded from Glen's MM Recipe Archive,
  http://www.erols.com/hosey.
 
</step></directions></recipe></recipeml>
