<?xml version="1.0" encoding="UTF-8"?>

<recipeml version="0.5">
  <recipe>
    <head>
      <title>Bacon and Potato Pie</title>
      <categories>
        <cat>Potato cass</cat>
        <cat>Eggs</cat>
        <cat>Quiche</cat>
        <cat>Meal pies</cat></categories>
      <yield>6</yield></head>
    <ingredients>
      <ing-div>
        <title>BON APPETIT TBTC 1990</title>
        <ing>
          <amt>
            <qty>1</qty>
            <unit>pound</unit></amt>
          <item>Bacon</item></ing>
        <ing>
          <amt>
            <qty>1</qty>
            <unit/></amt>
          <item>Onion, chpd</item></ing>
        <ing>
          <amt>
            <qty>8</qty>
            <unit/></amt>
          <item>Eggs, beaten</item></ing>
        <ing>
          <amt>
            <qty>1</qty>
            <unit>pound</unit></amt>
          <item>Russet potatoes, peeled, grated</item></ing>
        <ing>
          <amt>
            <qty>2 3/4</qty>
            <unit>cups</unit></amt>
          <item>Sharp cheddar, grated</item></ing>
        <ing>
          <amt>
            <qty>1</qty>
            <unit>dash</unit></amt>
          <item>Pepper</item></ing></ing-div></ingredients>
    <directions>
      <step>  Preheat oven 350 F. Grease 9x13" glass baking dish. Microwave bacon,
  remove. Add onion to bacon fat, microwave; remove. Combine eggs, potatoes,
  cheese, and pepper. Crumble bacon and mix into egg mixture. Add onions.
  Pour into prepared baking dish. Bake until center is set, 45 mins. Cut into
  squares.
  
  Posted to MealMaster Recipes List, Digest #153
  
  Date: Sun, 02 Jun 1996 11:58:03 -0700
  
  From: Dan Schamber &lt;dansch@haven.ios.com&gt;
 
</step></directions></recipe></recipeml>
