<?xml version="1.0" encoding="UTF-8"?>

<recipeml version="0.5">
  <recipe>
    <head>
      <title>Bacon and Tomato Dip</title>
      <categories>
        <cat>None</cat></categories>
      <yield>1</yield></head>
    <ingredients>
      <ing-div>
        <title/>
        <ing>
          <amt>
            <qty>8</qty>
            <unit>slices</unit></amt>
          <item>Bacon; cooked, crumbled</item></ing>
        <ing>
          <amt>
            <qty>1</qty>
            <unit/></amt>
          <item>Tomato; peeled, chopped</item></ing>
        <ing>
          <amt>
            <qty>8</qty>
            <unit>ounces</unit></amt>
          <item>Cream cheese; cubed</item></ing>
        <ing>
          <amt>
            <qty>1/4</qty>
            <unit>cups</unit></amt>
          <item>Mayonnaise or salad dressing</item></ing>
        <ing>
          <amt>
            <qty>1/4</qty>
            <unit>teaspoons</unit></amt>
          <item>Salt</item></ing>
        <ing>
          <amt>
            <qty>1/4</qty>
            <unit>teaspoons</unit></amt>
          <item>Pepper</item></ing>
        <ing>
          <amt>
            <qty>1/4</qty>
            <unit>teaspoons</unit></amt>
          <item>Dried whole basil</item></ing>
        <ing>
          <amt>
            <qty>1</qty>
            <unit/></amt>
          <item>Loaf (1 lb.) round loaf bread; optional</item></ing></ing-div>
      <ing-div>
        <title>GARNISHES</title>
        <ing>
          <amt>
            <qty/>
            <unit/></amt>
          <item>Tomato rose</item></ing>
        <ing>
          <amt>
            <qty/>
            <unit/></amt>
          <item>Fresh parsley sprigs</item></ing></ing-div></ingredients>
    <directions>
      <step>  Combine first 7 ingredients in container of an electric blender; process on
  high speed 1 minute or until smooth. Cover and chill at least 1 hour. Serve
  with assorted crackers or toasted bread cubes. If desired, hollow out a
  round loaf of bread, and place dip inside. Garnish, if desired
  
  Yield: 1 3/4 cups
  
  MC formatted by Martha Hicks 4/98
  
  Recipe by: Riverwood International
  
  Posted to MC-Recipe Digest by "Mega-bytes" &lt;mega-bytes@email.msn.com&gt; on
  Apr 7, 1998
 
</step></directions></recipe></recipeml>
