<?xml version="1.0" encoding="UTF-8"?>

<recipeml version="0.5">
  <recipe>
    <head>
      <title>Bacon and Cheese Macaroni Bake</title>
      <categories>
        <cat>Casserole</cat></categories>
      <yield>8</yield></head>
    <ingredients>
      <ing>
        <amt>
          <qty>1</qty>
          <unit>pound</unit></amt>
        <item>Sliced bacon</item></ing>
      <ing>
        <amt>
          <qty>1</qty>
          <unit>small</unit></amt>
        <item>Onion; chopped</item></ing>
      <ing>
        <amt>
          <qty>2</qty>
          <unit>cans</unit></amt>
        <item>(10.75-oz) condensed cheddar cheese soup</item></ing>
      <ing>
        <amt>
          <qty>1/2</qty>
          <unit>cups</unit></amt>
        <item>Milk</item></ing>
      <ing>
        <amt>
          <qty>1</qty>
          <unit>tablespoon</unit></amt>
        <item>Worcestershire sauce</item></ing>
      <ing>
        <amt>
          <qty>1</qty>
          <unit>teaspoon</unit></amt>
        <item>Dry mustard</item></ing>
      <ing>
        <amt>
          <qty>8</qty>
          <unit>ounces</unit></amt>
        <item>Elbow macaroni; cooked and drained -or-</item></ing>
      <ing>
        <amt>
          <qty>1</qty>
          <unit>package</unit></amt>
        <item>Boxed stuff</item></ing>
      <ing>
        <amt>
          <qty>1</qty>
          <unit>cup</unit></amt>
        <item>Sharp cheddar cheese (the sharper the better); shredded</item></ing>
      <ing>
        <amt>
          <qty>2</qty>
          <unit>tablespoons</unit></amt>
        <item>Diced pimiento (optional)</item></ing></ingredients>
    <directions>
      <step>  submitted by: sgjg6566@usa.pipeline.com (Julie, Michigan, USA)
  This is another twist on Macaroni and cheese--my kids love it!
  
  Cook bacon, saving about 1/4 cup of drippings. Crumble bacon, reserving 4
  or 5 strips for the top of dish. Saute onion in remaining drippings. Add
  cheese soup, milk, Wrocestershire sauce and mustard; mix well and heat
  through. Stir in the bacon, macaroni, shredded cheese and pimiento. Place
  in casserole dish (I use 3 quart). Top with remaining strips of bacon. Bake
  in a 375 degree oven for 25 minutes. Enjoy!!
  
  DAVE &lt;DAVIDG@CLAM.RUTGERS.EDU&gt;
  
  RECIPEINTERNET LIST SERVER
  
  RECIPE ARCHIVE - 22 APRIL 1996
  
  From the 'RECIPEinternet: Recipes from Around the World' recipe list.
  Downloaded from Glen's MM Recipe Archive, http://www.erols.com/hosey.
 
</step></directions></recipe></recipeml>
