<?xml version="1.0" encoding="UTF-8"?>

<recipeml version="0.5">
  <recipe>
    <head>
      <title>Bacon and Onion Muffins</title>
      <categories>
        <cat>Bacon</cat>
        <cat>Muffins</cat></categories>
      <yield>1</yield></head>
    <ingredients>
      <ing>
        <amt>
          <qty>1/2</qty>
          <unit>pounds</unit></amt>
        <item>Bacon; diced</item></ing>
      <ing>
        <amt>
          <qty>1/4</qty>
          <unit>cups</unit></amt>
        <item>Chopped onion</item></ing>
      <ing>
        <amt>
          <qty>2 1/4</qty>
          <unit>cups</unit></amt>
        <item>Unbleached flour; sifted</item></ing>
      <ing>
        <amt>
          <qty>3</qty>
          <unit>teaspoons</unit></amt>
        <item>Baking powder</item></ing>
      <ing>
        <amt>
          <qty>1/2</qty>
          <unit>teaspoons</unit></amt>
        <item>Baking soda</item></ing>
      <ing>
        <amt>
          <qty>1/2</qty>
          <unit>teaspoons</unit></amt>
        <item>Salt</item></ing>
      <ing>
        <amt>
          <qty>2</qty>
          <unit>large</unit></amt>
        <item>Eggs; slightly beaten</item></ing>
      <ing>
        <amt>
          <qty>1/3</qty>
          <unit>cups</unit></amt>
        <item>Milk</item></ing>
      <ing>
        <amt>
          <qty>1</qty>
          <unit>cup</unit></amt>
        <item>Dairy sour cream</item></ing>
      <ing>
        <amt>
          <qty/>
          <unit/></amt>
        <item>Sesame seeds</item></ing></ingredients>
    <directions>
      <step>  1. Fry bacon until crisp in skillet. Remove with slotted spoon and drain on
  paper towels.
  
  2. Saute onion in 1 tbsp. bacon drippings until tender (do not brown). Set
  aside to cool.
  
  3. Sift together flour, baking powder, baking soda and salt in large mixing
  bowl.
  
  4. Combine eggs, milk and sour cream in small bowl; blend well. Add all at
  once to dry ingredients, stirring just enough to moisten. Stir in bacon and
  sauteed onion.
  
  5. Spoon batter into greased 2 1/2-inch muffin-pan cups, fill 2/3rds full.
  Sprinkle with sesame seeds.
  
  6. Bake in 375 degree F. Oven 18 to 20 minutes or until golden brown.
  Posted to recipelu-digest Volume 01 Number 674 by RecipeLu
  &lt;recipelu@geocities.com&gt; on Feb 01, 1998
 
</step></directions></recipe></recipeml>
