<?xml version="1.0" encoding="UTF-8"?>

<recipeml version="0.5">
  <recipe>
    <head>
      <title>Bacon 'n Eggs Crescent Sandwich</title>
      <categories>
        <cat>None</cat></categories>
      <yield>4</yield></head>
    <ingredients>
      <ing>
        <amt>
          <qty>1</qty>
          <unit>cup</unit></amt>
        <item>Refrigerated crescent rolls</item></ing>
      <ing>
        <amt>
          <qty>1/2</qty>
          <unit>cups</unit></amt>
        <item>Milk</item></ing>
      <ing>
        <amt>
          <qty>1</qty>
          <unit>tablespoon</unit></amt>
        <item>Onion -- chopped</item></ing>
      <ing>
        <amt>
          <qty>1/2</qty>
          <unit>pounds</unit></amt>
        <item>Bacon</item></ing>
      <ing>
        <amt>
          <qty>4</qty>
          <unit/></amt>
        <item>Cheddar cheese slices</item></ing>
      <ing>
        <amt>
          <qty>2</qty>
          <unit/></amt>
        <item>Eggs</item></ing></ingredients>
    <directions>
      <step>  Cook the bacon crisp; crumble. Heat oven to 375~. Separate dough into 4
  rectangles. Place 2 rectangles in ungreased 8" square pan; press over
  bottom and 1/2" up sides to form crust, sealing perforations. Place cheese
  slices over dough.  Sprinkle bacon and onions over evenly. Blend milk and
  eggs; pour over bacon. Separate remaining dough into triangles; arrange
  triangles over bacon-egg mix; do not seal. Bake for 30-35 minutes or until
  golden brown and filling is set.
  
  Recipe By     :
  
  File ftp://ftp.idiscover.co.uk/pub/food/mealmaster/recipes/mmdja006.zip
 
</step></directions></recipe></recipeml>
