<?xml version="1.0" encoding="UTF-8"?>

<recipeml version="0.5">
  <recipe>
    <head>
      <title>Bacon-Topped Cheese Soup</title>
      <categories>
        <cat>Microwave</cat></categories>
      <yield>9</yield></head>
    <ingredients>
      <ing>
        <amt>
          <qty>6</qty>
          <unit>slices</unit></amt>
        <item>Bacon; chopped</item></ing>
      <ing>
        <amt>
          <qty>1/2</qty>
          <unit>cups</unit></amt>
        <item>Celery; finely chopped</item></ing>
      <ing>
        <amt>
          <qty>1/2</qty>
          <unit>cups</unit></amt>
        <item>Carrot; finely chopped</item></ing>
      <ing>
        <amt>
          <qty>1/2</qty>
          <unit>cups</unit></amt>
        <item>Onion; finely chopped</item></ing>
      <ing>
        <amt>
          <qty>1/2</qty>
          <unit>cups</unit></amt>
        <item>Green pepper; finely chopped</item></ing>
      <ing>
        <amt>
          <qty>1/3</qty>
          <unit>cups</unit></amt>
        <item>All-purpose flour</item></ing>
      <ing>
        <amt>
          <qty>1/2</qty>
          <unit>teaspoons</unit></amt>
        <item>Salt</item></ing>
      <ing>
        <amt>
          <qty>1/4</qty>
          <unit>teaspoons</unit></amt>
        <item>Pepper</item></ing>
      <ing>
        <amt>
          <qty>2</qty>
          <unit>cups</unit></amt>
        <item>Half-and-half</item></ing>
      <ing>
        <amt>
          <qty>1</qty>
          <unit>cup</unit></amt>
        <item>Milk</item></ing>
      <ing>
        <amt>
          <qty>1</qty>
          <unit>can</unit></amt>
        <item>Clear chicken broth; 14 oz</item></ing>
      <ing>
        <amt>
          <qty>2</qty>
          <unit>cups</unit></amt>
        <item>Cheddar cheese; shredded</item></ing></ingredients>
    <directions>
      <step>  Place bacon in a 3 qt. casserole; cover and microwave at HIGH 6 to 9
  minutes or until done.  Remove bacon with a slotted spoon, reserving
  drippings in casserole; set bacon aside.
  
  Add vegetables to drippings; microwave at HIGH 6 to 8 minutes or until
  tender.  Blend in lfour, salt, and pepper; stir well. Gradually stir in
  half-and-half, milk, and chicken broth. Cover and microwave at HIGH 7 to 11
  minutes or until thickened and bubbly, stirring at 2 minute intervals. Add
  cheese, stirring until melted. Cover and microwave at MEDIUM 2 minutes. Top
  each serving with bacon.
  
  SOURCE: Southern Living Magazine, October, 1980. Typed for you by Nancy
  Coleman.
 
</step></directions></recipe></recipeml>
