<?xml version="1.0" encoding="UTF-8"?>

<recipeml version="0.5">
  <recipe>
    <head>
      <title>Bacon and Onion Batter Bread</title>
      <categories>
        <cat>Cyberealm</cat>
        <cat>Breads</cat></categories>
      <yield>3</yield></head>
    <ingredients>
      <ing-div>
        <title>FROM GARETT LEMON</title></ing-div>
      <ing-div>
        <title>CYBEREALM BBS -315-786-1120</title>
        <ing>
          <amt>
            <qty>8</qty>
            <unit>ounces</unit></amt>
          <item>Bacon (10 strips)</item></ing>
        <ing>
          <amt>
            <qty>2 1/4</qty>
            <unit>cups</unit></amt>
          <item>Warm Water (105ø-115ø)</item></ing>
        <ing>
          <amt>
            <qty>4 1/4</qty>
            <unit>teaspoons</unit></amt>
          <item>Active Dry Yeast-2 envelopes</item></ing>
        <ing>
          <amt>
            <qty>2</qty>
            <unit>tablespoons</unit></amt>
          <item>Sugar</item></ing>
        <ing>
          <amt>
            <qty>2</qty>
            <unit/></amt>
          <item>Large Eggs</item></ing>
        <ing>
          <amt>
            <qty>5</qty>
            <unit>cups</unit></amt>
          <item>All-Purpose Flour</item></ing>
        <ing>
          <amt>
            <qty>1</qty>
            <unit>package</unit></amt>
          <item>Onion Soup Mix</item></ing>
        <ing>
          <amt>
            <qty>2</qty>
            <unit>teaspoons</unit></amt>
          <item>Salt</item></ing>
        <ing>
          <amt>
            <qty>1/2</qty>
            <unit>teaspoons</unit></amt>
          <item>Pepper</item></ing></ing-div></ingredients>
    <directions>
      <step>  1.   Fry bacon until crisp - drain on paper towel and crumble.
  Reserve 2 tbs of fat.
  
  2.   Mix water, yeast, and sugar in a 4 cup glass measuring cup let
  stand until foamy.
  
  3.   Whisk in bacon fat and eggs.
  
  4.   Stir in flour, onion soup mix, salt, and pepper in a large mixing
  bowl.
  
  5.   Add yeast mixture and beat with electric mixer five minutes or
  until mixture is smooth and glossy, stir in crumbled bacon.
  
  6.   Cover bowl and let stand 45 minutes in a warm place until batter
  has doubled.
  
  7.   Beat batter briefly with a wooden spoon and divide into 3 lightly
  greased 8 1/2 X 4 1/2 X 2 1/2 loaf pans. Cover with plastic wrap and
  let rise 35 - 40 minutes or until 1 1/2 inch from top of pans.
  
  8.   Bake 30 - 35 minutes in a 375 degree oven until just golden
  brown. Turn out on wire rack and cool completely.
  
  Store in air tight.  Stores - Refrigerator 5 days - Freezer 3 Months.
  
  VARIATIONS:
        Use 2 tbs Olive Oil in place of bacon
        substitute a vegetable soup mix for an onion mix
        and substitute dill for pepper.
  
  From Garett Lemon, CYBEREALM BBS, Watertown, NY.
  
  File ftp://ftp.idiscover.co.uk/pub/food/mealmaster/recipes/mmcyber4.zip
 
</step></directions></recipe></recipeml>
