<?xml version="1.0" encoding="UTF-8"?>

<recipeml version="0.5">
  <recipe>
    <head>
      <title>Bacon and Cheddar Mashed Potatoes</title>
      <categories>
        <cat>None</cat></categories>
      <yield>1</yield></head>
    <ingredients>
      <ing>
        <amt>
          <qty>1 1/2</qty>
          <unit>pounds</unit></amt>
        <item>Potatoes; unpeeled, quartered</item></ing>
      <ing>
        <amt>
          <qty>1/2</qty>
          <unit>cups</unit></amt>
        <item>Miracle Whip-regular or lite</item></ing>
      <ing>
        <amt>
          <qty>1/2</qty>
          <unit>cups</unit></amt>
        <item>Milk</item></ing>
      <ing>
        <amt>
          <qty>6</qty>
          <unit>slices</unit></amt>
        <item>Oscar Mayer Bacon; crisply cooked, crumbled</item></ing>
      <ing>
        <amt>
          <qty>1/4</qty>
          <unit>teaspoons</unit></amt>
        <item>Garlic powder OR 3 cloves garlic; minced, (up to 1/2)</item></ing>
      <ing>
        <amt>
          <qty/>
          <unit/></amt>
        <item>Salt and pepper</item></ing>
      <ing>
        <amt>
          <qty>1</qty>
          <unit>cup</unit></amt>
        <item>Kraft shredded Mild Cheddar Cheese</item></ing></ingredients>
    <directions>
      <step>  Cover potatoes with water in large saucepan. Bring to boil; reduce heat to
  medium. Cook 20 minutes or until tender. Drain. Mash potatoes . Add
  dressing, milk, bacon, and garlic powder; beat until fluffy. Season to
  taste with salt and pepper. Stir in cheese. Garnish with fresh thyme if
  desired. Makes 4 servings
  
  TWICE BAKED POTATOES: cut 4 baked potatoes in half lengthwise; scoop out
  the centers leaving 1/4 inch shell. Mash potatoes as directed above; spoon
  into shells. Bake at 325 for 15 to 20 minutes.
  
  Posted to brand-name-recipes by Abtaxel &lt;Abtaxel@aol.com&gt; on Mar 10, 1998
 
</step></directions></recipe></recipeml>
