<?xml version="1.0" encoding="UTF-8"?>

<recipeml version="0.5">
  <recipe>
    <head>
      <title>Bacon and Eggs - Candy Fun Treats !!</title>
      <categories>
        <cat>Candies</cat>
        <cat>Kid friendl</cat></categories>
      <yield>4</yield></head>
    <ingredients>
      <ing>
        <amt>
          <qty/>
          <unit/></amt>
        <item>White chocolate melted; (for egg whites)</item></ing>
      <ing>
        <amt>
          <qty/>
          <unit/></amt>
        <item>Yello M&amp;M Candies; for yolks</item></ing>
      <ing>
        <amt>
          <qty/>
          <unit/></amt>
        <item>Pretzel Sticks; for bacon</item></ing></ingredients>
    <directions>
      <step>  Drop melted chocolate onto wax paper. Put on yellow M &amp; M's for yolks.
  Serve with pretzel sticks for bacon. Serves up alot of fun with the kids!
  
  Recipe by: Key Gourmet
  
  Posted to recipelu-digest by James and Susan Kirkland &lt;kirkland@gj.net&gt; on
  Feb 16, 1998
 
</step></directions></recipe></recipeml>
