<?xml version="1.0" encoding="UTF-8"?>

<recipeml version="0.5">
  <recipe>
    <head>
      <title>Bacon and Sour Cream Omelet</title>
      <categories>
        <cat>Eggs</cat></categories>
      <yield>2</yield></head>
    <ingredients>
      <ing>
        <amt>
          <qty>2</qty>
          <unit/></amt>
        <item>Eggs</item></ing>
      <ing>
        <amt>
          <qty>1</qty>
          <unit>tablespoon</unit></amt>
        <item>Water</item></ing>
      <ing>
        <amt>
          <qty>4</qty>
          <unit/></amt>
        <item>Or</item></ing>
      <ing>
        <amt>
          <qty>5</qty>
          <unit>slices</unit></amt>
        <item>Bacon</item></ing>
      <ing>
        <amt>
          <qty>3</qty>
          <unit/></amt>
        <item>Scallions; chopped</item></ing>
      <ing>
        <amt>
          <qty>1/3</qty>
          <unit>cups</unit></amt>
        <item>Sour cream</item></ing>
      <ing>
        <amt>
          <qty>1</qty>
          <unit>tablespoon</unit></amt>
        <item>Butter</item></ing></ingredients>
    <directions>
      <step>  Using a fork, beat the eggs and water until barely mixed. Fry bacon until
  crisp. Drain, reserving the grease. Crumble the bacon into the sour cream.
  Saut‚ the scallions in a bit of bacon grease and stir into sour cream
  mixture. Melt butter in an omelet pan. Pour in egg mixture. When omelet is
  set, spoon sour cream mixture along the center and fold omelet out onto a
  warm plate. Yield: 2 servings.
  
  CATHY MALLARD
  
  From &lt;Traditions: A Taste of the Good Life&gt;, by the Little Rock (AR) Junior
  League.  Downloaded from Glen's MM Recipe Archive,
  http://www.erols.com/hosey.
 
</step></directions></recipe></recipeml>
