<?xml version="1.0" encoding="UTF-8"?>

<recipeml version="0.5">
  <recipe>
    <head>
      <title>Bacon-Topped Chicken Breasts</title>
      <categories>
        <cat>Poultry</cat></categories>
      <yield>1</yield></head>
    <ingredients>
      <ing>
        <amt>
          <qty>4</qty>
          <unit/></amt>
        <item>Whole boneless chicken breasts</item></ing>
      <ing>
        <amt>
          <qty>1</qty>
          <unit>package</unit></amt>
        <item>Chipped beef; (3 oz.)</item></ing>
      <ing>
        <amt>
          <qty>6</qty>
          <unit/></amt>
        <item>Strips bacon</item></ing>
      <ing>
        <amt>
          <qty>1</qty>
          <unit>can</unit></amt>
        <item>Cream of mushroom soup; (10 3/4 oz.)</item></ing>
      <ing>
        <amt>
          <qty>1/2</qty>
          <unit>cups</unit></amt>
        <item>Sour cream</item></ing>
      <ing>
        <amt>
          <qty>1</qty>
          <unit>tablespoon</unit></amt>
        <item>Chopped chives</item></ing></ingredients>
    <directions>
      <step>  Debone chicken breasts. Cut chipped beef into strips and layer evenly in 12
  x 8-inch glass baking dish. Place chicken breasts with beef and bacon to
  cover. Cover with paper towel. Microwave on High 14 to 16 minutes until
  chicken is about done. Remove partially cooked bacon strips to paper towel
  and cover paper towel. Microwave on High 1 1/2 to 3 minutes or until crisp.
  Set aside. Drain juices from chicken. Combine soup, sour cream and chives.
  Spoon onto each chicken breast. Cook uncovered on High 5 to 6 minutes or
  until heated well. Crumble bacon and sprinkle over chicken.
  Posted to recipelu-digest by "Diane Geary." &lt;diane@keyway.net&gt; on Feb 4,
  1998
 
</step></directions></recipe></recipeml>
