<?xml version="1.0" encoding="UTF-8"?>

<recipeml version="0.5">
  <recipe>
    <head>
      <title>Bacon Deviled Eggs</title>
      <categories>
        <cat>Eggs</cat>
        <cat>Appetizers</cat></categories>
      <yield>24</yield></head>
    <ingredients>
      <ing-div>
        <title>WILSON BWVB02B</title>
        <ing>
          <amt>
            <qty>12</qty>
            <unit>large</unit></amt>
          <item>Eggs; hard cooked; peeled, carefully sliced in half</item></ing>
        <ing>
          <amt>
            <qty>1/2</qty>
            <unit>cups</unit></amt>
          <item>Mayonnaise</item></ing>
        <ing>
          <amt>
            <qty>1/4</qty>
            <unit>cups</unit></amt>
          <item>Sour cream</item></ing>
        <ing>
          <amt>
            <qty>1</qty>
            <unit>tablespoon</unit></amt>
          <item>Dijon mustard</item></ing>
        <ing>
          <amt>
            <qty>1</qty>
            <unit>tablespoon</unit></amt>
          <item>Prepared white horseradish</item></ing>
        <ing>
          <amt>
            <qty>8</qty>
            <unit>ounces</unit></amt>
          <item>Bacon; cooked crisp; drained, crumbled fine</item></ing>
        <ing>
          <amt>
            <qty>4</qty>
            <unit/></amt>
          <item>Scallions; chopped fine</item></ing></ing-div></ingredients>
    <directions>
      <step>  Put egg yolks into a small bowl and mash them with the back of a spoon.
  Stir in mayonnaise, sour cream, mustard and horseradish. When yolk mixture
  is smooth, stir in bacon and scallions. Taste for seasoning. Using two
  spoons, stuff egg whites with the yolk mixture. From: "Beat This" by Add
  Hodgman.
  Posted to MC-Recipe Digest by Nancy Berry &lt;nlberry@prodigy.net&gt; on Feb 16,
  1998
 
</step></directions></recipe></recipeml>
