<?xml version="1.0" encoding="UTF-8"?>

<recipeml version="0.5">
  <recipe>
    <head>
      <title>Bacon-Wrapped Dried Fruit</title>
      <categories>
        <cat>Fruits</cat></categories>
      <yield>1</yield></head>
    <ingredients>
      <ing>
        <amt>
          <qty/>
          <unit/></amt>
        <item>Dried pears, apples, or</item></ing>
      <ing>
        <amt>
          <qty/>
          <unit/></amt>
        <item>Apricots</item></ing>
      <ing>
        <amt>
          <qty/>
          <unit/></amt>
        <item>Bacon (3-inch length)</item></ing>
      <ing>
        <amt>
          <qty/>
          <unit/></amt>
        <item>Toothpick</item></ing></ingredients>
    <directions>
      <step>  Wrap dried pears, apples, or apricots in a 3-inch length of bacon. Spear
  with a toothpick and broil until bacon is crisp (2 to 3 minutes).
  
  Recipe By     : the California Culinary Academy
  
  File ftp://ftp.idiscover.co.uk/pub/food/mealmaster/recipes/mmdja006.zip
 
</step></directions></recipe></recipeml>
