<?xml version="1.0" encoding="UTF-8"?>

<recipeml version="0.5">
  <recipe>
    <head>
      <title>Bacon and Cheese Puff</title>
      <categories>
        <cat>Eggs</cat></categories>
      <yield>8</yield></head>
    <ingredients>
      <ing>
        <amt>
          <qty>8</qty>
          <unit>slices</unit></amt>
        <item>Bacon</item></ing>
      <ing>
        <amt>
          <qty>2</qty>
          <unit>medium</unit></amt>
        <item>Onions; sliced</item></ing>
      <ing>
        <amt>
          <qty>12</qty>
          <unit>slices</unit></amt>
        <item>White bread; quartered</item></ing>
      <ing>
        <amt>
          <qty>1/2</qty>
          <unit>pounds</unit></amt>
        <item>Swiss cheese; shredded</item></ing>
      <ing>
        <amt>
          <qty>8</qty>
          <unit/></amt>
        <item>Eggs</item></ing>
      <ing>
        <amt>
          <qty>4</qty>
          <unit>cups</unit></amt>
        <item>Milk</item></ing>
      <ing>
        <amt>
          <qty>1 1/2</qty>
          <unit>teaspoons</unit></amt>
        <item>Salt</item></ing>
      <ing>
        <amt>
          <qty>1/4</qty>
          <unit>teaspoons</unit></amt>
        <item>Pepper</item></ing>
      <ing>
        <amt>
          <qty>1</qty>
          <unit>dash</unit></amt>
        <item>Red pepper sauce (or to taste)</item></ing></ingredients>
    <directions>
      <step>  Date: Tue, 5 Mar 1996 15:19:17 -0500
  
  From: "Sherrie D. Sculley" &lt;102735.17@compuserve.com&gt;
  Cook bacon until crisp; remove from pan, drain and crumble. In bacon
  drippings cook onions until soft.  Arrange half the bread slices in a
  single layer in bottom of greased 9 x 13 pan or casserole. Sprinkle with
  half the crumbled bacon, onions and cheese. Repeat layers.
  
  Combine remaining ingredients; pour over top layer in pan.  (May be
  prepared to this stage in advance and stored in refrigerator until an hour
  before serving time.)
  
  Bake at 375 degrees until mixture is set and top is puffed and golden,
  about 50 minutes. This will serve 8. The recipe can be halved and baked in
  an 8 inch square pan for about 40 minutes.
  
  MC-RECIPE@MASTERCOOK.COM
  
  MASTERCOOK RECIPES LIST SERVER
  
  From the MasterCook recipe list.  Downloaded from Glen's MM Recipe Archive,
  http://www.erols.com/hosey.
 
</step></directions></recipe></recipeml>
