<?xml version="1.0" encoding="UTF-8"?>

<recipeml version="0.5">
  <recipe>
    <head>
      <title>Bacon Cheese Biscuits</title>
      <categories>
        <cat>S_living</cat>
        <cat>Breads</cat>
        <cat>Dairy</cat></categories>
      <yield>1</yield></head>
    <ingredients>
      <ing>
        <amt>
          <qty>2</qty>
          <unit>cups</unit></amt>
        <item>Self-rising flour</item></ing>
      <ing>
        <amt>
          <qty>1/2</qty>
          <unit>cups</unit></amt>
        <item>Shortening</item></ing>
      <ing>
        <amt>
          <qty>1/2</qty>
          <unit>cups</unit></amt>
        <item>(about 2 ounces ) shredded cheddar cheese</item></ing>
      <ing>
        <amt>
          <qty>3/4</qty>
          <unit>cups</unit></amt>
        <item>Plus</item></ing>
      <ing>
        <amt>
          <qty>2</qty>
          <unit>tablespoons</unit></amt>
        <item>Milk</item></ing>
      <ing>
        <amt>
          <qty>1/4</qty>
          <unit>cups</unit></amt>
        <item>Chopped green onions</item></ing>
      <ing>
        <amt>
          <qty>4</qty>
          <unit>slices</unit></amt>
        <item>Bacon; cooked and crumbled</item></ing></ingredients>
    <directions>
      <step>  Christmas. Combine flour and shortening; cut in shortening with a pastry
  blender until mixture resembles coarse meal. Add cheese, milk, onions, and
  bacon, stirring until dry ingredients are moistened. Turn dough out onto a
  lightly floured surface, and knead lightly 4 or 5 times.Roll dough to
  1/2-inch thickness; cut with a 2-inch biscuit cutter. Place on an ungreased
  baking sheet. Bake at 450 degrees for 10 to 12 minutes. Yield: about 1
  dozen.
  Posted to MC-Recipe Digest V1 #805 by Nancy Berry &lt;nlberry@prodigy.net&gt; on
  Sep 25, 1997
 
</step></directions></recipe></recipeml>
