<?xml version="1.0" encoding="UTF-8"?>

<recipeml version="0.5">
  <recipe>
    <head>
      <title>Bacon Cheese Bread</title>
      <categories>
        <cat>None</cat></categories>
      <yield>1</yield></head>
    <ingredients>
      <ing>
        <amt>
          <qty>3/4</qty>
          <unit>cups</unit></amt>
        <item>Water</item></ing>
      <ing>
        <amt>
          <qty>2</qty>
          <unit>cups</unit></amt>
        <item>Bread flour</item></ing>
      <ing>
        <amt>
          <qty>1/2</qty>
          <unit>cups</unit></amt>
        <item>Grated sharp Cheddar cheese</item></ing>
      <ing>
        <amt>
          <qty>1</qty>
          <unit>teaspoon</unit></amt>
        <item>Salt</item></ing>
      <ing>
        <amt>
          <qty>1</qty>
          <unit>tablespoon</unit></amt>
        <item>Butter (I used margerine)</item></ing>
      <ing>
        <amt>
          <qty>1</qty>
          <unit>teaspoon</unit></amt>
        <item>Yeast</item></ing>
      <ing>
        <amt>
          <qty>2</qty>
          <unit>tablespoons</unit></amt>
        <item>Real bacon bits (I used Hormel brand in a jar)</item></ing></ingredients>
    <directions>
      <step>  Place ingredients in the bread maker according to the directions of the
  manufacturer. Start machine.
  
  Personal notes: With my Panasonic, I put in the dry ingredients, then the
  wet, and I have a separate dispenser for the yeast. I selected sandwich
  mode, which would be light crust.
  
  I found this recipe last week while "surfing." I mailed it to myself, but
  from what I have printed out, it came from recipes@soar.berkeley.edu. This
  goes into my notebook of "keepers."
  
  Posted to EAT-L Digest 19 October 96
  
  Date:    Sun, 20 Oct 1996 18:06:26 EDT
  
  From:    "Sharon H. Frye" &lt;shfrye@PEN.K12.VA.US&gt;
 
</step></directions></recipe></recipeml>
