<?xml version="1.0" encoding="UTF-8"?>

<recipeml version="0.5">
  <recipe>
    <head>
      <title>Bacon-Parmesan Stack</title>
      <categories>
        <cat>Snacks</cat>
        <cat>Breads</cat>
        <cat>Muffins &amp; r</cat></categories>
      <yield>8</yield></head>
    <ingredients>
      <ing>
        <amt>
          <qty>3/4</qty>
          <unit>cups</unit></amt>
        <item>Grated Parmesan cheese</item></ing>
      <ing>
        <amt>
          <qty>3/4</qty>
          <unit>cups</unit></amt>
        <item>Mayonnaise</item></ing>
      <ing>
        <amt>
          <qty>1/2</qty>
          <unit>teaspoons</unit></amt>
        <item>Paprika</item></ing>
      <ing>
        <amt>
          <qty>2</qty>
          <unit>cups</unit></amt>
        <item>All-purpose flour</item></ing>
      <ing>
        <amt>
          <qty>1</qty>
          <unit>tablespoon</unit></amt>
        <item>Baking powder</item></ing>
      <ing>
        <amt>
          <qty>1</qty>
          <unit>teaspoon</unit></amt>
        <item>Salt</item></ing>
      <ing>
        <amt>
          <qty>1/4</qty>
          <unit>cups</unit></amt>
        <item>Shortening</item></ing>
      <ing>
        <amt>
          <qty>1/2</qty>
          <unit>cups</unit></amt>
        <item>Milk</item></ing>
      <ing>
        <amt>
          <qty>1</qty>
          <unit>large</unit></amt>
        <item>Egg</item></ing>
      <ing>
        <amt>
          <qty>4</qty>
          <unit/></amt>
        <item>Bacon slices</item></ing></ingredients>
    <directions>
      <step>  1. Cook bacon until crisp; crumble and set aside. 2. Blend Parmesan cheese,
  mayonnaise and paprika; set aside. 3. Combine flour with baking powder and
  salt in large mixing bowl. Add shortening and cut in with pastry blender
  until particles are fine. 4. Combine milk and egg; add all at once to the
  flour mixture. Stir until dough clings together. 5. Knead lightly on
  floured surface about 10 times. Divide dough in half. Roll out each half to
  a 14 x 6-inch rectangle. Transfer one rectangle to an ungreased cookie
  sheet.      6. Spread with 1/2 cup cheese mixture; sprinkle with crumbled
  bacon. Top with second rectangle. Cut through to the bottom, into 16
  rectangles but do not separate. Spread with remaining cheese mixture. 7.
  Bake in preheated 400-degree oven for 12-15 minutes until golden brown.
  Serve while still warm.
  
  Recipe By     : Jo Anne Merrill
  
  File ftp://ftp.idiscover.co.uk/pub/food/mealmaster/recipes/mmdja006.zip
 
</step></directions></recipe></recipeml>
