<?xml version="1.0" encoding="UTF-8"?>

<recipeml version="0.5">
  <recipe>
    <head>
      <title>Bacon Chicken Chowder</title>
      <categories>
        <cat>Potatoes</cat>
        <cat>Vegetables</cat>
        <cat>Soups &amp; ste</cat></categories>
      <yield>4</yield></head>
    <ingredients>
      <ing>
        <amt>
          <qty>6</qty>
          <unit>slices</unit></amt>
        <item>Bacon -- diced</item></ing>
      <ing>
        <amt>
          <qty>1</qty>
          <unit>tablespoon</unit></amt>
        <item>Oil</item></ing>
      <ing>
        <amt>
          <qty>1</qty>
          <unit>medium</unit></amt>
        <item>Onion -- finely chopped</item></ing>
      <ing>
        <amt>
          <qty>1</qty>
          <unit/></amt>
        <item>Rib celery -- finely chopd</item></ing>
      <ing>
        <amt>
          <qty>2</qty>
          <unit/></amt>
        <item>14 1/2 oz.</item></ing>
      <ing>
        <amt>
          <qty>13</qty>
          <unit>ounces</unit></amt>
        <item>Can</item></ing>
      <ing>
        <amt>
          <qty>1/2</qty>
          <unit>x</unit></amt>
        <item>20 oz.</item></ing>
      <ing>
        <amt>
          <qty/>
          <unit/></amt>
        <item>Carrots</item></ing>
      <ing>
        <amt>
          <qty>2</qty>
          <unit>cups</unit></amt>
        <item>Cut-up cooked chicken</item></ing>
      <ing>
        <amt>
          <qty>1/4</qty>
          <unit>cups</unit></amt>
        <item>Chopped parsley</item></ing>
      <ing>
        <amt>
          <qty>1/2</qty>
          <unit>teaspoons</unit></amt>
        <item>Salt</item></ing>
      <ing>
        <amt>
          <qty>1/4</qty>
          <unit>teaspoons</unit></amt>
        <item>Pepper</item></ing>
      <ing>
        <amt>
          <qty/>
          <unit>cans</unit></amt>
        <item>Chicken broth</item></ing>
      <ing>
        <amt>
          <qty/>
          <unit/></amt>
        <item>Evaporated  skim milk</item></ing>
      <ing>
        <amt>
          <qty/>
          <unit/></amt>
        <item>Bag frozen potatoes and</item></ing></ingredients>
    <directions>
      <step>  In a wok, cook bacon over Medium-High heat until crisp, 3-4 minutes. Remove
  bacon to paper towels. Drain off fat from wok. In same wok, heat oil over
  Medium-High heat. Add onion and celery. Cook, stiring until softened, 3-5
  minutes. Return bacon to wok. Add chicken broth, evaporated milk, potatoes
  and carrots and 1 cup water. Bring to a boil. Reduce heat to Medium-Low and
  cook until potatoes and carrots are tender, 12-15 minutes. Add chicken,
  parsley, salt and pepper. Cook for 5 minutes.
  
  Recipe By     : 365 Ways to Wok/Bobb1744
  
  File ftp://ftp.idiscover.co.uk/pub/food/mealmaster/recipes/mmdja006.zip
 
</step></directions></recipe></recipeml>
