<?xml version="1.0" encoding="UTF-8"?>

<recipeml version="0.5">
  <recipe>
    <head>
      <title>Bacon-Oyster Bites</title>
      <categories>
        <cat>None</cat></categories>
      <yield>1</yield></head>
    <ingredients>
      <ing>
        <amt>
          <qty>1</qty>
          <unit>can</unit></amt>
        <item>(5-oz) smoked oysters; drained and chopped</item></ing>
      <ing>
        <amt>
          <qty>1/2</qty>
          <unit>cups</unit></amt>
        <item>Herb-seasoned stuffing mix</item></ing>
      <ing>
        <amt>
          <qty>1/4</qty>
          <unit>cups</unit></amt>
        <item>Water</item></ing>
      <ing>
        <amt>
          <qty>8</qty>
          <unit>slices</unit></amt>
        <item>Bacon; halved, and partially cooked</item></ing></ingredients>
    <directions>
      <step>  Combine oysters, herb-stuffing mix and water. Form into balls, using about
  1 tablespoon mixture for each. Wrap a half slice of bacon around each and
  secure with a toothpick. Place on a rack in a shallow baking pan and cook
  at 350 degrees for 25 to 30 minutes. Makes 16.
  
  Posted to FOODWINE Digest  by Laurie Thompson &lt;elelt@IBM.NET&gt; on Jan 20,
  1998
 
</step></directions></recipe></recipeml>
