<?xml version="1.0" encoding="UTF-8"?>

<recipeml version="0.5">
  <recipe>
    <head>
      <title>Bacon Blue Cheese Dressing</title>
      <categories>
        <cat>*sauces</cat>
        <cat>Tvfn</cat></categories>
      <yield>1</yield></head>
    <ingredients>
      <ing>
        <amt>
          <qty>4</qty>
          <unit>slices</unit></amt>
        <item>Bacon</item></ing>
      <ing>
        <amt>
          <qty>3</qty>
          <unit/></amt>
        <item>Shallots; peeled and minced</item></ing>
      <ing>
        <amt>
          <qty>1</qty>
          <unit/></amt>
        <item>Clove garlic; peeled and minced</item></ing>
      <ing>
        <amt>
          <qty>2</qty>
          <unit>tablespoons</unit></amt>
        <item>White wine vinegar</item></ing>
      <ing>
        <amt>
          <qty>1/4</qty>
          <unit>cups</unit></amt>
        <item>Heavy cream</item></ing>
      <ing>
        <amt>
          <qty>1/4</qty>
          <unit>cups</unit></amt>
        <item>Chicken stock</item></ing>
      <ing>
        <amt>
          <qty>1</qty>
          <unit>cup</unit></amt>
        <item>Fresh buttermilk</item></ing>
      <ing>
        <amt>
          <qty>1</qty>
          <unit>tablespoon</unit></amt>
        <item>Cornstarch</item></ing>
      <ing>
        <amt>
          <qty>1</qty>
          <unit>tablespoon</unit></amt>
        <item>Water</item></ing>
      <ing>
        <amt>
          <qty/>
          <unit/></amt>
        <item>Salt to taste</item></ing>
      <ing>
        <amt>
          <qty/>
          <unit/></amt>
        <item>Fresh cracked black pepper to taste</item></ing>
      <ing>
        <amt>
          <qty>1/4</qty>
          <unit>cups</unit></amt>
        <item>Blue cheese; crumbled</item></ing></ingredients>
    <directions>
      <step>  Julienne bacon across grain into short strips. Place in a medium sautJ pan
  over medium heat and sautJ for 6 minutes or until bacon is crisp. Remove
  and drain on paper towel. Pour off half of bacon fat from pan. Add shallots
  and garlic and sautJ for 2 minutes. Stir in white wine vinegar. Bring to a
  boil, stirring constantly, then add cream, chicken stock, and buttermilk.
  Return to a boil. Dissolve corn starch in water. when dressing returns to a
  boil, stir in corn starch little by little until dressing is slightly
  thickened. Season with salt and pepper. Add blue cheese and bacon strips.
  Keep warm.
  
  NOTES : I have the Planning and Pantry List for this theme. E-mail me if
  you want it.
  Recipe by: HOME ENTERTAINING WITH DEAN FEARING SHOW #HE1A06 DINNER FOR
  
  Posted to MC-Recipe Digest V1 #928 by Emily Griffin
  &lt;emgriffi@ix.netcom.com&gt; on Nov 28, 1997
 
</step></directions></recipe></recipeml>
