<?xml version="1.0" encoding="UTF-8"?>

<recipeml version="0.5">
  <recipe>
    <head>
      <title>Bacon-Wrapped and Cheddar Stuffed Dogs</title>
      <categories>
        <cat>Kids</cat></categories>
      <yield>4</yield></head>
    <ingredients>
      <ing>
        <amt>
          <qty>4</qty>
          <unit/></amt>
        <item>Frankfurters</item></ing>
      <ing>
        <amt>
          <qty>8</qty>
          <unit>slices</unit></amt>
        <item>Thick-cut bacon</item></ing>
      <ing>
        <amt>
          <qty>4</qty>
          <unit>ounces</unit></amt>
        <item>Cheddar cheese; cut into 1/2 inch pi</item></ing>
      <ing>
        <amt>
          <qty/>
          <unit/></amt>
        <item>Wooden toothpicks</item></ing>
      <ing>
        <amt>
          <qty>4</qty>
          <unit/></amt>
        <item>Hot dog rolls</item></ing></ingredients>
    <directions>
      <step>  1. Preheat the broiler. Pat the frankfurters dry. In a skillet cook the
  bacon for 3 minutes or until still pliable and not crisp.
  
  2. Transfer to paper towels to drain.
  
  3. Cut a 1/2-inch slit lengthwise from end to end of each frankfurter.
  Stuff each frankfurter with the cheese.
  
  4. Wrap the entire length of each frankfurter with 2 slices of the bacon
  and secure with toothpicks.
  
  5. Place the prepared frankfurters on a rack over a baking pan or on a
  broiler pan. Broil the frankfurters until the bacon is crispy, about 2 to 3
  minutes. Serve frankfurters in rolls.
  
  Recipe by: Cooking Live Show #CL8920
  
  Posted to recipelu-digest Volume 01 Number 663 by RecipeLu
  &lt;recipelu@geocities.com&gt; on Jan 31, 1998
 
</step></directions></recipe></recipeml>
