<?xml version="1.0" encoding="UTF-8"?>

<recipeml version="0.5">
  <recipe>
    <head>
      <title>Bacon-Garlic Chicken Breasts</title>
      <categories>
        <cat>Poultry</cat></categories>
      <yield>1</yield></head>
    <ingredients>
      <ing>
        <amt>
          <qty>1/4</qty>
          <unit>cups</unit></amt>
        <item>Butter or margarine</item></ing>
      <ing>
        <amt>
          <qty>1</qty>
          <unit/></amt>
        <item>Clove garlic; minced</item></ing>
      <ing>
        <amt>
          <qty>2</qty>
          <unit>teaspoons</unit></amt>
        <item>Dried parsley flakes</item></ing>
      <ing>
        <amt>
          <qty>1</qty>
          <unit>teaspoon</unit></amt>
        <item>Grated lemon rind</item></ing>
      <ing>
        <amt>
          <qty>1/4</qty>
          <unit>teaspoons</unit></amt>
        <item>Salt</item></ing>
      <ing>
        <amt>
          <qty>1/8</qty>
          <unit>teaspoons</unit></amt>
        <item>Hot pepper sauce</item></ing>
      <ing>
        <amt>
          <qty>2</qty>
          <unit/></amt>
        <item>Whole chicken breasts (1 lb. each); halved</item></ing>
      <ing>
        <amt>
          <qty>4</qty>
          <unit/></amt>
        <item>Bacon slices; cut in half</item></ing></ingredients>
    <directions>
      <step>  Place butter and garlic in 12 x 7-inch baking dish. Microwave for about 1
  minute on High or until garlic is par- Italy cooked. Add remaining
  ingredients, except chicken breasts and bacon; mix well. Roll chicken
  breasts in seasoned butter; arrange skin side up and thick edges toward
  outside in buttered baking dish. Lay 2 half slices of bacon on each chicken
  breast. Cover dish with waxed paper. Microwave for 14 to 18 minutes on High
  or until meat is no longer pink in center. Let stand about 5 minutes before
  serving.
  Posted to recipelu-digest by "Diane Geary." &lt;diane@keyway.net&gt; on Feb 4,
  1998
 
</step></directions></recipe></recipeml>
