<?xml version="1.0" encoding="UTF-8"?>

<recipeml version="0.5">
  <recipe>
    <head>
      <title>Bacon Corn Bread</title>
      <categories>
        <cat>Breads</cat></categories>
      <yield>6</yield></head>
    <ingredients>
      <ing>
        <amt>
          <qty>1</qty>
          <unit>cup</unit></amt>
        <item>Corn-meal</item></ing>
      <ing>
        <amt>
          <qty>1</qty>
          <unit>cup</unit></amt>
        <item>White flour</item></ing>
      <ing>
        <amt>
          <qty>3</qty>
          <unit>teaspoons</unit></amt>
        <item>Baking powder</item></ing>
      <ing>
        <amt>
          <qty>1/2</qty>
          <unit>teaspoons</unit></amt>
        <item>Salt</item></ing>
      <ing>
        <amt>
          <qty>1</qty>
          <unit>tablespoon</unit></amt>
        <item>Sugar</item></ing>
      <ing>
        <amt>
          <qty>1</qty>
          <unit/></amt>
        <item>Egg, well beaten</item></ing>
      <ing>
        <amt>
          <qty>1</qty>
          <unit>cup</unit></amt>
        <item>Sweet milk</item></ing>
      <ing>
        <amt>
          <qty>1/4</qty>
          <unit>cups</unit></amt>
        <item>Diced bacon</item></ing></ingredients>
    <directions>
      <step>  Sift flour, measure, and sift with baking powder and salt.  Add
  corn-meal. Combine egg, milk, and bacon which has been crisped. Add
  dry ingredients. Fill well-oiled muffin tins 2/3 full.  Bake in hot
  oven (450 F) 15 minutes. 10 minutes. Mrs. Fred Snell, Erie, PA.
  Posted to MM-Recipes Digest V3 #245
  
  Date: Sat, 7 Sep 1996 19:36:21 -0400
  
  From: BobbieB1@aol.com
 
</step></directions></recipe></recipeml>
