<?xml version="1.0" encoding="UTF-8"?>

<recipeml version="0.5">
  <recipe>
    <head>
      <title>Bacon and Cheddar Drop Biscuits</title>
      <categories>
        <cat/></categories>
      <yield>16</yield></head>
    <ingredients>
      <ing>
        <amt>
          <qty>1/4</qty>
          <unit>cups</unit></amt>
        <item>Onion; finely minced</item></ing>
      <ing>
        <amt>
          <qty>4</qty>
          <unit>slices</unit></amt>
        <item>Crisply cooked bacon; finely minced</item></ing>
      <ing>
        <amt>
          <qty/>
          <unit/></amt>
        <item>(reserve 2 tablespoons of bacon fat)</item></ing>
      <ing>
        <amt>
          <qty>1 3/4</qty>
          <unit>cups</unit></amt>
        <item>Flour</item></ing>
      <ing>
        <amt>
          <qty>2</qty>
          <unit>teaspoons</unit></amt>
        <item>Double-acting baking powder</item></ing>
      <ing>
        <amt>
          <qty>1/2</qty>
          <unit>teaspoons</unit></amt>
        <item>Baking soda</item></ing>
      <ing>
        <amt>
          <qty>1/2</qty>
          <unit>teaspoons</unit></amt>
        <item>Salt</item></ing>
      <ing>
        <amt>
          <qty>2</qty>
          <unit>tablespoons</unit></amt>
        <item>Cold vegetable shortening</item></ing>
      <ing>
        <amt>
          <qty>3/4</qty>
          <unit>cups</unit></amt>
        <item>Extra sharp Cheddar cheese; coarsely grated</item></ing>
      <ing>
        <amt>
          <qty>2/3</qty>
          <unit>cups</unit></amt>
        <item>Milk</item></ing></ingredients>
    <directions>
      <step>  In a skillet, cook the onion in the reserved fat over moderately low heat,
  stirring, until it is softened; let mixture cool.  In a small bowl combine
  the onion mixture with the finely minced (do this in a food processor)
  bacon; season with freshly ground pepper. Into a bowl, sift together the
  flour, the baking powder, the baking soda, and the salt. Add the shortening
  and blend the mixture until it resembles coarse meal. Stir in the bacon
  mixture and the Cheddar; add the milk and stir the mixture until it just
  forms a soft sticky dough. Drop the dough by rounded tablespoons onto a
  buttered baking sheet. Bake the biscuits in the middle of a preheated 425
  oven for 15 to 17 or until pale golden brown. Makes about 16 biscuits.
  Posted to EAT-L Digest 07 Sep 96
  
  Date:    Sun, 8 Sep 1996 10:31:29 -0400
  
  From:    Laura Hunter &lt;LHunter722@AOL.COM&gt;
 
</step></directions></recipe></recipeml>
