<?xml version="1.0" encoding="UTF-8"?>

<recipeml version="0.5">
  <recipe>
    <head>
      <title>Bacon Cheese Puffs</title>
      <categories>
        <cat>None</cat></categories>
      <yield>1</yield></head>
    <ingredients>
      <ing>
        <amt>
          <qty>16</qty>
          <unit>ounces</unit></amt>
        <item>Soft cream cheee</item></ing>
      <ing>
        <amt>
          <qty>1</qty>
          <unit/></amt>
        <item>Egg yolk</item></ing>
      <ing>
        <amt>
          <qty>1</qty>
          <unit>teaspoon</unit></amt>
        <item>Minced onion</item></ing>
      <ing>
        <amt>
          <qty>1</qty>
          <unit>teaspoon</unit></amt>
        <item>B powder</item></ing>
      <ing>
        <amt>
          <qty>2 1/2</qty>
          <unit>tablespoons</unit></amt>
        <item>Imitation bacon pieces</item></ing>
      <ing>
        <amt>
          <qty>60</qty>
          <unit/></amt>
        <item>Round butter crackers</item></ing></ingredients>
    <directions>
      <step>  combine cream cheese egg yolk &amp; onion beat till smooth ,stir in b powder
  and bacon.
  
  Posted to recipelu-digest Volume 01 Number 415 by "rudolph"
  &lt;rudolph@1st.net&gt; on Dec 29, 1997
 
</step></directions></recipe></recipeml>
