<?xml version="1.0" encoding="UTF-8"?>

<recipeml version="0.5">
  <recipe>
    <head>
      <title>Bacon and Egg Pie</title>
      <categories>
        <cat>Eggs</cat></categories>
      <yield>6</yield></head>
    <ingredients>
      <ing>
        <amt>
          <qty>2</qty>
          <unit/></amt>
        <item>Sheets pre-rolled flaky pastry</item></ing>
      <ing>
        <amt>
          <qty>1</qty>
          <unit/></amt>
        <item>Onion; chopped</item></ing>
      <ing>
        <amt>
          <qty>1</qty>
          <unit>cup</unit></amt>
        <item>Chopped bacon</item></ing>
      <ing>
        <amt>
          <qty>1/2</qty>
          <unit>cups</unit></amt>
        <item>Mixed vegetables</item></ing>
      <ing>
        <amt>
          <qty>2</qty>
          <unit>tablespoons</unit></amt>
        <item>Spicy chutney</item></ing>
      <ing>
        <amt>
          <qty>6</qty>
          <unit/></amt>
        <item>Eggs</item></ing>
      <ing>
        <amt>
          <qty/>
          <unit/></amt>
        <item>Milk</item></ing></ingredients>
    <directions>
      <step>  submitted by: rayna@iconz.co.nz, From Rayna in New Zealand
  Below is a national favorite of New Zealand.  Many of the favorite and well
  used recipes are English based!  Let me know if you try it, what you think.
  When my daughter visited from California - she asked for this recipe. Take
  care and happy spring.
  
  Use one sheet of pastry to line a 20 cm square shallow cake tin.  (8 inch)
  Sprinkle onion, bacon and mixed vegetables evenly over pastry.  Dot the
  chutney on top.  Break eggs evenly over, pricking the yolks so they run
  slightly.  Carefully lift second sheet of pastry over filling.  Brush top
  with milk. Bake at 200C (400 F) for 40 minutes or until well risen and
  golden.
   To serve - cut into squares. Serve hot or cold. Serves 6.
  
  DAVE &lt;DAVIDG@CLAM.RUTGERS.EDU&gt;
  
  RECIPEINTERNET LIST SERVER
  
  RECIPE ARCHIVE - 6 MAY 1996
  
  From the 'RECIPEinternet: Recipes from Around the World' recipe list.
  Downloaded from Glen's MM Recipe Archive, http://www.erols.com/hosey.
 
</step></directions></recipe></recipeml>
