<?xml version="1.0" encoding="UTF-8"?>

<recipeml version="0.5">
  <recipe>
    <head>
      <title>Bacon and Cheese Breakfast Pizza</title>
      <categories>
        <cat>Eggs</cat></categories>
      <yield>4</yield></head>
    <ingredients>
      <ing>
        <amt>
          <qty>1/2</qty>
          <unit>pounds</unit></amt>
        <item>Bacon; cooked and crumbled</item></ing>
      <ing>
        <amt>
          <qty>8</qty>
          <unit>ounces</unit></amt>
        <item>Shredded swiss cheese</item></ing>
      <ing>
        <amt>
          <qty>4</qty>
          <unit/></amt>
        <item>Eggs</item></ing>
      <ing>
        <amt>
          <qty>12</qty>
          <unit>ounces</unit></amt>
        <item>Sour cream</item></ing>
      <ing>
        <amt>
          <qty>2</qty>
          <unit>tablespoons</unit></amt>
        <item>Chopped fresh parsley</item></ing></ingredients>
    <directions>
      <step>  From: sharon or Glenn gorman &lt;ranger@halcyon.com&gt;
  
  Date: 17 Nov 1994 21:02:53 -0500
  
  Roll pastry to fit into a 12-inch pizza pan.  Bake at 425 for 5 minutes.
  Sprinkle bacon and cheese evenly over crust.  In a bowl, beat eggs, sour
  cream and parsley until smooth; pour over pizza. Bake for 20-25 minutes or
  until pizza is puffy and lightly browned.
  
  REC.FOOD.RECIPES ARCHIVES
  
  /EGGS
  
  From rec.food.cooking archives.  Downloaded from Glen's MM Recipe Archive,
  http://www.erols.com/hosey.
 
</step></directions></recipe></recipeml>
