<?xml version="1.0" encoding="UTF-8"?>

<recipeml version="0.5">
  <recipe>
    <head>
      <title>Bacon Cheese Muffins</title>
      <categories>
        <cat>Biscuits /</cat>
        <cat>Muffins /</cat>
        <cat>Scones</cat></categories>
      <yield>12</yield></head>
    <ingredients>
      <ing>
        <amt>
          <qty>1/2</qty>
          <unit>pounds</unit></amt>
        <item>Bacon; (12 slices)</item></ing>
      <ing>
        <amt>
          <qty/>
          <unit/></amt>
        <item>Vegetable oil</item></ing>
      <ing>
        <amt>
          <qty>1</qty>
          <unit/></amt>
        <item>Egg; beaten</item></ing>
      <ing>
        <amt>
          <qty>3/4</qty>
          <unit>cups</unit></amt>
        <item>Milk</item></ing>
      <ing>
        <amt>
          <qty>1 3/4</qty>
          <unit>cups</unit></amt>
        <item>Flour</item></ing>
      <ing>
        <amt>
          <qty>1/4</qty>
          <unit>cups</unit></amt>
        <item>Sugar</item></ing>
      <ing>
        <amt>
          <qty>1</qty>
          <unit>tablespoon</unit></amt>
        <item>Baking powder</item></ing>
      <ing>
        <amt>
          <qty>1</qty>
          <unit>tablespoon</unit></amt>
        <item>Cheddar cheese; shredded</item></ing>
      <ing>
        <amt>
          <qty>1/2</qty>
          <unit>cups</unit></amt>
        <item>Crunchy nugget cereal</item></ing></ingredients>
    <directions>
      <step>  In large skillet, cook bacon over medium-high heat until crisp. Drain,
  reserving drippings. If necessary add oil to drippings to measure 1/3 cup.
  In small bowl, combine dripping mixture, egg and milk; set aside. Crumble
  bacon; set aside. In large bowl, combine flour, sugar and baking powder.
  Make well in center. Add dripping-egg mixture all at once to flour mixture.
  Stirring just until moistened. Batter should be lumpy. Fold in bacon,
  cheese and cereal. Spoon into GREASED or PAPER-LINED 2 1/2" muffin cups,
  filling about 3/4 full. Bake in preheated oven 400F degrees. Bake 15-20
  minutes. Remove from pan and cool on wire rack.
  
  Recipe by: Marty Boucher/Peggy Flentie, Jubail, KSA
  
  Posted to MC-Recipe Digest by "Pamela Creeden" &lt;creedenites@sprintmail.com&gt;
  on May 13, 1998
 
</step></directions></recipe></recipeml>
