<?xml version="1.0" encoding="UTF-8"?>

<recipeml version="0.5">
  <recipe>
    <head>
      <title>Bacon and Double Cheeseburger Loaf</title>
      <categories>
        <cat>Cooking liv</cat>
        <cat>Import</cat></categories>
      <yield>1</yield></head>
    <ingredients>
      <ing>
        <amt>
          <qty>4</qty>
          <unit>slices</unit></amt>
        <item>Bacon</item></ing>
      <ing>
        <amt>
          <qty>1 1/2</qty>
          <unit>pounds</unit></amt>
        <item>Lean ground chuck or ground round</item></ing>
      <ing>
        <amt>
          <qty>1</qty>
          <unit>cup</unit></amt>
        <item>Firm fresh white bread crumbs</item></ing>
      <ing>
        <amt>
          <qty>1</qty>
          <unit>cup</unit></amt>
        <item>Coarsely shredded sharp cheddar cheese; (about 4 ounces)</item></ing>
      <ing>
        <amt>
          <qty>1</qty>
          <unit>large</unit></amt>
        <item>Sweet onion; such as vidalia, chopped</item></ing>
      <ing>
        <amt>
          <qty>2</qty>
          <unit>tablespoons</unit></amt>
        <item>Regular or low fat mayonnaise</item></ing>
      <ing>
        <amt>
          <qty>2</qty>
          <unit>tablespoons</unit></amt>
        <item>India or other sweet pickle relish</item></ing>
      <ing>
        <amt>
          <qty>2</qty>
          <unit>teaspoons</unit></amt>
        <item>Dry mustard</item></ing>
      <ing>
        <amt>
          <qty>3/4</qty>
          <unit>teaspoons</unit></amt>
        <item>Salt</item></ing>
      <ing>
        <amt>
          <qty>1/2</qty>
          <unit>teaspoons</unit></amt>
        <item>Freshly ground pepper</item></ing>
      <ing>
        <amt>
          <qty>1</qty>
          <unit/></amt>
        <item>Egg</item></ing>
      <ing>
        <amt>
          <qty>1/4</qty>
          <unit>cups</unit></amt>
        <item>Ketchup</item></ing></ingredients>
    <directions>
      <step>  Preheat the oven to 350 degrees. In a medium skillet, cook the bacon over
  medium heat until it is limp and some of the fat is rendered, 3 to 4
  minutes. Remove the bacon from the skillet and reserve.
  
  In a large mixing bowl, use your hands to gently but thoroughly mix
  together the meat, bread crumbs, 1/2 cup of the cheese, onion, mayonnaise,
  relish, mustard, salt, pepper, and egg. Pat the mixture into a shallow 2
  quart baking pan. Spread the top of the loaf with ketchup, then lay the
  bacon strips over the ketchup. Bake until the loaf is firm and the bacon is
  crisp, 45 to 50 minutes, sprinkling the top of the loaf with the remaining
  1/2 cup cheese to melt during the last 5 to 10 minutes of baking. Internal
  temperature should be 155 degrees. Let the meatloaf stand in the baking
  dish for 10 minutes, then cut into squares to serve. For leftovers, reheat
  slices in a microwave and serve on sesame buns with lettuce, tomato and
  ketchup.
  
  Yield: 6 servings
  
  NOTES : Recipe courtesy of Melanie Barnard, "Everybody Loves Meatloaf"
  
  Recipe by: Cooking Live Show #CL9052
  
  Posted to MC-Recipe Digest by "Angele and Jon Freeman"
  &lt;jfreeman@comteck.com&gt; on Feb 7, 1998
 
</step></directions></recipe></recipeml>
