<?xml version="1.0" encoding="UTF-8"?>

<recipeml version="0.5">
  <recipe>
    <head>
      <title>Bacon-Onion Cheesecake</title>
      <categories>
        <cat>Appetizers</cat></categories>
      <yield>12</yield></head>
    <ingredients>
      <ing>
        <amt>
          <qty>2/3</qty>
          <unit>cups</unit></amt>
        <item>Stone-ground wheat cracker crumbs</item></ing>
      <ing>
        <amt>
          <qty>1/3</qty>
          <unit>cups</unit></amt>
        <item>Walnuts, finely chopped</item></ing>
      <ing>
        <amt>
          <qty>2</qty>
          <unit>tablespoons</unit></amt>
        <item>Butter, softened</item></ing>
      <ing>
        <amt>
          <qty>8</qty>
          <unit>slices</unit></amt>
        <item>Bacon</item></ing>
      <ing>
        <amt>
          <qty>1/2</qty>
          <unit>cups</unit></amt>
        <item>Onion, chopped</item></ing>
      <ing>
        <amt>
          <qty>1</qty>
          <unit>tablespoon</unit></amt>
        <item>Bacon drippings</item></ing>
      <ing>
        <amt>
          <qty>24</qty>
          <unit>ounces</unit></amt>
        <item>Cream cheese, softened</item></ing>
      <ing>
        <amt>
          <qty>3</qty>
          <unit/></amt>
        <item>Eggs, beaten</item></ing>
      <ing>
        <amt>
          <qty>1/2</qty>
          <unit>teaspoons</unit></amt>
        <item>Cayenne Pepper</item></ing>
      <ing>
        <amt>
          <qty>1/4</qty>
          <unit>teaspoons</unit></amt>
        <item>Garlic powder</item></ing>
      <ing>
        <amt>
          <qty/>
          <unit/></amt>
        <item>Parsley sprig</item></ing>
      <ing>
        <amt>
          <qty/>
          <unit/></amt>
        <item>Shredded carrot</item></ing>
      <ing>
        <amt>
          <qty/>
          <unit/></amt>
        <item>Carrot Curl</item></ing></ingredients>
    <directions>
      <step>  Combine cracker crumbs, walnuts &amp; butter until well blended. Press crumbs
  evenly on bottom of springform pan. Bake in pre-heated 350øF oven 10
  minutes.  Cool on rack. Fry bacon until crisp, then crumble. Saute onion in
  drippings until tender and set aside.  Beat cream cheese. Gradually add
  eggs, garlic powder &amp; cayenne. Beat until smooth. Stir in bacon and onions.
  Spoon mixture into pan.  Spread level.  Bake 45 to 60 minutes or until
  cheesecake is almost set and cracks on top. Cool completely. Store in
  refrigerator covered with plastic wrap. Just before serving at room temp.,
  remove sides of pan.  Garnish with circle of shredded carrot to edge. Place
  carrot curl in center with sprig of parsley. Serve with crackers or carrot
  slices.
  
  From Gemini's MASSIVE MealMaster collection at www.synapse.com/~gemini
 
</step></directions></recipe></recipeml>
