<?xml version="1.0" encoding="UTF-8"?>

<recipeml version="0.5">
  <recipe>
    <head>
      <title>Bacon-Cheese Dip</title>
      <categories>
        <cat>Appetizers</cat>
        <cat>Cheese/eggs</cat></categories>
      <yield>1</yield></head>
    <ingredients>
      <ing>
        <amt>
          <qty>1/2</qty>
          <unit>cups</unit></amt>
        <item>Sour cream</item></ing>
      <ing>
        <amt>
          <qty>1/4</qty>
          <unit>pounds</unit></amt>
        <item>Cheese, Roquefort</item></ing>
      <ing>
        <amt>
          <qty>3</qty>
          <unit>ounces</unit></amt>
        <item>Cream cheese</item></ing>
      <ing>
        <amt>
          <qty>1/4</qty>
          <unit>teaspoons</unit></amt>
        <item>Tabasco sauce</item></ing>
      <ing>
        <amt>
          <qty>4</qty>
          <unit>slices</unit></amt>
        <item>Bacon cooked crisp</item></ing>
      <ing>
        <amt>
          <qty>1</qty>
          <unit>small</unit></amt>
        <item>Garlic cloves diced</item></ing>
      <ing>
        <amt>
          <qty>1/4</qty>
          <unit>teaspoons</unit></amt>
        <item>Celery seed, whole</item></ing></ingredients>
    <directions>
      <step>   Put all ingredients into electric blender and blend until smooth. Chill
  and serve with potato chips or crackers. Yeilds 1-1/2 to 2 cups.
  
   Original recipe from The Gasparilla Cookbook (received in May cookbook
  swap from Gail), by Mrs. Charles J.
   Younger. Conversion by Rick Weissgerber. [GEnie D.WEISSGERBE]
  
  From Gemini's MASSIVE MealMaster collection at www.synapse.com/~gemini
 
</step></directions></recipe></recipeml>
