<?xml version="1.0" encoding="UTF-8"?>

<recipeml version="0.5">
  <recipe>
    <head>
      <title>Bacon Cornmeal Waffles</title>
      <categories>
        <cat>Bread</cat></categories>
      <yield>6</yield></head>
    <ingredients>
      <ing>
        <amt>
          <qty>2</qty>
          <unit/></amt>
        <item>Eggs</item></ing>
      <ing>
        <amt>
          <qty>1 3/4</qty>
          <unit>cups</unit></amt>
        <item>Whole milk</item></ing>
      <ing>
        <amt>
          <qty>1</qty>
          <unit>cup</unit></amt>
        <item>Cake flour</item></ing>
      <ing>
        <amt>
          <qty>2 1/2</qty>
          <unit>teaspoons</unit></amt>
        <item>Baking powder</item></ing>
      <ing>
        <amt>
          <qty>1</qty>
          <unit>tablespoon</unit></amt>
        <item>Sugar</item></ing>
      <ing>
        <amt>
          <qty>1/2</qty>
          <unit>teaspoons</unit></amt>
        <item>Salt</item></ing>
      <ing>
        <amt>
          <qty>1</qty>
          <unit>cup</unit></amt>
        <item>Yellow corn meal</item></ing>
      <ing>
        <amt>
          <qty>1/4</qty>
          <unit>cups</unit></amt>
        <item>Bacon drippings</item></ing>
      <ing>
        <amt>
          <qty>12</qty>
          <unit>slices</unit></amt>
        <item>(thin) bacon</item></ing></ingredients>
    <directions>
      <step>  From: Joel.Ehrlich@salata.com (Joel Ehrlich)
  
  Subject: UNUSUAL Waffle Recipes Date: Mon, 5 Jun 1995 06:45:06 GMT
  
  Preheat the waffle iron. Beat the eggs slightly. Add the milk. Sift the
  flour, baking powder, sugar and salt into a separate bowl. Add the
  cornmeal. Combine the dry ingredients with the egg-milk mixture and stir
  with ONLY a FEW quick strokes. Add the bacon drippings. Cut the bacon
  slices into halves or quarters. Place several pieces of bacon on the waffle
  iron for each waffle and pour on batter to cover about 2/3 of the waffle
  iron grid. Close the iron and bake until the steam stops. Remove the waffle
  and serve with honey, molasses or corn syrup.
  
  REC.FOOD.RECIPES
  
  From rec.food.cooking archives.  Downloaded from Glen's MM Recipe Archive,
  http://www.erols.com/hosey.
 
</step></directions></recipe></recipeml>
