<?xml version="1.0" encoding="UTF-8"?>

<recipeml version="0.5">
  <recipe>
    <head>
      <title>Bacon Double-Corn Muffins</title>
      <categories>
        <cat>None</cat></categories>
      <yield>1</yield></head>
    <ingredients>
      <ing>
        <amt>
          <qty>4</qty>
          <unit>slices</unit></amt>
        <item>Lean bacon</item></ing>
      <ing>
        <amt>
          <qty>1 1/2</qty>
          <unit>cups</unit></amt>
        <item>Unbleached all-purpose flour</item></ing>
      <ing>
        <amt>
          <qty>1</qty>
          <unit>cup</unit></amt>
        <item>Yellow cornmeal</item></ing>
      <ing>
        <amt>
          <qty>1/4</qty>
          <unit>cups</unit></amt>
        <item>Sugar</item></ing>
      <ing>
        <amt>
          <qty>2</qty>
          <unit>teaspoons</unit></amt>
        <item>Baking powder</item></ing>
      <ing>
        <amt>
          <qty>1/2</qty>
          <unit>teaspoons</unit></amt>
        <item>Baking soda; sieved</item></ing>
      <ing>
        <amt>
          <qty>1</qty>
          <unit>teaspoon</unit></amt>
        <item>Salt</item></ing>
      <ing>
        <amt>
          <qty>1</qty>
          <unit>cup</unit></amt>
        <item>Buttermilk</item></ing>
      <ing>
        <amt>
          <qty>1/2</qty>
          <unit>cups</unit></amt>
        <item>Canned creamed corn (from one 14-ounce can)</item></ing>
      <ing>
        <amt>
          <qty>1/3</qty>
          <unit>cups</unit></amt>
        <item>Vegetable oil</item></ing>
      <ing>
        <amt>
          <qty>1</qty>
          <unit>large</unit></amt>
        <item>Egg</item></ing></ingredients>
    <directions>
      <step>  &gt;From Muffins A to Z by Marie Simmons
  
  These tender, creamy and delicious savory muffins are great for breakfast
  or for lunch or supper, served with soup and a salad. They are even good
  without the bacon.
  
  1. Preheat the oven to 400 degrees F. Lightly butter 12 muffin cups or coat
  with nonstick cooking spray.
  
  2. Cook the bacon in a skillet until crisp. Drain on a paper towel; cool.
  cut into 1/4-inch pieces; set aside.
  
  3. Combine the flour,c ornmeal, sugar, baking powder, baking soda and salt
  in a large bowl; stir until well blended. Add the bacon. In a separate
  bowl, whisk together the buttermilk, corn, oil and egg until blended. Add
  the liquid ingredients to the dry all at once and fold just until evenly
  moistened. Do not overmix.
  
  4. Divide the batter evenly among the muffin cups. Bake until the tops are
  golden and a toothpick inserted in the centers comes out clean, 20 to 25
  minutes. Cool on a wire rack before removing from the pan.
  
  Makes 12 medium muffins
  
  Posted to Bakery-Shoppe Digest V1 #218 by Sandra Swinford
  &lt;sswinfor@cecasun.utc.edu&gt; on Sep 4, 1997
 
</step></directions></recipe></recipeml>
