<?xml version="1.0" encoding="UTF-8"?>

<recipeml version="0.5">
  <recipe>
    <head>
      <title>Bacon and Water Chestnut Hors D' Oeuvres</title>
      <categories>
        <cat>None</cat></categories>
      <yield>1</yield></head>
    <ingredients>
      <ing>
        <amt>
          <qty>1</qty>
          <unit>can</unit></amt>
        <item>Water Chestnuts; drained</item></ing>
      <ing>
        <amt>
          <qty>1/4</qty>
          <unit>cups</unit></amt>
        <item>Soy sauce</item></ing>
      <ing>
        <amt>
          <qty>2</qty>
          <unit>tablespoons</unit></amt>
        <item>Sugar</item></ing>
      <ing>
        <amt>
          <qty/>
          <unit/></amt>
        <item>Bacon strips; cut in thirds.</item></ing></ingredients>
    <directions>
      <step>  Marinate water chestnuts in soy sauce for 30 minutes. If chestnuts are too
  large cut into bite-size pieces. Roll each in sugar, the wrap in a piece of
  bacon. Place on slotted surface of broiler pan and bake at 400 degrees for
  approximately 20 minutes, turning once. Drain on paper towels.
  
  Posted to recipelu-digest Volume 01 Number 205 by EABoz@aol.com on Nov 6,
  1997
 
</step></directions></recipe></recipeml>
