<?xml version="1.0" encoding="UTF-8"?>

<recipeml version="0.5">
  <recipe>
    <head>
      <title>Bacon and Cheese Polenta Squares</title>
      <categories>
        <cat>Appetizers</cat>
        <cat>Posted</cat></categories>
      <yield>50</yield></head>
    <ingredients>
      <ing>
        <amt>
          <qty>1</qty>
          <unit>tablespoon</unit></amt>
        <item>Butter Or Margarine</item></ing>
      <ing>
        <amt>
          <qty>1</qty>
          <unit>cup</unit></amt>
        <item>Chicken Broth</item></ing>
      <ing>
        <amt>
          <qty>1/2</qty>
          <unit>cups</unit></amt>
        <item>Yellow Cornmeal</item></ing>
      <ing>
        <amt>
          <qty>2</qty>
          <unit/></amt>
        <item>Jalapenos</item></ing>
      <ing>
        <amt>
          <qty>1</qty>
          <unit>small</unit></amt>
        <item>Onion; Chopped</item></ing>
      <ing>
        <amt>
          <qty>1/4</qty>
          <unit>teaspoons</unit></amt>
        <item>Salt</item></ing>
      <ing>
        <amt>
          <qty>1/8</qty>
          <unit>teaspoons</unit></amt>
        <item>Pepper</item></ing>
      <ing>
        <amt>
          <qty>2</qty>
          <unit>slices</unit></amt>
        <item>Bacon; Cooked And Crumbled</item></ing>
      <ing>
        <amt>
          <qty>2</qty>
          <unit>tablespoons</unit></amt>
        <item>Cilantro; Chopped</item></ing>
      <ing>
        <amt>
          <qty>2</qty>
          <unit/></amt>
        <item>Eggs; Beaten Slightly</item></ing>
      <ing>
        <amt>
          <qty>1/2</qty>
          <unit>cups</unit></amt>
        <item>Whole Kernel Corn</item></ing>
      <ing>
        <amt>
          <qty>1/4</qty>
          <unit>cups</unit></amt>
        <item>Cheddar Cheese</item></ing></ingredients>
    <directions>
      <step>  Preheat oven to 400. Line an 8" baking pan with foil. Grease foil. Bring
  margarine and stock to a boil in a medium saucepan over medium heat.
  Gradually pour in cornmeal, stirring constantly. Add jalapeno, onion, salt
  and pepper. Cook, stirring over medium heat 5 minutes or until thick.
  Remove from heat; stir in bacon, cilantro, eggs and corn. Spoon into
  prepared pan. Sprinkle with cheese. Bake 12 minutes or until cheese is
  bubbly. Remove from oven; let stand 5 to 10 minutes before cutting. Cut
  into 1" squares.
  
  Recipe by: Appetizers and Small Meals by Mable Hoffman
  
  Posted to brand-name-recipes by Meg Antczak &lt;meginny@frontiernet.net&gt; on
  May 06, 1998
 
</step></directions></recipe></recipeml>
