<?xml version="1.0" encoding="UTF-8"?>

<recipeml version="0.5">
  <recipe>
    <head>
      <title>Bacony Creamed Spinach</title>
      <categories>
        <cat>Vegetable</cat></categories>
      <yield>4</yield></head>
    <ingredients>
      <ing>
        <amt>
          <qty>2</qty>
          <unit>packages</unit></amt>
        <item>Frozen spinach (10oz. ea)</item></ing>
      <ing>
        <amt>
          <qty>6</qty>
          <unit/></amt>
        <item>Bacon strips</item></ing>
      <ing>
        <amt>
          <qty>1</qty>
          <unit/></amt>
        <item>Garlic clove;minced</item></ing>
      <ing>
        <amt>
          <qty>1/2</qty>
          <unit>cups</unit></amt>
        <item>Onion;chopped</item></ing>
      <ing>
        <amt>
          <qty>1/2</qty>
          <unit>teaspoons</unit></amt>
        <item>Salt</item></ing>
      <ing>
        <amt>
          <qty>1/8</qty>
          <unit>teaspoons</unit></amt>
        <item>White pepper</item></ing>
      <ing>
        <amt>
          <qty>1</qty>
          <unit>pinch</unit></amt>
        <item>Cayenne pepper</item></ing>
      <ing>
        <amt>
          <qty>2</qty>
          <unit>tablespoons</unit></amt>
        <item>Butter</item></ing>
      <ing>
        <amt>
          <qty>2</qty>
          <unit>tablespoons</unit></amt>
        <item>Flour</item></ing>
      <ing>
        <amt>
          <qty>1</qty>
          <unit>cup</unit></amt>
        <item>Half-and-half or milk</item></ing></ingredients>
    <directions>
      <step>  1. Cook spinach by boiling or in microwave. Drain well and squeeze out as
  much moisture as possible. Chop fine, using food processor of food grinder.
  
  2. Cook bacon in skillet until crisp. Remove and drain. Crumble and
  reserve. In about 2 T of the bacon fat, saute garlic and onion over medium
  heat. When onion is limp, add spinach. Lower heat. Season with salt and
  peppers; stir well as moisture evaporates from spinach, about 1 minute.
  Remove from heat.
  
  3. In a separate large skillet, melt butter over medium heat. Sprinkle in
  flour, stirring constantly until smooth. Graduallly stir in half-and-half
  or milk and cook until smooth and bubbly. Stir in spinach mixture and heat
  through. Remove from heat, stir in reserved bits of bacon, and serve.
  
  Date: Sat, 22 Jun 1996 19:03:30 -0400
  
  From: BobbieB1@aol.com
  
  MM-Recipes Digest V3 #175
  
  From the MealMaster recipe list.  Downloaded from Glen's MM Recipe Archive,
  http://www.erols.com/hosey.
 
</step></directions></recipe></recipeml>
