<?xml version="1.0" encoding="UTF-8"?>

<recipeml version="0.5">
  <recipe>
    <head>
      <title>Bacon-Wrapped Little Loaves</title>
      <categories>
        <cat>Mexico</cat></categories>
      <yield>6</yield></head>
    <ingredients>
      <ing>
        <amt>
          <qty>1 1/2</qty>
          <unit>pounds</unit></amt>
        <item>Lean Ground Beef</item></ing>
      <ing>
        <amt>
          <qty>1</qty>
          <unit>cup</unit></amt>
        <item>Cheddar Cheese; Shredded,4 Oz</item></ing>
      <ing>
        <amt>
          <qty>1</qty>
          <unit/></amt>
        <item>Egg; Lg</item></ing>
      <ing>
        <amt>
          <qty>1/4</qty>
          <unit>cups</unit></amt>
        <item>Bread Crumbs; Dry</item></ing>
      <ing>
        <amt>
          <qty>1/4</qty>
          <unit>cups</unit></amt>
        <item>Onion; Chopped, 1 Sm</item></ing>
      <ing>
        <amt>
          <qty>1/4</qty>
          <unit>cups</unit></amt>
        <item>Lemon Juice</item></ing>
      <ing>
        <amt>
          <qty>1/4</qty>
          <unit>cups</unit></amt>
        <item>Green Bell Pepper; Chopped</item></ing>
      <ing>
        <amt>
          <qty>1/2</qty>
          <unit>cups</unit></amt>
        <item>Water</item></ing>
      <ing>
        <amt>
          <qty>1/2</qty>
          <unit>teaspoons</unit></amt>
        <item>Beef Bouillon; Instant</item></ing>
      <ing>
        <amt>
          <qty>1</qty>
          <unit>teaspoon</unit></amt>
        <item>Salt</item></ing>
      <ing>
        <amt>
          <qty>6</qty>
          <unit/></amt>
        <item>ThinSlicesofBacon,Cut In 1/2</item></ing></ingredients>
    <directions>
      <step>  Heat the oven to 350 degrees F.  Mix all of the ingredients, except the
  bacon, together.  Shape the mixture into 6 small loaves. Crisscross 2 of
  the half slices of bacon across each loaf, tucking   the ends under each
  loaf.  Place the loaves on a rack in a shallow   baking pan and bake
  uncovered for 50 minutes.  Let stand for 5 to 10   minutes before serving.
  Posted to MC-Recipe Digest V1 #166
  
  Date: Tue, 23 Jul 1996 06:44:53 -0400
  
  From: Francine Boucher &lt;fboucher@sympatico.ca&gt;
 
</step></directions></recipe></recipeml>
