<?xml version="1.0" encoding="UTF-8"?>

<recipeml version="0.5">
  <recipe>
    <head>
      <title>Apple Bread-And-Butter Pudding - Country Living</title>
      <categories>
        <cat>Desserts</cat>
        <cat>Puddings</cat></categories>
      <yield>10</yield></head>
    <ingredients>
      <ing>
        <amt>
          <qty>5 1/2</qty>
          <unit>cups</unit></amt>
        <item>Cored; peeled, and thinly sliced Rome apples, (about 4 large apples)</item></ing>
      <ing>
        <amt>
          <qty>1</qty>
          <unit>tablespoon</unit></amt>
        <item>Finely grated lemon rind</item></ing>
      <ing>
        <amt>
          <qty>1</qty>
          <unit>tablespoon</unit></amt>
        <item>Lemon juice</item></ing>
      <ing>
        <amt>
          <qty>3</qty>
          <unit>tablespoons</unit></amt>
        <item>Sugar</item></ing>
      <ing>
        <amt>
          <qty>1</qty>
          <unit>teaspoon</unit></amt>
        <item>Ground cinnamon</item></ing>
      <ing>
        <amt>
          <qty>1</qty>
          <unit>cup</unit></amt>
        <item>Apple juice</item></ing>
      <ing>
        <amt>
          <qty>1</qty>
          <unit>tablespoon</unit></amt>
        <item>Cornstarch</item></ing>
      <ing>
        <amt>
          <qty>1</qty>
          <unit>tablespoon</unit></amt>
        <item>Calvados; (opt.)</item></ing>
      <ing>
        <amt>
          <qty>5</qty>
          <unit>tablespoons</unit></amt>
        <item>Maple syrup</item></ing>
      <ing>
        <amt>
          <qty>3</qty>
          <unit>tablespoons</unit></amt>
        <item>Butter</item></ing>
      <ing>
        <amt>
          <qty>1</qty>
          <unit>small</unit></amt>
        <item>Loaf French bread; cut into thin slices</item></ing>
      <ing>
        <amt>
          <qty/>
          <unit/></amt>
        <item>Heavy cream or vanilla ice cream; (opt.)</item></ing></ingredients>
    <directions>
      <step>  1. Heat oven to 350'F. Grease a 10 1/2- by 6 1/2-inch baking dish. In large
  bowl, combine the apples, lemon rind, and juice; set aside. In small bowl,
  combine sugar and cinnamon. Set aside.
  
  2. In small saucepan, combine apple juice and cornstarch. Heat to boiling
  over medium heat and cook, stirring constantly, until thickened.
  
  3. Spoon half of apple mixture into baking dish and sprinkle 1 T cin- namon
  sugar over top; repeat with remaining apples and another T cinnamon sugar.
  Pour thickened applejuice mixture over top. If desired, sprinkle with
  Calvados.
  
  4. In small saucepan, heat syrup and butter until melted over low heat;
  stir to combine, then remove from heat. With pastry brush, coat one side of
  bread slices with syrup mixture. Overlap bread slices, dry side down, in
  baking dish to cover apples. Place any remaining brushed bread slices on
  top of first layer to fill all gaps. (No apples should be visible
  underneath.) Sprinkle remaining cinnamon sugar over top of bread slices.
  
  5. Bake 25 to 30 minutes or until apples are tender and bread is darkly
  toasted. Serve immediately with heavy cream or ice cream, if desired.
  
  Nutritional information per serving without heavy cream or ice
  crea@protein: 3 grams; fat: 5 grams; carbohydrate, 43 grams; fiber- 2
  grams; sodium: 238 milligrams; cholesterol: 9 milligrams; calories: 230.
  
  Country Living/April/93
  
  Posted to recipelu-digest by GramWag@aol.com on Feb 6, 1998
 
</step></directions></recipe></recipeml>
