<?xml version="1.0" encoding="UTF-8"?>

<recipeml version="0.5">
  <recipe>
    <head>
      <title>Apple Butter Muffins</title>
      <categories>
        <cat/></categories>
      <yield>12</yield></head>
    <ingredients>
      <ing>
        <amt>
          <qty>2</qty>
          <unit>cups</unit></amt>
        <item>Flour</item></ing>
      <ing>
        <amt>
          <qty>3/4</qty>
          <unit>cups</unit></amt>
        <item>Brown sugar</item></ing>
      <ing>
        <amt>
          <qty>1 1/2</qty>
          <unit>teaspoons</unit></amt>
        <item>Baking powder</item></ing>
      <ing>
        <amt>
          <qty>1/4</qty>
          <unit>teaspoons</unit></amt>
        <item>Baking soda</item></ing>
      <ing>
        <amt>
          <qty>1/2</qty>
          <unit>teaspoons</unit></amt>
        <item>Salt</item></ing>
      <ing>
        <amt>
          <qty>1</qty>
          <unit>teaspoon</unit></amt>
        <item>Cinnamon</item></ing>
      <ing>
        <amt>
          <qty>1/2</qty>
          <unit>teaspoons</unit></amt>
        <item>Ginger</item></ing>
      <ing>
        <amt>
          <qty>3/4</qty>
          <unit>cups</unit></amt>
        <item>Apple butter</item></ing>
      <ing>
        <amt>
          <qty>1/2</qty>
          <unit>cups</unit></amt>
        <item>Butter or margarine, melted and cooled</item></ing>
      <ing>
        <amt>
          <qty>1/4</qty>
          <unit>cups</unit></amt>
        <item>Skim milk</item></ing>
      <ing>
        <amt>
          <qty>2</qty>
          <unit/></amt>
        <item>Eggs, lightly beaten</item></ing>
      <ing>
        <amt>
          <qty>3</qty>
          <unit>tablespoons</unit></amt>
        <item>Honey</item></ing>
      <ing>
        <amt>
          <qty>1</qty>
          <unit>teaspoon</unit></amt>
        <item>Vanilla</item></ing>
      <ing>
        <amt>
          <qty>1/2</qty>
          <unit>cups</unit></amt>
        <item>Raisins  (optional)</item></ing></ingredients>
    <directions>
      <step>  Preheat oven to 400 F.
  
  In a large bowl, combine dry ingredients (the first 7 ingredients) and make
  a well in the center. In smaller bowl, combine wet ingredients (the next 6
  ingredients). Pour wet mixture into the "well" of the dry ingredients and
  stir just to combine (10-15 strokes). Fold in raisins with as few strokes
  as possible.
  
  Spoon batter into 12 muffin cups (if you don't use muffin liners, spray the
  pan with cooking spray).
  
  Bake 20-25 minutes, until cake tester comes out clean.  Remove muffin tin
  to cooling rack and cool 5 mins. before removing muffins from tin. (Do
  *not* let muffins cool completely in the tin.)
  Recipe By     : Jenni Miller
  
  Posted to MC-Recipe Digest V1 #221
  
  Date: Wed, 18 Sep 96 10:04:18 EDT
  
  From: miller@micro.ti.com (Jenni Miller)
 
</step></directions></recipe></recipeml>
