<?xml version="1.0" encoding="UTF-8"?>

<recipeml version="0.5">
  <recipe>
    <head>
      <title>Apple Brown Betty with Brandy Butter</title>
      <categories>
        <cat>Desserts</cat></categories>
      <yield>6</yield></head>
    <ingredients>
      <ing>
        <amt>
          <qty>1/2</qty>
          <unit>cups</unit></amt>
        <item>Butter or margarine</item></ing>
      <ing>
        <amt>
          <qty>4</qty>
          <unit>cups</unit></amt>
        <item>Bread cubes, white or whole wheat, 1/2 inch cubes, pack tightly to measure</item></ing>
      <ing>
        <amt>
          <qty>6</qty>
          <unit>cups</unit></amt>
        <item>Apples, peeled, cored, and sliced (6 med size apples)</item></ing>
      <ing>
        <amt>
          <qty>3/4</qty>
          <unit>cups</unit></amt>
        <item>Light brown sugar, firmly packed</item></ing>
      <ing>
        <amt>
          <qty>1/4</qty>
          <unit>teaspoons</unit></amt>
        <item>Ground cinnamon</item></ing>
      <ing>
        <amt>
          <qty>1/2</qty>
          <unit>teaspoons</unit></amt>
        <item>Ground nutmeg</item></ing>
      <ing>
        <amt>
          <qty>2</qty>
          <unit>tablespoons</unit></amt>
        <item>Grated lemon peel</item></ing>
      <ing>
        <amt>
          <qty>2</qty>
          <unit>tablespoons</unit></amt>
        <item>Lemon juice</item></ing>
      <ing>
        <amt>
          <qty>1/3</qty>
          <unit>cups</unit></amt>
        <item>Water</item></ing>
      <ing>
        <amt>
          <qty/>
          <unit/></amt>
        <item>Sweetened whipped cream</item></ing>
      <ing>
        <amt>
          <qty/>
          <unit/></amt>
        <item>Brandy Butter (see below)</item></ing></ingredients>
    <directions>
      <step>  Heat oven to 375F degrees. Grease a 2 1/2 quart casserole dish. In a
  skillet, using moderate heat, melt butter. Add bread cubes, and mix lightly
  in butter. Spoon 1/3 of bread cubes into the casserole dish.
  
  Using a large bowl, toss sliced apples, brown sugar, cinnamon, nutmeg, and
  grated lemon peel. Cover layer of bread cubes, in casserole, with 1/2 apple
  mixture. Repeat layers once more. Reserve last 1/3 of bread cubes for top
  layer. Mix lemon juice and water. Pour over top of casserole. Tightly cover
  the casserole and bake 30 minutes. Remove cover and bake 30-40 minutes
  more. Serve warm with whipped cream and Brandy Butter.
  
  BRANDY BUTTER
  
      1/2 c  butter or margarine
    1 1/2    cups powdered sugar 2 TBs brandy or 2 TBs artificial rum
  flavoring
  
  Cream butter in a bowl. Add sugar gradually; beat till smooth. Stir in
  brandy. Spoon into serving bowl. Refrigerate until serving time. (Makes 1
  cup)
  Posted to MM-Recipes Digest V4 #329 by BobbieB1 &lt;BobbieB1@aol.com&gt; on Dec
  18, 1997
 
</step></directions></recipe></recipeml>
