<?xml version="1.0" encoding="UTF-8"?>

<recipeml version="0.5">
  <recipe>
    <head>
      <title>Apple Brown Betty with Rum Whipped Cream</title>
      <categories>
        <cat>Desserts</cat>
        <cat>Holiday</cat></categories>
      <yield>6</yield></head>
    <ingredients>
      <ing>
        <amt>
          <qty/>
          <unit/></amt>
        <item>MAIN INGREDIENTS:</item></ing>
      <ing>
        <amt>
          <qty>1</qty>
          <unit>cup</unit></amt>
        <item>All-purpose flour</item></ing>
      <ing>
        <amt>
          <qty>1/4</qty>
          <unit>teaspoons</unit></amt>
        <item>Salt</item></ing>
      <ing>
        <amt>
          <qty>1/2</qty>
          <unit>teaspoons</unit></amt>
        <item>Ground cinnamon</item></ing>
      <ing>
        <amt>
          <qty>1/4</qty>
          <unit>teaspoons</unit></amt>
        <item>Ground nutmeg</item></ing>
      <ing>
        <amt>
          <qty>3/4</qty>
          <unit>cups</unit></amt>
        <item>Sugar</item></ing>
      <ing>
        <amt>
          <qty>8</qty>
          <unit>tablespoons</unit></amt>
        <item>(1 stick) unsalted butter, chilled, cut into 1/2" piec</item></ing>
      <ing>
        <amt>
          <qty>4</qty>
          <unit/></amt>
        <item>Slices firm-textured bread; crusts removed</item></ing>
      <ing>
        <amt>
          <qty>1</qty>
          <unit>cup</unit></amt>
        <item>Raisins</item></ing>
      <ing>
        <amt>
          <qty>3</qty>
          <unit/></amt>
        <item>Granny Smith apples; peeled, cored, and cut into 1/2-inc pieces (about 1-1/2 pounds)</item></ing>
      <ing>
        <amt>
          <qty/>
          <unit/></amt>
        <item>RUM WHIPPED CREAM:</item></ing>
      <ing>
        <amt>
          <qty>1</qty>
          <unit>cup</unit></amt>
        <item>Heavy cream</item></ing>
      <ing>
        <amt>
          <qty>2</qty>
          <unit>tablespoons</unit></amt>
        <item>Sugar</item></ing>
      <ing>
        <amt>
          <qty>2</qty>
          <unit>tablespoons</unit></amt>
        <item>Dark rum</item></ing></ingredients>
    <directions>
      <step>  To make the apple brown betty: Preheat the oven to 350 degrees. Butter a
  9-inch-square baking dish. Sift the flour, salt, cinnamon, nutmeg, and
  sugar into a bowl. Cut the butter into small pieces; cut it into the flour
  mixture, using a pastry blender, until the mixture resembles coarse crumbs.
  Cut the bread into 1-inch-square pieces. Soak the raisins in boiling water
  to cover for about 5 minutes, until plump, the drain them. Combine the
  bread, raisins, and sliced apples in a bowl. Sprinkle the bottom of the
  prepared baking dish with 3/4 cup of the flour mixture, add the apple
  mixture, and top with the remaining flour mixture. Bake, uncovered, in the
  preheated oven until the top of the brown betty is crisp and golden and the
  apples are tender, 35 to 45 minutes. To make the rum whipped cream: In a
  chilled medium bowl, beat the cream and sugar until stiff. Beat in the rum.
  Serve the betty warm, with the rum whipped cream. Serves 6. Submitted By
  ROBERT.FOSTER@NASHVILLE.COM (ROBERT FOSTER) On 10 NOV 1995 060029 -0700
  
  From Gemini's MASSIVE MealMaster collection at www.synapse.com/~gemini
 
</step></directions></recipe></recipeml>
