<?xml version="1.0" encoding="UTF-8"?>

<recipeml version="0.5">
  <recipe>
    <head>
      <title>Apple Butter</title>
      <categories>
        <cat>Fruit butte</cat>
        <cat>Gifts</cat></categories>
      <yield>1</yield></head>
    <ingredients>
      <ing>
        <amt>
          <qty>16</qty>
          <unit>cups</unit></amt>
        <item>Thick Apple Pulp</item></ing>
      <ing>
        <amt>
          <qty>1</qty>
          <unit>cup</unit></amt>
        <item>Vinegar</item></ing>
      <ing>
        <amt>
          <qty>8</qty>
          <unit>cups</unit></amt>
        <item>Sugar</item></ing>
      <ing>
        <amt>
          <qty>4</qty>
          <unit>teaspoons</unit></amt>
        <item>Cinnamon</item></ing></ingredients>
    <directions>
      <step>  1. Core and slice apples, leaving the peelings on.
  
  2. Place in kettle, covering with water.
  
  3. Cook until apples are soft.
  
  4. Put apples in blender, high speed, or press through sieve to make a fine
  pulp.
  
  5. Measure 16 cups.
  
  6. Combine pulp with remaining ingredients.
  
  7. Bake at 250 degrees in a porcelain roaster, stirring occasionally with a
  wooden spoon to keep from sticking to the sides.
  
  8. Cook for about 1 1/2 hours.
  
  9. To test for doneness, remove a small amount of the butter from the oven
  and allow to cool.
  
  10. If the butter remains smooth, take the roaster from the oven.
  
  11. Pour into sterilized jars and seal while hot.
  
  Recipe by: diane@keyway.net
  
  Posted to recipelu-digest Volume 01 Number 199 by "Diane Geary"
  &lt;diane@keyway.net&gt; on Nov 4, 1997
 
</step></directions></recipe></recipeml>
