<?xml version="1.0" encoding="UTF-8"?>

<recipeml version="0.5">
  <recipe>
    <head>
      <title>Apple Butter</title>
      <categories>
        <cat>Fruits</cat>
        <cat>Spreads</cat></categories>
      <yield>12</yield></head>
    <ingredients>
      <ing-div>
        <title/>
        <ing>
          <amt>
            <qty>3</qty>
            <unit>quarts</unit></amt>
          <item>Unsweetened Applesauce</item></ing>
        <ing>
          <amt>
            <qty>2</qty>
            <unit>pounds</unit></amt>
          <item>Granulated Sugar</item></ing>
        <ing>
          <amt>
            <qty>1</qty>
            <unit>pound</unit></amt>
          <item>Brown Sugar</item></ing>
        <ing>
          <amt>
            <qty>3/4</qty>
            <unit>cups</unit></amt>
          <item>Apple Cider</item></ing></ing-div>
      <ing-div>
        <title>SPICES</title>
        <ing>
          <amt>
            <qty>1/2</qty>
            <unit>teaspoons</unit></amt>
          <item>Nutmeg</item></ing>
        <ing>
          <amt>
            <qty>1/4</qty>
            <unit>teaspoons</unit></amt>
          <item>Allspice</item></ing>
        <ing>
          <amt>
            <qty>3/4</qty>
            <unit>teaspoons</unit></amt>
          <item>Cloves</item></ing>
        <ing>
          <amt>
            <qty>3</qty>
            <unit>teaspoons</unit></amt>
          <item>Cinnamon</item></ing></ing-div></ingredients>
    <directions>
      <step>  The thicker skinned, late Summer and Fall apples produce a grainier texture
  that's best for applesauce. Stir applesauce, sugars, and cider together and
  cook in a slow oven (325 deg F.) for 3 hours, stirring occasionally. Add
  spices. Return to oven and cook 1 hour more. Apple butter requires long,
  slow cooking. (Can also be made in a crockpot.)
  Posted to EAT-L Digest 17 Sep 96
  
  Date:    Wed, 18 Sep 1996 06:56:27 -0500
  
  From:    LD Goss &lt;ldgoss@METRONET.COM&gt;
 
</step></directions></recipe></recipeml>
