<?xml version="1.0" encoding="UTF-8"?>

<recipeml version="0.5">
  <recipe>
    <head>
      <title>Apple Butter 2</title>
      <categories>
        <cat>Canning</cat>
        <cat>Preserves</cat>
        <cat/>
        <cat>jams &amp; je</cat></categories>
      <yield>81</yield></head>
    <ingredients>
      <ing>
        <amt>
          <qty>12</qty>
          <unit/></amt>
        <item>Medium apples; unpeeled and cored</item></ing>
      <ing>
        <amt>
          <qty>2</qty>
          <unit>cups</unit></amt>
        <item>Sugar</item></ing>
      <ing>
        <amt>
          <qty>1/2</qty>
          <unit>teaspoons</unit></amt>
        <item>Cinnamon</item></ing>
      <ing>
        <amt>
          <qty>1/2</qty>
          <unit>teaspoons</unit></amt>
        <item>Allspice</item></ing>
      <ing>
        <amt>
          <qty>1/4</qty>
          <unit>teaspoons</unit></amt>
        <item>Nutmeg</item></ing>
      <ing>
        <amt>
          <qty>1/4</qty>
          <unit>teaspoons</unit></amt>
        <item>Ground cloves</item></ing>
      <ing>
        <amt>
          <qty>1/8</qty>
          <unit>teaspoons</unit></amt>
        <item>Ground ginger</item></ing></ingredients>
    <directions>
      <step>     Core apples, cut into eighths, and place in heavy saucepan. Barely cover
  with water (about a cup). Cook over medium heat until apples just soften,
  stirring often. Cool slightly and force through food mill. Measure pulp and
  return to saucepan. Add 1/4 cup sugar for every cup of pulp.
     Bring to a rolling boil over moderate heat. Add spices. Continue to
  cook, stirring constantly, until temperature of apple mixture reaches 220
  on a candy thermometer. Ladle into sterile 1/2 pint jars, seal, and process
  according to jar manufacturer's instructions. Makes about 6 pints, or 81
  servings of two tablespoons each.
  Posted to EAT-L Digest 17 Sep 96
  
  Date:    Wed, 18 Sep 1996 06:56:27 -0500
  
  From:    LD Goss &lt;ldgoss@METRONET.COM&gt;
  NOTES : VARIATIONS:  Substitute pears for apples, omit cinnamon and nutmeg,
  add 2 tablespoons finely chopped candied ginger with spices, or, add 1
  teaspoon grated lemon peel, omit ginger and cloves.
 
</step></directions></recipe></recipeml>
