<?xml version="1.0" encoding="UTF-8"?>

<recipeml version="0.5">
  <recipe>
    <head>
      <title>Apple Blueberry Crumble Pie</title>
      <categories>
        <cat>Fruits</cat>
        <cat>Pies</cat></categories>
      <yield>1</yield></head>
    <ingredients>
      <ing>
        <amt>
          <qty/>
          <unit/></amt>
        <item>Pastry</item></ing>
      <ing>
        <amt>
          <qty>2/3</qty>
          <unit>cups</unit></amt>
        <item>Flour</item></ing>
      <ing>
        <amt>
          <qty>1/3</qty>
          <unit>cups</unit></amt>
        <item>Butter; cubed</item></ing>
      <ing>
        <amt>
          <qty>1/3</qty>
          <unit>cups</unit></amt>
        <item>Cream cheese; in pieces</item></ing>
      <ing>
        <amt>
          <qty>1</qty>
          <unit>tablespoon</unit></amt>
        <item>Sugar; granulated</item></ing>
      <ing>
        <amt>
          <qty/>
          <unit/></amt>
        <item>Filling:</item></ing>
      <ing>
        <amt>
          <qty>4</qty>
          <unit/></amt>
        <item>Apples; large, peeled, core</item></ing>
      <ing>
        <amt>
          <qty>1 1/2</qty>
          <unit>cups</unit></amt>
        <item>Blueberries; fresh</item></ing>
      <ing>
        <amt>
          <qty>1/2</qty>
          <unit>cups</unit></amt>
        <item>Sugar; granulated</item></ing>
      <ing>
        <amt>
          <qty>1/3</qty>
          <unit>cups</unit></amt>
        <item>Flour</item></ing>
      <ing>
        <amt>
          <qty>1</qty>
          <unit>teaspoon</unit></amt>
        <item>Cinnamon</item></ing>
      <ing>
        <amt>
          <qty>1</qty>
          <unit>tablespoon</unit></amt>
        <item>Breadcrumbs; dry</item></ing>
      <ing>
        <amt>
          <qty/>
          <unit/></amt>
        <item>Crumble:</item></ing>
      <ing>
        <amt>
          <qty>1</qty>
          <unit>cup</unit></amt>
        <item>Flour</item></ing>
      <ing>
        <amt>
          <qty>1/2</qty>
          <unit>cups</unit></amt>
        <item>Sugar; brown, packed</item></ing>
      <ing>
        <amt>
          <qty>1/2</qty>
          <unit>cups</unit></amt>
        <item>Butter; cubed</item></ing>
      <ing>
        <amt>
          <qty>1/2</qty>
          <unit>teaspoons</unit></amt>
        <item>Cinnamon</item></ing></ingredients>
    <directions>
      <step>    For pastry, place flour, butter, cream cheese and sugar in bowl of food
  processor; process 15-2o seconds or till dough forms soft ball on blade.
  Gather into a ball; flatten into disk, if necessary, wrap and chill till
  firm enough to roll.  On lightly floured surface, roll out dough to 1/*"
  thickness. Line 9" pie plate with dough. Trim edges. Chill while preparing
  filling. For filling: toss apples and blueberries ib bowl with sugar and
  cinnamon till evenly coated. Sprinkle breadcrumbs over bottom of pie shell;
  fill with fruit mixture, mounded in centre. For crumble; combine flour,
  brown sugar, butter and cinnamon in food processor. Pat crumble mixture
  evenly over filling. Bake in 400F oven about 45 minutes or till apples are
  tender and juices are bubbling, shielding with foil if necessary.
  
  from Toronto Star's Canada's Cooking Contest 1992 for 125th birthday
  
  From Gemini's MASSIVE MealMaster collection at www.synapse.com/~gemini
 
</step></directions></recipe></recipeml>
