<?xml version="1.0" encoding="UTF-8"?>

<recipeml version="0.5">
  <recipe>
    <head>
      <title>Apple Butter Refrigerator Cookies</title>
      <categories>
        <cat>Cookies</cat></categories>
      <yield>18</yield></head>
    <ingredients>
      <ing>
        <amt>
          <qty>1</qty>
          <unit>cup</unit></amt>
        <item>SUGAR</item></ing>
      <ing>
        <amt>
          <qty>1</qty>
          <unit>cup</unit></amt>
        <item>BUTTER/MARGARINE, SOFTENED</item></ing>
      <ing>
        <amt>
          <qty>1/4</qty>
          <unit>cups</unit></amt>
        <item>APPLE BUTTER</item></ing>
      <ing>
        <amt>
          <qty>1</qty>
          <unit/></amt>
        <item>EGG</item></ing>
      <ing>
        <amt>
          <qty>2 1/2</qty>
          <unit>cups</unit></amt>
        <item>ALL-PURPOSE FLOUR</item></ing>
      <ing>
        <amt>
          <qty>1</qty>
          <unit>cup</unit></amt>
        <item>CHEDDAR CHEESE, SHREDDED</item></ing>
      <ing>
        <amt>
          <qty>1/2</qty>
          <unit>teaspoons</unit></amt>
        <item>BAKING SODA</item></ing>
      <ing>
        <amt>
          <qty>1/2</qty>
          <unit>teaspoons</unit></amt>
        <item>APPLE PIE SPICE</item></ing></ingredients>
    <directions>
      <step>  MIX SUGAR, BUTTER, APPLE BUTTER AND EGG.  STIR IN REMAINING INGREDIENTS.
  COVER AND REFRIGERATE AT LEAST 2 HOURS. DIVIDE DOUGH IN HALF. SHAPE EACH
  HALF INTO ROLL, ABOUT 1 1/2 INCHES IN DIAMETER AND OUT 8 INCHES LONG. WRAP
  AND REFRIGERATE AT LEAST 4 HOURS.  HEAT OVEN TO 400 DEGREES. CUT ROLLS INTO
  1/8-INCH SLICES. PLACE ABOUT 1 INCH APART ON UNGREASED COOKIE SHEET. BAKE 7
  TO 9 MINUTES OR UNTIL EDGES ARE LIGHT BROWN; COOL. ABOUT 6 DOZEN COOKIES;
       55    CALORIES PER COOKIE.
  
  From Gemini's MASSIVE MealMaster collection at www.synapse.com/~gemini
 
</step></directions></recipe></recipeml>
