<?xml version="1.0" encoding="UTF-8"?>

<recipeml version="0.5">
  <recipe>
    <head>
      <title>Apple Butter and Cream Cheese Spread</title>
      <categories>
        <cat>None</cat></categories>
      <yield>1</yield></head>
    <ingredients>
      <ing>
        <amt>
          <qty>4</qty>
          <unit>ounces</unit></amt>
        <item>Light cream cheese; softened</item></ing>
      <ing>
        <amt>
          <qty>1/4</qty>
          <unit>cups</unit></amt>
        <item>Apple butter</item></ing>
      <ing>
        <amt>
          <qty>1/4</qty>
          <unit>teaspoons</unit></amt>
        <item>Vanilla extract</item></ing>
      <ing>
        <amt>
          <qty>1</qty>
          <unit>dash</unit></amt>
        <item>Cinnamon</item></ing></ingredients>
    <directions>
      <step>  Place the cream cheese, apple butter, vanilla and cinnamon in the container
  of a food processor fitted with a metal blade. Process for 20 seconds, or
  till just smooth, stopping to scrape down the sides of the container, if
  necessary. Scrape the spread into a small bowl. Cover and refrigerate till
  slightly firm. NOTES : makes about 2/3 cup Source: Jewish Food Archives
  Poster:  Linda Shapiro (lss@coconet.com)
  
  Recipe By     : Simply Scones/ Weiner p. 105
  
  Posted to Digest eat-lf.v096.n165
  
  Date: Tue, 24 Sep 1996 11:50:27 -0600
  
  From: "Robin Goldberg Isaacs" &lt;isaacs@rmi.net&gt;
  
  NOTES : Adapted from Simply Scones/ Weiner p. 105
 
</step></directions></recipe></recipeml>
