<?xml version="1.0" encoding="UTF-8"?>

<recipeml version="0.5">
  <recipe>
    <head>
      <title>Apple Butter-Streusel Muffins</title>
      <categories>
        <cat>Breakfast</cat>
        <cat>Low-fat</cat>
        <cat>Breads</cat></categories>
      <yield>30</yield></head>
    <ingredients>
      <ing-div>
        <title/>
        <ing>
          <amt>
            <qty/>
            <unit/></amt>
          <item>Vegetable cooking spray optional</item></ing>
        <ing>
          <amt>
            <qty>1 1/2</qty>
            <unit>cups</unit></amt>
          <item>All-purpose flour</item></ing>
        <ing>
          <amt>
            <qty>1/2</qty>
            <unit>cups</unit></amt>
          <item>Wheat germ</item></ing>
        <ing>
          <amt>
            <qty>1/2</qty>
            <unit>cups</unit></amt>
          <item>Firmly packed brown sugar</item></ing>
        <ing>
          <amt>
            <qty>2 1/2</qty>
            <unit>teaspoons</unit></amt>
          <item>Baking powder</item></ing>
        <ing>
          <amt>
            <qty>1/2</qty>
            <unit>teaspoons</unit></amt>
          <item>Salt, optional</item></ing>
        <ing>
          <amt>
            <qty>1/2</qty>
            <unit>cups</unit></amt>
          <item>Apple butter</item></ing>
        <ing>
          <amt>
            <qty>3/4</qty>
            <unit>cups</unit></amt>
          <item>Skim milk</item></ing>
        <ing>
          <amt>
            <qty>3</qty>
            <unit>tablespoons</unit></amt>
          <item>Margarine; melted</item></ing>
        <ing>
          <amt>
            <qty>2</qty>
            <unit/></amt>
          <item>Egg whites; slightly beaten</item></ing></ing-div>
      <ing-div>
        <title>STREUSEL TOPPING</title>
        <ing>
          <amt>
            <qty>1/8</qty>
            <unit>teaspoons</unit></amt>
          <item>Ground cinnamon</item></ing>
        <ing>
          <amt>
            <qty>3</qty>
            <unit>tablespoons</unit></amt>
          <item>Wheat germ</item></ing>
        <ing>
          <amt>
            <qty>2</qty>
            <unit>tablespoons</unit></amt>
          <item>Firmly packed brown sugar</item></ing>
        <ing>
          <amt>
            <qty>1</qty>
            <unit>tablespoon</unit></amt>
          <item>All-purpose flour</item></ing>
        <ing>
          <amt>
            <qty>1</qty>
            <unit>tablespoon</unit></amt>
          <item>Margarine; melted</item></ing></ing-div></ingredients>
    <directions>
      <step>  Preheat oven to 400 F.  Line 30 mini-muffin pan cups or 12 medium muffin
  cups with paper liners, or spray bottoms only wtih cooking spray.
  
  In medium bowl, combine flour, wheat germ, brown sugar, baking powder and
  salt; mix well. In small bowl, combine apple butter, milk, margarine and
  egg whites until well blended.  Add to flour mixture, stirring just until
  dry ingredients are moistened.
  
  Fill muffin cups almost full with batter.  Prepare streusel topping (see
  below); sprinkle evenly over batter, patting gently.  Bake mini-muffins 12
  to 15 minutes, and larger muffins 20 to 22 minutes, or until wooden
  toothpick inserted in center comes out clean.  Serve warm.
  
  STREUSEL TOPPING: in small bowl, combine all ingredients; mix until well
  blended.
  
  Notes: To freeze, wrap muffins securely in foil or place in freezer bag.
  Seal, label and freeze.  To reheat muffins, unwrap; microwave on High
  (100% power) about 30 seconds per muffin.
  
  Per Serving (1 mini-muffin): About 75 cal, 5 g pro, 13 g car, 2 g fat, 24%
  cal from fat, 0 mg chol, 65 mg sod.
  
  Source: Woman's Day 'Low-Fat Meals' (Volume IV, Number 3)
  Typed for you by Karen Mintzias
  
  File ftp://ftp.idiscover.co.uk/pub/food/mealmaster/recipes/54lowfat.zip
 
</step></directions></recipe></recipeml>
