<?xml version="1.0" encoding="UTF-8"?>

<recipeml version="0.5">
  <recipe>
    <head>
      <title>Apple Brown Betty</title>
      <categories>
        <cat>Fruits</cat>
        <cat>Seasonal</cat>
        <cat>Desserts</cat></categories>
      <yield>6</yield></head>
    <ingredients>
      <ing>
        <amt>
          <qty>1/3</qty>
          <unit>cups</unit></amt>
        <item>Butter Or Margarine; Melted</item></ing>
      <ing>
        <amt>
          <qty>2</qty>
          <unit>cups</unit></amt>
        <item>Soft Bread Crumbs</item></ing>
      <ing>
        <amt>
          <qty>6</qty>
          <unit>cups</unit></amt>
        <item>Apples; Pared, Cored And Sliced, About 2 Lbs</item></ing>
      <ing>
        <amt>
          <qty>1/2</qty>
          <unit>cups</unit></amt>
        <item>Granulated Or Brown Sugar</item></ing>
      <ing>
        <amt>
          <qty>1/2</qty>
          <unit>teaspoons</unit></amt>
        <item>Nutmeg Or Mace</item></ing>
      <ing>
        <amt>
          <qty>1/4</qty>
          <unit>teaspoons</unit></amt>
        <item>Cinnamon</item></ing>
      <ing>
        <amt>
          <qty>1</qty>
          <unit>tablespoon</unit></amt>
        <item>Lemon Rind; Grated</item></ing>
      <ing>
        <amt>
          <qty>2</qty>
          <unit>tablespoons</unit></amt>
        <item>Lemon Juice</item></ing>
      <ing>
        <amt>
          <qty>1/4</qty>
          <unit>cups</unit></amt>
        <item>;Water</item></ing></ingredients>
    <directions>
      <step>  Preheat the oven to 375 Degrees F.  Toss the bread crumbs with the
  melted butter, and arrange 1/3 of the crumb mixture in a greased 1
  1/2-quart casserole.  Cover with 1/2 of the apples and 1/2 of the
  combined mixture, sugar, nutmeg, cinnamon and rind, blended well.
  Cover with 1/3 of the bread mixture, the rest of the apples and the
  rest of the combined mixture.  Spoon on the lemon mixture, lemon
  juice and water combined and well blended, and top with the rest of
  the crumbs.  Cover and bake in a moderately-hot oven, 375 Degrees F,
  for 1/2 hour.  Uncover and continue baking for another 1/2 hour or
  until the apples are done.
  
  To Serve:
  
  Top with cream, whipped cream with a little cinnamon sprinkled over
  the top, grated cheese or ice cream.
  
  Peach Brown Betty
  
  Substitute 6 cups of fresh peaches for the apples in the above recipe.
  
  For 2 to 3 servings
  
  Halve each of the ingredients, make as directed, using a 1-Quart
  casserole.  Bake, covered, at 350 Degrees F., for 1/2 hour.  Uncover
  and bake for an additional 1/2 hour or until the apples or peaches
  are done.
  
  From:  The Good Housekeeping Cookbook  Copyright 1949
  
  Posted by:  Rich Harper
  
  File ftp://ftp.idiscover.co.uk/pub/food/mealmaster/recipes/fruits.zip
 
</step></directions></recipe></recipeml>
