<?xml version="1.0" encoding="UTF-8"?>

<recipeml version="0.5">
  <recipe>
    <head>
      <title>Apple Bread Pudding 2</title>
      <categories>
        <cat>Low-fat</cat>
        <cat>Desserts</cat>
        <cat>Puddings</cat>
        <cat>Apples</cat>
        <cat>Bread</cat></categories>
      <yield>6</yield></head>
    <ingredients>
      <ing>
        <amt>
          <qty>1</qty>
          <unit>quart</unit></amt>
        <item>Bread cubes</item></ing>
      <ing>
        <amt>
          <qty>2</qty>
          <unit>cups</unit></amt>
        <item>Water; or skim milk (hot)</item></ing>
      <ing>
        <amt>
          <qty>2/3</qty>
          <unit>cups</unit></amt>
        <item>Brown sugar</item></ing>
      <ing>
        <amt>
          <qty>1/2</qty>
          <unit>cups</unit></amt>
        <item>Raisins</item></ing>
      <ing>
        <amt>
          <qty>2</qty>
          <unit/></amt>
        <item>Apples; sliced thin</item></ing>
      <ing>
        <amt>
          <qty>1/2</qty>
          <unit>teaspoons</unit></amt>
        <item>Cinnamon</item></ing>
      <ing>
        <amt>
          <qty>1</qty>
          <unit>teaspoon</unit></amt>
        <item>Vanilla</item></ing>
      <ing>
        <amt>
          <qty>3</qty>
          <unit/></amt>
        <item>Egg whites</item></ing></ingredients>
    <directions>
      <step>  Combine bread cubes, raisins, and apples in large bowl. Add water or milk
  and sugar. Mix thoroughly and let stand for 20-30 min. Add beaten egg
  whites (just til foamy), cinnamon, and vanilla. Mix thoroughly. Pour into a
  1 1/2-quart sprayed casserole. Bake uncovered for 45 min. to 1 hr., until
  set and lightly browned
  
  Recipe by: Net
  
  Posted to JEWISH-FOOD digest Volume 98 #004 by Annice Grinberg
  &lt;VSANNICE@WEIZMANN.WEIZMANN.AC.IL&gt; on Jan 04, 98
 
</step></directions></recipe></recipeml>
