<?xml version="1.0" encoding="UTF-8"?>

<recipeml version="0.5">
  <recipe>
    <head>
      <title>Apple Butter Sweet Rolls</title>
      <categories>
        <cat>Breads</cat>
        <cat>Rolls</cat></categories>
      <yield>12</yield></head>
    <ingredients>
      <ing>
        <amt>
          <qty/>
          <unit/></amt>
        <item>Nonstick spray coating</item></ing>
      <ing>
        <amt>
          <qty>16</qty>
          <unit>ounces</unit></amt>
        <item>Frozen sweet bread dough; Thawed</item></ing>
      <ing>
        <amt>
          <qty>1/3</qty>
          <unit>cups</unit></amt>
        <item>Apple or peach butter</item></ing>
      <ing>
        <amt>
          <qty>2</qty>
          <unit>tablespoons</unit></amt>
        <item>Dried currants or raisins</item></ing>
      <ing>
        <amt>
          <qty>1/3</qty>
          <unit>cups</unit></amt>
        <item>Powdered sugar; sifted</item></ing>
      <ing>
        <amt>
          <qty>1/2</qty>
          <unit>teaspoons</unit></amt>
        <item>Orange peel; finely shredded</item></ing>
      <ing>
        <amt>
          <qty>1</qty>
          <unit>teaspoon</unit></amt>
        <item>Apple Or Orange Juice; Up To 2 Tsp</item></ing></ingredients>
    <directions>
      <step>  Spray twelve 2 1/2-inch muffin cups with nonstick spray coating; set muffin
  cups aside. On a lightly floured surface roll thawed dough to a 12x8-inch
  rectangle. Spread apple butter evenly over dough. Sprinkle with currants or
  raisins. Roll up,  from a long side, jelly-roll style. Pinch seams to seal.
  Cut into 12 slices. Place rolls, cut side down,  in prepared muffin cups.
  Cover and let rise in a warm  place for 15 minutes.   Bake in a 350 oven
  for 20 minutes or till golden.  Remove from pan; place on a wire rack. For
  icing, in a small bowl, combine powdered sugar,  orange peel, and enough
  apple or orange juice to make  desired consistency. Drizzle icing over
  rolls. Serve warm. 135 calories, 3 g total fat, 0 g saturated fat, 0 mg
  cholesterol, 195 mg sodium, 24 g carbohydrate, 1 g fiber, 5 g protein.
  Posted to Digest eat-lf.v096.n159
  
  Date: Thu, 19 Sep 1996 17:01:03 -0600
  
  From: "Robin Goldberg Isaacs" &lt;isaacs@rmi.net&gt;
 
</step></directions></recipe></recipeml>
