<?xml version="1.0" encoding="UTF-8"?>

<recipeml version="0.5">
  <recipe>
    <head>
      <title>Apple Butter with Port</title>
      <categories>
        <cat>Butter</cat>
        <cat>Apples</cat>
        <cat>Alcohol</cat></categories>
      <yield>3</yield></head>
    <ingredients>
      <ing>
        <amt>
          <qty>1</qty>
          <unit/></amt>
        <item>Bottle port 4/5 qt</item></ing>
      <ing>
        <amt>
          <qty>4</qty>
          <unit>cups</unit></amt>
        <item>Water</item></ing>
      <ing>
        <amt>
          <qty>6</qty>
          <unit/></amt>
        <item>Large golden delicious appls</item></ing>
      <ing>
        <amt>
          <qty>1 1/2</qty>
          <unit>cups</unit></amt>
        <item>Sugar</item></ing>
      <ing>
        <amt>
          <qty>1/4</qty>
          <unit>teaspoons</unit></amt>
        <item>Salt</item></ing>
      <ing>
        <amt>
          <qty>1/2</qty>
          <unit>teaspoons</unit></amt>
        <item>Ground cinnamon</item></ing>
      <ing>
        <amt>
          <qty>1</qty>
          <unit/></amt>
        <item>Whole cinnamon stick</item></ing></ingredients>
    <directions>
      <step>  Pare apples and thinly slice. Combine port with water and bring to boil
  over high heat.  Add apples and simmer uncovered, stirring occasinally for
  45 minutes. Add sugar and spices and cook 20 -25 minutes until it resembles
  applesauce. Prepare 3 pint jars and fill. Set aside to cool and check
  seals. sunset home canning. e
  Posted to MM-Recipes Digest V3 #190
  
  Date: 07/03/96
  
  From: eboyd@shentel.net
 
</step></directions></recipe></recipeml>
