<?xml version="1.0" encoding="UTF-8"?>

<recipeml version="0.5">
  <recipe>
    <head>
      <title>Apple Butter Bars</title>
      <categories>
        <cat>Apples</cat></categories>
      <yield>1</yield></head>
    <ingredients>
      <ing>
        <amt>
          <qty>1 1/2</qty>
          <unit>cups</unit></amt>
        <item>All-purpose flour</item></ing>
      <ing>
        <amt>
          <qty>1</qty>
          <unit>teaspoon</unit></amt>
        <item>Baking soda</item></ing>
      <ing>
        <amt>
          <qty>1</qty>
          <unit>teaspoon</unit></amt>
        <item>Salt</item></ing>
      <ing>
        <amt>
          <qty>2 1/2</qty>
          <unit>cups</unit></amt>
        <item>Uncooked quick-cooking oats</item></ing>
      <ing>
        <amt>
          <qty>5 1/2</qty>
          <unit>cups</unit></amt>
        <item>Sugar</item></ing>
      <ing>
        <amt>
          <qty>1</qty>
          <unit>cup</unit></amt>
        <item>Butter or margarine; melted</item></ing>
      <ing>
        <amt>
          <qty>1 1/2</qty>
          <unit>cups</unit></amt>
        <item>Apple butter</item></ing></ingredients>
    <directions>
      <step>  Combine first 5 ingredients in a large bowl; stir in butter. Press half of
  mixture into a greased 13- x 9-inch pan; top with apple butter. Sprinkle
  with remaining crumb mixture, and press gently with back of a spoon.
  
  Bake at 350° for 55 minutes or until lightly browned. Cool and cut into
  bars. Makes 3 dozen.
  
  Notes : Freeze extras and keep on hand for after-school snacks. Select
  tart, green-skinned Granny Smiths for cakes and pies.
  
  Recipe by: Southern Living
  
  Posted to MC-Recipe Digest V1 #1031 by Suzy Wert &lt;SuzyWert@aol.com&gt; on Jan
  22, 1998
 
</step></directions></recipe></recipeml>
