<?xml version="1.0" encoding="UTF-8"?>

<recipeml version="0.5">
  <recipe>
    <head>
      <title>Apple Butter Scones</title>
      <categories>
        <cat>Breads</cat></categories>
      <yield>12</yield></head>
    <ingredients>
      <ing>
        <amt>
          <qty>2 1/2</qty>
          <unit>cups</unit></amt>
        <item>All-purpose flour</item></ing>
      <ing>
        <amt>
          <qty>1/4</qty>
          <unit>cups</unit></amt>
        <item>Sugar</item></ing>
      <ing>
        <amt>
          <qty>2</qty>
          <unit>teaspoons</unit></amt>
        <item>Baking powder</item></ing>
      <ing>
        <amt>
          <qty>1</qty>
          <unit>teaspoon</unit></amt>
        <item>Baking soda</item></ing>
      <ing>
        <amt>
          <qty>1/4</qty>
          <unit>cups</unit></amt>
        <item>Butter or margarine</item></ing>
      <ing>
        <amt>
          <qty>1/2</qty>
          <unit>cups</unit></amt>
        <item>Raisins</item></ing>
      <ing>
        <amt>
          <qty>1</qty>
          <unit>cup</unit></amt>
        <item>Apple butter</item></ing>
      <ing>
        <amt>
          <qty>1</qty>
          <unit/></amt>
        <item>Egg; slightly beaten</item></ing>
      <ing>
        <amt>
          <qty/>
          <unit/></amt>
        <item>Vegetable cooking spray</item></ing>
      <ing>
        <amt>
          <qty/>
          <unit/></amt>
        <item>Additional apple butter; for accompaniment</item></ing></ingredients>
    <directions>
      <step>  Preheat oven to 425°F. In a large bowl combine flour, sugar, baking powder
  and baking soda. Cut in butter or margarine with pastry cutter or fork
  until mixture resembles coarse crumbs. Add raisins. In a separate bowl
  combine apple butter and egg. Add flour mixture, stirring just until dry
  ingredients are moistened. Spray 2 1/2 inch muffin tins with vegetable
  cooking spray. Fill almost full with batter. Bake at 425°F for 14 to 16
  minutes or until lightly browned. Cool slightly. Serve warm with additional
  apple butter.
  
  Recipe by: Knouse Foods Website Posted to MC-Recipe Digest V1 #678 by Crane
  Walden &lt;cranew@foothill.net&gt; on Jul 19, 1997
 
</step></directions></recipe></recipeml>
