<?xml version="1.0" encoding="UTF-8"?>

<recipeml version="0.5">
  <recipe>
    <head>
      <title>Apple Butter Muffins</title>
      <categories>
        <cat>Dessert</cat></categories>
      <yield>12</yield></head>
    <ingredients>
      <ing>
        <amt>
          <qty>1 3/4</qty>
          <unit>cups</unit></amt>
        <item>Flour</item></ing>
      <ing>
        <amt>
          <qty>1/3</qty>
          <unit>cups</unit></amt>
        <item>Sugar</item></ing>
      <ing>
        <amt>
          <qty>2</qty>
          <unit>teaspoons</unit></amt>
        <item>Baking powder</item></ing>
      <ing>
        <amt>
          <qty>1/2</qty>
          <unit>teaspoons</unit></amt>
        <item>Cinnamon</item></ing>
      <ing>
        <amt>
          <qty>1/4</qty>
          <unit>teaspoons</unit></amt>
        <item>Nutmeg</item></ing>
      <ing>
        <amt>
          <qty>1/8</qty>
          <unit>teaspoons</unit></amt>
        <item>Allspice</item></ing>
      <ing>
        <amt>
          <qty>1</qty>
          <unit>dash</unit></amt>
        <item>Ginger</item></ing>
      <ing>
        <amt>
          <qty>1/4</qty>
          <unit>teaspoons</unit></amt>
        <item>Salt</item></ing>
      <ing>
        <amt>
          <qty>1</qty>
          <unit/></amt>
        <item>Egg; beaten</item></ing>
      <ing>
        <amt>
          <qty>3/4</qty>
          <unit>cups</unit></amt>
        <item>Milk</item></ing>
      <ing>
        <amt>
          <qty>1/4</qty>
          <unit>cups</unit></amt>
        <item>Oil</item></ing>
      <ing>
        <amt>
          <qty>1/3</qty>
          <unit>cups</unit></amt>
        <item>Apple butter</item></ing>
      <ing>
        <amt>
          <qty>1/3</qty>
          <unit>cups</unit></amt>
        <item>Chopped pecans</item></ing>
      <ing>
        <amt>
          <qty>2</qty>
          <unit>tablespoons</unit></amt>
        <item>Sugar</item></ing></ingredients>
    <directions>
      <step>  Combine flour, sugar, baking powder, spices and salt; mix well. Make a well
  in the center. Combine egg, milk and oil; add all at once to flour mixture.
  Stir just until the mixture is moistened. Line muffin tins with paper cups.
  Spoon one rounded tablespoon of batter into each cup. Top each with one
  rounded teaspoon of apple butter. Fill each with remaining batter. Combine
  pecans with 2 tablespoons sugar and sprinkle on top of batter. Bake at 400
  degrees for 20 minutes.
  
  From a collection of my mother's (Judy Hosey) recipe box which contained
  lots of her favorite recipes, clippings, etc.  Downloaded from Glen's MM
  Recipe Archive, http://www.erols.com/hosey.
 
</step></directions></recipe></recipeml>
