<?xml version="1.0" encoding="UTF-8"?>

<recipeml version="0.5">
  <recipe>
    <head>
      <title>Apple Cake</title>
      <categories>
        <cat>Cakes</cat></categories>
      <yield>12</yield></head>
    <ingredients>
      <ing>
        <amt>
          <qty>6</qty>
          <unit/></amt>
        <item>Apples; peeled and sliced</item></ing>
      <ing>
        <amt>
          <qty>5</qty>
          <unit>tablespoons</unit></amt>
        <item>Sugar; on apples</item></ing>
      <ing>
        <amt>
          <qty>2</qty>
          <unit>teaspoons</unit></amt>
        <item>Cinnamon; on apples</item></ing>
      <ing>
        <amt>
          <qty>1</qty>
          <unit>teaspoon</unit></amt>
        <item>Salt</item></ing>
      <ing>
        <amt>
          <qty>3</qty>
          <unit>cups</unit></amt>
        <item>Flour</item></ing>
      <ing>
        <amt>
          <qty>2 1/4</qty>
          <unit>cups</unit></amt>
        <item>Sugar</item></ing>
      <ing>
        <amt>
          <qty>4</qty>
          <unit/></amt>
        <item>Eggs; unbeaten</item></ing>
      <ing>
        <amt>
          <qty>2 1/2</qty>
          <unit>teaspoons</unit></amt>
        <item>Vanilla</item></ing>
      <ing>
        <amt>
          <qty>3</qty>
          <unit>teaspoons</unit></amt>
        <item>Baking powder</item></ing>
      <ing>
        <amt>
          <qty>1</qty>
          <unit>cup</unit></amt>
        <item>Vegetable oil</item></ing>
      <ing>
        <amt>
          <qty>1/4</qty>
          <unit>cups</unit></amt>
        <item>Orange juice</item></ing></ingredients>
    <directions>
      <step>  Cut apples into medium-sized chunks. Sprinkle 5 T. sugar and 2 t. cinnamon
  over apples and mix. Set aside in separate bowl.
  
  In another bowl, mix remaining ingredients. In a greased tube pan
  (preferably with a light shiny interior), pour in a layer of batter. Top
  that with a layer of the apple/sugar/cinnamon mixture, then another layer
  of batter, layer of apples, etc., finishing with apples on top.
  
  Bake in a 350 degree oven for 1 1/2 hours.
  
  NOTES : Peaches or 1 basket of blueberries may be substituted for the
  apples.
  
  Recipe by: Alice Borger
  
  Posted to TNT Recipes Digest, Vol 01, Nr 968 by Karen Sonnessa
  &lt;ksonness@suffolk.lib.ny.us&gt; on Jan 27, 1998
 
</step></directions></recipe></recipeml>
