<?xml version="1.0" encoding="UTF-8"?>

<recipeml version="0.5">
  <recipe>
    <head>
      <title>Apple Breakfast Popover</title>
      <categories>
        <cat>Breakfast</cat>
        <cat>Low-fat</cat></categories>
      <yield>4</yield></head>
    <ingredients>
      <ing-div>
        <title/>
        <ing>
          <amt>
            <qty>1/2</qty>
            <unit>cups</unit></amt>
          <item>All purpose flour</item></ing>
        <ing>
          <amt>
            <qty>1/2</qty>
            <unit>cups</unit></amt>
          <item>Skim or 2% milk</item></ing>
        <ing>
          <amt>
            <qty>1</qty>
            <unit>tablespoon</unit></amt>
          <item>Melted butter</item></ing>
        <ing>
          <amt>
            <qty>1/8</qty>
            <unit>teaspoons</unit></amt>
          <item>Salt</item></ing>
        <ing>
          <amt>
            <qty>4</qty>
            <unit/></amt>
          <item>Egg whites</item></ing></ing-div>
      <ing-div>
        <title>TOPPING</title>
        <ing>
          <amt>
            <qty>1 1/2</qty>
            <unit>cups</unit></amt>
          <item>Chopped apples</item></ing>
        <ing>
          <amt>
            <qty>1/2</qty>
            <unit>cups</unit></amt>
          <item>Apple jelly</item></ing>
        <ing>
          <amt>
            <qty>2</qty>
            <unit>tablespoons</unit></amt>
          <item>Water</item></ing>
        <ing>
          <amt>
            <qty>1/8</qty>
            <unit>teaspoons</unit></amt>
          <item>Cinnamon</item></ing></ing-div></ingredients>
    <directions>
      <step>  Heat oven to 400f.  Spray 8-inch square baking dish with nonstick cooking
  spray.  In medium bowl, beat flour and milk with wire whisk until well
  blended.  Add butter, salt and egg whites; beat well. Pour into
  spray-coated dish.  Bake at 4oof for 25 to 30 minutes or until puffed and
  golden brown.  Meanwhile, in small saucepan combine all topping
  ingredients; heat over low heat until jelly is melted and mixture is hot,
  stirring frequently.  Immediately after removing popover from oven, cut
  into fourths and serve with hot topping. Per serving: Cal. 240, fat 3g,
  Protein 6g, Sodium 180mg.
  Posted to MM-Recipes Digest V4 #249 by "Deborah Kühnen"
  &lt;DEBKUHNEN@classic.msn.com&gt; on Sep 19, 97
 
</step></directions></recipe></recipeml>
