<?xml version="1.0" encoding="UTF-8"?>

<recipeml version="0.5">
  <recipe>
    <head>
      <title>Apple Butter/oven</title>
      <categories>
        <cat>Canning</cat></categories>
      <yield>12</yield></head>
    <ingredients>
      <ing>
        <amt>
          <qty>3</qty>
          <unit/></amt>
        <item>Unsweetened applesauce</item></ing>
      <ing>
        <amt>
          <qty>2</qty>
          <unit/></amt>
        <item>Granulated sugar</item></ing>
      <ing>
        <amt>
          <qty>1</qty>
          <unit/></amt>
        <item>Brown sugar</item></ing>
      <ing>
        <amt>
          <qty>3/4</qty>
          <unit/></amt>
        <item>Apple cider</item></ing>
      <ing>
        <amt>
          <qty/>
          <unit/></amt>
        <item>Spices:</item></ing>
      <ing>
        <amt>
          <qty>1/2</qty>
          <unit/></amt>
        <item>Nutmeg</item></ing>
      <ing>
        <amt>
          <qty>1/4</qty>
          <unit/></amt>
        <item>Allspice</item></ing>
      <ing>
        <amt>
          <qty>3/4</qty>
          <unit/></amt>
        <item>Ground cloves</item></ing>
      <ing>
        <amt>
          <qty>3</qty>
          <unit/></amt>
        <item>Cinnamon</item></ing></ingredients>
    <directions>
      <step>     The thicker skinned, late Summer and Fall apples produce a grainier
  texture that's best for applesauce.
     Stir applesauce, sugars, and cider together and cook in a slow oven(325
  deg F.) for 3 hours, stirring occasionally.
     Add spices. Return to oven and cook 1 hour more. Apple butterrequires
    long, slow cooking. (Can also be made in a crockpot.)
  
  Posted to MM-Recipes Digest V4 #148 by novmom@juno.com (Angela Gilliland)
  on May 28, 1997
 
</step></directions></recipe></recipeml>
