<?xml version="1.0" encoding="UTF-8"?>

<recipeml version="0.5">
  <recipe>
    <head>
      <title>Apple Cake</title>
      <categories>
        <cat>Bakery</cat>
        <cat>Desserts</cat>
        <cat>Cakes</cat>
        <cat>Vegetarian</cat></categories>
      <yield>1 9"x9</yield></head>
    <ingredients>
      <ing>
        <amt>
          <qty>2</qty>
          <unit>tablespoons</unit></amt>
        <item>Margarine</item></ing>
      <ing>
        <amt>
          <qty>1/4</qty>
          <unit>cups</unit></amt>
        <item>Liquid sweetener</item></ing>
      <ing>
        <amt>
          <qty>1/4</qty>
          <unit>cups</unit></amt>
        <item>Date sugar</item></ing>
      <ing>
        <amt>
          <qty>1/4</qty>
          <unit>teaspoons</unit></amt>
        <item>Cinnamon</item></ing>
      <ing>
        <amt>
          <qty>1</qty>
          <unit>pinch</unit></amt>
        <item>Cloves</item></ing>
      <ing>
        <amt>
          <qty>1</qty>
          <unit>pinch</unit></amt>
        <item>Nutmeg</item></ing>
      <ing>
        <amt>
          <qty>1</qty>
          <unit/></amt>
        <item>Apple, peeled, cored, sliced about 1/8" thick</item></ing>
      <ing>
        <amt>
          <qty>1/4</qty>
          <unit>cups</unit></amt>
        <item>Margarine</item></ing>
      <ing>
        <amt>
          <qty>1</qty>
          <unit>cup</unit></amt>
        <item>Pitted dates</item></ing>
      <ing>
        <amt>
          <qty>1/2</qty>
          <unit>cups</unit></amt>
        <item>Water</item></ing>
      <ing>
        <amt>
          <qty>1/2</qty>
          <unit>cups</unit></amt>
        <item>Raisins</item></ing>
      <ing>
        <amt>
          <qty>1/4</qty>
          <unit>cups</unit></amt>
        <item>Chopped walnuts or pecans</item></ing>
      <ing>
        <amt>
          <qty>1 1/2</qty>
          <unit>cups</unit></amt>
        <item>Whole wheat flour</item></ing>
      <ing>
        <amt>
          <qty>1</qty>
          <unit>teaspoon</unit></amt>
        <item>Baking soda</item></ing>
      <ing>
        <amt>
          <qty>1</qty>
          <unit>teaspoon</unit></amt>
        <item>Baking powder</item></ing></ingredients>
    <directions>
      <step>  Preheat oven to 350F.
  
  Melt first 2 ingredients together in a 9"-square cake pan by putting
  the pan with the ingredients into the oven as it is preheating.
  
  While the ingredients are melting, mix the next 4 ingredients
  together and then mix them into the melted butter and honey.  Lay
  apple slices in the syrup to completely cover the bottom of the cake
  pan in an attractive way. (You may need more than one apple if you
  use a small one.)
  
  Fill a 1-cup measuring cup with pitted dates, but don't pack the
  dates into the cup.  With the dates in the cup, fill the cup with
  water, then pour both dates and water into a blender.  Add 1/2 cup
  more water into the blender.  Now blend till it forms a smooth, thick
  paste. Add the 1/4 cup butter or margarine and blend till totally
  whipped in. Put the blender mixture into a mixing bowl and add the
  last 5 dry ingredients. Mix just long enough to thoroughly blend in
  all the dry ingredients. Pour this batter on top of apple slices and
  spread evenly in the cake pan. Bake at 350 degrees for 35 to 40
  minutes or till a toothpick inserted in the middle of the cake comes
  out clean. When done, remove from oven and immediately turn the cake
  pan upside down to empty out onto a serving platter.
  
  Kathy Hoshijo, "Kathy Cook -- Vegetarian, Low Cholesterol  Posted by
  Karen Mintzias
  
  File ftp://ftp.idiscover.co.uk/pub/food/mealmaster/recipes/vegan4.zip
 
</step></directions></recipe></recipeml>
