<?xml version="1.0" encoding="UTF-8"?>

<recipeml version="0.5">
  <recipe>
    <head>
      <title>Apple Brown Betty</title>
      <categories>
        <cat>Dessert</cat></categories>
      <yield>8</yield></head>
    <ingredients>
      <ing>
        <amt>
          <qty>1</qty>
          <unit>cup</unit></amt>
        <item>Dried bread crumbs</item></ing>
      <ing>
        <amt>
          <qty>1/4</qty>
          <unit>cups</unit></amt>
        <item>Melted butter</item></ing>
      <ing>
        <amt>
          <qty>2 1/2</qty>
          <unit>cups</unit></amt>
        <item>Apples; peeled and sliced</item></ing>
      <ing>
        <amt>
          <qty>3/4</qty>
          <unit>cups</unit></amt>
        <item>Brown sugar; packed</item></ing>
      <ing>
        <amt>
          <qty>1</qty>
          <unit>teaspoon</unit></amt>
        <item>Cinnamon</item></ing>
      <ing>
        <amt>
          <qty>1/4</qty>
          <unit>teaspoons</unit></amt>
        <item>Nutmeg</item></ing>
      <ing>
        <amt>
          <qty>1/4</qty>
          <unit>teaspoons</unit></amt>
        <item>Cloves</item></ing>
      <ing>
        <amt>
          <qty>1/2</qty>
          <unit>teaspoons</unit></amt>
        <item>Grated lemon rind</item></ing>
      <ing>
        <amt>
          <qty>1/4</qty>
          <unit>cups</unit></amt>
        <item>Water</item></ing>
      <ing>
        <amt>
          <qty>1/2</qty>
          <unit/></amt>
        <item>Lemon; Juice of</item></ing>
      <ing>
        <amt>
          <qty>1</qty>
          <unit>teaspoon</unit></amt>
        <item>Vanilla</item></ing>
      <ing>
        <amt>
          <qty>1/2</qty>
          <unit>cups</unit></amt>
        <item>Raisins</item></ing></ingredients>
    <directions>
      <step>  Prehaet oven to 350 degrees F.  Combine the bread crumbs and melted butter.
  Place about 1/3 of this mixture on the bottom of an 8" baking dish. Cover
  with a layer of about half the apples. Stir together the brown sugar,
  cinnamon, nutmeg, cloves and lemon rind. Spinkle about half of this sugar
  mixture over the apple mixture in the baking dish, Mis together the water,
  lemon juice and vanilla and sprinkle half this on top of the sugar layer.
  REserve the remaining lemon juice and water. Add another layer of crumbs,
  then the raisins. Cover with thremaining apples, sprinkle with remaining
  sugar mixture, then lemon juice and water. Place the last third of the
  crumb mixture on top. Cover the disah and bake about 40 minutes, until the
  apples are nearly tender. Remove cover and raise heat to 400 degrees F, and
  let top brown for about 15 minutes. Serve with whipped cream or ice cream.
  
  Nutritional info: 230 cal; 2g pro, 43g carb, 7g fat (24%)
  
  Source: Miami Herald, 3/7/96 formatted by Lisa Crawford, 6/22/96
  
  Date: 23 Jun 96 00:25:26 EDT
  
  From: "Lisabeth Crawford (Pooh)" &lt;104105.1416@CompuServe.COM&gt;
  
  MM-Recipes Digest V3 #174
  
  From the MealMaster recipe list.  Downloaded from Glen's MM Recipe Archive,
  http://www.erols.com/hosey.
 
</step></directions></recipe></recipeml>
