<?xml version="1.0" encoding="UTF-8"?>

<recipeml version="0.5">
  <recipe>
    <head>
      <title>Apple Brazil Nut Squares</title>
      <categories>
        <cat>Desserts</cat>
        <cat>Apples</cat>
        <cat>Nuts</cat>
        <cat>Bars</cat></categories>
      <yield>12</yield></head>
    <ingredients>
      <ing-div>
        <title>PATTI - VDRJ67A</title></ing-div>
      <ing-div>
        <title>PASTRY</title>
        <ing>
          <amt>
            <qty>2</qty>
            <unit>cups</unit></amt>
          <item>Flour</item></ing>
        <ing>
          <amt>
            <qty>3</qty>
            <unit>tablespoons</unit></amt>
          <item>Sugar</item></ing>
        <ing>
          <amt>
            <qty>3/4</qty>
            <unit>cups</unit></amt>
          <item>Butter or margarine; cut up</item></ing>
        <ing>
          <amt>
            <qty>1</qty>
            <unit/></amt>
          <item>Egg; slightly beaten</item></ing>
        <ing>
          <amt>
            <qty>1</qty>
            <unit>tablespoon</unit></amt>
          <item>Fresh lemon juice</item></ing>
        <ing>
          <amt>
            <qty>4</qty>
            <unit>tablespoons</unit></amt>
          <item>Water; iced</item></ing></ing-div>
      <ing-div>
        <title>FILLING</title>
        <ing>
          <amt>
            <qty>6</qty>
            <unit/></amt>
          <item>Egg yolks</item></ing>
        <ing>
          <amt>
            <qty>3/4</qty>
            <unit>cups</unit></amt>
          <item>Sugar</item></ing>
        <ing>
          <amt>
            <qty>1/8</qty>
            <unit>teaspoons</unit></amt>
          <item>Salt</item></ing>
        <ing>
          <amt>
            <qty>3/4</qty>
            <unit>cups</unit></amt>
          <item>Brazil nuts -OR- almonds; pulverized</item></ing>
        <ing>
          <amt>
            <qty>1/3</qty>
            <unit>cups</unit></amt>
          <item>Dark -OR- light raisins</item></ing>
        <ing>
          <amt>
            <qty>3</qty>
            <unit>cups</unit></amt>
          <item>Tart appples; shredded about 3 large</item></ing>
        <ing>
          <amt>
            <qty>1/2</qty>
            <unit>teaspoons</unit></amt>
          <item>Cinnamon</item></ing>
        <ing>
          <amt>
            <qty>6</qty>
            <unit>tablespoons</unit></amt>
          <item>Apricot jam</item></ing>
        <ing>
          <amt>
            <qty>6</qty>
            <unit>tablespoons</unit></amt>
          <item>Butter or margarine; melted</item></ing></ing-div>
      <ing-div>
        <title>SERVE WITH</title>
        <ing>
          <amt>
            <qty/>
            <unit/></amt>
          <item>Slightly sweetened whipped cream</item></ing>
        <ing>
          <amt>
            <qty/>
            <unit/></amt>
          <item>Toasted slivered almonds</item></ing></ing-div></ingredients>
    <directions>
      <step>  Mix flour and sugar in bowl. Cut butter into mixture until pieces are the
  size of peas. Blend the egg, lemon juice and 3 tbls water. Sprinkle over
  the dry ingredients. Toss with fork until four is moistened. Press into a
  ball. Add last tbls of water if needed. Roll pastry into a 9x13" baking
  pan, building the edge up about 1". In small bowl, beat egg yolks until
  fluffy. Add sugar and salt. Beat at high speed until thick and lemon
  colored. Blend in the nuts and raisins. Fold in the appples and cinnamon.
  Spread apricot jam over the pastry. Top with apple-nut
  
  mixture. Bake at 350 for 25 minutes. Drizzle with melted butter. Return to
  oven. Bake 15-20 minutes longer until top is golden. Cut into squares.
  Serve warm with slightly sweetened whipped cream and garnished with
  almonds.
  
  From Gemini's MASSIVE MealMaster collection at www.synapse.com/~gemini
 
</step></directions></recipe></recipeml>
