<?xml version="1.0" encoding="UTF-8"?>

<recipeml version="0.5">
  <recipe>
    <head>
      <title>Apple Butter</title>
      <categories>
        <cat>Jelly</cat></categories>
      <yield>1</yield></head>
    <ingredients>
      <ing>
        <amt>
          <qty>1</qty>
          <unit/></amt>
        <item>Jar (42.5-oz) 100% natural applesauce</item></ing>
      <ing>
        <amt>
          <qty>1</qty>
          <unit>can</unit></amt>
        <item>(12-oz) frozen apple juice concentrate; no sugar added, undiluted</item></ing>
      <ing>
        <amt>
          <qty>3</qty>
          <unit>teaspoons</unit></amt>
        <item>Ground cinnamon</item></ing>
      <ing>
        <amt>
          <qty>1</qty>
          <unit>teaspoon</unit></amt>
        <item>Ground allspice</item></ing>
      <ing>
        <amt>
          <qty>1/4</qty>
          <unit>teaspoons</unit></amt>
        <item>Ground cloves</item></ing></ingredients>
    <directions>
      <step>  Date: Wed, 12 Jun 1996 10:00:37 -0500
  
  From: joeanddi@aristotle.net (Joe and Dianne Fago)
  Here is a quick and super easy recipe for apple butter that I found on the
  back of a jar of Seneca Natrual AppleSauce.  I like it, because it has no
  added sugar.  I love it on top of pancakes and waffles.
  
  Combine all ingredients in a blender container and blend until smooth. Pour
  pureed mixture into a heavy saucepan and bring to a boil. Reduce heat to
  low and simmer for about 1 hour and 20 minutes with the lid ajar to allow
  steam to escape. Cool to room temperature in the original applesauce jar or
  other container. Store covered container in refrigerator.
  
  Makes about 2 1/2 pounds of apple butter.  From: Seneca Applesauce.
  
  FATFREE DIGEST V96 #163
  
  From the Fatfree Vegetarian recipe list.  Downloaded from Glen's MM Recipe
  Archive, http://www.erols.com/hosey.
 
</step></directions></recipe></recipeml>
