<?xml version="1.0" encoding="UTF-8"?>

<recipeml version="0.5">
  <recipe>
    <head>
      <title>Apple Butter Barbeque Sauce</title>
      <categories>
        <cat>Sauce</cat></categories>
      <yield>1</yield></head>
    <ingredients>
      <ing>
        <amt>
          <qty>8</qty>
          <unit>ounces</unit></amt>
        <item>Tomoto sauce</item></ing>
      <ing>
        <amt>
          <qty>1/2</qty>
          <unit>cups</unit></amt>
        <item>Apple butter</item></ing>
      <ing>
        <amt>
          <qty>1</qty>
          <unit>tablespoon</unit></amt>
        <item>Worcestershire sauce</item></ing></ingredients>
    <directions>
      <step>  From: "steven.h.bergstein" &lt;steven.h.bergstein@ac.com&gt;
  
  Date: 19 Jul 96 11:11:22
  Recipe By: Better Homes &amp; Gardens, July 1996
  
  In a small sacuepan, combine all ingredients.  Bring just to a boil.
  
  Brush sauce on burgers during last ten minutes of cooking.  Heat remaining
  sauce just until bubbly and serve on the side.
  
  Makes 1 1/2 - 2 cups, enough for 1-2 lbs of meat.
  
  bbq-digest V2 #035
  
  From the BBQ recipe list.  Downloaded from Glen's MM Recipe Archive,
  http://www.erols.com/hosey.
 
</step></directions></recipe></recipeml>
