<?xml version="1.0" encoding="UTF-8"?>

<recipeml version="0.5">
  <recipe>
    <head>
      <title>Apple Bundles</title>
      <categories>
        <cat>Dessert</cat></categories>
      <yield>16</yield></head>
    <ingredients>
      <ing>
        <amt>
          <qty>8</qty>
          <unit/></amt>
        <item>Crescent roll dough triangles</item></ing>
      <ing>
        <amt>
          <qty>2</qty>
          <unit/></amt>
        <item>Granny smith apples; peel, core; slice</item></ing>
      <ing>
        <amt>
          <qty/>
          <unit/></amt>
        <item>Sugar</item></ing>
      <ing>
        <amt>
          <qty/>
          <unit/></amt>
        <item>Cinnamon</item></ing>
      <ing>
        <amt>
          <qty/>
          <unit/></amt>
        <item>Orange zest</item></ing>
      <ing>
        <amt>
          <qty>2</qty>
          <unit/></amt>
        <item>Oranges; juice of</item></ing></ingredients>
    <directions>
      <step>  From: llburnet@lesley.b23b.ingr.com (Lesley Burnette)
  
  Date: 4 Mar 1994 20:47:59 GMT
  Slice each crescent roll triangle into two triangles.  Place a slice of
  apple on each triangle and roll it up to encase the apple.  Place all the
  little bundles into a dish, touching each other slightly.
  
  Mix the cinnamon and sugar together and sprinkle over the top of all the
  bundles.  Sprinkle orange zest over them also.  Drizzle the orange juice
  between the bundles, not over them.
  
  Bake at the temperature given on the crescent roll dough directions until
  browned.
  
  REC.FOOD.RECIPES ARCHIVES
  
  /FRUIT
  
  From rec.food.cooking archives.  Downloaded from Glen's MM Recipe Archive,
  http://www.erols.com/hosey.
 
</step></directions></recipe></recipeml>
