<?xml version="1.0" encoding="UTF-8"?>

<recipeml version="0.5">
  <recipe>
    <head>
      <title>Apple Brownies</title>
      <categories>
        <cat>Cookies</cat>
        <cat>And</cat>
        <cat>Bars</cat></categories>
      <yield>4</yield></head>
    <ingredients>
      <ing>
        <amt>
          <qty>1/4</qty>
          <unit>pounds</unit></amt>
        <item>Margarine</item></ing>
      <ing>
        <amt>
          <qty>1</qty>
          <unit>cup</unit></amt>
        <item>Flour</item></ing>
      <ing>
        <amt>
          <qty>1</qty>
          <unit>cup</unit></amt>
        <item>Sugar</item></ing>
      <ing>
        <amt>
          <qty>1</qty>
          <unit/></amt>
        <item>Egg</item></ing>
      <ing>
        <amt>
          <qty>1/2</qty>
          <unit>teaspoons</unit></amt>
        <item>Baking soda</item></ing>
      <ing>
        <amt>
          <qty>1</qty>
          <unit>cup</unit></amt>
        <item>Apples; chopped and peeled</item></ing>
      <ing>
        <amt>
          <qty>1</qty>
          <unit>cup</unit></amt>
        <item>Chopped walnuts</item></ing>
      <ing>
        <amt>
          <qty>1</qty>
          <unit>teaspoon</unit></amt>
        <item>Cinnamon</item></ing></ingredients>
    <directions>
      <step>  Preheat oven to 350 degrees. Melt margarine in microwave or pan. Combine
  other ingredients and mix with margarine. Pour into greased 8 x 8 inch
  dish. Bake for approximately 40 minutes. Cool and cut into squares.
  
  Recipe by: Key Gourmet
  
  Posted to recipelu-digest by James and Susan Kirkland &lt;kirkland@gj.net&gt; on
  Feb 18, 1998
 
</step></directions></recipe></recipeml>
