<?xml version="1.0" encoding="UTF-8"?>

<recipeml version="0.5">
  <recipe>
    <head>
      <title>Apple Brown Rice Stuffing</title>
      <categories>
        <cat>Side dish</cat>
        <cat>Low-fat</cat></categories>
      <yield>6</yield></head>
    <ingredients>
      <ing>
        <amt>
          <qty>1</qty>
          <unit>medium</unit></amt>
        <item>Red apple; cored and diced</item></ing>
      <ing>
        <amt>
          <qty>1/2</qty>
          <unit>cups</unit></amt>
        <item>Chopped onions</item></ing>
      <ing>
        <amt>
          <qty>1/2</qty>
          <unit>cups</unit></amt>
        <item>Sliced celery</item></ing>
      <ing>
        <amt>
          <qty>1/3</qty>
          <unit>cups</unit></amt>
        <item>Seedless raisins</item></ing>
      <ing>
        <amt>
          <qty>1/2</qty>
          <unit>teaspoons</unit></amt>
        <item>Poultry seasoning</item></ing>
      <ing>
        <amt>
          <qty>1/4</qty>
          <unit>teaspoons</unit></amt>
        <item>Dry thyme leaves</item></ing>
      <ing>
        <amt>
          <qty>1/4</qty>
          <unit>teaspoons</unit></amt>
        <item>Ground black pepper</item></ing>
      <ing>
        <amt>
          <qty>2</qty>
          <unit>teaspoons</unit></amt>
        <item>Margarine</item></ing>
      <ing>
        <amt>
          <qty>3</qty>
          <unit>cups</unit></amt>
        <item>Cooked brown rice (cooked in apple juice)</item></ing>
      <ing>
        <amt>
          <qty>1/3</qty>
          <unit>cups</unit></amt>
        <item>Rice bran</item></ing>
      <ing>
        <amt>
          <qty>1/3</qty>
          <unit>cups</unit></amt>
        <item>Slivered almonds, toasted</item></ing>
      <ing>
        <amt>
          <qty>1/4</qty>
          <unit>cups</unit></amt>
        <item>Apple juice</item></ing></ingredients>
    <directions>
      <step>  Cook apple, onions, celery, raisins, poultry seasoning, thyme, and
  pepper in margarine in large skillet until vegetables are tender
  crisp.  Stir in remaining ingredients.  Use as stuffing for poultry
  or pork roast.  To serve as a side dish, cook until thoroughly heated.
  
  Each serving provides:
  * 247 calories
  * 5.3 g. protein
  * 7.4 g. fat,
  * 43.2 g. carbohydrate
  * 5.1 g. dietary fiber
  * 33 mg. sodium
  * 0 mg. cholesterol
  
  Source: "Light, Lean &amp; Low Fat" booklet
  Reprinted with permission from USA Rice Council
  Electronic format courtesy of Karen Mintzias
  
  File ftp://ftp.idiscover.co.uk/pub/food/mealmaster/recipes/lllfrice.zip
 
</step></directions></recipe></recipeml>
