<?xml version="1.0" encoding="UTF-8"?>

<recipeml version="0.5">
  <recipe>
    <head>
      <title>Apple Cake</title>
      <categories>
        <cat>Digest</cat>
        <cat>Oct.</cat>
        <cat>Ovo</cat>
        <cat>Dessert</cat>
        <cat>Fatfree</cat></categories>
      <yield>1</yield></head>
    <ingredients>
      <ing-div>
        <title/>
        <ing>
          <amt>
            <qty/>
            <unit/></amt>
          <item>Hot fruit (apples, cherries)</item></ing></ing-div>
      <ing-div>
        <title>POUR INTO A CASSEROLE DISH</title>
        <ing>
          <amt>
            <qty>2</qty>
            <unit>tablespoons</unit></amt>
          <item>Sugar</item></ing>
        <ing>
          <amt>
            <qty>2</qty>
            <unit/></amt>
          <item>Egg whites</item></ing>
        <ing>
          <amt>
            <qty>4</qty>
            <unit>tablespoons</unit></amt>
          <item>Boiling water</item></ing>
        <ing>
          <amt>
            <qty>1</qty>
            <unit>cup</unit></amt>
          <item>Flour</item></ing>
        <ing>
          <amt>
            <qty>1/2</qty>
            <unit>teaspoons</unit></amt>
          <item>Salt</item></ing>
        <ing>
          <amt>
            <qty>1 1/2</qty>
            <unit>teaspoons</unit></amt>
          <item>Baking powder</item></ing></ing-div></ingredients>
    <directions>
      <step>  Add ingredients in order, mixing as you go. Pour over fruit and bake at 350
  for about 30 minutes.
  
  This is surprisingly good. Ginger is an unusual spice in apple things, but
  it works nicely.
  
  Posted by Posted by Posted by skill@qucis.queensu.ca (David Skillicorn) to
  the Fatfree Digest [Volume 11 Issue 25], Oct. 25, 1994. FATFREE Recipe
  collections copyrighted by Michelle Dick 1994. Used with permission.
  Formatted by Sue Smith, S.Smith34, TXFT40A@Prodigy.com using MMCONV.
  
  File ftp://ftp.idiscover.co.uk/pub/food/mealmaster/recipes/fatfreex.zip
 
</step></directions></recipe></recipeml>
