<?xml version="1.0" encoding="UTF-8"?>

<recipeml version="0.5">
  <recipe>
    <head>
      <title>Apple Black Walnut Cake</title>
      <categories>
        <cat>Apples</cat></categories>
      <yield>12</yield></head>
    <ingredients>
      <ing-div>
        <title/>
        <ing>
          <amt>
            <qty/>
            <unit/></amt>
          <item>Mrs. Roberta Johnson</item></ing>
        <ing>
          <amt>
            <qty>1</qty>
            <unit>cup</unit></amt>
          <item>Sugar</item></ing>
        <ing>
          <amt>
            <qty>3/4</qty>
            <unit>cups</unit></amt>
          <item>Cooking oil</item></ing>
        <ing>
          <amt>
            <qty>2</qty>
            <unit/></amt>
          <item>Eggs</item></ing>
        <ing>
          <amt>
            <qty>1 1/2</qty>
            <unit>cups</unit></amt>
          <item>Flour</item></ing>
        <ing>
          <amt>
            <qty>1</qty>
            <unit>cup</unit></amt>
          <item>Black walnuts; chopped</item></ing>
        <ing>
          <amt>
            <qty>1</qty>
            <unit>teaspoon</unit></amt>
          <item>Baking soda</item></ing>
        <ing>
          <amt>
            <qty>1</qty>
            <unit>dash</unit></amt>
          <item>Salt</item></ing>
        <ing>
          <amt>
            <qty>1</qty>
            <unit>teaspoon</unit></amt>
          <item>Vanilla</item></ing>
        <ing>
          <amt>
            <qty>2</qty>
            <unit>cups</unit></amt>
          <item>Unpeeled chopped apple</item></ing></ing-div>
      <ing-div>
        <title>ICING</title>
        <ing>
          <amt>
            <qty>4</qty>
            <unit>tablespoons</unit></amt>
          <item>Butter</item></ing>
        <ing>
          <amt>
            <qty>1</qty>
            <unit>teaspoon</unit></amt>
          <item>Vanilla</item></ing>
        <ing>
          <amt>
            <qty>1/2</qty>
            <unit>pounds</unit></amt>
          <item>Confectioner's sugar</item></ing></ing-div></ingredients>
    <directions>
      <step>  Mix sugar and oil.  Add eggs, beat until fluffy.  Sift dry ingredients
  together and add to sugra, oil, and egg mixture. Blend in vanilla. fold in
  black walnuts and chopped apples. Pour into a well greased and floured loaf
  pan.  Bake at 350~F for 40 minutes. ICING: Soften butter and blend with
  powdered sugar. Add vanilla. Use cream to blend to a spreadable
  consistency.  Spread on cake. NOTE:  For holiday gift giving, I like to
  bake this recipe in four miniature loaf pans, wrap in plastic wrap, and tie
  with a bow. This is nice with a cup of hot tea. Happy cooking. Margaret
  Garland DFYX18A Source: Prize Winning Recipes from the State Fair of Texas,
  1976.
  Posted to EAT-L Digest  8 October 96
  
  Date:    Wed, 9 Oct 1996 03:44:25 -0500
  
  From:    LD Goss &lt;ldgoss@METRONET.COM&gt;
 
</step></directions></recipe></recipeml>
