<?xml version="1.0" encoding="UTF-8"?>

<recipeml version="0.5">
  <recipe>
    <head>
      <title>Apple Brandy Praline Pie</title>
      <categories>
        <cat>Pies &amp;</cat>
        <cat>Pastry</cat></categories>
      <yield>1</yield></head>
    <ingredients>
      <ing>
        <amt>
          <qty/>
          <unit/></amt>
        <item>Praline topping; (recipe follows)</item></ing>
      <ing>
        <amt>
          <qty>1/4</qty>
          <unit>cups</unit></amt>
        <item>Sugar</item></ing>
      <ing>
        <amt>
          <qty>3</qty>
          <unit>tablespoons</unit></amt>
        <item>All-purpose flour</item></ing>
      <ing>
        <amt>
          <qty>1/4</qty>
          <unit>teaspoons</unit></amt>
        <item>Salt</item></ing>
      <ing>
        <amt>
          <qty>3</qty>
          <unit/></amt>
        <item>Eggs</item></ing>
      <ing>
        <amt>
          <qty>1/2</qty>
          <unit>cups</unit></amt>
        <item>Light or dark corn syrup</item></ing>
      <ing>
        <amt>
          <qty>1/4</qty>
          <unit>cups</unit></amt>
        <item>Margarine; melted</item></ing>
      <ing>
        <amt>
          <qty>2</qty>
          <unit>tablespoons</unit></amt>
        <item>Apple or plain brandy</item></ing>
      <ing>
        <amt>
          <qty>2</qty>
          <unit>medium</unit></amt>
        <item>Apples</item></ing>
      <ing>
        <amt>
          <qty/>
          <unit/></amt>
        <item>Peeled and thinly sliced</item></ing>
      <ing>
        <amt>
          <qty>1</qty>
          <unit/></amt>
        <item>Unbaked; (9 inch) pie crust</item></ing>
      <ing>
        <amt>
          <qty/>
          <unit/></amt>
        <item>Praline topping:</item></ing>
      <ing>
        <amt>
          <qty>1</qty>
          <unit>cup</unit></amt>
        <item>Coarsely chopped pecans</item></ing>
      <ing>
        <amt>
          <qty>1/4</qty>
          <unit>cups</unit></amt>
        <item>All-purpose flour</item></ing>
      <ing>
        <amt>
          <qty>1/4</qty>
          <unit>cups</unit></amt>
        <item>Packed brown sugar</item></ing>
      <ing>
        <amt>
          <qty>2</qty>
          <unit>tablespoons</unit></amt>
        <item>Margarine; softened</item></ing></ingredients>
    <directions>
      <step>  Prepare Praline Topping; set aside. In large bowl combine sugar, flour, and
  salt. Beat in eggs, corn syrup, margarine, and brandy. Stir in apples. Pour
  into pie crust. Sprinkle with topping. Bake in 350 degree oven for 45-50
  minutes or until puffed and set. Cool completely on wire rack. Praline
  Topping: In small bowl combine pecans, flour, brown sugar, and margarine.
  Mix with fork until crumbly.JM. Spring Farm Bed &amp; Breakfast, Luray,
  Virginia.
  Posted to Bakery-Shoppe Digest V1 #525 by Suzy Lewis
  &lt;lewises@flatoday.infi.net&gt; on Jan 23, 1998
 
</step></directions></recipe></recipeml>
