<?xml version="1.0" encoding="UTF-8"?>

<recipeml version="0.5">
  <recipe>
    <head>
      <title>Apple Bundt Cake</title>
      <categories>
        <cat>Apple</cat>
        <cat>Bundt</cat>
        <cat>Cake</cat></categories>
      <yield>16</yield></head>
    <ingredients>
      <ing>
        <amt>
          <qty>3</qty>
          <unit>cups</unit></amt>
        <item>Flour</item></ing>
      <ing>
        <amt>
          <qty>4</qty>
          <unit/></amt>
        <item>Eggs</item></ing>
      <ing>
        <amt>
          <qty>2</qty>
          <unit>cups</unit></amt>
        <item>Sugar</item></ing>
      <ing>
        <amt>
          <qty>1/2</qty>
          <unit>cups</unit></amt>
        <item>Salad oil</item></ing>
      <ing>
        <amt>
          <qty>3</qty>
          <unit>cups</unit></amt>
        <item>4 apples; chopped</item></ing>
      <ing>
        <amt>
          <qty>2</qty>
          <unit>teaspoons</unit></amt>
        <item>Vanilla</item></ing>
      <ing>
        <amt>
          <qty>1</qty>
          <unit>teaspoon</unit></amt>
        <item>Salt</item></ing>
      <ing>
        <amt>
          <qty>1</qty>
          <unit>teaspoon</unit></amt>
        <item>Soda</item></ing>
      <ing>
        <amt>
          <qty>1</qty>
          <unit>teaspoon</unit></amt>
        <item>Cinnamon</item></ing>
      <ing>
        <amt>
          <qty>1</qty>
          <unit>cup</unit></amt>
        <item>Ch. walnuts</item></ing></ingredients>
    <directions>
      <step>  1. Sift dry ingredients.
  
  2. Beat eggs well, add sugar and oil and beat.
  
  3. Add flour mixture, vanilla, apples &amp; nuts.
  
  4. Mix well. Spray bundt pan with Pam.
  
  5. Bake 1 hour at 350 degrees or until done. Or cook 50 min. Convection
  Bake
  
  6. Cool in pan 10 minutes. I use 4 apples.
  
  GLAZE: 1 stick of oleo. 2 tsp. of milk 3. 1/2 cup light brown sugar
  
  Combine above and boil 2 minutes, stirring continuously.
  
  Recipe by: Liz Custer
  
  Posted to MasterCook Digest V1 #363 by " Liz Custer" &lt;custer@dconn.com&gt; on
  Dec 5, 1997
 
</step></directions></recipe></recipeml>
