<?xml version="1.0" encoding="UTF-8"?>

<recipeml version="0.5">
  <recipe>
    <head>
      <title>Apple Braid</title>
      <categories>
        <cat>Desserts</cat>
        <cat>The pampere</cat></categories>
      <yield>10</yield></head>
    <ingredients>
      <ing>
        <amt>
          <qty>1</qty>
          <unit>package</unit></amt>
        <item>Refrigerated crescent roll</item></ing>
      <ing>
        <amt>
          <qty/>
          <unit/></amt>
        <item>Dough</item></ing>
      <ing>
        <amt>
          <qty>2</qty>
          <unit>tablespoons</unit></amt>
        <item>Flour</item></ing>
      <ing>
        <amt>
          <qty>2</qty>
          <unit>medium</unit></amt>
        <item>Apples</item></ing>
      <ing>
        <amt>
          <qty>1/3</qty>
          <unit>cups</unit></amt>
        <item>Sugar</item></ing>
      <ing>
        <amt>
          <qty>1/4</qty>
          <unit>teaspoons</unit></amt>
        <item>Cinnamon</item></ing>
      <ing>
        <amt>
          <qty>1/8</qty>
          <unit>teaspoons</unit></amt>
        <item>Nutmeg</item></ing>
      <ing>
        <amt>
          <qty>1/8</qty>
          <unit>teaspoons</unit></amt>
        <item>Cloves</item></ing>
      <ing>
        <amt>
          <qty>2</qty>
          <unit>teaspoons</unit></amt>
        <item>Butter or margarine --</item></ing>
      <ing>
        <amt>
          <qty/>
          <unit/></amt>
        <item>Melted</item></ing>
      <ing>
        <amt>
          <qty/>
          <unit/></amt>
        <item>Glaze:</item></ing>
      <ing>
        <amt>
          <qty>1/4</qty>
          <unit>cups</unit></amt>
        <item>Powdered sugar</item></ing>
      <ing>
        <amt>
          <qty>1</qty>
          <unit>tablespoon</unit></amt>
        <item>Milk</item></ing></ingredients>
    <directions>
      <step>  Preheat oven to 375.  Unroll crescent roll dough and place in bottom of
  9"x13" Baker.  Lightly sprinkle with flour.  Roll dough with Dough and
  Pizza Roller until perforations are sealed and dough is flat.  Peel, core
  and slice apples with Apple Peeler/Co rer/Slicer. Cut in quarters. Combine
  sugar and spices in Batter Bowl. Add apples and toss lightly. Place apple
  mixture down center of dough, approximately 2-inches wide. Cut 10 slits,
  about 3/4-inch wide on each long side of dough surrounding apple mixture.
  To braid, fold strips from one side ot the other.  Fold ends over to seal.
  Melt butter in Microwave Saucepan just until it liquifies; do not boil.
  Brush with melted butter.  Bake 30 minutes.  Cut and serve warm. Combine
  powdered sugar and mi lk for glaze. Stir until smooth. Pour over warm
  braid.
  
  Posted to EAT-L Digest - 30 May 96
  
  Date:    Fri, 31 May 1996 17:10:17 -0400
  
  From:    "Carol T." &lt;taillon@ACCESS.MOUNTAIN.NET&gt;
  
  Recipe By     : The Pampered Chef
 
</step></directions></recipe></recipeml>
