<?xml version="1.0" encoding="UTF-8"?>

<recipeml version="0.5">
  <recipe>
    <head>
      <title>Apple Butter Muffins</title>
      <categories>
        <cat>None</cat></categories>
      <yield>1</yield></head>
    <ingredients>
      <ing>
        <amt>
          <qty>1 1/2</qty>
          <unit>cups</unit></amt>
        <item>All-purpose white flour</item></ing>
      <ing>
        <amt>
          <qty>1/2</qty>
          <unit>cups</unit></amt>
        <item>Whole-wheat flour</item></ing>
      <ing>
        <amt>
          <qty>1 1/4</qty>
          <unit>cups</unit></amt>
        <item>Sugar</item></ing>
      <ing>
        <amt>
          <qty>1</qty>
          <unit>tablespoon</unit></amt>
        <item>Ground cinnamon</item></ing>
      <ing>
        <amt>
          <qty>1</qty>
          <unit>teaspoon</unit></amt>
        <item>Baking powder</item></ing>
      <ing>
        <amt>
          <qty>1</qty>
          <unit>teaspoon</unit></amt>
        <item>Baking soda</item></ing>
      <ing>
        <amt>
          <qty>1/2</qty>
          <unit>teaspoons</unit></amt>
        <item>Salt</item></ing>
      <ing>
        <amt>
          <qty>2</qty>
          <unit>cups</unit></amt>
        <item>Grated carrots (4 medium)</item></ing>
      <ing>
        <amt>
          <qty>1</qty>
          <unit/></amt>
        <item>Apple peeled, cored and chopped (1 cup)</item></ing>
      <ing>
        <amt>
          <qty>1</qty>
          <unit>cup</unit></amt>
        <item>Raisins</item></ing>
      <ing>
        <amt>
          <qty>1</qty>
          <unit>large</unit></amt>
        <item>Egg, lightly beaten</item></ing>
      <ing>
        <amt>
          <qty>2</qty>
          <unit>large</unit></amt>
        <item>Egg whites, lightly beaten</item></ing>
      <ing>
        <amt>
          <qty>1/2</qty>
          <unit>cups</unit></amt>
        <item>Apple butter (as a replacement for the oil)</item></ing>
      <ing>
        <amt>
          <qty>1/4</qty>
          <unit>cups</unit></amt>
        <item>Vegetable oil preferable canola oil</item></ing>
      <ing>
        <amt>
          <qty>1</qty>
          <unit>tablespoon</unit></amt>
        <item>Pure vanilla extract</item></ing>
      <ing>
        <amt>
          <qty>2</qty>
          <unit>tablespoons</unit></amt>
        <item>Finely chopped walnuts or pecans</item></ing>
      <ing>
        <amt>
          <qty>2</qty>
          <unit>tablespoons</unit></amt>
        <item>Toasted wheat germ</item></ing></ingredients>
    <directions>
      <step>  Preheat oven to 375 degrees F.  Lightly oil 18 muffin cups or coat with
  nonstick cooking spray.  In a large bowl, stir together flours, sugar,
  cinnamon, baking powder, baking soda and salt.  Stir in carrots, apples and
  raisins.  In a medium-sized bowl, whisk together eggs, egg whites, apple
  butter, oil and vanilla.  Add to the dry ingredients and stir just until
  moistened.  Spoon the batter into the prepared muffin cups, filling them
  about 3/4 full.  In a small bowl, combine walnuts and wheat germ; sprinkle
  over the muffin tops.  Bake for 15 to 20 minutes, or until the tops are
  golden and spring back when lightly pressed.  Makes 18 muffins.  From
  Eating Well. I know that you can substitute applesauce for the apple
  butter, although it might be nice to keep some around as an oil substitute.
  (They used it to cut down on the fat content.)
  
  Posted to FOODWINE Digest 14 November 96
  
  Date:    Thu, 14 Nov 1996 22:16:16 +0200
  
  From:    "Sho B. &amp; Harry C." &lt;shoharry@NETMEDIA.NET.IL&gt;
 
</step></directions></recipe></recipeml>
