<?xml version="1.0" encoding="UTF-8"?>

<recipeml version="0.5">
  <recipe>
    <head>
      <title>Apple Butter Barbecued Chicken</title>
      <categories>
        <cat>Bobbie - no</cat>
        <cat>Chicken</cat>
        <cat>Country wom</cat>
        <cat>Diabetic</cat></categories>
      <yield>4</yield></head>
    <ingredients>
      <ing>
        <amt>
          <qty>4</qty>
          <unit/></amt>
        <item>Boneless skinless chicken breast halves; (1 pound)</item></ing>
      <ing>
        <amt>
          <qty>1/3</qty>
          <unit>cups</unit></amt>
        <item>Apple butter</item></ing>
      <ing>
        <amt>
          <qty>2</qty>
          <unit>tablespoons</unit></amt>
        <item>Salsa</item></ing>
      <ing>
        <amt>
          <qty>2</qty>
          <unit>tablespoons</unit></amt>
        <item>Catsup</item></ing>
      <ing>
        <amt>
          <qty>1</qty>
          <unit>tablespoon</unit></amt>
        <item>Vegetable oil</item></ing>
      <ing>
        <amt>
          <qty>1/2</qty>
          <unit>teaspoons</unit></amt>
        <item>Salt; optional</item></ing>
      <ing>
        <amt>
          <qty>1/4</qty>
          <unit>teaspoons</unit></amt>
        <item>Garlic powder</item></ing>
      <ing>
        <amt>
          <qty>2</qty>
          <unit>drops</unit></amt>
        <item>Worcestershire sauce</item></ing>
      <ing>
        <amt>
          <qty>2</qty>
          <unit>drops</unit></amt>
        <item>Liquid smoke flavoring; optional</item></ing></ingredients>
    <directions>
      <step>  Place chicken in a greased 8 inch square baking dish. Combine remaining
  ingredients; pour over chicken. Bake, uncovered, at 375 F. for 25 minutes
  or until meat juices run clear.
  
  Yield: 4 servings. Diabetic Exchanges: (per breast half prepared without
  salt or liquid smoke flavoring.) 3 very lean meat, 1 1/2 fruit; also 206
  calories, 226 mg. sodium, 63 mg. cholesterol, 6 gms. fat.
  
  Submitted by Michelle Hatfield of Cincinnati, Ohio who made this to
  duplicate the very popular Apple Butter Barbecued Chicken served at a local
  restaurant.
  
  Recipe by: Country Woman Magazine, September/October '97, p. 38
  
  Posted to MC-Recipe Digest V1 #957 by Roberta Banghart
  &lt;bobbi744@sojourn.com&gt; on Dec 15, 1997
 
</step></directions></recipe></recipeml>
