<?xml version="1.0" encoding="UTF-8"?>

<recipeml version="0.5">
  <recipe>
    <head>
      <title>Apple Butter 5</title>
      <categories>
        <cat>Canning</cat>
        <cat>Preserves</cat>
        <cat>Etc.</cat></categories>
      <yield>1</yield></head>
    <ingredients>
      <ing>
        <amt>
          <qty>18</qty>
          <unit>cups</unit></amt>
        <item>Apple pulp</item></ing>
      <ing>
        <amt>
          <qty>1</qty>
          <unit>cup</unit></amt>
        <item>Apple cider vinegar</item></ing>
      <ing>
        <amt>
          <qty>8</qty>
          <unit>cups</unit></amt>
        <item>Sugar; if apples are tart</item></ing>
      <ing>
        <amt>
          <qty/>
          <unit/></amt>
        <item>Less if apples are sweet</item></ing>
      <ing>
        <amt>
          <qty>4</qty>
          <unit>tablespoons</unit></amt>
        <item>Cinnamon; or more if needed</item></ing></ingredients>
    <directions>
      <step>  Quarter apples and cook until mushy.  Put  through colander or food mill
  until you get 18 cups of pulp.  Put all ingredients in saucepot and cook on
  medium for 3-4 hours, or til thickened, stirring frequently.  Put in jars
  and seal immediately.
  Recipe By     : Dave Einspahr
  
  Posted to MC-Recipe Digest V1 #255
  
  Date: Wed, 23 Oct 1996 18:54:38 +0000
  
  From: Patti McCoy &lt;patti-will-mccoy@postoffice.worldnet.att.net&gt;
 
</step></directions></recipe></recipeml>
