<?xml version="1.0" encoding="UTF-8"?>

<recipeml version="0.5">
  <recipe>
    <head>
      <title>Apple Breakfast Loaf</title>
      <categories>
        <cat>Bread</cat></categories>
      <yield>20</yield></head>
    <ingredients>
      <ing-div>
        <title/>
        <ing>
          <amt>
            <qty>1 3/4</qty>
            <unit>cups</unit></amt>
          <item>Water</item></ing>
        <ing>
          <amt>
            <qty>1</qty>
            <unit>cup</unit></amt>
          <item>Whole-bran cereal</item></ing>
        <ing>
          <amt>
            <qty>1/4</qty>
            <unit>cups</unit></amt>
          <item>Butter or margarine (up to)</item></ing>
        <ing>
          <amt>
            <qty>6</qty>
            <unit>cups</unit></amt>
          <item>All-purpose flour</item></ing>
        <ing>
          <amt>
            <qty>1/3</qty>
            <unit>cups</unit></amt>
          <item>Firmly packed light brown sugar</item></ing>
        <ing>
          <amt>
            <qty>2</qty>
            <unit>packages</unit></amt>
          <item>Rapid-rise yeast (yeast that requires only one rising)</item></ing>
        <ing>
          <amt>
            <qty>1 1/2</qty>
            <unit>teaspoons</unit></amt>
          <item>Salt</item></ing>
        <ing>
          <amt>
            <qty>3/4</qty>
            <unit>teaspoons</unit></amt>
          <item>Ground nutmeg</item></ing>
        <ing>
          <amt>
            <qty>2</qty>
            <unit>cups</unit></amt>
          <item>Finely chopped apples (about 2 apples)</item></ing></ing-div>
      <ing-div>
        <title>ICING</title>
        <ing>
          <amt>
            <qty>1</qty>
            <unit>cup</unit></amt>
          <item>Confectioners' sugar (up to)</item></ing>
        <ing>
          <amt>
            <qty>2</qty>
            <unit>tablespoons</unit></amt>
          <item>Apple juice concentrate or lemon juice</item></ing></ing-div></ingredients>
    <directions>
      <step>  From: esined@inforail.MV.COM (Denise Gaunt)
  
  Date: 17 Aug 1995 12:44:37 -0500
  Heat water, bran and butter until very warm, 125 to 130 degrees; let stand
  5 minutes. Meanwhile, in a large bowl, combine 1 cup of the flour, the
  sugar, undissolved yeast, salt and nutmeg. Stir bran mixture into dry
  ingredients. Stir in apple and enough remaining flour to make soft dough.
  Knead on lightly floured surface until smooth and elastic, about 6 to 8
  minutes. Cover, let rest 10 minutes. Divide dough in half. On lightly
  floured surface, roll each half to a 12- by 7-inch rectangle. Roll each up
  tightly from short end as for a jellyroll. Pinch seams and ends to seal.
  Place each loaf, seam side down, in greased 8-1/2 X 4-1/2 X 2-1/2-inch loaf
  pan. Cover, let rise in warm, draft-free place until doubled in size, about
  30 to 45 minutes. Bake in a 375-degree oven for 40 minutes or until done.
  Remove from pans; cool on wire rack. Drizzle with icing.
  
  For the icing: Combine 1 cup confectioners' sugar and 1 to 2 tbls apple
  juice concentrate or lemon juice. Beat until smooth.
  
  REC.FOOD.RECIPES
  
  From rec.food.cooking archives.  Downloaded from Glen's MM Recipe Archive,
  http://www.erols.com/hosey.
 
</step></directions></recipe></recipeml>
