<?xml version="1.0" encoding="UTF-8"?>

<recipeml version="0.5">
  <recipe>
    <head>
      <title>Apple Bread Pudding</title>
      <categories>
        <cat>Desserts</cat>
        <cat>Low-fat</cat></categories>
      <yield>12</yield></head>
    <ingredients>
      <ing>
        <amt>
          <qty>2</qty>
          <unit>cups</unit></amt>
        <item>Nonfat milk</item></ing>
      <ing>
        <amt>
          <qty>3/4</qty>
          <unit>cups</unit></amt>
        <item>Maple syrup</item></ing>
      <ing>
        <amt>
          <qty>1</qty>
          <unit>tablespoon</unit></amt>
        <item>Ground cinnamon</item></ing>
      <ing>
        <amt>
          <qty>1</qty>
          <unit>cup</unit></amt>
        <item>Egg whites (6-8 eggs)</item></ing>
      <ing>
        <amt>
          <qty>4</qty>
          <unit>cups</unit></amt>
        <item>Diced bread</item></ing>
      <ing>
        <amt>
          <qty>2</qty>
          <unit>cups</unit></amt>
        <item>Apple, peeled, cored and</item></ing>
      <ing>
        <amt>
          <qty/>
          <unit/></amt>
        <item>Diced</item></ing>
      <ing>
        <amt>
          <qty>1</qty>
          <unit>cup</unit></amt>
        <item>Raisins</item></ing></ingredients>
    <directions>
      <step>  Preheat the oven to 350F.  In a large bowl, combine the milk, maple syrup,
  and cinnamon.  In another bowl, beat the egg whites until frothy. Add the
  egg whites to the milk mixture and stir to combine thoroughly. Add the
  bread and toss well.  Set aside to soak for 30 minutes. Fold in the diced
  apples and raisins and pour into a nonstick or lightly oiled 8x12x2" baking
  dish. Bake for 45-50 minutes, or until the top is very brown and crisp. A
  knife inserted into the middle should come out clean at this point. Serve
  warm or at room temperature.
 
</step></directions></recipe></recipeml>
