<?xml version="1.0" encoding="UTF-8"?>

<recipeml version="0.5">
  <recipe>
    <head>
      <title>Apple Brioche Pizza</title>
      <categories>
        <cat>None</cat></categories>
      <yield>1</yield></head>
    <ingredients>
      <ing-div>
        <title>CRUST</title>
        <ing>
          <amt>
            <qty>2 2/3</qty>
            <unit>cups</unit></amt>
          <item>Bread flour</item></ing>
        <ing>
          <amt>
            <qty>1/4</qty>
            <unit>cups</unit></amt>
          <item>Sugar</item></ing>
        <ing>
          <amt>
            <qty>1</qty>
            <unit>package</unit></amt>
          <item>Fleischmann's rapidrise yeast</item></ing>
        <ing>
          <amt>
            <qty>1/2</qty>
            <unit>teaspoons</unit></amt>
          <item>Salt</item></ing>
        <ing>
          <amt>
            <qty>1/2</qty>
            <unit>cups</unit></amt>
          <item>(1 stick) butter; cut up</item></ing>
        <ing>
          <amt>
            <qty>1/4</qty>
            <unit>cups</unit></amt>
          <item>Milk</item></ing>
        <ing>
          <amt>
            <qty>1/4</qty>
            <unit>cups</unit></amt>
          <item>Water</item></ing>
        <ing>
          <amt>
            <qty>2</qty>
            <unit/></amt>
          <item>Eggs</item></ing></ing-div>
      <ing-div>
        <title>TOPPING</title>
        <ing>
          <amt>
            <qty>3</qty>
            <unit>tablespoons</unit></amt>
          <item>Sugar</item></ing>
        <ing>
          <amt>
            <qty>2</qty>
            <unit>tablespoons</unit></amt>
          <item>Bread flour</item></ing>
        <ing>
          <amt>
            <qty>1/4</qty>
            <unit>cups</unit></amt>
          <item>Whipping cream</item></ing>
        <ing>
          <amt>
            <qty>1</qty>
            <unit>tablespoon</unit></amt>
          <item>Calvados; (apple brandy) OR 2 teaspoons spice islands pure vanilla extract</item></ing>
        <ing>
          <amt>
            <qty>2</qty>
            <unit>cups</unit></amt>
          <item>Thinly sliced; cored and peeled apples (about 2 medium)</item></ing>
        <ing>
          <amt>
            <qty>1/4</qty>
            <unit>cups</unit></amt>
          <item>Apricot preserves; warmed</item></ing></ing-div></ingredients>
    <directions>
      <step>  To make crust: In large bowl, combine 1 cup flour, sugar, undissolved yeast
  and salt. Heat butter, milk, and water until very warm (120 to 130øF).
  Butter does not need to melt. Gradually stir into dry ingredients. Stir in
  eggs and remaining flour to make soft dough. Knead 5 minutes. (Dough will
  be buttery; do not add additional flour.) With floured hands, press dough
  to form 12-inch circle on lightly greased pizza pan or cookie sheet. Cover;
  let rest 30 minutes.
  
  To make topping: In small bowl, combine sugar and flour. Gradually add
  cream and Calvados; stir until smooth. Set aside.
  
  Preheat oven to 400øF.
  
  Form 3/4-inch high rim along edge of dough. Arrange apples on dough,
  overlapping slightly; carefully spoon cream mixture over top. Bake on
  middle oven rack 18 to 22 minutes or until crust is golden brown and apples
  are almost tender. Remove from pan; place on wire rack to cool slightly.
  Spread apricot preserves over top.
  
  Notes: Makes 1 (12-inch) pizza
  Posted to MC-Recipe Digest V1 #1062 by Gr8seeksM8@aol.com on Jan 29, 1998
 
</step></directions></recipe></recipeml>
