<?xml version="1.0" encoding="UTF-8"?>

<recipeml version="0.5">
  <recipe>
    <head>
      <title>Apple Butter From Brigitte Sealing</title>
      <categories>
        <cat>Sauces</cat></categories>
      <yield>1</yield></head>
    <ingredients>
      <ing>
        <amt>
          <qty>6</qty>
          <unit/></amt>
        <item>Apples (or 8 if small)</item></ing>
      <ing>
        <amt>
          <qty>1</qty>
          <unit>tablespoon</unit></amt>
        <item>Cinnamon</item></ing>
      <ing>
        <amt>
          <qty>1/4</qty>
          <unit>cups</unit></amt>
        <item>+2 TB conc. frozen apple juice</item></ing>
      <ing>
        <amt>
          <qty>1</qty>
          <unit>cup</unit></amt>
        <item>Water</item></ing>
      <ing>
        <amt>
          <qty>1/8</qty>
          <unit>teaspoons</unit></amt>
        <item>Ground cloves</item></ing>
      <ing>
        <amt>
          <qty>1/4</qty>
          <unit>cups</unit></amt>
        <item>Water</item></ing>
      <ing>
        <amt>
          <qty>1</qty>
          <unit>tablespoon</unit></amt>
        <item>Cornstarch</item></ing></ingredients>
    <directions>
      <step>  1. Peel, core, and thinly slice apples. Put them in a  saucepan with 1/4
  cup of the
  
  water and 1/4 cup of the  apple juice. Bring to a boil, then reduce heat
  and simmer
  
  uncovered for 1 hour. Mix cornstarch with the 2  tb of apple juice. Stir
  into the mix,
  
  and stir until it  thickens. 2. Put all ingredients in a blender and puree
  until  smooth. Refrigerate. Makes about 4
  
  cups.
  
  Formatted for MC by Sharon Klinger, tmvm93b@prodigy.com
  Posted to EAT-L Digest 22 November 96
  
  Date:    Sat, 23 Nov 1996 22:03:32 -0500
  
  From:    Martha Sheppard &lt;marthahs@POSTOFFICE.WORLDNET.ATT.NET&gt;
 
</step></directions></recipe></recipeml>
