<?xml version="1.0" encoding="UTF-8"?>

<recipeml version="0.5">
  <recipe>
    <head>
      <title>Apple Butter with Blueberries</title>
      <categories>
        <cat>Sauces</cat></categories>
      <yield>999</yield></head>
    <ingredients>
      <ing>
        <amt>
          <qty>1</qty>
          <unit>pound</unit></amt>
        <item>Cooking apples (about 6 med.</item></ing>
      <ing>
        <amt>
          <qty/>
          <unit/></amt>
        <item>Peeled, cored and thinly</item></ing>
      <ing>
        <amt>
          <qty/>
          <unit/></amt>
        <item>Sliced)</item></ing>
      <ing>
        <amt>
          <qty>1/2</qty>
          <unit>cups</unit></amt>
        <item>Blueberries</item></ing>
      <ing>
        <amt>
          <qty>1</qty>
          <unit>tablespoon</unit></amt>
        <item>Apple cider</item></ing>
      <ing>
        <amt>
          <qty>1</qty>
          <unit>tablespoon</unit></amt>
        <item>Fresh lemon juice</item></ing>
      <ing>
        <amt>
          <qty>1/4</qty>
          <unit>teaspoons</unit></amt>
        <item>Ground cinnamon</item></ing>
      <ing>
        <amt>
          <qty>1</qty>
          <unit>tablespoon</unit></amt>
        <item>Unsalted butter</item></ing></ingredients>
    <directions>
      <step>  Combine the apple slices, blueberries, cider, lemon juice and cinnamon in a
  1 quart casserole dish and cover, microwaving on full power until the fruit
  is very tender, about 10 minutes. Then uncover the let the mixture cool for
  about 5 minutes.
  
  Combine the fruit mixture (liquids too) and butter in a processor or
  blender and whiz until pureed, about 5 seconds. Great warm or chilled,
  especiall on pancakes or sourdough toast. Stores covered and refrigerated
  for up to a week; makes 1 1/2 cups.
  
  Assorted recipes from the Detroit News, entered by Diane Pahl
  
  From Gemini's MASSIVE MealMaster collection at www.synapse.com/~gemini
 
</step></directions></recipe></recipeml>
