<?xml version="1.0" encoding="UTF-8"?>

<recipeml version="0.5">
  <recipe>
    <head>
      <title>Apple Brown Betty with Hard Sauce</title>
      <categories>
        <cat>None</cat></categories>
      <yield>4</yield></head>
    <ingredients>
      <ing-div>
        <title/>
        <ing>
          <amt>
            <qty>6</qty>
            <unit>slices</unit></amt>
          <item>Cinnamon raisin bread</item></ing>
        <ing>
          <amt>
            <qty>6</qty>
            <unit/></amt>
          <item>Apples; 1/2" dice (6 to 8)</item></ing>
        <ing>
          <amt>
            <qty>6</qty>
            <unit/></amt>
          <item>Eggs</item></ing>
        <ing>
          <amt>
            <qty>4</qty>
            <unit>cups</unit></amt>
          <item>Milk</item></ing>
        <ing>
          <amt>
            <qty>1/2</qty>
            <unit>cups</unit></amt>
          <item>Sugar</item></ing>
        <ing>
          <amt>
            <qty>1</qty>
            <unit>teaspoon</unit></amt>
          <item>Cinnamon</item></ing>
        <ing>
          <amt>
            <qty>1/4</qty>
            <unit>cups</unit></amt>
          <item>Molasses</item></ing>
        <ing>
          <amt>
            <qty>1</qty>
            <unit>tablespoon</unit></amt>
          <item>Vanilla extract</item></ing></ing-div>
      <ing-div>
        <title>HARD SAUCE</title>
        <ing>
          <amt>
            <qty>4</qty>
            <unit>ounces</unit></amt>
          <item>Butter; melted</item></ing>
        <ing>
          <amt>
            <qty>4</qty>
            <unit>ounces</unit></amt>
          <item>Powdered sugar</item></ing>
        <ing>
          <amt>
            <qty>4</qty>
            <unit>ounces</unit></amt>
          <item>Moonshine; (or Bourbon)</item></ing></ing-div></ingredients>
    <directions>
      <step>  Preheat oven to 350 degrees. Cube raisin bread, and mix with apples. Spread
  evenly in a 9 x 9-inch baking dish. In a bowl mix eggs with milk, sugar,
  cinnamon, molasses, and vanilla to combine well. Pour over the bread and
  apples. Bake for 18 to 22 minutes until set. Remove and let cool. Combine
  all hard sauce ingredients and mix well. Serve w. the Betty.
  
  Yield: 4 servings CHEF DU JOUR SHOW #DJ9182 @@@@
  
  Recipe by: Jack McDavid
  
  Posted to MC-Recipe Digest V1 #816 by Holly Butman
  &lt;butma001@acpub.duke.edu&gt; on Sep 28, 1997
 
</step></directions></recipe></recipeml>
