<?xml version="1.0" encoding="UTF-8"?>

<recipeml version="0.5">
  <recipe>
    <head>
      <title>Apple Butter in a Crock Pot</title>
      <categories>
        <cat>Sauces</cat>
        <cat>Crock pot</cat>
        <cat>Butters</cat></categories>
      <yield>4</yield></head>
    <ingredients>
      <ing>
        <amt>
          <qty>5</qty>
          <unit>cups</unit></amt>
        <item>Apples (cooked and mashed)</item></ing>
      <ing>
        <amt>
          <qty>5</qty>
          <unit>cups</unit></amt>
        <item>Sugar</item></ing>
      <ing>
        <amt>
          <qty>2</qty>
          <unit>tablespoons</unit></amt>
        <item>Vinegar</item></ing></ingredients>
    <directions>
      <step>  Boil applesauce on high heat, then add sugar and vinegar. I hold the
  cinnamon until last 1/2 hour because I think it evaporates some. Cook on
  high heat (about 4 hours) until the apple butter is as thick as you want it
  when you cool and serve.
  
  From Gemini's MASSIVE MealMaster collection at www.synapse.com/~gemini
 
</step></directions></recipe></recipeml>
