<?xml version="1.0" encoding="UTF-8"?>

<recipeml version="0.5">
  <recipe>
    <head>
      <title>All Vegetable Pasta Salad</title>
      <categories>
        <cat>Salad</cat></categories>
      <yield>6</yield></head>
    <ingredients>
      <ing>
        <amt>
          <qty>10</qty>
          <unit>ounces</unit></amt>
        <item>Pasta shells</item></ing>
      <ing>
        <amt>
          <qty>32</qty>
          <unit>ounces</unit></amt>
        <item>Mixed vegetables; frozen (broccoli; cauliflower, carrots; etc)</item></ing>
      <ing>
        <amt>
          <qty>1</qty>
          <unit>medium</unit></amt>
        <item>White onions; half-ring sliced</item></ing>
      <ing>
        <amt>
          <qty>1</qty>
          <unit>cup</unit></amt>
        <item>Italian salad dressing; low calorie</item></ing>
      <ing>
        <amt>
          <qty>15</qty>
          <unit>ounces</unit></amt>
        <item>Kidney beans; canned, rinsed and drained</item></ing>
      <ing>
        <amt>
          <qty>1</qty>
          <unit>teaspoon</unit></amt>
        <item>Garlic powder</item></ing>
      <ing>
        <amt>
          <qty>1</qty>
          <unit>teaspoon</unit></amt>
        <item>Cajun seasoning</item></ing>
      <ing>
        <amt>
          <qty>From:</qty>
          <unit/></amt>
        <item>Barbara Schmidt &lt;smgin2@SPRYNET.COM&gt;</item></ing>
      <ing>
        <amt>
          <qty>Date:</qty>
          <unit/></amt>
        <item>Wed, 17 Jul 1996 13:57:52 -0700</item></ing></ingredients>
    <directions>
      <step>  Recipe By: bjs
  
  Cook pasta shells according to directions. Drain and rinse in cold water.
  Pour boiling water over mixed vegetables. Drain and rinse in cold water.
  Combine kidney beans, dressing, spices and chopped onion together. Add
  vegetables; mix.  Add pasta mix well. Chill at least 1 hour before serving.
  Serves 6. Per serving 379.4 calories, 5.7 fat grams, 13.2% from fat.
  
  EAT-L Digest 16 July 96
  
  From the EAT-L recipe list.  Downloaded from Glen's MM Recipe Archive,
  http://www.erols.com/hosey.
 
</step></directions></recipe></recipeml>
