<?xml version="1.0" encoding="UTF-8"?>

<recipeml version="0.5">
  <recipe>
    <head>
      <title>All Star Veggie Burger</title>
      <categories>
        <cat>None</cat></categories>
      <yield>1</yield></head>
    <ingredients>
      <ing>
        <amt>
          <qty>8</qty>
          <unit>ounces</unit></amt>
        <item>Rolled oats</item></ing>
      <ing>
        <amt>
          <qty>4</qty>
          <unit>ounces</unit></amt>
        <item>Shredded mozzarella cheese</item></ing>
      <ing>
        <amt>
          <qty>3</qty>
          <unit>ounces</unit></amt>
        <item>Shiitake mushrooms diced</item></ing>
      <ing>
        <amt>
          <qty>3</qty>
          <unit>ounces</unit></amt>
        <item>Egg whites</item></ing>
      <ing>
        <amt>
          <qty>3</qty>
          <unit>ounces</unit></amt>
        <item>White onion diced</item></ing>
      <ing>
        <amt>
          <qty>2</qty>
          <unit/></amt>
        <item>Garlic cloves minced</item></ing>
      <ing>
        <amt>
          <qty>2</qty>
          <unit>ounces</unit></amt>
        <item>Red pepper diced</item></ing>
      <ing>
        <amt>
          <qty>2</qty>
          <unit>ounces</unit></amt>
        <item>Zucchini diced</item></ing></ingredients>
    <directions>
      <step>  RECIPE FOR HEALTH SHOW #RHG217 (Courtesy of Ex. Chef Michael Cutler,
  Official All Star Cafe)
  
  Combine all ingredients in a food processor. Pulse the on/off switch to
  roughly combine ingredients.
  
  Do not over mix. Final mixing can be done by hand. Form into four ounce
  patties.
  
  In a skillet add a small amount of olive oil. When pan is hot add pattie.
  Cook one minute per side.
  
  Dress with your favorite bread and toppings.
  
  Yield: 4 patties
  
  Calories: 389
  
  Calories from Fat: 10.9 percent
  
  Posted to Digest eat-lf.v097.n189 by "Tina D. Bell"
  &lt;tdbell@altair.csustan.edu&gt; on Jul 26, 1997
 
</step></directions></recipe></recipeml>
