<?xml version="1.0" encoding="UTF-8"?>

<recipeml version="0.5">
  <recipe>
    <head>
      <title>All Shook-Up Vanilla Ice Cream</title>
      <categories>
        <cat>Frozen</cat>
        <cat>Dishes</cat></categories>
      <yield>1</yield></head>
    <ingredients>
      <ing>
        <amt>
          <qty>1/2</qty>
          <unit>cups</unit></amt>
        <item>2% milk</item></ing>
      <ing>
        <amt>
          <qty>1</qty>
          <unit>tablespoon</unit></amt>
        <item>Sugar</item></ing>
      <ing>
        <amt>
          <qty>1/4</qty>
          <unit>teaspoons</unit></amt>
        <item>Vanilla</item></ing>
      <ing>
        <amt>
          <qty/>
          <unit/></amt>
        <item>Pint-size plastic bag</item></ing>
      <ing>
        <amt>
          <qty/>
          <unit/></amt>
        <item>Gallon-size plastic bag</item></ing>
      <ing>
        <amt>
          <qty>6</qty>
          <unit>tablespoons</unit></amt>
        <item>Salt</item></ing>
      <ing>
        <amt>
          <qty/>
          <unit/></amt>
        <item>Ice</item></ing></ingredients>
    <directions>
      <step>  In a pint-size bag, mix milk, sugar and vanilla. Then seal. Fill
  gallon-size bag half full of ice and salt. Put sealed small bag in with the
  ice. Seal large bag. Shake the bag about 5 minutes until it becomes ice
  cream. Wipe the small bag off. Open and dig in!
  
  Recipe By     : MILEAH
  
  From: Ladies Home Journal- August 1991
  
  File ftp://ftp.idiscover.co.uk/pub/food/mealmaster/recipes/mmdja006.zip
 
</step></directions></recipe></recipeml>
