<?xml version="1.0" encoding="UTF-8"?>

<recipeml version="0.5">
  <recipe>
    <head>
      <title>Almeria</title>
      <categories>
        <cat>Desserts</cat>
        <cat>Mc</cat></categories>
      <yield>1</yield></head>
    <ingredients>
      <ing>
        <amt>
          <qty>3/4</qty>
          <unit>ounces</unit></amt>
        <item>Run</item></ing>
      <ing>
        <amt>
          <qty>1</qty>
          <unit>ounce</unit></amt>
        <item>Brandy</item></ing>
      <ing>
        <amt>
          <qty>1</qty>
          <unit>ounce</unit></amt>
        <item>Coffee</item></ing>
      <ing>
        <amt>
          <qty>1</qty>
          <unit/></amt>
        <item>Egg white</item></ing></ingredients>
    <directions>
      <step>  Blend the ingredients with ice cubes. Strain into a glass.
  Recipe By     : Pete Bellas  bellas@ttidca.tti.com
  
  Posted to MC-Recipe Digest V1 #282
  
  Date: Wed, 6 Nov 1996 23:25:20 -0500
  
  From: kmeade@IDS2.IDSONLINE.COM (The Meades)
 
</step></directions></recipe></recipeml>
