<?xml version="1.0" encoding="UTF-8"?>

<recipeml version="0.5">
  <recipe>
    <head>
      <title>Almendradas Almond Cupcakes</title>
      <categories>
        <cat>None</cat></categories>
      <yield>4</yield></head>
    <ingredients>
      <ing>
        <amt>
          <qty>3</qty>
          <unit>cups</unit></amt>
        <item>Sliced almonds</item></ing>
      <ing>
        <amt>
          <qty>1 1/2</qty>
          <unit>cups</unit></amt>
        <item>Powdered sugar</item></ing>
      <ing>
        <amt>
          <qty>1</qty>
          <unit>teaspoon</unit></amt>
        <item>Orange zest</item></ing>
      <ing>
        <amt>
          <qty>1</qty>
          <unit>teaspoon</unit></amt>
        <item>Cinnamon</item></ing>
      <ing>
        <amt>
          <qty>5</qty>
          <unit/></amt>
        <item>Egg whites</item></ing></ingredients>
    <directions>
      <step>  Preheat oven to 400 degrees F.
  
  Toast almonds under broiler for 2 to 3 minutes, shaking constantly. Allow
  to cool. Place in food processor and chop until powder. Add cup sugar,
  orange zest and cinnamon to a mixing bowl and stir in almond powder. In a
  separate bowl, whip eggs whites to firm peaks. Fold into almond mixture.
  Grease a 12 slot muffin pan and fill each cup. Bake 12 to 15 minutes, until
  a toothpick exits cleanly. Allow to cool before serving.
  
  Yield: 12 cupcakes
  
  Recipe by: MEDITERRANEAN MARIO #ME1A40
  
  Posted to MC-Recipe Digest by Sue &lt;suechef@sover.net&gt; on Feb 26, 1998
 
</step></directions></recipe></recipeml>
