<?xml version="1.0" encoding="UTF-8"?>

<recipeml version="0.5">
  <recipe>
    <head>
      <title>Almirah Boscotakia (Salty Biscuits)</title>
      <categories>
        <cat>Appetizers</cat></categories>
      <yield>36</yield></head>
    <ingredients>
      <ing>
        <amt>
          <qty>3</qty>
          <unit>cups</unit></amt>
        <item>Flour</item></ing>
      <ing>
        <amt>
          <qty>3</qty>
          <unit>teaspoons</unit></amt>
        <item>Baking powder</item></ing>
      <ing>
        <amt>
          <qty>1</qty>
          <unit>teaspoon</unit></amt>
        <item>Coarse salt</item></ing>
      <ing>
        <amt>
          <qty>1/2</qty>
          <unit>cups</unit></amt>
        <item>Kefalotiri cheese, grated</item></ing>
      <ing>
        <amt>
          <qty>1/3</qty>
          <unit>cups</unit></amt>
        <item>Sweet butter or shortening</item></ing>
      <ing>
        <amt>
          <qty>1</qty>
          <unit>cup</unit></amt>
        <item>Milk</item></ing></ingredients>
    <directions>
      <step>     Sift dry ingreds. into bowl.  Add butter (or shortening) and work butter
  into flour with fingertips until mixture resembles coarse crumbs. Add
  cheese and milk, and work the whole together (dough will be soft). Lightly
  flour a marble-top table (or bread board) and your rolling pin.
  
     Roll out dough about 1/4 to 1/2" thick.
  
     Using small biscuit cutter (floured), cut dough into round shapes about
  1 1/2" in diameter.  Place on lightly greased (or buttered) baking sheet in
  preheated 375 F.  oven for abt. 15 min., or until golden brown.
  
     Makes about 36 appetizer size biscuits.
  
  From Gemini's MASSIVE MealMaster collection at www.synapse.com/~gemini
 
</step></directions></recipe></recipeml>
