<?xml version="1.0" encoding="UTF-8"?>

<recipeml version="0.5">
  <recipe>
    <head>
      <title>Almond-Coconut Twinkles</title>
      <categories>
        <cat>Cookies</cat>
        <cat>Desserts</cat></categories>
      <yield>1</yield></head>
    <ingredients>
      <ing>
        <amt>
          <qty>1 1/3</qty>
          <unit>cups</unit></amt>
        <item>Pillsbury's Best All-Purpose Flour*, sifted</item></ing>
      <ing>
        <amt>
          <qty>1</qty>
          <unit>teaspoon</unit></amt>
        <item>Double-acting baking powder</item></ing>
      <ing>
        <amt>
          <qty>1/4</qty>
          <unit>teaspoons</unit></amt>
        <item>Salt</item></ing>
      <ing>
        <amt>
          <qty>1/2</qty>
          <unit>cups</unit></amt>
        <item>Butter</item></ing>
      <ing>
        <amt>
          <qty>2/3</qty>
          <unit>cups</unit></amt>
        <item>Sugar</item></ing>
      <ing>
        <amt>
          <qty>2</qty>
          <unit/></amt>
        <item>Egg whites; unbeaten</item></ing>
      <ing>
        <amt>
          <qty>1/2</qty>
          <unit>teaspoons</unit></amt>
        <item>French's Vanilla</item></ing>
      <ing>
        <amt>
          <qty>1/4</qty>
          <unit>teaspoons</unit></amt>
        <item>French's Almond Extract</item></ing>
      <ing>
        <amt>
          <qty>1 1/2</qty>
          <unit>cups</unit></amt>
        <item>Coconut</item></ing></ingredients>
    <directions>
      <step>  BAKE at 375 degrees for 10 to 12 minutes. MAKES about 3 dozen cookies. Sift
  together the flour, baking powder, and salt. Cream butter and gradually add
  sugar, creaming well. Blend in egg whites, vanilla and almond extract; beat
  well. Add coconut and the dry ingredients. Mix well. Drop by rounded
  teaspoonfuls onto greased baking sheets. Bake at 375 degrees for 10 to 12
  minutes until delicate golden brown. *For use with Pillsbury's Best
  Self-Rising Flour, omit baking powder and salt.
  
  NOTES : "Senior Winner in Pillsbury's 4th Grand National Recipe and Baking
  Contest by Mrs. John E. Matthews, Charlotte, North Carolina.  Adapted by
  Ann Pillsbury."
  Recipe by: Best Loved Foods of Christmas, Pillsbury, undated booklet
  
  Posted to MC-Recipe Digest V1 #837 by NGavlak@aol.com on Oct 11, 1997
 
</step></directions></recipe></recipeml>
