<?xml version="1.0" encoding="UTF-8"?>

<recipeml version="0.5">
  <recipe>
    <head>
      <title>Almond Brickle Sugar Cookies</title>
      <categories>
        <cat>Cookie</cat></categories>
      <yield>1</yield></head>
    <ingredients>
      <ing>
        <amt>
          <qty>2 1/4</qty>
          <unit>cups</unit></amt>
        <item>All-purpose flour</item></ing>
      <ing>
        <amt>
          <qty>1</qty>
          <unit>cup</unit></amt>
        <item>Sugar</item></ing>
      <ing>
        <amt>
          <qty>1</qty>
          <unit>cup</unit></amt>
        <item>Butter</item></ing>
      <ing>
        <amt>
          <qty>1</qty>
          <unit/></amt>
        <item>Egg</item></ing>
      <ing>
        <amt>
          <qty>1</qty>
          <unit>teaspoon</unit></amt>
        <item>Baking soda</item></ing>
      <ing>
        <amt>
          <qty>1</qty>
          <unit>teaspoon</unit></amt>
        <item>Vanilla</item></ing>
      <ing>
        <amt>
          <qty>6</qty>
          <unit>ounces</unit></amt>
        <item>Almond brickle bits*</item></ing></ingredients>
    <directions>
      <step>  Preheat oven to 350F.  Grease cookie sheets.  In large mixer bowl, combine
  flour, sugar, butter, egg, baking soda and vanilla.  Beat at medium speed,
  scraping bowl often, until well mixed, 2 to 3 minutes.  Stir in almond
  brickle bits.
  
  Shape rounded teaspoonsful of dough into 1 inch balls.  Place 2 inches
  apart on prepared cookie sheets. Flatten cookies to 1/4 inch thickness with
  bottom of buttered glass dipped in sugar.
  
  Bake 8 to 11 minutes or until edges are very lightly browned.  Remove
  immediately.
  
  *NOTE   1 cup mini semisweet chocolate chips may be substituted for almond
  brickle bits
  
  Date: Mon, 24 Jun 1996 10:53:48 -0700
  
  From: Sami Hunter &lt;samih@ix.netcom.com&gt;
  
  MC-Recipe Digest V1 #127
  
  From the MasterCook recipe list.  Downloaded from Glen's MM Recipe Archive,
  http://www.erols.com/hosey.
 
</step></directions></recipe></recipeml>
