<?xml version="1.0" encoding="UTF-8"?>

<recipeml version="0.5">
  <recipe>
    <head>
      <title>Almond-Blue Cheese Balls</title>
      <categories>
        <cat>Cheese</cat></categories>
      <yield>24</yield></head>
    <ingredients>
      <ing>
        <amt>
          <qty>1/2</qty>
          <unit>pounds</unit></amt>
        <item>Cream Cheese</item></ing>
      <ing>
        <amt>
          <qty>1/2</qty>
          <unit>pounds</unit></amt>
        <item>Blue Cheese</item></ing>
      <ing>
        <amt>
          <qty/>
          <unit/></amt>
        <item>A Little Fresh Cream; as necessary</item></ing>
      <ing>
        <amt>
          <qty>1</qty>
          <unit>tablespoon</unit></amt>
        <item>Onion; grated</item></ing>
      <ing>
        <amt>
          <qty>1 1/2</qty>
          <unit>tablespoons</unit></amt>
        <item>Fresh Parsley; chopped</item></ing>
      <ing>
        <amt>
          <qty>1 1/2</qty>
          <unit>tablespoons</unit></amt>
        <item>Chives; chopped</item></ing>
      <ing>
        <amt>
          <qty>1 1/2</qty>
          <unit>tablespoons</unit></amt>
        <item>Chutney; drained-chopped</item></ing>
      <ing>
        <amt>
          <qty/>
          <unit/></amt>
        <item>Salt And Pepper; to taste</item></ing>
      <ing>
        <amt>
          <qty/>
          <unit/></amt>
        <item>Almonds; chopped</item></ing></ingredients>
    <directions>
      <step>  Blend and form in little individual balls adding drops of fresh cream to
  adjust consistency of mixture. Roll in chopped almond and chill. Source:
  Mountain Measures--Junior League of Charleston, WV ed. 1974
  
  Recipe by: Mrs. C. K. Payne, III
  
  Posted to EAT-L Digest  by kATHERINE L Smith &lt;ksmith3002@JUNO.COM&gt; on Nov
  26, 1997
 
</step></directions></recipe></recipeml>
