<?xml version="1.0" encoding="UTF-8"?>

<recipeml version="0.5">
  <recipe>
    <head>
      <title>Almond Butter Christmas Cake</title>
      <categories>
        <cat>Cakes</cat></categories>
      <yield>1</yield></head>
    <ingredients>
      <ing>
        <amt>
          <qty>3</qty>
          <unit>cups</unit></amt>
        <item>Cake Flour; sifted</item></ing>
      <ing>
        <amt>
          <qty>3</qty>
          <unit>teaspoons</unit></amt>
        <item>Baking Powder</item></ing>
      <ing>
        <amt>
          <qty>1/2</qty>
          <unit>teaspoons</unit></amt>
        <item>Salt</item></ing>
      <ing>
        <amt>
          <qty>3/4</qty>
          <unit>cups</unit></amt>
        <item>Butter or shortening</item></ing>
      <ing>
        <amt>
          <qty>1 1/2</qty>
          <unit>cups</unit></amt>
        <item>Sugar</item></ing>
      <ing>
        <amt>
          <qty>3</qty>
          <unit/></amt>
        <item>Eggs; unbeaten</item></ing>
      <ing>
        <amt>
          <qty>1/2</qty>
          <unit>cups</unit></amt>
        <item>Almonds; finely chopped</item></ing>
      <ing>
        <amt>
          <qty>1/2</qty>
          <unit>cups</unit></amt>
        <item>Raisins; finely cut</item></ing>
      <ing>
        <amt>
          <qty>1</qty>
          <unit>cup</unit></amt>
        <item>Milk</item></ing>
      <ing>
        <amt>
          <qty>1</qty>
          <unit>teaspoon</unit></amt>
        <item>Vanilla</item></ing></ingredients>
    <directions>
      <step>  Sift flour once, measure, add baking powder and salt, and sift together
  three times. Cream butter thoroughly. add sugar gradually, and cream
  together until light and fluffy. Add eggs, one at a time, beating
  thoroughly after each. Add nuts and raisins and beat well. Add flour,
  alternately with milk, a small amount at a time, beating after each
  addition until smooth. Add vanilla. Bake in two greased 9-inch layer pans
  in moderate oven (375 degrees F.) 25 minutes, or until done. Spread Boiled
  Frosting (see recipe) between layers and on top and sides of cake. Decorate
  top of cake with wreath of holly, using pieces of maraschino cherries or
  red cinnamon candies for berries, and slices of angelica or citron for
  leaves and stems. Or decorate with poinsettias made of candied cherries.
  Slice cherries in rings, cut rings in half, and arrange to form petals of
  poinsettias. If desired, Lemon Butter Frosting (see recipe ) may be used.
  
  Kate Smith Collection 1940 Published by General Foods Corp (Courtesy of
  Barb Day)
  
  Posted to MM-Recipes Digest V3 #273
  
  Date: Sun, 6 Oct 1996 01:12:09 -0400
  
  From: BobbieB1@aol.com
 
</step></directions></recipe></recipeml>
