<?xml version="1.0" encoding="UTF-8"?>

<recipeml version="0.5">
  <recipe>
    <head>
      <title>Almond-Sausage Stuffing</title>
      <categories>
        <cat>Poultry</cat>
        <cat>Main dish</cat></categories>
      <yield>12</yield></head>
    <ingredients>
      <ing>
        <amt>
          <qty>1</qty>
          <unit>pound</unit></amt>
        <item>Pork sausage</item></ing>
      <ing>
        <amt>
          <qty>8</qty>
          <unit>cups</unit></amt>
        <item>Dry bread cubes</item></ing>
      <ing>
        <amt>
          <qty>2</qty>
          <unit>cups</unit></amt>
        <item>Thinly sliced celery</item></ing>
      <ing>
        <amt>
          <qty>1</qty>
          <unit>cup</unit></amt>
        <item>Chopped onions</item></ing>
      <ing>
        <amt>
          <qty>8</qty>
          <unit>ounces</unit></amt>
        <item>Canned sliced mushrooms</item></ing>
      <ing>
        <amt>
          <qty>1</qty>
          <unit>cup</unit></amt>
        <item>Slivered almonds, roasted</item></ing>
      <ing>
        <amt>
          <qty>1</qty>
          <unit>teaspoon</unit></amt>
        <item>Poultry seasoning</item></ing>
      <ing>
        <amt>
          <qty>1/2</qty>
          <unit>cups</unit></amt>
        <item>Liquid from canned mushrooms</item></ing>
      <ing>
        <amt>
          <qty>1</qty>
          <unit/></amt>
        <item>Egg; slightly beaten</item></ing></ingredients>
    <directions>
      <step>  To roast the almonds, place in oiled pan on stove &amp; stir frequently until
  golden. Brown sausage in fry pan, breaking it apart as it cooks. Add the
  sausage, drained, but reserve the drippings in the skillet, to the bread
  cubes. Add the celery, onions, &amp; mushrooms to the drippings in the skillet
  &amp; cook until tender-crisp. Stir into sausage mixture, along with the
  almonds &amp; poultry seasoning. Heat mushroom liquid ~ pour over dressing. Add
  egg, &amp; toss until mixed thoroughly. This makes enough for a 20 lb. bird.
  
  From Gemini's MASSIVE MealMaster collection at www.synapse.com/~gemini
 
</step></directions></recipe></recipeml>
