<?xml version="1.0" encoding="UTF-8"?>

<recipeml version="0.5">
  <recipe>
    <head>
      <title>Almond Biscotti</title>
      <categories>
        <cat>None</cat></categories>
      <yield>1</yield></head>
    <ingredients>
      <ing>
        <amt>
          <qty>1 1/3</qty>
          <unit>cups</unit></amt>
        <item>Whole almonds;</item></ing>
      <ing>
        <amt>
          <qty>2 3/4</qty>
          <unit>cups</unit></amt>
        <item>Unbleached flour</item></ing>
      <ing>
        <amt>
          <qty>1 2/3</qty>
          <unit>cups</unit></amt>
        <item>Sugar</item></ing>
      <ing>
        <amt>
          <qty>1/4</qty>
          <unit>cups</unit></amt>
        <item>Veg oil</item></ing>
      <ing>
        <amt>
          <qty>1/2</qty>
          <unit>teaspoons</unit></amt>
        <item>Salt</item></ing>
      <ing>
        <amt>
          <qty>1</qty>
          <unit>teaspoon</unit></amt>
        <item>Baking powder</item></ing>
      <ing>
        <amt>
          <qty>1</qty>
          <unit>teaspoon</unit></amt>
        <item>Anise flavoring or vanilla</item></ing>
      <ing>
        <amt>
          <qty/>
          <unit/></amt>
        <item>Grated zest of 1 orange;</item></ing>
      <ing>
        <amt>
          <qty>5</qty>
          <unit>large</unit></amt>
        <item>Eggs</item></ing></ingredients>
    <directions>
      <step>  Heat the oven to 350 and toast the almonds on a baking sheet for 10-15 min,
  until they emit an aroma, but haven't turned brown.
  
  Put the flour, sugar, salt, powder, and grated zest in a bowl and combine
  on med speed.
  
  In a separate bowl, lightly beat w/ a whisk, eggs, oil and anise flavoring.
  
  With the mixer running, pour the egg mixture into the flour mixture. When
  almost mixed, reduce speed to low and add almonds and mix till dough just
  comes together. Do not overmix.
  
  Dump the dough onto a lightly floured surface ( or use confex sugar) and
  knead by hand any remaining dry ingredients from the bottom of the bowl.
  
  Divide the dough into 3 parts. Roll into a 10 inch logs (about 2 inches
  around). Place the logs 4 inches apart on ungreased baking sheets. Bake at
  350 for 35-45 min, until light brown. Let logs cool 15 min on baking sheet,
  then slice diagonally into biscotti.
  
  Posted to KitMailbox Digest  by GEPlatts &lt;GEPlatts@aol.com&gt; on Jan 20, 1998
 
</step></directions></recipe></recipeml>
