<?xml version="1.0" encoding="UTF-8"?>

<recipeml version="0.5">
  <recipe>
    <head>
      <title>Almond-Stuffed Pears</title>
      <categories>
        <cat>Fruit</cat>
        <cat>Taste of ho</cat></categories>
      <yield>6</yield></head>
    <ingredients>
      <ing>
        <amt>
          <qty>6</qty>
          <unit>medium</unit></amt>
        <item>Pears; peeled, halved and cored</item></ing>
      <ing>
        <amt>
          <qty>1 1/2</qty>
          <unit>cups</unit></amt>
        <item>Water</item></ing>
      <ing>
        <amt>
          <qty>1/3</qty>
          <unit>cups</unit></amt>
        <item>White grape juice</item></ing>
      <ing>
        <amt>
          <qty>1/2</qty>
          <unit>cups</unit></amt>
        <item>Finely chopped toasted almonds</item></ing>
      <ing>
        <amt>
          <qty>2</qty>
          <unit>tablespoons</unit></amt>
        <item>Brown sugar</item></ing>
      <ing>
        <amt>
          <qty>1/8</qty>
          <unit>teaspoons</unit></amt>
        <item>Almond extract</item></ing></ingredients>
    <directions>
      <step>  Place pears, cut side down, in an ungreased 13-in.x 9-in. x 2-in. baking
  dish. Combine water and grape juice; pour over pears. Cover and bake at 350
  degrees for 35 to 45 minutes or until tender. Turn the pears over. Combine
  almonds, sugar and extract; mix well. Spoon into pear cavities. Bake,
  uncovered, for 5 minutes. Serve warm. Yield: 6 servings.
  
  NOTES : "Pears make a comforting side dish in this special recipe shared by
  Margaret Allen of Abingdon, Virginia.  'We enjoy this hot fruit with a ham
  dinner,' she says."
  Recipe by: Taste of Home, August/September, 1997
  
  Posted to MC-Recipe Digest V1 #837 by NGavlak@aol.com on Oct 11, 1997
 
</step></directions></recipe></recipeml>
