<?xml version="1.0" encoding="UTF-8"?>

<recipeml version="0.5">
  <recipe>
    <head>
      <title>Almond Apple Wheat Bread Stuffing</title>
      <categories>
        <cat>Holiday</cat>
        <cat>Poultry</cat></categories>
      <yield>10</yield></head>
    <ingredients>
      <ing>
        <amt>
          <qty>2</qty>
          <unit>cups</unit></amt>
        <item>Granny smith apples chopped</item></ing>
      <ing>
        <amt>
          <qty>1 1/2</qty>
          <unit>cups</unit></amt>
        <item>Sliced almonds Blue Diamond Natural</item></ing>
      <ing>
        <amt>
          <qty>3/4</qty>
          <unit>cups</unit></amt>
        <item>Onions, chopped</item></ing>
      <ing>
        <amt>
          <qty>3/4</qty>
          <unit>cups</unit></amt>
        <item>Celery, chopped</item></ing>
      <ing>
        <amt>
          <qty>4</qty>
          <unit>tablespoons</unit></amt>
        <item>Butter or margarine</item></ing>
      <ing>
        <amt>
          <qty>1</qty>
          <unit>teaspoon</unit></amt>
        <item>Cinnamon</item></ing>
      <ing>
        <amt>
          <qty>1/2</qty>
          <unit>teaspoons</unit></amt>
        <item>Poultry seasoning</item></ing>
      <ing>
        <amt>
          <qty>1/4</qty>
          <unit>teaspoons</unit></amt>
        <item>Salt</item></ing>
      <ing>
        <amt>
          <qty>6</qty>
          <unit>cups</unit></amt>
        <item>Whole wheat bread cubes</item></ing>
      <ing>
        <amt>
          <qty>1</qty>
          <unit>cup</unit></amt>
        <item>Raisins</item></ing>
      <ing>
        <amt>
          <qty>1</qty>
          <unit/></amt>
        <item>Egg; lightly beaten</item></ing>
      <ing>
        <amt>
          <qty>1/3</qty>
          <unit>cups</unit></amt>
        <item>Apple cider or juice =UP TO=- cider or juice</item></ing></ingredients>
    <directions>
      <step>  Saute apples, almonds, onion, and celery in butter for 5 minutes, stirring
  frequently.  Remove from heat. Stir in cinnamon, poultry seasoning and
  salt.  Toss together bread cubes and raisins; add apple mixture. Stir egg
  in 1/3 (or 1/2) c apple cider; toss into bread mixture. Add remaining apple
  cider if a moister stuffing is desired. Use to stuff a 15 to 20 lb turkey,
  or two large roasting chickens. Spoon any remaining stuffing into a lightly
  greased 9x5 loaf pan. Bake, covered, during the last 30-40 minutes of
  roasting.
  Posted to MM-Recipes Digest V4 #288 by "John Weber" &lt;hdbrer@ibm.net&gt; on Nov
  03, 97
 
</step></directions></recipe></recipeml>
