<?xml version="1.0" encoding="UTF-8"?>

<recipeml version="0.5">
  <recipe>
    <head>
      <title>Almond Biscotti</title>
      <categories>
        <cat>Cookie</cat></categories>
      <yield>30</yield></head>
    <ingredients>
      <ing>
        <amt>
          <qty>1/3</qty>
          <unit>cups</unit></amt>
        <item>Unsalted butter</item></ing>
      <ing>
        <amt>
          <qty>2</qty>
          <unit>cups</unit></amt>
        <item>All purpose flour</item></ing>
      <ing>
        <amt>
          <qty>2/3</qty>
          <unit>cups</unit></amt>
        <item>Sugar</item></ing>
      <ing>
        <amt>
          <qty>2</qty>
          <unit/></amt>
        <item>Eggs</item></ing>
      <ing>
        <amt>
          <qty>2</qty>
          <unit>teaspoons</unit></amt>
        <item>Baking powder</item></ing>
      <ing>
        <amt>
          <qty>1</qty>
          <unit>teaspoon</unit></amt>
        <item>Vanilla</item></ing>
      <ing>
        <amt>
          <qty>1 1/2</qty>
          <unit>cups</unit></amt>
        <item>Slivered almonds or hazelnuts; finely chopped</item></ing>
      <ing>
        <amt>
          <qty>1</qty>
          <unit/></amt>
        <item>Egg yolk (optional)</item></ing>
      <ing>
        <amt>
          <qty>1</qty>
          <unit>tablespoon</unit></amt>
        <item>Milk or water</item></ing>
      <ing>
        <amt>
          <qty>1</qty>
          <unit>cup</unit></amt>
        <item>Milk chocolate or semisweet chocolate pieces</item></ing>
      <ing>
        <amt>
          <qty>2</qty>
          <unit>tablespoons</unit></amt>
        <item>Shortening</item></ing></ingredients>
    <directions>
      <step>  From: sgetgood@bilbo.iii.net (Susan Getgood)
  
  Date: Mon, 11 Sep 1995 16:24:10 GMT
  
  December 1991 Better Homes &amp; Gardens
  
  In a mixing bowl, beat butter on medium speed 30 seconds or till softened.
  Add 1 cup of the flour, sugar, eggs, baking powder and vanilla. Beat till
  combined. Stir in remaining flour and nuts. Divide dough in half. (Can be
  done in processor).
  
  Shape each portion into a 9-inch log (should be about 2 inches wide.) Place
  about 4 inches apart on lightly greased cookie sheet. For a shinier
  appearance, stir together egg yolk and milk/water; brush onto logs. Bake in
  375F oven for 25 minutes. Cool on the cookie sheet for 1 hour.
  
  Cut each log diagonally into 1/2-inch slices. Lay slices, cut side down, on
  an ungreased cookie sheet. Bake in 325F oven for 8 minutes. Turn slices
  over; bake 8-10 minutes more or until dry and crisp. Cool on wire rack.
  
  In a double boiler, heat chocolate pieces with shortening over low heat
  till melted, stirring occasionally. Dip one end of cooled cookie in
  chocolate; dry cookies on rack until chocolate sets up.
  
  REC.FOOD.RECIPES ARCHIVES
  
  /COOKIES
  
  From rec.food.cooking archives.  Downloaded from Glen's MM Recipe Archive,
  http://www.erols.com/hosey.
 
</step></directions></recipe></recipeml>
