<?xml version="1.0" encoding="UTF-8"?>

<recipeml version="0.5">
  <recipe>
    <head>
      <title>Almond Biscotti 3</title>
      <categories>
        <cat>Ketchum</cat>
        <cat>Kitchen</cat></categories>
      <yield>42</yield></head>
    <ingredients>
      <ing>
        <amt>
          <qty>3</qty>
          <unit>large</unit></amt>
        <item>Eggs</item></ing>
      <ing>
        <amt>
          <qty/>
          <unit/></amt>
        <item>Grated peel of 2 oranges</item></ing>
      <ing>
        <amt>
          <qty>1</qty>
          <unit>teaspoon</unit></amt>
        <item>Vanilla</item></ing>
      <ing>
        <amt>
          <qty>1/2</qty>
          <unit>teaspoons</unit></amt>
        <item>Almond extract</item></ing>
      <ing>
        <amt>
          <qty>2</qty>
          <unit>cups</unit></amt>
        <item>All-purpose flour</item></ing>
      <ing>
        <amt>
          <qty>1</qty>
          <unit>cup</unit></amt>
        <item>Sugar</item></ing>
      <ing>
        <amt>
          <qty>1</qty>
          <unit>teaspoon</unit></amt>
        <item>Baking soda</item></ing>
      <ing>
        <amt>
          <qty>1/4</qty>
          <unit>teaspoons</unit></amt>
        <item>Salt</item></ing>
      <ing>
        <amt>
          <qty>3/4</qty>
          <unit>cups</unit></amt>
        <item>Toasted whole natural almonds*</item></ing></ingredients>
    <directions>
      <step>  Heat oven to 300 0 F Coat a large baking sheet with vegetable cooking spray
  or cover with baking parchment. In bowl whisk eggs, orange peel, vanilla
  and almond extract. In large mixer bowl combine flour, sugar, baking soda
  and salt. Add egg mixture; mix
  
  just until blended. Mix in almonds. Divide dough in half. Form each half
  into a log about 12 inches long, 1 1/2 inches wide and 1/2 inch thick. Bake
  in center of oven about 50 minutes until golden. Remove to rack to cool 5
  minutes. Reduce oven heat to
  
  275 degrees. Place logs on cutting board and with a serrated knife slice on
  the diagonal 1/2 inch thick. Lay slices flat on baking sheets, spacing
  slightly apart. Return to oven until dry and lightly toasted, 20 to 25
  minutes, turning once. Place on rac
  
  ks to cool completely. Store in airtight container.
  
  Makes about 3 1/2 dozen
  
  * To toast almonds, spread in an ungreased baking pan. Place in 350-degree
  oven and bake 5 to 10 minutes or until almonds are light brown; stir once
  or twice to assure even browning. Note that almonds will continue to brown
  slightly after removing from
  
  oven.
  Recipe By     : Ketchum Kitchen
  
  Posted to MC-Recipe Digest V1 #303
  
  Date: Fri, 15 Nov 1996 06:00:48 -0800 (PST)
  
  From: Greg Leonhardt &lt;gregl@plinet.com&gt;
  
  NOTES : Make these Tuscan treats ahead and store in an airtight container
 
</step></directions></recipe></recipeml>
