<?xml version="1.0" encoding="UTF-8"?>

<recipeml version="0.5">
  <recipe>
    <head>
      <title>Almond-Poppy Cake</title>
      <categories>
        <cat>None</cat></categories>
      <yield>1</yield></head>
    <ingredients>
      <ing>
        <amt>
          <qty>3</qty>
          <unit>cups</unit></amt>
        <item>Flour</item></ing>
      <ing>
        <amt>
          <qty>2</qty>
          <unit>cups</unit></amt>
        <item>White sugar</item></ing>
      <ing>
        <amt>
          <qty>1/2</qty>
          <unit>teaspoons</unit></amt>
        <item>Salt</item></ing>
      <ing>
        <amt>
          <qty>1</qty>
          <unit>teaspoon</unit></amt>
        <item>Baking powder</item></ing>
      <ing>
        <amt>
          <qty>1 1/2</qty>
          <unit>cups</unit></amt>
        <item>Salted butter;  softened</item></ing>
      <ing>
        <amt>
          <qty>1/2</qty>
          <unit>cups</unit></amt>
        <item>Sour cream</item></ing>
      <ing>
        <amt>
          <qty>2</qty>
          <unit>large</unit></amt>
        <item>Eggs</item></ing>
      <ing>
        <amt>
          <qty>1/3</qty>
          <unit>cups</unit></amt>
        <item>Amaretto or almond liqueur</item></ing>
      <ing>
        <amt>
          <qty>1/3</qty>
          <unit>cups</unit></amt>
        <item>Poppy seeds</item></ing>
      <ing>
        <amt>
          <qty/>
          <unit/></amt>
        <item>Topping:</item></ing>
      <ing>
        <amt>
          <qty>1/4</qty>
          <unit>cups</unit></amt>
        <item>Confectioners' sugar</item></ing></ingredients>
    <directions>
      <step>  Preheat oven to 350. Grease and flour 2 loaf pans. In a large bowl, with an
  electric mixer, blend flour, sugar, salt and baking powder on low until all
  ingredients are well mixed. Add butter, sour cream, and 3 eggs. Mix on
  medium until dry ingredients are moistened and beat on high 2 minutes then
  scrape bowl. Add remaining 3 eggs, one at a time, alternating with
  amaretto. Beat well after each addition. Blend in poppy seeds on low speed.
  Pour batter into prepared pan and bake 50-60 minutes or until toothpick
  inserted in center comes out clean. Cool in pan 10 minutes and invert cake
  onto a rack to cool. When cake has cooled completely, lightly dust top with
  confectioners' sugar.
  
  Recipe By     : DESSERT SHOW#DS3040
  
  Posted to EAT-L Digest 27 Sep 96
  
  Date:    Fri, 27 Sep 1996 19:39:23 -0500
  
  From:    Jackie Bordelon &lt;jbord@PREMIER.NET&gt;
 
</step></directions></recipe></recipeml>
