<?xml version="1.0" encoding="UTF-8"?>

<recipeml version="0.5">
  <recipe>
    <head>
      <title>Almond-Filled Cheesecake</title>
      <categories>
        <cat>Desserts</cat></categories>
      <yield>12</yield></head>
    <ingredients>
      <ing>
        <amt>
          <qty>6</qty>
          <unit>tablespoons</unit></amt>
        <item>Butter; well-chilled, cut into 1/2" pieces</item></ing>
      <ing>
        <amt>
          <qty>1</qty>
          <unit>package</unit></amt>
        <item>Chocolate wafer cookies; 8.5 ounces</item></ing>
      <ing>
        <amt>
          <qty>1</qty>
          <unit>can</unit></amt>
        <item>Almond filling; 12 ounces</item></ing>
      <ing>
        <amt>
          <qty>3</qty>
          <unit>packages</unit></amt>
        <item>Cream cheese; 8 ounces</item></ing>
      <ing>
        <amt>
          <qty>3/4</qty>
          <unit>cups</unit></amt>
        <item>Granulated sugar</item></ing>
      <ing>
        <amt>
          <qty>3</qty>
          <unit/></amt>
        <item>Eggs</item></ing>
      <ing>
        <amt>
          <qty>2</qty>
          <unit>pints</unit></amt>
        <item>Fresh strawberries; sliced &amp; sweetened</item></ing></ingredients>
    <directions>
      <step>  Generously butter a 9" springform pan. Finely crush chocolate cookies in
  food processor, using on/off turns. Cut in butter until mixture begins to
  gather together. Press crumbs into bottom of pan and up sides to 3/4 inch
  from top; make sure there are no cracks. Refrigerate crust for at least 30
  minutes.
  
  Meanwhile, preheat oven to 325 degrees. Bake crust 10 minutes, cool.
  
  Spread the crust with the almond filling. In a large bowl, cream together
  the cream cheese and sugar until light. Add eggs, one at a time, beating
  well after each addition with electric mixer. Pour mixture carefully over
  almond layer, then bake about 65 minutes. Let cake cool for 1 hour, then
  refrigerate at least 5 hours.
  
  Serving Ideas : Cut into slices, top each serving with strawberries.
  
  Recipe by: Oregonian's Food Day Posted to MC-Recipe Digest V1 #745 by
  LBotsko@aol.com on Aug 16, 1997
 
</step></directions></recipe></recipeml>
