<?xml version="1.0" encoding="UTF-8"?>

<recipeml version="0.5">
  <recipe>
    <head>
      <title>Almond Brandy Truffles</title>
      <categories>
        <cat>Candies</cat>
        <cat>Chocolate</cat>
        <cat>Nuts</cat>
        <cat>Spirits</cat>
        <cat>Bobbie - no</cat></categories>
      <yield>36</yield></head>
    <ingredients>
      <ing>
        <amt>
          <qty>2/3</qty>
          <unit>cups</unit></amt>
        <item>Whipping cream</item></ing>
      <ing>
        <amt>
          <qty>6</qty>
          <unit>ounces</unit></amt>
        <item>Unsweetened baking chocolate liquid, finely chopd</item></ing>
      <ing>
        <amt>
          <qty>1/2</qty>
          <unit>cups</unit></amt>
        <item>Sifted confectioner's sugar</item></ing>
      <ing>
        <amt>
          <qty>1/4</qty>
          <unit>cups</unit></amt>
        <item>Almond paste</item></ing>
      <ing>
        <amt>
          <qty>3</qty>
          <unit>tablespoons</unit></amt>
        <item>Brandy</item></ing>
      <ing>
        <amt>
          <qty>1</qty>
          <unit>cup</unit></amt>
        <item>Finely ground almonds; toasted</item></ing></ingredients>
    <directions>
      <step>  In a small saucepan, bring cream ot a boil over Medium-Low heat. Remove
  from heat. Add chocolate and stir until melted. Combine chocolate mixture,
  confectioner's sugar, almond paste and brandy in a medium bowl. Spread
  mixture in an 8" suqare glass baking dish. Cover and refrigerte 1 hour or
  until firm enough to shape. Using a melon baller or small spoon, shape into
  1" balls. Roll in ground almonds. store in an airtight container in
  refrigerator. MC formatting by bobbi744@sojourn.com
  
  Recipe by: Quick Gifts of Good Taste, Leisure Arts Book
  
  Posted to MC-Recipe Digest V1 #881 by Roberta Banghart
  &lt;bobbi744@sojourn.com&gt; on Nov 02, 1997
 
</step></directions></recipe></recipeml>
