<?xml version="1.0" encoding="UTF-8"?>

<recipeml version="0.5">
  <recipe>
    <head>
      <title>Almond-Streusel Peach Pie</title>
      <categories>
        <cat>Pies</cat>
        <cat>Fruits</cat></categories>
      <yield>8</yield></head>
    <ingredients>
      <ing>
        <amt>
          <qty/>
          <unit/></amt>
        <item>Ferry cmsj69b</item></ing>
      <ing>
        <amt>
          <qty>2</qty>
          <unit>cups</unit></amt>
        <item>Flour</item></ing>
      <ing>
        <amt>
          <qty>3/4</qty>
          <unit>teaspoons</unit></amt>
        <item>Salt</item></ing>
      <ing>
        <amt>
          <qty>10</qty>
          <unit>tablespoons</unit></amt>
        <item>Butter; chilled</item></ing>
      <ing>
        <amt>
          <qty>2</qty>
          <unit>tablespoons</unit></amt>
        <item>Shortening; chilled</item></ing>
      <ing>
        <amt>
          <qty>1</qty>
          <unit>cup</unit></amt>
        <item>Brown sugar</item></ing>
      <ing>
        <amt>
          <qty>3/4</qty>
          <unit>teaspoons</unit></amt>
        <item>Nutmeg</item></ing>
      <ing>
        <amt>
          <qty>1/2</qty>
          <unit>cups</unit></amt>
        <item>Almonds; sliced</item></ing>
      <ing>
        <amt>
          <qty>1</qty>
          <unit/></amt>
        <item>Lemon</item></ing>
      <ing>
        <amt>
          <qty>9</qty>
          <unit/></amt>
        <item>Peaches; about 3 pounds</item></ing>
      <ing>
        <amt>
          <qty>3</qty>
          <unit>tablespoons</unit></amt>
        <item>Cornstarch</item></ing>
      <ing>
        <amt>
          <qty>1/4</qty>
          <unit>teaspoons</unit></amt>
        <item>Almond extract</item></ing>
      <ing>
        <amt>
          <qty>2</qty>
          <unit>tablespoons</unit></amt>
        <item>Dry bread crumbs</item></ing></ingredients>
    <directions>
      <step>  Combine 1 cup flour and 1/2 ts. salt. Cut in 4 tb. of butter and the
  shortening until mixture resembles coarse meal with a few pea-sized pieces
  remaining. Sprinkle in 3 to 4 tb ice water, a tablespoon at a time, until
  dough just comes together. Gather into a disk. Wrap and chill at least 30
  minutes. Combine remaining cup of flour, 1/3 cup brown sugar, 1/4 ts. salt,
  and 1/4 ts. nutmeg. Cut in remaining 6 tb. of butter until crumbly. Stir in
  almonds. Chill. On a lightly floured work surface, roll out chilled pie
  pastry to fit a 9" pie pan. Fit pastry into pan. Trim and flute edges.
  Chill. Heat oven to 475. Grate 1 ts. of lemon zest from the lemon and
  squeeze 1 tb. of juice. Peel peaches and slice. Combine with remaining 2/3
  cup brown sugar, remaining 1/2 ts nutmeg, lemon zest and juice, cornstarch
  and almond extract. Sprinkle bread crumbs over bottom of pie shell and fill
  with peach mixture. Sprinkle almond crumb mixture on top. Bake 15 minutes.
  Reduce temperature to 350. Continue baking until top is browned and fruit
  juices are bubbling, 50 to 55 minutes. Cool completely before cutting.
  
  Posted to EAT-L Digest 02 Oct 96
  
  Date:    Thu, 3 Oct 1996 08:59:17 -0400
  
  From:    Eileen &amp; Bob Holze &lt;beck4@ASAN.COM&gt;
 
</step></directions></recipe></recipeml>
