<?xml version="1.0" encoding="UTF-8"?>

<recipeml version="0.5">
  <recipe>
    <head>
      <title>Almond Beef with Broccoli</title>
      <categories>
        <cat>Meat</cat></categories>
      <yield>2</yield></head>
    <ingredients>
      <ing>
        <amt>
          <qty>1/3</qty>
          <unit>pounds</unit></amt>
        <item>Beef sirloin; cut into thin strips</item></ing>
      <ing>
        <amt>
          <qty>1</qty>
          <unit>tablespoon</unit></amt>
        <item>Soy sauce</item></ing>
      <ing>
        <amt>
          <qty>3</qty>
          <unit>tablespoons</unit></amt>
        <item>White wine</item></ing>
      <ing>
        <amt>
          <qty>1/2</qty>
          <unit>teaspoons</unit></amt>
        <item>Cornstarch</item></ing>
      <ing>
        <amt>
          <qty>1/2</qty>
          <unit>teaspoons</unit></amt>
        <item>Sugar</item></ing>
      <ing>
        <amt>
          <qty>1/4</qty>
          <unit>teaspoons</unit></amt>
        <item>Garlic powder</item></ing>
      <ing>
        <amt>
          <qty>1/8</qty>
          <unit>teaspoons</unit></amt>
        <item>Ground ginger</item></ing>
      <ing>
        <amt>
          <qty>3/4</qty>
          <unit>pounds</unit></amt>
        <item>Fresh broccoli; cut in 2 inch lengths</item></ing>
      <ing>
        <amt>
          <qty/>
          <unit/></amt>
        <item>Boiling water</item></ing>
      <ing>
        <amt>
          <qty>4</qty>
          <unit>tablespoons</unit></amt>
        <item>Vegetable oil</item></ing>
      <ing>
        <amt>
          <qty>1/2</qty>
          <unit>cups</unit></amt>
        <item>Blanched almonds; toasted</item></ing></ingredients>
    <directions>
      <step>  Combine beef, soy sauce, wine, cornstarch, sugar, garlic powder and ginger.
  Marinate for 1/2 hour. Split each length of broccoli into 4 pieces. Drop
  into boiling water and boil for 2 minutes. Drain. Heat 2 Tablespoons of oil
  in wok or skillet, add broccoli and stir-fry for 2 minutes. Arrange
  broccoli in ring at edge of a serving plate. Add remaining 2 Tablespoons of
  oil to wok. Lift beef from marinade and stir-fry for 1 minute. Add marinade
  and cook, stirring until glazed. Pour into center of broccoli. Sprinkle
  almonds over all. Yield: 2 servings.
  
  GAYE WHITE (MRS. FRANK)
  
  From &lt;Traditions: A Taste of the Good Life&gt;, by the Little Rock (AR) Junior
  League.  Downloaded from Glen's MM Recipe Archive,
  http://www.erols.com/hosey.
 
</step></directions></recipe></recipeml>
