<?xml version="1.0" encoding="UTF-8"?>

<recipeml version="0.5">
  <recipe>
    <head>
      <title>Almond Bark Cookies</title>
      <categories>
        <cat>Cookies</cat></categories>
      <yield>72</yield></head>
    <ingredients>
      <ing>
        <amt>
          <qty>2</qty>
          <unit>pounds</unit></amt>
        <item>Almond bark</item></ing>
      <ing>
        <amt>
          <qty>2</qty>
          <unit>cups</unit></amt>
        <item>Dry roasted peanuts</item></ing>
      <ing>
        <amt>
          <qty>3</qty>
          <unit>cups</unit></amt>
        <item>Rice Krispies cereal</item></ing>
      <ing>
        <amt>
          <qty>1</qty>
          <unit>cup</unit></amt>
        <item>Chunky peanut butter</item></ing>
      <ing>
        <amt>
          <qty>2</qty>
          <unit>cups</unit></amt>
        <item>Mini marshmallows</item></ing></ingredients>
    <directions>
      <step>  SOURCE: "Capitol Cookies," copyright Fundcraft Publishing, Collierville, TN
  
  Melt almond bark in 200-degree oven. Stir in peanut butter until smooth.
  Add remainder of ingredients and mix well. Drop by spoonfuls on wax paper.
  
  This recipe was passed on to Heart &amp; Soul Cookbook chairperson Patti
  Joelson by her best friend's mother, Elaine Anderson. Patti said she's been
  making the cookies for 15 years now, and they're always a hit, so she added
  them to her youth group's cookbook.
  
  St. Peter's Youth Group Des Moines, Iowa Patti Joelson, Chairperson
  
  MICHAEL'S NOTE: One can melt the almond bark in the microwave by following
  the instructions on the package. This is the method we use here.
  
  Posted to TNT Recipes Digest by Michael Sooter &lt;msooter@llion.org&gt; on Apr
  27, 1998
 
</step></directions></recipe></recipeml>
