<?xml version="1.0" encoding="UTF-8"?>

<recipeml version="0.5">
  <recipe>
    <head>
      <title>Almond-Apricot Biscotti</title>
      <categories>
        <cat>Cookie</cat></categories>
      <yield>40</yield></head>
    <ingredients>
      <ing>
        <amt>
          <qty>2 3/4</qty>
          <unit>cups</unit></amt>
        <item>Sifted all purpose flour</item></ing>
      <ing>
        <amt>
          <qty>1 1/2</qty>
          <unit>cups</unit></amt>
        <item>Sugar</item></ing>
      <ing>
        <amt>
          <qty>1</qty>
          <unit/></amt>
        <item>Stick chilled unsalted butter; cut into pieces</item></ing>
      <ing>
        <amt>
          <qty>2 1/2</qty>
          <unit>teaspoons</unit></amt>
        <item>Baking powder</item></ing>
      <ing>
        <amt>
          <qty>1</qty>
          <unit>teaspoon</unit></amt>
        <item>Salt</item></ing>
      <ing>
        <amt>
          <qty>1</qty>
          <unit>teaspoon</unit></amt>
        <item>Ground ginger</item></ing>
      <ing>
        <amt>
          <qty>3 1/2</qty>
          <unit>ounces</unit></amt>
        <item>White chocolate; cut into pieces</item></ing>
      <ing>
        <amt>
          <qty>1 2/3</qty>
          <unit>cups</unit></amt>
        <item>Whole almonds toasted</item></ing>
      <ing>
        <amt>
          <qty>2</qty>
          <unit>large</unit></amt>
        <item>Eggs</item></ing>
      <ing>
        <amt>
          <qty>1/4</qty>
          <unit>cups</unit></amt>
        <item>Plus</item></ing>
      <ing>
        <amt>
          <qty>1</qty>
          <unit>tablespoon</unit></amt>
        <item>Apricot flavored brandy</item></ing>
      <ing>
        <amt>
          <qty>2</qty>
          <unit>teaspoons</unit></amt>
        <item>Almond extract</item></ing>
      <ing>
        <amt>
          <qty>1</qty>
          <unit>package</unit></amt>
        <item>(6-oz) dried apricots; diced</item></ing></ingredients>
    <directions>
      <step>  From: sgetgood@bilbo.iii.net (Susan Getgood)
  
  Date: Mon, 11 Sep 1995 16:24:10 GMT
  
  December 1993 Bon Appitit, Makes about 40.
  
  Line large cookie sheet with foil. Butter and flour foil. Combine first 6
  ingredients in processor. Process until fine meal forms. Add white
  chocolate and process until finely chopped. Add toasted almonds and chop
  coarsely, using 6-8 on/off turns. Beat eggs, brandy and extract to blend in
  large bowl. Add flour mixture and apricots and stir until moist dough
  forms.
  
  Drop dough by spoonfuls in three 12-inch long strips on prepared sheet.
  Moisten fingertips and shape each dough strip into 2-inch wide log.
  Refrigerate until dough is firm, about 30 minutes.
  
  Position rack in center of oven and preheat to 350F. Bake until logs are
  golden, about 30 minutes. Transfer sheet to rack and cool completely.
  
  Reduce heat to 300F. Cut logs from sides of pan if necessary. Transfer to
  work surface. Using heavy sharp knife, cut each log crosswise into 3/4-inch
  wide slices. Arrange half of cookies cut side down on cookie sheet. Bake 10
  minutes. Gently turn cookies over and bake 10 minutes longer. Transfer
  cookies to racks. Repeat baking with remaining cookies. Cool cookies
  completely. (Can be prepared 2 weeks ahead; store in airtight container at
  room temperature.)
  
  REC.FOOD.RECIPES ARCHIVES
  
  /COOKIES
  
  From rec.food.cooking archives.  Downloaded from Glen's MM Recipe Archive,
  http://www.erols.com/hosey.
 
</step></directions></recipe></recipeml>
