<?xml version="1.0" encoding="UTF-8"?>

<recipeml version="0.5">
  <recipe>
    <head>
      <title>Almond-Orange Biscotti</title>
      <categories>
        <cat>Cookie</cat></categories>
      <yield>20</yield></head>
    <ingredients>
      <ing>
        <amt>
          <qty>2 1/4</qty>
          <unit>cups</unit></amt>
        <item>Flour</item></ing>
      <ing>
        <amt>
          <qty>1 1/4</qty>
          <unit>cups</unit></amt>
        <item>Sugar</item></ing>
      <ing>
        <amt>
          <qty>1</qty>
          <unit>pinch</unit></amt>
        <item>Salt</item></ing>
      <ing>
        <amt>
          <qty>3</qty>
          <unit/></amt>
        <item>Eggs; lightly beaten</item></ing>
      <ing>
        <amt>
          <qty>1</qty>
          <unit>tablespoon</unit></amt>
        <item>Oil</item></ing>
      <ing>
        <amt>
          <qty>1/4</qty>
          <unit>teaspoons</unit></amt>
        <item>Almond extract</item></ing>
      <ing>
        <amt>
          <qty>1</qty>
          <unit/></amt>
        <item>Orange; finely grated zest of</item></ing>
      <ing>
        <amt>
          <qty>1/2</qty>
          <unit>cups</unit></amt>
        <item>Chopped almonds</item></ing>
      <ing>
        <amt>
          <qty>2</qty>
          <unit>teaspoons</unit></amt>
        <item>Baking powder</item></ing></ingredients>
    <directions>
      <step>  From: waring@infomail.com (Sam Waring) (COLLECTION)
  
  Date: 12 Apr 1994 15:17:00 -0400
  Preheat oven to 350 F.  Grease and flour cookie sheet.
  
  In a large bowl, sift the flour, sugar, baking powder and salt.  Make a
  well in the center of the mixture; add the remaining ingredients and mix
  well. Divide the dough in half. Shape each half into flat-bottomed
  cylinders (1-inch high x 2-/12-inches wide x 8-inches long). Bake 30-35
  minutes or until brown on top. Remove from oven and cool slightly. Cut into
  3/4-inch slices. Return to oven with cut side down for 15 minutes or until
  slices are brown. Remove from oven and cool on racks.
  
  REC.FOOD.RECIPES ARCHIVES
  
  /COOKIES
  
  From rec.food.cooking archives.  Downloaded from Glen's MM Recipe Archive,
  http://www.erols.com/hosey.
 
</step></directions></recipe></recipeml>
