<?xml version="1.0" encoding="UTF-8"?>

<recipeml version="0.5">
  <recipe>
    <head>
      <title>Almond-Raspberry Brie</title>
      <categories>
        <cat>Cheese</cat></categories>
      <yield>4</yield></head>
    <ingredients>
      <ing>
        <amt>
          <qty>12</qty>
          <unit>ounces</unit></amt>
        <item>Brie</item></ing>
      <ing>
        <amt>
          <qty>2</qty>
          <unit>tablespoons</unit></amt>
        <item>Seedless red raspberry jam</item></ing>
      <ing>
        <amt>
          <qty>1</qty>
          <unit>tablespoon</unit></amt>
        <item>Chambord or other raspberry-flavored liqueur</item></ing>
      <ing>
        <amt>
          <qty>1 1/2</qty>
          <unit>teaspoons</unit></amt>
        <item>Brown sugar</item></ing>
      <ing>
        <amt>
          <qty>3</qty>
          <unit>tablespoons</unit></amt>
        <item>Almonds; sliced</item></ing>
      <ing>
        <amt>
          <qty>1</qty>
          <unit>tablespoon</unit></amt>
        <item>Honey</item></ing></ingredients>
    <directions>
      <step>  Slice Brie in half horizontally. Place bottom half of Brie on a
  microwave-safe serving plate.
  
  Combine jam and Chambord, if desired; spread on cheese, leaving a 1 inch
  margin around edge; top with remaining cheese half.
  
  Sprinkle with brown sugar and almonds, and drizzle with honey.
  
  Microwave at HIGH 1 minute or just until soft. Serve immediately with wafer
  cookies or gingersnaps.
  
  Recipe by: Southern Living
  
  Posted to recipelu-digest by Nesb2@aol.com on Feb 23, 1998
 
</step></directions></recipe></recipeml>
