<?xml version="1.0" encoding="UTF-8"?>

<recipeml version="0.5">
  <recipe>
    <head>
      <title>Almond Bars</title>
      <categories>
        <cat>Cakes</cat>
        <cat>Pies</cat>
        <cat>Cookies</cat>
        <cat>To post</cat></categories>
      <yield>60</yield></head>
    <ingredients>
      <ing>
        <amt>
          <qty>1</qty>
          <unit>cup</unit></amt>
        <item>Butter</item></ing>
      <ing>
        <amt>
          <qty>2</qty>
          <unit>tablespoons</unit></amt>
        <item>Sugar</item></ing>
      <ing>
        <amt>
          <qty>1</qty>
          <unit>teaspoon</unit></amt>
        <item>Almond Extract</item></ing>
      <ing>
        <amt>
          <qty>2 1/2</qty>
          <unit>cups</unit></amt>
        <item>Flour</item></ing>
      <ing>
        <amt>
          <qty>1</qty>
          <unit/></amt>
        <item>Egg White</item></ing>
      <ing>
        <amt>
          <qty>1</qty>
          <unit>tablespoon</unit></amt>
        <item>Water</item></ing>
      <ing>
        <amt>
          <qty>1/2</qty>
          <unit>cups</unit></amt>
        <item>Almonds; blanched, shredded</item></ing>
      <ing>
        <amt>
          <qty>1/2</qty>
          <unit>cups</unit></amt>
        <item>Sugar</item></ing></ingredients>
    <directions>
      <step>  Cream butter and 2 tbs. sugar; add extract and flour. Shape in long rolls
  1/2 inch in diameter. Cut into 2 inch lengths and brush with wgg white
  mixet with water. Roll in mixture of almonds and 1/2 cup sugar. Bake in
  well-greased pan at 350° about 12 minutes. Remove from pan at once.
  
  Makes 5 to 6 dz.
  
  Source: "Mountain Measures" --Junior League of Charleston, WV ed. 1974
  
  billspa@icanect.net
  
  Recipe by: Mrs. Ronald McKenney
  
  Posted to MC-Recipe Digest by "Bill Spalding" &lt;billspa@icanect.net&gt; on May
  16, 1998
 
</step></directions></recipe></recipeml>
