<?xml version="1.0" encoding="UTF-8"?>

<recipeml version="0.5">
  <recipe>
    <head>
      <title>Almond Broccoli Soup</title>
      <categories>
        <cat>Almonds</cat>
        <cat>Soups</cat>
        <cat>Starters</cat></categories>
      <yield>4</yield></head>
    <ingredients>
      <ing>
        <amt>
          <qty>3/4</qty>
          <unit>cups</unit></amt>
        <item>Condensed chicken broth</item></ing>
      <ing>
        <amt>
          <qty>1</qty>
          <unit>tablespoon</unit></amt>
        <item>Olive oil</item></ing>
      <ing>
        <amt>
          <qty>1/2</qty>
          <unit>cups</unit></amt>
        <item>Chopped onion</item></ing>
      <ing>
        <amt>
          <qty>2</qty>
          <unit/></amt>
        <item>Cloves garlic; halved</item></ing>
      <ing>
        <amt>
          <qty>4</qty>
          <unit>cups</unit></amt>
        <item>Coarsely chopped broccoli florets and tender stems; (1 large bunch)</item></ing>
      <ing>
        <amt>
          <qty>1/2</qty>
          <unit>cups</unit></amt>
        <item>Water</item></ing>
      <ing>
        <amt>
          <qty>14 1/2</qty>
          <unit>ounces</unit></amt>
        <item>Vegetable broth</item></ing>
      <ing>
        <amt>
          <qty>1/2</qty>
          <unit>cups</unit></amt>
        <item>Slivered almonds OR blanched and toasted *; divided</item></ing>
      <ing>
        <amt>
          <qty>2</qty>
          <unit>tablespoons</unit></amt>
        <item>Lemon juice</item></ing>
      <ing>
        <amt>
          <qty>1/2</qty>
          <unit>tablespoons</unit></amt>
        <item>Hot pepper sauce</item></ing>
      <ing>
        <amt>
          <qty/>
          <unit/></amt>
        <item>Salt; to taste</item></ing>
      <ing>
        <amt>
          <qty>1/4</qty>
          <unit>cups</unit></amt>
        <item>Sour cream</item></ing>
      <ing>
        <amt>
          <qty>2</qty>
          <unit>tablespoons</unit></amt>
        <item>Sliced almonds; toasted *</item></ing></ingredients>
    <directions>
      <step>  Heat oil in 3-quart saucepan over medium heat. Add onion and garlic. Saute
  until onion is transparent and golden, about 10 minutes. Add broccoli,
  water and broths. Bring to simmering and cook just until broccoli is
  tender, about 10 minutes. Add broccoli mixture and slivered or blanched
  almonds to container of blender, filling up to the 4-cup capacity mark, or
  as manufacturer directs. Remove or open center of lid and begin blending at
  the lowest speed. Blend until almost smooth. Return to saucepan. Bring just
  to boiling over medium-low heat. Mix in lemon juice and pepper sauce.
  Season with salt. Ladle into bowls and add 1 tablespoon sour cream to each.
  Garnish with sliced almonds.
  
  Servings: 4 (1-cup)
  
  * To toast almonds, spread in an ungreased baking pan. Place in 350 degree
  oven and bake 5 to 10 minutes or until almonds are light brown; stir once
  or twice to assure even browning. Note that almonds will continue to brown
  slightly after removing from oven.
  
  (PER CUP PORTION : 307 Calories; 24 g Fat; 6 mg Cholesterol; 767 mg Sodium;
  16 g Carbohydrate; 7 g Fiber; 13 g Protein.)
  
  See http://www.almondsarein.com/ &gt;Hanneman/Buster/MasterCook 1998/Ap
  
  Recipe by: Almond Board of California
  
  Posted to MC-Recipe Digest by KitPATh &lt;phannema@wizard.ucr.edu&gt; on Apr 08,
  1998
 
</step></directions></recipe></recipeml>
