<?xml version="1.0" encoding="UTF-8"?>

<recipeml version="0.5">
  <recipe>
    <head>
      <title>Almodrote De Berengena (Turkish Eggplant Flan)</title>
      <categories>
        <cat>Eggplant</cat>
        <cat>Eggs</cat></categories>
      <yield>8</yield></head>
    <ingredients>
      <ing>
        <amt>
          <qty>4</qty>
          <unit>pounds</unit></amt>
        <item>Eggplant</item></ing>
      <ing>
        <amt>
          <qty>8</qty>
          <unit>ounces</unit></amt>
        <item>Feta cheese</item></ing>
      <ing>
        <amt>
          <qty>2</qty>
          <unit/></amt>
        <item>Eggs; lightly beaten</item></ing>
      <ing>
        <amt>
          <qty>4</qty>
          <unit>tablespoons</unit></amt>
        <item>Matzo meal</item></ing>
      <ing>
        <amt>
          <qty>1</qty>
          <unit>cup</unit></amt>
        <item>Gruyere cheese; grated</item></ing>
      <ing>
        <amt>
          <qty>5</qty>
          <unit>tablespoons</unit></amt>
        <item>Sunflower oil; plus more for baking</item></ing></ingredients>
    <directions>
      <step>  1. Preheat the oven to 500 degrees. Prick the eggplants repeatedly with a
  fork.  Place on a baking sheet and bake, turning to prevent burning, for 45
  minutes.  Cool.  Peel or scoop out the flesh into a colander.  Drain and
  press out the juices, then chop the flesh with a knife and mash it with a
  fork.
  
  2. Lower the oven temperature to 350 degrees. In a large bowl, mash the
  feta cheese. Add the eggs, matzoh meal, 5 tablespoons of the Gruyere and 4
  tablespoons of the oil.  Beat well.
  
  3. Add the eggplant and mix. Pour the mixture into an oiled baking dish,
  drizzle 1 tablespoon of the oil over the mixture, sprinkle with the
  remaining cheese, and bake for 1 hour, until lightly colored.
  
  Recipe by: Claudia Roden NYTimes 3/30/97
  
  Posted to recipelu-digest Volume 01 Number 232 by RecipeLu
  &lt;recipelu@geocities.com&gt; on Nov 09, 1997
 
</step></directions></recipe></recipeml>
