<?xml version="1.0" encoding="UTF-8"?>

<recipeml version="0.5">
  <recipe>
    <head>
      <title>Almond-Snow Fruit Boats</title>
      <categories>
        <cat>Fruits</cat>
        <cat>Ice cream</cat></categories>
      <yield>10</yield></head>
    <ingredients>
      <ing-div>
        <title>PATTI - VDRJ67A</title>
        <ing>
          <amt>
            <qty>4</qty>
            <unit/></amt>
          <item>Apple; unpeeled, thin sliced</item></ing>
        <ing>
          <amt>
            <qty>3</qty>
            <unit/></amt>
          <item>Banana; peeled, thin sliced</item></ing>
        <ing>
          <amt>
            <qty>3</qty>
            <unit/></amt>
          <item>Pear; unpeeled, thin sliced</item></ing>
        <ing>
          <amt>
            <qty>2</qty>
            <unit/></amt>
          <item>Pineapple; fresh (with tops)</item></ing>
        <ing>
          <amt>
            <qty>2</qty>
            <unit/></amt>
          <item>Strawberry; halved, -tops</item></ing>
        <ing>
          <amt>
            <qty>1 1/2</qty>
            <unit>pounds</unit></amt>
          <item>Grape; halved, seeded</item></ing>
        <ing>
          <amt>
            <qty>1</qty>
            <unit>pint</unit></amt>
          <item>Kumquat</item></ing>
        <ing>
          <amt>
            <qty>1 1/2</qty>
            <unit>cups</unit></amt>
          <item>Whipping cream</item></ing>
        <ing>
          <amt>
            <qty>1 1/2</qty>
            <unit>cups</unit></amt>
          <item>Powdered sugar; sifted</item></ing>
        <ing>
          <amt>
            <qty>4</qty>
            <unit>teaspoons</unit></amt>
          <item>Vanilla</item></ing>
        <ing>
          <amt>
            <qty>1/4</qty>
            <unit>teaspoons</unit></amt>
          <item>Almond extract</item></ing>
        <ing>
          <amt>
            <qty>2</qty>
            <unit>quarts</unit></amt>
          <item>Ice; finely crushed</item></ing>
        <ing>
          <amt>
            <qty>3/4</qty>
            <unit>cups</unit></amt>
          <item>Almonds; toasted &amp; slivered</item></ing>
        <ing>
          <amt>
            <qty>3/4</qty>
            <unit>cups</unit></amt>
          <item>Fresh orange juice</item></ing>
        <ing>
          <amt>
            <qty>1/4</qty>
            <unit>cups</unit></amt>
          <item>Kirsch</item></ing></ing-div></ingredients>
    <directions>
      <step>  Sprinkle bananas, apples and pears with fresh lemon juice. Cut pineapples
  in half. Using curved serrated knife, hollow out pineapple halves, leaving
  1/2" shell (reserve shells and all juice). Discard core. Cut pineapple into
  1/4" cubes. Transfer to large bowl. Add sliced fruit* and toss lightly.
  Cover and refrigerate up to 2 hours.
   For ice cream: Blend cream, powdered sugar and extracts in large bowl.
  Gradually fold in ice (or fresh clean snow) until mixture is consistency of
  ice cream. Fold in nuts. Add reserved pineapple juice to fruit. Blend in
  orange juice and kirsch. Spoon fruit into pineapple shells. Top with ice
  cream. Serve immediately.
   *Can substitute any fresh seasonal fruit and combination of purple and
  green grapes and red and green apples.
  
  From Gemini's MASSIVE MealMaster collection at www.synapse.com/~gemini
 
</step></directions></recipe></recipeml>
