<?xml version="1.0" encoding="UTF-8"?>

<recipeml version="0.5">
  <recipe>
    <head>
      <title>Almond Butter Balls</title>
      <categories>
        <cat>Dessert</cat></categories>
      <yield>84</yield></head>
    <ingredients>
      <ing>
        <amt>
          <qty>2</qty>
          <unit>cups</unit></amt>
        <item>Sifted all-purpose flour</item></ing>
      <ing>
        <amt>
          <qty>1/2</qty>
          <unit>teaspoons</unit></amt>
        <item>Salt</item></ing>
      <ing>
        <amt>
          <qty>1</qty>
          <unit>cup</unit></amt>
        <item>Butter or margarine; softened</item></ing>
      <ing>
        <amt>
          <qty>1/4</qty>
          <unit>cups</unit></amt>
        <item>Honey</item></ing>
      <ing>
        <amt>
          <qty>3/4</qty>
          <unit>teaspoons</unit></amt>
        <item>Almond extract</item></ing>
      <ing>
        <amt>
          <qty>1 1/2</qty>
          <unit>cups</unit></amt>
        <item>Finely chopped blanched almonds</item></ing>
      <ing>
        <amt>
          <qty/>
          <unit/></amt>
        <item>Confectioner's sugar</item></ing></ingredients>
    <directions>
      <step>  Sift together flour and salt. Work butter in a bowl until creamy; add honey
  and beat until well blended. Add almond extract. Gradually add sifted dry
  ingredients, beating well after each addition. Stir in nuts. Cover and
  chill about 1 hour. Heat oven to 350 degrees. Shape teaspoonfuls of dough
  into 1-inch balls and place on ungreased cookie sheets about 1-1/2 inches
  apart. Bake 12-15 minutes, or until lightly browned. Roll cookies in
  confectioner's sugar while still warm, and again when cooled. Makes about 7
  dozen cookies.
  
  FROM ELSA MAUGER,
  
  REDBOOK, DEC 1972, "THE GREAT
  
  CHRISTMAS COOKIE-SWAP COOKBOOK"
  
  From a collection of my mother's (Judy Hosey) recipe box which contained
  lots of her favorite recipes, clippings, etc.  Downloaded from Glen's MM
  Recipe Archive, http://www.erols.com/hosey.
 
</step></directions></recipe></recipeml>
