<?xml version="1.0" encoding="UTF-8"?>

<recipeml version="0.5">
  <recipe>
    <head>
      <title>Almond Brownies</title>
      <categories>
        <cat>Brownies</cat></categories>
      <yield>16</yield></head>
    <ingredients>
      <ing>
        <amt>
          <qty>3/4</qty>
          <unit>cups</unit></amt>
        <item>Flour</item></ing>
      <ing>
        <amt>
          <qty>1/4</qty>
          <unit>teaspoons</unit></amt>
        <item>Baking Soda</item></ing>
      <ing>
        <amt>
          <qty>1/4</qty>
          <unit>teaspoons</unit></amt>
        <item>Salt</item></ing>
      <ing>
        <amt>
          <qty>1/3</qty>
          <unit>cups</unit></amt>
        <item>Butter</item></ing>
      <ing>
        <amt>
          <qty>1/2</qty>
          <unit>cups</unit></amt>
        <item>Sugar</item></ing>
      <ing>
        <amt>
          <qty>2</qty>
          <unit>tablespoons</unit></amt>
        <item>Water</item></ing>
      <ing>
        <amt>
          <qty>12</qty>
          <unit>ounces</unit></amt>
        <item>Chocolate Chip</item></ing>
      <ing>
        <amt>
          <qty>1</qty>
          <unit>teaspoon</unit></amt>
        <item>Vanilla</item></ing>
      <ing>
        <amt>
          <qty>2</qty>
          <unit/></amt>
        <item>Egg</item></ing>
      <ing>
        <amt>
          <qty>1/2</qty>
          <unit>cups</unit></amt>
        <item>Almonds; chopped</item></ing></ingredients>
    <directions>
      <step>  Combine flour, baking soda and salt in small bowl and set aside. In
  saucepan, bring butter, sugar and water just to a boil. Remove from heat
  and add 6 oz of chocolate chip morsels and vanilla. Stir until smooth.
  Place chocolate mixture into a mixing bowl. Add eggs one at a time and beat
  well after each egg. Blend in flour mixture. Stir in remaining chocolate
  chip morsels and the chopped almonds. Spread into a 9 in. square baking pan
  and bake for 30 minutes in a 325 degree oven. Cool and cut into squares.
  Posted to recipelu-digest by "Christopher E. Eaves" &lt;cea260@airmail.net&gt; on
  Feb 27, 1998
 
</step></directions></recipe></recipeml>
