<?xml version="1.0" encoding="UTF-8"?>

<recipeml version="0.5">
  <recipe>
    <head>
      <title>Almond Biscuits</title>
      <categories>
        <cat>Cookie</cat></categories>
      <yield>45</yield></head>
    <ingredients>
      <ing>
        <amt>
          <qty>2 1/2</qty>
          <unit>cups</unit></amt>
        <item>All-purpose flour</item></ing>
      <ing>
        <amt>
          <qty>2</qty>
          <unit>teaspoons</unit></amt>
        <item>Baking powder</item></ing>
      <ing>
        <amt>
          <qty>1/2</qty>
          <unit>cups</unit></amt>
        <item>Margarine or butter</item></ing>
      <ing>
        <amt>
          <qty>1</qty>
          <unit>cup</unit></amt>
        <item>Granulated sugar</item></ing>
      <ing>
        <amt>
          <qty>1</qty>
          <unit/></amt>
        <item>Egg</item></ing>
      <ing>
        <amt>
          <qty>1</qty>
          <unit>teaspoon</unit></amt>
        <item>Almond essence</item></ing>
      <ing>
        <amt>
          <qty/>
          <unit/></amt>
        <item>Blanched almonds for decoration</item></ing>
      <ing>
        <amt>
          <qty/>
          <unit/></amt>
        <item>Beat egg for glazing</item></ing></ingredients>
    <directions>
      <step>  From: hz225wu@unidui.uni-duisburg.de (Micaela Pantke)
  
  Date: Mon, 30 Aug 93 10:01:24 +0200
  See "Chinese Menu Suggestion #3" for other recipes for complete dinner.
  
  Sift the flour, baking powder and salt into a bowl. Cream the margarine (
  or butter) and sugar together until light, white and fluffy. Beat in the
  egg and almond essence. Stir in the sifted dry ingredients to make a stiff
  dough. Form the mixture into balls about 1 - 1.5 inch diameter and place
  these on a greased baking tray. Place half an almond (split lengthways) on
  each ball and press to flatten slightly. Brush with beaten egg. Bake in a
  moderate oven (350 deg F / 180 deg C) for 20 minutes or until golden. Cool
  on a wire rack. This quantity makes about 45 biscuits.
  
  REC.FOOD.RECIPES ARCHIVES
  
  /MISC
  
  PART OF A COMPLETE DINNER MENU
  
  From rec.food.cooking archives.  Downloaded from Glen's MM Recipe Archive,
  http://www.erols.com/hosey.
 
</step></directions></recipe></recipeml>
