<?xml version="1.0" encoding="UTF-8"?>

<recipeml version="0.5">
  <recipe>
    <head>
      <title>Almond-Raspberry Thumbprint Cookies</title>
      <categories>
        <cat>Cookies</cat></categories>
      <yield>60</yield></head>
    <ingredients>
      <ing>
        <amt>
          <qty>1</qty>
          <unit>cup</unit></amt>
        <item>Butter or margarine, softened</item></ing>
      <ing>
        <amt>
          <qty>1</qty>
          <unit>cup</unit></amt>
        <item>Sugar</item></ing>
      <ing>
        <amt>
          <qty>1</qty>
          <unit>can</unit></amt>
        <item>SOLO Almond Filling</item></ing>
      <ing>
        <amt>
          <qty>2</qty>
          <unit/></amt>
        <item>Egg yolks</item></ing>
      <ing>
        <amt>
          <qty>1</qty>
          <unit>teaspoon</unit></amt>
        <item>Almond extract</item></ing>
      <ing>
        <amt>
          <qty>2 1/2</qty>
          <unit>cups</unit></amt>
        <item>All-purpose flour</item></ing>
      <ing>
        <amt>
          <qty>1/2</qty>
          <unit>teaspoons</unit></amt>
        <item>Baking powder</item></ing>
      <ing>
        <amt>
          <qty>1/2</qty>
          <unit>teaspoons</unit></amt>
        <item>Salt</item></ing>
      <ing>
        <amt>
          <qty>1</qty>
          <unit>can</unit></amt>
        <item>SOLO Raspberry Filling</item></ing></ingredients>
    <directions>
      <step>  Beat butter and sugar in medium bowl with electric mixer until light and
  fluffy. Add almond filling, egg yolks and almond extract; beat until
  blended. Stir in flour, baking powder and salt with wooden spoon to make
  soft dough. Cover; refrigerate at least 3 hours or overnight.
  
  Preheat oven to 350'F. Shape dough into 1" balls. Place on ungreased
  baking sheets, about 1 1/2" apart. Press thumb into center of each ball to
  make indentation. Spoon 1/2 teaspoon raspberry filling into each
  indentation. Bake 11-13 minutes or until edges of cookies are golden
  brown. Cool on baking sheets 1 minute. Remove from baking sheets; cool
  completely on wire racks.
  
  Makes about 5 dozen cookies
  
  From Favorite All Time Recipes - Homemade Holiday Cookies, Publication
  International, Ltd., ISBN 0-7853-0147-X.
  
  File ftp://ftp.idiscover.co.uk/pub/food/mealmaster/recipes/pi-cooky.zip
 
</step></directions></recipe></recipeml>
