<?xml version="1.0" encoding="UTF-8"?>

<recipeml version="0.5">
  <recipe>
    <head>
      <title>Almond Biscuit Ring</title>
      <categories>
        <cat>Biscuits</cat>
        <cat>Low cal</cat>
        <cat>Microwave</cat></categories>
      <yield>4</yield></head>
    <ingredients>
      <ing>
        <amt>
          <qty>1/4</qty>
          <unit>cups</unit></amt>
        <item>Granulated brown sugar replacement</item></ing>
      <ing>
        <amt>
          <qty>2</qty>
          <unit>tablespoons</unit></amt>
        <item>Diatetic maple syrup</item></ing>
      <ing>
        <amt>
          <qty>2</qty>
          <unit>teaspoons</unit></amt>
        <item>Reduced calorie margarine</item></ing>
      <ing>
        <amt>
          <qty>2</qty>
          <unit>teaspoons</unit></amt>
        <item>Water</item></ing>
      <ing>
        <amt>
          <qty>1/3</qty>
          <unit>cups</unit></amt>
        <item>Almonds; coarsely chopped</item></ing>
      <ing>
        <amt>
          <qty>1</qty>
          <unit/></amt>
        <item>Tube; (8 oz.) refrigerator biscuits</item></ing></ingredients>
    <directions>
      <step>  In a 1 1/2 quart microwave safe casserole, combine the brown sugar
  replacement, maple syrup, margarine and water. Cover with a paper towel and
  microwave on high for one minute. Allow to sit, covered for one minute,
  then stir to mix in the melted margarine. Stir in the almonds. Cut each of
  the biscuits into four pieces. Roll each piece into a ball. Dip each piece
  into the syrup mixture then place in a microwave safe ring mold.
  
  Arrange all coated balls uniformly around the ring mold. Pour any remaining
  syrup over the balls in the mold. Microwave on medium (50% power) for 5 to
  6 minutes, turning the mold 1/4 turn after each two minutes. Remove from
  oven and immediately cover with waxed paper. Allow to sit undisturbed for 5
  minutes; then turn out onto a serving dish. Divide into 10 servings. This
  dish has only about 80 calories per serving.
  
  Recipe by: Key Gourmet
  
  Posted to recipelu-digest by James and Susan Kirkland &lt;kirkland@gj.net&gt; on
  Feb 16, 1998
 
</step></directions></recipe></recipeml>
