<?xml version="1.0" encoding="UTF-8"?>

<recipeml version="0.5">
  <recipe>
    <head>
      <title>Almond Butter Coffee Cake</title>
      <categories>
        <cat>Desserts</cat></categories>
      <yield>1</yield></head>
    <ingredients>
      <ing>
        <amt>
          <qty>1/4</qty>
          <unit>cups</unit></amt>
        <item>Sugar</item></ing>
      <ing>
        <amt>
          <qty>1/4</qty>
          <unit>teaspoons</unit></amt>
        <item>Salt</item></ing>
      <ing>
        <amt>
          <qty>1/4</qty>
          <unit>cups</unit></amt>
        <item>Shortening</item></ing>
      <ing>
        <amt>
          <qty>1</qty>
          <unit>cup</unit></amt>
        <item>Milk, scalded</item></ing>
      <ing>
        <amt>
          <qty>1/2</qty>
          <unit/></amt>
        <item>Yeast cake</item></ing>
      <ing>
        <amt>
          <qty>1</qty>
          <unit/></amt>
        <item>Egg</item></ing>
      <ing>
        <amt>
          <qty>3 1/2</qty>
          <unit>cups</unit></amt>
        <item>Sifted flour</item></ing>
      <ing>
        <amt>
          <qty>1/16</qty>
          <unit>teaspoons</unit></amt>
        <item>Mace</item></ing>
      <ing>
        <amt>
          <qty>1/16</qty>
          <unit>teaspoons</unit></amt>
        <item>Cardamom</item></ing></ingredients>
    <directions>
      <step>  Add sugar, salt and shortening to milk and cool to lukewarm. Add crumbled
  yeast and let stand 5 minutes. Add egg and 1 3/4 cups flour; beat well. Add
  remaining flour sifted with spices; then knead well. Let rise until doubled
  in bulk, about 1 1/2 hours.  Knead down and let rise again. Shape into 2
  coffee cakes and place in greased pans. Let rise 15 minutes. Spread almond
  mixture on top and let rise until doubled in bulk. Bake in a 375 degree
  oven for 45 minutes. Makes 2 cakes. Randy Rigg The Pinnacle Club BBS
  812-963-9139
  
  From Gemini's MASSIVE MealMaster collection at www.synapse.com/~gemini
 
</step></directions></recipe></recipeml>
