<?xml version="1.0" encoding="UTF-8"?>

<recipeml version="0.5">
  <recipe>
    <head>
      <title>Almond-Anaheim Dressing for Tejas Smoked Turkey Salad</title>
      <categories>
        <cat>None</cat></categories>
      <yield>16</yield></head>
    <ingredients>
      <ing>
        <amt>
          <qty>1 1/2</qty>
          <unit/></amt>
        <item>Whole Anaheim chili peppers</item></ing>
      <ing>
        <amt>
          <qty>1/4</qty>
          <unit>cups</unit></amt>
        <item>Almond slivers -- blanched &amp;</item></ing>
      <ing>
        <amt>
          <qty/>
          <unit/></amt>
        <item>Toasted</item></ing>
      <ing>
        <amt>
          <qty>1</qty>
          <unit>tablespoon</unit></amt>
        <item>White wine vinegar</item></ing>
      <ing>
        <amt>
          <qty>1</qty>
          <unit>tablespoon</unit></amt>
        <item>Lime juice</item></ing>
      <ing>
        <amt>
          <qty>1</qty>
          <unit>cup</unit></amt>
        <item>Corn oil</item></ing></ingredients>
    <directions>
      <step>  STEP ONE: Prepare the Chiles-- Roast chiles over an open flame until the
  skin blisters. Then place them in a covered bowl or plastic bag until the
  skin begins to loosen. Peel and seed.
  
  STEP TWO: Place chiles, almonds, vinegar, and lime juice in the bowl of a
  food processor fitted with a metal blade. Puree. Then, with the motor
  running, slowly add oil until the mixture has thickened.
  
  Serve with "Tejas Smoked Turkey Salad" recipe in this cookbook.
  
  Recipe By     : Mark Haugen of Tejas, Minneapolis, MN
  
  From: Ladies Home Journal- August 1991
  
  File ftp://ftp.idiscover.co.uk/pub/food/mealmaster/recipes/mmdja006.zip
 
</step></directions></recipe></recipeml>
