<?xml version="1.0" encoding="UTF-8"?>

<recipeml version="0.5">
  <recipe>
    <head>
      <title>Almond Breakfast Round</title>
      <categories>
        <cat>Breads &amp; ro</cat>
        <cat>Breakfast</cat></categories>
      <yield>12</yield></head>
    <ingredients>
      <ing>
        <amt>
          <qty>1</qty>
          <unit>package</unit></amt>
        <item>Active dry yeast</item></ing>
      <ing>
        <amt>
          <qty>1/3</qty>
          <unit>cups</unit></amt>
        <item>Warm water (105 to 115)</item></ing>
      <ing>
        <amt>
          <qty>2 1/2</qty>
          <unit>cups</unit></amt>
        <item>Flour</item></ing>
      <ing>
        <amt>
          <qty>1</qty>
          <unit>cup</unit></amt>
        <item>Whole wheat flour</item></ing>
      <ing>
        <amt>
          <qty>1/4</qty>
          <unit>cups</unit></amt>
        <item>Brown sugar; packed</item></ing>
      <ing>
        <amt>
          <qty>1/2</qty>
          <unit>teaspoons</unit></amt>
        <item>Salt</item></ing>
      <ing>
        <amt>
          <qty>1/2</qty>
          <unit>teaspoons</unit></amt>
        <item>Ground nutmeg or cardamom</item></ing>
      <ing>
        <amt>
          <qty>1/2</qty>
          <unit>cups</unit></amt>
        <item>Cold butter</item></ing>
      <ing>
        <amt>
          <qty>2</qty>
          <unit/></amt>
        <item>Eggs; beaten</item></ing>
      <ing>
        <amt>
          <qty>1/2</qty>
          <unit>cups</unit></amt>
        <item>Milk</item></ing>
      <ing>
        <amt>
          <qty>1/2</qty>
          <unit>teaspoons</unit></amt>
        <item>Almond extract</item></ing>
      <ing>
        <amt>
          <qty>1/2</qty>
          <unit>cups</unit></amt>
        <item>Ground almonds</item></ing>
      <ing>
        <amt>
          <qty>3</qty>
          <unit>tablespoons</unit></amt>
        <item>Brown sugar</item></ing>
      <ing>
        <amt>
          <qty>2</qty>
          <unit>tablespoons</unit></amt>
        <item>Sugar</item></ing>
      <ing>
        <amt>
          <qty>1/2</qty>
          <unit>teaspoons</unit></amt>
        <item>Allspice or cardamom</item></ing>
      <ing>
        <amt>
          <qty>2</qty>
          <unit>tablespoons</unit></amt>
        <item>Butter; melted</item></ing>
      <ing>
        <amt>
          <qty/>
          <unit/></amt>
        <item>Milk; optional</item></ing>
      <ing>
        <amt>
          <qty/>
          <unit/></amt>
        <item>Coarse sugar; optional</item></ing></ingredients>
    <directions>
      <step>  In a small mixing bowl soften yeast in warm water; set aside.  In a large
  mixing bowl, stir together flour, whole wheat flour, 1/4 cup brown sugar,
  salt, and the 1/2 teaspoon nutmeg (or cardomom).  Cut in the cold butter
  until mixture resembles fine crumbs.  Stir in the softened yeast, eggs,
  milk and almond extract until combined. Cover and refrigerate for 1 to 2
  hours or until dough is easy to handle.
  
  For filling:  Stir together ground almonds, 3 tablespoons brown sugar,
  sugar, and 1/2 teaspoon allspice (or cardomom); set aside.
  
  Turn dough out onto a lightly floured surface; divide into 3 portions.
  Shape each into a ball. Cover and let rest for 10 minutes. Gently roll out
  each piece of dough to a 10" circle. Place one circle on a 12" pizza pan or
  a large baking sheet lined with greased foil. Brush with half of the melted
  butter.  Sprinkle with half of the filling.  Cover with another circle of
  dough.  Brush with remaining butter; sprinkle with remaining filling.  Top
  with the last dough circle.
  
  With kitchen shears or a sharp knife, cut the stack of dough into 12
  wedges, cutting to within 1" of the center. Carefully lift each wedge and
  turn over twice to create a twist in each piece. Cover with plastic wrap
  and chill for 2 to 24 hours before baking.
  
  Let stand at room temperature for 20 minutes before baking.  If desired,
  brush with milk; sprinkle with coarse sugar.  Bake in a 350 oven for 30 to
  35 minutes or until bread sounds hollow when tapped. Cool slightly on foil
  on a rack. Serve warm. To serve, transfer bread to a serving platter; cut
  into wedges.
  Posted to FOODWINE Digest  4 October 96
  
  Date:    Fri, 4 Oct 1996 18:13:43 -0400
  
  From:    Laura Hunter &lt;LHunter722@AOL.COM&gt;
 
</step></directions></recipe></recipeml>
