<?xml version="1.0" encoding="UTF-8"?>

<recipeml version="0.5">
  <recipe>
    <head>
      <title>Almond and Rice Flour Bread with Poppy Seeds</title>
      <categories>
        <cat>Breads</cat>
        <cat>Hand made</cat></categories>
      <yield>18</yield></head>
    <ingredients>
      <ing>
        <amt>
          <qty>1/2</qty>
          <unit>cups</unit></amt>
        <item>Whole almonds; with skins</item></ing>
      <ing>
        <amt>
          <qty>1/2</qty>
          <unit>cups</unit></amt>
        <item>Plain low-fat yogurt</item></ing>
      <ing>
        <amt>
          <qty>1 1/2</qty>
          <unit>cups</unit></amt>
        <item>Brown rice flour</item></ing>
      <ing>
        <amt>
          <qty>1/2</qty>
          <unit>cups</unit></amt>
        <item>Water</item></ing>
      <ing>
        <amt>
          <qty>4</qty>
          <unit>teaspoons</unit></amt>
        <item>Baking powder</item></ing>
      <ing>
        <amt>
          <qty>1</qty>
          <unit>large</unit></amt>
        <item>Egg; Whole</item></ing>
      <ing>
        <amt>
          <qty>1/4</qty>
          <unit>teaspoons</unit></amt>
        <item>Salt</item></ing>
      <ing>
        <amt>
          <qty>1</qty>
          <unit>large</unit></amt>
        <item>Egg White</item></ing>
      <ing>
        <amt>
          <qty>3</qty>
          <unit>teaspoons</unit></amt>
        <item>Poppy seeds</item></ing>
      <ing>
        <amt>
          <qty>2</qty>
          <unit>tablespoons</unit></amt>
        <item>Vegetable oil</item></ing></ingredients>
    <directions>
      <step>  Preheat oven to 350 degrees F. Butter an 8 x 4inch loaf pan.
  
  Place almonds and 1/2 cup of the flour in bowl of a food processor and
  grind until a fine meal is formed--the flour will prevent the nuts from
  turning oily. Add remaining rice flour, the baking powder, salt and 2
  teaspoons of the poppy seeds; process briefly.
  
  Combine yogurt, water, whole egg, egg white and oil in a 2- cup measuring
  cup.
  
  With processor motor running, pour liquid ingredients through feed tube
  over flour mixture, processing just long enough to mix.
  
  Transfer batter to prepared pan. Sprinkle with remaining poppy seeds, and
  bake for 55 minutes. Turn out onto a rack to cool. (Bread slices best after
  several hours, or the next day).
  
  Makes one 18-ounce loaf (18 slices).
  
  From an article in the San Francisco Chronicle by Jacquline Mallorca,
  5/5/93.
  
  Posted by Stephen Ceideberg
  From: Bread-Bakers Archives: ftp.best.com/pub/reggie/archives/bread/recipe
 
</step></directions></recipe></recipeml>
