<?xml version="1.0" encoding="UTF-8"?>

<recipeml version="0.5">
  <recipe>
    <head>
      <title>Almond Buckwheat Pancakes</title>
      <categories>
        <cat>Breads</cat>
        <cat>Breakfast</cat>
        <cat>Healthy and</cat></categories>
      <yield>12</yield></head>
    <ingredients>
      <ing>
        <amt>
          <qty>3/4</qty>
          <unit>cups</unit></amt>
        <item>Flour; sifted</item></ing>
      <ing>
        <amt>
          <qty>1/2</qty>
          <unit>cups</unit></amt>
        <item>Buckwheat Flour; unsifted</item></ing>
      <ing>
        <amt>
          <qty>1</qty>
          <unit>ounce</unit></amt>
        <item>Almonds; 1/4 cup ground</item></ing>
      <ing>
        <amt>
          <qty>2</qty>
          <unit>tablespoons</unit></amt>
        <item>Sugar</item></ing>
      <ing>
        <amt>
          <qty>1 1/2</qty>
          <unit>teaspoons</unit></amt>
        <item>Baking Powder</item></ing>
      <ing>
        <amt>
          <qty>1/4</qty>
          <unit>teaspoons</unit></amt>
        <item>Salt</item></ing>
      <ing>
        <amt>
          <qty>2</qty>
          <unit>large</unit></amt>
        <item>Eggs; separated</item></ing>
      <ing>
        <amt>
          <qty>2</qty>
          <unit>tablespoons</unit></amt>
        <item>Canola Oil</item></ing>
      <ing>
        <amt>
          <qty>1</qty>
          <unit>cup</unit></amt>
        <item>Skim Milk</item></ing>
      <ing>
        <amt>
          <qty/>
          <unit/></amt>
        <item>Vegetable Cooking Spray</item></ing></ingredients>
    <directions>
      <step>  1. In a large bowl, combine the flours, almonds, sugar, baking powder and
  salt; set aside.
  
  2.In a large glass measuring cup, stir the egg yolks and oil into the milk
  and blend with a fork. Add to the flour and stir until just moistened.
  
  3. In a perfectly clan medium size bowl, beat the egg whites with an
  electric mixer set on high speed until they are stiff but not dry; gently
  fold them into the batter.
  
  4.Lightly coat a 12-inch non-stick skillet with the cooking spray and set
  over moderate heat. When the skillet is hot, cook the pancakes four at a
  time, using 1/4 cup batter for each. Cook for 21/2 to 3 minutes on one side
  or until bubbles form on top of the pancakes; turn, then cook about 1
  minute longer until deep brown.
  Posted to MC-Recipe Digest V1 #831 by slhire@juno.com (Sandra L Hire) on
  Oct 8, 1997
 
</step></directions></recipe></recipeml>
