<?xml version="1.0" encoding="UTF-8"?>

<recipeml version="0.5">
  <recipe>
    <head>
      <title>Almond-Coconut Cookies</title>
      <categories>
        <cat>New</cat>
        <cat>Text</cat>
        <cat>Import</cat></categories>
      <yield>1</yield></head>
    <ingredients>
      <ing>
        <amt>
          <qty>2 1/4</qty>
          <unit>cups</unit></amt>
        <item>All-purpose flour</item></ing>
      <ing>
        <amt>
          <qty>1/2</qty>
          <unit>teaspoons</unit></amt>
        <item>Baking soda</item></ing>
      <ing>
        <amt>
          <qty>1/4</qty>
          <unit>teaspoons</unit></amt>
        <item>Salt</item></ing>
      <ing>
        <amt>
          <qty>3/4</qty>
          <unit>cups</unit></amt>
        <item>Light brown sugar</item></ing>
      <ing>
        <amt>
          <qty>1/2</qty>
          <unit>cups</unit></amt>
        <item>White sugar</item></ing>
      <ing>
        <amt>
          <qty>3/4</qty>
          <unit>cups</unit></amt>
        <item>Salted butter</item></ing>
      <ing>
        <amt>
          <qty>2</qty>
          <unit>large</unit></amt>
        <item>Eggs</item></ing>
      <ing>
        <amt>
          <qty>2</qty>
          <unit>teaspoons</unit></amt>
        <item>Pure vanilla extract</item></ing>
      <ing>
        <amt>
          <qty>1/2</qty>
          <unit>cups</unit></amt>
        <item>Sweetened shredded coconut</item></ing>
      <ing>
        <amt>
          <qty>1</qty>
          <unit>cup</unit></amt>
        <item>Chopped raw almonds,; unsalted</item></ing>
      <ing>
        <amt>
          <qty>1</qty>
          <unit>cup</unit></amt>
        <item>Chopped dates</item></ing>
      <ing>
        <amt>
          <qty>1/4</qty>
          <unit>cups</unit></amt>
        <item>Sweetened shredded coconut for topping</item></ing></ingredients>
    <directions>
      <step>  Preheat oven to 300 degrees. In medium bowl mix together flour, soda and
  salt with a wire whisk and set aside. In a medium bowl, combine brown sugar
  and white sugar with electric mixer at medium speed. Add and mix butter
  until it forms a grainy paste. Add eggs and vanilla and beat until smooth.
  Add flour mixture, coconut, almonds and dates. Blend on low speed until
  just combined. Do not overmix. Drop by rounded tablespoons onto ungreased
  baking sheets, 2 inches apart. Sprinkle tops lightly with reserved coconut.
  Bake 25 minutes or until bottoms turn golden brown. With a spatula,
  transfer to cool, flat surface.
  Recipe By     :THE DESSERT SHOW SHOW #DS3005
  
  Posted to MC-Recipe Digest V1 #265
  
  Date: Mon, 28 Oct 1996 08:33:02 -0500
  
  From: Meg Antczak &lt;meginny@node1.frontiernet.net&gt;
 
</step></directions></recipe></recipeml>
