<?xml version="1.0" encoding="UTF-8"?>

<recipeml version="0.5">
  <recipe>
    <head>
      <title>Almond Brunch Loaf</title>
      <categories>
        <cat>Breads &amp; ro</cat>
        <cat>Breakfast</cat></categories>
      <yield>12</yield></head>
    <ingredients>
      <ing>
        <amt>
          <qty>1/2</qty>
          <unit>cups</unit></amt>
        <item>Orange juice</item></ing>
      <ing>
        <amt>
          <qty>1</qty>
          <unit/></amt>
        <item>Egg</item></ing>
      <ing>
        <amt>
          <qty>2</qty>
          <unit>tablespoons</unit></amt>
        <item>Butter</item></ing>
      <ing>
        <amt>
          <qty>1/2</qty>
          <unit>teaspoons</unit></amt>
        <item>Salt</item></ing>
      <ing>
        <amt>
          <qty>2 1/4</qty>
          <unit>cups</unit></amt>
        <item>Bread flour</item></ing>
      <ing>
        <amt>
          <qty>1</qty>
          <unit>tablespoon</unit></amt>
        <item>Sugar</item></ing>
      <ing>
        <amt>
          <qty>1 1/2</qty>
          <unit>teaspoons</unit></amt>
        <item>Active dry yeast</item></ing>
      <ing>
        <amt>
          <qty>2/3</qty>
          <unit>cups</unit></amt>
        <item>Almond cake &amp; pastry filling (not paste)</item></ing>
      <ing>
        <amt>
          <qty>3</qty>
          <unit>tablespoons</unit></amt>
        <item>Toasted almonds; chopped</item></ing>
      <ing>
        <amt>
          <qty>1</qty>
          <unit>teaspoon</unit></amt>
        <item>Orange peel; grated</item></ing>
      <ing>
        <amt>
          <qty/>
          <unit/></amt>
        <item>Orange juice</item></ing>
      <ing>
        <amt>
          <qty/>
          <unit/></amt>
        <item>Sugar</item></ing></ingredients>
    <directions>
      <step>  Add 1/2 cup orange juice, egg, butter, salt, bread flour, sugar and yeast
  to a bread machine according to manufacturer's directions. Select dough
  cycle. When dough cycle is complete, remove dough from machine. Cover and
  let rest for 10 minutes.
  
  On a lightly floured surface, roll dough into a 24" x 8" rectangle.  In a
  small mixing bowl, stir together the almond filling, almonds, and orange
  peel.  Spread filling over dough to within 1/2" of the edges.  Fold dough
  loosely from a short side, making about eight 3" wide folds.  (This is
  similar to making a jelly roll, except you make folds 3" wide, instead of
  rolling it.)  Transfer to a lightly greased baking sheet.  On one of the
  long sides, make eleven 2 1/2" cuts from the edge toward the center at
  about 3/4" intervals. Flip every other strip of dough over to the alternate
  side. Slightly twist each strip, exposing the filling. (The loaf will look
  braided when you are done flipping and twisting!)
  
  Bake in a 350 oven for 25 to 30 minutes of until golden brown.  If
  necessary, cover loosely with foil during the last 5 to 10 minutes to
  prevent overbrowning. Lightly brush the bread surface with orange juice.
  Sprinkle with sugar. Serve warm.
  Posted to FOODWINE Digest 14 October 96
  
  Date:    Tue, 15 Oct 1996 08:53:57 -0400
  
  From:    Laura Hunter &lt;LHunter722@AOL.COM&gt;
 
</step></directions></recipe></recipeml>
