<?xml version="1.0" encoding="UTF-8"?>

<recipeml version="0.5">
  <recipe>
    <head>
      <title>Almond and Rice Flour Bread W/poppy Seed</title>
      <categories>
        <cat>Bread</cat></categories>
      <yield>8</yield></head>
    <ingredients>
      <ing>
        <amt>
          <qty>1/2</qty>
          <unit>cups</unit></amt>
        <item>Whole almonds; with skins</item></ing>
      <ing>
        <amt>
          <qty>1 1/2</qty>
          <unit>cups</unit></amt>
        <item>Brown rice flour</item></ing>
      <ing>
        <amt>
          <qty>4</qty>
          <unit>teaspoons</unit></amt>
        <item>Baking powder</item></ing>
      <ing>
        <amt>
          <qty>1/4</qty>
          <unit>teaspoons</unit></amt>
        <item>Salt</item></ing>
      <ing>
        <amt>
          <qty>3</qty>
          <unit>teaspoons</unit></amt>
        <item>Poppy seeds</item></ing>
      <ing>
        <amt>
          <qty>1/2</qty>
          <unit>cups</unit></amt>
        <item>Plain low-fat yogurt</item></ing>
      <ing>
        <amt>
          <qty>1/2</qty>
          <unit>cups</unit></amt>
        <item>Water</item></ing>
      <ing>
        <amt>
          <qty>1</qty>
          <unit>large</unit></amt>
        <item>Whole egg</item></ing>
      <ing>
        <amt>
          <qty>1</qty>
          <unit>large</unit></amt>
        <item>Egg white white</item></ing>
      <ing>
        <amt>
          <qty>2</qty>
          <unit>tablespoons</unit></amt>
        <item>Vegetable oil</item></ing></ingredients>
    <directions>
      <step>  Date: Mon, 25 Mar 1996 13:43:47 -0500
  
  From: Walt Gray &lt;waltgray@mnsinc.com&gt;
  This and the following two recipes are wheat free, utilizing brown rice
  flour. They're from an article by Jacqueline Mallorca in the Chron. For
  those to whom it is important, she's working on a book about wheat-free
  baking. No hint as to the release date though.
  
  Preheat oven to 350F. Butter an 8 x 4inch loaf pan.
  
  Place almonds and 1/2 cup of the flour in bowl of a food processor and
  grind until a fine meal is formed++the flour will prevent the nuts from
  turning oily. Add remaining rice flour, the baking powder, salt and 2
  teaspoons of the poppy seeds; process briefly.
  
  Combine yogurt, water, whole egg, egg white and oil in a 2-cup measuring
  cup.  With processor motor running, pour liquid ingredients through feed
  tube over flour mixture, processing just long enough to mix. Transfer
  batter to prepared pan. Sprinkle with remaining poppy seeds, and bake for
  55 minutes. Turn out onto a rack to cool. (Bread slices best after several
  hours, or the next day).
  
  Makes one 18-ounce loaf (18 slices).  PER SLICE: 90 calories, 3 g protein,
  11 g carbohydrate, 4 g fat (1 g saturated), 12 mg cholesterol, 115 mg
  sodium,
        1 g  fiber.
  
  From an article in the San Francisco Chronicle by Jacquline Mallorca,
  5/5/93.  Posted by Stephen Ceideberg; May 6 1993.
  
  MM-RECIPES@IDISCOVER.NET
  
  MEAL-MASTER RECIPES LIST SERVER
  
  MM-RECIPES DIGEST V3 #87
  
  From the MealMaster recipe list.  Downloaded from Glen's MM Recipe Archive,
  http://www.erols.com/hosey.
 
</step></directions></recipe></recipeml>
