<?xml version="1.0" encoding="UTF-8"?>

<recipeml version="0.5">
  <recipe>
    <head>
      <title>Almond-Praline Chocolate Upside-Down Cake</title>
      <categories>
        <cat>Cakes</cat></categories>
      <yield>1</yield></head>
    <ingredients>
      <ing>
        <amt>
          <qty>2</qty>
          <unit>tablespoons</unit></amt>
        <item>Margarine or butter</item></ing>
      <ing>
        <amt>
          <qty>1/3</qty>
          <unit>cups</unit></amt>
        <item>Packed brown sugar</item></ing>
      <ing>
        <amt>
          <qty>2</qty>
          <unit>tablespoons</unit></amt>
        <item>Half-and-half or light cream</item></ing>
      <ing>
        <amt>
          <qty>1/4</qty>
          <unit>cups</unit></amt>
        <item>Coarsely chopped almonds or pecans</item></ing>
      <ing>
        <amt>
          <qty>1/2</qty>
          <unit>cups</unit></amt>
        <item>All-purpose flour</item></ing>
      <ing>
        <amt>
          <qty>1/2</qty>
          <unit>cups</unit></amt>
        <item>Sugar</item></ing>
      <ing>
        <amt>
          <qty>2</qty>
          <unit>tablespoons</unit></amt>
        <item>Unsweetened cocoa powder</item></ing>
      <ing>
        <amt>
          <qty>1/2</qty>
          <unit>teaspoons</unit></amt>
        <item>Baking Powder</item></ing>
      <ing>
        <amt>
          <qty>1/4</qty>
          <unit>teaspoons</unit></amt>
        <item>Baking soda</item></ing>
      <ing>
        <amt>
          <qty>1/3</qty>
          <unit>cups</unit></amt>
        <item>Milk</item></ing>
      <ing>
        <amt>
          <qty>2</qty>
          <unit>tablespoons</unit></amt>
        <item>Margarine or butter; softened</item></ing>
      <ing>
        <amt>
          <qty>1</qty>
          <unit/></amt>
        <item>Egg or</item></ing>
      <ing>
        <amt>
          <qty>1</qty>
          <unit/></amt>
        <item>Egg white</item></ing>
      <ing>
        <amt>
          <qty>1/4</qty>
          <unit>teaspoons</unit></amt>
        <item>Vanilla</item></ing>
      <ing>
        <amt>
          <qty/>
          <unit/></amt>
        <item>Whipped cream or vanilla ice cream</item></ing></ingredients>
    <directions>
      <step>  For syrup, in a small saucepan melt the margarine or butter. Stir in the
  brown sugar and half-and-half or light cream. Cook and stir just till
  blended. Pour syrup into an 8x4x2-inch loaf pan or divide between two
  10-ounce custard cups. Sprinkle almonds or pecans evenly over the syrup.
  Set pan or custard cups aside.
  
  For batter, in a medium mixing bowl stir together the flour, sugar, cocoa
  powder, baking powder, and baking soda. Add milk, margarine or butter, egg
  or egg white, and vanilla. Beat with an electric mixer on low to medium
  speed about 30 seconds or till combined. Beat on medium to high speed for 1
  minute. Gently pour or spoon the batter over the syrup and nuts in the pan
  or custard cups. If using custard cups, place on a baking sheet.
  
  Bake in a 350 degree F. oven for 25 to 30 minutes or till a wooden
  toothpick inserted near the center comes out clean. Cool on a wire rack for
  5 minutes. Loosen sides and invert the cake onto a plate. Serve cake warm
  with whipped cream or ice cream. Serves 4.
  
  Nutrition facts per serving: 468 cal. , 7 g pro. , 59 g carbo. , 24 g total
  fat (8 g sat. fat), 78 mg chol. , 266 mg sodium, 244 mg potassium.
  Posted to recipelu-digest Volume 01 Number 353 by James and Susan Kirkland
  &lt;kirkland@gj.net&gt; on Dec 09, 1997
 
</step></directions></recipe></recipeml>
