<?xml version="1.0" encoding="UTF-8"?>

<recipeml version="0.5">
  <recipe>
    <head>
      <title>Almond Biscotti</title>
      <categories>
        <cat>Cookies</cat></categories>
      <yield>1</yield></head>
    <ingredients>
      <ing>
        <amt>
          <qty>1</qty>
          <unit>package</unit></amt>
        <item>Whole unsalted unblanched almonds; (12 ounce)</item></ing>
      <ing>
        <amt>
          <qty>1/4</qty>
          <unit>cups</unit></amt>
        <item>Canola oil</item></ing>
      <ing>
        <amt>
          <qty>1 1/4</qty>
          <unit>cups</unit></amt>
        <item>Sugar</item></ing>
      <ing>
        <amt>
          <qty>2</qty>
          <unit/></amt>
        <item>Eggs</item></ing>
      <ing>
        <amt>
          <qty>2 3/4</qty>
          <unit>cups</unit></amt>
        <item>Whole wheat pastry-grind flour; OR</item></ing>
      <ing>
        <amt>
          <qty/>
          <unit/></amt>
        <item>All-purpose flour</item></ing>
      <ing>
        <amt>
          <qty>1</qty>
          <unit>teaspoon</unit></amt>
        <item>Baking powder</item></ing>
      <ing>
        <amt>
          <qty>1/2</qty>
          <unit>teaspoons</unit></amt>
        <item>Salt</item></ing>
      <ing>
        <amt>
          <qty>1</qty>
          <unit>teaspoon</unit></amt>
        <item>Anise seeds; finely crushed</item></ing></ingredients>
    <directions>
      <step>  Toast nuts in a 350F oven, about 8 to 10 minutes, until aromatic.Be careful
  not to scorch. (Cut a few nuts open and check that the centers are lightly
  browned but not dark.) Chop nuts coarsely. Reduce oven temperature to 325F.
  Lightly spray-grease a large cooking sheet.
  
  In a large mixer bowl, beat together oil, sugar and eggs. Sift flour,
  baking powder and salt together. Add dry ingredients, anise seed and
  almonds to mixer and mix until dough pulls together. Divide dough into 2
  equal parts. Spread each portion of dough into a strip about 3- X 12-inches
  long. Bake in preheated oven for 30 minutes. Carefully remove each cookie
  strip to a cutting board and cut diagonally into 1/2-inch slices. Turn each
  slice onto its side and return to baking sheet. Return to oven and bake
  another 15 minutes. Remove from pan and cool on a rack. Makes 3-1/2 dozen
  cookies.
  
  Copyright=A9 1996, Jane A. Rubey, M.P.H., R.D. World Rights Reserved
  Posted to MC-Recipe Digest V1 #190
  
  Date: Fri, 9 Aug 1996 12:24:02 -0700 (PDT)
  
  From: PatH &lt;phannema@wizard.ucr.edu&gt;
  NOTES : See Nectarines and Raspberries with Biscotti Crumbs
 
</step></directions></recipe></recipeml>
