<?xml version="1.0" encoding="UTF-8"?>

<recipeml version="0.5">
  <recipe>
    <head>
      <title>April Victoria's Lavender Faerie Cookies</title>
      <categories>
        <cat>Biscuits</cat>
        <cat>Desserts</cat></categories>
      <yield>1</yield></head>
    <ingredients>
      <ing>
        <amt>
          <qty>1/2</qty>
          <unit>cups</unit></amt>
        <item>Butter</item></ing>
      <ing>
        <amt>
          <qty>1</qty>
          <unit>cup</unit></amt>
        <item>Sugar</item></ing>
      <ing>
        <amt>
          <qty>2</qty>
          <unit/></amt>
        <item>Eggs</item></ing>
      <ing>
        <amt>
          <qty>1/2</qty>
          <unit>teaspoons</unit></amt>
        <item>Vanilla</item></ing>
      <ing>
        <amt>
          <qty>1</qty>
          <unit>tablespoon</unit></amt>
        <item>Finely chopped lavender flowers</item></ing>
      <ing>
        <amt>
          <qty>1 1/2</qty>
          <unit>cups</unit></amt>
        <item>Flour</item></ing>
      <ing>
        <amt>
          <qty>2</qty>
          <unit>teaspoons</unit></amt>
        <item>Baking powder</item></ing></ingredients>
    <directions>
      <step>  Preheat oven to 375 F.
  
  Cream butter and sugar.  Beat in eggs and vanilla; stir in the dry
  ingredients until well blended.
  
  Drop by half-teaspoons on ungreased baking sheet. Bake 8 to 10 minutes, and
  cool slightly on baking sheet before transferring to plates.
  
  From "Where the Wild Thyme Grows" article in "The Herb Companion."
  April/May 1993, Vol. 5, No. 4.  Pg. 57. Posted by Cathy Harned.
  
  From Gemini's MASSIVE MealMaster collection at www.synapse.com/~gemini
 
</step></directions></recipe></recipeml>
