<?xml version="1.0" encoding="UTF-8"?>

<recipeml version="0.5">
  <recipe>
    <head>
      <title>Apricot Rum Cake</title>
      <categories>
        <cat>Cakes</cat>
        <cat>Desserts</cat>
        <cat>Alcohol</cat>
        <cat>Bundt</cat></categories>
      <yield>10</yield></head>
    <ingredients>
      <ing>
        <amt>
          <qty>1</qty>
          <unit>package</unit></amt>
        <item>Yellow cake mix</item></ing>
      <ing>
        <amt>
          <qty>4</qty>
          <unit>large</unit></amt>
        <item>Eggs Glaze</item></ing>
      <ing>
        <amt>
          <qty>1</qty>
          <unit/></amt>
        <item>Stick butter</item></ing>
      <ing>
        <amt>
          <qty>3/4</qty>
          <unit>cups</unit></amt>
        <item>Oil</item></ing>
      <ing>
        <amt>
          <qty>2/3</qty>
          <unit>cups</unit></amt>
        <item>Sugar</item></ing>
      <ing>
        <amt>
          <qty>2/3</qty>
          <unit>cups</unit></amt>
        <item>Apricot nectar</item></ing>
      <ing>
        <amt>
          <qty>1/3</qty>
          <unit>cups</unit></amt>
        <item>Meyer's rum</item></ing></ingredients>
    <directions>
      <step>   Combine cake mix, eggs, oil and apricot nectar and beat with mixer 10
  mins. Pour into lightly greased and floured tube pan and bake for 50 mins
  at 325F. Combine butter, sugar and rum in saucepan and bring to a boil.
  Prick cake with long pronged fork; slowly pour glaze over top and sides.
  May be frozen.
  
  From Gemini's MASSIVE MealMaster collection at www.synapse.com/~gemini
 
</step></directions></recipe></recipeml>
