<?xml version="1.0" encoding="UTF-8"?>

<recipeml version="0.5">
  <recipe>
    <head>
      <title>Apricot Whip</title>
      <categories>
        <cat>Cyberealm</cat>
        <cat>Desserts</cat></categories>
      <yield>3</yield></head>
    <ingredients>
      <ing-div>
        <title>FROM BRIGITTE SEALING</title></ing-div>
      <ing-div>
        <title>CYBEREALM BBS 315-786-1120</title>
        <ing>
          <amt>
            <qty>1</qty>
            <unit>cup</unit></amt>
          <item>Cottage cheese, creamed</item></ing>
        <ing>
          <amt>
            <qty>2/3</qty>
            <unit>cups</unit></amt>
          <item>Milk</item></ing>
        <ing>
          <amt>
            <qty>1/4</qty>
            <unit>cups</unit></amt>
          <item>Dried apricots</item></ing>
        <ing>
          <amt>
            <qty>2</qty>
            <unit>tablespoons</unit></amt>
          <item>Sugar</item></ing>
        <ing>
          <amt>
            <qty>1/2</qty>
            <unit>teaspoons</unit></amt>
          <item>Almond extract</item></ing>
        <ing>
          <amt>
            <qty>1</qty>
            <unit>can</unit></amt>
          <item>Apricots</item></ing></ing-div></ingredients>
    <directions>
      <step>  Place the cottage cheese, dried apricots, sugar and almond extract
  into a blender. Blend about 1 1/2 minutes until all is smooth.
  Pour into chilled glasses. Garnish with canned apricots.
  
  Source: Women's Day magazine
  
  File ftp://ftp.idiscover.co.uk/pub/food/mealmaster/recipes/mmcyber4.zip
 
</step></directions></recipe></recipeml>
