<?xml version="1.0" encoding="UTF-8"?>

<recipeml version="0.5">
  <recipe>
    <head>
      <title>Apricot Pineapple Cake</title>
      <categories>
        <cat>Cakes</cat></categories>
      <yield>4</yield></head>
    <ingredients>
      <ing>
        <amt>
          <qty>2</qty>
          <unit/></amt>
        <item>Eggs; beaten</item></ing>
      <ing>
        <amt>
          <qty>3/4</qty>
          <unit>cups</unit></amt>
        <item>Apricot Apple Butter</item></ing>
      <ing>
        <amt>
          <qty>1/2</qty>
          <unit>cups</unit></amt>
        <item>Dried apricots; chopped fine</item></ing>
      <ing>
        <amt>
          <qty>2</qty>
          <unit>teaspoons</unit></amt>
        <item>Baking soda</item></ing>
      <ing>
        <amt>
          <qty>1/2</qty>
          <unit>cups</unit></amt>
        <item>Butter; melted</item></ing>
      <ing>
        <amt>
          <qty>1/2</qty>
          <unit>cups</unit></amt>
        <item>Crushed pineapple; drained</item></ing>
      <ing>
        <amt>
          <qty>2</qty>
          <unit>cups</unit></amt>
        <item>Flour</item></ing>
      <ing>
        <amt>
          <qty>1/2</qty>
          <unit>cups</unit></amt>
        <item>Fruit Sweet</item></ing></ingredients>
    <directions>
      <step>  Combine the eggs, butter, Apricot Apple Butter, pineapple and dried
  apricots until thoroughly blended. Mix the flour and baking soda together,
  then combine with the egg mixture alternately with the Fruit Sweet. Mix
  until the batter is smooth.
  
  Bake in a 9"x12" greased and floured pan at 340 degrees for 40 minutes or
  until cake springs back when pressed lightly. Remove the cake from the
  oven. Cool, turn out and cool completely. This cake is best served the next
  day.
  
  busted by sooz
  
  Recipe by: Key Gourmet
  
  Posted to recipelu-digest by sooz &lt;kirkland@gj.net&gt; on Mar 23, 1998
 
</step></directions></recipe></recipeml>
