<?xml version="1.0" encoding="UTF-8"?>

<recipeml version="0.5">
  <recipe>
    <head>
      <title>Apricot Rolls</title>
      <categories>
        <cat>Formed</cat>
        <cat>Christmas</cat></categories>
      <yield>100</yield></head>
    <ingredients>
      <ing>
        <amt>
          <qty>16</qty>
          <unit>ounces</unit></amt>
        <item>Cream cheese</item></ing>
      <ing>
        <amt>
          <qty>2</qty>
          <unit>cups</unit></amt>
        <item>Butter</item></ing>
      <ing>
        <amt>
          <qty>4</qty>
          <unit/></amt>
        <item>Eggs; separated</item></ing>
      <ing>
        <amt>
          <qty>1/2</qty>
          <unit>cups</unit></amt>
        <item>Sugar</item></ing>
      <ing>
        <amt>
          <qty>6</qty>
          <unit>cups</unit></amt>
        <item>Flour</item></ing>
      <ing>
        <amt>
          <qty>24</qty>
          <unit>ounces</unit></amt>
        <item>Apricot preserves</item></ing></ingredients>
    <directions>
      <step>  Mix cream cheese, butter, egg yolks, sugar and flour. Refrigerate
  overnight. Divide dough into 4 sections and roll out in powdered sugar into
  a 15x10 inch rectangle. Spread with preserves and roll up jelly roll style.
  Place on greased cookie sheet, brush with reserved egg white, and sprinkle
  with sugar. Bake at 350 degrees for 20 minutes or until brown. Cool then
  cut into slices.
  
  NOTES : You can roll these out into individual cookies if desired.
  
  Recipe by: LuAnn
  
  Posted to Bakery-Shoppe Digest V1 #446 by "stefanie"
  &lt;gaggini@gate.usaor.net&gt; on Dec 11, 1997
 
</step></directions></recipe></recipeml>
