<?xml version="1.0" encoding="UTF-8"?>

<recipeml version="0.5">
  <recipe>
    <head>
      <title>Apricot Sauce</title>
      <categories>
        <cat>Sauces</cat>
        <cat>Desserts</cat>
        <cat>Syd's book</cat></categories>
      <yield>4</yield></head>
    <ingredients>
      <ing>
        <amt>
          <qty>4</qty>
          <unit>ounces</unit></amt>
        <item>Apricots, Dried</item></ing>
      <ing>
        <amt>
          <qty>3/4</qty>
          <unit>cups</unit></amt>
        <item>Apple Juice</item></ing>
      <ing>
        <amt>
          <qty>1/2</qty>
          <unit>cups</unit></amt>
        <item>Orange Juice</item></ing>
      <ing>
        <amt>
          <qty>1/4</qty>
          <unit>cups</unit></amt>
        <item>Honey</item></ing>
      <ing>
        <amt>
          <qty>2</qty>
          <unit>tablespoons</unit></amt>
        <item>Water</item></ing>
      <ing>
        <amt>
          <qty>2</qty>
          <unit>teaspoons</unit></amt>
        <item>Cornstarch</item></ing>
      <ing>
        <amt>
          <qty/>
          <unit/></amt>
        <item>Ginger, Ground, To Taste</item></ing>
      <ing>
        <amt>
          <qty/>
          <unit/></amt>
        <item>Cinnamon, Ground, To Taste</item></ing>
      <ing>
        <amt>
          <qty>1</qty>
          <unit>tablespoon</unit></amt>
        <item>Sweet Vermouth</item></ing></ingredients>
    <directions>
      <step>  Cover the apricots with the apple juice and bring to a full boil.  Reduce
  the heat and simmer, covered, 30 minutes.  Stir the apricots occasionally
  so they will not stick or burn.  Let the apricots cool, then strain.
  Reserve the cooking liquid.  Chop the cooked apricots and set aside.  In a
  2-quart saucepan combine the orange juice, honey, water, cornstarch, ginger
  and cinnamon.  Heat, stirring constantly, until thickened slightly. Remove
  the pan from the heat and add the apricots, their cooking liquid and
  vermouth.  Serve hot or well chilled.  From: Syd's Cookbook.
  
  File ftp://ftp.idiscover.co.uk/pub/food/mealmaster/recipes/sydsbook.zip
 
</step></directions></recipe></recipeml>
