<?xml version="1.0" encoding="UTF-8"?>

<recipeml version="0.5">
  <recipe>
    <head>
      <title>Apricot Salad #2</title>
      <categories>
        <cat>Salad</cat></categories>
      <yield>12</yield></head>
    <ingredients>
      <ing>
        <amt>
          <qty>1</qty>
          <unit>package</unit></amt>
        <item>(3-oz) cream cheese</item></ing>
      <ing>
        <amt>
          <qty>1</qty>
          <unit>package</unit></amt>
        <item>(small) apricot gelatin</item></ing>
      <ing>
        <amt>
          <qty>1</qty>
          <unit>can</unit></amt>
        <item>Fruit cocktail with juice</item></ing>
      <ing>
        <amt>
          <qty>1</qty>
          <unit>can</unit></amt>
        <item>Apricots; drained</item></ing>
      <ing>
        <amt>
          <qty>1</qty>
          <unit>container</unit></amt>
        <item>(9-oz) cool whip</item></ing></ingredients>
    <directions>
      <step>  Mix cream cheese and dry gelatin with a fork. Add enough water to juice
  from apricots to make two to three cups; bring to boil. Pour boiling
  mixture over gelatin and cheese mixture. Let cool and then add fruit
  cocktail and chopped apricots. Let it get cold and fold in Cool Whip.
  Refrigerate until set. Serves
  
  12.
  
  From &lt;A Taste of Louisiana&gt;.  Downloaded from Glen's MM Recipe Archive,
  http://www.erols.com/hosey.
 
</step></directions></recipe></recipeml>
