<?xml version="1.0" encoding="UTF-8"?>

<recipeml version="0.5">
  <recipe>
    <head>
      <title>Apricot Nut Bread</title>
      <categories>
        <cat>*</cat>
        <cat>Mom</cat>
        <cat>Quickbreads</cat></categories>
      <yield>1</yield></head>
    <ingredients>
      <ing>
        <amt>
          <qty>2 1/2</qty>
          <unit>cups</unit></amt>
        <item>Flour</item></ing>
      <ing>
        <amt>
          <qty>1</qty>
          <unit>cup</unit></amt>
        <item>Sugar</item></ing>
      <ing>
        <amt>
          <qty>3 1/2</qty>
          <unit>teaspoons</unit></amt>
        <item>Baking powder</item></ing>
      <ing>
        <amt>
          <qty>1</qty>
          <unit>teaspoon</unit></amt>
        <item>Salt</item></ing>
      <ing>
        <amt>
          <qty>1</qty>
          <unit>tablespoon</unit></amt>
        <item>Grated orange peel; plus</item></ing>
      <ing>
        <amt>
          <qty>1</qty>
          <unit>teaspoon</unit></amt>
        <item>Grated orange peel</item></ing>
      <ing>
        <amt>
          <qty>3</qty>
          <unit>tablespoons</unit></amt>
        <item>Canola oil</item></ing>
      <ing>
        <amt>
          <qty>1/2</qty>
          <unit>cups</unit></amt>
        <item>1% low-fat milk</item></ing>
      <ing>
        <amt>
          <qty>3/4</qty>
          <unit>cups</unit></amt>
        <item>Orange juice</item></ing>
      <ing>
        <amt>
          <qty>1</qty>
          <unit/></amt>
        <item>Egg</item></ing>
      <ing>
        <amt>
          <qty>1</qty>
          <unit>cup</unit></amt>
        <item>Walnuts; finely chopped</item></ing>
      <ing>
        <amt>
          <qty>1</qty>
          <unit>cup</unit></amt>
        <item>Dried apricots; chopped</item></ing></ingredients>
    <directions>
      <step>  Heat oven to 350 degrees. Grease 2 loaf pans. Measure all ingredients into
  a large mixer bowl. Beat on med. speed for 1/2 min. Pour into pans. Bake
  55-65 mins or until toothpick comes out clean. Variation: Prune Nut Bread
  Omit orange peel, orange juice and apricots. Add 3/4 cup prune juice and i
  cup chopped cooked prunes.
  
  Source Jean Hopkins-Mom Formatted for Mastercook by Carol
  Floyd--c.floyd@arnprior.com
  
  Recipe by: Jean Hopkins-Mom
  
  Posted to MC-Recipe Digest V1 #883 by Carol &amp; Bob Floyd
  &lt;c.floyd@arnprior.com&gt; on Nov 04, 1997
 
</step></directions></recipe></recipeml>
