<?xml version="1.0" encoding="UTF-8"?>

<recipeml version="0.5">
  <recipe>
    <head>
      <title>Apricot Plum Sauce (Worthington)</title>
      <categories>
        <cat>Fruit</cat>
        <cat>Lowfat</cat></categories>
      <yield>64</yield></head>
    <ingredients>
      <ing>
        <amt>
          <qty>1</qty>
          <unit>large</unit></amt>
        <item>Onion; coarsely chopped</item></ing>
      <ing>
        <amt>
          <qty>4</qty>
          <unit/></amt>
        <item>Garlic cloves; minced</item></ing>
      <ing>
        <amt>
          <qty>1/4</qty>
          <unit>cups</unit></amt>
        <item>Fresh ginger; coarsely chopped</item></ing>
      <ing>
        <amt>
          <qty>2</qty>
          <unit/></amt>
        <item>Limes; thinly sliced</item></ing>
      <ing>
        <amt>
          <qty>1</qty>
          <unit>pound</unit></amt>
        <item>Apricots; pitted</item></ing>
      <ing>
        <amt>
          <qty>1</qty>
          <unit>pound</unit></amt>
        <item>Plums; pitted</item></ing>
      <ing>
        <amt>
          <qty>1</qty>
          <unit>cup</unit></amt>
        <item>Cider vinegar</item></ing>
      <ing>
        <amt>
          <qty>1/2</qty>
          <unit>cups</unit></amt>
        <item>Tawny port wine</item></ing>
      <ing>
        <amt>
          <qty>2</qty>
          <unit>cups</unit></amt>
        <item>Dark brown sugar</item></ing>
      <ing>
        <amt>
          <qty>1</qty>
          <unit>teaspoon</unit></amt>
        <item>Cinnamon</item></ing>
      <ing>
        <amt>
          <qty>1</qty>
          <unit>teaspoon</unit></amt>
        <item>Ground allspice</item></ing>
      <ing>
        <amt>
          <qty>1/2</qty>
          <unit>teaspoons</unit></amt>
        <item>Cayenne pepper or crushed red pepper flakes</item></ing>
      <ing>
        <amt>
          <qty>1</qty>
          <unit>teaspoon</unit></amt>
        <item>Salt</item></ing>
      <ing>
        <amt>
          <qty>1/4</qty>
          <unit>cups</unit></amt>
        <item>Chopped fresh cilantro</item></ing></ingredients>
    <directions>
      <step>  Coarsley chop the pitted apricots and plums.
  
  1. In a food processor fitted with s steel blade, process the onion,
  garlic, ginger, limes, apricots, and plums until pureed.
  
  2. In a medium nonaluminum dutch oven or heavv pot, combine the pureed
  ingredients and all the remaining ingredients except the cilantro and bring
  to a boil over medium-high heat.
  
  3. Lower the heat and simmer until slightly thickened, about 45 minutes.
  Stir frequently to avoid burning. Remove from the heat and cool. Add the
  cilantro and taste for seasoning. Pour the sauce into a large glass
  container and refrigerate.
  
  NOTES: This sauce may be refrigerated in an airtight container for up to 2
  months. MAKES 4 CUPS. Recipe may be doubled. Makes a good gift. USES:
  particularly good with pork, chicken, quail, and game hens. Dilute it with
  wine or nectar to use it as a marinade.
  
  1998-Apr-16 Hanneman (MC PER SERVING: 20 cals per Tbs) TIP: Make sure the
  cilantro is totally submerged before storing. Or omit and add at service.
  
  Recipe by: TASTE OF SUMMER by Diane Rossen Worthington
  
  Posted to MC-Recipe Digest by KitPATh &lt;phannema@wizard.ucr.edu&gt; on Apr 16,
  1998
 
</step></directions></recipe></recipeml>
