<?xml version="1.0" encoding="UTF-8"?>

<recipeml version="0.5">
  <recipe>
    <head>
      <title>Apricot Oat-Nut Snack Mix</title>
      <categories>
        <cat>Appetizers</cat>
        <cat>Fruit</cat></categories>
      <yield>20</yield></head>
    <ingredients>
      <ing>
        <amt>
          <qty>3</qty>
          <unit>cups</unit></amt>
        <item>Rolled oats</item></ing>
      <ing>
        <amt>
          <qty>2</qty>
          <unit>cups</unit></amt>
        <item>Oat bran</item></ing>
      <ing>
        <amt>
          <qty>2</qty>
          <unit>teaspoons</unit></amt>
        <item>Cinnamon</item></ing>
      <ing>
        <amt>
          <qty>1/2</qty>
          <unit>teaspoons</unit></amt>
        <item>Nutmeg</item></ing>
      <ing>
        <amt>
          <qty>1</qty>
          <unit>cup</unit></amt>
        <item>Walnut halves;, broken</item></ing>
      <ing>
        <amt>
          <qty>1</qty>
          <unit>cup</unit></amt>
        <item>Almonds; coarsely chopped or slivered</item></ing>
      <ing>
        <amt>
          <qty>1/2</qty>
          <unit>cups</unit></amt>
        <item>Raw sunflower seeds</item></ing>
      <ing>
        <amt>
          <qty>5</qty>
          <unit>tablespoons</unit></amt>
        <item>Vegetable oil</item></ing>
      <ing>
        <amt>
          <qty>3/4</qty>
          <unit>cups</unit></amt>
        <item>Honey;, melted</item></ing>
      <ing>
        <amt>
          <qty>1 1/3</qty>
          <unit>cups</unit></amt>
        <item>Dried apricots;, quartered</item></ing>
      <ing>
        <amt>
          <qty>3/4</qty>
          <unit>cups</unit></amt>
        <item>Raisins</item></ing></ingredients>
    <directions>
      <step>  Preheat oven to 325. In a large bowl, combine rolled oats, bran, cinnamon,
  nutmeg, walnuts, almonds and sunflower seeds; toss well. Drizzle oil over
  mixture and toss unti coated. Drizzle melted honey over mixture and
  continue tossing until coated. (Mixture should be clumpy). Divide mixture
  onto two cookie sheets, spreading evenly. In top third of oven, bake 20
  minutes. Remove from oven, stir with wooden spoon, mixing thoroughly.
  Continue to bake 30 minutes more, stirring every 10 minutes. Return snack
  mix to bowl, add dried fruits. Toss gently and cool. Can be stored for 2
  weeks in airtight containers or frozen up to 2 months. Makes 20 servings.
  Typed by "Espied" Ethel R. Snyder &lt;essie49@juno.com&gt; Date: Oct. 12, 1997
  
  Recipe by: Capper's -- September 9, 1997
  
  Posted to MC-Recipe Digest V1 #841 by essie49@juno.com (Ethel R Snyder) on
  Oct 12, 1997
 
</step></directions></recipe></recipeml>
