<?xml version="1.0" encoding="UTF-8"?>

<recipeml version="0.5">
  <recipe>
    <head>
      <title>Apricot White Chocolate Scones</title>
      <categories>
        <cat>Desserts</cat>
        <cat>Cookies and</cat>
        <cat>Breads and</cat></categories>
      <yield>4</yield></head>
    <ingredients>
      <ing>
        <amt>
          <qty>1 1/8</qty>
          <unit>cups</unit></amt>
        <item>Flour</item></ing>
      <ing>
        <amt>
          <qty>1/3</qty>
          <unit>teaspoons</unit></amt>
        <item>Baking Powder</item></ing>
      <ing>
        <amt>
          <qty>1/4</qty>
          <unit>teaspoons</unit></amt>
        <item>Salt</item></ing>
      <ing>
        <amt>
          <qty>2 2/3</qty>
          <unit>tablespoons</unit></amt>
        <item>Sugar</item></ing>
      <ing>
        <amt>
          <qty>3/4</qty>
          <unit>ounces</unit></amt>
        <item>Butter</item></ing>
      <ing>
        <amt>
          <qty>1/2</qty>
          <unit>cups</unit></amt>
        <item>Cream</item></ing>
      <ing>
        <amt>
          <qty>1/2</qty>
          <unit/></amt>
        <item>Whole Eggs</item></ing>
      <ing>
        <amt>
          <qty>3/4</qty>
          <unit>teaspoons</unit></amt>
        <item>Vanilla</item></ing>
      <ing>
        <amt>
          <qty>2 3/8</qty>
          <unit>ounces</unit></amt>
        <item>White Chocolate Chipszx</item></ing>
      <ing>
        <amt>
          <qty>1/2</qty>
          <unit>cans</unit></amt>
        <item>Dried Apricot halves; chopped</item></ing>
      <ing>
        <amt>
          <qty>1/2</qty>
          <unit>cups</unit></amt>
        <item>Pecans, dry-roasted; chopped</item></ing></ingredients>
    <directions>
      <step>  1) Sift the dry ingredients together.
  
  2) In a large mixing bowl, cut the butter into the flour.
  
  3) In a small mixing bowl mix the cream, eggs, and the vanilla together,
  pour into the flour and mix until it is incorperated.
  4) Stir in the Chocolate, Pecans and the apricots, and mix to combine.
  
  5) Roll out the dough to about 1/2" thick, and cut with a cutter or make
  triangles.
  6) Bake In the oven for 25-30 minutes at 375f.
  Recipe By     : The lodge at Pebble Beach
  
  Posted to MC-Recipe Digest V1 #296
  
  Date: Mon, 11 Nov 1996 03:19:58 -0600
  
  From: "Scalvert @ hooked.net" &lt;scalvert@hooked.net&gt;
 
</step></directions></recipe></recipeml>
