<?xml version="1.0" encoding="UTF-8"?>

<recipeml version="0.5">
  <recipe>
    <head>
      <title>Apricot or Chocolate -Filled Rugelah</title>
      <categories>
        <cat>Danish</cat>
        <cat>And</cat>
        <cat>Pastries</cat></categories>
      <yield>50</yield></head>
    <ingredients>
      <ing-div>
        <title>DOUGH</title>
        <ing>
          <amt>
            <qty>8</qty>
            <unit>ounces</unit></amt>
          <item>Cream cheese</item></ing>
        <ing>
          <amt>
            <qty>1</qty>
            <unit>cup</unit></amt>
          <item>Unsalted butter</item></ing>
        <ing>
          <amt>
            <qty>1/2</qty>
            <unit>cups</unit></amt>
          <item>Confectioner's sugar</item></ing>
        <ing>
          <amt>
            <qty>1</qty>
            <unit>pinch</unit></amt>
          <item>Salt</item></ing>
        <ing>
          <amt>
            <qty>1/2</qty>
            <unit>teaspoons</unit></amt>
          <item>Lemon juice</item></ing>
        <ing>
          <amt>
            <qty>1/2</qty>
            <unit>teaspoons</unit></amt>
          <item>Vanilla extract</item></ing>
        <ing>
          <amt>
            <qty>2</qty>
            <unit>cups</unit></amt>
          <item>All- purpose flour</item></ing>
        <ing>
          <amt>
            <qty>1</qty>
            <unit>large</unit></amt>
          <item>Egg</item></ing>
        <ing>
          <amt>
            <qty>1/4</qty>
            <unit>cups</unit></amt>
          <item>Crystallized or granulated sugar</item></ing></ing-div>
      <ing-div>
        <title>APRICOT FILLING</title>
        <ing>
          <amt>
            <qty>1</qty>
            <unit>cup</unit></amt>
          <item>Apricot jam</item></ing>
        <ing>
          <amt>
            <qty>2</qty>
            <unit>tablespoons</unit></amt>
          <item>Cake crumbs, optional</item></ing>
        <ing>
          <amt>
            <qty>3/4</qty>
            <unit>cups</unit></amt>
          <item>Walnuts, broken up</item></ing></ing-div>
      <ing-div>
        <title>CHOCOLATE FILLING</title>
        <ing>
          <amt>
            <qty>1</qty>
            <unit>cup</unit></amt>
          <item>Shaved bittersweet chocolate, (about 8 ounces)</item></ing>
        <ing>
          <amt>
            <qty>1/4</qty>
            <unit>cups</unit></amt>
          <item>Sugar</item></ing>
        <ing>
          <amt>
            <qty>1</qty>
            <unit>large</unit></amt>
          <item>Egg</item></ing>
        <ing>
          <amt>
            <qty>1 1/4</qty>
            <unit>cups</unit></amt>
          <item>Crystallized or granulated sugar</item></ing></ing-div></ingredients>
    <directions>
      <step>  Place the cream cheese, butter, confectioner's sugar, lemon juice and
  vanilla in a food processor.
  
  Add the flour and pulse til a very soft dough is formed. Refrigerate for at
  least ONE HOUR.
  
  Mix the ingredients for the filling of your choice and divide the dough
  into 4 balls. Roll the balls out into 4 circles, about 1/8 inch thick and
  spread with apricot or chocolate filling.
  
  Cut into pie- shaped pieces 1-inch wide at the circumference. Roll up from
  the wide side to the center.
  
  Beat the egg and brush the top.
  
  Sprinkle with the crystallized (or granulated) sugar and place flat on a
  greased cookie sheet. (Alternately, roll out each ball to a rectangle,
  1/4-inch thick. Top with apricot or chocolate filling.
  
  Roll each rectangle into a jelly roll and cut into 1/2-inch pieces. Lay
  flat on a greased cookie sheet. Beat the egg, brush the tops of each
  cookie, and sprinkle with the crystallized (or granulated) sugar.
  
  Bake on a greased cookie sheet in a preheated 350 degree oven for 25
  minutes or until golden brown.
  Posted to JEWISH-FOOD digest V96 #096
  
  Recipe by: Jewish Cooking in America by Joan Nathan   p. 352  1994
  
  From: Linda Shapiro &lt;lss@coconet.com&gt;
  
  Date: Fri, 06 Dec 1996 17:39:37 -0500
 
</step></directions></recipe></recipeml>
