<?xml version="1.0" encoding="UTF-8"?>

<recipeml version="0.5">
  <recipe>
    <head>
      <title>Apricot or Peach Marmalade</title>
      <categories>
        <cat>None</cat></categories>
      <yield>1</yield></head>
    <ingredients>
      <ing>
        <amt>
          <qty>2 1/2</qty>
          <unit>pounds</unit></amt>
        <item>Apricots or peaches; pitted and cut into quarters</item></ing>
      <ing>
        <amt>
          <qty>1/2</qty>
          <unit>cups</unit></amt>
        <item>Sugar; (about)</item></ing>
      <ing>
        <amt>
          <qty>2</qty>
          <unit>tablespoons</unit></amt>
        <item>Lemon juice</item></ing>
      <ing>
        <amt>
          <qty>2</qty>
          <unit>tablespoons</unit></amt>
        <item>Apricot brandy</item></ing>
      <ing>
        <amt>
          <qty>1</qty>
          <unit>tablespoon</unit></amt>
        <item>Orange zest</item></ing>
      <ing>
        <amt>
          <qty/>
          <unit/></amt>
        <item>Pinch; of salt</item></ing></ingredients>
    <directions>
      <step>  In a nonreactive saucepan, combine apricots, sugar, lemon juice, brandy,
  orange zest, and salt. Over medium heat, cook until the fruit begins to
  give up its juices. Lower heat and simmer until fruit is tender and mixture
  thickens, about 1 hour. Correct flavor to taste, adding a little more sugar
  as necessary. Makes about 4 1/2 cups.
  
  Recipe by: MAILING LIST 1995
  
  Posted to recipelu-digest Volume 01 Number 442 by ctlindab@mail1.nai.net on
  Jan 3, 1998
 
</step></directions></recipe></recipeml>
