<?xml version="1.0" encoding="UTF-8"?>

<recipeml version="0.5">
  <recipe>
    <head>
      <title>Apricot Sour Cream Pie</title>
      <categories>
        <cat>Pie</cat></categories>
      <yield>8</yield></head>
    <ingredients>
      <ing-div>
        <title>FILLING</title>
        <ing>
          <amt>
            <qty>1 1/4</qty>
            <unit>cups</unit></amt>
          <item>Dried apricots</item></ing>
        <ing>
          <amt>
            <qty>1</qty>
            <unit>cup</unit></amt>
          <item>Water</item></ing>
        <ing>
          <amt>
            <qty>3</qty>
            <unit/></amt>
          <item>Whites</item></ing>
        <ing>
          <amt>
            <qty>3/4</qty>
            <unit>cups</unit></amt>
          <item>Sugar</item></ing>
        <ing>
          <amt>
            <qty>1</qty>
            <unit>cup</unit></amt>
          <item>Lite sour cream</item></ing>
        <ing>
          <amt>
            <qty>1</qty>
            <unit>tablespoon</unit></amt>
          <item>Flour</item></ing>
        <ing>
          <amt>
            <qty>1/2</qty>
            <unit>teaspoons</unit></amt>
          <item>Salt</item></ing>
        <ing>
          <amt>
            <qty>1</qty>
            <unit>teaspoon</unit></amt>
          <item>Lemon juice</item></ing>
        <ing>
          <amt>
            <qty>1</qty>
            <unit>teaspoon</unit></amt>
          <item>Vanilla</item></ing></ing-div>
      <ing-div>
        <title>CRUST</title>
        <ing>
          <amt>
            <qty>8</qty>
            <unit/></amt>
          <item>Graham cracker squares; ground (squares 2-1/2" x 2-1/2")</item></ing>
        <ing>
          <amt>
            <qty>2</qty>
            <unit>tablespoons</unit></amt>
          <item>Sugar</item></ing></ing-div></ingredients>
    <directions>
      <step>  Preheat oven to 350 degrees. Steam and cook apricots in 1 cup water for 10
  minutes. Set aside to cool. In large bowl combine sour cream, sugar, flour,
  salt, lemon juice and vanilla.Beat with electric mixer until well blended.
  In a separate bowl, beat egg whites until stiff. Pour any remaining water
  off apricots and puree. Combine puree with sugar and sour cream and mix.
  Spray 9" pie plate with non-stick cooking spray. Combine 2 tablespoons
  sugar with graham crackers and mix. Cover the bottom of the pie plate with
  graham cracker crumb mixture. Fold puree into egg whites and very gently
  pour this mixture into pie plate. Bake at 350 degrees for 25-30 minutes.
  Entire recipe makes 8 servings.
  
  ULTRA LOW FAT
  
  FROM SOME COOKBOOK!
  
  From a collection of my mother's (Judy Hosey) recipe box which contained
  lots of her favorite recipes, clippings, etc.  Downloaded from Glen's MM
  Recipe Archive, http://www.erols.com/hosey.
 
</step></directions></recipe></recipeml>
