<?xml version="1.0" encoding="UTF-8"?>

<recipeml version="0.5">
  <recipe>
    <head>
      <title>Apricot Spice Cake</title>
      <categories>
        <cat>Cakes</cat>
        <cat>Post to bak</cat>
        <cat>To post</cat></categories>
      <yield>1</yield></head>
    <ingredients>
      <ing-div>
        <title/>
        <ing>
          <amt>
            <qty>2</qty>
            <unit>cups</unit></amt>
          <item>Flour</item></ing>
        <ing>
          <amt>
            <qty>2</qty>
            <unit>cups</unit></amt>
          <item>Sugar</item></ing>
        <ing>
          <amt>
            <qty>1/4</qty>
            <unit>teaspoons</unit></amt>
          <item>Salt</item></ing>
        <ing>
          <amt>
            <qty>1</qty>
            <unit>teaspoon</unit></amt>
          <item>Baking Soda</item></ing>
        <ing>
          <amt>
            <qty>1</qty>
            <unit>teaspoon</unit></amt>
          <item>Cinnamon</item></ing>
        <ing>
          <amt>
            <qty>1</qty>
            <unit>teaspoon</unit></amt>
          <item>Nutmeg</item></ing>
        <ing>
          <amt>
            <qty>1/2</qty>
            <unit>teaspoons</unit></amt>
          <item>Baking Powder</item></ing>
        <ing>
          <amt>
            <qty>1</qty>
            <unit>cup</unit></amt>
          <item>Crisco Oil; * see note</item></ing>
        <ing>
          <amt>
            <qty>1</qty>
            <unit>cup</unit></amt>
          <item>Apricot Baby Food; &lt;OR&gt;</item></ing>
        <ing>
          <amt>
            <qty>1</qty>
            <unit>cup</unit></amt>
          <item>Apricots; Canned, pureed</item></ing>
        <ing>
          <amt>
            <qty>1</qty>
            <unit>cup</unit></amt>
          <item>Chopped Nuts</item></ing>
        <ing>
          <amt>
            <qty>3</qty>
            <unit/></amt>
          <item>Eggs</item></ing></ing-div>
      <ing-div>
        <title>ICING</title>
        <ing>
          <amt>
            <qty>1/2</qty>
            <unit>cups</unit></amt>
          <item>Brown Sugar</item></ing>
        <ing>
          <amt>
            <qty>1/2</qty>
            <unit>cups</unit></amt>
          <item>Margarine</item></ing>
        <ing>
          <amt>
            <qty>1/4</qty>
            <unit>cups</unit></amt>
          <item>Milk</item></ing>
        <ing>
          <amt>
            <qty>1</qty>
            <unit>teaspoon</unit></amt>
          <item>Vanilla</item></ing>
        <ing>
          <amt>
            <qty/>
            <unit/></amt>
          <item>Powdered Sugar</item></ing></ing-div></ingredients>
    <directions>
      <step>  *Do not substitute.
  
  FOR THE CAKE:
  
  Mix together dry ingredients. Add oil, baby food, nuts, and eggs. Beat by
  hand. Do not overbeat. Bake in tube pan at 350° for 30 minutes and lower to
  300° for 20 minutes. Do not allow to get too brown. Remove from oven when
  cake tests done. Allow to cool in pan for 15 minutes. Turn onto rack or
  serving plate to cool.
  
  FOR THE ICING:
  
  Boil brown sugar and margarine. Add milk and bring to boil again. Remove
  from heat and add powdered sugar to spreading consistency. Add vanilla.
  
  Source: "Mountain Measures" -- Junior League of Charleston, WV ed. 1974
  
  billspa@icanect.net
  
  Recipe by: Mrs. Cinda Lively Posted to MC-Recipe Digest V1 #696 by Bill
  Spalding &lt;billspa@icanect.net&gt; on Jul 29, 1997
 
</step></directions></recipe></recipeml>
