<?xml version="1.0" encoding="UTF-8"?>

<recipeml version="0.5">
  <recipe>
    <head>
      <title>Apricot Oat Cakes</title>
      <categories>
        <cat>Fruit</cat>
        <cat>Low-fat</cat>
        <cat>Quickbreads</cat></categories>
      <yield>12</yield></head>
    <ingredients>
      <ing>
        <amt>
          <qty>3 1/2</qty>
          <unit>cups</unit></amt>
        <item>Rolled oats</item></ing>
      <ing>
        <amt>
          <qty>2</qty>
          <unit>cups</unit></amt>
        <item>Flour</item></ing>
      <ing>
        <amt>
          <qty>1/4</qty>
          <unit>teaspoons</unit></amt>
        <item>Baking powder</item></ing>
      <ing>
        <amt>
          <qty>1/3</qty>
          <unit>cups</unit></amt>
        <item>Fat-free yogurt</item></ing>
      <ing>
        <amt>
          <qty>1/2</qty>
          <unit>cups</unit></amt>
        <item>Sugar</item></ing>
      <ing>
        <amt>
          <qty>1/2</qty>
          <unit>cups</unit></amt>
        <item>Honey</item></ing>
      <ing>
        <amt>
          <qty>1</qty>
          <unit/></amt>
        <item>Egg white</item></ing>
      <ing>
        <amt>
          <qty>1/2</qty>
          <unit>cups</unit></amt>
        <item>Dried fruit; (such as apricots)</item></ing></ingredients>
    <directions>
      <step>  Thoroughly grind rolled oats in food processor or blender. Mix with flour
  and baking powder.
  
  Chop dried fruit into small pieces. You could use apricots, raisins, dates,
  dried apples, dried cranberries, or anything else you like.
  
  In a separate bowl, "cream" together yogurt, fructose, and honey. In yet
  another bowl, lightly beat egg white until it gets bubbly but not stiff.
  Fold egg white into the wet ingredients. Add dried fruit.
  
  Combine wet and dry ingredients. The dough gets pretty stiff and is hard to
  mix. You may even have to knead it with your hands like bread dough! Roll
  out into a log shape and chop into 12 patties (these are smaller than the
  store-bought ones -- you could probably make them bigger if you want).
  
  Bake at 325 degrees F for 15 minutes on non-stick cookie sheet. Cool
  completely and store in refrigerator. These keep well and may be frozen.
  
  Recipe by: Net
  
  Posted to JEWISH-FOOD digest by Annice Grinberg
  &lt;VSANNICE@WEIZMANN.WEIZMANN.AC.IL&gt; on May 12, 98
 
</step></directions></recipe></recipeml>
