<?xml version="1.0" encoding="UTF-8"?>

<recipeml version="0.5">
  <recipe>
    <head>
      <title>Apricot Nut Bread</title>
      <categories>
        <cat>Breads</cat>
        <cat>Fruit</cat>
        <cat>Quick bread</cat></categories>
      <yield>1</yield></head>
    <ingredients>
      <ing>
        <amt>
          <qty>1</qty>
          <unit>cup</unit></amt>
        <item>All-purpose flour -- sifted</item></ing>
      <ing>
        <amt>
          <qty>1</qty>
          <unit>cup</unit></amt>
        <item>Whole-wheat flour --</item></ing>
      <ing>
        <amt>
          <qty/>
          <unit/></amt>
        <item>Stirred</item></ing>
      <ing>
        <amt>
          <qty>1/2</qty>
          <unit>cups</unit></amt>
        <item>Brown sugar -- packed</item></ing>
      <ing>
        <amt>
          <qty>1</qty>
          <unit>tablespoon</unit></amt>
        <item>Baking powder</item></ing>
      <ing>
        <amt>
          <qty>1</qty>
          <unit>teaspoon</unit></amt>
        <item>Orange rind -- grated</item></ing>
      <ing>
        <amt>
          <qty>1/2</qty>
          <unit>teaspoons</unit></amt>
        <item>Salt</item></ing>
      <ing>
        <amt>
          <qty>1</qty>
          <unit>cup</unit></amt>
        <item>Walnuts -- chopped</item></ing>
      <ing>
        <amt>
          <qty>3/4</qty>
          <unit>cups</unit></amt>
        <item>Dried apricots -- chopped</item></ing>
      <ing>
        <amt>
          <qty>1</qty>
          <unit>cup</unit></amt>
        <item>Milk</item></ing>
      <ing>
        <amt>
          <qty>2</qty>
          <unit>tablespoons</unit></amt>
        <item>Orange liqueur</item></ing>
      <ing>
        <amt>
          <qty/>
          <unit/></amt>
        <item>Or orange juice</item></ing>
      <ing>
        <amt>
          <qty>2</qty>
          <unit>tablespoons</unit></amt>
        <item>Butter or margarine --</item></ing>
      <ing>
        <amt>
          <qty/>
          <unit/></amt>
        <item>Melted</item></ing>
      <ing>
        <amt>
          <qty>1</qty>
          <unit/></amt>
        <item>Egg</item></ing>
      <ing>
        <amt>
          <qty>1</qty>
          <unit/></amt>
        <item>Egg yolk</item></ing></ingredients>
    <directions>
      <step>  In large bowl, stir together first 8 ingredients; set aside. In medium
  bowl, mix milk, liqueur, butter, egg and egg yolk until well blended. Add
  milk mixture to dry ingredients; stir just until moistened. Pour batter
  into greased 8 1/2x 4 1/2x2 1/2" loaf pan. Bake in 350 degree oven 45 to 50
  minutes, or until loaf is golden brown and toothpick inserted in center
  comes out clean.  Cool in pan 10 minutes.  Remove;cool on rack. Makes 1
  loaf.
  
  Recipe By     : Farm Journal's Homemade Breads
  
  From Gemini's MASSIVE MealMaster collection at www.synapse.com/~gemini
 
</step></directions></recipe></recipeml>
