<?xml version="1.0" encoding="UTF-8"?>

<recipeml version="0.5">
  <recipe>
    <head>
      <title>Apricot Nut Loaf</title>
      <categories>
        <cat>Bread</cat></categories>
      <yield>6</yield></head>
    <ingredients>
      <ing>
        <amt>
          <qty>1</qty>
          <unit>cup</unit></amt>
        <item>Sugar</item></ing>
      <ing>
        <amt>
          <qty>2</qty>
          <unit>tablespoons</unit></amt>
        <item>Shortening</item></ing>
      <ing>
        <amt>
          <qty>1</qty>
          <unit/></amt>
        <item>Egg</item></ing>
      <ing>
        <amt>
          <qty>3/4</qty>
          <unit>cups</unit></amt>
        <item>Milk</item></ing>
      <ing>
        <amt>
          <qty>3/4</qty>
          <unit>cups</unit></amt>
        <item>Orange juice</item></ing>
      <ing>
        <amt>
          <qty>4</qty>
          <unit>teaspoons</unit></amt>
        <item>Grated orange rind</item></ing>
      <ing>
        <amt>
          <qty>3</qty>
          <unit>cups</unit></amt>
        <item>Flour</item></ing>
      <ing>
        <amt>
          <qty>3 1/2</qty>
          <unit>teaspoons</unit></amt>
        <item>Baking powder</item></ing>
      <ing>
        <amt>
          <qty>1</qty>
          <unit>cup</unit></amt>
        <item>Finely chopped dried apricots</item></ing>
      <ing>
        <amt>
          <qty>3/4</qty>
          <unit>cups</unit></amt>
        <item>Chopped nuts</item></ing></ingredients>
    <directions>
      <step>  Combine sugar, shortening and egg. Stir in milk, juice and rind. Sift
  flour, baking powder, salt and add to other mixture. Combine apricots and
  nuts; add to batter. Pour into greased loaf pan and let stand 20 minutes.
  Bake at 350 for 50-60 minutes.
  
  MRS WAYNE BOLDEN (DEBBIE)
  
  MARVELL, AR
  
  From the book &lt;High Cotton Cookin'&gt;, Marvell Academy Mothers Assn, Marvell,
  AR  72366, ISBN 0-918544-14-9, downloaded from Glen's MM Recipe Archive,
  http://www.erols.com/hosey.
 
</step></directions></recipe></recipeml>
