<?xml version="1.0" encoding="UTF-8"?>

<recipeml version="0.5">
  <recipe>
    <head>
      <title>Apricot Squares</title>
      <categories>
        <cat>Cookie</cat></categories>
      <yield>16</yield></head>
    <ingredients>
      <ing-div>
        <title>BASE</title>
        <ing>
          <amt>
            <qty>1</qty>
            <unit/></amt>
          <item>Stick butter</item></ing>
        <ing>
          <amt>
            <qty>1/3</qty>
            <unit>cups</unit></amt>
          <item>Sugar</item></ing>
        <ing>
          <amt>
            <qty>1</qty>
            <unit>cup</unit></amt>
          <item>All purpose flour; sifted</item></ing>
        <ing>
          <amt>
            <qty>1/2</qty>
            <unit>teaspoons</unit></amt>
          <item>Vanilla</item></ing></ing-div>
      <ing-div>
        <title>TOPPING</title>
        <ing>
          <amt>
            <qty>2/3</qty>
            <unit>cups</unit></amt>
          <item>Chopped dried apricots</item></ing>
        <ing>
          <amt>
            <qty>2</qty>
            <unit/></amt>
          <item>Eggs; beaten</item></ing>
        <ing>
          <amt>
            <qty>1</qty>
            <unit>cup</unit></amt>
          <item>Dark brown sugar; packed</item></ing>
        <ing>
          <amt>
            <qty>1/3</qty>
            <unit>cups</unit></amt>
          <item>All-purpose flour; sifted</item></ing>
        <ing>
          <amt>
            <qty>1/2</qty>
            <unit>teaspoons</unit></amt>
          <item>Baking powder</item></ing>
        <ing>
          <amt>
            <qty>1/4</qty>
            <unit>teaspoons</unit></amt>
          <item>Salt</item></ing>
        <ing>
          <amt>
            <qty>1/2</qty>
            <unit>cups</unit></amt>
          <item>Chopped walnuts</item></ing>
        <ing>
          <amt>
            <qty>1/2</qty>
            <unit>teaspoons</unit></amt>
          <item>Vanilla</item></ing>
        <ing>
          <amt>
            <qty/>
            <unit/></amt>
          <item>Confectioner's sugar</item></ing></ing-div></ingredients>
    <directions>
      <step>  From: Sherri Eastman &lt;eastman@solstice.jpl.nasa.gov&gt;
  
  Date: 19 May 1994 14:18:20 -0400
  
  Apricot Squares, from "Delicious Desserts" by Sylvia Balser Hirsch.  A very
  popular fruit square that's baked in two layers.  Be sure to start the
  apricots for the topping before you make the base so they can cool.
  
  Butter an 8 x 8 inch pan.  Preheat oven to 350 degrees.  Cream the butter
  with the sugar, add the flour and the vanilla, blending well, then press
  into the bottom of the pan. Bake for 20 minutes.
  
  Topping: Boil the apricots for about ten minutes in water to cover, drain
  and cool.  Combine the eggs with the brown sugar and beat until light. Sift
  the flour, baking powder, and salt and add to the egg mixture.  Add
  apricots, nuts and vanilla. Blend mixture and spread evenly over base.
  Return to oven and bake about 30 - 35 minutes. Cool. Cut into squares and
  dust with confectioner's sugar. Makes 16 squares.
  
  REC.FOOD.RECIPES ARCHIVES
  
  /COOKIES
  
  From rec.food.cooking archives.  Downloaded from Glen's MM Recipe Archive,
  http://www.erols.com/hosey.
 
</step></directions></recipe></recipeml>
