<?xml version="1.0" encoding="UTF-8"?>

<recipeml version="0.5">
  <recipe>
    <head>
      <title>Apricot Summer Sundae</title>
      <categories>
        <cat>Desserts</cat>
        <cat>Fruits</cat>
        <cat>Ice cream</cat></categories>
      <yield>4</yield></head>
    <ingredients>
      <ing>
        <amt>
          <qty>2 1/2</qty>
          <unit>cups</unit></amt>
        <item>Apricots; sliced, divided</item></ing>
      <ing>
        <amt>
          <qty>2</qty>
          <unit>teaspoons</unit></amt>
        <item>Dark brown sugar</item></ing>
      <ing>
        <amt>
          <qty>1/4</qty>
          <unit>teaspoons</unit></amt>
        <item>Orange peel; grated</item></ing>
      <ing>
        <amt>
          <qty>2</qty>
          <unit>cups</unit></amt>
        <item>Vanilla or raspberry nonfat frozen yogurt</item></ing>
      <ing>
        <amt>
          <qty/>
          <unit/></amt>
        <item>Raspberries, optional</item></ing>
      <ing>
        <amt>
          <qty/>
          <unit/></amt>
        <item>Slivered orange peel, opt.</item></ing></ingredients>
    <directions>
      <step>  In a medium-sized bowl, combine 2 cups apricots, brown sugar and grated
  orange peel.  Spoon evenly into individual dessert dishes; top with frozen
  yogurt. Garnish with raspberries, remaining sliced apricots and slivered
  orange peel.  Serve immediately.
  
  From Gemini's MASSIVE MealMaster collection at www.synapse.com/~gemini
 
</step></directions></recipe></recipeml>
