<?xml version="1.0" encoding="UTF-8"?>

<recipeml version="0.5">
  <recipe>
    <head>
      <title>Apricot Nut Supreme Brownies</title>
      <categories>
        <cat>Bars</cat>
        <cat>Fruit</cat></categories>
      <yield>1</yield></head>
    <ingredients>
      <ing>
        <amt>
          <qty>4</qty>
          <unit>ounces</unit></amt>
        <item>White chocolate OR white baking bars</item></ing>
      <ing>
        <amt>
          <qty>1/3</qty>
          <unit>cups</unit></amt>
        <item>Margarine</item></ing>
      <ing>
        <amt>
          <qty>1/2</qty>
          <unit>cups</unit></amt>
        <item>Sugar</item></ing>
      <ing>
        <amt>
          <qty>2</qty>
          <unit/></amt>
        <item>Eggs</item></ing>
      <ing>
        <amt>
          <qty>1/4</qty>
          <unit>teaspoons</unit></amt>
        <item>Almond extract</item></ing>
      <ing>
        <amt>
          <qty>3/4</qty>
          <unit>cups</unit></amt>
        <item>All-purpose flour</item></ing>
      <ing>
        <amt>
          <qty>1/2</qty>
          <unit>teaspoons</unit></amt>
        <item>Baking powder</item></ing>
      <ing>
        <amt>
          <qty>1/4</qty>
          <unit>teaspoons</unit></amt>
        <item>Salt</item></ing>
      <ing>
        <amt>
          <qty>1</qty>
          <unit>cup</unit></amt>
        <item>Dried apricots; quartered and divided</item></ing>
      <ing>
        <amt>
          <qty>1/2</qty>
          <unit>cups</unit></amt>
        <item>Slivered almonds; divided</item></ing></ingredients>
    <directions>
      <step>  Preheat oven to 350. In small saucepan, melt white chocolate and margarine
  over low heat. Stir constantly until mixture becomes a curdling
  consistency; remove from heat. Add sugar, eggs, and almond extract; stir
  quickly to blend. In a seperate bowl, combine flour, baking powder and
  salt. Stir into white chocolate mixture; add half the apricots and almonds
  to the batter. Pour into a greased 10 1/2 x 7 1 1/2 inch pan, and sprinkle
  top with the remaining apricots and almonds. Bake 25 minutes, or until
  golden and brownies begin to pull away from the edge of the pan. Drizzle
  the top of brownies with melted white or dark chocolate, if desired. Makes
  18 brownies. Typed by "Essie" Ethel R. Snyder &lt;essie49@juno.com&gt; on Oct.
  12, 1997
  
  Recipe by: Capper's -- September 9, 1997
  
  Posted to MC-Recipe Digest V1 #841 by essie49@juno.com (Ethel R Snyder) on
  Oct 12, 1997
 
</step></directions></recipe></recipeml>
