<?xml version="1.0" encoding="UTF-8"?>

<recipeml version="0.5">
  <recipe>
    <head>
      <title>April O'shea's Authentic Italian Meatballs (X</title>
      <categories>
        <cat>Beef</cat>
        <cat>Italian</cat>
        <cat>Main dishes</cat></categories>
      <yield>6</yield></head>
    <ingredients>
      <ing>
        <amt>
          <qty>2</qty>
          <unit>pounds</unit></amt>
        <item>Ground beef -- *</item></ing>
      <ing>
        <amt>
          <qty>2</qty>
          <unit>teaspoons</unit></amt>
        <item>Garlic; minced -- **</item></ing>
      <ing>
        <amt>
          <qty>2</qty>
          <unit>teaspoons</unit></amt>
        <item>Parsley</item></ing>
      <ing>
        <amt>
          <qty>1</qty>
          <unit>medium</unit></amt>
        <item>Onion -- finely chopped</item></ing>
      <ing>
        <amt>
          <qty>1</qty>
          <unit>teaspoon</unit></amt>
        <item>Salt</item></ing>
      <ing>
        <amt>
          <qty>1/2</qty>
          <unit>teaspoons</unit></amt>
        <item>Pepper</item></ing>
      <ing>
        <amt>
          <qty>1</qty>
          <unit>cup</unit></amt>
        <item>Progesso Italian Flavored</item></ing>
      <ing>
        <amt>
          <qty/>
          <unit/></amt>
        <item>Breadcrumbs (approx.)</item></ing>
      <ing>
        <amt>
          <qty>1</qty>
          <unit/></amt>
        <item>Egg</item></ing>
      <ing>
        <amt>
          <qty>3/4</qty>
          <unit>cups</unit></amt>
        <item>Parmesian Cheese</item></ing></ingredients>
    <directions>
      <step>  * The old country way is a mixture of 1/3 beef, 1/3 pork and 1/3-veal
  ground together. But I think beef is much better. ** Heaping Tsp., save
  time by using the jar of pre-chopped garlic. Mix all ingredients together
  in a large bowl with your hands making sure everything is well mixed. Form
  into meatballs and fry *** in a large skillet with about 1/2 cup olive oil
  over medium high heat. Turn on all sides to brown and cook through. When
  all the way cooked, add them to your sauce and let them cook slowly for
  about 1 hour. *** Can also be browned in the oven on a baking or broiler
  rack. This will produce less greasy but also drier meatballs. Note: April's
  ancestors (on both sides) go back to Italy. I don't think the same is true
  for her husband!
  
  Recipe By     :
  
  File ftp://ftp.idiscover.co.uk/pub/food/mealmaster/recipes/mmdja006.zip
 
</step></directions></recipe></recipeml>
