<?xml version="1.0" encoding="UTF-8"?>

<recipeml version="0.5">
  <recipe>
    <head>
      <title>Apricot Squares</title>
      <categories>
        <cat>Cookies</cat></categories>
      <yield>1</yield></head>
    <ingredients>
      <ing>
        <amt>
          <qty>2/3</qty>
          <unit>cups</unit></amt>
        <item>Dried apricots</item></ing>
      <ing>
        <amt>
          <qty>1/2</qty>
          <unit>cups</unit></amt>
        <item>Butter, softened</item></ing>
      <ing>
        <amt>
          <qty>1/4</qty>
          <unit>cups</unit></amt>
        <item>Sugar</item></ing>
      <ing>
        <amt>
          <qty>1 1/3</qty>
          <unit>cups</unit></amt>
        <item>Flour, divided</item></ing>
      <ing>
        <amt>
          <qty>1</qty>
          <unit>cup</unit></amt>
        <item>Light brown sugar, packed</item></ing>
      <ing>
        <amt>
          <qty>2</qty>
          <unit/></amt>
        <item>Eggs</item></ing>
      <ing>
        <amt>
          <qty>1/2</qty>
          <unit>cups</unit></amt>
        <item>Chopped almonds or walnuts</item></ing>
      <ing>
        <amt>
          <qty>1/2</qty>
          <unit>teaspoons</unit></amt>
        <item>Double-acting baking powder</item></ing>
      <ing>
        <amt>
          <qty>1/2</qty>
          <unit>teaspoons</unit></amt>
        <item>Vanilla</item></ing>
      <ing>
        <amt>
          <qty>1/4</qty>
          <unit>teaspoons</unit></amt>
        <item>Salt</item></ing>
      <ing>
        <amt>
          <qty/>
          <unit/></amt>
        <item>Confectioners sugar</item></ing></ingredients>
    <directions>
      <step>   You can use either almonds or walnuts in this recipe-each gives a very
  different flavor.
  
   In a small saucepan, place apricots and cover with water. Cook, covered,
  over low heat for 15 minutes. Drain, and when apricots are cool enough to
  handle, chop finely. Set aside.
  
   Preheat oven to 350ø. Grease 8 x 8-inch baking pan. In a large bowl, beat
  butter, sugar and 1 cup flour until well mixed and crumbly; pat into bottom
  of pan. Bake 20 minutes at 350ø or just until golden.
  
   While batter is in oven, use the same bowl to mix all remaining
  ingredients (including apricots) except confectioners sugar. Pour over
  baked layer and return to oven for 25 minutes.
  
   Remove from oven; cool in pan before cutting in squares or oblongs with a
  sharp knife. Dust with confectioners sugar.
  
  Yield: 16-20 squares or oblongs. Martina Boudreau, St. Louis, MO
  
     Randy Shearer
  
  From Gemini's MASSIVE MealMaster collection at www.synapse.com/~gemini
 
</step></directions></recipe></recipeml>
