<?xml version="1.0" encoding="UTF-8"?>

<recipeml version="0.5">
  <recipe>
    <head>
      <title>Apricot or Peach Glaze</title>
      <categories>
        <cat>Sauce</cat></categories>
      <yield>1</yield></head>
    <ingredients>
      <ing>
        <amt>
          <qty>1</qty>
          <unit>cup</unit></amt>
        <item>Apricots or peaches</item></ing>
      <ing>
        <amt>
          <qty>3</qty>
          <unit>tablespoons</unit></amt>
        <item>Lemon juice</item></ing>
      <ing>
        <amt>
          <qty>2</qty>
          <unit>tablespoons</unit></amt>
        <item>Salad oil</item></ing>
      <ing>
        <amt>
          <qty>1/4</qty>
          <unit>teaspoons</unit></amt>
        <item>Liquid smoke (optional)</item></ing>
      <ing>
        <amt>
          <qty>1/2</qty>
          <unit>teaspoons</unit></amt>
        <item>Salt</item></ing>
      <ing>
        <amt>
          <qty>1</qty>
          <unit>teaspoon</unit></amt>
        <item>Finely chopped green onions</item></ing></ingredients>
    <directions>
      <step>  Puree fruits or place in electric blender until smooth.  Add remaining
  ingredients in saucepan and simmer 8 to 12 minutes.  Makes about 1 1/3
  cups. Baste on barbequing chicken, lamb or pork during last 20 minutes
  cooking time.
  
  Date: Thu, 22 Aug 1996 09:18:09 -0700
  
  From: Carey Starzinger &lt;cstarz@teleport.com&gt;
  
  bbq-digest V2 #089
  
  From the BBQ recipe list.  Downloaded from Glen's MM Recipe Archive,
  http://www.erols.com/hosey.
 
</step></directions></recipe></recipeml>
