<?xml version="1.0" encoding="UTF-8"?>

<recipeml version="0.5">
  <recipe>
    <head>
      <title>Apricot Wild Rice Stuffing</title>
      <categories>
        <cat>Rices and g</cat>
        <cat>Turkey</cat></categories>
      <yield>18</yield></head>
    <ingredients>
      <ing>
        <amt>
          <qty>3</qty>
          <unit>cups</unit></amt>
        <item>Cooked wild rice</item></ing>
      <ing>
        <amt>
          <qty>3/8</qty>
          <unit>cups</unit></amt>
        <item>Chopped pecans; toasted</item></ing>
      <ing>
        <amt>
          <qty>3/8</qty>
          <unit>cups</unit></amt>
        <item>Butter; melted</item></ing>
      <ing>
        <amt>
          <qty>3 3/4</qty>
          <unit>cups</unit></amt>
        <item>Hot water</item></ing>
      <ing>
        <amt>
          <qty>1 1/2</qty>
          <unit>large</unit></amt>
        <item>Onion; chopped</item></ing>
      <ing>
        <amt>
          <qty>1 1/2</qty>
          <unit>pounds</unit></amt>
        <item>Herb-seasoned stuffing cubes</item></ing>
      <ing>
        <amt>
          <qty>1</qty>
          <unit>pound</unit></amt>
        <item>Dried apricots; chopped</item></ing></ingredients>
    <directions>
      <step>  Mix all ingredients until well blended.
  
  Lightly fill body cavities on turkey.  Spoon any remaining stuffing into an
  ungreased casserole and bake, covered, with the turkey until hot.
  
  Per serving: 293 Calories; 6g Fat (17% calories from fat); 8g Protein; 55g
  Carbohydrate; 11mg Cholesterol; 1092mg Sodium
  
  NOTES : Stuffing to fill a 18 pound turkey.
  Recipe By     : Betty Crocker's Holiday Gatherings for Family and Friends
  
  Posted to EAT-L Digest 25 November 96
  
  Date:    Tue, 26 Nov 1996 08:32:27 -0500
  
  From:    Betsy Burtis &lt;ebburtis@IX.NETCOM.COM&gt;
 
</step></directions></recipe></recipeml>
