<?xml version="1.0" encoding="UTF-8"?>

<recipeml version="0.5">
  <recipe>
    <head>
      <title>Apricot Turkey</title>
      <categories>
        <cat>Harned 1994</cat>
        <cat>Herbs</cat>
        <cat>Main dish</cat>
        <cat>Poultry</cat>
        <cat>Rice</cat></categories>
      <yield>10</yield></head>
    <ingredients>
      <ing>
        <amt>
          <qty>1/2</qty>
          <unit>cups</unit></amt>
        <item>Brown rice vinegar</item></ing>
      <ing>
        <amt>
          <qty>2</qty>
          <unit>teaspoons</unit></amt>
        <item>Molasses</item></ing>
      <ing>
        <amt>
          <qty>2</qty>
          <unit>tablespoons</unit></amt>
        <item>Onion; grated</item></ing>
      <ing>
        <amt>
          <qty>4</qty>
          <unit/></amt>
        <item>To 6 lb. turkey breast cut in 1" cubes</item></ing>
      <ing>
        <amt>
          <qty>1</qty>
          <unit>tablespoon</unit></amt>
        <item>Vegetable oil</item></ing>
      <ing>
        <amt>
          <qty>2</qty>
          <unit/></amt>
        <item>Garlic cloves; minced</item></ing>
      <ing>
        <amt>
          <qty>1</qty>
          <unit>cup</unit></amt>
        <item>White grape juice</item></ing>
      <ing>
        <amt>
          <qty>1/2</qty>
          <unit>cups</unit></amt>
        <item>;Water</item></ing>
      <ing>
        <amt>
          <qty>1</qty>
          <unit>tablespoon</unit></amt>
        <item>Lemon juice</item></ing>
      <ing>
        <amt>
          <qty>1</qty>
          <unit>teaspoon</unit></amt>
        <item>Freshly grated ginger</item></ing>
      <ing>
        <amt>
          <qty>8</qty>
          <unit>ounces</unit></amt>
        <item>Dried apricots; slivered</item></ing>
      <ing>
        <amt>
          <qty>2</qty>
          <unit>tablespoons</unit></amt>
        <item>Minced fresh cilantro</item></ing></ingredients>
    <directions>
      <step>  Combine brown rice vinegar, molasses, and grated onion. Add turkey cubes;
  toss to coat turkey with marinade. Refrigerate for several hours or
  overnight. Drain turkey, reserving marinade.
  
  Add oil to heavy nonstick skillet, set on medium heat, and brown a few
  turkey cubes and the garlic at a time (if you crowd the pan, the meat will
  steam, not brown).
  
  Put browned turkey in a large casserole.  Combine reserved marinade, white
  grape juice, water, lemon juice, and grated ginger; pour over turkey. Stir
  in apricot slivers and cover.
  
  Bake at 325 F. for 30 minutes.  Turkey should be tender. Stir in cilantro.
  
  Serve over steamed rice.
  
  Yield:  10 to 12 servings.
  
  From Sage Cottage Herb Garden Cookbook by Dorry Baird Norris. Chester, CT:
  The Globe Pequot Press, 1991. Pp. 118-119. ISBN 0-87106-239-9. Posted by
  Cathy Harned.
  
  From Gemini's MASSIVE MealMaster collection at www.synapse.com/~gemini
 
</step></directions></recipe></recipeml>
