<?xml version="1.0" encoding="UTF-8"?>

<recipeml version="0.5">
  <recipe>
    <head>
      <title>Apricot Pistachio Fruitcakes</title>
      <categories>
        <cat>None</cat></categories>
      <yield>1</yield></head>
    <ingredients>
      <ing>
        <amt>
          <qty>3</qty>
          <unit>cups</unit></amt>
        <item>Sugar</item></ing>
      <ing>
        <amt>
          <qty>2</qty>
          <unit>cups</unit></amt>
        <item>Water</item></ing>
      <ing>
        <amt>
          <qty>1</qty>
          <unit>cup</unit></amt>
        <item>Plus 10 tablespoons bourbon</item></ing>
      <ing>
        <amt>
          <qty>2</qty>
          <unit>cups</unit></amt>
        <item>Chopped dried peaches</item></ing>
      <ing>
        <amt>
          <qty>1</qty>
          <unit>cup</unit></amt>
        <item>Golden raisins</item></ing>
      <ing>
        <amt>
          <qty>1</qty>
          <unit>cup</unit></amt>
        <item>Chopped dried pears</item></ing>
      <ing>
        <amt>
          <qty>1</qty>
          <unit>cup</unit></amt>
        <item>Chopped dried pineapple</item></ing>
      <ing>
        <amt>
          <qty>1 1/2</qty>
          <unit>cups</unit></amt>
        <item>Unsalted shelled pistachios; coarsely chopped</item></ing>
      <ing>
        <amt>
          <qty>1</qty>
          <unit>cup</unit></amt>
        <item>Sweetened shredded coconut</item></ing>
      <ing>
        <amt>
          <qty>1</qty>
          <unit>cup</unit></amt>
        <item>Finely ground almonds</item></ing>
      <ing>
        <amt>
          <qty>1 1/2</qty>
          <unit>cups</unit></amt>
        <item>Unbleached all purpose flour</item></ing>
      <ing>
        <amt>
          <qty>1 1/4</qty>
          <unit>teaspoons</unit></amt>
        <item>Ground nutmeg</item></ing>
      <ing>
        <amt>
          <qty>1/8</qty>
          <unit>teaspoons</unit></amt>
        <item>Ground cinnamon</item></ing>
      <ing>
        <amt>
          <qty>1/4</qty>
          <unit>teaspoons</unit></amt>
        <item>Salt</item></ing>
      <ing>
        <amt>
          <qty>1/4</qty>
          <unit>teaspoons</unit></amt>
        <item>Baking soda</item></ing>
      <ing>
        <amt>
          <qty>6</qty>
          <unit>tablespoons</unit></amt>
        <item>Buttermilk</item></ing>
      <ing>
        <amt>
          <qty>1/4</qty>
          <unit>cups</unit></amt>
        <item>Fresh orange juice</item></ing>
      <ing>
        <amt>
          <qty>1/2</qty>
          <unit>cups</unit></amt>
        <item>(1 stick) unsalted butter; room temperature</item></ing>
      <ing>
        <amt>
          <qty>1</qty>
          <unit>tablespoon</unit></amt>
        <item>Grated lemon peel</item></ing>
      <ing>
        <amt>
          <qty>4</qty>
          <unit>large</unit></amt>
        <item>Eggs; room temperature</item></ing>
      <ing>
        <amt>
          <qty>1/4</qty>
          <unit>cups</unit></amt>
        <item>Peach preserves</item></ing></ingredients>
    <directions>
      <step>  Because the more traditional dark fruitcakes aren't really to her liking,
  senior editor Sarah Belk created this one, filled with her favorite nuts
  and dried fruits. To make these gifts even more festive, she suggest
  decorating the glazed cakes with additional dried fruits and nuts.
  
  Combine 2 cups sugar and 2 cups water in heavy medium saucepan. Stir over
  low heat until sugar dissolves, Increase heat and bring to boil. Cool syrup
  completely. Add 1 cup bourbon, peaches, raisins, pears and pineapple to
  syrup and toss. Let stand 2 hours at room temperature.
  
  Preheat oven to 300°F. Butter two 9x5x3-inch loaf pans. Line with
  parchment; butter parchment. Drain fruit thoroughly. Mix pistachios,
  coconut, almonds and 3/4 cup flour in large bowl. Add fruit mixture and
  toss. Mix remaining 3/4 cup flour, nutmeg, cinnamon, salt and baking soda
  in medium bowl. Whisk 6 tablespoons bourbon, buttermilk and orange juice in
  small bowl.
  
  Using electric mixer, cream butter, remaining 1 cup sugar and lemon peel in
  large bowl until fluffy. Add eggs 1 at a time, beating well after each
  addition. Stir in dry ingredients alternately with buttermilk mixture,
  beginning and ending with dry ingredients. Fold in fruit mixture.
  
  Divide batter between prepared pans. Bake until toothpick inserted into
  centers comes out clean, about 1 1/2 hours. Cool cakes in pans on racks 15
  minutes. Turn out cakes onto racks; peel off paper. Turn cakes right side
  up.
  
  Mix remaining 4 tablespoons bourbon with peach preserves in small bowl.
  Brush mixture over top and sides of warm cakes. Cool completely. Wrap
  tightly and store in cool dark place at least 2 days and up to 1 month.
  
  Makes 2 fruitcakes
  
  Bon Appétit December 1992
  
  Posted to recipelu-digest by Sandy &lt;sandysno@pctech.net&gt; on Feb 26, 1998
 
</step></directions></recipe></recipeml>
