<?xml version="1.0" encoding="UTF-8"?>

<recipeml version="0.5">
  <recipe>
    <head>
      <title>Apricot Pear Tart</title>
      <categories>
        <cat>Dessert</cat></categories>
      <yield>12</yield></head>
    <ingredients>
      <ing>
        <amt>
          <qty>1 1/3</qty>
          <unit>cups</unit></amt>
        <item>Shortbread cookie or graham cracker crumbs</item></ing>
      <ing>
        <amt>
          <qty>2</qty>
          <unit>tablespoons</unit></amt>
        <item>Sugar</item></ing>
      <ing>
        <amt>
          <qty>1/4</qty>
          <unit>cups</unit></amt>
        <item>Parkay margarine; melted</item></ing>
      <ing>
        <amt>
          <qty>1</qty>
          <unit>package</unit></amt>
        <item>(4-serving size) Jell-O brand gelatin; apricot flavor</item></ing>
      <ing>
        <amt>
          <qty>1</qty>
          <unit>cup</unit></amt>
        <item>Boiling water</item></ing>
      <ing>
        <amt>
          <qty>2/3</qty>
          <unit>cups</unit></amt>
        <item>Cold water</item></ing>
      <ing>
        <amt>
          <qty>4</qty>
          <unit>ounces</unit></amt>
        <item>Cool Whip whipped topping; thawed</item></ing>
      <ing>
        <amt>
          <qty>1/2</qty>
          <unit>teaspoons</unit></amt>
        <item>Ground ginger</item></ing>
      <ing>
        <amt>
          <qty>1</qty>
          <unit>can</unit></amt>
        <item>(16-oz) pear halves; drained</item></ing>
      <ing>
        <amt>
          <qty/>
          <unit/></amt>
        <item>Mint leaves</item></ing>
      <ing>
        <amt>
          <qty/>
          <unit/></amt>
        <item>Cinnamon stick; cut into 3/4-inch pieces</item></ing></ingredients>
    <directions>
      <step>   MIX together cookie crumbs, sugar and margarine in small bowl. Press crumb
  mixture onto bottom of 9-inch springform pan.
  
   DISSOLVE gelatin in boiling water.  Add cold water. Measure 3/4 cup
  gelatin; set aside . Chill remaining gelatin until slightly thickened. Fold
  in whipped topping and ginger. Spoon over crust.
  
   CHILL measured gelatin until slightly thickened. Slice pears lengthwise,
  cutting almost through stem ends; arrange on whipped topping mixture in
  pan, fanning each pear slightly. Place mint leaf and cinnamon stick at stem
  end of each pear. Carefully spoon thickened gelatin over pears and filling.
  Chill until firm, about 3 hours. Run hot metal spatula or knife around edge
  of pan before removing sides of pan.
  
   MAKES 12 servings, Prep time: 30 minutes, Chill time: 3 hours
  
  From &lt;Favorite Recipes: Jell-O Easy Entertaining&gt;.  Downloaded from Glen's
  MM Recipe Archive, http://www.erols.com/hosey.
 
</step></directions></recipe></recipeml>
