<?xml version="1.0" encoding="UTF-8"?>

<recipeml version="0.5">
  <recipe>
    <head>
      <title>Apricot Orange Bread</title>
      <categories>
        <cat>Bread</cat></categories>
      <yield>12</yield></head>
    <ingredients>
      <ing>
        <amt>
          <qty>2</qty>
          <unit>cups</unit></amt>
        <item>All-purpose flour</item></ing>
      <ing>
        <amt>
          <qty>1</qty>
          <unit>tablespoon</unit></amt>
        <item>Baking powder</item></ing>
      <ing>
        <amt>
          <qty>1/2</qty>
          <unit>teaspoons</unit></amt>
        <item>Salt</item></ing>
      <ing>
        <amt>
          <qty>1/4</qty>
          <unit>teaspoons</unit></amt>
        <item>Baking soda</item></ing>
      <ing>
        <amt>
          <qty>3/4</qty>
          <unit>cups</unit></amt>
        <item>Sugar</item></ing>
      <ing>
        <amt>
          <qty>1/4</qty>
          <unit>cups</unit></amt>
        <item>Butter; softened</item></ing>
      <ing>
        <amt>
          <qty>1/2</qty>
          <unit>cups</unit></amt>
        <item>Orange juice</item></ing>
      <ing>
        <amt>
          <qty>2</qty>
          <unit>tablespoons</unit></amt>
        <item>Mllk</item></ing>
      <ing>
        <amt>
          <qty>1</qty>
          <unit/></amt>
        <item>Egg</item></ing>
      <ing>
        <amt>
          <qty>1 1/4</qty>
          <unit>cups</unit></amt>
        <item>Chopped dried apricots</item></ing>
      <ing>
        <amt>
          <qty>1/4</qty>
          <unit>packages</unit></amt>
        <item>(12-oz) Nestle Toll House little bits semi-sweet chocolate</item></ing>
      <ing>
        <amt>
          <qty>1/2</qty>
          <unit>cups</unit></amt>
        <item>Chopped walnuts</item></ing></ingredients>
    <directions>
      <step>  Preheat oven to 350 degrees. In small bowl, combine flour, baking powder,
  salt and baking soda; set aside. In large bowl, combine sugar and butter;
  beat well. Add orange juice, milk and egg; beat well. Gradually blend in
  flour mixture. Stir in apricots, Nestle Toll House Little Bits semi-sweet
  chocolate and nuts. Spread into greased and floured 9x5x3-inch loaf pan.
  Bake at 350 degrees for 50-55 minutes. Cool 10 minutes; remove from pan.
  Cool completely on wire rack. Makes one loaf.
  
  From &lt;Favorite Recipes: Nestle Sweet Treats&gt;.  Downloaded from Glen's MM
  Recipe Archive, http://www.erols.com/hosey.
 
</step></directions></recipe></recipeml>
