<?xml version="1.0" encoding="UTF-8"?>

<recipeml version="0.5">
  <recipe>
    <head>
      <title>Apricot Souffle with Hot Brandy Sauce</title>
      <categories>
        <cat>Desserts</cat></categories>
      <yield>1</yield></head>
    <ingredients>
      <ing>
        <amt>
          <qty>1 1/4</qty>
          <unit>cups</unit></amt>
        <item>Dried apricots</item></ing>
      <ing>
        <amt>
          <qty>1 1/2</qty>
          <unit>cups</unit></amt>
        <item>Water</item></ing>
      <ing>
        <amt>
          <qty>2</qty>
          <unit>tablespoons</unit></amt>
        <item>Sugar</item></ing>
      <ing>
        <amt>
          <qty>4</qty>
          <unit/></amt>
        <item>Beaten egg whites</item></ing>
      <ing>
        <amt>
          <qty>1/8</qty>
          <unit>teaspoons</unit></amt>
        <item>Cream of tartar</item></ing>
      <ing>
        <amt>
          <qty/>
          <unit/></amt>
        <item>Salt</item></ing>
      <ing>
        <amt>
          <qty>1/8</qty>
          <unit>teaspoons</unit></amt>
        <item>Almond extract</item></ing>
      <ing>
        <amt>
          <qty>1/4</qty>
          <unit>cups</unit></amt>
        <item>Sugar</item></ing>
      <ing>
        <amt>
          <qty>1</qty>
          <unit>cup</unit></amt>
        <item>Chilled whipping cream</item></ing>
      <ing>
        <amt>
          <qty>1</qty>
          <unit>tablespoon</unit></amt>
        <item>Sifted sugar</item></ing>
      <ing>
        <amt>
          <qty>1/8</qty>
          <unit>teaspoons</unit></amt>
        <item>Almond extract</item></ing>
      <ing>
        <amt>
          <qty/>
          <unit/></amt>
        <item>HOT BRANDY SAUCE</item></ing></ingredients>
    <directions>
      <step>  Preheat oven to 325. Simmer fruit &amp; water in covered pan for 1/2 hour
  or until tender. Press mixture through sieve. Butter a 6 cup
  casserole &amp; sprinkle with 2 Tbls. sugar. Beat whites until foamy &amp;
  add cream of tartar, salt &amp; almond extract. Continue beating to soft
  peaks. Add 1/4 cup sugar, 1 Tbls. at a time, beat until stiff. Gently
  fold apricot puree into whites. Turn into casserole &amp; set in pan of
  hot water. Bake 40 minutes. Whip cream until stiff, then add sugar &amp;
  extract. Serve souffle with whipped cream &amp; hot brandy sauce.
  
  File ftp://ftp.idiscover.co.uk/pub/food/mealmaster/recipes/mmkah001.zip
 
</step></directions></recipe></recipeml>
