<?xml version="1.0" encoding="UTF-8"?>

<recipeml version="0.5">
  <recipe>
    <head>
      <title>Apricot Spice Butter</title>
      <categories>
        <cat>Fruits</cat>
        <cat>Canning</cat>
        <cat>Preserves</cat>
        <cat>Etc.</cat></categories>
      <yield>4</yield></head>
    <ingredients>
      <ing>
        <amt>
          <qty>4</qty>
          <unit>pounds</unit></amt>
        <item>Apricots</item></ing>
      <ing>
        <amt>
          <qty/>
          <unit/></amt>
        <item>Sugar</item></ing>
      <ing>
        <amt>
          <qty>2</qty>
          <unit>teaspoons</unit></amt>
        <item>Cinnamon</item></ing>
      <ing>
        <amt>
          <qty>1</qty>
          <unit>teaspoon</unit></amt>
        <item>Cloves</item></ing>
      <ing>
        <amt>
          <qty/>
          <unit/></amt>
        <item>Juice and grated peel of 1 lemon</item></ing></ingredients>
    <directions>
      <step>  Wash, peel and pit apricots; cut into small pieces. Cook in their own
  juices over a very low heat until fruit is soft. Measure apricot pulp; add
  1/2 cup sugar for each cup of apricot pulp. Add remaining ingredients and
  cook until thick. Ladle into sterilized jars and seal.
  
  busted by sooz
  
  Recipe by: Key Gourmet
  
  Posted to recipelu-digest by sooz &lt;kirkland@gj.net&gt; on Mar 19, 1998
 
</step></directions></recipe></recipeml>
