<?xml version="1.0" encoding="UTF-8"?>

<recipeml version="0.5">
  <recipe>
    <head>
      <title>Apricot Rice Pudding</title>
      <categories>
        <cat>Pudding</cat>
        <cat>Untried</cat>
        <cat>Posted-mm</cat></categories>
      <yield>8</yield></head>
    <ingredients>
      <ing>
        <amt>
          <qty>1 1/2</qty>
          <unit>cups</unit></amt>
        <item>Long-grain rice -- cooked</item></ing>
      <ing>
        <amt>
          <qty>1/2</qty>
          <unit>cups</unit></amt>
        <item>Shredded coconut meat</item></ing>
      <ing>
        <amt>
          <qty>1 1/2</qty>
          <unit>cups</unit></amt>
        <item>Apricot nectar</item></ing>
      <ing>
        <amt>
          <qty>2/3</qty>
          <unit>cups</unit></amt>
        <item>Sugar -- divided</item></ing>
      <ing>
        <amt>
          <qty>2</qty>
          <unit>tablespoons</unit></amt>
        <item>Water</item></ing>
      <ing>
        <amt>
          <qty>1/2</qty>
          <unit>teaspoons</unit></amt>
        <item>Salt</item></ing>
      <ing>
        <amt>
          <qty>3</qty>
          <unit/></amt>
        <item>Eggs -- separated</item></ing>
      <ing>
        <amt>
          <qty>1</qty>
          <unit>teaspoon</unit></amt>
        <item>Lemon peel -- grated</item></ing>
      <ing>
        <amt>
          <qty>1</qty>
          <unit>teaspoon</unit></amt>
        <item>Vanilla extract</item></ing>
      <ing>
        <amt>
          <qty>1/2</qty>
          <unit>cups</unit></amt>
        <item>Apricot preserves</item></ing></ingredients>
    <directions>
      <step>  Combine rice and coconut; spoon mixture into an 11x7x1 1/2" baking dish.
  Set Aside. Combine apricot nectar, 1/3 cup sugar and 2 tablespoons water in
  a medium saucepan; bring to a boil. Stir in salt, and remove from heat; set
  aside.
  
  Beat egg yolks at high speed of an electric mixer until thick and lemon
  colored.  Stir in lemon rind and Pour egg yolk mixture over rice mixture in
  baking dish. Place baking dish in a baking pan. Pour boiling water into
  baking pan to a depth of 1 inch.
  
  Bake, uncovered, at 350 for 1hour and 15 minutes or until set.  Remove from
  oven; let stand 10 minutes. Beat egg whites (at room temp.) at high speed
  just until foamy.  Gradually add remaining 1/3 cup sugar, 1 tb at a time,
  beating until stiff peaks form and sugar dissolves (2-4 min.). Spread
  meringue over pudding. Bake at 350 for 10 min. or until meringue is golden
  brown.  Serve pudding warm.
  
  Recipe By:Posted Genie F&amp;W
  
  From the recipe files of suzy@gannett.infi.net
  
  Posted to MealMaster Recipes List, Digest #152
  
  Date: Sat, 1 Jun 1996 17:47:03 -0400 (EDT)
  
  From: suzy &lt;suzy@gannett.infi.net&gt;
 
</step></directions></recipe></recipeml>
