<?xml version="1.0" encoding="UTF-8"?>

<recipeml version="0.5">
  <recipe>
    <head>
      <title>Apricot Torte</title>
      <categories>
        <cat>Dessert</cat></categories>
      <yield>8</yield></head>
    <ingredients>
      <ing>
        <amt>
          <qty>1/2</qty>
          <unit>pounds</unit></amt>
        <item>Vanilla wafers</item></ing>
      <ing>
        <amt>
          <qty>1/2</qty>
          <unit>cups</unit></amt>
        <item>Butter</item></ing>
      <ing>
        <amt>
          <qty>1</qty>
          <unit>cup</unit></amt>
        <item>Powdered sugar</item></ing>
      <ing>
        <amt>
          <qty>1</qty>
          <unit>cup</unit></amt>
        <item>Cream; whipped</item></ing>
      <ing>
        <amt>
          <qty>2</qty>
          <unit/></amt>
        <item>Eggs; separated</item></ing>
      <ing>
        <amt>
          <qty>1</qty>
          <unit>cup</unit></amt>
        <item>Cooked dried or canned apricots; sieved</item></ing></ingredients>
    <directions>
      <step>  Roll wafers into crumbs. Pack crumbs on bottom of 8- or 9-inch square pan,
  reserving 1/2 cup for top. Cream butter &amp; sugar, add well beaten egg yolks
  &amp; mix well. Fold in stiffly beaten egg whites. Pour over crumbs. Spread
  apricots on top. Cover with cream &amp; sprinkle with remaining crumbs.
  Refrigerate at least 12 hours. Cut in squares to serve.
  
  MRS JOHN T. (HARRIET) EVANS
  
  From the &lt;The Bliss of Cooking Returns&gt;, Fort Bliss Officers Wives Club,
  Ft. Bliss, TX.  Downloaded from Glen's MM Recipe Archive,
  http://www.erols.com/hosey.
 
</step></directions></recipe></recipeml>
