<?xml version="1.0" encoding="UTF-8"?>

<recipeml version="0.5">
  <recipe>
    <head>
      <title>Apricot Raisin Filling for Hamentaschen</title>
      <categories>
        <cat>Dessert</cat>
        <cat>Filling</cat>
        <cat>Fruit</cat>
        <cat>Cookies</cat></categories>
      <yield>1</yield></head>
    <ingredients>
      <ing>
        <amt>
          <qty>1</qty>
          <unit>medium</unit></amt>
        <item>Seedless orange</item></ing>
      <ing>
        <amt>
          <qty>1</qty>
          <unit>package</unit></amt>
        <item>Dried apricots; (8 ounces)</item></ing>
      <ing>
        <amt>
          <qty>1 1/2</qty>
          <unit>cups</unit></amt>
        <item>Sultana raisins</item></ing>
      <ing>
        <amt>
          <qty>3</qty>
          <unit>tablespoons</unit></amt>
        <item>Sugar; Up To 4 Tbsp.</item></ing></ingredients>
    <directions>
      <step>  Steel Knife: Cut orange in quarters, but do not peel. Process half the
  orange until fine, about 20 seconds. Add half the remaining ingredients.
  Process until fine, about 15 seconds. Empty processor bowl. Repeat with
  remaining ingredients. Yield: about 2 cups filling. May be prepared in
  advance and refrigerated or frozen.
  
  Recipe by: Norene Gilletz "The Pleasures of Your Processor" Recipe by
  Vegetarian site*
  Posted to MC-Recipe Digest by "Bob &amp; Carole Walberg"
  &lt;walbergr@mb.sympatico.ca&gt; on Feb 20, 1998
 
</step></directions></recipe></recipeml>
