<?xml version="1.0" encoding="UTF-8"?>

<recipeml version="0.5">
  <recipe>
    <head>
      <title>Apricot Nut Muffins</title>
      <categories>
        <cat>Breads</cat>
        <cat>Fruits</cat>
        <cat>Muffins</cat></categories>
      <yield>4</yield></head>
    <ingredients>
      <ing>
        <amt>
          <qty>3/4</qty>
          <unit>cups</unit></amt>
        <item>Sugar</item></ing>
      <ing>
        <amt>
          <qty>2</qty>
          <unit>tablespoons</unit></amt>
        <item>Shortening</item></ing>
      <ing>
        <amt>
          <qty>1</qty>
          <unit/></amt>
        <item>Egg; Large</item></ing>
      <ing>
        <amt>
          <qty>3/4</qty>
          <unit>cups</unit></amt>
        <item>Apricot Nectar</item></ing>
      <ing>
        <amt>
          <qty>4</qty>
          <unit>teaspoons</unit></amt>
        <item>Orange Rind; Grated</item></ing>
      <ing>
        <amt>
          <qty>3</qty>
          <unit>cups</unit></amt>
        <item>Whole Wheat Flour</item></ing>
      <ing>
        <amt>
          <qty>3 1/2</qty>
          <unit>teaspoons</unit></amt>
        <item>Baking Powder</item></ing>
      <ing>
        <amt>
          <qty>1</qty>
          <unit>teaspoon</unit></amt>
        <item>Salt</item></ing>
      <ing>
        <amt>
          <qty>1</qty>
          <unit>cup</unit></amt>
        <item>Apricots; Dried, ChoppedFine</item></ing>
      <ing>
        <amt>
          <qty>3/4</qty>
          <unit>cups</unit></amt>
        <item>Chopped Nuts, Optional</item></ing></ingredients>
    <directions>
      <step>  Mix the sugar, shortening and egg until fluffy.  Stir in the apricot
  nectar and orange rind.  Sift together the flour, baking powder, salt and
  add to the creamed mixture.  Blend in the apricots and nuts and add to the
  batter.  Pour into the muffin tins, that have been sprayed with a
  non-stick coating.  Let stand for 20 minutes and then bake at 350 degrees
  F. for 15 to 20 minutes or until done.  Cool on racks.
  
  From "Make Mine Healthy" by Mimi Morgan.
  File ftp://ftp.idiscover.co.uk/pub/food/mealmaster/recipes/muffins2.zip
 
</step></directions></recipe></recipeml>
