<?xml version="1.0" encoding="UTF-8"?>

<recipeml version="0.5">
  <recipe>
    <head>
      <title>Apricot Nectar Salad #3</title>
      <categories>
        <cat>Salad</cat></categories>
      <yield>12</yield></head>
    <ingredients>
      <ing>
        <amt>
          <qty>1</qty>
          <unit>package</unit></amt>
        <item>(6-oz) orange Jello</item></ing>
      <ing>
        <amt>
          <qty>1 1/2</qty>
          <unit>cups</unit></amt>
        <item>Boiling water</item></ing>
      <ing>
        <amt>
          <qty>1</qty>
          <unit>can</unit></amt>
        <item>(46-oz) apricot nectar</item></ing>
      <ing>
        <amt>
          <qty>1 1/2</qty>
          <unit>cups</unit></amt>
        <item>Miniature marshmallows</item></ing>
      <ing>
        <amt>
          <qty>1/2</qty>
          <unit>cups</unit></amt>
        <item>Sugar</item></ing>
      <ing>
        <amt>
          <qty>1/4</qty>
          <unit>teaspoons</unit></amt>
        <item>Salt</item></ing>
      <ing>
        <amt>
          <qty>2</qty>
          <unit>tablespoons</unit></amt>
        <item>Flour</item></ing>
      <ing>
        <amt>
          <qty>1</qty>
          <unit/></amt>
        <item>Egg</item></ing>
      <ing>
        <amt>
          <qty>1</qty>
          <unit>container</unit></amt>
        <item>(12-oz) Cool Whip -or-</item></ing>
      <ing>
        <amt>
          <qty>2</qty>
          <unit>cups</unit></amt>
        <item>Whipped cream</item></ing>
      <ing>
        <amt>
          <qty>1/2</qty>
          <unit>cups</unit></amt>
        <item>Chopped pecans or walnuts</item></ing></ingredients>
    <directions>
      <step>  Dissolve gelatin in water. Stir in 2-1/2 cups apricot nectar. Sprinkle
  1-1/2 cups miniature marshmallows over top of gelatin mixture in a 9x13 pan
  or dish. Chill for 2 hours or until set. For topping, combine sugar, salt,
  flour and egg in a medium saucepan. Add 1 cup apricot nectar. Cook over
  medium heat to thicken, stirring constantly. Cool 20 minutes. Add Cool Whip
  or whipped cream. Spread over gelatin mixture and sprinkle with nuts.
  Yield: 12 servings.
  
  JAN GATTIS (MRS. JAMES D.)
  
  From &lt;Traditions: A Taste of the Good Life&gt;, by the Little Rock (AR) Junior
  League.  Downloaded from Glen's MM Recipe Archive,
  http://www.erols.com/hosey.
 
</step></directions></recipe></recipeml>
