<?xml version="1.0" encoding="UTF-8"?>

<recipeml version="0.5">
  <recipe>
    <head>
      <title>Apricot Souffles</title>
      <categories>
        <cat>Cooking liv</cat>
        <cat>Import</cat></categories>
      <yield>1</yield></head>
    <ingredients>
      <ing>
        <amt>
          <qty>6</qty>
          <unit>ounces</unit></amt>
        <item>Dried apricots</item></ing>
      <ing>
        <amt>
          <qty>1 1/2</qty>
          <unit>cups</unit></amt>
        <item>Water</item></ing>
      <ing>
        <amt>
          <qty>3/4</qty>
          <unit>cups</unit></amt>
        <item>Sugar plus additional for coating ramekins</item></ing>
      <ing>
        <amt>
          <qty>1</qty>
          <unit>tablespoon</unit></amt>
        <item>Fresh lemon juice</item></ing>
      <ing>
        <amt>
          <qty>1</qty>
          <unit>tablespoon</unit></amt>
        <item>Dark rum if desired</item></ing>
      <ing>
        <amt>
          <qty>1/2</qty>
          <unit>teaspoons</unit></amt>
        <item>Vanilla</item></ing>
      <ing>
        <amt>
          <qty>5</qty>
          <unit>large</unit></amt>
        <item>Egg whites</item></ing>
      <ing>
        <amt>
          <qty>1/4</qty>
          <unit>teaspoons</unit></amt>
        <item>Cream of tartar</item></ing></ingredients>
    <directions>
      <step>  In a heavy saucepan simmer apricots, water and 1/2 cup sugar, covered, 20
  minutes. Transfer hot mixture to a food processor and puree until very
  smooth. Force puree through a fine sieve into a bowl and stir in lemon
  juice, rum, vanilla, and a pinch of salt. Cool puree completely. Puree
  
  may be made 2 days ahead and chilled, covered. Bring puree to room
  temperature before proceeding. Transfer puree to a large bowl.
  
  Preheat oven to 350 degrees. Generously butter six 7-ounce (3 1/2 by 1
  3/4-inch) ramekins and coat with additional sugar, knocking out excess.
  
  In another large bowl with an electric mixer beat whites with a pinch of
  salt until foamy. Beat in cream of tartar and beat whites until they hold
  soft peaks. Beat in remaining 1/4 cup sugar, a little at a time, and beat
  meringue until it just holds stiff peaks. Whisk about one fourth meringue
  into puree to lighten and fold in remaining meringue gently but thoroughly.
  Ladle batter into ramekins and bake souffles on a baking sheet in middle of
  oven 20 to 25 minutes, or until puffed, golden brown and just set in
  center.
  
  Remove ramekins from oven. With 2 forks pull open center of each souffle
  and pour some creme anglaise into each opening. Serve immediately.
  
  Yield: 6 servings
  
  Recipe by: Cooking Live Show #CL8928 Posted to MC-Recipe Digest V1 #720 by
  "Angele and Jon Freeman" &lt;jfreeman@netusa1.net&gt; on Aug 4, 1997
 
</step></directions></recipe></recipeml>
