<?xml version="1.0" encoding="UTF-8"?>

<recipeml version="0.5">
  <recipe>
    <head>
      <title>Apricot Nut Bread #1</title>
      <categories>
        <cat>Bread</cat></categories>
      <yield>6</yield></head>
    <ingredients>
      <ing>
        <amt>
          <qty>3/4</qty>
          <unit>cups</unit></amt>
        <item>Dried apricots</item></ing>
      <ing>
        <amt>
          <qty>1</qty>
          <unit>cup</unit></amt>
        <item>Flour</item></ing>
      <ing>
        <amt>
          <qty>2</qty>
          <unit>teaspoons</unit></amt>
        <item>Baking powder</item></ing>
      <ing>
        <amt>
          <qty>1/4</qty>
          <unit>teaspoons</unit></amt>
        <item>Baking soda</item></ing>
      <ing>
        <amt>
          <qty>1/2</qty>
          <unit>teaspoons</unit></amt>
        <item>Salt</item></ing>
      <ing>
        <amt>
          <qty>1/2</qty>
          <unit>cups</unit></amt>
        <item>Sugar</item></ing>
      <ing>
        <amt>
          <qty>3/4</qty>
          <unit>cups</unit></amt>
        <item>Milk</item></ing>
      <ing>
        <amt>
          <qty>1</qty>
          <unit/></amt>
        <item>Egg; slightly beaten</item></ing>
      <ing>
        <amt>
          <qty>1</qty>
          <unit>tablespoon</unit></amt>
        <item>Grated orange peel</item></ing>
      <ing>
        <amt>
          <qty>1</qty>
          <unit>tablespoon</unit></amt>
        <item>Vegetable oil</item></ing>
      <ing>
        <amt>
          <qty>1/2</qty>
          <unit>cups</unit></amt>
        <item>Whole wheat flour</item></ing>
      <ing>
        <amt>
          <qty>1</qty>
          <unit>cup</unit></amt>
        <item>Coarsely chopped walnuts</item></ing></ingredients>
    <directions>
      <step>  Date: Sun, 28 Apr 1996 05:25:53 GMT
  
  From: Anne Sheresky &lt;sheresky@worldchat.com&gt;
  Place the apricots on a chopping block.  Sprinkle 1 T flour over them.  Dip
  a knife into the flour and chop the apricots finely.  Flour the knife often
  to keep the cut up fruit from sticking together. Sift the remaining flour,
  baking powder, baking soda, salt and sugar into a large bowl.  Combine the
  milk, egg, orange peel, and oil.  Stir the flour mixture and the whole
  wheat flour. Fold in the cut up apricots, any flour left on the cutting
  block and the walnuts. Pour into a well greased, floured bakin unit. Cover
  and place on a rack in the slow cooker, but prop the lid open a fraction
  with a toothpick or a twist of foil to let excess steam escape. Cook on
  High for 4 to 6 hours. Cool on a rack for 10 minutes. Serve warm or cold.
  
  Now before you all ask what a baking unit is (I wondered as I sat and typed
  this in), I looked it up in the front of the bread section.  She says that
  some manufacturers are making units for slow cookers, but if you don't have
  one, a 2 pound coffee can works.  Pyrex muffin cups also work.  Also 1, 1
  1/2 and 2 quart molds work. 4-6 servings.
  
  Do not lift the lid while baking this bread.
  
  MM-RECIPES@IDISCOVER.NET
  
  MEAL-MASTER RECIPES LIST SERVER
  
  MM-RECIPES DIGEST V3 #119
  
  From the MealMaster recipe list.  Downloaded from Glen's MM Recipe Archive,
  http://www.erols.com/hosey.
 
</step></directions></recipe></recipeml>
