<?xml version="1.0" encoding="UTF-8"?>

<recipeml version="0.5">
  <recipe>
    <head>
      <title>Apricot Tea Cookies</title>
      <categories>
        <cat>Cookies</cat></categories>
      <yield>1</yield></head>
    <ingredients>
      <ing>
        <amt>
          <qty>1</qty>
          <unit>cup</unit></amt>
        <item>Lightly Salted Butter</item></ing>
      <ing>
        <amt>
          <qty>1/8</qty>
          <unit>teaspoons</unit></amt>
        <item>Salt</item></ing>
      <ing>
        <amt>
          <qty>1/3</qty>
          <unit>cups</unit></amt>
        <item>Sugar</item></ing>
      <ing>
        <amt>
          <qty>3/4</qty>
          <unit>cups</unit></amt>
        <item>Apricot Preserves (divided)</item></ing>
      <ing>
        <amt>
          <qty>1</qty>
          <unit>large</unit></amt>
        <item>Egg Yolk</item></ing>
      <ing>
        <amt>
          <qty>1/2</qty>
          <unit>teaspoons</unit></amt>
        <item>Baking Powder</item></ing>
      <ing>
        <amt>
          <qty>1/8</qty>
          <unit>teaspoons</unit></amt>
        <item>Almond Extract</item></ing>
      <ing>
        <amt>
          <qty/>
          <unit>large</unit></amt>
        <item>Lemon Zest, finely grated</item></ing>
      <ing>
        <amt>
          <qty>1/4</qty>
          <unit>teaspoons</unit></amt>
        <item>Orange Zest, finely grated</item></ing>
      <ing>
        <amt>
          <qty>2 1/2</qty>
          <unit>cups</unit></amt>
        <item>Flour</item></ing>
      <ing>
        <amt>
          <qty>1</qty>
          <unit>cup</unit></amt>
        <item>Almonds, blanched and finel chopped</item></ing>
      <ing>
        <amt>
          <qty>3</qty>
          <unit/></amt>
        <item>Cookies Sheets, greased wit crisco</item></ing></ingredients>
    <directions>
      <step>  Place butter in a bowl and beat on medium speed until light and smooth. Add
  salt, sugar and / cup of the apricot preserves. Beat until smooth. Beat in
  yolks, baking powder, almonds and both zests until well blended. Gradually
  beat in the flour until well blended. Spread almonds in a shallow bowl or
  pan. Pinch off 1" pieces of dought and roll into balls. Roll in chopped
  almonds until coated. If too soft, refrigerate 5-10 minutes. Place 1/"
  apart. Make a deep indentation in the center of each cookie and bake 5
  minutes in a preheated 375oF oven on the center rack. Remove and fill the
  indentation with /t of perserves. Return to oven and continue baking 6-8
  minutes longer until light golden. Remove and let stand 2-3 minutes before
  transferring to a wire rack. Cool completely. Place wax paper between each
  cookie and store in an air tight container.
  
  Source: "The Yankee Kitchen" 04-05-93 (#4) [Jeanette]
  
  From Gemini's MASSIVE MealMaster collection at www.synapse.com/~gemini
 
</step></directions></recipe></recipeml>
