<?xml version="1.0" encoding="UTF-8"?>

<recipeml version="0.5">
  <recipe>
    <head>
      <title>April Salad - Papaya, Chicken, Raspberry</title>
      <categories>
        <cat>Salad</cat></categories>
      <yield>3</yield></head>
    <ingredients>
      <ing>
        <amt>
          <qty/>
          <unit/></amt>
        <item>Iceberg lettuce</item></ing>
      <ing>
        <amt>
          <qty/>
          <unit/></amt>
        <item>Romaine lettuce</item></ing>
      <ing>
        <amt>
          <qty/>
          <unit/></amt>
        <item>Escarole</item></ing>
      <ing>
        <amt>
          <qty/>
          <unit/></amt>
        <item>Endive</item></ing>
      <ing>
        <amt>
          <qty/>
          <unit/></amt>
        <item>Radicchio</item></ing>
      <ing>
        <amt>
          <qty/>
          <unit/></amt>
        <item>Leftover roasted chicken breast; boneless</item></ing>
      <ing>
        <amt>
          <qty/>
          <unit/></amt>
        <item>Papaya cubes</item></ing>
      <ing>
        <amt>
          <qty/>
          <unit/></amt>
        <item>Raspberry vinaigrette dressing</item></ing>
      <ing>
        <amt>
          <qty/>
          <unit/></amt>
        <item>Wheat germ; toasted</item></ing>
      <ing>
        <amt>
          <qty/>
          <unit/></amt>
        <item>Refrigerator crescent rolls</item></ing></ingredients>
    <directions>
      <step>  From: PatH &lt;phannema@wizard.ucr.edu&gt;
  
  Date: Sat, 13 Apr 1996 20:01:45 -0700 (PDT)
  Purchase seasonal greens to put together an European salad, about 4 1/2
  cups, loosely measured.  Coarsely chop the chicken breast and toss it with
  the lettuce, blending well. Peel, seed, and cube a ripe papaya. Put 1-1/2
  cups of the fruit on top of the salad (store remainder refrigerator). Do
  not stir. Drizzle with raspberry vinaigrette dressing (from Sunset's Salads
  or commercial: Girard's or S&amp;W's). Chill the salad in freezer while you
  preheat oven and bake the cresant rolls. Top salad with crunchy wheat germ.
  Serves two dinner or three lunchean portions.
  
  NOTES : "Use Fruit Vinaigrettes!" suggested Kathleen Daelemans, chef at
  Croce's San Diego restaurant. (See Prevention magazine, Jan 96)
  
  MC-RECIPE@MASTERCOOK.COM
  
  MASTERCOOK RECIPES LIST SERVER
  
  MC-RECIPE DIGEST V1 #42
  
  From the MasterCook recipe list.  Downloaded from Glen's MM Recipe Archive,
  http://www.erols.com/hosey.
 
</step></directions></recipe></recipeml>
