<?xml version="1.0" encoding="UTF-8"?>

<recipeml version="0.5">
  <recipe>
    <head>
      <title>Apricot Raisin Spread</title>
      <categories>
        <cat>Cheese</cat>
        <cat>Appetizers</cat>
        <cat>Dips</cat>
        <cat>Fruits/nuts</cat></categories>
      <yield>1</yield></head>
    <ingredients>
      <ing>
        <amt>
          <qty>8</qty>
          <unit>ounces</unit></amt>
        <item>Cream cheese, cut into bits softened</item></ing>
      <ing>
        <amt>
          <qty>1/2</qty>
          <unit>cups</unit></amt>
        <item>Apricot jam</item></ing>
      <ing>
        <amt>
          <qty>1/2</qty>
          <unit>cups</unit></amt>
        <item>Golden raisins walnut halves, garnish</item></ing></ingredients>
    <directions>
      <step>  In a food processor blend together the cream cheese and the jam until the
  mixture is smooth; add the raisins and pulse the motor until the mixture is
  just combined.  Transfer the spread to a ramekin or small decorative bowl
  and chill it for 1 hour.  Garnish the spread with the walnut halves and
  serve it with crackers.  Makes about 1 1/2 cups.
  
  File ftp://ftp.idiscover.co.uk/pub/food/mealmaster/recipes/mmdjaxxx.zip
 
</step></directions></recipe></recipeml>
