<?xml version="1.0" encoding="UTF-8"?>

<recipeml version="0.5">
  <recipe>
    <head>
      <title>Apricot Scones</title>
      <categories>
        <cat>Crs</cat>
        <cat>Totest</cat>
        <cat>Post</cat></categories>
      <yield>12</yield></head>
    <ingredients>
      <ing>
        <amt>
          <qty>1 1/2</qty>
          <unit>cups</unit></amt>
        <item>Flour</item></ing>
      <ing>
        <amt>
          <qty>1</qty>
          <unit>cup</unit></amt>
        <item>Oat bran</item></ing>
      <ing>
        <amt>
          <qty>2</qty>
          <unit>tablespoons</unit></amt>
        <item>Sugar</item></ing>
      <ing>
        <amt>
          <qty>1</qty>
          <unit>tablespoon</unit></amt>
        <item>Baking powder</item></ing>
      <ing>
        <amt>
          <qty>1/2</qty>
          <unit>teaspoons</unit></amt>
        <item>Salt</item></ing>
      <ing>
        <amt>
          <qty>1/2</qty>
          <unit>cups</unit></amt>
        <item>Butter</item></ing>
      <ing>
        <amt>
          <qty>1</qty>
          <unit/></amt>
        <item>Egg, lightly beaten</item></ing>
      <ing>
        <amt>
          <qty>3</qty>
          <unit>tablespoons</unit></amt>
        <item>Milk</item></ing>
      <ing>
        <amt>
          <qty>1</qty>
          <unit>can</unit></amt>
        <item>(17oz) apricot halves,</item></ing>
      <ing>
        <amt>
          <qty/>
          <unit/></amt>
        <item>Drained and chopped</item></ing></ingredients>
    <directions>
      <step>  Preheat oven to 400F.
  
  Combine flour, oat bran, sugar, baking powder and salt. Cut in butter until
  mixture resembles fine crumbs. Stir in egg, milk and apricots just until
  dough leaves sides of bowl.
  
  Divide dough in half; place on a lightly floured board and coat both sides
  with flour to seal. Form a 6" round 1" high circle; cut into 6 wedges with
  a floured knife. Seperate wedges and bake 12 minutes on an ungreased cookie
  sheet until golden brown. Cool slightly on a wire rack; serve warm.
  
  Country Accents Christmas Cookies and Holiday Entertaining Ideas 1995
  
  From Gemini's MASSIVE MealMaster collection at www.synapse.com/~gemini
 
</step></directions></recipe></recipeml>
