<?xml version="1.0" encoding="UTF-8"?>

<recipeml version="0.5">
  <recipe>
    <head>
      <title>Apulian Bread</title>
      <categories>
        <cat>Regular</cat>
        <cat>Cycle</cat></categories>
      <yield>1</yield></head>
    <ingredients>
      <ing>
        <amt>
          <qty>1/2</qty>
          <unit>cups</unit></amt>
        <item>Water; warmed</item></ing>
      <ing>
        <amt>
          <qty>1</qty>
          <unit>pinch</unit></amt>
        <item>Sugar</item></ing>
      <ing>
        <amt>
          <qty>1/4</qty>
          <unit>teaspoons</unit></amt>
        <item>Active dry yeast</item></ing>
      <ing>
        <amt>
          <qty>1</qty>
          <unit>cup</unit></amt>
        <item>All-purpose flour; unbleached</item></ing>
      <ing>
        <amt>
          <qty>1/2</qty>
          <unit>cups</unit></amt>
        <item>Water Small Loaf---</item></ing>
      <ing>
        <amt>
          <qty>3/4</qty>
          <unit>cups</unit></amt>
        <item>Vegetable broth; or water</item></ing>
      <ing>
        <amt>
          <qty>1/4</qty>
          <unit>cups</unit></amt>
        <item>Starter; (Biga)</item></ing>
      <ing>
        <amt>
          <qty>1 3/4</qty>
          <unit>cups</unit></amt>
        <item>All-purpose flour; unbleached</item></ing>
      <ing>
        <amt>
          <qty>3/4</qty>
          <unit>teaspoons</unit></amt>
        <item>Salt</item></ing>
      <ing>
        <amt>
          <qty>1/2</qty>
          <unit>teaspoons</unit></amt>
        <item>Active dry yeast Large Loaf---</item></ing>
      <ing>
        <amt>
          <qty>1 1/2</qty>
          <unit>cups</unit></amt>
        <item>Vegetable broth; or water</item></ing>
      <ing>
        <amt>
          <qty>1/3</qty>
          <unit>cups</unit></amt>
        <item>Starter; (Biga)</item></ing>
      <ing>
        <amt>
          <qty>3 3/4</qty>
          <unit>cups</unit></amt>
        <item>All-purpose flour; unbleached</item></ing>
      <ing>
        <amt>
          <qty>1 1/2</qty>
          <unit>teaspoons</unit></amt>
        <item>Salt</item></ing>
      <ing>
        <amt>
          <qty>1</qty>
          <unit>teaspoon</unit></amt>
        <item>Active dry yeast</item></ing></ingredients>
    <directions>
      <step>  Starter: To make the starter called Biga pour the warmed water into a glass
  bowl, pre-warmed by rinsing in hot water. Add a pinch of sugar &amp; the yeast,
  stir briefly, &amp; let mixture stand for 10 minutes or so in a warm spot,
  until it looks creamy &amp; bubbly. Then mix in the flour &amp; the other water.
  This concoction should then be allowed to ferment, covered with plastic
  wrap, anywhere from 6 - 24 hours or more, depending on the temperature. The
  longer it ferments the stronger the flavor it imparts to the bread. If the
  mix separates noticeably &amp; a clear liquid settles to the bottom, it's
  reaching the outer limits of use. If the starter begins to turn pink TOSS
  IT OUT!! Bread: Pour all wet ingredients into bread machine baking pan.
  Measure all other ingredients except yeast into baking pan. Sprinkle yeast
  over dry ingredients, being careful not to get yeast wet. Use regular bake
  cycle on your machine for this loaf.
  
  Recipe by: More Recipes for Your Bread Machine Bakery by R. W. Langer
  
  Posted to Bakery-Shoppe Digest V1 #441 by "Christopher E. Eaves"
  &lt;cea260@airmail.net&gt; on Dec 6, 97
 
</step></directions></recipe></recipeml>
