<?xml version="1.0" encoding="UTF-8"?>

<recipeml version="0.5">
  <recipe>
    <head>
      <title>Arabian Stew</title>
      <categories>
        <cat>Meats</cat></categories>
      <yield>20</yield></head>
    <ingredients>
      <ing>
        <amt>
          <qty>3 1/2</qty>
          <unit>cups</unit></amt>
        <item>Tomato juice</item></ing>
      <ing>
        <amt>
          <qty>16</qty>
          <unit>ounces</unit></amt>
        <item>Chicken, cooked &amp; cut up</item></ing>
      <ing>
        <amt>
          <qty>2</qty>
          <unit>small</unit></amt>
        <item>Raw Potatoes, diced</item></ing>
      <ing>
        <amt>
          <qty>1</qty>
          <unit>medium</unit></amt>
        <item>Eggplant, cut up</item></ing>
      <ing>
        <amt>
          <qty>1</qty>
          <unit>large</unit></amt>
        <item>Raw Onion, diced</item></ing>
      <ing>
        <amt>
          <qty>6</qty>
          <unit/></amt>
        <item>Celery Stalks with Greens, diced</item></ing>
      <ing>
        <amt>
          <qty>28</qty>
          <unit>ounces</unit></amt>
        <item>Green Beans, drained</item></ing>
      <ing>
        <amt>
          <qty>12</qty>
          <unit>ounces</unit></amt>
        <item>Fresh or canned Mushrooms, drained</item></ing>
      <ing>
        <amt>
          <qty>1</qty>
          <unit>tablespoon</unit></amt>
        <item>Oregano</item></ing>
      <ing>
        <amt>
          <qty/>
          <unit/></amt>
        <item>Garlic, to taste</item></ing>
      <ing>
        <amt>
          <qty/>
          <unit/></amt>
        <item>Onion Powder, to taste</item></ing>
      <ing>
        <amt>
          <qty/>
          <unit/></amt>
        <item>Parmesan Cheese, grated</item></ing></ingredients>
    <directions>
      <step>  Place all ingredients in a crock pot in the order listed (except for the
  cheese) , cover and cook 8-10 hours on medium. Serve with cheese. Makes 20
  cups.
  
  Source: "The Yankee Kitchen" 03-31-93 (#6) [Joan]
  
  From Gemini's MASSIVE MealMaster collection at www.synapse.com/~gemini
 
</step></directions></recipe></recipeml>
