<?xml version="1.0" encoding="UTF-8"?>

<recipeml version="0.5">
  <recipe>
    <head>
      <title>Arabian Squash</title>
      <categories>
        <cat>Cheese</cat>
        <cat>Side dishes</cat>
        <cat>Vegetables</cat></categories>
      <yield>1</yield></head>
    <ingredients>
      <ing>
        <amt>
          <qty>1</qty>
          <unit>pound</unit></amt>
        <item>YELLOW SUMMER SQUASH --</item></ing>
      <ing>
        <amt>
          <qty/>
          <unit/></amt>
        <item>GRATED</item></ing>
      <ing>
        <amt>
          <qty>1/4</qty>
          <unit>teaspoons</unit></amt>
        <item>SALT</item></ing>
      <ing>
        <amt>
          <qty>1/2</qty>
          <unit>cups</unit></amt>
        <item>GRATED CHEDDAR CHEESE</item></ing>
      <ing>
        <amt>
          <qty>1/3</qty>
          <unit>cups</unit></amt>
        <item>COTTAGE CHEESE</item></ing>
      <ing>
        <amt>
          <qty>2</qty>
          <unit/></amt>
        <item>EGGS</item></ing>
      <ing>
        <amt>
          <qty>1/3</qty>
          <unit>cups</unit></amt>
        <item>DRY BREAD CRUMBS</item></ing>
      <ing>
        <amt>
          <qty>1</qty>
          <unit>tablespoon</unit></amt>
        <item>MINCED PARSLEY</item></ing>
      <ing>
        <amt>
          <qty/>
          <unit/></amt>
        <item>PEPPER</item></ing>
      <ing>
        <amt>
          <qty>2</qty>
          <unit>tablespoons</unit></amt>
        <item>BUTTER -- MELTED</item></ing>
      <ing>
        <amt>
          <qty>1/2</qty>
          <unit/></amt>
        <item>CLOVE GARLIC, CRUSHED</item></ing>
      <ing>
        <amt>
          <qty>2</qty>
          <unit>tablespoons</unit></amt>
        <item>GRATED PARMESAN CHEESE</item></ing></ingredients>
    <directions>
      <step>  Squeeze water out of squash.  combine all ingredients except Parmesan and
  place in 1qt casserole.  Top with cheese and bake, uncovered, at 350 for 1
  hour.
  
  Recipe By     : CUPONQUEN
  
  File ftp://ftp.idiscover.co.uk/pub/food/mealmaster/recipes/mmdja006.zip
 
</step></directions></recipe></recipeml>
