<?xml version="1.0" encoding="UTF-8"?>

<recipeml version="0.5">
  <recipe>
    <head>
      <title>Arame Rice Patties</title>
      <categories>
        <cat>Vegetarian</cat>
        <cat>Vegan</cat>
        <cat>Main dish</cat></categories>
      <yield>6</yield></head>
    <ingredients>
      <ing>
        <amt>
          <qty>1 1/2</qty>
          <unit>cups</unit></amt>
        <item>Brown rice; cooked</item></ing>
      <ing>
        <amt>
          <qty/>
          <unit/></amt>
        <item>Egg replacer for 1 egg</item></ing>
      <ing>
        <amt>
          <qty>1 1/2</qty>
          <unit>cups</unit></amt>
        <item>Whole grain bread crumbs</item></ing>
      <ing>
        <amt>
          <qty>1/3</qty>
          <unit>cups</unit></amt>
        <item>Onion; finely chopped</item></ing>
      <ing>
        <amt>
          <qty>1/3</qty>
          <unit>cups</unit></amt>
        <item>Arame; soaked</item></ing>
      <ing>
        <amt>
          <qty>2</qty>
          <unit>tablespoons</unit></amt>
        <item>Natto or other type of miso</item></ing>
      <ing>
        <amt>
          <qty>1</qty>
          <unit>teaspoon</unit></amt>
        <item>Thyme</item></ing>
      <ing>
        <amt>
          <qty>2</qty>
          <unit>tablespoons</unit></amt>
        <item>Tahini</item></ing></ingredients>
    <directions>
      <step>   Place all the ingredients in a large bowl. Mix well, using your hands if
  necessary.
  
   Shape the mixture into 6 small patties, using your hands to firmly press
  the mixture together.
  
   Heat a small amount of oil in a  skillet. Place the patties in the skillet
  and cook over medium heat until they are brown on the bottom. Turnthe
  patties over and brown them on the other side.
  
   Serve these patties with soup, in place of bread, or with a bean or tofu
  dish.
  
   From DEEANNE's recipe files
  
  From Gemini's MASSIVE MealMaster collection at www.synapse.com/~gemini
 
</step></directions></recipe></recipeml>
