<?xml version="1.0" encoding="UTF-8"?>

<recipeml version="0.5">
  <recipe>
    <head>
      <title>Arame-Stuffed Mushroom Caps</title>
      <categories>
        <cat>Appetizers</cat></categories>
      <yield>6</yield></head>
    <ingredients>
      <ing-div>
        <title/>
        <ing>
          <amt>
            <qty>1</qty>
            <unit>cup</unit></amt>
          <item>EDEN Arame rinsed and soaked</item></ing>
        <ing>
          <amt>
            <qty>18</qty>
            <unit>large</unit></amt>
          <item>Fresh mushrooms</item></ing>
        <ing>
          <amt>
            <qty>1</qty>
            <unit>teaspoon</unit></amt>
          <item>EDEN Sesame Oil</item></ing>
        <ing>
          <amt>
            <qty>1</qty>
            <unit>medium</unit></amt>
          <item>Onion</item></ing>
        <ing>
          <amt>
            <qty>1/4</qty>
            <unit>cups</unit></amt>
          <item>EDEN Mirin</item></ing>
        <ing>
          <amt>
            <qty>1</qty>
            <unit/></amt>
          <item>Lemon, juiced</item></ing>
        <ing>
          <amt>
            <qty>2</qty>
            <unit>tablespoons</unit></amt>
          <item>EDEN Shoyu or Tamari</item></ing>
        <ing>
          <amt>
            <qty>1</qty>
            <unit>teaspoon</unit></amt>
          <item>Ginger juice (grate ginger and squeeze out juice)</item></ing>
        <ing>
          <amt>
            <qty/>
            <unit/></amt>
          <item>Fresh parsley, minced</item></ing></ing-div>
      <ing-div>
        <title>TO GARNISH</title>
        <ing>
          <amt>
            <qty/>
            <unit/></amt>
          <item>Red pepper or lemon slice</item></ing></ing-div></ingredients>
    <directions>
      <step>  Soak Arame for 10 minutes. Rinse well and drain. Rinse mushrooms and
  remove stems. Place in baking dish. Dice stems and set aside. Place
  Arame with soaking water in small sauce pan. If necessary add more water
  to cover. Bring to boil and simmer for 15 minutes. Drain. Squeeze out
  liquid from Arame and mince. Heat oil in small pan and saute onion and
  mushroom stems for 3-5 minutes. Add Arame. Combine Mirin, Shoyu, lemon,
  and ginger juice. Pour half over Arame mixture and simmer until liquid
  evaporates. Stuff mushroom caps with Arame mixture; pour remaining
  marinade over mushroom caps. Cover and bake at 350 F for 20-25 minutes.
  Garnish. Be careful not to overcook; mushrooms will shrink.
  
  by Mary Estelle
  
  Prep Time: 40 minutes
  Yield: 6 Servings
  
  Sea vegetables ran be added to soups or salads, cooked alone or with
  other vegetables, and even brewed into teas. Their versatility in the
  kitchen is as wide as the ocean.  When dried, the succulence and qualify
  of sea vegetables is not as apparent as when fresh, so it is important
  to choose a brand you can trust. Eden (TM) brand sea vegetables are the
  highest quality available, harvested from clean Northern waters.
  
  Copyright 1995 Eden Foods, Inc.
  &lt;Electronic format courtesy of: Karen Mintzias&gt;
  
  File ftp://ftp.idiscover.co.uk/pub/food/mealmaster/recipes/eden.zip
 
</step></directions></recipe></recipeml>
