<?xml version="1.0" encoding="UTF-8"?>

<recipeml version="0.5">
  <recipe>
    <head>
      <title>Arance Con Zucchero (Sugared Sliced Oranges)</title>
      <categories>
        <cat>Desserts</cat>
        <cat>Fruits</cat>
        <cat>Italian</cat></categories>
      <yield>6</yield></head>
    <ingredients>
      <ing>
        <amt>
          <qty>6</qty>
          <unit>large</unit></amt>
        <item>Navel Oranges</item></ing>
      <ing>
        <amt>
          <qty/>
          <unit/></amt>
        <item>Sugar -- to taste</item></ing>
      <ing>
        <amt>
          <qty>1</qty>
          <unit>teaspoon</unit></amt>
        <item>Lemon Peel -- grated</item></ing>
      <ing>
        <amt>
          <qty>6</qty>
          <unit>tablespoons</unit></amt>
        <item>Marsala Wine -- (sweet)</item></ing></ingredients>
    <directions>
      <step>  Peel the oranges carefully and slice thin, reserving the juice. Place the
  slices and juice on a large, shallow platter and sprinkle with sugar, lemon
  peel and marsala. Toss very gently, cover, and chill for a few hours before
  serving.
  
  Serves 6-8.
  
  Recipe By     :
  
  File ftp://ftp.idiscover.co.uk/pub/food/mealmaster/recipes/mmdja006.zip
 
</step></directions></recipe></recipeml>
