<?xml version="1.0" encoding="UTF-8"?>

<recipeml version="0.5">
  <recipe>
    <head>
      <title>Arancia Genovese</title>
      <categories>
        <cat>Dessert</cat></categories>
      <yield>4</yield></head>
    <ingredients>
      <ing>
        <amt>
          <qty>4</qty>
          <unit>large</unit></amt>
        <item>Oranges</item></ing>
      <ing>
        <amt>
          <qty>1</qty>
          <unit>pint</unit></amt>
        <item>Italian ice; any flavor, or Spumoni ice cream</item></ing>
      <ing>
        <amt>
          <qty>4</qty>
          <unit>ounces</unit></amt>
        <item>Galliano</item></ing>
      <ing>
        <amt>
          <qty>1/2</qty>
          <unit>pints</unit></amt>
        <item>Whipping cream; whipped stiff</item></ing>
      <ing>
        <amt>
          <qty>2</qty>
          <unit>ounces</unit></amt>
        <item>Creme de Cacao</item></ing></ingredients>
    <directions>
      <step>  1. Cut off top and bottom of each orange to a thickness of 1/4 in. Set
  aside tops and bottoms.
  
  2. Using a paring knife, separate rind from pulp by inserting knife between
  rind and pulp and cutting with a rotating motion. When properly separated,
  pulp should easily slip out by pressing with fingers, leaving hollowed
  orange rind intact. Discard pulp.
  
  3. Through top opening of rind, replace bottom rind disc so that rind will
  hold filling.
  
  4. Fill each rind with Italian ice or spumoni.
  
  5. Using any kitchen utensil, make a hole in center of ice or spumoni about
  the width of a finger. Fill with Galliano.
  
  6. Top with 1 in. to 2 in. whipped cream.
  
  7. Make a similar hole in whipped cream and fill with Creme de Cacao.
  
  8. Cap with reserved rind tops. Serve immediately.
  
  DON LUIGI'S
  
  BEULAH RD, PITTSBURGH
  
  WINE: MANDOCREME MARSALA
  
  From the &lt;Micro Cookbook Collection of Italian Recipes&gt;.  Downloaded from
  Glen's MM Recipe Archive, http://www.erols.com/hosey.
 
</step></directions></recipe></recipeml>
