<?xml version="1.0" encoding="UTF-8"?>

<recipeml version="0.5">
  <recipe>
    <head>
      <title>Ararat Home Kadayif</title>
      <categories>
        <cat>Dessert</cat></categories>
      <yield>24</yield></head>
    <ingredients>
      <ing>
        <amt>
          <qty>2</qty>
          <unit>pounds</unit></amt>
        <item>Kadayif dough(Shredded Filo)</item></ing>
      <ing>
        <amt>
          <qty>1 1/2</qty>
          <unit>cups</unit></amt>
        <item>Butter; melted</item></ing>
      <ing>
        <amt>
          <qty>1</qty>
          <unit>quart</unit></amt>
        <item>Half and half cream</item></ing>
      <ing>
        <amt>
          <qty>1</qty>
          <unit>quart</unit></amt>
        <item>Heavy cream</item></ing>
      <ing>
        <amt>
          <qty>3/4</qty>
          <unit>cups</unit></amt>
        <item>Cornstarch</item></ing>
      <ing>
        <amt>
          <qty>3/4</qty>
          <unit>cups</unit></amt>
        <item>Milk</item></ing>
      <ing>
        <amt>
          <qty>4</qty>
          <unit>cups</unit></amt>
        <item>Sugar</item></ing>
      <ing>
        <amt>
          <qty>3</qty>
          <unit>cups</unit></amt>
        <item>Water</item></ing>
      <ing>
        <amt>
          <qty/>
          <unit/></amt>
        <item>Few drop fresh Lemon Juice</item></ing></ingredients>
    <directions>
      <step>  Source: Reflections of an Armenian Kitchen
  
  Cut and fluff 1 lb of Kadayif dough in bowl with hands. Add half melted
  butter and mix until strands are evenly coated. Spread evenly in lightly
  buttered 17x13-inch baking pan.
  
  Combine half and half and heavy cream in large saucepan. Bring to slow boil
  over low heat.
  
  Combine cornstarch and milk, stirring until cornstarch is dissolved. Slowly
  add to cream mixture, stirring constantly, until mixture returns to slow
  boil. Spread hot cream filling over kadayif in pan.
  
  Cut and fluff remaining 1 lb. of kadayif in bowl. Add remaining melted
  butter and mix with hands until strands are evenly coated. Spread over top
  of cream layer, pressing down firmly to form an even surface. Place on
  lowest oven rack and bake at 450 degrees F. until golden brown, about 20-25
  minutes. If not golden, move pan to top rack and bake 5 to 10 minutes
  longer.
  
  Meanwhile, prepare syrup. Combine sugar and water in saucepan and boil 5 to
  10 minutes. Add lemon juice. Cool. Pour cold syrup evenly over kadayif as
  soon as it is removed from the oven. Cut into squares to serve.
  
  From the recipe file of suzy@gannett.infi.net
  
  Date: Tue, 11 Jun 1996 12:45:13 -0400 (EDT)
  
  From: suzy &lt;suzy@gannett.infi.net&gt;
  
  MM-Recipes Digest V3 #162
  
  From the MealMaster recipe list.  Downloaded from Glen's MM Recipe Archive,
  http://www.erols.com/hosey.
 
</step></directions></recipe></recipeml>
