<?xml version="1.0" encoding="UTF-8"?>

<recipeml version="0.5">
  <recipe>
    <head>
      <title>Apple Filling (Pie Filling)</title>
      <categories>
        <cat/></categories>
      <yield>100</yield></head>
    <ingredients>
      <ing>
        <amt>
          <qty>7</qty>
          <unit>pounds</unit></amt>
        <item>PIE FIL APPLE #10</item></ing></ingredients>
    <directions>
      <step>  1.  USE 7 LB (1-NO. 10 CN) CANNED, PREPARED APPLE PIE FILLING.
  
  NOTE:  1.  THIS FILLING MAY BE USED IN A VARIETY OF SWEET DOUGH PRODUCTS.
  SEE RECIPE NO. D-G-7, GUIDE FOR SWEET DOUGH MAKE-UP.
  
  NOTE:  2.  USE ABOUT 2 TBSP (1-NO. 30 SCOOP) APPLE PIE FILLING FOR EACHH
  PASTRY.
  
  Recipe Number: D00301
  
  SERVING SIZE: 2 TABLESP
  
  From the &lt;Army Master Recipe Index File&gt; (actually used today!).
  Downloaded from Glen's MM Recipe Archive, http://www.erols.com/hosey.
 
</step></directions></recipe></recipeml>
