<?xml version="1.0" encoding="UTF-8"?>

<recipeml version="0.5">
  <recipe>
    <head>
      <title>Apple Crunch Muffins</title>
      <categories>
        <cat>Breakfast</cat>
        <cat>Muffins</cat>
        <cat>Breads</cat></categories>
      <yield>4</yield></head>
    <ingredients>
      <ing>
        <amt>
          <qty>1 1/2</qty>
          <unit>cups</unit></amt>
        <item>Unbleached Flour, Sifted</item></ing>
      <ing>
        <amt>
          <qty>1/2</qty>
          <unit>cups</unit></amt>
        <item>Sugar</item></ing>
      <ing>
        <amt>
          <qty>2</qty>
          <unit>teaspoons</unit></amt>
        <item>Baking Powder</item></ing>
      <ing>
        <amt>
          <qty>1/2</qty>
          <unit>teaspoons</unit></amt>
        <item>Salt</item></ing>
      <ing>
        <amt>
          <qty>1 1/2</qty>
          <unit>teaspoons</unit></amt>
        <item>Ground Cinnamon</item></ing>
      <ing>
        <amt>
          <qty>1/4</qty>
          <unit>cups</unit></amt>
        <item>Vegetable Shortening</item></ing>
      <ing>
        <amt>
          <qty>1</qty>
          <unit/></amt>
        <item>Large Egg, Slightly Beaten</item></ing>
      <ing>
        <amt>
          <qty>1/2</qty>
          <unit>cups</unit></amt>
        <item>Milk</item></ing>
      <ing>
        <amt>
          <qty>1</qty>
          <unit>cup</unit></amt>
        <item>Tart Apples *</item></ing>
      <ing>
        <amt>
          <qty/>
          <unit/></amt>
        <item>Nut Crunch Topping</item></ing></ingredients>
    <directions>
      <step>  Wash, core, then shred the apples. Sift together flour, sugar, baking
  powder, salt and cinnamon into mixing bowl. Cut in shortening with pastry
  blender until fine crumbs form. Combine egg and milk. Add to dry
  ingredients all at once, stirring just enough to moisten. Stir in apples.
  Spoon batter into paper-lined 2 1/2-inch muffin-pan cups, filling 2/3 full.
  Sprinkle with nut crunch topping.
  Bake in 375 degree oven 25 minutes or until golden brown. Serve hot with
  butter and homemade jelly or jam.
  NUT CRUNCH TOPPING: Mix together 1/4 cup brown sugar (packed), 1/4 cup
  chopped pecans and 1/2 teaspoon ground cinnamon in small bowl.
  
  Miscellaneous recipes from the collection of Mike Orchekowski.
  File ftp://ftp.idiscover.co.uk/pub/food/mealmaster/recipes/mo-misc.zip
 
</step></directions></recipe></recipeml>
