<?xml version="1.0" encoding="UTF-8"?>

<recipeml version="0.5">
  <recipe>
    <head>
      <title>Apple Dressing</title>
      <categories>
        <cat>Breads</cat></categories>
      <yield>12</yield></head>
    <ingredients>
      <ing>
        <amt>
          <qty>1/4</qty>
          <unit>cups</unit></amt>
        <item>Onion; Chopped</item></ing>
      <ing>
        <amt>
          <qty>1/4</qty>
          <unit>cups</unit></amt>
        <item>Celery; Chopped</item></ing>
      <ing>
        <amt>
          <qty>1</qty>
          <unit>cup</unit></amt>
        <item>Apple; Diced, Unpeeled</item></ing>
      <ing>
        <amt>
          <qty>4</qty>
          <unit>cups</unit></amt>
        <item>Bread crumbs, Lite</item></ing>
      <ing>
        <amt>
          <qty>1/2</qty>
          <unit>teaspoons</unit></amt>
        <item>Poultry Seasoning</item></ing>
      <ing>
        <amt>
          <qty>1/2</qty>
          <unit>teaspoons</unit></amt>
        <item>Sage</item></ing>
      <ing>
        <amt>
          <qty>1/2</qty>
          <unit>cups</unit></amt>
        <item>Chicken Broth</item></ing></ingredients>
    <directions>
      <step>  Sauté onion &amp; celery in margarine (or sprayed pan) 5 minutes, til tender.
  Transfer to large bowl.  Add apples &amp; dry ingredients, stir to mix well.
  Add broth, toss lightly. Turn into sprayed baking dish, cover and bake at
  350 for 45 min. Or stuff into 10-12 lb turkey.
  
  49 cal, 1g prot, 6g carb, 0mg chol, 2g fat
  Posted to Digest eat-lf.v096.n227
  
  Date: Sat, 23 Nov 96 10:55:34 UT
  
  From: "Diane Loy" &lt;DLOY@msn.com&gt;
 
</step></directions></recipe></recipeml>
