<?xml version="1.0" encoding="UTF-8"?>

<recipeml version="0.5">
  <recipe>
    <head>
      <title>Apple Dumpling Muffins</title>
      <categories>
        <cat>Breads</cat>
        <cat>Cakes</cat>
        <cat>To post</cat></categories>
      <yield>12</yield></head>
    <ingredients>
      <ing>
        <amt>
          <qty>2</qty>
          <unit>cups</unit></amt>
        <item>Flour</item></ing>
      <ing>
        <amt>
          <qty>1</qty>
          <unit>cup</unit></amt>
        <item>Sugar</item></ing>
      <ing>
        <amt>
          <qty>1</qty>
          <unit>tablespoon</unit></amt>
        <item>Baking Powder</item></ing>
      <ing>
        <amt>
          <qty>1</qty>
          <unit>teaspoon</unit></amt>
        <item>Salt</item></ing>
      <ing>
        <amt>
          <qty>1/2</qty>
          <unit>teaspoons</unit></amt>
        <item>Ground Cinnamon</item></ing>
      <ing>
        <amt>
          <qty>1/4</qty>
          <unit>teaspoons</unit></amt>
        <item>Ground Mace</item></ing>
      <ing>
        <amt>
          <qty>1/4</qty>
          <unit>teaspoons</unit></amt>
        <item>Ground Cardamom</item></ing>
      <ing>
        <amt>
          <qty>1/8</qty>
          <unit>teaspoons</unit></amt>
        <item>Ground Cloves</item></ing>
      <ing>
        <amt>
          <qty>1/4</qty>
          <unit>cups</unit></amt>
        <item>Oil</item></ing>
      <ing>
        <amt>
          <qty>4</qty>
          <unit>tablespoons</unit></amt>
        <item>Butter Or Margarine; melted</item></ing>
      <ing>
        <amt>
          <qty>2</qty>
          <unit/></amt>
        <item>Eggs</item></ing>
      <ing>
        <amt>
          <qty>3/4</qty>
          <unit>cups</unit></amt>
        <item>Milk</item></ing>
      <ing>
        <amt>
          <qty>2</qty>
          <unit/></amt>
        <item>Apples; peel, core and slice</item></ing></ingredients>
    <directions>
      <step>  Oven 350°
  
  Line each cup of a standard muffin pan with stirps of baking parchment or
  muffin liners.
  
  Sift together all dry ingredients. Make well in center of flour mixture. By
  hand mix in remainder of ingredients except apples. Fold in apples.
  
  Spoon batter into prepared muffin tins.
  
  Bake in the preheated oven for 30 to 35 minutes, or until done.
  
  Makes 12, 2 to 4 oz muffins, or 6, 6 to 8 oz. muffins.
  
      251    cal. per muffin.
  
  Palm Beach Post--2/26/98 billspa@icanect.net
  
  Recipe by: Linda Fischer  "The Muffin Lady"
  
  Posted to MC-Recipe Digest by Bill Spalding &lt;billspa@icanect.net&gt; on Mar
  15, 1998
 
</step></directions></recipe></recipeml>
