<?xml version="1.0" encoding="UTF-8"?>

<recipeml version="0.5">
  <recipe>
    <head>
      <title>Apple Date Muffins</title>
      <categories>
        <cat>Bread</cat></categories>
      <yield>12</yield></head>
    <ingredients>
      <ing>
        <amt>
          <qty>3/4</qty>
          <unit>cups</unit></amt>
        <item>Whole wheat flour</item></ing>
      <ing>
        <amt>
          <qty>1</qty>
          <unit>cup</unit></amt>
        <item>All purpose flour</item></ing>
      <ing>
        <amt>
          <qty>1</qty>
          <unit>cup</unit></amt>
        <item>Wheat bran</item></ing>
      <ing>
        <amt>
          <qty>1</qty>
          <unit>teaspoon</unit></amt>
        <item>Baking powder</item></ing>
      <ing>
        <amt>
          <qty>1</qty>
          <unit>teaspoon</unit></amt>
        <item>Baking soda</item></ing>
      <ing>
        <amt>
          <qty>1</qty>
          <unit>teaspoon</unit></amt>
        <item>Cinnamon</item></ing>
      <ing>
        <amt>
          <qty>1/3</qty>
          <unit>cups</unit></amt>
        <item>Dates; chopped</item></ing>
      <ing>
        <amt>
          <qty>1</qty>
          <unit/></amt>
        <item>Egg; lightly beaten</item></ing>
      <ing>
        <amt>
          <qty>1/4</qty>
          <unit>cups</unit></amt>
        <item>Packed brown sugar</item></ing>
      <ing>
        <amt>
          <qty>2</qty>
          <unit>tablespoons</unit></amt>
        <item>Vegetable oil</item></ing>
      <ing>
        <amt>
          <qty>1</qty>
          <unit>cup</unit></amt>
        <item>Low-fat milk</item></ing>
      <ing>
        <amt>
          <qty>1</qty>
          <unit>cup</unit></amt>
        <item>Apple; peeled, grated</item></ing></ingredients>
    <directions>
      <step>  In a large bowl combine the whole wheat and all purpose flours, bran,
  baking powder, baking soda and cinnamon. Stir in the dates. In another
  bowl, beat the egg with sugar and oil until well mixed, then stir in the
  milk and apple. Pour into the flour mixture and stir just enough to
  moisten, being careful not to overmix.
  
  Spoon into nonstick or paper-lined medium muffin tins, filling almost to
  the top. Bake at 375 degrees (F) for about 20 minutes, or until firm to the
  touch.
  
  From the American Institute for Cancer Research's cookbook, Lighthearted
  Everyday Cooking by Anne Lindsay. This international bestseller, with more
  than 200 recipes for healthier eating, is available for $16.95 in
  bookstores nationwide, or by calling 1-800-843-8114.
  
  Date: Sat, 29 Jun 1996 11:59:01 -0700 (PDT)
  
  From: PatH &lt;phannema@wizard.ucr.edu&gt;
  
  Recipe By: Anne Lindsay, Lighthearted Everyday Cooking
  
  MC-Recipe Digest V1 #133
  
  From the MasterCook recipe list.  Downloaded from Glen's MM Recipe Archive,
  http://www.erols.com/hosey.
 
</step></directions></recipe></recipeml>
