<?xml version="1.0" encoding="UTF-8"?>

<recipeml version="0.5">
  <recipe>
    <head>
      <title>Apple Dumplings</title>
      <categories>
        <cat>Diabetic</cat>
        <cat>Desserts</cat></categories>
      <yield>4</yield></head>
    <ingredients>
      <ing>
        <amt>
          <qty>1</qty>
          <unit/></amt>
        <item>Recipe basic pie shell</item></ing>
      <ing>
        <amt>
          <qty>4</qty>
          <unit/></amt>
        <item>Apples</item></ing>
      <ing>
        <amt>
          <qty>1</qty>
          <unit>tablespoon</unit></amt>
        <item>Lemon juice</item></ing>
      <ing>
        <amt>
          <qty>3</qty>
          <unit>tablespoons</unit></amt>
        <item>Granulated sugar replacement or granulated fructose</item></ing>
      <ing>
        <amt>
          <qty>1/4</qty>
          <unit>teaspoons</unit></amt>
        <item>Cinnamon</item></ing>
      <ing>
        <amt>
          <qty>4</qty>
          <unit>teaspoons</unit></amt>
        <item>Margarine</item></ing>
      <ing>
        <amt>
          <qty>1</qty>
          <unit/></amt>
        <item>Egg white; slightly beaten</item></ing></ingredients>
    <directions>
      <step>  Roll out pie dough and cut into 4 equal pieces. Peel and core apples and
  sprinkle them with lemon. Place 1 apple in center of each piece of dough.
  Combine sugar replacement and cinnamon in a bowl, sprinkling evenly into
  cavity of apples. Top each apple with 1 tsp margarine. Bring opposite ends
  of dough up over apple. Moisten slightly with water; seal securely. Brush
  with beaten egg white and place in shallow baking pan. Bake at 425 F for 35
  to 45 minutes, or until pastry is golden brown. Exchange 1 dumpling: 2
  bread 1 fruit
    2 1/2    fat
  
  Calories 1 dumpling: 221
  Posted to recipelu-digest Volume 01 Number 260 by James and Susan Kirkland
  &lt;kirkland@gj.net&gt; on Nov 16, 1997
 
</step></directions></recipe></recipeml>
