<?xml version="1.0" encoding="UTF-8"?>

<recipeml version="0.5">
  <recipe>
    <head>
      <title>Apple Curry Dip</title>
      <categories>
        <cat>Dip</cat></categories>
      <yield>4</yield></head>
    <ingredients>
      <ing>
        <amt>
          <qty>1</qty>
          <unit>cup</unit></amt>
        <item>Nonfat or low-fat Ricotta cheese</item></ing>
      <ing>
        <amt>
          <qty>1</qty>
          <unit>cup</unit></amt>
        <item>Unsweetened applesauce</item></ing>
      <ing>
        <amt>
          <qty>2</qty>
          <unit>teaspoons</unit></amt>
        <item>Curry powder</item></ing>
      <ing>
        <amt>
          <qty>1/2</qty>
          <unit>teaspoons</unit></amt>
        <item>Cinnamon</item></ing>
      <ing>
        <amt>
          <qty>1/2</qty>
          <unit>teaspoons</unit></amt>
        <item>Freshly grated nutmeg</item></ing></ingredients>
    <directions>
      <step>  Date: Tue, 5 Mar 1996 12:12:09 -0500
  
  From: TexGQ24@aol.com
  Combine all ingredients in blender/processor. Process 30 seconds or until
  mixture is smooth/creamy. Store covered in refrig. Serve with apple slices,
  grapes or oranges. Makes 1 cup.
  
  Per tablespoon: calories 29, protein 1 .8g, carbos 2.8, fat 1 .3g, chol
  5mg, sodium 20mg
  
  FATFREE DIGEST V96 #64
  
  From the Fatfree Vegetarian recipe list.  Downloaded from Glen's MM Recipe
  Archive, http://www.erols.com/hosey.
 
</step></directions></recipe></recipeml>
