<?xml version="1.0" encoding="UTF-8"?>

<recipeml version="0.5">
  <recipe>
    <head>
      <title>Apple Fila Tart</title>
      <categories>
        <cat>None</cat></categories>
      <yield>1</yield></head>
    <ingredients>
      <ing>
        <amt>
          <qty>4</qty>
          <unit/></amt>
        <item>Sheets fila dough</item></ing>
      <ing>
        <amt>
          <qty>2</qty>
          <unit>tablespoons</unit></amt>
        <item>Unsalted butter; melted</item></ing>
      <ing>
        <amt>
          <qty>6</qty>
          <unit>large</unit></amt>
        <item>Granny Smith apples; peeled and thinly sliced</item></ing>
      <ing>
        <amt>
          <qty>1</qty>
          <unit>dash</unit></amt>
        <item>Cinnamon</item></ing>
      <ing>
        <amt>
          <qty>6</qty>
          <unit>tablespoons</unit></amt>
        <item>Sugar</item></ing>
      <ing>
        <amt>
          <qty>4</qty>
          <unit>tablespoons</unit></amt>
        <item>Unsalted butter</item></ing>
      <ing>
        <amt>
          <qty>1/2</qty>
          <unit>cups</unit></amt>
        <item>Flour</item></ing></ingredients>
    <directions>
      <step>  Cut the fila sheets in half, crosswise. Line a 9-inch pie pan with one half
  sheet of fila, brush with butter, and repeat, layering the fila and letting
  the ends hang over the sides. Toss the apples with cinnamon and 2
  tablespoons sugar and pile into the pastry-lined pan. Mix together the
  remaining sugar, butter and flour to make fine crumbs and scatter over all.
  Fold back the fila, covering the top in a random 1 to 2 inch circle.
  Preheat the oven to 425°F. Bake in the oven for 20 minutes; reduce the heat
  to 375°F and bake 20 to 25 minutes longer or until the apples are tender
  and the top is browned. Serve warm with frozen vanilla yogurt, if desired.
  Makes 6 to 8 servings.
  
  Posted to TNT Recipes Digest by heartnhome@earthlink.net on Apr 28, 1998
 
</step></directions></recipe></recipeml>
