<?xml version="1.0" encoding="UTF-8"?>

<recipeml version="0.5">
  <recipe>
    <head>
      <title>Apple Crunch Pupcakes</title>
      <categories>
        <cat>Dog food</cat></categories>
      <yield>1</yield></head>
    <ingredients>
      <ing>
        <amt>
          <qty>2 3/4</qty>
          <unit>cups</unit></amt>
        <item>Water</item></ing>
      <ing>
        <amt>
          <qty>1/4</qty>
          <unit>cups</unit></amt>
        <item>Applesauce; unsweetened</item></ing>
      <ing>
        <amt>
          <qty>1/4</qty>
          <unit>teaspoons</unit></amt>
        <item>Vanilla</item></ing>
      <ing>
        <amt>
          <qty>4</qty>
          <unit>cups</unit></amt>
        <item>Whole wheat flour</item></ing>
      <ing>
        <amt>
          <qty>1</qty>
          <unit>cup</unit></amt>
        <item>Dried apple chips; ( you can also use fresh fruit)</item></ing>
      <ing>
        <amt>
          <qty>1</qty>
          <unit>tablespoon</unit></amt>
        <item>Baking powder</item></ing>
      <ing>
        <amt>
          <qty>1</qty>
          <unit/></amt>
        <item>Egg; beaten slightly</item></ing>
      <ing>
        <amt>
          <qty>4</qty>
          <unit>tablespoons</unit></amt>
        <item>Honey</item></ing></ingredients>
    <directions>
      <step>  Preheat oven to 350 degrees. Spray muffin tin with cooling spray.
  
  Mix all wet ingredients thoroughly. Combine dry ingredients in separate
  bowl. Add wet to dry slowly , scraping well to make sure no dry mixture is
  left. Pour into muffin tins. Bake for 1 1/4 hours or until a toothpick
  inserted into center comes out dry. Sotre in a sealed container. Makes
  around 12-14 pupcakes.
  
  Posted to Bread-bakers Digest by Marg aka MEMAW &lt;maf@fn.net&gt; on Mar 29,
  1998
 
</step></directions></recipe></recipeml>
