<?xml version="1.0" encoding="UTF-8"?>

<recipeml version="0.5">
  <recipe>
    <head>
      <title>Apple Dumpling Dessert</title>
      <categories>
        <cat>Desserts</cat>
        <cat>Fruits</cat>
        <cat>Misc</cat></categories>
      <yield>12</yield></head>
    <ingredients>
      <ing>
        <amt>
          <qty>2</qty>
          <unit>cups</unit></amt>
        <item>Sugar</item></ing>
      <ing>
        <amt>
          <qty>2</qty>
          <unit>cups</unit></amt>
        <item>Water</item></ing>
      <ing>
        <amt>
          <qty>1/2</qty>
          <unit>teaspoons</unit></amt>
        <item>Cinnamon</item></ing>
      <ing>
        <amt>
          <qty>1/2</qty>
          <unit>cups</unit></amt>
        <item>Margarine</item></ing>
      <ing>
        <amt>
          <qty>2</qty>
          <unit>cups</unit></amt>
        <item>Flour</item></ing>
      <ing>
        <amt>
          <qty>2</qty>
          <unit>teaspoons</unit></amt>
        <item>Baking powder</item></ing>
      <ing>
        <amt>
          <qty>1</qty>
          <unit>teaspoon</unit></amt>
        <item>Salt</item></ing>
      <ing>
        <amt>
          <qty>3/4</qty>
          <unit>cups</unit></amt>
        <item>Shortening</item></ing>
      <ing>
        <amt>
          <qty>1/2</qty>
          <unit>cups</unit></amt>
        <item>Milk</item></ing>
      <ing>
        <amt>
          <qty>5</qty>
          <unit/></amt>
        <item>Peeled and grated apples</item></ing>
      <ing>
        <amt>
          <qty/>
          <unit/></amt>
        <item>Sugar</item></ing>
      <ing>
        <amt>
          <qty/>
          <unit/></amt>
        <item>Cinnamon</item></ing></ingredients>
    <directions>
      <step>  Combine sugar, water, and cinnamon in med. saucepan and bring to a boil.
  Remove from heat. Add margarine adn set aside.
  
  Sift together flour, baking powder, salt and then mix with shortening and
  milk.  Roll dough onto floured surface about 1/4 inch thick. Spread apples
  over surface of dough. Sprinkle with cinnamon and sugar. Roll up. Slice
  into 12 1 inch rolls. Put in 9 x 13 baking pan. Pour syrup over. Bake 45
  min. at 350F
  
  Posted to MM-Recipes Digest V3 #277
  
  Date: Thu, 10 Oct 1996 14:00:55 PST
  
  From: jlewis1@juno.com (Julie L. Lewis)
 
</step></directions></recipe></recipeml>
