<?xml version="1.0" encoding="UTF-8"?>

<recipeml version="0.5">
  <recipe>
    <head>
      <title>Apple Crumb Squares</title>
      <categories>
        <cat>Apples</cat>
        <cat>Bars</cat>
        <cat>Desserts</cat>
        <cat>Nuts</cat>
        <cat>Tried</cat></categories>
      <yield>24</yield></head>
    <ingredients>
      <ing>
        <amt>
          <qty>2</qty>
          <unit>cups</unit></amt>
        <item>Oats; Uncooked</item></ing>
      <ing>
        <amt>
          <qty>1 1/2</qty>
          <unit>cups</unit></amt>
        <item>All-Purpose Flour</item></ing>
      <ing>
        <amt>
          <qty>3/4</qty>
          <unit>cups</unit></amt>
        <item>Margarine;, Melted</item></ing>
      <ing>
        <amt>
          <qty>1</qty>
          <unit>cup</unit></amt>
        <item>Brown Sugar; Frimly Packed</item></ing>
      <ing>
        <amt>
          <qty>1</qty>
          <unit>teaspoon</unit></amt>
        <item>Cinnamon</item></ing>
      <ing>
        <amt>
          <qty>1/2</qty>
          <unit>teaspoons</unit></amt>
        <item>Salt; (optional)</item></ing>
      <ing>
        <amt>
          <qty>1/2</qty>
          <unit>teaspoons</unit></amt>
        <item>Baking Soda</item></ing>
      <ing>
        <amt>
          <qty>1/4</qty>
          <unit>teaspoons</unit></amt>
        <item>Ground Nutmeg</item></ing>
      <ing>
        <amt>
          <qty>1</qty>
          <unit>cup</unit></amt>
        <item>Applesauce</item></ing>
      <ing>
        <amt>
          <qty>1/2</qty>
          <unit>cups</unit></amt>
        <item>Chopped Nuts</item></ing></ingredients>
    <directions>
      <step>  Heat oven to 375* F. Grease 13x9-inch baking pan. Combine all ingredients
  EXCEPT applesauce and nuts; mix until crumbly. Reserve 1 cup mixture. Press
  remaining mixture onto bottom of prepared pan. Bake 15 minutes; cool.
  Spread applesauce over partially baked crust; sprinkle with nuts. Top with
  resevered 1 cup oat mixture. Bake 13 to 15 minutes or until golden brown.
  Cool in pan on wire rack; cut into 2-inch squares.
  
  NOTES : These are really wonderful and easy. I used homemade, unsweetened
  applesauce. Bobbie
  
  Recipe by: Source Unknown
  
  Posted to MC-Recipe Digest V1 #776 by Roberta Banghart
  &lt;bobbi744@sojourn.com&gt; on Sep 08, 1997
 
</step></directions></recipe></recipeml>
