<?xml version="1.0" encoding="UTF-8"?>

<recipeml version="0.5">
  <recipe>
    <head>
      <title>Apple Filling (Pie Filling)</title>
      <categories>
        <cat/></categories>
      <yield>100</yield></head>
    <ingredients>
      <ing>
        <amt>
          <qty>2 13/16</qty>
          <unit>pounds</unit></amt>
        <item>APPLE SLICED #10</item></ing></ingredients>
    <directions>
      <step>  1.  USE 2 LB 8 OZ (1 2/3-NO. 2 1/2 CN) CANNED, SLICED APPLE
  PIE FILLING MIX. PREPARE ACCORDING TO DIRECTIONS ON CONTAINER.
  
  Recipe Number: D00303
  
  SERVING SIZE: 2 TBS
  
  From the &lt;Army Master Recipe Index File&gt; (actually used today!).
  Downloaded from Glen's MM Recipe Archive, http://www.erols.com/hosey.
 
</step></directions></recipe></recipeml>
