<?xml version="1.0" encoding="UTF-8"?>

<recipeml version="0.5">
  <recipe>
    <head>
      <title>Apple Dumplings #3</title>
      <categories>
        <cat>Dessert</cat></categories>
      <yield>4</yield></head>
    <ingredients>
      <ing>
        <amt>
          <qty>1</qty>
          <unit/></amt>
        <item>Recipe Basic Pie Shell</item></ing>
      <ing>
        <amt>
          <qty>4</qty>
          <unit/></amt>
        <item>Apples</item></ing>
      <ing>
        <amt>
          <qty>1</qty>
          <unit>tablespoon</unit></amt>
        <item>(15 mL) lemon juice</item></ing>
      <ing>
        <amt>
          <qty>3</qty>
          <unit>tablespoons</unit></amt>
        <item>(45 mL) granulated sugar replacement or granulated fructose</item></ing>
      <ing>
        <amt>
          <qty>1/4</qty>
          <unit>teaspoons</unit></amt>
        <item>(2 mL) cinnamon</item></ing>
      <ing>
        <amt>
          <qty>4</qty>
          <unit>teaspoons</unit></amt>
        <item>(20 mL) margarine</item></ing>
      <ing>
        <amt>
          <qty>1</qty>
          <unit/></amt>
        <item>Egg white (slightly beaten)</item></ing></ingredients>
    <directions>
      <step>  From: kyoung@prstorm.bison.mb.ca (kyoung)
  
  Date: Thu, 26 Aug 93 10:52:09 +0200
  Source: Diabetic Candy, Cookie &amp; Dessert Cookbook by Mary Jane Finsand
  
  Roll out pie dough and cut into 4 equal pieces. Peel and core apples and
  sprinkle them with lemon. Place 1 apple in center of each piece of dough.
  Combine sugar replacement and cinnamon in a bowl, sprinkling evenly into
  cavity of apples. Top each apple with 1 tsp (5 mL) margarine. Bring
  opposite ends of dough up over apple. Moisten slightly with water; seal
  securely. Brush with beaten egg white and place in shallow baking pan. Bake
  at 425 F (220 C) for 35 to 45 minutes, or until pastry is golden brown.
  
  Exchange 1 dumpling: 2 bread 1 fruit, 2 1/2 fat.  Calories 1 dumpling: 221
  
  REC.FOOD.RECIPES ARCHIVES
  
  /MISC
  
  DIABETIC RECIPE
  
  From rec.food.cooking archives.  Downloaded from Glen's MM Recipe Archive,
  http://www.erols.com/hosey.
 
</step></directions></recipe></recipeml>
