<?xml version="1.0" encoding="UTF-8"?>

<recipeml version="0.5">
  <recipe>
    <head>
      <title>Apple Dumplings #2</title>
      <categories>
        <cat>Dessert</cat></categories>
      <yield>6</yield></head>
    <ingredients>
      <ing>
        <amt>
          <qty>2</qty>
          <unit>cups</unit></amt>
        <item>Sugar</item></ing>
      <ing>
        <amt>
          <qty>2</qty>
          <unit>cups</unit></amt>
        <item>Water</item></ing>
      <ing>
        <amt>
          <qty>1/4</qty>
          <unit>teaspoons</unit></amt>
        <item>Cinnamon</item></ing>
      <ing>
        <amt>
          <qty>1/4</qty>
          <unit>teaspoons</unit></amt>
        <item>Nutmeg</item></ing>
      <ing>
        <amt>
          <qty>1/4</qty>
          <unit>cups</unit></amt>
        <item>Butter</item></ing>
      <ing>
        <amt>
          <qty>6</qty>
          <unit>teaspoons</unit></amt>
        <item>Apples</item></ing>
      <ing>
        <amt>
          <qty>2</qty>
          <unit>cups</unit></amt>
        <item>Flour</item></ing>
      <ing>
        <amt>
          <qty>1</qty>
          <unit>teaspoon</unit></amt>
        <item>Salt</item></ing>
      <ing>
        <amt>
          <qty>2</qty>
          <unit>teaspoons</unit></amt>
        <item>Baking powder</item></ing>
      <ing>
        <amt>
          <qty>3/4</qty>
          <unit>cups</unit></amt>
        <item>Shortening</item></ing>
      <ing>
        <amt>
          <qty>3/4</qty>
          <unit>cups</unit></amt>
        <item>Milk</item></ing></ingredients>
    <directions>
      <step>  Combine sugar, water, cinnamon and nutmeg in a medium saucepan.  Heat over
  medium heat until mixture becomes syrup; add butter.  Pare and core apples;
  cut into fourths.  Sift flour, salt, baking powder into bowl.  Cut in
  shortening with a pastry knife (or a regular table knife) until mixture
  becomes crumbly.  Add milk all at once and stir just until moistened.  Roll
  dough out to 1/4 inch thickness.  Cut dough into 6 - 5 inch squares.
  Arrange 4 pieces of apple on each square and sprinkle with additional
  sugar, cinnamon. Fold corners to center of each square and pinch edges
  together to seal dumplings (make sure they are sealed tightly and no apple
  is sticking out!). Place dumplings in buttered baking dish. Pour syrup over
  dumplings.  Baste dumplings with the syrup once or twice while baking.
  Bake:  375F  35 minutes
  
  REC.FOOD.RECIPES ARCHIVES
  
  /DESSERTS
  
  From rec.food.cooking archives.  Downloaded from Glen's MM Recipe Archive,
  http://www.erols.com/hosey.
 
</step></directions></recipe></recipeml>
