<?xml version="1.0" encoding="UTF-8"?>

<recipeml version="0.5">
  <recipe>
    <head>
      <title>Apple Filled Pancakes</title>
      <categories>
        <cat>Pancake/waf</cat>
        <cat>Fruit-bkf</cat></categories>
      <yield>4</yield></head>
    <ingredients>
      <ing>
        <amt>
          <qty>2</qty>
          <unit>tablespoons</unit></amt>
        <item>Sugar</item></ing>
      <ing>
        <amt>
          <qty>1</qty>
          <unit>cup</unit></amt>
        <item>Flour</item></ing>
      <ing>
        <amt>
          <qty>1</qty>
          <unit>teaspoon</unit></amt>
        <item>Baking powder</item></ing>
      <ing>
        <amt>
          <qty/>
          <unit/></amt>
        <item>Salt</item></ing>
      <ing>
        <amt>
          <qty>1 1/4</qty>
          <unit>cups</unit></amt>
        <item>Milk</item></ing>
      <ing>
        <amt>
          <qty>2</qty>
          <unit/></amt>
        <item>Eggs</item></ing>
      <ing>
        <amt>
          <qty>1/2</qty>
          <unit>teaspoons</unit></amt>
        <item>Vanilla</item></ing>
      <ing>
        <amt>
          <qty>4</qty>
          <unit>tablespoons</unit></amt>
        <item>Butter</item></ing>
      <ing>
        <amt>
          <qty>2</qty>
          <unit>pounds</unit></amt>
        <item>Golden delicious or granny smith apples, peeled and cored, or 4 each, quartered, cut into 1/8-inch slices</item></ing>
      <ing>
        <amt>
          <qty>1</qty>
          <unit>tablespoon</unit></amt>
        <item>Sugar; mixed with</item></ing>
      <ing>
        <amt>
          <qty>1/2</qty>
          <unit>teaspoons</unit></amt>
        <item>Ground cinnamon</item></ing></ingredients>
    <directions>
      <step>  You must have a non-stick skillet or this won't work. Whisk sugar, flour,
  baking powder and 1/4 teaspoon salt together. Beat milk with eggs and
  vanilla and whisk this into batter; let stand while you cook the apples.
  
  Melt the butter in a large skillet. When foaming subsides, add the apples,
  cover and cook gently for 5 minutes or until soft. Uncover, raise the heat
  and evaporate the moisture. When the moisture has almost completely
  evaporated, add the sugar and finish boiling the juices away.
  
  Preheat the broiler with rack set 6 to 7 inches away from heat source.
  
  Oil the bottom and sides of a 10-inch non-stick pan with butter or
  non-stick vegetable cooking spray and heat for a minute. Add 1/3 cup of
  batter to the pan and tilt so it is well coated. Set skillet on very low
  heat and cook for 30 seconds. Gently arrange about 1/4 of the apple mixture
  on the first pancake. Pour in 1/3 cup more batter over the apples to cover
  them as best as possible. Cook pancake for a minute over medium heat, lower
  the heat and cook 2 minutes longer. Broil for about 3 minutes or until
  pancake is cooked through and golden. With a spatula loosen pancake around
  the edges and transfer to a platter (cover loosely with foil until all 4
  pancakes are done or serve immediately). Repeat procedure with other 3
  pancakes; serve dusted with confectioner's sugar.
  
  Yield: 4 servings
  
  MC format by Gail Shermeyer &lt;4paws@netrax.net&gt;.
  
  Recipe by: COOKING MONDAY TO FRIDAY SHOW # MF6719 Posted to MC-Recipe
  Digest V1 #727 by 4paws@netrax.net (Shermeyer-Gail) on Aug 08, 1997
 
</step></directions></recipe></recipeml>
