<?xml version="1.0" encoding="UTF-8"?>

<recipeml version="0.5">
  <recipe>
    <head>
      <title>Apple Crumb Pie</title>
      <categories>
        <cat>None</cat></categories>
      <yield>1</yield></head>
    <ingredients>
      <ing-div>
        <title/>
        <ing>
          <amt>
            <qty>5</qty>
            <unit/></amt>
          <item>Tart apples (I use 7-8) (up to 7)</item></ing>
        <ing>
          <amt>
            <qty>3/4</qty>
            <unit>cups</unit></amt>
          <item>Sugar (up to 1)</item></ing>
        <ing>
          <amt>
            <qty>2</qty>
            <unit>tablespoons</unit></amt>
          <item>Flour</item></ing>
        <ing>
          <amt>
            <qty>1</qty>
            <unit>teaspoon</unit></amt>
          <item>Cinnamon</item></ing>
        <ing>
          <amt>
            <qty>1</qty>
            <unit>dash</unit></amt>
          <item>Nutmeg</item></ing>
        <ing>
          <amt>
            <qty>1</qty>
            <unit>dash</unit></amt>
          <item>Salt</item></ing>
        <ing>
          <amt>
            <qty>1</qty>
            <unit/></amt>
          <item>9-inch pie crust</item></ing>
        <ing>
          <amt>
            <qty>2</qty>
            <unit>tablespoons</unit></amt>
          <item>Butter</item></ing></ing-div>
      <ing-div>
        <title>CRUMB TOPPING</title>
        <ing>
          <amt>
            <qty>1/2</qty>
            <unit>cups</unit></amt>
          <item>Quick oats (I use a bit more)</item></ing>
        <ing>
          <amt>
            <qty>1/2</qty>
            <unit>cups</unit></amt>
          <item>Flour</item></ing>
        <ing>
          <amt>
            <qty>1/2</qty>
            <unit>cups</unit></amt>
          <item>Brown sugar</item></ing>
        <ing>
          <amt>
            <qty>1/3</qty>
            <unit>cups</unit></amt>
          <item>Butter</item></ing></ing-div></ingredients>
    <directions>
      <step>  Pare the apples and slice thin. Combine the sugar, flour, spices and salt;
  mix with apples. Line a 9-inch pie plate with pastry, fill with apple
  mixture and dot with butter. Sprinkle with the crumb topping. Bake at 400
  degrees for 50 minutes or until done.
  
  Crumb Topping: Mix together the first three ingrediants. Cut in the butter
  until crumbly.
  
  Posted to TNT - Prodigy's Recipe Exchange Newsletter  by DarraghV
  &lt;DarraghV@aol.com&gt; on Nov 3, 1997
 
</step></directions></recipe></recipeml>
