<?xml version="1.0" encoding="UTF-8"?>

<recipeml version="0.5">
  <recipe>
    <head>
      <title>Apple Dumplings - Cock N' Bull Part 1 of 2</title>
      <categories>
        <cat>Dessert</cat>
        <cat>Apple</cat>
        <cat>Dumpling</cat></categories>
      <yield>6</yield></head>
    <ingredients>
      <ing>
        <amt>
          <qty>6</qty>
          <unit>medium</unit></amt>
        <item>Apples; peeled &amp; cored</item></ing>
      <ing>
        <amt>
          <qty>6</qty>
          <unit/></amt>
        <item>Squares of pie dough (see recipe)</item></ing>
      <ing>
        <amt>
          <qty>1/2</qty>
          <unit>tablespoons</unit></amt>
        <item>Cinnamon</item></ing>
      <ing>
        <amt>
          <qty>12</qty>
          <unit>tablespoons</unit></amt>
        <item>Sugar</item></ing>
      <ing>
        <amt>
          <qty>1</qty>
          <unit/></amt>
        <item>Egg</item></ing></ingredients>
    <directions>
      <step>  Mix cinnamon &amp; sugar together in a small bowl. Combine egg with 2 tbsp.
  water. Place an apple in the center of each pie dough square. Fill the
  center of each apple with 2 tbsp. of cinnamon sugar. Wrap the pie crust
  squares around each apple, use some of the beaten egg to help secure the
  dough corners at the top. Place the apples in a pan large enough to hold
  them 1" apart. Bake at 400 degrees for about 10 minutes. Reduce temperature
  to 350 degrees and bake for 25 minutes or until apples are soft. Cool to
  warm, top each apple with 1/4 cup of vanilla sauce and serve immediately.
  
  Courtesy of the "Cock n' Bull"
  Posted to MC-Recipe Digest V1 #851 by Bill Webster &lt;thelma@pipeline.com&gt; on
  Oct 18, 1997
 
</step></directions></recipe></recipeml>
