<?xml version="1.0" encoding="UTF-8"?>

<recipeml version="0.5">
  <recipe>
    <head>
      <title>Apple Custard Tart</title>
      <categories>
        <cat>Dessert</cat></categories>
      <yield>8</yield></head>
    <ingredients>
      <ing-div>
        <title/>
        <ing>
          <amt>
            <qty>1</qty>
            <unit/></amt>
          <item>9- or 10-inch unbaked pastry shell</item></ing>
        <ing>
          <amt>
            <qty>1 1/2</qty>
            <unit>cups</unit></amt>
          <item>Borden sour cream</item></ing>
        <ing>
          <amt>
            <qty>1</qty>
            <unit>can</unit></amt>
          <item>(14-oz) Eagle Brand sweetened condensed milk (not evaporated milk)</item></ing>
        <ing>
          <amt>
            <qty>1/4</qty>
            <unit>cups</unit></amt>
          <item>Frozen apple juice concentrate; thawed</item></ing>
        <ing>
          <amt>
            <qty>1</qty>
            <unit/></amt>
          <item>Egg</item></ing>
        <ing>
          <amt>
            <qty>1 1/2</qty>
            <unit>teaspoons</unit></amt>
          <item>Vanilla extract</item></ing>
        <ing>
          <amt>
            <qty>1/4</qty>
            <unit>teaspoons</unit></amt>
          <item>Ground cinnamon</item></ing>
        <ing>
          <amt>
            <qty>2</qty>
            <unit>medium</unit></amt>
          <item>All-purpose apples; cored; pared and thinly sliced</item></ing>
        <ing>
          <amt>
            <qty>1</qty>
            <unit>tablespoon</unit></amt>
          <item>Margarine or butter</item></ing></ing-div>
      <ing-div>
        <title>CINNAMON GLAZE</title>
        <ing>
          <amt>
            <qty>1/4</qty>
            <unit>cups</unit></amt>
          <item>Thawed apple juice concentrate</item></ing>
        <ing>
          <amt>
            <qty>1</qty>
            <unit>teaspoon</unit></amt>
          <item>Cornstarch</item></ing>
        <ing>
          <amt>
            <qty>1/4</qty>
            <unit>teaspoons</unit></amt>
          <item>Cinnamon</item></ing></ing-div></ingredients>
    <directions>
      <step>   Bake shell at 375 degrees for 15 minutes. In mixer bowl beat sour cream,
  sweetened condensed milk, juice concentrate, egg, vanilla, and cinnamon;
  pour into shell. Bake 30 minutes or until set. Cool. In skillet cook apples
  in margarine until tender. Arrange on pie top with glaze. Refrigerate
  leftovers.
  
   Cinnamon Glaze: In saucepan, mix 1/4 cup thawed frozen apple juice
  concentrate, 1 teaspoon cornstarch and 1/4 teaspoon cinnamon; cook and stir
  until thickened.
  
  FROM "EAGLE BRAND ALL TIME
  
  FAVORITE DESSERTS WITH EAGLE
  
  BRAND CONDENSED MILK"
  
  From a collection of my mother's (Judy Hosey) recipe box which contained
  lots of her favorite recipes, clippings, etc.  Downloaded from Glen's MM
  Recipe Archive, http://www.erols.com/hosey.
 
</step></directions></recipe></recipeml>
