<?xml version="1.0" encoding="UTF-8"?>

<recipeml version="0.5">
  <recipe>
    <head>
      <title>Apple Date and Walnut Cakes</title>
      <categories>
        <cat>Cakes</cat></categories>
      <yield>12</yield></head>
    <ingredients>
      <ing>
        <amt>
          <qty>4</qty>
          <unit/></amt>
        <item>Cox's Apples, cored, peeled and sliced</item></ing>
      <ing>
        <amt>
          <qty>4</qty>
          <unit>tablespoons</unit></amt>
        <item>Orange Juice</item></ing>
      <ing>
        <amt>
          <qty>6</qty>
          <unit>ounces</unit></amt>
        <item>Brown Sugar</item></ing>
      <ing>
        <amt>
          <qty>4</qty>
          <unit>ounces</unit></amt>
        <item>Butter</item></ing>
      <ing>
        <amt>
          <qty>1</qty>
          <unit>large</unit></amt>
        <item>Egg, Beaten</item></ing>
      <ing>
        <amt>
          <qty>8</qty>
          <unit>ounces</unit></amt>
        <item>Plain Flour</item></ing>
      <ing>
        <amt>
          <qty>1/2</qty>
          <unit>teaspoons</unit></amt>
        <item>Bicarbonate of Soda</item></ing>
      <ing>
        <amt>
          <qty>1/2</qty>
          <unit>teaspoons</unit></amt>
        <item>Salt</item></ing>
      <ing>
        <amt>
          <qty>1/2</qty>
          <unit>teaspoons</unit></amt>
        <item>Baking Powder</item></ing>
      <ing>
        <amt>
          <qty>1</qty>
          <unit>teaspoon</unit></amt>
        <item>Cinnamon</item></ing>
      <ing>
        <amt>
          <qty>4</qty>
          <unit>ounces</unit></amt>
        <item>Fresh Dates, Chopped</item></ing>
      <ing>
        <amt>
          <qty>2</qty>
          <unit>ounces</unit></amt>
        <item>Walnut Pieces</item></ing></ingredients>
    <directions>
      <step>  Preheat oven to 190C/375F/Gas Mark 5.
  
  Grease a 12 by 7 inch baking tin.
  
  Place apples and orange juice in a pan. Cover and cook over a low heat for
  10-12 minutes until soft. Mash to Form a puree.
  
  In a bowl, beat sugar and butter until light and creamy. Beat in egg and
  apple puree. sift in flour, bicarbonate of soda, salt, baking powder and
  cinnamon. Fold in the chopped dates and walnuts.
  
  Pour cake mixture into prepared tin and bake in preheated oven for 40
  minutes until risen and form to the touch.
  
  Allow to cool and cut into 12 squares.
  
  Source: CHAT Magazine
  
  From Gemini's MASSIVE MealMaster collection at www.synapse.com/~gemini
 
</step></directions></recipe></recipeml>
