<?xml version="1.0" encoding="UTF-8"?>

<recipeml version="0.5">
  <recipe>
    <head>
      <title>Apple Flan (W D)</title>
      <categories>
        <cat>Desserts</cat>
        <cat>Fruit</cat></categories>
      <yield>6</yield></head>
    <ingredients>
      <ing>
        <amt>
          <qty>1/4</qty>
          <unit>cups</unit></amt>
        <item>Sugar</item></ing>
      <ing>
        <amt>
          <qty>1/8</qty>
          <unit>teaspoons</unit></amt>
        <item>Salt</item></ing>
      <ing>
        <amt>
          <qty/>
          <unit/></amt>
        <item>Butter</item></ing>
      <ing>
        <amt>
          <qty>1</qty>
          <unit/></amt>
        <item>Egg yolk</item></ing>
      <ing>
        <amt>
          <qty>1/4</qty>
          <unit>teaspoons</unit></amt>
        <item>Vanilla extract</item></ing>
      <ing>
        <amt>
          <qty>1</qty>
          <unit>cup</unit></amt>
        <item>All-purpose flour; unsifted</item></ing>
      <ing>
        <amt>
          <qty>1/2</qty>
          <unit/></amt>
        <item>Lemon; grated rind of</item></ing>
      <ing>
        <amt>
          <qty>1</qty>
          <unit>cup</unit></amt>
        <item>Sweetened applesauce</item></ing>
      <ing>
        <amt>
          <qty>2</qty>
          <unit>cups</unit></amt>
        <item>Apple slices; peel, core, thinly slice</item></ing>
      <ing>
        <amt>
          <qty>1/2</qty>
          <unit>cups</unit></amt>
        <item>Honey</item></ing>
      <ing>
        <amt>
          <qty>1/2</qty>
          <unit>teaspoons</unit></amt>
        <item>Cinnamon</item></ing></ingredients>
    <directions>
      <step>  Put sugar, salt, 6 tablespoons butter at room temperature, egg yolk,
  vanilla, flour, and lemon rind in bowl. Blend with fingers, kneading until
  mixture holds together. If very soft, refrigerate for 30 minutes. Press
  dough on bottom and sides of loose-bottomed round layer pan (9 inches).
  Press with palms or fingers to even dough. Trim edges with dull knife and
  refrigerate until firm. Or put in freezer for 30 minutes before filling.
  Spread bottom of shell with applesauce. Mix apples, honey, and 2
  tablespoons melted butter, and arrange on applesauce. Sprinkle with
  cinnamon. Bake in preheated very hot oven (450degF.) for 10 minutes. Reduce
  heat to moderate (350degF.) and bake for 35 to 40 minutes longer. Cool to
  room temperature. Remove rim of pan and cut flan in wedges. Makes 6
  servings.
  
  McRecipe - PatHanneman - 30 Sep 97.
  
  Recipe by: Woman's Day Encyclopedia of Cookery
  
  Posted to MC-Recipe Digest V1 #821 by KitPATh &lt;phannema@wizard.ucr.edu&gt; on
  Sep 30, 1997
 
</step></directions></recipe></recipeml>
