<?xml version="1.0" encoding="UTF-8"?>

<recipeml version="0.5">
  <recipe>
    <head>
      <title>Apple Florentine</title>
      <categories>
        <cat>Pies</cat></categories>
      <yield>8</yield></head>
    <ingredients>
      <ing>
        <amt>
          <qty>6</qty>
          <unit/></amt>
        <item>Large apples</item></ing>
      <ing>
        <amt>
          <qty>1/2</qty>
          <unit>cups</unit></amt>
        <item>Sugar</item></ing>
      <ing>
        <amt>
          <qty>2</qty>
          <unit>teaspoons</unit></amt>
        <item>Grated lemon rind</item></ing>
      <ing>
        <amt>
          <qty>1</qty>
          <unit/></amt>
        <item>Egg yolk for glazing</item></ing>
      <ing>
        <amt>
          <qty>2</qty>
          <unit>cups</unit></amt>
        <item>Ale</item></ing>
      <ing>
        <amt>
          <qty>1/2</qty>
          <unit>teaspoons</unit></amt>
        <item>Powdered nutmeg</item></ing>
      <ing>
        <amt>
          <qty>1</qty>
          <unit/></amt>
        <item>Stick of cinnamon</item></ing>
      <ing>
        <amt>
          <qty>2</qty>
          <unit/></amt>
        <item>Cloves</item></ing></ingredients>
    <directions>
      <step>  Peel and core the apples.  Put close together in a deep 10 inch pie dish
  and sprinkle with six tablespoons sugar mixed with the lemon rind. Pour in
  3 tablespoons water.  Roll out pastry 1/4" thick and cover apples. Make a 1
  inch wide hole in the center of the pastry and put a small collar of pastry
  around it, wetting it slightly with cold water to join. Brush pie with egg
  yolk beaten with 2 teaspoons cold water. Bake in a preheated 400F oven for
  30-35 minutes. Meanwhile, bring the ale, remaining sugar, and spices slowly
  to the boiling point, but do not boil; let spices steep in hot ale. When
  apple pie is done, pour hot ale into center hold through a funnel and serve
  immediately. Note: Whole apples go into the deep-dish pie that warms many
  an Englishman, especially in Bedfordshire, at Christmas. As the name
  suggests, Apple Florentine has Italian origins, though the Resaissance pope
  for whom it was occasionally prepared never knew the special savor of
  well-spiced ale that English cooks consder an indispensible part of the
  recipe.
  
  From Gemini's MASSIVE MealMaster collection at www.synapse.com/~gemini
 
</step></directions></recipe></recipeml>
