<?xml version="1.0" encoding="UTF-8"?>

<recipeml version="0.5">
  <recipe>
    <head>
      <title>Apple Dumpling Sauce</title>
      <categories>
        <cat>None</cat></categories>
      <yield>1</yield></head>
    <ingredients>
      <ing>
        <amt>
          <qty>1 1/3</qty>
          <unit>cups</unit></amt>
        <item>Sugar</item></ing>
      <ing>
        <amt>
          <qty>2 1/4</qty>
          <unit>cups</unit></amt>
        <item>Water</item></ing>
      <ing>
        <amt>
          <qty>3</qty>
          <unit>tablespoons</unit></amt>
        <item>Margarine</item></ing>
      <ing>
        <amt>
          <qty/>
          <unit/></amt>
        <item>Handful of cinnamon hots</item></ing></ingredients>
    <directions>
      <step>  Mix all ingredients and boil together. Then turn heat down and simmer until
  cinnamon hots melt. Pour over apple dumplings and bake together. The sauce
  will be fairly runny at first but will thicken up nicely when baked. Hmmmm.
  I think I just might have to make some of these tomorrow. Also, I don't
  core my apples any more. I just peel and slice the apples.
  
  Posted to EAT-L Digest  by Marietta J Slater &lt;marietta2@JUNO.COM&gt; on Sep 5,
  1997
 
</step></directions></recipe></recipeml>
