<?xml version="1.0" encoding="UTF-8"?>

<recipeml version="0.5">
  <recipe>
    <head>
      <title>Apple Crunch Ice Cream</title>
      <categories>
        <cat>Ww</cat>
        <cat>Desserts</cat></categories>
      <yield>1</yield></head>
    <ingredients>
      <ing>
        <amt>
          <qty>3/16</qty>
          <unit>cups</unit></amt>
        <item>Apple juice</item></ing>
      <ing>
        <amt>
          <qty>1 1/2</qty>
          <unit>ounces</unit></amt>
        <item>Grape nuts</item></ing>
      <ing>
        <amt>
          <qty>1</qty>
          <unit>cup</unit></amt>
        <item>Weight Watcher Vanilla Ice</item></ing></ingredients>
    <directions>
      <step>         -Cream
      ds Cinnamon
  
  Pour apple juice over Grape Nuts and heat in microwave
  for about 35 seconds.
  Sprinkle with cinnamon.  Top with ice cream.
  
  From Gemini's MASSIVE MealMaster collection at www.synapse.com/~gemini
 
</step></directions></recipe></recipeml>
