<?xml version="1.0" encoding="UTF-8"?>

<recipeml version="0.5">
  <recipe>
    <head>
      <title>Apple Edam and Orange Salad</title>
      <categories>
        <cat>Salads</cat></categories>
      <yield>1</yield></head>
    <ingredients>
      <ing>
        <amt>
          <qty/>
          <unit/></amt>
        <item>Few drops of lemon juice.</item></ing>
      <ing>
        <amt>
          <qty/>
          <unit/></amt>
        <item>One medium apple cored and</item></ing>
      <ing>
        <amt>
          <qty/>
          <unit/></amt>
        <item>Sliced</item></ing>
      <ing>
        <amt>
          <qty/>
          <unit/></amt>
        <item>Selection of mixed lettuce</item></ing>
      <ing>
        <amt>
          <qty/>
          <unit/></amt>
        <item>Leaves washed and trimmed.</item></ing>
      <ing>
        <amt>
          <qty/>
          <unit/></amt>
        <item>One medium orange, peel and</item></ing>
      <ing>
        <amt>
          <qty/>
          <unit/></amt>
        <item>Pith removed and sliced into</item></ing>
      <ing>
        <amt>
          <qty/>
          <unit/></amt>
        <item>Segments</item></ing>
      <ing>
        <amt>
          <qty>2</qty>
          <unit>ounces</unit></amt>
        <item>60 g edam cheese thinly</item></ing>
      <ing>
        <amt>
          <qty/>
          <unit/></amt>
        <item>Sliced</item></ing>
      <ing>
        <amt>
          <qty>2</qty>
          <unit>tablespoons</unit></amt>
        <item>Low fat natural yoghurt.</item></ing>
      <ing>
        <amt>
          <qty>1</qty>
          <unit>tablespoon</unit></amt>
        <item>Orange juice.</item></ing>
      <ing>
        <amt>
          <qty>2</qty>
          <unit>teaspoons</unit></amt>
        <item>Sunflower seeds toasted.</item></ing></ingredients>
    <directions>
      <step>  1. Put the lemon juice in a small bowl and dip apple slices into it to
  prevent them browning.
  
  2. Arrange the lettuce leaves on a serving plate and place the apple
  slices, orange segments and sliced edam on top.
  
  3. Mix together the yoghurt and orange juice and then drizzle it over the
  salad. Sprinkle with toasted sunflower seeds and serve.
  
  Preparation 10 minutes.
  
  Serves 1: 385 calories.
  
  Selections: 2 Fruit 2 protein 60 optional calories.
  
  From Gemini's MASSIVE MealMaster collection at www.synapse.com/~gemini
 
</step></directions></recipe></recipeml>
