<?xml version="1.0" encoding="UTF-8"?>

<recipeml version="0.5">
  <recipe>
    <head>
      <title>Apple Date Strudel</title>
      <categories>
        <cat>Apples</cat>
        <cat>Breads</cat></categories>
      <yield>12</yield></head>
    <ingredients>
      <ing-div>
        <title>LORELI AGUDA WSKD49A</title>
        <ing>
          <amt>
            <qty>2 1/2</qty>
            <unit>cups</unit></amt>
          <item>All purpose flour, sifted</item></ing>
        <ing>
          <amt>
            <qty>1</qty>
            <unit>teaspoon</unit></amt>
          <item>Double acting baking powder</item></ing>
        <ing>
          <amt>
            <qty>1/2</qty>
            <unit>teaspoons</unit></amt>
          <item>Salt</item></ing>
        <ing>
          <amt>
            <qty>1</qty>
            <unit/></amt>
          <item>Egg, beaten</item></ing>
        <ing>
          <amt>
            <qty/>
            <unit/></amt>
          <item>Butter or margarine</item></ing>
        <ing>
          <amt>
            <qty>12</qty>
            <unit/></amt>
          <item>Zwieback, finely rolled, about 3/4 cup crumbs</item></ing>
        <ing>
          <amt>
            <qty>1/2</qty>
            <unit>cups</unit></amt>
          <item>Chopped walnuts or pecans</item></ing>
        <ing>
          <amt>
            <qty>4</qty>
            <unit>cups</unit></amt>
          <item>Cooking apples</item></ing>
        <ing>
          <amt>
            <qty>8</qty>
            <unit>ounces</unit></amt>
          <item>Pitted dates, finely snipped</item></ing>
        <ing>
          <amt>
            <qty>1/2</qty>
            <unit>cups</unit></amt>
          <item>Sugar</item></ing>
        <ing>
          <amt>
            <qty>1/4</qty>
            <unit>cups</unit></amt>
          <item>Lemon juice</item></ing>
        <ing>
          <amt>
            <qty>1</qty>
            <unit>teaspoon</unit></amt>
          <item>Cinnamon</item></ing></ing-div></ingredients>
    <directions>
      <step>  Sift first 3 ingredients into bowl. Add egg and 1/4 cup butter, melted.
  Then add 1/2 cup ice water. Stir until blended, then knead to smooth ball
  on lightly floured board. Cover with towel and let rest at least 1/2 hour.
  Saute crumbs in 2 TB butter until lightly toasted, add nuts and set aside.
  Peel and core apples, cut in wedges, then in thin crosswise slices. Mix
  with next 4 ingredients. On lightly floured board, roll dough to a 24x16
  inch rectangle. Brush with 2 TB butter, melted. Sprinkle with crumb mixture
  to within 1 inch of edges. Spread evenly with apple mixture. Then roll from
  long side as for jelly roll and seal ends. Shape in horseshoe and put seam
  down, on greased baking sheet. Melt 1/4 c butter and brush some on strudel.
  Bake in hot oven 400 about 40 minutes. Brush occasionally with remaining
  butter. Serve warm in slices.
  
  From Gemini's MASSIVE MealMaster collection at www.synapse.com/~gemini
 
</step></directions></recipe></recipeml>
