<?xml version="1.0" encoding="UTF-8"?>

<recipeml version="0.5">
  <recipe>
    <head>
      <title>Apple Custard Pie</title>
      <categories>
        <cat>Apples</cat>
        <cat>Bobbie - no</cat>
        <cat>Desserts</cat>
        <cat>Pies/tarts</cat></categories>
      <yield>8</yield></head>
    <ingredients>
      <ing-div>
        <title/>
        <ing>
          <amt>
            <qty>1 1/2</qty>
            <unit>cups</unit></amt>
          <item>All-purpose flour</item></ing>
        <ing>
          <amt>
            <qty>1/2</qty>
            <unit>teaspoons</unit></amt>
          <item>Salt</item></ing>
        <ing>
          <amt>
            <qty>1/2</qty>
            <unit>cups</unit></amt>
          <item>Cold butter or margarine</item></ing>
        <ing>
          <amt>
            <qty>3</qty>
            <unit>cups</unit></amt>
          <item>Tart apples; sliced/peeled</item></ing>
        <ing>
          <amt>
            <qty>1/3</qty>
            <unit>cups</unit></amt>
          <item>Sugar</item></ing>
        <ing>
          <amt>
            <qty>1</qty>
            <unit>teaspoon</unit></amt>
          <item>Ground cinnamon</item></ing></ing-div>
      <ing-div>
        <title>CUSTARD</title>
        <ing>
          <amt>
            <qty>1</qty>
            <unit>cup</unit></amt>
          <item>Evaporated milk</item></ing>
        <ing>
          <amt>
            <qty>1</qty>
            <unit/></amt>
          <item>Egg</item></ing>
        <ing>
          <amt>
            <qty>1/2</qty>
            <unit>cups</unit></amt>
          <item>Sugar</item></ing></ing-div></ingredients>
    <directions>
      <step>  In a bowl, combine flour and salt; cut in butter until crumbly. Press onto
  the bottom and up the sides of a 9 inch pie plate. Arrange apples over the
  crust. Combine sugar and cinnamon; sprinkle over apples. Bake at 375 F. for
  20 minutes. For custard, whisk milk, egg and sugar until smooth. Pour over
  apples. Bake for 25-30 minutes longer or until a knife inserted near the
  cener comes out clean. Cool on a wire rack. Refrigerate leftovers. Yield:
  6-8 servings. Submitted by Carol Adams, Medina, Texas MC formatting by
  bobbi744@sojourn.com
  
  Recipe by: Taste of Home Magazine, Oct/Nov. '97, p. 65
  
  Posted to MC-Recipe Digest V1 #822 by Roberta Banghart
  &lt;bobbi744@sojourn.com&gt; on Oct 01, 1997
 
</step></directions></recipe></recipeml>
