<?xml version="1.0" encoding="UTF-8"?>

<recipeml version="0.5">
  <recipe>
    <head>
      <title>Apple Fluden</title>
      <categories>
        <cat>Dessert</cat></categories>
      <yield>8</yield></head>
    <ingredients>
      <ing-div>
        <title>DOUGH</title>
        <ing>
          <amt>
            <qty>2</qty>
            <unit>cups</unit></amt>
          <item>Flour</item></ing>
        <ing>
          <amt>
            <qty>1/2</qty>
            <unit>teaspoons</unit></amt>
          <item>Salt</item></ing>
        <ing>
          <amt>
            <qty>2/3</qty>
            <unit>cups</unit></amt>
          <item>Parveh margarine (up to)</item></ing>
        <ing>
          <amt>
            <qty>1/2</qty>
            <unit>cups</unit></amt>
          <item>Orange juice</item></ing></ing-div>
      <ing-div>
        <title>FILLING</title>
        <ing>
          <amt>
            <qty>1</qty>
            <unit>cup</unit></amt>
          <item>Raisins</item></ing>
        <ing>
          <amt>
            <qty>3</qty>
            <unit>cups</unit></amt>
          <item>Apples; peeled, cored and sliced</item></ing>
        <ing>
          <amt>
            <qty>1/4</qty>
            <unit>cups</unit></amt>
          <item>Honey</item></ing>
        <ing>
          <amt>
            <qty>1/2</qty>
            <unit>teaspoons</unit></amt>
          <item>Cinnamon</item></ing>
        <ing>
          <amt>
            <qty>1</qty>
            <unit>teaspoon</unit></amt>
          <item>Grated lemon rind</item></ing>
        <ing>
          <amt>
            <qty>1/3</qty>
            <unit>cups</unit></amt>
          <item>Stale bread crumbs or cake crumbs; finely grated</item></ing></ing-div></ingredients>
    <directions>
      <step>  From: sybel@ix.netcom.com (Ruth Donenfeld)
  
  Date: Fri, 9 Aug 1996 16:58:21 -0700
  Dough: mix flour and salt; rub margerine into flour mix until the dough is
  crumbly like small peas. Stir in orange juice gradually, mixing with wooden
  spoon, until dough cleans the bowl.  Use only as much orange juice as
  needed. Cover, chill for 1 hour. Roll out 2/3 of dough on a floured board
  into a 10 inch square. Place into a greased 8-inch pan so the dough comes
  up around the sides of the pan.
  
  Combine the filling ingredients; spread evenly on the crust. Roll out the
  remaining piece of dough into a 9-inch square and put over filling. Moisten
  edges around the pan, and press both sides together to seal.  Prick top of
  crust with a fork. (My mother always brushed the top with a beaten egg
  mixes with water and then sprinkled top with a cinnamon-sugar mix. I omit
  that) Bake in a preheated hot oven - 400f- for 35 to 40 minutes or until
  brown. Cut into squares and serve warm.
  
  JEWISH-FOOD digest 311
  
  From the Jewish Food recipe list.  Downloaded from Glen's MM Recipe
  Archive, http://www.erols.com/hosey.
 
</step></directions></recipe></recipeml>
