<?xml version="1.0" encoding="UTF-8"?>

<recipeml version="0.5">
  <recipe>
    <head>
      <title>Apple Dumplings</title>
      <categories>
        <cat>None</cat></categories>
      <yield>1</yield></head>
    <ingredients>
      <ing>
        <amt>
          <qty>3</qty>
          <unit>cups</unit></amt>
        <item>Flour</item></ing>
      <ing>
        <amt>
          <qty>1</qty>
          <unit>tablespoon</unit></amt>
        <item>(scant) shortening</item></ing>
      <ing>
        <amt>
          <qty>1</qty>
          <unit>tablespoon</unit></amt>
        <item>Baking powder</item></ing>
      <ing>
        <amt>
          <qty>1/4</qty>
          <unit>teaspoons</unit></amt>
        <item>Salt</item></ing>
      <ing>
        <amt>
          <qty/>
          <unit/></amt>
        <item>Enough milk to make soft dough</item></ing></ingredients>
    <directions>
      <step>  Roll out and cut into triangles. Put apple slices in center and seal. Drop
  in boiling water and boil 12 to 15 minutes. Serve with a little sugar and
  milk poured over the dumplings.
  
  Posted to TNT - Prodigy's Recipe Exchange Newsletter  by Luke Murden
  &lt;lmurden@visi.net&gt; on Sep 08, 1997
 
</step></directions></recipe></recipeml>
