<?xml version="1.0" encoding="UTF-8"?>

<recipeml version="0.5">
  <recipe>
    <head>
      <title>Apple Flake Crunch</title>
      <categories>
        <cat>Desserts</cat>
        <cat>Fruits</cat>
        <cat>Seasonal</cat></categories>
      <yield>4</yield></head>
    <ingredients>
      <ing>
        <amt>
          <qty>6</qty>
          <unit>cups</unit></amt>
        <item>Apples; Pared, Cored, And Sliced, About 2 Lbs</item></ing>
      <ing>
        <amt>
          <qty>2</qty>
          <unit>tablespoons</unit></amt>
        <item>Brown Or Granulated Sugar</item></ing>
      <ing>
        <amt>
          <qty>3</qty>
          <unit>tablespoons</unit></amt>
        <item>Orange Juice</item></ing>
      <ing>
        <amt>
          <qty>1/3</qty>
          <unit>cups</unit></amt>
        <item>Brown Sugar; Firmly Packed</item></ing>
      <ing>
        <amt>
          <qty>2</qty>
          <unit>tablespoons</unit></amt>
        <item>Butter Or Margarine</item></ing>
      <ing>
        <amt>
          <qty>1/2</qty>
          <unit>cups</unit></amt>
        <item>Corn Flakes</item></ing>
      <ing>
        <amt>
          <qty>1/2</qty>
          <unit>cups</unit></amt>
        <item>Unbleached Flour; Sifted</item></ing>
      <ing>
        <amt>
          <qty>1/2</qty>
          <unit>teaspoons</unit></amt>
        <item>Nutmeg Or Cinnamon</item></ing>
      <ing>
        <amt>
          <qty>1</qty>
          <unit>tablespoon</unit></amt>
        <item>Orange Rind; Grated</item></ing>
      <ing>
        <amt>
          <qty>3</qty>
          <unit>tablespoons</unit></amt>
        <item>Orange Juice</item></ing>
      <ing>
        <amt>
          <qty>1</qty>
          <unit>tablespoon</unit></amt>
        <item>Butter</item></ing></ingredients>
    <directions>
      <step>  Preheat the oven to 375 Degrees F.  Arrange the apples in a greased
  10 X 6 X 2-Inch baking dish.  Sprinkle with 2 T of sugar then with 3
  T of orange juice.  Work 1/3 cup Brown Sugar and 2 T butter until
  creamy.  Add the next 4 ingredients and mix until crumbly.  Spread on
  the apples.  Sprinkle with 3 T of orange juice and dot with 1 T
  butter.  Bake in a moderately hot oven of 375 degrees F., for 45
  minutes.
  
  To Serve;
  
  Serve hot or cold with whipped cream if desired.
  
  From:  The Good Housekeeping Cookbook  Copyright 1949
  
  Posted by:  Rich Harper
  
  File ftp://ftp.idiscover.co.uk/pub/food/mealmaster/recipes/fruits.zip
 
</step></directions></recipe></recipeml>
