<?xml version="1.0" encoding="UTF-8"?>

<recipeml version="0.5">
  <recipe>
    <head>
      <title>Apple Filled Acorn Squash</title>
      <categories>
        <cat>Vegetable</cat></categories>
      <yield>6</yield></head>
    <ingredients>
      <ing>
        <amt>
          <qty>3</qty>
          <unit/></amt>
        <item>Acorn Squash</item></ing>
      <ing>
        <amt>
          <qty>1/2</qty>
          <unit>cups</unit></amt>
        <item>Brown Sugar</item></ing>
      <ing>
        <amt>
          <qty>2</qty>
          <unit>tablespoons</unit></amt>
        <item>Margarine; melted</item></ing>
      <ing>
        <amt>
          <qty>2</qty>
          <unit/></amt>
        <item>Apples; chopped</item></ing>
      <ing>
        <amt>
          <qty>1/2</qty>
          <unit>cups</unit></amt>
        <item>Chopped Walnuts</item></ing>
      <ing>
        <amt>
          <qty>1</qty>
          <unit>tablespoon</unit></amt>
        <item>Grated Orange Peel</item></ing></ingredients>
    <directions>
      <step>  From: marie@FreeMark.COM (Marie Slone)
  
  Date: Tue, 13 Aug 1996 11:25:59 -0400
  Preheat oven to 350 deg F.  Cut squash in half lengthwise and scrape out
  seeds.  Place cut side down in baking dish and bake for 25 minutes.  Mix
  the other ingredients. Turn squash cut side up, fill with apple mix and
  continue baking for 20 minutes, or until squash is tender.
  
  MC-Recipe Digest V1 #196
  
  From the MasterCook recipe list.  Downloaded from Glen's MM Recipe Archive,
  http://www.erols.com/hosey.
 
</step></directions></recipe></recipeml>
