<?xml version="1.0" encoding="UTF-8"?>

<recipeml version="0.5">
  <recipe>
    <head>
      <title>Apple Fritters</title>
      <categories>
        <cat/></categories>
      <yield>100</yield></head>
    <ingredients>
      <ing>
        <amt>
          <qty>7 1/4</qty>
          <unit>cups</unit></amt>
        <item>WATER</item></ing>
      <ing>
        <amt>
          <qty>10</qty>
          <unit/></amt>
        <item>EGGS SHELL</item></ing>
      <ing>
        <amt>
          <qty>6 1/2</qty>
          <unit>ounces</unit></amt>
        <item>MILK; DRY NON-FAT L HEAT</item></ing>
      <ing>
        <amt>
          <qty>6 7/8</qty>
          <unit>pounds</unit></amt>
        <item>APPLE SLICED #10</item></ing>
      <ing>
        <amt>
          <qty>2</qty>
          <unit>tablespoons</unit></amt>
        <item>LEMON FRESH</item></ing>
      <ing>
        <amt>
          <qty>4</qty>
          <unit>pounds</unit></amt>
        <item>FLOUR GEN PURPOSE 10LB</item></ing>
      <ing>
        <amt>
          <qty>1 1/4</qty>
          <unit>pounds</unit></amt>
        <item>SUGAR; GRANULATED 10 LB</item></ing>
      <ing>
        <amt>
          <qty>6</qty>
          <unit>ounces</unit></amt>
        <item>SHORTENING; 3LB</item></ing>
      <ing>
        <amt>
          <qty>3</qty>
          <unit>ounces</unit></amt>
        <item>BAKING POWDER</item></ing>
      <ing>
        <amt>
          <qty>1</qty>
          <unit>tablespoon</unit></amt>
        <item>NUTMEG GROUND</item></ing>
      <ing>
        <amt>
          <qty>1</qty>
          <unit>tablespoon</unit></amt>
        <item>CINNAMON GROUND 1 LB CN</item></ing>
      <ing>
        <amt>
          <qty>1 1/2</qty>
          <unit>ounces</unit></amt>
        <item>SALT TABLE 5LB</item></ing></ingredients>
    <directions>
      <step>  TEMPERATURE:  375 F. DEEP FAT
  :
  
  1.  SIFT TOGETHER FLOUR, BAKING POWDER, MILK, SALT, SUGAR, NUTMEG
  AND CINNAMON INTO MIXER BOWL.
  
  2.  COMBINE EGGS, WATER, SHORTENING OR SALAD OIL, AND LEMON JUICE;
  ADD TO DRY INGREDIENTS.  MIX AT LOW SPEED UNTIL WELL-BLENDED.
  
  3.  DRAIN APPLES AND CHOP COARSELY; ADD TO BATTER; MIX LIGHTLY.
  
  4.  USING A NO. 40 SCOOP OR WELL-ROUND TABLESPOON, DROP BATTER
  INTO DEEP FAT.  FRY 4 TO 6 MINUTES.  DRAIN ON ABSORBENT PAPER.
  :
  
  NOTE:  1.  IN STEP 3, 6 LB (7 LB 11 OZ A.P.) PARED, CORED AND DICED
  FRESH APPLES MAY BE USED FOR CANNED APPLES.
  
  2.  IN STEP 3, 4 OZ (1 LEMON) FRESH LEMONS A.P. WILL YIELD 2 TBSP
  JUICE.
  
  3.  IN STEP 4, AFTER FRYING, FRITTERS MAY BE SPRINKLED WITH 2 LB
  (2 QT) SIFTED POWDERED SUGAR.
  
  Recipe Number: D02400
  
  SERVING SIZE: 2 FRITTERS
  
  From the &lt;Army Master Recipe Index File&gt; (actually used today!).
  Downloaded from Glen's MM Recipe Archive, http://www.erols.com/hosey.
 
</step></directions></recipe></recipeml>
