<?xml version="1.0" encoding="UTF-8"?>

<recipeml version="0.5">
  <recipe>
    <head>
      <title>Apple Filled Squash Halves</title>
      <categories>
        <cat>Fruits</cat>
        <cat>Hamburger</cat>
        <cat>Meats</cat>
        <cat>Side dish</cat>
        <cat>Vegetables</cat></categories>
      <yield>4</yield></head>
    <ingredients>
      <ing>
        <amt>
          <qty>2</qty>
          <unit/></amt>
        <item>Acorn Squash; Md</item></ing>
      <ing>
        <amt>
          <qty>1</qty>
          <unit>pound</unit></amt>
        <item>Lean Ground Beef</item></ing>
      <ing>
        <amt>
          <qty>1 1/2</qty>
          <unit>teaspoons</unit></amt>
        <item>Salt</item></ing>
      <ing>
        <amt>
          <qty>1/2</qty>
          <unit>teaspoons</unit></amt>
        <item>Cinnamon</item></ing>
      <ing>
        <amt>
          <qty>2</qty>
          <unit>cups</unit></amt>
        <item>Apples; Pared &amp; Chopped,2 Lg</item></ing>
      <ing>
        <amt>
          <qty>1/4</qty>
          <unit>cups</unit></amt>
        <item>Raisins</item></ing>
      <ing>
        <amt>
          <qty/>
          <unit/></amt>
        <item>Salt</item></ing>
      <ing>
        <amt>
          <qty>4</qty>
          <unit>tablespoons</unit></amt>
        <item>Brown Sugar; Packed</item></ing>
      <ing>
        <amt>
          <qty>2</qty>
          <unit>tablespoons</unit></amt>
        <item>Margarine Or Butter; Melted</item></ing></ingredients>
    <directions>
      <step>  Heat the oven to 400 degrees F.  Cut each of the squash in half and remove
  the seeds and fibers.  Place the squash, cut sides down, in an ungreased
  baking pan.  Then add water to the depth of 1/4-inch and bake, uncovered,
  until the squash is tender, about 30 to 40 minutes.  While the squash is
  baking, cook and stir the meat in a large skillet until it is brown.
  Drain off the excess fat.  Remove the skillet from the heat and stir in
  the 1 1/2 ts of salt as well as the cinnamon, the coarsely chopped tart
  apples and the raisins.  When the squash is cooked, turn them so that the
  cut side is up and remove them to a platter.  Drain off any remaining
  liquid in the pan and dry.  Scoop out the pulp from the acorn squash,
  making a shell that is 1/4-inch thick all the way around.  Season the
  shells with salt to taste.  Mash the pulp and mix in the meat mixture.
  Return to the shells, piling them full and sprinkle with 1 tb of brown
  sugar on each.  Drizzle with the melted butter.  Bake uncovered until the
  apple is tender, about 20 to 30 minutes.  Serve hot.
  
  NOTE:
  
  You can substitute a combination of 1/2 lb lean ground beef and 1/2 lb of
  bulk pork sausage for the 1 lb of lean ground beef.
 
</step></directions></recipe></recipeml>
