<?xml version="1.0" encoding="UTF-8"?>

<recipeml version="0.5">
  <recipe>
    <head>
      <title>Apple Crunch</title>
      <categories>
        <cat>Snacks</cat>
        <cat>Kids</cat></categories>
      <yield>6</yield></head>
    <ingredients>
      <ing>
        <amt>
          <qty>5</qty>
          <unit/></amt>
        <item>Apples</item></ing>
      <ing>
        <amt>
          <qty>1</qty>
          <unit>teaspoon</unit></amt>
        <item>Cinnamon</item></ing>
      <ing>
        <amt>
          <qty>1</qty>
          <unit>tablespoon</unit></amt>
        <item>Butter</item></ing>
      <ing>
        <amt>
          <qty>1</qty>
          <unit>cup</unit></amt>
        <item>Sugar</item></ing>
      <ing>
        <amt>
          <qty>1</qty>
          <unit/></amt>
        <item>Egg</item></ing>
      <ing>
        <amt>
          <qty>1/2</qty>
          <unit>cups</unit></amt>
        <item>Flour</item></ing>
      <ing>
        <amt>
          <qty>1/2</qty>
          <unit>teaspoons</unit></amt>
        <item>Baking powder</item></ing>
      <ing>
        <amt>
          <qty>1</qty>
          <unit>pinch</unit></amt>
        <item>Of salt</item></ing></ingredients>
    <directions>
      <step>  Peel apples and dice, sprinkle with cinnamon and 1/3 cup of the sugar.
  Cream butter and 2/3 cup sugar. Beat egg and add to butter mixture. Sift
  flour, baking powder and salt. Add to mixture. Pour over apples and bake 10
  minutes at 425 - then 20 minutes at 350. Batter will be thick - just drop
  and spread as best as you can.
  
  Recipe from Marilla Ransdell, submitted by Donna Ransdell.
  
  File ftp://ftp.idiscover.co.uk/pub/food/mealmaster/recipes/kids.zip
 
</step></directions></recipe></recipeml>
