<?xml version="1.0" encoding="UTF-8"?>

<recipeml version="0.5">
  <recipe>
    <head>
      <title>Apple Crumb Pie</title>
      <categories>
        <cat>None</cat></categories>
      <yield>1</yield></head>
    <ingredients>
      <ing>
        <amt>
          <qty>2/3</qty>
          <unit>cups</unit></amt>
        <item>Sugar</item></ing>
      <ing>
        <amt>
          <qty>2</qty>
          <unit>tablespoons</unit></amt>
        <item>All-purpose flour</item></ing>
      <ing>
        <amt>
          <qty>3/4</qty>
          <unit>teaspoons</unit></amt>
        <item>Ground cinnamon</item></ing>
      <ing>
        <amt>
          <qty>7</qty>
          <unit/></amt>
        <item>Apples peeled and sliced</item></ing>
      <ing>
        <amt>
          <qty>1</qty>
          <unit/></amt>
        <item>Pie crust</item></ing>
      <ing>
        <amt>
          <qty>1/2</qty>
          <unit>cups</unit></amt>
        <item>All-purpose flour</item></ing>
      <ing>
        <amt>
          <qty>1/4</qty>
          <unit>cups</unit></amt>
        <item>Sugar</item></ing>
      <ing>
        <amt>
          <qty>1/4</qty>
          <unit>cups</unit></amt>
        <item>Butter</item></ing></ingredients>
    <directions>
      <step>  This is my favorite apple pie. We go apple picking each year at local
  orchards. this is one of the first things I make. You need a fairly deep
  dish for this one. Recipe comes from Better Homes and Gardens New Cook
  Book.
  
  Combine first 3 ingredients; stir into apples. Turn into pie shell. Combine
  remaining flour and sugar, cut in butter until crumbly. Sprinklw over
  apples. Bake at 400 for 45-50 minutes or until done. If it browns too
  quickly, cover edges with foil.
  
  Posted to EAT-L Digest  by Amy Smalley &lt;as5x@AVERY.MED.VIRGINIA.EDU&gt; on Sep
  5, 1997
 
</step></directions></recipe></recipeml>
