<?xml version="1.0" encoding="UTF-8"?>

<recipeml version="0.5">
  <recipe>
    <head>
      <title>Apple Dip</title>
      <categories>
        <cat>Appetizers</cat>
        <cat>Fruit</cat>
        <cat>Luncheon</cat>
        <cat>Try it you'</cat></categories>
      <yield>1</yield></head>
    <ingredients>
      <ing>
        <amt>
          <qty>1 1/2</qty>
          <unit>cups</unit></amt>
        <item>Brown sugar; Packed</item></ing>
      <ing>
        <amt>
          <qty>1/4</qty>
          <unit>cups</unit></amt>
        <item>Sugar</item></ing>
      <ing>
        <amt>
          <qty>1</qty>
          <unit>teaspoon</unit></amt>
        <item>Vanilla</item></ing>
      <ing>
        <amt>
          <qty>2</qty>
          <unit/></amt>
        <item>8 oz. Cream cheese</item></ing>
      <ing>
        <amt>
          <qty>1</qty>
          <unit>cup</unit></amt>
        <item>Nuts; chopped</item></ing></ingredients>
    <directions>
      <step>  Blend together sugars, vanilla and cream cheese. Stir in nuts. Cut up
  apples into slices and soak for a few minutes in lightly salted water. This
  will help prevent browning. Dip away!!!!!
  
  NOTES : This came from an aunt who never measures anything and I have
  adapted it. This is a real stand out as a fruit dip. I make it with fat
  free cream cheese and Grape Nuts (instead of nuts) for a lower fat version.
  Recipe by: Joy Sebastian Posted to MC-Recipe Digest V1 #671 by "Joy H.
  Sebastian" &lt;Roux_Crew@CompuServe.COM&gt; on Jul 14, 1997
 
</step></directions></recipe></recipeml>
