<?xml version="1.0" encoding="UTF-8"?>

<recipeml version="0.5">
  <recipe>
    <head>
      <title>Bajan Seasoning</title>
      <categories>
        <cat>None</cat></categories>
      <yield>1</yield></head>
    <ingredients>
      <ing>
        <amt>
          <qty>1</qty>
          <unit>pound</unit></amt>
        <item>Onions, peeled and coarsely chopped</item></ing>
      <ing>
        <amt>
          <qty>5</qty>
          <unit>ounces</unit></amt>
        <item>Green onion, coarsely chopped</item></ing>
      <ing>
        <amt>
          <qty>8</qty>
          <unit/></amt>
        <item>Garlic cloves, peeled</item></ing>
      <ing>
        <amt>
          <qty>4</qty>
          <unit/></amt>
        <item>Bonney peppers, seeds and stems removed or substitute habaneros</item></ing>
      <ing>
        <amt>
          <qty>2</qty>
          <unit>ounces</unit></amt>
        <item>Fresh thyme</item></ing>
      <ing>
        <amt>
          <qty>2</qty>
          <unit>ounces</unit></amt>
        <item>Fresh parsley</item></ing>
      <ing>
        <amt>
          <qty>2</qty>
          <unit>ounces</unit></amt>
        <item>Fresh marjoram</item></ing>
      <ing>
        <amt>
          <qty>1 1/2</qty>
          <unit>cups</unit></amt>
        <item>Vinegar</item></ing>
      <ing>
        <amt>
          <qty>2</qty>
          <unit>tablespoons</unit></amt>
        <item>Worcestershire sauce</item></ing>
      <ing>
        <amt>
          <qty>1</qty>
          <unit>teaspoon</unit></amt>
        <item>Ground cloves</item></ing>
      <ing>
        <amt>
          <qty>1/4</qty>
          <unit>teaspoons</unit></amt>
        <item>Black pepper</item></ing>
      <ing>
        <amt>
          <qty>3</qty>
          <unit>tablespoons</unit></amt>
        <item>Salt</item></ing></ingredients>
    <directions>
      <step>  Found this recipe in the Dec. 96 issue of Chile Pepper magazine. Sounds
  much like the Lottie's Seasoning which Romain is trying to duplicate.
  
  In a food processor, combine the onions, green onions, garlic and peppers
  and process to a coarse paste.
  
  Remove the leaves from the stems of the thyme, parsley, and marjoram.
  
  Place the leaves and the vinegar in a blender and liquefy.
  
  Combine the onion paste, vinegar mixture and the remaining ingredients in a
  bowl and mix well.
  
  Cover and refrigerate for a whole week before using. The seasoning will
  keep in the refrigerator for at least six months.
  
  Yield: two to three cups. Posted to FOODWINE Digest 02 Jul 97 by Leslie
  Duncan &lt;duncan@VIANET.ON.CA&gt; on Jul 3, 1997
 
</step></directions></recipe></recipeml>
