<?xml version="1.0" encoding="UTF-8"?>

<recipeml version="0.5">
  <recipe>
    <head>
      <title>Bajan Chicken</title>
      <categories>
        <cat>Chicken</cat>
        <cat>Spicy</cat></categories>
      <yield>4</yield></head>
    <ingredients>
      <ing>
        <amt>
          <qty>3</qty>
          <unit/></amt>
        <item>Fresh habanero chiles; cleaned and chopped</item></ing>
      <ing>
        <amt>
          <qty>1</qty>
          <unit>tablespoon</unit></amt>
        <item>Caribbean-style habanero sauce</item></ing>
      <ing>
        <amt>
          <qty>4</qty>
          <unit/></amt>
        <item>Chicken breasts; skin removed</item></ing>
      <ing>
        <amt>
          <qty>6</qty>
          <unit/></amt>
        <item>Green onions (including tops), finely chopped,</item></ing>
      <ing>
        <amt>
          <qty>3</qty>
          <unit/></amt>
        <item>Cloves garlic; minced</item></ing>
      <ing>
        <amt>
          <qty>2</qty>
          <unit>tablespoons</unit></amt>
        <item>Fresh-squeezed lime juice</item></ing>
      <ing>
        <amt>
          <qty>2</qty>
          <unit>tablespoons</unit></amt>
        <item>Fresh cilantro; chopped</item></ing>
      <ing>
        <amt>
          <qty>1/2</qty>
          <unit>teaspoons</unit></amt>
        <item>Ground cloves</item></ing>
      <ing>
        <amt>
          <qty>1/2</qty>
          <unit>teaspoons</unit></amt>
        <item>Freshly ground black pepper</item></ing>
      <ing>
        <amt>
          <qty>1</qty>
          <unit/></amt>
        <item>Egg</item></ing>
      <ing>
        <amt>
          <qty>1</qty>
          <unit>tablespoon</unit></amt>
        <item>Soy sauce</item></ing>
      <ing>
        <amt>
          <qty/>
          <unit/></amt>
        <item>Flour for dredging</item></ing>
      <ing>
        <amt>
          <qty>3</qty>
          <unit>cups</unit></amt>
        <item>Dry breadcrumbs</item></ing>
      <ing>
        <amt>
          <qty/>
          <unit/></amt>
        <item>Vegetable oil for frying</item></ing></ingredients>
    <directions>
      <step>  1. Combine the chiles, green onions, garlic, lime juice, parsley or
  cilantro, cloves (or cinnamon) and ground pepper. Cut deep gashes in the
  chicken and fill with the mixture. Secure open end with a toothpick to keep
  the stuffing from falling out. 2. Beat the egg and combine with the soy
  sauce and pepper sauce. Lightly dust the chicken with flour, dip in the egg
  mixture and roll in the bread crumbs. 3. Heat the oil to 375 degrees and
  fry the chicken until golden brown, 3-4 minutes on each side.
  
  Formatted and Busted by RecipeLu &lt;recipelu@recipelu.com&gt;
  Posted to recipelu-digest Volume 01 Number 209 by RecipeLu
  &lt;recipelu@geocities.com&gt; on Nov 07, 1997
 
</step></directions></recipe></recipeml>
