<?xml version="1.0" encoding="UTF-8"?>

<recipeml version="0.5">
  <recipe>
    <head>
      <title>Baja Side Car</title>
      <categories>
        <cat>Boat</cat>
        <cat>Drinks</cat></categories>
      <yield>1</yield></head>
    <ingredients>
      <ing>
        <amt>
          <qty>1</qty>
          <unit>ounce</unit></amt>
        <item>Tequila</item></ing>
      <ing>
        <amt>
          <qty>3/4</qty>
          <unit>ounces</unit></amt>
        <item>Triple Sec</item></ing>
      <ing>
        <amt>
          <qty>1</qty>
          <unit/></amt>
        <item>Whole lemon -- The Juice of.</item></ing></ingredients>
    <directions>
      <step>     ..
  
  yeah I know- switch the lemon to lime and you got a basic margarita- or
  switch the tequila to brandy and you have a traditional (yet strong) Side
  car.
  
  Recipe By     : The net
  
  From Gemini's MASSIVE MealMaster collection at www.synapse.com/~gemini
 
</step></directions></recipe></recipeml>
