<?xml version="1.0" encoding="UTF-8"?>

<recipeml version="0.5">
  <recipe>
    <head>
      <title>Bajan Baked Chicken</title>
      <categories>
        <cat>Chicken</cat>
        <cat>Main dish</cat>
        <cat>Ethnic</cat></categories>
      <yield>4</yield></head>
    <ingredients>
      <ing>
        <amt>
          <qty>4</qty>
          <unit/></amt>
        <item>Chicken thighs</item></ing>
      <ing>
        <amt>
          <qty>4</qty>
          <unit/></amt>
        <item>Chicken drumsticks</item></ing>
      <ing>
        <amt>
          <qty/>
          <unit/></amt>
        <item>CHOPPED SEASONINGS-----</item></ing>
      <ing>
        <amt>
          <qty>10</qty>
          <unit/></amt>
        <item>Scallions</item></ing>
      <ing>
        <amt>
          <qty/>
          <unit/></amt>
        <item>Chopped</item></ing>
      <ing>
        <amt>
          <qty>1</qty>
          <unit>medium</unit></amt>
        <item>Onion</item></ing>
      <ing>
        <amt>
          <qty/>
          <unit/></amt>
        <item>Diced</item></ing>
      <ing>
        <amt>
          <qty>1</qty>
          <unit/></amt>
        <item>Bell pepper</item></ing>
      <ing>
        <amt>
          <qty/>
          <unit/></amt>
        <item>Seeded and diced</item></ing>
      <ing>
        <amt>
          <qty>1</qty>
          <unit/></amt>
        <item>Habanero pepper</item></ing>
      <ing>
        <amt>
          <qty/>
          <unit/></amt>
        <item>Seeded and minced</item></ing>
      <ing>
        <amt>
          <qty>3</qty>
          <unit/></amt>
        <item>Garlic cloves</item></ing>
      <ing>
        <amt>
          <qty/>
          <unit/></amt>
        <item>Minced</item></ing>
      <ing>
        <amt>
          <qty>2</qty>
          <unit>tablespoons</unit></amt>
        <item>Butter</item></ing>
      <ing>
        <amt>
          <qty/>
          <unit/></amt>
        <item>Softened</item></ing>
      <ing>
        <amt>
          <qty>1</qty>
          <unit>tablespoon</unit></amt>
        <item>Thyme</item></ing>
      <ing>
        <amt>
          <qty>1</qty>
          <unit>tablespoon</unit></amt>
        <item>Parsely</item></ing>
      <ing>
        <amt>
          <qty/>
          <unit/></amt>
        <item>Minced</item></ing>
      <ing>
        <amt>
          <qty>1/4</qty>
          <unit>cups</unit></amt>
        <item>Lime juice</item></ing>
      <ing>
        <amt>
          <qty>1/4</qty>
          <unit>teaspoons</unit></amt>
        <item>Salt</item></ing>
      <ing>
        <amt>
          <qty>1/4</qty>
          <unit>teaspoons</unit></amt>
        <item>Pepper</item></ing></ingredients>
    <directions>
      <step>  In a food processor fitted with a steel blade, place all the ingredeints
  except the chicken. Process for 30  seconds, forming a paste. Scrape the
  sides at least once during the processing. Place the chicken in a bowl,
  covering it wiht the paste. Force the paste into any crevices in the
  chicken. Marinate for 4-6 hours. Preheat the oven to 275 F. Place the
  chicken in a baking dish in a single layer and bake for 45 minutes, until
  the meat pulls easily from the bone. Turn the chicken after 20 minutes and
  baste with the pan juices. Serve with rice and curried vegetables. "Chopped
  seasoning" is a popular blned of spices on the Caribbean isalnd 11/19/93
  5:59 PM  residents are known, use the blend of seasoning to marinate
  chicken, fish and pork. Found on the ECHO board, author unknown. Formatted
  for MM by Marge Nemeth.
  
  Recipe By     :
  
  File ftp://ftp.idiscover.co.uk/pub/food/mealmaster/recipes/mmdja006.zip
 
</step></directions></recipe></recipeml>
