<?xml version="1.0" encoding="UTF-8"?>

<recipeml version="0.5">
  <recipe>
    <head>
      <title>Baja California Chicken</title>
      <categories>
        <cat>Polkadot</cat>
        <cat>Lisa</cat>
        <cat>Chicken</cat>
        <cat>Quick/easy</cat></categories>
      <yield>1</yield></head>
    <ingredients>
      <ing>
        <amt>
          <qty>8</qty>
          <unit/></amt>
        <item>Chicken breasts</item></ing>
      <ing>
        <amt>
          <qty/>
          <unit/></amt>
        <item>Seasoned salt and pepper</item></ing>
      <ing>
        <amt>
          <qty>4</qty>
          <unit>tablespoons</unit></amt>
        <item>Tarragon vinegar</item></ing>
      <ing>
        <amt>
          <qty>4</qty>
          <unit>tablespoons</unit></amt>
        <item>Olive oil</item></ing>
      <ing>
        <amt>
          <qty>2</qty>
          <unit/></amt>
        <item>Cloves garlic</item></ing>
      <ing>
        <amt>
          <qty>2/3</qty>
          <unit>cups</unit></amt>
        <item>Dry sherry</item></ing></ingredients>
    <directions>
      <step>  Here is an easy chicken recipe that is pretty tasty! Enjoy. Joe
  
  Preheat oven to 350 degrees
  
  Put the oil and vinegar into a skillet and press garlic into the mixture.
  While the pan is heating up, sprinkle the seasoned salt and pepper onto the
  chicken.
  
  Saute' the chicken breasts until they are "golden brown." Place chicken
  into a baking pan and pour sherry over chicken. Place pan in the oven for
       10    minutes.
  
  Serve and enjoy! Copied from "The Cowboy Cookbook." The recipe was
  submitted by Nancy Reagen.
  
  * The Polka Dot Palace BBS 1-201-822-3627.  Posted by LISA
  
  Posted to MC-Recipe Digest V1 #704 by Lisa Clarke &lt;lisa@gaf.com&gt; on Aug 1,
  9
 
</step></directions></recipe></recipeml>
