<?xml version="1.0" encoding="UTF-8"?>

<recipeml version="0.5">
  <recipe>
    <head>
      <title>Baja Chicken Pasta Salad</title>
      <categories>
        <cat>None</cat></categories>
      <yield>6</yield></head>
    <ingredients>
      <ing>
        <amt>
          <qty>3/4</qty>
          <unit>pounds</unit></amt>
        <item>Chicken breast; boneless; skinless</item></ing>
      <ing>
        <amt>
          <qty>1 1/2</qty>
          <unit>cups</unit></amt>
        <item>Diced; mixed fruit</item></ing>
      <ing>
        <amt>
          <qty>1</qty>
          <unit>cup</unit></amt>
        <item>Orzo; uncooked</item></ing>
      <ing>
        <amt>
          <qty>1</qty>
          <unit>cup</unit></amt>
        <item>Jicama; cubed</item></ing>
      <ing>
        <amt>
          <qty>2</qty>
          <unit/></amt>
        <item>Green onions; chopped</item></ing>
      <ing>
        <amt>
          <qty>1/2</qty>
          <unit>cups</unit></amt>
        <item>Mayonnaise</item></ing>
      <ing>
        <amt>
          <qty>2</qty>
          <unit>tablespoons</unit></amt>
        <item>Plain yogurt</item></ing>
      <ing>
        <amt>
          <qty>1</qty>
          <unit>teaspoon</unit></amt>
        <item>Red chiles; ground</item></ing>
      <ing>
        <amt>
          <qty>1/4</qty>
          <unit>teaspoons</unit></amt>
        <item>Salt</item></ing></ingredients>
    <directions>
      <step>  Cost: $ ; Preparation Time: 25 minutes Difficulty Level: 2 ; Servings: 6
  
  1. Heat enough salted water to cover the chicken breast (1/4 tsp salt to 1
  cup of water) to boiling in a 4 quart Dutch oven.
  
  2. Add the chicken breast. Cover and heat to boiling, reduce the heat and
  simmer until the chicken is done, about 15 to 20 minutes. Remove the
  chicken with a slotted spoon.
  
  3. Heat the water to boiling and add the fruit and orzo gradually so that
  the water continues to boil. Boil, uncovered, stirring occasionally, just
  until the orzo is tender, about 10 minutes. Drain, rinse with cold water
  and drain again.
  
  4. Cut the chicken into 1/2-inch pieces and mix with the fruit, macaroni,
  jicama and onions. Mix the remaining ingredients and toss with the chicken
  mixture.
  
  5. Cover and refrigerate until chilled, at least 2 hours.
  
  Posted to The Gourmet Connection Recipe Page Newsletter  by Gourmet
  Connection &lt;trp@gourmetconnection.com&gt; on May 5, 1998
 
</step></directions></recipe></recipeml>
