<?xml version="1.0" encoding="UTF-8"?>

<recipeml version="0.5">
  <recipe>
    <head>
      <title>Bak-O-Bayou Salad</title>
      <categories>
        <cat>Kosher</cat>
        <cat>Salads</cat></categories>
      <yield>6</yield></head>
    <ingredients>
      <ing>
        <amt>
          <qty>1</qty>
          <unit/></amt>
        <item>Head Iceberg lettuce</item></ing>
      <ing>
        <amt>
          <qty>1</qty>
          <unit/></amt>
        <item>Bunch watercress</item></ing>
      <ing>
        <amt>
          <qty>2</qty>
          <unit/></amt>
        <item>Creole tomatoes, cut into&gt;&gt;</item></ing>
      <ing>
        <amt>
          <qty/>
          <unit/></amt>
        <item>Wedges.</item></ing>
      <ing>
        <amt>
          <qty>1</qty>
          <unit/></amt>
        <item>Med. onion, sliced</item></ing>
      <ing>
        <amt>
          <qty>1/2</qty>
          <unit/></amt>
        <item>Clove garlic, crushed</item></ing>
      <ing>
        <amt>
          <qty>1/2</qty>
          <unit>cups</unit></amt>
        <item>Mayonnaise</item></ing>
      <ing>
        <amt>
          <qty>1 1/2</qty>
          <unit>tablespoons</unit></amt>
        <item>Anchovy paste</item></ing>
      <ing>
        <amt>
          <qty>1 1/2</qty>
          <unit>tablespoons</unit></amt>
        <item>Tarragon vinegar</item></ing>
      <ing>
        <amt>
          <qty>1 1/2</qty>
          <unit>teaspoons</unit></amt>
        <item>Lemon juice</item></ing>
      <ing>
        <amt>
          <qty>3</qty>
          <unit>tablespoons</unit></amt>
        <item>Chopped parsley</item></ing>
      <ing>
        <amt>
          <qty/>
          <unit/></amt>
        <item>Pareve imitation bacon bits</item></ing></ingredients>
    <directions>
      <step>  Tear lettuce into lge. pcs. and cut watercress into sm. pcs. Place lettuce,
  watercress, and tomatoes in a bowl. Separate onion slices into rings and
  add to lettuce mixture. Chill.
  
  Blend garlic with mayo. and anchovy paste in a bowl, then stir in vinegar
  and lemon juice slowly.  Add parsley and chill. Pour dressing over lettuce
  mixture and garnish with imitation bacon bits.
  
  From Gemini's MASSIVE MealMaster collection at www.synapse.com/~gemini
 
</step></directions></recipe></recipeml>
