<?xml version="1.0" encoding="UTF-8"?>

<recipeml version="0.5">
  <recipe>
    <head>
      <title>Bakalava</title>
      <categories>
        <cat>Desserts</cat>
        <cat>Nuts</cat>
        <cat>Ethnic</cat></categories>
      <yield>1</yield></head>
    <ingredients>
      <ing>
        <amt>
          <qty>17 1/4</qty>
          <unit>ounces</unit></amt>
        <item>Pkg</item></ing>
      <ing>
        <amt>
          <qty/>
          <unit/></amt>
        <item>Thawed</item></ing>
      <ing>
        <amt>
          <qty>1 1/4</qty>
          <unit>cups</unit></amt>
        <item>Butter -- melted</item></ing>
      <ing>
        <amt>
          <qty>1 1/4</qty>
          <unit>cups</unit></amt>
        <item>Flaked coconut -- lightly</item></ing>
      <ing>
        <amt>
          <qty/>
          <unit/></amt>
        <item>Toasted</item></ing>
      <ing>
        <amt>
          <qty>1/2</qty>
          <unit>cups</unit></amt>
        <item>Finely chopped macadamia</item></ing>
      <ing>
        <amt>
          <qty/>
          <unit/></amt>
        <item>Nuts -- toasted</item></ing>
      <ing>
        <amt>
          <qty>1/2</qty>
          <unit>cups</unit></amt>
        <item>Finely chopped pecans</item></ing>
      <ing>
        <amt>
          <qty>1/2</qty>
          <unit>cups</unit></amt>
        <item>Brown sugar -- firmly</item></ing>
      <ing>
        <amt>
          <qty/>
          <unit/></amt>
        <item>Packed</item></ing>
      <ing>
        <amt>
          <qty>1</qty>
          <unit>teaspoon</unit></amt>
        <item>Ground cinnamon</item></ing>
      <ing>
        <amt>
          <qty>1</qty>
          <unit>cup</unit></amt>
        <item>Sugar</item></ing>
      <ing>
        <amt>
          <qty>1/4</qty>
          <unit>cups</unit></amt>
        <item>Water + 1/4 c. lemon juice</item></ing>
      <ing>
        <amt>
          <qty>2</qty>
          <unit>teaspoons</unit></amt>
        <item>Grated lemon rind</item></ing>
      <ing>
        <amt>
          <qty>1/4</qty>
          <unit>cups</unit></amt>
        <item>Honey</item></ing>
      <ing>
        <amt>
          <qty/>
          <unit/></amt>
        <item>Frozen phyllo pastry --</item></ing></ingredients>
    <directions>
      <step>  Butter a 13- x 9- x 2-inch baking pan. Cut phyllo in half crosswise, and
  cut each half to fit pan.  Discard trimmings.  Cover phyllo with a slightly
  damp towel.  Layer 10 sheets of phyllo in pan, brushing each sheet with
  melted butter. Combine coconut, macadamia nuts, pecans, brown sugar, and
  cinnamon; stir well.  Sprinkle one-third of nut mixture over phyllo in pan.
  Top with 10 sheets of phyllo, brushing each sheet with melted
  
  butter.  Repeat procedure twice with remaining nut mixture, phyllo, and
  butter, ending with buttered phyllo.  Cut into diamond shapes, using a
  sharp knife.  Bake at 350 for 40-45 minutes or until top is browned.  Let
  cool completely. Combine 1 c. sugar, water, and lemon juice lemon rind, and
  honey in a medium saucepan. Bring to a boil; reduce heat, and simmer 5 min.
  Remove from heat; drizzle syrup over baklava. Cover and let stand at room
  temperature 24 hours. Yield:  about 3 dozen.
  
  Recipe By     : Gizmowidge
  
  File ftp://ftp.idiscover.co.uk/pub/food/mealmaster/recipes/mmdja006.zip
 
</step></directions></recipe></recipeml>
