<?xml version="1.0" encoding="UTF-8"?>

<recipeml version="0.5">
  <recipe>
    <head>
      <title>Baked Apples</title>
      <categories>
        <cat/></categories>
      <yield>100</yield></head>
    <ingredients>
      <ing>
        <amt>
          <qty>2 1/2</qty>
          <unit>quarts</unit></amt>
        <item>WATER; HOT</item></ing>
      <ing>
        <amt>
          <qty>4</qty>
          <unit>ounces</unit></amt>
        <item>BUTTER PRINT SURE</item></ing>
      <ing>
        <amt>
          <qty>33 7/8</qty>
          <unit>pounds</unit></amt>
        <item>APPLE FRESH</item></ing>
      <ing>
        <amt>
          <qty>7 1/16</qty>
          <unit>pounds</unit></amt>
        <item>SUGAR; GRANULATED 10 LB</item></ing>
      <ing>
        <amt>
          <qty>2</qty>
          <unit>teaspoons</unit></amt>
        <item>CINNAMON GROUND 1 LB CN</item></ing>
      <ing>
        <amt>
          <qty>1</qty>
          <unit>teaspoon</unit></amt>
        <item>SALT TABLE 5LB</item></ing>
      <ing>
        <amt>
          <qty>PAN:</qty>
          <unit>18</unit></amt>
        <item>BY 26-INCH SHEET PAN                  TEMPERATURE:  375 F. OVEN</item></ing></ingredients>
    <directions>
      <step>  :
  
  1.  SCORE APPLES ONCE AROUND MIDDLE TO PREVENT BURSTING.  PLACE 33 APPLES
  ON EACH PAN.
  
  2.  MIX SUGAR, CINNAMON AND SALT THOROUGHLY.
  
  3.  COMBINE WITH WATER AND BUTTER OR MARGARINE.  POUR 1 1/2 QT SYRUP OVER
  APPLES IN EACH PAN.
  
  4.  BAKE 45 MINUTE OR UNTIL TENDER, BASTING OCCASIONALLY.
  
  5.  SERVE EACH APPLE WITH 2 TBSP (1-AA LADLE) SYRUP.
  :
  
  NOTE:  1.  IN STEP 1, USE 40 LB FRESH APPLES A.P. WILL YIELD 33 LB 14 OZ
  CORED APPLES.
  
  NOTE:  2.  IN STEP 4, IF CONVECTION OVEN IS USED, BAKE AT 325 F. 30
  MINUTES OR UNTIL TENDER ON LOW FAN, CLOSED VENT.
  
  NOTE:  3.  IN STEP 4, BAKING TIME WILL VARY DEPENDING ON VARIETY AND SIZE
  OF APPLES.
  
  Recipe Number: J00300
  
  SERVING SIZE: 1 APPLE
  
  From the &lt;Army Master Recipe Index File&gt; (actually used today!).
  Downloaded from Glen's MM Recipe Archive, http://www.erols.com/hosey.
 
</step></directions></recipe></recipeml>
