<?xml version="1.0" encoding="UTF-8"?>

<recipeml version="0.5">
  <recipe>
    <head>
      <title>Baked Apples W/ Raisin Co</title>
      <categories>
        <cat/></categories>
      <yield>100</yield></head>
    <ingredients>
      <ing>
        <amt>
          <qty>2 1/2</qty>
          <unit>quarts</unit></amt>
        <item>WATER; HOT</item></ing>
      <ing>
        <amt>
          <qty>4</qty>
          <unit>ounces</unit></amt>
        <item>BUTTER PRINT SURE</item></ing>
      <ing>
        <amt>
          <qty>33 7/8</qty>
          <unit>pounds</unit></amt>
        <item>APPLE FRESH</item></ing>
      <ing>
        <amt>
          <qty>1 1/2</qty>
          <unit>pounds</unit></amt>
        <item>RAISINS #10</item></ing>
      <ing>
        <amt>
          <qty>8</qty>
          <unit>ounces</unit></amt>
        <item>COCONUT SWEETNED PRE</item></ing>
      <ing>
        <amt>
          <qty>7 1/16</qty>
          <unit>pounds</unit></amt>
        <item>SUGAR; GRANULATED 10 LB</item></ing>
      <ing>
        <amt>
          <qty>2</qty>
          <unit>teaspoons</unit></amt>
        <item>CINNAMON GROUND 1 LB CN</item></ing>
      <ing>
        <amt>
          <qty>1</qty>
          <unit>teaspoon</unit></amt>
        <item>SALT TABLE 5LB</item></ing>
      <ing>
        <amt>
          <qty>PAN:</qty>
          <unit>18</unit></amt>
        <item>BY 26-INCH SHEET PAN                    TEMPERATURE:  375 F. OVEN</item></ing></ingredients>
    <directions>
      <step>  :
  
  1.  SCORE APPLES ONCE AROUND MIDDLE TO PREVENT BURSTING.  PLACE 33 APPLES
  ON EACH PAN.
  
  2.  MIX RAISINS WITH PREPARED, SWEETENED, FLAKED COCONUT.  FILL CAVITY IN
  CENTER OF EACH APPLE WITH 1 TBSP MIXTURE.
  
  3.  MIX SUGAR, CINNAMON AND SALT THOROUGHLY.
  
  4.  COMBINE WITH WATER AND BUTTER OR MARGARINE.  POUR 1 1/2 QT SYRUP OVER
  APPLES IN EACH PAN.
  
  5.  BAKE 45 MINUTES OR UNTIL TENDER, BASTING OCCASSIONALLY.
  
  6.  SERVE EACH APPLE WITH 2 TBSP (1-AA LADLE) SYRUP.
  :
  
  NOTE:  IN STEP 1, USE 40 LB FRESH APPLES A.P. WILL YIELD 33 LB 14 OZ CORED
  APPLES.
  
  Recipe Number: J00302
  
  SERVING SIZE: 1 APPLE
  
  From the &lt;Army Master Recipe Index File&gt; (actually used today!).
  Downloaded from Glen's MM Recipe Archive, http://www.erols.com/hosey.
 
</step></directions></recipe></recipeml>
