<?xml version="1.0" encoding="UTF-8"?>

<recipeml version="0.5">
  <recipe>
    <head>
      <title>Baked Apples with Creamy Topping</title>
      <categories>
        <cat>Desserts</cat></categories>
      <yield>1</yield></head>
    <ingredients>
      <ing>
        <amt>
          <qty>6</qty>
          <unit>medium</unit></amt>
        <item>Baking apples -- cored and</item></ing>
      <ing>
        <amt>
          <qty/>
          <unit/></amt>
        <item>Peeled half way down from</item></ing>
      <ing>
        <amt>
          <qty/>
          <unit/></amt>
        <item>Stem end</item></ing>
      <ing>
        <amt>
          <qty>1/4</qty>
          <unit>cups</unit></amt>
        <item>Chopped walnuts</item></ing>
      <ing>
        <amt>
          <qty>1/4</qty>
          <unit>cups</unit></amt>
        <item>Sugar</item></ing>
      <ing>
        <amt>
          <qty>1/2</qty>
          <unit>teaspoons</unit></amt>
        <item>Cinnamon</item></ing>
      <ing>
        <amt>
          <qty>1/3</qty>
          <unit>cups</unit></amt>
        <item>Maple syrup</item></ing>
      <ing>
        <amt>
          <qty>1/4</qty>
          <unit>cups</unit></amt>
        <item>Water</item></ing>
      <ing>
        <amt>
          <qty>1</qty>
          <unit>cup</unit></amt>
        <item>Sour cream</item></ing>
      <ing>
        <amt>
          <qty>1/2</qty>
          <unit>cups</unit></amt>
        <item>Buttermilk</item></ing></ingredients>
    <directions>
      <step>  Place apples in greased shallow baking dish. Mix together nuts,sugar and
  cinnamon and fill centers of apples. Drizzel syrup over apples, add water
  to dish.  Bake at 425 for 25-30 minutes. Cool on a rack, basting
  occasionally with pan juices.  Cover and chill. Beat together sour cream
  and butter milk until well blended.  Spoon over baked apples.
  
  Recipe By     : DLGREAT
  
  File ftp://ftp.idiscover.co.uk/pub/food/mealmaster/recipes/mmdja006.zip
 
</step></directions></recipe></recipeml>
