<?xml version="1.0" encoding="UTF-8"?>

<recipeml version="0.5">
  <recipe>
    <head>
      <title>Baked Apples Stuffed with Mascarpone and Cherries</title>
      <categories>
        <cat>Fruits/dess</cat>
        <cat>Nuts/desser</cat></categories>
      <yield>4</yield></head>
    <ingredients>
      <ing>
        <amt>
          <qty>4</qty>
          <unit>large</unit></amt>
        <item>Baking apples; (Pippen or Rome Beauty or Cortland)</item></ing>
      <ing>
        <amt>
          <qty>1/4</qty>
          <unit>cups</unit></amt>
        <item>Hot water</item></ing>
      <ing>
        <amt>
          <qty>2</qty>
          <unit>cups</unit></amt>
        <item>Zinfandel</item></ing>
      <ing>
        <amt>
          <qty>1/2</qty>
          <unit>cups</unit></amt>
        <item>Dried tart cherries</item></ing>
      <ing>
        <amt>
          <qty>1/2</qty>
          <unit>cups</unit></amt>
        <item>Sargento Ricotta or Mascarpone cheese</item></ing>
      <ing>
        <amt>
          <qty>3</qty>
          <unit>ounces</unit></amt>
        <item>Neufchatel cheese</item></ing>
      <ing>
        <amt>
          <qty>1 1/2</qty>
          <unit>teaspoons</unit></amt>
        <item>Grated lemon rind</item></ing>
      <ing>
        <amt>
          <qty>1/4</qty>
          <unit>teaspoons</unit></amt>
        <item>Salt</item></ing>
      <ing>
        <amt>
          <qty>1 1/2</qty>
          <unit>tablespoons</unit></amt>
        <item>Sugar</item></ing>
      <ing>
        <amt>
          <qty/>
          <unit/></amt>
        <item>Spiced Pecans; see recipe</item></ing></ingredients>
    <directions>
      <step>  Slice 1/2-inch piece off top of Each apple; reserve. Core apples using
  small melon baller; discard core. Peel upper one-fourth of each apple;
  place in shallow baking dish just large enough to hold apples. Replace
  apple tops and pour 1/4 cup hot water around apples. Bake at 350øF 45
  minutes, basting occasionally, or until apples are tender but still hold
  their shape. In saucepan, heat wine and cherries to simmer. Turn off heat;
  let stand 30 minutes to plump cherries. Strain cherries; reserve both
  cherries and wine separately. In medium Mixing bowl, mix cherries, Ricotta,
  Neufchatel, lemon rind and salt; set aside. In small saucepan, heat wine
  and sugar to a boil. Reduce heat; simmer until wine is reduced to 1 cup.
  Cool slightly; keep warm until serving time. Remove apples from oven; let
  cool 15 minutes. Remove and set aside apple tops. Carefully fill cavity of
  each apple with one-fourth of cheese mixture, mounding it on the apple
  tops. Replace apple tops. Return to oven briefly to rewarm, if desired.
  Transfer arm apples to serving plates, sprinkle with Spiced Pecans and pour
  sauce around and over them. 4 servings. Source: Zinfandel Restaurant -
  Chicago IL Original Title: Baked Apples Stuffed with Mascarpone, Dried
  Cherries and Spiced Pecans Downloaded from http://www.roa.com/index.html,
  Recipes of America, Milwaukee PBS MCBuster formatted by Gail Shermeyer
  &lt;4paws@netrax.net&gt; on Mar 25, 1997
  
  Recipe by: http://www.roa.com/index.html, Recipes of America
  
  Posted to EAT-L Digest  by Bob &amp; Carole Walberg &lt;walbergr@MB.SYMPATICO.CA&gt;
  on Dec 1, 1997
 
</step></directions></recipe></recipeml>
