<?xml version="1.0" encoding="UTF-8"?>

<recipeml version="0.5">
  <recipe>
    <head>
      <title>Baked Apples</title>
      <categories>
        <cat>Desserts</cat>
        <cat>Low fat</cat></categories>
      <yield>4</yield></head>
    <ingredients>
      <ing>
        <amt>
          <qty>4</qty>
          <unit/></amt>
        <item>Tart Apples; peeled and cored</item></ing>
      <ing>
        <amt>
          <qty>2</qty>
          <unit>tablespoons</unit></amt>
        <item>Lemon Juice</item></ing>
      <ing>
        <amt>
          <qty>2</qty>
          <unit>tablespoons</unit></amt>
        <item>Almonds; chopped</item></ing>
      <ing>
        <amt>
          <qty>1</qty>
          <unit>tablespoon</unit></amt>
        <item>Brown Sugar; firmly packed</item></ing>
      <ing>
        <amt>
          <qty>2</qty>
          <unit>teaspoons</unit></amt>
        <item>Margarine</item></ing>
      <ing>
        <amt>
          <qty>1/2</qty>
          <unit>teaspoons</unit></amt>
        <item>Ground Cinnamon</item></ing>
      <ing>
        <amt>
          <qty>1/2</qty>
          <unit>teaspoons</unit></amt>
        <item>Vanilla Extract</item></ing>
      <ing>
        <amt>
          <qty>4</qty>
          <unit/></amt>
        <item>Sheets Frozen Filo Pastry; thawed, unfolded and stacked</item></ing>
      <ing>
        <amt>
          <qty>1</qty>
          <unit/></amt>
        <item>Egg White</item></ing>
      <ing>
        <amt>
          <qty>2</qty>
          <unit>tablespoons</unit></amt>
        <item>Almonds; sliced</item></ing>
      <ing>
        <amt>
          <qty>2</qty>
          <unit>teaspoons</unit></amt>
        <item>Sugar</item></ing></ingredients>
    <directions>
      <step>  Preheat an oven to 350. Coat a shallow glass baking dish with nonstick
  cooking spray. Brush the apples with the lemon juice.
  
  In a small bowl, mix together the chopped almonds, brown sugar, margarine,
  cinnamon, and vanilla. Spoon an equal amount of the mixture into the
  hollowed-out cores of each apple.
  
  Using a sharp knife, cut the stacked filo sheets into quarters. Place an
  apple, base side down, onto the center of each stack and bring up the edges
  and tuck the ends into the hollowed-out core.
  
  Place the wrapped apples, seam side down, in the prepared dish and brush
  with the egg white. Top with the sliced almonds and sprinkle with the
  sugar. Bake until the pastry is golden, 35-40 minutes.
  
  To serve, divide among 4 individual dessert plates.
  
  Recipe by: Jane Fonda Cooking For Healthy Living
  
  Posted to recipelu-digest Volume 01 Number 435 by James and Susan Kirkland
  &lt;kirkland@gj.net&gt; on Jan 02, 1998
 
</step></directions></recipe></recipeml>
