<?xml version="1.0" encoding="UTF-8"?>

<recipeml version="0.5">
  <recipe>
    <head>
      <title>Baked Apples in Caramel Cream (Taste of Home)</title>
      <categories>
        <cat>Desserts</cat></categories>
      <yield>4</yield></head>
    <ingredients>
      <ing>
        <amt>
          <qty>3</qty>
          <unit>tablespoons</unit></amt>
        <item>Brown sugar</item></ing>
      <ing>
        <amt>
          <qty>1/4</qty>
          <unit>cups</unit></amt>
        <item>;hot water</item></ing>
      <ing>
        <amt>
          <qty>4</qty>
          <unit>large</unit></amt>
        <item>Rome Beauty apples; cored</item></ing>
      <ing>
        <amt>
          <qty>1</qty>
          <unit>tablespoon</unit></amt>
        <item>Lemon juice</item></ing>
      <ing>
        <amt>
          <qty>12</qty>
          <unit/></amt>
        <item>Caramels</item></ing>
      <ing>
        <amt>
          <qty>1/2</qty>
          <unit>cups</unit></amt>
        <item>Whipping cream</item></ing></ingredients>
    <directions>
      <step>  Combine brown sugar and water in an 8 inch square baking dish. Peel the top
  half of each apple; brush with lemon juice. Place in the baking dish. Fill
  each with three caramels. Bake at 350=F8F. for 60 to 65 minutes or until
  apples are tender, basting every 20 minutes. Carefully lift apples,
  allowing any caramel in centers to drip into pan. and place in individual
  dessert dishes. Pour sauce into a small saucepan; add cream cook and stir
  over medium-low heat until sauce is smooth and thick. Spoon over apples;
  serve immediately.
  
  From Taste of Home Magazine  Oct/Nov 1996 Typed by Sandy Gamble
  &lt;sandyg@goodnet.com&gt;
  Posted to MM-Recipes Digest V3 #295
  
  Date: Mon, 28 Oct 1996 13:19:32 -0700 (MST)
  
  From: Sandy Gamble &lt;sandyg@goodnet.com&gt;
 
</step></directions></recipe></recipeml>
