<?xml version="1.0" encoding="UTF-8"?>

<recipeml version="0.5">
  <recipe>
    <head>
      <title>Baked Angel Hair and Shrimp</title>
      <categories>
        <cat>Casseroles</cat>
        <cat>Fish</cat>
        <cat>Pasta</cat></categories>
      <yield>5</yield></head>
    <ingredients>
      <ing>
        <amt>
          <qty/>
          <unit/></amt>
        <item>Nonstick cooking spray</item></ing>
      <ing>
        <amt>
          <qty>8</qty>
          <unit>ounces</unit></amt>
        <item>Uncooked angel hair pasta</item></ing>
      <ing>
        <amt>
          <qty>12</qty>
          <unit>ounces</unit></amt>
        <item>Frozen; fully cooked, peeled Shrimp, thawed</item></ing>
      <ing>
        <amt>
          <qty>1</qty>
          <unit/></amt>
        <item>Green onion; chopped</item></ing>
      <ing>
        <amt>
          <qty>2</qty>
          <unit/></amt>
        <item>Plum tomatoes; peeled, Seeded, and chopped</item></ing>
      <ing>
        <amt>
          <qty>2</qty>
          <unit/></amt>
        <item>Cloves garlic; crushed</item></ing>
      <ing>
        <amt>
          <qty>1/2</qty>
          <unit>cups</unit></amt>
        <item>Chopped fresh basil; or 1 tsp dried</item></ing>
      <ing>
        <amt>
          <qty>1/4</qty>
          <unit>cups</unit></amt>
        <item>Dry white wine</item></ing>
      <ing>
        <amt>
          <qty>1</qty>
          <unit>cup</unit></amt>
        <item>Low fat; low sodium clam Chowder</item></ing>
      <ing>
        <amt>
          <qty>3 1/2</qty>
          <unit>tablespoons</unit></amt>
        <item>Grated parmesan cheese</item></ing></ingredients>
    <directions>
      <step>  Spray a baking dish with a 5 cup or larger capacity with nonstick cooking
  spray. Set aside. Heat oven to 350 degrees.
  
  Cook the angel hair pasta in lightly salted boiling water according to the
  package directions. When tender, drain, rinse under cold running water and
  drain again. Set aside.
  
  In a large bowl, combine the thawed shrimp, green onion, tomatoes, garlic,
  basil, white wine and clam chowder. Sprinkle in 3 T of the parmesan cheese,
  reserving 1/2 T for the top. Stir in the cooked angel hair pasta and toss
  to coat the ingredients evenly. Spoon into the prepared baking dish.
  Sprinkle the reserved parmesan cheese on top. Lightly coat a sheet of
  aluminum foil with nonstick cooking spray. Cover the baking dish and bake
  for 20 to 25 minutes. Serve hot from dish with lemon wedges on the side if
  desired.
  
  You can prepare this dish up to 8 hours in advance and bake it when you are
  ready to serve.
  Posted to recipelu-digest Volume 01 Number 413 by RecipeLu
  &lt;recipelu@geocities.com&gt; on Dec 29, 1997
 
</step></directions></recipe></recipeml>
