<?xml version="1.0" encoding="UTF-8"?>

<recipeml version="0.5">
  <recipe>
    <head>
      <title>Baked Apple Rice Pudding</title>
      <categories>
        <cat>Diabetic</cat>
        <cat>Rice</cat>
        <cat>Desserts</cat>
        <cat>Fruits</cat></categories>
      <yield>6</yield></head>
    <ingredients>
      <ing>
        <amt>
          <qty>1/3</qty>
          <unit>cups</unit></amt>
        <item>Egg substitute</item></ing>
      <ing>
        <amt>
          <qty>2</qty>
          <unit>cups</unit></amt>
        <item>Pared and cored apples, finely chopped (2 medium)</item></ing>
      <ing>
        <amt>
          <qty>1 1/2</qty>
          <unit>cups</unit></amt>
        <item>Cooked white rice</item></ing>
      <ing>
        <amt>
          <qty>1/2</qty>
          <unit>cups</unit></amt>
        <item>Pitted dates, snipped</item></ing>
      <ing>
        <amt>
          <qty>1/4</qty>
          <unit>cups</unit></amt>
        <item>Sugar</item></ing>
      <ing>
        <amt>
          <qty>1/2</qty>
          <unit>teaspoons</unit></amt>
        <item>Cinnamon</item></ing>
      <ing>
        <amt>
          <qty>2</qty>
          <unit>tablespoons</unit></amt>
        <item>Unsalted margarine, softened</item></ing>
      <ing>
        <amt>
          <qty>1</qty>
          <unit>teaspoon</unit></amt>
        <item>Vanilla</item></ing>
      <ing>
        <amt>
          <qty>2</qty>
          <unit/></amt>
        <item>Egg whites</item></ing>
      <ing>
        <amt>
          <qty>1/4</qty>
          <unit>teaspoons</unit></amt>
        <item>Cinnamon</item></ing></ingredients>
    <directions>
      <step>  Preheat oven to 325 degrees F. Mix together the egg substitute, apples,
  rice, dates, sugar, cinnamon, margarine, and vanilla. Beat the egg whites
  until stiff peaks form; fold into rice mixture. Turn into a 1 1/2 quart
  casserole or souffle dish. Sprinkle cinnamon on top. Place casserole in a
  pan of very hot water (1 inch deep). Bake at 325 F. about 70 minutes. Serve
  warm or chilled. If desired, garnish with fresh apple slices dipped in
  lemon juice.
  
  Nutrient analysis of 1 serving: 1 starch/bread exchange; 1 fruit exchange;
  185 Calories; 4 g protein; 6 g fat; 31 g carbohydrates; 42 mg sodium; 0
  cholesterol.
  
  Source: The Complete Diabetic Cookbook by PJ Palumbo, MD,FACP and Joyce
  Daly Margie, MS. Posted by Sandee Eveland
    Posted to MM-Recipes Digest V3 #260
  
    Date: Sun, 22 Sep 1996 22:08:56 -0400
  
    From: BobbieB1@aol.com
 
</step></directions></recipe></recipeml>
