<?xml version="1.0" encoding="UTF-8"?>

<recipeml version="0.5">
  <recipe>
    <head>
      <title>Baked Apples with Cranberries</title>
      <categories>
        <cat>None</cat></categories>
      <yield>4</yield></head>
    <ingredients>
      <ing>
        <amt>
          <qty>1</qty>
          <unit/></amt>
        <item>Orange</item></ing>
      <ing>
        <amt>
          <qty>2</qty>
          <unit>cups</unit></amt>
        <item>Cranberries</item></ing>
      <ing>
        <amt>
          <qty>3/4</qty>
          <unit>cups</unit></amt>
        <item>Orange juice; fresh-squeezed</item></ing>
      <ing>
        <amt>
          <qty>1/4</qty>
          <unit>cups</unit></amt>
        <item>Firmly packed brown sugar</item></ing>
      <ing>
        <amt>
          <qty>2</qty>
          <unit>tablespoons</unit></amt>
        <item>Butter-melted</item></ing>
      <ing>
        <amt>
          <qty>4</qty>
          <unit>large</unit></amt>
        <item>Rome apples or Golden Delicious apples</item></ing>
      <ing>
        <amt>
          <qty>4</qty>
          <unit/></amt>
        <item>Cinnamon sticks</item></ing></ingredients>
    <directions>
      <step>  1. Remove zest from orange. Mince half the zest, leave the other half in
  strips- set aside. Mix cranberries, orange juice, brown sugar, and butter.
  Divide this mixture in half. Stir minced zest into one half- set other half
  aside.
  
  2. From the stem end of each of apple, slice off 1/2-inch to form a cap.
  Remove stem from each cap, and cut an opening large enough for a cinnamon
  stick. Core each apple with a melon baller. Place apples in a small baking
  pan and stuff each with a portion of the cranberry mixture containing the
  zest. Replace cap on each apple, with a cinnamon stick through the old stem
  opening. Pour remaining cranberry mixture around apples, stirring in
  remaining zest strips.
  
  3. Bake in a 350-degree oven until apples are tender, about 45 minutes.
  Transfer apples to serving plates-, pour cranberry mixture from baking pan
  into a medium saucepan and simmer over medium heat until reduced to a thin
  syrup, 7 to 10 minutes. Spoon some of the thickened cranberry mixture
  around each apple. Serve warm with ice cream or whipped cream, if desired.
  
  Cook's Illustrated, Sept./Oct. 1994, Page 34.
  
  Nationality: USA Courses: dessert, fruit Season: fall or winter Method:
  baked
  
  Start to Finish 1 1/2 hours Preparation 5 minutes Attention 1 hour
  Finishing 5 minutes
  
  Converted from Mangia!, Cook's Illustrated 1993-1995 Cookbook
  
  Recipe by: Cook's Illustrated, Sept./Oct. 1994, Page 34.
  
  Posted to MC-Recipe Digest by "Hobbs, D B                 USO"
  &lt;hobbs@lbcapo1.uso.unisys.com&gt; on Mar 19, 1998
 
</step></directions></recipe></recipeml>
