<?xml version="1.0" encoding="UTF-8"?>

<recipeml version="0.5">
  <recipe>
    <head>
      <title>Baked Apples a L'orange</title>
      <categories>
        <cat>Dessert</cat>
        <cat>Apple</cat>
        <cat>Fruit</cat>
        <cat>Holidays</cat></categories>
      <yield>6</yield></head>
    <ingredients>
      <ing>
        <amt>
          <qty>6</qty>
          <unit>medium</unit></amt>
        <item>Cooking apples</item></ing>
      <ing>
        <amt>
          <qty>1/4</qty>
          <unit>cups</unit></amt>
        <item>Unsweetened apple juice</item></ing>
      <ing>
        <amt>
          <qty>1/4</qty>
          <unit>cups</unit></amt>
        <item>;water</item></ing>
      <ing>
        <amt>
          <qty>1</qty>
          <unit>tablespoon</unit></amt>
        <item>Lemon juice</item></ing>
      <ing>
        <amt>
          <qty>2</qty>
          <unit/></amt>
        <item>Whole cloves</item></ing>
      <ing>
        <amt>
          <qty>1</qty>
          <unit/></amt>
        <item>(4-inch) stick cinnamon; broken in half</item></ing>
      <ing>
        <amt>
          <qty>1/3</qty>
          <unit>cups</unit></amt>
        <item>Reduced-calorie orange marmalade</item></ing>
      <ing>
        <amt>
          <qty>6</qty>
          <unit>small</unit></amt>
        <item>Gingersnap cookies; crushed</item></ing></ingredients>
    <directions>
      <step>     Core apples to within 1/2 inch from bottom; peel top third of each
  apple.  Place apples in a 12" x 8" x 2" baking dish; add apple juiceand
  next 4 ingredients.  Bake, uncovered, at 350F for 30 minutes, basting often
  with cooking liquid.  Remove apples from oven; spoon equal amounts of
  marmalade into center of each apple, and sprinkle with gingersnap crumbs.
  Bake an additional 5 minutes or until apples are done.
  
  Yield: 6 servings. (127 calories per serving.)
  
  :0.9g protein, 1.9g fat, 29g carbohydrate, 3mg cholesterol, 14mg sodium,
  and 36mg calcium
  
  Source: Southern Living
  
  Courtesy of:
  
  Kathleen's Recipe Swap Page         recipes@ilos.net
  http://www.ilos.net/~q591b4/recipe
  Posted to MM-Recipes Digest  by q591b4@ilos.net on Apr 10, 1998
 
</step></directions></recipe></recipeml>
