<?xml version="1.0" encoding="UTF-8"?>

<recipeml version="0.5">
  <recipe>
    <head>
      <title>Baked Apple and Pear Compote</title>
      <categories>
        <cat>None</cat></categories>
      <yield>6</yield></head>
    <ingredients>
      <ing>
        <amt>
          <qty>4</qty>
          <unit/></amt>
        <item>Tart apples; peeled, cored and cut into quarters or sixths</item></ing>
      <ing>
        <amt>
          <qty/>
          <unit/></amt>
        <item>A handful of raisins</item></ing>
      <ing>
        <amt>
          <qty>3</qty>
          <unit/></amt>
        <item>Ripe but firm pears; peeled, cored and cut into quarters or sixths</item></ing>
      <ing>
        <amt>
          <qty>2</qty>
          <unit>tablespoons</unit></amt>
        <item>Mild-flavored honey</item></ing>
      <ing>
        <amt>
          <qty>3/4</qty>
          <unit>teaspoons</unit></amt>
        <item>Ground cinnamon</item></ing>
      <ing>
        <amt>
          <qty>1/2</qty>
          <unit>teaspoons</unit></amt>
        <item>Ground nutmeg</item></ing>
      <ing>
        <amt>
          <qty>1</qty>
          <unit/></amt>
        <item>Lemon ; juice of</item></ing>
      <ing>
        <amt>
          <qty>3/4</qty>
          <unit>cups</unit></amt>
        <item>Apple juice</item></ing>
      <ing>
        <amt>
          <qty>1</qty>
          <unit>tablespoon</unit></amt>
        <item>Whiskey</item></ing></ingredients>
    <directions>
      <step>  Here is a recipe I got from a new magazine called "New Choices". We had it
  last night and enjoyed it - yum!
  
  Preheat the oven to 375 degrees. Butter a baking dish large enough to hold
  all of the fruit. Place the fruit in the baking dish along with the
  raisins. Drizzle on the honey. Sprinkle on the spices. Mix together the
  lemon juice, apple juice and whiskey. Toss with the fruit. Place in the
  oven and bake for 45 minutes to 1 hour, until the fruit is very soft. Stir
  every 10 to 15 minutes.
  
  Serve either hot or at room temperature.
  Posted to EAT-LF Digest by "Shirley Bumbalough" &lt;sbumbalo@aramco.com&gt; on
  Feb 5, 1998
 
</step></directions></recipe></recipeml>
