<?xml version="1.0" encoding="UTF-8"?>

<recipeml version="0.5">
  <recipe>
    <head>
      <title>Baked Apples (Flack)</title>
      <categories>
        <cat>Desserts</cat>
        <cat>Fruits</cat></categories>
      <yield>6</yield></head>
    <ingredients>
      <ing>
        <amt>
          <qty>6</qty>
          <unit>large</unit></amt>
        <item>Baking apples</item></ing>
      <ing>
        <amt>
          <qty>1/2</qty>
          <unit>teaspoons</unit></amt>
        <item>Cinnamon</item></ing>
      <ing>
        <amt>
          <qty>1/4</qty>
          <unit>teaspoons</unit></amt>
        <item>Nutmeg</item></ing>
      <ing>
        <amt>
          <qty>12</qty>
          <unit>tablespoons</unit></amt>
        <item>Brown sugar</item></ing>
      <ing>
        <amt>
          <qty>1 1/2</qty>
          <unit>teaspoons</unit></amt>
        <item>Butter</item></ing></ingredients>
    <directions>
      <step>  1. Wash and core apples, then remove a 1 inch strip of peel around the
  middle of each apple.
  
  2. Place apples in a 2 quart square baking dish.
  
  3. Mix sugar, and spices in a small bowl.
  
  4. Fill center of each apple with mixture and dot with
      1/4    ts. butter.
  
  5. Add enough water to baking dish to cover the bottom of the dish.
  
  6. Bake uncovered, at 350=F8 until apples are tender. Baste with glaze
  occasionaly.
  
  Serve warm, covered with some of the baking glaze and real whipped cream.
  
  *** 1/2 c of raisins can be added to the sugar and spice mixture. ***
  
  Tip:  McIntosh or Granny Smith apples are great for this.
  
  From the kitchen of Lois FLack.
  Posted to MM-Recipes Digest  by "John Weber" &lt;hdbrer@ibm.net&gt; on Apr 10, 98
 
</step></directions></recipe></recipeml>
