<?xml version="1.0" encoding="UTF-8"?>

<recipeml version="0.5">
  <recipe>
    <head>
      <title>Baked Acorn Squash</title>
      <categories>
        <cat/></categories>
      <yield>100</yield></head>
    <ingredients>
      <ing>
        <amt>
          <qty>PAN:</qty>
          <unit>18</unit></amt>
        <item>BY 26-INCH ROASTING PAN               TEMPERATURE:  350 F. OVEN</item></ing></ingredients>
    <directions>
      <step>  1.  USE ACORN SQUASH; CUT IN HALF; REMOVE SEEDS.
  
  2.  PLACE SQUASH OPEN SIDE UP, ON SHEET PANS (18 BY 26 INCH).
  
  3.  SPRINKLE SALT OVER SQUASH. COMBINE CINNAMON, BROWN SUGAR, MELTED
  BUTTER OR MARGARINE AND WATER; MIX WELL. PLACE ABOUT 2 TSP MIXTURE IN
  CAVITY OF EACH SQUASH HALF. ADD 3 CUPS WATER TO EACH PAN. BAKE
  AT 400 F. 40 MINUTES OR UNTIL TENDER.
  
  NOTE:  OTHER SIZES AND TYPES OF PANS MAY BE USED (SEE RECIPE NO. A02500).
  
  Recipe Number: Q06101
  
  SERVING SIZE: 100
  
  From the &lt;Army Master Recipe Index File&gt; (actually used today!).
  Downloaded from Glen's MM Recipe Archive, http://www.erols.com/hosey.
 
</step></directions></recipe></recipeml>
