<?xml version="1.0" encoding="UTF-8"?>

<recipeml version="0.5">
  <recipe>
    <head>
      <title>Baked Apple Pancake</title>
      <categories>
        <cat>Breakfast</cat>
        <cat>Fruits</cat></categories>
      <yield>2</yield></head>
    <ingredients>
      <ing>
        <amt>
          <qty>1</qty>
          <unit>cup</unit></amt>
        <item>All-purpose flour,sifted</item></ing>
      <ing>
        <amt>
          <qty>1 1/2</qty>
          <unit>teaspoons</unit></amt>
        <item>Ground cinnamon</item></ing>
      <ing>
        <amt>
          <qty>1/3</qty>
          <unit>cups</unit></amt>
        <item>Sugar</item></ing>
      <ing>
        <amt>
          <qty>1/2</qty>
          <unit>teaspoons</unit></amt>
        <item>Sugar</item></ing>
      <ing>
        <amt>
          <qty>2</qty>
          <unit/></amt>
        <item>Green apples (Granny Smith Or pippin), peeled, cored And sliced medium thin</item></ing>
      <ing>
        <amt>
          <qty>1/4</qty>
          <unit>teaspoons</unit></amt>
        <item>Salt</item></ing>
      <ing>
        <amt>
          <qty>1</qty>
          <unit>cup</unit></amt>
        <item>Beer, room temperature</item></ing>
      <ing>
        <amt>
          <qty>2</qty>
          <unit/></amt>
        <item>Egg yolks</item></ing>
      <ing>
        <amt>
          <qty>3</qty>
          <unit>tablespoons</unit></amt>
        <item>Sweet butter</item></ing>
      <ing>
        <amt>
          <qty>4</qty>
          <unit/></amt>
        <item>Egg whites</item></ing>
      <ing>
        <amt>
          <qty>1</qty>
          <unit>tablespoon</unit></amt>
        <item>Vegetable oil</item></ing>
      <ing>
        <amt>
          <qty>1/4</qty>
          <unit>cups</unit></amt>
        <item>Light brown sugar</item></ing>
      <ing>
        <amt>
          <qty>1/2</qty>
          <unit>small</unit></amt>
        <item>Lemon</item></ing></ingredients>
    <directions>
      <step>  Sift together the flour,1 1/2 tsp. sugar and the salt in a large mixing
  bowl.Add beer and stir until smooth.Beat in one yolk,then the other.In a
  separate bowl,beat whites with 1 tbsp. sugar until they form peaks.Fold
  into the batter.Mix together the remaining sugar, light brown sugar and
  cinnamon,reserving 2 tsp.of this mixture. Squeeze lemon over the apples and
  toss with sugar-cinnamon mixture until coated.Heat the butter and oil in a
  9 to 10" oven proof pan or skillet.Pour in half of the batter and cover
  with all apples.Pour in the rest of the batter and bake in a preheated 350
  degree oven,on the middle rack,for 60 minutes or until the apple pancake is
  puffed up and golden.To serve,loosen sides and bottom with a metal spatula,
  sliding onto hot plate.Sprinkle with remaining sugar-cinnamon mixture. Cut
  into wedges.Serves 2 generously.
  
  Posted to MM-Recipes Digest V4 #141 by "John Weber" &lt;hdbrer@ibm.net&gt; on May
  20, 97
 
</step></directions></recipe></recipeml>
