<?xml version="1.0" encoding="UTF-8"?>

<recipeml version="0.5">
  <recipe>
    <head>
      <title>Baked Apples with Squash and Maple Syrup</title>
      <categories>
        <cat>None</cat></categories>
      <yield>8</yield></head>
    <ingredients>
      <ing>
        <amt>
          <qty>1 1/2</qty>
          <unit>pounds</unit></amt>
        <item>Butternut squash peeled seeded, quartered lengthwise and cut into 1/4" slices</item></ing>
      <ing>
        <amt>
          <qty>1 1/4</qty>
          <unit>pounds</unit></amt>
        <item>Granny Smith apples peeled, cored, quartered cut into 1/4" slices</item></ing>
      <ing>
        <amt>
          <qty>1/4</qty>
          <unit>cups</unit></amt>
        <item>Dried currants</item></ing>
      <ing>
        <amt>
          <qty>1</qty>
          <unit>pinch</unit></amt>
        <item>Nutmeg</item></ing>
      <ing>
        <amt>
          <qty/>
          <unit/></amt>
        <item>Salt and pepper to taste</item></ing>
      <ing>
        <amt>
          <qty>1/3</qty>
          <unit>cups</unit></amt>
        <item>Maple syrup</item></ing>
      <ing>
        <amt>
          <qty>1/4</qty>
          <unit/></amt>
        <item>Stick butter</item></ing>
      <ing>
        <amt>
          <qty>2</qty>
          <unit>teaspoons</unit></amt>
        <item>Fresh lemon juice</item></ing></ingredients>
    <directions>
      <step>  Recipe By: Sun-Sentinal   11/17/96
  
  Preheat oven to 350 degrees.  Cook squash in boiling water until almost
  tender, approximately 3 to 4 minutes. Drain well.  Combine apples,  squash
  and currants and season with the nutmeg, salt and pepper.  Combine maple
  syrup,  butter and lemon juice in a small pan and whisk over low heat until
  butter melts.  Pour over squash mixture and toss to coat evenly. Place in a
  large, buttered baking dish. Bake until very tender,  stirring
  occasionally,  approximately 1 hour. Serves 8.
  
  Posted to MC-Recipe Digest V1 #312
  
  Date: Mon, 25 Nov 1996 09:50:15 -0400
  
  From: Ed Reinhardt &lt;edr@gate.net&gt;
 
</step></directions></recipe></recipeml>
