<?xml version="1.0" encoding="UTF-8"?>

<recipeml version="0.5">
  <recipe>
    <head>
      <title>Baked Apple Pudding</title>
      <categories>
        <cat>None</cat></categories>
      <yield>1</yield></head>
    <ingredients>
      <ing>
        <amt>
          <qty>1/2</qty>
          <unit>cups</unit></amt>
        <item>Shortening</item></ing>
      <ing>
        <amt>
          <qty>2</qty>
          <unit>cups</unit></amt>
        <item>Sugar</item></ing>
      <ing>
        <amt>
          <qty>2</qty>
          <unit/></amt>
        <item>Eggs</item></ing>
      <ing>
        <amt>
          <qty>2 1/4</qty>
          <unit>cups</unit></amt>
        <item>All-purpose flour</item></ing>
      <ing>
        <amt>
          <qty>2</qty>
          <unit>teaspoons</unit></amt>
        <item>Baking soda</item></ing>
      <ing>
        <amt>
          <qty>1/2</qty>
          <unit>teaspoons</unit></amt>
        <item>Salt</item></ing>
      <ing>
        <amt>
          <qty>2</qty>
          <unit>teaspoons</unit></amt>
        <item>Ground cinnamon</item></ing>
      <ing>
        <amt>
          <qty>1 1/2</qty>
          <unit>teaspoons</unit></amt>
        <item>Ground nutmeg</item></ing>
      <ing>
        <amt>
          <qty>4</qty>
          <unit>cups</unit></amt>
        <item>Applesauce</item></ing>
      <ing>
        <amt>
          <qty>1</qty>
          <unit>cup</unit></amt>
        <item>Firmly packed brown sugar</item></ing>
      <ing>
        <amt>
          <qty>1</qty>
          <unit>cup</unit></amt>
        <item>Chopped pecans or walnuts</item></ing>
      <ing>
        <amt>
          <qty>2</qty>
          <unit>tablespoons</unit></amt>
        <item>Butter or margarine</item></ing>
      <ing>
        <amt>
          <qty/>
          <unit/></amt>
        <item>Whipped cream or vanilla ice cream</item></ing></ingredients>
    <directions>
      <step>  Cream shortening; gradually add 2 cups sugar, beating well at medium speed
  of an electric mixer. Add eggs, one at a time, beating well after each
  addition.
  
  Combine flour and next 4 ingredients in a medium bowl; stir well. Add flour
  mixture to creamed mixture alternately wity applesauce, beginning and
  ending with flour mixture. Mix well after each addition. (Mixture will be
  very wet.)
  
  Pour batter into a greased and floured 13 x 9 x 2-inch baking pan.
  
  Combine 1 cup brown sugar, pecans, and butter in a small bowl; mix well
  with a fork. Sprinkle brown sugar mixture over batter, lightly pressing
  into batter.
  
  Bake at 350 degrees for 45 to 55 minutes, or until a wooden pick inserted
  in center comes out clean.
  
  To serve, cut into squares; invert each square onto a dessert plate. Serve
  warm topped with whipped cream or ice cream.
  
  Recipe taken from *A 1992 Hometown Collection -- America's Best Recipes*
  Recipe submitted by Janet Trowbridge and originally included in *Holladay
  7th Ward Cookbook*
  
  Posted to Bakery-Shoppe Digest V1 #191 by alyag@juno.com (Gayle L.) on Aug
  16, 1997
 
</step></directions></recipe></recipeml>
