<?xml version="1.0" encoding="UTF-8"?>

<recipeml version="0.5">
  <recipe>
    <head>
      <title>Baked Apples</title>
      <categories>
        <cat>Import</cat></categories>
      <yield>4</yield></head>
    <ingredients>
      <ing>
        <amt>
          <qty>1/2</qty>
          <unit>cups</unit></amt>
        <item>Pecan halves</item></ing>
      <ing>
        <amt>
          <qty>1/4</qty>
          <unit>cups</unit></amt>
        <item>Sugar</item></ing>
      <ing>
        <amt>
          <qty>1/2</qty>
          <unit>teaspoons</unit></amt>
        <item>Ground cinnamon</item></ing>
      <ing>
        <amt>
          <qty>4</qty>
          <unit/></amt>
        <item>Baking apples; such as rome or macintosh</item></ing>
      <ing>
        <amt>
          <qty/>
          <unit/></amt>
        <item>Lemon juice to taste</item></ing>
      <ing>
        <amt>
          <qty>1</qty>
          <unit>teaspoon</unit></amt>
        <item>Grated lemon peel</item></ing>
      <ing>
        <amt>
          <qty>1/3</qty>
          <unit>cups</unit></amt>
        <item>Unsalted butter melted; plus</item></ing>
      <ing>
        <amt>
          <qty>3</qty>
          <unit>tablespoons</unit></amt>
        <item>Unsalted butter; cut into pieces</item></ing>
      <ing>
        <amt>
          <qty>1/4</qty>
          <unit>cups</unit></amt>
        <item>Dark brown sugar; packed</item></ing>
      <ing>
        <amt>
          <qty>1/4</qty>
          <unit>cups</unit></amt>
        <item>Raisins (or sultanas)</item></ing>
      <ing>
        <amt>
          <qty>4</qty>
          <unit>small</unit></amt>
        <item>Cinnamon sticks</item></ing>
      <ing>
        <amt>
          <qty/>
          <unit/></amt>
        <item>Apple cider</item></ing>
      <ing>
        <amt>
          <qty/>
          <unit/></amt>
        <item>Cream as an accompaniment if desired</item></ing></ingredients>
    <directions>
      <step>  Preheat the oven to 375 degrees. Place the pecans, sugar, and cinnamon in a
  food processor and process until finely chopped. Transfer to a bowl.
  
  Core and peel the apples. Sprinkle the insides with lemon juice. Brush the
  outsides well with lemon juice. Brush the apples with the melted butter.
  Press the nut mixture evenly onto the apples. Transfer to a shallow baking
  dish. Combine the brown sugar with the cut-up butter in a small bowl. Work
  with a fork to mix. Add the raisins and mix with your fingers. Fill the
  apples with this mixture. Tuck a cinnamon stick into the top of each.
  Drizzle any remaining melted butter over the tops.
  
  Pour 1/4-inch apple cider into the dish. Bake the apples until tender,
  about 1 hour. Let cool on a rack for 15 minutes. Transfer the apples to
  individual shallow bowls. Spoon the juices around the apples and serve
  while still warm, or at room temperature, with cream on the side.
  
  Yield: 4 servings
  
  Formatted by suechef@sover.net
  
  Recipe by: DEAN FEARING #HE1A04
  
  Posted to MC-Recipe Digest V1 #791 by Sue &lt;suechef@sover.net&gt; on Sep 19,
  1997
 
</step></directions></recipe></recipeml>
