<?xml version="1.0" encoding="UTF-8"?>

<recipeml version="0.5">
  <recipe>
    <head>
      <title>Baked Apples with Apricot and Walnut Filling</title>
      <categories>
        <cat>Desserts</cat></categories>
      <yield>2</yield></head>
    <ingredients>
      <ing>
        <amt>
          <qty>1/4</qty>
          <unit>cups</unit></amt>
        <item>Apricots;dried, firmly packed, chopped</item></ing>
      <ing>
        <amt>
          <qty>1/4</qty>
          <unit>cups</unit></amt>
        <item>Walnuts; chopped</item></ing>
      <ing>
        <amt>
          <qty>1/4</qty>
          <unit>cups</unit></amt>
        <item>Light brown sugar; packed</item></ing>
      <ing>
        <amt>
          <qty>1</qty>
          <unit>tablespoon</unit></amt>
        <item>Unsalted butter; softened</item></ing>
      <ing>
        <amt>
          <qty>2</qty>
          <unit/></amt>
        <item>Granny Smith apples</item></ing>
      <ing>
        <amt>
          <qty>1/4</qty>
          <unit>cups</unit></amt>
        <item>Orange juice; fresh</item></ing></ingredients>
    <directions>
      <step>   In a small bowl combine well the apricots, the walnuts, the brown sugar,
  and the butter. Core the apples, making each opening large enough to hold
  half the apricot mixture, peel the top third of each apple, and fill the
  cavities with the apricot mixture. Arrange the apples in a deep 2 1/2-quart
  microwave-safe baking dish so that they do not touch one another or the
  sides of the dish, pour the orange juice around them, and microwave the
  apples on high power (lOO%), covered with micro wave-safe plastic wrap, for
  7 minutes. Pierce the plastic wrap with the tip of a sharp knife and let
  the apples stand covered, for 5 minutes, or until they are tender.
  Posted to MM-Recipes Digest  by "John Weber" &lt;hdbrer@ibm.net&gt; on Apr 10, 98
 
</step></directions></recipe></recipeml>
