<?xml version="1.0" encoding="UTF-8"?>

<recipeml version="0.5">
  <recipe>
    <head>
      <title>Baked Apples with Raisins</title>
      <categories>
        <cat>Fruits</cat>
        <cat>Desserts</cat>
        <cat>Diabetic</cat>
        <cat>Low-fat/cal</cat></categories>
      <yield>2</yield></head>
    <ingredients>
      <ing>
        <amt>
          <qty>2</qty>
          <unit/></amt>
        <item>Apples</item></ing>
      <ing>
        <amt>
          <qty/>
          <unit/></amt>
        <item>Orange juice</item></ing>
      <ing>
        <amt>
          <qty>1</qty>
          <unit>tablespoon</unit></amt>
        <item>Raisins</item></ing>
      <ing>
        <amt>
          <qty/>
          <unit/></amt>
        <item>Pinch ground cinnamon</item></ing></ingredients>
    <directions>
      <step>  Peel and core the apples.  Coat with the orange juice on the outer
  surface. Stuff with the raisins.  Sprinkle on the cinnamon.  Place in
  Pyrex baking cups.  Bake in a 350 F oven 25 to 30 minutes or until
  fork pierces surface easily.  Serve warm or cold.
  
  1 apple - 74 calories, 1 1/2 fruit exchange 19 grams carbohydrate, 0
  protein, 0 fat, 0 sodium, 105 potassium, 0 cholesterol
  
  Source:  Am. Diabetes Assoc. Holiday Cookbook by Betty Wedman, 1986
  Shared but not tested by Elizabeth Rodier.
  
  My note:  Apples may be baked in the microwave until soft.
  
  File ftp://ftp.idiscover.co.uk/pub/food/mealmaster/recipes/diabetic.zip
 
</step></directions></recipe></recipeml>
