<?xml version="1.0" encoding="UTF-8"?>

<recipeml version="0.5">
  <recipe>
    <head>
      <title>Bake-A-Roux</title>
      <categories>
        <cat>Seasoning</cat></categories>
      <yield>1</yield></head>
    <ingredients>
      <ing>
        <amt>
          <qty>8</qty>
          <unit>cups</unit></amt>
        <item>All-purpose flour</item></ing>
      <ing>
        <amt>
          <qty>4</qty>
          <unit>cups</unit></amt>
        <item>Cooking oil</item></ing></ingredients>
    <directions>
      <step>  Mix flour and oil together in a heavy ovenproof container. Place on center
  shelf in preheated 400ø oven.  Bake at this temperature for 1-1/2 to 2
  hours. Set timer, and stir roux every 15 minutes. Roux should be a caramel
  color when done. Remove from oven, cool, transfer to containers with
  tight-fitting lids and store in refrigerator until need ed. Roux may also
  be frozen. Yield: enough roux for 4 to 6 pots of gumbo.
  
  MAKES 1 RECIPE, ENOUGH FOR 4-6
  
  POTS OF GUMBO!
  
  From &lt;The Progressive Farmer's Southern Country Cookbook&gt;, by the editors
  of the 'Progressive Farmer Magazine'.  Downloaded from Glen's MM Recipe
  Archive, http://www.erols.com/hosey.
 
</step></directions></recipe></recipeml>
