<?xml version="1.0" encoding="UTF-8"?>

<recipeml version="0.5">
  <recipe>
    <head>
      <title>Baked Apples #2</title>
      <categories>
        <cat>Dessert</cat></categories>
      <yield>6</yield></head>
    <ingredients>
      <ing>
        <amt>
          <qty>6</qty>
          <unit/></amt>
        <item>Baking apples</item></ing>
      <ing>
        <amt>
          <qty>1</qty>
          <unit>cup</unit></amt>
        <item>Sugar</item></ing>
      <ing>
        <amt>
          <qty>2</qty>
          <unit>tablespoons</unit></amt>
        <item>Flour</item></ing>
      <ing>
        <amt>
          <qty>1</qty>
          <unit>teaspoon</unit></amt>
        <item>Cinnamon</item></ing>
      <ing>
        <amt>
          <qty>1</qty>
          <unit>dash</unit></amt>
        <item>Salt</item></ing>
      <ing>
        <amt>
          <qty/>
          <unit/></amt>
        <item>Butter</item></ing></ingredients>
    <directions>
      <step>  Wash and core apples; do not peel. Place in shallow baking dish: add water
  to 1/2 depth. Bake for 30 minutes at 350 degrees. Remove from oven. Mix
  flour, sugar, cinnamon, salt with enough water to make a smooth paste. Fill
  core cavity with butter, pour sauce over apples and bake another 20
  minutes.
  
  From &lt;A Taste of Louisiana&gt;.  Downloaded from Glen's MM Recipe Archive,
  http://www.erols.com/hosey.
 
</step></directions></recipe></recipeml>
