<?xml version="1.0" encoding="UTF-8"?>

<recipeml version="0.5">
  <recipe>
    <head>
      <title>Baked Acorn Squash with Pear and Apple</title>
      <categories>
        <cat>None</cat></categories>
      <yield>1</yield></head>
    <ingredients>
      <ing-div>
        <title/>
        <ing>
          <amt>
            <qty>2</qty>
            <unit>medium</unit></amt>
          <item>Acorn squash; halved and seeded</item></ing></ing-div>
      <ing-div>
        <title>FRUIT</title>
        <ing>
          <amt>
            <qty>2</qty>
            <unit>large</unit></amt>
          <item>Apples; peeled, cored and diced</item></ing>
        <ing>
          <amt>
            <qty>1</qty>
            <unit/></amt>
          <item>Ripe pear; peeled, cored and diced</item></ing>
        <ing>
          <amt>
            <qty>1/4</qty>
            <unit>cups</unit></amt>
          <item>Dried currrants or raisins</item></ing>
        <ing>
          <amt>
            <qty>2</qty>
            <unit>tablespoons</unit></amt>
          <item>Packed dark brown sugar</item></ing>
        <ing>
          <amt>
            <qty/>
            <unit/></amt>
          <item>Grated zest of 1 small orange</item></ing>
        <ing>
          <amt>
            <qty>1/4</qty>
            <unit>teaspoons</unit></amt>
          <item>Ground cinnamon</item></ing>
        <ing>
          <amt>
            <qty>1/8</qty>
            <unit>teaspoons</unit></amt>
          <item>Freshly grated or ground nutmeg</item></ing></ing-div>
      <ing-div>
        <title>REST</title>
        <ing>
          <amt>
            <qty>2</qty>
            <unit>tablespoons</unit></amt>
          <item>Butter</item></ing>
        <ing>
          <amt>
            <qty>1/4</qty>
            <unit>cups</unit></amt>
          <item>Apple cider or orange juice</item></ing>
        <ing>
          <amt>
            <qty>1</qty>
            <unit>tablespoon</unit></amt>
          <item>Bourbon or dark rum; optional</item></ing></ing-div></ingredients>
    <directions>
      <step>  Preparation time: 15 minutes Cooking time: 1 hour 10 minutes Yield: 4
  servings
  
  Adapted from the "Joy of Cooking" by Irma S. Rombauer, Marion Rombauer
  Becker and Ethan Becker (copyright 1997 Simon &amp; Schuster, $30) Preheat the
  oven to 325. Butter a baking pan. Place squash cut side down in the baking
  pan. Add 1/4 inch hot water to the pan. Bake for 45 minutes.
  
  Meanwhile, mix in a medium bowl the "fruit".
  
  Heat butter in a large skillet over medium heat until melted. Add the apple
  mixture and cook until the fruit is golden brown, about 5 minutes. Stir in
  cider and bourbon.
  
  Simmer, stirring often, until the fruit is tender, about 8 minutes. Remove
  the squash from the oven; pour off the water from the pan and turn the
  squash cut side up. Fill the squash with the apple mixture. Bake until the
  squash is tender, about 15 minutes more.
  
  Nutrition information per serving: Calories ........ 265 Sodium ....... 70
  mg Fat ........ 7 g Carbohydrates .. 55 g Cholesterol .. 16 mg Protein ....
        2    Baked Acorn Squash
  
  Posted to TNT - Prodigy's Recipe Exchange Newsletter  by Roserairie@aol.com
  on Nov 10, 1997
 
</step></directions></recipe></recipeml>
