<?xml version="1.0" encoding="UTF-8"?>

<recipeml version="0.5">
  <recipe>
    <head>
      <title>Baked Apples - Crockpot Style</title>
      <categories>
        <cat>None</cat></categories>
      <yield>1</yield></head>
    <ingredients>
      <ing>
        <amt>
          <qty>2</qty>
          <unit>tablespoons</unit></amt>
        <item>Raisins</item></ing>
      <ing>
        <amt>
          <qty>1/4</qty>
          <unit>cups</unit></amt>
        <item>Sugar</item></ing>
      <ing>
        <amt>
          <qty>1</qty>
          <unit>teaspoon</unit></amt>
        <item>Cinnamon</item></ing>
      <ing>
        <amt>
          <qty>6</qty>
          <unit>medium</unit></amt>
        <item>Baking apples; washed and cored, (up to 8)</item></ing>
      <ing>
        <amt>
          <qty>2</qty>
          <unit>tablespoons</unit></amt>
        <item>Butter</item></ing></ingredients>
    <directions>
      <step>  Notes: By Pepper Klitsch, Palmerton. The Times News, PA.
  
  Mix raisins and sugar; fill center of apples. Sprinkle with cinnamon and
  dot with butter. Put in crockpot; add 1/2 cup water. Cover; cook on low 7
  to 9 hours. (High: 3 to 4 hours.)
  
  Posted to recipelu-digest by ncanty@juno.com (Nadia I Canty) on Mar 6, 1998
 
</step></directions></recipe></recipeml>
