<?xml version="1.0" encoding="UTF-8"?>

<recipeml version="0.5">
  <recipe>
    <head>
      <title>Bake-And-Take Peach Coffeecake</title>
      <categories>
        <cat>All newly t</cat>
        <cat>Breakfast</cat>
        <cat>Dessert</cat></categories>
      <yield>1</yield></head>
    <ingredients>
      <ing-div>
        <title/>
        <ing>
          <amt>
            <qty>4</qty>
            <unit>cups</unit></amt>
          <item>Flour</item></ing>
        <ing>
          <amt>
            <qty>2</qty>
            <unit>cups</unit></amt>
          <item>Sugar</item></ing>
        <ing>
          <amt>
            <qty>2</qty>
            <unit>large</unit></amt>
          <item>Eggs</item></ing>
        <ing>
          <amt>
            <qty>4</qty>
            <unit>teaspoons</unit></amt>
          <item>Baking powder</item></ing>
        <ing>
          <amt>
            <qty>1/2</qty>
            <unit>cups</unit></amt>
          <item>Butter or margarine</item></ing>
        <ing>
          <amt>
            <qty>4</qty>
            <unit>tablespoons</unit></amt>
          <item>Milk or cream</item></ing>
        <ing>
          <amt>
            <qty>3</qty>
            <unit>pounds</unit></amt>
          <item>Sliced peaches</item></ing></ing-div>
      <ing-div>
        <title>TOPPING</title>
        <ing>
          <amt>
            <qty>1 1/2</qty>
            <unit>cups</unit></amt>
          <item>Flour</item></ing>
        <ing>
          <amt>
            <qty>1/2</qty>
            <unit>cups</unit></amt>
          <item>Butter or margarine</item></ing>
        <ing>
          <amt>
            <qty>1</qty>
            <unit>cup</unit></amt>
          <item>Sugar</item></ing></ing-div></ingredients>
    <directions>
      <step>  Mix together flour, sugar, eggs, baking powder, butter and milk with hands
  to make a smooth dough. If dough does not stick together, add 1-3
  tablespoons more milk. Put three quarters of the dough mixture into a
  greased 12x18 inch edged cookie sheet or jelly roll pan. Roll with rolling
  pin or press with hands to cover entire pan including edges. Cover dough
  with peaches and sprinkle with a little sugar.
  
  To make topping, combine flour, butter and sugar into a crumb mixture.
  Sprinkle over dough. Roll rest of dough into strips and cover peaches with
  a lattice top. (I have put the crumbs on the peaches and also the strips
  over the peaches and then the crumbs. I also added a little almond
  flavoring to the peaches.) Bake at 350 for 40-50 minutes.
  
  Recipe by: Quick n Easy June 1997 Posted to MC-Recipe Digest V1 #644 by
  L979@aol.com on Jun 12, 1997
 
</step></directions></recipe></recipeml>
