<?xml version="1.0" encoding="UTF-8"?>

<recipeml version="0.5">
  <recipe>
    <head>
      <title>Baked Acorn Squash Rings</title>
      <categories>
        <cat>Digest</cat>
        <cat>Fatfree</cat></categories>
      <yield>2</yield></head>
    <ingredients>
      <ing>
        <amt>
          <qty>1</qty>
          <unit/></amt>
        <item>Acorn squash (about 1/2 pound)</item></ing>
      <ing>
        <amt>
          <qty>1</qty>
          <unit>teaspoon</unit></amt>
        <item>Maple syrup</item></ing>
      <ing>
        <amt>
          <qty>1/4</qty>
          <unit>teaspoons</unit></amt>
        <item>Ground cinnamon</item></ing>
      <ing>
        <amt>
          <qty>1</qty>
          <unit>teaspoon</unit></amt>
        <item>Water</item></ing>
      <ing>
        <amt>
          <qty>1</qty>
          <unit/></amt>
        <item>Apple, cored and sliced (optional)</item></ing></ingredients>
    <directions>
      <step>  Wash the squash, then slice it crosswise into 1/4-inch rings. Remove the
  seeds and pulp.  Layer the rings in a casserole dish, top with maple syrup,
  dust on cinnamon and sprinkle with water. (As an added touch, slices of
  apple can be placed in layers alternating with the squash rings.) Bake,
  covered, in a preheated oven at 275 degrees for about 30 minutes. The
  timing and temperature are not critical, so this can bake along with other
  dinner dishes.
  
  Calories: 72 Fat: 0.2 gm 2% fat
  
  This recipe is taken from the Stop the Insanity recipe book by Susan
  Powter.
  
  Shared by Ellen Kehrbaum From Genie F&amp;W Library FFD9403.TXT Recipes from
  the Fat Free Digest From Fatfree Digest April-May 1994, Formatting by Sue
  Smith (using MMCONV)
  
  File ftp://ftp.idiscover.co.uk/pub/food/mealmaster/recipes/fatfreex.zip
 
</step></directions></recipe></recipeml>
