<?xml version="1.0" encoding="UTF-8"?>

<recipeml version="0.5">
  <recipe>
    <head>
      <title>Baked Apples with Dried Cherries and Maple Cara</title>
      <categories>
        <cat>Apples</cat>
        <cat>Desserts</cat>
        <cat>Sauces</cat>
        <cat>Alcohol</cat>
        <cat>Fruits</cat></categories>
      <yield>4</yield></head>
    <ingredients>
      <ing-div>
        <title>BILLS20086</title>
        <ing>
          <amt>
            <qty>3/4</qty>
            <unit>cups</unit></amt>
          <item>Dried tart cherries</item></ing>
        <ing>
          <amt>
            <qty>1/4</qty>
            <unit>cups</unit></amt>
          <item>Cherry flavored brandy</item></ing>
        <ing>
          <amt>
            <qty>4</qty>
            <unit/></amt>
          <item>Gala apples; peel, core, halved</item></ing></ing-div>
      <ing-div>
        <title>SAUCE</title>
        <ing>
          <amt>
            <qty>1/2</qty>
            <unit>cups</unit></amt>
          <item>Brown sugar; packed</item></ing>
        <ing>
          <amt>
            <qty>1/2</qty>
            <unit>cups</unit></amt>
          <item>Pure maple syrup</item></ing>
        <ing>
          <amt>
            <qty>1/2</qty>
            <unit>cups</unit></amt>
          <item>Unsalted butter</item></ing>
        <ing>
          <amt>
            <qty/>
            <unit/></amt>
          <item>Vanilla frozen yogurt</item></ing></ing-div></ingredients>
    <directions>
      <step>  Combine cherries and cherry brandy in a small bowl. Let stand until
  cherries plump, about 20 minutes. Preheat oven to 350~. Using melon baller,
  hollow center of each apple half. Arrange apples, cut side up, in glass
  baking dish. Fill centers with cherry mixture, dividing evenly. Combine
  brown sugar, maple syrup, and butter in heavy saucepan. Bring to a simmer,
  stirring until melted. Drizzle sauce over and around apples. Bake apples
  until tender, basting frequently with sauce, about 55 minutes. Arrange
  apples on plates. Place scoop of vanilla yogurt alongside. Drizzle sauce
  over and serve.
  
  From Gemini's MASSIVE MealMaster collection at www.synapse.com/~gemini
 
</step></directions></recipe></recipeml>
