<?xml version="1.0" encoding="UTF-8"?>

<recipeml version="0.5">
  <recipe>
    <head>
      <title>Apple Sour Cream Cake</title>
      <categories>
        <cat>Cakes</cat></categories>
      <yield>12</yield></head>
    <ingredients>
      <ing-div>
        <title/>
        <ing>
          <amt>
            <qty>1/2</qty>
            <unit>cups</unit></amt>
          <item>Walnuts; chopped</item></ing>
        <ing>
          <amt>
            <qty>1</qty>
            <unit>teaspoon</unit></amt>
          <item>Cinnamon</item></ing>
        <ing>
          <amt>
            <qty>1/2</qty>
            <unit>cups</unit></amt>
          <item>Sugar</item></ing>
        <ing>
          <amt>
            <qty>1/2</qty>
            <unit>cups</unit></amt>
          <item>Butter</item></ing>
        <ing>
          <amt>
            <qty>1</qty>
            <unit>cup</unit></amt>
          <item>Sugar</item></ing>
        <ing>
          <amt>
            <qty>2</qty>
            <unit>cups</unit></amt>
          <item>All-Purpose Flour</item></ing>
        <ing>
          <amt>
            <qty>1</qty>
            <unit>cup</unit></amt>
          <item>Sour Cream</item></ing>
        <ing>
          <amt>
            <qty>2</qty>
            <unit/></amt>
          <item>Whole Eggs</item></ing>
        <ing>
          <amt>
            <qty>1</qty>
            <unit>teaspoon</unit></amt>
          <item>Baking Powder</item></ing>
        <ing>
          <amt>
            <qty>1</qty>
            <unit>teaspoon</unit></amt>
          <item>Baking Soda</item></ing>
        <ing>
          <amt>
            <qty>1</qty>
            <unit>teaspoon</unit></amt>
          <item>Vanilla Extract</item></ing>
        <ing>
          <amt>
            <qty>1 1/2</qty>
            <unit>cups</unit></amt>
          <item>Apples; finely chopped</item></ing></ing-div>
      <ing-div>
        <title>CINNAMON GLAZE</title>
        <ing>
          <amt>
            <qty>3/4</qty>
            <unit>cups</unit></amt>
          <item>Brown Sugar; Packed</item></ing>
        <ing>
          <amt>
            <qty>2</qty>
            <unit>tablespoons</unit></amt>
          <item>Butter</item></ing>
        <ing>
          <amt>
            <qty>1/2</qty>
            <unit>teaspoons</unit></amt>
          <item>Cinnamon</item></ing>
        <ing>
          <amt>
            <qty>1/3</qty>
            <unit>cups</unit></amt>
          <item>Evaporated Milk; hot</item></ing></ing-div></ingredients>
    <directions>
      <step>  Combine nuts, cinnamon and 1/2 cup sugar in small bowl; set aside. In large
  bowl, cream butter and 1 cup sugar until light and fluffy. Add flour, sour
  cream, eggs, baking powder, baking soda and vanilla. Beat for 3 minutes.
  Prepare the apples (peeled) and set aside. Grease and lightly flour a
  fluted cake pan. Spread half the batter in pan; sprinkle with half the nut
  mixture, then chopped apples. Sprinkle remaining nut mixture over apples
  then spread remaining batter over top. Bake at 350 degrees for 60 minutes
  or until cake begins to pull away from sides of pan. Make glaze by putting
  all ingredients in blender (make sure milk is hot) covering and processing
  on high until sugar is dissolved; set aside. Cool cake slightly on rack
  then remove from pan. Drizzle the glaze over cake. Yields: about 12-16
  servings. &gt;From The Best Of Country Cooking. JO Merrill
  
  Recipe by: Jo Merrill
  
  Posted to MC-Recipe Digest V1 #777 by Nancy Berry &lt;nlberry@prodigy.net&gt; on
  Sep 09, 1997
 
</step></directions></recipe></recipeml>
