<?xml version="1.0" encoding="UTF-8"?>

<recipeml version="0.5">
  <recipe>
    <head>
      <title>Apple Sausage Breakfast Ring</title>
      <categories>
        <cat>Breakfast</cat>
        <cat>Sauces</cat></categories>
      <yield>6</yield></head>
    <ingredients>
      <ing>
        <amt>
          <qty>2</qty>
          <unit>pounds</unit></amt>
        <item>Lean unflavored bulk sausage</item></ing>
      <ing>
        <amt>
          <qty>2</qty>
          <unit/></amt>
        <item>Lg, eggs</item></ing>
      <ing>
        <amt>
          <qty>1 1/2</qty>
          <unit>cups</unit></amt>
        <item>Crushed butter crackers (Ritz or HiHo)</item></ing>
      <ing>
        <amt>
          <qty>1</qty>
          <unit/></amt>
        <item>Grated apple, peeled</item></ing>
      <ing>
        <amt>
          <qty>1/2</qty>
          <unit>cups</unit></amt>
        <item>Minced onion</item></ing>
      <ing>
        <amt>
          <qty>1/4</qty>
          <unit>cups</unit></amt>
        <item>Milk</item></ing></ingredients>
    <directions>
      <step>  Combine all ingredients, mix well and press into a ring mold lined with wax
  paper or plastic wrap. Chill overnight.
  
  Unmold, removing paper. place onto baking sheet with raised edges. Bake at
      300    degrees for 1 hour.
  
  Suggestion: Fill center ring with scrambled eggs before serving.
  
  A breakfast favorite for holidays.
  
  Food &amp; Wine RT [*] Category 2, Topic 10 Message 11 Wed Dec 23, 1992 S.LECK
  [LittleBear]          at 11:01 EST
  
  MM by QBTOMM and Sylvia Steiger, GEnie THE.STEIGERS, CI$ 71511,2253, GT
  Cookbook echo moderator, net/node 004/005
  
  From Gemini's MASSIVE MealMaster collection at www.synapse.com/~gemini
 
</step></directions></recipe></recipeml>
