<?xml version="1.0" encoding="UTF-8"?>

<recipeml version="0.5">
  <recipe>
    <head>
      <title>Apple Sauce Irish Soda Bread (Motts)</title>
      <categories>
        <cat>Breads</cat>
        <cat>Brandname</cat>
        <cat>Reduced fat</cat></categories>
      <yield>16</yield></head>
    <ingredients>
      <ing>
        <amt>
          <qty>3</qty>
          <unit>cups</unit></amt>
        <item>All-purpose flour</item></ing>
      <ing>
        <amt>
          <qty>1</qty>
          <unit>tablespoon</unit></amt>
        <item>Sugar</item></ing>
      <ing>
        <amt>
          <qty>2</qty>
          <unit>teaspoons</unit></amt>
        <item>Baking soda</item></ing>
      <ing>
        <amt>
          <qty>1</qty>
          <unit>teaspoon</unit></amt>
        <item>Salt</item></ing>
      <ing>
        <amt>
          <qty>1</qty>
          <unit>cup</unit></amt>
        <item>Low fat buttermilk</item></ing>
      <ing>
        <amt>
          <qty>1/2</qty>
          <unit>cups</unit></amt>
        <item>Unsweetened Apple Sauce</item></ing>
      <ing>
        <amt>
          <qty>2</qty>
          <unit>tablespoons</unit></amt>
        <item>Margarine; melted</item></ing>
      <ing>
        <amt>
          <qty>1/2</qty>
          <unit>cups</unit></amt>
        <item>Raisins</item></ing></ingredients>
    <directions>
      <step>  Preheat oven to 375F. Spray 8 inch round baking pan with nonstick cooking
  spray.
  
  In large bowl, combine flour, sugar, baking soda and salt.
  
  In small bowl, combine buttermilk, apple sauce and margarine. Add apple
  sauce mixture to flour mixture, stir until mixture forms a ball.
  
  Turn out dough onto well-floured surface, knead raisins into dough. Pat
  into 7 inch round. Place dough into prepared pan. Cut cross in top of
  dough, 1/4 inch deep, with tip of sharp knife. Brush top of dough with
  milk.
  
  Bake 35 minutes or until toothpick inserted in center comes out clean. Cool
  in pan 10 minutes. Invert onto wire rack; turn right side up. Cool
  completely. Cut into 16 wedges.
  
  Notes: Pantry: Mott's Natural Apple Sauce. (PER SERVING: 130 calories, 2.0
  grams of fat, 270 mg sodium, 0 mg cholesterol, 13% calories from fat)
  
  &gt;Hanneman/Buster 1998-Apr
  
  Recipe by: Motts Applesauce www.motts.com
  
  Posted to MC-Recipe Digest by KitPATh &lt;phannema@wizard.ucr.edu&gt; on Apr 18,
  1998
 
</step></directions></recipe></recipeml>
