<?xml version="1.0" encoding="UTF-8"?>

<recipeml version="0.5">
  <recipe>
    <head>
      <title>Apple Slice Cake</title>
      <categories>
        <cat>Digest</cat>
        <cat>Oct.</cat>
        <cat>Dessert</cat>
        <cat>Ovo</cat>
        <cat>Fatfree</cat></categories>
      <yield>1</yield></head>
    <ingredients>
      <ing>
        <amt>
          <qty>1/8</qty>
          <unit>cups</unit></amt>
        <item>Frozen apple juice</item></ing>
      <ing>
        <amt>
          <qty/>
          <unit/></amt>
        <item>Concentrate</item></ing>
      <ing>
        <amt>
          <qty>1/2</qty>
          <unit>cups</unit></amt>
        <item>Sugar</item></ing>
      <ing>
        <amt>
          <qty>1</qty>
          <unit/></amt>
        <item>Egg white</item></ing>
      <ing>
        <amt>
          <qty>1</qty>
          <unit>cup</unit></amt>
        <item>Flour</item></ing>
      <ing>
        <amt>
          <qty>1</qty>
          <unit>teaspoon</unit></amt>
        <item>Baking powder</item></ing>
      <ing>
        <amt>
          <qty>1</qty>
          <unit>teaspoon</unit></amt>
        <item>Cinnamon</item></ing>
      <ing>
        <amt>
          <qty>1</qty>
          <unit>teaspoon</unit></amt>
        <item>Ginger</item></ing>
      <ing>
        <amt>
          <qty>1/4</qty>
          <unit>teaspoons</unit></amt>
        <item>Salt</item></ing></ingredients>
    <directions>
      <step>  Cream apple juice concentrate, sugar and egg. Add dry ingredients, mix, and
  put into a 9" round non-stick baking dish. (If the mixture is not smooth
  like cake batter, add up to 1/8 cup water.)
  
  Bake 15-20 minutes at 350.
  
  When baked and almost cool, slice in half and fill with softened apple
  chunks (microwave apple pieces until there is some sauce and then use).
  
  Mix 1/2 cup icing sugar with enough milk to make icing. Add 3 drops of red
  food colouring. Ice the cake.
  
  Recipe can be doubled.
  
  Posted by Posted by Posted by Posted by skill@qucis.queensu.ca (David
  Skillicorn) to the Fatfree Digest [Volume 11 Issue 25], Oct. 25, 1994.
  FATFREE Recipe collections copyrighted by Michelle Dick 1994. Used with
  permission. Formatted by Sue Smith, S.Smith34, TXFT40A@Prodigy.com using
  MMCONV.
  
  File ftp://ftp.idiscover.co.uk/pub/food/mealmaster/recipes/fatfreex.zip
 
</step></directions></recipe></recipeml>
