<?xml version="1.0" encoding="UTF-8"?>

<recipeml version="0.5">
  <recipe>
    <head>
      <title>Apple Snack Cake</title>
      <categories>
        <cat>Cyberealm</cat>
        <cat>Cakes</cat>
        <cat>Desserts</cat>
        <cat>Snacks</cat></categories>
      <yield>20</yield></head>
    <ingredients>
      <ing>
        <amt>
          <qty>1 1/4</qty>
          <unit>cups</unit></amt>
        <item>Boiling water</item></ing>
      <ing>
        <amt>
          <qty>1</qty>
          <unit>cup</unit></amt>
        <item>Oatmeal (quick or old- fashioned, uncooked)</item></ing>
      <ing>
        <amt>
          <qty>1 3/4</qty>
          <unit>cups</unit></amt>
        <item>All-purpose Flour</item></ing>
      <ing>
        <amt>
          <qty>3/4</qty>
          <unit>cups</unit></amt>
        <item>Granulated SUgar</item></ing>
      <ing>
        <amt>
          <qty>3/4</qty>
          <unit>cups</unit></amt>
        <item>Firmly packed Brown sugar</item></ing>
      <ing>
        <amt>
          <qty>1/2</qty>
          <unit>cups</unit></amt>
        <item>Wheat Germ (any flavor)</item></ing>
      <ing>
        <amt>
          <qty>2</qty>
          <unit>teaspoons</unit></amt>
        <item>Baking Soda</item></ing>
      <ing>
        <amt>
          <qty>1</qty>
          <unit>teaspoon</unit></amt>
        <item>Ground Cinnamon</item></ing>
      <ing>
        <amt>
          <qty>1/2</qty>
          <unit>teaspoons</unit></amt>
        <item>Nutmeg</item></ing>
      <ing>
        <amt>
          <qty>1/2</qty>
          <unit>teaspoons</unit></amt>
        <item>Salt (optional)</item></ing>
      <ing>
        <amt>
          <qty>2</qty>
          <unit>cups</unit></amt>
        <item>Apples, peeled &amp; chopped</item></ing>
      <ing>
        <amt>
          <qty>1/3</qty>
          <unit>cups</unit></amt>
        <item>Vegetable Oil</item></ing>
      <ing>
        <amt>
          <qty>1</qty>
          <unit/></amt>
        <item>Egg</item></ing>
      <ing>
        <amt>
          <qty>2</qty>
          <unit/></amt>
        <item>Egg Whites</item></ing>
      <ing>
        <amt>
          <qty>1</qty>
          <unit>teaspoon</unit></amt>
        <item>Vanilla</item></ing></ingredients>
    <directions>
      <step>  * Wheat germ adds a nutty flavor to this moist and delicious snack
  cake and oats add a special hearty texture.
  
  1.  Heat oven to 350øF.  Spray 13 x 9-inch pan with no-stick cooking
  spray or grease lightly.
  
  2.  In a large bowl, combine water and oats; set aside.  In medium
  bowl, combine flour, sugars, wheat germ, baking soda, cinnamon,
  nutmeg, and salt; mix well.
  
  3.  Add apples, oil, egg, egg whites and vanilla to oat mixture, mix
  well.
  
  4.  Add dry ingredients, mixing just until moistened.
  
  5.  Pour into prepared pan.  Bake 40 to 45 minutes or until wooden
  pick inserted in center cp,es pit clean.
  
  6.  Cool completely on wire rack.
  
  Serves 20.
  
  NUTRITIONAL INFORMATION: 1/20 of recipe
  
  Calories     170    Calories From Fat 45       Protein       3g Total
  Fat 5g   Cholesterol       10mg     Dietary FIber 1g Carbohydrates
       30 g  Sodium 140mg
  Source: Foodshopper's Digest, Winter 1994
  
  Typed for you by Lois Flack, CYBEREALM BBS, Watertown, NY.
  315-785-8098
  
  File ftp://ftp.idiscover.co.uk/pub/food/mealmaster/recipes/mmcyber4.zip
 
</step></directions></recipe></recipeml>
