<?xml version="1.0" encoding="UTF-8"?>

<recipeml version="0.5">
  <recipe>
    <head>
      <title>Apple Spritzer</title>
      <categories>
        <cat>Beverages</cat>
        <cat>Fruits</cat>
        <cat>Desserts</cat></categories>
      <yield>1</yield></head>
    <ingredients>
      <ing>
        <amt>
          <qty>3/4</qty>
          <unit>cups</unit></amt>
        <item>Apple cider, preferably unfiltered</item></ing>
      <ing>
        <amt>
          <qty>1/4</qty>
          <unit>cups</unit></amt>
        <item>Club soda</item></ing>
      <ing>
        <amt>
          <qty/>
          <unit/></amt>
        <item>Ice</item></ing>
      <ing>
        <amt>
          <qty/>
          <unit/></amt>
        <item>Green apple slice</item></ing>
      <ing>
        <amt>
          <qty/>
          <unit/></amt>
        <item>Lemon wedge</item></ing></ingredients>
    <directions>
      <step>  1. Mix apple cider and club soda together in 10-ounce old-fashioned glass.
  Fill with ice. Garnish with green apple slice or lemon wedge.
  
  Posted By japlady@nwu.edu (Rebecca Radnor) On rec.food.recipes or
  rec.food.cooking
  
  From Gemini's MASSIVE MealMaster collection at www.synapse.com/~gemini
 
</step></directions></recipe></recipeml>
