<?xml version="1.0" encoding="UTF-8"?>

<recipeml version="0.5">
  <recipe>
    <head>
      <title>Apple Soup</title>
      <categories>
        <cat>Soups</cat></categories>
      <yield>6</yield></head>
    <ingredients>
      <ing>
        <amt>
          <qty>16</qty>
          <unit/></amt>
        <item>Apples, cored and chopped</item></ing>
      <ing>
        <amt>
          <qty>5</qty>
          <unit>cups</unit></amt>
        <item>Water</item></ing>
      <ing>
        <amt>
          <qty>1/2</qty>
          <unit>tablespoons</unit></amt>
        <item>Lemon peel, grated</item></ing>
      <ing>
        <amt>
          <qty>1</qty>
          <unit/></amt>
        <item>Inch cinnamon, wrapped in</item></ing>
      <ing>
        <amt>
          <qty/>
          <unit/></amt>
        <item>Cheese cloth</item></ing>
      <ing>
        <amt>
          <qty>1/4</qty>
          <unit>cups</unit></amt>
        <item>Maple syrup</item></ing>
      <ing>
        <amt>
          <qty>1</qty>
          <unit>tablespoon</unit></amt>
        <item>Arrowroot</item></ing>
      <ing>
        <amt>
          <qty>1</qty>
          <unit>tablespoon</unit></amt>
        <item>Lemon juice</item></ing>
      <ing>
        <amt>
          <qty>1/4</qty>
          <unit>cups</unit></amt>
        <item>White wine</item></ing>
      <ing>
        <amt>
          <qty>1/2</qty>
          <unit>cups</unit></amt>
        <item>Sour cream</item></ing></ingredients>
    <directions>
      <step>  Simmer apples, water, lemon peel, cinnamon, and maple syrup until apples
  are tender, about 20 minutes; remove cinnamon. Puree soup in blender;
  return to sauce pan. Remove about a cup of liquid and combine it with
  arrowroot. When thickened, return to soup. Stir in lemon juice, and wine.
  Heat through. Serve with a spoonful of sour cream on each bowl.
  
  From Gemini's MASSIVE MealMaster collection at www.synapse.com/~gemini
 
</step></directions></recipe></recipeml>
