<?xml version="1.0" encoding="UTF-8"?>

<recipeml version="0.5">
  <recipe>
    <head>
      <title>Apple Spice Bread</title>
      <categories>
        <cat>Breads</cat></categories>
      <yield>6</yield></head>
    <ingredients>
      <ing>
        <amt>
          <qty>1</qty>
          <unit>cup</unit></amt>
        <item>Milk</item></ing>
      <ing>
        <amt>
          <qty>1 1/2</qty>
          <unit>tablespoons</unit></amt>
        <item>Lemon juice</item></ing>
      <ing>
        <amt>
          <qty>1</qty>
          <unit/></amt>
        <item>Stick butter, room temp</item></ing>
      <ing>
        <amt>
          <qty>1 1/2</qty>
          <unit>cups</unit></amt>
        <item>Dark brown sugar</item></ing>
      <ing>
        <amt>
          <qty>2</qty>
          <unit/></amt>
        <item>Eggs, beaten</item></ing>
      <ing>
        <amt>
          <qty>1</qty>
          <unit>teaspoon</unit></amt>
        <item>Vanilla</item></ing>
      <ing>
        <amt>
          <qty>3 1/4</qty>
          <unit>cups</unit></amt>
        <item>All purp flour</item></ing>
      <ing>
        <amt>
          <qty>2</qty>
          <unit>teaspoons</unit></amt>
        <item>Baking soda</item></ing>
      <ing>
        <amt>
          <qty>1</qty>
          <unit>teaspoon</unit></amt>
        <item>Cinnamon</item></ing>
      <ing>
        <amt>
          <qty>1/2</qty>
          <unit>teaspoons</unit></amt>
        <item>Nutmeg</item></ing>
      <ing>
        <amt>
          <qty>1/4</qty>
          <unit>teaspoons</unit></amt>
        <item>Salt</item></ing>
      <ing>
        <amt>
          <qty>2</qty>
          <unit>cups</unit></amt>
        <item>Apples, peeled, chpd</item></ing></ingredients>
    <directions>
      <step>  ~Granny Smith
  
  Preheat oven 350. Lightly butter 2 8x4" baking pans. Combine milk and lemon
  juice in sm bowl. Let stand 5 mins. Cream butter with sugar in med bowl.
  Add eggs and vanilla and beat until smooth. Add milk mixture. Combine dry
  ingreds in another med bowl and blend into butter mixture. Fold in chopped
  apples. Spoon batter into prepared pans. Bake until tester comes out clean,
  about 45 mins. Cool in pans 10 lmins. Transfer to rack.
  
  Posted by:  Sherilyn Schamber (JHXX93B) - Prodigy Reposted by: Debbie
  Carlson - Cooking Echo
  
  From Gemini's MASSIVE MealMaster collection at www.synapse.com/~gemini
 
</step></directions></recipe></recipeml>
