<?xml version="1.0" encoding="UTF-8"?>

<recipeml version="0.5">
  <recipe>
    <head>
      <title>Apple Roly-Poly</title>
      <categories>
        <cat>Breads</cat></categories>
      <yield>12</yield></head>
    <ingredients>
      <ing-div>
        <title/>
        <ing>
          <amt>
            <qty>1 3/4</qty>
            <unit>cups</unit></amt>
          <item>All-purpose flour</item></ing>
        <ing>
          <amt>
            <qty>1/4</qty>
            <unit>cups</unit></amt>
          <item>Sugar</item></ing>
        <ing>
          <amt>
            <qty>4</qty>
            <unit>teaspoons</unit></amt>
          <item>Baking powder</item></ing>
        <ing>
          <amt>
            <qty>1/2</qty>
            <unit>teaspoons</unit></amt>
          <item>Salt</item></ing>
        <ing>
          <amt>
            <qty>1/4</qty>
            <unit>cups</unit></amt>
          <item>Shortening</item></ing>
        <ing>
          <amt>
            <qty>1/4</qty>
            <unit>cups</unit></amt>
          <item>Butter or margarine</item></ing>
        <ing>
          <amt>
            <qty>2/3</qty>
            <unit>cups</unit></amt>
          <item>Sour cream</item></ing></ing-div>
      <ing-div>
        <title>FILLING</title>
        <ing>
          <amt>
            <qty>1/4</qty>
            <unit>cups</unit></amt>
          <item>Butter or margarine; softened</item></ing>
        <ing>
          <amt>
            <qty>1</qty>
            <unit>cup</unit></amt>
          <item>Packed brown sugar</item></ing>
        <ing>
          <amt>
            <qty>2</qty>
            <unit>teaspoons</unit></amt>
          <item>Ground cinnamon</item></ing>
        <ing>
          <amt>
            <qty>6</qty>
            <unit>medium</unit></amt>
          <item>Granny Smith apples; peeled, cored and coarsely shredded (about 5 cups)</item></ing></ing-div>
      <ing-div>
        <title>TOPPING</title>
        <ing>
          <amt>
            <qty>2 1/2</qty>
            <unit>cups</unit></amt>
          <item>Water</item></ing>
        <ing>
          <amt>
            <qty>2</qty>
            <unit>tablespoons</unit></amt>
          <item>Brown sugar</item></ing>
        <ing>
          <amt>
            <qty>1</qty>
            <unit>teaspoon</unit></amt>
          <item>Ground cinnamon</item></ing>
        <ing>
          <amt>
            <qty>1/2</qty>
            <unit>cups</unit></amt>
          <item>Light cream</item></ing></ing-div></ingredients>
    <directions>
      <step>  In a mixing bowl, combine flour, sugar, baking powder and salt. Cut in
  shortening and butter until crumbly. Add sour cream and blend until a ball
  forms. Roll out on a floured surface into a 15-in. x 10-in, rectangle.
  Spread with softened butter; sprinkle with remaining filling ingredients.
  Roll up, jelly-roll style, starting with the long side. Cut into 12 slices.
  Place slices, cut side down, in a 13-in. x 9-in. x 2-in, baking pan. For
  topping, combine water, brown sugar and cinnamon in a saucepan. Bring to a
  boil; remove from the heat. Stir in the cream. Carefully pour hot topping
  over dumplings. Bake, uncovered, at 35Q0 for 35 minutes or until bubbly.
  (Center will jiggle when dumplings are hot out of the oven but will set as
  dumplings stand for a few minutes.) Serve warm.
  
  Recipe by: Country Woman May/June 1993
  
  Posted to recipelu-digest by "Lynn Ratcliffe" &lt;mcgrew@ntr.net&gt; on Mar 28,
  1998
 
</step></directions></recipe></recipeml>
