<?xml version="1.0" encoding="UTF-8"?>

<recipeml version="0.5">
  <recipe>
    <head>
      <title>Apple Snaps</title>
      <categories>
        <cat>Desserts</cat></categories>
      <yield>4</yield></head>
    <ingredients>
      <ing>
        <amt>
          <qty>1</qty>
          <unit>package</unit></amt>
        <item>Sugar-free gelatin; any flavor (4 serving size box) water; boiling</item></ing>
      <ing>
        <amt>
          <qty>1 3/4</qty>
          <unit>cups</unit></amt>
        <item>Applesauce; unsweetened but well chilled</item></ing>
      <ing>
        <amt>
          <qty>1/4</qty>
          <unit>teaspoons</unit></amt>
        <item>Cinnamon</item></ing>
      <ing>
        <amt>
          <qty/>
          <unit/></amt>
        <item>Mint</item></ing>
      <ing>
        <amt>
          <qty/>
          <unit/></amt>
        <item>Apple;sliced thin</item></ing>
      <ing>
        <amt>
          <qty/>
          <unit/></amt>
        <item>Cinnamon sticks</item></ing></ingredients>
    <directions>
      <step>  Prepare gelatin as usual using the applesauce instead of cold water. Chill.
  Garnish with a mint sprig, thin slices of apple and a small cinnamon stick.
  
  From Gemini's MASSIVE MealMaster collection at www.synapse.com/~gemini
 
</step></directions></recipe></recipeml>
