<?xml version="1.0" encoding="UTF-8"?>

<recipeml version="0.5">
  <recipe>
    <head>
      <title>Apple Sorbet</title>
      <categories>
        <cat>Desserts</cat>
        <cat>Fruits</cat></categories>
      <yield>6</yield></head>
    <ingredients>
      <ing>
        <amt>
          <qty>5</qty>
          <unit/></amt>
        <item>Granny Smith apples, cored &amp; quartered</item></ing>
      <ing>
        <amt>
          <qty>1 1/4</qty>
          <unit>cups</unit></amt>
        <item>Unsweetened apple juice</item></ing>
      <ing>
        <amt>
          <qty>1/2</qty>
          <unit>cups</unit></amt>
        <item>Water</item></ing>
      <ing>
        <amt>
          <qty>1/4</qty>
          <unit>cups</unit></amt>
        <item>Sugar</item></ing>
      <ing>
        <amt>
          <qty>1/8</qty>
          <unit>teaspoons</unit></amt>
        <item>Cinnamon</item></ing>
      <ing>
        <amt>
          <qty/>
          <unit/></amt>
        <item>Juice of 1 lemon</item></ing></ingredients>
    <directions>
      <step>  Combine apples with 1/4 c apple juice in a non-corrosive pot. Bring to a
  boil &amp; simmer 5 minutes. Remove from the heat &amp; let cool. Puree the apples
  in a food processor or blender.
  
  Combine the pureed apples, syrup, rest of juice, cinnamon &amp; lemon juice.
  Freeze following the instructions for making Lemon Sorbet.
  
  VARIATION:  Calvados Currant Sorbet. Soak 1/4 c dried currants in 1/4 c
  calvados or applejack for 4 hours or overnight. Drain &amp; add to the sorbet
  mixture before freezing.
  
  Jim Tarantino, "Sorbets!"
 
</step></directions></recipe></recipeml>
