<?xml version="1.0" encoding="UTF-8"?>

<recipeml version="0.5">
  <recipe>
    <head>
      <title>Apple Strips Apfelshnitten</title>
      <categories>
        <cat>Cookies</cat>
        <cat>Desserts</cat></categories>
      <yield>1</yield></head>
    <ingredients>
      <ing>
        <amt>
          <qty>2 1/2</qty>
          <unit>cups</unit></amt>
        <item>Pillsbury's Best All Purpose Flour*, sifted</item></ing>
      <ing>
        <amt>
          <qty>1/2</qty>
          <unit>teaspoons</unit></amt>
        <item>Salt</item></ing>
      <ing>
        <amt>
          <qty>1/4</qty>
          <unit>cups</unit></amt>
        <item>Sugar</item></ing>
      <ing>
        <amt>
          <qty>3/4</qty>
          <unit>cups</unit></amt>
        <item>Butter</item></ing>
      <ing>
        <amt>
          <qty>1/2</qty>
          <unit>teaspoons</unit></amt>
        <item>Grated lemon rind</item></ing>
      <ing>
        <amt>
          <qty>6</qty>
          <unit>tablespoons</unit></amt>
        <item>Cream(sweet or sour)</item></ing>
      <ing>
        <amt>
          <qty>4</qty>
          <unit>cups</unit></amt>
        <item>Apples(4 medium): pared/cut into 1/4"cubes</item></ing>
      <ing>
        <amt>
          <qty>1/3</qty>
          <unit>cups</unit></amt>
        <item>Raisins</item></ing>
      <ing>
        <amt>
          <qty>1/4</qty>
          <unit>cups</unit></amt>
        <item>Sugar</item></ing>
      <ing>
        <amt>
          <qty>1</qty>
          <unit>tablespoon</unit></amt>
        <item>Flour</item></ing>
      <ing>
        <amt>
          <qty>1/4</qty>
          <unit>teaspoons</unit></amt>
        <item>French's Cinnamon</item></ing>
      <ing>
        <amt>
          <qty>3</qty>
          <unit>tablespoons</unit></amt>
        <item>Lemon juice</item></ing>
      <ing>
        <amt>
          <qty/>
          <unit/></amt>
        <item>Egg; beaten</item></ing>
      <ing>
        <amt>
          <qty/>
          <unit/></amt>
        <item>Sugar</item></ing></ingredients>
    <directions>
      <step>  BAKE at 350 degrees for 15 minutes then at 400 degrees for 25 to 30
  minutes. MAKES 3 dozen cookies. Sift together flour, salt and sugar into
  mixing bowl. Cut in butter and lemon rind until particles are the size of
  small peas. Sprinkle with 6 to 7 tablespoons cream over mixture, tossing
  lightly with fork until dough is moist enough to hold together. Divide
  dough in half.Form into two balls. Roll out half of dough on waxed paper to
  15 x 10-inch rectangle. Turn over onto ungreased jelly roll pan or baking
  sheet. Peel off waxed paper. Bake in moderate oven (350 degrees) 15
  minutes. Prepare 4 cups apples. Add raisins, sugar, flour, cinnamon and
  lemon juice. Spread over baked crust. Roll out remaining dough to 15 x 10
  ~inch rectangle on waxed paper. Turn over on apple filling. Brush with
  slightly beaten egg and sprinkle with sugar. BAke in moderately hot oven
  (400 degrees) 25 to 30 minutes until golden brown. Cool slightly and cut
  into 3 x 1 1/2 -inch rectangles. *For use with Pillsbury's Best Self-Rising
  Flour, omit salt; decrease second baking time to 20 to 25 minutes.
  **Pronounced Ap'-fel-shnit'-en
  
  NOTES : "From Pillsbury's European Recipe Service-A Cookie from Austria."
  
  Recipe by: Best Loved Foods of Christmas, Pillsbury, undated booklet
  
  Posted to MC-Recipe Digest V1 #837 by NGavlak@aol.com on Oct 11, 1997
 
</step></directions></recipe></recipeml>
