<?xml version="1.0" encoding="UTF-8"?>

<recipeml version="0.5">
  <recipe>
    <head>
      <title>Apple Sponge Pudding</title>
      <categories>
        <cat>Fruit</cat>
        <cat>Puddings &amp;</cat>
        <cat>Sent to tnt</cat></categories>
      <yield>1</yield></head>
    <ingredients>
      <ing>
        <amt>
          <qty>5</qty>
          <unit>medium</unit></amt>
        <item>Apples (up to 6)</item></ing>
      <ing>
        <amt>
          <qty>1/4</qty>
          <unit>cups</unit></amt>
        <item>Butter</item></ing>
      <ing>
        <amt>
          <qty>2</qty>
          <unit>cups</unit></amt>
        <item>Brown sugar</item></ing>
      <ing>
        <amt>
          <qty>1</qty>
          <unit>teaspoon</unit></amt>
        <item>Lemon juice</item></ing>
      <ing>
        <amt>
          <qty/>
          <unit/></amt>
        <item>Grated peel of 1/2 a lemon</item></ing>
      <ing>
        <amt>
          <qty>2</qty>
          <unit/></amt>
        <item>Egg yolks</item></ing>
      <ing>
        <amt>
          <qty>1</qty>
          <unit>cup</unit></amt>
        <item>Sugar</item></ing>
      <ing>
        <amt>
          <qty>1/2</qty>
          <unit>cups</unit></amt>
        <item>Cold water</item></ing>
      <ing>
        <amt>
          <qty>1</qty>
          <unit>teaspoon</unit></amt>
        <item>Vanilla</item></ing>
      <ing>
        <amt>
          <qty>1</qty>
          <unit>cup</unit></amt>
        <item>All-purpose flour</item></ing>
      <ing>
        <amt>
          <qty>1/2</qty>
          <unit>teaspoons</unit></amt>
        <item>Salt</item></ing>
      <ing>
        <amt>
          <qty>1</qty>
          <unit>teaspoon</unit></amt>
        <item>Baking powder</item></ing>
      <ing>
        <amt>
          <qty>2</qty>
          <unit/></amt>
        <item>Egg whites</item></ing></ingredients>
    <directions>
      <step>  Pare, core and slice apples. Melt butter in a deep, 9" round cake pan, add
  brown sugar and stir until well mixed. Top with apples and sprinkle with
  lemon juice and peel.
  
  Beat egg yolks and sugar until light and pale yellow. Mix water and
  vanilla. Stir flour with salt and baking powder and add to egg mixture
  alternately with vanilla mixture.
  
  Beat egg whites until stiff, fold into batter and pour over apples. Bake at
  350 degree F oven for 45 to 50 minutes. Serve hot or tepid, and it is best
  not to unmold the pudding.
  
  NOTES : This pudding is more of a sponge cake over an upside down mixture.
  An Alberta Mennonite sent me the recipe and said it was three generations
  old. Baking powder is a modern change, and the lemon peel is my addition.
  Recipe by: The Canadiana Cookbook/Mme Jehane Benoit/1970 Posted to TNT -
  Prodigy's Recipe Exchange Newsletter  by Bill &amp; Leilani Devries
  &lt;devriesb@cyberbeach.net&gt; on Aug 31, 1997
 
</step></directions></recipe></recipeml>
