<?xml version="1.0" encoding="UTF-8"?>

<recipeml version="0.5">
  <recipe>
    <head>
      <title>Apple Spice Custard Cake</title>
      <categories>
        <cat>Cakes</cat>
        <cat>Desserts</cat>
        <cat>Fruits</cat></categories>
      <yield>1</yield></head>
    <ingredients>
      <ing>
        <amt>
          <qty>1</qty>
          <unit>package</unit></amt>
        <item>18 1/4 oz. spice apple cake</item></ing>
      <ing>
        <amt>
          <qty/>
          <unit/></amt>
        <item>Mix</item></ing>
      <ing>
        <amt>
          <qty>2</qty>
          <unit>medium</unit></amt>
        <item>All purpose apples, pared,</item></ing>
      <ing>
        <amt>
          <qty/>
          <unit/></amt>
        <item>Cored, and finely chopped.</item></ing>
      <ing>
        <amt>
          <qty>1</qty>
          <unit>can</unit></amt>
        <item>14 oz. Eagle brand sweetened</item></ing>
      <ing>
        <amt>
          <qty/>
          <unit/></amt>
        <item>Condensed milk</item></ing>
      <ing>
        <amt>
          <qty>1</qty>
          <unit>can</unit></amt>
        <item>8 oz. Borden Sour Cream, at</item></ing>
      <ing>
        <amt>
          <qty/>
          <unit/></amt>
        <item>Room temperature</item></ing>
      <ing>
        <amt>
          <qty>1/4</qty>
          <unit>cups</unit></amt>
        <item>Realemon juice</item></ing>
      <ing>
        <amt>
          <qty/>
          <unit/></amt>
        <item>Ground cinnamon</item></ing></ingredients>
    <directions>
      <step>  Preheat oven to 350ø.  Prepare cake mix as package directs, stir in apples.
  Pour into well-greased and floured 13x9 inch baking pan. Bake for 30
  minutes or until wooden pick inserted near center comes out clean.
  Meanwhile, in medium bowl, combine sweetened condensed milk, sour cream and
  Realemon juice.  Remove cake from oven; spread cream mixture over top.
  Return to oven; bake 10 minutes longer or until set. Sprinkle with
  cinnamon.  Cool.  Garnish as desired. Refrigerate leftovers.
 
</step></directions></recipe></recipeml>
