<?xml version="1.0" encoding="UTF-8"?>

<recipeml version="0.5">
  <recipe>
    <head>
      <title>Apple Spiced Iced Tea</title>
      <categories>
        <cat>Cyberealm</cat>
        <cat>Beverages</cat></categories>
      <yield>2</yield></head>
    <ingredients>
      <ing-div>
        <title>COOLERS FROM CHEF FREDDY'S</title>
        <ing>
          <amt>
            <qty>2</qty>
            <unit>medium</unit></amt>
          <item>Sweettart apples</item></ing>
        <ing>
          <amt>
            <qty>3/4</qty>
            <unit>tablespoons</unit></amt>
          <item>Cinnamon</item></ing>
        <ing>
          <amt>
            <qty>1 1/2</qty>
            <unit>tablespoons</unit></amt>
          <item>Sugar</item></ing>
        <ing>
          <amt>
            <qty>6</qty>
            <unit/></amt>
          <item>Teabags of orange peako tea</item></ing>
        <ing>
          <amt>
            <qty/>
            <unit/></amt>
          <item>Water</item></ing>
        <ing>
          <amt>
            <qty/>
            <unit/></amt>
          <item>Ice</item></ing></ing-div></ingredients>
    <directions>
      <step>  This recipe is written for the "Mr. Coffee" "Ice Tea Pot" and it works
  well. For those of you that don't have one, you may have to adapt this
  recipe for use with other machines... or your own proceedures for making
  iced tea... CF
  
  1)      Slice the apples into thin slices and remove the cores and seeds...
  place « of the slices in the steeping pot... 2) Mix the cinnamon and the
  sugar until it is uniform in color... then sprinkle it over the apple
  slices in the steeping pot... 3) Follow the directions to make Iced tea
  that came with the machine... add the teabags to the steeping pot on top of
  the apples... Add the remaining apple slices to the pitcher on top of the
  ice... assemble the machine and the pitcher and turn it on... 4) add the
  apple slices from the steeping pot to the pitcher when the tea is done
  along with more ice to fill the pitcher... stir vigorously and serve...
  
  From Fred Goslin on Cyberealm Bbs and KookNet in Watertown NY Phn. (315)
  786-1120
  
  From Gemini's MASSIVE MealMaster collection at www.synapse.com/~gemini
 
</step></directions></recipe></recipeml>
