<?xml version="1.0" encoding="UTF-8"?>

<recipeml version="0.5">
  <recipe>
    <head>
      <title>Apple Sausage Ring</title>
      <categories>
        <cat>Brunch</cat></categories>
      <yield>8</yield></head>
    <ingredients>
      <ing>
        <amt>
          <qty>2</qty>
          <unit/></amt>
        <item>Eggs</item></ing>
      <ing>
        <amt>
          <qty>1/2</qty>
          <unit>cups</unit></amt>
        <item>Milk</item></ing>
      <ing>
        <amt>
          <qty>1 1/2</qty>
          <unit>cups</unit></amt>
        <item>Soda cracker crumbs</item></ing>
      <ing>
        <amt>
          <qty>1/4</qty>
          <unit>cups</unit></amt>
        <item>Minced onions</item></ing>
      <ing>
        <amt>
          <qty>1</qty>
          <unit>cup</unit></amt>
        <item>Apple; peeled; chopped</item></ing>
      <ing>
        <amt>
          <qty>2</qty>
          <unit>pounds</unit></amt>
        <item>Bulk pork sausage</item></ing></ingredients>
    <directions>
      <step>  Recipe by: CFA, Quick 'n Easy Home Cooking, Dec 1995 In a large mixing
  bowl, beat together the eggs and milk. Add the cracker crumbs, onion and
  apple; mix well. Work the sausage into the egg mixture until all of the
  ingredients are evenly combined. Press into a well-greased 6 1/2-cup ring
  mold. Unmold immediately onto a 10 x 15-inch jelly roll pan. Cover with
  plastic wrap and chill for at least 1 hour, or overnight.
  
  Preheat the oven to 350 degrees. Remove the plastic wrap and bake the ring
  for 1 hour, or until nicely browned. Transfer to a serving platter and fill
  with fluffy scrambled eggs. Garnish with fresh parsley and cherry tomatoes.
  Serves 8 to 10. Penny Halsey (ATBN65B).
  Posted to MC-Recipe Digest V1 #813 by Nancy Berry &lt;nlberry@prodigy.net&gt; on
  Sep 28, 1997
 
</step></directions></recipe></recipeml>
