<?xml version="1.0" encoding="UTF-8"?>

<recipeml version="0.5">
  <recipe>
    <head>
      <title>Apple Shoofly Pie</title>
      <categories>
        <cat>Pies</cat>
        <cat>Fruits</cat></categories>
      <yield>8</yield></head>
    <ingredients>
      <ing-div>
        <title>CRUMB MIXTURE</title>
        <ing>
          <amt>
            <qty>1/4</qty>
            <unit>cups</unit></amt>
          <item>Unsalted butter; cut up</item></ing>
        <ing>
          <amt>
            <qty>1</qty>
            <unit>cup</unit></amt>
          <item>Flour</item></ing>
        <ing>
          <amt>
            <qty>1/3</qty>
            <unit>cups</unit></amt>
          <item>Brown sugar; packed</item></ing>
        <ing>
          <amt>
            <qty>1</qty>
            <unit>teaspoon</unit></amt>
          <item>Cinnamon, ground</item></ing>
        <ing>
          <amt>
            <qty>1/4</qty>
            <unit>teaspoons</unit></amt>
          <item>Ginger, ground</item></ing>
        <ing>
          <amt>
            <qty>1/4</qty>
            <unit>teaspoons</unit></amt>
          <item>Cloves, ground</item></ing>
        <ing>
          <amt>
            <qty>1/4</qty>
            <unit>teaspoons</unit></amt>
          <item>Salt</item></ing></ing-div>
      <ing-div>
        <title>FILLING</title>
        <ing>
          <amt>
            <qty>1/3</qty>
            <unit>cups</unit></amt>
          <item>Molasses</item></ing>
        <ing>
          <amt>
            <qty>1/3</qty>
            <unit>cups</unit></amt>
          <item>Water; boiling</item></ing>
        <ing>
          <amt>
            <qty>1/2</qty>
            <unit>teaspoons</unit></amt>
          <item>Baking soda</item></ing>
        <ing>
          <amt>
            <qty>2</qty>
            <unit>large</unit></amt>
          <item>Red Delicious apples; peeled cored/coarsely chopped</item></ing>
        <ing>
          <amt>
            <qty>1</qty>
            <unit/></amt>
          <item>9" deepdish pie shell unbake</item></ing></ing-div></ingredients>
    <directions>
      <step>  1. To prepare crumb mixture: Process butter, flour, brown sugar, cinnamon,
  ginger, cloves, and salt in a food processor until mixture resembles coarse
  meal.
  
  2. To make filling: Dissolve molasses in boiling water in a large bowl.
  Stir in baking soda. Add about 2/3 of the crumb mixture and all of the
  chopped apples, and mix until crumbs are moistened. Spoon into pie shell.
  Sprinkle remaining crumb mixture on top.
  
  3. Bake in a preheated 375-degree oven until filling is set, about 40
  minutes.
  
  Source: Chicago Sun Times, November 6, 1996
  Posted to MM-Recipes Digest V3 #307
  
  Date: Sat, 9 Nov 1996 20:04:53 +0000
  
  From: Linda Place &lt;placel@worldnet.att.net&gt;
 
</step></directions></recipe></recipeml>
