<?xml version="1.0" encoding="UTF-8"?>

<recipeml version="0.5">
  <recipe>
    <head>
      <title>Apple Squares</title>
      <categories>
        <cat>Cookie</cat></categories>
      <yield>24</yield></head>
    <ingredients>
      <ing>
        <amt>
          <qty>3</qty>
          <unit/></amt>
        <item>Egg yolks</item></ing>
      <ing>
        <amt>
          <qty>2</qty>
          <unit>cups</unit></amt>
        <item>Flour</item></ing>
      <ing>
        <amt>
          <qty>1</qty>
          <unit>pinch</unit></amt>
        <item>Salt</item></ing>
      <ing>
        <amt>
          <qty>1/2</qty>
          <unit>pounds</unit></amt>
        <item>Margarine</item></ing>
      <ing>
        <amt>
          <qty>2</qty>
          <unit>tablespoons</unit></amt>
        <item>Vinegar</item></ing>
      <ing>
        <amt>
          <qty>6</qty>
          <unit/></amt>
        <item>Graham crackers; crushed</item></ing>
      <ing>
        <amt>
          <qty>12</qty>
          <unit/></amt>
        <item>Apples; cored, peeled and cut into slices</item></ing>
      <ing>
        <amt>
          <qty>1</qty>
          <unit>cup</unit></amt>
        <item>Sugar</item></ing>
      <ing>
        <amt>
          <qty>1</qty>
          <unit>teaspoon</unit></amt>
        <item>Cinnamon</item></ing></ingredients>
    <directions>
      <step>  From: prkenne@lims01.lerc.nasa.gov (CAROL SHARP)
  
  Date: 12 Oct 1993 08:23 EST
  Cut flour into margarine, pie crust style.  Add egg yolks and vinegar and
  mix well.  Divide dough in half and refrigerate several hours or overnight
  till firm.
  
  Roll out one piece and dough and line a greased 8 x 13 pan with it (make
  sure the dough reaches the tops of the sides).  Sprinkly the graham cracker
  crumbs over the bottom.
  
  Mix apples with the cinnamon and sugar and fill the crust.  Tope with the
  second piece of dough and seal the edges.  Use a fork to poke holes
  randomly over the top to let steam escape. If desired you can brush the top
  with melted butter and a light dusting of sugar.
  
  Bake at 400 degrees  for one hour or until deep golden brown.
  
  REC.FOOD.RECIPES ARCHIVES
  
  /COOKIES
  
  From rec.food.cooking archives.  Downloaded from Glen's MM Recipe Archive,
  http://www.erols.com/hosey.
 
</step></directions></recipe></recipeml>
