<?xml version="1.0" encoding="UTF-8"?>

<recipeml version="0.5">
  <recipe>
    <head>
      <title>Apple Sauce Crazy Cake (Motts)</title>
      <categories>
        <cat>Cakes</cat>
        <cat>Brandname</cat></categories>
      <yield>16</yield></head>
    <ingredients>
      <ing>
        <amt>
          <qty>1 1/2</qty>
          <unit>cups</unit></amt>
        <item>All-purpose flour</item></ing>
      <ing>
        <amt>
          <qty>1/3</qty>
          <unit>cups</unit></amt>
        <item>Sugar</item></ing>
      <ing>
        <amt>
          <qty>1</qty>
          <unit>teaspoon</unit></amt>
        <item>Baking powder</item></ing>
      <ing>
        <amt>
          <qty>1</qty>
          <unit>teaspoon</unit></amt>
        <item>Cinnamon</item></ing>
      <ing>
        <amt>
          <qty>1/2</qty>
          <unit>teaspoons</unit></amt>
        <item>Baking soda</item></ing>
      <ing>
        <amt>
          <qty>1/4</qty>
          <unit>teaspoons</unit></amt>
        <item>Salt</item></ing>
      <ing>
        <amt>
          <qty>1/4</qty>
          <unit>teaspoons</unit></amt>
        <item>Cloves</item></ing>
      <ing>
        <amt>
          <qty>1/4</qty>
          <unit>teaspoons</unit></amt>
        <item>Nutmeg</item></ing>
      <ing>
        <amt>
          <qty>1 1/4</qty>
          <unit>cups</unit></amt>
        <item>Unsweetened Apple Sauce</item></ing>
      <ing>
        <amt>
          <qty>1/3</qty>
          <unit>cups</unit></amt>
        <item>Oil</item></ing>
      <ing>
        <amt>
          <qty>1</qty>
          <unit>teaspoon</unit></amt>
        <item>Vanilla</item></ing>
      <ing>
        <amt>
          <qty>1/2</qty>
          <unit>cups</unit></amt>
        <item>Raisins</item></ing>
      <ing>
        <amt>
          <qty>1/2</qty>
          <unit>cups</unit></amt>
        <item>Chopped nuts</item></ing></ingredients>
    <directions>
      <step>  Heat oven to 350F.
  
  In 8 or 9-inch pan, combine flour, sugar, baking powder, cinnamon, baking
  soda, salt cloves and nutmeg; blend well.
  
  Stir in apple sauce, oil and vanilla; mix well. Stir in raisins and nuts.
  
  Bake at 350F for 25 to 30 minutes or until toothpick inserted in center
  comes out clean.
  
  Notes: Pantry: Mott's Natural Apple Sauce. Let the kids lend a hand in
  measuring and mixing this quick-to-assemble cake. Just mix it in the pan
  and bake.
  
  &gt;Hanneman/Buster 1998-Apr
  
  Recipe by: Motts Applesauce www.motts.com
  
  Posted to MC-Recipe Digest by KitPATh &lt;phannema@wizard.ucr.edu&gt; on Apr 18,
  1998
 
</step></directions></recipe></recipeml>
