<?xml version="1.0" encoding="UTF-8"?>

<recipeml version="0.5">
  <recipe>
    <head>
      <title>Apple Stuffed Tenderloin with Cinnamon Raisin Sauce</title>
      <categories>
        <cat>None</cat></categories>
      <yield>4</yield></head>
    <ingredients>
      <ing-div>
        <title/>
        <ing>
          <amt>
            <qty>1</qty>
            <unit/></amt>
          <item>Pork tenderloin; trimmed of fat, 1-1 1/2 lb</item></ing>
        <ing>
          <amt>
            <qty>2</qty>
            <unit>medium</unit></amt>
          <item>Oranges</item></ing>
        <ing>
          <amt>
            <qty>1</qty>
            <unit>medium</unit></amt>
          <item>Apple; cored and diced</item></ing>
        <ing>
          <amt>
            <qty>2</qty>
            <unit>tablespoons</unit></amt>
          <item>Finely chopped onion</item></ing>
        <ing>
          <amt>
            <qty>2/3</qty>
            <unit>cups</unit></amt>
          <item>Fine dry plain bread crumbs</item></ing></ing-div>
      <ing-div>
        <title>SAUCE</title>
        <ing>
          <amt>
            <qty>1</qty>
            <unit>cup</unit></amt>
          <item>Unsweetened apple juice</item></ing>
        <ing>
          <amt>
            <qty>1</qty>
            <unit>tablespoon</unit></amt>
          <item>Cornstarch</item></ing>
        <ing>
          <amt>
            <qty>1/4</qty>
            <unit>teaspoons</unit></amt>
          <item>Ground cinnamon</item></ing>
        <ing>
          <amt>
            <qty>1/4</qty>
            <unit>cups</unit></amt>
          <item>Raisins</item></ing></ing-div></ingredients>
    <directions>
      <step>  TO MAKE THE STUFFED PORK TENDERLOIN: Preheat the oven to 425-degrees. Cut a
  pocket in the side of the tenderloin by cutting a lengthwise slit from one
  side to almost the other side and stopping about 1/2" from each of the
  tapered ends. Set the tenderloin aside.
  
  Finely shred the peel from the oranges and set aside. Then squeeze 3
  tablespoons of juice from the oranges. In a medium bowl, combine the orange
  juice and apples. Set the apple mixture aside.
  
  Spray an unheated small skillet with no-stick spray. Add the onions. Cook
  and stir over medium heat until tender. Then add the onions and bread
  crumbs to the apple mixture. Toss until combined.
  
  Spoon the bread mixture into the pocket of the tenderloin. Securely close
  the pocket with wooden toothpicks. Place the tenderloin on a rack in a
  shallow roasting pan. Insert a meat thermometer into the meat portion only.
  Bake for 25 to 30 minutes or until meat thermometer registers 160-degrees.
  Let stand about 5 minutes before slicing.
  
  TO MAKE THE SAUCE: In a small saucepan, use wire whisk to stir together 2
  tablespoons of the apple juice and cornstarch. Then stir in the remaining
  apple juice.
  
  Cook and stir over medium heat until boiling. Stir in the reserved orange
  peel and cinnamon. Add the raisins and cook for 5 minutes, stirring
  occasionally.
  
  To serve, slice the tenderloin. Spoon the sauce over slices.
  
  Calories: 245, Fat: 4g, % Calories from fat: 16%, Cholesterol: 74.
  
  Recipe by: Healthy Homestyle Cooking
  
  Posted to EAT-LF Digest by Kat &lt;scizwiz@lazerlink.com&gt; on Feb 6, 1998
 
</step></directions></recipe></recipeml>
