<?xml version="1.0" encoding="UTF-8"?>

<recipeml version="0.5">
  <recipe>
    <head>
      <title>Apple Stack Cake</title>
      <categories>
        <cat>None</cat></categories>
      <yield>1</yield></head>
    <ingredients>
      <ing>
        <amt>
          <qty>1/2</qty>
          <unit>cups</unit></amt>
        <item>Crisco</item></ing>
      <ing>
        <amt>
          <qty>1</qty>
          <unit>cup</unit></amt>
        <item>Sugar</item></ing>
      <ing>
        <amt>
          <qty>1</qty>
          <unit>cup</unit></amt>
        <item>Molasses</item></ing>
      <ing>
        <amt>
          <qty>3</qty>
          <unit/></amt>
        <item>Eggs; beaten</item></ing>
      <ing>
        <amt>
          <qty>1 1/3</qty>
          <unit>cups</unit></amt>
        <item>Buttermilk</item></ing>
      <ing>
        <amt>
          <qty>3</qty>
          <unit>cups</unit></amt>
        <item>Self-Rising Flour</item></ing>
      <ing>
        <amt>
          <qty>1</qty>
          <unit>teaspoon</unit></amt>
        <item>Ginger</item></ing>
      <ing>
        <amt>
          <qty>1</qty>
          <unit>teaspoon</unit></amt>
        <item>Baking Soda</item></ing>
      <ing>
        <amt>
          <qty>1</qty>
          <unit>quart</unit></amt>
        <item>Apples</item></ing>
      <ing>
        <amt>
          <qty>1</qty>
          <unit>cup</unit></amt>
        <item>Sugar</item></ing>
      <ing>
        <amt>
          <qty>1</qty>
          <unit>teaspoon</unit></amt>
        <item>Apple Pie Spice</item></ing>
      <ing>
        <amt>
          <qty>1</qty>
          <unit>teaspoon</unit></amt>
        <item>Cinnamon</item></ing></ingredients>
    <directions>
      <step>  This recipe is my Mammaw's as described by my cousin Ethel Tackett to the
  Alleghany Freewill Baptist Auxiliary in Alleghany, Kentucky. It is a little
  different than I originally remembered but as I read the recipe the flavors
  all came back to me. Hope you enjoy!
  
  Cream together sugar, molasses and Crisco. Add Eggs and mix well. Add
  bittermilk and mix. Add soda and ginger to flour; by hand, blend flour into
  creamed mixture. Pour 1/2 cup of mixture into greased pans. Bake at 400
  until until done. Makes 6 - 8 layers, if using 8-inch pans. Cook apples,
  sugar and spices together. Stack cake together using apples between each
  layer.
  
  NOTE: I remember Mammaw using dried apples rather than fresh. Obviously my
  cousin has updated this a touch.
  
  Posted to EAT-L Digest  by "June A. Halapir" &lt;ad6097@WAYNE.EDU&gt; on Feb 9,
  1998
 
</step></directions></recipe></recipeml>
