<?xml version="1.0" encoding="UTF-8"?>

<recipeml version="0.5">
  <recipe>
    <head>
      <title>Apple Sauce Wheat Germ Cake</title>
      <categories>
        <cat>Diabetic</cat>
        <cat>Cakes</cat>
        <cat>Low-fat/cal</cat></categories>
      <yield>16</yield></head>
    <ingredients>
      <ing>
        <amt>
          <qty>2</qty>
          <unit>cups</unit></amt>
        <item>Flour;</item></ing>
      <ing>
        <amt>
          <qty>2/3</qty>
          <unit>cups</unit></amt>
        <item>Sugar;</item></ing>
      <ing>
        <amt>
          <qty>1/2</qty>
          <unit>cups</unit></amt>
        <item>Wheat germ;</item></ing>
      <ing>
        <amt>
          <qty>2</qty>
          <unit>teaspoons</unit></amt>
        <item>Baking powder;</item></ing>
      <ing>
        <amt>
          <qty>1/2</qty>
          <unit>teaspoons</unit></amt>
        <item>Baking soda;</item></ing>
      <ing>
        <amt>
          <qty>1</qty>
          <unit>teaspoon</unit></amt>
        <item>Salt;</item></ing>
      <ing>
        <amt>
          <qty>1</qty>
          <unit>teaspoon</unit></amt>
        <item>Cinnamon;</item></ing>
      <ing>
        <amt>
          <qty>1/4</qty>
          <unit>teaspoons</unit></amt>
        <item>Cloves;</item></ing>
      <ing>
        <amt>
          <qty>1/4</qty>
          <unit>teaspoons</unit></amt>
        <item>Nutmeg;</item></ing>
      <ing>
        <amt>
          <qty>1</qty>
          <unit>cup</unit></amt>
        <item>Unsweetened apple sauce;</item></ing>
      <ing>
        <amt>
          <qty>1/2</qty>
          <unit>cups</unit></amt>
        <item>Raisins;</item></ing>
      <ing>
        <amt>
          <qty>1</qty>
          <unit>tablespoon</unit></amt>
        <item>Grated orange rind;</item></ing>
      <ing>
        <amt>
          <qty>1/2</qty>
          <unit>cups</unit></amt>
        <item>Unsweetened orange juice;</item></ing>
      <ing>
        <amt>
          <qty>1</qty>
          <unit/></amt>
        <item>Egg;</item></ing>
      <ing>
        <amt>
          <qty>1</qty>
          <unit>tablespoon</unit></amt>
        <item>Vegetable oil;</item></ing></ingredients>
    <directions>
      <step>  If wheat germ is not available, use bran or whole wheat flour.
  
  Sift dry ingredients together in a large mixing bowl.  Stir in apple
  sauce, raisins and orange rind.  Combine orange juice, egg and
  vegetable oil, add to batter, stirring just until moistened.  Spoon
  into lightly oiled 8 inch square cake pan.
  
  Bake 50 minutes at 350F or until cake tests done.  16 pieces 2"x2"
  
  1 serving contains 136 Calories 1 starchy foods choice 1 fruits &amp; veg.
  choice
  
  1 tbsp whipped cream contains 45 cal and is equal to 1 Fats &amp; Oils
  choice. Source:  Enjoy B.C. Fruit The Diabetic Way (BC is British
  Columbia, Canada)
  
  File ftp://ftp.idiscover.co.uk/pub/food/mealmaster/recipes/diabetic.zip
 
</step></directions></recipe></recipeml>
