<?xml version="1.0" encoding="UTF-8"?>

<recipeml version="0.5">
  <recipe>
    <head>
      <title>Apple Sauce 'n Fruit Yogurt Sundae (Motts)</title>
      <categories>
        <cat>Chilled des</cat>
        <cat>Brandname</cat></categories>
      <yield>4</yield></head>
    <ingredients>
      <ing>
        <amt>
          <qty>23</qty>
          <unit>ounces</unit></amt>
        <item>Chunky Apple Sauce</item></ing>
      <ing>
        <amt>
          <qty>2</qty>
          <unit>cups</unit></amt>
        <item>Cut-up fresh fruit; *See note</item></ing>
      <ing>
        <amt>
          <qty>8</qty>
          <unit>ounces</unit></amt>
        <item>Plain yogurt</item></ing>
      <ing>
        <amt>
          <qty/>
          <unit/></amt>
        <item>Cinnamon</item></ing>
      <ing>
        <amt>
          <qty/>
          <unit/></amt>
        <item>Toasted coconut</item></ing>
      <ing>
        <amt>
          <qty/>
          <unit/></amt>
        <item>Granola</item></ing>
      <ing>
        <amt>
          <qty/>
          <unit/></amt>
        <item>Chopped peanuts</item></ing></ingredients>
    <directions>
      <step>  Place 1/2 cup of apple sauce in each of 4 individual dessert dishes.
  
  Top each with 1/2 cup fruit and 1/4 cup yogurt.
  
  Sprinkle with cinnamon and coconut.
  
  Notes: FRESH strawberries, bananas, blueberries, pineapple, apples, pear or
  any combination. Mott's Chunky Apple Sauce. Tempt Breakfast skippers with
  this appetizing alternative to typical breakfast fare. For company, set out
  the ingredients in bowls and invite guests to create their own yogurt
  sundaes.
  
  &gt;Hanneman/Buster 1998-Apr
  
  Recipe by: Motts Applesauce www.motts.com
  
  Posted to MC-Recipe Digest by KitPATh &lt;phannema@wizard.ucr.edu&gt; on Apr 18,
  1998
 
</step></directions></recipe></recipeml>
