<?xml version="1.0" encoding="UTF-8"?>

<recipeml version="0.5">
  <recipe>
    <head>
      <title>Apple Rum Cake</title>
      <categories>
        <cat>Cakes</cat>
        <cat>And</cat>
        <cat>Icings</cat></categories>
      <yield>8</yield></head>
    <ingredients>
      <ing-div>
        <title>CAKE</title>
        <ing>
          <amt>
            <qty>1/4</qty>
            <unit>cups</unit></amt>
          <item>Shortening</item></ing>
        <ing>
          <amt>
            <qty>1</qty>
            <unit>cup</unit></amt>
          <item>Sugar</item></ing>
        <ing>
          <amt>
            <qty>1</qty>
            <unit/></amt>
          <item>Egg</item></ing>
        <ing>
          <amt>
            <qty>1/4</qty>
            <unit>teaspoons</unit></amt>
          <item>Salt</item></ing>
        <ing>
          <amt>
            <qty>1</qty>
            <unit>teaspoon</unit></amt>
          <item>Cinnamon</item></ing>
        <ing>
          <amt>
            <qty>1</qty>
            <unit>teaspoon</unit></amt>
          <item>Nutmeg</item></ing>
        <ing>
          <amt>
            <qty>1</qty>
            <unit>teaspoon</unit></amt>
          <item>Baking soda</item></ing>
        <ing>
          <amt>
            <qty>1</qty>
            <unit>cup</unit></amt>
          <item>Flour</item></ing>
        <ing>
          <amt>
            <qty>2</qty>
            <unit>tablespoons</unit></amt>
          <item>Hot water</item></ing>
        <ing>
          <amt>
            <qty>1</qty>
            <unit>teaspoon</unit></amt>
          <item>Vanilla</item></ing>
        <ing>
          <amt>
            <qty>1/2</qty>
            <unit>cups</unit></amt>
          <item>Chopped nuts</item></ing>
        <ing>
          <amt>
            <qty>2 1/2</qty>
            <unit>cups</unit></amt>
          <item>Apples; pared and cubed</item></ing></ing-div>
      <ing-div>
        <title>RUM SAUCE</title>
        <ing>
          <amt>
            <qty>1/2</qty>
            <unit>cups</unit></amt>
          <item>Butter</item></ing>
        <ing>
          <amt>
            <qty>3/4</qty>
            <unit>cups</unit></amt>
          <item>Brown sugar</item></ing>
        <ing>
          <amt>
            <qty>1/4</qty>
            <unit>cups</unit></amt>
          <item>Cream</item></ing>
        <ing>
          <amt>
            <qty>1/2</qty>
            <unit>teaspoons</unit></amt>
          <item>Rum-flavored extract OR; 1-2 T. rum</item></ing></ing-div></ingredients>
    <directions>
      <step>  Cake - Cream together shortening and sugar. Add remaining cake ingredients
  through apples in order listed. Mix well. Pour into greased, 9-inch round
  cake pan or pie plate. Bake at 350 degrees for 45-60 minutes.
  
  Rum Sauce - Melt butter. Add brown sugar and boil 1 minute. Add cream and
  boil a few more seconds. Remove from heat and stir in rum extract or rum.
  
  Serve cake with warm rum sauce.
  
  Recipe by: Applehood &amp; Motherpie/Jr. League of Rochester, NY
  
  Posted to TNT Recipes Digest by SilkyKitty &lt;SilkyKitty@prodigy.net&gt; on Feb
  02, 1998
 
</step></directions></recipe></recipeml>
