<?xml version="1.0" encoding="UTF-8"?>

<recipeml version="0.5">
  <recipe>
    <head>
      <title>Apple Stuffed Mushrooms</title>
      <categories>
        <cat>Appetizers</cat>
        <cat>Vegetables</cat>
        <cat>Apples</cat></categories>
      <yield>32</yield></head>
    <ingredients>
      <ing-div>
        <title>PATTI - VDRJ67A</title>
        <ing>
          <amt>
            <qty>32</qty>
            <unit>large</unit></amt>
          <item>Mushrooms, fresh</item></ing>
        <ing>
          <amt>
            <qty/>
            <unit/></amt>
          <item>Vegetable cooking spray</item></ing>
        <ing>
          <amt>
            <qty>3</qty>
            <unit>tablespoons</unit></amt>
          <item>Celery; finely chopped</item></ing>
        <ing>
          <amt>
            <qty>1/2</qty>
            <unit>cups</unit></amt>
          <item>Apple; minced</item></ing>
        <ing>
          <amt>
            <qty>2</qty>
            <unit>tablespoons</unit></amt>
          <item>Fine, dry breadcrumbs</item></ing>
        <ing>
          <amt>
            <qty>1</qty>
            <unit>tablespoon</unit></amt>
          <item>Parsley, fresh; chopped</item></ing>
        <ing>
          <amt>
            <qty>2</qty>
            <unit>tablespoons</unit></amt>
          <item>Walnuts; finely chopped toasted</item></ing>
        <ing>
          <amt>
            <qty>1</qty>
            <unit>tablespoon</unit></amt>
          <item>Blue cheese; crumbled</item></ing>
        <ing>
          <amt>
            <qty>2</qty>
            <unit>teaspoons</unit></amt>
          <item>Lemon juice</item></ing></ing-div></ingredients>
    <directions>
      <step>  Clean mushrooms with damp paper towels. Remove stems; finely chop 1/3 cup
  of stems, reserving remaining stems for another use. Set mushroom caps
  aside. Coat a small skillet with cooking spray; place over medium-high heat
  until hot. Add 1/3 cup reserved chopped mushroom stems and celery; saute 2
  minutes or until tender. Combine celery mix, apple and next 5 ingredients
  in a small bowl; stir well. Spoon
    1-1/2 ts apple mix into each reserved mushroom cap. Place mushrooms in a
  15x10" jelly roll pan; bake at 350~ for 15 minutes.
  
  From Gemini's MASSIVE MealMaster collection at www.synapse.com/~gemini
 
</step></directions></recipe></recipeml>
