<?xml version="1.0" encoding="UTF-8"?>

<recipeml version="0.5">
  <recipe>
    <head>
      <title>Apple Squares</title>
      <categories>
        <cat>Apples</cat>
        <cat>Cookies</cat></categories>
      <yield>12</yield></head>
    <ingredients>
      <ing-div>
        <title/>
        <ing>
          <amt>
            <qty>2 1/2</qty>
            <unit>cups</unit></amt>
          <item>Flour</item></ing>
        <ing>
          <amt>
            <qty>2</qty>
            <unit>teaspoons</unit></amt>
          <item>Baking powder</item></ing>
        <ing>
          <amt>
            <qty>1</qty>
            <unit>teaspoon</unit></amt>
          <item>Baking soda</item></ing>
        <ing>
          <amt>
            <qty>1/4</qty>
            <unit>teaspoons</unit></amt>
          <item>Salt</item></ing>
        <ing>
          <amt>
            <qty>1</qty>
            <unit>cup</unit></amt>
          <item>Butter or margarine</item></ing>
        <ing>
          <amt>
            <qty>2</qty>
            <unit>cups</unit></amt>
          <item>Sugar</item></ing>
        <ing>
          <amt>
            <qty>2</qty>
            <unit/></amt>
          <item>Eggs</item></ing>
        <ing>
          <amt>
            <qty>3</qty>
            <unit>cups</unit></amt>
          <item>Apples; peeled, chopped</item></ing>
        <ing>
          <amt>
            <qty>3/4</qty>
            <unit>cups</unit></amt>
          <item>Nuts; chopped</item></ing></ing-div>
      <ing-div>
        <title>GLAZE</title>
        <ing>
          <amt>
            <qty>1</qty>
            <unit>cup</unit></amt>
          <item>Confectioner's sugar</item></ing>
        <ing>
          <amt>
            <qty>1</qty>
            <unit>tablespoon</unit></amt>
          <item>Butter or margarine</item></ing>
        <ing>
          <amt>
            <qty>1</qty>
            <unit>tablespoon</unit></amt>
          <item>Corn syrup</item></ing>
        <ing>
          <amt>
            <qty>1</qty>
            <unit>tablespoon</unit></amt>
          <item>Milk</item></ing></ing-div></ingredients>
    <directions>
      <step>  Sift together flour, baking powder, baking soda and salt; set aside. Cream
  together butter and sugar. Add eggs, beating well. Beat in flour mixture
  until smooth. Fold in apples and nuts. Spread in bottom of 9 x 13 baking
  dish. Bake at 350 for 35 to 45 minutes. Cut into squares while warm.
  
  GLAZE Combine all ingredients in small saucepan; heat and drizzle over
  squares.
  
  Source: Favorite Apple Recipes
  
  Recipe by: Favorite Apple Recipes
  
  Posted to TNT - Prodigy's Recipe Exchange Newsletter  by
  MarySpero@prodigy.com (MS MARY E SPERO) on 5 No, v 1997
 
</step></directions></recipe></recipeml>
