<?xml version="1.0" encoding="UTF-8"?>

<recipeml version="0.5">
  <recipe>
    <head>
      <title>Apple Streusel Muffins</title>
      <categories>
        <cat>Bread</cat></categories>
      <yield>18</yield></head>
    <ingredients>
      <ing-div>
        <title/>
        <ing>
          <amt>
            <qty>2</qty>
            <unit>cups</unit></amt>
          <item>All purpose flour</item></ing>
        <ing>
          <amt>
            <qty>1</qty>
            <unit>cup</unit></amt>
          <item>Sugar</item></ing>
        <ing>
          <amt>
            <qty>1/4</qty>
            <unit>cups</unit></amt>
          <item>Margarine or butter melted</item></ing>
        <ing>
          <amt>
            <qty>1 1/4</qty>
            <unit>teaspoons</unit></amt>
          <item>Ground cinnamon</item></ing>
        <ing>
          <amt>
            <qty>1/2</qty>
            <unit>teaspoons</unit></amt>
          <item>Baking soda</item></ing>
        <ing>
          <amt>
            <qty>1/2</qty>
            <unit>teaspoons</unit></amt>
          <item>Salt</item></ing>
        <ing>
          <amt>
            <qty>2</qty>
            <unit/></amt>
          <item>Eggs</item></ing>
        <ing>
          <amt>
            <qty>1</qty>
            <unit>container</unit></amt>
          <item>(8-oz) sour cream</item></ing>
        <ing>
          <amt>
            <qty>1</qty>
            <unit>cup</unit></amt>
          <item>Finely chopped unpeeled apples</item></ing>
        <ing>
          <amt>
            <qty>1</qty>
            <unit>teaspoon</unit></amt>
          <item>Baking powder</item></ing></ing-div>
      <ing-div>
        <title>TOPPING</title>
        <ing>
          <amt>
            <qty>1/4</qty>
            <unit>cups</unit></amt>
          <item>Sugar</item></ing>
        <ing>
          <amt>
            <qty>3</qty>
            <unit>tablespoons</unit></amt>
          <item>All purpose flour</item></ing>
        <ing>
          <amt>
            <qty>1/4</qty>
            <unit>teaspoons</unit></amt>
          <item>Ground cinnamon</item></ing>
        <ing>
          <amt>
            <qty>3</qty>
            <unit>tablespoons</unit></amt>
          <item>Margarine or butter</item></ing></ing-div></ingredients>
    <directions>
      <step>  From: "Ms. Martin" &lt;kmart1@POP.UKY.EDU&gt;
  
  Date: Tue, 2 Jul 1996 11:44:58 -0400
  1. Preheat oven to 400 degrees. Grease 18 muffin cups or line with paper.
  
  2. In a large bowl, stir together the flour, sugar, cinnamon, baking soda,
  and salt.
  
  3. In a small mixing bowl, beat the eggs. Stir in the sour cream and the
  melted butter. Add the egg mixture to the flour misture along with the
  chopped apples. Stir just until moistened.
  
  4. Spoon the batter into the prepared muffin cups, filling them 2/3 full.
  
  5. Then in a small bowl, stir together the sugar, flour and cinnamon for
  the topping. Using a pastry cutter, or fork, cut in the 2 tbsp of margarine
  or butter until the mixture resembles coarse crumbs. Sprinkle a portion of
  the topping on each muffin.
  
  6. Bake the muffins for 20 to 25 minutes or until the tops are golden
  brown.
  
  EAT-L DIGEST  1 JULY 96
  
  From the EAT-L recipe list.  Downloaded from Glen's MM Recipe Archive,
  http://www.erols.com/hosey.
 
</step></directions></recipe></recipeml>
