<?xml version="1.0" encoding="UTF-8"?>

<recipeml version="0.5">
  <recipe>
    <head>
      <title>Apple Sausage Cheddar Quiche</title>
      <categories>
        <cat>Breakfast a</cat>
        <cat>Casseroles</cat></categories>
      <yield>6</yield></head>
    <ingredients>
      <ing>
        <amt>
          <qty>2</qty>
          <unit>cups</unit></amt>
        <item>Day old French bread</item></ing>
      <ing>
        <amt>
          <qty>3</qty>
          <unit/></amt>
        <item>Link sausages; precooked and, cut in 1/4" slices</item></ing>
      <ing>
        <amt>
          <qty>1</qty>
          <unit/></amt>
        <item>Granny Smith apple; peeled and chopped</item></ing>
      <ing>
        <amt>
          <qty>3</qty>
          <unit/></amt>
        <item>Eggs</item></ing>
      <ing>
        <amt>
          <qty>1</qty>
          <unit>cup</unit></amt>
        <item>Milk</item></ing>
      <ing>
        <amt>
          <qty>1 1/2</qty>
          <unit>cups</unit></amt>
        <item>Shredded cheddar cheese</item></ing>
      <ing>
        <amt>
          <qty>1/4</qty>
          <unit>cups</unit></amt>
        <item>Shredded Swiss cheese</item></ing></ingredients>
    <directions>
      <step>  Tear French bread into 1-inch pieces. Cover the bottom of an ungreased
  quiche dish with bread pieces. Add the sliced sausage and apple. In a
  medium bowl, whisk the eggs and milk together and pour over the bread
  mixture. Bake at 350° F for 40 minutes. Cool 10 minutes before slicing.
  Makes 6 servings.
  
  Recipe by: The Kingsley House B &amp; B, Fennville, MI
  
  Posted to recipelu-digest Volume 01 Number 566 by Crane Walden
  &lt;cranew@foothill.net&gt; on Jan 20, 1998
 
</step></directions></recipe></recipeml>
