<?xml version="1.0" encoding="UTF-8"?>

<recipeml version="0.5">
  <recipe>
    <head>
      <title>Apple Spice Loaf</title>
      <categories>
        <cat>None</cat></categories>
      <yield>1</yield></head>
    <ingredients>
      <ing>
        <amt>
          <qty>1 1/2</qty>
          <unit>cups</unit></amt>
        <item>Flour</item></ing>
      <ing>
        <amt>
          <qty>1/2</qty>
          <unit>teaspoons</unit></amt>
        <item>Baking soda</item></ing>
      <ing>
        <amt>
          <qty>1/2</qty>
          <unit>teaspoons</unit></amt>
        <item>Ground cinnamon</item></ing>
      <ing>
        <amt>
          <qty>1/4</qty>
          <unit>teaspoons</unit></amt>
        <item>Baking powder</item></ing>
      <ing>
        <amt>
          <qty>1/4</qty>
          <unit>teaspoons</unit></amt>
        <item>Ground nutmeg</item></ing>
      <ing>
        <amt>
          <qty>2</qty>
          <unit/></amt>
        <item>Egg whites; beaten</item></ing>
      <ing>
        <amt>
          <qty>3/4</qty>
          <unit>cups</unit></amt>
        <item>Brown sugar</item></ing>
      <ing>
        <amt>
          <qty>3/4</qty>
          <unit/></amt>
        <item>C.shredded peeled apple</item></ing>
      <ing>
        <amt>
          <qty>3</qty>
          <unit>tablespoons</unit></amt>
        <item>Oil</item></ing>
      <ing>
        <amt>
          <qty>1/2</qty>
          <unit>teaspoons</unit></amt>
        <item>Finely shredded orange peel</item></ing></ingredients>
    <directions>
      <step>  In a small bowl stir together flour, soda, cinnamon, baking powder, and
  nutmeg. In a large bowl stir together egg whites, brown sugar, apple, oil,
  and orange peel. Stir flour mixture into apple mixture just til combined.
  Spray an 8x4x2-inch loaf pan with nonstick spray coating. Pour batter into
  pan. Bake in a 350 degrees oven-gas mark 4. For 45-50 minutes. Check with
  toothpick to see if it comes out clean,
  
  Posted to Bakery-Shoppe Digest V1 #398 by Penney Wilfort &lt;penney-w@pe.net&gt;
  on Nov 18, 1997
 
</step></directions></recipe></recipeml>
