<?xml version="1.0" encoding="UTF-8"?>

<recipeml version="0.5">
  <recipe>
    <head>
      <title>Apple Stir-Fried Pork</title>
      <categories>
        <cat>Meat</cat></categories>
      <yield>6</yield></head>
    <ingredients>
      <ing>
        <amt>
          <qty>2</qty>
          <unit>pounds</unit></amt>
        <item>Pork steak; deboned &amp; cut into 1/8-inch strips</item></ing>
      <ing>
        <amt>
          <qty>2</qty>
          <unit>tablespoons</unit></amt>
        <item>Light soy sauce</item></ing>
      <ing>
        <amt>
          <qty>2</qty>
          <unit>tablespoons</unit></amt>
        <item>Dry sherry</item></ing>
      <ing>
        <amt>
          <qty>1/4</qty>
          <unit>teaspoons</unit></amt>
        <item>Fresh grated ginger</item></ing>
      <ing>
        <amt>
          <qty>3</qty>
          <unit>tablespoons</unit></amt>
        <item>Peanut oil</item></ing>
      <ing>
        <amt>
          <qty>4</qty>
          <unit/></amt>
        <item>Cloves garlic; peeled &amp; sliced paper thin</item></ing>
      <ing>
        <amt>
          <qty>1</qty>
          <unit>large</unit></amt>
        <item>Yellow onion; sliced</item></ing>
      <ing>
        <amt>
          <qty>3</qty>
          <unit/></amt>
        <item>Golden Delicious apples; cored and sliced</item></ing>
      <ing>
        <amt>
          <qty>1</qty>
          <unit>tablespoon</unit></amt>
        <item>Sesame oil</item></ing>
      <ing>
        <amt>
          <qty>1/4</qty>
          <unit>teaspoons</unit></amt>
        <item>Fresh ground black pepper</item></ing>
      <ing>
        <amt>
          <qty>4</qty>
          <unit/></amt>
        <item>Green onions; chopped, for garnish</item></ing></ingredients>
    <directions>
      <step>  SERVES 6
  
    Have you thought about garlic with apples? Well, the two belong together,
  absolutely belong together. This is a quick dish that is not terribly
  sweet, as you would expect, but very flavorful.
  
    Cut the pork steak as instructed and marinate for 15 minutes in the soy,
  sherry, and ginger. Heat a wok or large frying pan and add the oil and
  garlic. Drain the marinade from the meat and saut‚ the meat over very high
  heat until done to your liking, about 6 minutes. Remove the meat from the
  pan and add the onion slices. Saut‚ until tender and then add the apple
  slices. Saut‚ just until they begin to brown. Return the meat to the pan,
  add the sesame oil and pepper, and toss. Top with the green onions as a
  garnish. Serve immediately.
  
    This is a whole meal if you simply add Macaroni Pie (see recipe) and a
  green salad.
  
  From &lt;The Frugal Gourmet Cooks American&gt;.  Downloaded from Glen's MM Recipe
  Archive, http://www.erols.com/hosey.
 
</step></directions></recipe></recipeml>
