<?xml version="1.0" encoding="UTF-8"?>

<recipeml version="0.5">
  <recipe>
    <head>
      <title>Apple Scones #2</title>
      <categories>
        <cat>Bread</cat></categories>
      <yield>12</yield></head>
    <ingredients>
      <ing>
        <amt>
          <qty>2</qty>
          <unit>cups</unit></amt>
        <item>All purpose flour</item></ing>
      <ing>
        <amt>
          <qty>1/4</qty>
          <unit>cups</unit></amt>
        <item>Granulated sugar</item></ing>
      <ing>
        <amt>
          <qty>2</qty>
          <unit>teaspoons</unit></amt>
        <item>Baking powder</item></ing>
      <ing>
        <amt>
          <qty>1/2</qty>
          <unit>teaspoons</unit></amt>
        <item>Baking soda</item></ing>
      <ing>
        <amt>
          <qty>1/2</qty>
          <unit>teaspoons</unit></amt>
        <item>Salt</item></ing>
      <ing>
        <amt>
          <qty>1/4</qty>
          <unit>cups</unit></amt>
        <item>Cold butter or margarine</item></ing>
      <ing>
        <amt>
          <qty>1</qty>
          <unit/></amt>
        <item>Shredded apple</item></ing>
      <ing>
        <amt>
          <qty>1/2</qty>
          <unit>cups</unit></amt>
        <item>Milk</item></ing>
      <ing>
        <amt>
          <qty/>
          <unit/></amt>
        <item>Milk for brushing tops</item></ing>
      <ing>
        <amt>
          <qty/>
          <unit/></amt>
        <item>Sugar for sprinkling</item></ing>
      <ing>
        <amt>
          <qty/>
          <unit/></amt>
        <item>Cinnamon for sprinkling</item></ing></ingredients>
    <directions>
      <step>  From: hz225wu@unidui.uni-duisburg.de (Micaela Pantke)
  
  Date: Tue, 27 Jul 93 13:13:42 +0200
  
  From: vigil@esca.com (Sandra)
  
  Measure flour, sugar, baking powder, soda and salt into large bowl. Cut in
  butter until crumbly. Add shredded apple and milk. Stir to form stiff
  dough. Turn out on lightly floured surface. Knead gently 8-10 times. Pat
  into two six inch circles. Place on greased baking sheet. Brush tops with
  milk. Sprinkle with sugar and cinnamon. Score each top into 6 pie shaped
  wedges.  Bake in 425 F oven for 15 minutes until browned and risen. Serve
  warm with butter. Variation: Currant Apple Scones - Add 1/2 cup currants to
  batter.
  
  REC.FOOD.RECIPES
  
  From rec.food.cooking archives.  Downloaded from Glen's MM Recipe Archive,
  http://www.erols.com/hosey.
 
</step></directions></recipe></recipeml>
