<?xml version="1.0" encoding="UTF-8"?>

<recipeml version="0.5">
  <recipe>
    <head>
      <title>Apple Strudel with Filo Dough</title>
      <categories>
        <cat>None</cat></categories>
      <yield>1</yield></head>
    <ingredients>
      <ing>
        <amt>
          <qty>1</qty>
          <unit>pound</unit></amt>
        <item>Apples; thinly sliced</item></ing>
      <ing>
        <amt>
          <qty>1/3</qty>
          <unit>cups</unit></amt>
        <item>Sugar</item></ing>
      <ing>
        <amt>
          <qty>1/2</qty>
          <unit>teaspoons</unit></amt>
        <item>Cinnamon; ground</item></ing>
      <ing>
        <amt>
          <qty>5</qty>
          <unit/></amt>
        <item>Sheets filo dough</item></ing>
      <ing>
        <amt>
          <qty>1/2</qty>
          <unit>cups</unit></amt>
        <item>Butter; melted</item></ing>
      <ing>
        <amt>
          <qty/>
          <unit/></amt>
        <item>Whipped cream or custard sauce</item></ing></ingredients>
    <directions>
      <step>  Notes: By Janet Galasso, Lehighton. The Times News, PA
  
  Preheat oven at 400€. Peel and core fresh apples. Cut each into four
  wedges, then into thin slices. Sprinkle with 2/3 of cinnamon and sugar and
  mix lightly. Set aside. On a clean kitchen towel, put a single layer of
  filo dough. Brush with melted butter. Place another piece of dough on top
  and repeat until all five pieces of dough have been layered with butter.
  Place apple mixture on upper third of filo dough layers. Sprinkle with
  remaining cinnamon, sugar and roll dough, using towel to lift dough, as
  tightly as possible around apples. Place rolled dough, seam side down, on a
  buttered baking dish and brush top with remaining butter. Add a little more
  cinnamon sugar to top of roll. Bake for 30 minutes or until golden brown.
  Serve hot with whipped cream or custard sauce. You can buy filo dough in
  the freezer at your grocery store.
  
  Posted to recipelu-digest by ncanty@juno.com (Nadia I Canty) on Mar 6, 1998
 
</step></directions></recipe></recipeml>
