<?xml version="1.0" encoding="UTF-8"?>

<recipeml version="0.5">
  <recipe>
    <head>
      <title>Apple Snowballs</title>
      <categories>
        <cat>Cyberealm</cat>
        <cat>Desserts</cat></categories>
      <yield>6</yield></head>
    <ingredients>
      <ing-div>
        <title>FROM BRIGITTE SEALING</title>
        <ing>
          <amt>
            <qty>6</qty>
            <unit/></amt>
          <item>Red delicious apples</item></ing>
        <ing>
          <amt>
            <qty>3/4</qty>
            <unit>cups</unit></amt>
          <item>Soft butter</item></ing>
        <ing>
          <amt>
            <qty>1 1/2</qty>
            <unit>cups</unit></amt>
          <item>Brown sugar</item></ing>
        <ing>
          <amt>
            <qty>1/2</qty>
            <unit>teaspoons</unit></amt>
          <item>Orange rind, fresh grated</item></ing>
        <ing>
          <amt>
            <qty>1</qty>
            <unit>tablespoon</unit></amt>
          <item>Cinnamon</item></ing>
        <ing>
          <amt>
            <qty>1</qty>
            <unit>teaspoon</unit></amt>
          <item>Allspice</item></ing>
        <ing>
          <amt>
            <qty/>
            <unit/></amt>
          <item>Pastry for two crust pie</item></ing>
        <ing>
          <amt>
            <qty>1</qty>
            <unit/></amt>
          <item>Egg</item></ing>
        <ing>
          <amt>
            <qty>1</qty>
            <unit>tablespoon</unit></amt>
          <item>Water</item></ing></ing-div></ingredients>
    <directions>
      <step>  Core and pare apples. In a medium bowl, cream butter with sugar,
  orange rind, and spices. Spoon into core of apples. Roll out pastry,
  cut into 6 inch squares, and wrap around apples. Beat together egg
  and water. Place apples on a baking sheet and brush with egg/water
  mixture. Bake at 425F for 15 minutes, then reduce heat to 350F and
  bake 40 minutes longer, or until apples are done and pastry is brown.
  
  Source: Womens Circle Magazine
  Typed in MM format by Linda Fields, Cyberealm BBS Watertown NY
  315-786-1120
  
  File ftp://ftp.idiscover.co.uk/pub/food/mealmaster/recipes/mmcyber4.zip
 
</step></directions></recipe></recipeml>
