<?xml version="1.0" encoding="UTF-8"?>

<recipeml version="0.5">
  <recipe>
    <head>
      <title>Apple Squares</title>
      <categories>
        <cat>Apples</cat>
        <cat>Cookies</cat></categories>
      <yield>15</yield></head>
    <ingredients>
      <ing>
        <amt>
          <qty>2</qty>
          <unit>cups</unit></amt>
        <item>Unbleached white flour</item></ing>
      <ing>
        <amt>
          <qty>2</qty>
          <unit>cups</unit></amt>
        <item>Brown sugar; firmly packed</item></ing>
      <ing>
        <amt>
          <qty>1/2</qty>
          <unit>cups</unit></amt>
        <item>Butter or margarine</item></ing>
      <ing>
        <amt>
          <qty>1</qty>
          <unit>cup</unit></amt>
        <item>Chopped nuts (optional)</item></ing>
      <ing>
        <amt>
          <qty>1</qty>
          <unit>teaspoon</unit></amt>
        <item>Cinnamon; (1 to 2)</item></ing>
      <ing>
        <amt>
          <qty>1</qty>
          <unit>teaspoon</unit></amt>
        <item>Soda</item></ing>
      <ing>
        <amt>
          <qty>1/2</qty>
          <unit>teaspoons</unit></amt>
        <item>Salt</item></ing>
      <ing>
        <amt>
          <qty>1</qty>
          <unit>cup</unit></amt>
        <item>Sour cream or yogurt</item></ing>
      <ing>
        <amt>
          <qty>1</qty>
          <unit>teaspoon</unit></amt>
        <item>Vanilla</item></ing>
      <ing>
        <amt>
          <qty>1</qty>
          <unit/></amt>
        <item>Egg</item></ing>
      <ing>
        <amt>
          <qty>2</qty>
          <unit>cups</unit></amt>
        <item>Apples; peeled and finely</item></ing>
      <ing>
        <amt>
          <qty/>
          <unit/></amt>
        <item>Chopped (about 2 apples)</item></ing></ingredients>
    <directions>
      <step>  Preheat oven to 350 deg. F.
  
  In a large bowl, combine the flour, brown sugar and margarine. Blend at low
  speed, until the mixture forms fine crumbs. If you want to include them,
  stir in the nuts now.
  
  Place 2 3/4 cups of the crumb mixture into an ungreased 13x9 inch pan.
  Press down firmly.
  
  Add the remaining ingredients (except for the apples) to the remaining
  crumb mixture. Blend well.
  
  Stir the chopped apples into the batter. Spoon the batter evenly over the
  crumb base in the pan.
  
  Bake at 350 deg. F for 30-40 minutes. If you use the larger pan, bake for
  25-30 minutes.
  
  Cool before cutting. Better yet, let it wait 24 hours before cutting.
  
  Store loosely covered.
  Recipe By     : Pilsbury Bake Off
  
  Posted to EAT-L Digest 14 October 96
  
  Date:    Tue, 15 Oct 1996 07:11:44 -0400
  
  From:          Gregory V Pomykala &lt;pomski@JUNO.COM&gt;
 
</step></directions></recipe></recipeml>
