<?xml version="1.0" encoding="UTF-8"?>

<recipeml version="0.5">
  <recipe>
    <head>
      <title>Banana Spice Bread</title>
      <categories>
        <cat>Low fat</cat>
        <cat>Breads</cat></categories>
      <yield>12</yield></head>
    <ingredients>
      <ing>
        <amt>
          <qty>1 3/4</qty>
          <unit>cups</unit></amt>
        <item>All-purpose flour</item></ing>
      <ing>
        <amt>
          <qty>2</qty>
          <unit>teaspoons</unit></amt>
        <item>Baking powder</item></ing>
      <ing>
        <amt>
          <qty>1/2</qty>
          <unit>teaspoons</unit></amt>
        <item>Ground cinnamon</item></ing>
      <ing>
        <amt>
          <qty>1/4</qty>
          <unit>teaspoons</unit></amt>
        <item>Ground cloves</item></ing>
      <ing>
        <amt>
          <qty>1/4</qty>
          <unit>teaspoons</unit></amt>
        <item>Lite salt (optional)</item></ing>
      <ing>
        <amt>
          <qty>1/4</qty>
          <unit>cups</unit></amt>
        <item>Oat bran</item></ing>
      <ing>
        <amt>
          <qty>2</qty>
          <unit/></amt>
        <item>Egg beaters¨ 99% egg</item></ing>
      <ing>
        <amt>
          <qty/>
          <unit/></amt>
        <item>Substitute</item></ing>
      <ing>
        <amt>
          <qty>1</qty>
          <unit>cup</unit></amt>
        <item>Brown sugar -- packed</item></ing>
      <ing>
        <amt>
          <qty>1/3</qty>
          <unit>cups</unit></amt>
        <item>Liquid Butter Buds</item></ing>
      <ing>
        <amt>
          <qty>3</qty>
          <unit>medium</unit></amt>
        <item>Ripe bananas (1 1/2 cups) --</item></ing>
      <ing>
        <amt>
          <qty/>
          <unit/></amt>
        <item>Mashed</item></ing></ingredients>
    <directions>
      <step>  Preheat oven to 350 degrees F.  Spray a 9x5 inch loaf pan with a non-fat
  cooking spray.
  
  Sift flour, baking powder, cinnamon, cloves, and lite salt into a medium
  size bowl.  Stir in oat bran; set aside.
  
  In another medium size bowl, beat together Egg Beaters, brown sugar, and
  liquid Butter Buds; add bananas.
  
  Add dry ingredients to banana mixture.  Beat until just combined.  Pour
  into
  prepared loaf  pan.
  
  Bake in oven for 50 minutes.  Remove from pan.  Cool on wire rack.
  
  Yields: One loaf (12 slices)
  
  Posted to MC-Recipe Digest V1 #158
  
  Date: Wed, 17 Jul 1996 12:17:24 -0600
  
  From: Shirley Jordan &lt;shirleyj@pacificrim.net&gt;
  
  Recipe By     : Butter Busters - Pam Mycoskie
 
</step></directions></recipe></recipeml>
