<?xml version="1.0" encoding="UTF-8"?>

<recipeml version="0.5">
  <recipe>
    <head>
      <title>Banana Split Sundaes</title>
      <categories>
        <cat>Bananas</cat>
        <cat>Ice cream</cat>
        <cat>Desserts</cat></categories>
      <yield>2</yield></head>
    <ingredients>
      <ing>
        <amt>
          <qty>2</qty>
          <unit>ounces</unit></amt>
        <item>Semisweet Chocolate</item></ing>
      <ing>
        <amt>
          <qty>1/4</qty>
          <unit>cups</unit></amt>
        <item>Light Corn Syrup</item></ing>
      <ing>
        <amt>
          <qty>1/4</qty>
          <unit>cups</unit></amt>
        <item>Sweetened Condensed Milk</item></ing>
      <ing>
        <amt>
          <qty>1/4</qty>
          <unit>teaspoons</unit></amt>
        <item>Vanilla</item></ing>
      <ing>
        <amt>
          <qty/>
          <unit/></amt>
        <item>Ice Cream</item></ing>
      <ing>
        <amt>
          <qty>2</qty>
          <unit>tablespoons</unit></amt>
        <item>Unsalted, Roasted Peanuts</item></ing>
      <ing>
        <amt>
          <qty>2</qty>
          <unit/></amt>
        <item>Small Bananas, Quartered</item></ing></ingredients>
    <directions>
      <step>  Place chocolate in a 2-cup measure.  Micro-cook, uncovered, on 100% power
  for 2 to 3 minutes or till melted, stirring once.  Stir in corn syrup, and
  sweetened condensed milk.  Micor-cook, uncovered, on 100% power for 45
  seconds to 1 minute or till heated through.  Stir in vanilla.  Serve warm
  atop ice cream.  Sprinkle with peanuts.  Arranged quartered bananas around
  ice cream.
  
  From Better Homes &amp; Gardens "Microwave Cooking for One or Two".
  File ftp://ftp.idiscover.co.uk/pub/food/mealmaster/recipes/mwc-4-2.zip
 
</step></directions></recipe></recipeml>
