<?xml version="1.0" encoding="UTF-8"?>

<recipeml version="0.5">
  <recipe>
    <head>
      <title>Banana Strips with Apricot Sauce and Blueberries</title>
      <categories>
        <cat>Desserts</cat>
        <cat>Fruit</cat>
        <cat>Low fat</cat></categories>
      <yield>6</yield></head>
    <ingredients>
      <ing>
        <amt>
          <qty>17</qty>
          <unit>ounces</unit></amt>
        <item>Apricots -- in unsweetened</item></ing>
      <ing>
        <amt>
          <qty/>
          <unit/></amt>
        <item>Juice</item></ing>
      <ing>
        <amt>
          <qty>2</qty>
          <unit>tablespoons</unit></amt>
        <item>Dark Rum -- optional</item></ing>
      <ing>
        <amt>
          <qty>1</qty>
          <unit>tablespoon</unit></amt>
        <item>Lemon Juice</item></ing>
      <ing>
        <amt>
          <qty>6</qty>
          <unit>medium</unit></amt>
        <item>Bananas</item></ing>
      <ing>
        <amt>
          <qty>1/2</qty>
          <unit>cups</unit></amt>
        <item>Blueberries</item></ing></ingredients>
    <directions>
      <step>  If you have the ingredients on hand, this is a 5 min dessert - perfect for
  the unexpected guest.  Blueberries on top provide color and a flavor
  contrast that complements the apricot sauce.
  
  Puree the apricots with their juice in a food processor.  Add the rum, if
  desired, and process briefly.
  
  Pour the lemon juice onto a serving platter.  Peel the bananas and quarter
  them lengthwise.  Arrange the bananas on the platter and roll them in the
  lemon juice to slow discoloration.  Pour the apricot sauce over the bananas
  and sprinkle with the blueberries.
  
  Servings:  6
  
  Really good and extremely quick.
  
  Entered into MasterCook II and taste tested for you by Reggie Dwork
  reggie@reggie.com
  
  Recipe By     : Quick &amp; Healthy Cooking, Aug 1995, pg 36
  
  File ftp://ftp.idiscover.co.uk/pub/food/mealmaster/recipes/mmdja006.zip
 
</step></directions></recipe></recipeml>
