<?xml version="1.0" encoding="UTF-8"?>

<recipeml version="0.5">
  <recipe>
    <head>
      <title>Banana Split Shake</title>
      <categories>
        <cat>Desserts</cat></categories>
      <yield>4</yield></head>
    <ingredients>
      <ing>
        <amt>
          <qty>1</qty>
          <unit>can</unit></amt>
        <item>(14 oz) Eagle brand sweetened condensed chocolate; milk</item></ing>
      <ing>
        <amt>
          <qty>2</qty>
          <unit/></amt>
        <item>Ripe bananas sliced</item></ing>
      <ing>
        <amt>
          <qty>4</qty>
          <unit>cups</unit></amt>
        <item>Ice cubes</item></ing></ingredients>
    <directions>
      <step>  In a blender, combine all ingredients and blend until smooth. Serve
  immediately. Garnish as desired. Refrigerate leftovers. Makes about 5 cups.
  
  Recipe by: Eagle Brand Sweetened Condensed Milk
  
  Posted to recipelu-digest Volume 01 Number 493 by PLK1028 &lt;PLK1028@aol.com&gt;
  on Jan 11, 1998
 
</step></directions></recipe></recipeml>
