<?xml version="1.0" encoding="UTF-8"?>

<recipeml version="0.5">
  <recipe>
    <head>
      <title>Banana Split Cake</title>
      <categories>
        <cat>None</cat></categories>
      <yield>1</yield></head>
    <ingredients>
      <ing>
        <amt>
          <qty>2</qty>
          <unit>cups</unit></amt>
        <item>Graham cracker crumbs</item></ing>
      <ing>
        <amt>
          <qty>1</qty>
          <unit/></amt>
        <item>Stick oleo; melted</item></ing>
      <ing>
        <amt>
          <qty>1/2</qty>
          <unit>cups</unit></amt>
        <item>Chopped pecans</item></ing>
      <ing>
        <amt>
          <qty>2</qty>
          <unit>packages</unit></amt>
        <item>(8 ounce) cream cheese</item></ing>
      <ing>
        <amt>
          <qty>1</qty>
          <unit>cup</unit></amt>
        <item>Sugar</item></ing>
      <ing>
        <amt>
          <qty>1</qty>
          <unit>can</unit></amt>
        <item>Crushed pineapple; drained</item></ing>
      <ing>
        <amt>
          <qty>1</qty>
          <unit/></amt>
        <item>Jar strawberry jam</item></ing>
      <ing>
        <amt>
          <qty>4</qty>
          <unit/></amt>
        <item>Bananas; sliced (up to 5)</item></ing>
      <ing>
        <amt>
          <qty>1</qty>
          <unit>container</unit></amt>
        <item>(large) Cool Whip</item></ing>
      <ing>
        <amt>
          <qty/>
          <unit/></amt>
        <item>Cherries</item></ing>
      <ing>
        <amt>
          <qty/>
          <unit/></amt>
        <item>Chopped Pecans</item></ing></ingredients>
    <directions>
      <step>  Combine crumbs, oleo and pecans. Pat in a 9 x 13 inch pan. Let chill 30
  minutes. Cream the cheese and sugar. Spread over crust. Layer the
  pineapple, jam and bananas over cream cheese layer. Top with Cool Whip.
  Sprinkle cherries and chopped pecans on top. Refrigerate.
  
  Posted to TNT - Prodigy's Recipe Exchange Newsletter  by "St.Clair"
  &lt;stclair@vnet.net&gt; on Oct 17, 1997
 
</step></directions></recipe></recipeml>
