<?xml version="1.0" encoding="UTF-8"?>

<recipeml version="0.5">
  <recipe>
    <head>
      <title>Banana Split Ice-Cream Cake</title>
      <categories>
        <cat>Cake</cat></categories>
      <yield>1</yield></head>
    <ingredients>
      <ing>
        <amt>
          <qty>4</qty>
          <unit>cups</unit></amt>
        <item>Strawberry ice cream</item></ing>
      <ing>
        <amt>
          <qty>1/3</qty>
          <unit>cups</unit></amt>
        <item>Chocolate sauce, chilled</item></ing>
      <ing>
        <amt>
          <qty>4</qty>
          <unit>cups</unit></amt>
        <item>Vanilla ice cream</item></ing>
      <ing>
        <amt>
          <qty>14</qty>
          <unit>ounces</unit></amt>
        <item>Canned pineapple</item></ing>
      <ing>
        <amt>
          <qty>4</qty>
          <unit>cups</unit></amt>
        <item>Chocolate ice cream</item></ing>
      <ing>
        <amt>
          <qty>1/2</qty>
          <unit>cups</unit></amt>
        <item>Whipping cream</item></ing>
      <ing>
        <amt>
          <qty>1</qty>
          <unit>tablespoon</unit></amt>
        <item>Icing sugar</item></ing>
      <ing>
        <amt>
          <qty>1</qty>
          <unit/></amt>
        <item>Banana, sliced</item></ing>
      <ing>
        <amt>
          <qty/>
          <unit/></amt>
        <item>STRAWBERRY SAUCE</item></ing>
      <ing>
        <amt>
          <qty>1 1/4</qty>
          <unit>cups</unit></amt>
        <item>Frozen strawberries</item></ing>
      <ing>
        <amt>
          <qty>3</qty>
          <unit>tablespoons</unit></amt>
        <item>Granulated sugar</item></ing>
      <ing>
        <amt>
          <qty>1/2</qty>
          <unit>tablespoons</unit></amt>
        <item>Orange rind, grated</item></ing>
      <ing>
        <amt>
          <qty>1</qty>
          <unit>tablespoon</unit></amt>
        <item>Orange juice, or water</item></ing>
      <ing>
        <amt>
          <qty>1</qty>
          <unit>tablespoon</unit></amt>
        <item>Cornstarch</item></ing>
      <ing>
        <amt>
          <qty/>
          <unit/></amt>
        <item>CHOCOLATE SAUCE</item></ing>
      <ing>
        <amt>
          <qty>1</qty>
          <unit>cup</unit></amt>
        <item>Granulated sugar</item></ing>
      <ing>
        <amt>
          <qty>3/4</qty>
          <unit>cups</unit></amt>
        <item>Whipping cream, or</item></ing>
      <ing>
        <amt>
          <qty/>
          <unit/></amt>
        <item>Evaporated milk</item></ing>
      <ing>
        <amt>
          <qty>1/2</qty>
          <unit>cups</unit></amt>
        <item>Unsweetened cocoa powder</item></ing>
      <ing>
        <amt>
          <qty>1</qty>
          <unit>tablespoon</unit></amt>
        <item>Vanilla</item></ing>
      <ing>
        <amt>
          <qty/>
          <unit>pinches</unit></amt>
        <item>Salt</item></ing></ingredients>
    <directions>
      <step>  Chocolate Sauce: In saucepan, whisk together sugar, shipping cream, cocoa,
  vanilla and salt until smooth; cook over medium heat, stirring for 8-10
  minutes or until thickened and smooth. Let cool. [Makes 1-1/2 cups.]
  
  Cake:
  
  Let strawberry ice cream stand at room temperature for about 20 minutes or
  until spreadable; pack evenly into 9-inch springform pan. Pour chocolate
  sauce over top. Freeze for 15-20 minutes or until firm.
  
  Meanwhile, let vanilla ice cream stand at room temperature for about 20
  minutes or until softened. Meanwhile, drain pineapple and pure in food
  processor; mix into vanilla ice cream. Spread over chocolate layer; freeze
  for 20 minutes or until firm.
  
  Meanwhile, let chocolate ice cream stand at room temperature for 20 minutes
  or until softened; spread over pineapple layer. Freeze for 20 minutes or
  until firm.
  
  [Cake can be prepared to this point, covered and stored in freezer for up
  to 3 days.]
  
  Strawberry Sauce:
  
  Meanwhile, in small saucepan, stir together strawberries, sugar and orange
  rind. Blend orange juice with cornstarch; stir into pan and cook, stirring,
  over medium-high heat for 7-8 minutes or until thickened. Refrigerate until
  chilled.
  
  Whip cream with icing sugar; spread or pipe over top of cake. Remove side
  of pan; garnish with banana and strawberry sauce. Serve immediately.
  
  Source: Canadian Living magazine, Apr 95 Presented in article by Elizabeth
  Baird: "Only The Best" Recipe by Canadian Living Test Kitchen
  
  Posted to EAT-L Digest -  5 June 96
  
  Date:    Thu, 6 Jun 1996 17:24:54 -0700
  
  From:    Martha H Sheppard &lt;marthahs@IX.NETCOM.COM&gt;
  
  Recipe By     : Paul A. Meadows" &lt;ag441@ccn.cs.dal.ca&gt;
  
  From:                                 Date:
 
</step></directions></recipe></recipeml>
