<?xml version="1.0" encoding="UTF-8"?>

<recipeml version="0.5">
  <recipe>
    <head>
      <title>Banana Split Cake</title>
      <categories>
        <cat>Cakes</cat></categories>
      <yield>1</yield></head>
    <ingredients>
      <ing-div>
        <title/>
        <ing>
          <amt>
            <qty>4</qty>
            <unit>ounces</unit></amt>
          <item>Sweet cooking chocolate</item></ing>
        <ing>
          <amt>
            <qty>1/4</qty>
            <unit>cups</unit></amt>
          <item>Water</item></ing>
        <ing>
          <amt>
            <qty>2 1/2</qty>
            <unit>cups</unit></amt>
          <item>All-purpose flour</item></ing>
        <ing>
          <amt>
            <qty>1</qty>
            <unit>teaspoon</unit></amt>
          <item>Salt</item></ing>
        <ing>
          <amt>
            <qty>1</qty>
            <unit>teaspoon</unit></amt>
          <item>Soda</item></ing>
        <ing>
          <amt>
            <qty>3/4</qty>
            <unit>cups</unit></amt>
          <item>Shortening</item></ing>
        <ing>
          <amt>
            <qty>1 1/2</qty>
            <unit>cups</unit></amt>
          <item>Sugar</item></ing>
        <ing>
          <amt>
            <qty>2</qty>
            <unit/></amt>
          <item>Eggs</item></ing>
        <ing>
          <amt>
            <qty>2</qty>
            <unit/></amt>
          <item>Reserved egg whites</item></ing>
        <ing>
          <amt>
            <qty>1</qty>
            <unit>cup</unit></amt>
          <item>Mashed ripe bananas</item></ing>
        <ing>
          <amt>
            <qty>1</qty>
            <unit>teaspoon</unit></amt>
          <item>Vanilla</item></ing>
        <ing>
          <amt>
            <qty>1</qty>
            <unit>cup</unit></amt>
          <item>Buttermilk</item></ing>
        <ing>
          <amt>
            <qty>3/4</qty>
            <unit>cups</unit></amt>
          <item>Chopped nuts</item></ing></ing-div>
      <ing-div>
        <title>FILLING</title>
        <ing>
          <amt>
            <qty>3/4</qty>
            <unit>cups</unit></amt>
          <item>Sugar</item></ing>
        <ing>
          <amt>
            <qty>3/4</qty>
            <unit>cups</unit></amt>
          <item>Evaporated milk</item></ing>
        <ing>
          <amt>
            <qty>2</qty>
            <unit/></amt>
          <item>Eggs; separated (reserving whites for cake)</item></ing>
        <ing>
          <amt>
            <qty>3</qty>
            <unit>tablespoons</unit></amt>
          <item>Butter or margarine</item></ing>
        <ing>
          <amt>
            <qty>3/4</qty>
            <unit>cups</unit></amt>
          <item>Chopped nuts</item></ing>
        <ing>
          <amt>
            <qty>1/4</qty>
            <unit>cups</unit></amt>
          <item>Mashed ripe banana</item></ing>
        <ing>
          <amt>
            <qty>1</qty>
            <unit>teaspoon</unit></amt>
          <item>Vanilla</item></ing></ing-div>
      <ing-div>
        <title>GLAZE</title>
        <ing>
          <amt>
            <qty>1</qty>
            <unit/></amt>
          <item>Sq unsweetened; (3 oz.) chocolate</item></ing>
        <ing>
          <amt>
            <qty>2</qty>
            <unit>tablespoons</unit></amt>
          <item>Butter or margarine</item></ing>
        <ing>
          <amt>
            <qty>3</qty>
            <unit>tablespoons</unit></amt>
          <item>Milk; (3 to 4)</item></ing>
        <ing>
          <amt>
            <qty>1</qty>
            <unit>cup</unit></amt>
          <item>Powdered sugar</item></ing>
        <ing>
          <amt>
            <qty>1/2</qty>
            <unit>teaspoons</unit></amt>
          <item>Vanilla</item></ing>
        <ing>
          <amt>
            <qty/>
            <unit/></amt>
          <item>Chopped nuts</item></ing></ing-div></ingredients>
    <directions>
      <step>  Heat oven to 375 degrees. Grease and flour three 8-inch round cake pans. In
  small saucepan, melt chocolate and water over very low heat, stirring
  constantly. Remove from heat. Lightly spoon flour into measuring cup. Level
  off. In medium bowl, combine flour, soda and salt. Set aside. In large
  bowl, cream shortening gradually. Add sugar. Blend in eggs and reserved egg
  whites. Beat well. Stir in 1 cup mashed bananas, vanilla and chocolate. Add
  flour mixture and buttermilk alternately; blend well. Stir in chopped nuts.
  Pour batter evenly into prepared pans. Bake for 25 to 30 minutes. Cool 5
  minutes. Remove from pans and cool completely. Place cake layers on serving
  plate. Spread 1/2 of filling over cake. Repeat with second layer. Top with
  third layer. Spoon glaze over top, allowing to drizzle down sides of cake.
  Sprinkle with chopped nuts, if desired. Refrigerate leftovers. Makes 16
  servings.
  
  Filling Instructions: In medium saucepan, combine sugar, evaporated milk,
  egg yolks and butter. Cook over medium heat, about 10 to 14 minutes, until
  thickened, stirring constantly. Add 3/4 cup nuts, 1/4 cup mashed bananas
  and vanilla; cool to spreading consistency, stirring occasionally.
  
  Glaze Instructions: In small saucepan, combine unsweetened chocolate,
  butter and milk. Cook over low heat until chocolate melts, stirring
  occasionally. Remove from heat. Add powdered sugar and vanilla. Beat until
  smooth.
  Posted to recipelu-digest by "Diane Geary" &lt;diane@keyway.net&gt; on Feb 6,
  1998
 
</step></directions></recipe></recipeml>
