<?xml version="1.0" encoding="UTF-8"?>

<recipeml version="0.5">
  <recipe>
    <head>
      <title>Banana Spice Bread</title>
      <categories>
        <cat>Breads</cat></categories>
      <yield>8</yield></head>
    <ingredients>
      <ing>
        <amt>
          <qty>2</qty>
          <unit>teaspoons</unit></amt>
        <item>Baking powder</item></ing>
      <ing>
        <amt>
          <qty>1/4</qty>
          <unit>teaspoons</unit></amt>
        <item>Baking soda</item></ing>
      <ing>
        <amt>
          <qty>1/2</qty>
          <unit>teaspoons</unit></amt>
        <item>Salt</item></ing>
      <ing>
        <amt>
          <qty>1</qty>
          <unit>teaspoon</unit></amt>
        <item>Cinnamon</item></ing>
      <ing>
        <amt>
          <qty>1/4</qty>
          <unit>teaspoons</unit></amt>
        <item>Cloves</item></ing>
      <ing>
        <amt>
          <qty>1/2</qty>
          <unit>cups</unit></amt>
        <item>Honey</item></ing>
      <ing>
        <amt>
          <qty>2</qty>
          <unit/></amt>
        <item>Eggs; beaten well</item></ing>
      <ing>
        <amt>
          <qty>1/3</qty>
          <unit>cups</unit></amt>
        <item>Salad oil</item></ing>
      <ing>
        <amt>
          <qty>1</qty>
          <unit>cup</unit></amt>
        <item>Bananas; mashed</item></ing>
      <ing>
        <amt>
          <qty>1/2</qty>
          <unit>cups</unit></amt>
        <item>Nuts; chopped</item></ing>
      <ing>
        <amt>
          <qty>1 3/4</qty>
          <unit>cups</unit></amt>
        <item>Flour; sifted</item></ing></ingredients>
    <directions>
      <step>  Sift dry ingredients together. Combine honey, eggs, salad oil and mashed
  bananas. Add to dry ingredients and beat until smooth. Add nuts. Pour into
  greased 9 x5 x3 inch loaf pan or two small greased 8-1/2 x 1/2 x 2-1/2 inch
  loaf pans. Bake in a 350 degree oven, 50 to 65 minutes in a large pan or
  45-50 minutes in small pans, or until toothpick inserted in center comes
  out clean. Remove from pan and cool before slicing. Glaze loaf with thin
  confectioners' sugar icing if you like, or serve plain.
  
  Recipe by: Unknown
  
  Posted to Bakery-Shoppe Digest V1 #397 by Lea &lt;lhoover@ptialaska.net&gt; on
  Nov 18, 1997
 
</step></directions></recipe></recipeml>
