<?xml version="1.0" encoding="UTF-8"?>

<recipeml version="0.5">
  <recipe>
    <head>
      <title>Banana Walnut Bundt Cake</title>
      <categories>
        <cat>Cakes</cat></categories>
      <yield>1</yield></head>
    <ingredients>
      <ing>
        <amt>
          <qty>1 3/4</qty>
          <unit>cups</unit></amt>
        <item>Sugar</item></ing>
      <ing>
        <amt>
          <qty>3/4</qty>
          <unit>cups</unit></amt>
        <item>Shortening (may use butter</item></ing>
      <ing>
        <amt>
          <qty/>
          <unit/></amt>
        <item>Flavored shortening)</item></ing>
      <ing>
        <amt>
          <qty>3</qty>
          <unit>cups</unit></amt>
        <item>All-purpose flour</item></ing>
      <ing>
        <amt>
          <qty>2</qty>
          <unit>cups</unit></amt>
        <item>Mashed ripe bananas (about 4</item></ing>
      <ing>
        <amt>
          <qty/>
          <unit>large</unit></amt>
        <item>Bananas)</item></ing>
      <ing>
        <amt>
          <qty>1/2</qty>
          <unit>cups</unit></amt>
        <item>Plain low-fat yogurt</item></ing>
      <ing>
        <amt>
          <qty>1</qty>
          <unit>tablespoon</unit></amt>
        <item>Baking powder</item></ing>
      <ing>
        <amt>
          <qty>1</qty>
          <unit>teaspoon</unit></amt>
        <item>Vanilla extract</item></ing>
      <ing>
        <amt>
          <qty>1/2</qty>
          <unit>teaspoons</unit></amt>
        <item>Salt</item></ing>
      <ing>
        <amt>
          <qty>1/2</qty>
          <unit>teaspoons</unit></amt>
        <item>Baking soda</item></ing>
      <ing>
        <amt>
          <qty>4</qty>
          <unit>large</unit></amt>
        <item>Eggs</item></ing>
      <ing>
        <amt>
          <qty>2</qty>
          <unit>cups</unit></amt>
        <item>Walnuts,chopped</item></ing>
      <ing>
        <amt>
          <qty/>
          <unit/></amt>
        <item>Confectioners' sugar</item></ing></ingredients>
    <directions>
      <step>  Preheat oven 350 degrees. Grease and flour a 10-inch bundt pan. In
  large bowl, with mixer at low speed, beat sugar and shortening just
  until blended. Add flour and remaining ingredients except walnuts and
  confectioners' sugar. Beat until well mixed, constantly scraping bowl
  with rubber spatula. Increase speed to high; beat two minutes,
  occasionally scraping bowl. Stir in walnuts. Spoon batter into bundt
  pan. Bake 65 -70 minutes or until toothpick inserted in center of
  cake comes out clean. Cool cake in pan on wire rack 10 minutes;
  remove from pan. Cool completely on rack. Sprinkle cake with
  confectioners' sugar.
  
  File ftp://ftp.idiscover.co.uk/pub/food/mealmaster/recipes/mmkah001.zip
 
</step></directions></recipe></recipeml>
