<?xml version="1.0" encoding="UTF-8"?>

<recipeml version="0.5">
  <recipe>
    <head>
      <title>Banana Surprise Cookies</title>
      <categories>
        <cat>Cookies</cat>
        <cat>Low-fat</cat></categories>
      <yield>4</yield></head>
    <ingredients>
      <ing>
        <amt>
          <qty>1</qty>
          <unit/></amt>
        <item>Egg</item></ing>
      <ing>
        <amt>
          <qty>1</qty>
          <unit>cup</unit></amt>
        <item>Brown sugar</item></ing>
      <ing>
        <amt>
          <qty>1/4</qty>
          <unit>cups</unit></amt>
        <item>Oil</item></ing>
      <ing>
        <amt>
          <qty>1 1/2</qty>
          <unit>cups</unit></amt>
        <item>Bananas; mashed (about 3)</item></ing>
      <ing>
        <amt>
          <qty>1/2</qty>
          <unit>teaspoons</unit></amt>
        <item>Vanilla</item></ing>
      <ing>
        <amt>
          <qty>1 1/2</qty>
          <unit>cups</unit></amt>
        <item>Flour</item></ing>
      <ing>
        <amt>
          <qty>1 1/2</qty>
          <unit>cups</unit></amt>
        <item>Rolled oats</item></ing>
      <ing>
        <amt>
          <qty>1</qty>
          <unit>teaspoon</unit></amt>
        <item>Baking soda</item></ing>
      <ing>
        <amt>
          <qty>1</qty>
          <unit>teaspoon</unit></amt>
        <item>Cinnamon</item></ing>
      <ing>
        <amt>
          <qty>1/4</qty>
          <unit>teaspoons</unit></amt>
        <item>Nutmeg</item></ing>
      <ing>
        <amt>
          <qty>1/2</qty>
          <unit>cups</unit></amt>
        <item>Walnuts; chopped or chocolate chips</item></ing></ingredients>
    <directions>
      <step>  Preheat the oven to 350 and coat 2 baking sheets with Pam. Beat the egg,
  brown sugar and oil with an electric mixer until smooth. Add the bananas
  and beat again. Add the vanilla, flour, oats, baking soda, cinnamon and
  nutmeg and beat until well mixed.  Stir in the nuts or chocolate chips. Let
  the batter sit for about 5 minutes so that the oats can absorb the liquid.
  Drop the batter by rounded tsp about 2" apart onto the baking sheets and
  bake for 12 to 15 minutes. Cool on wire rack. Per cookie: 65 calories and 2
  grams fat. Source: Dr Cookie Cookbook by Marvin Wayne M.D.
  
  From Gemini's MASSIVE MealMaster collection at www.synapse.com/~gemini
 
</step></directions></recipe></recipeml>
