<?xml version="1.0" encoding="UTF-8"?>

<recipeml version="0.5">
  <recipe>
    <head>
      <title>Banana Split Sundae Cookies</title>
      <categories>
        <cat>Cookie</cat></categories>
      <yield>24</yield></head>
    <ingredients>
      <ing>
        <amt>
          <qty>1/2</qty>
          <unit>cups</unit></amt>
        <item>Margarine; softened</item></ing>
      <ing>
        <amt>
          <qty>4</qty>
          <unit/></amt>
        <item>Bananas; mashed</item></ing>
      <ing>
        <amt>
          <qty>2</qty>
          <unit/></amt>
        <item>Egg whites; whipped</item></ing>
      <ing>
        <amt>
          <qty>2</qty>
          <unit>teaspoons</unit></amt>
        <item>Vanilla</item></ing>
      <ing>
        <amt>
          <qty>2 1/2</qty>
          <unit>cups</unit></amt>
        <item>Rolled oats; uncooked</item></ing>
      <ing>
        <amt>
          <qty>2</qty>
          <unit>cups</unit></amt>
        <item>Unbleached flour</item></ing>
      <ing>
        <amt>
          <qty>1</qty>
          <unit>cup</unit></amt>
        <item>Brown sugar; packed</item></ing>
      <ing>
        <amt>
          <qty>1</qty>
          <unit>teaspoon</unit></amt>
        <item>Baking soda</item></ing>
      <ing>
        <amt>
          <qty>1</qty>
          <unit>cup</unit></amt>
        <item>Semisweet chocolate chips</item></ing>
      <ing>
        <amt>
          <qty>2</qty>
          <unit>cups</unit></amt>
        <item>Low-fat vanilla ice cream; softened</item></ing>
      <ing>
        <amt>
          <qty>1/2</qty>
          <unit>cups</unit></amt>
        <item>Fat-free caramel topping</item></ing></ingredients>
    <directions>
      <step>  submitted by: matejka@bga.com (Anita A. Matejka, Texas, USA)
  
  Recipe By : Bake It Better With Quaker Oats
  
  Preheat oven to 350. In a mixing bowl, combine margarine, bananas, egg
  whites, and vanilla. In another mixing bowl, combine rolled oats, flour,
  sugar, baking soda, and chocolate chips. Mix dry ingredients with wet
  ingredients just until moistened. Drop dough by 1/4 measuring cupfuls onto
  unprepared baking sheet, about 3" apart. Spread dough to 3 1/2" in
  diameter. Bake for 14 minutes or until lightly browned. Cool 1 minute on
  baking sheet and remove to wire rack.
  
  Per serving: 208 Calories; 7g Fat (29% calories from fat); 4g Protein; 35g
  Carbohydrate; 1mg Cholesterol; 132mg Sodium
  
  Serving Ideas : To serve, top each cookie a scoop of ice cream &amp; topping.
  
  DAVE &lt;DAVIDG@CLAM.RUTGERS.EDU&gt;
  
  RECIPEINTERNET LIST SERVER
  
  RECIPE ARCHIVE - 15 APRIL 1996
  
  From the 'RECIPEinternet: Recipes from Around the World' recipe list.
  Downloaded from Glen's MM Recipe Archive, http://www.erols.com/hosey.
 
</step></directions></recipe></recipeml>
