<?xml version="1.0" encoding="UTF-8"?>

<recipeml version="0.5">
  <recipe>
    <head>
      <title>Banana Split Cheesecake</title>
      <categories>
        <cat>None</cat></categories>
      <yield>1</yield></head>
    <ingredients>
      <ing-div>
        <title>CRUST</title>
        <ing>
          <amt>
            <qty>1</qty>
            <unit>cup</unit></amt>
          <item>Flaked coconut</item></ing>
        <ing>
          <amt>
            <qty>1</qty>
            <unit>cup</unit></amt>
          <item>Roasted filberts; ground fine</item></ing>
        <ing>
          <amt>
            <qty>1/3</qty>
            <unit>cups</unit></amt>
          <item>Sugar</item></ing>
        <ing>
          <amt>
            <qty>1/4</qty>
            <unit>cups</unit></amt>
          <item>Butter; melted</item></ing></ing-div>
      <ing-div>
        <title>FILLING</title>
        <ing>
          <amt>
            <qty>1 1/2</qty>
            <unit>pounds</unit></amt>
          <item>Cream cheese</item></ing>
        <ing>
          <amt>
            <qty>1</qty>
            <unit>cup</unit></amt>
          <item>Sugar</item></ing>
        <ing>
          <amt>
            <qty>3</qty>
            <unit/></amt>
          <item>Eggs</item></ing>
        <ing>
          <amt>
            <qty>1</qty>
            <unit>teaspoon</unit></amt>
          <item>Vanilla</item></ing>
        <ing>
          <amt>
            <qty>1/2</qty>
            <unit>cups</unit></amt>
          <item>Banana; mashed</item></ing>
        <ing>
          <amt>
            <qty>1/2</qty>
            <unit>cups</unit></amt>
          <item>Strawberry puree; (preserves will do)</item></ing>
        <ing>
          <amt>
            <qty>2</qty>
            <unit>ounces</unit></amt>
          <item>Semi-sweet chocolate; melted</item></ing>
        <ing>
          <amt>
            <qty>1</qty>
            <unit>tablespoon</unit></amt>
          <item>Cocoa powder</item></ing></ing-div></ingredients>
    <directions>
      <step>  With Christmas soon upon us I thought it would be nice to post some of my
  favorite cheesecakes all taken from my Simply Delicious cooking 2 cookbook.
  
  Have fun, Chef K
  
  Crust: Combine the ingredients. Press into a buttered 9" spring form pan.
  Refrigerate 5 minutes, then bake for 7 minutes in a 350 F (180 C) preheated
  oven. Cool.
  
  Filling: Cream the cheese with the sugar. Beat in the eggs one at a time.
  Stir in the vanilla. Divide the batter into 3 parts. Blend the banana into
  one part. Blend the strawberry into a second part, and the chocolate and
  cocoa into the third part.
  
  Pour the chocolate batter into the shell, bake for 25 minutes. Carefully
  pour the banana batter over the chocolate and bake for an additional 25
  minutes. Pour the strawberry batter over and bake for 30 minutes. Turn oven
  off, prop the door open and leave the cake in for 30 additional minutes.
  Transfer to a cooling rack, cool to room temperature. Chill in refrigerator
  for 8 hours or overnight. Serve with chocolate sauce.
  
  Posted to EAT-L Digest  by RKalenuik &lt;RKalenuik@AOL.COM&gt; on Dec 10, 1997
 
</step></directions></recipe></recipeml>
