<?xml version="1.0" encoding="UTF-8"?>

<recipeml version="0.5">
  <recipe>
    <head>
      <title>Banana Split Pie</title>
      <categories>
        <cat>Pies</cat></categories>
      <yield>1</yield></head>
    <ingredients>
      <ing>
        <amt>
          <qty>3</qty>
          <unit>tablespoons</unit></amt>
        <item>Sugar</item></ing>
      <ing>
        <amt>
          <qty>4</qty>
          <unit>large</unit></amt>
        <item>Ripe bananas</item></ing>
      <ing>
        <amt>
          <qty>5</qty>
          <unit>cups</unit></amt>
        <item>Vanilla ice cream; slightly softened</item></ing>
      <ing>
        <amt>
          <qty>1</qty>
          <unit/></amt>
        <item>6-ounce ready--to-fill chocolate-flavored crumb crust</item></ing>
      <ing>
        <amt>
          <qty>1/2</qty>
          <unit>cups</unit></amt>
        <item>Cocktail peanuts; coarsely chopped</item></ing>
      <ing>
        <amt>
          <qty>1</qty>
          <unit>cup</unit></amt>
        <item>Strawberry spread or strawberry preserves</item></ing>
      <ing>
        <amt>
          <qty/>
          <unit/></amt>
        <item>Garnish: whipped cream topping and mint sprigs</item></ing>
      <ing>
        <amt>
          <qty>10</qty>
          <unit>tablespoons</unit></amt>
        <item>Bottled chocolate sauce</item></ing></ingredients>
    <directions>
      <step>  Sprinkle sugar in a large (9 or more inches across the bottom) nonstick
  skillet over medium-high heat. As sugar starts to melt, peel bananas and
  quickly slice into skillet. As slices sizzle and brown lightly,stir gently
  to turn and coat. When browned and slightly mushy, pour bananas onto a
  metal pie plate or pizza pan and refrigerate so they cool quickly (about 10
  minutes).
  
  Spoon about 3/4 cup of the ice cream into crust, pressing down lightly, but
  not evenly. Top with about half the bananas and sprinkle with 1/4 cup of
  the peanuts. Continue layering: 3/4 cup ice cream, all the strawberry
  spread,another 3/4 cup ice cream, remaining bananas and remaining ice
  cream. Sprinkle with remaining peanuts. Cover and freeze at least 6 hours.
  
  Thirty minutes before serving: Transfer pie to refrigerator.
  
  To serve: Pipe whipped topping around edge of pie. Garnish with mint and
  drizzle each wedge with chocolate sauce. Serves 10..
  
  REDUCED FAT :VARIATION Use fat-free ice cream or frozen yogurt,light
  strawberry preserves and reduced-calorie chocolate sauce. Omit the peanuts
  in the pie and scatter just 1 tablespoon chopped peanuts on top.
  
  Recipe by: Woman's Day 3/4/97
  
  Posted to recipelu-digest Volume 01 Number 496 by ctlindab@mail1.nai.net on
  Jan 11, 1998
 
</step></directions></recipe></recipeml>
