<?xml version="1.0" encoding="UTF-8"?>

<recipeml version="0.5">
  <recipe>
    <head>
      <title>Banana Split Dessert</title>
      <categories>
        <cat>Dessert</cat></categories>
      <yield>12</yield></head>
    <ingredients>
      <ing>
        <amt>
          <qty>3 1/2</qty>
          <unit/></amt>
        <item>Sticks butter</item></ing>
      <ing>
        <amt>
          <qty>2</qty>
          <unit/></amt>
        <item>Eggs</item></ing>
      <ing>
        <amt>
          <qty>1/4</qty>
          <unit>cups</unit></amt>
        <item>Sugar</item></ing>
      <ing>
        <amt>
          <qty>1</qty>
          <unit>cup</unit></amt>
        <item>Chopped nuts</item></ing>
      <ing>
        <amt>
          <qty>1</qty>
          <unit>container</unit></amt>
        <item>Cool Whip; 9-oz</item></ing>
      <ing>
        <amt>
          <qty>1</qty>
          <unit>can</unit></amt>
        <item>(20-oz) crushed pineapple; drained</item></ing>
      <ing>
        <amt>
          <qty>1</qty>
          <unit/></amt>
        <item>Box (1-lb) confectioner's sugar</item></ing>
      <ing>
        <amt>
          <qty>3</qty>
          <unit/></amt>
        <item>Bananas; sliced</item></ing>
      <ing>
        <amt>
          <qty>3</qty>
          <unit>cups</unit></amt>
        <item>Graham cracker crumbs</item></ing>
      <ing>
        <amt>
          <qty>2</qty>
          <unit>teaspoons</unit></amt>
        <item>Cinnamon</item></ing>
      <ing>
        <amt>
          <qty/>
          <unit/></amt>
        <item>Chopped maraschino cherries</item></ing></ingredients>
    <directions>
      <step>  CRUST:  Combine 1-1/2 sticks butter, 1/4 cup sugar, cinnamon and graham
  cracker crumbs. Press into a 9x12 dish or 2 9-inch pie plates. FILLING: Put
  2 sticks butter, eggs, confectioner's sugar in large mixing bowl. Beat on
  highest speed for 10 minutes. Pour into crust. Layer sliced bananas and
  pineapple over filling. Cover with thawed Cool Whip. Sprinkle with nuts and
  cherries. Chill overnight.
  
  MRS BUD STOREY (FRANCES)
  
  MARVELL, AR
  
  From the book &lt;High Cotton Cookin'&gt;, Marvell Academy Mothers Assn, Marvell,
  AR  72366, ISBN 0-918544-14-9, downloaded from Glen's MM Recipe Archive,
  http://www.erols.com/hosey.
 
</step></directions></recipe></recipeml>
