<?xml version="1.0" encoding="UTF-8"?>

<recipeml version="0.5">
  <recipe>
    <head>
      <title>Banana Split Cake (Chilled Cream, Graham Cracker Crust)</title>
      <categories>
        <cat>None</cat></categories>
      <yield>20</yield></head>
    <ingredients>
      <ing-div>
        <title>CRUST</title>
        <ing>
          <amt>
            <qty>2</qty>
            <unit>cups</unit></amt>
          <item>Graham cracker crumbs</item></ing>
        <ing>
          <amt>
            <qty>1</qty>
            <unit/></amt>
          <item>Stick margarine</item></ing>
        <ing>
          <amt>
            <qty>2</qty>
            <unit>tablespoons</unit></amt>
          <item>Granulated sugar</item></ing></ing-div>
      <ing-div>
        <title>FILLING</title>
        <ing>
          <amt>
            <qty>2</qty>
            <unit>cups</unit></amt>
          <item>Powdered sugar</item></ing>
        <ing>
          <amt>
            <qty>2</qty>
            <unit/></amt>
          <item>Sticks margarine; (1 cup)</item></ing>
        <ing>
          <amt>
            <qty>2</qty>
            <unit/></amt>
          <item>Eggs</item></ing></ing-div>
      <ing-div>
        <title>TOPPING</title>
        <ing>
          <amt>
            <qty>2</qty>
            <unit/></amt>
          <item>Ripe bananas</item></ing>
        <ing>
          <amt>
            <qty>1</qty>
            <unit>can</unit></amt>
          <item>Crushed pineapple</item></ing>
        <ing>
          <amt>
            <qty>1</qty>
            <unit/></amt>
          <item>Container whip cream; (cool whip)</item></ing>
        <ing>
          <amt>
            <qty>3/4</qty>
            <unit>cups</unit></amt>
          <item>Chopped pecans</item></ing>
        <ing>
          <amt>
            <qty>1</qty>
            <unit>small</unit></amt>
          <item>Jar maraschino cherries</item></ing></ing-div></ingredients>
    <directions>
      <step>  The following recipe comes from the On-Line Cookbook, on the Web at
  http://i99.com/cook.
  
  Source: Leah @styxs
  
  ** Crust:
  
  Mix graham cracker crumbs, margarine, and granulated sugar in 9 inch x 13
  inch pan. Spread, press and chill while preparing filling.
  
  ** Filling:
  
  Mix powdered sugar, margarine and eggs. Beat for 20 minutes. VERY
  IMPORTANT! Pour into crust.
  
  ** Topping:
  
  Layer bananas. Layer crushed pineapple. Layer cool whip. Sprinkle nuts and
  decorate with maraschino cherries. Refrigerate for 24 hours, keep chilled.
  You can vary this recipe by changing the toppings. For example: add or
  substitute chocolate syrup, strawberries or strawberry syrup.
  
  Comments: Just a really good desert from my mother-in-law in Louisiana. Do
  not eat too much. It is really rich.
  Posted to recipelu-digest Volume 01 Number 549 by
  owner-recipelu@ListService.net on Jan 15, 1998
 
</step></directions></recipe></recipeml>
