<?xml version="1.0" encoding="UTF-8"?>

<recipeml version="0.5">
  <recipe>
    <head>
      <title>Banana Split Cake #3</title>
      <categories>
        <cat>Cake</cat></categories>
      <yield>12</yield></head>
    <ingredients>
      <ing-div>
        <title>CRUST</title>
        <ing>
          <amt>
            <qty>1</qty>
            <unit/></amt>
          <item>Stick butter or margarine</item></ing>
        <ing>
          <amt>
            <qty>2</qty>
            <unit>cups</unit></amt>
          <item>Graham cracker crumbs</item></ing></ing-div>
      <ing-div>
        <title>FILLING</title>
        <ing>
          <amt>
            <qty>2</qty>
            <unit/></amt>
          <item>Eggs</item></ing>
        <ing>
          <amt>
            <qty>2</qty>
            <unit/></amt>
          <item>Sticks butter or margarine</item></ing>
        <ing>
          <amt>
            <qty>2</qty>
            <unit>cups</unit></amt>
          <item>Powdered sugar (up to)</item></ing>
        <ing>
          <amt>
            <qty>5</qty>
            <unit/></amt>
          <item>Very ripe bananas; sliced</item></ing>
        <ing>
          <amt>
            <qty>1</qty>
            <unit>can</unit></amt>
          <item>(large) crushed pineapple; well drained</item></ing>
        <ing>
          <amt>
            <qty/>
            <unit/></amt>
          <item>Whipped cream or Dream Whip or Cool Whip</item></ing>
        <ing>
          <amt>
            <qty/>
            <unit/></amt>
          <item>Chopped nuts</item></ing>
        <ing>
          <amt>
            <qty/>
            <unit/></amt>
          <item>Chopped cherries</item></ing></ing-div></ingredients>
    <directions>
      <step>   To make crust: Melt margarine; mix with crumbs. Press into a 13x9x2 inch
  baking pan.
  
   Beat the eggs, margarine and powdered sugar together, beating no less than
       15    minutes. Spread over crust.
  
   Cover sliced bananas over this. Cover the bananas with crushed pineapple.
  Cover this with whipped cream or topping. Sprinkle top with chopped nuts
  and cherries. Refrigerate.
  
  From &lt;A Taste of Louisiana&gt;.  Downloaded from Glen's MM Recipe Archive,
  http://www.erols.com/hosey.
 
</step></directions></recipe></recipeml>
