<?xml version="1.0" encoding="UTF-8"?>

<recipeml version="0.5">
  <recipe>
    <head>
      <title>Banana Wheat-Germ Bread</title>
      <categories>
        <cat>Breads</cat></categories>
      <yield>16</yield></head>
    <ingredients>
      <ing>
        <amt>
          <qty>1</qty>
          <unit>cup</unit></amt>
        <item>Whole-wheat flour</item></ing>
      <ing>
        <amt>
          <qty>1/2</qty>
          <unit>cups</unit></amt>
        <item>Unbleached white flour</item></ing>
      <ing>
        <amt>
          <qty>1/3</qty>
          <unit>cups</unit></amt>
        <item>Wheat germ</item></ing>
      <ing>
        <amt>
          <qty>1</qty>
          <unit>teaspoon</unit></amt>
        <item>Baking soda</item></ing>
      <ing>
        <amt>
          <qty>1/2</qty>
          <unit>teaspoons</unit></amt>
        <item>Salt</item></ing>
      <ing>
        <amt>
          <qty>1/2</qty>
          <unit>cups</unit></amt>
        <item>Unsalted margarine,softened</item></ing>
      <ing>
        <amt>
          <qty>3/4</qty>
          <unit>cups</unit></amt>
        <item>Light brown sugar,firm pack</item></ing>
      <ing>
        <amt>
          <qty>1</qty>
          <unit/></amt>
        <item>Egg</item></ing>
      <ing>
        <amt>
          <qty>1 1/4</qty>
          <unit>cups</unit></amt>
        <item>Mashed ripe banana*</item></ing>
      <ing>
        <amt>
          <qty>1/4</qty>
          <unit>cups</unit></amt>
        <item>Plain yogurt</item></ing></ingredients>
    <directions>
      <step>  * - about 3 large
  
  1. Preheat oven to 350'F. Coat inside of 9x5" loaf pan with nonstick
  vegetable-oil cooking spray. Stir together whole-wheat flour, white flour,
  wheat germ, baking soda and salt in small bowl until well mixed.
  
  2. Beat together margarine and sugar in medium-size bowl until light and
  fluffy. Beat in egg. Stir together banana and yogurt in another bowl until
  well blended. Mix the banana mixture alternately with the flour mixture, in
  batches, into the margarine mixture; stir just until combined. Spread the
  batter in the prepared pan.
  
  3. Bake in preheated 350'F. oven 60-65 minutes or until wooden pick
  inserted in center comes out clean.
  
  4. Cool in pan on wire rack 10 minutes. Remove bread from pan to wire rack
  to cool to room temperature.
  
  From Gemini's MASSIVE MealMaster collection at www.synapse.com/~gemini
 
</step></directions></recipe></recipeml>
