<?xml version="1.0" encoding="UTF-8"?>

<recipeml version="0.5">
  <recipe>
    <head>
      <title>Banana Walnut Snack Cake</title>
      <categories>
        <cat>None</cat></categories>
      <yield>9</yield></head>
    <ingredients>
      <ing>
        <amt>
          <qty>1</qty>
          <unit>package</unit></amt>
        <item>SNACK CAKE MIX; (see recipe)</item></ing>
      <ing>
        <amt>
          <qty>1</qty>
          <unit/></amt>
        <item>Egg</item></ing>
      <ing>
        <amt>
          <qty>1/3</qty>
          <unit>cups</unit></amt>
        <item>Veg oil</item></ing>
      <ing>
        <amt>
          <qty>1/2</qty>
          <unit>cups</unit></amt>
        <item>Mashed ripe banana</item></ing>
      <ing>
        <amt>
          <qty>1/2</qty>
          <unit>cups</unit></amt>
        <item>Buttermilk; milk or water</item></ing>
      <ing>
        <amt>
          <qty>1/2</qty>
          <unit>cups</unit></amt>
        <item>Chopped walnuts</item></ing></ingredients>
    <directions>
      <step>  Preheat oven to 350F. Pour SNACK CAKE MIX into ungreated 8 or 9 inch square
  baking pan.
  
  In a small bowl, combine remaining ingredients, beating with a fork to
  blend. Stir into SNACK CAKE MIX until blended. Bake 35 to 45 minutes in
  preheated oven until a wooden pick inserted in center comes out clean.
  
  Posted to recipelu-digest Volume 01 Number 551 by Midian125
  &lt;Midian125@aol.com&gt; on Jan 18, 1998
 
</step></directions></recipe></recipeml>
