<?xml version="1.0" encoding="UTF-8"?>

<recipeml version="0.5">
  <recipe>
    <head>
      <title>Banana Split Dessert Pizza</title>
      <categories>
        <cat>Dessert</cat></categories>
      <yield>8</yield></head>
    <ingredients>
      <ing>
        <amt>
          <qty>1</qty>
          <unit>can</unit></amt>
        <item>(14-oz) Eagle Brand sweetened condensed milk</item></ing>
      <ing>
        <amt>
          <qty>1/2</qty>
          <unit>cups</unit></amt>
        <item>Sour cream</item></ing>
      <ing>
        <amt>
          <qty>6</qty>
          <unit>tablespoons</unit></amt>
        <item>Lemon juice; divided</item></ing>
      <ing>
        <amt>
          <qty>1</qty>
          <unit>teaspoon</unit></amt>
        <item>Vanilla</item></ing>
      <ing>
        <amt>
          <qty>1</qty>
          <unit/></amt>
        <item>Pie shell; baked, chilled</item></ing>
      <ing>
        <amt>
          <qty>3</qty>
          <unit>medium</unit></amt>
        <item>Bananas; sliced</item></ing>
      <ing>
        <amt>
          <qty>1</qty>
          <unit>ounce</unit></amt>
        <item>Semi-sweet chocolate</item></ing>
      <ing>
        <amt>
          <qty>1</qty>
          <unit>tablespoon</unit></amt>
        <item>Butter</item></ing>
      <ing>
        <amt>
          <qty>1</qty>
          <unit>can</unit></amt>
        <item>(8-oz) sliced pineapple; cut in half</item></ing>
      <ing>
        <amt>
          <qty/>
          <unit/></amt>
        <item>Cherries and nuts</item></ing></ingredients>
    <directions>
      <step>  Combine sweetened condensed milk, sour cream, 4 tablespoons lemon juice and
  vanilla. Mix well. Chill. Arrange 2 bananas on pie crust. Spoon filling
  evenly over bananas. Dip remaining bananas in remaining lemon juice.
  Arrange on top along with pineapple, cherries and nuts. Melt chocolate with
  butter and drizzle over pie. Chill thoroughly.
  
  From a collection of my mother's (Judy Hosey) recipe box which contained
  lots of her favorite recipes, clippings, etc.  Downloaded from Glen's MM
  Recipe Archive, http://www.erols.com/hosey.
 
</step></directions></recipe></recipeml>
