<?xml version="1.0" encoding="UTF-8"?>

<recipeml version="0.5">
  <recipe>
    <head>
      <title>Bananes Flambees</title>
      <categories>
        <cat>Desserts</cat></categories>
      <yield>1</yield></head>
    <ingredients>
      <ing>
        <amt>
          <qty>4</qty>
          <unit/></amt>
        <item>Bananas; sliced in half lengthwise</item></ing>
      <ing>
        <amt>
          <qty>2</qty>
          <unit>tablespoons</unit></amt>
        <item>Butter</item></ing>
      <ing>
        <amt>
          <qty>3</qty>
          <unit>tablespoons</unit></amt>
        <item>Sugar</item></ing>
      <ing>
        <amt>
          <qty>1/2</qty>
          <unit/></amt>
        <item>An orange skin (whole)</item></ing>
      <ing>
        <amt>
          <qty>1</qty>
          <unit/></amt>
        <item>Orange; juice of</item></ing>
      <ing>
        <amt>
          <qty>1/4</qty>
          <unit>cups</unit></amt>
        <item>Grand Marnier liqueur</item></ing>
      <ing>
        <amt>
          <qty>1</qty>
          <unit>tablespoon</unit></amt>
        <item>Cognac</item></ing></ingredients>
    <directions>
      <step>  1. Melt butter in a pan. Add sugar stirring and scrubing orange peel
  against bottom of pan to caramelize. 2. Place bananas in pan. 3. Add orange
  juice and turn down heat cook until sugar has dissolved. 4. Flambe with
  cognac (optional) 5. Stir in Grand Marnier liqueur 6. Arrange 1 scoop ice
  cream on each individual plate. 7. Top with whipped cream 8. Sprinkle
  cinnamon on top of cream 9. Divide bananas among the plates and pour sauce
  on top.
  
  Recipe by: Miriam Podcameni Posvolsky
  
  Posted to MC-Recipe Digest V1 #786 by Leon &amp; Miriam Posvolsky
  &lt;miriamp@pobox.com&gt; on Sep 17, 1997
 
</step></directions></recipe></recipeml>
