<?xml version="1.0" encoding="UTF-8"?>

<recipeml version="0.5">
  <recipe>
    <head>
      <title>Banana Split Pie</title>
      <categories>
        <cat>Dessert</cat></categories>
      <yield>8</yield></head>
    <ingredients>
      <ing-div>
        <title/>
        <ing>
          <amt>
            <qty>1</qty>
            <unit>quart</unit></amt>
          <item>Vanilla ice cream; softened</item></ing>
        <ing>
          <amt>
            <qty>1/2</qty>
            <unit>cups</unit></amt>
          <item>Pineapple preserves</item></ing>
        <ing>
          <amt>
            <qty/>
            <unit/></amt>
          <item>Macadamia graham cracker crust (see below)</item></ing>
        <ing>
          <amt>
            <qty/>
            <unit/></amt>
          <item>Chocolate sauce</item></ing>
        <ing>
          <amt>
            <qty/>
            <unit/></amt>
          <item>Strawberries; sliced</item></ing>
        <ing>
          <amt>
            <qty>1</qty>
            <unit/></amt>
          <item>Banana thinly sliced</item></ing>
        <ing>
          <amt>
            <qty/>
            <unit/></amt>
          <item>Whipped cream</item></ing>
        <ing>
          <amt>
            <qty/>
            <unit/></amt>
          <item>MACADAMIA GRAHAM CRACKER</item></ing></ing-div>
      <ing-div>
        <title>CRUST</title>
        <ing>
          <amt>
            <qty>1/4</qty>
            <unit>cups</unit></amt>
          <item>Macadamia nuts</item></ing>
        <ing>
          <amt>
            <qty>1</qty>
            <unit>cup</unit></amt>
          <item>Graham cracker crumbs</item></ing>
        <ing>
          <amt>
            <qty>1/4</qty>
            <unit>cups</unit></amt>
          <item>Butter; softened</item></ing>
        <ing>
          <amt>
            <qty>1/4</qty>
            <unit>cups</unit></amt>
          <item>Sugar</item></ing></ing-div></ingredients>
    <directions>
      <step>  Prepare crust as described below.  Combine softened ice cream and pineapple
  preserves; mix well. Spoon into macadamia graham cracker crust. Freeze. Cut
  into wedges and serve with bowls of chocolate sauce, sliced strawberries,
  sliced bananas and whipped cream.
  
  Macadamia Graham Cracker Crust: Finely chop the macadamia nuts. Combine
  macadamia nuts, graham cracker crumbs, butter and sugar; blend well. Press
  into 9-inch pie plate. Chill. Makes one 9-inch pie crust.
  
  REC.FOOD.RECIPES ARCHIVES
  
  /FRUIT
  
  From rec.food.cooking archives.  Downloaded from Glen's MM Recipe Archive,
  http://www.erols.com/hosey.
 
</step></directions></recipe></recipeml>
