<?xml version="1.0" encoding="UTF-8"?>

<recipeml version="0.5">
  <recipe>
    <head>
      <title>Banana Supreme Ice Cream</title>
      <categories>
        <cat>Ice</cat>
        <cat>Cream</cat></categories>
      <yield>8</yield></head>
    <ingredients>
      <ing>
        <amt>
          <qty>1</qty>
          <unit>cup</unit></amt>
        <item>Banana pulp</item></ing>
      <ing>
        <amt>
          <qty>2</qty>
          <unit/></amt>
        <item>Egg</item></ing>
      <ing>
        <amt>
          <qty>1 1/2</qty>
          <unit>cups</unit></amt>
        <item>Milk</item></ing>
      <ing>
        <amt>
          <qty>1/8</qty>
          <unit>teaspoons</unit></amt>
        <item>Salt</item></ing>
      <ing>
        <amt>
          <qty>1/8</qty>
          <unit>teaspoons</unit></amt>
        <item>Nutmeg</item></ing>
      <ing>
        <amt>
          <qty>2</qty>
          <unit>cups</unit></amt>
        <item>Heavy cream</item></ing>
      <ing>
        <amt>
          <qty>1</qty>
          <unit>tablespoon</unit></amt>
        <item>Lemon juice</item></ing>
      <ing>
        <amt>
          <qty>1 1/2</qty>
          <unit>cups</unit></amt>
        <item>Confectioner's sugar</item></ing>
      <ing>
        <amt>
          <qty>1</qty>
          <unit>tablespoon</unit></amt>
        <item>Powdered gelatin</item></ing>
      <ing>
        <amt>
          <qty>2</qty>
          <unit>tablespoons</unit></amt>
        <item>Cold water</item></ing></ingredients>
    <directions>
      <step>  Beat eggs and sugar until light; add salt, nutmeg, milk and gelatin which
  has been softened in the cold water and dissolved over a pan of hot water.
  Crush bananas with a silver fork to a fine pulp, stir in lemon juice and
  add to mixture. Whip cream and add. Freeze. Makes 2 quarts.
  
  Recipe by: The White Mountain Freezer Company Posted to MC-Recipe Digest V1
  #627 by John Setzler &lt;jms@twave.net&gt; on May 31, 1997
 
</step></directions></recipe></recipeml>
