<?xml version="1.0" encoding="UTF-8"?>

<recipeml version="0.5">
  <recipe>
    <head>
      <title>Banana Split Brownie Pizza</title>
      <categories>
        <cat>Desserts</cat>
        <cat>The pampere</cat></categories>
      <yield>12</yield></head>
    <ingredients>
      <ing>
        <amt>
          <qty>1</qty>
          <unit>package</unit></amt>
        <item>Brownie mix</item></ing>
      <ing>
        <amt>
          <qty>16</qty>
          <unit>ounces</unit></amt>
        <item>Cream cheese -- softened</item></ing>
      <ing>
        <amt>
          <qty>2/3</qty>
          <unit>cups</unit></amt>
        <item>Sugar</item></ing>
      <ing>
        <amt>
          <qty>8</qty>
          <unit>ounces</unit></amt>
        <item>Crushed pineapple --</item></ing>
      <ing>
        <amt>
          <qty/>
          <unit/></amt>
        <item>Drained</item></ing>
      <ing>
        <amt>
          <qty/>
          <unit/></amt>
        <item>Banana slices</item></ing>
      <ing>
        <amt>
          <qty/>
          <unit/></amt>
        <item>Strawberry slices</item></ing>
      <ing>
        <amt>
          <qty>1/2</qty>
          <unit>cups</unit></amt>
        <item>Nuts -- chopped</item></ing>
      <ing>
        <amt>
          <qty>1</qty>
          <unit>ounce</unit></amt>
        <item>Semisweet chocolate</item></ing>
      <ing>
        <amt>
          <qty>1</qty>
          <unit>tablespoon</unit></amt>
        <item>Butter or margarine</item></ing></ingredients>
    <directions>
      <step>  Preheat oven to 375.  Prepare brownie mix in Batter Bowl according to
  package directions.  Place Parchment Paper on 15-inch Baking Stone.  Pour
  brownie mixture on paper and spreadinto a 14-inch circle.  (Do not bake
  without Parchment Paper or batter wil l run off Stone while baking.) Bake
  15-20 minutes or until set.  Cool to room temperature. Mix cream cheese and
  sugar until smooth.  Spread over brownie "crust". Top with fruitand nuts.
  Melt chocolate and butter together, stirring until smooth. Dri zzle over
  pizza.  Chill.  Cut into wedges with Pizza Cutter.
  
  Posted to EAT-L Digest - 30 May 96
  
  Date:    Fri, 31 May 1996 17:02:33 -0400
  
  From:    "Carol T." &lt;taillon@ACCESS.MOUNTAIN.NET&gt;
  
  Recipe By     : The Pampered Chef
 
</step></directions></recipe></recipeml>
