<?xml version="1.0" encoding="UTF-8"?>

<recipeml version="0.5">
  <recipe>
    <head>
      <title>Banana Split Cake</title>
      <categories>
        <cat>Desserts</cat>
        <cat>Cake</cat>
        <cat>My recipes</cat></categories>
      <yield>1</yield></head>
    <ingredients>
      <ing>
        <amt>
          <qty>1</qty>
          <unit/></amt>
        <item>9-X-13-inch graham cracker crust</item></ing>
      <ing>
        <amt>
          <qty>1</qty>
          <unit/></amt>
        <item>Box powdered sugar</item></ing>
      <ing>
        <amt>
          <qty>1</qty>
          <unit>teaspoon</unit></amt>
        <item>Butter flavoring</item></ing>
      <ing>
        <amt>
          <qty>1</qty>
          <unit>teaspoon</unit></amt>
        <item>Vanilla</item></ing>
      <ing>
        <amt>
          <qty>1</qty>
          <unit/></amt>
        <item>Stick butter</item></ing>
      <ing>
        <amt>
          <qty>5</qty>
          <unit/></amt>
        <item>Bananas; sliced lengthwise</item></ing>
      <ing>
        <amt>
          <qty>1</qty>
          <unit>can</unit></amt>
        <item>Crushed pineapple; drained</item></ing>
      <ing>
        <amt>
          <qty>8</qty>
          <unit>ounces</unit></amt>
        <item>Cool whip</item></ing>
      <ing>
        <amt>
          <qty/>
          <unit/></amt>
        <item>Pecans; chopped</item></ing></ingredients>
    <directions>
      <step>  In a large mixing bowl, beat sugar, butter flavoring, vanilla, and butter,
  for 10 minutes. Spread over graham cracker crust. Add in the following
  order in layers. Bananas, pineapple, and cool whip. Sprinkle top with
  chopped pecans and refrigerate for at least 4 hours.
  
  Recipe by: Granny's School Cookbook
  
  Posted to MC-Recipe Digest V1 #858 by Laurie Campbell &lt;lauriec@flash.net&gt;
  on Oct 21, 1997
 
</step></directions></recipe></recipeml>
