<?xml version="1.0" encoding="UTF-8"?>

<recipeml version="0.5">
  <recipe>
    <head>
      <title>Banana Split Bread</title>
      <categories>
        <cat>Breadmaker</cat>
        <cat>Chocolate</cat></categories>
      <yield>15</yield></head>
    <ingredients>
      <ing>
        <amt>
          <qty/>
          <unit/></amt>
        <item>Day GWHP32A</item></ing>
      <ing>
        <amt>
          <qty>1</qty>
          <unit>package</unit></amt>
        <item>Yeast</item></ing>
      <ing>
        <amt>
          <qty>3</qty>
          <unit>cups</unit></amt>
        <item>Better for Bread flour</item></ing>
      <ing>
        <amt>
          <qty>2</qty>
          <unit>tablespoons</unit></amt>
        <item>Gluten</item></ing>
      <ing>
        <amt>
          <qty>2</qty>
          <unit>tablespoons</unit></amt>
        <item>Sugar</item></ing>
      <ing>
        <amt>
          <qty>1</qty>
          <unit>teaspoon</unit></amt>
        <item>Salt</item></ing>
      <ing>
        <amt>
          <qty>1/8</qty>
          <unit>teaspoons</unit></amt>
        <item>Baking soda</item></ing>
      <ing>
        <amt>
          <qty>1/3</qty>
          <unit>cups</unit></amt>
        <item>Instant nonfat dry milk</item></ing>
      <ing>
        <amt>
          <qty>1/3</qty>
          <unit>cups</unit></amt>
        <item>Walnuts; broken</item></ing>
      <ing>
        <amt>
          <qty>1</qty>
          <unit/></amt>
        <item>Egg</item></ing>
      <ing>
        <amt>
          <qty>2</qty>
          <unit>tablespoons</unit></amt>
        <item>Vegetable oil</item></ing>
      <ing>
        <amt>
          <qty>1</qty>
          <unit>teaspoon</unit></amt>
        <item>Vanilla</item></ing>
      <ing>
        <amt>
          <qty>4</qty>
          <unit>ounces</unit></amt>
        <item>Banana; 1 med/sliced</item></ing>
      <ing>
        <amt>
          <qty/>
          <unit/></amt>
        <item>Into the; inner pan</item></ing>
      <ing>
        <amt>
          <qty>10</qty>
          <unit/></amt>
        <item>Strawberries; froz/thawed</item></ing>
      <ing>
        <amt>
          <qty/>
          <unit/></amt>
        <item>Their liquid</item></ing>
      <ing>
        <amt>
          <qty>1/3</qty>
          <unit>cups</unit></amt>
        <item>Crushed pineapple; drained</item></ing>
      <ing>
        <amt>
          <qty/>
          <unit/></amt>
        <item>Juice.</item></ing>
      <ing>
        <amt>
          <qty>1/3</qty>
          <unit>cups</unit></amt>
        <item>Pineapple juice; from</item></ing>
      <ing>
        <amt>
          <qty/>
          <unit/></amt>
        <item>Pineapple/heated</item></ing>
      <ing>
        <amt>
          <qty>1/2</qty>
          <unit>cups</unit></amt>
        <item>Chocolate chips</item></ing>
      <ing>
        <amt>
          <qty>4</qty>
          <unit>cups</unit></amt>
        <item>Maraschino cherries; drained/</item></ing></ingredients>
    <directions>
      <step>  Place all ingredients (EXCEPT CHOCOLATE CHIPS AND CHERRIES) into the inner
  pan in the order listed, select white bread and push "Start." Add the chips
  and cherries when the Auto Bakery "beeps," 88 minutes into the cycle. (33
  min. with DAK Turbo II) Delightful whether eaten fresh, chilled or toasted,
  this soda fountain special is even more spectacular when spread with cream
  cheese blended with minced maraschinos and their liquid. Shared by Barb Day
  Posted to MasterCook Digest V1 #163
  
  Date: Mon, 19 Aug 1996 13:02:01 -0400
  
  From: Eileen &amp; Bob Holze &lt;beck4@asan.com&gt;
 
</step></directions></recipe></recipeml>
