<?xml version="1.0" encoding="UTF-8"?>

<recipeml version="0.5">
  <recipe>
    <head>
      <title>Banana Swirl Bread</title>
      <categories>
        <cat>Breads</cat></categories>
      <yield>8</yield></head>
    <ingredients>
      <ing>
        <amt>
          <qty>1</qty>
          <unit>package</unit></amt>
        <item>Active dry yeast</item></ing>
      <ing>
        <amt>
          <qty>1/2</qty>
          <unit>cups</unit></amt>
        <item>Warm water</item></ing>
      <ing>
        <amt>
          <qty>1</qty>
          <unit>cup</unit></amt>
        <item>Bananas; mashed</item></ing>
      <ing>
        <amt>
          <qty>1/4</qty>
          <unit>cups</unit></amt>
        <item>Sugar</item></ing>
      <ing>
        <amt>
          <qty>1</qty>
          <unit>teaspoon</unit></amt>
        <item>Salt</item></ing>
      <ing>
        <amt>
          <qty>1</qty>
          <unit/></amt>
        <item>Egg</item></ing>
      <ing>
        <amt>
          <qty>1/4</qty>
          <unit>cups</unit></amt>
        <item>Butter; softened</item></ing>
      <ing>
        <amt>
          <qty>3 1/2</qty>
          <unit>cups</unit></amt>
        <item>Flour (could use a little more)</item></ing>
      <ing>
        <amt>
          <qty>1/4</qty>
          <unit>cups</unit></amt>
        <item>Sugar</item></ing>
      <ing>
        <amt>
          <qty>2</qty>
          <unit>teaspoons</unit></amt>
        <item>Cinnamon</item></ing></ingredients>
    <directions>
      <step>  Dissolve yeast in warm water. Stir in bananas, 1/4 cup sugar, salt, egg,
  butter and 1-3/4 cups of the flour. Beat until smooth. Stir in enough
  remaining flour to make dough easy to handle. Turn dough onto lightly
  floured surface; knead until smooth and elastic (about 5 minutes). Place in
  greased bowl; turn greased side up. Cover; let rise in warm place until
  double, about 1-1/2 hours.
  
  Grease well 9 x 5 x 3 inch loaf pan. Punch down dough. Roll into rectangle,
  16 x 8 inch. Mix 1/4 cup sugar with the cinnamon and sprinkle over the
  rectangle of dough. Roll dough up tightly, beginning at narrow side. Pinch
  edge of dough into roll to seal well. Place seam side down in pan. Cover;
  let rise until double(about 1 hour).
  
  Heat oven to 375 degrees. Bake until golden, about 35 minutes. Remove from
  pan, and brush top with butter. If desired, can be frosted with a
  confectioners' sugar glaze.
  
  Recipe by: MEPMANN@aol.com
  
  Posted to recipelu-digest Volume 01 Number 259 by Yummi357@aol.com on Nov
  15, 1997
 
</step></directions></recipe></recipeml>
