<?xml version="1.0" encoding="UTF-8"?>

<recipeml version="0.5">
  <recipe>
    <head>
      <title>Banana Wrap</title>
      <categories>
        <cat>Kids</cat>
        <cat>Snacks</cat></categories>
      <yield>1</yield></head>
    <ingredients>
      <ing>
        <amt>
          <qty>1</qty>
          <unit/></amt>
        <item>8-inch flour tortilla</item></ing>
      <ing>
        <amt>
          <qty>2</qty>
          <unit/></amt>
        <item>To 3 Tbsp peanut butter</item></ing>
      <ing>
        <amt>
          <qty>2</qty>
          <unit/></amt>
        <item>To 3 Tbsp grape jelly</item></ing>
      <ing>
        <amt>
          <qty>1</qty>
          <unit>small</unit></amt>
        <item>Banana, peeled</item></ing></ingredients>
    <directions>
      <step>  Place tortilla on a paper towel. Microwave 10 to 20 seconds on HIGH until
  the tortilla is soft and warm. Spread with peanut butter. Top with grape
  jelly. Place the banana near the right edge of the tortilla. Fold up the
  bottom fourth of the tortilla. Bring right edge over the banana and
  roll-up. Recipe from "Boys and Girls Cookbook"
  Posted to recipelu-digest Volume 01 Number 670 by GramWag@aol.com on Feb 1,
  1998
 
</step></directions></recipe></recipeml>
