<?xml version="1.0" encoding="UTF-8"?>

<recipeml version="0.5">
  <recipe>
    <head>
      <title>Banana Spice Lemon Drops</title>
      <categories>
        <cat>Newspaper</cat>
        <cat>Cookies</cat>
        <cat>Holidays</cat></categories>
      <yield>3</yield></head>
    <ingredients>
      <ing>
        <amt>
          <qty>2</qty>
          <unit>cups</unit></amt>
        <item>Flour; all-purpose</item></ing>
      <ing>
        <amt>
          <qty>1</qty>
          <unit>teaspoon</unit></amt>
        <item>Baking soda</item></ing>
      <ing>
        <amt>
          <qty>1/4</qty>
          <unit>teaspoons</unit></amt>
        <item>Ground cinnamon</item></ing>
      <ing>
        <amt>
          <qty>1/8</qty>
          <unit>teaspoons</unit></amt>
        <item>Ground cloves</item></ing>
      <ing>
        <amt>
          <qty>6</qty>
          <unit>tablespoons</unit></amt>
        <item>Butter or margarine; divided</item></ing>
      <ing>
        <amt>
          <qty>1</qty>
          <unit>cup</unit></amt>
        <item>Brown sugar; packed</item></ing>
      <ing>
        <amt>
          <qty>1</qty>
          <unit/></amt>
        <item>Egg</item></ing>
      <ing>
        <amt>
          <qty>1</qty>
          <unit>large</unit></amt>
        <item>Banana; mashed (about 2/3c)</item></ing>
      <ing>
        <amt>
          <qty/>
          <unit/></amt>
        <item>Non-stick cooking spray</item></ing>
      <ing>
        <amt>
          <qty>2</qty>
          <unit>cups</unit></amt>
        <item>Powdered sugar</item></ing>
      <ing>
        <amt>
          <qty>3</qty>
          <unit>tablespoons</unit></amt>
        <item>Lemon juice</item></ing></ingredients>
    <directions>
      <step>  Combine the flour, baking soda, cinnamon and cloves in a small bowl; set
  aside.
  
  Beat 4 tablespoons margarine. brown sugar and egg in large bowl until
  blended. Stir in banana. Add flour mixture; stir until well-blended.
  
  Drop dough by rounded teaspoonfuls onto baking sheets sprayed with cooking
  spray, 1 inch apart.
  
  Bake at 375 degrees 10 to 12 minutes or until edges are light brown. Remove
  to wire rack; let cool completely.
  
  Beat remaining margarine, powdered sugar and 2 tablespoons lemon juice in
  small bowl until smooth. adding more lemon juice, if needed. Spread
  frosting over cooled cookies.
  
  Nutritional analysis per cookie: 97 calories, 2 grams fat, 19 grams
  carbohydrates, 6 milligrams cholesterol, 62 milligrams sodium, 11 percent
  of calories from fat.
  
  ** Fort Worth Star Telegram -- Food section -- 29 November 1995 **
  
  From Gemini's MASSIVE MealMaster collection at www.synapse.com/~gemini
 
</step></directions></recipe></recipeml>
