<?xml version="1.0" encoding="UTF-8"?>

<recipeml version="0.5">
  <recipe>
    <head>
      <title>Banana Spice Muffins</title>
      <categories>
        <cat>Muffins</cat></categories>
      <yield>18</yield></head>
    <ingredients>
      <ing>
        <amt>
          <qty>2 1/2</qty>
          <unit>cups</unit></amt>
        <item>All-purpose flour</item></ing>
      <ing>
        <amt>
          <qty>1/3</qty>
          <unit>cups</unit></amt>
        <item>Granulated sugar</item></ing>
      <ing>
        <amt>
          <qty>1/3</qty>
          <unit>cups</unit></amt>
        <item>Packed brown sugar</item></ing>
      <ing>
        <amt>
          <qty>1</qty>
          <unit>tablespoon</unit></amt>
        <item>Baking powder</item></ing>
      <ing>
        <amt>
          <qty>1</qty>
          <unit>teaspoon</unit></amt>
        <item>Baking soda</item></ing>
      <ing>
        <amt>
          <qty>1/2</qty>
          <unit>teaspoons</unit></amt>
        <item>Salt</item></ing>
      <ing>
        <amt>
          <qty>1</qty>
          <unit>teaspoon</unit></amt>
        <item>Ground allspice</item></ing>
      <ing>
        <amt>
          <qty>1</qty>
          <unit>teaspoon</unit></amt>
        <item>Ground ginger</item></ing>
      <ing>
        <amt>
          <qty>1</qty>
          <unit>cup</unit></amt>
        <item>Mashed ripe banana (about 2 small)</item></ing>
      <ing>
        <amt>
          <qty>2/3</qty>
          <unit>cups</unit></amt>
        <item>2% low-fat milk</item></ing>
      <ing>
        <amt>
          <qty>1/3</qty>
          <unit>cups</unit></amt>
        <item>Low-fat buttermilk</item></ing>
      <ing>
        <amt>
          <qty>1/3</qty>
          <unit>cups</unit></amt>
        <item>Light ricotta cheese</item></ing>
      <ing>
        <amt>
          <qty>2</qty>
          <unit>tablespoons</unit></amt>
        <item>Vegetable oil</item></ing>
      <ing>
        <amt>
          <qty>1</qty>
          <unit>tablespoon</unit></amt>
        <item>Vanilla extract</item></ing>
      <ing>
        <amt>
          <qty>1</qty>
          <unit>large</unit></amt>
        <item>Egg white</item></ing>
      <ing>
        <amt>
          <qty>1</qty>
          <unit>large</unit></amt>
        <item>Egg</item></ing>
      <ing>
        <amt>
          <qty/>
          <unit/></amt>
        <item>Cooking spray</item></ing></ingredients>
    <directions>
      <step>  1. Preheat oven to 400°.
  
  2. Combine first 8 ingredients in a large bowl, and make a well in center
  of mixture. Combine banana and next 7 ingredients (banana through egg) in a
  bowl, and add to flour mixture. Stir just until moist. Spoon batter into 18
  muffin cups coated with cooking spray.
  
  3. Bake at 400° for 18 minutes or until done. Remove from pans immediately,
  and cool on a wire rack. Yield: 1 1/2 dozen (serving size: 1 muffin).
  
  CALORIES 125 (17% from fat); FAT 2.4 g (sat 0.8 g, mono 0.7 g, poly 0.9 g);
  PROTEIN 3.2 g; CARB 22.6 g; FlBER 0.8 g; CHOL 13 mg; IRON 1 mg; SODIUM 194
  mg; CALC 59 mg
  
  Recipe by: From Cooking Light, Sept. 1997 Posted to MC-Recipe Digest V1
  #740 by C4 &lt;c4@groupz.net&gt; on Aug 13, 1997
 
</step></directions></recipe></recipeml>
