<?xml version="1.0" encoding="UTF-8"?>

<recipeml version="0.5">
  <recipe>
    <head>
      <title>Banana with Peanut Caramel Cream</title>
      <categories>
        <cat>Dessert</cat>
        <cat>Fruit</cat></categories>
      <yield>6</yield></head>
    <ingredients>
      <ing-div>
        <title/>
        <ing>
          <amt>
            <qty>6</qty>
            <unit>medium</unit></amt>
          <item>Bananas</item></ing>
        <ing>
          <amt>
            <qty>2</qty>
            <unit>tablespoons</unit></amt>
          <item>Lime juice</item></ing></ing-div>
      <ing-div>
        <title>SAUCE</title>
        <ing>
          <amt>
            <qty>4</qty>
            <unit/></amt>
          <item>Oz</item></ing>
        <ing>
          <amt>
            <qty>1</qty>
            <unit>cup</unit></amt>
          <item>Brown sugar - firm packed</item></ing>
        <ing>
          <amt>
            <qty>1</qty>
            <unit/></amt>
          <item>C</item></ing>
        <ing>
          <amt>
            <qty>1/4</qty>
            <unit>cups</unit></amt>
          <item>Sour cream</item></ing>
        <ing>
          <amt>
            <qty>1/3</qty>
            <unit>cups</unit></amt>
          <item>Cream</item></ing>
        <ing>
          <amt>
            <qty>1/4</qty>
            <unit>cups</unit></amt>
          <item>Smooth peanut butter</item></ing></ing-div></ingredients>
    <directions>
      <step>  Prep time: 5 mins   Cook time: 10 mins   Difficulty: *
  
  Slice bananas and toss in lime juice. Divide evenly between 6 small serving
  bowls, spoon cold sauce over top and top with whipped cream.
  
  SAUCE Melt butter in small saucepan. Add sugar and condensed milk. Stir
  without boiling until sugar is dissolved then increase heat and stir for
  about 5 minutes until golden brown. Remove from heat and let bubbles
  subside
  Posted to MC-Recipe Digest V1 #296
  
  Date: Mon, 11 Nov 1996 21:07:11 -0600
  
  From: dee@smartnet.net (Dianne Weinsaft)
 
</step></directions></recipe></recipeml>
