<?xml version="1.0" encoding="UTF-8"?>

<recipeml version="0.5">
  <recipe>
    <head>
      <title>Banana Waffles</title>
      <categories>
        <cat>None</cat></categories>
      <yield>1</yield></head>
    <ingredients>
      <ing>
        <amt>
          <qty>2</qty>
          <unit>cups</unit></amt>
        <item>All-purpose flour</item></ing>
      <ing>
        <amt>
          <qty>3</qty>
          <unit>teaspoons</unit></amt>
        <item>Baking powder</item></ing>
      <ing>
        <amt>
          <qty>2</qty>
          <unit>tablespoons</unit></amt>
        <item>Sugar</item></ing>
      <ing>
        <amt>
          <qty>3/4</qty>
          <unit>teaspoons</unit></amt>
        <item>Salt</item></ing>
      <ing>
        <amt>
          <qty>3</qty>
          <unit/></amt>
        <item>Eggs</item></ing>
      <ing>
        <amt>
          <qty>1 1/2</qty>
          <unit>cups</unit></amt>
        <item>Milk</item></ing>
      <ing>
        <amt>
          <qty>3</qty>
          <unit>tablespoons</unit></amt>
        <item>Shortening</item></ing>
      <ing>
        <amt>
          <qty>1</qty>
          <unit>cup</unit></amt>
        <item>Mashed very ripe bananas. About 3 large or 4 small.</item></ing></ingredients>
    <directions>
      <step>  Sift flour, measure and resift 3 times with remaining dry ingredients. Beat
  eggs, add milk and shortening. Pour into dry ingredients, add bananas and
  beat all together until smooth. Using 1/2 cup of batter for each waffle,
  bake in a hot waffle iron until golden brown. Serve immediately with hot
  syrup. Makes six 7-inch waffles.
  
  Posted to recipelu-digest Volume 01 Number 501 by ncanty@juno.com (Nadia I
  Canty) on Jan 12, 1998
 
</step></directions></recipe></recipeml>
