<?xml version="1.0" encoding="UTF-8"?>

<recipeml version="0.5">
  <recipe>
    <head>
      <title>Banana Squares</title>
      <categories>
        <cat>Breads</cat>
        <cat>Fruits</cat></categories>
      <yield>12</yield></head>
    <ingredients>
      <ing-div>
        <title>TASTE OF HOME 4/5/94</title>
        <ing>
          <amt>
            <qty>2</qty>
            <unit/></amt>
          <item>Eggs; separated</item></ing>
        <ing>
          <amt>
            <qty>2/3</qty>
            <unit>cups</unit></amt>
          <item>Shortening</item></ing>
        <ing>
          <amt>
            <qty>1 1/2</qty>
            <unit>cups</unit></amt>
          <item>Sugar</item></ing>
        <ing>
          <amt>
            <qty>1</qty>
            <unit>cup</unit></amt>
          <item>Mashed ripe bananas (2 to 3</item></ing>
        <ing>
          <amt>
            <qty/>
            <unit/></amt>
          <item>Medium)</item></ing>
        <ing>
          <amt>
            <qty>1 1/2</qty>
            <unit>cups</unit></amt>
          <item>All-purpose flour</item></ing>
        <ing>
          <amt>
            <qty>1</qty>
            <unit>teaspoon</unit></amt>
          <item>Baking soda</item></ing>
        <ing>
          <amt>
            <qty>1/4</qty>
            <unit>cups</unit></amt>
          <item>Sour milk*</item></ing>
        <ing>
          <amt>
            <qty>1/2</qty>
            <unit>teaspoons</unit></amt>
          <item>Vanilla extract</item></ing>
        <ing>
          <amt>
            <qty>1/2</qty>
            <unit>cups</unit></amt>
          <item>Chopped walnuts, optional</item></ing>
        <ing>
          <amt>
            <qty/>
            <unit/></amt>
          <item>Whipped cream and sliced</item></ing>
        <ing>
          <amt>
            <qty/>
            <unit/></amt>
          <item>Bananas; optional</item></ing></ing-div></ingredients>
    <directions>
      <step>  In a small mixing bowl, beat egg whites until soft peaks form; set aside.
  In a large mixing bowl, cream shortening and sugar. Beat in egg yolks; mix
  well. Add bananas. Combine flour and baking soda; add to creamed mixture
  alternately with milk, beating well after each addition. Add vanilla. Fold
  in egg whites. Fold in nuts if desired. Pour into a greased 13x9x2" baking
  pan.  Bake at 350 degrees for 45-50 minutes. Cool on a wire rack. If
  desired, garnish with a dollop of whipped cream and a few banana slices.
  
  * = To sour milk, place 1 tsp. white vinegar in a measuring cup. Add enough
  milk to equal 1/4 cup
  
  From: "Taste of Home" Magazine Posted by: Debbie Carlson (PHHW01A) -
  Prodigy
  Posted to Bakery-Shoppe Digest V1 #396 by angstrom@juno.com (Angela  L
  Gilliland) on Nov 18, 1997
 
</step></directions></recipe></recipeml>
