<?xml version="1.0" encoding="UTF-8"?>

<recipeml version="0.5">
  <recipe>
    <head>
      <title>Banburys #2</title>
      <categories>
        <cat>Dessert</cat></categories>
      <yield>6</yield></head>
    <ingredients>
      <ing>
        <amt>
          <qty>150</qty>
          <unit>grams</unit></amt>
        <item>Currants</item></ing>
      <ing>
        <amt>
          <qty>1</qty>
          <unit>teaspoon</unit></amt>
        <item>Mixed spice</item></ing>
      <ing>
        <amt>
          <qty>50</qty>
          <unit>grams</unit></amt>
        <item>Butter</item></ing>
      <ing>
        <amt>
          <qty>75</qty>
          <unit>grams</unit></amt>
        <item>Brown sugar</item></ing>
      <ing>
        <amt>
          <qty>1</qty>
          <unit>teaspoon</unit></amt>
        <item>Flour</item></ing>
      <ing>
        <amt>
          <qty>1</qty>
          <unit>tablespoon</unit></amt>
        <item>Rum</item></ing>
      <ing>
        <amt>
          <qty>500</qty>
          <unit>grams</unit></amt>
        <item>Puff pastry</item></ing>
      <ing>
        <amt>
          <qty/>
          <unit/></amt>
        <item>Castor (granulated) sugar for sprinkling</item></ing></ingredients>
    <directions>
      <step>  From: ynnuf@yetti.amigans.gen.nz (Doreen Randal)
  
  Date: Tue, 23 Nov 93 16:27:19 PST
  
  Fit blade and process the currants, spice, sugar, butter and flour and run
  for 20 seconds. Roll out the pastry 1/8" thick, cut out saucer size
  circles. Divide filling equally between the circles. Dampen the edges,
  Gather up the pastry to the centre and pinch together. Turn the pastries
  over and roll each into an oval. Place on dampened baking sheet and slash
  the top of each pastry. Bake at 220 C. (425 F) for 15 mins. Brush with a
  little water and sprinkle with sugar. Bake a further 5 mins. Cool on a wire
  rack.  Makes 6-8.
  
  REC.FOOD.RECIPES ARCHIVES
  
  /MISC
  
  From rec.food.cooking archives.  Downloaded from Glen's MM Recipe Archive,
  http://www.erols.com/hosey.
 
</step></directions></recipe></recipeml>
