<?xml version="1.0" encoding="UTF-8"?>

<recipeml version="0.5">
  <recipe>
    <head>
      <title>Bandera Chili</title>
      <categories>
        <cat>Soups</cat>
        <cat>Chili</cat></categories>
      <yield>4</yield></head>
    <ingredients>
      <ing>
        <amt>
          <qty>2 1/2</qty>
          <unit>pounds</unit></amt>
        <item>Course grd chuck</item></ing>
      <ing>
        <amt>
          <qty>1</qty>
          <unit>teaspoon</unit></amt>
        <item>Red pepper</item></ing>
      <ing>
        <amt>
          <qty>2</qty>
          <unit>cans</unit></amt>
        <item>(8oz) tomato sauce</item></ing>
      <ing>
        <amt>
          <qty>1/2</qty>
          <unit>cups</unit></amt>
        <item>Chili powder</item></ing>
      <ing>
        <amt>
          <qty>12</qty>
          <unit>ounces</unit></amt>
        <item>Water</item></ing>
      <ing>
        <amt>
          <qty>1</qty>
          <unit>teaspoon</unit></amt>
        <item>Paprika</item></ing>
      <ing>
        <amt>
          <qty>2</qty>
          <unit>cans</unit></amt>
        <item>Japenpo Pinto beans &amp; juice</item></ing>
      <ing>
        <amt>
          <qty>1 1/2</qty>
          <unit>teaspoons</unit></amt>
        <item>Cumin</item></ing>
      <ing>
        <amt>
          <qty>2</qty>
          <unit>large</unit></amt>
        <item>Onions</item></ing>
      <ing>
        <amt>
          <qty>2</qty>
          <unit>teaspoons</unit></amt>
        <item>Flour</item></ing>
      <ing>
        <amt>
          <qty>12</qty>
          <unit>ounces</unit></amt>
        <item>Lone Star beer</item></ing>
      <ing>
        <amt>
          <qty>2</qty>
          <unit/></amt>
        <item>Garlic cloves; minced</item></ing></ingredients>
    <directions>
      <step>  Saute onions and garlic in lite oil till brown. Sear meat in large
  skillet.Add tomato sauce and water. Stir in all ingredients, except flour
  and beans. Cover skillet and simmer 1 hour. Stir occasionally. Stir in
  flour into 1/4 cup warm water to make a thick, but flowable More(Y/n/=)?
  mixture. Add flour mixture to chili; simmer another 15 to 20 min. Add bean
  and juice and cook another 15 min. Best when allowed to refrigerate for 24
  hour but who can wait? Source: Hill Country Heritage by Sage Posted by Ken
  Strei Converted by MMCONV vers. 1.10
  Posted to FOODWINE Digest  by Terry Pogue &lt;tpogue@IDSONLINE.COM&gt; on Sep 13,
  1997
 
</step></directions></recipe></recipeml>
