<?xml version="1.0" encoding="UTF-8"?>

<recipeml version="0.5">
  <recipe>
    <head>
      <title>Bandana's Blues Bbq Sauce</title>
      <categories>
        <cat>Sauce</cat></categories>
      <yield>1</yield></head>
    <ingredients>
      <ing>
        <amt>
          <qty>1/2</qty>
          <unit>cups</unit></amt>
        <item>Canola oil</item></ing>
      <ing>
        <amt>
          <qty>1/2</qty>
          <unit>cups</unit></amt>
        <item>Brown sugar</item></ing>
      <ing>
        <amt>
          <qty>2</qty>
          <unit>cups</unit></amt>
        <item>Spanish onions; diced</item></ing>
      <ing>
        <amt>
          <qty>2</qty>
          <unit>cups</unit></amt>
        <item>Red onions; diced</item></ing>
      <ing>
        <amt>
          <qty>1</qty>
          <unit/></amt>
        <item>Bunch scallions; finely diced</item></ing>
      <ing>
        <amt>
          <qty>1</qty>
          <unit/></amt>
        <item>Head garlic; peeled, finely chopped</item></ing>
      <ing>
        <amt>
          <qty>6</qty>
          <unit/></amt>
        <item>Oranges; peeled, seeded, and chopped (prefer blood oranges)</item></ing>
      <ing>
        <amt>
          <qty>8</qty>
          <unit/></amt>
        <item>Fresh Plum tomatoes; peeled and pureed -or-</item></ing>
      <ing>
        <amt>
          <qty>1</qty>
          <unit>can</unit></amt>
        <item>(1-lb) Plum tomatoes</item></ing>
      <ing>
        <amt>
          <qty>2</qty>
          <unit>cups</unit></amt>
        <item>Tomato sauce</item></ing>
      <ing>
        <amt>
          <qty>1/2</qty>
          <unit>cups</unit></amt>
        <item>Worcestershire sauce; Lea and Perrin preferred</item></ing>
      <ing>
        <amt>
          <qty>8</qty>
          <unit>ounces</unit></amt>
        <item>Tamarind sauce; like Pickapeppa or Blue Marlin</item></ing>
      <ing>
        <amt>
          <qty>3</qty>
          <unit/></amt>
        <item>Whole lemons; juiced</item></ing>
      <ing>
        <amt>
          <qty>1/3</qty>
          <unit>cups</unit></amt>
        <item>Mixed freshly ground black and white pepper</item></ing>
      <ing>
        <amt>
          <qty>1</qty>
          <unit>cup</unit></amt>
        <item>Cumin; whole, toasted then ground</item></ing>
      <ing>
        <amt>
          <qty>1 1/2</qty>
          <unit>teaspoons</unit></amt>
        <item>Cayenne pepper</item></ing>
      <ing>
        <amt>
          <qty>1/3</qty>
          <unit>cups</unit></amt>
        <item>Bandana's Pepper Sauce; XXtra Serious prefered or your choice</item></ing>
      <ing>
        <amt>
          <qty>2</qty>
          <unit>cups</unit></amt>
        <item>Orange juice; fresh squeezed</item></ing></ingredients>
    <directions>
      <step>  bandanan@cerfnet.com is Ted Dames owner/sauce maker/resident bon vivant at
  Bandana's Serious Pepper Products located in sub-tropical s.e. PA. Source:
  A. PEPPERHEAD
  
  A versatile sauce suitable for basting or using at tableside as a dippin'
  sauce.
  
  Heat the oil to smoking and add the brown sugar stirring constantly till it
  starts to thicken. Still stirring, first add all the onions and garlic.
  Now, turning down the heat, add the oranges and tomato puree and simmer for
  8 - 12 min. Add the tamarind,Worcestershire, and tomato sauces,also the
  lemon and orange juices,and reduce by 1/4. Add the ground black, white, and
  cayenne pepper and cook for 10 more minutes over low to medium heat. Now
  add Bandana's Serious Pepper Sauce of choice. Use right away or chill and
  use within 2 weeks. ENJOY !
  
  CHILE-HEADS ARCHIVES
  
  From the Chile-Heads recipe list.  Downloaded from Glen's MM Recipe
  Archive, http://www.erols.com/hosey.
 
</step></directions></recipe></recipeml>
