<?xml version="1.0" encoding="UTF-8"?>

<recipeml version="0.5">
  <recipe>
    <head>
      <title>Bandera Mexicana</title>
      <categories>
        <cat>Beverages</cat>
        <cat>Mixed drink</cat></categories>
      <yield>6</yield></head>
    <ingredients>
      <ing>
        <amt>
          <qty>1</qty>
          <unit>small</unit></amt>
        <item>Jicama</item></ing>
      <ing>
        <amt>
          <qty>6</qty>
          <unit/></amt>
        <item>Seedless grapes; or lime wedges</item></ing>
      <ing>
        <amt>
          <qty>6</qty>
          <unit/></amt>
        <item>Maraschino cherries</item></ing>
      <ing>
        <amt>
          <qty>1/4</qty>
          <unit>cups</unit></amt>
        <item>Sugar</item></ing>
      <ing>
        <amt>
          <qty>1/4</qty>
          <unit>cups</unit></amt>
        <item>Lime juice</item></ing>
      <ing>
        <amt>
          <qty>1</qty>
          <unit>cup</unit></amt>
        <item>Tequila</item></ing>
      <ing>
        <amt>
          <qty/>
          <unit/></amt>
        <item>Crushed ice</item></ing></ingredients>
    <directions>
      <step>  Fill six cocktail glasses with crushed ice.
  
  With melon baller, scoop six balls from jicama. Put one jicama ball, one
  grape (or lime wedge), and one cherry on each pick.
  
  In a pitcher, combine sugar, lime juice, and tequila. Stir and pour into
  cocktail glasses. Top each glass with "Mexican flag" garnish.
  
  Recipe By     : Joe Robertson
  
  Posted to EAT-L Digest 02 Oct 96
  
  Date:    Thu, 3 Oct 1996 09:15:23 -0400
  
  From:    Eileen &amp; Bob Holze &lt;beck4@ASAN.COM&gt;
 
</step></directions></recipe></recipeml>
