<?xml version="1.0" encoding="UTF-8"?>

<recipeml version="0.5">
  <recipe>
    <head>
      <title>Bangers and Mash</title>
      <categories>
        <cat>Meats</cat>
        <cat>Pork</cat></categories>
      <yield>4</yield></head>
    <ingredients>
      <ing>
        <amt>
          <qty>1</qty>
          <unit>pound</unit></amt>
        <item>Smoked country sausage links</item></ing>
      <ing>
        <amt>
          <qty>2</qty>
          <unit>tablespoons</unit></amt>
        <item>Butter</item></ing>
      <ing>
        <amt>
          <qty>1</qty>
          <unit>medium</unit></amt>
        <item>Onion; sliced</item></ing>
      <ing>
        <amt>
          <qty>2</qty>
          <unit>tablespoons</unit></amt>
        <item>Flour</item></ing>
      <ing>
        <amt>
          <qty>1</qty>
          <unit>cup</unit></amt>
        <item>Beef bouillon</item></ing>
      <ing>
        <amt>
          <qty>1/2</qty>
          <unit>teaspoons</unit></amt>
        <item>Brown gravey sauce</item></ing>
      <ing>
        <amt>
          <qty/>
          <unit/></amt>
        <item>Salt and pepper to taste</item></ing>
      <ing>
        <amt>
          <qty>3 1/2</qty>
          <unit>cups</unit></amt>
        <item>Hot mashed potatoes</item></ing>
      <ing>
        <amt>
          <qty>2</qty>
          <unit>tablespoons</unit></amt>
        <item>Parmesan cheese; grated</item></ing></ingredients>
    <directions>
      <step>  Saute sausage in butter or margarine until lightly browned and completely
  cooked.  Remove from skillet and keep warm. Fry onion until tender. Remove
  from skillet and keep warm. Add flour to drippings in skillet; cook and
  stir 2 minutes.  Slowly stir in bouillon and brown gravy sauce and cook.
  Stir until mixture is thickened and smooth. Taste and add salt and papper
  as needed. If individual casseroles are being used, divide hot potatoes
  between 4 ovenproof casseroles. Place sausages on top of potatoes. Divide
  onion over sausages and then pour gravy over all. Sprinkle with Parmesan
  cheese and heat under broiler for a few minutes to brown. Note: to serve in
  one casserole, use a 6-cup casserole and proceed as with individual serving
  dishes.
  Posted to MM-Recipes Digest V5 #007 by "Robert Ellis"
  &lt;rpearson@snowcrest.net&gt; on Jan 6, 1998
 
</step></directions></recipe></recipeml>
