<?xml version="1.0" encoding="UTF-8"?>

<recipeml version="0.5">
  <recipe>
    <head>
      <title>Bangkok Chicken</title>
      <categories>
        <cat>Poultry</cat>
        <cat>Cathe</cat></categories>
      <yield>1</yield></head>
    <ingredients>
      <ing>
        <amt>
          <qty>3</qty>
          <unit/></amt>
        <item>Chicken breasts, boned</item></ing>
      <ing>
        <amt>
          <qty>3</qty>
          <unit>tablespoons</unit></amt>
        <item>Flour</item></ing>
      <ing>
        <amt>
          <qty>1</qty>
          <unit>tablespoon</unit></amt>
        <item>Salt</item></ing>
      <ing>
        <amt>
          <qty>4</qty>
          <unit>tablespoons</unit></amt>
        <item>Olive oil</item></ing>
      <ing>
        <amt>
          <qty>1</qty>
          <unit>medium</unit></amt>
        <item>Onion, chopped</item></ing>
      <ing>
        <amt>
          <qty>3</qty>
          <unit>slices</unit></amt>
        <item>Ham, cooked (or more), diced</item></ing>
      <ing>
        <amt>
          <qty>2</qty>
          <unit/></amt>
        <item>Garlic cloves, minced</item></ing>
      <ing>
        <amt>
          <qty>1</qty>
          <unit>cup</unit></amt>
        <item>Beer (not dark)</item></ing>
      <ing>
        <amt>
          <qty>1/2</qty>
          <unit>pounds</unit></amt>
        <item>Shrimp, large</item></ing>
      <ing>
        <amt>
          <qty>1/2</qty>
          <unit>teaspoons</unit></amt>
        <item>Paprika</item></ing>
      <ing>
        <amt>
          <qty>1</qty>
          <unit>tablespoon</unit></amt>
        <item>Parsley, dried</item></ing>
      <ing>
        <amt>
          <qty>1/2</qty>
          <unit>teaspoons</unit></amt>
        <item>Tabasco sauce (optional)</item></ing></ingredients>
    <directions>
      <step>  Mix flour and salt; dredge chicken breasts.  In large skillet, brown
  chicken in olive oil and remove.
  
  Combine onion, ham and garlic and saute in same skillet over low heat until
  onion is soft.  (Don't let garlic stick to skillet.) Remove. Drain all but
  1 T of the oil and pour in flour left from dredging chicken; stir a lot to
  make sure flour is well-blended. Return ham mixture.
  
  Clean and devein shrimp.  To ham, add beer, shrimp, parsley, paprika and
  tabasco; mix well.  Add chicken; cover and simmer for 20 minutes. Serve
  with rice or garlic bread.
  
  From Gemini's MASSIVE MealMaster collection at www.synapse.com/~gemini
 
</step></directions></recipe></recipeml>
