<?xml version="1.0" encoding="UTF-8"?>

<recipeml version="0.5">
  <recipe>
    <head>
      <title>Bbq Spareribs</title>
      <categories>
        <cat>None</cat></categories>
      <yield>1</yield></head>
    <ingredients>
      <ing-div>
        <title/>
        <ing>
          <amt>
            <qty>8</qty>
            <unit>pounds</unit></amt>
          <item>Pork or beef ribs; (up to 9)</item></ing></ing-div>
      <ing-div>
        <title>SAUCE</title>
        <ing>
          <amt>
            <qty>1</qty>
            <unit>cup</unit></amt>
          <item>Chilli sauce; (Heinz)</item></ing>
        <ing>
          <amt>
            <qty>1</qty>
            <unit>cup</unit></amt>
          <item>Onion BBQ SAUCE; (Heinz)</item></ing>
        <ing>
          <amt>
            <qty>1/2</qty>
            <unit>cups</unit></amt>
          <item>Maple syrup</item></ing>
        <ing>
          <amt>
            <qty>1/4</qty>
            <unit>cups</unit></amt>
          <item>White wine</item></ing>
        <ing>
          <amt>
            <qty>2</qty>
            <unit>tablespoons</unit></amt>
          <item>Strong mustard</item></ing>
        <ing>
          <amt>
            <qty>1</qty>
            <unit>tablespoon</unit></amt>
          <item>Oil</item></ing>
        <ing>
          <amt>
            <qty>1</qty>
            <unit>tablespoon</unit></amt>
          <item>Worchestershire sauce</item></ing>
        <ing>
          <amt>
            <qty>1</qty>
            <unit>tablespoon</unit></amt>
          <item>Soya sauce</item></ing>
        <ing>
          <amt>
            <qty>2</qty>
            <unit/></amt>
          <item>Cloves of garlic</item></ing>
        <ing>
          <amt>
            <qty>1</qty>
            <unit>teaspoon</unit></amt>
          <item>Tobasco</item></ing></ing-div></ingredients>
    <directions>
      <step>  Boil ribs, simmer these for 45 min. Let cool. SAUCE: Mean will mix
  together.
  
  When the meat is cooked, put in a big dish, (I use two, If you have no
  covers, cover with plastic wrap) Add the sauce and mix well to cover every
  piece of rib. Cover. Let marinate 8 to 24 hours. (I know it's long but...)
  They can be cooked on the BBQ. but I'm sure also in the oven. BBQ cooking
  time is 25-30 min.
  
  I don't know where you are in Canada, but I'm in Quebec and (not to get any
  jealous reactions) but our BBQ is closed in, there is a window I can open,
  we BBQ all year round.
  
  Posted to FOODWINE Digest  by joanne kyvetos &lt;kyvetosj@CLIC.NET&gt; on Feb 16,
  1998
 
</step></directions></recipe></recipeml>
