<?xml version="1.0" encoding="UTF-8"?>

<recipeml version="0.5">
  <recipe>
    <head>
      <title>Bbq Sause</title>
      <categories>
        <cat>Sauce</cat></categories>
      <yield>1</yield></head>
    <ingredients>
      <ing>
        <amt>
          <qty>2</qty>
          <unit>cups</unit></amt>
        <item>BBQ sause of your choice (sorry I cheated; but this is a great base)</item></ing>
      <ing>
        <amt>
          <qty>1</qty>
          <unit>teaspoon</unit></amt>
        <item>Crushed red pepper (careful with this if you don't like hot stuff) (up to)</item></ing>
      <ing>
        <amt>
          <qty>3</qty>
          <unit>tablespoons</unit></amt>
        <item>Grape juice (canned last fall with Concord grapes)</item></ing>
      <ing>
        <amt>
          <qty>1</qty>
          <unit/></amt>
        <item>Soy sause (up to)</item></ing>
      <ing>
        <amt>
          <qty>3</qty>
          <unit>tablespoons</unit></amt>
        <item>Honey (up to)</item></ing>
      <ing>
        <amt>
          <qty>2</qty>
          <unit>tablespoons</unit></amt>
        <item>Pure maple syrup (up to)</item></ing>
      <ing>
        <amt>
          <qty>5</qty>
          <unit/></amt>
        <item>Cloves garlic (minced fine)</item></ing>
      <ing>
        <amt>
          <qty/>
          <unit/></amt>
        <item>Salt &amp; pepper to taste</item></ing>
      <ing>
        <amt>
          <qty>Date:</qty>
          <unit/></amt>
        <item>Mon, 17 Jun 1996 16:31:42 -0500</item></ing>
      <ing>
        <amt>
          <qty>From:</qty>
          <unit/></amt>
        <item>"the letter \"C\" is not nesessary" &lt;DDAWSON@HOP.QGRAPH.COM&gt;</item></ing></ingredients>
    <directions>
      <step>  You can also doctor it with additional spices of your choice.
  
  EAT-L DIGEST 17 JUNE 1996
  
  From the EAT-L recipe list.  Downloaded from Glen's MM Recipe Archive,
  http://www.erols.com/hosey.
 
</step></directions></recipe></recipeml>
