<?xml version="1.0" encoding="UTF-8"?>

<recipeml version="0.5">
  <recipe>
    <head>
      <title>Bbq Veggie Brochettes</title>
      <categories>
        <cat>Vegetables</cat>
        <cat>Bar-b-q</cat></categories>
      <yield>4</yield></head>
    <ingredients>
      <ing>
        <amt>
          <qty>2</qty>
          <unit>tablespoons</unit></amt>
        <item>Fresh mint, chopped</item></ing>
      <ing>
        <amt>
          <qty>2</qty>
          <unit>tablespoons</unit></amt>
        <item>Olive oil</item></ing>
      <ing>
        <amt>
          <qty>2</qty>
          <unit>tablespoons</unit></amt>
        <item>Lemon juice</item></ing>
      <ing>
        <amt>
          <qty>1/4</qty>
          <unit>teaspoons</unit></amt>
        <item>Ground cumin</item></ing>
      <ing>
        <amt>
          <qty>1</qty>
          <unit/></amt>
        <item>Garlic clove, minced</item></ing>
      <ing>
        <amt>
          <qty>1</qty>
          <unit>large</unit></amt>
        <item>Zucchini</item></ing>
      <ing>
        <amt>
          <qty>1</qty>
          <unit>large</unit></amt>
        <item>Sweet red/yellow pepper</item></ing>
      <ing>
        <amt>
          <qty>1</qty>
          <unit>small</unit></amt>
        <item>Red onion</item></ing>
      <ing>
        <amt>
          <qty>1</qty>
          <unit>pinch</unit></amt>
        <item>Salt</item></ing>
      <ing>
        <amt>
          <qty>1</qty>
          <unit>pinch</unit></amt>
        <item>Pepper</item></ing></ingredients>
    <directions>
      <step>  In small bowl, whisk together mint, olive oil, lemon juice, cumin and
  garlic; set aside.
  
  Cut zucchini, red pepper and onion into 1-inch chunks. Thread chunks onto
  eight 8-inch pre-soaked wooden skewers.
  
  Place on greased grill over medium-high heat; cover and cook, turning and
  basting often with sauce, for about 15 minutes or until tender. Season with
  salt and pepper.
  
  Per serving: about 70 calories, 1 g protein, 4 g fat, 9 g carbohydrate
  
  Serve with: BBQ Oregano Steak (see recipe) Whole Wheat Rolls Light Caesar
  Salad Chocolate and Orange Parfait
  
  Source: Canadian Living magazine Jun 95 Presented in article by Elizabeth
  Baird: "Grate Partners"
  
      [-=PAM=-]   PA_Meadows@msn.com
  Posted to MM-Recipes Digest V3 #342
  
  From: "Paul A Meadows" &lt;PA_Meadows@msn.com&gt;
  
  Date: Sat, 14 Dec 96 22:03:08 UT
 
</step></directions></recipe></recipeml>
