<?xml version="1.0" encoding="UTF-8"?>

<recipeml version="0.5">
  <recipe>
    <head>
      <title>Bbq Sauce Like Kenny Rogers</title>
      <categories>
        <cat>Sauces</cat></categories>
      <yield>3</yield></head>
    <ingredients>
      <ing-div>
        <title>WALDINE VAN GEFFEN VGHC42A</title>
        <ing>
          <amt>
            <qty>1</qty>
            <unit>cup</unit></amt>
          <item>Applesauce</item></ing>
        <ing>
          <amt>
            <qty>1/2</qty>
            <unit>cups</unit></amt>
          <item>Heintz ketchup</item></ing>
        <ing>
          <amt>
            <qty>1 1/4</qty>
            <unit>cups</unit></amt>
          <item>Light brown sugar; pack</item></ing>
        <ing>
          <amt>
            <qty>6</qty>
            <unit>tablespoons</unit></amt>
          <item>Lemon juice</item></ing>
        <ing>
          <amt>
            <qty/>
            <unit/></amt>
          <item>Salt and pepper</item></ing>
        <ing>
          <amt>
            <qty>1/2</qty>
            <unit>teaspoons</unit></amt>
          <item>Paprika</item></ing>
        <ing>
          <amt>
            <qty>1/2</qty>
            <unit>teaspoons</unit></amt>
          <item>Garlic salt</item></ing>
        <ing>
          <amt>
            <qty>1/2</qty>
            <unit>teaspoons</unit></amt>
          <item>Cinnamon</item></ing></ing-div></ingredients>
    <directions>
      <step>  In heavy saucepan bring mixture to boil. Stir constantly about 4 to 5
  minutes. Turn heat to low and continue to stir (about 3 to 5 minutes)
  making sure sugar is completely dissolved. Allow to cook without stirring
  for 15 minutes on lowest possible heat, uncovered. Transfer to top of
  double boiler over simmering watr if to be used as a basting sauce for ribs
  or chicken during baking; or cool sauce and refrigerate covered to use in
  30 days. Sauce freezes well. Source: Gloria Pitzer.
  Posted to EAT-L Digest 25 Sep 96
  
  Date:    Thu, 26 Sep 1996 18:07:26 -0400
  
  From:    Simps &lt;c.simpson@WORLDNET.ATT.NET&gt;
 
</step></directions></recipe></recipeml>
