<?xml version="1.0" encoding="UTF-8"?>

<recipeml version="0.5">
  <recipe>
    <head>
      <title>Bbq Steak 'n' Sweetbreads with Tarragon Butter</title>
      <categories>
        <cat>Meats</cat></categories>
      <yield>1</yield></head>
    <ingredients>
      <ing>
        <amt>
          <qty>1</qty>
          <unit>pound</unit></amt>
        <item>Sweetbread</item></ing>
      <ing>
        <amt>
          <qty>1</qty>
          <unit>quart</unit></amt>
        <item>Water</item></ing>
      <ing>
        <amt>
          <qty>1</qty>
          <unit>tablespoon</unit></amt>
        <item>Lemon juice</item></ing>
      <ing>
        <amt>
          <qty>1</qty>
          <unit>teaspoon</unit></amt>
        <item>Salt</item></ing>
      <ing>
        <amt>
          <qty>4</qty>
          <unit/></amt>
        <item>Strips partially cooked</item></ing>
      <ing>
        <amt>
          <qty/>
          <unit/></amt>
        <item>Bacon</item></ing>
      <ing>
        <amt>
          <qty>1</qty>
          <unit>pound</unit></amt>
        <item>Boneless beef sirloin (cut</item></ing>
      <ing>
        <amt>
          <qty/>
          <unit/></amt>
        <item>In 1 1/2" chunks)</item></ing>
      <ing>
        <amt>
          <qty/>
          <unit/></amt>
        <item>TARRAGON BUTTER</item></ing></ingredients>
    <directions>
      <step>  Cover sweetbread with water; add lemon juice &amp; salt. Heat to boil;
  simmer 15 minutes &amp; drain. Run cold water over sweetbread to cool
  them; drain &amp; pull off any visible white membrane, cut into 1- 1 1/2"
  chunks. Cut partially cooked bacon into 1" lengths. Thread beef
  cubes, bacon &amp; sweetbread on skewers; brush with Tarragon Butter.
  Cook over hot coals about 10 minutes or until done as desired,
  brushing occasionally with Tarragon Butter as beef cooks. Pass
  remaining butter on side.
  
  File ftp://ftp.idiscover.co.uk/pub/food/mealmaster/recipes/mmkah001.zip
 
</step></directions></recipe></recipeml>
