<?xml version="1.0" encoding="UTF-8"?>

<recipeml version="0.5">
  <recipe>
    <head>
      <title>Bc's Rosemary-Wine Marinade</title>
      <categories>
        <cat>Marinades</cat></categories>
      <yield>1</yield></head>
    <ingredients>
      <ing>
        <amt>
          <qty>2</qty>
          <unit>tablespoons</unit></amt>
        <item>Vegetable oil</item></ing>
      <ing>
        <amt>
          <qty>1</qty>
          <unit>tablespoon</unit></amt>
        <item>Chopped fresh rosemary</item></ing>
      <ing>
        <amt>
          <qty/>
          <unit/></amt>
        <item>Or 1 t dried rosemary</item></ing>
      <ing>
        <amt>
          <qty>1</qty>
          <unit/></amt>
        <item>Clove garlic, minced</item></ing>
      <ing>
        <amt>
          <qty>1/2</qty>
          <unit>cups</unit></amt>
        <item>Dry red wine or grape juice</item></ing>
      <ing>
        <amt>
          <qty>1</qty>
          <unit>teaspoon</unit></amt>
        <item>Sugar</item></ing>
      <ing>
        <amt>
          <qty>1/2</qty>
          <unit>teaspoons</unit></amt>
        <item>Salt</item></ing>
      <ing>
        <amt>
          <qty>1/4</qty>
          <unit>teaspoons</unit></amt>
        <item>Pepper</item></ing></ingredients>
    <directions>
      <step>  Heat oil in 1 1/2-quart saucepan over medium heat. Cook rosemary and garlic
  in oil, stirring frequently, until garlic is tender; remove from heat. Stir
  in wine, sugar, salt and pepper.
  
  *Betty Crocker's Great Grilling
  Posted to MM-Recipes Digest V4 #306 by Michael McLaughlin
  &lt;mmclaughlin@micronet.net&gt; on Nov 25, 1997
 
</step></directions></recipe></recipeml>
