<?xml version="1.0" encoding="UTF-8"?>

<recipeml version="0.5">
  <recipe>
    <head>
      <title>Bc's Tangy Cranberry Marinade</title>
      <categories>
        <cat>Marinades</cat></categories>
      <yield>1</yield></head>
    <ingredients>
      <ing>
        <amt>
          <qty>1/2</qty>
          <unit>cups</unit></amt>
        <item>Dried cranberries</item></ing>
      <ing>
        <amt>
          <qty>1</qty>
          <unit/></amt>
        <item>1-inch piece peeled</item></ing>
      <ing>
        <amt>
          <qty/>
          <unit/></amt>
        <item>Gingerroot</item></ing>
      <ing>
        <amt>
          <qty>3</qty>
          <unit/></amt>
        <item>Cloves garlic</item></ing>
      <ing>
        <amt>
          <qty>1</qty>
          <unit>small</unit></amt>
        <item>Serrano chili -or-</item></ing>
      <ing>
        <amt>
          <qty/>
          <unit/></amt>
        <item>1 T chopped green chilies</item></ing>
      <ing>
        <amt>
          <qty>1/3</qty>
          <unit>cups</unit></amt>
        <item>Vegetable oil</item></ing>
      <ing>
        <amt>
          <qty>1/4</qty>
          <unit>cups</unit></amt>
        <item>Lime juice</item></ing>
      <ing>
        <amt>
          <qty>3</qty>
          <unit>tablespoons</unit></amt>
        <item>Soy sauce</item></ing>
      <ing>
        <amt>
          <qty>1/2</qty>
          <unit>teaspoons</unit></amt>
        <item>Salt</item></ing></ingredients>
    <directions>
      <step>  Place all ingredients in blender or food processor. Cover and blend on high
  speed 1 minute. Makes about 1 1/4 cups.
  
  *Betty Crocker's Great Grilling
  Posted to MM-Recipes Digest V4 #306 by Michael McLaughlin
  &lt;mmclaughlin@micronet.net&gt; on Nov 25, 1997
 
</step></directions></recipe></recipeml>
