<?xml version="1.0" encoding="UTF-8"?>

<recipeml version="0.5">
  <recipe>
    <head>
      <title>Bc's Lemon Herb Marinade</title>
      <categories>
        <cat>Marinades</cat></categories>
      <yield>1</yield></head>
    <ingredients>
      <ing>
        <amt>
          <qty>1/3</qty>
          <unit>cups</unit></amt>
        <item>Vegetable oil</item></ing>
      <ing>
        <amt>
          <qty>1/2</qty>
          <unit>teaspoons</unit></amt>
        <item>Grated lemon peel</item></ing>
      <ing>
        <amt>
          <qty>2</qty>
          <unit>tablespoons</unit></amt>
        <item>Lemon juice</item></ing>
      <ing>
        <amt>
          <qty>1</qty>
          <unit>tablespoon</unit></amt>
        <item>Dry vermouth -or-</item></ing>
      <ing>
        <amt>
          <qty/>
          <unit/></amt>
        <item>Dry white wine -or-</item></ing>
      <ing>
        <amt>
          <qty/>
          <unit/></amt>
        <item>Beef broth</item></ing>
      <ing>
        <amt>
          <qty>1</qty>
          <unit>teaspoon</unit></amt>
        <item>Chopped fresh sage leaves</item></ing>
      <ing>
        <amt>
          <qty/>
          <unit/></amt>
        <item>Or 1/4 t dried sage leaves</item></ing>
      <ing>
        <amt>
          <qty>1</qty>
          <unit>teaspoon</unit></amt>
        <item>Chopped fresh oregano leaves</item></ing>
      <ing>
        <amt>
          <qty/>
          <unit/></amt>
        <item>Or 1/4 t dried oregano lvs</item></ing>
      <ing>
        <amt>
          <qty>1/2</qty>
          <unit>teaspoons</unit></amt>
        <item>Salt</item></ing>
      <ing>
        <amt>
          <qty>1/4</qty>
          <unit>teaspoons</unit></amt>
        <item>Coarsely ground pepper</item></ing></ingredients>
    <directions>
      <step>  Mix all ingredients in shallow nonmetal dish or resealable plastic bag. Add
  up to 2 pounds beef, pork, chicken or turkey, turning to coat with
  marinade. Cover dish or seal bag and refrigerate, turning meat
  occasionally, at least 4 hours but no longer than 24 hours. Remove meat
  from marinade; discard marinade. Grill meat as desired.
  
  *Betty Crocker's Great Grilling
  Posted to MM-Recipes Digest V4 #306 by Michael McLaughlin
  &lt;mmclaughlin@micronet.net&gt; on Nov 25, 1997
 
</step></directions></recipe></recipeml>
