<?xml version="1.0" encoding="UTF-8"?>

<recipeml version="0.5">
  <recipe>
    <head>
      <title>Bc's Orange-Thyme Marinade</title>
      <categories>
        <cat>Marinades</cat></categories>
      <yield>1</yield></head>
    <ingredients>
      <ing>
        <amt>
          <qty>1/2</qty>
          <unit>cups</unit></amt>
        <item>Orange juice</item></ing>
      <ing>
        <amt>
          <qty>2</qty>
          <unit>tablespoons</unit></amt>
        <item>Balsamic or red wine</item></ing>
      <ing>
        <amt>
          <qty/>
          <unit/></amt>
        <item>Vinegar</item></ing>
      <ing>
        <amt>
          <qty>1</qty>
          <unit>tablespoon</unit></amt>
        <item>Vegetable oil</item></ing>
      <ing>
        <amt>
          <qty>2</qty>
          <unit>medium</unit></amt>
        <item>Green onions, finely</item></ing>
      <ing>
        <amt>
          <qty/>
          <unit/></amt>
        <item>Chopped (2 Tablespoons)</item></ing>
      <ing>
        <amt>
          <qty>1</qty>
          <unit>tablespoon</unit></amt>
        <item>Chopped fresh thyme or</item></ing>
      <ing>
        <amt>
          <qty/>
          <unit/></amt>
        <item>1 teaspoon dried thyme</item></ing>
      <ing>
        <amt>
          <qty>1</qty>
          <unit>teaspoon</unit></amt>
        <item>Grated orange peel</item></ing>
      <ing>
        <amt>
          <qty>1/4</qty>
          <unit>teaspoons</unit></amt>
        <item>Salt</item></ing>
      <ing>
        <amt>
          <qty>1/8</qty>
          <unit>teaspoons</unit></amt>
        <item>Pepper</item></ing></ingredients>
    <directions>
      <step>  Mix all ingredients in shallow nonmetal dish or resealable plastic bag. Add
  2 pounds beef or pork, turning to coat with marinade. Cover and refrigerate
  at least 6 hours but no more than 24 hours. Remove meat from marinade;
  reserve marinade. Grill meat as desired. Heat remaining marinade to
  boiling; boil and stir 1 minute. Serve marinade with grilled meat.
  
  *Betty Crocker's Great Grilling
  Posted to MM-Recipes Digest V4 #306 by Michael McLaughlin
  &lt;mmclaughlin@micronet.net&gt; on Nov 25, 1997
 
</step></directions></recipe></recipeml>
