<?xml version="1.0" encoding="UTF-8"?>

<recipeml version="0.5">
  <recipe>
    <head>
      <title>Be-My-Valentine Pie</title>
      <categories>
        <cat>Cyberealm</cat>
        <cat>Pies</cat>
        <cat>Microwave</cat></categories>
      <yield>8</yield></head>
    <ingredients>
      <ing-div>
        <title>FROM LOIS FLACK</title></ing-div>
      <ing-div>
        <title>CYBEREALM BBS (315)786-1120</title>
        <ing>
          <amt>
            <qty/>
            <unit/></amt>
          <item>*   *   *   *   *   *   *</item></ing>
        <ing>
          <amt>
            <qty>1</qty>
            <unit>cup</unit></amt>
          <item>Water</item></ing>
        <ing>
          <amt>
            <qty>1</qty>
            <unit/></amt>
          <item>3-ounce package - Strawberry Flavored Gelatin</item></ing>
        <ing>
          <amt>
            <qty>1</qty>
            <unit>pint</unit></amt>
          <item>Vanilla Ice Cream (2 cups)</item></ing>
        <ing>
          <amt>
            <qty>1</qty>
            <unit/></amt>
          <item>Chocolate-flavored crumb pie shell</item></ing>
        <ing>
          <amt>
            <qty/>
            <unit/></amt>
          <item>Milk chocolate kisses - (optional)</item></ing></ing-div></ingredients>
    <directions>
      <step>  1.  In a 4-cup glass measuring cup stir together water and gelatin.
  Cook, uncovered, on 100% power (high) for 1 1/2 to2 minutes.
  
  2.  Add vanilla ice cream to the hot gelatin mixture, stirring till
  ice cream is melted. Chill mixture for 35 to 30 minutes, stirring
  twice during chilling (the mixture should mound when you drop it from
  a spoon.
  
  3.  Pour chilled ice cream mixture into pie shell.  Chill about 4
  hours or till ice cream is set.
  
  4.  If desired, arrange milk chocolate kisses in a heart shape atop
  pie.
  
  Serves 8
  
  . . . . . . . . . . . . NUTRITIONAL ANALYSIS . . . . . . . . . . .
  
  Calories........................252  Protein..................3 g
  Fat............................13 g  Sodium................159 mg
  Source: Better Homes and Gardens Microwave Cooking Card Library
  
  Typed for you by Lois Flack, CYBEREALM BBS, Watertown, NY.
  
  File ftp://ftp.idiscover.co.uk/pub/food/mealmaster/recipes/mmcyber4.zip
 
</step></directions></recipe></recipeml>
