<?xml version="1.0" encoding="UTF-8"?>

<recipeml version="0.5">
  <recipe>
    <head>
      <title>Bea's Unstuffed Cabbage</title>
      <categories>
        <cat>Soups &amp;</cat>
        <cat>Stews</cat></categories>
      <yield>6</yield></head>
    <ingredients>
      <ing>
        <amt>
          <qty/>
          <unit/></amt>
        <item>Cabbage Soup:</item></ing>
      <ing>
        <amt>
          <qty>1</qty>
          <unit>large</unit></amt>
        <item>Onion,diced</item></ing>
      <ing>
        <amt>
          <qty>2</qty>
          <unit>pounds</unit></amt>
        <item>Head of cabbage cored and diced</item></ing>
      <ing>
        <amt>
          <qty>8</qty>
          <unit>ounces</unit></amt>
        <item>Tomato sauce</item></ing>
      <ing>
        <amt>
          <qty>28</qty>
          <unit>ounces</unit></amt>
        <item>Tomatoes, canned, with juice</item></ing>
      <ing>
        <amt>
          <qty>1</qty>
          <unit>cup</unit></amt>
        <item>Water</item></ing>
      <ing>
        <amt>
          <qty>1/4</qty>
          <unit>cups</unit></amt>
        <item>Honey</item></ing>
      <ing>
        <amt>
          <qty>1/3</qty>
          <unit>cups</unit></amt>
        <item>Raisins</item></ing>
      <ing>
        <amt>
          <qty>1/4</qty>
          <unit>cups</unit></amt>
        <item>Lemon juice</item></ing>
      <ing>
        <amt>
          <qty/>
          <unit/></amt>
        <item>Meatballs:</item></ing>
      <ing>
        <amt>
          <qty>1</qty>
          <unit>large</unit></amt>
        <item>Lean ground beef, or other ground meat</item></ing>
      <ing>
        <amt>
          <qty>1/2</qty>
          <unit>cups</unit></amt>
        <item>White rice, uncooked</item></ing>
      <ing>
        <amt>
          <qty>1</qty>
          <unit>teaspoon</unit></amt>
        <item>Worcestershire sauce</item></ing>
      <ing>
        <amt>
          <qty>1/2</qty>
          <unit>teaspoons</unit></amt>
        <item>Salt, optional</item></ing>
      <ing>
        <amt>
          <qty/>
          <unit/></amt>
        <item>Freshly ground black pepper,to taste</item></ing></ingredients>
    <directions>
      <step>  In a large pot, combine the cabbage soup ingredients EXCEPT the raisins,
  and bring them to a boil over medium-high heat while preparing the
  meatballs.
  
  In a medium-sized bowl, combine the meatball ingredients, stirring them to
  mix thoroughly.  With wet hands, roll the meat mixture into 1 1/4" balls.
  Add the meatballs to the boiling soup; reduce the heat to medium-low, cover
  the pot and simmer the meatballs for about 2 hours.
  
  Remove the cover.  Add the raisins and cook for another 20 minutes,
  uncovered.
  
  Formatted and posted by Ilene Warfield.
        ‹‹‹‹‹ Notes: Nostalgic comfort food. This is wonderful served served
  over mashed potatoes; you can substitute broad egg noodles or other starch.
  It can also be served in a bowl with a good solid loaf of rye bread or
  bread of your choice.
  Per serving: 298 Calories; 9g Fat (25% calories from fat); 12g Protein; 47g
  Carbohydrate; 28mg Cholesterol; 774mg Sodium
  
  Recipe By:      _Good Food Gourmet_  by Jane Brody
  
  Posted to EAT-L Digest 28 Sep 96
  
  Date:    Sun, 29 Sep 1996 00:22:34 +0000
  
  From:    Ilene Warfield &lt;ilenewar@STARNETINC.COM&gt;
 
</step></directions></recipe></recipeml>
