<?xml version="1.0" encoding="UTF-8"?>

<recipeml version="0.5">
  <recipe>
    <head>
      <title>Bea's Blueberry Gingerbread Treat</title>
      <categories>
        <cat>Desserts</cat>
        <cat>Breads</cat></categories>
      <yield>9</yield></head>
    <ingredients>
      <ing>
        <amt>
          <qty>3/4</qty>
          <unit>cups</unit></amt>
        <item>Fresh/frozen blueberries</item></ing>
      <ing>
        <amt>
          <qty>2</qty>
          <unit>cups</unit></amt>
        <item>Flour</item></ing>
      <ing>
        <amt>
          <qty>1</qty>
          <unit>teaspoon</unit></amt>
        <item>Baking soda</item></ing>
      <ing>
        <amt>
          <qty>1 1/2</qty>
          <unit>teaspoons</unit></amt>
        <item>Ginger</item></ing>
      <ing>
        <amt>
          <qty>1/2</qty>
          <unit>teaspoons</unit></amt>
        <item>Salt</item></ing>
      <ing>
        <amt>
          <qty>1/3</qty>
          <unit>cups</unit></amt>
        <item>Butter or margarine</item></ing>
      <ing>
        <amt>
          <qty>1</qty>
          <unit/></amt>
        <item>Egg</item></ing>
      <ing>
        <amt>
          <qty>1/2</qty>
          <unit>cups</unit></amt>
        <item>Brown sugar</item></ing>
      <ing>
        <amt>
          <qty>1</qty>
          <unit>cup</unit></amt>
        <item>Molasses</item></ing>
      <ing>
        <amt>
          <qty>1/2</qty>
          <unit>cups</unit></amt>
        <item>Sour cream</item></ing></ingredients>
    <directions>
      <step>  Preheat oven to 350 degrees.  Butter a 9-inch square baking pan. Wash,
  drain, and dry berries or defrost frozen ones enough to separate. Toss in
  small amount of flour with blueberries and set aside.
  
  Cream butter, then add sugar and mix well.  Add egg and beat until
  light-colored.  Combine molasses and sour cream and add to butter mixture.
  
  Sift flour, soda, ginger, and salt together and add alternately with
  molasses-sour cream to sugar mixture. Mix only enouth to blend ingredients.
  Add blueberries, folding them in lightly. Spoon batter into pan. Bake for
  40 minutes or until cake pulls away from sides of pan. Serve warm with or
  without butter.
  
  From Gemini's MASSIVE MealMaster collection at www.synapse.com/~gemini
 
</step></directions></recipe></recipeml>
