<?xml version="1.0" encoding="UTF-8"?>

<recipeml version="0.5">
  <recipe>
    <head>
      <title>Beachside Bbq</title>
      <categories>
        <cat>Poultry</cat>
        <cat>Vegetables</cat>
        <cat>Cyberealm</cat></categories>
      <yield>4</yield></head>
    <ingredients>
      <ing>
        <amt>
          <qty>1</qty>
          <unit>cup</unit></amt>
        <item>WishBone Italian dressing</item></ing>
      <ing>
        <amt>
          <qty/>
          <unit/></amt>
        <item>Or Robusto Italian or Lite</item></ing>
      <ing>
        <amt>
          <qty/>
          <unit/></amt>
        <item>Italian (divided)</item></ing>
      <ing>
        <amt>
          <qty>4</qty>
          <unit/></amt>
        <item>Chicken breast halves (2 lb)</item></ing>
      <ing>
        <amt>
          <qty>4</qty>
          <unit/></amt>
        <item>Ears fresh corn (or frozen</item></ing>
      <ing>
        <amt>
          <qty/>
          <unit/></amt>
        <item>Ears of corn, thawed)</item></ing>
      <ing>
        <amt>
          <qty>2</qty>
          <unit/></amt>
        <item>Large ripe tomatoes, halved</item></ing>
      <ing>
        <amt>
          <qty/>
          <unit/></amt>
        <item>Crosswise</item></ing></ingredients>
    <directions>
      <step>  In shallow dish, pour 1/2 cup dressing over chicken. In another dish, pour
  remaining dressing over corn and tomatoes. Marinate both, covered, in
  refrigerator at least 3 hours or overnight, turning occasionally. Remove
  chicken and vegetables, reserving marinades. Grill or broil chicken and
  corn 20 minutes or until chicken is done, turning and basting with
  marinades. Arrange tomatoes, cut-side up, on grill or broiler pan. Grill 10
  minutes, frequently basting.
  
  From:  Wish-Bone advertisement, July 1994, Reader's Digest
  
  Typed for you by Loren Martin, Cyberealm BBS Watertown NY 315-786-1120
  
  From Gemini's MASSIVE MealMaster collection at www.synapse.com/~gemini
 
</step></directions></recipe></recipeml>
