<?xml version="1.0" encoding="UTF-8"?>

<recipeml version="0.5">
  <recipe>
    <head>
      <title>Beans with Vegetables</title>
      <categories>
        <cat>None</cat></categories>
      <yield>4</yield></head>
    <ingredients>
      <ing>
        <amt>
          <qty>1</qty>
          <unit>tablespoon</unit></amt>
        <item>Plus</item></ing>
      <ing>
        <amt>
          <qty>1</qty>
          <unit>teaspoon</unit></amt>
        <item>Olive oil</item></ing>
      <ing>
        <amt>
          <qty>1</qty>
          <unit>medium</unit></amt>
        <item>Red bell pepper, seeded and cut into strips</item></ing>
      <ing>
        <amt>
          <qty>2</qty>
          <unit>teaspoons</unit></amt>
        <item>Finely chopped garlic</item></ing>
      <ing>
        <amt>
          <qty>1</qty>
          <unit>pinch</unit></amt>
        <item>Curshed red pepper flakes</item></ing>
      <ing>
        <amt>
          <qty>8</qty>
          <unit/></amt>
        <item>Broccoli spears, cut into bite-sized pieces and steamed</item></ing>
      <ing>
        <amt>
          <qty>2</qty>
          <unit>cups</unit></amt>
        <item>Cauliflower florets, cut into bite-size pieces and steamed</item></ing>
      <ing>
        <amt>
          <qty>1</qty>
          <unit>pound</unit></amt>
        <item>Drained rinsed cooked cannellini (white kidney) beans</item></ing>
      <ing>
        <amt>
          <qty/>
          <unit/></amt>
        <item>Freshly ground pepper</item></ing>
      <ing>
        <amt>
          <qty/>
          <unit/></amt>
        <item>Salt (optional-I used Mrs. Dash)</item></ing></ingredients>
    <directions>
      <step>  1. In 10" nonstick skillet, heat oil over med-high heat; add bell pepper.
  Saute, stirring, until bell pepper begins to brown about 4-5  minutes.  Add
  garlic and red pepper flakes; saute 30 seconds.  Add broccoli and
  caulifower, saute until garlic is pale gold, about 2-3 minutes.
  
  2. Add beans, tossing until heated, about 4 minutes.  Season to taste with
  salt (optional) and pepper.
  Posted to Digest eat-lf.v096.n208
  
  Date: Sun, 3 Nov 1996 14:50:21 -0800
  
  From: Jean.E.Mulrenan.1@nd.edu (Jean E. Mulrenan)
 
</step></directions></recipe></recipeml>
