<?xml version="1.0" encoding="UTF-8"?>

<recipeml version="0.5">
  <recipe>
    <head>
      <title>Bean-Pasta Soup Mix</title>
      <categories>
        <cat>Gifts</cat>
        <cat>Holiday</cat>
        <cat>Pasta</cat>
        <cat>Vegetables</cat></categories>
      <yield>6</yield></head>
    <ingredients>
      <ing>
        <amt>
          <qty>3/4</qty>
          <unit>cups</unit></amt>
        <item>Dried onion flakes</item></ing>
      <ing>
        <amt>
          <qty>2</qty>
          <unit/></amt>
        <item>(1/2 ounce) jars dried Celery flakes</item></ing>
      <ing>
        <amt>
          <qty>1/2</qty>
          <unit>cups</unit></amt>
        <item>Dried parsley flakes</item></ing>
      <ing>
        <amt>
          <qty>3</qty>
          <unit>tablespoons</unit></amt>
        <item>Dried basil</item></ing>
      <ing>
        <amt>
          <qty>3</qty>
          <unit>tablespoons</unit></amt>
        <item>Dried oregano</item></ing>
      <ing>
        <amt>
          <qty>2</qty>
          <unit>teaspoons</unit></amt>
        <item>Garlic powder</item></ing>
      <ing>
        <amt>
          <qty>2</qty>
          <unit>teaspoons</unit></amt>
        <item>Coarsely ground pepper</item></ing>
      <ing>
        <amt>
          <qty>2</qty>
          <unit/></amt>
        <item>(2-1/4 ounce) jars beef-Flavored bouillon granules</item></ing>
      <ing>
        <amt>
          <qty>16</qty>
          <unit>ounces</unit></amt>
        <item>Pkg dried black-eyed peas</item></ing>
      <ing>
        <amt>
          <qty>16</qty>
          <unit>ounces</unit></amt>
        <item>Pkg dried kidney beans</item></ing>
      <ing>
        <amt>
          <qty>16</qty>
          <unit>ounces</unit></amt>
        <item>Pkg dried navy beans</item></ing>
      <ing>
        <amt>
          <qty>16</qty>
          <unit>ounces</unit></amt>
        <item>Pkg small shell pasta Uncooked</item></ing></ingredients>
    <directions>
      <step>  Combine first 7 ingredients; divide evenly, and place      in 6 airtight
  plastic bags. Add 2 tablespoon plus 1/4      teaspoon bouillon granules to
  ech package. Label "Herb     Mix" and seal.
  :       Combine black-eyed peas and next 3 ingredients; divide     evenly
  and plae in 6 airtight plastic bags. Label          "Bean Mix" and seal.
                                      Place one bag herb mix, 1 bag bean mix,
  and bag pasta      in a gift container; repeat procedure with remaining
     bags. Yield: 6 (3-bags) gifts.                             Directions
  for gift recipe card:  Sort and wash ben        mix; place in a Dutch
  oven=2E Cover with water 2 inches above beans; soak 8 hours. Drain.
                Combine beans, 3 quarts water, herb mix, 1 carrot, chopped,
  and 2/3 cup chopped cooked ham in Dutch oven.     Bring to a boil; reduce
  heat, and simmer 2-1/2 hours,      stirring occasionally.
                            Add 1 (14-1/2-ounce) can Mexican-style stewed
  :         tomatoes,undrained, and pasta; cook 20 minutes. Yield:     9 cups
                                                    Note:  To use the
  quick-soak method, place beans in a      Dutch oven; cover with water 2
  inches above beans.         Bring to a boil. Remove from heat; cover, and
  let
        stand 1 hour. Drain.
  Posted to MC-Recipe Digest V1 #274
  
  Date: Sat, 02 Nov 1996 11:41:55 +0000
  
  From: Cheryl Gimenez &lt;clgimenez@earthlink.net&gt;
 
</step></directions></recipe></recipeml>
