<?xml version="1.0" encoding="UTF-8"?>

<recipeml version="0.5">
  <recipe>
    <head>
      <title>Beans with Rare Steak and Pesto</title>
      <categories>
        <cat>Beans</cat>
        <cat>Beef</cat>
        <cat>Sf chronicl</cat></categories>
      <yield>4</yield></head>
    <ingredients>
      <ing>
        <amt>
          <qty>3</qty>
          <unit>pounds</unit></amt>
        <item>London broil steak</item></ing>
      <ing>
        <amt>
          <qty>3</qty>
          <unit>cups</unit></amt>
        <item>Aromatic Cannellini Beans - Master Recipe</item></ing>
      <ing>
        <amt>
          <qty>1 1/4</qty>
          <unit>cups</unit></amt>
        <item>Fresh basil leaf; packed</item></ing>
      <ing>
        <amt>
          <qty>1</qty>
          <unit>cup</unit></amt>
        <item>Italian parsley; packed</item></ing>
      <ing>
        <amt>
          <qty>1</qty>
          <unit/></amt>
        <item>Garlic clove</item></ing>
      <ing>
        <amt>
          <qty>1/2</qty>
          <unit>cups</unit></amt>
        <item>Parmesan cheese; freshly grated</item></ing>
      <ing>
        <amt>
          <qty>1/2</qty>
          <unit>cups</unit></amt>
        <item>Olive oil</item></ing>
      <ing>
        <amt>
          <qty>1/2</qty>
          <unit>cups</unit></amt>
        <item>Water</item></ing>
      <ing>
        <amt>
          <qty/>
          <unit/></amt>
        <item>Salt and pepper; to taste</item></ing></ingredients>
    <directions>
      <step>  THIS IS A LEFT-OVER RECIPE FOR USE WITH THE AROMATIC CANNELLINI BEANS
  MASTER RECIPE.
  
  Remove the steak and beans from the refrigerator to take off a bit of the
  chill.
  
  Meanwhile, prepare a pesto by placing the basil, parsley, garlic and
  Parmesan in a food processor fitted with the metal blade. Process until
  finely chopped, then scrape down the sides of the bowl. With the motor
  running, pour in the olive oil, then the water, in a thin stream.
  
  Mix the beans with half the pesto, season with salt. Set beans and
  remaining pesto aside.
  
  Season the steak on both sides with salt and pepper. Grill, turning once,
  until just rare in the center, about 12 minutes total. remove from the
  grill and lst stand for 5 minutes, then cut across the grain into very thin
  slices.
  
  Divide the beans among dinner plates. Top with 2-3 slices of grilled steak
  and drizzle with some of the remaining pesto.
  
  This may serve 6 in your family -- it only serves 4 in mine.
  
  Suggested Wine: Australian Shiraz-Cabernet
  
  NOTES : Serve with marinated roasted red peppers; follow with Brandied Figs
  Recipe by: SF Chronicle; Dec. 17, 1997 - WEEKEND COOK
  
  Posted to MC-Recipe Digest V1 #984 by Judi Moseley &lt;judi@moseleygroup.com&gt;
  on Jan 4, 1998
 
</step></directions></recipe></recipeml>
