<?xml version="1.0" encoding="UTF-8"?>

<recipeml version="0.5">
  <recipe>
    <head>
      <title>Beans'n'greens</title>
      <categories>
        <cat>Digest</cat>
        <cat>Oct.</cat>
        <cat>Fatfree</cat></categories>
      <yield>1</yield></head>
    <ingredients>
      <ing>
        <amt>
          <qty>1</qty>
          <unit>bunch</unit></amt>
        <item>(app. 20 med. leaves)</item></ing>
      <ing>
        <amt>
          <qty/>
          <unit/></amt>
        <item>Collards</item></ing>
      <ing>
        <amt>
          <qty>1</qty>
          <unit>cup</unit></amt>
        <item>FRESH butterbeans (limas or</item></ing>
      <ing>
        <amt>
          <qty/>
          <unit/></amt>
        <item>Blackeyed peas would work</item></ing>
      <ing>
        <amt>
          <qty/>
          <unit/></amt>
        <item>Too)</item></ing>
      <ing>
        <amt>
          <qty>1</qty>
          <unit>small</unit></amt>
        <item>Onion, chopped</item></ing>
      <ing>
        <amt>
          <qty>1</qty>
          <unit/></amt>
        <item>Or 2 fresh hot peppers,</item></ing>
      <ing>
        <amt>
          <qty/>
          <unit/></amt>
        <item>Seeded and chopped</item></ing>
      <ing>
        <amt>
          <qty>1/2</qty>
          <unit>cups</unit></amt>
        <item>White wine</item></ing>
      <ing>
        <amt>
          <qty>2</qty>
          <unit/></amt>
        <item>Bayleaves</item></ing></ingredients>
    <directions>
      <step>  Put the wine in the pressure cooker and add the rinsed beans, the
  bayleaves, and enough water to cover.  put the heat on medium to medium
  high, and do not cover (yet). let the beans simmer as you prepare the
  greens: rinse each leaf, devein, stack flat on top of one another, roll
  them up tightly, and slice across the roll to shred them nicely. add the
  onions to the beans and cook until just translucent. add the greens and the
  hot peppers and mix well. put the lid onto the pressure cooker and bring up
  to pressure. cook at pressure for about 3 minutes. cool the cooker under
  cool water.  serve the beans and greens with your favorite vinegar (like
  apple cider, balsamic, or rice).
  
  From: Libby &lt;eac9m@poe.acc.virginia.edu&gt;. Fatfree Digest [Volume 11 Issue
  5], Oct. 5, 1994.Formatted by Sue Smith, S.Smith34, TXFT40A@Prodigy.com
  using MMCONV.
  
  File ftp://ftp.idiscover.co.uk/pub/food/mealmaster/recipes/fatfreex.zip
 
</step></directions></recipe></recipeml>
