<?xml version="1.0" encoding="UTF-8"?>

<recipeml version="0.5">
  <recipe>
    <head>
      <title>Beans and Sausage</title>
      <categories>
        <cat>Freezes</cat>
        <cat>Well</cat></categories>
      <yield>24</yield></head>
    <ingredients>
      <ing>
        <amt>
          <qty>4</qty>
          <unit>pounds</unit></amt>
        <item>Bulk pork sausage</item></ing>
      <ing>
        <amt>
          <qty>1</qty>
          <unit>cup</unit></amt>
        <item>Instant minced onion</item></ing>
      <ing>
        <amt>
          <qty>1/3</qty>
          <unit>cups</unit></amt>
        <item>Sweet pepper flakes</item></ing>
      <ing>
        <amt>
          <qty>108</qty>
          <unit>ounces</unit></amt>
        <item>Kidney beans; (No. 10 can)*</item></ing>
      <ing>
        <amt>
          <qty>105</qty>
          <unit>ounces</unit></amt>
        <item>Tomatoes; (No. 10 can)</item></ing>
      <ing>
        <amt>
          <qty>2</qty>
          <unit>tablespoons</unit></amt>
        <item>Salt</item></ing>
      <ing>
        <amt>
          <qty>2</qty>
          <unit>tablespoons</unit></amt>
        <item>Chili powder</item></ing>
      <ing>
        <amt>
          <qty>1/8</qty>
          <unit>teaspoons</unit></amt>
        <item>Garlic powder</item></ing>
      <ing>
        <amt>
          <qty>1/2</qty>
          <unit>cups</unit></amt>
        <item>Flour; unsifted</item></ing>
      <ing>
        <amt>
          <qty>1/2</qty>
          <unit>cups</unit></amt>
        <item>Water</item></ing></ingredients>
    <directions>
      <step>  * A No. 10 can is the equivalent of 7 (16-oz) cans of kidney beans or 4
  (28-oz) cans. Line four 8x8-inch baking pans with heat-resistant freezer
  wrap.  Allow enough extra wrap to fold over top. Use one pan for each six
  servings or one-fourth of the recipe. Do not line pans for food to be
  served without freezing.
  
  Crumble sausage; brown with onion and pepper flakes.  Drain off fat.  Add
  beans, tomatoes, salt, chili powder, and garlic powder.  Mix flour and
  water until smooth.  Stir into sausage mixture.  Simmer about 30 minutes or
  until thickened, stirring occasionally.
  
  TO SERVE WITHOUT FREEZING:  Serve hot mixture over cooked rice.
  
  TO FREEZE:  Pour each part to be frozen into a baking pan.  Pack food
  tightly to avoid air pockets.  Cool for 30 minutes at room temperature.
  Complete wrapping by pulling paper up over top of food.  Put edges of wrap
  together and fold several times so paper lies directly on top of food. Fold
  ends of freezer wrap over the top and seal with freezer tape.  Label with
  name of food, date of freezing, and last date the food should be used for
  best eating quality (about 4 months).  Freeze immediately for 10 to 12
  hours before removing packages from the pans.
  
  TO HEAT FROZEN FOOD:  Preheat oven to 400ø F. (hot).  Remove freezer wrap.
  Place food in baking pan.  Heat 1 1/2 hours or until mixture is bubbly at
  edges and center is hot.  Serve over cooked rice.
  Posted to MC-Recipe Digest V1 #184
  
  Date: Mon, 05 Aug 1996 11:22:06 -0500
  
  From: "R. Winters" &lt;rosie@iadfw.net&gt;
  Serving Ideas : Serve over hot rice.
  
  NOTES : This recipe is for 24 servings (about 1 cup each).  Directions
       are=
       given for dividing the prepared food into four parts of six
       servings each. =
       One part may be completely cooked and served at the time of
       preparation. =
       The remaining parts may be frozen.
 
</step></directions></recipe></recipeml>
