<?xml version="1.0" encoding="UTF-8"?>

<recipeml version="0.5">
  <recipe>
    <head>
      <title>Bean, Corn and Brown Rice Casserole</title>
      <categories>
        <cat>None</cat></categories>
      <yield>1</yield></head>
    <ingredients>
      <ing>
        <amt>
          <qty>1</qty>
          <unit>cup</unit></amt>
        <item>Each of celery,onion-coarsely chopped</item></ing>
      <ing>
        <amt>
          <qty>1</qty>
          <unit/></amt>
        <item>Clove garlic,minced</item></ing>
      <ing>
        <amt>
          <qty>1</qty>
          <unit>can</unit></amt>
        <item>(19oz) tomatoes,drained and chopped</item></ing>
      <ing>
        <amt>
          <qty>2</qty>
          <unit>teaspoons</unit></amt>
        <item>Chili powder</item></ing>
      <ing>
        <amt>
          <qty>1</qty>
          <unit/></amt>
        <item>Sweet pepper,seeded and chopped</item></ing>
      <ing>
        <amt>
          <qty>1</qty>
          <unit>can</unit></amt>
        <item>(19oz) kidney or pinto beans,drained and rinsed</item></ing>
      <ing>
        <amt>
          <qty>1</qty>
          <unit>cup</unit></amt>
        <item>Cooked brown rice</item></ing>
      <ing>
        <amt>
          <qty>1</qty>
          <unit>can</unit></amt>
        <item>(7oz) corn -or-</item></ing>
      <ing>
        <amt>
          <qty>1</qty>
          <unit>cup</unit></amt>
        <item>Frozen corn</item></ing>
      <ing>
        <amt>
          <qty/>
          <unit/></amt>
        <item>Salt and pepper to taste</item></ing>
      <ing>
        <amt>
          <qty>1/2</qty>
          <unit>cups</unit></amt>
        <item>Crumbled unsalted corn chips or whole wheat crackers</item></ing>
      <ing>
        <amt>
          <qty>1/2</qty>
          <unit>cups</unit></amt>
        <item>Shredded ff mozzarella cheese</item></ing></ingredients>
    <directions>
      <step>  In saucepan combine onion,celery,garlic,tomatoes and chili powder.Bring to
  a boil,reduce heat and simmer for 5 minutes.Stir in pepper,beans,rice and
  corn.Season with salt and pepper.Pour into 8-cup casserole dish.Cover and
  bake in 350 degree oven for 15 minutes.Sprinkle with corn chips and
  cheese,bake UNCOVERED for 10 minutes longer or until chips are crisp.Serves
  6.
  
  Note: Instead of a saucepan,I take a corning ware casserole dish.Cook all
  of the ingredients in this. This saves washing one extra pan. Recipe from
  Canadian Living .
  Posted by Michelle Dick, FATFREE listowner, while list was down.
  
  From:    tmead@mail.island.net
  
  Date:    Wed, 05 Jun 96 17:40:45 PDT
 
</step></directions></recipe></recipeml>
