<?xml version="1.0" encoding="UTF-8"?>

<recipeml version="0.5">
  <recipe>
    <head>
      <title>Bean-And-Corn Chili over Puffed Tortilla (Lf)</title>
      <categories>
        <cat>Low-fat</cat>
        <cat>Vegetarian</cat></categories>
      <yield>4</yield></head>
    <ingredients>
      <ing>
        <amt>
          <qty>4</qty>
          <unit>x</unit></amt>
        <item>Soft flour tortillas; 7" dia check pkg for ones with no lard</item></ing>
      <ing>
        <amt>
          <qty>1</qty>
          <unit>cup</unit></amt>
        <item>Onion; chopped</item></ing>
      <ing>
        <amt>
          <qty>2</qty>
          <unit>cloves</unit></amt>
        <item>Garlic; finely chopped</item></ing>
      <ing>
        <amt>
          <qty>1/2</qty>
          <unit>teaspoons</unit></amt>
        <item>Vegetable oil;</item></ing>
      <ing>
        <amt>
          <qty>14</qty>
          <unit>ounces</unit></amt>
        <item>Italian-style plum tomatoes; drained</item></ing>
      <ing>
        <amt>
          <qty>3/4</qty>
          <unit>teaspoons</unit></amt>
        <item>Ground cumin;</item></ing>
      <ing>
        <amt>
          <qty>1/8</qty>
          <unit>teaspoons</unit></amt>
        <item>Fresh ground black pepper;</item></ing>
      <ing>
        <amt>
          <qty>1/8</qty>
          <unit>teaspoons</unit></amt>
        <item>Red pepper flakes;</item></ing>
      <ing>
        <amt>
          <qty>15 1/4</qty>
          <unit>ounces</unit></amt>
        <item>Kidney beans; (reserve 1/4c of liquid)</item></ing>
      <ing>
        <amt>
          <qty>4</qty>
          <unit>ounces</unit></amt>
        <item>Mild green chilies; chopped drained  -=or=-</item></ing>
      <ing>
        <amt>
          <qty>1/2</qty>
          <unit>teaspoons</unit></amt>
        <item>Fresh jalapeno pepper;</item></ing>
      <ing>
        <amt>
          <qty>1</qty>
          <unit>cup</unit></amt>
        <item>Frozen whole-kernel corn; thawed</item></ing>
      <ing>
        <amt>
          <qty>3</qty>
          <unit>ounces</unit></amt>
        <item>Monterey Jack Cheese; lowfat shredded</item></ing></ingredients>
    <directions>
      <step>  Arrange tortillas on foil-lined baking sheet. Watching carefully, bake
  tortillas at 450F for 4 to 5 minutes until puffed and lightly golden.
  Reserve. Saute onion and garlic in oil in a 12-inch nonstick skillet over
  medium heat for 3 to 4 minutes.  Add tomatoes, cumin, black pepper, red
  pepper, kidney beans and reserved liquid, and 1/2 of the green chilies.
  Simmer for 5 minutes, stirring often.  Add corn and cook 1 minute longer.
  Place a tortilla on each plate.   Mound about 3/4 c of chili over each.
  Sprinkle each with 1/4 of the cheese. Serve accompanied by the remaining
  green chilies.
  Posted to MM-Recipes Digest  by "John Weber" &lt;hdbrer@ibm.net&gt; on Mar 21, 98
 
</step></directions></recipe></recipeml>
