<?xml version="1.0" encoding="UTF-8"?>

<recipeml version="0.5">
  <recipe>
    <head>
      <title>Beany Burgers</title>
      <categories>
        <cat>Veg-cook</cat>
        <cat>August</cat></categories>
      <yield>8</yield></head>
    <ingredients>
      <ing>
        <amt>
          <qty>1</qty>
          <unit>can</unit></amt>
        <item>1-lb kidney beans; rinsed</item></ing>
      <ing>
        <amt>
          <qty/>
          <unit/></amt>
        <item>And drained</item></ing>
      <ing>
        <amt>
          <qty>2</qty>
          <unit>cups</unit></amt>
        <item>Cooked brown rice</item></ing>
      <ing>
        <amt>
          <qty>1</qty>
          <unit>tablespoon</unit></amt>
        <item>Ketchup</item></ing>
      <ing>
        <amt>
          <qty>1/2</qty>
          <unit>teaspoons</unit></amt>
        <item>Garlic powder</item></ing>
      <ing>
        <amt>
          <qty>1</qty>
          <unit>teaspoon</unit></amt>
        <item>Dried oregano</item></ing>
      <ing>
        <amt>
          <qty>1/8</qty>
          <unit>teaspoons</unit></amt>
        <item>Ground sage</item></ing>
      <ing>
        <amt>
          <qty>1/4</qty>
          <unit>cups</unit></amt>
        <item>Very finely chopped onions</item></ing>
      <ing>
        <amt>
          <qty>3</qty>
          <unit>tablespoons</unit></amt>
        <item>Dried bread crumbs; or</item></ing>
      <ing>
        <amt>
          <qty/>
          <unit/></amt>
        <item>Germ</item></ing></ingredients>
    <directions>
      <step>  In a large bowl, combine beans, rice, ketchup and spices. Mash with a fork
  potato masher until beans are well mashed. (Rice will be lumpy.) Add
  remaining ingredients and mix well. Divide mixture evenly and form into 8
  burgers, 1/2 to 3/4-inch thick. Wet your hands slightly to avoid sticking.
  Lightly oil a nonstick griddle or skillet, or spray with a nonstick cooking
  spray. Preheat over medium heat. Place burgers on griddle and cook until
  browned on both sides, about 15 minutes. Turn burgers several times while
  cooking.
  
  From: garhow@hpubmaa.esr.HP.COM (Garry Howard).  rfvc Digest V94 Issue
  #181, Aug. 26, 1994. Formatted by Sue Smith, S.Smith34, TXFT40A@Prodigy.com
  ~--
  
  File ftp://ftp.idiscover.co.uk/pub/food/mealmaster/recipes/vegcook1.zip
 
</step></directions></recipe></recipeml>
