<?xml version="1.0" encoding="UTF-8"?>

<recipeml version="0.5">
  <recipe>
    <head>
      <title>Bean-Corn Enchiladas</title>
      <categories>
        <cat>Main dishes</cat>
        <cat>Legumes</cat>
        <cat>Vegetarian</cat>
        <cat>Vegan</cat>
        <cat>Eat-lf mail</cat></categories>
      <yield>8</yield></head>
    <ingredients>
      <ing>
        <amt>
          <qty>1/2</qty>
          <unit>cups</unit></amt>
        <item>Green pepper; chopped</item></ing>
      <ing>
        <amt>
          <qty>1/2</qty>
          <unit>cups</unit></amt>
        <item>Scallions; chopped</item></ing>
      <ing>
        <amt>
          <qty>1/3</qty>
          <unit>cups</unit></amt>
        <item>Water</item></ing>
      <ing>
        <amt>
          <qty>2</qty>
          <unit>cups</unit></amt>
        <item>Pinto beans; cooked</item></ing>
      <ing>
        <amt>
          <qty>1</qty>
          <unit>cup</unit></amt>
        <item>Corn kernels; frozen</item></ing>
      <ing>
        <amt>
          <qty>3</qty>
          <unit>teaspoons</unit></amt>
        <item>Green chiles; diced (canned)</item></ing>
      <ing>
        <amt>
          <qty>2</qty>
          <unit>teaspoons</unit></amt>
        <item>Garlic; minced</item></ing>
      <ing>
        <amt>
          <qty>2</qty>
          <unit>teaspoons</unit></amt>
        <item>Ground cumin</item></ing>
      <ing>
        <amt>
          <qty>16</qty>
          <unit/></amt>
        <item>Corn tortillas</item></ing>
      <ing>
        <amt>
          <qty>1</qty>
          <unit/></amt>
        <item>Enchilada sauce; see recipe</item></ing>
      <ing>
        <amt>
          <qty/>
          <unit/></amt>
        <item>Sev sprigs fresh cilantro</item></ing></ingredients>
    <directions>
      <step>  Saute the green pepper and scallion in the water until softened, about 5
  minutes.
  
  Mix the beans, corn, chilies, garlic, and cumin in a bowl. Add the sauteed
  vegetables. Mix well.
  
  Preheat the oven to 375 degrees.
  
  Steam the tortilla for 1 minutes or wrap then in a cloth and heat in the
  microwave on high for 1 minute. Dip the tortillas in heated Enchilada
  Sauce, being careful not to soak them. Spoon about 1/4 cup of the bean
  mixture on each, and roll up.
  
  Place on a nonstick 13 x 9-inch baking dish, seam side down. Bake for 15
  minutes, or until bubbly. Remove from the oven and cover with the remaining
  sauce. Garnish with cilantro. Serve at once. Posted Lu 3/98.
  
  Recipe by: New McDougall Cookbook (Ann Miner)
  
  Posted to recipelu-digest by badams &lt;adamsfmle@sprintmail.com&gt; on Mar 11,
  1998
 
</step></directions></recipe></recipeml>
