<?xml version="1.0" encoding="UTF-8"?>

<recipeml version="0.5">
  <recipe>
    <head>
      <title>Beans Cooked in a Pot (Frijoles De Olla)</title>
      <categories>
        <cat>Mexican</cat>
        <cat>Beans</cat></categories>
      <yield>6</yield></head>
    <ingredients>
      <ing>
        <amt>
          <qty>1</qty>
          <unit>pound</unit></amt>
        <item>Beans - black, turtle, pink, or pinto</item></ing>
      <ing>
        <amt>
          <qty/>
          <unit/></amt>
        <item>An earthenware bean pot (I used my crock pot)</item></ing>
      <ing>
        <amt>
          <qty>10</qty>
          <unit>cups</unit></amt>
        <item>Hot water</item></ing>
      <ing>
        <amt>
          <qty>1/4</qty>
          <unit>cups</unit></amt>
        <item>White onion, roughly sliced</item></ing>
      <ing>
        <amt>
          <qty>2</qty>
          <unit>tablespoons</unit></amt>
        <item>Lard</item></ing>
      <ing>
        <amt>
          <qty>1</qty>
          <unit>tablespoon</unit></amt>
        <item>Salt, or to taste</item></ing>
      <ing>
        <amt>
          <qty>2</qty>
          <unit>large</unit></amt>
        <item>Sprigs epazote (only if black beans are used) (An herb)</item></ing></ingredients>
    <directions>
      <step>  *Pinto or pink beans will need 12 to 14 cups water
  
  Rinse the beans and run them through your hands to make sure that there are
  no small stones or bits of earth among them.
  
  Put the beans into the pot and cover them with the hot water. Add the onion
  and lard and bring to a boil.
  
  As soon as the beans come to a boil, lower the flame and let them barely
  simmer, covered, for about 3 hours for black beans and 2-1/2 hours for the
  other varieties, or until they are tender, but not soft. Do not stir during
  this time.
  
  Add the salt and epazote, if you are using it, and simmer for another 30
  minutes.  Set aside, preferably until the next day. There should be plenty
  of soupy liquid.
  
  From: The Cuisines of Mexico Shared By: Pat Stockett
  
  From Gemini's MASSIVE MealMaster collection at www.synapse.com/~gemini
 
</step></directions></recipe></recipeml>
