<?xml version="1.0" encoding="UTF-8"?>

<recipeml version="0.5">
  <recipe>
    <head>
      <title>Beans with Coconut Milk</title>
      <categories>
        <cat>Main dish</cat>
        <cat>African</cat>
        <cat>Vegetarian</cat></categories>
      <yield>6</yield></head>
    <ingredients>
      <ing>
        <amt>
          <qty>2</qty>
          <unit>cups</unit></amt>
        <item>Chick peas, soaked</item></ing>
      <ing>
        <amt>
          <qty>1 1/2</qty>
          <unit>cups</unit></amt>
        <item>Coconut milk</item></ing>
      <ing>
        <amt>
          <qty>1</qty>
          <unit>medium</unit></amt>
        <item>Tomato, chopped</item></ing>
      <ing>
        <amt>
          <qty>3</qty>
          <unit/></amt>
        <item>Garlic cloves, crushed</item></ing>
      <ing>
        <amt>
          <qty>1</qty>
          <unit/></amt>
        <item>Garlic clove, minced</item></ing>
      <ing>
        <amt>
          <qty>1 1/2</qty>
          <unit>teaspoons</unit></amt>
        <item>Turmeric</item></ing></ingredients>
    <directions>
      <step>  Cook peas ni enough water to cover until they are about half done. Drain
  them, then add the coconut milk to the pot along with the tomato &amp; spices.
  Continue to boil until the peas are tender. Serve hot with rice.
 
</step></directions></recipe></recipeml>
