<?xml version="1.0" encoding="UTF-8"?>

<recipeml version="0.5">
  <recipe>
    <head>
      <title>Beans Meanz Fitz</title>
      <categories>
        <cat>Import</cat></categories>
      <yield>6</yield></head>
    <ingredients>
      <ing>
        <amt>
          <qty>1 1/2</qty>
          <unit>pounds</unit></amt>
        <item>Fresh young broad beans; shelled</item></ing>
      <ing>
        <amt>
          <qty/>
          <unit/></amt>
        <item>Olive oil</item></ing>
      <ing>
        <amt>
          <qty/>
          <unit/></amt>
        <item>Lemon juice</item></ing>
      <ing>
        <amt>
          <qty/>
          <unit/></amt>
        <item>Salt</item></ing>
      <ing>
        <amt>
          <qty/>
          <unit/></amt>
        <item>Black pepper; freshly ground</item></ing>
      <ing>
        <amt>
          <qty>6</qty>
          <unit/></amt>
        <item>Strips bacon; cut in strips</item></ing>
      <ing>
        <amt>
          <qty>4</qty>
          <unit/></amt>
        <item>Hard-boiled eggs peeled and; left in cold water</item></ing>
      <ing>
        <amt>
          <qty/>
          <unit/></amt>
        <item>Parsley</item></ing>
      <ing>
        <amt>
          <qty/>
          <unit/></amt>
        <item>Chives</item></ing>
      <ing>
        <amt>
          <qty>1 1/2</qty>
          <unit>cans</unit></amt>
        <item>Anchovy fillets</item></ing></ingredients>
    <directions>
      <step>  Make a dressing with about 1/4 pint of the best olive oil, adding lemon
  juice and seasoning to taste: keep it quite tart. For easy mixing, make it
  in a screwtop jar. Grill or fry the bacon until crisp and drain on paper
  towels. Put the beans into boiling salted water and cook until just tender;
  drain and refresh under cold running water. Pat the eggs dry and chop
  roughly together with parsley and chives.
  
  Lay the beans in some ravishing china dish, sprinkle with the bacon, pile
  the eggs and herbs on next and lattice the top with the anchovy fillets.
  Chill slightly. Just before serving, give the dressing a good shake and
  drizzle over the beans. Bring to the table with some good crusty bread and
  unsalted butter.
  
  formatted by suechef@sover.net
  
  Recipe by: Two Fat Ladies #FL1A03
  
  Posted to MC-Recipe Digest V1 #797 by Sue &lt;suechef@sover.net&gt; on Sep 22,
  1997
 
</step></directions></recipe></recipeml>
