<?xml version="1.0" encoding="UTF-8"?>

<recipeml version="0.5">
  <recipe>
    <head>
      <title>Beans a la Chara</title>
      <categories>
        <cat>Side dish</cat>
        <cat>Beans</cat></categories>
      <yield>6</yield></head>
    <ingredients>
      <ing>
        <amt>
          <qty>1/2</qty>
          <unit>pounds</unit></amt>
        <item>Pinto beans -- dry</item></ing>
      <ing>
        <amt>
          <qty>1</qty>
          <unit/></amt>
        <item>Onion -- chopped</item></ing>
      <ing>
        <amt>
          <qty>1</qty>
          <unit/></amt>
        <item>Salt pork -- about 1/2" wid</item></ing>
      <ing>
        <amt>
          <qty>1</qty>
          <unit/></amt>
        <item>Tomato -- chopped</item></ing>
      <ing>
        <amt>
          <qty>1/2</qty>
          <unit>teaspoons</unit></amt>
        <item>Oregano</item></ing>
      <ing>
        <amt>
          <qty>2</qty>
          <unit/></amt>
        <item>Garlic -- minced</item></ing>
      <ing>
        <amt>
          <qty>1</qty>
          <unit>tablespoon</unit></amt>
        <item>Chili powder</item></ing>
      <ing>
        <amt>
          <qty>1</qty>
          <unit/></amt>
        <item>Pepper, Poblano -- seeded</item></ing>
      <ing>
        <amt>
          <qty/>
          <unit/></amt>
        <item>And</item></ing>
      <ing>
        <amt>
          <qty>4</qty>
          <unit/></amt>
        <item>Bacon -- chopped</item></ing>
      <ing>
        <amt>
          <qty>2</qty>
          <unit>tablespoons</unit></amt>
        <item>Cilantro -- chopped</item></ing></ingredients>
    <directions>
      <step>  ÿÿÿÿÿÿÿ ea salt                          ÿÿÿÿÿÿÿ ea pepper Soak beans,
  cover with water in a medium kettle for two hours.  Add salt pork and bring
  to a boil over medium heat.  Reduce heat, cover and cook 1 1/2 to 2 hours.
  Add salt, pepper, oregano, and chili powder and continue to simmer. Saute
  bacon, onion, garlic, tomato,Poblano pepper and cilantro for approximately
  10 minutes.  Add to beans and simmer an additional 30 minutes or until
  beans are tender.
  
  Recipe By     :
  
  File ftp://ftp.idiscover.co.uk/pub/food/mealmaster/recipes/mmdja006.zip
 
</step></directions></recipe></recipeml>
