<?xml version="1.0" encoding="UTF-8"?>

<recipeml version="0.5">
  <recipe>
    <head>
      <title>Beans Bourguignonne</title>
      <categories>
        <cat>Veggie</cat>
        <cat>Meal</cat></categories>
      <yield>6</yield></head>
    <ingredients>
      <ing>
        <amt>
          <qty>1</qty>
          <unit>large</unit></amt>
        <item>Onion, chopped</item></ing>
      <ing>
        <amt>
          <qty>2</qty>
          <unit>tablespoons</unit></amt>
        <item>Margarine or butter</item></ing>
      <ing>
        <amt>
          <qty>1</qty>
          <unit>large</unit></amt>
        <item>Carrot, sliced in 1/2 rounds</item></ing>
      <ing>
        <amt>
          <qty>1</qty>
          <unit>large</unit></amt>
        <item>Potato, cubed</item></ing>
      <ing>
        <amt>
          <qty>1</qty>
          <unit>cup</unit></amt>
        <item>Water</item></ing>
      <ing>
        <amt>
          <qty>3</qty>
          <unit>tablespoons</unit></amt>
        <item>Tomato paste</item></ing>
      <ing>
        <amt>
          <qty>1</qty>
          <unit>teaspoon</unit></amt>
        <item>Thyme, dry</item></ing>
      <ing>
        <amt>
          <qty>2</qty>
          <unit/></amt>
        <item>Bay leaves</item></ing>
      <ing>
        <amt>
          <qty>1 1/2</qty>
          <unit>cups</unit></amt>
        <item>Dry red wine</item></ing>
      <ing>
        <amt>
          <qty>4</qty>
          <unit>cups</unit></amt>
        <item>Cooked pinto beans</item></ing>
      <ing>
        <amt>
          <qty>2</qty>
          <unit>cloves</unit></amt>
        <item>Garlic, pressed</item></ing>
      <ing>
        <amt>
          <qty>1</qty>
          <unit>teaspoon</unit></amt>
        <item>Salt</item></ing>
      <ing>
        <amt>
          <qty>1/2</qty>
          <unit>pounds</unit></amt>
        <item>Mushrooms, sliced</item></ing></ingredients>
    <directions>
      <step>  In a 3 quart soup pot, saute onion in 1 tbs of butter. Add carrot and
  potato; stir in water, tomato paste, thyme and bay leaves. Bring to a boil;
  reduce heat and simmer until potato and carrot are cooked, about 20
  minutes. Add more water if necessary to keep vegetables covered.
  
  Toward the end of the cooking time, add wine, beans, garlic and salt.
  Return to the boil; lower heat and simmer uncovered, 10 minutes more.
  Remove bay leaves and discard.
  
  Meanwhile, saute mushrooms over low heat in the remaining tbs of butter.
  Combine with the beans mixture and serve. Perfect with a wedge of crusty
  bread.
  
  Source: The Vegetarian Times Magazine Jan 96
  
  From Gemini's MASSIVE MealMaster collection at www.synapse.com/~gemini
 
</step></directions></recipe></recipeml>
