<?xml version="1.0" encoding="UTF-8"?>

<recipeml version="0.5">
  <recipe>
    <head>
      <title>Beans Usili (Beans with Ground Pulse)</title>
      <categories>
        <cat>Indian</cat></categories>
      <yield>6</yield></head>
    <ingredients>
      <ing>
        <amt>
          <qty>1/2</qty>
          <unit>kilograms</unit></amt>
        <item>Beans</item></ing>
      <ing>
        <amt>
          <qty>1/2</qty>
          <unit>teaspoons</unit></amt>
        <item>Turmeric</item></ing>
      <ing>
        <amt>
          <qty/>
          <unit/></amt>
        <item>Salt; to taste For Usili---</item></ing>
      <ing>
        <amt>
          <qty>1</qty>
          <unit>cup</unit></amt>
        <item>Toor dal; (cleaned and soaked for 1/2 hour)</item></ing>
      <ing>
        <amt>
          <qty>3</qty>
          <unit/></amt>
        <item>Red chiles</item></ing>
      <ing>
        <amt>
          <qty>4</qty>
          <unit/></amt>
        <item>Green chiles</item></ing>
      <ing>
        <amt>
          <qty/>
          <unit/></amt>
        <item>Sprig curry leaves; (a few)</item></ing>
      <ing>
        <amt>
          <qty>1/4</qty>
          <unit>teaspoons</unit></amt>
        <item>Asafoetida</item></ing>
      <ing>
        <amt>
          <qty>1</qty>
          <unit>tablespoon</unit></amt>
        <item>Coconut oil For Seasoning---</item></ing>
      <ing>
        <amt>
          <qty>1</qty>
          <unit>teaspoon</unit></amt>
        <item>Black mustard seeds</item></ing>
      <ing>
        <amt>
          <qty>1</qty>
          <unit>teaspoon</unit></amt>
        <item>Black gram dal</item></ing>
      <ing>
        <amt>
          <qty>2</qty>
          <unit/></amt>
        <item>Red chiles; broken</item></ing>
      <ing>
        <amt>
          <qty>1</qty>
          <unit>tablespoon</unit></amt>
        <item>Coconut oil</item></ing></ingredients>
    <directions>
      <step>  Heat oil and mustard seeds, black gram dal and red chilies. When brown, add
  beans (cut into 1/2 cm. pieces), salt and turmeric. Cook till done. If
  there is any excess water, remove it. Grind toor dal to a coarse paste
  adding green chilies, red chilies, curry leaves and asafoetida. Heat one
  tablespoon oil and add ground paste. Cook on a low fire till dry. Break up
  the dal with a fork and add the cooked vegetables. Cook on a low fire till
  dry. Serve hot.
  
  You can substitute cabbage for the beans.
  
  From: Southern Delights (Recipes To Remember from Palakkad) by Parwathy
  Akhileswaran
  
  Recipe by: Southern Delights by Parwathy Akhileswaran
  
  Posted to recipelu-digest by Sharon Raghavachary &lt;schary@earthlink.net&gt; on
  Feb 17, 1998
 
</step></directions></recipe></recipeml>
