<?xml version="1.0" encoding="UTF-8"?>

<recipeml version="0.5">
  <recipe>
    <head>
      <title>Bean-And-Roasted Red Pepper Dip</title>
      <categories>
        <cat>Appetizers</cat>
        <cat>Dips</cat>
        <cat>Low fat</cat></categories>
      <yield>10</yield></head>
    <ingredients>
      <ing>
        <amt>
          <qty>1</qty>
          <unit>teaspoon</unit></amt>
        <item>Extra-virgin olive oil</item></ing>
      <ing>
        <amt>
          <qty>1</qty>
          <unit>cup</unit></amt>
        <item>Chopped onion</item></ing>
      <ing>
        <amt>
          <qty>2</qty>
          <unit>tablespoons</unit></amt>
        <item>Chopped fresh basil</item></ing>
      <ing>
        <amt>
          <qty>1</qty>
          <unit>can</unit></amt>
        <item>(15 oz) pinto beans; drained</item></ing>
      <ing>
        <amt>
          <qty>3/4</qty>
          <unit>cups</unit></amt>
        <item>Thinly sliced roasted red bell pepper; drained</item></ing>
      <ing>
        <amt>
          <qty/>
          <unit/></amt>
        <item>Pita Chips</item></ing></ingredients>
    <directions>
      <step>  Heat oil in a medium nonstick skillet over medium heat. Add onion; saute 4
  minutes or until tender. Add basil and beans; cook over low heat 5 minutes,
  stirring frequently. Partially mash beans. Stir in bell pepper.
  Yield:10-2-1/2 cup servings (serving size: 1/4 cup).
  
  Serving Ideas : Serve with Pita Chips.
  
  Recipe by: Cooking Light, June 1994, page 76
  
  Posted to MC-Recipe Digest by "Crane C. Walden" &lt;cranew@foothill.net&gt; on
  Mar 8, 1998
 
</step></directions></recipe></recipeml>
