<?xml version="1.0" encoding="UTF-8"?>

<recipeml version="0.5">
  <recipe>
    <head>
      <title>Beans with Black Cabbage, Tuscan Style</title>
      <categories>
        <cat>Soups</cat>
        <cat>Italian</cat>
        <cat>Tuscan</cat>
        <cat>*new-acq</cat></categories>
      <yield>1</yield></head>
    <ingredients>
      <ing>
        <amt>
          <qty>2/3</qty>
          <unit>pounds</unit></amt>
        <item>Dry cannellini beans</item></ing>
      <ing>
        <amt>
          <qty>2 1/2</qty>
          <unit>ounces</unit></amt>
        <item>Pancetta</item></ing>
      <ing>
        <amt>
          <qty>2/3</qty>
          <unit>pounds</unit></amt>
        <item>Black Tuscan cabbage; *see note</item></ing>
      <ing>
        <amt>
          <qty>2/3</qty>
          <unit>pounds</unit></amt>
        <item>Carrots</item></ing>
      <ing>
        <amt>
          <qty>1</qty>
          <unit>large</unit></amt>
        <item>Onion</item></ing>
      <ing>
        <amt>
          <qty>2</qty>
          <unit/></amt>
        <item>Leeks</item></ing>
      <ing>
        <amt>
          <qty>2</qty>
          <unit/></amt>
        <item>Celery stalks</item></ing>
      <ing>
        <amt>
          <qty>1</qty>
          <unit/></amt>
        <item>Handful basil leaves</item></ing>
      <ing>
        <amt>
          <qty>2/3</qty>
          <unit>pounds</unit></amt>
        <item>Ripe tomatoes</item></ing>
      <ing>
        <amt>
          <qty>1</qty>
          <unit>pinch</unit></amt>
        <item>Thyme</item></ing>
      <ing>
        <amt>
          <qty/>
          <unit/></amt>
        <item>Black pepper</item></ing>
      <ing>
        <amt>
          <qty/>
          <unit/></amt>
        <item>Salt</item></ing>
      <ing>
        <amt>
          <qty>1/2</qty>
          <unit>cups</unit></amt>
        <item>Extra virgin olive oil</item></ing>
      <ing>
        <amt>
          <qty>1</qty>
          <unit>ounce</unit></amt>
        <item>Parsley</item></ing></ingredients>
    <directions>
      <step>  Soak the beans in a generous quantity of water overnight. The following
  morning, drain, put them in a pot with 2 qts. of lightly salted cold water,
  and let cook for 1 1/2 hours.
  
  Clean, wash and slice the cabbage, carrots, onion and the leeks. Make a
  battuto with celery, basil and parsley. Thinly slice the pancetta. Put a
  pot on the stove with the oil, adding everything you have cut and minced
  (except the cabbage). Saute over a low flame until the vegetables begin to
  get tender. Then add the cabbage and continue to cook over a low flame so
  that the vegetables can stew well. Add the tomatoes (peeled and chopped), a
  pinch of thyme and a pinch of pepper, and continue to cook over a low heat,
  stirring frequently.
  
  Pass about half the beans in a food sieve and add the resulting puree to
  the vegetables. Add this to the beans and their broth, stir well and let
  cook for one more hour. Offer extra virgin olive oil on the side.
  
  TIP: Always add more broth if soup gets too thick.
  
  &gt;"Fagioli con cavolo nero alla toscana," recipe from Italian food and med
  diet - southern europe, Sicily. (slow page)
  http://www.osolemio.it/meddiet/default.nclk 1998: O-solemio is an e-zine
  about Italy.
  
  Notes: Italian cabbages: Savoy Cabbage and Head Cabbage (Verza e cavolo
  cappuccio): These belong to the same family as broccoli and cauliflower and
  are primarily a winter vegetable. Savoy cabbages have compact heads of
  wrinkled, curry leaves, dark green on the outside and lighter in the
  inside. Head cabbages also have compact heads, but with smooth, light green
  leaves; they are more delicate in taste than the Savoy. The leaves of the
  head cabbage can also be russet or violet in color (known in Italy as
  cavolonero, Tuscan cabbage or black cabbage). Both of them may be eaten
  raw, cut in thin strips and seasoned with oil, vinegar, salt and pepper, or
  may be stewed or cooked in savory pies and soups. Substitute savoy cabbage.
  If you want the color, try raddichio or red cabbage.
  
  &gt;Edited by Pat Hanneman 98-Mar
  
  Recipe by: The Basics of Italian Cuisine: Med-diet
  
  Posted to MC-Recipe Digest by KitPATh &lt;phannema@wizard.ucr.edu&gt; on Mar 23,
  1998
 
</step></directions></recipe></recipeml>
