<?xml version="1.0" encoding="UTF-8"?>

<recipeml version="0.5">
  <recipe>
    <head>
      <title>Beans and Greens</title>
      <categories>
        <cat>Legume</cat>
        <cat>Main dishes</cat>
        <cat>Vegetables</cat>
        <cat>Poultry</cat></categories>
      <yield>4</yield></head>
    <ingredients>
      <ing>
        <amt>
          <qty>1</qty>
          <unit/></amt>
        <item>Head escarole; washed &amp; chopped</item></ing>
      <ing>
        <amt>
          <qty>1</qty>
          <unit>can</unit></amt>
        <item>White beans; rinsed</item></ing>
      <ing>
        <amt>
          <qty>1/2</qty>
          <unit>cups</unit></amt>
        <item>Chicken stock</item></ing>
      <ing>
        <amt>
          <qty>3</qty>
          <unit>tablespoons</unit></amt>
        <item>Olive oil</item></ing>
      <ing>
        <amt>
          <qty>1/4</qty>
          <unit>cups</unit></amt>
        <item>Garlic; finely chopped</item></ing>
      <ing>
        <amt>
          <qty/>
          <unit/></amt>
        <item>Fresh ground black pepper; to taste</item></ing>
      <ing>
        <amt>
          <qty/>
          <unit/></amt>
        <item>Salt; to taste</item></ing>
      <ing>
        <amt>
          <qty/>
          <unit/></amt>
        <item>Italian sausage; optional</item></ing></ingredients>
    <directions>
      <step>  Saute garlic until soft in olive oil, add the chopped greens and saute
  until wilted. Add the beans and chicken stock, season to taste, heat
  thoroughly. Serve with good bread or over polenta.
  
  Suggested Wine: Anthony Road Vintner's Red
  
  NOTES : This dish is one of our favorites because of its versatility.  To=
  make it a good hearty meal add it to pasta, serve over polenta or add sa=
  usage or chicken.  To use as a soup on a cold winter's night simply add m=
  ore broth and serve with some fresh bread.  Beans and Greens is a wonderf=
  ully nutritious meal, quick and easy to make and overflowing with garlic.=
  Recipe by: Anthony Road Wine Company
  
  Posted to recipelu-digest by Nesb2@aol.com on Feb 17, 1998
 
</step></directions></recipe></recipeml>
