<?xml version="1.0" encoding="UTF-8"?>

<recipeml version="0.5">
  <recipe>
    <head>
      <title>Bean-Stuffed Eggplant</title>
      <categories>
        <cat>None</cat></categories>
      <yield>1</yield></head>
    <ingredients>
      <ing>
        <amt>
          <qty>2</qty>
          <unit>medium</unit></amt>
        <item>Eggplants</item></ing>
      <ing>
        <amt>
          <qty>2</qty>
          <unit/></amt>
        <item>Cloves garlic, minced</item></ing>
      <ing>
        <amt>
          <qty>1</qty>
          <unit>cup</unit></amt>
        <item>Chopped onions</item></ing>
      <ing>
        <amt>
          <qty>16</qty>
          <unit>ounces</unit></amt>
        <item>Cooked kidney beans</item></ing>
      <ing>
        <amt>
          <qty>2</qty>
          <unit>cups</unit></amt>
        <item>Cooked white or brown rice</item></ing>
      <ing>
        <amt>
          <qty>1/4</qty>
          <unit>teaspoons</unit></amt>
        <item>Dried thyme</item></ing>
      <ing>
        <amt>
          <qty>1</qty>
          <unit>teaspoon</unit></amt>
        <item>Dried basil</item></ing>
      <ing>
        <amt>
          <qty>1</qty>
          <unit>teaspoon</unit></amt>
        <item>Dried oregano</item></ing>
      <ing>
        <amt>
          <qty>4</qty>
          <unit>ounces</unit></amt>
        <item>Nonfat Cheddar cheese, grated</item></ing>
      <ing>
        <amt>
          <qty>2/3</qty>
          <unit>cups</unit></amt>
        <item>Nonfat dry milk</item></ing>
      <ing>
        <amt>
          <qty>1/2</qty>
          <unit>cups</unit></amt>
        <item>Water</item></ing>
      <ing>
        <amt>
          <qty>2</qty>
          <unit>teaspoons</unit></amt>
        <item>Sesame seeds</item></ing></ingredients>
    <directions>
      <step>  Cut eggplants in half, lengthwise. Scoop out pulp, leaving 1/4" thick
  shells. Chop pulp. Add eggplant, garlic and onions to a nonstick skillet
  (sprayed with nonstick spray) and cook, covered, until vegetables are
  tender. Reduce heat to low. Preheat oven to 350. Stir in remaining
  ingredients, except sesame seeds. Heat, stirring, until cheese is melted.
  Remove from heat. Fill eggplant shells with bean mixture. Sprinkle evenly
  with sesame seeds.  Place eggplants in  a shallow baking dish that has been
  sprayed with a nonstick cooking spray. Bake 30 minutes, uncovered.
  
  Posted to fatfree digest V96 #291
  
  Date: Mon, 21 Oct 1996 11:49:13 -0400
  
  From: Julie Bargo &lt;jkb96@acs.org&gt;
 
</step></directions></recipe></recipeml>
