<?xml version="1.0" encoding="UTF-8"?>

<recipeml version="0.5">
  <recipe>
    <head>
      <title>Beans 'n' Rice Cha Cha Cha</title>
      <categories>
        <cat>Vegetarian</cat>
        <cat>Vegetables</cat>
        <cat>Deal-a-meal</cat>
        <cat>Sparkie</cat></categories>
      <yield>6</yield></head>
    <ingredients>
      <ing-div>
        <title>INGREDIENTS</title>
        <ing>
          <amt>
            <qty>2</qty>
            <unit>tablespoons</unit></amt>
          <item>Olive oil</item></ing>
        <ing>
          <amt>
            <qty>2</qty>
            <unit>large</unit></amt>
          <item>Cloves garlic, minced</item></ing>
        <ing>
          <amt>
            <qty>1</qty>
            <unit>cup</unit></amt>
          <item>Sliced onion</item></ing>
        <ing>
          <amt>
            <qty>1</qty>
            <unit>cup</unit></amt>
          <item>Peeled, sliced celery</item></ing>
        <ing>
          <amt>
            <qty>1</qty>
            <unit>cup</unit></amt>
          <item>Sliced carrots</item></ing>
        <ing>
          <amt>
            <qty>1</qty>
            <unit>teaspoon</unit></amt>
          <item>Chili powder</item></ing>
        <ing>
          <amt>
            <qty>1/4</qty>
            <unit>cups</unit></amt>
          <item>Canned diced green chiles</item></ing>
        <ing>
          <amt>
            <qty>2</qty>
            <unit>cups</unit></amt>
          <item>Sliced mushrooms</item></ing>
        <ing>
          <amt>
            <qty>2</qty>
            <unit>cups</unit></amt>
          <item>Cooked basic black beans</item></ing>
        <ing>
          <amt>
            <qty/>
            <unit/></amt>
          <item>(see following recipe)</item></ing>
        <ing>
          <amt>
            <qty>1/2</qty>
            <unit>cups</unit></amt>
          <item>Reserve bean stock</item></ing>
        <ing>
          <amt>
            <qty>2</qty>
            <unit>tablespoons</unit></amt>
          <item>Chopped cilantro</item></ing>
        <ing>
          <amt>
            <qty/>
            <unit/></amt>
          <item>Salt and pepper to taste</item></ing>
        <ing>
          <amt>
            <qty>3</qty>
            <unit>cups</unit></amt>
          <item>Cooked brown rice</item></ing></ing-div>
      <ing-div>
        <title>BASIC BEANS</title>
        <ing>
          <amt>
            <qty>1</qty>
            <unit>pound</unit></amt>
          <item>Dried beans (black, navy,</item></ing>
        <ing>
          <amt>
            <qty/>
            <unit/></amt>
          <item>Pinto, haricot, etc)</item></ing>
        <ing>
          <amt>
            <qty>1/4</qty>
            <unit/></amt>
          <item>Onion, roughly sliced</item></ing>
        <ing>
          <amt>
            <qty>1</qty>
            <unit>tablespoon</unit></amt>
          <item>Lemon juice</item></ing>
        <ing>
          <amt>
            <qty>2</qty>
            <unit>teaspoons</unit></amt>
          <item>Salt or to taste</item></ing></ing-div></ingredients>
    <directions>
      <step>   1.  In large deep saucepan heat olive oil, and saute
       garlic, onion, celery, carrots and chili powder,
       until onion is translucent.
  
   2.  Add chiles and mushrooms and saute 5 minues more.
  
   3.  Stir in beans, bean stock and cilantro.  Season to
       taste.
  
   4.  Cover and simmer over low heat about 10 minutes,
       stirring occasionally.
  
   5.  Serve over rice.
  
   DIRECTIONS FOR BASIC BEANS:
  
   1.  Prepare beans for cooking as described in How
       Cook Beans. (see next post)
  
   2.  Cook covered, with onion and lemon juice, until
       tender. Do not stir during cooking.
  
   3.  Add salt to taste
  
   4.  Set aside until next day.  They should be somewhat
       soupy.
  
   DEAL-A-MEAL CARDS USED: 1 Bread 1 Meat 1 Vegetable
        1    Fat 263 Calories
  
   SOURCE: Richard Simmons Deal-A-Meal Golden Edition Cookbook
  
   Enjoy!
  
  From Gemini's MASSIVE MealMaster collection at www.synapse.com/~gemini
 
</step></directions></recipe></recipeml>
