<?xml version="1.0" encoding="UTF-8"?>

<recipeml version="0.5">
  <recipe>
    <head>
      <title>Beanie Brownies</title>
      <categories>
        <cat>Vegetarian</cat>
        <cat>Brownies</cat>
        <cat>Desserts</cat></categories>
      <yield>16</yield></head>
    <ingredients>
      <ing>
        <amt>
          <qty>1</qty>
          <unit>cup</unit></amt>
        <item>Brown tepary beans; cooked</item></ing>
      <ing>
        <amt>
          <qty>1/2</qty>
          <unit>cups</unit></amt>
        <item>Carob powder;</item></ing>
      <ing>
        <amt>
          <qty>3/4</qty>
          <unit>cups</unit></amt>
        <item>Mild honey;</item></ing>
      <ing>
        <amt>
          <qty>1/4</qty>
          <unit>cups</unit></amt>
        <item>Margarine; melted</item></ing>
      <ing>
        <amt>
          <qty>1/2</qty>
          <unit>cups</unit></amt>
        <item>Flour, all-purpose;</item></ing>
      <ing>
        <amt>
          <qty>1/2</qty>
          <unit>cups</unit></amt>
        <item>Walnuts, chopped;</item></ing>
      <ing>
        <amt>
          <qty>1/2</qty>
          <unit>cups</unit></amt>
        <item>Raisins (optional)</item></ing>
      <ing>
        <amt>
          <qty>2</qty>
          <unit/></amt>
        <item>Eggs; well beaten</item></ing>
      <ing>
        <amt>
          <qty>1 1/2</qty>
          <unit>teaspoons</unit></amt>
        <item>Vanilla essence;</item></ing>
      <ing>
        <amt>
          <qty>1/2</qty>
          <unit>teaspoons</unit></amt>
        <item>Salt;</item></ing></ingredients>
    <directions>
      <step>  Butter an 8 inch square pan. Line with waxed paper and butter the paper.
  Whirl the tepary beans in a food processor until smooth. In a large bowl,
  mix the processed beans with rest of the ingredients. Spread in prepared
  baking dish. Bake at 325 degrees F for 30 to 35 minutes. Cool, before
  removing from the pan. Peel off waxed paper and cut into squares. Makes 16
        2    inch squares.
  
  NOTE:  A rich, moist brownie, so terrific you'll probably want to make a
  double batch.  No one will guess their secret goodness is tepary beans.
  Carob powder is made from pods of the Carob tree, processed to resemble
  cocoa powder.  However Carob contains more nutrients and is caffeine free.
  It is sold in Health Food Stores.
  
  Source: Boutique Bean Pot From The Cookie Lady's Files Reformatted for
  MM:dianeE 6/23/93
 
</step></directions></recipe></recipeml>
