<?xml version="1.0" encoding="UTF-8"?>

<recipeml version="0.5">
  <recipe>
    <head>
      <title>Bean's Chocolate Mint Cake</title>
      <categories>
        <cat>None</cat></categories>
      <yield>16</yield></head>
    <ingredients>
      <ing-div>
        <title/>
        <ing>
          <amt>
            <qty>1</qty>
            <unit>cup</unit></amt>
          <item>Cocoa powder</item></ing>
        <ing>
          <amt>
            <qty>2</qty>
            <unit>cups</unit></amt>
          <item>Boiling water</item></ing>
        <ing>
          <amt>
            <qty>2 3/4</qty>
            <unit>cups</unit></amt>
          <item>Sifted flour</item></ing>
        <ing>
          <amt>
            <qty>2</qty>
            <unit>teaspoons</unit></amt>
          <item>Soda</item></ing>
        <ing>
          <amt>
            <qty>1/2</qty>
            <unit>teaspoons</unit></amt>
          <item>Salt</item></ing>
        <ing>
          <amt>
            <qty>1/2</qty>
            <unit>teaspoons</unit></amt>
          <item>Powder</item></ing>
        <ing>
          <amt>
            <qty>1</qty>
            <unit>cup</unit></amt>
          <item>Butter; softened</item></ing>
        <ing>
          <amt>
            <qty>2 1/2</qty>
            <unit>cups</unit></amt>
          <item>Sugar</item></ing>
        <ing>
          <amt>
            <qty>4</qty>
            <unit/></amt>
          <item>Eggs</item></ing>
        <ing>
          <amt>
            <qty>1 1/2</qty>
            <unit>teaspoons</unit></amt>
          <item>Vanilla</item></ing>
        <ing>
          <amt>
            <qty>1</qty>
            <unit/></amt>
          <item>Box (6 oz) Andes Chocolate</item></ing></ing-div>
      <ing-div>
        <title>CREME DE MENTHE FILLING</title>
        <ing>
          <amt>
            <qty>3 1/2</qty>
            <unit>cups</unit></amt>
          <item>Powdered sugar; unsifted</item></ing>
        <ing>
          <amt>
            <qty>6</qty>
            <unit>tablespoons</unit></amt>
          <item>Butter; softened</item></ing>
        <ing>
          <amt>
            <qty>6</qty>
            <unit>tablespoons</unit></amt>
          <item>Green Creme de Menthe</item></ing></ing-div>
      <ing-div>
        <title>DARK CHOCOLATE FROSTING</title>
        <ing>
          <amt>
            <qty>1</qty>
            <unit>package</unit></amt>
          <item>(6 oz) choc chips</item></ing>
        <ing>
          <amt>
            <qty>1/2</qty>
            <unit>cups</unit></amt>
          <item>Half &amp; half</item></ing>
        <ing>
          <amt>
            <qty>1</qty>
            <unit>cup</unit></amt>
          <item>Butter</item></ing>
        <ing>
          <amt>
            <qty>2 1/2</qty>
            <unit>cups</unit></amt>
          <item>Unsifted powdered sugar</item></ing></ing-div></ingredients>
    <directions>
      <step>  The recipe for the Choc Mint Cake was copied from the L.A. Times years ago
  from the same article I got my recipe for the Black Raspberry Cream Cheese
  Coffeecake from. The coffeecake is a favorite in my house. I thought I'd
  send the recipe again for people who didn't get the recipe the first time I
  sent it. Both cakes were First prize winners at the L. A. County Fair Years
  ago.
  
  1. Grease &amp; lightly flour 3 9" pans.
  
  2. Combine cocoa and boiling water, mixing withwhisk until smooth. cool
  Completely.
  
  3. Resift flour with soda, salt, baking powder.
  
  4. Beat butter, sugar, eggs, and vanilla in large mixer bowl at high for 5
  minutes. Reduce speed to low, beat in flour mixture in 4 portions,
  alternating with cocoa mixture in 3 portions, beginning and ending with
  flour mixture. Do not overbeat.
  
  5. Pour batter &amp; spread evenly into pans. Bake at 350 deg until done 25-30
  min. Let cool in pans 10 min. Remove from pans and let cool completely on
  wire racks.
  
  6. Divide Creme de Menthe filling into 2 portions. Frost tops of 2 cakes
  then stack the 3 layers.
  
  7. Frost sides &amp; tops with dark chocolate frosting.
  
  8. Cut mints in 1/2 diagonally and decorate cake. Place cut end of each
  mint on top of cake, creating triangular design. Make 2 rows of mints on
  top of cake. Refrigerate until serving time.
  
  Creme de Menthe Filling: In small bowl, beat all ingredients until smooth
  and fluffy.
  
  Dark Chocolate Frosting: Combine chocolate, half and half, and butter in
  saucepan. Stir over medium heat until smooth. Remove from heat. with wire
  whisk, blend in powdered sugar. Turn into bowl placed over ice. Beat with
  electric mixer until frosting holds shape. Posted to KitMailbox Digest by
  GAdams1350@aol.com on Jul 21, 1997
 
</step></directions></recipe></recipeml>
