<?xml version="1.0" encoding="UTF-8"?>

<recipeml version="0.5">
  <recipe>
    <head>
      <title>Apple Crisp</title>
      <categories>
        <cat/></categories>
      <yield>100</yield></head>
    <ingredients>
      <ing>
        <amt>
          <qty>1</qty>
          <unit>tablespoon</unit></amt>
        <item>LEMON RIND</item></ing>
      <ing>
        <amt>
          <qty>2</qty>
          <unit>pounds</unit></amt>
        <item>BUTTER PRINT SURE</item></ing>
      <ing>
        <amt>
          <qty>20 1/4</qty>
          <unit>pounds</unit></amt>
        <item>APPLE SLICED #10</item></ing>
      <ing>
        <amt>
          <qty>1/2</qty>
          <unit>cups</unit></amt>
        <item>LEMON FRESH</item></ing>
      <ing>
        <amt>
          <qty>4</qty>
          <unit>ounces</unit></amt>
        <item>STARCH EDIBLE CORN</item></ing>
      <ing>
        <amt>
          <qty>1 1/4</qty>
          <unit>pounds</unit></amt>
        <item>CEREAL ROLLED OAT</item></ing>
      <ing>
        <amt>
          <qty>1 1/4</qty>
          <unit>pounds</unit></amt>
        <item>FLOUR GEN PURPOSE 10LB</item></ing>
      <ing>
        <amt>
          <qty>1 3/4</qty>
          <unit>pounds</unit></amt>
        <item>SUGAR; GRANULATED 10 LB</item></ing>
      <ing>
        <amt>
          <qty>2 13/16</qty>
          <unit>pounds</unit></amt>
        <item>SUGAR; BROWN, 2 LB</item></ing>
      <ing>
        <amt>
          <qty>1 1/2</qty>
          <unit>teaspoons</unit></amt>
        <item>BAKING POWDER</item></ing>
      <ing>
        <amt>
          <qty>3</qty>
          <unit>tablespoons</unit></amt>
        <item>CINNAMON GROUND 1 LB CN</item></ing>
      <ing>
        <amt>
          <qty>1 1/2</qty>
          <unit>teaspoons</unit></amt>
        <item>BAKING SODA</item></ing>
      <ing>
        <amt>
          <qty>1 1/2</qty>
          <unit>teaspoons</unit></amt>
        <item>SALT TABLE 5LB</item></ing></ingredients>
    <directions>
      <step>  PAN SIZE:  18 BY 26-INCH SHEET PAN              TEMPERATURE:  375 F. OVEN
  
  1.  ARRANGE 4 1/2 QTS APPLES IN EACH GREASED PAN.
  
  2.  SPRINKLE LEMON JUICE AND LEMON RIND OVER APPLES.
  
  3.  COMBINE SUGAR, STARCH, CINNAMON, AND SALT; SPRINKLE 3 1/2 CUPS MIXTURE
  OVER APPLES IN EACH PAN.  STIR LIGHTLY.
  
  4.  COMBINE BROWN SUGAR, FLOUR, BAKING POWDER; BAKING SODA, SALT AND
  BUTTER OR MARGARINE. BLEND TO FORM A CRUMBLY MIXTURE. SPRINKLE ABOUT
    2 1/2 QT MIXTURE EVENLY OVER APPLES IN EACH PAN.
  
  5.  BAKE 40 MINUTES OR UNTIL TOP LIGHTLY BROWNED.
  
  6.  CUT 6 X 9.  SERVE WITH SERVING SPOON OR SPATULA.
  
  NOTE:  1.  IN STEP 2, 12 OZ LEMONS A.P. (3 LEMONS) WILL YIELD 1/2 CUP
  JUICE.
  
  NOTE:  2.  IN STEP 3, 4 OZ (7/8 CUP) CORNSTARCH MAY BE USED FOR
  PREGELATINIZED STARCH.
  
  NOTE:  3.  IN STEP 5, IF CONVECTION OVEN IS USED, BAKE AT 350 DEGREES F.
  30 MINUTES OR UNTIL BUBBLING AND LIGHTLY BROWNED ON LOW FAN, OPEN VENT.
  
  Recipe Number: J00100
  
  SERVING SIZE: 1 SQUARE
  
  From the &lt;Army Master Recipe Index File&gt; (actually used today!).
  Downloaded from Glen's MM Recipe Archive, http://www.erols.com/hosey.
 
</step></directions></recipe></recipeml>
