<?xml version="1.0" encoding="UTF-8"?>

<recipeml version="0.5">
  <recipe>
    <head>
      <title>Apple Cranberry Casserole</title>
      <categories>
        <cat>Casseroles</cat></categories>
      <yield>4</yield></head>
    <ingredients>
      <ing>
        <amt>
          <qty>3</qty>
          <unit>cups</unit></amt>
        <item>Apples</item></ing>
      <ing>
        <amt>
          <qty>2</qty>
          <unit>cups</unit></amt>
        <item>Raw cranberries</item></ing>
      <ing>
        <amt>
          <qty>1 1/4</qty>
          <unit>cups</unit></amt>
        <item>Sugar</item></ing>
      <ing>
        <amt>
          <qty>1 1/4</qty>
          <unit>cups</unit></amt>
        <item>Oatmeal</item></ing>
      <ing>
        <amt>
          <qty>1/2</qty>
          <unit>cups</unit></amt>
        <item>Brown sugar</item></ing>
      <ing>
        <amt>
          <qty>1/3</qty>
          <unit>cups</unit></amt>
        <item>Flour</item></ing>
      <ing>
        <amt>
          <qty>1/3</qty>
          <unit>cups</unit></amt>
        <item>Chopped nuts</item></ing>
      <ing>
        <amt>
          <qty>1</qty>
          <unit/></amt>
        <item>Stick oleo</item></ing></ingredients>
    <directions>
      <step>  Place unpeeled chopped apples, cranberries and the granulated sugar in
  bottom of a rectangular casserole. Blend the oats, brown sugar, flour and
  finely chopped nuts and melted oleo. Spread over apple-cranberry mixture.
  Bake at 350 degrees for 1 hour.
  
  LL - 1992
  
  Recipe by: Key Gourmet
  
  Posted to recipelu-digest by James and Susan Kirkland &lt;kirkland@gj.net&gt; on
  Feb 16, 1998
 
</step></directions></recipe></recipeml>
