<?xml version="1.0" encoding="UTF-8"?>

<recipeml version="0.5">
  <recipe>
    <head>
      <title>Apple Crisp 2</title>
      <categories>
        <cat>None</cat></categories>
      <yield>1</yield></head>
    <ingredients>
      <ing>
        <amt>
          <qty>5</qty>
          <unit>cups</unit></amt>
        <item>Golden Delicious apples - peeled and sliced</item></ing>
      <ing>
        <amt>
          <qty>1/2</qty>
          <unit>cups</unit></amt>
        <item>Sugar</item></ing>
      <ing>
        <amt>
          <qty>1/2</qty>
          <unit>cups</unit></amt>
        <item>Butter or margarine</item></ing>
      <ing>
        <amt>
          <qty>3/4</qty>
          <unit>cups</unit></amt>
        <item>Quick-cooking rolled oats</item></ing>
      <ing>
        <amt>
          <qty>1/2</qty>
          <unit>cups</unit></amt>
        <item>Unsifted all-purpose flour</item></ing>
      <ing>
        <amt>
          <qty>1/2</qty>
          <unit>cups</unit></amt>
        <item>Sugar</item></ing>
      <ing>
        <amt>
          <qty>1/2</qty>
          <unit>cups</unit></amt>
        <item>Chopped nuts (almonds or pecans)</item></ing></ingredients>
    <directions>
      <step>  Combine apple slices and 1/2 cup sugar in bottom of a 2-quart casserole.
  Mix butter, oats, flour, 1/2 cup sugar and nuts. Sprinkle butter and oat
  mixture over apples. Bake in preheated 350 degree oven for about 1 hour
  until topping is browned and apples are tender. Serve warm. This is
  delicious topped with a scoop of vanilla ice cream.
  Posted to Recipe Archive - 27 October 96
  
  Date: Sun, 27 Oct 96 12:24:27 EST
  
  submitted by: sumerblond@juno.com
 
</step></directions></recipe></recipeml>
