<?xml version="1.0" encoding="UTF-8"?>

<recipeml version="0.5">
  <recipe>
    <head>
      <title>Apple Crisp 4</title>
      <categories>
        <cat>Tvfn</cat></categories>
      <yield>1</yield></head>
    <ingredients>
      <ing-div>
        <title/>
        <ing>
          <amt>
            <qty>5</qty>
            <unit>cups</unit></amt>
          <item>Apples; peeled and sliced</item></ing>
        <ing>
          <amt>
            <qty>1</qty>
            <unit>tablespoon</unit></amt>
          <item>Sugar</item></ing>
        <ing>
          <amt>
            <qty>1/2</qty>
            <unit>teaspoons</unit></amt>
          <item>Cinnamon</item></ing>
        <ing>
          <amt>
            <qty>1/4</qty>
            <unit>teaspoons</unit></amt>
          <item>Nutmeg</item></ing>
        <ing>
          <amt>
            <qty>1/3</qty>
            <unit>cups</unit></amt>
          <item>Apple cider</item></ing></ing-div>
      <ing-div>
        <title>TOPPING</title>
        <ing>
          <amt>
            <qty>1/3</qty>
            <unit>cups</unit></amt>
          <item>Rolled oats</item></ing>
        <ing>
          <amt>
            <qty>1/3</qty>
            <unit>cups</unit></amt>
          <item>Flour</item></ing>
        <ing>
          <amt>
            <qty>1</qty>
            <unit>cup</unit></amt>
          <item>Brown sugar</item></ing>
        <ing>
          <amt>
            <qty>1/2</qty>
            <unit>teaspoons</unit></amt>
          <item>Cinnamon</item></ing>
        <ing>
          <amt>
            <qty>1/4</qty>
            <unit>teaspoons</unit></amt>
          <item>Salt</item></ing>
        <ing>
          <amt>
            <qty>1/4</qty>
            <unit>pounds</unit></amt>
          <item>Unsalted butter; cut into pieces</item></ing></ing-div></ingredients>
    <directions>
      <step>  Toss the apples with the tablespoon of sugar, 1/2 teaspoon cinnamon, 1/4
  teaspoon nutmeg and cider. Place in 1 1/2 quart lightly buttered serving
  bowl. Combine the dry ingredients for the topping and with your fingers mix
  in butter gently, until it resembles coarse crumbs. Spread over apples,
  bake at 350 degrees for 30 minutes.
  
  Serve with softly whipped cream.
  Recipe By     : PICK OF THE DAY SHOW #PD7710 #2
  
  Posted to MC-Recipe Digest V1 #256
  
  Date: Wed, 23 Oct 1996 23:41:09 -0400 (EDT)
  
  From: Chuck &amp; Dorothy Tapping &lt;ctapping@USIT.NET&gt;
 
</step></directions></recipe></recipeml>
