<?xml version="1.0" encoding="UTF-8"?>

<recipeml version="0.5">
  <recipe>
    <head>
      <title>Apple Crumb Coffeecake</title>
      <categories>
        <cat>Brunch</cat>
        <cat>Cakes</cat>
        <cat>Desserts</cat></categories>
      <yield>6</yield></head>
    <ingredients>
      <ing>
        <amt>
          <qty>1 1/4</qty>
          <unit>cups</unit></amt>
        <item>Sugar; divided</item></ing>
      <ing>
        <amt>
          <qty>1</qty>
          <unit>tablespoon</unit></amt>
        <item>Cornstarch</item></ing>
      <ing>
        <amt>
          <qty>1/2</qty>
          <unit>teaspoons</unit></amt>
        <item>Cinnamon</item></ing>
      <ing>
        <amt>
          <qty>1/4</qty>
          <unit>teaspoons</unit></amt>
        <item>Nutmeg</item></ing>
      <ing>
        <amt>
          <qty>1</qty>
          <unit>tablespoon</unit></amt>
        <item>Light corn syrup</item></ing>
      <ing>
        <amt>
          <qty>2</qty>
          <unit>cups</unit></amt>
        <item>Apples; peeled and chopped</item></ing>
      <ing>
        <amt>
          <qty>1/4</qty>
          <unit>cups</unit></amt>
        <item>Currants</item></ing>
      <ing>
        <amt>
          <qty>2 1/2</qty>
          <unit>cups</unit></amt>
        <item>Flour</item></ing>
      <ing>
        <amt>
          <qty>3/4</qty>
          <unit>cups</unit></amt>
        <item>Margarine; softened</item></ing>
      <ing>
        <amt>
          <qty>1/4</qty>
          <unit>teaspoons</unit></amt>
        <item>Salt</item></ing>
      <ing>
        <amt>
          <qty>1/2</qty>
          <unit>teaspoons</unit></amt>
        <item>Baking powder</item></ing>
      <ing>
        <amt>
          <qty>1/2</qty>
          <unit>teaspoons</unit></amt>
        <item>Baking soda</item></ing>
      <ing>
        <amt>
          <qty>1</qty>
          <unit/></amt>
        <item>Egg</item></ing>
      <ing>
        <amt>
          <qty>3/4</qty>
          <unit>cups</unit></amt>
        <item>Buttermilk vegetable shortening spray</item></ing></ingredients>
    <directions>
      <step>  In 2 quart saucepan, combine 1/2 cup sugar, cornstarch, cinnamon and
  nutmeg.  Add corn syrup, apples and currants. Cok over medium heat,
  stirring frequently until mixture thickens. Remove from heat and cool
  slightly.
  
  In a large mixing bowl, combine flour and remaining 3/4 cup sugar. Using
  pastry blender, cut in margarine until mixture resembles coarse crumbs.
  Remove 1/2 cup and set aside for topping.
  
  To remaining mixture, stir in salt, baking powder and baking soda. Mix egg
  and buttermilk together. Add dry ingredients to egg-buttermilk mixture,
  stirring only until combined.
  
  Spray a 9 inch round cake pan with vegetable spray. Spread 2/3 of the
  batter over bottom of pan.  Spread 2/3 of the apple mixture over batter.
  Dot with remaining batter and apple mixture, spreading evenly. Sprinkle
  with reserved crumb mixture.  Bake at 350F for 45 minutes. Cool slightly
  before serving.
  
  From Gemini's MASSIVE MealMaster collection at www.synapse.com/~gemini
 
</step></directions></recipe></recipeml>
