<?xml version="1.0" encoding="UTF-8"?>

<recipeml version="0.5">
  <recipe>
    <head>
      <title>Apple Cookie Sheet Cake</title>
      <categories>
        <cat>Dessert</cat>
        <cat>Cake</cat></categories>
      <yield>36</yield></head>
    <ingredients>
      <ing-div>
        <title>CAKE</title>
        <ing>
          <amt>
            <qty>1 1/2</qty>
            <unit>cups</unit></amt>
          <item>Canola oil</item></ing>
        <ing>
          <amt>
            <qty>2</qty>
            <unit>cups</unit></amt>
          <item>Sugar</item></ing>
        <ing>
          <amt>
            <qty>3</qty>
            <unit>cups</unit></amt>
          <item>Apples; fresh chopped</item></ing>
        <ing>
          <amt>
            <qty>3</qty>
            <unit/></amt>
          <item>Eggs</item></ing>
        <ing>
          <amt>
            <qty>3</qty>
            <unit>cups</unit></amt>
          <item>Flour</item></ing>
        <ing>
          <amt>
            <qty>1/2</qty>
            <unit>teaspoons</unit></amt>
          <item>Salt</item></ing>
        <ing>
          <amt>
            <qty>1</qty>
            <unit>teaspoon</unit></amt>
          <item>Vanilla</item></ing>
        <ing>
          <amt>
            <qty>1/2</qty>
            <unit>teaspoons</unit></amt>
          <item>Butter flavoring; optional</item></ing>
        <ing>
          <amt>
            <qty>1</qty>
            <unit>teaspoon</unit></amt>
          <item>Baking soda</item></ing></ing-div>
      <ing-div>
        <title>FROSTING</title>
        <ing>
          <amt>
            <qty>8</qty>
            <unit>ounces</unit></amt>
          <item>Cream cheese</item></ing>
        <ing>
          <amt>
            <qty>1</qty>
            <unit>teaspoon</unit></amt>
          <item>Vanilla</item></ing>
        <ing>
          <amt>
            <qty>8</qty>
            <unit>tablespoons</unit></amt>
          <item>Margarine</item></ing>
        <ing>
          <amt>
            <qty>4</qty>
            <unit>cups</unit></amt>
          <item>Powdered sugar</item></ing></ing-div></ingredients>
    <directions>
      <step>  CAKE:  Put all ingredients in a bowl and mix at once. Pour into 11 x 16
  jelly roll pan. Bake at 325ø  for 35-45 min. ICING: Mix together. Spread
  over cooled cake.
  Recipe By     : Intermountain Canola
  
  Posted to MC-Recipe Digest V1 #312
  
  Date: Fri, 22 Nov 1996 08:20:01 -0700
  
  From: goodmail@srv.net (Kevin Goodrich)
  
  NOTES : Rich and wonderful.  Won't last long at a pot luck dinner.=20
 
</step></directions></recipe></recipeml>
