<?xml version="1.0" encoding="UTF-8"?>

<recipeml version="0.5">
  <recipe>
    <head>
      <title>Apple Cream Scones</title>
      <categories>
        <cat>Fruit</cat>
        <cat>Scones</cat></categories>
      <yield>12</yield></head>
    <ingredients>
      <ing>
        <amt>
          <qty>2</qty>
          <unit>cups</unit></amt>
        <item>Chopped tart apple</item></ing>
      <ing>
        <amt>
          <qty>6</qty>
          <unit>tablespoons</unit></amt>
        <item>Butter</item></ing>
      <ing>
        <amt>
          <qty>1</qty>
          <unit>tablespoon</unit></amt>
        <item>Instant coffee crystals</item></ing>
      <ing>
        <amt>
          <qty>1</qty>
          <unit>teaspoon</unit></amt>
        <item>Hot water</item></ing>
      <ing>
        <amt>
          <qty>1/2</qty>
          <unit>cups</unit></amt>
        <item>Whipping cream</item></ing>
      <ing>
        <amt>
          <qty>2 1/4</qty>
          <unit>cups</unit></amt>
        <item>All purpose flour</item></ing>
      <ing>
        <amt>
          <qty>1/3</qty>
          <unit>cups</unit></amt>
        <item>Sugar</item></ing>
      <ing>
        <amt>
          <qty>1</qty>
          <unit>tablespoon</unit></amt>
        <item>Baking powder</item></ing>
      <ing>
        <amt>
          <qty>1/4</qty>
          <unit>teaspoons</unit></amt>
        <item>Salt</item></ing>
      <ing>
        <amt>
          <qty>2</qty>
          <unit>tablespoons</unit></amt>
        <item>Coarse sugar</item></ing></ingredients>
    <directions>
      <step>  Cook apple in 2 tbsp butter till tender and liquid is almost evaporated,
  stirring often; cool slightly. Dissolve coffee in water; stir in cream. Mix
  flour, 1/3 cup sugar, baking powder and salt; cut in remaining butter til
  pieces resemble coarse crumbs. Add apples and coffee mixture; stir just
  till dough clings together. On a lightly floured surface, knead 6 times. On
  an ungreased baking sheet pat dough into an 8" circle. Top with coarse
  sugar. Cut into 12 wedges; separate slightly. Bake in a 400@ oven for 20 to
  25 mins or til done. Cool slightly; separate. Serve warm.
  
  Recipe by: Better Homes &amp; Gardens Posted to KitMailbox Digest by sadrod
  &lt;pax@pacbell.net&gt; on Aug 20, 1997
 
</step></directions></recipe></recipeml>
