<?xml version="1.0" encoding="UTF-8"?>

<recipeml version="0.5">
  <recipe>
    <head>
      <title>Apple Crumble</title>
      <categories>
        <cat>Parve</cat></categories>
      <yield>1</yield></head>
    <ingredients>
      <ing-div>
        <title>FILLING</title>
        <ing>
          <amt>
            <qty>2/3</qty>
            <unit>cups</unit></amt>
          <item>Sugar</item></ing>
        <ing>
          <amt>
            <qty>1/2</qty>
            <unit>teaspoons</unit></amt>
          <item>Cinnamon</item></ing>
        <ing>
          <amt>
            <qty>2</qty>
            <unit>tablespoons</unit></amt>
          <item>Lemon juice</item></ing></ing-div>
      <ing-div>
        <title>CRUMB TOPPING</title>
        <ing>
          <amt>
            <qty>1/2</qty>
            <unit>cups</unit></amt>
          <item>Brown sugar</item></ing>
        <ing>
          <amt>
            <qty>1/2</qty>
            <unit>cups</unit></amt>
          <item>Margarine</item></ing>
        <ing>
          <amt>
            <qty>3/4</qty>
            <unit>cups</unit></amt>
          <item>Flour; (up to 1)</item></ing></ing-div></ingredients>
    <directions>
      <step>  Preheat oven to 350* peel and slice about 8 large baking apples. Mix with
  other filling ingredients. Place in bottom of pan (9x13" or for a higher
  dessert 9" round). Cream margarine and sugar and flour till mixture is
  coarse crumbs. Put topping on top of apple mixture and bake for 1 hour. You
  can serve this warm with a scoop of parve ice cream or just by
  itself...Yummy!!
  
  Posted to JEWISH-FOOD digest by "Aliza Blizinsky" &lt;alizab@hotmail.com&gt; on
  Feb 17, 1998
 
</step></directions></recipe></recipeml>
