<?xml version="1.0" encoding="UTF-8"?>

<recipeml version="0.5">
  <recipe>
    <head>
      <title>Apple Corn Johnny Cake</title>
      <categories>
        <cat>Muffins</cat>
        <cat>Cakes</cat></categories>
      <yield>1</yield></head>
    <ingredients>
      <ing>
        <amt>
          <qty>1</qty>
          <unit>cup</unit></amt>
        <item>Corn meal</item></ing>
      <ing>
        <amt>
          <qty>3/4</qty>
          <unit>cups</unit></amt>
        <item>Rice flour</item></ing>
      <ing>
        <amt>
          <qty>4</qty>
          <unit>teaspoons</unit></amt>
        <item>Baking powder</item></ing>
      <ing>
        <amt>
          <qty>1/2</qty>
          <unit>teaspoons</unit></amt>
        <item>Salt</item></ing>
      <ing>
        <amt>
          <qty>2</qty>
          <unit>tablespoons</unit></amt>
        <item>Sugar</item></ing>
      <ing>
        <amt>
          <qty>2</qty>
          <unit/></amt>
        <item>Eggs, separated</item></ing>
      <ing>
        <amt>
          <qty>2</qty>
          <unit>tablespoons</unit></amt>
        <item>Canola oil</item></ing>
      <ing>
        <amt>
          <qty>1 3/4</qty>
          <unit>cups</unit></amt>
        <item>Applesauce (14 oz can)</item></ing>
      <ing>
        <amt>
          <qty>6</qty>
          <unit/></amt>
        <item>Bacon strips,cooked,crumbled</item></ing></ingredients>
    <directions>
      <step>  Breakfast idea without gluten or dairy.  Serve warm with maple syrup or as
  a quickbread with soup or salad.
  
  In a large mixing bowl combine cornmeal, rice flour, baking powder, salt
  and sugar.  Beat egg whites until stiff.
  
  To the dry ingredients, add egg yolks, oil, applesauce and bacon. Stir
  well.
  
  Fold in egg whites.  Pour batter into greased 8x8 inch baking pan (or
  prepared muffin pan).  Bake in 425 F oven for 45 min or until an inserted
  knife comes out clean. Serves 4-5.
  
  Source:  Co-op advertising recipe Sept 93 Shared but not tested by
  Elizabeth Rodier
  
  From Gemini's MASSIVE MealMaster collection at www.synapse.com/~gemini
 
</step></directions></recipe></recipeml>
