<?xml version="1.0" encoding="UTF-8"?>

<recipeml version="0.5">
  <recipe>
    <head>
      <title>Apple Cream Leather</title>
      <categories>
        <cat>Snacks</cat>
        <cat>Fruits</cat>
        <cat>Dehydrator</cat></categories>
      <yield>1</yield></head>
    <ingredients>
      <ing>
        <amt>
          <qty>6</qty>
          <unit/></amt>
        <item>Apples</item></ing>
      <ing>
        <amt>
          <qty>1/2</qty>
          <unit>teaspoons</unit></amt>
        <item>Cinnamon</item></ing>
      <ing>
        <amt>
          <qty>1/4</qty>
          <unit>teaspoons</unit></amt>
        <item>Cloves</item></ing>
      <ing>
        <amt>
          <qty>1</qty>
          <unit>cup</unit></amt>
        <item>Nonfat yogurt; (plain)</item></ing>
      <ing>
        <amt>
          <qty>1/2</qty>
          <unit>teaspoons</unit></amt>
        <item>Nutmeg</item></ing></ingredients>
    <directions>
      <step>  Puree ingredients in food processor or blender until smooth. Place fruit
  leather sheets in dehydrator trays. Spread puree over fruit leather sheets,
  1/4" thick. Dry until leathery (pliable but not sticky).
  
  Posted on GEnie Food &amp; Wine RT Nov 08, 1993 by FW.PATTYE
  Posted to MC-Recipe Digest V1 #740 by hurlbert &lt;hurlbert@concentric.net&gt; on
  Aug 13, 1997
 
</step></directions></recipe></recipeml>
