<?xml version="1.0" encoding="UTF-8"?>

<recipeml version="0.5">
  <recipe>
    <head>
      <title>Apple Cobbler</title>
      <categories>
        <cat/></categories>
      <yield>100</yield></head>
    <ingredients>
      <ing>
        <amt>
          <qty>4 2/3</qty>
          <unit>cups</unit></amt>
        <item>WATER; COLD</item></ing>
      <ing>
        <amt>
          <qty>7 1/2</qty>
          <unit>pounds</unit></amt>
        <item>FLOUR GEN PURPOSE 10LB</item></ing>
      <ing>
        <amt>
          <qty>28</qty>
          <unit>pounds</unit></amt>
        <item>PIE FIL APPLE #10</item></ing>
      <ing>
        <amt>
          <qty>4 7/16</qty>
          <unit>pounds</unit></amt>
        <item>SHORTENING; 3LB</item></ing>
      <ing>
        <amt>
          <qty>6</qty>
          <unit>tablespoons</unit></amt>
        <item>SALT TABLE 5LB</item></ing>
      <ing>
        <amt>
          <qty>PAN:</qty>
          <unit>18</unit></amt>
        <item>BY 26 SHEET PAN                      TEMPERATURE:  450 F. OVEN</item></ing></ingredients>
    <directions>
      <step>  :
  
  1.  PREPARE 1 1/4 RECIPES PIE CRUST (RECIPE NO. I00100).
  
  2.  DIVIDE DOUGH INTO 4 PIECES; USE 2 PIECES FOR EACH SHEET PAN.
  
  3.  PLACE DOUGH ON LIGHTLY FLOURED BOARD; SPRINKLE LIGHTLY WITH FLOUR;
  FLATTEN GENTLY.
  
  4.  ROLL 2 PIECES DOUGH INTO RECTANGULAR SHEETS ABOUT 1/8 INCH THICK
  AND LARGE ENOUGH TO FIT EACH PAN.  PRESS DOUGH INTO BOTTOM AND SIDES
  OF EACH PAN.  RESERVE REMAINING PIECES FOR USE IN STEP 6.
  
  5.  POUR 14 LB (1 1/2 GAL) FILLING INTO EACH PAN.
  
  6.  ROLL REMAINING PIECES DOUGH FOR TOP CRUSTS.
  
  7.  PLACE TOP CRUSTS CAREFULLY OVER FILLING IN EACH PAN.
  
  8.  CRIMP TO SEAL EDGES.
  
  9.  CUT 6 TO 8 SMALL SLITS (1/2 INCH) IN TOPS OF EACH COBBLER.
  
  10. BAKE 35 TO 40 MINUTS OR UNTIL LIGHTLY BROWNED.
  
  11. COOL; CUT 6 BY 9.
  :
  
  NOTE:  FOR DOLLAR-TOPPED COBBLER, CUT TOP CRUST INTO 100 ROUNDS USING
  NO. 2 1/2 SIZE BISCUIT CUTTER.  TOP FILLING IN EACH SHEET PAN WITH ROUNDS
  OF
  DOUGH IN 5 ROWS OF 10 EACH.  IN STEP 10, BAKE AT 425F.
  
  Recipe Number: I01000
  
  SERVING SIZE: 1 SQUARE
  
  From the &lt;Army Master Recipe Index File&gt; (actually used today!).
  Downloaded from Glen's MM Recipe Archive, http://www.erols.com/hosey.
 
</step></directions></recipe></recipeml>
