<?xml version="1.0" encoding="UTF-8"?>

<recipeml version="0.5">
  <recipe>
    <head>
      <title>Apple Cranberry Crisp #1</title>
      <categories>
        <cat>Dessert</cat></categories>
      <yield>8</yield></head>
    <ingredients>
      <ing>
        <amt>
          <qty>4</qty>
          <unit>cups</unit></amt>
        <item>Sliced apples -or-</item></ing>
      <ing>
        <amt>
          <qty>3</qty>
          <unit>cups</unit></amt>
        <item>Apples -and-</item></ing>
      <ing>
        <amt>
          <qty>1</qty>
          <unit>cup</unit></amt>
        <item>Cranberries</item></ing>
      <ing>
        <amt>
          <qty>1</qty>
          <unit>cup</unit></amt>
        <item>Sugar (maple sugar is great if you can get it)</item></ing>
      <ing>
        <amt>
          <qty>1/2</qty>
          <unit>cups</unit></amt>
        <item>Butter or margarine</item></ing>
      <ing>
        <amt>
          <qty>1/2</qty>
          <unit>teaspoons</unit></amt>
        <item>Salt</item></ing>
      <ing>
        <amt>
          <qty>3/4</qty>
          <unit>cups</unit></amt>
        <item>Flour</item></ing>
      <ing>
        <amt>
          <qty>1</qty>
          <unit>teaspoon</unit></amt>
        <item>Cinnamon</item></ing></ingredients>
    <directions>
      <step>  From: hartman@infi.net (ron &amp; sally hartman)
  
  Date: Thu, 27 Oct 1994 21:56:00 +0000
  Here's a great apple crisp recipe I got from a wonderful inn in Vermont.  I
  frequently adapt it to use cranberries. I keep cranberries in the freezer
  year-round and love to throw them in anything I make with apples.
  
  Put apples (and cranberries if you're using them) into a buttered baking
  dish. Sprinkle with salt. Mix sugar, flour and butter until crumbly (I do
  this in a food processor). Spread over the apples. Bake uncovered for 45
  minutes in preheated 357 degree oven. Serve with ice cream or whipped
  cream. This smells great while it's baking, and it's delicious! It's one of
  our family favorites.
  
  Note: I usually give the cranberries a quick chopping in the food processor
  but it also works to use them whole. Depending on the quantity I need I
  feel free to add more apples and cranberries and increase the amounts of
  the other ingredients proportionately.
  
  REC.FOOD.RECIPES ARCHIVES
  
  /DESSERTS
  
  From rec.food.cooking archives.  Downloaded from Glen's MM Recipe Archive,
  http://www.erols.com/hosey.
 
</step></directions></recipe></recipeml>
