<?xml version="1.0" encoding="UTF-8"?>

<recipeml version="0.5">
  <recipe>
    <head>
      <title>Apple Coffee Cake #3</title>
      <categories>
        <cat>Cake</cat></categories>
      <yield>16</yield></head>
    <ingredients>
      <ing-div>
        <title/>
        <ing>
          <amt>
            <qty>3</qty>
            <unit/></amt>
          <item>Apples; chopped into 1/2-inch chunks</item></ing>
        <ing>
          <amt>
            <qty>1/2</qty>
            <unit>cups</unit></amt>
          <item>Butter or margarine</item></ing>
        <ing>
          <amt>
            <qty>1 1/2</qty>
            <unit>cups</unit></amt>
          <item>Sugar</item></ing>
        <ing>
          <amt>
            <qty>2</qty>
            <unit/></amt>
          <item>Eggs</item></ing>
        <ing>
          <amt>
            <qty>1</qty>
            <unit>cup</unit></amt>
          <item>Milk</item></ing>
        <ing>
          <amt>
            <qty>3</qty>
            <unit>cups</unit></amt>
          <item>All-purpose flour</item></ing>
        <ing>
          <amt>
            <qty>1</qty>
            <unit>teaspoon</unit></amt>
          <item>Salt</item></ing>
        <ing>
          <amt>
            <qty>3</qty>
            <unit>teaspoons</unit></amt>
          <item>Baking powder</item></ing></ing-div>
      <ing-div>
        <title>CRUMB MIXTURE</title>
        <ing>
          <amt>
            <qty>1/2</qty>
            <unit>cups</unit></amt>
          <item>Flour</item></ing>
        <ing>
          <amt>
            <qty>1/2</qty>
            <unit>cups</unit></amt>
          <item>Sugar</item></ing>
        <ing>
          <amt>
            <qty>1</qty>
            <unit>teaspoon</unit></amt>
          <item>Cinnamon</item></ing>
        <ing>
          <amt>
            <qty>1</qty>
            <unit>dash</unit></amt>
          <item>Nutmeg</item></ing>
        <ing>
          <amt>
            <qty>1/4</qty>
            <unit>cups</unit></amt>
          <item>Butter or margarine</item></ing></ing-div></ingredients>
    <directions>
      <step>  From: hz225wu@unidui.uni-duisburg.de (Micaela Pantke)
  
  Date: Thu, 12 Aug 93 09:26:15 +0200
  
  From: lsamura@opihi.soest.hawaii.edu (Lance Samura)
  
  Author: Aileen Mikuni
  
  Cream butter and sugar together. Add eggs and milk. Sift dry ingredients
  together. Stir into creamed mixture. Stir in about 1/2 of the chopped apple
  chunks. Pour batter into greased 9-by-13-inch pan.  Top with remaining
  chopped apples. Sprinkle crumb mixture evenly over top. Bake at 350 degrees
  for about
       30    minutes.
  
  For Crumb Mixture: Mix flour, sugar, cinnamon and nutmeg together. Cut
  butter into above mixture until crumbly.
  
  REC.FOOD.RECIPES ARCHIVES
  
  /CAKES
  
  From rec.food.cooking archives.  Downloaded from Glen's MM Recipe Archive,
  http://www.erols.com/hosey.
 
</step></directions></recipe></recipeml>
