<?xml version="1.0" encoding="UTF-8"?>

<recipeml version="0.5">
  <recipe>
    <head>
      <title>Apple Cream Cheese Pie</title>
      <categories>
        <cat>Desserts</cat>
        <cat>Pies</cat></categories>
      <yield>1</yield></head>
    <ingredients>
      <ing>
        <amt>
          <qty>1</qty>
          <unit/></amt>
        <item>9-inch pastry shell</item></ing>
      <ing>
        <amt>
          <qty>1 1/2</qty>
          <unit>cups</unit></amt>
        <item>Peeled and thinly sliced apples</item></ing>
      <ing>
        <amt>
          <qty>3/4</qty>
          <unit>cups</unit></amt>
        <item>Sugar</item></ing>
      <ing>
        <amt>
          <qty>1/4</qty>
          <unit>teaspoons</unit></amt>
        <item>Cinnamon</item></ing>
      <ing>
        <amt>
          <qty>1/4</qty>
          <unit>teaspoons</unit></amt>
        <item>Nutmeg</item></ing>
      <ing>
        <amt>
          <qty>1/2</qty>
          <unit>cups</unit></amt>
        <item>Walnuts; chopped</item></ing>
      <ing>
        <amt>
          <qty>1</qty>
          <unit>dash</unit></amt>
        <item>Salt</item></ing>
      <ing>
        <amt>
          <qty>2</qty>
          <unit/></amt>
        <item>Eggs; beaten</item></ing>
      <ing>
        <amt>
          <qty>1/2</qty>
          <unit>cups</unit></amt>
        <item>Cream (I use MILK )</item></ing>
      <ing>
        <amt>
          <qty>6</qty>
          <unit>ounces</unit></amt>
        <item>Cream cheese</item></ing>
      <ing>
        <amt>
          <qty>1</qty>
          <unit>teaspoon</unit></amt>
        <item>Vanilla</item></ing></ingredients>
    <directions>
      <step>  Mix together the apple slices, 1/4 c. of the sugar, cinnamon, and nutmeg.
  Arrange in the pastry shell. Sprinkle the nuts over the apples. Bake in a
  preheated 450 degree oven for 15 minutes. Remove from the oven and turn the
  heat down to 325.
  
  Cream together the remaining sugar, salt and the cream cheese. Add the eggs
  and mix until smooth. Add to this the cream and vanilla and mix well. Pour
  over the apples in the pie shell and bake in the 325 degree oven for 40
  minutes.
  
  &gt;From ???@??? Sun Feb 23 08:26:58 1997
  
  NOTES : I added the nuts to this recipe
  Posted to recipelu-digest Volume 01 Number 185 by JoAnn &lt;joannr@pclink.com&gt;
  on Oct 31, 1997
 
</step></directions></recipe></recipeml>
