<?xml version="1.0" encoding="UTF-8"?>

<recipeml version="0.5">
  <recipe>
    <head>
      <title>Apple Cranberry Muffins</title>
      <categories>
        <cat>Bread</cat></categories>
      <yield>12</yield></head>
    <ingredients>
      <ing-div>
        <title>MUFFINS</title>
        <ing>
          <amt>
            <qty>1 3/4</qty>
            <unit>cups</unit></amt>
          <item>All purpose flour</item></ing>
        <ing>
          <amt>
            <qty>1/4</qty>
            <unit>cups</unit></amt>
          <item>Sugar</item></ing>
        <ing>
          <amt>
            <qty>1 1/2</qty>
            <unit>teaspoons</unit></amt>
          <item>Baking powder</item></ing>
        <ing>
          <amt>
            <qty>1/2</qty>
            <unit>teaspoons</unit></amt>
          <item>Baking soda</item></ing>
        <ing>
          <amt>
            <qty>1/2</qty>
            <unit>teaspoons</unit></amt>
          <item>Salt</item></ing>
        <ing>
          <amt>
            <qty>1</qty>
            <unit/></amt>
          <item>Egg</item></ing>
        <ing>
          <amt>
            <qty>3/4</qty>
            <unit>cups</unit></amt>
          <item>Milk</item></ing>
        <ing>
          <amt>
            <qty>3/4</qty>
            <unit>cups</unit></amt>
          <item>Sweetened applesauce</item></ing>
        <ing>
          <amt>
            <qty>1/4</qty>
            <unit>cups</unit></amt>
          <item>Butter or margarine; melted</item></ing>
        <ing>
          <amt>
            <qty>1</qty>
            <unit>cup</unit></amt>
          <item>Fresh cranberries; coarsely chopped</item></ing>
        <ing>
          <amt>
            <qty>2</qty>
            <unit>teaspoons</unit></amt>
          <item>All purpose flour</item></ing></ing-div>
      <ing-div>
        <title>TOPPING</title>
        <ing>
          <amt>
            <qty>1/4</qty>
            <unit>cups</unit></amt>
          <item>Sugar</item></ing>
        <ing>
          <amt>
            <qty>1/2</qty>
            <unit>teaspoons</unit></amt>
          <item>Ground cinnamon</item></ing></ing-div></ingredients>
    <directions>
      <step>  Date: Thu, 21 Mar 1996 07:30:33 -0500
  
  From: beck4@pipeline.com (Eileen &amp; Bob Holze)
  In medium bowl, combine 1 3/4 cups of flour, 1/4 cup sugar, the baking
  powder, baking soda and salt. In small bowl, combine egg, milk, applesauce
  and butter, mix well. Add egg mixture to flour mixture, stirring just until
  moistened. Batter will be lumpy. In small bowl, toss cranberries with 2 tb
  flour, fold into batter.
  
  Spoon batter into 12 greased 2 1/2 inch muffin cups.
  
  In another small bowl, combine 1/4 cup sugar and the cinnamon.  Sprinkle
  over muffins. Bake in preheated 400 oven 20-25 mins or until wooden pick
  inserted in center comes out clean. Remove from pan; cool on wire rack.
  
  Western New York Apple Growers Assn., Typed by Dale/Gail Shipp. 12/18/93.
  
  From the MM database of Judi M. Phelps., jphelps@shell.portal.com,
  juphelps@delphi.com, or jphelps@shell.portal.com
  
  MC-RECIPE@MASTERCOOK.COM
  
  MASTERCOOK RECIPES LIST SERVER
  
  From the MasterCook recipe list.  Downloaded from Glen's MM Recipe Archive,
  http://www.erols.com/hosey.
 
</step></directions></recipe></recipeml>
