<?xml version="1.0" encoding="UTF-8"?>

<recipeml version="0.5">
  <recipe>
    <head>
      <title>Apple Cocoroon Pudding</title>
      <categories>
        <cat>Dessert</cat></categories>
      <yield>4</yield></head>
    <ingredients>
      <ing>
        <amt>
          <qty>4</qty>
          <unit/></amt>
        <item>Tart apples</item></ing>
      <ing>
        <amt>
          <qty>1</qty>
          <unit>teaspoon</unit></amt>
        <item>Cinnamon</item></ing>
      <ing>
        <amt>
          <qty>1/4</qty>
          <unit>cups</unit></amt>
        <item>Sugar</item></ing>
      <ing>
        <amt>
          <qty>1</qty>
          <unit/></amt>
        <item>Egg</item></ing>
      <ing>
        <amt>
          <qty>1</qty>
          <unit>teaspoon</unit></amt>
        <item>Vanilla</item></ing>
      <ing>
        <amt>
          <qty>1/2</qty>
          <unit>cups</unit></amt>
        <item>Bisquick</item></ing>
      <ing>
        <amt>
          <qty>1</qty>
          <unit>tablespoon</unit></amt>
        <item>Margarine</item></ing>
      <ing>
        <amt>
          <qty>1/2</qty>
          <unit>cups</unit></amt>
        <item>Shredded coconut</item></ing>
      <ing>
        <amt>
          <qty>1/2</qty>
          <unit>cups</unit></amt>
        <item>Sugar</item></ing>
      <ing>
        <amt>
          <qty>From:</qty>
          <unit/></amt>
        <item>Patricia Moore &lt;PCPJMOOR@IHC.COM&gt;</item></ing>
      <ing>
        <amt>
          <qty>Date:</qty>
          <unit/></amt>
        <item>Sun, 18 Aug 1996 17:12:25 -0700</item></ing></ingredients>
    <directions>
      <step>  Preheat oven to 350.  Slice peeled apples into a shallow 8 inch baking
  dish. Sprinkle with the 1/4 cup sugar and cinnamon combined. Place in hot
  oven. Meanwhile beat egg, add sugar, then vanilla. Stir in Bisquick, then
  melted marg and coconut. Spread over hot apples and bake 25-30 minutes
  until apples are tender and topping is nicely browned. I double this
  recipe.  It's also good with fresh peaches.
  
  EAT-L Digest 17 August 96
  
  From the EAT-L recipe list.  Downloaded from Glen's MM Recipe Archive,
  http://www.erols.com/hosey.
 
</step></directions></recipe></recipeml>
