<?xml version="1.0" encoding="UTF-8"?>

<recipeml version="0.5">
  <recipe>
    <head>
      <title>Apple Crisp 6</title>
      <categories>
        <cat>Desserts</cat>
        <cat>Fruit</cat></categories>
      <yield>8</yield></head>
    <ingredients>
      <ing>
        <amt>
          <qty>8</qty>
          <unit>medium</unit></amt>
        <item>Apples; peeled and sliced</item></ing>
      <ing>
        <amt>
          <qty>1</qty>
          <unit>tablespoon</unit></amt>
        <item>Fresh lemon juice</item></ing>
      <ing>
        <amt>
          <qty>1/2</qty>
          <unit>cups</unit></amt>
        <item>All-purpose flour</item></ing>
      <ing>
        <amt>
          <qty>1</qty>
          <unit>cup</unit></amt>
        <item>Brown sugar</item></ing>
      <ing>
        <amt>
          <qty>1</qty>
          <unit>cup</unit></amt>
        <item>Rolled oats</item></ing>
      <ing>
        <amt>
          <qty>1</qty>
          <unit>teaspoon</unit></amt>
        <item>Cinnamon</item></ing>
      <ing>
        <amt>
          <qty>1/4</qty>
          <unit>teaspoons</unit></amt>
        <item>Nutmeg</item></ing>
      <ing>
        <amt>
          <qty>1/2</qty>
          <unit>cups</unit></amt>
        <item>Butter</item></ing></ingredients>
    <directions>
      <step>  Place apple slices in two quart baking dish. Sprinkle with lemon juice.
  Combine flour, sugar, oats, cinnamon, and nutmeg. Cut butter into one-inch
  chunks. Blend into dry ingredients, using a pastry blender or two forks.
  When crumbly, sprinkle over apples. Bake at 375 degrees for 15 minutes.
  Turn oven down to 350 degrees and bake for 30 minutes more.
  
  Recipe By     : Elizabeth Powell
  
  Posted to MC-Recipe Digest V1 #278
  
  Date: Mon, 04 Nov 1996 20:16:51 -0500
  
  From: Martha Sheppard &lt;MARTHAHS@postoffice.worldnet.att.net&gt;
  
  Serving Ideas : Serve warm with vanilla ice cream or whipped cream.
 
</step></directions></recipe></recipeml>
