<?xml version="1.0" encoding="UTF-8"?>

<recipeml version="0.5">
  <recipe>
    <head>
      <title>Apple Crescents</title>
      <categories>
        <cat>Desserts</cat></categories>
      <yield>12</yield></head>
    <ingredients>
      <ing-div>
        <title>CRESCENT</title>
        <ing>
          <amt>
            <qty>1</qty>
            <unit>tablespoon</unit></amt>
          <item>Yeast</item></ing>
        <ing>
          <amt>
            <qty>1/2</qty>
            <unit>cups</unit></amt>
          <item>Milk, body temperature</item></ing>
        <ing>
          <amt>
            <qty>1/2</qty>
            <unit>cups</unit></amt>
          <item>Butter</item></ing>
        <ing>
          <amt>
            <qty>1/8</qty>
            <unit>cups</unit></amt>
          <item>Maple syrup</item></ing>
        <ing>
          <amt>
            <qty>1</qty>
            <unit/></amt>
          <item>Egg</item></ing>
        <ing>
          <amt>
            <qty>1</qty>
            <unit>teaspoon</unit></amt>
          <item>Lemon rind</item></ing>
        <ing>
          <amt>
            <qty>2</qty>
            <unit>cups</unit></amt>
          <item>Whole wheat pastry flour</item></ing></ing-div>
      <ing-div>
        <title>FILLING</title>
        <ing>
          <amt>
            <qty>1</qty>
            <unit>cup</unit></amt>
          <item>Diced green apples</item></ing>
        <ing>
          <amt>
            <qty>1/3</qty>
            <unit>cups</unit></amt>
          <item>Dates, diced</item></ing>
        <ing>
          <amt>
            <qty>1/4</qty>
            <unit>cups</unit></amt>
          <item>Butter</item></ing></ing-div></ingredients>
    <directions>
      <step>  Dissolve yeast in warm milk; set aside.  Melt together butter and maple
  syrup; let cool; add egg, lemon rind, flour, and yeast mixture. Mix
  together until you have a dough. Refrigerate overnight. Roll dough into 9"
  circles, one for each 4 rolls; cut each circle into 4 pie-shaped wedges.
  
  Cut together apples, dates and butter.  Spread fruit mixture over dough
  wedges.  Roll up each crescent, beginning at the wide end. Place on unoiled
  cookie sheets, turning ends to form crescent shape; let rise to double in
  size, about 2 1/2 hours. Bake at 350 degrees 10-15 minutes until golden
  brown.
  
  From Gemini's MASSIVE MealMaster collection at www.synapse.com/~gemini
 
</step></directions></recipe></recipeml>
