<?xml version="1.0" encoding="UTF-8"?>

<recipeml version="0.5">
  <recipe>
    <head>
      <title>Apple Crisp</title>
      <categories>
        <cat>Desserts</cat></categories>
      <yield>6</yield></head>
    <ingredients>
      <ing>
        <amt>
          <qty>4</qty>
          <unit>cups</unit></amt>
        <item>Sliced tart apples; (about 4 medium)</item></ing>
      <ing>
        <amt>
          <qty>2/3</qty>
          <unit>cups</unit></amt>
        <item>Packed brown sugar; (2/3 to 3/4)</item></ing>
      <ing>
        <amt>
          <qty>1/2</qty>
          <unit>cups</unit></amt>
        <item>All-purpose flour</item></ing>
      <ing>
        <amt>
          <qty>1/2</qty>
          <unit>cups</unit></amt>
        <item>Oats</item></ing>
      <ing>
        <amt>
          <qty>1/3</qty>
          <unit>cups</unit></amt>
        <item>Butter; softened</item></ing>
      <ing>
        <amt>
          <qty>3/4</qty>
          <unit>teaspoons</unit></amt>
        <item>Ground cinnamon</item></ing>
      <ing>
        <amt>
          <qty>3/4</qty>
          <unit>teaspoons</unit></amt>
        <item>Ground nutmeg</item></ing></ingredients>
    <directions>
      <step>  Heat oven to 375.  Arrange apples in greased square 8x8x2 pan.  Mix
  remaining ingredients; sprinkle over apples. Bake untl topping is golde
  brown and apples are tender, about 30 minutes.
  Serving Ideas : Serve warm with cream or ice cream.
  
  NOTES : Apricot Crisp:  Substitute 2 (17 oz) cans apricot halves, drained,
       for the apples, and use the lesser amount of brown sugar.
       Cherry Crisp:  Substitute 1 (21 oz) can cherry pie filling for the
       apples,
       and use the lesser amount of brown sugar.
       Peach Crisp:  Substitute 1 (29 oz) can sliced peaches, drained,
       for the
       apples, and use the lesser amount of brown sugar.
       Pineapple Crisp:  Substitute 2 (13 1/2 oz) cans pineapple chunks,
       drained, or
       2 (20 oz) cans crushed pineapple, drained, for the apples, and use
       the lesser
       amount of brown sugar.
 
</step></directions></recipe></recipeml>
