<?xml version="1.0" encoding="UTF-8"?>

<recipeml version="0.5">
  <recipe>
    <head>
      <title>Apple Crisp (W/graham Crackers)</title>
      <categories>
        <cat>None</cat></categories>
      <yield>1</yield></head>
    <ingredients>
      <ing>
        <amt>
          <qty>4</qty>
          <unit>large</unit></amt>
        <item>Granny Smith apples; (up TO 6)</item></ing>
      <ing>
        <amt>
          <qty>8</qty>
          <unit/></amt>
        <item>Graham cracker squares; (2 1/2" ea)</item></ing>
      <ing>
        <amt>
          <qty>3/4</qty>
          <unit>cups</unit></amt>
        <item>Brn. sugar</item></ing>
      <ing>
        <amt>
          <qty>1/2</qty>
          <unit>cups</unit></amt>
        <item>Rolled oats; (oatmeal)</item></ing>
      <ing>
        <amt>
          <qty>1/2</qty>
          <unit>cups</unit></amt>
        <item>Flour</item></ing>
      <ing>
        <amt>
          <qty>1</qty>
          <unit>teaspoon</unit></amt>
        <item>Cinnamon</item></ing>
      <ing>
        <amt>
          <qty>1/2</qty>
          <unit>teaspoons</unit></amt>
        <item>Allspice or nutmeg</item></ing>
      <ing>
        <amt>
          <qty>1/2</qty>
          <unit>cups</unit></amt>
        <item>Butter or marg.; melted</item></ing></ingredients>
    <directions>
      <step>  Prepare enough apple slices to fill 8" microwavable dish 3/4 full. Finely
  chop graham crackers. Stir together crumbs, sugar, oats, flour and spices.
  Add butter; mix well. Spoon mixture over apple slices. Microwave on High
  12-15 min. or until apples are tender, turning dish after 6 min. Cool
  slightly. Serve with whipped cream or ice cream.
  
  Oven variation: Preheat oven to 350' ; bake for 30-35 min. or until apples
  are tender. Serves: 6-8
  
  Source: Pampered Chef
  
  Posted to Bakery-Shoppe Digest V1 #459 by Joan Kozik
  &lt;kozik@mail.utexas.edu&gt; on Dec 18, 1997
 
</step></directions></recipe></recipeml>
