<?xml version="1.0" encoding="UTF-8"?>

<recipeml version="0.5">
  <recipe>
    <head>
      <title>Apple Crumble Pie</title>
      <categories>
        <cat>Pies</cat>
        <cat>Fruits/nuts</cat></categories>
      <yield>10</yield></head>
    <ingredients>
      <ing>
        <amt>
          <qty>1</qty>
          <unit/></amt>
        <item>Prepared pie shell</item></ing>
      <ing>
        <amt>
          <qty>1/4</qty>
          <unit>cups</unit></amt>
        <item>Unsalted butter</item></ing>
      <ing>
        <amt>
          <qty>4</qty>
          <unit>cups</unit></amt>
        <item>Green apples, thinly sliced (peeled before slicing)</item></ing>
      <ing>
        <amt>
          <qty>1/2</qty>
          <unit>cups</unit></amt>
        <item>Sugar</item></ing>
      <ing>
        <amt>
          <qty>2</qty>
          <unit>tablespoons</unit></amt>
        <item>Lemon juice</item></ing>
      <ing>
        <amt>
          <qty>1/8</qty>
          <unit>teaspoons</unit></amt>
        <item>Ground mace</item></ing>
      <ing>
        <amt>
          <qty>1/2</qty>
          <unit>tablespoons</unit></amt>
        <item>Cornstarch</item></ing>
      <ing>
        <amt>
          <qty>1</qty>
          <unit>cup</unit></amt>
        <item>Cookie crumbs</item></ing>
      <ing>
        <amt>
          <qty>1/4</qty>
          <unit>cups</unit></amt>
        <item>Melted butter</item></ing>
      <ing>
        <amt>
          <qty>2</qty>
          <unit>tablespoons</unit></amt>
        <item>Brown sugar</item></ing></ingredients>
    <directions>
      <step>  PREHEAT OVEN TO 400F. Melt the butter in a medium skillet over medium heat
  on top of the stove. Add the apples, cover and cook for 5 minutes. Remove
  the cover and add the sugar, juice, mace and cornstarch. Cook another
  minute, stirring, remove from the heat and set aside. Meanwhile, place
  prepared pie shell in the oven and bake for 10 minutes. While the pie shell
  is baking, combine cookie crumbs, melted butter and sugar and mix well.
  Remove pie shell from the oven and add the cooked apple mixture. Sprinkle
  the cookie crumble over the apples and replace in the oven for another 20
  minutes. Cool the pie to room temperature before serving.
  
  From Gemini's MASSIVE MealMaster collection at www.synapse.com/~gemini
 
</step></directions></recipe></recipeml>
