<?xml version="1.0" encoding="UTF-8"?>

<recipeml version="0.5">
  <recipe>
    <head>
      <title>Apple Cranberry Bars</title>
      <categories>
        <cat>Cookies</cat>
        <cat>Sent to rec</cat></categories>
      <yield>48</yield></head>
    <ingredients>
      <ing>
        <amt>
          <qty>1 1/2</qty>
          <unit>cups</unit></amt>
        <item>Granulated sugar</item></ing>
      <ing>
        <amt>
          <qty>1</qty>
          <unit>cup</unit></amt>
        <item>Butter; softened</item></ing>
      <ing>
        <amt>
          <qty>2</qty>
          <unit/></amt>
        <item>Eggs</item></ing>
      <ing>
        <amt>
          <qty>2</qty>
          <unit>teaspoons</unit></amt>
        <item>Orange peel; grated</item></ing>
      <ing>
        <amt>
          <qty>2</qty>
          <unit>teaspoons</unit></amt>
        <item>Vanilla extract</item></ing>
      <ing>
        <amt>
          <qty>2 1/4</qty>
          <unit>cups</unit></amt>
        <item>All-purpose flour</item></ing>
      <ing>
        <amt>
          <qty>1</qty>
          <unit>teaspoon</unit></amt>
        <item>Baking soda</item></ing>
      <ing>
        <amt>
          <qty>1/4</qty>
          <unit>teaspoons</unit></amt>
        <item>Salt</item></ing>
      <ing>
        <amt>
          <qty>2</qty>
          <unit>cups</unit></amt>
        <item>Peeled apples; chopped</item></ing>
      <ing>
        <amt>
          <qty>1</qty>
          <unit>cup</unit></amt>
        <item>Cranberries; fresh or frozen, coarsely chopped</item></ing>
      <ing>
        <amt>
          <qty>1</qty>
          <unit>cup</unit></amt>
        <item>Chopped nuts Orange Butter Cream---</item></ing>
      <ing>
        <amt>
          <qty>1/3</qty>
          <unit>cups</unit></amt>
        <item>Butter; softened</item></ing>
      <ing>
        <amt>
          <qty>3</qty>
          <unit>ounces</unit></amt>
        <item>Cream cheese; softened</item></ing>
      <ing>
        <amt>
          <qty>1</qty>
          <unit>teaspoon</unit></amt>
        <item>Vanilla extract</item></ing>
      <ing>
        <amt>
          <qty>2</qty>
          <unit>cups</unit></amt>
        <item>Powdered sugar</item></ing>
      <ing>
        <amt>
          <qty>1</qty>
          <unit>teaspoon</unit></amt>
        <item>Orange peel; grated</item></ing>
      <ing>
        <amt>
          <qty>2</qty>
          <unit>teaspoons</unit></amt>
        <item>Milk; to 4 teaspoons</item></ing></ingredients>
    <directions>
      <step>  Preheat oven to 350 degrees; grease a 15 x 10 x 1-inch jelly roll pan. In a
  large mixer bowl, combine the sugar, butter, eggs, orange peel and vanilla
  extract. Beat on medium speed, scraping the bowl often, for 2 to 3 minutes
  until well mixed. Reduce the speed to low; add the flour, baking soda and
  salt. Continue beating, scraping the bowl often, for 1 to 2 minutes until
  well mixed. By hand, stir in the apples, cranberries and nuts. Spread in
  the prepared pan. Bake for 30 to 35 minutes, or until a toothpick inserted
  in the center comes out clean. Cool completely. In a small mixer bowl,
  combine the butter, cream cheese and vanilla extract. Beat on medium speed,
  scraping the bowl often, for 1 to 2 minutes until well mixed. Reduce the
  speed to low. Continue beating, gradually adding the powdered sugar, orange
  peel and enough milk for desired spreading consistency. Thinly frost the
  cooled bars; cut into bars.
  
  Recipe by: Land O Lakes Holiday Memories
  
  Posted to recipelu-digest Volume 01 Number 324 by PookyPook@aol.com on Nov
  28, 1997
 
</step></directions></recipe></recipeml>
