<?xml version="1.0" encoding="UTF-8"?>

<recipeml version="0.5">
  <recipe>
    <head>
      <title>Apple Crisp (Filling Prepared)</title>
      <categories>
        <cat/></categories>
      <yield>100</yield></head>
    <ingredients>
      <ing>
        <amt>
          <qty>1</qty>
          <unit>pound</unit></amt>
        <item>BUTTER PRINT SURE</item></ing>
      <ing>
        <amt>
          <qty>21</qty>
          <unit>pounds</unit></amt>
        <item>PIE FIL APPLE #10</item></ing></ingredients>
    <directions>
      <step>  PAN SIZE 18 BY 26 SHEET PAN                    TEMPERATURE:  375 F. OVEN
  
  1.  ARRANGE ABOUT 4 1/2 QT PREPARED PIE FILLING ON EACH 18 BY 26-IN SHEET
  PAN.
  
  2.  COMBINE OATMEAL COOKIE MIX WITH 1 LB SOFTENED BUTTER OR MARGARINE.
  
  3.  SPRINKLE ABOUT 2 1/2 QT MIXTURE EVENLY OVER APPLES IN EACH PAN.
  
  4.  BAKE 40 MINUTES OR UNTIL TOP IS LIGHTLY BROWNED.
  
  5.  CUT 6 BY 9. SERVE WITH SERVING SPOON OR SPATULA.
  \
  
  NOTE:  IN STEP 4, IF CONVENCTION OVEN IS USED, BAKE AT 350 DEGREES F.  30
  MINUTES OR UNTIL BUBBLING AND LIGHTLY BROWNED ON LOW FAN, OPEN VENT.
  
  Recipe Number: J00101
  
  SERVING SIZE: 1 SQUARE
  
  From the &lt;Army Master Recipe Index File&gt; (actually used today!).
  Downloaded from Glen's MM Recipe Archive, http://www.erols.com/hosey.
 
</step></directions></recipe></recipeml>
