<?xml version="1.0" encoding="UTF-8"?>

<recipeml version="0.5">
  <recipe>
    <head>
      <title>Apple Cranberry Rhubarb Crisp</title>
      <categories>
        <cat>Apples</cat>
        <cat>Cranberries</cat>
        <cat>Crisps</cat></categories>
      <yield>1</yield></head>
    <ingredients>
      <ing-div>
        <title>TOPPING</title>
        <ing>
          <amt>
            <qty>1/3</qty>
            <unit>cups</unit></amt>
          <item>Lightly packed brown sugar</item></ing>
        <ing>
          <amt>
            <qty>1/3</qty>
            <unit>cups</unit></amt>
          <item>Oats</item></ing>
        <ing>
          <amt>
            <qty>3</qty>
            <unit>tablespoons</unit></amt>
          <item>Whole wheat flour</item></ing>
        <ing>
          <amt>
            <qty>2</qty>
            <unit>tablespoons</unit></amt>
          <item>Margarine; melted</item></ing></ing-div>
      <ing-div>
        <title>FILLING</title>
        <ing>
          <amt>
            <qty>2/3</qty>
            <unit>cups</unit></amt>
          <item>Granulated white sugar</item></ing>
        <ing>
          <amt>
            <qty>3</qty>
            <unit>tablespoons</unit></amt>
          <item>All purpose flour</item></ing>
        <ing>
          <amt>
            <qty>2</qty>
            <unit>cups</unit></amt>
          <item>Slices apples</item></ing>
        <ing>
          <amt>
            <qty>2</qty>
            <unit>cups</unit></amt>
          <item>Diced rhubarb; diced</item></ing>
        <ing>
          <amt>
            <qty>1</qty>
            <unit>cup</unit></amt>
          <item>Cranberries; fresh or frozen</item></ing></ing-div></ingredients>
    <directions>
      <step>  1. Combine all topping ingredients in a bowl, and mix well.
  
  2. In a separate bowl, combine sugar and flour
  
  3. Add fruit to flour mixture, and toss to coat.
  
  4. Spoon fruit mixture into a 2 litre baking dish, sprinkle with topping
  mixture
  
  5. Bake at 375 for 40-50 minutes until fruit is tender.
  
  NOTES: Serve this quick and easy to prepare dish warm or at room
  temperature. For an extra special treat serve with a scoop of French
  Vanilla ice cream or whipped cream.
  Posted to recipelu-digest Volume 01 Number 371 by RecipeLu
  &lt;recipelu@geocities.com&gt; on Dec 15, 1997
 
</step></directions></recipe></recipeml>
