<?xml version="1.0" encoding="UTF-8"?>

<recipeml version="0.5">
  <recipe>
    <head>
      <title>Apple Cobbler</title>
      <categories>
        <cat>Apples</cat>
        <cat>Bobbie - no</cat>
        <cat>Desserts</cat>
        <cat>Taste of ho</cat></categories>
      <yield>14</yield></head>
    <ingredients>
      <ing-div>
        <title/>
        <ing>
          <amt>
            <qty>3</qty>
            <unit>cups</unit></amt>
          <item>All-purpose flour</item></ing>
        <ing>
          <amt>
            <qty>1</qty>
            <unit>cup</unit></amt>
          <item>Sugar; divided</item></ing>
        <ing>
          <amt>
            <qty>1 1/2</qty>
            <unit>teaspoons</unit></amt>
          <item>Baking powder</item></ing>
        <ing>
          <amt>
            <qty>1/2</qty>
            <unit>teaspoons</unit></amt>
          <item>Salt</item></ing>
        <ing>
          <amt>
            <qty>1/2</qty>
            <unit>cups</unit></amt>
          <item>Butter or margarine</item></ing>
        <ing>
          <amt>
            <qty>2</qty>
            <unit/></amt>
          <item>Eggs</item></ing>
        <ing>
          <amt>
            <qty>1</qty>
            <unit>tablespoon</unit></amt>
          <item>Vanilla</item></ing>
        <ing>
          <amt>
            <qty>3</qty>
            <unit>tablespoons</unit></amt>
          <item>Milk (up to 4)</item></ing>
        <ing>
          <amt>
            <qty>8</qty>
            <unit>cups</unit></amt>
          <item>Baking apple; peeled/thinly sliced</item></ing>
        <ing>
          <amt>
            <qty>2</qty>
            <unit>tablespoons</unit></amt>
          <item>Quick-cooking tapioca</item></ing>
        <ing>
          <amt>
            <qty>1/2</qty>
            <unit>teaspoons</unit></amt>
          <item>Ground cinnamon</item></ing></ing-div>
      <ing-div>
        <title>TOPPING</title>
        <ing>
          <amt>
            <qty>1</qty>
            <unit>tablespoon</unit></amt>
          <item>Milk</item></ing>
        <ing>
          <amt>
            <qty>3/4</qty>
            <unit>teaspoons</unit></amt>
          <item>Sugar</item></ing>
        <ing>
          <amt>
            <qty>1/4</qty>
            <unit>teaspoons</unit></amt>
          <item>Ground cinnamon</item></ing></ing-div></ingredients>
    <directions>
      <step>  In a bowl, combine flour, 1/4 cup sugar, baking powder and salt. Cut in
  butter until crumbly. In another bowl, lightly beat eggs and vanilla; add
  to crumb mixture. With a fork, gently mix in milk to moisten. Stir until
  dough forms a ball. Press half of the dough into the bottom of a greased
  13x9" baking pan. Chill the remaining dough. Toss apples with tapioca,
  cinnamon and remaining sugar; place over dough in pan. On a lightly floured
  surface, roll chilled dough to fit top of pan. Place over apples. Brush
  with milk. Combine the sugar and cinnamon; sprinkle on top. Bake at 350 F.
  for 45-50 minutes or until apples are tender and crust is golden. Yield:
  12-16 servings. Submitted by Rita Reifenstein, Evans City, Pennsylvania MC
  formatting by bobbi744@sojourn.com
  
  Recipe by: Taste of Home Magazine, Aug/Sept. '94, p. 32
  
  Posted to MC-Recipe Digest V1 #822 by Roberta Banghart
  &lt;bobbi744@sojourn.com&gt; on Oct 01, 1997
 
</step></directions></recipe></recipeml>
