<?xml version="1.0" encoding="UTF-8"?>

<recipeml version="0.5">
  <recipe>
    <head>
      <title>Apple Crumb Muffins Ww</title>
      <categories>
        <cat>Breads</cat>
        <cat>Fruits</cat></categories>
      <yield>12</yield></head>
    <ingredients>
      <ing-div>
        <title>BATTER</title>
        <ing>
          <amt>
            <qty>2</qty>
            <unit>cups</unit></amt>
          <item>Flour, all-purpose</item></ing>
        <ing>
          <amt>
            <qty>1/4</qty>
            <unit>cups</unit></amt>
          <item>Sugar, granulated</item></ing>
        <ing>
          <amt>
            <qty>1</qty>
            <unit>tablespoon</unit></amt>
          <item>Baking powder</item></ing>
        <ing>
          <amt>
            <qty>1</qty>
            <unit>teaspoon</unit></amt>
          <item>Apple pie spice</item></ing>
        <ing>
          <amt>
            <qty>1</qty>
            <unit>cup</unit></amt>
          <item>Milk, skim</item></ing>
        <ing>
          <amt>
            <qty>1</qty>
            <unit>small</unit></amt>
          <item>Apple, Delicious, Golden cored, pared, shredded</item></ing>
        <ing>
          <amt>
            <qty>1/4</qty>
            <unit>cups</unit></amt>
          <item>Margarine melted</item></ing>
        <ing>
          <amt>
            <qty>1</qty>
            <unit/></amt>
          <item>Eggs</item></ing></ing-div>
      <ing-div>
        <title>CRUMB TOPPING</title>
        <ing>
          <amt>
            <qty>1/4</qty>
            <unit>cups</unit></amt>
          <item>Flour, all-purpose</item></ing>
        <ing>
          <amt>
            <qty>7</qty>
            <unit>teaspoons</unit></amt>
          <item>Sugar, granulated</item></ing>
        <ing>
          <amt>
            <qty>2</qty>
            <unit>tablespoons</unit></amt>
          <item>Margarine melted</item></ing>
        <ing>
          <amt>
            <qty>1/8</qty>
            <unit>teaspoons</unit></amt>
          <item>Cinnamon, ground</item></ing></ing-div></ingredients>
    <directions>
      <step>   Batter - preheat oven to 400F. Line 12 muffins cups with paper baking
  cups. Combine flour, sugar, baking powder and apple pie spice. Combine
  milk, apple, margarine and egg; pour into dry mix. Stir until combined - do
  not overmix. Fill each cup about 2/3 full.
  
   Topping &amp; Baking - Combine topping ingredients, stir until thoroughly
  combined; sprinkle equal amount of topping over each muffin, bake for 15 to
  20 minutes - or unitl toothpick comes out dry. Remove to wire rack and
  cool.
  
   Weight Watcher Exchanges: 1 Bread, 1-1/2 Fat, 50 Optional Calories.
  
   Nutritional Analysis per serving: 183 calories, 4 g.
   protein, 6 g. fat, 28 g. carbohydrate, 88 mg. calcium, 186 mg. sodium, 23
  mg. cholesterol.
  
   Calories from fat: 28%
  
   Original recipe from Weight Watchers "Quick Start Plus Program" cookbook.
  Conversion by Rick Weissgerber.
   {GEnie D.WEISSGERBE]
  
  From Gemini's MASSIVE MealMaster collection at www.synapse.com/~gemini
 
</step></directions></recipe></recipeml>
