<?xml version="1.0" encoding="UTF-8"?>

<recipeml version="0.5">
  <recipe>
    <head>
      <title>Apple Cream Cheese Coffee Cake</title>
      <categories>
        <cat>Desserts</cat>
        <cat>Fruits</cat>
        <cat>Quick</cat></categories>
      <yield>12</yield></head>
    <ingredients>
      <ing-div>
        <title>KARMER TNXC18B</title></ing-div>
      <ing-div>
        <title>CAKE</title>
        <ing>
          <amt>
            <qty>2 1/2</qty>
            <unit>cups</unit></amt>
          <item>Flour</item></ing>
        <ing>
          <amt>
            <qty>1/4</qty>
            <unit>teaspoons</unit></amt>
          <item>Salt</item></ing>
        <ing>
          <amt>
            <qty>3/4</qty>
            <unit>cups</unit></amt>
          <item>Sugar</item></ing>
        <ing>
          <amt>
            <qty>3/4</qty>
            <unit>cups</unit></amt>
          <item>Sour cream</item></ing>
        <ing>
          <amt>
            <qty>1/2</qty>
            <unit>teaspoons</unit></amt>
          <item>Baking powder</item></ing>
        <ing>
          <amt>
            <qty>1</qty>
            <unit/></amt>
          <item>Egg</item></ing>
        <ing>
          <amt>
            <qty>1/2</qty>
            <unit>teaspoons</unit></amt>
          <item>Baking soda</item></ing>
        <ing>
          <amt>
            <qty>1</qty>
            <unit>teaspoon</unit></amt>
          <item>Vanilla</item></ing></ing-div>
      <ing-div>
        <title>FILLING</title>
        <ing>
          <amt>
            <qty>1</qty>
            <unit>package</unit></amt>
          <item>(8 oz.) cream cheese</item></ing>
        <ing>
          <amt>
            <qty>1</qty>
            <unit>tablespoon</unit></amt>
          <item>Lemon juice</item></ing>
        <ing>
          <amt>
            <qty>1</qty>
            <unit/></amt>
          <item>Egg</item></ing>
        <ing>
          <amt>
            <qty>1</qty>
            <unit>teaspoon</unit></amt>
          <item>Vanilla</item></ing></ing-div>
      <ing-div>
        <title>FILLING</title>
        <ing>
          <amt>
            <qty>1</qty>
            <unit>cup</unit></amt>
          <item>Sliced apples</item></ing>
        <ing>
          <amt>
            <qty>1/4</qty>
            <unit>cups</unit></amt>
          <item>Sugar</item></ing>
        <ing>
          <amt>
            <qty>1/2</qty>
            <unit>cups</unit></amt>
          <item>Raisins</item></ing>
        <ing>
          <amt>
            <qty>1</qty>
            <unit>tablespoon</unit></amt>
          <item>Cinnamon</item></ing>
        <ing>
          <amt>
            <qty>1</qty>
            <unit>tablespoon</unit></amt>
          <item>Lemon juice</item></ing></ing-div>
      <ing-div>
        <title>TOPPING</title>
        <ing>
          <amt>
            <qty>1</qty>
            <unit>cup</unit></amt>
          <item>Reserved crumbs</item></ing>
        <ing>
          <amt>
            <qty>1/2</qty>
            <unit>cups</unit></amt>
          <item>Chopped nuts</item></ing></ing-div>
      <ing-div>
        <title>MAPLE GLAZE</title>
        <ing>
          <amt>
            <qty>3/4</qty>
            <unit>cups</unit></amt>
          <item>Confectioner's sugar</item></ing>
        <ing>
          <amt>
            <qty>1</qty>
            <unit>teaspoon</unit></amt>
          <item>Margerine</item></ing>
        <ing>
          <amt>
            <qty>1</qty>
            <unit>tablespoon</unit></amt>
          <item>Warm water</item></ing>
        <ing>
          <amt>
            <qty>1</qty>
            <unit>teaspoon</unit></amt>
          <item>Maple extract</item></ing></ing-div></ingredients>
    <directions>
      <step>  This is the Apple Cream Cheese Coffee Cake recipe that I promised to repost
  for you. I won the Grand Prize for this in November in the Vermont Apple
  Bake-Off. Hope you like it. In a large bowl, combine flour and sugar; cut
  in butter using a pastry blender until mixture resembles coarse crumbs.
  Remove 1 cup for topping. To the remaining crumb mixture, add baking
  powder, soda, salt, sour cream, egg and vanilla; blend well. Spread batter
  over the bottom and 2" up the side of a greased and floured 9" springform
  pan (batter should be 1/4" thick on sides). For filling #1, in a small
  bowl, combine cream cheese, sugar, lemon juice and egg; blend well and pour
  over the batter in the pan. To make apple filling, mix all apple
  ingredients together and carefully spoon over the cream cheese filling. In
  a small bowl, combine reserved crumb mixture with the nuts and sprinkle
  over the top. Bake at 350 degrees for 55-60 minutes or until cream cheese
  filling is set and crust is a deep golden brown. Cool 15 minutes then
  remove sides of pan. Cool completely and then drizzle with maple glaze if
  desired. For maple glaze, mix all ingredients together.
  
  Linda in VT FROM: LINDA KARNER (TNXC18B)
  Posted to MC-Recipe Digest V1 #777 by Nancy Berry &lt;nlberry@prodigy.net&gt; on
  Sep 09, 1997
 
</step></directions></recipe></recipeml>
