<?xml version="1.0" encoding="UTF-8"?>

<recipeml version="0.5">
  <recipe>
    <head>
      <title>Apple Crisp #09</title>
      <categories>
        <cat>Dessert</cat></categories>
      <yield>8</yield></head>
    <ingredients>
      <ing>
        <amt>
          <qty>7</qty>
          <unit/></amt>
        <item>Apples; chopped</item></ing>
      <ing>
        <amt>
          <qty>1/4</qty>
          <unit>cups</unit></amt>
        <item>Water</item></ing>
      <ing>
        <amt>
          <qty>1</qty>
          <unit>teaspoon</unit></amt>
        <item>Lemon juice (plastic lemons are fine)</item></ing>
      <ing>
        <amt>
          <qty>3/4</qty>
          <unit>cups</unit></amt>
        <item>Flour</item></ing>
      <ing>
        <amt>
          <qty>1</qty>
          <unit>cup</unit></amt>
        <item>Sugar</item></ing>
      <ing>
        <amt>
          <qty>1/4</qty>
          <unit>teaspoons</unit></amt>
        <item>Salt</item></ing>
      <ing>
        <amt>
          <qty>7</qty>
          <unit>tablespoons</unit></amt>
        <item>Butter</item></ing></ingredients>
    <directions>
      <step>  From: Kristin Satterlee &lt;asg36656@uxa.cso.uiuc.edu&gt;
  
  Date: 16 Nov 1994 10:23:19 -0500
  I never had apple crisp in school in the 60's, but this is an old family
  recipe, and it is very good, and contains no oatmeal. I hope it works for
  you.
  
  Mix water and lemon juice: sprinkle over apples.  Place in large, flat
  baking dish (the more spread out the apples are, the crispier the
  coating--otherwise, the size pan is not terribly important).
  
  Mix the last four ingredients until crumbly.  Spread over apples.  Bake at
      350    degrees 35-40 minutes.
  
  Thanks to Nola Hall.
  
  REC.FOOD.RECIPES ARCHIVES
  
  /DESSERTS
  
  From rec.food.cooking archives.  Downloaded from Glen's MM Recipe Archive,
  http://www.erols.com/hosey.
 
</step></directions></recipe></recipeml>
