<?xml version="1.0" encoding="UTF-8"?>

<recipeml version="0.5">
  <recipe>
    <head>
      <title>Apple Country Chicken (Low-Cal)</title>
      <categories>
        <cat>Poultry</cat></categories>
      <yield>5</yield></head>
    <ingredients>
      <ing>
        <amt>
          <qty>1</qty>
          <unit>teaspoon</unit></amt>
        <item>Curry powder</item></ing>
      <ing>
        <amt>
          <qty>1</qty>
          <unit>large</unit></amt>
        <item>Golden Delicious apple; cored and chopped</item></ing>
      <ing>
        <amt>
          <qty>1</qty>
          <unit>large</unit></amt>
        <item>Yellow onion; finely chopped</item></ing>
      <ing>
        <amt>
          <qty>1</qty>
          <unit>tablespoon</unit></amt>
        <item>Lemon juice</item></ing>
      <ing>
        <amt>
          <qty>4</qty>
          <unit>ounces</unit></amt>
        <item>Mushrooms; sliced</item></ing>
      <ing>
        <amt>
          <qty>1</qty>
          <unit>teaspoon</unit></amt>
        <item>Chicken bouillon</item></ing>
      <ing>
        <amt>
          <qty>2</qty>
          <unit>cups</unit></amt>
        <item>Apple juice or cider</item></ing>
      <ing>
        <amt>
          <qty>3 1/2</qty>
          <unit>pounds</unit></amt>
        <item>Chicken thighs; skinned</item></ing>
      <ing>
        <amt>
          <qty>1</qty>
          <unit>tablespoon</unit></amt>
        <item>Flour</item></ing></ingredients>
    <directions>
      <step>  Date: Sun, 17 Mar 1996 19:57:54 +0000
  
  From: "Mr. &amp; Mrs. Pro and the crew" &lt;D.Pro@coretech.com&gt;
  
  Here are some low-cal recipes!
  
  Place curry powder in a wide frying pan and stir over medium heat until
  slightly darker in color (3-4 minutes). Add apple, yellow onion, lemon
  juice, mushrooms, bouillon, and 1 1/2 C. of the apple juice; bring to a
  boil.
  
  Rinse chicken and pat dry; add to pan. Reduce heat, cover, and simmer until
  meat near bone is no longer pink; cut to test (about 30 minutes). Lift
  chicken from pan; arrange on a warm platter. Keep warm.
  
  Blend flour and remaining 1/2 C. apple juice. Gradually add to sauce in
  pan, stirring; increase heat to high and cook, stirring until sauce is
  thickened. Pour over chicken. The sauce also tastes good poured over baked
  potato or rice. 305 calories 7g fat
  
  MM-RECIPES@IDISCOVER.NET
  
  MEAL-MASTER RECIPES LIST SERVER
  
  MM-RECIPES DIGEST V3 #78
  
  From the MealMaster recipe list.  Downloaded from Glen's MM Recipe Archive,
  http://www.erols.com/hosey.
 
</step></directions></recipe></recipeml>
