<?xml version="1.0" encoding="UTF-8"?>

<recipeml version="0.5">
  <recipe>
    <head>
      <title>Apple Cream Lasagne</title>
      <categories>
        <cat>8</cat>
        <cat>Desserts</cat>
        <cat>Fruits</cat>
        <cat>Italian</cat></categories>
      <yield>8</yield></head>
    <ingredients>
      <ing>
        <amt>
          <qty>9</qty>
          <unit/></amt>
        <item>Oven ready lasagne noodles</item></ing>
      <ing>
        <amt>
          <qty>1/3</qty>
          <unit>cups</unit></amt>
        <item>Butter</item></ing>
      <ing>
        <amt>
          <qty>6</qty>
          <unit/></amt>
        <item>Granny Smith apples-</item></ing>
      <ing>
        <amt>
          <qty/>
          <unit/></amt>
        <item>Peeled,cored and sliced.</item></ing>
      <ing>
        <amt>
          <qty>1/3</qty>
          <unit>cups</unit></amt>
        <item>Packed brown sugar</item></ing>
      <ing>
        <amt>
          <qty>1/2</qty>
          <unit>cups</unit></amt>
        <item>Toasted, chopped pecans</item></ing>
      <ing>
        <amt>
          <qty>2</qty>
          <unit>teaspoons</unit></amt>
        <item>Ground cinnamon</item></ing>
      <ing>
        <amt>
          <qty>1</qty>
          <unit>package</unit></amt>
        <item>Light cream cheese,softened</item></ing>
      <ing>
        <amt>
          <qty>1</qty>
          <unit/></amt>
        <item>Egg</item></ing>
      <ing>
        <amt>
          <qty>1</qty>
          <unit>teaspoon</unit></amt>
        <item>Vanilla</item></ing>
      <ing>
        <amt>
          <qty>1</qty>
          <unit>cup</unit></amt>
        <item>Whipping cream, whipped</item></ing>
      <ing>
        <amt>
          <qty>1/2</qty>
          <unit>cups</unit></amt>
        <item>Fresh breadcrumbs</item></ing>
      <ing>
        <amt>
          <qty>1/4</qty>
          <unit>cups</unit></amt>
        <item>Granulated sugar</item></ing></ingredients>
    <directions>
      <step>  Place noodles in a 11 x 7 inch baking dish, cover with warm water and soak
  20 minutes.  Drain and set aside. Meanwhile, in saucepan, melt 1/4 cup
  butter over medium heat. Add apples, cover and cook 10 minutes, or until
  tender, stirring occasionally.  Remove from heat and stir in 3 tbsp. brown
  sugar, pecans and cinnamon; set aside. Place cream cheese and remaining
  brown sugar in large bowl.  Beat 3 minutes or until light and fluffy. Beat
  in egg and vanilla.  Fold whipped cream into cream cheese mixture in thirds
  and set aside. Melt remaining butter. In small bowl, combine breadcrumbs,
  sugar and melted butter. Spread half of the apple mixture in bottom of same
  baking dish.  Layer with 3 noodles.  Spread with half of cream cheese
  mixture, and layer with 3 more noodles. Spread with remaining apple mixture
  and layer with last three noodles. Top with remaining cream mixture and
  sprinkle with breadcrumb mixture. Bake at 305=F8F for 30 minutes. Let stand
  20 minutes before serving. Makes 8 servings. Source: Primo Family
  Favourites ch.
  Posted to MM-Recipes Digest V3 #282
  
  Date: Mon, 14 Oct 1996 22:46:41 -0400
  
  From: Cindy J Hartlin &lt;chartlin@total.net&gt;
 
</step></directions></recipe></recipeml>
