<?xml version="1.0" encoding="UTF-8"?>

<recipeml version="0.5">
  <recipe>
    <head>
      <title>Apple Cranberry Crisp #2</title>
      <categories>
        <cat>Dessert</cat></categories>
      <yield>4</yield></head>
    <ingredients>
      <ing>
        <amt>
          <qty>2</qty>
          <unit/></amt>
        <item>Large; tart apples, peeled and sliced</item></ing>
      <ing>
        <amt>
          <qty>1/2</qty>
          <unit>cups</unit></amt>
        <item>Cranberries; fresh or frozen</item></ing>
      <ing>
        <amt>
          <qty>3/4</qty>
          <unit>cups</unit></amt>
        <item>Grape-Nuts cereal</item></ing>
      <ing>
        <amt>
          <qty>3/4</qty>
          <unit>cups</unit></amt>
        <item>Rolled oats</item></ing>
      <ing>
        <amt>
          <qty>1/2</qty>
          <unit>teaspoons</unit></amt>
        <item>Cinnamon</item></ing>
      <ing>
        <amt>
          <qty>1/3</qty>
          <unit>cups</unit></amt>
        <item>Brown rice syrup</item></ing>
      <ing>
        <amt>
          <qty>2/3</qty>
          <unit>cups</unit></amt>
        <item>Apple juice</item></ing>
      <ing>
        <amt>
          <qty>1/4</qty>
          <unit>teaspoons</unit></amt>
        <item>Cornstarch or arrowroot</item></ing></ingredients>
    <directions>
      <step>  From: "Annette Fishman" &lt;ybigfish@msn.com&gt;
  
  Date: Wed, 17 Jul 96 15:16:41 UT
  This is in response to the request for a good fatfree cobbler topping.  It
  is actually  a "crisp", not cobbler, recipe (I'm not really sure what the
  difference is), but I think it foots the bill.  The topping is crisp and
  delicious and since this dessert is always a big hit, I'm posting the
  recipe as well. It comes from Neil Barnard's Food for Life. I usually
  increase the ingredients by 50% but use the same size pan.
  
  Preheat the oven to 350 degrees.  Arrange the apple slices in a 9-inch
  square baking dish, then sprinkle with cranberries.  In a bowl, mix the
  Grape-Nuts, rolled oats and cinnamon, then stir in the brown rice syrup.
  Spread evenly over apples.  Mix the apple juice and cornstarc or arrowroot,
  then pour evenly ovser other ingredients.  Bake for 50 minutes or until
  apples are tender.
  
  fatfree digest V96 #198
  
  From the Fatfree Vegetarian recipe list.  Downloaded from Glen's MM Recipe
  Archive, http://www.erols.com/hosey.
 
</step></directions></recipe></recipeml>
