<?xml version="1.0" encoding="UTF-8"?>

<recipeml version="0.5">
  <recipe>
    <head>
      <title>Apple Cobbler #2</title>
      <categories>
        <cat>Dessert</cat></categories>
      <yield>6</yield></head>
    <ingredients>
      <ing>
        <amt>
          <qty>3</qty>
          <unit>tablespoons</unit></amt>
        <item>Butter for sauteing apple</item></ing>
      <ing>
        <amt>
          <qty>2</qty>
          <unit>pounds</unit></amt>
        <item>Cooking apples; cored, peeled and sliced</item></ing>
      <ing>
        <amt>
          <qty>1/2</qty>
          <unit>cups</unit></amt>
        <item>Raisins</item></ing>
      <ing>
        <amt>
          <qty>1 1/4</qty>
          <unit>cups</unit></amt>
        <item>Sugar</item></ing>
      <ing>
        <amt>
          <qty>1/4</qty>
          <unit>teaspoons</unit></amt>
        <item>Cinnamon</item></ing>
      <ing>
        <amt>
          <qty>1/8</qty>
          <unit>teaspoons</unit></amt>
        <item>Nutmeg</item></ing>
      <ing>
        <amt>
          <qty>1/4</qty>
          <unit>pounds</unit></amt>
        <item>Butter; melted</item></ing>
      <ing>
        <amt>
          <qty>1</qty>
          <unit>cup</unit></amt>
        <item>Flour</item></ing>
      <ing>
        <amt>
          <qty>2</qty>
          <unit>teaspoons</unit></amt>
        <item>Baking powder</item></ing>
      <ing>
        <amt>
          <qty>1</qty>
          <unit>teaspoon</unit></amt>
        <item>Salt</item></ing>
      <ing>
        <amt>
          <qty>1/2</qty>
          <unit>cups</unit></amt>
        <item>Milk</item></ing>
      <ing>
        <amt>
          <qty/>
          <unit/></amt>
        <item>Vanilla ice cream or whipped cream; for topping</item></ing></ingredients>
    <directions>
      <step>  SERVES 6-8
  
    We know that the apple seeds brought from England were intended for this
  very dish. Apple cobbler goes back to the time of the Pilgrims, and since
  it is so easy to make you should offer this bit of edible history to your
  family very soon.
  
    Heat a frying pan and add the 3 tablespoons butter. Put the apples and
  raisins in the pan and saut‚ for a few minutes over medium heat until they
  are tender. Add 1/4 cup of the sugar, and the spices. Stir and set aside.
  
    Pour the melted butter into a 7x11x2-inch baking dish. Mix the remaining
  cup of sugar with the flour, baking powder, and salt. Mix well and then
  stir in the milk. Spread this batter on top of the butter.
  
    Pour the apple mixture over the batter and bake in a 350ø oven for about
  50 minutes, or until the crust is golden brown.
  
    Serve this warm, topped with vanilla ice cream or whipped cream.
  
  From &lt;The Frugal Gourmet Cooks American&gt;.  Downloaded from Glen's MM Recipe
  Archive, http://www.erols.com/hosey.
 
</step></directions></recipe></recipeml>
