<?xml version="1.0" encoding="UTF-8"?>

<recipeml version="0.5">
  <recipe>
    <head>
      <title>Apple Coffee Cake</title>
      <categories>
        <cat>American</cat>
        <cat>Breakfast &amp;</cat>
        <cat>Breakfast</cat>
        <cat>Coffee cake</cat></categories>
      <yield>9</yield></head>
    <ingredients>
      <ing>
        <amt>
          <qty>2</qty>
          <unit>cups</unit></amt>
        <item>Flour</item></ing>
      <ing>
        <amt>
          <qty>2/3</qty>
          <unit>cups</unit></amt>
        <item>Sugar</item></ing>
      <ing>
        <amt>
          <qty>2 1/2</qty>
          <unit>teaspoons</unit></amt>
        <item>Baking powder</item></ing>
      <ing>
        <amt>
          <qty>1/2</qty>
          <unit>teaspoons</unit></amt>
        <item>Cinnamon</item></ing>
      <ing>
        <amt>
          <qty>1/4</qty>
          <unit>teaspoons</unit></amt>
        <item>Salt</item></ing>
      <ing>
        <amt>
          <qty>1/4</qty>
          <unit>teaspoons</unit></amt>
        <item>Nutmeg</item></ing>
      <ing>
        <amt>
          <qty>1/2</qty>
          <unit>cups</unit></amt>
        <item>Butter</item></ing>
      <ing>
        <amt>
          <qty>1/2</qty>
          <unit>cups</unit></amt>
        <item>Milk</item></ing>
      <ing>
        <amt>
          <qty>1</qty>
          <unit/></amt>
        <item>Whole egg; beaten</item></ing>
      <ing>
        <amt>
          <qty>2</qty>
          <unit>cups</unit></amt>
        <item>Apple; thin sliced and peel</item></ing></ingredients>
    <directions>
      <step>  Grease 9 x 9 x 2 inch baking pan. Set the pan aside. In a large mixing bowl
  stir together the flour, sugar, baking powder, cinnamon, salt and nutmeg.
  Cut in butter until mixture resembles coarse crumbs. Set dry mixture aside.
  In a medium mixing bowl stir together milk and egg. Add egg mixture all at
  once to dry mixture. Stir just until moistened. Spread half of the batter
  evenly in the prepared pan. Arrange apple slices on top of the batter.
  Dollop remaining batter by small spoonfuls on top of the apple slices. Bake
  in a 350 degree oven about 40 minutes or until a wooden toothpick inserted
  near the center comes out clean. Cool slightly. If desired, make powdered
  sugar icing and drizzle on it. Serve warm. Cover and store leftovers at
  room temperature or in refrigerator for up to 3 days.
  
  Recipe by: Better Homes and Gardens Complete Book of Baking
  
  Posted to TNT - Prodigy's Recipe Exchange Newsletter  by PookyPook@aol.com
  on Nov 8, 1997
 
</step></directions></recipe></recipeml>
