<?xml version="1.0" encoding="UTF-8"?>

<recipeml version="0.5">
  <recipe>
    <head>
      <title>Apple Crisp #05</title>
      <categories>
        <cat>Dessert</cat></categories>
      <yield>4</yield></head>
    <ingredients>
      <ing>
        <amt>
          <qty>6</qty>
          <unit/></amt>
        <item>Apples</item></ing>
      <ing>
        <amt>
          <qty>1/2</qty>
          <unit>cups</unit></amt>
        <item>Whole wheat flour</item></ing>
      <ing>
        <amt>
          <qty>1/2</qty>
          <unit>cups</unit></amt>
        <item>Brown sugar</item></ing>
      <ing>
        <amt>
          <qty>2</qty>
          <unit>teaspoons</unit></amt>
        <item>Ground cinnamon</item></ing>
      <ing>
        <amt>
          <qty>1/2</qty>
          <unit>teaspoons</unit></amt>
        <item>Ground nutmeg</item></ing>
      <ing>
        <amt>
          <qty>1/4</qty>
          <unit>cups</unit></amt>
        <item>Butter</item></ing></ingredients>
    <directions>
      <step>  From: avi@rix.Eng.Sun.COM (Ann Adamcik)
  
  Date: 30 Nov 1993 19:10:58 GMT
  Here's an apple crisp recipe that is very easy, very good, and does not use
  oatmeal as the topping.  Amounts are approximate:
  
  Wash, core, and slice apples.  Arrange in baking dish.  Mix together flour,
  sugar, and spices.  Cut in butter until mixture is crumbly.  Sprinkle flour
  mixture on top of apples.  Cover and bake at 350 degrees for 30 minutes or
  until apples are tender.  Uncover and bake for an additional 10 minutes.
  Serve warm with ice cream or whipped cream.
  
  REC.FOOD.RECIPES ARCHIVES
  
  /DESSERTS
  
  From rec.food.cooking archives.  Downloaded from Glen's MM Recipe Archive,
  http://www.erols.com/hosey.
 
</step></directions></recipe></recipeml>
