<?xml version="1.0" encoding="UTF-8"?>

<recipeml version="0.5">
  <recipe>
    <head>
      <title>Apple Crisp #04</title>
      <categories>
        <cat>Dessert</cat></categories>
      <yield>6</yield></head>
    <ingredients>
      <ing>
        <amt>
          <qty>8</qty>
          <unit>large</unit></amt>
        <item>Apples (golden delicious are good; northern spy are terriffic. or use any apple you would put in a pie.)</item></ing>
      <ing>
        <amt>
          <qty>1/4</qty>
          <unit>cups</unit></amt>
        <item>Honey</item></ing>
      <ing>
        <amt>
          <qty>2</qty>
          <unit>tablespoons</unit></amt>
        <item>Lemon juice</item></ing>
      <ing>
        <amt>
          <qty>1/2</qty>
          <unit>teaspoons</unit></amt>
        <item>Cinnamon</item></ing>
      <ing>
        <amt>
          <qty>1/2</qty>
          <unit>cups</unit></amt>
        <item>Rolled oats</item></ing>
      <ing>
        <amt>
          <qty>1/2</qty>
          <unit>cups</unit></amt>
        <item>Wheat germ</item></ing>
      <ing>
        <amt>
          <qty>1/3</qty>
          <unit>cups</unit></amt>
        <item>Fresh bran</item></ing>
      <ing>
        <amt>
          <qty>1/4</qty>
          <unit>cups</unit></amt>
        <item>Brown rice flour</item></ing>
      <ing>
        <amt>
          <qty>1/4</qty>
          <unit>cups</unit></amt>
        <item>Ground dried dates</item></ing>
      <ing>
        <amt>
          <qty>1/4</qty>
          <unit>cups</unit></amt>
        <item>Oil or melted butter</item></ing></ingredients>
    <directions>
      <step>  From: dmcmenam@mtholyoke.edu (Dianna McMenamin)
  
  Date: 29 Nov 1993 17:06:24 GMT
  I think every apple crisp recipe I've ever seen uses oatmeal, although my
  eleven-year-old made the following recipe and substitued rye meal, and it
  tasted just fine.
  
  The recipe is from "Dollar a Day Cookbook" by Ruth and Bill Kaysing (1977,
  Chronicle Books, San Fransisco). (I also recommend the more complicated
  recipe found in the Moosewood Cookbook.) If you want to simplify this
  recipe further, omit the wheat germ, bran, and rice flour. Instead just add
  more oats, and substitute in some wheat flour.
  
  Wash, core and slice 8 large apples. Mix the honey, lemon juice, and
  cinnamon, and add them to the apples. Toss to mix and coat. Place the
  mixture in a buttered baking dish and add a topping made of the remaining
  ingredients, mixed well and sprinkled over the apples to cover.
  
  Bake in a preheated oven at about 325 degrees for 35 to 45 minutes, or
  until the apples are tender. Remove and see how much cooling time you can
  allow before it's totally devoured by apple bandits. Serves 6 normal
  people, or 2 apple bandits!
  
  REC.FOOD.RECIPES ARCHIVES
  
  /DESSERTS
  
  From rec.food.cooking archives.  Downloaded from Glen's MM Recipe Archive,
  http://www.erols.com/hosey.
 
</step></directions></recipe></recipeml>
