<?xml version="1.0" encoding="UTF-8"?>

<recipeml version="0.5">
  <recipe>
    <head>
      <title>Apple Crumb Cake</title>
      <categories>
        <cat>Cakes</cat>
        <cat>Desserts</cat></categories>
      <yield>2</yield></head>
    <ingredients>
      <ing>
        <amt>
          <qty>1/3</qty>
          <unit>cups</unit></amt>
        <item>Butter</item></ing>
      <ing>
        <amt>
          <qty>4</qty>
          <unit/></amt>
        <item>Granny Smith Apples</item></ing>
      <ing>
        <amt>
          <qty>3/4</qty>
          <unit>cups</unit></amt>
        <item>Sugar</item></ing>
      <ing>
        <amt>
          <qty>1</qty>
          <unit>teaspoon</unit></amt>
        <item>Lemon peel</item></ing>
      <ing>
        <amt>
          <qty>1/2</qty>
          <unit>teaspoons</unit></amt>
        <item>Cinnamon</item></ing>
      <ing>
        <amt>
          <qty>1/8</qty>
          <unit>teaspoons</unit></amt>
        <item>Mace</item></ing>
      <ing>
        <amt>
          <qty>1/3</qty>
          <unit>cups</unit></amt>
        <item>Currants</item></ing>
      <ing>
        <amt>
          <qty>2 1/2</qty>
          <unit>cups</unit></amt>
        <item>Flour</item></ing>
      <ing>
        <amt>
          <qty>3</qty>
          <unit>tablespoons</unit></amt>
        <item>Sugar</item></ing>
      <ing>
        <amt>
          <qty>1/2</qty>
          <unit>teaspoons</unit></amt>
        <item>Salt</item></ing>
      <ing>
        <amt>
          <qty>1</qty>
          <unit>package</unit></amt>
        <item>Active dry yeast</item></ing>
      <ing>
        <amt>
          <qty>3/4</qty>
          <unit>cups</unit></amt>
        <item>Water</item></ing>
      <ing>
        <amt>
          <qty>1/3</qty>
          <unit>cups</unit></amt>
        <item>Butter</item></ing>
      <ing>
        <amt>
          <qty>1</qty>
          <unit/></amt>
        <item>Egg</item></ing>
      <ing>
        <amt>
          <qty>1</qty>
          <unit>teaspoon</unit></amt>
        <item>Lemon peel</item></ing>
      <ing>
        <amt>
          <qty>3/4</qty>
          <unit>cups</unit></amt>
        <item>Chopped pecans</item></ing>
      <ing>
        <amt>
          <qty>6</qty>
          <unit>tablespoons</unit></amt>
        <item>Flour</item></ing>
      <ing>
        <amt>
          <qty>1/4</qty>
          <unit>cups</unit></amt>
        <item>Confectioner's sugar</item></ing>
      <ing>
        <amt>
          <qty>3</qty>
          <unit>tablespoons</unit></amt>
        <item>Butter</item></ing>
      <ing>
        <amt>
          <qty>1/4</qty>
          <unit>teaspoons</unit></amt>
        <item>Cinnamon</item></ing></ingredients>
    <directions>
      <step>  Melt butter in large skillet. Pare,core and slice
  apples to 1/2" pieces. Add apples to butter and cook,
  stirring, 8 minutes until tender. stir in suygar,
  peel, cinnamon, mace andcurrants. Cook 15 minutes,
  stirring until thickened. Cool. In large bowl, combine
  1 cup flour, sugar,salt and yeast. In small saucepan,
  combine water and butter. Heat on low flame until 120
  F Gradually add to dry ingredients. Beat 2 minutes,
  Beat in egg, peel and 3/4 cup flour. With mixer, beat
  2 minutes. Add remianing flour, stir in. Cover, let
  rest 20 minutes. Grease 2 baking sheets. Place half
  the dough on well floured work surface, roll to
  14"x12". Place on sheet. Spread 1/2 filling lenghtwise
  down center of the dough,. Starting about 3/4" for
  filling, cut 1" wide strips diagonally from filling to
  edges of dough. Alternately fold opposite strips of
  dough at angles across filling. Fold ends over
  filling. Brush large piece of waxed paper with
  vegetable oil. Loosely cover sheet. Top with plastic
  wrap. Refrigerate 2 hours. Uncover, let stand at room
  temperatue 10 minutes. Preheat oven to 375 F. Combine
  rest of ingredeints for topping. Sprinkle over loaves.
  Bake 30-25 minutes until lightly browned. Remove from
  sheet. Cool. Preparation time 1 hour. Total time 4
  hours. Formatted for MM7 by Marge Nemeth-GNFK05B When
  I make this, my husband calls me Mrs. Entenmann!!
  
  Converted by MMCONV vers. 1.40
  
  From Gemini's MASSIVE MealMaster collection at www.synapse.com/~gemini
 
</step></directions></recipe></recipeml>
