<?xml version="1.0" encoding="UTF-8"?>

<recipeml version="0.5">
  <recipe>
    <head>
      <title>Apple Cream Pie</title>
      <categories>
        <cat>Desserts</cat>
        <cat>Fruits</cat></categories>
      <yield>8</yield></head>
    <ingredients>
      <ing>
        <amt>
          <qty>1</qty>
          <unit/></amt>
        <item>9 inch pie crust --</item></ing>
      <ing>
        <amt>
          <qty/>
          <unit/></amt>
        <item>Uncooked</item></ing>
      <ing>
        <amt>
          <qty>5</qty>
          <unit>cups</unit></amt>
        <item>Apple -- peeled and sliced</item></ing>
      <ing>
        <amt>
          <qty>1/2</qty>
          <unit>cups</unit></amt>
        <item>Granulated sugar</item></ing>
      <ing>
        <amt>
          <qty>1/2</qty>
          <unit>teaspoons</unit></amt>
        <item>Ground cinnamon</item></ing>
      <ing>
        <amt>
          <qty>1</qty>
          <unit>cup</unit></amt>
        <item>Skim milk</item></ing>
      <ing>
        <amt>
          <qty>1/2</qty>
          <unit>teaspoons</unit></amt>
        <item>Vanilla extract</item></ing>
      <ing>
        <amt>
          <qty>1 1/2</qty>
          <unit>tablespoons</unit></amt>
        <item>Flour</item></ing>
      <ing>
        <amt>
          <qty>1 1/2</qty>
          <unit>tablespoons</unit></amt>
        <item>Cornstarch</item></ing></ingredients>
    <directions>
      <step>  Preheat oven to 400F. Plave the pie shell in a pie plate. Line the thinly
  sliced apples around the pie shell. Place them close together but not on
  top of one another. Beat the sugar, cinnamon, skim milk, and vanilla
  together until there are no lumps. Take 4 Tablespoons of the milk mixture
  and stir into the combined flour and cornstarch to make a paste. Stir the
  paste back into the milk mixture. Pour this mixture over the apples. Bake
  in preheated oven for 45-50 minutes. Serve warm or cold. Serves 8.
  
  Recipe By     : Let Them Eat Cake by Virginia N. White.
  
  From: Ladies Home Journal- August 1991
  
  File ftp://ftp.idiscover.co.uk/pub/food/mealmaster/recipes/mmdja006.zip
 
</step></directions></recipe></recipeml>
