<?xml version="1.0" encoding="UTF-8"?>

<recipeml version="0.5">
  <recipe>
    <head>
      <title>Apple Coffee Cake #2</title>
      <categories>
        <cat>Cake</cat></categories>
      <yield>6</yield></head>
    <ingredients>
      <ing-div>
        <title/>
        <ing>
          <amt>
            <qty>2/3</qty>
            <unit>cups</unit></amt>
          <item>Butter or margarine (room temp)</item></ing>
        <ing>
          <amt>
            <qty>1/3</qty>
            <unit>cups</unit></amt>
          <item>Sugar</item></ing>
        <ing>
          <amt>
            <qty>1/2</qty>
            <unit>cups</unit></amt>
          <item>Sour cream</item></ing>
        <ing>
          <amt>
            <qty>1</qty>
            <unit>teaspoon</unit></amt>
          <item>Vanilla</item></ing>
        <ing>
          <amt>
            <qty>1 1/3</qty>
            <unit>cups</unit></amt>
          <item>Flour</item></ing>
        <ing>
          <amt>
            <qty>2/3</qty>
            <unit>teaspoons</unit></amt>
          <item>Baking soda</item></ing>
        <ing>
          <amt>
            <qty>1/8</qty>
            <unit>teaspoons</unit></amt>
          <item>Salt</item></ing>
        <ing>
          <amt>
            <qty>1</qty>
            <unit/></amt>
          <item>Chopped fresh apple (about a cup)</item></ing>
        <ing>
          <amt>
            <qty>1/3</qty>
            <unit>cups</unit></amt>
          <item>Raisins (optional)</item></ing></ing-div>
      <ing-div>
        <title>TOPPING</title>
        <ing>
          <amt>
            <qty>1/4</qty>
            <unit>cups</unit></amt>
          <item>Flour</item></ing>
        <ing>
          <amt>
            <qty>1/4</qty>
            <unit>cups</unit></amt>
          <item>Brown sugar (firmly packed)</item></ing>
        <ing>
          <amt>
            <qty>2</qty>
            <unit>tablespoons</unit></amt>
          <item>Butter or margarine (room temp)</item></ing>
        <ing>
          <amt>
            <qty>1/2</qty>
            <unit>teaspoons</unit></amt>
          <item>Cinnamon</item></ing></ing-div></ingredients>
    <directions>
      <step>  From: kgeorge@morgan.ucs.mun.ca (Kelly George)
  
  Date: Sat, 9 Oct 1993 21:04:24 GMT
  
  In mixing bowl, cream buter and 1/3 cup sugar until light/fluffy. Beat in
  sour cream, vanilla and egg. Combine the flour, baking soda and salt. Mix
  into creamed mixture. Blend Well. Combine all of the topping ingredients
  until mixture forms coarse crumbs. Spoon half of the batter into a greased
  8inch round cake pan. Sprinkle with apples and raisins and half the topping
  mixture.  Top with remaining batter, sprinkle remaining topping over top of
  the cake.  Bake at 350F for 25-30 minutes. It's best served warm!! Also
  very nice with vanilla ice cream.
  
  REC.FOOD.RECIPES ARCHIVES
  
  /CAKES
  
  From rec.food.cooking archives.  Downloaded from Glen's MM Recipe Archive,
  http://www.erols.com/hosey.
 
</step></directions></recipe></recipeml>
