<?xml version="1.0" encoding="UTF-8"?>

<recipeml version="0.5">
  <recipe>
    <head>
      <title>Apple Cranberry Upside-Down Tart</title>
      <categories>
        <cat>Desserts</cat></categories>
      <yield>1</yield></head>
    <ingredients>
      <ing>
        <amt>
          <qty>2/3</qty>
          <unit>cups</unit></amt>
        <item>Sugar</item></ing>
      <ing>
        <amt>
          <qty>3</qty>
          <unit>tablespoons</unit></amt>
        <item>Water</item></ing>
      <ing>
        <amt>
          <qty>6</qty>
          <unit/></amt>
        <item>Tart apples, peeled, cored, and thinly sliced</item></ing>
      <ing>
        <amt>
          <qty>1</qty>
          <unit>cup</unit></amt>
        <item>Cranberries</item></ing>
      <ing>
        <amt>
          <qty>3</qty>
          <unit>tablespoons</unit></amt>
        <item>Sugar</item></ing>
      <ing>
        <amt>
          <qty>1</qty>
          <unit>tablespoon</unit></amt>
        <item>Butter</item></ing>
      <ing>
        <amt>
          <qty>1</qty>
          <unit/></amt>
        <item>Unbaked pie shell</item></ing></ingredients>
    <directions>
      <step>  Simmer 2/3 cup sugar and 3 Tabsp water in small covered saucepan 5 minutes.
  Uncober and boil until a golden thick carmel. ( You can substitute bottled
  carmel sauce if you want to)  Remove immediately from heat so caramel
  doesn't burn. Pour into 10 inch glass or metal pie plate. Swirl to coat
  bottom.
  
  Overlap one third of the apple slices on the caramel. Top with one third of
  the cranberries and sprinkle with 1 Tbsp of sugar. Repeat twice with
  remaining fruit and sugar, Dot with butter.
  
  Lay pastry loosely over fruit.  Bake at 400 for 30 minutes. Remove to rack
  and cool 5 minutes.  Tilt pie plate over small bowl and pour off any
  accumulated juices. Invert serving plate over pie. Turn both over together.
  
  Lift off pie plate.  Serve tart warm with vanilla ice cream. Submitted By
  RUFUS@MELBPC.ORG.AU  On   TUE, 28 NOV 1995 171617 +1100
  
  From Gemini's MASSIVE MealMaster collection at www.synapse.com/~gemini
 
</step></directions></recipe></recipeml>
