<?xml version="1.0" encoding="UTF-8"?>

<recipeml version="0.5">
  <recipe>
    <head>
      <title>Apple Coffeecake with Cinnamon</title>
      <categories>
        <cat>Cakes</cat>
        <cat>Cheesecakes</cat></categories>
      <yield>1</yield></head>
    <ingredients>
      <ing>
        <amt>
          <qty>1/2</qty>
          <unit>cups</unit></amt>
        <item>+ 2 Tbls. unsalted butter,</item></ing>
      <ing>
        <amt>
          <qty/>
          <unit/></amt>
        <item>Softened</item></ing>
      <ing>
        <amt>
          <qty>3/4</qty>
          <unit>cups</unit></amt>
        <item>Sugar</item></ing>
      <ing>
        <amt>
          <qty>1</qty>
          <unit>teaspoon</unit></amt>
        <item>Cinnamon</item></ing>
      <ing>
        <amt>
          <qty>1</qty>
          <unit>large</unit></amt>
        <item>Egg</item></ing>
      <ing>
        <amt>
          <qty>2</qty>
          <unit>tablespoons</unit></amt>
        <item>Sour cream</item></ing>
      <ing>
        <amt>
          <qty>1</qty>
          <unit>teaspoon</unit></amt>
        <item>Vanilla</item></ing>
      <ing>
        <amt>
          <qty>1</qty>
          <unit>cup</unit></amt>
        <item>Flour</item></ing>
      <ing>
        <amt>
          <qty>1/2</qty>
          <unit>teaspoons</unit></amt>
        <item>Baking powder</item></ing>
      <ing>
        <amt>
          <qty>1/4</qty>
          <unit>teaspoons</unit></amt>
        <item>Baking soda</item></ing>
      <ing>
        <amt>
          <qty>1/8</qty>
          <unit>teaspoons</unit></amt>
        <item>Salt</item></ing>
      <ing>
        <amt>
          <qty>2</qty>
          <unit>large</unit></amt>
        <item>(or 3 medium) tart apples</item></ing>
      <ing>
        <amt>
          <qty/>
          <unit/></amt>
        <item>(Jonathan, Northern Spy or</item></ing>
      <ing>
        <amt>
          <qty/>
          <unit/></amt>
        <item>Granny Smith) peeled, thinly</item></ing>
      <ing>
        <amt>
          <qty/>
          <unit/></amt>
        <item>Sliced</item></ing></ingredients>
    <directions>
      <step>  Put rack in center of oven &amp; heat to 350. Butter 9" springform pan.
  Mix 1/2 cup butter with 1/2 cup sugar, 1/2 tsp. cinnamon, egg, sour
  cream &amp; vanilla with mixer or metal blade of food processor until
  smooth &amp; light. Add flour, baking powder, baking soda &amp; salt &amp; mix
  just until combined. Transfer batter to pan.  Smooth out with
  spatula. Arrange apple slices, overlapping, in a circle around outer
  edge, filling in center with slices tucked attractively into place to
  cover batter. Dot with remaining butter. Combine remaining 1/4 cup
  sugar &amp; 1/2 tsp. cinnamon. Sprinkle over apples. Bake until well
  browned &amp; wooden pick inserted into center comes out clean, about 1
  hour. Cool in pan for 10 minutes. Use knife to loosen cake from sides
  of pan &amp; remove sides of pan. Serve warm. Can be made a day ahead &amp;
  refrigerated once it is completely cooled, uncovered.  Reheat,
  uncovered, in 350 oven until barely warm, not hot, about 10 minutes.
  
  File ftp://ftp.idiscover.co.uk/pub/food/mealmaster/recipes/mmkah001.zip
 
</step></directions></recipe></recipeml>
