<?xml version="1.0" encoding="UTF-8"?>

<recipeml version="0.5">
  <recipe>
    <head>
      <title>Asparagus with Sweet Pepper-Walnut Sauce</title>
      <categories>
        <cat>None</cat></categories>
      <yield>4</yield></head>
    <ingredients>
      <ing>
        <amt>
          <qty>2</qty>
          <unit>tablespoons</unit></amt>
        <item>Walnut or vegetable oil</item></ing>
      <ing>
        <amt>
          <qty>1/2</qty>
          <unit>cups</unit></amt>
        <item>Roasted red bell peppers; chopped (from, 7.25-oz. jar)</item></ing>
      <ing>
        <amt>
          <qty>1/4</qty>
          <unit>cups</unit></amt>
        <item>Chopped walnuts</item></ing>
      <ing>
        <amt>
          <qty>1</qty>
          <unit>small</unit></amt>
        <item>Garlic clove; minced</item></ing>
      <ing>
        <amt>
          <qty>1</qty>
          <unit>can</unit></amt>
        <item>(15 oz.) Green Giant Extra LongTender Green Asparagus spears; drained</item></ing>
      <ing>
        <amt>
          <qty>1</qty>
          <unit>dash</unit></amt>
        <item>Salt</item></ing>
      <ing>
        <amt>
          <qty>1</qty>
          <unit>dash</unit></amt>
        <item>Pepper</item></ing></ingredients>
    <directions>
      <step>  Heat oil in medium skillet over medium-high heat until hot. Add roasted
  bell peppers, walnuts and garlic; cook and stir 1 1/2 to 2 minutes or until
  thoroughly heated.
  
  Carefully drain asparagus; place on paper towels and pat dry. Arrange
  asparagus in serving dish. Spoon warm roasted bell pepper mixture over
  asparagus. Sprinkle with salt and pepper.
  
  Prep Time: 10 minutes
  
  Busted by KellyB kelly@hci.net 3/38/98
  
  Recipe by: Copyright 1998 The Pillsbury Company
  
  Posted to recipelu-digest by Kelly &lt;kelly@hci.net&gt; on Mar 28, 1998
 
</step></directions></recipe></recipeml>
