<?xml version="1.0" encoding="UTF-8"?>

<recipeml version="0.5">
  <recipe>
    <head>
      <title>Asparagus with Rice</title>
      <categories>
        <cat>Vegetables</cat>
        <cat>Rice</cat></categories>
      <yield>4</yield></head>
    <ingredients>
      <ing>
        <amt>
          <qty>2 1/4</qty>
          <unit>pounds</unit></amt>
        <item>Asparagus</item></ing>
      <ing>
        <amt>
          <qty>1</qty>
          <unit/></amt>
        <item>Onion</item></ing>
      <ing>
        <amt>
          <qty>1/4</qty>
          <unit>cups</unit></amt>
        <item>Butter</item></ing>
      <ing>
        <amt>
          <qty>1 1/4</qty>
          <unit>cups</unit></amt>
        <item>Arborio rice</item></ing>
      <ing>
        <amt>
          <qty>1/2</qty>
          <unit>cups</unit></amt>
        <item>Dry white wine</item></ing>
      <ing>
        <amt>
          <qty>1</qty>
          <unit/></amt>
        <item>Bouillon cube</item></ing>
      <ing>
        <amt>
          <qty>1/2</qty>
          <unit>teaspoons</unit></amt>
        <item>Meat extract</item></ing>
      <ing>
        <amt>
          <qty/>
          <unit/></amt>
        <item>Salt</item></ing>
      <ing>
        <amt>
          <qty/>
          <unit/></amt>
        <item>Freshly ground pepper</item></ing>
      <ing>
        <amt>
          <qty/>
          <unit/></amt>
        <item>Grated Parmesan cheese</item></ing>
      <ing>
        <amt>
          <qty>1</qty>
          <unit>tablespoon</unit></amt>
        <item>Butter</item></ing></ingredients>
    <directions>
      <step>  Contributed to the echo by: Vincent Mcguire Asparagus with Rice
  
  Soak and rinse the asparagus. Cut off the tips and put aside. Boil the
  stalks in lightly salted water. When tender, press the stalks through a
  sieve and return the pulp to the cooking water. Keep hot. Finely chop the
  onioin. Melt the butter in a saucepan and gently fry the onion and the
  asperagus tips for a few minutes. Add the rice, mixing and turning with a
  wooden spoon until the grains are coated in the fat. Pour the wine over the
  rice, raise the heat and boil briskly until the wine has evaporated. Dilute
  the bouillon cube and the meat extract in the hot asperagus water. Add a
  little of the liquid to the rice, lower the heat, stir and add more liquid
  as it reduces, until the rice is al dente. Adjust the seasoning if
  necessary, glaze the rice with 1 tbsp butter and add the grated cheese.
  Stir well and serve immediately.
  
  From Gemini's MASSIVE MealMaster collection at www.synapse.com/~gemini
 
</step></directions></recipe></recipeml>
