<?xml version="1.0" encoding="UTF-8"?>

<recipeml version="0.5">
  <recipe>
    <head>
      <title>Asparagus with Olive Oil and Lemon</title>
      <categories>
        <cat>None</cat></categories>
      <yield>12</yield></head>
    <ingredients>
      <ing>
        <amt>
          <qty>3</qty>
          <unit>pounds</unit></amt>
        <item>Asparagus; ends trimmed</item></ing>
      <ing>
        <amt>
          <qty>1/3</qty>
          <unit>cups</unit></amt>
        <item>Olive oil; (12 oz)</item></ing>
      <ing>
        <amt>
          <qty>3</qty>
          <unit>tablespoons</unit></amt>
        <item>Fresh lemon juice</item></ing></ingredients>
    <directions>
      <step>  Cook asparagus in large pot of boiling salted water until crisp-tender,
  about 4 minutes. Drain; rinse with cold water and drain again. Pat dry.
  (Can be made 1 day ahead. Cover and refrigerate.)
  
  Heat oil in heavy large pot over medium-high heat. Add asparagus to pot.
  Stir until heated through and coated with oil, about 5 minutes. Drizzle
  with lemon juice. Season to taste with salt and pepper. Arrange asparagus
  on platter.
  
  Printed in Bon Appetit April 1998
  
  Typed and Busted by Carriej999@AOL.com 4/98
  
  Recipe by: Patti Shapiro, Kansas City
  
  Posted to MC-Recipe Digest by Carriej999 &lt;Carriej999@aol.com&gt; on Apr 6,
  1998
 
</step></directions></recipe></recipeml>
