<?xml version="1.0" encoding="UTF-8"?>

<recipeml version="0.5">
  <recipe>
    <head>
      <title>Asparagus Wrap</title>
      <categories>
        <cat>Appetizer</cat></categories>
      <yield>10</yield></head>
    <ingredients>
      <ing>
        <amt>
          <qty>10</qty>
          <unit/></amt>
        <item>Asparagus Spears</item></ing>
      <ing>
        <amt>
          <qty>2</qty>
          <unit>tablespoons</unit></amt>
        <item>Dijon Mustard</item></ing>
      <ing>
        <amt>
          <qty>1</qty>
          <unit>tablespoon</unit></amt>
        <item>Reduced-Calorie Mayonnaise</item></ing>
      <ing>
        <amt>
          <qty>10</qty>
          <unit>slices</unit></amt>
        <item>Bologna (large)</item></ing></ingredients>
    <directions>
      <step>  Trim the bottom end of the asparagus and blanch with boiling water.
  
  Blend the mustard and mayonnaise in a small bowl.  Divide and spread the
  mustard mixture evenly on the large bologna slices.  Wrap one asparagus
  spear in each bologna slice. Place the slices in a single layer on a round
  microwave platter or plate.  Cover lightly with paper towels.
  
  With the microwave on MEDIUM, cook for 1 minute or until hot; rotate the
  plate one-half turn after 30 seconds.
  
  One Serving: Calories: 86 Carbohydrates: 2  Exchange: 1 high-fat meat
  Source: Diabetic Microwave Cookbook, by Mary Jane Finsand Sterling
  Publishing (1989), ISBN 0-8069-6957-1, ISBN 0-8069-6960-1 (pbk.) Shared by:
  Norman R. Brown
  
  Date: Sun, 16 Jun 1996 15:00:49 -0700
  
  From: Gerald Edgerton &lt;jerrye@wizard.com&gt;
  
  MC-Recipe Digest V1 #120
  
  From the MasterCook recipe list.  Downloaded from Glen's MM Recipe Archive,
  http://www.erols.com/hosey.
 
</step></directions></recipe></recipeml>
