<?xml version="1.0" encoding="UTF-8"?>

<recipeml version="0.5">
  <recipe>
    <head>
      <title>Asparagus with Red Pepper Sauce</title>
      <categories>
        <cat>Diabetic</cat>
        <cat>Side dishes</cat>
        <cat>Vegetables</cat></categories>
      <yield>4</yield></head>
    <ingredients>
      <ing>
        <amt>
          <qty>1</qty>
          <unit>pound</unit></amt>
        <item>Asparagus Stalks;</item></ing>
      <ing>
        <amt>
          <qty>3</qty>
          <unit>large</unit></amt>
        <item>Large Red Peppers</item></ing>
      <ing>
        <amt>
          <qty>3 1/2</qty>
          <unit>tablespoons</unit></amt>
        <item>Olive Oil</item></ing>
      <ing>
        <amt>
          <qty>1</qty>
          <unit>tablespoon</unit></amt>
        <item>Balsamic Vinegar</item></ing>
      <ing>
        <amt>
          <qty/>
          <unit/></amt>
        <item>(you might want to try</item></ing>
      <ing>
        <amt>
          <qty/>
          <unit/></amt>
        <item>Rice vingegar)</item></ing>
      <ing>
        <amt>
          <qty>1/2</qty>
          <unit>teaspoons</unit></amt>
        <item>Fresh Thyme Leaves</item></ing>
      <ing>
        <amt>
          <qty/>
          <unit/></amt>
        <item>Salt &amp; Pepper</item></ing></ingredients>
    <directions>
      <step>  Peel the asparagus if necessary and cook the stalks in lightly salted
  water for 4 to 8 minutes, depending on thickness, or until fork
  tender but stiil firm. Drain under cold water and set the stalks
  aside. Broil the peppers on all sides until lightly scorched. Place
  the cooked peppers in a paper bag for 10 minutes. Remove the peppers
  and peel off the skin. Cut open the peppers and remove the stem,
  seeds and white flesh. Puree the peppers in the food processor. Mix
  in the olive oil, Balsamic Vinegar and thyme. Taste for seasoning and
  add salt and pepper if desired. Place equal amount of the puree on 4
  serving dishes. Top with equal amounts of asparagus.
  Food Exchange per serving: 1 VEGETABLE EXCHANGE + 1 FAT EXCHANGE
  (I would cut back even more on the fat, only using what is
  neccesary...)
  
  Reposted 4 you and yours via Nancy O'Brion and her Meal-Master
  
  File ftp://ftp.idiscover.co.uk/pub/food/mealmaster/recipes/diabetic.zip
 
</step></directions></recipe></recipeml>
