<?xml version="1.0" encoding="UTF-8"?>

<recipeml version="0.5">
  <recipe>
    <head>
      <title>Asparagus "A la Flamande" (With Butter and Parsley Sauce)</title>
      <categories>
        <cat>Starters</cat></categories>
      <yield>6</yield></head>
    <ingredients>
      <ing>
        <amt>
          <qty>3 1/2</qty>
          <unit>pounds</unit></amt>
        <item>Asparagus -- white, trimmed</item></ing>
      <ing>
        <amt>
          <qty>3</qty>
          <unit>tablespoons</unit></amt>
        <item>Butter</item></ing>
      <ing>
        <amt>
          <qty>3</qty>
          <unit>tablespoons</unit></amt>
        <item>Water</item></ing>
      <ing>
        <amt>
          <qty>1/2</qty>
          <unit/></amt>
        <item>Lemon -- juiced</item></ing>
      <ing>
        <amt>
          <qty/>
          <unit/></amt>
        <item>Salt, pepper</item></ing>
      <ing>
        <amt>
          <qty/>
          <unit/></amt>
        <item>Nutmeg</item></ing>
      <ing>
        <amt>
          <qty>1/2</qty>
          <unit>bunches</unit></amt>
        <item>Italian parsley -- chopped</item></ing></ingredients>
    <directions>
      <step>  1. Boil the asparagus during 12 - 18 min. depending on their size. Drain.
  
  2. Melt the butter with the water and the lemon juice. Season with salt,
  pepper and nutmeg. Add the parsley.
  
  3. Serve the asparagus on individual plates with 1 tbsp sauce. Serve the
  remaining sauce in a sauceboat.
  
  Recipe By     : Marie-Claire
  
  File ftp://ftp.idiscover.co.uk/pub/food/mealmaster/recipes/mmdja006.zip
 
</step></directions></recipe></recipeml>
