<?xml version="1.0" encoding="UTF-8"?>

<recipeml version="0.5">
  <recipe>
    <head>
      <title>Aspargus in Anchovy Sauce</title>
      <categories>
        <cat>None</cat></categories>
      <yield>1</yield></head>
    <ingredients>
      <ing>
        <amt>
          <qty>3/4</qty>
          <unit>cups</unit></amt>
        <item>Water</item></ing>
      <ing>
        <amt>
          <qty>3/4</qty>
          <unit/></amt>
        <item>Tspoon salt; divided</item></ing>
      <ing>
        <amt>
          <qty>2</qty>
          <unit>packages</unit></amt>
        <item>(8-10 oz) frozen aspargus spears</item></ing>
      <ing>
        <amt>
          <qty>1</qty>
          <unit>cup</unit></amt>
        <item>Oil</item></ing>
      <ing>
        <amt>
          <qty>2</qty>
          <unit>tablespoons</unit></amt>
        <item>Lemon juice</item></ing>
      <ing>
        <amt>
          <qty>1</qty>
          <unit>tablespoon</unit></amt>
        <item>Anchovy paste</item></ing>
      <ing>
        <amt>
          <qty>1</qty>
          <unit>teaspoon</unit></amt>
        <item>Onion powder</item></ing>
      <ing>
        <amt>
          <qty>1/4</qty>
          <unit>tablespoons</unit></amt>
        <item>Garlic powder</item></ing></ingredients>
    <directions>
      <step>  Recipe By : Iara Lewin
  
  Combine water and 1/2 tspoon salt in large saucepan. Heat to boiling.Add
  aspargus. Return to boiling.Cover. Reduce heat to moderate. Cook 3 to 4
  min.Drain. Spread aspargus in shallow baking dish. Blend remaining
  ingredients and remaining 1/4 tspoon salt in small mixing bowl. Pour over
  aspargus. Cover and refrigerate 3 to 4 hours, stirring periodically. Serve
  chilled or at room temperature.
  
  Posted to JEWISH-FOOD digest Volume 98 #023 by BNLImp &lt;BNLImp@aol.com&gt; on
  Jan 12, 1998
 
</step></directions></recipe></recipeml>
