<?xml version="1.0" encoding="UTF-8"?>

<recipeml version="0.5">
  <recipe>
    <head>
      <title>Asparagus with Sesame Citrus Sauce</title>
      <categories>
        <cat>Vegetable</cat></categories>
      <yield>4</yield></head>
    <ingredients>
      <ing>
        <amt>
          <qty>3/4</qty>
          <unit>pounds</unit></amt>
        <item>Asparagus spears</item></ing>
      <ing>
        <amt>
          <qty>1</qty>
          <unit>tablespoon</unit></amt>
        <item>Butter or margarine</item></ing>
      <ing>
        <amt>
          <qty>1</qty>
          <unit>tablespoon</unit></amt>
        <item>Sesame seeds</item></ing>
      <ing>
        <amt>
          <qty>1</qty>
          <unit>tablespoon</unit></amt>
        <item>Fresh orange juice</item></ing>
      <ing>
        <amt>
          <qty>1</qty>
          <unit>teaspoon</unit></amt>
        <item>Fresh lemon juice</item></ing>
      <ing>
        <amt>
          <qty>1</qty>
          <unit>teaspoon</unit></amt>
        <item>Sesame oil</item></ing></ingredients>
    <directions>
      <step>  Recipe by: adapted from BH&amp;G, New CookBook 1993. From: PatH
  &lt;phannema@wizard.ucr.edu&gt;
  
  Date: Thu, 9 May 1996 15:05:54 -0700 (PDT)
  Prepare the asparagus.  Snap off bases of spears and discard.  Cut into
  1-inch pieces.  Bring a small abount of salted water to boil in a saucepan;
  add asparagus and cook 6 to 8 minutes or until crisp-tender.  (Micro-zap
  about 5 minutes.) Arrest cooking by rinsing in cold water. Drain. Set
  aside.
  
  Prepare sauce by pre-measuring and having ingredients available.  Melt
  butter in saucepan.  Add seeds and cook, stirring 2 to 3 minutes over
  moderate heat, until browned. Add lemon juice, orange juice, then oil, in
  that order, stirring. Taste. Salt only if too bitter.
  
  Add asparagus to sauce, and toss until coated.  Heat through.  Serve hot.
  
  MC-RECIPE@MASTERCOOK.COM
  
  MASTERCOOK RECIPES LIST SERVER
  
  MC-RECIPE DIGEST V1 #78
  
  From the MasterCook recipe list.  Downloaded from Glen's MM Recipe Archive,
  http://www.erols.com/hosey.
 
</step></directions></recipe></recipeml>
