<?xml version="1.0" encoding="UTF-8"?>

<recipeml version="0.5">
  <recipe>
    <head>
      <title>Asparagus W/ Cashews</title>
      <categories>
        <cat>Vegetables</cat>
        <cat>Side dish</cat></categories>
      <yield>6</yield></head>
    <ingredients>
      <ing>
        <amt>
          <qty/>
          <unit/></amt>
        <item>ELAINE RADIS-----</item></ing>
      <ing>
        <amt>
          <qty>1 1/2</qty>
          <unit>pounds</unit></amt>
        <item>Asparagus</item></ing>
      <ing>
        <amt>
          <qty>2</qty>
          <unit>tablespoons</unit></amt>
        <item>Olive oil</item></ing>
      <ing>
        <amt>
          <qty>2</qty>
          <unit>teaspoons</unit></amt>
        <item>Sesame oil</item></ing>
      <ing>
        <amt>
          <qty>1</qty>
          <unit>tablespoon</unit></amt>
        <item>Fresh ginger root -- fine</item></ing>
      <ing>
        <amt>
          <qty/>
          <unit/></amt>
        <item>Chop</item></ing>
      <ing>
        <amt>
          <qty>1/2</qty>
          <unit>cups</unit></amt>
        <item>Roasted cashews</item></ing>
      <ing>
        <amt>
          <qty/>
          <unit/></amt>
        <item>Coarsely chopped</item></ing>
      <ing>
        <amt>
          <qty>1</qty>
          <unit>tablespoon</unit></amt>
        <item>Soy sauce</item></ing></ingredients>
    <directions>
      <step>  1. Cut off the tough lower stems of the asparagus and discard. Cut each
  stalk diagonally into 3 or 3 pieces. 2. Heat the oils together in a wok
  over high heat. Add the ginger and stir-fry for one minute. 3. Add the
  asparagus and stir-fry until tender but still crisp...4 to 5 minutes. 4
  Stir in the cashews and soy sauce. Serve immediately.
  
  Recipe By     :
  
  File ftp://ftp.idiscover.co.uk/pub/food/mealmaster/recipes/mmdja006.zip
 
</step></directions></recipe></recipeml>
