<?xml version="1.0" encoding="UTF-8"?>

<recipeml version="0.5">
  <recipe>
    <head>
      <title>Asparagus W/sesame Butter</title>
      <categories>
        <cat>Side dish</cat>
        <cat>Vegetables</cat></categories>
      <yield>6</yield></head>
    <ingredients>
      <ing>
        <amt>
          <qty>2</qty>
          <unit>pounds</unit></amt>
        <item>Fresh asparagus</item></ing>
      <ing>
        <amt>
          <qty>1</qty>
          <unit>cup</unit></amt>
        <item>Boiling water</item></ing>
      <ing>
        <amt>
          <qty>1/2</qty>
          <unit>teaspoons</unit></amt>
        <item>Salt</item></ing>
      <ing>
        <amt>
          <qty>1</qty>
          <unit>tablespoon</unit></amt>
        <item>Cornstarch</item></ing>
      <ing>
        <amt>
          <qty>1/4</qty>
          <unit>cups</unit></amt>
        <item>Cold water</item></ing>
      <ing>
        <amt>
          <qty>1/4</qty>
          <unit>cups</unit></amt>
        <item>Butter or margarine</item></ing>
      <ing>
        <amt>
          <qty>3</qty>
          <unit>tablespoons</unit></amt>
        <item>Sesame seeds, toasted</item></ing></ingredients>
    <directions>
      <step>  Place asparagus spears in a large skillet; add boiling water and salt. Cook
  for 5-7 minutes or until tender. Remove asparagus and keep warm. Drain
  cooking liquid, reserving 1/2 cup in a small saucepan. Combine cornstarch
  and cold water; stir into liquid. Cook and stir over medium heat until
  thickened and bubbly; cook and stir 1 minute more. Stir in butter until
  melted. Spoon over asparagus and sprinkle with sesame seeds. Serve
  immediately.  Yield: 6-8 servings.  Typed in MMFormat by cjhartlin@msn.com
  Source: Homemaker Schools Recipe Collection Spring 98
  Posted to MM-Recipes Digest  by "Cindy Hartlin" &lt;cjhartlin@email.msn.com&gt;
  on Apr 3, 1998
 
</step></directions></recipe></recipeml>
