<?xml version="1.0" encoding="UTF-8"?>

<recipeml version="0.5">
  <recipe>
    <head>
      <title>Assam Spicy Shrimp</title>
      <categories>
        <cat>Fish</cat>
        <cat>Main dish</cat></categories>
      <yield>6</yield></head>
    <ingredients>
      <ing>
        <amt>
          <qty>1 1/2</qty>
          <unit>cups</unit></amt>
        <item>Water</item></ing>
      <ing>
        <amt>
          <qty>2</qty>
          <unit>pounds</unit></amt>
        <item>Headless shrimp</item></ing>
      <ing>
        <amt>
          <qty>1</qty>
          <unit>tablespoon</unit></amt>
        <item>Oyster sauce</item></ing>
      <ing>
        <amt>
          <qty>1/2</qty>
          <unit>teaspoons</unit></amt>
        <item>Hot chili sauce</item></ing>
      <ing>
        <amt>
          <qty>6</qty>
          <unit>ounces</unit></amt>
        <item>Tamarind cooking-----------</item></ing>
      <ing>
        <amt>
          <qty>3</qty>
          <unit>ounces</unit></amt>
        <item>Young ginger root</item></ing>
      <ing>
        <amt>
          <qty>4</qty>
          <unit/></amt>
        <item>Large garlic cloves</item></ing>
      <ing>
        <amt>
          <qty>1</qty>
          <unit>teaspoon</unit></amt>
        <item>Blachan</item></ing>
      <ing>
        <amt>
          <qty>2</qty>
          <unit/></amt>
        <item>Small red onions</item></ing>
      <ing>
        <amt>
          <qty>3</qty>
          <unit>tablespoons</unit></amt>
        <item>Oyster sauce</item></ing>
      <ing>
        <amt>
          <qty>1</qty>
          <unit>tablespoon</unit></amt>
        <item>Dark soya sauce</item></ing>
      <ing>
        <amt>
          <qty>1</qty>
          <unit>tablespoon</unit></amt>
        <item>Hot chili sauce</item></ing>
      <ing>
        <amt>
          <qty>3</qty>
          <unit>tablespoons</unit></amt>
        <item>Oil</item></ing>
      <ing>
        <amt>
          <qty>1/4</qty>
          <unit>cups</unit></amt>
        <item>Packed brown sugar</item></ing></ingredients>
    <directions>
      <step>  MARINATING:  Break tamarind apart, place in a small saucepan with water.
  Simmer, covered, for about 10 minutes or until pasty coating separates from
  seeds. Press through a sieve or food mill to extract all pulp and soupy
  liquid.  Discard seeds.  Rinse shrimps thoroughly, pat dry and marinate fro
  1 hour with 1 tablespoon of this tamarind liquid, the oyster sauce and hot
  chili sauce. COOKING:  Meanwhile, cut young ginger into toothpick-sized
  slivers.  If using mature ginger, peel and sliver. Peel and sliver garlic.
  Place blachan in a non-stick pan and heat gently fro 3 to 4 minutes to
  develop the flavors.  Pell and cut red onions into wedges. Combine oyster,
  soy and chili sauces with blachan; stir into remaining tamarind liquid.
  Heat a large wok over high heat.  When a drop of water sizzles immediately
  into steam pour in 2 tablespoons of the oil. Swirl up sides of wok, and
  when just at smoking point, dump in ginger and garlic. Stir fry until
  golden, about 3 to 4 minutes.  Adding more oil as needed, stir frey shrimp
  in batches until orange red, about 3 minutes. Pour sauces over all the
  shrimp in the wok and cook at a brisk bubble over high heat until shrimps
  are aromatic and sauces have reduced and thickened to enrobe the shells,
  about 8 minutes. Mix in sugar and onion wedges, taste to adjust seasoning,
  sweetening and spiciness.  Makes plenty for 6 as a principal dish with
  rice, enough for 8 with other dishes.
  
  From Gemini's MASSIVE MealMaster collection at www.synapse.com/~gemini
 
</step></directions></recipe></recipeml>
