<?xml version="1.0" encoding="UTF-8"?>

<recipeml version="0.5">
  <recipe>
    <head>
      <title>Assorted Relish</title>
      <categories>
        <cat/></categories>
      <yield>100</yield></head>
    <ingredients>
      <ing>
        <amt>
          <qty>5</qty>
          <unit>pounds</unit></amt>
        <item>ONION GREEN FRESH</item></ing>
      <ing>
        <amt>
          <qty>7</qty>
          <unit>pounds</unit></amt>
        <item>TOMATOES FRESH</item></ing>
      <ing>
        <amt>
          <qty>3</qty>
          <unit>pounds</unit></amt>
        <item>PEPPER SWT GRN FRESH</item></ing></ingredients>
    <directions>
      <step>  Recipe Number: X41502
  
  SERVING SIZE: 1 TABLESPO
  
  From the &lt;Army Master Recipe Index File&gt; (actually used today!).
  Downloaded from Glen's MM Recipe Archive, http://www.erols.com/hosey.
 
</step></directions></recipe></recipeml>
