<?xml version="1.0" encoding="UTF-8"?>

<recipeml version="0.5">
  <recipe>
    <head>
      <title>Assorted Vegetables in a Clear Sauce</title>
      <categories>
        <cat>Chinese</cat>
        <cat>Seafood</cat></categories>
      <yield>4</yield></head>
    <ingredients>
      <ing>
        <amt>
          <qty>2</qty>
          <unit>medium</unit></amt>
        <item>Turnips</item></ing>
      <ing>
        <amt>
          <qty>2</qty>
          <unit>small</unit></amt>
        <item>Carrots</item></ing>
      <ing>
        <amt>
          <qty>4</qty>
          <unit/></amt>
        <item>Green onions</item></ing>
      <ing>
        <amt>
          <qty>3</qty>
          <unit/></amt>
        <item>Fresh asparagus spears</item></ing>
      <ing>
        <amt>
          <qty>1/2</qty>
          <unit>cups</unit></amt>
        <item>Button mushrooms</item></ing>
      <ing>
        <amt>
          <qty>1/2</qty>
          <unit>cups</unit></amt>
        <item>Peeled straw mushrooms</item></ing>
      <ing>
        <amt>
          <qty>8</qty>
          <unit/></amt>
        <item>Baby sweet corn</item></ing>
      <ing>
        <amt>
          <qty>8</qty>
          <unit/></amt>
        <item>Water chestnuts</item></ing>
      <ing>
        <amt>
          <qty>1/2</qty>
          <unit>teaspoons</unit></amt>
        <item>Fresh ginger root</item></ing>
      <ing>
        <amt>
          <qty>1</qty>
          <unit>tablespoon</unit></amt>
        <item>Tientsin preserved</item></ing>
      <ing>
        <amt>
          <qty/>
          <unit/></amt>
        <item>Vegetable</item></ing>
      <ing>
        <amt>
          <qty>2</qty>
          <unit>tablespoons</unit></amt>
        <item>Peanut oil</item></ing>
      <ing>
        <amt>
          <qty>2</qty>
          <unit>cups</unit></amt>
        <item>Chicken stock</item></ing>
      <ing>
        <amt>
          <qty>1</qty>
          <unit>teaspoon</unit></amt>
        <item>Salt</item></ing>
      <ing>
        <amt>
          <qty>1</qty>
          <unit>pinch</unit></amt>
        <item>Sugar</item></ing>
      <ing>
        <amt>
          <qty/>
          <unit/></amt>
        <item>Cornstarch paste</item></ing>
      <ing>
        <amt>
          <qty>1</qty>
          <unit>tablespoon</unit></amt>
        <item>Chicken fat</item></ing>
      <ing>
        <amt>
          <qty>1/2</qty>
          <unit>cups</unit></amt>
        <item>Crab meat or shelled</item></ing>
      <ing>
        <amt>
          <qty/>
          <unit/></amt>
        <item>Shrimp (opt)</item></ing></ingredients>
    <directions>
      <step>  Preparation:  Peel turnips &amp; carrots. Use melon scoop to cut turnips into
  large balls.  Slice carrots 1/2" thick; then with paring knife, cut 4
  evenly spaced notches into rim of each slice (don't cut into center core).
  Carrots should look like little flowers. Parboil turnip &amp; carrots in stock
  until barely tender. Remove from stock &amp; plunge pieces into cold water;
  drain. Cut onions, asparagus &amp; baby corn into 1 1/2" pieces. Mince together
  fresh ginger root &amp; Tientsin preserved vegetable. Insmall pot or beaker on
  medium heat, render pieces of chicken fat.
  
  Stir-frying:  Add peanut oil to hot wok.   When it begins to smoke, briskly
  fry crab meat or shrimp for 1 minute. Add asparagus, baby corn, mushrooms &amp;
  water chestnuts, stir-frying until they are hot. Add ginger mixture, then
  onions.  Stir-fry another 30 seconds. Add 1/2 stock, salt &amp; sugar; bring to
  boil. Add turnips &amp; carrots. Cover &amp; reduce heat; simmer for 5 minutes.
  Uncover, push ingredients out of liquid, &amp; dribble in cornstarch paste to
  thicken slightly.  Stir liquid to prevent lumping while it thickens to a
  thick soup. Recombine, then mix in chicken oil. Remove to serving platter.
  
  From Gemini's MASSIVE MealMaster collection at www.synapse.com/~gemini
 
</step></directions></recipe></recipeml>
