<?xml version="1.0" encoding="UTF-8"?>

<recipeml version="0.5">
  <recipe>
    <head>
      <title>Assorted Sizzling Rice Soup</title>
      <categories>
        <cat>Soups</cat>
        <cat>Rice</cat></categories>
      <yield>4</yield></head>
    <ingredients>
      <ing>
        <amt>
          <qty>3</qty>
          <unit>ounces</unit></amt>
        <item>BABY SHRIMP</item></ing>
      <ing>
        <amt>
          <qty>3</qty>
          <unit>ounces</unit></amt>
        <item>BONELESS CHICKEN, DICED</item></ing>
      <ing>
        <amt>
          <qty>1</qty>
          <unit/></amt>
        <item>EGG</item></ing>
      <ing>
        <amt>
          <qty>4</qty>
          <unit>tablespoons</unit></amt>
        <item>CORNSTARCH</item></ing>
      <ing>
        <amt>
          <qty>4</qty>
          <unit>cups</unit></amt>
        <item>COOKING OIL</item></ing>
      <ing>
        <amt>
          <qty>3</qty>
          <unit>cups</unit></amt>
        <item>CHICKEN BROTH</item></ing>
      <ing>
        <amt>
          <qty>1</qty>
          <unit>ounce</unit></amt>
        <item>MUSHROOMS</item></ing>
      <ing>
        <amt>
          <qty>2</qty>
          <unit>tablespoons</unit></amt>
        <item>DICED WATER CHESTNUTS</item></ing>
      <ing>
        <amt>
          <qty>2</qty>
          <unit>tablespoons</unit></amt>
        <item>DICED BAMBOO SHOOTS</item></ing>
      <ing>
        <amt>
          <qty>1/3</qty>
          <unit>cups</unit></amt>
        <item>GREEN BEANS, TRIMMED, CUT IN</item></ing>
      <ing>
        <amt>
          <qty>1/2</qty>
          <unit>teaspoons</unit></amt>
        <item>SALT</item></ing>
      <ing>
        <amt>
          <qty>1</qty>
          <unit>tablespoon</unit></amt>
        <item>SHERRY</item></ing>
      <ing>
        <amt>
          <qty>2</qty>
          <unit>ounces</unit></amt>
        <item>SIZZLING RICE, UNCOOKED</item></ing></ingredients>
    <directions>
      <step>       1. Mix together the shrimp, chicken, egg, and cornstarch. Heat 3
       cups of the oil in wok. When it is hot, add shrimp and chicken
       mixture. Cook for 1/2 minute and drain.
       2. Place above mixture in pot with the broth, mushroom, water
       chestnuts, bamboo shoots, and green beans. Bring to a boil. Add
       salt and sherry. Return to a boil. Reduce heat and allow to
       simmer.
       3. Meanwhile, heat the remaining oil until it is hot. Add rice
       and brown quickly. Drain and add to soup. Serve. By cooking the
       rice before it is added to the soup, we add a crunchy texture to
       this savory dish.
  
  From Gemini's MASSIVE MealMaster collection at www.synapse.com/~gemini
 
</step></directions></recipe></recipeml>
