<?xml version="1.0" encoding="UTF-8"?>

<recipeml version="0.5">
  <recipe>
    <head>
      <title>Assorted Pies</title>
      <categories>
        <cat/></categories>
      <yield>100</yield></head>
    <ingredients/>
    <directions>
      <step>  FOOD SERVICE PERSONNEL WILL FOLLOW DIRECTIONS ON CARTONS FOR ALL ISSUED
  PIES. PIES WILL BE CUT INTO EIGHT SERVINGS
  SERVINGS ON PLATES FOR SELF SERVICE. WHEN REPLENISHING THE LINE. PIES
  WILL BE DEFROSTED UNDER REFRIGERATION
  WILL BE PLACED IN AN OVEN 350 DEGREES FOR 15 TO 20 MINUTES. AFTER SERVING
  AMOUNTS USED WILL BE POSTED TO KITCHEN REQUISITION AND RETURN WORKSHEET.
  
  Recipe Number: S02400
  
  SERVING SIZE: 1 SLICE
  
  From the &lt;Army Master Recipe Index File&gt; (actually used today!).
  Downloaded from Glen's MM Recipe Archive, http://www.erols.com/hosey.
 
</step></directions></recipe></recipeml>
