<?xml version="1.0" encoding="UTF-8"?>

<recipeml version="0.5">
  <recipe>
    <head>
      <title>Asst Doughnuts</title>
      <categories>
        <cat/></categories>
      <yield>100</yield></head>
    <ingredients>
      <ing>
        <amt>
          <qty>3</qty>
          <unit/></amt>
        <item>Dozen DONUT JELLY FLD 3.5OZ#162</item></ing>
      <ing>
        <amt>
          <qty>3</qty>
          <unit/></amt>
        <item>Dozen DONUT CIN TWST 12OZ #167</item></ing>
      <ing>
        <amt>
          <qty>3</qty>
          <unit/></amt>
        <item>Dozen DONUT YST CIN 25OZ #168</item></ing>
      <ing>
        <amt>
          <qty>3</qty>
          <unit/></amt>
        <item>Dozen DONUT CAKE SUGAR 23OZ#177</item></ing>
      <ing>
        <amt>
          <qty>3</qty>
          <unit/></amt>
        <item>Dozen DONUT CAKE PLN 3OZ #181</item></ing>
      <ing>
        <amt>
          <qty>3</qty>
          <unit/></amt>
        <item>Dozen DONUT CAKE SUGAR 4OZ #182</item></ing></ingredients>
    <directions>
      <step>  THIRTY (30 MIN) PRIOR TO SERVING. FOOD SERVICE PERSONEL
  WILL PLACE DOUGHNUTS ON SERVING PLATES FOR SELF SERVICE
  BY DINNERS. DOUGHNUTS WILL BE MADE AVAILABLE THROUGHOUT
  THE SERVING PERIOD. THE TIME REMAINING TO SERVE SHOULD BE
  TAKEN INTO CONSIDERATION WHEN REPLENISHING THE SERVING
  LINE. AFTER SERVING PERIOD THE AMOUNTS USED WILL BE POSTED
  ON THE WORKSHEET FOR THAT MEAL.
  NOTE:
  VARIETY WILL BE DETERMINED BY TROOP PREFERENCE.
  HALF PORTIONS WILL BE OFFERD TO DINERS DESIRING THE
  
  Recipe Number: S00111
  
  SERVING SIZE: 2 EA
  
  From the &lt;Army Master Recipe Index File&gt; (actually used today!).
  Downloaded from Glen's MM Recipe Archive, http://www.erols.com/hosey.
 
</step></directions></recipe></recipeml>
