<?xml version="1.0" encoding="UTF-8"?>

<recipeml version="0.5">
  <recipe>
    <head>
      <title>Asst Canned Fruits</title>
      <categories>
        <cat/></categories>
      <yield>100</yield></head>
    <ingredients>
      <ing>
        <amt>
          <qty>1/2</qty>
          <unit>cans</unit></amt>
        <item>PINEAPPLE CHUNK #10</item></ing>
      <ing>
        <amt>
          <qty>1/2</qty>
          <unit>cans</unit></amt>
        <item>APRICOTS #10</item></ing>
      <ing>
        <amt>
          <qty>1</qty>
          <unit>can</unit></amt>
        <item>FRUIT COCKTAIL #10</item></ing>
      <ing>
        <amt>
          <qty>1</qty>
          <unit>can</unit></amt>
        <item>PEACHES SLICE #10</item></ing>
      <ing>
        <amt>
          <qty>1</qty>
          <unit>can</unit></amt>
        <item>PEARS #10</item></ing>
      <ing>
        <amt>
          <qty>1</qty>
          <unit/></amt>
        <item>Jar CHERRIES MARACHINO</item></ing></ingredients>
    <directions>
      <step>  CANNED FRUITS WILL BE CHILLED TWO HOURS PRIOR TO SERVING. THIRTY (30)
  MINUTES PRIOR TO SERVING
  OF FRUITS INTO A SERVING CONTAINER
  SELF SERVICE BY DINERS. WHEN REPLENISHING THE LINE ONE CAN WILL BE USED.
  FOOD SERVICE PERSONNEL SHOULD TAKE INTO CONSIDERATION THE AMOUNT OF TIME
  REMAINING TO SERVE WHEN REPLENISHING THE LINE. CANNED FRUITS WILL BE
  MADE AVAILABLE THROUGHOUT THE SERVING PERIOD. AFTER SERVING. THE AMOUNT
  USED WILL BE ENTERED ON THE KITCHEN REQUISITION AND RETURN WORKSHEET.
  NOTE:
  NUMBER OF CANS NEEDED PER 100 PORTIONS AND SERVING SIZE;
  ITEM                           CNS                   SERVING SIZE
  PINEAPPLE CHUNKS #10           1/2                      1/2 CUP
  APRICOTS #10                   1/2                   3 - 5 HALVES
  FRUIT COCKTAIL #10              1                       1/2 CUP
  PEACHES SLICED #10              1                       1/2 CUP
  PEARS #10                       1                       1/2 CUP
  
  Recipe Number: S00106
  
  SERVING SIZE: 1 SERV
  
  From the &lt;Army Master Recipe Index File&gt; (actually used today!).
  Downloaded from Glen's MM Recipe Archive, http://www.erols.com/hosey.
 
</step></directions></recipe></recipeml>
