<?xml version="1.0" encoding="UTF-8"?>

<recipeml version="0.5">
  <recipe>
    <head>
      <title>Asst Cookies</title>
      <categories>
        <cat/></categories>
      <yield>100</yield></head>
    <ingredients>
      <ing>
        <amt>
          <qty>3</qty>
          <unit/></amt>
        <item>COOKIE OATML RSN 1.7 #9</item></ing>
      <ing>
        <amt>
          <qty>3</qty>
          <unit/></amt>
        <item>COOKIE SUGAR 10 OZ #10</item></ing>
      <ing>
        <amt>
          <qty>3</qty>
          <unit/></amt>
        <item>COOKIE PNUT BTR 10 OZ #12</item></ing>
      <ing>
        <amt>
          <qty>3</qty>
          <unit/></amt>
        <item>COOKIE CH CHIP 10 OZ #14</item></ing></ingredients>
    <directions>
      <step>  FIFTEEN (15) MINUTES PRIOR TO THE SERVING PERIOD
  PERSONNEL WILL PLACE COOKIES THREE OR FOUR DEPENDING ON SIZE
  ON PLATES FOR SELF SERVICE BY THE DINERS. COOKIES WILL BE MADE
  AVAILABLE THROUGHOUT THE SERVING PERIOD. THE TIME REMAINING TO
  SERVE SHOULD BE TAKEN INTO CONSIDERATION WHEN REPLENISHING THE
  SERVING LINE. AFTER SERVING PERIOD IS OVER THE AMOUNTS USED WILL
  BE POSTED ON THE KITCHEN WORKSHEET FOR THAT MEAL.
  
  Recipe Number: S00113
  
  SERVING SIZE: 3 EA
  
  From the &lt;Army Master Recipe Index File&gt; (actually used today!).
  Downloaded from Glen's MM Recipe Archive, http://www.erols.com/hosey.
 
</step></directions></recipe></recipeml>
