<?xml version="1.0" encoding="UTF-8"?>

<recipeml version="0.5">
  <recipe>
    <head>
      <title>Astakos Plaki - Lobster in Tomato Sauce with Saffron Rice</title>
      <categories>
        <cat>Greek</cat>
        <cat>Seafood</cat></categories>
      <yield>4</yield></head>
    <ingredients>
      <ing>
        <amt>
          <qty>2</qty>
          <unit/></amt>
        <item>Lobsters (about 2 lbs each) (live, or recently dead)</item></ing>
      <ing>
        <amt>
          <qty>25</qty>
          <unit/></amt>
        <item>Saffron strands; soaked in</item></ing>
      <ing>
        <amt>
          <qty>1/4</qty>
          <unit>cups</unit></amt>
        <item>Hot water</item></ing>
      <ing>
        <amt>
          <qty>1/4</qty>
          <unit>pounds</unit></amt>
        <item>Finely chopped onion</item></ing>
      <ing>
        <amt>
          <qty>1</qty>
          <unit>medium</unit></amt>
        <item>Leek; washed, finely chopped</item></ing>
      <ing>
        <amt>
          <qty>8</qty>
          <unit>tablespoons</unit></amt>
        <item>Fruity olive oil</item></ing>
      <ing>
        <amt>
          <qty>3</qty>
          <unit/></amt>
        <item>Garlic cloves; minced</item></ing>
      <ing>
        <amt>
          <qty>1</qty>
          <unit>pound</unit></amt>
        <item>Tomatoes; skinned, seeded, and finely chopped</item></ing>
      <ing>
        <amt>
          <qty>4</qty>
          <unit/></amt>
        <item>Sun-dried tomatoes (in oil) pounded to a paste</item></ing>
      <ing>
        <amt>
          <qty>1/2</qty>
          <unit>cups</unit></amt>
        <item>White wine</item></ing>
      <ing>
        <amt>
          <qty>1/4</qty>
          <unit>cups</unit></amt>
        <item>Orange juice</item></ing>
      <ing>
        <amt>
          <qty>1</qty>
          <unit/></amt>
        <item>Bay leaf</item></ing>
      <ing>
        <amt>
          <qty/>
          <unit/></amt>
        <item>Salt &amp; freshly ground Pepper</item></ing>
      <ing>
        <amt>
          <qty>1/2</qty>
          <unit>cups</unit></amt>
        <item>Finely chopped Fennel</item></ing>
      <ing>
        <amt>
          <qty>1/2</qty>
          <unit>cups</unit></amt>
        <item>Minced flat-leaf Parsley</item></ing>
      <ing>
        <amt>
          <qty>1</qty>
          <unit>tablespoon</unit></amt>
        <item>Finely chopped fresh Mint</item></ing>
      <ing>
        <amt>
          <qty/>
          <unit/></amt>
        <item>Saffron Rice</item></ing></ingredients>
    <directions>
      <step>  If you have live lobsters, plunge them into a pan of boiling water for 1
  minute, then into cold water.
  
  To prepare the lobsters, break off the claws and crack them open with a
  hammer.  Cut off the tip of the tail (with the fins), then sever the tail
  where it joins the head with a heavy knife.  Cut the tail into rings,
  slicing through the shell between the ribs.
  
  Split the head open lengthwise with a hard blow of a knife and remove and
  discard the gritty stomach sac.  Pour the coral (if any) and the green
  matter (which is the liver) into a stainer over a bowl, sprinkle with salt
  and pepper, and reserve.  Put the saffron to soak.
  
  In a heavy-bottomed pan big-enough to contain the lobsters and sauce, fry
  the onion and leek gently in 3 tablespoons olive oil until translucent. Add
  the garlic, chopped tomatoes, tomato paste and liquid, wine, orange juice,
  and bay leaf.  Season and simmer, covered, for 15 minutes.
  
  Add the fennel, parsley, mint, saffron and liquid, and lobster tail pieces
  and claws with their shells (but not the legs) and simmer, covered, for 10
  minutes.
  
  In the meantime push the coral and liver of the lobster through the
  strainer and beat the pur‚e with the remaining olive oil.  When the lobster
  has simmered for 10 minutes, ladle out about 1 cup sauce and beat this into
  the coral pur‚e.  Pour this back into the pot, stir, and simmer for another
  10 minutes.  Serve with saffron rice.
  
                    Source: Recipes from a Greek Island - by Susie Jacobs
                    ISBN: 0-671-74531-X
  
  Typed for you by Karen Mintzias
  Sent to me by Bill &lt;wight@odc.net&gt;
 
</step></directions></recipe></recipeml>
