<?xml version="1.0" encoding="UTF-8"?>

<recipeml version="0.5">
  <recipe>
    <head>
      <title>Asti Spumante Semifreddo</title>
      <categories>
        <cat>Taste</cat>
        <cat>Ice cream</cat></categories>
      <yield>4</yield></head>
    <ingredients>
      <ing>
        <amt>
          <qty>1</qty>
          <unit>cup</unit></amt>
        <item>Asti Spumante (sparkling wine)</item></ing>
      <ing>
        <amt>
          <qty>1/2</qty>
          <unit>teaspoons</unit></amt>
        <item>Gelatin</item></ing>
      <ing>
        <amt>
          <qty>3</qty>
          <unit/></amt>
        <item>Egg yolks</item></ing>
      <ing>
        <amt>
          <qty>3 1/2</qty>
          <unit>tablespoons</unit></amt>
        <item>Sugar</item></ing>
      <ing>
        <amt>
          <qty>1/2</qty>
          <unit>cups</unit></amt>
        <item>Heavy cream</item></ing></ingredients>
    <directions>
      <step>  Recipe By : Taste Show # TS4740
  
  In a saucepan over high heat, reduce Asti Spumante to 1/4 cup. Set aside.
  Combine gelatin with 2 tablespoons of cold water, set aside to soften.
  
  Create a double boiler by setting a stainless steel bowl on top of a
  saucepan half-filled with barely simmering water over low heat. Whisk
  together yolks and sugar rapidly for 6 minutes, or until the yolks volume
  has doubled and their color has lightened. Whisk gelatin into warm
  sparkling wine. Whisk the mixture into the whipped yolks and place in the
  refrigerator to cool. In a separate chilled bowl, whip heavy cream to stiff
  peaks. When the wine mixture is cool to touch, fold in whipped cream until
  smooth and thoroughly combined. Place mixture in a sealed container and
  freeze for at least 2 hours before serving.
  
  Serve warmed fruit compote -- apricot, peaches or nectarines -- in pretty
  glass dishes. Spoon semifreddo onto fruit. Garnish with mint sprigs and
  serve.
  
  Yield: 4 servings
  
  Copyright, 1997, TV FOOD NETWORK, G.P., All Rights Reserved Posted to
  MC-Recipe Digest V1 #614 by Peggy Morgan &lt;75402.3465@compuserve.com&gt; on 97
 
</step></directions></recipe></recipeml>
