<?xml version="1.0" encoding="UTF-8"?>

<recipeml version="0.5">
  <recipe>
    <head>
      <title>Astoria</title>
      <categories>
        <cat>Alcohol</cat>
        <cat>Beverages</cat>
        <cat>New (to be</cat>
        <cat>Gin</cat></categories>
      <yield>2</yield></head>
    <ingredients>
      <ing>
        <amt>
          <qty>2</qty>
          <unit>ounces</unit></amt>
        <item>Gin</item></ing>
      <ing>
        <amt>
          <qty>1</qty>
          <unit>ounce</unit></amt>
        <item>Vermouth</item></ing>
      <ing>
        <amt>
          <qty>4</qty>
          <unit>dashes</unit></amt>
        <item>Campari Bitter</item></ing>
      <ing>
        <amt>
          <qty>2</qty>
          <unit/></amt>
        <item>Olives</item></ing></ingredients>
    <directions>
      <step>  Recipe By     :
  
  From Gemini's MASSIVE MealMaster collection at www.synapse.com/~gemini
 
</step></directions></recipe></recipeml>
