<?xml version="1.0" encoding="UTF-8"?>

<recipeml version="0.5">
  <recipe>
    <head>
      <title>Aszalt Szilva Radvansky Modra (Baked Prunes Radvanszky)</title>
      <categories>
        <cat>Hungary</cat>
        <cat>Upload</cat>
        <cat>Archived</cat></categories>
      <yield>6</yield></head>
    <ingredients>
      <ing>
        <amt>
          <qty>24</qty>
          <unit/></amt>
        <item>Prunes</item></ing>
      <ing>
        <amt>
          <qty>1/2</qty>
          <unit/></amt>
        <item>Juice of lemon</item></ing>
      <ing>
        <amt>
          <qty>1</qty>
          <unit>teaspoon</unit></amt>
        <item>Flour, all-purpose</item></ing>
      <ing>
        <amt>
          <qty>1/2</qty>
          <unit>cups</unit></amt>
        <item>Sour cream</item></ing>
      <ing>
        <amt>
          <qty>1/4</qty>
          <unit>cups</unit></amt>
        <item>Bread crumbs</item></ing>
      <ing>
        <amt>
          <qty>4</qty>
          <unit>tablespoons</unit></amt>
        <item>Butter, unsalted</item></ing></ingredients>
    <directions>
      <step>    Preheat oven to 325F. Cook prunes in lemon juice and 2 cups water until
  they are soft. Remove cooked prunes with a slotted spoon.
    Put liquid over lowest possible heat and reduce it by half.
    Stir flour into sour cream and whip the mixture into the prune liquid.
  Simmer together for 5 minutes.
    Place the prunes in an ovenproof casserole. Pour thickened liquid over
  prunes, sprinkle with bread crumbs and dot with pieces of butter. Bake in
  the preheated oven for 30 minutes.
    MM and upload by DonW1948@aol.com / CH
  
  File ftp://ftp.idiscover.co.uk/pub/food/mealmaster/recipes/mmdja006.zip
 
</step></directions></recipe></recipeml>
