<?xml version="1.0" encoding="UTF-8"?>

<recipeml version="0.5">
  <recipe>
    <head>
      <title>Atar Allecha</title>
      <categories>
        <cat>Vegetarian</cat>
        <cat>Side dishes</cat>
        <cat>Vegetables</cat></categories>
      <yield>4</yield></head>
    <ingredients>
      <ing>
        <amt>
          <qty>1/3</qty>
          <unit>cups</unit></amt>
        <item>Onion; chopped</item></ing>
      <ing>
        <amt>
          <qty>2</qty>
          <unit>cloves</unit></amt>
        <item>Garlic; finely chopped</item></ing>
      <ing>
        <amt>
          <qty>1</qty>
          <unit>tablespoon</unit></amt>
        <item>Corn oil</item></ing>
      <ing>
        <amt>
          <qty>1</qty>
          <unit>cup</unit></amt>
        <item>Split green peas; soaked, cooked, drained, mashed</item></ing>
      <ing>
        <amt>
          <qty>1/2</qty>
          <unit>teaspoons</unit></amt>
        <item>Tumeric; ground</item></ing>
      <ing>
        <amt>
          <qty>1/2</qty>
          <unit>teaspoons</unit></amt>
        <item>Salt</item></ing>
      <ing>
        <amt>
          <qty>3</qty>
          <unit>teaspoons</unit></amt>
        <item>Hot green pepper; finely chopped</item></ing>
      <ing>
        <amt>
          <qty>1</qty>
          <unit>cup</unit></amt>
        <item>Water</item></ing></ingredients>
    <directions>
      <step>  Atar Allecha is a spiced green pea puree.
  
  Soak peas for one hour.  Cook for 1/2 hour.  Drain.  Mash.  Set aside.
  
  In dry pan over moderate low heat, stir fry the onion and garlic for 2
  mins.  Add oil and stir fry one minute more.
  
  Add the mashed peas, tumeric, salt, and chili.  Mix well.  Add the
  water and cook 3-4 mins longer to reduce the mixture to a thick,
  green, well spiced puree.
  
  Serve with warm Injeera.
  
  File ftp://ftp.idiscover.co.uk/pub/food/mealmaster/recipes/ethiopia.zip
 
</step></directions></recipe></recipeml>
