<?xml version="1.0" encoding="UTF-8"?>

<recipeml version="0.5">
  <recipe>
    <head>
      <title>Atar Allecha (Spiced Green-Pea Puree)</title>
      <categories>
        <cat>Vegetable</cat></categories>
      <yield>4</yield></head>
    <ingredients>
      <ing>
        <amt>
          <qty>1</qty>
          <unit>small</unit></amt>
        <item>Onion; chopped</item></ing>
      <ing>
        <amt>
          <qty>2</qty>
          <unit/></amt>
        <item>Cloves garlic; chopped fine</item></ing>
      <ing>
        <amt>
          <qty>1</qty>
          <unit>tablespoon</unit></amt>
        <item>Corn oil</item></ing>
      <ing>
        <amt>
          <qty>1</qty>
          <unit>cup</unit></amt>
        <item>Green split peas; covered with water for 1 hour; cooked for 1/2 hour; drained and mashed</item></ing>
      <ing>
        <amt>
          <qty>1/2</qty>
          <unit>teaspoons</unit></amt>
        <item>Ground tumeric</item></ing>
      <ing>
        <amt>
          <qty>1/2</qty>
          <unit>teaspoons</unit></amt>
        <item>Salt</item></ing>
      <ing>
        <amt>
          <qty>1</qty>
          <unit>small</unit></amt>
        <item>Hot green chili; chopped fine</item></ing>
      <ing>
        <amt>
          <qty>1</qty>
          <unit>cup</unit></amt>
        <item>Water</item></ing></ingredients>
    <directions>
      <step>  From: plgold@ix.netcom.com
  
  Date: 19 Oct 1995 21:16:48 -0600
  
  Here is a recipe for Injeera and also 2 recipes for sauces from "Sephardic
  Cooking", Copeland Marks.  In Ethiopia the injeera are prepared with teff,
  a grain of the millet family, but this recipe calls white flour.
  
  1.  Stir-fry the onion and garlic in a dry pan over moderately low heat for
  2 minutes. Add the oil and stir-fry for 1 minute.
  
  2.  Add the mashed peas, tumeric, salt and chili; mix well.  Add the water
  and cook for 3 to 4 minutes to reduce the mixture to a thick, green,
  well-spiced puree. Serve warm with injeera (see recipe). Variation: If you
  substitute 1 cup of red Egyptian lentils for the green split peas and
  follow the same instructions, you will have Misr Allecha.
  
  REC.FOOD.RECIPES ARCHIVES
  
  From rec.food.cooking archives.  Downloaded from Glen's MM Recipe Archive,
  http://www.erols.com/hosey.
 
</step></directions></recipe></recipeml>
