<?xml version="1.0" encoding="UTF-8"?>

<recipeml version="0.5">
  <recipe>
    <head>
      <title>Athenian Artichoke Dip with Baked Pita Chips</title>
      <categories>
        <cat>None</cat></categories>
      <yield>20</yield></head>
    <ingredients>
      <ing-div>
        <title>ATHENIAN ARTICHOKE DIP</title>
        <ing>
          <amt>
            <qty>14</qty>
            <unit>ounces</unit></amt>
          <item>Artichoke hearts in water; drained and chopped</item></ing>
        <ing>
          <amt>
            <qty>4</qty>
            <unit>ounces</unit></amt>
          <item>Feta cheese; chopped</item></ing>
        <ing>
          <amt>
            <qty>1/4</qty>
            <unit>cups</unit></amt>
          <item>Red or green bell pepper; chopped</item></ing>
        <ing>
          <amt>
            <qty>1</qty>
            <unit/></amt>
          <item>Clove garlic; pressed</item></ing>
        <ing>
          <amt>
            <qty>1</qty>
            <unit>cup</unit></amt>
          <item>Mayonnaise</item></ing>
        <ing>
          <amt>
            <qty>3</qty>
            <unit/></amt>
          <item>Green onions with tops; thinly sliced</item></ing>
        <ing>
          <amt>
            <qty>3/4</qty>
            <unit>teaspoons</unit></amt>
          <item>Dried oregano leaves</item></ing>
        <ing>
          <amt>
            <qty>1/4</qty>
            <unit>cups</unit></amt>
          <item>Almonds; sliced</item></ing></ing-div>
      <ing-div>
        <title>BAKED PITA CHIPS</title>
        <ing>
          <amt>
            <qty>5</qty>
            <unit/></amt>
          <item>Whole wheat pita bread rounds</item></ing></ing-div></ingredients>
    <directions>
      <step>  Preheat oven to 350øF. Using food chopper, chop artichoke hearts, cheese
  and bell pepper; place in 1 quart batter bowl. Using garlic press, press
  garlic into batter bowl. Add mayonnaise, green onions and oregano; mix
  well. Spook into 8" mini-baker. Top with almonds if desired. Bake 25 - 30
  minutes or until golden brown and bubbly. Serve with baked pita chips, if
  desired.
  
  Yield: 2 1/2 cups
  
  Baked Pita Chips: Preheat oven to 400øF. Using pizza cutter, cut each pita
  bread round horizontally in half. Cut each half into 8 triangles. Arrange
  pita triangles in single layer on flat baking stone. Bake 8 - 10 minutes or
  until lightly browned and crisp.
  
  Typed and Busted by Carriej999@AOL.com 5/98
  
  Recipe by: Pampered Chef
  
  Posted to MC-Recipe Digest by Carriej999 &lt;Carriej999@aol.com&gt; on May 9,
  1998
 
</step></directions></recipe></recipeml>
