<?xml version="1.0" encoding="UTF-8"?>

<recipeml version="0.5">
  <recipe>
    <head>
      <title>Athlete's Delight</title>
      <categories>
        <cat>Main dish</cat>
        <cat>Pasta</cat>
        <cat>Vegetables</cat></categories>
      <yield>5</yield></head>
    <ingredients>
      <ing>
        <amt>
          <qty>2</qty>
          <unit>tablespoons</unit></amt>
        <item>Olive oil</item></ing>
      <ing>
        <amt>
          <qty>1</qty>
          <unit>medium</unit></amt>
        <item>Onion</item></ing>
      <ing>
        <amt>
          <qty>2</qty>
          <unit/></amt>
        <item>Garlic cloves</item></ing>
      <ing>
        <amt>
          <qty>2</qty>
          <unit>medium</unit></amt>
        <item>Potatoes, diced</item></ing>
      <ing>
        <amt>
          <qty>2</qty>
          <unit>cups</unit></amt>
        <item>Turnip, diced</item></ing>
      <ing>
        <amt>
          <qty>1 1/2</qty>
          <unit>cups</unit></amt>
        <item>Tomatoes, diced</item></ing>
      <ing>
        <amt>
          <qty>1</qty>
          <unit>cup</unit></amt>
        <item>Water</item></ing>
      <ing>
        <amt>
          <qty>2</qty>
          <unit>tablespoons</unit></amt>
        <item>Parsley</item></ing>
      <ing>
        <amt>
          <qty>1/2</qty>
          <unit>teaspoons</unit></amt>
        <item>Oregano</item></ing>
      <ing>
        <amt>
          <qty>1/2</qty>
          <unit>teaspoons</unit></amt>
        <item>Marjoram</item></ing>
      <ing>
        <amt>
          <qty>1</qty>
          <unit>teaspoon</unit></amt>
        <item>Basil</item></ing>
      <ing>
        <amt>
          <qty>1</qty>
          <unit>pinch</unit></amt>
        <item>Mint</item></ing>
      <ing>
        <amt>
          <qty>1</qty>
          <unit>pinch</unit></amt>
        <item>Dill</item></ing>
      <ing>
        <amt>
          <qty/>
          <unit/></amt>
        <item>Fettuccine</item></ing></ingredients>
    <directions>
      <step>  Heat oil in a large pot.  Add onion &amp; garlic &amp; saute gently for 5 minutes.
  Add potatoes &amp; turnip &amp; continue to saute for another 3 minutes, stirring
  occasionally. Mix in chopped tomatoes, raise heat &amp; bring to a gentle boil.
  Stir in the water &amp; the rest of the ingredients, except for the fettuccine.
  Simmer for 35 minutes or until all the vegetables are tender. Add more
  water if necessary. Meanwhile cook fettuccine according to package
  instructions.  When cooked, serve vegetables over cooked fettuccine.
  
  From Gemini's MASSIVE MealMaster collection at www.synapse.com/~gemini
 
</step></directions></recipe></recipeml>
