<?xml version="1.0" encoding="UTF-8"?>

<recipeml version="0.5">
  <recipe>
    <head>
      <title>Athlete Gift Basket</title>
      <categories>
        <cat>Gifts</cat>
        <cat>Holiday</cat></categories>
      <yield>1</yield></head>
    <ingredients>
      <ing>
        <amt>
          <qty/>
          <unit/></amt>
        <item>High energy bars</item></ing>
      <ing>
        <amt>
          <qty/>
          <unit/></amt>
        <item>Sports drinks</item></ing>
      <ing>
        <amt>
          <qty/>
          <unit/></amt>
        <item>Carbo loaded mix</item></ing>
      <ing>
        <amt>
          <qty/>
          <unit/></amt>
        <item>Pasta</item></ing>
      <ing>
        <amt>
          <qty/>
          <unit/></amt>
        <item>Jar of pasta sauce</item></ing>
      <ing>
        <amt>
          <qty/>
          <unit/></amt>
        <item>Sunscreen</item></ing>
      <ing>
        <amt>
          <qty/>
          <unit/></amt>
        <item>Lip balm</item></ing>
      <ing>
        <amt>
          <qty/>
          <unit/></amt>
        <item>Moisturizer/shower soap</item></ing></ingredients>
    <directions>
      <step>  Submitted By ARLENES@HOLLY.COLOSTATE.EDU  On
  
  From Gemini's MASSIVE MealMaster collection at www.synapse.com/~gemini
 
</step></directions></recipe></recipeml>
