<?xml version="1.0" encoding="UTF-8"?>

<recipeml version="0.5">
  <recipe>
    <head>
      <title>Atholl Brose Tart</title>
      <categories>
        <cat>Scot/irish</cat>
        <cat>Pies/pastry</cat></categories>
      <yield>8</yield></head>
    <ingredients>
      <ing-div>
        <title/>
        <ing>
          <amt>
            <qty/>
            <unit/></amt>
          <item>British measurements</item></ing></ing-div>
      <ing-div>
        <title>BASE</title>
        <ing>
          <amt>
            <qty>3 1/2</qty>
            <unit>ounces</unit></amt>
          <item>Butter</item></ing>
        <ing>
          <amt>
            <qty>7</qty>
            <unit>ounces</unit></amt>
          <item>Sweet oat biscuits (cookies)</item></ing>
        <ing>
          <amt>
            <qty/>
            <unit/></amt>
          <item>.  crushed</item></ing>
        <ing>
          <amt>
            <qty>1</qty>
            <unit>tablespoon</unit></amt>
          <item>Sesame seeds; toasted</item></ing></ing-div>
      <ing-div>
        <title>FILLING</title>
        <ing>
          <amt>
            <qty>3</qty>
            <unit>tablespoons</unit></amt>
          <item>Scotch whiskey</item></ing>
        <ing>
          <amt>
            <qty>2</qty>
            <unit>tablespoons</unit></amt>
          <item>Lemon juice; to taste</item></ing>
        <ing>
          <amt>
            <qty>2</qty>
            <unit>tablespoons</unit></amt>
          <item>Honey</item></ing>
        <ing>
          <amt>
            <qty>5</qty>
            <unit>fluid ounces</unit></amt>
          <item>Double (heavy) cream</item></ing>
        <ing>
          <amt>
            <qty/>
            <unit/></amt>
          <item>Chopped walnuts or hazelnuts</item></ing>
        <ing>
          <amt>
            <qty/>
            <unit/></amt>
          <item>.  or fresh raspberries for</item></ing>
        <ing>
          <amt>
            <qty/>
            <unit/></amt>
          <item>.  garnish</item></ing></ing-div></ingredients>
    <directions>
      <step>  To Make The Base: Put the butter into a large saucepan and heat gently
  until melted. Stir in the crushed biscuits and the sesame seeds.
  Press the mixture into the base and up the side of a lightly oiled
  8-inch flan dish or sandwich tin. Refrigerate whilst making the
  filling.
  
  To Make The Filling: Put the whiskey, lemon juice and honey into a
  bowl and whisk until mixed. Add cream and whisk until softly stiff.
  Spoon onto base and refrigerate for 1 to 2 hours until set. Top with
  chopped nuts and/or fruit before serving.
  
  "Scotch Whiskey Recipes"
  :      by   Jo Guthrie Jarrold Publishing, Norwich 1991 ISBN
  0-7117-0553-4
  
  Scanned and formatted for you by  The WEE Scot  --  pol Mac Griogair
  
  From: Paul Macgregor                  Date: 06-15-96
  Posted to MM-Recipes Digest V3 #251
  
  Date: Fri, 13 Sep 1996 21:49:00 -0400
  
  From: BobbieB1@aol.com
 
</step></directions></recipe></recipeml>
