<?xml version="1.0" encoding="UTF-8"?>

<recipeml version="0.5">
  <recipe>
    <head>
      <title>Atjar Tumis Djamur (Mushroom Pickles)</title>
      <categories>
        <cat>Relishes</cat>
        <cat>Pickles</cat>
        <cat>Indonesian</cat></categories>
      <yield>4</yield></head>
    <ingredients>
      <ing>
        <amt>
          <qty>8</qty>
          <unit>ounces</unit></amt>
        <item>Mushroom, fresh; sliced</item></ing>
      <ing>
        <amt>
          <qty>3</qty>
          <unit>ounces</unit></amt>
        <item>Shallots; slivered</item></ing>
      <ing>
        <amt>
          <qty>3</qty>
          <unit>cups</unit></amt>
        <item>Vinegar, white</item></ing>
      <ing>
        <amt>
          <qty>1</qty>
          <unit>teaspoon</unit></amt>
        <item>Cumin powder</item></ing></ingredients>
    <directions>
      <step>  Calories     per serving: 35 Fat grams per serving: 0 Approx. Cook Time:
  0:30 Heat vinegar and cumin in a non-aluminum pan until boiling. Simmer
  five minutes.  Place mushrooms and shallots in a small pan (not aluminum)
  and cover with a saucer and weight to hold it down. Pour vinegar mixture
  over mushrooms to cover.  Return pan to stove and bring to a simmer. Simmer
  10 to 15 minutes or until mushrooms are just tender. Remove from heat and
  let mushrooms cool in the vinegar. Drain and refrigerate until ready to
  serve.
  
  From Gemini's MASSIVE MealMaster collection at www.synapse.com/~gemini
 
</step></directions></recipe></recipeml>
