<?xml version="1.0" encoding="UTF-8"?>

<recipeml version="0.5">
  <recipe>
    <head>
      <title>Atjar Tjampoer</title>
      <categories>
        <cat>Side dish</cat>
        <cat>Indonesian</cat>
        <cat>Vegetables</cat></categories>
      <yield>1</yield></head>
    <ingredients>
      <ing>
        <amt>
          <qty>100</qty>
          <unit>grams</unit></amt>
        <item>Carrots</item></ing>
      <ing>
        <amt>
          <qty/>
          <unit/></amt>
        <item>Salt</item></ing>
      <ing>
        <amt>
          <qty>100</qty>
          <unit>grams</unit></amt>
        <item>Green beans</item></ing>
      <ing>
        <amt>
          <qty>4</qty>
          <unit/></amt>
        <item>Scallions</item></ing>
      <ing>
        <amt>
          <qty>100</qty>
          <unit>grams</unit></amt>
        <item>White cabbage</item></ing>
      <ing>
        <amt>
          <qty>2</qty>
          <unit/></amt>
        <item>Toes of garlic</item></ing>
      <ing>
        <amt>
          <qty>1/4</qty>
          <unit/></amt>
        <item>Cucumber</item></ing>
      <ing>
        <amt>
          <qty>1</qty>
          <unit>tablespoon</unit></amt>
        <item>Oil</item></ing>
      <ing>
        <amt>
          <qty>150</qty>
          <unit>mililiters</unit></amt>
        <item>Vinegar</item></ing>
      <ing>
        <amt>
          <qty>100</qty>
          <unit>grams</unit></amt>
        <item>Bean sprouts/shoots</item></ing>
      <ing>
        <amt>
          <qty>1</qty>
          <unit>tablespoon</unit></amt>
        <item>Sugar</item></ing>
      <ing>
        <amt>
          <qty>1</qty>
          <unit>teaspoon</unit></amt>
        <item>Powdered ginger</item></ing>
      <ing>
        <amt>
          <qty>1</qty>
          <unit>teaspoon</unit></amt>
        <item>Kunjit/kurkuma</item></ing>
      <ing>
        <amt>
          <qty>1</qty>
          <unit>teaspoon</unit></amt>
        <item>Sambal ulek</item></ing></ingredients>
    <directions>
      <step>  Cut carrot into the size of matches. Cut beans in 1" pieces. Chafe the
  cabbage. In a pan with a little water and salt, boil the vegetables for 5
  minutes. Drain. Cut cucumber in *small* cubes. Peel scallions and garlic.
  Put in kitchen machine; cut to paste. Mix with sambal, kunjit and ginger.
  Heat oil in a frying pan. Fry the herb-mixture for 2 minutes. Add vinegar
  and sugar; stir to dissolve sugar. Add all vegetables (also the ones not
  cooked yet); add a *little* water if there is too little liquid. Boil
  softly for 2 minutes. Put in a bowl and let cool. You can also preserve it
  by putting the hot veggies in sterilized screw-lid jars (metal lids with a
  'dome' in the middle are quite handy, I always save jam-jars when they're
  empty); add liquid as well. Screw the lids on. Place jars upside down until
  cooled completely (the 'dome' in the lid will be down, this is to check if
  the jar closed well). Can be kept for at least a year (store in dark place
  to avoid having the color goes away). Nice as a present! Kunjit or kurkuma
  is a herb. If I look on the jar, it says 'powdered yellow-root'. It is used
  to color this dish, and other dishes as well. In that way it is much like
  saffron, although kunjit tastes a little bitter. Sambal ulek [INDONESIA]:
  Used as an accompaniment and in cooking. Made by crushing fresh red chilis
  with a little salt. Remove the seeds from the chilis, chop finely, then
  crush with salt using a pestle and mortar. Three chilis will make about 1
  tablespoon sambal ulek. Also available ready-prepared in small jars from
  Oriental stores and some delicatessens. This is a refreshing side dish made
  of crisp, sweet-and-sour vegetables. Goes really well with Nasi Goreng. The
  dish can be kept in the fridge for a few days.
 
</step></directions></recipe></recipeml>
