<?xml version="1.0" encoding="UTF-8"?>

<recipeml version="0.5">
  <recipe>
    <head>
      <title>Apple Upside Down Cake</title>
      <categories>
        <cat>Cyberealm</cat>
        <cat>Cakes</cat></categories>
      <yield>1</yield></head>
    <ingredients>
      <ing>
        <amt>
          <qty>2 1/4</qty>
          <unit>cups</unit></amt>
        <item>Flour</item></ing>
      <ing>
        <amt>
          <qty>1/2</qty>
          <unit>teaspoons</unit></amt>
        <item>Salt</item></ing>
      <ing>
        <amt>
          <qty>1 1/4</qty>
          <unit>teaspoons</unit></amt>
        <item>Ground Ginger</item></ing>
      <ing>
        <amt>
          <qty>1/2</qty>
          <unit>teaspoons</unit></amt>
        <item>Cinnamon</item></ing>
      <ing>
        <amt>
          <qty>1/2</qty>
          <unit>teaspoons</unit></amt>
        <item>Nutmeg</item></ing>
      <ing>
        <amt>
          <qty>1</qty>
          <unit>teaspoon</unit></amt>
        <item>Baking Soda</item></ing>
      <ing>
        <amt>
          <qty>1/4</qty>
          <unit>cups</unit></amt>
        <item>Butter</item></ing>
      <ing>
        <amt>
          <qty>1/2</qty>
          <unit>cups</unit></amt>
        <item>Brown Sugar</item></ing>
      <ing>
        <amt>
          <qty>2</qty>
          <unit/></amt>
        <item>Large Apples</item></ing>
      <ing>
        <amt>
          <qty>1/2</qty>
          <unit>cups</unit></amt>
        <item>Shortening</item></ing>
      <ing>
        <amt>
          <qty>3</qty>
          <unit>tablespoons</unit></amt>
        <item>Sugar</item></ing>
      <ing>
        <amt>
          <qty>1</qty>
          <unit/></amt>
        <item>Egg</item></ing>
      <ing>
        <amt>
          <qty>1</qty>
          <unit>cup</unit></amt>
        <item>Molasses</item></ing>
      <ing>
        <amt>
          <qty>1</qty>
          <unit>cup</unit></amt>
        <item>Boiling Water</item></ing></ingredients>
    <directions>
      <step>  1. Preheat oven to 375 F. 2. Sift together flour, spices and baking soda.
  3. In a 10 " cast iron skillet, melt the butter. 4. Sprinkle the sugar
  evenly over it. 5. Peel and core apples, slice them. 6. Arrange apples,
  overlapping on top of sugar. 7. With electric mixer at medium speed, beat
  together the
     shortening, sugar and the egg until very creamy. 8. Combine the molasses
  and the water 9. At low speed add the flour and molasses mix alternating to
     the to eggmix. Beat well after each addition. 10.Spoon batter over
  apples and bake 45 minutes or until done. 11.Loosen around the edges with
  spatula; invert onto plate;
     let stand 3-4 minutes, then remove from skillet. 12.Serve warm with soft
  ginger icecream.
     Out of "Who's Who Cooks"
     Typed by Brigitte Sealing
  
  8.
  
  From Gemini's MASSIVE MealMaster collection at www.synapse.com/~gemini
 
</step></directions></recipe></recipeml>
