<?xml version="1.0" encoding="UTF-8"?>

<recipeml version="0.5">
  <recipe>
    <head>
      <title>Apple Topped Cake</title>
      <categories>
        <cat>Fruits</cat></categories>
      <yield>12</yield></head>
    <ingredients>
      <ing>
        <amt>
          <qty>3/4</qty>
          <unit>cups</unit></amt>
        <item>All-purpose flour -- sifted</item></ing>
      <ing>
        <amt>
          <qty>3/4</qty>
          <unit>cups</unit></amt>
        <item>Whole-wheat flour -- sifted</item></ing>
      <ing>
        <amt>
          <qty>1</qty>
          <unit>teaspoon</unit></amt>
        <item>Baking powder</item></ing>
      <ing>
        <amt>
          <qty>1/4</qty>
          <unit>cups</unit></amt>
        <item>Honey</item></ing>
      <ing>
        <amt>
          <qty>1/2</qty>
          <unit>cups</unit></amt>
        <item>Brown sugar -- lightly</item></ing>
      <ing>
        <amt>
          <qty/>
          <unit/></amt>
        <item>Packed</item></ing>
      <ing>
        <amt>
          <qty>1/4</qty>
          <unit>cups</unit></amt>
        <item>Oil</item></ing>
      <ing>
        <amt>
          <qty>4</qty>
          <unit>large</unit></amt>
        <item>Egg white</item></ing>
      <ing>
        <amt>
          <qty>1</qty>
          <unit>tablespoon</unit></amt>
        <item>Nonfat yogurt -- plain</item></ing>
      <ing>
        <amt>
          <qty/>
          <unit/></amt>
        <item>Flavored</item></ing>
      <ing>
        <amt>
          <qty>5</qty>
          <unit/></amt>
        <item>Apple, peeled -- cored &amp;</item></ing>
      <ing>
        <amt>
          <qty/>
          <unit/></amt>
        <item>Sliced thin</item></ing>
      <ing>
        <amt>
          <qty/>
          <unit/></amt>
        <item>Topping--</item></ing>
      <ing>
        <amt>
          <qty/>
          <unit/></amt>
        <item>Bring to a boil:</item></ing>
      <ing>
        <amt>
          <qty>2</qty>
          <unit>tablespoons</unit></amt>
        <item>Oil</item></ing>
      <ing>
        <amt>
          <qty>1/4</qty>
          <unit>cups</unit></amt>
        <item>Granulated or brown sugar</item></ing>
      <ing>
        <amt>
          <qty>1</qty>
          <unit>teaspoon</unit></amt>
        <item>Cinnamon</item></ing>
      <ing>
        <amt>
          <qty>1</qty>
          <unit>teaspoon</unit></amt>
        <item>Natural dehydrated butter --</item></ing>
      <ing>
        <amt>
          <qty/>
          <unit/></amt>
        <item>Optional</item></ing></ingredients>
    <directions>
      <step>  Preheat the oven to 425F. Grease a 9x13 inch baking pan. Sift both flours
  and the baking powder together in a medium sized bowl. Beat the honey, 1/2
  cup brown sugar, vegetable oil, egg whites, and nonfat yogurt together.
  Pour this into the flour mixture and stir well. Pour the dough into the
  prepared pan and smooth out evenly. Lightly press the apples into the dough
  in straight lines. Bake for 10 minutes at 425F. Remove the cake from the
  oven. Drizzle the topping over the top of the apples. Return the cake to
  the oven and bake at 375F for 15 to 20 minutes or until cake tester comes
  out clean.
  
  Recipe By     : Let Them Eat Cake by Virginia N. White
  
  From: Ladies Home Journal- August 1991
  
  File ftp://ftp.idiscover.co.uk/pub/food/mealmaster/recipes/mmdja006.zip
 
</step></directions></recipe></recipeml>
