<?xml version="1.0" encoding="UTF-8"?>

<recipeml version="0.5">
  <recipe>
    <head>
      <title>Apple Walnut Stuffing</title>
      <categories>
        <cat>Side dish</cat></categories>
      <yield>1</yield></head>
    <ingredients>
      <ing>
        <amt>
          <qty>8</qty>
          <unit>cups</unit></amt>
        <item>Bread, cut into 1" cubes</item></ing>
      <ing>
        <amt>
          <qty>1/4</qty>
          <unit>cups</unit></amt>
        <item>Butter or margarine</item></ing>
      <ing>
        <amt>
          <qty>1/2</qty>
          <unit>cups</unit></amt>
        <item>Diced onion</item></ing>
      <ing>
        <amt>
          <qty>1/4</qty>
          <unit>cups</unit></amt>
        <item>Fresh parsley</item></ing>
      <ing>
        <amt>
          <qty>2</qty>
          <unit/></amt>
        <item>Eggs</item></ing>
      <ing>
        <amt>
          <qty>1</qty>
          <unit>cup</unit></amt>
        <item>Chicken broth</item></ing>
      <ing>
        <amt>
          <qty>1/4</qty>
          <unit>teaspoons</unit></amt>
        <item>Pepper</item></ing>
      <ing>
        <amt>
          <qty>2</qty>
          <unit/></amt>
        <item>Peeled cored &amp; diced apples</item></ing>
      <ing>
        <amt>
          <qty>1</qty>
          <unit>cup</unit></amt>
        <item>Chopped walnuts</item></ing></ingredients>
    <directions>
      <step>    Preheat your oven to 325 degrees.  Place bread cubes in a large bowl.
  Melt the butter in a medium skillet over medium heat. Chop the parsley. Add
  celery, onion and parsley to the butter and cook, stirring occasionally,
  until softened. This should take about five minutes. Mix all this with the
  bread. Now beat the eggs. Mix eggs, broth and pepper; add this to the bread
  and mix it all real well.  Stir in apples and walnuts. Bake in greased
  2-quart dish for 25 minutes. If you like your stuffing a little crispy, go
  ahead and cook it for a little longer. When it's done, serve it up! This
  one'll go quick, and if your kin likes stuffing as much as mine, you may
  want to double all the ingredients to make a little extra for the day
  after! Submitted By RHOMMEL &lt;RHOMMEL@IX.NETCOM.COM&gt; On FRI, 1 DEC 1995
   143310    ~0500
  
  From Gemini's MASSIVE MealMaster collection at www.synapse.com/~gemini
 
</step></directions></recipe></recipeml>
