<?xml version="1.0" encoding="UTF-8"?>

<recipeml version="0.5">
  <recipe>
    <head>
      <title>Apple Tarts with Ice Cream Part 1</title>
      <categories>
        <cat>American</cat>
        <cat>Spago</cat>
        <cat>Desserts</cat></categories>
      <yield>6</yield></head>
    <ingredients>
      <ing>
        <amt>
          <qty>1 1/2</qty>
          <unit>pounds</unit></amt>
        <item>Puff pastry dough</item></ing>
      <ing>
        <amt>
          <qty>6</qty>
          <unit>large</unit></amt>
        <item>Cooking apples (like</item></ing>
      <ing>
        <amt>
          <qty/>
          <unit/></amt>
        <item>Newton, Pippin,</item></ing>
      <ing>
        <amt>
          <qty/>
          <unit/></amt>
        <item>Granny Smith)</item></ing>
      <ing>
        <amt>
          <qty>4 1/2</qty>
          <unit>tablespoons</unit></amt>
        <item>Butter</item></ing>
      <ing>
        <amt>
          <qty>1/3</qty>
          <unit>cups</unit></amt>
        <item>Sugar</item></ing>
      <ing>
        <amt>
          <qty>3</qty>
          <unit>tablespoons</unit></amt>
        <item>Calvados</item></ing>
      <ing>
        <amt>
          <qty>1</qty>
          <unit/></amt>
        <item>Egg, lightly beaten</item></ing>
      <ing>
        <amt>
          <qty>1/4</qty>
          <unit>cups</unit></amt>
        <item>Caramel sauce:</item></ing>
      <ing>
        <amt>
          <qty>1</qty>
          <unit>cup</unit></amt>
        <item>Sugar</item></ing>
      <ing>
        <amt>
          <qty>3/4</qty>
          <unit>cups</unit></amt>
        <item>Whipping cream</item></ing>
      <ing>
        <amt>
          <qty>3</qty>
          <unit>tablespoons</unit></amt>
        <item>Unsalted butter, cut in</item></ing>
      <ing>
        <amt>
          <qty/>
          <unit/></amt>
        <item>Small pieces</item></ing>
      <ing>
        <amt>
          <qty/>
          <unit/></amt>
        <item>Caramel ice cream:</item></ing>
      <ing>
        <amt>
          <qty>8</qty>
          <unit/></amt>
        <item>Egg yolks</item></ing>
      <ing>
        <amt>
          <qty>2/3</qty>
          <unit>cups</unit></amt>
        <item>Sugar</item></ing>
      <ing>
        <amt>
          <qty/>
          <unit/></amt>
        <item>(see part 2 for more)</item></ing></ingredients>
    <directions>
      <step>  SOURCE: SPAGO, W. SUNSET BLVD; LOS ANGELES.  RAYMOND CABERNET SAUVIGNON,
  1978.  Preheat oven to 325.  Roll out 1/2 dough until 1/8-in. thick and
  line six individual tart pans. Peel, core, and thinly slice the apples.
  Heat 3 tablespoons butter in skillet, saute apples 3-4 minutes until
  golden.  Sprinkle sauteing apple slices with sugar. Meanwhile, warm
  Calvados in saucepan. Pour warm brandy over apple slices, cover skillet for
  a few seconds, uncover, ignite. Fill tart pans with flambeed apple slices.
  Cut remaining 1-1/2 tablespoons butter in 6 pieces, lay 1 piece on each
  tart.  Drizzle warm Caramel Sauce over tart fillings to glaze. Roll out
  remaining puff pastry dough until 1/8-in. thick. Cut out tops to cover tart
  shells.  Cut design in center of each top with cookie cutter; place on top
  of tarts, leaving sides open. Gently brush dough with beaten egg. Bake in
  preheated oven 30 minute, until golden brown. Serve with Caramel Ice Cream.
  (see part 2 for sauce and ice cream)
  
  From Gemini's MASSIVE MealMaster collection at www.synapse.com/~gemini
 
</step></directions></recipe></recipeml>
