<?xml version="1.0" encoding="UTF-8"?>

<recipeml version="0.5">
  <recipe>
    <head>
      <title>Apple Zucchini Slaw</title>
      <categories>
        <cat>Salad</cat></categories>
      <yield>6</yield></head>
    <ingredients>
      <ing-div>
        <title>DRESSING</title>
        <ing>
          <amt>
            <qty>1/2</qty>
            <unit>cups</unit></amt>
          <item>Lowfat vanilla yogurt (up to)</item></ing>
        <ing>
          <amt>
            <qty>1</qty>
            <unit>teaspoon</unit></amt>
          <item>Grated orange peel</item></ing></ing-div>
      <ing-div>
        <title>SALAD</title>
        <ing>
          <amt>
            <qty>2</qty>
            <unit>small</unit></amt>
          <item>Zucchini; shredded (about 2 cups)</item></ing>
        <ing>
          <amt>
            <qty>1 1/2</qty>
            <unit>cups</unit></amt>
          <item>Chopped apples</item></ing>
        <ing>
          <amt>
            <qty>1/4</qty>
            <unit>cups</unit></amt>
          <item>Raisins</item></ing>
        <ing>
          <amt>
            <qty>2</qty>
            <unit>tablespoons</unit></amt>
          <item>Unsalted shelled sunflower seeds</item></ing></ing-div></ingredients>
    <directions>
      <step>  In small bowl, combine dressing ingredients; blend well. In large bowl,
  combine all salad ingredients. Pour dressing over salad; stir gently to
  coat.
  
  CALORIES: 80      SODIUM: 15MG
  
  CHOLESTEROL: 0MG     FAT: 2G
  
  CARBOHYDRATE: 13G    SAT: 0G
  
  From &lt;Meals In Minutes&gt;, a Pillsbury Classic Cookbook.  Downloaded from
  Glen's MM Recipe Archive, http://www.erols.com/hosey.
 
</step></directions></recipe></recipeml>
