<?xml version="1.0" encoding="UTF-8"?>

<recipeml version="0.5">
  <recipe>
    <head>
      <title>Apple Turnovers</title>
      <categories>
        <cat>Desserts</cat></categories>
      <yield>4</yield></head>
    <ingredients>
      <ing-div>
        <title>DOUGH (FOR 12</title>
        <ing>
          <amt>
            <qty>2</qty>
            <unit>cups</unit></amt>
          <item>All purpose flour</item></ing>
        <ing>
          <amt>
            <qty>1/4</qty>
            <unit>teaspoons</unit></amt>
          <item>Salt</item></ing>
        <ing>
          <amt>
            <qty>3/4</qty>
            <unit>cups</unit></amt>
          <item>Cold butter</item></ing>
        <ing>
          <amt>
            <qty>2/3</qty>
            <unit>cups</unit></amt>
          <item>Cold water</item></ing></ing-div>
      <ing-div>
        <title>FILLING (FOR 4</title>
        <ing>
          <amt>
            <qty>2</qty>
            <unit/></amt>
          <item>Apples</item></ing>
        <ing>
          <amt>
            <qty>1/2</qty>
            <unit>cups</unit></amt>
          <item>Brown sugar</item></ing>
        <ing>
          <amt>
            <qty>1/2</qty>
            <unit>teaspoons</unit></amt>
          <item>Cinnamon</item></ing>
        <ing>
          <amt>
            <qty>1</qty>
            <unit>teaspoon</unit></amt>
          <item>Sugar</item></ing></ing-div></ingredients>
    <directions>
      <step>  Pastry: Combine flour and salt.  Cut butter into small pieces and cut into
  flour.  Add water and mix. Turn onto lightly floured board and knead about
  10 times. Flatten and roll to a long rectangle. Fold into 1/3 lengthwise
  and roll out again.  Do this four times, using sprinkling of flour to cover
  sticky spots of butter. If it becomes difficult to roll wrap in plastic and
  refrigerate until cold.  The last time you roll it, cut into 3 equal pieces
  (each piece rolls out to 10" X 10" and makes 4 turnovers). Freeze 2 of the
  pieces and use the apple filling to make 4 turnovers.
  Filling: Peel and core apples, slice thinly and mix with sugar and
  cinnamon.  Roll dough into 10" X 10" and cut into four 5" X 5" squares. On
  a baking sheet, place 1/4 of the mixture on each square and fold over into
  triangles. Crimp the edges with a fork so they do not leak. With a sharp
  knife cut a couple of slits into each turnover. Sprinkle sugar over the
  top. Place in refrigerator while oven heats to 425 C. Bake 15 minutes until
  lightly browned.
 
</step></directions></recipe></recipeml>
