<?xml version="1.0" encoding="UTF-8"?>

<recipeml version="0.5">
  <recipe>
    <head>
      <title>Apple Upside-Down Cake</title>
      <categories>
        <cat>Cakes</cat></categories>
      <yield>1</yield></head>
    <ingredients>
      <ing>
        <amt>
          <qty>1/2</qty>
          <unit>cups</unit></amt>
        <item>Butter or margarine</item></ing>
      <ing>
        <amt>
          <qty>3</qty>
          <unit>cups</unit></amt>
        <item>Sugar</item></ing>
      <ing>
        <amt>
          <qty>3/4</qty>
          <unit>cups</unit></amt>
        <item>Chopped blanched almonds; or walnuts, or pecan</item></ing>
      <ing>
        <amt>
          <qty>1</qty>
          <unit>tablespoon</unit></amt>
        <item>Ground cinnamon</item></ing>
      <ing>
        <amt>
          <qty>4</qty>
          <unit>medium</unit></amt>
        <item>Baking apples; pared and</item></ing>
      <ing>
        <amt>
          <qty/>
          <unit/></amt>
        <item>Sliced</item></ing>
      <ing>
        <amt>
          <qty>2 3/4</qty>
          <unit>cups</unit></amt>
        <item>Sifted flour</item></ing>
      <ing>
        <amt>
          <qty>3</qty>
          <unit>teaspoons</unit></amt>
        <item>Baking powder</item></ing>
      <ing>
        <amt>
          <qty>1/2</qty>
          <unit>teaspoons</unit></amt>
        <item>Salt</item></ing>
      <ing>
        <amt>
          <qty>2/3</qty>
          <unit>cups</unit></amt>
        <item>Vegetable shortening</item></ing>
      <ing>
        <amt>
          <qty>1 1/2</qty>
          <unit>cups</unit></amt>
        <item>Milk</item></ing>
      <ing>
        <amt>
          <qty>2</qty>
          <unit/></amt>
        <item>Eggs</item></ing>
      <ing>
        <amt>
          <qty>1</qty>
          <unit>teaspoon</unit></amt>
        <item>Vanilla extract</item></ing></ingredients>
    <directions>
      <step>  1. Melt butter in 13x9x2" baking pan inoven while pre-heating; remove.
  Combine 1 cup of sugar, chopped nuts and cinnamon in small bowl. Sprinkle
  evenly oveer melted butter. Arrange apple slices, overlapping slightly.
  
  2. Sift flour, remaining sugar, baking powder and salt into large bowl. Add
  shortening, milk, eggs and vanilla. Beat at low speed, until combined, then
  at high speed for 2 minutes. Pour evenly over apples.
  
  3. Bake at 350 F (160 C) for 1 hour and 10 minutes, or until top springs
  back when lightly pressed with fingertip.
  
  4. Cool in pan on wire rack for 5 minutes. Loosen around edges with a
  knife. Cover with a large serving tray or cookie sheet. Turn. Lift off pan.
  
  This came from an issue of either Family Circle or Woman's Day over 20
  years ago. It has never failed and has never failed to please. The original
  recipe calls for the blanched almonds, but I prefer the taste and texture
  of walnuts or pecans. I also recommend using Granny Smith apples, and
  unsalted margarine can be used in place of vegetable shortening. Butter is
  best for the topping
  Posted to MC-Recipe Digest V1 #235
  
  Date: Sat, 5 Oct 1996 20:42:16 -0400
  
  From: kmeade@ids2.idsonline.com (The Meades)
 
</step></directions></recipe></recipeml>
