<?xml version="1.0" encoding="UTF-8"?>

<recipeml version="0.5">
  <recipe>
    <head>
      <title>Apple Yam Crisp</title>
      <categories>
        <cat>Potatoes</cat>
        <cat>Desserts</cat></categories>
      <yield>6</yield></head>
    <ingredients>
      <ing>
        <amt>
          <qty>3</qty>
          <unit>cups</unit></amt>
        <item>Apples; sliced</item></ing>
      <ing>
        <amt>
          <qty>2</qty>
          <unit>cups</unit></amt>
        <item>Louisiana yams; thinly sliced</item></ing>
      <ing>
        <amt>
          <qty>1</qty>
          <unit>teaspoon</unit></amt>
        <item>Cinnamon</item></ing>
      <ing>
        <amt>
          <qty>1</qty>
          <unit>teaspoon</unit></amt>
        <item>Salt</item></ing>
      <ing>
        <amt>
          <qty>6</qty>
          <unit>tablespoons</unit></amt>
        <item>Water</item></ing>
      <ing>
        <amt>
          <qty>2</qty>
          <unit>tablespoons</unit></amt>
        <item>Lemon juice</item></ing>
      <ing>
        <amt>
          <qty>3/4</qty>
          <unit>cups</unit></amt>
        <item>All-purpose flour; sifted</item></ing>
      <ing>
        <amt>
          <qty>1</qty>
          <unit>cup</unit></amt>
        <item>Sugar</item></ing>
      <ing>
        <amt>
          <qty>1/3</qty>
          <unit>cups</unit></amt>
        <item>Butter or margarine</item></ing></ingredients>
    <directions>
      <step>  Alternate layers of apples and yams in 8 x 8 x 2-inch baking pan. Sprinkle
  each layer with cinnamon and salt. Pour water and lemon juice over yam
  mixture. Sift flour and sugar together; cut in butter or margarine.
  Sprinkle crumb mixture over other ingredients. Bake in moderate oven (350
  degrees) 40 minutes, or until apples and yams are tender. Serve warm with
  Lemon Hard Sauce.
  
  To make Lemon Hard Sauce: Cream 1/3 cup butter or margarine until light and
  fluffy. Gradually add 1 cup confectioners' sugar; beat well after each
  addition. Add 1 tablespoon light cream and 1/4 teaspoon lemon flavoring;
  mix well.
  
  NOTES : This booklet was prepared by the Louisiana Sweet Potato Commission.
  
  Recipe by: 75 Easy Yam Recipes with a Romantic Past
  
  Posted to MC-Recipe Digest V1 #891 by NGavlak@aol.com on Nov 8, 1997
 
</step></directions></recipe></recipeml>
