<?xml version="1.0" encoding="UTF-8"?>

<recipeml version="0.5">
  <recipe>
    <head>
      <title>Apple Tart Tatin</title>
      <categories>
        <cat>Bread machi</cat>
        <cat>Apples</cat>
        <cat>Low-fat</cat></categories>
      <yield>12</yield></head>
    <ingredients>
      <ing>
        <amt>
          <qty>1 1/2</qty>
          <unit>teaspoons</unit></amt>
        <item>Yeast; dry</item></ing>
      <ing>
        <amt>
          <qty>1 1/4</qty>
          <unit>cups</unit></amt>
        <item>Bread flour</item></ing>
      <ing>
        <amt>
          <qty>1</qty>
          <unit>cup</unit></amt>
        <item>Whole wheat flour</item></ing>
      <ing>
        <amt>
          <qty>1/2</qty>
          <unit>teaspoons</unit></amt>
        <item>Salt</item></ing>
      <ing>
        <amt>
          <qty>1/4</qty>
          <unit>cups</unit></amt>
        <item>Fig; minced dried</item></ing>
      <ing>
        <amt>
          <qty>3/4</qty>
          <unit>cups</unit></amt>
        <item>Water</item></ing>
      <ing>
        <amt>
          <qty>8</qty>
          <unit/></amt>
        <item>Apple; medium</item></ing>
      <ing>
        <amt>
          <qty>1</qty>
          <unit>cup</unit></amt>
        <item>Apple juice; concentrate</item></ing>
      <ing>
        <amt>
          <qty>1/2</qty>
          <unit>teaspoons</unit></amt>
        <item>Cinnamon</item></ing></ingredients>
    <directions>
      <step>  1. Add all ingredients for the dough in the order suggested by your bread
  machine manual and process on the dough cycle according to the
  manufacturers directions.
  
  2. While the dough is being processed, prepare the topping. Coat two
  10-inch cake pans with cooking spray. In a small saucepan, boil the apple
  juice concentrate over high heat until reduced by half, about 5 minutes.
  Pour the syrup into the two pans, dividing evenly and swirling if necessary
  to coat the bottoms. Quarter, core, and peel the apples. Cut each quarter
  into eighths. Arrange apples in concentric circles in each pan, overlapping
  the apples.
  
  3. When the dough cycle ends, remove the dough from the machine. Preheat
  the oven to 350 degrees. Divide the dough in half. On a floured surface
  with a floured rolling pin, roll each piece into a 10-inch circle. Place
  each circle on top of a pan of apples.
  
  4. Bake 40 to 45 minutes, or until the tops are brown and bubbling around
  the edges. Remove from the oven. Let rest 5 minutes, then invert onto a
  plate larger than the pan so that you will not lose any syrup that drips
  down the sides. Eat warm, not hot.
  
  Recipe by: The Best Low Fat No Sugar Bread Book
  
  Posted to recipelu-digest by Donna Lee Theis &lt;theis@geocities.com&gt; on Mar
  12, 1998
 
</step></directions></recipe></recipeml>
