<?xml version="1.0" encoding="UTF-8"?>

<recipeml version="0.5">
  <recipe>
    <head>
      <title>Apple Walnut Triangles</title>
      <categories>
        <cat>Cookies</cat>
        <cat>Apples</cat></categories>
      <yield>24</yield></head>
    <ingredients>
      <ing>
        <amt>
          <qty>2</qty>
          <unit/></amt>
        <item>Rome Beauty apples; peeled, finely chopped</item></ing>
      <ing>
        <amt>
          <qty>1/2</qty>
          <unit>cups</unit></amt>
        <item>Pine nuts -OR- walnuts; light toasted, fine choped</item></ing>
      <ing>
        <amt>
          <qty/>
          <unit/></amt>
        <item>Grated peel of 1 lemon</item></ing>
      <ing>
        <amt>
          <qty>2</qty>
          <unit>tablespoons</unit></amt>
        <item>Sugar</item></ing>
      <ing>
        <amt>
          <qty>1/4</qty>
          <unit>teaspoons</unit></amt>
        <item>Ground nutmeg</item></ing>
      <ing>
        <amt>
          <qty>5</qty>
          <unit/></amt>
        <item>Phyllo sheets; frozen, thaw</item></ing>
      <ing>
        <amt>
          <qty>1/2</qty>
          <unit>cups</unit></amt>
        <item>Unsalted butter; melted</item></ing>
      <ing>
        <amt>
          <qty/>
          <unit/></amt>
        <item>Powdered sugar; sifted (opt)</item></ing></ingredients>
    <directions>
      <step>  Combine apples, nuts, lemon peel, sugar and nutmeg in a medium bowl. Mix
  well to blend flavors; set aside. Unroll phyllo dough sheets. Cut dough
  lengthwise into 2" wide strips. Place on waxed paper over damp towels.
  Cover all dough strips except 2 of them. Brush the 2 strips with the melted
  butter. Place about 2 teaspoons of the filling in the center of each strip,
  about 1" from the top edge. Fold one corner of each strip over filling.
  Fold over again like a flag, till entire strip is folded. Place on buttered
  10x15" pan with sides. Repeat with remaining filling and phyllo strips.
  Brush folded pastries, top and bottom, with melted butter. Bake at 350~ for
  20-25 minutes or until golden. Cool on wire rack. Sprinkle with sifted
  powdered sugar if desired.
   Pat Empson 05/21 07:17 am
         FOOD AND WINE BB TOPIC: FOOD SOFTWARE TIME: 05/21 7:34 AM
  
  TO:      PAT EMPSON   (PFXX29A) FROM: PAT EMPSON (PFXX29A) SUBJECT: MM-MORE
  APPLES
  
  From Gemini's MASSIVE MealMaster collection at www.synapse.com/~gemini
 
</step></directions></recipe></recipeml>
