<?xml version="1.0" encoding="UTF-8"?>

<recipeml version="0.5">
  <recipe>
    <head>
      <title>Apple Upside-Down Gingerbread</title>
      <categories>
        <cat>None</cat></categories>
      <yield>8</yield></head>
    <ingredients>
      <ing-div>
        <title>APPLE TOPPING</title>
        <ing>
          <amt>
            <qty>4</qty>
            <unit>tablespoons</unit></amt>
          <item>Unsalted butter; melted</item></ing>
        <ing>
          <amt>
            <qty>3/4</qty>
            <unit>cups</unit></amt>
          <item>Light brown sugar</item></ing>
        <ing>
          <amt>
            <qty>3</qty>
            <unit/></amt>
          <item>Granny Smith apples; or other tart apples, peeled, halved, cored, and sliced thin</item></ing></ing-div>
      <ing-div>
        <title>GINGER BREAD</title>
        <ing>
          <amt>
            <qty>2 1/4</qty>
            <unit>cups</unit></amt>
          <item>Sifted unbleached all-purpose flour</item></ing>
        <ing>
          <amt>
            <qty>1/2</qty>
            <unit>teaspoons</unit></amt>
          <item>Baking soda</item></ing>
        <ing>
          <amt>
            <qty>1/2</qty>
            <unit>teaspoons</unit></amt>
          <item>Salt</item></ing>
        <ing>
          <amt>
            <qty>2</qty>
            <unit>teaspoons</unit></amt>
          <item>Powdered ginger</item></ing>
        <ing>
          <amt>
            <qty>1</qty>
            <unit>teaspoon</unit></amt>
          <item>Ground cinnamon</item></ing>
        <ing>
          <amt>
            <qty>1/2</qty>
            <unit>teaspoons</unit></amt>
          <item>Ground cloves</item></ing>
        <ing>
          <amt>
            <qty>1/2</qty>
            <unit>teaspoons</unit></amt>
          <item>Ground nutmeg</item></ing>
        <ing>
          <amt>
            <qty>1/2</qty>
            <unit>teaspoons</unit></amt>
          <item>Ground allspice</item></ing>
        <ing>
          <amt>
            <qty>1</qty>
            <unit>teaspoon</unit></amt>
          <item>Dutch process cocoa</item></ing>
        <ing>
          <amt>
            <qty>8</qty>
            <unit>tablespoons</unit></amt>
          <item>Unsalted butter; melted then cooled to room temperature</item></ing>
        <ing>
          <amt>
            <qty>3/4</qty>
            <unit>cups</unit></amt>
          <item>Light unsulphured molasses</item></ing>
        <ing>
          <amt>
            <qty>3/4</qty>
            <unit>cups</unit></amt>
          <item>Granulated white sugar</item></ing>
        <ing>
          <amt>
            <qty>1/2</qty>
            <unit>cups</unit></amt>
          <item>Buttermilk</item></ing>
        <ing>
          <amt>
            <qty>1/2</qty>
            <unit>cups</unit></amt>
          <item>Milk</item></ing>
        <ing>
          <amt>
            <qty>1</qty>
            <unit>large</unit></amt>
          <item>Egg</item></ing></ing-div></ingredients>
    <directions>
      <step>  1. For the apple topping: Grease sides of 1 1 -by-7-by-1 1/2-inch metal
  pan. Pour melted unsalted butter into pan-, spread brown sugar evenly over
  pan bottom. Arrange apple slices, overlapping slightly, on brown sugar
  mixture.
  
  2. Adjust oven rack to center position and heat oven to 350 degrees.
  
  3. For the gingerbread: whisk together flour, baking soda, salt,ginger,
  cinnamon, cloves, nutmeg, allspice, and cocoa in medium bowl.
  
  4. Beat butter, molasses, sugar, buttermilk, milk, and egg in large bowl of
  an electric mixer on low speed.
  
  5. Add dry ingredients to liquid" beat on medium speed until batter is
  smooth and thick, about 1 minute, scraping down sides of bowl with rubber
  spatula as needed. Do not overmix. (If using fresh ginger, batter will be
  lumpy.)
  
  6. Working quickly, pour batter over apple slices.
  
  7. Bake until top springs back when lightly touched, and edges have pulled
  away from the pan sides, about 50 to 60 minutes.
  
  8. Set pan on wire cake rack and let cool 5 minutes. Invert onto serving
  
  plate, cut into squares, and serve.
  
  Serves 8.
  
  Cook's Illustrated, Nov./Dec. 1995, Page 23. Credit: Judy Monroe.
  
  Nationality: USA Course: dessert Season:any Method: baked
  
  Start to Finish 2 hours Preparation 15 minutes Attention 1 1/2 hours
  Finishing 5 minutes
  
  Converted from Mangia!, Cook's Illustrated 1993-1995 Cookbook
  
  Recipe by: Cook's Illustrated, Nov./Dec. 1995, Page 23.
  
  Posted to MC-Recipe Digest by "Hobbs, D B                 USO"
  &lt;hobbs@lbcapo1.uso.unisys.com&gt; on Mar 16, 1998
 
</step></directions></recipe></recipeml>
