<?xml version="1.0" encoding="UTF-8"?>

<recipeml version="0.5">
  <recipe>
    <head>
      <title>Apple Tarts W/ Ice Cream</title>
      <categories>
        <cat>Dessert</cat></categories>
      <yield>6</yield></head>
    <ingredients>
      <ing-div>
        <title/>
        <ing>
          <amt>
            <qty>1 1/2</qty>
            <unit>pounds</unit></amt>
          <item>Puff pastry dough</item></ing>
        <ing>
          <amt>
            <qty>6</qty>
            <unit>large</unit></amt>
          <item>Cooking apples (like</item></ing>
        <ing>
          <amt>
            <qty/>
            <unit/></amt>
          <item>Newton; Pippin, Granny Smith)</item></ing>
        <ing>
          <amt>
            <qty>4 1/2</qty>
            <unit>tablespoons</unit></amt>
          <item>Butter</item></ing>
        <ing>
          <amt>
            <qty>1/3</qty>
            <unit>cups</unit></amt>
          <item>Sugar</item></ing>
        <ing>
          <amt>
            <qty>3</qty>
            <unit>tablespoons</unit></amt>
          <item>Calvados</item></ing>
        <ing>
          <amt>
            <qty>1</qty>
            <unit/></amt>
          <item>Egg; lightly beaten</item></ing>
        <ing>
          <amt>
            <qty>1/4</qty>
            <unit>cups</unit></amt>
          <item>CARAMEL SAUCE:</item></ing>
        <ing>
          <amt>
            <qty>1</qty>
            <unit>cup</unit></amt>
          <item>Sugar</item></ing>
        <ing>
          <amt>
            <qty>3/4</qty>
            <unit>cups</unit></amt>
          <item>Whipping cream</item></ing>
        <ing>
          <amt>
            <qty>3</qty>
            <unit>tablespoons</unit></amt>
          <item>Unsalted butter; cut in small pieces</item></ing></ing-div>
      <ing-div>
        <title>CARAMEL ICE CREAM</title>
        <ing>
          <amt>
            <qty>8</qty>
            <unit/></amt>
          <item>Egg yolks</item></ing>
        <ing>
          <amt>
            <qty>2/3</qty>
            <unit>cups</unit></amt>
          <item>Sugar</item></ing>
        <ing>
          <amt>
            <qty>2</qty>
            <unit>cups</unit></amt>
          <item>Milk</item></ing>
        <ing>
          <amt>
            <qty>2</qty>
            <unit>cups</unit></amt>
          <item>Whipping cream</item></ing>
        <ing>
          <amt>
            <qty>1</qty>
            <unit/></amt>
          <item>Vanilla bean; split</item></ing>
        <ing>
          <amt>
            <qty>1</qty>
            <unit>cup</unit></amt>
          <item>Caramel sauce</item></ing></ing-div></ingredients>
    <directions>
      <step>  Preheat oven to 325. Roll out 1/2 dough until 1/8-in. thick &amp; line six
  individual tart pans. Peel,core,&amp; thinly slice the apples. Heat 3 tbs.
  butter in skillet, saute apples 3-4 min. until golden. Sprinkle sauteing
  apple slices w/ sugar. Meanwhile,warm Calvados in saucepan. Pour warm
  brandy over apple slices, cover skillet for a few seconds,uncover,ignite.
  Fill tart pans w/ flambeed apple slices. Cut remaining 1-1/2 tbs. butter in
  6 pieces, lay 1 piece on each tart. Drizzle warm Caramel Sauce over tart
  fillings to glaze. Roll out remaining puff pastry dough until 1/8-in.
  thick. Cut out tops to cover tart shells. Cut design in center of each top
  w/ cookie cutter;place on top of tarts,leaving sides open. Gently brush
  dough w/ beaten egg. Bake in preheated oven 30 min., until golden brown.
  Serve w/Caramel Ice Cream. SAUCE: Combine sugar &amp; 1/2 cup water in heavy
  saucepan. Cook on med. heat 15-20 min., until sugar turns light golden
  brown. Don't let sugar burn. Remove saucepan from heat, immediately add
  cream,stirring until smooth. Add butter, let melt in sauce. Stir to combine
  thoroughly. Serve warm or chilled. If not using at once, cover w/plastic
  wrap, store in refrigerator. ICE CREAM: In 3-qt. bowl,whisk egg yolks
  together w/ sugar. Set aside. Pour milk &amp; cream into saucepan,add split
  vanilla bean. Heat just to boiling point to scald,then remove pan from
  heat. Pour a little scalded milk &amp; cream into egg mixture, stir gently.
  Gradually add &amp; mix in remaining milk &amp; cream. Return pan to stove, cook
  over med. to low heat,stirring constantly until mixture coats wooden spoon.
  Strain into bowl over ice. Stir in Caramel Sauce. Freeze in ice-cream
  maker, according to directions.
  
  SPAGO
  
  W. SUNSET BLVD.; LOS ANGELES
  
  RAYMOND CABERNET SAUVIGNON, 1978
  
  From the &lt;Micro Cookbook Collection of American recipes&gt;, downloaded from
  Glen's MM Recipe Archive, http://www.erols.com/hosey.
 
</step></directions></recipe></recipeml>
