<?xml version="1.0" encoding="UTF-8"?>

<recipeml version="0.5">
  <recipe>
    <head>
      <title>Apple Up and Down Cake</title>
      <categories>
        <cat>Cakes</cat>
        <cat>Low-fat</cat></categories>
      <yield>12</yield></head>
    <ingredients>
      <ing>
        <amt>
          <qty>1</qty>
          <unit>tablespoon</unit></amt>
        <item>Butter or margarine</item></ing>
      <ing>
        <amt>
          <qty>2</qty>
          <unit>tablespoons</unit></amt>
        <item>Lightly packed brown sugar</item></ing>
      <ing>
        <amt>
          <qty>1/2</qty>
          <unit>teaspoons</unit></amt>
        <item>Cinnamon</item></ing>
      <ing>
        <amt>
          <qty>1/2</qty>
          <unit>teaspoons</unit></amt>
        <item>Nutmeg</item></ing>
      <ing>
        <amt>
          <qty>3</qty>
          <unit>medium</unit></amt>
        <item>Apples, peeled, cored sliced</item></ing>
      <ing>
        <amt>
          <qty>3/4</qty>
          <unit>cups</unit></amt>
        <item>Flour</item></ing>
      <ing>
        <amt>
          <qty>1</qty>
          <unit>teaspoon</unit></amt>
        <item>Baking powder</item></ing>
      <ing>
        <amt>
          <qty>1/2</qty>
          <unit>teaspoons</unit></amt>
        <item>Salt</item></ing>
      <ing>
        <amt>
          <qty>1/3</qty>
          <unit>cups</unit></amt>
        <item>Granulated sugar</item></ing>
      <ing>
        <amt>
          <qty>1</qty>
          <unit/></amt>
        <item>Egg</item></ing>
      <ing>
        <amt>
          <qty>1</qty>
          <unit/></amt>
        <item>Egg white</item></ing>
      <ing>
        <amt>
          <qty>1/4</qty>
          <unit>cups</unit></amt>
        <item>Oil</item></ing>
      <ing>
        <amt>
          <qty>1/4</qty>
          <unit>cups</unit></amt>
        <item>2% milk</item></ing>
      <ing>
        <amt>
          <qty>1</qty>
          <unit>teaspoon</unit></amt>
        <item>Vanilla</item></ing>
      <ing>
        <amt>
          <qty>1/2</qty>
          <unit>cups</unit></amt>
        <item>Dried currants or raisins</item></ing>
      <ing>
        <amt>
          <qty>1</qty>
          <unit>medium</unit></amt>
        <item>Apple, cored and grated</item></ing></ingredients>
    <directions>
      <step>  My suggestion:  line a 9 x 9 inch cake pan or large deep dish pie plate
  with wax paper.  Melt the butter in a small glass cup in the microwave,
  stir in brown sugar, cinnamon and nutmeg. Spread as evenly as possible over
  the wax paper.  Original recipe used 10 inch skillet with ovenproof handle.
  Arrange apple slices (or chunks) in butter sauce.
  
  Combine flour, baking powder and salt on a piece of wax paper or in a
  mixing bowl.  In second bowl, beat together sugar, egg, egg white, oil,
  milk and vanilla. Combine with dry ingredients until just blended. Fold in
  currants (or raisins) and grated apple.  Leave the skin on the apple for
  extra fiber if you are using a food processor for the grating.
  
  Pour into pan over apple layer.  Bake at 350 F for 25 to 30 minutes or
  until cake tester inserted in center of cake comes out clean. Set aside to
  let cool.
  
  Carefully invert pan and remove cake to serving plate. Makes 12 servings.
  
  Each serving 161 calories 24 g carbohydrate, 2 g protein, 6 g fat 1 starch
  choice, 1 fruit, 1 fat
  
  Source:  Choice Desserts by Kay Spicer 1986 Shared and tested by Elizabeth
  Rodier
  
  From Gemini's MASSIVE MealMaster collection at www.synapse.com/~gemini
 
</step></directions></recipe></recipeml>
