<?xml version="1.0" encoding="UTF-8"?>

<recipeml version="0.5">
  <recipe>
    <head>
      <title>Apple Tart</title>
      <categories>
        <cat>Pie</cat></categories>
      <yield>8</yield></head>
    <ingredients>
      <ing>
        <amt>
          <qty>1</qty>
          <unit>cup</unit></amt>
        <item>Sugar</item></ing>
      <ing>
        <amt>
          <qty>3</qty>
          <unit>tablespoons</unit></amt>
        <item>Flour</item></ing>
      <ing>
        <amt>
          <qty>1/2</qty>
          <unit>teaspoons</unit></amt>
        <item>Cinnamon</item></ing>
      <ing>
        <amt>
          <qty>1/8</qty>
          <unit>teaspoons</unit></amt>
        <item>Nutmeg</item></ing>
      <ing>
        <amt>
          <qty>1</qty>
          <unit>teaspoon</unit></amt>
        <item>Ground coriander</item></ing>
      <ing>
        <amt>
          <qty>1/4</qty>
          <unit>teaspoons</unit></amt>
        <item>Salt (up to)</item></ing>
      <ing>
        <amt>
          <qty>7</qty>
          <unit>cups</unit></amt>
        <item>Sliced apples</item></ing>
      <ing>
        <amt>
          <qty>1</qty>
          <unit/></amt>
        <item>Unbaked 10" deep-dish pie shell</item></ing>
      <ing>
        <amt>
          <qty/>
          <unit/></amt>
        <item>Margarine; streusel topping, ice cream</item></ing></ingredients>
    <directions>
      <step>  Date: Fri, 1 Mar 96 6:47:18 EST
  
  submitted by: howle@ebicom.net
  Combine sugar, flour, spices and salt.  Stir in apples.  Let stand 30
  minutes.  Spoon into pastry shell; dot with margarine.  Sprinkle topping
  over apples. Bake at 400 d. for 50-55 minutes. If it gets too brown, cover
  loosely with foil.  Serve warm with ice cream.
  
  Streusel topping:  1/2 cup firmly packed brown sugar, 1 cup flour, 1/2 cup
  margarine.  Mix or process until crumbly.
  
  Judy Howle, Columbus, Mississippi &lt;howle@ebicom.net&gt;
  
  DAVE &lt;DAVIDG@CLAM.RUTGERS.EDU&gt;
  
  RECIPEINTERNET LIST SERVER
  
  From the 'RECIPEinternet: Recipes from Around the World' recipe list.
  Downloaded from Glen's MM Recipe Archive, http://www.erols.com/hosey.
 
</step></directions></recipe></recipeml>
