<?xml version="1.0" encoding="UTF-8"?>

<recipeml version="0.5">
  <recipe>
    <head>
      <title>Appling High School Brunswick Stew, Baxley, Georgia</title>
      <categories>
        <cat>Main</cat></categories>
      <yield>75</yield></head>
    <ingredients>
      <ing>
        <amt>
          <qty>5</qty>
          <unit/></amt>
        <item>Hog heads</item></ing>
      <ing>
        <amt>
          <qty>5</qty>
          <unit>pounds</unit></amt>
        <item>Ground beef</item></ing>
      <ing>
        <amt>
          <qty>2</qty>
          <unit>gallons</unit></amt>
        <item>Ketchup</item></ing>
      <ing>
        <amt>
          <qty>2 1/2</qty>
          <unit>gallons</unit></amt>
        <item>Tomatoes</item></ing>
      <ing>
        <amt>
          <qty/>
          <unit/></amt>
        <item>Red pepper to taste</item></ing>
      <ing>
        <amt>
          <qty>25</qty>
          <unit/></amt>
        <item>Hens</item></ing>
      <ing>
        <amt>
          <qty>50</qty>
          <unit>pounds</unit></amt>
        <item>Irish potatoes</item></ing>
      <ing>
        <amt>
          <qty>30</qty>
          <unit/></amt>
        <item>Onions</item></ing>
      <ing>
        <amt>
          <qty>20</qty>
          <unit/></amt>
        <item>Lemons</item></ing>
      <ing>
        <amt>
          <qty>1</qty>
          <unit/></amt>
        <item>1 Gallon who kernel corn</item></ing></ingredients>
    <directions>
      <step>  The day before needed; boil hog heads and hens in separate containers. When
  tender grind hog heads and remove bones from hens. In a 50 gallon pot brown
  ground beef and chopped onions. Add ground hog heads and hens that have
  been cut up into small pieces. Add catsup, lemons and red pepper to taste.
  Simmer for 1 to 2 hours. Add diced potatoes, tomatoes, whole kernel corn.
  Simmer until mixture is well blended. About 1 hour
  
  Recipe by: by Doris Morris Published in the FHA Cookbook
  
  Posted to bbq-digest V5 #753 by RockMc &lt;RockMc@aol.com&gt; on Dec 10, 1997
 
</step></directions></recipe></recipeml>
