<?xml version="1.0" encoding="UTF-8"?>

<recipeml version="0.5">
  <recipe>
    <head>
      <title>Apricot-Dijon Glazed Turkey with Herbed Pilaf</title>
      <categories>
        <cat>Turkey</cat>
        <cat>Main dishes</cat>
        <cat>Sauces</cat>
        <cat>Rice &amp; grai</cat></categories>
      <yield>6</yield></head>
    <ingredients>
      <ing-div>
        <title>HERBED PILAF</title>
        <ing>
          <amt>
            <qty>2 3/4</qty>
            <unit>cups</unit></amt>
          <item>Water</item></ing>
        <ing>
          <amt>
            <qty>6</qty>
            <unit/></amt>
          <item>Chicken bouillon cubes or 6 teaspoons chicken bouillon granules</item></ing>
        <ing>
          <amt>
            <qty>1 1/2</qty>
            <unit>cups</unit></amt>
          <item>Uncooked long-grain white rice</item></ing>
        <ing>
          <amt>
            <qty>1/2</qty>
            <unit>cups</unit></amt>
          <item>Slivered almonds</item></ing>
        <ing>
          <amt>
            <qty>1/2</qty>
            <unit>cups</unit></amt>
          <item>Chopped dried apricots</item></ing>
        <ing>
          <amt>
            <qty>4</qty>
            <unit/></amt>
          <item>Green onions with tops; sliced</item></ing>
        <ing>
          <amt>
            <qty>1/4</qty>
            <unit>cups</unit></amt>
          <item>Snipped fresh parsley</item></ing>
        <ing>
          <amt>
            <qty>1</qty>
            <unit>tablespoon</unit></amt>
          <item>Orange zest</item></ing>
        <ing>
          <amt>
            <qty>1</qty>
            <unit>teaspoon</unit></amt>
          <item>Dried rosemary; crushed</item></ing>
        <ing>
          <amt>
            <qty>1</qty>
            <unit>teaspoon</unit></amt>
          <item>Dried thyme leaves</item></ing>
        <ing>
          <amt>
            <qty>1</qty>
            <unit/></amt>
          <item>Boneless turkey breast half about 2 1/2 pounds</item></ing></ing-div>
      <ing-div>
        <title>APRICOT-DIJON SAUCE</title>
        <ing>
          <amt>
            <qty>1</qty>
            <unit>cup</unit></amt>
          <item>Apricot jam or orange marmalade</item></ing>
        <ing>
          <amt>
            <qty>2</qty>
            <unit>tablespoons</unit></amt>
          <item>Dijon mustard</item></ing></ing-div></ingredients>
    <directions>
      <step>  Preheat oven to 350°F. For herbed pilaf, bring water to a boil. Add
  bouillon; stir until dissolved. Cool slightly. Pour bouillon into Stoneware
  Baking Bowl. Add all remaining pilaf ingredients except turkey; mix well.
  Remove any excess fat from turkey breast; place on top of rice mixture.
  Cover with Deep Dish Baker. Bake 45 minutes. Remove turkey from oven;
  carefully remove Baker with Oven Mitts.
  
  For Apricot-Dijon sauce, combine jam and Dijon mustard in Generation II 1
  1/2-Qt. Saucepan. Remove 1/4 cup of the sauce; brush onto turkey with
  Pastry Brush. Set remaining sauce aside. Return turkey to oven; continue
  baking, uncovered, 25-35 minutes or until Pocket Thermometer inserted into
  thickest part of breast registers 170°F. Remove turkey from oven. Cover;
  let stand 10 minutes before carving.
  
  Meanwhile, heat remaining sauce over medium heat until warm. Carve turkey
  with 8" Self-Sharpening Canring Knife. Stir pilaf just before serving,
  serve with turkey and sauce.
  
  Yield: 6 servings.
  
  Approximately 630 calories and 17 grams of fat per serving.
  
  COOK'S TIP
  
  After removing the turkey from the oven, cover it and let it stand for 10
  minutes. This standing time will allow the internal temperature of the meat
  to rise to 180°F, the proper doneness temperature for turkey.
  
  Busted by Gail Shermeyer &lt;4paws@netrax.net&gt;
  
  NOTES : Excellent for entertaining or a special Sunday dinner, this turkey
  breast is glazed with an easy apricot sauce for extra moisture and flavor.
  Recipe by: Stoneware Sensations, Doris Christopher (Pampered Chef)
  
  Posted to Bakery-Shoppe Digest by Gail Shermeyer &lt;4paws@netrax.net&gt; on Apr
  15, 1998
 
</step></directions></recipe></recipeml>
