<?xml version="1.0" encoding="UTF-8"?>

<recipeml version="0.5">
  <recipe>
    <head>
      <title>Apricot-Pork Meatball</title>
      <categories>
        <cat>Appetizer</cat></categories>
      <yield>20</yield></head>
    <ingredients>
      <ing-div>
        <title>MEATBALLS</title>
        <ing>
          <amt>
            <qty>3/4</qty>
            <unit>pounds</unit></amt>
          <item>Ground pork or beef</item></ing>
        <ing>
          <amt>
            <qty>1/3</qty>
            <unit>cups</unit></amt>
          <item>Dry bread crumbs</item></ing>
        <ing>
          <amt>
            <qty>1/4</qty>
            <unit>cups</unit></amt>
          <item>Dried apricots; finely Chopped</item></ing>
        <ing>
          <amt>
            <qty>1</qty>
            <unit>teaspoon</unit></amt>
          <item>Soy sauce</item></ing>
        <ing>
          <amt>
            <qty>1/2</qty>
            <unit>teaspoons</unit></amt>
          <item>Five-spice powder</item></ing>
        <ing>
          <amt>
            <qty>1/4</qty>
            <unit>teaspoons</unit></amt>
          <item>Garlic powder</item></ing>
        <ing>
          <amt>
            <qty>1</qty>
            <unit>large</unit></amt>
          <item>Egg</item></ing></ing-div>
      <ing-div>
        <title>SPICY APRICOT GLAZE</title>
        <ing>
          <amt>
            <qty>1/2</qty>
            <unit>cups</unit></amt>
          <item>Apricot preserves</item></ing>
        <ing>
          <amt>
            <qty>1/3</qty>
            <unit>cups</unit></amt>
          <item>Stir-fry or sweet-and-sour Sauce</item></ing>
        <ing>
          <amt>
            <qty>1/4</qty>
            <unit>tablespoons</unit></amt>
          <item>Five-spice powder</item></ing></ing-div></ingredients>
    <directions>
      <step>  FOR APRICOT-PORK MEATBALLS: Heat oven to 350 . Mix all ingredients except
  Spicy Apricot Glaze. Shape mixture into 20 meatballs. Place in ungreased
  rectangular pan, 13x9x2 inches. Bake uncovered about 20 minutes or until no
  longer pink center; drain well. (If using Do-Ahead Tip, stop here).
  
  Prepare Spicy Apricot Glaze.  Serve with meatballs.
  
  FOR SPICY APRICOT GLAZE: Mix all ingredients in 1-quart saucepan. Heat over
  medium heat, stirring occasionally, until hot.
  
  DO AHEAD TIP: Place drained cooked meatballs in single layer on cookie
  sheet.  Freeze uncovered about 1 hour or until firm. Place meatballs in
  labeled airtight freezer container. Freeze no longer than two months.
  
  Apout 30 minutes before serving, heat oven to 400 .  Place meatballs in
  single layer in ungreased rectangular pan, 13x9x2 inches.  Bake uncovered
  15 to 20 minutes or until hot. Prepare Spicy Apricot Glaze. Serve with
  meatballs.
  
  Diet Exchange:  1/2 lean meat, 1/2 fruit
  
  Recipe By     : Betty Crocker Holidays   1995 From the recipe files of
  suzy@gannett.infi.net
  
  Date: Sat, 22 Jun 1996 16:09:36 -0400 (EDT)
  
  From: suzy &lt;suzy@gannett.infi.net&gt;
  
  MM-Recipes Digest V3 #173
  
  From the MealMaster recipe list.  Downloaded from Glen's MM Recipe Archive,
  http://www.erols.com/hosey.
 
</step></directions></recipe></recipeml>
