<?xml version="1.0" encoding="UTF-8"?>

<recipeml version="0.5">
  <recipe>
    <head>
      <title>Apricot-Nut Squares, Finalist</title>
      <categories>
        <cat>Import</cat></categories>
      <yield>24</yield></head>
    <ingredients>
      <ing>
        <amt>
          <qty>1 1/2</qty>
          <unit/></amt>
        <item>Sticks margarine; melted</item></ing>
      <ing>
        <amt>
          <qty>1</qty>
          <unit>pound</unit></amt>
        <item>Light brown sugar</item></ing>
      <ing>
        <amt>
          <qty>3</qty>
          <unit/></amt>
        <item>Eggs</item></ing>
      <ing>
        <amt>
          <qty>2 2/3</qty>
          <unit>cups</unit></amt>
        <item>Self-rising flour</item></ing>
      <ing>
        <amt>
          <qty>1</qty>
          <unit>teaspoon</unit></amt>
        <item>Almond extract</item></ing>
      <ing>
        <amt>
          <qty>2</qty>
          <unit>tablespoons</unit></amt>
        <item>Water</item></ing>
      <ing>
        <amt>
          <qty>1</qty>
          <unit>cup</unit></amt>
        <item>Chopped nuts</item></ing>
      <ing>
        <amt>
          <qty>1</qty>
          <unit>cup</unit></amt>
        <item>Finely chopped dried apricots</item></ing></ingredients>
    <directions>
      <step>  In the large bowl of a mixer, blend the melted margarine and sugar. Add the
  eggs, blend. Blend in the flour, almond extract and water. Add the chopped
  apricots and nuts. Stir well.
  
  Transfer the batter to a greased 9- by 13- by 2-inch baking pan and bake at
  350 degrees for 35 minutes or until a toothpick inserted in the middle
  comes out clean. Cool on a wire rack, then cut into squares. (They freeze
  well.)
  
  Formatted by suechef@sover.net
  
  NOTES : Amelia Britt of Newport News "It's nutritional, tasty, chewy, keeps
  well and also freezes well. It is a good "year-'round cookie."
  Recipe by: Newport News' Centennial Cookie Contest
  
  Posted to MC-Recipe Digest V1 #834 by Sue &lt;suechef@sover.net&gt; on Oct 09,
  1997
 
</step></directions></recipe></recipeml>
