<?xml version="1.0" encoding="UTF-8"?>

<recipeml version="0.5">
  <recipe>
    <head>
      <title>Apricot-Glazed Cornish Hens</title>
      <categories>
        <cat>Cornish hen</cat></categories>
      <yield>8</yield></head>
    <ingredients>
      <ing>
        <amt>
          <qty>3/4</qty>
          <unit>cups</unit></amt>
        <item>Apricot preserves</item></ing>
      <ing>
        <amt>
          <qty/>
          <unit/></amt>
        <item>Orange zest; grated</item></ing>
      <ing>
        <amt>
          <qty/>
          <unit/></amt>
        <item>Juice of one orange</item></ing>
      <ing>
        <amt>
          <qty>4</qty>
          <unit/></amt>
        <item>Cornish game hens</item></ing>
      <ing>
        <amt>
          <qty>1/2</qty>
          <unit>teaspoons</unit></amt>
        <item>Paprika</item></ing>
      <ing>
        <amt>
          <qty>1/2</qty>
          <unit>cups</unit></amt>
        <item>Cashew nuts</item></ing>
      <ing>
        <amt>
          <qty>2</qty>
          <unit>tablespoons</unit></amt>
        <item>Butter; melted</item></ing>
      <ing>
        <amt>
          <qty>1/2</qty>
          <unit>cups</unit></amt>
        <item>Scallions; sliced</item></ing>
      <ing>
        <amt>
          <qty>6</qty>
          <unit>ounces</unit></amt>
        <item>Wild rice mix</item></ing>
      <ing>
        <amt>
          <qty>2 1/3</qty>
          <unit>cups</unit></amt>
        <item>Chicken broth</item></ing>
      <ing>
        <amt>
          <qty/>
          <unit/></amt>
        <item>Spinach leaves</item></ing>
      <ing>
        <amt>
          <qty/>
          <unit/></amt>
        <item>Apricot roses *</item></ing></ingredients>
    <directions>
      <step>  Combine apricot preserves, orange rind, and orange juice; set aside. Remove
  giblets from hens; reserve for other uses. Rinse hens with cold water, and
  pat dry. Close cavities, and secure with wooden picks; truss. Sprinkle with
  paprika and place on a rack in a lightly greased roasting pan. Bake at 350
  degrees for 1-1/4 to 1-1/2 hours, basting frequently with about 1/2 cup
  apricot mixture during the last 30 minutes.
  
  Saute cashews in butter in a large skillet until cashews are golden. Drain
  and set aside, reserving butter in skillet. Saute onions in same skillet
  until tender. Add wild rice, and prepare according to package directions,
  substituting chicken broth for water and omitting salt. When done, stir the
  cashews back into the rice. Arrange Cornish hens on serving platter; brush
  with remaining apricot mixture. Garnish with apricot roses and spinach
  leaves, if desired, and serve with rice.
  
  * To make apricot roses, use a rolling pin to flatten 4 or 5 dried apricots
  for each rose. Wrap apricots around each other, shaping them to resemble a
  rose; pinch stem end to make them adhere.
  
  Source: Southern Living Magazine.
  
  From Gemini's MASSIVE MealMaster collection at www.synapse.com/~gemini
 
</step></directions></recipe></recipeml>
