<?xml version="1.0" encoding="UTF-8"?>

<recipeml version="0.5">
  <recipe>
    <head>
      <title>Apricot-Raisin Bars</title>
      <categories>
        <cat>Cookies</cat>
        <cat>Low-fat</cat></categories>
      <yield>24</yield></head>
    <ingredients>
      <ing-div>
        <title>FILLING</title>
        <ing>
          <amt>
            <qty>1/2</qty>
            <unit>cups</unit></amt>
          <item>Dried apricots, diced</item></ing>
        <ing>
          <amt>
            <qty>1/4</qty>
            <unit>cups</unit></amt>
          <item>Raisins</item></ing>
        <ing>
          <amt>
            <qty>1/2</qty>
            <unit>cups</unit></amt>
          <item>Apples, peeled and grated</item></ing>
        <ing>
          <amt>
            <qty>1/2</qty>
            <unit>cups</unit></amt>
          <item>Reduced-sugar apricot preserves</item></ing></ing-div>
      <ing-div>
        <title>CRUST</title>
        <ing>
          <amt>
            <qty>1 1/2</qty>
            <unit>teaspoons</unit></amt>
          <item>Baking soda</item></ing>
        <ing>
          <amt>
            <qty>1</qty>
            <unit>cup</unit></amt>
          <item>All-purpose flour</item></ing>
        <ing>
          <amt>
            <qty>1/2</qty>
            <unit>cups</unit></amt>
          <item>Oat bran</item></ing>
        <ing>
          <amt>
            <qty>2</qty>
            <unit>cups</unit></amt>
          <item>Rolled oats</item></ing>
        <ing>
          <amt>
            <qty>1</qty>
            <unit>teaspoon</unit></amt>
          <item>Ground cinnamon</item></ing>
        <ing>
          <amt>
            <qty>1</qty>
            <unit>cup</unit></amt>
          <item>Brown sugar</item></ing>
        <ing>
          <amt>
            <qty>3/4</qty>
            <unit>cups</unit></amt>
          <item>Reduced-calorie margarine, melted</item></ing></ing-div></ingredients>
    <directions>
      <step>  In a medium bowl, combine all filling ingredients. Stir well.
  
  Make crust: In a large bowl, combine baking soda, flour, oat bran, oats,
  cinnamon, and brown sugar. Stir in melted margarine. Press slightly more
  than half of crust mixture in bottom of a 9- by 13-inch pan sprayed with
  vegetable cooking spray.
  
  Spread on filling. Sprinkle on remaining crust. Bake at 325 degrees for 20
  minutes. Cut into bars.
  
  Makes 24 bars
  
  Nutritional analysis: Per 2-inch square: 151 calories, 2 grams protein, 27
  grams carbohydrate, 4 grams fat (26 percent), 124 milligrams sodium.
  
  FROM Karen Mangum's cookbook "Life's Simple Pleasures: Fine Vegetarian
  Cooking for Sharing and Celebration."
  Posted to MM-Recipes Digest V3 #321
  
  Date: Fri, 22 Nov 1996 12:01:20 +0000
  
  From: Linda Place &lt;placel@worldnet.att.net&gt;
 
</step></directions></recipe></recipeml>
