<?xml version="1.0" encoding="UTF-8"?>

<recipeml version="0.5">
  <recipe>
    <head>
      <title>Apricot-Orange Balls</title>
      <categories>
        <cat>Candy</cat></categories>
      <yield>24</yield></head>
    <ingredients>
      <ing>
        <amt>
          <qty>10</qty>
          <unit>ounces</unit></amt>
        <item>Dried apricots or peaches</item></ing>
      <ing>
        <amt>
          <qty>2/3</qty>
          <unit>cups</unit></amt>
        <item>Hazelnuts; walnuts, almonds, or pecans</item></ing>
      <ing>
        <amt>
          <qty>2/3</qty>
          <unit>cups</unit></amt>
        <item>Powdered sugar</item></ing>
      <ing>
        <amt>
          <qty>2</qty>
          <unit>teaspoons</unit></amt>
        <item>Grated orange zest</item></ing>
      <ing>
        <amt>
          <qty>2</qty>
          <unit>tablespoons</unit></amt>
        <item>Orange juice or rum</item></ing>
      <ing>
        <amt>
          <qty>3</qty>
          <unit>ounces</unit></amt>
        <item>Bittersweet chocolate (optional)</item></ing></ingredients>
    <directions>
      <step>  Date: Sun, 17 Mar 1996 23:27:01 -0500
  
  From: kmeade@ids2.idsonline.com (The Meades)
  Delicious, nutritious, and definitely quick and easy to make for gifts or
  include on party cookie plates. Takes 20 minutes to prepare for rolling.
  
  Toast nuts: Preheat oven to 350 F. Spread nuts in shallow pan and bake 5-10
  minutes.
  
  Pulse apricots and nuts in food processor just until finely chopped. Place
  mixture in bowl; stir in sugar, orange zest, and orange juice. Roll mixture
  into 1" balls and arrange close together in shallow pan.
  
  Melt chocolate in glass measuring cup in microwave on High for about 1
  minute. Drizzle chocolate over tops of candies; or spoon chocolate in
  plastic snadwich bag, cut tiny hole in one corner, and pipe chocolate over
  candies.
  
  Variation: Instead of chocolate, roll candies in granulated sugar.
  
  Store in airtight container in refrigerator about 1 week.
  
  Per piece: 81 calories, 2 gm fat.
  
  Presented by Anne Steirer at a "Healthy Holiday Gifts" seminar on Oct. 24,
  1995.
  
  MC-RECIPE@MASTERCOOK.COM
  
  MASTERCOOK RECIPES LIST SERVER
  
  From the MasterCook recipe list.  Downloaded from Glen's MM Recipe Archive,
  http://www.erols.com/hosey.
 
</step></directions></recipe></recipeml>
