<?xml version="1.0" encoding="UTF-8"?>

<recipeml version="0.5">
  <recipe>
    <head>
      <title>Apricot-Pineapple Noodle Kugel</title>
      <categories>
        <cat>None</cat></categories>
      <yield>1</yield></head>
    <ingredients>
      <ing>
        <amt>
          <qty>6</qty>
          <unit>ounces</unit></amt>
        <item>Medium egg noodles</item></ing>
      <ing>
        <amt>
          <qty>1 1/2</qty>
          <unit>cups</unit></amt>
        <item>Chopped dried apricots</item></ing>
      <ing>
        <amt>
          <qty>1</qty>
          <unit>cup</unit></amt>
        <item>Boiling water</item></ing>
      <ing>
        <amt>
          <qty>6</qty>
          <unit/></amt>
        <item>Eggs</item></ing>
      <ing>
        <amt>
          <qty>1 1/4</qty>
          <unit>cups</unit></amt>
        <item>Sugar</item></ing>
      <ing>
        <amt>
          <qty>2</qty>
          <unit>cups</unit></amt>
        <item>Sour cream</item></ing>
      <ing>
        <amt>
          <qty>1</qty>
          <unit>can</unit></amt>
        <item>(8 oz.) crushed pineapple drained</item></ing>
      <ing>
        <amt>
          <qty>1/2</qty>
          <unit>teaspoons</unit></amt>
        <item>Grated lemon peel</item></ing>
      <ing>
        <amt>
          <qty>1/8</qty>
          <unit>teaspoons</unit></amt>
        <item>Salt</item></ing></ingredients>
    <directions>
      <step>  In large saucepot, cook noodles; drain. In medium bowl, soak apricots in
  boiling water for 15 minutes. Preheat oven to 350. In large bowl, beat eggs
  and sugar with electric mixer until pale yellow and thick. Add sour cream
  and beat on low speed until smooth. Drain apricots well. Stir in apricots,
  pineapple, lemon peel, salt and noodles into egg mixture. Pour into well
  greased 13 x 9 inch pan. Bake 30-35 minutes Cut into squares. Mary Curtis
  
  Posted to EAT-L Digest  by mary curtis &lt;curtism@FUSE.NET&gt; on Dec 6, 1997
 
</step></directions></recipe></recipeml>
