<?xml version="1.0" encoding="UTF-8"?>

<recipeml version="0.5">
  <recipe>
    <head>
      <title>Apricot-Braised Pork Loin</title>
      <categories>
        <cat>Meats</cat></categories>
      <yield>1</yield></head>
    <ingredients>
      <ing>
        <amt>
          <qty>1</qty>
          <unit>tablespoon</unit></amt>
        <item>Vegetable oil</item></ing>
      <ing>
        <amt>
          <qty>2</qty>
          <unit>pounds</unit></amt>
        <item>Boneless pork loin roast</item></ing>
      <ing>
        <amt>
          <qty>1 1/2</qty>
          <unit>cups</unit></amt>
        <item>Chopped onions</item></ing>
      <ing>
        <amt>
          <qty>1/2</qty>
          <unit>cups</unit></amt>
        <item>Chopped carrot</item></ing>
      <ing>
        <amt>
          <qty>1</qty>
          <unit/></amt>
        <item>Clove garlic; minced</item></ing>
      <ing>
        <amt>
          <qty>2</qty>
          <unit>cans</unit></amt>
        <item>Apricot nectar; (12 oz. each)</item></ing>
      <ing>
        <amt>
          <qty>1</qty>
          <unit>teaspoon</unit></amt>
        <item>Dry mustard</item></ing>
      <ing>
        <amt>
          <qty>1</qty>
          <unit>teaspoon</unit></amt>
        <item>Salt</item></ing>
      <ing>
        <amt>
          <qty/>
          <unit/></amt>
        <item>Watercress</item></ing></ingredients>
    <directions>
      <step>  Heat oil in Dutch oven over medium-high heat. Add pork and brown on all
  sides. Add onions, carrot and garlic; cook 3 to 5 minutes until onions are
  tender. Add nectar, mustard, salt and enough water to almost cover pork.
  Bring to a boil. Cover and bake 1 1/2 hours in preheated 375 degrees oven
  until meat thermometer inserted in thickest part reads 170 degrees. Remove
  pork; keep warm. Boil pan juices about 5 minutes until thickened. Serve
  pork with sauce; garnish with watercress. Serves 6.
  Posted to recipelu-digest by "Diane Geary" &lt;diane@keyway.net&gt; on Mar 22,
  1998
 
</step></directions></recipe></recipeml>
