<?xml version="1.0" encoding="UTF-8"?>

<recipeml version="0.5">
  <recipe>
    <head>
      <title>Apricot-Lavender Crepes W/riesling</title>
      <categories>
        <cat>Chefs</cat>
        <cat>Desserts</cat></categories>
      <yield>6</yield></head>
    <ingredients>
      <ing-div>
        <title>BATTER</title>
        <ing>
          <amt>
            <qty>1 1/2</qty>
            <unit>tablespoons</unit></amt>
          <item>Butter</item></ing>
        <ing>
          <amt>
            <qty>1/2</qty>
            <unit>cups</unit></amt>
          <item>Milk</item></ing>
        <ing>
          <amt>
            <qty>1 1/2</qty>
            <unit>tablespoons</unit></amt>
          <item>Peanut oil</item></ing>
        <ing>
          <amt>
            <qty>6 1/2</qty>
            <unit>tablespoons</unit></amt>
          <item>All-purpose flour</item></ing>
        <ing>
          <amt>
            <qty>1</qty>
            <unit>tablespoon</unit></amt>
          <item>Sugar; generous</item></ing>
        <ing>
          <amt>
            <qty>1</qty>
            <unit>large</unit></amt>
          <item>Egg</item></ing>
        <ing>
          <amt>
            <qty>1/3</qty>
            <unit>teaspoons</unit></amt>
          <item>Fresh lavender blossoms</item></ing></ing-div>
      <ing-div>
        <title>APRICOT FILLING</title>
        <ing>
          <amt>
            <qty>14</qty>
            <unit/></amt>
          <item>Dried apricots; Turkish</item></ing>
        <ing>
          <amt>
            <qty>1</qty>
            <unit>cup</unit></amt>
          <item>Riesling wine</item></ing>
        <ing>
          <amt>
            <qty>1</qty>
            <unit>cup</unit></amt>
          <item>Water</item></ing>
        <ing>
          <amt>
            <qty>1 1/2</qty>
            <unit>teaspoons</unit></amt>
          <item>Orange zest; grated</item></ing>
        <ing>
          <amt>
            <qty>3</qty>
            <unit>tablespoons</unit></amt>
          <item>Honey</item></ing></ing-div>
      <ing-div>
        <title>RIESLING SAUCE</title>
        <ing>
          <amt>
            <qty>1/2</qty>
            <unit>cups</unit></amt>
          <item>Riesling wine</item></ing>
        <ing>
          <amt>
            <qty>1/2</qty>
            <unit>cups</unit></amt>
          <item>Water</item></ing>
        <ing>
          <amt>
            <qty>1</qty>
            <unit>cup</unit></amt>
          <item>Sugar</item></ing>
        <ing>
          <amt>
            <qty>1</qty>
            <unit>tablespoon</unit></amt>
          <item>Orange zest</item></ing>
        <ing>
          <amt>
            <qty>1/2</qty>
            <unit>tablespoons</unit></amt>
          <item>Lime zest</item></ing>
        <ing>
          <amt>
            <qty>1</qty>
            <unit>teaspoon</unit></amt>
          <item>Fresh lavender blossoms</item></ing>
        <ing>
          <amt>
            <qty>1</qty>
            <unit>pinch</unit></amt>
          <item>Cream of tartar</item></ing></ing-div>
      <ing-div>
        <title>GARNISH</title>
        <ing>
          <amt>
            <qty/>
            <unit/></amt>
          <item>Flavored whipped cream; optional</item></ing>
        <ing>
          <amt>
            <qty/>
            <unit/></amt>
          <item>Lavender sprigs; for garnish</item></ing></ing-div></ingredients>
    <directions>
      <step>  CREPE BATTER Melt butter over moderate heat. Continue to heat until butter
  is a light brown color Add milk and warm slightly. Transfer mixture to a
  bowl. Beat in remaining ingredients until smooth. Refrigerate for an hour
  or more. (This will make a more tender crepe.) Batter should be only
  slightly thicker than heavy cream; add milk to thin if necessary. Cook
  crepes, stacking with plastic wrap or parchment in between to prevent
  sticking. Refrigerate until ready to use.
  
  APRICOT FILLING Combine all ingredients in a saucepan. Simmer for about a
  half hour, or until apricots are soft. Puree mixture in food processor
  until almost smooth (there should still be some texture left). Cool.
  
  RIESLING SAUCE Combine all ingredients in a saucepan. Bring to a boil,
  stirring until sugar is dissolved. Brush down sides of saucepan with a
  brush dipped in cold water to prevent crystallization. Cook, brushing down
  occasionally, to 240 degree F. on a candy thermometer (Soft ball stage).
  Remove from flame and plunge bottom of pot into ice water to stop cooking.
  Chill.
  
  To serve, roll 3 tablespoons of filling inside each crepe, allowing two
  crepes per portion. Line up crepes inside a buttered baking dish. Cover
  with foil buttered on the inside. Heat in a 350 degree F. oven. Transfer
  crepes to serving plates. Ladle sauce over and around crepes. Garnish with
  whipped cream if desired, and lavender sprigs. Serves 6.
  
  Source: Chef Barbara Figueroa of Figueroa's, Seattle
  
  Recipe by: Chef Barbara Figueroa
  
  Posted to TNT - Prodigy's Recipe Exchange Newsletter  by vu-man@juno.com (V
  U Man) on Dec 11, 1997
 
</step></directions></recipe></recipeml>
