<?xml version="1.0" encoding="UTF-8"?>

<recipeml version="0.5">
  <recipe>
    <head>
      <title>Apricot-Oatmeal Bars</title>
      <categories>
        <cat>Bars</cat>
        <cat>Apricots</cat></categories>
      <yield>24</yield></head>
    <ingredients>
      <ing>
        <amt>
          <qty>1 1/4</qty>
          <unit>cups</unit></amt>
        <item>Flour</item></ing>
      <ing>
        <amt>
          <qty>1 1/4</qty>
          <unit>cups</unit></amt>
        <item>Oats; uncooked</item></ing>
      <ing>
        <amt>
          <qty>1/2</qty>
          <unit>cups</unit></amt>
        <item>Sugar</item></ing>
      <ing>
        <amt>
          <qty>1/2</qty>
          <unit>teaspoons</unit></amt>
        <item>Baking soda</item></ing>
      <ing>
        <amt>
          <qty>1/4</qty>
          <unit>teaspoons</unit></amt>
        <item>Salt</item></ing>
      <ing>
        <amt>
          <qty>3/4</qty>
          <unit>cups</unit></amt>
        <item>Butter</item></ing>
      <ing>
        <amt>
          <qty>2</qty>
          <unit>teaspoons</unit></amt>
        <item>Vanilla</item></ing>
      <ing>
        <amt>
          <qty>10</qty>
          <unit>ounces</unit></amt>
        <item>Apricot preserves</item></ing>
      <ing>
        <amt>
          <qty>1/2</qty>
          <unit>cups</unit></amt>
        <item>Coconut; flaked</item></ing></ingredients>
    <directions>
      <step>  Combine flour, oats, sugar, soda and salt in a large bowl; blend well. Add
  butter and vanilla; mix well until crumbly. Reserve 1 cup of mixture.
  
  Press remaining crumb mixture into a greased 13X9 pan. Spread apricot
  preserves on crust to within 1/4" of edge. Sprinkle with reserved crumb
  mixture and coconut. Bake at 350F for 20-25 min, or until lightly browned.
  Cool and cut into 24 bars.
  
  Per serving: 164 Calories; 7g Fat (40% calories from fat); 2g Protein; 23g
  Carbohydrate; 16mg Cholesterol; 118mg Sodium
  
  NOTES : Southern Living 1986
  Posted to TNT - Prodigy's Recipe Exchange Newsletter  by "Laura
  J.Bettingen" &lt;labette@sprynet.com&gt; on Nov 5, 1997
 
</step></directions></recipe></recipeml>
