<?xml version="1.0" encoding="UTF-8"?>

<recipeml version="0.5">
  <recipe>
    <head>
      <title>Apricot-Glazed Banana Muffin Ww</title>
      <categories>
        <cat>Breads</cat>
        <cat>Fruits</cat></categories>
      <yield>2</yield></head>
    <ingredients>
      <ing>
        <amt>
          <qty>1</qty>
          <unit>medium</unit></amt>
        <item>Banana</item></ing>
      <ing>
        <amt>
          <qty>1</qty>
          <unit/></amt>
        <item>Muffin, English, raisin split, toasted</item></ing>
      <ing>
        <amt>
          <qty>2</qty>
          <unit>teaspoons</unit></amt>
        <item>Margarine, reduced calorie melted</item></ing>
      <ing>
        <amt>
          <qty>2</qty>
          <unit>teaspoons</unit></amt>
        <item>Apricot spread, reduced cal heated</item></ing>
      <ing>
        <amt>
          <qty/>
          <unit/></amt>
        <item>Cinnamon, ground</item></ing>
      <ing>
        <amt>
          <qty>This</qty>
          <unit>is</unit></amt>
        <item>more of an "assembly" than a recipe ...</item></ing></ingredients>
    <directions>
      <step>   Peel banana and cut in half crosswise , cut each half in half lengthwise.
  Place muffins halves on broiling pan, top with 2 banana quarters, drizzle
  with half the margarine. Brush banana with 1/2 teaspoon apricot spread,
  sprinkle with cinnamon. Broil until well heated.
  
   Weight Watchers Exchanges: 1 Bread, 1 Fat, 1 Fruit, 8 Optional Calories.
  
   Nutritional Analysis per serving: 170 calories, 3 g.
   protein, 5 g. fat, 29 g. carbohydate, 6 mg. calcium, 190 mg. sodium, 0 mg.
  cholesterol.
  
   Calories from fat: 26%
  
   Original recipe from Weight Watchers "Quick Start Plus Program" cookbook.
  Conversion by Rick Weissgerber.
   [GEnie D.WEISSGERBE]
  
  From Gemini's MASSIVE MealMaster collection at www.synapse.com/~gemini
 
</step></directions></recipe></recipeml>
