<?xml version="1.0" encoding="UTF-8"?>

<recipeml version="0.5">
  <recipe>
    <head>
      <title>Apricot-Glazed Chicken</title>
      <categories>
        <cat>Not</cat>
        <cat>Sent</cat></categories>
      <yield>2</yield></head>
    <ingredients>
      <ing>
        <amt>
          <qty>2</qty>
          <unit/></amt>
        <item>Boneless skinless chicken breast halves</item></ing>
      <ing>
        <amt>
          <qty>1/4</qty>
          <unit>cups</unit></amt>
        <item>Apricot all-fruit spread</item></ing>
      <ing>
        <amt>
          <qty>1 1/2</qty>
          <unit>teaspoons</unit></amt>
        <item>Light soy sauce</item></ing>
      <ing>
        <amt>
          <qty>1</qty>
          <unit>teaspoon</unit></amt>
        <item>Dijon mustard</item></ing>
      <ing>
        <amt>
          <qty>1</qty>
          <unit>teaspoon</unit></amt>
        <item>Honey</item></ing>
      <ing>
        <amt>
          <qty>1</qty>
          <unit>teaspoon</unit></amt>
        <item>Margarine, melted</item></ing></ingredients>
    <directions>
      <step>  Coat a broiler pan with nonstick cooking spray; place chicken on pan.
  Combine remaining ingredients; brush half over the chicken. Broil 5-6
  inches from heat for 5 minutes. Turn chicken over; brush with remaining
  apricot mixture. Broil until juices run clear.
  Posted to MC-Recipe Digest V1 #324
  
  Recipe by: Taste of Home-December/January '97
  
  From: Carol Taillon &lt;taillon@access.mountain.net&gt;
  
  Date: Sun, 1 Dec 1996 14:33:06 -0500 (EST)
 
</step></directions></recipe></recipeml>
