<?xml version="1.0" encoding="UTF-8"?>

<recipeml version="0.5">
  <recipe>
    <head>
      <title>Apricot-Nut Diamonds</title>
      <categories>
        <cat>Bar cookies</cat>
        <cat>Picture</cat></categories>
      <yield>30</yield></head>
    <ingredients>
      <ing>
        <amt>
          <qty>1</qty>
          <unit>cup</unit></amt>
        <item>All-purpose flour</item></ing>
      <ing>
        <amt>
          <qty>1</qty>
          <unit>dash</unit></amt>
        <item>Salt</item></ing>
      <ing>
        <amt>
          <qty>1/4</qty>
          <unit>cups</unit></amt>
        <item>Butter or margarine</item></ing>
      <ing>
        <amt>
          <qty>1/2</qty>
          <unit>cups</unit></amt>
        <item>Dried apricots; snipped</item></ing>
      <ing>
        <amt>
          <qty>3/4</qty>
          <unit>cups</unit></amt>
        <item>Brown sugar; packed</item></ing>
      <ing>
        <amt>
          <qty>2</qty>
          <unit/></amt>
        <item>Eggs</item></ing>
      <ing>
        <amt>
          <qty>1</qty>
          <unit>cup</unit></amt>
        <item>Chopped walnuts</item></ing>
      <ing>
        <amt>
          <qty>1/2</qty>
          <unit>cups</unit></amt>
        <item>Coconut; shredded</item></ing>
      <ing>
        <amt>
          <qty>1</qty>
          <unit>teaspoon</unit></amt>
        <item>Vanilla extract</item></ing>
      <ing>
        <amt>
          <qty>2</qty>
          <unit>tablespoons</unit></amt>
        <item>All-purpose flour</item></ing>
      <ing>
        <amt>
          <qty/>
          <unit/></amt>
        <item>Vanilla Icing; recipe follows</item></ing>
      <ing>
        <amt>
          <qty>1/2</qty>
          <unit>cups</unit></amt>
        <item>Chopped walnuts</item></ing></ingredients>
    <directions>
      <step>  1. For crust, combine the 1 cup flour and salt in a mixing bowl. Cut in
  butter or margarine till crumbly. Press into the bottom of a lightly
  greased 11 x 7 x 1-1/2-inch baking pan. Bake in a 375 degree oven for 12
  minutes.
  
  2. Meanwhile, for filling, combine apricots and enough water to cover in a
  small saucepan. Bring to boiling. Reduce heat and simmer, covered, for 10
  minutes. Drain.
  
  3. Stir together brown sugar and eggs in a large mixing bowl till combined.
  Stir in drained apricots, the 1 cup walnuts, coconut, and vanilla. Add the
  2 tablespoons flour; stir till combined. Spread mixture evenly over crust.
  
  4. Bake for 15 minutes more. Cool in pan on a wire rack. Drizzle with
  Vanilla Icing, and sprinkle with the 1/2 cup walnuts. Cut into diamonds.
  Store in an airtight container in the refrigerator.
  
  5. Vanilla Icing: Combine 1 cup sifted powdered sugar, 2 teaspoons milk,
  and 1/4 teaspoon vanilla till smooth.
  
  NOTES : To cut into diamonds, first cut straight lines down the length of
  the pan.  Then cut diagonal lines across the pan.  Trim the end pieces into
  triangles, rectangles, or squares.
  Recipe by: Better Homes Christmas Cookies 1997
  
  Posted to recipelu-digest by "Marie Smith" &lt;craftee@sprynet.com&gt; on Feb 6,
  1998
 
</step></directions></recipe></recipeml>
