<?xml version="1.0" encoding="UTF-8"?>

<recipeml version="0.5">
  <recipe>
    <head>
      <title>Apricot-Raspberry Jam</title>
      <categories>
        <cat>Jams</cat>
        <cat>Condiments</cat></categories>
      <yield>7</yield></head>
    <ingredients>
      <ing>
        <amt>
          <qty>2</qty>
          <unit>pounds</unit></amt>
        <item>Apricots; Peeled, Pitted, And Mashed</item></ing>
      <ing>
        <amt>
          <qty>1</qty>
          <unit>pint</unit></amt>
        <item>Raspberries: (2 Cups), Mashed</item></ing>
      <ing>
        <amt>
          <qty>6</qty>
          <unit>cups</unit></amt>
        <item>Sugar</item></ing>
      <ing>
        <amt>
          <qty>1/4</qty>
          <unit>cups</unit></amt>
        <item>Lemon Juice</item></ing>
      <ing>
        <amt>
          <qty>1</qty>
          <unit>tablespoon</unit></amt>
        <item>Butter Or Margarine</item></ing>
      <ing>
        <amt>
          <qty>3</qty>
          <unit>ounces</unit></amt>
        <item>Liquid Fruit Pectin; 1 Pouch</item></ing></ingredients>
    <directions>
      <step>  In a large saucepot, combine the apricots and raspberries. Stir in the
  sugar, lemon juice, and butter. Bring to a boil, over high heat, stirring
  constantly.  Add the pectin.  Bring to a rolling boil and boil for 1
  minute, stirring constantly.  Spoon into jars prepared for cooked jam.
  
  YIELD:
  
        7    Eight Ounce Jars
  
  Each Tablespoon Contains:
  
  Calories:  46    Protein: 0 Grams  Fat: 0 Grams Cholesterol: 0 Milligrams
  Carbohydrates:  12 Grams Sodium: 1 Milligram
  
  NOTE:
  
  This is one of the jams that can be prepared and sealed according to the
  directions in the cookbooks for storing jams sealed.
 
</step></directions></recipe></recipeml>
