<?xml version="1.0" encoding="UTF-8"?>

<recipeml version="0.5">
  <recipe>
    <head>
      <title>Apricot-Cheese Spread</title>
      <categories>
        <cat>Abm</cat>
        <cat>Breakfast</cat>
        <cat>Low fat</cat></categories>
      <yield>2</yield></head>
    <ingredients>
      <ing>
        <amt>
          <qty>3/4</qty>
          <unit>cups</unit></amt>
        <item>Dried apricots (3 oz)</item></ing>
      <ing>
        <amt>
          <qty>15</qty>
          <unit>ounces</unit></amt>
        <item>Part-skim ricotta cheese</item></ing></ingredients>
    <directions>
      <step>  Place apricots in boiling water; allow to stand 10 minutes. Drain
  thoroughly.
  
  Combine drained apricots and cheese in a food processor or blender; blend
  until smooth. Store, covered, in refrigerator.
  
  Use as an alternative to butter for toast, bagels, pancakes and waffles.
  You can substituts any other dried fruit that you like. You may also want
  to add cinnamon, nutmeg or vanilla to taste.
  
  You can also make a savory spread by using sun-dried tomatoes.
  
  Per (1 T) serving: 27 cal, 1g fat, 4mg chol, 17mg sodium
  
  Source: Jean Jones syndicated article. Printed in The Milwaukee Journal
  March 17,1994.
  Posted to MM-Recipes Digest V3 #207
  
  Date: Tue, 30 Jul 1996 07:24:51 PST
  
  From: jlewis1@juno.com (julie l lewis)
 
</step></directions></recipe></recipeml>
