<?xml version="1.0" encoding="UTF-8"?>

<recipeml version="0.5">
  <recipe>
    <head>
      <title>Apricot-Glazed Cornish Hens</title>
      <categories>
        <cat>Poultry</cat></categories>
      <yield>4</yield></head>
    <ingredients>
      <ing-div>
        <title/>
        <ing>
          <amt>
            <qty>2</qty>
            <unit>cups</unit></amt>
          <item>Dried bread cubes</item></ing>
        <ing>
          <amt>
            <qty>1/2</qty>
            <unit>cups</unit></amt>
          <item>Celery; sliced</item></ing>
        <ing>
          <amt>
            <qty>1/4</qty>
            <unit>cups</unit></amt>
          <item>Onion; chopped</item></ing>
        <ing>
          <amt>
            <qty>1/2</qty>
            <unit>teaspoons</unit></amt>
          <item>Salt</item></ing>
        <ing>
          <amt>
            <qty>1/4</qty>
            <unit>teaspoons</unit></amt>
          <item>Pepper</item></ing>
        <ing>
          <amt>
            <qty>1/4</qty>
            <unit>teaspoons</unit></amt>
          <item>Marjoram leaves</item></ing>
        <ing>
          <amt>
            <qty>1/2</qty>
            <unit>cups</unit></amt>
          <item>Apricot preserves</item></ing>
        <ing>
          <amt>
            <qty>1/4</qty>
            <unit>cups</unit></amt>
          <item>Margarine</item></ing>
        <ing>
          <amt>
            <qty>2</qty>
            <unit>tablespoons</unit></amt>
          <item>White wine or chicken broth</item></ing>
        <ing>
          <amt>
            <qty>4</qty>
            <unit/></amt>
          <item>Cornish game hens</item></ing></ing-div>
      <ing-div>
        <title>APRICOT GLAZE</title>
        <ing>
          <amt>
            <qty>1/2</qty>
            <unit>cups</unit></amt>
          <item>Apricot preserves</item></ing>
        <ing>
          <amt>
            <qty>1/2</qty>
            <unit>cups</unit></amt>
          <item>Margarine</item></ing>
        <ing>
          <amt>
            <qty>1/2</qty>
            <unit>teaspoons</unit></amt>
          <item>Marjoram leaves</item></ing></ing-div></ingredients>
    <directions>
      <step>  Heat oven to 375. In a medium bowl, stir together all stuffing ingredients
  EXCEPT preserves, margarine and wine.
  
  In a small saucepan, melt preserves, margarine, and wine or chicken broth.
  Stir into stuffing mix.
  
  Stuff hens, and secure opening with a toothpick. Tuck under wings of hen.
  Place hens, breast side up, in a roasting pan.
  
  Bake for 1 hour.
  
  Meanwhile, in a pan, combine all the glaze ingredients, cooking over medium
  heat till melted, about 2-3 minutes. Brush hens with half the sauce after
  about 1 hour of cooking. Continue to brush sauce on, every 15 - 20 minutes.
  
  Continue baking hens for 40 - 50 minutes, or until hens are fork tender.
  Loosely cover with foil if hens are browning too quickly. Per serving: 1849
  Calories; 111g Fat (55% calories from fat); 155g Protein; 53g Carbohydrate;
      496 mg Cholesterol; 2519mg Sodium
  
  NOTES : You may leave out the stuffing, but this would probably decrease
  the baking time.
  Recipe by: Janet Baker, Eat-L
  
  Posted to EAT-L Digest  by Betsy Burtis &lt;ebburtis@IX.NETCOM.COM&gt; on Sep 5,
  1997
 
</step></directions></recipe></recipeml>
