<?xml version="1.0" encoding="UTF-8"?>

<recipeml version="0.5">
  <recipe>
    <head>
      <title>Apricot-Carrot Muffins</title>
      <categories>
        <cat>Muffins</cat>
        <cat>Fruits</cat>
        <cat>Penndutch</cat>
        <cat>Salads</cat></categories>
      <yield>12</yield></head>
    <ingredients>
      <ing>
        <amt>
          <qty>1</qty>
          <unit>cup</unit></amt>
        <item>All-Purpose Flour</item></ing>
      <ing>
        <amt>
          <qty>1/2</qty>
          <unit>cups</unit></amt>
        <item>Whole Wheat Flour</item></ing>
      <ing>
        <amt>
          <qty>1</qty>
          <unit>tablespoon</unit></amt>
        <item>Baking Powder</item></ing>
      <ing>
        <amt>
          <qty>1/4</qty>
          <unit>teaspoons</unit></amt>
        <item>Salt</item></ing>
      <ing>
        <amt>
          <qty>1/2</qty>
          <unit>cups</unit></amt>
        <item>Sugar</item></ing>
      <ing>
        <amt>
          <qty>2</qty>
          <unit/></amt>
        <item>Eggs</item></ing>
      <ing>
        <amt>
          <qty>3/4</qty>
          <unit>cups</unit></amt>
        <item>Milk</item></ing>
      <ing>
        <amt>
          <qty>3</qty>
          <unit>tablespoons</unit></amt>
        <item>Avocado Oil</item></ing>
      <ing>
        <amt>
          <qty>1</qty>
          <unit>cup</unit></amt>
        <item>Carrots; coarsley grated</item></ing>
      <ing>
        <amt>
          <qty>3/4</qty>
          <unit>cups</unit></amt>
        <item>Dried Apricots; chopped or</item></ing>
      <ing>
        <amt>
          <qty>3/4</qty>
          <unit>cups</unit></amt>
        <item>Whole Raisins</item></ing>
      <ing>
        <amt>
          <qty>1/2</qty>
          <unit>cups</unit></amt>
        <item>Walnuts; coarsley chopped</item></ing></ingredients>
    <directions>
      <step>  In a large bowl mix flour, baking powder and salt. In another bowl whisk
  sugar and eggs. Whisk in milk and oil. Mix in carrots, apricots, and nuts.
  Add to flour mixture. Mix until just blended. Spoon into 12 2 3/4" muffin
  tin cups greased with additional avocado oil. Bake in a 375o oven for about
  20 minutes, until just springy to the touch. Serve warm. Source: Calavo
  
  Posted to MC-Recipe Digest V1 #750 by kriegz &lt;kriegz@bccom.com&gt; on Aug 20,
  1997
 
</step></directions></recipe></recipeml>
