<?xml version="1.0" encoding="UTF-8"?>

<recipeml version="0.5">
  <recipe>
    <head>
      <title>Apricot-Banana Nut Bread</title>
      <categories>
        <cat>Bread</cat></categories>
      <yield>16</yield></head>
    <ingredients>
      <ing>
        <amt>
          <qty>2/3</qty>
          <unit>cups</unit></amt>
        <item>Butter</item></ing>
      <ing>
        <amt>
          <qty>2/3</qty>
          <unit>cups</unit></amt>
        <item>Brown sugar</item></ing>
      <ing>
        <amt>
          <qty>1</qty>
          <unit>teaspoon</unit></amt>
        <item>Lemon zest</item></ing>
      <ing>
        <amt>
          <qty>1</qty>
          <unit/></amt>
        <item>Egg</item></ing>
      <ing>
        <amt>
          <qty>1</qty>
          <unit>cup</unit></amt>
        <item>Very ripe banana pulp</item></ing>
      <ing>
        <amt>
          <qty>1/2</qty>
          <unit>cups</unit></amt>
        <item>Apricot butter (or jam)</item></ing>
      <ing>
        <amt>
          <qty>1 3/4</qty>
          <unit>cups</unit></amt>
        <item>White flour</item></ing>
      <ing>
        <amt>
          <qty>2 1/4</qty>
          <unit>teaspoons</unit></amt>
        <item>Baking powder</item></ing>
      <ing>
        <amt>
          <qty>1/2</qty>
          <unit>cups</unit></amt>
        <item>Chopped walnuts</item></ing></ingredients>
    <directions>
      <step>  From: Emily Hirsch &lt;emilyh@dex.com&gt;
  
  Date: 16 Sep 1995 08:09:38 -0600
  A while ago, I added apricot butter to my usual banana nut bread. I also
  used apricot jam - the chunks of apricot in the jam added a nice texture.
  The results were great!
  
   Best to have all ingredients at room temperature.  Cream butter and sugar.
  Add egg, lemon zest, banana and apricot butter.  Sift flour and baking
  powder together. Fold flour mixture gradually into the wet ingredients. Mix
  in walnuts. Pour batter into a bread pan, and bake for about 1 hour at 350
  degrees Farenheit.
  
  P.S. Apricot butter also makes a nice glaze for pork roast or ham.
  
  REC.FOOD.RECIPES
  
  From rec.food.cooking archives.  Downloaded from Glen's MM Recipe Archive,
  http://www.erols.com/hosey.
 
</step></directions></recipe></recipeml>
