<?xml version="1.0" encoding="UTF-8"?>

<recipeml version="0.5">
  <recipe>
    <head>
      <title>Apricot-Cream Cheese Spread</title>
      <categories>
        <cat>Spreads</cat>
        <cat>Desserts</cat></categories>
      <yield>6</yield></head>
    <ingredients>
      <ing>
        <amt>
          <qty>1</qty>
          <unit>cup</unit></amt>
        <item>Chopped dried apricots</item></ing>
      <ing>
        <amt>
          <qty>3/4</qty>
          <unit>cups</unit></amt>
        <item>Water</item></ing>
      <ing>
        <amt>
          <qty>16</qty>
          <unit>ounces</unit></amt>
        <item>Cream cheese, softened</item></ing>
      <ing>
        <amt>
          <qty>3/4</qty>
          <unit>cups</unit></amt>
        <item>Orange marmalade</item></ing>
      <ing>
        <amt>
          <qty>2</qty>
          <unit>tablespoons</unit></amt>
        <item>Milk</item></ing>
      <ing>
        <amt>
          <qty>1</qty>
          <unit>cup</unit></amt>
        <item>Chopped pecans</item></ing></ingredients>
    <directions>
      <step>  Combine apricots &amp; water in small saucepan.  Bring to boil; cover, reduce
  heat, and simmer 10 minutes. Drain well.
  
  Beat cream cheese at medium speed with electric mixer, until it's smooth
  and fluffy. Stir in the apricots and remaining ingredients.
  
  Serve on crackers.  (Also yummy on an English muffin or bagel.)
  
  Yield:  About 3 and 1/2 cups.
  
  Recipe from Southern Living magazine's 1987 Annual Recipes book.
  
  From Gemini's MASSIVE MealMaster collection at www.synapse.com/~gemini
 
</step></directions></recipe></recipeml>
