<?xml version="1.0" encoding="UTF-8"?>

<recipeml version="0.5">
  <recipe>
    <head>
      <title>Apricot-Glazed Pears</title>
      <categories>
        <cat>Desserts</cat>
        <cat>Crockpot</cat></categories>
      <yield>6</yield></head>
    <ingredients>
      <ing>
        <amt>
          <qty>6</qty>
          <unit>large</unit></amt>
        <item>Ripe, firm fresh pears</item></ing>
      <ing>
        <amt>
          <qty>1</qty>
          <unit>cup</unit></amt>
        <item>Apple juice</item></ing>
      <ing>
        <amt>
          <qty>1</qty>
          <unit>teaspoon</unit></amt>
        <item>Vanilla</item></ing>
      <ing>
        <amt>
          <qty>1</qty>
          <unit>tablespoon</unit></amt>
        <item>Butter or reduced-fat marg.</item></ing>
      <ing>
        <amt>
          <qty>1</qty>
          <unit/></amt>
        <item>Cinnamon stick</item></ing>
      <ing>
        <amt>
          <qty>1</qty>
          <unit/></amt>
        <item>12 oz. jar apricot preserves</item></ing></ingredients>
    <directions>
      <step>  Peel pears, leaving them whole with stem intact. Place in slow cooker. Add
  apple juice, vanilla, butter and cinnamon stick. Cook on high for 3-4
  hours.
  
  Remove pears with slotted spoon.  Place in individual dessert dishes. Heat
  apricot preserves in small saucepan until melted. Top each pear with
  preserves sauce. Serve 6 Source: Home Cooking Typed in MMFormat by
  cjhartlin@msn.com 01/02/98
  Posted to MM-Recipes Digest V5 #027 by "Cindy Hartlin"
  &lt;cjhartlin@email.msn.com&gt; on Jan 26, 1998
 
</step></directions></recipe></recipeml>
