<?xml version="1.0" encoding="UTF-8"?>

<recipeml version="0.5">
  <recipe>
    <head>
      <title>Apricot-Glazed Chicken with Peaches and Raisins</title>
      <categories>
        <cat>Poultry</cat></categories>
      <yield>8</yield></head>
    <ingredients>
      <ing>
        <amt>
          <qty>2</qty>
          <unit/></amt>
        <item>(3 lb) Chickens cut in serving pieces -OR-</item></ing>
      <ing>
        <amt>
          <qty>6</qty>
          <unit>pounds</unit></amt>
        <item>Chicken breasts boned and skinned</item></ing>
      <ing>
        <amt>
          <qty/>
          <unit/></amt>
        <item>Salt</item></ing>
      <ing>
        <amt>
          <qty/>
          <unit/></amt>
        <item>Minced garlic -OR- garlic powder</item></ing>
      <ing>
        <amt>
          <qty>1</qty>
          <unit>package</unit></amt>
        <item>Dried peaches (12 oz pkg)</item></ing>
      <ing>
        <amt>
          <qty>3/4</qty>
          <unit>cups</unit></amt>
        <item>Golden raisins</item></ing>
      <ing>
        <amt>
          <qty>1/4</qty>
          <unit>cups</unit></amt>
        <item>Butter, melted</item></ing>
      <ing>
        <amt>
          <qty>1</qty>
          <unit>cup</unit></amt>
        <item>Dry white wine</item></ing>
      <ing>
        <amt>
          <qty>3/4</qty>
          <unit>cups</unit></amt>
        <item>Apricot jam</item></ing>
      <ing>
        <amt>
          <qty/>
          <unit/></amt>
        <item>Parsley sprigs</item></ing></ingredients>
    <directions>
      <step>     Season chicken with salt and garlic to taste.  Place peaches and raisins
  in bottom of buttered 16x12-inch baking pan.  Top with chicken pieces.
  Brush with melted butter.  Drizzle 3/4 cup wine over.  Cover loosely with
  foil and bake at 325 degrees 45 minutes for chicken parts and 30 minutes
  for breasts.
     Warm apricot jam in small saucepan.  Press jam through sieve into bowl.
  Stir in remaining white wine.  Uncover chicken and baste with apricot-wine
  mixture.  Continue baking at 325 degrees, uncovered, 30 minutes for chicken
  parts and 15 to 20 minutes for breasts, basting frequently, until chicken
  is tender and deeply glazed.  Garnish with parsley.  Makes 8 to 12
  servings.
     Note: If chicken is pre-baked and refrigerated, it may be necessary to
  increase baking time at last stage of cooking. Each serving contains about:
  574 calories; 476 mg sodium; 131 mg cholesterol; 23 grams fat; 49 grams
  carbohydrates; 41 grams protein; 1.92 grams fiber.
  
  File ftp://ftp.idiscover.co.uk/pub/food/mealmaster/recipes/mmdjaxxx.zip
 
</step></directions></recipe></recipeml>
