<?xml version="1.0" encoding="UTF-8"?>

<recipeml version="0.5">
  <recipe>
    <head>
      <title>Apricot-Confection Squares</title>
      <categories>
        <cat>Cyberealm</cat>
        <cat>Desserts</cat></categories>
      <yield>3</yield></head>
    <ingredients>
      <ing>
        <amt>
          <qty>2</qty>
          <unit>cups</unit></amt>
        <item>Uncooked,dried apricots</item></ing>
      <ing>
        <amt>
          <qty>4</qty>
          <unit>packages</unit></amt>
        <item>Unflavored Gelatine</item></ing>
      <ing>
        <amt>
          <qty>2</qty>
          <unit>cups</unit></amt>
        <item>Sugar</item></ing>
      <ing>
        <amt>
          <qty>1/4</qty>
          <unit>cups</unit></amt>
        <item>Orange Juice</item></ing>
      <ing>
        <amt>
          <qty>2</qty>
          <unit>teaspoons</unit></amt>
        <item>Grated orange rind</item></ing></ingredients>
    <directions>
      <step>  1. Line 8 X 8 X 2" pan with waxed paper. 2. Cook apricots as directet;
  drain; reserve 1 cup liquid. 3. Puree apricts in blender; measure 1 cup. 4.
  Soften gelatine in 1/2 cup cold water. 5. In 1 quart saucepan, heat
  reminding apricot liquid. 6. Add suggar and bring to a boil. 7. Add sugar,
  bring to a boil. 8. Add gelatine, orange juice and rind. Boil gently for 20
  min. 9. Remove from heat, add apricots. Mix well. 10. Pour into pan; allow
  to set, cut into squares;
      roll in powdered sugar.
      Out of Good Housekeeping Christmas cookbook
      typed by Brigitte Sealing
  
  MMMM
  
  ======================================================= ============== ====
  Packet: CYBERLM Date: 12-11-94 (06:47) Number: 98 From: MICHAEL PROTHRO
  Refer#: NONE To: ALL Recvd: NO Subj: Holiday Appetizers Conf: (32)
  KN-TheFirstC
  
  From Gemini's MASSIVE MealMaster collection at www.synapse.com/~gemini
 
</step></directions></recipe></recipeml>
