<?xml version="1.0" encoding="UTF-8"?>

<recipeml version="0.5">
  <recipe>
    <head>
      <title>Apricot-Pineapple Pie</title>
      <categories>
        <cat>Pies</cat></categories>
      <yield>8</yield></head>
    <ingredients>
      <ing>
        <amt>
          <qty>1 1/2</qty>
          <unit>cups</unit></amt>
        <item>Dried apricots</item></ing>
      <ing>
        <amt>
          <qty>1 1/2</qty>
          <unit>cups</unit></amt>
        <item>Water</item></ing>
      <ing>
        <amt>
          <qty>6</qty>
          <unit>tablespoons</unit></amt>
        <item>Sugar</item></ing>
      <ing>
        <amt>
          <qty>1</qty>
          <unit>can</unit></amt>
        <item>Crushed pineapple (8 oz)</item></ing>
      <ing>
        <amt>
          <qty>1 1/2</qty>
          <unit>tablespoons</unit></amt>
        <item>Cornstarch</item></ing>
      <ing>
        <amt>
          <qty/>
          <unit/></amt>
        <item>Salt</item></ing>
      <ing>
        <amt>
          <qty>3</qty>
          <unit>tablespoons</unit></amt>
        <item>Butter</item></ing>
      <ing>
        <amt>
          <qty/>
          <unit/></amt>
        <item>Pastry for 8" double pie crust</item></ing></ingredients>
    <directions>
      <step>  This filling is intense and sweet-tart, like the traditional
  apricot-pineapple jam.
  
  With knife or kitchen shears, cut each apricot into quarters. Put
  apricots in saucepan, add water, bring to boil, cover and cook over
  medium heat 10 minutes. Add sugar and cook 5 minutes more. Drain,
  reserving 3/4 cup juice. Set apricots aside.
  
  Drain crushed pineapple, reserving 1/4 cup juice. Set pineapple aside.
  
  In mixing bowl, dissolve cornstarch in reserved pineapple juice. Add
  reserved apricot juice. Put mixed juices in saucepan, add dash salt
  and cook over medium heat until mixture thickens, stirring
  continually.
  
  Mix drained apricots and pineapple thoroughly. Mix with thickened
  juices and pour into unbaked pie shell. Dot with butter. Cover with
  top crust, crimp edges and pierce with fork. Bake at 400'F. 25
  minutes. Makes 6-8 servings.
  
  Each of 6 servings contains about: 546 calories; 299 milligrams
  sodium; 16 milligrams cholesterol; 29 grams fat; 70 grams
  carbohydrates; 5 grams protein; 1.21 grams fiber.
  
  From Tuscon area newspapers, 1994, 3rd quarter, courtest Mike Orchekowski.
  File ftp://ftp.idiscover.co.uk/pub/food/mealmaster/recipes/tn-94q3.zip
 
</step></directions></recipe></recipeml>
