<?xml version="1.0" encoding="UTF-8"?>

<recipeml version="0.5">
  <recipe>
    <head>
      <title>Apricot-Pecan Cookies - Wday</title>
      <categories>
        <cat>Cookies</cat>
        <cat>Holidays</cat></categories>
      <yield>16</yield></head>
    <ingredients>
      <ing>
        <amt>
          <qty>1/4</qty>
          <unit>teaspoons</unit></amt>
        <item>Ground cardamom</item></ing>
      <ing>
        <amt>
          <qty>8</qty>
          <unit>small</unit></amt>
        <item>Dried apricots; finely chopped</item></ing>
      <ing>
        <amt>
          <qty>1</qty>
          <unit/></amt>
        <item>Basic Cookie Dough I; Vanilla</item></ing>
      <ing>
        <amt>
          <qty>1/4</qty>
          <unit>cups</unit></amt>
        <item>Pecans; finely chopped</item></ing></ingredients>
    <directions>
      <step>  1.  Mix cardamom and apricots into dough.  Roll dough into 8" log and slice
  into 16 pieces.  Roll each into ball and coat with chopped pecans.  put
  balls 1" apart on ungreased cookie sheet and bake 12-14 mins until bottoms
  are browned.  Remove to wire rack to cool.
  
  ~~~~~~~~~~~~~~~~~~~~~~~~~~~~~ Per cookie:
       71    calories, 4g fat (51% CFF) 11mg chol w/ butter, 3mg chol w/ marg
       31 mg sodium
  
  Contributor:  Woman's Day, Nov 22/94 Preparation Time: 00:30
  
  Posted to recipelu-digest Volume 01 Number 247 by Cathleen
  &lt;catht@interlog.com&gt; on Nov 12, 1997
 
</step></directions></recipe></recipeml>
