<?xml version="1.0" encoding="UTF-8"?>

<recipeml version="0.5">
  <recipe>
    <head>
      <title>Apricot-Roast Pepper Salsa</title>
      <categories>
        <cat>None</cat></categories>
      <yield>1</yield></head>
    <ingredients>
      <ing>
        <amt>
          <qty>1</qty>
          <unit>pound</unit></amt>
        <item>Fresh apricots (or canned apricots, drained)</item></ing>
      <ing>
        <amt>
          <qty>2</qty>
          <unit/></amt>
        <item>Fresh jalapenos, roasted, peeled and seeds removed</item></ing>
      <ing>
        <amt>
          <qty>1</qty>
          <unit/></amt>
        <item>Red bell pepper, roasted, peeled and seeds removed</item></ing>
      <ing>
        <amt>
          <qty>1</qty>
          <unit/></amt>
        <item>Cucumber, peeled and seeds removed</item></ing>
      <ing>
        <amt>
          <qty>1/2</qty>
          <unit/></amt>
        <item>Red onion</item></ing>
      <ing>
        <amt>
          <qty>1/2</qty>
          <unit>bunches</unit></amt>
        <item>Cilantro</item></ing>
      <ing>
        <amt>
          <qty>1</qty>
          <unit/></amt>
        <item>Lime , Juice of</item></ing>
      <ing>
        <amt>
          <qty>3</qty>
          <unit>tablespoons</unit></amt>
        <item>Extra-virgin olive oil</item></ing>
      <ing>
        <amt>
          <qty>1</qty>
          <unit>pinch</unit></amt>
        <item>Salt</item></ing>
      <ing>
        <amt>
          <qty>1</qty>
          <unit>pinch</unit></amt>
        <item>Sugar</item></ing>
      <ing>
        <amt>
          <qty>1</qty>
          <unit>pinch</unit></amt>
        <item>Black pepper</item></ing></ingredients>
    <directions>
      <step>  From this past Thursday's Food section in the Miami Herald to serve with
  grilled foods.
  
  dice the apricots, jalapenos, red pepper, cucumber and onion. Place in
  bowl. Chop cilantro and gently mix. Add lime juice, oil, salt, sugar and
  pepper. Serve cold. Makes 4 servings.
  
  Source: The Blue Star restaurant in Baltimore.
  
  Per serving: 180 calories, 3 grams protein, 21 grams carbohydrate, 10 grams
  fat, 50% calories as fat, 4.1 grams fiber, 0 mg cholesterol, 72 mg sodium.
  Posted to EAT-L Digest  by "Pamela F. Wagner" &lt;FanofPern@AOL.COM&gt; on Jul 5,
  1997
 
</step></directions></recipe></recipeml>
