<?xml version="1.0" encoding="UTF-8"?>

<recipeml version="0.5">
  <recipe>
    <head>
      <title>Apricot-Almond Shortbread Bars</title>
      <categories>
        <cat>Breads</cat></categories>
      <yield>1</yield></head>
    <ingredients>
      <ing>
        <amt>
          <qty>1 1/2</qty>
          <unit>cups</unit></amt>
        <item>Unsalted Butter -- softened</item></ing>
      <ing>
        <amt>
          <qty>2</qty>
          <unit>cups</unit></amt>
        <item>Sugar</item></ing>
      <ing>
        <amt>
          <qty>2</qty>
          <unit/></amt>
        <item>Egg Yolks</item></ing>
      <ing>
        <amt>
          <qty>1/2</qty>
          <unit>teaspoons</unit></amt>
        <item>Vanilla</item></ing>
      <ing>
        <amt>
          <qty>1/4</qty>
          <unit>teaspoons</unit></amt>
        <item>Almond Extract flour</item></ing>
      <ing>
        <amt>
          <qty>1 1/3</qty>
          <unit>cups</unit></amt>
        <item>Blanched Almonds -- toasted</item></ing>
      <ing>
        <amt>
          <qty/>
          <unit/></amt>
        <item>&amp; chop fine</item></ing>
      <ing>
        <amt>
          <qty>1</qty>
          <unit/></amt>
        <item>Jar Apricot Jam -- (10 Oz.)</item></ing></ingredients>
    <directions>
      <step>  Preheat oven to 350. Beat butter and sugar until fluffy. Beat in egg yolks
  and vanilla and almond extracts. Mix in flour until the mixture forms a
  soft dough. Divide dough in half. Press one half into a 15 x 10 jelly roll
  pan. Spread evenly with jam. Cover completely with remaining dough (flatten
  pieces with hands and patch on top of jam).  Bake 30 minutes or until
  golden brown.
  
  Recipe By     :
  
  From: Ladies Home Journal- August 1991
  
  File ftp://ftp.idiscover.co.uk/pub/food/mealmaster/recipes/mmdja006.zip
 
</step></directions></recipe></recipeml>
