<?xml version="1.0" encoding="UTF-8"?>

<recipeml version="0.5">
  <recipe>
    <head>
      <title>Apricot-Date Jam</title>
      <categories>
        <cat>Sauces</cat>
        <cat>Fruits</cat>
        <cat>Mcdougall</cat></categories>
      <yield>1</yield></head>
    <ingredients>
      <ing>
        <amt>
          <qty>1</qty>
          <unit>cup</unit></amt>
        <item>Dried apricots</item></ing>
      <ing>
        <amt>
          <qty>1</qty>
          <unit>cup</unit></amt>
        <item>Unsweetened pineapple juice</item></ing>
      <ing>
        <amt>
          <qty>1</qty>
          <unit>cup</unit></amt>
        <item>Pitted dates</item></ing>
      <ing>
        <amt>
          <qty>1</qty>
          <unit>teaspoon</unit></amt>
        <item>Lemon juice</item></ing></ingredients>
    <directions>
      <step>  Soak apricots in pineapple juice overnight Blenderize all ingredients Serve
  as is on toast or thin with more pineapple juice to make a softer spread
  for waffles or pancakes
  
  Makes about 3 cups **Natures Pantry Cookbook**
  
  From Gemini's MASSIVE MealMaster collection at www.synapse.com/~gemini
 
</step></directions></recipe></recipeml>
