<?xml version="1.0" encoding="UTF-8"?>

<recipeml version="0.5">
  <recipe>
    <head>
      <title>Apricot-And-Bread Pudding</title>
      <categories>
        <cat>Desserts</cat>
        <cat>Breads</cat></categories>
      <yield>4</yield></head>
    <ingredients>
      <ing>
        <amt>
          <qty>1</qty>
          <unit>dash</unit></amt>
        <item>Ground cinnamon</item></ing>
      <ing>
        <amt>
          <qty>2</qty>
          <unit/></amt>
        <item>Eggs</item></ing>
      <ing>
        <amt>
          <qty>1/2</qty>
          <unit>cups</unit></amt>
        <item>Butter</item></ing>
      <ing>
        <amt>
          <qty>1</qty>
          <unit>pound</unit></amt>
        <item>Apricots*</item></ing>
      <ing>
        <amt>
          <qty>1/2</qty>
          <unit>cups</unit></amt>
        <item>Stale bread crumbs,w/o crust</item></ing>
      <ing>
        <amt>
          <qty>1</qty>
          <unit>cup</unit></amt>
        <item>Milk</item></ing>
      <ing>
        <amt>
          <qty>1/3</qty>
          <unit>cups</unit></amt>
        <item>Sugar</item></ing>
      <ing>
        <amt>
          <qty>1/8</qty>
          <unit>teaspoons</unit></amt>
        <item>Salt</item></ing></ingredients>
    <directions>
      <step>  *Note: Apricots should be pitted and quartered. Melt 3 tbs. butter in
  saucepan over medium heat. Add and cook apricots, tossing occasionally,
  until tender and translucent. Remove apricots. Add remaining butter to
  saucepan and cook bread crumbs over very low heat, stirring regularly,
  until uniformly golden and crisp. Spread crumbs in bottom of lightly
  buttered gratin dish. Arrange apricots on bed of crumbs and sprinkle
  lightly with cinnamon. Whisk together milk, eggs, sugar and salt in bowl.
  Pour liquid slowly over apricots. Bake at 325 degrees l/2 hour. Makes 4
  servings and for those of you interested, each serving contains 444
  calories, 476 mg. sodium, l74 mg. cholesterol, 28 grams fat, 43 grams
  carbohydrates, 9 grams protein, 0.72 gram fiber. From the LA Times, shared
  by Punky Frischknecht Prodigy ID# SMCD91F.
  
  From Gemini's MASSIVE MealMaster collection at www.synapse.com/~gemini
 
</step></directions></recipe></recipeml>
