<?xml version="1.0" encoding="UTF-8"?>

<recipeml version="0.5">
  <recipe>
    <head>
      <title>Apricot-Orange Conserve</title>
      <categories>
        <cat>None</cat></categories>
      <yield>1</yield></head>
    <ingredients>
      <ing>
        <amt>
          <qty>3 1/2</qty>
          <unit>cups</unit></amt>
        <item>Chopped, dried apricots</item></ing>
      <ing>
        <amt>
          <qty>1/2</qty>
          <unit/></amt>
        <item>Orange, peel of, finely shredded</item></ing>
      <ing>
        <amt>
          <qty>1 1/2</qty>
          <unit>cups</unit></amt>
        <item>Orange juice</item></ing>
      <ing>
        <amt>
          <qty>1/4</qty>
          <unit>cups</unit></amt>
        <item>Lemon juice</item></ing>
      <ing>
        <amt>
          <qty>3 1/4</qty>
          <unit>cups</unit></amt>
        <item>Sugar</item></ing>
      <ing>
        <amt>
          <qty>1/2</qty>
          <unit>cups</unit></amt>
        <item>Chopped walnuts</item></ing></ingredients>
    <directions>
      <step>  Here's a couple of conserve recipes (untried), that I found in a little
  Dell book my Mom had, dated 1975.
  
  Cook dried apricots uncovered in a quart of water for about 20 minutes, or
  until tender. Drain and chop. Combine all ingredients in kettle, except for
  nuts. Stir over medium heat until thickened. remove from heat, stir in
  nuts. Ladle into hot jars and seal.
  
  Posted to EAT-L Digest 05 Sep 96
  
  From:          nancy lee &lt;nlee@BGNET.BGSU.EDU&gt;
  
  Date:          Wed, 4 Sep 1996 14:50:05 -0400
 
</step></directions></recipe></recipeml>
