<?xml version="1.0" encoding="UTF-8"?>

<recipeml version="0.5">
  <recipe>
    <head>
      <title>Apricot-Roast Lamb Shoulder</title>
      <categories>
        <cat>Lamb</cat>
        <cat>Main dish</cat></categories>
      <yield>6</yield></head>
    <ingredients>
      <ing>
        <amt>
          <qty>2</qty>
          <unit>pounds</unit></amt>
        <item>Lamb shoulder, boneless</item></ing>
      <ing>
        <amt>
          <qty>8</qty>
          <unit>ounces</unit></amt>
        <item>Apricots; dried</item></ing>
      <ing>
        <amt>
          <qty>3/4</qty>
          <unit>cups</unit></amt>
        <item>Chicken stock; hot</item></ing>
      <ing>
        <amt>
          <qty/>
          <unit/></amt>
        <item>Salt</item></ing>
      <ing>
        <amt>
          <qty/>
          <unit/></amt>
        <item>Pepper</item></ing>
      <ing>
        <amt>
          <qty>1/2</qty>
          <unit>teaspoons</unit></amt>
        <item>Thyme; dried</item></ing>
      <ing>
        <amt>
          <qty>1/2</qty>
          <unit>teaspoons</unit></amt>
        <item>Ginger; ground</item></ing>
      <ing>
        <amt>
          <qty>2</qty>
          <unit>teaspoons</unit></amt>
        <item>Cornstarch</item></ing></ingredients>
    <directions>
      <step>  Use fresh or frozen lamb shoulder. If using frozen, thaw in refrigerator
  overnight. Trim off any fat from lamb and pat dry Chop apricots finely
  (scissors work well) and combine with chicken stock. Set aside for 20
  minutes. Sprinkle lamb with salt and pepper; rub all over with thyme and
  ginger. Reserving stock, drain apricots and spread inside shoulder. Fold
  two halves togethe to enclose apricots and wrap tightly in large piece of
  greased foil. Place in roasting pan and roast in 300F(150C) oven for 1 1/2
  hours or until lamb is fork tender. Carefully remove from foil and place on
  board; keep warm. Pour juices from foil into roast pan with reserved stock.
  (Dont worry if there are lots of apricot bits in the pan.) Bring to boil.
  Meanwhile dissolve cornstarch in 2 tb cold water and add to pan. Cook,
  stirring, until thickened. Slice lamb, keeping apricots more or less in
  centre. Arrange on heated platter with sauce from roast pan poured over
  top.
  
  From Gemini's MASSIVE MealMaster collection at www.synapse.com/~gemini
 
</step></directions></recipe></recipeml>
