<?xml version="1.0" encoding="UTF-8"?>

<recipeml version="0.5">
  <recipe>
    <head>
      <title>A 15-Minute Stir Fry</title>
      <categories>
        <cat>Kaz</cat></categories>
      <yield>4</yield></head>
    <ingredients>
      <ing>
        <amt>
          <qty>1</qty>
          <unit>pound</unit></amt>
        <item>Boneless, lean meat like</item></ing>
      <ing>
        <amt>
          <qty/>
          <unit/></amt>
        <item>Skinned chicke -- pork</item></ing>
      <ing>
        <amt>
          <qty/>
          <unit/></amt>
        <item>Loin, or beef (flank steak</item></ing>
      <ing>
        <amt>
          <qty/>
          <unit/></amt>
        <item>Round steak or top s</item></ing>
      <ing>
        <amt>
          <qty/>
          <unit/></amt>
        <item>Or trim fat and cut a large</item></ing>
      <ing>
        <amt>
          <qty/>
          <unit/></amt>
        <item>Piece into thi </item></ing>
      <ing>
        <amt>
          <qty>2</qty>
          <unit>tablespoons</unit></amt>
        <item>Low sodium soy sauce</item></ing>
      <ing>
        <amt>
          <qty>2</qty>
          <unit>tablespoons</unit></amt>
        <item>Water</item></ing>
      <ing>
        <amt>
          <qty>2</qty>
          <unit/></amt>
        <item>Garlic</item></ing>
      <ing>
        <amt>
          <qty>1</qty>
          <unit>teaspoon</unit></amt>
        <item>Corn starch </item></ing>
      <ing>
        <amt>
          <qty>1</qty>
          <unit>pound</unit></amt>
        <item>(or 2 c.) fresh or frozen</item></ing>
      <ing>
        <amt>
          <qty/>
          <unit/></amt>
        <item>Vegetables</item></ing>
      <ing>
        <amt>
          <qty/>
          <unit/></amt>
        <item>Bird's Eye Farm Fresh</item></ing>
      <ing>
        <amt>
          <qty/>
          <unit/></amt>
        <item>Mixture, require no</item></ing>
      <ing>
        <amt>
          <qty/>
          <unit/></amt>
        <item>Chop into bite-size pieces</item></ing>
      <ing>
        <amt>
          <qty/>
          <unit/></amt>
        <item>Or thin strips. </item></ing>
      <ing>
        <amt>
          <qty>2</qty>
          <unit>tablespoons</unit></amt>
        <item>Low sodium soy sauce</item></ing>
      <ing>
        <amt>
          <qty>1/2</qty>
          <unit>cups</unit></amt>
        <item>Low sodium chicken broth</item></ing>
      <ing>
        <amt>
          <qty>1</qty>
          <unit>teaspoon</unit></amt>
        <item>Sugar</item></ing>
      <ing>
        <amt>
          <qty>1</qty>
          <unit>tablespoon</unit></amt>
        <item>Corn starch</item></ing>
      <ing>
        <amt>
          <qty/>
          <unit/></amt>
        <item>MEAT:-----</item></ing>
      <ing>
        <amt>
          <qty/>
          <unit/></amt>
        <item>MARINADE:-----</item></ing>
      <ing>
        <amt>
          <qty/>
          <unit/></amt>
        <item>Cloves -- minced</item></ing>
      <ing>
        <amt>
          <qty/>
          <unit/></amt>
        <item>VEGETABLES:-----</item></ing>
      <ing>
        <amt>
          <qty/>
          <unit/></amt>
        <item>Fro -- like</item></ing>
      <ing>
        <amt>
          <qty/>
          <unit/></amt>
        <item>SAUCE:-----</item></ing></ingredients>
    <directions>
      <step>  Combine marinade ingredients in a bowl.  Add meat pieces and toss to coat
  well.  Let stand for 10 minutes; then drain extra marinade from meat.
  
  Cool a wok or heavy pan with non-stick cooking spray. Add 1 tablespoon oil
  and heat on high.  Add meat and cook until browned, stirring constantly.
  Add vegetables and sauce. Bring to a boil, reduce heat and simmer until the
  vegetables are tender but still crisp.
  
  Yield: 4 servings.
  
  Recipe By     :
  
  From Gemini's MASSIVE MealMaster collection at www.synapse.com/~gemini
 
</step></directions></recipe></recipeml>
