<?xml version="1.0" encoding="UTF-8"?>

<recipeml version="0.5">
  <recipe>
    <head>
      <title>A and W Root Beer</title>
      <categories>
        <cat>Beverages</cat></categories>
      <yield>1</yield></head>
    <ingredients>
      <ing>
        <amt>
          <qty>3/4</qty>
          <unit>cups</unit></amt>
        <item>Sugar</item></ing>
      <ing>
        <amt>
          <qty>3/4</qty>
          <unit>cups</unit></amt>
        <item>Hot water</item></ing>
      <ing>
        <amt>
          <qty>1</qty>
          <unit>liter</unit></amt>
        <item>Cold selzter water</item></ing>
      <ing>
        <amt>
          <qty>1/2</qty>
          <unit>teaspoons</unit></amt>
        <item>Root beer concentrate</item></ing>
      <ing>
        <amt>
          <qty>1/8</qty>
          <unit>teaspoons</unit></amt>
        <item>Root beer concentrate</item></ing>
      <ing>
        <amt>
          <qty/>
          <unit/></amt>
        <item>(McCormick is best)</item></ing></ingredients>
    <directions>
      <step>  Dissolve the sugar in the hot water. Add the root beer concetrate and
  let cool. Combine the root beer mixture with the cold seltzer water,
  drink immeidately, or store in refrigerator in tightly covered
  container.
  
  File ftp://ftp.idiscover.co.uk/pub/food/mealmaster/recipes/mmkah001.zip
 
</step></directions></recipe></recipeml>
