<?xml version="1.0" encoding="UTF-8"?>

<recipeml version="0.5">
  <recipe>
    <head>
      <title>A Banana Cake for Any Size Pan</title>
      <categories>
        <cat>Dessert</cat></categories>
      <yield>1</yield></head>
    <ingredients>
      <ing>
        <amt>
          <qty>2 3/4</qty>
          <unit>cups</unit></amt>
        <item>All purpose flour; sifted</item></ing>
      <ing>
        <amt>
          <qty>3 1/2</qty>
          <unit>teaspoons</unit></amt>
        <item>Baking powder</item></ing>
      <ing>
        <amt>
          <qty>3/4</qty>
          <unit>cups</unit></amt>
        <item>Shortening</item></ing>
      <ing>
        <amt>
          <qty>1</qty>
          <unit>teaspoon</unit></amt>
        <item>Salt</item></ing>
      <ing>
        <amt>
          <qty>1 1/2</qty>
          <unit>cups</unit></amt>
        <item>Sugar</item></ing>
      <ing>
        <amt>
          <qty>3</qty>
          <unit/></amt>
        <item>Eggs</item></ing>
      <ing>
        <amt>
          <qty>1</qty>
          <unit>teaspoon</unit></amt>
        <item>Vanilla extract</item></ing>
      <ing>
        <amt>
          <qty>2</qty>
          <unit>cups</unit></amt>
        <item>Mashed ripe bananas; 5-6 bananas</item></ing></ingredients>
    <directions>
      <step>  Preheat oven to 350. Grease well and flour 2 9 inch round layer pans 1 1/2
  inches deep or 1 13x9x2 inch oblong pan or 2 1/2 dozen medium cupcake pans.
  Sift flour, baking powder and salt together. Cream shortening until soft.
  Gradually add sugar, beating until light and fluffy after each addition.
  Add eggs and vanilla nad beat until thick and lemon colored. Add dry
  ingredients alternately with bananas. Blend well after each addition.
  
  Bake: 9 inch round layers--30-35 minutes
  
  13x9x2 oblong--40-45 minutes
  
  Cupcakes--15-20 minutes
  
  Cake is done if center springs back when touched lightly with finger. Cool
  cakes in pan on rack 10 minutes before removing from pan and frosting with
  favorite frosting.
  
  Recipe by: Unknown Cookbook
  
  Posted to MC-Recipe Digest V1 #995 by L979 &lt;L979@aol.com&gt; on Jan 8, 1998
 
</step></directions></recipe></recipeml>
