<?xml version="1.0" encoding="UTF-8"?>

<recipeml version="0.5">
  <recipe>
    <head>
      <title>A Better Banana Bread, Low Fat</title>
      <categories>
        <cat>Bread</cat></categories>
      <yield>14</yield></head>
    <ingredients>
      <ing>
        <amt>
          <qty>1</qty>
          <unit>cup</unit></amt>
        <item>Bananas; * see note</item></ing>
      <ing>
        <amt>
          <qty>1/2</qty>
          <unit>cups</unit></amt>
        <item>Sugar</item></ing>
      <ing>
        <amt>
          <qty>1/2</qty>
          <unit>cups</unit></amt>
        <item>Plain nonfat yogurt</item></ing>
      <ing>
        <amt>
          <qty>1/4</qty>
          <unit>cups</unit></amt>
        <item>Margarine; melted</item></ing>
      <ing>
        <amt>
          <qty>1</qty>
          <unit>tablespoon</unit></amt>
        <item>Vanilla extract</item></ing>
      <ing>
        <amt>
          <qty>1</qty>
          <unit/></amt>
        <item>Egg</item></ing>
      <ing>
        <amt>
          <qty>1</qty>
          <unit/></amt>
        <item>Egg white</item></ing>
      <ing>
        <amt>
          <qty>2</qty>
          <unit>cups</unit></amt>
        <item>All-purpose flour</item></ing>
      <ing>
        <amt>
          <qty>1</qty>
          <unit>tablespoon</unit></amt>
        <item>Baking powder</item></ing>
      <ing>
        <amt>
          <qty>1/2</qty>
          <unit>teaspoons</unit></amt>
        <item>Baking soda</item></ing>
      <ing>
        <amt>
          <qty>1/4</qty>
          <unit>teaspoons</unit></amt>
        <item>Salt</item></ing>
      <ing>
        <amt>
          <qty>1/4</qty>
          <unit>cups</unit></amt>
        <item>Pecans; chop/toast</item></ing>
      <ing>
        <amt>
          <qty/>
          <unit/></amt>
        <item>Baking spray with flour</item></ing></ingredients>
    <directions>
      <step>  Compared to a traditional banana bread, this one has half the sugar and fat
  but tastes just as sweet and delicious.
  
  * 3 small very ripe bananas, mashed.
   Combine first 7 ingredients in a large bowl; beat at medium speed of an
  electric mixer until well blended.
   Combine flour and next 3 ingredients; stir in pecans. Add flour mixture to
  banana mixture, stirring just until moistened. Spoon batter into an
  8-1/2x4-1/2x3-inch loaf pan coated with baking spray with flour. Bake at
  350 degrees for 1 hour and 5 minutes or until a wooden pick inserted in
  center comes out clean. Cool 10 minutes in pan on a wire rack; remove from
  pan, and cool completely on a wire rack.
  
  Yield: 14 servings (serving size: 1 slice).
  
  158 calories (30% from fat), 5.3 g fat, 15 mg cholesterol, 124 mg sodium.
   Source:  Eating Light Magazine - July/August, 1994 Dottie Cross
  Posted to EAT-L Digest 14 Sep 96
  
  Date:    Sun, 15 Sep 1996 21:33:46 -0400
  
  From:    Martha Sheppard &lt;MARTHAHS@POSTOFFICE.WORLDNET.ATT.NET&gt;
 
</step></directions></recipe></recipeml>
