<?xml version="1.0" encoding="UTF-8"?>

<recipeml version="0.5">
  <recipe>
    <head>
      <title>Avocado Soup</title>
      <categories>
        <cat>Soups &amp; ste</cat>
        <cat>New text im</cat>
        <cat>Too hot tam</cat></categories>
      <yield>6</yield></head>
    <ingredients>
      <ing-div>
        <title/>
        <ing>
          <amt>
            <qty>1</qty>
            <unit>tablespoon</unit></amt>
          <item>Canola oil</item></ing>
        <ing>
          <amt>
            <qty>2</qty>
            <unit/></amt>
          <item>Yellow onions; chopped, about 2 Cups</item></ing>
        <ing>
          <amt>
            <qty>4</qty>
            <unit/></amt>
          <item>Cloves garlic; chopped</item></ing>
        <ing>
          <amt>
            <qty>2</qty>
            <unit/></amt>
          <item>Jalapeno chiles; stemmed, seeded, And Minced</item></ing>
        <ing>
          <amt>
            <qty>4</qty>
            <unit/></amt>
          <item>Ripe Haas Avocados (Or 5); peeled, cut into Chunks</item></ing>
        <ing>
          <amt>
            <qty>1</qty>
            <unit>quart</unit></amt>
          <item>Chicken stock</item></ing>
        <ing>
          <amt>
            <qty>1/2</qty>
            <unit>cups</unit></amt>
          <item>Crema OR creme fraiche or sour cream</item></ing>
        <ing>
          <amt>
            <qty>1/2</qty>
            <unit>cups</unit></amt>
          <item>Chopped cilantro</item></ing>
        <ing>
          <amt>
            <qty>2</qty>
            <unit>tablespoons</unit></amt>
          <item>Freshly squeezed lime juice</item></ing></ing-div>
      <ing-div>
        <title>CORN AND TOMATO GARNISH</title>
        <ing>
          <amt>
            <qty>2</qty>
            <unit/></amt>
          <item>Ears corn; roasted or boiled, Kernels Cut Off And Reserved</item></ing>
        <ing>
          <amt>
            <qty>2</qty>
            <unit/></amt>
          <item>Italian Roma tomatoes; seeded and diced</item></ing>
        <ing>
          <amt>
            <qty>2</qty>
            <unit/></amt>
          <item>Scallions; washed and sliced Into Thin Rings</item></ing>
        <ing>
          <amt>
            <qty>1/2</qty>
            <unit>teaspoons</unit></amt>
          <item>Salt</item></ing>
        <ing>
          <amt>
            <qty>1/4</qty>
            <unit>teaspoons</unit></amt>
          <item>Pepper</item></ing>
        <ing>
          <amt>
            <qty>1</qty>
            <unit>tablespoon</unit></amt>
          <item>Crema Or  Sour Cream Crem Fraiche</item></ing></ing-div></ingredients>
    <directions>
      <step>  Heat oil in Dutch oven over low heat; add onions, garlic, jalapenos, salt
  and pepper and cook, stirring, 10 minutes or until translucent. Add
  avocados and stock and bring to the simmer. Simmer 15-20 minutes or until
  avocados are soft. Add cream, being back to a simmer, then puree with
  immersion blender until very smooth. Stir in cilantro and lime and serve,
  topped with corn and tomato garnish.
  
  Yield: 4-6 servings Cooking the avocados preserves their bright color when
  chilled. CORN GARNISH: Stir together corn kernels with all other
  ingredients in a small bowl. Serve 2 spoonfuls on top of Avocado Soup.
  
  Yield: 6 servings as garnish
        Copyright, 1996, TV FOOD NETWORK, G.P., All Rights Reserved
  Recipe By     :  TVFN: Too Hot Tamales Show #Th6300
  
  Posted to MC-Recipe Digest V1 #252
  
  Date: Sun, 20 Oct 1996 07:30:52 -0500 (CDT)
  
  From: "asher@mcs.com" &lt;asher@mcs.com&gt;
  
  NOTES : Show 10/18/96
 
</step></directions></recipe></recipeml>
