<?xml version="1.0" encoding="UTF-8"?>

<recipeml version="0.5">
  <recipe>
    <head>
      <title>Avocado with Smoked Fish</title>
      <categories>
        <cat>None</cat></categories>
      <yield>4</yield></head>
    <ingredients>
      <ing>
        <amt>
          <qty>1/2</qty>
          <unit>pounds</unit></amt>
        <item>Smoked fish</item></ing>
      <ing>
        <amt>
          <qty>4</qty>
          <unit/></amt>
        <item>Eggs -- hard Boiled</item></ing>
      <ing>
        <amt>
          <qty>1/4</qty>
          <unit>cups</unit></amt>
        <item>Milk</item></ing>
      <ing>
        <amt>
          <qty>1/4</qty>
          <unit>cups</unit></amt>
        <item>Lime juice</item></ing>
      <ing>
        <amt>
          <qty>1/4</qty>
          <unit>teaspoons</unit></amt>
        <item>Sugar</item></ing>
      <ing>
        <amt>
          <qty>1/2</qty>
          <unit>teaspoons</unit></amt>
        <item>Salt</item></ing>
      <ing>
        <amt>
          <qty>1/3</qty>
          <unit>cups</unit></amt>
        <item>Vegetable oil</item></ing>
      <ing>
        <amt>
          <qty>2</qty>
          <unit>tablespoons</unit></amt>
        <item>Olive oil</item></ing>
      <ing>
        <amt>
          <qty>2</qty>
          <unit>large</unit></amt>
        <item>Avocados -- ripe</item></ing>
      <ing>
        <amt>
          <qty>1</qty>
          <unit>large</unit></amt>
        <item>Red bell pepper -- or 12</item></ing>
      <ing>
        <amt>
          <qty/>
          <unit/></amt>
        <item>Pimientos -can</item></ing></ingredients>
    <directions>
      <step>  Remove the skin and bones from fish and flake the flesh with a fork.
  
  In a deep bowl, mash the egg yolks with the milk until they form a smooth
  paste.  Add sugar, salt, and 1 tablespoon of the lime juice. Then beat in
  the vegetable oil, a teaspoon or so at a time.  Add the olive oil in the
  same gradual manner.  chop egg whites finely and add them to the bowl,
  along with the fish.  Combine thoroughly but gently.
  
  Just before serving, cut the avocados in half, remove pits, and fill
  cavities with the fish mixture.  Garnish with pepper or pimento, and pass
  around the remaining lime juice to sprinkle on individual servings.
  
  Recipe By     : African News Cookbook-African Cooking for Western Kitchens
  
  File ftp://ftp.idiscover.co.uk/pub/food/mealmaster/recipes/mmdja006.zip
 
</step></directions></recipe></recipeml>
