<?xml version="1.0" encoding="UTF-8"?>

<recipeml version="0.5">
  <recipe>
    <head>
      <title>Avocado Tomato and Mushroom Salad</title>
      <categories>
        <cat>Salads</cat></categories>
      <yield>4</yield></head>
    <ingredients>
      <ing>
        <amt>
          <qty>2</qty>
          <unit/></amt>
        <item>Tomatoes (hot-house or beefsteak) OR Plum tomatoes</item></ing>
      <ing>
        <amt>
          <qty>2</qty>
          <unit/></amt>
        <item>Avocados; cut in half, seed removed, peeled</item></ing>
      <ing>
        <amt>
          <qty>1/3</qty>
          <unit>cups</unit></amt>
        <item>Virgin olive oil</item></ing>
      <ing>
        <amt>
          <qty>12</qty>
          <unit>medium</unit></amt>
        <item>Shiitake mushroom caps (if using dried mushroom caps, soak to reconstitute)</item></ing>
      <ing>
        <amt>
          <qty>1</qty>
          <unit>tablespoon</unit></amt>
        <item>Finely minced garlic</item></ing>
      <ing>
        <amt>
          <qty>1</qty>
          <unit>tablespoon</unit></amt>
        <item>Finely minced shallots</item></ing>
      <ing>
        <amt>
          <qty>1/4</qty>
          <unit>cups</unit></amt>
        <item>Red wine vinegar</item></ing>
      <ing>
        <amt>
          <qty>1/2</qty>
          <unit>teaspoons</unit></amt>
        <item>Salt</item></ing>
      <ing>
        <amt>
          <qty/>
          <unit/></amt>
        <item>Freshly ground pepper</item></ing></ingredients>
    <directions>
      <step>  SLICE THE TOMATO AND PEELED AVOCADO from stem to tip and fan on plates.
  Just before serving, heat the olive oil in a medium skillet over medium
  heat, add the mushrooms and cook, covered, for 5 minutes. Add the garlic,
  shallots, vinegar and salt. Cook, covered, 1 minute more. Remove the
  mushrooms and arrange over the avocado and tomato. Give a few turns of the
  peppermill over each salad as desired. Distribute the dressing equally on
  the salads.
  
  MICHAEL ROBERTS - PRODIGY GUEST CHEFS COOKBOOK
  
  From Gemini's MASSIVE MealMaster collection at www.synapse.com/~gemini
 
</step></directions></recipe></recipeml>
