<?xml version="1.0" encoding="UTF-8"?>

<recipeml version="0.5">
  <recipe>
    <head>
      <title>Avocado Salsa</title>
      <categories>
        <cat>Digest</cat>
        <cat>Oct.</cat>
        <cat>Fatfree</cat></categories>
      <yield>1</yield></head>
    <ingredients>
      <ing>
        <amt>
          <qty>2</qty>
          <unit>large</unit></amt>
        <item>Tomatoes</item></ing>
      <ing>
        <amt>
          <qty>1/2</qty>
          <unit/></amt>
        <item>Red onion</item></ing>
      <ing>
        <amt>
          <qty>1/2</qty>
          <unit>cups</unit></amt>
        <item>Fresh calintro</item></ing>
      <ing>
        <amt>
          <qty>1/4</qty>
          <unit>cups</unit></amt>
        <item>Olive oil (?)</item></ing>
      <ing>
        <amt>
          <qty>2</qty>
          <unit>tablespoons</unit></amt>
        <item>Fresh lime juice</item></ing>
      <ing>
        <amt>
          <qty>1</qty>
          <unit/></amt>
        <item>2 large jalepenos</item></ing>
      <ing>
        <amt>
          <qty/>
          <unit/></amt>
        <item>Salt to taste</item></ing>
      <ing>
        <amt>
          <qty>1</qty>
          <unit>large</unit></amt>
        <item>Avocado</item></ing></ingredients>
    <directions>
      <step>  Combine 1st six ingredients (refrigerate if you want for later) and add
  avocado and salt just before serving.
  
  Posted by "Crosby!" &lt;cani@indirect.com&gt; to the Fatfree Digest [Volume 11
  Issue 21], Oct. 21, 1994. FATFREE Recipe collections copyrighted by
  Michelle Dick 1994. Used with permission. Formatted by Sue Smith,
  S.Smith34, TXFT40A@Prodigy.com using MMCONV.
  
  File ftp://ftp.idiscover.co.uk/pub/food/mealmaster/recipes/fatfreex.zip
 
</step></directions></recipe></recipeml>
