<?xml version="1.0" encoding="UTF-8"?>

<recipeml version="0.5">
  <recipe>
    <head>
      <title>Avocado Soup</title>
      <categories>
        <cat>Soup</cat></categories>
      <yield>6</yield></head>
    <ingredients>
      <ing>
        <amt>
          <qty>4</qty>
          <unit/></amt>
        <item>Ripe avocados</item></ing>
      <ing>
        <amt>
          <qty>2</qty>
          <unit>cups</unit></amt>
        <item>Chicken consomme/broth</item></ing>
      <ing>
        <amt>
          <qty>1</qty>
          <unit>cup</unit></amt>
        <item>Sour cream</item></ing>
      <ing>
        <amt>
          <qty>1</qty>
          <unit>cup</unit></amt>
        <item>Table cream</item></ing>
      <ing>
        <amt>
          <qty/>
          <unit/></amt>
        <item>Ground ginger</item></ing>
      <ing>
        <amt>
          <qty/>
          <unit/></amt>
        <item>Paprika</item></ing>
      <ing>
        <amt>
          <qty/>
          <unit/></amt>
        <item>Salt &amp; pepper to taste</item></ing></ingredients>
    <directions>
      <step>  Peel &amp; dice avocados.  Combine in blender with onion juice, consomme or
  broth, sour cream and table cream. Blend until smooth. Season to taste with
  salt, pepper and ginger. Store in covered, opaque container in refrigerator
  until chilled and ready to serve. Top with additional sour cream if you
  like and sprinkle with paprika. Note: plain yogurt can be substituted for
  the sour cream for a somewhat more healthful dish. Be sure to pour off any
  excess water in the yogurt before adding to other ingredients.
  
  From the &lt;Micro Cookbook Collection of Contemporary Recipes&gt;.  Downloaded
  from Glen's MM Recipe Archive, http://www.erols.com/hosey.
 
</step></directions></recipe></recipeml>
