<?xml version="1.0" encoding="UTF-8"?>

<recipeml version="0.5">
  <recipe>
    <head>
      <title>Avocado Sorbet</title>
      <categories>
        <cat>Dessert</cat></categories>
      <yield>8</yield></head>
    <ingredients>
      <ing>
        <amt>
          <qty>1</qty>
          <unit>cup</unit></amt>
        <item>Sugar</item></ing>
      <ing>
        <amt>
          <qty>1</qty>
          <unit>cup</unit></amt>
        <item>Light corn syrup</item></ing>
      <ing>
        <amt>
          <qty>2</qty>
          <unit>cups</unit></amt>
        <item>Water</item></ing>
      <ing>
        <amt>
          <qty>1</qty>
          <unit>teaspoon</unit></amt>
        <item>Grated lime peel</item></ing>
      <ing>
        <amt>
          <qty>3</qty>
          <unit/></amt>
        <item>Avocados; seeded, peeled and mashed</item></ing>
      <ing>
        <amt>
          <qty>2</qty>
          <unit>tablespoons</unit></amt>
        <item>Lemon juice</item></ing>
      <ing>
        <amt>
          <qty>1</qty>
          <unit>tablespoon</unit></amt>
        <item>Lime juice</item></ing>
      <ing>
        <amt>
          <qty/>
          <unit/></amt>
        <item>Fresh raspberries and crisp cookies; optional</item></ing></ingredients>
    <directions>
      <step>  From: arielle@taronga.com (Stephanie da Silva) (COLLECTION)
  
  Date: Thu, 22 Jul 1993 18:23:06 GMT
  
  Bring sugar, corn syrup and water to boil in large saucepan. Remove from
  heat; stir in lime peel. Cool 50 to 60 minutes. Blend avocados and lemon
  and lime juice in blender or food processor until smooth. Add cooled sugar
  mixture; blend until thoroughly combined. Pour into 13 x 9 x 2 inch pan or
  2 smaller pans so depth is about 1/2 inch. Freeze 1 hour. Remove sorbet
  from freezer, beat 2 to 3 minutes until light and creamy. Pour back into
  pan; cover with plastic wrap and freeze until firm, about 4 hours. Serve
  sorbet with fresh raspberries and crisp cookies.
  
  REC.FOOD.RECIPES ARCHIVES
  
  /FRUIT
  
  From rec.food.cooking archives.  Downloaded from Glen's MM Recipe Archive,
  http://www.erols.com/hosey.
 
</step></directions></recipe></recipeml>
