<?xml version="1.0" encoding="UTF-8"?>

<recipeml version="0.5">
  <recipe>
    <head>
      <title>Avocado Seafood Sauce</title>
      <categories>
        <cat>None</cat></categories>
      <yield>1</yield></head>
    <ingredients>
      <ing>
        <amt>
          <qty>2</qty>
          <unit/></amt>
        <item>Avocados -- ripe</item></ing>
      <ing>
        <amt>
          <qty/>
          <unit/></amt>
        <item>Juice of 1 lemon</item></ing>
      <ing>
        <amt>
          <qty>1</qty>
          <unit/></amt>
        <item>Clove garlic -- minced</item></ing>
      <ing>
        <amt>
          <qty>1</qty>
          <unit>cup</unit></amt>
        <item>Sour cream</item></ing>
      <ing>
        <amt>
          <qty/>
          <unit/></amt>
        <item>Salt -- to taste</item></ing>
      <ing>
        <amt>
          <qty/>
          <unit/></amt>
        <item>Freshly ground black pepper</item></ing>
      <ing>
        <amt>
          <qty/>
          <unit/></amt>
        <item>To taste</item></ing>
      <ing>
        <amt>
          <qty>3</qty>
          <unit>tablespoons</unit></amt>
        <item>Chives -- minced</item></ing></ingredients>
    <directions>
      <step>  1. Peel, pit and mash the avocados with the lemon juice and garlic. Stir in
  the sour cream slowly. Add salt and pepper to taste. 2. For a cold sauce,
  stir in the chives. Fold with crab meat or lobster meat for a great salad
  or serve alongside cold salmon. For a warm sauce, heat gently in a double
  boiler until hot but do not allow to boil. Stir in the chives and serve.
  Yield: About 2 cups This sauce is excellent for salmon, shrimp, crab or
  lobster.
  
  Recipe By     : Rebecca Radnor &lt;japlady@nwu.edu&gt;
  
  File ftp://ftp.idiscover.co.uk/pub/food/mealmaster/recipes/mmdja006.zip
 
</step></directions></recipe></recipeml>
