<?xml version="1.0" encoding="UTF-8"?>

<recipeml version="0.5">
  <recipe>
    <head>
      <title>Avocado Soup with Radishes and Cilantro Cream</title>
      <categories>
        <cat/></categories>
      <yield>1</yield></head>
    <ingredients>
      <ing>
        <amt>
          <qty>2</qty>
          <unit>tablespoons</unit></amt>
        <item>Avocado oil</item></ing>
      <ing>
        <amt>
          <qty>1</qty>
          <unit>tablespoon</unit></amt>
        <item>Walnut Oil or 3 T. Fruity</item></ing>
      <ing>
        <amt>
          <qty/>
          <unit/></amt>
        <item>Olive Oil</item></ing>
      <ing>
        <amt>
          <qty>1</qty>
          <unit>medium</unit></amt>
        <item>Yellow Onion; chopped</item></ing>
      <ing>
        <amt>
          <qty>4</qty>
          <unit/></amt>
        <item>Cloves Garlic; peeled and</item></ing>
      <ing>
        <amt>
          <qty/>
          <unit/></amt>
        <item>Minced</item></ing>
      <ing>
        <amt>
          <qty>1</qty>
          <unit/></amt>
        <item>Piece Ginger; 1 1/2 inches</item></ing>
      <ing>
        <amt>
          <qty>1</qty>
          <unit/></amt>
        <item>Long -- peeled and minced</item></ing>
      <ing>
        <amt>
          <qty>3</qty>
          <unit/></amt>
        <item>Serrano or jalapeno chili</item></ing>
      <ing>
        <amt>
          <qty/>
          <unit/></amt>
        <item>Peppers, stemmed; seeded and</item></ing>
      <ing>
        <amt>
          <qty/>
          <unit/></amt>
        <item>Minced</item></ing>
      <ing>
        <amt>
          <qty>4</qty>
          <unit>cups</unit></amt>
        <item>Chicken stock</item></ing>
      <ing>
        <amt>
          <qty>3</qty>
          <unit/></amt>
        <item>Ripe Avocados; preferably</item></ing>
      <ing>
        <amt>
          <qty/>
          <unit/></amt>
        <item>The Haas variety</item></ing>
      <ing>
        <amt>
          <qty>2</qty>
          <unit/></amt>
        <item>Limes</item></ing>
      <ing>
        <amt>
          <qty>1/2</qty>
          <unit>cups</unit></amt>
        <item>Sour cream</item></ing>
      <ing>
        <amt>
          <qty>2</qty>
          <unit>tablespoons</unit></amt>
        <item>Half-and-half</item></ing>
      <ing>
        <amt>
          <qty>1/4</qty>
          <unit>cups</unit></amt>
        <item>Cilantro leaves; very finely</item></ing>
      <ing>
        <amt>
          <qty/>
          <unit/></amt>
        <item>Minced</item></ing>
      <ing>
        <amt>
          <qty>1</qty>
          <unit>teaspoon</unit></amt>
        <item>Ground Coriander</item></ing>
      <ing>
        <amt>
          <qty/>
          <unit/></amt>
        <item>Salt</item></ing>
      <ing>
        <amt>
          <qty>1</qty>
          <unit>bunch</unit></amt>
        <item>Radishes; 10-12</item></ing>
      <ing>
        <amt>
          <qty/>
          <unit/></amt>
        <item>Black pepper</item></ing></ingredients>
    <directions>
      <step>  Heat the Avocado oil or two tablespoons of the olive oil in a saucepan and
  add chopped onion. Saute for 5 minutes and add garlic, ginger and 2 of the
  peppers. Saute for another 5 minutes. Add the stock, simmer for 10 minutes
  and remove from heat. While the stock and vegetables are simmering, cut the
  Avocados in half and seed and peel them. Chop the Avocados, toss them with
  the juice of 1 lime and place about half the Avocado in a blender
  container. Add hot stock and vegetables until container is about 3/4 full
  and process until the mixture is smooth and liquid. Chill the soup
  thoroughly, preferably for several hours. To make the cilantro cream, stir
  the sour cream and half-and-half together, add the chopped cilantro, the
  remaining chili pepper, the ground coriander and salt to taste. Chill until
  you are ready to use it. Cut the radishes in small julienne and toss with
  the walnut oil or the remaining olive oil, the juice of 1/2 lime and salt
  to taste. Chill until you are ready to use them. Taste the chilled soup and
  add salt and more lime juice to taste. Ladle it into chilled soup bowls.
  Top each serving with a tablespoon of cilantro cream and a tablespoon of
  julienned radishes.
  
  Variation This soup is also delicious when served hot and is an ideal
  opening to a hearty Mexican meal.
 
</step></directions></recipe></recipeml>
