<?xml version="1.0" encoding="UTF-8"?>

<recipeml version="0.5">
  <recipe>
    <head>
      <title>Avocado with Groundnut Dressing</title>
      <categories>
        <cat>Vegetables</cat></categories>
      <yield>4</yield></head>
    <ingredients>
      <ing>
        <amt>
          <qty>2</qty>
          <unit/></amt>
        <item>Avocados -- ripe</item></ing>
      <ing>
        <amt>
          <qty>1</qty>
          <unit>tablespoon</unit></amt>
        <item>Lemon juice</item></ing>
      <ing>
        <amt>
          <qty>2</qty>
          <unit>tablespoons</unit></amt>
        <item>Peanuts -- shelled</item></ing>
      <ing>
        <amt>
          <qty>1/2</qty>
          <unit>teaspoons</unit></amt>
        <item>Paprika</item></ing>
      <ing>
        <amt>
          <qty>1/2</qty>
          <unit>teaspoons</unit></amt>
        <item>Cinnamon</item></ing>
      <ing>
        <amt>
          <qty/>
          <unit/></amt>
        <item>Cayenne -- to taste</item></ing>
      <ing>
        <amt>
          <qty/>
          <unit/></amt>
        <item>Salt -- to taste</item></ing>
      <ing>
        <amt>
          <qty/>
          <unit/></amt>
        <item>Fresh chives -- to garnish</item></ing></ingredients>
    <directions>
      <step>  Peel the avocados; cut out the stone and cut into cubes.  Sprinkle with
  lemon juice and set aside.  Grind the peanuts roughly with a rolling pin or
  in a grinder for a few seconds.  Mix the peanuts and spices well. Sprinkle
  over the avocados with finely chopped chives.
  
  Refrigerate until ready to serve.
  
  Recipe By     : Caribbean and African Cookery, by Rosamund Grant
  
  File ftp://ftp.idiscover.co.uk/pub/food/mealmaster/recipes/mmdja006.zip
 
</step></directions></recipe></recipeml>
