<?xml version="1.0" encoding="UTF-8"?>

<recipeml version="0.5">
  <recipe>
    <head>
      <title>Avocado Soup</title>
      <categories>
        <cat>None</cat></categories>
      <yield>6</yield></head>
    <ingredients>
      <ing>
        <amt>
          <qty>1</qty>
          <unit>pound</unit></amt>
        <item>Hass avocados; chopped, (about 4)</item></ing>
      <ing>
        <amt>
          <qty>2</qty>
          <unit>tablespoons</unit></amt>
        <item>Roughly chopped cilantro leaves</item></ing>
      <ing>
        <amt>
          <qty>6</qty>
          <unit>cups</unit></amt>
        <item>Chicken stock; preferably homemade, chilled</item></ing>
      <ing>
        <amt>
          <qty>1</qty>
          <unit/></amt>
        <item>Serrano or jalape=F1o pepper; seeded and veined, minced</item></ing>
      <ing>
        <amt>
          <qty>1</qty>
          <unit>cup</unit></amt>
        <item>Freshly squeezed orange juice; from 2 oranges</item></ing>
      <ing>
        <amt>
          <qty>1/4</qty>
          <unit>cups</unit></amt>
        <item>Tequila; preferably aged</item></ing>
      <ing>
        <amt>
          <qty/>
          <unit/></amt>
        <item>Coarse salt; to taste</item></ing>
      <ing>
        <amt>
          <qty>1/2</qty>
          <unit>teaspoons</unit></amt>
        <item>Grated orange zest</item></ing>
      <ing>
        <amt>
          <qty>1</qty>
          <unit/></amt>
        <item>Watermelon</item></ing></ingredients>
    <directions>
      <step>  To learn more about avocados, please see the February 1998 issue of MARTHA
  STEWART LIVING.
  
  1. In a blender, combine avocado, cilantro, 3/4 cup chicken stock, serrano
  or jalape=F1o pepper. Add orange juice, tequila, salt, zest, and remaining
  chicken stock. Blend until smooth, in two batches if necessary. Strain
  through a sieve.
  
  2. Cut watermelon in half crosswise and hollow out, forming a tureen. Seed
  watermelon and cut into 1/2-inch cubes. Pour soup into watermelon and
  garnish with watermelon cubes, reserving remaining watermelon for another
  use.
  
  Sources: Special thanks to Josefina Howard Proprietor Rosa Mexicano
     1063    First Avenue New York, NY 10022 212-753-7407 for reservations.
  
  Posted to recipelu-digest by "Valerie Whittle" &lt;catspaw@inetnow.net&gt; on Feb
  16, 1998
 
</step></directions></recipe></recipeml>
