<?xml version="1.0" encoding="UTF-8"?>

<recipeml version="0.5">
  <recipe>
    <head>
      <title>Avocado Vichyssoise</title>
      <categories>
        <cat>Soup</cat></categories>
      <yield>8</yield></head>
    <ingredients>
      <ing>
        <amt>
          <qty>1</qty>
          <unit>pound</unit></amt>
        <item>Potatoes; peeled and roughly cut</item></ing>
      <ing>
        <amt>
          <qty>3</qty>
          <unit/></amt>
        <item>Poblano chiles</item></ing>
      <ing>
        <amt>
          <qty>4</qty>
          <unit/></amt>
        <item>Tomatillos; husks removed</item></ing>
      <ing>
        <amt>
          <qty>6</qty>
          <unit/></amt>
        <item>Green onions</item></ing>
      <ing>
        <amt>
          <qty>1</qty>
          <unit/></amt>
        <item>Serrano chile; seeded</item></ing>
      <ing>
        <amt>
          <qty>1/2</qty>
          <unit>bunches</unit></amt>
        <item>Cilantro; large stems removed</item></ing>
      <ing>
        <amt>
          <qty>2</qty>
          <unit>tablespoons</unit></amt>
        <item>Mint leaves</item></ing>
      <ing>
        <amt>
          <qty>2</qty>
          <unit>tablespoons</unit></amt>
        <item>Lime jjuice</item></ing>
      <ing>
        <amt>
          <qty>1</qty>
          <unit>tablespoon</unit></amt>
        <item>Candied ginger; minced OR</item></ing>
      <ing>
        <amt>
          <qty>2</qty>
          <unit>teaspoons</unit></amt>
        <item>Grated fresh ginger</item></ing>
      <ing>
        <amt>
          <qty>2</qty>
          <unit/></amt>
        <item>Ripe avocados; peeled, seeded, and roughly chopped (up to)</item></ing>
      <ing>
        <amt>
          <qty>8</qty>
          <unit>cups</unit></amt>
        <item>Milk</item></ing>
      <ing>
        <amt>
          <qty/>
          <unit/></amt>
        <item>Salt and pepper</item></ing>
      <ing>
        <amt>
          <qty>1/2</qty>
          <unit>cups</unit></amt>
        <item>Sour cream</item></ing>
      <ing>
        <amt>
          <qty>1</qty>
          <unit>teaspoon</unit></amt>
        <item>Pureed chipotle chile</item></ing>
      <ing>
        <amt>
          <qty>From:</qty>
          <unit/></amt>
        <item>Brenda Adams &lt;ADAMSFMLE@AOL.COM&gt;</item></ing>
      <ing>
        <amt>
          <qty>Date:</qty>
          <unit/></amt>
        <item>Fri, 19 Jul 1996 04:30:20 -0400</item></ing></ingredients>
    <directions>
      <step>  Contemporary Southwest, The Cafe Terra Cotta Cookbook (1995), by Donna
  Nordin
  
  The avocado in this soup turns a traditional potato-based soup into
  something the French would never recognize! Because of the richness of the
  avocado, we can use milk instead of cream without compromising the texture.
  
  1. Steam or boil the potatoes until soft and let cool. Meanwhile, roast,
  peel, and seed the poblanos. Roast the tomatillos and onions until lightly
  charred.
  
  2. Combine the roasted vegetables and potatoes in a food processor or
  blender and puree. Add the serrano chile, cilantro, mint, lime juice,
  ginger, and avocado and puree until smooth, adding milk as necessary to
  facilitate the blending. Transfer to a bowl or storage container and thin
  to the desired texture with milk. Add salt and pepper to taste. Chill.
  
  3. Taste the chilled soup for seasoning and correct if necessary. Mix the
  sour cream and chipotle chile together and drizzle over each bowl soup as a
  garnish.
  
  Note:   Normally this soup is served cold, but it can be reheated gently
  and served warm. If you prefer it less spicy, leave out the chipotle
  garnish and simply garnish with a sprig cilantro. Typos by Brenda Adams
  
  EAT-L Digest 18 July 96
  
  From the EAT-L recipe list.  Downloaded from Glen's MM Recipe Archive,
  http://www.erols.com/hosey.
 
</step></directions></recipe></recipeml>
