<?xml version="1.0" encoding="UTF-8"?>

<recipeml version="0.5">
  <recipe>
    <head>
      <title>Avocado Stuffed with Smoked Fish (West Africa)</title>
      <categories>
        <cat>African</cat>
        <cat>Seafood</cat>
        <cat>Ceideburg 2</cat></categories>
      <yield>4</yield></head>
    <ingredients>
      <ing>
        <amt>
          <qty>4</qty>
          <unit/></amt>
        <item>Hard-cooked eggs *</item></ing>
      <ing>
        <amt>
          <qty>1/4</qty>
          <unit>cups</unit></amt>
        <item>Milk</item></ing>
      <ing>
        <amt>
          <qty>1/4</qty>
          <unit>cups</unit></amt>
        <item>Strained fresh lime juice</item></ing>
      <ing>
        <amt>
          <qty>1/4</qty>
          <unit>teaspoons</unit></amt>
        <item>Sugar</item></ing>
      <ing>
        <amt>
          <qty>1/2</qty>
          <unit>teaspoons</unit></amt>
        <item>Salt</item></ing>
      <ing>
        <amt>
          <qty>1/3</qty>
          <unit>cups</unit></amt>
        <item>Vegetable oil</item></ing>
      <ing>
        <amt>
          <qty>2</qty>
          <unit>tablespoons</unit></amt>
        <item>Olive oil</item></ing>
      <ing>
        <amt>
          <qty>1/2</qty>
          <unit>pounds</unit></amt>
        <item>Smoked whitefish</item></ing>
      <ing>
        <amt>
          <qty>2</qty>
          <unit>large</unit></amt>
        <item>Ripe avocados</item></ing>
      <ing>
        <amt>
          <qty>12</qty>
          <unit/></amt>
        <item>Strips of fresh red bell pepper or canned pimiento **</item></ing></ingredients>
    <directions>
      <step>  * the yolks rubbed through a sieve and the whites finely chopped.
  
  ** each cut about 1/4 inch wide and 2 inches long.
  
  In a deep bowl, mash the egg yolks and milk together with a spoon or
  table fork until they form a smooth paste.  Add 1 tablespoon of the
  lime juice, the sugar and the salt.
  
  Then beat in the vegetable oil, a teaspoon or so at a time; make sure
  each addition is absorbed before adding more.  Add the olive oil by
  teaspoonfuls, beating constantly.  Stir the remaining lime juice into
  the sauce and taste for seasoning.
  
  With your fingers or a small knife, remove the skin from the fish and
  pick out any bones.  Drop the fish into a bowl and flake it finely
  with a fork. Add the chopped egg whites and the sauce, and toss
  together gently but thoroughly.
  
  Just before serving, cut the avocados in half.  With the tip of a
  small knife, loosen the seeds and lift them out.  Remove any brown
  tissue like fibers clinging to the flesh.
  
  Spoon the fish mixture into the avocado halves, dividing it equally
  among them and mounding it slightly in the center.  Arrange 3 strips
  of sweet pepper or pimiento diagonally across the top of each avocado
  and serve at once.
  
  Makes 4 servings.
  
  From "African Cooking", Laurens van der Post and the editors of Time
  Life Books, "Foods of the World" series, 1970.  LOC # 77-119620.
  
  Posted by Stephen Ceideberg; February 24 1993.
  
  File ftp://ftp.idiscover.co.uk/pub/food/mealmaster/recipes/cberg2.zip
 
</step></directions></recipe></recipeml>
