<?xml version="1.0" encoding="UTF-8"?>

<recipeml version="0.5">
  <recipe>
    <head>
      <title>Awabi Sakami (Sweet Cooked Abalone)</title>
      <categories>
        <cat>Appetizer</cat></categories>
      <yield>6</yield></head>
    <ingredients>
      <ing>
        <amt>
          <qty>15</qty>
          <unit>ounces</unit></amt>
        <item>Abalone (canned)</item></ing>
      <ing>
        <amt>
          <qty>1/4</qty>
          <unit>pints</unit></amt>
        <item>Water</item></ing>
      <ing>
        <amt>
          <qty>2 1/2</qty>
          <unit>tablespoons</unit></amt>
        <item>Sake</item></ing>
      <ing>
        <amt>
          <qty>1</qty>
          <unit>ounce</unit></amt>
        <item>Sugar</item></ing>
      <ing>
        <amt>
          <qty>2 1/2</qty>
          <unit>teaspoons</unit></amt>
        <item>Soya sauce</item></ing></ingredients>
    <directions>
      <step>  Date: Wed, 6 Mar 1996 17:23:58 -0500
  
  From: kmeade@ids2.idsonline.com (The Meades)
  
  Empty the can of Abalone into a small saucepan and add water. Bring to
  boil, reduce heat and simmer uncovered for 10 minutes. Add Sake and Sugar
  and cook for another 5 minutes, stir in Soya sauce and continnue to cook
  for 2-3 more minutes. Cool to room temperature, cut the abalone into 1/2"
  thick slices and serve.
  
  MC-RECIPE@MASTERCOOK.COM
  
  MASTERCOOK RECIPES LIST SERVER
  
  From the MasterCook recipe list.  Downloaded from Glen's MM Recipe Archive,
  http://www.erols.com/hosey.
 
</step></directions></recipe></recipeml>
