<?xml version="1.0" encoding="UTF-8"?>

<recipeml version="0.5">
  <recipe>
    <head>
      <title>Award-Winning New York Bowl of Red</title>
      <categories>
        <cat>Chili</cat>
        <cat>Beef</cat>
        <cat>Pork</cat></categories>
      <yield>1</yield></head>
    <ingredients>
      <ing-div>
        <title>CHUCK OZBURN HBWK07A</title>
        <ing>
          <amt>
            <qty>1 1/2</qty>
            <unit>teaspoons</unit></amt>
          <item>Cumin seed</item></ing>
        <ing>
          <amt>
            <qty>5</qty>
            <unit>pounds</unit></amt>
          <item>Trimmed beef brisket; cut in 3/4 inch cubes</item></ing>
        <ing>
          <amt>
            <qty/>
            <unit/></amt>
          <item>Salt and freshly ground pepp</item></ing>
        <ing>
          <amt>
            <qty>6</qty>
            <unit/></amt>
          <item>Garlic cloves; minced</item></ing>
        <ing>
          <amt>
            <qty>4</qty>
            <unit>medium</unit></amt>
          <item>Jalapenos; finely chopped</item></ing>
        <ing>
          <amt>
            <qty>2</qty>
            <unit>medium</unit></amt>
          <item>Onions; finely chopped</item></ing>
        <ing>
          <amt>
            <qty>1/2</qty>
            <unit>cups</unit></amt>
          <item>Commercial chili powder (see</item></ing>
        <ing>
          <amt>
            <qty>3</qty>
            <unit>tablespoons</unit></amt>
          <item>Pure red mild chile powder, as dark new mexico *</item></ing>
        <ing>
          <amt>
            <qty>1 1/2</qty>
            <unit>teaspoons</unit></amt>
          <item>Ground coriander</item></ing>
        <ing>
          <amt>
            <qty>4</qty>
            <unit>cups</unit></amt>
          <item>Beef stock or canned broth o</item></ing>
        <ing>
          <amt>
            <qty>1</qty>
            <unit/></amt>
          <item>35oz can italian peeled toma coarsely chopped with their</item></ing>
        <ing>
          <amt>
            <qty>1 1/2</qty>
            <unit>teaspoons</unit></amt>
          <item>Oregano crumbled</item></ing>
        <ing>
          <amt>
            <qty>1/2</qty>
            <unit>pounds</unit></amt>
          <item>Coarsely ground beef chuck</item></ing>
        <ing>
          <amt>
            <qty>2</qty>
            <unit/></amt>
          <item>Scallions - white and tender portions thinly sliced</item></ing></ing-div></ingredients>
    <directions>
      <step>  Recipe by: HBWK07A    Chuck Ozburn In a small dry skillet, toast the cumin
  seeds over moderate heat, stirring constantly, until fragrant, about 2
  minutes; grind in a spice mill or a mortar; heat a large enameled cast-iron
  casserole;  season the brisket with salt and pepper; working in batches,
  add the meat to the casserole and cook over moderately high heat until well
  browned  all  over, about 8 minutes; transfer each batch to a large plate;
  add  the garlic, jalapenos and onions to the casserole and cook over
  moderate heat, stirring occasionally, until softened, about 4 minutes; add
  the commercial chili powder, pure red chile powder, coriander and half of
  the ground cumin; cook, stirring, for 2 minutes; return the cooked brisket
  to the casserole; add the beef stock, tomatoes and the oregano; bring to a
  boil over moderately high heat, then lower the heat and simmer gently,
  stirring occasionally, for  3 hours; stir in the ground chuck, season with
  salt and cook until the brisket is very tender and the sauce has thickened,
  about 1 hour longer; stir in the remaining cumin and simmer for 15 minutes;
  garnish with the scallions and serve. 6 to 8 servings. Jonathan Levine
  Director of the New York State Chili Cook-Off and a member of the
  International Chili Society Advisory Board. Note: Rather than commercial
  chili  powder, Jonathan recommends using Reno Red Chili Mix, available by
  mail order from Stewart's Chili Company, P.O. Box 574, San Carlos, CA
  94070. * Available at specialty food stores and Latin American markets.
  Chuck in Pok 03:06 pm Wednesday 05/11 C.OZBURN on GEnie
  
  From Gemini's MASSIVE MealMaster collection at www.synapse.com/~gemini
 
</step></directions></recipe></recipeml>
