<?xml version="1.0" encoding="UTF-8"?>

<recipeml version="0.5">
  <recipe>
    <head>
      <title>Awardwinning Stuffed Quahogs</title>
      <categories>
        <cat>Seafood</cat></categories>
      <yield>8</yield></head>
    <ingredients>
      <ing>
        <amt>
          <qty>1 1/2</qty>
          <unit>pounds</unit></amt>
        <item>Day-old bread crumbs</item></ing>
      <ing>
        <amt>
          <qty>2</qty>
          <unit>cups</unit></amt>
        <item>Bread crumbs</item></ing>
      <ing>
        <amt>
          <qty>1/2</qty>
          <unit>pounds</unit></amt>
        <item>Chopped quahogs</item></ing>
      <ing>
        <amt>
          <qty>1</qty>
          <unit>pint</unit></amt>
        <item>Clam juice</item></ing>
      <ing>
        <amt>
          <qty>2</qty>
          <unit>cups</unit></amt>
        <item>Chopped celery</item></ing>
      <ing>
        <amt>
          <qty>1</qty>
          <unit>cup</unit></amt>
        <item>Chopped onions</item></ing>
      <ing>
        <amt>
          <qty>1/2</qty>
          <unit>pounds</unit></amt>
        <item>Margarine</item></ing>
      <ing>
        <amt>
          <qty/>
          <unit/></amt>
        <item>Salt to taste</item></ing>
      <ing>
        <amt>
          <qty/>
          <unit/></amt>
        <item>Pepper to taste</item></ing>
      <ing>
        <amt>
          <qty/>
          <unit/></amt>
        <item>Garlic to taste</item></ing></ingredients>
    <directions>
      <step>  Saute fresh celery and onions in margarine until soft. Put bread crumbs,
  chopped quahogs and clam juice in a mixing howl. Add salt, pepper and
  garlic. Put sauteed mixture into bowl and mix well. Let cool then stuff
  into quahog shells. Bake in 350 oven for 30 minutes, then eat.
  
  Posted by JoAnn Pellegrino 5/98
  
  Recipe published in Rhode Island Monthly Magazine July 1995
  
  Recipe by: Carl &amp; Daves Providence RI
  
  Posted to KitMailbox Digest  by J Pellegrino &lt;gigimfg@ix.netcom.com&gt; on May
  28, 1998
 
</step></directions></recipe></recipeml>
