<?xml version="1.0" encoding="UTF-8"?>

<recipeml version="0.5">
  <recipe>
    <head>
      <title>Awesome Apple Pudding</title>
      <categories>
        <cat>Kid</cat>
        <cat>Friendly</cat></categories>
      <yield>1</yield></head>
    <ingredients>
      <ing>
        <amt>
          <qty>1</qty>
          <unit>cup</unit></amt>
        <item>Leftover cooked rice</item></ing>
      <ing>
        <amt>
          <qty>1</qty>
          <unit>cup</unit></amt>
        <item>Applesauce</item></ing>
      <ing>
        <amt>
          <qty>1</qty>
          <unit>teaspoon</unit></amt>
        <item>Cinnamon</item></ing>
      <ing>
        <amt>
          <qty>1</qty>
          <unit>cup</unit></amt>
        <item>Vanilla yogurt</item></ing>
      <ing>
        <amt>
          <qty>Tools</qty>
          <unit>1.</unit></amt>
        <item>big mixing bowl</item></ing></ingredients>
    <directions>
      <step>  2. 1-cup measuring cup
  
  3. 1-teaspoon measuring spoon
  
  4. big wooden spoon
  
  5. 4 dessert bowls
  
  How to make Awesome Apple Pudding: 1. Put the 1 cup of cooked rice into the
  mixing bowl.
  
  2. Put the 1 cup of applesauce in with the rice.
  
  3. Sprinkle the 1 teaspoon of cinnamon over the applesauce and rice.
  
  4. Mix everything together with the big mixing spoon.
  
  5. Stir the 1 cup of vanilla yogurt into the rice and applesauce mixture.
  
  6. Spoon your Awesome Apple Pudding into the 4 dessert bowls.
  
  7. Sprinkle a little more cinnamon over the top of each bowl.
  
  Now your Awesome Apple Pudding is ready to eat! Mmmm-mmm! You just can't
  beat this tasty treat!
  
  Recipe by: My First Encyclopedia CD rom
  
  Posted to recipelu-digest by James and Susan Kirkland &lt;kirkland@gj.net&gt; on
  Feb 03, 1998
 
</step></directions></recipe></recipeml>
