<?xml version="1.0" encoding="UTF-8"?>

<recipeml version="0.5">
  <recipe>
    <head>
      <title>Awesome Blossom -- with Dip</title>
      <categories>
        <cat>Appetizers</cat>
        <cat>Dips</cat>
        <cat>Favorites</cat></categories>
      <yield>1</yield></head>
    <ingredients>
      <ing-div>
        <title/>
        <ing>
          <amt>
            <qty>1</qty>
            <unit/></amt>
          <item>Sweet onion; texas, vidalia</item></ing>
        <ing>
          <amt>
            <qty>1</qty>
            <unit/></amt>
          <item>Walla walla or maui</item></ing>
        <ing>
          <amt>
            <qty>1</qty>
            <unit/></amt>
          <item>Water</item></ing>
        <ing>
          <amt>
            <qty>1</qty>
            <unit/></amt>
          <item>Egg; beaten</item></ing>
        <ing>
          <amt>
            <qty>2</qty>
            <unit>tablespoons</unit></amt>
          <item>Flour</item></ing>
        <ing>
          <amt>
            <qty>1</qty>
            <unit>cup</unit></amt>
          <item>Cracker crumbs</item></ing>
        <ing>
          <amt>
            <qty>1</qty>
            <unit/></amt>
          <item>Or coating mix</item></ing>
        <ing>
          <amt>
            <qty>1</qty>
            <unit/></amt>
          <item>Oil; for deep frying</item></ing></ing-div>
      <ing-div>
        <title>DIP</title>
        <ing>
          <amt>
            <qty>1/2</qty>
            <unit>cups</unit></amt>
          <item>Mayonnaise</item></ing>
        <ing>
          <amt>
            <qty>1/2</qty>
            <unit>cups</unit></amt>
          <item>Sour cream</item></ing>
        <ing>
          <amt>
            <qty>1/2</qty>
            <unit>cups</unit></amt>
          <item>Thousand island dressing</item></ing>
        <ing>
          <amt>
            <qty>2</qty>
            <unit>tablespoons</unit></amt>
          <item>Horseradish; grated</item></ing></ing-div></ingredients>
    <directions>
      <step>  Select a well-rounded onion.  Peel outer skin off. Leave root intact; cut
  off any hanging roots.  Using small, sharp fnife, divide onion into four
  sections by making 2 cuts crosswise, beginning at the top and cutting
  toward root, stopping about 1/2 inch away. Cut each section twice. Place
  onion in bowl of enough boiling water to cover it and leave for 5 minutes.
  The sections, or "petals" will begin to open. Remove onion from hot water
  and immerse into ice water, to help the opening. Drain well by turning
  opside down on paper towel. Put flour into paper bag, add onion and shake
  gently to coat with flour. Roll floured onion in beaten egg to cover. Put
  cracker crumbs or coating mix in paper bag, add onion and shake gently to
  coat. Refrigerate for 1 hour before deep frying in oil to golden brown, 3
  to 5 minutes. Cooked onion may be kept for a time in warm oven. The
  "Outback Steakhouse" serves this with a delicious hot-hot sauce to dunk'
  in. They also add hot spices to the flour and/or coating mix.
 
</step></directions></recipe></recipeml>
