<?xml version="1.0" encoding="UTF-8"?>

<recipeml version="0.5">
  <recipe>
    <head>
      <title>Ayam Bumbu Rojak (Chicken with Spicy Sauce)</title>
      <categories>
        <cat>Poultry</cat>
        <cat>Indonesian</cat>
        <cat>Main dish</cat></categories>
      <yield>4</yield></head>
    <ingredients>
      <ing>
        <amt>
          <qty>1</qty>
          <unit/></amt>
        <item>Broiler or fryer</item></ing>
      <ing>
        <amt>
          <qty/>
          <unit/></amt>
        <item>Chicken with skin 450g</item></ing>
      <ing>
        <amt>
          <qty>1</qty>
          <unit>large</unit></amt>
        <item>Onion, finely chopped</item></ing>
      <ing>
        <amt>
          <qty>2</qty>
          <unit/></amt>
        <item>Cloves garlic, chopped</item></ing>
      <ing>
        <amt>
          <qty/>
          <unit/></amt>
        <item>Finely</item></ing>
      <ing>
        <amt>
          <qty>3</qty>
          <unit>tablespoons</unit></amt>
        <item>Oil</item></ing>
      <ing>
        <amt>
          <qty>1</qty>
          <unit>teaspoon</unit></amt>
        <item>Brown sugar</item></ing>
      <ing>
        <amt>
          <qty>1</qty>
          <unit/></amt>
        <item>Red chilli, crushed</item></ing>
      <ing>
        <amt>
          <qty>2</qty>
          <unit/></amt>
        <item>Candlenuts, grated</item></ing>
      <ing>
        <amt>
          <qty>1/4</qty>
          <unit/></amt>
        <item>Roll shrimp paste</item></ing>
      <ing>
        <amt>
          <qty>1</qty>
          <unit>teaspoon</unit></amt>
        <item>Sweet soy sauce</item></ing>
      <ing>
        <amt>
          <qty>2</qty>
          <unit>teaspoons</unit></amt>
        <item>Salt</item></ing></ingredients>
    <directions>
      <step>  Cut chicken into serving portions
  
  Fry onion and garlic in oil until golden brown. Add brown sugar, chilli,
  candlenuts and shrimp paste and stir. Add chicken to this spicy mixture.
  
  Then add tamarind juice, soy sauce, 1 cup water and salt. Cover tightly and
  cook slowly until liquid is completely absorbed by chicken. Serve with
  rice.
  
  Compiled by Imran C. Gold Coast-'Oz
  Posted to EAT-L Digest 28 October 96
  
  Date:    Wed, 30 Oct 1996 13:58:21 +1000
  
  From:    "I. Chaudhary" &lt;imranc@ONTHENET.COM.AU&gt;
 
</step></directions></recipe></recipeml>
