<?xml version="1.0" encoding="UTF-8"?>

<recipeml version="0.5">
  <recipe>
    <head>
      <title>Ayam Gereng (Indonesian Fried Chicken)</title>
      <categories>
        <cat>Indonesian</cat>
        <cat>Chicken</cat>
        <cat>Ceideburg 2</cat></categories>
      <yield>4</yield></head>
    <ingredients>
      <ing-div>
        <title/>
        <ing>
          <amt>
            <qty>1</qty>
            <unit>medium</unit></amt>
          <item>Chicken</item></ing></ing-div>
      <ing-div>
        <title>MARINADE</title>
        <ing>
          <amt>
            <qty>1/2</qty>
            <unit>cups</unit></amt>
          <item>Tamarind water</item></ing>
        <ing>
          <amt>
            <qty>1</qty>
            <unit>tablespoon</unit></amt>
          <item>Clear soya sauce</item></ing>
        <ing>
          <amt>
            <qty/>
            <unit/></amt>
          <item>A pinch of chilli powder</item></ing>
        <ing>
          <amt>
            <qty>1</qty>
            <unit>teaspoon</unit></amt>
          <item>Ground ginger</item></ing>
        <ing>
          <amt>
            <qty>1</qty>
            <unit>teaspoon</unit></amt>
          <item>Ground coriander</item></ing>
        <ing>
          <amt>
            <qty>1</qty>
            <unit/></amt>
          <item>Clove garlic, crushed</item></ing>
        <ing>
          <amt>
            <qty/>
            <unit/></amt>
          <item>A pinch of turmeric</item></ing></ing-div></ingredients>
    <directions>
      <step>  The name means simply 'fried chicken', and that is all it is.  The
  marinade, however, gives it a characteristically Indonesian flavour.
  Marinate the pieces of chicken in this mixture for 2 hours, turning
  them from time to time. Strain the chicken, so that the marinade
  drips away from it.  Then deep-fry the portions, 4 or 5 at a time.
  Chicken fried in this way is excellent with Nasi Goreng.  [Nasi
  Goreng is fried rice. S.C.] Makes 4 servings. From "Indonesian Food
  and Cookery", Sri Owen, Prospect Books, London, 1986." ISBN
  0-907325-29-7. Posted by Stephen Ceideberg; March 1 1993.
  
  File ftp://ftp.idiscover.co.uk/pub/food/mealmaster/recipes/cberg2.zip
 
</step></directions></recipe></recipeml>
