<?xml version="1.0" encoding="UTF-8"?>

<recipeml version="0.5">
  <recipe>
    <head>
      <title>Ayam Goreng Asam (Indonesia) Piquant Fried Chicken</title>
      <categories>
        <cat>Poultry</cat>
        <cat>Main dish</cat></categories>
      <yield>6</yield></head>
    <ingredients>
      <ing>
        <amt>
          <qty>1 1/2</qty>
          <unit/></amt>
        <item>Roasting chicken</item></ing>
      <ing>
        <amt>
          <qty>3</qty>
          <unit/></amt>
        <item>Cloves garlic</item></ing>
      <ing>
        <amt>
          <qty>1 1/2</qty>
          <unit>teaspoons</unit></amt>
        <item>Salt</item></ing>
      <ing>
        <amt>
          <qty>1</qty>
          <unit>teaspoon</unit></amt>
        <item>Ground black pepper</item></ing>
      <ing>
        <amt>
          <qty>1</qty>
          <unit>teaspoon</unit></amt>
        <item>Palm sugar or substitute</item></ing>
      <ing>
        <amt>
          <qty>2</qty>
          <unit>teaspoons</unit></amt>
        <item>Ground coriander</item></ing>
      <ing>
        <amt>
          <qty>1/2</qty>
          <unit>teaspoons</unit></amt>
        <item>Ground turmeric</item></ing>
      <ing>
        <amt>
          <qty>1/3</qty>
          <unit>cups</unit></amt>
        <item>Tamarind liquid</item></ing>
      <ing>
        <amt>
          <qty/>
          <unit/></amt>
        <item>Oil for frying</item></ing></ingredients>
    <directions>
      <step>  Cut chicken into small serving pieces. Crush garlic with salt to a smooth
  paste and combine with pepper, sugar, coriander, cummin, turmeric and
  tamarind liquid. Rub over the chicken pieces and leave for 1 hour, or cover
  and marinade in refrigerator overnight. Heat enough oil in a large heavy
  frying pan to cover base of pan. Take chicken pieces from marinade and
  drain on paper towels to get rid of excess moisture. Put pieces into the
  frying pan and cook over medium heat for 2 minutes on each side, turning
  with tongs until golden brown. Reduce heat, cover pan and cook for 10-12
  minutes longer, turning pieces half-way through. Drain on absorbent paper
  and serve warm.
  
  Compiled by Imran C.                Gold Coast - Oz
  
  Source: The Complete Asian Cookbook-C. Solomon
  Posted to EAT-L Digest 29 October 96
  
  Date:    Wed, 30 Oct 1996 13:58:47 +1000
  
  From:    "I. Chaudhary" &lt;imranc@ONTHENET.COM.AU&gt;
 
</step></directions></recipe></recipeml>
