<?xml version="1.0" encoding="UTF-8"?>

<recipeml version="0.5">
  <recipe>
    <head>
      <title>Ayam Panggang Mesanten (Grilled Chicken With</title>
      <categories>
        <cat>Poultry</cat>
        <cat>Main dish</cat>
        <cat>Ethnic</cat></categories>
      <yield>4</yield></head>
    <ingredients>
      <ing>
        <amt>
          <qty>2</qty>
          <unit>pounds</unit></amt>
        <item>Chicken</item></ing>
      <ing>
        <amt>
          <qty>1</qty>
          <unit>teaspoon</unit></amt>
        <item>Salt</item></ing>
      <ing>
        <amt>
          <qty>1</qty>
          <unit>cup</unit></amt>
        <item>Oil</item></ing>
      <ing>
        <amt>
          <qty>1</qty>
          <unit>teaspoon</unit></amt>
        <item>Dried shrimp paste</item></ing>
      <ing>
        <amt>
          <qty>4</qty>
          <unit/></amt>
        <item>Shallots; chopped</item></ing>
      <ing>
        <amt>
          <qty>3</qty>
          <unit/></amt>
        <item>Garlic cloves, crushed</item></ing>
      <ing>
        <amt>
          <qty>3</qty>
          <unit/></amt>
        <item>Chilies, red, fresh</item></ing>
      <ing>
        <amt>
          <qty>2</qty>
          <unit>tablespoons</unit></amt>
        <item>Oil</item></ing>
      <ing>
        <amt>
          <qty>2 1/3</qty>
          <unit>cups</unit></amt>
        <item>Coconut milk</item></ing>
      <ing>
        <amt>
          <qty>2</qty>
          <unit/></amt>
        <item>Bay leaves</item></ing>
      <ing>
        <amt>
          <qty>1</qty>
          <unit/></amt>
        <item>Lemon grass stalk</item></ing>
      <ing>
        <amt>
          <qty>1</qty>
          <unit>tablespoon</unit></amt>
        <item>Juice, lime</item></ing>
      <ing>
        <amt>
          <qty>1</qty>
          <unit/></amt>
        <item>Chilies, red, fresh</item></ing></ingredients>
    <directions>
      <step>  Dried shrimp paste is also called terasi. Seed and shred the chilies. Crush
  lemon grass with side of cleaver.
  
  Cut chicken in half.  Wash and pat dry.  Rub with salt and oil. Grill over
  hot coals about 10-15 minutes each side, until done.
  
  Slice chicken into bite-sized pieces.  Wrap shrimp paste in foil and toast
  each side over moderate heat about 2 minutes. Pound shallots, garlic,
  chilies, and toasted shrimp paste into a paste. Heat oil in frying pan. Add
  paste and fry on moderate heat, stirring, for about 4-5 minutes, or until
  dry, do not burn.
  
  Add coconut milk gradually, stirring after each addition. Add bay leaves
  and lemon grass.  Bring to a boil. Simmer 5 minutes to allow flavors to
  blend.
  
  Add lime juice.  Stir.  Add cooked chicken and reheat in sauce. Garnish
  with the shredded chilie.  Serve with rice and Sambal Ulek.
  
  Here is something that I remembered on my last trip to Padang and the
  Mentawai Islands.  I like those out of the way places..
  
  Posted on GEnie by V.BERGIN [Asian Fan], Mar 28, 1993 MM by Sylvia Steiger,
  GEnie THE.STEIGERS, CI$ 71511,2253, GT Cookbook echo moderator, net/node
  004/005
  
  From Gemini's MASSIVE MealMaster collection at www.synapse.com/~gemini
 
</step></directions></recipe></recipeml>
