<?xml version="1.0" encoding="UTF-8"?>

<recipeml version="0.5">
  <recipe>
    <head>
      <title>Ayam Kacang Bukittingga (Peanut Chicken)</title>
      <categories>
        <cat>Sumatra</cat>
        <cat>Chicken</cat>
        <cat>Ceideburg 2</cat></categories>
      <yield>6</yield></head>
    <ingredients>
      <ing>
        <amt>
          <qty>1</qty>
          <unit>medium</unit></amt>
        <item>Onions, sliced (1/2 cup)</item></ing>
      <ing>
        <amt>
          <qty>2</qty>
          <unit/></amt>
        <item>Garlic cloves, sliced</item></ing>
      <ing>
        <amt>
          <qty>1/2</qty>
          <unit/></amt>
        <item>Piece fresh ginger, sliced</item></ing>
      <ing>
        <amt>
          <qty>4</qty>
          <unit/></amt>
        <item>Or 5 fresh, hot red chiles, seeded, sliced</item></ing>
      <ing>
        <amt>
          <qty>1/8</qty>
          <unit>teaspoons</unit></amt>
        <item>Ground pepper</item></ing>
      <ing>
        <amt>
          <qty>1/8</qty>
          <unit>teaspoons</unit></amt>
        <item>Turmeric</item></ing>
      <ing>
        <amt>
          <qty>1</qty>
          <unit>teaspoon</unit></amt>
        <item>Salt or to taste</item></ing>
      <ing>
        <amt>
          <qty>2</qty>
          <unit>cups</unit></amt>
        <item>Coconut milk</item></ing>
      <ing>
        <amt>
          <qty>1</qty>
          <unit/></amt>
        <item>Salam leaf</item></ing>
      <ing>
        <amt>
          <qty>1</qty>
          <unit>slice</unit></amt>
        <item>Laos</item></ing>
      <ing>
        <amt>
          <qty>1</qty>
          <unit/></amt>
        <item>(3-pound) chicken, cut into 8 pieces, discard loose skin and fat</item></ing>
      <ing>
        <amt>
          <qty>1/3</qty>
          <unit>cups</unit></amt>
        <item>Dry roasted peanuts</item></ing></ingredients>
    <directions>
      <step>  Process onion, garlic, ginger chile, pepper, turmeric, salt and 1/4
  cup coconut milk to a smooth paste.  Put the rest of the coconut milk
  in a pan with the spice paste and bring to a boil over moderate heat.
  Add salam, laos, chicken and peanuts and continue to cook, uncovered,
  over low heat for 30 to 40 minutes, basing frequently, until almost
  all the liquid has evaporated.  Serve warm.
  
  Serves 6.
  
  From the San Francisco Chronicle, 3/9/88.
  
  Posted by Stephen Ceideberg; February 24 1993.
  
  File ftp://ftp.idiscover.co.uk/pub/food/mealmaster/recipes/cberg2.zip
 
</step></directions></recipe></recipeml>
