<?xml version="1.0" encoding="UTF-8"?>

<recipeml version="0.5">
  <recipe>
    <head>
      <title>Ayam Masak Aceh (Butterfly Cornish Game Hen)</title>
      <categories>
        <cat>Sumatra</cat>
        <cat>Poultry</cat>
        <cat>Ceideburg 2</cat></categories>
      <yield>4</yield></head>
    <ingredients>
      <ing>
        <amt>
          <qty>2</qty>
          <unit/></amt>
        <item>Cornish game hens, about 1 1/3 pounds each</item></ing>
      <ing>
        <amt>
          <qty>4</qty>
          <unit/></amt>
        <item>Shallots sliced</item></ing>
      <ing>
        <amt>
          <qty>2</qty>
          <unit/></amt>
        <item>Garlic cloves, sliced</item></ing>
      <ing>
        <amt>
          <qty>1</qty>
          <unit>tablespoon</unit></amt>
        <item>Ground coriander</item></ing>
      <ing>
        <amt>
          <qty>3</qty>
          <unit/></amt>
        <item>To 7 fresh hot red chiles, seeded, sliced</item></ing>
      <ing>
        <amt>
          <qty>1/2</qty>
          <unit/></amt>
        <item>Piece fresh ginger, sliced</item></ing>
      <ing>
        <amt>
          <qty>1/4</qty>
          <unit>teaspoons</unit></amt>
        <item>Ground turmeric</item></ing>
      <ing>
        <amt>
          <qty/>
          <unit/></amt>
        <item>Salt to taste</item></ing>
      <ing>
        <amt>
          <qty>2</qty>
          <unit>tablespoons</unit></amt>
        <item>Lime juice</item></ing>
      <ing>
        <amt>
          <qty>2</qty>
          <unit>cups</unit></amt>
        <item>Coconut milk</item></ing>
      <ing>
        <amt>
          <qty>2</qty>
          <unit/></amt>
        <item>Stalks lemon grass or 1 slice lemon</item></ing></ingredients>
    <directions>
      <step>  Split open the game hens from the breast side and flatten them out
  into a butterfly shape.  Discard loose skin and fat.  Broil the hens
  for 3 minutes on each side.
  
  Process the shallots, garlic, coriander, chile, ginger, turmeric,
  salt, lime juice and 1/2 cup of the coconut milk to a smooth sauce.
  Marinate the hens in the sauce for 15 minutes.
  
  Put the hens in a large skillet and cook over moderate heat for 10
  minutes uncovered.  Then add the remaining coconut milk and the lemon
  grass. Bring to a boil and cook for 30 minutes, basting occasionally,
  until the hens are tender and almost all the liquid has evaporated.
  
  Serve warm.
  
  Serves 4.
  
  San Francisco Chronicle, 3/9/88.
  
  Posted by Stephen Ceideberg; February 24 1993.
  
  File ftp://ftp.idiscover.co.uk/pub/food/mealmaster/recipes/cberg2.zip
 
</step></directions></recipe></recipeml>
