<?xml version="1.0" encoding="UTF-8"?>

<recipeml version="0.5">
  <recipe>
    <head>
      <title>Azerbaijani Pilaf</title>
      <categories>
        <cat>Grains</cat>
        <cat>Ethnic</cat></categories>
      <yield>6</yield></head>
    <ingredients>
      <ing>
        <amt>
          <qty>2</qty>
          <unit>cups</unit></amt>
        <item>Rice</item></ing>
      <ing>
        <amt>
          <qty>3</qty>
          <unit>cups</unit></amt>
        <item>Water or meat broth</item></ing>
      <ing>
        <amt>
          <qty>3</qty>
          <unit>tablespoons</unit></amt>
        <item>Cooking fat</item></ing>
      <ing>
        <amt>
          <qty>2</qty>
          <unit>pounds</unit></amt>
        <item>Broad beans</item></ing>
      <ing>
        <amt>
          <qty>2</qty>
          <unit>tablespoons</unit></amt>
        <item>Margarine</item></ing>
      <ing>
        <amt>
          <qty>1/2</qty>
          <unit>cups</unit></amt>
        <item>Water</item></ing>
      <ing>
        <amt>
          <qty>1</qty>
          <unit>teaspoon</unit></amt>
        <item>Flour</item></ing>
      <ing>
        <amt>
          <qty>2</qty>
          <unit>tablespoons</unit></amt>
        <item>Lemon juice</item></ing>
      <ing>
        <amt>
          <qty>2</qty>
          <unit/></amt>
        <item>Bunches fresh dill</item></ing>
      <ing>
        <amt>
          <qty/>
          <unit/></amt>
        <item>Salt</item></ing></ingredients>
    <directions>
      <step>  Melt margarine and put into saucepan with 1 1/2 cups water, flour, lemon
  juice and a little salt. Pare the skins of the broad beans. add to saucepan
  and cover and cook 30 minutes or until beans partially cooked. Heat 3 cups
  of meat broth or water and add to saucepan and bring to a boil. remove from
  heat and set aside.Place rice in a bowl with 2 tsp of salt and enough warm
  water to cover.set aside to cool. Drain and rinse and drain rice. Heat the
  fat in a sucepan and add rice and saute for 10 minutes, stirring constantly
  over hight heat. Add the broadbean mixture to the rice and cover and cook
  on high then reduce heat to moderate until rice absorbs the liquids. Chop
  dill and simmer rice a few minutes before adding dill.
  Posted to MM-Recipes Digest  by "Robert Ellis" &lt;rpearson@snowcrest.net&gt; on
  Feb 25, 1998
 
</step></directions></recipe></recipeml>
