<?xml version="1.0" encoding="UTF-8"?>

<recipeml version="0.5">
  <recipe>
    <head>
      <title>Aztec Enchiladas</title>
      <categories>
        <cat>Cheese/eggs</cat>
        <cat>Mexican</cat></categories>
      <yield>6</yield></head>
    <ingredients>
      <ing>
        <amt>
          <qty>7</qty>
          <unit/></amt>
        <item>Eggs</item></ing>
      <ing>
        <amt>
          <qty>2</qty>
          <unit>tablespoons</unit></amt>
        <item>Skim milk</item></ing>
      <ing>
        <amt>
          <qty>1</qty>
          <unit>tablespoon</unit></amt>
        <item>Chicken stock</item></ing>
      <ing>
        <amt>
          <qty>1</qty>
          <unit>cup</unit></amt>
        <item>Corn</item></ing>
      <ing>
        <amt>
          <qty>1/4</qty>
          <unit>teaspoons</unit></amt>
        <item>Chili powder</item></ing>
      <ing>
        <amt>
          <qty>4</qty>
          <unit/></amt>
        <item>Corn tortillas</item></ing>
      <ing>
        <amt>
          <qty>1</qty>
          <unit/></amt>
        <item>Sweet red pepper rings</item></ing>
      <ing>
        <amt>
          <qty>1</qty>
          <unit/></amt>
        <item>Parsley sprigs</item></ing></ingredients>
    <directions>
      <step>  Beat the eggs, whisk in milk. Heat stock in large skillet and add the corn.
  Cook 2 to 3 minutes. Stir in the eggs and sprinkle with chili powder. Cook
  over low-medium heat, stirring occasionally, until the eggs are set. Place
  one-fourth of mixture on each tortilla. Serve garnished with pepper rings
  and parsley sprigs, if desired.
  
  From: The Lose Weight Naturally Cookbook Posted by: Sheila Exner
  
  From Gemini's MASSIVE MealMaster collection at www.synapse.com/~gemini
 
</step></directions></recipe></recipeml>
