<?xml version="1.0" encoding="UTF-8"?>

<recipeml version="0.5">
  <recipe>
    <head>
      <title>Aztec Pyramid Avocado Dip</title>
      <categories>
        <cat>Dip</cat></categories>
      <yield>40</yield></head>
    <ingredients>
      <ing>
        <amt>
          <qty>3</qty>
          <unit/></amt>
        <item>California avocados (dark-skinned type); peeled</item></ing>
      <ing>
        <amt>
          <qty>1</qty>
          <unit>cup</unit></amt>
        <item>Cream cheese; softened</item></ing>
      <ing>
        <amt>
          <qty>2</qty>
          <unit>cups</unit></amt>
        <item>Sour cream</item></ing>
      <ing>
        <amt>
          <qty>1</qty>
          <unit>package</unit></amt>
        <item>(1.33-oz) taco seasoning mix</item></ing>
      <ing>
        <amt>
          <qty>2</qty>
          <unit>cups</unit></amt>
        <item>Sharp Cheddar; shredded</item></ing>
      <ing>
        <amt>
          <qty>3</qty>
          <unit>cups</unit></amt>
        <item>Fresh tomatoes; finely chopped</item></ing>
      <ing>
        <amt>
          <qty>5</qty>
          <unit/></amt>
        <item>Green onions; sliced, use all</item></ing>
      <ing>
        <amt>
          <qty>1/2</qty>
          <unit>cups</unit></amt>
        <item>Black olives; sliced</item></ing>
      <ing>
        <amt>
          <qty>2</qty>
          <unit>tablespoons</unit></amt>
        <item>Lemon juice</item></ing></ingredients>
    <directions>
      <step>  Date: Wed, 17 Apr 1996 01:04:28 -0400
  
  From: BobbieB1@aol.com
  LAYER 1: (Bottom) Mash the avocados and blend in the lemon juice, mixing
  well, and spread evenly in a bowl or on a serving plate to the edges of the
  dish.
  
  LAYER 2: Beat the cream cheese until smooth and creamy. Blend in the sour
  cream, mixing well, and blend in the taco seasoning, blending well. Spread
  over the avocado layer.
  
  LAYER 3: Sprinkle the cheddar cheese over the cream cheese mixture.
  
  LAYER 4: Distribute the tomatoes over the cheddar cheese layer.
  
  LAYER 5: Spread the green onions over the tomato layer.
  
   LAYER 6: Top with the black olives. Serve at room temperature. Makes about
   10 1/2    cups of dip.
  
  SUGGESTED DIPPERS: Tortilla Chips, Bell peppers, Lobster, Jicama
  
  MM-RECIPES@IDISCOVER.NET
  
  MEAL-MASTER RECIPES LIST SERVER
  
  MM-RECIPES DIGEST V3 #108
  
  From the MealMaster recipe list.  Downloaded from Glen's MM Recipe Archive,
  http://www.erols.com/hosey.
 
</step></directions></recipe></recipeml>
