<?xml version="1.0" encoding="UTF-8"?>

<recipeml version="0.5">
  <recipe>
    <head>
      <title>Aunt Rose's Mardi Gras Doughnuts</title>
      <categories>
        <cat>Dessert</cat></categories>
      <yield>18</yield></head>
    <ingredients>
      <ing>
        <amt>
          <qty>2</qty>
          <unit>cups</unit></amt>
        <item>Flour</item></ing>
      <ing>
        <amt>
          <qty>2</qty>
          <unit>tablespoons</unit></amt>
        <item>Sugar</item></ing>
      <ing>
        <amt>
          <qty>2</qty>
          <unit>teaspoons</unit></amt>
        <item>Baking powder</item></ing>
      <ing>
        <amt>
          <qty>1/2</qty>
          <unit>cups</unit></amt>
        <item>Milk</item></ing>
      <ing>
        <amt>
          <qty>2</qty>
          <unit/></amt>
        <item>Eggs</item></ing>
      <ing>
        <amt>
          <qty>1</qty>
          <unit>pinch</unit></amt>
        <item>Salt</item></ing>
      <ing>
        <amt>
          <qty>1</qty>
          <unit>teaspoon</unit></amt>
        <item>Pure vanilla extract</item></ing>
      <ing>
        <amt>
          <qty/>
          <unit/></amt>
        <item>Oil for deep frying</item></ing>
      <ing>
        <amt>
          <qty/>
          <unit/></amt>
        <item>Powdered sugar</item></ing></ingredients>
    <directions>
      <step>  Date: Tue, 19 Mar 1996 18:30:18 -0500
  
  From: "Vernon E. Phipps Jr." &lt;cook4u@vivanet.com&gt;
  
  Submitted by Alcee-Hymet Family.
  
  Mix the flour, sugar and baking powder together in a bowl. Make a well in
  the middle and add the eggs, milk, salt and vanilla. Beat these together
  and gradually work on the flour. Roll out on a floured board to about 1/4
  inch or a little thinner if preferred.
  
  Cut the dough into 2 x 4-inch strips and simply make 3 or 4 slits in the
  center of each. Fry in deep oil until golden brown. Sprinkle with powdered
  sugar.  Yield: approximately 18 to 20.
  
  HINT: These will be firmer than doughnuts.
  
  The Legends of Louisisna Cookbook; Sheila Ainbinder; ISBN 0-671-70817-1
  
  MM-RECIPES@IDISCOVER.NET
  
  MEAL-MASTER RECIPES LIST SERVER
  
  MM-RECIPES DIGEST V3 #83
  
  From the MealMaster recipe list.  Downloaded from Glen's MM Recipe Archive,
  http://www.erols.com/hosey.
 
</step></directions></recipe></recipeml>
