<?xml version="1.0" encoding="UTF-8"?>

<recipeml version="0.5">
  <recipe>
    <head>
      <title>Aunt Rose Mc Call's Ox Tail Soup</title>
      <categories>
        <cat>Soups</cat></categories>
      <yield>6</yield></head>
    <ingredients>
      <ing>
        <amt>
          <qty>1 1/2</qty>
          <unit>pounds</unit></amt>
        <item>Cut ox tail</item></ing>
      <ing>
        <amt>
          <qty>1 1/2</qty>
          <unit>quarts</unit></amt>
        <item>Water</item></ing>
      <ing>
        <amt>
          <qty>1</qty>
          <unit>tablespoon</unit></amt>
        <item>Salt</item></ing>
      <ing>
        <amt>
          <qty>1/2</qty>
          <unit>cups</unit></amt>
        <item>Diced onion</item></ing>
      <ing>
        <amt>
          <qty>1</qty>
          <unit>cup</unit></amt>
        <item>Diced raw carrots</item></ing>
      <ing>
        <amt>
          <qty>1/2</qty>
          <unit>cups</unit></amt>
        <item>Diced raw celery</item></ing>
      <ing>
        <amt>
          <qty>2</qty>
          <unit>tablespoons</unit></amt>
        <item>White rice</item></ing>
      <ing>
        <amt>
          <qty>1</qty>
          <unit>cup</unit></amt>
        <item>Cooked tomatoes</item></ing>
      <ing>
        <amt>
          <qty>Brown</qty>
          <unit>ox</unit></amt>
        <item>tails well in hot fat. ADD: Simmer at least 3 1/4 hours. When meat</item></ing></ingredients>
    <directions>
      <step>  is tender, remove from bone. Return meat to pot. ADD: Cover and simmer 30
  minutes. Skim off as much fat as you can. This soup may be made the day
  before eating - then the fat is easily removed. Heat through before eating.
  
  Posted to MM-Recipes Digest V4 #187 by Julie Bertholf
  &lt;jewel1@ix.netcom.com&gt; on Jul 19, 1997
 
</step></directions></recipe></recipeml>
