<?xml version="1.0" encoding="UTF-8"?>

<recipeml version="0.5">
  <recipe>
    <head>
      <title>Aunt Sue's Easy Brunch Casserole</title>
      <categories>
        <cat>None</cat></categories>
      <yield>1</yield></head>
    <ingredients>
      <ing>
        <amt>
          <qty>2</qty>
          <unit>pounds</unit></amt>
        <item>Sausage (1 pound hot; 1 pound sweet)</item></ing>
      <ing>
        <amt>
          <qty>8</qty>
          <unit>slices</unit></amt>
        <item>Stale white bread</item></ing>
      <ing>
        <amt>
          <qty/>
          <unit/></amt>
        <item>Butter</item></ing>
      <ing>
        <amt>
          <qty>1 1/2</qty>
          <unit>pounds</unit></amt>
        <item>Extra sharp cheddar cheese, grated</item></ing>
      <ing>
        <amt>
          <qty>6</qty>
          <unit/></amt>
        <item>Eggs</item></ing>
      <ing>
        <amt>
          <qty>3</qty>
          <unit>cups</unit></amt>
        <item>Half and half</item></ing>
      <ing>
        <amt>
          <qty>1</qty>
          <unit>small</unit></amt>
        <item>Onion, minced</item></ing>
      <ing>
        <amt>
          <qty>1/2</qty>
          <unit>teaspoons</unit></amt>
        <item>Paprika</item></ing>
      <ing>
        <amt>
          <qty>1/8</qty>
          <unit>teaspoons</unit></amt>
        <item>Pepper</item></ing>
      <ing>
        <amt>
          <qty>1</qty>
          <unit>teaspoon</unit></amt>
        <item>Brown sugar</item></ing>
      <ing>
        <amt>
          <qty>1/2</qty>
          <unit>teaspoons</unit></amt>
        <item>Dry mustard</item></ing>
      <ing>
        <amt>
          <qty>1/2</qty>
          <unit>teaspoons</unit></amt>
        <item>Salt</item></ing>
      <ing>
        <amt>
          <qty>1/2</qty>
          <unit>teaspoons</unit></amt>
        <item>Worcestershire sauce</item></ing>
      <ing>
        <amt>
          <qty>1/8</qty>
          <unit>teaspoons</unit></amt>
        <item>Cayenne</item></ing></ingredients>
    <directions>
      <step>  Remove casings from sausage. Brown in skillet. Drain well. Butter each side
  of the bread. Cut into cubes. Place cheese, sausage and bread into a 9X13
  pan. (Aunt Sue says spray with cooking spray first!!). Mix gently with
  hadnds Blend remaining ingredients and pour over cheese/bread/sausage
  mixture. Try to cover completely Cover with foil or saran. Refrigerate
  overnight (or even 2 nights) Uncover and bake at 300øF for 1 hour. Turn off
  oven and leave casserole in closed oven for 20 minutes more.
  
  Aunt Sue says...If you are baking other things at the same time (ie hash
  brown casserole) the temperature and time can be adjusted. (On Christmas
  she bakes at 325øF for about 1 hour to 1 1/4 hours and never turns the oven
  off)
  Posted to EAT-L Digest 14 Sep 96
  
  From:    Rebecca Hessler &lt;rhessler@ULTRANET.COM&gt;
  
  Date:    Sun, 15 Sep 1996 15:50:59 -0400
 
</step></directions></recipe></recipeml>
