<?xml version="1.0" encoding="UTF-8"?>

<recipeml version="0.5">
  <recipe>
    <head>
      <title>Aunt Marg's Pressed Beef</title>
      <categories>
        <cat>Meats</cat>
        <cat>Seasonings</cat>
        <cat>Spreads</cat>
        <cat>Vegetables</cat></categories>
      <yield>6</yield></head>
    <ingredients>
      <ing>
        <amt>
          <qty>2</qty>
          <unit>pounds</unit></amt>
        <item>Beef (inexpensive cut)</item></ing>
      <ing>
        <amt>
          <qty>1</qty>
          <unit/></amt>
        <item>Meaty soup bone</item></ing>
      <ing>
        <amt>
          <qty>1</qty>
          <unit/></amt>
        <item>Onion; peeled &amp; quartered</item></ing>
      <ing>
        <amt>
          <qty>1</qty>
          <unit/></amt>
        <item>Carrot; quartered</item></ing>
      <ing>
        <amt>
          <qty>1</qty>
          <unit/></amt>
        <item>Bay leaf</item></ing>
      <ing>
        <amt>
          <qty>1</qty>
          <unit>teaspoon</unit></amt>
        <item>Salt</item></ing>
      <ing>
        <amt>
          <qty/>
          <unit/></amt>
        <item>;Water to cover</item></ing>
      <ing>
        <amt>
          <qty>1</qty>
          <unit>tablespoon</unit></amt>
        <item>Mixed whole pickling spices tied in cheesecloth bag</item></ing>
      <ing>
        <amt>
          <qty>1</qty>
          <unit>can</unit></amt>
        <item>Beef consomme or</item></ing>
      <ing>
        <amt>
          <qty/>
          <unit/></amt>
        <item>Rich beef stock</item></ing>
      <ing>
        <amt>
          <qty>3</qty>
          <unit>tablespoons</unit></amt>
        <item>Unflavored gelatin</item></ing></ingredients>
    <directions>
      <step>  The author writes:  "Spread on hot buttered toast, this protein-rich snack
  is ideal for chilled skiers or skaters. Blade steaks, blade roast, cross
  rib roast and stewing beef are all suitable cuts."
  
  Place beef (bones, fat and all) into a large, heavy stockpot with the soup
  bone, onion, carrot, bay leaf and salt. Cover with cold water and bring to
  the boil, uncovered. Skim off any foam and cook two hours or more (until
  beef falls off the bone).  Cover pot; let stand in a cool place overnight
  to solidify fat. Next day, skim off and discard fat, along with carrots,
  onions and bay leaf.  Remove meat from bones and discard bones. Shred beef
  with a knife.  Return shredded meat to stock in the pot; place over high
  heat.  Add pickling spices (tied in bag) and let come to a boil. Add
  consomme. Once stock is boiling, add gelatin. Stir and let simmer another 1
  minute.
  
  Spoon stock plus beef into a large mold or ceramic bowl (or two smaller
  ones) and let sit in refrigerator, several hours or overnight.
  
  Good with hot mustard, salt and pepper.  Keeps well, refrigerated, 1 week.
  
  Yield:  6 to 8 servings.
  
  From _Nancy Enright's Canadian Herb Cookbook_ by Nancy Enright. Toronto:
  James Lorimer &amp; Company, 1985.  Pg. 14. ISBN 0-88862-788-2. Posted by Cathy
  Harned.
  
  From Gemini's MASSIVE MealMaster collection at www.synapse.com/~gemini
 
</step></directions></recipe></recipeml>
