<?xml version="1.0" encoding="UTF-8"?>

<recipeml version="0.5">
  <recipe>
    <head>
      <title>Aunt Mildred's Fruit Squares</title>
      <categories>
        <cat>None</cat></categories>
      <yield>1</yield></head>
    <ingredients>
      <ing>
        <amt>
          <qty>1/2</qty>
          <unit>pounds</unit></amt>
        <item>Butter or margarine; (not the low-fat kind)</item></ing>
      <ing>
        <amt>
          <qty>2</qty>
          <unit>cups</unit></amt>
        <item>Sugar</item></ing>
      <ing>
        <amt>
          <qty>4</qty>
          <unit/></amt>
        <item>Eggs</item></ing>
      <ing>
        <amt>
          <qty>1</qty>
          <unit>teaspoon</unit></amt>
        <item>Vanilla</item></ing>
      <ing>
        <amt>
          <qty>3</qty>
          <unit>cups</unit></amt>
        <item>Flour</item></ing>
      <ing>
        <amt>
          <qty>1</qty>
          <unit>can</unit></amt>
        <item>Fruit pie filling</item></ing></ingredients>
    <directions>
      <step>  Cream the butter or margarine with the sugar. Add the four eggs, beating in
  one at a time. Add 1 tsp vanilla and 3 cups flour. Pour 3/4 of the batter
  on a greased and floured cookie sheet. Spread can of pie filling over
  batter. Spoon rest of batter by tsp over top (won't cover completely, just
  drop at intervals) Bake at 350 for 40-50 minutes. When cool, may sprinkle
  with powdered sugar if desired. Cut into squares.
  
  Notes: If using cherry pie filling, may add almonds on top. If using apple
  pie filling, may add raisins and nuts. I have never tried these variations.
  I have increased the amount of pie filling and I think I may have doubled
  the recipe once, using a sheet cake pan. I never add the powdered sugar. I
  have used blueberry, strawberry, and cherry fillings. These freeze well.
  
  Posted to TNT Recipes Digest by NavyDoc &lt;NavyDoc@aol.com&gt; on Mar 23, 1998
 
</step></directions></recipe></recipeml>
