<?xml version="1.0" encoding="UTF-8"?>

<recipeml version="0.5">
  <recipe>
    <head>
      <title>Aunt Mary's Hot Peppers</title>
      <categories>
        <cat>Pickles</cat></categories>
      <yield>6</yield></head>
    <ingredients>
      <ing>
        <amt>
          <qty>1</qty>
          <unit>pound</unit></amt>
        <item>Hot peppers, (long fryers)</item></ing>
      <ing>
        <amt>
          <qty/>
          <unit/></amt>
        <item>Olive oil</item></ing>
      <ing>
        <amt>
          <qty>3</qty>
          <unit/></amt>
        <item>To 4 cloves garlic, (chopped)</item></ing>
      <ing>
        <amt>
          <qty>1</qty>
          <unit>small</unit></amt>
        <item>Can Italian plum tomatoes</item></ing></ingredients>
    <directions>
      <step>  Salt
  
  Remove stem and seeds from peppers. &lt;-(CAUTION)-&gt; WEAR RUBBER GLOVES AND/OR
  WASH HANDS AFTER.
  
  Saute peppers and garlic in oil for about 10 minutes. Crush 2-3 tomatoes
  with fork and add to fry pan. Saute for another 20 minutes. Season with
  salt.
  
  From Gemini's MASSIVE MealMaster collection at www.synapse.com/~gemini
 
</step></directions></recipe></recipeml>
