<?xml version="1.0" encoding="UTF-8"?>

<recipeml version="0.5">
  <recipe>
    <head>
      <title>Aunt Julia's Paella</title>
      <categories>
        <cat>Seafood</cat></categories>
      <yield>6</yield></head>
    <ingredients>
      <ing>
        <amt>
          <qty>1</qty>
          <unit/></amt>
        <item>Chicken; cut up (Or 4 thighs and legs)</item></ing>
      <ing>
        <amt>
          <qty/>
          <unit/></amt>
        <item>Salt and pepper to thaste</item></ing>
      <ing>
        <amt>
          <qty>1</qty>
          <unit>pound</unit></amt>
        <item>Lean pork; cut into 1-inch cubes</item></ing>
      <ing>
        <amt>
          <qty>1</qty>
          <unit>medium</unit></amt>
        <item>Onion; minced</item></ing>
      <ing>
        <amt>
          <qty>2</qty>
          <unit/></amt>
        <item>Toes garlic; minced</item></ing>
      <ing>
        <amt>
          <qty/>
          <unit/></amt>
        <item>Cut into 1 1/2 inch julliene strips:</item></ing>
      <ing>
        <amt>
          <qty>1/2</qty>
          <unit>large</unit></amt>
        <item>Bell pepper</item></ing>
      <ing>
        <amt>
          <qty>1</qty>
          <unit>large</unit></amt>
        <item>Carrot</item></ing>
      <ing>
        <amt>
          <qty>1</qty>
          <unit/></amt>
        <item>Stalk celery</item></ing>
      <ing>
        <amt>
          <qty>1</qty>
          <unit>cup</unit></amt>
        <item>Frozen green peas</item></ing>
      <ing>
        <amt>
          <qty>1 1/2</qty>
          <unit>pounds</unit></amt>
        <item>Peeled shrimp</item></ing>
      <ing>
        <amt>
          <qty>1 3/4</qty>
          <unit>ounces</unit></amt>
        <item>Jar sliced pimento</item></ing>
      <ing>
        <amt>
          <qty>2</qty>
          <unit>teaspoons</unit></amt>
        <item>Capers; with juice</item></ing>
      <ing>
        <amt>
          <qty>4</qty>
          <unit>ounces</unit></amt>
        <item>Jar pimento-stiffed green olives</item></ing>
      <ing>
        <amt>
          <qty>1/2</qty>
          <unit>pounds</unit></amt>
        <item>Calamari (squid); cleaned and sliced</item></ing>
      <ing>
        <amt>
          <qty>5</qty>
          <unit>cups</unit></amt>
        <item>Water</item></ing>
      <ing>
        <amt>
          <qty>4</qty>
          <unit/></amt>
        <item>Chicken bouillon cubes</item></ing>
      <ing>
        <amt>
          <qty>1</qty>
          <unit>teaspoon</unit></amt>
        <item>Saffron threads</item></ing>
      <ing>
        <amt>
          <qty>2 1/2</qty>
          <unit>cups</unit></amt>
        <item>Uncle Ben's (c) rice; uncooked</item></ing>
      <ing>
        <amt>
          <qty>3</qty>
          <unit/></amt>
        <item>Hard boiled eggs; sliced</item></ing>
      <ing>
        <amt>
          <qty>1/2</qty>
          <unit>pounds</unit></amt>
        <item>Unpeeled shrimp (heads on)</item></ing>
      <ing>
        <amt>
          <qty/>
          <unit/></amt>
        <item>Oil for frying</item></ing></ingredients>
    <directions>
      <step>  { Submitted by Chiqui Collier, Cookery N'Orleans Restaurant }
  
  In a large electric skillet or paella pan, brown the chicken pieces (that
  have been seasoned with salt and pepper) in a little oil. Remove from the
  pan. Add the pork cubes to the drippinfs and brown for about 5 minutes.
  Remove from the pan. To the pan drippings (add a little more oil if
  necessary) add the onion, garlic, bell pepper, celery and carrot. Stir-fry
  for 2 minutes.
  
  Add the peas, peeled shrimp, pimentos, capers, chicken, calamari and pork.
  Stir.  In a separate pot, bring the 5 cups of water to a boil; stir in the
  bouillon cubes and saffron.  Let it stand for 5 minutes until dissolved.
  
  Gently stir the rice into the skillet mixture.  Slowly pour in enough of
  the bouillon mixture to cover the rice and chicken pieces. Cover and cook
  over low heat for about 20 minutes. Uncover and decoaratively arrange the
  egg slices and raw unpeeled shrimp on the top. (Add more broth as necessary
  to keep the rice moist.
  
  Cover and steam for another 10 minutes until the shrimp are cooked and the
  rice is tender.  (Paella should be moist but not wet!)  Place the pan on a
  hot pad on the serving table and let everyone help themselves.
  
  Serve with a mixed green salad, red ripe tomatoes and some French bread.
  Also mix up a pitcher of Sangria and enjoy!  Serves: 12.
  
  The Legends of Louisisna Cookbook; Sheila Ainbinder; ISBN 0-671-70817-1
  
  Posted by Fred Peters
  
  Date: Fri, 21 Jun 1996 16:52:21 -0500
  
  From: awilson@tfs.net
  
  MM-Recipes Digest V3 #173
  
  From the MealMaster recipe list.  Downloaded from Glen's MM Recipe Archive,
  http://www.erols.com/hosey.
 
</step></directions></recipe></recipeml>
