<?xml version="1.0" encoding="UTF-8"?>

<recipeml version="0.5">
  <recipe>
    <head>
      <title>Aunt Velma's Shortbread</title>
      <categories>
        <cat>Cookie</cat></categories>
      <yield>48</yield></head>
    <ingredients>
      <ing>
        <amt>
          <qty>1</qty>
          <unit>cup</unit></amt>
        <item>Butter</item></ing>
      <ing>
        <amt>
          <qty>1/2</qty>
          <unit>cups</unit></amt>
        <item>Icing sugar (powdered)</item></ing>
      <ing>
        <amt>
          <qty>2 1/2</qty>
          <unit>cups</unit></amt>
        <item>Flour; all purpose, sifted</item></ing></ingredients>
    <directions>
      <step>  From: "Goffigon, Lucia" &lt;Goffigon.Lucia@MGH.Harvard.EDU&gt;
  
  Date: Tue, 21 May 1996 15:52 -0500 (EST)
  
  Preheat oven to 350F. Place butter in bowl, should be at room temperature.
  Add icing sugar. work together with hands. Add flour. Keep working with
  hands till well mixed. Put the dough on a board and pat to 1/2" thickness.
  Cut in rectangles or fancy designs. Bake 20 - 25 minutes at 350F till light
  brown on edges. Anne's note, it is easier to make this recipe in the food
  processor.
  
  MC-RECIPE@MASTERCOOK.COM
  
  MASTERCOOK RECIPES LIST SERVER
  
  MC-RECIPE DIGEST V1 #93
  
  From the MasterCook recipe list.  Downloaded from Glen's MM Recipe Archive,
  http://www.erols.com/hosey.
 
</step></directions></recipe></recipeml>
