<?xml version="1.0" encoding="UTF-8"?>

<recipeml version="0.5">
  <recipe>
    <head>
      <title>Aunt Julie's Strawberry Roll</title>
      <categories>
        <cat>Desserts</cat></categories>
      <yield>10</yield></head>
    <ingredients>
      <ing-div>
        <title>LISA CRAWLEY</title>
        <ing>
          <amt>
            <qty>4</qty>
            <unit/></amt>
          <item>Eggs;separated</item></ing>
        <ing>
          <amt>
            <qty>3/4</qty>
            <unit>cups</unit></amt>
          <item>Sugar</item></ing>
        <ing>
          <amt>
            <qty>1</qty>
            <unit>teaspoon</unit></amt>
          <item>Vanilla</item></ing>
        <ing>
          <amt>
            <qty>3/4</qty>
            <unit>cups</unit></amt>
          <item>Flour</item></ing>
        <ing>
          <amt>
            <qty>1/4</qty>
            <unit>teaspoons</unit></amt>
          <item>Salt</item></ing>
        <ing>
          <amt>
            <qty>2</qty>
            <unit>tablespoons</unit></amt>
          <item>Cold Water</item></ing></ing-div></ingredients>
    <directions>
      <step>  Whip egg whites stiff and add 1/2 of the sugar. Beat egg yolks til thick
  and add rest of sugar, cold water, vanilla and salt. Fold egg yolk mixture
  into egg white. Slowly add flour and baking powder and pour batter into
  oblong pan.  Bake at 375 for 12-15 min. Beginning at narrow end, roll up in
  a tea towel and allow to cool. Spread w/ whipped cream topped w/ fresh cut
  strawberries. Flute top w/ whipped cream and decorate w/ mint leaves and
  fresh strawberries... EXCELLANT!
 
</step></directions></recipe></recipeml>
