<?xml version="1.0" encoding="UTF-8"?>

<recipeml version="0.5">
  <recipe>
    <head>
      <title>Aunt June's Pecan-Less Sandies</title>
      <categories>
        <cat>None</cat></categories>
      <yield>1</yield></head>
    <ingredients>
      <ing>
        <amt>
          <qty>1</qty>
          <unit>cup</unit></amt>
        <item>Margerine, softened (2 sticks)</item></ing>
      <ing>
        <amt>
          <qty>1</qty>
          <unit>cup</unit></amt>
        <item>Brown sugar, packed</item></ing>
      <ing>
        <amt>
          <qty>1</qty>
          <unit>cup</unit></amt>
        <item>White sugar</item></ing>
      <ing>
        <amt>
          <qty>1</qty>
          <unit/></amt>
        <item>Egg</item></ing>
      <ing>
        <amt>
          <qty>1</qty>
          <unit>cup</unit></amt>
        <item>Vegetable oil</item></ing>
      <ing>
        <amt>
          <qty>1</qty>
          <unit>cup</unit></amt>
        <item>Rolled oats</item></ing>
      <ing>
        <amt>
          <qty>1</qty>
          <unit>cup</unit></amt>
        <item>Crushed corn flakes</item></ing>
      <ing>
        <amt>
          <qty>1/2</qty>
          <unit>cups</unit></amt>
        <item>Chopped pecans (optional, I don't use...)</item></ing>
      <ing>
        <amt>
          <qty>3 1/2</qty>
          <unit>cups</unit></amt>
        <item>Flour</item></ing>
      <ing>
        <amt>
          <qty>1</qty>
          <unit>teaspoon</unit></amt>
        <item>Vanilla</item></ing>
      <ing>
        <amt>
          <qty>1</qty>
          <unit>teaspoon</unit></amt>
        <item>Baking soda</item></ing>
      <ing>
        <amt>
          <qty>1</qty>
          <unit>teaspoon</unit></amt>
        <item>Salt</item></ing></ingredients>
    <directions>
      <step>  Preheat oven to 325 degrees. In large mixer bowl, cream butter and sugars
  until fluffy. Add oil, vanilla, and egg, beating well. Hy band, stir in
  oats, corn flakes, and nuts, if desired. Mix well.
  
  Combine flour, baking soda, and salt. Add to mixture and mix well by hand.
  Drop by teaspoonfuls onto ungreased cookie sheet. Flatten slightly with a
  fork.
  
  Bake for 12 minutes. Remove from oven, and cool for about a minute before
  removing from pan. Then transfer to a wire rack and cool completely. Makes
  about 8 dozen cookies.
  
  Personal notes: This recipe is perfect because it tastes like it has nuts
  but it doesn't. Great for Rebekah's nut allergy. It is a crispy cookie, but
  not flat....
  
  I used my small cookie dough scoop on this and ended up with about 8-9
  dozen cookies...the same size as the Keebler Pecan Sandy. This has a taste
  very similar to the Keeblers, but no nuts.
  
  Posted to EAT-L Digest 12 October 96
  
  Date:    Sun, 13 Oct 1996 15:26:31 EDT
  
  From:    "Sharon H. Frye" &lt;shfrye@PEN.K12.VA.US&gt;
 
</step></directions></recipe></recipeml>
