<?xml version="1.0" encoding="UTF-8"?>

<recipeml version="0.5">
  <recipe>
    <head>
      <title>Aunt Tea M's Crab Spread</title>
      <categories>
        <cat>None</cat></categories>
      <yield>1</yield></head>
    <ingredients>
      <ing>
        <amt>
          <qty>8</qty>
          <unit>ounces</unit></amt>
        <item>Philadelphia Cream Cheese</item></ing>
      <ing>
        <amt>
          <qty>8</qty>
          <unit>ounces</unit></amt>
        <item>Crab frozen -- fresh or</item></ing>
      <ing>
        <amt>
          <qty/>
          <unit/></amt>
        <item>Canned</item></ing>
      <ing>
        <amt>
          <qty/>
          <unit/></amt>
        <item>Juice of 1 lemon</item></ing>
      <ing>
        <amt>
          <qty/>
          <unit/></amt>
        <item>Worchestershire sauce -- to</item></ing>
      <ing>
        <amt>
          <qty/>
          <unit/></amt>
        <item>Taste</item></ing></ingredients>
    <directions>
      <step>  Mix all ingredients in an ovenproof dish.  Sprinkle with parmesan cheese.
  Put in a 350 degree oven until cheese is bubbly.  Serve with warmed Ritz
  Crackers.  Serves 20.  Enjo
  
  Recipe By     : AUNT TEA M
  
  File ftp://ftp.idiscover.co.uk/pub/food/mealmaster/recipes/mmdja006.zip
 
</step></directions></recipe></recipeml>
