<?xml version="1.0" encoding="UTF-8"?>

<recipeml version="0.5">
  <recipe>
    <head>
      <title>Aunt Lue's Walnut Cake</title>
      <categories>
        <cat>Cake</cat></categories>
      <yield>16</yield></head>
    <ingredients>
      <ing-div>
        <title/>
        <ing>
          <amt>
            <qty>2</qty>
            <unit>cups</unit></amt>
          <item>Flour</item></ing>
        <ing>
          <amt>
            <qty>2</qty>
            <unit>cups</unit></amt>
          <item>Sugar</item></ing>
        <ing>
          <amt>
            <qty>1</qty>
            <unit>can</unit></amt>
          <item>(8-oz) crushed pineapple in it's own juice or sweetened</item></ing>
        <ing>
          <amt>
            <qty>2</qty>
            <unit/></amt>
          <item>Eggs</item></ing>
        <ing>
          <amt>
            <qty>2</qty>
            <unit>teaspoons</unit></amt>
          <item>Soda</item></ing>
        <ing>
          <amt>
            <qty>1</qty>
            <unit>teaspoon</unit></amt>
          <item>Vanilla</item></ing>
        <ing>
          <amt>
            <qty>2</qty>
            <unit>cups</unit></amt>
          <item>Crushed walnuts - reserve 1/2 cup for top</item></ing></ing-div>
      <ing-div>
        <title>ICING</title>
        <ing>
          <amt>
            <qty>2</qty>
            <unit>cups</unit></amt>
          <item>Powdered sugar</item></ing>
        <ing>
          <amt>
            <qty>1</qty>
            <unit/></amt>
          <item>Stick butter (room temp)</item></ing>
        <ing>
          <amt>
            <qty>1</qty>
            <unit>package</unit></amt>
          <item>(8-oz) cream cheese (room temp)</item></ing>
        <ing>
          <amt>
            <qty>1/2</qty>
            <unit>cups</unit></amt>
          <item>Walnuts (the reserved ones)</item></ing></ing-div></ingredients>
    <directions>
      <step>  From: hz225wu@unidui.uni-duisburg.de (Micaela Pantke)
  
  Date: Thu, 12 Aug 93 09:26:15 +0200
  
  From: kathy@oasys.dt.navy.mil (Kathy M. Smith)
  Preheat oven to 350 degrees.  Mix all ingredients except the nuts together.
  Use the whole can of pineapple juice and all. Mix by hand or use mixer on
  med until all mixed. Add 1 and 1/2 cups of nuts by hand. Grease and flour a
  9 by 13 pan and pour batter in, bake for 45 minutes. Allow cake to cool at
  least 20 minutes and remove from pan. If cake is hard to remove use egg
  turner to help loosen.
  
  Icing: Use mixer and mix everything except the walnuts together. Icing
  should be very creamy. Spread over top and sides of cake. Sprinkle reserved
  walnuts on top.
  
  REC.FOOD.RECIPES ARCHIVES
  
  /CAKES
  
  From rec.food.cooking archives.  Downloaded from Glen's MM Recipe Archive,
  http://www.erols.com/hosey.
 
</step></directions></recipe></recipeml>
