<?xml version="1.0" encoding="UTF-8"?>

<recipeml version="0.5">
  <recipe>
    <head>
      <title>Aunt Sadie's Fabulous Chopped Liver "Pineapple</title>
      <categories>
        <cat>Side dish</cat>
        <cat>Appetizers</cat>
        <cat>Jewish</cat></categories>
      <yield>25</yield></head>
    <ingredients>
      <ing>
        <amt>
          <qty>6</qty>
          <unit>pounds</unit></amt>
        <item>Fresh chicken livers</item></ing>
      <ing>
        <amt>
          <qty>12</qty>
          <unit/></amt>
        <item>Eggs; hard cooked</item></ing>
      <ing>
        <amt>
          <qty>1</qty>
          <unit/></amt>
        <item>Large apple; peeled</item></ing>
      <ing>
        <amt>
          <qty>3</qty>
          <unit/></amt>
        <item>Bermuda onions; chopped</item></ing>
      <ing>
        <amt>
          <qty>1</qty>
          <unit/></amt>
        <item>Bunch celery; (hearts only)</item></ing>
      <ing>
        <amt>
          <qty/>
          <unit/></amt>
        <item>Chicken fat</item></ing>
      <ing>
        <amt>
          <qty>1</qty>
          <unit/></amt>
        <item>Large pineapple</item></ing>
      <ing>
        <amt>
          <qty>1</qty>
          <unit/></amt>
        <item>Jar of lg pimento green oliv</item></ing>
      <ing>
        <amt>
          <qty/>
          <unit/></amt>
        <item>Salt and pepper to taste</item></ing></ingredients>
    <directions>
      <step>  I just have to pass this along to you. I don't want you to prepare this bec
  none of us need the bad cholesterol ingredients. I just wanted you to have
  pleasure of reading it. Saute liver, one chopped onion, and celery in
  generous amount of chicken &gt;&gt; fat; cooking until liver is just done, with
  no pink showing, but while live are still soft. Put everything through a
  meat grinder, adding salt and pepper to taste. Bl well, adding chicken fat
  if necessary. Chill well. Cut the top off the pineapple and reserve top.
  Mold liver on a large servi tray, copying the fresh &gt;&gt;&gt;&gt;&gt;&gt; pineapple shape
  as closely as possible. Score diamond shapes and press olive slices into
  each diamond.  Place pineapple top onto top of liver mold. Surround
  "Pineapple" with curly lettu buffet rye bread and cherry tomatoes. Boy, did
  this grandmother just go through some memories with tears and smil while
  reading and typing this.  I guess you can tell my cousin &gt;&gt;&gt;&gt;&gt;&gt; Barba Ann
  Greenfield Goldstein and myself, Ann Elizabeth Greenfield Puckett reall
  loved and adored our beloved Aunt Sadie. I feel honored that I have been
  able to send these recipes to you. From: ANN PUCKETT (HGPS48A)
  
  File ftp://ftp.idiscover.co.uk/pub/food/mealmaster/recipes/mmdjaxxx.zip
 
</step></directions></recipe></recipeml>
