<?xml version="1.0" encoding="UTF-8"?>

<recipeml version="0.5">
  <recipe>
    <head>
      <title>Aunt Lisl's Butter Cookies</title>
      <categories>
        <cat>Miamiherald</cat>
        <cat>Desserts</cat>
        <cat>Ethnic</cat>
        <cat>Jewish</cat>
        <cat>Hannukah</cat></categories>
      <yield>48</yield></head>
    <ingredients>
      <ing-div>
        <title>FORMATTED BY LISA CRAWFORD</title>
        <ing>
          <amt>
            <qty>1/2</qty>
            <unit>pounds</unit></amt>
          <item>Unsalted butter or margarine softened (2 sticks)</item></ing>
        <ing>
          <amt>
            <qty>3/4</qty>
            <unit>cups</unit></amt>
          <item>Sugar</item></ing>
        <ing>
          <amt>
            <qty>2</qty>
            <unit/></amt>
          <item>Eggs</item></ing>
        <ing>
          <amt>
            <qty>1</qty>
            <unit>tablespoon</unit></amt>
          <item>Brandy(opt)</item></ing>
        <ing>
          <amt>
            <qty/>
            <unit>dashes</unit></amt>
          <item>Vanilla</item></ing>
        <ing>
          <amt>
            <qty>3 1/2</qty>
            <unit>cups</unit></amt>
          <item>Flour</item></ing>
        <ing>
          <amt>
            <qty>1</qty>
            <unit/></amt>
          <item>Egg yolk</item></ing>
        <ing>
          <amt>
            <qty/>
            <unit/></amt>
          <item>Chopped nuts and raisins or 1 egg white</item></ing>
        <ing>
          <amt>
            <qty/>
            <unit/></amt>
          <item>Coarse sugar coloured with blue food colouring</item></ing></ing-div></ingredients>
    <directions>
      <step>  In a bowl, cream butter and sugar.  Then mix in the
  eggs, brandy, salt, vanilla, and flour.  Let rest for
  at least 30 minutes in the refrigerator. Roll out the
  dough to 1/8-inch thick.  Preheat oven to 350 degrees.
  You can either use cookie cutters or use a toothpick
  or knife to cut cookies out in any shapes you want.
  Place gently on baking sheet.  Then either brush with
  egg yolk or spinkle with nuts and raisins or brush
  with egg white and sprinkle with  blue sugar. Bake for
  about 10 minutes or until golden brown.  Use a metal
  spatula to gently remove each cookie from the baking
  sheet to a cooling rack or flat plate.
  
  Nutritional info per cookie: 83 cal; 1g pro, 10g carb,
  4g fat(46%), .2g fiber, 24mg chol, 10mg sodium
  
  Source: Miami Herald, 12/14/95
  Posted to MM-Recipes Digest V3 #231
  
  Date: 24 Aug 96 21:44:08 EDT
  
  From: "Lisabeth Crawford (Pooh)" &lt;104105.1416@CompuServe.COM&gt;
 
</step></directions></recipe></recipeml>
