<?xml version="1.0" encoding="UTF-8"?>

<recipeml version="0.5">
  <recipe>
    <head>
      <title>Aunt Lillie's Lake Shore Dinner</title>
      <categories>
        <cat>Casseroles</cat>
        <cat>Main dish</cat>
        <cat>Pork</cat>
        <cat>Cheese/eggs</cat></categories>
      <yield>8</yield></head>
    <ingredients>
      <ing>
        <amt>
          <qty>1/2</qty>
          <unit>pounds</unit></amt>
        <item>Pork, cubed</item></ing>
      <ing>
        <amt>
          <qty>1/2</qty>
          <unit>pounds</unit></amt>
        <item>Beef, cubed</item></ing>
      <ing>
        <amt>
          <qty>1/2</qty>
          <unit>pounds</unit></amt>
        <item>Sharp Cheddar, grated</item></ing>
      <ing>
        <amt>
          <qty>1/2</qty>
          <unit>pounds</unit></amt>
        <item>Noodles, cooked &amp; drained</item></ing>
      <ing>
        <amt>
          <qty>1</qty>
          <unit>can</unit></amt>
        <item>Cream of mushroom soup</item></ing>
      <ing>
        <amt>
          <qty>1</qty>
          <unit>can</unit></amt>
        <item>Cream of chicken soup</item></ing>
      <ing>
        <amt>
          <qty>1/2</qty>
          <unit>cups</unit></amt>
        <item>Water</item></ing>
      <ing>
        <amt>
          <qty>1/2</qty>
          <unit/></amt>
        <item>Green pepper, chopped</item></ing>
      <ing>
        <amt>
          <qty>1/2</qty>
          <unit>cans</unit></amt>
        <item>Pimento (small can) drained</item></ing>
      <ing>
        <amt>
          <qty>1</qty>
          <unit>tablespoon</unit></amt>
        <item>Oleo</item></ing></ingredients>
    <directions>
      <step>  Brown meat using oleo.  Remove meat from skillet and scrape skillet with
  1/2 cup water, add water to other ingredient and mix. Add mixture to a
  pyrex dish and bake at 400 degrees for 10 minutes. Reduce heat heat to 325
  degrees and bake for an additional 1 hour. Top with crushed potato chips.
  
  From Gemini's MASSIVE MealMaster collection at www.synapse.com/~gemini
 
</step></directions></recipe></recipeml>
