<?xml version="1.0" encoding="UTF-8"?>

<recipeml version="0.5">
  <recipe>
    <head>
      <title>Aunt Maude's Fruitcake</title>
      <categories>
        <cat>Cake</cat></categories>
      <yield>1</yield></head>
    <ingredients>
      <ing>
        <amt>
          <qty>4</qty>
          <unit/></amt>
        <item>Eggs</item></ing>
      <ing>
        <amt>
          <qty>1</qty>
          <unit>cup</unit></amt>
        <item>Sugar</item></ing>
      <ing>
        <amt>
          <qty>2</qty>
          <unit>cups</unit></amt>
        <item>Flour divided</item></ing>
      <ing>
        <amt>
          <qty>2</qty>
          <unit>teaspoons</unit></amt>
        <item>Baking powder</item></ing>
      <ing>
        <amt>
          <qty>1/4</qty>
          <unit>teaspoons</unit></amt>
        <item>Salt</item></ing>
      <ing>
        <amt>
          <qty>1</qty>
          <unit>pound</unit></amt>
        <item>Candied red cherries halved</item></ing>
      <ing>
        <amt>
          <qty>1</qty>
          <unit>pound</unit></amt>
        <item>Candied pineapple; cut into small pieces</item></ing>
      <ing>
        <amt>
          <qty>1</qty>
          <unit>pound</unit></amt>
        <item>Pitted dates; cut into thirds</item></ing>
      <ing>
        <amt>
          <qty>2</qty>
          <unit>pounds</unit></amt>
        <item>Shelled pecans; whole and broken pieces</item></ing>
      <ing>
        <amt>
          <qty>1/2</qty>
          <unit>cups</unit></amt>
        <item>Light corn syrup</item></ing>
      <ing>
        <amt>
          <qty>1</qty>
          <unit>teaspoon</unit></amt>
        <item>Water</item></ing></ingredients>
    <directions>
      <step>  Grease and line bottom and sides of two 9"x5" loaf pans with waxed paper.
  Set aside. In a mixing bowl, beat eggs with sugar; add 1 cup flour, baking
  powder and salt; mix well. Set aside. In large mixing bowl, coat the fruit
  with remaining cup of flour, add the batter, mixing slightly, then add
  pecans. Mix well until all pieces are coated with batter. Pour into
  prepared pans. Pack down firmly to eliminate air spaces. Bake at 275
  degrees for 2 hours. Cool 10-15 minutes in pans, then remove to wire racks.
  Peel off remaining waxed paper. Meanwhile in a saucepan, bring the corn
  syrup and water to a rolling boil. Brush immedieatly over warm fruitcakes.
  Cool completely before wrapping or storing. May be frozen.
  
  NOTES : Notes: A Christmas to Remember
  Posted to recipelu-digest Volume 01 Number 312 by "lbrandau"
  &lt;lbrandau@intrnet.net&gt; on Nov 26, 1997
 
</step></directions></recipe></recipeml>
