<?xml version="1.0" encoding="UTF-8"?>

<recipeml version="0.5">
  <recipe>
    <head>
      <title>Aunt Peg's Angel Pie</title>
      <categories>
        <cat>Pie</cat></categories>
      <yield>6</yield></head>
    <ingredients>
      <ing-div>
        <title>CRUST</title>
        <ing>
          <amt>
            <qty>4</qty>
            <unit/></amt>
          <item>Egg whites; stiffly beaten</item></ing>
        <ing>
          <amt>
            <qty>1/2</qty>
            <unit>teaspoons</unit></amt>
          <item>Cream of tartar</item></ing></ing-div>
      <ing-div>
        <title>HALF OF FILLING</title>
        <ing>
          <amt>
            <qty>4</qty>
            <unit/></amt>
          <item>Egg yolks</item></ing>
        <ing>
          <amt>
            <qty>1</qty>
            <unit>tablespoon</unit></amt>
          <item>Lemon juice</item></ing>
        <ing>
          <amt>
            <qty>1/2</qty>
            <unit>cups</unit></amt>
          <item>Sugar</item></ing>
        <ing>
          <amt>
            <qty>2</qty>
            <unit>tablespoons</unit></amt>
          <item>Pineapple juice</item></ing>
        <ing>
          <amt>
            <qty/>
            <unit/></amt>
          <item>Inside rind of pineapple; grated (optional)</item></ing></ing-div>
      <ing-div>
        <title>HALF OF FILLING</title>
        <ing>
          <amt>
            <qty>1</qty>
            <unit>cup</unit></amt>
          <item>Whipping cream</item></ing>
        <ing>
          <amt>
            <qty>1</qty>
            <unit>tablespoon</unit></amt>
          <item>Sugar</item></ing></ing-div></ingredients>
    <directions>
      <step>   To make crust beat egg whites stiff; add cream of tartar and spread.
  Spread on a well greased and floured pie tin. Bake 20 minutes in a 275
  degree oven and then 40 minutes at 300 degrees. Cool.
  
   Make half of filling by combining egg yolks, lemon juice, sugar, pineapple
  juice and grated pineapple rind, if desired. Cook for 8 minutes in a
  double-boiler.
  
   To make the other half of filling whip cream and sugar. Spread half the
  cream in cooled pie shell. Add the lemon mixture filling. Top with
  remaining whipped cream. Chill pie. Serves 6 to 8.
  
   Variation: Instead of lemon juice, pineapple juice and pineapple rind, use
  1/2 cup chopped pecans, 1/2 teaspoon vanilla and 1 package German sweet
  chocolate.
  
  From &lt;A Taste of Louisiana&gt;.  Downloaded from Glen's MM Recipe Archive,
  http://www.erols.com/hosey.
 
</step></directions></recipe></recipeml>
