<?xml version="1.0" encoding="UTF-8"?>

<recipeml version="0.5">
  <recipe>
    <head>
      <title>Aunt Jemima Maple Syrup</title>
      <categories>
        <cat>Sauce</cat></categories>
      <yield>1</yield></head>
    <ingredients>
      <ing>
        <amt>
          <qty>2</qty>
          <unit>cups</unit></amt>
        <item>Water</item></ing>
      <ing>
        <amt>
          <qty>1</qty>
          <unit>cup</unit></amt>
        <item>Sugar</item></ing>
      <ing>
        <amt>
          <qty>2</qty>
          <unit>cups</unit></amt>
        <item>Dark corn syrup</item></ing>
      <ing>
        <amt>
          <qty>1/4</qty>
          <unit>teaspoons</unit></amt>
        <item>Salt</item></ing>
      <ing>
        <amt>
          <qty>1</qty>
          <unit>teaspoon</unit></amt>
        <item>Maple flavoring</item></ing></ingredients>
    <directions>
      <step>  Date: Thu, 21 Mar 1996 09:13:22 -0600
  
  From: pickell@cyberspc.mb.ca (S.Pickell)
  Combine the first 4 ingredients in a saucepan over medium heat. Stir
  occasionally, until the mixture comes to a full boil. Let it boil for 7
  minutes.  Turn the heat off and let the syrup cool for 15 minutes.  Add the
  maple flavoring and stir. When completely cool, transfer the syrup to a
  covered plastic or glass container. Makes:  1 quart
  
  Note:  For a syrup with a butter flavor, just add 3 Tbsp.  of butter to the
  mixture before heating.  For a lighter syrup, use a sugar substitute
  instead of the sugar. The absence of natural maple syrup in this recipe is
  not unusual. In fact, there is no real maple syrup in any Aunt Jemima
  syrups.
  
  From: "Top Secret Recipes" Cookbook. Posted by: Debbie Carlson
  
  MM-RECIPES@IDISCOVER.NET
  
  MEAL-MASTER RECIPES LIST SERVER
  
  MM-RECIPES DIGEST V3 #82
  
  From the MealMaster recipe list.  Downloaded from Glen's MM Recipe Archive,
  http://www.erols.com/hosey.
 
</step></directions></recipe></recipeml>
