<?xml version="1.0" encoding="UTF-8"?>

<recipeml version="0.5">
  <recipe>
    <head>
      <title>Aunt Sybil's Blk Walnut Xmas Cake</title>
      <categories>
        <cat>Cakes</cat></categories>
      <yield>1</yield></head>
    <ingredients>
      <ing-div>
        <title>BARB DAY</title>
        <ing>
          <amt>
            <qty>1/2</qty>
            <unit>cups</unit></amt>
          <item>Butter</item></ing>
        <ing>
          <amt>
            <qty>4</qty>
            <unit/></amt>
          <item>Eggs; separated</item></ing>
        <ing>
          <amt>
            <qty>2</qty>
            <unit>cups</unit></amt>
          <item>Flour; sifted</item></ing>
        <ing>
          <amt>
            <qty>3/4</qty>
            <unit>teaspoons</unit></amt>
          <item>Salt</item></ing>
        <ing>
          <amt>
            <qty>1</qty>
            <unit>cup</unit></amt>
          <item>Sugar</item></ing>
        <ing>
          <amt>
            <qty>1</qty>
            <unit>teaspoon</unit></amt>
          <item>Vanilla</item></ing>
        <ing>
          <amt>
            <qty>2</qty>
            <unit>teaspoons</unit></amt>
          <item>Baking powder</item></ing>
        <ing>
          <amt>
            <qty>1/2</qty>
            <unit>cups</unit></amt>
          <item>Milk</item></ing>
        <ing>
          <amt>
            <qty>1</qty>
            <unit>cup</unit></amt>
          <item>Black walnuts; fine chopped</item></ing></ing-div></ingredients>
    <directions>
      <step>  Cream butter and sugar until light and fluffy.  Beat in egg yolks all at
  once.  Add vanilla.  Sift dry ingredients together. Set aside 1 cup of the
  dry ingredients. Add the remaining flour mixture and the milk in small
  portions, alternately, mixing well with each addition, starting and ending
  with an addition of the dry ingredients. Mix together, the reserved flour
  and the nuts, and stir into the batter, mixing just until blended. Beat the
  egg whites until stiff, but not dry. Fold them into the batter. Bake in a 9
  X 5 X 3" greased and floured loaf pan, or 3 quart mold at 350 degrees about
  50 to 60 minutes, or until done.
   Frost with your favorite icing. From Barb Day's Database
  
  From Gemini's MASSIVE MealMaster collection at www.synapse.com/~gemini
 
</step></directions></recipe></recipeml>
