<?xml version="1.0" encoding="UTF-8"?>

<recipeml version="0.5">
  <recipe>
    <head>
      <title>Aunt Martha's Peanut Butter Fudge</title>
      <categories>
        <cat>None</cat></categories>
      <yield>1</yield></head>
    <ingredients>
      <ing>
        <amt>
          <qty>2</qty>
          <unit>cups</unit></amt>
        <item>Sugar</item></ing>
      <ing>
        <amt>
          <qty>1/2</qty>
          <unit>cups</unit></amt>
        <item>Peanut butter</item></ing>
      <ing>
        <amt>
          <qty>1</qty>
          <unit>cup</unit></amt>
        <item>Milk</item></ing></ingredients>
    <directions>
      <step>  Mix sugar and peanut butter together a bit and then add milk.
  
  Cook very slowly, low heat (it burns), stirring occasionally, watch out as
  it may stick to the bottom of the pan- when droplets from the pan form a
  soft ball in cold water, one you can pick up in your fingers-stick the pan
  in a sink of ice cold water and beat with a spoon until thick and shiny.
  Pour onto wax paper or buttered plate.
  
  Posted to EAT-L Digest  by Jennie Craig &lt;jecraig@LAN-INC.COM&gt; on Dec 5,
  1997
 
</step></directions></recipe></recipeml>
