<?xml version="1.0" encoding="UTF-8"?>

<recipeml version="0.5">
  <recipe>
    <head>
      <title>Aush ( Noodles with Pulses, Meat and Yoghurt)</title>
      <categories>
        <cat>Afghan</cat>
        <cat>Main dish</cat></categories>
      <yield>6</yield></head>
    <ingredients>
      <ing-div>
        <title>AUSH DOUGH</title>
        <ing>
          <amt>
            <qty>2</qty>
            <unit>cups</unit></amt>
          <item>Plain flour</item></ing>
        <ing>
          <amt>
            <qty>1</qty>
            <unit>teaspoon</unit></amt>
          <item>Salt</item></ing>
        <ing>
          <amt>
            <qty>2/3</qty>
            <unit>cups</unit></amt>
          <item>Cold water</item></ing>
        <ing>
          <amt>
            <qty/>
            <unit/></amt>
          <item>Additional flour</item></ing></ing-div>
      <ing-div>
        <title>PULSE AND NOODLE MIXTURE</title>
        <ing>
          <amt>
            <qty>1/2</qty>
            <unit>cups</unit></amt>
          <item>Yellow split peas (daul nakhud)</item></ing>
        <ing>
          <amt>
            <qty/>
            <unit/></amt>
          <item>Cold water</item></ing>
        <ing>
          <amt>
            <qty>1</qty>
            <unit>cup</unit></amt>
          <item>Canned kidney beans w/liquid</item></ing>
        <ing>
          <amt>
            <qty/>
            <unit/></amt>
          <item>Salt</item></ing>
        <ing>
          <amt>
            <qty>1</qty>
            <unit>tablespoon</unit></amt>
          <item>Oil</item></ing>
        <ing>
          <amt>
            <qty>2</qty>
            <unit>cups</unit></amt>
          <item>Finely chopped spinach</item></ing></ing-div>
      <ing-div>
        <title>MEAT SAUCE</title>
        <ing>
          <amt>
            <qty>1/2</qty>
            <unit>cups</unit></amt>
          <item>Oil</item></ing>
        <ing>
          <amt>
            <qty>1</qty>
            <unit/></amt>
          <item>Medium onion; finely chopped</item></ing>
        <ing>
          <amt>
            <qty>750</qty>
            <unit>grams</unit></amt>
          <item>Ground lamb or beef</item></ing>
        <ing>
          <amt>
            <qty/>
            <unit/></amt>
          <item>Salt</item></ing>
        <ing>
          <amt>
            <qty/>
            <unit/></amt>
          <item>Freshly ground black pepper</item></ing>
        <ing>
          <amt>
            <qty>1/2</qty>
            <unit>cups</unit></amt>
          <item>Tomato puree</item></ing>
        <ing>
          <amt>
            <qty>1/2</qty>
            <unit>cups</unit></amt>
          <item>Water</item></ing></ing-div>
      <ing-div>
        <title>CHAKAH (YOGURT SAUCE</title>
        <ing>
          <amt>
            <qty>1 1/2</qty>
            <unit>cups</unit></amt>
          <item>Drained yogurt</item></ing>
        <ing>
          <amt>
            <qty>3</qty>
            <unit>teaspoons</unit></amt>
          <item>Dried mint; rubbed</item></ing>
        <ing>
          <amt>
            <qty>1/4</qty>
            <unit>teaspoons</unit></amt>
          <item>Hot chili pepper (or more)</item></ing>
        <ing>
          <amt>
            <qty>1/4</qty>
            <unit>cups</unit></amt>
          <item>Finely chopped coriander</item></ing>
        <ing>
          <amt>
            <qty/>
            <unit/></amt>
          <item>Salt to taste</item></ing></ing-div></ingredients>
    <directions>
      <step>  Serves: 6 Cooking time: 1 to 1-1/4 hours Sift flour and salt into a bowl,
  add water and mix to a firm dough, adding more flour if necessary. Divide
  into 2 balls and wrap in plastic.  Rest for 30 minutes. On a floured board
  roll out each ball of dough very thinly. Cut into 5 mm (1/4-inch) strips
  either while it is flat or by rolling up each sheet of dough and slicing
  with a sharp knife.  Place noodles on a floured cloth, dust with flour and
  leave to dry for about 30 minutes. Wash split peas well and place in a pan
  with 1-1/2 cups cold water.  Bring to the boil and boil gently for 30
  minutes or until tender.  Add red beans and liquid and keep warm. In a
  large pot bring 8 cups water to the boil, add 2 teaspoons salt, oil and
  noodles.  Put noodles in gradually, stirring after each addition. Return to
  the boil and cook uncovered for 5 minutes. Add spinach and cook for further
  5 minutes.  Drain in a colander and return to the pot. Add split peas and
  bean mixture with its liquid, toss ingredients lightly and keep hot over
  low heat. In a frying pan heat the 1/2 cup oil, fry onion until soft and
  add ground meat. Stir over high heat until juices evaporate and meat browns
  lightly. Add salt and pepper to taste, tomato puree and water, cover and
  simmer 10 minutes, then remove cover and let moisture evaporate. Sauce
  should be oily. Combine chakah ingredients, add to noodles and toss well.
  Mixture should be moist. Place noodle mixture in a deep dish and top with
  keema.  Stir at the table and serve in deep plates.
  
  From Gemini's MASSIVE MealMaster collection at www.synapse.com/~gemini
 
</step></directions></recipe></recipeml>
