<?xml version="1.0" encoding="UTF-8"?>

<recipeml version="0.5">
  <recipe>
    <head>
      <title>Aussie: Kingfisher Pavlova</title>
      <categories>
        <cat>Fruits</cat>
        <cat>Desserts</cat>
        <cat>Austr-nz</cat></categories>
      <yield>8</yield></head>
    <ingredients>
      <ing-div>
        <title/>
        <ing>
          <amt>
            <qty>6</qty>
            <unit/></amt>
          <item>Egg whites</item></ing>
        <ing>
          <amt>
            <qty>1 1/2</qty>
            <unit>cups</unit></amt>
          <item>Granulated sugar</item></ing>
        <ing>
          <amt>
            <qty>2</qty>
            <unit>tablespoons</unit></amt>
          <item>White vinegar</item></ing>
        <ing>
          <amt>
            <qty>1</qty>
            <unit>teaspoon</unit></amt>
          <item>Vanilla</item></ing>
        <ing>
          <amt>
            <qty>1/4</qty>
            <unit>teaspoons</unit></amt>
          <item>Cream of tartar</item></ing>
        <ing>
          <amt>
            <qty>2</qty>
            <unit>tablespoons</unit></amt>
          <item>Cornstarch</item></ing></ing-div>
      <ing-div>
        <title>THREE-BERRY COMPOTE</title>
        <ing>
          <amt>
            <qty>3</qty>
            <unit>cups</unit></amt>
          <item>Raspberries</item></ing>
        <ing>
          <amt>
            <qty>1</qty>
            <unit>tablespoon</unit></amt>
          <item>Icing sugar</item></ing>
        <ing>
          <amt>
            <qty>2</qty>
            <unit>cups</unit></amt>
          <item>Strawberries, quartered</item></ing>
        <ing>
          <amt>
            <qty>2</qty>
            <unit>cups</unit></amt>
          <item>Blueberries</item></ing></ing-div></ingredients>
    <directions>
      <step>  In bowl, beat egg whites until soft peaks form. Gradually beat in sugar,
  one-third at a time, until stiff and glossy. Beat in vinegar, vanilla and
  cream of tartar. Using fine sieve, shake cornstarch over top; fold in
  gently.
  
  On parchment paper-lined baking sheets, form meringue into 8 ovals about
  3-1/2 inches long. Bake in 275F 140C oven for 50-60 minutes or until
  meringues are crispy outside but still soft inside. Let cool.
  
  [Meringues can be stored, uncovered, at room temperature for up to 8
  hours.]
  
  Three-Berry Compote: Pure 1 cup of the raspberries; pressing through sieve
  into sauce pan. Stir in icing sugar; cook over low heat just until heated
  through. Stir in strawberries, blueberries and remaining raspberries. Let
  cool.
  
  [Compote can be refrigerated in airtight container for up to 1 day.]
  
  To serve, place 1 meringue on each plate. Spoon compote next to meringue.
  
  Serve with whipped cream and a macadamia nut or almond praline, and fresh
  mint.
  
  Source: Canadian Living magazine, Feb 95 Presented in article by Elizabeth
  Baird: "Down Under Comes Over" Recipe by Executive Chef Anthony Spegel,
  Kingfisher Bay Resort &amp; Village
  
      [-=PAM=-]   PA_Meadows@msn.com
  
  From Gemini's MASSIVE MealMaster collection at www.synapse.com/~gemini
 
</step></directions></recipe></recipeml>
