<?xml version="1.0" encoding="UTF-8"?>

<recipeml version="0.5">
  <recipe>
    <head>
      <title>Aussie: Roseville Tea Sandwiches</title>
      <categories>
        <cat>Fish*shell</cat>
        <cat>Appetizers</cat>
        <cat>Sandwiches</cat>
        <cat>Austr-nz</cat></categories>
      <yield>4</yield></head>
    <ingredients>
      <ing>
        <amt>
          <qty>1/4</qty>
          <unit>cups</unit></amt>
        <item>Mayonnaise</item></ing>
      <ing>
        <amt>
          <qty>1</qty>
          <unit>tablespoon</unit></amt>
        <item>Green onion, minced</item></ing>
      <ing>
        <amt>
          <qty>1</qty>
          <unit>tablespoon</unit></amt>
        <item>Fresh dill, chopped</item></ing>
      <ing>
        <amt>
          <qty>1</qty>
          <unit>tablespoon</unit></amt>
        <item>Capers</item></ing>
      <ing>
        <amt>
          <qty>1 1/2</qty>
          <unit>teaspoons</unit></amt>
        <item>Horseradish</item></ing>
      <ing>
        <amt>
          <qty/>
          <unit>pinches</unit></amt>
        <item>Pepper</item></ing>
      <ing>
        <amt>
          <qty>8</qty>
          <unit>slices</unit></amt>
        <item>Whole wheat bread</item></ing>
      <ing>
        <amt>
          <qty>1 1/2</qty>
          <unit>teaspoons</unit></amt>
        <item>Butter, softened</item></ing>
      <ing>
        <amt>
          <qty>4</qty>
          <unit>slices</unit></amt>
        <item>Smoked salmon</item></ing>
      <ing>
        <amt>
          <qty>12</qty>
          <unit/></amt>
        <item>Cucumber slices, thin</item></ing></ingredients>
    <directions>
      <step>  Combine mayonnaise, onion, dill, cappers, horseradish and pepper. trim
  crusts from bread; spread with butter then mayonnaise mixture. Arrange
  salmon and cucumber over 4 slices of bread. Top with remaining bread; cut
  each sandwich into 4 triangles or squares.
  
  Source: Canadian Living magazine, Feb 95 Presented in article by Elizabeth
  Baird: "Down Under Comes Over" Recipe by Roseville House, Brisbane,
  Australia
  
      [-=PAM=-]   PA_Meadows@msn.com
  
  From Gemini's MASSIVE MealMaster collection at www.synapse.com/~gemini
 
</step></directions></recipe></recipeml>
