<?xml version="1.0" encoding="UTF-8"?>

<recipeml version="0.5">
  <recipe>
    <head>
      <title>Aussie Lentil Burgers</title>
      <categories>
        <cat>Vegetable</cat></categories>
      <yield>8</yield></head>
    <ingredients>
      <ing>
        <amt>
          <qty>3</qty>
          <unit>cups</unit></amt>
        <item>Cooked red lentils</item></ing>
      <ing>
        <amt>
          <qty>1</qty>
          <unit>cup</unit></amt>
        <item>Mashed potatoes</item></ing>
      <ing>
        <amt>
          <qty>1</qty>
          <unit>cup</unit></amt>
        <item>Pumpkin; mashed with the potatoes</item></ing>
      <ing>
        <amt>
          <qty>1</qty>
          <unit>cup</unit></amt>
        <item>Carrot; mashed with the potatoes</item></ing>
      <ing>
        <amt>
          <qty>1/2</qty>
          <unit>cups</unit></amt>
        <item>Sesame seeds</item></ing>
      <ing>
        <amt>
          <qty>1/2</qty>
          <unit>cups</unit></amt>
        <item>Almonds; ground</item></ing>
      <ing>
        <amt>
          <qty>3/4</qty>
          <unit>cups</unit></amt>
        <item>Grated carrot</item></ing>
      <ing>
        <amt>
          <qty>1/2</qty>
          <unit>cups</unit></amt>
        <item>Firm tofu; mashed</item></ing>
      <ing>
        <amt>
          <qty/>
          <unit/></amt>
        <item>Tamari and pepper to season</item></ing></ingredients>
    <directions>
      <step>  Preheat oven to 200C. Combine all ingredients and mix well. Mold into
  patties and place on an oiled baking sheet. Bake for 20 mins. Serve with
  your favourite garnishes on a bun.
  
  GARHOW@HPUBMAA.ESR.HP.COM
  
  (GARRY HOWARD)
  
  REC.FOOD.RECIPES
  
  From rec.food.cooking archives.  Downloaded from Glen's MM Recipe Archive,
  http://www.erols.com/hosey.
 
</step></directions></recipe></recipeml>
