<?xml version="1.0" encoding="UTF-8"?>

<recipeml version="0.5">
  <recipe>
    <head>
      <title>Austrian Cream Cheese Brownies</title>
      <categories>
        <cat>Cookies</cat>
        <cat>Chocolate</cat></categories>
      <yield>36</yield></head>
    <ingredients>
      <ing-div>
        <title>CRUST</title>
        <ing>
          <amt>
            <qty>1 1/2</qty>
            <unit>cups</unit></amt>
          <item>Flour</item></ing>
        <ing>
          <amt>
            <qty>1</qty>
            <unit>cup</unit></amt>
          <item>Sugar, brown</item></ing>
        <ing>
          <amt>
            <qty>1/2</qty>
            <unit>teaspoons</unit></amt>
          <item>Cinnamon</item></ing>
        <ing>
          <amt>
            <qty>2/3</qty>
            <unit>cups</unit></amt>
          <item>Butter; softened</item></ing></ing-div>
      <ing-div>
        <title>TOPPING</title>
        <ing>
          <amt>
            <qty>8</qty>
            <unit>ounces</unit></amt>
          <item>Cream cheese; softened</item></ing>
        <ing>
          <amt>
            <qty>3/4</qty>
            <unit>cups</unit></amt>
          <item>Sugar</item></ing>
        <ing>
          <amt>
            <qty>2</qty>
            <unit>tablespoons</unit></amt>
          <item>Flour</item></ing>
        <ing>
          <amt>
            <qty>2</qty>
            <unit/></amt>
          <item>Egg</item></ing>
        <ing>
          <amt>
            <qty>6</qty>
            <unit>ounces</unit></amt>
          <item>Chocolate chips; semi-sweet</item></ing></ing-div>
      <ing-div>
        <title>GLAZE</title>
        <ing>
          <amt>
            <qty>6</qty>
            <unit>ounces</unit></amt>
          <item>Chocolate chips; semi-sweet</item></ing>
        <ing>
          <amt>
            <qty>1/2</qty>
            <unit>cups</unit></amt>
          <item>Pecans or walnuts; chopped</item></ing></ing-div></ingredients>
    <directions>
      <step>  Heat oven to 350-F. In large bowl, combine all crust ingredients. Beat at
  medium speed about 2 minutes or until crumbly and well blended. Press
  mixture into ungreased 13x9-inch pan. Bake at 350-F for 12 minutes. Remove
  from oven.
  
  In small bowl, beat cream cheese, sugar, 2 Tbsp flour and eggs at medium
  speed until smooth, about 2 minutes. Stir in 1 cup chocolate chips. Pour
  over partially baked crust. Bake an additional 15 to 20 minutes or until
  topping is almost set. Remove from oven; immediately sprinkle 1 cup
  chocolate chips over top. Return to oven for 1 minute to melt chips. Gently
  spread melted chips over top. Sprinkle with pecans; lightly press into
  glaze. Refrigerate 1 hour. Cut into bars. Store in refrigerator.
  
                                      --- Pillsbury Classic Cookbooks
                                          per Sallie Austin Krebs Submitted
  By LISE WARING &lt;HOBBIT@MAIL.UTEXAS.EDU&gt; On TUE, 19 DEC 1995 093839 GMT
  
  From Gemini's MASSIVE MealMaster collection at www.synapse.com/~gemini
 
</step></directions></recipe></recipeml>
