<?xml version="1.0" encoding="UTF-8"?>

<recipeml version="0.5">
  <recipe>
    <head>
      <title>Austrian Chocolate Balls</title>
      <categories>
        <cat>None</cat></categories>
      <yield>6</yield></head>
    <ingredients>
      <ing-div>
        <title/>
        <ing>
          <amt>
            <qty>2</qty>
            <unit>ounces</unit></amt>
          <item>Unsweetened chocolate; (2 squares)</item></ing>
        <ing>
          <amt>
            <qty>1/3</qty>
            <unit>cups</unit></amt>
          <item>Butter</item></ing>
        <ing>
          <amt>
            <qty>1</qty>
            <unit>cup</unit></amt>
          <item>Sugar</item></ing>
        <ing>
          <amt>
            <qty>1</qty>
            <unit/></amt>
          <item>Egg plus one yolk</item></ing>
        <ing>
          <amt>
            <qty>1/2</qty>
            <unit>teaspoons</unit></amt>
          <item>Vanilla</item></ing>
        <ing>
          <amt>
            <qty>1 1/3</qty>
            <unit>cups</unit></amt>
          <item>Flour</item></ing>
        <ing>
          <amt>
            <qty>1/2</qty>
            <unit>cups</unit></amt>
          <item>Nuts; finely chopped</item></ing></ing-div>
      <ing-div>
        <title>CHOCOLATE GLAZE</title>
        <ing>
          <amt>
            <qty>1</qty>
            <unit>ounce</unit></amt>
          <item>Unsweetened chocolate; (1 square)</item></ing>
        <ing>
          <amt>
            <qty>1</qty>
            <unit>tablespoon</unit></amt>
          <item>Butter</item></ing>
        <ing>
          <amt>
            <qty>1/4</qty>
            <unit>teaspoons</unit></amt>
          <item>Vanilla</item></ing>
        <ing>
          <amt>
            <qty>2</qty>
            <unit>tablespoons</unit></amt>
          <item>Milk; (more if needed)</item></ing></ing-div></ingredients>
    <directions>
      <step>  Melt unsweetened chocolate squares together in a saucepan over low heat.
  Remove from heat. Stir in sugar, eggs and vanilla. Gradually stir in flour
  and nuts until well combined. Shape dough into 3/4 inch balls and place on
  ungreased cookie sheet about 1 inch apart. Bake at 350 degrees for 8 to 12
  minutes until firm to the touch (be carefull not to overbake). Immediately
  remove from cookie sheet. Dip into glaze (recipe below).
  
  CHOCOLATE GLAZE; In the same pan, melt chocolate and butter. Remove from
  heat. Add remaining ingredients and blend well (add additional milk if
  needed to thin to glaze consistency. Dip the tops of the cookies into the
  glaze to cover. Makes 4 dozen.
  
  Recipe by: Unknown source (Mom's Recipe)
  
  Posted to recipelu-digest Volume 01 Number 493 by PLK1028 &lt;PLK1028@aol.com&gt;
  on Jan 11, 1998
 
</step></directions></recipe></recipeml>
