<?xml version="1.0" encoding="UTF-8"?>

<recipeml version="0.5">
  <recipe>
    <head>
      <title>Austrian Apple Twists</title>
      <categories>
        <cat>None</cat></categories>
      <yield>64</yield></head>
    <ingredients>
      <ing-div>
        <title/>
        <ing>
          <amt>
            <qty>1</qty>
            <unit>package</unit></amt>
          <item>(1.4 ounce) active dry yeast</item></ing>
        <ing>
          <amt>
            <qty>3</qty>
            <unit>cups</unit></amt>
          <item>All-purpose flour</item></ing>
        <ing>
          <amt>
            <qty>1</qty>
            <unit>cup</unit></amt>
          <item>Butter or margarine; softened</item></ing>
        <ing>
          <amt>
            <qty>3</qty>
            <unit/></amt>
          <item>Egg yolks; beaten</item></ing>
        <ing>
          <amt>
            <qty>1</qty>
            <unit>cup</unit></amt>
          <item>(8 ounces) sour cream</item></ing>
        <ing>
          <amt>
            <qty>1/2</qty>
            <unit>cups</unit></amt>
          <item>Sugar</item></ing>
        <ing>
          <amt>
            <qty>1/2</qty>
            <unit>cups</unit></amt>
          <item>Finely chopped pecans</item></ing>
        <ing>
          <amt>
            <qty>3/4</qty>
            <unit>teaspoons</unit></amt>
          <item>Ground cinnamon</item></ing>
        <ing>
          <amt>
            <qty>1</qty>
            <unit>medium</unit></amt>
          <item>Tart apple; peeled, cored and finely chopped</item></ing></ing-div>
      <ing-div>
        <title>ICING</title>
        <ing>
          <amt>
            <qty>1</qty>
            <unit>cup</unit></amt>
          <item>Confectioners' sugar</item></ing>
        <ing>
          <amt>
            <qty>4</qty>
            <unit>teaspoons</unit></amt>
          <item>Milk</item></ing>
        <ing>
          <amt>
            <qty>1/4</qty>
            <unit>teaspoons</unit></amt>
          <item>Vanilla extract</item></ing>
        <ing>
          <amt>
            <qty/>
            <unit/></amt>
          <item>Finely chopped pecans</item></ing></ing-div></ingredients>
    <directions>
      <step>  Notes: From Kathy Bless, Fayetteville, PA. COUNTRY MAGAZINE.
  
  In a mixing bowl, combine the yeast and flour: add butter and mix well. Add
  egg yolks and sour cream: mix well. Shape into four balls. Place in
  
  separate resealable plastic bags or wrap in plastic wrap: refrigerate
  overnight. In a small bowl, combine sugar, pecans and cinnamon: set aside.
  On a floured surface, roll each ball of dough into a 9-inch circle.
  Sprinkle
  
  with sugar mixture and apple. Cut each circle into 16 wedges: roll up from
  wide edge and pinch to seal. Place with point side down on greased baking
  sheets. Bake at 350 degrees for 16-20 minutes or until lightly browned.
  Immediately remove to wire racks to cool. For icing, combine sugar, milk
  and vanilla until smooth: drizzle over the twists. Sprinkle with pecans.
  Yield: 64 twists. EDITOR'S NOTE: The yeast does not need to be dissolved in
  liquid, and no rising time is necessary before baking.
  
  "This recipe has been one of my favorites for years. I like to make these
  sweet treats for special occasions because everyone enjoys them."
  
  Posted to recipelu-digest by ncanty@juno.com (Nadia I Canty) on Mar 22,
  1998
 
</step></directions></recipe></recipeml>
