<?xml version="1.0" encoding="UTF-8"?>

<recipeml version="0.5">
  <recipe>
    <head>
      <title>Australian Sticky Toffee Pudding</title>
      <categories>
        <cat>Desserts</cat></categories>
      <yield>6</yield></head>
    <ingredients>
      <ing>
        <amt>
          <qty>1</qty>
          <unit>cup</unit></amt>
        <item>Dates (180g) --  pitted and</item></ing>
      <ing>
        <amt>
          <qty/>
          <unit/></amt>
        <item>Chopped</item></ing>
      <ing>
        <amt>
          <qty>1</qty>
          <unit>teaspoon</unit></amt>
        <item>Bicarbonate of soda</item></ing>
      <ing>
        <amt>
          <qty>1</qty>
          <unit>cup</unit></amt>
        <item>Boiling water</item></ing>
      <ing>
        <amt>
          <qty>2</qty>
          <unit>tablespoons</unit></amt>
        <item>Butter</item></ing>
      <ing>
        <amt>
          <qty>1</qty>
          <unit>cup</unit></amt>
        <item>Soft brown sugar</item></ing>
      <ing>
        <amt>
          <qty>2</qty>
          <unit/></amt>
        <item>Eggs</item></ing>
      <ing>
        <amt>
          <qty>1 1/2</qty>
          <unit>cups</unit></amt>
        <item>Self-raising flour-sifted</item></ing>
      <ing>
        <amt>
          <qty/>
          <unit/></amt>
        <item>Toffee Sauce:</item></ing>
      <ing>
        <amt>
          <qty>1</qty>
          <unit>cup</unit></amt>
        <item>Soft brown sugar</item></ing>
      <ing>
        <amt>
          <qty>3/4</qty>
          <unit>cups</unit></amt>
        <item>Light whipping cream.</item></ing>
      <ing>
        <amt>
          <qty>1/2</qty>
          <unit>teaspoons</unit></amt>
        <item>Vanilla</item></ing>
      <ing>
        <amt>
          <qty>2</qty>
          <unit>tablespoons</unit></amt>
        <item>Butter</item></ing></ingredients>
    <directions>
      <step>  Mix dates and baking soda in a heat-proof bowl. Pour boiling water on top
  and leave to stand. Cream butter and sugar until pale, then add eggs one at
  a time, heating well after each addition. Gently fold in sifted flour, stir
  in the date mixture, and pour into a lightly buttered 18cm or 7" square or
  round cake tin. Bake in a preheated oven (180 C) for 30-40 minutes, until
  an inserted skewer comes clean. Combine sugar, cream, vanilla essence and
  butter in a saucepan, bring to the boil, stirring, and simmer for five
  minutes. Set aside until ready to serve, then quickly reheat when needed.
  Cut pudding into squares and place each square in the centre of a warm
  dinner plate. Pour hot toffee sauce over each square and serve with fresh
  cream.
  
  Recipe By     : Jill Dupleix
  
  From Gemini's MASSIVE MealMaster collection at www.synapse.com/~gemini
 
</step></directions></recipe></recipeml>
