<?xml version="1.0" encoding="UTF-8"?>

<recipeml version="0.5">
  <recipe>
    <head>
      <title>Austrian Coffee Cake</title>
      <categories>
        <cat>Cake</cat></categories>
      <yield>8</yield></head>
    <ingredients>
      <ing>
        <amt>
          <qty>6</qty>
          <unit>ounces</unit></amt>
        <item>Butter/margarine</item></ing>
      <ing>
        <amt>
          <qty>6</qty>
          <unit>ounces</unit></amt>
        <item>Caster sugar (granulated)</item></ing>
      <ing>
        <amt>
          <qty>6</qty>
          <unit>ounces</unit></amt>
        <item>Self raising flour</item></ing>
      <ing>
        <amt>
          <qty>1</qty>
          <unit>pinch</unit></amt>
        <item>Salt</item></ing>
      <ing>
        <amt>
          <qty>3</qty>
          <unit/></amt>
        <item>Eggs</item></ing>
      <ing>
        <amt>
          <qty/>
          <unit/></amt>
        <item>Coffee</item></ing>
      <ing>
        <amt>
          <qty/>
          <unit/></amt>
        <item>Sugar</item></ing>
      <ing>
        <amt>
          <qty/>
          <unit/></amt>
        <item>Rum or brandy</item></ing>
      <ing>
        <amt>
          <qty>1/2</qty>
          <unit>pints</unit></amt>
        <item>Double cream</item></ing>
      <ing>
        <amt>
          <qty/>
          <unit/></amt>
        <item>Flaked almonds - toasted</item></ing></ingredients>
    <directions>
      <step>  From: karen@piglet.demon.co.uk (Karen Braidwood)
  
  Date: Wed, 22 Dec 1993 20:01:44 GMT
  Here's one for anyone with a sweet tooth!
  
  Cream butter, add sugar, cream together until light and fluffy add the
  eggs, beat together thoroughly.
  
  Sieve flour and salt into bowl add the creamed mixture folding in gently.
  Put into a greased ring mould - bake at Gas Mark 5 ( 190 Deg C) for 25-30
  minutes. Turn out and allow to cool.
  
  Make 1/2 pint strong dark coffee, add sugar and rum or brandy to taste.
  Replace cake in ring mould, pour over coffee and leave to soak overnight.
  Turn out and decorate with cream and nuts.
  
  REC.FOOD.RECIPES ARCHIVES
  
  /CAKES
  
  ALLOW TO SOAK OVERNIGHT
  
  From rec.food.cooking archives.  Downloaded from Glen's MM Recipe Archive,
  http://www.erols.com/hosey.
 
</step></directions></recipe></recipeml>
