<?xml version="1.0" encoding="UTF-8"?>

<recipeml version="0.5">
  <recipe>
    <head>
      <title>Austrian Malt Bread</title>
      <categories>
        <cat>Breadmaker</cat>
        <cat>Low-fat</cat>
        <cat>Breads</cat></categories>
      <yield>1</yield></head>
    <ingredients>
      <ing>
        <amt>
          <qty/>
          <unit/></amt>
        <item>Medium Size loaf:</item></ing>
      <ing>
        <amt>
          <qty>1 1/2</qty>
          <unit>teaspoons</unit></amt>
        <item>Active dry yeast</item></ing>
      <ing>
        <amt>
          <qty>2</qty>
          <unit>cups</unit></amt>
        <item>Bread flour</item></ing>
      <ing>
        <amt>
          <qty>1</qty>
          <unit>teaspoon</unit></amt>
        <item>Salt</item></ing>
      <ing>
        <amt>
          <qty>1</qty>
          <unit>tablespoon</unit></amt>
        <item>Sugar</item></ing>
      <ing>
        <amt>
          <qty>2</qty>
          <unit>teaspoons</unit></amt>
        <item>Malted milk powder</item></ing>
      <ing>
        <amt>
          <qty>1 1/4</qty>
          <unit>tablespoons</unit></amt>
        <item>Butter</item></ing>
      <ing>
        <amt>
          <qty>2/3</qty>
          <unit>cups</unit></amt>
        <item>Water</item></ing></ingredients>
    <directions>
      <step>  The Bread Machine Cookbook By D.R. German ISBN 1-55867-025-4 $8.95 (not
  sure which number cookbook)
  
  Posted to MM-Recipes Digest V4 #134 by Nancy Miller
  &lt;millern@redwood.cc.andrews.edu&gt; on May 14, 1997
 
</step></directions></recipe></recipeml>
