<?xml version="1.0" encoding="UTF-8"?>

<recipeml version="0.5">
  <recipe>
    <head>
      <title>Australian Dinkum Chili</title>
      <categories>
        <cat>Chili</cat></categories>
      <yield>8</yield></head>
    <ingredients>
      <ing>
        <amt>
          <qty>1/2</qty>
          <unit>pounds</unit></amt>
        <item>Bacon,packaged</item></ing>
      <ing>
        <amt>
          <qty>2</qty>
          <unit>tablespoons</unit></amt>
        <item>Oil,vegetable</item></ing>
      <ing>
        <amt>
          <qty>2</qty>
          <unit/></amt>
        <item>Onions,med,coarsely chopped</item></ing>
      <ing>
        <amt>
          <qty>1</qty>
          <unit/></amt>
        <item>Celery stalk,coarse chopped</item></ing>
      <ing>
        <amt>
          <qty>1</qty>
          <unit/></amt>
        <item>Bell pepper(s)</item></ing>
      <ing>
        <amt>
          <qty>2</qty>
          <unit>pounds</unit></amt>
        <item>Top beef sirloin,1" cubes</item></ing>
      <ing>
        <amt>
          <qty>1</qty>
          <unit>pound</unit></amt>
        <item>Beef,hamburger grind</item></ing>
      <ing>
        <amt>
          <qty>1</qty>
          <unit>pound</unit></amt>
        <item>Pork,hamburger grind</item></ing>
      <ing>
        <amt>
          <qty>4</qty>
          <unit>tablespoons</unit></amt>
        <item>Red chile,hot,ground</item></ing>
      <ing>
        <amt>
          <qty>3</qty>
          <unit>tablespoons</unit></amt>
        <item>Red chile,mild,ground</item></ing>
      <ing>
        <amt>
          <qty>2</qty>
          <unit/></amt>
        <item>Garlic cloves,med,fine chop</item></ing>
      <ing>
        <amt>
          <qty>1</qty>
          <unit>tablespoon</unit></amt>
        <item>Oregano,dried,pref. Mexican</item></ing>
      <ing>
        <amt>
          <qty>1</qty>
          <unit>teaspoon</unit></amt>
        <item>Cumin,ground</item></ing>
      <ing>
        <amt>
          <qty>2</qty>
          <unit>cans</unit></amt>
        <item>Beer,pref. Aus.(12oz ea)</item></ing>
      <ing>
        <amt>
          <qty>1</qty>
          <unit>can</unit></amt>
        <item>Tomatoes,whole(14 1/2oz ea)</item></ing>
      <ing>
        <amt>
          <qty>3</qty>
          <unit>teaspoons</unit></amt>
        <item>Brown sugar</item></ing>
      <ing>
        <amt>
          <qty>1</qty>
          <unit/></amt>
        <item>Boomerang(opt but authentic)</item></ing></ingredients>
    <directions>
      <step>  1. Fry the bacon in a skillet over medium heat. Drain the strips on paper
  toweling and cut into 1/2" dice and reserve.
  
  2. Heat the oil in a large heavy pot over medium heat. Add the onions,
  celery, and green pepper and cook until the onions are translucent.
  
  3. Combine all the beef and pork with the ground chile, garlic, oregano,
  and cumin. Add this meat-and-spice mixture to the pot. Break up any lumps
  with a fork and cook, stirring occasionally, until the meat is evenly
  browned.
  
  4. Add the beer, tomatoes, and reserved bacon to the pot. Bring to a boil,
  then lower the heat and simmer, uncovered, for 1 1/2 hours. Wave a
  boomerang over the pot 14 times each hour from this point on. (This is
  definitely optional adding no noticeable flavor, just a touch of
  authenticity and humor.) Stir for 3 minutes. Taste, adjust seasonings, and
  add more beer if desired. Simmer for 2 1/2 hours longer.
  
  5. Add the brown sugar and simmer for 15 minutes longer, vigorously waving
  the boomerang over the pot.
 
</step></directions></recipe></recipeml>
