<?xml version="1.0" encoding="UTF-8"?>

<recipeml version="0.5">
  <recipe>
    <head>
      <title>Austin Grill's Chili Verde</title>
      <categories>
        <cat>Soup</cat></categories>
      <yield>8</yield></head>
    <ingredients>
      <ing>
        <amt>
          <qty>5</qty>
          <unit/></amt>
        <item>Whole fresh Anaheim chile; seeded; peeled</item></ing>
      <ing>
        <amt>
          <qty>5</qty>
          <unit/></amt>
        <item>Whole Poblano chilies; peeled, seeded</item></ing>
      <ing>
        <amt>
          <qty>2</qty>
          <unit>tablespoons</unit></amt>
        <item>Olive oil</item></ing>
      <ing>
        <amt>
          <qty>1</qty>
          <unit>cup</unit></amt>
        <item>Yellow onion; diced</item></ing>
      <ing>
        <amt>
          <qty>1 1/2</qty>
          <unit>teaspoons</unit></amt>
        <item>Garlic; minced</item></ing>
      <ing>
        <amt>
          <qty>1 1/2</qty>
          <unit/></amt>
        <item>Jalapeno chile; minced</item></ing>
      <ing>
        <amt>
          <qty>3/4</qty>
          <unit>teaspoons</unit></amt>
        <item>Oregano</item></ing>
      <ing>
        <amt>
          <qty>3/4</qty>
          <unit>teaspoons</unit></amt>
        <item>Cumin</item></ing>
      <ing>
        <amt>
          <qty>4</qty>
          <unit>cups</unit></amt>
        <item>Chicken stock</item></ing>
      <ing>
        <amt>
          <qty>1</qty>
          <unit/></amt>
        <item>Idaho potato; medium, peeled, cut in 1/2 inch dice</item></ing>
      <ing>
        <amt>
          <qty>2</qty>
          <unit>cups</unit></amt>
        <item>Chicken breast; uncooked, cut in 1/2 inch dice</item></ing>
      <ing>
        <amt>
          <qty>1</qty>
          <unit>cup</unit></amt>
        <item>Cilantro; loosely packed, large stems removed</item></ing>
      <ing>
        <amt>
          <qty/>
          <unit/></amt>
        <item>Salt; to taste</item></ing></ingredients>
    <directions>
      <step>  Date: Thu, 14 Mar 1996 22:27:26 -0500
  
  From: Walt Gray &lt;waltgray@mnsinc.com&gt;
  Cut Anaheim, and poblano chiles in half, remove the seeds , char and peel.
  In a large skillet, heat the olive oil and saute the onion until
  translucent. Add the garlic, jalapeno chiles, cumin and oregano, and saute
  for several minutes. Add the chicken stock and bring to a simmer. Then add
  the potatoes and cook until just tender. With a slotted spoon, remove 1 cup
  of potatoes and reserve. Add the diced chicken and pooach gently in the
  onion- chili- potato mixturer until chicken is cooked through. Remove from
  the heat immediatly, transfer to a bowl, reserving 1/2 cup of the liquid in
  a small bowl. Refrigerate the remainder to keep the chicken from
  overcooking. In a blender, puree the reserved potatoes, half half the
  Anaheim and half the poblano chilies, and the cilantro with the reserved
  half cup of liquid. When the chicken mixture is no longer warm, add the
  puree. Dice the remaining half of the Anaheim and poblano chilies in half
  inch cubes and add to the mixture. Season with salt. Reheat just before
  serving to retain the fresh green color and flovor of the soup.
  
  NOTES : This recipe makes a spicy soup with the consistancy of a hearty
  chicken-vegetable soup.
  
  CHILE-HEADS DIGEST V2 #268
  
  From the Chile-Heads recipe list.  Downloaded from Glen's MM Recipe
  Archive, http://www.erols.com/hosey.
 
</step></directions></recipe></recipeml>
