<?xml version="1.0" encoding="UTF-8"?>

<recipeml version="0.5">
  <recipe>
    <head>
      <title>Australian Christmas Cake</title>
      <categories>
        <cat>Cakes</cat>
        <cat>Gifts</cat></categories>
      <yield>1</yield></head>
    <ingredients>
      <ing>
        <amt>
          <qty>1/2</qty>
          <unit>pounds</unit></amt>
        <item>Butter</item></ing>
      <ing>
        <amt>
          <qty>1/2</qty>
          <unit>pounds</unit></amt>
        <item>Brown Sugar</item></ing>
      <ing>
        <amt>
          <qty>5</qty>
          <unit/></amt>
        <item>Whole Eggs</item></ing>
      <ing>
        <amt>
          <qty>4</qty>
          <unit>tablespoons</unit></amt>
        <item>Rum</item></ing>
      <ing>
        <amt>
          <qty>3/4</qty>
          <unit>pounds</unit></amt>
        <item>Flour</item></ing>
      <ing>
        <amt>
          <qty>1/2</qty>
          <unit>teaspoons</unit></amt>
        <item>Baking Powder</item></ing>
      <ing>
        <amt>
          <qty>1 1/2</qty>
          <unit>pounds</unit></amt>
        <item>Mixed Fruit</item></ing>
      <ing>
        <amt>
          <qty>1/4</qty>
          <unit>pounds</unit></amt>
        <item>Cherries</item></ing>
      <ing>
        <amt>
          <qty>1/4</qty>
          <unit>pounds</unit></amt>
        <item>Lemon Peel</item></ing>
      <ing>
        <amt>
          <qty>1</qty>
          <unit>teaspoon</unit></amt>
        <item>Mixed Spice</item></ing>
      <ing>
        <amt>
          <qty/>
          <unit/></amt>
        <item>Almonds</item></ing></ingredients>
    <directions>
      <step>  1. Line a 3 Lb. Christmas tin with 3 thicknesses of wax paper.
  
  2. Cream butter and sugar until fluffy.
  
  3. Beat eggs well and gradually add to mixture.
  
  4. Gradually add the rum. Fold in the sifted flour, baking powder and
  spices alternately with the fruit.
  
  5. Place in Christmas tin and decorate with split almonds.
  
  6. Bake at 350 degrees for 2 1/2 to 3 hours.
  
  Leave in tin until cold.
  
  Recipe by: diane@keyway.net
  
  Posted to recipelu-digest Volume 01 Number 195 by "Diane Geary"
  &lt;diane@keyway.net&gt; on Nov 4, 1997
 
</step></directions></recipe></recipeml>
