<?xml version="1.0" encoding="UTF-8"?>

<recipeml version="0.5">
  <recipe>
    <head>
      <title>Austrian Egg Cake (Eierkuchen)</title>
      <categories>
        <cat>Misc</cat></categories>
      <yield>4</yield></head>
    <ingredients>
      <ing>
        <amt>
          <qty>6</qty>
          <unit/></amt>
        <item>Eggs, beaten</item></ing>
      <ing>
        <amt>
          <qty>1 1/2</qty>
          <unit>cups</unit></amt>
        <item>Milk</item></ing>
      <ing>
        <amt>
          <qty>1</qty>
          <unit>teaspoon</unit></amt>
        <item>Salt</item></ing>
      <ing>
        <amt>
          <qty/>
          <unit>dashes</unit></amt>
        <item>Pepper</item></ing>
      <ing>
        <amt>
          <qty>2 1/2</qty>
          <unit/></amt>
        <item>Soft bread crumbs *</item></ing>
      <ing>
        <amt>
          <qty>2</qty>
          <unit/></amt>
        <item>Green onions (with tops),</item></ing>
      <ing>
        <amt>
          <qty/>
          <unit/></amt>
        <item>Chopped</item></ing></ingredients>
    <directions>
      <step>  Heat oven to 325F.  Mix together eggs, milk, salt and pepper. Stir in bread
  crumbs and green onions.  Pour into 8x8x2 inch baking dish. Bake,
  uncovered, until set and top is light brown, about 40 minutes.
  
  *  For soft bread crumbs, tear 3 1/2 slices bread into pieces. Place in a
  blender container, one slice at a time. Cover and blend until crumbled,
  about 3 seconds.
  
  Typos courtesy of Wesley Pitts
 
</step></directions></recipe></recipeml>
