<?xml version="1.0" encoding="UTF-8"?>

<recipeml version="0.5">
  <recipe>
    <head>
      <title>Australian Dinkum Chili (Original Recipe)</title>
      <categories>
        <cat>Chili</cat></categories>
      <yield>8</yield></head>
    <ingredients>
      <ing>
        <amt>
          <qty>500</qty>
          <unit>grams</unit></amt>
        <item>Walleroo bacon</item></ing>
      <ing>
        <amt>
          <qty>2</qty>
          <unit>tablespoons</unit></amt>
        <item>Oil,vegetable</item></ing>
      <ing>
        <amt>
          <qty>1</qty>
          <unit/></amt>
        <item>Brown onion,medium,chopped</item></ing>
      <ing>
        <amt>
          <qty>1</qty>
          <unit/></amt>
        <item>White onion,chopped</item></ing>
      <ing>
        <amt>
          <qty>2</qty>
          <unit/></amt>
        <item>Celery stalks,chopped</item></ing>
      <ing>
        <amt>
          <qty>1</qty>
          <unit/></amt>
        <item>Green pepper,diced</item></ing>
      <ing>
        <amt>
          <qty>1</qty>
          <unit>kilogram</unit></amt>
        <item>Kangaroo shank,red,coarse ch</item></ing>
      <ing>
        <amt>
          <qty>500</qty>
          <unit>grams</unit></amt>
        <item>Kangaroo shank,gry,coarse ch</item></ing>
      <ing>
        <amt>
          <qty>500</qty>
          <unit>grams</unit></amt>
        <item>Emu ham,ground</item></ing>
      <ing>
        <amt>
          <qty>2</qty>
          <unit/></amt>
        <item>Garlic cloves</item></ing>
      <ing>
        <amt>
          <qty>31 1/2</qty>
          <unit>grams</unit></amt>
        <item>Tasmanian light red chile</item></ing>
      <ing>
        <amt>
          <qty>31 1/2</qty>
          <unit>grams</unit></amt>
        <item>Wooroorooka chile</item></ing>
      <ing>
        <amt>
          <qty>26 1/2</qty>
          <unit>grams</unit></amt>
        <item>Mount Isa dark red chile</item></ing>
      <ing>
        <amt>
          <qty>140</qty>
          <unit>grams</unit></amt>
        <item>Oregano</item></ing>
      <ing>
        <amt>
          <qty>1</qty>
          <unit>gram</unit></amt>
        <item>Cumin(fluid measure)</item></ing>
      <ing>
        <amt>
          <qty/>
          <unit/></amt>
        <item>Australian beer(740ml btl)</item></ing>
      <ing>
        <amt>
          <qty>1</qty>
          <unit>can</unit></amt>
        <item>Tomatoes,whole(4l ea)</item></ing>
      <ing>
        <amt>
          <qty/>
          <unit/></amt>
        <item>Brown sugar(3 fluid drams)</item></ing>
      <ing>
        <amt>
          <qty>1</qty>
          <unit/></amt>
        <item>Boomerang</item></ing></ingredients>
    <directions>
      <step>  1. Fry the bacon in a skillet over medium heat. Drain the strips on paper
  toweling and cut into 10cm dice and reserve.
  
  2. Heat the oil in a large heavy pot over medium heat. Add the onions,
  celery, and green pepper and cook until the onions are translucent.
  
  3. Combine all the Kangaroo meat &amp; Emu ham with the ground chile, garlic,
  oregano, and cumin. Add this meat-and-spice mixture to the pot. Break up
  any lumps with a fork and cook, stirring occasionally, until the meat is
  evenly browned.
  
  4. Add the beer, tomatoes, and reserved bacon to the pot. Bring to a boil,
  then lower the heat and simmer, uncovered, for 1 1/2 hours. Wave a
  boomerang over the pot 14 times each hour from this point on. Stir for 3
  minutes. Taste, adjust seasonings, and add more beer id desired. Simmer for
    2 1/2    hours longer.
  
  5. Add the brown sugar and simmer for 15 minutes longer, vigorously waving
  the boomerang over the pot.
 
</step></directions></recipe></recipeml>
