<?xml version="1.0" encoding="UTF-8"?>

<recipeml version="0.5">
  <recipe>
    <head>
      <title>Austrian Kale</title>
      <categories>
        <cat>Vegetables</cat></categories>
      <yield>4</yield></head>
    <ingredients>
      <ing>
        <amt>
          <qty>2</qty>
          <unit>bunches</unit></amt>
        <item>Kale, washed</item></ing>
      <ing>
        <amt>
          <qty>1</qty>
          <unit/></amt>
        <item>Clove garlic, minced</item></ing>
      <ing>
        <amt>
          <qty>1/2</qty>
          <unit>medium</unit></amt>
        <item>Onion, coarsely chopped</item></ing>
      <ing>
        <amt>
          <qty>2</qty>
          <unit>tablespoons</unit></amt>
        <item>Oil</item></ing>
      <ing>
        <amt>
          <qty>1 1/2</qty>
          <unit>cups</unit></amt>
        <item>Chicken stock or bouillon</item></ing>
      <ing>
        <amt>
          <qty>4</qty>
          <unit>medium</unit></amt>
        <item>Potatoes, quartered</item></ing>
      <ing>
        <amt>
          <qty>1</qty>
          <unit/></amt>
        <item>Stalk celery, chopped</item></ing>
      <ing>
        <amt>
          <qty/>
          <unit/></amt>
        <item>Sour cream (garnish)</item></ing></ingredients>
    <directions>
      <step>  Cut the kale leaves into 1/2-inch-wide strips. Blanch them in lightly
  salted boiling water for one minute. Set aside.
  
  Saute the garlic and onion in the oil until lightly browned. Add the
  chicken stock, potatoes, celery, and blanched kale. Simmer together until
  potatoes fall apart and lose their shape. Stir; season with salt and
  pepper, garnish with sour cream and serve.
  
  Source: "Recipes from a Kitchen Garden" by Renee Shepherd &amp; Fran Raboff.
  Posted to MM-Recipes Digest V3 #196
  
  Date: Sat, 13 Jul 1996 15:36:53 GMT
  
  From: Linda Place &lt;placel@worldnet.att.net&gt;
 
</step></directions></recipe></recipeml>
