<?xml version="1.0" encoding="UTF-8"?>

<recipeml version="0.5">
  <recipe>
    <head>
      <title>Australian Grilled Fish</title>
      <categories>
        <cat>None</cat></categories>
      <yield>4</yield></head>
    <ingredients>
      <ing>
        <amt>
          <qty>4</qty>
          <unit/></amt>
        <item>Fish steaks</item></ing>
      <ing>
        <amt>
          <qty>1/4</qty>
          <unit>cups</unit></amt>
        <item>Lime juice</item></ing>
      <ing>
        <amt>
          <qty>2</qty>
          <unit>tablespoons</unit></amt>
        <item>Vegetable oil</item></ing>
      <ing>
        <amt>
          <qty>1</qty>
          <unit>teaspoon</unit></amt>
        <item>Dijon mustard</item></ing>
      <ing>
        <amt>
          <qty>2</qty>
          <unit>teaspoons</unit></amt>
        <item>Fresh ginger root -- grated</item></ing>
      <ing>
        <amt>
          <qty>1/4</qty>
          <unit>teaspoons</unit></amt>
        <item>Cayenne pepper</item></ing>
      <ing>
        <amt>
          <qty/>
          <unit/></amt>
        <item>Black pepper</item></ing></ingredients>
    <directions>
      <step>  * For the steaks: they should be 8-10 ounces and 1-inch thick each. Use
  Swordfish, Halibut or Salmon steaks.
  
  1. In a bowl, combine the lime juice, 1 tablespoon oil, ginger, cayenne
  pepper and enough freshly ground black pepper to suit your taste. 2.
  Marinate the fish in the marinade for 45-60 minutes. Turn steaks 2-3 times.
  3. Have the grill prepared with white coals and brush the cooking grill
  with the remaining one tablespoon oil. 4. Grill the fish, brushing several
  times with the marinade, until cooked through and opaque in the center.
  Turn fish after about 4-5 minutes. Total grilling time will depend on your
  grill and the heat of the coals.
  
  * To broil instead, use a broiler pan brushed with oil and broil until
  center is opaque. Will take about 10 minutes total in broiler. Turn steaks
  after 5 minutes, and baste often with marinade.
  
  Recipe By     : Jo Anne Merrill
  
  File ftp://ftp.idiscover.co.uk/pub/food/mealmaster/recipes/mmdja006.zip
 
</step></directions></recipe></recipeml>
