<?xml version="1.0" encoding="UTF-8"?>

<recipeml version="0.5">
  <recipe>
    <head>
      <title>Australian Prawns</title>
      <categories>
        <cat>Seafood</cat></categories>
      <yield>8</yield></head>
    <ingredients>
      <ing>
        <amt>
          <qty>1</qty>
          <unit/></amt>
        <item>Piece ginger (2"); peeled and coarsely chopped</item></ing>
      <ing>
        <amt>
          <qty>1</qty>
          <unit>large</unit></amt>
        <item>Onion; coarsely chopped</item></ing>
      <ing>
        <amt>
          <qty>1</qty>
          <unit/></amt>
        <item>Red bell pepper; coarsely chopped</item></ing>
      <ing>
        <amt>
          <qty>4</qty>
          <unit/></amt>
        <item>Ripe tomatoes; coarsely chopped</item></ing>
      <ing>
        <amt>
          <qty>4</qty>
          <unit>cups</unit></amt>
        <item>Fish stock</item></ing>
      <ing>
        <amt>
          <qty>1</qty>
          <unit>tablespoon</unit></amt>
        <item>Fish sauce (Nam pla)</item></ing>
      <ing>
        <amt>
          <qty>1/4</qty>
          <unit>teaspoons</unit></amt>
        <item>Cayenne</item></ing>
      <ing>
        <amt>
          <qty>4</qty>
          <unit>cups</unit></amt>
        <item>Coconut milk</item></ing>
      <ing>
        <amt>
          <qty>24</qty>
          <unit/></amt>
        <item>Prawn tails</item></ing>
      <ing>
        <amt>
          <qty>3/4</qty>
          <unit>cups</unit></amt>
        <item>Cilantro; finely minced</item></ing>
      <ing>
        <amt>
          <qty>1/2</qty>
          <unit>cups</unit></amt>
        <item>Parsley; finely minced</item></ing></ingredients>
    <directions>
      <step>  Place the ginger, onion, red pepper and tomato in the food processor until
  smooth. Transfer to a heavy casserole and cook at high heat, stirring, for
  3-4 minutes, Add the fish stock, fish sauce and cayenne, and stir to mix
  well. Bring to a boil, turn the heat down and simmer for about 10 minutes.
  Add the coconut milk and prawns and cook on hihg heat stirring, for about 3
  minutes. Turn down to a simmer and cook anothe 3 minutes. Stir in the
  cilantro and parsely before serving. Taste and adjust seasonings by adding
  more fish sauce and cayenne.
  
  Nutritional info: 539 cal; 29g pro; 20g carb, 41g fat (65%)
  
  Source: Kitchen Tropicale Miami Herald, 3/7/96 formatted by Lisa Crawford,
  
  Date: 23 Jun 96 00:25:26 EDT
  
  From: "Lisabeth Crawford (Pooh)" &lt;104105.1416@CompuServe.COM&gt;
  
  MM-Recipes Digest V3 #174
  
  From the MealMaster recipe list.  Downloaded from Glen's MM Recipe Archive,
  http://www.erols.com/hosey.
 
</step></directions></recipe></recipeml>
