<?xml version="1.0" encoding="UTF-8"?>

<recipeml version="0.5">
  <recipe>
    <head>
      <title>Austrian Cheesecake</title>
      <categories>
        <cat>Cakes</cat>
        <cat>Cheese</cat>
        <cat>Desserts</cat>
        <cat>Fruits</cat></categories>
      <yield>10</yield></head>
    <ingredients>
      <ing-div>
        <title>CRUST</title>
        <ing>
          <amt>
            <qty/>
            <unit/></amt>
          <item>Shortbread</item></ing></ing-div>
      <ing-div>
        <title>CHEESECAKE</title>
        <ing>
          <amt>
            <qty>2</qty>
            <unit>cups</unit></amt>
          <item>Cottage or Farmer Cheese</item></ing>
        <ing>
          <amt>
            <qty>1/2</qty>
            <unit>cups</unit></amt>
          <item>Sugar; Granulated</item></ing>
        <ing>
          <amt>
            <qty>5</qty>
            <unit/></amt>
          <item>Eggs; Large, Separated</item></ing>
        <ing>
          <amt>
            <qty>1/2</qty>
            <unit>cups</unit></amt>
          <item>Milk</item></ing>
        <ing>
          <amt>
            <qty>1/2</qty>
            <unit>teaspoons</unit></amt>
          <item>Lemon Rind; Grated</item></ing>
        <ing>
          <amt>
            <qty>1</qty>
            <unit>teaspoon</unit></amt>
          <item>Vanilla Extract</item></ing>
        <ing>
          <amt>
            <qty>3/4</qty>
            <unit>cups</unit></amt>
          <item>Unbleached Flour; Sifted</item></ing>
        <ing>
          <amt>
            <qty>1/4</qty>
            <unit>cups</unit></amt>
          <item>Confectioners' Sugar</item></ing>
        <ing>
          <amt>
            <qty>3</qty>
            <unit>tablespoons</unit></amt>
          <item>Golden Raisins;FinelyChopped</item></ing></ing-div></ingredients>
    <directions>
      <step>  Preheat the oven to 300 degrees F.  Press the cheese through a sieve. In a
  large mixing bowl, beat together the cheese and sugar until light. Add the
  egg yolks, one at a time, beating well after each addition, then add the
  milk, lemon rind, and vanilla. Stir in the flour and blend until smooth. In
  another large mixing bowl, beat the egg whites until they form soft peaks,
  then gradually add the confectioners' sugar beating until they form stiff
  peaks.  Fold the whites into the cheese mixture. Gently stir in the raisin
  bits, then pour the mixture into the prepared crust. Bake for 55 minutes or
  until the center appears firm. Let the cake cool in the oven for 15
  minutes, then allow to cool to room temperature.
  
  From Gemini's MASSIVE MealMaster collection at www.synapse.com/~gemini
 
</step></directions></recipe></recipeml>
