<?xml version="1.0" encoding="UTF-8"?>

<recipeml version="0.5">
  <recipe>
    <head>
      <title>Australian Cheesecake</title>
      <categories>
        <cat>Pie</cat></categories>
      <yield>10</yield></head>
    <ingredients>
      <ing-div>
        <title>CRUST</title>
        <ing>
          <amt>
            <qty>1 1/2</qty>
            <unit>cups</unit></amt>
          <item>Graham cracker crumbs</item></ing>
        <ing>
          <amt>
            <qty>6</qty>
            <unit>tablespoons</unit></amt>
          <item>Butter melted; do not substitute margarine!</item></ing>
        <ing>
          <amt>
            <qty>1/4</qty>
            <unit>cups</unit></amt>
          <item>Sugar</item></ing></ing-div>
      <ing-div>
        <title>CHEESECAKE</title>
        <ing>
          <amt>
            <qty>1</qty>
            <unit>pound</unit></amt>
          <item>Cream cheese</item></ing>
        <ing>
          <amt>
            <qty>3</qty>
            <unit>large</unit></amt>
          <item>Eggs; separated</item></ing>
        <ing>
          <amt>
            <qty>1</qty>
            <unit>teaspoon</unit></amt>
          <item>Lemon rind; grated</item></ing>
        <ing>
          <amt>
            <qty>1</qty>
            <unit>teaspoon</unit></amt>
          <item>Vanilla extract</item></ing>
        <ing>
          <amt>
            <qty>2</qty>
            <unit>tablespoons</unit></amt>
          <item>Passion fruit; fresh</item></ing>
        <ing>
          <amt>
            <qty>1/2</qty>
            <unit>cups</unit></amt>
          <item>Sugar</item></ing>
        <ing>
          <amt>
            <qty>1/4</qty>
            <unit>cups</unit></amt>
          <item>Unbleached flour</item></ing>
        <ing>
          <amt>
            <qty>2</qty>
            <unit>teaspoons</unit></amt>
          <item>Lemon juice</item></ing>
        <ing>
          <amt>
            <qty>1/2</qty>
            <unit>cups</unit></amt>
          <item>Heavy cream</item></ing></ing-div></ingredients>
    <directions>
      <step>  From: mark@alexr.co.uk
  
  Date: Sun, 25 Feb 1996 00:00:24 GMT
  NOTE: Prebaked crusts are much crisper than the chilled ones and this can
  be important if you want a crisp crust.
  
  CRUST: If you are prebaking the shell, preheat the oven to 350 degrees F.
  Place the crumbs in a mixing bowl and add the butter and sugar blending
  well. Press the crumb mixture into the bottom and up the sides of an 8-inch
  springform pan. Smooth the mixture to form an even layer on the bottom and
  sides. Bake the crust in the oven for 10 minutes and let cool to room
  temperature before filling.
  
  NOTE: This crust can be chilled for 5 to 10 minutes in the freezer until it
  is set but is not recommended in this recipe.
  
  CHEESECAKE: Preheat the oven to 300 degrees F. In a large mixing bowl, beat
  the cream cheese and sugar until light and fluffy. Add the egg yolks, one
  at a time, beating well after each. Beat in the flour, lemon rind, lemon
  juice, and vanilla until just mixed. Whip the cream until stiff in a medium
  mixing bowl. Set aside. In another mixing bowl, beat the egg whites until
  they form stiff peaks, then fold them into the cheese mixture. Fold in the
  reserved whipped cream. Stir in the passion fruit pulp then pour the
  mixture into the prepared crust and bake fro 45 minutes to 1 hour. Cool, in
  the oven, to room temperature, then chill.
  
  MM-RECIPES@IDISCOVER.NET
  
  MEAL-MASTER RECIPES LIST SERVER
  
  MM-RECIPES DIGEST V3 #56
  
  From the MealMaster recipe list.  Downloaded from Glen's MM Recipe Archive,
  http://www.erols.com/hosey.
 
</step></directions></recipe></recipeml>
