<?xml version="1.0" encoding="UTF-8"?>

<recipeml version="0.5">
  <recipe>
    <head>
      <title>Australian Shrimp on the Barbie</title>
      <categories>
        <cat>Seafood</cat></categories>
      <yield>8</yield></head>
    <ingredients>
      <ing>
        <amt>
          <qty>1/2</qty>
          <unit>cups</unit></amt>
        <item>(1 stick) butter;melted</item></ing>
      <ing>
        <amt>
          <qty>1/4</qty>
          <unit>cups</unit></amt>
        <item>Olive oil</item></ing>
      <ing>
        <amt>
          <qty>1/4</qty>
          <unit>cups</unit></amt>
        <item>Minced fresh herbs (parsley;thyme and cilantro)</item></ing>
      <ing>
        <amt>
          <qty>3</qty>
          <unit>tablespoons</unit></amt>
        <item>Fresh lemon juice</item></ing>
      <ing>
        <amt>
          <qty>3</qty>
          <unit/></amt>
        <item>Cloves (large) Garlic; crushed</item></ing>
      <ing>
        <amt>
          <qty>1</qty>
          <unit>tablespoon</unit></amt>
        <item>Minced shallot</item></ing>
      <ing>
        <amt>
          <qty/>
          <unit/></amt>
        <item>Salt and pepper; freshly ground</item></ing>
      <ing>
        <amt>
          <qty>1 1/2</qty>
          <unit>pounds</unit></amt>
        <item>Medium large shrimp; unpeeled</item></ing>
      <ing>
        <amt>
          <qty/>
          <unit/></amt>
        <item>Spinach leaves</item></ing>
      <ing>
        <amt>
          <qty/>
          <unit/></amt>
        <item>Lemon slices</item></ing></ingredients>
    <directions>
      <step>  Combine first 8 ingredients in large bowl.Mix in shrimp.Marinate at room
  temperature 1 hour or in the refrigerator 5 hours,stirring occasionally.
  Prepare barbecue with medium hot coals.Thread shrimp on narrow
  skewers.Grill until just opaque,about 2 minutes per side.Line platter with
  spinach.Arrange skewers on platter.Garnish with lemon and serve. Makes 8
  servings.
  
  Date:    6/28/96 7:27 AM
  
  From: dlassiter@atsva.com
  
  MC-Recipe Digest V1 #133
  
  From the MasterCook recipe list.  Downloaded from Glen's MM Recipe Archive,
  http://www.erols.com/hosey.
 
</step></directions></recipe></recipeml>
