<?xml version="1.0" encoding="UTF-8"?>

<recipeml version="0.5">
  <recipe>
    <head>
      <title>Vinegar Cookies</title>
      <categories>
        <cat>None</cat></categories>
      <yield>1</yield></head>
    <ingredients>
      <ing-div>
        <title>MIX</title>
        <ing>
          <amt>
            <qty>1/2</qty>
            <unit>cups</unit></amt>
          <item>Butter</item></ing>
        <ing>
          <amt>
            <qty>1/2</qty>
            <unit>teaspoons</unit></amt>
          <item>Salt</item></ing>
        <ing>
          <amt>
            <qty>1</qty>
            <unit/></amt>
          <item>Egg</item></ing>
        <ing>
          <amt>
            <qty>2</qty>
            <unit>tablespoons</unit></amt>
          <item>Vinegar</item></ing>
        <ing>
          <amt>
            <qty>3/4</qty>
            <unit>cups</unit></amt>
          <item>Sugar</item></ing></ing-div>
      <ing-div>
        <title>STIR THESE WELL THEN ADD</title>
        <ing>
          <amt>
            <qty>1 1/4</qty>
            <unit>cups</unit></amt>
          <item>Flour</item></ing>
        <ing>
          <amt>
            <qty>1/4</qty>
            <unit>teaspoons</unit></amt>
          <item>Baking powder</item></ing></ing-div></ingredients>
    <directions>
      <step>  Mix well then bake at 350 degrees for about 10-15 minutes in a gas range (I
  have noticed other ranges are different) . Add some nuts or raisins if you
  like.
  Posted to MM-Recipes Digest V5 #026 by The Vinegar Man &lt;vinegar@itctel.com&gt;
  on Jan 25, 1998
 
</step></directions></recipe></recipeml>
