<?xml version="1.0" encoding="UTF-8"?>

<recipeml version="0.5">
  <recipe>
    <head>
      <title>Vinegar Sauce, My Variation</title>
      <categories>
        <cat>Sauce</cat></categories>
      <yield>1</yield></head>
    <ingredients>
      <ing>
        <amt>
          <qty>2</qty>
          <unit>cups</unit></amt>
        <item>Cider vinegar</item></ing>
      <ing>
        <amt>
          <qty>4</qty>
          <unit>teaspoons</unit></amt>
        <item>Cayenne pepper</item></ing>
      <ing>
        <amt>
          <qty>1</qty>
          <unit>tablespoon</unit></amt>
        <item>Salt</item></ing>
      <ing>
        <amt>
          <qty>2 1/2</qty>
          <unit>teaspoons</unit></amt>
        <item>Black pepper</item></ing></ingredients>
    <directions>
      <step>  From: mariusj@best.com (Marius Johnston)
  
  Date: Mon, 5 Aug 1996 16:42:15 -0700
  Mix and let it sit around for a while before using.
  
  Now, go down to your handy market and get some rolls, say Kaiser rolls
  (plain) or maybe plain french rolls.  Take your freshly made Q'd and pulled
  pork and pile it on the botton half of the roll, then pour several, 3-4
  tablespoons to taste, of the vinegar sauce and top with the slaw, maybe
  nearly as much as the pork. There is something about the
  vinegar/slaw-mayo/smoked pork that is unique and wonderfully good.
  
  bbq-digest V2 #066
  
  From the BBQ recipe list.  Downloaded from Glen's MM Recipe Archive,
  http://www.erols.com/hosey.
 
</step></directions></recipe></recipeml>
