<?xml version="1.0" encoding="UTF-8"?>

<recipeml version="0.5">
  <recipe>
    <head>
      <title>Vinegar Pie</title>
      <categories>
        <cat>Pies</cat></categories>
      <yield>1</yield></head>
    <ingredients>
      <ing>
        <amt>
          <qty>2</qty>
          <unit>tablespoons</unit></amt>
        <item>Butter</item></ing>
      <ing>
        <amt>
          <qty>1/2</qty>
          <unit>cups</unit></amt>
        <item>Sugar</item></ing>
      <ing>
        <amt>
          <qty>3</qty>
          <unit>tablespoons</unit></amt>
        <item>Flour</item></ing>
      <ing>
        <amt>
          <qty>2</qty>
          <unit>teaspoons</unit></amt>
        <item>Ground cinnamon</item></ing>
      <ing>
        <amt>
          <qty>1/2</qty>
          <unit>teaspoons</unit></amt>
        <item>Ground cloves</item></ing>
      <ing>
        <amt>
          <qty>1/2</qty>
          <unit>teaspoons</unit></amt>
        <item>Ground allspice</item></ing>
      <ing>
        <amt>
          <qty>1</qty>
          <unit/></amt>
        <item>Egg</item></ing>
      <ing>
        <amt>
          <qty>2</qty>
          <unit>tablespoons</unit></amt>
        <item>Vinegar</item></ing>
      <ing>
        <amt>
          <qty>1</qty>
          <unit>cup</unit></amt>
        <item>Water</item></ing>
      <ing>
        <amt>
          <qty>1</qty>
          <unit/></amt>
        <item>8-in *baked pie shell</item></ing></ingredients>
    <directions>
      <step>  Cream the butter and sugar. Measure and sift flour, cinnamon, cloves and
  allspice, add to creamed mixtured. Add egg, vinegar and water. Cook in top
  of double broiler until thick. Pour into pastry shell that has been baked 2
  or 3 minutes. Bake at 350° until done.
  
  NOTES : This is one of many variations on this great ole Southern pie. This
  is the one we like.** Please note that the pie shell is only baked 2-3
  minutes before the filling is added and it is returned to the oven. ey
  included a lot of Mother's and other family members recipes. I am so glad.
  One of the sisters is now gone, as well as Mother. So I cherish this little
  book.  We tried to write out some of the old songs the family use to sing
  years ago in our childhood. Memories fade so fast don't they?
  
  Recipe by: Grandmother-Eugenia Odom
  
  Posted to TNT - Prodigy's Recipe Exchange Newsletter  by
  LVFG53A@prodigy.com (MRS IRA M DENNIS) on Jan 26, 1997.
 
</step></directions></recipe></recipeml>
