<?xml version="1.0" encoding="UTF-8"?>

<recipeml version="0.5">
  <recipe>
    <head>
      <title>Vineyard Beef Short Ribs</title>
      <categories>
        <cat>Beef</cat>
        <cat>Meats</cat></categories>
      <yield>4</yield></head>
    <ingredients>
      <ing>
        <amt>
          <qty>1/3</qty>
          <unit>cups</unit></amt>
        <item>All-purpose flour</item></ing>
      <ing>
        <amt>
          <qty>1</qty>
          <unit>teaspoon</unit></amt>
        <item>Salt</item></ing>
      <ing>
        <amt>
          <qty>1/8</qty>
          <unit>teaspoons</unit></amt>
        <item>Pepper</item></ing>
      <ing>
        <amt>
          <qty>1</qty>
          <unit>teaspoon</unit></amt>
        <item>Paprika</item></ing>
      <ing>
        <amt>
          <qty>3</qty>
          <unit>pounds</unit></amt>
        <item>Beef short ribs; cut into serving pieces</item></ing>
      <ing>
        <amt>
          <qty>1/4</qty>
          <unit>cups</unit></amt>
        <item>Butter or margarine</item></ing>
      <ing>
        <amt>
          <qty>1</qty>
          <unit>large</unit></amt>
        <item>Onion; chopped</item></ing>
      <ing>
        <amt>
          <qty>1/2</qty>
          <unit/></amt>
        <item>Bay leaf</item></ing>
      <ing>
        <amt>
          <qty>1</qty>
          <unit/></amt>
        <item>Beef bouillon cubes</item></ing></ingredients>
    <directions>
      <step>  In medium bowl, combine flour, salt, pepper and paprika. Dip meat in the
  season-flour mixture, covering well. Reserve leftover flour for gravy.
  
  In dutch oven, melt butter or margarine.  Add short ribs and brown well on
  all sides.  Add onion; cook until browned. Now stir in 1 cup water. Cover
  dutch oven and cook slowly over low heat 1 hour. Add bay leaf, then
  continue cooking about 1 hour longer or until short ribs are nice and
  tender.  Remove ribs from Dutch oven and place on warm platter in warm oven
  while you make gravy as follows.
  
  For gravy:  remove bay leaf and all surface fat from drippings in Dutch
  oven.  Stir in 1 tbsp. reserved flour, then 1 cup water and bouillon cube.
  Bring to a boil, stirring constantly, then cook until bouillon cube has
  dissolved and gravy has thickened.  Now remove ribs from oven and pour
  gravy over them.  Serve immediately, with buttered rice or noodles, or
  fluffy mashed potatoes. Makes 4 servings.
  
  From the MM database of Judi M. Phelps. jphelps@shell.portal.com or
  jphelps@delphi.com
  
  From Gemini's MASSIVE MealMaster collection at www.synapse.com/~gemini
 
</step></directions></recipe></recipeml>
