<?xml version="1.0" encoding="UTF-8"?>

<recipeml version="0.5">
  <recipe>
    <head>
      <title>Vinegar Steamed Shrimp</title>
      <categories>
        <cat/></categories>
      <yield>4</yield></head>
    <ingredients>
      <ing>
        <amt>
          <qty>1 1/2</qty>
          <unit>pounds</unit></amt>
        <item>Medium shrimp</item></ing>
      <ing>
        <amt>
          <qty>1</qty>
          <unit>cup</unit></amt>
        <item>Water</item></ing>
      <ing>
        <amt>
          <qty>1</qty>
          <unit>tablespoon</unit></amt>
        <item>Cider vinegar</item></ing>
      <ing>
        <amt>
          <qty>2</qty>
          <unit>tablespoons</unit></amt>
        <item>Crab Boil</item></ing>
      <ing>
        <amt>
          <qty>1</qty>
          <unit>tablespoon</unit></amt>
        <item>Salt Traditional "Boil" makes about 1/2 cup--</item></ing>
      <ing>
        <amt>
          <qty>2</qty>
          <unit>tablespoons</unit></amt>
        <item>Mustard seed</item></ing>
      <ing>
        <amt>
          <qty>2</qty>
          <unit>tablespoons</unit></amt>
        <item>Dill seed</item></ing>
      <ing>
        <amt>
          <qty>2</qty>
          <unit>tablespoons</unit></amt>
        <item>Red pepper flakes</item></ing>
      <ing>
        <amt>
          <qty>2</qty>
          <unit/></amt>
        <item>Bay leaves; crumbled</item></ing>
      <ing>
        <amt>
          <qty>1/2</qty>
          <unit>teaspoons</unit></amt>
        <item>Whole cloves</item></ing>
      <ing>
        <amt>
          <qty>1/2</qty>
          <unit>teaspoons</unit></amt>
        <item>All spice, whole</item></ing>
      <ing>
        <amt>
          <qty>1/2</qty>
          <unit>teaspoons</unit></amt>
        <item>Black peppercorns</item></ing>
      <ing>
        <amt>
          <qty>1/4</qty>
          <unit>teaspoons</unit></amt>
        <item>Minced ginger root</item></ing></ingredients>
    <directions>
      <step>  About the shrimp - raw, shell-on, 50 to 60 count per pound. - Insert
  steamer rack into sauce pan.  Pour 1 cup water and 2 tablespoons vinegar
  into pan.  The liquid should not rise above the bottom of the steamer. Add
  more water and vinegar if needed. - Combine the seasonings (crab or shrimp
  boil) and salt in a small bowl. Place shrimp on the steamer in layers,
  sprinkling each layer with the seasoning. - Bring to a boil, then cover,
  and steam 3 to 4 minutes.
  
  About 'boil' - Substitute ground "all spice" but check label.  If it's the
  mixture, adjust other spices.  You could substitute ground spices, where
  possible.  Grind the spices into a fine powder using a mini-food mill,
  coffee grinder, or mortar and pestle. There are a variety of commercially
  blended seafood boils (check near the bottled artichokes, etc., section).
  Jerk,  Lime+Pepper+Creole, etc.
  NOTES : from 'PatH' phannema@wizard.ucr.edu
 
</step></directions></recipe></recipeml>
