<?xml version="1.0" encoding="UTF-8"?>

<recipeml version="0.5">
  <recipe>
    <head>
      <title>Vinegar Basting Sauce</title>
      <categories>
        <cat>Sauce</cat>
        <cat>Bbq</cat></categories>
      <yield>1</yield></head>
    <ingredients>
      <ing>
        <amt>
          <qty>2</qty>
          <unit>cups</unit></amt>
        <item>Red wine vinegar</item></ing>
      <ing>
        <amt>
          <qty>2</qty>
          <unit>cups</unit></amt>
        <item>Water</item></ing>
      <ing>
        <amt>
          <qty>1/3</qty>
          <unit>cups</unit></amt>
        <item>Firmly packed brown sugar</item></ing>
      <ing>
        <amt>
          <qty>1/4</qty>
          <unit>cups</unit></amt>
        <item>Worcestershire sauce</item></ing>
      <ing>
        <amt>
          <qty>2</qty>
          <unit>tablespoons</unit></amt>
        <item>Dry spice rub (see recipe above)</item></ing>
      <ing>
        <amt>
          <qty>1/2</qty>
          <unit>teaspoons</unit></amt>
        <item>Hot sauce</item></ing></ingredients>
    <directions>
      <step>  Combine all ingredients in a medium-size bowl, stirring well. Cover and let
  mixture stand at room temperature 8 hours.
  
  Makes 4-1/2 cups. Scanned &amp; Proofed by Gene Johnston
  (ejohnston@mailexcite.com)
  
  Recipe by: Meco Barbecue &amp; Smoker Cookbook
  
  Posted to MC-Recipe Digest V1 #893 by "Eugene Johnston"
  &lt;ejohnston@mailexcite.com&gt; on Nov 09, 1997
 
</step></directions></recipe></recipeml>
