<?xml version="1.0" encoding="UTF-8"?>

<recipeml version="0.5">
  <recipe>
    <head>
      <title>Vineyard Trout</title>
      <categories>
        <cat>Seafood</cat></categories>
      <yield>4</yield></head>
    <ingredients>
      <ing>
        <amt>
          <qty>4</qty>
          <unit/></amt>
        <item>6-8 oz. trout fillets wine bouillon-----</item></ing>
      <ing>
        <amt>
          <qty>1</qty>
          <unit>cup</unit></amt>
        <item>Water</item></ing>
      <ing>
        <amt>
          <qty>1/2</qty>
          <unit>cups</unit></amt>
        <item>Dry white wine</item></ing>
      <ing>
        <amt>
          <qty>1/4</qty>
          <unit>teaspoons</unit></amt>
        <item>Dill seeds</item></ing>
      <ing>
        <amt>
          <qty>1/2</qty>
          <unit>teaspoons</unit></amt>
        <item>Seasoned salt</item></ing>
      <ing>
        <amt>
          <qty>1/4</qty>
          <unit>teaspoons</unit></amt>
        <item>Rosemary wine sauce-----</item></ing>
      <ing>
        <amt>
          <qty>1/4</qty>
          <unit>cups</unit></amt>
        <item>Celery; finely chopped</item></ing>
      <ing>
        <amt>
          <qty>2</qty>
          <unit>tablespoons</unit></amt>
        <item>Butter</item></ing>
      <ing>
        <amt>
          <qty>1</qty>
          <unit>tablespoon</unit></amt>
        <item>Onion; finely chopped</item></ing>
      <ing>
        <amt>
          <qty>2</qty>
          <unit>tablespoons</unit></amt>
        <item>Flour</item></ing>
      <ing>
        <amt>
          <qty>1/8</qty>
          <unit>teaspoons</unit></amt>
        <item>Pepper</item></ing>
      <ing>
        <amt>
          <qty>1</qty>
          <unit>dash</unit></amt>
        <item>Marjoram leaves</item></ing>
      <ing>
        <amt>
          <qty>1</qty>
          <unit>dash</unit></amt>
        <item>Dried thyme leaves</item></ing>
      <ing>
        <amt>
          <qty>1/2</qty>
          <unit>cups</unit></amt>
        <item>Half and half</item></ing>
      <ing>
        <amt>
          <qty>1/2</qty>
          <unit>cups</unit></amt>
        <item>Monterey jack cheese; shredd</item></ing>
      <ing>
        <amt>
          <qty>1/2</qty>
          <unit>cups</unit></amt>
        <item>White wine</item></ing></ingredients>
    <directions>
      <step>  Mix the water and wine in a large pan or wok and add the seasonings.
  (Adjust the amounts of water and wine to taste.)  Arrange trout fillets on
  a rack and steam for 10-11 minutes or until they flake easily with a fork.
  Remove fillets to a platter.  Discard the remaining steaming liquid.
  Carefully lift any bones remaining from the meat leaving each fillet in a
  solid piece.
  
  In a small sauce pan, saute celery and onion in the butter over a medium
  heat untiltender, about 5 minutes.  Add the flour, pepper, marjoram and
  thyme, stirring until it is smooth.  Gradually blend in the half-and-half.
  Continue over a medium heat, stirring constantly until the sauce thickens
  and begins to bubble, about 5 minutes.  Mix in the cheese until it is all
  melted and remove from the heat.  Merge the wine with the sauce slowly,
  mixing thoroughly.
  
  Serves 4.
  
  Recipes sent to me from Bill, wight@odc.net
 
</step></directions></recipe></recipeml>
