<?xml version="1.0" encoding="UTF-8"?>

<recipeml version="0.5">
  <recipe>
    <head>
      <title>Vineyard Spam Salad</title>
      <categories>
        <cat>Salads</cat></categories>
      <yield>6</yield></head>
    <ingredients>
      <ing>
        <amt>
          <qty>1</qty>
          <unit>can</unit></amt>
        <item>SPAM Luncheon Meat, cubed (12 oz)</item></ing>
      <ing>
        <amt>
          <qty>2/3</qty>
          <unit>cups</unit></amt>
        <item>Mayonnaise or salad dressing</item></ing>
      <ing>
        <amt>
          <qty>1</qty>
          <unit>tablespoon</unit></amt>
        <item>Lime juice</item></ing>
      <ing>
        <amt>
          <qty>1</qty>
          <unit>teaspoon</unit></amt>
        <item>Dry mustard</item></ing>
      <ing>
        <amt>
          <qty>2</qty>
          <unit>cups</unit></amt>
        <item>Seedless grapes</item></ing>
      <ing>
        <amt>
          <qty>1</qty>
          <unit>cup</unit></amt>
        <item>Peapods, cut in half</item></ing>
      <ing>
        <amt>
          <qty>1/2</qty>
          <unit>cups</unit></amt>
        <item>Thinly sliced red onion</item></ing></ingredients>
    <directions>
      <step>  In skillet, saute SPAM over high heat 2 minutes, stirring constantly; set
  aside. In small bowl, combine mayonnaise, lime juice, and dry mustard. In
  large bowl, combine grapes, SPAM, peapods, and onion. Tos with mayonnaise
  mixture. Cover and chill 1 hour.
 
</step></directions></recipe></recipeml>
