<?xml version="1.0" encoding="UTF-8"?>

<recipeml version="0.5">
  <recipe>
    <head>
      <title>Vinha D'alhos</title>
      <categories>
        <cat>None</cat></categories>
      <yield>1</yield></head>
    <ingredients>
      <ing>
        <amt>
          <qty>3</qty>
          <unit>pounds</unit></amt>
        <item>Boneless pork</item></ing>
      <ing>
        <amt>
          <qty>1 1/2</qty>
          <unit>cups</unit></amt>
        <item>Vinegar</item></ing>
      <ing>
        <amt>
          <qty>2</qty>
          <unit/></amt>
        <item>Cloves garlic; crushed</item></ing>
      <ing>
        <amt>
          <qty>6</qty>
          <unit/></amt>
        <item>Hawaiian red peppers; seeded and chopped</item></ing>
      <ing>
        <amt>
          <qty>1</qty>
          <unit/></amt>
        <item>Bay leaf</item></ing>
      <ing>
        <amt>
          <qty>2</qty>
          <unit>teaspoons</unit></amt>
        <item>Salt</item></ing>
      <ing>
        <amt>
          <qty>6</qty>
          <unit/></amt>
        <item>Whole cloves</item></ing>
      <ing>
        <amt>
          <qty>1/4</qty>
          <unit>teaspoons</unit></amt>
        <item>Thyme</item></ing>
      <ing>
        <amt>
          <qty>1/8</qty>
          <unit>teaspoons</unit></amt>
        <item>Sage</item></ing>
      <ing>
        <amt>
          <qty>2</qty>
          <unit>tablespoons</unit></amt>
        <item>Salad oil</item></ing></ingredients>
    <directions>
      <step>  From: MeLizaJane &lt;MeLizaJane@aol.com&gt;
  
  Cut pork into 2 X 1 1/2-inch pieces. Combine vinegar, garlic, red pepper,
  bay leaf, salt, cloves, thyme and sage; pour over pork and let stand
  overnight in refrigerator. Cook pork in marinate for 20 minutes; drain.
  Heat oil in skillet; add pork and saute slowly for 10 to 15 minutes until
  browned.
  
  Makes 6 servings
  
  Posted to recipelu-digest by jeryder@juno.com on Mar 10, 1998
 
</step></directions></recipe></recipeml>
