<?xml version="1.0" encoding="UTF-8"?>

<recipeml version="0.5">
  <recipe>
    <head>
      <title>Vinson's Pecan Pie</title>
      <categories>
        <cat>Creole</cat>
        <cat>Essert</cat></categories>
      <yield>10</yield></head>
    <ingredients>
      <ing-div>
        <title>CRUST</title>
        <ing>
          <amt>
            <qty>1</qty>
            <unit/></amt>
          <item>Recipe plain pastry or</item></ing>
        <ing>
          <amt>
            <qty>1</qty>
            <unit/></amt>
          <item>Box pie crust mix; (9 oz.)</item></ing></ing-div>
      <ing-div>
        <title>FILLING</title>
        <ing>
          <amt>
            <qty>1</qty>
            <unit/></amt>
          <item>Bottle dark karo syrup; (16 oz.)</item></ing>
        <ing>
          <amt>
            <qty>1</qty>
            <unit>cup</unit></amt>
          <item>Water (for heating syrup) (up to 2)</item></ing>
        <ing>
          <amt>
            <qty>6</qty>
            <unit/></amt>
          <item>Eggs</item></ing>
        <ing>
          <amt>
            <qty>1</qty>
            <unit>cup</unit></amt>
          <item>Sugar</item></ing>
        <ing>
          <amt>
            <qty>1</qty>
            <unit>teaspoon</unit></amt>
          <item>Vanilla extract</item></ing>
        <ing>
          <amt>
            <qty>1 1/2</qty>
            <unit>cups</unit></amt>
          <item>Whole pecans</item></ing>
        <ing>
          <amt>
            <qty>2</qty>
            <unit>tablespoons</unit></amt>
          <item>Margarine</item></ing></ing-div></ingredients>
    <directions>
      <step>  Preheat oven to 325 degrees.
  
  CRUST: Prepare crust for two 9-inch pies. Line pie pans with crust. Set
  aside. FILLING: Remove cap from bottle of syrup and heat in a small
  saucepan of water. In a mixing bowl, place eggs, sugar, vanilla extract and
  hot syrup. Stir thoroughly. Pour filling equally into unbaked pie shells.
  Put 3/4 cup pecans into each pie. Dot 1 tbs. of margarine on top of each.
  Place pie pans on jelly roll pans and place in oven. Bake for 1 hour. Let
  cool. Serve hot or at room temperature. Store in refrigerator.
  
  NOTES : easy
  
  Recipe by: Chachie's New Orleans Posted to MC-Recipe Digest V1 #746 by "Bob
  &amp; Carole Walberg" &lt;walbergr@mb.sympatico.ca&gt; on Aug 17, 1997
 
</step></directions></recipe></recipeml>
