<?xml version="1.0" encoding="UTF-8"?>

<recipeml version="0.5">
  <recipe>
    <head>
      <title>Violet Jam</title>
      <categories>
        <cat>None</cat></categories>
      <yield>1</yield></head>
    <ingredients>
      <ing>
        <amt>
          <qty>1 1/2</qty>
          <unit>cups</unit></amt>
        <item>Wild violet blossoms*</item></ing>
      <ing>
        <amt>
          <qty>1 1/2</qty>
          <unit>cups</unit></amt>
        <item>Water, divided</item></ing>
      <ing>
        <amt>
          <qty>1</qty>
          <unit>medium</unit></amt>
        <item>Lime , juice of</item></ing>
      <ing>
        <amt>
          <qty>2 1/3</qty>
          <unit>cups</unit></amt>
        <item>Sugar</item></ing>
      <ing>
        <amt>
          <qty>1</qty>
          <unit>package</unit></amt>
        <item>(1 3/4 oz) powdered pectin</item></ing></ingredients>
    <directions>
      <step>  Here's one I found in my "collectors edition" of Taste of Home. Untried by
  me.
  
  Rinse violet blossoms well and place in a blender. Add 3/4 cup water and
  lim juice; blend well. Gradually add sugar, blending until a smooth paste
  is formed. In a saucepan, combine pectin and remaining water; bring to a
  boil and boil for 1 minute. Add to blender and blend for 1 minute. Quickly
  pour into prepared jars or glasses and sea.
  
  *Be sure to use the common wild purple violet, not the African violet
  (often grown as a houseplant) Posted to TNT - Prodigy's Recipe Exchange
  Newsletter  by "Lilia Prescod" &lt;lprescod@itrc.uwaterloo.ca&gt; on May 1, 1997
 
</step></directions></recipe></recipeml>
