<?xml version="1.0" encoding="UTF-8"?>

<recipeml version="0.5">
  <recipe>
    <head>
      <title>Vip Crab Bisque</title>
      <categories>
        <cat>None</cat></categories>
      <yield>1</yield></head>
    <ingredients>
      <ing>
        <amt>
          <qty>1</qty>
          <unit>can</unit></amt>
        <item>(10 3/4oz) tomato soup</item></ing>
      <ing>
        <amt>
          <qty>1</qty>
          <unit>can</unit></amt>
        <item>(10 1/2oz) beef consomme</item></ing>
      <ing>
        <amt>
          <qty>1</qty>
          <unit>can</unit></amt>
        <item>Progresso split pea soup; (no ham)</item></ing>
      <ing>
        <amt>
          <qty>2</qty>
          <unit>cups</unit></amt>
        <item>Light cream</item></ing>
      <ing>
        <amt>
          <qty>1/2</qty>
          <unit>cups</unit></amt>
        <item>Sherry</item></ing>
      <ing>
        <amt>
          <qty>8</qty>
          <unit>ounces</unit></amt>
        <item>Crab meat</item></ing>
      <ing>
        <amt>
          <qty/>
          <unit/></amt>
        <item>Croutons</item></ing>
      <ing>
        <amt>
          <qty/>
          <unit/></amt>
        <item>Chopped chives</item></ing></ingredients>
    <directions>
      <step>  Mix soups together in saucepan. Add sherry and whisk over low heat til well
  blended and heated. Add light cream and heat. Add crab meat just before
  serving. Garnish each serving with croutons and chive.
  
  Posted to KitMailbox Digest  by Muckerheide &lt;muckerheide@mediaone.net&gt; on
  Mar 01, 1998
 
</step></directions></recipe></recipeml>
