<?xml version="1.0" encoding="UTF-8"?>

<recipeml version="0.5">
  <recipe>
    <head>
      <title>Vip Cornish Hens with Plum Sauce</title>
      <categories>
        <cat>Poultry</cat>
        <cat>Holiday/gif</cat></categories>
      <yield>4</yield></head>
    <ingredients>
      <ing>
        <amt>
          <qty>4</qty>
          <unit/></amt>
        <item>Rock Cornish game hens</item></ing>
      <ing>
        <amt>
          <qty>1/2</qty>
          <unit>teaspoons</unit></amt>
        <item>Lemon pepper</item></ing>
      <ing>
        <amt>
          <qty>2</qty>
          <unit/></amt>
        <item>Oranges -- sliced</item></ing>
      <ing>
        <amt>
          <qty>1/4</qty>
          <unit>cups</unit></amt>
        <item>Margarine -- melted</item></ing>
      <ing>
        <amt>
          <qty>1/4</qty>
          <unit>cups</unit></amt>
        <item>Yellow onions -- minced</item></ing>
      <ing>
        <amt>
          <qty>1</qty>
          <unit>teaspoon</unit></amt>
        <item>Fresh ginger root -- grated</item></ing>
      <ing>
        <amt>
          <qty>1</qty>
          <unit>teaspoon</unit></amt>
        <item>Worcestershire sauce</item></ing>
      <ing>
        <amt>
          <qty>1 1/2</qty>
          <unit>teaspoons</unit></amt>
        <item>Yellow mustard</item></ing>
      <ing>
        <amt>
          <qty>1/3</qty>
          <unit>cups</unit></amt>
        <item>Chili sauce</item></ing>
      <ing>
        <amt>
          <qty>1/4</qty>
          <unit>cups</unit></amt>
        <item>Soy sauce</item></ing>
      <ing>
        <amt>
          <qty>6</qty>
          <unit>ounces</unit></amt>
        <item>Lemonade, frozen concentrate</item></ing>
      <ing>
        <amt>
          <qty/>
          <unit/></amt>
        <item>Thawed</item></ing>
      <ing>
        <amt>
          <qty>16</qty>
          <unit>ounces</unit></amt>
        <item>Plums in juice</item></ing>
      <ing>
        <amt>
          <qty>1/4</qty>
          <unit>cups</unit></amt>
        <item>Dried coconut</item></ing></ingredients>
    <directions>
      <step>  * Mix yellow and brown mustard if you wish.
  
  1. Have the Cornish hens split in half, then sprinkle with lemon-pepper
  seasoning and perhaps a dash of salt. 2. Arrange the orange slices in
  shallow roasting pan. Place the hens, skin side up, over oranges. Bake in
  preheated 350-degree oven for 45 minutes. 3. Combine margarine, onion,
  ginger (use ginger spice instead of fresh if preferred), Worcestershire
  sauce, mustard, chili sauce, soy sauce, thawed lemonade and drained and
  pureed plums in saucepan. Blend well. Simmer, stirring frequently, for 15
  minutes. 4. Pour plum sauce over hens. Bake for 20-25 minutes longer,
  basting every 5 minutes. 5. Place hens on serving platter, top with the pan
  drippings and sprinkle with the coconut.
  
  Recipe By     : Jo Anne Merrill
  
  From: Love2bake@aol.Com               Date: Thu, 8 Dec 1994 14:07:56 -0500
  
  File ftp://ftp.idiscover.co.uk/pub/food/mealmaster/recipes/mmdja006.zip
 
</step></directions></recipe></recipeml>
