<?xml version="1.0" encoding="UTF-8"?>

<recipeml version="0.5">
  <recipe>
    <head>
      <title>Vipava Soup</title>
      <categories>
        <cat>Soups</cat></categories>
      <yield>10</yield></head>
    <ingredients>
      <ing>
        <amt>
          <qty>15</qty>
          <unit>ounces</unit></amt>
        <item>Beans</item></ing>
      <ing>
        <amt>
          <qty>21</qty>
          <unit>ounces</unit></amt>
        <item>Sauerkraut</item></ing>
      <ing>
        <amt>
          <qty>1</qty>
          <unit>pound</unit></amt>
        <item>Salt pork</item></ing>
      <ing>
        <amt>
          <qty>1</qty>
          <unit>pound</unit></amt>
        <item>Potatoes</item></ing>
      <ing>
        <amt>
          <qty/>
          <unit/></amt>
        <item>Water</item></ing>
      <ing>
        <amt>
          <qty>1/2</qty>
          <unit>cups</unit></amt>
        <item>Fat</item></ing>
      <ing>
        <amt>
          <qty>1</qty>
          <unit>tablespoon</unit></amt>
        <item>Flour (heaping)</item></ing>
      <ing>
        <amt>
          <qty>1</qty>
          <unit/></amt>
        <item>Onion</item></ing>
      <ing>
        <amt>
          <qty/>
          <unit/></amt>
        <item>Salt</item></ing>
      <ing>
        <amt>
          <qty>3</qty>
          <unit/></amt>
        <item>Bay leaves</item></ing>
      <ing>
        <amt>
          <qty>3</qty>
          <unit/></amt>
        <item>Garlic cloves</item></ing>
      <ing>
        <amt>
          <qty/>
          <unit/></amt>
        <item>Peppercorns; to taste</item></ing>
      <ing>
        <amt>
          <qty>5</qty>
          <unit>tablespoons</unit></amt>
        <item>Sour cream</item></ing></ingredients>
    <directions>
      <step>  Soak the beans overnight.  Cut the sauerkraut into strips. Cook the meat,
  potatoes, beans and sauerkraut separately. When the meat is cooked, bone it
  and cut into cubes. Dice the potatoes. Crush the beans. Make a roux with
  the fat, flour and onion.  Put meat and vegetables into a pot; add the roux
  and the bay leaves. Cover with the stock; cook 5 minutes longer. Before
  serving, add the sour cream.
  
  "Our Favorite Recipes" St. Anthony Croatian Catholic Church Typed for you
  by Karen Mintzias
  
  From Gemini's MASSIVE MealMaster collection at www.synapse.com/~gemini
 
</step></directions></recipe></recipeml>
