<?xml version="1.0" encoding="UTF-8"?>

<recipeml version="0.5">
  <recipe>
    <head>
      <title>Virginia Spoon Bread #2</title>
      <categories>
        <cat>Bread</cat></categories>
      <yield>8</yield></head>
    <ingredients>
      <ing>
        <amt>
          <qty>1</qty>
          <unit>cup</unit></amt>
        <item>Cornmeal; white</item></ing>
      <ing>
        <amt>
          <qty>2</qty>
          <unit>cups</unit></amt>
        <item>Boiling water</item></ing>
      <ing>
        <amt>
          <qty>1/4</qty>
          <unit>cups</unit></amt>
        <item>Butter; melted</item></ing>
      <ing>
        <amt>
          <qty>1</qty>
          <unit>teaspoon</unit></amt>
        <item>Salt</item></ing>
      <ing>
        <amt>
          <qty>1 1/2</qty>
          <unit>cups</unit></amt>
        <item>Milk</item></ing>
      <ing>
        <amt>
          <qty>3</qty>
          <unit/></amt>
        <item>Egg yolks</item></ing>
      <ing>
        <amt>
          <qty>4</qty>
          <unit/></amt>
        <item>Egg whites; stiffly beaten</item></ing></ingredients>
    <directions>
      <step>  From: Maggie &lt;MWORKMAN@VM.CC.PURDUE.EDU&gt;
  
  Date: Fri, 23 Jul 93 13:39:23 EST
  
  Taken (without permission) from The Complete Book of Breads. Preheat oven
  to 350 degrees.  Stir the cornmeal gradually into the rapidly boiling
  water.  When the mixture is smooth, add butter, salt and stir in the milk.
  Remove from heat and stir in the egg yolks.  Allow the mixture to cool to
  warm (90-100 degrees).  Meanwhile, beat the egg whites to hold a peak. Fold
  into the mixture.  Pour batter into the baking dish (one 1-quart baking
  dish, greased or buttered).  It should come to no more than 3/4 way up the
  sides.  Level with rubber spatula.  Bake in the oven until it is puffed and
  nicely browned.  A knife blade slipped into the bread will come out clean
  when it is done. Remove bread from the oven. Serve immediately, and with a
  spoon.
  
  REC.FOOD.RECIPES
  
  From rec.food.cooking archives.  Downloaded from Glen's MM Recipe Archive,
  http://www.erols.com/hosey.
 
</step></directions></recipe></recipeml>
