<?xml version="1.0" encoding="UTF-8"?>

<recipeml version="0.5">
  <recipe>
    <head>
      <title>Virginia Sauer's Strawberry Bread</title>
      <categories>
        <cat>None</cat></categories>
      <yield>1</yield></head>
    <ingredients>
      <ing>
        <amt>
          <qty>3</qty>
          <unit>cups</unit></amt>
        <item>Sifted all purpose flour</item></ing>
      <ing>
        <amt>
          <qty>2</qty>
          <unit>cups</unit></amt>
        <item>Granulated sugar</item></ing>
      <ing>
        <amt>
          <qty>1</qty>
          <unit>tablespoon</unit></amt>
        <item>Ground cinnamon</item></ing>
      <ing>
        <amt>
          <qty>1</qty>
          <unit>teaspoon</unit></amt>
        <item>Baking soda</item></ing>
      <ing>
        <amt>
          <qty>1</qty>
          <unit>teaspoon</unit></amt>
        <item>Salt</item></ing>
      <ing>
        <amt>
          <qty>1 1/2</qty>
          <unit>cups</unit></amt>
        <item>(6 ounces) coarsely chopped pecans or walnuts</item></ing>
      <ing>
        <amt>
          <qty>4</qty>
          <unit>large</unit></amt>
        <item>Eggs</item></ing>
      <ing>
        <amt>
          <qty>1 1/4</qty>
          <unit>cups</unit></amt>
        <item>Corn oil</item></ing>
      <ing>
        <amt>
          <qty>2</qty>
          <unit>packages</unit></amt>
        <item>(10-ounce) sliced frozen strawberries in syrup; thawed but not drained *</item></ing>
      <ing>
        <amt>
          <qty/>
          <unit/></amt>
        <item>Powdered sugar</item></ing></ingredients>
    <directions>
      <step>  This was originally posted by Virginia Sauer and is wonderful.
  
  * If unable to obtain frozen sliced strawberries in syrup, substitute 2
  cups frozen unsweetened whole strawberries. Place in medium-sized bowl.
  Sprinkle lightly with sugar. Let thaw. Slice berries.
  
  ~- Preheat oven to 350 degrees F.
  
  ~- Butter and flour either two (9 x 5 x 3-inch) or five (6 x 3 x 2
  1/2-inch) loaf pans. Set aside.
  
  ~- Sift together flour, granulated sugar, cinnamon, baking soda, and salt
  into large mixing bowl. Using a fork, lightly stir in nuts. Set aside.
  
  ~- In medium-sized mixing bowl, beat eggs until thick and lemon-colored.
  Add oil and thawed strawberries (including their liquid). Mix until
  thoroughly blended. Pour over reserved dry ingredients.
  
  ~- Stir with wooden spoon _ONLY_ until dry ingredients are moistened. (Be
  careful not to overmix.)
  
  ~- Spoon batter into buttered and floured pans, filling each
      3/4    full.
  
  ~- Place pans on center shelf of oven.
  
  ~- Bake until toothpick inserted in center of each loaf comes out clean
  (about 45 - 50 minutes for miniature loaves, or 55 - 60 minutes for large
  loaves).
  
  ~- Place pans on wire rack for about 10 minutes.
  
  ~- Invert loaves onto rack and cool completely.
  
  ~- Sprinkle with powdered sugar.
  
  Posted to EAT-L Digest  by Mary Hathaway &lt;paraducks1@JUNO.COM&gt; on Mar 9,
  1998
 
</step></directions></recipe></recipeml>
