<?xml version="1.0" encoding="UTF-8"?>

<recipeml version="0.5">
  <recipe>
    <head>
      <title>Virginia Fudge</title>
      <categories>
        <cat>Candies</cat></categories>
      <yield>75</yield></head>
    <ingredients>
      <ing>
        <amt>
          <qty>12</qty>
          <unit>ounces</unit></amt>
        <item>EVAPORATED MILK</item></ing>
      <ing>
        <amt>
          <qty>1/2</qty>
          <unit>cups</unit></amt>
        <item>BUTTER</item></ing>
      <ing>
        <amt>
          <qty>2</qty>
          <unit>tablespoons</unit></amt>
        <item>LIGHT CORN SYRUP</item></ing>
      <ing>
        <amt>
          <qty>2</qty>
          <unit>cups</unit></amt>
        <item>BROWN SUGAR; firmly packed</item></ing>
      <ing>
        <amt>
          <qty>1</qty>
          <unit>teaspoon</unit></amt>
        <item>VANILLA</item></ing>
      <ing>
        <amt>
          <qty>2</qty>
          <unit>cups</unit></amt>
        <item>PECANS</item></ing></ingredients>
    <directions>
      <step>  Grease a 9 x 13-inch baking pan; set aside. In a heavy 4-quart saucepan,
  combine milk, butter, corn syrup, granulated sugar and brown sugar. Place
  over medium heat and stir occasionally with a wooden spoon until mixture
  comes to a boil. Clip on candy thermometer. Cook to 234 F (115 C) or soft-
  ball stage. Pour, without scraping, into baking pan. Cool to lukewarm. Add
  vanilla. Stir with a wooden spoon until mixture thickens. Add nuts and
  continue stirring until candy loses its gloss. Scrape out onto plastic
  wrap. Pat into a loaf shape (about 9" x 5"). Slice and serve, or wrap in
  plastic and store in the refrigerator for several weeks. VARIATION: Use 1
  teaspoon maple extract instead of vanilla. Shared by ELLIE COLLIN, Prodigy
  ID# CMKD93F.
  
  From Gemini's MASSIVE MealMaster collection at www.synapse.com/~gemini
 
</step></directions></recipe></recipeml>
