<?xml version="1.0" encoding="UTF-8"?>

<recipeml version="0.5">
  <recipe>
    <head>
      <title>Virginia's Easy Lasagne</title>
      <categories>
        <cat>None</cat></categories>
      <yield>1</yield></head>
    <ingredients>
      <ing>
        <amt>
          <qty>1</qty>
          <unit>pound</unit></amt>
        <item>Ground beef</item></ing>
      <ing>
        <amt>
          <qty>1</qty>
          <unit/></amt>
        <item>Jar; (28-oz) spaghetti sauce, about</item></ing>
      <ing>
        <amt>
          <qty>1 1/2</qty>
          <unit>cups</unit></amt>
        <item>Water</item></ing>
      <ing>
        <amt>
          <qty>15</qty>
          <unit>ounces</unit></amt>
        <item>Ricotta or small curd cottage cheese</item></ing>
      <ing>
        <amt>
          <qty>8</qty>
          <unit>ounces</unit></amt>
        <item>Shredded mozzarella or monterey jack cheese; divided</item></ing>
      <ing>
        <amt>
          <qty>1/2</qty>
          <unit>cups</unit></amt>
        <item>Grated parmesan cheese</item></ing>
      <ing>
        <amt>
          <qty>2</qty>
          <unit/></amt>
        <item>Eggs</item></ing>
      <ing>
        <amt>
          <qty>1/4</qty>
          <unit>cups</unit></amt>
        <item>Chopped fresh parsley</item></ing>
      <ing>
        <amt>
          <qty>1/2</qty>
          <unit>teaspoons</unit></amt>
        <item>Salt</item></ing>
      <ing>
        <amt>
          <qty>1/4</qty>
          <unit>teaspoons</unit></amt>
        <item>Ground black pepper</item></ing>
      <ing>
        <amt>
          <qty>1</qty>
          <unit>package</unit></amt>
        <item>(8-oz.) Lasagne; uncooked</item></ing></ingredients>
    <directions>
      <step>  Someone asked a while back about a recipe on a lasagne box that called for
  uncooked noodles. I have copied this recipe off the Skinner Lasagne box. It
  is the only lasagne recipe I use. It is very easy and you can of course
  substitute homemade sauce if you like. I had always heard people say how
  hard it is to make lasagne. I never knew what the fuss was until I read
  some other recipes.
  
  Heat oven to 350 degrees F. In 3-quart saucepan, brown meat; drain. Add
  spaghetti sauce and water; simmer about 10 minutes. In bowl, stir together
  ricotta, one-half mozzarella cheese, parmesan cheese, eggs, parsley, salt
  and pepper. Pour about 1 cup sauce on bottom of 13x9-inch baking dish.
  Arrange 3 UNCOOKED pasta pieces lengthwise over sauce; cover with about 1
  cup sauce. Spread one-half cheese filling over sauce. Repeat layers of
  lasagne, sauce and cheese filling. Top with layer of lasagne and remaining
  sauce; sprinkle with remaining mozzarella cheese. Cover with foil. Bake 45
  minutes. Remove foil; bake additional 15 minutes. Let stand 10 minutes
  before cutting. 10 to 12 servings. Alternate Method: Recipe can be prepared
  with COOKED lasagne noodles following same instructions. OMIT ADDITION OF
  1-1/2 CUPS WATER TO SPAGHETTI SAUCE.
  
  Posted to TNT Recipes Digest by Jana Lamphear
  &lt;j.lamphear@tddtx.fujitsu.com&gt; on Feb 17, 1998
 
</step></directions></recipe></recipeml>
