<?xml version="1.0" encoding="UTF-8"?>

<recipeml version="0.5">
  <recipe>
    <head>
      <title>Virginia Sweet Pickle Chunks</title>
      <categories>
        <cat>Pickles</cat></categories>
      <yield>6</yield></head>
    <ingredients>
      <ing-div>
        <title/>
        <ing>
          <amt>
            <qty>75</qty>
            <unit/></amt>
          <item>Cucumbers; 4-5 inches long or-</item></ing>
        <ing>
          <amt>
            <qty>2</qty>
            <unit>gallons</unit></amt>
          <item>Smaller cucumbers</item></ing></ing-div>
      <ing-div>
        <title>ALSO</title>
        <ing>
          <amt>
            <qty/>
            <unit/></amt>
          <item>Powdered alum</item></ing>
        <ing>
          <amt>
            <qty/>
            <unit/></amt>
          <item>Salt</item></ing>
        <ing>
          <amt>
            <qty/>
            <unit/></amt>
          <item>Sugar</item></ing>
        <ing>
          <amt>
            <qty/>
            <unit/></amt>
          <item>Pickling spice</item></ing>
        <ing>
          <amt>
            <qty/>
            <unit/></amt>
          <item>Celery seed</item></ing></ing-div></ingredients>
    <directions>
      <step>  Place cucumbers in large crock. Do not use metal container. Make a brine of
  2 cups salt to 1 gallon water. Boil and pour over cucumbers. Let stand 1
  week. (In hot weather, skim daily). Drain and cut in chunks. For the next 3
  mornings, make a boiling solution of 1 gallon water 1 tablespoon powdered
  alum. Drain first solution and pour water-alum solution over cucumbers.
  Make a fresh solution each day. On the 4th day, drain and discard alum
  water. Boil 6 cups vinegar, 5 cups sugar, 1/3 cup pickling spice and 1
  tablespoon celery seed; pour over cucumbers. On 5th day, drain, reserve
  liquid and add 2 cups sugar. Heat liquid again to boiling and pour over
  cucumbers. On 6th day, drain and reserve liquid; add 1 cup sugar. Heat to
  boiling. Pack pickles into sterilized jars. Cover with boiling liquid to
  within 1/2 inch of jar top. Seal at once. Delicious!
  
  MRS ED WALLACE (DORIS)
  
  MARVELL, AR
  
  From the book &lt;High Cotton Cookin'&gt;, Marvell Academy Mothers Assn, Marvell,
  AR  72366, ISBN 0-918544-14-9, downloaded from Glen's MM Recipe Archive,
  http://www.erols.com/hosey.
 
</step></directions></recipe></recipeml>
