<?xml version="1.0" encoding="UTF-8"?>

<recipeml version="0.5">
  <recipe>
    <head>
      <title>Virgin Mary</title>
      <categories>
        <cat>Non-</cat>
        <cat>Alcohol</cat>
        <cat>Mixed</cat>
        <cat>Drinks</cat></categories>
      <yield>1</yield></head>
    <ingredients>
      <ing>
        <amt>
          <qty>4</qty>
          <unit>ounces</unit></amt>
        <item>Tomato juice</item></ing>
      <ing>
        <amt>
          <qty>1/2</qty>
          <unit>ounces</unit></amt>
        <item>Lemon juice</item></ing>
      <ing>
        <amt>
          <qty>1/2</qty>
          <unit>teaspoons</unit></amt>
        <item>Worcestershire sauce</item></ing>
      <ing>
        <amt>
          <qty>1</qty>
          <unit>dash</unit></amt>
        <item>Tabasco sauce</item></ing>
      <ing>
        <amt>
          <qty>1</qty>
          <unit>pinch</unit></amt>
        <item>Celery salt -- to taste</item></ing>
      <ing>
        <amt>
          <qty>1</qty>
          <unit>pinch</unit></amt>
        <item>Salt -- to taste</item></ing>
      <ing>
        <amt>
          <qty>1</qty>
          <unit>pinch</unit></amt>
        <item>Pepper -- to taste</item></ing>
      <ing>
        <amt>
          <qty>1</qty>
          <unit/></amt>
        <item>Celery stalk</item></ing>
      <ing>
        <amt>
          <qty>1</qty>
          <unit/></amt>
        <item>Lime slice</item></ing>
      <ing>
        <amt>
          <qty/>
          <unit/></amt>
        <item>Cracked ice</item></ing>
      <ing>
        <amt>
          <qty/>
          <unit/></amt>
        <item>Ice cubes</item></ing></ingredients>
    <directions>
      <step>  Combine liquid ingredients and seasonings in a mixing glass. Shake with ice
  and strain into a highball or Collins glass filled with ice cubes. Garnish
  with celery stalk and wedge of lime.
  
  Recipe By     : Joe Robertson
  
  From:                                 Date:
  
  From Gemini's MASSIVE MealMaster collection at www.synapse.com/~gemini
 
</step></directions></recipe></recipeml>
