<?xml version="1.0" encoding="UTF-8"?>

<recipeml version="0.5">
  <recipe>
    <head>
      <title>Virginia Sauer's Baklava Pt 2</title>
      <categories>
        <cat>None</cat></categories>
      <yield>1</yield></head>
    <ingredients>
      <ing>
        <amt>
          <qty/>
          <unit/></amt>
        <item>See part 1</item></ing></ingredients>
    <directions>
      <step>  Sprinkle with 1 heaping teaspoonful nut mixture. Fold in sides 1/2 inch to
  seal. Roll up as for jelly roll. Place seam side down in buttered pan.
  Repeat with remaining ingredients. Brush tops with clarified butter.
  
  Bake pastries: Place pan on center shelf of oven and bake until golden
  (about 20 minutes). Transfer to wire rack. Drizzle 2 teaspoonsful honey
  syrup over each pastry. Set aside to cool.
  
  Yield: 64 pastries
  
  NB: Baklava can be frozen for up to 6 months.
  
  Posted to EAT-L Digest  by Mary Hathaway &lt;paraducks1@JUNO.COM&gt; on Mar 10,
  1998
 
</step></directions></recipe></recipeml>
