<?xml version="1.0" encoding="UTF-8"?>

<recipeml version="0.5">
  <recipe>
    <head>
      <title>Virgin Strawberry Daiquiri</title>
      <categories>
        <cat>Non-</cat>
        <cat>Alcohol</cat>
        <cat>Mixed</cat>
        <cat>Drinks</cat></categories>
      <yield>1</yield></head>
    <ingredients>
      <ing>
        <amt>
          <qty>3</qty>
          <unit>ounces</unit></amt>
        <item>Frozen strawberries -- in</item></ing>
      <ing>
        <amt>
          <qty/>
          <unit/></amt>
        <item>Syrup</item></ing>
      <ing>
        <amt>
          <qty>1</qty>
          <unit>ounce</unit></amt>
        <item>Fresh lime juice</item></ing>
      <ing>
        <amt>
          <qty>1</qty>
          <unit>teaspoon</unit></amt>
        <item>Sugar</item></ing>
      <ing>
        <amt>
          <qty/>
          <unit/></amt>
        <item>Cracked ice</item></ing>
      <ing>
        <amt>
          <qty>1</qty>
          <unit/></amt>
        <item>Strawberry</item></ing>
      <ing>
        <amt>
          <qty>1</qty>
          <unit/></amt>
        <item>Orange slice</item></ing></ingredients>
    <directions>
      <step>  Fill a mixing glass with cracked ice. Add lime juice, frozen strawberries,
  and sugar. Shake and strain into a chilled cocktail glass. Garnish with
  strawberry and orange slice.
  
  Recipe By     : Joe Robertson
  
  From:                                 Date:
  
  From Gemini's MASSIVE MealMaster collection at www.synapse.com/~gemini
 
</step></directions></recipe></recipeml>
