<?xml version="1.0" encoding="UTF-8"?>

<recipeml version="0.5">
  <recipe>
    <head>
      <title>Virginia Sauer's Pineapple Bread</title>
      <categories>
        <cat>None</cat></categories>
      <yield>1</yield></head>
    <ingredients>
      <ing>
        <amt>
          <qty>3 1/2</qty>
          <unit>cups</unit></amt>
        <item>Sifted all-purpose flour</item></ing>
      <ing>
        <amt>
          <qty>4</qty>
          <unit>teaspoons</unit></amt>
        <item>(1 tablespoon plus 1 teaspoon) baking powder</item></ing>
      <ing>
        <amt>
          <qty>1</qty>
          <unit>teaspoon</unit></amt>
        <item>Salt</item></ing>
      <ing>
        <amt>
          <qty>1/2</qty>
          <unit>teaspoons</unit></amt>
        <item>Baking soda</item></ing>
      <ing>
        <amt>
          <qty>1 1/2</qty>
          <unit>cups</unit></amt>
        <item>(6 ounces) coarsely chopped unsalted macadamia nuts</item></ing>
      <ing>
        <amt>
          <qty>6</qty>
          <unit>tablespoons</unit></amt>
        <item>(3/4 stick) unsalted butter; room temperature</item></ing>
      <ing>
        <amt>
          <qty>1 1/2</qty>
          <unit>cups</unit></amt>
        <item>Light brown sugar; firmly packed</item></ing>
      <ing>
        <amt>
          <qty>2</qty>
          <unit>large</unit></amt>
        <item>Eggs</item></ing>
      <ing>
        <amt>
          <qty>2</qty>
          <unit>cans</unit></amt>
        <item>(8 1/4-ounce) (2 cups) canned crushed pineapple; undrained</item></ing>
      <ing>
        <amt>
          <qty>1/4</qty>
          <unit>cups</unit></amt>
        <item>Granulated sugar</item></ing>
      <ing>
        <amt>
          <qty>1</qty>
          <unit>teaspoon</unit></amt>
        <item>Ground cinnamon</item></ing></ingredients>
    <directions>
      <step>  I really liked this. It was both delicious and different. I try to save the
  name of each contributor (especially when the recipes seem original or in
  some way unique) and am sharing those I've tried recently from names I
  don't see on the list anymore. I wouldn't post Mary Spero's because she's
  here and active (thank goodness!) and reposts many of her wonderful recipes
  (and all of Mary's are keepers and I save everything she posts).
  
  ~ -- Preheat oven to 350 degrees F.
  
  ~ -- Butter and flour two (8x4x2-inch) loaf pans.
  
  ~ -- Sift dry ingredients into medium-sized mixing bowl.
  
  ~ -- Using a fork, lightly stir in macadamia nuts.
  
  ~ -- In large mixing bowl, cream butter with brown sugar.
  
  ~ -- Add eggs; continue beating until mixture is smooth.
  
  ~ -- Stir in flour-nut mixture alternately with crushed pineapple
  (including juice), beginning and ending with dry ingredients.
  
  ~ -- Stir with wooden spoon only until lumps are gone ... Be careful not to
  overmix.
  
  ~ -- Pour batter into prepared pans. Set aside.
  
  ~ -- In small bowl, combine granulated sugar with cinnamon. Sprinkle evenly
  over loaves.
  
  ~ -- Place pans in oven and bake until toothpick inserted in center of loaf
  comes out clean (50 - 60 minutes).
  
  ~ -- Leave loaves in pan for 10 minutes, then invert onto wire rack to
  cool.
  
  Posted to TNT Recipes Digest by paraducks1@juno.com (Mary Hathaway) on Mar
  10, 1998
 
</step></directions></recipe></recipeml>
