<?xml version="1.0" encoding="UTF-8"?>

<recipeml version="0.5">
  <recipe>
    <head>
      <title>Virtually Fatfree Sausage-Biscuits-Gravy</title>
      <categories>
        <cat>Vegetable</cat></categories>
      <yield>4</yield></head>
    <ingredients>
      <ing-div>
        <title>FOR THE BISCUITS</title>
        <ing>
          <amt>
            <qty>2</qty>
            <unit>cups</unit></amt>
          <item>Whole wheat pastry flour</item></ing>
        <ing>
          <amt>
            <qty>2</qty>
            <unit>teaspoons</unit></amt>
          <item>Baking powder</item></ing>
        <ing>
          <amt>
            <qty>1</qty>
            <unit>tablespoon</unit></amt>
          <item>Sugar</item></ing>
        <ing>
          <amt>
            <qty>1/4</qty>
            <unit>cups</unit></amt>
          <item>Wonderslim</item></ing>
        <ing>
          <amt>
            <qty>1</qty>
            <unit>cup</unit></amt>
          <item>Low-fat buttermilk or 1 c skim milk and 2 t vinegar</item></ing>
        <ing>
          <amt>
            <qty>1/2</qty>
            <unit>teaspoons</unit></amt>
          <item>Baking soda</item></ing>
        <ing>
          <amt>
            <qty>1/2</qty>
            <unit>teaspoons</unit></amt>
          <item>Salt (optional)</item></ing>
        <ing>
          <amt>
            <qty/>
            <unit/></amt>
          <item>Non-stick cooking spray</item></ing></ing-div>
      <ing-div>
        <title>FOR THE SAUSAGE GRAVY</title>
        <ing>
          <amt>
            <qty>1</qty>
            <unit>cup</unit></amt>
          <item>Dry beef(not!) ground style (a soy-based TVP)</item></ing>
        <ing>
          <amt>
            <qty>2</qty>
            <unit>cups</unit></amt>
          <item>Vegetable broth</item></ing>
        <ing>
          <amt>
            <qty>1/2</qty>
            <unit>cups</unit></amt>
          <item>Water</item></ing>
        <ing>
          <amt>
            <qty>1/4</qty>
            <unit>cups</unit></amt>
          <item>Flour</item></ing>
        <ing>
          <amt>
            <qty>1/4</qty>
            <unit>cups</unit></amt>
          <item>Wonderslim</item></ing>
        <ing>
          <amt>
            <qty>1</qty>
            <unit>teaspoon</unit></amt>
          <item>Lawry's seasoning salt</item></ing>
        <ing>
          <amt>
            <qty>1</qty>
            <unit>teaspoon</unit></amt>
          <item>Liquid smoke</item></ing></ing-div></ingredients>
    <directions>
      <step>  Date: Mon, 11 Mar 1996 12:05:58 -0500 (EST)
  
  From: Bob &amp; Welmoed Sisson &lt;sissons@pop.erols.com&gt;
  I remember seeing a post a few days ago asking for a FF sausage biscuit and
  gravy recipe. Yesterday I got my latest order from the Dixie Diners' Club
  (800-347-3494); they carry a tremendous selection of FF vegetarian stuff
  and their prices are reasonable. They also toss in a booklet of recipes
  with each order, and lo and behold! This was in the latest issue. I haven't
  tried these as I'm not into sausage and biscuits. Enjoy!
  
  Biscuits: Preheat oven to 400F. Combine flour, baking powder, sugar, salt,
  baking soda and Wonderslim until o biscuit dough-like consistency (add a
  little more Wonderslim, if needed). Add buttermilk, mixing together to
  complete the dough. Drop by large heaping spoonfuls, 2 inches apart on
  cookie sheet lightly coated with non-stick cooking spray. Bake for 8-10
  minutes. Makes 18 biscuits. Per biscuit: 89 cal, &lt;1g fat, &lt;1g fiber
  
  For the sausage gravy: Using a blender, puree the flour with the
  Wonderslim. Add the broth and water to the blender and puree until smooth.
  Empty blender mixture into microwave safe bowl or stove top pan. Add the
  dry Beef(NOT!), seasoning salt and Liquid Smoke. Cook in microwave for 1
  minute, stir and continue microwaving for 2 minutes or until hot. If you
  don't have a microwave, stir on your stove top until hot. Serve over
  biscuits or toast. Makes 4 1-cup servings.
  
  Per serving: 69 calories, &lt;1 gram fat, 4.5 grams fiber
  
  FATFREE DIGEST V96 #70
  
  From the Fatfree Vegetarian recipe list.  Downloaded from Glen's MM Recipe
  Archive, http://www.erols.com/hosey.
 
</step></directions></recipe></recipeml>
