<?xml version="1.0" encoding="UTF-8"?>

<recipeml version="0.5">
  <recipe>
    <head>
      <title>Vitellina Fricta (Fried Veal)</title>
      <categories>
        <cat>Meat</cat></categories>
      <yield>4</yield></head>
    <ingredients>
      <ing>
        <amt>
          <qty>1</qty>
          <unit>kilogram</unit></amt>
        <item>Veal</item></ing>
      <ing>
        <amt>
          <qty>300</qty>
          <unit>grams</unit></amt>
        <item>Dried raisins (sultanas)</item></ing>
      <ing>
        <amt>
          <qty>1</qty>
          <unit>tablespoon</unit></amt>
        <item>Honey</item></ing>
      <ing>
        <amt>
          <qty>2</qty>
          <unit>tablespoons</unit></amt>
        <item>Vinegar</item></ing>
      <ing>
        <amt>
          <qty>200</qty>
          <unit>mililiters</unit></amt>
        <item>Wine</item></ing>
      <ing>
        <amt>
          <qty>100</qty>
          <unit>mililiters</unit></amt>
        <item>Oil</item></ing>
      <ing>
        <amt>
          <qty>100</qty>
          <unit>mililiters</unit></amt>
        <item>Defritum</item></ing>
      <ing>
        <amt>
          <qty>100</qty>
          <unit>mililiters</unit></amt>
        <item>Liquamen -or-</item></ing>
      <ing>
        <amt>
          <qty>1</qty>
          <unit>teaspoon</unit></amt>
        <item>Salt</item></ing>
      <ing>
        <amt>
          <qty/>
          <unit/></amt>
        <item>Pepper; celery seeds, liebstoeckl; cumin, oregano, dried onion to taste</item></ing></ingredients>
    <directions>
      <step>  From: hz225wu@unidui.uni-duisburg.de (Micaela Pantke) (COLLECTION)
  
  Date: Thu, 22 Jul 93 11:12:07 +0200
  
  See "Ancient Roman Ingredients" for info on ingredients. Fry veal in olive
  oil until well done. Mix raisins, wine, vinegar, honey, oil, Liquamen and
  spices together in an extra pan, shortly boil the sauce. Pour over the
  veal, then leave the meat for 10 minutes in the sauce and cook on low heat.
  Serve.
  
  REC.FOOD.RECIPES ARCHIVES
  
  /MISC
  
  From rec.food.cooking archives.  Downloaded from Glen's MM Recipe Archive,
  http://www.erols.com/hosey.
 
</step></directions></recipe></recipeml>
