<?xml version="1.0" encoding="UTF-8"?>

<recipeml version="0.5">
  <recipe>
    <head>
      <title>Vitello Alla Francese (Batter Fried)</title>
      <categories>
        <cat>Meats</cat>
        <cat>Italian</cat></categories>
      <yield>4</yield></head>
    <ingredients>
      <ing>
        <amt>
          <qty>8</qty>
          <unit/></amt>
        <item>Veal scallops</item></ing>
      <ing>
        <amt>
          <qty>1/4</qty>
          <unit>cups</unit></amt>
        <item>Flour</item></ing>
      <ing>
        <amt>
          <qty>1</qty>
          <unit/></amt>
        <item>Egg</item></ing>
      <ing>
        <amt>
          <qty>2</qty>
          <unit>tablespoons</unit></amt>
        <item>Milk</item></ing>
      <ing>
        <amt>
          <qty>6</qty>
          <unit>tablespoons</unit></amt>
        <item>Butter</item></ing>
      <ing>
        <amt>
          <qty/>
          <unit/></amt>
        <item>Salt &amp; pepper; to taste</item></ing>
      <ing>
        <amt>
          <qty/>
          <unit/></amt>
        <item>Lemon; juice only</item></ing>
      <ing>
        <amt>
          <qty>1</qty>
          <unit/></amt>
        <item>Lemon; in 8 thin slices</item></ing></ingredients>
    <directions>
      <step>  I       tb  parsley;chopped fine Pound the scaloppine lightly with a flat
  mallet. Sprinkle with salt and pepper and dredge on both sides in flour.
  Beat the egg well and add the milk, salt, and pepper, blend. Dip the veal
  in egg to coat on both sides Heat the butter in a very heavy skillet and
  add the veal Cook about 2 minutes on one side, or until golden Turn and
  cook on the second side until golden.
   Remove the veal and add the lemon juice to the skillet. Pou this over the
  veal.  Garnish with lemon slices and sprinkle with parsley. Serve with
  Spaghetti with Marinara Sauce. Barb GWHP32A
  
  From Gemini's MASSIVE MealMaster collection at www.synapse.com/~gemini
 
</step></directions></recipe></recipeml>
