<?xml version="1.0" encoding="UTF-8"?>

<recipeml version="0.5">
  <recipe>
    <head>
      <title>Vitello Tonnato</title>
      <categories>
        <cat>Italian</cat>
        <cat>Meats</cat>
        <cat>Fish</cat>
        <cat>Main dish</cat></categories>
      <yield>8</yield></head>
    <ingredients>
      <ing>
        <amt>
          <qty>2</qty>
          <unit>pounds</unit></amt>
        <item>Boneless lean veal,</item></ing>
      <ing>
        <amt>
          <qty/>
          <unit/></amt>
        <item>Preferably eye of round</item></ing>
      <ing>
        <amt>
          <qty>2</qty>
          <unit/></amt>
        <item>Carrots, coarsely chopped</item></ing>
      <ing>
        <amt>
          <qty>1</qty>
          <unit/></amt>
        <item>Stalk celery, coarsely</item></ing>
      <ing>
        <amt>
          <qty/>
          <unit/></amt>
        <item>Chopped</item></ing>
      <ing>
        <amt>
          <qty>1</qty>
          <unit/></amt>
        <item>Onion, coarsely chopped</item></ing>
      <ing>
        <amt>
          <qty>5</qty>
          <unit/></amt>
        <item>Sprigs Italian parsely,</item></ing>
      <ing>
        <amt>
          <qty/>
          <unit/></amt>
        <item>Coarsely chopped</item></ing>
      <ing>
        <amt>
          <qty>1</qty>
          <unit>can</unit></amt>
        <item>(3 1/2oz) oil-packed tuna,</item></ing>
      <ing>
        <amt>
          <qty/>
          <unit/></amt>
        <item>Well drained</item></ing>
      <ing>
        <amt>
          <qty>3</qty>
          <unit>tablespoons</unit></amt>
        <item>Capers, drained</item></ing>
      <ing>
        <amt>
          <qty>2</qty>
          <unit/></amt>
        <item>Small sweet pickles, drained</item></ing>
      <ing>
        <amt>
          <qty/>
          <unit/></amt>
        <item>And coarsely chopped</item></ing>
      <ing>
        <amt>
          <qty>3</qty>
          <unit/></amt>
        <item>Anchovy fillets, coarsely</item></ing>
      <ing>
        <amt>
          <qty/>
          <unit/></amt>
        <item>Chopped</item></ing>
      <ing>
        <amt>
          <qty>1/4</qty>
          <unit>cups</unit></amt>
        <item>Mayonnaise</item></ing>
      <ing>
        <amt>
          <qty>1/3</qty>
          <unit>cups</unit></amt>
        <item>Lemon juice</item></ing>
      <ing>
        <amt>
          <qty/>
          <unit/></amt>
        <item>Black pepper and salt to</item></ing>
      <ing>
        <amt>
          <qty/>
          <unit/></amt>
        <item>Taste</item></ing>
      <ing>
        <amt>
          <qty>1/4</qty>
          <unit>cups</unit></amt>
        <item>Each olive oil and corn oil</item></ing>
      <ing>
        <amt>
          <qty/>
          <unit/></amt>
        <item>Italian parsely</item></ing>
      <ing>
        <amt>
          <qty/>
          <unit/></amt>
        <item>Lemon slices</item></ing>
      <ing>
        <amt>
          <qty/>
          <unit/></amt>
        <item>Capers</item></ing></ingredients>
    <directions>
      <step>  Put veal, carrots, celery, onion and parsely in a large saucepan and cover
  veal with cold water. Bring to a boil, then reduce heat and simmer,
  covered, for 1 1/2 hours. Cool veal completely. Meanwhile, puree tuna,
  capers, pickles and anchovies together in a food processor or blender. Add
  mayonnaise, lemon juice and oils; mix until well blended. Add pepper,
  taste, and add salt if necessary. Slice veal into very thin slices. Arrange
  on a platter and spoon tuna sauce over. Veal should be completely smothered
  in sauce. Serve any leftover sauce on the side. Garnish with Italian
  parsely, lemon slices and capers.
  
  From Gemini's MASSIVE MealMaster collection at www.synapse.com/~gemini
 
</step></directions></recipe></recipeml>
