<?xml version="1.0" encoding="UTF-8"?>

<recipeml version="0.5">
  <recipe>
    <head>
      <title>Vitello Contadina</title>
      <categories>
        <cat>Roasts</cat>
        <cat>Italian</cat>
        <cat>Masterchefs</cat>
        <cat>New york</cat>
        <cat>Cd</cat></categories>
      <yield>6</yield></head>
    <ingredients>
      <ing>
        <amt>
          <qty>3 1/2</qty>
          <unit>pounds</unit></amt>
        <item>Veal, top round, trimmed ( in one piece )</item></ing>
      <ing>
        <amt>
          <qty>2</qty>
          <unit>small</unit></amt>
        <item>Rosemary, sprigs OR</item></ing>
      <ing>
        <amt>
          <qty>3/4</qty>
          <unit>teaspoons</unit></amt>
        <item>Rosemary, dried</item></ing>
      <ing>
        <amt>
          <qty>8</qty>
          <unit>ounces</unit></amt>
        <item>Pancetta (Italian bacon) (unsmoked) OR</item></ing>
      <ing>
        <amt>
          <qty>8</qty>
          <unit>ounces</unit></amt>
        <item>Bacon</item></ing>
      <ing>
        <amt>
          <qty>2</qty>
          <unit>tablespoons</unit></amt>
        <item>Parsley, chopped</item></ing>
      <ing>
        <amt>
          <qty>2</qty>
          <unit/></amt>
        <item>Bay leaves</item></ing>
      <ing>
        <amt>
          <qty/>
          <unit/></amt>
        <item>Nutmeg, grated</item></ing>
      <ing>
        <amt>
          <qty/>
          <unit/></amt>
        <item>Pepper, coarsely ground</item></ing>
      <ing>
        <amt>
          <qty>1</qty>
          <unit>ounce</unit></amt>
        <item>Mushrooms, Porcini, dried soaked in hot water for 30 minutes, reserve the soaking liquid</item></ing>
      <ing>
        <amt>
          <qty>6</qty>
          <unit>tablespoons</unit></amt>
        <item>Butter, unsalted</item></ing>
      <ing>
        <amt>
          <qty>3</qty>
          <unit>medium</unit></amt>
        <item>Garlic, cloves, peeled</item></ing>
      <ing>
        <amt>
          <qty/>
          <unit/></amt>
        <item>Salt</item></ing>
      <ing>
        <amt>
          <qty>1/2</qty>
          <unit>cups</unit></amt>
        <item>Wine, white, dry</item></ing>
      <ing>
        <amt>
          <qty>1/2</qty>
          <unit>cups</unit></amt>
        <item>Vermouth</item></ing>
      <ing>
        <amt>
          <qty>1/3</qty>
          <unit>cups</unit></amt>
        <item>Almonds, coarsely ground</item></ing></ingredients>
    <directions>
      <step>       Make a deep incision down the center of the veal, being careful
  not to cut all the way through; gently open it out flat as you would a
  book.  Trim off and reserve any irregular pieces of meat along the
  edges, leaving a neat, compact shape.
  
       Place rosemary along the center of the meat.  Top the meat with
  half of the pancetta, overlapping the slices.  Sprinkle with parsley
  and top with remaining pancetta, bay leaves, nutmeg and pepper.
  
       Drain the porcini mushrooms, reserving and straining the liquid.
  Rinse the porcini in cool water, drain again, chop coarsely and place
  on the top of the meat.
  
       Top with any reserved meat trimmings.  Close up meat compactly
  and tie with kitchen twine, going once around lengthwise and several
  times around crosswise.  Pat dry.
  
       Melt the butter in a deep casserole over medium heat.  Add garlic
  and cook until golden, about 6 minutes, then discard the garlic.  Add
  the stuffed roast, season with salt, and cook until lightly golden on
  all sides, 15 to 20 minutes.
  
       Add wine and vermouth, basting the meat.  Cover the casserole,
  lower heat to medium low and cook, turning and basting occasionally,
  for 15 minutes.
  
       Stir in the almonds and 1/2 cup of reserved mushroom-soaking
  liquid.  Cook, turning and basting occasionally, until tender, about
  15 to 20 minutes longer.
  
       Transfer the meat to carving board and let it stand for 10
  minutes or longer.
  
       Boil the sauce until lightly reduced.  Cut the roast into
  1/2-inch-thick slices; if necessary, reheat the slices in the
  casserole.  Spoon sauce over and serve.
  
       Source:  New York's Master Chefs, Bon Appetit Magazine
       :  Written by Richard Sax, Photographs by Nancy McFarland
       :  The Knapp Press, Los Angeles, 1985
  
       Chef:   Alfredo Viazzi, Cafe Domel Restaurant, New York
  
  File ftp://ftp.idiscover.co.uk/pub/food/mealmaster/recipes/mm-gc-ny.zip
 
</step></directions></recipe></recipeml>
