<?xml version="1.0" encoding="UTF-8"?>

<recipeml version="0.5">
  <recipe>
    <head>
      <title>Vitello Tonnato (Mf)</title>
      <categories>
        <cat>Veal-md</cat>
        <cat>Casserole-m</cat>
        <cat>Oven-md</cat></categories>
      <yield>8</yield></head>
    <ingredients>
      <ing>
        <amt>
          <qty>2 1/2</qty>
          <unit>pounds</unit></amt>
        <item>Piece of boneless veal top round, tied</item></ing>
      <ing>
        <amt>
          <qty>1/2</qty>
          <unit>cups</unit></amt>
        <item>Dry white wine</item></ing>
      <ing>
        <amt>
          <qty>1</qty>
          <unit/></amt>
        <item>Onion, finely chopped</item></ing>
      <ing>
        <amt>
          <qty>1</qty>
          <unit/></amt>
        <item>Carrot, finely chopped</item></ing>
      <ing>
        <amt>
          <qty>1</qty>
          <unit/></amt>
        <item>Stalk celery, finely chopped bouquet garni---</item></ing>
      <ing>
        <amt>
          <qty>1</qty>
          <unit/></amt>
        <item>Peeled clove garlic</item></ing>
      <ing>
        <amt>
          <qty>4</qty>
          <unit/></amt>
        <item>Sprigs parsley</item></ing>
      <ing>
        <amt>
          <qty>1</qty>
          <unit/></amt>
        <item>Bay leaf</item></ing>
      <ing>
        <amt>
          <qty>1</qty>
          <unit>teaspoon</unit></amt>
        <item>Dried rosemary or thyme, tied in cheesecloth</item></ing>
      <ing>
        <amt>
          <qty>6 1/2</qty>
          <unit>ounces</unit></amt>
        <item>Tuna fish, (up to 7) packed in oil</item></ing>
      <ing>
        <amt>
          <qty>2</qty>
          <unit>ounces</unit></amt>
        <item>Flat anchovy fillets, packed in olive oil</item></ing>
      <ing>
        <amt>
          <qty>3</qty>
          <unit>tablespoons</unit></amt>
        <item>Nonpareil capers, (up to 4)</item></ing>
      <ing>
        <amt>
          <qty>1/2</qty>
          <unit>cups</unit></amt>
        <item>Vegetable oil</item></ing>
      <ing>
        <amt>
          <qty>1/2</qty>
          <unit>cups</unit></amt>
        <item>Extra virgin olive oil</item></ing>
      <ing>
        <amt>
          <qty>1</qty>
          <unit>teaspoon</unit></amt>
        <item>Grated lemon zest</item></ing>
      <ing>
        <amt>
          <qty>3</qty>
          <unit>tablespoons</unit></amt>
        <item>Fresh lemon juice, (up to 4)</item></ing>
      <ing>
        <amt>
          <qty>1</qty>
          <unit>cup</unit></amt>
        <item>Mayonnaise</item></ing>
      <ing>
        <amt>
          <qty/>
          <unit/></amt>
        <item>Salt and freshly ground black pepper</item></ing></ingredients>
    <directions>
      <step>  Place the veal in a casserole large enough to accomodate it. Add the wine
  and enough water to cover the veal by 1/2 an inch. Remove veal and set
  aside. Add vegetables and bouquet garni to the water and bring the liquid
  to a boil. Return the meat to the simmering water, cover and cook gently
  for about 1 1/2 hours or until the veal is cooked through.
  
  Remove the veal from the heat and let it cool in its own liquid, remove it
  from the liquid and the veal is ready. (Boil the remaining liquid down by
  half and use as you would broth.) Remove strings and thinly slice.
  
  In a food processor puree until creamy the tuna fish, anchovies, capers,
  vegetable and olive oils. Add lemon zest and 3 tablespoons of the lemon
  juice (add more if you wish). Transfer the mixture to a mixing bowl and
  fold in the mayonnaise and season very well with salt and pepper.
  
  Spread bottom of a shallow nonmetal dish with a layer of tuna sauce.
  Arrange some veal slices, in a single layer, end to end, over the tuna
  sauce. Cover first layer of veal again with tuna sauce. Build up a second
  layer of veal and cover with sauce again. End with a generous layer of
  sauce, (making sure veal is entirely covered so that it does not dry out).
  Cover with plastic and refrigerate for 24 hours.
  
  Serve chilled with steamed haricot verts (French green beans) or asparagus
  along with wedges of ripe tomato, halved pitted black olives, snipped
  chives and chopped parsley.
  
  Yield: 8 servings
  
  Copyright, 1997, TV FOOD NETWORK, G.P., All Rights Reserved
  
  MC Busted by Gail Shermeyer &lt;4paws@netrax.net&gt; by TVFN Website on May 11,
  1997
  
  Recipe by: COOKING MONDAY TO FRIDAY SHOW #MF6684 Posted to MC-Recipe Digest
  V1 #606 by 4paws@netrax.net (Shermeyer-Gail) on May 12, 1997
 
</step></directions></recipe></recipeml>
