<?xml version="1.0" encoding="UTF-8"?>

<recipeml version="0.5">
  <recipe>
    <head>
      <title>Vitello Tonnato on Pasta</title>
      <categories>
        <cat>Meats</cat>
        <cat>Italian</cat>
        <cat>Pasta</cat></categories>
      <yield>6</yield></head>
    <ingredients>
      <ing>
        <amt>
          <qty>1</qty>
          <unit/></amt>
        <item>Onion; chopped</item></ing>
      <ing>
        <amt>
          <qty>1</qty>
          <unit>tablespoon</unit></amt>
        <item>Minced garlic</item></ing>
      <ing>
        <amt>
          <qty>10</qty>
          <unit>tablespoons</unit></amt>
        <item>Olive oil</item></ing>
      <ing>
        <amt>
          <qty>2</qty>
          <unit>pounds</unit></amt>
        <item>Veal loin or leg roast</item></ing>
      <ing>
        <amt>
          <qty>6 3/4</qty>
          <unit>ounces</unit></amt>
        <item>Canned tuna, drained</item></ing>
      <ing>
        <amt>
          <qty>24</qty>
          <unit/></amt>
        <item>Anchovy fillets</item></ing>
      <ing>
        <amt>
          <qty>1</qty>
          <unit>cup</unit></amt>
        <item>Dry white wine</item></ing>
      <ing>
        <amt>
          <qty>1</qty>
          <unit>cup</unit></amt>
        <item>Water or chicken broth</item></ing>
      <ing>
        <amt>
          <qty>1</qty>
          <unit>teaspoon</unit></amt>
        <item>Thyme leaves</item></ing>
      <ing>
        <amt>
          <qty>2</qty>
          <unit/></amt>
        <item>Bay leaves</item></ing>
      <ing>
        <amt>
          <qty>1</qty>
          <unit>teaspoon</unit></amt>
        <item>Ground white pepper</item></ing>
      <ing>
        <amt>
          <qty>1/2</qty>
          <unit>pounds</unit></amt>
        <item>Dry pasta; such as: penne or small shells</item></ing>
      <ing>
        <amt>
          <qty>2</qty>
          <unit/></amt>
        <item>Egg yolks</item></ing>
      <ing>
        <amt>
          <qty/>
          <unit/></amt>
        <item>Salt to taste</item></ing>
      <ing>
        <amt>
          <qty>1/4</qty>
          <unit>cups</unit></amt>
        <item>Capers</item></ing>
      <ing>
        <amt>
          <qty>2</qty>
          <unit>tablespoons</unit></amt>
        <item>Finely chopped parsley</item></ing></ingredients>
    <directions>
      <step>  COMBINE ONION, GARLIC and 1 tablespoon oil in a 2-quart pot. Place over
  medium heat and cook, stirring, 5 minutes. Add veal, tuna, 6 anchovies,
  wine, broth, thyme, bay leaves and pepper. Cover, reduce heat to low and
  cook for 45 to 50 minutes or until a meat thermometer measures 135F. Remove
  the pot from the heat and let cool to room temperature. Meanwhile, cook 1/2
  pound dry pasta according to directions. Drain, toss with 1 tablespoon oil
  and cool. Remove the veal from the cooking liquid and boil liquid 5
  minutes, or until reduced by 1/2. Transfer contents of the pot to a bowl
  and let cool. Remove bay leaves, transfer the contents to a food processor,
  add yolks and blend until smooth. Continue to blend, adding the remaining
  1/2 cup oil in a slow steady stream. When it's time to serve dinner, toss
  the pasta with the capers, parsley and half of the sauce and arrange on a
  large platter. Slice the veal very thinly and arrange slices on the pasta.
  Spoon remaining sauce in a ribbon over the veal and decorate with
  criss-crosses of anchovies.
  
  From Gemini's MASSIVE MealMaster collection at www.synapse.com/~gemini
 
</step></directions></recipe></recipeml>
