<?xml version="1.0" encoding="UTF-8"?>

<recipeml version="0.5">
  <recipe>
    <head>
      <title>Viv's Large Delicious White Cake</title>
      <categories>
        <cat>Cakes</cat>
        <cat>Desserts</cat></categories>
      <yield>1</yield></head>
    <ingredients>
      <ing>
        <amt>
          <qty>2</qty>
          <unit>cups</unit></amt>
        <item>Sugar</item></ing>
      <ing>
        <amt>
          <qty>1</qty>
          <unit>cup</unit></amt>
        <item>Shortening</item></ing>
      <ing>
        <amt>
          <qty>1</qty>
          <unit>cup</unit></amt>
        <item>Sweet milk</item></ing>
      <ing>
        <amt>
          <qty>3</qty>
          <unit>cups</unit></amt>
        <item>Flour</item></ing>
      <ing>
        <amt>
          <qty>3</qty>
          <unit/></amt>
        <item>Eggs, separated</item></ing>
      <ing>
        <amt>
          <qty>1</qty>
          <unit>teaspoon</unit></amt>
        <item>Cream of tartar</item></ing>
      <ing>
        <amt>
          <qty>1/2</qty>
          <unit>teaspoons</unit></amt>
        <item>Soda</item></ing>
      <ing>
        <amt>
          <qty>1</qty>
          <unit>teaspoon</unit></amt>
        <item>Extract</item></ing></ingredients>
    <directions>
      <step>  Cream butter and sugar, add beaten egg yolks.  Sift flour with cream of
  tartar and mix soda in with milk. Add these alternately to creamed butter
  mixture.  Beat egg whites until stiff. Fold gently into batter. Pour into 2
  large well greased layer pans (9 inch).  Bake at 350 for 30-35 minutes. **
  Or you could make 1 loaf pan baking time approx 1 hr. ** Or you could make
  9 by 13 pan baking time approx 37-42 min. ** Or you could make 2 - 8 inch
  pans and bake for 35-40 minutes. ** Or you could make 32 cupcakes and bake
  for 17-20 minutes.
 
</step></directions></recipe></recipeml>
