<?xml version="1.0" encoding="UTF-8"?>

<recipeml version="0.5">
  <recipe>
    <head>
      <title>Vla</title>
      <categories>
        <cat>Dessert</cat></categories>
      <yield>4</yield></head>
    <ingredients>
      <ing>
        <amt>
          <qty>3/4</qty>
          <unit>liters</unit></amt>
        <item>Milk</item></ing>
      <ing>
        <amt>
          <qty>1</qty>
          <unit>teaspoon</unit></amt>
        <item>Vanilla</item></ing>
      <ing>
        <amt>
          <qty>35</qty>
          <unit>grams</unit></amt>
        <item>Custard powder</item></ing></ingredients>
    <directions>
      <step>  From: aj471@freenet.carleton.ca
  
  Date: 22 Mar 1994 17:18:16 -0500
  A thin custard served with berries
  
  Mix 1/4 cup of the milk with vanilla and heat slowly.  Add rest of milk and
  custard powder according to package directions. Serve warm or cold in a
  soup plate with tart-flavoured berries. You can also swirl in thinned
  chocolate pudding for a nice effect.
  
  REC.FOOD.RECIPES ARCHIVES
  
  /MISC
  
  From rec.food.cooking archives.  Downloaded from Glen's MM Recipe Archive,
  http://www.erols.com/hosey.
 
</step></directions></recipe></recipeml>
