<?xml version="1.0" encoding="UTF-8"?>

<recipeml version="0.5">
  <recipe>
    <head>
      <title>Vlf Lasagna</title>
      <categories>
        <cat>None</cat></categories>
      <yield>1</yield></head>
    <ingredients>
      <ing>
        <amt>
          <qty>12</qty>
          <unit/></amt>
        <item>Oven-ready lasagna noodles</item></ing>
      <ing>
        <amt>
          <qty>1</qty>
          <unit/></amt>
        <item>Jar (32-oz.) of your favorite FF spaghetti sauce</item></ing>
      <ing>
        <amt>
          <qty>1</qty>
          <unit>package</unit></amt>
        <item>(10-oz.) of LF silken tofu</item></ing>
      <ing>
        <amt>
          <qty>1</qty>
          <unit>tablespoon</unit></amt>
        <item>Nutritional yeast</item></ing>
      <ing>
        <amt>
          <qty>1</qty>
          <unit/></amt>
        <item>Zucchini, chopped</item></ing>
      <ing>
        <amt>
          <qty>1/4</qty>
          <unit>cups</unit></amt>
        <item>TVP granules</item></ing>
      <ing>
        <amt>
          <qty>2</qty>
          <unit>teaspoons</unit></amt>
        <item>Oregano</item></ing>
      <ing>
        <amt>
          <qty>1</qty>
          <unit>teaspoon</unit></amt>
        <item>Garam-masala*</item></ing>
      <ing>
        <amt>
          <qty/>
          <unit/></amt>
        <item>A few black olives, sliced</item></ing>
      <ing>
        <amt>
          <qty>2</qty>
          <unit>tablespoons</unit></amt>
        <item>FF grated parmesan cheese ("spaghetti cheese")</item></ing></ingredients>
    <directions>
      <step>  *garam-masala: Mine consists of black pepper, coriander, cumin, clove,
  cardamom, and cinnamon. I grind in a coffee grinder (reserved for spices,
  of course) and keep it on hand. Not an essential ingredient, but my family
  likes it (it's been my "secret" ingredient in spaghetti sauce for as long
  as I've been married--31 years!).
  
  Posted to fatfree digest V96 #239
  
  From: "Ruth C. Hoffman" &lt;ruthhoff@ix.netcom.com&gt;
  
  Date: Thu, 29 Aug 1996 16:50:25 -0700
 
</step></directions></recipe></recipeml>
