<?xml version="1.0" encoding="UTF-8"?>

<recipeml version="0.5">
  <recipe>
    <head>
      <title>Vlf Basic Birchermuesli</title>
      <categories>
        <cat>None</cat></categories>
      <yield>1</yield></head>
    <ingredients>
      <ing>
        <amt>
          <qty>3/4</qty>
          <unit>cups</unit></amt>
        <item>Wheat germ</item></ing>
      <ing>
        <amt>
          <qty>3</qty>
          <unit>cups</unit></amt>
        <item>Quick cooking rolled oats</item></ing>
      <ing>
        <amt>
          <qty>1</qty>
          <unit>cup</unit></amt>
        <item>Dried organic currants or raisins</item></ing>
      <ing>
        <amt>
          <qty>2/3</qty>
          <unit>cups</unit></amt>
        <item>Finely chopped dried organic unsulphered apricots</item></ing>
      <ing>
        <amt>
          <qty>3/4</qty>
          <unit>cups</unit></amt>
        <item>Or less date, or brown, sugar</item></ing></ingredients>
    <directions>
      <step>  Mix thoroughly; stores well up to a month. Variations: substitute wheat,
  rice, barley, rye, soy, or millet flakes for oats. Or, replace fruit with
  dehydrated dates, apples, peaches, or cherries.
  
  Apple muesli is my favorite variation; for one serving:
  
  Soak 1 T rolled oats in 3 T water for 12 hrs (quick cooking oats, soaked
  1/2 hr, can be substituted). In separate bowl, combine 1 T lemon juice with
  3 T of the best organic yogurt available and sweeten with 1 T honey. Stir
  until mix is smooth and add pre-soaked oats. Next grate 1 unpeeled apple
  into bowl. Finally, sprinkle basic mix on top. Posted to fatfree digest V97
  #052 by nance@utk.edu on Apr 9, 1997
 
</step></directions></recipe></recipeml>
