<?xml version="1.0" encoding="UTF-8"?>

<recipeml version="0.5">
  <recipe>
    <head>
      <title>Vlf: Super Bowl Brownies</title>
      <categories>
        <cat>None</cat></categories>
      <yield>1</yield></head>
    <ingredients>
      <ing>
        <amt>
          <qty>1</qty>
          <unit>cup</unit></amt>
        <item>Flour</item></ing>
      <ing>
        <amt>
          <qty>1</qty>
          <unit>cup</unit></amt>
        <item>Cocoa</item></ing>
      <ing>
        <amt>
          <qty>1</qty>
          <unit>pinch</unit></amt>
        <item>Salt</item></ing>
      <ing>
        <amt>
          <qty>1</qty>
          <unit>teaspoon</unit></amt>
        <item>Baking powder</item></ing>
      <ing>
        <amt>
          <qty>1/2</qty>
          <unit>cups</unit></amt>
        <item>Packed brown sugar</item></ing>
      <ing>
        <amt>
          <qty>1 1/2</qty>
          <unit>teaspoons</unit></amt>
        <item>Vanilla</item></ing>
      <ing>
        <amt>
          <qty>1/2</qty>
          <unit>teaspoons</unit></amt>
        <item>Almond extract</item></ing>
      <ing>
        <amt>
          <qty>4</qty>
          <unit/></amt>
        <item>Egg whites at room temp</item></ing>
      <ing>
        <amt>
          <qty>1</qty>
          <unit>cup</unit></amt>
        <item>Honey</item></ing></ingredients>
    <directions>
      <step>  These are extremely low in fat, and the taste is more slightly bitter dark
  chocolate than the milk-chocolate sweet of most brownies, however if you
  love chocolate, they're a great treat!
  
  In a large bowl sift flour, cocoa, salt, baking powder and packed brown
  sugar. In small bowl beat until creamy vanilla, almond extract, egg whites
  and honey.
  
  Combine and mix well.  Pour into a 13 x 9 baking pan sprayed with non-stick
  spray.  Bake at 375 (350 glass) 15-20 minutes. Poke with a toothpick and if
  it comes out with fudgy crumbs, it's done.
  
  Do not overbake!  Cool completely before cutting into pieces. You can add
  chopped nuts, however it will raise the fat content substantially.
  
  From Gemini's MASSIVE MealMaster collection at www.synapse.com/~gemini
 
</step></directions></recipe></recipeml>
