<?xml version="1.0" encoding="UTF-8"?>

<recipeml version="0.5">
  <recipe>
    <head>
      <title>Vlf Chex Mix</title>
      <categories>
        <cat>None</cat></categories>
      <yield>1</yield></head>
    <ingredients>
      <ing>
        <amt>
          <qty>5</qty>
          <unit>cups</unit></amt>
        <item>Wheat chex</item></ing>
      <ing>
        <amt>
          <qty>5</qty>
          <unit>cups</unit></amt>
        <item>Rice chex</item></ing>
      <ing>
        <amt>
          <qty>5</qty>
          <unit>cups</unit></amt>
        <item>Cheerios</item></ing>
      <ing>
        <amt>
          <qty>2</qty>
          <unit>cups</unit></amt>
        <item>Fat free pretzels; (up to 3)</item></ing>
      <ing>
        <amt>
          <qty>1/2</qty>
          <unit>cups</unit></amt>
        <item>Fat free margarine melted with</item></ing>
      <ing>
        <amt>
          <qty>1/2</qty>
          <unit>cups</unit></amt>
        <item>Fat free Italian salad dressing</item></ing>
      <ing>
        <amt>
          <qty>2</qty>
          <unit>tablespoons</unit></amt>
        <item>Tiger Sauce or Hot Sauce; (Gives wonderful zip) Can eliminate (up to 4)</item></ing>
      <ing>
        <amt>
          <qty>2</qty>
          <unit>tablespoons</unit></amt>
        <item>Soy sauce or to taste; (up to 4)</item></ing>
      <ing>
        <amt>
          <qty/>
          <unit/></amt>
        <item>Garlic powder to taste</item></ing></ingredients>
    <directions>
      <step>  Mix together the dry ingredients in large bowl. Melt together margarine,
  dressing on low heat (may look weird since it won't melt like normal fat
  containing margarine, but let it go a few minutes than use a whisk to mix
  it and it's fine). Add Tiger sauce, soy, and garlic powder. Stir and turn
  off heat allowing to cool for a few minutes.
  
  In the meantime, heat up your oven to 250 degrees and spray two cookie
  sheets lightly with a garlic or butter flavored spray (Spray is optional)
  
  Drizzle slowly (a little bit at a time) the liquid mixture over the dry
  mixture. Stir, drizzle some more, etc. I really take my time mixing so that
  I don't make anything soggy, and everything gets well coated.
  
  Spread in a single layer on baking sheets and bake 75 minutes. Every 20
  minutes I open the oven, stir the mix a little and close it back up.
  Sometimes I reverse which oven racks the pans are on.
  
  When done, shut off the oven and open the door slightly. I leave the pans
  in the oven to cool and continue drying. Store in an airtight container.
  
  The cheerios remind me of peanuts--hard and crunchy (They shrink).
  
  Found in the archives of Fatfree.com
  
  Posted to brand-name-recipes by Abtaxel &lt;Abtaxel@aol.com&gt; on Apr 12, 1998
 
</step></directions></recipe></recipeml>
