<?xml version="1.0" encoding="UTF-8"?>

<recipeml version="0.5">
  <recipe>
    <head>
      <title>Vlf Pasta Salad</title>
      <categories>
        <cat>Salad</cat></categories>
      <yield>4</yield></head>
    <ingredients>
      <ing>
        <amt>
          <qty>1</qty>
          <unit/></amt>
        <item>Bag frozen Fiesta Blend mixed veggies (broccoli; carrots, white beans; Kidney beans, Garbanzo beans; Italian cut green beans; &amp; red pepper)</item></ing>
      <ing>
        <amt>
          <qty>1</qty>
          <unit>cup</unit></amt>
        <item>Frozen peas</item></ing>
      <ing>
        <amt>
          <qty>1/2</qty>
          <unit>cups</unit></amt>
        <item>Chopped onion (Vidalia or other sweet onion is best)</item></ing>
      <ing>
        <amt>
          <qty>1</qty>
          <unit/></amt>
        <item>Bottle Old Dutch sweet &amp; sour salad dressing</item></ing>
      <ing>
        <amt>
          <qty>1</qty>
          <unit/></amt>
        <item>Bag pasta (Radiatore works best)</item></ing>
      <ing>
        <amt>
          <qty/>
          <unit/></amt>
        <item>Kraft FF Honey Dijon salad dressing</item></ing>
      <ing>
        <amt>
          <qty/>
          <unit/></amt>
        <item>FF Miracle Whip</item></ing></ingredients>
    <directions>
      <step>  Date: Thu, 13 Jun 1996 12:37:54 -0400
  
  From: CZerby@aol.com
  
  Marinate first 3 ingredients in Sweet &amp; Sour Dressing; stirring frequently
  until veggies are defrosted.  Cook pasta according to package; rinse with
  cold water. Add pasta to veggie/marinade mixture &amp; blend well. If you have
  time, let this marinate for a while longer. Add FF Honey Dijon dressing to
  taste; adding small amount of FF Miracle Whip for zip. (Really needs this)
  Mix well &amp; refrigerate until serving time. Stir once in a while to blend
  flavors.
  
  FATFREE DIGEST V96 #164
  
  From the Fatfree Vegetarian recipe list.  Downloaded from Glen's MM Recipe
  Archive, http://www.erols.com/hosey.
 
</step></directions></recipe></recipeml>
