<?xml version="1.0" encoding="UTF-8"?>

<recipeml version="0.5">
  <recipe>
    <head>
      <title>Vodka-Spiked Gazpacho</title>
      <categories>
        <cat>None</cat></categories>
      <yield>1</yield></head>
    <ingredients>
      <ing>
        <amt>
          <qty>2</qty>
          <unit>pounds</unit></amt>
        <item>Ripe tomatoes; cored and chopped</item></ing>
      <ing>
        <amt>
          <qty>2</qty>
          <unit/></amt>
        <item>Ths red-wine vinegar</item></ing>
      <ing>
        <amt>
          <qty>1</qty>
          <unit>small</unit></amt>
        <item>Red onion; chopped</item></ing>
      <ing>
        <amt>
          <qty>2</qty>
          <unit/></amt>
        <item>Scallions; chopped</item></ing>
      <ing>
        <amt>
          <qty>1</qty>
          <unit/></amt>
        <item>Hot or mild green chill; chopped</item></ing>
      <ing>
        <amt>
          <qty>2</qty>
          <unit/></amt>
        <item>Garlic cloves; finely minced</item></ing>
      <ing>
        <amt>
          <qty>1</qty>
          <unit>small</unit></amt>
        <item>Cucumber; chopped</item></ing>
      <ing>
        <amt>
          <qty>1/4</qty>
          <unit>cups</unit></amt>
        <item>Chopped coriander leaves</item></ing>
      <ing>
        <amt>
          <qty>2</qty>
          <unit>tablespoons</unit></amt>
        <item>Chopped fresh basil leaves</item></ing>
      <ing>
        <amt>
          <qty>1</qty>
          <unit/></amt>
        <item>Lime; juice of</item></ing>
      <ing>
        <amt>
          <qty>1/4</qty>
          <unit>cups</unit></amt>
        <item>Olive oil</item></ing>
      <ing>
        <amt>
          <qty>1/4</qty>
          <unit>cups</unit></amt>
        <item>Vodka*</item></ing>
      <ing>
        <amt>
          <qty/>
          <unit/></amt>
        <item>Salt; freshly ground pepper, to taste</item></ing>
      <ing>
        <amt>
          <qty>1</qty>
          <unit/></amt>
        <item>Ripe avocado; sliced</item></ing>
      <ing>
        <amt>
          <qty/>
          <unit/></amt>
        <item>Sour cream; optional</item></ing>
      <ing>
        <amt>
          <qty/>
          <unit/></amt>
        <item>Croutons; optional</item></ing></ingredients>
    <directions>
      <step>  In a large serving bowl, combine all ir gredients except avocado, sour
  crear and croutons. Adjust seasonings to taste. Serve with an avocado
  slice, a dollop sour cream and a few croutons, if desire( Makes 6 servings.
  *TRY: Finlandia, Seagram's Importe Vodka, Smirnoff, Stolichnaya, Absolute
  
  Scanned and formatted by Miriam Podcameni Posvolsky
  
  NOTES : Cool, refreshing and slightly spicy.
  
  Recipe by: Mademoiselle, April 1985
  
  Posted to KitMailbox Digest  by wsmann@juno.com (William S Mann) on Jan 1,
  1998
 
</step></directions></recipe></recipeml>
