<?xml version="1.0" encoding="UTF-8"?>

<recipeml version="0.5">
  <recipe>
    <head>
      <title>Vodka Collins</title>
      <categories>
        <cat>Mixed drink</cat>
        <cat>Vodka</cat></categories>
      <yield>1</yield></head>
    <ingredients>
      <ing>
        <amt>
          <qty>1 1/2</qty>
          <unit>ounces</unit></amt>
        <item>Vodka</item></ing>
      <ing>
        <amt>
          <qty>2</qty>
          <unit>tablespoons</unit></amt>
        <item>Fresh lemon juice</item></ing>
      <ing>
        <amt>
          <qty>1</qty>
          <unit>teaspoon</unit></amt>
        <item>Powdered sugar</item></ing>
      <ing>
        <amt>
          <qty>6</qty>
          <unit>ounces</unit></amt>
        <item>Club soda -- or to fill</item></ing>
      <ing>
        <amt>
          <qty/>
          <unit/></amt>
        <item>Cracked ice</item></ing>
      <ing>
        <amt>
          <qty/>
          <unit/></amt>
        <item>Ice cubes</item></ing>
      <ing>
        <amt>
          <qty>1</qty>
          <unit/></amt>
        <item>Orange slice</item></ing>
      <ing>
        <amt>
          <qty>1</qty>
          <unit/></amt>
        <item>Maraschino cherry</item></ing></ingredients>
    <directions>
      <step>  Fill a mixing glass with ice. Add vodka, lemon juice, and powdered sugar
  and shake well. Strain into a Collins glass filled with ice cubes. Fill
  with club soda and stir. Garnish with a slice of orange and a cherry. Serve
  with a straw.
  
  Recipe By     : Joe Robertson
  
  From:                                 Date:
  
  From Gemini's MASSIVE MealMaster collection at www.synapse.com/~gemini
 
</step></directions></recipe></recipeml>
