<?xml version="1.0" encoding="UTF-8"?>

<recipeml version="0.5">
  <recipe>
    <head>
      <title>Baked Butternut Squash and Parsnips</title>
      <categories>
        <cat>New text im</cat>
        <cat>Cooking rig</cat></categories>
      <yield>6</yield></head>
    <ingredients>
      <ing>
        <amt>
          <qty>2</qty>
          <unit>tablespoons</unit></amt>
        <item>Unsalted butter</item></ing>
      <ing>
        <amt>
          <qty>2</qty>
          <unit>medium</unit></amt>
        <item>White or yellow onions; thinly sliced</item></ing>
      <ing>
        <amt>
          <qty>1</qty>
          <unit>tablespoon</unit></amt>
        <item>Olive oil</item></ing>
      <ing>
        <amt>
          <qty>2</qty>
          <unit>medium</unit></amt>
        <item>Butternut squash (about 3 pounds)</item></ing>
      <ing>
        <amt>
          <qty>1 1/2</qty>
          <unit>pounds</unit></amt>
        <item>Parsnips</item></ing>
      <ing>
        <amt>
          <qty>2</qty>
          <unit>small</unit></amt>
        <item>Oranges, peeled, seeded and coarsely chopp</item></ing>
      <ing>
        <amt>
          <qty>2</qty>
          <unit>tablespoons</unit></amt>
        <item>Honey</item></ing>
      <ing>
        <amt>
          <qty>2/3</qty>
          <unit>cups</unit></amt>
        <item>Fruity white wine</item></ing>
      <ing>
        <amt>
          <qty>1/3</qty>
          <unit>cups</unit></amt>
        <item>Defatted chicken or vegetable stock</item></ing>
      <ing>
        <amt>
          <qty>1/2</qty>
          <unit>teaspoons</unit></amt>
        <item>Nutmeg</item></ing>
      <ing>
        <amt>
          <qty/>
          <unit/></amt>
        <item>Salt and freshly ground black pepper, to t</item></ing>
      <ing>
        <amt>
          <qty>3/4</qty>
          <unit>cups</unit></amt>
        <item>Freshly grated good quality Parmesan chees</item></ing></ingredients>
    <directions>
      <step>  Generously butter a 9 by 12 inch baking dish. Set aside.
  
  Saute the onions in oil over moderate heat until just beginning to soften
  and are lightly colored. Set aside.
  
  With a sharp knife, cut squash in half and remove and discard seeds.
  Carefully peel squash and cut into 1/2 inch cubes. Peel parsnips and cut
  into 1/4 inch rounds. In a large saucepan filled with lightly salted
  boiling water, cook squash until almost cooked through but still firm. Add
  parsnip slices and cook 1 minute longer. Drain and combine with onions in a
  large bowl. Set aside. In a food processor or blender pulverize the
  oranges, honey, wine, stock and nutmeg. Add this mixture to the vegetables.
  Season with salt and pepper and toss gently to combine. Place mixture in
  the prepared dish and sprinkle cheese evenly over top. If serving
  immediately, place under a hot broiler to lightly brown top. If prepared in
  advance, place in a preheated 425 degree oven for 10-12 minutes or until
  lightly browned and hot throughout.
  
  Yield: 6-8 servings
  
  Recipe By     : COOKING RIGHT SHOW#CR9665
  
  Posted to MC-Recipe Digest V1 #229
  
  Date: Sun, 29 Sep 1996 07:04:51 -0400
  
  From: billspa@icanect.net (Bill Spalding)
 
</step></directions></recipe></recipeml>
