<?xml version="1.0" encoding="UTF-8"?>

<recipeml version="0.5">
  <recipe>
    <head>
      <title>Baked Chicken Brunch Casserole</title>
      <categories>
        <cat>Luncheon</cat></categories>
      <yield>8</yield></head>
    <ingredients>
      <ing>
        <amt>
          <qty>12</qty>
          <unit>slices</unit></amt>
        <item>Day-old white bread; crusts removed</item></ing>
      <ing>
        <amt>
          <qty/>
          <unit/></amt>
        <item>Butter</item></ing>
      <ing>
        <amt>
          <qty>3</qty>
          <unit>cups</unit></amt>
        <item>Cooked chicken; roughly chopped</item></ing>
      <ing>
        <amt>
          <qty>1/2</qty>
          <unit>cups</unit></amt>
        <item>Onion; chopped</item></ing>
      <ing>
        <amt>
          <qty>1 1/2</qty>
          <unit>cups</unit></amt>
        <item>Cheddar cheese; grated</item></ing>
      <ing>
        <amt>
          <qty>6</qty>
          <unit/></amt>
        <item>Eggs; beaten</item></ing>
      <ing>
        <amt>
          <qty>2 1/2</qty>
          <unit>cups</unit></amt>
        <item>Milk</item></ing>
      <ing>
        <amt>
          <qty/>
          <unit/></amt>
        <item>Paprika</item></ing>
      <ing>
        <amt>
          <qty/>
          <unit/></amt>
        <item>Parsley or cherry tomatoes to garnish</item></ing>
      <ing>
        <amt>
          <qty/>
          <unit/></amt>
        <item>Sour cream onion sauce</item></ing>
      <ing>
        <amt>
          <qty>1/2</qty>
          <unit>cups</unit></amt>
        <item>Butter or margarine</item></ing>
      <ing>
        <amt>
          <qty>1/2</qty>
          <unit>cups</unit></amt>
        <item>Onion; chopped</item></ing>
      <ing>
        <amt>
          <qty>2</qty>
          <unit>tablespoons</unit></amt>
        <item>Flour</item></ing>
      <ing>
        <amt>
          <qty>1</qty>
          <unit>cup</unit></amt>
        <item>Light cream</item></ing>
      <ing>
        <amt>
          <qty>1</qty>
          <unit>teaspoon</unit></amt>
        <item>Salt</item></ing>
      <ing>
        <amt>
          <qty>1/2</qty>
          <unit>teaspoons</unit></amt>
        <item>White pepper</item></ing>
      <ing>
        <amt>
          <qty>3/4</qty>
          <unit>cups</unit></amt>
        <item>Sour cream</item></ing></ingredients>
    <directions>
      <step>  Casserole: Butter a 9x13 inch pyrex dish. Butter one side of each bread
  slice and place 6 slices in the prepared dish, buttered side down. Layer
  the chicken, onion and cheese over the bread. Cover the layers with the
  remaining bread slices, buttered side up.
  
  In a medium bowl, combine the eggs and milk. Pour over the casserole and
  sprinkle with paprika. Refrigerate overnight. Bake in a 325 ° oven for 1 to
    1 1/4    hours.
  
  Top the cooked casserole with the Sour Cream Sauce and garnish with parsley
  or cherry tomatoes.
  
  Sour Cream Onion Sauce: In a medium saucepan, cook the onion in the butter
  until soft, but not browned. Stir in the flour, cream, salt and pepper.
  Bring mixture to a boil, stirring constantly until blended. Stir in the
  sour cream until heated thoroughly, but do not boil.
  
  This recipe comes from The American Country Inn Bed and Breakfast Cookbook
  (volume II), ISBN 1-55853-218-8 (paperback).
  
  Recipe by: La Grange Plantation Bed and Breakfast Inn, Henderson, NC
  
  Posted to recipelu-digest Volume 01 Number 535 by PLK1028 &lt;PLK1028@aol.com&gt;
  on Jan 15, 1998
 
</step></directions></recipe></recipeml>
