<?xml version="1.0" encoding="UTF-8"?>

<recipeml version="0.5">
  <recipe>
    <head>
      <title>Baked Chicken and Broccoli Tortillas</title>
      <categories>
        <cat>Poultry</cat>
        <cat>Tex-mex</cat></categories>
      <yield>4</yield></head>
    <ingredients>
      <ing>
        <amt>
          <qty>10</qty>
          <unit>ounces</unit></amt>
        <item>Can cream of mushroom soup</item></ing>
      <ing>
        <amt>
          <qty>1/4</qty>
          <unit>cups</unit></amt>
        <item>Milk</item></ing>
      <ing>
        <amt>
          <qty>2</qty>
          <unit>tablespoons</unit></amt>
        <item>Dijon mustard</item></ing>
      <ing>
        <amt>
          <qty>1</qty>
          <unit>teaspoon</unit></amt>
        <item>Dried tarragon leaves</item></ing>
      <ing>
        <amt>
          <qty>2 1/2</qty>
          <unit>cups</unit></amt>
        <item>Chicken, cooked, diced</item></ing>
      <ing>
        <amt>
          <qty>2 1/2</qty>
          <unit>cups</unit></amt>
        <item>Broccoli flowerettes, cooked</item></ing>
      <ing>
        <amt>
          <qty>2</qty>
          <unit/></amt>
        <item>Green onions, sliced</item></ing>
      <ing>
        <amt>
          <qty>8</qty>
          <unit/></amt>
        <item>Tortillas</item></ing>
      <ing>
        <amt>
          <qty>1</qty>
          <unit>tablespoon</unit></amt>
        <item>Vegetable oil</item></ing>
      <ing>
        <amt>
          <qty>1</qty>
          <unit>cup</unit></amt>
        <item>Swiss cheese, shredded</item></ing></ingredients>
    <directions>
      <step>  Combine soup, milk, mustard and tarragon. Stir in chicken, broccoli and
  green onion. Spoon about 1/2 cup mixture into centre of each tortilla. Fold
  in sides and roll up. Place, seam side down, in greased 12x8x1 3/4-inch
  (30x20x4.5cm) baking dish. Bake at 350F(180C) for 15 minutes. Sprinkle with
  cheese. Bake 10 minutes longer.
 
</step></directions></recipe></recipeml>
