<?xml version="1.0" encoding="UTF-8"?>

<recipeml version="0.5">
  <recipe>
    <head>
      <title>Baked Caramel Corn #2</title>
      <categories>
        <cat>Appetizer</cat></categories>
      <yield>16</yield></head>
    <ingredients>
      <ing>
        <amt>
          <qty>4</qty>
          <unit>quarts</unit></amt>
        <item>Popped corn</item></ing>
      <ing>
        <amt>
          <qty>1/2</qty>
          <unit>cups</unit></amt>
        <item>Butter</item></ing>
      <ing>
        <amt>
          <qty>1</qty>
          <unit>cup</unit></amt>
        <item>Brown sugar</item></ing>
      <ing>
        <amt>
          <qty>1/4</qty>
          <unit>cups</unit></amt>
        <item>Corn syrup</item></ing>
      <ing>
        <amt>
          <qty>1/2</qty>
          <unit>teaspoons</unit></amt>
        <item>Salt</item></ing>
      <ing>
        <amt>
          <qty>1/4</qty>
          <unit>teaspoons</unit></amt>
        <item>Baking soda</item></ing>
      <ing>
        <amt>
          <qty>1/2</qty>
          <unit>teaspoons</unit></amt>
        <item>Vanilla</item></ing>
      <ing>
        <amt>
          <qty>2/3</qty>
          <unit>cups</unit></amt>
        <item>Nuts (almonds; pecans, peanuts; etc)</item></ing></ingredients>
    <directions>
      <step>  Pop corn and remove old maids.  Spread corn in a large flat pan, and peheat
  in a 250 degree oven.
  
  In a saucepan, melt butter, and stir in brown sugar, corn syrup and salt.
  Stir constantly until mixture comes to a boil. Continue to boil without
  stirring for about 5 minutes (240 degrees). Remove from heat, and add
  baking soda and vanilla, stirring until foamy. If nuts are used, add them
  NOW, stirring until heated through, and no longer clumped up.
  
  Pour syrup mixture over preheated popcorn, and stir to coat. Bake for about
  30 minutes, stirring 2 or 3 times to evenly distribute the coating.
  
  Bake longer, about 60 minutes, for a more Cracker Jack taste. Cool, break
  up and store airtight.
  
  Date: Sat,  8 Jun 1996 17:49:56, -0500
  
  From: TJFM10C@prodigy.com (MRS ROSANNE E TROXEL)
  
  MM-Recipes Digest V3 #160
  
  From the MealMaster recipe list.  Downloaded from Glen's MM Recipe Archive,
  http://www.erols.com/hosey.
 
</step></directions></recipe></recipeml>
