<?xml version="1.0" encoding="UTF-8"?>

<recipeml version="0.5">
  <recipe>
    <head>
      <title>Baked Cannelloni</title>
      <categories>
        <cat>Pasta &amp; pas</cat>
        <cat>Indian</cat></categories>
      <yield>8</yield></head>
    <ingredients>
      <ing>
        <amt>
          <qty>1</qty>
          <unit>cup</unit></amt>
        <item>Whole wheat flour</item></ing>
      <ing>
        <amt>
          <qty>2</qty>
          <unit>teaspoons</unit></amt>
        <item>Vegetable oil</item></ing>
      <ing>
        <amt>
          <qty/>
          <unit/></amt>
        <item>Salt; to taste stuffing---</item></ing>
      <ing>
        <amt>
          <qty>2</qty>
          <unit>cups</unit></amt>
        <item>Mixed boiled vegetables; finely chopped</item></ing>
      <ing>
        <amt>
          <qty/>
          <unit/></amt>
        <item>(green beans; carrots, cauliflower, peas)</item></ing>
      <ing>
        <amt>
          <qty>50</qty>
          <unit>grams</unit></amt>
        <item>Paneer</item></ing>
      <ing>
        <amt>
          <qty>1</qty>
          <unit>medium</unit></amt>
        <item>Onion; chopped</item></ing>
      <ing>
        <amt>
          <qty>1</qty>
          <unit>teaspoon</unit></amt>
        <item>Chili powder</item></ing>
      <ing>
        <amt>
          <qty>2</qty>
          <unit>teaspoons</unit></amt>
        <item>Vegetable oil</item></ing>
      <ing>
        <amt>
          <qty/>
          <unit/></amt>
        <item>Salt; to taste sauce---</item></ing>
      <ing>
        <amt>
          <qty>1</qty>
          <unit>cup</unit></amt>
        <item>Tomato gravy topping---</item></ing>
      <ing>
        <amt>
          <qty>2</qty>
          <unit>tablespoons</unit></amt>
        <item>Paneer; grated</item></ing></ingredients>
    <directions>
      <step>  For the dough:
  
  1. Mix the flour, oil and salt. Add water and prepare a soft dough.
  
  2. Keep the dough aside for 1 hour.
  
  For the stuffing:
  
  1. Heat the oil and fry the onion for l/2 minute.
  
  2. Add the remaining ingredients and cook for 1 minute.
  
  How to proceed:
  
  1. Roll out the dough into small thin rounds of 100 to 125 mm. diameter.
  
  2. Boil the water in a vessel and add 1 tablespoon of oil.
  
  3. Drop one round of dough at a time into the boiling water, cook for l/2
  minute and remove.
  
  4. Repeat for the remaining rounds.
  
  5. Fill each round with 1 tablespoon of the stuffing and roll up like a
  pancake.
  
  6. Arrange the cannelloni on a greased baking dish and pour hot tomato
  gravy on top.
  
  7. Sprinkle the paneer on top.
  
  8. Bake in a hot oven at 200¡ C for 10 minutes.
  
  Recipe by: Ron West
  
  Posted to Bakery-Shoppe Digest V1 #491 by Ron West &lt;ronwest@bigfoot.net&gt; on
  Jan 7, 1998
 
</step></directions></recipe></recipeml>
