<?xml version="1.0" encoding="UTF-8"?>

<recipeml version="0.5">
  <recipe>
    <head>
      <title>Baked Chicken and Gravy</title>
      <categories>
        <cat/></categories>
      <yield>100</yield></head>
    <ingredients>
      <ing>
        <amt>
          <qty>7 1/2</qty>
          <unit>cups</unit></amt>
        <item>WATER</item></ing>
      <ing>
        <amt>
          <qty>2 1/4</qty>
          <unit>cups</unit></amt>
        <item>DRIPPINGS &amp; FAT</item></ing>
      <ing>
        <amt>
          <qty>2</qty>
          <unit>gallons</unit></amt>
        <item>DRIPPINGS &amp; WATER</item></ing>
      <ing>
        <amt>
          <qty>82</qty>
          <unit>pounds</unit></amt>
        <item>CHICKEN;WHOLE FZ</item></ing>
      <ing>
        <amt>
          <qty>1 1/3</qty>
          <unit>cups</unit></amt>
        <item>MILK; DRY NON-FAT L HEAT</item></ing>
      <ing>
        <amt>
          <qty>1 1/8</qty>
          <unit>pounds</unit></amt>
        <item>FLOUR GEN PURPOSE 10LB</item></ing>
      <ing>
        <amt>
          <qty>1</qty>
          <unit>cup</unit></amt>
        <item>SOUP GRAVY BASE CHICKEN</item></ing>
      <ing>
        <amt>
          <qty>2</qty>
          <unit>cups</unit></amt>
        <item>SHORTENING; 3LB</item></ing>
      <ing>
        <amt>
          <qty>2</qty>
          <unit>tablespoons</unit></amt>
        <item>PEPPER BLACK 1 LB CN</item></ing>
      <ing>
        <amt>
          <qty>1</qty>
          <unit>tablespoon</unit></amt>
        <item>PAPRIKA GROUND</item></ing>
      <ing>
        <amt>
          <qty>3</qty>
          <unit>tablespoons</unit></amt>
        <item>SALT TABLE 5LB</item></ing>
      <ing>
        <amt>
          <qty>PAN:</qty>
          <unit>18</unit></amt>
        <item>BY 26-INCH SHEET PAN (5 EA)           TEMPERATURE:  350 F. OVEN</item></ing></ingredients>
    <directions>
      <step>  18 BY 24-INCH ROASTING PAN (3 EA)
  
  1.  WASH CHICKEN THOROUGHLY UNDER COLD RUNNING WATER. DRAIN WELL.
  
  2.  SPRINKLE PIECES OF CHICKEN WITH MIXTURE OF SALT AND PEPPER; ARRANGE ON
  SHEET PANS.
  
  3.  POUR MELTED SHORTENING OR SALAD OIL EVENLY OVER CHICKEN.
  
  4.  BAKE 1 HOUR OR UNTIL DONE (180 F.)
  
  5.  REMOVE CHICKEN; PLACE AN EQUAL QUANTITY OF CHICKEN IN EACH ROASTING
  PAN.
  DRAIN OR SKIM OFF FAT FROM DRIPPINGS. RESERVE DRIPPINGS FOR USE IN STEP 6.
  RESERVE FAT FOR USE IN STEP 8.
  
  6.  RECONSTITUTE SOUP AND GRAVY BASE WITH DRIPPINGS AND BOILING WATER; MIX
  WELL.
  
  7.  RECONSTITUTE MILK; ADD TO STOCK MIXTURE. HEAT TO A SIMMER.
  
  8.  COMBINE FAT AND FLOUR; COOK AT LOW HEAT UNTIL LIGHT BROWN, ABOUT 5
  MINUTES.
  
  9.  STIR BROWNED FAT AND FLOUR MIXTURE INTO STOCK MIXTURE; COOK UNTIL
  THICKENED, STIRRING CONSTANTLY.
  
  10. ADD MUSHROOMS, DRAINED, CHOPPED TO GRAVY.  POUR 3 1/2 QT GRAVY EVENLY
  OVER CHICKEN IN EACH PAN.  SPRINKLE WITH PAPRIKA.
  
  11. BAKE 30 MINUTES OR UNTIL CHICKEN AND GRAVY ARE HEATED.
  
  NOTE:  1.  IN STEP 1, 65 LB CHICKEN, BROILER-FRYER, CUT UP OR 82 LB
  CHICKEN,
  BROILER-FRYER, QUARTERED MAY BE USED.
  
  NOTE:  2.  OTHER SIZES AND TYPES OF PANS MAY BE USED. SEE RECIPE NO.
  A02500.
  Recipe Number: L14900
  
  SERVING SIZE: 2 PIECES O
  
  From the &lt;Army Master Recipe Index File&gt; (actually used today!).
  Downloaded from Glen's MM Recipe Archive, http://www.erols.com/hosey.
 
</step></directions></recipe></recipeml>
