<?xml version="1.0" encoding="UTF-8"?>

<recipeml version="0.5">
  <recipe>
    <head>
      <title>Baked Catfish and Pecans</title>
      <categories>
        <cat>Fish</cat></categories>
      <yield>4</yield></head>
    <ingredients>
      <ing>
        <amt>
          <qty>2</qty>
          <unit>pounds</unit></amt>
        <item>Catfish fillets</item></ing>
      <ing>
        <amt>
          <qty>1</qty>
          <unit>teaspoon</unit></amt>
        <item>Salt</item></ing>
      <ing>
        <amt>
          <qty>1</qty>
          <unit>cup</unit></amt>
        <item>Flour</item></ing>
      <ing>
        <amt>
          <qty>1/4</qty>
          <unit>teaspoons</unit></amt>
        <item>Red pepper</item></ing>
      <ing>
        <amt>
          <qty>1</qty>
          <unit>teaspoon</unit></amt>
        <item>Lemon rind; grated</item></ing>
      <ing>
        <amt>
          <qty>1/2</qty>
          <unit>cups</unit></amt>
        <item>Butter</item></ing>
      <ing>
        <amt>
          <qty>1/4</qty>
          <unit>cups</unit></amt>
        <item>Pecan; chopped</item></ing>
      <ing>
        <amt>
          <qty>1</qty>
          <unit>tablespoon</unit></amt>
        <item>Lemon juice</item></ing>
      <ing>
        <amt>
          <qty>1</qty>
          <unit>tablespoon</unit></amt>
        <item>Worcestershire sauce</item></ing></ingredients>
    <directions>
      <step>  Make pecan sauce by combining 1/4 cup butter, chopped pecans, lemon juice
  and Worcestershire sauce and blend well. Combine flour, salt, pepper, lemon
  rind. Roll fillets in mixture, coating well. Melt 1/4 cup butter in large
  skillet. Brown fillets over medium heat until light brown; turn once to
  brown both sides. Place fillets in well-greased 12"x8"x2" baking dish.
  Sprinkle pecan butter sauce over fillets. Sprinkle with additional chopped
  pecans if desires. Bake uncovered at 350 degrees for 12 minutes or until
  fish flakes easily when tested with a fork.
  
                    Source:  From Crowley, LA by Amelia Breaux
                    THE CAPITOL, Annapolis Maryland Jun 85
  
  From Gemini's MASSIVE MealMaster collection at www.synapse.com/~gemini
 
</step></directions></recipe></recipeml>
