<?xml version="1.0" encoding="UTF-8"?>

<recipeml version="0.5">
  <recipe>
    <head>
      <title>Baked Chicken Breasts with Horseradish Cream Sauce</title>
      <categories>
        <cat>Polkadot</cat>
        <cat>Faylen</cat>
        <cat>Chicken</cat>
        <cat>Low-fat/cal</cat></categories>
      <yield>1</yield></head>
    <ingredients>
      <ing>
        <amt>
          <qty>1</qty>
          <unit>cup</unit></amt>
        <item>Milk</item></ing>
      <ing>
        <amt>
          <qty>2</qty>
          <unit>tablespoons</unit></amt>
        <item>Corn starch</item></ing>
      <ing>
        <amt>
          <qty>2</qty>
          <unit>tablespoons</unit></amt>
        <item>Water or dry white wine</item></ing>
      <ing>
        <amt>
          <qty>3</qty>
          <unit>tablespoons</unit></amt>
        <item>Prepared horseradish</item></ing>
      <ing>
        <amt>
          <qty>2</qty>
          <unit>tablespoons</unit></amt>
        <item>Nonfat yogurt</item></ing>
      <ing>
        <amt>
          <qty>1</qty>
          <unit>teaspoon</unit></amt>
        <item>Sugar</item></ing>
      <ing>
        <amt>
          <qty>1</qty>
          <unit>teaspoon</unit></amt>
        <item>Dijon mustard</item></ing>
      <ing>
        <amt>
          <qty>1</qty>
          <unit>teaspoon</unit></amt>
        <item>White wine vinegar salt and pepper to taste</item></ing>
      <ing>
        <amt>
          <qty>4</qty>
          <unit/></amt>
        <item>Boneless chicken breast halves</item></ing></ingredients>
    <directions>
      <step>  Preheat oven to 350 degrees.  In a medium size saucepan, heat milk over
  medium heat. Add corn starch dissolved in water or white wine and bring to
  a boil, stirring, until thickened. Remove from heat and stir in
  horseradish, yogurt, sugar, mustard, and vinegar. Season with salt and
  pepper. Arrange chicken breasts in a casserole dish. Pour sauce over top
  and bake, covered, for 40-45 minutes. Horseradish cream sauce is also good
  on swordfish or shark, cooking time is only 20-30 minutes, depending on
  thickness of fish. Use skim milk and it's almost completely nonfat, with
  only about 8 grams of fat coming from the chicken breast. Source: 365 Ways
  to Cook Chicken, lowfat adaptation by me.
  
  * The Polka Dot Palace BBS  1-201-822-3627  Posted by FAYLEN
  
  Posted to MC-Recipe Digest V1 #702 by Lisa Clarke &lt;lisa@gaf.com&gt; on Aug 1,
  9
 
</step></directions></recipe></recipeml>
