<?xml version="1.0" encoding="UTF-8"?>

<recipeml version="0.5">
  <recipe>
    <head>
      <title>Baked Caramel Corn #1</title>
      <categories>
        <cat>Candy</cat></categories>
      <yield>24</yield></head>
    <ingredients>
      <ing>
        <amt>
          <qty>6</qty>
          <unit>quarts</unit></amt>
        <item>Popped corn (about 1-1/4 cp unpopped)</item></ing>
      <ing>
        <amt>
          <qty>1</qty>
          <unit>cup</unit></amt>
        <item>Butter</item></ing>
      <ing>
        <amt>
          <qty>2</qty>
          <unit>cups</unit></amt>
        <item>Brown sugar; packed</item></ing>
      <ing>
        <amt>
          <qty>1/2</qty>
          <unit>cups</unit></amt>
        <item>Corn syrup</item></ing>
      <ing>
        <amt>
          <qty>1</qty>
          <unit>teaspoon</unit></amt>
        <item>Salt</item></ing>
      <ing>
        <amt>
          <qty>1/2</qty>
          <unit>teaspoons</unit></amt>
        <item>Baking soda</item></ing>
      <ing>
        <amt>
          <qty>1</qty>
          <unit>teaspoon</unit></amt>
        <item>Vanilla</item></ing>
      <ing>
        <amt>
          <qty>1</qty>
          <unit>cup</unit></amt>
        <item>Salted nuts</item></ing></ingredients>
    <directions>
      <step>  From: metcalfe@upei.ca (Gail Metcalfe)
  
  Date: Wed, 1 Dec 1993 13:52:44 GMT
  Heat oven to 250 degrees.  Put popped corn in a buttered roasting pan and
  sprinkle nuts on top.  Melt butter in saucepan, stir in brn sugar,
  cornsyrup and salt. Bring to boil, stirring constantly. Boil further
  without stirring for 5 minutes and then remove from heat. Stir in vanilla,
  then soda.  It will foam at this stage. Stir well.
  
  Pour the syrup mixture over the popped corn quickly and mix well.  Bake 1
  hour, stirring every 15 mins. Remove from oven, cool and break apart. Store
  in tightly covered container.  THIS CARAMEL CORN IS NOT STICKY.
  
  REC.FOOD.RECIPES ARCHIVES
  
  /CANDY
  
  From rec.food.cooking archives.  Downloaded from Glen's MM Recipe Archive,
  http://www.erols.com/hosey.
 
</step></directions></recipe></recipeml>
