<?xml version="1.0" encoding="UTF-8"?>

<recipeml version="0.5">
  <recipe>
    <head>
      <title>Baked Cheese Stuffed Potatoes</title>
      <categories>
        <cat>Vegetables</cat>
        <cat>Side dish</cat>
        <cat>Cheese/eggs</cat></categories>
      <yield>4</yield></head>
    <ingredients>
      <ing>
        <amt>
          <qty>4</qty>
          <unit/></amt>
        <item>Large potatoes</item></ing>
      <ing>
        <amt>
          <qty>2</qty>
          <unit>tablespoons</unit></amt>
        <item>Hot heavy cream</item></ing>
      <ing>
        <amt>
          <qty>3</qty>
          <unit>tablespoons</unit></amt>
        <item>Grated cheddar</item></ing>
      <ing>
        <amt>
          <qty>2 1/2</qty>
          <unit>tablespoons</unit></amt>
        <item>Butter</item></ing>
      <ing>
        <amt>
          <qty>1</qty>
          <unit/></amt>
        <item>Well beaten eggs</item></ing>
      <ing>
        <amt>
          <qty>1/2</qty>
          <unit>teaspoons</unit></amt>
        <item>Salt</item></ing></ingredients>
    <directions>
      <step>  Scrub and dry potatoes, then bake 45 min. at 425 degrees. Cut off tops
  lengthwise and scoop out middles. Mash with the salt, butter, cheese, cream
  and egg. Beat until fluffy and replace in shells. Bursh tops with more
  melted butter. Return to oven and bake 10 min. longer, until the tops are
  delicately browned.  Serves 4
  
  Recipe posted by: Debbie Carlson
  
  Collection of recipes from "Great Sysops of the World" from COOKFDN ops.
  
  File ftp://ftp.idiscover.co.uk/pub/food/mealmaster/recipes/mmgsotw1.zip
 
</step></directions></recipe></recipeml>
