<?xml version="1.0" encoding="UTF-8"?>

<recipeml version="0.5">
  <recipe>
    <head>
      <title>Baked Cauliflower</title>
      <categories>
        <cat>Vegetable</cat></categories>
      <yield>6</yield></head>
    <ingredients>
      <ing>
        <amt>
          <qty>1</qty>
          <unit>large</unit></amt>
        <item>Head cauliflower; washed &amp; trimmed into small florets</item></ing>
      <ing>
        <amt>
          <qty>1</qty>
          <unit>tablespoon</unit></amt>
        <item>Butter</item></ing>
      <ing>
        <amt>
          <qty>1</qty>
          <unit>tablespoon</unit></amt>
        <item>Flour</item></ing>
      <ing>
        <amt>
          <qty/>
          <unit/></amt>
        <item>Salt</item></ing>
      <ing>
        <amt>
          <qty/>
          <unit/></amt>
        <item>Freshly ground white pepper</item></ing>
      <ing>
        <amt>
          <qty>1/4</qty>
          <unit>cups</unit></amt>
        <item>Grated Parmesan cheese</item></ing>
      <ing>
        <amt>
          <qty>1</qty>
          <unit>dash</unit></amt>
        <item>Paprika</item></ing>
      <ing>
        <amt>
          <qty>1/4</qty>
          <unit>cups</unit></amt>
        <item>Toasted bread crumbs</item></ing>
      <ing>
        <amt>
          <qty>1/8</qty>
          <unit>cups</unit></amt>
        <item>Slivered almonds; toasted</item></ing></ingredients>
    <directions>
      <step>  1.  Preheat oven to 375 F.
  
  2.  Place the florets in a large pan and just barely cover with water.
  Bring to a boil, reduce heat and cook until two-thirds done. Strain, saving
  both the liquid and the cauliflower in a small casserole dish.
  
  3.  Heat the butter in a saucepan.  When bubbling, add the flour and cook,
  stirring constantly, 2 to 3 minutes. Slowly add the cauliflower liquid and
  stir until slightly thickened.  Season with salt, white pepper, Parmesan
  and paprika. Pour over the cauliflower in the casserole.
  
  4.  Bake in preheated oven 10 to 15 minutes.  Sprinkle with the bread
  crumbs and almonds and serve immediately. Note: This dish can be prepared
  in advance through step 2.  Bring it to room temperature if refrigerated
  and bake in preheated 400 F oven 10 to 15 minutes.
  
  THE FOX AND HOUNDS
  
  FRIESS LAKE ROAD, MILWAUKEE
  
  From the &lt;Micro Cookbook Collection of American recipes&gt;, downloaded from
  Glen's MM Recipe Archive, http://www.erols.com/hosey.
 
</step></directions></recipe></recipeml>
