<?xml version="1.0" encoding="UTF-8"?>

<recipeml version="0.5">
  <recipe>
    <head>
      <title>Baked Chicken Breast Supreme</title>
      <categories>
        <cat>Main dishes</cat>
        <cat>Poultry</cat>
        <cat>Posted to r</cat></categories>
      <yield>6</yield></head>
    <ingredients>
      <ing>
        <amt>
          <qty>6</qty>
          <unit/></amt>
        <item>Boneless; skinless chicken breasts, rinsed, pat dry</item></ing>
      <ing>
        <amt>
          <qty>2</qty>
          <unit>cups</unit></amt>
        <item>Nonfat sour cream</item></ing>
      <ing>
        <amt>
          <qty>1/4</qty>
          <unit>cups</unit></amt>
        <item>Lemon juice</item></ing>
      <ing>
        <amt>
          <qty>4</qty>
          <unit>teaspoons</unit></amt>
        <item>Worcestershire sauce</item></ing>
      <ing>
        <amt>
          <qty>4</qty>
          <unit>teaspoons</unit></amt>
        <item>Celery salt</item></ing>
      <ing>
        <amt>
          <qty>2</qty>
          <unit>teaspoons</unit></amt>
        <item>Paprika</item></ing>
      <ing>
        <amt>
          <qty>4</qty>
          <unit/></amt>
        <item>Cloves garlic; finely chopped</item></ing>
      <ing>
        <amt>
          <qty>4</qty>
          <unit>teaspoons</unit></amt>
        <item>Salt</item></ing>
      <ing>
        <amt>
          <qty>1/2</qty>
          <unit>teaspoons</unit></amt>
        <item>Pepper</item></ing>
      <ing>
        <amt>
          <qty>1 3/4</qty>
          <unit>cups</unit></amt>
        <item>Bread crumbs</item></ing>
      <ing>
        <amt>
          <qty>1/4</qty>
          <unit>cups</unit></amt>
        <item>Butter; melted</item></ing>
      <ing>
        <amt>
          <qty>1/4</qty>
          <unit>cups</unit></amt>
        <item>Shortening; melted</item></ing></ingredients>
    <directions>
      <step>  In large bowl, combine sour cream with lemon juice, Worcestershire, celery
  salt, paprika, garlic salt and pepper. Add chicken to sour cream mixture,
  coating each piece well. Let stand, covered, in refrigerator overnight.
  Next day, preheat oven to 350 degrees. Remove chicken from sour cream
  mixture. Roll in crumbs, coating evenly. Arrange in single layer in large
  shallow baking pan. Melt butter and shortening in small saucepan. Spoon 1/2
  over chicken. Bake chicken uncovered 45 minutes. Sppon rest of butter
  mixture over chicken. Bake 10 to 15 minutes longer or until chicken is
  tender and nicely browned. Formatted for RecipeLu by Ramona Cooper.
  Posted to recipelu-digest Volume 01 Number 170 by Sewgoode@aol.com on Oct
  27, 1997
 
</step></directions></recipe></recipeml>
