<?xml version="1.0" encoding="UTF-8"?>

<recipeml version="0.5">
  <recipe>
    <head>
      <title>Baked Catfish Supreme</title>
      <categories>
        <cat>Fish/shellf</cat></categories>
      <yield>6</yield></head>
    <ingredients>
      <ing>
        <amt>
          <qty>2</qty>
          <unit>pounds</unit></amt>
        <item>Farm-raised catfish fillets</item></ing>
      <ing>
        <amt>
          <qty>1</qty>
          <unit>teaspoon</unit></amt>
        <item>Salt</item></ing>
      <ing>
        <amt>
          <qty>1/2</qty>
          <unit>teaspoons</unit></amt>
        <item>White pepper</item></ing>
      <ing>
        <amt>
          <qty>1</qty>
          <unit/></amt>
        <item>Lemon; juice of</item></ing>
      <ing>
        <amt>
          <qty>4</qty>
          <unit>tablespoons</unit></amt>
        <item>Minced parsley</item></ing>
      <ing>
        <amt>
          <qty>1</qty>
          <unit>cup</unit></amt>
        <item>Mayonnaise</item></ing>
      <ing>
        <amt>
          <qty>1/4</qty>
          <unit>teaspoons</unit></amt>
        <item>Paprika</item></ing></ingredients>
    <directions>
      <step>  Sprinkle fish fillets with satl and pepper; place in greased baking
  dish. Add lemon juice and parsley to mayonnaise and spread over
  fillets. Bake at 350 degrees for 30 minutes, or until fish flakes
  easily when tested with a fork.  Sprinkle with paprika before serving.
  
  SOURCE: Country Cooking published by Mississippi Farm Bureau Women,
  1987. Contributed by Mrs. Peter Hairston Typed for you by Nancy
  Coleman
  
  From: Nancy Coleman                   Date: 04-13-96
  Posted to MM-Recipes Digest V3 #244
  
  Date: Fri, 6 Sep 1996 23:00:30 -0400
  
  From: BobbieB1@aol.com
 
</step></directions></recipe></recipeml>
