<?xml version="1.0" encoding="UTF-8"?>

<recipeml version="0.5">
  <recipe>
    <head>
      <title>Baked Camel</title>
      <categories>
        <cat>Turkey</cat></categories>
      <yield>1</yield></head>
    <ingredients>
      <ing>
        <amt>
          <qty>1</qty>
          <unit>large</unit></amt>
        <item>Camel</item></ing>
      <ing>
        <amt>
          <qty>2</qty>
          <unit>large</unit></amt>
        <item>Sheep</item></ing>
      <ing>
        <amt>
          <qty>4</qty>
          <unit>large</unit></amt>
        <item>Turkeys</item></ing>
      <ing>
        <amt>
          <qty>20</qty>
          <unit>large</unit></amt>
        <item>Carps</item></ing>
      <ing>
        <amt>
          <qty>200</qty>
          <unit>medium</unit></amt>
        <item>Sea-Gull Eggs</item></ing>
      <ing>
        <amt>
          <qty>400</qty>
          <unit>large</unit></amt>
        <item>Dates</item></ing>
      <ing>
        <amt>
          <qty/>
          <unit/></amt>
        <item>Banana-Leafs</item></ing></ingredients>
    <directions>
      <step>  Cook the eggs, peel them. Scale off the carps. Fill the carps with the
  dates and the eggs. Fill the turkeys with the Carps. Fill the sheep with
  the turkeys. Fill the camel with the sheep. Dig a large mould, give in
  about 500 kilos of charcoal and light them. Wrap the camel in the
  banana-leafs and give into the mould. Cover with earth and bake for two
  days.
  
  To serve with rice.
 
</step></directions></recipe></recipeml>
