<?xml version="1.0" encoding="UTF-8"?>

<recipeml version="0.5">
  <recipe>
    <head>
      <title>Baked Chicken Breast</title>
      <categories>
        <cat>None</cat></categories>
      <yield>6</yield></head>
    <ingredients>
      <ing>
        <amt>
          <qty>1</qty>
          <unit>package</unit></amt>
        <item>Dried chipped beef</item></ing>
      <ing>
        <amt>
          <qty>6</qty>
          <unit/></amt>
        <item>Chicken breasts; boned</item></ing>
      <ing>
        <amt>
          <qty>6</qty>
          <unit>slices</unit></amt>
        <item>Bacon</item></ing>
      <ing>
        <amt>
          <qty>2</qty>
          <unit>cans</unit></amt>
        <item>Cream of celery soup</item></ing>
      <ing>
        <amt>
          <qty>16</qty>
          <unit>ounces</unit></amt>
        <item>Sour cream</item></ing></ingredients>
    <directions>
      <step>  Chop beef finely; place in bottom of casserole dish. Wrap each chicken
  breast with a bacon slice. Place each piece on its own bed of chipped beef.
  Mix together undiluted soup and sour cream; pour over the chicken. Bake at
  275 for 2 1/2 to 3 hours. Serve chicken on a bed of rice or surround with
  Duchesse potatoes. There is a overabundance of sauce with this, so you
  could put in double the chicken if the need arises.
  
  Notes: I have used low fat cream soups, and I have used low fat sour cream
  both work well, I substituted the bacon with canadian bacon, because I did
  not like the idea of the soggy bacon peices in my cassarole :-)
  
  Posted to TNT - Prodigy's Recipe Exchange Newsletter  by Jsgrl430@aol.com
  on Sep 9, 1997
 
</step></directions></recipe></recipeml>
