<?xml version="1.0" encoding="UTF-8"?>

<recipeml version="0.5">
  <recipe>
    <head>
      <title>Baked Catfish in Soy-Ginger Sauce</title>
      <categories>
        <cat>None</cat></categories>
      <yield>1</yield></head>
    <ingredients>
      <ing>
        <amt>
          <qty>3</qty>
          <unit>large</unit></amt>
        <item>Green onions</item></ing>
      <ing>
        <amt>
          <qty>1</qty>
          <unit/></amt>
        <item>Piece peeled gingerroot, about 2" x 1"</item></ing>
      <ing>
        <amt>
          <qty>4</qty>
          <unit/></amt>
        <item>6 oz. catfish fillets</item></ing>
      <ing>
        <amt>
          <qty>1</qty>
          <unit>cup</unit></amt>
        <item>Chicken broth</item></ing>
      <ing>
        <amt>
          <qty>1/4</qty>
          <unit>teaspoons</unit></amt>
        <item>Ground red pepper</item></ing>
      <ing>
        <amt>
          <qty>1</qty>
          <unit>tablespoon</unit></amt>
        <item>Soy sauce</item></ing>
      <ing>
        <amt>
          <qty>1</qty>
          <unit>tablespoon</unit></amt>
        <item>Rice vinegar</item></ing>
      <ing>
        <amt>
          <qty>1</qty>
          <unit>teaspoon</unit></amt>
        <item>Cornstarch</item></ing></ingredients>
    <directions>
      <step>  Preheat oven to 450 F.  Cut each green onion in half.  Cut bottom halves
  into matchstick-thin strips; slice tops.  Slice gingerroot into matchstick
  thin strips.
  
  In 13 x 9 baking dish, place catfish and 1/4 cup chicken broth; sprinkle
  with red pepper and sliced green onions.  Bake, covered (I missed this -
  mine was uncovered!) 15 minutes or til fish flakes.
  
  Meanwhile, in nonstick skillet sprayed with PAM over medium heat, cook
  green onion strips and ginger til golden.  In cup, mix soy sauce, vinegar,
  cornstarch, remaining broth, and 2 TB water; pour into skillet, heat to
  boiling.  Boil 1 minute, stirring, til thickened. Pour sauce over catfish
  to serve.  Makes 4 servings.
  
  Posted to Digest eat-lf.v096.n223
  
  Date: Tue, 19 Nov 1996 09:30:43 -0600 (CST)
  
  From: neddy@bcm.tmc.edu (Nancy Eddy)
 
</step></directions></recipe></recipeml>
