<?xml version="1.0" encoding="UTF-8"?>

<recipeml version="0.5">
  <recipe>
    <head>
      <title>Baked Butternut Squash</title>
      <categories>
        <cat>Vegetables</cat>
        <cat>Vegetarian</cat></categories>
      <yield>1</yield></head>
    <ingredients>
      <ing>
        <amt>
          <qty>1</qty>
          <unit>large</unit></amt>
        <item>Butternut squash</item></ing>
      <ing>
        <amt>
          <qty/>
          <unit/></amt>
        <item>Salt</item></ing>
      <ing>
        <amt>
          <qty/>
          <unit/></amt>
        <item>Freshly ground black pepper</item></ing>
      <ing>
        <amt>
          <qty>2</qty>
          <unit>teaspoons</unit></amt>
        <item>Anise seed</item></ing>
      <ing>
        <amt>
          <qty>1/8</qty>
          <unit>teaspoons</unit></amt>
        <item>Ground cardamom</item></ing>
      <ing>
        <amt>
          <qty>3</qty>
          <unit>tablespoons</unit></amt>
        <item>Brown sugar</item></ing>
      <ing>
        <amt>
          <qty>8</qty>
          <unit>tablespoons</unit></amt>
        <item>Butter; melted</item></ing>
      <ing>
        <amt>
          <qty>2</qty>
          <unit>tablespoons</unit></amt>
        <item>Fresh lemon juice</item></ing></ingredients>
    <directions>
      <step>  Recipe by: Time Life - Vegetables Peel and cut open the squash. remove and
  discard the seeds and the fibers. Cut the squash into 1-inch cubes. Turn
  the squash into a buttered 2-quart baking dish. Sprinkle with the salt and
  pepper, anise seed, cardamom and brown sugar. Drizzle butter and lemon
  juice over the top.  Bake the squash, uncovered in a preheated 350F oven
  for about 30 minutes, or until tender.
  
  From Gemini's MASSIVE MealMaster collection at www.synapse.com/~gemini
 
</step></directions></recipe></recipeml>
