<?xml version="1.0" encoding="UTF-8"?>

<recipeml version="0.5">
  <recipe>
    <head>
      <title>Baked Cheese Grits #1</title>
      <categories>
        <cat>Casserole</cat></categories>
      <yield>6</yield></head>
    <ingredients>
      <ing>
        <amt>
          <qty>4</qty>
          <unit>cups</unit></amt>
        <item>Water</item></ing>
      <ing>
        <amt>
          <qty>1/2</qty>
          <unit>teaspoons</unit></amt>
        <item>Salt</item></ing>
      <ing>
        <amt>
          <qty>1</qty>
          <unit>cup</unit></amt>
        <item>Quick-cooking grits</item></ing>
      <ing>
        <amt>
          <qty>1</qty>
          <unit>tablespoon</unit></amt>
        <item>Flour</item></ing>
      <ing>
        <amt>
          <qty>1</qty>
          <unit>tablespoon</unit></amt>
        <item>Margarine or butter</item></ing>
      <ing>
        <amt>
          <qty>3</qty>
          <unit>cups</unit></amt>
        <item>Shredded Kraft natural cheddar cheese (3 cups = 12 ounces)</item></ing>
      <ing>
        <amt>
          <qty>2</qty>
          <unit/></amt>
        <item>Eggs</item></ing></ingredients>
    <directions>
      <step>   Heat oven to 350 F.  Grease 1 1/2 quart baking dish.
  
   Bring water and salt to boil in medium saucepan.  Slowly add grits,
  stirring constantly.  Reduce heat to low; cook 5 minutes, stirring
  occasionally.  Remove from heat.  Mix in flour and margarine.  Gradually
  add cheese, stirring until melted.
  
   Beat eggs in small bowl.  Stir small amount of hot grits into eggs.
  Stirring constantly, slowly pour egg mixture into hot grits.  Pour into
  prepared dish.
  
   Bake 30 to 40 minutes or until firm.  Makes 6 servings.
  
  U20295@UICVM.UIC.EDU
  
  REC.FOOD.RECIPES
  
  From rec.food.cooking archives.  Downloaded from Glen's MM Recipe Archive,
  http://www.erols.com/hosey.
 
</step></directions></recipe></recipeml>
