<?xml version="1.0" encoding="UTF-8"?>

<recipeml version="0.5">
  <recipe>
    <head>
      <title>Baked Catfish Creole</title>
      <categories>
        <cat>Seafood</cat></categories>
      <yield>6</yield></head>
    <ingredients>
      <ing-div>
        <title>FOR SAUCE</title>
        <ing>
          <amt>
            <qty>3/4</qty>
            <unit>cups</unit></amt>
          <item>Melted butter</item></ing>
        <ing>
          <amt>
            <qty>1</qty>
            <unit>cup</unit></amt>
          <item>Chopped onions</item></ing>
        <ing>
          <amt>
            <qty>1</qty>
            <unit>cup</unit></amt>
          <item>Chopped celery</item></ing>
        <ing>
          <amt>
            <qty>1/2</qty>
            <unit>cups</unit></amt>
          <item>Chopped bell pepper</item></ing>
        <ing>
          <amt>
            <qty>1/4</qty>
            <unit>cups</unit></amt>
          <item>Diced garlic</item></ing>
        <ing>
          <amt>
            <qty>2</qty>
            <unit/></amt>
          <item>Bay leaves</item></ing>
        <ing>
          <amt>
            <qty>2</qty>
            <unit>cans</unit></amt>
          <item>Tomato sauce (8 oz)</item></ing>
        <ing>
          <amt>
            <qty>1</qty>
            <unit>cup</unit></amt>
          <item>Fish stock</item></ing>
        <ing>
          <amt>
            <qty>1/2</qty>
            <unit>teaspoons</unit></amt>
          <item>Sugar</item></ing>
        <ing>
          <amt>
            <qty>1</qty>
            <unit>pinch</unit></amt>
          <item>Dry thyme</item></ing>
        <ing>
          <amt>
            <qty>1</qty>
            <unit>pinch</unit></amt>
          <item>Dry basil</item></ing>
        <ing>
          <amt>
            <qty>1</qty>
            <unit>cup</unit></amt>
          <item>Chopped green onions</item></ing>
        <ing>
          <amt>
            <qty>1/2</qty>
            <unit>cups</unit></amt>
          <item>Chopped parsley</item></ing>
        <ing>
          <amt>
            <qty/>
            <unit/></amt>
          <item>Salt and cracked black</item></ing>
        <ing>
          <amt>
            <qty/>
            <unit/></amt>
          <item>Pepper to taste</item></ing></ing-div>
      <ing-div>
        <title>FOR COOKING</title>
        <ing>
          <amt>
            <qty>4</qty>
            <unit/></amt>
          <item>5-8 oz catfish fillets</item></ing>
        <ing>
          <amt>
            <qty>1</qty>
            <unit>cup</unit></amt>
          <item>90-110 count shrimp (peeled</item></ing>
        <ing>
          <amt>
            <qty/>
            <unit/></amt>
          <item>And deveined)</item></ing>
        <ing>
          <amt>
            <qty/>
            <unit/></amt>
          <item>Reserved Creole sauce</item></ing>
        <ing>
          <amt>
            <qty>4</qty>
            <unit>cups</unit></amt>
          <item>Cooked white rice</item></ing>
        <ing>
          <amt>
            <qty>1/4</qty>
            <unit>cups</unit></amt>
          <item>Chopped parsley</item></ing></ing-div></ingredients>
    <directions>
      <step>  FOR SAUCE: In a two quart heavy sauce pan, melt butter over medium high
  heat. Saute onions, celery, bell pepper, garlic and bay leaves until
  vegetables are wilted, approximately three to five minutes. Add tomato
  sauce and fish stock, bring to a low boil, reduce to simmer and cook thirty
  minutes, stirring occasionally. Add sugar, thyme, basil, green onions and
  parsley. Continue to cook ten additional minutes and season to taste using
  salt and pepper. Remove from heat and set aside. FOR COOKING: Preheat oven
  to 375 degrees F. Place catfish fillets in an ovenproof casserole dish
  large enough to hold the four fillets. Sprinkle the shrimp evenly over the
  top of the fillets. Spoon the Creole sauce generously until fish and shrimp
  are well covered. Place covered baking dish in oven and cook approximately
  thirty minutes or until fish is done. Heat rice under hot tap water and
  place an equal amount in the center of each serving plate. Serve catfish
  Creole on top of white rice and garnish with chopped parsley. This dish may
  also be served over pasta.
  
  From Gemini's MASSIVE MealMaster collection at www.synapse.com/~gemini
 
</step></directions></recipe></recipeml>
