<?xml version="1.0" encoding="UTF-8"?>

<recipeml version="0.5">
  <recipe>
    <head>
      <title>Baked Chevre with Habanero-Peach Compote</title>
      <categories>
        <cat>Apps</cat>
        <cat>Chiles</cat></categories>
      <yield>4</yield></head>
    <ingredients>
      <ing-div>
        <title>BAKED CHEESE</title>
        <ing>
          <amt>
            <qty>4</qty>
            <unit/></amt>
          <item>4-oz. rounds of ch=E8vre</item></ing>
        <ing>
          <amt>
            <qty/>
            <unit/></amt>
          <item>Salt and pepper, to taste</item></ing>
        <ing>
          <amt>
            <qty/>
            <unit/></amt>
          <item>Cumin</item></ing>
        <ing>
          <amt>
            <qty>8</qty>
            <unit>tablespoons</unit></amt>
          <item>Bread crumbs</item></ing>
        <ing>
          <amt>
            <qty>4</qty>
            <unit>teaspoons</unit></amt>
          <item>Canola oil</item></ing></ing-div>
      <ing-div>
        <title>COMPOTE</title>
        <ing>
          <amt>
            <qty>1</qty>
            <unit>teaspoon</unit></amt>
          <item>Gelatin</item></ing>
        <ing>
          <amt>
            <qty>3</qty>
            <unit>ounces</unit></amt>
          <item>Blush wine</item></ing>
        <ing>
          <amt>
            <qty>3</qty>
            <unit/></amt>
          <item>Ripe peaches</item></ing>
        <ing>
          <amt>
            <qty>1</qty>
            <unit/></amt>
          <item>Habanero chile</item></ing>
        <ing>
          <amt>
            <qty>3</qty>
            <unit>ounces</unit></amt>
          <item>Orange juice</item></ing>
        <ing>
          <amt>
            <qty/>
            <unit/></amt>
          <item>Sugar to taste</item></ing></ing-div></ingredients>
    <directions>
      <step>  Press and shape cheese rounds into patties about 5 inches in diameter. Dust
  each with salt, pepper, and a pinch of cumin. Place each on a spotlessly
  clean ovenproof bread and butter plate about the same size as the cheese.
  Top each with 2 TBSP of bread crumbs and drizzle with 1 teaspoon of oil.
  Bake at 350-degrees F. for 15 minutes, until cheese is lighly browned and
  bubbling slightly.
  
  Blom gelatin in wine. Steam peaches for 30 seconds then shock in cold
  water. Peel and pit peaches, then slice each into 6 pieces. Wearing gloves
  to protect your skin, trim chile, removing all seeds. Dice to size of
  brunoise [1/8" dice].
  
  In saucepan, add all ingredients except sugar. Once mixture comes to a
  boil, reduce heat to a simmer and cook 25 minutes or until thickened. Add
  sugar to taste and chill.
  
  Serve dollop (about 2 ounces) of compote on center of baked goat cheese or
  alongside in a ramekin. Garnish with fresh chervil or cilantro.
  
  NOTES : Frm: National Culinary Review/Oct 96
  
  Posted to CHILE-HEADS DIGEST V3 #187
  
  Recipe by: Paul Epstein, CEC, Cucina!Cucina! Italian Cafe // Arizona
  
  From: Inagaddadavida &lt;rael@ebicom.net&gt;
  
  Date: Sat, 14 Dec 1996 17:11:37 -0600
 
</step></directions></recipe></recipeml>
