<?xml version="1.0" encoding="UTF-8"?>

<recipeml version="0.5">
  <recipe>
    <head>
      <title>Baked Cheese Cake</title>
      <categories>
        <cat>*desserts</cat>
        <cat>Tvfn</cat></categories>
      <yield>10</yield></head>
    <ingredients>
      <ing-div>
        <title/>
        <ing>
          <amt>
            <qty>4</qty>
            <unit>pounds</unit></amt>
          <item>Cream cheese</item></ing>
        <ing>
          <amt>
            <qty/>
            <unit/></amt>
          <item>Graham cracker crumbs</item></ing>
        <ing>
          <amt>
            <qty>1</qty>
            <unit>pound</unit></amt>
          <item>Granulated sugar</item></ing>
        <ing>
          <amt>
            <qty>7</qty>
            <unit/></amt>
          <item>Eggs</item></ing>
        <ing>
          <amt>
            <qty>1</qty>
            <unit>teaspoon</unit></amt>
          <item>Vanilla extract</item></ing>
        <ing>
          <amt>
            <qty>1</qty>
            <unit>teaspoon</unit></amt>
          <item>Lemon juice</item></ing>
        <ing>
          <amt>
            <qty>1/2</qty>
            <unit>teaspoons</unit></amt>
          <item>Salt</item></ing></ing-div>
      <ing-div>
        <title>GARNISH</title>
        <ing>
          <amt>
            <qty/>
            <unit/></amt>
          <item>Chocolate sauce; strawberry sauce, and assorted fruits</item></ing></ing-div></ingredients>
    <directions>
      <step>  Preheat oven to 350 degrees. Spread butter lightly in a 10-inch - 12- inch
  springform pan and sprinkle some graham cracker crumbs around the mould.
  Mix the cream cheese and sugar together and beat it, add in the eggs one at
  a time. Add vanilla extract, lemon juice and salt. Mix together. Pour
  ingredients into buttered pan and place in roasting pan in hot water bath.
  Bake about 60 to 75 minutes. Decorate with chocolate sauce, strawberry
  sauce and fruits. Yield: 10 servings
  
  Recipe by: GOURMET GETAWAYS SHOW #GG1A03
  
  Posted to MC-Recipe Digest V1 #928 by Emily Griffin
  &lt;emgriffi@ix.netcom.com&gt; on Nov 28, 1997
 
</step></directions></recipe></recipeml>
