<?xml version="1.0" encoding="UTF-8"?>

<recipeml version="0.5">
  <recipe>
    <head>
      <title>Baked Burgundy Beef</title>
      <categories>
        <cat>Beef</cat></categories>
      <yield>6</yield></head>
    <ingredients>
      <ing>
        <amt>
          <qty>2</qty>
          <unit>pounds</unit></amt>
        <item>Cubed chuck roast</item></ing>
      <ing>
        <amt>
          <qty>1</qty>
          <unit>cup</unit></amt>
        <item>Burgundy</item></ing>
      <ing>
        <amt>
          <qty>1</qty>
          <unit>can</unit></amt>
        <item>(10 1/2 oz.) condensed</item></ing>
      <ing>
        <amt>
          <qty/>
          <unit/></amt>
        <item>Onion soup</item></ing>
      <ing>
        <amt>
          <qty>1/4</qty>
          <unit>cups</unit></amt>
        <item>Fine dry bread crumbs</item></ing>
      <ing>
        <amt>
          <qty>1</qty>
          <unit/></amt>
        <item>Bay leaf</item></ing>
      <ing>
        <amt>
          <qty/>
          <unit/></amt>
        <item>Buttered noodles</item></ing></ingredients>
    <directions>
      <step>  350 degree oven Time to prepare - 3 hours In casserole thoroughly combine
  ingredients.Cover and bake 2 1/2 to 3 hours,until tender and sauce has
  thickened.Serve over noodles.
 
</step></directions></recipe></recipeml>
