<?xml version="1.0" encoding="UTF-8"?>

<recipeml version="0.5">
  <recipe>
    <head>
      <title>Baked Carrots and Potatoes with Nutmeg</title>
      <categories>
        <cat>Vegetables</cat></categories>
      <yield>5</yield></head>
    <ingredients>
      <ing>
        <amt>
          <qty>1/2</qty>
          <unit>cups</unit></amt>
        <item>Onions, chopped</item></ing>
      <ing>
        <amt>
          <qty>2</qty>
          <unit>tablespoons</unit></amt>
        <item>Vegetable Broth</item></ing>
      <ing>
        <amt>
          <qty>4</qty>
          <unit>medium</unit></amt>
        <item>Carrots, peeled, julienned</item></ing>
      <ing>
        <amt>
          <qty>4</qty>
          <unit>medium</unit></amt>
        <item>Potatoes, peeled, julienned</item></ing>
      <ing>
        <amt>
          <qty/>
          <unit/></amt>
        <item>Salt And Pepper, to taste</item></ing>
      <ing>
        <amt>
          <qty/>
          <unit/></amt>
        <item>Nutmeg, grated, for garnish</item></ing>
      <ing>
        <amt>
          <qty>1</qty>
          <unit>cup</unit></amt>
        <item>Milk, Skim</item></ing></ingredients>
    <directions>
      <step>  In pan, saute onions in the vegetable broth. Place half of carrots in a
  casserole dish that has been sprayed with non-stick cooking spray. Top with
  half of the potatoes and all of the onions. Sprinkle with salt, pepper and
  nutmeg. Repeat with remaining vegetables. Pour in the skim milk. Cover and
  bake at 350 deg. F for 50-60 min. or until vegetables are done and liquid
  is absorbed.
  NOTES : Makes: 4-5 servings
  
  Posted to MC-Recipe Digest V1 #339
  
  Recipe by: The Workbasket Mar. 1989
  
  From: Sherry Zeiss &lt;zeiss@tab.com&gt;
  
  Date: Wed, 11 Dec 1996 23:09:11 -0600
 
</step></directions></recipe></recipeml>
