<?xml version="1.0" encoding="UTF-8"?>

<recipeml version="0.5">
  <recipe>
    <head>
      <title>Baked Cavatelli</title>
      <categories>
        <cat>Casseroles</cat>
        <cat>Pork/ham</cat>
        <cat>Pasta</cat>
        <cat>Italian</cat></categories>
      <yield>6</yield></head>
    <ingredients>
      <ing>
        <amt>
          <qty>2 1/2</qty>
          <unit>cups</unit></amt>
        <item>Macaroni, wagonwheel or</item></ing>
      <ing>
        <amt>
          <qty/>
          <unit/></amt>
        <item>Corkscrew</item></ing>
      <ing>
        <amt>
          <qty>12</qty>
          <unit>ounces</unit></amt>
        <item>Italian sausage links,</item></ing>
      <ing>
        <amt>
          <qty/>
          <unit/></amt>
        <item>Sliced 1/2" thick</item></ing>
      <ing>
        <amt>
          <qty>3/4</qty>
          <unit>cups</unit></amt>
        <item>Green onion, chopped</item></ing>
      <ing>
        <amt>
          <qty>2</qty>
          <unit/></amt>
        <item>Cloves garlic, minced</item></ing>
      <ing>
        <amt>
          <qty>1</qty>
          <unit>can</unit></amt>
        <item>Tomato sauce (15 oz)</item></ing>
      <ing>
        <amt>
          <qty>1</qty>
          <unit>can</unit></amt>
        <item>Spaghetti sauce w/mushrooms</item></ing>
      <ing>
        <amt>
          <qty/>
          <unit/></amt>
        <item>(14 oz)</item></ing>
      <ing>
        <amt>
          <qty>4</qty>
          <unit>ounces</unit></amt>
        <item>Mozzarella cheese, shredded</item></ing>
      <ing>
        <amt>
          <qty>1</qty>
          <unit>teaspoon</unit></amt>
        <item>Italian seasoning, crushed</item></ing>
      <ing>
        <amt>
          <qty>1/4</qty>
          <unit>teaspoons</unit></amt>
        <item>Pepper</item></ing></ingredients>
    <directions>
      <step>  Prepare pasta according to package directions.  Drain; set aside.
  
  In a large skillet to cook sausage till no pink remains; remove from
  skillet.  Drain off fat, reserving 1 tablespoon.  Cook green onion and
  garlic in reserved drippings till tender.
  
  In a 2 quart casserole combine cooked pasta, sausage, onion mixture,
  tomato sauce, spaghetti sauce, half of the mozzarella, Italian
  seasoning, and papper.  Toss gently to combine.
  
  Bake, covered, in a 375 F. oven for 25 minutes.  Uncover; sprinkle
  with remaining mozzarella.  Bake for 5 to 10 minutes more or till
  heated through.
  
  NOTE: For individual casseroles, prepare as directed except combine
  ingredients in a large mixing bowl.  Spoon into 6 individual
  casseroles. Bake, covered, in a 375 F. oven for 15 minutes.  Uncover;
  sprinkle with remaining mozzarella.  Bake for 5 to 10 minutes more or
  till heated through.
  
  Source: BETTER HOMES and GARDENS, January, 1993 issue. Typed for you
  by Nancy Coleman
  Posted to MM-Recipes Digest V3 #241
  
  Date: Tue, 3 Sep 1996 19:01:57 -0400
  
  From: BobbieB1@aol.com
 
</step></directions></recipe></recipeml>
