<?xml version="1.0" encoding="UTF-8"?>

<recipeml version="0.5">
  <recipe>
    <head>
      <title>Baked Chicken Breasts with Honey Mustard Sauce</title>
      <categories>
        <cat>Poultry</cat></categories>
      <yield>6</yield></head>
    <ingredients>
      <ing>
        <amt>
          <qty>1</qty>
          <unit>cup</unit></amt>
        <item>Raw long-grain wild rice</item></ing>
      <ing>
        <amt>
          <qty>2 1/2</qty>
          <unit>cups</unit></amt>
        <item>Canned chicken broth OR</item></ing>
      <ing>
        <amt>
          <qty>1</qty>
          <unit/></amt>
        <item>Chicken boullion cube dissolved in</item></ing>
      <ing>
        <amt>
          <qty>2 1/2</qty>
          <unit>cups</unit></amt>
        <item>Hot water</item></ing>
      <ing>
        <amt>
          <qty>3</qty>
          <unit/></amt>
        <item>Whole boneless chicken breasts, skins off or on (it's up to you), cut in half</item></ing>
      <ing>
        <amt>
          <qty>1</qty>
          <unit>cup</unit></amt>
        <item>Plain yogurt</item></ing>
      <ing>
        <amt>
          <qty>1/2</qty>
          <unit>cups</unit></amt>
        <item>Honey</item></ing>
      <ing>
        <amt>
          <qty>1/3</qty>
          <unit>cups</unit></amt>
        <item>Dijon mustard</item></ing>
      <ing>
        <amt>
          <qty>2</qty>
          <unit>tablespoons</unit></amt>
        <item>Dark brown sugar</item></ing>
      <ing>
        <amt>
          <qty>1</qty>
          <unit>tablespoon</unit></amt>
        <item>Soy sauce</item></ing></ingredients>
    <directions>
      <step>  Here is a recipe from Lora Brody's "The Kitchen Survival Guide."
  
  Heat oven to 375'F. with rack in center position. Spray a 2-quart casserole
  with non-stick vegetable cooking spray or coat it lightly with vegetable
  shortening. Pour rice over botton of prepared dish, then pour in broth.
  Rinse chicken and pat it dry with paper towels. Layer the chicken over the
  rice.
  
  Combine remaining ingredients, mix well, and spread over the chicken. Cover
  loosely with foil and bake 40-50 minutes. Remove the foil and continue
  baking 10 minutes, or until chicken is done. Makes 6 servings.
  
  NOTE: Test chicken for doneness by pricking with fork; juices should run
  clear. Or slice into thickest part with a small sharp knife to make sure
  there is no pinkness in the meat. If liquid is not absorbed, let sit 5-10
  before serving.
    Posted to MM-Recipes Digest V3 #266
  
    Date: Sat, 28 Sep 1996 07:10:05 -0500
  
    From: netdir@cyberspc.mb.ca (S.Pickell)
 
</step></directions></recipe></recipeml>
