<?xml version="1.0" encoding="UTF-8"?>

<recipeml version="0.5">
  <recipe>
    <head>
      <title>Baked Catfish Dijon</title>
      <categories>
        <cat>None</cat></categories>
      <yield>1</yield></head>
    <ingredients>
      <ing>
        <amt>
          <qty>2</qty>
          <unit>pounds</unit></amt>
        <item>Catfish fillets</item></ing>
      <ing>
        <amt>
          <qty/>
          <unit/></amt>
        <item>Salt and pepper to taste</item></ing>
      <ing>
        <amt>
          <qty>3/4</qty>
          <unit>cups</unit></amt>
        <item>Thin sliced onion</item></ing>
      <ing>
        <amt>
          <qty>2</qty>
          <unit>tablespoons</unit></amt>
        <item>Butter</item></ing>
      <ing>
        <amt>
          <qty>1</qty>
          <unit>cup</unit></amt>
        <item>Mayonnaise</item></ing>
      <ing>
        <amt>
          <qty>1/4</qty>
          <unit>cups</unit></amt>
        <item>Dijon mustard</item></ing>
      <ing>
        <amt>
          <qty>2</qty>
          <unit>tablespoons</unit></amt>
        <item>Lemon juice</item></ing>
      <ing>
        <amt>
          <qty>1/2</qty>
          <unit>teaspoons</unit></amt>
        <item>Tabasco</item></ing>
      <ing>
        <amt>
          <qty>1/4</qty>
          <unit>cups</unit></amt>
        <item>Chopped parsley</item></ing></ingredients>
    <directions>
      <step>  Preheat oven to 350. Arrange fish in shallow baking dish. Salt and pepper
  liberally; cover with sliced onions and dot with butter. Bake 20 minutes or
  until fish flakes easily. Mix mayonnaise, mustard, lemon juice, and
  tobasco. Pour over fish and broil 2 to 3 minutes until brown and bubbly.
  Sprinkle with parsley and serve hot with lemon wedges.
  
  Posted to EAT-L Digest 08 Sep 96
  
  From:    Fredna McNeil &lt;cjmcneil@ALPHA.NLU.EDU&gt;
  
  Date:    Mon, 9 Sep 1996 10:28:28 CST
 
</step></directions></recipe></recipeml>
