<?xml version="1.0" encoding="UTF-8"?>

<recipeml version="0.5">
  <recipe>
    <head>
      <title>Baked Caramel Apples</title>
      <categories>
        <cat>Apples</cat></categories>
      <yield>6</yield></head>
    <ingredients>
      <ing>
        <amt>
          <qty>4</qty>
          <unit>large</unit></amt>
        <item>Apples</item></ing>
      <ing>
        <amt>
          <qty>1</qty>
          <unit>tablespoon</unit></amt>
        <item>Butter or margarine</item></ing>
      <ing>
        <amt>
          <qty>1</qty>
          <unit>tablespoon</unit></amt>
        <item>Flour</item></ing>
      <ing>
        <amt>
          <qty>1</qty>
          <unit>cup</unit></amt>
        <item>Brown sugar</item></ing>
      <ing>
        <amt>
          <qty>1</qty>
          <unit>cup</unit></amt>
        <item>Boiling water</item></ing>
      <ing>
        <amt>
          <qty>1 1/2</qty>
          <unit>cups</unit></amt>
        <item>Miniature marshmallows</item></ing>
      <ing>
        <amt>
          <qty>1</qty>
          <unit>teaspoon</unit></amt>
        <item>Vanilla</item></ing></ingredients>
    <directions>
      <step>  Peel, core and 1/4 apples; place in 2 quart baking dish. Melt butter in
  medium saucepan; blend in flour. Add sugar and water, stirring over low
  heat until dissolved. Add marshmallows and continue stirring until melted.
  Bring sauce to boil; pour over apples. Bake at 350~ for 25 to 30 minutes,
  basting with sauce occasionally. Serve warm or cold.
  
  Posted to EAT-L Digest 27 Sep 96
  
  Date:    Fri, 27 Sep 1996 13:02:12 -0500
  
  From:    LD Goss &lt;ldgoss@METRONET.COM&gt;
 
</step></directions></recipe></recipeml>
