<?xml version="1.0" encoding="UTF-8"?>

<recipeml version="0.5">
  <recipe>
    <head>
      <title>Baked Chicken Bundles</title>
      <categories>
        <cat>R</cat>
        <cat>I</cat>
        <cat>C</cat>
        <cat>E-</cat>
        <cat>A-</cat></categories>
      <yield>1</yield></head>
    <ingredients>
      <ing>
        <amt>
          <qty>1</qty>
          <unit>package</unit></amt>
        <item>(5-ounce) Rice-A-Roni®chicken &amp; mushroom</item></ing>
      <ing>
        <amt>
          <qty>8</qty>
          <unit/></amt>
        <item>Boneless skinless chicken breast halves; (about 2 pounds)</item></ing>
      <ing>
        <amt>
          <qty>1/4</qty>
          <unit>cups</unit></amt>
        <item>Milk</item></ing>
      <ing>
        <amt>
          <qty>1/2</qty>
          <unit>cups</unit></amt>
        <item>Dry bread crumbs</item></ing>
      <ing>
        <amt>
          <qty>1/4</qty>
          <unit>cups</unit></amt>
        <item>Margarine or butter; melted</item></ing>
      <ing>
        <amt>
          <qty>1/4</qty>
          <unit>teaspoons</unit></amt>
        <item>Dried thyme leaves</item></ing>
      <ing>
        <amt>
          <qty>1/8</qty>
          <unit>teaspoons</unit></amt>
        <item>Ground black pepper</item></ing></ingredients>
    <directions>
      <step>  1.Heat oven to 375F. In large skillet prepare RICE-A-RONI as package
  directs. Let cool 10 minutes.
  
  2.Pound each chicken breast half to 1/4-inch thickness. Spoon 1/3 cup
  prepared RICE-A-RONI on each chicken breast half. Roll up chicken to
  completely enclose filling; secure with wooden toothpicks.
  
  3.Dip chicken in milk; roll in bread crumbs. Arrange in 13 x 9-inch glass
  baking dish; set aside.
  
  4.In small bowl, combine margarine, thyme and pepper; drizzle evenly over
  chicken. Bake 40 to 45 minutes or until chicken is done. Remove wooden
  toothpick before serving.
  
  Recipe by: RICE-A-RONI®
  
  Posted to brand-name-recipes by Barbra&lt;barbra@pipeline.com&gt; on Feb 04, 1998
 
</step></directions></recipe></recipeml>
