<?xml version="1.0" encoding="UTF-8"?>

<recipeml version="0.5">
  <recipe>
    <head>
      <title>Baked Chicken (Quartered)</title>
      <categories>
        <cat/></categories>
      <yield>100</yield></head>
    <ingredients>
      <ing>
        <amt>
          <qty>82</qty>
          <unit>pounds</unit></amt>
        <item>CHICKEN;WHOLE FZ</item></ing>
      <ing>
        <amt>
          <qty>1/4</qty>
          <unit>cups</unit></amt>
        <item>PEPPER BLACK 1 LB CN</item></ing>
      <ing>
        <amt>
          <qty>1/3</qty>
          <unit>cups</unit></amt>
        <item>SALT TABLE 5LB</item></ing>
      <ing>
        <amt>
          <qty>PAN:</qty>
          <unit>18</unit></amt>
        <item>BY 24-INCH ROASTING PAN                 TEMPERATURE:  350 F. OVEN</item></ing></ingredients>
    <directions>
      <step>  1.  WASH CHICKEN THOROUGHLY UNDER COLD RUNNING WATER.
  
  2.  DRAIN WELL.  REMOVE EXCESS FAT.
  
  3.  PLACE CHICKEN ON PANS SKIN SIDE UP WITHOUT CROWDING; SPRINKLE WITH
  MIXTURE OR SALT AND PEPPER.
  
  4.  BAKE 1 1/2 HOURS OR UNTIL DONE (180 F.).
  :
  
  NOTE:  1.  IN STEP 1, 65 LB CHICKEN, QUARTERED, OR 65 LB CHICKEN, BROILER-
  FRYER, 9 PIECE CUT UP (2 PIECES EACH PORTION) MAY BE USED.
  
  2.  OTHER SIZES AND TYPES OF PANS MAY BE USED.  SEE RECIPE NO. A-25.
  
  3.  IF DESIRED, RACKS MAY BE USED IN PANS.
  
  4.  IN STEP 4, IF CONVECTION OVEN IS USED, BAKE AT 350F., 45 MINUTES
  OR UNTIL DONE ON HIGH FAN, CLOSED VENT.
  
  Recipe Number: L14300
  
  SERVING SIZE: 1/4 CHICKE
  
  From the &lt;Army Master Recipe Index File&gt; (actually used today!).
  Downloaded from Glen's MM Recipe Archive, http://www.erols.com/hosey.
 
</step></directions></recipe></recipeml>
