<?xml version="1.0" encoding="UTF-8"?>

<recipeml version="0.5">
  <recipe>
    <head>
      <title>Baked Celery and Onions with Herbs</title>
      <categories>
        <cat>Casseroles</cat>
        <cat>Vegetables</cat></categories>
      <yield>6</yield></head>
    <ingredients>
      <ing>
        <amt>
          <qty>4</qty>
          <unit>tablespoons</unit></amt>
        <item>Unsalted butter</item></ing>
      <ing>
        <amt>
          <qty>1</qty>
          <unit>bunch</unit></amt>
        <item>Celery; cut 1inch pieces</item></ing>
      <ing>
        <amt>
          <qty>1 1/2</qty>
          <unit>tablespoons</unit></amt>
        <item>Cornstarch</item></ing>
      <ing>
        <amt>
          <qty>2</qty>
          <unit>cups</unit></amt>
        <item>Chicken broth</item></ing>
      <ing>
        <amt>
          <qty>1/2</qty>
          <unit>teaspoons</unit></amt>
        <item>Dried marjoram</item></ing>
      <ing>
        <amt>
          <qty>1/4</qty>
          <unit>teaspoons</unit></amt>
        <item>Dried thyme</item></ing>
      <ing>
        <amt>
          <qty>1/4</qty>
          <unit>teaspoons</unit></amt>
        <item>Salt</item></ing>
      <ing>
        <amt>
          <qty>1/4</qty>
          <unit>teaspoons</unit></amt>
        <item>Black pepper</item></ing>
      <ing>
        <amt>
          <qty>2</qty>
          <unit>tablespoons</unit></amt>
        <item>Fresh parsley; minced</item></ing>
      <ing>
        <amt>
          <qty>2</qty>
          <unit>medium</unit></amt>
        <item>Onions; thinly sliced</item></ing></ingredients>
    <directions>
      <step>  1. Melt the butter in a heavy 12 inch skillet over moderate heat.
  
  2. Add the celery and saute, stirring occasionally for 3 minutes or until
  crisp tender.
  
  3. In a small bowl, whisk together the cornstarch and chicken broth until
  smooth and add to the skillet.
  
  4. Bring to a boil, stirring. Reduce the heat to moderately low.. Simmer,
  stirring occasionally for 5 minutes.
  
  5. Add marjoram, thyme, salt, pepper and parsley.
  
  6. Preheat the oven to 350.
  
  7. Scatter the onion rings over the bottom of a buttered 12 by 8 by 2
  baking dish.
  
  8. Spoon the celery mixture over them and cover tightly with aluminum foil.
  AT this point the casserole can be cooled to room temperature and kept in
  the refrigerator for up to 24 hours.
  
  9. Bake , covered for 50 to 55 minutes.
  
  Recipe by: Readers Digest Cook Now, Serve Later, 1989
  
  Posted to MC-Recipe Digest V1 #1025 by njwwb &lt;njwwb@ibm.net&gt; on Jan 20,
  1998
 
</step></directions></recipe></recipeml>
