<?xml version="1.0" encoding="UTF-8"?>

<recipeml version="0.5">
  <recipe>
    <head>
      <title>Baked Cheese Grits</title>
      <categories>
        <cat>None</cat></categories>
      <yield>1</yield></head>
    <ingredients>
      <ing>
        <amt>
          <qty>3</qty>
          <unit>cups</unit></amt>
        <item>Water</item></ing>
      <ing>
        <amt>
          <qty>3/4</qty>
          <unit>cups</unit></amt>
        <item>Quick Grits; Uncooked</item></ing>
      <ing>
        <amt>
          <qty>1/4</qty>
          <unit>teaspoons</unit></amt>
        <item>Salt; (Optional)</item></ing>
      <ing>
        <amt>
          <qty>3</qty>
          <unit>tablespoons</unit></amt>
        <item>Chopped Pimento</item></ing>
      <ing>
        <amt>
          <qty>1</qty>
          <unit/></amt>
        <item>Egg; Beaten</item></ing>
      <ing>
        <amt>
          <qty>1</qty>
          <unit>cup</unit></amt>
        <item>Shredded Cheddar Cheese</item></ing>
      <ing>
        <amt>
          <qty>2</qty>
          <unit>tablespoons</unit></amt>
        <item>Margarine</item></ing>
      <ing>
        <amt>
          <qty>1/8</qty>
          <unit>teaspoons</unit></amt>
        <item>Garlic Powder; (Optional)</item></ing>
      <ing>
        <amt>
          <qty>1</qty>
          <unit>dash</unit></amt>
        <item>Red Pepper Sauce or Ground Red Pepper; (Optional)</item></ing></ingredients>
    <directions>
      <step>  Heat oven to 350 degrees. Grease 1-1/2 quart casseroleor baking dish.
  Prepare grits according to package directions.
  
  Add small amount of grits to beaten egg. Return grits mixture to pan. Add
  remaining ingredients. Cook over low heat an additional minute or until
  cheese is melted.
  
  Pour into prepared casserole. Bake 30 to 40 minutes, or until top is set
  and lightly puffed. Let stand 5 minutes before serving.
  
  Serves 4 to 6.
  
  Posted to recipelu-digest by molony &lt;molony@scsn.net&gt; on Feb 08, 1998
 
</step></directions></recipe></recipeml>
