<?xml version="1.0" encoding="UTF-8"?>

<recipeml version="0.5">
  <recipe>
    <head>
      <title>Baked Cheese Tomatoes</title>
      <categories>
        <cat>All newly t</cat>
        <cat>Vegetables</cat></categories>
      <yield>6</yield></head>
    <ingredients>
      <ing>
        <amt>
          <qty>4</qty>
          <unit>large</unit></amt>
        <item>Firm tomatoes</item></ing>
      <ing>
        <amt>
          <qty>2</qty>
          <unit>cups</unit></amt>
        <item>Grated mild cheddar cheese</item></ing>
      <ing>
        <amt>
          <qty>1</qty>
          <unit>cup</unit></amt>
        <item>Toasted bread cubes; (2 slices)</item></ing>
      <ing>
        <amt>
          <qty>2</qty>
          <unit>teaspoons</unit></amt>
        <item>Basil</item></ing>
      <ing>
        <amt>
          <qty>1/2</qty>
          <unit>teaspoons</unit></amt>
        <item>Salt</item></ing>
      <ing>
        <amt>
          <qty>1</qty>
          <unit>tablespoon</unit></amt>
        <item>Parsley flakes</item></ing>
      <ing>
        <amt>
          <qty>1/2</qty>
          <unit>cups</unit></amt>
        <item>Chopped cashews</item></ing>
      <ing>
        <amt>
          <qty>2</qty>
          <unit>tablespoons</unit></amt>
        <item>Butter; melted</item></ing>
      <ing>
        <amt>
          <qty>1/2</qty>
          <unit>cups</unit></amt>
        <item>Finely chopped onion</item></ing>
      <ing>
        <amt>
          <qty>1/2</qty>
          <unit>cups</unit></amt>
        <item>Tomato pulp</item></ing></ingredients>
    <directions>
      <step>  Preheat oven to 350 degrees. Core tomatoes and scoop out pulp, leaving
  sturdy shell. Sprinkle lightly with salt. Combine remaining ingredients.
  Fill tomato shells with cheese mixture. Bake, covered, for 30 minutes, or
  until cheese melts. Serves 6.
  
  For variation, tomatoes can be cooked on a grill for 15-30 minutes
  dependingon fire.
  
  Recipe by: Home Cooking--July 1996 Posted to MC-Recipe Digest V1 #730 by
  L979@aol.com on Aug 9, 1997
 
</step></directions></recipe></recipeml>
