<?xml version="1.0" encoding="UTF-8"?>

<recipeml version="0.5">
  <recipe>
    <head>
      <title>Baked Chalupas (Naturalland)</title>
      <categories>
        <cat>Mexico</cat>
        <cat>Vegetables</cat>
        <cat>Mc-recipe</cat>
        <cat>Veg-life</cat></categories>
      <yield>8</yield></head>
    <ingredients>
      <ing-div>
        <title/>
        <ing>
          <amt>
            <qty>4</qty>
            <unit>large</unit></amt>
          <item>Potatoes; scrubbed</item></ing></ing-div>
      <ing-div>
        <title>CHALUPAS</title>
        <ing>
          <amt>
            <qty>1/4</qty>
            <unit>cups</unit></amt>
          <item>Nonfat milk</item></ing>
        <ing>
          <amt>
            <qty>1/4</qty>
            <unit>cups</unit></amt>
          <item>Fresh Mexican herbs; such as</item></ing>
        <ing>
          <amt>
            <qty/>
            <unit/></amt>
          <item>Chives and cilantro; minced</item></ing>
        <ing>
          <amt>
            <qty/>
            <unit/></amt>
          <item>Salt and pepper; to taste</item></ing>
        <ing>
          <amt>
            <qty>2/3</qty>
            <unit>cups</unit></amt>
          <item>Grated lowfat pepper cheese such as jalapeno Jack</item></ing>
        <ing>
          <amt>
            <qty>1</qty>
            <unit>cup</unit></amt>
          <item>Vegetarian refried beans</item></ing>
        <ing>
          <amt>
            <qty>1/2</qty>
            <unit>cups</unit></amt>
          <item>Black olives; coarsely chopped</item></ing></ing-div></ingredients>
    <directions>
      <step>  1. Bake potatoes at 400F for 1 hour, or until tender. Remove from oven, cut
  potatoes in half, and scoop out centers with a spoon or melon baller,
  leaving approximately 1/4 inch of flesh and skin. Place potato flesh in a
  bowl, along with milk, herbs, salt, pepper, and half of the cheese. Stir to
  mash lightly and mix well; set aside.
  
  2. Place potato shells in a baking dish or on a cookie sheet. Divide
  refried beans among shells, top with olives, and fill with potato-cheese
  mixture. Sprinkle remaining cheese over tops.
  
  3. Bake for 20 minutes, or until cheese melts and filling has heated
  through.
  
  Makes 8 chalupas.
  
  Lacto PER SERVING: 155 CAL (26% from fat), 6g PROT, 3g FAT, 26g CARB, 417mg
  SOD, 1.5mg CHOL, 4g FIBER
  
  Notes: Chalupas usually are fried, canoe-shaped shells filled like tacos.
  Here, baked potatoes form the chalupa base. For a delicious lunch or
  dinner, serve with Guacamole Nueva, Grilled Salsa, and warm corn tortillas.
  
  Recipe by: ETHNIC FLAVORS: The Culinary Herbs of Mexico*
  
  Posted to MC-Recipe Digest by Kitpath &lt;phannema@wizard.ucr.edu&gt; on May 08,
  1998
 
</step></directions></recipe></recipeml>
