<?xml version="1.0" encoding="UTF-8"?>

<recipeml version="0.5">
  <recipe>
    <head>
      <title>Baked Cheese Omelette</title>
      <categories>
        <cat>None</cat></categories>
      <yield>4</yield></head>
    <ingredients>
      <ing>
        <amt>
          <qty>2</qty>
          <unit>tablespoons</unit></amt>
        <item>Butter</item></ing>
      <ing>
        <amt>
          <qty>1</qty>
          <unit>cup</unit></amt>
        <item>Finely diced cooked ham; (about 1/4 pound)</item></ing>
      <ing>
        <amt>
          <qty>6</qty>
          <unit/></amt>
        <item>Eggs</item></ing>
      <ing>
        <amt>
          <qty>1/2</qty>
          <unit>teaspoons</unit></amt>
        <item>Salt</item></ing>
      <ing>
        <amt>
          <qty/>
          <unit/></amt>
        <item>Few dashes liquid red pepper seasoning</item></ing>
      <ing>
        <amt>
          <qty>1/2</qty>
          <unit>teaspoons</unit></amt>
        <item>Rubbed sage</item></ing>
      <ing>
        <amt>
          <qty>1/4</qty>
          <unit>teaspoons</unit></amt>
        <item>Thyme</item></ing>
      <ing>
        <amt>
          <qty>1/4</qty>
          <unit>teaspoons</unit></amt>
        <item>Tarragon; crushed</item></ing>
      <ing>
        <amt>
          <qty>1/4</qty>
          <unit>cups</unit></amt>
        <item>Flour</item></ing>
      <ing>
        <amt>
          <qty>1/2</qty>
          <unit>teaspoons</unit></amt>
        <item>Baking powder</item></ing>
      <ing>
        <amt>
          <qty>1</qty>
          <unit>cup</unit></amt>
        <item>Small curd cottage cheese</item></ing>
      <ing>
        <amt>
          <qty>2</qty>
          <unit>cups</unit></amt>
        <item>Grated Monterey Jack cheese</item></ing></ingredients>
    <directions>
      <step>  Coat 4 (1-cup) bakers with butter, using 1 teaspoon per dish. Saute ham in
  remaining butter about 5 minutes. Place in baking dishes. Beat eggs with
  salt, pepper seasoning, sage, thyme, tarragon, flour and baking powder.
  Stir in cheeses. Spoon into baking dishes. Bake in 400 degree oven 15
  minutes. Reduce heat to 325 degrees and bake 15 minutes longer or until
  puffed and golden.
  
  Makes 4 servings.
  Posted to recipelu-digest by "bunny" &lt;layla696@ix.netcom.com&gt; on Feb 26,
  1998
 
</step></directions></recipe></recipeml>
