<?xml version="1.0" encoding="UTF-8"?>

<recipeml version="0.5">
  <recipe>
    <head>
      <title>Baked Brussels Sprouts Au Gratin</title>
      <categories>
        <cat>Vegetables</cat>
        <cat>Restaurants</cat></categories>
      <yield>6</yield></head>
    <ingredients>
      <ing>
        <amt>
          <qty>1</qty>
          <unit>quart</unit></amt>
        <item>Brussels sprouts</item></ing>
      <ing>
        <amt>
          <qty>2</qty>
          <unit>tablespoons</unit></amt>
        <item>Butter</item></ing>
      <ing>
        <amt>
          <qty>1/2</qty>
          <unit>cups</unit></amt>
        <item>Green onions, chpd</item></ing>
      <ing>
        <amt>
          <qty>1</qty>
          <unit>tablespoon</unit></amt>
        <item>Flour</item></ing>
      <ing>
        <amt>
          <qty>1/2</qty>
          <unit>slices</unit></amt>
        <item>Bacon</item></ing>
      <ing>
        <amt>
          <qty>1 1/2</qty>
          <unit>teaspoons</unit></amt>
        <item>Garlic, chpd</item></ing>
      <ing>
        <amt>
          <qty>1 1/2</qty>
          <unit>teaspoons</unit></amt>
        <item>Parsley, chpd</item></ing>
      <ing>
        <amt>
          <qty>1</qty>
          <unit>cup</unit></amt>
        <item>Water, reserved from cooking</item></ing>
      <ing>
        <amt>
          <qty>1/2</qty>
          <unit>teaspoons</unit></amt>
        <item>Salt</item></ing>
      <ing>
        <amt>
          <qty>1/8</qty>
          <unit/></amt>
        <item>Pepper</item></ing>
      <ing>
        <amt>
          <qty>1/2</qty>
          <unit>cups</unit></amt>
        <item>Cheddar cheese, grated</item></ing>
      <ing>
        <amt>
          <qty>2 1/2</qty>
          <unit>tablespoons</unit></amt>
        <item>Bread crumbs</item></ing></ingredients>
    <directions>
      <step>  Preheat oven 325 F. Wash and "x" bottom of brussels sprouts. Place in
  boiling water, enough to cover. Boil and simmer 10 mins or until tender.
  Drain and reserve 1 c hot liquid. Melt butter in sm skillet. Add green
  onions and saute 3 mins. Stir in flour and cook until flour is dissolved, 3
  mins. Add bacon, garlic and parsley. Cook 3 mins more. Pour in reserved
  water. Add salt and pepper. Bring to a boil, stirring constantly until
  thickened to consistency of heavy cream Remove bacon from sauce. Place
  sprouts base down in a buttered casserole. Pour sauce over. Top wih grated
  cheese then breadcrumbs. Bake 30 mins or until top is browned.
  
  From Gemini's MASSIVE MealMaster collection at www.synapse.com/~gemini
 
</step></directions></recipe></recipeml>
