<?xml version="1.0" encoding="UTF-8"?>

<recipeml version="0.5">
  <recipe>
    <head>
      <title>Baked Chicken</title>
      <categories>
        <cat>None</cat></categories>
      <yield>1</yield></head>
    <ingredients>
      <ing>
        <amt>
          <qty>1</qty>
          <unit>can</unit></amt>
        <item>(16 oz) cranberry sauce (either jellied or whole berry)</item></ing>
      <ing>
        <amt>
          <qty>1</qty>
          <unit>package</unit></amt>
        <item>Dry Lipton Onion Soup Mix</item></ing>
      <ing>
        <amt>
          <qty>1</qty>
          <unit/></amt>
        <item>Bottle (8 oz) french garlic dressing (I've also used Russian or Italian dressing, or even low or no fat)</item></ing>
      <ing>
        <amt>
          <qty>1</qty>
          <unit/></amt>
        <item>Chicken (I use 4-5 boneless skinless breasts, Sams or Price Club variety)</item></ing></ingredients>
    <directions>
      <step>  Mix together and bake at 350 degrees for 1 1/2 hours.
  
  I cook rice with this dish (separately) and spoon sauce on the rice.
  
  Posted to EAT-L Digest 23 November 96
  
  Date:    Sun, 24 Nov 1996 16:09:44 -0700
  
  From:    Marilyn Gardner &lt;mgard@UNM.EDU&gt;
 
</step></directions></recipe></recipeml>
