<?xml version="1.0" encoding="UTF-8"?>

<recipeml version="0.5">
  <recipe>
    <head>
      <title>Baked Catfish Fillets with Horseradish Sauce</title>
      <categories>
        <cat>Seafood</cat>
        <cat>Syd's book</cat></categories>
      <yield>4</yield></head>
    <ingredients>
      <ing>
        <amt>
          <qty>1 1/2</qty>
          <unit>pounds</unit></amt>
        <item>Catfish Fillets</item></ing>
      <ing>
        <amt>
          <qty>1</qty>
          <unit>tablespoon</unit></amt>
        <item>Lemon Juice</item></ing>
      <ing>
        <amt>
          <qty>2</qty>
          <unit>x</unit></amt>
        <item>Egg Whites</item></ing>
      <ing>
        <amt>
          <qty>2</qty>
          <unit>tablespoons</unit></amt>
        <item>Sour Cream</item></ing>
      <ing>
        <amt>
          <qty>1</qty>
          <unit>tablespoon</unit></amt>
        <item>Grated Onion</item></ing>
      <ing>
        <amt>
          <qty/>
          <unit/></amt>
        <item>Clove Garlic</item></ing>
      <ing>
        <amt>
          <qty>1/4</qty>
          <unit>teaspoons</unit></amt>
        <item>Dry Mustard</item></ing>
      <ing>
        <amt>
          <qty>1/4</qty>
          <unit>teaspoons</unit></amt>
        <item>White Pepper</item></ing>
      <ing>
        <amt>
          <qty>2</qty>
          <unit>tablespoons</unit></amt>
        <item>Butter Or Margarine</item></ing>
      <ing>
        <amt>
          <qty>2</qty>
          <unit>tablespoons</unit></amt>
        <item>Flour</item></ing>
      <ing>
        <amt>
          <qty>1</qty>
          <unit>cup</unit></amt>
        <item>Milk</item></ing>
      <ing>
        <amt>
          <qty>4</qty>
          <unit>teaspoons</unit></amt>
        <item>Prepared Horseradish</item></ing></ingredients>
    <directions>
      <step>  Arrange fish on baking pan sprayed with nonstick cooking spray.  Sprinkle
  with lemon juice.  In small bowl beat egg whites until soft peaks form.
  Fold in sour cream, onion, garlic, mustard and 1/8 teaspoon white pepper.
  Spoon some of mixture on top of each fillet.  Bake at 375øF for 20 minutes
  or until fish is opaque or skewer glides easily through flesh.  Meanwhile
  in small saucepan melt butter.  Blend in flour until smooth.  Stir in milk,
  horseradish and remaining 1/8 teaspoon white pepper.  Cook and stir over
  medium heat until mixture is bubbly and slightly thickened.  Serve over
  fish.  From: Syd's Cookbook.
  
  File ftp://ftp.idiscover.co.uk/pub/food/mealmaster/recipes/sydsbook.zip
 
</step></directions></recipe></recipeml>
