<?xml version="1.0" encoding="UTF-8"?>

<recipeml version="0.5">
  <recipe>
    <head>
      <title>Baked Catfish with Onions and Tomatoes</title>
      <categories>
        <cat>Fish</cat></categories>
      <yield>4</yield></head>
    <ingredients>
      <ing>
        <amt>
          <qty>4</qty>
          <unit/></amt>
        <item>Whole catfish; 2/3 to 3/4 pound each</item></ing>
      <ing>
        <amt>
          <qty/>
          <unit/></amt>
        <item>Salt and pepper to taste</item></ing>
      <ing>
        <amt>
          <qty>1/4</qty>
          <unit>cups</unit></amt>
        <item>Parsley; chopped coarse</item></ing>
      <ing>
        <amt>
          <qty>2</qty>
          <unit>large</unit></amt>
        <item>Tomatoes -or-</item></ing>
      <ing>
        <amt>
          <qty>1</qty>
          <unit>can</unit></amt>
        <item>(16-oz) tomatoes; crushed</item></ing>
      <ing>
        <amt>
          <qty>2</qty>
          <unit/></amt>
        <item>Bunches green onions; cut in 1-inch pieces including tops</item></ing>
      <ing>
        <amt>
          <qty>3</qty>
          <unit/></amt>
        <item>Cloves garlic; minced</item></ing>
      <ing>
        <amt>
          <qty>2</qty>
          <unit>tablespoons</unit></amt>
        <item>Oregano</item></ing>
      <ing>
        <amt>
          <qty>1/2</qty>
          <unit>teaspoons</unit></amt>
        <item>Flaked red pepper</item></ing></ingredients>
    <directions>
      <step>   Preheat oven to 400 degrees. Wash catfish, do not dry. Make 2 slashes on
  each side, about 1 inch apart, on the thickest part of the fish. Brush
  generously with oil and season with salt and pepper. Set fish aside.
  
   In mixing bowl, combine crushed tomatoes, onions, parsley, red pepper,
  garlic, oregano and 2 tablespoons oil; mix. Season to taste. In 12x9x2-inch
  baking pan, cover bottom with 1/2 cup tomato and onion mixture. Arrange
  fish in pan; then pour remainder of sauce over fish. Bake in preheated oven
  25-30 minutes or until fish flakes easily with a fork. Serve fish with
  pasta or rice. Makes 4 servings.
  
  NEWSPAPER ARTICLE
  
  From a collection of my mother's (Judy Hosey) recipe box which contained
  lots of her favorite recipes, clippings, etc.  Downloaded from Glen's MM
  Recipe Archive, http://www.erols.com/hosey.
 
</step></directions></recipe></recipeml>
