<?xml version="1.0" encoding="UTF-8"?>

<recipeml version="0.5">
  <recipe>
    <head>
      <title>Baked Caramel Corn</title>
      <categories>
        <cat>Snacks</cat>
        <cat>Nuts</cat>
        <cat>Popcorn</cat></categories>
      <yield>1</yield></head>
    <ingredients>
      <ing>
        <amt>
          <qty>1/2</qty>
          <unit>cups</unit></amt>
        <item>Butter</item></ing>
      <ing>
        <amt>
          <qty>1</qty>
          <unit>cup</unit></amt>
        <item>Brown sugar</item></ing>
      <ing>
        <amt>
          <qty>1/4</qty>
          <unit>cups</unit></amt>
        <item>Corn syrup</item></ing>
      <ing>
        <amt>
          <qty>1/2</qty>
          <unit>teaspoons</unit></amt>
        <item>Salt</item></ing>
      <ing>
        <amt>
          <qty>1/4</qty>
          <unit>teaspoons</unit></amt>
        <item>Baking soda</item></ing>
      <ing>
        <amt>
          <qty>1/2</qty>
          <unit>teaspoons</unit></amt>
        <item>Vanilla</item></ing>
      <ing>
        <amt>
          <qty>4</qty>
          <unit>quarts</unit></amt>
        <item>Popped popcorn</item></ing>
      <ing>
        <amt>
          <qty>2/3</qty>
          <unit>cups</unit></amt>
        <item>Nuts; almonds; pecans -OR- peanuts</item></ing></ingredients>
    <directions>
      <step>  Pop popcorn and remove old maids. Spread popcorn in a large flat pan and
  preheat in a 250~ oven. In a saucepan, melt butter and stir in brown sugar,
  corn syrup, and salt. Stir constantly until the mixture comes to a boil,
  and continue to boil without stirring for about 5 minutes (240~). Remove
  from heat and add soda and vanilla, stirring until foamy. If nuts are used,
  add them now, stirring until heated through and no longer clumped. Pour
  syrup mixture over preheated popcorn and stir to coat. Bake for about 30
  minutes, stirring 2 or 3 times to evenly distribute the coating. Bake
  longer, about 60 minutes, for a more Crackerjacks-like taste. Cool, break
  up and store airtight.
  Posted to recipelu-digest Volume 01 Number 652 by RecipeLu
  &lt;recipelu@geocities.com&gt; on Jan 31, 1998
 
</step></directions></recipe></recipeml>
