<?xml version="1.0" encoding="UTF-8"?>

<recipeml version="0.5">
  <recipe>
    <head>
      <title>Baked Chicken Breasts with Lemon and Mustard</title>
      <categories>
        <cat>None</cat></categories>
      <yield>1</yield></head>
    <ingredients>
      <ing>
        <amt>
          <qty>12</qty>
          <unit>medium</unit></amt>
        <item>Skinned and boned chicken breast halves (I used 8, it just meant more sauce)</item></ing>
      <ing>
        <amt>
          <qty>1</qty>
          <unit>medium</unit></amt>
        <item>Onion; quartered</item></ing>
      <ing>
        <amt>
          <qty>2</qty>
          <unit/></amt>
        <item>Minced cloves of garlic</item></ing>
      <ing>
        <amt>
          <qty>3/4</qty>
          <unit>cups</unit></amt>
        <item>Lemon juice</item></ing>
      <ing>
        <amt>
          <qty>2</qty>
          <unit>tablespoons</unit></amt>
        <item>Dry mustard</item></ing>
      <ing>
        <amt>
          <qty>1 1/2</qty>
          <unit>teaspoons</unit></amt>
        <item>Salt (I used less)</item></ing>
      <ing>
        <amt>
          <qty>1/4</qty>
          <unit>teaspoons</unit></amt>
        <item>Pepper</item></ing>
      <ing>
        <amt>
          <qty>1/4</qty>
          <unit>cups</unit></amt>
        <item>Olive oil</item></ing></ingredients>
    <directions>
      <step>  I made this last week for Shabbas lunch, and it was so delicious I made it
  for yesterday also. Pretty easy, but looks very elegant.
  
  Source: Helen Nash's Lower-Fat Kosher Kitchen
  
  Puree everything except the chicken breasts in a blender or food processor.
  Lay the chicken breasts in a baking pan in a single layer, and pour the
  sauce over it. Refrigerate for around eight hours. (I only did it for two,
  and it came out fine.) Turn the breasts over once during refrigeration.
  
  Bake at 400 for ten minutes, turn them over, and bake for another ten
  minutes. Serve garnished with shredded chives, scallions, etc.
  
  Posted to JEWISH-FOOD digest V97 #229 by Goldtag1@aol.com on Aug 10, 1997
 
</step></directions></recipe></recipeml>
