<?xml version="1.0" encoding="UTF-8"?>

<recipeml version="0.5">
  <recipe>
    <head>
      <title>Baked Buttered Broccoli</title>
      <categories>
        <cat>Vegetables</cat>
        <cat>Side dish/v</cat>
        <cat>Hanford</cat>
        <cat>Broccoli</cat></categories>
      <yield>1</yield></head>
    <ingredients>
      <ing>
        <amt>
          <qty>2</qty>
          <unit>packages</unit></amt>
        <item>Broccoli, frozen</item></ing>
      <ing>
        <amt>
          <qty>1/2</qty>
          <unit>cups</unit></amt>
        <item>Water</item></ing>
      <ing>
        <amt>
          <qty>1/2</qty>
          <unit>teaspoons</unit></amt>
        <item>Salt butter or margarine salt and pepper</item></ing></ingredients>
    <directions>
      <step>  Place broccoli, water and salt in a 1-1/2 quart casserole. Cover and bake
  in a 375 degree F. oven, with the meat loaf, for 50 minutes, or until
  tender. Drain. Serve with butter or margarine, salt and pepper. Makes 6
  servings.
  
  Source: Florence P. Hanford's Television Kitchen Meals, 1964.
  
  Shared by: June Hoffman, 9/93 Converted by MMCONV vers. 1.50
  
  From Gemini's MASSIVE MealMaster collection at www.synapse.com/~gemini
 
</step></directions></recipe></recipeml>
