<?xml version="1.0" encoding="UTF-8"?>

<recipeml version="0.5">
  <recipe>
    <head>
      <title>Baked Canned Ham</title>
      <categories>
        <cat/></categories>
      <yield>100</yield></head>
    <ingredients>
      <ing>
        <amt>
          <qty>25</qty>
          <unit>pounds</unit></amt>
        <item>HAM SECTIONED CURED</item></ing>
      <ing>
        <amt>
          <qty>3</qty>
          <unit>pounds</unit></amt>
        <item>SUGAR; BROWN, 2 LB</item></ing>
      <ing>
        <amt>
          <qty>5</qty>
          <unit>tablespoons</unit></amt>
        <item>CLOVES GROUND</item></ing>
      <ing>
        <amt>
          <qty>1 1/2</qty>
          <unit>quarts</unit></amt>
        <item>VINEGAR CIDER</item></ing>
      <ing>
        <amt>
          <qty>PAN:</qty>
          <unit>18</unit></amt>
        <item>BY 24-INCH ROASTING PAN              TEMPERATURE:  325 F. OVEN</item></ing></ingredients>
    <directions>
      <step>  1.  SPLIT CASING; PEEL FROM HAM. PLACE HAMS IN PAN.
  
  2.  STICK CLOVES INTO HAM, ABOUT 1 INCH APART.
  
  3.  COMBINE SUGAR AND VINEGAR; POUR OVER HAMS.
  
  4.  INSERT MEAT THERMOMETER INTO CENTER OF HAM.
  
  5.  BAKE UNCOVERED 2 TO 2 1/2 HOURS OR UNTIL MEAT THERMOMETER REGISTERS
      140    F.
  
  6.  LET STAND 20 MINUTES BEFORE SLICING.
  
  NOTE:  1.  IN STEP 1, RACKS MAY BE USED.
  
  NOTE:  2.  OTHER SIZES AND TYPES OF PANS MAY BE USED. SEE RECIPE NO. A-25.
  
  Recipe Number: L07100
  
  SERVING SIZE: 2 SLICES (
  
  From the &lt;Army Master Recipe Index File&gt; (actually used today!).
  Downloaded from Glen's MM Recipe Archive, http://www.erols.com/hosey.
 
</step></directions></recipe></recipeml>
