<?xml version="1.0" encoding="UTF-8"?>

<recipeml version="0.5">
  <recipe>
    <head>
      <title>Baked Caramel Corn #3</title>
      <categories>
        <cat>Appetizer</cat></categories>
      <yield>10</yield></head>
    <ingredients>
      <ing>
        <amt>
          <qty>1</qty>
          <unit>cup</unit></amt>
        <item>Butter</item></ing>
      <ing>
        <amt>
          <qty>2</qty>
          <unit>cups</unit></amt>
        <item>Brown Sugar</item></ing>
      <ing>
        <amt>
          <qty>1/2</qty>
          <unit>cups</unit></amt>
        <item>Cornsyrup</item></ing>
      <ing>
        <amt>
          <qty>1</qty>
          <unit>teaspoon</unit></amt>
        <item>Salt</item></ing>
      <ing>
        <amt>
          <qty>1/2</qty>
          <unit>teaspoons</unit></amt>
        <item>Baking Soda</item></ing>
      <ing>
        <amt>
          <qty>1</qty>
          <unit>teaspoon</unit></amt>
        <item>Vanilla</item></ing>
      <ing>
        <amt>
          <qty>6</qty>
          <unit>quarts</unit></amt>
        <item>Popped Popcorn</item></ing></ingredients>
    <directions>
      <step>  Melt butter; stir in brown sugar, cornsyrup and salt. Bring to a boil,
  stirring constantly, than boil,without stirring for 5 minutes. Remove from
  heat, stir in soda and vanilla. Gradually pour over corn, mix well. Turn
  into two large, shallow baking pans. Bake at 250 degrees F for 1 hour, stir
  every 15 minutes. Remove from oven, cool completly. Break apart and store
  in tightly covered containers. Found this in some magazine a while ago,
  dont know which one any more! From Brigitte Sealing, Cyberealm BBS
  Watertown NY 315-786-1120
  
  Date: Sat, 1 Jun 1996 18:56:45 -0400
  
  From: BobbieB1@aol.com
  
  MM-Recipes Digest V3 #160
  
  From the MealMaster recipe list.  Downloaded from Glen's MM Recipe Archive,
  http://www.erols.com/hosey.
 
</step></directions></recipe></recipeml>
