<?xml version="1.0" encoding="UTF-8"?>

<recipeml version="0.5">
  <recipe>
    <head>
      <title>Baked Cheese Spread</title>
      <categories>
        <cat>Appetizers</cat>
        <cat>Crocker</cat></categories>
      <yield>32</yield></head>
    <ingredients>
      <ing>
        <amt>
          <qty>4 1/2</qty>
          <unit>ounces</unit></amt>
        <item>Camembert cheese</item></ing>
      <ing>
        <amt>
          <qty>8</qty>
          <unit>ounces</unit></amt>
        <item>Cream cheese, softened</item></ing>
      <ing>
        <amt>
          <qty>1/4</qty>
          <unit>cups</unit></amt>
        <item>Milk</item></ing>
      <ing>
        <amt>
          <qty>1/2</qty>
          <unit>teaspoons</unit></amt>
        <item>Salt</item></ing>
      <ing>
        <amt>
          <qty>1/2</qty>
          <unit>teaspoons</unit></amt>
        <item>Dried marjoram leaves</item></ing>
      <ing>
        <amt>
          <qty>2</qty>
          <unit/></amt>
        <item>Eggs</item></ing>
      <ing>
        <amt>
          <qty>2</qty>
          <unit/></amt>
        <item>Green onions (with tops), sliced</item></ing>
      <ing>
        <amt>
          <qty/>
          <unit/></amt>
        <item>Paprika</item></ing>
      <ing>
        <amt>
          <qty>32</qty>
          <unit/></amt>
        <item>Thin slices French bread</item></ing></ingredients>
    <directions>
      <step>  Remove rind from Camembert cheese and let cheese stand until room
  temperature.
  
  Mix cheeses and remaining ingredients except paprika and bread on low speed
  until smooth. Pour into greased 1-quart casserole; sprinkle with paprika.
  Bake uncovered in 350F oven until knife inserted 1 inch from edge comes out
  clean, 30 to 35 minutes. Serve with French bread. 32 servings; 85 calories
  per serving.
  
  Source: Betty Crocker's Cookbook, 6th Edition
  
  From Gemini's MASSIVE MealMaster collection at www.synapse.com/~gemini
 
</step></directions></recipe></recipeml>
