<?xml version="1.0" encoding="UTF-8"?>

<recipeml version="0.5">
  <recipe>
    <head>
      <title>Baked Cheese Grits</title>
      <categories>
        <cat>Breakfast</cat>
        <cat>Cheese/eggs</cat>
        <cat>Ovo-lacto</cat></categories>
      <yield>6</yield></head>
    <ingredients>
      <ing>
        <amt>
          <qty>1/2</qty>
          <unit>teaspoons</unit></amt>
        <item>Salt</item></ing>
      <ing>
        <amt>
          <qty>2 2/3</qty>
          <unit>cups</unit></amt>
        <item>Water</item></ing>
      <ing>
        <amt>
          <qty>2/3</qty>
          <unit>cups</unit></amt>
        <item>Hominy grits, quick-cooking</item></ing>
      <ing>
        <amt>
          <qty>2</qty>
          <unit>tablespoons</unit></amt>
        <item>Butter or margarine</item></ing>
      <ing>
        <amt>
          <qty>6</qty>
          <unit>ounces</unit></amt>
        <item>American cheese, shredded</item></ing>
      <ing>
        <amt>
          <qty>2</qty>
          <unit/></amt>
        <item>Eggs; beaten</item></ing>
      <ing>
        <amt>
          <qty>1/8</qty>
          <unit>teaspoons</unit></amt>
        <item>Pepper</item></ing></ingredients>
    <directions>
      <step>  Preheat oven to 350 F (moderate)
  
  Grease a 2-quart baking dish.
  
  Add salt to water.  Bring to a full, rolling boil.  Add grits; return to
  boiling point.  Cook, stirring constantly, until very thick, about 6
  minutes.
  
  Remove from heat.  Add fat.  Mix cheese, eggs, and pepper.  Stir into
  grits.  Pour into baking dish.  Bake 40 minutes or until lightly browned.
  
  Calories per 2/3 cup serving: About 230
  
  Source: FOOD -- by U.S. Department of Agriculture
  Typed for you by Karen Mintzias
  
  File ftp://ftp.idiscover.co.uk/pub/food/mealmaster/recipes/usdafood.zip
 
</step></directions></recipe></recipeml>
