<?xml version="1.0" encoding="UTF-8"?>

<recipeml version="0.5">
  <recipe>
    <head>
      <title>Baked Chicken and Rice</title>
      <categories>
        <cat>Posted to r</cat>
        <cat>Poultry</cat>
        <cat>Cooper</cat>
        <cat>Rice</cat></categories>
      <yield>8</yield></head>
    <ingredients>
      <ing>
        <amt>
          <qty>8</qty>
          <unit/></amt>
        <item>Pieces boned and skinned chicken breast halves; 4 oz each</item></ing>
      <ing>
        <amt>
          <qty>1/4</qty>
          <unit>cups</unit></amt>
        <item>Margarine; melted</item></ing>
      <ing>
        <amt>
          <qty>1</qty>
          <unit>medium</unit></amt>
        <item>Onion; chopped</item></ing>
      <ing>
        <amt>
          <qty>1</qty>
          <unit>can</unit></amt>
        <item>Cream of chicken soup</item></ing>
      <ing>
        <amt>
          <qty>2/3</qty>
          <unit>cups</unit></amt>
        <item>Dry white wine</item></ing>
      <ing>
        <amt>
          <qty>1</qty>
          <unit>tablespoon</unit></amt>
        <item>Parsley; chopped</item></ing>
      <ing>
        <amt>
          <qty>1</qty>
          <unit>teaspoon</unit></amt>
        <item>Paprika</item></ing>
      <ing>
        <amt>
          <qty/>
          <unit/></amt>
        <item>Pepper; to taste</item></ing>
      <ing>
        <amt>
          <qty>1</qty>
          <unit>tablespoon</unit></amt>
        <item>Soy sauce</item></ing>
      <ing>
        <amt>
          <qty>1</qty>
          <unit>tablespoon</unit></amt>
        <item>Lemon juice</item></ing></ingredients>
    <directions>
      <step>  Lightly brown the chicken breasts in margarine in a covered skillet. Remove
  the chicken from the skillet and place in a medium sized baking dish. Add
  the onions to the margarine remaining in the skillet, and cook until
  tender, being careful not to brown. Add the soup, white wine, seasonings
  and lemon juice. Blend thoroughly and pour over the chicken. Bake at 350
  degrees for about 45 minutes. Remove from the oven. Place the chicken on a
  bed of hot rice.
  
  Recipe by: Cook Healthy Cook Quick Cookbook
  
  Posted to MC-Recipe Digest V1 #1037 by Sewgoode &lt;Sewgoode@aol.com&gt; on Jan
  23, 1998
 
</step></directions></recipe></recipeml>
