<?xml version="1.0" encoding="UTF-8"?>

<recipeml version="0.5">
  <recipe>
    <head>
      <title>Baked Chicken (Kotopoulo Psito)</title>
      <categories>
        <cat>Chicken</cat>
        <cat>Greek</cat>
        <cat>Main dishes</cat></categories>
      <yield>4</yield></head>
    <ingredients>
      <ing>
        <amt>
          <qty>2 1/2</qty>
          <unit>pounds</unit></amt>
        <item>Frying chicken; whole</item></ing>
      <ing>
        <amt>
          <qty/>
          <unit/></amt>
        <item>Juice of 1 lemon</item></ing>
      <ing>
        <amt>
          <qty/>
          <unit/></amt>
        <item>Salt and pepper</item></ing>
      <ing>
        <amt>
          <qty>1</qty>
          <unit>teaspoon</unit></amt>
        <item>Oregano</item></ing>
      <ing>
        <amt>
          <qty>1</qty>
          <unit/></amt>
        <item>Clove garlic; minced</item></ing>
      <ing>
        <amt>
          <qty>4</qty>
          <unit>tablespoons</unit></amt>
        <item>Margarine; OR</item></ing>
      <ing>
        <amt>
          <qty>2</qty>
          <unit>tablespoons</unit></amt>
        <item>Olive oil</item></ing>
      <ing>
        <amt>
          <qty>2</qty>
          <unit>tablespoons</unit></amt>
        <item>Fresh tomato; peeled/chopped</item></ing></ingredients>
    <directions>
      <step>  Wash fryer in cooled water and pat dry. Rub chicken with juice of 1 lemon,
  salt and pepper. Mix remaining lemon juice, oregano, garlic and additional
  salt and pepper and rub cavity of chicken. Place chicken in a pan with 1
  cup water. In a small bowl, mix olive oil or margarine with chopped
  tomatoes; pour over chicken. Bake in a 450 F. oven until golden brown.
  Lower heat to 350 F. and bake, uncovered, for 30 minutes longer, basting
  and turning frequently. Serve with rice pilaf and yogurt. Makes 4 servings.
  MC formatting by bobbi744@sojourn.com
  
  Recipe by: Opaa! Greek Cooking Detroit Style by George J. Gekas
  
  Posted to MC-Recipe Digest V1 #819 by Roberta Banghart
  &lt;bobbi744@sojourn.com&gt; on Sep 29, 1997
 
</step></directions></recipe></recipeml>
