<?xml version="1.0" encoding="UTF-8"?>

<recipeml version="0.5">
  <recipe>
    <head>
      <title>Asian Chicken Salad W/spicy Peanut Sauce</title>
      <categories>
        <cat>Salad</cat></categories>
      <yield>4</yield></head>
    <ingredients>
      <ing-div>
        <title>SALAD</title>
        <ing>
          <amt>
            <qty>1 1/3</qty>
            <unit>tablespoons</unit></amt>
          <item>Seasame seeds</item></ing>
        <ing>
          <amt>
            <qty>6</qty>
            <unit>ounces</unit></amt>
          <item>Snow peas (fresh or frozen)</item></ing>
        <ing>
          <amt>
            <qty>1/2</qty>
            <unit>cups</unit></amt>
          <item>Chopped celery (inner stalk)</item></ing>
        <ing>
          <amt>
            <qty>3/4</qty>
            <unit>cups</unit></amt>
          <item>Corn kernels (fresh/frozen)</item></ing>
        <ing>
          <amt>
            <qty>1/4</qty>
            <unit>cups</unit></amt>
          <item>Chopped cilantro</item></ing>
        <ing>
          <amt>
            <qty>1/2</qty>
            <unit>pounds</unit></amt>
          <item>Pasta (short bite-sized)</item></ing>
        <ing>
          <amt>
            <qty>1</qty>
            <unit>pound</unit></amt>
          <item>Boneless skinless chicken breasts</item></ing></ing-div>
      <ing-div>
        <title>SPICY PEANUT SAUCE</title>
        <ing>
          <amt>
            <qty>2 2/3</qty>
            <unit>tablespoons</unit></amt>
          <item>Soy sauce</item></ing>
        <ing>
          <amt>
            <qty>2 2/3</qty>
            <unit>tablespoons</unit></amt>
          <item>Unseasoned rice vinegar</item></ing>
        <ing>
          <amt>
            <qty>1/4</qty>
            <unit>cups</unit></amt>
          <item>Cold water</item></ing>
        <ing>
          <amt>
            <qty>2</qty>
            <unit>tablespoons</unit></amt>
          <item>Sugar</item></ing>
        <ing>
          <amt>
            <qty>1/4</qty>
            <unit>teaspoons</unit></amt>
          <item>Salt</item></ing>
        <ing>
          <amt>
            <qty>1 1/2</qty>
            <unit>teaspoons</unit></amt>
          <item>Minced ginger root</item></ing>
        <ing>
          <amt>
            <qty>1</qty>
            <unit>teaspoon</unit></amt>
          <item>Minced garlic</item></ing>
        <ing>
          <amt>
            <qty>1/4</qty>
            <unit>cups</unit></amt>
          <item>Ground roasted peanuts</item></ing>
        <ing>
          <amt>
            <qty>2</qty>
            <unit>tablespoons</unit></amt>
          <item>Peanut oil</item></ing>
        <ing>
          <amt>
            <qty>2</qty>
            <unit>tablespoons</unit></amt>
          <item>Sesame oil</item></ing>
        <ing>
          <amt>
            <qty>2</qty>
            <unit>tablespoons</unit></amt>
          <item>Hot chili oil; or to taste</item></ing></ing-div></ingredients>
    <directions>
      <step>  Date: Sat, 20 Apr 1996 13:57:01 -7
  
  From: arlenes@holly.ColoState.EDU
  
  From Custom Cuisine.
  
  Toast sesame seeds in a small, dry skillet over medium heat, stirring
  constantly until seeds are golden, 3-4 minutes.
  
  Blanch fresh snow peas and corn in boiling water for 30 seconds, or thaw if
  frozen. Cook pasta, drain and cool. Poach chicken in simmering water in a
  covered skillet until chicken is just done, about 15 to 20 minutes. Don't
  overcook.
  
  To prepare sauce, add first 7 ingredients to a blender and process on high
  speed 1 minute. Add ground peanuts and process 1 minute more. In a cup,
  combine oils and drizzle into blender mixture while blending at low speed.
  
  In a large bowl combine blanched or thawed corn, cooked pasta, celery,
  cilantro and 3/4 of the sauce.  Chop chicken and arrange with snow peas
  over the pasta mixture. Top with remaining sauce and toasted sesame seeds.
  Serve chilled or at room temperature
  
  MM-RECIPES@IDISCOVER.NET
  
  MEAL-MASTER RECIPES LIST SERVER
  
  MM-RECIPES DIGEST V3 #112
  
  From the MealMaster recipe list.  Downloaded from Glen's MM Recipe Archive,
  http://www.erols.com/hosey.
 
</step></directions></recipe></recipeml>
