<?xml version="1.0" encoding="UTF-8"?>

<recipeml version="0.5">
  <recipe>
    <head>
      <title>Asian Shrimp and Noodles</title>
      <categories>
        <cat>Seafood</cat></categories>
      <yield>4</yield></head>
    <ingredients>
      <ing>
        <amt>
          <qty>8</qty>
          <unit>ounces</unit></amt>
        <item>Uncooked linguine</item></ing>
      <ing>
        <amt>
          <qty>1/3</qty>
          <unit>cups</unit></amt>
        <item>Water</item></ing>
      <ing>
        <amt>
          <qty>1</qty>
          <unit>tablespoon</unit></amt>
        <item>Sugar</item></ing>
      <ing>
        <amt>
          <qty>1</qty>
          <unit>tablespoon</unit></amt>
        <item>Rice or white vinegar</item></ing>
      <ing>
        <amt>
          <qty>1</qty>
          <unit>tablespoon</unit></amt>
        <item>Lime juice</item></ing>
      <ing>
        <amt>
          <qty>2</qty>
          <unit>tablespoons</unit></amt>
        <item>Fish sauce (or 3 tablespoons lite soy sauce and 1 tablespoon dry sherry can be substituted</item></ing>
      <ing>
        <amt>
          <qty>2</qty>
          <unit>tablespoons</unit></amt>
        <item>Ketchup</item></ing>
      <ing>
        <amt>
          <qty>8</qty>
          <unit>ounces</unit></amt>
        <item>Uncooked medium shrimp; shelled; devined and cut in half lengthwise</item></ing>
      <ing>
        <amt>
          <qty>2</qty>
          <unit>teaspoons</unit></amt>
        <item>Grated gingerroot</item></ing>
      <ing>
        <amt>
          <qty>4</qty>
          <unit/></amt>
        <item>Cloves garlic; minced</item></ing>
      <ing>
        <amt>
          <qty>1</qty>
          <unit>package</unit></amt>
        <item>(8-oz) fresh bean sprouts</item></ing>
      <ing>
        <amt>
          <qty>4</qty>
          <unit/></amt>
        <item>Green onions; sliced</item></ing>
      <ing>
        <amt>
          <qty>1/4</qty>
          <unit>cups</unit></amt>
        <item>Chopped fresh cilantro</item></ing>
      <ing>
        <amt>
          <qty>2</qty>
          <unit>tablespoons</unit></amt>
        <item>Chopped dry roasted peanuts</item></ing>
      <ing>
        <amt>
          <qty>Date:</qty>
          <unit/></amt>
        <item>Mon, 17 Jun 1996 17:00:28 -0700</item></ing>
      <ing>
        <amt>
          <qty>From:</qty>
          <unit/></amt>
        <item>Patricia Moore &lt;PCPJMOOR@IHC.COM&gt;</item></ing></ingredients>
    <directions>
      <step>  1. Cook linguine to desired doneness as directed on package.  Drain; set
  aside.
  
  2.  Meanwhile, in small bowl, combine next six ingred, mix well.  Set
  aside.
  
  3.  Spray nonstick wok or large nonstick skillet with nonstick cooking
  spray. Heat over med-high heat until hot. Add shrimp, gingerroot and
  garlic; cook and stir 2 to 3 minutes or until shrimp turn pink. Remove from
  skillet; place on plate.
  
  4.  Add drained noodles to skillet; cook and stir about 30 seconds.  Stir
  in sauce mixture and bean sprouts; cook and stir until noodles are well
  coated and begin to absorb sauce. Stir in shrimp mixture, onions, cilantro
  and peanuts. Serve immediately. 4 (1 1/2-cup) servings.
  
  I got this out of my May/June  Fast and Healthy Magazine Haven't tried it
  as I am not a fish eater, hope you enjoy! Patti PCPJMOOR@IHC.Com
  
  EAT-L DIGEST 17 JUNE 1996
  
  From the EAT-L recipe list.  Downloaded from Glen's MM Recipe Archive,
  http://www.erols.com/hosey.
 
</step></directions></recipe></recipeml>
