<?xml version="1.0" encoding="UTF-8"?>

<recipeml version="0.5">
  <recipe>
    <head>
      <title>Asian Noodles with Chile Shrimp and Cashews</title>
      <categories>
        <cat>*book revie</cat>
        <cat>Fish shellf</cat>
        <cat>Mcrecipe</cat></categories>
      <yield>6</yield></head>
    <ingredients>
      <ing>
        <amt>
          <qty>1/2</qty>
          <unit>pounds</unit></amt>
        <item>Dried Chinese-style noodles or vermicilli</item></ing>
      <ing>
        <amt>
          <qty>3</qty>
          <unit>tablespoons</unit></amt>
        <item>Peanut oil</item></ing>
      <ing>
        <amt>
          <qty>1</qty>
          <unit>pound</unit></amt>
        <item>Large shrimp; peeled and deveined</item></ing>
      <ing>
        <amt>
          <qty>3</qty>
          <unit/></amt>
        <item>Cloves garlic; minced</item></ing>
      <ing>
        <amt>
          <qty>1</qty>
          <unit>tablespoon</unit></amt>
        <item>Grated ginger root</item></ing>
      <ing>
        <amt>
          <qty>4</qty>
          <unit/></amt>
        <item>Scallions; thinly sliced</item></ing>
      <ing>
        <amt>
          <qty>1</qty>
          <unit>large</unit></amt>
        <item>Red bell pepper; julienned</item></ing>
      <ing>
        <amt>
          <qty>1</qty>
          <unit>large</unit></amt>
        <item>Yellow bell pepper; julienned</item></ing>
      <ing>
        <amt>
          <qty>2</qty>
          <unit>tablespoons</unit></amt>
        <item>Prepared hot sauce</item></ing>
      <ing>
        <amt>
          <qty>1</qty>
          <unit>tablespoon</unit></amt>
        <item>Chinese chile paste</item></ing>
      <ing>
        <amt>
          <qty>1</qty>
          <unit>tablespoon</unit></amt>
        <item>Light soy sauce</item></ing>
      <ing>
        <amt>
          <qty>1</qty>
          <unit>tablespoon</unit></amt>
        <item>Sesame oil</item></ing>
      <ing>
        <amt>
          <qty>2</qty>
          <unit>teaspoons</unit></amt>
        <item>Honey</item></ing>
      <ing>
        <amt>
          <qty>1/2</qty>
          <unit>cups</unit></amt>
        <item>Cashews; toasted</item></ing></ingredients>
    <directions>
      <step>  In large pot of boiling salted water, cook noodles, breaking up with fork,
  until tender, about 3 minutes. Drain well and toss with 1 tablespoon oil.
  In large skillet over medium-high heat, heat 1 tablespoon oil and cook
  shrimp until they turn pink, about 3 minutes. Transfer to plate. In same
  skillet over medium-high heat, heat remaining tablespoon oil and cook
  garlic and ginger until fragrant, about 1 minute. Stir in scallions and
  bell peppers. Cook until tender, about 3 minutes. In small bowl, combine
  hot sauce, chile paste, soy sauce, sesame oil and honey until blended. Stir
  into skillet with vegetables. Stir in shrimp and cashews and heat to
  boiling. Remove from heat. In large bowl, toss noodles with vegetables and
  shrimp. Serve immediately.
  
  *Recipe from THE GREAT HOT SAUCE BOOK by Jennifer Trainer Thompson, (C)
  1995, used with permission of Ten Speed Press. &gt;www.compucook.com &gt;Pat
  Hanneman [3/15/98]
  
  Recipe by: THE GREAT HOT SAUCE BOOK by Jennifer Trainer Thompson*
  
  Posted to MC-Recipe Digest by KitPATh &lt;phannema@wizard.ucr.edu&gt; on Mar 15,
  1998
 
</step></directions></recipe></recipeml>
