<?xml version="1.0" encoding="UTF-8"?>

<recipeml version="0.5">
  <recipe>
    <head>
      <title>Asian Coleslaw</title>
      <categories>
        <cat>Salad</cat></categories>
      <yield>8</yield></head>
    <ingredients>
      <ing>
        <amt>
          <qty>1 1/2</qty>
          <unit>tablespoons</unit></amt>
        <item>Oil; olive</item></ing>
      <ing>
        <amt>
          <qty>3</qty>
          <unit>tablespoons</unit></amt>
        <item>Lemon juice</item></ing>
      <ing>
        <amt>
          <qty>1 1/2</qty>
          <unit>tablespoons</unit></amt>
        <item>Balsamic vinegar</item></ing>
      <ing>
        <amt>
          <qty>1/2</qty>
          <unit>cups</unit></amt>
        <item>Rice vinegar</item></ing>
      <ing>
        <amt>
          <qty>1 1/2</qty>
          <unit>teaspoons</unit></amt>
        <item>Maple syrup</item></ing>
      <ing>
        <amt>
          <qty>3/4</qty>
          <unit>teaspoons</unit></amt>
        <item>Salt</item></ing>
      <ing>
        <amt>
          <qty>1/4</qty>
          <unit>teaspoons</unit></amt>
        <item>Pepper; black, ground</item></ing>
      <ing>
        <amt>
          <qty>1/4</qty>
          <unit>teaspoons</unit></amt>
        <item>Pepper; cayenne, or more if desired</item></ing>
      <ing>
        <amt>
          <qty>6</qty>
          <unit>cups</unit></amt>
        <item>Red cabbage; thinly sliced</item></ing>
      <ing>
        <amt>
          <qty>3/8</qty>
          <unit>cups</unit></amt>
        <item>Parsley; chopped</item></ing>
      <ing>
        <amt>
          <qty>3</qty>
          <unit>tablespoons</unit></amt>
        <item>Cilantro; chopped</item></ing>
      <ing>
        <amt>
          <qty>3/8</qty>
          <unit>cups</unit></amt>
        <item>Onions; red, minced</item></ing>
      <ing>
        <amt>
          <qty>From:</qty>
          <unit/></amt>
        <item>LD Goss &lt;ldgoss@METRONET.COM&gt;</item></ing>
      <ing>
        <amt>
          <qty>Date:</qty>
          <unit/></amt>
        <item>Mon, 15 Jul 1996 14:33:57 -0500</item></ing></ingredients>
    <directions>
      <step>  IN a large bowl, combine oil, lemon juice, vinegars, maple syrup, salt,
  black pepper, and cayenne.  Toss with cabbage; let stand at room
  temperature for 1 hour. Taste for seasoning and adjust if necessary, toss
  in parsley, cilantro and red onion. Serve at room temperature. Makes 8
  servings.
  
  Source: Vegetarian Times August 1993 Low-Fat Kitchen feature by Mary
  Carroll Formatted for MM:dianeE
  
  EAT-L Digest 14 July 96
  
  From the EAT-L recipe list.  Downloaded from Glen's MM Recipe Archive,
  http://www.erols.com/hosey.
 
</step></directions></recipe></recipeml>
