<?xml version="1.0" encoding="UTF-8"?>

<recipeml version="0.5">
  <recipe>
    <head>
      <title>Asian Salad Dressing</title>
      <categories>
        <cat>Dressing</cat></categories>
      <yield>8</yield></head>
    <ingredients>
      <ing>
        <amt>
          <qty>1/2</qty>
          <unit>ounces</unit></amt>
        <item>Ginger root</item></ing>
      <ing>
        <amt>
          <qty>1/4</qty>
          <unit>medium</unit></amt>
        <item>Onion; cut in quarters</item></ing>
      <ing>
        <amt>
          <qty>3/4</qty>
          <unit>cups</unit></amt>
        <item>Vegetable oil</item></ing>
      <ing>
        <amt>
          <qty>1/4</qty>
          <unit>cups</unit></amt>
        <item>Vinegar</item></ing>
      <ing>
        <amt>
          <qty>1/2</qty>
          <unit>cups</unit></amt>
        <item>Soy sauce</item></ing>
      <ing>
        <amt>
          <qty>1</qty>
          <unit>teaspoon</unit></amt>
        <item>Tomato paste</item></ing>
      <ing>
        <amt>
          <qty>1/8</qty>
          <unit/></amt>
        <item>Lemon; juiced</item></ing>
      <ing>
        <amt>
          <qty>1</qty>
          <unit>teaspoon</unit></amt>
        <item>Garlic; minced</item></ing>
      <ing>
        <amt>
          <qty>1/2</qty>
          <unit>cups</unit></amt>
        <item>Water</item></ing></ingredients>
    <directions>
      <step>  Date: Fri, 22 Mar 1996 13:55:39 +1100
  
  From: sherae@zeta.org.au (Sheri McRae)
  Soak ginger root in cold water for a few minutes before removing outer
  skin. Remove skin and cut in chunks. Combine all ingredients in food
  processor with steel blade and blend until smooth. Refrigerate.
  
  Often in Japanese restaurants this dressing is served over finely shredded
  cabbage along with the lettuce and other salad ingredients. It is
  delicious.
  
  Per serving: 383 Calories; 41g Fat (94% calories from fat); 2g Protein; 5g
  Carbohydrate; 0mg Cholesterol; 1487mg Sodium
  
  NOTES : This is the salad dressing served at the Mitsukoshi Restaurant at
  EPCOT Center.
  
  MC-RECIPE@MASTERCOOK.COM
  
  MASTERCOOK RECIPES LIST SERVER
  
  From the MasterCook recipe list.  Downloaded from Glen's MM Recipe Archive,
  http://www.erols.com/hosey.
 
</step></directions></recipe></recipeml>
