<?xml version="1.0" encoding="UTF-8"?>

<recipeml version="0.5">
  <recipe>
    <head>
      <title>Asian Sesame Noodles</title>
      <categories>
        <cat>Ethnic</cat>
        <cat>Pasta &amp; ric</cat></categories>
      <yield>4</yield></head>
    <ingredients>
      <ing>
        <amt>
          <qty>1/2</qty>
          <unit>pounds</unit></amt>
        <item>Asian egg noodles or spaghetti noodles</item></ing>
      <ing>
        <amt>
          <qty>1/4</qty>
          <unit>cups</unit></amt>
        <item>Vegetable or peanut oil</item></ing>
      <ing>
        <amt>
          <qty>2</qty>
          <unit>tablespoons</unit></amt>
        <item>Soy sauce</item></ing>
      <ing>
        <amt>
          <qty>1</qty>
          <unit>teaspoon</unit></amt>
        <item>Sesame oil</item></ing>
      <ing>
        <amt>
          <qty>2</qty>
          <unit/></amt>
        <item>Cloves garlic; crushed</item></ing>
      <ing>
        <amt>
          <qty>1</qty>
          <unit>teaspoon</unit></amt>
        <item>Red pepper</item></ing>
      <ing>
        <amt>
          <qty>1/3</qty>
          <unit>cups</unit></amt>
        <item>Toasted sesame seeds</item></ing></ingredients>
    <directions>
      <step>  1. Cook noodles as per directions on package. Rinse well and drain. Place
  noodles in a large bowl and set aside.
  
  2. Combine vegetable or peanut oil, soy sauce, sesame oil, garlic and red
  pepper. Mix well and pour over noodles. Mix well with hands and let sit.
  
  Toast sesame seeds. Sprinkle toasted sesame seeds on top of noodles and
  serve.
  
  Recipe by: Chef Caprial/Peggy Flentie, Jubail, KSA Posted to MC-Recipe
  Digest V1 #672 by Creedenite@aol.com on Jul 15, 1997
 
</step></directions></recipe></recipeml>
