<?xml version="1.0" encoding="UTF-8"?>

<recipeml version="0.5">
  <recipe>
    <head>
      <title>Asian Smoked Chicken Waldorf Salad (Mf)</title>
      <categories>
        <cat>Chicken-sal</cat>
        <cat>Meal-sal</cat></categories>
      <yield>4</yield></head>
    <ingredients>
      <ing>
        <amt>
          <qty>1/4</qty>
          <unit>cups</unit></amt>
        <item>Mayonnaise, regular or low fat</item></ing>
      <ing>
        <amt>
          <qty>2</qty>
          <unit>tablespoons</unit></amt>
        <item>Oriental sesame oil</item></ing>
      <ing>
        <amt>
          <qty>2</qty>
          <unit>tablespoons</unit></amt>
        <item>Vegetable oil</item></ing>
      <ing>
        <amt>
          <qty>1</qty>
          <unit>large</unit></amt>
        <item>Clove garlic, minced</item></ing>
      <ing>
        <amt>
          <qty>1</qty>
          <unit/></amt>
        <item>Piece ginger (quarter size), minced</item></ing>
      <ing>
        <amt>
          <qty>1/3</qty>
          <unit>cups</unit></amt>
        <item>Rice vinegar</item></ing>
      <ing>
        <amt>
          <qty/>
          <unit/></amt>
        <item>Salt</item></ing>
      <ing>
        <amt>
          <qty>1/2</qty>
          <unit>teaspoons</unit></amt>
        <item>Dried red pepper flakes</item></ing>
      <ing>
        <amt>
          <qty>1</qty>
          <unit/></amt>
        <item>1/4 pounds smoked chicken breast, (up to 1) or roasted chicken</item></ing>
      <ing>
        <amt>
          <qty>2</qty>
          <unit/></amt>
        <item>Granny smith apples, cored</item></ing>
      <ing>
        <amt>
          <qty>2</qty>
          <unit>cups</unit></amt>
        <item>Red seedless grapes</item></ing>
      <ing>
        <amt>
          <qty>1</qty>
          <unit/></amt>
        <item>Head boston lettuce (medium size), washed and dried, torn into pieces</item></ing>
      <ing>
        <amt>
          <qty>1</qty>
          <unit>bunch</unit></amt>
        <item>(small) fresh chives, snipped, for garnish</item></ing>
      <ing>
        <amt>
          <qty>1</qty>
          <unit>cup</unit></amt>
        <item>Walnuts, toasted and chopped</item></ing></ingredients>
    <directions>
      <step>  In a mixing bowl combine the mayonnaise, oils, garlic, ginger, and vinegar,
  and season with salt to taste and crushed red pepper.
  
  Remove skin and fat from chicken breast and cut it into bite sized pieces
  and add to the dressing.
  
  Dice the apples into 3/8inch cubes; wash and dry the grapes and toss the
  ingredients together; adjust the seasoning. Serve over Boston lettuce
  garnished with chives and walnuts.
  
  Yield: 4 servings
  
  Copyright, 1997, TV FOOD NETWORK, G.P., All Rights Reserved
  
  MC Busted by Gail Shermeyer &lt;4paws@netrax.net&gt; by TVFN Website on May 11,
  1997
  
  Recipe by: COOKING MONDAY TO FRIDAY SHOW # MF6693 Posted to MC-Recipe
  Digest V1 #609 by 4paws@netrax.net (Shermeyer-Gail) on May 12, 1997
 
</step></directions></recipe></recipeml>
