<?xml version="1.0" encoding="UTF-8"?>

<recipeml version="0.5">
  <recipe>
    <head>
      <title>Asian Lentil and Brown Rice Soup</title>
      <categories>
        <cat>Main dishes</cat>
        <cat>Soup</cat></categories>
      <yield>6</yield></head>
    <ingredients>
      <ing>
        <amt>
          <qty>10</qty>
          <unit>cups</unit></amt>
        <item>Water</item></ing>
      <ing>
        <amt>
          <qty>12</qty>
          <unit>ounces</unit></amt>
        <item>Lentils rinsed and drained</item></ing>
      <ing>
        <amt>
          <qty>1/2</qty>
          <unit>cups</unit></amt>
        <item>Brown Rice, uncooked</item></ing>
      <ing>
        <amt>
          <qty>1</qty>
          <unit>cup</unit></amt>
        <item>Scallions,chopped</item></ing>
      <ing>
        <amt>
          <qty/>
          <unit/></amt>
        <item>Tops included</item></ing>
      <ing>
        <amt>
          <qty>1</qty>
          <unit>cup</unit></amt>
        <item>Celery, chopped</item></ing>
      <ing>
        <amt>
          <qty>1/2</qty>
          <unit>cups</unit></amt>
        <item>Green Bell Pepper</item></ing>
      <ing>
        <amt>
          <qty>1/2</qty>
          <unit>cups</unit></amt>
        <item>Parsley chopped</item></ing>
      <ing>
        <amt>
          <qty>2</qty>
          <unit>tablespoons</unit></amt>
        <item>Ginger Root,grated</item></ing>
      <ing>
        <amt>
          <qty>4</qty>
          <unit>teaspoons</unit></amt>
        <item>Garlic, minced</item></ing>
      <ing>
        <amt>
          <qty>1/4</qty>
          <unit>cups</unit></amt>
        <item>Soy Sauce,Low Sodium</item></ing>
      <ing>
        <amt>
          <qty>2</qty>
          <unit>tablespoons</unit></amt>
        <item>Rice Vinegar, or white wine or cider vinegar</item></ing>
      <ing>
        <amt>
          <qty>1/2</qty>
          <unit>teaspoons</unit></amt>
        <item>Salt, optional</item></ing>
      <ing>
        <amt>
          <qty/>
          <unit/></amt>
        <item>Hot Pepper Sauce, to taste</item></ing></ingredients>
    <directions>
      <step>  Bring water to a boil in 4 qt pot.  Stir in lentils and brown rice, reduce
  
  heat to med and boil gently uncovered until lentils and rice are tender but
  not mushy, about 30 min.
  
  Meanwhile, spray a nonstick skillet with cooking spray and stir in
  scallions, celery, green pepper, parsley, gingerroot and garlic.  Cook 3 -
  
  4 min, just until celery and green pepper are tende.  (May cook the above
  in water, wine or balsamic vinegar.)
  
  Stir veggie and remaining ingredients into lentil mixture.  Serve
  additional vinegar at the table.
        ‹‹‹‹‹ Notes: Cal 282.3
  :           Fat  1.3 g
  :           Carbs  51.3 g
  :           Protein  19.4 g
  :           Sodium  441 mg
  :           Dietary Fiber  18.8 g
  :           CFF  3.9%
  Per serving: 282 Calories; 1g Fat (4% calories from fat); 19g Protein; 51g
  Carbohydrate; 0mg Cholesterol; 790mg Sodium
  
  Recipe By:      Woman's Day  March  1991 (Reggie Dwork)
  
  Posted to EAT-L Digest 30 Sep 96
  
  Date:    Tue, 1 Oct 1996 00:20:57 +0000
  
  From:    Ilene Warfield &lt;ilenewar@STARNETINC.COM&gt;
 
</step></directions></recipe></recipeml>
