<?xml version="1.0" encoding="UTF-8"?>

<recipeml version="0.5">
  <recipe>
    <head>
      <title>Asian Chicken Pot Pie</title>
      <categories>
        <cat>Tvfn</cat></categories>
      <yield>1</yield></head>
    <ingredients>
      <ing>
        <amt>
          <qty>4</qty>
          <unit/></amt>
        <item>6-Ounce Boneless And Skinless Chicken breast</item></ing>
      <ing>
        <amt>
          <qty>1/2</qty>
          <unit>teaspoons</unit></amt>
        <item>Chinese black vinegar</item></ing>
      <ing>
        <amt>
          <qty>1</qty>
          <unit/></amt>
        <item>Head broccoli</item></ing>
      <ing>
        <amt>
          <qty>1/2</qty>
          <unit>pounds</unit></amt>
        <item>Water chestnuts</item></ing>
      <ing>
        <amt>
          <qty>1</qty>
          <unit>large</unit></amt>
        <item>Carrot</item></ing>
      <ing>
        <amt>
          <qty>1</qty>
          <unit/></amt>
        <item>Stalk celery</item></ing>
      <ing>
        <amt>
          <qty>1</qty>
          <unit>small</unit></amt>
        <item>Bokchoy</item></ing>
      <ing>
        <amt>
          <qty>2</qty>
          <unit>tablespoons</unit></amt>
        <item>Olive oil</item></ing>
      <ing>
        <amt>
          <qty>2</qty>
          <unit>tablespoons</unit></amt>
        <item>Cornstarch</item></ing>
      <ing>
        <amt>
          <qty>1/2</qty>
          <unit>teaspoons</unit></amt>
        <item>Chinese 5 spice</item></ing>
      <ing>
        <amt>
          <qty/>
          <unit/></amt>
        <item>Salt and pepper to taste</item></ing>
      <ing>
        <amt>
          <qty>3</qty>
          <unit/></amt>
        <item>Garlic cloves, chopped</item></ing>
      <ing>
        <amt>
          <qty>2</qty>
          <unit>tablespoons</unit></amt>
        <item>Chopped onion</item></ing>
      <ing>
        <amt>
          <qty>1</qty>
          <unit>teaspoon</unit></amt>
        <item>Chopped ginger</item></ing>
      <ing>
        <amt>
          <qty>1</qty>
          <unit>cup</unit></amt>
        <item>Chicken broth</item></ing>
      <ing>
        <amt>
          <qty>8</qty>
          <unit/></amt>
        <item>Sheets phyllo dough</item></ing>
      <ing>
        <amt>
          <qty>2</qty>
          <unit>tablespoons</unit></amt>
        <item>Melted butter</item></ing>
      <ing>
        <amt>
          <qty>1</qty>
          <unit>tablespoon</unit></amt>
        <item>Chopped Chinese chives</item></ing>
      <ing>
        <amt>
          <qty>4</qty>
          <unit>large</unit></amt>
        <item>Rosemary sprigs</item></ing></ingredients>
    <directions>
      <step>  Cut chicken into 2-inch strips. Cut all vegetables into 2-inch strips and
  blanch. In a large skillet over high heat, saute the chicken strips with
  the vinegar. Add in the cornstarch. Season with 5 spice powder, salt and
  pepper. Add garlic, onion and ginger. Stirfry for 5 to 6 minutes. Add
  chicken stock and vegetables. Cook for 8 to 10 minutes. Check seasoning.
  Chill. Layer four 1/2-inch sheets of phyllo dough, brushing with butter in
  between sheets and place in a four inch pie tin. Repeat the process for
  four pans. Divide equally the chicken mixture on each pan. Add chives. Fold
  the corners into the center. Bake in a 400 degree oven for 12 minutes.
  Transfer immediately to serving plates and garnish with rosemary sprigs.
  Yield: 4 servings
  
  Recipe by: CHEF DU JOUR PHILIPPE CHIN SHOW #DJ9349 Posted to MC-Recipe
  Digest V1 #632 by "Ed Bauman" &lt;BIRCHCREEK@msn.com&gt; on May 31, 97
 
</step></directions></recipe></recipeml>
