<?xml version="1.0" encoding="UTF-8"?>

<recipeml version="0.5">
  <recipe>
    <head>
      <title>Asian Rice Pilaf</title>
      <categories>
        <cat>Rice</cat>
        <cat>Side dish</cat></categories>
      <yield>4</yield></head>
    <ingredients>
      <ing>
        <amt>
          <qty>2</qty>
          <unit/></amt>
        <item>14-oz cans chicken broth,</item></ing>
      <ing>
        <amt>
          <qty/>
          <unit/></amt>
        <item>Fat skimmed from top</item></ing>
      <ing>
        <amt>
          <qty>1/2</qty>
          <unit>cups</unit></amt>
        <item>Water</item></ing>
      <ing>
        <amt>
          <qty>2</qty>
          <unit>cups</unit></amt>
        <item>Uncooked white long-grain</item></ing>
      <ing>
        <amt>
          <qty/>
          <unit/></amt>
        <item>Rice</item></ing>
      <ing>
        <amt>
          <qty>1</qty>
          <unit>tablespoon</unit></amt>
        <item>Sesame oil</item></ing>
      <ing>
        <amt>
          <qty>2</qty>
          <unit>teaspoons</unit></amt>
        <item>Soy sauce</item></ing>
      <ing>
        <amt>
          <qty>1/2</qty>
          <unit>teaspoons</unit></amt>
        <item>Powdered ginger</item></ing>
      <ing>
        <amt>
          <qty>1/2</qty>
          <unit>cups</unit></amt>
        <item>Frozen peas</item></ing></ingredients>
    <directions>
      <step>  1. In a large pan, combine the broth and water; add the rice and bring to a
  boil.  Continue boiling until the level of the liquid just covers the rice.
  Turn the heat to low, cover and cook 15 minutes. 2. While the rice is
  cooking, combine the sesame oil, soy sauce and ginger. Stir into the cooked
  rice with the peas. 3. Serve half of the recipe hot for a side-dish. Store
  the remaining in the refrigerator to use as a base for rice salad.
  
  From Gemini's MASSIVE MealMaster collection at www.synapse.com/~gemini
 
</step></directions></recipe></recipeml>
