<?xml version="1.0" encoding="UTF-8"?>

<recipeml version="0.5">
  <recipe>
    <head>
      <title>Asian Style Braised Ham Steak (Mf)</title>
      <categories>
        <cat>Pork/ham-md</cat>
        <cat>Skillet-md</cat></categories>
      <yield>2</yield></head>
    <ingredients>
      <ing>
        <amt>
          <qty>1</qty>
          <unit>pound</unit></amt>
        <item>Ham steak, 1 inch thick</item></ing>
      <ing>
        <amt>
          <qty>1/4</qty>
          <unit>cups</unit></amt>
        <item>Light soy sauce</item></ing>
      <ing>
        <amt>
          <qty>1/4</qty>
          <unit>cups</unit></amt>
        <item>Dry sherry wine</item></ing>
      <ing>
        <amt>
          <qty>1</qty>
          <unit>tablespoon</unit></amt>
        <item>Butter or vegetable oil, (up to 2)</item></ing>
      <ing>
        <amt>
          <qty>1</qty>
          <unit>teaspoon</unit></amt>
        <item>Minced fresh ginger</item></ing>
      <ing>
        <amt>
          <qty>1/4</qty>
          <unit>cups</unit></amt>
        <item>Water</item></ing>
      <ing>
        <amt>
          <qty/>
          <unit/></amt>
        <item>Salt and freshly ground black pepper</item></ing>
      <ing>
        <amt>
          <qty>1/4</qty>
          <unit>cups</unit></amt>
        <item>Finely sliced green onions</item></ing></ingredients>
    <directions>
      <step>  Remove rind and trim off all but 1/4-inch of outer fat. Score the fat edge
  at 1-inch intervals so the steak does not curl during cooking and divide
  ham steak into 2 serving pieces. Marinate ham in soy sauce and sherry wine.
  Remove ham from marinade. Reserve marinade.
  
  Dry the ham steak and lightly brown in butter for a minute or 2 on both
  sides. Add ginger, water and reserved marinade to the skillet and bring to
  a boil. Cover and cook for 5 minutes or until heated through. Remove ham to
  a serving platter. Boil the liquid down until syrupy and season to taste
  with salt and pepper. Stir in the scallions and spoon sauce over steak.
  Yield: 2 servings Copyright, 1997, TV FOOD NETWORK, G.P., All Rights
  Reserve
  
  MC Busted by Gail Shermeyer by TVFN Website on March 31, 1997
  
  Recipe by: COOKING MONDAY TO FRIDAY SHOW #MF6665 Posted to MC-Recipe Digest
  V1 #607 by 4paws@netrax.net (Shermeyer-Gail) on May 12, 1997
 
</step></directions></recipe></recipeml>
