<?xml version="1.0" encoding="UTF-8"?>

<recipeml version="0.5">
  <recipe>
    <head>
      <title>Asian Black Bean Sauce</title>
      <categories>
        <cat>Sauce</cat></categories>
      <yield>4</yield></head>
    <ingredients>
      <ing>
        <amt>
          <qty>2</qty>
          <unit>tablespoons</unit></amt>
        <item>Peanut oil</item></ing>
      <ing>
        <amt>
          <qty>2</qty>
          <unit>tablespoons</unit></amt>
        <item>Fermented black beans; rinsed and drained</item></ing>
      <ing>
        <amt>
          <qty>1</qty>
          <unit>tablespoon</unit></amt>
        <item>Garlic; minced</item></ing>
      <ing>
        <amt>
          <qty>1/2</qty>
          <unit>cups</unit></amt>
        <item>Chicken broth</item></ing>
      <ing>
        <amt>
          <qty>1</qty>
          <unit>tablespoon</unit></amt>
        <item>Soy sauce</item></ing>
      <ing>
        <amt>
          <qty>2</qty>
          <unit>tablespoons</unit></amt>
        <item>Rice wine</item></ing>
      <ing>
        <amt>
          <qty>1</qty>
          <unit>teaspoon</unit></amt>
        <item>Sugar</item></ing>
      <ing>
        <amt>
          <qty>1 1/2</qty>
          <unit>teaspoons</unit></amt>
        <item>Cornstarch</item></ing></ingredients>
    <directions>
      <step>  From: "S. Schwartz" &lt;honn@icanect.net&gt;
  
  Date: Thu, 18 Apr 1996 13:31:06 -0400
  
  Recipe By: Sun-Sentinel (4-11-96)
  Heat a wok or heavy skillet over medium-high heat. Add the oil, the black
  beans and garlic. Stir-fry about 12 seconds. Add the rest of the
  ingredients and stir-fry about 1 minute or until sauce thickens. Makes
  about 3/4 cup sauce.
  
  Serving Ideas : Serve with poultry, fish or veggies.
  
  NOTES : Black beans and rice wine and readily available in Asian markets
  and some supermarkets. You may substitute dry white vermouth for the rice
  wine.
  
  MC-RECIPE@MASTERCOOK.COM
  
  MASTERCOOK RECIPES LIST SERVER
  
  MC-RECIPE DIGEST V1 #48
  
  From the MasterCook recipe list.  Downloaded from Glen's MM Recipe Archive,
  http://www.erols.com/hosey.
 
</step></directions></recipe></recipeml>
