<?xml version="1.0" encoding="UTF-8"?>

<recipeml version="0.5">
  <recipe>
    <head>
      <title>Asian Salmon Planks</title>
      <categories>
        <cat>Fish</cat></categories>
      <yield>12</yield></head>
    <ingredients>
      <ing>
        <amt>
          <qty>1/4</qty>
          <unit>cups</unit></amt>
        <item>Coriander seeds; crushed</item></ing>
      <ing>
        <amt>
          <qty>1/4</qty>
          <unit>cups</unit></amt>
        <item>Black peppercorns; crushed</item></ing>
      <ing>
        <amt>
          <qty>2</qty>
          <unit>tablespoons</unit></amt>
        <item>Wasabi</item></ing>
      <ing>
        <amt>
          <qty>2</qty>
          <unit>tablespoons</unit></amt>
        <item>Garlic; minced</item></ing>
      <ing>
        <amt>
          <qty>1 1/2</qty>
          <unit>cups</unit></amt>
        <item>Soy sauce</item></ing>
      <ing>
        <amt>
          <qty>2</qty>
          <unit>ounces</unit></amt>
        <item>Fresh ginger; jullienned</item></ing>
      <ing>
        <amt>
          <qty>1/4</qty>
          <unit>cups</unit></amt>
        <item>Lemon juice</item></ing>
      <ing>
        <amt>
          <qty>2/3</qty>
          <unit>cups</unit></amt>
        <item>Rice wine vinegar</item></ing>
      <ing>
        <amt>
          <qty>2</qty>
          <unit>tablespoons</unit></amt>
        <item>Brown sugar</item></ing>
      <ing>
        <amt>
          <qty>1/4</qty>
          <unit>cups</unit></amt>
        <item>Dijon style mustard</item></ing>
      <ing>
        <amt>
          <qty>1/2</qty>
          <unit>pounds</unit></amt>
        <item>Mushrooms; sliced 1/8" thick</item></ing>
      <ing>
        <amt>
          <qty>2</qty>
          <unit>tablespoons</unit></amt>
        <item>Peanut oil</item></ing>
      <ing>
        <amt>
          <qty>18</qty>
          <unit>ounces</unit></amt>
        <item>Watercress; trimmed</item></ing>
      <ing>
        <amt>
          <qty>18</qty>
          <unit>ounces</unit></amt>
        <item>Romaine; sliced 1/8" wide</item></ing>
      <ing>
        <amt>
          <qty>1/4</qty>
          <unit>pounds</unit></amt>
        <item>Cucumber; julienned</item></ing>
      <ing>
        <amt>
          <qty>1/4</qty>
          <unit>pounds</unit></amt>
        <item>Radish; julienned</item></ing>
      <ing>
        <amt>
          <qty>1/4</qty>
          <unit>pounds</unit></amt>
        <item>Bean sprouts</item></ing>
      <ing>
        <amt>
          <qty>2 1/2</qty>
          <unit>pounds</unit></amt>
        <item>Salmon fillet; skinned</item></ing>
      <ing>
        <amt>
          <qty>1</qty>
          <unit>cup</unit></amt>
        <item>Dijon style mustard</item></ing></ingredients>
    <directions>
      <step>  From: Joel.Ehrlich@salata.com (Joel Ehrlich) (COLLECTION)
  
  Date: 17 May 1995 05:11:44 -0600
  
  Preheat the oven to 375 degrees. Combine the peppercorns and coriander
  seed. Set aside. Prepare the dressing by combining the wasabi, garlic, soy
  sauce, ginger, lemon juice, rice wine vinegar brown sugar and the first
  measure of mustard. Mix well. Refrigerate. Toss the mushrooms with the
  peanut oil. Bake until crispy (about 15 minutes). Set aside in an airtight
  container. Prepare the salad by combining the watercress, romaine,
  cucumber, radish and bean sprouts. Cover. Refrigerate. Coat both sides of
  the salmon fillet with the second measure of mustard. Add the reserved
  spices. Pan sear until golden on both sides. Remove from the pan. Serve
  individual portions over salad portions. Deglaze the pan in which the
  salmon was cooked with the dressing. Pour the resulting sauce over the
  salmon. Garnish with mushroom chips.
  
  REC.FOOD.RECIPES ARCHIVES
  
  /FISH
  
  From rec.food.cooking archives.  Downloaded from Glen's MM Recipe Archive,
  http://www.erols.com/hosey.
 
</step></directions></recipe></recipeml>
