<?xml version="1.0" encoding="UTF-8"?>

<recipeml version="0.5">
  <recipe>
    <head>
      <title>Asian Skillet Noodles with Vegetables</title>
      <categories>
        <cat>Candy</cat></categories>
      <yield>2</yield></head>
    <ingredients>
      <ing>
        <amt>
          <qty>8</qty>
          <unit>ounces</unit></amt>
        <item>Fettucine or spaghetti</item></ing>
      <ing>
        <amt>
          <qty>1</qty>
          <unit>teaspoon</unit></amt>
        <item>Vegetable oil</item></ing>
      <ing>
        <amt>
          <qty>1/4</qty>
          <unit>cups</unit></amt>
        <item>Dry sherry</item></ing>
      <ing>
        <amt>
          <qty>1 1/2</qty>
          <unit>teaspoons</unit></amt>
        <item>Minced garlic</item></ing>
      <ing>
        <amt>
          <qty>1</qty>
          <unit>cup</unit></amt>
        <item>Frozen mixed veggies (e.g.,</item></ing>
      <ing>
        <amt>
          <qty/>
          <unit/></amt>
        <item>Cauliflower,</item></ing>
      <ing>
        <amt>
          <qty/>
          <unit/></amt>
        <item>Red bell pepper and pearl</item></ing>
      <ing>
        <amt>
          <qty/>
          <unit/></amt>
        <item>Onions)</item></ing>
      <ing>
        <amt>
          <qty>1/2</qty>
          <unit>cups</unit></amt>
        <item>Frozen tiny peas</item></ing>
      <ing>
        <amt>
          <qty>1</qty>
          <unit>cup</unit></amt>
        <item>Sliced fresh mushrooms</item></ing>
      <ing>
        <amt>
          <qty>2</qty>
          <unit>tablespoons</unit></amt>
        <item>Mirin</item></ing>
      <ing>
        <amt>
          <qty>1</qty>
          <unit>teaspoon</unit></amt>
        <item>Dark sesame oil</item></ing>
      <ing>
        <amt>
          <qty>2</qty>
          <unit>tablespoons</unit></amt>
        <item>Soy sauce</item></ing></ingredients>
    <directions>
      <step>  Cook pasta in rapidly boiling water, stirring often, until al dente; drain.
  
  Meanwhile, prepare sauce: Heat oil and sherry in a medium saucepan. Add
  garlic, mixed vegetables, peas, ginger and mushrooms if desired. Cook until
  vegetables are tender and liquid has reduced, 5-10 minutes. Remove from
  heat.
  
  Stir in mirin, sesame oil, say sauce and cooked noodles. Heat through.
  Serve hot.
  
  Recipe By     : Adapted from Vegetarian Times
  
  File ftp://ftp.idiscover.co.uk/pub/food/mealmaster/recipes/mmdja006.zip
 
</step></directions></recipe></recipeml>
