<?xml version="1.0" encoding="UTF-8"?>

<recipeml version="0.5">
  <recipe>
    <head>
      <title>Asian Stuffed Mushrooms</title>
      <categories>
        <cat>Vegetarian</cat>
        <cat>Appetizers</cat>
        <cat>1</cat></categories>
      <yield>20</yield></head>
    <ingredients>
      <ing>
        <amt>
          <qty>1</qty>
          <unit>pound</unit></amt>
        <item>Mushrooms, large ones</item></ing>
      <ing>
        <amt>
          <qty>2</qty>
          <unit>tablespoons</unit></amt>
        <item>Canola oil</item></ing>
      <ing>
        <amt>
          <qty>3</qty>
          <unit>large</unit></amt>
        <item>Garlic cloves, peeled and minced</item></ing>
      <ing>
        <amt>
          <qty>2</qty>
          <unit>tablespoons</unit></amt>
        <item>Fresh ginger root, peeled and minced</item></ing>
      <ing>
        <amt>
          <qty>1</qty>
          <unit>medium</unit></amt>
        <item>Red bell pepper, finely chopped</item></ing>
      <ing>
        <amt>
          <qty>1</qty>
          <unit/></amt>
        <item>Stalk bok choy, chopped</item></ing>
      <ing>
        <amt>
          <qty>1</qty>
          <unit>teaspoon</unit></amt>
        <item>Sesame oil</item></ing>
      <ing>
        <amt>
          <qty>1</qty>
          <unit>tablespoon</unit></amt>
        <item>Tamari, or soy sauce</item></ing>
      <ing>
        <amt>
          <qty>1/2</qty>
          <unit>teaspoons</unit></amt>
        <item>Salt</item></ing>
      <ing>
        <amt>
          <qty>1/2</qty>
          <unit>cups</unit></amt>
        <item>Fresh bread crumbs</item></ing>
      <ing>
        <amt>
          <qty>1/4</qty>
          <unit>teaspoons</unit></amt>
        <item>Chili paste, with garlic</item></ing>
      <ing>
        <amt>
          <qty>3</qty>
          <unit/></amt>
        <item>Scallions, thinly sliced</item></ing>
      <ing>
        <amt>
          <qty>1</qty>
          <unit>tablespoon</unit></amt>
        <item>Fresh lemon juice, or lime</item></ing></ingredients>
    <directions>
      <step>  Preheat the oven to 375 degrees. Grease a baking pan. Pull the stems from
  the mushroom caps and chop them finely. Place the caps in the prepared
  baking pan. Heat the canola oil in a skillet over medium heat. Saute the
  garlic, ginger and red bell pepper until tender, about 3 minutes. Stir in
  the chopped mushroom stems and the bok choy. Cook until the mushrooms are
  tender and the liquid has evaporated, about 5 minutes more. Remove the pan
  from the heat, and stir in the sesame oil, tamari salt, bread crumbs, chili
  paste, scallions, and lemon juice. Using a teaspoon, stuff the mushroom
  caps with the filling. Bake for 20 to 25 minutes, until the caps are
  tender. Serve immediately. Source: Beyond The Moon Cookbook
  
  Recipe by: Beyond The Moon Cookbook Posted to MM-Recipes Digest V4 #156 by
  Sandy Courrege &lt;sandy@aisp.net&gt; on Jun 04, 1997
 
</step></directions></recipe></recipeml>
