<?xml version="1.0" encoding="UTF-8"?>

<recipeml version="0.5">
  <recipe>
    <head>
      <title>Asian Gazpacho with Scallop Satays</title>
      <categories>
        <cat>Cooking liv</cat>
        <cat>Import</cat></categories>
      <yield>1</yield></head>
    <ingredients>
      <ing-div>
        <title/>
        <ing>
          <amt>
            <qty>2</qty>
            <unit>medium</unit></amt>
          <item>Size cucumbers; peeled and seeds removed</item></ing>
        <ing>
          <amt>
            <qty>1</qty>
            <unit/></amt>
          <item>Eight ounce can whole roma tomatoes, with juice, or super ripe fresh roma tomatoes, peeled</item></ing>
        <ing>
          <amt>
            <qty>1</qty>
            <unit>medium</unit></amt>
          <item>Size red onion; chopped</item></ing>
        <ing>
          <amt>
            <qty>5</qty>
            <unit/></amt>
          <item>Garlic cloves</item></ing>
        <ing>
          <amt>
            <qty>2</qty>
            <unit>tablespoons</unit></amt>
          <item>Minced ginger</item></ing>
        <ing>
          <amt>
            <qty>3</qty>
            <unit/></amt>
          <item>Serrano chilies; stem removed</item></ing>
        <ing>
          <amt>
            <qty>1</qty>
            <unit>tablespoon</unit></amt>
          <item>Sesame oil</item></ing>
        <ing>
          <amt>
            <qty>1/4</qty>
            <unit>cups</unit></amt>
          <item>Canola oil</item></ing>
        <ing>
          <amt>
            <qty>1/4</qty>
            <unit>cups</unit></amt>
          <item>Thin soy sauce</item></ing>
        <ing>
          <amt>
            <qty>1/8</qty>
            <unit>cups</unit></amt>
          <item>Rice wine vinegar</item></ing>
        <ing>
          <amt>
            <qty>2</qty>
            <unit/></amt>
          <item>Limes; juice of</item></ing>
        <ing>
          <amt>
            <qty>2</qty>
            <unit>tablespoons</unit></amt>
          <item>Sambal</item></ing>
        <ing>
          <amt>
            <qty>1/2</qty>
            <unit>bunches</unit></amt>
          <item>Cilantro</item></ing>
        <ing>
          <amt>
            <qty>1/2</qty>
            <unit>bunches</unit></amt>
          <item>Mint</item></ing>
        <ing>
          <amt>
            <qty>1/2</qty>
            <unit>bunches</unit></amt>
          <item>Basil</item></ing>
        <ing>
          <amt>
            <qty>1</qty>
            <unit>tablespoon</unit></amt>
          <item>Ground coriander</item></ing>
        <ing>
          <amt>
            <qty/>
            <unit/></amt>
          <item>Salt</item></ing>
        <ing>
          <amt>
            <qty/>
            <unit/></amt>
          <item>Pepper</item></ing></ing-div>
      <ing-div>
        <title>GARNISH</title>
        <ing>
          <amt>
            <qty>1/2</qty>
            <unit>cups</unit></amt>
          <item>Sliced scallions</item></ing></ing-div></ingredients>
    <directions>
      <step>  Using a food processor or a blender, completely puree all the vegetables,
  in batches. Add the oils, soy sauce, vinegar, lime juice and sambal. Blend
  and season with salt and pepper. Add the herbs and ground coriander, blend
  and taste for seasoning again. A little sugar can be added if it
  
  tastes too tart. Ideally, this should be made a day in advance so the
  flavors have time to meld
  
  together and develop.
  
  Recipe by: Cooking Live Show #CL8942
  
  Posted to MC-Recipe Digest V1 #782 by "Angele and Jon Freeman"
  &lt;jfreeman@netusa1.net&gt; on Sep 15, 1997
 
</step></directions></recipe></recipeml>
