<?xml version="1.0" encoding="UTF-8"?>

<recipeml version="0.5">
  <recipe>
    <head>
      <title>Asian Salad Chicken Soup (Mf)</title>
      <categories>
        <cat>Chicken-ss</cat>
        <cat>Asian-ss</cat>
        <cat>Soup-ss</cat></categories>
      <yield>4</yield></head>
    <ingredients>
      <ing>
        <amt>
          <qty>2</qty>
          <unit>cups</unit></amt>
        <item>Chicken stock or veal or fish or vegetable stock</item></ing>
      <ing>
        <amt>
          <qty>2</qty>
          <unit>cups</unit></amt>
        <item>Water</item></ing>
      <ing>
        <amt>
          <qty>2</qty>
          <unit>tablespoons</unit></amt>
        <item>Soy sauce</item></ing>
      <ing>
        <amt>
          <qty>4</qty>
          <unit>cups</unit></amt>
        <item>Mushrooms, wiped clean, trimmed and thinly sliced</item></ing>
      <ing>
        <amt>
          <qty>2</qty>
          <unit>slices</unit></amt>
        <item>(nickel-size) fresh ginger</item></ing>
      <ing>
        <amt>
          <qty>1/4</qty>
          <unit>teaspoons</unit></amt>
        <item>Dried red pepper flakes</item></ing>
      <ing>
        <amt>
          <qty>2</qty>
          <unit>tablespoons</unit></amt>
        <item>Oriental sesame oil</item></ing>
      <ing>
        <amt>
          <qty>2</qty>
          <unit>tablespoons</unit></amt>
        <item>Vegetable oil</item></ing>
      <ing>
        <amt>
          <qty>2</qty>
          <unit>tablespoons</unit></amt>
        <item>Rice vinegar</item></ing>
      <ing>
        <amt>
          <qty>3</qty>
          <unit>cups</unit></amt>
        <item>Bean sprouts</item></ing>
      <ing>
        <amt>
          <qty>4</qty>
          <unit/></amt>
        <item>Scallions, thinly sliced</item></ing>
      <ing>
        <amt>
          <qty>1</qty>
          <unit>bunch</unit></amt>
        <item>Watercress, rinsed and stemmed</item></ing>
      <ing>
        <amt>
          <qty/>
          <unit/></amt>
        <item>Salt and freshly ground black pepper</item></ing>
      <ing>
        <amt>
          <qty>1</qty>
          <unit>pound</unit></amt>
        <item>Skinless boneless chicken breasts, diced into 2 inch cubes</item></ing>
      <ing>
        <amt>
          <qty>2</qty>
          <unit>tablespoons</unit></amt>
        <item>Black sesame seed, optional, or toasted white sesame seed</item></ing></ingredients>
    <directions>
      <step>  In a large saucepan, over high heat, bring the stock, water, soy sauce,
  mushrooms, ginger and red pepper flakes to a boil. Lower the heat simmer,
  covered for 10 minutes or until the mushrooms are tender. Blend the sesame,
  vegetable oils and rice vinegar. Toss this dressing with the bean sprouts,
  scallions and watercress and season to taste with salt and pepper. Divide
  this salad among 4 soup bowls and reserve for later. When the mushrooms are
  tender, add the chicken to the soup and simmer, over moderate heat,
  uncovered for 5 minutes or until the chicken is cooked through. Season to
  taste with salt and pepper. Remove the ginger slices, then ladle the hot
  soup over the bean sprout mixture and garnish with sesame seeds. Yield: 4
  servings Copyright, 1997, TV FOOD NETWORK, G.P., All Rights Reserved
  
  MC Busted by Gail Shermeyer by TVFN Website on April 21, 1997
  
  Recipe by: COOKING MONDAY TO FRIDAY SHOW #MF6676 Posted to MC-Recipe Digest
  V1 #609 by 4paws@netrax.net (Shermeyer-Gail) on May 12, 1997
 
</step></directions></recipe></recipeml>
