<?xml version="1.0" encoding="UTF-8"?>

<recipeml version="0.5">
  <recipe>
    <head>
      <title>Asian Fruit Salad with Papaya-Mint Sauce</title>
      <categories>
        <cat>None</cat></categories>
      <yield>6</yield></head>
    <ingredients>
      <ing-div>
        <title/>
        <ing>
          <amt>
            <qty>1/2</qty>
            <unit>large</unit></amt>
          <item>Pineapple; peeled, cored (about 2 cups) 1/2" pieces</item></ing>
        <ing>
          <amt>
            <qty>1</qty>
            <unit>medium</unit></amt>
          <item>Papaya; peeled, seeded (about 1 cup), 1/2" pieces</item></ing>
        <ing>
          <amt>
            <qty>1/2</qty>
            <unit>large</unit></amt>
          <item>Cantaloupe; peeled, seeded (about 2 cups) 1/2" pieces</item></ing>
        <ing>
          <amt>
            <qty>11</qty>
            <unit>ounces</unit></amt>
          <item>Peeled whole lychees in heavy syrup; drained, halved lengthwise</item></ing>
        <ing>
          <amt>
            <qty>1/2</qty>
            <unit>cups</unit></amt>
          <item>Seedless red grapes; halved</item></ing>
        <ing>
          <amt>
            <qty>1/2</qty>
            <unit>cups</unit></amt>
          <item>Seedless green grapes; halved</item></ing></ing-div>
      <ing-div>
        <title>PAPAYA-MINT SAUCE</title>
        <ing>
          <amt>
            <qty>1</qty>
            <unit>large</unit></amt>
          <item>Papaya; peeled, seeded (about 1 1/2 cups) coarsely chopped</item></ing>
        <ing>
          <amt>
            <qty>5</qty>
            <unit>tablespoons</unit></amt>
          <item>Sugar</item></ing>
        <ing>
          <amt>
            <qty>3</qty>
            <unit>tablespoons</unit></amt>
          <item>Fresh lime juice</item></ing>
        <ing>
          <amt>
            <qty>1 1/2</qty>
            <unit>tablespoons</unit></amt>
          <item>Fresh mint; coarsely chopped</item></ing></ing-div></ingredients>
    <directions>
      <step>  Mix first 6 ingredients in large bowl. (can be made 4 hours ahead. Cover;
  chill.) Spoon fruit into 6 small bowls or goblets. Drizzle Papaya-Mint
  Sauce over fruit. Sprinkle with coconut. Garnish with mint.
  
  Payapa-Mint Sauce: Puree all ingredients in processor until smooth.
  Transfer to bowl. Cover and refrigerate until ready to use. (Can be
  prepared 1 day ahead. Keep refrigerated.)
  
  This sauce is also nice over vanilla frozen yogurt.
  
  Per Serving (with sauce): Calories 208; total fat 2 g; saturated fat 1 g;
  cholesterol 0
  
  Sauce per 2 1/2 tablespoons serving: Calories 73; total fat 0; saturated
  fat 0; cholesterol 0
  
  Printed in Bon Appetit April 1998
  
  Typed and Busted by Carriej999@AOL.com
  
  Recipe by: Sally Anne smith and Ron Lento
  
  Posted to MC-Recipe Digest by Carriej999 &lt;Carriej999@aol.com&gt; on Apr 4,
  1998
 
</step></directions></recipe></recipeml>
