<?xml version="1.0" encoding="UTF-8"?>

<recipeml version="0.5">
  <recipe>
    <head>
      <title>Asian Turkey and Red Onion Salsa</title>
      <categories>
        <cat>Poultry</cat></categories>
      <yield>6</yield></head>
    <ingredients>
      <ing>
        <amt>
          <qty>1/4</qty>
          <unit>cups</unit></amt>
        <item>Lemon juice</item></ing>
      <ing>
        <amt>
          <qty>1</qty>
          <unit>tablespoon</unit></amt>
        <item>Grated lemon rind</item></ing>
      <ing>
        <amt>
          <qty>2</qty>
          <unit>tablespoons</unit></amt>
        <item>Red wine vinegar</item></ing>
      <ing>
        <amt>
          <qty>2</qty>
          <unit>tablespoons</unit></amt>
        <item>Soy sauce; low sodium</item></ing>
      <ing>
        <amt>
          <qty>1</qty>
          <unit>tablespoon</unit></amt>
        <item>Canola oil</item></ing>
      <ing>
        <amt>
          <qty>1</qty>
          <unit/></amt>
        <item>Clove garbanzo beans; finely chopped</item></ing>
      <ing>
        <amt>
          <qty>1 1/2</qty>
          <unit>pounds</unit></amt>
        <item>Turkey tenderloin Red Onion Salsa---</item></ing>
      <ing>
        <amt>
          <qty>1 1/2</qty>
          <unit>cups</unit></amt>
        <item>Red onion; finely chopped/2 med</item></ing>
      <ing>
        <amt>
          <qty>3/4</qty>
          <unit>cups</unit></amt>
        <item>Tomato; finely chopped/1 med</item></ing>
      <ing>
        <amt>
          <qty>1/4</qty>
          <unit>cups</unit></amt>
        <item>Chopped green onions; 2-3 med</item></ing>
      <ing>
        <amt>
          <qty>1/4</qty>
          <unit>cups</unit></amt>
        <item>Lemon juice</item></ing>
      <ing>
        <amt>
          <qty>2</qty>
          <unit>tablespoons</unit></amt>
        <item>Chopped fresh cilantro</item></ing>
      <ing>
        <amt>
          <qty>2</qty>
          <unit>tablespoons</unit></amt>
        <item>Balsamic vinegar</item></ing>
      <ing>
        <amt>
          <qty>1</qty>
          <unit>tablespoon</unit></amt>
        <item>Canola oil</item></ing>
      <ing>
        <amt>
          <qty>1</qty>
          <unit>teaspoon</unit></amt>
        <item>Soy sauce; low sodium</item></ing>
      <ing>
        <amt>
          <qty>1/4</qty>
          <unit>teaspoons</unit></amt>
        <item>Cayenne</item></ing>
      <ing>
        <amt>
          <qty>4</qty>
          <unit/></amt>
        <item>Cloves garlic; finely chopped</item></ing></ingredients>
    <directions>
      <step>  Skinless, boneless chicken breast halves can be substituted for the turkey
  tenderloins. Decrease the baking time by 5 to 10 minutes. Mix all
  ingredients except turkey tenderloins and Red Onion Salsa in shallow glass
  or plastic dish. Add turkey; turn to coat with marinade. Cover and
  refrigerate at least 2 hours but no longer than 4 hours, turning once.
  
  Prepare salsa. Mix all ingredients in a glass or plastic bowl. Cover and
  refrigerate at least 2 hours.
  
  Heat oven to 350 degrees. Spray rectangular pan, 13 X 9 X 2 inches, with
  nonstick cooking spray. Remove turkey from marinade; place in pan. Bake
  uncovered about 35 minutes, brushing with pan drippings after 10 minutes,
  until juices of turkey run clear. Serve with salsa.
  
  Sources Betty Crocker New Choices Cookbook computer program
  
  Recipe by: Betty Crocker New Choices Cookbook computer program
  
  Posted to MC-Recipe Digest V1 #990 by Carol &amp; Bob Floyd
  &lt;c.floyd@arnprior.com&gt; on Jan 05, 1998
 
</step></directions></recipe></recipeml>
