<?xml version="1.0" encoding="UTF-8"?>

<recipeml version="0.5">
  <recipe>
    <head>
      <title>Asian Millet Salad</title>
      <categories>
        <cat>Digest</cat>
        <cat>July</cat>
        <cat>Fatfree</cat></categories>
      <yield>1</yield></head>
    <ingredients>
      <ing>
        <amt>
          <qty>2</qty>
          <unit>cups</unit></amt>
        <item>Cooked millet</item></ing>
      <ing>
        <amt>
          <qty>6</qty>
          <unit>tablespoons</unit></amt>
        <item>Mirin or dry sherry</item></ing>
      <ing>
        <amt>
          <qty>1</qty>
          <unit/></amt>
        <item>10-oz  package of tofu,</item></ing>
      <ing>
        <amt>
          <qty/>
          <unit/></amt>
        <item>Diced</item></ing>
      <ing>
        <amt>
          <qty>3</qty>
          <unit>tablespoons</unit></amt>
        <item>Soy sauce</item></ing>
      <ing>
        <amt>
          <qty>3/4</qty>
          <unit>cups</unit></amt>
        <item>Chopped snow peas</item></ing>
      <ing>
        <amt>
          <qty>1 1/2</qty>
          <unit>tablespoons</unit></amt>
        <item>Rice or cider vinegar</item></ing>
      <ing>
        <amt>
          <qty>3/4</qty>
          <unit>cups</unit></amt>
        <item>Frozen peas, thawed</item></ing>
      <ing>
        <amt>
          <qty>1</qty>
          <unit/></amt>
        <item>Clove garlic, minced</item></ing>
      <ing>
        <amt>
          <qty>1</qty>
          <unit/></amt>
        <item>8-oz  can sliced water</item></ing>
      <ing>
        <amt>
          <qty/>
          <unit/></amt>
        <item>Chestnuts</item></ing>
      <ing>
        <amt>
          <qty>1</qty>
          <unit>teaspoon</unit></amt>
        <item>Sugar (or other sweetener)</item></ing>
      <ing>
        <amt>
          <qty>1/2</qty>
          <unit>cups</unit></amt>
        <item>Chopped scallion</item></ing></ingredients>
    <directions>
      <step>  In a large bowl, combine the millet, tofu, snow peas, peas, water
  chestnuts, and scallion.
  
  In a small bowl, stir together the mirin, soy sauce, venegar, garlic, and
  sugar.  Pour over the salad and toss to combine.
  
  Although the original recipes didn't say to, I let both of these salads
  chill for awhile to let the flavors blend before I served them. I think
  that this step is a particularly good idea for the Asian Millet salad, as
  it allows the tofu to absorb the flavors of the dressing. If you try these,
  I hope you enjoy them as much as I did!
  
  From: "Hayes Theiling Dorton, MPL Corporation" &lt;hayes@mplvax.mpl.com&gt;.
  Fatfree Digest [Volume 9 Issue 16] July 7, 1994. Formatted by Sue Smith,
  S.Smith34, TXFT40A@Prodigy.com using MMCONV.
  
  File ftp://ftp.idiscover.co.uk/pub/food/mealmaster/recipes/fatfreex.zip
 
</step></directions></recipe></recipeml>
