<?xml version="1.0" encoding="UTF-8"?>

<recipeml version="0.5">
  <recipe>
    <head>
      <title>Asian Vinegar</title>
      <categories>
        <cat>None</cat></categories>
      <yield>1</yield></head>
    <ingredients>
      <ing>
        <amt>
          <qty>2</qty>
          <unit>tablespoons</unit></amt>
        <item>Slivered peeled fresh ginger</item></ing>
      <ing>
        <amt>
          <qty>2</qty>
          <unit/></amt>
        <item>Cloves garlic; slivered</item></ing>
      <ing>
        <amt>
          <qty>5</qty>
          <unit/></amt>
        <item>Dried small hot red chiles</item></ing>
      <ing>
        <amt>
          <qty>5</qty>
          <unit/></amt>
        <item>Sprigs (each about 4 in) fresh cilantro, rinsed</item></ing>
      <ing>
        <amt>
          <qty>1 1/2</qty>
          <unit>cups</unit></amt>
        <item>Rice vinegar (up to 2)</item></ing></ingredients>
    <directions>
      <step>  With a chopstick or skewer, gently push the ginger, slivered garlics,
  chilies and cilantro sprigs into a clean 12- to 16-ounce bottle. Pour
  vinegar through a funnel into the bottle to fill. Seal and store in a cool,
  dark place at room temperature at least a week or up to 4 months.
  
  Posted to recipelu-digest Volume 01 Number 182 by Mandy Rose Bell
  &lt;mbell@gladstone.uoregon.edu&gt; on Oct 29, 1997
 
</step></directions></recipe></recipeml>
