<?xml version="1.0" encoding="UTF-8"?>

<recipeml version="0.5">
  <recipe>
    <head>
      <title>Asian Noodles with Summer Vegetables</title>
      <categories>
        <cat>None</cat></categories>
      <yield>1</yield></head>
    <ingredients>
      <ing-div>
        <title/>
        <ing>
          <amt>
            <qty>8</qty>
            <unit>ounces</unit></amt>
          <item>Dried spaghetti; linguine, or your favorite pasta</item></ing>
        <ing>
          <amt>
            <qty>2</qty>
            <unit>tablespoons</unit></amt>
          <item>Flavorless cooking oil</item></ing>
        <ing>
          <amt>
            <qty>2</qty>
            <unit>large</unit></amt>
          <item>Carrots; shredded</item></ing>
        <ing>
          <amt>
            <qty>1</qty>
            <unit/></amt>
          <item>Sweet red pepper; shredded</item></ing>
        <ing>
          <amt>
            <qty>1</qty>
            <unit/></amt>
          <item>Medium-sized yellow zucchini, shredded</item></ing>
        <ing>
          <amt>
            <qty>3</qty>
            <unit/></amt>
          <item>Whole green onions; shredded</item></ing></ing-div>
      <ing-div>
        <title>SAUCE</title>
        <ing>
          <amt>
            <qty>1/4</qty>
            <unit>cups</unit></amt>
          <item>Chopped basil leaves</item></ing>
        <ing>
          <amt>
            <qty>1/4</qty>
            <unit>cups</unit></amt>
          <item>Chopped mint leaves</item></ing>
        <ing>
          <amt>
            <qty>2</qty>
            <unit>tablespoons</unit></amt>
          <item>Very finely minced ginger</item></ing>
        <ing>
          <amt>
            <qty>2</qty>
            <unit/></amt>
          <item>Cloves finely minced garlic</item></ing>
        <ing>
          <amt>
            <qty/>
            <unit/></amt>
          <item>Skin from one lime; grated</item></ing>
        <ing>
          <amt>
            <qty>1</qty>
            <unit>teaspoon</unit></amt>
          <item>Grated orange skin</item></ing>
        <ing>
          <amt>
            <qty>3/4</qty>
            <unit>cups</unit></amt>
          <item>Unsweetened coconut milk</item></ing>
        <ing>
          <amt>
            <qty>1/3</qty>
            <unit>cups</unit></amt>
          <item>Chinese rice wine or dry sherry</item></ing>
        <ing>
          <amt>
            <qty>2</qty>
            <unit>tablespoons</unit></amt>
          <item>Oyster sauce</item></ing>
        <ing>
          <amt>
            <qty>1 1/2</qty>
            <unit>teaspoons</unit></amt>
          <item>Asian chile sauce</item></ing>
        <ing>
          <amt>
            <qty>1</qty>
            <unit>teaspoon</unit></amt>
          <item>Cornstarch</item></ing></ing-div></ingredients>
    <directions>
      <step>  This recipe was made by Hugh Carpenter at a cooking class I took at the
  Draeger's Culinary Center in San Mateo. That day, he used a bell pepper,
  asparagus, 2 baby bok choy, yellow squash, green onion, and ginger instead
  of the veggies called for. I usually just use what's available at the
  store. He also suggests stirring in smoked BBQ chicken, rare roast beef,
  dungeness crab, or cooked salmon fillet.
  
  Advance Preparation: Bring 4 quarts of water to a rapid boil. Lightly salt
  the water and cook the pasta according to the instructions on the package.
  When the pasta loses its raw texture but is still slightly firm, drain,
  rinse with cold water, and drain again. Toss the pasta with half of the
  cooking oil.
  
  Cut the carrot into matchstick shaped pieces about 1 inch long and 1/8 inch
  thick. Cut the red pepper, zucchini, and green onions into pieces the size
  of the carrots.
  
  In a large bowl, toss the vegetables with the pasta until evenly mixed,
  then refrigerate. In a small bowl, combine all the ingredients for the
  sauce. All advance preparation steps may be completed up to 8 hours before
  you begin the final cooking steps.
  
  Final Cooking Steps: Place a 12 or 14 inch sauté pan or a 14 or 16 inch
  flat bottom wok over the highest heat. When the pan becomes hot, add the
  remaining 2 tablespoons cooking oil. When the oil becomes hot, add the
  pasta mixture. Stir and toss the pasta until it begins to become hot and
  the vegetables brighten, about 5 minutes.
  
  Stir the sauce, and then add it to the pasta. Stir and toss the pasta. As
  soon as the pasta becomes hot, about 3 minutes, taste and adjust the
  seasonings. Transfer to a heated platter or 4 heated dinner plated. Serve
  at once.
  
  Serves 4 as a side dish
  
  Recipe by: Hugh Carpenter
  Posted to KitMailbox Digest  by Sheri Codiana &lt;sheri@netsamurai.com&gt; on Nov
  26, 1997
 
</step></directions></recipe></recipeml>
