<?xml version="1.0" encoding="UTF-8"?>

<recipeml version="0.5">
  <recipe>
    <head>
      <title>Asian Chicken Salad</title>
      <categories>
        <cat>Chicken and</cat></categories>
      <yield>4</yield></head>
    <ingredients>
      <ing-div>
        <title>SALAD DRESSING</title>
        <ing>
          <amt>
            <qty>2/3</qty>
            <unit>cups</unit></amt>
          <item>Fresh orange juice</item></ing>
        <ing>
          <amt>
            <qty>2</qty>
            <unit>tablespoons</unit></amt>
          <item>Low sodium teriyaki sauce</item></ing>
        <ing>
          <amt>
            <qty>1</qty>
            <unit>tablespoon</unit></amt>
          <item>Rice vinegar</item></ing>
        <ing>
          <amt>
            <qty>1</qty>
            <unit>tablespoon</unit></amt>
          <item>Mirin</item></ing>
        <ing>
          <amt>
            <qty>2</qty>
            <unit>teaspoons</unit></amt>
          <item>Hoisin sauce</item></ing>
        <ing>
          <amt>
            <qty>1/2</qty>
            <unit>teaspoons</unit></amt>
          <item>Sesame oil</item></ing>
        <ing>
          <amt>
            <qty>1</qty>
            <unit/></amt>
          <item>Garlic clove; minced</item></ing></ing-div>
      <ing-div>
        <title>MARINADE</title>
        <ing>
          <amt>
            <qty>1/4</qty>
            <unit>cups</unit></amt>
          <item>Fresh orange juice</item></ing>
        <ing>
          <amt>
            <qty>1/4</qty>
            <unit>cups</unit></amt>
          <item>Low sodium teriyaki sauce</item></ing>
        <ing>
          <amt>
            <qty>1/3</qty>
            <unit>cups</unit></amt>
          <item>Brown sugar</item></ing>
        <ing>
          <amt>
            <qty>1/2</qty>
            <unit>teaspoons</unit></amt>
          <item>Red pepper flakes</item></ing>
        <ing>
          <amt>
            <qty>4</qty>
            <unit/></amt>
          <item>Boned and skinned chicken breast halves</item></ing></ing-div>
      <ing-div>
        <title>SALAD INGREDIENTS</title>
        <ing>
          <amt>
            <qty>8</qty>
            <unit>cups</unit></amt>
          <item>Mixed salad greens</item></ing>
        <ing>
          <amt>
            <qty>1/2</qty>
            <unit>cups</unit></amt>
          <item>Red onion; sliced</item></ing>
        <ing>
          <amt>
            <qty>11</qty>
            <unit>ounces</unit></amt>
          <item>Mandarin oranges in light syrup; drained</item></ing>
        <ing>
          <amt>
            <qty>8</qty>
            <unit>ounces</unit></amt>
          <item>Waterchestnuts; canned, drained</item></ing>
        <ing>
          <amt>
            <qty>1</qty>
            <unit>large</unit></amt>
          <item>Red bell pepper; sliced into rings</item></ing></ing-div></ingredients>
    <directions>
      <step>  Combine 2/3 cup orange juice, 2 tablespoons teriyaki sauce, rice vinegar,
  mirin, hoisin sauce, sesame oil and garlic in a small bowl; stir well.
  Cover and chill.
  
  Combine 1/4 cup orange juice, 1/4 cup teriyaki sauce, brown sugar, and red
  pepper flakes in a large bowl. Slice chicken breasts into 3 x 1/2 inch wide
  strips and add to bowl. Toss to coat. Marinate in refrigerator for
       15    minutes.
  
  Place a large nonstick skillet coated with cooking spray over medium-high
  heat until hot. Add chicken and marinade; cook 8 minutes or until chicken
  is done and liquid almost evaporates. Remove from heat.
  
  Divide salad greens, onions, oranges, water chestnuts, bell pepper, and
  chicken mixture evenly among 4 plates. Drizzle dressing over each salad.
  Per serving: 345 Calories; 3g Fat (7% calories from fat); 24g Protein; 58g
  Carbohydrate; 51mg Cholesterol; 584mg Sodium
  
  Recipe by: Cooking Light (modified)
  
  Posted to EAT-LF Digest by "Joanne M. McAndrews" &lt;jmca@nwu.edu&gt; on Feb 10,
  1998
 
</step></directions></recipe></recipeml>
