<?xml version="1.0" encoding="UTF-8"?>

<recipeml version="0.5">
  <recipe>
    <head>
      <title>Asian Style Vegetable Soup</title>
      <categories>
        <cat>Soups</cat></categories>
      <yield>6</yield></head>
    <ingredients>
      <ing>
        <amt>
          <qty>2</qty>
          <unit>teaspoons</unit></amt>
        <item>Peanut Oil -- or</item></ing>
      <ing>
        <amt>
          <qty/>
          <unit/></amt>
        <item>Vegetable Oil</item></ing>
      <ing>
        <amt>
          <qty>1</qty>
          <unit/></amt>
        <item>Red Onion -- julienne</item></ing>
      <ing>
        <amt>
          <qty>1/4</qty>
          <unit>pounds</unit></amt>
        <item>Snow Peas -- cut half on</item></ing>
      <ing>
        <amt>
          <qty/>
          <unit/></amt>
        <item>Diagnal</item></ing>
      <ing>
        <amt>
          <qty>1</qty>
          <unit/></amt>
        <item>Carrot -- julienne</item></ing>
      <ing>
        <amt>
          <qty>1</qty>
          <unit/></amt>
        <item>Red Pepper -- julienne or</item></ing>
      <ing>
        <amt>
          <qty/>
          <unit/></amt>
        <item>Yellow Pepper</item></ing>
      <ing>
        <amt>
          <qty>1/4</qty>
          <unit>pounds</unit></amt>
        <item>Bean Sprouts</item></ing>
      <ing>
        <amt>
          <qty>1/2</qty>
          <unit/></amt>
        <item>Head Napa Cabbage --</item></ing>
      <ing>
        <amt>
          <qty/>
          <unit/></amt>
        <item>Julienne</item></ing>
      <ing>
        <amt>
          <qty>2</qty>
          <unit>teaspoons</unit></amt>
        <item>Ginger -- chopped</item></ing>
      <ing>
        <amt>
          <qty>3</qty>
          <unit/></amt>
        <item>Cloves Garlic -- chopped</item></ing>
      <ing>
        <amt>
          <qty>1</qty>
          <unit>quart</unit></amt>
        <item>Chicken Stock -- or</item></ing>
      <ing>
        <amt>
          <qty/>
          <unit/></amt>
        <item>Vegetable stock</item></ing>
      <ing>
        <amt>
          <qty>2</qty>
          <unit>teaspoons</unit></amt>
        <item>Sesame Oil</item></ing>
      <ing>
        <amt>
          <qty>1</qty>
          <unit>teaspoon</unit></amt>
        <item>Fish Sauce</item></ing>
      <ing>
        <amt>
          <qty>1/2</qty>
          <unit>teaspoons</unit></amt>
        <item>Cayenne</item></ing>
      <ing>
        <amt>
          <qty>1/4</qty>
          <unit>teaspoons</unit></amt>
        <item>Cumin</item></ing>
      <ing>
        <amt>
          <qty>2</qty>
          <unit>dashes</unit></amt>
        <item>Soy Sauce -- to 3 dashes</item></ing>
      <ing>
        <amt>
          <qty/>
          <unit/></amt>
        <item>Pepper -- to taste</item></ing></ingredients>
    <directions>
      <step>  This is an easy soup, lowfat and a way to get alot of nutrional value. Can
  use other vegetables, depending on whats in season, or if you have a
  garden. Bok chow or regular cabbage can be used. To cut up, half head, take
  out core, slice thin. In a hot pan add olive oil, add onions, ginger,
  lightly saute breifly till you smell the aroma, add carrots. Saute
  slightly, add peas, red pepper or yellow pepper on any sweet pepper. Stir,
  add bean sprouts and napa cabbage. (fresh baby zucchini makes a nice
  addition), add stock. Season sesame oil, just a little, add soy sauce, fish
  sauce, stir. Alittle cumin, cayenne (or hot chili sauce, if you have a
  asian grocery near by), cracked black pepper to taste. Serve.
  
  Recipe By     : Caprial Cafe' (Chef Caprial Pence) Tv notes 94/09/03
  
  File ftp://ftp.idiscover.co.uk/pub/food/mealmaster/recipes/mmdja006.zip
 
</step></directions></recipe></recipeml>
