<?xml version="1.0" encoding="UTF-8"?>

<recipeml version="0.5">
  <recipe>
    <head>
      <title>Asian Cabbage Stir Fry</title>
      <categories>
        <cat>Vegetable</cat></categories>
      <yield>4</yield></head>
    <ingredients>
      <ing>
        <amt>
          <qty>3</qty>
          <unit>tablespoons</unit></amt>
        <item>Peanut oil</item></ing>
      <ing>
        <amt>
          <qty>2</qty>
          <unit>large</unit></amt>
        <item>Heads Bok Choy (Chinese cabbage)</item></ing>
      <ing>
        <amt>
          <qty>2</qty>
          <unit>teaspoons</unit></amt>
        <item>Sesame seeds</item></ing>
      <ing>
        <amt>
          <qty>2</qty>
          <unit>teaspoons</unit></amt>
        <item>Teriyaki sauce</item></ing></ingredients>
    <directions>
      <step>  From: Stacy Hansen &lt;schansen@pacificrim.net&gt;
  
  Date: Tue, 14 May 1996 14:50:12 -0700
  Shar (Loverly@prodigy.com ( SHARON R MCCORMACK))sent me these recipes in
  answer to my request and was unsure how to post them to the group.  So, I
  told her that I would do it for her:
  
  Heat the oil in a wok or large deep skillet,over low heat for 1 minute.
  
  Meanwhile shred the cabbage fine.Add the cabbage and stir fry 4 minutes.
  Add sesame seeds and stir fry 1 minute more.Add teriyake sauce and toss
  ingredients until cabbage is tender but still crisp.Makes 4 servings..
  
  MC-RECIPE@MASTERCOOK.COM
  
  MASTERCOOK RECIPES LIST SERVER
  
  MC-RECIPE DIGEST V1 #84
  
  From the MasterCook recipe list.  Downloaded from Glen's MM Recipe Archive,
  http://www.erols.com/hosey.
 
</step></directions></recipe></recipeml>
