<?xml version="1.0" encoding="UTF-8"?>

<recipeml version="0.5">
  <recipe>
    <head>
      <title>Asian Pesto Noodle and Cucumber Salad</title>
      <categories>
        <cat>Cooking liv</cat>
        <cat>Import</cat></categories>
      <yield>1</yield></head>
    <ingredients>
      <ing-div>
        <title>FOR PESTO</title>
        <ing>
          <amt>
            <qty>1</qty>
            <unit>bunch</unit></amt>
          <item>Basil</item></ing>
        <ing>
          <amt>
            <qty>1/4</qty>
            <unit>bunches</unit></amt>
          <item>Mint</item></ing>
        <ing>
          <amt>
            <qty>1/4</qty>
            <unit>bunches</unit></amt>
          <item>Cilantro</item></ing>
        <ing>
          <amt>
            <qty>1/2</qty>
            <unit>cups</unit></amt>
          <item>Roasted peanuts</item></ing>
        <ing>
          <amt>
            <qty>3</qty>
            <unit/></amt>
          <item>Serrano chiles; stem removed</item></ing>
        <ing>
          <amt>
            <qty>2</qty>
            <unit>tablespoons</unit></amt>
          <item>Minced ginger</item></ing>
        <ing>
          <amt>
            <qty>2</qty>
            <unit>tablespoons</unit></amt>
          <item>Minced garlic</item></ing>
        <ing>
          <amt>
            <qty>1</qty>
            <unit>tablespoon</unit></amt>
          <item>Sugar</item></ing>
        <ing>
          <amt>
            <qty>1/4</qty>
            <unit>cups</unit></amt>
          <item>Lime juice</item></ing>
        <ing>
          <amt>
            <qty>1</qty>
            <unit>tablespoon</unit></amt>
          <item>Salt</item></ing>
        <ing>
          <amt>
            <qty>1</qty>
            <unit>teaspoon</unit></amt>
          <item>White pepper</item></ing>
        <ing>
          <amt>
            <qty>1</qty>
            <unit>cup</unit></amt>
          <item>Peanut oil</item></ing></ing-div>
      <ing-div>
        <title>FOR CUCUMBER SALAD</title>
        <ing>
          <amt>
            <qty>8</qty>
            <unit>ounces</unit></amt>
          <item>Blanched and refreshed shanghai noodles</item></ing>
        <ing>
          <amt>
            <qty>1</qty>
            <unit/></amt>
          <item>Cucumber; julienned</item></ing>
        <ing>
          <amt>
            <qty>1/4</qty>
            <unit>cups</unit></amt>
          <item>Chopped scallions</item></ing></ing-div>
      <ing-div>
        <title>GARNISH</title>
        <ing>
          <amt>
            <qty/>
            <unit/></amt>
          <item>Chopped peanuts</item></ing>
        <ing>
          <amt>
            <qty/>
            <unit/></amt>
          <item>Freshly chopped mint</item></ing>
        <ing>
          <amt>
            <qty/>
            <unit/></amt>
          <item>Freshly chopped cilantro</item></ing>
        <ing>
          <amt>
            <qty/>
            <unit/></amt>
          <item>Basil leaves</item></ing></ing-div></ingredients>
    <directions>
      <step>  Make the pesto:
  
  In a food processor process the first 11 ingredients. Slowly add the oil in
  a stream. Taste for seasoning.
  
  Finish the salad:
  
  In a large bowl, mix noodles, cucumber and scallions with enough pesto to
  cover the noodles. Garnish the chopped peanuts, mint, cilantro and basil
  leaves.
  
  Recipe by: Cooking Live Show #CL8941
  
  Posted to MC-Recipe Digest V1 #782 by "Angele and Jon Freeman"
  &lt;jfreeman@netusa1.net&gt; on Sep 15, 1997
 
</step></directions></recipe></recipeml>
