<?xml version="1.0" encoding="UTF-8"?>

<recipeml version="0.5">
  <recipe>
    <head>
      <title>Asian Chowder</title>
      <categories>
        <cat>New</cat>
        <cat>Text</cat>
        <cat>Import</cat></categories>
      <yield>1</yield></head>
    <ingredients>
      <ing>
        <amt>
          <qty>1</qty>
          <unit>tablespoon</unit></amt>
        <item>Olive oil</item></ing>
      <ing>
        <amt>
          <qty>1</qty>
          <unit>cup</unit></amt>
        <item>Bok choy,; julienne</item></ing>
      <ing>
        <amt>
          <qty>1</qty>
          <unit>cup</unit></amt>
        <item>Julienne carrots</item></ing>
      <ing>
        <amt>
          <qty>1/2</qty>
          <unit>cups</unit></amt>
        <item>Water chestnuts,; thinly sliced</item></ing>
      <ing>
        <amt>
          <qty>6</qty>
          <unit>ounces</unit></amt>
        <item>Straw mushrooms</item></ing>
      <ing>
        <amt>
          <qty>1</qty>
          <unit>ounce</unit></amt>
        <item>Cloud mushrooms,; hydrated</item></ing>
      <ing>
        <amt>
          <qty>1</qty>
          <unit>pound</unit></amt>
        <item>Red snapper,; cut into 1-inch cubes</item></ing>
      <ing>
        <amt>
          <qty>1 1/2</qty>
          <unit>quarts</unit></amt>
        <item>Fish stock</item></ing>
      <ing>
        <amt>
          <qty>3</qty>
          <unit>cups</unit></amt>
        <item>Milk</item></ing>
      <ing>
        <amt>
          <qty>1</qty>
          <unit>cup</unit></amt>
        <item>Coconut milk</item></ing>
      <ing>
        <amt>
          <qty/>
          <unit/></amt>
        <item>Pinch black sesame seeds</item></ing>
      <ing>
        <amt>
          <qty/>
          <unit/></amt>
        <item>Pinch ground chili pepper</item></ing>
      <ing>
        <amt>
          <qty>1/4</qty>
          <unit>cups</unit></amt>
        <item>Chiffonade of cilantro</item></ing>
      <ing>
        <amt>
          <qty>1</qty>
          <unit/></amt>
        <item>Sheet nori seaweed,; cut into thin sheets</item></ing>
      <ing>
        <amt>
          <qty>1</qty>
          <unit>ounce</unit></amt>
        <item>Salmon roe</item></ing>
      <ing>
        <amt>
          <qty>4</qty>
          <unit/></amt>
        <item>Fried wonton wrappers</item></ing>
      <ing>
        <amt>
          <qty>2</qty>
          <unit>tablespoons</unit></amt>
        <item>Chopped green onions</item></ing></ingredients>
    <directions>
      <step>  In a large sauce pan, heat the olive oil. When the oil is hot, saut_ the
  bok choy, carrots, water chestnuts, straw mushrooms and cloud mushrooms.
  Saut_ for 3-4 minutes or until the vegetables wilt. Season with salt and
  pepper. Stir in the snapper. Whisk in the fish stock, milk and coconut
  milk. Bring the liquid up to a boil and reduce to a simmer. Simmer for
  15-20 minutes. Season the chowder with the black sesame seeds and chili
  pepper. Stir in the cilantro and seaweed. Bring the liquid back up to a
  boil. Ladle the soup in a shallow bowl. Garnish the soup with the salmon
  roe and green onions. Serve with the fried wonton wrappers.
  
  Yield: 6-8 servings
  Recipe By     :ESSENCE OF EMERIL SHOW #EE2435
  
  Posted to MC-Recipe Digest V1 #289
  
  Date: Sat, 9 Nov 1996 14:18:58 -0500
  
  From: Meg Antczak &lt;meginny@frontiernet.net&gt;
 
</step></directions></recipe></recipeml>
