<?xml version="1.0" encoding="UTF-8"?>

<recipeml version="0.5">
  <recipe>
    <head>
      <title>Asian Pasta</title>
      <categories>
        <cat>Pasta</cat></categories>
      <yield>4</yield></head>
    <ingredients>
      <ing>
        <amt>
          <qty>1/4</qty>
          <unit>cups</unit></amt>
        <item>Rice vinegar</item></ing>
      <ing>
        <amt>
          <qty>2</qty>
          <unit>tablespoons</unit></amt>
        <item>Soy sauce</item></ing>
      <ing>
        <amt>
          <qty>2</qty>
          <unit>tablespoons</unit></amt>
        <item>Honey</item></ing>
      <ing>
        <amt>
          <qty>1</qty>
          <unit>teaspoon</unit></amt>
        <item>Chinese chile paste</item></ing>
      <ing>
        <amt>
          <qty>2</qty>
          <unit>tablespoons</unit></amt>
        <item>Finely chopped fresh ginger</item></ing>
      <ing>
        <amt>
          <qty>2</qty>
          <unit/></amt>
        <item>Scallions; finely chopped</item></ing>
      <ing>
        <amt>
          <qty>8</qty>
          <unit>ounces</unit></amt>
        <item>Fresh ginger angel-hair pasta</item></ing>
      <ing>
        <amt>
          <qty>2</qty>
          <unit>teaspoons</unit></amt>
        <item>Dark; roasted sesame oil</item></ing></ingredients>
    <directions>
      <step>  Date: Mon, 25 Mar 96 13:05:40 EST
  
  submitted by: davidg@clam.rutgers.edu (from Cherry Hill, NJ, USA)
  1. Put a large pot of water on to boil. Combine all ingredients, except
  pasta and sesame oil, in a small bowl and mix well; set aside.
  
  2. Cook the pasta in boiling water for about 1 1/2 minutes, or until tender
  but still firm to the bite (or al dente). Drain the pasta well and then
  toss with the sesame oil. Add the sauce and again toss well.
  
  Makes four servings. Each serving contains approximately 275 calories; no
  cholesterol; 4 gm of fat; 335 mg of sodium; 10 gm protein; 50 gm
  carbohydrate.
  
  DAVE &lt;DAVIDG@CLAM.RUTGERS.EDU&gt;
  
  RECIPEINTERNET LIST SERVER
  
  RECIPE ARCHIVE - 26 MARCH 1996
  
  From the 'RECIPEinternet: Recipes from Around the World' recipe list.
  Downloaded from Glen's MM Recipe Archive, http://www.erols.com/hosey.
 
</step></directions></recipe></recipeml>
