<?xml version="1.0" encoding="UTF-8"?>

<recipeml version="0.5">
  <recipe>
    <head>
      <title>Asian Pesto</title>
      <categories>
        <cat>Main dish</cat>
        <cat>Pasta</cat>
        <cat>Sauces</cat>
        <cat>Vegetarian</cat></categories>
      <yield>2 1/2</yield></head>
    <ingredients>
      <ing>
        <amt>
          <qty>1</qty>
          <unit>cup</unit></amt>
        <item>Oil</item></ing>
      <ing>
        <amt>
          <qty>1/2</qty>
          <unit>cups</unit></amt>
        <item>Peanuts</item></ing>
      <ing>
        <amt>
          <qty>2</qty>
          <unit>small</unit></amt>
        <item>Green chile peppers, seeded</item></ing>
      <ing>
        <amt>
          <qty>1</qty>
          <unit>tablespoon</unit></amt>
        <item>Ginger, chopped</item></ing>
      <ing>
        <amt>
          <qty>4</qty>
          <unit/></amt>
        <item>Garlic cloves</item></ing>
      <ing>
        <amt>
          <qty>1 1/2</qty>
          <unit>cups</unit></amt>
        <item>Basil leaves</item></ing>
      <ing>
        <amt>
          <qty>1/4</qty>
          <unit>cups</unit></amt>
        <item>Mint leaves</item></ing>
      <ing>
        <amt>
          <qty>1/4</qty>
          <unit>cups</unit></amt>
        <item>Cilantro leaves</item></ing>
      <ing>
        <amt>
          <qty>3</qty>
          <unit>tablespoons</unit></amt>
        <item>Lemon juice</item></ing>
      <ing>
        <amt>
          <qty>1 1/2</qty>
          <unit>teaspoons</unit></amt>
        <item>Salt</item></ing>
      <ing>
        <amt>
          <qty>1</qty>
          <unit>teaspoon</unit></amt>
        <item>Sugar</item></ing></ingredients>
    <directions>
      <step>  Heat oil in a small skillet until nearly smoking, then remove from
  the heat and add the peanuts. Allow to sit until lightly browned.
  Remove the nuts with a slotted spoon and drain, reserving the oil.
  
  Put the peanuts in a food processor or blender and blend to a rough
  paste. Add the chilies, ginger and garlic and continue to blend, Add
  the herbs and a little of the reserved oil, and continue to blend.
  Add the salt, sugar and lemon juice, and blend until the herbs are
  very finely minced.
  
  Transfer the mixture to a serving bowl and stir in the remaining oil.
  
  Serve along side warm or cold noodles, and allow each eater to spoon
  sauce to taste over a helping of noodles.
  
  Paula Hamilton, "Food Day" in "Daily Review", July 6, 1994 Posted by
  Dorothy Hair 7/7/94
  
  File ftp://ftp.idiscover.co.uk/pub/food/mealmaster/recipes/vegan4.zip
 
</step></directions></recipe></recipeml>
