<?xml version="1.0" encoding="UTF-8"?>

<recipeml version="0.5">
  <recipe>
    <head>
      <title>Asparagus, Prosciutto, and Goat Cheese Galettes</title>
      <categories>
        <cat>None</cat></categories>
      <yield>1</yield></head>
    <ingredients>
      <ing-div>
        <title/>
        <ing>
          <amt>
            <qty>2</qty>
            <unit>medium</unit></amt>
          <item>Onions; chopped</item></ing>
        <ing>
          <amt>
            <qty>1</qty>
            <unit>tablespoon</unit></amt>
          <item>Olive oil</item></ing>
        <ing>
          <amt>
            <qty>1</qty>
            <unit>tablespoon</unit></amt>
          <item>Unsalted butter</item></ing>
        <ing>
          <amt>
            <qty>1/2</qty>
            <unit>pounds</unit></amt>
          <item>Thin asparagus; (about 15 spears, 1/4- to 1/2-inch thick), trimmed</item></ing>
        <ing>
          <amt>
            <qty>2</qty>
            <unit/></amt>
          <item>Galette rounds; (recipe follows), baked</item></ing>
        <ing>
          <amt>
            <qty>1/4</qty>
            <unit>pounds</unit></amt>
          <item>Thinly sliced prosciutto; cut crosswise into thin slices</item></ing>
        <ing>
          <amt>
            <qty>1/3</qty>
            <unit>cups</unit></amt>
          <item>Soft mild goat cheese; (about 4 ounces) room temperature</item></ing></ing-div>
      <ing-div>
        <title>GALETTE ROUNDS</title>
        <ing>
          <amt>
            <qty>1/4</qty>
            <unit>cups</unit></amt>
          <item>Milk</item></ing>
        <ing>
          <amt>
            <qty>3/4</qty>
            <unit/></amt>
          <item>Stick; (6 tablespoons) unsalted butter, melted and cooled</item></ing>
        <ing>
          <amt>
            <qty>3</qty>
            <unit>large</unit></amt>
          <item>Egg yolks</item></ing>
        <ing>
          <amt>
            <qty>1</qty>
            <unit>large</unit></amt>
          <item>Whole egg</item></ing>
        <ing>
          <amt>
            <qty>2</qty>
            <unit>cups</unit></amt>
          <item>All-purpose flour</item></ing>
        <ing>
          <amt>
            <qty>1 3/4</qty>
            <unit>teaspoons</unit></amt>
          <item>Salt</item></ing>
        <ing>
          <amt>
            <qty>3</qty>
            <unit>tablespoons</unit></amt>
          <item>Chopped fresh chives</item></ing></ing-div></ingredients>
    <directions>
      <step>  In a skillet cook onions in oil and butter with salt and pepper to taste
  
  over moderately low heat 15 minutes, or until golden. Transfer onions to a
  bowl to cool.
  
  Have ready a large bowl of ice and cold water. Cut asparagus crosswise into
  1/2-inch pieces and cook in a large saucepan of boiling salted water 3 to 5
  minutes, or until just tender. Drain asparagus in a colander and transfer
  to bowl of ice and cold water to stop cooking. Lift asparagus out of water
  and pat dry.
  
  Preheat oven to 400°F.
  
  Spread onions evenly onto galette rounds and top with prosciutto,
  asparagus, and goat cheese. Bake galettes on a baking sheet in middle of
  oven about 15 minutes, or until tops are lightly browned. Transfer galettes
  to a rack and cool.
  
  Serve galettes, cut into wedges, at room temperature.
  
  GALETTE ROUNDS: In a bowl whisk together milk, butter, yolks, and whole
  egg. In another bowl whisk together flour, salt, and chives and stir into
  milk mixture until just combined.
  
  On a lightly floured surface with floured hands knead dough about 8 times,
  or until just smooth. Wrap dough in plastic wrap and chill hour.
  
  Preheat oven to 450°F.
  
  Divide dough into 4 pieces. On a lightly floured surface with a floured
  rolling pin roll out each piece into an 8-inch round. Transfer rounds to
  
  2 baking sheets and crimp edges decoratively. Chill dough 10 minutes and
  bake in middle and lower thirds of oven about 5 minutes, or until golden
  brown. Transfer galettes to racks and cool completely. Galettes may be made
  1 day ahead and kept in a sealable plastic bag at room temperature. Makes 4
  galettes rounds.
  
  Makes 2 galettes, serving 2.
  
  Gourmet April 1996
  
  Posted to recipelu-digest by Sandy &lt;sandysno@pctech.net&gt; on Feb 24, 1998
 
</step></directions></recipe></recipeml>
