<?xml version="1.0" encoding="UTF-8"?>

<recipeml version="0.5">
  <recipe>
    <head>
      <title>Asparagus</title>
      <categories>
        <cat>Vegetable</cat></categories>
      <yield>6</yield></head>
    <ingredients>
      <ing>
        <amt>
          <qty>1 1/2</qty>
          <unit>pounds</unit></amt>
        <item>Asparagus</item></ing>
      <ing>
        <amt>
          <qty>3/4</qty>
          <unit>teaspoons</unit></amt>
        <item>Salt</item></ing>
      <ing>
        <amt>
          <qty>1/2</qty>
          <unit>teaspoons</unit></amt>
        <item>Sugar</item></ing>
      <ing>
        <amt>
          <qty>1/4</qty>
          <unit>teaspoons</unit></amt>
        <item>Soy sauce</item></ing>
      <ing>
        <amt>
          <qty>3</qty>
          <unit>drops</unit></amt>
        <item>Sesame oil</item></ing></ingredients>
    <directions>
      <step>  Snap off tender tips of asparagus &amp; discard the rest. Stems will naturally
  break where tender part begins. Cut tips diagonally into pieces about 2-1/2
  in. long. Boil tips in large saucepan 2-3 min. Drain,rinse in cold water &amp;
  drain again. Sprinkle w/ salt, sugar, soy sauce &amp; sesame oil. Stir to blend
  seasonings. Refrigerate in covered container. When chilled, taste again &amp;
  adjust seasoning if necessary. Serve cold.
  
  CHINA ROW
  
  CANNERY ROW; MONTEREY
  
  WINE:MONDAV NAPA GAMAY
  
  From the &lt;Micro Cookbook Collection of Chinese Recipes&gt;.  Downloaded from
  Glen's MM Recipe Archive, http://www.erols.com/hosey.
 
</step></directions></recipe></recipeml>
