<?xml version="1.0" encoding="UTF-8"?>

<recipeml version="0.5">
  <recipe>
    <head>
      <title>Asparagus-And-Emmenthaler Tart</title>
      <categories>
        <cat>Main dish</cat>
        <cat>Vegetables</cat>
        <cat>Cheese/eggs</cat></categories>
      <yield>6</yield></head>
    <ingredients>
      <ing>
        <amt>
          <qty>1</qty>
          <unit>pound</unit></amt>
        <item>Asparagus (preferably white)</item></ing>
      <ing>
        <amt>
          <qty>2</qty>
          <unit>quarts</unit></amt>
        <item>:boiling water mixed with</item></ing>
      <ing>
        <amt>
          <qty>4</qty>
          <unit>teaspoons</unit></amt>
        <item>Salt</item></ing>
      <ing>
        <amt>
          <qty>1</qty>
          <unit/></amt>
        <item>(9-in) unbaked pie shell</item></ing>
      <ing>
        <amt>
          <qty>3</qty>
          <unit>ounces</unit></amt>
        <item>Well aged Emmenthaler cheese coarsely grated</item></ing>
      <ing>
        <amt>
          <qty>3/4</qty>
          <unit>cups</unit></amt>
        <item>Milk</item></ing>
      <ing>
        <amt>
          <qty>3/4</qty>
          <unit>cups</unit></amt>
        <item>Whipping cream</item></ing>
      <ing>
        <amt>
          <qty>2</qty>
          <unit>medium</unit></amt>
        <item>Eggs; lightly beaten</item></ing>
      <ing>
        <amt>
          <qty>1/4</qty>
          <unit>cups</unit></amt>
        <item>Freshly grated Parmesan</item></ing>
      <ing>
        <amt>
          <qty>1</qty>
          <unit>tablespoon</unit></amt>
        <item>Kirschwasser</item></ing>
      <ing>
        <amt>
          <qty>1</qty>
          <unit>teaspoon</unit></amt>
        <item>Salt</item></ing>
      <ing>
        <amt>
          <qty>2</qty>
          <unit>tablespoons</unit></amt>
        <item>Finely snipped fresh dill OR Dill weed</item></ing>
      <ing>
        <amt>
          <qty>1/4</qty>
          <unit>teaspoons</unit></amt>
        <item>Ground mace</item></ing>
      <ing>
        <amt>
          <qty>1/4</qty>
          <unit>teaspoons</unit></amt>
        <item>Freshly ground black pepper</item></ing></ingredients>
    <directions>
      <step>  Emmenthaler is a dry, aged cheese that accents the flavor of asparagus.
  Serve as the main course of a light lunch or supper.
  
  PREHEAT OVEN TO 350F. Snap coarse ends off asparagus stalks leaving spears
  about 3 1/2-inches long. (Save the trimmed-off ends to use for soup.) Peel
  the asparagus spears using a swivel-bladed vegetable peeler, lay them flat
  in a large heavy skillet, pour in boiling salted water and set over
  moderate heat. Cover and cook asparagus for about 10 minutes, until very
  tender. Drain well, return to the skillet and shake over moderate heat for
  30 seconds or so to dissipate any excess moisture. Arrange the asparagus
  spears like the spokes of a wheel over the bottom of the pie crust, with
  their tips pointing toward the center. Combine the milk, cream, eggs,
  Parmesan cheese, Kirschwasser, salt, dill, mace and pepper, and pour the
  liquid evenly over the asparagus. Bake the tart, uncovered, for 35 minutes,
  or until the filling has set. Remove the tart from the oven and cool it for
  at least 20 minutes before cutting.
  
  From Gemini's MASSIVE MealMaster collection at www.synapse.com/~gemini
 
</step></directions></recipe></recipeml>
