<?xml version="1.0" encoding="UTF-8"?>

<recipeml version="0.5">
  <recipe>
    <head>
      <title>Asparagus Almondine</title>
      <categories>
        <cat>Vegetables</cat>
        <cat>Appetizers</cat>
        <cat>Microwave</cat></categories>
      <yield>6</yield></head>
    <ingredients>
      <ing>
        <amt>
          <qty>1/4</qty>
          <unit>cups</unit></amt>
        <item>Finely chopped almonds</item></ing>
      <ing>
        <amt>
          <qty>1/2</qty>
          <unit>cups</unit></amt>
        <item>Butter</item></ing>
      <ing>
        <amt>
          <qty>1</qty>
          <unit>teaspoon</unit></amt>
        <item>Tarragon vinegar</item></ing>
      <ing>
        <amt>
          <qty>20</qty>
          <unit>ounces</unit></amt>
        <item>Frozen asparagus spears, cooked and drained</item></ing></ingredients>
    <directions>
      <step>  1. In a small, heat-resistant, non-metallic bowl, place almonds and butter.
  2. Heat, uncovered, in Microwave Oven 1 1/2 minutes or until nuts are
  lightly browned. 3. Stir in vinegar. 4. Pour sauce over hot or cooled
  asparagus.
  
  From Gemini's MASSIVE MealMaster collection at www.synapse.com/~gemini
 
</step></directions></recipe></recipeml>
