<?xml version="1.0" encoding="UTF-8"?>

<recipeml version="0.5">
  <recipe>
    <head>
      <title>Asparagi Di Campo (Cold Marinated Asparagus)</title>
      <categories>
        <cat>Salads</cat>
        <cat>Italian</cat>
        <cat>Appetizers</cat>
        <cat>Vegetables</cat></categories>
      <yield>4</yield></head>
    <ingredients>
      <ing>
        <amt>
          <qty>3/4</qty>
          <unit>small</unit></amt>
        <item>Onion, minced</item></ing>
      <ing>
        <amt>
          <qty/>
          <unit/></amt>
        <item>Salt</item></ing>
      <ing>
        <amt>
          <qty>1 1/2</qty>
          <unit>teaspoons</unit></amt>
        <item>Capers, rinsed &amp; chopped</item></ing>
      <ing>
        <amt>
          <qty>1</qty>
          <unit>teaspoon</unit></amt>
        <item>Lemon juice</item></ing>
      <ing>
        <amt>
          <qty/>
          <unit/></amt>
        <item>Salt &amp; pepper</item></ing>
      <ing>
        <amt>
          <qty>1</qty>
          <unit/></amt>
        <item>Mint leaf</item></ing>
      <ing>
        <amt>
          <qty>1</qty>
          <unit>pound</unit></amt>
        <item>Thin asparagus</item></ing></ingredients>
    <directions>
      <step>  Place onion &amp; salt in a bowl large enough to hold the asparagus. Mix well &amp;
  let steep for 30 minutes.  Add the capers, lemon juice &amp; mint leaf &amp;
  marinate for at least 1 hour. Mix thoroughly from time to time. Meanwhile,
  bring an asparagus cooker to a boil &amp; cook the asparagus until tender but
  still crisp, about 3 minutes. Drain. Toss the still warm asparagus with the
  marinade &amp; add salt &amp; pepper.  Toss gently &amp; serve.
 
</step></directions></recipe></recipeml>
