<?xml version="1.0" encoding="UTF-8"?>

<recipeml version="0.5">
  <recipe>
    <head>
      <title>Asparaguse Quiche</title>
      <categories>
        <cat>None</cat></categories>
      <yield>6 To 8</yield></head>
    <ingredients>
      <ing-div>
        <title>BASIC PIE DOUGH</title>
        <ing>
          <amt>
            <qty>1 1/2</qty>
            <unit>cups</unit></amt>
          <item>Flour</item></ing>
        <ing>
          <amt>
            <qty>3</qty>
            <unit/></amt>
          <item>Tabls each Butter; and Margarin - cold</item></ing>
        <ing>
          <amt>
            <qty>1</qty>
            <unit>pinch</unit></amt>
          <item>Salt</item></ing>
        <ing>
          <amt>
            <qty>1/4</qty>
            <unit>cups</unit></amt>
          <item>Grated sharp cheese</item></ing>
        <ing>
          <amt>
            <qty>2</qty>
            <unit/></amt>
          <item>Tabls Cold water; (up to 3)</item></ing>
        <ing>
          <amt>
            <qty>1</qty>
            <unit>teaspoon</unit></amt>
          <item>Vinegar - Mix together with the water.</item></ing></ing-div>
      <ing-div>
        <title>ASPARAGUSE FILLING</title>
        <ing>
          <amt>
            <qty>2</qty>
            <unit/></amt>
          <item>Egg</item></ing>
        <ing>
          <amt>
            <qty>2/3</qty>
            <unit>cups</unit></amt>
          <item>Heavy cream</item></ing>
        <ing>
          <amt>
            <qty>4</qty>
            <unit/></amt>
          <item>Tabls Milk</item></ing>
        <ing>
          <amt>
            <qty>1</qty>
            <unit>can</unit></amt>
          <item>(12 oz) Asparaguse spears; Drain.</item></ing>
        <ing>
          <amt>
            <qty>3/4</qty>
            <unit>cups</unit></amt>
          <item>Grated Cheese</item></ing>
        <ing>
          <amt>
            <qty/>
            <unit/></amt>
          <item>Salt and freshly ground pepper</item></ing></ing-div></ingredients>
    <directions>
      <step>  Source: From my mother with love &amp; more, Family recipe.
  
  Dough: In a food processor mix the first 4 ingredients. Work till it
  resemble fine crumbs.
  
  Slowly pour the water- vinegar into the flour (while the food processor
  still works),till you get a ball, Do not over mix.
  
  Roll out the dough and line 9 inch pie pan. Prick with a fork and keep in
  refrigerator for 15 minutes.
  
  Asparaguse Filling: On the dough sprinkle 2 Tabls of grated cheese, Arrange
  on top the asparagus. In a bowl, beat lightly the eggs. Add the rest of
  ingredients , mix till all blended, Add some salt and ground pepper.
  
  Pour over asparagus and bake in pre heated 350 F hot oven for 25 - 30
  minutes or until golden.
  
  Serve hot or cold with all sort of salads.
  
  Posted to JEWISH-FOOD digest Volume 98 #021 by Zvi&amp;Rina perry
  &lt;pzvi@netvision.net.il&gt; on Jan 11, 98
 
</step></directions></recipe></recipeml>
