<?xml version="1.0" encoding="UTF-8"?>

<recipeml version="0.5">
  <recipe>
    <head>
      <title>Asparagus-Potato Soup</title>
      <categories>
        <cat>Soups</cat></categories>
      <yield>6</yield></head>
    <ingredients>
      <ing>
        <amt>
          <qty>1</qty>
          <unit>pound</unit></amt>
        <item>Asparagus; trimmed, and cut into 1-in lengths</item></ing>
      <ing>
        <amt>
          <qty>1</qty>
          <unit>large</unit></amt>
        <item>Baking potato; peeled and cut into 1/2-in cubes</item></ing>
      <ing>
        <amt>
          <qty>1</qty>
          <unit>medium</unit></amt>
        <item>Yellow onion, peeled and cut into slim wedges</item></ing>
      <ing>
        <amt>
          <qty>3 1/2</qty>
          <unit>cups</unit></amt>
        <item>Chicken broth</item></ing>
      <ing>
        <amt>
          <qty>1/4</qty>
          <unit>teaspoons</unit></amt>
        <item>Ground mace</item></ing>
      <ing>
        <amt>
          <qty>1/8</qty>
          <unit>teaspoons</unit></amt>
        <item>Ground nutmeg</item></ing>
      <ing>
        <amt>
          <qty>1/2</qty>
          <unit>teaspoons</unit></amt>
        <item>Salt</item></ing>
      <ing>
        <amt>
          <qty>1/4</qty>
          <unit>teaspoons</unit></amt>
        <item>Freshly ground pepper</item></ing>
      <ing>
        <amt>
          <qty>6</qty>
          <unit>tablespoons</unit></amt>
        <item>Freshly grated Parmesan</item></ing></ingredients>
    <directions>
      <step>  PLACE ALL THE INGREDIENTS except cheese in a large saucepan. Bring the
  liquid to a simmer over moderate heat, then adjust the heat so that it
  bubbles gently. Cover the pot and simmer the broth for 30 to 35 minutes,
  until the vegetables are very tender. Cool the broth, still covered, for 20
  minutes. Puree the broth and the vegetables in batches, in a blender or in
  a food processor fitted with the metal chopping blade. Return the puree to
  the saucepan, set it over moderate heat and bring the soup just to serving
  temperature. Ladle the soup into heated bowls and top each portion with 1
  tablespoon of the Parmesan cheese.
  
  From Gemini's MASSIVE MealMaster collection at www.synapse.com/~gemini
 
</step></directions></recipe></recipeml>
