<?xml version="1.0" encoding="UTF-8"?>

<recipeml version="0.5">
  <recipe>
    <head>
      <title>Asparagus Almondine</title>
      <categories>
        <cat>All newly t</cat>
        <cat>Vegetables</cat></categories>
      <yield>2</yield></head>
    <ingredients>
      <ing>
        <amt>
          <qty>2</qty>
          <unit>tablespoons</unit></amt>
        <item>Butter or margarine</item></ing>
      <ing>
        <amt>
          <qty>1/4</qty>
          <unit>cups</unit></amt>
        <item>Sliced almonds</item></ing>
      <ing>
        <amt>
          <qty>1</qty>
          <unit>dash</unit></amt>
        <item>Garlic or onion powder</item></ing>
      <ing>
        <amt>
          <qty>1</qty>
          <unit>can</unit></amt>
        <item>(12-15 oz.) Asparagus spears, drained</item></ing></ingredients>
    <directions>
      <step>  Melt butter in a large skillet. Add almonds and garlic powder. Cook over
  low heat until almonds are toasted; push to one side.
  
  Add asparagus to the other side; cover and heat. Spoon almond butter over
  asparagus and top with parsley if desired.
  
  Recipe by: Del Monte Posted to MC-Recipe Digest V1 #682 by L979@aol.com on
  Jul 21, 1997
 
</step></directions></recipe></recipeml>
