<?xml version="1.0" encoding="UTF-8"?>

<recipeml version="0.5">
  <recipe>
    <head>
      <title>Asparagus, Creamed (Canned)</title>
      <categories>
        <cat/></categories>
      <yield>100</yield></head>
    <ingredients>
      <ing>
        <amt>
          <qty>3 3/4</qty>
          <unit>quarts</unit></amt>
        <item>WATER; WARM</item></ing>
      <ing>
        <amt>
          <qty>1</qty>
          <unit>pound</unit></amt>
        <item>BUTTER PRINT SURE</item></ing>
      <ing>
        <amt>
          <qty>13/16</qty>
          <unit>ounces</unit></amt>
        <item>MILK; DRY NON-FAT L HEAT</item></ing>
      <ing>
        <amt>
          <qty>36 1/4</qty>
          <unit>pounds</unit></amt>
        <item>ASPARAGUS FZ</item></ing>
      <ing>
        <amt>
          <qty>2</qty>
          <unit>cups</unit></amt>
        <item>FLOUR GEN PURPOSE 10LB</item></ing></ingredients>
    <directions>
      <step>  1.  USE CANNED ASPARAGUS.
  
  2.  RECONSTITUTE MILK; HEAT TO JUST BELOW BOILING.  DO NOT BOIL.
  
  3.  BLEND BUTTER OR MARGARINE AND FLOUR TOGETHER; STIR UNTIL SMOOTH.
  
  4.  ADD FLOUR MIXTURE TO MILK, STIRRING CONSTANTLY.  SIMMER 5 MINUTES OR
  UNTIL
  OR UNTIL THICKENED.
  
  5.  HEAT ASPARAGUS.
  
  6.  POUR SAUCE OVER ASPARAGUS.
  
  Recipe Number: Q00102
  
  SERVING SIZE: 1/2 CUP
  
  From the &lt;Army Master Recipe Index File&gt; (actually used today!).
  Downloaded from Glen's MM Recipe Archive, http://www.erols.com/hosey.
 
</step></directions></recipe></recipeml>
