<?xml version="1.0" encoding="UTF-8"?>

<recipeml version="0.5">
  <recipe>
    <head>
      <title>Asparagus-Egg Casserole</title>
      <categories>
        <cat>Vegetables</cat>
        <cat>Casseroles</cat>
        <cat>Eggs</cat></categories>
      <yield>6</yield></head>
    <ingredients>
      <ing>
        <amt>
          <qty>1/2</qty>
          <unit>cups</unit></amt>
        <item>Celery; chopped</item></ing>
      <ing>
        <amt>
          <qty>1/4</qty>
          <unit>cups</unit></amt>
        <item>Butter</item></ing>
      <ing>
        <amt>
          <qty>1/4</qty>
          <unit>cups</unit></amt>
        <item>Flour</item></ing>
      <ing>
        <amt>
          <qty>1/2</qty>
          <unit>teaspoons</unit></amt>
        <item>Salt</item></ing>
      <ing>
        <amt>
          <qty>1/2</qty>
          <unit>teaspoons</unit></amt>
        <item>Dry mustard</item></ing>
      <ing>
        <amt>
          <qty>1</qty>
          <unit>dash</unit></amt>
        <item>Pepper</item></ing>
      <ing>
        <amt>
          <qty>1 3/4</qty>
          <unit>cups</unit></amt>
        <item>Milk</item></ing>
      <ing>
        <amt>
          <qty>1</qty>
          <unit>teaspoon</unit></amt>
        <item>Chicken bouillon granules</item></ing>
      <ing>
        <amt>
          <qty>4</qty>
          <unit>ounces</unit></amt>
        <item>Mushrooms, chopped; drained</item></ing>
      <ing>
        <amt>
          <qty>16</qty>
          <unit>ounces</unit></amt>
        <item>Asparagus, frozen cut</item></ing>
      <ing>
        <amt>
          <qty>3</qty>
          <unit/></amt>
        <item>Egg; hard-cooked, sliced</item></ing>
      <ing>
        <amt>
          <qty>1/2</qty>
          <unit>cups</unit></amt>
        <item>Ritz crackers; crushed (12)</item></ing></ingredients>
    <directions>
      <step>  In saucepan cook celery in butter; blend in flour, salt, mustard and
  pepper.  Add milk and bouillon granules. Cook and stir till thickened and
  bubbly. Stir in mushrooms; set aside. Cook the frozen asparagus according
  to package directions; drain thoroughly.
  
  Reserve 1/2 cup asparagus and 1 egg for garnish.  In a 10"x6"x2" baking
  dish arrange remaining asparagus and egg slices. Pour sauce over all. Bake,
  covered, at 375F for 15 minutes. Arrange reserved asparagus and sliced egg
  atop casserole; sprinkle with crushed crackers. Bake, uncovered, 10 minutes
  longer.
  
  From Gemini's MASSIVE MealMaster collection at www.synapse.com/~gemini
 
</step></directions></recipe></recipeml>
