<?xml version="1.0" encoding="UTF-8"?>

<recipeml version="0.5">
  <recipe>
    <head>
      <title>Asparagus-Cheese Casserole</title>
      <categories>
        <cat>Cheese/eggs</cat>
        <cat>Casseroles</cat>
        <cat>Vegetables</cat></categories>
      <yield>6</yield></head>
    <ingredients>
      <ing>
        <amt>
          <qty>4</qty>
          <unit>tablespoons</unit></amt>
        <item>Unsalted butter</item></ing>
      <ing>
        <amt>
          <qty>1</qty>
          <unit>teaspoon</unit></amt>
        <item>Unsalted butter</item></ing>
      <ing>
        <amt>
          <qty>3</qty>
          <unit>tablespoons</unit></amt>
        <item>Flour</item></ing>
      <ing>
        <amt>
          <qty>1/2</qty>
          <unit>teaspoons</unit></amt>
        <item>Salt</item></ing>
      <ing>
        <amt>
          <qty>1/4</qty>
          <unit>teaspoons</unit></amt>
        <item>Freshly ground black pepper</item></ing>
      <ing>
        <amt>
          <qty>1/4</qty>
          <unit>teaspoons</unit></amt>
        <item>Ground mace</item></ing>
      <ing>
        <amt>
          <qty>1</qty>
          <unit>cup</unit></amt>
        <item>Milk</item></ing>
      <ing>
        <amt>
          <qty>1/2</qty>
          <unit>cups</unit></amt>
        <item>Whipping cream</item></ing>
      <ing>
        <amt>
          <qty>10 1/2</qty>
          <unit>ounces</unit></amt>
        <item>Frozen asparagus spears cooked according to the package directions and drained well.</item></ing>
      <ing>
        <amt>
          <qty>2</qty>
          <unit>large</unit></amt>
        <item>Eggs, hard-cooked peeled &amp; coarsely chopped</item></ing>
      <ing>
        <amt>
          <qty>3/4</qty>
          <unit>cups</unit></amt>
        <item>Grated sharp Cheddar cheese</item></ing>
      <ing>
        <amt>
          <qty>1/2</qty>
          <unit>cups</unit></amt>
        <item>Minced blanched almonds</item></ing>
      <ing>
        <amt>
          <qty>1</qty>
          <unit>cup</unit></amt>
        <item>Soft white bread crumbs</item></ing>
      <ing>
        <amt>
          <qty>1/4</qty>
          <unit>cups</unit></amt>
        <item>Freshly grated Parmesan</item></ing></ingredients>
    <directions>
      <step>  PREHEAT OVEN TO 350F. In a medium saucepan set over moderate heat, melt the
  butter. Spoon 4 teaspoons of the melted butter into a bowl. Set aside.
  Blend the flour, salt, pepper and mace into the rest of the butter and let
  it sit over low heat for 1-to-2 minutes. Add the milk and cream and cook
  the sauce, stirring constantly for about 3 minutes, until it has become
  thick and smooth. In a well-buttered, 2-quart casserole, alternate layers
  of the asparagus, eggs, Cheddar cheese and almonds. Pour the cream sauce
  over the layers. Combine the reserved butter, bread crumbs and Parmesan
  cheese and scatter the topping over the layers. Combine the reserved
  butter, bread crumbs and Parmesan cheese and scatter the topping over the
  surface of the casserole. Bake the uncovered casserole for about 30
  minutes, or until the sauce is bubbly and the topping is tipped with brown.
  
  From Gemini's MASSIVE MealMaster collection at www.synapse.com/~gemini
 
</step></directions></recipe></recipeml>
