<?xml version="1.0" encoding="UTF-8"?>

<recipeml version="0.5">
  <recipe>
    <head>
      <title>Asparagus, Brie and Bacon Muffins</title>
      <categories>
        <cat>None</cat></categories>
      <yield>1</yield></head>
    <ingredients>
      <ing>
        <amt>
          <qty>12</qty>
          <unit/></amt>
        <item>Asparagus spears; cut in half</item></ing>
      <ing>
        <amt>
          <qty>2</qty>
          <unit/></amt>
        <item>Red peppers; quartered roasted, peeled</item></ing>
      <ing>
        <amt>
          <qty>2</qty>
          <unit>tablespoons</unit></amt>
        <item>Olive oil</item></ing>
      <ing>
        <amt>
          <qty>2</qty>
          <unit>tablespoons</unit></amt>
        <item>Chopped fresh basil</item></ing>
      <ing>
        <amt>
          <qty>2</qty>
          <unit>tablespoons</unit></amt>
        <item>Dijon-style mustard</item></ing>
      <ing>
        <amt>
          <qty>1</qty>
          <unit>teaspoon</unit></amt>
        <item>Crushed garlic</item></ing>
      <ing>
        <amt>
          <qty>4</qty>
          <unit/></amt>
        <item>Bays english muffins; lightly toasted</item></ing>
      <ing>
        <amt>
          <qty>8</qty>
          <unit>slices</unit></amt>
        <item>(1 ounce each) canadian bacon; cooked</item></ing>
      <ing>
        <amt>
          <qty>8</qty>
          <unit>ounces</unit></amt>
        <item>Brie cheese; cut into 1/8-inch slices</item></ing>
      <ing>
        <amt>
          <qty/>
          <unit/></amt>
        <item>Basil leaves for garnish</item></ing></ingredients>
    <directions>
      <step>  Cook asparagus in rapidly boiling water until tender, about 5 minutes,
  drain/ Cut roasted peppers into thin strips. In small bowl, whisk together
  oil, basil, mustard and garlic. Brush on muffin halves. Place on ungreased
  baking sheet. Layer bacon, red pepper, asparagus and Brie evenly over
  muffins.; Broil 6 inches from heat until Brie melts, about 1 minute Garnish
  with basil leaves. Serve immediately. Serves 8
  
  Notes: Melted Brie and a pungent, basil-laced vinaigrette team up with
  garden- fresh asparagus and Canadian bacon for this brunch alternative. S:
  8
  
  Bays English Muffins www.bays.com
  Posted to MC-Recipe Digest by SuzyWert@aol.com on Feb 13, 1998
 
</step></directions></recipe></recipeml>
