<?xml version="1.0" encoding="UTF-8"?>

<recipeml version="0.5">
  <recipe>
    <head>
      <title>Asparagi Parmigiana</title>
      <categories>
        <cat>Vegetable</cat></categories>
      <yield>4</yield></head>
    <ingredients>
      <ing>
        <amt>
          <qty>16</qty>
          <unit/></amt>
        <item>Stalks asparagus; cleaned and trimmed</item></ing>
      <ing>
        <amt>
          <qty>2</qty>
          <unit>tablespoons</unit></amt>
        <item>Butter</item></ing>
      <ing>
        <amt>
          <qty>2</qty>
          <unit>tablespoons</unit></amt>
        <item>Grated parmesan cheese</item></ing>
      <ing>
        <amt>
          <qty/>
          <unit/></amt>
        <item>Salt and pepper</item></ing></ingredients>
    <directions>
      <step>  1. Preheat oven to 350 F.
  
  2. Cook asparagus in boiling, salted water for 5 to 7 minutes, or until al
  dente. Drain.
  
  3. Melt butter in ovenproof pan. Add asparagus and saute for 5 minutes.
  Sprinkle with cheese, add salt and pepper, and bake for 2 minutes.
  
  4. Transfer to boiler and gratinee for 2 minutes or until golden brown.
  Serve. Note: Use freshest asparagus available.
  
  LELLO
  
  EAST 54TH STREET, MANHATTAN
  
  CARMIGNANO TENUTA DI CAPEZZANA
  
  From the &lt;Micro Cookbook Collection of Italian Recipes&gt;.  Downloaded from
  Glen's MM Recipe Archive, http://www.erols.com/hosey.
 
</step></directions></recipe></recipeml>
