<?xml version="1.0" encoding="UTF-8"?>

<recipeml version="0.5">
  <recipe>
    <head>
      <title>Asparagus-Orange Veloute</title>
      <categories>
        <cat>New text im</cat>
        <cat>Soups</cat></categories>
      <yield>4</yield></head>
    <ingredients>
      <ing>
        <amt>
          <qty>1</qty>
          <unit>pound</unit></amt>
        <item>Asparagus, Peeled And Washed</item></ing>
      <ing>
        <amt>
          <qty>4</qty>
          <unit>cups</unit></amt>
        <item>Water</item></ing>
      <ing>
        <amt>
          <qty>4</qty>
          <unit>tablespoons</unit></amt>
        <item>Butter</item></ing>
      <ing>
        <amt>
          <qty>3</qty>
          <unit>tablespoons</unit></amt>
        <item>Flour</item></ing>
      <ing>
        <amt>
          <qty/>
          <unit/></amt>
        <item>Salt And Pepper</item></ing>
      <ing>
        <amt>
          <qty>2</qty>
          <unit/></amt>
        <item>Egg Yolks</item></ing>
      <ing>
        <amt>
          <qty>1</qty>
          <unit>cup</unit></amt>
        <item>Dry White Wine</item></ing>
      <ing>
        <amt>
          <qty>2</qty>
          <unit>tablespoons</unit></amt>
        <item>Creme Fraiche, Or Sour Cream</item></ing>
      <ing>
        <amt>
          <qty>1</qty>
          <unit>teaspoon</unit></amt>
        <item>Sugar</item></ing>
      <ing>
        <amt>
          <qty>1/2</qty>
          <unit>cups</unit></amt>
        <item>Fresh Squeezed Orange Juice</item></ing>
      <ing>
        <amt>
          <qty>1</qty>
          <unit>pinch</unit></amt>
        <item>Nutmeg</item></ing></ingredients>
    <directions>
      <step>  1. Peel the hard part of the asparagus and wash it well. Place the
  asparagus in a soup pot, ass water, and cook at a gentle boil for 20
  minutes. Drain the asparagus and preserve the water. Cut the asparagus
  stalks in half and place the top portions aside.
  
  2. Melt the butter in another pot, add the flour a little at a time, and
  stir continuously.
  
  3. Blend the soup in a blender and return it to the soup pot. Continue
  cooking it over very low heat, not allowing the soup to come to a boiling
  point.
  
  4. Beat the egg yolks in a deep bowl, add the wine, creme fraiche, and
  sugar and mix thoroughly. Pour this mixture into the soup. Add the orange
  juice, nutmeg, and asparagus tops and check the seasonings. Stir well and
  reheat the soup for a few minutes until it is hot. Don't let it boil. Serve
  immediately.
  
  Recipe by: Twelve Months of Monastery Soups.  p.  73 Posted to MC-Recipe
  Digest V1 #648 by Sue &lt;suechef@sover.net&gt; on Jun 24, 1997
 
</step></directions></recipe></recipeml>
