<?xml version="1.0" encoding="UTF-8"?>

<recipeml version="0.5">
  <recipe>
    <head>
      <title>Banana Lemon Sauce for Pancakes</title>
      <categories>
        <cat>Sauces</cat></categories>
      <yield>4</yield></head>
    <ingredients>
      <ing>
        <amt>
          <qty>1/4</qty>
          <unit>cups</unit></amt>
        <item>Butter</item></ing>
      <ing>
        <amt>
          <qty>1/2</qty>
          <unit/></amt>
        <item>Lemon</item></ing>
      <ing>
        <amt>
          <qty>1</qty>
          <unit/></amt>
        <item>Orange</item></ing>
      <ing>
        <amt>
          <qty>2</qty>
          <unit>teaspoons</unit></amt>
        <item>Cinnamon</item></ing>
      <ing>
        <amt>
          <qty>3</qty>
          <unit/></amt>
        <item>Bananas; diced</item></ing>
      <ing>
        <amt>
          <qty>1</qty>
          <unit>tablespoon</unit></amt>
        <item>Honey; or to taste</item></ing></ingredients>
    <directions>
      <step>    Grate orange to to produce grated rind. Squeeze juice from orange and 1/2
  lemon. In small saucepan, melt butter. Add bananas. Simmer till bananas are
  soft. Add remaining ingredients and serve hot.
  from _The Berton Family Cookbook_
  posted by Anne MacLellan
  
  File ftp://ftp.idiscover.co.uk/pub/food/mealmaster/recipes/mmcorr.zip
 
</step></directions></recipe></recipeml>
