<?xml version="1.0" encoding="UTF-8"?>

<recipeml version="0.5">
  <recipe>
    <head>
      <title>Banana Fruity Pie</title>
      <categories>
        <cat>None</cat></categories>
      <yield>1</yield></head>
    <ingredients>
      <ing>
        <amt>
          <qty>1/2</qty>
          <unit>cans</unit></amt>
        <item>(20-oz) light Cherry pie filling</item></ing>
      <ing>
        <amt>
          <qty>1</qty>
          <unit/></amt>
        <item>6-oz Reduced fat graham cracker pie crust</item></ing>
      <ing>
        <amt>
          <qty>4</qty>
          <unit>ounces</unit></amt>
        <item>Cool Whip Free</item></ing>
      <ing>
        <amt>
          <qty>1</qty>
          <unit>cup</unit></amt>
        <item>Skim milk</item></ing>
      <ing>
        <amt>
          <qty>1</qty>
          <unit>package</unit></amt>
        <item>(4 serv) sugar free Jello Banana pudding</item></ing>
      <ing>
        <amt>
          <qty>8</qty>
          <unit>ounces</unit></amt>
        <item>Fat free cream cheese</item></ing></ingredients>
    <directions>
      <step>  whisk cream cheese until smooth. Gradually beat in milk until well blended.
  Add pudding mix. Stir in Cool Whip Free.
  
  Spread in pie crust. Spoon cherry pie filling over top. Refrigerate 3
  hours.
  Posted to EAT-LF Digest by jenk@midplains.net (Jennifer) on Mar 8, 1998
 
</step></directions></recipe></recipeml>
