<?xml version="1.0" encoding="UTF-8"?>

<recipeml version="0.5">
  <recipe>
    <head>
      <title>Banana Nut Bread</title>
      <categories>
        <cat>Breads</cat></categories>
      <yield>1</yield></head>
    <ingredients>
      <ing>
        <amt>
          <qty>1</qty>
          <unit/></amt>
        <item>Stick butter or margarine</item></ing>
      <ing>
        <amt>
          <qty>1 1/2</qty>
          <unit>cups</unit></amt>
        <item>Sugar</item></ing>
      <ing>
        <amt>
          <qty>2</qty>
          <unit/></amt>
        <item>Eggs</item></ing>
      <ing>
        <amt>
          <qty>1/2</qty>
          <unit>cups</unit></amt>
        <item>Sour milk</item></ing>
      <ing>
        <amt>
          <qty>2</qty>
          <unit>cups</unit></amt>
        <item>Flour</item></ing>
      <ing>
        <amt>
          <qty>1/2</qty>
          <unit>teaspoons</unit></amt>
        <item>Salt</item></ing>
      <ing>
        <amt>
          <qty>1/4</qty>
          <unit>teaspoons</unit></amt>
        <item>Baking powder</item></ing>
      <ing>
        <amt>
          <qty>3/4</qty>
          <unit>teaspoons</unit></amt>
        <item>Baking soda</item></ing>
      <ing>
        <amt>
          <qty>3</qty>
          <unit/></amt>
        <item>Ripe bananas</item></ing>
      <ing>
        <amt>
          <qty/>
          <unit/></amt>
        <item>Black walnuts</item></ing></ingredients>
    <directions>
      <step>  Mix all together.  Grease loaf pan.  Bake at 350° for 60-80 minutes.
  
  When making a double batch--which I always do, use 5 bananas.  Seems to be
  the correct taste!
  Posted to MC-Recipe Digest V1 #195
  
  Date: Mon, 12 Aug 1996 21:17:01 -0500
  
  From: kathi sandler &lt;kas@flash.net&gt;
 
</step></directions></recipe></recipeml>
