<?xml version="1.0" encoding="UTF-8"?>

<recipeml version="0.5">
  <recipe>
    <head>
      <title>Banana Mango Liquado</title>
      <categories>
        <cat>None</cat></categories>
      <yield>1</yield></head>
    <ingredients>
      <ing>
        <amt>
          <qty>1</qty>
          <unit>pound</unit></amt>
        <item>Mango slices, or peaches, cut into chunks</item></ing>
      <ing>
        <amt>
          <qty>2</qty>
          <unit/></amt>
        <item>Ripe bananas, cut into chunks</item></ing>
      <ing>
        <amt>
          <qty>1/4</qty>
          <unit>pounds</unit></amt>
        <item>Pineapple chunks, drained</item></ing>
      <ing>
        <amt>
          <qty>1 1/4</qty>
          <unit>cups</unit></amt>
        <item>Skim milk</item></ing>
      <ing>
        <amt>
          <qty>1</qty>
          <unit>tablespoon</unit></amt>
        <item>Lime juice</item></ing></ingredients>
    <directions>
      <step>  Combine all ingredients in a blender or food processor and puree.  Serve
  chilled.
  
  Posted to EAT-L Digest 25 October 96
  
  Date:    Sat, 26 Oct 1996 19:57:20 -0500
  
  From:    Rhonda Grout &lt;babydoll@ARTHUR.AVALON.NET&gt;
 
</step></directions></recipe></recipeml>
