<?xml version="1.0" encoding="UTF-8"?>

<recipeml version="0.5">
  <recipe>
    <head>
      <title>Banana Layer Cake with Cream Cheese Frosting</title>
      <categories>
        <cat>Cakes</cat>
        <cat>Desserts</cat>
        <cat>Bananas</cat>
        <cat>Favorites</cat></categories>
      <yield>12</yield></head>
    <ingredients>
      <ing>
        <amt>
          <qty>2</qty>
          <unit>cups</unit></amt>
        <item>Mashed bananas -- about 4</item></ing>
      <ing>
        <amt>
          <qty>1/4</qty>
          <unit>cups</unit></amt>
        <item>Milk</item></ing>
      <ing>
        <amt>
          <qty>1</qty>
          <unit>cup</unit></amt>
        <item>Shortening</item></ing>
      <ing>
        <amt>
          <qty>2</qty>
          <unit>teaspoons</unit></amt>
        <item>Vanilla</item></ing>
      <ing>
        <amt>
          <qty>2</qty>
          <unit>cups</unit></amt>
        <item>Sugar</item></ing>
      <ing>
        <amt>
          <qty>4</qty>
          <unit/></amt>
        <item>Eggs -- unbeaten</item></ing>
      <ing>
        <amt>
          <qty>4 1/2</qty>
          <unit>cups</unit></amt>
        <item>All-purpose flour -- sifted</item></ing>
      <ing>
        <amt>
          <qty>4</qty>
          <unit>teaspoons</unit></amt>
        <item>Baking powder</item></ing>
      <ing>
        <amt>
          <qty>1</qty>
          <unit>teaspoon</unit></amt>
        <item>Salt</item></ing>
      <ing>
        <amt>
          <qty/>
          <unit/></amt>
        <item>FROSTING</item></ing>
      <ing>
        <amt>
          <qty>1/2</qty>
          <unit>cups</unit></amt>
        <item>Butter</item></ing>
      <ing>
        <amt>
          <qty>8</qty>
          <unit>ounces</unit></amt>
        <item>Cream cheese</item></ing>
      <ing>
        <amt>
          <qty>1</qty>
          <unit>teaspoon</unit></amt>
        <item>Vanilla</item></ing>
      <ing>
        <amt>
          <qty>1</qty>
          <unit>pound</unit></amt>
        <item>Sugar</item></ing>
      <ing>
        <amt>
          <qty/>
          <unit/></amt>
        <item>Milk -- optional</item></ing></ingredients>
    <directions>
      <step>  Combine bananas and milk.  Cream together shortening and vanilla; gradually
  add sugar, beating until light and fluffy. Add eggs, one at a time, beating
  well, mix until light and fluffy. Sift together flour, baking powder, and
  salt.  Add alternately with bananas and milk to creamed mixture, beating
  some after each addition. Three 9" pans, greased. Bake: 350F for 30-35 min.
  
  Cream Cream Frosting: Combine butter, cream cheese, and vanilla. Cream
  well.  Gradually add powdered sugar (sift if lumpy), beating well. If
  mixture is too thick to spread, add a small amount of milk.
  
  Recipe By     : Jennifer Perkins
  
  From Gemini's MASSIVE MealMaster collection at www.synapse.com/~gemini
 
</step></directions></recipe></recipeml>
