<?xml version="1.0" encoding="UTF-8"?>

<recipeml version="0.5">
  <recipe>
    <head>
      <title>Banana Nut Kugel</title>
      <categories>
        <cat>Dessert</cat></categories>
      <yield>12</yield></head>
    <ingredients>
      <ing>
        <amt>
          <qty>3</qty>
          <unit>cups</unit></amt>
        <item>Matzo farfel</item></ing>
      <ing>
        <amt>
          <qty>4</qty>
          <unit/></amt>
        <item>Eggs</item></ing>
      <ing>
        <amt>
          <qty>1/2</qty>
          <unit>teaspoons</unit></amt>
        <item>Salt</item></ing>
      <ing>
        <amt>
          <qty>6</qty>
          <unit>tablespoons</unit></amt>
        <item>Sugar</item></ing>
      <ing>
        <amt>
          <qty>1/4</qty>
          <unit>cups</unit></amt>
        <item>Butter; melted</item></ing>
      <ing>
        <amt>
          <qty>2</qty>
          <unit>medium</unit></amt>
        <item>Bananas; unripe, sliced</item></ing>
      <ing>
        <amt>
          <qty>1/2</qty>
          <unit>cups</unit></amt>
        <item>Chopped nuts</item></ing></ingredients>
    <directions>
      <step>  Date: Mon, 1 Apr 1996 22:32:01 -7
  
  From: arlenes@holly.ColoState.EDU
  
  SHERI KONOPKO (GXCH63B)
  
  Pour cold water over farfel; and drain immediately, so that farfel is
  moist, not soggy. Beat eggs with salt, sugar, and melted butter. Mix in
  farfel.
  
  In greased 1-1/2 qt. baking dish, place 1/2 of farfel mixture.  Arrange
  bananas on top, and sprinkle with nuts. Top with the rest of the farfel
  mixture
  
  Bake at 350 for 45 min. or until set, and lightly browned. I haven't tried
  this one, but it looked interesting.  Formatted by Elaine Radis; 3/92
  
  MM-RECIPES@IDISCOVER.NET
  
  MEAL-MASTER RECIPES LIST SERVER
  
  MM-RECIPES DIGEST V3 #94
  
  From the MealMaster recipe list.  Downloaded from Glen's MM Recipe Archive,
  http://www.erols.com/hosey.
 
</step></directions></recipe></recipeml>
