<?xml version="1.0" encoding="UTF-8"?>

<recipeml version="0.5">
  <recipe>
    <head>
      <title>Banana Nut Cake #2</title>
      <categories>
        <cat>Banana</cat>
        <cat>Cakes</cat></categories>
      <yield>1</yield></head>
    <ingredients>
      <ing>
        <amt>
          <qty>1</qty>
          <unit/></amt>
        <item>Box (18 1/2 ounce) yellow cake mix</item></ing>
      <ing>
        <amt>
          <qty>1/8</qty>
          <unit>teaspoons</unit></amt>
        <item>Baking soda</item></ing>
      <ing>
        <amt>
          <qty>1</qty>
          <unit>cup</unit></amt>
        <item>Water</item></ing>
      <ing>
        <amt>
          <qty>2</qty>
          <unit/></amt>
        <item>Eggs</item></ing>
      <ing>
        <amt>
          <qty>1</qty>
          <unit>cup</unit></amt>
        <item>Mashed bananas</item></ing>
      <ing>
        <amt>
          <qty>1/2</qty>
          <unit>cups</unit></amt>
        <item>Walnuts; finely chopped</item></ing></ingredients>
    <directions>
      <step>  In large mixing bowl, combine cake mix and soda. Add water, eggs, and
  bananas. Beat 4 minutes on medium speed of electric mixer. Fold in nuts.
  Pour into greased and floured 2-qt. mold. Place on bottom of slow-ooking
  pot. Cover cake with 4 to 5 paper towels. Cover pot and cook on high for 2
  to 3 hours. Invert on cooking rack. Serve plain, dusted with powdered
  sugar, or drizzled with a thin glaze.
  
  Posted to KitMailbox Digest  by GAdams1350@aol.com on Jul 21, 1997
 
</step></directions></recipe></recipeml>
