<?xml version="1.0" encoding="UTF-8"?>

<recipeml version="0.5">
  <recipe>
    <head>
      <title>Banana Fudge Walnut Brownies</title>
      <categories>
        <cat>None</cat></categories>
      <yield>1</yield></head>
    <ingredients>
      <ing>
        <amt>
          <qty>1/4</qty>
          <unit>cups</unit></amt>
        <item>Margarine</item></ing>
      <ing>
        <amt>
          <qty>1</qty>
          <unit/></amt>
        <item>Pkg.; (6 oz.) semi-sweet pieces</item></ing>
      <ing>
        <amt>
          <qty>3/4</qty>
          <unit>cups</unit></amt>
        <item>Flour</item></ing>
      <ing>
        <amt>
          <qty>1/2</qty>
          <unit>cups</unit></amt>
        <item>Sugar</item></ing>
      <ing>
        <amt>
          <qty>1/3</qty>
          <unit>cups</unit></amt>
        <item>Chopped walnuts; ( optional)</item></ing>
      <ing>
        <amt>
          <qty>1/3</qty>
          <unit>cups</unit></amt>
        <item>Mashed banana; (1 small)</item></ing>
      <ing>
        <amt>
          <qty>1/2</qty>
          <unit>teaspoons</unit></amt>
        <item>Vanilla</item></ing>
      <ing>
        <amt>
          <qty>1/4</qty>
          <unit>teaspoons</unit></amt>
        <item>Baking powder</item></ing>
      <ing>
        <amt>
          <qty>1/4</qty>
          <unit/></amt>
        <item>Salt</item></ing>
      <ing>
        <amt>
          <qty>1</qty>
          <unit/></amt>
        <item>Egg</item></ing></ingredients>
    <directions>
      <step>  Preheat oven to 350. Grease bottom only of 8" square pan. Melt margarine
  and chocolate pieces in saucepan over low heat, stirring constantly. Mix
  all remaining ingredients together, add chocolate mixture, beat thoroughly
  with a spoon. Spread batter evenly in pan. Bake 30 minutes or until center
  is set.
  
  Posted to recipelu-digest Volume 01 Number 477 by "Pauline J.Pelletier"
  &lt;pjpellet@turbont.net&gt; on Jan 8, 1998
 
</step></directions></recipe></recipeml>
