<?xml version="1.0" encoding="UTF-8"?>

<recipeml version="0.5">
  <recipe>
    <head>
      <title>Banana Layer Cake</title>
      <categories>
        <cat>Cakes</cat></categories>
      <yield>1</yield></head>
    <ingredients>
      <ing>
        <amt>
          <qty>2 1/2</qty>
          <unit>cups</unit></amt>
        <item>Cake Flour; Sifted</item></ing>
      <ing>
        <amt>
          <qty>10 1/2</qty>
          <unit>teaspoons</unit></amt>
        <item>Double-Acting Baking Powder</item></ing>
      <ing>
        <amt>
          <qty>1/2</qty>
          <unit>teaspoons</unit></amt>
        <item>Baking Soda</item></ing>
      <ing>
        <amt>
          <qty>1/2</qty>
          <unit>teaspoons</unit></amt>
        <item>Salt</item></ing>
      <ing>
        <amt>
          <qty>1/2</qty>
          <unit>cups</unit></amt>
        <item>Shortening</item></ing>
      <ing>
        <amt>
          <qty>1</qty>
          <unit>cup</unit></amt>
        <item>Sugar</item></ing>
      <ing>
        <amt>
          <qty>2</qty>
          <unit/></amt>
        <item>Eggs</item></ing>
      <ing>
        <amt>
          <qty>1</qty>
          <unit>teaspoon</unit></amt>
        <item>Vanilla</item></ing>
      <ing>
        <amt>
          <qty>1</qty>
          <unit>cup</unit></amt>
        <item>Mashed Bananas; 3 Medium Size</item></ing>
      <ing>
        <amt>
          <qty>1/4</qty>
          <unit>cups</unit></amt>
        <item>Buttermilk; Or Sour Milk</item></ing></ingredients>
    <directions>
      <step>  1. Sift flour, baking powder, soda and salt together.
  
  2. Cream shortening with sugar until fluffy.
  
  3. Add eggs one at a time, beating thoroughly after each addition.
  
  4. Stir in vanilla.
  
  5. Combine bananas and milk.
  
  6. Add sifted dry ingredients alternately with milk to the egg and sugar
  mixture. Begin and end with dry ingredients.
  
  7. Pour into oiled 8-inch later cake pans.
  
  8. Preheat oven to 375 degrees and bake 25 to 30 minutes.
  
  Recipe by: diane@keyway.net
  
  Posted to recipelu-digest Volume 01 Number 202 by "Diane Geary"
  &lt;diane@keyway.net&gt; on Nov 5, 1997
 
</step></directions></recipe></recipeml>
