<?xml version="1.0" encoding="UTF-8"?>

<recipeml version="0.5">
  <recipe>
    <head>
      <title>Banana Liqueur</title>
      <categories>
        <cat>Liquors</cat>
        <cat>Homemade</cat>
        <cat>Gifts</cat></categories>
      <yield>1</yield></head>
    <ingredients>
      <ing>
        <amt>
          <qty>2</qty>
          <unit>medium</unit></amt>
        <item>Bananas; Peeled</item></ing>
      <ing>
        <amt>
          <qty>1</qty>
          <unit>teaspoon</unit></amt>
        <item>Vanilla Or One 2" Vanilla Bean</item></ing>
      <ing>
        <amt>
          <qty>1</qty>
          <unit>cup</unit></amt>
        <item>Sugar</item></ing>
      <ing>
        <amt>
          <qty>3</qty>
          <unit>cups</unit></amt>
        <item>Vodka</item></ing></ingredients>
    <directions>
      <step>  1. Mash the bananas and add the vanilla and cooled sugar syrup to the
  vodka.
  
  2. shake gently. Steep 1 week. Strain and filter. Et may be consumed now,
  but a 2 to 3 month maturing period will result in a richer flavor. Makes 4
  cups.
  
  One of the nicest gifts you can give anytime!
  
  Recipe by: diane@keyway.net
  
  Posted to recipelu-digest Volume 01 Number 195 by "Diane Geary"
  &lt;diane@keyway.net&gt; on Nov 4, 1997
 
</step></directions></recipe></recipeml>
