<?xml version="1.0" encoding="UTF-8"?>

<recipeml version="0.5">
  <recipe>
    <head>
      <title>Banana Loaf (Vegan)</title>
      <categories>
        <cat>Digest</cat>
        <cat>Feb95</cat>
        <cat>Fatfree</cat></categories>
      <yield>1</yield></head>
    <ingredients>
      <ing>
        <amt>
          <qty>3</qty>
          <unit>medium</unit></amt>
        <item>Ripe bananas, mashed</item></ing>
      <ing>
        <amt>
          <qty>1</qty>
          <unit>teaspoon</unit></amt>
        <item>Baking soda</item></ing>
      <ing>
        <amt>
          <qty>2</qty>
          <unit>tablespoons</unit></amt>
        <item>Ground flax seed, mixed with</item></ing>
      <ing>
        <amt>
          <qty>2</qty>
          <unit>tablespoons</unit></amt>
        <item>Water</item></ing>
      <ing>
        <amt>
          <qty>1/4</qty>
          <unit>cups</unit></amt>
        <item>Applesauce</item></ing>
      <ing>
        <amt>
          <qty>1</qty>
          <unit>cup</unit></amt>
        <item>Packed brown sugar</item></ing>
      <ing>
        <amt>
          <qty>1 1/2</qty>
          <unit>cups</unit></amt>
        <item>Flour (use up to 1cup whole</item></ing>
      <ing>
        <amt>
          <qty/>
          <unit/></amt>
        <item>Wheat ..half WW and half</item></ing>
      <ing>
        <amt>
          <qty/>
          <unit/></amt>
        <item>White works best...all WW</item></ing>
      <ing>
        <amt>
          <qty/>
          <unit/></amt>
        <item>Doesn't cook quite right)</item></ing>
      <ing>
        <amt>
          <qty>1 1/2</qty>
          <unit>teaspoons</unit></amt>
        <item>Baking powder</item></ing>
      <ing>
        <amt>
          <qty>1/4</qty>
          <unit>teaspoons</unit></amt>
        <item>Salt</item></ing></ingredients>
    <directions>
      <step>  "Cream" applesauce and brown sugar, add flax mixture. Mash bananas and
  baking soda together, add to the other mixture. Mix dry ingredients
  together. Stir wet and dry to moisten. Use a 9 x 5 inch loaf ban (nonstick
  or sprayed with Pam). Cook at 350 (175C) for about an hour until it passes
  the toothpick test.
  
  Note: I usually add some vanilla as well. It's supposed to make 16
  servings, but they are paper thin slices--so I'd guess 8-10 real people
  servings. I haven't tried freezing it yet.
  
  Source: This is a modification of a recipe in the Jean Pare "Light"
  cookbook.
  
  Posted by czimm@psych.ualberta.ca (Corinne Zimmerman) to the Fatfree Digest
  [Volume 15 Issue 15] Feb. 15, 1995.
  
  Individual recipes copyrighted by originator. FATFREE Recipe collections
  copyrighted by Michelle Dick 1995. Formatted by Sue Smith,
  SueSmith9@aol.com using MMCONV. Archived through kindness of Karen
  Mintzias, km@salata.com.
  
  1.80á
  
  File ftp://ftp.idiscover.co.uk/pub/food/mealmaster/recipes/fatfreex.zip
 
</step></directions></recipe></recipeml>
