<?xml version="1.0" encoding="UTF-8"?>

<recipeml version="0.5">
  <recipe>
    <head>
      <title>Banana Layer Cake</title>
      <categories>
        <cat>Cake</cat></categories>
      <yield>12</yield></head>
    <ingredients>
      <ing-div>
        <title/>
        <ing>
          <amt>
            <qty>2</qty>
            <unit>cups</unit></amt>
          <item>Flour</item></ing>
        <ing>
          <amt>
            <qty>2</qty>
            <unit>teaspoons</unit></amt>
          <item>Baking powder</item></ing>
        <ing>
          <amt>
            <qty>1</qty>
            <unit>teaspoon</unit></amt>
          <item>Baking soda</item></ing>
        <ing>
          <amt>
            <qty>1/2</qty>
            <unit>teaspoons</unit></amt>
          <item>Salt</item></ing>
        <ing>
          <amt>
            <qty>1 1/4</qty>
            <unit>cups</unit></amt>
          <item>Sugar</item></ing>
        <ing>
          <amt>
            <qty>2/3</qty>
            <unit>cups</unit></amt>
          <item>Solid vegetable shortening</item></ing>
        <ing>
          <amt>
            <qty>2</qty>
            <unit/></amt>
          <item>Eggs</item></ing>
        <ing>
          <amt>
            <qty>1</qty>
            <unit>cup</unit></amt>
          <item>Mashed ripe bananas (about 3 bananas)</item></ing>
        <ing>
          <amt>
            <qty>1</qty>
            <unit>teaspoon</unit></amt>
          <item>Vanilla</item></ing>
        <ing>
          <amt>
            <qty>1/3</qty>
            <unit>cups</unit></amt>
          <item>Buttermilk</item></ing>
        <ing>
          <amt>
            <qty>2</qty>
            <unit/></amt>
          <item>Bananas; peeled and sliced</item></ing></ing-div>
      <ing-div>
        <title>WHIPPED CREAM FROSTING</title>
        <ing>
          <amt>
            <qty>2</qty>
            <unit>cups</unit></amt>
          <item>Heavy cream; whipped</item></ing>
        <ing>
          <amt>
            <qty/>
            <unit/></amt>
          <item>Sugar to taste; optional</item></ing></ing-div></ingredients>
    <directions>
      <step>  From: Mindy Compton &lt;mlcompton@ucdavis.edu&gt;
  
  Date: Tue, 4 Apr 1995 15:19:02 GMT
  Stir together flour, baking powder, baking soda, and salt in medium bowl.
  Beat together sugar and shortening in large bowl until well combined. Beat
  in eggs, mashed bananas and vanilla. Beat in flour mixture. Then beat in
  buttermilk. Pour batter equally into two greased and floured 9-inch round
  cake pans. Bake at 350 degrees for 30 to 35 minutes. Cool completely.
  
  Frost one cake with whipped cream frosting, and placed a single layer of
  banana slices on top. Then place second cake on top, and frost entire cake.
  Garnish with banana slices.
  
  Tip: When making whipped cream frosting, I know that a lot of people don't
  add sugar when whipping. From my experiences with this cake, I find that
  while whipping the cream I like to add some granulated sugar to it to make
  it a little more sweet-it complements the cake better. Also: make sure that
  your heavy cream is cold and you whip it until good peaks form, or else it
  won't frost well.
  
  REC.FOOD.RECIPES ARCHIVES
  
  /CAKES
  
  From rec.food.cooking archives.  Downloaded from Glen's MM Recipe Archive,
  http://www.erols.com/hosey.
 
</step></directions></recipe></recipeml>
