<?xml version="1.0" encoding="UTF-8"?>

<recipeml version="0.5">
  <recipe>
    <head>
      <title>Banana Fudge Ripple Cake</title>
      <categories>
        <cat>Cakes</cat></categories>
      <yield>16</yield></head>
    <ingredients>
      <ing-div>
        <title/>
        <ing>
          <amt>
            <qty>1/2</qty>
            <unit>cups</unit></amt>
          <item>Margarine; softened</item></ing>
        <ing>
          <amt>
            <qty>1/2</qty>
            <unit>cups</unit></amt>
          <item>Sugar</item></ing>
        <ing>
          <amt>
            <qty>3/4</qty>
            <unit>cups</unit></amt>
          <item>Firmly packed light brown sugar</item></ing>
        <ing>
          <amt>
            <qty>2</qty>
            <unit>large</unit></amt>
          <item>Eggs</item></ing>
        <ing>
          <amt>
            <qty>1</qty>
            <unit>cup</unit></amt>
          <item>Mashed bananas</item></ing>
        <ing>
          <amt>
            <qty>3</qty>
            <unit>cups</unit></amt>
          <item>Flour</item></ing>
        <ing>
          <amt>
            <qty>1 1/2</qty>
            <unit>teaspoons</unit></amt>
          <item>Baking soda</item></ing>
        <ing>
          <amt>
            <qty>2/3</qty>
            <unit>cups</unit></amt>
          <item>Skim milk</item></ing>
        <ing>
          <amt>
            <qty>2</qty>
            <unit>teaspoons</unit></amt>
          <item>Vanilla</item></ing>
        <ing>
          <amt>
            <qty>1/3</qty>
            <unit>cups</unit></amt>
          <item>Chocolate syrup</item></ing>
        <ing>
          <amt>
            <qty>2</qty>
            <unit>tablespoons</unit></amt>
          <item>Cocoa</item></ing></ing-div>
      <ing-div>
        <title>GLAZE</title>
        <ing>
          <amt>
            <qty>1/2</qty>
            <unit>cups</unit></amt>
          <item>Powdered sugar; sifted</item></ing>
        <ing>
          <amt>
            <qty>1</qty>
            <unit>tablespoon</unit></amt>
          <item>Cocoa</item></ing>
        <ing>
          <amt>
            <qty>1</qty>
            <unit>tablespoon</unit></amt>
          <item>Water</item></ing></ing-div></ingredients>
    <directions>
      <step>  Beat margarine until creamy. Gradually add sugar &amp; brown sugar, beating
  well. Add eggs, one at a time, beating well until blended after each. Add
  mashed banana, beating well.
  
  Combine flour &amp; baking soda; add to sugar mixture alternately with milk,
  beginning &amp; ending with flour mixture. Beat at low speed until blended
  after each addition. Stir in vanilla. Reserve 1 1/2 cups batter.
  
  Combine 1 cup batter, syrup &amp; 2 tbsp cocoa. Pour remaining light- colored
  batter into a 12 cup bundt or tube pan coated with Pam. Spoon chocolate
  batter on top. Pour reserved 1 1/2 cups light- colored batter over
  chocolate batter.
  
  Bake at 350F for 40-50 minutes or until a toothpick comes out clean. Cool
  in pan on rack for 10 minutes &amp; remove from pan. Cool completely on rack.
  
  Glaze: Combine powdered sugar &amp; 1 tbsp cocoa. Add 1 tbsp water &amp; stir until
  smooth. Drizzle over cake.
  Recipe By     : America's Best Recipe booklet
  
  Posted to Digest eat-lf.v096.n213
  
  Date: Fri, 08 Nov 1996 13:40:51 -0500
  
  From: charles moffat &lt;moffats@usaor.net&gt;
 
</step></directions></recipe></recipeml>
