<?xml version="1.0" encoding="UTF-8"?>

<recipeml version="0.5">
  <recipe>
    <head>
      <title>Banana Nut Bread</title>
      <categories>
        <cat>Breadmaker</cat>
        <cat>Fruits</cat></categories>
      <yield>6</yield></head>
    <ingredients>
      <ing-div>
        <title>JONI CLOUD SSMW41A</title>
        <ing>
          <amt>
            <qty>2 1/3</qty>
            <unit>cups</unit></amt>
          <item>Bread Flour</item></ing>
        <ing>
          <amt>
            <qty>2</qty>
            <unit>tablespoons</unit></amt>
          <item>Brown sugar</item></ing>
        <ing>
          <amt>
            <qty>1</qty>
            <unit>tablespoon</unit></amt>
          <item>Dry milk</item></ing>
        <ing>
          <amt>
            <qty>1</qty>
            <unit>teaspoon</unit></amt>
          <item>Salt</item></ing>
        <ing>
          <amt>
            <qty>1</qty>
            <unit>tablespoon</unit></amt>
          <item>Butter</item></ing>
        <ing>
          <amt>
            <qty>1/4</qty>
            <unit>cups</unit></amt>
          <item>Nuts;chopped</item></ing>
        <ing>
          <amt>
            <qty>1/2</qty>
            <unit>cups</unit></amt>
          <item>Banana's;mashed2 small ones</item></ing>
        <ing>
          <amt>
            <qty>3/4</qty>
            <unit>cups</unit></amt>
          <item>Water</item></ing>
        <ing>
          <amt>
            <qty>1</qty>
            <unit>teaspoon</unit></amt>
          <item>Cinnamon; or nutmeg</item></ing>
        <ing>
          <amt>
            <qty>1</qty>
            <unit>teaspoon</unit></amt>
          <item>Yeast</item></ing></ing-div></ingredients>
    <directions>
      <step>  Just add as your B/M requires. I baked it on Bake Light in my Pan-1Lb'er.
  It came out nice and high and Light, but I thought it could have more
  banana 's. I used 1/2 cup but would go to 2 small Banana's.Was also good
  toasted. Good Luck and Enjoy from Mrs Tater-Head
  Posted to Bakery-Shoppe Digest V1 #484 by angstrom@juno.com (Angela  L
  Gilliland) on Jan 01, 1998
 
</step></directions></recipe></recipeml>
