<?xml version="1.0" encoding="UTF-8"?>

<recipeml version="0.5">
  <recipe>
    <head>
      <title>Banana Ice Cream (Prevention)</title>
      <categories>
        <cat>Desserts</cat></categories>
      <yield>4</yield></head>
    <ingredients>
      <ing>
        <amt>
          <qty>2</qty>
          <unit>large</unit></amt>
        <item>Frozen bananas; sliced</item></ing>
      <ing>
        <amt>
          <qty>2</qty>
          <unit>tablespoons</unit></amt>
        <item>Sugar</item></ing>
      <ing>
        <amt>
          <qty>1 1/2</qty>
          <unit>cups</unit></amt>
        <item>Skim milk</item></ing>
      <ing>
        <amt>
          <qty>1/2</qty>
          <unit>teaspoons</unit></amt>
        <item>Cinnamon</item></ing>
      <ing>
        <amt>
          <qty>1/2</qty>
          <unit>teaspoons</unit></amt>
        <item>Vanilla</item></ing>
      <ing>
        <amt>
          <qty>1</qty>
          <unit>pinch</unit></amt>
        <item>Ground nutmeg</item></ing></ingredients>
    <directions>
      <step>  In a food processor or blender, combine the bananas, sugar and 1/2 cup of
  the milk. Puree until smooth. Add cinnamon, vanilla and remaining 1 cup
  milk. Puree until smooth.
  
  Transfer mixture to a metal container. Cover and freeze for 4 hours or
  overnight. Remove from the freezer and break up the mixture with a knife.
  Process briefly in a food processor or blender.
  
  Return to the container, cover and freeze for at least 30 minutes before
  serving. Sprinkle with nutmeg and serve. Makes 4 servings. Per serving:
      111    cals, 0.4 g fat (3%cff).
  
  VARIATION _Berry-Banana Ice Cream_ Add 1 cup frozen blueberries,
  strawberries or raspberries along with the bananas.
  
  Recipe by: Prevention's Healthy Cook
  
  Posted to Digest eat-lf.v097.n302 by KitPATh &lt;phannema@wizard.ucr.edu&gt; on
  Nov 28, 1997
 
</step></directions></recipe></recipeml>
