<?xml version="1.0" encoding="UTF-8"?>

<recipeml version="0.5">
  <recipe>
    <head>
      <title>Banana Fudge Pops</title>
      <categories>
        <cat>Desserts</cat></categories>
      <yield>6</yield></head>
    <ingredients>
      <ing>
        <amt>
          <qty>1</qty>
          <unit>medium</unit></amt>
        <item>Banana; sliced</item></ing>
      <ing>
        <amt>
          <qty>1 1/2</qty>
          <unit>cups</unit></amt>
        <item>Orange/banana juice</item></ing>
      <ing>
        <amt>
          <qty>1/2</qty>
          <unit>cups</unit></amt>
        <item>Sugar</item></ing>
      <ing>
        <amt>
          <qty>1/4</qty>
          <unit>cups</unit></amt>
        <item>Cocoa</item></ing>
      <ing>
        <amt>
          <qty>5</qty>
          <unit>ounces</unit></amt>
        <item>Evaporated skim milk</item></ing></ingredients>
    <directions>
      <step>  Combine banana &amp; juice in blender or food processor. Blend until smooth.
  Add sugar &amp; cocoa &amp; blend well. Add milk &amp; blend. Pour mixture into 6 paper
  cups (5 ounces each). Freeze about 1 hour. Insert popsicle sticks into
  fudge pops. Cover &amp; freeze until firm. Peel off cups to serve.
  
  136 cal., .8 g fat 4.7%, 29 mg sodium
  Recipe By     : Hershey's Fabulous Desserts
  
  Posted to Digest eat-lf.v096.n213
  
  Date: Fri, 08 Nov 1996 18:52:08 -0500
  
  From: charles moffat &lt;moffats@usaor.net&gt;
  
  NOTES : Plain orange juice can be substituted.
 
</step></directions></recipe></recipeml>
