<?xml version="1.0" encoding="UTF-8"?>

<recipeml version="0.5">
  <recipe>
    <head>
      <title>Banana Nut Carrot Cake Squares</title>
      <categories>
        <cat>Desserts</cat>
        <cat>Fruit</cat></categories>
      <yield>1</yield></head>
    <ingredients>
      <ing>
        <amt>
          <qty>2</qty>
          <unit>cups</unit></amt>
        <item>Flour; unbleached</item></ing>
      <ing>
        <amt>
          <qty>1</qty>
          <unit>teaspoon</unit></amt>
        <item>Salt</item></ing>
      <ing>
        <amt>
          <qty>1</qty>
          <unit>tablespoon</unit></amt>
        <item>Ground cinnamon</item></ing>
      <ing>
        <amt>
          <qty>1</qty>
          <unit>tablespoon</unit></amt>
        <item>Ground cloves</item></ing>
      <ing>
        <amt>
          <qty>3</qty>
          <unit>teaspoons</unit></amt>
        <item>Baking powder</item></ing>
      <ing>
        <amt>
          <qty>3</qty>
          <unit>large</unit></amt>
        <item>Eggs</item></ing>
      <ing>
        <amt>
          <qty>1/2</qty>
          <unit>cups</unit></amt>
        <item>Brown sugar</item></ing>
      <ing>
        <amt>
          <qty>1/2</qty>
          <unit>cups</unit></amt>
        <item>Honey</item></ing>
      <ing>
        <amt>
          <qty>3/4</qty>
          <unit>cups</unit></amt>
        <item>Vegetable oil</item></ing>
      <ing>
        <amt>
          <qty>1/2</qty>
          <unit>cups</unit></amt>
        <item>Pineapple juice; or orange or apple</item></ing>
      <ing>
        <amt>
          <qty>1</qty>
          <unit>cup</unit></amt>
        <item>Grated carrots</item></ing>
      <ing>
        <amt>
          <qty>1</qty>
          <unit>cup</unit></amt>
        <item>Mashed bananas</item></ing>
      <ing>
        <amt>
          <qty>1</qty>
          <unit>cup</unit></amt>
        <item>Chopped walnuts</item></ing></ingredients>
    <directions>
      <step>  Preheat the oven to 350F. Grease a 9"x12" baking pan. In a large bowl sift
  together the flour, cinnamon, cloves and baking powder. In a smaller bowl
  beat together the eggs; add sugar and honey; whisk in the oil and juice.
  Mix into the dry ingredients. Stir in the carrots, bananas and walnuts.
  Pour mixture into the baking dish. Bake 40 to 45 minutes or until a
  toothpick inserted into the center comes out clean. Cool 50 to 60 minutes.
  Serve with vanilla ice cream or yogurt.
  
  Recipe by: The Zen of Cooking by Lucille Naimer ISBN: 0-87951-594-5 Posted
  to MC-Recipe Digest V1 #679 by Peg Baldassari &lt;Baldassari@CompuServe.COM&gt;
  on Jul 19, 1997
 
</step></directions></recipe></recipeml>
