<?xml version="1.0" encoding="UTF-8"?>

<recipeml version="0.5">
  <recipe>
    <head>
      <title>Banana Graham Muffins (Motts)</title>
      <categories>
        <cat>Muffins</cat>
        <cat>Brandname</cat>
        <cat>Reduced fat</cat></categories>
      <yield>16</yield></head>
    <ingredients>
      <ing>
        <amt>
          <qty>2</qty>
          <unit>cups</unit></amt>
        <item>Graham cracker crumbs</item></ing>
      <ing>
        <amt>
          <qty>1 3/4</qty>
          <unit>cups</unit></amt>
        <item>All-purpose flour</item></ing>
      <ing>
        <amt>
          <qty>1/3</qty>
          <unit>cups</unit></amt>
        <item>Firmly packed light brown sugar</item></ing>
      <ing>
        <amt>
          <qty>1</qty>
          <unit>tablespoon</unit></amt>
        <item>Baking powder</item></ing>
      <ing>
        <amt>
          <qty>1/2</qty>
          <unit>teaspoons</unit></amt>
        <item>Salt</item></ing>
      <ing>
        <amt>
          <qty>2</qty>
          <unit/></amt>
        <item>Ripe medium bananas OR 1 cup mashed bananas</item></ing>
      <ing>
        <amt>
          <qty>1/2</qty>
          <unit>cups</unit></amt>
        <item>Unsweetened apple sauce</item></ing>
      <ing>
        <amt>
          <qty>1/4</qty>
          <unit>cups</unit></amt>
        <item>Skim milk</item></ing>
      <ing>
        <amt>
          <qty>1</qty>
          <unit/></amt>
        <item>Egg</item></ing>
      <ing>
        <amt>
          <qty>1</qty>
          <unit>teaspoon</unit></amt>
        <item>Vanilla extract</item></ing>
      <ing>
        <amt>
          <qty>1/2</qty>
          <unit>cups</unit></amt>
        <item>Chopped pecans; optional</item></ing></ingredients>
    <directions>
      <step>  Preheat oven to 400F. Line 16 (2 1/2 inch) muffin cups with paper liners or
  spray with nonstick cooking spray.
  
  In large bowl, combine graham cracker crumbs, flour, brown sugar, baking
  powder and salt.
  
  In medium bowl, whisk together bananas, apple sauce, milk, egg and vanilla.
  
  Stir apple sauce mixture into flour mixture just until moistened. Fold in
  pecans, if desired.
  
  Spoon evenly into prepared muffin cups.
  
  Bake 20 to 25 minutes or until toothpick inserted in center comes out
  clean. Immediately remove from pan; cool on wire rack 10 minutes. Serve
  warm or cool completely.
  
  Notes: Pantry: Mott's Natural Apple Sauce. (PER SERVING: 130 calories, 10%
  cff; 1.5 grams of fat, Sodium 200 mg, Cholesterol 15 mg.)
  
  &gt;Hanneman/Buster 1998-Apr
  
  Recipe by: Motts Applesauce www.motts.com
  
  Posted to MC-Recipe Digest by KitPATh &lt;phannema@wizard.ucr.edu&gt; on Apr 18,
  1998
 
</step></directions></recipe></recipeml>
