<?xml version="1.0" encoding="UTF-8"?>

<recipeml version="0.5">
  <recipe>
    <head>
      <title>Banana Nut Bread</title>
      <categories>
        <cat>Breads -</cat>
        <cat>Quick</cat></categories>
      <yield>10</yield></head>
    <ingredients>
      <ing>
        <amt>
          <qty>3/4</qty>
          <unit>cups</unit></amt>
        <item>Butter</item></ing>
      <ing>
        <amt>
          <qty>1 1/2</qty>
          <unit>cups</unit></amt>
        <item>Sugar</item></ing>
      <ing>
        <amt>
          <qty>1 1/2</qty>
          <unit>cups</unit></amt>
        <item>Mashed Bananas</item></ing>
      <ing>
        <amt>
          <qty>2</qty>
          <unit/></amt>
        <item>Eggs</item></ing>
      <ing>
        <amt>
          <qty>1</qty>
          <unit>teaspoon</unit></amt>
        <item>Vanilla Extract</item></ing>
      <ing>
        <amt>
          <qty>2</qty>
          <unit>cups</unit></amt>
        <item>All-Purpose Flour</item></ing>
      <ing>
        <amt>
          <qty>1</qty>
          <unit>teaspoon</unit></amt>
        <item>Baking Soda</item></ing>
      <ing>
        <amt>
          <qty>3/4</qty>
          <unit>teaspoons</unit></amt>
        <item>Salt</item></ing>
      <ing>
        <amt>
          <qty>1/2</qty>
          <unit>cups</unit></amt>
        <item>Buttermilk</item></ing>
      <ing>
        <amt>
          <qty>3/4</qty>
          <unit>cups</unit></amt>
        <item>Nuts, chopped</item></ing></ingredients>
    <directions>
      <step>  Cream together butter and sugar. Add banana, eggs, and vanilla. Sift
  together dry ingredients. Add alternately with buttermilk. Blend well. Stir
  in nuts, and pour into a greased and floured loaf pan. Bake at 325 degrees
  for 1-1/4 hours.
  
  Recipe by: Elizabeth Powell Posted to Bakery Shoppe Digest146 by Bill
  Spalding &lt;billspa@icanect.net&gt; on Jul 05, 1997
 
</step></directions></recipe></recipeml>
