<?xml version="1.0" encoding="UTF-8"?>

<recipeml version="0.5">
  <recipe>
    <head>
      <title>Banana Malt</title>
      <categories>
        <cat>Digest</cat>
        <cat>Sept.</cat>
        <cat>Fatfree</cat></categories>
      <yield>1</yield></head>
    <ingredients>
      <ing>
        <amt>
          <qty>1</qty>
          <unit/></amt>
        <item>To 2 frozen very ripe</item></ing>
      <ing>
        <amt>
          <qty/>
          <unit/></amt>
        <item>Bananas</item></ing>
      <ing>
        <amt>
          <qty>1</qty>
          <unit/></amt>
        <item>To 2 Tbs Malt powder</item></ing>
      <ing>
        <amt>
          <qty>1</qty>
          <unit>cup</unit></amt>
        <item>Rice Milk (maybe more?)</item></ing>
      <ing>
        <amt>
          <qty>1</qty>
          <unit>teaspoon</unit></amt>
        <item>Vanilla (optional)</item></ing>
      <ing>
        <amt>
          <qty>Break</qty>
          <unit>or</unit></amt>
        <item>slice the banana into small chunks and put in a blender.  Add malt</item></ing></ingredients>
    <directions>
      <step>  powder.  Add a small amount of the rice milk and start to blend. Add more
  rice milk as necessary until the banana goes from chunks to puree, then
  blend for another minute or two before adding the rest of the rice milk and
  optional vanilla.
  
  If you try to blend all the ingredients at once you're likely to end up
  with un-blended banana chunks.
  
  This recipe is a good way to use over-ripe bananas, which we peel and
  freeze when they've been on the counter for a bit too long.
  
  From: Raymond.Jackson@ebay.sun.com (Raymond Jackson). Fatfree Digest
  [Volume 10 Issue 47], Sept. 24, 1994 Formatted by Sue Smith, S.Smith34,
  TXFT40A@Prodigy.com using MMCONV
  
  File ftp://ftp.idiscover.co.uk/pub/food/mealmaster/recipes/fatfreex.zip
 
</step></directions></recipe></recipeml>
