<?xml version="1.0" encoding="UTF-8"?>

<recipeml version="0.5">
  <recipe>
    <head>
      <title>Banana Fudge Topping</title>
      <categories>
        <cat>Desserts</cat></categories>
      <yield>1</yield></head>
    <ingredients>
      <ing>
        <amt>
          <qty>1</qty>
          <unit/></amt>
        <item>Extra-ripe banana</item></ing>
      <ing>
        <amt>
          <qty>1/4</qty>
          <unit>cups</unit></amt>
        <item>Light corn syrup</item></ing>
      <ing>
        <amt>
          <qty>2</qty>
          <unit>tablespoons</unit></amt>
        <item>Cocoa</item></ing>
      <ing>
        <amt>
          <qty>1</qty>
          <unit>tablespoon</unit></amt>
        <item>Margarine (melted)</item></ing></ingredients>
    <directions>
      <step>  In blender, puree banana, peeled (to yield 1/3 cup). Add light corn syrup,
  cocoa and melted margarine; process until smooth.
  
  Recipe by: BestRecipes (April, 1993)
  
  Posted to MC-Recipe Digest V1 #894 by "Eugene Johnston"
  &lt;ejohnston@mailexcite.com&gt; on Nov 09, 1997
 
</step></directions></recipe></recipeml>
