<?xml version="1.0" encoding="UTF-8"?>

<recipeml version="0.5">
  <recipe>
    <head>
      <title>Banana Gelatin</title>
      <categories>
        <cat/></categories>
      <yield>100</yield></head>
    <ingredients>
      <ing>
        <amt>
          <qty>1 1/2</qty>
          <unit>gallons</unit></amt>
        <item>WATER; BOILING</item></ing>
      <ing>
        <amt>
          <qty>1 1/2</qty>
          <unit>gallons</unit></amt>
        <item>WATER; COLD</item></ing>
      <ing>
        <amt>
          <qty>15</qty>
          <unit>pounds</unit></amt>
        <item>BANANAS FRESH</item></ing>
      <ing>
        <amt>
          <qty>4 1/2</qty>
          <unit>pounds</unit></amt>
        <item>DSRT PWD ORANGE #2 1/2</item></ing>
      <ing>
        <amt>
          <qty>PAN:</qty>
          <unit>12</unit></amt>
        <item>BY 20 BY 2 1/2-INCH STEAM TABLE PAN</item></ing></ingredients>
    <directions>
      <step>  :
  
  1.  DISSOLVE GELATIN IN BOILING WATER.
  
  2.  USE COLD WATER; STIR TO MIX WELL.
  
  3.  POUR ABOUT 1 GAL INTO EACH PAN. CHILL UNTIL SLIGHTLY THICKENED.
  
  4.  USE 15 LB BANANAS A.P. (37 BANANAS).  ADD AN EQUAL QUANTITY OF PEELED
  AND THINLY SLICED BANANAS TO GELATIN IN EACH PAN.
  
  5.  FOLD AN EQUAL QUANTITY OF FRUIT INTO GELATIN IN EACH PAN.  CHILL UNTIL
  FIRM.
  
  Recipe Number: J00701
  
  SERVING SIZE: 2/3 CUP
  
  From the &lt;Army Master Recipe Index File&gt; (actually used today!).
  Downloaded from Glen's MM Recipe Archive, http://www.erols.com/hosey.
 
</step></directions></recipe></recipeml>
