<?xml version="1.0" encoding="UTF-8"?>

<recipeml version="0.5">
  <recipe>
    <head>
      <title>Banana Fruit Cup</title>
      <categories>
        <cat/></categories>
      <yield>100</yield></head>
    <ingredients>
      <ing>
        <amt>
          <qty>3</qty>
          <unit>pounds</unit></amt>
        <item>ORANGES FRESH</item></ing>
      <ing>
        <amt>
          <qty>3 1/2</qty>
          <unit>pounds</unit></amt>
        <item>APPLE FRESH</item></ing>
      <ing>
        <amt>
          <qty>6 3/4</qty>
          <unit>pounds</unit></amt>
        <item>PINEAPPLE SLICED #10</item></ing>
      <ing>
        <amt>
          <qty>11 1/2</qty>
          <unit>pounds</unit></amt>
        <item>BANANAS FRESH</item></ing></ingredients>
    <directions>
      <step>  1.  COMBINE PINEAPPLE WITH FRESH, PEELED, THINLY SLICED BANANAS; MIX
  THOROUGHLY.
  
  2.  ADD ORANGES.
  
  3.  QUICKLY (TO PREVENT DISCOLORATION) COMBINE APPLES WITH FRUIT MIXTURE;
  ADD FRESH, PEELED, THINLY SLICED BANANAS; MIX THOROUGHLY.
  
  4.  COVER, REFRIGERATE UNTIL READY TO SERVE.
  :
  
  NOTE:  1.  IN STEP 3, 4 LB 4 OZ FRESH ORANGES A.P. (11 ORANGES) WILL YIELD
  3 LB PEELED ORANGES.
  
  2.  IN STEP 4, 4 LB 2 OZ FRESH APPLES A.P. (11 APPLES) WILL YIELD
  3 LB 8 OZ CORED APPLES.
  
  3.  IN STEP 2, 17 LB 12 OZ FRESH BANANAS A.P. (44 BANANAS) WILL YIELD
  11 LB 8 OZ PEELED, THINLY SLICED BANANAS.
  
  Recipe Number: J00602
  
  SERVING SIZE: 1/2 CUP
  
  From the &lt;Army Master Recipe Index File&gt; (actually used today!).
  Downloaded from Glen's MM Recipe Archive, http://www.erols.com/hosey.
 
</step></directions></recipe></recipeml>
