<?xml version="1.0" encoding="UTF-8"?>

<recipeml version="0.5">
  <recipe>
    <head>
      <title>Banana Jam</title>
      <categories>
        <cat>None</cat></categories>
      <yield>1</yield></head>
    <ingredients>
      <ing>
        <amt>
          <qty>2 1/2</qty>
          <unit>cups</unit></amt>
        <item>Honey</item></ing>
      <ing>
        <amt>
          <qty>3</qty>
          <unit>cups</unit></amt>
        <item>Water</item></ing>
      <ing>
        <amt>
          <qty>3</qty>
          <unit/></amt>
        <item>Lemons ; Juice of</item></ing>
      <ing>
        <amt>
          <qty/>
          <unit/></amt>
        <item>Thinly sliced rind of 3 lemons</item></ing>
      <ing>
        <amt>
          <qty>8</qty>
          <unit/></amt>
        <item>Bananas; mashed</item></ing>
      <ing>
        <amt>
          <qty>3</qty>
          <unit/></amt>
        <item>Whole cloves; (up to 4)</item></ing>
      <ing>
        <amt>
          <qty>1</qty>
          <unit/></amt>
        <item>Piece dried green ginger</item></ing></ingredients>
    <directions>
      <step>  Combine honey and water in saucepan. Boil for 12 minutes Add lemon juice,
  lemon rnd, bananas and spices. Simmer for 45 minutes or to desired
  consistency, stirring frequently. Remove ginger. Spoon into hot stenlized
  8-ounce lars, leaving 1/4 inch headspace: seal with 2-piece lids. Process
  in boiling water bath for 20 minutes. Yield: 7 - 8-ounce jars.
  
  Posted to recipelu-digest Volume 01 Number 333 by "Sandy West"
  &lt;rwwest@execnet.net&gt; on Dec 1, 1997
 
</step></directions></recipe></recipeml>
