<?xml version="1.0" encoding="UTF-8"?>

<recipeml version="0.5">
  <recipe>
    <head>
      <title>Banana Nut Bread 2</title>
      <categories>
        <cat>None</cat></categories>
      <yield>1</yield></head>
    <ingredients>
      <ing>
        <amt>
          <qty>1 1/3</qty>
          <unit>cups</unit></amt>
        <item>Mashed bananas (about 2 large)</item></ing>
      <ing>
        <amt>
          <qty>2/3</qty>
          <unit>cups</unit></amt>
        <item>Sugar</item></ing>
      <ing>
        <amt>
          <qty>1/4</qty>
          <unit>cups</unit></amt>
        <item>Milk</item></ing>
      <ing>
        <amt>
          <qty>3</qty>
          <unit>tablespoons</unit></amt>
        <item>Vegetable oil</item></ing>
      <ing>
        <amt>
          <qty>3</qty>
          <unit/></amt>
        <item>Eggs</item></ing>
      <ing>
        <amt>
          <qty>1/2</qty>
          <unit>teaspoons</unit></amt>
        <item>Vanilla</item></ing>
      <ing>
        <amt>
          <qty>2 2/3</qty>
          <unit>cups</unit></amt>
        <item>Bisquick Original or Reduced Fat baking mix</item></ing>
      <ing>
        <amt>
          <qty>1/2</qty>
          <unit>cups</unit></amt>
        <item>Chopped onion</item></ing></ingredients>
    <directions>
      <step>  Here's what's in my Bisquick Best Recipes booklet..
  
  Heat oven to 350 degrees. Grease bottom of loaf pan, 9x5x3 inches.
  
  Mix bananas, sugar, milk, oil, eggs and vanilla in large bowl. Stir in
  baking mix and nuts. Pout into pan.
  
  Bake 50 to 60 minutes or until tooghpick inserted in center comes out
  clean. Cool 10 minutes; loosen loaf from sides of pan. Remove from pan;
  cool completely before slicing.
  
       24    slices.
  
  Posted to EAT-L Digest 16 October 96
  
  Date:    Thu, 17 Oct 1996 21:53:07 -0500
  
  From:    Julie Benson &lt;cejab@CIN.NET&gt;
 
</step></directions></recipe></recipeml>
