<?xml version="1.0" encoding="UTF-8"?>

<recipeml version="0.5">
  <recipe>
    <head>
      <title>Banana Lime Bread</title>
      <categories>
        <cat>Cakes</cat>
        <cat>Breads</cat></categories>
      <yield>1</yield></head>
    <ingredients>
      <ing>
        <amt>
          <qty>1/2</qty>
          <unit>cups</unit></amt>
        <item>Shortening</item></ing>
      <ing>
        <amt>
          <qty>3/4</qty>
          <unit>cups</unit></amt>
        <item>Brown sugar</item></ing>
      <ing>
        <amt>
          <qty>2</qty>
          <unit>tablespoons</unit></amt>
        <item>White vinegar</item></ing>
      <ing>
        <amt>
          <qty>3</qty>
          <unit/></amt>
        <item>Ripe bananas, mashed</item></ing>
      <ing>
        <amt>
          <qty>3</qty>
          <unit>tablespoons</unit></amt>
        <item>Water</item></ing>
      <ing>
        <amt>
          <qty>1</qty>
          <unit>tablespoon</unit></amt>
        <item>Lime juice</item></ing>
      <ing>
        <amt>
          <qty>1/2</qty>
          <unit>teaspoons</unit></amt>
        <item>Salt</item></ing>
      <ing>
        <amt>
          <qty>1/2</qty>
          <unit>teaspoons</unit></amt>
        <item>Ginger powder</item></ing>
      <ing>
        <amt>
          <qty>3/4</qty>
          <unit>cups</unit></amt>
        <item>Coconut, grated</item></ing>
      <ing>
        <amt>
          <qty>1</qty>
          <unit>teaspoon</unit></amt>
        <item>Baking powder</item></ing>
      <ing>
        <amt>
          <qty>2</qty>
          <unit>cups</unit></amt>
        <item>White flour</item></ing>
      <ing>
        <amt>
          <qty/>
          <unit/></amt>
        <item>GLAZE</item></ing>
      <ing>
        <amt>
          <qty>1/4</qty>
          <unit>cups</unit></amt>
        <item>Brown sugar</item></ing>
      <ing>
        <amt>
          <qty>1</qty>
          <unit>tablespoon</unit></amt>
        <item>Oil</item></ing>
      <ing>
        <amt>
          <qty>1</qty>
          <unit>tablespoon</unit></amt>
        <item>Rum</item></ing>
      <ing>
        <amt>
          <qty>3</qty>
          <unit>tablespoons</unit></amt>
        <item>Lime juice</item></ing></ingredients>
    <directions>
      <step>  Beat shortening for a few seconds.  Add brown sugar &amp; beat till well
  blended &amp; creamy.  Stir in vinegar, bananas, water &amp; lime juice. Ensure
  that all ingredients are well mixed. Add salt, ginger &amp; grated coconut. Mix
  well.  Stir in baking powder.  Sift flour &amp; beat with a wooden spoon till
  well blended &amp; smooth. Transfer into a greased loaf pan &amp; bake at 350F for
  1 hour. Let cool for 10 minutes before removing from pan to a wire rack.
  
  Meanwhile, combine brown sugar, oil, rum &amp; lime juice in a snall pot over a
  low heat.  Stir constantly for 5 minutes until you have a thin syrup. Pour
  over the loaf, spreading it with a spatula, let it run over the sides.
  
  Adapted from "Sundays at Moosewood Restaurant Cookbook"
  
  From Gemini's MASSIVE MealMaster collection at www.synapse.com/~gemini
 
</step></directions></recipe></recipeml>
