<?xml version="1.0" encoding="UTF-8"?>

<recipeml version="0.5">
  <recipe>
    <head>
      <title>Banana Loaf Bread</title>
      <categories>
        <cat>None</cat></categories>
      <yield>1</yield></head>
    <ingredients>
      <ing>
        <amt>
          <qty>2</qty>
          <unit>cups</unit></amt>
        <item>All-purpose flour</item></ing>
      <ing>
        <amt>
          <qty>1</qty>
          <unit>teaspoon</unit></amt>
        <item>Baking soda</item></ing>
      <ing>
        <amt>
          <qty>1/4</qty>
          <unit>teaspoons</unit></amt>
        <item>Salt</item></ing>
      <ing>
        <amt>
          <qty>1/2</qty>
          <unit>cups</unit></amt>
        <item>Unsalted butter; softened</item></ing>
      <ing>
        <amt>
          <qty>1</qty>
          <unit>cup</unit></amt>
        <item>Sugar</item></ing>
      <ing>
        <amt>
          <qty>2</qty>
          <unit>large</unit></amt>
        <item>Eggs</item></ing>
      <ing>
        <amt>
          <qty>1</qty>
          <unit>teaspoon</unit></amt>
        <item>Pure vanilla extract</item></ing>
      <ing>
        <amt>
          <qty>3</qty>
          <unit/></amt>
        <item>Large; ripe bananas, mashed with a fork</item></ing>
      <ing>
        <amt>
          <qty>1</qty>
          <unit>cup</unit></amt>
        <item>Chopped pecans or walnuts</item></ing>
      <ing>
        <amt>
          <qty>1/2</qty>
          <unit>cups</unit></amt>
        <item>Chocolate chip mini-morsels (optional)</item></ing></ingredients>
    <directions>
      <step>  I found this recipe in the Chicago Tribune a few years ago and have had
  good reviews from my family. I'd also stud it with mini-chocolate chip
  morsels after it cools off.
  
  1. Heat oven to 350 degrees. Grease a 9x5 inch loaf pan. Sift together the
  flour, baking soda and salt; set aside.
  
  2. Beat the butter and sugar with an electric mixer on high speed until
  light, 2 minutes. Add the eggs, one at a time, and the vanilla, mixing well
  after each addition. Stop the mixer and add the bananas. Mix lightly. fold
  in the dry ingredients and nuts, mixing just until combined.
  
  3. Transfer batter to prepared pan. Bake until toothpick inserted in the
  center comes out clean, 55 to 60 minutes. Cool in the pan for 5 minutes
  then invert onto a wire rack. Cool completely. Sprinkle chocolate chip
  morsels on top, if desired, before slicing. Posted to KitMailbox Digest by
  "Marella Good" &lt;mgood@wwa.com&gt; on Jul 29, 1997
 
</step></directions></recipe></recipeml>
