<?xml version="1.0" encoding="UTF-8"?>

<recipeml version="0.5">
  <recipe>
    <head>
      <title>Banana Nut Bread 4</title>
      <categories>
        <cat>Desserts</cat>
        <cat>Eat-lf mail</cat>
        <cat>Fruit</cat>
        <cat>Low fat</cat></categories>
      <yield>8</yield></head>
    <ingredients>
      <ing>
        <amt>
          <qty>1/2</qty>
          <unit>cups</unit></amt>
        <item>Sugar; *Note</item></ing>
      <ing>
        <amt>
          <qty>1</qty>
          <unit>tablespoon</unit></amt>
        <item>Lowfat Margarine; **Note, Softened</item></ing>
      <ing>
        <amt>
          <qty>1/4</qty>
          <unit>cups</unit></amt>
        <item>Egg Beaters® 99% Egg Substitute; Or Equiv To 1 Egg</item></ing>
      <ing>
        <amt>
          <qty>3/4</qty>
          <unit>cups</unit></amt>
        <item>Nonfat Milk</item></ing>
      <ing>
        <amt>
          <qty>1</qty>
          <unit>cup</unit></amt>
        <item>Bananas; Mashed</item></ing>
      <ing>
        <amt>
          <qty>3 1/2</qty>
          <unit>teaspoons</unit></amt>
        <item>Baking Powder</item></ing>
      <ing>
        <amt>
          <qty>1</qty>
          <unit>teaspoon</unit></amt>
        <item>Salt</item></ing>
      <ing>
        <amt>
          <qty>3/4</qty>
          <unit>cups</unit></amt>
        <item>Nuts; ***Note, Chopped</item></ing>
      <ing>
        <amt>
          <qty>3</qty>
          <unit>cups</unit></amt>
        <item>Flour</item></ing></ingredients>
    <directions>
      <step>  *NOTE:  Original recipe used 1 C
  
  **NOTE:  Original recipe used 2 T shortening
  
  ***NOTE:  Original recipe used the nuts...I omitted
  
  Preheat oven to 350 deg F.
  
  Spray nonstick baking spray in 9 x 5 x 3" loaf pan.  Mix sugar, lowfat
  margarine (shortening),  egg and mashed bananas thoroughly.  Stir in milk.
  Measure flour by dip-level-pour method or by sifting.  Blend dry
  ingredients; stir in.  Blend in nuts.  Pour into pan.  Bake 60 - 70
  minutes, or until toothpick stuck into center comes out clean. (Crack in
  top of loaf is characteristic.) Cool thoroughly before slicing with a thin
  sharp knife.
  
  This was absolutely wonderful!!
  Recipe By     : Betty Crocker
  
  Posted to Digest eat-lf.v096.n214
  
  Date: Sat, 09 Nov 1996 21:01:06 -0800
  
  From: Reggie Dwork &lt;reggie@reggie.com&gt;
  
  NOTES : Cal 338.3,
  
  Fat  8.9g,
  
  Carb  57.3g,
  
  Fib  1.8g,
  
  Pro  8.5g,
  
  Sod  464mg,
  
  CFF  23.4%.
 
</step></directions></recipe></recipeml>
