<?xml version="1.0" encoding="UTF-8"?>

<recipeml version="0.5">
  <recipe>
    <head>
      <title>Banana Nut Bread (Bisquick)</title>
      <categories>
        <cat>Breads</cat>
        <cat>Try</cat></categories>
      <yield>8</yield></head>
    <ingredients>
      <ing>
        <amt>
          <qty>1/3</qty>
          <unit>cups</unit></amt>
        <item>Vegetable oil</item></ing>
      <ing>
        <amt>
          <qty>1 1/2</qty>
          <unit>cups</unit></amt>
        <item>Mashed ripe bananas ( 3 )</item></ing>
      <ing>
        <amt>
          <qty>1/2</qty>
          <unit>teaspoons</unit></amt>
        <item>Vanilla</item></ing>
      <ing>
        <amt>
          <qty>3</qty>
          <unit/></amt>
        <item>Eggs</item></ing>
      <ing>
        <amt>
          <qty>2 1/3</qty>
          <unit>cups</unit></amt>
        <item>Bisquick baking mix</item></ing>
      <ing>
        <amt>
          <qty>1</qty>
          <unit>cup</unit></amt>
        <item>Sugar</item></ing>
      <ing>
        <amt>
          <qty>1/2</qty>
          <unit>cups</unit></amt>
        <item>Chopped nuts (optional)</item></ing></ingredients>
    <directions>
      <step>  PREHEAT OVEN TO 3500F. GREASE THE BOTTOM ONLY OF A 9 X 5 X 3" LOAF PAN.
  BEAT ALL INGREDIENTS VIGOROUSLY WITH A SPOON FOR THIRTY SECONDS. POUR INTO
  PAN. BAKE UNTIL WOOD PICK COMES OUT CLEAN. COOL FOR FIVE MINUTES. LOOSEN
  SIDES FROM PAN; REMOVE LOAF FROM PAN.
  Posted to EAT-L Digest  by Sarah Gruenwald &lt;sitm@EKX.INFI.NET&gt; on Sep 18,
  1997
 
</step></directions></recipe></recipeml>
