<?xml version="1.0" encoding="UTF-8"?>

<recipeml version="0.5">
  <recipe>
    <head>
      <title>Banana Muffins - Good</title>
      <categories>
        <cat>Bananas</cat>
        <cat>Breads</cat>
        <cat>Desserts</cat>
        <cat>Fat free</cat></categories>
      <yield>12</yield></head>
    <ingredients>
      <ing>
        <amt>
          <qty>3/4</qty>
          <unit>cups</unit></amt>
        <item>Sugar</item></ing>
      <ing>
        <amt>
          <qty>1 1/4</qty>
          <unit>cups</unit></amt>
        <item>Flour</item></ing>
      <ing>
        <amt>
          <qty>3/4</qty>
          <unit>teaspoons</unit></amt>
        <item>Baking Soda</item></ing>
      <ing>
        <amt>
          <qty>1</qty>
          <unit>teaspoon</unit></amt>
        <item>Salt</item></ing>
      <ing>
        <amt>
          <qty>1/4</qty>
          <unit>cups</unit></amt>
        <item>Egg Beaters - Fat Free</item></ing>
      <ing>
        <amt>
          <qty>3</qty>
          <unit/></amt>
        <item>Banana; mashed</item></ing></ingredients>
    <directions>
      <step>  Mix dry ingred.  Add wet ingred. Bake at 350 for 20 min.
  
  NOTES : Per Muffin - Calories - 115.3, Total Fat - .2g, 1.7% CFF
  Recipe By     : www
  
  Posted to Digest eat-lf.v096.n202
  
  Date: Tue, 29 Oct 1996 07:24:03 -0800 (PST)
  
  From: Linda Gordon &lt;lgordon@brunswickmicro.nb.ca&gt;
 
</step></directions></recipe></recipeml>
