<?xml version="1.0" encoding="UTF-8"?>

<recipeml version="0.5">
  <recipe>
    <head>
      <title>Banana Gingerbread Bars</title>
      <categories>
        <cat>Cookies</cat></categories>
      <yield>32</yield></head>
    <ingredients>
      <ing>
        <amt>
          <qty>1</qty>
          <unit>medium</unit></amt>
        <item>Extra-ripe DOLE Banana, peeled</item></ing>
      <ing>
        <amt>
          <qty>1</qty>
          <unit>package</unit></amt>
        <item>Gingerbread cake mix (14.5oz</item></ing>
      <ing>
        <amt>
          <qty>1/2</qty>
          <unit>cups</unit></amt>
        <item>Lukewarm water</item></ing>
      <ing>
        <amt>
          <qty>1</qty>
          <unit/></amt>
        <item>Egg</item></ing>
      <ing>
        <amt>
          <qty>1</qty>
          <unit>small</unit></amt>
        <item>DOLE Banana, peeled and chopped</item></ing>
      <ing>
        <amt>
          <qty>1/2</qty>
          <unit>cups</unit></amt>
        <item>DOLE Raisins</item></ing>
      <ing>
        <amt>
          <qty>1/2</qty>
          <unit>cups</unit></amt>
        <item>DOLE Slivered Almonds</item></ing>
      <ing>
        <amt>
          <qty>1 1/2</qty>
          <unit>cups</unit></amt>
        <item>Powdered sugar</item></ing>
      <ing>
        <amt>
          <qty>1</qty>
          <unit/></amt>
        <item>Juice from DOLE Lemon</item></ing></ingredients>
    <directions>
      <step>  Place medium banana in blender. Process until pureed; use 1/2 cup for
  recipe.
  
  Combine gingerbread mix, water, 1/2 cup pureed banana and egg in large
  bowl. Beat well.
  
  Stir in chopped banana, raisins and almonds.
  
  Spread batter in greased 13x9" naking pan. Bake in 350'F. oven 20-25
  minutes until toothpick inserted in center comes out clean.
  
  Mix powdered sugar and 3 tablespoons lemon juice in medium bowl to make
  thin glaze. Spread over warm gingerbread. Cool. Cut into bars. Sprinkle
  iwth additional powdered sugar if desired.
  
  Makes 32 bars.
  
  From Favorite All Time Recipes - Homemade Holiday Cookies, Publication
  International, Ltd., ISBN 0-7853-0147-X.
  
  File ftp://ftp.idiscover.co.uk/pub/food/mealmaster/recipes/pi-cooky.zip
 
</step></directions></recipe></recipeml>
