<?xml version="1.0" encoding="UTF-8"?>

<recipeml version="0.5">
  <recipe>
    <head>
      <title>Banana Nut Bread</title>
      <categories>
        <cat>Breads</cat>
        <cat>Favorite</cat>
        <cat>Gifts</cat>
        <cat>Nuts</cat>
        <cat>Quickbreads</cat></categories>
      <yield>8</yield></head>
    <ingredients>
      <ing>
        <amt>
          <qty>3/4</qty>
          <unit>cups</unit></amt>
        <item>Margarine; or butter</item></ing>
      <ing>
        <amt>
          <qty>1</qty>
          <unit>cup</unit></amt>
        <item>Sugar</item></ing>
      <ing>
        <amt>
          <qty>2</qty>
          <unit/></amt>
        <item>Eggs; separated</item></ing>
      <ing>
        <amt>
          <qty>1/2</qty>
          <unit>teaspoons</unit></amt>
        <item>Baking soda</item></ing>
      <ing>
        <amt>
          <qty>1/2</qty>
          <unit>teaspoons</unit></amt>
        <item>Salt</item></ing>
      <ing>
        <amt>
          <qty>3</qty>
          <unit/></amt>
        <item>Over-ripe bananas</item></ing>
      <ing>
        <amt>
          <qty>1</qty>
          <unit>cup</unit></amt>
        <item>Pecans; chopped</item></ing>
      <ing>
        <amt>
          <qty>2</qty>
          <unit>cups</unit></amt>
        <item>All-purpose flour</item></ing></ingredients>
    <directions>
      <step>  Cream margarine and sugar; add egg yolks (only) and salt. Add flour and
  blend. Combine soda with the mashed bananas. Fold in well-beaten egg
  whites. Add nuts. Pour into 2 small or 1 large greased loaf pans. Bake at
  350 degreees for 30 to 40 minutes or until toothpick inserted in center
  comes out clean. Source: Greenville, SC Jr. League Cookbook Judy Garnett
  
  From Gemini's MASSIVE MealMaster collection at www.synapse.com/~gemini
 
</step></directions></recipe></recipeml>
