<?xml version="1.0" encoding="UTF-8"?>

<recipeml version="0.5">
  <recipe>
    <head>
      <title>Banana Milkshake</title>
      <categories>
        <cat>Beverages</cat></categories>
      <yield>1</yield></head>
    <ingredients>
      <ing>
        <amt>
          <qty>1</qty>
          <unit/></amt>
        <item>Ripe Banana, Sliced</item></ing>
      <ing>
        <amt>
          <qty>1</qty>
          <unit>cup</unit></amt>
        <item>Milk</item></ing>
      <ing>
        <amt>
          <qty>5</qty>
          <unit>drops</unit></amt>
        <item>Vanilla</item></ing>
      <ing>
        <amt>
          <qty>Blend</qty>
          <unit>in</unit></amt>
        <item>a blender until smooth. Serve.</item></ing></ingredients>
    <directions>
      <step>  Joel Ehrlich on rec.food.cooking
  
  From Gemini's MASSIVE MealMaster collection at www.synapse.com/~gemini
 
</step></directions></recipe></recipeml>
