<?xml version="1.0" encoding="UTF-8"?>

<recipeml version="0.5">
  <recipe>
    <head>
      <title>Banana Nut Bread (Bread Machine)</title>
      <categories>
        <cat>None</cat></categories>
      <yield>1</yield></head>
    <ingredients>
      <ing-div>
        <title>GROUP A</title>
        <ing>
          <amt>
            <qty>2 1/2</qty>
            <unit>tablespoons</unit></amt>
          <item>Butter/margarine</item></ing>
        <ing>
          <amt>
            <qty>1/4</qty>
            <unit>cups</unit></amt>
          <item>Granulated sugar **</item></ing>
        <ing>
          <amt>
            <qty>1/4</qty>
            <unit>cups</unit></amt>
          <item>Dark brown sugar; packed **</item></ing></ing-div>
      <ing-div>
        <title>GROUP B</title>
        <ing>
          <amt>
            <qty>1</qty>
            <unit>cup</unit></amt>
          <item>Mashed ripe banana</item></ing>
        <ing>
          <amt>
            <qty>2</qty>
            <unit>large</unit></amt>
          <item>Eggs</item></ing></ing-div>
      <ing-div>
        <title>GROUP C</title>
        <ing>
          <amt>
            <qty>1/2</qty>
            <unit>cups</unit></amt>
          <item>Chopped walnuts ***</item></ing></ing-div>
      <ing-div>
        <title>GROUP D</title>
        <ing>
          <amt>
            <qty>1 1/2</qty>
            <unit>cups</unit></amt>
          <item>Unbleached all-purpose flour</item></ing>
        <ing>
          <amt>
            <qty>1</qty>
            <unit>teaspoon</unit></amt>
          <item>Baking soda</item></ing>
        <ing>
          <amt>
            <qty>1</qty>
            <unit>teaspoon</unit></amt>
          <item>Salt</item></ing></ing-div>
      <ing-div>
        <title>GROUP E</title>
        <ing>
          <amt>
            <qty>1/2</qty>
            <unit>cups</unit></amt>
          <item>Milk</item></ing></ing-div></ingredients>
    <directions>
      <step>  1. Place ingredient Group A in Bakery Pan. Press SELECT for Quick Bread.
  Press BAKING CONTROL for Light. Press Start. Mix for 1 minute and 15
  seconds, scraping down sides of pan with spatula if necessary.
  
  2. Add ingredient Group B. Mix for 1 minute and 15 seconds, scraping down
  sides of pan if necessary.
  
  3. Add ingredient groups C, then D and then E. Scrape down sides of pan if
  necessary.
  
  4. After mixing, lower lid and tent a piece of aluminium foil, shiny side
  down, over glass dome. Loaf will be ready in 1-1/2 hours.
  
  ** Note: In order to substitute the granulated sugar and the brown sugar, I
  use the equivalency amount of Sweet 'n Low Regular and Sweet 'n Low Brown.
  The texture does not change the finished product.
  
  *** Note: In place of walnuts, I use slivered almonds. They are lower in
  fat than walnuts.
  
  I have also added dried cherries, blueberries, and craisens as well. This
  changes the flavor dramatically (and deliciously).
  
  Egg substitute can also be used without a problem.
  
  The next direction - EAT AND ENJOY!!!!
  Posted to JEWISH-FOOD digest by pikboca@webtv.net (Phyllis Kinsler) on Jun
  5, 1998
 
</step></directions></recipe></recipeml>
