<?xml version="1.0" encoding="UTF-8"?>

<recipeml version="0.5">
  <recipe>
    <head>
      <title>Banana Jumbos</title>
      <categories>
        <cat>Cookies</cat></categories>
      <yield>42</yield></head>
    <ingredients>
      <ing>
        <amt>
          <qty>1</qty>
          <unit>cup</unit></amt>
        <item>Soft shortening; (part butter)</item></ing>
      <ing>
        <amt>
          <qty>1</qty>
          <unit>cup</unit></amt>
        <item>Sugar</item></ing>
      <ing>
        <amt>
          <qty>2</qty>
          <unit/></amt>
        <item>Eggs</item></ing>
      <ing>
        <amt>
          <qty>1</qty>
          <unit>cup</unit></amt>
        <item>Mashed; ripe bananas, (about 2)</item></ing>
      <ing>
        <amt>
          <qty>1/2</qty>
          <unit>cups</unit></amt>
        <item>Buttermilk</item></ing>
      <ing>
        <amt>
          <qty>1</qty>
          <unit>teaspoon</unit></amt>
        <item>Vanilla</item></ing>
      <ing>
        <amt>
          <qty>3</qty>
          <unit>cups</unit></amt>
        <item>Flour</item></ing>
      <ing>
        <amt>
          <qty>1 1/2</qty>
          <unit>teaspoons</unit></amt>
        <item>Baking soda</item></ing>
      <ing>
        <amt>
          <qty>1/2</qty>
          <unit>teaspoons</unit></amt>
        <item>Salt</item></ing>
      <ing>
        <amt>
          <qty>1</qty>
          <unit>cup</unit></amt>
        <item>Chopped nuts</item></ing></ingredients>
    <directions>
      <step>  Mix well shortening, sugar and eggs. Stir in bananas, buttermilk and
  vanilla. Blend flour, baking soda and salt; stir into banana mixture. Blend
  in nuts. Chill 1 hour. Heat oven to 375 degrees. Drop rounded
  tablespoonfuls 2" apart onto lightly greased baking sheet. Bake about 10
  minutes.
  
  Makes about 3 1/2 doz. cookies.
  
  Recipe by: Unknown
  
  Posted to TNT - Prodigy's Recipe Exchange Newsletter  by BIZETTA@aol.com on
  Nov 5, 1997
 
</step></directions></recipe></recipeml>
