<?xml version="1.0" encoding="UTF-8"?>

<recipeml version="0.5">
  <recipe>
    <head>
      <title>Banana Gingerbread</title>
      <categories>
        <cat>Bread</cat></categories>
      <yield>8</yield></head>
    <ingredients>
      <ing>
        <amt>
          <qty>2</qty>
          <unit>cups</unit></amt>
        <item>Whole wheat regular or pastry flour</item></ing>
      <ing>
        <amt>
          <qty>1/4</qty>
          <unit>cups</unit></amt>
        <item>Toasted wheat germ</item></ing>
      <ing>
        <amt>
          <qty>1</qty>
          <unit>teaspoon</unit></amt>
        <item>Baking powder</item></ing>
      <ing>
        <amt>
          <qty>1</qty>
          <unit>teaspoon</unit></amt>
        <item>Baking soda</item></ing>
      <ing>
        <amt>
          <qty>1 1/2</qty>
          <unit>teaspoons</unit></amt>
        <item>Ground ginger</item></ing>
      <ing>
        <amt>
          <qty>1</qty>
          <unit>teaspoon</unit></amt>
        <item>Cinnamon</item></ing>
      <ing>
        <amt>
          <qty>1 1/2</qty>
          <unit>cups</unit></amt>
        <item>Mashed banana (about 3 large)</item></ing>
      <ing>
        <amt>
          <qty>1/4</qty>
          <unit>cups</unit></amt>
        <item>Molasses</item></ing></ingredients>
    <directions>
      <step>  Date: Sat, 1 Jun 1996 08:59:30 +0000
  
  From: "Asha Dornfest" &lt;asha@hopf.dnai.com&gt;
  Here's another winner from Sandra Woodruff's Secrets of Fatfree Baking.
  Moist, not rubbery, delicious.
  
  1. Combine dry ingredients and mix well till combined.  Add remaining
  ingredients, stir till dry igredients are just moistened.
  
  2. Coat an 8x4 loaf pan with non-stick cooking spray.  Spread mixture
  evenly in the pan, and bake at 325 F for 40-45 minutes, or just until a
  wooden toothpick inserted in the ceneter of the loaf comes clean.
  
  3. Let sit in pan for ten minutes, then cool completely on a wire rack.
  
  FATFREE DIGEST V96 #152
  
  From the Fatfree Vegetarian recipe list.  Downloaded from Glen's MM Recipe
  Archive, http://www.erols.com/hosey.
 
</step></directions></recipe></recipeml>
