<?xml version="1.0" encoding="UTF-8"?>

<recipeml version="0.5">
  <recipe>
    <head>
      <title>Banana Fruit Cake</title>
      <categories>
        <cat>Cakes</cat>
        <cat>Fruit</cat>
        <cat>Nuts</cat>
        <cat>Vegetarian</cat></categories>
      <yield>12</yield></head>
    <ingredients>
      <ing>
        <amt>
          <qty>3/4</qty>
          <unit>cups</unit></amt>
        <item>Butter</item></ing>
      <ing>
        <amt>
          <qty>2</qty>
          <unit>cups</unit></amt>
        <item>Brown sugar</item></ing>
      <ing>
        <amt>
          <qty>4</qty>
          <unit/></amt>
        <item>Eggs</item></ing>
      <ing>
        <amt>
          <qty>2 1/2</qty>
          <unit>cups</unit></amt>
        <item>All-purpose flour</item></ing>
      <ing>
        <amt>
          <qty>1</qty>
          <unit>cup</unit></amt>
        <item>Walnuts; chopped</item></ing>
      <ing>
        <amt>
          <qty>3</qty>
          <unit>cups</unit></amt>
        <item>Candied fruit</item></ing>
      <ing>
        <amt>
          <qty>2</qty>
          <unit>cups</unit></amt>
        <item>Dates; chopped</item></ing>
      <ing>
        <amt>
          <qty>1</qty>
          <unit>tablespoon</unit></amt>
        <item>Orange juice</item></ing>
      <ing>
        <amt>
          <qty>1</qty>
          <unit>teaspoon</unit></amt>
        <item>Orange rind; grated</item></ing>
      <ing>
        <amt>
          <qty>1/2</qty>
          <unit>teaspoons</unit></amt>
        <item>Orange extract</item></ing>
      <ing>
        <amt>
          <qty>1</qty>
          <unit>teaspoon</unit></amt>
        <item>Baking powder</item></ing>
      <ing>
        <amt>
          <qty>1</qty>
          <unit>teaspoon</unit></amt>
        <item>Baking soda</item></ing>
      <ing>
        <amt>
          <qty>1</qty>
          <unit>teaspoon</unit></amt>
        <item>Salt</item></ing>
      <ing>
        <amt>
          <qty>1/4</qty>
          <unit>teaspoons</unit></amt>
        <item>Ground nutmeg</item></ing>
      <ing>
        <amt>
          <qty>1/4</qty>
          <unit>teaspoons</unit></amt>
        <item>Ground cloves</item></ing>
      <ing>
        <amt>
          <qty>1</qty>
          <unit>teaspoon</unit></amt>
        <item>Ground cinnamon</item></ing>
      <ing>
        <amt>
          <qty>1 1/2</qty>
          <unit>cups</unit></amt>
        <item>Mashed bananas</item></ing></ingredients>
    <directions>
      <step>  Recipe by: Rose Murray, The Christmas Cookbook Great Canadian Prepare two 2
  Litre (9" x 5") loaf pans. Preheat oven to 300 F. In a large bowl combine
  the fruit, dates, pineapple and walnuts. Dredge them with 1/4 cup of the
  flour.  Sift the remaining flour together with the baking powder, baking
  soda, salt, cinnamon, nutmeg and cloves. Set aside. Cream the butter, add
  the sugar and beat until the mixture is light and fluffy. Beat in the eggs,
  one at a time. Beat in the orange rind, orange juice and orange extract.
  Mash the bananas with a fork.  (A food processor will tend to liquefy the
  bananas and this will change the texture of the cake.) Alternately stir the
  bananas and the flour mixture into the creamed mixture. Stir in the floured
  fruit and nuts. Turn into the prepared pans and bake for 2 hours and 15
  minutes, or until  a skewer inserted into the middle of each cake comes out
  clean. Cool in the pans for 20 minutes, then turn out onto racks. Yields
  about 5 pounds of cake.
  
  From Gemini's MASSIVE MealMaster collection at www.synapse.com/~gemini
 
</step></directions></recipe></recipeml>
