<?xml version="1.0" encoding="UTF-8"?>

<recipeml version="0.5">
  <recipe>
    <head>
      <title>Banana Gelatin</title>
      <categories>
        <cat>Dessert</cat></categories>
      <yield>4</yield></head>
    <ingredients>
      <ing>
        <amt>
          <qty>4</qty>
          <unit>cups</unit></amt>
        <item>Water</item></ing>
      <ing>
        <amt>
          <qty>1/2</qty>
          <unit>cups</unit></amt>
        <item>Sugar</item></ing>
      <ing>
        <amt>
          <qty>1/2</qty>
          <unit>cups</unit></amt>
        <item>Agar-agar</item></ing>
      <ing>
        <amt>
          <qty>1</qty>
          <unit>cup</unit></amt>
        <item>Evaporated milk</item></ing>
      <ing>
        <amt>
          <qty>1</qty>
          <unit>teaspoon</unit></amt>
        <item>Banana extract</item></ing>
      <ing>
        <amt>
          <qty>3</qty>
          <unit>drops</unit></amt>
        <item>Yellow food coloring; more or less</item></ing></ingredients>
    <directions>
      <step>  1. Bring water to a boil in a saucepan. Add sugar and agar-agar and cook,
  stirring, until the mixture begins to thicken.
  
  2. Stir in evaporated milk, banana extract and food coloring. Remove pan
  from heat.
  
  3. Pour mixture into a shallow rectangular pan. Let cool; then refrigerate
  until set. Cut in 1-inch squares.
  
  4. Serve in individual dessert dishes, either plain or with Chinese
  preserved fruits in syrup.
  
  From &lt;The Thousand Recipe Chinese Cookbook&gt;, ISBN 0-517-65870-4. Downloaded
  from Glen's MM Recipe Archive, http://www.erols.com/hosey.
 
</step></directions></recipe></recipeml>
