<?xml version="1.0" encoding="UTF-8"?>

<recipeml version="0.5">
  <recipe>
    <head>
      <title>Banana Nut Bread</title>
      <categories>
        <cat>Fruit</cat>
        <cat>Sweet bread</cat></categories>
      <yield>1</yield></head>
    <ingredients>
      <ing>
        <amt>
          <qty>2 1/2</qty>
          <unit>tablespoons</unit></amt>
        <item>Milk</item></ing>
      <ing>
        <amt>
          <qty>1</qty>
          <unit>teaspoon</unit></amt>
        <item>Vinegar</item></ing>
      <ing>
        <amt>
          <qty>1</qty>
          <unit>cup</unit></amt>
        <item>Sugar</item></ing>
      <ing>
        <amt>
          <qty>1</qty>
          <unit/></amt>
        <item>Stick unsalted butter; (1/2 cup)</item></ing>
      <ing>
        <amt>
          <qty>2</qty>
          <unit>large</unit></amt>
        <item>Eggs; beaten lightly</item></ing>
      <ing>
        <amt>
          <qty>1</qty>
          <unit>teaspoon</unit></amt>
        <item>Vanilla</item></ing>
      <ing>
        <amt>
          <qty>1</qty>
          <unit>teaspoon</unit></amt>
        <item>Baking soda</item></ing>
      <ing>
        <amt>
          <qty>1</qty>
          <unit>teaspoon</unit></amt>
        <item>Salt</item></ing>
      <ing>
        <amt>
          <qty>1</qty>
          <unit>teaspoon</unit></amt>
        <item>Dbl acting baking powder</item></ing>
      <ing>
        <amt>
          <qty>2</qty>
          <unit>cups</unit></amt>
        <item>All purpose flour</item></ing>
      <ing>
        <amt>
          <qty>1/3</qty>
          <unit>cups</unit></amt>
        <item>Chopped walnuts</item></ing>
      <ing>
        <amt>
          <qty>2</qty>
          <unit/></amt>
        <item>Ripe bananas; mashed</item></ing>
      <ing>
        <amt>
          <qty>1/2</qty>
          <unit>cups</unit></amt>
        <item>Confectioners' sugar</item></ing>
      <ing>
        <amt>
          <qty>1/2</qty>
          <unit/></amt>
        <item>Stick unsalted butter; (1/4 cup)</item></ing>
      <ing>
        <amt>
          <qty>1</qty>
          <unit>teaspoon</unit></amt>
        <item>Vanilla</item></ing>
      <ing>
        <amt>
          <qty>2</qty>
          <unit>tablespoons</unit></amt>
        <item>Milk</item></ing>
      <ing>
        <amt>
          <qty>1/2</qty>
          <unit>teaspoons</unit></amt>
        <item>Salt</item></ing></ingredients>
    <directions>
      <step>  make the bread: Preheat the oven to 350 degrees. In a small bowl combine
  the milk and the vinegar and let the mixture stand for 15 mins. In the bowl
  of an electric mixer cream together the sugar and the butter until the
  mixture is light and fluffy and beat in the eggs and the vanilla, beating
  until the mixture is smooth. Stir together the milk mixture, baking soda,
  salt and baking powder, beat the mixture into the butter mixture in
  batches, alternately with the flour, beginning and ending with the flour,
  and beat the batter until it is smooth. Fold in the walnuts and the
  bananas, pour the batter into a greased loaf pan, 9x5x3", and bake the
  bread in the middle of the oven for 1 hour, or until a tester comes out
  clean. Let the bread cool in the pan on a rack for 15 mins. and turn it out
  onto a plate.
  
  make the glaze: In a food processor blend the confectioners' sugar, butter,
  vanilla, milk and salt until the glaze is smooth and creamy. Drizzle the
  bread with the glaze and let it stand for 10 mins. before serving.
  
  Recipe by: Gourmet Posted to KitMailbox Digest by sadrod &lt;pax@pacbell.net&gt;
  on Aug 03, 1997
 
</step></directions></recipe></recipeml>
