<?xml version="1.0" encoding="UTF-8"?>

<recipeml version="0.5">
  <recipe>
    <head>
      <title>Banana Graham Dessert</title>
      <categories>
        <cat>Diabetic</cat></categories>
      <yield>6</yield></head>
    <ingredients>
      <ing>
        <amt>
          <qty>1</qty>
          <unit>small</unit></amt>
        <item>Instant sugar-free vanilla pudding mix</item></ing>
      <ing>
        <amt>
          <qty>2 3/4</qty>
          <unit>cups</unit></amt>
        <item>Cold skim milk</item></ing>
      <ing>
        <amt>
          <qty>8</qty>
          <unit>ounces</unit></amt>
        <item>Nonfat sour cream</item></ing>
      <ing>
        <amt>
          <qty>12</qty>
          <unit/></amt>
        <item>Reduced-fat graham crackers</item></ing>
      <ing>
        <amt>
          <qty>2</qty>
          <unit>large</unit></amt>
        <item>Firm bananas; sliced</item></ing></ingredients>
    <directions>
      <step>  In a mixing bowl, beat pudding mix and milk on low speed for 2 minutes.
  Fold in sour cream. Let stand for 5 minutes. In a 3-qt. bowl, layer a third
  of the gra ham crackers, bananas and pudding mix ture. Repeat layers twice.
  Refrigerate.
  
  Diabetic Exchanges: One 1/2-cup serving equals 1-1/2 starch; also, 114
  calories, 141 mg sodium, 4 mg cholesterol, 22 gm carbohydrate, 5 gm
  Protein, 1 gm fat.
  
  Recipe by: Taste of Home Magazine  April/may '97
  
  Posted to MC-Recipe Digest V1 #937 by "abprice@wf.net" &lt;abprice@wf.net&gt; on
  Nov 30, 1997
 
</step></directions></recipe></recipeml>
