<?xml version="1.0" encoding="UTF-8"?>

<recipeml version="0.5">
  <recipe>
    <head>
      <title>Banana Nut Bread</title>
      <categories>
        <cat>Breads/bana</cat>
        <cat>Family</cat>
        <cat>Bananas</cat></categories>
      <yield>12</yield></head>
    <ingredients>
      <ing>
        <amt>
          <qty>2</qty>
          <unit>cups</unit></amt>
        <item>Sugar</item></ing>
      <ing>
        <amt>
          <qty>1</qty>
          <unit>cup</unit></amt>
        <item>Oil</item></ing>
      <ing>
        <amt>
          <qty>3</qty>
          <unit>cups</unit></amt>
        <item>Flour</item></ing>
      <ing>
        <amt>
          <qty>1</qty>
          <unit>teaspoon</unit></amt>
        <item>Salt</item></ing>
      <ing>
        <amt>
          <qty>2</qty>
          <unit>teaspoons</unit></amt>
        <item>Baking soda</item></ing>
      <ing>
        <amt>
          <qty>5</qty>
          <unit>medium</unit></amt>
        <item>Bananas; mashed</item></ing>
      <ing>
        <amt>
          <qty>4</qty>
          <unit/></amt>
        <item>Eggs</item></ing>
      <ing>
        <amt>
          <qty>1</qty>
          <unit>cup</unit></amt>
        <item>Nuts; chopped</item></ing>
      <ing>
        <amt>
          <qty>1</qty>
          <unit>teaspoon</unit></amt>
        <item>Vanilla</item></ing></ingredients>
    <directions>
      <step>  Preheat oven to 350 degrees. Makes 3 regular loaves. Cream sugar and oil.
  Add bananas and eggs. Add dry ingredients. Mix thoroughly and pour into
  three greased loaf pans. Bake about 45 minutes.
  
  It will make 8 mini loaf pans. Bake for 30 minutes.
  
  Convection Bake - 325 degrees - 30 minutes.
  
  Recipe by: Liz Custer
  
  Posted to MC-Recipe Digest by " The Custers" &lt;custer@dconn.com&gt; on Feb 18,
  1998
 
</step></directions></recipe></recipeml>
