<?xml version="1.0" encoding="UTF-8"?>

<recipeml version="0.5">
  <recipe>
    <head>
      <title>Banana Muffins</title>
      <categories>
        <cat>Breads</cat></categories>
      <yield>6</yield></head>
    <ingredients>
      <ing>
        <amt>
          <qty>2</qty>
          <unit>cups</unit></amt>
        <item>Sifted flour</item></ing>
      <ing>
        <amt>
          <qty>2</qty>
          <unit>teaspoons</unit></amt>
        <item>Backing soda</item></ing>
      <ing>
        <amt>
          <qty>1/8</qty>
          <unit>teaspoons</unit></amt>
        <item>Salt</item></ing>
      <ing>
        <amt>
          <qty>1 3/4</qty>
          <unit>tablespoons</unit></amt>
        <item>Sugar</item></ing>
      <ing>
        <amt>
          <qty>1</qty>
          <unit/></amt>
        <item>Beaten egg</item></ing>
      <ing>
        <amt>
          <qty>1</qty>
          <unit>cup</unit></amt>
        <item>Milk</item></ing>
      <ing>
        <amt>
          <qty>3</qty>
          <unit>tablespoons</unit></amt>
        <item>Oil</item></ing>
      <ing>
        <amt>
          <qty>3/4</qty>
          <unit>cups</unit></amt>
        <item>Mashed bananas.</item></ing></ingredients>
    <directions>
      <step>  In a bowl combine flour,baking powder,soda,salt and sugar.In another bowl
  combine egg,milkand oil.Add egg mixture to flour mixture.Blend in
  bananas.Grease 2 muffin tins liberally.Pour in batter to fill 2/3 of each
  cup.Bake at 375 c for 35 minutes.Use a toothpick to test for
  doneness.Remove tins to rack.Let stand for 5 min.With a greased knife cut
  around each cup.Invert tap to remove muffins. Serve immediatly with
  softened butter. ****Serves 6 *****
  Posted to recipelu-digest Volume 01 Number 623 by GramWag &lt;GramWag@aol.com&gt;
  on Jan 28, 1998
 
</step></directions></recipe></recipeml>
