<?xml version="1.0" encoding="UTF-8"?>

<recipeml version="0.5">
  <recipe>
    <head>
      <title>Angus Tenderloin with Sauteed Mushrooms and Texas Caviar</title>
      <categories>
        <cat>Meats</cat></categories>
      <yield>8</yield></head>
    <ingredients>
      <ing>
        <amt>
          <qty>2</qty>
          <unit>pounds</unit></amt>
        <item>Angus beef tenderloin roast</item></ing>
      <ing>
        <amt>
          <qty/>
          <unit/></amt>
        <item>Seasoned salt to taste</item></ing>
      <ing>
        <amt>
          <qty/>
          <unit/></amt>
        <item>Pepper to taste</item></ing>
      <ing>
        <amt>
          <qty/>
          <unit/></amt>
        <item>Sauteed mushrooms (follows)</item></ing>
      <ing>
        <amt>
          <qty/>
          <unit/></amt>
        <item>Texas Caviar (follows)</item></ing>
      <ing>
        <amt>
          <qty/>
          <unit/></amt>
        <item>SAUTEED MUSHROOMS</item></ing>
      <ing>
        <amt>
          <qty>1</qty>
          <unit>tablespoon</unit></amt>
        <item>Butter</item></ing>
      <ing>
        <amt>
          <qty>4</qty>
          <unit>cups</unit></amt>
        <item>Mushrooms, whole</item></ing>
      <ing>
        <amt>
          <qty>1/2</qty>
          <unit>cups</unit></amt>
        <item>Onion, chopped</item></ing>
      <ing>
        <amt>
          <qty>1</qty>
          <unit>teaspoon</unit></amt>
        <item>Garlic salt</item></ing>
      <ing>
        <amt>
          <qty>1/4</qty>
          <unit>cups</unit></amt>
        <item>Chicken broth</item></ing>
      <ing>
        <amt>
          <qty>1/2</qty>
          <unit>cups</unit></amt>
        <item>Beef broth</item></ing>
      <ing>
        <amt>
          <qty>1</qty>
          <unit>cup</unit></amt>
        <item>Chablis wine</item></ing>
      <ing>
        <amt>
          <qty/>
          <unit/></amt>
        <item>TEXAS CAVIAR</item></ing>
      <ing>
        <amt>
          <qty>1</qty>
          <unit>can</unit></amt>
        <item>(15-oz)black-eyed peas</item></ing>
      <ing>
        <amt>
          <qty>1</qty>
          <unit>medium</unit></amt>
        <item>Tomato, chopped</item></ing>
      <ing>
        <amt>
          <qty>4</qty>
          <unit/></amt>
        <item>Green onions, chopped</item></ing>
      <ing>
        <amt>
          <qty>1</qty>
          <unit>teaspoon</unit></amt>
        <item>Garlic, minced</item></ing>
      <ing>
        <amt>
          <qty>1/2</qty>
          <unit/></amt>
        <item>Green bell pepper, finely</item></ing>
      <ing>
        <amt>
          <qty/>
          <unit/></amt>
        <item>Chopped</item></ing>
      <ing>
        <amt>
          <qty>1/4</qty>
          <unit>cups</unit></amt>
        <item>Cilantro, chopped</item></ing>
      <ing>
        <amt>
          <qty>1/2</qty>
          <unit>cups</unit></amt>
        <item>Mild picante sauce</item></ing>
      <ing>
        <amt>
          <qty/>
          <unit/></amt>
        <item>Salt to taste</item></ing>
      <ing>
        <amt>
          <qty/>
          <unit/></amt>
        <item>Pepper to taste</item></ing></ingredients>
    <directions>
      <step>  Rub outside of tenderloin with seasoned salt and pepper. Roast in a
  preheated 225-degree oven 45 minutes. Slice beef at an angle into 1/2inch
  slices. Serve each portion with 3 ounces sliced beef, 1/2 cup each
  mushrooms and Texas Caviar.
  
  SAUTEED MUSHROOMS: Heat butter in skillet until melted; add mushrooms and
  onions and cook until onions are tender. Add garlic salt, broths and wine.
  Simmer 15 minutes.
  
  TEXAS CAVIAR: Combine peas, tomato, green onions, garlic, bell pepper,
  cilantro, picante sauce, salt and pepper in bowl. Mix well, cover and chill
       24    hours before serving.
  
  File ftp://ftp.idiscover.co.uk/pub/food/mealmaster/recipes/mmdjaxxx.zip
 
</step></directions></recipe></recipeml>
