<?xml version="1.0" encoding="UTF-8"?>

<recipeml version="0.5">
  <recipe>
    <head>
      <title>Animal Crackers</title>
      <categories>
        <cat>Cookie</cat></categories>
      <yield>24</yield></head>
    <ingredients>
      <ing>
        <amt>
          <qty>1/2</qty>
          <unit>cups</unit></amt>
        <item>Oatmeal</item></ing>
      <ing>
        <amt>
          <qty>2</qty>
          <unit>teaspoons</unit></amt>
        <item>Honey (up to)</item></ing>
      <ing>
        <amt>
          <qty>1/8</qty>
          <unit>teaspoons</unit></amt>
        <item>Salt</item></ing>
      <ing>
        <amt>
          <qty>3/4</qty>
          <unit>cups</unit></amt>
        <item>Flour</item></ing>
      <ing>
        <amt>
          <qty>1/4</qty>
          <unit>teaspoons</unit></amt>
        <item>Soda</item></ing>
      <ing>
        <amt>
          <qty>1/4</qty>
          <unit>cups</unit></amt>
        <item>Butter (soften first)</item></ing>
      <ing>
        <amt>
          <qty>4</qty>
          <unit>tablespoons</unit></amt>
        <item>Buttermilk</item></ing></ingredients>
    <directions>
      <step>  From: mikelav@microsoft.com (Mike Laverty)
  
  Date: 19 Oct 1994 06:09:48 -0400
  
  Do not grease cookie sheet. Grind 1/2 cup oatmeal in blender a until fine.
  Add honey, salt, flour and soda. Cut in butter. Add buttermilk. Roll very
  thin, cut with animal cookie cutters. Bake at 400 degrees until brown (10
  to 12 minutes). Bake leftover pieces too.
  
  REC.FOOD.RECIPES ARCHIVES
  
  /COOKIES
  
  From rec.food.cooking archives.  Downloaded from Glen's MM Recipe Archive,
  http://www.erols.com/hosey.
 
</step></directions></recipe></recipeml>
