<?xml version="1.0" encoding="UTF-8"?>

<recipeml version="0.5">
  <recipe>
    <head>
      <title>Animal Pull Toys</title>
      <categories>
        <cat>Cookies</cat></categories>
      <yield>1</yield></head>
    <ingredients>
      <ing>
        <amt>
          <qty/>
          <unit/></amt>
        <item>Fast &amp; Fancy Cookie Recipe</item></ing></ingredients>
    <directions>
      <step>  Add 1 Tbls. ground ginger &amp; 1 tsp. ground cinnamon. cut out &amp; bake 2
  animals for each toy ( one reversed). "Glue" together with confectioners'
  icing. Decorate with colored icing &amp; candy; mount on 4 * 2" gingerbread
  platforms, adding round candies for wheels. Use red licorice shoestrings
  for pulls. Submitted By THESERVS@GATE.NET (THOMAS E. HAUG) On THU, 09 NOV
  1995 172248 -0500
  
  From Gemini's MASSIVE MealMaster collection at www.synapse.com/~gemini
 
</step></directions></recipe></recipeml>
