<?xml version="1.0" encoding="UTF-8"?>

<recipeml version="0.5">
  <recipe>
    <head>
      <title>Anise Cookies #2</title>
      <categories>
        <cat>Cookies</cat>
        <cat>Dessert</cat>
        <cat>Italian</cat></categories>
      <yield>3</yield></head>
    <ingredients>
      <ing>
        <amt>
          <qty>2</qty>
          <unit>cups</unit></amt>
        <item>Flour</item></ing>
      <ing>
        <amt>
          <qty>2</qty>
          <unit>teaspoons</unit></amt>
        <item>Ground anise seed (or 1 ts anise extract)</item></ing>
      <ing>
        <amt>
          <qty>1/2</qty>
          <unit>teaspoons</unit></amt>
        <item>Baking powder</item></ing>
      <ing>
        <amt>
          <qty>1/8</qty>
          <unit>teaspoons</unit></amt>
        <item>Salt</item></ing>
      <ing>
        <amt>
          <qty>1</qty>
          <unit>large</unit></amt>
        <item>Lemon</item></ing>
      <ing>
        <amt>
          <qty>2/3</qty>
          <unit>cups</unit></amt>
        <item>Sugar</item></ing>
      <ing>
        <amt>
          <qty>1/2</qty>
          <unit>cups</unit></amt>
        <item>Vegetable shortening</item></ing>
      <ing>
        <amt>
          <qty>5 3/16</qty>
          <unit>tablespoons</unit></amt>
        <item>Unsalted butter</item></ing>
      <ing>
        <amt>
          <qty>1</qty>
          <unit/></amt>
        <item>Egg yolk</item></ing>
      <ing>
        <amt>
          <qty>1</qty>
          <unit>teaspoon</unit></amt>
        <item>Vanilla extract</item></ing>
      <ing>
        <amt>
          <qty>1</qty>
          <unit>tablespoon</unit></amt>
        <item>Sugar (for decoration)</item></ing>
      <ing>
        <amt>
          <qty>1</qty>
          <unit>teaspoon</unit></amt>
        <item>Ground cinnamon (for decor.)</item></ing></ingredients>
    <directions>
      <step>  Thoroughly stir together flour, anise, baking powder, and slat and set
  aside.  Using a small sharp knife peel a thin layer of zest (without white
  membrane) from the entire lemon.  Combine lemon zest and sugar in a food
  processor fitted with a steel blade.  Process until zest is very finely
  minced.  Add shortening and butter to the processor and process for one
  minute.  Add egg yolk and vanilla and process 20 seconds longer. Add dry
  ingredients and continue processing just until they are blended. Divide
  dough in half and place each portion between large sheets of waxed paper
  and roll out to 1/8 inch thick. Check the underside of the dough to check
  for any creases.  Slide dough onto a large tray or baking sheet and
  refrigerate for 15 minutes, or until the dough is chilled and slightly
  firm. Preheat oven to 375 degrees F. Lightly grease several baking sheets.
  Work one half of the dough at at time. Turn the dough over and peel the
  sheet of wax paper off of the dough and replace the paper loosely. Then
  turn the dough right side up.  Peel off and discard the top sheet of paper.
  Using assorted 2 1/4 to 3" cookie cutters cut out cookies. Place in the
  oven and bake for 8-10 minutes or until just brown ant the edges. Remove
  from the oven and let stand for 3 minutes. Transfer to wire racks and let
  stand until cooled completely. Sprinkle cookies with the decoration
  mixture.
  Posted to MM-Recipes Digest V3 #281
  
  Date: Sun, 13 Oct 1996 23:28:22 -0400
  
  From: Walt Gray &lt;waltgray@mnsinc.com&gt;
 
</step></directions></recipe></recipeml>
