<?xml version="1.0" encoding="UTF-8"?>

<recipeml version="0.5">
  <recipe>
    <head>
      <title>Anise Pork Roast</title>
      <categories>
        <cat>Entreé</cat>
        <cat>Pork &amp; ham</cat>
        <cat>To post</cat></categories>
      <yield>1</yield></head>
    <ingredients>
      <ing>
        <amt>
          <qty>1</qty>
          <unit/></amt>
        <item>Pork Roast; 3 to 5 lbs.</item></ing>
      <ing>
        <amt>
          <qty/>
          <unit/></amt>
        <item>Salt And Pepper</item></ing>
      <ing>
        <amt>
          <qty>3</qty>
          <unit>tablespoons</unit></amt>
        <item>Minced Parsley</item></ing>
      <ing>
        <amt>
          <qty>2</qty>
          <unit/></amt>
        <item>Cloves Garlic; minced</item></ing>
      <ing>
        <amt>
          <qty/>
          <unit/></amt>
        <item>Flour</item></ing>
      <ing>
        <amt>
          <qty>1</qty>
          <unit>cup</unit></amt>
        <item>Chicken Stock</item></ing>
      <ing>
        <amt>
          <qty>1</qty>
          <unit>tablespoon</unit></amt>
        <item>Anise Seed</item></ing>
      <ing>
        <amt>
          <qty>1/2</qty>
          <unit>cups</unit></amt>
        <item>White Wine</item></ing></ingredients>
    <directions>
      <step>  Season the roast with salt and pepper, and cut 5 or more deep gashes in it.
  Fill these with a combination of parsley and minced garlic. Rub well with
  flour and put into a 350° oven for 30 minutes. During that time, make a
  baste of the stock, wine, and anise seed. Simmer it all for 15 minutes. At
  the end of the 30 minutes in the oven, reduce the heat of the oven to 325°,
  and cook for 40 minutes to the pound, basting every 15 or 20 minutes. If
  roast begins to become dry in the last hour of cooking, it may be covered
  with foil.
  
  Source: "Mountain Measures" -- Junior League of Charleston, WV ed. 1974
  
  billspa@icanect.net
  
  Recipe by: Mrs. E. Charles Brod Posted to MC-Recipe Digest V1 #697 by Bill
  Spalding &lt;billspa@icanect.net&gt; on Jul 30, 1997
 
</step></directions></recipe></recipeml>
