<?xml version="1.0" encoding="UTF-8"?>

<recipeml version="0.5">
  <recipe>
    <head>
      <title>Anise Cookies " Anesplatzchen"</title>
      <categories>
        <cat>Cookies</cat>
        <cat>Ethnic</cat></categories>
      <yield>5</yield></head>
    <ingredients>
      <ing>
        <amt>
          <qty>3</qty>
          <unit/></amt>
        <item>Eggs, room temperature</item></ing>
      <ing>
        <amt>
          <qty>1</qty>
          <unit>cup</unit></amt>
        <item>Plus 2 Tbs. sugar</item></ing>
      <ing>
        <amt>
          <qty>1 3/4</qty>
          <unit>cups</unit></amt>
        <item>Flour</item></ing>
      <ing>
        <amt>
          <qty>1/2</qty>
          <unit>teaspoons</unit></amt>
        <item>Baking powder</item></ing>
      <ing>
        <amt>
          <qty>1/2</qty>
          <unit>teaspoons</unit></amt>
        <item>Salt</item></ing>
      <ing>
        <amt>
          <qty>1 1/2</qty>
          <unit>teaspoons</unit></amt>
        <item>Anise extract</item></ing></ingredients>
    <directions>
      <step>  Beat eggs until fluffy in mixer bowl at medium speed. gradually beat in
  sugar. Continue beating 20 minutes more ( a must ). At low speed blend in
  flour, baking powder and salt. Add anise extract and beat only to blend.
  Drop by teaspoonful on greased and floured baking sheets about 1/2 inch
  apart. Swirl each to make a circular form. You can bake these two ways.
  Either let stand on baking sheets for 8 hours at room temperature ( to dry
  out ) or bake immediately. Either way bake at 325 degrees about 10 minutes
  or until firm looking or set. cool on rack and store airtight. If made the
  first way to dry out these are a coffee dunker cookie or if baked
  immediately they are much softer and delicate.Either way they are
  delicious. I bake mine the second way.
  
  From Gemini's MASSIVE MealMaster collection at www.synapse.com/~gemini
 
</step></directions></recipe></recipeml>
