<?xml version="1.0" encoding="UTF-8"?>

<recipeml version="0.5">
  <recipe>
    <head>
      <title>Anise Molasses Brisket Braised in a Wok</title>
      <categories>
        <cat>Chinese</cat>
        <cat>Beef</cat>
        <cat>Ceideburg 2</cat></categories>
      <yield>4</yield></head>
    <ingredients>
      <ing>
        <amt>
          <qty>1</qty>
          <unit>small</unit></amt>
        <item>Eggplant</item></ing>
      <ing>
        <amt>
          <qty>2</qty>
          <unit>pounds</unit></amt>
        <item>Beef brisket, trimmed of excess fat</item></ing>
      <ing>
        <amt>
          <qty>2</qty>
          <unit>tablespoons</unit></amt>
        <item>Peanut oil</item></ing>
      <ing>
        <amt>
          <qty>1</qty>
          <unit/></amt>
        <item>Onion, finely chopped</item></ing>
      <ing>
        <amt>
          <qty>1</qty>
          <unit>tablespoon</unit></amt>
        <item>Minced fresh ginger</item></ing>
      <ing>
        <amt>
          <qty>1</qty>
          <unit>tablespoon</unit></amt>
        <item>Minced garlic</item></ing>
      <ing>
        <amt>
          <qty>1/2</qty>
          <unit>teaspoons</unit></amt>
        <item>Crushed red pepper</item></ing>
      <ing>
        <amt>
          <qty>6</qty>
          <unit/></amt>
        <item>Star anise</item></ing>
      <ing>
        <amt>
          <qty>3</qty>
          <unit>tablespoons</unit></amt>
        <item>Soy sauce</item></ing>
      <ing>
        <amt>
          <qty>1/4</qty>
          <unit>cups</unit></amt>
        <item>Dry sherry</item></ing>
      <ing>
        <amt>
          <qty>2</qty>
          <unit>cups</unit></amt>
        <item>Beef broth</item></ing>
      <ing>
        <amt>
          <qty>3</qty>
          <unit>tablespoons</unit></amt>
        <item>Dark molasses</item></ing>
      <ing>
        <amt>
          <qty/>
          <unit/></amt>
        <item>Salt and pepper, to taste</item></ing>
      <ing>
        <amt>
          <qty>8</qty>
          <unit/></amt>
        <item>Dried black fungus (tree ears)</item></ing>
      <ing>
        <amt>
          <qty>1</qty>
          <unit/></amt>
        <item>Tomato, finely chopped</item></ing>
      <ing>
        <amt>
          <qty>4</qty>
          <unit/></amt>
        <item>Scallions, sliced</item></ing>
      <ing>
        <amt>
          <qty>1</qty>
          <unit>teaspoon</unit></amt>
        <item>Asian sesame oil</item></ing></ingredients>
    <directions>
      <step>  Here, beef brisket takes on an Asian flare.  Slices of meat are
  braised in an aromatic stock seasoned with star anise, soy sauce,
  ginger, garlic, red pepper and dark molasses.  As a final step,
  pureed eggplant is stirred in, for flavor and thickening.
  
  Pierce the eggplant several times with the tines of a fork.  Place in
  a preheated 400F oven and roast for 3 minutes, or until shriveled and
  soft. Set aside.  Slice the brisket against the grain into 1/4-inch
  thick slices.
  
  Heat the oil in a large wok or large deep skillet.  When it begins to
  smoke, add half of the beef and cook, stirring, until browned.
  Remove and set aside.
  
  Add remaining beef, and cook, stirring until browned.  Remove and set
  aside.  Add the onion, ginger, garlic, crushed pepper, star anise and
  soy sauce to wok and stir-fry for 10 seconds.
  
  Return beef to wok, along with the sherry, broth and molasses.  Stir
  to blend and season with salt and pepper.  Cover and simmer over low
  beat for 50 minutes to 1 hour, until the beef is tender.
  
  While beef is cooking, soak fungus in hot water to cover.  When
  swelled and softened, drain and rinse well; set aside.
  
  Cut the stem end from the cooked eggplant.  Split in half lengthwise
  and scoop the flesh into a food processor or blender.  Puree.
  
  Add eggplant, drained fungus and tomatoes to beef and cook for 5
  minutes longer.  Stir in scallions and drizzle with sesame oil. Serve
  with rice, if desired.
  
  Serves 4.
  
  PER SERVING:  445 calories, 38 g protein, 27 g carbohydrate, 19 g fat
  (5 g saturated), 93 mg cholesterol, 916 mg sodium, 6 g fiber.
  
  From an article Andrew Schloss in the San Francisco Chronicle,
  11/18/92.
  
  Posted by Stephen Ceideberg; February 23 1993.
  
  File ftp://ftp.idiscover.co.uk/pub/food/mealmaster/recipes/cberg2.zip
 
</step></directions></recipe></recipeml>
