<?xml version="1.0" encoding="UTF-8"?>

<recipeml version="0.5">
  <recipe>
    <head>
      <title>Anise Biscotti #3</title>
      <categories>
        <cat>Cookie</cat></categories>
      <yield>48</yield></head>
    <ingredients>
      <ing>
        <amt>
          <qty>2</qty>
          <unit>cups</unit></amt>
        <item>All-purpose flour</item></ing>
      <ing>
        <amt>
          <qty>1</qty>
          <unit>cup</unit></amt>
        <item>Sugar</item></ing>
      <ing>
        <amt>
          <qty>1</qty>
          <unit>tablespoon</unit></amt>
        <item>Anise seed; crushed</item></ing>
      <ing>
        <amt>
          <qty>1</qty>
          <unit>teaspoon</unit></amt>
        <item>Baking powder</item></ing>
      <ing>
        <amt>
          <qty>1/2</qty>
          <unit>teaspoons</unit></amt>
        <item>Baking soda</item></ing>
      <ing>
        <amt>
          <qty>1/4</qty>
          <unit>teaspoons</unit></amt>
        <item>Salt</item></ing>
      <ing>
        <amt>
          <qty>3</qty>
          <unit/></amt>
        <item>Whole egg equivalent -or-</item></ing>
      <ing>
        <amt>
          <qty>6</qty>
          <unit/></amt>
        <item>Egg whites</item></ing>
      <ing>
        <amt>
          <qty>2</qty>
          <unit>tablespoons</unit></amt>
        <item>Lemon zest; grated -or-</item></ing>
      <ing>
        <amt>
          <qty>1</qty>
          <unit>tablespoon</unit></amt>
        <item>Dry lemon zest</item></ing>
      <ing>
        <amt>
          <qty>1</qty>
          <unit>tablespoon</unit></amt>
        <item>Lemon juice</item></ing></ingredients>
    <directions>
      <step>  Date: Mon, 25 Mar 96 13:05:40 EST
  
  submitted by: ldgoss@metronet.com
  
  Recipe By: FF MailList: Eating Well (Christina Hulbe)
  Preheat oven to 325 degrees F. Coat baking sheet with non-stick spray or
  parchment. In a medium bowl, combine flour, sugar, anise seeds, baking
  powder, baking soda, and salt. Whisk together egg equivalents, lemon zest,
  and lemon juice, and add to the dry ingredients. Mix well.
  
  Working on a floured surface, shape dough into two logs, each about 14
  inches long and 1-1/2 inches thick. Set the logs on prepared baking sheet,
  at least 4 inches apart (the dough will spread during baking). Bake for 20
  to 25 minutes, until firm to the touch. Transfer the logs to the rack to
  cool. Reduce oven temperature to 300 degrees F.
  
  Cut the logs diagonally into 1/2-inch-thick slices, using a serrated knife
  and a gentle sawing motion. Stand the slices on their sides on the baking
  sheet and return to the oven. Bake for 40 minutes. Remove from oven and
  cool completely before storing. Biscotti will crisp as they cool. Store, in
  an air-tight container, up to one month. Makes about 4 dozen biscotti.
  
  DAVE &lt;DAVIDG@CLAM.RUTGERS.EDU&gt;
  
  RECIPEINTERNET LIST SERVER
  
  RECIPE ARCHIVE - 26 MARCH 1996
  
  From the 'RECIPEinternet: Recipes from Around the World' recipe list.
  Downloaded from Glen's MM Recipe Archive, http://www.erols.com/hosey.
 
</step></directions></recipe></recipeml>
