<?xml version="1.0" encoding="UTF-8"?>

<recipeml version="0.5">
  <recipe>
    <head>
      <title>Anise-Scented Fig and Date Swirls</title>
      <categories>
        <cat>Cooking liv</cat>
        <cat>Import</cat></categories>
      <yield>1</yield></head>
    <ingredients>
      <ing>
        <amt>
          <qty>1</qty>
          <unit>cup</unit></amt>
        <item>Firmly packed dried figs (as soft as possible)</item></ing>
      <ing>
        <amt>
          <qty>1</qty>
          <unit>cup</unit></amt>
        <item>Firmly packed pitted dates</item></ing>
      <ing>
        <amt>
          <qty>1/3</qty>
          <unit>cups</unit></amt>
        <item>Water</item></ing>
      <ing>
        <amt>
          <qty>1/2</qty>
          <unit>cups</unit></amt>
        <item>Plus 2 tablespoons granulated refined sugar</item></ing>
      <ing>
        <amt>
          <qty>1 3/4</qty>
          <unit>cups</unit></amt>
        <item>All-purpose flour</item></ing>
      <ing>
        <amt>
          <qty>1</qty>
          <unit>tablespoon</unit></amt>
        <item>Ground anise seeds</item></ing>
      <ing>
        <amt>
          <qty>1/4</qty>
          <unit>teaspoons</unit></amt>
        <item>Baking powder</item></ing>
      <ing>
        <amt>
          <qty>1/4</qty>
          <unit>teaspoons</unit></amt>
        <item>Baking soda</item></ing>
      <ing>
        <amt>
          <qty>1/4</qty>
          <unit>teaspoons</unit></amt>
        <item>Salt</item></ing>
      <ing>
        <amt>
          <qty>1</qty>
          <unit/></amt>
        <item>Stick unsalted butter; softened</item></ing>
      <ing>
        <amt>
          <qty>4</qty>
          <unit>ounces</unit></amt>
        <item>Cream cheese</item></ing>
      <ing>
        <amt>
          <qty>1</qty>
          <unit>teaspoon</unit></amt>
        <item>Vanilla</item></ing>
      <ing>
        <amt>
          <qty>1</qty>
          <unit>large</unit></amt>
        <item>Egg yolk</item></ing>
      <ing>
        <amt>
          <qty>1/4</qty>
          <unit>cups</unit></amt>
        <item>Granulated raw sugar (turbinado or demerara)</item></ing></ingredients>
    <directions>
      <step>  In a blender puree figs and dates with water and 2 tablespoons refined
  sugar. In a bowl whisk together flour, anise, baking powder, baking soda,
  and salt. In another bowl with an electric mixer beat together butter,
  cream cheese, and remaining 1/2 cup refined sugar until light and fluffy.
  Add vanilla, yolk, and flour mixture and beat until a dough forms. Form
  dough into a disk. Chill dough, wrapped in waxed paper, 1 hour, or until
  firm enough to handle.
  
  On a lightly floured sheet of waxed paper with a floured rolling pin roll
  out dough into a 13 by 10-inch rectangle, about 1/3 inch thick. Drop fig
  mixture by spoonfuls onto dough and gently spread an even layer over dough.
  Starting with a long side, roll dough jelly-roll fashion into a 13-inch
  log, using waxed paper as a guide. Roll log in raw sugar to coat. Chill
  log, wrapped in wax paper, 4 hours, or until firm.
  
  Preheat oven to 350 degrees and lightly butter 2 baking sheets. Cut log
  into 1/3-inch thick rounds and arrange about 2 inches apart on a baking
  sheets. Bake cookies in batches in middle of oven until pale golden, about
  13 minutes, and transfer to racks to cool.
  
  Yield: 36 cookies
  
  Recipe by: Cooking Live Show #CL8971
  
  Posted to MC-Recipe Digest V1 #810 by "Angele and Jon Freeman"
  &lt;jfreeman@netusa1.net&gt; on Sep 26, 1997
 
</step></directions></recipe></recipeml>
