<?xml version="1.0" encoding="UTF-8"?>

<recipeml version="0.5">
  <recipe>
    <head>
      <title>Anisrollen (Anise Rolls)</title>
      <categories>
        <cat>Cookie</cat></categories>
      <yield>200</yield></head>
    <ingredients>
      <ing>
        <amt>
          <qty>7</qty>
          <unit>tablespoons</unit></amt>
        <item>Butter (butter)</item></ing>
      <ing>
        <amt>
          <qty>2/3</qty>
          <unit>cups</unit></amt>
        <item>Zucker (sugar)</item></ing>
      <ing>
        <amt>
          <qty>2</qty>
          <unit>cups</unit></amt>
        <item>Mehl (flour)</item></ing>
      <ing>
        <amt>
          <qty>2</qty>
          <unit/></amt>
        <item>Eier (eggs)</item></ing>
      <ing>
        <amt>
          <qty>1</qty>
          <unit/></amt>
        <item>Teelo"ffel anis (tsp anise)</item></ing>
      <ing>
        <amt>
          <qty>3/4</qty>
          <unit>cups</unit></amt>
        <item>Weisswein (white wine)</item></ing></ingredients>
    <directions>
      <step>  From: Dan Hirschi (DHIRSCHI) &lt;VFOAO0CY@VAX.CSUN.EDU&gt; (COLLECTION)
  
  Date: Fri, 7 Jan 1994 12:26:25 -0800 (PST)
  
  From: MIO STAR COOKBOOK
  Die schwach zerlassene Butter mit den u"brigen Zutaten zu einem
  dickflu"ssigen Teig verru"hren.  Lo"ffelweise davon in die Mitte der
  Platten geben. Nach dem Backen sofort rollen.
  
  Mix the softened butter with the other ingredients to form a thick liquid
  dough.  Place dough in center of iron with a spoon. Roll quickly after
  baking.
  
  REC.FOOD.RECIPES ARCHIVES
  
  /COOKIES
  
  From rec.food.cooking archives.  Downloaded from Glen's MM Recipe Archive,
  http://www.erols.com/hosey.
 
</step></directions></recipe></recipeml>
