<?xml version="1.0" encoding="UTF-8"?>

<recipeml version="0.5">
  <recipe>
    <head>
      <title>Anise Biscotti</title>
      <categories>
        <cat>Low fat</cat></categories>
      <yield>26</yield></head>
    <ingredients>
      <ing>
        <amt>
          <qty>2</qty>
          <unit>cups</unit></amt>
        <item>All-purpose flour</item></ing>
      <ing>
        <amt>
          <qty>1/2</qty>
          <unit>cups</unit></amt>
        <item>Sugar</item></ing>
      <ing>
        <amt>
          <qty>2 1/2</qty>
          <unit>teaspoons</unit></amt>
        <item>Anise seeds</item></ing>
      <ing>
        <amt>
          <qty>3/4</qty>
          <unit>teaspoons</unit></amt>
        <item>Baking powder</item></ing>
      <ing>
        <amt>
          <qty>1/4</qty>
          <unit>teaspoons</unit></amt>
        <item>Salt</item></ing>
      <ing>
        <amt>
          <qty>3</qty>
          <unit>tablespoons</unit></amt>
        <item>Vegetable oil</item></ing>
      <ing>
        <amt>
          <qty>2</qty>
          <unit>teaspoons</unit></amt>
        <item>Vanilla extract</item></ing>
      <ing>
        <amt>
          <qty>2</qty>
          <unit/></amt>
        <item>Eggs; lightly beaten</item></ing>
      <ing>
        <amt>
          <qty/>
          <unit/></amt>
        <item>Vegetable cooking spray</item></ing>
      <ing>
        <amt>
          <qty>1</qty>
          <unit>teaspoon</unit></amt>
        <item>Water</item></ing>
      <ing>
        <amt>
          <qty>1</qty>
          <unit/></amt>
        <item>Egg white; lightly beaten</item></ing>
      <ing>
        <amt>
          <qty>1 1/2</qty>
          <unit>tablespoons</unit></amt>
        <item>Turbinado sugar</item></ing></ingredients>
    <directions>
      <step>  Combine first 5 ingredients in a large bowl. Combine oil, vanilla, and
  eggs, and add to flour mixture, stirring until well-blended.
  
  Turn dough out onto a baking sheet coated with cooking spray; shape dough
  into a 12-inch-long roll, and flatten to 1/2-inch thickness. Combine water
  and egg white; stir well. Brush over dough.
  
  Bake at 350 degrees for 20 minutes. Remove from baking sheet to a wire
  rack, and let cool.
  
  Slice roll diagonally into 26 (1/2-inch) slices. Place slices, cut sides
  down, on a baking sheet. Brush slices with egg white mixture, and sprinkle
  evenly with turbinado sugar.
  
  Bake at 350 degrees for 20 minutes or until dry. Let cool on wire racks.
  Yield: 26 cookies (serving size: 1 cookie).
  Posted to MC-Recipe Digest V1 #180
  
  Date: Fri, 2 Aug 1996 16:55:01 -0500
  
  From: "Lisa K." &lt;lisabeth@shore.net&gt;
  NOTES : 1-1/2 tablespoons granulated sugar may be substituted for the
    1-1/2    tablespoons turbinado sugar
 
</step></directions></recipe></recipeml>
