<?xml version="1.0" encoding="UTF-8"?>

<recipeml version="0.5">
  <recipe>
    <head>
      <title>Anise Cutout Cookies</title>
      <categories>
        <cat>All newly t</cat>
        <cat>Cookies</cat></categories>
      <yield>60</yield></head>
    <ingredients>
      <ing>
        <amt>
          <qty>2</qty>
          <unit>cups</unit></amt>
        <item>Shortening</item></ing>
      <ing>
        <amt>
          <qty>1</qty>
          <unit>cup</unit></amt>
        <item>Sugar</item></ing>
      <ing>
        <amt>
          <qty>2</qty>
          <unit/></amt>
        <item>Eggs</item></ing>
      <ing>
        <amt>
          <qty>2</qty>
          <unit>teaspoons</unit></amt>
        <item>Aniseed</item></ing>
      <ing>
        <amt>
          <qty>6</qty>
          <unit>cups</unit></amt>
        <item>All purpose flour</item></ing>
      <ing>
        <amt>
          <qty>1</qty>
          <unit>tablespoon</unit></amt>
        <item>Baking powder</item></ing>
      <ing>
        <amt>
          <qty>1</qty>
          <unit>teaspoon</unit></amt>
        <item>Salt</item></ing>
      <ing>
        <amt>
          <qty>1/4</qty>
          <unit>cups</unit></amt>
        <item>Apple juice</item></ing>
      <ing>
        <amt>
          <qty>1/2</qty>
          <unit>cups</unit></amt>
        <item>Sugar</item></ing>
      <ing>
        <amt>
          <qty>1</qty>
          <unit>teaspoon</unit></amt>
        <item>Ground cinnamon</item></ing></ingredients>
    <directions>
      <step>  In a mixing bowl, cream shortening and sugar until fluffy; add eggs and
  aniseed. Combine flour, baking powder and salt; add to the creamed mixture.
  Add apple juice and mix well. On a flooured surface, knead until well
  blended, about 4-5 minutes. Roll dough to 1/2 inch thickness; cut into 2
  inch shapes. Place on greased baking sheets. Bake at 375 for 12-16 minutes
  or until lightly browned. Combine sugar and cinnamon; roll cookies in the
  mixture while still warm. Cool on wire racks. Yield about 5 dozen.
  
  Recipe by: Taste of Home
  
  Posted to MC-Recipe Digest V1 #838 by L979@aol.com on Oct 12, 1997
 
</step></directions></recipe></recipeml>
