<?xml version="1.0" encoding="UTF-8"?>

<recipeml version="0.5">
  <recipe>
    <head>
      <title>Anissabo (Pea Soup -- Cree Style)</title>
      <categories>
        <cat>Soups</cat>
        <cat>Native</cat>
        <cat>Cree</cat>
        <cat>Vegetables</cat></categories>
      <yield>1</yield></head>
    <ingredients>
      <ing>
        <amt>
          <qty>2</qty>
          <unit>cups</unit></amt>
        <item>Dried peas, soaked</item></ing>
      <ing>
        <amt>
          <qty>20</qty>
          <unit>ounces</unit></amt>
        <item>Hominy</item></ing>
      <ing>
        <amt>
          <qty>1</qty>
          <unit>cup</unit></amt>
        <item>Celery leaves -=OR=-</item></ing>
      <ing>
        <amt>
          <qty>2</qty>
          <unit>pinches</unit></amt>
        <item>Thyme</item></ing>
      <ing>
        <amt>
          <qty/>
          <unit/></amt>
        <item>Salt</item></ing>
      <ing>
        <amt>
          <qty/>
          <unit/></amt>
        <item>Pepper</item></ing>
      <ing>
        <amt>
          <qty/>
          <unit/></amt>
        <item>Savoury</item></ing>
      <ing>
        <amt>
          <qty>16</qty>
          <unit>cups</unit></amt>
        <item>Water</item></ing></ingredients>
    <directions>
      <step>  When the soaking peas are soft, put them in a large
  pot with the rest of the ingredients.  Simmer until
  the peas are tender but stil firm. Add the hominy &amp;
  cook till thickened.  Serve hot.
  
  From Gemini's MASSIVE MealMaster collection at www.synapse.com/~gemini
 
</step></directions></recipe></recipeml>
