<?xml version="1.0" encoding="UTF-8"?>

<recipeml version="0.5">
  <recipe>
    <head>
      <title>Anise Hyssop Sauce for Roast Lamb</title>
      <categories>
        <cat>Sauce</cat></categories>
      <yield>8</yield></head>
    <ingredients>
      <ing>
        <amt>
          <qty>3</qty>
          <unit>tablespoons</unit></amt>
        <item>Sugar</item></ing>
      <ing>
        <amt>
          <qty>1/2</qty>
          <unit>cups</unit></amt>
        <item>Cider vinegar</item></ing>
      <ing>
        <amt>
          <qty>1/2</qty>
          <unit>cups</unit></amt>
        <item>Water</item></ing>
      <ing>
        <amt>
          <qty>1/2</qty>
          <unit>cups</unit></amt>
        <item>Coarsely chopped anise hyssop leaves and flowers</item></ing></ingredients>
    <directions>
      <step>  From: arielle@bonkers.taronga.com (Stephanie da Silva)
  
  Date: Sat, 22 Apr 1995 11:28:04 GMT
  In a small saucepan combine sugar, vinegar and water.  Bring to a boil. Add
  chopped anise hyssop leaves and bring to a boil.  Turn off heat and let
  steep for 1/2 hour. Pour through a sieve, pressing solids to extract all
  the liquid. Serve with roast lamb or veal.
  
  REC.FOOD.RECIPES ARCHIVES
  
  /MISC
  
  From rec.food.cooking archives.  Downloaded from Glen's MM Recipe Archive,
  http://www.erols.com/hosey.
 
</step></directions></recipe></recipeml>
