<?xml version="1.0" encoding="UTF-8"?>

<recipeml version="0.5">
  <recipe>
    <head>
      <title>Anise Cookie Slices</title>
      <categories>
        <cat>Cookies</cat></categories>
      <yield>48</yield></head>
    <ingredients>
      <ing>
        <amt>
          <qty>1/2</qty>
          <unit>cups</unit></amt>
        <item>Butter or margarine</item></ing>
      <ing>
        <amt>
          <qty>3</qty>
          <unit>ounces</unit></amt>
        <item>Cream cheese</item></ing>
      <ing>
        <amt>
          <qty>1 1/2</qty>
          <unit>cups</unit></amt>
        <item>C and H Powdered Sugar</item></ing>
      <ing>
        <amt>
          <qty>4</qty>
          <unit/></amt>
        <item>Eggs</item></ing>
      <ing>
        <amt>
          <qty>3 1/4</qty>
          <unit>cups</unit></amt>
        <item>All-purpose flour</item></ing>
      <ing>
        <amt>
          <qty>3</qty>
          <unit>teaspoons</unit></amt>
        <item>Baking powder</item></ing>
      <ing>
        <amt>
          <qty>1/2</qty>
          <unit>teaspoons</unit></amt>
        <item>Salt</item></ing>
      <ing>
        <amt>
          <qty>2</qty>
          <unit>teaspoons</unit></amt>
        <item>Anise seeds</item></ing></ingredients>
    <directions>
      <step>  Cream together butter and cream cheese.  Add sugar and beat until well
  blended.  Add eggs, one at a time, beating well after each addition.
  (Mixture might look curdled.)  Add remaining ingredients; mix well.  Chill
  dough 3 hours.  Divide soft dough in half.  On a 17 by 14 inch cookie
  sheet, form each half of dough into a roll 1-1/2 inches wide and the
  length of the cookie sheet.  Bake in 350 degree oven 30 to 35 minutes.
  Remove from oven and cut rolls into 3/4 inch slices.  Place on cookie
  sheets, cut side down, return to oven and bake 10 minutes or until toasted
  and crisp.  Makes about 48 slices.
  
  Reprinted with permission from _From our Private Collection_
  From the C and H Sugar Kitchen
  Electronic format by Karen Mintzias
  
  File ftp://ftp.idiscover.co.uk/pub/food/mealmaster/recipes/c_hsugar.zip
 
</step></directions></recipe></recipeml>
