<?xml version="1.0" encoding="UTF-8"?>

<recipeml version="0.5">
  <recipe>
    <head>
      <title>Anise Biscotchos</title>
      <categories>
        <cat>None</cat></categories>
      <yield>48</yield></head>
    <ingredients>
      <ing>
        <amt>
          <qty>1</qty>
          <unit>cup</unit></amt>
        <item>Butter</item></ing>
      <ing>
        <amt>
          <qty>2</qty>
          <unit>cups</unit></amt>
        <item>Sugar</item></ing>
      <ing>
        <amt>
          <qty>4</qty>
          <unit>large</unit></amt>
        <item>Eggs</item></ing>
      <ing>
        <amt>
          <qty>1/4</qty>
          <unit>teaspoons</unit></amt>
        <item>Anise extract</item></ing>
      <ing>
        <amt>
          <qty>2</qty>
          <unit>teaspoons</unit></amt>
        <item>Vanilla extract</item></ing>
      <ing>
        <amt>
          <qty>1</qty>
          <unit>teaspoon</unit></amt>
        <item>Baking powder</item></ing>
      <ing>
        <amt>
          <qty>3</qty>
          <unit>tablespoons</unit></amt>
        <item>Anise seed</item></ing>
      <ing>
        <amt>
          <qty>5</qty>
          <unit>cups</unit></amt>
        <item>Flour</item></ing></ingredients>
    <directions>
      <step>  With an electric mixer, cream butter and sugar until smooth.  Add eggs, one
  at a time, beating after each addition.  Add the anise and vanilla,
  blending thogoughly.  When the batter is light and fluffly, add baking
  powder and anise seed and mix well.  Add flour, one cup  at a time,
  blending after each addition.      Wrap in wax paper and refrigerate 6 to 8
  hours.  Shape into walnut-size balls, and place 2 inches apart on a greased
  cookie sheet.  Bake in a preheated oven at 400° for 15 minutes or until
  cookies are golden.
  
  Recipe By     : From My Grandmother's Kitchen (A Sephardic Cookbook)
  
  From: Ladies Home Journal- August 1991
  
  File ftp://ftp.idiscover.co.uk/pub/food/mealmaster/recipes/mmdja006.zip
 
</step></directions></recipe></recipeml>
