<?xml version="1.0" encoding="UTF-8"?>

<recipeml version="0.5">
  <recipe>
    <head>
      <title>Anise Carrots</title>
      <categories>
        <cat>Vegetable</cat></categories>
      <yield>4</yield></head>
    <ingredients>
      <ing>
        <amt>
          <qty>1</qty>
          <unit>pound</unit></amt>
        <item>Carrots; peeled, sliced</item></ing>
      <ing>
        <amt>
          <qty>1</qty>
          <unit>small</unit></amt>
        <item>Onion; chopped</item></ing>
      <ing>
        <amt>
          <qty>6</qty>
          <unit>tablespoons</unit></amt>
        <item>Butter</item></ing>
      <ing>
        <amt>
          <qty>1/2</qty>
          <unit>teaspoons</unit></amt>
        <item>Anise; crushed</item></ing>
      <ing>
        <amt>
          <qty>6</qty>
          <unit>tablespoons</unit></amt>
        <item>Orange juice</item></ing></ingredients>
    <directions>
      <step>  1.  Cook carrots in salted water until tender. Drain.
  
  2.  Saute onion in 2 tbs. of butter until soft.
  
  3.  Return carrots to saucepan. Add remaining butter, anise and orange
  juice. Season with salt and pepper.
  
  4.  Cook over medium heat until butter has melted and ingredients have
  blended.  Stir occasionally.  Serve hot.
  
  SOGNI DORATI
  
  NORTH WELLS, CHICAGO  WINE:
  
  CHIANTI CLASSICO CONTE CAPPONI
  
  From the &lt;Micro Cookbook Collection of Italian Recipes&gt;.  Downloaded from
  Glen's MM Recipe Archive, http://www.erols.com/hosey.
 
</step></directions></recipe></recipeml>
