<?xml version="1.0" encoding="UTF-8"?>

<recipeml version="0.5">
  <recipe>
    <head>
      <title>Anise Cookie Cordials</title>
      <categories>
        <cat>Cookie</cat></categories>
      <yield>50</yield></head>
    <ingredients>
      <ing>
        <amt>
          <qty>2 3/4</qty>
          <unit>cups</unit></amt>
        <item>All-purpose flour</item></ing>
      <ing>
        <amt>
          <qty>1 1/2</qty>
          <unit>teaspoons</unit></amt>
        <item>Baking powder</item></ing>
      <ing>
        <amt>
          <qty>1</qty>
          <unit>cup</unit></amt>
        <item>Sugar</item></ing>
      <ing>
        <amt>
          <qty>1/2</qty>
          <unit>cups</unit></amt>
        <item>Butter; softened</item></ing>
      <ing>
        <amt>
          <qty>3</qty>
          <unit/></amt>
        <item>Eggs</item></ing>
      <ing>
        <amt>
          <qty>2</qty>
          <unit>tablespoons</unit></amt>
        <item>Anise flavored liqueur</item></ing>
      <ing>
        <amt>
          <qty>2</qty>
          <unit>tablespoons</unit></amt>
        <item>Water</item></ing>
      <ing>
        <amt>
          <qty>1</qty>
          <unit>tablespoon</unit></amt>
        <item>Anise seed</item></ing>
      <ing>
        <amt>
          <qty>1/2</qty>
          <unit>packages</unit></amt>
        <item>(12-oz) Nestle Toll House little bits semi-sweet chocolate</item></ing>
      <ing>
        <amt>
          <qty>1</qty>
          <unit>cup</unit></amt>
        <item>Coarsely chopped toasted almonds</item></ing></ingredients>
    <directions>
      <step>  In medium bowl, combine flour and baking powder; set aside. In large bowl,
  combine sugar and butter; beat until creamy. Add eggs, anise flavored
  liqueur, water and anise seed; beat until well blended. Gradually beat in
  flour mixture. Stir in Nestle Toll House Little Bits semi-sweet chocolate
  and almonds. Cover; chill several hours. Preheat oven to 375 degrees.
  Divide dough into 4 pieces. With floured hands, shape each piece into
  15-1/2x2x1/2-inch loaf. Place loaves 4 inches apart on greased cookie
  sheets. Bake at 375 degrees for 15 minutes. Remove from oven. Cut into
  1-inch slices. Place slices back on cookie sheets. Bake at 375 degrees for
  7 minutes. Turn cookies over. Bake at 375 degrees for 7 minutes. Cool
  completely on wire racks. Makes about
    4-1/4    dozen 1-inch cookies.
  
  From &lt;Favorite Recipes: Nestle Sweet Treats&gt;.  Downloaded from Glen's MM
  Recipe Archive, http://www.erols.com/hosey.
 
</step></directions></recipe></recipeml>
