<?xml version="1.0" encoding="UTF-8"?>

<recipeml version="0.5">
  <recipe>
    <head>
      <title>Anise Drops</title>
      <categories>
        <cat>None</cat></categories>
      <yield>1</yield></head>
    <ingredients>
      <ing>
        <amt>
          <qty>3</qty>
          <unit/></amt>
        <item>Eggs at room temperature</item></ing>
      <ing>
        <amt>
          <qty>1/2</qty>
          <unit>teaspoons</unit></amt>
        <item>Salt</item></ing>
      <ing>
        <amt>
          <qty>1</qty>
          <unit>cup</unit></amt>
        <item>Plus 2 tbsp sugar</item></ing>
      <ing>
        <amt>
          <qty>1 3/4</qty>
          <unit>cups</unit></amt>
        <item>Flour</item></ing>
      <ing>
        <amt>
          <qty>1/2</qty>
          <unit>teaspoons</unit></amt>
        <item>Baking powder</item></ing>
      <ing>
        <amt>
          <qty>1/2</qty>
          <unit>teaspoons</unit></amt>
        <item>Anise extract or</item></ing>
      <ing>
        <amt>
          <qty>1/4</qty>
          <unit>teaspoons</unit></amt>
        <item>Anise oil</item></ing></ingredients>
    <directions>
      <step>  Beat eggs until fluffy. Add sugar gradually, beating constantly for 20
  minutes. Add flour and baking powder. Mix well. Finally add anise extract
  or oil. Drop by teaspoonsful on greased and floured cookie sheets. Let
  stand 8 hours or overnight. (They will get little "mushroom" tops on them).
  Bake at 325' for 10 minutes or until creamy color....do not brown. Makes
  about 4 dozen small cookies.
  
  Posted to TNT - Prodigy's Recipe Exchange Newsletter  by MrsMozart@aol.com
  on Nov 10, 1997
 
</step></directions></recipe></recipeml>
