<?xml version="1.0" encoding="UTF-8"?>

<recipeml version="0.5">
  <recipe>
    <head>
      <title>Anise Slices</title>
      <categories>
        <cat>Cookies</cat></categories>
      <yield>1</yield></head>
    <ingredients>
      <ing>
        <amt>
          <qty>1</qty>
          <unit/></amt>
        <item>Stick (1/2 cup) unsalted</item></ing>
      <ing>
        <amt>
          <qty/>
          <unit/></amt>
        <item>Butter, softened</item></ing>
      <ing>
        <amt>
          <qty>3/4</qty>
          <unit>cups</unit></amt>
        <item>Sugar</item></ing>
      <ing>
        <amt>
          <qty>3</qty>
          <unit>large</unit></amt>
        <item>Eggs</item></ing>
      <ing>
        <amt>
          <qty>1</qty>
          <unit>tablespoon</unit></amt>
        <item>Anise extract</item></ing>
      <ing>
        <amt>
          <qty>3</qty>
          <unit>cups</unit></amt>
        <item>All-purpose flour</item></ing>
      <ing>
        <amt>
          <qty>2</qty>
          <unit>teaspoons</unit></amt>
        <item>Double-acting baking powder</item></ing>
      <ing>
        <amt>
          <qty>1/2</qty>
          <unit>teaspoons</unit></amt>
        <item>Salt</item></ing>
      <ing>
        <amt>
          <qty>2</qty>
          <unit>tablespoons</unit></amt>
        <item>Crushed aniseed</item></ing>
      <ing>
        <amt>
          <qty/>
          <unit/></amt>
        <item>An egg wash made by beating</item></ing>
      <ing>
        <amt>
          <qty/>
          <unit/></amt>
        <item>Together 1 large egg &amp; 2</item></ing>
      <ing>
        <amt>
          <qty/>
          <unit>TB</unit></amt>
        <item>milk</item></ing></ingredients>
    <directions>
      <step>  In a bowl with an electric mixer cream the butter, beat in the sugar,
  a little at a time, &amp; beat the mixture until it is light &amp; fluffy.
  Beat in the eggs, 1 at a time, beating well after each addition, beat
  the mixture until it is thick &amp; pale, &amp; beat in the anise extract. In
  another bowl combine the flour, the baking powder, the salt, and the
  aniseed &amp; beat the mixture into the butter mixture to form a sticky
  dough. Halve the dough &amp; with floured hands pat each half into a
  14-by-4 inch rectangle on a buttered baking sheet. Brush the
  rectangles well with the egg wash &amp; bake them in the upper third of a
  preheated 375F oven for 20-25 minutes, or until they are golden brown
  &amp; a skewer comes out clean. Cut the rectangles crosswise diagonally
  into 3/4 inch slices, turn the slices on their sides and bake them in
  the 375F oven for 5 minutes. Turn the slices &amp; bake them for 5
  minutes more. Let the slices cool on racks &amp; store them in airtight
  containers. Makes about 34 biscotti.
  
  File ftp://ftp.idiscover.co.uk/pub/food/mealmaster/recipes/mmkah001.zip
 
</step></directions></recipe></recipeml>
