<?xml version="1.0" encoding="UTF-8"?>

<recipeml version="0.5">
  <recipe>
    <head>
      <title>Anise Hyssop Honey Butter</title>
      <categories>
        <cat>Sauce</cat></categories>
      <yield>1</yield></head>
    <ingredients>
      <ing>
        <amt>
          <qty>1/2</qty>
          <unit>cups</unit></amt>
        <item>Honey</item></ing>
      <ing>
        <amt>
          <qty>3/4</qty>
          <unit>cups</unit></amt>
        <item>Butter; softened</item></ing>
      <ing>
        <amt>
          <qty>2</qty>
          <unit>tablespoons</unit></amt>
        <item>Chopped anise hyssop flowers</item></ing></ingredients>
    <directions>
      <step>  From: arielle@bonkers.taronga.com (Stephanie da Silva)
  
  Date: Sat, 22 Apr 1995 11:28:04 GMT
  Cream honey and butter, mixing until well blended.  Stir in flowers.  Use
  on pancakes, waffles or muffins. Store in refrigerator.
  
  REC.FOOD.RECIPES ARCHIVES
  
  /MISC
  
  From rec.food.cooking archives.  Downloaded from Glen's MM Recipe Archive,
  http://www.erols.com/hosey.
 
</step></directions></recipe></recipeml>
