<?xml version="1.0" encoding="UTF-8"?>

<recipeml version="0.5">
  <recipe>
    <head>
      <title>Anise Cookies</title>
      <categories>
        <cat>Desserts</cat>
        <cat>Cookies</cat>
        <cat>Fat-free</cat>
        <cat>Wrv</cat></categories>
      <yield>6</yield></head>
    <ingredients>
      <ing>
        <amt>
          <qty/>
          <unit/></amt>
        <item>WALDINE VAN GEFFEN VGHC42A</item></ing>
      <ing>
        <amt>
          <qty>3</qty>
          <unit/></amt>
        <item>Eggs</item></ing>
      <ing>
        <amt>
          <qty>1</qty>
          <unit>cup</unit></amt>
        <item>Sugar</item></ing>
      <ing>
        <amt>
          <qty>1</qty>
          <unit>tablespoon</unit></amt>
        <item>Anise seeds</item></ing>
      <ing>
        <amt>
          <qty>1/2</qty>
          <unit>teaspoons</unit></amt>
        <item>Anise extract</item></ing>
      <ing>
        <amt>
          <qty>1/2</qty>
          <unit>teaspoons</unit></amt>
        <item>Baking powder</item></ing>
      <ing>
        <amt>
          <qty>1 3/4</qty>
          <unit>cups</unit></amt>
        <item>Flour</item></ing>
      <ing>
        <amt>
          <qty/>
          <unit/></amt>
        <item>Butter for pan</item></ing></ingredients>
    <directions>
      <step>  With a heavy-duty mixer, mix the eggs with sugar at medium speed for 30
  minutes. Add anise seeds and extract, baking powder, and then flour.
  Combine gently just until mixed. Drop by small ts, about 1 1/2" apart, on a
  greased cookie sheet. Let dough stand, uncovered, at room temperature for
  at least 10 hours, preferably overnight. (Note: The USDA advises against
  leaving perishable foods at room temperature for more than two hours. If
  you so choose, the cookies can be baked immediately, but they will have a
  different texture and appearance.) Bake in a preheated 350~ oven for 12
  minutes. 25 cal; 0 gr fat. Source: The Access Atlanta Cookbook. MM Waldine
  Van Geffen vghc42a.
  
  Posted to TNT - Prodigy's Recipe Exchange Newsletter  by
  VGHC42A@prodigy.com (MRS WALDINE R VAN GEFFEN) on Aug 31, 1997
 
</step></directions></recipe></recipeml>
