<?xml version="1.0" encoding="UTF-8"?>

<recipeml version="0.5">
  <recipe>
    <head>
      <title>Anita's Peach Crunch</title>
      <categories>
        <cat>None</cat></categories>
      <yield>1</yield></head>
    <ingredients>
      <ing>
        <amt>
          <qty>1</qty>
          <unit>can</unit></amt>
        <item>(29 oz) peach slices; drained</item></ing>
      <ing>
        <amt>
          <qty>2</qty>
          <unit>tablespoons</unit></amt>
        <item>Granulated sugar</item></ing>
      <ing>
        <amt>
          <qty>1/3</qty>
          <unit>cups</unit></amt>
        <item>Orange juice</item></ing>
      <ing>
        <amt>
          <qty>3</qty>
          <unit>tablespoons</unit></amt>
        <item>Margerine; cold but cut into pieces</item></ing>
      <ing>
        <amt>
          <qty>1/3</qty>
          <unit>cups</unit></amt>
        <item>Brown sugar; packed</item></ing>
      <ing>
        <amt>
          <qty>1/2</qty>
          <unit>cups</unit></amt>
        <item>Corn flake crumbs</item></ing>
      <ing>
        <amt>
          <qty>1/2</qty>
          <unit>cups</unit></amt>
        <item>Flour</item></ing>
      <ing>
        <amt>
          <qty>1</qty>
          <unit>teaspoon</unit></amt>
        <item>Cinnamon</item></ing></ingredients>
    <directions>
      <step>  Preheat oven to 350 degrees. Spray a 2 quart casserole dish with Pam.
  Arrange peach slices in bottom of dish. In a small bowl, combine granulated
  sugar and orange juice. Pour over peaches; set aside.
  
  In bowl, combine margerine, brown sugar, corn flake crumbs, flour, and
  cinnamon. Sprinkle over peach mixture. Bake for about 25 minutes, or until
  golden and bubbly.
  
  Notes: This is also good served cold, with a big dollop of Cool Whip on
  Top.
  
  Posted to EAT-L Digest  by "Sharon H. Frye" &lt;shfrye@PEN.K12.VA.US&gt; on Jan
  31, 1998
 
</step></directions></recipe></recipeml>
