<?xml version="1.0" encoding="UTF-8"?>

<recipeml version="0.5">
  <recipe>
    <head>
      <title>Anita's Wormy Peppers</title>
      <categories>
        <cat>None</cat></categories>
      <yield>1</yield></head>
    <ingredients>
      <ing-div>
        <title/>
        <ing>
          <amt>
            <qty>4</qty>
            <unit/></amt>
          <item>Red peppers (but I have mixed reds &amp; greens--looks nicer)</item></ing></ing-div>
      <ing-div>
        <title>MARINADE</title>
        <ing>
          <amt>
            <qty>1/4</qty>
            <unit>cups</unit></amt>
          <item>Olive oil</item></ing>
        <ing>
          <amt>
            <qty>2</qty>
            <unit/></amt>
          <item>Tbpns red wine vinegar</item></ing>
        <ing>
          <amt>
            <qty>1</qty>
            <unit/></amt>
          <item>Crushed garlic clove</item></ing>
        <ing>
          <amt>
            <qty>1</qty>
            <unit>teaspoon</unit></amt>
          <item>Prepared mustard</item></ing>
        <ing>
          <amt>
            <qty/>
            <unit/></amt>
          <item>Salt &amp; freshly ground pepper to taste</item></ing></ing-div></ingredients>
    <directions>
      <step>  Despite their nauseating title, these roasted peppers are one of my
  sister's better efforts!
  
  Roast peppers under broiler, turning once (at about 5 mins) to ensure both
  sides become charred. Place broiled peppers in brown paper bag and close
  over (Tupperware, et al works fine, too). Let steam, sealed, or about 15-20
  mins. Peel, seed and cut the slimy buggers into long, thin slices, then
  place in marinade. Marinate 30 mins or so, and serve on a bed of your
  favorite salad greens.
  
  Posted to EAT-L Digest 27 October 96
  
  Date:    Mon, 28 Oct 1996 09:59:24 -0500
  
  From:    Twallace &lt;twallace@BIDDEFORD.COM&gt;
 
</step></directions></recipe></recipeml>
