<?xml version="1.0" encoding="UTF-8"?>

<recipeml version="0.5">
  <recipe>
    <head>
      <title>Ann's Strawberry Angel-Food Cake W/sauces-Pt2</title>
      <categories>
        <cat>Cakes</cat>
        <cat>Desserts</cat>
        <cat>Low-cal</cat>
        <cat>Diabetic</cat></categories>
      <yield>12</yield></head>
    <ingredients>
      <ing-div>
        <title>DATA PER SERVING</title>
        <ing>
          <amt>
            <qty>222</qty>
            <unit>x</unit></amt>
          <item>*Calories</item></ing>
        <ing>
          <amt>
            <qty>4</qty>
            <unit>x</unit></amt>
          <item>*gm Protein</item></ing>
        <ing>
          <amt>
            <qty>3/16</qty>
            <unit>x</unit></amt>
          <item>*gm Fat</item></ing>
        <ing>
          <amt>
            <qty>14</qty>
            <unit>x</unit></amt>
          <item>*gm Carbo</item></ing>
        <ing>
          <amt>
            <qty/>
            <unit>x</unit></amt>
          <item>*mg Chol</item></ing>
        <ing>
          <amt>
            <qty>177</qty>
            <unit>x</unit></amt>
          <item>*mg Sodium</item></ing>
        <ing>
          <amt>
            <qty/>
            <unit/></amt>
          <item>*gm Fiber</item></ing></ing-div></ingredients>
    <directions>
      <step>  SAUCES:  IN a blender, combine strawberries, 1/2 cup
  honey, and 1 Tbsp arrowroot or cornstarch.  Puree
  until smooth. Pour into a saucepan and heat, whisking,
  until slightly thickened. Pour into a bowl to let
  cool. Press kiwifruit through a strainer to remove
  seeds. In a blender, combine strained kiwifruit with
  remaining 1 Tbsp arrowroot or cornstarch and 1/2 cup
  honey. PUree until smooth. Pour sauce into a clean
  saucepan and heat, whisking, until slightly thickened.
  Pour into a bowl to let cool.
  
  TO SERVE:  Ladle a small amount of red sauce on half
  of a dessert plate, and an equal amount of green sauce
  on the other half. Place a slice of cake in the center
  and drizzle with stripes of the two sauces and chunks
  of kiwifruit if desired.  Serve immediately. SERVES 12.
  
  HELPFUL HINT:  The trick to a successful angel-food
  cake is the lightness of the beaten egg whites, so
  fold them quickly into the batter before they have a
  chance to separate.
  
  SOURCE:  Vegetarian Times Mag, Dec '92 Mary Carroll,
  author The No Cholestrol (No Kidding) Cookbook
  Posted to JEWISH-FOOD digest V96 #014
  
  Date: Thu, 5 Sep 1996 15:22:13 -0400
  
  From: Linda Shapiro-  Naples FL &lt;lss@coconet.com&gt;
 
</step></directions></recipe></recipeml>
