<?xml version="1.0" encoding="UTF-8"?>

<recipeml version="0.5">
  <recipe>
    <head>
      <title>Ann's Italian Pepper Soup</title>
      <categories>
        <cat>Soups &amp; ste</cat>
        <cat>Vegetables</cat>
        <cat>Potatoes</cat></categories>
      <yield>4</yield></head>
    <ingredients>
      <ing>
        <amt>
          <qty>4</qty>
          <unit/></amt>
        <item>Yellow bell peppers</item></ing>
      <ing>
        <amt>
          <qty>1</qty>
          <unit>teaspoon</unit></amt>
        <item>Olive oil</item></ing>
      <ing>
        <amt>
          <qty>1</qty>
          <unit>large</unit></amt>
        <item>Onion</item></ing>
      <ing>
        <amt>
          <qty>3</qty>
          <unit>cups</unit></amt>
        <item>Cooked cubed potatoes</item></ing>
      <ing>
        <amt>
          <qty>2</qty>
          <unit>small</unit></amt>
        <item>Dried red chile peppers; or to taste</item></ing>
      <ing>
        <amt>
          <qty>3</qty>
          <unit>cups</unit></amt>
        <item>Defatted stock; (Vegetable stock)</item></ing>
      <ing>
        <amt>
          <qty/>
          <unit/></amt>
        <item>Salt and pepper</item></ing>
      <ing>
        <amt>
          <qty/>
          <unit/></amt>
        <item>Chopped roasted red bell pepper; for garnish</item></ing>
      <ing>
        <amt>
          <qty/>
          <unit/></amt>
        <item>Chopped fresh basil; for garnish</item></ing></ingredients>
    <directions>
      <step>  This recipe comes from a friend in Holland.
  
  Halve and seed yellow peppers and place cut-side down on broiler pan or
  baking sheet and broil 2 to 3 minutes or until blackened. Remove blackened
  skin under running water. Chop peppers.
  
  Heat oil in large Dutch oven over medium-high heat. Add onion and cook,
  stirring, 3 to 5 minutes or until soft but not browned. Add potatoes,
  yellow peppers and chile peppers and cook 3 minutes. Add stock and bring to
  boil. Reduce heat to medium and cook, uncovered, 10 minutes.
  
  Transfer soup to blender and puree. Season to taste with salt and pepper.
  When ready to serve, top with dollops of roasted red bell pepper and
  sprinkles of basil. Makes 4 to 6 servings.
  
  Recipe by: Mary Carroll's Healthful Cooking, Star Tribune, 3/4/98
  
  Posted to MC-Recipe Digest by Kathleen &lt;schuller@ix.netcom.com&gt; on Apr 12,
  1998
 
</step></directions></recipe></recipeml>
