<?xml version="1.0" encoding="UTF-8"?>

<recipeml version="0.5">
  <recipe>
    <head>
      <title>Ann's Chicken for Crock Pot</title>
      <categories>
        <cat>Poultry</cat>
        <cat>Crock pot</cat></categories>
      <yield>6</yield></head>
    <ingredients>
      <ing>
        <amt>
          <qty>1</qty>
          <unit/></amt>
        <item>Frying chicken -- in pieces</item></ing>
      <ing>
        <amt>
          <qty>1</qty>
          <unit/></amt>
        <item>Salt &amp; pepper</item></ing>
      <ing>
        <amt>
          <qty>1</qty>
          <unit>can</unit></amt>
        <item>Cream of mushroom soup</item></ing>
      <ing>
        <amt>
          <qty>1/2</qty>
          <unit>cups</unit></amt>
        <item>Sauterne or sherry</item></ing>
      <ing>
        <amt>
          <qty>2</qty>
          <unit>tablespoons</unit></amt>
        <item>Butter or margarine --</item></ing>
      <ing>
        <amt>
          <qty/>
          <unit/></amt>
        <item>Melted</item></ing>
      <ing>
        <amt>
          <qty>2</qty>
          <unit>tablespoons</unit></amt>
        <item>Dry Italian salad dressing</item></ing>
      <ing>
        <amt>
          <qty/>
          <unit/></amt>
        <item>Mix</item></ing>
      <ing>
        <amt>
          <qty>2</qty>
          <unit>packages</unit></amt>
        <item>3 oz. cream cheese -- cut in</item></ing>
      <ing>
        <amt>
          <qty/>
          <unit/></amt>
        <item>Cubes</item></ing>
      <ing>
        <amt>
          <qty>1</qty>
          <unit>tablespoon</unit></amt>
        <item>Onion -- chopped</item></ing></ingredients>
    <directions>
      <step>   Wash chicken and pat dry.  Brush with butter.     Sprinkle with salt and
  pepper. Place in crock pot. Sprinkle with dry salad    mix. Cover and cook
  on low for 5 to 6 hours. About 3/4 hour before    serving, mix soup, cream
  cheese, wine, and onion in small    saucepan. Cook until smooth. Pour over
  chicken in pot. Cover and cook for    30 min Recipe By
  :
  Posted to MM-Recipes Digest V3 #195
  
  Date: Sun, 14 Jul 1996 09:22:40 -0700
  
  From: jessann doe &lt;jessann@texas.net&gt;
 
</step></directions></recipe></recipeml>
