<?xml version="1.0" encoding="UTF-8"?>

<recipeml version="0.5">
  <recipe>
    <head>
      <title>Ann's Pesto</title>
      <categories>
        <cat>Sauce</cat></categories>
      <yield>8</yield></head>
    <ingredients>
      <ing>
        <amt>
          <qty>2</qty>
          <unit>cups</unit></amt>
        <item>Fresh basil leaves</item></ing>
      <ing>
        <amt>
          <qty>4</qty>
          <unit/></amt>
        <item>Cloves garlic; chopped</item></ing>
      <ing>
        <amt>
          <qty>1/2</qty>
          <unit>cups</unit></amt>
        <item>Pine nuts</item></ing>
      <ing>
        <amt>
          <qty>1</qty>
          <unit>cup</unit></amt>
        <item>X-virgin olive oil</item></ing>
      <ing>
        <amt>
          <qty>1</qty>
          <unit>cup</unit></amt>
        <item>Imported Parmesan Reggiano cheese; grated</item></ing>
      <ing>
        <amt>
          <qty>1/4</qty>
          <unit>cups</unit></amt>
        <item>Pecorino Romano cheese; grated</item></ing>
      <ing>
        <amt>
          <qty>1/4</qty>
          <unit>teaspoons</unit></amt>
        <item>Salt</item></ing>
      <ing>
        <amt>
          <qty/>
          <unit/></amt>
        <item>Freshly ground black pepper to taste</item></ing></ingredients>
    <directions>
      <step>  Date: Fri, 05 Apr 1996 19:59:33 EST
  
  From: AKSC87A@prodigy.com ( MARY JO KNAPPER)
  1. Process the basil, garlic, and pine nuts in a food processor until
  finely chopped.
  
  2. With the machine running, pour the oil in a thin, steady stream.
  
  3. Add the cheese, salt and ground pepper to taste.  Process briefly to
  combine.  Yield: 2 cups prepared pesto.
  
  NOTE: I make this in 2-cup batches &amp; freeze in 1/2 pt. canning jars for the
  winter.  Use on pasta, vegetables, baked potatoes... MJ
  
  MC-RECIPE@MASTERCOOK.COM
  
  MASTERCOOK RECIPES LIST SERVER
  
  From the MasterCook recipe list.  Downloaded from Glen's MM Recipe Archive,
  http://www.erols.com/hosey.
 
</step></directions></recipe></recipeml>
