<?xml version="1.0" encoding="UTF-8"?>

<recipeml version="0.5">
  <recipe>
    <head>
      <title>Ann's Chicken W/goat Cheese and Garlic</title>
      <categories>
        <cat>Cheese</cat>
        <cat>Chicken</cat></categories>
      <yield>4</yield></head>
    <ingredients>
      <ing>
        <amt>
          <qty>1</qty>
          <unit>large</unit></amt>
        <item>Whole chicken; free-range if available</item></ing>
      <ing>
        <amt>
          <qty>4</qty>
          <unit>ounces</unit></amt>
        <item>Goat cheese</item></ing>
      <ing>
        <amt>
          <qty>4</qty>
          <unit/></amt>
        <item>Cloves garlic; widely sliced (up to 6)</item></ing>
      <ing>
        <amt>
          <qty>1</qty>
          <unit>tablespoon</unit></amt>
        <item>Herbs de Provence</item></ing>
      <ing>
        <amt>
          <qty/>
          <unit/></amt>
        <item>Salt and pepper</item></ing>
      <ing>
        <amt>
          <qty>1</qty>
          <unit>tablespoon</unit></amt>
        <item>Olive oil</item></ing></ingredients>
    <directions>
      <step>  Cut several small holes in the skin of the chicken and stuff with the goat
  cheese.
  
  Stuff slices of garlic all over the chicken. Rub the skin with the olive
  oil and sprinkle with salt and pepper and herbs de Provence.
  
  Bake in 350 degree oven for 1/2 an hour. Remove from oven and microwave for
  7 minutes. Return to oven and continue baking for 20 to 30 minutes more.
  
  Serve with Spinach Salad and Crusty Bread.
  
  Prep. time: 5 - 10 minutes Cook time: 1 hour Serves 4
  
  http://www.foodetc.com/thursday.html
  
  Recipe by: http://www.foodetc.com/thursday.html
  
  Posted to MC-Recipe Digest V1 #1050 by Roberta Banghart
  &lt;bobbi744@sojourn.com&gt; on Jan 25, 1998
 
</step></directions></recipe></recipeml>
