<?xml version="1.0" encoding="UTF-8"?>

<recipeml version="0.5">
  <recipe>
    <head>
      <title>Ann's Gorp(Sehr, Sehr Gut - From Ann Armstrong)</title>
      <categories>
        <cat>Marie</cat>
        <cat>Appetizers</cat>
        <cat>Snacks</cat></categories>
      <yield>12</yield></head>
    <ingredients>
      <ing>
        <amt>
          <qty/>
          <unit/></amt>
        <item>Dry roasted peanuts</item></ing>
      <ing>
        <amt>
          <qty/>
          <unit/></amt>
        <item>Dates</item></ing>
      <ing>
        <amt>
          <qty/>
          <unit/></amt>
        <item>Raisins</item></ing>
      <ing>
        <amt>
          <qty/>
          <unit/></amt>
        <item>Gold fish</item></ing>
      <ing>
        <amt>
          <qty/>
          <unit/></amt>
        <item>M &amp; M's</item></ing>
      <ing>
        <amt>
          <qty/>
          <unit/></amt>
        <item>Sesame nut mix</item></ing>
      <ing>
        <amt>
          <qty/>
          <unit/></amt>
        <item>Sunflower seeds</item></ing></ingredients>
    <directions>
      <step>  Use your own judgement on how much of each ingredient to use.  I like dates
  more than the peanuts, so I use more of those.  Combine all together and
  enjoy.
  Posted to MM-Recipes Digest  by Marie Bordewisch &lt;msleukie@mindspring.com&gt;
  on May 27, 1998
 
</step></directions></recipe></recipeml>
