<?xml version="1.0" encoding="UTF-8"?>

<recipeml version="0.5">
  <recipe>
    <head>
      <title>Ann's Texas Chili</title>
      <categories>
        <cat>Main dish</cat>
        <cat>Beef</cat>
        <cat>Tex-mex</cat></categories>
      <yield>8</yield></head>
    <ingredients>
      <ing>
        <amt>
          <qty/>
          <unit/></amt>
        <item>BURGE</item></ing>
      <ing>
        <amt>
          <qty>3</qty>
          <unit>pounds</unit></amt>
        <item>Boneless chuck -- cubed</item></ing>
      <ing>
        <amt>
          <qty>2</qty>
          <unit>tablespoons</unit></amt>
        <item>Vegetable oil</item></ing>
      <ing>
        <amt>
          <qty>3</qty>
          <unit/></amt>
        <item>Garlic cloves -- chopped</item></ing>
      <ing>
        <amt>
          <qty>2</qty>
          <unit>teaspoons</unit></amt>
        <item>Cumin</item></ing>
      <ing>
        <amt>
          <qty>3</qty>
          <unit>tablespoons</unit></amt>
        <item>Flour</item></ing>
      <ing>
        <amt>
          <qty>1</qty>
          <unit>tablespoon</unit></amt>
        <item>Oregano</item></ing>
      <ing>
        <amt>
          <qty>2</qty>
          <unit/></amt>
        <item>Beef broth cans Salt Pepper</item></ing>
      <ing>
        <amt>
          <qty>4</qty>
          <unit>tablespoons</unit></amt>
        <item>Chili powder -- or to taste</item></ing></ingredients>
    <directions>
      <step>  Heat oil in a 4 qt. pot, add beef, stirring frequently until meat loses
  color - DO NOT brown! Lower heat, stir in garlic, chili mixture, stirring
  until beef is evenly coated. Crumble oregano over meat. Add 1 1/2 cans
  broth and stir til liquid is well blended. Add salt &amp; pepper, bring to a
  boil, stirring occasionally. Reduce heat; simmer partially covered over low
  heat for 1 1/2 hours, stirring occasionally. Add remaining broth, cook 30
  minutes more. Cool thoroughly. Cover &amp; refrigerate overnight. Reheat chili
  very gently. Source: Chili-Lovers' Cookbook
  
  Recipe By     :
  
  From: Ladies Home Journal- August 1991
  
  File ftp://ftp.idiscover.co.uk/pub/food/mealmaster/recipes/mmdja006.zip
 
</step></directions></recipe></recipeml>
