<?xml version="1.0" encoding="UTF-8"?>

<recipeml version="0.5">
  <recipe>
    <head>
      <title>Annatto Marinade for Fish</title>
      <categories>
        <cat>None</cat></categories>
      <yield>1</yield></head>
    <ingredients>
      <ing>
        <amt>
          <qty>6</qty>
          <unit>tablespoons</unit></amt>
        <item>Annato seeds; soaked in water overnight</item></ing>
      <ing>
        <amt>
          <qty>1</qty>
          <unit>tablespoon</unit></amt>
        <item>Whole black peppercorns</item></ing>
      <ing>
        <amt>
          <qty>6</qty>
          <unit/></amt>
        <item>Whole allspice berries</item></ing>
      <ing>
        <amt>
          <qty>1</qty>
          <unit>teaspoon</unit></amt>
        <item>Cumin seeds; toasted</item></ing>
      <ing>
        <amt>
          <qty>10</qty>
          <unit/></amt>
        <item>Garlic cloves; peeled, minced</item></ing>
      <ing>
        <amt>
          <qty>1</qty>
          <unit>tablespoon</unit></amt>
        <item>Mexican oregano</item></ing>
      <ing>
        <amt>
          <qty>1/2</qty>
          <unit>teaspoons</unit></amt>
        <item>Ground cinnamon</item></ing>
      <ing>
        <amt>
          <qty>1/4</qty>
          <unit>teaspoons</unit></amt>
        <item>Ground cloves</item></ing>
      <ing>
        <amt>
          <qty>2</qty>
          <unit/></amt>
        <item>Bay leaves</item></ing>
      <ing>
        <amt>
          <qty>1</qty>
          <unit>cup</unit></amt>
        <item>Orange juice</item></ing>
      <ing>
        <amt>
          <qty>1/2</qty>
          <unit>cups</unit></amt>
        <item>White wine vinegar</item></ing>
      <ing>
        <amt>
          <qty>1</qty>
          <unit>cup</unit></amt>
        <item>Vegetable oil</item></ing>
      <ing>
        <amt>
          <qty>6</qty>
          <unit/></amt>
        <item>Whole red snapper or grouper, cleaned, scaled, split lengthwise</item></ing>
      <ing>
        <amt>
          <qty/>
          <unit/></amt>
        <item>Thinly sliced lime (garnish)</item></ing>
      <ing>
        <amt>
          <qty/>
          <unit/></amt>
        <item>Thinly sliced red onion (garnish)</item></ing></ingredients>
    <directions>
      <step>  Grind annatto seeds, peppercorns, allspice berries and cumin with mortar
  and pestle. Transfer to large bowl. Mix in oregano, cinnamon, cloves and
  bay leaves. Add orange juice, vinegar and vegetable oil and whisk until
  well blended. Open fish (as for book) and arrange in large glass baking
  dish. Pour marinade over. Cover and refrigerate 2 to 4 hours.
  
  Preheat oven to 375 degrees F. Remove fish from marinade; reserve marinade.
  Season fish with salt and pepper. Bake fish until cooked through, basting
  occasionally with marinade, about 45 minutes. Transfer fish to plates.
  Garnish with lime and red onion.
  
  Yield: 6 servings
  
  Recipe by: Two Hot Tamales
  
  Posted to recipelu-digest Volume 01 Number 287 by "Diane Geary"
  &lt;diane@keyway.net&gt; on Nov 22, 1997
 
</step></directions></recipe></recipeml>
