<?xml version="1.0" encoding="UTF-8"?>

<recipeml version="0.5">
  <recipe>
    <head>
      <title>Anna's Cream Cheese Pound Cake</title>
      <categories>
        <cat>Cake</cat></categories>
      <yield>12</yield></head>
    <ingredients>
      <ing>
        <amt>
          <qty>3</qty>
          <unit/></amt>
        <item>Sticks butter (preferably unsalted sweet butter)</item></ing>
      <ing>
        <amt>
          <qty>1</qty>
          <unit>package</unit></amt>
        <item>(large) cream cheese</item></ing>
      <ing>
        <amt>
          <qty>3</qty>
          <unit>cups</unit></amt>
        <item>Sugar</item></ing>
      <ing>
        <amt>
          <qty>5</qty>
          <unit/></amt>
        <item>Eggs</item></ing>
      <ing>
        <amt>
          <qty>3</qty>
          <unit>cups</unit></amt>
        <item>Flour</item></ing>
      <ing>
        <amt>
          <qty>From:</qty>
          <unit/></amt>
        <item>"Thomas J. May" &lt;Matsubayas@AOL.COM&gt;</item></ing>
      <ing>
        <amt>
          <qty>Date:</qty>
          <unit/></amt>
        <item>Wed, 31 Jul 1996 19:20:19 -0400</item></ing></ingredients>
    <directions>
      <step>  *All ingredients should be at room temp.
  
  Cream butter and cream cheese till REAL fluffy.  Add sugar gradually;add
  eggs one at a time,beating well after each one.  Blend in flour.
  
  Pour into greased and floured bundt pan.  Bake at 350 for 1 1/2 hours then
  remove PROMPTLY.
  
  *NO MATTER WHAT IT LOOOKS LIKE IT, WILL NOT LOOK DONE.  Let cool 15
  minutes,turn out of pan.
  
  Cake freezes well,in fact it tastes better after freezing.
  
  EAT-L Digest 30 July 96
  
  From the EAT-L recipe list.  Downloaded from Glen's MM Recipe Archive,
  http://www.erols.com/hosey.
 
</step></directions></recipe></recipeml>
