<?xml version="1.0" encoding="UTF-8"?>

<recipeml version="0.5">
  <recipe>
    <head>
      <title>Anna Denzer's Danish Puff</title>
      <categories>
        <cat>None</cat></categories>
      <yield>20</yield></head>
    <ingredients>
      <ing-div>
        <title>DOUGH 1</title>
        <ing>
          <amt>
            <qty>1</qty>
            <unit>cup</unit></amt>
          <item>Flour</item></ing>
        <ing>
          <amt>
            <qty>1/2</qty>
            <unit>cups</unit></amt>
          <item>Margarine</item></ing>
        <ing>
          <amt>
            <qty>2</qty>
            <unit>tablespoons</unit></amt>
          <item>Water; (or less)</item></ing></ing-div>
      <ing-div>
        <title>DOUGH 2</title>
        <ing>
          <amt>
            <qty>1/2</qty>
            <unit>cups</unit></amt>
          <item>Margarine</item></ing>
        <ing>
          <amt>
            <qty>1</qty>
            <unit>cup</unit></amt>
          <item>Water</item></ing>
        <ing>
          <amt>
            <qty>1</qty>
            <unit>teaspoon</unit></amt>
          <item>Almond extract</item></ing>
        <ing>
          <amt>
            <qty>1</qty>
            <unit>cup</unit></amt>
          <item>Flour</item></ing>
        <ing>
          <amt>
            <qty>3</qty>
            <unit/></amt>
          <item>Eggs</item></ing>
        <ing>
          <amt>
            <qty/>
            <unit/></amt>
          <item>Icing for drizzling</item></ing>
        <ing>
          <amt>
            <qty/>
            <unit/></amt>
          <item>Nuts if desired</item></ing></ing-div></ingredients>
    <directions>
      <step>  Source: Temple Gates of Heaven cooking workshop, circa 1978
  
  Yield: 2 12-inch pastries, about 10 servings each
  
  1. Combine flour and margarine of Dough 1 as for pie dough. Add the water
  and gather into a ball.
  
  2. Divide in 2 and pat each half into a 12x3 strip on a cookie sheet. (It's
  important to make them 12 inches long and you can put them side by side on
  the same cookie sheet.)
  
  3. In a medium saucepan, heat the margarine and water of Dough 2 and bring
  to a boil. Add the almond extract and remove from heat.
  
  4. Immediately stir in the flour and mix until smooth.
  
  5. Add the eggs, one at a time, combining thoroughly after each addition.
  (This is just like a cream puff dough and takes a little muscle to
  combine.)
  
  6. Spread the mixture evenly over each strip. Bake at 350 for 60 minutes.
  
  7. When partially cool, drizzle with icing. Add nuts if desired.
  
  Posted to JEWISH-FOOD digest Volume 98 #007 by fancymom@juno.com (Frances
  Kahn) on Jan 5, 1998
 
</step></directions></recipe></recipeml>
