<?xml version="1.0" encoding="UTF-8"?>

<recipeml version="0.5">
  <recipe>
    <head>
      <title>Annemarie's German Apple-Rice Souffle</title>
      <categories>
        <cat>Desserts</cat>
        <cat>Cheese/eggs</cat></categories>
      <yield>4</yield></head>
    <ingredients>
      <ing>
        <amt>
          <qty>3/4</qty>
          <unit>cups</unit></amt>
        <item>CAROLINA EXTRA LONG GRAIN</item></ing>
      <ing>
        <amt>
          <qty/>
          <unit/></amt>
        <item>ENRICHED RICE</item></ing>
      <ing>
        <amt>
          <qty>1</qty>
          <unit/></amt>
        <item>EGG, SEPARATED, OR TWO EGG</item></ing>
      <ing>
        <amt>
          <qty/>
          <unit/></amt>
        <item>WHITES</item></ing>
      <ing>
        <amt>
          <qty>1</qty>
          <unit>tablespoon</unit></amt>
        <item>HONEY</item></ing>
      <ing>
        <amt>
          <qty/>
          <unit/></amt>
        <item>LEMON ZEST FRON 1/2 LEMON</item></ing>
      <ing>
        <amt>
          <qty>1</qty>
          <unit/></amt>
        <item>APPLE, PEELED AND DICED</item></ing>
      <ing>
        <amt>
          <qty>1/4</qty>
          <unit>cups</unit></amt>
        <item>RAISINS</item></ing>
      <ing>
        <amt>
          <qty>1/4</qty>
          <unit>teaspoons</unit></amt>
        <item>VANILLA, RUM, OR BRANDY EX-</item></ing>
      <ing>
        <amt>
          <qty/>
          <unit/></amt>
        <item>TRACT</item></ing></ingredients>
    <directions>
      <step>  BRING O LARGE POT OF WATER TO A BOIL.  ADD THE RICE AND COOK OVER
  MEDIUM-LOW HEAT FOR 14 MINUTES, OR UNTIL TENDER. DRAIN AND RINSE BRIEFLY
  WITH COLD WATER.  SET ASIDE. PLACE 1 OF THE EGG WHITES IN A SMALL BOWL, AND
  BEAT WITH AN ELECTRIC MIXTURE UNTIL STIFF. PLACE THE YOKE (OR REMAINING
  WHITE) IN A LARGE BOWL.  ADD THE HONEY AND LEMON RIND. BEAT WITH AN
  ELECTRIC MIXER FOR ABOUT 3 MINUTES. FOLD IN THE RICE, APPLE, RAISINS AND
  EXTRACT. FOLD IN THE BEATEN EGG WHITE. COAT A1 1/2 QUART CASSEROLE ITH
  NON-STICK SPRAY.  ADD THE RICE MIXTURE. BAKE AT 350F FOR 25-30 MINUTES, OR
  UNTIL SET. SERVE HOT OR COLD.
  
  From Gemini's MASSIVE MealMaster collection at www.synapse.com/~gemini
 
</step></directions></recipe></recipeml>
