<?xml version="1.0" encoding="UTF-8"?>

<recipeml version="0.5">
  <recipe>
    <head>
      <title>Anne's Vegetable Dip</title>
      <categories>
        <cat>Condiments</cat>
        <cat>Dips</cat>
        <cat>Harned 1994</cat>
        <cat>Herb/spice</cat>
        <cat>Vegetables</cat></categories>
      <yield>2</yield></head>
    <ingredients>
      <ing>
        <amt>
          <qty>1</qty>
          <unit>cup</unit></amt>
        <item>Homemade mayonnaise</item></ing>
      <ing>
        <amt>
          <qty>1</qty>
          <unit>cup</unit></amt>
        <item>Sour cream</item></ing>
      <ing>
        <amt>
          <qty>1</qty>
          <unit>large</unit></amt>
        <item>Garlic clove peeled and finely chopped</item></ing>
      <ing>
        <amt>
          <qty>1</qty>
          <unit>tablespoon</unit></amt>
        <item>Finely chopped green onion</item></ing>
      <ing>
        <amt>
          <qty>1</qty>
          <unit>tablespoon</unit></amt>
        <item>Dijon mustard</item></ing>
      <ing>
        <amt>
          <qty/>
          <unit/></amt>
        <item>Chopped fresh parsley</item></ing>
      <ing>
        <amt>
          <qty/>
          <unit/></amt>
        <item>;to taste and for garnish</item></ing></ingredients>
    <directions>
      <step>  In a mixing bowl, thoroughly combine first 5 ingredients. Pour into serving
  bowl, cover and chill until serving time. The flavor improves if this is
  made ahead of time and gets to sit for awhile.
  
  To serve, garnish with chopped parsley.
  
  Recipe from Enright's sister-in-law, Anne Donaldson. In _Nancy Enright's
  Canadian Herb Cookbook_ by Nancy Enright. Toronto: James Lorimer &amp; Company,
  1985.  Pg. 52. ISBN 0-88862-788-2. Electronic format by Cathy Harned.
  
  From Gemini's MASSIVE MealMaster collection at www.synapse.com/~gemini
 
</step></directions></recipe></recipeml>
