<?xml version="1.0" encoding="UTF-8"?>

<recipeml version="0.5">
  <recipe>
    <head>
      <title>Annella Campbell's Company Cake</title>
      <categories>
        <cat>Cakes</cat>
        <cat>Desserts</cat></categories>
      <yield>8</yield></head>
    <ingredients>
      <ing-div>
        <title>CAKE</title>
        <ing>
          <amt>
            <qty>1</qty>
            <unit>cup</unit></amt>
          <item>Flour</item></ing>
        <ing>
          <amt>
            <qty>1</qty>
            <unit>teaspoon</unit></amt>
          <item>Baking powder</item></ing>
        <ing>
          <amt>
            <qty>1/8</qty>
            <unit>teaspoons</unit></amt>
          <item>Salt</item></ing>
        <ing>
          <amt>
            <qty>1/2</qty>
            <unit>cups</unit></amt>
          <item>Shortening</item></ing>
        <ing>
          <amt>
            <qty>1/2</qty>
            <unit>cups</unit></amt>
          <item>Sugar</item></ing>
        <ing>
          <amt>
            <qty>4</qty>
            <unit>large</unit></amt>
          <item>Egg yolks</item></ing>
        <ing>
          <amt>
            <qty>1/3</qty>
            <unit>cups</unit></amt>
          <item>Milk</item></ing>
        <ing>
          <amt>
            <qty>2</qty>
            <unit>teaspoons</unit></amt>
          <item>Vanilla extract</item></ing></ing-div>
      <ing-div>
        <title>WALNUT MERINGUE</title>
        <ing>
          <amt>
            <qty>5</qty>
            <unit>large</unit></amt>
          <item>Egg whites</item></ing>
        <ing>
          <amt>
            <qty>2/3</qty>
            <unit>cups</unit></amt>
          <item>Sugar</item></ing>
        <ing>
          <amt>
            <qty>1/2</qty>
            <unit>cups</unit></amt>
          <item>Chopped walnuts</item></ing></ing-div>
      <ing-div>
        <title>VANILLA CUSTARD FILLING</title>
        <ing>
          <amt>
            <qty>2</qty>
            <unit>tablespoons</unit></amt>
          <item>Sugar</item></ing>
        <ing>
          <amt>
            <qty>2</qty>
            <unit>tablespoons</unit></amt>
          <item>Cornstarch</item></ing>
        <ing>
          <amt>
            <qty>1</qty>
            <unit>pinch</unit></amt>
          <item>Salt</item></ing>
        <ing>
          <amt>
            <qty>1</qty>
            <unit>large</unit></amt>
          <item>Egg yolk</item></ing>
        <ing>
          <amt>
            <qty>1</qty>
            <unit>cup</unit></amt>
          <item>Milk</item></ing>
        <ing>
          <amt>
            <qty>1</qty>
            <unit>teaspoon</unit></amt>
          <item>Vanilla extract</item></ing></ing-div></ingredients>
    <directions>
      <step>  PREHEAT OVEN TO 325F with rack in center of oven. Generously grease 2
  8-inch layer cake pans. Dust with flour, tapping pans over sink to remove
  excess flour. FOR CAKE, sift flour, baking powder and salt together onto
  waxed paper; set aside. Use mixer to cream shortening and sugar until
  fluffy. Add egg yolks one at a time, beating well after each addition. Add
  vanilla. Combine well. Add reserved flour mixture alternately with milk,
  mixing until smooth. Divide batter between prepared pans. Use back of spoon
  to spread batter evenly; this takes a little patience. FOR MERINGUE, beat
  egg whites until they are thick and hold their shape but are still soft and
  moist. Add sugar by the tablespoon, beating well after each addition.
  Divide between pans. Use spatula to spread over batter. Sprinkle with nuts,
  dividing evenly. Bake until lightly colored and toothpick inserted into
  center comes out clean (it's OK if meringue cracks), about 30 minutes. Let
  rest 10 minutes in pans on cooling racks. Use flexible knife to release
  cake from sides of pan. Gently invert cakes. Set them meringue-side up to
  cool completely. Spread one meringue layer with filling. Top with other
  layer, meringue-side up. It's best served the day it is made but it can be
  made a day ahead and kept cool (but not refrigerated). If made ahead, keep
  covered. Yield: 1 8-inch layer cake. VANILLA CUSTARD FILLING: Combine
  sugar, cornstarch and salt in heavy 1-quart saucepan. Stir in egg yolk and
  milk. Stir over medium heat. Stir until mixture coats spoon, about 4
  minutes. Remove from heat. Stir in vanilla. Let cool completely. If mixture
  becomes lumpy, whisk vigorously, before using.
  
  From Gemini's MASSIVE MealMaster collection at www.synapse.com/~gemini
 
</step></directions></recipe></recipeml>
