<?xml version="1.0" encoding="UTF-8"?>

<recipeml version="0.5">
  <recipe>
    <head>
      <title>Anne's Dilly Pasta Salad</title>
      <categories>
        <cat>Salads</cat></categories>
      <yield>1</yield></head>
    <ingredients>
      <ing>
        <amt>
          <qty>2/3</qty>
          <unit>cups</unit></amt>
        <item>Salad Dressing</item></ing>
      <ing>
        <amt>
          <qty>1/2</qty>
          <unit>teaspoons</unit></amt>
        <item>Dill Weed</item></ing>
      <ing>
        <amt>
          <qty>1/2</qty>
          <unit>cups</unit></amt>
        <item>Radishes</item></ing>
      <ing>
        <amt>
          <qty>1 1/2</qty>
          <unit>cups</unit></amt>
        <item>Tri-Color Pasta Twists; Cooked &amp; Drained</item></ing>
      <ing>
        <amt>
          <qty>1</qty>
          <unit/></amt>
        <item>Clove Garlic; Minced</item></ing>
      <ing>
        <amt>
          <qty>1/2</qty>
          <unit>cups</unit></amt>
        <item>Carrot Slices;Thin</item></ing>
      <ing>
        <amt>
          <qty>1/2</qty>
          <unit>cups</unit></amt>
        <item>Cucumber; Chopped</item></ing>
      <ing>
        <amt>
          <qty/>
          <unit/></amt>
        <item>Salt &amp; Pepper To Taste</item></ing></ingredients>
    <directions>
      <step>  Combine salad dressing, garlic, dill and seasonings; mix well. Add rest of
  ingredients; mix lightly. Chill several hours or overnight so flavors can
  mix. Serve on lettuce with crisp crackers.
  
  NOTES : Chilling is very important.
  
  Recipe by: Adapted by Martha
  
  Posted to TNT - Prodigy's Recipe Exchange Newsletter  by "Martha Sheppard"
  &lt;marthahs@worldnet.att.net&gt; on Nov 12, 1997
 
</step></directions></recipe></recipeml>
