<?xml version="1.0" encoding="UTF-8"?>

<recipeml version="0.5">
  <recipe>
    <head>
      <title>Anne's Chicken</title>
      <categories>
        <cat>Poultry</cat></categories>
      <yield>4</yield></head>
    <ingredients>
      <ing>
        <amt>
          <qty>1</qty>
          <unit/></amt>
        <item>Frying chicken -- cut up</item></ing>
      <ing>
        <amt>
          <qty>2</qty>
          <unit>tablespoons</unit></amt>
        <item>Melted butter</item></ing>
      <ing>
        <amt>
          <qty/>
          <unit/></amt>
        <item>Salt and pepper</item></ing>
      <ing>
        <amt>
          <qty>2</qty>
          <unit>tablespoons</unit></amt>
        <item>Dry Italian salad dressing</item></ing>
      <ing>
        <amt>
          <qty/>
          <unit/></amt>
        <item>Mix</item></ing>
      <ing>
        <amt>
          <qty>10 3/4</qty>
          <unit>ounces</unit></amt>
        <item>Can condensed mushroom soup,</item></ing>
      <ing>
        <amt>
          <qty/>
          <unit/></amt>
        <item>Undiluted</item></ing>
      <ing>
        <amt>
          <qty>3</qty>
          <unit>ounces</unit></amt>
        <item>Packages cream cheese -- cut</item></ing>
      <ing>
        <amt>
          <qty/>
          <unit/></amt>
        <item>Into cubes</item></ing>
      <ing>
        <amt>
          <qty>1/2</qty>
          <unit>cups</unit></amt>
        <item>Sauterne or sherry</item></ing>
      <ing>
        <amt>
          <qty>1</qty>
          <unit>tablespoon</unit></amt>
        <item>Chopped onion</item></ing></ingredients>
    <directions>
      <step>  Wash chicken and pat dry.  Brush with butter.  Sprinkle with salt and
  pepper.  Place in slow-cooking pot.  Sprinkle dry salad mix over.  Cover
  and cook on low for 5 to 6 hours.  About 3/4 hour before serving, mix soup,
  cream cheese, wine, and onion in small saucepan.  Cook until smooth. Pour
  over chicken in pot.  Cover and cook 30 minutes on low.  Serve with sauce.
  Serve with rice or noodles.
  
  Recipe By     :
  
  From: Ladies Home Journal- August 1991
  
  File ftp://ftp.idiscover.co.uk/pub/food/mealmaster/recipes/mmdja006.zip
 
</step></directions></recipe></recipeml>
