<?xml version="1.0" encoding="UTF-8"?>

<recipeml version="0.5">
  <recipe>
    <head>
      <title>Apple Beet Borscht</title>
      <categories>
        <cat>Vegetarian</cat>
        <cat>Soups</cat>
        <cat>Fruits</cat></categories>
      <yield>6</yield></head>
    <ingredients>
      <ing>
        <amt>
          <qty>3</qty>
          <unit>ounces</unit></amt>
        <item>Tomato paste</item></ing>
      <ing>
        <amt>
          <qty>4</qty>
          <unit>cups</unit></amt>
        <item>Water or light vegetable stock</item></ing>
      <ing>
        <amt>
          <qty>1/4</qty>
          <unit>x</unit></amt>
        <item>Med. reg or green cabbage thinly sliced</item></ing>
      <ing>
        <amt>
          <qty>2</qty>
          <unit/></amt>
        <item>Carrots, julienned</item></ing>
      <ing>
        <amt>
          <qty/>
          <unit/></amt>
        <item>Clove Garlic, minced</item></ing>
      <ing>
        <amt>
          <qty>3</qty>
          <unit>x</unit></amt>
        <item>Beets, julienned</item></ing>
      <ing>
        <amt>
          <qty>1</qty>
          <unit>medium</unit></amt>
        <item>Onion, thinly sliced</item></ing>
      <ing>
        <amt>
          <qty>2</qty>
          <unit>cups</unit></amt>
        <item>Apple cider</item></ing>
      <ing>
        <amt>
          <qty>1/4</qty>
          <unit>cups</unit></amt>
        <item>Tamari</item></ing>
      <ing>
        <amt>
          <qty>1/4</qty>
          <unit>cups</unit></amt>
        <item>Sherry</item></ing>
      <ing>
        <amt>
          <qty>2</qty>
          <unit>tablespoons</unit></amt>
        <item>Molasses or honey</item></ing>
      <ing>
        <amt>
          <qty>1</qty>
          <unit>tablespoon</unit></amt>
        <item>Dried dill</item></ing>
      <ing>
        <amt>
          <qty>2</qty>
          <unit>teaspoons</unit></amt>
        <item>Dried basil</item></ing>
      <ing>
        <amt>
          <qty>1</qty>
          <unit>tablespoon</unit></amt>
        <item>Caraway seeds</item></ing>
      <ing>
        <amt>
          <qty>1</qty>
          <unit>tablespoon</unit></amt>
        <item>Canola oil</item></ing></ingredients>
    <directions>
      <step>  Saute caraway seeds in canola oil. Then, combine all
  ingredients in a soup pot. Bring to a boil, then lower
  heat and simmer 2-3 hours, stirring occasionally.
  Puree one-third of the soup in food proceessor; return
  puree to the pot and mix thoroughly. Serve hot or cold
  with a dollop of Tofu Sour Cream.
  
  From Gemini's MASSIVE MealMaster collection at www.synapse.com/~gemini
 
</step></directions></recipe></recipeml>
