<?xml version="1.0" encoding="UTF-8"?>

<recipeml version="0.5">
  <recipe>
    <head>
      <title>Apple and Raisin Bread Pudding</title>
      <categories>
        <cat>None</cat></categories>
      <yield>1</yield></head>
    <ingredients>
      <ing>
        <amt>
          <qty>4</qty>
          <unit>cups</unit></amt>
        <item>French bread; cut in cubes</item></ing>
      <ing>
        <amt>
          <qty>1 1/2</qty>
          <unit>cups</unit></amt>
        <item>Apples; green or red delicious, or a mixture</item></ing>
      <ing>
        <amt>
          <qty>1/2</qty>
          <unit>cups</unit></amt>
        <item>Raisins</item></ing>
      <ing>
        <amt>
          <qty>1 1/2</qty>
          <unit>cups</unit></amt>
        <item>Skim milk</item></ing>
      <ing>
        <amt>
          <qty>3</qty>
          <unit/></amt>
        <item>Egg Beaters Real Egg Product;, (3/4 cup)</item></ing>
      <ing>
        <amt>
          <qty>3/4</qty>
          <unit>cups</unit></amt>
        <item>Sugar;, (or 1/2 cup sugar + 3 packets Sweet 'n Low)</item></ing>
      <ing>
        <amt>
          <qty>2</qty>
          <unit>tablespoons</unit></amt>
        <item>Liquid Butter Buds</item></ing>
      <ing>
        <amt>
          <qty>1</qty>
          <unit>teaspoon</unit></amt>
        <item>Vanilla extract</item></ing>
      <ing>
        <amt>
          <qty>1/2</qty>
          <unit>teaspoons</unit></amt>
        <item>Cinnamon</item></ing>
      <ing>
        <amt>
          <qty>1/4</qty>
          <unit>teaspoons</unit></amt>
        <item>Nutmeg</item></ing></ingredients>
    <directions>
      <step>  In a 2 quart casserole that has been sprayed with a non-fat cooking spray,
  combine bread cubes, apples, and raisins; set aside. Combine milk, Egg
  Beaters, sugar, liquid Butter Buds, vanilla, cinnamon, and nutmeg; pour
  over bread mixture. Bake 350 degrees for 45 - 50 minutes or until knife
  inserted in center comes out clean. Serve warm with Dream Whip or non-fat
  frozen yogurt on top, if desired.
  
  Calories per serving: 108 (all sugar version) Calories per serving: 96 (1/2
  Sweet 'n Low
  
  Source: Butter Busters Cookbook
  Posted to recipelu-digest Volume 01 Number 524 by "Noreen Welsh"
  &lt;Noreen@iname.com&gt; on Jan 14, 1998
 
</step></directions></recipe></recipeml>
