<?xml version="1.0" encoding="UTF-8"?>

<recipeml version="0.5">
  <recipe>
    <head>
      <title>Apple Almond Wheat Bread Stuffing</title>
      <categories>
        <cat>Stuffings</cat></categories>
      <yield>4</yield></head>
    <ingredients>
      <ing>
        <amt>
          <qty>2</qty>
          <unit>cups</unit></amt>
        <item>Chopped Granny Smith apples; (1 lg. apple)</item></ing>
      <ing>
        <amt>
          <qty>1 1/2</qty>
          <unit>cups</unit></amt>
        <item>Sliced almonds</item></ing>
      <ing>
        <amt>
          <qty>3/4</qty>
          <unit>cups</unit></amt>
        <item>Chopped onion</item></ing>
      <ing>
        <amt>
          <qty>3/4</qty>
          <unit>cups</unit></amt>
        <item>Chopped celery</item></ing>
      <ing>
        <amt>
          <qty>4</qty>
          <unit>tablespoons</unit></amt>
        <item>Margarine</item></ing></ingredients>
    <directions>
      <step>  Put all ingredients above in pan and saute. Stir in 1 teaspoon cinnamon,
  1/2 teaspoon poultry seasoning, 1/4 teaspoon salt, and toss with 6 cups of
  bread cubes. Then add 1 cup raisins, 1 beaten egg, and 1/2 cup cider or
  apple juice. Put in greased 9x5 inch loaf pan. Bake at 350 degrees for 30
  minutes.
  
  Recipe by: Key Gourmet
  
  Posted to recipelu-digest by James and Susan Kirkland &lt;kirkland@gj.net&gt; on
  Feb 16, 1998
 
</step></directions></recipe></recipeml>
