<?xml version="1.0" encoding="UTF-8"?>

<recipeml version="0.5">
  <recipe>
    <head>
      <title>Apple and Cheddar Cheese Crumble</title>
      <categories>
        <cat>Desserts</cat></categories>
      <yield>6</yield></head>
    <ingredients>
      <ing>
        <amt>
          <qty>5</qty>
          <unit>large</unit></amt>
        <item>Apples</item></ing>
      <ing>
        <amt>
          <qty>1</qty>
          <unit>tablespoon</unit></amt>
        <item>Ground cinnamon</item></ing>
      <ing>
        <amt>
          <qty>1/2</qty>
          <unit>cups</unit></amt>
        <item>Firmly packed brown sugar</item></ing>
      <ing>
        <amt>
          <qty>1/2</qty>
          <unit>pounds</unit></amt>
        <item>Cheddar cheese -- grated</item></ing>
      <ing>
        <amt>
          <qty>1/2</qty>
          <unit>cups</unit></amt>
        <item>Flour</item></ing>
      <ing>
        <amt>
          <qty>1/2</qty>
          <unit>cups</unit></amt>
        <item>Rolled oats</item></ing>
      <ing>
        <amt>
          <qty>1/2</qty>
          <unit>cups</unit></amt>
        <item>Granulated sugar</item></ing>
      <ing>
        <amt>
          <qty>1/2</qty>
          <unit>cups</unit></amt>
        <item>Unsalted butter -- cut into</item></ing>
      <ing>
        <amt>
          <qty/>
          <unit>small</unit></amt>
        <item>Piece</item></ing></ingredients>
    <directions>
      <step>  1. Preheat oven to 375 degrees farenheit. Grease a 10-inch square baking
  dish.
  
  2. Peel and core apples. Cut each into 8 pieces. In a medium bowl, toss
  together apples, cinnamon, and brown sugar. Place in baking dish.
  
  3. In a medium bowl, combine cheese, flour, oats, and granulated sugar. Cut
  unsalted butter into dry ingredients with your fingers, a pastry blender,
  or two knives. Combine until mixture holds together in large crumbs. Cover
  apples with crumb mixture. Bake until apples are tender and topping is
  slightly browned (35 minutes).
  
  Recipe By     : the California Culinary Academy
  
  From: Ladies Home Journal- August 1991
  
  File ftp://ftp.idiscover.co.uk/pub/food/mealmaster/recipes/mmdja006.zip
 
</step></directions></recipe></recipeml>
