<?xml version="1.0" encoding="UTF-8"?>

<recipeml version="0.5">
  <recipe>
    <head>
      <title>Apple Apricot Caramel Pie</title>
      <categories>
        <cat>None</cat></categories>
      <yield>1</yield></head>
    <ingredients>
      <ing>
        <amt>
          <qty>1</qty>
          <unit/></amt>
        <item>Frozen or fresh pie dough shell (bake till golden)</item></ing>
      <ing>
        <amt>
          <qty>6</qty>
          <unit>large</unit></amt>
        <item>Apples (peeled, sliced in thin wedges, cored)</item></ing>
      <ing>
        <amt>
          <qty>1/4</qty>
          <unit>cups</unit></amt>
        <item>Snipped dried apricots (I like the "slab apricots" from Trader Joe's)</item></ing>
      <ing>
        <amt>
          <qty>1</qty>
          <unit>dash</unit></amt>
        <item>Cinnamon and nutmeg, to taste</item></ing>
      <ing>
        <amt>
          <qty>3</qty>
          <unit>tablespoons</unit></amt>
        <item>Fruit only apricot jam</item></ing>
      <ing>
        <amt>
          <qty>1/4</qty>
          <unit>cups</unit></amt>
        <item>Water or apple juice</item></ing>
      <ing>
        <amt>
          <qty>1/4</qty>
          <unit>cups</unit></amt>
        <item>T. Marzetti's FF caramel</item></ing>
      <ing>
        <amt>
          <qty>3/4</qty>
          <unit>cups</unit></amt>
        <item>Post- blueberry morning cereal (pick out blueberries, put back in box) :)</item></ing></ingredients>
    <directions>
      <step>  Sautee' apple slices, dried apricots in water, jam and spices.  cook till
  soft with lid on. Scoop with a slotted spoon into baked pie shell.  (this
  should be piled high with apple/apricots) Mix caramel with reserved liquid
  in pan, heat till thinned out. Sprinkle cereal ontop of apple/apr. drizzle
  caramel mix over top and bake in a preheated 375' oven for 7-10 mins.
  
  (you can use any cereal that contains grain flakes and granola chunks in
  it- on top)
  Posted to Digest eat-lf.v096.n186
  
  Date: Sun, 13 Oct 1996 04:04:13 -0700
  
  From: Harris@abilnet.com (Michael Harris)
 
</step></directions></recipe></recipeml>
