<?xml version="1.0" encoding="UTF-8"?>

<recipeml version="0.5">
  <recipe>
    <head>
      <title>Apple and Celery Soup</title>
      <categories>
        <cat>Soups</cat></categories>
      <yield>1</yield></head>
    <ingredients>
      <ing>
        <amt>
          <qty>1</qty>
          <unit>small</unit></amt>
        <item>Head of fresh celery</item></ing>
      <ing>
        <amt>
          <qty>2</qty>
          <unit>large</unit></amt>
        <item>Cooking apples</item></ing>
      <ing>
        <amt>
          <qty>1</qty>
          <unit>ounce</unit></amt>
        <item>Butter</item></ing>
      <ing>
        <amt>
          <qty>60</qty>
          <unit>fluid ounces</unit></amt>
        <item>Stock</item></ing>
      <ing>
        <amt>
          <qty>2</qty>
          <unit>medium</unit></amt>
        <item>Onions, peeled and diced</item></ing>
      <ing>
        <amt>
          <qty/>
          <unit/></amt>
        <item>Salt and milled pepper</item></ing>
      <ing>
        <amt>
          <qty/>
          <unit/></amt>
        <item>Milk to finish</item></ing>
      <ing>
        <amt>
          <qty/>
          <unit/></amt>
        <item>Chopped parsley and browned flaked almonds to garnish</item></ing>
      <ing>
        <amt>
          <qty>1</qty>
          <unit>teaspoon</unit></amt>
        <item>Soft brown sugar</item></ing></ingredients>
    <directions>
      <step>  In a large saucepan sweat off the diced onion in the butter. Wash, trim and
  dice the celery, add to the onion and continue on a low heat. Remove and
  bruises from the apples and grate them into your pan, discarding the core.
  Cook for a further 10 minutes before adding the stock, seasoning and sugar
  ~ beware too much salt if you are using a stock cube. Bring to the boil,
  then simmer, lid on, for 30 minutes - don't over cook or the celery flavour
  becomes jaded and the colours dull. Allow to cool a little before
  liquidising thoroughly. Pass through a large mesh sieve to ensure there are
  no stringy threads of celery remaining. Check seasoning and consistency,
  adding a little milk if needed. Serve in warmed bowls, sprinkled with
  parsley and the browned almond flakes.
  
  Source: Lakeland Plastics
  
  From Gemini's MASSIVE MealMaster collection at www.synapse.com/~gemini
 
</step></directions></recipe></recipeml>
