<?xml version="1.0" encoding="UTF-8"?>

<recipeml version="0.5">
  <recipe>
    <head>
      <title>Apple Beef Brisket</title>
      <categories>
        <cat>Beef</cat>
        <cat>Meats</cat></categories>
      <yield>8</yield></head>
    <ingredients>
      <ing>
        <amt>
          <qty>1</qty>
          <unit/></amt>
        <item>Beef brisket (4 to 5 lb); trimmed of fat</item></ing>
      <ing>
        <amt>
          <qty>1</qty>
          <unit>large</unit></amt>
        <item>Yellow onion; peeled and quartered</item></ing>
      <ing>
        <amt>
          <qty>2</qty>
          <unit>large</unit></amt>
        <item>Cloves garlic; chopped</item></ing>
      <ing>
        <amt>
          <qty>10</qty>
          <unit/></amt>
        <item>Cloves garlic; whole</item></ing>
      <ing>
        <amt>
          <qty>10</qty>
          <unit>ounces</unit></amt>
        <item>Jar apple jelly</item></ing>
      <ing>
        <amt>
          <qty>1/2</qty>
          <unit>cups</unit></amt>
        <item>Dry white wine</item></ing>
      <ing>
        <amt>
          <qty>3</qty>
          <unit>tablespoons</unit></amt>
        <item>Dijon mustard</item></ing>
      <ing>
        <amt>
          <qty>2</qty>
          <unit>large</unit></amt>
        <item>Green onions; chopped about 1/4 cup</item></ing>
      <ing>
        <amt>
          <qty>1/2</qty>
          <unit>teaspoons</unit></amt>
        <item>;salt</item></ing>
      <ing>
        <amt>
          <qty>3/4</qty>
          <unit>teaspoons</unit></amt>
        <item>Freshly ground black pepper</item></ing>
      <ing>
        <amt>
          <qty>3/4</qty>
          <unit>teaspoons</unit></amt>
        <item>Curry powder</item></ing>
      <ing>
        <amt>
          <qty>1</qty>
          <unit>cup</unit></amt>
        <item>Apple juice</item></ing>
      <ing>
        <amt>
          <qty>1/4</qty>
          <unit>cups</unit></amt>
        <item>Parsley; chopped, for garnish</item></ing></ingredients>
    <directions>
      <step>  Place brisket, the yellow onion, chopped garlic and garlic cloves in a
  large Dutch oven.  Add water to cover and bring to a boil. Reduce heat,
  cover and simmer 2 1/2 hours or until the brisket is tender. Drain brisket.
  (If you wish, you could keep the brisket covered with the cooking liquid
  and refrigerate it overnight. This will help prepare for the next day.) In
  a small saucepan, mix together the apple jelly, wine, mustard, green
  onions, salt, pepper, and curry powder. Heat until the jelly melts.
  
  Place brisket in a shallow roasting pan and brush some of the jelly mixture
  over the top.  Bake at 325 degrees F. for 45 minutes, basting 3 or 4 times
  with the remaining jelly mixture. Remove the meat to a platter to keep
  warm.  Place the pan over 2 burners and add apple juice, stirring to scrape
  up browned bits on bottom of pan. Bring to a boil over medium-high heat.
  Boil, stirring, until slightly thickened and reduced by about half. Pour
  into a gravy boat. Slice meat and garnish with the parsley. Serve with
  gravy.  Makes 8 servings
  
  Per 4-oz cooked meat with 3 tablespoons gravy: 396 calories, 33 g pro, 30 g
  car, 15 g fat, 105 mg chol, 295 mg sod. Source: Woman's Day Magazine.
  
  Shared and MM by Judi M. Phelps. jphelps@shell.portal.com or
  jphelps@best.com
  
  From Gemini's MASSIVE MealMaster collection at www.synapse.com/~gemini
 
</step></directions></recipe></recipeml>
