<?xml version="1.0" encoding="UTF-8"?>

<recipeml version="0.5">
  <recipe>
    <head>
      <title>Apple and Apricot Envelopes</title>
      <categories>
        <cat>Dessert</cat>
        <cat>Phyllo past</cat></categories>
      <yield>8</yield></head>
    <ingredients>
      <ing>
        <amt>
          <qty>3</qty>
          <unit>large</unit></amt>
        <item>Apples; peeled cored and chopped</item></ing>
      <ing>
        <amt>
          <qty>1/2</qty>
          <unit>cups</unit></amt>
        <item>Apricots; finely chopped (fresh or canned)</item></ing>
      <ing>
        <amt>
          <qty>1</qty>
          <unit>tablespoon</unit></amt>
        <item>Brown sugar</item></ing>
      <ing>
        <amt>
          <qty>1/2</qty>
          <unit>teaspoons</unit></amt>
        <item>Mixed spice</item></ing>
      <ing>
        <amt>
          <qty>16</qty>
          <unit/></amt>
        <item>Sheets phyllo pastry</item></ing>
      <ing>
        <amt>
          <qty>1/4</qty>
          <unit/></amt>
        <item>Light salad oil</item></ing>
      <ing>
        <amt>
          <qty/>
          <unit/></amt>
        <item>Orange zest and juice to garnish.</item></ing></ingredients>
    <directions>
      <step>  Mix apples, apricots, sugar and mixed spice together. Lay one sheet of
  pastry onto a flat surface. Brush with oil and cover with second sheet of
  pastry. Spoon filling into the pastry and fold into a envelope shape.
  Continue in this way until all the filling is used up. Bake at 200 C for 20
  mins. or until golden brown.
  
  busted by Sarah G.
  
  Recipe by: Unknown
  
  Posted to recipelu-digest by P&amp;S Gruenwald &lt;sitm@ne.infi.net&gt; on Mar 18,
  1998
 
</step></directions></recipe></recipeml>
