<?xml version="1.0" encoding="UTF-8"?>

<recipeml version="0.5">
  <recipe>
    <head>
      <title>Apples and Cranberries Pudding</title>
      <categories>
        <cat>None</cat></categories>
      <yield>4 -6</yield></head>
    <ingredients>
      <ing>
        <amt>
          <qty>4</qty>
          <unit>cups</unit></amt>
        <item>Bread crumbs toasted.</item></ing>
      <ing>
        <amt>
          <qty>3</qty>
          <unit/></amt>
        <item>Apples Grand smith; Pare, core, and slice thin, (up to 4)</item></ing>
      <ing>
        <amt>
          <qty>1</qty>
          <unit>cup</unit></amt>
        <item>Brown sugar firmly packed.</item></ing>
      <ing>
        <amt>
          <qty>3/4</qty>
          <unit>teaspoons</unit></amt>
        <item>Nutmeg Ground fresh</item></ing>
      <ing>
        <amt>
          <qty>3</qty>
          <unit>tablespoons</unit></amt>
        <item>Butter</item></ing>
      <ing>
        <amt>
          <qty>2</qty>
          <unit>cups</unit></amt>
        <item>Cranberries</item></ing></ingredients>
    <directions>
      <step>  Source: From my mother with love &amp; more. Family recipe.
  
  Place 1/2 of the apples in greased baking dish. Sprinkle with 1/2 sugar and
  nutmeg. Dot with 1/2 the butter. Add 1/2 the bread crumbs and cranberries.
  Repeat: Ending with the crumbs. Dot with the butter and bake in pre heated
  350F hot oven for 1 hour.
  
  Serve hot with Lemon Pudding.
  
  Posted to JEWISH-FOOD digest Volume 98 #004 by Zvi&amp;Rina perry
  &lt;pzvi@netvision.net.il&gt; on 4 Ja, n 98
 
</step></directions></recipe></recipeml>
