<?xml version="1.0" encoding="UTF-8"?>

<recipeml version="0.5">
  <recipe>
    <head>
      <title>Apple and Green Pear Chutney</title>
      <categories>
        <cat>Fruits</cat>
        <cat>Relishes</cat></categories>
      <yield>8</yield></head>
    <ingredients>
      <ing>
        <amt>
          <qty>2</qty>
          <unit>cups</unit></amt>
        <item>Apple cider vinegar</item></ing>
      <ing>
        <amt>
          <qty>3</qty>
          <unit>cups</unit></amt>
        <item>Sugar, brown, dark</item></ing>
      <ing>
        <amt>
          <qty>10</qty>
          <unit>large</unit></amt>
        <item>Apple, tart; peeled, cored, &amp; coarsely chopped</item></ing>
      <ing>
        <amt>
          <qty>5</qty>
          <unit/></amt>
        <item>Pear, green firm; peeled, cored, &amp; coarsely chopped</item></ing>
      <ing>
        <amt>
          <qty>2</qty>
          <unit>large</unit></amt>
        <item>Bell pepper, red; cleaned &amp; coarsely chopped</item></ing>
      <ing>
        <amt>
          <qty>1</qty>
          <unit>cup</unit></amt>
        <item>Currants, dried</item></ing>
      <ing>
        <amt>
          <qty>1</qty>
          <unit>cup</unit></amt>
        <item>Onion; coarsely chopped</item></ing>
      <ing>
        <amt>
          <qty>1/2</qty>
          <unit>cups</unit></amt>
        <item>Ginger, fresh; peeled &amp; finely chopped</item></ing>
      <ing>
        <amt>
          <qty>2</qty>
          <unit>large</unit></amt>
        <item>Lemons; seeded &amp; finely chopped (include rind)</item></ing>
      <ing>
        <amt>
          <qty>2</qty>
          <unit>teaspoons</unit></amt>
        <item>Mustard seeds, whole</item></ing>
      <ing>
        <amt>
          <qty>1</qty>
          <unit>tablespoon</unit></amt>
        <item>Mint, fresh; coarsely chopped</item></ing>
      <ing>
        <amt>
          <qty>1</qty>
          <unit>tablespoon</unit></amt>
        <item>Salt</item></ing></ingredients>
    <directions>
      <step>  In a large, nonreactive pot, bring vinegar and brown sugar to a boil over
  high heat. Add all other ingredients and turn heat to a simmer. Cook,
  stirring occasionally, until thickened, about 45 minutes. Pour into
  sterilized jars and seal.
  
   Source: Lee Bailey's California Wine Country Cooking
                    ISBN# 0-517-57450-0
  
                          From: Sallie Austin Krebs
  
  From Gemini's MASSIVE MealMaster collection at www.synapse.com/~gemini
 
</step></directions></recipe></recipeml>
