<?xml version="1.0" encoding="UTF-8"?>

<recipeml version="0.5">
  <recipe>
    <head>
      <title>Apples Baked W/orange Juice &amp; Cinnamon B</title>
      <categories>
        <cat>Dessert</cat></categories>
      <yield>4</yield></head>
    <ingredients>
      <ing>
        <amt>
          <qty>4</qty>
          <unit>large</unit></amt>
        <item>Baking apples</item></ing>
      <ing>
        <amt>
          <qty>1/2</qty>
          <unit/></amt>
        <item>Lemon</item></ing>
      <ing>
        <amt>
          <qty>1/2</qty>
          <unit>cups</unit></amt>
        <item>Chopped pitted dates</item></ing>
      <ing>
        <amt>
          <qty>2</qty>
          <unit>tablespoons</unit></amt>
        <item>Raisins</item></ing>
      <ing>
        <amt>
          <qty>1</qty>
          <unit>tablespoon</unit></amt>
        <item>Chopped cinnamon basil</item></ing>
      <ing>
        <amt>
          <qty>1</qty>
          <unit>large</unit></amt>
        <item>Orange; peel of (up to)</item></ing>
      <ing>
        <amt>
          <qty>5</qty>
          <unit/></amt>
        <item>Oranges; juice of</item></ing>
      <ing>
        <amt>
          <qty/>
          <unit/></amt>
        <item>Additional fruit juice; if needed</item></ing>
      <ing>
        <amt>
          <qty/>
          <unit/></amt>
        <item>Sugar</item></ing>
      <ing>
        <amt>
          <qty>From:</qty>
          <unit/></amt>
        <item>Althea LeBlanc &lt;TheaLater@AOL.COM&gt;</item></ing>
      <ing>
        <amt>
          <qty>Date:</qty>
          <unit/></amt>
        <item>Sat, 29 Jun 1996 17:55:20 -0400</item></ing></ingredients>
    <directions>
      <step>  by Renee Shepherd
  
  Preheat oven to 350 deg.  Core apples almost through. Pare a 1-inch strip
  of skin from around the top. Rub cut surfaces with lemon, dripping a few
  drops into the core. Combine dates, raisins and cinnamon basil and fill
  center of apple with mixture.
  
  Arrange apples in a baking dish just large enough to hold them. with a
  vegetable peeler, carefully remove the orange part of the orange peel. Cut
  peel into very fine strips.  Squeeze orange juice; pour around apples,
  using enough to make about 1/2-inch of juice in the dish. Drop cut strips
  of orange peel into juices.
  
  Bake, basting with juices every 10 or 15 minutes, for 50 minutes or until
  apples are tender when pierced with a knife.
  
  Sprinkle with a little sugar and broil with surface of fruit four inches
  below of heat Baste with remaining syrup until glazed.
  
  Best made ahead of time; serve at room temperature.  A dollop of our cream
  or fresh yogurt is a nice garnish.
  
  EAT-L Digest 28 June 1996
  
  From the EAT-L recipe list.  Downloaded from Glen's MM Recipe Archive,
  http://www.erols.com/hosey.
 
</step></directions></recipe></recipeml>
