<?xml version="1.0" encoding="UTF-8"?>

<recipeml version="0.5">
  <recipe>
    <head>
      <title>Apple and Green Tomato Relish</title>
      <categories>
        <cat>Condiment</cat></categories>
      <yield>6</yield></head>
    <ingredients>
      <ing>
        <amt>
          <qty>1 1/2</qty>
          <unit>cups</unit></amt>
        <item>Apples; finely chopped</item></ing>
      <ing>
        <amt>
          <qty>1</qty>
          <unit>cup</unit></amt>
        <item>Green Tomatoes; finely chopped</item></ing>
      <ing>
        <amt>
          <qty>1/2</qty>
          <unit>cups</unit></amt>
        <item>Red Pepper; finely chopped</item></ing>
      <ing>
        <amt>
          <qty>3/4</qty>
          <unit>cups</unit></amt>
        <item>White Vinegar</item></ing>
      <ing>
        <amt>
          <qty>1/4</qty>
          <unit>cups</unit></amt>
        <item>Onion; finely chopped</item></ing>
      <ing>
        <amt>
          <qty>1/4</qty>
          <unit>cups</unit></amt>
        <item>Green Pepper; finely chopped</item></ing>
      <ing>
        <amt>
          <qty>1</qty>
          <unit>tablespoon</unit></amt>
        <item>Dry Mustard</item></ing>
      <ing>
        <amt>
          <qty>1</qty>
          <unit>tablespoon</unit></amt>
        <item>Salt</item></ing>
      <ing>
        <amt>
          <qty>1/2</qty>
          <unit>teaspoons</unit></amt>
        <item>Allspice</item></ing>
      <ing>
        <amt>
          <qty>1/2</qty>
          <unit>teaspoons</unit></amt>
        <item>Black Pepper; coarse</item></ing>
      <ing>
        <amt>
          <qty>1</qty>
          <unit>teaspoon</unit></amt>
        <item>Mustard Seed</item></ing>
      <ing>
        <amt>
          <qty>1/4</qty>
          <unit>teaspoons</unit></amt>
        <item>Crushed Red Pepper</item></ing>
      <ing>
        <amt>
          <qty>1</qty>
          <unit/></amt>
        <item>Bay Leaf</item></ing>
      <ing>
        <amt>
          <qty>3 1/4</qty>
          <unit>cups</unit></amt>
        <item>Granulated Sugar</item></ing>
      <ing>
        <amt>
          <qty>1</qty>
          <unit/></amt>
        <item>Box CERTO LIGHT Fruit Pectin Crystals</item></ing></ingredients>
    <directions>
      <step>  MEASURE prepared fruit, vegetables, vinegar and spices into a large
  saucepan. MEASURE sugar and set aside. COMBINE fruit pectin crystals with
  1/4 cup of measured sugar. STIR pectin mixture into fruit and vegetable
  mixture. PLACE saucepan over high heat and stir until mixture comes to a
  full boil. STIR in remaining sugar. Continue to cook and stir over high
  heat until mixture comes to a full rolling boil. Boil hard 1 minute,
  stirring constantly. Remove from heat. STIR and skim foam for 5 minutes to
  prevent floating fruit. POUR quickly into warm, sterilized jars filling up
  to 1/4 inch from rim. SEAL while hot with sterilized 2-piece lids with new
  centres. Makes 6 cups Prep. time: 20 minutes Cooking Time: 20 minutes
  
  Recipe by: Certo Newsletter Volume 3, Issue 3/Carole Walberg
  
  Posted to recipelu-digest Volume 01 Number 194 by Bob &amp; Carole Walberg
  &lt;walbergr@mb.sympatico.ca&gt; on Nov 04, 1997
 
</step></directions></recipe></recipeml>
