<?xml version="1.0" encoding="UTF-8"?>

<recipeml version="0.5">
  <recipe>
    <head>
      <title>Apple and Cheddar Strata</title>
      <categories>
        <cat>Egg</cat>
        <cat>Dishes</cat></categories>
      <yield>4</yield></head>
    <ingredients>
      <ing>
        <amt>
          <qty/>
          <unit/></amt>
        <item>Vegetable cooking spray</item></ing>
      <ing>
        <amt>
          <qty>8</qty>
          <unit>slices</unit></amt>
        <item>Raisin bread; day-old (or oatmeal, white bread, etc), cubed 1/2"</item></ing>
      <ing>
        <amt>
          <qty>1</qty>
          <unit>tablespoon</unit></amt>
        <item>Canola oil</item></ing>
      <ing>
        <amt>
          <qty>2</qty>
          <unit/></amt>
        <item>Apples; cored and diced</item></ing>
      <ing>
        <amt>
          <qty>1/2</qty>
          <unit>cups</unit></amt>
        <item>Shredded lowfat cheddar cheese</item></ing>
      <ing>
        <amt>
          <qty>2</qty>
          <unit>tablespoons</unit></amt>
        <item>Brown sugar</item></ing>
      <ing>
        <amt>
          <qty>2</qty>
          <unit>cups</unit></amt>
        <item>1% low-fat milk</item></ing>
      <ing>
        <amt>
          <qty>4</qty>
          <unit/></amt>
        <item>Egg whites</item></ing>
      <ing>
        <amt>
          <qty>2</qty>
          <unit/></amt>
        <item>Whole eggs</item></ing>
      <ing>
        <amt>
          <qty>1/2</qty>
          <unit>teaspoons</unit></amt>
        <item>Baking powder</item></ing>
      <ing>
        <amt>
          <qty/>
          <unit/></amt>
        <item>Ground cinnamon</item></ing></ingredients>
    <directions>
      <step>  INTRO: If you're a Cheddar cheese lover, this low-fat version of a souffle
  is just right for you. Bake until puffed and golden. Serves 4. Preparation
  time: 12 minutes. Cooking time: 40 to 50 minutes, plus 5 minutes standing
  time.
  
  PER Serving: Calories 377, Saturated Fat 4g, Total Fat 12g, Sodium 477mg,
  Cholesterol 122 mg, Protein 19g, Carbohydrate 52g, Fiber 4g
  
  Step 1: Preheat oven to 375F. Coat an 8" x 8" x 2" baking dish with cooking
  spray. Place three-quarters of bread cubes in dish. In a nonstick skillet,
  heat oil. Saute apples until tender. Arrange apples and cheese on bread and
  sprinkle with brown sugar.
  
  Step 2: In a medium bowl, whisk together milk, egg whites, eggs, and baking
  powder. Pour egg mixture into baking dish.
  
  Step 3: Sprinkle with a little ground cinnamon and bake 40 to 50 minutes or
  until puffed and golden.
  
  Tip: Allow to stand 5 minutes before cutting. Canned apples for pie filling
  may be used.
  
  Source: the How-To Book of Healthy Cooking: Good Food That's Good for You.
  Reader's Digest Staff. (Jan 1996) ISBN#: 0895777894 Hardcover.
  
  Recipe by: Reader's Digest Healthy Cooking
  
  Posted to Digest eat-lf.v097.n313 by KitPATh &lt;phannema@wizard.ucr.edu&gt; on
  Dec 09, 1997
 
</step></directions></recipe></recipeml>
