<?xml version="1.0" encoding="UTF-8"?>

<recipeml version="0.5">
  <recipe>
    <head>
      <title>Apple and Barley Pudding</title>
      <categories>
        <cat>Irish</cat>
        <cat>Fruits</cat></categories>
      <yield>4</yield></head>
    <ingredients>
      <ing>
        <amt>
          <qty>4</qty>
          <unit>tablespoons</unit></amt>
        <item>Pearl barley</item></ing>
      <ing>
        <amt>
          <qty>1 1/2</qty>
          <unit>pounds</unit></amt>
        <item>Eating apples*</item></ing>
      <ing>
        <amt>
          <qty>2</qty>
          <unit>ounces</unit></amt>
        <item>Sugar</item></ing>
      <ing>
        <amt>
          <qty>3/4</qty>
          <unit>tablespoons</unit></amt>
        <item>Double cream</item></ing>
      <ing>
        <amt>
          <qty>1</qty>
          <unit>liter</unit></amt>
        <item>Water</item></ing></ingredients>
    <directions>
      <step>  * Peeled, cored and sliced. . Put the barley in the water and bring to the
  boil.  Add the sliced apples and continue cooking gently until the barley
  and apples are soft.  Press through a sieve, or put through the blender,
  and put back in the saucepan.
   Add the sugar and lemon juice and bring to the boil again.  Remove from
  the heat, allow to cool, and then chill.  Serve cool with the cream stirred
  in.
  
  File ftp://ftp.idiscover.co.uk/pub/food/mealmaster/recipes/mmdjaxxx.zip
 
</step></directions></recipe></recipeml>
