<?xml version="1.0" encoding="UTF-8"?>

<recipeml version="0.5">
  <recipe>
    <head>
      <title>Apple and Onion Tomato Sauce</title>
      <categories>
        <cat>None</cat></categories>
      <yield>1</yield></head>
    <ingredients>
      <ing>
        <amt>
          <qty>2</qty>
          <unit>cups</unit></amt>
        <item>Diced or peeled tomatoes; chopped (or "basic" sauce)</item></ing>
      <ing>
        <amt>
          <qty>1</qty>
          <unit>medium</unit></amt>
        <item>Onion; finely shredded</item></ing>
      <ing>
        <amt>
          <qty>1</qty>
          <unit>small</unit></amt>
        <item>Apple; finely chopped or sliced</item></ing>
      <ing>
        <amt>
          <qty>2</qty>
          <unit>tablespoons</unit></amt>
        <item>Extra virgin olive oil</item></ing>
      <ing>
        <amt>
          <qty>1</qty>
          <unit/></amt>
        <item>Bay leaf</item></ing>
      <ing>
        <amt>
          <qty>1</qty>
          <unit>pinch</unit></amt>
        <item>Salt</item></ing>
      <ing>
        <amt>
          <qty>1</qty>
          <unit>pinch</unit></amt>
        <item>Black pepper</item></ing></ingredients>
    <directions>
      <step>  (in Italy it's usually served with small pasta, such as bowties or
  corkscrews)
  
  Place oil, onion, apple and bay leaf in a saucepan. Cover and simmer on low
  heat until apple and onion are dissolved (it takes 45 to 60 minutes). Add
  tomatoes and salt, and simmer for another half hour. Add pepper after
  removing the pan from the heat.
  
  Posted to TNT - Prodigy's Recipe Exchange Newsletter  by Lucretia B
  &lt;lucretiab@geocities.com&gt; on Dec 10, 1997
 
</step></directions></recipe></recipeml>
