<?xml version="1.0" encoding="UTF-8"?>

<recipeml version="0.5">
  <recipe>
    <head>
      <title>Apple and Carrot Muffins</title>
      <categories>
        <cat>Rave review</cat>
        <cat>Breads: qui</cat>
        <cat>Vegetarian</cat>
        <cat>Eat-lf mail</cat></categories>
      <yield>1</yield></head>
    <ingredients>
      <ing>
        <amt>
          <qty>1 1/8</qty>
          <unit>cups</unit></amt>
        <item>Cake flour</item></ing>
      <ing>
        <amt>
          <qty>1 1/2</qty>
          <unit>tablespoons</unit></amt>
        <item>Cake flour</item></ing>
      <ing>
        <amt>
          <qty>1/4</qty>
          <unit>teaspoons</unit></amt>
        <item>Baking soda</item></ing>
      <ing>
        <amt>
          <qty>1</qty>
          <unit/></amt>
        <item>Egg white</item></ing>
      <ing>
        <amt>
          <qty>1/2</qty>
          <unit>cups</unit></amt>
        <item>Skim milk</item></ing>
      <ing>
        <amt>
          <qty>1/2</qty>
          <unit>tablespoons</unit></amt>
        <item>Vinegar</item></ing>
      <ing>
        <amt>
          <qty>3/4</qty>
          <unit>cups</unit></amt>
        <item>Brown sugar</item></ing>
      <ing>
        <amt>
          <qty>3/4</qty>
          <unit>cups</unit></amt>
        <item>Apple; shredded</item></ing>
      <ing>
        <amt>
          <qty>1/4</qty>
          <unit>cups</unit></amt>
        <item>Carrot; shredded</item></ing>
      <ing>
        <amt>
          <qty>1/4</qty>
          <unit>cups</unit></amt>
        <item>Unsweetened applesauce</item></ing>
      <ing>
        <amt>
          <qty>1/2</qty>
          <unit>teaspoons</unit></amt>
        <item>Vanilla</item></ing>
      <ing>
        <amt>
          <qty>1</qty>
          <unit>teaspoon</unit></amt>
        <item>Cinnamon</item></ing>
      <ing>
        <amt>
          <qty>1</qty>
          <unit>dash</unit></amt>
        <item>Ginger</item></ing>
      <ing>
        <amt>
          <qty>1</qty>
          <unit>dash</unit></amt>
        <item>Cloves</item></ing>
      <ing>
        <amt>
          <qty>1</qty>
          <unit>dash</unit></amt>
        <item>Nutmeg</item></ing></ingredients>
    <directions>
      <step>  Recipe by: Nicki  Fritz  &lt;FRITZ@QHORSE.STX.COM&gt; I tried (with a few minor
  modifications) the Apple Pie muffins Marg posted, and they were wonderful!
  They are the first muffins that actually have the consistency of regular,
  non-lf muffins.  I did use the cake flour as Marg suggested, but I had
  tried that in other muffin recipes, and still got that very rubbery
  consistency that lf-sweet things tend to have. [nf]
  
  Mix wet ingredients, and add dry.  Stir until everything is moistened
  (these make a very wet batter). Spray a muffin pan with Pam, and fill the
  muffin cups 3/4 full. Bake at 400 for 15-17 minutes, until a tootpick comes
  out dry.
  
  This was half of the original recipe, and made 9 average muffins. If I had
  a bigger pan, it probably would have made 6 nice-sized muffins. Each has
  less than 1 gram of fat per muffin.
  Posted to JEWISH-FOOD digest V96 #53
  
  Date: Tue, 15 Oct 1996 23:03:58 -0800
  
  From: "Jenny S. Johanssen" &lt;johanssen@matnet.com&gt;
 
</step></directions></recipe></recipeml>
