<?xml version="1.0" encoding="UTF-8"?>

<recipeml version="0.5">
  <recipe>
    <head>
      <title>Apple and Cabbage</title>
      <categories>
        <cat>Vegetable</cat></categories>
      <yield>6</yield></head>
    <ingredients>
      <ing>
        <amt>
          <qty>3</qty>
          <unit>slices</unit></amt>
        <item>Bacon; diced</item></ing>
      <ing>
        <amt>
          <qty>1</qty>
          <unit>large</unit></amt>
        <item>Yellow onion; sliced</item></ing>
      <ing>
        <amt>
          <qty>2</qty>
          <unit/></amt>
        <item>Heads cabbage; cored &amp; sliced as for sauerkraut</item></ing>
      <ing>
        <amt>
          <qty>3</qty>
          <unit/></amt>
        <item>Granny Smith or other cooking apples; cored &amp; sliced</item></ing>
      <ing>
        <amt>
          <qty>1/2</qty>
          <unit>teaspoons</unit></amt>
        <item>Whole caraway seeds</item></ing>
      <ing>
        <amt>
          <qty>1/2</qty>
          <unit>cups</unit></amt>
        <item>Dry white wine</item></ing>
      <ing>
        <amt>
          <qty/>
          <unit/></amt>
        <item>Salt &amp; freshly ground black pepper to taste</item></ing></ingredients>
    <directions>
      <step>  SERVES 6-8 AS A VEGETABLE DISH
  
    This is more typical of Pennsylvania Dutch cooking than anything else.
  The apples add a sweetness to the harsh taste of that old lifesaver,
  cabbage. This dish works well as an accompaniment to most meals.
  
    Heat a large Dutch oven and saut‚ the bacon until clear. Add the onions
  and saut‚ until they barely begin to brown. Add the remaining ingredients
  and cook, covered, stirring often, until all is tender.
  
  From &lt;The Frugal Gourmet Cooks American&gt;.  Downloaded from Glen's MM Recipe
  Archive, http://www.erols.com/hosey.
 
</step></directions></recipe></recipeml>
