<?xml version="1.0" encoding="UTF-8"?>

<recipeml version="0.5">
  <recipe>
    <head>
      <title>Apple and Rum Custard Cake</title>
      <categories>
        <cat>Cakes</cat>
        <cat>Desserts</cat></categories>
      <yield>8</yield></head>
    <ingredients>
      <ing>
        <amt>
          <qty>1 1/2</qty>
          <unit>cups</unit></amt>
        <item>Flour; unbleached, unsifted</item></ing>
      <ing>
        <amt>
          <qty>5</qty>
          <unit>tablespoons</unit></amt>
        <item>Sugar</item></ing>
      <ing>
        <amt>
          <qty>1</qty>
          <unit>tablespoon</unit></amt>
        <item>Lemon rind; grated</item></ing>
      <ing>
        <amt>
          <qty>2/3</qty>
          <unit>cups</unit></amt>
        <item>Butter or margarine</item></ing>
      <ing>
        <amt>
          <qty>1</qty>
          <unit/></amt>
        <item>Egg yolk; large</item></ing>
      <ing>
        <amt>
          <qty>1</qty>
          <unit>tablespoon</unit></amt>
        <item>Milk filling-----------</item></ing>
      <ing>
        <amt>
          <qty>1/2</qty>
          <unit>cups</unit></amt>
        <item>Soft bread crumbs</item></ing>
      <ing>
        <amt>
          <qty>2</qty>
          <unit>tablespoons</unit></amt>
        <item>Butter or margarine; melted</item></ing>
      <ing>
        <amt>
          <qty>4</qty>
          <unit>cups</unit></amt>
        <item>Apples; tart, sliced</item></ing>
      <ing>
        <amt>
          <qty>1</qty>
          <unit>tablespoon</unit></amt>
        <item>Lemon juice</item></ing>
      <ing>
        <amt>
          <qty>1/4</qty>
          <unit>cups</unit></amt>
        <item>Sugar</item></ing>
      <ing>
        <amt>
          <qty>1/4</qty>
          <unit>cups</unit></amt>
        <item>Raisins; *</item></ing>
      <ing>
        <amt>
          <qty>1/4</qty>
          <unit>cups</unit></amt>
        <item>Rum</item></ing>
      <ing>
        <amt>
          <qty>3</qty>
          <unit/></amt>
        <item>Eggs; large, beaten</item></ing>
      <ing>
        <amt>
          <qty>1/3</qty>
          <unit>cups</unit></amt>
        <item>Sugar</item></ing>
      <ing>
        <amt>
          <qty>1 3/4</qty>
          <unit>cups</unit></amt>
        <item>Milk</item></ing></ingredients>
    <directions>
      <step>  *    Soak raisins in 1/4 cup rum for 1/2 hour before using.
  +++++++++++++++++++++++++++++++++++++++++++++++++++++++ ++++++++++++++ ++++
  CRUST: To make crust, mix flour, sugar, and lemon rind. Cut in butter or
  margarine until mixture resembles coarse crumbs. Add egg yolk and 1 T of
  milk; mix gently to form a dough. Pat into bottom of a 10-inch Springform
  pan that has sides only greased. Press dough up sides of pan for 1 inch.
  FILLING: Toss together bread crumbs and melted butter.
   Spread evenly over pastry crust.  Toss apple slices, lemon juice, and 1/4
  c of sugar.  Spread apples over crumbs. Drain raisins, reserving rum, and
  sprinkle raisins over apples. Bake in a preheated 350 degree F. oven for 15
  minutes.  Beat eggs and sugar until thick and lemon-colored. Stir in milk
  and reserved rum. Pour custard over apples and bake for 45 to 60 minutes at
  350 degrees F. until custard is set. Cool completely before serving. Do NOT
  remove springform pan until cool.
  
  From Gemini's MASSIVE MealMaster collection at www.synapse.com/~gemini
 
</step></directions></recipe></recipeml>
