<?xml version="1.0" encoding="UTF-8"?>

<recipeml version="0.5">
  <recipe>
    <head>
      <title>Apple and Butternut Squash Soup</title>
      <categories>
        <cat>Soups</cat>
        <cat>Fruits</cat>
        <cat>Cyberealm</cat></categories>
      <yield>10</yield></head>
    <ingredients>
      <ing>
        <amt>
          <qty>3</qty>
          <unit>tablespoons</unit></amt>
        <item>Unsalted Butter</item></ing>
      <ing>
        <amt>
          <qty>1</qty>
          <unit>large</unit></amt>
        <item>Onion, chopped</item></ing>
      <ing>
        <amt>
          <qty>2</qty>
          <unit>tablespoons</unit></amt>
        <item>Curry Powder</item></ing>
      <ing>
        <amt>
          <qty>1</qty>
          <unit>teaspoon</unit></amt>
        <item>Chili Powder</item></ing>
      <ing>
        <amt>
          <qty>2 1/2</qty>
          <unit>cups</unit></amt>
        <item>Chicken Broth</item></ing>
      <ing>
        <amt>
          <qty>3</qty>
          <unit>pounds</unit></amt>
        <item>Butternut Squash, peeled,</item></ing>
      <ing>
        <amt>
          <qty/>
          <unit/></amt>
        <item>Seeded and cubed (8 cups)</item></ing>
      <ing>
        <amt>
          <qty>21</qty>
          <unit>ounces</unit></amt>
        <item>Granny Smith Apples, peeled,</item></ing>
      <ing>
        <amt>
          <qty/>
          <unit/></amt>
        <item>Cored, and chopped (3 cups)</item></ing>
      <ing>
        <amt>
          <qty/>
          <unit/></amt>
        <item>Salt and Pepper</item></ing>
      <ing>
        <amt>
          <qty>1/2</qty>
          <unit>cups</unit></amt>
        <item>Heavy Cream</item></ing>
      <ing>
        <amt>
          <qty>2 1/2</qty>
          <unit>cups</unit></amt>
        <item>Chicken Broth</item></ing>
      <ing>
        <amt>
          <qty>1</qty>
          <unit>tablespoon</unit></amt>
        <item>Fresh Parsley, chopped, or</item></ing>
      <ing>
        <amt>
          <qty>1</qty>
          <unit>tablespoon</unit></amt>
        <item>Fresh Cilantro, chopped</item></ing></ingredients>
    <directions>
      <step>  In a large heavy pot, melt butter over medium heat. Add onions and saute
  until translucent, about 5 minutes. Add curry powder and chili powder. Mix
  well. Cook, stirring occasionally, 5 minutes. Stir in 2 1/2 cups chicken
  broth, squash, apples, and salt and pepper to taste. Bring to a boil.
  Reduce heat. Cover and simmer 30-45 minutes until squash is very tender,
  stirring occasionally.
  
  Strain soup, reserving liquid. Puree vegetables in a food processor in
  several batches. In same pot, combine vegetable puree, reserved cooking
  liquid, cream, and 2 1/2 cups chicken broth. Bring just to simmering. Ladle
  soup into warm bowls. Garnish with parsley.
  
  Source: Victoria Magazine, January 1994 Typed by Katherine Smith
  
  From Gemini's MASSIVE MealMaster collection at www.synapse.com/~gemini
 
</step></directions></recipe></recipeml>
