<?xml version="1.0" encoding="UTF-8"?>

<recipeml version="0.5">
  <recipe>
    <head>
      <title>Apple and Honey Scones with Sweet Cinnamon Topping</title>
      <categories>
        <cat>None</cat></categories>
      <yield>10</yield></head>
    <ingredients>
      <ing-div>
        <title/>
        <ing>
          <amt>
            <qty>1/4</qty>
            <unit>teaspoons</unit></amt>
          <item>Salt; (optional)</item></ing>
        <ing>
          <amt>
            <qty>2</qty>
            <unit>cups</unit></amt>
          <item>All-purpose flour</item></ing>
        <ing>
          <amt>
            <qty>1/3</qty>
            <unit>cups</unit></amt>
          <item>Margarine</item></ing>
        <ing>
          <amt>
            <qty>2/3</qty>
            <unit>cups</unit></amt>
          <item>Wheat germ</item></ing>
        <ing>
          <amt>
            <qty>1 1/4</qty>
            <unit>cups</unit></amt>
          <item>Apple; peeled, finely chopped</item></ing>
        <ing>
          <amt>
            <qty>2</qty>
            <unit>teaspoons</unit></amt>
          <item>Baking powder</item></ing>
        <ing>
          <amt>
            <qty>1</qty>
            <unit>teaspoon</unit></amt>
          <item>Ground cinnamon</item></ing>
        <ing>
          <amt>
            <qty>1/2</qty>
            <unit>cups</unit></amt>
          <item>Skim milk</item></ing>
        <ing>
          <amt>
            <qty>1/4</qty>
            <unit>teaspoons</unit></amt>
          <item>Ground nutmeg</item></ing>
        <ing>
          <amt>
            <qty>1/4</qty>
            <unit>cups</unit></amt>
          <item>Honey</item></ing>
        <ing>
          <amt>
            <qty>1/4</qty>
            <unit>teaspoons</unit></amt>
          <item>Baking soda</item></ing></ing-div>
      <ing-div>
        <title>TOPPING</title>
        <ing>
          <amt>
            <qty>1</qty>
            <unit>tablespoon</unit></amt>
          <item>Wheat germ</item></ing>
        <ing>
          <amt>
            <qty>1/4</qty>
            <unit>teaspoons</unit></amt>
          <item>Ground cinnamon</item></ing>
        <ing>
          <amt>
            <qty>1</qty>
            <unit>tablespoon</unit></amt>
          <item>Sugar</item></ing></ing-div></ingredients>
    <directions>
      <step>  Cost: $ - Preparation Time: 20 minutes Difficulty Level: 3 - Servings:
  makes 10 scones
  
  1. Heat oven 400F. Lightly spray large cookie sheet with non-stick cooking
  spray or grease lightly. Handle the dough gently, over-mixing scones can
  make them tough.
  
  2. Combine flour, wheat germ, baking powder, spices, baking soda and salt.
  Cut in margarine until mixture resembles coarse crumbs. Add combined apple,
  milk and honey, mixing just until dry ingredients are moistened.
  
  3. Turn dough out onto lightly floured surface; knead gently 5 to 6 times.
  Pat dough into 9-inch circle.
  
  4. Mix together topping ingredients. Sprinkle over dough. Cut dough into 10
  wedges. Place 1/2-inch apart on prepared cookie sheet. Bake 16 to 18
  minutes or until light golden brown.
  
  NUTRITIONAL INFORMATION per scone: 220 calories; 6g protein; 34g
  carbohydrate;
        7 g  fat; 210 mg sodium
  
  Posted to The Gourmet Connection Recipe Page Newsletter  by Gourmet
  Connection &lt;newsletter@gourmetconnection.com&gt; on Apr 21, 1998
 
</step></directions></recipe></recipeml>
