<?xml version="1.0" encoding="UTF-8"?>

<recipeml version="0.5">
  <recipe>
    <head>
      <title>Apple and Fennel Pandowdy</title>
      <categories>
        <cat>Fruits</cat>
        <cat>Desserts</cat></categories>
      <yield>10</yield></head>
    <ingredients>
      <ing-div>
        <title/>
        <ing>
          <amt>
            <qty>5</qty>
            <unit>large</unit></amt>
          <item>Apples</item></ing>
        <ing>
          <amt>
            <qty>1 1/2</qty>
            <unit>cups</unit></amt>
          <item>Fennel bulb</item></ing>
        <ing>
          <amt>
            <qty>2</qty>
            <unit>tablespoons</unit></amt>
          <item>Lemon juice</item></ing>
        <ing>
          <amt>
            <qty>1/2</qty>
            <unit>cups</unit></amt>
          <item>Honey</item></ing>
        <ing>
          <amt>
            <qty>1/2</qty>
            <unit>cups</unit></amt>
          <item>Apple cider</item></ing>
        <ing>
          <amt>
            <qty>1 1/2</qty>
            <unit>tablespoons</unit></amt>
          <item>Sambuca (anise liqueur)</item></ing>
        <ing>
          <amt>
            <qty>1/4</qty>
            <unit>teaspoons</unit></amt>
          <item>Nutmeg</item></ing>
        <ing>
          <amt>
            <qty>1/2</qty>
            <unit>teaspoons</unit></amt>
          <item>Ground allspice</item></ing>
        <ing>
          <amt>
            <qty>1/4</qty>
            <unit>teaspoons</unit></amt>
          <item>Salt</item></ing></ing-div>
      <ing-div>
        <title>TOPPING</title>
        <ing>
          <amt>
            <qty>2</qty>
            <unit>teaspoons</unit></amt>
          <item>Sugar</item></ing>
        <ing>
          <amt>
            <qty>12</qty>
            <unit/></amt>
          <item>Hazelnuts</item></ing>
        <ing>
          <amt>
            <qty>1 3/4</qty>
            <unit>cups</unit></amt>
          <item>Flour</item></ing>
        <ing>
          <amt>
            <qty>1/2</qty>
            <unit>teaspoons</unit></amt>
          <item>Salt</item></ing>
        <ing>
          <amt>
            <qty>2</qty>
            <unit>ounces</unit></amt>
          <item>Cold shortening</item></ing>
        <ing>
          <amt>
            <qty>3</qty>
            <unit>ounces</unit></amt>
          <item>Cold unsalted butter</item></ing>
        <ing>
          <amt>
            <qty>4</qty>
            <unit>tablespoons</unit></amt>
          <item>Ice water</item></ing></ing-div></ingredients>
    <directions>
      <step>  Peel and core apples and cut into 1/2-inch slices. Dice fennel. Toast and
  peel hazelnuts. Cut butter into 1/2-inch pieces.
  
  Combine  apples, fennel, lemon juice, honey, cider,  sambuca, nutmeg,
  allspice and salt in a bowl; toss gently to combine. Cover and set aside.
  
  Topping: Combine sugar, nuts, flour and salt in a processor.  Pulse until
  nuts are finely ground. Add shortening and butter and pulse until mixture
  resembles coarse meal. Add water, 1 tablespoon at a time, pulsing briefly
  after each addition.  Continue adding water until mixture holds together
  when pinched between your fingers. Do not overmix or the dough will be
  tough. Pat into a disc, wrap in plastic wrap, and refrigerate at least 30
  minutes.
  
  Preheat oven to 375 degrees.
  
  Spoon the apple mixture into a 9 x 13-inch glass baking dish.  Roll out the
  dough on a lightly floured surface to a 9 x 13-inch rectangle; gently lay
  the dough over the fruit, tucking in the edges. Bake for 30 minutes. Remove
  from the oven and, using a spoon or spatula, break crust into 3- or 4-inch
  irregular squares.  Press pieces into the apples, "dowdying" the appearance
  of the dish. Return to oven and bake for 20 minutes, until well browned.
  Let cool 15 minutes before serving.
  
  Source: The San Francisco Chronicle, November 22, 1995
  Posted to MM-Recipes Digest V3 #296
  
  Date: Mon, 28 Oct 1996 16:20:24 +0000
  
  From: Linda Place &lt;placel@worldnet.att.net&gt;
 
</step></directions></recipe></recipeml>
