<?xml version="1.0" encoding="UTF-8"?>

<recipeml version="0.5">
  <recipe>
    <head>
      <title>Apple and Dried Cherry Cobbler with Buttermilk Biscuits</title>
      <categories>
        <cat>T</cat>
        <cat>H</cat>
        <cat>A</cat>
        <cat>N</cat>
        <cat>K</cat></categories>
      <yield>10</yield></head>
    <ingredients>
      <ing-div>
        <title>FILLING</title>
        <ing>
          <amt>
            <qty>6</qty>
            <unit>large</unit></amt>
          <item>Ida red apples peeled; cored and sliced</item></ing>
        <ing>
          <amt>
            <qty>1/2</qty>
            <unit>cups</unit></amt>
          <item>Light brown sugar; (up to 3/4)</item></ing>
        <ing>
          <amt>
            <qty>3</qty>
            <unit>tablespoons</unit></amt>
          <item>Flour</item></ing>
        <ing>
          <amt>
            <qty>1</qty>
            <unit>teaspoon</unit></amt>
          <item>Cinnamon</item></ing>
        <ing>
          <amt>
            <qty>1/4</qty>
            <unit>teaspoons</unit></amt>
          <item>Ground cloves</item></ing>
        <ing>
          <amt>
            <qty/>
            <unit/></amt>
          <item>Freshly grated nutmeg</item></ing>
        <ing>
          <amt>
            <qty>1 1/2</qty>
            <unit>cups</unit></amt>
          <item>Dried cherries</item></ing>
        <ing>
          <amt>
            <qty>2</qty>
            <unit>tablespoons</unit></amt>
          <item>Fresh squeezed lemon juice</item></ing>
        <ing>
          <amt>
            <qty>1 1/2</qty>
            <unit>teaspoons</unit></amt>
          <item>Grated lemon peel</item></ing>
        <ing>
          <amt>
            <qty>3</qty>
            <unit>tablespoons</unit></amt>
          <item>Unsalted butter; cut into bits</item></ing></ing-div>
      <ing-div>
        <title>BISCUIT TOPPING</title>
        <ing>
          <amt>
            <qty>2</qty>
            <unit>cups</unit></amt>
          <item>Flour</item></ing>
        <ing>
          <amt>
            <qty>1</qty>
            <unit>tablespoon</unit></amt>
          <item>Sugar</item></ing>
        <ing>
          <amt>
            <qty>2 1/2</qty>
            <unit>teaspoons</unit></amt>
          <item>Baking powder</item></ing>
        <ing>
          <amt>
            <qty>1/2</qty>
            <unit>teaspoons</unit></amt>
          <item>Baking soda</item></ing>
        <ing>
          <amt>
            <qty>1/2</qty>
            <unit>teaspoons</unit></amt>
          <item>Salt</item></ing>
        <ing>
          <amt>
            <qty>4</qty>
            <unit>tablespoons</unit></amt>
          <item>Cold unsalted butter; cut into bits</item></ing>
        <ing>
          <amt>
            <qty>2</qty>
            <unit>tablespoons</unit></amt>
          <item>Cold vegetable shortening; cut into bits</item></ing>
        <ing>
          <amt>
            <qty>1</qty>
            <unit>cup</unit></amt>
          <item>Heavy cream; plus 2 tablespoons</item></ing>
        <ing>
          <amt>
            <qty/>
            <unit/></amt>
          <item>Cinnamon sugar; for sprinkling</item></ing></ing-div></ingredients>
    <directions>
      <step>  Heat oven to 375 degrees..
  
  In a bowl, combine apples, sugar, flour, spices to taste, cherries, lemon
  juice and peel, and butter. Toss to mix; transfer to a buttered deep round
  baking dish.
  
  Into a bowl, sift together flour, sugar, baking powder, soda and salt. Add
  butter and shortening and blend with your fingertips or pastry blender
  until it resembles coarse meal. Add 1 cup of the cream, stirring until
  dough forms a ball. Be careful not to overwork dough. On a lightly floured
  surface, turn out dough and pat into a 1/2-inch thick round. Use a 2 to 2
  1/2-inch biscuit cutter to stamp out rounds. Gather scraps into a round and
  stamp out more rounds.
  
  Arrange rounds, lightly touching one another, on top of apple filling so
  they form one continuous layer. Brush tops with remaining 2 tablespoons
  heavy cream and sprinkle with cinnamon sugar to taste. Bake cobbler in
  middle of oven 35 to 40 minutes, or until filling is bubbling and dough is
  pale golden.
  
  Yield: 10 to 12 servings
  
  Notes: Thanksgiving Special with Drew Nieporent
  
  Recipe by: TVFN Show #TGSP94
  
  Posted to MC-Recipe Digest V1 #921 by Sue &lt;suechef@sover.net&gt; on Nov 23,
  1997
 
</step></directions></recipe></recipeml>
