<?xml version="1.0" encoding="UTF-8"?>

<recipeml version="0.5">
  <recipe>
    <head>
      <title>Apple and Onion Sauce</title>
      <categories>
        <cat>None</cat></categories>
      <yield>4</yield></head>
    <ingredients>
      <ing>
        <amt>
          <qty>4</qty>
          <unit>tablespoons</unit></amt>
        <item>Extra virgin olive oil</item></ing>
      <ing>
        <amt>
          <qty>2</qty>
          <unit>medium</unit></amt>
        <item>Onions; finely shredded</item></ing>
      <ing>
        <amt>
          <qty>2</qty>
          <unit>small</unit></amt>
        <item>Apples; finely chopped or sliced</item></ing>
      <ing>
        <amt>
          <qty>1</qty>
          <unit/></amt>
        <item>Bay leaf</item></ing>
      <ing>
        <amt>
          <qty>4</qty>
          <unit>cups</unit></amt>
        <item>Diced or peeled tomatoes</item></ing>
      <ing>
        <amt>
          <qty>1</qty>
          <unit>pinch</unit></amt>
        <item>Salt</item></ing>
      <ing>
        <amt>
          <qty>1</qty>
          <unit>pinch</unit></amt>
        <item>Black pepper</item></ing></ingredients>
    <directions>
      <step>  Place oil, onion, apple and bay leaf in a saucepan. Cover and simmer on low
  heat until apple and onion are dissolved (it takes 45 to 60 minutes). Add
  tomatoes and salt, and simmer for another half hour. Add pepper after
  removing the pan from the heat.
  
  Posted to TNT Recipes Digest by Lucretia B &lt;lucretiab@geocities.com&gt; on Feb
  16, 1998
 
</step></directions></recipe></recipeml>
