<?xml version="1.0" encoding="UTF-8"?>

<recipeml version="0.5">
  <recipe>
    <head>
      <title>Apple and Mint Chutney</title>
      <categories>
        <cat>None</cat></categories>
      <yield>1</yield></head>
    <ingredients>
      <ing>
        <amt>
          <qty>2</qty>
          <unit>cups</unit></amt>
        <item>Light brown sugar</item></ing>
      <ing>
        <amt>
          <qty>1 1/2</qty>
          <unit>cups</unit></amt>
        <item>Sultanas (golden raisins)</item></ing>
      <ing>
        <amt>
          <qty>2</qty>
          <unit>teaspoons</unit></amt>
        <item>Dry mustard (Coleman's)</item></ing>
      <ing>
        <amt>
          <qty>2</qty>
          <unit>pounds</unit></amt>
        <item>Tart apples, chopped</item></ing>
      <ing>
        <amt>
          <qty>1/2</qty>
          <unit>cups</unit></amt>
        <item>Fresh peppermint, chopped</item></ing>
      <ing>
        <amt>
          <qty>1/2</qty>
          <unit>cups</unit></amt>
        <item>Whiskey</item></ing>
      <ing>
        <amt>
          <qty>1</qty>
          <unit>teaspoon</unit></amt>
        <item>Salt</item></ing>
      <ing>
        <amt>
          <qty>1/2</qty>
          <unit>teaspoons</unit></amt>
        <item>Each: mace, allspice</item></ing>
      <ing>
        <amt>
          <qty>1/4</qty>
          <unit>teaspoons</unit></amt>
        <item>Ground clove</item></ing></ingredients>
    <directions>
      <step>  NOTE: This one also works with pears replacing apples.
  
  GENERAL INSTRUCTIONS: Combine all ingredients in a stainless steel pot.
  Bring to a boil uncovered. Then lower to a simmer and cover for for the
  remaining cooking time: about 1 hour. The mixture should be thick like a
  good finished jam or marmalade.
  
  Posted to FOODWINE Digest 19 October 96
  
  Date:    Sat, 19 Oct 1996 17:00:15 -0700
  
  From:    Jared M Brown and Anistatia R Miller &lt;writers@AXIONET.COM&gt;
 
</step></directions></recipe></recipeml>
