<?xml version="1.0" encoding="UTF-8"?>

<recipeml version="0.5">
  <recipe>
    <head>
      <title>Apple and Raisin Sauce for Ham</title>
      <categories>
        <cat>Fruits</cat>
        <cat>Sauces</cat></categories>
      <yield>6</yield></head>
    <ingredients>
      <ing>
        <amt>
          <qty>1</qty>
          <unit>cup</unit></amt>
        <item>Apple Sauce</item></ing>
      <ing>
        <amt>
          <qty>1/2</qty>
          <unit>cups</unit></amt>
        <item>Apple Butter</item></ing>
      <ing>
        <amt>
          <qty>1/2</qty>
          <unit>cups</unit></amt>
        <item>Raisins</item></ing>
      <ing>
        <amt>
          <qty>1/2</qty>
          <unit>cups</unit></amt>
        <item>Maple Syrup</item></ing></ingredients>
    <directions>
      <step>  Combine all the ingredients in a saucepan and simmer until bubbly.
  
  Makes 2 1/4 cups of sauce.
  
  "More Recipes from the Backs of Boxes, Bottles, Cans &amp; Jars", by Ceil Dyer.
  File ftp://ftp.idiscover.co.uk/pub/food/mealmaster/recipes/sauces1.zip
 
</step></directions></recipe></recipeml>
