<?xml version="1.0" encoding="UTF-8"?>

<recipeml version="0.5">
  <recipe>
    <head>
      <title>Apple and Apricot Chutney</title>
      <categories>
        <cat>Salads</cat></categories>
      <yield>1</yield></head>
    <ingredients>
      <ing>
        <amt>
          <qty>5</qty>
          <unit/></amt>
        <item>Granny Smith apples; peeled and diced</item></ing>
      <ing>
        <amt>
          <qty>1/2</qty>
          <unit>pounds</unit></amt>
        <item>Dried apricots; diced</item></ing>
      <ing>
        <amt>
          <qty>150</qty>
          <unit>grams</unit></amt>
        <item>Black currants; about 1/2 cup</item></ing>
      <ing>
        <amt>
          <qty>150</qty>
          <unit>grams</unit></amt>
        <item>White raisins</item></ing>
      <ing>
        <amt>
          <qty>1 1/2</qty>
          <unit>cups</unit></amt>
        <item>White vinegar</item></ing>
      <ing>
        <amt>
          <qty>200</qty>
          <unit>grams</unit></amt>
        <item>Brown sugar; about 1 cup</item></ing>
      <ing>
        <amt>
          <qty>1</qty>
          <unit/></amt>
        <item>Whole ginger; peeled and grated</item></ing>
      <ing>
        <amt>
          <qty>6</qty>
          <unit/></amt>
        <item>Cardamoms; use only the seeds</item></ing>
      <ing>
        <amt>
          <qty>2</qty>
          <unit/></amt>
        <item>Garlic cloves; minced.</item></ing>
      <ing>
        <amt>
          <qty>5</qty>
          <unit/></amt>
        <item>Cayenne peppers</item></ing>
      <ing>
        <amt>
          <qty>1</qty>
          <unit>tablespoon</unit></amt>
        <item>Black mustard grains</item></ing>
      <ing>
        <amt>
          <qty>1</qty>
          <unit/></amt>
        <item>Clove</item></ing>
      <ing>
        <amt>
          <qty>1</qty>
          <unit>teaspoon</unit></amt>
        <item>Ground cumin</item></ing></ingredients>
    <directions>
      <step>  Place everything in a saucepan. Simmer 1 hour, stirring a few times while
  cooking. Add a little water if it becomes too dry. May be kept in the
  refrigerator for up to 6 months.
  
  Serving Ideas : Serve it as a condiment with curries
  
  Recipe by: Miriam P. Posvolsky
  
  Posted to TNT - Prodigy's Recipe Exchange Newsletter  by Leon &amp; Miriam
  Posvolsky &lt;miriamp@pobox.com&gt; on Sep 12, 1997
 
</step></directions></recipe></recipeml>
