<?xml version="1.0" encoding="UTF-8"?>

<recipeml version="0.5">
  <recipe>
    <head>
      <title>Apple and Raisin Tarte Tatin</title>
      <categories>
        <cat>None</cat></categories>
      <yield>6</yield></head>
    <ingredients>
      <ing>
        <amt>
          <qty>2</qty>
          <unit>tablespoons</unit></amt>
        <item>Butter</item></ing>
      <ing>
        <amt>
          <qty>3</qty>
          <unit>tablespoons</unit></amt>
        <item>Rum</item></ing>
      <ing>
        <amt>
          <qty>1</qty>
          <unit>cup</unit></amt>
        <item>Mixed raisins and currants</item></ing>
      <ing>
        <amt>
          <qty>2</qty>
          <unit>pounds</unit></amt>
        <item>Med apples; (about 6)</item></ing>
      <ing>
        <amt>
          <qty>1/2</qty>
          <unit>packages</unit></amt>
        <item>(17 oz) frozen puff pastry</item></ing>
      <ing>
        <amt>
          <qty>1/4</qty>
          <unit>cups</unit></amt>
        <item>Plus 2 Tbs white sugar</item></ing></ingredients>
    <directions>
      <step>  Oven: 400F
  
  Peel, core and cut apples into eighths. Fill a bowl, large enough to set a
  9" cast iron fry pan in, with ice cubes and then top up with water. Melt
  butter in 9" cast iron fry pan over medium heat. Add sugar. CONTINUOUSLY
  STIR until brown and JUST caramelized. Place fry pan in ice water to harden
  then onto a cooling rack. Set oven. Place raisins and currants in small
  bowl. Add rum and cover with hot water. Drain after 5 or so minutes.
  Sprinkle third of raisins and currants over caramel. Place apple slices,
  rounded side down and packed as close together as possible, in a circular
  pattern. Sprinkle with remaining raisins and currants. Cut pastry 2 inches
  larger than skillet. Put pastry on top and tuck down sides and under the
  edge of the outside row of apples. Bake 30 minutes and then turn out onto a
  decorative plate while still hot.
  
  Serve while still warm with freshly whipped cream.
  
  Src: Bon Appetit, Nov '93 Qty: Serves 6
  
  Posted to TNT Recipes Digest, Vol 01, Nr 927 by Rod Grant
  &lt;rodgrant@magi.com&gt; on Jan 10, 1998
 
</step></directions></recipe></recipeml>
