<?xml version="1.0" encoding="UTF-8"?>

<recipeml version="0.5">
  <recipe>
    <head>
      <title>Apple and Blackberry Crisp</title>
      <categories>
        <cat>Cooking liv</cat>
        <cat>Import</cat></categories>
      <yield>1</yield></head>
    <ingredients>
      <ing-div>
        <title>APPLE MIXTURE</title>
        <ing>
          <amt>
            <qty>2 1/2</qty>
            <unit>pounds</unit></amt>
          <item>Tart apples; such as granny smith</item></ing>
        <ing>
          <amt>
            <qty>2</qty>
            <unit>pints</unit></amt>
          <item>Blackberries</item></ing>
        <ing>
          <amt>
            <qty>1</qty>
            <unit>cup</unit></amt>
          <item>Raisins</item></ing>
        <ing>
          <amt>
            <qty>1/2</qty>
            <unit>cups</unit></amt>
          <item>Light brown sugar</item></ing>
        <ing>
          <amt>
            <qty>1/2</qty>
            <unit>cups</unit></amt>
          <item>Sugar</item></ing>
        <ing>
          <amt>
            <qty>1</qty>
            <unit>teaspoon</unit></amt>
          <item>Cinnamon</item></ing>
        <ing>
          <amt>
            <qty>1/2</qty>
            <unit>cups</unit></amt>
          <item>Water</item></ing></ing-div>
      <ing-div>
        <title>TOPPING</title>
        <ing>
          <amt>
            <qty>1 1/2</qty>
            <unit/></amt>
          <item>Stick butter</item></ing>
        <ing>
          <amt>
            <qty>1/2</qty>
            <unit>cups</unit></amt>
          <item>Light brown sugar</item></ing>
        <ing>
          <amt>
            <qty>1/4</qty>
            <unit>cups</unit></amt>
          <item>Sugar</item></ing>
        <ing>
          <amt>
            <qty>1 1/2</qty>
            <unit>cups</unit></amt>
          <item>All-purpose flour</item></ing>
        <ing>
          <amt>
            <qty>1</qty>
            <unit>teaspoon</unit></amt>
          <item>Cinnamon</item></ing>
        <ing>
          <amt>
            <qty>1</qty>
            <unit>teaspoon</unit></amt>
          <item>Baking powder</item></ing>
        <ing>
          <amt>
            <qty>1</qty>
            <unit>cup</unit></amt>
          <item>Chopped pecans</item></ing></ing-div></ingredients>
    <directions>
      <step>  For the apple mixture, peel, halve, core and slice the apples into wedges.
  Combine apples, blackberries and remaining ingredients and place in a 9 by
  13 by 2-inch baking dish. For the topping, melt the butter and pour into a
  bowl. Stir in sugars. Combine flour with cinnamon and baking powder and
  stir to mix; stir into butter and sugar mixture. Stir in pecans. Separate
  the topping mixture into large crumbs and distribute over the top of the
  apple mixture. Bake at 375 degrees about 45 minutes, until bubbling and
  well browned. Serve warm or at room temperature.
  
  Recipe by: Cooking Live Show #CL8953
  
  Posted to MC-Recipe Digest V1 #791 by "Angele and Jon Freeman"
  &lt;jfreeman@netusa1.net&gt; on Sep 19, 1997
 
</step></directions></recipe></recipeml>
