<?xml version="1.0" encoding="UTF-8"?>

<recipeml version="0.5">
  <recipe>
    <head>
      <title>Apple and Walnut Chicken Salad</title>
      <categories>
        <cat>Salads</cat>
        <cat>Chicken</cat>
        <cat>Dressings</cat></categories>
      <yield>4</yield></head>
    <ingredients>
      <ing>
        <amt>
          <qty>3</qty>
          <unit/></amt>
        <item>Chicken breasts - (1 lb.ea.)</item></ing>
      <ing>
        <amt>
          <qty>2</qty>
          <unit/></amt>
        <item>Tart green apples</item></ing>
      <ing>
        <amt>
          <qty>2</qty>
          <unit>tablespoons</unit></amt>
        <item>Fresh lemon juice</item></ing>
      <ing>
        <amt>
          <qty>2/3</qty>
          <unit>cups</unit></amt>
        <item>Chopped pitted dates</item></ing>
      <ing>
        <amt>
          <qty>1</qty>
          <unit>cup</unit></amt>
        <item>Finely chopped celery *</item></ing>
      <ing>
        <amt>
          <qty/>
          <unit/></amt>
        <item>Salt; to taste</item></ing>
      <ing>
        <amt>
          <qty/>
          <unit/></amt>
        <item>Freshly ground black -</item></ing>
      <ing>
        <amt>
          <qty/>
          <unit/></amt>
        <item>Pepper; to taste</item></ing>
      <ing>
        <amt>
          <qty>1/2</qty>
          <unit>cups</unit></amt>
        <item>Chopped toasted walnuts Poaching Liquid---</item></ing>
      <ing>
        <amt>
          <qty>4</qty>
          <unit>cups</unit></amt>
        <item>A Basic Chicken Stock **</item></ing>
      <ing>
        <amt>
          <qty>1</qty>
          <unit/></amt>
        <item>Celery leaf</item></ing>
      <ing>
        <amt>
          <qty>1</qty>
          <unit/></amt>
        <item>Parsley sprig</item></ing>
      <ing>
        <amt>
          <qty>1</qty>
          <unit>pinch</unit></amt>
        <item>Salt</item></ing>
      <ing>
        <amt>
          <qty>1</qty>
          <unit>tablespoon</unit></amt>
        <item>Fresh lemon juice Dressing---</item></ing>
      <ing>
        <amt>
          <qty>1/3</qty>
          <unit>cups</unit></amt>
        <item>Sour cream</item></ing>
      <ing>
        <amt>
          <qty>1/3</qty>
          <unit>cups</unit></amt>
        <item>Mayonnaise</item></ing>
      <ing>
        <amt>
          <qty>2</qty>
          <unit>tablespoons</unit></amt>
        <item>Fresh lemon juice</item></ing></ingredients>
    <directions>
      <step>  * Use only the tender inner stalks of celery for this recipe.
  
  ** Note: See the "A Basic Chicken Stock" recipe which is included in this
  collection.
  
  Poach the chicken breasts in the poaching liquid for 10 minutes, or just
  until the pink color is gone throughout. The breasts will be firm when
  pressed with the back of a fork. Let cool to room temperature in the
  liquid. Remove and discard the skin and bones, and shred the chicken into
  bite-size pieces. Core, peel, and cut apples in 1/2" slices. In a large
  bowl, toss the apples with 2 tablespoons lemon juice. Add the chicken,
  dates, and celery. Toss to mix well. In a small bowl, whisk together the
  sour cream, mayonnaise, and 2 tablespoons lemon juice. Add to the chicken
  mixture, along with salt and pepper. Toss again to combine well. Cover and
  chill the salad for 1 hour or more. Just before serving, stir in the
  walnuts. This recipe serves 4 to 6.
  
  Comments: Serve this classic fruit and chicken salad on a bed of red and
  white cabbage. In addition this, there are several other fruit and chicken
  breast combinations you might want to fix. See the variations "Red And
  Green Grapes Chicken Salad" and "Mango Chicken Salad" (recipes included in
  this collection) for inspiration -- each one is as easy as this recipe.
  
  Recipe Source: MORE CHICKEN BREASTS by Diane Rozas (c) 1991 Harmony Books,
  New York - 128 pages - $7.00 As reprinted in the Jan/Feb,
     1992    issue of Cookbook Digest Formatted for MasterCook II by: Joe
  Comiskey {* Prodigy Service ID # JPMD44A} on 10-31-1995 Re-formatted to
  Meal Master by: Nancy Filbert {*Prodigy ID# LRCE87A} Nov. 1995
  Posted to MC-Recipe Digest V1 #813 by Nancy Berry &lt;nlberry@prodigy.net&gt; on
  Sep 28, 1997
 
</step></directions></recipe></recipeml>
