<?xml version="1.0" encoding="UTF-8"?>

<recipeml version="0.5">
  <recipe>
    <head>
      <title>Apple and Bean Slaw</title>
      <categories>
        <cat>Apples</cat>
        <cat>Beans/legum</cat>
        <cat>Cabbage</cat>
        <cat>Salads</cat></categories>
      <yield>8</yield></head>
    <ingredients>
      <ing>
        <amt>
          <qty>2</qty>
          <unit>cups</unit></amt>
        <item>Shredded cabbage</item></ing>
      <ing>
        <amt>
          <qty>1/4</qty>
          <unit>cups</unit></amt>
        <item>Mayonnaise</item></ing>
      <ing>
        <amt>
          <qty>1</qty>
          <unit>tablespoon</unit></amt>
        <item>Catsup</item></ing>
      <ing>
        <amt>
          <qty>1</qty>
          <unit>teaspoon</unit></amt>
        <item>Lemon juice</item></ing>
      <ing>
        <amt>
          <qty>1/8</qty>
          <unit>teaspoons</unit></amt>
        <item>Salt</item></ing>
      <ing>
        <amt>
          <qty>1</qty>
          <unit>cup</unit></amt>
        <item>Red kidney beans; drained</item></ing>
      <ing>
        <amt>
          <qty>1</qty>
          <unit>medium</unit></amt>
        <item>Red Delicious apples; in matchstick strips</item></ing></ingredients>
    <directions>
      <step>  At least 20 minutes before serving or a day ahead, for garnish remove 6-8
  outer leaves of cabbage and reserve. Shred 2 cups of cabbage from sm. head.
  In large bowl, stir mayonnaise, catsup, lemon juice and salt. Add cabbage,
  beans and apple. Toss gently until well coated. Cover and refrigerate. To
  serve, line platter or bowl with reserved leaves and fill with slaw
  mixture. MC formatting by bobbi744@sojourn.com
  
  Recipe by: Good Housekeeping Magazine
  
  Posted to MC-Recipe Digest V1 #776 by Roberta Banghart
  &lt;bobbi744@sojourn.com&gt; on Sep 08, 1997
 
</step></directions></recipe></recipeml>
