<?xml version="1.0" encoding="UTF-8"?>

<recipeml version="0.5">
  <recipe>
    <head>
      <title>Apple Baklava</title>
      <categories>
        <cat>Dessert</cat></categories>
      <yield>12</yield></head>
    <ingredients>
      <ing-div>
        <title/>
        <ing>
          <amt>
            <qty>6</qty>
            <unit/></amt>
          <item>Golden Delicious apples</item></ing>
        <ing>
          <amt>
            <qty>6</qty>
            <unit/></amt>
          <item>Granny Smith apples</item></ing>
        <ing>
          <amt>
            <qty>2</qty>
            <unit>tablespoons</unit></amt>
          <item>Unsalted butter</item></ing>
        <ing>
          <amt>
            <qty>6</qty>
            <unit>tablespoons</unit></amt>
          <item>Sugar</item></ing>
        <ing>
          <amt>
            <qty>1/2</qty>
            <unit>teaspoons</unit></amt>
          <item>Cinnamon</item></ing></ing-div>
      <ing-div>
        <title>NUT MIXTURE</title>
        <ing>
          <amt>
            <qty>2 1/2</qty>
            <unit>cups</unit></amt>
          <item>Walnuts; chopped</item></ing>
        <ing>
          <amt>
            <qty>1/2</qty>
            <unit>cups</unit></amt>
          <item>Sugar</item></ing>
        <ing>
          <amt>
            <qty>1/2</qty>
            <unit>teaspoons</unit></amt>
          <item>Grated lemon peel</item></ing>
        <ing>
          <amt>
            <qty>1/2</qty>
            <unit>teaspoons</unit></amt>
          <item>Cinnamon</item></ing>
        <ing>
          <amt>
            <qty>24</qty>
            <unit/></amt>
          <item>Sheets phyllo dough</item></ing>
        <ing>
          <amt>
            <qty>1/2</qty>
            <unit>cups</unit></amt>
          <item>Unsalted butter; melted</item></ing>
        <ing>
          <amt>
            <qty>2</qty>
            <unit>tablespoons</unit></amt>
          <item>Plain dry bread crumbs</item></ing>
        <ing>
          <amt>
            <qty>2</qty>
            <unit>tablespoons</unit></amt>
          <item>Honey</item></ing>
        <ing>
          <amt>
            <qty>From:</qty>
            <unit/></amt>
          <item>Claudia Knowles &lt;KnowlesCM7@AOL.COM&gt;</item></ing>
        <ing>
          <amt>
            <qty>Date:</qty>
            <unit/></amt>
          <item>Mon, 15 Jul 1996 20:18:20 -0400</item></ing></ing-div></ingredients>
    <directions>
      <step>  Apples give a distinctive twist to this traditional Greek dessert. Sauteing
  them first to let the water evaporate ensures a crisp crust.  Prep time: 1
  hour plus cooling Baking time: 35 to 40 minutes
  
  Apple Layer: Peel and slice apples.  Melt butter in Dutch oven over high
  heat.  Add apples, sugar and cinnamon; cook, stirring occasionally, until
  apples are tender and juices are evaporated, 15 to 20 minutes.  Cool.
  
  Nut Mixture: Combine all ingredients in small bowl.  Preheat oven to 400^F.
  Trim phyllo sheets to 13x9-inch rectangles; cover with plastic wrap.  Brush
  13x9-inch metal baking pan with butter.  Place 1 phyllo sheet in pan and
  brush with some of the melted butter (keep remaining phyllo covered). Layer
  5 more phyllo sheets on top, brushing each with butter. Spread 2 cups nut
  mixture on top and repeat layering with 6 more phyllo sheets and butter.
  Spread apple mixture on top; repeat layering with 6 more phyllo sheets and
  butter. Sprinkle remaining nut mixture on top; sprinkle with bread crumbs
  and layer with the 6 remaining phyllo sheets and butter. With sharp knife,
  cut lengthwise through pastry and filling into 1 1/2 inch-wide strips, then
  cut diagonally at 2-inch intervals to make diamonds. Bake 35 to 40 minutes
  or until golden. Drizzle honey on top and bake 5 minutes more. Cool in pan
  on wire rack. Serve warm or at room temperature with whipped or ice cream.
  Makes 12 servings.
  
  EAT-L Digest 15 July 96
  
  From the EAT-L recipe list.  Downloaded from Glen's MM Recipe Archive,
  http://www.erols.com/hosey.
 
</step></directions></recipe></recipeml>
