<?xml version="1.0" encoding="UTF-8"?>

<recipeml version="0.5">
  <recipe>
    <head>
      <title>Apple and Oat Bran Muffins (Ovo Lacto)</title>
      <categories>
        <cat>Muffins</cat></categories>
      <yield>12</yield></head>
    <ingredients>
      <ing-div>
        <title>MIX &amp; SET ASIDE</title>
        <ing>
          <amt>
            <qty>1 1/4</qty>
            <unit>cups</unit></amt>
          <item>Whole wheat flour</item></ing>
        <ing>
          <amt>
            <qty>1</qty>
            <unit>cup</unit></amt>
          <item>Oat bran</item></ing>
        <ing>
          <amt>
            <qty>1/3</qty>
            <unit>cups</unit></amt>
          <item>Packed brown sugar</item></ing>
        <ing>
          <amt>
            <qty>2 1/2</qty>
            <unit>teaspoons</unit></amt>
          <item>Baking powder</item></ing>
        <ing>
          <amt>
            <qty>1/4</qty>
            <unit>teaspoons</unit></amt>
          <item>Baking soda</item></ing>
        <ing>
          <amt>
            <qty>1/4</qty>
            <unit>teaspoons</unit></amt>
          <item>Salt</item></ing>
        <ing>
          <amt>
            <qty>1/4</qty>
            <unit>teaspoons</unit></amt>
          <item>Ground nutmeg</item></ing>
        <ing>
          <amt>
            <qty>1/4</qty>
            <unit>teaspoons</unit></amt>
          <item>Ground cinnamon</item></ing></ing-div>
      <ing-div>
        <title>COMBINE</title>
        <ing>
          <amt>
            <qty>1</qty>
            <unit>cup</unit></amt>
          <item>Low/non-fat buttermilk</item></ing>
        <ing>
          <amt>
            <qty>2</qty>
            <unit/></amt>
          <item>Egg whites'</item></ing>
        <ing>
          <amt>
            <qty>2</qty>
            <unit>tablespoons</unit></amt>
          <item>Oil replacement (applesauce,</item></ing>
        <ing>
          <amt>
            <qty/>
            <unit/></amt>
          <item>Prune puree, etc)</item></ing></ing-div>
      <ing-div>
        <title>ADD</title>
        <ing>
          <amt>
            <qty>3/4</qty>
            <unit>cups</unit></amt>
          <item>Shredded, peeled apple</item></ing></ing-div></ingredients>
    <directions>
      <step>  Combine dry ingredients. Mix wet ingredients in a small bowl. Add to wet
  ingredients to dry ingredients until just moistened.
  
  Mix apple into batter.
  
  Spray muffin cups with non-stick spray and spoon about 1/4 cup batter into
  each muffin cup.  Bake in a 375 F oven for 18-20 minutes or until a
  toothpick inserted near the center comes out clean. 12 Muffins.
  
  NOTE:  can store batter, tightly covered, in the fridge for up to 5 days.
  The picture on the front of the recipe card looked wonderful!
  
  Posted by Lucinda Rasmussen &lt;lrasmuss@PICA.ARMY.MIL&gt; to Fatfree Digest
  [Volume 13 Issue 10] Dec. 10, 1994. FATFREE Recipe collections copyrighted
  by Michelle Dick 1994. Used with permission. Formatted by Sue Smith,
  S.Smith34, TXFT40A@Prodigy.com using MMCONV.
  
  1.80á
  
  From Gemini's MASSIVE MealMaster collection at www.synapse.com/~gemini
 
</step></directions></recipe></recipeml>
