<?xml version="1.0" encoding="UTF-8"?>

<recipeml version="0.5">
  <recipe>
    <head>
      <title>Apple and Prune Chutney</title>
      <categories>
        <cat>Relishes</cat></categories>
      <yield>6</yield></head>
    <ingredients>
      <ing>
        <amt>
          <qty>700</qty>
          <unit/></amt>
        <item>Gr. (1 pound, 8 oz.) apples, pealed, cored and chopped</item></ing>
      <ing>
        <amt>
          <qty>1250</qty>
          <unit/></amt>
        <item>Gr. (2 pound, 11 oz.) prunes, washed and chopped (stones removed)</item></ing>
      <ing>
        <amt>
          <qty>450</qty>
          <unit/></amt>
        <item>Gr. (1 pound) onions, peeled and chopped</item></ing>
      <ing>
        <amt>
          <qty>2</qty>
          <unit>cups</unit></amt>
        <item>Sultanas</item></ing>
      <ing>
        <amt>
          <qty>2</qty>
          <unit>cups</unit></amt>
        <item>Apple-vinegar</item></ing>
      <ing>
        <amt>
          <qty>2 2/3</qty>
          <unit>cups</unit></amt>
        <item>Soft brown sugar (pressed firmly)</item></ing>
      <ing>
        <amt>
          <qty>1</qty>
          <unit>tablespoon</unit></amt>
        <item>Salt</item></ing>
      <ing>
        <amt>
          <qty>1</qty>
          <unit>teaspoon</unit></amt>
        <item>Ground, allspice</item></ing>
      <ing>
        <amt>
          <qty>1</qty>
          <unit>teaspoon</unit></amt>
        <item>Ground ginger</item></ing>
      <ing>
        <amt>
          <qty>1/4</qty>
          <unit>teaspoons</unit></amt>
        <item>Ground nutmeg</item></ing>
      <ing>
        <amt>
          <qty>1/4</qty>
          <unit>teaspoons</unit></amt>
        <item>Ground cayenne pepper</item></ing>
      <ing>
        <amt>
          <qty>1/4</qty>
          <unit>teaspoons</unit></amt>
        <item>Ground cloves</item></ing>
      <ing>
        <amt>
          <qty>2</qty>
          <unit>teaspoons</unit></amt>
        <item>Mustard seed</item></ing>
      <ing>
        <amt>
          <qty/>
          <unit/></amt>
        <item>Sterilized glass jars</item></ing></ingredients>
    <directions>
      <step>  Delicious with pork, ham or cheese.
  
  About 6 cups
  
  Bring all the ingredients to the boil in a fairly large pan. Reduce the
  heat. Simmer (with a lid on the pan) for approximately 2 hours. When the
  mixture is thick enough, pour the chutney in sterilized jars and close them
  immediately.
  
  Posted by Rina de Jong
  
  From Gemini's MASSIVE MealMaster collection at www.synapse.com/~gemini
 
</step></directions></recipe></recipeml>
