<?xml version="1.0" encoding="UTF-8"?>

<recipeml version="0.5">
  <recipe>
    <head>
      <title>Apple and Red Cabbage</title>
      <categories>
        <cat>Apples</cat>
        <cat>Bobbie - no</cat>
        <cat>Cabbage</cat>
        <cat>Onions</cat>
        <cat>Side dishes</cat></categories>
      <yield>1</yield></head>
    <ingredients>
      <ing>
        <amt>
          <qty>2 1/2</qty>
          <unit>cups</unit></amt>
        <item>Coarsely shredded red or green cabbage</item></ing>
      <ing>
        <amt>
          <qty>1</qty>
          <unit>small</unit></amt>
        <item>Onion; thinly sliced</item></ing>
      <ing>
        <amt>
          <qty>1/4</qty>
          <unit>cups</unit></amt>
        <item>Water</item></ing>
      <ing>
        <amt>
          <qty>1</qty>
          <unit>tablespoon</unit></amt>
        <item>Lemon juice</item></ing>
      <ing>
        <amt>
          <qty>1/2</qty>
          <unit>teaspoons</unit></amt>
        <item>Instant chicken bouillon granules</item></ing>
      <ing>
        <amt>
          <qty>1/4</qty>
          <unit>teaspoons</unit></amt>
        <item>Caraway seed</item></ing>
      <ing>
        <amt>
          <qty>1</qty>
          <unit>medium</unit></amt>
        <item>Apple; cored and cut into bite-size pieces</item></ing>
      <ing>
        <amt>
          <qty/>
          <unit/></amt>
        <item>Apple slices; (optional)</item></ing></ingredients>
    <directions>
      <step>  Combine cabbage, onion, water, lemon juice, bouillon granules and caraway
  seed in a 2 quart saucepan; bring to boiling. Reduce heat, cover and simmer
  for 7 to 8 minutes (cabbage should be nearly tender). Stir in apple. Cook
  for 2 to 3 minutes until both apple and cabbage are tender. Can garnish
  with apple slices, if desired. Makes 4 servings. Per Serving: 40 Calories,
  1 g. Protein, 9 g. Carbohydrate, 0 g. Fat, 0 mg. Cholesterol, 57 mg. Sodium
  and 203 mg. Potassium. http://www.cookbooks.com MC formatting by
  bobbi744@acd.net ICQ #12099523
  Posted to MC-Recipe Digest by Roberta Banghart &lt;bobbi744@acd.net&gt; on May
  14, 1998
 
</step></directions></recipe></recipeml>
