<?xml version="1.0" encoding="UTF-8"?>

<recipeml version="0.5">
  <recipe>
    <head>
      <title>Apple and Cheddar Corn Muffins Ww</title>
      <categories>
        <cat>Breads</cat></categories>
      <yield>12</yield></head>
    <ingredients>
      <ing>
        <amt>
          <qty>1 2/3</qty>
          <unit>cups</unit></amt>
        <item>Flour, all-purpose</item></ing>
      <ing>
        <amt>
          <qty>1 1/2</qty>
          <unit>ounces</unit></amt>
        <item>Cornmeal, yellow uncooked</item></ing>
      <ing>
        <amt>
          <qty>1</qty>
          <unit>tablespoon</unit></amt>
        <item>Baking powder, double-acting</item></ing>
      <ing>
        <amt>
          <qty>3/4</qty>
          <unit>pounds</unit></amt>
        <item>Apples cored, pared, finely chopped</item></ing>
      <ing>
        <amt>
          <qty>1/2</qty>
          <unit>cups</unit></amt>
        <item>Corn, whole-kernal, frozed thawed</item></ing>
      <ing>
        <amt>
          <qty>2 1/4</qty>
          <unit>ounces</unit></amt>
        <item>Cheese, Chedder, reduced-fat shredded</item></ing>
      <ing>
        <amt>
          <qty>1/3</qty>
          <unit>cups</unit></amt>
        <item>Sugar, granulated</item></ing>
      <ing>
        <amt>
          <qty>1</qty>
          <unit>dash</unit></amt>
        <item>Cinnamon, ground</item></ing>
      <ing>
        <amt>
          <qty>1</qty>
          <unit>dash</unit></amt>
        <item>Nutmeg, ground</item></ing>
      <ing>
        <amt>
          <qty>6</qty>
          <unit>tablespoons</unit></amt>
        <item>Corn oil</item></ing>
      <ing>
        <amt>
          <qty>3</qty>
          <unit/></amt>
        <item>Eggs lightly beaten</item></ing></ingredients>
    <directions>
      <step>   Preheat oven to 400F. Line 12 2-1/2" muffin-pan cups with paper baking
  cups; set aside. In large mixing bowl combine flour, cornmeal and baking
  powder. Add apples, corn, cheese, sugar, cinnamon, and nutmeg, stirring to
  combine. In small bowl beat together oil and eggs; stir into flour mixture.
  Fill each baking cup with an equal amount of batter. Bake in middle of even
  fro 15 minutes, until golded and tootpick comes out dry. Set pan on wire
  rack and let cool.
  
   Weight Watcher Exchanges: 1-1/2 Fat, 1/2 Protein, 1 Bread, 1/4 Fruit, 25
  Optional Calories.
  
   Per serving: 214 calories, 5 g. protein, 27 g.
   carbohydrate, 9 g. fat, 67 mg. cholesterol, 160 mg.
   sodium, 110 mg. calcium, 1 g. dietary fiber.
  
   Calories from fat: 36%
  
   Original recipe from Weight Watchers "Simple Light Cooking". Conversion
  and additional nutritional analysis by Rick Weissgerber.
  
  From Gemini's MASSIVE MealMaster collection at www.synapse.com/~gemini
 
</step></directions></recipe></recipeml>
