<?xml version="1.0" encoding="UTF-8"?>

<recipeml version="0.5">
  <recipe>
    <head>
      <title>Apple and Oats Betty</title>
      <categories>
        <cat>Desserts</cat>
        <cat>Vegan</cat>
        <cat>Fruits</cat></categories>
      <yield>12</yield></head>
    <ingredients>
      <ing>
        <amt>
          <qty>6</qty>
          <unit/></amt>
        <item>Baking apples</item></ing>
      <ing>
        <amt>
          <qty>1</qty>
          <unit>teaspoon</unit></amt>
        <item>Lemon juice</item></ing>
      <ing>
        <amt>
          <qty>1/2</qty>
          <unit>teaspoons</unit></amt>
        <item>Ground ginger</item></ing>
      <ing>
        <amt>
          <qty>1</qty>
          <unit>teaspoon</unit></amt>
        <item>Cinnamon</item></ing>
      <ing>
        <amt>
          <qty>2</qty>
          <unit>tablespoons</unit></amt>
        <item>Apple juice concentrate thawed</item></ing>
      <ing>
        <amt>
          <qty>1/2</qty>
          <unit>cups</unit></amt>
        <item>Chopped almonds</item></ing>
      <ing>
        <amt>
          <qty>1/4</qty>
          <unit>cups</unit></amt>
        <item>Chopped cashews</item></ing>
      <ing>
        <amt>
          <qty>1/2</qty>
          <unit>cups</unit></amt>
        <item>Chopped pecans</item></ing>
      <ing>
        <amt>
          <qty>1</qty>
          <unit>cup</unit></amt>
        <item>Rolled oats</item></ing>
      <ing>
        <amt>
          <qty>1/2</qty>
          <unit>teaspoons</unit></amt>
        <item>Baking soda</item></ing>
      <ing>
        <amt>
          <qty>3</qty>
          <unit>tablespoons</unit></amt>
        <item>Maple syrup</item></ing></ingredients>
    <directions>
      <step>  Preheat oven to 350 F.  Lightly oil and 8" x 8" baking dish.
  
  Peel, core and slice apples.  Combine with lemon juice, ginger, half the
  cinnamon and apple juice concentrate. Spoon int baking dish.
  
  Mix nuts, oats, remaining cinnamon, baking soda and syrup. Sprinkle over
  apple mixture.
  
  Bake until topping is golden brown, about 20 to 25 minutes.
  
  Serve warm.
  
  Per serving: 162 cal. 6 g prot, 106 mg sod, 19 g carb, 8 g fat, 0 mg chol,
       32 mg calcium
  
  * Source: Vegetarian Gourmet, Autumn 1993 * Typos by: Karen Mintzias
  
  From Gemini's MASSIVE MealMaster collection at www.synapse.com/~gemini
 
</step></directions></recipe></recipeml>
