<?xml version="1.0" encoding="UTF-8"?>

<recipeml version="0.5">
  <recipe>
    <head>
      <title>Baked Spaghetti</title>
      <categories>
        <cat/></categories>
      <yield>12</yield></head>
    <ingredients>
      <ing>
        <amt>
          <qty>1</qty>
          <unit>cup</unit></amt>
        <item>Chopped onion</item></ing>
      <ing>
        <amt>
          <qty>1</qty>
          <unit>cup</unit></amt>
        <item>Chopped green pepper</item></ing>
      <ing>
        <amt>
          <qty>1</qty>
          <unit>tablespoon</unit></amt>
        <item>Butter/margarine</item></ing>
      <ing>
        <amt>
          <qty>1</qty>
          <unit>can</unit></amt>
        <item>(28 oz.) Tomatoes with</item></ing>
      <ing>
        <amt>
          <qty/>
          <unit/></amt>
        <item>Liquid; cut up</item></ing>
      <ing>
        <amt>
          <qty>1</qty>
          <unit>can</unit></amt>
        <item>(4 oz.) Mushroom stems and</item></ing>
      <ing>
        <amt>
          <qty>1</qty>
          <unit/></amt>
        <item>Piece --  drained</item></ing>
      <ing>
        <amt>
          <qty>1</qty>
          <unit>can</unit></amt>
        <item>(2-1/4 oz.) Ripe olives,</item></ing>
      <ing>
        <amt>
          <qty/>
          <unit/></amt>
        <item>Sliced and drained</item></ing>
      <ing>
        <amt>
          <qty>2</qty>
          <unit>teaspoons</unit></amt>
        <item>Dried oregano</item></ing>
      <ing>
        <amt>
          <qty>1</qty>
          <unit>pound</unit></amt>
        <item>Ground beef, browned and</item></ing>
      <ing>
        <amt>
          <qty/>
          <unit/></amt>
        <item>Drained (optional)</item></ing>
      <ing>
        <amt>
          <qty>12</qty>
          <unit>ounces</unit></amt>
        <item>Spaghetti, cooked &amp; drained</item></ing>
      <ing>
        <amt>
          <qty>2</qty>
          <unit>cups</unit></amt>
        <item>(8 oz.) shredded cheddar</item></ing>
      <ing>
        <amt>
          <qty/>
          <unit/></amt>
        <item>Cheese</item></ing>
      <ing>
        <amt>
          <qty>1</qty>
          <unit>can</unit></amt>
        <item>(10-3/4 oz) Condensed cream</item></ing>
      <ing>
        <amt>
          <qty/>
          <unit/></amt>
        <item>Mushroom soup; undiluted</item></ing>
      <ing>
        <amt>
          <qty>1/4</qty>
          <unit>cups</unit></amt>
        <item>Water</item></ing>
      <ing>
        <amt>
          <qty>1/4</qty>
          <unit>cups</unit></amt>
        <item>Parmesan cheese, grated</item></ing></ingredients>
    <directions>
      <step>  "Every time that I make this cheesy dish, I get requests for the recipe. It
  puts a different spin on spaghetti and is great for any meal. The
  leftovers, if there are any, also freeze well for a quick meal later on in
  the week."  -- Ruth Koberma, Brecksville, Ohio
  
  In a large skillet, saute onion and green pepper in butter until tender.
  Add tomatoes, mushrooms, olives and oregano.  Add ground beef if desired.
  Simmer, uncovered, for 10 minutes.  Place half of the spaghetti in a
  greased 13-inch x 9-inch x 2-inch baking dish. Top with half of the
  vegetable mixture.  Sprinkle with 1 cup of cheddar cheese. Repeat layers.
  
  Mix the soup and water until smooth; pour over casserole. Sprinkle with
  Parmesan cheese.  Bake, uncovered, at 350 degrees for 30-35 minutes, or
  until heated throughout.
  
  From "Taste of Home" magazine, Collector's Edition.
  
  Typed for you by Iris Grayson
 
</step></directions></recipe></recipeml>
