<?xml version="1.0" encoding="UTF-8"?>

<recipeml version="0.5">
  <recipe>
    <head>
      <title>Baked Squash and Yams (Vegan)</title>
      <categories>
        <cat>None</cat></categories>
      <yield>1</yield></head>
    <ingredients>
      <ing>
        <amt>
          <qty>1</qty>
          <unit>pound</unit></amt>
        <item>(400g) winter squash, peeled</item></ing>
      <ing>
        <amt>
          <qty/>
          <unit/></amt>
        <item>And sliced (I used</item></ing>
      <ing>
        <amt>
          <qty/>
          <unit/></amt>
        <item>Butternut)</item></ing>
      <ing>
        <amt>
          <qty>1</qty>
          <unit/></amt>
        <item>Lb(400g) garnet yams, peeled</item></ing>
      <ing>
        <amt>
          <qty/>
          <unit/></amt>
        <item>And sliced</item></ing>
      <ing>
        <amt>
          <qty>1</qty>
          <unit>cup</unit></amt>
        <item>(240ml) tomato sauce</item></ing>
      <ing>
        <amt>
          <qty>1</qty>
          <unit>cup</unit></amt>
        <item>(240ml) Lite soy milk</item></ing>
      <ing>
        <amt>
          <qty>1</qty>
          <unit>tablespoon</unit></amt>
        <item>(15ml) garlic chili paste</item></ing></ingredients>
    <directions>
      <step>  Layer the squash and yams in a baking dish.  Mix the remaining ingredients
  together and pour over the veggies. Bake covered @ 350 F (175 C) for ~ 45
  minutes.  Finish baking uncovered for another 15 minutes or so.
  
  Posted by ? to Fatfree Digest [Volume 13 Issue 14] Dec. 14, 1994.
  
  FATFREE Recipe collections copyrighted by Michelle Dick 1994. Used with
  permission. Formatted by Sue Smith, S.Smith34, TXFT40A@Prodigy.com using
  MMCONV.
  
  1.80á
  
  From Gemini's MASSIVE MealMaster collection at www.synapse.com/~gemini
 
</step></directions></recipe></recipeml>
