<?xml version="1.0" encoding="UTF-8"?>

<recipeml version="0.5">
  <recipe>
    <head>
      <title>Baked Stuffed Hubbard Squash</title>
      <categories>
        <cat>None</cat></categories>
      <yield>1</yield></head>
    <ingredients>
      <ing>
        <amt>
          <qty>1</qty>
          <unit/></amt>
        <item>6-8 lb hubbard squash, cut in 1/2/ top 1/2 cubed and skin removed</item></ing>
      <ing>
        <amt>
          <qty>1/4</qty>
          <unit>pounds</unit></amt>
        <item>Diced pancetta  (may subsitute lean bacon)</item></ing>
      <ing>
        <amt>
          <qty>1</qty>
          <unit>large</unit></amt>
        <item>Red onion, diced</item></ing>
      <ing>
        <amt>
          <qty>3</qty>
          <unit/></amt>
        <item>Leeks, sliced 1/4" white and light green parts only</item></ing>
      <ing>
        <amt>
          <qty>3</qty>
          <unit/></amt>
        <item>Ribs celery, sliced 1/4" pieces</item></ing>
      <ing>
        <amt>
          <qty>2</qty>
          <unit>teaspoons</unit></amt>
        <item>Thyme, sage, oregano freshly chopped</item></ing>
      <ing>
        <amt>
          <qty>1</qty>
          <unit>tablespoon</unit></amt>
        <item>Ground cumin</item></ing>
      <ing>
        <amt>
          <qty>2</qty>
          <unit>tablespoons</unit></amt>
        <item>Cilantro freshly chopped</item></ing>
      <ing>
        <amt>
          <qty>3</qty>
          <unit/></amt>
        <item>Grilled whole jalapeno peppers, chopped, MORE TO INDIVIDUAL TASTES</item></ing>
      <ing>
        <amt>
          <qty>3</qty>
          <unit/></amt>
        <item>Sausages, chrizo or hot italian, remove from casings and break up 3 to 4</item></ing>
      <ing>
        <amt>
          <qty>3</qty>
          <unit>cups</unit></amt>
        <item>Cooked wild rice</item></ing>
      <ing>
        <amt>
          <qty/>
          <unit/></amt>
        <item>Salt and pepper to taste</item></ing></ingredients>
    <directions>
      <step>  Preheat oven to 350 degrees.  Cut top from squash and remove seeds and
  strings.  Prick cavity with a fork, rub with olive oil, salt and pepper.
  Place the bottom 1/2 on a baking sheet on middle oven rack and bake for 45
  minutes.  (time will vary with the size of the squash)
  
  Heat 1 tbsp olive oil in large saute pan and brown pancetta and sausage.
  Add leeks, onions, celery and jalappeno peppers.  Saute until soft (approx
  10 min).  Add top 1/2 of squash that has been cubed with the skin removed
  and the herbs.  When the squash has softened, add the cooked wild rice and
  stuff the bottom 1/2 of the squash with the remaining sauted mixture.  Bake
  for 1 hour or until tender.
  
  Cut squash into wedges and serve each person squash and stuffing.
  
  Serves 6-8
  Posted to CHILE-HEADS DIGEST V3 #147
  
  Date: Fri, 1 Nov 1996 17:24:31 -0500
  
  From: quine@clark.net (Stephen Quine)
 
</step></directions></recipe></recipeml>
