<?xml version="1.0" encoding="UTF-8"?>

<recipeml version="0.5">
  <recipe>
    <head>
      <title>Baked Stuffed Tomatoes</title>
      <categories>
        <cat>Vegetable</cat></categories>
      <yield>4</yield></head>
    <ingredients>
      <ing>
        <amt>
          <qty>4</qty>
          <unit>medium</unit></amt>
        <item>Tomatoes</item></ing>
      <ing>
        <amt>
          <qty>2</qty>
          <unit/></amt>
        <item>Cloves garlic; minced</item></ing>
      <ing>
        <amt>
          <qty>1</qty>
          <unit>tablespoon</unit></amt>
        <item>Margarine</item></ing>
      <ing>
        <amt>
          <qty>1/2</qty>
          <unit>cups</unit></amt>
        <item>Chopped green pepper</item></ing>
      <ing>
        <amt>
          <qty>1</qty>
          <unit>tablespoon</unit></amt>
        <item>Snipped fresh basil or</item></ing>
      <ing>
        <amt>
          <qty>1</qty>
          <unit>teaspoon</unit></amt>
        <item>Dried basil; crushed</item></ing>
      <ing>
        <amt>
          <qty>3/4</qty>
          <unit>cups</unit></amt>
        <item>Croutons</item></ing>
      <ing>
        <amt>
          <qty>2</qty>
          <unit>tablespoons</unit></amt>
        <item>Snipped fresh parsley</item></ing></ingredients>
    <directions>
      <step>  submitted by: Joanna230@aol.com
  Cut a 1/2-inch sice from the top of each tomato, discard tops. Scoop out
  pulp and throw away the seeds. Coarsely chop pulp (should have about 1
  cup), and set aside. In a medium skillet cook garlic in margarine for 30
  seconds. Stir in the tomato pulp, green pepper, and basil. Cook for 2
  minutes or until green-pepper is crisp-tender. Stir in croutons and
  parsley.  Spoon mixture into the tomatoes. Arrange stuffed tomatoes in a
  9-inch pie plate.  Bake, uncovered, in a 3500 oven for 10 to 15 minutes or
  until heated through. Makes 4 servings
  
  Recipe Archive - 29 July 96
  
  From the 'RECIPEinternet: Recipes from Around the World' recipe list.
  Downloaded from Glen's MM Recipe Archive, http://www.erols.com/hosey.
 
</step></directions></recipe></recipeml>
