<?xml version="1.0" encoding="UTF-8"?>

<recipeml version="0.5">
  <recipe>
    <head>
      <title>Baked Stuffed Red Snapper</title>
      <categories>
        <cat>Fish</cat></categories>
      <yield>4</yield></head>
    <ingredients>
      <ing-div>
        <title/>
        <ing>
          <amt>
            <qty>1</qty>
            <unit/></amt>
          <item>(3- to 6-lb) red snapper</item></ing>
        <ing>
          <amt>
            <qty>6</qty>
            <unit>slices</unit></amt>
          <item>White bread</item></ing>
        <ing>
          <amt>
            <qty>2</qty>
            <unit>tablespoons</unit></amt>
          <item>Butter</item></ing>
        <ing>
          <amt>
            <qty>2</qty>
            <unit>tablespoons</unit></amt>
          <item>Chopped parsley</item></ing>
        <ing>
          <amt>
            <qty>1/8</qty>
            <unit>teaspoons</unit></amt>
          <item>Thyme</item></ing></ing-div>
      <ing-div>
        <title>BASTING SAUCE</title>
        <ing>
          <amt>
            <qty>3/4</qty>
            <unit>cups</unit></amt>
          <item>Salad oil</item></ing>
        <ing>
          <amt>
            <qty>3</qty>
            <unit>tablespoons</unit></amt>
          <item>Melted butter</item></ing>
        <ing>
          <amt>
            <qty>1 1/2</qty>
            <unit/></amt>
          <item>Lemons; juiced</item></ing>
        <ing>
          <amt>
            <qty>1/8</qty>
            <unit>teaspoons</unit></amt>
          <item>Sage</item></ing>
        <ing>
          <amt>
            <qty>2</qty>
            <unit>tablespoons</unit></amt>
          <item>Chopped tomato</item></ing>
        <ing>
          <amt>
            <qty>3</qty>
            <unit>drops</unit></amt>
          <item>Tabasco sauce; more or less</item></ing>
        <ing>
          <amt>
            <qty>4</qty>
            <unit>tablespoons</unit></amt>
          <item>Finely minced celery</item></ing>
        <ing>
          <amt>
            <qty>1 1/2</qty>
            <unit>teaspoons</unit></amt>
          <item>Salt</item></ing>
        <ing>
          <amt>
            <qty>3</qty>
            <unit>tablespoons</unit></amt>
          <item>Worstershire sauce</item></ing>
        <ing>
          <amt>
            <qty/>
            <unit/></amt>
          <item>Tabasco sauce</item></ing></ing-div></ingredients>
    <directions>
      <step>  From: Wendy Lockman &lt;wlockman@ra1.randomc.com&gt;
  
  Date: Sun, 11 Feb 1996 10:35:49 -0500
  
  Saute minced celery in butter over low heat. Add chopped tomato, Tabasco
  sauce, parsley, thyme, salt, sage and bread which was soaked in cold water,
  then squeezed dry. Blend all in skillet, then stuff into fish cavity.
  Skewer opening closed. Bake, uncovered, in preheated oven set at 350
  degrees, basting often with sauce. Allow about 10 minutes baking time per
  pound of fish. A greased sheet of paper or white cloth left under the
  snapper will make it easier to transfer to serving platter. Now back to the
  basting sauce: Blend butter, lemon juice, salt, Worstershire sauce and
  Tabasco sauce, adding oil a little at a time. Pour over fish before
  starting baking. Baste often.
  
  MM-RECIPES@IDISCOVER.NET
  
  MEAL-MASTER RECIPES LIST SERVER
  
  From the MealMaster recipe list.  Downloaded from Glen's MM Recipe Archive,
  http://www.erols.com/hosey.
 
</step></directions></recipe></recipeml>
