<?xml version="1.0" encoding="UTF-8"?>

<recipeml version="0.5">
  <recipe>
    <head>
      <title>Baked Stuffed Peaches</title>
      <categories>
        <cat>Dessert</cat></categories>
      <yield>4</yield></head>
    <ingredients>
      <ing>
        <amt>
          <qty>75</qty>
          <unit>grams</unit></amt>
        <item>Ground almonds</item></ing>
      <ing>
        <amt>
          <qty>3/4</qty>
          <unit>cups</unit></amt>
        <item>Ground amaretti</item></ing>
      <ing>
        <amt>
          <qty>50</qty>
          <unit>grams</unit></amt>
        <item>Sugar</item></ing>
      <ing>
        <amt>
          <qty>2</qty>
          <unit/></amt>
        <item>Egg yolks or</item></ing>
      <ing>
        <amt>
          <qty>1</qty>
          <unit/></amt>
        <item>Whole egg; beaten</item></ing>
      <ing>
        <amt>
          <qty>6</qty>
          <unit/></amt>
        <item>Freestone peaches</item></ing>
      <ing>
        <amt>
          <qty/>
          <unit/></amt>
        <item>Butter</item></ing>
      <ing>
        <amt>
          <qty>1/2</qty>
          <unit>cups</unit></amt>
        <item>Marsala</item></ing></ingredients>
    <directions>
      <step>  1.  Combine the sugar, ground almonds and amaretti.
  
  2.  Gradually stir in the beaten egg, adding just enough egg so the mixture
  holds together; don't let it become too wet to hold its shape.
  
  3.  Form the mixture into 12 balls approx. the size of walnuts.
  
  4.  Butter a shallow baking dish. Halve the peaches and remove the pits,
  placing the halves cut-side up in the dish.
  
  5.  Press a ball of the almond mixture into the cavity of each peach half.
  Dot the tops with butter, and drizzle marsala over all.
  
  6.  Bake at 190  F8C for around 30 mins. until the almond mixture is golden
  and crusty. Serve warm or chilled.
  
  Date: Tue, 11 Jun 1996 10:02:19 -0400
  
  From: kmeade@ids2.idsonline.com (The Meades)
  
  Recipe By     : Stephanie Hawkins hawkins@jessica.stanford.edu
  
  MC-Recipe Digest V1 #114
  
  From the MasterCook recipe list.  Downloaded from Glen's MM Recipe Archive,
  http://www.erols.com/hosey.
 
</step></directions></recipe></recipeml>
