<?xml version="1.0" encoding="UTF-8"?>

<recipeml version="0.5">
  <recipe>
    <head>
      <title>Baked Spanish Beef Patties</title>
      <categories>
        <cat/></categories>
      <yield>100</yield></head>
    <ingredients>
      <ing>
        <amt>
          <qty>4</qty>
          <unit>gallons</unit></amt>
        <item>WATER; UKEWARM </item></ing>
      <ing>
        <amt>
          <qty>19 1/8</qty>
          <unit>pounds</unit></amt>
        <item>TOMATOES # 10 CAN</item></ing>
      <ing>
        <amt>
          <qty>12</qty>
          <unit>ounces</unit></amt>
        <item>ONIONS DRY</item></ing>
      <ing>
        <amt>
          <qty>1 1/8</qty>
          <unit>pounds</unit></amt>
        <item>PEPPER SWT GRN FRESH</item></ing>
      <ing>
        <amt>
          <qty>2</qty>
          <unit>ounces</unit></amt>
        <item>FLOUR GEN PURPOSE 10LB</item></ing>
      <ing>
        <amt>
          <qty>2</qty>
          <unit>ounces</unit></amt>
        <item>SUGAR; GRANULATED 10 LB</item></ing>
      <ing>
        <amt>
          <qty>8</qty>
          <unit>ounces</unit></amt>
        <item>SHORTENING; 3LB</item></ing>
      <ing>
        <amt>
          <qty>1</qty>
          <unit>cup</unit></amt>
        <item>SHORTENING; 3LB</item></ing>
      <ing>
        <amt>
          <qty>1</qty>
          <unit>teaspoon</unit></amt>
        <item>PEPPER BLACK 1 LB CN</item></ing>
      <ing>
        <amt>
          <qty>4</qty>
          <unit>teaspoons</unit></amt>
        <item>SALT TABLE 5LB</item></ing>
      <ing>
        <amt>
          <qty>4</qty>
          <unit>ounces</unit></amt>
        <item>SALT TABLE 5LB</item></ing>
      <ing>
        <amt>
          <qty>PAN:</qty>
          <unit>18</unit></amt>
        <item>BY 24-INCH ROASTING PAN           TEMPERATURE:  325 F. OVEN</item></ing></ingredients>
    <directions>
      <step>  1.  REHYDRATE CANNED DEHYDRATED BEEF PATTIES BY SOAKING IN LUKEWARM WATER
  WITH
  SALT FOR 20 TO 30 MINUTES OR UNTL PATTIES ARE MOISTENED.  DRAIN WELL.
  
  2.  ADD SUGAR TO TOMATOES;  HEAT TO BOILING.
  
  3.  SAUTE' ONIONS AND PEPPERS IN SHORTENING OR SALAD OIL UNTIL TENDER.
  
  4.  STIR FLOUR IN TO SAUTEED' MIXTURE; COOK ABOUT 2 MINUTES.
  
  5.  COMBINE TOMATOES, SALT, AND PEPPER WITH ONION MIXTURE.  BRING TO A
  BOIL,
  STIRRING CONSTANTLY.
  
  6.  PLACE 100 HAMBURGERS ON END IN EACH PAN.  POUR AN EQUAL QUANTITY SAUCE
  OVER HAMBURGERS IN EACH PAN.
  
  7.  BAKE 30 MINUES UNTIL TENDER.
  
  NOTE:  1.  IN STEP 2, 13 OZ DRY ONIONS A.P. WILL YIELD 12 OZ CHOPPED ONIONS
  AND 1 LB 4 OZ A.P. FRESH SWEET PEPPERS WILL YIELD 1 LB CHOPPED PEPPERS.
  
  NOTE:  2.  IN STEP 2, 1 1/2 OZ (1/3 CUP PLUS 3 TBSP) DEHYDRATED ONIONS AND
    2 1/2 OZ (2 CUPS) DEHYDRATED GREEN PEPPERS (SEE RECIPE CARD A-11) OR 1 LB
  (3 CUPS) FROZEN DICED GREEN PEPPERS MAY BE USED.
  
  NOTE:  3.  IN STEP 5, REMOVE FAT FROM CANNED HAMBURGERS BY PLACING UNOPENED
  CANS IN HOT WATER FOR 5 MINUTES.
  
  NOTE:  4.  OTHER SIZES AND TYPES OF PANS MAY BE USED. SEE RECIPE CARD A-25.
  
  Recipe Number: L04901
  
  SERVING SIZE: 2 PATTIES
  
  From the &lt;Army Master Recipe Index File&gt; (actually used today!).
  Downloaded from Glen's MM Recipe Archive, http://www.erols.com/hosey.
 
</step></directions></recipe></recipeml>
