<?xml version="1.0" encoding="UTF-8"?>

<recipeml version="0.5">
  <recipe>
    <head>
      <title>Baked Spinach and Sumac Pastries</title>
      <categories>
        <cat>New text im</cat>
        <cat>Cooking rig</cat></categories>
      <yield>1</yield></head>
    <ingredients>
      <ing-div>
        <title>FOR THE PASTRY DOUGH</title>
        <ing>
          <amt>
            <qty>1</qty>
            <unit>teaspoon</unit></amt>
          <item>Active dry yeast</item></ing>
        <ing>
          <amt>
            <qty>1/2</qty>
            <unit>teaspoons</unit></amt>
          <item>Sugar</item></ing>
        <ing>
          <amt>
            <qty>2</qty>
            <unit>tablespoons</unit></amt>
          <item>Water</item></ing>
        <ing>
          <amt>
            <qty>2 1/2</qty>
            <unit>cups</unit></amt>
          <item>All-purpose flour</item></ing>
        <ing>
          <amt>
            <qty>1/2</qty>
            <unit>teaspoons</unit></amt>
          <item>Salt</item></ing>
        <ing>
          <amt>
            <qty>1</qty>
            <unit>teaspoon</unit></amt>
          <item>Baking soda</item></ing>
        <ing>
          <amt>
            <qty>1/4</qty>
            <unit>cups</unit></amt>
          <item>Olive oil</item></ing>
        <ing>
          <amt>
            <qty>3/4</qty>
            <unit>cups</unit></amt>
          <item>Plain low-fat yogurt; beat until slightly</item></ing></ing-div>
      <ing-div>
        <title>FOR THE FILLING</title>
        <ing>
          <amt>
            <qty>1</qty>
            <unit>pound</unit></amt>
          <item>Fresh spinach</item></ing>
        <ing>
          <amt>
            <qty/>
            <unit/></amt>
          <item>Coarse salt</item></ing>
        <ing>
          <amt>
            <qty>1/4</qty>
            <unit>cups</unit></amt>
          <item>Parsley; chopped</item></ing>
        <ing>
          <amt>
            <qty>1</qty>
            <unit>cup</unit></amt>
          <item>Onion; finely chopped</item></ing>
        <ing>
          <amt>
            <qty>1/2</qty>
            <unit>teaspoons</unit></amt>
          <item>Allspice</item></ing>
        <ing>
          <amt>
            <qty>1 1/2</qty>
            <unit>teaspoons</unit></amt>
          <item>Sumac</item></ing>
        <ing>
          <amt>
            <qty>1</qty>
            <unit/></amt>
          <item>Lemon, Juice of (about 3 tablespoons)</item></ing>
        <ing>
          <amt>
            <qty>1/2</qty>
            <unit>cups</unit></amt>
          <item>Walnuts; finely chopped</item></ing>
        <ing>
          <amt>
            <qty/>
            <unit/></amt>
          <item>Freshly ground pepper</item></ing></ing-div></ingredients>
    <directions>
      <step>  Oven:  350=B0
  
  For the dough: In the workbowl of a food processor, combine the yeast,
  sugar and water, pulsing once. Spread 2 cups of the flour mixed with the
  salt and the baking soda over the yeast and place the workbowl cover on
  top. Let stand 15 minutes. With the machine running, slowly add the oil and
  then the yogurt. Process until smooth, about 20 seconds. Turn the dough
  onto a lightly floured surface and knead until smooth and springy in
  texture, about 5 minutes. Cover with a heavy kitchen towel and put in a
  warm place until dough rises, about 1 hour.
  
  For the filling: Wash and stem the spinach. In a large colander, rub the
  spinach with 1 1/2 tablespoons salt, let stand for at least 30 minutes.
  Squeeze the spinach to remove excess moisture; rinse to remove excess salt
  and chop finely. Squeeze the spinach until dry. Add the parsley, onion,
  allspice, sumac, lemon juice, olive oil, nuts and pepper to taste. Correct
  the seasoning.
  
  Preheat the oven to 350ø. Divide the dough into nine equal parts. On a
  lightly floured work surface, roll each part into a smooth round and allow
  to rest for 10 minutes, then roll each part into a 5-inch round. Place an
  equal amount of filling in the shape of a long triangle in the center of
  each round. Fold two sides in toward the center, and the remaining short
  side down to form a triangle. Crimp the seams with fingertips. Bake on a
  non-stick pan until golden brown, about 30 minutes. Remove from the oven,
  set the pan on a rack, cover with a damp towel and let stand 10 minutes.
  Serve hot or cold.
  
  Yield: 9 pastries
  Recipe By     : COOKING RIGHT SHOW #CR9733
  
  Posted to EAT-L Digest 19 October 96
  
  Date:    Sun, 20 Oct 1996 06:48:26 -0400
  
  From:    Bill Spalding &lt;billspa@ICANECT.NET&gt;
  
  NOTES : Show: 10/16/9
 
</step></directions></recipe></recipeml>
