<?xml version="1.0" encoding="UTF-8"?>

<recipeml version="0.5">
  <recipe>
    <head>
      <title>Baked Stuff Pattypan Squash</title>
      <categories>
        <cat>Vegetables</cat></categories>
      <yield>4</yield></head>
    <ingredients>
      <ing>
        <amt>
          <qty>4</qty>
          <unit/></amt>
        <item>Summer squash; pattypan</item></ing>
      <ing>
        <amt>
          <qty>1</qty>
          <unit/></amt>
        <item>Onion</item></ing>
      <ing>
        <amt>
          <qty>3/4</qty>
          <unit>pounds</unit></amt>
        <item>Chopped parsley</item></ing>
      <ing>
        <amt>
          <qty>1 1/2</qty>
          <unit>cups</unit></amt>
        <item>Fresh bread crumbs</item></ing>
      <ing>
        <amt>
          <qty>1/2</qty>
          <unit>teaspoons</unit></amt>
        <item>Pepper</item></ing>
      <ing>
        <amt>
          <qty>1</qty>
          <unit>tablespoon</unit></amt>
        <item>Olive oil</item></ing></ingredients>
    <directions>
      <step>  Set oven temp to 350F. Cut squash in half, horizonally and scoop out the
  seeds. Chop onion. Crumble sausage and cook until no longer pink. Remove
  from the pan with a slotted spoon and set aside. Add onion to fat in pan
  and cook till soft, 2 mins. Combine sausage, onion, parsley, bread crumbs,
  pepper and 2 tablespoons water. Divide mixture among squash halves. Brush
  tops of the stuffing and squash with oil. Pour 1/2-inch water in a large
  baking pan. Put squash in pan, cover and bake 30 minutes. Uncover and bake
  until squash are tender and stufing is browned, about 15 mins.
  
  Work: 30min, total 1hr, 25min CAL 577per serving, 39g fat
  
  Posted to MC-Recipe Digest V1 #197
  
  Date: Tue, 13 Aug 1996 20:02:12 -0700 (PDT)
  
  From: PatH &lt;phannema@wizard.ucr.edu&gt;
  NOTES : The round, flat shape make pattypan perfect for stuffing. Other
       names for the disk-like summer squash are: sca;;p[ pr cu,;omg/
 
</step></directions></recipe></recipeml>
