<?xml version="1.0" encoding="UTF-8"?>

<recipeml version="0.5">
  <recipe>
    <head>
      <title>Baked Spring Rolls</title>
      <categories>
        <cat>Vegetarian</cat></categories>
      <yield>8</yield></head>
    <ingredients>
      <ing>
        <amt>
          <qty>2</qty>
          <unit>ounces</unit></amt>
        <item>Rice vermicelli</item></ing>
      <ing>
        <amt>
          <qty>1/2</qty>
          <unit>teaspoons</unit></amt>
        <item>Sesame oil</item></ing>
      <ing>
        <amt>
          <qty>3/4</qty>
          <unit>cups</unit></amt>
        <item>Carrots; coarsely grated</item></ing>
      <ing>
        <amt>
          <qty>1/2</qty>
          <unit>cups</unit></amt>
        <item>Green onions; thinly sliced</item></ing>
      <ing>
        <amt>
          <qty>1/2</qty>
          <unit>cups</unit></amt>
        <item>Water chestnuts; canned cut into matchstick pieces</item></ing>
      <ing>
        <amt>
          <qty>1/2</qty>
          <unit>cups</unit></amt>
        <item>Bamboo shoots; cut into matchstick pieces</item></ing>
      <ing>
        <amt>
          <qty>1/2</qty>
          <unit>cups</unit></amt>
        <item>Snow peas; thinly sliced</item></ing>
      <ing>
        <amt>
          <qty>1/2</qty>
          <unit>cups</unit></amt>
        <item>Savoy cabbage; very finely shredded</item></ing>
      <ing>
        <amt>
          <qty>1/4</qty>
          <unit>cups</unit></amt>
        <item>Sunflower seeds</item></ing>
      <ing>
        <amt>
          <qty>1</qty>
          <unit>tablespoon</unit></amt>
        <item>Sesame seeds; toasted</item></ing>
      <ing>
        <amt>
          <qty>2</qty>
          <unit>teaspoons</unit></amt>
        <item>Ginger root; finely grated</item></ing>
      <ing>
        <amt>
          <qty>1</qty>
          <unit>teaspoon</unit></amt>
        <item>Soy sauce</item></ing>
      <ing>
        <amt>
          <qty>4</qty>
          <unit>teaspoons</unit></amt>
        <item>Oil; vegetable</item></ing>
      <ing>
        <amt>
          <qty>8</qty>
          <unit/></amt>
        <item>Sheets rice paper; 8 1/2 inches in diameter</item></ing>
      <ing>
        <amt>
          <qty/>
          <unit/></amt>
        <item>Plum sauce; for garnish optional</item></ing></ingredients>
    <directions>
      <step>  Cook rice vermicelli in boiling water for 3 mins. Drain. Place in a large
  bowl and toss with sesame oil. Add vegetables, sunflower seeds, sesame
  seeds, ginger root and soy sauce. Toss again and set aside. Preheat oven
  450.  Place oil in a small dish.  Dip 1 sheet of rice paper into warm water
  for 15-30 seconds, until soft. Place on a dish towel. Brush surface lightly
  with oil. Spoon 1/8 of the filling onto bottom edge of rice paper. Fold
  bottom edge of rice paper just to cover filling; brush surface lightly with
  oil. Fold in edges, then roll up, brushing surfaces with oil as you roll.
  Repeat with remaining rice paper sheets and filling. Place each roll seam
  side down on a foil lined cookie sheet. Bake spring rolls on the lowest
  oven rack for 15 to 20 mins, turning once, until lightly browned. Serve
  with plum sauce if desired. ---
  
  From Gemini's MASSIVE MealMaster collection at www.synapse.com/~gemini
 
</step></directions></recipe></recipeml>
