<?xml version="1.0" encoding="UTF-8"?>

<recipeml version="0.5">
  <recipe>
    <head>
      <title>Baked Stuffed Pork Chops</title>
      <categories>
        <cat>Meat</cat></categories>
      <yield>4</yield></head>
    <ingredients>
      <ing>
        <amt>
          <qty>4</qty>
          <unit/></amt>
        <item>1"-1 1/2" thick loin pork chops</item></ing>
      <ing>
        <amt>
          <qty>1</qty>
          <unit/></amt>
        <item>Box stuffing mix (any type)</item></ing>
      <ing>
        <amt>
          <qty/>
          <unit/></amt>
        <item>Salt; pepper and dried rosemary to taste</item></ing>
      <ing>
        <amt>
          <qty>2</qty>
          <unit>tablespoons</unit></amt>
        <item>Olive oil</item></ing>
      <ing>
        <amt>
          <qty>1/4</qty>
          <unit>cups</unit></amt>
        <item>White wine</item></ing>
      <ing>
        <amt>
          <qty>1/4</qty>
          <unit>cups</unit></amt>
        <item>(or less) water</item></ing>
      <ing>
        <amt>
          <qty>From:</qty>
          <unit/></amt>
        <item>Patricia Williams &lt;PIE@TWC.EDU&gt;</item></ing>
      <ing>
        <amt>
          <qty>Date:</qty>
          <unit/></amt>
        <item>Mon, 15 Jul 1996 14:22:41 +0000</item></ing></ingredients>
    <directions>
      <step>  Preheat oven to 350 degrees.  Cut a deep pocket in each pork chop.  Prepare
  stuffing mix according to package directions. Cool slightly.  Remove about
  3/4 of the stuffing from cooking pan to a work bowl to avoid contamination.
  Using only the stuffing in the work bowl and a separate spoon. stuff 1/4 of
  the stuffing into each chop, secure with tooth picks. Season chops on both
  sides with salt, pepper and rosemary.
  
  Heat oil in a large ovenproof saute pan and brown chops carefully on both
  sides. Lower heat slightly and add wine and water to pan. Simmer 1 - 2
  minutes. Remove from heat. Cover pan tightly and bake about one hour. Serve
  with reheated remaining stuffing.  Enjoy!
  
  EAT-L Digest 14 July 96
  
  From the EAT-L recipe list.  Downloaded from Glen's MM Recipe Archive,
  http://www.erols.com/hosey.
 
</step></directions></recipe></recipeml>
