<?xml version="1.0" encoding="UTF-8"?>

<recipeml version="0.5">
  <recipe>
    <head>
      <title>Baked Stuffed Tomatoes</title>
      <categories>
        <cat>Side</cat>
        <cat>Dishes</cat></categories>
      <yield>6</yield></head>
    <ingredients>
      <ing>
        <amt>
          <qty>6</qty>
          <unit/></amt>
        <item>Tomatoes</item></ing>
      <ing>
        <amt>
          <qty>1</qty>
          <unit>tablespoon</unit></amt>
        <item>Butter</item></ing>
      <ing>
        <amt>
          <qty>1</qty>
          <unit>tablespoon</unit></amt>
        <item>Flour</item></ing>
      <ing>
        <amt>
          <qty>1</qty>
          <unit>cup</unit></amt>
        <item>Gouda cheese; grated</item></ing>
      <ing>
        <amt>
          <qty>1/4</qty>
          <unit>pounds</unit></amt>
        <item>Mushrooms; diced</item></ing>
      <ing>
        <amt>
          <qty>1</qty>
          <unit/></amt>
        <item>Egg yolk</item></ing>
      <ing>
        <amt>
          <qty/>
          <unit/></amt>
        <item>Salt and pepper; to taste</item></ing>
      <ing>
        <amt>
          <qty>3</qty>
          <unit>tablespoons</unit></amt>
        <item>Grated parmesan cheese</item></ing></ingredients>
    <directions>
      <step>  1. Cut off upper 1/4 th of tomatoes.
  
  2. Remove seeds with a spoon..
  
  3.Sprinkle inside with a little salt and pepper and turn tomatoes upside
  down to drain.
  
  4. Make roux: melt butter until foamy, stir in mushrooms and cook until
  liquid has evaporated. Stir in flour and cook 1 minute.
  
  5. Stir in milk and cook stirring until thick. Season with salt and pepper.
  
  6. Blend egg yolk into mixture.
  
  7. Stuff tomatoes with this cream and place them in a baking dish.
  
  8. Sprinkle parmesan,
  
  9. Bake in a pre heated 350 oven until heated through. Turn to broil until
  top is golden brown.
  
  NOTES : Makes a beautiful complement to any grilled dish.
  
  Recipe by: Miriam Posvolsky Posted to MC-Recipe Digest V1 #765 by Leon &amp;
  Miriam Posvolsky &lt;miriamp@pobox.com&gt; on Aug 29, 1997
 
</step></directions></recipe></recipeml>
