<?xml version="1.0" encoding="UTF-8"?>

<recipeml version="0.5">
  <recipe>
    <head>
      <title>Baked Striped Bass with Rice Stuffing</title>
      <categories>
        <cat>Seafood</cat></categories>
      <yield>1</yield></head>
    <ingredients>
      <ing>
        <amt>
          <qty>1</qty>
          <unit/></amt>
        <item>Cleaned striped bass (2 1/2</item></ing>
      <ing>
        <amt>
          <qty/>
          <unit/></amt>
        <item>Lb)</item></ing>
      <ing>
        <amt>
          <qty>1</qty>
          <unit>teaspoon</unit></amt>
        <item>Salt</item></ing>
      <ing>
        <amt>
          <qty>1/2</qty>
          <unit>teaspoons</unit></amt>
        <item>Pepper</item></ing>
      <ing>
        <amt>
          <qty/>
          <unit/></amt>
        <item>RICE STUFFING</item></ing>
      <ing>
        <amt>
          <qty>1</qty>
          <unit>teaspoon</unit></amt>
        <item>Paprika</item></ing>
      <ing>
        <amt>
          <qty>4</qty>
          <unit>teaspoons</unit></amt>
        <item>Minced parsley</item></ing>
      <ing>
        <amt>
          <qty>1</qty>
          <unit>tablespoon</unit></amt>
        <item>Lemon juice</item></ing>
      <ing>
        <amt>
          <qty>2</qty>
          <unit>teaspoons</unit></amt>
        <item>Drained capers</item></ing>
      <ing>
        <amt>
          <qty>6</qty>
          <unit>tablespoons</unit></amt>
        <item>Melted maragrine</item></ing></ingredients>
    <directions>
      <step>  Wash &amp; dry fish; split &amp; clean cavity. Season inside &amp; out with salt &amp;
  pepper.  Stuff loosely with Rice Stuffing; close with skewers or
  string. Place stuffed fish on baking pan; dust outside with paprika.
  Bake in 425 oven 30-40 minutes.  While fish bakes, blend parsley,
  lemon juice, capers &amp; margarine; divide into 4 parts &amp; serve in small
  cups with fish, or spread on each individual portion at serving time.
  
  File ftp://ftp.idiscover.co.uk/pub/food/mealmaster/recipes/mmkah001.zip
 
</step></directions></recipe></recipeml>
