<?xml version="1.0" encoding="UTF-8"?>

<recipeml version="0.5">
  <recipe>
    <head>
      <title>Baked Stuffed Catfish</title>
      <categories>
        <cat>Fish/shellf</cat></categories>
      <yield>1</yield></head>
    <ingredients>
      <ing>
        <amt>
          <qty>2</qty>
          <unit/></amt>
        <item>Onions chopped</item></ing>
      <ing>
        <amt>
          <qty>4</qty>
          <unit/></amt>
        <item>Stalks celery chopped</item></ing>
      <ing>
        <amt>
          <qty>1</qty>
          <unit/></amt>
        <item>Bell pepper chopped</item></ing>
      <ing>
        <amt>
          <qty>1/2</qty>
          <unit>cups</unit></amt>
        <item>Butter</item></ing>
      <ing>
        <amt>
          <qty>20</qty>
          <unit>ounces</unit></amt>
        <item>Can tomatoes with or without</item></ing>
      <ing>
        <amt>
          <qty/>
          <unit/></amt>
        <item>Chilies</item></ing>
      <ing>
        <amt>
          <qty>8</qty>
          <unit>ounces</unit></amt>
        <item>Tomato sauce (canned or home</item></ing>
      <ing>
        <amt>
          <qty/>
          <unit/></amt>
        <item>Made)</item></ing>
      <ing>
        <amt>
          <qty/>
          <unit/></amt>
        <item>To taste salt, black pepper</item></ing>
      <ing>
        <amt>
          <qty/>
          <unit/></amt>
        <item>And cayenne pepper</item></ing>
      <ing>
        <amt>
          <qty>1/4</qty>
          <unit>cups</unit></amt>
        <item>Parsley chopped</item></ing>
      <ing>
        <amt>
          <qty>1/4</qty>
          <unit>cups</unit></amt>
        <item>Green onion tops chopped</item></ing>
      <ing>
        <amt>
          <qty>5</qty>
          <unit>pounds</unit></amt>
        <item>Whole catfish, cleaned and</item></ing>
      <ing>
        <amt>
          <qty/>
          <unit/></amt>
        <item>Head removed</item></ing>
      <ing>
        <amt>
          <qty/>
          <unit/></amt>
        <item>Shrimp and crab stuffing</item></ing>
      <ing>
        <amt>
          <qty/>
          <unit/></amt>
        <item>(recipe follows)</item></ing></ingredients>
    <directions>
      <step>  Saute onion, celery and bell pepper in butter until onions are
  transparent; add remaining ingredients except fish and stuffing and
  simmer 20 - 30 minutes Season fish with salt, black pepper and
  cayenne pepper, then stuff cavity with shrimp and crab stuffing.
  Place fish in foil lined baking dish and pour tomato mixture over
  top; close foil over fish tightly and bake at 350 for about 30 to 45
  minutes.
  
  From: Nancy Coleman                   Date: 04-13-96
  Posted to MM-Recipes Digest V3 #244
  
  Date: Fri, 6 Sep 1996 23:00:30 -0400
  
  From: BobbieB1@aol.com
 
</step></directions></recipe></recipeml>
