<?xml version="1.0" encoding="UTF-8"?>

<recipeml version="0.5">
  <recipe>
    <head>
      <title>Baked Spareribs with Barbecue Sauce</title>
      <categories>
        <cat>Pork</cat>
        <cat>Meats</cat>
        <cat>Sauces</cat>
        <cat>From cook4u</cat></categories>
      <yield>4</yield></head>
    <ingredients>
      <ing>
        <amt>
          <qty>1</qty>
          <unit/></amt>
        <item>Rack of spareribs the</item></ing>
      <ing>
        <amt>
          <qty/>
          <unit/></amt>
        <item>Smaller and meatier the</item></ing>
      <ing>
        <amt>
          <qty/>
          <unit/></amt>
        <item>Are the better</item></ing>
      <ing>
        <amt>
          <qty/>
          <unit/></amt>
        <item>Salt and pepper</item></ing>
      <ing>
        <amt>
          <qty>1</qty>
          <unit>cup</unit></amt>
        <item>Ketchup</item></ing>
      <ing>
        <amt>
          <qty>1</qty>
          <unit>teaspoon</unit></amt>
        <item>Grated fresh ginger</item></ing>
      <ing>
        <amt>
          <qty>4</qty>
          <unit>teaspoons</unit></amt>
        <item>Butter</item></ing>
      <ing>
        <amt>
          <qty>2</qty>
          <unit>tablespoons</unit></amt>
        <item>Worcestershire sauce</item></ing>
      <ing>
        <amt>
          <qty>3</qty>
          <unit>tablespoons</unit></amt>
        <item>Lemon juice</item></ing>
      <ing>
        <amt>
          <qty>1/2</qty>
          <unit>teaspoons</unit></amt>
        <item>Garlic, minced</item></ing>
      <ing>
        <amt>
          <qty>2</qty>
          <unit>tablespoons</unit></amt>
        <item>Honey</item></ing>
      <ing>
        <amt>
          <qty>1</qty>
          <unit>teaspoon</unit></amt>
        <item>Coriander, ground</item></ing></ingredients>
    <directions>
      <step>  1. Preheat the oven to 425. 2. Bring a large kettle of water to a boil and
  add the rack of spareribs. Parboil about 2 min., then drain. Pat dry with
  paper towels. 3. Place the spareribs on the rack in a roasting pan, meaty
  side up. Sprinkle with salt and pepper. Place in the oven and bake 30 min.
  or until nicely browned. 4. Meanwhile, combine the remaining ingredients in
  a saucepan and bring to a boil, stirring occasionally. 5. Brush the
  spareribs with the sauce and bake 15 min. longer. 6. Turn the spareribs and
  brush with the sauce. Bake 10-15 min. longer. 7. Cut into 1- or 2-rib
  pieces. Serve with the remaining sauce.
  
  From Gemini's MASSIVE MealMaster collection at www.synapse.com/~gemini
 
</step></directions></recipe></recipeml>
