<?xml version="1.0" encoding="UTF-8"?>

<recipeml version="0.5">
  <recipe>
    <head>
      <title>Baked Sour Cream Doughnuts</title>
      <categories>
        <cat>None</cat></categories>
      <yield>19 -20</yield></head>
    <ingredients>
      <ing-div>
        <title>DOUGHNUTS</title>
        <ing>
          <amt>
            <qty>3 1/2</qty>
            <unit>cups</unit></amt>
          <item>All-purpose flour; (up to 4)</item></ing>
        <ing>
          <amt>
            <qty>2</qty>
            <unit>teaspoons</unit></amt>
          <item>Baking powder</item></ing>
        <ing>
          <amt>
            <qty>1/2</qty>
            <unit>teaspoons</unit></amt>
          <item>Baking soda</item></ing>
        <ing>
          <amt>
            <qty>3/4</qty>
            <unit>teaspoons</unit></amt>
          <item>Salt</item></ing>
        <ing>
          <amt>
            <qty>1</qty>
            <unit>teaspoon</unit></amt>
          <item>Cinnamon</item></ing>
        <ing>
          <amt>
            <qty>1/2</qty>
            <unit>teaspoons</unit></amt>
          <item>Nutmeg</item></ing>
        <ing>
          <amt>
            <qty>2</qty>
            <unit>large</unit></amt>
          <item>Eggs</item></ing>
        <ing>
          <amt>
            <qty>1/2</qty>
            <unit>cups</unit></amt>
          <item>Sugar</item></ing>
        <ing>
          <amt>
            <qty>1/4</qty>
            <unit>cups</unit></amt>
          <item>Butter; melted</item></ing>
        <ing>
          <amt>
            <qty>1</qty>
            <unit>cup</unit></amt>
          <item>Nonfat sour cream</item></ing></ing-div>
      <ing-div>
        <title>BRUSH-ON TOPPING</title>
        <ing>
          <amt>
            <qty>1/4</qty>
            <unit>cups</unit></amt>
          <item>Butter; melted</item></ing></ing-div>
      <ing-div>
        <title>GLAZE</title>
        <ing>
          <amt>
            <qty>1 1/2</qty>
            <unit>cups</unit></amt>
          <item>Confectioners' sugar; sifted</item></ing>
        <ing>
          <amt>
            <qty>1</qty>
            <unit>tablespoon</unit></amt>
          <item>Warm water</item></ing>
        <ing>
          <amt>
            <qty>2</qty>
            <unit>tablespoons</unit></amt>
          <item>Pure maple syrup</item></ing></ing-div></ingredients>
    <directions>
      <step>  In a large mixing bowl, combine 3-1/2 c. flour with baking powder, baking
  soda, salt, and spices; whisk to blend. Set aside.
  
  Combine the eggs and sugar in large bowl of food processor. Process until
  pale yellow and slightly thickened. Add 1/4 c. of melted butter and sour
  cream; blend well. Add dry ingredients; beat until a moist, stiff dough is
  formed.
  
  Turn out onto a lightly floured surface. Knead gently, working in
  additional flour to prevent sticking. Dough should be soft and smooth.
  Cover; let rest for 30 minutes.
  
  Preheat oven to 425 degrees Fahrenheit (400 if using convection).
  Generously grease 2 baking sheets (I use nonstick baking sheets without
  additional grease).
  
  Roll the dough to a 1/2" thickness and cut out with 2-1/2" doughnut cutter.
  Transfer to the prepared baking sheets, ensuring that you leave at least 1"
  between doughnuts. Brush with the remaining 1/4 c. melted butter.
  
  Bake 12-15 minutes, or until lightly browned. Transfer to a cooling rack.
  
  When doughnuts are completely cooled, combine the confectioners' sugar,
  water, and maple syrup in a small bowl. Blend until smooth, then spread
  over the surface of each doughnut.
  
  Serve immediately.
  
  Posted to Bakery-Shoppe Digest by Musique68 &lt;Musique68@aol.com&gt; on Apr 14,
  1998
 
</step></directions></recipe></recipeml>
