<?xml version="1.0" encoding="UTF-8"?>

<recipeml version="0.5">
  <recipe>
    <head>
      <title>Baked Stuffed Carrots</title>
      <categories>
        <cat>To post</cat>
        <cat>Vegetables</cat></categories>
      <yield>8</yield></head>
    <ingredients>
      <ing>
        <amt>
          <qty>4</qty>
          <unit>large</unit></amt>
        <item>Carrots, washed and pared</item></ing>
      <ing>
        <amt>
          <qty>1</qty>
          <unit>medium</unit></amt>
        <item>Onion, chopped</item></ing>
      <ing>
        <amt>
          <qty>1/2</qty>
          <unit/></amt>
        <item>Red Or Green Bell Pepper, chopped</item></ing>
      <ing>
        <amt>
          <qty/>
          <unit/></amt>
        <item>Salt And Pepper, to taste</item></ing>
      <ing>
        <amt>
          <qty>3</qty>
          <unit>tablespoons</unit></amt>
        <item>Butter Or Margarine, divided</item></ing></ingredients>
    <directions>
      <step>  Boil carrots for 30 minutes or until mildly cooked. Cut in halves. Scoop
  out centers and mash. Chop onion and pepper and add salt, pepper, and t
  tbs. butter. Add to mashed carrot centers and stuff the eight remaining
  halves of carrots. Bake in a dish greased with 1 tb. butter for about 30
  minutes at 350ø.
  
  Serves: 8
  
  Source: "Mountain Measures" --Junior Leauge of Charleston, WV ed. 1974
  
  HISTORICAL NOTE:
  
  A former professor of English at Fairmont State college in Fairmont, WV,
  Dr. Ruth Ann Musick lived and taught in WV for more than twenty years.
  During this time she gathered folklore of WV which she published in
  articles for various journals and in book form. The late Dr. Musick was a
  long-time editor of "West Virginia Folklore."
  
  Recipe by: Dr. Ruth Ann  Musick Posted to MC-Recipe Digest V1 #617 by Bill
  Spalding &lt;billspa@icanect.net&gt; on May 24, 1997
 
</step></directions></recipe></recipeml>
