<?xml version="1.0" encoding="UTF-8"?>

<recipeml version="0.5">
  <recipe>
    <head>
      <title>Baked Spinach Egg "Nests"</title>
      <categories>
        <cat>None</cat></categories>
      <yield>4</yield></head>
    <ingredients>
      <ing>
        <amt>
          <qty>4</qty>
          <unit>slices</unit></amt>
        <item>Canadian bacon</item></ing>
      <ing>
        <amt>
          <qty>8</qty>
          <unit/></amt>
        <item>Fresh spinach leaves - approximately</item></ing>
      <ing>
        <amt>
          <qty>4</qty>
          <unit>teaspoons</unit></amt>
        <item>Butter</item></ing>
      <ing>
        <amt>
          <qty>8</qty>
          <unit/></amt>
        <item>Eggs</item></ing>
      <ing>
        <amt>
          <qty/>
          <unit/></amt>
        <item>Salt &amp; pepper to taste</item></ing>
      <ing>
        <amt>
          <qty>4</qty>
          <unit>teaspoons</unit></amt>
        <item>Shredded cheddar cheese</item></ing></ingredients>
    <directions>
      <step>  Wash, dry, and remove stems from spinach. Stack leaves and roll up tightly,
  then slice in narrow strips. Put 1 teaspoon butter in each of 4-4oz baking
  cups. Add about 1/4 of the spinach, then about 1/4 of the bacon. Break 2
  eggs on top of each nest, then top each egg with 1 teaspoon cheese. Place
  baking dishes on a cookie sheet and bake in a preheated 325 oven for
  approximately 15-20 minutes.
  
  Formatted and Busted by Carriej999@AOL.com
  
  Recipe by: Morning Star Inn, Highlands, North Carolina
  
  Posted to MC-Recipe Digest by Carriej999 &lt;Carriej999@aol.com&gt; on Mar 10,
  1998
 
</step></directions></recipe></recipeml>
