<?xml version="1.0" encoding="UTF-8"?>

<recipeml version="0.5">
  <recipe>
    <head>
      <title>Baked Stuffed Fish</title>
      <categories>
        <cat/></categories>
      <yield>100</yield></head>
    <ingredients>
      <ing>
        <amt>
          <qty>1</qty>
          <unit>quart</unit></amt>
        <item>WATER</item></ing>
      <ing>
        <amt>
          <qty>30</qty>
          <unit>pounds</unit></amt>
        <item>FISH FILLETS FLAT FZ</item></ing>
      <ing>
        <amt>
          <qty>1</qty>
          <unit>cup</unit></amt>
        <item>BUTTER PRINT SURE</item></ing>
      <ing>
        <amt>
          <qty>1 1/2</qty>
          <unit>cups</unit></amt>
        <item>BUTTER PRINT SURE</item></ing>
      <ing>
        <amt>
          <qty>1</qty>
          <unit>pound</unit></amt>
        <item>CELERY FRESH</item></ing>
      <ing>
        <amt>
          <qty>1</qty>
          <unit>pound</unit></amt>
        <item>LEMON FRESH</item></ing>
      <ing>
        <amt>
          <qty>1 1/2</qty>
          <unit>pounds</unit></amt>
        <item>ONIONS DRY</item></ing>
      <ing>
        <amt>
          <qty>3 1/2</qty>
          <unit>pounds</unit></amt>
        <item>FLOUR GEN PURPOSE 10LB</item></ing>
      <ing>
        <amt>
          <qty>2 1/2</qty>
          <unit>teaspoons</unit></amt>
        <item>PEPPER BLACK 1 LB CN</item></ing>
      <ing>
        <amt>
          <qty>2</qty>
          <unit>tablespoons</unit></amt>
        <item>THYME GROUND</item></ing>
      <ing>
        <amt>
          <qty>2</qty>
          <unit>tablespoons</unit></amt>
        <item>PAPRIKA GROUND</item></ing>
      <ing>
        <amt>
          <qty>3</qty>
          <unit>tablespoons</unit></amt>
        <item>SALT TABLE 5LB</item></ing>
      <ing>
        <amt>
          <qty>PAN:</qty>
          <unit>18</unit></amt>
        <item>BY 26-INCH SHEET PAN                  TEMPERATURE:  375 F. OVEN</item></ing></ingredients>
    <directions>
      <step>  1.  SAUTE CELERY AND ONIONS IN BUTTER OR MARGARINE UNTIL TENDER.
  
  2.  COMBINE CRACKER CRUMBS, PEPPER, AND THYME; ADD TO VEGETABLES.
  
  3.  ADD WATER TO VEGETABLE-CRUMB MIXTURE; TOSS MIXTURE BUT DO NOT PACK. SET
  ASIDE FOR USE IN STEP 5.
  
  4.  SEPARATE FILLETS; CUT INTO 2 1/4 OZ PIECES. PLACE 50 PIECES ON EACH
  GREASED PAN.
  
  5.  PLACE 1/4 CUP (1-NO.16 SCOOP) VEGETABLE-CRUMB MIXTURE ON EACH PIECE.
  COVER WITH SECOND FISH PIECE.
  
  6.  COMBINE LEMON JUICE AND BUTTER OR MARGARINE; POUR OVER FISH IN EACH
  PAN.
  
  7.  SPRINKLE SALT AND PAPRIKA OVER FISH.
  
  8.  BAKE ABOUT 25 MINUTES OR UNTIL LIGHTLY BROWNED.
  
  NOTE:  1.  IN STEP 1, 1 LB 6 OZ FRESH CELERY A.P. WILL YIELD 1 LB CHOPPED
  CELERY AND 1 LB 11 OZ DRY ONIONS A.P. WILL YIELD 1 LB 8 OZ CHOPPED ONIONS.
  
  NOTE:  2.  IN STEP 6, 1 LB FRESH LEMONS A.P. (4 LEMONS) WILL YIELD 3/4
  CUP JUICE.
  
  NOTE:  3.  OTHER SIZES AND TYPES OF PANS MAY BE USED. SEE RECIPE NO.
  A02500.
  
  Recipe Number: L12000
  
  SERVING SIZE: 4 1/2 OZ F
  
  From the &lt;Army Master Recipe Index File&gt; (actually used today!).
  Downloaded from Glen's MM Recipe Archive, http://www.erols.com/hosey.
 
</step></directions></recipe></recipeml>
