<?xml version="1.0" encoding="UTF-8"?>

<recipeml version="0.5">
  <recipe>
    <head>
      <title>Baked Stuffed Eggs</title>
      <categories>
        <cat>Appetizers</cat>
        <cat>Side dish</cat>
        <cat>Brunch</cat></categories>
      <yield>6</yield></head>
    <ingredients>
      <ing>
        <amt>
          <qty>6</qty>
          <unit/></amt>
        <item>Egg;    hard boiled</item></ing>
      <ing>
        <amt>
          <qty>6</qty>
          <unit/></amt>
        <item>Mushroom ; chopped</item></ing>
      <ing>
        <amt>
          <qty>1</qty>
          <unit/></amt>
        <item>Med Onion ; chopped chopped</item></ing>
      <ing>
        <amt>
          <qty>1/2</qty>
          <unit/></amt>
        <item>Green pepper ; chopped</item></ing>
      <ing>
        <amt>
          <qty/>
          <unit/></amt>
        <item>Cayenne pepper</item></ing>
      <ing>
        <amt>
          <qty/>
          <unit/></amt>
        <item>Salt,</item></ing>
      <ing>
        <amt>
          <qty/>
          <unit/></amt>
        <item>Pepper</item></ing>
      <ing>
        <amt>
          <qty>2</qty>
          <unit>tablespoons</unit></amt>
        <item>Butter</item></ing>
      <ing>
        <amt>
          <qty>2</qty>
          <unit>tablespoons</unit></amt>
        <item>Flour</item></ing>
      <ing>
        <amt>
          <qty>3/4</qty>
          <unit>cups</unit></amt>
        <item>Milk</item></ing>
      <ing>
        <amt>
          <qty>1/2</qty>
          <unit>cups</unit></amt>
        <item>Heavy cream  ;( or whipping</item></ing>
      <ing>
        <amt>
          <qty>1</qty>
          <unit>cup</unit></amt>
        <item>Cheese ;grated cheddar</item></ing>
      <ing>
        <amt>
          <qty/>
          <unit/></amt>
        <item>Sauce</item></ing>
      <ing>
        <amt>
          <qty>2</qty>
          <unit>tablespoons</unit></amt>
        <item>Butter</item></ing>
      <ing>
        <amt>
          <qty>2</qty>
          <unit>tablespoons</unit></amt>
        <item>Flour</item></ing>
      <ing>
        <amt>
          <qty>3/4</qty>
          <unit>cups</unit></amt>
        <item>Milk</item></ing>
      <ing>
        <amt>
          <qty>1/2</qty>
          <unit>teaspoons</unit></amt>
        <item>Salt  &amp; pepper; to taste</item></ing>
      <ing>
        <amt>
          <qty>1</qty>
          <unit>dash</unit></amt>
        <item>Cayenne</item></ing>
      <ing>
        <amt>
          <qty>1/2</qty>
          <unit>cups</unit></amt>
        <item>Heavy cream</item></ing></ingredients>
    <directions>
      <step>  chop and saute mushroom, onion and bell pepper in 2 TBSP. butter. Add dash
  of salt and pepper.  Mix with yolks. Add enough sauce to mixture so it will
  hold and not be crumbly. Brunches, I usually serve a fruit salad, I make a
  very exotic salad with three dressings to choose from...If you want the
  dressings let me know, a Honey Baked Ham, smoked turkey, condiments, and a
  variety of breads and muffins. People can make sandwiches if desired. The
  egg recipe is as follows:Melt butter, add flour and milk. Cook until thick,
  add 1 cup grated cheese. Add chopped hard boiled egg yolks. Halve eggs,
  stuff with mix, top with sauce in pan and bake at 325 for 20 to 30 min. Can
  be made ahead and baked later. Any questions please send to my private box.
  Lexi in Santa Barbara FROM:    LEXI KERN (HCRM38A)
  
  From Gemini's MASSIVE MealMaster collection at www.synapse.com/~gemini
 
</step></directions></recipe></recipeml>
