<?xml version="1.0" encoding="UTF-8"?>

<recipeml version="0.5">
  <recipe>
    <head>
      <title>Baked Steak with Creole Sauce</title>
      <categories>
        <cat>None</cat></categories>
      <yield>1</yield></head>
    <ingredients>
      <ing>
        <amt>
          <qty>2</qty>
          <unit>teaspoons</unit></amt>
        <item>Olive oil</item></ing>
      <ing>
        <amt>
          <qty>1/4</qty>
          <unit>cups</unit></amt>
        <item>Onions; chopped</item></ing>
      <ing>
        <amt>
          <qty>1/4</qty>
          <unit>cups</unit></amt>
        <item>Green bell pepper; chopped</item></ing>
      <ing>
        <amt>
          <qty>1/2</qty>
          <unit>pounds</unit></amt>
        <item>Canned tomatoes</item></ing>
      <ing>
        <amt>
          <qty>1/2</qty>
          <unit>teaspoons</unit></amt>
        <item>Chili powder</item></ing>
      <ing>
        <amt>
          <qty>1/4</qty>
          <unit>teaspoons</unit></amt>
        <item>Celery seed</item></ing>
      <ing>
        <amt>
          <qty>1/2</qty>
          <unit>teaspoons</unit></amt>
        <item>Garlic powder</item></ing>
      <ing>
        <amt>
          <qty>1</qty>
          <unit>pound</unit></amt>
        <item>Lean boneless round steaks</item></ing></ingredients>
    <directions>
      <step>  =46rom The American Diabetes Association's Easy &amp; Elegant Entrees ADA
  Bookstore: 1-800-232-6733
  
  Prep: 15 min, Cook: 15 min.
  
  In a large skillet over medium heat, heat the oil. Add the onions and green
  pepper and saut‚ until onions are translucent, about 5 minutes. Add the
  tomatoes and the seasonings; cover and let simmer over low heat 20-25
  minutes. This allows the flavors to blend. Trim all visible fat off the
  steak. In a nonstick pan or a pan that has been sprayed with nonstick
  cooking spray, lightly brown the steak on each side. Transfer the steak to
  a 13=D79 inch baking dish; pour the sauce over the steak and cover. Bake at
  350øF for 1-1/4 hours or until steak is tender. Remove from oven; slice
  steak and arrange on a serving platter. Spoon sauce over the steak and
  serve.
  
  Posted to recipelu-digest by molony &lt;molony@scsn.net&gt; on Mar 02, 1998
 
</step></directions></recipe></recipeml>
