<?xml version="1.0" encoding="UTF-8"?>

<recipeml version="0.5">
  <recipe>
    <head>
      <title>Baked Spaghetti</title>
      <categories>
        <cat>None</cat></categories>
      <yield>1</yield></head>
    <ingredients>
      <ing>
        <amt>
          <qty>1</qty>
          <unit>pound</unit></amt>
        <item>Spaghetti noodles</item></ing>
      <ing>
        <amt>
          <qty>1</qty>
          <unit>pound</unit></amt>
        <item>Ground beef</item></ing>
      <ing>
        <amt>
          <qty>1</qty>
          <unit>can</unit></amt>
        <item>Tomato soup</item></ing>
      <ing>
        <amt>
          <qty>1</qty>
          <unit>can</unit></amt>
        <item>(8 oz) tomato sauce</item></ing>
      <ing>
        <amt>
          <qty>1/2</qty>
          <unit>medium</unit></amt>
        <item>Onion</item></ing>
      <ing>
        <amt>
          <qty>1</qty>
          <unit>can</unit></amt>
        <item>(4 oz) mushrooms</item></ing>
      <ing>
        <amt>
          <qty>1</qty>
          <unit>can</unit></amt>
        <item>Cream style corn</item></ing>
      <ing>
        <amt>
          <qty/>
          <unit/></amt>
        <item>Grated cheddar cheese</item></ing></ingredients>
    <directions>
      <step>  Boil spaghetti in water until al dente. Meanwhile brown ground beef and
  drain. Add chopped onion and mushrooms, cook until onions are tender. Add
  tomato soup and tomato sauce, simmer 5 minutes. Add cream style corn and
  simmer another 5 minutes. Drain spaghetti and put back in pan you boiled it
  in. Add sauce and mix thoroughly. Place mixture in 9 x 13 pan and add
  grated cheese on top. Bake for 20-30 minutes or until cheese melts.
  
  Posted to TNT - Prodigy's Recipe Exchange Newsletter  by
  phinehas@teleport.com on Nov 12, 1997
 
</step></directions></recipe></recipeml>
