<?xml version="1.0" encoding="UTF-8"?>

<recipeml version="0.5">
  <recipe>
    <head>
      <title>Baked Stuffed Yams with Pecans</title>
      <categories>
        <cat>Potatoes</cat></categories>
      <yield>4</yield></head>
    <ingredients>
      <ing>
        <amt>
          <qty>4</qty>
          <unit/></amt>
        <item>Louisiana yams; baked</item></ing>
      <ing>
        <amt>
          <qty>1/3</qty>
          <unit>cups</unit></amt>
        <item>Butter or margarine</item></ing>
      <ing>
        <amt>
          <qty>1/3</qty>
          <unit>cups</unit></amt>
        <item>Light cream</item></ing>
      <ing>
        <amt>
          <qty>1/3</qty>
          <unit>cups</unit></amt>
        <item>Chopped pecans</item></ing>
      <ing>
        <amt>
          <qty>1</qty>
          <unit>teaspoon</unit></amt>
        <item>Salt</item></ing></ingredients>
    <directions>
      <step>  Cut yams in half lengthwise and scoop from shells. Mash yams with butter or
  margarine and light cream. Add pecans and salt; mix well. Pile yam mixture
  into shells. Broil 3 to 4 inches from source of heat about 5 minutes, or
  until lightly browned. Top with pecan halves if desired.
  
  NOTES : This booklet was prepared by the Louisiana Sweet Potato Commission.
  
  Recipe by: 75 Easy Yam Recipes with a Romantic Past
  
  Posted to MC-Recipe Digest V1 #891 by NGavlak@aol.com on Nov 8, 1997
 
</step></directions></recipe></recipeml>
