<?xml version="1.0" encoding="UTF-8"?>

<recipeml version="0.5">
  <recipe>
    <head>
      <title>Baked Stuffed Zucchini</title>
      <categories>
        <cat>Cheese</cat>
        <cat>Vegetables</cat></categories>
      <yield>4</yield></head>
    <ingredients>
      <ing>
        <amt>
          <qty>4</qty>
          <unit/></amt>
        <item>Zucchini; 1/2 pound each</item></ing>
      <ing>
        <amt>
          <qty>2</qty>
          <unit>tablespoons</unit></amt>
        <item>Margarine</item></ing>
      <ing>
        <amt>
          <qty>2</qty>
          <unit/></amt>
        <item>Scallions; chopped</item></ing>
      <ing>
        <amt>
          <qty>1/2</qty>
          <unit>pounds</unit></amt>
        <item>Mushrooms; chopped</item></ing>
      <ing>
        <amt>
          <qty>1/2</qty>
          <unit>cups</unit></amt>
        <item>Walnuts; chopped</item></ing>
      <ing>
        <amt>
          <qty>1</qty>
          <unit>cup</unit></amt>
        <item>Soft bread crumbs</item></ing>
      <ing>
        <amt>
          <qty>4</qty>
          <unit/></amt>
        <item>Eggs</item></ing>
      <ing>
        <amt>
          <qty>2</qty>
          <unit>tablespoons</unit></amt>
        <item>Fresh parsley; minced</item></ing>
      <ing>
        <amt>
          <qty>1</qty>
          <unit>tablespoon</unit></amt>
        <item>Fresh basil; chopped</item></ing>
      <ing>
        <amt>
          <qty>1/2</qty>
          <unit>cups</unit></amt>
        <item>Grated Parmesan cheese</item></ing>
      <ing>
        <amt>
          <qty/>
          <unit/></amt>
        <item>Salt; to taste</item></ing>
      <ing>
        <amt>
          <qty/>
          <unit/></amt>
        <item>Black pepper; to taste</item></ing></ingredients>
    <directions>
      <step>  1. Scrub zucchini and cut in half lengthwise. Scoop out and reserve pulp,
  leaving shells 1/4-inch thick. 2. Drop shells into boiling water and boil
  for 5 minutes. 3. Chop pulp and saut‚ in margarine. Add scallion (or green
  onions) and mushrooms; saut‚ 3 minutes longer. Add nuts and remove from
  heat. 4. Beat eggs with parsley, basil, salt and pepper to taste. 5. Add
  egg mixture and fresh bread crumbs to pulp mixture. Spoon into zucchini
  shells which have been drained. Top with grated cheese. Use your choice of
  cheese; Parmesan is only one suggestion. 6. Place into a baking dish which
  has been greased with margarine. Add 1/2 inch of water and bake, uncovered,
  in preheated 350-degree oven for about 30 minutes. Let stand 5 minutes,
  then serve.
  
  Recipe by: Jo Anne Merrill
  
  Posted to recipelu-digest by "Valerie Whittle" &lt;catspaw@inetnow.net&gt; on Feb
  4, 1998
 
</step></directions></recipe></recipeml>
