<?xml version="1.0" encoding="UTF-8"?>

<recipeml version="0.5">
  <recipe>
    <head>
      <title>Baked Steamed Potatoes &lt;r T&gt;</title>
      <categories>
        <cat>Eat-lf mail</cat>
        <cat>Low fat</cat>
        <cat>Potatoes</cat>
        <cat>Side dish</cat></categories>
      <yield>4</yield></head>
    <ingredients>
      <ing>
        <amt>
          <qty>4</qty>
          <unit>large</unit></amt>
        <item>Red Potatoes; Abt 1 Lb, Dice</item></ing>
      <ing>
        <amt>
          <qty>1</qty>
          <unit>cup</unit></amt>
        <item>Nonfat Vegetarian Broth; Chicken Flavor</item></ing>
      <ing>
        <amt>
          <qty>2</qty>
          <unit>teaspoons</unit></amt>
        <item>Sage</item></ing>
      <ing>
        <amt>
          <qty>2</qty>
          <unit/></amt>
        <item>Cloves Garlic; Minced</item></ing>
      <ing>
        <amt>
          <qty/>
          <unit/></amt>
        <item>Salt And Pepper; To Taste, I Omitted</item></ing></ingredients>
    <directions>
      <step>  Put diced potatoes into steamer and steam till just tender.
  
  Preheat oven to 350 deg F.
  
  Remove steamed potatoes to baking dish.  Pour vegetarian chicken broth,
  minced garlic and sage over them.  Bake for about 1 hr.
  
  Entered into MasterCook, created and tested for you by Reggie and Jeff
  Dwork and Sally and Lou Eisenberg &lt;reggie@reggie.com&gt;
  Recipe By     : Reggie Dwork  &lt;reggie@reggie.com&gt;
  
  Posted to Digest eat-lf.v096.n214
  
  Date: Sat, 09 Nov 1996 21:01:06 -0800
  
  From: Reggie Dwork &lt;reggie@reggie.com&gt;
  
  NOTES : Cal 70/3,
  
  Fat  0.1g,
  
  Carb  16.2g,
  
  Fib  1.4g,
  
  Pro  2.1g,
  
  Sod  223mg,
  
  CFF  1.5%.
 
</step></directions></recipe></recipeml>
