<?xml version="1.0" encoding="UTF-8"?>

<recipeml version="0.5">
  <recipe>
    <head>
      <title>Baked Stuffed Squid</title>
      <categories>
        <cat>Greek</cat>
        <cat>Seafood</cat></categories>
      <yield>5</yield></head>
    <ingredients>
      <ing>
        <amt>
          <qty>1</qty>
          <unit>pound</unit></amt>
        <item>Squid</item></ing>
      <ing>
        <amt>
          <qty/>
          <unit/></amt>
        <item>Salt</item></ing>
      <ing>
        <amt>
          <qty>6</qty>
          <unit>tablespoons</unit></amt>
        <item>Olive oil</item></ing>
      <ing>
        <amt>
          <qty>1</qty>
          <unit/></amt>
        <item>Onion; chopped</item></ing>
      <ing>
        <amt>
          <qty>1/3</qty>
          <unit>cups</unit></amt>
        <item>Raw long-grain white rice</item></ing>
      <ing>
        <amt>
          <qty>1/2</qty>
          <unit>cups</unit></amt>
        <item>Chopped fresh parsley</item></ing>
      <ing>
        <amt>
          <qty>1/4</qty>
          <unit>cups</unit></amt>
        <item>Chopped fresh mint leaves</item></ing>
      <ing>
        <amt>
          <qty>2</qty>
          <unit>tablespoons</unit></amt>
        <item>White wine</item></ing>
      <ing>
        <amt>
          <qty>1/4</qty>
          <unit>cups</unit></amt>
        <item>Pine nuts</item></ing>
      <ing>
        <amt>
          <qty>1/4</qty>
          <unit>cups</unit></amt>
        <item>Black raisins</item></ing>
      <ing>
        <amt>
          <qty/>
          <unit/></amt>
        <item>Freshly ground pepper</item></ing>
      <ing>
        <amt>
          <qty>4</qty>
          <unit/></amt>
        <item>Peeled tomatoes; drained</item></ing>
      <ing>
        <amt>
          <qty>1/3</qty>
          <unit>cups</unit></amt>
        <item>White wine</item></ing></ingredients>
    <directions>
      <step>  Wash and clean the squid, separating the outer sacs from the heads and
  tentacles, removing and discarding the translucent cartilage, and small
  sand bag and ink. Rub salt on the outer sacs and rinse them inside and out
  with cold water. Heads and tentacles should be rinsed thoroughly and cooked
  along with the sacs after you stuff the latter. Drain and set aside.
  
  Heat 1/4 cup of the oil in a heavy frying pan, then add the onion and cook,
  without browning, until transparent.  Stir in the rice and saute a few
  minutes, until golden. Blend in the parsley, mint, 2 tablespoons wine, pine
  nuts, and raisins, and season with salt and pepper to taste. Add enough
  water to half cover and cook for a few minutes, then stuff the squid sacs
  with the mixture using a very small spoon and allowing enough liquid in
  each for the rice to cook. Seal opening with skewers or toothpicks. Place
  the stuffed sacs with the heads and tentacles in a baking-serving dish.
  Sprinkle with salt and pepper and set aside.
  
  Meanwhile, combine the tomatoes, 1/3 cup wine, and a little salt and pepper
  in a small saucepan and simmer for 5 minutes. Pour the sauce over the squid
  and dribble the remaining 2 tablespoons olive oil over the top. Bake in a
  medium-slow oven (300 F) for 1 1/2 hours or until the squid and rice are
  tender and the sauce has thickened. Serve warm or cold.
  
  From: "The Food of Greece" by Vilma Liacouras Chantiles.  Avenel Books, New
  York.
  
  Typed for you by Karen Mintzias
  Posted to EAT-L Digest 19 Sep 96
  
  Date:    Fri, 20 Sep 1996 08:52:19 -0500
  
  From:    LD Goss &lt;ldgoss@METRONET.COM&gt;
 
</step></directions></recipe></recipeml>
