<?xml version="1.0" encoding="UTF-8"?>

<recipeml version="0.5">
  <recipe>
    <head>
      <title>Baked Stuffed Fish</title>
      <categories>
        <cat>Main dish</cat>
        <cat>Seafood</cat>
        <cat>Camping</cat></categories>
      <yield>6</yield></head>
    <ingredients>
      <ing>
        <amt>
          <qty/>
          <unit/></amt>
        <item>White fish; enough for 4-6 servings</item></ing>
      <ing>
        <amt>
          <qty>2</qty>
          <unit>cups</unit></amt>
        <item>Soft bread cubes;about 1/2" cubes</item></ing>
      <ing>
        <amt>
          <qty>1</qty>
          <unit/></amt>
        <item>Small onion; chopped fine</item></ing>
      <ing>
        <amt>
          <qty>1</qty>
          <unit/></amt>
        <item>Green pepper; blanched and chopped</item></ing>
      <ing>
        <amt>
          <qty>8</qty>
          <unit>ounces</unit></amt>
        <item>Imitation crabmeat</item></ing>
      <ing>
        <amt>
          <qty>1/4</qty>
          <unit>cups</unit></amt>
        <item>Lemon juice</item></ing>
      <ing>
        <amt>
          <qty>1/2</qty>
          <unit>cups</unit></amt>
        <item>HELLMANS mayo</item></ing>
      <ing>
        <amt>
          <qty/>
          <unit/></amt>
        <item>Salt &amp; pepper to taste</item></ing></ingredients>
    <directions>
      <step>   Mix all these ingredients together and roll up in fish fillets, securing
  them with toothpicks. Divide it among four or five good-sized pieces. Bake
  at 400 for 30 minutes. During last 10 minutes pour newburg sauce over fish.
   It's good with flounder, but any white fish will do. I've used large cod
  and catfish fillets and butterflied them. Just enough so you can roll it up
  over the stuffing.
  
   Reformatted for Meal Master by: CYGNUS, HCPM52C &amp; C.MINEAH
  
  Posted to MM-Recipes Digest V4 #148 by "John Weber" &lt;hdbrer@ibm.net&gt; on May
  28, 97
 
</step></directions></recipe></recipeml>
