<?xml version="1.0" encoding="UTF-8"?>

<recipeml version="0.5">
  <recipe>
    <head>
      <title>Baked Stuffed Lake Trout, Salmon, or Walleyed Pike</title>
      <categories>
        <cat>Seafood</cat></categories>
      <yield>6</yield></head>
    <ingredients>
      <ing-div>
        <title/>
        <ing>
          <amt>
            <qty>1</qty>
            <unit>teaspoon</unit></amt>
          <item>Salt</item></ing>
        <ing>
          <amt>
            <qty>1</qty>
            <unit/></amt>
          <item>Carrot, thinly sliced</item></ing>
        <ing>
          <amt>
            <qty/>
            <unit/></amt>
          <item>White pepper</item></ing>
        <ing>
          <amt>
            <qty>1</qty>
            <unit/></amt>
          <item>Rib celery, thinly sliced</item></ing>
        <ing>
          <amt>
            <qty>6</qty>
            <unit>pounds</unit></amt>
          <item>Fish, dressed</item></ing>
        <ing>
          <amt>
            <qty>3/4</qty>
            <unit>teaspoons</unit></amt>
          <item>Dried marjoram</item></ing>
        <ing>
          <amt>
            <qty>1</qty>
            <unit/></amt>
          <item>Stuffing recipe</item></ing>
        <ing>
          <amt>
            <qty>1</qty>
            <unit/></amt>
          <item>Bay leaf</item></ing>
        <ing>
          <amt>
            <qty>1 1/2</qty>
            <unit>cups</unit></amt>
          <item>White wine</item></ing>
        <ing>
          <amt>
            <qty>1</qty>
            <unit/></amt>
          <item>Lemon, sliced very thin</item></ing>
        <ing>
          <amt>
            <qty>4</qty>
            <unit>tablespoons</unit></amt>
          <item>Butter, melted</item></ing>
        <ing>
          <amt>
            <qty>2</qty>
            <unit/></amt>
          <item>Shallots, thinly sliced</item></ing></ing-div>
      <ing-div>
        <title>CELERY STUFFING</title>
        <ing>
          <amt>
            <qty>3/4</qty>
            <unit>cups</unit></amt>
          <item>(4 ribs)</item></ing>
        <ing>
          <amt>
            <qty>1/2</qty>
            <unit>cups</unit></amt>
          <item>Bread crumbs</item></ing>
        <ing>
          <amt>
            <qty/>
            <unit/></amt>
          <item>Chopped celery</item></ing>
        <ing>
          <amt>
            <qty/>
            <unit/></amt>
          <item>Salt and fresh black pepper</item></ing>
        <ing>
          <amt>
            <qty>1/2</qty>
            <unit/></amt>
          <item>Chopped onions</item></ing>
        <ing>
          <amt>
            <qty>1/4</qty>
            <unit>teaspoons</unit></amt>
          <item>Savory</item></ing>
        <ing>
          <amt>
            <qty>4</qty>
            <unit>tablespoons</unit></amt>
          <item>Butter</item></ing>
        <ing>
          <amt>
            <qty>1/4</qty>
            <unit>cups</unit></amt>
          <item>Chopped celery tops</item></ing></ing-div>
      <ing-div>
        <title>FENNEL / TARRAGON STUFFING</title>
        <ing>
          <amt>
            <qty>2</qty>
            <unit>tablespoons</unit></amt>
          <item>Chopped parsley</item></ing>
        <ing>
          <amt>
            <qty>1/2</qty>
            <unit>teaspoons</unit></amt>
          <item>Fennel seed</item></ing>
        <ing>
          <amt>
            <qty>2</qty>
            <unit>tablespoons</unit></amt>
          <item>Chopped fresh tarragon</item></ing>
        <ing>
          <amt>
            <qty/>
            <unit/></amt>
          <item>Salt and fresh pepper</item></ing>
        <ing>
          <amt>
            <qty>6</qty>
            <unit>tablespoons</unit></amt>
          <item>Butter, melted</item></ing>
        <ing>
          <amt>
            <qty>1 1/2</qty>
            <unit>cups</unit></amt>
          <item>Roughly torn fresh</item></ing>
        <ing>
          <amt>
            <qty/>
            <unit/></amt>
          <item>Bread crumbs</item></ing></ing-div></ingredients>
    <directions>
      <step>  Marjoram goes well with fish, and here's a recipe that uses it both in and
  on the fish.  Neither lake trout nor salmon need be scaled, but do scale
  the pike.  A whole baked fish on a garnished platter always looks good to
  guests. Salt and pepper the fish inside and out, then stuff it and sew up
  or skewer the opening.
    Place in a buttered pan and lay lemon slices along its length. Stick a
  toothpick in each slice.
    Add the vegetables, marjoram, bay leaf, and white wine and bake,
  uncovered, for about 35 minutes in a 400 degree oven, basting first with
  the melted butter and then with the liquid in the pan. CELERY STUFFING
  Saute the chopped celery and onions in butter in a small skillet for 15
  minutes, until tender but still with a little bite.
    Add the chopped celery tops and the bread crumbs.  Season to taste with
  salt, pepper, and savory.  Makes 1 cup. FENNEL SEED AND TARRAGON STUFFING
  
  Mix all ingredients together and stuff fish.
  
  File ftp://ftp.idiscover.co.uk/pub/food/mealmaster/recipes/mmdjaxxx.zip
 
</step></directions></recipe></recipeml>
