<?xml version="1.0" encoding="UTF-8"?>

<recipeml version="0.5">
  <recipe>
    <head>
      <title>Baked Stuffed Shrimp</title>
      <categories>
        <cat>Sun-dried</cat>
        <cat>Seafood</cat>
        <cat>Wrv</cat></categories>
      <yield>4</yield></head>
    <ingredients>
      <ing>
        <amt>
          <qty>1</qty>
          <unit>tablespoon</unit></amt>
        <item>Olive oil</item></ing>
      <ing>
        <amt>
          <qty>3</qty>
          <unit/></amt>
        <item>Green onions; minced</item></ing>
      <ing>
        <amt>
          <qty>2</qty>
          <unit>cloves</unit></amt>
        <item>Garllic; minced</item></ing>
      <ing>
        <amt>
          <qty>1</qty>
          <unit>teaspoon</unit></amt>
        <item>Italian parsley; chopped</item></ing>
      <ing>
        <amt>
          <qty>1</qty>
          <unit>teaspoon</unit></amt>
        <item>Fresh thyme; chopped or</item></ing>
      <ing>
        <amt>
          <qty>1/4</qty>
          <unit>teaspoons</unit></amt>
        <item>Dried thyme</item></ing>
      <ing>
        <amt>
          <qty>1</qty>
          <unit>tablespoon</unit></amt>
        <item>Dried tomato bits; heaping</item></ing>
      <ing>
        <amt>
          <qty>3/4</qty>
          <unit>cups</unit></amt>
        <item>Fine fresh bread crumbs</item></ing>
      <ing>
        <amt>
          <qty>1</qty>
          <unit>tablespoon</unit></amt>
        <item>Parmesan cheese; grated</item></ing>
      <ing>
        <amt>
          <qty/>
          <unit>x</unit></amt>
        <item>Salt and pepper</item></ing>
      <ing>
        <amt>
          <qty>1</qty>
          <unit>pound</unit></amt>
        <item>Large or jumbo shrimp; butterflied</item></ing>
      <ing>
        <amt>
          <qty>4</qty>
          <unit/></amt>
        <item>Lemon wedges; garnish</item></ing>
      <ing>
        <amt>
          <qty/>
          <unit>x</unit></amt>
        <item>Tartar sauce; optional</item></ing></ingredients>
    <directions>
      <step>  Heat oil in a small skillet and saute onions, garlic, parsley and thyme
  until onions become soft. Remove from heat and mix together with the tomato
  bits, bread crumbs, Parmesan, salt and pepper. Preheat oven to 450~. Lay
  shrimp in lightly oiled baking dish, cut sides down, with tail shells
  pointing up. Spread a layer of stuffing over the flattened portion of each
  shrimp, mounding it slightly in the center. Bake until the shrimp are pink
  and the stuffing is well-browned, about 10 to 12 minutes. Garnish with
  lemon wedges and offer tartar sauce, if desired. Source: The Sonoma Dried
  Tomato Cookbook (wrv)
  
  From Gemini's MASSIVE MealMaster collection at www.synapse.com/~gemini
 
</step></directions></recipe></recipeml>
