<?xml version="1.0" encoding="UTF-8"?>

<recipeml version="0.5">
  <recipe>
    <head>
      <title>Baked Spinach Casserole</title>
      <categories>
        <cat>Family reci</cat>
        <cat>Holidays</cat>
        <cat>Jolyn</cat>
        <cat>Vegetables</cat></categories>
      <yield>8</yield></head>
    <ingredients>
      <ing>
        <amt>
          <qty>3</qty>
          <unit>tablespoons</unit></amt>
        <item>Butter</item></ing>
      <ing>
        <amt>
          <qty>2</qty>
          <unit>cups</unit></amt>
        <item>Light cream</item></ing>
      <ing>
        <amt>
          <qty>3</qty>
          <unit>tablespoons</unit></amt>
        <item>Onion; grated</item></ing>
      <ing>
        <amt>
          <qty>2</qty>
          <unit>packages</unit></amt>
        <item>Frozen spinach; thawed and drained</item></ing>
      <ing>
        <amt>
          <qty>1</qty>
          <unit>pound</unit></amt>
        <item>Mushrooms; chopped</item></ing>
      <ing>
        <amt>
          <qty>3</qty>
          <unit>tablespoons</unit></amt>
        <item>Gruyere or Swiss cheese; grated</item></ing>
      <ing>
        <amt>
          <qty>3</qty>
          <unit>tablespoons</unit></amt>
        <item>Flour</item></ing>
      <ing>
        <amt>
          <qty>2</qty>
          <unit>teaspoons</unit></amt>
        <item>Salt</item></ing>
      <ing>
        <amt>
          <qty>1/4</qty>
          <unit>teaspoons</unit></amt>
        <item>Nutmeg</item></ing>
      <ing>
        <amt>
          <qty>1/4</qty>
          <unit>teaspoons</unit></amt>
        <item>White pepper</item></ing></ingredients>
    <directions>
      <step>  Preheat oven to 325 degrees.
  
  Saute' onions and mushrooms in butter for 5 minutes. Blend in flour, salt,
  pepper and nutmeg. Gradually add cream, stirring to boiling point. Taste
  for seasoning.
  
  In buttered casserole, spread half the spinach; cover with half of the
  mushroom sauce, then repeat. Sprinkle with the grated cheese. Set in pan of
  hot water.
  
  Bake for 40 minutes.
  
  Formatted By: Joe &amp; Lynda Beaugez; beaugez@bellsouth.net; Metairie, LA
  
  Recipe by: http://www.merry-christmas.com/recipes.htm
  
  Posted to MC-Recipe Digest V1 #933 by Lynda Beaugez &lt;beaugez@bellsouth.net&gt;
  on Nov 29, 1997
 
</step></directions></recipe></recipeml>
