<?xml version="1.0" encoding="UTF-8"?>

<recipeml version="0.5">
  <recipe>
    <head>
      <title>Baked Stuffed Salmon</title>
      <categories>
        <cat>Main</cat>
        <cat>Dishes</cat></categories>
      <yield>8</yield></head>
    <ingredients>
      <ing>
        <amt>
          <qty>3 1/2</qty>
          <unit>pounds</unit></amt>
        <item>Salmon; whole, boned</item></ing>
      <ing>
        <amt>
          <qty>1</qty>
          <unit>cup</unit></amt>
        <item>Herb-seasoned stuffing cubes</item></ing>
      <ing>
        <amt>
          <qty>1/2</qty>
          <unit>cups</unit></amt>
        <item>Hot water</item></ing>
      <ing>
        <amt>
          <qty>2</qty>
          <unit>tablespoons</unit></amt>
        <item>Capers; drained and chopped</item></ing>
      <ing>
        <amt>
          <qty>2</qty>
          <unit>tablespoons</unit></amt>
        <item>Fresh parsley; chopped</item></ing>
      <ing>
        <amt>
          <qty>3</qty>
          <unit>slices</unit></amt>
        <item>Bacon; minced</item></ing>
      <ing>
        <amt>
          <qty>1/4</qty>
          <unit>cups</unit></amt>
        <item>Finely chopped onion</item></ing>
      <ing>
        <amt>
          <qty>1/2</qty>
          <unit>cups</unit></amt>
        <item>Butter; melted</item></ing>
      <ing>
        <amt>
          <qty>1/2</qty>
          <unit>teaspoons</unit></amt>
        <item>Salt</item></ing>
      <ing>
        <amt>
          <qty>1/4</qty>
          <unit>teaspoons</unit></amt>
        <item>Pepper; finely ground</item></ing>
      <ing>
        <amt>
          <qty/>
          <unit/></amt>
        <item>Lemon slices</item></ing>
      <ing>
        <amt>
          <qty/>
          <unit/></amt>
        <item>Parsely sprigs</item></ing></ingredients>
    <directions>
      <step>  Rinse and thoroughly dry the salmon, inside and out. In a 2 quart mixing
  bowl combine the stuffing mix, hot water, capers, and chopped parsley. Toss
  lightly with a fork until the mixture is moist and blended. Place the
  minced bacon in a heavy 12 inch skillet and saute over medium heat for 4-6
  minutes or until bacon is tender. Add the onion and saute for 3-5 minutes
  more until bacon is crisp, stirring frequently. Add the bacon, onion, and
  pan drippings to the stuffing mixture in the mixing bowl. Toss lightly with
  a fork to combine. Brush the inside of the salmon with the melted butter
  and sprinkle lightly with salt and pepper. Fill the cavity of the fish
  loosely with the stuffing mixture. Skewer or sew the opening shut.
  
  Line with heavy foil a shallow baking dish or a pan large enough to
  accommodate the fish. Place the fish on the baking pan and bake in a
  preheated 425 degree oven for 25 minutes or until fish flakes easily when
  tested with a fork. Remove from oven and keep warm. When ready to serve,
  the skin can be removed easily, leaving head and tail intact. Coat the fish
  with Cucumber Sauce, garnish with lemon slices and parsley and serve at
  once.
  
  Recipe by: The California Heritage Cookbook
  
  Posted to EAT-L Digest  by "laurie @sonic.net" &lt;laurie@SONIC.NET&gt; on Jan 9,
  1998
 
</step></directions></recipe></recipeml>
