<?xml version="1.0" encoding="UTF-8"?>

<recipeml version="0.5">
  <recipe>
    <head>
      <title>Baked Swedish Brown Beans</title>
      <categories>
        <cat>Vegetables</cat></categories>
      <yield>8</yield></head>
    <ingredients>
      <ing>
        <amt>
          <qty>2</qty>
          <unit>cups</unit></amt>
        <item>Brown beans; dried **</item></ing>
      <ing>
        <amt>
          <qty>1/2</qty>
          <unit>cups</unit></amt>
        <item>White Distilled Vinegar</item></ing>
      <ing>
        <amt>
          <qty>1/2</qty>
          <unit>cups</unit></amt>
        <item>Corn syrup; dark</item></ing>
      <ing>
        <amt>
          <qty>3</qty>
          <unit>tablespoons</unit></amt>
        <item>Brown sugar; packed</item></ing>
      <ing>
        <amt>
          <qty>2</qty>
          <unit>tablespoons</unit></amt>
        <item>Butter; melted</item></ing>
      <ing>
        <amt>
          <qty>1</qty>
          <unit/></amt>
        <item>Cinnamon stick; small</item></ing>
      <ing>
        <amt>
          <qty>1 1/2</qty>
          <unit>teaspoons</unit></amt>
        <item>Salt</item></ing>
      <ing>
        <amt>
          <qty>6</qty>
          <unit>cups</unit></amt>
        <item>Water</item></ing></ingredients>
    <directions>
      <step>    Pick over and rinse the beans.  Add the water and soak the beans at least
  12 hours.  Bring the beans and soaking water to a boil. Cover the pan and
  simmer for 1 1/2 hours.   Add the salt, vinegar, syrup, brown sugar, butter
  and cinnamon stick. Stir to mix. Simmer, uncovered, for 1 hour, or until
  the beans are tender.  The liquid should be as thick as a sauce at the end
  of the cooking period. If the liquid is not thickened, turn up the heat for
  10 minutes, or until the liquid is reduced. Remove the cinnamon stick.
  Serve hot.  ** The beans used in this dish are imported from Sweden and can
  be found in specialty food shops or Scandinavian markets.     By Jeff Smith
  The Frugal Gourmet
  Posted to EAT-L Digest 02 Sep 96
  
  Date:    Tue, 3 Sep 1996 12:52:53 -0500
  
  From:    LD Goss &lt;ldgoss@METRONET.COM&gt;
 
</step></directions></recipe></recipeml>
