<?xml version="1.0" encoding="UTF-8"?>

<recipeml version="0.5">
  <recipe>
    <head>
      <title>Baked Stuffed Flounder</title>
      <categories>
        <cat>None</cat></categories>
      <yield>1</yield></head>
    <ingredients>
      <ing>
        <amt>
          <qty>1</qty>
          <unit>tablespoon</unit></amt>
        <item>Olive oil</item></ing>
      <ing>
        <amt>
          <qty>1/2</qty>
          <unit>cups</unit></amt>
        <item>Finely diced onion</item></ing>
      <ing>
        <amt>
          <qty>1</qty>
          <unit/></amt>
        <item>Clove garlic; minced</item></ing>
      <ing>
        <amt>
          <qty>1/4</qty>
          <unit>cups</unit></amt>
        <item>Minced celery</item></ing>
      <ing>
        <amt>
          <qty>1/4</qty>
          <unit>cups</unit></amt>
        <item>Minced carrot</item></ing>
      <ing>
        <amt>
          <qty>1/4</qty>
          <unit>cups</unit></amt>
        <item>Minced red pepper</item></ing>
      <ing>
        <amt>
          <qty>1/4</qty>
          <unit>teaspoons</unit></amt>
        <item>Salt; pepper, thyme</item></ing>
      <ing>
        <amt>
          <qty>4</qty>
          <unit>large</unit></amt>
        <item>Flounder fillets</item></ing>
      <ing>
        <amt>
          <qty>1</qty>
          <unit>tablespoon</unit></amt>
        <item>Grated parmesan</item></ing>
      <ing>
        <amt>
          <qty>1</qty>
          <unit>tablespoon</unit></amt>
        <item>Mayonnaise</item></ing>
      <ing>
        <amt>
          <qty>1/2</qty>
          <unit>teaspoons</unit></amt>
        <item>Dijon mustard</item></ing>
      <ing>
        <amt>
          <qty>1</qty>
          <unit>tablespoon</unit></amt>
        <item>White wine</item></ing></ingredients>
    <directions>
      <step>  In medium skillet, heat oil and saute' onion, garlic, celery, carrot, and
  pepper 5-7 minutes. Sprinkle with salt, pepper, and thyme. Spoon equal
  amounts on each fillet. Roll fish to enclose stuffing. Lay seam side down
  in shallow baking dish. In small bowl, whisk together parmesan, mayonnaise,
  mustard and wine. Spread over fillets. Bake 20 minutes at 400 degrees.
  Serves 4
  
  NOTES : from Light and Easy Cookbook Country Kitchen Collection
  Posted to recipelu-digest Volume 01 Number 258 by "lbrandau"
  &lt;lbrandau@intrnet.net&gt; on Nov 15, 1997
 
</step></directions></recipe></recipeml>
