<?xml version="1.0" encoding="UTF-8"?>

<recipeml version="0.5">
  <recipe>
    <head>
      <title>Baked Spice Doughnuts</title>
      <categories>
        <cat>None</cat></categories>
      <yield>1</yield></head>
    <ingredients>
      <ing>
        <amt>
          <qty>1 1/2</qty>
          <unit>cups</unit></amt>
        <item>Milk</item></ing>
      <ing>
        <amt>
          <qty>1/3</qty>
          <unit>cups</unit></amt>
        <item>Shortening</item></ing>
      <ing>
        <amt>
          <qty>1/2</qty>
          <unit>cups</unit></amt>
        <item>Sugar</item></ing>
      <ing>
        <amt>
          <qty>1</qty>
          <unit>teaspoon</unit></amt>
        <item>Salt</item></ing>
      <ing>
        <amt>
          <qty>1/2</qty>
          <unit>teaspoons</unit></amt>
        <item>Nutmeg</item></ing>
      <ing>
        <amt>
          <qty>1/2</qty>
          <unit>teaspoons</unit></amt>
        <item>Cinnamon</item></ing>
      <ing>
        <amt>
          <qty>1</qty>
          <unit>package</unit></amt>
        <item>Yeast; dissolved in 1/4 cup warm water</item></ing>
      <ing>
        <amt>
          <qty>2</qty>
          <unit>large</unit></amt>
        <item>Eggs; beaten</item></ing>
      <ing>
        <amt>
          <qty>4</qty>
          <unit>cups</unit></amt>
        <item>All purpose flour; (up to 4-1/2)</item></ing>
      <ing>
        <amt>
          <qty>1/2</qty>
          <unit>cups</unit></amt>
        <item>Butter or margarine; melted</item></ing>
      <ing>
        <amt>
          <qty>2</qty>
          <unit>teaspoons</unit></amt>
        <item>Cinnamon mixed with 1/2 cup sugar</item></ing></ingredients>
    <directions>
      <step>  Here is one from the book, "Breads of New England", I'm not sure of the
  authors name, though.
  
  In a saucepan, combine milk, shortening, sugar and salt. Place over medium
  heat and stir until shortening is melted. Remove from heat and whisk in
  cinnamon and nutmeg. Transfer to a large mixing bowl to cool.
  
  When barely warm to the touch, stir in dissolved yeast and beaten eggs. Add
  2 cups of flour and beat with a wooden spoon until smooth. Stir in enough
  remaining flour to create a moist, stiff dough.
  
  Turn out onto a lightly floured surface. Knead gently working in additional
  flour, if necessary. The dough should be soft but not sticky. Cover with a
  clean towel and let rest 30 minutes.
  
  Generously grease two baking sheets. Roll the dough to a 1/2 inch thickness
  and cut out with a 2 1/2 inch doughnut cutter. Transfer to the prepared
  baking sheets. (You will have about 36 doughnuts.) Brush with 1/4 cup of
  the melted butter. Cover loosely with plastic wrap and let rise. When
  double in bulk, brush with remaining 1/4 cup butter. Place in a preheated
  425° oven and bake 12-15 minutes or until lightly browned. Cool on rack 5
  minutes then sprinkle with the cinnamon sugar while warm.
  
  Posted to Bakery-Shoppe Digest by Jim &amp; Marguerite Sequin
  &lt;sequinjm@internet-95.com&gt; on Apr 05, 1998
 
</step></directions></recipe></recipeml>
