<?xml version="1.0" encoding="UTF-8"?>

<recipeml version="0.5">
  <recipe>
    <head>
      <title>Baked Stuffed Yams with Chipped Beef</title>
      <categories>
        <cat>Potatoes</cat></categories>
      <yield>4</yield></head>
    <ingredients>
      <ing>
        <amt>
          <qty>1/2</qty>
          <unit>cups</unit></amt>
        <item>Dried beef; chopped</item></ing>
      <ing>
        <amt>
          <qty>1/4</qty>
          <unit>cups</unit></amt>
        <item>Hot milk</item></ing>
      <ing>
        <amt>
          <qty>4</qty>
          <unit/></amt>
        <item>Louisiana yams; baked</item></ing>
      <ing>
        <amt>
          <qty>2</qty>
          <unit>tablespoons</unit></amt>
        <item>Onion; finely chopped</item></ing>
      <ing>
        <amt>
          <qty>3</qty>
          <unit>tablespoons</unit></amt>
        <item>Butter or margarine</item></ing>
      <ing>
        <amt>
          <qty>1/2</qty>
          <unit>cups</unit></amt>
        <item>Cheddar cheese; grated</item></ing></ingredients>
    <directions>
      <step>  Combine dried beef and milk in mixing bowl. Cut yams in half lengthwise and
  scoop out centers. Combine yams, beef-milk mixture, onion, and butter. Beat
  until light and fluffy. Fill yam shells with mixture. Sprinkle cheese on
  top. Bake in moderate oven (350 degrees) 20 minutes.
  
  NOTES : This booklet was prepared by the Louisiana Sweet Potato Commission
  
  Recipe by: 75 Easy Yam Recipes with a Romantic Past
  
  Posted to MC-Recipe Digest V1 #891 by NGavlak@aol.com on Nov 8, 1997
 
</step></directions></recipe></recipeml>
