<?xml version="1.0" encoding="UTF-8"?>

<recipeml version="0.5">
  <recipe>
    <head>
      <title>Baked Stuffed Haddock</title>
      <categories>
        <cat>Main dish</cat>
        <cat>Beef</cat></categories>
      <yield>4</yield></head>
    <ingredients>
      <ing>
        <amt>
          <qty>2</qty>
          <unit>pounds</unit></amt>
        <item>Haddock fillets</item></ing>
      <ing>
        <amt>
          <qty>6</qty>
          <unit>tablespoons</unit></amt>
        <item>Unsalted butter</item></ing>
      <ing>
        <amt>
          <qty>1</qty>
          <unit>small</unit></amt>
        <item>Onion; diced</item></ing>
      <ing>
        <amt>
          <qty>1/2</qty>
          <unit>cups</unit></amt>
        <item>Diced celery</item></ing>
      <ing>
        <amt>
          <qty>1/2</qty>
          <unit>teaspoons</unit></amt>
        <item>Dried thyme</item></ing>
      <ing>
        <amt>
          <qty>4</qty>
          <unit>tablespoons</unit></amt>
        <item>Dry sherry</item></ing>
      <ing>
        <amt>
          <qty>2</qty>
          <unit>cups</unit></amt>
        <item>Bread crumbs</item></ing>
      <ing>
        <amt>
          <qty/>
          <unit/></amt>
        <item>Salt; to taste</item></ing>
      <ing>
        <amt>
          <qty/>
          <unit/></amt>
        <item>Black pepper, freshly ground; to taste</item></ing>
      <ing>
        <amt>
          <qty>14</qty>
          <unit>ounces</unit></amt>
        <item>Stewed tomatoes - (1 can)</item></ing></ingredients>
    <directions>
      <step>   Preheat the oven to 375 degrees.  Lightly grease a 9- by 9-inch baking
  dish.
   Melt 4 tablespoons of the butter and saute the onion and celery with the
  thyme until soft, about 8 minutes.  Add the sherry and cook for 2 minutes
  longer.  Add the bread crumbs, remove from heat, and mix well.  Season with
  salt and pepper, to taste.
   Place half of the fillets in the baking dish.  Cover with half of the
  stuffing.  Repeat with the rest of the fish and the stuffing.  Top with the
  tomatoes, making sure that they are broken into small chunks.  Pour the
  juice from the can around the sides of the baking dish. Drizzle the
  remaining butter over the top.
   Bake the haddock for 35 to 40 minutes or until the fish easily flakes when
  tested with a fork.  Serve at once.  This recipe serves 4 to 6.
  
   Recipe Source: SALTWATER SEASONINGS by Sarah Leah Chase and Jonathan Chase
  (c) 1992 Little, Brown &amp; Company, Boston, MA - 187 pages - $27.95 As
  reprinted in the May/Jun, 1993 issue of Cookbook Digest
  
  Formatted for MasterCook by - MR MAD, aka Joe Comiskey -
  jpmd44a@prodigy.com
  
     01-12-1996
  Posted to EAT-L Digest 20 Sep 96
  
  Date:    Fri, 20 Sep 1996 14:41:39 -0500
  
  From:    LD Goss &lt;ldgoss@METRONET.COM&gt;
 
</step></directions></recipe></recipeml>
