<?xml version="1.0" encoding="UTF-8"?>

<recipeml version="0.5">
  <recipe>
    <head>
      <title>Baked Stuffed Pumpkin</title>
      <categories>
        <cat>Fruits</cat>
        <cat>Diabetic</cat>
        <cat>Low-fat/cal</cat></categories>
      <yield>8</yield></head>
    <ingredients>
      <ing>
        <amt>
          <qty>2</qty>
          <unit>pounds</unit></amt>
        <item>Pumpkin, washed</item></ing>
      <ing>
        <amt>
          <qty>2</qty>
          <unit/></amt>
        <item>Apples, cored, quartered</item></ing>
      <ing>
        <amt>
          <qty>1/2</qty>
          <unit>cups</unit></amt>
        <item>Pineapple chunks</item></ing>
      <ing>
        <amt>
          <qty>1/2</qty>
          <unit>cups</unit></amt>
        <item>Broken walnuts</item></ing>
      <ing>
        <amt>
          <qty>1</qty>
          <unit>teaspoon</unit></amt>
        <item>Ground cinnamon</item></ing>
      <ing>
        <amt>
          <qty>1/2</qty>
          <unit>teaspoons</unit></amt>
        <item>Ground nutmeg</item></ing>
      <ing>
        <amt>
          <qty>1/4</qty>
          <unit>teaspoons</unit></amt>
        <item>Ground cloves</item></ing></ingredients>
    <directions>
      <step>  Cut the top off the pumpkin and remove the seeds.  Place cut side
  down i a baking pan and bake at 350 F for about 40 minutes or until
  soft.
  
  With a metal spoon, scrape out the cooked pumpkin, leaving a 1/8 to
  1/4 inch thick shell.  Process the apples in a food processor until
  chunky. Add the remaining ingredients and process until just mixed.
  Spoon into the pumpkin shell.  Cover with the top.  Bake in 400 F
  oven for 45 minutes or until the filling is hot.
  
  1 serving 118 calories 18 gm carbohydrate, 3 gm protein, 5 gm fat, 3
  mg sodium, 376 mg potassium, 0 cholesterol.
  
  1 vegetable exchange, 1 fruit, 1 fat Source: Am. Diabetes Assoc.
  Holiday Cookbook by Betty Wedman 1986 Shared but not tested by
  Elizabeth Rodier Nov 93
  
  File ftp://ftp.idiscover.co.uk/pub/food/mealmaster/recipes/diabetic.zip
 
</step></directions></recipe></recipeml>
