<?xml version="1.0" encoding="UTF-8"?>

<recipeml version="0.5">
  <recipe>
    <head>
      <title>Baked Sole with Red Onion</title>
      <categories>
        <cat>American</cat>
        <cat>Fish</cat></categories>
      <yield>4</yield></head>
    <ingredients>
      <ing>
        <amt>
          <qty>1/2</qty>
          <unit/></amt>
        <item>RED Onion; Thinly Sliced</item></ing>
      <ing>
        <amt>
          <qty>4</qty>
          <unit/></amt>
        <item>Sole fillets</item></ing>
      <ing>
        <amt>
          <qty>1</qty>
          <unit>teaspoon</unit></amt>
        <item>Grated Orange Rind</item></ing>
      <ing>
        <amt>
          <qty>1/3</qty>
          <unit>teaspoons</unit></amt>
        <item>Salt</item></ing>
      <ing>
        <amt>
          <qty/>
          <unit/></amt>
        <item>Pepper; to taste</item></ing>
      <ing>
        <amt>
          <qty>1/2</qty>
          <unit>cups</unit></amt>
        <item>Orange Juice</item></ing>
      <ing>
        <amt>
          <qty>1</qty>
          <unit>tablespoon</unit></amt>
        <item>Wine Vinegar</item></ing>
      <ing>
        <amt>
          <qty>2</qty>
          <unit>teaspoons</unit></amt>
        <item>Soy Sauce</item></ing>
      <ing>
        <amt>
          <qty>1</qty>
          <unit>teaspoon</unit></amt>
        <item>Granulated Sugar</item></ing>
      <ing>
        <amt>
          <qty>1</qty>
          <unit>teaspoon</unit></amt>
        <item>Dijon Mustard</item></ing>
      <ing>
        <amt>
          <qty>1</qty>
          <unit>tablespoon</unit></amt>
        <item>Unsalted Butter</item></ing>
      <ing>
        <amt>
          <qty>1</qty>
          <unit>tablespoon</unit></amt>
        <item>Chopped Fresh Parsley</item></ing></ingredients>
    <directions>
      <step>  Place 3/4 of the onion in oven proof 11-x6-inch baking dish. Top with sole
  and remaining onion. Sprinkle with orange rind, salt, and pepper to taste.
  Combine orange juice, vinegar, soy sauce, sugar and mustard; pour over
  fish. Cover with foil and bake in 350F oven for 10 to 12 minutes or until
  fish is opaque and flakes easily when tested with fork, set aside. Pour
  contents of baking dish into skillet and bring to boil over high heat; cook
  for about 5 minutes or until reduced to about 1/2 cup. Stir in any
  accumulated liquid from fish; remove from heat and whisk in butter. Pour
  sauce over fish; sprinkle with parsley.
  
  Serving Ideas : Main
  Posted to recipelu-digest by Nesb2 &lt;Nesb2@aol.com&gt; on Mar 9, 1998
 
</step></directions></recipe></recipeml>
