<?xml version="1.0" encoding="UTF-8"?>

<recipeml version="0.5">
  <recipe>
    <head>
      <title>Baked Stuffed Peppers</title>
      <categories>
        <cat>Vegetarian</cat>
        <cat>Main dish</cat></categories>
      <yield>4</yield></head>
    <ingredients>
      <ing>
        <amt>
          <qty>1/2</qty>
          <unit>cups</unit></amt>
        <item>Long-grain brown rice</item></ing>
      <ing>
        <amt>
          <qty/>
          <unit/></amt>
        <item>Salt</item></ing>
      <ing>
        <amt>
          <qty>4</qty>
          <unit>x</unit></amt>
        <item>Large sweet peppers, *</item></ing>
      <ing>
        <amt>
          <qty>3</qty>
          <unit>tablespoons</unit></amt>
        <item>Butter or margarine</item></ing>
      <ing>
        <amt>
          <qty/>
          <unit/></amt>
        <item>Medium onion, chopped</item></ing>
      <ing>
        <amt>
          <qty>1/2</qty>
          <unit>cups</unit></amt>
        <item>Finely diced celery</item></ing>
      <ing>
        <amt>
          <qty>1/2</qty>
          <unit>cups</unit></amt>
        <item>Sunflower seeds</item></ing>
      <ing>
        <amt>
          <qty>1/4</qty>
          <unit>cups</unit></amt>
        <item>Minced parsley</item></ing>
      <ing>
        <amt>
          <qty>2</qty>
          <unit/></amt>
        <item>Eggs, slightly beaten</item></ing>
      <ing>
        <amt>
          <qty>1/4</qty>
          <unit>teaspoons</unit></amt>
        <item>Dried oregano leaves,crumble</item></ing>
      <ing>
        <amt>
          <qty>1/4</qty>
          <unit>cups</unit></amt>
        <item>4 oz. chopped green chiles</item></ing>
      <ing>
        <amt>
          <qty/>
          <unit/></amt>
        <item>Black pepper</item></ing>
      <ing>
        <amt>
          <qty>1/2</qty>
          <unit>cups</unit></amt>
        <item>Shred. sharp Cheddar cheese</item></ing>
      <ing>
        <amt>
          <qty>* Red</qty>
          <unit>or</unit></amt>
        <item>green peppers.</item></ing></ingredients>
    <directions>
      <step>     Cook rice in 1-1/2 cups boiling salted water for 35 minutes or until
  tender.  Drain if necessary.  Set aside.
     Cut peppers in half.  Remove seeds and white membrane.  Parboil peppers
  in boiling salted water for 5 minutes.  Arrange in slightly oiled, shallow
    1-1/2    quart baking dish.
     Melt butter in small skillet.  Add onion, celery, and sunflower seeds.
  Saute until onion is tender.
     Remove from heat.  Stir into rice.  Add parsley, eggs,oregano, chiles,
  black pepper, and salt to taste.  Fill peppers with mixture.  Sprinkle
  cheese on top.  Put about 1/3 cup hot water in bottom of dish.
     Bake at 400 degrees for about 20 minutes. Good served with: Stewed
  tomatoes and corn bread (bake corn bread along with peppers). From: My
  Great Recipes
  Posted to MM-Recipes Digest V3 #297
  
  Date: Wed, 30 Oct 1996 15:01:04 -0800
  
  From: Mark and Lisa Babcock &lt;mark_lisa.babcock@sympatico.ca&gt;
 
</step></directions></recipe></recipeml>
