<?xml version="1.0" encoding="UTF-8"?>

<recipeml version="0.5">
  <recipe>
    <head>
      <title>Baked Spicy Pineapple Balinese Chicken</title>
      <categories>
        <cat>Poultry</cat></categories>
      <yield>4</yield></head>
    <ingredients>
      <ing-div>
        <title/>
        <ing>
          <amt>
            <qty>4</qty>
            <unit/></amt>
          <item>Chicken breast halves without skin</item></ing>
        <ing>
          <amt>
            <qty>3</qty>
            <unit>tablespoons</unit></amt>
          <item>Dijon mustard</item></ing>
        <ing>
          <amt>
            <qty>1/2</qty>
            <unit>cups</unit></amt>
          <item>Gingersnap cookies (crumbs)</item></ing></ing-div>
      <ing-div>
        <title>SPICY PINAPPLE SAUCE</title>
        <ing>
          <amt>
            <qty>1</qty>
            <unit>tablespoon</unit></amt>
          <item>Oil</item></ing>
        <ing>
          <amt>
            <qty>1</qty>
            <unit>medium</unit></amt>
          <item>Red onion; chopped</item></ing>
        <ing>
          <amt>
            <qty>1</qty>
            <unit/></amt>
          <item>Clove garlic; finely chopped</item></ing>
        <ing>
          <amt>
            <qty>1/4</qty>
            <unit>cups</unit></amt>
          <item>Rice wine vinegar</item></ing>
        <ing>
          <amt>
            <qty>1</qty>
            <unit>can</unit></amt>
          <item>(8-oz) crushed pineapple in juice</item></ing>
        <ing>
          <amt>
            <qty>1/4</qty>
            <unit>teaspoons</unit></amt>
          <item>Ground allspice</item></ing>
        <ing>
          <amt>
            <qty>1/4</qty>
            <unit>teaspoons</unit></amt>
          <item>Crushed red-pepper flakes</item></ing>
        <ing>
          <amt>
            <qty>2 1/2</qty>
            <unit>teaspoons</unit></amt>
          <item>Dijon mustard</item></ing>
        <ing>
          <amt>
            <qty>2</qty>
            <unit>tablespoons</unit></amt>
          <item>Finely chopped fresh basil</item></ing>
        <ing>
          <amt>
            <qty>1/4</qty>
            <unit>cups</unit></amt>
          <item>Sweet red peppers</item></ing></ing-div></ingredients>
    <directions>
      <step>  From: CookieTstr@aol.com
  
  Date: Sun, 25 Feb 1996 13:46:21 -0500
  
  Recipe By: Mary Louise Lever
  Coat 11X7X2-inch baking dish with nonstick cooking spray.  Flatten chicken
  between 2 sheets of plastic wrap to uniform thickness.  Brush both sides
  with mustard. Dredge in crumbs to coat both sides. Place in prepared baking
  dish. Refrigerate 20 minutes to firm coating.
  
  Heat oven to 350.  Bake chicken, uncovered for 20 minutes or until no
  longer pink in center.
  
  Prepare sauce:  heat oil in medium sized skillet over medium heat.  Add
  onion and garlic, saute for 2 minutes.  Mix in vinegar, pinapple, allspice,
  red-pepper flakes and mustard, cook, stirring for 4 minutes or until bubbly
  and slightly thickened.  Scrape mixture into blender or food processor.
  Whirl until smooth puree. Pour back into skillet, keep warm.
  
  Serving... Stir basil and sweet red pepper into sauce.  Spoon sauce onto
  each of 4 plates, top with chicken.
  
  MC-RECIPE@MASTERCOOK.COM
  
  MASTERCOOK RECIPES LIST SERVER
  
  From the MasterCook recipe list.  Downloaded from Glen's MM Recipe Archive,
  http://www.erols.com/hosey.
 
</step></directions></recipe></recipeml>
