<?xml version="1.0" encoding="UTF-8"?>

<recipeml version="0.5">
  <recipe>
    <head>
      <title>Baked Spanish Eggs</title>
      <categories>
        <cat>Casserole</cat></categories>
      <yield>6</yield></head>
    <ingredients>
      <ing>
        <amt>
          <qty>3</qty>
          <unit/></amt>
        <item>Corn tortillas; cut into 1-inch squares</item></ing>
      <ing>
        <amt>
          <qty>2</qty>
          <unit>tablespoons</unit></amt>
        <item>Olive oil (for sauteing) original</item></ing>
      <ing>
        <amt>
          <qty>2</qty>
          <unit>medium</unit></amt>
        <item>Onions; quartered and thinly sliced</item></ing>
      <ing>
        <amt>
          <qty>2</qty>
          <unit/></amt>
        <item>Cloves garlic; minced</item></ing>
      <ing>
        <amt>
          <qty>1</qty>
          <unit>medium</unit></amt>
        <item>Green pepper; diced</item></ing>
      <ing>
        <amt>
          <qty>2</qty>
          <unit>medium</unit></amt>
        <item>Tomatoes; diced</item></ing>
      <ing>
        <amt>
          <qty>6</qty>
          <unit/></amt>
        <item>Egg substitute; beaten (original called for 6 whole eggs)</item></ing>
      <ing>
        <amt>
          <qty>3</qty>
          <unit>tablespoons</unit></amt>
        <item>Skim milk; or lowfat milk</item></ing>
      <ing>
        <amt>
          <qty>1</qty>
          <unit>ounce</unit></amt>
        <item>Green chiles; chopped</item></ing>
      <ing>
        <amt>
          <qty>1/2</qty>
          <unit>teaspoons</unit></amt>
        <item>Ground cumin</item></ing>
      <ing>
        <amt>
          <qty>1/2</qty>
          <unit>teaspoons</unit></amt>
        <item>Dried oregano (up to)</item></ing>
      <ing>
        <amt>
          <qty>3</qty>
          <unit>tablespoons</unit></amt>
        <item>Minced fresh cilantro; or parsley</item></ing>
      <ing>
        <amt>
          <qty/>
          <unit/></amt>
        <item>Salt and freshly ground pepper to taste</item></ing></ingredients>
    <directions>
      <step>  From: ellen@brakes.elekta.com
  
  Date: Mon, 24 Jun 1996 12:50:14 -0400
  
  Recipe By: Vegetarian Celebrations,  Nava Atlas (John Gunterman)
  Preheat the oven to 350 degrees. Heat a large skillet. Toast the cut
  tortillas on the dry skillet over moderate heat, stirring occasionally,
  until they are crisp. Transfer to a plate to cool. Heat the oil or other
  sauteeing liquid,in the same skillet. Add the onions and saute over
  moderate heat until transplucent.Add the garlic and pepper and saute until
  the onion turns golden and the peppers soften. Add the tomatoes and saute
  for another 2 to 3 minutes, just until they soften a bit. Combine the
  beaten eggs with the milk in a mixing bowl. Stir in the mixture from the
  skillet, the tortilla bits, and all the remaining ingredients. Oil two
  9-inch pie tins and divide the mixture among them. Bake for 25 to 30
  minutes, or until set and golden on top. Let stand for 10 minutes before
  serving, then cut into wedges to serve.
  
  Per serving: 104 Calories; 1g Fat (5% calories from fat); 9g Protein; 16g
  Carbohydrate; 0mg Cholesterol; 381mg Sodium
  
  EAT-LF@LISTS1.BEST.COM
  
  EAT-LF LIST SERVER
  
  DIGEST EAT-LF.V096.N079
  
  From the EAT-LF recipe list.  Downloaded from Glen's MM Recipe Archive,
  http://www.erols.com/hosey.
 
</step></directions></recipe></recipeml>
