<?xml version="1.0" encoding="UTF-8"?>

<recipeml version="0.5">
  <recipe>
    <head>
      <title>Baked Stuffed Vidalia Onions</title>
      <categories>
        <cat>Main dish</cat>
        <cat>Vegetarian</cat></categories>
      <yield>4</yield></head>
    <ingredients>
      <ing>
        <amt>
          <qty>4</qty>
          <unit/></amt>
        <item>Vidalia onions</item></ing>
      <ing>
        <amt>
          <qty>1</qty>
          <unit>teaspoon</unit></amt>
        <item>Olive oil</item></ing>
      <ing>
        <amt>
          <qty>1/2</qty>
          <unit>cups</unit></amt>
        <item>TVP flakes or granules</item></ing>
      <ing>
        <amt>
          <qty>1/2</qty>
          <unit>cups</unit></amt>
        <item>Hot water</item></ing>
      <ing>
        <amt>
          <qty>1/2</qty>
          <unit>teaspoons</unit></amt>
        <item>Marjoram</item></ing>
      <ing>
        <amt>
          <qty>1/2</qty>
          <unit>teaspoons</unit></amt>
        <item>Cumin</item></ing>
      <ing>
        <amt>
          <qty>1/2</qty>
          <unit>teaspoons</unit></amt>
        <item>Salt</item></ing>
      <ing>
        <amt>
          <qty>1</qty>
          <unit>pinch</unit></amt>
        <item>Cayenne pepper</item></ing>
      <ing>
        <amt>
          <qty>1/2</qty>
          <unit>cups</unit></amt>
        <item>Fine breadcrumbs</item></ing>
      <ing>
        <amt>
          <qty>1/2</qty>
          <unit>cups</unit></amt>
        <item>Vegetable stock</item></ing>
      <ing>
        <amt>
          <qty>1/2</qty>
          <unit>cups</unit></amt>
        <item>Grape juice or white wine</item></ing></ingredients>
    <directions>
      <step>  Peel onion then slice the tops off &amp; hollow out.  Leave about a
  1/2-inch shell.  Reserve the onion centres.  Place shells in a
  steamer basket &amp; steam for 6 minutes after the water has come to a
  boil.
  
  Measure 1/2 cup of the reserved onion &amp; finely chop.  In a small
  skillet heat oil &amp; saute onion till it is soft.
  
  Stir together TVP flakes &amp; water.  Add seasonings &amp; mix well.  Combine
  with the cooked onions &amp; stir in the breadcrumbs.  Place the hollowed
  out onion shells in a baking dish.  Spoon filling into the shells.
  Any remaining filling that won't fit into the shells can be placed
  around the shells.  Leave uncovered bake at 375F for 30 to 35
  minutes.  Let stand for 5 minutes before serving.
  
  "Vegetarian Times" February, 1992
  Posted to MC-Recipe Digest V1 #217
  
  Date: Thu, 12 Sep 1996 07:20:17 -0700 (MST)
  
  From: jmchee@goodnet.com (Marina Cheesman)
 
</step></directions></recipe></recipeml>
