<?xml version="1.0" encoding="UTF-8"?>

<recipeml version="0.5">
  <recipe>
    <head>
      <title>Baked Stuffed Papayas</title>
      <categories>
        <cat>Maindish</cat></categories>
      <yield>4</yield></head>
    <ingredients>
      <ing>
        <amt>
          <qty>1</qty>
          <unit>medium</unit></amt>
        <item>Onion; chopped</item></ing>
      <ing>
        <amt>
          <qty>1</qty>
          <unit/></amt>
        <item>Clove garlic; finely chopped</item></ing>
      <ing>
        <amt>
          <qty>1</qty>
          <unit>pound</unit></amt>
        <item>Ground beef</item></ing>
      <ing>
        <amt>
          <qty>1</qty>
          <unit>can</unit></amt>
        <item>(16-oz) whole tomatoes; drain</item></ing>
      <ing>
        <amt>
          <qty>1</qty>
          <unit/></amt>
        <item>Jalapeno; finely chopped</item></ing>
      <ing>
        <amt>
          <qty>1/2</qty>
          <unit>teaspoons</unit></amt>
        <item>Salt</item></ing>
      <ing>
        <amt>
          <qty>1/4</qty>
          <unit>teaspoons</unit></amt>
        <item>Pepper</item></ing>
      <ing>
        <amt>
          <qty>4</qty>
          <unit/></amt>
        <item>(12-oz) papayas</item></ing>
      <ing>
        <amt>
          <qty>2</qty>
          <unit>tablespoons</unit></amt>
        <item>Parmesan cheese; grated</item></ing></ingredients>
    <directions>
      <step>  Date: Sat, 20 Apr 1996 10:07:56 -7
  
  From: arlenes@holly.ColoState.EDU
  
  Cook and stir beef, onion, and garlic in 10-inch skillet over medium heat
  until beef is light brown.  Drain; stir in tomatoes, jalapeno pepper, salt
  and pepper. Break up tomatoes with fork. Heat to boiling. Reduce heat;
  simmer uncovered, until most of the liquid is evaporated, about 10 minutes.
  Cut papayas lengthwise into halves and remove seeds. Place aobut 1/3 cup
  beef mixture in each papaya half. Sprinkle with cheese. Arrange in shallow
  roasting pan. Pour very hot water into pan to within 1 inch of tops of
  papaya halves. Bake, uncovered, at 350 degrees until papayas are very
  tender and hot, about 30 minutes. Recipe from Betty Crocker Regional and
  International Recipes.
  
  MM-RECIPES@IDISCOVER.NET
  
  MEAL-MASTER RECIPES LIST SERVER
  
  MM-RECIPES DIGEST V3 #112
  
  From the MealMaster recipe list.  Downloaded from Glen's MM Recipe Archive,
  http://www.erols.com/hosey.
 
</step></directions></recipe></recipeml>
