<?xml version="1.0" encoding="UTF-8"?>

<recipeml version="0.5">
  <recipe>
    <head>
      <title>Baked Stuffed Clams</title>
      <categories>
        <cat>Fish/shellf</cat></categories>
      <yield>4</yield></head>
    <ingredients>
      <ing>
        <amt>
          <qty>12</qty>
          <unit/></amt>
        <item>Chowder clams</item></ing>
      <ing>
        <amt>
          <qty>1/4</qty>
          <unit>cups</unit></amt>
        <item>Butter</item></ing>
      <ing>
        <amt>
          <qty>1</qty>
          <unit>cup</unit></amt>
        <item>Fine dry breadcrumbs</item></ing>
      <ing>
        <amt>
          <qty>1</qty>
          <unit>teaspoon</unit></amt>
        <item>Parsley flakes</item></ing>
      <ing>
        <amt>
          <qty>1/4</qty>
          <unit>teaspoons</unit></amt>
        <item>Lemon &amp; pepper seasoning</item></ing>
      <ing>
        <amt>
          <qty>1/8</qty>
          <unit>teaspoons</unit></amt>
        <item>Garlic powder</item></ing>
      <ing>
        <amt>
          <qty>1/8</qty>
          <unit>teaspoons</unit></amt>
        <item>Oregano</item></ing>
      <ing>
        <amt>
          <qty/>
          <unit/></amt>
        <item>Few drops of hot sauce</item></ing>
      <ing>
        <amt>
          <qty/>
          <unit/></amt>
        <item>Paprika</item></ing>
      <ing>
        <amt>
          <qty/>
          <unit/></amt>
        <item>Old Bay Seasoning (or any</item></ing>
      <ing>
        <amt>
          <qty/>
          <unit/></amt>
        <item>Crab spice)</item></ing></ingredients>
    <directions>
      <step>  Shuck and chop clams, strain and reserve liquid.  Melt butter. in
  pan. Add crumbs, parsley, lemon pepper seasoning, garlic powder,
  oregano, and hot sauce; mix well.  If mix is too dry, moisten with
  clam liquor. Fill 12 clam shells with clam mix.  Sprinkle paprika and
  crab spice over top. Bake at 400 degrees for 12 - 15 min.
  Posted to MM-Recipes Digest V3 #246
  
  Date: Sun, 8 Sep 1996 23:27:00 -0400
  
  From: BobbieB1@aol.com
 
</step></directions></recipe></recipeml>
