<?xml version="1.0" encoding="UTF-8"?>

<recipeml version="0.5">
  <recipe>
    <head>
      <title>Baked Stuffed Potatoes</title>
      <categories>
        <cat>Vegetables</cat>
        <cat>Indian</cat></categories>
      <yield>4</yield></head>
    <ingredients>
      <ing>
        <amt>
          <qty>4</qty>
          <unit>medium</unit></amt>
        <item>Baking potatoes</item></ing>
      <ing>
        <amt>
          <qty>1</qty>
          <unit>cup</unit></amt>
        <item>Chopped onion</item></ing>
      <ing>
        <amt>
          <qty>3/4</qty>
          <unit>cups</unit></amt>
        <item>Diced carrots</item></ing>
      <ing>
        <amt>
          <qty>2</qty>
          <unit>tablespoons</unit></amt>
        <item>Veg. oil</item></ing>
      <ing>
        <amt>
          <qty>3/4</qty>
          <unit>cups</unit></amt>
        <item>Red/green bell pepper,chop</item></ing>
      <ing>
        <amt>
          <qty>1</qty>
          <unit>teaspoon</unit></amt>
        <item>Ground coriander seeds</item></ing>
      <ing>
        <amt>
          <qty>1/2</qty>
          <unit>teaspoons</unit></amt>
        <item>Turmeric</item></ing>
      <ing>
        <amt>
          <qty>1/8</qty>
          <unit>teaspoons</unit></amt>
        <item>Ground cardamom (optional)</item></ing>
      <ing>
        <amt>
          <qty>1</qty>
          <unit>pinch</unit></amt>
        <item>Ground cloves</item></ing>
      <ing>
        <amt>
          <qty>4</qty>
          <unit>ounces</unit></amt>
        <item>Cream cheese, room temp</item></ing>
      <ing>
        <amt>
          <qty/>
          <unit/></amt>
        <item>Salt</item></ing>
      <ing>
        <amt>
          <qty/>
          <unit/></amt>
        <item>Fresh ground black pepper</item></ing>
      <ing>
        <amt>
          <qty/>
          <unit/></amt>
        <item>Spicy Yogart Sauce -</item></ing>
      <ing>
        <amt>
          <qty/>
          <unit/></amt>
        <item>[seperate recipe]</item></ing></ingredients>
    <directions>
      <step>  Scrub the potatoes and bake them in a 400 F. oven for 1 hour or until done.
  
  While the potatoes are baking, prepare the filling. Saute the onions and
  carrots in the oil until they are tender, for about 10 minutes. Add the
  bell pepper and spices and continue to saute for another minute or two,
  stirring. Add a little water to the pan to prevent sticking, cover it, and
  cook for another 5 minutes, or until the bell pepper is just tender. Stir
  in the cream cheese and add salt and pepper to taste. Set aside.
  
  When the potatoes are cool enough to handle, make a lengthwise cut in the
  top of each one and scoop out at least half of the contents. If you are
  using large potatoes, cut them in half lengthwise and scoop them out,
  leaving about 1/2 inch of potato clining to the skin. Mash the scooped-out
  potato and then add it to the vegetable-cream cheese mixture. Lower the
  oven heat to 350 F. Fill the potato shells with this mixture and place them
  in an oiled baking dish. Cover with foil and bake for 20 minutes.
  
  Serve topped with Spicy Yogurt Sauce. Baked Stuffed Potatoes served with
  Dal and your favorite chutney make a complete meal. Note: this dish can be
  prepared ahead. After stuffing the potatoes, wrap them well and refrigerate
  for up to two days. When ready to serve, bake them in a 350 F. oven for
  about 45 minutes.
    Posted to MM-Recipes Digest V3 #256
  
    Date: Wed, 18 Sep 1996 21:15:16 -0700
  
    From: Julie Bertholf &lt;jewel1@ix.netcom.com&gt;
 
</step></directions></recipe></recipeml>
