<?xml version="1.0" encoding="UTF-8"?>

<recipeml version="0.5">
  <recipe>
    <head>
      <title>Baked Stuffed Fish</title>
      <categories>
        <cat>Main dish</cat>
        <cat>Fish</cat>
        <cat>Appetizers</cat>
        <cat>Microwave</cat></categories>
      <yield>4</yield></head>
    <ingredients>
      <ing>
        <amt>
          <qty>2</qty>
          <unit>tablespoons</unit></amt>
        <item>Butter or margarine</item></ing>
      <ing>
        <amt>
          <qty>1</qty>
          <unit>medium</unit></amt>
        <item>Onion, finely chopped</item></ing>
      <ing>
        <amt>
          <qty>3/4</qty>
          <unit>cups</unit></amt>
        <item>Finely chopped green pepper</item></ing>
      <ing>
        <amt>
          <qty>3</qty>
          <unit>ounces</unit></amt>
        <item>Can sliced mushrooms,</item></ing>
      <ing>
        <amt>
          <qty/>
          <unit/></amt>
        <item>Broiled-in-butter, undrained</item></ing>
      <ing>
        <amt>
          <qty>1</qty>
          <unit>cup</unit></amt>
        <item>Herb seasoned dressing</item></ing>
      <ing>
        <amt>
          <qty>6</qty>
          <unit>ounces</unit></amt>
        <item>Pk frozen king crabmeat, defrosted</item></ing>
      <ing>
        <amt>
          <qty>3/4</qty>
          <unit>cups</unit></amt>
        <item>Chicken broth or clam juice</item></ing>
      <ing>
        <amt>
          <qty>4</qty>
          <unit/></amt>
        <item>(8-ounce) whole trout</item></ing></ingredients>
    <directions>
      <step>  1. Lightly grease a shallow, heat-resistant, non-metallic baking dish and
  set aside. 2. In a medium-sized heat-resistant, non-metallic bowl heat
  butter in Microwave Oven 30 seconds or until melted. Add chopped onion and
  green pepper. Heat, uncovered, in Microwave Oven 3 minutes or until onion
  and pepper are tender. 3. Add mushrooms, seasoned dressing and crabmeat.
  Toss to gently combine. 4. Add chicken broth or clam juice and stir to
  combine. Stuff each fish with some of the mixture. 5. Secure openings with
  string,toothpicks or small metal skewers. 6. place stuffed fish in prepared
  baking dish. Heat, covered with clear plastic wrap, 10 minutes or until
  fish flakes easily with a fork. Let fish stand, covered, at room
  temperature 2 minutes to finish cooking.
  
  From Gemini's MASSIVE MealMaster collection at www.synapse.com/~gemini
 
</step></directions></recipe></recipeml>
