<?xml version="1.0" encoding="UTF-8"?>

<recipeml version="0.5">
  <recipe>
    <head>
      <title>Baked Stuffed Quince</title>
      <categories>
        <cat>None</cat></categories>
      <yield>4</yield></head>
    <ingredients>
      <ing>
        <amt>
          <qty>4</qty>
          <unit>medium</unit></amt>
        <item>Quince; about 2 pounds</item></ing>
      <ing>
        <amt>
          <qty>1/4</qty>
          <unit>cups</unit></amt>
        <item>Dried apricots; julienne</item></ing>
      <ing>
        <amt>
          <qty>1/4</qty>
          <unit>cups</unit></amt>
        <item>Dried cherries</item></ing>
      <ing>
        <amt>
          <qty>1/4</qty>
          <unit>cups</unit></amt>
        <item>Dried prunes; julienne</item></ing>
      <ing>
        <amt>
          <qty>1/4</qty>
          <unit>cups</unit></amt>
        <item>Currants</item></ing>
      <ing>
        <amt>
          <qty>2</qty>
          <unit>cups</unit></amt>
        <item>Red wine from Rioja</item></ing>
      <ing>
        <amt>
          <qty>2</qty>
          <unit>cups</unit></amt>
        <item>Sugar</item></ing>
      <ing>
        <amt>
          <qty>2</qty>
          <unit>cups</unit></amt>
        <item>Vanilla ice cream</item></ing></ingredients>
    <directions>
      <step>  Preheat oven to 400 degrees F.
  
  Core quince, leaving skin intact and whole, then place into shallow baking
  dish. Mix fruit together and distribute into the holes where the cores were
  in each quince. Pour red wine over quince into pan and pour sugar around
  into wine in pan. Place pan in oven and bake for 40 minutes, or until
  quince is very soft and skin is beginning to blister. Remove and allow to
  cool 20 minutes. Place quince on serving plate and pass liquid in pan
  through a fine meshed strainer into a serving boat. Serve quince with syrup
  and vanilla ice cream on the side.
  
  Yield: 4 servings
  
  NOTES : Recipes Copyright Mario Batali 1997. All rights reserved.
  
  Recipe by: MEDITERRANEAN MARIO #ME1A28
  
  Posted to MC-Recipe Digest by Sue &lt;suechef@sover.net&gt; on Feb 14, 1998
 
</step></directions></recipe></recipeml>
