<?xml version="1.0" encoding="UTF-8"?>

<recipeml version="0.5">
  <recipe>
    <head>
      <title>Baked Steak</title>
      <categories>
        <cat>None</cat></categories>
      <yield>1</yield></head>
    <ingredients>
      <ing>
        <amt>
          <qty>1</qty>
          <unit>large</unit></amt>
        <item>Round steak, cut in serving sizes</item></ing>
      <ing>
        <amt>
          <qty>2</qty>
          <unit/></amt>
        <item>Jars beef gravy, or make your own</item></ing>
      <ing>
        <amt>
          <qty>1/4</qty>
          <unit>cups</unit></amt>
        <item>Green pepper, cut up</item></ing>
      <ing>
        <amt>
          <qty/>
          <unit/></amt>
        <item>A sprinkle of dried onion</item></ing></ingredients>
    <directions>
      <step>  Roll steak in a little flour. Brown in skillet with a little shortening.
  Put browned steak in a roaster. Cover with gravy. Add onion and green
  pepper sprinkled on top. Cover roaster with lid. Bake at 325 degrees for 2
  hours. Check steak occasionally to make sure steak doesn't bake dry. Posted
  to TNT - Prodigy's Recipe Exchange Newsletter  by Mom4ajob@aol.com on Jul
  7, 1997
 
</step></directions></recipe></recipeml>
