<?xml version="1.0" encoding="UTF-8"?>

<recipeml version="0.5">
  <recipe>
    <head>
      <title>Baked Spanish Rice</title>
      <categories>
        <cat>Casseroles</cat>
        <cat>Rice</cat></categories>
      <yield>6</yield></head>
    <ingredients>
      <ing>
        <amt>
          <qty>4</qty>
          <unit>slices</unit></amt>
        <item>Bacon</item></ing>
      <ing>
        <amt>
          <qty>1</qty>
          <unit>cup</unit></amt>
        <item>Onions; chopped</item></ing>
      <ing>
        <amt>
          <qty>1/2</qty>
          <unit>cups</unit></amt>
        <item>Green pepper; diced</item></ing>
      <ing>
        <amt>
          <qty>16</qty>
          <unit>ounces</unit></amt>
        <item>Canned tomatoes</item></ing>
      <ing>
        <amt>
          <qty>8</qty>
          <unit>ounces</unit></amt>
        <item>Tomato sauce</item></ing>
      <ing>
        <amt>
          <qty>2</qty>
          <unit>teaspoons</unit></amt>
        <item>Sugar</item></ing>
      <ing>
        <amt>
          <qty>1/2</qty>
          <unit>teaspoons</unit></amt>
        <item>Salt</item></ing>
      <ing>
        <amt>
          <qty>1 1/3</qty>
          <unit>cups</unit></amt>
        <item>Long-grain rice</item></ing>
      <ing>
        <amt>
          <qty>1/2</qty>
          <unit>cups</unit></amt>
        <item>Cheddar cheese; shredded</item></ing></ingredients>
    <directions>
      <step>  1.  In skillet over med, fry bacon until crisp.  Drain on paper towels,
  crumble, and set aside.  Pour off all but 2 tbsp drippings.
  
  2.  In hot drippings, cook onions and pepper until tender.
  
  3.  Drain tomato liquid into measuring cup.  Add water to make 1 3/4 cups.
  Cut up tomatoes.
  
  4.  To onion mixture, add liquid, tomatoes, tomato sauce, sugar and salt.
  Heat to boiling.
  
  5.  Remove from heat and stir in rice.  Pour into greased 1 1/2-qt
  casserole.
   Cover and bake at 350F for 35 mins or until rice is tender and liquid
  absorbed.
  
  6.  Fluff rice with fork.  Sprinkle with cheese and bake 5 more mins.
  Garnish with bacon. Per 1 of 6 servings: 269 calories
  
  My notes:  I made so many changes (2/98) it's hardly the same recipe.  I
  omitted bacon (good) and tomato sauce (okay but not great), added extra
  water to make up for the sauce, added garlic (minced, in with the onion),
  and italian seasonings for flavour.
  
  Contributor:  "Good Housekeeping Ill. Cookbook" (1989)
  
  Posted to recipelu-digest by Cathleen &lt;catht@interlog.com&gt; on Feb 16, 1998
 
</step></directions></recipe></recipeml>
