<?xml version="1.0" encoding="UTF-8"?>

<recipeml version="0.5">
  <recipe>
    <head>
      <title>Baked Sole in White Wine Sauce (Sole Bretonne)</title>
      <categories>
        <cat>None</cat></categories>
      <yield>1</yield></head>
    <ingredients>
      <ing>
        <amt>
          <qty>4</qty>
          <unit/></amt>
        <item>Sole fillets; cleaned</item></ing>
      <ing>
        <amt>
          <qty>1</qty>
          <unit>teaspoon</unit></amt>
        <item>Lemon juice</item></ing>
      <ing>
        <amt>
          <qty>4</qty>
          <unit>ounces</unit></amt>
        <item>Butter</item></ing>
      <ing>
        <amt>
          <qty>1</qty>
          <unit>large</unit></amt>
        <item>Leek; white part only, thinly sliced</item></ing>
      <ing>
        <amt>
          <qty>3</qty>
          <unit/></amt>
        <item>Shallots; finely chopped</item></ing>
      <ing>
        <amt>
          <qty/>
          <unit/></amt>
        <item>Salt</item></ing>
      <ing>
        <amt>
          <qty>1/2</qty>
          <unit>cups</unit></amt>
        <item>Flour</item></ing>
      <ing>
        <amt>
          <qty>1/3</qty>
          <unit>cups</unit></amt>
        <item>Fruity white wine</item></ing>
      <ing>
        <amt>
          <qty>1/3</qty>
          <unit>cups</unit></amt>
        <item>Cream</item></ing>
      <ing>
        <amt>
          <qty>1</qty>
          <unit>tablespoon</unit></amt>
        <item>Chopped parsley</item></ing></ingredients>
    <directions>
      <step>  From: Bulldogfla &lt;Bulldogfla@aol.com&gt;
  
  by Mimi Rippee
  
  Preheat oven to 400 degrees F. Sprinkle sole fillet with lemon juice. Let
  stand for 15 minutes.
  
  Melt the butter in a saucepan. saute leeks and shallots over medium-low
  heat for 5 to 6 minutes. Place in bottom of baking dish big enough to hold
  fillets in one layer.
  
  Dry fish with paper towels, and coat with flour. Arrange fish on top of
  vegetables. Sprinkle with salt, then wine. Cover tightly and bake for 15
  minutes, basting occasionally. Pour cream over fish and return dish to
  oven, uncovered. Bake for 10 more minutes, undisturbed. Sprinkle with
  parsley before serving.
  
  Posted to recipelu-digest by jeryder@juno.com on Mar 29, 1998
 
</step></directions></recipe></recipeml>
