<?xml version="1.0" encoding="UTF-8"?>

<recipeml version="0.5">
  <recipe>
    <head>
      <title>Baked Stuffed Herring</title>
      <categories>
        <cat>Fish</cat></categories>
      <yield>4</yield></head>
    <ingredients>
      <ing>
        <amt>
          <qty>4</qty>
          <unit>tablespoons</unit></amt>
        <item>(heaping) breadcrumbs</item></ing>
      <ing>
        <amt>
          <qty>1</qty>
          <unit>teaspoon</unit></amt>
        <item>Parsley; chopped</item></ing>
      <ing>
        <amt>
          <qty>1</qty>
          <unit>small</unit></amt>
        <item>Egg; beaten</item></ing>
      <ing>
        <amt>
          <qty>1</qty>
          <unit/></amt>
        <item>Lemon; juice and rind of</item></ing>
      <ing>
        <amt>
          <qty>1</qty>
          <unit>pinch</unit></amt>
        <item>Nutmeg</item></ing>
      <ing>
        <amt>
          <qty/>
          <unit/></amt>
        <item>Salt and pepper</item></ing>
      <ing>
        <amt>
          <qty>8</qty>
          <unit/></amt>
        <item>Herrings; cleaned</item></ing>
      <ing>
        <amt>
          <qty>1 1/4</qty>
          <unit>cups</unit></amt>
        <item>Hard cider</item></ing>
      <ing>
        <amt>
          <qty>1</qty>
          <unit/></amt>
        <item>Bay leaf; well crumbled</item></ing>
      <ing>
        <amt>
          <qty/>
          <unit/></amt>
        <item>Fresh ground pepper</item></ing></ingredients>
    <directions>
      <step>  From: Wendy Lockman &lt;wlockman@ra1.randomc.com&gt;
  
  Date: Sun, 11 Feb 1996 10:35:49 -0500
  
  First make the stuffing by mixing the breadcrumbs, parsley, beaten egg,
  lemon juice and peel, and salt and pepper. Stuff the fish with the mixture.
  Lay in an ovenproof dish, close together; add the cider, crumbled bay leaf
  and salt and pepper. Cover with foil and bake at 350F for about 35 minutes.
  Serves 4.
  
  MM-RECIPES@IDISCOVER.NET
  
  MEAL-MASTER RECIPES LIST SERVER
  
  From the MealMaster recipe list.  Downloaded from Glen's MM Recipe Archive,
  http://www.erols.com/hosey.
 
</step></directions></recipe></recipeml>
