<?xml version="1.0" encoding="UTF-8"?>

<recipeml version="0.5">
  <recipe>
    <head>
      <title>Baked Squid with Garlic-Anchovy Pasta</title>
      <categories>
        <cat>Italy</cat>
        <cat>Christmas</cat></categories>
      <yield>4</yield></head>
    <ingredients>
      <ing>
        <amt>
          <qty>1 1/2</qty>
          <unit>pounds</unit></amt>
        <item>Small squid; cleaned; bodies</item></ing>
      <ing>
        <amt>
          <qty/>
          <unit/></amt>
        <item>Into 1/4-inch rings; tentacles halved if</item></ing>
      <ing>
        <amt>
          <qty>1</qty>
          <unit>cup</unit></amt>
        <item>Plain dried bread crumbs; (about 4 ounces)</item></ing>
      <ing>
        <amt>
          <qty>1</qty>
          <unit>teaspoon</unit></amt>
        <item>Oregano; crumbled</item></ing>
      <ing>
        <amt>
          <qty>1</qty>
          <unit>teaspoon</unit></amt>
        <item>Freshly ground pepper</item></ing>
      <ing>
        <amt>
          <qty/>
          <unit/></amt>
        <item>Salt</item></ing>
      <ing>
        <amt>
          <qty>1/2</qty>
          <unit>cups</unit></amt>
        <item>Olive oil</item></ing>
      <ing>
        <amt>
          <qty>2</qty>
          <unit>tablespoons</unit></amt>
        <item>Olive oil</item></ing>
      <ing>
        <amt>
          <qty>1</qty>
          <unit>large</unit></amt>
        <item>Clove garlic; minced</item></ing>
      <ing>
        <amt>
          <qty>1</qty>
          <unit>teaspoon</unit></amt>
        <item>Anchovy paste</item></ing>
      <ing>
        <amt>
          <qty>1/2</qty>
          <unit>pounds</unit></amt>
        <item>Dried capellini (or other; thin pasta)</item></ing>
      <ing>
        <amt>
          <qty>1</qty>
          <unit>tablespoon</unit></amt>
        <item>Unsalted butter</item></ing>
      <ing>
        <amt>
          <qty/>
          <unit/></amt>
        <item>Lemon wedges; for serving</item></ing></ingredients>
    <directions>
      <step>  :    Preheat the oven to 450F.  Bring a large saucepan of water to a boil.
  In a large bowl, toss the squid with the breadcrumbs, oregano, pepper, and
  one teaspoon salt. Spread the squid in a large baking dish in a single
  layer and sprinkle with any leftover crumbs. Drizzle 1/4 cup plus 2
  tablespoons of the olive oil on top. Bake for 10 minutes, or until the
  squid is golden brown and crunchy.
  :    Meanwhile, in a small saucepan, whisk the garlic and the anchovy paste
  into the remaining 1/4 cup oil and bring to a simmer over low heat. Cook,
  whisking, until fragrant but not browned, about 3 minutes.
  :    Add salt to the boiling water.  Add the capellini and cook, stirring
  occasionally, until al dente, about 3 minutes.  Drain the pasta and return
  it to the saucepan. Add the anchovy sauce and the butter and toss to coat.
  :    Make a bed of capellini on a platter or plates.  Mound the baked squid
  on the pasta and serve with lemon wedges.
  
  By Tracy Seaman, in _An Italian Christmas Eve Meal_; "Food &amp; Wine"
  December,
     1994    Typos by Jeff Pruett.
  Posted to EAT-L Digest 19 Sep 96
  
  Date:    Fri, 20 Sep 1996 08:52:19 -0500
  
  From:    LD Goss &lt;ldgoss@METRONET.COM&gt;
 
</step></directions></recipe></recipeml>
