<?xml version="1.0" encoding="UTF-8"?>

<recipeml version="0.5">
  <recipe>
    <head>
      <title>Artichoke and Sun-Dried Tomato Scones</title>
      <categories>
        <cat>Appetizers</cat>
        <cat>Posted</cat></categories>
      <yield>18</yield></head>
    <ingredients>
      <ing>
        <amt>
          <qty>2</qty>
          <unit>cups</unit></amt>
        <item>Bisquick® Baking Mix</item></ing>
      <ing>
        <amt>
          <qty>1</qty>
          <unit>teaspoon</unit></amt>
        <item>Dried Basil</item></ing>
      <ing>
        <amt>
          <qty>1/2</qty>
          <unit>cups</unit></amt>
        <item>Milk</item></ing>
      <ing>
        <amt>
          <qty>1/2</qty>
          <unit>cups</unit></amt>
        <item>Artichoke Hearts; Drained And Chopped</item></ing>
      <ing>
        <amt>
          <qty>1/4</qty>
          <unit>cups</unit></amt>
        <item>Sun-Dried Tomatoes; Oil-Packed, Drained And Chopped</item></ing></ingredients>
    <directions>
      <step>  Preheat oven to 450. Combine bisquick and basil in medium bowl. Measure the
  milk into a large measuring cup. Add artichoke hearts and tomatoes into
  milk. Pour milk mixture over the baking mix and stir just until all the
  ingredients are moistened. Drop heaping tbsp of dough onto a parchment
  lined baking sheet. Bake in the middle of the oven 8 to 10 minutes, or
  until the scones begin to brown. Serve warm.
  
  Recipe by: 5 in 10 Appetizer Cookbook
  
  Posted to brand-name-recipes by Tiina &lt;4Angels@videotron.ca&gt; on Mar 17,
  1998
 
</step></directions></recipe></recipeml>
