<?xml version="1.0" encoding="UTF-8"?>

<recipeml version="0.5">
  <recipe>
    <head>
      <title>Artichoke Dip #5</title>
      <categories>
        <cat>Dip</cat></categories>
      <yield>8</yield></head>
    <ingredients>
      <ing>
        <amt>
          <qty>1</qty>
          <unit>can</unit></amt>
        <item>(large) artichoke hearts; drained and chopped</item></ing>
      <ing>
        <amt>
          <qty>1</qty>
          <unit>cup</unit></amt>
        <item>Parmesan cheese; grated</item></ing>
      <ing>
        <amt>
          <qty>3/4</qty>
          <unit>cups</unit></amt>
        <item>Mayonaise</item></ing>
      <ing>
        <amt>
          <qty>1/2</qty>
          <unit/></amt>
        <item>Lemon; juice of (or a little more)</item></ing>
      <ing>
        <amt>
          <qty/>
          <unit/></amt>
        <item>Worchestershire sauce (enough for flavor; but DON'T put in too much as to give it a brownish color)</item></ing>
      <ing>
        <amt>
          <qty>2</qty>
          <unit/></amt>
        <item>Cloves garlic; minced (more if you love garlic!)</item></ing></ingredients>
    <directions>
      <step>  From: "Anne L. Welsh" &lt;Annetastic@AOL.COM&gt;
  
  Date: Tue, 25 Jun 1996 13:48:45 -0400
  Mix all ingredients and bake at 350 for 20 minutes or until bubbly. Serve
  w/ french bread or tortilla chips.
  
  EAT-L Digest 24 June 1996
  
  From the EAT-L recipe list.  Downloaded from Glen's MM Recipe Archive,
  http://www.erols.com/hosey.
 
</step></directions></recipe></recipeml>
