<?xml version="1.0" encoding="UTF-8"?>

<recipeml version="0.5">
  <recipe>
    <head>
      <title>Artichoke Heart and Radicchio Salad</title>
      <categories>
        <cat>None</cat></categories>
      <yield>2</yield></head>
    <ingredients>
      <ing>
        <amt>
          <qty>1</qty>
          <unit>package</unit></amt>
        <item>Artichoke hearts; frozen --</item></ing>
      <ing>
        <amt>
          <qty/>
          <unit/></amt>
        <item>Marinated in a jar]</item></ing>
      <ing>
        <amt>
          <qty>2 1/2</qty>
          <unit>tablespoons</unit></amt>
        <item>Olive oil -- extra-virgin</item></ing>
      <ing>
        <amt>
          <qty>2</qty>
          <unit>teaspoons</unit></amt>
        <item>Lemon juice -- fresh</item></ing>
      <ing>
        <amt>
          <qty>1</qty>
          <unit/></amt>
        <item>Raddicho; small --</item></ing>
      <ing>
        <amt>
          <qty/>
          <unit/></amt>
        <item>Separated</item></ing>
      <ing>
        <amt>
          <qty/>
          <unit/></amt>
        <item>Leaves torn into halves)</item></ing>
      <ing>
        <amt>
          <qty>14</qty>
          <unit/></amt>
        <item>Basil leaves -- chopped</item></ing>
      <ing>
        <amt>
          <qty/>
          <unit/></amt>
        <item>Parmesan cheese</item></ing></ingredients>
    <directions>
      <step>  Cook artichoke hearts according to package directions. Drain. Rinse with
  cold water and drain [or just drain canned or marinated hearts, reserving
  marinade].  Transfer to bowl. Add 1 tablespoon olive oil and 1 teaspoon
  lemon juice and let stand 15 minutes. Add radicchio, basil and remaining
  1-1/2 tablespoons oil to artichokes and toss to coat. Season with salt and
  pepper.  Add remaining 1 teaspoon lemon juice and toss to coat. [If you
  feel you need it for flavor, add reserved marinade a tablespoon at a time
  and then tasting to see if it needs more.] Divide salad between 2 plates.
  Using cheese plane or vegetable peeler, shave Parmsesan atop salad. Serves
  2, can be double or tripled. Recipe from Bon Appetit, February, 1992.
  Courtesy of Shareware RECIPE CLIPPER 1.1
  
  Recipe By     :
  
  File ftp://ftp.idiscover.co.uk/pub/food/mealmaster/recipes/mmdja006.zip
 
</step></directions></recipe></recipeml>
