<?xml version="1.0" encoding="UTF-8"?>

<recipeml version="0.5">
  <recipe>
    <head>
      <title>Artichokes with Spicy Crab</title>
      <categories>
        <cat>Vegetables</cat></categories>
      <yield>12</yield></head>
    <ingredients>
      <ing>
        <amt>
          <qty>24</qty>
          <unit/></amt>
        <item>Baby</item></ing>
      <ing>
        <amt>
          <qty>1</qty>
          <unit/></amt>
        <item>Lemon</item></ing>
      <ing>
        <amt>
          <qty>3/4</qty>
          <unit>pounds</unit></amt>
        <item>Fresh cooked crabmeat</item></ing>
      <ing>
        <amt>
          <qty>1/4</qty>
          <unit>cups</unit></amt>
        <item>Whipping cream</item></ing>
      <ing>
        <amt>
          <qty>1</qty>
          <unit>tablespoon</unit></amt>
        <item>Capers</item></ing>
      <ing>
        <amt>
          <qty>1/4</qty>
          <unit>cups</unit></amt>
        <item>Green peppers -- finely</item></ing>
      <ing>
        <amt>
          <qty/>
          <unit/></amt>
        <item>Chopped</item></ing>
      <ing>
        <amt>
          <qty>2</qty>
          <unit>tablespoons</unit></amt>
        <item>Minced green onion</item></ing>
      <ing>
        <amt>
          <qty>3</qty>
          <unit>tablespoons</unit></amt>
        <item>Minced shallot</item></ing>
      <ing>
        <amt>
          <qty>2</qty>
          <unit>tablespoons</unit></amt>
        <item>White wine</item></ing>
      <ing>
        <amt>
          <qty/>
          <unit/></amt>
        <item>Salt and freshly ground</item></ing>
      <ing>
        <amt>
          <qty/>
          <unit/></amt>
        <item>Pepper -- to taste</item></ing>
      <ing>
        <amt>
          <qty/>
          <unit/></amt>
        <item>Worcestershire sauce -- to</item></ing>
      <ing>
        <amt>
          <qty/>
          <unit/></amt>
        <item>Taste</item></ing>
      <ing>
        <amt>
          <qty/>
          <unit/></amt>
        <item>Minced fresh parsley -- for</item></ing>
      <ing>
        <amt>
          <qty/>
          <unit/></amt>
        <item>Garnish</item></ing>
      <ing>
        <amt>
          <qty/>
          <unit/></amt>
        <item>Lemon wedges -- for</item></ing>
      <ing>
        <amt>
          <qty/>
          <unit/></amt>
        <item>Accompaniment</item></ing>
      <ing>
        <amt>
          <qty/>
          <unit/></amt>
        <item>Artichokes</item></ing></ingredients>
    <directions>
      <step>  1. Pull off dark green outer leaves of artichokes until you reach the pale
  green "heart." Cut 1/2-inch off top and trim stem end down to the pale
  green part. Rub artichoke hearts well with lemon and cook in boiling salted
  water until tender. Drain and pat dry. Pull out some of the innermost
  leaves and spread the hearts open slightly.
  
  2. In a bowl combine crabmeat, cream, capers, green pepper, green onion,
  and mustard. In a small skillet over moderate heat, heat butter and oil.
  Add shallots and cook until translucent (4 to 5 minutes). Add wine and cook
  until mixture is reduced to a glaze. Cool slightly and add to crab mixture.
  Season with salt, pepper, and Worcestershire sauce.
  
  3. Stuff artichoke hearts with crab mixture. Pack into a tightly sealed
  container along with a plastic bag of minced parsley and the lemon wedges.
  At serving time, garnish hearts with minced parsley and serve with lemon
  wedges.
  
  Recipe By     : The California Culinary Academy
  
  File ftp://ftp.idiscover.co.uk/pub/food/mealmaster/recipes/mmdja006.zip
 
</step></directions></recipe></recipeml>
