<?xml version="1.0" encoding="UTF-8"?>

<recipeml version="0.5">
  <recipe>
    <head>
      <title>Artichokes and Green Beans</title>
      <categories>
        <cat>Diabetic</cat>
        <cat>Side dishes</cat>
        <cat>Vegetables</cat></categories>
      <yield>4</yield></head>
    <ingredients>
      <ing>
        <amt>
          <qty>1/2</qty>
          <unit>pounds</unit></amt>
        <item>Sm Jerusalem artichokes; (sunchokes). sliced</item></ing>
      <ing>
        <amt>
          <qty>3/4</qty>
          <unit>pounds</unit></amt>
        <item>Fresh green beans;</item></ing>
      <ing>
        <amt>
          <qty>2</qty>
          <unit>cloves</unit></amt>
        <item>Garlic; minced</item></ing>
      <ing>
        <amt>
          <qty>2</qty>
          <unit>teaspoons</unit></amt>
        <item>Walnut oil;</item></ing>
      <ing>
        <amt>
          <qty>1/2</qty>
          <unit/></amt>
        <item>Red pepper; diced</item></ing>
      <ing>
        <amt>
          <qty>2</qty>
          <unit>tablespoons</unit></amt>
        <item>1Fresh lemon juice;</item></ing>
      <ing>
        <amt>
          <qty>1</qty>
          <unit>tablespoon</unit></amt>
        <item>Walnuts; chopped</item></ing>
      <ing>
        <amt>
          <qty/>
          <unit/></amt>
        <item>Pepper to taste</item></ing></ingredients>
    <directions>
      <step>  Wash and trim artichokes and beans.  Bring a large kettle of water to
  a boil and cook artichokes until tender, about 15 minutes minutes.
  Add green beans and cook 3 to 4 minutes.  Drain and keep warm.  Saute
  garlic 1 minutes in walnut oil, tne add bell pepper to warm.  Mix all
  ingredients together and serve.
  Food Exchange per serving:  1 STARCH/BREAD EXCHANGE + 1 FAT EXCHANGE;
  CAL: 124; CHO: 0mg; CAR: 20g; PRO: 4g; SOD: 6mg; FAT: 4g;
  
  Source: Light &amp; Easy Diabetes Cuisine by Betty Marks
  Brought to you and yours via Nancy O'Brion and her Meal-Master
  
  File ftp://ftp.idiscover.co.uk/pub/food/mealmaster/recipes/diabetic.zip
 
</step></directions></recipe></recipeml>
