<?xml version="1.0" encoding="UTF-8"?>

<recipeml version="0.5">
  <recipe>
    <head>
      <title>Artichoke and Red Pepper Pizza</title>
      <categories>
        <cat>Pizza</cat></categories>
      <yield>8</yield></head>
    <ingredients>
      <ing-div>
        <title/>
        <ing>
          <amt>
            <qty>1</qty>
            <unit>can</unit></amt>
          <item>(10-Oz) Pillsbury Refrigerated All Ready Pizze Crust</item></ing></ing-div>
      <ing-div>
        <title>TOPPING</title>
        <ing>
          <amt>
            <qty>5</qty>
            <unit>grams</unit></amt>
          <item>Cloves; peeled</item></ing>
        <ing>
          <amt>
            <qty>1/4</qty>
            <unit/></amt>
          <item>To 1/3 cup olive oil</item></ing>
        <ing>
          <amt>
            <qty>2</qty>
            <unit/></amt>
          <item>Red bell peppers; cut into 1/4-inch st</item></ing>
        <ing>
          <amt>
            <qty>1</qty>
            <unit/></amt>
          <item>(2.5-Oz.) Ja Green Giant Sliced Mushrooms; drained</item></ing>
        <ing>
          <amt>
            <qty>3</qty>
            <unit>tablespoons</unit></amt>
          <item>Chopped fresh basil</item></ing>
        <ing>
          <amt>
            <qty/>
            <unit/></amt>
          <item>Or 1 tablespoon dried  basil leaves</item></ing>
        <ing>
          <amt>
            <qty>1</qty>
            <unit/></amt>
          <item>(6-oz.) jar marinated artichoke hearts; drained&amp; chopped</item></ing>
        <ing>
          <amt>
            <qty>1</qty>
            <unit/></amt>
          <item>(2 1/4-oz.) sliced ripe olives; drained</item></ing>
        <ing>
          <amt>
            <qty>8</qty>
            <unit>ounces</unit></amt>
          <item>(2 cups) shredded mozzarella cheese</item></ing>
        <ing>
          <amt>
            <qty>1/2</qty>
            <unit>cups</unit></amt>
          <item>Grated Parmesan cheese</item></ing></ing-div></ingredients>
    <directions>
      <step>  Heat oven to 425F. Grease 13x9-inch (3-quart) baking dish or 12-inch pizza
  pan. Unroll dough and place in greased pan; starting at center, press out
  with hands. Bake at 425ø F. for 8 to 11 minutes or until light golden
  brown.
  
  In food processor bowl with metal blade or blender container, process
  garlic 10 to 15 seconds or until finely chopped. Reserve 1 tablespoon of
  the oil.  With machine running, add remaining oil all at once through feed
  tube or opening in top of blender lid. Process 20 to 30 seconds or just
  until blended. Spread garlic mixture over partially baked crust.
  
  Heat reserved 1 tablespoon oil in medium skillet over medium-high heat
  until hot; cook and stir peppers in oil until crisp-tender, 3 to 5 minutes.
  Layer peppers, mushrooms, basil, artichokes and olives over garlic mixture;
  top with cheeses. Bake at 425ø F. for 8 to 14 minutes until crust is golden
  brown around edges and cheese is melted.  8 servings
  Posted to MC-Recipe Digest V1 #237
  
  Date: Wed, 09 Oct 1996 08:20:35 -0700
  
  From: Gerald Edgerton &lt;jerrye@wizard.com&gt;
  
  NOTES : 1992 Bake-Off Contest
 
</step></directions></recipe></recipeml>
