<?xml version="1.0" encoding="UTF-8"?>

<recipeml version="0.5">
  <recipe>
    <head>
      <title>Artichoke and Potato Frittata</title>
      <categories>
        <cat>Vegetables</cat>
        <cat>Eggs</cat></categories>
      <yield>2</yield></head>
    <ingredients>
      <ing-div>
        <title/>
        <ing>
          <amt>
            <qty>1/2</qty>
            <unit>cups</unit></amt>
          <item>Artichoke hearts (you must thaw them if they are frozen) 6 to 8 of them</item></ing>
        <ing>
          <amt>
            <qty>2</qty>
            <unit>tablespoons</unit></amt>
          <item>Olive oil</item></ing>
        <ing>
          <amt>
            <qty>1</qty>
            <unit>small</unit></amt>
          <item>Potato, cooked and cubed</item></ing>
        <ing>
          <amt>
            <qty>1</qty>
            <unit>teaspoon</unit></amt>
          <item>Rosemary leaves, fresh and minced</item></ing>
        <ing>
          <amt>
            <qty/>
            <unit/></amt>
          <item>Freshly ground black pepper to taste</item></ing>
        <ing>
          <amt>
            <qty>3</qty>
            <unit/></amt>
          <item>Eggs</item></ing>
        <ing>
          <amt>
            <qty>1/4</qty>
            <unit>teaspoons</unit></amt>
          <item>Salt</item></ing>
        <ing>
          <amt>
            <qty>2</qty>
            <unit>tablespoons</unit></amt>
          <item>Mozerella cheese, shredded</item></ing>
        <ing>
          <amt>
            <qty>1</qty>
            <unit>tablespoon</unit></amt>
          <item>Freshly grated Parmesan</item></ing></ing-div>
      <ing-div>
        <title>GARNISH</title>
        <ing>
          <amt>
            <qty/>
            <unit/></amt>
          <item>Italian parsley, chopped</item></ing></ing-div></ingredients>
    <directions>
      <step>  1. Bring a small saucepan of lightly salted water to a boil, and add the
  artichoke hearts. Lower the heat and simmer for 3 minutes; then rinse,
  drain and pat dry. Set them aside.
  
  Heat 1 tablespoon of the oil in a 10-inch skillet (preferable nonstick.)
  Add the potato and rosemary, and saute until golden and crisp, about 3
  minutes. Add the artichoke hearts and saute until golden, about 2 minutes.
  Sprinkle with a pinch of salt and pepper and set aside.
  
  3. Preheat the broiler.
  
  4. Lightly beat the eggs with the 1/4 ts. and black pepper to taste. Heat
  the remaining 1 tablespoon oil in the same skillet. Pour in the eggs and
  cook, over medium-low heat, stirring lightly, just until the bottom is set,
  3 to 4 minutes. The top should still be wet. Add the artichokes and
  potatoes; sprinkle with the cheeses. Place the skillet under the broiler
  and cook until the frittata is golden and sizzling, about 2 minutes.
  Sprinkle with parsley, and serve immediately.
  
  From the book "The New Basics cookbook" by Julee Rosso amd Sheila Lukens
  Wonderful book, I highly reccomend it.
  
  MM format courtesy Mary Riemerman
  Posted to recipelu-digest by GramWag &lt;GramWag@aol.com&gt; on Mar 18, 1998
 
</step></directions></recipe></recipeml>
