<?xml version="1.0" encoding="UTF-8"?>

<recipeml version="0.5">
  <recipe>
    <head>
      <title>Artichoke Bottoms with Bay Scallops</title>
      <categories>
        <cat>Appetizers</cat>
        <cat>Seafood</cat></categories>
      <yield>8</yield></head>
    <ingredients>
      <ing>
        <amt>
          <qty>3/4</qty>
          <unit>pounds</unit></amt>
        <item>Scallops, bay, washed</item></ing>
      <ing>
        <amt>
          <qty>1</qty>
          <unit>cup</unit></amt>
        <item>Bread crumbs, fresh, fine</item></ing>
      <ing>
        <amt>
          <qty>3</qty>
          <unit>tablespoons</unit></amt>
        <item>Parsley, fresh, minced</item></ing>
      <ing>
        <amt>
          <qty>1/2</qty>
          <unit>teaspoons</unit></amt>
        <item>Tarragon, dried</item></ing>
      <ing>
        <amt>
          <qty>1/4</qty>
          <unit>cups</unit></amt>
        <item>Celery, minced</item></ing>
      <ing>
        <amt>
          <qty>2</qty>
          <unit/></amt>
        <item>Garlic, cloves, minced</item></ing>
      <ing>
        <amt>
          <qty>28</qty>
          <unit>ounces</unit></amt>
        <item>Artichoke bottoms, drained</item></ing>
      <ing>
        <amt>
          <qty/>
          <unit/></amt>
        <item>(2-14 oz cans)</item></ing>
      <ing>
        <amt>
          <qty/>
          <unit/></amt>
        <item>Oil, canola, for brushing</item></ing>
      <ing>
        <amt>
          <qty/>
          <unit/></amt>
        <item>On grill rack</item></ing></ingredients>
    <directions>
      <step>  Mix scallops, bread crumbs, parsley, tarragon, celery and garlic in a bowl.
  Gently mound filling into artichoke bottoms.
  
  Prepare grill.  When coals are hot, set artichokes on grill rack, brushed
  with oil, about 4 to 6 inches from heat source. Cover grill. Cook stuffed
  artichokes for about 3 minutes or until scallops are opaque. Using a
  long-handled spatula, transfer artichoke bottoms to serving dish. Serve
  hot.
  
  From Gemini's MASSIVE MealMaster collection at www.synapse.com/~gemini
 
</step></directions></recipe></recipeml>
