<?xml version="1.0" encoding="UTF-8"?>

<recipeml version="0.5">
  <recipe>
    <head>
      <title>Artichoke and Roasted Red Pepper Salad</title>
      <categories>
        <cat>None</cat></categories>
      <yield>8</yield></head>
    <ingredients>
      <ing-div>
        <title>SALAD</title>
        <ing>
          <amt>
            <qty>8</qty>
            <unit>medium</unit></amt>
          <item>Artichokes; Prepared And, Cooked</item></ing>
        <ing>
          <amt>
            <qty>4</qty>
            <unit/></amt>
          <item>Red Bell Peppers</item></ing>
        <ing>
          <amt>
            <qty/>
            <unit/></amt>
          <item>Lettuce Leaves</item></ing>
        <ing>
          <amt>
            <qty>1/2</qty>
            <unit>cups</unit></amt>
          <item>Red Onion; Sliced</item></ing>
        <ing>
          <amt>
            <qty>1/2</qty>
            <unit>cups</unit></amt>
          <item>Ripe Olives; Sliced</item></ing></ing-div>
      <ing-div>
        <title>ROASTED PEPPER DRESSING</title>
        <ing>
          <amt>
            <qty>1</qty>
            <unit/></amt>
          <item>Red Bell Pepper; Roasted, Reserved From Salad Preparation</item></ing>
        <ing>
          <amt>
            <qty>1/3</qty>
            <unit>cups</unit></amt>
          <item>Balsamic Vinegar</item></ing>
        <ing>
          <amt>
            <qty>1/4</qty>
            <unit>cups</unit></amt>
          <item>White Wine Vinegar</item></ing>
        <ing>
          <amt>
            <qty>2</qty>
            <unit/></amt>
          <item>Cloves Garlic; Minced</item></ing>
        <ing>
          <amt>
            <qty>1</qty>
            <unit>tablespoon</unit></amt>
          <item>Fresh Basil; Chopped</item></ing>
        <ing>
          <amt>
            <qty>1</qty>
            <unit>teaspoon</unit></amt>
          <item>Fresh Rosemary; Chopped</item></ing>
        <ing>
          <amt>
            <qty>1</qty>
            <unit>teaspoon</unit></amt>
          <item>Sugar</item></ing></ing-div></ingredients>
    <directions>
      <step>  Halve artichokes lengthwise; scoop out center petals and fuzzy centers.
  Remove outer leaves and reserve to garnish salad. Trim out hearts and slice
  thinly. Cover, set aside. Place whole bell pepper under preheated broiler;
  broil under high heat until charred on all sides, turning frequently with
  tongs. Remove from oven and place in a paper bag for 15 minutes to steam
  skins. Trim off stems of peppers; remove seeds and ribs Strip off skins;
  slice peppers into julienne strips. Reserve one fourth of the bell pepper
  strips for the dressing.
  
  To Assemble Salads: Arrange lettuce leaves on 8 salad plates, remaining
  bell peppers strips, red onions and ripe olives on lettuce. Garnish with a
  couple of artichoke leaves, if desired.
  
  For Dressing: In a blender or food processor place reserved bell pepper
  strips, vinegars, garlic, basil, rosemary and sugar. Cover and process
  until well blended and nearly smooth. Spoon dressing over the salads.
  
  Serving Suggestion: Cover and refrigerate prepared salads up to 4 hours.
  Chill dressing and spoon dressing and spoon over the salads just before
  serving.
  
  Nutrients per serving: Calories: 88; Protein: 4.7 g; Carbohydrate: 199g;
  Fat 1 g; Calories from fat: 12%; Calories from saturated fat: 2%; Sodium;
  189 mg; Cholesterol: 0 mg: Dietary Fiber: 5 g.
  
  Entered in MasterCook by suechef@sover.net 4/25/98
  
  Recipe by: California Artichoke Advisory Board
  
  Posted to MC-Recipe Digest by Sue &lt;suechef@sover.net&gt; on Apr 25, 1998
 
</step></directions></recipe></recipeml>
