<?xml version="1.0" encoding="UTF-8"?>

<recipeml version="0.5">
  <recipe>
    <head>
      <title>Artichoke Cheese Dip</title>
      <categories>
        <cat>Dip</cat></categories>
      <yield>8</yield></head>
    <ingredients>
      <ing>
        <amt>
          <qty>1</qty>
          <unit/></amt>
        <item>Jar (large) marinated artichoke hearts</item></ing>
      <ing>
        <amt>
          <qty>1</qty>
          <unit/></amt>
        <item>Clove garlic</item></ing>
      <ing>
        <amt>
          <qty>1</qty>
          <unit>can</unit></amt>
        <item>(4-oz) chopped green chilies</item></ing>
      <ing>
        <amt>
          <qty>3</qty>
          <unit>tablespoons</unit></amt>
        <item>Mayonnaise</item></ing>
      <ing>
        <amt>
          <qty>2</qty>
          <unit>cups</unit></amt>
        <item>Cheddar cheese; shredded</item></ing>
      <ing>
        <amt>
          <qty>From:</qty>
          <unit/></amt>
        <item>Kelly &lt;kellyh@FOTO.INFI.NET&gt;</item></ing>
      <ing>
        <amt>
          <qty>Date:</qty>
          <unit/></amt>
        <item>Wed, 26 Jun 1996 19:50:27 -0400</item></ing></ingredients>
    <directions>
      <step>  Mix ingredients together and bake at 350 degrees, just until cheese melts.
  Serve with taco chips.  Piedmont Region, North Carolina, USA
  
  EAT-L Digest 25 June 1996
  
  From the EAT-L recipe list.  Downloaded from Glen's MM Recipe Archive,
  http://www.erols.com/hosey.
 
</step></directions></recipe></recipeml>
