<?xml version="1.0" encoding="UTF-8"?>

<recipeml version="0.5">
  <recipe>
    <head>
      <title>Artichoke Dip</title>
      <categories>
        <cat>None</cat></categories>
      <yield>1</yield></head>
    <ingredients>
      <ing>
        <amt>
          <qty>1</qty>
          <unit>can</unit></amt>
        <item>Chopped green chilies</item></ing>
      <ing>
        <amt>
          <qty>1/2</qty>
          <unit>cups</unit></amt>
        <item>Mayonnaise</item></ing>
      <ing>
        <amt>
          <qty>1/4</qty>
          <unit>cups</unit></amt>
        <item>Parmesan cheese</item></ing>
      <ing>
        <amt>
          <qty>8</qty>
          <unit>ounces</unit></amt>
        <item>Monteray jack cheese; shredded</item></ing>
      <ing>
        <amt>
          <qty>1</qty>
          <unit/></amt>
        <item>14 oz. can artichokes</item></ing></ingredients>
    <directions>
      <step>  Drain and chop artichokes. Add chilies, mayonnaise, and cheeses. Heat and
  serve with crackers or chips.
  Posted to recipelu-digest Volume 01 Number 545 by SUNFIRE LJ
  &lt;SUNFIRELJ@aol.com&gt; on Jan 17, 1998
 
</step></directions></recipe></recipeml>
