<?xml version="1.0" encoding="UTF-8"?>

<recipeml version="0.5">
  <recipe>
    <head>
      <title>Artichoke Chili Dip</title>
      <categories>
        <cat>Dips</cat>
        <cat>Chili</cat></categories>
      <yield>6</yield></head>
    <ingredients>
      <ing>
        <amt>
          <qty>1</qty>
          <unit>can</unit></amt>
        <item>(14-oz) artichoke hearts drained and chopped</item></ing>
      <ing>
        <amt>
          <qty>1</qty>
          <unit>cup</unit></amt>
        <item>Grated parmesan cheese</item></ing>
      <ing>
        <amt>
          <qty>1</qty>
          <unit>can</unit></amt>
        <item>(4-oz) green chili peppers chopped</item></ing>
      <ing>
        <amt>
          <qty>1</qty>
          <unit>cup</unit></amt>
        <item>Mayonnaise</item></ing></ingredients>
    <directions>
      <step>  Tortilla chips for dipping
  
  In a small mixing bowl combine artichokes, cheese, peppers and mayonnaise.
  Transfer mixture to an 8 inch round baking dish. Bake, uncovered, in a 350
  degree oven for 20 minutes. Serve warm with tortilla chips.
  
  From Gemini's MASSIVE MealMaster collection at www.synapse.com/~gemini
 
</step></directions></recipe></recipeml>
