<?xml version="1.0" encoding="UTF-8"?>

<recipeml version="0.5">
  <recipe>
    <head>
      <title>Artichoke Hearts and Prosciutto</title>
      <categories>
        <cat>Vegetables</cat>
        <cat>Meats</cat></categories>
      <yield>14</yield></head>
    <ingredients>
      <ing>
        <amt>
          <qty>14</qty>
          <unit>ounces</unit></amt>
        <item>Can artichoke hearts, drained and cut in half</item></ing>
      <ing>
        <amt>
          <qty>1/3</qty>
          <unit>pounds</unit></amt>
        <item>Prosciutto, sliced paper thin</item></ing>
      <ing>
        <amt>
          <qty>1/4</qty>
          <unit>cups</unit></amt>
        <item>Olive oil</item></ing>
      <ing>
        <amt>
          <qty>1/2</qty>
          <unit>teaspoons</unit></amt>
        <item>Dried thyme</item></ing>
      <ing>
        <amt>
          <qty>1/2</qty>
          <unit>teaspoons</unit></amt>
        <item>Finely grated orange peel</item></ing>
      <ing>
        <amt>
          <qty/>
          <unit/></amt>
        <item>Freshly ground pepper</item></ing></ingredients>
    <directions>
      <step>  An easy to prepare and elegant finger food! Artichoke hearts are wrapped in
  paper thin slices of prosciutto and then marinated in an orange-thyme
  imbued olive oil. The salt-cured Italian ham complements the bland flavor
  of the artichoke hearts. 1. Wrap each artichoke heart in a slice of
  prosciutto and secure with a toothpick.
  
  2. In a separate bowl, whisk together the olive oil, thyme, orange peel,
  and pepper. Pour the dressing over the roll-ups and let marinate 1 to 2
  hours or as much as overnight.
  
  3. Serve at room temperature.
  
  12 to 16 roll-ups
  
  Source(including opening narrative): The Uncommon Gourmet by Ellen Helman
  
  From Gemini's MASSIVE MealMaster collection at www.synapse.com/~gemini
 
</step></directions></recipe></recipeml>
