<?xml version="1.0" encoding="UTF-8"?>

<recipeml version="0.5">
  <recipe>
    <head>
      <title>Artichoke Cheese Squares</title>
      <categories>
        <cat>Appetizers</cat>
        <cat>Artichokes</cat></categories>
      <yield>1</yield></head>
    <ingredients>
      <ing>
        <amt>
          <qty>2</qty>
          <unit>tablespoons</unit></amt>
        <item>Olive oil</item></ing>
      <ing>
        <amt>
          <qty>1/3</qty>
          <unit>cups</unit></amt>
        <item>Minced onion</item></ing>
      <ing>
        <amt>
          <qty>2</qty>
          <unit/></amt>
        <item>Cloves garlic; minced (2 to 3)</item></ing>
      <ing>
        <amt>
          <qty>4</qty>
          <unit/></amt>
        <item>Eggs</item></ing>
      <ing>
        <amt>
          <qty>1</qty>
          <unit>can</unit></amt>
        <item>Artichoke hearts; (1 oz.) drained, trimmed, and chopped (1 to 14)</item></ing>
      <ing>
        <amt>
          <qty>1/4</qty>
          <unit>cups</unit></amt>
        <item>Dry bread crumbs</item></ing>
      <ing>
        <amt>
          <qty>1/2</qty>
          <unit>pounds</unit></amt>
        <item>Swiss or sharp Cheddar cheese</item></ing>
      <ing>
        <amt>
          <qty>2</qty>
          <unit>teaspoons</unit></amt>
        <item>Dry or 2 Tb. fresh minced parsley</item></ing>
      <ing>
        <amt>
          <qty>1/4</qty>
          <unit>teaspoons</unit></amt>
        <item>Oregano</item></ing>
      <ing>
        <amt>
          <qty>1/2</qty>
          <unit>teaspoons</unit></amt>
        <item>Salt</item></ing>
      <ing>
        <amt>
          <qty/>
          <unit/></amt>
        <item>Pepper to taste; and/or dash Tabasco</item></ing></ingredients>
    <directions>
      <step>  Heat oil in skillet, and saute onion and garlic until soft and translucent
  but not brown.
  
  Beat eggs in bowl; add chopped artichoke hearts.  Stir in rest of
  ingredients. Pour into 7 x 11 baking dish. Bake 25-30 min. at 325 degrees F
  until set.
   Let cool before cutting into squares.
  
  &gt;                   - - - - - - - - - - - - - - - - - -   &gt;  &gt;
  Posted to MC-Recipe Digest V1 #285
  
  Date: Fri,  8 Nov 96 06:51:27 PST
  
  From: jfcoombs@avana.net
 
</step></directions></recipe></recipeml>
