<?xml version="1.0" encoding="UTF-8"?>

<recipeml version="0.5">
  <recipe>
    <head>
      <title>Artichoke - Cheese Puff</title>
      <categories>
        <cat>None</cat></categories>
      <yield>1</yield></head>
    <ingredients>
      <ing>
        <amt>
          <qty>12</qty>
          <unit>ounces</unit></amt>
        <item>Marinated artichoke hearts; sliced thickly or quartered</item></ing>
      <ing>
        <amt>
          <qty>1</qty>
          <unit>medium</unit></amt>
        <item>Onion; chopped coarsely</item></ing>
      <ing>
        <amt>
          <qty>3</qty>
          <unit/></amt>
        <item>Pickled jalapenos; sliced into rings</item></ing>
      <ing>
        <amt>
          <qty>5</qty>
          <unit/></amt>
        <item>Eggs</item></ing>
      <ing>
        <amt>
          <qty>3/4</qty>
          <unit>teaspoons</unit></amt>
        <item>Salt</item></ing>
      <ing>
        <amt>
          <qty/>
          <unit/></amt>
        <item>Fresh-ground black pepper to taste</item></ing>
      <ing>
        <amt>
          <qty>2</qty>
          <unit>tablespoons</unit></amt>
        <item>Flour</item></ing>
      <ing>
        <amt>
          <qty>6</qty>
          <unit>ounces</unit></amt>
        <item>Cheddar; grated</item></ing>
      <ing>
        <amt>
          <qty>1</qty>
          <unit>ounce</unit></amt>
        <item>Parmesan; grated</item></ing></ingredients>
    <directions>
      <step>  Adapted from The Vegetarian Epicure Book 2 by Anna Thomas
  
  Drain 1/4 c oil from the artichoke hearts and heat it in a skillet. Saute
  onions until they are beginning to color.
  
  Combine eggs with salt, pepper, and flour and beat until smooth. Add
  cheeses.
  
  Spray or grease an 8x8 baking dish. Put artichokes, onions, and jalapenos
  in the baking dish, and pour egg-cheese mix over. Bake at 350 for 25
  minutes, or until completely set, golden brown, and slightly crusty on top.
  Serves 8-10 as an appetizer, or 4-6 otherwise.
  
  Posted to CHILE-HEADS DIGEST by pamra@rockland.net (Alexandra Soltow) on
  Mar 8, 1998
 
</step></directions></recipe></recipeml>
