<?xml version="1.0" encoding="UTF-8"?>

<recipeml version="0.5">
  <recipe>
    <head>
      <title>Artichoke and Oyster Souffle</title>
      <categories>
        <cat>Seafood</cat>
        <cat>Vegetables</cat>
        <cat>Masterchefs</cat>
        <cat>Norleans</cat>
        <cat>Pal</cat></categories>
      <yield>4</yield></head>
    <ingredients>
      <ing>
        <amt>
          <qty>4</qty>
          <unit>medium</unit></amt>
        <item>Artichokes</item></ing>
      <ing>
        <amt>
          <qty>1</qty>
          <unit>medium</unit></amt>
        <item>Lemon, halved</item></ing>
      <ing>
        <amt>
          <qty/>
          <unit/></amt>
        <item>Oyster Souffle Base **</item></ing>
      <ing>
        <amt>
          <qty/>
          <unit/></amt>
        <item>Oyster Sauce **</item></ing></ingredients>
    <directions>
      <step>       ** See recipes for Oyster Souffle Base, and Oyster Sauce.
  
       Trim the artichokes and rub the cut ends with lemon. (This prevents
  oxidation which can turn the ends of the artichokes brown.)
  
       Drop the artichokes into boiling salted water and cook for 30 minutes
  or until the bottoms are just tender and a leaf pulls out with only slight
  resistance.
  
       Remove the choke from the water, re-form the cooked artichoke and
  stuff with the souffle base.
  
       Preheat your oven to 375 F.
  
       Bake for 20 minutes or until the souffle is puffed and brown.
  
       Serve topped with Oyster Sauce.
  
       Source: Great Chefs of New Orleans, Tele-record Productions
       :    Box 71112, New Orleans, Louisiana - 1983
       :    Chef Gerhard Brill, Commander's Palace Restaurant, New Orleans
  
  From Gemini's MASSIVE MealMaster collection at www.synapse.com/~gemini
 
</step></directions></recipe></recipeml>
