<?xml version="1.0" encoding="UTF-8"?>

<recipeml version="0.5">
  <recipe>
    <head>
      <title>Artichoke and Cherry Tomato Tarts</title>
      <categories>
        <cat>None</cat></categories>
      <yield>1</yield></head>
    <ingredients>
      <ing>
        <amt>
          <qty>1</qty>
          <unit>large</unit></amt>
        <item>Egg yolk; beaten lightly</item></ing>
      <ing>
        <amt>
          <qty>1/4</qty>
          <unit>cups</unit></amt>
        <item>Sour cream</item></ing>
      <ing>
        <amt>
          <qty>1</qty>
          <unit/></amt>
        <item>Sheet; (1/2 pound) thawed frozen puff pastry, cut into two</item></ing>
      <ing>
        <amt>
          <qty>4</qty>
          <unit/></amt>
        <item>Inch squares and reserving the rest for another use</item></ing>
      <ing>
        <amt>
          <qty>1</qty>
          <unit>cup</unit></amt>
        <item>Quartered drained marinated artichoke hearts</item></ing>
      <ing>
        <amt>
          <qty>10</qty>
          <unit/></amt>
        <item>Vine-ripened cherry tomatoes; halved</item></ing>
      <ing>
        <amt>
          <qty>1</qty>
          <unit>teaspoon</unit></amt>
        <item>Fresh thyme leaves</item></ing></ingredients>
    <directions>
      <step>  Can be prepared in 45 minutes or less.
  
  Preheat oven to 400 deg. F. and lightly flour a baking sheet.
  
  In a bowl whisk together yolk, sour cream, and salt and pepper to taste.
  Arrange pastry squares on baking sheet and spoon one fourth of mixture onto
  center of each. Top mixture with artichokes and tomatoes. Spoon remaining
  sour cream mixture over vegetables and sprinkle with thyme.
  
  Bake tarts in middle of oven until pastry is golden, about
       12    minutes.
  Serves 2 as a light main course
  
  Gourmet September 1996
  
  Posted to EAT-L Digest  by Jennie Craig &lt;jecraig@LAN-INC.COM&gt; on Apr 3,
  1998
 
</step></directions></recipe></recipeml>
