<?xml version="1.0" encoding="UTF-8"?>

<recipeml version="0.5">
  <recipe>
    <head>
      <title>Artichoke and Pancetta Fettuccine</title>
      <categories>
        <cat>Cooking liv</cat>
        <cat>Import</cat></categories>
      <yield>1</yield></head>
    <ingredients>
      <ing>
        <amt>
          <qty>1/2</qty>
          <unit/></amt>
        <item>Lemon</item></ing>
      <ing>
        <amt>
          <qty>6</qty>
          <unit>medium</unit></amt>
        <item>Artichokes; (about 3 pounds total), outer leaves discarded and fibrous base trimmed, but leave stem intact</item></ing>
      <ing>
        <amt>
          <qty>3</qty>
          <unit>ounces</unit></amt>
        <item>Sliced pancetta</item></ing>
      <ing>
        <amt>
          <qty>1</qty>
          <unit>large</unit></amt>
        <item>Garlic clove</item></ing>
      <ing>
        <amt>
          <qty>2</qty>
          <unit>tablespoons</unit></amt>
        <item>Salt</item></ing>
      <ing>
        <amt>
          <qty>1</qty>
          <unit>tablespoon</unit></amt>
        <item>Olive oil</item></ing>
      <ing>
        <amt>
          <qty>2</qty>
          <unit>tablespoons</unit></amt>
        <item>Unsalted butter</item></ing>
      <ing>
        <amt>
          <qty>1/4</qty>
          <unit>cups</unit></amt>
        <item>Dry white wine</item></ing>
      <ing>
        <amt>
          <qty>1</qty>
          <unit>pound</unit></amt>
        <item>Fresh fettucine</item></ing>
      <ing>
        <amt>
          <qty>1/2</qty>
          <unit>cups</unit></amt>
        <item>Freshly grated parmesan</item></ing>
      <ing>
        <amt>
          <qty>2</qty>
          <unit>tablespoons</unit></amt>
        <item>Chopped fresh flat leafed parsley leaves</item></ing>
      <ing>
        <amt>
          <qty>1</qty>
          <unit>tablespoon</unit></amt>
        <item>Fresh lemon juice</item></ing></ingredients>
    <directions>
      <step>  Fill a 4 quart saucepan three fourths full with water and bring to a boil
  with lemon. Quarter 1 artichoke lengthwise through stem and with a
  stainless steel paring knife cut out choke. Trim any spiky purple tipped
  leaves. Halve quarters lengthwise and place in a bowl of lemon water.
  Prepare remaining artichokes in same manner. Simmer artichokes in boiling
  water 5 minutes, or until almost tender, and drain in a colander.
  Artichokes may be prepared up to this point 1 day ahead, cooled completely,
  and chilled, rolled in damp paper towels in a sealable plastic bag.
  
  Chop pancetta and mince garlic. Fill a 6 quart kettle three fourths full
  with water and bring to a boil with salt for fettuccine.
  
  In a 12-inch deep heavy skillet cook pancetta in oil over moderate heat,
  stirring occasionally, until crisp and with a slotted spoon transfer to a
  bowl. Discard fat from skillet.
  
  In skillet heat butter over moderate heat until foam subsides and cook
  artichokes, stirring occasionally, until golden, about 5 minutes. Add
  garlic and cook, stirring, 1 minute. Add wine and simmer, stirring and
  scraping up brown bits, 1 minute.
  
  Cook fettuccine in boiling water until al dente. Reserve 1 cup pasta
  cooking liquid and drain pasta in colander. Add reserved pasta cooking
  liquid to artichoke mixture and bring to a boil. Add pasta, pancetta,
  Parmesan, parsley, and lemon juice, tossing to combine well.
  
  Yield: 6 first course servings
  
  Recipe by: Cooking Live Show #CL9081
  
  Posted to MC-Recipe Digest by "Angele and Jon Freeman"
  &lt;jfreeman@comteck.com&gt; on Apr 4, 1998
 
</step></directions></recipe></recipeml>
