<?xml version="1.0" encoding="UTF-8"?>

<recipeml version="0.5">
  <recipe>
    <head>
      <title>Artichokes Cooked in Marinade</title>
      <categories>
        <cat>Vegetables</cat></categories>
      <yield>1</yield></head>
    <ingredients>
      <ing>
        <amt>
          <qty>4</qty>
          <unit/></amt>
        <item>Whole artichokes</item></ing>
      <ing>
        <amt>
          <qty>4</qty>
          <unit>tablespoons</unit></amt>
        <item>Red wine vinegar</item></ing>
      <ing>
        <amt>
          <qty>4</qty>
          <unit>teaspoons</unit></amt>
        <item>Olive oil</item></ing>
      <ing>
        <amt>
          <qty>2</qty>
          <unit/></amt>
        <item>Garlic cloves -- cut in</item></ing>
      <ing>
        <amt>
          <qty/>
          <unit/></amt>
        <item>Half</item></ing>
      <ing>
        <amt>
          <qty>8</qty>
          <unit/></amt>
        <item>Peppercorns</item></ing>
      <ing>
        <amt>
          <qty>1</qty>
          <unit>dash</unit></amt>
        <item>Salt</item></ing></ingredients>
    <directions>
      <step>  Trim artichoke stems flat and pull off any bruised outer leaves.  Cut off
  top third of artichoke and trim ends of remaining leaves. Place in pot just
  large enough to hold artichokes side by side.  Pour 1 tbsp. winegar and 1
  teaspoon olive oil over top of each artichoke. Add boiling water to cover,
  garlic, peppercorns and salt.  If artichokes float, place a heavy heatproof
  plate on top to hold them down.  Cover pot with a tight lid, and cook about
  30 minutes, until tender.  Let artichokes cool in liquid. Drain artichokes
  and cut in half lenghtwise.  Scoop out choke.  Serve warm, at room
  temperature or chilled. This is the 1st message I've ever sent so I'm sorry
  about any mistakes I've made! Kathy
  
  Recipe By     : Kathy Oldenburg &lt;kathy654@delphi.com&gt;
  
  File ftp://ftp.idiscover.co.uk/pub/food/mealmaster/recipes/mmdja006.zip
 
</step></directions></recipe></recipeml>
