<?xml version="1.0" encoding="UTF-8"?>

<recipeml version="0.5">
  <recipe>
    <head>
      <title>Artichoke Filling</title>
      <categories>
        <cat>Fillings</cat></categories>
      <yield>1</yield></head>
    <ingredients>
      <ing>
        <amt>
          <qty/>
          <unit/></amt>
        <item>See below</item></ing></ingredients>
    <directions>
      <step>  Cook 1 pack (9 oz) frozen artichoke hearts until soft following pack
  
  directions.  Drain. Combine 2 oz Neufchatel cheese, 1/2 small chopped
  onion, 2 tsp. lemon juice, 1/8 tsp. liquid red pepperseasoning &amp;
  drained artichoke hearts in food processor. Whirl until smooth &amp;
  blended.
  
  File ftp://ftp.idiscover.co.uk/pub/food/mealmaster/recipes/mmkah001.zip
 
</step></directions></recipe></recipeml>
