<?xml version="1.0" encoding="UTF-8"?>

<recipeml version="0.5">
  <recipe>
    <head>
      <title>Artichoke and Spinach Stuffed Shells</title>
      <categories>
        <cat>Pasta</cat></categories>
      <yield>6</yield></head>
    <ingredients>
      <ing>
        <amt>
          <qty>1</qty>
          <unit>package</unit></amt>
        <item>Frozen spinach; chopped and thawed</item></ing>
      <ing>
        <amt>
          <qty>1</qty>
          <unit>cup</unit></amt>
        <item>Frozen artichokes; thawed</item></ing>
      <ing>
        <amt>
          <qty>12</qty>
          <unit/></amt>
        <item>Pasta shells; jumbo, uncooked</item></ing>
      <ing>
        <amt>
          <qty>1</qty>
          <unit>cup</unit></amt>
        <item>Ricotta cheese; part skim milk</item></ing>
      <ing>
        <amt>
          <qty>2</qty>
          <unit>tablespoons</unit></amt>
        <item>Basil; chopped</item></ing>
      <ing>
        <amt>
          <qty>1</qty>
          <unit>tablespoon</unit></amt>
        <item>Parsley; chopped</item></ing>
      <ing>
        <amt>
          <qty>1/4</qty>
          <unit>teaspoons</unit></amt>
        <item>Salt</item></ing>
      <ing>
        <amt>
          <qty>2</qty>
          <unit>tablespoons</unit></amt>
        <item>Lemon juice</item></ing>
      <ing>
        <amt>
          <qty>1/3</qty>
          <unit>cups</unit></amt>
        <item>Nonfat sour cream</item></ing>
      <ing>
        <amt>
          <qty>2</qty>
          <unit>cans</unit></amt>
        <item>Stewed tomatoes; undrained and chopped</item></ing>
      <ing>
        <amt>
          <qty>8</qty>
          <unit>ounces</unit></amt>
        <item>Tomato sauce</item></ing>
      <ing>
        <amt>
          <qty>2</qty>
          <unit>tablespoons</unit></amt>
        <item>Cornstarch</item></ing>
      <ing>
        <amt>
          <qty>1 1/2</qty>
          <unit>tablespoons</unit></amt>
        <item>Basil; chopped</item></ing>
      <ing>
        <amt>
          <qty/>
          <unit/></amt>
        <item>Vegetable cooking spray</item></ing>
      <ing>
        <amt>
          <qty/>
          <unit/></amt>
        <item>Basil sprigs; optional</item></ing></ingredients>
    <directions>
      <step>  From: kmeade@ids2.idsonline.com (The Meades)
  
  Date: Mon, 1 Jul 1996 16:55:21 -0400
  Recipe By: Cooking Light 1994, p. 143
  
  Cook spinach and artichoke hearts according to package directions, omitting
  salt; drain well. Chop artichoke hearts, and set aside.
  
  Cook shells according to package and set separately on a piece of wax
  paper.
  
  Position knife blade in food processor bowl; add spinach, ricotta cheese,
  and next 4 ingredients.  Process 30 seconds or until smooth. Transfer to a
  bowl; stir in choped artichokes and sour cream.
  
  Combine stewed tomatoes, tomato sauce, cornstarch, and 1-1/2 tablespons
  basil in a saucepan; stir well.  Cook over medium heat until thickened,
  stirring frequently.  Spoon 1 cup tomato mixture in botton of an 1 x 7 x
  1/2-inch baking dish coated with cooking spray.
  
  Spoon spinach mixture evenly into shells.  Place shells on sauce in baking
  dish.  Spoon remaining sauce on top of the shells.   Bake uncovered at 350x
  for 30 minutes or until bubbling.  Garnish with basil sprigs, if desired.
  
  MC-Recipe Digest V1 #136
  
  From the MasterCook recipe list.  Downloaded from Glen's MM Recipe Archive,
  http://www.erols.com/hosey.
 
</step></directions></recipe></recipeml>
