<?xml version="1.0" encoding="UTF-8"?>

<recipeml version="0.5">
  <recipe>
    <head>
      <title>Artichoke Heart Salad with Asiago Cheese</title>
      <categories>
        <cat>Artichoke</cat>
        <cat>Salad</cat></categories>
      <yield>4</yield></head>
    <ingredients>
      <ing>
        <amt>
          <qty>2</qty>
          <unit>large</unit></amt>
        <item>Artichokes</item></ing>
      <ing>
        <amt>
          <qty>1</qty>
          <unit>large</unit></amt>
        <item>Orange; juiced</item></ing>
      <ing>
        <amt>
          <qty>1</qty>
          <unit>medium</unit></amt>
        <item>Fennel bulb</item></ing>
      <ing>
        <amt>
          <qty>1</qty>
          <unit>small</unit></amt>
        <item>Red onion</item></ing>
      <ing>
        <amt>
          <qty>1</qty>
          <unit/></amt>
        <item>Orange; peeled, seeded and sliced</item></ing>
      <ing>
        <amt>
          <qty>2</qty>
          <unit/></amt>
        <item>Cloves garlic; finely chopped</item></ing>
      <ing>
        <amt>
          <qty>1</qty>
          <unit>tablespoon</unit></amt>
        <item>Chopped fresh tarragon</item></ing>
      <ing>
        <amt>
          <qty>2</qty>
          <unit>teaspoons</unit></amt>
        <item>Extra-virgin olive oil</item></ing>
      <ing>
        <amt>
          <qty>1</qty>
          <unit/></amt>
        <item>Pinches chili flakes</item></ing>
      <ing>
        <amt>
          <qty/>
          <unit/></amt>
        <item>Salt; to taste</item></ing>
      <ing>
        <amt>
          <qty>8</qty>
          <unit/></amt>
        <item>Leaves butter lettuce</item></ing>
      <ing>
        <amt>
          <qty>1</qty>
          <unit>ounce</unit></amt>
        <item>Asiago cheese; grated OR shaved with a vegetable peeler</item></ing></ingredients>
    <directions>
      <step>  Prep time: 30 minutes
  
  Artichoke hearts. Using a very sharp paring knife, cut away all the leaves
  and the choke to get to the heart; discard outer leaves, choke and thistle.
  
  Thinly slice raw hearts and place them in a bowl with orange juice.
  
  Remove outer leaves and top, feathery parts of fennel. Remove onion skin
  and cut off both ends of onion. Slice fennel and onions paper thin, and add
  to raw hearts. Add orange slices, garlic, tarragon, olive oil and chili
  flakes, and season with salt to taste. Allow to stand at room temperature
  for 15 minutes. Retoss and serve on leaves of butter lettuce. Top with
  Asiago cheese shavings.
  
  Per serving: 159 calories, 28% fat (4.9g), 51% carbs, 21% protein.
  
  &gt;recipe from SHAPE Cooks Spring 1998. &gt;form kitpath to eatlf cookbooks on
  98Feb
  
  Notes: Artichoke hearts, served raw in the Mediterranean style, "cooked" in
  orange juice and tossed in a salad with fennel; serve as a complement to
  salty meats or cheeses. Jesse Cool, chef-owner of Flea Street Cafe, Menlo
  Park, CA. Author of: Onions: A Country Garden Cookbook (1995); Tomatoes
  (1994); Breakfast in Bed (1997).
  
  Recipe by: Jesse Cool for SHAPE
  
  Posted to EAT-LF Digest by KitPATh &lt;phannema@wizard.ucr.edu&gt; on Feb 16,
  1998
 
</step></directions></recipe></recipeml>
