<?xml version="1.0" encoding="UTF-8"?>

<recipeml version="0.5">
  <recipe>
    <head>
      <title>Artichoke Dip</title>
      <categories>
        <cat>Appetizers</cat></categories>
      <yield>1</yield></head>
    <ingredients>
      <ing>
        <amt>
          <qty>2</qty>
          <unit>cans</unit></amt>
        <item>Artichokes (water packed); drained</item></ing>
      <ing>
        <amt>
          <qty>1 1/2</qty>
          <unit>cups</unit></amt>
        <item>Mayonnaise (may use nonfat)</item></ing>
      <ing>
        <amt>
          <qty>4</qty>
          <unit/></amt>
        <item>Garlic cloves (at least); minced</item></ing>
      <ing>
        <amt>
          <qty>1</qty>
          <unit>teaspoon</unit></amt>
        <item>Oregano</item></ing>
      <ing>
        <amt>
          <qty>1/2</qty>
          <unit>teaspoons</unit></amt>
        <item>Rosemary</item></ing>
      <ing>
        <amt>
          <qty/>
          <unit>dashes</unit></amt>
        <item>Tabasco sauce</item></ing>
      <ing>
        <amt>
          <qty>1 1/2</qty>
          <unit>cups</unit></amt>
        <item>Parmesan cheese; grated</item></ing></ingredients>
    <directions>
      <step>  1) Break artichokes up into small pieces. 2) Add rest of ingredients and
  toss (like "chicken salad") 3) Salt and pepper to taste. 4)Place in baking
  dish (9 x 9 or 7 x 11). Sprinkle with additional cheese. 5)Bake 25 minutes
  @ 350
  Recipe By     : Jette Monahan
  
  Posted to MC-Recipe Digest V1 #236
  
  Date: Tue, 08 Oct 1996 16:49:04 -0700
  
  From: Steph Hilt &lt;stephie@olympus.net&gt;
  
  NOTES : Serve with warm, thinly sliced sourdough baguettes. Mmmm...!
 
</step></directions></recipe></recipeml>
