<?xml version="1.0" encoding="UTF-8"?>

<recipeml version="0.5">
  <recipe>
    <head>
      <title>Artichoke Dip Appetizer</title>
      <categories>
        <cat>Dips</cat></categories>
      <yield>10</yield></head>
    <ingredients>
      <ing>
        <amt>
          <qty>8</qty>
          <unit>ounces</unit></amt>
        <item>Cream cheese</item></ing>
      <ing>
        <amt>
          <qty>12</qty>
          <unit>ounces</unit></amt>
        <item>Mozzarella cheese --</item></ing>
      <ing>
        <amt>
          <qty/>
          <unit/></amt>
        <item>Shredded</item></ing>
      <ing>
        <amt>
          <qty>1</qty>
          <unit>cup</unit></amt>
        <item>Mayonnaise</item></ing>
      <ing>
        <amt>
          <qty>1</qty>
          <unit>cup</unit></amt>
        <item>Grated parmesan cheese</item></ing>
      <ing>
        <amt>
          <qty>1</qty>
          <unit/></amt>
        <item>Onion -- finely chopped</item></ing>
      <ing>
        <amt>
          <qty>2</qty>
          <unit/></amt>
        <item>Cloves garlic -- finely</item></ing>
      <ing>
        <amt>
          <qty/>
          <unit/></amt>
        <item>Chopped</item></ing>
      <ing>
        <amt>
          <qty>2</qty>
          <unit>small</unit></amt>
        <item>Jars marinated artichoke</item></ing>
      <ing>
        <amt>
          <qty/>
          <unit/></amt>
        <item>Hearts, DRAIN WELL</item></ing>
      <ing>
        <amt>
          <qty>2</qty>
          <unit/></amt>
        <item>Bags pita bread</item></ing></ingredients>
    <directions>
      <step>  The following appetizer is sure to be a crowd pleaser.  I have never taken
  it anywhere without being asked for the recipe:
  
  Tear artichokes apart with your fingers.
  
  Cut up pita bread into chip size triangles, seperate and bake on a cookie
  sheet until crispy (approx 5 minutes).
  
  Combine all other ingredients and mash (a KitchenAid mixer works great).
  
  Bake in a uncovered casserole dish for approx 30 minutes @ 350 or until
  bubbly.
  
  Serve hot out of the oven and scoop up dip with pita bread. If  you  intend
  to take  this  to  a  party  or are having friends over be prepared to
  recite this recipe a number of times.  My wife and I bring xerox copies
  with us!
  
  jbilos@labs-n.bbn.com (John Bilos) Bolt Beranek and Newman Inc., Cambridge
  MA
  
  Posted to EAT-L Digest - 24 Jun 96
  
  Date:    Tue, 25 Jun 1996 15:19:54 -0700
  
  From:    Garry Howard &lt;g.howard@IX.NETCOM.COM&gt;
  
  Recipe By     : jbilos@labs-n.bbn.com (John Bilos)
 
</step></directions></recipe></recipeml>
