<?xml version="1.0" encoding="UTF-8"?>

<recipeml version="0.5">
  <recipe>
    <head>
      <title>Artichoke and Roasted Red Pepper Frittata</title>
      <categories>
        <cat>New</cat>
        <cat>Text</cat>
        <cat>Import</cat></categories>
      <yield>1</yield></head>
    <ingredients>
      <ing>
        <amt>
          <qty>2</qty>
          <unit>cups</unit></amt>
        <item>Red Onions; thinly sliced</item></ing>
      <ing>
        <amt>
          <qty>2</qty>
          <unit>tablespoons</unit></amt>
        <item>Butter Or Olive Oil</item></ing>
      <ing>
        <amt>
          <qty>10</qty>
          <unit>ounces</unit></amt>
        <item>Frozen Artichoke Hearts; thawed and quartered</item></ing>
      <ing>
        <amt>
          <qty>2</qty>
          <unit>large</unit></amt>
        <item>Red Bell Peppers;; roasted, seeded and</item></ing>
      <ing>
        <amt>
          <qty>2</qty>
          <unit>tablespoons</unit></amt>
        <item>Minced Fresh Herbs; *see notes</item></ing>
      <ing>
        <amt>
          <qty>6</qty>
          <unit>large</unit></amt>
        <item>Eggs; lightly beaten</item></ing>
      <ing>
        <amt>
          <qty>1/4</qty>
          <unit>cups</unit></amt>
        <item>Crumbled Feta Cheese</item></ing>
      <ing>
        <amt>
          <qty/>
          <unit/></amt>
        <item>Salt And Freshly Ground Pepper; to taste</item></ing></ingredients>
    <directions>
      <step>  Oven 350ø F.
  
  In a 9 or 10-inch non-stick oven proof skillet, sautJ onions in butter
  until softened and just beginning to color. Add artichoke hearts and
  continue to cook for a minute or two longer. Add red pepper, herbs, eggs,
  cheese, salt and pepper and stir until eggs just begin to set. Gently lift
  frittata and tilt skillet to evenly distribute any uncooked eggs.
  
  Place in a preheated 375 degree oven (or under a broiler at least 3 inches
  from heat) and cook until top is just set. Run a rubber or wooden spatula
  around skillet to loosen frittata and invert onto a serving plate. Serve
  warm or at room temperature.
  
  Yield: 4-6 as an appetizer
  
        Copyright, 1996, TV FOOD NETWORK, G.P., All Rights Reserved
  Recipe By     : COOKING RIGHT SHOW #CR9746
  
  Posted to MC-Recipe Digest V1 #268
  
  Date: Tue, 29 Oct 1996 16:27:38 -0500 (EST)
  
  From: Bill Spalding &lt;billspa@icanect.net&gt;
  
  NOTES : Show 10/24 *Dill, tarragon, chives, chervil, parsley or a
  combination.
 
</step></directions></recipe></recipeml>
