<?xml version="1.0" encoding="UTF-8"?>

<recipeml version="0.5">
  <recipe>
    <head>
      <title>Artichokes W/sauce Dijon</title>
      <categories>
        <cat>Vegetable</cat></categories>
      <yield>6</yield></head>
    <ingredients>
      <ing>
        <amt>
          <qty>1</qty>
          <unit/></amt>
        <item>Egg</item></ing>
      <ing>
        <amt>
          <qty>1</qty>
          <unit>tablespoon</unit></amt>
        <item>Dijon mustard</item></ing>
      <ing>
        <amt>
          <qty>1</qty>
          <unit>tablespoon</unit></amt>
        <item>White wine vinegar</item></ing>
      <ing>
        <amt>
          <qty>1/2</qty>
          <unit>teaspoons</unit></amt>
        <item>Prepared horseradish</item></ing>
      <ing>
        <amt>
          <qty>1/4</qty>
          <unit>teaspoons</unit></amt>
        <item>Sugar</item></ing>
      <ing>
        <amt>
          <qty>1/8</qty>
          <unit>teaspoons</unit></amt>
        <item>Pepper</item></ing>
      <ing>
        <amt>
          <qty>3/4</qty>
          <unit>cups</unit></amt>
        <item>Olive oil</item></ing>
      <ing>
        <amt>
          <qty>1 1/2</qty>
          <unit>tablespoons</unit></amt>
        <item>Parsley; chopped</item></ing>
      <ing>
        <amt>
          <qty>4</qty>
          <unit>cans</unit></amt>
        <item>(7.5-oz) artichoke bottoms; drained</item></ing>
      <ing>
        <amt>
          <qty>2</qty>
          <unit>tablespoons</unit></amt>
        <item>Parmesan cheese</item></ing></ingredients>
    <directions>
      <step>  Place egg, mustard, vinegar, horseradish, sugar,pepper and garlic, in
  blender or food processor. Process until smooth. With motor running, slowly
  add oil in steady stream, as if making mayonnaise. Process until smooth and
  frothy. Transfer to bowl, stir in parsley and adjust seasoning to taste.
  Place artichoke bottoms in shallow baking dish with hollow side up. Spoon
  some sauce into each one. Sprinkle with cheese. Broil 4 inches from heat
  for 5-6 minutes until sauce is golden and bubbly. Serve immediately.
  
  MUSTARD SAUCE SPRUCES UP
  
  CANNED ARTICHOKE BOTTOMS.
  
  From the &lt;Micro Cookbook Collection of Contemporary Recipes&gt;.  Downloaded
  from Glen's MM Recipe Archive, http://www.erols.com/hosey.
 
</step></directions></recipe></recipeml>
