<?xml version="1.0" encoding="UTF-8"?>

<recipeml version="0.5">
  <recipe>
    <head>
      <title>Artichoke Fritters</title>
      <categories>
        <cat>Breads</cat></categories>
      <yield>6</yield></head>
    <ingredients>
      <ing>
        <amt>
          <qty>1/2</qty>
          <unit>pounds</unit></amt>
        <item>Artichoke hearts, cooked and diced</item></ing>
      <ing>
        <amt>
          <qty>4</qty>
          <unit/></amt>
        <item>Eggs, separated</item></ing>
      <ing>
        <amt>
          <qty>1</qty>
          <unit>teaspoon</unit></amt>
        <item>Baking powder</item></ing>
      <ing>
        <amt>
          <qty>3</qty>
          <unit/></amt>
        <item>Green onions, chopped (green parts only)</item></ing>
      <ing>
        <amt>
          <qty>1</qty>
          <unit>tablespoon</unit></amt>
        <item>Grated lemon peel</item></ing>
      <ing>
        <amt>
          <qty>1/2</qty>
          <unit>cups</unit></amt>
        <item>Flour</item></ing>
      <ing>
        <amt>
          <qty/>
          <unit/></amt>
        <item>Salt and pepper to taste</item></ing>
      <ing>
        <amt>
          <qty>1</qty>
          <unit>tablespoon</unit></amt>
        <item>Cornstarch</item></ing>
      <ing>
        <amt>
          <qty>4</qty>
          <unit>cups</unit></amt>
        <item>Oil for frying, Peanut or corn oil</item></ing></ingredients>
    <directions>
      <step>  Place artichoke hearts in a large bowl and stir in egg yolks and baking
  powder.  Add green onion.  Fold in lemon peel. Mix in flour, salt and
  pepper. In a separate bowl, beat egg whites and cornstarch together until
  peaks form. Fold egg whites into artichoke mixture. Heat oil to 360
  degrees.  With a tablespoon, drop half dollar sized dollops of fritter
  batter into oil. Fry until golden brown, maintaining oil at 360 degrees.
  Remove fritters with a slotted spoon and drain on paper towels. See recipes
  for Sfuzzi's Asparagus Mushroom Salad and Basil Vinaigrette.
  
  From Gemini's MASSIVE MealMaster collection at www.synapse.com/~gemini
 
</step></directions></recipe></recipeml>
