<?xml version="1.0" encoding="UTF-8"?>

<recipeml version="0.5">
  <recipe>
    <head>
      <title>Artichoke Ham Bites</title>
      <categories>
        <cat>Army times</cat>
        <cat>Family &amp; fr</cat></categories>
      <yield>1</yield></head>
    <ingredients>
      <ing>
        <amt>
          <qty>8 1/2</qty>
          <unit>ounces</unit></amt>
        <item>Artichoke hearts; canned, drained</item></ing>
      <ing>
        <amt>
          <qty>1/2</qty>
          <unit>cups</unit></amt>
        <item>Italian salad dressing</item></ing>
      <ing>
        <amt>
          <qty>6</qty>
          <unit>ounces</unit></amt>
        <item>Ham; sliced</item></ing></ingredients>
    <directions>
      <step>  Drain artichoke heats well. cut each in half lengthwise. Marinate in
  dressing for at least 4 hours or overnight. (Use the oil and vinegar type
  of Italian dressing, not the red kind.)
  
  Cut ham slices into 1 1/2 by 3 inch strips. Wrap 1 stripe around each
  artichoke heart peice. Spear with wooden toothpicks to secure ham. (to
  prevent picks from browning, soak them in water for at least an hour before
  inserting into articoke biters).
  
  Bake in 425 degree oven for 10 minutes. Sprinkle with paprika if you wish.
  serve hot
  
  Recipe by: old magazine clipping
  
  Posted to MC-Recipe Digest by "abprice@wf.net" &lt;abprice@wf.net&gt; on Apr 13,
  1998
 
</step></directions></recipe></recipeml>
