<?xml version="1.0" encoding="UTF-8"?>

<recipeml version="0.5">
  <recipe>
    <head>
      <title>Artichoke Dip #3</title>
      <categories>
        <cat>Dip</cat></categories>
      <yield>8</yield></head>
    <ingredients>
      <ing>
        <amt>
          <qty>1/2</qty>
          <unit>cups</unit></amt>
        <item>Nonfat sour cream</item></ing>
      <ing>
        <amt>
          <qty>3</qty>
          <unit>tablespoons</unit></amt>
        <item>Grated Parmesan cheese</item></ing>
      <ing>
        <amt>
          <qty>2</qty>
          <unit/></amt>
        <item>Scallions; cut in chunks</item></ing>
      <ing>
        <amt>
          <qty>1</qty>
          <unit/></amt>
        <item>Clove (small) garlic; chopped</item></ing>
      <ing>
        <amt>
          <qty>1</qty>
          <unit>can</unit></amt>
        <item>(14-oz) artichoke hearts; rinsed; drained</item></ing></ingredients>
    <directions>
      <step>  Date: Tue, 5 Mar 1996 12:12:51 -0500
  
  From: TexGQ24@aol.com
  Process sour cream, Parmesan cheese, scallions and garlic in a food
  processor or blender until blended. Add artichokes and process just until
  finely chopped. Makes 1-3/4 cups.
  
  Per 2 tablespoons: 18 cal, 1 g pro, 2 g car, 0 g fat, 1 mg chol, 26 mg sod.
  
  FATFREE DIGEST V96 #64
  
  From the Fatfree Vegetarian recipe list.  Downloaded from Glen's MM Recipe
  Archive, http://www.erols.com/hosey.
 
</step></directions></recipe></recipeml>
