<?xml version="1.0" encoding="UTF-8"?>

<recipeml version="0.5">
  <recipe>
    <head>
      <title>Artichokes with Butter Sauce</title>
      <categories>
        <cat>Microwave</cat>
        <cat>Vegetables</cat></categories>
      <yield>4</yield></head>
    <ingredients>
      <ing>
        <amt>
          <qty>4</qty>
          <unit>medium</unit></amt>
        <item>Artichokes</item></ing>
      <ing>
        <amt>
          <qty>1/4</qty>
          <unit>cups</unit></amt>
        <item>Water</item></ing>
      <ing>
        <amt>
          <qty>1</qty>
          <unit>tablespoon</unit></amt>
        <item>Vegetable oil</item></ing>
      <ing>
        <amt>
          <qty>1</qty>
          <unit>teaspoon</unit></amt>
        <item>Lemon juice</item></ing>
      <ing>
        <amt>
          <qty>1</qty>
          <unit>tablespoon</unit></amt>
        <item>Lemon juice</item></ing>
      <ing>
        <amt>
          <qty>1/2</qty>
          <unit>cups</unit></amt>
        <item>Butter</item></ing>
      <ing>
        <amt>
          <qty>1/2</qty>
          <unit>teaspoons</unit></amt>
        <item>Garlic powder</item></ing></ingredients>
    <directions>
      <step>  Slice 1 inch from top of artichokes. Cut stem even with base. With kitchen
  shears, snip off sharp tips. Wash thoroughly. Place upside down in a baking
  dish. Combine water, oil and lemon juice. Pour over artichokes. Cover with
  plastic wrap. Microwave at high (100%) until base is tender, 16 to 18
  minutes. Remove plastic wrap. Turn right side up. Recover. Let stand 5
  minutes. Place butter in a 1 cup measure. Microwave at high (100%) until
  melted, 30 to 45 seconds. Stir in lemon juice and garlic powder. Serve with
  artichokes.
  
  Recipe by: diane@keyway.net
  
  Posted to recipelu-digest Volume 01 Number 646 by Diane Geary
  &lt;diane@keyway.net&gt; on Jan 30, 1998
 
</step></directions></recipe></recipeml>
