<?xml version="1.0" encoding="UTF-8"?>

<recipeml version="0.5">
  <recipe>
    <head>
      <title>Artichoke Dip #6</title>
      <categories>
        <cat>Dip</cat></categories>
      <yield>8</yield></head>
    <ingredients>
      <ing>
        <amt>
          <qty>2</qty>
          <unit>cans</unit></amt>
        <item>Artichoke hearts; chopped</item></ing>
      <ing>
        <amt>
          <qty>1</qty>
          <unit>cup</unit></amt>
        <item>Mayonnaise (not Miracle Whip)</item></ing>
      <ing>
        <amt>
          <qty>1</qty>
          <unit>cup</unit></amt>
        <item>Parmesan cheese</item></ing>
      <ing>
        <amt>
          <qty>From:</qty>
          <unit/></amt>
        <item>Elyse Nathanson &lt;JordanzMom@AOL.COM&gt;</item></ing>
      <ing>
        <amt>
          <qty>Date:</qty>
          <unit/></amt>
        <item>Wed, 26 Jun 1996 09:45:30 -0400</item></ing></ingredients>
    <directions>
      <step>  I usually sprinkle a little extra Parmesan cheese and some paprika on the
  top.
  
  Combine everything (I put this is a quiche dish or pie plate) and bake at
  350 degrees for about 30 minutes, or until bubbly and the top starts to
  lightly brown.
  
  I serve it with Wheat Thins crackers.
  
  This is ALWAYS the first dish gone at parties.
  
  EAT-L Digest 25 June 1996
  
  From the EAT-L recipe list.  Downloaded from Glen's MM Recipe Archive,
  http://www.erols.com/hosey.
 
</step></directions></recipe></recipeml>
