<?xml version="1.0" encoding="UTF-8"?>

<recipeml version="0.5">
  <recipe>
    <head>
      <title>Artichoke and Fennel Tart</title>
      <categories>
        <cat>None</cat></categories>
      <yield>6</yield></head>
    <ingredients>
      <ing-div>
        <title>CRUST</title>
        <ing>
          <amt>
            <qty>2/3</qty>
            <unit>cups</unit></amt>
          <item>Millet</item></ing>
        <ing>
          <amt>
            <qty>1</qty>
            <unit>cup</unit></amt>
          <item>Short-grained brown rice</item></ing>
        <ing>
          <amt>
            <qty>1/3</qty>
            <unit>cups</unit></amt>
          <item>Wild rice</item></ing>
        <ing>
          <amt>
            <qty>3 1/3</qty>
            <unit>cups</unit></amt>
          <item>Vegetable broth or water</item></ing></ing-div>
      <ing-div>
        <title>TOPPING</title>
        <ing>
          <amt>
            <qty>1</qty>
            <unit>teaspoon</unit></amt>
          <item>Mustard seeds</item></ing>
        <ing>
          <amt>
            <qty>1</qty>
            <unit>tablespoon</unit></amt>
          <item>Toasted sesame oil</item></ing>
        <ing>
          <amt>
            <qty>3</qty>
            <unit>cups</unit></amt>
          <item>Chopped fennel bulbs (2 medium)</item></ing>
        <ing>
          <amt>
            <qty>3</qty>
            <unit>tablespoons</unit></amt>
          <item>Minced fennel fronds</item></ing>
        <ing>
          <amt>
            <qty>1/2</qty>
            <unit>cups</unit></amt>
          <item>Vegetable stock or water</item></ing>
        <ing>
          <amt>
            <qty>2 1/4</qty>
            <unit>cups</unit></amt>
          <item>Roasted and diced red bell peppers (3 medium)</item></ing>
        <ing>
          <amt>
            <qty>1</qty>
            <unit>can</unit></amt>
          <item>(15 oz) diced artichoke bottoms, drained, rinsed and diced, or 5 large artichokes</item></ing>
        <ing>
          <amt>
            <qty>1</qty>
            <unit>tablespoon</unit></amt>
          <item>Chopped fresh thyme ( 1 tsp. dried)</item></ing>
        <ing>
          <amt>
            <qty>1</qty>
            <unit>tablespoon</unit></amt>
          <item>Chopped fresh dill (1 tsp. dried)</item></ing>
        <ing>
          <amt>
            <qty>2</qty>
            <unit>tablespoons</unit></amt>
          <item>Capers</item></ing>
        <ing>
          <amt>
            <qty>1</qty>
            <unit>pound</unit></amt>
          <item>Firm tofu drained</item></ing>
        <ing>
          <amt>
            <qty>2 1/2</qty>
            <unit>tablespoons</unit></amt>
          <item>Arrowroot powder; or cornstarch</item></ing>
        <ing>
          <amt>
            <qty>2/3</qty>
            <unit>cups</unit></amt>
          <item>Water</item></ing>
        <ing>
          <amt>
            <qty>1 1/2</qty>
            <unit>tablespoons</unit></amt>
          <item>Light miso</item></ing>
        <ing>
          <amt>
            <qty>2</qty>
            <unit>tablespoons</unit></amt>
          <item>Umeboshi plum vinegar or lemon juice</item></ing></ing-div>
      <ing-div>
        <title>GARNISH</title>
        <ing>
          <amt>
            <qty/>
            <unit/></amt>
          <item>Roasted red bell pepper in five pointed star</item></ing></ing-div></ingredients>
    <directions>
      <step>  SOURCE: Vegetarian Country is a cooking and entertainment TV show,
  currently on public access television.
  
  Crust: Toast millet in heavy saucepan over moderate heat until darkened.
  Add brown rice, wild rice, stock or water; bring to a boil. Reduce heat to
  low and simmer until water is absorbed and rice is soft, about 50 minutes.
  Oil or line with parchment a 10 by 15 by 1 inch baking tray or, use a round
  tray. Spread rice mixture evenly over the tray and pack down with a spatula
  or spoon.
  
  Topping: Warm mustard seeds and 1 teaspoon of the toasted sesame oil in a
  large nonstick pan over moderate heat. Cover and cook until seeds sputter
  and turn gray. Add fennel and stir-fry for 2-3 minutes. Add 1/4 cup of the
  stock or water and cook until it evaporates.
  
  Add bell peppers, artichokes, thyme, dill, and remaining 1/4 cup of stock
  or water. Cook until liquid evaporates. Sprinkle with capers.
  
  Preheat oven to 375 degrees F. In a food processor, combine tofu, arrowroot
  powder or cornstarch, water, miso, lemon juice, or vinegar, remaining 2
  teaspoons of toasted sesame oil; process until smooth. Salt and pepper to
  taste.
  
  Pour tofu mixture into artichoke mixture and combine gently. Spread evenly
  over the rice. Bake 45 to 50 minutes, or until topping is firm and browned.
  Cool 10 minutes before slicing. VEGAN
  
  Per Serving: 296 CAL.; 15G PROT.; 9G FAT (27 % CFF) ; 37G CARB.; 0
  CHOL.;140 MG SOD.; 6G FIBER. Posted to Digest eat-lf.v097.n209 by "Tina D.
  Bell" &lt;tdbell@altair.csustan.edu&gt; on Aug 18, 1997
 
</step></directions></recipe></recipeml>
