<?xml version="1.0" encoding="UTF-8"?>

<recipeml version="0.5">
  <recipe>
    <head>
      <title>Artichokes with Mustard Sauce</title>
      <categories>
        <cat>Appetizers</cat>
        <cat>Sauces</cat>
        <cat>Syd's book</cat></categories>
      <yield>4</yield></head>
    <ingredients>
      <ing-div>
        <title/>
        <ing>
          <amt>
            <qty>4</qty>
            <unit/></amt>
          <item>Large Artichokes</item></ing>
        <ing>
          <amt>
            <qty>1</qty>
            <unit/></amt>
          <item>Clove Garlic</item></ing>
        <ing>
          <amt>
            <qty>1/2</qty>
            <unit>cups</unit></amt>
          <item>Vinegar</item></ing>
        <ing>
          <amt>
            <qty>1/4</qty>
            <unit>cups</unit></amt>
          <item>Oil</item></ing></ing-div>
      <ing-div>
        <title>MUSTARD SAUCE</title>
        <ing>
          <amt>
            <qty>1/3</qty>
            <unit>x</unit></amt>
          <item>Butter</item></ing>
        <ing>
          <amt>
            <qty>1/3</qty>
            <unit>x</unit></amt>
          <item>Mayonnaise</item></ing>
        <ing>
          <amt>
            <qty>1/3</qty>
            <unit>x</unit></amt>
          <item>Mustard</item></ing>
        <ing>
          <amt>
            <qty>1/2</qty>
            <unit>teaspoons</unit></amt>
          <item>Salt</item></ing>
        <ing>
          <amt>
            <qty>1/4</qty>
            <unit>teaspoons</unit></amt>
          <item>Pepper</item></ing></ing-div></ingredients>
    <directions>
      <step>  Cut off top 1/4 of the artichokes.  Fill a large pot 3/4 full with warm
  water.  Add garlic, vinegar,oil and artichokes.  Cook over medium-high heat
  for 45 minutes.  Turn artichokes upside down on paper towels until drained
  and cold.  When cold, pull out center leaves, spoon out core.  Cut lemon in
  half, taking out lemon pulp.  Mix together sauce ingredients and spoon into
  hollowed out lemon halves.  Push lemon halves into the top of hollowed out
  artichokes.  Tear off artichoke leaves, dip in sauce and enjoy.  From:
  Syd's Cookbook.
  
  File ftp://ftp.idiscover.co.uk/pub/food/mealmaster/recipes/sydsbook.zip
 
</step></directions></recipe></recipeml>
