<?xml version="1.0" encoding="UTF-8"?>

<recipeml version="0.5">
  <recipe>
    <head>
      <title>Artichoke and Asparagus Salad with Strawberry Dressing</title>
      <categories>
        <cat>None</cat></categories>
      <yield>6</yield></head>
    <ingredients>
      <ing-div>
        <title>SALAD</title>
        <ing>
          <amt>
            <qty/>
            <unit/></amt>
          <item>Lettuce Leaves</item></ing>
        <ing>
          <amt>
            <qty>6</qty>
            <unit>small</unit></amt>
          <item>Artichokes; Prepared And, Cooked</item></ing>
        <ing>
          <amt>
            <qty>1</qty>
            <unit>pound</unit></amt>
          <item>Asparagus Spears; Cooked And, Chilled</item></ing>
        <ing>
          <amt>
            <qty>1/3</qty>
            <unit>cups</unit></amt>
          <item>Carrot; Shredded</item></ing>
        <ing>
          <amt>
            <qty>1/3</qty>
            <unit>cups</unit></amt>
          <item>Red Cabbage; Shredded</item></ing></ing-div>
      <ing-div>
        <title>STRAWBERRY DRESSING</title>
        <ing>
          <amt>
            <qty>1/2</qty>
            <unit>cups</unit></amt>
          <item>Buttermilk</item></ing>
        <ing>
          <amt>
            <qty>1</qty>
            <unit>cup</unit></amt>
          <item>Fresh Strawberries; Sliced</item></ing>
        <ing>
          <amt>
            <qty>2</qty>
            <unit>teaspoons</unit></amt>
          <item>Honey</item></ing>
        <ing>
          <amt>
            <qty>1/4</qty>
            <unit>teaspoons</unit></amt>
          <item>Allspice</item></ing></ing-div></ingredients>
    <directions>
      <step>  On 6 salad plates, arrange lettuce leaves Halve artichokes lengthwise;
  remove and discard center petals and fuzzy centers. Remove outer leaves of
  artichoke and reserve to use as garnish. Trim out hearts and slice thinly.
  Arrange artichoke slices on lettuce leaves with asparagus spears, shredded
  carrot and cabbage. Add a few artichoke leaves for garnish.
  
  For Dressing: In blender or food processor, measure all dressing
  ingredients. Cover and process until mixture is smooth. Yield: 1 1/4 cups
  dressing.
  
  Serving Suggestion: Prepare, cover and refrigerate salad plates up to 4
  hours before serving time. Chill dressing and spoon onto salad just before
  serving. Makes 6 salads.
  
  Nutrients Per Serving: Calories: 103; Protein: 6.6 g; Carbohydrates: 20.5
  g; Fat: 1 g; Calories from fat: 12%; Calories from saturated fat: 2%;
  Sodium: 189mg; Cholesterol: 0 mg; Dietary fiber: 5 g.
  
  Entered in MasterCook by suechef@sover.net 4/25/98
  
  Recipe by: California Artichoke Advisory Board
  
  Posted to MC-Recipe Digest by Sue &lt;suechef@sover.net&gt; on Apr 25, 1998
 
</step></directions></recipe></recipeml>
