<?xml version="1.0" encoding="UTF-8"?>

<recipeml version="0.5">
  <recipe>
    <head>
      <title>Artichokes Vinaigrette</title>
      <categories>
        <cat>Vegetables</cat></categories>
      <yield>4</yield></head>
    <ingredients>
      <ing-div>
        <title/>
        <ing>
          <amt>
            <qty>4</qty>
            <unit/></amt>
          <item>Extra-large artichokes</item></ing>
        <ing>
          <amt>
            <qty>2</qty>
            <unit>cups</unit></amt>
          <item>Concentrated lemon juice</item></ing>
        <ing>
          <amt>
            <qty>1</qty>
            <unit>tablespoon</unit></amt>
          <item>Salt</item></ing>
        <ing>
          <amt>
            <qty>1</qty>
            <unit>dash</unit></amt>
          <item>Black pepper</item></ing>
        <ing>
          <amt>
            <qty>1</qty>
            <unit>dash</unit></amt>
          <item>Dried oregano</item></ing>
        <ing>
          <amt>
            <qty>1</qty>
            <unit>dash</unit></amt>
          <item>Crushed red pepper flakes</item></ing></ing-div>
      <ing-div>
        <title>VINAIGRETTE</title>
        <ing>
          <amt>
            <qty>1</qty>
            <unit>cup</unit></amt>
          <item>Olive oil</item></ing>
        <ing>
          <amt>
            <qty>1/2</qty>
            <unit>cups</unit></amt>
          <item>White wine vinegar</item></ing>
        <ing>
          <amt>
            <qty>3</qty>
            <unit/></amt>
          <item>Garlic cloves peeled and crushed</item></ing>
        <ing>
          <amt>
            <qty>1</qty>
            <unit>dash</unit></amt>
          <item>Dried oregano</item></ing>
        <ing>
          <amt>
            <qty>1</qty>
            <unit>dash</unit></amt>
          <item>Crushed red pepper flakes</item></ing>
        <ing>
          <amt>
            <qty>1</qty>
            <unit>tablespoon</unit></amt>
          <item>Capers</item></ing>
        <ing>
          <amt>
            <qty>2</qty>
            <unit>tablespoons</unit></amt>
          <item>Chopped pimiento</item></ing>
        <ing>
          <amt>
            <qty/>
            <unit/></amt>
          <item>Salt, pepper</item></ing></ing-div></ingredients>
    <directions>
      <step>  Trim artichokes stems to 1/2 inch. Place upright in large kettle and add
  enough water to cover. Add lemon juice, 1 tablespoon salt, pepper, oregano
  and red pepper flakes. Bring to boil, reduce heat and simmer about 1 hour
  or until leaves pull easily from base of artichokes. Remove from pan and
  invert artichokes to drain thoroughly and cool. Using spoon, remove chokes
  and discard. To make vinaigrette, combine oil, vinegar, garlic, oregano,
  red pepper flakes, capers and pimiento in medium bowl. Season to taste with
  salt and pepper. Blend well. Stand artichokes upright in serving dish.
  
  From Gemini's MASSIVE MealMaster collection at www.synapse.com/~gemini
 
</step></directions></recipe></recipeml>
