<?xml version="1.0" encoding="UTF-8"?>

<recipeml version="0.5">
  <recipe>
    <head>
      <title>Artichoke and Oyster Soup</title>
      <categories>
        <cat>Cajun</cat>
        <cat>Soups</cat></categories>
      <yield>1</yield></head>
    <ingredients>
      <ing>
        <amt>
          <qty>1</qty>
          <unit/></amt>
        <item>Stick butter</item></ing>
      <ing>
        <amt>
          <qty>4</qty>
          <unit>tablespoons</unit></amt>
        <item>All-purpose flour</item></ing>
      <ing>
        <amt>
          <qty>1</qty>
          <unit>tablespoon</unit></amt>
        <item>Onions; minced</item></ing>
      <ing>
        <amt>
          <qty>1</qty>
          <unit>tablespoon</unit></amt>
        <item>Green onions; minced</item></ing>
      <ing>
        <amt>
          <qty>1</qty>
          <unit>tablespoon</unit></amt>
        <item>Celery minced</item></ing>
      <ing>
        <amt>
          <qty>1</qty>
          <unit>tablespoon</unit></amt>
        <item>Garlic; minced</item></ing>
      <ing>
        <amt>
          <qty>2</qty>
          <unit>cans</unit></amt>
        <item>Artichoke hearts; quartered*</item></ing>
      <ing>
        <amt>
          <qty>12</qty>
          <unit/></amt>
        <item>Oysters; remove any shell fragments*</item></ing>
      <ing>
        <amt>
          <qty>1</qty>
          <unit>can</unit></amt>
        <item>Mushroom stems and pieces; chopped*</item></ing>
      <ing>
        <amt>
          <qty>1/2</qty>
          <unit>cups</unit></amt>
        <item>Milk</item></ing>
      <ing>
        <amt>
          <qty>3</qty>
          <unit>cups</unit></amt>
        <item>Chicken broth</item></ing>
      <ing>
        <amt>
          <qty>2</qty>
          <unit>tablespoons</unit></amt>
        <item>Parmesan cheese; grated</item></ing>
      <ing>
        <amt>
          <qty>1/4</qty>
          <unit>cups</unit></amt>
        <item>Dry white wine</item></ing>
      <ing>
        <amt>
          <qty/>
          <unit/></amt>
        <item>Salt and pepper to taste</item></ing></ingredients>
    <directions>
      <step>  1. Heat butter in a saucepan until the foam subsides.
  
  2. Add the flour and make a white roux.
  
  3. Add the onions, green pepper, cellery and garlic and cook until they are
  wilted and clear.
  
  4. Add the milk slowly and stir or whisk constantly to keep the mixture
  smooth.
  
  5. Add the oyster liquor, mushroom and artichoke liquid and continue to
  stir or whisk the mixture.
  
  6. Add the oysters and cook until wilted and edges curled. Remove the
  oysters and chop them before returning them to the soup.
  
  7. Add the quartered artichoke hearts, oysters and chopped mushrooms to the
  soup and enough of the chicken broth to make soup consistency.
  
  8. Add salt and pepper to taste. Just before serving, add the Parmesan
  cheese and wine and let the soup simmer a few minutes longer.
  
  Notes: Reserve the liquid from the artichokes hearts, mushrooms and the
  oysters for a fuller flavoured soup.
  
  Recipe by: Festival: French-Louisiana Festival; October 13-15, 1995
  
  Posted to recipelu-digest Volume 01 Number 415 by RecipeLu
  &lt;recipelu@geocities.com&gt; on Dec 29, 1997
 
</step></directions></recipe></recipeml>
