<?xml version="1.0" encoding="UTF-8"?>

<recipeml version="0.5">
  <recipe>
    <head>
      <title>Artichokes Romas Style</title>
      <categories>
        <cat>Vegetables</cat>
        <cat>Italian</cat>
        <cat>Masterchefs</cat>
        <cat>Frisco</cat>
        <cat>Gir</cat></categories>
      <yield>4</yield></head>
    <ingredients>
      <ing>
        <amt>
          <qty>12</qty>
          <unit>small</unit></amt>
        <item>Artichokes</item></ing>
      <ing>
        <amt>
          <qty>1</qty>
          <unit>medium</unit></amt>
        <item>Lemon</item></ing>
      <ing>
        <amt>
          <qty>2</qty>
          <unit>medium</unit></amt>
        <item>Onions, quartered</item></ing>
      <ing>
        <amt>
          <qty>1</qty>
          <unit/></amt>
        <item>Garlic, clove</item></ing>
      <ing>
        <amt>
          <qty>1</qty>
          <unit>teaspoon</unit></amt>
        <item>Marjoram, dried</item></ing>
      <ing>
        <amt>
          <qty>1/4</qty>
          <unit>cups</unit></amt>
        <item>Oil, olive</item></ing>
      <ing>
        <amt>
          <qty>1</qty>
          <unit>cup</unit></amt>
        <item>Broth, chicken</item></ing>
      <ing>
        <amt>
          <qty/>
          <unit/></amt>
        <item>Salt</item></ing>
      <ing>
        <amt>
          <qty/>
          <unit/></amt>
        <item>Pepper</item></ing></ingredients>
    <directions>
      <step>       Remove the outer leaves of the artichokes, cut off the tops, and
  let the artichokes stand in cold water with juice of the lemon for 10
  minutes.
  
       Arrange the artichokes around the sides of a heavy casserole.
  Put the quartered onions in the middle.  Sprinkle with garlic,
  marjoram, broth, salt and pepper.
  
       Cover and bring to boil over high heat.  Simmer gently over low
  heat, still covered, for 20 minutes.
  
       Serve.
  
       Source: Great Chefs of San Francisco, Avon Books, 1984
       Chef:   Adriana Giramonti, Giramonti Restaurant, San Francisco, CA
  
  File ftp://ftp.idiscover.co.uk/pub/food/mealmaster/recipes/mm-gc-sf.zip
 
</step></directions></recipe></recipeml>
