<?xml version="1.0" encoding="UTF-8"?>

<recipeml version="0.5">
  <recipe>
    <head>
      <title>Artichokes</title>
      <categories>
        <cat>Low</cat>
        <cat>Fat</cat></categories>
      <yield>1</yield></head>
    <ingredients>
      <ing>
        <amt>
          <qty>1</qty>
          <unit>package</unit></amt>
        <item>10 oz frozen artichoke</item></ing>
      <ing>
        <amt>
          <qty/>
          <unit/></amt>
        <item>Hearts</item></ing>
      <ing>
        <amt>
          <qty>1/2</qty>
          <unit/></amt>
        <item>Red onion, sliced VERY thin</item></ing>
      <ing>
        <amt>
          <qty>6</qty>
          <unit/></amt>
        <item>Cloves garlic, whole</item></ing>
      <ing>
        <amt>
          <qty/>
          <unit/></amt>
        <item>Juice of lemon, divided</item></ing>
      <ing>
        <amt>
          <qty/>
          <unit/></amt>
        <item>Fresh rosemary sprig,</item></ing>
      <ing>
        <amt>
          <qty/>
          <unit/></amt>
        <item>Chopped</item></ing></ingredients>
    <directions>
      <step>  Put everything (except some reserved lemon juice) in a lidded casserole.
  Bake covered for about an hour. Uncover, add reserved lemon juice, and bake
  another 5 minutes. You will have a HARD time believing it's fat free
  because of what the garlic does - it gets all gooey!
  
  From Gemini's MASSIVE MealMaster collection at www.synapse.com/~gemini
 
</step></directions></recipe></recipeml>
