<?xml version="1.0" encoding="UTF-8"?>

<recipeml version="0.5">
  <recipe>
    <head>
      <title>Artichoke Dip #4</title>
      <categories>
        <cat>Dip</cat></categories>
      <yield>12</yield></head>
    <ingredients>
      <ing>
        <amt>
          <qty>1</qty>
          <unit>cup</unit></amt>
        <item>Mayonnaise</item></ing>
      <ing>
        <amt>
          <qty>8</qty>
          <unit>ounces</unit></amt>
        <item>Cheddar cheese; shredded</item></ing>
      <ing>
        <amt>
          <qty>8</qty>
          <unit>ounces</unit></amt>
        <item>Mozzarella cheese; shredded</item></ing>
      <ing>
        <amt>
          <qty>4</qty>
          <unit>ounces</unit></amt>
        <item>Mushrooms; sliced</item></ing>
      <ing>
        <amt>
          <qty>14</qty>
          <unit>ounces</unit></amt>
        <item>Artichoke hearts; chopped</item></ing>
      <ing>
        <amt>
          <qty>1</qty>
          <unit>teaspoon</unit></amt>
        <item>Garlic powder</item></ing>
      <ing>
        <amt>
          <qty>1/2</qty>
          <unit>cups</unit></amt>
        <item>Parmesan cheese; grated</item></ing></ingredients>
    <directions>
      <step>  Date: Thu, 14 Mar 1996 06:42:06 +1100
  
  From: sherae@zeta.org.au (Sheri McRae)
  Mix together all ingredients, except 1/4 cup parmesan cheese. Spread in a
  8x11-inch cake pan. Sprinkle with remaining parmesan cheese. Bake at 350F
  for about 30 minutes. Serve it with Ritz crackers.
  
  Variation: Spread on bagel halves and broil until bubbly and golden.
  
  Per serving: 3630 Calories; 319g Fat (77% calories from fat); 141g Protein;
  67g Carbohydrate; 602mg Cholesterol; 4726mg Sodium
  
  MC-RECIPE@MASTERCOOK.COM
  
  MASTERCOOK RECIPES LIST SERVER
  
  From the MasterCook recipe list.  Downloaded from Glen's MM Recipe Archive,
  http://www.erols.com/hosey.
 
</step></directions></recipe></recipeml>
