<?xml version="1.0" encoding="UTF-8"?>

<recipeml version="0.5">
  <recipe>
    <head>
      <title>Artichoke Hearts Toscana</title>
      <categories>
        <cat>Vegetables</cat>
        <cat>Low-fat/low</cat></categories>
      <yield>4</yield></head>
    <ingredients>
      <ing>
        <amt>
          <qty>2</qty>
          <unit>tablespoons</unit></amt>
        <item>Oil; from dried tomatoes</item></ing>
      <ing>
        <amt>
          <qty>2</qty>
          <unit>cups</unit></amt>
        <item>Garlic; minced or pressed</item></ing>
      <ing>
        <amt>
          <qty>1</qty>
          <unit>large</unit></amt>
        <item>Onion; chopped</item></ing>
      <ing>
        <amt>
          <qty>1</qty>
          <unit>pound</unit></amt>
        <item>Mushrooms; sliced</item></ing>
      <ing>
        <amt>
          <qty>2</qty>
          <unit>ounces</unit></amt>
        <item>Prosciutto; sliced, chopped</item></ing>
      <ing>
        <amt>
          <qty>1/2</qty>
          <unit>teaspoons</unit></amt>
        <item>Dried sage</item></ing>
      <ing>
        <amt>
          <qty>1/4</qty>
          <unit>cups</unit></amt>
        <item>Sun-dried tomatoes, oil-packed; drained and chopped</item></ing>
      <ing>
        <amt>
          <qty>3/4</qty>
          <unit>cups</unit></amt>
        <item>Dry white wine</item></ing>
      <ing>
        <amt>
          <qty>1/2</qty>
          <unit>cups</unit></amt>
        <item>Water</item></ing>
      <ing>
        <amt>
          <qty>15</qty>
          <unit/></amt>
        <item>Artichoke hearts</item></ing>
      <ing>
        <amt>
          <qty/>
          <unit/></amt>
        <item>Salt and pepper</item></ing></ingredients>
    <directions>
      <step>  	In a 10- to 12-inch frying pan over medium-high heat, combine oil, garlic,
  onion, mushrooms and prosciutto.  Cook, stirring occasionally, until onion
  is golden and mushrooms are brown and glazed, 15 to 20 minutes. Mix in
  sage, tomatoes, wine, water and artichokes; bring to a boil. Simmer,
  covered, until artichokes are tender when pierced, about 45 minutes; stir
  occasionally.
  
  Season to taste with salt and pepper.  makes 4 to 6 servings.
  Recipe By     : Sunset Magazine
  
  Posted to MC-Recipe Digest V1 #237
  
  Date: Wed, 09 Oct 1996 08:35:24 -0400
  
  From: Eileen &amp; Bob Holze &lt;beck4@asan.com&gt;
 
</step></directions></recipe></recipeml>
