<?xml version="1.0" encoding="UTF-8"?>

<recipeml version="0.5">
  <recipe>
    <head>
      <title>Artichoke Heart Dip</title>
      <categories>
        <cat>Appetizers</cat>
        <cat>Vegetables</cat></categories>
      <yield>1</yield></head>
    <ingredients>
      <ing>
        <amt>
          <qty>1</qty>
          <unit>cup</unit></amt>
        <item>Mayonnaise or sour cream</item></ing>
      <ing>
        <amt>
          <qty>1</qty>
          <unit>cup</unit></amt>
        <item>Parmesan cheese; grated</item></ing>
      <ing>
        <amt>
          <qty>2</qty>
          <unit>cans</unit></amt>
        <item>Artichoke hearts; water-packed</item></ing>
      <ing>
        <amt>
          <qty>1</qty>
          <unit>dash</unit></amt>
        <item>Garlic powder</item></ing>
      <ing>
        <amt>
          <qty>1</qty>
          <unit>dash</unit></amt>
        <item>Paprika</item></ing></ingredients>
    <directions>
      <step>  Cut artichoke hearts into small pieces.  Mix all ingredients together
  except paprika.  Put into baking dish and sprinkle paprika on top for
  color.  Bake at 350 degrees F. for 20 minutes or until bubbly. Serve with
  crackers or baguette thins.  People usually rave about this one!
  
                              from the rec.food.recipes archives Submitted By
  LISE WARING &lt;HOBBIT@MAIL.UTEXAS.EDU&gt; On TUE, 19 DEC 1995 093922 GMT
  
  From Gemini's MASSIVE MealMaster collection at www.synapse.com/~gemini
 
</step></directions></recipe></recipeml>
