<?xml version="1.0" encoding="UTF-8"?>

<recipeml version="0.5">
  <recipe>
    <head>
      <title>Artichokes with Herbs</title>
      <categories>
        <cat>Vegetarian</cat>
        <cat>Vegan</cat>
        <cat>Side dish</cat></categories>
      <yield>4</yield></head>
    <ingredients>
      <ing>
        <amt>
          <qty>2</qty>
          <unit>large</unit></amt>
        <item>Artichokes (or 4 medium)</item></ing>
      <ing>
        <amt>
          <qty>1</qty>
          <unit>small</unit></amt>
        <item>Carrot</item></ing>
      <ing>
        <amt>
          <qty>1</qty>
          <unit>small</unit></amt>
        <item>Onion</item></ing>
      <ing>
        <amt>
          <qty>1</qty>
          <unit>tablespoon</unit></amt>
        <item>Olive oil</item></ing>
      <ing>
        <amt>
          <qty>2</qty>
          <unit>tablespoons</unit></amt>
        <item>Parsley; chopped</item></ing>
      <ing>
        <amt>
          <qty>1/2</qty>
          <unit>teaspoons</unit></amt>
        <item>Basil leaves, dried</item></ing>
      <ing>
        <amt>
          <qty>1/2</qty>
          <unit>teaspoons</unit></amt>
        <item>Oregano</item></ing>
      <ing>
        <amt>
          <qty>1/2</qty>
          <unit>teaspoons</unit></amt>
        <item>Dill weed</item></ing>
      <ing>
        <amt>
          <qty>1</qty>
          <unit/></amt>
        <item>Garlic clove</item></ing>
      <ing>
        <amt>
          <qty/>
          <unit/></amt>
        <item>Salt</item></ing>
      <ing>
        <amt>
          <qty>1</qty>
          <unit>cup</unit></amt>
        <item>Wine, dry white</item></ing>
      <ing>
        <amt>
          <qty/>
          <unit/></amt>
        <item>Pepper to taste</item></ing></ingredients>
    <directions>
      <step>   With scissors or sharp knife, cut 1 1/2 inches off top of each artichoke;
  cut off stems. Pull leaves open at top; remove center leaves and scrape out
  choke with spoon. In blender or food processor, combine carrot, onion,
  parsley, dried herbs, garlic and salt and black pepper to taste; process
  until finely chopped. Stuff herb mixture between leaves of artichokes.
  Place cooking rack, wine and 1/2 cup water in 4- or 6-qt pressure cooker.
  Place artichokes on rack; close cover securely. Place pressure regulator on
  vent pipe. Cook 20 minutes at 15 pounds pressure, with pressure regulator
  rocking slowly. Cool cooker at once. Remove artichokes and rack; keep warm.
  Boil liquid left in pressure cooker about 5 minutes or until reduced to 1/4
  cup; stir in red pepper. To serve, spoon cookng liquid over artichokes.
  
   Per serving: About 115 cal; 2.5 g prot; 11 g carb; 3.5 g fat (27% of
  calories from fat); 0 mg chol; 67 mg sod
  
   From the files of DEEANNE
  
  From Gemini's MASSIVE MealMaster collection at www.synapse.com/~gemini
 
</step></directions></recipe></recipeml>
