<?xml version="1.0" encoding="UTF-8"?>

<recipeml version="0.5">
  <recipe>
    <head>
      <title>Artichokes with Flair</title>
      <categories>
        <cat>Casserole</cat></categories>
      <yield>4</yield></head>
    <ingredients>
      <ing>
        <amt>
          <qty>1</qty>
          <unit>can</unit></amt>
        <item>(8.5-oz) artichoke hearts; drained</item></ing>
      <ing>
        <amt>
          <qty>2</qty>
          <unit>packages</unit></amt>
        <item>(10-oz) frozen chopped spinach; cooked and drained</item></ing>
      <ing>
        <amt>
          <qty>1</qty>
          <unit>package</unit></amt>
        <item>(8-oz) cream cheese</item></ing>
      <ing>
        <amt>
          <qty>1</qty>
          <unit/></amt>
        <item>Stick butter</item></ing>
      <ing>
        <amt>
          <qty>1/2</qty>
          <unit>pounds</unit></amt>
        <item>Bacon; cooked and crumbled</item></ing>
      <ing>
        <amt>
          <qty/>
          <unit/></amt>
        <item>Parmesan cheese</item></ing></ingredients>
    <directions>
      <step>  Quarter drained artichoke hearts and spread over bottom of an 8x8
  casserole. Spoon spinach over artichokes. Melt butter and cream cheese in a
  small saucepan. (Cream cheese will be lumpy.) Pour and spread over spinach.
  Sprinkle crumbled bacon over cream cheese mixture. Sprinkle well with
  Parmesan cheese. Bake at 350ø for 30 minutes or until bubbly. Yield: 4 to 6
  servings.
  
  ROBYN DICKEY
  
  From &lt;Traditions: A Taste of the Good Life&gt;, by the Little Rock (AR) Junior
  League.  Downloaded from Glen's MM Recipe Archive,
  http://www.erols.com/hosey.
 
</step></directions></recipe></recipeml>
