<?xml version="1.0" encoding="UTF-8"?>

<recipeml version="0.5">
  <recipe>
    <head>
      <title>B &amp; B Relish</title>
      <categories>
        <cat>Pickles</cat></categories>
      <yield>16</yield></head>
    <ingredients>
      <ing>
        <amt>
          <qty>13</qty>
          <unit>pounds</unit></amt>
        <item>Green tomatoes; cut in chunks</item></ing>
      <ing>
        <amt>
          <qty>7 1/2</qty>
          <unit>pounds</unit></amt>
        <item>Onions; chopped</item></ing>
      <ing>
        <amt>
          <qty>3 1/4</qty>
          <unit>pounds</unit></amt>
        <item>Green and red bell peppers; chopped</item></ing>
      <ing>
        <amt>
          <qty>6</qty>
          <unit/></amt>
        <item>Hot peppers (optional)</item></ing>
      <ing>
        <amt>
          <qty>2 1/2</qty>
          <unit>tablespoons</unit></amt>
        <item>Salt</item></ing>
      <ing>
        <amt>
          <qty>6</qty>
          <unit>cups</unit></amt>
        <item>Sugar</item></ing>
      <ing>
        <amt>
          <qty>1 1/4</qty>
          <unit>teaspoons</unit></amt>
        <item>Black pepper (optional)</item></ing>
      <ing>
        <amt>
          <qty>2</qty>
          <unit>teaspoons</unit></amt>
        <item>Mixed pickling spice; tied in a cheesecloth bag</item></ing>
      <ing>
        <amt>
          <qty>7</qty>
          <unit>cups</unit></amt>
        <item>Vinegar</item></ing></ingredients>
    <directions>
      <step>  Put all ingredients in a large kettle. Stir well. Boil 15 minutes. Remove
  spice bag. Put in hot, sterile jars. Seal. Makes 16 pints.
  
  NOTE:  For mild relish, use only 1 hot pepper and omit the black pepper.
  
  NOTE:  Get a book on canning if unsure about sealing and processing.
  
  MRS GLEN SPURLOCK (MARY)
  
  HOLLY GROVE, AR
  
  From the book &lt;High Cotton Cookin'&gt;, Marvell Academy Mothers Assn, Marvell,
  AR  72366, ISBN 0-918544-14-9, downloaded from Glen's MM Recipe Archive,
  http://www.erols.com/hosey.
 
</step></directions></recipe></recipeml>
