<?xml version="1.0" encoding="UTF-8"?>

<recipeml version="0.5">
  <recipe>
    <head>
      <title>B and B Stuffing</title>
      <categories>
        <cat>Holidays</cat>
        <cat>Stuffings</cat></categories>
      <yield>10</yield></head>
    <ingredients>
      <ing>
        <amt>
          <qty>1</qty>
          <unit>cup</unit></amt>
        <item>Raisins; dark</item></ing>
      <ing>
        <amt>
          <qty>1/2</qty>
          <unit>cups</unit></amt>
        <item>Port wine</item></ing>
      <ing>
        <amt>
          <qty>1/2</qty>
          <unit>cups</unit></amt>
        <item>Liquer; B&amp;B</item></ing>
      <ing>
        <amt>
          <qty>1</qty>
          <unit>pound</unit></amt>
        <item>Sausage meat; sweet Italian</item></ing>
      <ing>
        <amt>
          <qty>2</qty>
          <unit>cups</unit></amt>
        <item>Onion; diced</item></ing>
      <ing>
        <amt>
          <qty>1</qty>
          <unit>cup</unit></amt>
        <item>Celery; hearts, diced</item></ing>
      <ing>
        <amt>
          <qty>2</qty>
          <unit>cups</unit></amt>
        <item>Sweet potato; peeled and chopped</item></ing>
      <ing>
        <amt>
          <qty>2</qty>
          <unit>tablespoons</unit></amt>
        <item>Sage; fresh &amp; chooped</item></ing>
      <ing>
        <amt>
          <qty>2</qty>
          <unit>tablespoons</unit></amt>
        <item>Rosemary sprigs; (chopped)</item></ing>
      <ing>
        <amt>
          <qty>2</qty>
          <unit>tablespoons</unit></amt>
        <item>Thyme; fresh &amp; chooped</item></ing>
      <ing>
        <amt>
          <qty>8</qty>
          <unit>cups</unit></amt>
        <item>Cornbread; (crumbled)</item></ing>
      <ing>
        <amt>
          <qty>1</qty>
          <unit>cup</unit></amt>
        <item>Apple; diced small</item></ing>
      <ing>
        <amt>
          <qty>1</qty>
          <unit>cup</unit></amt>
        <item>Parsley</item></ing>
      <ing>
        <amt>
          <qty>1/2</qty>
          <unit>cups</unit></amt>
        <item>Chestnuts; roasted, chopped</item></ing>
      <ing>
        <amt>
          <qty/>
          <unit/></amt>
        <item>Salt and pepper; to taste</item></ing>
      <ing>
        <amt>
          <qty>3/4</qty>
          <unit>cups</unit></amt>
        <item>Low fat milk</item></ing>
      <ing>
        <amt>
          <qty>3</qty>
          <unit>cans</unit></amt>
        <item>Chicken stock; defatted</item></ing></ingredients>
    <directions>
      <step>  Preheat oven to 375 degrees.
  
  Soak the raisins in the Port and B&amp;B for at least 2 hours, preferably
  overnight. In a large pan over high heat, sautee the sausage (or ground
  turkey) for two minutes drain all excess fat. Add the onions and sweat them
  for two minutes. Add the celery, sweet potatoes and all of the fresh herbs,
  sautee for two to three minutes. Transfer into a large glass bowl. Add all
  of the remaining ingredients.
  
  Spray a baking pan or dish (approx. 15" x 10" x 2") with a low-fat spray.
  Place the stuffing in the baking pan, cover with aluminum foil and bake for
  45 minutes. Uncover and bake for 10 more minutes or until top is golden
  brown.
  
  NOTES : Note: Can substitute ground turkey breast for sausage if desired to
  make more lowfat dish.
  
  &lt;http://www.chefjeanpierre.com/order.html&gt;
  
  Chef Jean Pierre's Cooking School c/o The Left Bank Restaurant Web Site
      214    S.E. 6th Ave., Ft. Lauderdale, FL 33301 (954)462-5376
  
  Recipe by: Chef Jean Pierre
  
  Posted to recipelu-digest Volume 01 Number 166 by "Laura J.Bettingen"
  &lt;labette@sprynet.com&gt; on Oct 26, 1997
 
</step></directions></recipe></recipeml>
