<?xml version="1.0" encoding="UTF-8"?>

<recipeml version="0.5">
  <recipe>
    <head>
      <title>B/m-Eggnog Bread</title>
      <categories>
        <cat>Breadmaker</cat>
        <cat>Holiday</cat></categories>
      <yield>16</yield></head>
    <ingredients>
      <ing>
        <amt>
          <qty>2</qty>
          <unit>tablespoons</unit></amt>
        <item>Sugar</item></ing>
      <ing>
        <amt>
          <qty>1</qty>
          <unit>package</unit></amt>
        <item>Active dry yeast</item></ing>
      <ing>
        <amt>
          <qty>2 1/2</qty>
          <unit>cups</unit></amt>
        <item>All-purpose flour</item></ing>
      <ing>
        <amt>
          <qty>2</qty>
          <unit>tablespoons</unit></amt>
        <item>Butter</item></ing>
      <ing>
        <amt>
          <qty>1</qty>
          <unit>teaspoon</unit></amt>
        <item>Salt</item></ing>
      <ing>
        <amt>
          <qty>1/4</qty>
          <unit>teaspoons</unit></amt>
        <item>Nutmeg</item></ing>
      <ing>
        <amt>
          <qty>3/4</qty>
          <unit>cups</unit></amt>
        <item>Eggnog; at room temp.*</item></ing></ingredients>
    <directions>
      <step>  I adapted a recipe from my food processor bread book for my b/m for the
  eggnog bread which you read about. Here is what I did; you may need to make
  adaptations for whatever type of b/m you have. Play with it, if it looks
  too sticky, add flour (1 tbsp. at a time.) If too dry, add liquid, also one
  tbsp. at a time. Then let her rip!!!!!!!!
    * Maybe as little as 1/2 c; (I took the chill off of it in
    the microwave) Place ingred. in the B/M according to your manufacturers'
  directions. Then adjust by adding flour or liquid as needed This made a
  real moist, light lg. loaf. It rose to the top of my breadmaker. I used the
  SWEET BREAD cycle and turned the lightness or darkness button slightly
  lighter than the center mark (I have a Welbilt). Let me know your results,
  we sure enjoyed it! FROM: LISA CRAWLEY (TSPN00B)
  
  Posted to MM-Recipes Digest V4 #132 by "dtennant@spectra.net"
  &lt;dtennant@spectra.net&gt; on May 12, 1997
 
</step></directions></recipe></recipeml>
