<?xml version="1.0" encoding="UTF-8"?>

<recipeml version="0.5">
  <recipe>
    <head>
      <title>B/m Herb Rolls</title>
      <categories>
        <cat>Breadmaker</cat>
        <cat>Rolls</cat></categories>
      <yield>12</yield></head>
    <ingredients>
      <ing>
        <amt>
          <qty>4</qty>
          <unit>tablespoons</unit></amt>
        <item>Butter or margarine</item></ing>
      <ing>
        <amt>
          <qty>3</qty>
          <unit>tablespoons</unit></amt>
        <item>Finely chopped onion</item></ing>
      <ing>
        <amt>
          <qty>1</qty>
          <unit/></amt>
        <item>Clove garlic; lg minced</item></ing>
      <ing>
        <amt>
          <qty>3/4</qty>
          <unit>teaspoons</unit></amt>
        <item>Dried oregano</item></ing>
      <ing>
        <amt>
          <qty>3/4</qty>
          <unit>teaspoons</unit></amt>
        <item>Dried basil</item></ing>
      <ing>
        <amt>
          <qty>3/4</qty>
          <unit>teaspoons</unit></amt>
        <item>Dried tarragon</item></ing>
      <ing>
        <amt>
          <qty>1</qty>
          <unit>cup</unit></amt>
        <item>Water</item></ing>
      <ing>
        <amt>
          <qty>3</qty>
          <unit>cups</unit></amt>
        <item>All-purpose flour</item></ing>
      <ing>
        <amt>
          <qty>1</qty>
          <unit>teaspoon</unit></amt>
        <item>Salt</item></ing>
      <ing>
        <amt>
          <qty>1 1/2</qty>
          <unit>teaspoons</unit></amt>
        <item>Sugar</item></ing>
      <ing>
        <amt>
          <qty>1 1/2</qty>
          <unit>teaspoons</unit></amt>
        <item>Red Star yeast</item></ing></ingredients>
    <directions>
      <step>  In a small skillet, melt the butter.  Add the onion,
  garlic, and herbs. Saute over medium heat until the
  onion is soft, about 5 min. Cool to room temperature.
  Place all ingredients in the bread pan (including the
  cooled onion mixture), select Dough setting, press
  Start. When dough has risen long enough, machine will
  beep. Turn off bread machine, remove bread pan, and
  turn out dough onto a floured countertop or cutting
  board. Gently roll and stretch dough into a 24-inch
  rope. For 1 1/2 lb: With a sharp knife, divide dough
  into 18 pieces. Roll into balls and place in a greased
  muffin tin(s), 9" x 13" pan or on a greased cookie
  sheet. Cover and let rise in a warm place for 30 - 45
  min until doubled. Bake in 400~ oven 12- 15 min until
  golden. Serve warm.
  
  From Gemini's MASSIVE MealMaster collection at www.synapse.com/~gemini
 
</step></directions></recipe></recipeml>
