<?xml version="1.0" encoding="UTF-8"?>

<recipeml version="0.5">
  <recipe>
    <head>
      <title>Be Mine Strawberry Shortcake</title>
      <categories>
        <cat>None</cat></categories>
      <yield>16</yield></head>
    <ingredients>
      <ing>
        <amt>
          <qty>2 2/3</qty>
          <unit>cups</unit></amt>
        <item>All-purpose flour</item></ing>
      <ing>
        <amt>
          <qty>2</qty>
          <unit>teaspoons</unit></amt>
        <item>DAVIS Baking Powder</item></ing>
      <ing>
        <amt>
          <qty>1 1/4</qty>
          <unit>cups</unit></amt>
        <item>Sugar; divided</item></ing>
      <ing>
        <amt>
          <qty>1/2</qty>
          <unit>cups</unit></amt>
        <item>FLEISCHMANN'S Margarine</item></ing>
      <ing>
        <amt>
          <qty>1</qty>
          <unit>teaspoon</unit></amt>
        <item>Vanilla extract</item></ing>
      <ing>
        <amt>
          <qty>1/2</qty>
          <unit>cups</unit></amt>
        <item>EGG BEATERS Real Egg Product</item></ing>
      <ing>
        <amt>
          <qty>3/4</qty>
          <unit>cups</unit></amt>
        <item>Skim milk</item></ing>
      <ing>
        <amt>
          <qty>3</qty>
          <unit>pints</unit></amt>
        <item>Strawberries; divided</item></ing>
      <ing>
        <amt>
          <qty>1</qty>
          <unit/></amt>
        <item>Container; (8-ounce) light prepared whipped topping</item></ing></ingredients>
    <directions>
      <step>  Combine flour and baking powder set aside. Reserve 2 tablespoons sugar. In
  large bowl, with electric mixer at medium speed, beat sugar, margarine and
  vanilla until creamy. Add egg product; beat 1 minute. Alternately add flour
  mixture and milk, blending well after each addition. Divide batter between
  a greased 8-inch round cake pan and a greased 8 x 8 x 2-inch pan. Bake at
  350°F for 20 to 25 minutes or until toothpick inserted comes out clean.
  Cool in pans on wire racks 10 minutes. Remove from pans; cool completely on
  wire racks. In medium bowl, mash 2 pints hulled strawberries and reserved 2
  tablespoons of sugar; set aside. Hull and halve remaining strawberries.
  Place square cake on large plate. Cut round layer in half crosswise; place
  cut edge of each half against 2 adjacent sides of square cake to form a
  heart. Slice round and square layers in half horizontally to make 2 layers.
  Spread top of bottom layer with mashed strawberries; replace top layer, cut
  side down. Frost top with whipped topping garnish with strawberry halves.
  Nutrition Information per serving: 240 calories, 110 mg sodium, 0 mg
  cholesterol, 6 gm total fat (238 calories from fat), 1 gm saturated fat, 2
  gm dietary fiber SOURCE: Nabisco
  
  Posted to recipelu-digest by QueenBerta@aol.com on Feb 8, 1998
 
</step></directions></recipe></recipeml>
