<?xml version="1.0" encoding="UTF-8"?>

<recipeml version="0.5">
  <recipe>
    <head>
      <title>Bee Chee</title>
      <categories>
        <cat>Bacon</cat>
        <cat>Cabbage</cat></categories>
      <yield>4</yield></head>
    <ingredients>
      <ing>
        <amt>
          <qty>1</qty>
          <unit>pound</unit></amt>
        <item>Bacon; cut up</item></ing>
      <ing>
        <amt>
          <qty>2</qty>
          <unit>large</unit></amt>
        <item>Onions; chopped</item></ing>
      <ing>
        <amt>
          <qty>1</qty>
          <unit/></amt>
        <item>Small head cabbage; chopped (4 c.)</item></ing>
      <ing>
        <amt>
          <qty>3</qty>
          <unit>tablespoons</unit></amt>
        <item>Water</item></ing>
      <ing>
        <amt>
          <qty>2</qty>
          <unit>tablespoons</unit></amt>
        <item>Soy sauce</item></ing>
      <ing>
        <amt>
          <qty>2</qty>
          <unit>teaspoons</unit></amt>
        <item>Cornstarch</item></ing>
      <ing>
        <amt>
          <qty>1</qty>
          <unit>teaspoon</unit></amt>
        <item>Garlic powder</item></ing>
      <ing>
        <amt>
          <qty>1/2</qty>
          <unit>teaspoons</unit></amt>
        <item>Sugar</item></ing>
      <ing>
        <amt>
          <qty>1/2</qty>
          <unit>teaspoons</unit></amt>
        <item>Ginger</item></ing>
      <ing>
        <amt>
          <qty>1/2</qty>
          <unit>teaspoons</unit></amt>
        <item>Black pepper 1/2 tsp crushed red pepper flakes</item></ing>
      <ing>
        <amt>
          <qty>2</qty>
          <unit>tablespoons</unit></amt>
        <item>Toasted sesame seeds</item></ing></ingredients>
    <directions>
      <step>  Cook bacon in large skillet until not quite crisp. Reserve 2 T. bacon fat
  in pan. Drain and reserve bacon. Add onions and cabbage to fat in pan.
  Stir-fry for 3 minutes. Add bacon and cook for 1 minute more. Combine
  water, soy sauce, cornstarch, garlic powder, sugar, ginger, black pepper,
  crushed red pepper and sesame seeds. Pour over cabbage. Heat well.
  
  Recipe By     : Source unknown/bobbi744@sojourn.com
  
  Posted to MC-Recipe Digest V1 #233
  
  Date: Tue, 01 Oct 1996 11:03:47 -0400
  
  From: Robertal Banghart &lt;bobbi744@sojourn.com&gt;
 
</step></directions></recipe></recipeml>
