<?xml version="1.0" encoding="UTF-8"?>

<recipeml version="0.5">
  <recipe>
    <head>
      <title>Bee Sting Cake</title>
      <categories>
        <cat>New</cat>
        <cat>Text</cat>
        <cat>Import</cat></categories>
      <yield>1</yield></head>
    <ingredients>
      <ing-div>
        <title>DOUGH</title>
        <ing>
          <amt>
            <qty>3/4</qty>
            <unit>cups</unit></amt>
          <item>Cottage cheese,; mashed through sieve</item></ing>
        <ing>
          <amt>
            <qty>6</qty>
            <unit>tablespoons</unit></amt>
          <item>Milk</item></ing>
        <ing>
          <amt>
            <qty>6</qty>
            <unit>tablespoons</unit></amt>
          <item>Salad oil</item></ing>
        <ing>
          <amt>
            <qty>1</qty>
            <unit/></amt>
          <item>Dash of salt</item></ing>
        <ing>
          <amt>
            <qty>2 1/3</qty>
            <unit>cups</unit></amt>
          <item>Flour</item></ing>
        <ing>
          <amt>
            <qty>4</qty>
            <unit>teaspoons</unit></amt>
          <item>Baking powder</item></ing>
        <ing>
          <amt>
            <qty>1</qty>
            <unit>teaspoon</unit></amt>
          <item>Vanilla</item></ing></ing-div>
      <ing-div>
        <title>FILLING</title>
        <ing>
          <amt>
            <qty>1/3</qty>
            <unit>cups</unit></amt>
          <item>Butter</item></ing>
        <ing>
          <amt>
            <qty>3/4</qty>
            <unit>cups</unit></amt>
          <item>Sugar</item></ing>
        <ing>
          <amt>
            <qty>2</qty>
            <unit>tablespoons</unit></amt>
          <item>Milk</item></ing>
        <ing>
          <amt>
            <qty>1</qty>
            <unit>teaspoon</unit></amt>
          <item>Vanilla</item></ing>
        <ing>
          <amt>
            <qty>8</qty>
            <unit>ounces</unit></amt>
          <item>Finely chopped blanched almonds</item></ing></ing-div>
      <ing-div>
        <title>STREUSEL TOPPING</title>
        <ing>
          <amt>
            <qty>1</qty>
            <unit>cup</unit></amt>
          <item>Flour</item></ing>
        <ing>
          <amt>
            <qty>1/2</qty>
            <unit/></amt>
          <item>Tesapoon cinnamon</item></ing>
        <ing>
          <amt>
            <qty>1/2</qty>
            <unit>cups</unit></amt>
          <item>Sugar</item></ing>
        <ing>
          <amt>
            <qty>1/2</qty>
            <unit>cups</unit></amt>
          <item>Butter</item></ing></ing-div></ingredients>
    <directions>
      <step>  Preheat oven to 375. Mix cottage cheese, milk, salad oil, salt, flour,
  baking powder, and vanilla together. Blend well. Spray a 10 by 15 inch
  jelly roll pan with non-stick cooking spray. Roll dough mixture out and
  spread on pan and set aside. Filling: combine butter, sugar, milk, vanilla,
  and almonds together in saucepan. Cook until thick. Spread mixture evenly
  over dough. Topping: mix together flour, cinnamon, sugar, and butter and
  blend well. Sprinkle over all and bake for 20-25 minutes.
  Recipe By     :THE DESSERT SHOW SHOW# DS3009
  
  Posted to MC-Recipe Digest V1 #259
  
  Date: Sat, 26 Oct 1996 00:12:11 -0400
  
  From: Meg Antczak &lt;meginny@node1.frontiernet.net&gt;
 
</step></directions></recipe></recipeml>
