<?xml version="1.0" encoding="UTF-8"?>

<recipeml version="0.5">
  <recipe>
    <head>
      <title>Beef Gravy Mix</title>
      <categories>
        <cat>None</cat></categories>
      <yield>1</yield></head>
    <ingredients>
      <ing-div>
        <title/>
        <ing>
          <amt>
            <qty>1 1/3</qty>
            <unit>cups</unit></amt>
          <item>Instant nonfat milk powder</item></ing>
        <ing>
          <amt>
            <qty>3/4</qty>
            <unit>cups</unit></amt>
          <item>Instant flour</item></ing>
        <ing>
          <amt>
            <qty>3</qty>
            <unit>tablespoons</unit></amt>
          <item>Instant beef bouillon granules</item></ing>
        <ing>
          <amt>
            <qty>1/8</qty>
            <unit>teaspoons</unit></amt>
          <item>Ground thyme; (I don't like this and usually leave it out)</item></ing>
        <ing>
          <amt>
            <qty>1/4</qty>
            <unit>teaspoons</unit></amt>
          <item>Onion powder</item></ing>
        <ing>
          <amt>
            <qty>1/8</qty>
            <unit>teaspoons</unit></amt>
          <item>Ground sage</item></ing>
        <ing>
          <amt>
            <qty>1/2</qty>
            <unit>cups</unit></amt>
          <item>Butter or margarine</item></ing>
        <ing>
          <amt>
            <qty>3</qty>
            <unit>teaspoons</unit></amt>
          <item>Brown sauce for gravy</item></ing></ing-div>
      <ing-div>
        <title>TO MAKE BEEF GRAVY</title>
        <ing>
          <amt>
            <qty>1</qty>
            <unit>cup</unit></amt>
          <item>Cold water</item></ing>
        <ing>
          <amt>
            <qty>1/2</qty>
            <unit>cups</unit></amt>
          <item>Beef gravy mix</item></ing></ing-div></ingredients>
    <directions>
      <step>  Makes about 2 2/3 cups
  
  Combine milk powder, flour, bouillon granules, thyme, onion powder, and
  sage. Stir with a wire whisk to blend. Use a pastry blender or 2 knives to
  cut in butter or margarine until evenly distributed. Drizzle brown sauce
  for gravy over mixture. Stir with wire whisk until blended. Spoon into a 3
  cup container with atight fitting lid. Label withh date and contents. Sotre
  in refrigerator. Use within 4 to 6 weeks.
  
  TO MAKE BEEF GRAVY: Pour water into a small saucepan. Use a whisk to stir
  beef gravy mix into water. Stir constantly over medium heat until gravy is
  smooth and slightly thiickened, 2 to 3 minutes. Makes about 1 cup.
  
  Posted to recipelu-digest Volume 01 Number 539 by Midian125
  &lt;Midian125@aol.com&gt; on Jan 16, 1998
 
</step></directions></recipe></recipeml>
