<?xml version="1.0" encoding="UTF-8"?>

<recipeml version="0.5">
  <recipe>
    <head>
      <title>Beef in Walnut Sauce (Lagado)</title>
      <categories>
        <cat>Crockpot</cat>
        <cat>Beef</cat></categories>
      <yield>12</yield></head>
    <ingredients>
      <ing>
        <amt>
          <qty>4</qty>
          <unit>pounds</unit></amt>
        <item>Rump roast, cubed</item></ing>
      <ing>
        <amt>
          <qty/>
          <unit/></amt>
        <item>Seasoned flour</item></ing>
      <ing>
        <amt>
          <qty/>
          <unit/></amt>
        <item>Olive oil</item></ing>
      <ing>
        <amt>
          <qty>1/2</qty>
          <unit>cups</unit></amt>
        <item>Water</item></ing>
      <ing>
        <amt>
          <qty>1</qty>
          <unit>can</unit></amt>
        <item>(8-oz) tomato sauce</item></ing>
      <ing>
        <amt>
          <qty>4</qty>
          <unit/></amt>
        <item>Garlic buds, minced (4 to 6)</item></ing>
      <ing>
        <amt>
          <qty>1/3</qty>
          <unit>cups</unit></amt>
        <item>Cider vinegar</item></ing>
      <ing>
        <amt>
          <qty>1</qty>
          <unit/></amt>
        <item>Whole cinnamon stick</item></ing>
      <ing>
        <amt>
          <qty>8</qty>
          <unit/></amt>
        <item>Whole cloves</item></ing>
      <ing>
        <amt>
          <qty>8</qty>
          <unit/></amt>
        <item>Allspice</item></ing>
      <ing>
        <amt>
          <qty>1</qty>
          <unit>cup</unit></amt>
        <item>Ground walnuts</item></ing>
      <ing>
        <amt>
          <qty>1</qty>
          <unit>tablespoon</unit></amt>
        <item>Lemon juice</item></ing>
      <ing>
        <amt>
          <qty/>
          <unit/></amt>
        <item>Sliced Sourdough French</item></ing>
      <ing>
        <amt>
          <qty/>
          <unit/></amt>
        <item>Bread, toasted</item></ing></ingredients>
    <directions>
      <step>  Dredge meat in seasoned flour; Shake off excess; Heat oil in large frying
  pan; Brown meat well. Transfer to crockery pot. Pour water into frying pan
  to loosen drippings. Add to crockery pot with tomato sauce, garlic and
  vinegar. Plae cinnamon stick, cloves, and allspice in a tea ball or
  cheesecloth. Add to pot. Cover. Cook on LOW 8 to 10 hours, or until very
  tender. If necessary, cook down pan juices. Add walnuts and lemon juice.
  Heat to serving temperature. Serve over buttered toast. Makes 12 servings.
  Extra Special Crockery Pot Recipes
  Posted to TNT - Prodigy's Recipe Exchange Newsletter  by RRider3393@aol.com
  on Jul 10, 1997
 
</step></directions></recipe></recipeml>
