<?xml version="1.0" encoding="UTF-8"?>

<recipeml version="0.5">
  <recipe>
    <head>
      <title>Beef Jerky #2 (My Favorite)</title>
      <categories>
        <cat>Beef</cat></categories>
      <yield>1</yield></head>
    <ingredients>
      <ing>
        <amt>
          <qty>1/2</qty>
          <unit>teaspoons</unit></amt>
        <item>Pepper (MORE FOR HOT)</item></ing>
      <ing>
        <amt>
          <qty>1/2</qty>
          <unit>teaspoons</unit></amt>
        <item>Garlic Powder</item></ing>
      <ing>
        <amt>
          <qty>1/2</qty>
          <unit>teaspoons</unit></amt>
        <item>Onion Salt</item></ing>
      <ing>
        <amt>
          <qty>1</qty>
          <unit>pound</unit></amt>
        <item>Beef Roast</item></ing>
      <ing>
        <amt>
          <qty>1/2</qty>
          <unit>cups</unit></amt>
        <item>Soy sauce</item></ing>
      <ing>
        <amt>
          <qty>1/2</qty>
          <unit>teaspoons</unit></amt>
        <item>Garlic Salt</item></ing>
      <ing>
        <amt>
          <qty>1/2</qty>
          <unit>teaspoons</unit></amt>
        <item>Lemon Pepper</item></ing></ingredients>
    <directions>
      <step>  Marinate 1 hour or overnight.  Bake in oven 150 to 170, overnight for 10 -
  12 hours.  Leave Oven door open to allow moisture to escape. Check often
  for proper level of dryness.
  
  If you have a smoker, jerky may be dried in smoker.  Keep the heat low and
  again check dryness of jerky often.
                                        Date: 05/23/96
  Posted to MM-Recipes Digest V3 #291
  
  Date: Wed, 23 Oct 1996 23:54:12 -0400
  
  From: BobbieB1@aol.com
 
</step></directions></recipe></recipeml>
