<?xml version="1.0" encoding="UTF-8"?>

<recipeml version="0.5">
  <recipe>
    <head>
      <title>Beef Flank Steak with Mushroom Stuffing</title>
      <categories>
        <cat>Beef</cat></categories>
      <yield>6</yield></head>
    <ingredients>
      <ing-div>
        <title/>
        <ing>
          <amt>
            <qty>1/2</qty>
            <unit>teaspoons</unit></amt>
          <item>Salt</item></ing>
        <ing>
          <amt>
            <qty>1/4</qty>
            <unit>teaspoons</unit></amt>
          <item>White pepper</item></ing>
        <ing>
          <amt>
            <qty>2</qty>
            <unit>pounds</unit></amt>
          <item>Flank steak</item></ing>
        <ing>
          <amt>
            <qty>1</qty>
            <unit>teaspoon</unit></amt>
          <item>Dijon mustard</item></ing></ing-div>
      <ing-div>
        <title>STUFFING</title>
        <ing>
          <amt>
            <qty>2</qty>
            <unit>tablespoons</unit></amt>
          <item>Vegetable oil</item></ing>
        <ing>
          <amt>
            <qty>1</qty>
            <unit>small</unit></amt>
          <item>Onion,chopped</item></ing>
        <ing>
          <amt>
            <qty>1</qty>
            <unit>can</unit></amt>
          <item>(4 oz) mushroom pieces,</item></ing>
        <ing>
          <amt>
            <qty/>
            <unit/></amt>
          <item>Drained, chopped</item></ing>
        <ing>
          <amt>
            <qty>1/4</qty>
            <unit>cups</unit></amt>
          <item>Chopped parsley</item></ing>
        <ing>
          <amt>
            <qty>2</qty>
            <unit>tablespoons</unit></amt>
          <item>Chopped chives</item></ing>
        <ing>
          <amt>
            <qty>1</qty>
            <unit>tablespoon</unit></amt>
          <item>Tomato paste</item></ing>
        <ing>
          <amt>
            <qty>1/4</qty>
            <unit>cups</unit></amt>
          <item>Dried bread crumbs</item></ing>
        <ing>
          <amt>
            <qty>1/4</qty>
            <unit>teaspoons</unit></amt>
          <item>Salt</item></ing>
        <ing>
          <amt>
            <qty>1/4</qty>
            <unit>teaspoons</unit></amt>
          <item>Pepper</item></ing>
        <ing>
          <amt>
            <qty>1</qty>
            <unit>teaspoon</unit></amt>
          <item>Paprika</item></ing></ing-div>
      <ing-div>
        <title>GRAVY</title>
        <ing>
          <amt>
            <qty>3</qty>
            <unit/></amt>
          <item>Strips bacon, cubed</item></ing>
        <ing>
          <amt>
            <qty>2</qty>
            <unit>small</unit></amt>
          <item>Onions,finely chopped</item></ing>
        <ing>
          <amt>
            <qty>1</qty>
            <unit>cup</unit></amt>
          <item>Hot beef broth</item></ing>
        <ing>
          <amt>
            <qty>1</qty>
            <unit>teaspoon</unit></amt>
          <item>Dijon mustard</item></ing>
        <ing>
          <amt>
            <qty>2</qty>
            <unit>tablespoons</unit></amt>
          <item>Tomato catsup</item></ing></ing-div></ingredients>
    <directions>
      <step>  Lightly salt and pepper steak on both sides.Spread one side with
  mustard.Prepare stuffing.Heat oil in frying pan.Add onion,cook 3 minutes
  until lightly browned.Add mushrooms;cook 5 minutes.Stir in
  parsley,chives,tomato paste and bread crumbs.Season with salt,pepper and
  paprika. Spread stuffing on mustard side of steak.Roll up jelly roll
  fashion and tie with thread or string. Prepare gravy.Cook bacon in Dutch
  oven or heavy casserole until partially done.Add meat roll;brown on all
  sides,approximately 10 minutes.Add onions;saute 5 minutes.Pour in beef
  broth;cover Dutch oven.Simmer 1 hour.Remove meat to preheated platter.
  Season pan juices with mustard.Salt and pepper to taste,stir in
  catsup.Serve gravy separately.Yield:6 servings.
  
  From Gemini's MASSIVE MealMaster collection at www.synapse.com/~gemini
 
</step></directions></recipe></recipeml>
